2013-06-15,03:10:26,1gcp5d,2939,UK's 5 biggest banks lose 2.4 million customers in protests against banking scandals,guardian.co.uk,http://www.guardian.co.uk/money/2013/jun/13/big-banks-lose-customers-protest
2013-06-15,13:53:01,1gdvh0,2858,"Syria chemical weapons - no questions asked; At briefing No one, not one person asked if the Obama administration would make public any of its ""proof"" that the Assad regime had used chemical weapons.",blogs.aljazeera.com,http://blogs.aljazeera.com/blog/americas/syria-chemical-weapons-no-questions-asked
2013-06-15,05:42:52,1gd15x,1058,"Here in Brazil, what started, 4 days ago, as a protest over the hike of the public transport fares, turned out as protests over freedom.",blouinnews.com,http://blouinnews.com/60614/story/protests-hit-brazils-biggest-cities
2013-06-15,00:14:22,1gcba2,877,Yahoo Fought the Good Fight Against PRISM But Failed,webpronews.com,http://www.webpronews.com/yahoo-fought-the-good-fight-against-prism-but-failed-report-2013-06
2013-06-15,03:28:39,1gcqlk,767,"Police brutally repress protesters in São Paulo, hitting unarmed people with rubber bullets and tear gas as they chanted ""no more violence"". At least 3 journalists were arrested and many injured.",nytimes.com,http://www.nytimes.com/2013/06/14/world/americas/bus-fare-protests-hit-brazils-two-biggest-cities.html?_r=0
2013-06-15,19:45:12,1ge7q8,735,Russia says any attempt to enforce a no-fly zone over Syria using F-16 fighter jets and Patriot missiles from Jordan would violate international law,news.yahoo.com,http://news.yahoo.com/russia-says-enforcing-syria-no-fly-zone-jordan-100046084.html
2013-06-15,23:11:56,1geelc,509,"20th Century Laws Meet 21st Century Surveillance: Why Metadata Surveillance is a Serious Concern: 'Canada has its own metadata surveillance program. The program was discontinued in 2008 after concerns that it could involve illegal surveillance of Canadians, but was secretly restarted in 2011.'",michaelgeist.ca,http://www.michaelgeist.ca/content/view/6872/125/
2013-06-15,09:52:25,1gdhxc,452,"India's Ministry of External Affairs claimed it had no record of Julian Assange's request for asylum. Two days later, Assange provides the Times of India with the receipt issued by the Indian high commission in London for his letter seeking refuge.",timesofindia.indiatimes.com,http://timesofindia.indiatimes.com/world/uk/Receipt-nails-MEA-claim-on-Julian-Assanges-asylum-plea/articleshow/20596824.cms
2013-06-15,19:47:20,1ge7s1,396,Protesters in Turkey Vow to Continue Fight,nytimes.com,http://www.nytimes.com/2013/06/16/world/europe/protesters-in-turkey.html?_r=0
2013-06-15,23:04:30,1geeal,323,Google has revealed top-secret plans to send balloons to the edge of space with the lofty aim of bringing Internet to the two-thirds of the global population currently without web access,news.com.au,http://www.news.com.au/technology/google-plans-to-use-hot-air-balloons-to-boost-web-access/story-e6frfro0-1226664455053
2013-06-15,03:40:22,1gcrjc,315,Erdogan claims Jewish investors behind protests,ynetnews.com,"http://www.ynetnews.com/articles/0,7340,L-4392414,00.html"
2013-06-15,04:07:49,1gctuz,246,Bus-Fare Protests Hit Brazil’s Two Biggest Cities - The New York Times,nytimes.com,http://www.nytimes.com/2013/06/14/world/americas/bus-fare-protests-hit-brazils-two-biggest-cities.html?_r=1&
2013-06-15,18:25:31,1ge5nd,208,"France 'cuts off' illegal downloader's web access: As the French government is re-thinking its policy towards Internet users who illegally download copyrighted material, a court has sentenced one offender to 15 days without (some) online services.",france24.com,http://www.france24.com/en/20130614-french-downloader-first-have-web-access-cut-off
2013-06-15,04:27:37,1gcvey,171,UN secretary general says US arming Syria rebels 'would not be helpful' - live,guardian.co.uk,http://www.guardian.co.uk/world/2013/jun/14/us-to-arm-syrian-rebels-live
2013-06-15,00:00:55,1gcabt,164,Multiple sources confirm violence in São Paulo initiated by police.,melhorquebacon.com,http://www.melhorquebacon.com/24-momentos-protesto-sao-paulo/
2013-06-15,17:27:05,1ge40i,146,United Arab Emirates: Law mandating mid-day break for workers in comes into effect today,emirates247.com,http://www.emirates247.com/news/emirates/mid-day-break-for-workers-in-uae-begins-today-2013-06-15-1.510402
2013-06-15,00:11:02,1gcb1l,137,Obama faces grilling from European leaders over spying programs... as Germans and Italians say PRISM would be illegal in EU countries,dailymail.co.uk,http://www.dailymail.co.uk/news/article-2339355/Obama-faces-grilling-European-leaders-spying-programs--Germans-Italians-say-PRISM-illegal-EU-countries.html#ixzz2WCgdsJ00
2013-06-15,22:55:23,1gedxj,134,India to send world's last telegram on July 14.,csmonitor.com,http://www.csmonitor.com/World/Asia-South-Central/2013/0614/India-to-send-world-s-last-telegram.-Stop?cmpid=addthis_twitter#.Ubtm6T2Rpus.twitter
2013-06-15,02:50:36,1gcnlx,128,US Congress prepares to hand Israel an additional $188 million dollars,jpost.com,http://www.jpost.com/Defense/US-House-ctee-triples-missile-funding-to-Israel-316417
2013-06-15,16:53:14,1ge327,109,"ICIJ Releases Offshore Leaks Database Revealing Names Behind Secret Companies, Trusts",icij.org,http://www.icij.org/offshore/icij-releases-offshore-leaks-database-revealing-names-behind-secret-companies-trusts
2013-06-15,19:47:36,1ge7sb,109,Offshore Leaks’ web app lets you sort through gigabytes of leaked financial data,euronews.com,http://www.euronews.com/2013/06/15/offshore-leaks-web-app-lets-netizens-sort-through-leaked-financial-data-/
2013-06-15,05:05:26,1gcya1,78,"Banned pesticides may be having wider environmental impacts: A new report indicates that a class of pesticides linked to the deaths of bees may also be posing a risk to soil, water and grain-eating birds.",bbc.co.uk,http://www.bbc.co.uk/news/science-environment-22893619
2013-06-15,03:48:27,1gcs6j,79,"The International Monetary Fund (IMF) has urged the US to repeal the huge federal budget cuts introduced this year, denouncing them as ""excessively rapid and ill-designed"".",m.bbc.co.uk,http://m.bbc.co.uk/news/business-22911400
2013-06-15,14:35:55,1gdxl3,75,"Early results put Rouhani ahead in Iran poll: Moderate cleric takes commanding lead in country's presidential election based on early results, interior minister says.",aljazeera.com,http://www.aljazeera.com/news/middleeast/2013/06/201361522643286979.html
2013-06-15,00:12:52,1gcb60,76,World Population Nearing 7.2 Billion-Population in Poorest Areas to Rise Dramatically,aljazeera.com,http://www.aljazeera.com/news/americas/2013/06/2013613225459104328.html
2013-06-15,14:51:28,1gdybe,69,Brazilian people fighting for their rights!,internacional.elpais.com,http://internacional.elpais.com/internacional/2013/06/14/actualidad/1371171229_461963.html
2013-06-15,13:45:07,1gdv2s,61,"Iranian moderate candidate leads in exit polls, with 75% voter turnout. Rouhani currently holds 49.87% of the tallied votes, with more to be counted.",nytimes.com,http://www.nytimes.com/2013/06/15/world/middleeast/iran-presidential-election.html?ref=world
2013-06-15,21:49:41,1gebel,63,Russia's Lavrov questions credibility of U.S. evidence Syria used chemical weapons,ctvnews.ca,http://www.ctvnews.ca/world/russia-s-lavrov-questions-credibility-of-u-s-evidence-syria-used-chemical-weapons-1.1326835
2013-06-15,19:07:57,1ge6se,54,"Britain will ""sweep away"" tax secrecy by forcing so-called shell companies to declare who makes money out of them - David Cameron",bbc.co.uk,http://www.bbc.co.uk/news/uk-politics-22915954
2013-06-15,23:49:02,1gega3,48,Seventy-one Syrian army officers defect to Turkey: official,reuters.com,http://www.reuters.com/article/2013/06/15/us-syria-crisis-turkey-idUSBRE95E07R20130615
