2013-12-30,21:50:55,1u0il6,3390,"Tony Blair and George Bush exchanged voluminous correspondence prior to the start of military operations in Iraq. Now, the UK is moving to declassify details of the talks for an inquiry into Britain’s involvement in the conflict, British media reported.",rt.com,http://rt.com/news/blair-bush-iraq-communication-release-977/?utm_source=browser&amp;utm_medium=aplication_chrome&amp;utm_campaign=chrome
2013-12-30,13:03:08,1tzsu6,3210,"A trolley bus blast in the Russian city of Volgograd has killed at least 10 people, emergencies services reported. The explosion comes a day after a terrorist attack in the city killed 17 people",rt.com,http://rt.com/news/russia-volgograd-trolley-blast-957/
2013-12-30,23:46:21,1u0pnx,2815,"Glenn Greenwald Says NSA, GCHQ Dismayed They Don't Have Access To In-Flight Internet Communication: “The very idea that human beings can communicate for even a few moments without their ability to monitor is intolerable.”",techdirt.com,http://www.techdirt.com/articles/20131228/15454925708/glenn-greenwald-says-nsa-gchq-dismayed-they-dont-have-access-to-in-flight-internet-communication.shtml
2013-12-30,19:26:07,1u0cs2,2495,"2000 tons of explosives disappear from chemical plant in Yekaterinburg, Russia",ura.ru,http://ura.ru/content/svrd/23-12-2013/articles/1036261008.html
2013-12-30,21:43:27,1u0i7r,2354,Saudi Prince faces execution for murder.,ndtv.com,http://www.ndtv.com/article/world/saudi-royal-faces-death-penalty-for-murder-report-464639
2013-12-30,11:36:20,1tzlq5,1509,IT firms lose billions after NSA scandal exposed by whistleblower Edward Snowden,independent.co.uk,http://www.independent.co.uk/life-style/gadgets-and-tech/news/it-firms-lose-billions-after-nsa-scandal-exposed-by-whistleblower-edward-snowden-9028599.html
2013-12-30,21:29:59,1u0hkt,939,15 Palestinians die of hunger in Syria camp,dailystar.com.lb,http://www.dailystar.com.lb/News/Middle-East/2013/Dec-30/242656-15-palestinians-dead-from-hunger-in-syria-camp-unrwa.ashx
2013-12-30,05:25:08,1tyqyt,853,"The sun has fully ""flipped upside down"", with its north and south poles reversed to reach the midpoint of Solar Cycle 24. Now, the magnetic fields have once again started moving in opposite directions. To mark the event, Nasa has released a visualisation of the entire process.",independent.co.uk,http://www.independent.co.uk/news/science/video-sun-has-flipped-upside-down-as-new-magnetic-cycle-begins-9029378.html
2013-12-30,22:30:53,1u0kpa,675,"Pedophile let go by italian justice because the 11 years old victim was deemed to be ""in love"" (source in french)",bfmtv.com,http://www.bfmtv.com/international/un-pedophile-libere-victime-11-ans-jugee-amoureuse-676160.html
2013-12-30,11:03:11,1tzj2w,538,Special Report: Japan's homeless recruited for murky Fukushima clean-up,reuters.com,http://www.reuters.com/article/2013/12/30/us-fukushima-workers-idUSBRE9BT00520131230
2013-12-30,23:50:27,1u0pyp,375,"Regarding the ""Top Secret NSA catalog reveals US government has been secretly back dooring"" here are some scans. Just click the red dots or arrows, documents are english",spiegel.de,http://www.spiegel.de/netzwelt/netzpolitik/interaktive-grafik-hier-sitzen-die-spaeh-werkzeuge-der-nsa-a-941030.html
2013-12-30,21:41:16,1u0i3z,346,"Clothing factories across Cambodia shut following strikes - ""Our industry is unable to continue operations given the current situation""",bangkokpost.com,http://www.bangkokpost.com/breakingnews/387309/clothing-factories-across-cambodia-shut
2013-12-30,12:54:23,1tzs4i,250,Man survives first week with artificial heart after world-first operation,abc.net.au,http://www.abc.net.au/news/2013-12-30/patient-doing-well-with-french-company27s-artificial-heart---r/5178640
2013-12-30,03:03:19,1tyfcn,244,Latin America has a homophobic killings problem -The gruesome murders of gays in the region are shocking. So is how rarely the violence gets reported.,globalpost.com,http://www.globalpost.com/dispatch/news/regions/americas/131219/latin-america-homophobic-killing-lgbt
2013-12-30,22:12:19,1u0jnb,224,Antarctic ship passengers to be evacuated by Chinese helicopter,scmp.com,http://www.scmp.com/news/world/article/1393137/antarctic-ship-passengers-be-evacuated-chinese-helicopter
2013-12-30,17:34:05,1u08km,220,Egypt Detains Al Jazeera English Journalists for Broadcasting 'False News',nytimes.com,http://www.nytimes.com/2013/12/30/world/middleeast/egypt-detains-journalists-it-says-aired-false-news.html?ref=middleeast
2013-12-30,13:24:14,1tzukh,219,It’s against the law to ‘see God’ in Pakistan. Two who claimed to have done do face death for ‘blasphemy’,freethinker.co.uk,http://freethinker.co.uk/2013/12/29/its-against-the-law-to-see-god-in-pakistan-two-who-claimed-to-have-done-do-face-death-for-blasphemy/
2013-12-30,06:25:43,1tyvxx,202,Toronto police officer strips naked “hundreds” of people,thestar.com,http://www.thestar.com/news/crime/2013/12/29/toronto_police_officer_strips_naked_hundreds_of_people.html
2013-12-30,02:40:58,1tydlb,182,"Dolphins 'Getting High' On Puffer Fish, Zoologist Rob Pilley Says",news.com.au,http://www.news.com.au/technology/science/dolphins-getting-high-on-puffer-fish-zoologist-rob-pilley-says/story-fn5fsgyc-1226791707165
2013-12-30,07:22:56,1tz0o0,177,The NSA Has A Way To Intercept Computers Mid-Shipment And Install Spyware On Them,businessinsider.com,http://www.businessinsider.com/nsa-tao-2013-12
2013-12-30,23:49:25,1u0pvx,163,"Al Jazeera demands Egypt release journalists. Broadcaster urges ""immediate and unconditional release"" of detained staff, calling their arrest ""arbitrary"".",aljazeera.com,http://www.aljazeera.com/news/middleeast/2013/12/al-jazeera-asks-egypt-release-journalists-2013123011046540660.html
2013-12-30,15:08:49,1u01pq,160,Anti-Female Genital Mutilation Campaigners Make Progress in Egypt,huffingtonpost.com,http://www.huffingtonpost.com/2013/12/29/female-genital-mutilation-egypt_n_4515874.html?ir=Impact
2013-12-30,11:07:46,1tzjgi,153,"Russia Revises Their Definition of ""Gay Propaganda""; It Can Include Any Negative Portrayal of Heterosexuality",globalvoicesonline.org,http://globalvoicesonline.org/2013/12/29/9-things-the-russian-government-says-are-gay-propaganda/
2013-12-30,07:30:21,1tz18z,150,Private talks between Tony Blair and George Bush on Iraq war to be published.,independent.co.uk,http://www.independent.co.uk/news/uk/politics/exclusive-private-talks-between-tony-blair-and-george-bush-on-iraq-war-to-be-published-9029531.html
2013-12-30,18:07:15,1u09x1,136,US and Iran’s First Joint Military Venture: Fighting al Qaeda in Iraq,debka.com,http://debka.com/article/23558/US-and-Iran%E2%80%99s-First-Joint-Military-Venture-Fighting-al-Qaeda-in-Iraq
2013-12-30,01:35:00,1ty8kf,127,"Two Russian teen girls decapitated a homeless man, played football with his head",morbidstories.com,http://www.morbidstories.com/2013/07/two-russian-teen-girls-decapitated.html#.UsBcBfh4h3A
2013-12-30,23:53:44,1u0q7y,117,Shots fired at German ambassador's home in Greece,theguardian.com,http://www.theguardian.com/world/2013/dec/30/shots-fired-german-ambassador-home-greece
2013-12-30,13:09:28,1tztd4,115,Another explosion killing 10 on a trolley bus in Russia's Volgograd,m.bbc.co.uk,http://m.bbc.co.uk/news/world-europe-25546477
2013-12-30,01:50:29,1ty9on,115,Muslim Political Party Plasters Indian City With Posters Seeking Death Penalty For Homosexuals,gaylaxymag.com,http://www.gaylaxymag.com/latest-news/muslim-political-party-plasters-madurai-with-posters-seeking-death-penalty-for-homosexuals/
2013-12-30,22:17:17,1u0jx4,104,Extremists kill 12 in Nigerian Christian villages,bigstory.ap.org,http://bigstory.ap.org/article/extremists-kill-12-nigerian-christian-villages
