2013-08-22,20:58:04,1kvab7,3115,"An Indian spiritual leader who sparked controversy when he said a gangrape victim could have saved herself by addressing her violators as brothers and asking for mercy, has been charged with raping a minor",hindustantimes.com,http://www.hindustantimes.com/India-news/NewDelhi/Asaram-Bapu-booked-for-forcing-minor-girl-into-unnatural-sex/Article1-1110760.aspx
2013-08-22,08:45:14,1ku7tp,3060,"PayPal unfreezes $45,000 cancer donation after media enquiries, the wife of the cancer patient previously rang PayPal without success, says she felt helpless",nzherald.co.nz,http://www.nzherald.co.nz/nz/news/article.cfm?c_id=1&objectid=11112292
2013-08-22,18:38:07,1kv57e,2604,"Fukushima leak is 'much worse than we were led to believe' ""What is the worse is the water leakage everywhere else...It is leaking out from the basements, it is leaking out from the cracks all over the place. Nobody can measure that. It is much worse than we have been led to believe, much worse""",bbc.co.uk,http://www.bbc.co.uk/news/science-environment-23779561
2013-08-22,10:46:44,1kugfv,2565,"Hundreds of children's bodies piled high after nerve gas attack near Damascus leaves up to 1,300 dead",dailymail.co.uk,http://www.dailymail.co.uk/news/article-2398691/Syrias-darkest-hour-Hundreds-childrens-bodies-piled-high-nerve-gas-attack-near-Damascus-leaves-1-300-dead.html
2013-08-22,04:33:16,1kto4y,2456,"Julian Assange: Bradley Manning Sentence is an ""Affront to Basic Concepts of Western Justice""",democracynow.org,http://www.democracynow.org/blog/2013/8/21/julian_assange_bradley_manning_sentence_is_an_affront_to_basic_concepts_of_western_justice
2013-08-22,00:52:40,1kt6fc,2236,"Lord Falconer, who helped introduce the Terrorism Act, states that it provided no legal basis to detain David Miranda",theguardian.com,http://www.theguardian.com/world/2013/aug/21/david-miranda-law-detention-heathrow
2013-08-22,10:30:09,1kuf8z,2186,"Council of Europe wants to know why Britain ordered Guardian harddisks destroyed and detaining Greenwalds partner, calls it ""negative impact on freedom of expression in the UK"".",translate.google.com,http://translate.google.com/translate?sl=auto&tl=en&js=n&prev=_t&hl=nl&ie=UTF-8&u=http%3A%2F%2Fwww.20min.ch%2Fro%2Fnews%2Fdossier%2Fsnowden%2Fstory%2FLe-Conseil-de-l-Europe-tacle-Londres-27097796
2013-08-22,06:46:40,1ktz34,1383,Canadian Robber caught after going back to apologize,ca.news.yahoo.com,http://ca.news.yahoo.com/winnipeg-robber-nabbed-going-back-apologize-165919174.html
2013-08-22,19:37:27,1kv78j,1270,A Pakistani cleric cut his wife into pieces on Wednesday for refusing to wear a veil and sending their children to school,tribune.com.pk,http://tribune.com.pk/story/593466/cut-into-pieces-she-challenged-gods-orders/?utm_content=buffer191a0&utm_source=buffer&utm_medium=twitter&utm_campaign=Buffer
2013-08-22,02:48:53,1ktfr7,998,"Julian Assange make a puplic statement on the Manning case: ""The only just outcome in Mr Manning’s case is his unconditional release, compensation for the unlawful treatment he has undergone..."" Full statement in link",wikileaks.org,"http://wikileaks.org/Statement-by-Julian-Assange-on,267.html"
2013-08-22,01:25:23,1kt92l,783,Mubarak is Free,reuters.com,http://www.reuters.com/article/2013/08/21/us-egypt-protests-idUSBRE97C09A20130821
2013-08-22,03:34:19,1ktjgf,745,"Germany Produces Record-Breaking amount of solar power and even shatters their wind power record. Renewables are doing so well, in fact, that one of Germany's biggest utilities is threatening to migrate to Turkey.""",hardware.slashdot.org,http://hardware.slashdot.org/story/13/08/20/2140215/germany-produces-record-breaking-51-terawatt-hours-of-solar-energy-in-one-month
2013-08-22,18:46:57,1kv5i7,664,"Up to 400 British citizens emigrate every day, causing what one politician says is a 'disappearance' of skilled middle-class professionals",telegraph.co.uk,http://www.telegraph.co.uk/news/politics/10258081/Two-million-quit-Britain-in-talent-drain.html
2013-08-22,23:47:56,1kvke0,569,Police brutality reported at UK fracking protests. “They tried to provoke a clash when we had no interest in having one.”,planetivy.net,http://www.planetivy.net/uknews/uknews-uknews/72261/apparent-police-brutality-at-balcombe-protests/
2013-08-22,22:10:29,1kve2e,467,David Miranda wins partial court victory over data seized by police,theguardian.com,http://www.theguardian.com/world/2013/aug/22/david-miranda-court-victory-data-police
2013-08-22,03:33:22,1ktjdd,451,"Native Canadian women sold on U.S. ships, researcher says - Thunder Bay",cbc.ca,http://www.cbc.ca/news/canada/thunder-bay/story/2013/08/21/tby-first-nations-women-human-trafficking-ships-united-states.html
2013-08-22,20:03:55,1kv84h,417,An Australian Islamic preacher is under police investigation after he was filmed calling for all Buddhists and Hindus to be killed.,adelaidenow.com.au,http://www.adelaidenow.com.au/news/south-australia/adelaide-mosque-preacher-sheikh-sharif-hussein-directs-fury-at-at-buddhists-hindus-howard-and-obama/story-fni6uo1m-1226701605335
2013-08-22,17:46:15,1kv3hv,320,"France calls for use of ""force"" in Syria if chemical weapons massacre is proved",thelocal.fr,http://www.thelocal.fr/20130822/france-demands-force-over-syria-chemical-weapons
2013-08-22,19:23:13,1kv6rk,266,"The detention of David Miranda was an unlawful use of the Terrorism Act - The Act, which I helped introduce, was not passed with people like Miranda in mind. The act was designed to secure lasting peace in Northern Ireland and make it difficult for Irish dissident terrorists to come to the mainland",theguardian.com,http://www.theguardian.com/commentisfree/2013/aug/21/terrorism-act-david-miranda-detention
2013-08-22,04:03:53,1ktlt6,257,"Video: James Kirchick Taken Off ""Russia Today"" After Slamming Russia's Anti-Gay Law",livewire.talkingpointsmemo.com,http://livewire.talkingpointsmemo.com/entry/reporter-taken-off-air-after-slamming-anti-gay
2013-08-22,22:57:22,1kvgyi,207,Israeli Media Reports: Air Raid Sirens Wail in Northern Israel,abcnews.go.com,http://abcnews.go.com/International/wireStory/israeli-media-reports-air-raid-sirens-wail-northern-20034261
2013-08-22,19:45:17,1kv7ik,131,China arrests Weibo users for “inciting public dissatisfaction with the government”,techinasia.com,http://www.techinasia.com/china-arrests-weibo-users-inciting-public-dissatisfaction-government/
2013-08-22,16:03:27,1kuzsf,107,"Auckland, New Zealand to ban beggars off street",nzherald.co.nz,http://www.nzherald.co.nz/nz/news/article.cfm?c_id=1&objectid=11112794
2013-08-22,10:02:25,1kudal,98,Canadians may be victims of illicit spying,vancouversun.com,http://www.vancouversun.com/news/national/Canadians+victims+illicit+spying/8817793/story.html
2013-08-22,15:28:34,1kuy5v,91,Sherlock Actor Benedict Cumberbatch challenges the British Prime Minister on Goverment Surveillance and the Police State,theguardian.com,http://www.theguardian.com/tv-and-radio/2013/aug/21/benedict-cumberbatch-news-london-sherlock
2013-08-22,10:26:39,1kuf00,87,"Well, apparently, the angry letter to the mother of autistic children was real.",cnn.com,http://www.cnn.com/2013/08/21/world/americas/canada-autistic-letter/index.html
2013-08-22,02:26:34,1ktdvc,79,The whistleblower's mad moral courage,theguardian.com,http://www.theguardian.com/commentisfree/2013/aug/20/whistleblower-mad-moral-courage
2013-08-22,01:53:58,1ktbbs,72,Gay Reporter Kicked Off Kremlin Network After Protesting Anti-Gay Law (Video),freebeacon.com,http://freebeacon.com/gay-reporter-kicked-off-kremlin-network-after-protesting-anti-gay-law/
2013-08-22,09:01:42,1ku92j,73,Russia Today exacted revenge on guest commentator by having the taxi service kick him out of the cab in the middle of the highway...,businessinsider.com,http://www.businessinsider.com/jamie-kirchick-rt-gay-russia-vladimir-putin-2013-8
2013-08-22,22:59:26,1kvh44,63,"Air sirens sound in Israel's Nahariya and Acre, blasts heard: report",dailystar.com.lb,http://www.dailystar.com.lb/News/Lebanon-News/2013/Aug-22/228285-air-sirens-sound-in-israels-nahariya-and-acre-blasts-heard-report.ashx#axzz2ccewLi5z
