2013-11-30,11:43:55,1rr4d1,3797,"NSA's Blackmail By Porn Strategy, The Abuse We Were All Waiting For",justsecurity.org,http://justsecurity.org/2013/11/29/nsa-sexint-abuse-youve-waiting/
2013-11-30,19:42:44,1rrpvu,1180,"Thousands expected to take part in ""Day of Rage"" protests against Israel's plan to displace tens of thousands of Bedouin.",aljazeera.com,http://www.aljazeera.com/news/middleeast/2013/11/rage-protests-bedouin-eviction-plan-201311306106771519.html
2013-11-30,19:13:09,1rroyz,953,Berlin council votes to open first cannabis cafe,bbc.co.uk,http://www.bbc.co.uk/news/blogs-news-from-elsewhere-25154209
2013-11-30,06:56:20,1rql6k,741,Helicopter crashes into pub in Glasgow.,itv.com,http://www.itv.com/news/story/2013-11-29/helicopter-crashes-glasgow-pub-scotland/
2013-11-30,05:13:16,1rqdbt,724,"I Tried to See Where My T-Shirt Was Made, and the Factory Sent Thugs After Me -- After meeting India's ""sumangali girls,"" I'll never look at cute, cheap clothes the same way again.",motherjones.com,http://www.motherjones.com/politics/2013/11/india-garment-factories-sumangali
2013-11-30,09:42:51,1rqwle,689,Pope launches blistering attack on the 'tyranny of capitalism' as he warns we're all heading towards 'disintegration and death',dailymail.co.uk,http://www.dailymail.co.uk/news/article-2513965/Pope-Francis-warns-heading-disintegration-death.html
2013-11-30,02:37:11,1rq1h2,265,"The Syrian civil war is creating a generation of traumatized, isolated and under-educated children who are vulnerable to exploitation and recruitment by armed groups",bloomberg.com,http://www.bloomberg.com/news/2013-11-29/syria-war-creates-generation-of-1-1-million-lost-children.html
2013-11-30,11:39:08,1rr41a,258,Veteran RCMP Officer Cpl. Ron Francis brought to tears while being stripped of his uniform after being fired for smoking legally prescribed marijuana,cbc.ca,http://www.cbc.ca/news/canada/new-brunswick/cpl-ron-francis-turns-in-rcmp-serge-after-pot-controversy-1.2444935
2013-11-30,11:31:37,1rr3j5,235,North Korea Calls Captive 85-Year-Old US Citizen 'Criminal' For His Service During Korean War,businessinsider.com,http://www.businessinsider.com/merrill-newman-north-korea-2013-11
2013-11-30,01:29:10,1rpwku,200,Germany spends millions on animal-only bridges,thelocal.de,http://www.thelocal.de/20130918/51975
2013-11-30,04:08:32,1rq8dx,198,"""Police in Jamaica say authorities have seized 3,300 missile warheads and a machine to make missiles and bullets.""",seattlepi.com,http://www.seattlepi.com/news/world/article/Jamaican-authorities-seize-3-300-warheads-5021508.php
2013-11-30,20:06:12,1rrqlr,181,90 firms responsible for emitting two-thirds of world's deadly gases since 1751,timesofindia.indiatimes.com,http://timesofindia.indiatimes.com/home/environment/global-warming/90-firms-responsible-for-emitting-two-thirds-of-worlds-deadly-gases-since-1751-Study/articleshow/26599059.cms
2013-11-30,00:34:32,1rpsvi,172,"Egypt to pardon women jailed over protest - 21 women and girls, whose 11-year sentencing for a peaceful protest caused outrage, will be freed after court processes",aljazeera.com,http://www.aljazeera.com/news/middleeast/2013/11/egypt-pardon-women-jailed-over-protest-20131129154350163683.html
2013-11-30,22:14:44,1rrv13,162,Islamic law and suspicion fuel polio resurgence,usatoday.com,http://www.usatoday.com/story/news/world/2013/11/30/pakistan-polio-resurgence/3591683/
2013-11-30,21:49:01,1rrtyn,139,"Vodafone Iceland Breached, Website defaced, database containing 70,000+ Accounts leaked.",techworm.in,http://www.techworm.in/2013/11/vodafone-iceland-breached-website.html
2013-11-30,02:10:35,1rpzi8,130,Berlin borough pushing for Germany’s first cannabis coffee-shop,rt.com,http://rt.com/news/marijuana-berlin-shop-opens-462/
2013-11-30,19:09:21,1rrov9,128,"Billions from Beijing: Africans Divided over Chinese Presence - Chinese companies have pumped billions into Africa to secure access to natural resources, boosting countries' economies along the way. Ordinary citizens aren't reaping the benefits though & are growing more wary of the new investors.",spiegel.de,http://www.spiegel.de/international/world/chinese-investment-in-africa-boosts-economies-but-worries-many-a-934826.html
2013-11-30,02:06:30,1rpz7s,97,"AFP: British burned, dumped 'embarrassing' colonial documents",google.com,http://www.google.com/hostednews/afp/article/ALeqM5g1lCiXZoraZpUrII5cFxosXOfemA?docId=3e15ba8a-b0b0-4b97-9ea0-4488d870d415
2013-11-30,23:40:56,1rrz4x,77,[Greece] Journalist found guilty of insulting 'proud national socialist' by calling him a 'neonazi',enetenglish.gr,http://www.enetenglish.gr/?i=news.en.home&id=1644
2013-11-30,06:16:54,1rqi84,65,Canada's Role in NSA's Global Spy Network Revealed,worldbulletin.net,http://www.worldbulletin.net/?aType=haber&ArticleID=123842
2013-11-30,04:24:37,1rq9k6,58,"A meteor hit Zakynthos, the third largest Greek island, in the Ionian Sea on Wednesday night",worldbulletin.net,http://www.worldbulletin.net/?aType=haber&ArticleID=123907
2013-11-30,02:32:12,1rq149,59,China scrambles fighter jets towards US and Japan aircraft in disputed air zone; Escalation of response in South China Sea is the first time China is known to have sent military jets in zone alongside foreign craft.,theguardian.com,http://www.theguardian.com/world/2013/nov/29/china-scrambles-fighter-jets-us-japan-aircraft
2013-11-30,06:00:13,1rqgy5,55,"Spain's youth unemployment rate has re-surged to a record 57.4%, 24.4% of Europe's under-25 population is unemployed",zerohedge.com,http://www.zerohedge.com/news/2013-11-29/europes-peak-youth-unemployment-gets-peak-er
2013-11-30,16:52:57,1rrki6,58,Dutch intelligence agency AIVD hacks internet fora,nrc.nl,http://www.nrc.nl/nieuws/2013/11/30/dutch-intelligence-agency-aivd-hacks-internet-fora/
2013-11-30,23:34:52,1rrytp,56,Israel likely to be first non-European member of CERN,i24news.tv,http://www.i24news.tv/en/news/israel/society/131112-israel-likely-to-be-first-non-european-member-of-cern
2013-11-30,19:14:22,1rrp08,56,"‘Day of rage’: UK protests Israeli plan to remove 70,000 Bedouins",rt.com,http://rt.com/news/britain-protest-prawer-plan-511/
2013-11-30,16:29:02,1rrjna,53,Indian student who fled Australia after deadly car crash in 2008 arrested in India,abc.net.au,http://www.abc.net.au/news/2013-11-30/man-who-fled-australia-after-deadly-car-crash-arrested/5126940
2013-11-30,15:21:11,1rrgt7,47,Ukraine police disperse EU-deal protesters,bbc.co.uk,http://www.bbc.co.uk/news/world-europe-25164990
2013-11-30,19:48:47,1rrq2d,36,The U.S. is going to destroy Syrian chemical weapons on a ship in the Mediterranean,abcnews.go.com,http://abcnews.go.com/International/wireStory/us-offers-destroy-syrian-chemical-weapons-21056179
2013-11-30,10:14:36,1rqym6,31,Libya's Army Finally Fights Back - Special Forces push Ansar al-Sharia out of Benghazi as residents take to the streets in support of the army,transitions.foreignpolicy.com,http://transitions.foreignpolicy.com/posts/2013/11/29/libyas_army_finally_fights_back
