2013-05-06,21:41:40,1dserg,2816,Canadian teacher's career ruined by cyber-stalker ex-girlfriend even after she was placed in jail and ordered to pay him damages. Not many schools want to hire a teacher who is accused of being a pedophile.,cbc.ca,http://www.cbc.ca/news/canada/story/2013/05/03/bc-cyber-stalking.html
2013-05-06,03:28:13,1dqqvt,2759,"No jab, no play campaign launched to ban unvaccinated kids from childcare centres and preschools",news.com.au,http://www.news.com.au/national-news/no-jab-no-play-campaign-launched-to-ban-unvaccinated-kids-from-childcare-centres-and-preschools/story-fncynjr2-1226635256015
2013-05-06,16:44:06,1ds564,2322,World’s first 3D-printer gun fired - world’s first gun made using a 3D printer is successfully tested in the US by a group planning to make the blueprints available online,bbc.co.uk,http://www.bbc.co.uk/news/science-environment-22421185
2013-05-06,20:26:25,1dsbtn,1628,"""They're taking our children"" - West Papua's youth are being removed to Islamic religious schools in Java for ""re-education""",brisbanetimes.com.au,http://www.brisbanetimes.com.au/lifestyle/theyre-taking-our-children-20130429-2inhf.html
2013-05-06,06:56:31,1dr575,1619,"Hundreds of thousands of hardline Islamists demanding a new blasphemy law on Sunday blocked highways and fought running battles with police, leaving four people dead and hundreds injured in Bangladesh. Chanting Allahu Akbar and ""Atheists must be hanged""",rawstory.com,http://www.rawstory.com/rs/2013/05/05/four-dead-amid-islamist-protests-for-bangladesh-blasphemy-law/
2013-05-06,21:16:23,1dsdpo,1358,Botched Kim Dotcom case spurs New Zealand to allow domestic spying: 'PM John Key issued a public apology to Dotcom and a subsequent inquiry released last month found another 88 NZ citizens or residents may have been illegally spied on.',rawstory.com,http://www.rawstory.com/rs/2013/05/06/botched-kim-dotcom-case-spurs-new-zealand-to-allow-domestic-spying/
2013-05-06,22:33:48,1dsheu,1162,"Hong Kong Risks Losing Rare ‘Pink Dolphins’ - Numbers fall from 158 to 78. Tour guide spots them aiding mother hold her dead calf above water in attempt to revive it in 3rd such incident in April. “We’re 99% certain it died of toxins in the mother’s milk, accumulated from polluted seawater.”",rawstory.com,http://www.rawstory.com/rs/2013/05/06/conservationists-warn-hong-kong-risks-losing-rare-pink-dolphins/
2013-05-06,14:43:15,1ds0c5,1142,"Tantrum exposes Mexican class divide. If you are born in poverty, you'll die in it too.",bbc.co.uk,http://www.bbc.co.uk/news/magazine-22354245
2013-05-06,09:54:35,1drhfo,975,UN Investigators Say Syrian Rebels — Not Assad — Used Sarin Gas,theatlanticwire.com,http://www.theatlanticwire.com/global/2013/05/un-investigators-say-rebel-forces-not-assad-used-sarin-gas/64897/#.UYb_OMv_-Xg.reddit
2013-05-06,17:12:28,1ds61b,933,'Catholic mafia' inside NSW police force hindered police probe into child sex abuse special commission.,theaustralian.com.au,http://www.theaustralian.com.au/national-affairs/in-depth/detective-failed-to-tell-superiors-of-his-investigations-into-catholic-child-sex-abuse/story-fngburq5-1226635875802
2013-05-06,21:43:02,1dsetb,830,"BBC News - Barnet Councillor Brian Coleman admits parking row attack: ""An ex-Conservative mayor has admitted attacking a woman as she filmed him parking illegally on a street where he had helped introduce unpopular parking charges.""",bbc.co.uk,http://www.bbc.co.uk/news/uk-england-london-22397672
2013-05-06,10:48:21,1drl8j,555,"Paul Hellyer, former Minister of Defense of Canada, addresses current Canadian Goverment Cabinet Members and asks for ""Full Disclosure"" of the fact that ET's are currently living on the Earth and working with the US Government. Says it is time the public is made aware.",vimeo.com,http://vimeo.com/65430488
2013-05-06,02:01:13,1dqlcc,528,"Malaysia election sees record turnout: Ruling coalition wins majority extending its 56-year rule, officials say",bbc.co.uk,http://www.bbc.co.uk/news/world-asia-22394752#TWEET745048
2013-05-06,15:45:23,1ds30q,472,"Vultures in the French Pyrenees took less than 50 minutes to devour a tourist who fell when trying to take a shortcut. 'only bones, clothes and shoes left on the ground'",news.com.au,http://www.news.com.au/travel/news/nothing-left-of-tourist-eaten-by-vultures/story-e6frfq80-1226635738897
2013-05-06,09:20:42,1drf2y,361,"UN: Rebels, not Assad, appear to have used chemical weapons",thehill.com,http://thehill.com/blogs/global-affairs/middle-east-north-africa/297853-un-rebels-not-assad-appear-to-have-used-chemical-weapons-in-syria
2013-05-06,21:15:35,1dsdoh,340,Israel says Google's 'Palestine' page harms peace hopes,reuters.com,http://www.reuters.com/article/2013/05/06/us-palestinians-israel-google-idUSBRE94509V20130506?feedType=RSS&feedName=worldNews
2013-05-06,22:10:55,1dsg5c,332,Police take 16 year-old girl into custody for “dressing inappropriately”,minivannews.com,http://minivannews.com/society/police-take-16-year-old-girl-into-custody-for-dressing-inappropriately-57429?utm_content=buffer3697e&utm_source=buffer&utm_medium=twitter&utm_campaign=Buffer
2013-05-06,03:47:35,1dqs7f,283,Hunger rises in Great Britain,ipsnews.net,http://www.ipsnews.net/2013/05/hunger-rises-in-great-britain/
2013-05-06,00:34:04,1dqga0,251,Syria stations missile batteries aimed at Israel,jpost.com,http://www.jpost.com/LandedPages/PrintArticle.aspx?id=312119
2013-05-06,08:07:03,1dr9zt,212,Mexican journalists' sons killed; seven bodies found near Mexico City,worldnews.nbcnews.com,http://worldnews.nbcnews.com/_news/2013/05/05/18070192-mexican-journalists-sons-killed-seven-bodies-found-near-mexico-city?lite?ocid=twitter
2013-05-06,03:53:13,1dqslf,209,"Indian shop owner, passionate for education, runs school for poor kids under a railway bridge",washingtonpost.com,http://www.washingtonpost.com/world/asia_pacific/indian-shop-owner-passionate-for-education-runs-school-for-poor-kids-under-a-railway-bridge/2013/05/05/e4d2fa12-b5ab-11e2-b568-6917f6ac6d9d_story.html?
2013-05-06,17:04:20,1ds5so,198,South Korea rejects North demands - Seoul describes Pyongyang's conditions to re-starting the Kaesong Industrial Complex as 'incomprehensible',aljazeera.com,http://www.aljazeera.com/news/asia-pacific/2013/05/20135632432956894.html
2013-05-06,06:25:56,1dr2yu,190,Most sexual assault victims have little faith in justice system: survey,theglobeandmail.com,http://www.theglobeandmail.com/news/national/most-sexual-assault-victims-have-little-faith-in-justice-system-survey/article11722891/?cmpid=rss1&utm_source=dlvr.it&utm_medium=twitter
2013-05-06,20:55:53,1dscw0,184,Australia Defends Live Animal Export Trade After Shocking New Footage - Insists regulation is at all-time high. A bloodied bull is seen being attacked with a knife: repeatedly stabbed in the face & cut across the legs before collapsing in a pool of blood. Other scenes show inept kills.,au.news.yahoo.com,http://au.news.yahoo.com/thewest/a/-/breaking/17033102/fed-govt-defends-live-animal-export-trade/
2013-05-06,22:38:47,1dshov,158,MI6 'handing bundles of cash to Hamid Karzai',telegraph.co.uk,http://www.telegraph.co.uk/news/worldnews/asia/afghanistan/10038988/MI6-handing-bundles-of-cash-to-Hamid-Karzai.html
2013-05-06,11:23:59,1drnqh,147,"World War II hero honoured in Canberra - saved the lives of up to 100,000 people during the Holocaust",abc.net.au,http://www.abc.net.au/news/2013-05-06/holocaust-citizenship/4670932
2013-05-06,01:15:28,1dqiod,117,"French first lady's budget passes austerity test: Office of Valerie Trierweiler costs taxpayers less than €20,000 a month, compared with Carla Bruni's €60,000",guardian.co.uk,http://www.guardian.co.uk/world/2013/may/05/french-first-lady-budget-austerity
2013-05-06,17:57:12,1ds7br,86,At least 15 people died in clashes Monday between police and Islamic hardliners demanding that Bangladesh implement an anti-blasphemy law,usatoday.com,http://www.usatoday.com/story/news/world/2013/05/06/bangladesh-clashes/2138177/
2013-05-06,21:04:34,1dsd8g,80,BBC News - Ex-Italian PM Giulio Andreotti dies,bbc.co.uk,http://www.bbc.co.uk/news/world-europe-22426199
2013-05-06,22:24:15,1dsgvs,72,Hanging gardens of Babylon were not in Babylon.,telegraph.co.uk,http://www.telegraph.co.uk/news/worldnews/middleeast/iraq/10039773/Hanging-gardens-of-Babylon-were-not-in-Babylon.html
