2013-10-30,22:59:29,1pjiu9,3701,London's cheapest suburb is Barcelona. City worker causes a stir by proving it's cheaper to live in Spain and fly in to work in London every morning.,thelocal.es,http://www.thelocal.es/20131030/welcome-to-londons-cheapest-suburb-barcelona
2013-10-30,14:56:55,1piwnk,3478,"'Prison clearly does not work' Fresh from jail, the economist and author of Prisonomics explains why the system costs too much, locks up the wrong people and does not prevent reoffending",theguardian.com,http://www.theguardian.com/society/2013/oct/29/vicky-pryce-prison-does-not-work-prisonomics-economist
2013-10-30,23:26:26,1pjkyr,2326,REPORT: NSA May Have Spied On The Vatican During The Papal Conclave,businessinsider.com,http://www.businessinsider.com/report-nsa-spied-on-vatican-2013-10
2013-10-30,07:53:43,1pi3hu,1710,Canadians Seek Dick Cheney's Arrest For War Crimes During Upcoming Visit,huffingtonpost.com,http://www.huffingtonpost.com/2013/10/29/dick-cheney-canada-arrest_n_4175180.html
2013-10-30,10:57:44,1piibn,1174,A record-equalling 188 countries on Tuesday condemned the five-decade-old US embargo against communist Cuba in an annual UN General Assembly,google.com,http://www.google.com/hostednews/afp/article/ALeqM5jtXIqxVXJ9n04nRAOLiB2-LcQdaA?docId=54cdbaac-47ca-40d3-a421-bfa32d239c19
2013-10-30,03:33:55,1phgxv,1149,Embattled NSA chief Keith Alexander rejects calls to limit agency's power | World news,theguardian.com,http://www.theguardian.com/world/2013/oct/29/nsa-chief-keith-alexander-house-hearing
2013-10-30,17:46:31,1pj2md,1021,"""Even with Europe in an uproar over intrusive United States surveillance, its leaders are looking for ways to slow down legislation aimed at preventing violations of privacy at home.""",nytimes.com,http://www.nytimes.com/2013/10/30/world/europe/as-it-denounces-us-spying-europe-delays-privacy-protection-at-home.html?pagewanted=all
2013-10-30,19:44:58,1pj77k,1000,"Spain colluded in NSA spying on its citizens, Spanish newspaper reports",theguardian.com,http://www.theguardian.com/world/2013/oct/30/spain-colluded-nsa-spying-citizens-spanish-el-mundo-us
2013-10-30,04:07:31,1phju2,758,"A second solar system has been detected that's very similar to our own. 7 planets with similar orbits and day/night cycles similar to Earth, Venus and Mercury.",spaceindustrynews.com,http://spaceindustrynews.com/second-solar-system-has-been-detected/4063/
2013-10-30,21:10:16,1pjbd6,689,Israel 'destroying peace process' with new housing,globalpost.com,http://www.globalpost.com/dispatch/news/afp/131030/israel-destroying-peace-process-new-housing
2013-10-30,12:20:09,1pio9c,652,"‘What did my grandmother do wrong?’:Nabila Rehman was picking vegetables from her family garden last year when missiles from a US drone rained down from the sky, killing her grandmother and injuring her and seven other children.",tribune.com.pk,http://tribune.com.pk/story/624528/what-did-my-grandmother-do-wrong/
2013-10-30,19:37:48,1pj6vp,533,Adobe says data for 38 million customers compromised,irishtimes.com,http://www.irishtimes.com/business/sectors/technology/adobe-says-data-for-38-million-customers-compromised-1.1577781
2013-10-30,02:55:11,1phdjd,530,U.S. officials: French and Spanish newspapers suggesting that the NSA had vacuumed up French and Spanish telephone records incorrect. NSA didn’t collect the data -- the intelligence services of those countries did.,latimes.com,"http://www.latimes.com/world/worldnow/la-fg-wn-nsa-european-intelligence-records-20131029,0,2798363.story"
2013-10-30,09:49:55,1picvl,262,A Japanese ruling-party panel will recommend the break-up of Tokyo Electric Power Co. (Tepco) after shortcomings in the firm's handling of clean-up operations at its crippled Fukushima nuclear plant.,reuters.com,http://www.reuters.com/article/2013/10/30/us-japan-fukushima-idUSBRE99T01Z20131030
2013-10-30,16:53:32,1pj0tw,255,"Roman eagle found by archaeologists in City of London: the 1,800-year-old sculpture of the imperial symbol is regarded as one of the best pieces of Romano-British art ever found",theguardian.com,http://www.theguardian.com/science/2013/oct/29/roman-eagle-found-archaeologists-london-sculpture-art
2013-10-30,11:52:58,1pimep,249,Egyptian police arrested a 20-year-old student following a report submitted by the university's administration saying he had formed a group for atheists on Facebook. Egypt's penal code says anyone convicted of offending religion in any form can face up to 6 years in prison.,english.ahram.org.eg,http://english.ahram.org.eg/NewsContent/1/64/84968/Egypt/Politics-/Egypt-security-investigates-student-for-forming-at.aspx
2013-10-30,21:08:41,1pjb9y,178,"A town in Norway on Wednesday began beaming light down from giant mirrors installed on the surrounding hills, bringing it winter sunlight for the first time in its history",thelocal.no,http://www.thelocal.no/20131030/norway-town-beams-in-sunlight-with-giant-mirrors
2013-10-30,01:39:11,1ph6xk,167,US food aid programme criticised as 'corporate welfare' for grain giants,theguardian.com,http://www.theguardian.com/global-development/2012/jul/18/us-multinationals-control-food-aid
2013-10-30,07:36:50,1pi24a,150,U.N. Confirms an Outbreak of Polio in Syria,nytimes.com,http://www.nytimes.com/2013/10/30/world/middleeast/un-confirms-polio-outbreak-in-syria.html
2013-10-30,16:32:02,1pj05z,142,Egyptian Arrested for the Crime of Forming a Facebook Group for Atheists,patheos.com,http://www.patheos.com/blogs/friendlyatheist/2013/10/29/egyptian-arrested-for-the-crime-of-forming-a-facebook-group-for-atheists/
2013-10-30,21:45:15,1pjdjl,140,Bitcoin cashes in as its first ATM opens in Vancouver | Technology,theguardian.com,http://www.theguardian.com/technology/2013/oct/30/bitcoin-first-atm-vancouver-canada
2013-10-30,03:38:42,1phhbs,138,"Polio Re-Emerges in Syria and Israel, Threatening Europe",scientificamerican.com,http://www.scientificamerican.com/article.cfm?id=polio-re-emerges-in-syria-and-israel-threatening-europe
2013-10-30,15:41:00,1piyhr,114,Second Solar System detected. The most extensive planetary system to date arranged similar to the eight planets in the Solar System,dlr.de,http://www.dlr.de/dlr/en/desktopdefault.aspx/tabid-10081/151_read-8560/year-all/#gallery/12713
2013-10-30,23:13:39,1pjjya,87,François Hollande becomes most unpopular French president ever,theguardian.com,http://www.theguardian.com/world/2013/oct/29/francois-hollande-most-unpopular-president
2013-10-30,20:48:14,1pja7l,72,"Edward Snowden A 'Hero' In UK, But Americans Are More Divided (POLL)",huffingtonpost.co.uk,http://www.huffingtonpost.co.uk/2013/10/29/edward-snowden-uk-survey_n_4173876.html?1383130978&utm_hp_ref=uk
2013-10-30,22:27:50,1pjgis,56,Russia’s goodie bag gifts ‘bugged’ G-20 delegates,foxnews.com,http://www.foxnews.com/politics/2013/10/30/russias-goodie-bag-gifts-bugged-g-20-delegates/?intcmp=latestnews
2013-10-30,00:41:42,1ph1yx,54,"Spain's Princess Cristina dodged taxes by 'signing as both the owner and the tenant' of her own home in an office rental deal worth €12,000 a year.",thelocal.es,http://www.thelocal.es/20131029/fake-rental-contract-princess
2013-10-30,03:32:33,1phgtv,54,Japanese governor calls out TEPCO for ‘institutionalized lying’,japandailypress.com,http://japandailypress.com/japanese-governor-calls-out-tepco-for-institutionalized-lying-2938686/
2013-10-30,03:26:54,1phgcs,46,People Who Live Downwind Of Alberta’s Oil And Tar Sands Operations Are Getting Blood Cancer (X-post from r/environment),thinkprogress.org,http://thinkprogress.org/climate/2013/10/28/2845411/alberta-tar-sands-pollution-cancer/
2013-10-30,00:06:35,1pgz56,46,ISPs told to block 21 pirate sites,bbc.co.uk,http://www.bbc.co.uk/news/technology-24726078
