2013-12-02,08:10:32,1rvf7b,3275,"The War on Democracy: How corporations and spy agencies use ""security"" to defend profiteering and crush activism",theguardian.com,http://www.theguardian.com/environment/earth-insight/2013/nov/28/war-on-democracy-corporations-spy-profit-activism
2013-12-02,19:38:56,1rwmdo,2494,"""It is completely unacceptable to give a 15-year-old a breast enlargement as a Christmas present"" - Germany to ban plastic surgery on children",thelocal.de,http://www.thelocal.de/20131202/german-to-ban-plastic-surgery-on-children
2013-12-02,00:30:19,1rue08,1255,Italian girl gang-raped after a false Facebook page told she was ‘available to anyone.’ Onlooker failed to help cause it 'was none of his business.',scallywagandvagabond.com,http://scallywagandvagabond.com/2013/12/italian-girl-gang-raped-false-facebook-page-told-available-anyone/
2013-12-02,03:57:20,1rutyu,1102,"Spooky Business: A New Report on Corporate Espionage Against Non-profits. Chamber of Commerce, Walmart, Monsanto, Kraft, Coca-Cola, Chevron, Burger King, McDonald’s, Shell, BP– have been linked to espionage or planned espionage against nonprofit organizations, activists and whistleblowers.",corporatepolicy.org,http://www.corporatepolicy.org/2013/11/20/spooky-business/
2013-12-02,21:29:44,1rwqxb,1072,"African elephants ""could fall by 1/5"" due to poaching - There were 100 million at turn of 20th century. That has fallen to 1/2 million. 22,000 were killed in 2012. Rate of killing compared to natural population growth means the largest animal on earth could soon become extinct.",theguardian.com,http://www.theguardian.com/environment/2013/dec/02/african-elephant-numbers-fall-poaching
2013-12-02,10:18:16,1rvpu7,793,Fresh spy leak shows Australia offered to share data on its citizens,smh.com.au,http://www.smh.com.au/federal-politics/political-news/fresh-spy-leak-shows-australia-offered-to-share-data-on-its-citizens-20131202-2ykvt.html
2013-12-02,03:38:13,1rusgn,756,Croatia voted a ban on same-sex marriage,translate.google.com,http://translate.google.com/translate?sl=hr&tl=en&js=n&prev=_t&hl=en&ie=UTF-8&u=http%3A%2F%2Fwww.tportal.hr%2Fvijesti%2Fhrvatska%2F301986%2FHrvati-glasali-Za-ustavnu-zastitu-hetero-braka.html
2013-12-02,15:40:40,1rwdd4,292,Two German students have vandalised part of the Pyramid of Khufu,news.com.au,http://www.news.com.au/travel/world-travel/two-german-students-have-vandalised-part-of-the-pyramid-of-khufu-to-help-prove-their-lost-civilisation-theory/story-e6frfqc0-1226771863820
2013-12-02,15:14:33,1rwc29,251,Sweden's prison population has dropped so dramatically that the country plans to close four of its prisons,theguardian.com,http://www.theguardian.com/society/2013/dec/01/why-sweden-closing-prisons
2013-12-02,11:24:31,1rvvkv,211,Saab to resume making cars in Sweden,bbc.co.uk,http://www.bbc.co.uk/news/business-25180698
2013-12-02,04:43:19,1ruxrr,210,"Roman Catholic Church pushes for constitutional ban on gay marriage in new EU member-state Croatia, arguing that ""same-sex marriage is not a human right"".",tribune.net.ph,http://www.tribune.net.ph/commentary/croatia-split-over-anti-gay-marriage-referendum
2013-12-02,08:48:43,1rvib3,188,Revealed: Australian spy agency offered to share data about ordinary citizens (Snowden),theguardian.com,http://www.theguardian.com/world/2013/dec/02/revealed-australian-spy-agency-offered-to-share-data-about-ordinary-citizens
2013-12-02,11:18:30,1rvv1n,187,"Ukraine Leader Is Called On to Resign as Anger Swells: “I want the authorities to know that this is not a protest; this is a revolution!” Yuri V. Lutsenko, a former interior minister, told a vast crowd here in Independence Square… “Revolution!” the crowd roared back. “Revolution!”",nytimes.com,http://www.nytimes.com/2013/12/02/world/europe/thousands-of-protesters-in-ukraine-demand-leaders-resignation.html?_r=0
2013-12-02,22:56:32,1rwvps,156,"UN implicates Bashar al-Assad in Syria war crimes: The UN's human rights chief has said an inquiry has produced evidence that war crimes were authorised in Syria at the ""highest level"", including by President Bashar al-Assad.",bbc.co.uk,http://www.bbc.co.uk/news/world-middle-east-25189834
2013-12-02,18:30:45,1rwjzx,124,Croatia changes constitution to ban Gay Marriage in a referendum heavily influenced by the catholic church,vecernji.hr,http://www.vecernji.hr/za-i-protiv/referendum-906121/live
2013-12-02,07:13:01,1rvaib,121,Former Israeli PM: Netanyahu has 'declared war on the US government',timesofisrael.com,http://www.timesofisrael.com/olmert-pms-attack-us-policies-misguided/
2013-12-02,07:00:54,1rv9gi,122,Major study that fuelled fears of GMOs retracted,canada.com,http://www.canada.com/technology/Study+that+fuelled+fear+genetically+modified+foods+retracted/9225411/story.html
2013-12-02,21:25:19,1rwqp1,117,"Nearly a century after the Armenian genocide, these people are still being slaughtered in Syria",independent.co.uk,http://www.independent.co.uk/voices/comment/nearly-a-century-after-the-armenian-genocide-these-people-are-still-being-slaughtered-in-syria-8975976.html
2013-12-02,03:13:17,1ruqga,99,China launches first moon mission,cnn.com,http://www.cnn.com/2013/12/01/world/asia/china-lunar-probe/index.html?hpt=hp_t2
2013-12-02,02:32:39,1run6i,93,"Pot-smoking Mountie returns serge, accuses RCMP of not helping members with PTSD",macleans.ca,http://www2.macleans.ca/2013/11/29/pot-smoking-mountie-returns-serge-accuses-rcmp-of-not-helping-members-with-ptsd/
2013-12-02,00:13:56,1rud1d,89,"Violent demonstrations have Thailand’s prime minister on the run - The PM is sister of Thaksin Shinawatra, a billionaire & former PM who himself was forced from office in a 2006 coup & is now in exile in Dubai still wielding significant influence in his home country.",qz.com,http://qz.com/152544/a-peoples-coup-has-thailands-prime-minister-on-the-run/
2013-12-02,00:42:43,1rueuk,85,US push on intellectual property violates international norms,alj.am,http://alj.am/1eDs16q
2013-12-02,03:42:32,1russv,63,Secret filming highlights poor care of U.K. brain injury victims - lying in urine and call bell ripped out from hand in the neuro-rehabilitation unit.,bbc.co.uk,http://www.bbc.co.uk/news/health-24958181
2013-12-02,15:22:50,1rwch4,56,"China's Jade Rabbit takes great hop for mankind • The Register | China’s first lunar rover, dubbed Yutu or ""Jade Rabbit"", has finally left the hutch today as part of the Chang’e 3 mission to become the first Moon landing probe sent up by the People’s Republic.",theregister.co.uk,http://www.theregister.co.uk/2013/12/02/launch_china_yutu_rabbit_moon_rover/
2013-12-02,01:34:03,1ruil3,43,Canadian police arrest spy for selling secrets to China,theglobeandmail.com,http://www.theglobeandmail.com/news/national/rcmp-to-announce-update-on-national-security-investigation/article15704364/
2013-12-02,23:04:01,1rww8d,36,A jail by another name: China labor camps now drug detox centers,ca.news.yahoo.com,http://ca.news.yahoo.com/jail-another-name-china-labor-camps-now-drug-121801118.html
2013-12-02,02:26:56,1rumr1,31,The Guardian: Israel's plan to forcibly resettle Negev Bedouins prompts global protests,theguardian.com,http://www.theguardian.com/world/2013/dec/01/israel-negev-bedouins-day-of-rage
2013-12-02,15:47:12,1rwdnb,33,"Google violated Dutch data protection laws, says watchdog",bbc.co.uk,http://www.bbc.co.uk/news/technology-25154252
2013-12-02,06:29:21,1rv6tw,24,Anti-government mass rally in Ukraine turns violent,usatoday.com,http://www.usatoday.com/story/news/world/2013/12/01/ukraine-rally-violence/3796821/
2013-12-02,23:31:06,1rwy60,27,Dark marketplace closes after theft of £3m in bitcoins,bbc.co.uk,http://www.bbc.co.uk/news/technology-25185225
