2013-12-22,03:09:49,1tes9b,3631,"The Economist’s country of the year: Uruguay for legalising gay marriage and cannabis which are ""obviously sensible"" and has ""increased the global sum of human happiness at no financial cost""",economist.com,http://www.economist.com/news/leaders/21591872-resilient-ireland-booming-south-sudan-tumultuous-turkey-our-country-year-earths-got?spc=scode&spv=xm&ah=9d7f7ab945510a56fa6d37c30b6f1709
2013-12-22,16:49:18,1tga6k,3455,"""Kill Gays"" bill just passed in Uganda - president expected to sign any day now",ugandaupdates.weebly.com,http://ugandaupdates.weebly.com/1/post/2013/12/kill-gays-bill-passes-sig-of-president-expected-within-30-days.html
2013-12-22,12:33:30,1tfwxj,1175,Cuba's Raul Castro calls for 'civilised relations' with US,bbc.co.uk,http://www.bbc.co.uk/news/world-latin-america-25479795
2013-12-22,23:49:31,1tgppi,1037,"Italian army reservist to be prosecuted for saving cat's life in Kosovo | Barbara Balanzoni, who saved dying cat while serving as a medical officer at a Nato base, is charged with insubordination",theguardian.com,http://www.theguardian.com/world/2013/dec/22/italian-army-reservist-prosecuted-cat-life
2013-12-22,15:25:25,1tg6qm,1033,"Documents leaked by Snowden, released after Biden's visit to Brazil, ended up enraging Rousseff and changed her plans to purchase Boeing's F/A-18 Super Hornet - she surprised the defense and diplomatic worlds by tapping Sweden's Saab to supply the jets",reuters.com,http://www.reuters.com/article/2013/12/20/us-boeing-brazil-insight-idUSBRE9BJ10P20131220
2013-12-22,19:58:53,1tgg4l,930,"Al-Qaeda in Yemen 'sorry' for hospital attack. In a rare public apology, its leader said that one of his fighters disobeyed orders and attacked a hospital attached to the defence ministry during a December assault that killed 52 people.",aljazeera.com,http://www.aljazeera.com/news/middleeast/2013/12/al-qaeda-yemen-sorry-hospital-attack-20131222102318821501.html
2013-12-22,19:19:16,1tgevx,738,Muslim staff at Marks & Spencer can refuse to sell alcohol and pork,telegraph.co.uk,http://www.telegraph.co.uk/finance/newsbysector/retailandconsumer/10532782/Muslim-staff-at-Marks-and-Spencer-can-refuse-to-sell-alcohol-and-pork.html
2013-12-22,04:49:01,1tezto,379,London School of Economics apologizes to atheist students for forcing them to cover-up T-shirt with Muhammad and Jesus,theguardian.com,http://www.theguardian.com/uk-news/2013/dec/20/lse-university-apology-students-atheism-tshirt-religion-jesus-muhammad?
2013-12-22,12:28:44,1tfwmn,364,"More than a hundred relations of Jang Song-thaek, who was executed by firing squad on charges of plotting to overthrow the North Korean state, have reportedly been arrested and sent to prison camps.",theage.com.au,http://www.theage.com.au/world/kim-jongun-rounds-up-the-relations-20131222-hv6p0.html
2013-12-22,20:42:48,1tghhm,349,"Top PR exec Justine Sacco under fire for sending racist tweet before flying to Africa. Justine Sacco, who is the communications director of IAC wrote: “Going to Africa. Hope I don't get AIDS. Just kidding. I’m white!”",independent.co.uk,http://www.independent.co.uk/news/people/news/top-pr-exec-under-fire-for-sending-racist-tweet-before-flying-to-africa-9019644.html
2013-12-22,05:16:13,1tf1uj,337,The number of government requests to remove content from Google's services has grown dramatically by 68% in the last year,telegraph.co.uk,http://www.telegraph.co.uk/technology/google/10529900/Google-reveals-spike-in-government-removal-requests.html
2013-12-22,17:37:33,1tgbsn,327,Anatomy of an ‘honour’ killing: Why a Palestinian community demanded a father murder his divorced daughter,news.nationalpost.com,http://news.nationalpost.com/2013/12/19/anatomy-of-an-honour-killing-why-a-palestinian-community-demanded-a-father-murder-his-divorced-daughter/
2013-12-22,12:20:22,1tfw45,282,"Saudi Arabia Announces Plans for Joint Gulf Military of 100,000 Troops (with UAE, Kuwait, Oman, Bahrain, Qatar)",rt.com,http://rt.com/news/joint-gulf-military-troops-625/
2013-12-22,00:08:47,1teffw,165,"Madagascar rivals both claim poll win, allege fraud after ""an entire airplane filled with pre-marked ballots"" had been discovered",news.yahoo.com,http://news.yahoo.com/madagascar-rivals-both-claim-poll-win-allege-fraud-133551961.html
2013-12-22,21:13:29,1tgija,157,"Israel condemns US spying revelations, calls for release of Jonathan Pollard, jailed in 1980s of spying for Israel",theguardian.com,http://www.theguardian.com/world/2013/dec/22/israel-condemns-us-spying-nsa-edward-snowden
2013-12-22,21:47:29,1tgjt3,150,Bomb Explodes on Bat Yam Bus; One Wounded,israelnationalnews.com,http://www.israelnationalnews.com/News/News.aspx/175415#.UrbtRHmRbJ8
2013-12-22,01:45:24,1tem4v,153,"Chinese media reports of plans to build a 110,000 ton 'super aircraft carrier' to rival US naval power",news.com.au,http://www.news.com.au/world/chinese-media-reports-of-plans-to-build-a-110000-ton-super-aircraft-carrier-to-rival-us-naval-power/story-fndir2ev-1226788022570
2013-12-22,04:32:25,1teyla,136,Former Japanese beauty queen takes on yakuza mafia in Japan,france24.com,http://www.france24.com/en/20131221-japanese-beauty-ikumi-yoshimatsu-yakuza-japan-mafia-crime/
2013-12-22,10:14:17,1tfnm9,130,EU fury over claims UK and US spied on competition chief,cnbc.com,http://www.cnbc.com/id/101291247
2013-12-22,06:50:14,1tf8w2,132,"A Syrian photographer who took pictures for Reuters on a freelance basis has been killed while covering fighting in Aleppo, activists said.",reuters.com,http://www.reuters.com/article/2013/12/21/us-syria-crisis-photographer-idUSBRE9BK09T20131221
2013-12-22,16:39:41,1tg9tt,128,"Germans riot over closure of cultural centre, 82 police officers injured in altercations with demonstrators in Hamburg",aljazeera.com,http://www.aljazeera.com/news/europe/2013/12/germany-riot-rote-flora-cultural-centre-20131221212719690678.html
2013-12-22,22:46:07,1tgmbh,122,"Three bombs exploded southern Thailand, injuring more than two dozen people in what appeared to be an attack by Islamic insurgents",theprovince.com,http://www.theprovince.com/news/bombs+explode+Thailands+insurgencyplagued+south+injuring+people/9315631/story.html
2013-12-22,21:37:55,1tgjfn,96,"Explosion on Israeli bus, no one hurt: police",reuters.com,http://www.reuters.com/article/2013/12/22/us-israel-blast-idUSBRE9BL06B20131222
2013-12-22,01:07:10,1tejg4,93,Suicide bombers kill 36 Shi'ite pilgrims in Iraq,defenceweb.co.za,http://www.defenceweb.co.za/index.php?option=com_content&view=article&id=33132&catid=74&Itemid=30
2013-12-22,19:41:54,1tgflt,61,"Canadian spy agency withheld information from court to get warrants, judge says",thestar.com,http://www.thestar.com/news/canada/2013/12/20/canadian_spy_agency_withheld_information_from_court_to_get_warrants_judge_says.html
2013-12-22,03:58:19,1tevxw,61,"In the Pope's first Christmas message to the Curia, the Roman Catholic Church's governing body, he urges them to avoid gossip: ""Gossip is harmful to people, our work and our surroundings.""",cnn.com,http://www.cnn.com/2013/12/21/world/europe/vatican-pope-christmas-message/index.html
2013-12-22,04:29:57,1teydk,56,An IRA sniper convicted of killing the last British soldier to die before the Good Friday peace agreement has been found dead in a house in the Irish Republic,belfasttelegraph.co.uk,http://www.belfasttelegraph.co.uk/news/local-national/republic-of-ireland/hit-squad-member-mcginn-found-dead-29858814.html
2013-12-22,21:55:05,1tgk4r,46,"250,000 customers without power as Toronto freezes in ice storm",thestar.com,http://www.thestar.com/news/gta/2013/12/22/toronto_weather_250000_customers_without_power_as_gta_freezes_in_ice_storm.html
2013-12-22,23:34:25,1tgouq,44,"Israel’s ‘working assumption’ is that the US eavesdrops on their communications: “If Angela Merkel’s personal phone was tapped by the Americans, what can Israel expect? It would almost be an insult if the US didn’t try it.”",rawstory.com,http://www.rawstory.com/rs/2013/12/22/israels-working-assumption-is-that-the-u-s-eavesdrops-on-their-communications/
2013-12-22,11:27:06,1tfske,38,CIA covert program in Colombia helped kill rebel leaders,washingtonpost.com,http://www.washingtonpost.com/sf/investigative/2013/12/21/covert-action-in-colombia/?wpisrc=al_national
