2013-08-25,00:08:44,1l06tn,2971,A 15-year-old girl who faced 100 lashes in the Maldives after she was raped by her step-father has had the sentence overturned following an international campaign.,independent.co.uk,http://www.independent.co.uk/news/world/asia/maldives-rape-victim-spared-the-lash-after-global-anger-8783406.html
2013-08-25,04:33:17,1l0mmt,2308,"David Miranda's detention is a threat to press freedom, say European editors - Newspapers urge prime minister to restore Britain's reputation for free press after holding of Guardian journalist's partner",theguardian.com,http://www.theguardian.com/world/2013/aug/24/david-miranda-detention-greenwald-press-editors
2013-08-25,05:35:20,1l0qgi,2141,"Land speculators destroy 2,700 year old Greek necropolis in Libya, throwing artifacts into a river",observers.france24.com,http://observers.france24.com/content/20130823-ancient-libyan-necropolis-threatened-cyrene?1
2013-08-25,21:48:26,1l1y4k,1206,"Syria has agreed to allow weapons inspectors full access to any site of a purported chemical weapons attack, effective immediately, Syria's Deputy Foreign Minister Faisal al Mekdad tells CNN's Fred Pleitgen.",edition.cnn.com,http://edition.cnn.com/2013/08/25/world/meast/syria-civil-war/
2013-08-25,09:03:14,1l135p,834,An open letter from four of the largest Nordic newspapers to Britains PM David Cameron regarding the treatment of The Guardian,aftenposten.no,http://www.aftenposten.no/kultur/Dear-Prime-Minister-Cameron--7289954.html
2013-08-25,11:00:14,1l1a6p,754,2 British women were beaten and detained in China for refusing to accept counterfeit goods. Their visas expired while they were stuck in jail and they are now in legal limbo.,scmp.com,http://www.scmp.com/news/china/article/1299246/british-women-beaten-and-left-stranded-following-row-guangzhou-shoe-shop
2013-08-25,21:31:32,1l1xm2,659,CSEC Commissioner: Canadians May Have Been Illegally Targeted in Surveillance Activities In Violation of the Law,michaelgeist.ca,http://www.michaelgeist.ca/content/view/6938/125/
2013-08-25,06:31:49,1l0u1n,639,Muslim Brotherhood leader is hiding in London,telegraph.co.uk,http://www.telegraph.co.uk/news/worldnews/africaandindianocean/egypt/10264408/Muslim-Brotherhood-leader-Gomaa-Amin-is-in-hiding-in-London.html
2013-08-25,00:29:13,1l07w3,610,"Medecins Sans Frontieres says it treated about 3,600 patients with 'neurotoxic symptoms' in Syria, of whom 355 died",bbc.co.uk,http://www.bbc.co.uk/news/world-middle-east-23827950
2013-08-25,23:07:15,1l2147,413,Did New Zealand Spooks Tap Into PRISM To Spy On Dotcom?: 'Police affidavits appear to show that NZ police and spy agencies are able to tap directly into US surveillance systems...',techdirt.com,http://www.techdirt.com/articles/20130823/09375924294/did-new-zealand-spooks-tap-into-prism-to-spy-dotcom.shtml
2013-08-25,08:33:43,1l11gp,370,"Egypt Widens Crackdown and Meaning of 'Islamist' - Anyone who opposes the regime, even liberal groups, are being branded Islamists and arrested on false charges",nytimes.com,http://www.nytimes.com/2013/08/25/world/middleeast/egypt-widens-crackdown-and-meaning-of-islamist.html?_r=2&&gwh=DC78DA691758867B45F9AC10EEEC1264
2013-08-25,06:12:31,1l0ssn,320,Scandinaivian publishers write Open Letter to David Cameron in the midst of recent events in the snowden case,dn.se,http://www.dn.se/nyheter/varlden/dear-prime-minister-cameron/
2013-08-25,14:21:56,1l1kjt,316,UK government given Tuesday deadline over David Miranda data: Judges ask government to provide detailed evidence about why it wants right to trawl and share data seized using terror laws,theguardian.com,http://www.theguardian.com/world/2013/aug/23/government-david-miranda-data
2013-08-25,03:53:08,1l0k4p,312,Secret vodka smuggling pipeline discovered under Kyrgyzstan river,theverge.com,http://www.theverge.com/2013/8/24/4654508/authorities-find-vodka-smuggling-pipeline-kyrgyzstan-river
2013-08-25,11:37:01,1l1c6v,299,"Plumpy'Nut: The lifesaver that costs... well, peanuts: life-saving peanut paste, first trialled during a famine in Niger eight years ago, is reaching two million of the world's most severely malnourished children a year",independent.co.uk,http://www.independent.co.uk/news/world/africa/plumpynut-the-lifesaver-that-costs-well-peanuts-8783650.html
2013-08-25,22:53:33,1l20j4,292,"Censorship Doesn’t Just Stifle Speech — It Can Spread Disease -- ""[MERS] is mysterious, far more so than it should be—because Saudi Arabia, where the majority of cases have clustered, has been tight-lipped about the disease’s spread""",wired.com,http://www.wired.com/opinion/2013/08/ap_mers/
2013-08-25,08:52:50,1l12i6,255,Syria: Cameron and Obama agree to military strike over chemical weapons,mirror.co.uk,http://www.mirror.co.uk/news/world-news/syria-cameron-obama-agree-military-2218347?utm_source=twitterfeed&utm_medium=twitter
2013-08-25,02:18:36,1l0eav,180,Syria: Mideast will burn if we're attacked,ynetnews.com,"http://www.ynetnews.com/articles/0,7340,L-4421637,00.html"
2013-08-25,02:11:40,1l0dut,169,"Ecuador looks to ban publication of classified documents, despite 'housing' WikiLeaks founder Julian Assange",techdirt.com,http://www.techdirt.com/articles/20130821/22402024279/ecuador-looks-to-ban-wikileaks-like-offerings-despite-housing-assange.shtml
2013-08-25,01:39:15,1l0bur,153,"3,600 Syrians show 'neurotoxic symptoms'",telegraph.feedsportal.com,http://telegraph.feedsportal.com/c/32726/f/564430/s/305892e2/sc/20/l/0L0Stelegraph0O0Cnews0Cworldnews0Cmiddleeast0Csyria0C10A26430A20C360A0A0ESyrians0Eshowing0Eneurotoxic0Esymptoms0Bhtml/story01.htm
2013-08-25,07:40:13,1l0y5q,150,Editors of four major Scandinavian papers write an open letter to David Cameron,theguardian.com,http://www.theguardian.com/theobserver/2013/aug/24/cameron-press-freedom-security-miranda
2013-08-25,06:42:59,1l0uq7,102,"Two Russian bombers have violated Japanese airspace near its major southern island of Kyushu on Thursday, prompting Tokyo to scramble its own F-2 combat jets and lodge a protest, reports say.",rbth.asia,http://rbth.asia/news/2013/08/22/japan_accuses_russia_of_intrusion_scrambles_jets_48583.html
2013-08-25,22:21:13,1l1zap,96,Greenpeace campaigners invade Belgian Grand Prix to protest against sponsors Shell,dailymail.co.uk,http://www.dailymail.co.uk/sport/formulaone/article-2401718/Greenpeace-campaigners-invade-Belgian-Grand-Prix-protest-sponsors-Shell.html?ito=feeds-newsxml
2013-08-25,13:00:18,1l1go4,92,"Jihadist Group Boko Haram Attacks Nigerian Village Killing 44, Survivors Have Their Eyes Gouged Out",premiumtimesng.com,http://premiumtimesng.com/news/143369-suspected-boko-haram-members-kill-44-in-borno-village.html
2013-08-25,07:28:02,1l0xfp,81,Scotland Yard under fire over arbitrary terror arrests - IPCC investigating 25 complaints about Schedule 7 detentions at borders as Britain’s biggest force given ultimatum after refusing to hand over evidence,independent.co.uk,http://www.independent.co.uk/news/uk/crime/exclusive-police-under-fire-over-arbitrary-terror-arrests-at-uk-borders-8782862.html
2013-08-25,18:03:14,1l1s6x,84,Iran warns against U.S. crossing Syria 'red line',reuters.com,http://www.reuters.com/article/2013/08/25/us-syria-crisis-general-idUSBRE97O03V20130825
2013-08-25,05:00:01,1l0o8z,78,"Syria will allow UN inspectors to visit a site near Damascus where an alleged chemical weapons attack is said to have killed hundreds of people, Iran's foreign minister said Saturday.",google.com,http://www.google.com/hostednews/afp/article/ALeqM5jvh2FNuF-9uQ8vRJQHJfSNfOYu7Q?docId=CNG.d9a1cf26fc4204e49206a80caa4363c5.261
2013-08-25,14:06:16,1l1jti,66,Next version of the web will have resistance to surveillance at its core,nakedsecurity.sophos.com,http://nakedsecurity.sophos.com/2013/08/24/next-version-of-the-web-will-have-resistance-to-surveilance-at-its-core/
2013-08-25,09:27:22,1l14q2,66,Cameron & Obama conclude in phone call that Bashar al-Assad responsible for chemical assault,theguardian.com,http://www.theguardian.com/world/2013/aug/24/syria-cameron-obama-intervention
2013-08-25,05:50:29,1l0re5,60,Snowden tricked NSA - and they don't know how he did it,rt.com,http://rt.com/news/snowden-nsa-safeguards-logs-943/
