2013-05-22,12:57:22,1etaxd,2986,North Korea's hidden labor camps exposed: A new UN panel is vowing to hold North Korea's Kim regime to 'full accountability' for decades of mass crime and murder. Will Pyongyang face ICC indictment?,csmonitor.com,http://www.csmonitor.com/World/Asia-Pacific/2013/0521/North-Korea-s-hidden-labor-camps-exposed?nav=88-csm_category-topStories
2013-05-22,22:49:05,1eu0hi,2901,"Pope proclaims all redeemed, even atheists. ""The Lord has redeemed all of us, all of us, with the Blood of Christ: all of us, not just Catholics. Everyone! 'Father, the atheists?' Even the atheists. Everyone!""",en.radiovaticana.va,http://en.radiovaticana.va/news/2013/05/22/pope_at_mass:_culture_of_encounter_is_the_foundation_of_peace/en1-694445
2013-05-22,03:20:43,1es1bm,2053,Gay Marriage Bill Passed in the UK,bbc.co.uk,http://www.bbc.co.uk/news/uk-politics-22605011
2013-05-22,10:36:42,1et04m,882,2nd day of riots in Stockholm suburb shakes Sweden.,abcnews.go.com,http://abcnews.go.com/International/wireStory/arrested-riots-stockholm-suburb-19223257#.UZvD8Dmd7IU
2013-05-22,23:10:54,1eu1tm,475,"POLICE have twice stopped a woman, 73, from boarding a plane to Africa to meet an online romance scammer who fleeced her of $75,000.",news.com.au,http://www.news.com.au/breaking-news/police-rescue-woman-from-flying-to-africa-to-meet-online-scammer/story-e6frfkp9-1226648699654
2013-05-22,02:59:16,1erzj4,416,Torture Victim’s Body Is Found Near U.S. Base: Afghan investigators say the man was seen in a videotape undergoing torture at the hands of an Afghan-American translator for a U.S. Special Forces unit,nytimes.com,http://www.nytimes.com/2013/05/22/world/asia/torture-victims-body-is-found-near-us-base-afghans-say.html?smid=re-share
2013-05-22,21:27:55,1etw1o,410,"Malaysian man who is charged with raping a 13-year-old girl before marrying her under sharia law has provoked national outrage, as the father claims the accused paid the family",guardian.co.uk,http://www.guardian.co.uk/world/2013/may/22/malaysian-rapist-marries-victim-girl
2013-05-22,19:15:32,1etr35,364,"Mystery Irish Potato Famine pathogen identified 170 years later - It's the 1st ancient plant genome to be successfully sequenced, a breakthrough expected to help fight modern agricultural diseases",wired.co.uk,http://www.wired.co.uk/news/archive/2013-05/21/irish-potato-famine
2013-05-22,03:15:00,1es0v6,341,"German software giant to recruit hundreds of people with autism after pilot project succeeded: ""SAP sees a potential competitive advantage to leveraging the unique talents of people with autism""",washingtonpost.com,http://www.washingtonpost.com/business/technology/german-software-firm-sap-to-recruit-hundreds-of-people-with-autism-for-specialist-positions/2013/05/21/881d6334-c235-11e2-9642-a56177f1cdf7_story.html
2013-05-22,20:41:46,1etu3q,295,"World on course to run out of water, warns Ban Ki-moon Freshwater supply and water quality under pressure, warns UN secretary general on International Day of Biological Diversity",guardian.co.uk,http://www.guardian.co.uk/environment/2013/may/22/world-run-out-water-ban-ki-moon1
2013-05-22,12:27:40,1et8tc,263,Libyan Islamists Bomb Catholic Church In Benghazi,maltatoday.com.mt,http://www.maltatoday.com.mt/en/newsdetails/news/world/Bombers-target-Catholic-church-in-Benghazi-priests-escape-unhurt-20130519#.UZqgr4aZBww.email
2013-05-22,01:04:02,1erqj4,227,Nutella lawyers shut down what other companies would consider a wet dream,thegist.com,http://thegist.com/news/684/nutella-lawyers-shut-down-what-other-companies-would-consider-a-wet-dream
2013-05-22,06:27:48,1esh2k,199,UK justice minister insists the UK Pakistani community must tackle grooming (rape) gangs,telegraph.co.uk,http://www.telegraph.co.uk/news/10065046/Pakistani-community-must-tackle-grooming-gangs-justice-minister-insists.html
2013-05-22,23:15:05,1eu23b,184,"Russian drunk driver who killed 7, including 5 orphans, at bus stop gets 8 and a half years",foxnews.com,http://www.foxnews.com/world/2013/05/22/russian-drunk-driver-who-killed-7-including-5-orphans-at-bus-stop-gets-8-and/
2013-05-22,10:35:15,1et00f,171,Koreans more racist than Chinese or Japanese,english.chosun.com,http://english.chosun.com/site/data/html_dir/2013/05/20/2013052001160.html
2013-05-22,13:05:26,1etbh0,171,China agrees to impose carbon targets by 2016.,independent.co.uk,http://www.independent.co.uk/environment/climate-change/china-agrees-to-impose-carbon-targets-by-2016-8626101.html
2013-05-22,05:38:10,1escuh,155,Godless funerals thrive in ‘post-Catholic’ Ireland. 'The growth has come amid a backdrop of church decline. The number of people who call themselves Catholics is at an all-time low',washingtonpost.com,http://www.washingtonpost.com/national/on-faith/godless-funerals-thrive-in-post-catholic-ireland/2013/05/21/d6822930-c24c-11e2-9642-a56177f1cdf7_story.html?
2013-05-22,06:46:27,1esimu,115,Number of Afghan women jailed for fleeing abuse soars | World news,guardian.co.uk,http://www.guardian.co.uk/world/2013/may/21/afghan-women-jailed-abuse
2013-05-22,11:59:44,1et6oa,108,Quebec area where cancer rates are 80 times higher to be studied,theglobeandmail.com,http://www.theglobeandmail.com/news/national/quebec-area-where-cancer-rates-are-80-times-higher-to-be-studied/article12033398/
2013-05-22,21:57:09,1etxjd,102,Lithuanian Foreign Minister: Israel risks facing boycott of all Israeli goods by European countries,jpost.com,http://www.jpost.com/National-News/Lithuanian-FM-to-Israel-Heed-settlement-goods-label-issue-313937
2013-05-22,20:02:08,1etsng,98,US Senate committee votes to provide weapons to Syrian rebels,english.ruvr.ru,http://english.ruvr.ru/news/2013_05_22/US-Senate-committee-votes-to-provide-weapons-to-Syrian-rebels-950/
2013-05-22,12:55:02,1etar8,95,Body of Footless Torture Victim Unearthed Near US Special Forces Base in Afghanistan: Latest development deepens mystery surrounding activities in Wardak Province,commondreams.org,http://www.commondreams.org/headline/2013/05/21-6
2013-05-22,21:25:49,1etvyd,91,Millions falling into poverty in recession-racked Italy: report,reuters.com,http://www.reuters.com/article/2013/05/22/us-italy-economy-poverty-idUSBRE94L0AX20130522?feedType=RSS&feedName=topNews&utm_source=dlvr.it&utm_medium=twitter&dlvrit=992637
2013-05-22,19:43:57,1ets1i,90,No Swimming: Britain has some of the worst quality bathing water in Europe - Only Belgium & the Netherlands had more sites which failed to meet minimum EU requirements,independent.co.uk,http://www.independent.co.uk/news/world/europe/no-swimming-britain-has-some-of-the-worst-quality-bathing-water-in-europe-8626072.html
2013-05-22,06:37:31,1eshvu,87,Spain spent $680 million building submarines that are so heavy they just sink to the bottom of the ocean,qz.com,http://qz.com/86988/spain-just-spent-680-million-on-a-submarine-that-cant-swim/
2013-05-22,13:14:40,1etc3c,67,"Malawi's President Joyce Banda has decried the lack of support for one another amongst women, a problem she says exists throughout the whole world. ""There were more men than women fighting for me. Women at the top don’t support one another. Women don’t like female bosses.""",news24.com,http://www.news24.com/Africa/News/Women-dont-like-female-bosses-Banda-20130521
2013-05-22,00:40:42,1eros4,72,"Saudi Arabia executes 5 Yemenis, displays bodies",gulfnews.com,http://gulfnews.com/news/gulf/saudi-arabia/saudi-arabia-executes-5-yemenis-displays-bodies-1.1186394
2013-05-22,14:04:16,1etf2l,66,"Sweden riots continue after police shooting - Windows smashed, cars and several containers set on fire, and seven police officers injured in a Stockholm suburb.",aljazeera.com,http://www.aljazeera.com/news/europe/2013/05/2013521234814665777.html
2013-05-22,02:40:29,1ery3n,65,"Ex-president Rafsanjani and Mashaei, Ahmadinejad's close ally barred from Iran presidency poll",bbc.co.uk,http://www.bbc.co.uk/news/world-middle-east-22615000
2013-05-22,04:12:34,1es5o4,56,Sharp rise in jail terms for Afghan rape and abuse victims,telegraph.co.uk,http://www.telegraph.co.uk/news/worldnews/asia/afghanistan/10070377/Sharp-rise-in-jail-terms-for-Afghan-rape-and-abuse-victims.html
