2013-10-03,08:22:01,1nm8nr,4636,"New evidence reveals FBI demands companies secretly turn over crypto keys, allowing them to simultaneously wiretap all customers worldwide, and threatens to jail them if they violate the gag order",wired.com,http://www.wired.com/threatlevel/2013/10/lavabit_unsealed?ref=cm
2013-10-03,09:47:24,1nmet2,3319,Unsealed Lavabit documents show owner defied US government court order for SSL key and destroyed the servers instead,arstechnica.com,http://arstechnica.com/tech-policy/2013/10/lavabit-defied-order-for-snowdens-login-info-then-govt-asked-for-sites-ssl-key/
2013-10-03,00:48:37,1nl766,3266,"FBI raids alleged online drug market Silk Road, arrests owner",reuters.com,http://www.reuters.com/article/2013/10/02/us-crime-silkroad-raid-idUSBRE9910TR20131002
2013-10-03,06:46:03,1nm15a,3117,"Edward Snowden's E-Mail Provider Defied FBI Demands to Turn Over Crypto Keys, Documents Show - Faced $5,000 Daily Fine",wired.com,http://www.wired.com/threatlevel/2013/10/lavabit_unsealed/
2013-10-03,13:10:17,1nmtkv,2839,Police caught in the act trying to incriminate innocent brazilian protester by planting explosives in his bag,oglobo.globo.com,http://oglobo.globo.com/videos/t/o-globo-hd/v/policial-forja-flagrante-durante-protesto-no-centro-do-rio/2862943/
2013-10-03,16:16:51,1nn2w9,2383,"Pope Francis: 'I believe in God, not in a Catholic God'",deseretnews.com,http://www.deseretnews.com/article/765639009/Pope-Francis-I-believe-in-God-not-in-a-Catholic-God.html
2013-10-03,22:41:06,1nni9z,2172,"For sale: Chinese babies and children. $8k for a baby boy, $2500 for a newborn. Many ""buyers"" are from Western countries.",globalpost.com,http://www.globalpost.com/dispatch/news/regions/asia-pacific/china/131002/China-child-abductions-reunion
2013-10-03,09:01:10,1nmbkc,1302,Canada Rolls Out a ‘$1 Billion’ Privatized Medical Marijuana Industry,world.time.com,http://world.time.com/2013/10/02/canada-ushers-in-a-1-billion-privatized-medical-marijuana-industry/
2013-10-03,07:35:16,1nm506,1223,85 year old Canadian farmer is forced to surrender land that has been in his family for two centuries to allow for expansion of a military base,macleans.ca,http://www2.macleans.ca/2013/10/01/85-year-old-farmer-loses-land-battle-though-military-grants-him-one-last-harvest/#.Ukx8BZlAi7I.facebook
2013-10-03,03:49:48,1nlmhc,810,The Russian Embassy in Libya is currently under attack.,rt.com,http://rt.com/news/libya-russian-embassy-attack-651/
2013-10-03,19:54:14,1nna5n,816,"No more free delivery and special discounts: France moves against Amazon which is ""destroying"" bookstores.",thelocal.fr,http://www.thelocal.fr/20131003/french-mps-to-target-amazon-with-law-change
2013-10-03,21:41:57,1nneu6,794,Chinese tourists warned not to pick noses or urinate in public,cnbc.com,http://www.cnbc.com/id/101079864
2013-10-03,02:18:33,1nlewe,761,NSA Now Claiming 'Terrorist Chatter' Leak By Unnamed Govt Officials 'More Damaging' Than All Of Snowden's Combined,techdirt.com,http://www.techdirt.com/articles/20131001/15163124717/nsa-now-claiming-terrorist-chatter-leak-unnamed-govt-officials-more-damaging-than-all-snowdens-combined.shtml
2013-10-03,00:38:11,1nl6b3,673,"Lavabit founder raises $20,000 to fund court battle",theguardian.com,http://www.theguardian.com/technology/2013/oct/02/lavabit-founder-nsa-secure-email-edward-snowden
2013-10-03,22:50:16,1nniuk,532,"Teachers in China have the highest levels of public respect, according to an international study comparing their status in 21 countries.",bbc.co.uk,http://www.bbc.co.uk/news/education-24381946
2013-10-03,17:53:05,1nn67y,536,Fukushima nuclear plant operator says another tank is leaking toxic water,reuters.com,http://www.reuters.com/article/2013/10/03/japan-fukushima-water-idUSL4N0HS3N320131003
2013-10-03,23:41:15,1nnme5,498,IMF says US must solve debt crisis,bbc.co.uk,http://www.bbc.co.uk/news/business-24384759
2013-10-03,00:24:17,1nl586,412,Tom Clancy dead at age 66,cbc.ca,http://www.cbc.ca/m/touch/news/story/1.1875996
2013-10-03,15:31:54,1nn12h,380,Health of oceans declining fast,bbc.co.uk,http://www.bbc.co.uk/news/science-environment-24369244
2013-10-03,01:44:13,1nlbu0,282,"BBC News - David Cameron suggests cutting benefits for under 25's. So they are ""Either learning or earning""",bbc.co.uk,http://www.bbc.co.uk/news/uk-politics-24369514
2013-10-03,09:28:27,1nmdg7,226,Ancient 300 year-old City Of Idu Discovered Beneath Mound In Iraq,world.time.com,http://world.time.com/2013/10/02/ancient-city-discovered-beneath-mound-in-northern-iraq/#
2013-10-03,21:04:44,1nnd12,204,AP News: At least 94 dead in migrant shipwreck off Italy,m.apnews.mobi,http://m.apnews.mobi/ap/db_6776/contentdetail.htm?contentguid=iUaqVtHn
2013-10-03,04:30:48,1nlpx4,171,Russian Embassy in Libya attacked,reuters.com,http://www.reuters.com/article/2013/10/02/us-libya-embassy-attack-idUSBRE99112020131002?feedType=RSS&feedName=topNews
2013-10-03,18:10:51,1nn6sm,144,CIA ramping up covert training program for moderate Syrian rebels,washingtonpost.com,http://www.washingtonpost.com/world/national-security/cia-ramping-up-covert-training-program-for-moderate-syrian-rebels/2013/10/02/a0bba084-2af6-11e3-8ade-a1f23cda135e_story.html
2013-10-03,04:41:40,1nlqrw,131,Iranian cyber warfare commander shot dead in suspected assassination,telegraph.co.uk,http://www.telegraph.co.uk/news/worldnews/middleeast/iran/10350285/Iranian-cyber-warfare-commander-shot-dead-in-suspected-assassination.html
2013-10-03,21:15:18,1nndit,129,Iran's cyberwarfare czar is allegedly assassinated,news.cnet.com,http://news.cnet.com/8301-1009_3-57605795-83/irans-cyberwarfare-czar-is-allegedly-assassinated/
2013-10-03,10:12:51,1nmgmu,115,Alawite villages attacked by Islamists,theguardian.com,http://www.theguardian.com/world/2013/oct/02/syria-massacre-reports-alawites-assad
2013-10-03,23:38:35,1nnm7u,117,Silk Road owner charged in second assassination plot.,dailydot.com,http://www.dailydot.com/news/dread-pirate-roberts-silk-road-second-murder-plot/?utm_source=dlvr.it&utm_medium=tumblr
2013-10-03,09:55:44,1nmff6,106,A New Radioactive Leak Has Been Discovered at Japan's Fukushima Nuclear Plant,theaustralian.com.au,http://www.theaustralian.com.au/news/world/japans-fukushima-nuclear-plant-springs-new-radioactive-leak/story-e6frg6so-1226732086441#sthash.ZKMczJl5.dpufhttp://www.theaustralian.com.au/news/world/japans-fukushima-nuclear-plant-springs-new-radioactive-leak/story-e6frg6so-1226732086441
2013-10-03,21:10:11,1nndb6,107,Agreement will allow U.S. to fly long-range surveillance drones from base in Japan,washingtonpost.com,http://www.washingtonpost.com/world/agreement-will-allow-us-to-fly-long-range-surveillance-drones-from-base-in-japan/2013/10/03/aeba1ccc-2be8-11e3-83fa-b82b8431dc92_story.html?hpid=z3
