2013-06-13,21:37:46,1g9ih5,2912,"Defend Edward Snowden! Snowden is not the one betraying the democratic principles embodied in the Bill of Rights. By exposing the conspiracy against these rights and coming forward at the cost of his career and possibly his life, he is defending them.",wsws.org,http://wsws.org/en/articles/2013/06/13/pers-j13.html
2013-06-13,17:05:54,1g98td,2427,"Kim Dotcom: concerns over government tyranny are legitimate ""Prism: concerns over government tyranny are legitimate ""The post 9/11 security narrative has eroded our privacy rights in favour of government control. Prism should be discontinued immediately""",guardian.co.uk,http://www.guardian.co.uk/commentisfree/2013/jun/13/prism-utah-data-center-surveillance
2013-06-13,22:58:55,1g9n21,1807,Afghan Doctor Killed by Angry Mob for Examining a Female Patient Without a 'Chaperone',nytimes.com,http://www.nytimes.com/2013/06/14/world/asia/afghan-doctor-is-killed.html?_r=0
2013-06-13,19:45:17,1g9e1j,1403,"Turkish Prime Minister issues a ""final warning"" to protesters to leave Gezi Park in Istanbul",bbc.co.uk,http://www.bbc.co.uk/news/world-europe-22889060
2013-06-13,04:26:51,1g7rxw,1258,Obama administration convinced EU to drop measure that would have blocked NSA spying,washingtonpost.com,http://www.washingtonpost.com/blogs/worldviews/wp/2013/06/12/obama-administration-convinced-eu-to-drop-measure-that-would-have-blocked-nsa-spying/
2013-06-13,17:00:30,1g98m7,1071,Kim Dotcom releases new raid footage captured by in house CCTV,torrentfreak.com,http://torrentfreak.com/kim-dotcom-releases-new-raid-footage-captured-by-in-house-cctv-130613/
2013-06-13,23:47:09,1g9qf1,1021,Justices rule human genes cannot be patented,freep.com,http://www.freep.com/usatoday/article/2382053
2013-06-13,00:12:17,1g76o2,513,Gays and religion offenders are criminals now in Russia.,m.digitaljournal.com,http://m.digitaljournal.com/article/352045
2013-06-13,08:58:15,1g8egn,478,Hong Kong activists plan rally in support of Edward Snowden: Eleven organisations plan to stage march to oppose extradition to the US of former CIA employee behind NSA spying claims,guardian.co.uk,http://www.guardian.co.uk/world/2013/jun/12/hong-kong-rally-edward-snowden
2013-06-13,22:13:40,1g9k8v,471,"Maid dies after torture, weighing 38 kg/80 lb.",thenational.ae,http://www.thenational.ae/news/uae-news/courts/maid-dies-after-being-starved-and-beaten-dubai-court-told
2013-06-13,21:49:02,1g9j13,444,"Turkish PM says Taksim Square will be cleared within 24 hours, lashes out at EU resolution condemning excessive use of force, suggests Israel satisfied with unrest",ynetnews.com,"http://www.ynetnews.com/articles/0,7340,L-4391972,00.html"
2013-06-13,10:27:02,1g8l14,410,"Snowden: ""[I] would rather stay and fight the United States government in the courts, because I have faith in Hong Kong's rule of law.""",cnn.com,http://www.cnn.com/2013/06/12/politics/nsa-leak
2013-06-13,06:44:59,1g83tn,244,Syrian rebels massacre entire christian village.,syriareport.net,http://syriareport.net/syria-militants-massacre-christian-village/
2013-06-13,04:35:16,1g7snl,235,"Snowden Claims U.S. 'Trying to Bully' Hong Kong for Extradition: ""I am not here to hide from justice; I am here to reveal criminality,”",commondreams.org,http://www.commondreams.org/headline/2013/06/12-1
2013-06-13,23:01:38,1g9n88,227,"France Disconnects First File-Sharer From the Internet -- After three years and millions of warning letters, the French three-strikes anti-piracy law ‘Hadopi’ has resulted in the first Internet disconnection",torrentfreak.com,http://torrentfreak.com/france-disconnects-first-file-sharer-from-the-internet-130613/
2013-06-13,19:10:34,1g9cub,177,Brazillian journalist killed with 44 bullets: “We have information that his newspaper was very combative and that he made many accusations”,hispanicallyspeakingnews.com,http://www.hispanicallyspeakingnews.com/latino-daily-news/details/44-bullets-kill-brazil-newspaper-editor/25113/
2013-06-13,11:08:22,1g8o0k,159,"1/3 of All Honeybee Colonies in England Didn't Survive Winter - British Beekeepers Association attributes worst losses since survey began to washout summer leading to long winter, exacerbated by late spring",guardian.co.uk,http://www.guardian.co.uk/environment/2013/jun/13/honeybee-colonies-england-winter
2013-06-13,19:51:00,1g9e9f,133,Turkey protests: Lone Pianist brings welcome calm to Taksim Square,independent.co.uk,http://www.independent.co.uk/news/world/europe/turkey-protests-pianist-brings-welcome-calm-to-taksim-square-8656968.html
2013-06-13,21:38:36,1g9ii7,124,"Death Toll in Syria Tops 93,000 since start of conflict",epochtim.es,http://epochtim.es/bFAH
2013-06-13,23:47:50,1g9qgk,121,Afghan parliament upholds right to marry children,washingtontimes.com,http://www.washingtontimes.com/news/2013/jun/10/afghan-parliament-upholds-right-marry-children/
2013-06-13,10:27:06,1g8l1e,122,"The government may have not received personal data from the tech giants directly, but private contractors that comprise %70 percent of the NSA may have...",video.cnbc.com,http://video.cnbc.com/gallery/?play=1&video=3000174712
2013-06-13,10:10:16,1g8jtu,107,Afghan parliament upholds right to marry children,m.washingtontimes.com,http://m.washingtontimes.com/news/2013/jun/10/afghan-parliament-upholds-right-marry-children/
2013-06-13,11:55:46,1g8rhm,101,Turkish protesters party in square despite ruling party call,reuters.com,http://www.reuters.com/article/2013/06/12/us-turkey-protests-idUSBRE9590QA20130612
2013-06-13,16:05:09,1g96e8,79,Syria: 60 Shia Muslims massacred in rebel ‘cleansing’ of Hatla,independent.co.uk,http://www.independent.co.uk/news/world/middle-east/syria-60-shia-muslims-massacred-in-rebel-cleansing-of-hatla-8656301.html
2013-06-13,03:50:46,1g7ot6,77,EU warns US of 'grave consequences' from intel scandal,france24.com,http://www.france24.com/en/20130612-eu-warns-us-grave-consequences-intel-scandal
2013-06-13,23:12:48,1g9nw9,80,"""Meat production has increased more than 600% since 1950, and demand for certain types of meat are already taxing the limits of the Earth’s ability to produce them""",qz.com,http://qz.com/93900/we-produce-6-times-more-meat-than-we-did-in-1950-heres-what-that-means-for-animals-and-the-earth/
2013-06-13,01:40:47,1g7dnr,75,Man survives two days under the sea in a shipwreck at the bottom of the ocean,reuters.com,http://www.reuters.com/article/2013/06/12/nigeria-shipwreck-idUSL5N0EO20320130612
2013-06-13,00:03:16,1g7607,75,Turkish police launch brutal crackdown on Taksim Square protests,wsws.org,http://www.wsws.org/en/articles/2013/06/12/turk-j12.html
2013-06-13,19:35:30,1g9doz,74,NSA Director Admits – We Can Track Your Thoughts,topinfopost.com,http://topinfopost.com/2013/06/13/nsa-director-admits-we-can-track-your-thoughts
2013-06-13,07:42:54,1g88l8,70,Some 300 Cambodian Nike workers fired after protests,csmonitor.com,http://www.csmonitor.com/World/Asia-Pacific/2013/0612/Some-300-Cambodian-Nike-workers-fired-after-protests?nav=87-frontpage-entryNineItem
