2013-07-09,22:47:44,1hxmrc,4067,Hero Fukushima ex-manager who foiled nuclear disaster dies of cancer: It was Yoshida’s own decision to disobey HQ orders to stop using seawater to cool the reactors. Instead he continued to do so and saved the active zones from overheating and exploding,rt.com,http://rt.com/news/fukushima-manager-yoshida-dies-cancer-829/
2013-07-09,14:19:07,1hx1iw,3367,Majority of people worldwide believe corruption has worsened - governments less effective at curbing it since 2008 financial collapse,nytimes.com,http://www.nytimes.com/reuters/2013/07/09/world/middleeast/09reuters-corruption-transparency-media.html?hp
2013-07-09,01:17:14,1hvdb4,3201,New Edward Snowden video interview released,guardian.co.uk,http://www.guardian.co.uk/world/video/2013/jul/08/edward-snowden-video-interview
2013-07-09,01:01:23,1hvc2q,2876,Ireland's High Court refuses to grant arrest warrant for Snowden - The Irish Times,irishtimes.com,http://www.irishtimes.com/news/crime-and-law/high-court-refuses-to-grant-arrest-warrant-for-snowden-1.1456798
2013-07-09,11:41:14,1hwqm5,2466,How The Guardian Broke the Snowden Story ... and what it says about the British media company's emerging threat to The New York Times.,theatlantic.com,http://www.theatlantic.com/national/archive/2013/07/how-i-the-guardian-i-broke-the-snowden-story/277486/
2013-07-09,23:34:07,1hxpsd,2432,"Snowden chooses Venezuela for asylum, ‘agrees’ to Maduro offer – Russian MP",rt.com,http://rt.com/news/snowden-venezuela-asylum-request-844/
2013-07-09,23:11:41,1hxoae,2428,"Warren Buffett just donated 22,870,529 shares of Berkshire Hathaway stock to five charities. The gift is worth $2.6 billion.",cnbc.com,http://www.cnbc.com/id/100871256
2013-07-09,00:10:39,1hv8ds,2248,"President of Zimbabwe tells gay couples to have a baby or they face jail ""“I should like to shut them up in some room and see if they get pregnant. If they don’t then its jail because they have claimed they can have children. So, to that kind of rot, we say no!”",planetivy.co.uk,http://planetivy.co.uk/offbeat/56531/mugabe-tells-gay-couples-to-have-a-baby-or-they-face-jail/
2013-07-09,00:25:39,1hv9h0,2197,Billionaire Gives His $3 Million Bonus To Workers,huffingtonpost.com,http://www.huffingtonpost.com/2013/07/08/oleg-deripaska-bonus_n_3560778.html?ncid=edlinkusaolp00000009
2013-07-09,00:19:17,1hv900,2036,A 16-year-old boy was arrested at a Pink concert in Australia after he tweeted a reference to the singer's “Timebomb” song,rawstory.com,http://www.rawstory.com/rs/2013/07/08/tweet-referencing-pinks-song-timebomb-gets-teen-arrested-at-concert/
2013-07-09,20:02:27,1hxf7k,1892,Fukushima groundwater now 90x more radioactive than Friday,tepco.co.jp,http://www.tepco.co.jp/en/press/corp-com/release/2013/1228798_5130.html
2013-07-09,23:16:07,1hxoky,1472,"Gay tourists could face jail following new anti-gay law in Russia. “LGBT people in Russia are scared, they live in fear""",planetivy.co.uk,http://planetivy.co.uk/offbeat/56860/new-anti-gay-laws-in-russia/
2013-07-09,06:52:20,1hw4z5,1211,"Ruling party in Turkey stops own bill, thinking it was proposed by the opposition",hurriyetdailynews.com,http://www.hurriyetdailynews.com/ruling-party-scores-own-goal-in-stopping-own-bill-in-turkey.aspx?pageID=238&nID=50296&NewsCatID=338
2013-07-09,09:14:12,1hwfsa,1168,"The European Union has brokered a legally-binding deal to improve worker rights and safety standards in Bangladesh, but some US companies, including Wal-Mart and Gap, have opted out, on the grounds that the deal gives too much power to local unions.",standard.co.uk,http://www.standard.co.uk/business/business-news/europe-agrees-bangladesh-safety-move-but-us-opts-out-8694924.html
2013-07-09,22:10:29,1hxkpr,1048,Brazilian Politicians Want To Offer Snowden Asylum After Learning Of US Spying On Brazilians,techdirt.com,http://www.techdirt.com/articles/20130708/17071523742/brazilian-politicians-want-to-offer-snowden-asylum-after-learning-us-spying-brazilians.shtml
2013-07-09,00:06:20,1hv830,947,Al-Jazeera kicked out of Egypt news conference,dailystar.com.lb,http://www.dailystar.com.lb/News/Middle-East/2013/Jul-08/222967-al-jazeera-kicked-out-of-egypt-news-conference.ashx
2013-07-09,00:10:11,1hv8cn,728,US escalates threats against governments considering asylum for Snowden,wsws.org,http://www.wsws.org/en/articles/2013/07/08/snow-j08.html
2013-07-09,19:06:26,1hxdck,642,Tibetan monks celebrating Dalai Lama birthday shot at by Chinese police,guardian.co.uk,http://www.guardian.co.uk/world/2013/jul/09/chinese-police-shot-tibetan-monks
2013-07-09,02:05:34,1hvh5b,627,Osama bin Laden was stopped for speeding in car while on run in Pakistan report reveals,telegraph.co.uk,http://www.telegraph.co.uk/news/worldnews/al-qaeda/10167279/Osama-bin-Laden-was-stopped-for-speeding-in-car-while-on-run-in-Pakistan-report-reveals.html
2013-07-09,20:43:19,1hxgqw,597,"Christian healer, who groped three women patients at British home, is jailed -- He tried to convince jurors that victims were experiencing ""phantom hands."" The judge the explanation was a ""significant lie"" and jailed him for two years.",thetelegraphandargus.co.uk,http://www.thetelegraphandargus.co.uk/news/10515648._Phantom_hands__Christian_healer_jailed_for_groping_patients/
2013-07-09,19:36:45,1hxeb0,400,"Three Strikes and You’re Still In – France Kills Piracy Disconnections -- ""France has backtracked on the law that allowed users to be disconnected from the Internet. Today a decree was published which removed the possibility for file-sharers to have their connections cut for copyright infringement""",torrentfreak.com,http://torrentfreak.com/three-strikes-and-youre-still-in-france-kills-piracy-disconnections-130709/
2013-07-09,19:34:32,1hxe79,368,Brazil Opens Investigation into US Spying,hosted.ap.org,http://hosted.ap.org/dynamic/stories/L/LT_NSA_SURVEILLANCE_BRAZIL?SITE=AP&SECTION=HOME&TEMPLATE=DEFAULT
2013-07-09,22:10:12,1hxkpb,347,22 Staffers Resign At Al-Jazeera Over Claims Of Biased Coverage In Egypt,businessinsider.com,http://www.businessinsider.com/al-jazeera-resignations-reported-in-egypt-2013-7
2013-07-09,10:41:09,1hwm40,314,"Toronto battered by storm, flooding; 300,000 residents in the dark",toronto.ctvnews.ca,http://toronto.ctvnews.ca/mobile/toronto-battered-by-storm-flooding-300-000-residents-in-the-dark-1.1358719
2013-07-09,19:48:41,1hxepu,247,Second 'Prisoner X' held in top secret in Israel,france24.com,http://www.france24.com/en/20130709-second-prisoner-x-held-top-secret-israel
2013-07-09,11:14:01,1hwojp,230,Venezuela receives formal asylum request from Snowden,laprensasa.com,http://www.laprensasa.com/309_america-in-english/2125380_venezuela-receives-formal-asylum-request-from-snowden.html
2013-07-09,20:41:03,1hxgne,186,A Spanish newspaper has published what it alleges are documents showing Prime Minister Mariano Rajoy and other top politicians received illicit payments.,bbc.co.uk,http://www.bbc.co.uk/news/world-europe-23238531
2013-07-09,00:09:39,1hv8bb,181,Israeli judge hands jail sentences to Jewish teens who beat Arab youth,chicagotribune.com,"http://www.chicagotribune.com/news/nationworld/la-fg-israel-jail-jewish-teens-20130708,0,4082798.story"
2013-07-09,22:36:59,1hxm4s,173,Revealed: NSA Put Latin American Countries in Cyber-Spying Crosshairs,commondreams.org,http://www.commondreams.org/headline/2013/07/09-0
2013-07-09,12:20:01,1hwtgd,168,Pollution in northern China has led to drop of 5 years in lifespan.,nytimes.com,http://www.nytimes.com/2013/07/09/world/asia/pollution-leads-to-drop-in-life-span-in-northern-china-study-finds.html?ref=global-home&_r=1&
