2013-06-30,19:50:47,1hcyo3,3463,"The United States taps half a billion phone calls, emails and text messages in Germany in a typical month and has classed its biggest European ally as a target similar to China..",reuters.com,http://www.reuters.com/article/2013/06/30/us-usa-germany-spying-idUSBRE95T04B20130630
2013-06-30,01:55:50,1hbflm,2921,"U.S. bugged EU offices, computer networks",reuters.com,http://www.reuters.com/article/2013/06/29/us-usa-eu-spying-idUSBRE95S0AQ20130629
2013-06-30,21:11:28,1hd0v3,2686,"European officials reacted with fury Sunday after a report that the U.S. National Security Agency spied on EU offices. The European Union warned that if the report is accurate, it will have tremendous repercussions.",cnn.com,http://www.cnn.com/2013/06/30/world/europe/eu-nsa/index.html
2013-06-30,03:49:49,1hbmnx,2328,"How Chevron Turned the Tables in Ecuador - Faced with a $19b fine for polluting Ecuador’s rainforest, Chevron has launched a non-stop attack, hauling them into court in New York, accusing them of fraud & extortion, going after Ecuador’s judicial system as well. And it's working.",fuelfix.com,http://fuelfix.com/blog/2013/06/29/how-chevron-turned-the-tables-in-ecuador/
2013-06-30,02:22:08,1hbh85,1619,A British teen on holiday in Turkey was stripped naked and knifed 17 times for kissing a local Turkish girl in a bar,thesun.co.uk,http://www.thesun.co.uk/sol/homepage/news/4987573/Brit-tourist-stabbed-in-Turkey-for-kissing-a-local-girl.html
2013-06-30,04:37:50,1hbpq2,1558,All participants in St Petersburg gay pride arrested for marching,gaystarnews.com,http://www.gaystarnews.com/article/all-participants-st-petersburg-gay-pride-arrested-marching290613
2013-06-30,03:11:52,1hbkbn,681,Shiites are now being lynched in Egypt,english.alarabiya.net,http://english.alarabiya.net/en/News/middle-east/2013/06/28/HRW-Lynching-of-Shiites-in-Egypt-follows-months-of-negative-rhetoric.html
2013-06-30,05:10:57,1hbrup,506,Revealed: secret European deals to hand over private data to America,guardian.co.uk,http://www.guardian.co.uk/world/2013/jun/29/european-private-data-america
2013-06-30,09:09:11,1hc6aw,400,Croatia becomes 28th member of European Union,reuters.com,http://www.reuters.com/article/2013/06/29/us-croatia-eu-idUSBRE95S0FT20130629?feedType=RSS&feedName=topNews&utm_source=dlvr.it&utm_medium=twitter&dlvrit=992637
2013-06-30,00:37:56,1hbb1o,350,Mexico: Leader of Leftist Party Is Fatally Shot one week before Local Election,nytimes.com,http://www.nytimes.com/2013/06/29/world/americas/mexico-leader-of-leftist-party-is-fatally-shot.html?ref=world
2013-06-30,19:25:06,1hcy1c,302,"Victims of Notorious Magdalene Laundries to be Compensated - Irish govt to pay 58m euros ($75m) to 100s of women forced to work at Catholic Church's laundries - 10,000 women & girls were put through great hardship from 1922-1996. Nuns treated them like slaves.",reuters.com,http://www.reuters.com/article/2013/06/26/us-ireland-laundries-compensation-idUSBRE95P18420130626
2013-06-30,14:23:06,1hcnvd,257,"European Union concerned over claim of US spying and head of the European Parliament has demanded ""full clarification"" from the US",bbc.co.uk,http://www.bbc.co.uk/news/world-us-canada-23116517
2013-06-30,20:10:33,1hcz4o,236,A Pakistani Christian girl who was arrested for blasphemy last year and forced into hiding for fear of her life has moved to Canada,timesofindia.indiatimes.com,http://timesofindia.indiatimes.com/world/pakistan/Pakistan-blasphemy-girl-moves-to-Canada/articleshow/20843489.cms
2013-06-30,04:46:50,1hbqa6,230,Thousands gather in Istanbul's Taksim Square to demand justice for slain protester,startribune.com,http://www.startribune.com/politics/national/213700871.html
2013-06-30,15:16:30,1hcq81,212,Saudi Arabian Women's Conference... With Not A Female In Sight,huffingtonpost.co.uk,http://www.huffingtonpost.co.uk/2013/06/28/saudi-arabian-womens-conference-picture_n_3515062.html?utm_hp_ref=mostpopular
2013-06-30,09:02:56,1hc5yw,196,"The day that the river turned black: More than 200 villagers have died from cancer in the past 10 years in a village near a heavily polluted river in China's eastern Anhui Province. The village, with a population of just 1,000, is one of a number of so-called ""cancer villages"" near the Huaihe River.",shanghaidaily.com,http://www.shanghaidaily.com/nsp/National/2013/06/29/The%2Bday%2Bthat%2Bthe%2Briver%2Bturned%2Bblack/
2013-06-30,17:31:18,1hcusz,192,UK's ancient forests could spread again thanks to plan to clone 'super-trees',guardian.co.uk,http://www.guardian.co.uk/environment/2013/jun/30/ancient-forests-clone-super-trees?CMP=twt_fd
2013-06-30,02:41:32,1hbig2,132,Ecuador has asked the Kremlin for talks over the fate of fugitive US intelligence whistleblower Edward Snowden,thehindubusinessline.com,http://www.thehindubusinessline.com/news/international/ecuador-seeks-talks-with-russia-over-whistleblower-snowden-report/article4863377.ece
2013-06-30,02:16:20,1hbguv,93,Egypt group: 22 million signatures against Morsi,kimt.com,http://www.kimt.com/2013/06/29/egypt-group-22-million-signatures-against-morsi/
2013-06-30,00:10:27,1hb9lq,74,1.2 Million Stolen on its way to US Federal Reserve.,cnbc.com,http://www.cnbc.com/id/100843343
2013-06-30,07:01:53,1hbyrv,72,Global agribusiness giant Monsanto angers Australia farmers by increasing stake in local crop company,au.news.yahoo.com,http://au.news.yahoo.com/thewest/business/a/-/wa/17798682/monsanto-lifts-stake-angers-farmers/
2013-06-30,10:57:35,1hccip,73,"Recent leak exposes Ecuador's own surveillance state. In response, Ecuador files for copyright violation to get documents taken down.",buzzfeed.com,http://www.buzzfeed.com/rosiegray/exclusive-documents-illuminate-ecuadors-spying-practices?s=mobile
2013-06-30,03:06:09,1hbjyx,68,Woman who sits on death row for blasphemy is still at least two years away from an appeal date: PAKISTAN,tribune.com.pk,http://tribune.com.pk/story/569761/blasphemy-convict-aasia-bibis-appeal-at-least-two-years-away/
2013-06-30,09:46:50,1hc8iz,65,‘Impossible to stomach’: Merkel slams Irish bankers who fudged bailout figures,rt.com,http://rt.com/news/merkel-anglo-irish-outrage-422/
2013-06-30,21:36:45,1hd1o0,57,A campaign to protect sharks has changed Chinese banquet menus.,nytimes.com,http://www.nytimes.com/2013/06/30/opinion/sunday/souring-on-shark-fin-soup.html?ref=global
2013-06-30,10:24:55,1hcani,58,Bahrain student sentenced for insulting king: High school pupil sent to prison for one year for insulting Gulf island's ruler via Twitter.,aljazeera.com,http://www.aljazeera.com/news/middleeast/2013/06/2013629164825184368.html
2013-06-30,04:21:26,1hbop2,53,"U.S. spying included EU offices, computers, says magazine",cbc.ca,http://www.cbc.ca/news/world/story/2013/06/29/us-eu-spying.html?cmp=rss
2013-06-30,06:15:18,1hbvue,54,Child HIV Infections Cut By Half In 7 Countries In Africa,huffingtonpost.com,http://www.huffingtonpost.com/2013/06/25/child-hiv-infections-africa-_n_3496189.html?utm_hp_ref=@healthnews123
2013-06-30,10:57:04,1hcchr,54,Syrian sectarian war between Sunni and Shia opens fronts in Australia,smh.com.au,http://www.smh.com.au/national/home-front-opens-in-a-foreign-war-20130629-2p3pi.html#
2013-06-30,07:54:46,1hc20y,50,Japan eyes switch from Western white wheat for first time in 53 years,reuters.com,http://www.reuters.com/article/2013/06/28/usa-wheat-japan-idUSL3N0F418Q20130628
