2013-02-12,17:32:00,18dbz7,2883,"Iran urges to destroy all atomic weapons after N.Korea nuclear test: ""We need to come to the point where no country has any nuclear weapons and at the same time all weapons of mass destruction and nuclear arms need to be destroyed""",rt.com,http://rt.com/news/iran-uranium-enriched-fuel-005/
2013-02-12,23:08:36,18docz,2653,China's patience with North Korea wears thin after latest nuclear test,guardian.co.uk,http://www.guardian.co.uk/world/2013/feb/12/china-north-korea-nuclear-test
2013-02-12,03:12:11,18bong,2356,"China's New Bachelor Class ""An estimated 12 to 15 percent of Chinese men -- a population nearly the size of Texas -- will be unable to find a mate within the next seven years.""",theatlantic.com,http://www.theatlantic.com/international/archive/2013/02/chinas-new-bachelor-class/273040/
2013-02-12,11:26:35,18cs50,2084,"4.9 earthquake detected in North Korea, indicates possible nuclear blast.",bigstory.ap.org,http://bigstory.ap.org/article/us-monitoring-agency-magnitude-49-earthquake-has-been-detected-north-korea
2013-02-12,19:06:49,18deqx,1454,"In surprise move, IOC drops wrestling from 2020 Olympic program ",timescolonist.com,http://www.timescolonist.com/sports/in-surprise-move-ioc-drops-wrestling-from-2020-olympic-program-1.71569
2013-02-12,20:24:39,18dh4d,1364,"North Korea tells U.N. will never bow to nuclear resolutions: ""The U.S. and their followers are sadly mistaken if they miscalculate the DPRK would respect the entirely unreasonable resolutions against it. The DPRK will never bow to any resolutions""",reuters.com,http://www.reuters.com/article/2013/02/12/us-korea-north-un-arms-idUSBRE91B0L420130212
2013-02-12,19:49:32,18dfzq,876,The same international body that enacted a 1990 global ivory ban allowed China in 2008 to import ivory. This catastrophic reversal can be counted in carcasses — elephant and human. ,nytimes.com,http://www.nytimes.com/2013/02/12/opinion/global/blood-ivory.html?src=rechp&_r=0
2013-02-12,06:39:20,18c56q,731,"Healthy Vancouver senior commits suicide in bid to change right-to-die law: 'I do not have a terminal illness; I am simply old, tired and becoming dependent, after a wonderful life of independence'",news.nationalpost.com,http://news.nationalpost.com/2013/02/11/healthy-vancouver-senior-commits-suicide-in-bid-to-change-right-to-die-law
2013-02-12,23:35:33,18dpyi,652,Iran's 'fake' fighter jet which experts say can't fly is spotted in the air (with a little help from Photoshop).,dailymail.co.uk,http://www.dailymail.co.uk/sciencetech/article-2277412/Irans-fake-fighter-jet-spotted-air-little-help-Photoshop.html
2013-02-12,01:05:38,18bf1i,516,"Chinese Hackers Are Going After U.S. in General, Not Just Media Companies",nymag.com,http://nymag.com/daily/intelligencer/2013/02/chinese-hackers-going-after-us-not-just-media.html
2013-02-12,23:35:02,18dpxc,383,"North Korea: Nuke test just a ""first response"" aimed at U.S.",cbsnews.com,http://www.cbsnews.com/8301-202_162-57568865/north-korea-nuke-test-just-a-first-response-aimed-at-u.s/
2013-02-12,12:17:33,18cwc7,334,"North Korea earthquake was a nuclear test, UN official says: UN Confirms nuclear test in North Korea",theaustralian.com.au,http://www.theaustralian.com.au/news/north-korea-hit-by-49-magnitude-quake-possibly-linked-to-nuclear-test/story-e6frg6n6-1226576254621
2013-02-12,01:39:48,18bhlb,327,Police hunting serial rapist don’t know whom to charge after DNA leads to arrest of identical twins,news.nationalpost.com,http://news.nationalpost.com/2013/02/11/french-police-dont-know-who-to-charge-after-dna-evidence-leads-to-arrest-of-identical-twins-over-sexual-assaults/
2013-02-12,22:05:14,18dkzp,252,"Pope's Sudden Resignation Sends Shockwaves Through Church: ""Church officials tried to relay a climate of calm confidence in the running of a 2,000-year-old institution, but the decision could lead to uncertainty in a Church already besieged by scandal for covering up sexual abuse""",reuters.com,http://www.reuters.com/article/2013/02/12/us-pope-resigns-idUSBRE91A0BH20130212
2013-02-12,19:50:27,18dg0g,229,"Australia's ABC exposes the mystery of Prisoner X, an Australian Jew working for Mossad who killed himself in Israeli Prison.",abc.net.au,http://www.abc.net.au/foreign/content/2013/s3688787.htm
2013-02-12,22:45:13,18dn0g,229,"Obama to announce return of 34,000 troops from Afghanistan
| Top News",ca.reuters.com,http://ca.reuters.com/article/topNews/idCABRE91B0X420130212
2013-02-12,10:28:00,18cneb,210,"A multibillion-dollar expansion of the Panama Canal is proving a boon to scientists. The construction has revealed a trove of fossils, revealing a wide array of creatures that lived at the southern end of North America 20 millions years ago.",theworld.org,http://www.theworld.org/2013/02/panama-canal-fossil/
2013-02-12,16:09:44,18d9ce,207,Japan to send planes to monitor radiation after N Korea test ,japantoday.com,http://www.japantoday.com/category/national/view/japan-to-send-planes-to-monitor-radiation-after-n-korea-test
2013-02-12,03:40:37,18bqwf,182,North Korea withdraws from nuclear test site: Report,economictimes.indiatimes.com,http://economictimes.indiatimes.com/news/politics-and-nation/north-korea-withdraws-from-nuclear-test-site-report/articleshow/18452393.cms
2013-02-12,21:35:11,18djql,173,"Olympic Committee Drops Wrestling From 2020 Games
",nytimes.com,http://www.nytimes.com/aponline/2013/02/12/sports/olympics/ap-oly-ioc-meetings.html
2013-02-12,12:30:37,18cxb6,124,Coca-Cola rejects findings that its product was the most likely cause of the death of a New Zealand woman.,newstalkzb.co.nz,http://www.newstalkzb.co.nz/auckland/news/nbnat/296976547-coca-cola-rejects-finding-that-drink-caused-death?hwrgedsedgtr=6345256356
2013-02-12,17:40:30,18dc84,124,"Not only has Putin made Russia the world’s largest oil producer, he’s also made it the biggest gold buyer. His central bank has added 570 metric tons of the metal in the past decade. The added gold is also almost triple the weight of the Statue of Liberty",bloomberg.com,http://www.bloomberg.com/news/2013-02-10/putin-turns-black-gold-into-bullion-as-russia-out-buys-world.html
2013-02-12,03:31:37,18bq74,116,"'Tories no longer party of privilege', claims David Cameron at £400-a-head champagne ball",mirror.co.uk,http://www.mirror.co.uk/news/uk-news/tories-no-longer-party-of-privilege-1590605
2013-02-12,06:31:25,18c4hg,88,Non-muslim teachers at Islamic College forced to wear hijab or lose their jobs,couriermail.com.au,http://www.couriermail.com.au/news/teachers-at-islamic-college-of-south-australias-west-croydon-campus-ordered-to-wear-hijab-or-face-sack/story-e6freon6-1226575723406
2013-02-12,21:01:31,18dic6,84,N Korea warns of 'second and third measures',aljazeera.com,http://www.aljazeera.com/news/asia-pacific/2013/02/2013212112856196990.html
2013-02-12,02:03:55,18bjfl,80,Iran opposition leader Mousavi's daughters arrested,bbc.co.uk,http://www.bbc.co.uk/news/world-middle-east-21409666
2013-02-12,00:32:06,18bcr1,77,The pope's entire career has the stench of evil about it.,slate.com,http://www.slate.com/articles/news_and_politics/fighting_words/2010/03/the_great_catholic_coverup.html
2013-02-12,03:40:07,18bqur,65,The most educated countries in the world,nbcnews.com,http://www.nbcnews.com/business/most-educated-countries-world-1B6065913
2013-02-12,14:13:12,18d41j,62,Government Panel in Afghanistan Confirms Widespread Torture of Detainees,nytimes.com,http://www.nytimes.com/2013/02/12/world/asia/afghan-panel-confirms-torture-of-detainees.html?smid=re-share
2013-02-12,17:10:53,18dbc0,45,"Right2Water [Water is a public good, not a commodity] - European Citizens' Initiative hits 1,000,000 signatures: it could be the first European Citizens' Initiative to succeed in collecting the necessary number of statements of support.",europa.eu,http://europa.eu/rapid/press-release_IP-13-107_en.htm
