2013-02-17,06:51:16,18nsqc,3846,"Suspects in sex cases should have their identities protected until they are convicted, a senior lawyer has said",bbc.co.uk,http://www.bbc.co.uk/news/uk-21487266
2013-02-17,21:25:22,18ov60,2729,Pope Benedict XVI’s leaked documents show fractured Vatican full of rivalries,washingtonpost.com,http://www.washingtonpost.com/lifestyle/style/pope-benedict-xvis-leaked-documents-show-fractured-vatican-full-of-rivalries/2013/02/16/23ce0280-76c2-11e2-8f84-3e4b513b1a13_story.html?tid=pm_world_pop
2013-02-17,05:30:20,18nnjf,2112,"In a village in India's poorest state, Bihar, farmers are growing world record amounts of rice – with no GM, and no herbicide",guardian.co.uk,http://www.guardian.co.uk/global-development/2013/feb/16/india-rice-farmers-revolution?CMP=twt_fd
2013-02-17,20:28:17,18otrq,1359,"Missing Egyptian activist found ‘naked, tortured’ in desert, says was abducted.",english.alarabiya.net,http://english.alarabiya.net/articles/2013/02/16/266563.html
2013-02-17,04:02:25,18nhz0,996,Uprising against Taliban gains momentum,pajhwok.com,http://www.pajhwok.com/en/2013/02/16/uprising-against-taliban-gains-momentum
2013-02-17,02:02:40,18na3y,328,"Bomb rips through Pakistan market, killing 63
",usatoday.com,http://www.usatoday.com/story/news/world/2013/02/16/bomb-pakistan-market/1924731/
2013-02-17,01:26:37,18n7uo,297,"Secret funding of climate sceptics is not restricted to the US: In the UK, wealthy rightwing donors also finance campaigns against policies to reduce greenhouse gases",guardian.co.uk,http://www.guardian.co.uk/environment/2013/feb/15/secret-funding-climate-sceptics-not-restricted-us?intcmp=122
2013-02-17,05:03:40,18nltj,291,"UK, Germany and France Call for New Laws on Corporate Tax Avoidance:  Britain, Germany and France have called on their fellow G20 nations to introduce global tax rules in order to combat corporate tax avoidance that is costing countries millions in lost revenue.",ibtimes.co.uk,http://www.ibtimes.co.uk/articles/435970/20130216/britain-germany-france-tax-avoidance-oecd.htm
2013-02-17,16:41:28,18oo7l,264,"AFP: Bloodied cricket bat found at Pistorius home: Reeva Steenkamp's Skull Had Been ""Crushed""",google.com,http://www.google.com/hostednews/afp/article/ALeqM5hEbBC5ZwpVKpe6182ncKqlGKYNvg?docId=CNG.12be299253dc2dc11e7c391c74e2d4d2.751
2013-02-17,05:53:40,18np2v,231,Libya arrests 4 foreigners suspected of trying to spread Christianity in Muslim nation,washingtonpost.com,http://www.washingtonpost.com/world/middle_east/libya-arrests-4-foreigners-suspected-of-trying-to-spread-christianity-in-muslim-nation/2013/02/16/f70bfbe6-7863-11e2-b102-948929030e64_story.html
2013-02-17,05:15:25,18nmku,203,North Korea tells China of preparations for fresh nuclear test,uk.reuters.com,http://uk.reuters.com/article/2013/02/15/uk-korea-north-nuclear-idUKBRE91E0IP20130215
2013-02-17,05:12:05,18nmcz,178,Russia Meteorite Blast Equals 500-Kiloton Explosion - NASA. (Hiroshima in 1945 released an estimated 15 kilotons),ibtimes.co.uk,http://www.ibtimes.co.uk/articles/435927/20130216/russia-meteorite-nasa-chelyabinsk-urals-asteroid-flyby.htm
2013-02-17,09:39:03,18o2yb,155,Russian Prison Working Pussy Riot To Death,act.watchdog.net,http://act.watchdog.net/petitions/2390?r=180329.6qdGBn
2013-02-17,18:20:25,18oqvh,130,"Adrift as Shape of Families Changes, Korea’s Elderly Increasingly Turn to Suicide",nytimes.com,http://www.nytimes.com/2013/02/17/world/asia/in-korea-changes-in-society-and-family-dynamics-drive-rise-in-elderly-suicides.html?pagewanted=1&google_editors_picks=true&_r=0
2013-02-17,06:19:31,18nqqd,91,"NASA now says the Chelyabinsk meteor must have been about 55 feet wide (17 meters wide) with a mass of 10,000 tons before it entered Earth’s atmosphere.",cosmiclog.nbcnews.com,http://cosmiclog.nbcnews.com/_news/2013/02/16/16985690-estimates-raised-for-nuclear-sized-asteroid-blast-that-hit-russia?lite
2013-02-17,17:36:35,18oprp,85,The British home secretary has accused judges of 'subverting' democracy and making the streets of Britain more dangerous by ignoring rules aimed at deporting more foreign criminals,guardian.co.uk,http://www.guardian.co.uk/politics/2013/feb/17/theresa-may-attacks-judges-deportation
2013-02-17,21:52:37,18ovxk,72,Some Chinese Are Souring on Being North Korea’s Best Friend ,nytimes.com,http://www.nytimes.com/2013/02/17/world/asia/some-chinese-are-souring-on-being-north-koreas-best-friend.html?partner=rss&emc=rss&_r=0
2013-02-17,06:04:22,18npr1,71,"India's rice revolution:  In a village in India's poorest state, Bihar, farmers are growing world record amounts of rice – with no GM, and no herbicide. Is this one solution to world food shortages?",guardian.co.uk,http://www.guardian.co.uk/global-development/2013/feb/16/india-rice-farmers-revolution
2013-02-17,03:09:54,18neiq,63,First Krispy Kreme store in Scotland creates massive traffic jam (xpost /r/NewsOfTheWeird),mirror.co.uk,http://www.mirror.co.uk/news/uk-news/edinburgh-krispy-kreme-drive-thru-doughnut-1712519
2013-02-17,01:33:41,18n8bp,61,EU calls for better conditions for Palestinians jailed in Israel,reuters.com,http://www.reuters.com/article/2013/02/16/us-palestinians-israel-prisoners-idUSBRE91F06D20130216
2013-02-17,10:33:52,18o6c7,57,"Russian Meteor Blast Bigger Than Thought, NASA Says",news.yahoo.com,http://news.yahoo.com/russian-meteor-blast-bigger-thought-nasa-says-234920189.html
2013-02-17,05:20:56,18nmxn,56,Hezbollah chief warns Hassan Shateri Dead: Iran Vows Revenge On Israel For Killing Of Guard Commander In Syria,huffingtonpost.com,http://www.huffingtonpost.com/2013/02/16/hassan-shateri-iran-israel-syria_n_2701819.html?utm_hp_ref=world
2013-02-17,05:14:37,18nmiu,46,Israel Treats Wounded Syrians Along Frontier,abcnews.go.com,http://abcnews.go.com/International/wireStory/israel-treats-syrians-wounded-frontier-18519448
2013-02-17,06:04:27,18npr6,34,"Family Cleans House, Finds Pet Tortoise Missing Since 1982 ",treehugger.com,http://www.treehugger.com/natural-sciences/family-cleans-house-and-finds-pet-tortoise-went-missing-30-years-earlier.html
2013-02-17,05:35:24,18nnvq,34,"Exploding Fireballs Reported In Japan, Russia, Cuba, US",thewatchers.adorraeli.com,http://thewatchers.adorraeli.com/2013/02/16/in-last-2-days-fireballs-were-reported-all-over-the-world-sweden-netherlands-russia-japan-cuba/
2013-02-17,05:10:28,18nm8v,33,"Smartphones come to Ugandan farmers' aid.
Database of information set up by charity is accessible to farmers through community knowledge workers.",aljazeera.com,http://www.aljazeera.com/video/africa/2013/02/2013216813924844.html
2013-02-17,22:27:11,18ox20,34,"Pope Benedict XVI: Retired, Immune and protected from Abuse probes",stuff.co.nz,http://www.stuff.co.nz/world/europe/8314813/Retired-pope-immune-from-abuse-probes
2013-02-17,05:58:16,18npcu,29,France: Two Fathers Deprived of Custody Rights Secluded themselves atop a giant Crane,france24.com,http://www.france24.com/en/20130216-france-father-occupies-crane-custody-battle-nantes
2013-02-17,14:49:23,18ok9y,30,"Giovanna Chirri, an Italian wire service reporter, scooped the story of Pope Benedict's resignation because she understood his initial statement in Latin. Everyone else had to wait for translations.",bbc.co.uk,http://www.bbc.co.uk/news/magazine-21412604
2013-02-17,10:08:08,18o4rz,32,"The body of the Chilean poet Pablo Neruda, who died on September 23, 1973 - 12 days after the Salvador Allende government was ousted in a bloody coup led by Augusto Pinochet - will be exhumed. Former driver claims Nobel Prize winner was murdered",elpais.com,http://elpais.com/elpais/2013/02/14/inenglish/1360846122_196117.html
