2013-12-04,13:41:38,1s24ac,3861,"Bangladeshi garment workers, lowest paid in the world at $0.21/hour, torch 10-story factory at Gazipur + 15 full garment trucks. No human casualties, $100 million losses to the owners.",commondreams.org,https://www.commondreams.org/headline/2013/11/30
2013-12-04,10:33:28,1s1np3,3722,"Without Anyone Paying Attention, Canada Is About To Change Its Laws To Support ACTA - ""They can point to the tiny, but real, problem of counterfeit drugs that can cause serious damage... and then mix it with the very ""large"" issue of copyright infringement where they can't show any actual harm.""",techdirt.com,http://www.techdirt.com/articles/20131201/22105325420/without-anyone-paying-attention-canada-is-about-to-change-its-laws-to-join-acta.shtml
2013-12-04,00:44:34,1s032w,3456,Only 1% of Snowden files published - Guardian editor,bbc.co.uk,http://www.bbc.co.uk/news/uk-25205846
2013-12-04,22:30:04,1s2v4n,2994,70% of Chinese don't know that ivory comes from dead elephants,world.time.com,http://world.time.com/2013/11/01/the-ivory-trade-is-out-of-control-and-china-needs-to-do-more-to-stop-it/
2013-12-04,00:09:52,1s001d,2274,British Fathers Will Get the Same Family Leave as Mothers,bbc.co.uk,http://www.bbc.co.uk/news/uk-politics-25148457
2013-12-04,08:18:35,1s1b3o,2033,"Hassan Rouhani, Iran’s president, has more cabinet members with Ph.D. degrees from U.S. universities than Barack Obama does. In fact, Iran has more holders of American Ph.D.s in its presidential cabinet than France, Germany, Italy, Japan, Russia, or Spain—combined.",theatlantic.com,http://www.theatlantic.com/international/archive/2013/12/the-case-for-giving-irans-scholar-diplomats-a-chance/282010/
2013-12-04,18:43:41,1s2jne,966,European Commission fines eight banks a total of 1.7bn euros for forming illegal cartels to rig interest rates,bbc.co.uk,http://www.bbc.co.uk/news/business-25215560
2013-12-04,12:47:53,1s2004,650,How the secretly negotiated TPP (Trans-Pacific Partnership) will gut environmental protection,boingboing.net,http://boingboing.net/2013/12/03/how-the-tpp-will-gut-environme.html
2013-12-04,02:31:59,1s0dhd,573,NASA finds water on planets 1000 light years from Earth that orbit star.Could be prime candidates for life,spaceindustrynews.com,http://spaceindustrynews.com/nasa-finds-water-on-planets-1000-light-years-from-earth-that-orbit-star-could-be-prime-candidates-for-life/4101/
2013-12-04,22:58:35,1s2x3q,564,"Sahara Suffers Catastrophic Collapse of Wildlife: In world's largest tropical desert the Bubal hartebeest & scimitar horned oryx in the wild are extinct & the African wild dog & African lion are gone. Dama gazelle & addax are gone from 99% of their range; leopard from 97%; Saharan cheetah, 90%.",timesofindia.indiatimes.com,http://timesofindia.indiatimes.com/home/environment/flora-fauna/Sahara-desert-suffers-catastrophic-collapse-of-wildlife-Study/articleshow/26852882.cms
2013-12-04,02:30:39,1s0dc0,471,"Ukraine Moves To Join EU In Russia Snub: Ukrainian protesters have successfully forced the hand of their president, getting him to reconsider signing a trade deal with the European Union even if it means irking one Vladimir Putin in Moscow.",forbes.com,http://www.forbes.com/sites/kenrapoza/2013/12/01/ukraine-moves-to-join-eu-in-russia-snub/
2013-12-04,05:28:04,1s0ur4,426,Canada passes Bill C-309. Protestors could now face up to 10 years in jail for masking up.,vancouver.mediacoop.ca,http://vancouver.mediacoop.ca/story/bill-c-309-passed-mask-anyway/18041
2013-12-04,03:08:28,1s0h3m,332,"Israel has sent humanitarian aid to Syria, despite having technically been in conflict with the country for the last 46 years.",agi.it,http://agi.it/english-version/world/elenco-notizie/201312031939-cro-ren1066-israel_sends_humanitarian_aid_to_syria#.Up4rwqMRdfA
2013-12-04,09:56:50,1s1k73,315,"Japanese Liberal Democratic Party Secretary-General: Protesting New Secrecy Bill is ""an Act of Terrorism""",japantimes.co.jp,http://www.japantimes.co.jp/news/2013/12/01/national/secrecy-law-protests-act-of-terrorism-ldp-secretary-general/
2013-12-04,20:24:36,1s2o2u,300,Bitcoin Heist: Millions Vanish from Online Black Market,tomsguide.com,"http://www.tomsguide.com/us/sheep-marketplace-bitcoin-theft,news-17942.html"
2013-12-04,03:51:38,1s0l9e,271,Anti-fracking protests in Canada turn violent,stream.aljazeera.com,http://stream.aljazeera.com/story/201312032233-0023228
2013-12-04,01:37:32,1s082v,255,"Guardian will not be intimidated over NSA leaks, Alan Rusbridger (editor) tells MPs",theguardian.com,http://www.theguardian.com/world/2013/dec/03/guardian-not-intimidated-nsa-leaks-alan-rusbridger-surveillance
2013-12-04,10:14:18,1s1ltg,235,The 10 Most Corrupt and Least Corrupt Countries in the World,reuters.com,http://www.reuters.com/article/2013/12/03/idUS95815491020131203
2013-12-04,23:34:36,1s2ztd,223,Putin backs amnesty that could free Pussy Riot,naharnet.com,http://www.naharnet.com/stories/en/108496-putin-backs-amnesty-that-could-free-pussy-riot
2013-12-04,20:43:44,1s2owg,220,Japan's WW II super-submarine found scuttled off Hawaii - World,cbc.ca,http://www.cbc.ca/news/world/japan-s-ww-ii-super-submarine-found-scuttled-off-hawaii-1.2448985
2013-12-04,15:00:03,1s29hg,162,"Deal to halt illegal ivory trade signed by African and Asian states, including China",timeslive.co.za,http://www.timeslive.co.za/thetimes/2013/12/04/deal-to-halt-illegal-ivory-trade-signed
2013-12-04,06:51:16,1s12vj,160,NSA Spying Challenged in the United Nations,projectcensored.org,http://www.projectcensored.org/nsa-spying-challenged-united-nations/
2013-12-04,17:45:19,1s2gzf,155,"Food poverty in UK has reached level of 'public health emergency', warn experts",independent.co.uk,http://www.independent.co.uk/news/uk/politics/food-poverty-in-uk-has-reached-level-of-public-health-emergency-warn-experts-8981051.html
2013-12-04,19:46:50,1s2mey,146,British soldier arrested in Germany on terrorism offences after police found far-right leaflets at a home.,thelocal.de,http://www.thelocal.de/20131204/uk-soldier-arrested-in-germany-in-terror-probe
2013-12-04,02:58:23,1s0g6n,138,Yasser Arafat 'was not poisoned' - leaked French report,bbc.co.uk,http://www.bbc.co.uk/news/world-middle-east-25205170
2013-12-04,21:34:10,1s2rk3,133,British major threw laptop with sensitive Iraq photos from ferry,uk.reuters.com,http://uk.reuters.com/article/2013/12/04/uk-britain-iraq-inquiry-idUKBRE9B30JC20131204?feedType=RSS&feedName=domesticNews
2013-12-04,19:19:46,1s2l73,134,North Korea: Kim Jong Un 'sacks powerful uncle and has his aides executed',independent.co.uk,http://www.independent.co.uk/news/world/asia/northkorean-leader-kim-jong-un-sacks-powerful-uncle-and-has-his-aides-executed-8980437.html
2013-12-04,19:20:08,1s2l7q,123,New contraceptive pill for men A new pill for men could work as a temporary vasectomy,telegraph.co.uk,http://www.telegraph.co.uk/health/healthnews/10490331/New-contraceptive-pill-for-men.html
2013-12-04,16:49:57,1s2erp,114,Hezbollah: Commander 'assassinated' outside Beirut home,usatoday.com,http://www.usatoday.com/story/news/world/2013/12/04/hezbollah-commander-assassinated/3866273/
2013-12-04,00:19:27,1s00v2,107,Man rescued after three days from sunken tugboat. He survived in a four foot air pocket and was discovered by a salvage diver who wasn't even looking for survivors. Amazing video of when the man was found.,newday.blogs.cnn.com,http://newday.blogs.cnn.com/2013/12/02/man-survives-being-underwater-for-nearly-3-days/
