2013-10-26,15:35:13,1p8ttc,3562,"Lightbeam,” the free Firefox extension will enable users to see which third party companies are monitoring their online presence, a move that Mozilla states will “illuminate the inner workings of the web.”",rt.com,http://rt.com/usa/mozilla-lightbeam-internet-tracking-752/
2013-10-26,02:28:40,1p7ewi,2919,7.5 Magnitude Earthquake Hits Japan - Tsunami Warning Issued For Fukushima,zerohedge.com,http://www.zerohedge.com/news/2013-10-25/75-magnitude-earthquake-hits-japan-tsunami-warning-issued-fukushima
2013-10-26,10:25:20,1p8dqp,1537,Canadians sue their own government over domestic spying,dailydot.com,http://www.dailydot.com/politics/canada-nsa-bcclu-csec/
2013-10-26,22:46:14,1p96qh,1382,"US defends drone strikes as 'necessary and just' in face of UN criticism. Brazil, China and Venezuela sharply critical of 'illegal' program but US says it has taken steps to introduce new guidelines, for example zero congressional oversight.",theguardian.com,http://www.theguardian.com/world/2013/oct/25/un-drones-us-policy-debate
2013-10-26,19:19:03,1p8zya,1174,"'It took him a long time to die': drone operator traumatised by killing missions ""A former US Air Force drone operator has described how he is haunted by his time as a 'remote killer' functioning in 'zombie mode' in missions over Afghanistan and Iraq that claimed more than 1600 lives""",smh.com.au,http://www.smh.com.au/world/it-took-him-a-long-time-to-die-drone-operator-traumatised-by-killing-missions-20131025-2w75x.html
2013-10-26,23:02:00,1p97gz,812,NSA: Brazil and Germany lead calls for UN resolution on internet privacy Diplomats from the two countries are heading efforts by coalition of nations to draft resolution in wake of Edward Snowden leaks,theguardian.com,http://www.theguardian.com/world/2013/oct/26/nsa-surveillance-brazil-germany-un-resolution
2013-10-26,15:21:00,1p8t9u,616,Chinese students caught selling human flesh diet,koreatimes.co.kr,http://www.koreatimes.co.kr/www/news/world/2013/10/182_144907.html
2013-10-26,09:30:39,1p8ady,587,"""It is my belief and my faith that it is my right to drive my own car."" Saudi women plan to defy driving ban.",online.wsj.com,http://online.wsj.com/news/articles/SB10001424052702304682504579155472868198660?mod=e2tw
2013-10-26,02:51:00,1p7gqu,505,Leaked memos reveal GCHQ efforts to keep mass surveillance secret - Edward Snowden papers show UK spy agency fears legal challenge if scale of surveillance is made public,theguardian.com,http://www.theguardian.com/uk-news/2013/oct/25/leaked-memos-gchq-mass-surveillance-secret-snowden
2013-10-26,10:55:53,1p8fjv,352,Predator Drone Strikes Kill Up to 50 Civilians For Every 1 Terrorist Assassinated: Study,policymic.com,http://www.policymic.com/articles/22228/predator-drone-strikes-kill-up-to-50-civilians-for-every-1-terrorist-assassinated-study
2013-10-26,19:20:19,1p8zza,233,Saudi Arabia women to defy authorities over female driving ban,edition.cnn.com,http://edition.cnn.com/2013/10/26/world/meast/saudi-arabia-women-drivers/index.html?hpt=hp_t3
2013-10-26,22:49:05,1p96ur,202,Saudi activists said more than 60 women claimed to have answered their call on Saturday to get behind the wheel in a rare show of defiance against a ban on female driving in the ultraconservative kingdom.,theguardian.com,http://www.theguardian.com/world/feedarticle/11037022
2013-10-26,06:32:46,1p7ya0,164,"Boy, 16, who threw acid at a woman on her doorstep leaving her with horrific burns is jailed for eight years",dailymail.co.uk,http://www.dailymail.co.uk/news/article-2477017/Boy-16-threw-acid-woman-doorstep-leaving-horrific-burns-jailed-years.html
2013-10-26,22:44:45,1p96oo,162,Iran hands over captured US drone technology to Russia,tavernkeepers.com,http://tavernkeepers.com/iran-hands-over-captured-us-drone-technology-to-russia/
2013-10-26,15:49:14,1p8ucc,143,The China blogosphere has been abuzz this week at the rare sight of a Chinese newspaper directly challenging senior law enforcers,thenanfang.com,http://www.thenanfang.com/blog/new-express-daily-becomes-latest-gz-news-outlet-to-push-the-envelope/
2013-10-26,01:59:45,1p7cky,101,"Man wrongly deported from Canada to torture in Libya told he has to pay $6,800 in costs before returning",news.nationalpost.com,http://news.nationalpost.com/2013/10/25/man-wrongly-deported-from-canada-to-torture-in-libya-told-he-has-to-pay-6800-in-costs-before-returning/
2013-10-26,02:28:32,1p7evx,102,"7.3 magnitude earthquake near Ishinomaki, Miyagi, Japan and Sendai, Miyagi, Japan : October 25, 2013 17:10",earthquaketrack.com,http://earthquaketrack.com/quakes/2013-10-25-17-10-16-utc-7-3-10
2013-10-26,20:59:13,1p92pr,68,"A high-profile file-sharing site has been revealed to be a year-long pirate ""honeypot"", collecting data on users, file hosters and websites.",theguardian.com,http://www.theguardian.com/technology/2013/oct/25/filesharing-site-anti-piracy-honeypot-uploadertalk-user-data#comments
2013-10-26,03:21:17,1p7j9a,66,Saudi Arabia Warns Online Backers of Women Drivers - 5 years in prison for support,abcnews.go.com,http://abcnews.go.com/International/t/story/saudi-arabia-warns-online-backers-women-drivers-20679673?ref=http%3A%2F%2Fnews.google.com%2F
2013-10-26,11:51:13,1p8iph,51,"Bassem Youssef, known as Egypt's Jon Stewart, returns to TV after four-month ban, tests the waters on criticism of regime",washingtonpost.com,http://www.washingtonpost.com/world/middle_east/bassem-youssef-known-as-egypts-jon-stewart-returns-to-tv-after-four-month-ban/2013/10/25/372d7034-3dc0-11e3-b6a9-da62c264f40e_story.html
2013-10-26,05:35:45,1p7tv9,52,Snowden files || Report suggests Israel behind attempt to hack into French communication network,haaretz.com,http://www.haaretz.com/news/diplomacy-defense/1.554461
2013-10-26,14:03:20,1p8pwo,44,Venezuela Creates 'Vice Ministry Of Supreme Social Happiness' To Combat Sadness,businessinsider.com,http://www.businessinsider.com/venezuela-creates-vice-ministry-of-supreme-social-happiness-to-combat-sadness-2013-10
2013-10-26,01:45:20,1p7bf0,50,China's NSA Furiously Hacking U.S. Drone Secrets,nytimes.com,http://www.nytimes.com/2013/09/21/world/asia/hacking-us-secrets-china-pushes-for-drones.html?_r=0
2013-10-26,19:24:24,1p902w,46,Confessions of a Drone Warrior,gq.com,http://www.gq.com/news-politics/big-issues/201311/drone-uav-pilot-assassination?printable=true
2013-10-26,22:55:13,1p975g,39,Kenyans demand justice after rape suspects ordered to cut grass,cnn.com,http://www.cnn.com/2013/10/26/world/africa/kenya-justice-for-liz/index.html?hpt=hp_t2
2013-10-26,01:04:20,1p780t,44,Feds confiscate investigative reporter’s confidential files during raid,dailycaller.com,http://dailycaller.com/2013/10/25/exclusive-feds-confiscate-investigative-reporters-confidential-files-during-raid/
2013-10-26,06:39:18,1p7yrw,42,Tsunami advisory CANCELLED after 7.1 earthquake hits east of Japan,usatoday.com,http://www.usatoday.com/story/news/world/2013/10/25/earthquake-japan/3189061/
2013-10-26,20:49:38,1p92er,39,"EU Parliament says other countries spy, but not as much as the UK or US",itworld.com,http://www.itworld.com/government/380167/eu-parliament-says-other-countries-spy-not-much-uk-or-us
2013-10-26,08:41:39,1p879t,38,"Worst storm to hit Britain in 26 years, coming Monday.",mirror.co.uk,http://www.mirror.co.uk/news/uk-news/uk-weather-forecasters-widen-warnings-2535493
2013-10-26,22:50:52,1p96y4,37,Czech Social Democrats take early poll lead [Czech Election],bbc.co.uk,http://www.bbc.co.uk/news/world-europe-24686257
