2013-09-12,09:51:59,1m7r2e,3507,Vladamir Putin's Op-Ed in the New York Times on America and Syria,nytimes.com,http://www.nytimes.com/2013/09/12/opinion/putin-plea-for-caution-from-russia-on-syria.html?hp&_r=0
2013-09-12,20:39:51,1m8o9u,3194,Vodafone Germany has been hacked. Banking data of 2 million customers stolen.,businessweek.com,http://www.businessweek.com/news/2013-09-12/vodafone-germany-hacker-accesses-2-million-clients-banking-data
2013-09-12,08:17:34,1m7k0z,3005,"""God's mercy has no limits"" Pope Francis tells atheists to abide by their own consciences",theguardian.com,http://www.theguardian.com/world/2013/sep/11/pope-francis-atheists-abide-consciences
2013-09-12,19:28:45,1m8lqi,2710,Tesla Model S is now Norway's most sold car.,translate.google.com,http://translate.google.com/translate?hl=no&sl=no&tl=en&u=http%3A%2F%2Fbil.aftenposten.no%2Fbil%2FNa-er-dette-Norges-mest-solgte-bilmodell-51144.html
2013-09-12,22:25:03,1m8tp1,2237,Assad confirms chemical weapons handover,bbc.co.uk,http://www.bbc.co.uk/news/world-middle-east-24068867
2013-09-12,04:50:03,1m73n4,2144,NSA shares raw intelligence including Americans' data with Israel | World news,theguardian.com,http://www.theguardian.com/world/2013/sep/11/nsa-americans-personal-data-israel-documents?CMP=ema_follow
2013-09-12,10:36:43,1m7unc,1748,CIA begins weapons delivery to Syrian rebels,washingtonpost.com,http://www.washingtonpost.com/world/national-security/cia-begins-weapons-delivery-to-syrian-rebels/2013/09/11/9fcf2ed8-1b0c-11e3-a628-7e6dde8f889d_story.html
2013-09-12,15:31:11,1m8dj6,1544,"Syrian Rebels Slit Throat of Christian Man Who Refused To Convert To Islam, Taunt Fiance, “Jesus Didn’t Come To Save Him”",news.yahoo.com,http://news.yahoo.com/syria-rebels-still-christian-town-maalula-084558304.html
2013-09-12,22:36:58,1m8uen,1445,'9/11 was an inside job' says Italian member of parliament on floor of house.,thelocal.it,http://www.thelocal.it/20130912/video-911-was-an-inside-job-italian-mp
2013-09-12,23:47:51,1m8yt5,1015,"Syria ""Expert"" Cited by Kerry, McCain Fired for Lying about Academic Credentials",commondreams.org,http://www.commondreams.org/headline/2013/09/12-0
2013-09-12,13:26:59,1m874s,890,"Anonymous Hacker flees to Canada, says he's being set up with ""child porn"" charges.",canada.com,http://www.canada.com/life/American+seeks+refuge+Canada+claiming+persecution+because+hacker+connections/8900424/story.html
2013-09-12,05:52:07,1m78s5,863,Mayhem as MP fires AK-47 at colleague in Jordan’s parliament,euronews.com,http://www.euronews.com/2013/09/10/mayhem-as-mp-fires-ak-47-at-colleague-in-jordan-s-parliament/
2013-09-12,03:13:39,1m6vk9,590,The Syria researcher whose Wall Street Journal op-piece was cited by John Kerry and John McCain during congressional hearings about the use of force in Syria has been fired from the Institute for the Study of War for lying about her resume.,politi.co,http://politi.co/19HStte
2013-09-12,17:46:26,1m8igw,543,"American holed up in Canada denies ""child porn"" charges, claims to be founding member of Anonymous",news.nationalpost.com,http://news.nationalpost.com/2013/09/11/american-holed-up-in-canada-denies-child-porn-charges-claims-to-be-member-of-anonymous-hacking-group/
2013-09-12,21:19:34,1m8q2p,479,Strain of HIV virus found in monkeys is cleared by vaccine - Vaccine could be used on humans in clinical trials within 2 yrs,independent.co.uk,http://www.independent.co.uk/news/science/strain-of-hiv-virus-found-in-monkeys-is-cleared-by-vaccine-8811500.html
2013-09-12,21:38:43,1m8r37,358,Genetically Modified Insects: Scientists plan to launch thousands of GM insects into fields as alternative to using chemicals,dailymail.co.uk,http://www.dailymail.co.uk/sciencetech/article-2410484/Scientists-launch-thousands-GM-insects-fields-alternative-chemicals.html
2013-09-12,03:37:22,1m6xjg,330,A million and a half people form a 400 km long human chain in Catalonia supporting independence from Spain,washingtonpost.com,http://www.washingtonpost.com/world/europe/catalans-in-favor-of-breaking-away-from-spain-form-huge-human-chain-to-advertise-their-cause/2013/09/11/0ce45f06-1afa-11e3-80ac-96205cacb45a_story.html
2013-09-12,22:02:46,1m8shf,316,Syria will send documents to UN to sign chemical arms accord - Assad,rt.com,http://rt.com/news/assad-syria-russia-proposal-773/
2013-09-12,02:41:02,1m6su0,294,Companies found guilty of rigging market benchmarks like Libor could be fined the equivalent of 15 percent of their turnover under a European Union law approved on Tuesday.,uk.reuters.com,http://uk.reuters.com/article/2013/09/10/uk-eu-libor-fines-idUKBRE98911P20130910
2013-09-12,13:43:31,1m882v,283,New Australian government is removing environmental programs even if they make a profit.,abc.net.au,http://www.abc.net.au/news/2013-09-11/coalition-confirms-plans-to-axe-clean-energy-bank-despite-pleas/4952096
2013-09-12,21:43:38,1m8rc2,238,Iran says it will cooperate with U.N. nuclear watchdog,reuters.com,http://www.reuters.com/article/2013/09/12/us-iran-nuclear-envoy-idUSBRE98B0G520130912
2013-09-12,10:25:10,1m7ton,231,20 yr old man found living in forest for 16 yrs,m.clickorlando.com,http://m.clickorlando.com/news/forest-boy-found-after-16-years-in-wilderness/-/16721250/21889478/-/3n15px/-/index.html
2013-09-12,02:30:00,1m6rwm,188,Muslim girl must go to swimming lessons - German court,bbc.co.uk,http://www.bbc.co.uk/news/world-europe-24055235
2013-09-12,00:48:48,1m6jx4,183,"“Hello, Michele, it’s Pope Francis.” The Pope is surprising the faithful by randomly calling those who write him letters.",nytimes.com,http://www.nytimes.com/2013/09/10/world/europe/the-popes-on-the-line-and-everyones-talking.html?_r=0
2013-09-12,01:46:04,1m6oed,174,Catalans form 400km human chain to ask for independence,uk.reuters.com,http://uk.reuters.com/article/2013/09/11/uk-spain-catalonia-idUKBRE98A0Y120130911
2013-09-12,03:59:00,1m6zeb,167,Pope Francis wants to drive. Italian priest gives him '84 Renault with a stick shift,bbc.co.uk,http://www.bbc.co.uk/news/world-europe-24036965
2013-09-12,22:11:21,1m8sxe,129,"Americans Join Syrian Jihad, Sparking U.S. Intelligence Fears: At least 10 Americans have signed up with al Qaeda-related groups in Syria, according to U.S. intelligence estimates. Sources tell Eli Lake why the country’s civil war is a ‘jihad magnet.’",thedailybeast.com,http://www.thedailybeast.com/articles/2013/09/12/americans-join-syrian-jihad-sparking-u-s-intelligence-fears.html?utm_medium=email&utm_source=newsletter&utm_campaign=cheatsheet_morning&cid=newsletter%3Bemail%3Bcheatsheet_morning&utm_term=Cheat%20Sheet
2013-09-12,23:55:42,1m8ze2,116,The European Union demanded talks with the United States on Thursday to establish whether the intelligence service of its ally had been secretly drawing information from a global financial database in Belgium.,uk.reuters.com,http://uk.reuters.com/article/2013/09/12/uk-usa-security-eu-idUKBRE98B0NX20130912
2013-09-12,06:54:59,1m7dl5,100,"In late 2002 Saddam Hussein, in a letter to Hans Blix, invited UN weapons inspectors back into the country. The U.S. went to war anyway.",dish.andrewsullivan.com,http://dish.andrewsullivan.com/2013/09/11/if-only/
2013-09-12,00:04:02,1m6ggu,94,"Australia “Under New Management”. Fundamentally, Abbott proposes to turn the clock back 30 years on environmental protection.",spree.net.au,http://www.spree.net.au/in-the-news-australia-under-new-management
