2013-03-26,19:40:03,1b1b28,3080,"Scottish Govt Approves Windfarm Opposed by Donald Trump - 
US businessman claims wind project off Aberdeen coast will spoil the views from his nearby golf course",guardian.co.uk,http://www.guardian.co.uk/environment/2013/mar/26/scottish-government-approves-windfarm-donald-trump
2013-03-26,01:45:11,1azgxl,2966,Japan breaks China's monopoly on rare metals with discovery of vast reserves (x-post from science),telegraph.co.uk,http://www.telegraph.co.uk/finance/comment/ambroseevans_pritchard/9951299/Japan-breaks-Chinas-stranglehold-on-rare-metals-with-sea-mud-bonanza.html
2013-03-26,04:51:52,1azw02,2170,"""A photo that makes North Korea look a lot less scary."" - Washington Post",washingtonpost.com,http://www.washingtonpost.com/blogs/worldviews/wp/2013/03/25/a-photo-that-makes-north-korea-look-a-lot-less-scary/
2013-03-26,19:52:01,1b1bh6,2127,"A week after France’s top court ruled that a woman was wrongfully fired from a private nursery school for refusing to remove her Islamic veil, a new poll shows a majority of French people support a ban of all religious signs in private workplaces. ",france24.com,http://www.france24.com/en/20130325-france-islamic-veil-ban-private-workplace
2013-03-26,19:21:17,1b1ag2,2025,Egypt sentences Muslim to death for raiding several Christian houses and killing two people,jpost.com,http://www.jpost.com/Middle-East/Egypt-sentences-Muslim-to-death-over-Copt-attack-307710
2013-03-26,14:54:44,1b12b8,1857,"North Korea threatens Guam, Hawaii, US mainland",rappler.com,http://www.rappler.com/world/24857-north-korea-threatens-rocket-strike-us
2013-03-26,00:59:31,1azdc7,1450,Bill Gates to boost sex lives of millions with condom redesign,independent.co.uk,http://www.independent.co.uk/voices/iv-drip/bill-gates-to-boost-sex-lives-of-millions-with-condom-redesign-8547387.html
2013-03-26,18:43:17,1b197z,1319,"BRICS Nations  -- Brazil, Russia, India, China and South Africa -- Plan New Bank to Bypass World Bank, IMF",bloomberg.com,http://www.bloomberg.com/news/2013-03-25/brics-nations-plan-new-bank-to-bypass-world-bank-imf.html
2013-03-26,20:53:14,1b1e5u,1092,"Irish Catholics continue to flee the church:  A combination of clergy sex abuse revelations and a more secular climate has created a stigma against attending Mass.
",globalpost.com,http://www.globalpost.com/dispatch/news/regions/europe/ireland/130325/ireland-catholics-continue-flee-church
2013-03-26,17:08:52,1b16gt,565,"Italy overturns Amanda Knox Acquittal, Orders Retrial",nytimes.com,http://www.nytimes.com/2013/03/27/world/europe/amanda-knox-retrial-ruling.html
2013-03-26,04:27:28,1aztw0,367,One in five French bottled waters 'contain drugs or pesticides' ,guardian.co.uk,http://www.guardian.co.uk/world/2013/mar/25/french-bottled-waters-contaminated-brands
2013-03-26,20:38:56,1b1dht,362,India's 'richest' politician shot dead ,aljazeera.com,http://www.aljazeera.com/news/asia/2013/03/201332682345101887.html
2013-03-26,20:37:35,1b1dg2,329,Syria's Shiites offer different picture of war:  Shiite Muslims who fled Syria for Lebanon tell of an 'ethnic cleansing' campaign by rebels intent on creating a Sunni-run Islamic state.,latimes.com,"http://www.latimes.com/news/nationworld/world/middleeast/la-fg-0326-syria-shiites-hezbollah-20130326,0,3406001,full.story"
2013-03-26,21:09:32,1b1ex2,278,"South Korea cyberattack traced to U.S. and Europe, not China",washingtontimes.com,http://www.washingtontimes.com/news/2013/mar/25/south-korea-cyberattack-originated-us-and-europe-n/
2013-03-26,21:23:56,1b1fn6,239,James Cameron donates Deapsea Challenger submarine to science.,guardian.co.uk,http://www.guardian.co.uk/film/2013/mar/26/james-cameron-donates-deepsea-challenger
2013-03-26,22:54:44,1b1kvi,215,Not just for the Taliban anymore: drones are now tracking rhino poachers,qz.com,http://qz.com/67014/not-just-for-the-taliban-anymore-drones-are-now-tracking-rhino-poachers/
2013-03-26,22:25:53,1b1j22,190,Bahrain blocks Doctors Without Borders medical ethics conference,csmonitor.com,http://www.csmonitor.com/World/Backchannels/2013/0325/US-ally-Bahrain-blocks-medical-ethics-conference?nav=87-frontpage-entryNineItem
2013-03-26,02:20:32,1azjp7,191,"""Cypriots are angry at the suggestion only Russian mobsters or foreign investors will lose money. Pensioners, businesses and regular Cypriots who have large bank balances, could lose between 20 to 40 per cent of their money in a one-time tax meant to bail out the broke banks""",thestar.com,http://www.thestar.com/news/world/2013/03/25/cyprus_wrestles_with_new_rescue_deal_they_will_destroy_us.html
2013-03-26,20:21:46,1b1cme,165,"Google forces new word - ""ogooglebar"" - out of the Swedish language - Pressures Language Council",news.techeye.net,http://news.techeye.net/internet/google-forces-new-word-ogooglebar-out-of-the-swedish-language
2013-03-26,14:04:07,1b107m,154,Rise in Egypt Sex Assaults Sets Off Clash Over Blame: Egyptian Women Blamed For Sexual Assaults,nytimes.com,http://www.nytimes.com/2013/03/26/world/middleeast/egyptian-women-blamed-for-sexual-assaults.html?_r=0
2013-03-26,14:57:49,1b12ew,142,"Ranchers Try to Drive Tsimané Indians Off Their Land:  “We can’t take any more abuse,” Carmelo Tayo, the head of this small Tsimané indigenous village, says sadly. The community has lived for decades on land in Bolivia’s Amazon jungle that outsiders are now trying to gain control of.",ipsnews.net,http://www.ipsnews.net/2013/03/ranchers-try-to-drive-tsimane-indians-off-their-land/
2013-03-26,13:01:05,1b0wzv,116,"Spanish Government Bows Down To US Pressures Again, Pushes SOPA-Like Law To Appease Hollywood",techdirt.com,https://www.techdirt.com/articles/20130323/02481622428/spanish-government-bows-down-to-us-pressures-again-pushes-sopa-like-law-to-appease-hollywood.shtml
2013-03-26,01:23:12,1azf7w,113,BBC News - China 'buys fighter jets and submarines from Russia',bbc.co.uk,http://www.bbc.co.uk/news/world-asia-21930280
2013-03-26,02:32:28,1azklz,89,Irish town to allow residents to drink and drive,washingtontimes.com,http://www.washingtontimes.com/news/2013/mar/25/irish-town-allow-residents-drink-and-drive/
2013-03-26,00:40:11,1azbua,83,"Out of sight, out of mind. Every drone attack in Pakistan visualised",guardian.co.uk,http://www.guardian.co.uk/news/datablog/interactive/2013/mar/25/drone-attacks-pakistan-visualised
2013-03-26,01:50:54,1azhdh,72,"Cyprus bail-out: EU officials say that the Cyprus bail-out using depositor funds is ""a template"" for other EU monetary actions.",telegraph.co.uk,http://www.telegraph.co.uk/finance/debt-crisis-live/9951727/Cyprus-bailout-live.html
2013-03-26,21:25:31,1b1fq5,68,Earthquake Rocks Mexico City,miamiherald.com,http://www.miamiherald.com/2013/03/26/3307126/earthquake-shakes-mexico-city.html
2013-03-26,19:49:10,1b1bcz,67,The Thai navy says it has intercepted wildlife traffickers attempting to smuggle 104 endangered pangolins to China on the Mekong river,phys.org,http://phys.org/news/2013-03-thailand-seizes-smuggled-endangered-pangolins.html
2013-03-26,16:32:29,1b15f2,56,"N. Korea has now targeted Guam, Hawaii/Mainland America, as it prepares artillery for combat",guardian.co.uk,http://www.guardian.co.uk/world/2013/mar/26/north-korea-combat-mode-targets-us
2013-03-26,11:35:34,1b0rlg,58,Arrest of Anti-Islamist Figures Is Ordered in Egypt,nytimes.com,http://www.nytimes.com/2013/03/26/world/middleeast/in-egypt-arrest-of-5-anti-islamist-figures-sought.html?smid=re-share
