2013-07-11,19:12:46,1i2ln3,3271,"US allies Mexico, Brazil, Colombia and Chile have joined other Latin American nations in demanding answers from Washington over spying allegations.",bbc.co.uk,http://www.bbc.co.uk/news/world-latin-america-23267440
2013-07-11,08:09:28,1i1ix6,2855,Diplomats cry foul as Obama donors take over top embassy jobs,guardian.co.uk,http://www.guardian.co.uk/world/2013/jul/10/obama-donors-top-embassy-jobs-rewards
2013-07-11,01:06:35,1i0jcu,2773,Snowden: I never gave any information to Chinese or Russian governments,guardian.co.uk,http://www.guardian.co.uk/commentisfree/2013/jul/10/snowden-denies-information-russia-china
2013-07-11,01:47:37,1i0mo2,2567,"London’s police spend over $16,000 per day to stake out Julian Assange",arstechnica.com,http://arstechnica.com/tech-policy/2013/07/londons-police-is-spending-11-per-minute-to-stake-out-julian-assange/
2013-07-11,01:58:24,1i0niv,2333,World Service Authority has issued a world citizen passport for Edward Snowden,panorama.am,http://www.panorama.am/en/society/2013/07/10/snowden-world-man/
2013-07-11,10:34:47,1i1tuh,2184,Saudi princess arrested in California human trafficking investigation,washingtonpost.com,http://www.washingtonpost.com/national/saudi-princess-arrested-in-california-human-trafficking-investigation/2013/07/10/dbaf0f78-e9c4-11e2-818e-aa29e855f3ab_story.html
2013-07-11,22:19:37,1i2tch,2030,"Pope Francis overhauled the laws that govern the Vatican City State, criminalizing leaks of Vatican information and specifically listing sexual violence, prostitution and possession of child pornography as crimes against children that can be punished by up to 12 years in prison",usatoday.com,http://www.usatoday.com/story/news/world/2013/07/11/pope-criminalizes-leaks-sex-abuse-in-first-laws/2508013/
2013-07-11,00:51:19,1i0i2o,1560,Spain Admits U.S. Behind Rumor Snowden Was Aboard Bolivian Jet,democracynow.org,http://www.democracynow.org/2013/7/10/headlines/spain_admits_us_behind_rumor_snowden_was_aboard_bolivian_jet#.Ud2AYO2HzzI.twitter
2013-07-11,22:17:33,1i2t84,964,Kremlin turns back to typewriters to avoid security leaks,rawstory.com,http://www.rawstory.com/rs/2013/07/11/kremlin-turns-back-to-typewriters-to-avoid-security-leaks/
2013-07-11,19:41:12,1i2mmp,928,Police investigate 'United Stasi of America' artist,thelocal.de,http://www.thelocal.de/national/20130711-50803.html?utm_source=twitterfeed&utm_medium=twitter
2013-07-11,04:13:43,1i0z18,873,‘We aired lies’: Al Jazeera staff quit over ‘misleading’ Egypt coverage,english.alarabiya.net,http://english.alarabiya.net/en/media/2013/07/09/Al-Jazeera-employees-in-Egypt-quit-over-editorial-line-.html
2013-07-11,01:00:01,1i0it3,733,Horrifying accounts of a massacre of Muslim students by Buddhists in Myanmar.,miamiherald.com,http://www.miamiherald.com/2013/07/06/v-fullstory/3487537/ap-impact-massacre-of-muslims.html
2013-07-11,09:37:22,1i1pq7,698,"Laser show on the US embassy in Berlin: ""United Stasi of America""",translate.google.com,http://translate.google.com/translate?sl=auto&tl=en&js=n&prev=_t&hl=en&ie=UTF-8&u=http%3A%2F%2Fwww.nrk.no%2Fkultur-og-underholdning%2F1.11125959
2013-07-11,12:39:21,1i22x3,550,Mexican president says possible U.S. spying 'totally unacceptable',reuters.com,http://www.reuters.com/article/2013/07/11/us-usa-security-snowden-mexico-idUSBRE96A04Q20130711
2013-07-11,20:58:54,1i2pff,526,Sales of adult diapers surpass baby diapers in aging Japan,qz.com,http://qz.com/103000/sales-of-adult-diapers-surpass-baby-diapers-in-aging-japan/
2013-07-11,20:27:38,1i2o7t,341,"Parched Jordan to Start Pumping from 300,000-Yr-Old Aquifer - Problem is, 2008 study by Duke University shows the water has 20 times more radiation than is safe, with radium content that could trigger cancers. But the govt has brushed aside those concerns.",rawstory.com,http://www.rawstory.com/rs/2013/07/11/parched-jordan-to-start-pumping-from-300000-year-old-aquifer/
2013-07-11,03:32:30,1i0vkx,335,"Julian Assange stakeout at Ecuadorean embassy costs Met police £3.8m (so far); MP cites misallocation as ""ridiculous"" waste of time & resources",guardian.co.uk,http://www.guardian.co.uk/media/2013/jul/10/julian-assange-ecuadorian-embassy-police-cost
2013-07-11,17:50:40,1i2iu8,303,Man aged 23 dies after Manchester police shoot him with Taser,independent.co.uk,http://www.independent.co.uk/news/uk/crime/man-aged-23-dies-after-manchester-police-shoot-him-with-taser-8702251.html
2013-07-11,21:05:17,1i2pp2,234,"India is 'ready to use' Blackberry message intercept system ""Blackberry is ready to provide the Indian authorities with a way to intercept consumers' messages sent and received on its platform.""",bbc.co.uk,http://www.bbc.co.uk/news/technology-23265091
2013-07-11,16:48:49,1i2gpe,222,"Chinese police say employees of drug maker GlaxoSmithKline bribed doctors, hospitals",washingtonpost.com,http://www.washingtonpost.com/world/asia_pacific/chinese-police-say-employees-of-drug-maker-glaxosmithkline-bribed-doctors-hospitals/2013/07/11/eeedaabc-e9f2-11e2-818e-aa29e855f3ab_story.html?
2013-07-11,11:59:16,1i205c,197,BMW said China will surpass the U.S. this year as its No. 1 market,businessweek.com,http://www.businessweek.com/articles/2013-07-10/bmw-revs-up-in-china-chasing-audi#r=hpt-fs
2013-07-11,18:33:43,1i2kco,183,"Infighting threatens Egypt transition plan, army orders arrests",politicusfeed.com,http://politicusfeed.com/2013/07/11/infighting-threatens-egypt-transition-plan-army-orders-arrests/#
2013-07-11,01:35:44,1i0lpr,169,Anonymous hactivists reveal files of corrupt governing party in Spain,darkernet.in,http://darkernet.in/anonymous-hactivists-reveal-files-of-corrupt-governing-party-in-spain/
2013-07-11,17:36:54,1i2idx,143,"France to stop the ""Three-strikes"" law.",pcmag.com,"http://www.pcmag.com/article2/0,2817,2421525,00.asp"
2013-07-11,01:03:09,1i0j2w,134,"Before the 2008 financial crisis, 32 % believed their governments to be effective at tackling corruption. Today that figure is 23 %. Transparency International: Shows a crisis of trust in politics and real concern about the capacity of those institutions responsible for bringing criminals to justice",rt.com,http://rt.com/news/transparency-report-corruption-rises-861/
2013-07-11,10:26:43,1i1t8r,128,"Fukushima nuclear leaks alarm Japan regulator - On Tuesday, the company said radiation levels in groundwater had soared, suggesting highly toxic materials from the plant were getting closer to the Pacific more than two years after three meltdowns triggered by a catastrophic earthquake and tsunami.",aljazeera.com,http://www.aljazeera.com/news/asia-pacific/2013/07/201371020235219819.html
2013-07-11,10:46:24,1i1upi,117,Homeless Man Under House Arrest In Italy Serves His Sentence On The Sidewalk,huffingtonpost.com,http://www.huffingtonpost.com/2013/07/10/homeless-man-house-arrest-street-italy_n_3574865.html
2013-07-11,15:00:35,1i2brg,112,Brazilian indigenous people in the Amazon region have blocked one of the country's most important railways in a protest for better public services,bbc.co.uk,http://www.bbc.co.uk/news/world-latin-america-23265799
2013-07-11,20:33:28,1i2ofp,102,"IMF update highlights global economic slide: rising unemployment, wage cuts and cuts in social services have become permanent.",wsws.org,https://www.wsws.org/en/articles/2013/07/11/pers-j11.html
2013-07-11,22:41:07,1i2umz,91,"Stopping the Trans-Pacific Partnership: Global Revolt Against Corporate Domination - Former US Trade Representative Ron Kirk, who now has a lucrative job advising transnational corporations , says if people knew what's in the TPP, there'd be no way to get it signed into law",truth-out.org,http://www.truth-out.org/news/item/17472-stopping-the-tpp-a-victory-in-the-global-revolt-against-corporate-domination?6
