2013-02-01,01:20:41,17mzgf,2684,Recent pictures from war-ridden Damascus by Reuter's photographer Goran Tomasevic | The Atlantic,theatlantic.com,http://www.theatlantic.com/infocus/2013/01/intense-battle-scenes-from-damascus/100450/
2013-02-01,10:12:20,17o43o,2583,Japanese whalers ordered out of Australian waters - ABC News,abc.net.au,http://www.abc.net.au/news/2013-02-01/government-orders-japanese-whalers-out/4495166
2013-02-01,00:58:05,17mxt0,2500,"4 at Once: Volcano Quartet Erupts on Kamchatka - A unique show is taking place on Kamchatka these days: 4 separate but nearby volcanoes are erupting simultaneously on the Russian peninsula. A Moscow film crew has produced an awe-inspiring 360-degree video of the natural fireworks.

",spiegel.de,http://www.spiegel.de/international/world/four-volcanoes-erupting-concurrently-on-kamchatka-peninsula-a-880777.html
2013-02-01,22:07:15,17ozto,2227,"Nunavut man who fired a semi-automatic rifle at five home intruders, killing three, has murder convictions overturned",news.nationalpost.com,http://news.nationalpost.com/2013/01/31/chris-bishop/
2013-02-01,19:31:54,17ou7t,2207,"Explosion in front of U.S. Embassy in Ankara, Turkey. Several people wounded",dailystar.com.lb,http://www.dailystar.com.lb/News/Middle-East/2013/Feb-01/204633-explosion-in-front-of-us-embassy-in-ankara-turkeys.ashx
2013-02-01,18:12:48,17os2a,1519,Iceland Kicked Out FBI Agents Who Flew in Unannounced to Investigate WikiLeaks,clevelandleader.com,http://clevelandleader.com/node/20013
2013-02-01,19:51:57,17ourz,1504,David Attenborough reveals his choice of successor: Professor Brian Cox,independent.co.uk,http://www.independent.co.uk/arts-entertainment/tv/news/and-so-the-older-male-makes-way-for-a-younger-rival-david-attenborough-reveals-his-choice-of-successor-professor-brian-cox-8474169.html?fb_action_ids=4835101749469%2C10151394055632372%2C4372484832155%2C4371978939508%2C10151394056272372&fb_action_types=news.reads&fb_source=other_multiline&action_object_map=%7B%224835101749469%22%3A411055178980558%2C%2210151394055632372%22%3A411055178980558%2C%224372484832155%22%3A565787540115963%2C%224371978939508%22%3A514094548642760%2C%2210151394056272372%22%3A424243814319482%2C%2210151464122584744%22%3A238150826320795%7D#access_token=AAADWQ6323IoBAGq023RXNJlUlFOF3FL1diDgO3GkSusStfSLlXdgbq3HskcpiFfluUliZAFmeYxAKsH7pKEqKvcaUDP5NsjWsPic1NwZDZD&expires_in=4159
2013-02-01,19:34:11,17ouag,670,18 year-old Jamaican born footballer Raheem Sterling uses new contract with Liverpool FC to pay for Jamaican kids to go to school.,uk.eurosport.yahoo.com,http://uk.eurosport.yahoo.com/blogs/world-of-sport/raheem-sterling-pay-kids-school-113441780.html
2013-02-01,01:06:30,17myey,502,HRW: Worst year for human rights in Russia since the USSR collapsed,washingtonpost.com,http://www.washingtonpost.com/blogs/worldviews/wp/2013/01/31/hrw-worst-year-for-human-rights-in-russia-since-the-ussr-collapsed/?wprss=rss_world
2013-02-01,21:30:36,17oy7v,411,"Syria: 420,000 people in Homs are in desperate need of humanitarian aid says UN",dawn.com,http://dawn.com/2013/02/01/420000-people-in-homs-desperate-for-aid-un/
2013-02-01,01:05:55,17mydg,327,"Peak Oil solved, but climate will fry: BP report",vancouverobserver.com,http://www.vancouverobserver.com/blogs/climatesnapshot/peak-oil-solved-climate-will-fry-bp-report
2013-02-01,02:32:09,17n4v3,222,"Mali Is Not a Stan: When it comes to covering Africa's latest conflict, it's suddenly amateur hour.",foreignpolicy.com,"http://www.foreignpolicy.com/articles/2013/01/30/mali_is_not_afghanistan_france_africa?page=0,0"
2013-02-01,10:28:33,17o58r,207,The French are winning handily in Mali.,csmonitor.com,http://www.csmonitor.com/World/Backchannels/2013/0131/The-French-are-winning-handily-in-Mali
2013-02-01,07:07:14,17nqh0,186,"Mexico City 'Explosion' at Pemex, state oil giant.",bbc.co.uk,http://www.bbc.co.uk/news/world-latin-america-21288214
2013-02-01,03:14:22,17n81m,135,Prisoners in Brazilian jail get four days off their sentence for every book they read.,dailymail.co.uk,http://www.dailymail.co.uk/news/article-2164978/Prisoners-Brazilian-jail-days-sentence-book-read.html
2013-02-01,19:52:03,17ous4,119,Explosion outside USA embassy in Turkey,bbc.co.uk,http://www.bbc.co.uk/news/world-europe-21293598
2013-02-01,07:21:24,17nrkd,118,Irish the ‘forgotten white slaves’ says expert John Martin | Irish News | IrishCentral,irishcentral.com,http://www.irishcentral.com/news/Irish-the-forgotten-white-slaves-says-expert-John-Martin-188645531.html?fb_action_ids=329840227121031&fb_action_types=og.likes&fb_source=aggregation&fb_aggregation_id=246965925417366#
2013-02-01,08:11:38,17nvaf,106,"UN calls on Israel to remove over 500,000 settlers",france24.com,http://www.france24.com/en/20130131-un-israel-remove-illegal-settlements-report
2013-02-01,04:03:23,17nbte,107,"Air Pollution in New Delhi Was Much Worse Than Beijing Thursday, But  Indian Government Is Not Acting.",india.blogs.nytimes.com,http://india.blogs.nytimes.com/2013/01/31/you-think-the-air-in-beijing-is-bad-try-new-delhi/
2013-02-01,21:51:45,17oz4v,88,Syria Says It Has Right to Counterattack Israel,nytimes.com,http://www.nytimes.com/2013/02/02/world/middleeast/syria-crisis.html?_r=0
2013-02-01,21:01:38,17ox3b,78,A Russian judge who decided to spend his vacation  as a war correspondent in Syria was shot in the face,thelede.blogs.nytimes.com,http://thelede.blogs.nytimes.com/2013/01/31/vacation-on-syrias-front-lines-goes-wrong-for-russian-judge/
2013-02-01,17:05:38,17oq79,78,UK sperm donors win the legal right to apply for regular contact with their biological children following a landmark High Court ruling.,telegraph.co.uk,http://www.telegraph.co.uk/news/uknews/law-and-order/9841207/Sperm-donors-can-seek-more-parental-rights.html
2013-02-01,13:00:22,17ofoz,72,"A truck carrying fireworks has exploded on a highway in central China, causing part of a bridge to collapse. 26 people may have been killed.",washingtonpost.com,http://www.washingtonpost.com/world/asia_pacific/truck-carrying-fireworks-explodes-on-chinese-highway-killing-26-people-state-media-say/2013/01/31/6198d578-6c26-11e2-8f4f-2abd96162ba8_story.html
2013-02-01,11:40:17,17oacq,60,"14 killed, 100 injured in blast at Mexican state oil company offices in Mexico City",cnn.com,http://www.cnn.com/2013/01/31/world/americas/mexico-pemex-explosion/index.html?eref=igoogledmn_topstories
2013-02-01,21:27:35,17oy2k,50,Pakistan bomb: 21 die in Hangu Shia suicide attack,bbc.co.uk,http://www.bbc.co.uk/news/world-asia-21289738
2013-02-01,22:53:09,17p245,42,Suicide bomber of US embassy in Ankara identified as member of outlawed leftist group DHKP/C,hurriyetdailynews.com,http://www.hurriyetdailynews.com/identity-of-suicide-bomber-released.aspx?pageID=238&nID=40308&NewsCatID=341
2013-02-01,00:11:31,17mumn,41,Syria complains to UN over Israel 'attack'.,bbc.co.uk,http://www.bbc.co.uk/news/world-middle-east-21281923
2013-02-01,22:02:36,17ozmk,36,Missing Irish property tycoon 'lost and wandering' on country road eight months after disappearance,bbc.co.uk,http://www.bbc.co.uk/news/world-europe-21291356
2013-02-01,03:13:47,17n7zt,31,EU says pesticides linked to bee decline should be restricted:  The European Commission has proposed that member states restrict the use of certain classes of pesticide that are believed to be harmful to bees.,bbc.co.uk,http://www.bbc.co.uk/news/science-environment-21277933
2013-02-01,15:41:03,17ong7,34,"A powerful explosion has hit the Mexico City headquarters of state-owned oil giant Pemex, killing at least 25 people, injuring more than 100 and trapping others inside.",rte.ie,http://www.rte.ie/news/2013/0201/365597-mexico-pemex-explosion/
