2013-11-23,16:00:34,1r9ywc,3325,"NSA infected 50,000 computer networks with malicious software",m.nrc.nl,http://m.nrc.nl/nieuws/2013/11/23/nsa-infected-50000-computer-networks-with-malicious-software/
2013-11-23,03:47:59,1r8kwz,3055,House intel bill adds $75 million to NSA budget to stop future Snowdens,arstechnica.com,http://arstechnica.com/tech-policy/2013/11/house-intel-bill-adds-75-million-to-nsa-budget-to-stop-future-snowdens/
2013-11-23,22:44:14,1racmx,3015,Latest Snowden leak reveals NSA’s goal to continually expand surveillance abilities,rt.com,http://rt.com/usa/snowden-leak-expand-surveillance-goal-185/
2013-11-23,03:17:10,1r8idv,2907,"Moroccan teen, forced to marry her rapist, commits suicide",america.aljazeera.com,http://america.aljazeera.com/articles/2013/11/22/moroccan-teen-marriedtoherrapistcommitssuicide.html
2013-11-23,22:36:19,1raca3,2143,"Unspeakable horrors in a country on the verge of genocide | Militias in the Central African Republic are slitting children's throats, razing villages and throwing young men to the crocodiles. What needs to happen before the world intervenes?",theguardian.com,http://www.theguardian.com/world/2013/nov/22/central-african-republic-verge-of-genocide
2013-11-23,09:54:29,1r9e23,1929,"Australian police laugh at man in custody who had soiled himself, ridiculed him, yelled at him and showed him little respect. He dies the next morning after being shoved out of police station of hypothermia and liver failure.",news.com.au,http://www.news.com.au/national/shocking-video-shows-gong-ling-tang-left-to-die-outside-police-station/story-e6frfkp9-1226766008155
2013-11-23,18:45:18,1ra451,1271,"One year after Bangladesh factory fire , US retailers Walmart, Sears, Children’s Place and others that sold garments produced there refuse to join an effort to compensate families of the 1,200 workers who died.",nytimes.com,http://www.nytimes.com/2013/11/23/business/international/us-retailers-decline-to-aid-factory-victims-in-bangladesh.html?ref=international-home
2013-11-23,05:25:58,1r8tcx,1067,"Moscow is banning the construction of new mosques, the latest sign of the growing anti-immigrant and anti-Muslim sentiment in Russia.",fusion.net,http://fusion.net/leadership/story/moscow-mayor-thinks-mosques-attract-illegal-migration-250802
2013-11-23,19:22:27,1ra581,891,UN official: Gaza is quickly becoming uninhabitable,middleeastmonitor.com,http://www.middleeastmonitor.com/news/europe/8422-un-official-gaza-is-quickly-becoming-uninhabitable
2013-11-23,21:14:12,1ra8sm,732,"Ontario Bill Bans Coal-Fired Power – Ontario is going coal-free. The largest coal-burning power plant in North America, Nanticoke Generating Station on Lake Erie, will stop burning coal this yr",ens-newswire.com,http://ens-newswire.com/2013/11/22/ontario-premiers-bill-bans-coal-fired-power-in-the-province/
2013-11-23,19:45:19,1ra5wh,711,"Thousands protest U.S drone strikes, blocking Nato supplies in Peshawar.",dawn.com,http://dawn.com/news/1058051/thousands-protest-drone-strikes-block-nato-supplies-in-peshawar
2013-11-23,20:20:00,1ra6zo,478,Indonesian newspaper depicts Australian PM Tony Abbott as a masturbating peeping Tom following spying scandal,theage.com.au,http://www.theage.com.au/federal-politics/political-news/australias-reputation-in-indonesia-hits-new-low-20131123-2y2k2.html
2013-11-23,02:18:19,1r8dei,456,The Spanish Government Is Trying to Outlaw Peaceful Protest,vice.com,http://www.vice.com/read/the-spanish-government-is-waging-a-war-on-the-right-to-peaceful-protest
2013-11-23,19:59:49,1ra6bx,405,"Ison: The comet of the century. If we're lucky, then in just a few days time we could witness one of the most spectacular sights in the night sky for a generation or more.",bbc.co.uk,http://www.bbc.co.uk/news/science-environment-25052236
2013-11-23,11:05:44,1r9iri,239,"European retailers pay to compensate victims of Bangladesh factories where 1,240 died. Walmart and Sears refuse.",nytimes.com,http://www.nytimes.com/2013/11/23/business/international/us-retailers-decline-to-aid-factory-victims-in-bangladesh.html
2013-11-23,20:13:19,1ra6rh,185,‘Ask our US friends’: Putin turns NSA spying into punchline for joke,rt.com,http://rt.com/news/putin-nsa-surveillance-joke-172/
2013-11-23,23:02:17,1radl4,154,Zimbabwe: Foreigners must close shops by Jan 1.,salon.com,http://www.salon.com/2013/11/23/zimbabwe_foreigners_must_close_shops_by_jan_1/
2013-11-23,12:37:38,1r9ont,149,Prisoners who escaped during typhoon Haiyan in the Philippines return to jail after tending to their families,interaksyon.com,http://www.interaksyon.com/article/75413/promise-kept--tacloban-prisoners-return-to-jail-after-tending-to-families
2013-11-23,08:57:16,1r9a41,98,Moscow Bans Construction of New Mosques,csmonitor.com,http://www.csmonitor.com/layout/set/r14/World/Europe/2013/1121/Moscow-mayor-No-more-mosques-in-my-city
2013-11-23,00:09:27,1r82f8,99,Internet founder warns growing surveillance 'threatens democracy',straitstimes.com,http://www.straitstimes.com/breaking-news/world/story/internet-founder-warns-growing-surveillance-threatens-democracy-20131123
2013-11-23,16:56:15,1ra0ri,101,"#NSA pushing for more laws to allow ""anyone,anytime,anywhere"" spying in ""golden age of Sigint"" - NYT",nytimes.com,http://www.nytimes.com/2013/11/23/us/politics/nsa-report-outlined-goals-for-more-power.html?_r=2&emc=rss&partner=rss&pagewanted=all&
2013-11-23,08:06:57,1r96dx,80,Muslim passenger shot in face in terrifying Russia subway attack (GRAPHIC),5pillarz.com,http://www.5pillarz.com/video/muslim-passenger-shot-in-face-in-terrifying-russia-subway-attack/
2013-11-23,23:11:21,1rae30,67,"Egypt downgraded diplomatic relations Saturday with Turkey and expelled its ambassador from Cairo, a sharp escalation in tensions between the two countries that mounted after a military coup ousted the country's Islamist president this summer",bigstory.ap.org,http://bigstory.ap.org/article/egypt-tells-turkish-ambassador-leave
2013-11-23,05:21:37,1r8t00,60,Web inventor Berners-Lee says NSA surveillance threatens democracy,foxnews.com,http://www.foxnews.com/tech/2013/11/22/web-inventor-berners-lee-says-nsa-surveillance-threatens-democracy/
2013-11-23,04:03:33,1r8m8z,52,"Female teacher jailed for 4 year affair with female pupil, started when girl was 14 and lasted until she went to university.",bbc.co.uk,http://www.bbc.co.uk/news/uk-wales-25048570
2013-11-23,18:17:30,1ra3af,42,China Imposes Restrictions on Air Space Over Islands it Disputes With Japan.,thediplomat.com,http://thediplomat.com/2013/11/china-imposes-restrictions-on-air-space-over-senkaku-islands/
2013-11-23,02:56:27,1r8gkl,38,Australia's Governor-General suggests nation should become a republic,telegraph.co.uk,http://www.telegraph.co.uk/news/worldnews/australiaandthepacific/australia/10467805/Australias-Governor-General-suggests-nation-should-become-a-republic.html
2013-11-23,22:41:45,1racj8,36,"Secretive sect, referred to as the ‘Jewish Taliban,’ flees Quebec for Ontario amid child neglect investigation",news.nationalpost.com,http://news.nationalpost.com/2013/11/22/secretive-sect-referred-to-as-the-jewish-taliban-flees-quebec-for-ontario-amid-child-neglect-investigation/
2013-11-23,22:44:39,1racnm,31,European Parliament hacked – attacker describes stealing 40.000 emails as “child’s play,euroblog.michaelertl.com,http://euroblog.michaelertl.com/2013/11/european-parliament-hacked-attacker-describes-stealing-40-000-emails-as-childs-play/
2013-11-23,01:31:05,1r89eb,32,"Archaeologists Unearth 3,700-Year-Old Wine Cellar in Israel",sci-news.com,http://www.sci-news.com/archaeology/science-wine-cellar-israel-01568.html
