2013-05-23,04:08:52,1euorb,3481,"Pope Francis says atheists can be good ""Atheists should be seen as good people if they do good, Pope Francis has said in his latest urging that people of all religions, and none, work together.""",guardian.co.uk,http://www.guardian.co.uk/world/2013/may/22/pope-francis-atheists-can-be-good
2013-05-23,21:39:11,1ewe9v,2516,South Korean police have discovered a all female criminal gang running a ‘honeypot’ operation. They entice married men to have sex with a member of the gang and then blackmail them with the threat of reporting it as rape.,koreabang.com,http://www.koreabang.com/2013/stories/south-korean-honeypot-gang-targets-married-men.html
2013-05-23,22:20:33,1ewgdb,2166,"Dutch meat tycoon, Willy Selten, has been arrested for allegedly selling 300 tonnes of horsemeat as beef",bbc.co.uk,http://bbc.co.uk/news/world-europe-22639020
2013-05-23,14:05:29,1evxks,1844,Stockholm hit by third night of rioting. Pm calls for calm,dw.de,http://www.dw.de/youth-rioting-in-stockholm-pm-calls-for-calm/a-16829651
2013-05-23,00:14:03,1eu68k,1669,Unconfirmed shootings in London- BBC News.,bbc.co.uk,http://www.bbc.co.uk/news/uk-22630303
2013-05-23,16:41:47,1ew4bd,1569,"Kim Dotcom to Google, Twitter, Facebook: ""I own security patent for the two-step authentication system"". He says he doesn’t want to sue, but might if the likes of Google and Facebook don’t help fund his legal battle with the U.S. Government.",torrentfreak.com,http://torrentfreak.com/kim-dotcom-to-google-twitter-facebook-i-own-security-patent-work-with-me-130523/?utm_source=feedburner&utm_medium=feed&utm_campaign=Feed%3A+Torrentfreak+%28Torrentfreak%29&utm_content=Google+Reader
2013-05-23,01:15:59,1euarj,1334,Man hacked and beheaded with meat cleaver by two men who have been shot and killed by police in England,standard.co.uk,http://www.standard.co.uk/news/london/breaking-news-soldier-beheaded-with-meat-cleaver-then-attackers-are-shot-by-police-in-woolwich-8627618.html
2013-05-23,21:13:29,1ewd2p,1161,China has been stealing intellectual property from the US. It has cost the US upwards of 300B dollars a year.,bbc.co.uk,http://www.bbc.co.uk/news/world-asia-china-22634685
2013-05-23,19:24:12,1ew98f,920,7 year old South Korean girl killed by a falling suicide jumper.,smh.com.au,http://www.smh.com.au/world/girl-killed-by-falling-suicide-jumper-20130523-2k2od.html
2013-05-23,21:55:05,1ewf1u,883,Stockholm riots enter day four,bbc.co.uk,http://www.bbc.co.uk/news/world-europe-22636288
2013-05-23,00:39:50,1eu81k,525,BBC News - LIVE:Police attend London Machete Beheading On Street,bbc.co.uk,http://www.bbc.co.uk/news/uk-22630304
2013-05-23,21:48:29,1ewer1,474,Huge underwater structure stumps Israeli archaeologists,washingtonpost.com,http://www.washingtonpost.com/world/middle_east/huge-submerged-mystery-structure-in-sea-of-galilee-stumps-dry-docked-israeli-archaeologists/2013/05/23/41e7c36c-c372-11e2-9642-a56177f1cdf7_story.html
2013-05-23,21:59:50,1ewfao,405,Chile's fish supply decline 'catastrophic' after years of overfishing,globalpost.com,http://www.globalpost.com/dispatches/globalpost-blogs/groundtruth/chile-fish-supply-decline-catastrophic-overfishing
2013-05-23,02:19:15,1eufqm,388,"Saudi Arabia: six executed, including five Yemenis crucified outside a university",amnesty.org.uk,http://www.amnesty.org.uk/news_details.asp?NewsID=20788
2013-05-23,06:51:13,1ev26k,358,Three former Ford Motor Co. executives were charged Tuesday with crimes against humanity for allegedly targeting Argentine union workers for kidnapping and torture after the country's 1976 military coup.,hosted.ap.org,http://hosted.ap.org/dynamic/stories/L/LT_ARGENTINA_FORD?SITE=RIPAW&SECTION=HOME&TEMPLATE=DEFAULT&utm_source=feedly
2013-05-23,02:59:48,1euiys,310,Man with bloodied hands and weapons speaks after brutal attack in South East London,itv.com,http://www.itv.com/news/update/2013-05-22/exclusive-video-man-with-bloodied-hands-speaks-at-woolwich-scene/
2013-05-23,06:35:55,1ev0zd,195,Mum talked down Woolwich terrorists who told her: 'We want to start a war in London tonight',telegraph.co.uk,http://www.telegraph.co.uk/news/uknews/terrorism-in-the-uk/10074881/Mum-talked-down-Woolwich-terrorists-who-told-her-We-want-to-start-a-war-in-London-tonight.html
2013-05-23,20:47:50,1ewc2g,178,"Anti-Korean rallies are growing in Tokyo’s Shin-Okubo district, with the hate speech ramping up to even death threats.",japantimes.co.jp,http://www.japantimes.co.jp/news/2013/05/23/national/nationalism-rearing-ugly-head-with-greater-frequency/#comment-905441139
2013-05-23,23:53:57,1ewmal,171,Both men who hacked British soldier to death were known by UK intelligence services,independent.co.uk,http://www.independent.co.uk/news/uk/crime/exclusive-woolwich-attack-suspect-attended-meetings-of-banned-islamist-group--and-were-known-by-security-services-8628583.html
2013-05-23,22:26:50,1ewgpa,162,Swedish riots rage for fourth night,guardian.co.uk,http://www.guardian.co.uk/world/2013/may/23/swedish-riots-stockholm
2013-05-23,02:41:36,1euhj3,145,"Christian academy in Surrey, British Columbia gives enrollment priority to those experienced in speaking in tongues. The non-profit society that operates the school received $5.8 million in government funding last year.",vancouversun.com,http://www.vancouversun.com/news/Surrey+Christian+academy+gives+enrolment+priority+those+experienced+speaking+tongues/8410928/story.html
2013-05-23,03:00:54,1euj25,146,Video of man who killed soldier with machete in London speaking with bloodied hands,itv.com,http://www.itv.com/news/update/2013-05-22/exclusive-man-with-bloodied-hands-at-woolwich-scene/
2013-05-23,15:56:56,1ew2mz,132,"Journalist Riham Said rips of hijab, gives Muslim cleric Yousuf Badri huge serve on national TV",heraldsun.com.au,http://www.heraldsun.com.au/lifestyle/tv-host-riham-said-gives-muslim-cleric-yousuf-badri-huge-serve-on-national-tv/story-fni0d7e4-1226649046075
2013-05-23,20:49:04,1ewc40,123,Sweden riots spread to south of capital,irishtimes.com,http://www.irishtimes.com/news/world/europe/sweden-riots-spread-to-south-of-capital-1.1404176
2013-05-23,01:45:21,1eud3e,119,Attack in London being treated as terrorism,bbc.co.uk,http://www.bbc.co.uk/news/uk-22630303
2013-05-23,16:09:42,1ew34w,104,Pussy Riot’s Imprisoned Russian Rock Star Alekhina announces hunger strike,rt.com,http://rt.com/news/alekhina-court-hunger-riot-624/
2013-05-23,06:11:30,1euyzn,89,"U.S. Has Killed Four U.S. Citizens in Drone Strikes, Holder Says",bloomberg.com,http://www.bloomberg.com/news/2013-05-22/u-s-has-killed-four-u-s-citizens-in-drone-strikes-holder-says.html
2013-05-23,08:29:41,1ev9vp,81,"Knights Templar Drug Cartel Burns Michoacan, Western State In Mexico",huffingtonpost.com,http://www.huffingtonpost.com/2013/05/22/knights-templar-drug-cartel-michoacan-mexico_n_3322373.html?icid=hp_world_top_art
2013-05-23,09:59:54,1evgkm,79,"Dubai faces billions of maturing debt. Dubai and its government-related entities (GREs) had accumulated some $113bn of debt, with $36.5bn coming due next year only",thepeninsulaqatar.com,http://thepeninsulaqatar.com/gcc-business/238245-dubai-faces-billions-of-maturing-debt.html
2013-05-23,22:53:15,1ewic8,70,Czech police seek US man suspected of 4 murders,huffingtonpost.com,http://www.huffingtonpost.com/huff-wires/20130523/eu-czech-us-murder-suspect
