2013-11-19,21:10:26,1qz2fq,3599,"Amsterdam pays alcoholics in beer to clean streets. The imaginative approach to the problem of anti-social behaviour demonstrates typical Dutch pragmatism which could be found shocking in other countries, but not here.",timeslive.co.za,http://www.timeslive.co.za/world/article10413118.ece
2013-11-19,15:40:03,1qyp34,2800,"NSA recorded more than 30 million phone calls made in its Nato ally Norway, in the latest Snowden revelations. ""It is unacceptable,"" says Norway's Justice Minister. ""A crime under Norwegian law,"" says head of telecoms regulator.",thelocal.no,http://www.thelocal.no/20131119/nsa-recorded-m-phone-calls-of-nato-ally-norway
2013-11-19,23:21:52,1qzb5j,2572,"Insulting a police officer in Spain could result in a€30,000 ($40,500) fine while protesting outside Parliament could mean a €600,000 penalty if tough new security laws get passed today.",thelocal.es,http://www.thelocal.es/20131119/k-fines-for-spains-illegal-protesters-draft-bill
2013-11-19,05:01:47,1qx8b1,2382,"Embarrassed husbands will have to discuss plans to watch online porn with their wives, says David Cameron",telegraph.co.uk,http://www.telegraph.co.uk/technology/google/10457726/Embarrassed-husbands-will-have-to-discuss-plans-to-watch-online-porn-with-their-wives-says-David-Cameron.html#
2013-11-19,01:57:04,1qwr3x,1523,'Syria is not a revolution any more – this is civil war',theguardian.com,http://www.theguardian.com/world/2013/nov/18/syria-revolution-civil-war-conflict-rivalry
2013-11-19,07:14:50,1qxlcf,1405,Mayor Rob Ford stripped of Toronto powers after heated council vote,gu.com,http://gu.com/p/3kfht
2013-11-19,20:09:43,1qyzhu,1234,"Norway NSA surveillance: ""We did this"", say Norwegian intelligence services. Information was gathered legally by Norwegian intelligence and voluntarily shared with partners, among others the NSA",translate.google.no,http://translate.google.no/translate?sl=no&tl=en&js=n&prev=_t&hl=en&ie=UTF-8&u=http%3A%2F%2Fwww.vg.no%2Fnyheter%2Finnenriks%2Fartikkel.php%3Fartid%3D10136987
2013-11-19,03:05:02,1qwx9m,924,"Private firms selling mass surveillance systems around world, documents show",theguardian.com,http://www.theguardian.com/world/2013/nov/18/private-firms-mass-surveillance-technologies
2013-11-19,00:03:43,1qwhao,886,Corrupt Bank Officials Get Death Sentence in Vietnam,opposingviews.com,http://www.opposingviews.com/i/society/crime/corrupt-bank-officials-get-death-sentence-vietnam?=fb
2013-11-19,18:56:37,1qywnh,437,"""Germany has turned into a giant brothel and even a destination for European sex tourism. The best guess is that Germany has about 400,000 prostitutes catering to 1M men a day.""",economist.com,http://www.economist.com/news/europe/21589922-has-liberalisation-oldest-profession-gone-too-far-giant-teutonic-brothel
2013-11-19,20:40:52,1qz0yc,386,"Australia worst carbon emitter per capita among major western nations - Country has failed to consistently decrease its emissions, faring poorly in a global climate report",theguardian.com,http://www.theguardian.com/environment/2013/nov/19/australia-worst-carbon-emitter-per-capita-among-major-western-nations
2013-11-19,01:51:41,1qwqmf,325,Corrupt Bank Officials Get Death Sentence in Vietnam,opposingviews.com,http://www.opposingviews.com/i/society/crime/corrupt-bank-officials-get-death-sentence-vietnam
2013-11-19,22:42:08,1qz836,260,"NSA surveillance hinders Iceland's attempts to be a haven for free speech: 'It is obvious that it doesn’t matter if we have the best source protection laws in the world,' says Icelandic MP",theguardian.com,http://www.theguardian.com/technology/2013/nov/19/nsa-surveillance-iceland-free-speech
2013-11-19,13:07:34,1qygeh,230,The Accidental Vagina: Design for Qatar's first 2022 World Cup stadium released,nzherald.co.nz,http://www.nzherald.co.nz/world/news/article.cfm?c_id=2&objectid=11159381
2013-11-19,10:45:57,1qy4hk,190,Russian Skinheads Abuse Gays and Post Videos to Social Networks,spiegel.de,http://www.spiegel.de/international/europe/russian-skinheads-abuse-gays-and-post-video-to-social-networks-a-933549.html
2013-11-19,04:09:53,1qx37p,185,"Surveillance technology out of control, says Lord Ashdown | World news",theguardian.com,http://www.theguardian.com/world/2013/nov/18/surveillance-technology-out-of-control-ashdown
2013-11-19,04:31:23,1qx5a9,170,"""Blood Avocados"": The Dark Side of Your Guacamole - Mexican Drug Cartel ""The Knights Templar"" Has Taken Control Of The Industry In Mexico",vocativ.com,http://www.vocativ.com/11-2013/avocado/
2013-11-19,16:09:58,1qyqet,148,Seven people reported killed in explosion near Iranian embassy in Beirut,bbc.co.uk,http://www.bbc.co.uk/news/world-middle-east-24997876
2013-11-19,11:39:18,1qy98k,138,Sisters in Nova Scotia are asking the Government to ban internet porn in Canada to protect children.,atlantic.ctvnews.ca,http://atlantic.ctvnews.ca/n-s-sisters-start-petition-asking-government-to-protect-children-from-porn-1.1543380
2013-11-19,21:59:52,1qz59m,133,A nightclub in one of Switzerland's biggest cities has banned hip hop after 70 riot police were called to quell a brawl amongst devotees of the music form,thelocal.ch,http://www.thelocal.ch/20131119/lausanne-nightclub-bans-hip-hop-after-street-brawl
2013-11-19,21:58:58,1qz57y,130,"In Germany, legacy of Stasi puts different perspective on NSA spying",washingtonpost.com,http://www.washingtonpost.com/world/in-germany-legacy-of-stasi-puts-different-perspective-on-nsa-spying/2013/11/18/a0b1b37c-4940-11e3-b87a-e66bd9ff3537_story.html
2013-11-19,03:44:22,1qx0wf,109,Venezuelan army occupies white goods shops as punishment for 'profiteering',theguardian.com,http://www.theguardian.com/world/2013/nov/15/venezuela-army-occupy-shops-profiteering
2013-11-19,23:47:22,1qzdbl,106,Monty Python reunion planned for new stage show,telegraph.co.uk,http://www.telegraph.co.uk/culture/comedy/comedy-news/10458965/Monty-Python-reunion-planned-for-new-stage-show.html
2013-11-19,09:57:43,1qxzyf,96,"Hong Kong Is Sitting On 30 Tons Of Ivory and Has No Plans to Destroy It. While other countries have destroyed confiscated tusks, Hong Kong stockpiles an ivory mountain. Conservationists say it must be incinerated to send the right message.",world.time.com,http://world.time.com/2013/11/18/hong-kong-is-sitting-on-30-tons-of-ivory-and-has-no-plans-to-destroy-it/#ixzz2l2tE93x6
2013-11-19,16:50:35,1qys0m,97,"Massive explosion hits southern Beirut, Lebanon; possible target: Iranian embassy",aljazeera.com,http://www.aljazeera.com/news/middleeast/2013/11/explosion-hits-southern-beirut-201311198526989749.html
2013-11-19,21:37:58,1qz3zh,74,Iran accuses Israel of being behind Beirut bombings,business-standard.com,http://www.business-standard.com/article/international/iran-accuses-israel-of-being-behind-beirut-bombings-113111900841_1.html
2013-11-19,05:23:48,1qxagd,67,'It was like being in Paradise. I felt only love': Terribly disfigured man who was held by the Pope relives the moment that moved the world.,dailymail.co.uk,http://www.dailymail.co.uk/news/article-2509528/Vinicio-Riva-disfigured-man-met-Pope.html
2013-11-19,00:53:37,1qwlgx,68,Riots in Saudi Arabia: ‘The Kingdom expels the same people it exploited',observers.france24.com,http://observers.france24.com/content/20131115-riots-saudi-arabia-kingdom-expels
2013-11-19,01:17:01,1qwnkh,65,Crowdfunding in China could be $50 billion business by 2025.,qz.com,http://qz.com/148119/crowdfunding-in-china-could-be-50-billion-business-by-2025/
2013-11-19,08:59:16,1qxusb,51,"Indonesia's Surabaya Zoo leaves animals to languish and die, including endangered Sumatran tigers",abc.net.au,http://www.abc.net.au/news/2013-11-19/tigers-languish-in-squalid-indonesian-zoo/5100928
