2013-01-21,16:43:40,16zb2o,2955,Google Earth puts North Korea labour camps on the map - RTÉ News,rte.ie,http://www.rte.ie/news/2013/0110/google-earth-puts-north-korea-labour-camps-on-the-map.html
2013-01-21,22:05:51,16zl5u,2555,Russia moves to enact anti-gay law nationwide,hosted.ap.org,http://hosted.ap.org/dynamic/stories/E/EU_RUSSIA_ANTI_GAY_LAW_?SITE=AP&SECTION=HOME&TEMPLATE=DEFAULT
2013-01-21,22:43:33,16zmwz,1637,The Swiss turn on the super-rich,reuters.com,http://www.reuters.com/article/2013/01/21/us-reutersmagazine-davos-swiss-rich-idUSBRE90K0F420130121
2013-01-21,21:58:51,16zkus,1218,An investigation by the BBC has revealed that Thai officials have been selling boat people from Burma to human traffickers.,bbc.co.uk,http://www.bbc.co.uk/news/world-asia-21115728
2013-01-21,23:56:19,16zqyp,810,"Ugandan soldiers have killed one of Kony's bodyguards, believed to be in charge of child abductions.",aljazeera.com,http://www.aljazeera.com/news/africa/2013/01/2013121135731921242.html
2013-01-21,21:53:35,16zkni,668,Japan’s finance minister Taro Aso say the elderly should be allowed to “hurry up and die” instead of costing the government money for end-of-life medical care,rawstory.com,http://www.rawstory.com/rs/2013/01/21/japan-should-let-elderly-hurry-up-and-die-finance-minister-taro-aso/
2013-01-21,01:33:08,16xqj5,401,"Neutral Austria votes to keep military draft - 60 percent voted in favour of maintaining the draft, which is seen as binding civil society to the military and instilling a sense of citizenship in young men.",uk.reuters.com,http://uk.reuters.com/article/2013/01/20/uk-austria-military-referendum-idUKBRE90J0CT20130120
2013-01-21,21:28:16,16zjo9,250,"China has accused the US Secretary of State, Hillary Clinton, of presenting a distorted picture of its dispute with Japan over islands in the East China Sea.",brisbanetimes.com.au,http://www.brisbanetimes.com.au/world/clinton-is-distorting-islands-dispute-with-japan-says-bearish-china-20130121-2d34i.html
2013-01-21,21:07:14,16ziz5,178,China's buying a fleet of Russian bombers perfect for taking on the US Navy,businessinsider.com,http://www.businessinsider.com/china-buys-tu-22m3-david-cenciotti-the-aviationist-2013-1
2013-01-21,01:47:05,16xrg1,168,An Australian scientist has said he discovered how to turn HIV against itself to stop it progressing to AIDS,mg.co.za,http://mg.co.za/article/2013-01-16-australian-study-point-to-potential-cure-for-aids/
2013-01-21,22:09:32,16zlc6,150,"French, Mali Troops Retake Islamist Towns - They've recaptured the Malian towns of Diabaly & Douentza from Islamist fighters",heraldsun.com.au,http://www.heraldsun.com.au/news/breaking-news/french-mali-troops-retake-islamist-towns/story-e6frf7k6-1226558683976
2013-01-21,17:11:57,16zbxq,145,US Navy ship 'ignored reef warnings',abc.net.au,http://www.abc.net.au/news/2013-01-21/stranded-us-navy-ship-ignored-warnings3a-philippines/4476824
2013-01-21,09:24:33,16ym25,135,Iran resorts to hangings in public to cut crime,nytimes.com,http://www.nytimes.com/2013/01/21/world/middleeast/iran-resorts-to-hangings-in-public-to-cut-crime.html?smid=re-share
2013-01-21,08:55:14,16yk14,133,"Three bottles of rare, 19th century Scotch found beneath the floor boards of Antarctic explorer Ernest Shackelton's ",customwire.ap.org,http://customwire.ap.org/dynamic/stories/A/AS_NEW_ZEALAND_ANTARCTICA_SHACKELTONS_WHISKY?SITE=NDBIS&SECTION=HOME&TEMPLATE=DEFAULT&CTIME=2013-01-19-05-41-38
2013-01-21,07:43:10,16yfdo,121,Germany's Pirate Party Suffers Massive Setback in Lower Saxony State Election,spiegel.de,http://www.spiegel.de/international/germany/pirate-party-suffers-massive-setback-in-lower-saxony-state-election-a-878682.html
2013-01-21,06:02:34,16y8ix,109,Fracking 'will ruin Bath's spa waters' | UK,express.co.uk,http://www.express.co.uk/posts/view/371913/Fracking-will-ruin-Bath-s-spa-waters-
2013-01-21,16:49:33,16zb9e,107,Vatican's demand for silence is too high a price - Fr Tony Flannery,irishtimes.com,http://www.irishtimes.com/newspaper/opinion/2013/0121/1224329102657.html
2013-01-21,04:10:50,16y11i,97,Is Britain guilty of systemic torture in Iraq?,guardian.co.uk,http://www.guardian.co.uk/uk/2013/jan/19/britain-guilty-systemic-torture-iraq
2013-01-21,06:23:21,16y9yq,80,2nd Tibetan self-immolates in China in a week,google.com,http://www.google.com/hostednews/afp/article/ALeqM5iLM3GmAX281ZXsZlwhrzMhYwdKAA?docId=CNG.0792706fa74ae6a3da93348d5fab6e2c.261
2013-01-21,07:56:09,16yg8j,75,Evidence Of Life On Mars May Be Underground...,news.sky.com,http://news.sky.com/story/1040483/evidence-of-life-on-mars-may-be-underground
2013-01-21,21:07:22,16ziz9,71,Revolutionary Japan is suddenly the centre of world affairs - Telegraph,telegraph.co.uk,http://www.telegraph.co.uk/finance/comment/ambroseevans_pritchard/9814218/Revolutionary-Japan-is-suddenly-the-centre-of-world-affairs.html
2013-01-21,11:58:05,16ywg0,63,"Known cases of the Guinea Worm tropical disease drop to 542, down from a high of 3.2 million 25 years ago",edition.cnn.com,http://edition.cnn.com/2013/01/18/health/guinea-worm-eradication/index.html
2013-01-21,07:00:49,16ycio,63,Algeria crisis: Hostage death toll 'rises to 48',m.bbc.co.uk,http://m.bbc.co.uk/news/world-africa-21114512
2013-01-21,20:34:27,16zhvo,57,"Shark Attack: British holidaymaker jumps into sea in Australia to drag thrashing beast away from children by its tail.


",dailymail.co.uk,http://www.dailymail.co.uk/news/article-2265499/Shark-attack-Paul-Marshallsea-jumps-sea-Australia-drag-thrashing-beast-away-children-tail.html
2013-01-21,04:55:52,16y42b,61,"Global food crisis will worsen as heatwaves damage crops, research finds harvests will fall dramatically during severe heatwaves, predicted to become many times more likely in coming decades.",guardian.co.uk,http://www.guardian.co.uk/environment/2013/jan/13/global-food-crisis-heatwaves-crops?intcmp=122
2013-01-21,16:37:43,16zavc,57,Youth expelled from Montreal college after finding security flaw,news.nationalpost.com,http://news.nationalpost.com/2013/01/20/youth-expelled-from-montreal-college-after-finding-sloppy-coding-that-compromised-security-of-250000-students-personal-data/?utm_source=feedburner&utm_medium=feed&utm_campaign=Feed%3A+NP_Top_Stories+%28National+Post+-+Top+Stories%29
2013-01-21,01:57:02,16xs2k,51,"Israelis 'donate' votes to Palestinians in protest - ""This is not a democracy, it is an apartheid regime"" | THE DAILY STAR",dailystar.com.lb,http://www.dailystar.com.lb/News/Middle-East/2013/Jan-20/203036-israelis-donate-votes-to-palestinians-in-protest.ashx#axzz2IXS7jcST
2013-01-21,19:51:33,16zgly,51,"Mali conflict: French troops 'enter Diabaly'
",bbc.co.uk,http://www.bbc.co.uk/news/world-africa-21121262
2013-01-21,00:17:07,16xm6m,45,"Algerian TV reports 25 bodies have been discovered by state army in gas facility attacked by Islamists; government says hostages killed are from six different nationalities, death toll expected to rise.",jpost.com,http://www.jpost.com/LandedPages/PrintArticle.aspx?id=300193&rz11
2013-01-21,11:16:48,16yto9,37,Serbian police remove ethnic Albanian memorial,aljazeera.com,http://www.aljazeera.com/news/europe/2013/01/2013120214142162838.html?utm_content=automate&utm_campaign=Trial6&utm_source=NewSocialFlow&utm_term=plustweets&utm_medium=MasterAccount#.UPyzDZhB_Pw.reddit
