2013-08-09,09:02:21,1jzr10,3241,Man who created own credit card sues bank for not sticking to terms,telegraph.co.uk,http://www.telegraph.co.uk/finance/personalfinance/borrowing/creditcards/10231556/Man-who-created-own-credit-card-sues-bank-for-not-sticking-to-terms.html?fb
2013-08-09,01:36:19,1jyqcz,2941,"India Banning Animals in Circuses - ""Animals used in circus are treated brutally. They are kept hungry & cruel treatment is meted out to them."" Says a circus spokesman: ""Given this ban, we will have to concentrate more on acrobatic performances.""",timesofindia.indiatimes.com,http://timesofindia.indiatimes.com/city/coimbatore/Animals-to-be-banned-in-Circus/articleshow/21695123.cms
2013-08-09,20:51:50,1k0qwn,2886,Two encrypted email services have closed down for reasons linked to US intelligence leaker Edward Snowden.,bbc.co.uk,http://www.bbc.co.uk/news/world-us-canada-23627656
2013-08-09,20:58:15,1k0r5n,2773,"Major breakthrough in malaria vaccine reported. A recent test proved 100% effective against the disease that kills over 600,000 per year.",cnn.com,http://www.cnn.com/2013/08/08/health/malaria-vaccine/?on.cnn=1
2013-08-09,22:02:10,1k0u2q,2669,"Snowden: ""Google, Facebook, Microsoft, Yahoo, Apple, and the rest of our internet titans must ask themselves why they aren't fighting for our interests the same way""",theguardian.com,http://www.theguardian.com/commentisfree/2013/aug/09/lavabit-shutdown-snowden-silicon-valley
2013-08-09,20:59:32,1k0r7q,2368,The British Police: getting away with murder since 1969: 827 people have died in police custody since 2004. Not a single police officer has been convicted. Why is police accountability failing in this most serious of issues?,opendemocracy.net,http://www.opendemocracy.net/opensecurity/koos-couv%C3%A9e/british-police-getting-away-with-murder-since-1969
2013-08-09,10:21:01,1jzwi1,1649,"Fukushima in worse state than previously revealed; 300 tons of ""highly radioactive water"" is spilling into the Pacific daily",bbc.co.uk,http://www.bbc.co.uk/news/world-asia-23602362
2013-08-09,22:15:15,1k0us2,1160,Chief physician from Borås has filed a police report for the arrest of Barack Obama for crimes against humanity when he is visiting Sweden in September.,translate.google.com,http://translate.google.com/translate?sl=sv&tl=en&js=n&prev=_t&hl=sv&ie=UTF-8&u=http%3A%2F%2Fsverigesradio.se%2Fsida%2Fartikel.aspx%3Fprogramid%3D95%26artikel%3D5612748
2013-08-09,20:41:17,1k0qiv,1145,"Cop shoots cat, faces five years in prison",itar-tass.com,http://www.itar-tass.com/en/c154/835267.html
2013-08-09,23:13:23,1k0y7x,733,"Danish Muslim leader regrets role in cartoon rage: ""I want to be clear today about the trip It was totally wrong...At that time, I was so fascinated with this logical force in the Islamic mindset that I could not see the greater picture. I was convinced it was a fight for my faith, Islam.""",wset.com,http://www.wset.com/story/23092702/danish-muslim-leader-regrets-role-in-cartoon-rage
2013-08-09,01:07:44,1jyo0d,725,2 Mexican teens in jail claim van bought at US government auction came with cocaine,washingtonpost.com,http://www.washingtonpost.com/world/the_americas/2-mexican-teens-in-jail-claim-van-bought-at-us-government-auction-came-with-cocaine/2013/08/08/a34a6062-0042-11e3-8294-0ee5075b840d_story.html?
2013-08-09,21:23:10,1k0s7r,559,On the self-shutdown of email service Lavabit to avoid US surveillance - with reaction from Edward Snowden:,theguardian.com,http://www.theguardian.com/commentisfree/2013/aug/09/lavabit-shutdown-snowden-silicon-valley
2013-08-09,02:15:36,1jytkv,533,"Whistle-Blower Who Can Name Names: Hervé Falciani professed whistle-blower hunted by Swiss investigators, jailed by Spaniards and claims he was kidnapped by Israeli Mossad agents eager for a glimpse of client data he stole while working for a major financial institution in Geneva",nytimes.com,http://www.nytimes.com/2013/08/09/business/global/a-whistle-blower-who-can-name-names-of-swiss-bank-account-holders.html?partner=rss&emc=rss
2013-08-09,01:01:07,1jyngo,479,India Considering Shark Finning Ban - Big trawlers are only hunting sharks to cut off their fins & toss the sharks back into sea to meet an agonizing death. Animal Welfare Board issues advisory to coastal state fisheries to end finning.,timesofindia.indiatimes.com,http://timesofindia.indiatimes.com/home/environment/pollution/Animal-welfare-board-of-India-bats-for-shark-finning-ban/articleshow/21710519.cms
2013-08-09,22:15:29,1k0usm,333,Japan debt tops 1 quadrillion yen,money.cnn.com,http://money.cnn.com/2013/08/09/news/economy/japan-debt-quadrillion/
2013-08-09,02:48:46,1jywe7,217,"In an attempt to smear the U.S. by publishing pictures it claimed were of a ""real execution"" in America, China's leading state-run news agency Xinhua accidentally posted screen grabs from a fetish film.",dailymail.co.uk,http://www.dailymail.co.uk/news/article-2385969/Chinese-officials-mistake-porn-film-Lethal-Injection-American-execution-footage.html
2013-08-09,05:45:55,1jzbkw,199,"The construction of a new train route through London's center is proving to be one of the U.K.'s largest archaeological digs, revealing everything from medieval burial sites to Roman remains",online.wsj.com,http://online.wsj.com/article/SB10001424127887323838204578654174211989356.html?mod=WSJEurope_hpp_LEFTTopStories?Mod=e2fb
2013-08-09,20:56:23,1k0r2z,131,Hundreds rally in Brazil to impeach Rio de Janeiro governor for corruption,rt.com,http://rt.com/in-motion/brazil-protest-governor-impeachment-278/
2013-08-09,23:31:03,1k0zf4,112,"Russia’s UN ambassador: ""We don’t have anti-gay laws""",washingtonpost.com,http://www.washingtonpost.com/world/europe/gay-rights-activists-confront-russias-un-ambassador-demanding-elimination-of-anti-gay-laws/2013/08/08/0cd274f4-009b-11e3-8294-0ee5075b840d_story.html
2013-08-09,20:49:43,1k0qti,112,"Hafiz Saeed, who is the prime accused in the 2008 Mumbai terror attacks, and is on America's most wanted terrorists list, led Eid prayers in a stadium in Lahore, Pakistan.",ndtv.com,http://www.ndtv.com/article/india/hafiz-saeed-26-11-mastermind-leads-eid-prayers-in-lahore-403333
2013-08-09,19:47:46,1k0ook,95,"Minister ""Stops the Clock"" on Proposal to Dredge Great Barrier Reef - Mark Butler says he needs more time to consider new scientific reports on impact of Queensland coalport expansion",theguardian.com,http://www.theguardian.com/environment/2013/aug/09/reef-dredging-decision-delayed
2013-08-09,06:13:42,1jzdyj,91,Email service Lavabit abruptly shut down citing government interference,theguardian.com,http://www.theguardian.com/technology/2013/aug/08/lavabit-email-shut-down-edward-snowden
2013-08-09,22:23:46,1k0v8o,84,"As Foreign Fighters Flood Syria, Fears of a New Extremist Haven",nytimes.com,http://www.nytimes.com/2013/08/09/world/middleeast/as-foreign-fighters-flood-syria-fears-of-a-new-extremist-haven.html?hp&_r=0
2013-08-09,05:40:08,1jzb3j,85,Malaria vaccine achieves 100% protection using parasites from irradiated mosquitoes -- It far surpasses any other experimental malaria vaccine tested. It will now be tested further in clinical trials in Africa.,nature.com,http://www.nature.com/news/zapped-malaria-parasite-raises-vaccine-hopes-1.13536
2013-08-09,20:37:23,1k0qe3,81,"Philippine Oil Spill Turns Manila Bay Red - A fuel tanker is suspected of having dumped 1/2 a million liters of diesel into the country's busiest waterway Thursday. The 34,000-barrel-capacity tanker & its crew have been detained.",phys.org,http://phys.org/news/2013-08-philippine-oil-manila-bay-red.html
2013-08-09,06:01:23,1jzcwz,76,There is no way to stop Fukushima radioactive water leaking into the Pacific,voiceofrussia.com,http://voiceofrussia.com/2013_08_07/There-is-no-way-to-stop-Fukushima-radioactive-water-leaking-into-the-Pacific-expert-5360/
2013-08-09,00:25:55,1jykpz,66,India accuses Pakistan of Kashmir attack: Defence minister says specialist Pakistani troops were involved in ambush that killed five Indian soldiers.,aljazeera.com,http://www.aljazeera.com/news/asia/2013/08/20138813108463176.html
2013-08-09,04:53:26,1jz745,64,"'Psychiatric units are places where the law is no longer valid,' says victim of miscarriage of justice released after seven years",independent.co.uk,http://www.independent.co.uk/incoming/psychiatric-units-are-places-where-the-law-is-no-longer-valid-says-victim-of-miscarriage-of-justice-released-after-seven-years-8752898.html
2013-08-09,16:03:22,1k0h8x,62,14 year Untouchable girl dies after hospital staff reportedly demanded a bribe to dress her wounds,indianexpress.com,http://www.indianexpress.com/news/set-on-fire-orissa-girl-dies-before-being-flown-to-delhi/1153198/
2013-08-09,12:20:45,1k052l,61,Global mining giant Rio Tinto's mining taxes refunded after Australian tax office found the $100bn company was not liable to pay anything.,theage.com.au,http://www.theage.com.au/business/-2rko6.html
