2013-08-23,01:08:52,1kvql3,4429,Orders To Destroy Guardian Hard Drives Came Directly From PM David Cameron,techdirt.com,http://www.techdirt.com/articles/20130821/07033224268/orders-to-destroy-guardian-hard-drives-came-directly-pm-david-cameron.shtml
2013-08-23,03:24:35,1kw1nd,3846,Not a conspiracy anymore,vice.com,http://www.vice.com/en_uk/read/larry-summers-and-the-secret-end-game-memo
2013-08-23,21:17:39,1kxsd1,3692,"""It appears that the UK government is...intentionally leaking harmful information to The Independent and attributing it to others""",theguardian.com,http://www.theguardian.com/commentisfree/2013/aug/23/uk-government-independent-military-base?CMP=twt_gu
2013-08-23,11:54:27,1kx3ej,3317,SOPA 2: the return of the internets grim reaper,techdirt.com,https://www.techdirt.com/articles/20130805/12472124074/administration-cant-let-go-wants-to-bring-back-felony-streaming-provisions-sopa.shtml
2013-08-23,21:41:50,1kxtfj,2175,Chinese policeman who grabbed an infant and threw her to the ground has been sacked from the force and formally arrested,bbc.co.uk,http://www.bbc.co.uk/news/world-asia-china-23806782
2013-08-23,12:41:24,1kx6oq,2161,Ecuador gives up on protecting the rain forest -- oil drilling soon to destroy most biodiverse place on the planet,news.nationalgeographic.com,http://news.nationalgeographic.com/news/2013/08/130819-ecuador-yasuni-rain-forest-oil-drilling-environment-science/
2013-08-23,18:37:07,1kxmm3,1567,Fukushima operator pleads for international help as radiation crisis deepens,rt.com,http://rt.com/news/fukushima-international-iaea-leak-866/
2013-08-23,07:05:57,1kwj97,1449,Edward Snowden leaks reveal UK’s secret Middle-East web surveillance base - Data-gathering operation is part of a £1bn internet project still being assembled by GCHQ,independent.co.uk,http://www.independent.co.uk/news/uk/politics/exclusive-edward-snowden-leaks-reveal-uks-secret-middleeast-web-surveillance-base-8781082.html
2013-08-23,18:19:38,1kxm1e,1099,"The first legal abortion in an Irish hospital has been carried out in Dublin, it was confirmed on Friday. The termination was carried out on a woman who had an unviable 18-week pregnancy and whose life was risk at the National Maternity hospital.",theguardian.com,http://www.theguardian.com/world/2013/aug/23/ireland-first-legal-abortion
2013-08-23,22:04:34,1kxuiq,831,"Saudi Princess Meshael Alayban posts $5,000,000.00 bail, then skips her California arraignment on human trafficking charges, contending that her Kenyan slave was well paid, well fed, enjoyed spa days and cable television and even had wild shopping sprees.",huffingtonpost.com,http://www.huffingtonpost.com/2013/07/30/meshael-alayban_n_3677140.html
2013-08-23,12:09:27,1kx4hc,503,Israeli Jets Bomb Lebanon In Retaliation For Rocket Attack,reuters.com,http://www.reuters.com/article/2013/08/23/us-israel-lebanon-airstrike-idUSBRE97M02Y20130823
2013-08-23,12:49:36,1kx788,443,Kenya jails Chinese ivory smuggler in landmark ruling. Sentenced to two and a half years in prison on Thursday in a landmark ruling hailed as sending a powerful warning to poachers and smugglers.,zeenews.india.com,http://zeenews.india.com/news/world/kenya-jails-chinese-ivory-smuggler-in-landmark-ruling_871030.html
2013-08-23,19:34:04,1kxoh2,293,"Someone Beat the Vikings Into the North Atlantic by 500 Years - We're not sure who colonised the Faroe Islands, but they got there pretty early",wired.co.uk,http://www.wired.co.uk/news/archive/2013-08/23/pre-viking-faroe-islands
2013-08-23,00:11:39,1kvm4u,260,"Gaza: Palestinian Youth Denounce Hamas As ""Medieval Gangsters""",jpost.com,http://www.jpost.com/Middle-East/Activists-inspired-by-ouster-of-Morsi-in-Egypt-launch-campaign-to-overthrow-Hamas-in-Gaza-323586
2013-08-23,06:36:15,1kwh20,255,"The Real, Terrifying Reason Why British Authorities Detained David Miranda",theatlantic.com,http://www.theatlantic.com/international/archive/2013/08/the-real-terrifying-reason-why-british-authorities-detained-david-miranda/278952/
2013-08-23,23:36:34,1kxzyi,224,"For some two decades, major German breweries have allegedly been fixing beer prices, according to a media report this week. They now face hundreds of millions of euros in fines.",spiegel.de,http://www.spiegel.de/international/germany/german-beer-brewers-investigated-for-price-fixing-a-917515.html
2013-08-23,17:57:36,1kxlbw,136,"One of China's most well-known civil rights advocates has been formally arrested on charges of disrupting public order, as Beijing cracks down on grassroots efforts to build a civil society that may challenge its rule",bigstory.ap.org,http://bigstory.ap.org/article/chinese-citizens-movement-leader-arrested
2013-08-23,14:33:33,1kxd6s,135,UN finds Australia guilty in 150 cases of Human rights abuses.,theage.com.au,http://www.theage.com.au/federal-politics/federal-election-2013/un-finds-australia-guilty-in-150-cases-20130822-2sei6.html
2013-08-23,19:08:10,1kxnma,112,"US gun culture is 'corrupting the world,' Australia ex-deputy PM says after Okla. slaying “I am angry cos it's corrupting the world, this gun culture of the U.S. The U.S. has chosen the pathway of an illogical policy with regard to guns. They cannot expect not to have any criticism of it worldwide""",usnews.nbcnews.com,http://usnews.nbcnews.com/_news/2013/08/23/20131976-us-gun-culture-is-corrupting-the-world-australia-ex-deputy-pm-says-after-okla-slaying
2013-08-23,16:03:03,1kxhc4,96,Syria crisis: Child refugees reach 'one million'. 'The UN's refugee agency and Unicef say a further two million children are displaced within the country',bbc.co.uk,http://www.bbc.co.uk/news/world-middle-east-23803308?
2013-08-23,11:29:59,1kx1o0,78,Ten tons of dead fish found in lake near Rio de Janeiro's 2016 Olympic Park,telegraph.co.uk,http://www.telegraph.co.uk/news/worldnews/southamerica/brazil/10261059/Ten-tons-of-dead-fish-found-in-lake-near-Rio-de-Janeiros-2016-Olympic-Park.html
2013-08-23,02:46:15,1kvyh6,71,"The News From Fukushima Just Gets Worse, and the Japanese Public Wants Answers",world.time.com,http://world.time.com/2013/08/22/the-news-from-fukushima-just-gets-worse-and-the-japanese-public-wants-answers/
2013-08-23,01:29:44,1kvsa6,49,Theresa May attacked for comments on critics of David Miranda's detention - Ex-director of public prosecutions speaks out after home office say opponents of Miranda's detention are 'condoning terrorism',theguardian.com,http://www.theguardian.com/politics/2013/aug/22/theresa-may-david-miranda-comments
2013-08-23,12:49:03,1kx76x,47,"Woman photographer allegedly gang-raped in Mumbai, 20 detained",dnaindia.com,http://www.dnaindia.com/mumbai/1878518/report-woman-photographer-allegedly-gang-raped-in-mahalaxmi-area-in-mumbai
2013-08-23,10:26:56,1kwx5i,49,"American, Israeli And Jordanian Troops And CIA Agents Have Entered Syria, Le Figaro Reports",translate.google.com,http://translate.google.com/translate?sl=fr&tl=en&js=n&prev=_t&hl=en&ie=UTF-8&u=http%3A%2F%2Fwww.lefigaro.fr%2Finternational%2F2013%2F08%2F22%2F01003-20130822ARTFIG00438-syrie-l-operation-anti-assad-a-commence.php
2013-08-23,18:39:49,1kxmom,45,"Battling India's Monsanto Protection Act, Farmers Demand End to GMO - India demands an end to Monsanto's invasive practices, but will the govt listen?",truth-out.org,http://www.truth-out.org/news/item/18337-battling-indias-monsanto-protection-act-farmers-demand-end-to-gmo
2013-08-23,20:40:44,1kxqvc,40,"Robert Mugabe lashes out at homosexuality in inauguration speech, saying it ""destroys nations""",slate.com,http://www.slate.com/blogs/the_world_/2013/08/22/robert_mugabe_lashes_out_at_homosexuality_in_inauguration_speech_zimbabwe.html
2013-08-23,21:58:41,1kxu8j,33,"Japan agency: Fukushima Inspectors Careless ""Fundamentally, for a facility holding that kind of radioactive water, they didn't take action that foresaw the risks of possible leaks. On top of that, & this is an impression I had before my visit, I can't help but say that the inspections were careless""",nytimes.com,http://www.nytimes.com/reuters/2013/08/23/world/asia/23reuters-japan-fukushima-tepco.html
2013-08-23,21:20:07,1kxsgv,36,Hague: Syria Massacre 'Was A Chemical Attack',news.sky.com,http://news.sky.com/story/1132378/hague-syria-massacre-was-a-chemical-attack
2013-08-23,20:39:21,1kxqtb,39,"Materials implicating Syrian gov in chemical attack prepared before incident ""Materials accusing the forces of Syrian president Bashar Assad of chemical weapons use near Damascus were prepared prior to alleged incident on August 21, the Russian foreign ministry said.""",rt.com,http://rt.com/news/syria-chemical-prepared-advance-901/
