2013-04-10,20:43:19,1c22a8,3484,NASA-backed fusion engine could cut Mars trip down to 30 days,theregister.co.uk,http://www.theregister.co.uk/2013/04/10/nasa_fusion_engine_fast_mars_trip/
2013-04-10,09:37:59,1c12b8,2971,Germany gives Japan its backing as N Korea tensions rise,japantoday.com,http://www.japantoday.com/category/politics/view/germany-gives-japan-its-backing-as-n-korea-tensions-rise
2013-04-10,01:05:31,1bzv4b,1932,North Korea v South Korea in figures,guardian.co.uk,http://www.guardian.co.uk/world/datablog/interactive/2013/apr/09/north-korea-south-korea-interactive
2013-04-10,23:57:01,1c2dgg,1911,Breasts better off without bras: French study,thelocal.fr,http://www.thelocal.fr/page/view/breasts-better-off-without-bras-french-study
2013-04-10,08:31:21,1c0wyt,1729,North Korea preparing to launch missiles from 2 different locations,translate.google.com,http://translate.google.com/translate?sl=auto&tl=en&js=n&prev=_t&hl=en&ie=UTF-8&eotf=1&u=http%3A%2F%2Fnews.nate.com%2Fview%2F20130410n02569%3Fmid%3Dn0205
2013-04-10,14:39:15,1c1ono,1400,"North Korea has completed fueling its “Musudan” medium-range ballistic missile, and is ready to launch it any moment",english.ruvr.ru,http://english.ruvr.ru/2013_04_10/North-Korea-fuels-ballistic-missile-ready-for-launch-031/
2013-04-10,21:21:52,1c23zy,1394,"Google launches global human trafficking helpline & data network - Commits $3M (£2M) to build an international helpline network fueled by data. Human trafficking enslaves 21M people, with 2.5M forced into labor. Most are ages 18-24 & 43% are forced into the sex trade.",wired.co.uk,http://www.wired.co.uk/news/archive/2013-04/10/google-human-trafficking
2013-04-10,04:23:00,1c0bq9,1137,"A Nova Scotia teenager has killed herself after she was raped by four boys, who distributed a photo of the assault and bullied her, her family says.",theglobeandmail.com,http://www.theglobeandmail.com/news/national/nova-scotia-teen-kills-herself-after-family-says-she-was-raped-bullied-online/article10940600/
2013-04-10,18:52:14,1c1ydb,870,South Korea raises alert with North to 'vital threat' [BBC],bbc.co.uk,http://www.bbc.co.uk/news/world-asia-22088835
2013-04-10,23:09:27,1c2a7z,816,Ex-North Korea spy says Kim Jong-Un struggling to control military,bangkokpost.com,http://www.bangkokpost.com/news/asia/344855/ex-n-korea-spy-says-kim-struggling-to-control-military
2013-04-10,16:27:03,1c1tgo,731,South Korea confirms North was behind the massive hacking attack that paralyzed networks of local financial firms and broadcasters last month,english.yonhapnews.co.kr,http://english.yonhapnews.co.kr/news/2013/04/10/0200000000AEN20130410007300320.HTML
2013-04-10,08:46:32,1c0y9d,568,"April 1 marked the beginning of free abortion in France. As mandated by the new law, the country will now reimburse all abortions 100 percent, as well as provide free contraception for girls ages 15-18.",msmagazine.com,http://msmagazine.com/blog/2013/04/05/we-heart-france/
2013-04-10,13:36:15,1c1ktd,566,North Korea Warns It Is on Brink of Nuclear War With South,nytimes.com,http://www.nytimes.com/2013/04/10/world/asia/south-korean-leader-seeks-to-end-vicious-cycle-with-north.html?pagewanted=all&_r=0
2013-04-10,20:44:38,1c22ci,552,Japanese city accidentally tweets North Korean missile launch,theverge.com,http://www.theverge.com/2013/4/10/4208166/yokohama-mistakenly-tweets-north-korean-missile-strike
2013-04-10,09:14:16,1c10gg,339,"South Korea raises surveillance level to Watchcon 3 in response to reports that the North will fire multiple missiles: 4-5 TELS (Scud launchpads), one Nudong and two Musadan missiles being prepared",english.yonhapnews.co.kr,http://english.yonhapnews.co.kr/national/2013/04/10/69/0301000000AEN20130410001300315F.HTML
2013-04-10,06:20:37,1c0m7l,318,"North Korea's peasant army gets ready to farm, not wage war",uk.reuters.com,http://uk.reuters.com/article/2013/04/09/uk-korea-north-military-idUKBRE93814720130409
2013-04-10,21:41:47,1c24zi,288,"Intelligence suggests North Korea could be planning multiple launches, U.S. official says",edition.cnn.com,http://edition.cnn.com/2013/04/10/world/asia/koreas-tensions/index.html
2013-04-10,14:29:59,1c1o63,276,Doomsday Clock creator dies.,trib.in,http://trib.in/14arpEa
2013-04-10,21:01:22,1c232l,267,North Korea: US 'ready to intercept up to three missiles',express.co.uk,http://www.express.co.uk/news/world/390452/North-Korea-US-ready-to-intercept-up-to-THREE-missiles
2013-04-10,05:22:46,1c0h29,235,Admiral says US ready if North Korea strikes,wbtw.com,http://www.wbtw.com/story/21918416/admiral-says-north-korea-is-direct-threat-to-us
2013-04-10,18:35:27,1c1xu1,222,Pakistan today successfully test-fired nuclear-capable Hatf-IV ballistic missile with a range of 900 km that can hit targets in India.,dawn.com,http://dawn.com/2013/04/10/pakistan-successfully-test-fires-hatf-iv-ballistic-missile-2/
2013-04-10,08:55:47,1c0z0y,214,The 4th Largest City In The World Has No Outdoor Advertising,buzzfeed.com,http://www.buzzfeed.com/mjs538/sao-paulo-the-city-with-no-outdoor-advertising?utm_campaign=socialflow&utm_source=twitter&utm_medium=buzzfeed
2013-04-10,06:31:07,1c0n3s,199,BBC News - 'Entire streets' of Roman London unearthed,m.bbc.co.uk,http://m.bbc.co.uk/news/uk-england-london-22084384
2013-04-10,22:49:51,1c28yc,184,Mysterious stone structure discovered beneath Sea of Galilee,foxnews.com,http://www.foxnews.com/science/2013/04/10/mysterious-stone-structure-discovered-beneath-sea-galilee/
2013-04-10,02:23:40,1c01lr,181,"Canadian woman thinks she's won $40,000 on the lottery. Actually wins $40,000,000",bbc.co.uk,http://www.bbc.co.uk/news/world-us-canada-22082923#TWEET717751
2013-04-10,11:19:05,1c1ahq,180,"China rebukes North Korea, Iran calls for calm.",express.co.uk,http://www.express.co.uk/news/world/390207/North-Korea-China-warns-it-will-not-allow-war-on-its-doorstep-as-even-IRAN-calls-for-calm
2013-04-10,16:24:56,1c1tdy,178,Saudi Arabia registers first female lawyer,gulfnews.com,http://gulfnews.com/1.1168510#.UWUTtkBaJj4.reddit
2013-04-10,15:13:38,1c1qdf,158,North Korea closes border with China. Prepares to test ballistic missile.,theaustralian.com.au,http://www.theaustralian.com.au/news/n-korea-urges-foreign-tourists-and-companies-to-evacuate-amid-concerns-it-will-conduct-nuclear-test/story-e6frg6n6-1226616335993
2013-04-10,06:38:51,1c0nrb,154,Bahrain declares Hezbollah a terrorist organization,timesofisrael.com,http://www.timesofisrael.com/bahrain-declares-hezbollah-a-terrorist-organization/
2013-04-10,20:55:12,1c22t4,152,Syrian Rebels pledge allegiance to al-Qaeda,bbc.co.uk,http://www.bbc.co.uk/news/world-middle-east-22095099
