2013-05-29,18:11:16,1f9c89,2211,New poll says Assange could win Australian Senate seat,theregister.co.uk,http://www.theregister.co.uk/2013/04/23/assange_poll/
2013-05-29,07:46:31,1f8ahx,1762,The World's Richest 8% Earn Half of All Planetary Income,alternet.org,http://www.alternet.org/news-amp-politics/richest-8-earn-50-earths-incomes
2013-05-29,03:34:16,1f7q4e,1742,A 13 year old Chinese girl was handcuffed and paraded in streets for 20 mins for spilling drink on a govt. vehicle,bbc.co.uk,http://www.bbc.co.uk/news/world-asia-22691993
2013-05-29,23:52:00,1f9rb0,1563,First gay couple to wed in France amid tight security,bbc.co.uk,http://bbc.co.uk/news/world-europe-22706351
2013-05-29,20:54:54,1f9hp6,1207,"Japan's innovation in science is at heart of plans to boost economy - Govt revitalizing science workforce by boosting jobs for females, finding top talent abroad & upping research commercialization. It's committed 100s of billions of yen to space, physics & stem-cell research & more is to come.",nature.com,http://www.nature.com/news/japan-aims-high-for-growth-1.13082
2013-05-29,22:08:39,1f9l22,810,"A ""lost"" report into genocide, torture, rape and enslavement of indigenous tribes during Brazil's military dictatorship has been rediscovered: ""The Indian Protection Service has degenerated to the point of chasing Indians to extinction""",guardian.co.uk,http://www.guardian.co.uk/world/2013/may/29/brazil-figueiredo-genocide-report
2013-05-29,05:49:13,1f816f,598,Muslims and Buddhists clash in northern Myanmar. The fighting begun after a violent quarrel between a Muslim man and a Buddhist woman who worked at a petrol station. The man doused the woman in fuel and set her on fire.,news.yahoo.com,http://news.yahoo.com/muslims-buddhists-clash-northern-myanmar-161222181.html
2013-05-29,23:52:40,1f9rch,574,"Oldest complete Torah scroll reportedly found in Italy - University of Bologna says 850-year-old Jewish text, belonging to Babylonian tradition, was mislabeled by a librarian in 1889.",haaretz.com,http://www.haaretz.com/jewish-world/jewish-world-news/oldest-complete-torah-scroll-reportedly-found-in-italy-1.526531
2013-05-29,02:20:31,1f7k66,441,Germany warns of ‘revolution’ as youth unemployment threatens to tear Europe apart,business.financialpost.com,http://business.financialpost.com/2013/05/28/germany-warns-of-revolution-as-youth-unemployment-threatens-to-tear-europe-apart/
2013-05-29,12:49:33,1f8xs6,323,"Gunmen killed a female polio worker and injured another near the northwest city of Peshawar on Tuesday, the latest in a series of assaults on vaccination teams working to eradicate the disease in Pakistan",latimes.com,"http://www.latimes.com/news/world/worldnow/la-fg-wn-two-polio-workers-shot-in-pakistan-20130528,0,7397224.story"
2013-05-29,04:56:53,1f7wvk,278,King Abdullah Bin Abdulaziz Of Saudi Arabia Reported To Be 'Clinically Dead',huffingtonpost.co.uk,http://www.huffingtonpost.co.uk/2013/05/28/king-abdullah-bin-abdulaziz-dead_n_3346630.html?utm_hp_ref=uk
2013-05-29,11:40:22,1f8spw,237,"Syria Goes Hot: Russia To Deliver Weapons, Deploys Air Defense; Israel Warns Russia; Obama Demands No Fly Zone",zerohedge.com,http://www.zerohedge.com/news/2013-05-28/syria-goes-hot-russia-deliver-weapons-deploys-air-defense-israel-warns-russia-obama-
2013-05-29,10:15:28,1f8lz4,210,Scottish outrage at 'nanny state' plan to ban pint glass in Highlands pubs,telegraph.co.uk,http://www.telegraph.co.uk/news/uknews/scotland/10083843/Scottish-outrage-at-nanny-state-plan-to-ban-pint-glass-in-Highlands-pubs.html
2013-05-29,22:34:08,1f9mfz,181,"New outsource job, Indians have to check american doctors and nurses wash their hands properly via cam and sensors",ndtv.com,http://www.ndtv.com/article/world/with-money-at-risk-hospitals-push-staff-to-wash-hands-372585?pfrom=home-otherstories
2013-05-29,00:42:04,1f7csv,176,Polio Reappears in the Horn of Africa according to W.H.O. [xpost /r/strictlyworldpolitics],nytimes.com,http://www.nytimes.com/2013/05/28/health/polio-reappears-in-the-horn-of-africa.html
2013-05-29,12:54:53,1f8y59,176,"A elevator beheads woman in Shenzhen, China.",planetivy.co.uk,http://planetivy.co.uk/news/43579/elevator-beheads-woman-in-shenzhen-china/
2013-05-29,23:52:33,1f9rc4,142,Corporations Are Subverting Attempts to Rein in Their Power: Citizens have won important policy victories only to be undermined by the growing web of international investment rules and arbitration courts,alternet.org,http://www.alternet.org/environment/how-corporations-are-subverting-attempts-rein-their-power
2013-05-29,17:56:52,1f9brg,130,The Stigma of Reporting a Rape in Pakistan,pbs.org,http://www.pbs.org/wgbh/pages/frontline/afghanistan-pakistan/outlawed-in-pakistan/the-stigma-of-reporting-a-rape-in-pakistan/
2013-05-29,23:23:46,1f9peq,108,Ayaan Hirsi Ali: The Problem of Muslim Leadership,online.wsj.com,http://online.wsj.com/article/SB10001424127887323475304578503613890263762.html?mod=wsj_valetbottom_email
2013-05-29,21:45:55,1f9jyf,87,Switzerland to allow its banks to sidestep secrecy saws to disclose names of clients in a move intended to help resolve a long-running dispute with the United States over tax evasion,dealbook.nytimes.com,http://dealbook.nytimes.com/2013/05/29/swiss-officials-to-allow-banks-to-sidestep-secrecy-laws/
2013-05-29,13:36:58,1f90t7,87,"China to hold digital war games. Exercises will prepare for 'informationalised war', says state media, amid claims Chinese military is hacking on a global scale",guardian.co.uk,http://www.guardian.co.uk/world/2013/may/29/china-hold-digital-war-games?
2013-05-29,12:02:10,1f8uf8,77,"NASA Graph Shows CO2 Levels In Atmosphere Highest In 400,000 Years",climate.nasa.gov,http://climate.nasa.gov/evidence
2013-05-29,11:05:08,1f8pwi,75,"In China, 'Cancer Villages' a reality of life",edition.cnn.com,http://edition.cnn.com/2013/05/28/world/asia/china-cancer-villages-mckenzie/?hpt=hp_c1
2013-05-29,21:21:09,1f9itf,60,"Newly Discovered Virus Takes More Lives, Spreads: A new SARS-like virus recently found in humans continues to spread With the worldwide total now at 49, the World Health Organization said Wednesday. Of the 49 known infections with the MERS-CoV virus, 27 have resulted in death the organization said.",cnn.com,http://www.cnn.com/2013/05/29/health/world-coronavirus/index.html?hpt=hp_t1
2013-05-29,14:13:40,1f92u4,57,"Christians' discrimination cases rejected by European human rights court -- Three British Christians, who argued that their beliefs saw them wrongly disciplined by their employers for actions such as refusing to counsel same-sex couples, have lost their legal battle",guardian.co.uk,http://www.guardian.co.uk/world/2013/may/28/christians-discrimination-cases-rejected-human-rights-court
2013-05-29,07:21:19,1f88kg,53,Australia's biggest companies to be forced to disclose tax they pay. Bill comes as government reacts to US revelations that IT giant Apple is 'stateless' for tax purposes,guardian.co.uk,http://www.guardian.co.uk/world/2013/may/28/australian-companies-forced-disclose-tax?
2013-05-29,23:52:01,1f9rb4,53,Cuba increases access to Internet,dw.de,http://www.dw.de/cuba-to-expand-government-controlled-internet-access/a-16843998
2013-05-29,22:00:55,1f9koj,48,"Kenyan High Court has ordered police to reinvestigate complaints of rape by 11 girls in a landmark case brought by a children's charity on behalf of more than 240 victims of child rape, some of them as young as three years old",in.reuters.com,http://in.reuters.com/article/2013/05/29/kenya-rape-idINDEE94S07P20130529
2013-05-29,01:20:21,1f7fl0,53,Unknown disease kills over 100 children in Benin,english.cntv.cn,http://english.cntv.cn/20130528/104919.shtml
2013-05-29,17:48:01,1f9bg8,43,"British forces are detaining dozens in Afghanistan, Philip Hammond confirms - Defence secretary says 80-90 people are being held at Camp Bastion after claims emerge of secret detention facility",guardian.co.uk,http://www.guardian.co.uk/world/2013/may/29/british-forces-detainees-afghanistan-philip-hammond
