2013-12-19,03:27:28,1t6sae,3651,"NSA Fallout hits American business to the tune of four billion dollars: Brazil ditches Boeing, buys Gripen",falkvinge.net,http://falkvinge.net/2013/12/18/nsa-fallout-hits-american-business-to-the-tune-of-four-billion-dollars-brazil-ditches-boeing-buys-gripen/
2013-12-19,18:06:04,1t8lbi,3577,Putin says he envies Obama because he can spy on his citizens and get away with it.,telegraph.co.uk,http://www.telegraph.co.uk/news/worldnews/vladimir-putin/10526242/Vladimir-Putin-annual-press-conference-live.html
2013-12-19,23:39:44,1t91z1,3198,Pedophile soccer coach arrested after BURGLAR tells police about child abuse videos.,thelocal.es,http://www.thelocal.es/20131219/cops-nab-paedophile-after-tip-off-from-thief
2013-12-19,23:59:55,1t93mb,2620,"Report Suggests NSA Engaged In Financial Manipulation, Changing Money In Bank Accounts",techdirt.com,http://www.techdirt.com/articles/20131218/14533925607/intelligence-task-force-hints-nsa-manipulating-financial-systems-changing-amounts-bank-accounts.shtml
2013-12-19,22:50:13,1t8y99,2141,Toronto Mayor Rob Ford: 'Women love money. Give ‘em a couple thousand bucks and they are happy',news.nationalpost.com,http://news.nationalpost.com/2013/12/19/rob-ford-obviously-women-love-money-give-em-a-couple-thousand-bucks-and-they-are-happy/
2013-12-19,06:09:32,1t77ek,1889,Teenager buys £600 of food for 4 pence using supermarket coupons and donates it to families in need.,metro.co.uk,http://metro.co.uk/2013/12/18/teenager-buys-600-of-food-for-just-4p-with-supermarket-coupons-then-gives-it-to-families-in-need-4235826/?ITO=facebook
2013-12-19,06:14:10,1t77tu,1723,UK - Porn filters block sex education websites,bbc.co.uk,http://www.bbc.co.uk/news/uk-25430582
2013-12-19,22:11:16,1t8vqo,1434,"Pentecostal pastors in Africa push prayer, not drugs, for people with HIV -- ""pastors invite people infected with HIV to come forward for a public healing, after which they burn the person’s anti-retroviral medications and declare the person cured""",washingtonpost.com,http://www.washingtonpost.com/national/religion/pentecostal-pastors-in-africa-push-prayer-not-drugs-for-people-with-hiv/2013/12/04/986e613c-5d0f-11e3-8d24-31c016b976b2_story.html
2013-12-19,16:56:38,1t8ipz,864,"At this rate, elephants will be wiped out within 10 years - More elephant tusks were seized in 2011 than in any year since 1989, when the trade was banned",independent.co.uk,http://www.independent.co.uk/voices/comment/at-this-rate-elephants-will-be-wiped-out-within-10-years-9012557.html
2013-12-19,23:35:33,1t91n7,831,Finland intends to build a new data transmission cable through Germany to prevent Sweden from intercepting data and passing it on to NSA,thetechgets.com,http://www.thetechgets.com/2013/12/finland-implements-fibers-avoid-spying-nsa.html
2013-12-19,21:35:55,1t8tr0,678,"For the first time since the 1959 revolution, Cubans will have the right to buy new and used vehicles",cnbc.com,http://www.cnbc.com/id/101285560
2013-12-19,05:59:06,1t76dg,656,Japanese school cancels US exchange student program over California ‘comfort women’ monument,japandailypress.com,http://japandailypress.com/japanese-school-cancels-us-exchange-student-program-over-california-comfort-women-monument-1140829/
2013-12-19,17:27:09,1t8jwn,620,"The world's most powerful satellite camera, Gaia. Launched Into Space",news.sky.com,http://news.sky.com/story/1184636/gaia-satellite-camera-launched-into-space
2013-12-19,03:19:56,1t6rl4,446,Fracking could be allowed under homes in Britain without owners' knowledge | Planning minister says law will be changed so companies do not have to directly notify people about gas drilling in their areas,theguardian.com,http://www.theguardian.com/environment/2013/dec/18/fracking-allowed-homes-without-owners-knowledge-gas-drilling
2013-12-19,18:39:23,1t8mi3,404,"UK Establishment Closes Ranks as Organised Child Sex Abuse Network Leads Back to No. 10. Elm tree abuse has alleged links to High class MP's, Sir Cliff Richard, MI5 leaders, Heads of social services and convicted pedophiles linked to the BBC",scriptonitedaily.com,http://www.scriptonitedaily.com/2013/12/18/uk-establishment-closes-ranks-as-organised-paedophile-network-leads-back-to-no-10/
2013-12-19,17:12:06,1t8jd7,355,"British tax office 'lost nerve' over big avoiders - Treasury is owed £35bn in missing payments, pursued small firms not global giants",theguardian.com,http://www.theguardian.com/politics/2013/dec/19/hmrc-lost-nerve-tax-avoiders-mps
2013-12-19,15:24:06,1t8enp,332,European boycott of death penalty drugs lowers rate of US executions: The European-led boycott of medical drugs used by US corrections departments to execute prisoners is having such an impact that it has driven the number of executions to an almost all-time low,theguardian.com,http://www.theguardian.com/world/2013/dec/19/death-penalty-boycott-drugs-execution-new-low
2013-12-19,00:54:50,1t6eoi,320,Snowden document shows Norway works with U.S. to spy on Russia,upi.com,http://www.upi.com/Top_News/World-News/2013/12/17/Snowden-document-shows-Norway-works-with-US-to-spy-on-Russia/UPI-35421387318218/
2013-12-19,05:53:42,1t75tp,194,Five Turkish police commissioners were sacked a day after the sons of cabinet ministers and prominent businessmen close to PM Tayyip Erdogan were detained in a corruption probe,reuters.com,http://www.reuters.com/article/2013/12/18/us-turkey-corruption-idUSBRE9BH09020131218
2013-12-19,10:45:31,1t7v6a,189,"Facebook removes photo of gay Sikh man kissing another man , sparks debate",indiatoday.intoday.in,http://indiatoday.intoday.in/story/deleted-facebook-photo-of-gay-sikh-man-kissing-another-man-goes-viral-sparks-debate/1/331729.html?source=homernmnews
2013-12-19,08:49:47,1t7llv,170,The UN General Assembly adopts anti-spy resolution,bbc.co.uk,http://www.bbc.co.uk/news/world-latin-america-25441408
2013-12-19,19:00:00,1t8n98,168,"Chinese journalists face ideology exams from book that states: ""it is absolutely not permitted for published reports to feature any comments that go against the party line""",theguardian.com,http://www.theguardian.com/world/2013/dec/19/chinese-journalists-ideology-exam-media
2013-12-19,03:00:46,1t6ptl,164,"DNA analysis of early human remains in a Siberian cave, reveals the existence of a mystery human species.",bbc.co.uk,http://www.bbc.co.uk/news/science-environment-25423498
2013-12-19,19:04:35,1t8nfc,151,"Power struggle racks Erdogan government in Turkey, ministers filmed when taking bribes, police chiefs sacked",cnn.com,http://www.cnn.com/2013/12/19/world/europe/turkey-graft-probe/index.html
2013-12-19,23:07:31,1t8zkt,133,Chinese sex workers are being detained for up to two years without trial - and made to pay for their incarceration,theguardian.com,http://www.theguardian.com/world/2013/dec/19/china-sex-workers-pay-incarceration
2013-12-19,19:05:50,1t8ngy,109,Man sets himself alight in Vatican City: Vatican says motives of 51-year-old who doused himself with petrol and self-immolated in St Peter's Square are unknown,theguardian.com,http://www.theguardian.com/world/2013/dec/19/man-sets-himself-alight-vatican-city-st-peters-square
2013-12-19,21:41:19,1t8u24,82,London leaps aboard electric bus revolution- Zero-emission buses should reduce running costs by about three quarters compared to a diesel bus and can travel up to 250km (155 miles) on a single four or five hour charge - sufficient to operate for a full day without the need to recharge.,businessgreen.com,http://businessgreen.com/bg/news/2319836/london-leaps-aboard-electric-bus-revolution
2013-12-19,04:09:02,1t6w08,78,"The Economist nominates its first ""Country of the Year"" and it's Uruguay",economist.com,http://www.economist.com/news/leaders/21591872-resilient-ireland-booming-south-sudan-tumultuous-turkey-our-country-year-earths-got
2013-12-19,02:21:45,1t6m98,75,Brazil denies asylum for Edward Snowden,presstv.ir,http://www.presstv.ir/detail/2013/12/18/340696/brazil-rejects-snowden-asylum-request/
2013-12-19,22:35:08,1t8x6u,66,Pakistan’s Imran Khan threatened for criticizing violent attacks on polio immunization teams - The opposition leader & former cricket hero threatened by militants after criticizing attacks on polio vaccination teams. He declared polio workers as soldiers of Islam & said “we stand by them.”,rawstory.com,http://www.rawstory.com/rs/2013/12/19/pakistans-imran-khan-threatened-for-criticizing-violent-attacks-on-polio-immunization-teams/
