2013-07-18,01:11:04,1ihrkd,4445,"Pres. Jimmy Carter defends Snowden, also says: ""America has no functioning democracy."" Could only find this on German news sites, not American",spiegel.de,http://www.spiegel.de/politik/ausland/nsa-affaere-jimmy-carter-kritisiert-usa-a-911589.html
2013-07-18,10:02:51,1iiz9x,3505,Peru to Provide Free Solar Power to its 2 Million Poorest Citizens,inhabitat.com,http://inhabitat.com/peru-solar-power-program-aims-to-give-electricity-to-the-countrys-2-million-poorest-citizens/
2013-07-18,21:22:34,1ijyyw,2971,"Brazil's Army Moves To Protect Indigenous Awá Tribe By Halting Illegal Logging: They're known by some as Earth's Most Threatened Tribe, but now Brazil's indigenous Awá population is getting help from a powerful force -- the national army.",huffingtonpost.com,http://www.huffingtonpost.com/2013/07/17/brazil-army-awa-tribe_n_3606666.html
2013-07-18,19:17:10,1ijtxn,2908,"Stolen paintings of Picasso, Matisse, Monet and others, worth approximately $200mln, burned by Romanian woman to destroy evidence against her son",guardian.co.uk,http://www.guardian.co.uk/artanddesign/2013/jul/17/stolen-picasso-burned-romania
2013-07-18,19:19:04,1ijtzx,2810,19 of the 22 children who died after eating a tainted free school meal in India's Bihar state have been buried in and around the school grounds. Angry parents say they want the graves to serve as a reminder that the children died due to state negligence,bbc.co.uk,http://www.bbc.co.uk/news/world-asia-india-23353017
2013-07-18,21:07:34,1ijy9j,2340,Soccer’s global body FIFA lost a fight to block free TV access to World Cup matches after the European Union’s highest court said top matches involving national teams should be available to all viewers if governments insist,bloomberg.com,http://www.bloomberg.com/news/2013-07-18/fifa-loses-bid-to-block-free-tv-access-to-world-cup-matches.html
2013-07-18,20:27:19,1ijwfe,1923,Asian arrested for filming UAE man beating Indian driver in Dubai,ndtv.com,http://www.ndtv.com/article/india/asian-arrested-for-filming-uae-man-beating-indian-driver-393886
2013-07-18,15:27:45,1ijl89,1716,The Drone that Killed my Grandson,nytimes.com,http://www.nytimes.com/2013/07/18/opinion/the-drone-that-killed-my-grandson.html?hp&_r=0
2013-07-18,16:04:27,1ijmzd,1622,EU's decision on Israel like 'a bucket of cold water on the head of a drunk' The European Union has at last lost patience with Israel's refusal to comply with international law over settlements.,guardian.co.uk,http://www.guardian.co.uk/commentisfree/2013/jul/18/eu-israel-bucket-cold-water
2013-07-18,17:09:37,1ijpiy,1385,In the '40s and '50s the Canadian government intentionally withheld rations and vitamin supplements from hungry aboriginal children to see how starvation affects the body.,ctvnews.ca,http://www.ctvnews.ca/canada/harper-must-address-decades-old-nutritional-tests-on-aboriginals-atleo-1.1371153#.UedduXtQRC0.reddit
2013-07-18,17:30:57,1ijq97,1033,Husband and wife jailed for attacking Sikh taxi driver and ripping off his turban,theaustralian.com.au,http://www.theaustralian.com.au/news/husband-and-wife-jailed-for-attacking-sikh-taxi-driver-and-ripping-off-his-turban/story-e6frg6n6-1226680580854
2013-07-18,17:57:47,1ijr5v,868,Russian Opposition Leader Alexei Navalny Jailed for 5 Years,bbc.co.uk,http://www.bbc.co.uk/news/world-europe-23348735
2013-07-18,06:56:55,1iil6s,761,"Rules Change on Olympic Marijuana Testing - World Anti-Doping Agency amended its rules on cannabis, raising threshold for a positive test from 15 nanograms per milliliter to 150 ng/ml to distinguish in competition use from use taking place well before events",usatoday.com,http://www.usatoday.com/story/sports/olympics/2013/07/17/ross-rebagliati-olympics-marijuana-drug-testing/2528283/
2013-07-18,15:59:27,1ijmqo,530,Russian opposition leader Navalny found guilty of theft,reuters.com,http://www.reuters.com/article/2013/07/18/us-russia-navalny-idUSBRE96G0WO20130718
2013-07-18,20:23:43,1ijway,524,"Allowing abortions in cases of fatal foetal abnormalities would be ""depriving future Special Olympics athletes of being born""",broadsheet.ie,http://www.broadsheet.ie/2013/07/18/never-go-full-td/
2013-07-18,00:20:16,1ihnj6,392,"Britain's Chemical Sales To Syria Revealed - Britain has approved more than £12bn in military sales to countries it condemns for human rights abuses, including Syria.",news.sky.com,http://news.sky.com/story/1116687/britains-chemical-sales-to-syria-revealed
2013-07-18,21:32:11,1ijzh0,333,India's Supreme Court orders curb on sales of acid in attempt to reduce attacks on women,bbc.co.uk,http://www.bbc.co.uk/news/world-asia-india-23358264#TWEET825897
2013-07-18,03:02:02,1ii109,322,‘Sorry is not enough’: Bolivia demands EU find culprits behind aerial hijack,rt.com,http://rt.com/news/bolivia-eu-apologies-not-enough-202/
2013-07-18,21:14:57,1ijylc,308,Indian principal on the run after 22 students die from school lunches,cnn.com,http://www.cnn.com/2013/07/18/world/asia/india-school-meal-poisoning/
2013-07-18,21:38:12,1ijzsk,249,A Malaysian couple known for a sexually explicit blog have been charged with sedition after they caused outrage by posting a Ramadan greeting on Facebook which showed them eating pork.,globalpost.com,http://www.globalpost.com/dispatch/news/afp/130718/malaysian-sex-bloggers-charged-sedition
2013-07-18,21:33:08,1ijzik,203,More Dubai Injustice: Man who uploaded government official assault video arrested,khaleejtimes.com,http://khaleejtimes.com/kt-article-display-1.asp?xfile=data%2Fnationgeneral%2F2013%2FJuly%2Fnationgeneral_July291.xml&section=nationgeneral
2013-07-18,15:05:02,1ijk2h,159,"Russian protest leader guilty of embezzlement: Judge finds Alexei Navalny, a critic of Vladimir Putin, guilty of colluding to steal $500000 from a timber company. Navalny had always claimed the trial was political to try to stop his rise in popularity and his challenging of Putin for political power",aljazeera.com,http://www.aljazeera.com/news/europe/2013/07/201371851245871873.html
2013-07-18,06:12:14,1iihhq,159,"Canadian gore website owner charged with ""corrupting morals"" for hosting dismemberment video",cbc.ca,http://www.cbc.ca/news/canada/edmonton/story/2013/07/17/edmonton-best-gore-marek-charged.html
2013-07-18,20:30:54,1ijwky,139,"Tunisia: Artists 'targeted for offending morals' ""Artists in Tunisia are increasingly finding themselves in the dock for ""offending morals"" as Islamist influence grows, it seems.""",bbc.co.uk,http://www.bbc.co.uk/news/blogs-news-from-elsewhere-23271057
2013-07-18,11:09:24,1ij49t,110,Taliban writes a letter to Malala Yousafzai explaining why they shot her in the head,smh.com.au,http://www.smh.com.au/world/taliban-to-malala-yousafzai-we-regret-the-shooting-but-you-should-join-a-madrassa-20130718-2q59v.html
2013-07-18,22:41:29,1ik3dq,111,Monsanto to withdraw EU approval requests for new GMO crops,reuters.com,http://www.reuters.com/article/2013/07/17/us-eu-monsanto-gmos-idUSBRE96G16R20130717
2013-07-18,21:21:09,1ijywg,73,Nelson Mandela's daughter has made clear that her father is making 'remarkable progress' and that the family hopes to 'have him home soon'. Happy 95th Birthday Nelson.,google.ie,"https://www.google.ie/url?sa=t&rct=j&q=&esrc=s&source=web&cd=6&cad=rja&ved=0CFsQFjAF&url=http%3A%2F%2Fwww.guardian.co.uk%2Fworld%2F2013%2Fjul%2F17%2Fnelson-mandela-better-95th-birthday&ei=H93nUbGZNaOP7AaBrIGYAw&usg=AFQjCNFgUIXNRDGorlYD1qKoAWo6rRND8A&sig2=W1Z87KNQLbLidPVhyMptNA&bvm=bv.49478099,d.ZGU"
2013-07-18,14:25:01,1ijhva,70,"A court in Russia finds high-profile protest leader Alexei Navalny, Putin's biggest political foe for exposing corruption in the United Russia Party, guilty of corruption",bbc.co.uk,http://www.bbc.co.uk/news/world-europe-23352688
2013-07-18,16:43:21,1ijold,67,Lower tolerance for speeding drivers creates $9m windfall for Queensland Government -- Speed cameras now ticket for going 1 km/h over the speed limit,couriermail.com.au,http://www.couriermail.com.au/news/queensland/lower-tolerance-for-speeding-drivers-creates-9m-windfall-for-queensland-government/story-fnihsrf2-1226680973096
2013-07-18,19:51:13,1ijv3u,65,Israel open to 1967 border formula for Palestine talks,ynetnews.com,"http://www.ynetnews.com/articles/0,7340,L-4406797,00.html"
