2013-07-08,12:21:53,1huakq,3309,"Mexico: Teenager stabbed to death for recording vote-buying with his cellphone. He was attacked by PRI militants, the current party in power.",translate.google.com,http://translate.google.com/translate?sl=auto&tl=en&js=n&prev=_t&hl=en&ie=UTF-8&u=http%3A%2F%2Fplumaslibres.com.mx%2F2013%2F07%2F07%2Fmatan-a-joven-que-pretendia-grabar-cuando-repartian-despensas-en-mecayapan%2F
2013-07-08,01:38:58,1ht3ji,2571,"U.S. To Latin American Countries Offering Asylum To Snowden: ""We Won't Put Up With This Kind Of Behavior""",huffingtonpost.com,http://www.huffingtonpost.com/2013/07/07/martin-dempsey-edward-snowden_n_3557688.html?utm_hp_ref=politics
2013-07-08,13:37:20,1hufiv,2204,Canada's new chief scientist proclaims: “Scientific discovery is not valuable unless it has commercial value.”,thestar.com,http://www.thestar.com/opinion/editorials/2013/05/13/harper_governments_nrc_makeover_is_shortsighted_and_wrongheaded_editorial.html
2013-07-08,17:34:29,1huqn8,2178,"Mos Def force fed under standard ""Gitmo"" procedure to demonstrate the treatment of the hunger strikers.",guardian.co.uk,http://www.guardian.co.uk/world/video/2013/jul/08/mos-def-force-fed-guantanemo-bay-video
2013-07-08,01:20:25,1ht2cs,2177,Snowden Reveals How GCHQ in Britain Soaks Up Mass Internet Data,spiegel.de,http://www.spiegel.de/international/world/snowden-reveals-how-gchq-in-britain-soaks-up-mass-internet-data-a-909852.html
2013-07-08,01:30:41,1ht2zi,1991,"Andy Murray defeats Novak Djokovic to win Wimbledon men's final, becomes first British man to win since 1936.",bbc.co.uk,http://www.bbc.co.uk/sport/0/tennis/23212663
2013-07-08,02:17:20,1ht5yp,1620,"Bolivia joins the party, also grants asylum for Edward Snowden",arstechnica.com,http://arstechnica.com/tech-policy/2013/07/bolivia-joins-the-party-also-grants-asylum-for-edward-snowden/
2013-07-08,03:09:54,1ht9bx,1614,"Ban Ki Moon goes to a private meeting with Icelandic officials and condemns Snowden. Pirate Party's Birgitta Jónsdóttir's response - ""Ban Ki Moon sucks""",newsoficeland.com,http://www.newsoficeland.com/home/politics/foreign-affairs/item/1865-ban-ki-moon-sucks
2013-07-08,22:37:33,1hv2aa,1405,Pentagon Papers leaker: Snowden was right to run,washingtonpost.com,http://www.washingtonpost.com/opinions/daniel-ellsberg-nsa-leaker-snowden-made-the-right-call/2013/07/07/0b46d96c-e5b7-11e2-aef3-339619eab080_story.html
2013-07-08,23:31:19,1hv5no,1238,Video captures camouflaged military sniper firing into a crowded demonstration in Cairo,washingtonpost.com,http://www.washingtonpost.com/blogs/worldviews/wp/2013/07/08/video-captures-military-sniper-firing-into-a-crowded-pro-morsi-protest-in-cairo/?1
2013-07-08,12:58:41,1huczt,1215,"Cuba's Raul Castro criticizes U.S., backs allies on Snowden",reuters.com,http://www.reuters.com/article/2013/07/07/us-usa-security-cuba-idUSBRE9660JU20130707
2013-07-08,17:03:38,1hupm0,1113,"Donald Trump fails to deliver on Scottish golf resort jobs pledge. By his own admission, Mr Trump has created no more than 200 of his promised 6,000 jobs",independent.co.uk,http://www.independent.co.uk/news/uk/home-news/donald-trump-fails-to-deliver-on-golf-resort-jobs-pledge-8693854.html
2013-07-08,22:15:26,1hv13l,1078,"Canadians continue to trade fundamental freedoms away to the Harper Government for ""security""",huffingtonpost.ca,http://www.huffingtonpost.ca/adam-kingsmith/canada-freedom-of-assembly_b_3558454.html
2013-07-08,09:10:41,1htxpk,723,Egypt after Mursi - Suddenly there is electricity and petrol again which raises questions and nourishes rumors,translate.google.com,http://translate.google.com/translate?sl=de&tl=en&js=n&prev=_t&hl=en&ie=UTF-8&u=http%3A%2F%2Fwww.zeit.de%2Fpolitik%2Fausland%2F2013-07%2Faegypten-energiekrise-versorgungslage&act=url
2013-07-08,22:18:05,1hv18k,610,"UN report says Mexicans are the heaviest on the planet, outweighing Americans even as they battle hunger and malnutrition.",globalpost.com,http://www.globalpost.com/dispatch/news/regions/americas/mexico/130705/mexican-fattest-country-obesity
2013-07-08,12:24:42,1huarl,498,11-Year-Old Chilean Rape Victim’s Health Is In Danger Because She Can’t Get An Abortion,thinkprogress.org,http://thinkprogress.org/health/2013/07/07/2261731/chile-rape-victim-abortion/
2013-07-08,05:05:25,1hth4y,362,At least 50 drinkers in bar feared dead after runaway train devastates Canadian town,telegraph.co.uk,http://www.telegraph.co.uk/news/worldnews/northamerica/canada/10165124/At-least-50-drinkers-in-bar-feared-dead-after-runaway-train-devastates-Canadian-town.html
2013-07-08,00:48:09,1ht0ip,324,Rupert Mudoch's Ex-wife Exposed as Senior Chinese Spy!,chinagaze.com,http://www.chinagaze.com/2013/07/07/rupert-murdochs-ex-wife-exposed-as-senior-chinese-spy/
2013-07-08,20:38:47,1huwps,268,"Russian plane to conduct observation flights over US, Canada",english.ruvr.ru,http://english.ruvr.ru/news/2013_07_08/Russian-plane-to-conduct-observation-flights-over-US-Canada-1704/
2013-07-08,10:09:34,1hu1oo,270,A new form of protest is emerging in Turkey - people's forums. A loosely organised group with no political or religious affiliation is keeping the government to account.,nytimes.com,http://www.nytimes.com/2013/07/08/world/europe/after-protests-forums-sprout-in-turkeys-parks.html?partner=rss&emc=rss
2013-07-08,02:22:38,1ht6bb,256,"Muslim television channel fined after preacher of hate incited murder live on air. “Under the guidance from Islamic texts it is evident that if a Muslim apostatises, then it is not right to wait for the authorised courts; anyone may kill him.""",telegraph.co.uk,http://www.telegraph.co.uk/news/uknews/terrorism-in-the-uk/10162099/Muslim-television-channel-fined-after-preacher-of-hate-incited-murder-live-on-air.html
2013-07-08,06:42:22,1htnqu,254,Evo Morales: Plane-grounding debacle will never be forgotten in South America,rt.com,http://rt.com/news/morales-snowden-rt-interview-760/?utm_source=twitterfeed&utm_medium=twitter
2013-07-08,00:03:45,1hsy9t,249,All internet traffic routed through the UK is kept accessible for GCHQ in a buffer for three days,spiegel.de,http://www.spiegel.de/netzwelt/web/edward-snowden-ueber-tempora-macht-der-britischen-datensauger-a-909849.html
2013-07-08,13:05:18,1hudfq,240,3 Christian Boys Were Killed by Police Due to Love Affair with Muslim Girls,christiansinpakistan.com,http://www.christiansinpakistan.com/3-christian-boys-were-killed-by-police-due-to-love-affair-with-muslim-girls/
2013-07-08,01:15:10,1ht21p,214,Protesters in Turkey attacked with machetes. [Raw videos in comments],hurriyetdailynews.com,http://www.hurriyetdailynews.com/footage-emerges-showing-assailants-with-machetes-attacking-gezi-protesters-in-istanbuls-taksim.aspx?pageID=238&nID=50168&NewsCatID=341
2013-07-08,13:12:19,1hudxk,193,Brazil Voices ‘Deep Concern’ Over Gathering of Data by U.S.,nytimes.com,http://www.nytimes.com/2013/07/08/world/americas/brazil-voices-deep-concern-over-gathering-of-data-by-us.html?src=twr
2013-07-08,15:30:39,1hulqe,169,At least 20 killed after Egyptian Military opens fire on Pro-Morsi demonstrators,edition.cnn.com,http://edition.cnn.com/2013/07/08/world/meast/egypt-coup/index.html
2013-07-08,23:18:14,1hv4qx,160,Government to Assign Email Addresses to All Iranians and switch to a domestic network isolated from the world wide web,nytimes.com,http://www.nytimes.com/reuters/2013/07/08/world/middleeast/08reuters-iran-internet.html?hp&_r=0
2013-07-08,13:24:59,1hueqi,141,Brazil asks US to explain internet surveillance,bbc.com,http://www.bbc.com/news/world-latin-america-23222172
2013-07-08,13:45:56,1hug0k,134,Another Israeli swimming pool caught refusing entry to Arab citizens,electronicintifada.net,http://electronicintifada.net/blogs/ali-abunimah/another-israeli-swimming-pool-caught-refusing-entry-arab-citizens
