2013-04-09,10:19:15,1byje4,4893,Ontario is putting an end to coal-burning power plants: '...on the verge of becoming the first industrial region in North America to eliminate all coal-fired electrical generation.',csmonitor.com,http://www.csmonitor.com/World/Making-a-difference/Change-Agent/2013/0403/How-Ontario-is-putting-an-end-to-coal-burning-power-plants?nav=88-csm_category-storyList
2013-04-09,23:58:06,1bzpzv,2382,"In sign of growing Chinese frustration with North Korea, Daily Show clip mocking Kim Jong Un gets 2.8 million views on China web portal, making it the 2nd most viewed Daily Show segment ever",washingtonpost.com,http://www.washingtonpost.com/blogs/worldviews/wp/2013/04/09/in-sign-of-chinese-frustration-with-north-korea-daily-show-clip-mocking-kim-racks-up-2-8-million-chinese-views/
2013-04-09,22:20:05,1bzjux,2282,North Korea to 'launch missile TOMORROW' after warning foreigners to evacuate South | World | News,express.co.uk,http://www.express.co.uk/news/world/390452/North-Korea-to-launch-missile-TOMORROW-after-warning-foreigners-to-evacuate-South??
2013-04-09,03:14:58,1bxk4e,2246,"French Intelligence Agency Forces Wikipedia Volunteer to Delete Article; Re-Instated, It Becomes Most-Read Page On French Wikipedia",techdirt.com,https://www.techdirt.com/articles/20130407/09244422618/french-intelligence-agency-forces-wikipedia-volunteer-to-delete-article-re-instated-it-becomes-most-read-page-french-wikipedia.shtml
2013-04-09,22:35:44,1bzkrn,2153,Jewish terrorist who murdered two palestinians gets 2 life sentences in Israeli jail,ynetnews.com,"http://www.ynetnews.com/articles/0,7340,L-4365927,00.html"
2013-04-09,01:48:14,1bxd7e,1567,10-year-old rape victim put behind bars- Times of India,timesofindia.indiatimes.com,http://timesofindia.indiatimes.com/city/lucknow/10-year-old-rape-victim-put-behind-bars/articleshow/19447129.cms
2013-04-09,22:31:23,1bzkhq,1548,'Ding Dong! The Witch Is Dead' set to enter UK Official top 40 following Margaret Thatcher's death,independent.co.uk,http://www.independent.co.uk/arts-entertainment/music/news/ding-dong-the-witch-is-dead-set-to-enter-uk-official-top-40-following-margaret-thatchers-death-8566042.html
2013-04-09,19:44:36,1bzd0i,1354,Street parties break out in London and across the UK over death of Margaret Thatcher,tntmagazine.com,http://www.tntmagazine.com/news/london/street-parties-break-out-in-brixton-over-death-of-thatcher
2013-04-09,03:44:50,1bxmkl,1134,Now Hiring: Fake Somali Pirates. Foreign journalists have paid Kenyans pretending to be Somali pirates hundreds of dollars to interview them.,blog.priceonomics.com,http://blog.priceonomics.com/post/47213779581/now-hiring-fake-somali-pirates
2013-04-09,17:06:46,1bz86f,605,"Japan deploys three Patriot missile defense batteries in Tokyo, a chain of PAC-3 batteries to Okinawa, and Aegis missile defense destroyers to the Sea of Japan",aljazeera.com,http://www.aljazeera.com/news/asia-pacific/2013/04/20134952546381186.html
2013-04-09,21:18:32,1bzgpf,525,"“The British are watering our whiskey,” warned American diplomat in 1973 (via Wikileaks)",qz.com,http://qz.com/72032/the-british-are-watering-our-whiskey-warned-american-diplomat-in-1973/
2013-04-09,21:21:08,1bzgth,514,"US tear gas shipment -140,000 canisters - arrives in Egypt.",egyptindependent.com,http://www.egyptindependent.com/news/us-teargas-shipment-arrives-suez
2013-04-09,01:16:03,1bxanq,503,"While in Syria, FRONTLINE filmmaker Olly Lambert did not anticipate that bombs from government jets would begin to fall just 300 meters away. (Warning: Graphic Violence)",reddit.com,http://www.reddit.com/r/PBS/comments/1bxafz/while_in_syria_frontline_filmmaker_olly_lambert/
2013-04-09,00:56:58,1bx982,356,India Use Drones to Protect Rhinos From Poachers -,abcnews.go.com,http://abcnews.go.com/International/wireStory/india-drones-protect-rhinos-poachers-18904921#.UWLotwhPZFp.reddit
2013-04-09,21:19:58,1bzgrm,326,How a Single Spy Turned Pakistan Against the United States. What really happened after Raymond Davis killed two men in the street in Lahore.,nytimes.com,http://www.nytimes.com/2013/04/14/magazine/raymond-davis-pakistan.html?partner=rss&emc=rss#.UWQHRMtgyfE.reddit
2013-04-09,09:29:11,1byf5q,266,North Korea workers don't report for work at joint industrial park,reuters.com,http://www.reuters.com/article/2013/04/09/us-korea-north-kaesong-idUSBRE93716C20130409
2013-04-09,14:14:28,1bz0t1,227,"Japanese woman with megaphone in Osaka: ""I hate Koreans so much... We will start Tsuruhashi massacre like Nanking Massacre."" Crowd cheers.",dailymail.co.uk,http://www.dailymail.co.uk/news/article-2305900/Japanese-girls-anti-North-Korea-rant-goes-viral-rogue-state-threatens-nuke-West.html
2013-04-09,22:01:45,1bziu0,215,Afghanistan mineral deposits estimated at $1 trillion,mining.com,http://www.mining.com/afghanistan-mineral-deposits-estimated-at-1-trillion-dollars-82470/
2013-04-09,19:15:48,1bzbza,193,The Pirate Bay Moves to .GL Domain in Anticipation of Domain Seizure: The Pirate Bay has received indications that the Swedish authorities might soon attempt to seize the site’s .se domain,torrentfreak.com,http://torrentfreak.com/the-pirate-bay-moves-to-gl-domain-in-anticipation-of-domain-seizure-130409/
2013-04-09,23:40:51,1bzotz,192,Margaret Thatcher Was Freakishly Correct About Why The Euro Would Be Such A Big Disaster,businessinsider.com,http://www.businessinsider.com/margaret-thatcher-on-the-euro-2013-4
2013-04-09,04:24:12,1bxpvk,177,US Navy Deploying Laser Weapon Prototype in Persian Gulf,nytimes.com,http://www.nytimes.com/2013/04/09/world/navy-deploying-laser-weapon-prototype-in-persian-gulf.html?ref=world
2013-04-09,14:17:05,1bz0ys,166,The Sun reports that Kim Jong Un starred in a Grease production while going to school in Switzerland,thesun.co.uk,http://www.thesun.co.uk/sol/homepage/news/4878971/kim-jong-un-starred-in-school-production-of-grease.html
2013-04-09,02:46:46,1bxhvj,135,Putin Says Russia Does Not Discriminate Against Gays,nytimes.com,http://www.nytimes.com/reuters/2013/04/08/world/europe/08reuters-russia-germany-netherlands-homosexual.html
2013-04-09,02:16:52,1bxfgu,129,North Korea: ex-soldiers recall 'golden days' of military drills | World news,guardian.co.uk,http://www.guardian.co.uk/world/2013/apr/08/north-korean-soldiers-joint-drills
2013-04-09,07:01:55,1by355,124,"France wants to keep 1,000 soldiers in Mali permanently",reuters.com,http://www.reuters.com/article/2013/04/08/us-mali-rebels-idUSBRE93711I20130408
2013-04-09,01:12:09,1bxade,86,North Korea cuts another tie to South,worldnews.nbcnews.com,http://worldnews.nbcnews.com/_news/2013/04/08/17651349-north-korea-cuts-another-tie-to-south-un-says-country-cannot-go-on-like-this?lite
2013-04-09,11:32:35,1bypat,79,Crowds gather across UK to 'celebrate' Maragaret Thatcher's death,belfasttelegraph.co.uk,http://www.belfasttelegraph.co.uk/news/local-national/uk/crowds-gather-across-uk-to-celebrate-maragaret-thatchers-death-29182240.html
2013-04-09,12:03:19,1byrqi,76,Japan Readies Missile Defense Around Tokyo in Preparation of North Korean Strike,cnn.com,http://www.cnn.com/2013/04/08/world/japan-north-korea/
2013-04-09,08:58:53,1bycqd,67,Chinese military officer calls H7N9 virus a US 'bio-psychological weapon',scmp.com,http://www.scmp.com/comment/blogs/article/1209796/pla-officer-calls-h7n9-virus-us-bio-psychological-weapon
2013-04-09,02:51:13,1bxi9b,64,Is modern life making us lonely? Loneliness is rising among the young.,bbc.co.uk,http://www.bbc.co.uk/news/magazine-22012957
