2013-01-27,05:23:25,17c10b,2680,"In New Zealand, the number of Facebook users has stayed the same over the last 3 months. 13-15 years olds are leaving at the same rate as their parents are joining",stuff.co.nz,http://www.stuff.co.nz/technology/digital-living/8227867/Social-oldies-mean-Facebook-loses-its-cool
2013-01-27,18:48:01,17d4ww,2366,At least 90 people were killed in a nightclub fire caused by a pyrotechnics show in southern Brazil,rt.com,http://rt.com/news/night-fire-dead-brazil-833/
2013-01-27,05:40:16,17c231,1452,"Nicholas Stern: 'I got it wrong on climate change – it's far, far worse'",guardian.co.uk,http://www.guardian.co.uk/environment/2013/jan/27/nicholas-stern-climate-change-davos
2013-01-27,11:48:15,17conm,1023,Israel admits Ethiopian women were given birth control shots,haaretz.com,http://www.haaretz.com/news/national/israel-admits-ethiopian-women-were-given-birth-control-shots-1.496519
2013-01-27,21:06:46,17d84j,584,Death toll in Brazilian nightclub fire is now at least 220.,cnn.com,http://www.cnn.com/2013/01/27/world/americas/brazil-nightclub-fire/index.html
2013-01-27,00:26:22,17bidf,427,Iran unveils machine for amputating thieves’ fingers | The Observers,observers.france24.com,http://observers.france24.com/content/20130125-iran-machine-amputating-thieves-finger
2013-01-27,21:26:25,17d8o8,394,Poland's investigation into secret CIA prisons loses steam,uk.reuters.com,http://uk.reuters.com/article/2013/01/27/uk-poland-cia-idUKBRE90Q03P20130127
2013-01-27,21:24:40,17d8ls,352,Sir David Attenborough: Humans are a plague.,express.co.uk,http://www.express.co.uk/posts/view/372353?fb_action_ids=10151260205686705&fb_action_types=og.recommends&fb_source=timeline_og&action_object_map=%7B%2210151260205686705%22%3A532916373408280%7D&action_type_map=%7B%2210151260205686705%22%3A%22og.recommends%22%7D&action_ref_map=%5B%5D
2013-01-27,09:49:27,17chos,351,"Drug-resistant infections could pose ‘apocalyptic scenario’, medical experts warn",thestar.com,http://www.thestar.com/news/world/article/1319438--drug-resistant-infection-threat-sparks-warnings-of-apocalyptic-scenario
2013-01-27,19:29:18,17d5tg,276,"Glasgow to be UK's 1st 'Smart City' - ""It has quite extreme challenges - it has the lowest life expectancy of any city in the UK  - & the hope is  if we bring together energy, transport, public safety & health it'll be  a better place to live.""  It won £24 million  from  Technology Strategy Board .",wired.co.uk,http://www.wired.co.uk/news/archive/2013-01/27/glasgow-smart-city
2013-01-27,04:17:47,17bwrb,190,"Environment Canada warns alleged polluters, instead of prosecuting them",vancouversun.com,http://www.vancouversun.com/news/national/Environment+Canada+hits+alleged+polluters+with+warnings/7855569/story.html
2013-01-27,22:30:17,17daon,166,Berlusconi defends Mussolini for backing Hitler,timesofindia.indiatimes.com,http://timesofindia.indiatimes.com/world/europe/Berlusconi-defends-Mussolini-for-backing-Hitler/articleshow/18208181.cms
2013-01-27,03:31:24,17btm8,161,Official Hints Israel Has Shelved Its Plan for Attack on Iran,nytimes.com,http://www.nytimes.com/2013/01/27/world/middleeast/defense-official-hints-that-israel-is-stepping-back-from-plans-to-unilaterally-attack-iran.html
2013-01-27,20:04:48,17d6m9,132,Great Barrier Reef at Great Risk From Coal - The big mama of all reefs under siege by fossil fuel development pushed by recently elected conservative Queensland state govt. UNESCO  threatens to strip the reef of its World Heritage Site status  if  more isn't done to protect it.,motherjones.com,http://www.motherjones.com/blue-marble/2013/01/great-barrier-reef-under-seige-coal
2013-01-27,05:04:04,17bzqa,108,Egyptian Judge sentences 21 to death after riot kills 74,soccernet.espn.go.com,http://soccernet.espn.go.com/news/story/_/id/1314071/judge-sentences-21-egyptian-soccer-fans-to-death;-riots-ensue?cc=5901
2013-01-27,19:35:46,17d5yv,100,"Brazil Nightclub Fire Kills at Least 90 -  A band's pyrotechnics show caused the fire. Some 2,000 people were in the nightclub when it broke out. ",worldnews.nbcnews.com,http://worldnews.nbcnews.com/_news/2013/01/27/16721339-reuters-brazil-nightclub-fire-kills-at-least-90
2013-01-27,00:11:57,17bhl0,94,Archeologists revise image of ancient Celts | Culture | DW.DE ,dw.de,http://www.dw.de/archeologists-revise-image-of-ancient-celts/a-16528844
2013-01-27,04:36:05,17bxxb,89,The all-female militias of Syria,washingtonpost.com,http://www.washingtonpost.com/blogs/worldviews/wp/2013/01/25/the-all-female-militias-of-syria/
2013-01-27,22:28:56,17dan5,85,French Capture Strategic Airport in Move to Retake North Mali,nytimes.com,http://www.nytimes.com/2013/01/27/world/africa/france-mali-intervention.html?hp
2013-01-27,15:16:30,17cz4j,79,Satellite photos suggest that North Korea is ready for a nuclear test,news.msn.com,http://news.msn.com/world/images-suggest-n-korea-ready-for-nuclear-test
2013-01-27,20:39:50,17d7fg,74,Israel vows Syria strike at any sign of chemical arms transfer,reuters.com,http://www.reuters.com/article/2013/01/27/us-syria-crisis-israel-idUSBRE90Q03I20130127
2013-01-27,09:03:17,17ceyd,69,Why Clothes Might Not Be Made in China Much Longer,live.wsj.com,http://live.wsj.com/video/why-clothes-might-not-be-made-in-china-much-longer/BD74F821-AA8A-4F4D-B7D2-60BFC3DFB763.html
2013-01-27,19:47:01,17d67g,56,"Poland Source of Horsemeat in UK Beefburgers Scandal - 
Irish govt says raw material imported from Poland had up to 20% horse DNA.  Irish food & agriculture minister says he's sure Poland was the source of the contamination. ",guardian.co.uk,http://www.guardian.co.uk/world/2013/jan/27/horsemeat-burgers-traced-polish-suppliers
2013-01-27,21:41:59,17d94a,53,France orders Twitter to identify racist users,france24.com,http://www.france24.com/en/20130124-french-court-twitter-identify-authors-racist-anti-semitic
2013-01-27,18:18:58,17d49l,52,Tepco plans to dump ‘cleaned’ Fukushima No. 1 water,japantimes.co.jp,http://www.japantimes.co.jp/news/2013/01/25/national/tepco-plans-to-dump-cleaned-fukushima-no-1-water/#.UQT-OInjkeU
2013-01-27,15:42:42,17d02r,51,"As tensions rise with North Korea, Japan launches 2 intelligence satellites into orbit",washingtonpost.com,http://www.washingtonpost.com/business/japan-launches-2-intelligence-satellites-into-orbit/2013/01/27/6e11bab2-6844-11e2-83c7-38d5fac94235_story.html?tid=sm_btn_reddit
2013-01-27,11:56:05,17cp4w,47,Dolphins killed in pay spat,nzherald.co.nz,http://www.nzherald.co.nz/environment/news/article.cfm?c_id=39&objectid=10861279
2013-01-27,10:48:28,17cl6g,42,Secret Life of North Korea - John Everard,independent.co.uk,http://www.independent.co.uk/news/world/asia/the-secret-lives-of-north-korea-8468421.html
2013-01-27,05:34:55,17c1r3,42,"Turkish society: Of sex and Islam. Even for imams, discussing sex is no longer taboo",economist.com,http://www.economist.com/news/europe/21570716-even-imams-discussing-sex-no-longer-taboo-sex-and-islam
2013-01-27,23:53:50,17de1u,43,UAE charges 94 in alleged Islamist coup plot,bostonherald.com,http://bostonherald.com/news_opinion/international/middle_east/2013/01/uae_charges_94_alleged_islamist_coup_plot
