2013-02-26,08:13:03,198471,2781, Church of Scientology in Sydney accused of holding a young Taiwanese woman hostage,abc.net.au,http://www.abc.net.au/news/2013-02-25/church-of-scientology-denies-holding-woman-in-isolation/4539658
2013-02-26,03:08:28,197gc8,2588,Rats trained to detect mines find 2400 landmines in Mozambique.,bbc.com,http://www.bbc.com/future/story/20130222-scratch-and-sniff-mine-detectors
2013-02-26,21:42:56,199arr,2511,"North Korea expanding gulags, satellite images show",telegraph.co.uk,http://www.telegraph.co.uk/news/worldnews/asia/northkorea/9894275/North-Korea-expanding-gulags-satellite-images-show.html
2013-02-26,01:10:52,1977tz,1591,"As its vice president, the UN Human Rights Council has chosen as Mauritania — ""a country that allows 20% of its citizens, some as young as 10, to live as slaves.""",fullcomment.nationalpost.com,http://fullcomment.nationalpost.com/2013/02/25/tom-gross-the-uns-willful-ignorance-of-modern-day-slavery/
2013-02-26,01:51:57,197ari,1078,"WikiLeaks has published over 40,000 secret documents regarding Venezuela, which show the clear hand of US imperialism in efforts to topple popular and democratically elected leader Hugo Chavez",greenleft.org.au,http://www.greenleft.org.au/node/53422
2013-02-26,03:53:31,197jqn,1074,"Deutsche Bank Is Caught In A Spiral Of Lies - Leaked internal studies show it had known for years that commodity speculation drove up food prices, but lied to German parliament about it",businessinsider.com,http://www.businessinsider.com/lies-damned-lies-and-banks-deutsche-bank-caught-again-2013-2
2013-02-26,20:22:42,1997s3,1056,Met Police rape unit 'encouraged' victims to retract cases,bbc.co.uk,http://www.bbc.co.uk/news/uk-england-london-21586786
2013-02-26,20:19:12,1997n7,947,"Chinese Junk Patents Flood Into Australia, Allowing Chinese Companies To Strategically Block Innovation",techdirt.com,http://www.techdirt.com/blog/innovation/articles/20130221/01521022047/chinese-junk-patents-flood-into-australia-allowing-chinese-companies-to-strategically-block-innovation.shtml
2013-02-26,01:05:07,1977eq,558,"China’s riskiest property market just collapsed. ""..13 percent of Chinese GDP in 2011 came from real estate investment.""",washingtonpost.com,http://www.washingtonpost.com/blogs/worldviews/wp/2013/02/25/chinas-riskiest-property-market-just-collapsed-is-this-how-it-starts/
2013-02-26,04:20:06,197loy,533,Nine men accused of gang-raping six girls aged between 11 and 15,bbc.co.uk,http://www.bbc.co.uk/news/uk-england-oxfordshire-21578312
2013-02-26,21:34:37,199af6,416,"How Demography Is Changing Japan - The increasingly inverted structure of Japan’s population pyramid, with fewer young people than old people, means that it will be very difficult to generate the tax revenues necessary to pay for the healthcare needs of the elderly.",thediplomat.com,http://thediplomat.com/2013/02/26/how-demography-is-changing-japan/
2013-02-26,04:10:09,197l02,345,"Lion populations have fallen by 68% in just 50 years – from 100,000 to 35,000 today. ",guardian.co.uk,http://www.guardian.co.uk/environment/2013/feb/25/lions-africa-endangered-species-medicine-habitat
2013-02-26,20:19:29,1997nl,321,"As a member of the radical group ""Fuerza Nueva"", Spaniard Emilio Hellin shot and killed a 19-year-old girl in 1980.  After serving only 14 years of his 43-year-sentence, he is now employed by the Spanish Interior Ministry as a security consultant
",irishtimes.com,http://www.irishtimes.com/newspaper/world/2013/0226/1224330516384.html
2013-02-26,15:33:15,198yiw,248, Oxford sex gang victim aged 11 was 'branded with initial of her abuser',capitalbay.com,http://www.capitalbay.com/uk/312212-mohammed-karrar-oxford-sex-gang-victim-aged-11-was-branded-with-initial-of-her-abuser.html
2013-02-26,00:12:46,1973zb,231,"None of Japan’s 16 nuclear power plants has satisfied the government's proposed new safety standards, making them ineligible to be restarted in the near future, according to an Asahi Shimbun survey.

",ajw.asahi.com,http://ajw.asahi.com/article/0311disaster/fukushima/AJ201302240052
2013-02-26,08:15:26,1984d5,191,"Religious Schools in Canada protest anti-bullying laws, claiming it infringes upon their religious freedom by mandating acceptance of homosexuals",cbc.ca,http://www.cbc.ca/news/canada/manitoba/story/2013/02/25/mb-anti-bullying-infringing-religious-freedoms-winnipeg.html
2013-02-26,21:40:56,199ao8,186,"Scotland Yard’s specialist sex crime team 'pressured woman to drop rape claim' against man who went on to murder his two children
",independent.co.uk,http://www.independent.co.uk/news/uk/crime/sex-crime-police-officers-pressured-woman-to-drop-rape-claim-against-man-who-went-on-to-murder-his-two-children-8511311.html
2013-02-26,14:29:58,198vkd,156,Italy in stalemate after election shock,reuters.com,http://www.reuters.com/article/2013/02/26/us-italy-vote-idUSBRE91M0EB20130226
2013-02-26,20:01:37,19971g,143,"""A hot air balloon flying over Egypt's ancient city of Luxor caught fire and crashed into a sugar cane field . . . killing at least 18 foreign tourists . . . It was one of the worst accidents involving tourists in Egypt and likely to push the key tourism industry deeper into recession.""",seattlepi.com,http://www.seattlepi.com/news/world/article/Hot-air-balloon-crash-in-Egypt-kills-19-foreigners-4308115.php
2013-02-26,07:43:12,1981va,113,Mexican Farmers Turn Into Vigilantes To Fight Narco Traffickers,worldcrunch.com,http://worldcrunch.com/source-partner/culture-society/mexican-farmers-turn-into-vigilantes-to-fight-narco-traffickers/el-mezon-guererro-ayutla-community-police/c3s10922/#.USv29qWlLq9
2013-02-26,21:15:22,1999lm,96,Syrian Regime Launches Missile Strike on Aleppo and Kills 140,huffingtonpost.com,http://www.huffingtonpost.com/2013/02/26/syrian-regime-missiles-human-rights-watch_n_2763266.html?ref=topbar
2013-02-26,19:44:10,1996gk,90,"Iran tackles 'inappropriate dressing', by teaching chastity and hijab to toddlers",guardian.co.uk,http://www.guardian.co.uk/world/iran-blog/2013/feb/26/iran-inappropriate-dressing-chastity-hijab-toddlers
2013-02-26,22:48:50,199e08,85,"Sex, secrets, and the race for the next pope:  Pope Benedict is allegedly sitting on a secret dossier of purported scandals at the Vatican. Is there a cardinal alive who can fix this mess? ",theweek.com,http://theweek.com/article/index/240568/sex-secrets-and-the-race-for-the-next-pope
2013-02-26,03:31:28,197i2m,78,Iranian media alters Michelle Obama's Academy Awards dress to cover her shoulders,guardian.co.uk,http://www.guardian.co.uk/world/2013/feb/25/michelle-obama-oscars-dress-iran
2013-02-26,16:51:04,199184,74,"Syria’s Armenian minority flees from conflict:  Armenian-Syrians are fleeing to other countries — as their families once fled to Syria for sanctuary after the 1915 Ottoman genocide.
",thestar.com,http://www.thestar.com/news/world/2013/02/25/syrias_armenian_minority_flees_from_conflict.html
2013-02-26,13:08:05,198qul,42,"Cuban leader Raul Castro has announced that he will step down as President in five years, thereby ending the Castro rule since 1959",theworld.org,http://www.theworld.org/2013/02/cubas-next-president-in-waiting/
2013-02-26,01:14:42,197827,42,Swedish women warned off dating 'US men' online,thelocal.se,http://www.thelocal.se/46142/20130212/
2013-02-26,05:15:42,197q2t,40,Soil Pollution Is a State Secret in China,businessweek.com,http://www.businessweek.com/articles/2013-02-25/soil-pollution-is-a-state-secret-in-china
2013-02-26,14:48:44,198whs,39,"Bangladesh now has the fastest growing solar home systems programme in the world with more than 50,000 new installations a month.",thedailystar.net,http://www.thedailystar.net/newDesign/news-details.php?nid=270559
2013-02-26,02:50:45,197f11,36,WikiLeaks discover ties between Nigerian scammers and Straftor,csmonitor.com,http://www.csmonitor.com/World/Backchannels/2013/0220/WikiLeaks-discover-ties-between-Nigerian-scammers-and-Straftor
