2013-09-03,22:04:26,1ln2pa,4223,"Romanian government changes environment law to allow Canadian mining company to start building the biggest cyanide gold mine in Europe wiping out from the face of the earth 4 mountains, ancient roman galleries and forcing people to move from their home. Protests start all over the country.",stream.aljazeera.com,http://stream.aljazeera.com/story/201309022127-0023023
2013-09-03,03:08:32,1ll8p4,2728,"She did it! Diana Nyad, 64, completes 103 mile Cuba-to-Florida swim after 5 attempts",cnn.com,http://www.cnn.com/2013/09/02/world/americas/diana-nyad-cuba-florida-swim/index.html?hpt=hp_t1
2013-09-03,09:33:58,1lm1gl,2688,CIA files prove US helped Saddam Hussein as he gassed Iran,foreignpolicy.com,http://www.foreignpolicy.com/articles/2013/08/25/secret_cia_files_prove_america_helped_saddam_as_he_gassed_iran?page=full#.UhrcJTGct-s.reddit
2013-09-03,08:54:58,1llytl,2541,"Lenovo chief shares $3.25 million of bonus with staff -- ""Most are hourly manufacturing workers. As you can imagine, an extra $300 in a manufacturing environment in China does make an impact, especially to employees supporting families""",usatoday.com,http://www.usatoday.com/story/money/business/2013/09/02/lenovo-chief-shares-bonus/2754439/
2013-09-03,18:06:53,1lmtdy,2047,Russia’s early radars detect launch of two ballistic rockets in Mediterranean – Defense Ministry,rt.com,http://rt.com/news/ballistic-launch-eastern-mediterranean-343/
2013-09-03,22:38:38,1ln4k1,1016,More and More Journalists Are Being Kidnapped in Syria,vice.com,http://www.vice.com/read/its-getting-much-harder-to-report-on-the-war-in-syria
2013-09-03,04:49:37,1llgha,592,Syrian president Bashar Assad challenges U.S. and France to publicly show proof of chemical weapons use,politico.com,http://www.politico.com/story/2013/09/bashar-assad-obama-syria-no-proof-96166.html
2013-09-03,23:21:55,1ln79r,571,"Obama To Meet With LGBT Activists While In Russia: After canceling a bilateral summit with Russian President Vladimir Putin while there for the G20 summit, Obama may anger the Kremlin further by meeting with Russian activists — including from LGBT groups",buzzfeed.com,http://www.buzzfeed.com/maxseddon/obama-to-meet-with-russian-activists-on-g20-sidelines
2013-09-03,10:44:30,1lm6kq,517,"""It's natural"" - Australian Prime Minister Kevin Rudd argues in favour of same-sex marriage on national television",abc.net.au,http://www.abc.net.au/news/2013-09-02/rudd-appears-on-q-and-a/4930540
2013-09-03,22:07:13,1ln2ug,288,Swiss banks say they're sorry for assisting tax cheats,nbcnews.com,http://www.nbcnews.com/business/swiss-banks-say-theyre-sorry-assisting-tax-cheats-8C11062055?ocid=twitter
2013-09-03,21:17:32,1ln0he,246,2 most wanted poachers were among 7 people arrested by Kenya Wildlife Service in Tsavo conservation area over the weekend. They were found with 200 snares. The wanted suspects were also found in possession of poisoned arrows and game meat.,nation.co.ke,http://www.nation.co.ke/counties/Seven+arrested+as+war+on+poachers+stepped+up/-/1107872/1976136/-/yjcfaf/-/index.html
2013-09-03,06:26:00,1llnt2,246,Vietnam just banned doing pretty much anything online,dailydot.com,http://www.dailydot.com/news/vietnam-decree-72-censorship/
2013-09-03,19:31:35,1lmwao,240,Israel says carried out joint missile test with U.S. in the Mediterranean,blogs.aljazeera.com,http://blogs.aljazeera.com/topic/syria/report-isreal-says-it-carried-out-joint-missile-test-us-mediterranean
2013-09-03,20:58:30,1lmzkc,238,Brazilian government plans national 'anti-snooping' email system,wired.co.uk,http://www.wired.co.uk/news/archive/2013-09/03/brazil-anti-snooping-email
2013-09-03,16:08:28,1lmpe7,202,France release videos of Sarin Gas attack in Syria [www.defense.gouv.fr],defense.gouv.fr,http://www.defense.gouv.fr/actualites/articles/programme-chimique-syrien-et-attaque-du-21-aout-2013
2013-09-03,04:37:11,1llfks,199,"Amid the tempest over Syrian chemical weapons, an irony stands out. After two decades of bloody struggle between the West and al-Qaeda’s global jihadist franchise, those bitter adversaries suddenly find themselves fighting on the same side.",economist.com,http://www.economist.com/news/middle-east-and-africa/21584362-egypts-press-has-peculiar-theory-why-west-will-intervene
2013-09-03,02:59:14,1ll7zp,187,France declassifies a report about chemical attacks. Assad threaten France.,translate.google.fr,http://translate.google.fr/translate?sl=fr&tl=en&js=n&prev=_t&hl=fr&ie=UTF-8&u=http%3A%2F%2Fwww.lemonde.fr%2Fproche-orient%2Farticle%2F2013%2F09%2F02%2Fsyrie-les-preuves-francaises-declassifiees-assad-menace-paris_3470082_3218.html
2013-09-03,18:34:35,1lmuby,147,Market Tumbles After Russian Report Of Missile Launches,businessinsider.com,http://www.businessinsider.com/russian-report-of-missile-launches-2013-9
2013-09-03,18:29:02,1lmu4g,132,Egypt shuts down four TV stations including Al-Jazeera,bbc.co.uk,http://www.bbc.co.uk/news/world-middle-east-23941208
2013-09-03,11:13:33,1lm8qp,100,Top-secret U.S. intelligence files show new levels of distrust of Pakistan,washingtonpost.com,http://www.washingtonpost.com/world/national-security/top-secret-us-intelligence-files-show-new-levels-of-distrust-of-pakistan/2013/09/02/e19d03c2-11bf-11e3-b630-36617ca6640f_story.html
2013-09-03,06:40:20,1lloyv,92,"U.S. intelligence agencies spend millions to hunt for insider threats, Snowden document shows -- ""individuals with connections to al-Qaeda and other hostile groups have repeatedly sought to obtain jobs in the intelligence community""",washingtonpost.com,http://www.washingtonpost.com/politics/us-intelligence-agencies-spend-millions-to-hunt-for-insider-threats-document-shows/2013/09/01/c6ab6c74-0ffe-11e3-85b6-d27422650fd5_story.html
2013-09-03,22:02:30,1ln2lz,80,Seoul says N. Korean nuclear program 'real threat',english.yonhapnews.co.kr,http://english.yonhapnews.co.kr/national/2013/09/03/37/0301000000AEN20130903004951315F.html
2013-09-03,12:56:29,1lmflr,66,"""Canada has given $5.3-million to the Syrian opposition to support the rebels in anti-government propaganda since April 2012, according to the Department of Foreign Affairs (DFAIT).""",cnews.canoe.ca,http://cnews.canoe.ca/CNEWS/Canada/2013/08/31/pf-21089036.html
2013-09-03,19:30:54,1lmw9v,62,Mystery solved: Israel declares successfully launched the missiles in the mediterranean today,ynetnews.com,"http://www.ynetnews.com/articles/0,7340,L-4425831,00.html"
2013-09-03,13:16:57,1lmgy3,58,Japan to spend nearly $500 million to contain radioactive water at Fukushima plant,worldnews.nbcnews.com,http://worldnews.nbcnews.com/_news/2013/09/02/20298666-japan-to-spend-nearly-500-million-to-contain-radioactive-water-at-fukushima-plant?lite
2013-09-03,11:43:34,1lmard,56,Brazil summons US ambassador over spying,brisbanetimes.com.au,http://www.brisbanetimes.com.au/world/brazil-summons-us-ambassador-over-spying-20130903-2t1jx.html
2013-09-03,20:59:39,1lmzmh,52,Egyptian helicopters attack Islamic militants in Sinai peninsula and kill 15,reuters.com,http://www.reuters.com/article/2013/09/03/us-egypt-protests-sinai-idUSBRE9820F820130903
2013-09-03,07:36:25,1llt75,52,Egypt Deports Al-Jazeera English Language TV Crew,huffingtonpost.com,http://www.huffingtonpost.com/2013/09/01/egypt-aljazeera-english-crew_n_3852563.html?ir=Media
2013-09-03,09:08:58,1llzst,50,Russia Issues Travel Warning to Its Citizens About United States and Extradition,nytimes.com,http://www.nytimes.com/2013/09/03/world/europe/russia-issues-travel-warning-about-united-states.html?smid=re-share
2013-09-03,11:50:10,1lmb85,50,"Julian Assange seeks investigation into FBI, US intelligence activity",smh.com.au,http://www.smh.com.au/federal-politics/federal-election-2013/julian-assange-seeks-investigation-into-fbi-us-intelligence-activity-20130903-2t1so.html
