2013-08-01,20:48:11,1jhl00,3082,Edward Snowden has been granted documents that will allow him to leave the Moscow airport where he has been since 23 June,theguardian.com,http://www.theguardian.com/world/2013/jul/24/edward-snowden-moscow-airport-live
2013-08-01,03:54:43,1jftdx,2800,BP is engaged in an aggressive campaign to limit how much it pays for the losses caused by its reckless behavior.,nytimes.com,http://www.nytimes.com/2013/07/31/opinion/shirking-responsibility-in-the-gulf.html
2013-08-01,07:21:58,1jgazk,2371,Uruguay: Marijuana legalisation bill approved in the lower house,translate.google.com,http://translate.google.com/translate?sl=auto&tl=en&js=n&prev=_t&hl=es-419&ie=UTF-8&u=http%3A%2F%2Fwww.elobservador.com.uy%2Fnoticia%2F256369%2Fdario-perez-dara-su-voto-y-el-fa-lograra-aprobar-ley-sobre-marihuana-en-diputados%2F
2013-08-01,02:35:59,1jfmng,2123,Ultra-Orthodox Jewish protesters shatter bus windows after female passenger refuses to sit in back,haaretz.com,http://www.haaretz.com/news/national/1.538978
2013-08-01,22:37:39,1jhr0q,1838,"China invests nearly $300 billion in renewables, part of plan to deal with climate change.",europe.chinadaily.com.cn,http://europe.chinadaily.com.cn/business/2013-07/31/content_16854635.htm
2013-08-01,20:28:11,1jhk84,1771,"Protesters camp out against UK fracking: ""This isn't about one place, it's about the whole country, and the future of the planet. We have the technology now to use renewable energy. We shouldn't be developing new industries to pollute the planet.""",aljazeera.com,http://www.aljazeera.com/indepth/features/2013/07/2013731123059772369.html
2013-08-01,07:17:51,1jganp,1234,Russian cops allegedly beat and sodomize Olympic construction worker over $600 in back pay,vocativ.com,http://www.vocativ.com/07-2013/russian-cops-sodomize-olympic-construction-worker-in-dispute-over-600-in-back-pay/
2013-08-01,23:41:12,1jhvgf,795,Five Afghan police accidentally killed in US air strike,tribune.com.pk,http://tribune.com.pk/story/585083/five-afghan-police-accidentally-killed-in-us-air-strike/
2013-08-01,18:06:17,1jhf6n,653,"The controversial GCSB 'spy' bill, which would give the New Zealand Government the legal authority to electronically gather information on its own citizens, has passed its second reading in parliament",radionz.co.nz,http://www.radionz.co.nz/news/political/215919/spy-bill-passes-second-reading
2013-08-01,16:18:47,1jhb0v,566,Caribbean has lost 80% of its coral reefs in recent years.,theguardian.com,http://www.theguardian.com/environment/2013/aug/01/caribbean-coral-reef-loss
2013-08-01,22:36:57,1jhqz0,442,"French court lifts ban on Monsanto GM corn, much to annoyance of French government",thelocal.fr,http://www.thelocal.fr/20130801/french-court-lifts-ban-on-monsanto-gm-corn
2013-08-01,23:51:40,1jhw61,435,"‘Girls are the world’s forgotten population’: 9 facts about child brides ""complications from pregnancy and childbirth are the No. 1 cause of death for girls age 15 to 19. That means that pregnancy and childbirth kill more girls in the developing world than war, AIDS, tuberculosis or any other cause""",washingtonpost.com,http://www.washingtonpost.com/blogs/worldviews/wp/2013/08/01/girls-are-the-worlds-forgotten-population-nine-facts-about-child-brides/?tid=rssfeed
2013-08-01,22:42:38,1jhrdb,261,Stephen Harper’s border deal imperils Canadian sovereignty.,thestar.com,http://www.thestar.com/news/canada/2013/08/01/surprise_stephen_harpers_us_border_deal_does_imperil_canadian_sovereignty_walkom.html
2013-08-01,17:22:35,1jhdk9,240,All passengers on Quantas Flight QF28 have been quarantined after 26 passengers arrived in Sydney vomiting from Chile,news.com.au,http://www.news.com.au/travel/news/vomiting-outbreak-at-sydney-airport/story-e6frfq80-1226689709887
2013-08-01,04:45:56,1jfxsu,173,Chilean President is under fire for allowing the country's counterterrorism legislation to be used against indigenous protesters fighting for ancestral land rights,upi.com,http://www.upi.com/Top_News/Special/2013/07/31/UN-raps-Chile-for-using-anti-terrorism-laws-in-indigenous-protests/UPI-10141375299049/?spt=hs&or=tn
2013-08-01,18:23:25,1jhfs0,155,"Mugabe claims victory in Zimbabwe election, opposition claims ""monumental fraud""",timeslive.co.za,http://www.timeslive.co.za/africa/2013/08/01/mugabe-party-claims-zimbabwe-election-win-mdc-cries-fraud
2013-08-01,03:16:09,1jfq12,124,United Airlines employee stole and sold luggage form Asiana plane crash,abcnews.go.com,http://abcnews.go.com/US/united-airlines-employee-girlfriend-allegedly-stole-stranded-luggage/story?id=19820516
2013-08-01,00:50:19,1jfdxo,124,"Why fewer ground reports are emerging from Syria: Foreign journalists are increasingly staying out of Syria - ""The country has fallen into economic ruin and hardcore jihadist groups, many with foreign ties, have proliferated. These two factors have created an environment ripe for kidnapping""",csmonitor.com,http://www.csmonitor.com/World/Global-News/2013/0731/Why-fewer-ground-reports-are-emerging-from-Syria
2013-08-01,19:48:46,1jhis7,117,Croissants banned by Syrian rebels because the pastry’s “crescent shape celebrates European victory over Muslims.”,washingtonpost.com,http://www.washingtonpost.com/blogs/worldviews/wp/2013/07/31/syrian-rebel-fatwa-bans-croissants-as-a-symbol-of-western-colonial-oppression/
2013-08-01,15:04:54,1jh7fy,95,Chinese President Xi Jinping says his government is willing to shelve territorial disputes and carry out joint development in disputed waters.,voanews.com,http://www.voanews.com/content/china-willing-to-pursue-joint-development-in-disputed-waters/1713906.html
2013-08-01,21:49:22,1jho2m,80,"Russian Envoy Urges Archaeology Dig in California - Russian & American youths to dig at Fort Ross, a 19th-century Russian settlement. They were considered by local Kashaya tribe better neighbors than the Spanish.",en.ria.ru,http://en.ria.ru/world/20130730/182481612/Russian-Envoy-Urges-Archaeology-Dig-in-Fort-Ross-California.html
2013-08-01,06:11:13,1jg548,78,"Uruguay's unprecedented proposal to fight organized crime by creating a legal, government-licensed marijuana market was fiercely debated by lawmakers, ruling party counted every vote in hopes of winning passage in the lower house of Congress",abcnews.go.com,http://abcnews.go.com/International/wireStory/uruguay-lawmakers-debate-licensing-marijuana-sales-19826978
2013-08-01,19:49:10,1jhism,70,"UK priest ""ready to go to jail"" in his tax battle for the poor",mirror.co.uk,http://www.mirror.co.uk/news/uk-news/reverend-paul-nicolson-ready-go-2106116
2013-08-01,20:21:27,1jhjzb,63,"Guards are sexually assaulting me, says the last Briton in Guantanamo Bay - Shaker Aamer, who is on hunger strike after being detained by US for 11 years, tells of brutal daily cell searches",independent.co.uk,http://www.independent.co.uk/news/world/americas/guards-are-sexually-assaulting-me-says-the-last-briton-in-guantanamo-bay-8740739.html
2013-08-01,23:39:00,1jhvau,62,Edward Snowden leaves Moscow airport as his temporary asylum request is approved. Can now stay in Russia for 1 year without the threat of deportation back to the US.,tweaktown.com,http://www.tweaktown.com/news/32075/update-snowden-has-been-granted-asylum-and-has-left-moscow-airport/index.html
2013-08-01,18:49:34,1jhgqo,54,The Queens speech before a possible 'World War III' broke out released from 1983.,metro.co.uk,http://metro.co.uk/2013/08/01/revealed-queens-1983-speech-with-britain-on-brink-of-world-war-iii-3907114/?ITO=facebook
2013-08-01,07:31:10,1jgbpf,51,The Guantanamo Bay prison complex will cost America $5.24 billion by 2014,qz.com,http://qz.com/110513/the-guantanamo-bay-prison-complex-will-cost-america-5-24-billion-by-2014/
2013-08-01,02:32:47,1jfmdu,48,Lesbian parents forced to share rights to child after sperm donor father changes mind and wants to be a dad,thelocal.fr,http://www.thelocal.fr/20130731/french-sperm-donor-father-granted-parental-rights
2013-08-01,05:20:27,1jg0tv,48,BBC News - New antibiotic that attacks MRSA found,bbc.co.uk,http://www.bbc.co.uk/news/science-environment-23523507
2013-08-01,17:39:15,1jhe6z,45,"When monks go bad: Sex, drugs and money laundering: behind Thai Buddhism’s fall from grace",macleans.ca,http://www2.macleans.ca/2013/07/31/when-monks-go-bad/
