2013-08-16,06:05:57,1kg08l,3102,"Former Archbishop of Canterbury: Christians in Britain and the US who claim that they are persecuted should ""grow up"" and not exaggerate what amounts to feeling ""mildly uncomfortable""",theguardian.com,http://www.theguardian.com/uk-news/2013/aug/15/rowan-williams-persecuted-christians-grow-up
2013-08-16,21:39:48,1khgbg,2988,"Europe’s marijuana capital isn’t Amsterdam. An outlaw Albanian village has built a fortune from the cultivation of cannabis worth as much as half the country’s GDP, and it’s off-limits to the police.",globalpost.com,http://www.globalpost.com/dispatch/news/regions/europe/130815/europe-marijuana-capital-lazarat-albania
2013-08-16,22:19:53,1khiab,2320,Edward Snowden Says Media Being Misled 'About My Situation',huffingtonpost.com,http://www.huffingtonpost.com/2013/08/15/edward-snowden-media-misled_n_3764560.html?utm_hp_ref=tw
2013-08-16,00:12:51,1kf7n8,1956,"Sri Lankans protest contamination of their water supply by glove factory. Govt responds by sending army, disabling cameras, and opening fire on the crowd.",sundaytimes.lk,http://www.sundaytimes.lk/130804/news/woes-of-weliweriya-water-war-55854.html
2013-08-16,11:40:57,1kgow1,1218,6.9 earthquake hits Wellington New Zealand,geonet.org.nz,http://www.geonet.org.nz/quakes/felt
2013-08-16,14:19:30,1kgz4g,1132,45 churches torched as violence strikes Egypt's Coptic Christians,egyptianstreets.com,http://egyptianstreets.com/2013/08/16/coptic-churches-burn-amid-violence-in-egypt/
2013-08-16,04:16:08,1kfr04,1078,"A New ""451"" Error Message Would Tell Users When Governments Are Blocking Websites",motherboard.vice.com,http://motherboard.vice.com/blog/451-error-message-would-tell-users-when-governments-are-blocking-websites
2013-08-16,20:14:31,1khcs8,1014,Vladimir Putin may have offered to put “all Russian military facilities at the Egyptian military's disposal” hours after Obama cancelled a U.S.-Egyptian military drill,thediplomat.com,http://thediplomat.com/the-editor/2013/08/16/in-egypt-crisis-russia-sees-opportunity/
2013-08-16,11:06:46,1kgmhw,977,"Snowden: 'Neither my father, nor my father's lawyer, nor his wife, or spokeswoman represent me in any way. This will continue in the future...'",huffingtonpost.com,http://www.huffingtonpost.com/2013/08/15/edward-snowden-media-misled_n_3764560.html
2013-08-16,03:54:47,1kfp6r,777,The ‘Wild West’ of groundwater: Billion-dollar Nestlé extracting B.C.’s drinking water for free,theprovince.com,http://www.theprovince.com/news/Wild+West+groundwater+Billion+dollar+company+extracting+drinking/8785227/story.html
2013-08-16,18:04:40,1kh8lh,757,BBC News - US credibility 'in tatters' over Egypt crisis,bbc.co.uk,http://www.bbc.co.uk/news/world-middle-east-23721918
2013-08-16,18:15:49,1kh8yn,639,"With more deaths than Iraq, Brazil is at war and does not know",translate.google.com,http://translate.google.com/translate?sl=auto&tl=en&js=n&prev=_t&hl=en&ie=UTF-8&u=http%3A%2F%2Fexame.abril.com.br%2Fbrasil%2Fnoticias%2Fnem-iraque-nem-sudao-brasil-esta-em-guerra-e-nao-sabe%3Fpage%3D1
2013-08-16,14:51:54,1kh0ux,346,"Man surfaces in Bolivia who is possibly 123 years old, which would make him the oldest person on ever on record; credits longevity to chewing coca leaf.",now.msn.com,http://now.msn.com/carmelo-flores-laura-of-bolivia-may-be-oldest-person-ever?ocid=ansnow11
2013-08-16,21:09:28,1kheyx,321,Israeli law will strip many Arab ‘absentees’ of land,independent.co.uk,http://www.independent.co.uk/news/world/middle-east/israeli-law-will-strip-many-arab-absentees-of-land-8762235.html
2013-08-16,17:24:29,1kh764,320,Ecuador has abandoned a conservation plan that would have paid the country not to drill for oil in previously untouched parts of Yasuni National Park in the Amazon rainforest,bbc.co.uk,http://www.bbc.co.uk/news/world-latin-america-23722204
2013-08-16,20:51:08,1khe9d,258,"Top Israeli official ""sick"" of commemorating Hiroshima, Nagasaki A-bomb victims",japantimes.co.jp,http://www.japantimes.co.jp/news/2013/08/16/national/top-israeli-official-sick-of-commemorating-hiroshima-nagasaki-a-bomb-victims/#at_pco=tcb-1.0&at_ord=4
2013-08-16,15:20:13,1kh2am,247,More than 40 Churches Burned in Egypt,dwz.cn,http://www.dwz.cn/ac4DR#churches-burned-in-egypt
2013-08-16,19:55:23,1khc47,244,"Russia’s FSB mulls ban on ‘TOR’ online anonymity network ""The head of the Federal Security Service (FSB) has personally ordered preparations for laws that would block the TOR anonymity network from the entire Russian sector of the Internet, a Russian newspaper reported.""",rt.com,http://rt.com/politics/russia-tor-anonymizer-ban-571/
2013-08-16,00:46:16,1kfaav,223,"Russian pole vault champion Yelena Isinbayeva condemns homosexuality, supports new anti-gay law",nydailynews.com,http://www.nydailynews.com/sports/more-sports/russian-pole-vault-champ-condemns-homosexuality-article-1.1427596
2013-08-16,01:14:24,1kfcfy,192,Israel extradites Bosnian Serb for trial over Srebrenica massacre of 8000 Muslim men and boys,reuters.com,http://www.reuters.com/article/2013/08/15/us-israel-bosnia-extradition-idUSBRE97E0SG20130815
2013-08-16,20:56:32,1kheft,191,"In Brazil, Kerry Is Told Spying Sows ‘Distrust’",nytimes.com,http://www.nytimes.com/2013/08/14/world/americas/in-brazil-kerry-is-told-spying-sows-distrust.html?_r=0
2013-08-16,21:27:18,1khfqx,158,[Graphic] Video Purports to Show Syrian Rebels Executing Child Assad Supporters,theblaze.com,http://www.theblaze.com/stories/2013/08/16/graphic-shocking-video-purports-to-show-syrian-rebels-executing-child-assad-supporters/
2013-08-16,05:53:42,1kfz86,150,Churches torched across Egypt in anti-Coptic violence by Morsi loyalists,english.ahram.org.eg,http://english.ahram.org.eg/NewsContent/1/64/79124/Egypt/Politics-/Churches-torched-across-Egypt-in-antiCoptic-violen.aspx
2013-08-16,18:43:25,1kh9u7,134,"Ecuador restates support for Julian Assange on asylum anniversary ""A year after granting WikiLeaks founder political asylum, Ecuador says it remains committed to finding solution to standoff""",theguardian.com,http://www.theguardian.com/media/2013/aug/16/ecuador-julian-assange-asylum-anniversary
2013-08-16,21:16:40,1khfai,123,Egypt: Police prepared to use live ammo as Brotherhood calls march,theguardian.com,http://www.theguardian.com/world/middle-east-live/2013/aug/16/egypt-muslim-brotherhood-day-iof-rage-live
2013-08-16,08:56:35,1kgd9u,117,Muslim Brotherhood Supporters Burning Coptic Christian Churches in Egypt,townhall.com,http://townhall.com/tipsheet/leahbarkoukis/2013/08/15/peaceful-brotherhood-protesters-torching-coptic-christian-churches-n1665492
2013-08-16,05:36:10,1kfxq8,90,Egypt: Supporters of former President Mohamed Morsi turn on Christians in angry backlash,independent.co.uk,http://www.independent.co.uk/news/world/africa/egypt-supporters-of-former-president-mohamed-morsi-turn-on-christians-in-angry-backlash-8764384.html
2013-08-16,04:30:02,1kfs5x,80,BBC News - Aerial footage shows Cairo burning,bbc.co.uk,http://www.bbc.co.uk/news/world-middle-east-23705246
2013-08-16,23:06:36,1khl29,53,A UK monument left undisturbed for 1200 years is bulldozed,independent.co.uk,http://www.independent.co.uk/news/uk/home-news/like-driving-a-road-through-stonehenge-stretch-of-historic-offas-dyke-flattened-8770326.html
2013-08-16,14:42:49,1kh0dx,48,Egypt braces for more violence as Brotherhood calls 'march of anger',chicagotribune.com,"http://www.chicagotribune.com/news/sns-rt-us-egypt-protests-20130627,0,4397892.story"
