2013-11-08,11:52:59,1q5jpx,3610,$62k USD reward offered for WikiLeaks to obtain and publish secret Trans-Pacific Partnership Argeement 12 nation internet-trade deal,org.salsalabs.com,http://org.salsalabs.com/o/1439/content_item/freetpp
2013-11-08,21:11:26,1q6a4b,3097,"U.S., Israel lose UNESCO voting rights",haaretz.com,http://www.haaretz.com/news/diplomacy-defense/1.557025
2013-11-08,11:13:22,1q5goz,2405,"Supreme Court of Canada finds gov't must get distinct warrant to search a computer found with a search warrant: ""It is difficult to imagine a more intrusive invasion of privacy than the search of a personal or home computer.""",scc-csc.lexum.com,http://scc-csc.lexum.com/decisia-scc-csc/scc-csc/scc-csc/en/item/13327/index.do
2013-11-08,19:12:30,1q65fi,2184,"German Trust in United States Plummets ""The NSA spying scandals have taken a toll on Germans' opinion of their longtime ally, according to a new survey. Mistrust in the United States has skyrocketed, and more Germans are viewing whistleblower Edward Snowden as a hero.""",spiegel.de,http://www.spiegel.de/international/germany/nsa-spying-fallout-majority-of-germans-mistrust-united-states-a-932492.html#ref=rss
2013-11-08,06:21:09,1q4tb9,1871,Woman who cried wolf about rape may have to face her victim in court,belfasttelegraph.co.uk,http://www.belfasttelegraph.co.uk/news/local-national/northern-ireland/woman-who-cried-wolf-about-rape-may-have-to-face-her-victim-in-court-29733885.html
2013-11-08,00:22:43,1q3x58,1436,Creator of the World Wide Web - Sir Tim Berners-Lee slams governments for 'seriously spying' on the Internet,techradar.com,http://www.techradar.com/us/news/internet/sir-tim-berners-lee-slams-governments-for-seriously-spying-on-the-internet-1161695
2013-11-08,11:11:49,1q5gkt,1323,Video emerging from The Philippines as Typhoon Haiyan comes ashore with winds reaching 378 km/h.,heraldsun.com.au,http://www.heraldsun.com.au/news/world/super-typhoon-haiyan-gaining-strength-set-to-hit-philippines/story-fni0xs61-1226755411772
2013-11-08,00:11:23,1q3w3s,760,"Super Typhoon Haiyan, one of the strongest storms ever seen, heads for Philippines.",cnn.com,http://www.cnn.com/2013/11/07/world/asia/philippines-typhoon-haiyan/index.html?hpt=hp_t1
2013-11-08,22:18:00,1q6dld,750,Royal Marine found guilty of 'executing' Afghan insurgent,theguardian.com,http://www.theguardian.com/uk-news/2013/nov/08/royal-marine-guilty-executing-afghan
2013-11-08,21:15:54,1q6ac4,673,Only a few weeks until internet surveillance starts in Norway to prevent piracy. (Google translated Norwegian page),translate.google.com,http://translate.google.com/translate?hl=en&sl=no&tl=en&u=http%3A%2F%2Fwww.hardware.no%2Fartikler%2Fna-skal-film-og-musikkbransjen-ta-norske-nettpirater%2F153873
2013-11-08,23:14:09,1q6hbe,461,"How telcos 'collude' with the NSA and GCHQ: Google and Yahoo were quick to condemn the NSA for spying on their customers, but telecom firms remained conspicuously silent - and for good reason. Privacy International has filed a complaint against them with the OECD.",dw.de,http://www.dw.de/how-telcos-collude-with-the-nsa-and-gchq/a-17213850?maca=en-rss-en-all-1573-rdf
2013-11-08,02:52:26,1q4a98,430,The Philippines are about to get wrecked by one of the strongest storms in history.,wxug.us,http://wxug.us/19g34
2013-11-08,21:15:34,1q6abl,423,Coca-Cola vows to axe suppliers guilty of land grabbing. Coca-Cola has said it will cut off suppliers that do not follow guidelines to protect the land rights of local communities in developing countries.,theguardian.com,http://www.theguardian.com/global-development/2013/nov/08/coca-cola-suppliers-land-grabs
2013-11-08,23:35:31,1q6iw6,393,Former Garment Worker Fights to Unionize Walmart's Near-Slave Labor in Bangladesh,thecontributor.com,http://thecontributor.com/former-garment-worker-fights-unionize-walmarts-near-slave-labor-bangladesh
2013-11-08,11:00:51,1q5fnh,384,NYT: West and Iran on the verge of Nuclear agreement. Kerry called unexpectedly to Geneva.,nytimes.com,http://www.nytimes.com/2013/11/08/world/middleeast/iran.html?smid=tw-share&_r=0
2013-11-08,22:25:14,1q6e06,356,Arafat Poisoning: Israel Is 'Only Suspect',news.sky.com,http://news.sky.com/story/1165820/arafat-poisoning-israel-is-only-suspect
2013-11-08,17:01:32,1q611m,345,Universities cancel Muslim cleric’s speaking tour over concerns about his anti-gay views,independent.co.uk,http://www.independent.co.uk/news/education/education-news/universities-cancel-muslim-clerics-speaking-tour-over-concerns-about-his-antigay-views-8927902.html
2013-11-08,21:39:42,1q6bhx,169,Japan's Offshore Wind Power Rises within Sight of Fukushima Nuclear Plant - Unique turbines that float on the surface rather than rest on the seafloor can be placed in deeper waters,scientificamerican.com,http://www.scientificamerican.com/article.cfm?id=japans-offshore-wind-power-rises-within-sight-of-fukushima-nuclear-plant
2013-11-08,20:21:55,1q67yo,157,Israel 'utterly rejects' potential Iran nuclear deal; Kerry heads to talks in Geneva,news.sky.com,http://news.sky.com/story/1165585/iran-nuclear-deal-utterly-rejected-by-israel
2013-11-08,20:16:08,1q67qi,150,The Guardian: Oil traders claim crude prices fixed,theguardian.com,http://www.theguardian.com/business/2013/nov/06/oil-traders-claim-crude-prices-fixed
2013-11-08,23:48:46,1q6k0l,124,Europe decides to open up clinical data but one of world's biggest pharma companies wants to keep their trials secret. Here's why,theconversation.com,https://theconversation.com/maker-of-worlds-best-selling-drug-uses-legal-action-to-keep-data-secret-20041
2013-11-08,07:32:51,1q4zc0,114,"Japan’s military is stationing unarmed missiles on islands that mark the gateway to the Pacific, officials said Thursday, as part of a major drill that has made China nervous.",japantoday.com,http://www.japantoday.com/category/national/view/japan-stations-missiles-on-pacific-gateway-island
2013-11-08,23:40:12,1q6ja6,84,Pressured to work for MI5. British intelligence agencies have a strange recruitment campaign among Britain’s young Muslims.,globalpost.com,http://www.globalpost.com/dispatch/news/regions/europe/united-kingdom/131106/britain-schedule-7-recruitment-campaign
2013-11-08,00:08:57,1q3vwi,75,"Put out more flags, says Putin in patriotism drive. In a new appeal to conservative values and voters as he tries to lift his popularity ratings, Putin also criticized the use of foreign words by Russian professionals, saying it was a sign of weakness.",reuters.com,http://www.reuters.com/article/2013/11/07/us-russia-putin-patriotism-idUSBRE9A60WJ20131107
2013-11-08,12:16:50,1q5ljo,57,"Australian man who murdered random victim by ""king-hitting"" him, as well as violently assaulting four other people, given 4 years prision",smh.com.au,http://www.smh.com.au/nsw/kieran-loveridges-sentence-shocking-thomas-kellys-parents-say-20131108-2x5j5.html
2013-11-08,23:39:53,1q6j9b,53,Member of the Japanese parliament causes a stir after approaching and handing a letter to Emperor Akihito. Involving a regent in politics is considered to be a gross breach of etiquette. The letter concerned the Fukushima nuclear disaster.,bbc.co.uk,http://www.bbc.co.uk/news/world-asia-24865518
2013-11-08,10:43:50,1q5e7t,52,Federal officials say there is no island of debris from the 2011 Japanese tsunami floating toward the United States.,hosted.ap.org,http://hosted.ap.org/dynamic/stories/U/US_SCI_TSUNAMI_DEBRIS?SITE=AP&SECTION=HOME&TEMPLATE=DEFAULT
2013-11-08,04:48:56,1q4ky4,47,"Taliban commander who ordered assassination of Malala, the defiant school-girl blogger, now heads Pakistani Taliban",dawn.com,http://dawn.com/news/1054801/ttps-ruthless-new-commander-fazlullah
2013-11-08,19:27:15,1q65xv,43,U.S. Military demanded psychologists and medical personnel violate their professional ethics by participating in the torture and inhumance interrogation of detainees,thepsychreport.com,http://thepsychreport.com/current-events/new-report-links-detainee-abuse-to-psychologists-and-medical-professionals/
2013-11-08,19:57:37,1q671u,43,"The Japanese government will not give the prestigious Good Design Grand Award to Google Maps even though it received the most votes, prompting speculation that officials did not want to reward the service because it includes contentious names for disputed islets claimed by Japan.",japantimes.co.jp,http://www.japantimes.co.jp/news/2013/11/08/national/google-maps-merits-denied-big-prize/
