2013-10-08,19:56:49,1nz5rd,4045,Higgs boson scientists win Nobel prize,bbc.co.uk,http://www.bbc.co.uk/news/science-environment-24436781
2013-10-08,01:27:11,1nx1j8,2982,"Swiss to vote on $33,600/year universal basic income for every adult",reuters.com,http://www.reuters.com/article/2013/10/04/us-swiss-pay-idUSBRE9930O620131004?utm_content=bufferd191d&utm_source=buffer&utm_medium=twitter&utm_campaign=Buffer
2013-10-08,11:16:37,1nye8h,2933,"Australian FOI request proves Australian Govt knew all about PRISM, said nothing to Australian people",abc.net.au,http://www.abc.net.au/news/2013-10-08/australia-prepared-briefing-on-prism-spying-program/5004290
2013-10-08,00:57:33,1nwz9d,2745,"North Korea calls Switzerland’s refusal to sell it ski lifts a ""serious human rights abuse""",washingtonpost.com,http://www.washingtonpost.com/blogs/worldviews/wp/2013/10/07/north-korea-calls-switzerlands-refusal-to-sell-it-ski-lifts-a-serious-human-rights-abuse/
2013-10-08,05:25:13,1nxlfc,2293,Girl expelled from school for having two dads,14news.com,http://www.14news.com/story/23585565/girl-expelled-from-school-for-having-two-dads
2013-10-08,02:26:29,1nx6g2,2220,U.S. is now the world’s biggest oil and gas producer,blogs.marketwatch.com,http://blogs.marketwatch.com/energy-ticker/2013/10/04/move-over-russia-u-s-is-now-the-worlds-biggest-oil-gas-producer/
2013-10-08,17:48:19,1nz0os,1577,"Switzerland Decriminalizes Marijuana, Won't Prosecute For Small Amounts Of Weed",huffingtonpost.com,http://www.huffingtonpost.com/2013/10/03/switzerland-decriminalizes-marijuana_n_4037400.html?utm_hp_ref=marijuana
2013-10-08,21:20:18,1nz9oe,1201,Kuwait has said they will use medical tests to detect homosexuals and make sure that they cannot enter the country,gulfnews.com,http://gulfnews.com/news/gulf/kuwait/gays-to-be-barred-from-entering-gulf-1.1240199
2013-10-08,13:31:26,1nyonk,971,Chinese Police Fire on Unarmed Tibetan Protesters in Driru,rfa.org,http://www.rfa.org/english/news/tibet/unarmed-10072013172339.html
2013-10-08,21:34:21,1nzae2,838,"Billionaire Masayoshi Son, Japan’s second-richest person, mounted an attack on the next wealthiest, Hiroshi Mikitani, wiping out a combined $4.3 billion in their companies’ market values.",bloomberg.com,http://www.bloomberg.com/news/2013-10-08/billionaire-son-takes-on-mikitani-s-rakuten-in-e-commerce-war.html
2013-10-08,02:28:41,1nx6m7,693,China says US has 'responsibility' to resolve debt ceiling row; Vice-finance minister outlines concern over 'safety of Chinese investments in the United States',theguardian.com,http://www.theguardian.com/world/2013/oct/07/china-us-responsibility-debt-ceiling-row
2013-10-08,08:57:16,1ny31z,667,"North Korea puts army on alert, warns U.S. of 'horrible disaster': North Korea said on Tuesday its military would be put on high alert and be ready to launch operations, stepping up tension after weeks of rhetoric directed against the United States and South Korea",reuters.com,http://www.reuters.com/article/2013/10/07/us-korea-north-idUSBRE9960ZW20131007?feedType=RSS&feedName=topNews&utm_source=dlvr.it&utm_medium=twitter&dlvrit=992637
2013-10-08,02:27:51,1nx6jq,494,"FBI struggles to seize 600,000 Bitcoins from alleged Silk Road founder; authorities battle to control Ross Ulbricht's personal wallet",theguardian.com,http://www.theguardian.com/technology/2013/oct/07/fbi-bitcoin-silk-road-ross-ulbricht
2013-10-08,03:00:16,1nx97c,374,"Two Inner Hebrides islands are to become a native honeybee sanctuary, after a new law is passed",bbc.co.uk,http://www.bbc.co.uk/news/uk-scotland-glasgow-west-24428707
2013-10-08,14:41:04,1nyspv,356,Conservative parties are lobbying to remove Palestinian history from school curriculum.,aljazeera.com,http://www.aljazeera.com/indepth/features/2013/10/israel-right-targets-textbooks-20131039491684745.html
2013-10-08,11:00:20,1nycy3,328,Marijuana is Legal in North Korea: Story of a Tourist,thebohemianblog.com,http://www.thebohemianblog.com/2013/09/on-smoking-weed-in-north-korea.html
2013-10-08,18:27:17,1nz268,317,"Canada spying in Brazil: more to come, Greenwald promises -- Journalist Glenn Greenwald says he has more documents regarding Canada's spying in Brazil",cbc.ca,http://www.cbc.ca/news/politics/canada-spying-in-brazil-more-to-come-greenwald-promises-1.1928875
2013-10-08,03:16:43,1nxakh,264,'Sanctimonious little prigs': Richard Dawkins wades into row as London School of Economics atheist society 'banned from wearing satirical Jesus and Prophet Mohamed T-shirts',independent.co.uk,http://www.independent.co.uk/incoming/sanctimonious-little-prigs-richard-dawkins-wades-into-row-as-lse-atheist-society-banned-from-wearing-satirical-jesus-and-prophet-mohamed-tshirts-8864618.html
2013-10-08,23:17:10,1nzh8v,245,"Worse Than Gangs: Rio Police Criticized for Favela Crackdowns ""A new security campaign is helping authorities win back control of Rio's favelas ahead of next year's World Cup. Special police units are driving drug gangs out of the slums -- but often only to replace them with their own thuggish rule""",spiegel.de,http://www.spiegel.de/international/world/rio-police-crack-down-on-drug-gangs-in-favelas-ahead-of-world-cup-a-926719.html#ref=rss
2013-10-08,21:36:03,1nzagy,249,Blood sugar: Oxfam accuses Coke and Pepsi of fueling land grabs - The soft drink giants agree to look into allegations that farmers were displaced in Cambodia.,globalpost.com,http://www.globalpost.com/dispatch/news/regions/asia-pacific/cambodia/131007/blood-sugar-oxfam-accuses-coke-pepsi-land-grab
2013-10-08,01:30:01,1nx1s9,196,Iceland rises from the ashes of banking collapse,theguardian.com,http://www.theguardian.com/world/2013/oct/06/iceland-financial-recovery-banking-collapse
2013-10-08,21:17:38,1nz9iy,192,"Inside Syria's model town: Peace, until al-Qaeda arrived - The residents of Yabroud have established an independent government that manages everything from schools, the court and emergency services to humanitarian aid and defence. It is remarkably efficient – as long as they can keep al-Qaeda out.",telegraph.co.uk,http://www.telegraph.co.uk/news/worldnews/middleeast/syria/10358200/Inside-Syrias-model-town-Peace-until-al-Qaeda-arrived.html
2013-10-08,04:49:27,1nxi81,175,"Arabian Gulf countries to begin using ""clinical tests"" to identify homosexuals. Will deny visas to homosexuals and transgender people.",news.kuwaittimes.net,http://news.kuwaittimes.net/visa-homosexuals-arabian-gulf-gcc-detect-bar-gays-transgenders/
2013-10-08,09:52:54,1ny7fw,140,"Woody Allen pulls Blue Jasmine in India - Woody Allen has stopped his latest film, Blue Jasmine, from being screened in India after learning mandatory anti-tobacco adverts would be inserted into its smoking scenes.",bbc.co.uk,http://www.bbc.co.uk/news/entertainment-arts-24431029
2013-10-08,13:24:30,1nyo7k,133,"Turkish police can now legally arrest and detain people they deem at ""risk of conducting a protest"" without court orders",commondreams.org,http://www.commondreams.org/headline/2013/10/07-4
2013-10-08,02:14:08,1nx5g5,125,Officers were on playstation when Costa Concordia hit rocks,gazzettadelsud.it,http://www.gazzettadelsud.it/news/64382/Officers-were-on-playstation-when-Concordia-hit-rocks.html
2013-10-08,12:16:32,1nyj3c,112,"No Planes, No Trains, And No Automobiles As Record Smog Shuts Beijing",zerohedge.com,http://www.zerohedge.com/news/2013-10-07/no-planes-no-trains-and-no-automobiles-record-smog-shuts-beijing
2013-10-08,08:28:11,1ny0o3,97,Researchers have passed a crucial milestone on the way to their ultimate goal of achieving self-sustaining nuclear fusion,bbc.co.uk,http://www.bbc.co.uk/news/science-environment-24429621?r=1
2013-10-08,05:59:31,1nxoid,97,Exclusive: How the U.S. Navy SEALs' raid on Somalia went bad,investigations.nbcnews.com,http://investigations.nbcnews.com/_news/2013/10/07/20856248-exclusive-how-the-seal-raid-on-somalia-went-bad?lite
2013-10-08,02:51:40,1nx8i2,62,"Fiscal policy: What disaster did Britain avoid? May of the arguments made in favour of austerity, circa 2010, no longer look particularly compelling. The suggestion that growth might slow sharply once the ratio of public debt to output tops a particular threshold is out of vogue.",economist.com,http://www.economist.com/blogs/freeexchange/2013/10/fiscal-policy
