2013-11-01,22:29:57,1pos7c,3619,Edward Snowden's letter to Germany revealed.He is ready to go to Germany and testify over the US wiretapping of Angela Merkel’s phone on condition of granting him political asylum,rt.com,http://rt.com/news/snowden-letter-germany-asylum-091/
2013-11-01,17:32:42,1pof5p,3257,A new law requiring Muslim women to remove a burqa or niqab to prove their identity to West Australian police has been passed by the state's parliament.,theguardian.com,http://www.theguardian.com/world/2013/nov/01/muslim-women-forced-show-faces
2013-11-01,20:14:15,1poklo,2482,Japan Likely To Pass New Secrecy Law That Would Put Whistleblowers And Journalists In Jail,techdirt.com,http://www.techdirt.com/articles/20131031/04203025077/japan-likely-to-bring-vague-harsh-secrecy-law-to-silence-whistleblowers-journalists.shtml
2013-11-01,18:29:12,1pogss,2074,Report: Japan is hunting its whales and dolphins to extinction,salon.com,http://www.salon.com/2013/10/31/report_japan_is_hunting_its_whales_and_dolphins_to_extinction/
2013-11-01,03:26:42,1pmwpe,2006,"""These Drones Attack Us and the Whole World is Silent"": New Film Exposes Secret U.S. War",democracynow.org,http://www.democracynow.org/2013/10/31/these_drones_attack_us_and_the
2013-11-01,02:44:18,1pmsyp,1989,Israeli warplanes strike military base in Syria,cnn.com,http://www.cnn.com/2013/10/31/world/meast/syria-civil-war/index.html
2013-11-01,17:15:18,1poemd,1737,Germany may ask Edward Snowden to be witness in NSA inquiry,theguardian.com,http://www.theguardian.com/world/2013/nov/01/germany-edward-snowden-witness-nsa-inquiry
2013-11-01,21:47:55,1popfg,1275,"Tunnel linking US and Mexico found. It's complete with ventilation, electricity and a railway.",bbc.co.uk,http://www.bbc.co.uk/news/world-us-canada-24760728
2013-11-01,03:50:50,1pmyxq,1207,"Meanwhile in Russia: Man, 80, fights bear, falls off cliff – and survives",theguardian.com,http://www.theguardian.com/world/2013/oct/31/man-80-fights-bear-survives
2013-11-01,09:46:45,1pnskm,1154,U.S. Congress committee endorses $488 million aid to Israel,haaretz.com,http://www.haaretz.com/mobile/.premium-1.528784?v=5D81880EDA5164DAAFC6F3BE8C296F43
2013-11-01,04:53:08,1pn4ts,444,Saudi sheikh Ali al Hemki declares fatwa against manned missions to Mars,news.com.au,http://www.news.com.au/technology/science/saudi-sheikh-ali-al-hemki-declares-fatwa-against-manned-missions-to-mars/story-fnjwlcze-1226750128434
2013-11-01,17:52:32,1pofq0,389,"Russia's PM says U.S. hurt by evidence of cynical spying ""'Can the situation be calmed? I think it's possible. But to be honest, no assurances will help here,' he said. What can you say in this situation? Sorry, we won't do it anymore or We will not try to listen in on you? Nobody will believe it""",reuters.com,http://www.reuters.com/article/2013/11/01/us-russia-medvedev-spying-idUSBRE9A007Z20131101
2013-11-01,18:54:43,1pohlp,340,"High-profile stories of children expose Europe’s anti-Roma prejudice: ""Within days... a kind of witch hunt was underway in many countries, with officials and ordinary people scouring Roma enclaves for white children on the presumption that any fair-skinned child must have been snatched""",theglobeandmail.com,http://www.theglobeandmail.com/news/world/high-profile-stories-of-children-expose-europes-anti-roma-prejudice/article15200641/
2013-11-01,07:59:04,1pnkjn,285,"German MP meets Snowden, says he is willing to come to Germany for inquiry",reuters.com,http://www.reuters.com/article/2013/10/31/us-usa-security-germany-snowden-idUSBRE99U1DL20131031
2013-11-01,18:30:11,1pogtr,281,Male prisoners in UK to wear uniforms and be banned from watching television - A new regime instigated by Chris Grayling aims to promote incentives and earned privileges,theguardian.com,http://www.theguardian.com/society/2013/nov/01/male-prisoners-uniforms-daytime-television-banned
2013-11-01,18:17:05,1poggf,190,"Mass grave in Bosnia could be biggest of 1992-95 war, authorities say",thestar.com,http://www.thestar.com/news/world/2013/10/31/mass_grave_in_bosnia_could_be_biggest_of_199295_war_authorities_say.html
2013-11-01,19:20:14,1poiim,166,Pacific Ocean 'Warming 15 Times Faster than Ever Before' - Study adds weight to the theory that recent global warming 'pause' is down to heat absorbed by ocean depths,independent.co.uk,http://www.independent.co.uk/news/science/pacific-ocean-warming-15-times-faster-than-ever-before-8916297.html
2013-11-01,08:19:28,1pnm50,163,China is spying on you through your KETTLE: Bugs that scan wi-fi devices found in imported kitchen gadgets,dailymail.co.uk,http://www.dailymail.co.uk/news/article-2480900/China-spying-KETTLE-Bugs-scan-wi-fi-devices-imported-kitchen-gadgets.html
2013-11-01,23:21:14,1pow59,130,Senate committee backs bill that would allow NSA data collection to continue; bill a direct challenge to Leahy Bill that would end domestic phone-records collection.,theguardian.com,http://www.theguardian.com/world/2013/oct/31/senate-nsa-oversight-bill-domestic-phone-collection
2013-11-01,14:12:05,1po8ix,86,Today the Singaporean government newspaper was attacked by Anonymous. This was what they did.,cc.bingj.com,http://cc.bingj.com/cache.aspx?q=Dhinesh+Chandran&d=27021811079056777&mkt=en-US&setlang=en-US&w=ppD4z-rbgzUMeKQLttNoCD0R7-_eNPvM
2013-11-01,04:57:06,1pn56r,79,"CONFIRMED: Israel Launched Strikes On Syrian Missile Sites, Damascus",finance.yahoo.com,http://finance.yahoo.com/news/israel-suspected-destroying-syrian-air-144608834.html
2013-11-01,19:33:20,1poj0c,78,Russia & China Block Bid to Create 2 Massive Antarctic Ocean Sanctuaries,news.yahoo.com,http://news.yahoo.com/vast-antarctic-sanctuary-plans-fail-014414650.html
2013-11-01,03:55:01,1pmzc5,69,"According to a German lawmaker, Snowden is ready to testify in Merkel tapping case",rt.com,http://rt.com/news/snowden-merkel-testify-nsa-051/
2013-11-01,12:50:47,1po4pi,66,A video that appears to show a Saudi man beating a migrant worker is causing growing outrage in Saudi Arabia: A man believed to be an Asian migrant worker cowers as his tormentor beats him with a belt. The shocking images spark outrage and a police hunt for the culprit,edition.cnn.com,http://edition.cnn.com/2013/10/31/world/meast/saudi-arabia-beating-video/index.html
2013-11-01,00:38:53,1pmhi0,63,"Shocking Animal Abuse at Israeli Kosher Slaughterhouse: ""A severe pattern of animal abuse at the Soglowek Foods chicken slaughtering plant has been exposed in an Israeli TV report""",forward.com,http://forward.com/articles/186611/shocking-animal-abuse-at-israeli-kosher-slaughterh/
2013-11-01,19:33:32,1poj0m,65,"In a Surprise, Pakistan Says Fewer Civilians Died by Drones",nytimes.com,http://www.nytimes.com/2013/10/31/world/asia/pakistan-drone-strikes.html?_r=0
2013-11-01,21:02:30,1pomwa,61,Japanese ships disrupt Chinese military exercises,smh.com.au,http://www.smh.com.au/world/japanese-ships-disrupt-chinese-military-exercises-20131101-2wmia.html
2013-11-01,03:56:22,1pmzfx,57,Snowden visited by German parliamentarian Ströbele in Moscow,dw.de,http://www.dw.de/snowden-visited-by-german-parliamentarian-str%C3%B6bele-in-moscow/a-17197702
2013-11-01,00:55:36,1pmizn,56,"Iran Openness at Atomic Talks Without Precedent, Russia Says",bloomberg.com,http://www.bloomberg.com/news/2013-10-30/iran-openness-at-atomic-talks-without-precedent-russia-says-1-.html
2013-11-01,07:20:04,1pnhhe,54,"Japan Approves Plan To Remove 1,500 Fuel Rods At Fukushima. ""Weighing some 400 tons, the radioactivity of the rods is equivalent to 14,000 times of what was released in the Hiroshima bombing in 1945.""",aljazeera.com,http://www.aljazeera.com/indepth/features/2013/10/fukushima-precarious-next-step-20131028163116183873.html
