2013-06-23,07:02:04,1gvl2w,3431,"Assange: It is getting to the point where the mark of international distinction and service to humanity is no longer the Nobel Peace Prize, but an espionage indictment from the US Department of Justice.",wikileaks.org,"http://wikileaks.org/Statement-by-Julian-Assange-after,249.html"
2013-06-23,17:50:27,1gwg8g,3111,GCHQ Taps: this is a pivotal moment: democracies are becoming national security states; what once looked like science fiction is now an everyday reality,guardian.co.uk,http://www.guardian.co.uk/commentisfree/2013/jun/22/gchq-internet-snooping-kafkaesque
2013-06-23,16:54:31,1gwelw,2165,China slams US as world’s biggest villain for cyber espionage,presstv.ir,http://www.presstv.ir/detail/2013/06/23/310400/china-slams-us-as-worlds-biggest-villain/
2013-06-23,18:00:29,1gwgjg,2036,"Turkey's crowds return, armed only with flowers",independent.co.uk,http://www.independent.co.uk/news/world/europe/turkeys-crowds-return-armed-only-with-flowers-8669864.html
2013-06-23,22:15:29,1gwnu2,1952,Google handed over years of e-mails belonging to WikiLeaks chatroom admin: Google informed 2 Icelandic activists that a US court order mandated a secret search in 2011,arstechnica.com,http://arstechnica.com/tech-policy/2013/06/google-handed-over-years-of-e-mails-belonging-to-wikileaks-chatroom-admin/
2013-06-23,04:26:23,1gvbf4,1702,Turkey - Police attacking people gathered to commemorate the victims of previous police violence.,odatv.com,http://www.odatv.com/n.php?n=karanfillerle-taksime-2206131200
2013-06-23,21:07:52,1gwlm8,1151,"China's Xinhua news agency condemns US 'cyber-attacks' ""They demonstrate that the United States, which has long been trying to play innocent as a victim of cyber-attacks, has turned out to be the biggest villain in our age,"" says Xinhua.",bbc.co.uk,http://www.bbc.co.uk/news/world-asia-23018938
2013-06-23,23:42:02,1gwrkg,1036,A senior Australian rabbi who failed to stop sexual abuse of young boys at Sydney Jewish school claims the victims consented to sexual relations.,smh.com.au,http://www.smh.com.au/nsw/victims-may-have-consented-rabbi-20130622-2op7d.html
2013-06-23,11:23:42,1gvzr6,955,The Motion Picture Association of America (MPAA) is trying to block access to books for blind people in non-English speaking countries.,washingtonpost.com,http://www.washingtonpost.com/politics/filmmakers-group-tries-to-reshape-treaty-that-would-benefit-the-blind/2013/06/22/f98e6130-d761-11e2-9df4-895344c13c30_story.html
2013-06-23,02:29:17,1gv495,817,"Trans-Pacific Partnership, a secretive trade agreement with 10 other nations, to let corporations directly challenge laws & regulations - ""It's about tying the hands of democratically elected govts & shunting authority over to the nonelected for the benefit of multinational corporations.""",huffingtonpost.com,http://www.huffingtonpost.com/2013/06/18/alan-grayson-trans-pacific-partnership_n_3456167.html
2013-06-23,12:05:48,1gw1zk,815,"Google 'mistakenly collects' private information from WiFi networks with Street View cars, and 'mistakenly' holds on to data for over a year after pledging to destroy it",bbc.co.uk,http://www.bbc.co.uk/news/technology-23002166
2013-06-23,23:03:40,1gwptr,679,"In an effort to break Guantanamo detainees' hunger strike, US authorities are using metal-tipped feeding tubes and making rooms freezing cold.",guardiannews.com,http://guardiannews.com/world/2013/jun/22/us-efforts-guantanamo-hunger-strike
2013-06-23,06:30:58,1gvj5o,616,"Maya City Discovered in Jungles of Mexico - Hidden for centuries, there are 3 monumental complexes, numerous pyramidal structures, ballgame courts, patios, plazas, monuments & residential areas. Some structures appear to have been reused at some point, something not found elsewhere.",pasthorizonspr.com,http://www.pasthorizonspr.com/index.php/archives/06/2013/extensive-maya-city-discovered-in-campeche
2013-06-23,02:50:50,1gv5ly,583,Jägermeister promotional party incident with liquid nitrogen ends with 9 people hospitalised and with one left in a coma.,planetivy.co.uk,http://planetivy.co.uk/news/52454/liquid-nitrogen-pool-party-goes-awry/
2013-06-23,03:18:17,1gv783,465,GCHQ monitoring described as a 'catastrophe' by German politicians - Federal ministers demand clarification from UK government on extent of spying conducted on German citizens,guardian.co.uk,http://www.guardian.co.uk/uk/2013/jun/22/gchq-spying-catastrophe-german-politicans
2013-06-23,21:58:50,1gwn8d,420,America claims privacy invasion but British intercepted all Irish communications in early 1990s,irishcentral.com,http://www.irishcentral.com/story/news/periscope/america-claims-privacy-invasion-but-british-intercepted-all-irish-communications-in-early-1990s-212659801.html
2013-06-23,21:47:45,1gwmu7,379,Chinese astronauts succeed in manual docking with space lab - World,dnaindia.com,http://www.dnaindia.com/world/1851920/report-chinese-astronauts-succeed-in-manual-docking-with-space-lab
2013-06-23,07:54:22,1gvo6a,363,How angry is Brazil? They're getting pissed at Pelé.,nytimes.com,http://www.nytimes.com/2013/06/22/world/americas/how-angry-is-brazil-pele-now-has-feet-of-clay.html?src=mv&ref=general
2013-06-23,01:23:53,1gv08w,323,Aston Martin Driver Allan Simonsen Killed In Le Mans Crash,jalopnik.com,http://jalopnik.com/le-mans-driver-allan-simonsen-killed-in-horrific-crash-541288338
2013-06-23,14:54:54,1gwa86,305,"250,000 Brazilians return to streets as protests focus on government corruption",foxnews.com,http://www.foxnews.com/world/2013/06/23/250000-brazilians-return-to-streets-as-protests-focus-on-government-corruption/
2013-06-23,23:37:43,1gwrdp,276,"Russia’s ‘SOPA’ Passed By Lawmakers, Site Blocking Begins “In Weeks”: Aggressive new anti-piracy legislation that allows for sites to be rapidly blocked by ISPs upon allegations of copyright infringement passed through its final two readings in Russia’s State Duma",torrentfreak.com,http://torrentfreak.com/russias-sopa-passed-by-lawmakers-site-blocking-begins-in-weeks-130621/
2013-06-23,22:34:37,1gwoli,260,"4,000-year-old Egyptian statue in UK museum moves on its own",m.firstpost.com,http://m.firstpost.com/world/4000-year-old-egyptian-statue-in-uk-museum-moves-on-its-own-898825.html
2013-06-23,18:11:23,1gwgtq,191,"In the favelas on the frontline of protest, Brazilians ask: who is this World Cup for?",guardian.co.uk,http://www.guardian.co.uk/world/2013/jun/22/brazil-favelas-frontline-world-cup
2013-06-23,04:36:05,1gvc0i,172,"PM Erdogan accuses anti-government protestors of insulting Islam, alleges international conspiracy at pro-AKP rally.",bbc.co.uk,http://www.bbc.co.uk/news/world-europe-23017083
2013-06-23,19:18:43,1gwin7,155,"UK Report reveals that firms routinely hire criminals to steal rivals' information 'UK police knew 6 years ago that firms were hiring private investigators to break the law and further their commercial interests, yet the police did next to nothing to disrupt the unlawful trade'",independent.co.uk,http://www.independent.co.uk/news/uk/crime/the-other-hacking-scandal-suppressed-report-reveals-that-law-firms-telecoms-giants-and-insurance-companies-routinely-hire-criminals-to-steal-rivals-information-8669148.html
2013-06-23,03:19:02,1gv79k,141,GCHQ and security services 'need parliamentary oversight' - Labour's Douglas Alexander says widespread surveillance allegations need to be addressed by intelligence agencies,guardian.co.uk,http://www.guardian.co.uk/uk/2013/jun/22/gchq-uksecurity
2013-06-23,12:55:55,1gw4ni,133,"Beijing police have been carrying out nighttime raids on homes in a crackdown on banned dogs like collies, Dalmatians and Labradors",nytimes.com,http://www.nytimes.com/2013/06/23/world/asia/beijing-police-seek-large-and-vicious-suspects-with-wet-noses.html?hp
2013-06-23,03:40:24,1gv8jn,127,British spying allegations 'nightmare out of Hollywood': Germany,english.ruvr.ru,http://english.ruvr.ru/news/2013_06_22/British-spying-allegations-nightmare-out-of-Hollywood-Germany-8366/
2013-06-23,07:32:47,1gvmwd,121,"Iceland Killing Fin Whales, Triggers Outrage - “Today’s killing of an endangered fin whale makes it clear that yrs of international diplomatic efforts have failed.” Despite being a member of the International Whaling Commission, Iceland ignored the ban on commercial whaling.",digitaljournal.com,http://www.digitaljournal.com/article/352740
2013-06-23,06:27:09,1gvix3,118,"Food Giants Caught In Animal Testing Scandal - ""[Tests] were not done to assess the safety of the food [..] Instead [..] the tests [..] allow the companies [to] make health claims about their products.""",dailymail.co.uk,http://www.dailymail.co.uk/sciencetech/article-2345276/Food-giants-Nestle-Unilever-caught-animal-testing-scandal.html
