2013-07-10,07:18:19,1hyrno,2518,Expert calls for marijuana to be legalised to reduce harm of binge drinking in teens,heraldsun.com.au,http://www.heraldsun.com.au/lifestyle/health-fitness/expert-calls-for-marijuana-to-be-legalised-to-reduce-harm-of-binge-drinking-in-teens/story-fni0diac-1226676714223
2013-07-10,21:44:07,1i059t,1836,Congress derails Obama plans to arm Syrian rebels,rt.com,http://rt.com/usa/congress-derails-arming-syrian-rebels-865/
2013-07-10,21:29:50,1i04ke,1651,"In a landmark judgement, Indian Supreme Court has said people convicted of crime cannot hold parliamentary positions",firstpost.com,http://www.firstpost.com/india/sc-passes-landmark-judgement-convicted-mps-mlas-cant-stay-in-office-945621.html
2013-07-10,20:29:35,1i01zw,1497,Photographer films his own death by sniper in Egypt. (GRAPHIC.),huffingtonpost.co.uk,http://www.huffingtonpost.co.uk/2013/07/10/ahmed-assem-egyptian-photographer_n_3571460.html?utm_hp_ref=uk&utm_source=&utm_medium=&utm_campaign=
2013-07-10,00:22:46,1hxtca,1431,"""Australian director of the Centre for Alcohol Policy Research, says marijuana should be legalised under strict controls because the social harm associated with it was significantly less than from drinking.""",news.com.au,http://www.news.com.au/lifestyle/health-fitness/expert-calls-for-marijuana-to-be-legalised-to-reduce-harm-of-binge-drinking-in-teens/story-fneuzlbd-1226676714223
2013-07-10,18:53:19,1hzyly,1408,"Japan officials mistakenly reveal internal memos - They used the wrong privacy settings for Google Groups online discussions, allowing anyone to see internal memos, including over 6,000 cases of info from public or private organizations, among them, hospital records.",phys.org,http://phys.org/news/2013-07-japan-mistakenly-reveal-internal-memos.html
2013-07-10,01:07:54,1hxwsp,1253,"“The reality is that the engine of corruption is driven by our international banking system, the problem of anonymous shell companies, and the secrecy we afford to big oil, gas and mining operations.” - Chairman Gooch",blog.ted.com,http://blog.ted.com/2013/06/14/uncovering-corruption-charmian-gooch-at-tedglobal-2013/
2013-07-10,03:37:48,1hy92y,989,"Over 37 Million Dead Bees Killed In Ontario Due To Suspected Neonicotinoid Pesticides, Which Are Banned In The EU",theweathernetwork.com,http://www.theweathernetwork.com/news/articles/elmwood-ontario-apiarist-devasted-at-sudden-loss-of-more-than-600-hives/8920/
2013-07-10,21:43:57,1i059j,803,"Nudists in France demand change in law, saying they are being criminalized and treated as sex offenders just for taking clothes off",thelocal.fr,http://www.thelocal.fr/20130710/we-should-be-able-to-get-naked-anywhere-in-france
2013-07-10,20:51:41,1i02vx,683,"Mission creep: Australian local council intercepted phone, email data to hunt litterbugs",scmagazine.com.au,"http://www.scmagazine.com.au/News/349643,vic-council-intercepted-phone-emails-to-hunt-litterbugs.aspx"
2013-07-10,08:28:32,1hyxdx,625,"Activist films evidence of horrendous animal conditions at alberta zoo, owner calls activist domestic terrorist",huffingtonpost.ca,http://www.huffingtonpost.ca/2013/07/08/guzoo-whistleblower-video_n_3562119.html
2013-07-10,10:55:57,1hz8gj,560,"Egypt: Muslim Brotherhood Gunmen Open Fire On Church, Third Attack On Christians In 24 Hours",egyptindependent.com,http://www.egyptindependent.com/news/masked-gunmen-open-fire-port-said-church?utm_source=dlvr.it&utm_medium=twitter
2013-07-10,18:32:52,1hzxxp,291,Saudi Arabia approves $5 billion aid package to Egypt,english.alarabiya.net,http://english.alarabiya.net/en/business/economy/2013/07/09/Saudi-Arabia-approves-5-billion-aid-package-to-Egypt.html
2013-07-10,17:28:51,1hzvp3,228,Finnish minister of interior encourages people to obey the Bible instead of the law,translate.google.com,http://translate.google.com/translate?sl=fi&tl=en&js=n&prev=_t&hl=en&ie=UTF-8&u=http%3A%2F%2Fwww.kankaanpaanseutu.fi%2FElojaolo%2F1194824737683%2Fartikkeli%2Frasanen%2520mielihyva%2520on%2520aikamme%2520epajumala.html
2013-07-10,20:45:35,1i02n8,219,Egypt issues arrest warrant for Muslim Brotherhood leader on charges of inciting violence in Cairo when 51 died.,aljazeera.com,http://www.aljazeera.com/news/middleeast/2013/07/2013710105236718243.html
2013-07-10,05:36:51,1hyj8j,205,Unapproved GM rice found in US exports to over 30 countries,rt.com,http://rt.com/usa/unapproved-rice-genetically-modified-857/
2013-07-10,13:47:01,1hzkup,199,Parts installed “upside down” caused Russian rocket to explode last week,arstechnica.com,http://arstechnica.com/science/2013/07/parts-installed-upside-down-caused-last-weeks-russian-rocket-to-explode/
2013-07-10,03:09:41,1hy6p4,198,"Gay youth club shooter, who killed 2 and injured 11 in Tel Aviv Israel, said he did it ""because of the biblical edict to attack homosexuals""",timesofisrael.com,http://www.timesofisrael.com/gay-youth-club-shooter-driven-by-biblical-edict/
2013-07-10,23:59:05,1i0dwv,190,Exclusive: US bankrolled anti-Morsi activists,aljazeera.com,http://www.aljazeera.com/indepth/features/2013/07/2013710113522489801.html
2013-07-10,22:39:47,1i08ez,171,"In the Philippines, masturbation is murder.",abs-cbnnews.com,http://www.abs-cbnnews.com/nation/07/10/13/pia-some-rh-haters-think-masturbate-murder
2013-07-10,19:30:53,1hzzwz,169,"Australian [Vic] local council accessed phone, email metadata to hunt litterbugs & unregistered pet owners",wyndhamweekly.com.au,http://www.wyndhamweekly.com.au/story/1628329/experts-slam-wyndham-councils-data-snooping/
2013-07-10,20:12:33,1i01d1,140,BBC News - Egypt Muslim Brotherhood leader Mohammed Badie arrest ordered,bbc.co.uk,http://www.bbc.co.uk/news/world-middle-east-23256937
2013-07-10,03:04:37,1hy69o,121,"Chile: 11-year-old pregnant rape victim banned from getting abortion, even though doctors say that the pregnant girl's health is in danger. The Catholic country’s conservative government has opposed lifting the ban on abortion numerous times in the past.",alternet.org,http://www.alternet.org/news-amp-politics/rape-11-year-old-chile-sparks-national-debate-over-abortion-ban
2013-07-10,20:11:14,1i01b8,115,Blame Morsy: How to wreck a country in 369 days,foreignpolicy.com,http://www.foreignpolicy.com/articles/2013/07/08/blame_morsy_egypt
2013-07-10,08:32:17,1hyxnm,107,Russia's envoy to the UN has handed over evidence which indicates Syrian rebels used sarin gas in an attack in March,telegraph.co.uk,http://www.telegraph.co.uk/news/worldnews/middleeast/syria/10169921/Russia-claims-Syrian-rebels-have-used-sarin-gas.html
2013-07-10,20:33:01,1i024w,102,"Pirate Bay co-founder plans Hemlis, an encrypted messaging app where 'no one can listen in'",theverge.com,http://www.theverge.com/2013/7/9/4509362/hemlis-is-a-surveillance-proof-messaging-app-from-the-co-founder-of-pirate-bay
2013-07-10,04:55:21,1hyfp2,95,"US raid that killed bin Laden was 'an act of war', says Pakistani report",telegraph.co.uk,http://www.telegraph.co.uk/news/worldnews/asia/pakistan/10169655/US-raid-that-killed-bin-Laden-was-an-act-of-war-says-Pakistani-report.html?utm_source=buffer&utm_campaign=Buffer&utm_content=buffere087d&utm_medium=twitter
2013-07-10,19:27:10,1hzzrn,81,"UN questions Vatican over child abuse cases. ""A major UN child rights protection body has asked the Vatican to disclose details of thousands of paedophilia cases involving Catholic clergy.""",bbc.co.uk,http://www.bbc.co.uk/news/world-europe-23251503
2013-07-10,16:00:30,1hzs6a,60,"Chilean president praises raped girl, 11, for going through with pregnancy",guardian.co.uk,http://www.guardian.co.uk/world/2013/jul/10/chilean-president-praises-raped-pregnancy
2013-07-10,04:54:41,1hyfn9,58,BBC News - Russia claims Syria rebels used sarin gas.,bbc.co.uk,http://www.bbc.co.uk/news/world-middle-east-23249104
