2013-03-27,21:06:38,1b3vob,2929,Portugal: 12 Years After Decriminalizing Drugs,spiegel.de,http://www.spiegel.de/international/europe/evaluating-drug-decriminalization-in-portugal-12-years-later-a-891060.html
2013-03-27,20:18:18,1b3tio,2471,Airline 'fat tax': Should heavy passengers pay more?,travel.cnn.com,http://travel.cnn.com/airline-fat-tax-should-heavy-passengers-pay-more-619046
2013-03-27,08:01:43,1b2scb,2394,The US Army Is Planning For A Failed Nuclear State In North Korea.,businessinsider.com,http://www.businessinsider.com/army-war-games-north-korea-collapse-2013-3
2013-03-27,22:11:05,1b3z4t,1696,The Canadian Supreme Court has ruled that police must have wiretap authority to snoop on cellphone text messages and not just a search warrant.,huffingtonpost.ca,http://www.huffingtonpost.ca/2013/03/27/canada-supreme-court-text-messages_n_2961046.html
2013-03-27,08:53:58,1b2wd1,1588,Former President Carter says his organization is on verge of eradicating Guinea worm disease,current.com,http://current.com/shows/the-young-turks/videos/former-president-jimmy-carter-on-his-organizations-efforts-to-eradicate-the-guinea-worm-ill-have-a-bigger-smile-when-the-last-case-is-gone
2013-03-27,20:31:05,1b3u2f,1220,"Baby baldies are first in decades: After several years of trying, the bald eagles of Cootes Paradise have hatched the first eaglets to grace Lake Ontario in decades.",thespec.com,http://www.thespec.com/news/local/article/908404--baby-baldies-are-first-in-decades
2013-03-27,22:12:22,1b3z7o,1082,North Korea to cut all channels with South as war may break out any time,reuters.com,http://www.reuters.com/article/2013/03/27/us-korea-north-idUSBRE92Q07E20130327
2013-03-27,21:24:38,1b3wk2,840,The Global Internet is being slowed by a series of huge arguements between a spam-fighting group and a hosting firm. (Company remains nameless),bbc.co.uk,http://www.bbc.co.uk/news/technology-21954636
2013-03-27,18:17:31,1b3pt9,720,Brazilian doctor Virginia Soares de Souza 'who played God' could have killed more than 300 patients to free up beds:  If the death toll of more than three hundred people is correct it would implicate De Souza in one of the world's worst serial killings,independent.co.uk,http://www.independent.co.uk/news/world/americas/brazilian-doctor-virginia-soares-de-souza-who-played-god-could-have-killed-more-than-300-patients-to-free-up-beds-8551075.html
2013-03-27,23:01:39,1b42ga,567,"Esquire story of how Bin Laden was killed ""is complete B.S."" CNN learns",cnn.com,http://www.cnn.com/2013/03/26/world/bergen-who-killed-bin-laden/index.html?hpt=hp_c2
2013-03-27,22:45:24,1b41c4,544,Bangladesh widens crackdown on atheist bloggers,tribune.com.pk,http://tribune.com.pk/story/527136/bangladesh-widens-crackdown-on-atheist-bloggers/
2013-03-27,00:53:54,1b1tin,438,"Traces of human DNA in meat products ‘quite likely’: ""[Slaughterhouse] workers are often cutting themselves. If we had done DNA tests, we probably would have found traces of human DNA in the products,"" said Stellenbosch University professor to British MP",bdlive.co.za,http://www.bdlive.co.za/business/agriculture/2013/03/26/traces-of-human-dna-in-meat-products-quite-likely
2013-03-27,19:00:37,1b3qzd,376,"Essential Medicine Rides Coca-Cola's Distribution Into Remote African Villages - The AidPod is a wedge-shaped container between bottle necks in a Coca-Cola crate. For now, they're distributing an anti-diarrhea kit.   There are places in the world where it’s easier to get a Coke than clean water. ",wired.com,http://www.wired.com/design/2013/03/colalife-piggybacks-on-coke/
2013-03-27,20:13:36,1b3tc4,327,A day in the life of the internet hacked and mapped: A single hacker managed to get into millions of computers around the world - which was easy because their routers were all set to the default password of 'root'. But what he did with the data was simple and unmalicious: map it.,guardian.co.uk,http://www.guardian.co.uk/news/datablog/interactive/2013/mar/27/day-life-internet-mapped-hack
2013-03-27,03:28:44,1b262f,295,"In Syria, the Rebels Have Begun to Fight Among Themselves",world.time.com,http://world.time.com/2013/03/26/in-syria-the-rebels-have-begun-to-fight-among-themselves/
2013-03-27,23:43:21,1b45aq,207,Swedish woman convicted for hitting stranger who grabbed her ass,thelocal.se,http://www.thelocal.se/46946/20130326/#.UVMSfxfddBE
2013-03-27,10:06:18,1b325h,199,"Frankie Boyle donates £50,000 to a prisoner in Guantanamo Guantanamo to sue MI6",independent.co.uk,http://www.independent.co.uk/news/uk/home-news/frankie-boyle-donates-50000-to-help-guantanamo-inmate-sue-mi6-8418117.html
2013-03-27,22:43:44,1b418d,184,"SCC - Police need wiretap authority, not just warrant, to search text messages: In a 5-2 decision, the court has sided with wireless giant Telus (TSX:T) and quashed a general warrant that had forced the company to turn over all texts to police.
",ctvnews.ca,http://www.ctvnews.ca/canada/scc-police-need-wiretap-authority-not-just-warrant-to-search-text-messages-1.1213036
2013-03-27,04:45:30,1b2ca6,169,(Update)North Korea issues order for the protection of Kim statues (X-post /r/NorthKoreaNews ),newfocusintl.com,http://newfocusintl.com/north-korea-issues-grade-1-war-readiness-alert/
2013-03-27,04:46:45,1b2cdn,139,"Blamed for rapes, women in Egypt are speaking out",staradvertiser.com,http://www.staradvertiser.com/news/19040101_Blamed_for_rapes_women_in_Egypt_are_speaking_out.html
2013-03-27,22:42:23,1b414g,123,Japan's trust in its government is one of the lowest in the industrialised world. Why? There are fears about food from Fukushima.,nytimes.com,http://www.nytimes.com/2013/03/27/opinion/in-japan-a-portrait-of-mistrust.html?nl=todaysheadlines&emc=edit_th_20130327
2013-03-27,22:01:10,1b3yka,111,Muslim private school is ranked the best in France,thelocal.fr,http://www.thelocal.fr/page/view/paris-and-private-institutions-dominate-secondary-school-league-table#.UVL6QFeHhqk
2013-03-27,09:29:18,1b2z85,106,"Schoolgirl given razor blade to self harm, supervised by a teacher.",telegraph.co.uk,http://www.telegraph.co.uk/education/9953391/School-set-up-controlled-self-harm-policy-for-pupil.html
2013-03-27,16:03:06,1b3m5r,92,Nazi submarine wreck found off Norway - The Local,thelocal.de,http://www.thelocal.de/sci-tech/20130326-48757.html#.UVKlAjqMeIs.reddit
2013-03-27,06:27:52,1b2krg,73,"Out of the world's estimated 7 billion people, six billion have access to mobile phones. Far fewer — only 4.5 billion people — have access to working toilets",newsfeed.time.com,http://newsfeed.time.com/2013/03/25/more-people-have-cell-phones-than-toilets-u-n-study-shows/
2013-03-27,21:44:51,1b3xm8,73,Seven men held over gang-rape: Police confirmed that 14 men were at the scene when she was raped by nine men,chinadaily.com.cn,http://www.chinadaily.com.cn/china/2013-03/27/content_16349878.htm
2013-03-27,04:58:49,1b2dcu,68,"Cyprus, Seriously: Krugman accepts a challenge to outline the steps he recommends for Cyprus to climb out of its economic crisis.",krugman.blogs.nytimes.com,http://krugman.blogs.nytimes.com/2013/03/26/cyprus-seriously/?smid=re-share
2013-03-27,04:00:01,1b28nf,55,"Peru declares environmental state of emergency in its rainforest: high levels of barium, lead, chrome and petroleum-related compounds reported in region that is home to oil fields currently operated by Argentinian company Pluspetrol",guardian.co.uk,http://www.guardian.co.uk/environment/2013/mar/26/peru-declares-environmental-emergency-rainforest
2013-03-27,21:05:31,1b3vm1,54,North Korea cuts off last lines of communication with South,nytimes.com,http://www.nytimes.com/2013/03/28/world/asia/north-korea-shuts-last-remaining-hotline-to-south.html
2013-03-27,17:37:38,1b3oqu,43,Baltic: Chemical threat lurking beneath the sea,presseurop.eu,http://www.presseurop.eu/en/content/article/3588451-chemical-threat-lurking-beneath-sea
