2013-01-30,17:49:29,17jyra,3000,France to deport radical Muslim clerics,thelocal.fr,http://www.thelocal.fr/page/view/interior-ministers-vows-to-deport-radical-muslim-clerics
2013-01-30,17:59:42,17jz1u,1897,Julian Assange to run for a seat in the Australian Senate,theage.com.au,http://www.theage.com.au/opinion/political-news/julian-assange-to-run-for-senate-20130130-2dl92.html
2013-01-30,16:51:59,17jx4v,1837,Senior British rabbi filmed telling alleged child abuse victim not to go to the police ,independent.co.uk,http://www.independent.co.uk/news/uk/home-news/senior-british-rabbi-filmed-telling-alleged-child-abuse-victim-not-to-go-to-the-police-8471779.html
2013-01-30,15:16:32,17jtw2,701,S. Korea's space rocket launch apparently successful.  Becomes the 13th country to reach space from their own soil. | YONHAP NEWS,english.yonhapnews.co.kr,http://english.yonhapnews.co.kr/news/2013/01/30/0200000000AEN20130130011200320.HTML
2013-01-30,02:36:45,17ibvt,587,"France to deport 'radical foreign imams' -  
France's interior minister says the move is part of a fight against ""global jihadism"". ",aljazeera.com,http://www.aljazeera.com/news/europe/2013/01/2013129152640888716.html
2013-01-30,20:28:53,17k3cv,556,"Most of Timbuktu's Ahmed Baba Institute's manuscripts saved, according to locals.",world.time.com,http://world.time.com/2013/01/28/mali-timbuktu-locals-saved-some-of-their-citys-ancient-manuscripts-from-islamists/?iid=gs-article-mostpop1
2013-01-30,10:52:37,17jd7o,464,Beijing cancels flights as pollution hits ‘beyond index’ levels,thestar.com,http://www.thestar.com/news/world/article/1321300--beijing-cancels-flights-shuts-factories-as-pollution-hits-beyond-index-levels
2013-01-30,23:59:10,17kdm4,408,S. African billionaire to give away half his money ,abcnews.go.com,http://abcnews.go.com/International/wireStory/african-billionaire-give-half-money-18354099#.UQlDN66UiMM.reddit
2013-01-30,01:03:36,17i56a,379,Payback time in Mali: Residents hunting down and beating suspected Islamist extremists in newly liberated town,chron.com,http://www.chron.com/news/world/article/In-recaptured-city-in-Mali-Islamists-hunted-down-4230957.php
2013-01-30,17:57:01,17jyyz,309,Dutch Court Rejects Most of Shell Spill Case - Judges  rejected most of a landmark case brought by Nigerian farmers against Royal Dutch Shell for poisoning their fish ponds & farmland with leaking pipelines.,news.yahoo.com,http://news.yahoo.com/dutch-court-rejects-most-shell-spill-case-092910664--finance.html
2013-01-30,20:14:27,17k2w7,285,Israeli forces have attacked a target on the Syrian-Lebanese border: Reports of heavy presence of Israeli jets over Lebanon territory,reuters.com,http://www.reuters.com/article/2013/01/30/us-syria-israel-attack-idUSBRE90T0K120130130
2013-01-30,19:23:31,17k1cb,269,"Secretary-General of the United Nations says the situation in Syria is ""catastrophic"": ""I appeal to all sides, and particularly the Syrian government, to stop the killing... in the name of humanity, stop the killing, stop the violence""",bbc.co.uk,http://www.bbc.co.uk/news/world-middle-east-21258511
2013-01-30,20:29:37,17k3dm,253,Germany is marking the 80th anniversary of Adolf Hitler's rise to power with a solemn ceremony at a memorial site in what was the heart of Nazi Berlin.,ctvnews.ca,http://www.ctvnews.ca/world/germany-marks-80th-anniversary-of-hitler-s-rise-to-power-1.1135535
2013-01-30,21:09:16,17k4t5,182,"Shamil Jeppie, the Timbuktu Manuscripts Project director at the University of Cape Town, said that more than 90% of the 300,000 manuscripts said to be in the region were safe.",bbc.co.uk,http://www.bbc.co.uk/news/world-africa-21256781
2013-01-30,14:30:13,17jrr4,150,"A man is facing animal cruelty charges after 155 dead cats were found in an apartment in Windsor, Ont.",thestar.com,http://www.thestar.com/news/canada/article/1321695--charges-laid-after-155-dead-cats-found-in-windsor-apartment
2013-01-30,05:27:23,17ioz2,147,Zimbabwe has just $217 in the bank,theglobeandmail.com,http://www.theglobeandmail.com/report-on-business/top-business-stories/zimbabwe-has-just-217-in-the-bank/article7953535/
2013-01-30,18:03:41,17jz5p,130,"Russia Pulls Out of US Drugs Agreement - The decade-old drug control deal ""does not address today's realities & has exhausted its potential"".
It's seen by some as the latest sign of a deterioration in ties since President Putin's return to the Kremlin.  ",theaustralian.com.au,http://www.theaustralian.com.au/news/breaking-news/russia-pulls-out-of-us-drugs-agreement/story-fn3dxix6-1226565412347
2013-01-30,16:56:25,17jx9b,125,An innovative college for homeless people in London is attracting hundreds of students,bbc.co.uk,http://www.bbc.co.uk/news/education-21236680
2013-01-30,20:49:32,17k437,119,British internet users' personal information on major 'cloud' storage services can be spied upon routinely by US authorities,independent.co.uk,http://www.independent.co.uk/life-style/gadgets-and-tech/news/british-internet-users-personal-information-on-major-cloud-storage-services-can-be-spied-upon-routinely-by-us-authorities-8471819.html
2013-01-30,00:20:17,17i22c,114,Egypt State on Brink of Collapse.,news.yahoo.com,http://news.yahoo.com/egypt-army-chief-warns-state-could-collapse-102521988.html
2013-01-30,18:15:20,17jzi7,101,"Chinese Love for ‘Himalayan Viagra’ Causing Shortage From Over-Harvesting & Threatening Ecological Damage -  World’s most expensive medicinal fungus is in serious decline. It's  a symbol of wealth & power in China, & as  its economy booms, the fungus is enjoying unprecedented popularity. ",nature.com,http://www.nature.com/news/overharvesting-leaves-himalayan-viagra-fungus-feeling-short-1.12308
2013-01-30,12:54:28,17jm2d,94,Gay chocolatiers forced out of remote Scottish village   -  driven out after suffering a decade of homophobic and anti-English abuse.,telegraph.co.uk,http://www.telegraph.co.uk/news/uknews/9825056/Gay-chocolatiers-forced-out-of-remote-Scottish-village.html
2013-01-30,23:32:05,17kbwp,83,"Mexico raids alleged sex slavery cult on border, detains 14 foreigners, including 6 Spaniards",washingtonpost.com,http://www.washingtonpost.com/world/the_americas/mexico-raids-alleged-sex-slavery-cult-on-border-detains-14-foreigners-including-6-spaniards/2013/01/29/d7f33fa6-6a7d-11e2-9a0b-db931670f35d_story.html?tid=sm_btn_reddit
2013-01-30,08:32:02,17j2ut,86,Family finds pet tortoise that was missing for 30 years as they clean out dead father's storeroom,edmontonjournal.com,http://www.edmontonjournal.com/news/oddities/Family+finds+tortoise+that+missing+years+they+clean+dead/7883008/story.html
2013-01-30,01:39:43,17i7p5,70,"In China, Beware: A Camera May be Watching You - 
There are an estimated 20-30 million surveillance cameras in China — or 1 for every 43 people. Officials say the cameras help fight crime & maintain ""social stability."" But critics say they're used to monitor & intimidate dissidents.",npr.org,http://www.npr.org/2013/01/29/170469038/in-china-beware-a-camera-may-be-watching-you
2013-01-30,09:21:10,17j68o,60,Four Nigerian villagers from the Niger River delta have challenged mighty Shell in a Dutch court. They complain that the oil giant has caused environmental devastation and ruined their homes. A verdict in the unprecedented case is expected on Wednesday.,spiegel.de,http://www.spiegel.de/international/business/nigerian-farmers-take-on-shell-in-a-dutch-court-a-880159.html
2013-01-30,20:09:28,17k2qc,61,Israel hits target in Lebanon-Syria border area,dailystar.com.lb,http://www.dailystar.com.lb/News/Middle-East/2013/Jan-30/204317-israel-hits-target-on-lebanon-syria-border-area-so.ashx#axzz2JSZ11cid
2013-01-30,22:46:54,17k98v,57,"Africa is becoming more peaceful, despite the war in Mali",guardian.co.uk,http://www.guardian.co.uk/world/2013/jan/30/africa-peaceful-mali-war?CMP=twt_gu
2013-01-30,06:39:30,17iutj,49,The U.N. special rapporteur for human rights and counterterrorism will spend the next five months doing something the Obama administration has thoroughly resisted: unearthing the dirty secrets of a global counterterrorism campaign that largely relies on rapidly proliferating drone technology,wired.com,http://www.wired.com/dangerroom/2013/01/un-drone-inquiry/
2013-01-30,21:30:01,17k5kr,46,"Shell been ordered to pay compensation to one Nigerian farmer for damages caused by oil pollution, a court in the Hague ruled",news.xinhuanet.com,http://news.xinhuanet.com/english/africa/2013-01/30/c_132139524.htm
