2013-10-14,19:53:29,1of1yb,3281,"""Not a single byte should leave Germany"" - Communication giants puts forward plan to combat NSA spies with German-only network hubs",thelocal.de,http://www.thelocal.de/sci-tech/20131014-52385.html
2013-10-14,21:19:00,1of5fz,2145,"China state media blasts US shutdown, calls for a ‘de-Americanized’ world",behindthewall.nbcnews.com,http://behindthewall.nbcnews.com/_news/2013/10/14/20957509-china-state-media-blasts-us-shutdown-calls-for-a-de-americanized-world?chromedomain=worldnews&lite
2013-10-14,22:48:39,1ofah7,2141,NSA backlash sparks new technology. Anti-surveillance technology created in light of NSA expose,cbc.ca,http://www.cbc.ca/news/world/nsa-backlash-sparks-new-technology-1.2021655?cmp=rss
2013-10-14,23:01:13,1ofbax,1344,Research finds that giving money to the poor reduces poverty.,scienceblog.com,http://www.scienceblog.com/67237/research-finds-that-giving-money-to-the-poor-reduces-poverty/
2013-10-14,07:24:49,1oduau,1261,CIA asset implicated in 1985 murder of undercover DEA agent in Mexico,dailykos.com,http://www.dailykos.com/story/2013/10/13/1246930/-Fox-News-Proceso-Report-on-CIA-Involvement-in-1985-Murder-of-DEA-Agent
2013-10-14,20:30:37,1of3ff,864,"Former director general of Nobel Peace Prize winner OPCW, on his ousting in 2002: ""the Bush administration [feared] that chemical weapons inspections in Iraq would conflict with Washington’s rationale for invading it""",nytimes.com,http://www.nytimes.com/2013/10/14/world/to-ousted-boss-arms-watchdog-was-seen-as-an-obstacle-in-iraq.html?pagewanted=all
2013-10-14,01:37:08,1od161,832,New York Times says UK tried to get it to hand over Snowden documents,theguardian.com,http://www.theguardian.com/world/2013/oct/13/new-york-times-snowden-nsa-files
2013-10-14,01:34:00,1od0xg,625,China: U.S. fiscal failure warrants a de-Americanized world,news.xinhuanet.com,http://news.xinhuanet.com/english/indepth/2013-10/13/c_132794246.htm
2013-10-14,00:23:26,1ocw9t,617,"China has signed a 350-billion-yuan (45 billion euro) currency swap agreement with the European Union, marking a major step in internationalizing its currency",news.xinhuanet.com,http://news.xinhuanet.com/english/china/2013-10/10/c_132786974.htm
2013-10-14,23:23:48,1ofcve,613,German bishop faces grilling over lavish lifestyle. A German bishop was in Rome on Monday to explain himself to Pope Francis after facing multiple calls to resign over embezzling $42 million in church funds.,globalpost.com,http://www.globalpost.com/dispatch/news/afp/131014/german-bishop-faces-grilling-over-lavish-lifestyle
2013-10-14,22:46:29,1ofabq,616,3 million Spaniards getting by on just €307 ($416) a month. Spain's rich poor divide is now the widest in Europe.,thelocal.es,http://www.thelocal.es/20131014/spains-wealth-gap-europes-widest
2013-10-14,01:03:58,1ocytz,596,"India Seizes Armed ""Anti-piracy"" Ship Owned by U.S. Security Firm",in.reuters.com,http://in.reuters.com/article/2013/10/13/india-ship-tuticorin-idINDEE99C05E20131013
2013-10-14,04:31:00,1odfbu,527,"GCHQ is probably intercepting legally privileged communications between lawyers and their clients, according to a detailed claim filed on behalf of eight Libyans involved in politically sensitive compensation battles with the UK",theguardian.com,http://www.theguardian.com/uk-news/2013/oct/13/gchq-accused-monitoring-privileged-emails-lawyer-client-libya
2013-10-14,23:24:53,1ofcy6,517,"The perfect epitaph for establishment journalism: 'If MI5 warns that this is not in the public interest who am I to disbelieve them?', says the former editor of The Independent",theguardian.com,http://www.theguardian.com/commentisfree/2013/oct/14/independent-epitaph-establishment-journalism
2013-10-14,21:45:49,1of6ru,475,BBC News - Malaysia court rules non-Muslims cannot use the word 'Allah',bbc.co.uk,http://www.bbc.co.uk/news/world-asia-24516181#TWEET921573
2013-10-14,21:57:55,1of7ew,429,"In Indonesia, Environmentalists See a Disaster in the Making — Near a palm oil plantation, bulldozers & chainsaws can be heard in what is officially “protected forest.” With few areas left for expansion, loggers are denuding the land.",nytimes.com,http://www.nytimes.com/2013/10/12/world/asia/in-indonesia-environmentalists-see-a-disaster-in-the-making.html?partner=rss&emc=rss&_r=0
2013-10-14,23:59:27,1offje,328,Snowden leaks: MI5 chief accused of using 'foolish self-serving rhetoric' - Former DPP Lord Macdonald dismisses Andrew Parker's claim that greater scrutiny would harm intelligence agencies,theguardian.com,http://www.theguardian.com/world/2013/oct/14/snowden-leaks-mi5-chief-rhetoric-dpp
2013-10-14,09:04:26,1oe21y,208,The 12 Least Ethical Companies In The World: Covalence's Ranking,huffingtonpost.com,http://www.huffingtonpost.com/2010/01/28/the-least-ethical-compani_n_440073.html?utm_hp_ref=monsanto&slidenumber=0ZHHXzV%2FaPE%3D&slideshow#slide_image
2013-10-14,22:04:55,1of7td,197,Chinese tourists arrested in Paris after trying to pay for hotel room with coins,thelocal.fr,http://www.thelocal.fr/20131014/one-euro-coins-land-chinese-tourists-in-paris-cell
2013-10-14,08:40:20,1oe05q,199,"Moscow riots follow murder blamed on migrant - Chants of ""Russia for the Russians"" and ""White Power"".",bbc.co.uk,http://www.bbc.co.uk/news/world-europe-24514345
2013-10-14,02:59:23,1od7mc,183,IMF eyes tax potential of the world's super-rich,theguardian.com,http://www.theguardian.com/business/2013/oct/13/imf-meeting-united-states-debt-ceiling
2013-10-14,08:09:26,1odxrn,186,China surpasses the United States as world’s largest net oil importer,slate.com,http://www.slate.com/blogs/the_world_/2013/10/11/china_now_world_s_largest_net_oil_importer_surpassing_united_states.html
2013-10-14,08:12:16,1odxzb,170,France prepares for war in the Central African Republic,thetrumpet.com,https://www.thetrumpet.com/article/11011.19.0.0/world/terrorism/france-prepares-for-war-in-the-central-african-republic
2013-10-14,00:23:25,1ocw9m,162,"Russian officials have been threatening Ukraine with dire consequences, if it signs a free trade / association agreement with the EU in Vilnius",jamestown.org,http://www.jamestown.org/single/?no_cache=1&tx_ttnews%5Btt_news%5D=41474&tx_ttnews%5BbackPid%5D=7&cHash=8cee609c44de91f3de0d5eb8dbac2378#.UlnV2VBdxNt
2013-10-14,19:17:51,1of0n3,155,"China state media blasts US shutdown, calls for a 'de-Americanized' world ""...without striking a viable deal to bring normality to the body politic they brag about, it is perhaps a good time for the befuddled world to start considering building a de-Americanized world,”",behindthewall.nbcnews.com,http://behindthewall.nbcnews.com/_news/2013/10/14/20957509-china-state-media-blasts-us-shutdown-calls-for-a-de-americanized-world
2013-10-14,23:41:50,1ofe7s,155,"For women in Pakistan, the reality is that even simple fantasies can have deadly consequences.",pri.org,http://www.pri.org/stories/2013-10-11/innocent-home-videos-are-becoming-pakistani-porn-youtube-and-destroying-lives
2013-10-14,08:27:02,1odz4q,143,'Don’t pollute our sea:' Mass demo in Tokyo to ban nuclear energy,rt.com,http://rt.com/news/japan-nuclear-rally-fukushima-135/
2013-10-14,01:18:59,1oczvm,122,"China taking action on climate. China has carbon exchanges now, carbon pricing by 2015 and carbon tax by 2020.",nextbigfuture.com,http://nextbigfuture.com/2013/10/china-has-carbon-exchanges-now-carbon.html
2013-10-14,19:42:15,1of1k0,87,"Iranian Jews to Obama: Opportunity to fix relations 'unrepeatable' - Speaking of 'golden' opportunity, head of Tehran's Jewish community also plays down controversial comments by Netanyahu on basic freedoms in Iran",haaretz.com,http://www.haaretz.com/jewish-world/jewish-world-news/1.552252
2013-10-14,07:46:38,1odw1v,71,Human Rights Watch: Syrian rebels committed war crimes,dw.de,http://www.dw.de/human-rights-watch-syrian-rebels-committed-war-crimes/a-17154204
