2013-06-05,08:24:21,1fooje,3525,Turkish police started arresting people for tweeting and facebooking about the protests (local news from CNN Turk needs translation),cnnturk.com,http://www.cnnturk.com/2013/turkiye/06/04/izmirde.twitter.gozaltisi/710673.0/index.html
2013-06-05,18:07:41,1fpmij,3255,"Tens of thousands in Iran protest against Khamenei, chant 'death to dictator'",haaretz.com,http://www.haaretz.com/news/middle-east/tens-of-thousands-in-iran-protest-against-khamenei-chant-death-to-dictator-1.527893
2013-06-05,13:14:43,1fp9dq,1706,Facebook blocks links to Turkish protest organizing tool,news.ycombinator.com,https://news.ycombinator.com/item?id=5823635
2013-06-05,20:33:16,1fpr9v,1569,Explicit evidence of Turkish state violence — in pictures,roarmag.org,http://roarmag.org/2013/06/explicit-evidence-of-turkish-police-brutality-in-pictures/
2013-06-05,22:51:29,1fpy36,1527,An Islamic centre in north London has been destroyed by a fire in an apparent racially motivated attack.,bbc.co.uk,http://www.bbc.co.uk/news/uk-england-london-22785074
2013-06-05,20:24:24,1fpqxl,1333,"Activists in Turkey have demanded the sacking of police chiefs in Istanbul, Ankara and other cities over their forces' violent responses to protests.",bbc.co.uk,http://www.bbc.co.uk/news/world-europe-22783127
2013-06-05,22:37:15,1fpx98,1058,Beijing allegedly went dark at noon because of smog and storm,businessinsider.com,http://www.businessinsider.com/beijing-goes-dark-at-noon-2013-6
2013-06-05,20:37:19,1fprff,952,Third person killed in Turkey protests,hurriyetdailynews.com,http://www.hurriyetdailynews.com/third-person-killed-in-turkey-protests.aspx?pageID=238&nID=48255&NewsCatID=341
2013-06-05,00:20:28,1fnm09,951,King Mohammed VI of Morocco refuses to meet Erdogan,translate.google.com,http://translate.google.com/translate?sl=fr&tl=en&js=n&prev=_t&hl=en&ie=UTF-8&eotf=1&u=http%3A%2F%2Fdirectinfo.webmanagercenter.com%2F2013%2F06%2F04%2Fmaroc-le-roi-mohammed-vi-refuse-de-rencontrer-erdogan%2F&act=url
2013-06-05,07:53:19,1fom83,940,"Internet Surveillance and Free Speech: the UN Makes the Connection -- ""Communications surveillance should be regarded as a highly intrusive act that potentially interferes with the rights to freedom of expression and privacy and threatens the foundations of a democratic society""",eff.org,https://www.eff.org/deeplinks/2013/06/internet-and-surveillance-UN-makes-the-connection
2013-06-05,01:29:52,1fnr70,761,"Secret Photographs of Hitler Bunker in Berlin. Starting in 1987, Robert Conrad risked his freedom to secretly photograph Adolf Hitler's decaying bunker in what was then East Berlin. Disguised as a construction worker, he snuck inside some 30 times, and has now finally revealed his work.",spiegel.de,http://www.spiegel.de/international/germany/secret-photographs-of-hitler-bunker-in-berlin-by-robert-conrad-a-903750.html
2013-06-05,22:23:24,1fpwfw,664,Latvia to become 18th eurozone member,bbc.co.uk,http://www.bbc.co.uk/news/business-22781146
2013-06-05,21:14:37,1fpszv,514,"Erdogan wrecking Turkey's image as model democracy, critics say",latimes.com,"http://www.latimes.com/news/world/worldnow/la-fg-wn--turkey-protests-erdogan-20130604,0,5204944.story"
2013-06-05,01:38:21,1fnruw,506,BBC News - France 'confirms sarin use in Syria',bbc.co.uk,http://www.bbc.co.uk/news/world-middle-east-22773268
2013-06-05,23:35:21,1fq0z1,499,"UK: Muslim father threatens to honour kill his daughter, walks free",dailyrecord.co.uk,http://www.dailyrecord.co.uk/news/scottish-news/sheriff-fears-teen-after-muslim-1930223
2013-06-05,03:37:01,1fo1bm,365,"Istanbul United: protests bring rival fans together, for now",reuters.com,http://www.reuters.com/article/2013/06/04/us-turkey-protests-soccer-idUSBRE9530ZE20130604
2013-06-05,04:25:43,1fo5fx,301,"50,000 Rally in Hong Kong on Tiananmen Square Anniversary",nytimes.com,http://www.nytimes.com/2013/06/05/world/asia/thousands-rally-in-hong-kong-on-tiananmen-square-anniversary.html?ref=world
2013-06-05,20:40:14,1fprj9,232,Saudi Arabia bans Viber because it cannot monitor it,uk.reuters.com,http://uk.reuters.com/article/2013/06/05/us-saudi-viber-idUKBRE9540FH20130605
2013-06-05,12:44:30,1fp7dv,216,Japan tests 310mph bullet train,telegraph.co.uk,http://www.telegraph.co.uk/news/worldnews/asia/japan/10098065/Japan-tests-310mph-bullet-train.html
2013-06-05,03:42:57,1fo1tn,204,Turkish Official Apologizes for Force Used at Start of Riots,nytimes.com,http://www.nytimes.com/2013/06/05/world/europe/turkey-riots.html?hp&_r=0
2013-06-05,02:03:12,1fntt5,199,"Chinese Girl Raped by Indian Man in Hong Kong, Chinese reactions",chinasmack.com,http://www.chinasmack.com/2013/stories/mainland-college-girl-raped-by-indian-man-in-hong-kong-reactions.html/
2013-06-05,21:12:11,1fpsw7,188,"No miniskirts on buses, Beijing police tell women to avoid harassment.",scmp.com,http://www.scmp.com/news/china/article/1253949/no-miniskirts-buses-beijing-police-tell-women-avoid-harassment
2013-06-05,23:40:00,1fq1b1,163,Pakistan's new PM calls for halt to US drone attacks.,news.xinhuanet.com,http://news.xinhuanet.com/english/world/2013-06/05/c_132433469.htm
2013-06-05,16:44:48,1fpjn7,150,"The ruling Liberal Democratic Party is compiling a new set of defense guidelines that would allow Japan’s armed forces, for the first time, to develop offensive capability, and to strike first if an attack appears imminent",nation.time.com,http://nation.time.com/2013/06/03/japan-looks-to-add-offensive-capability/
2013-06-05,20:12:20,1fpqgx,86,Former Slovenian Prime Minister Janez Jansa sentenced to two years for corruption,bbc.co.uk,http://www.bbc.co.uk/news/world-europe-22781752
2013-06-05,04:37:10,1fo6gl,72,Antalya municipality refused to provide water for police vehicles,hurriyetdailynews.com,http://www.hurriyetdailynews.com/antalya-municipality-refuses-to-provide-water-for-police-vehicles.aspx?pageID=238&nid=48162&NewsCatID=341
2013-06-05,02:33:04,1fnw8y,66,"Tiananmen Square events: "" no Chinese language newspaper has ever recalled them, no Chinese leader has ever referred to them""",csmonitor.com,http://www.csmonitor.com/World/Global-News/2013/0604/Tiananmen-still-taboo-in-China-after-all-these-years-video
2013-06-05,00:03:52,1fnktb,64,Israel razes homes in ‘Palestinian-controlled’ area - Alarabiya.net English,english.alarabiya.net,http://english.alarabiya.net/en/News/middle-east/2013/06/04/Israel-razes-homes-in-Palestinian-controlled-area-.html
2013-06-05,06:13:45,1foeld,58,"Eastern European immigrants to Britain show more 'aptitude and commitment' to work than British people, says UK presiding officer",telegraph.co.uk,http://www.telegraph.co.uk/news/uknews/immigration/10099705/John-Bercow-Migrants-are-better-workers.html
2013-06-05,03:23:00,1fo08k,53,Iran bans female students from engineering fields,hra-news.org,https://hra-news.org/en/depriving-female-students-of-study-in-seven-fields-in-esfahan-industrial-university
