2013-07-19,03:08:15,1iko8z,3042,"A former CIA station chief has been arrested in Panama, and faces extradition to Italy where he has already been sentenced to 9 years in prison for his involvement in the extraordinary rendition of a terror suspect.",bbc.co.uk,http://www.bbc.co.uk/news/world-europe-23367401
2013-07-19,08:28:54,1ilg46,2979,98% of murders in Mexico last year went unsolved,qz.com,http://qz.com/105952/98-of-murders-in-mexico-last-year-went-unsolved/
2013-07-19,22:12:53,1imnfp,2859,"Woman sues head of Japan’s largest mafia group, demanding return of protection money.",tokyotimes.com,http://www.tokyotimes.com/2013/woman-sues-head-of-japans-largest-crime-group
2013-07-19,17:41:42,1imctp,2394,Almost 800 people have died so far in Britain's heatwave. Temperatures above 30°C for sixth day running,independent.co.uk,http://www.independent.co.uk/news/uk/home-news/wildfire-warning-heatwave-death-toll-as-high-as-up-to-760--and-farms-at-risk-8716639.html
2013-07-19,03:26:37,1ikpta,2113,Boy raped in broad daylight attack because 'his phone wasn't good enough to steal',standard.co.uk,http://www.standard.co.uk/news/crime/boy-raped-in-broad-daylight-attack-because-his-phone-wasnt-good-enough-to-steal-8710263.html
2013-07-19,04:23:57,1ikuxc,1972,"""Camera off, or I'll shoot , he said"" - Freedom of press in Germany ended for cameraman across from the U.S. consulate in Frankfurt",translate.google.de,http://translate.google.de/translate?sl=de&tl=en&js=n&prev=_t&hl=de&ie=UTF-8&u=http%3A%2F%2Fwww.jungewelt.de%2F2013%2F07-18%2F035.php
2013-07-19,22:14:38,1imnj4,1801,Jailed Russian opposition leader Alexei Navalny released after massive protests supporting him,latimes.com,"http://www.latimes.com/news/world/worldnow/la-fg-wn-russian-opposition-leader-released-20130719,0,5802534.story"
2013-07-19,05:13:14,1ikzhz,1449,"""No warming for 17 years"" you say? June 2013 was the 340th consecutive month of above-average global temperatures.",ncdc.noaa.gov,http://www.ncdc.noaa.gov/sotc/global/2013/6
2013-07-19,02:57:05,1iknbb,1321,Top US Military Officer: America Is Considering Entering Syrian War,finance.yahoo.com,http://finance.yahoo.com/news/top-us-military-officer-america-152600397.html
2013-07-19,21:39:40,1imlrc,1013,G-20 Backs Plan to Curb Tax Evasion by Large Corporations,nytimes.com,http://www.nytimes.com/2013/07/20/business/global/g-20-nations-back-plan-to-curb-corporate-tax-evasion.html
2013-07-19,17:54:11,1imd9l,954,Japan's government on Friday gave its seal of approval to the world's first clinical trials using stem cells harvested from a patient's own body.,france24.com,http://www.france24.com/en/20130719-japan-govt-approves-stem-cell-clinical-trials
2013-07-19,02:58:42,1ikng8,934,"Paypal founder invents 4000mph train ""Elon Musk’s train will use vaccuum power to speed from London to Beijing in 2 hours",planetivy.co.uk,http://planetivy.co.uk/offbeat/59579/paypal-founder-invents-4000mph-train/
2013-07-19,22:29:06,1imode,774,Controversial comic Frankie Boyle in hunger strike to support Shaker Aamer - the last British detainee in Guantánamo Bay,independent.co.uk,http://www.independent.co.uk/news/uk/home-news/controversial-comic-frankie-boyle-in-hunger-strike-to-support-shaker-aamer--the-last-british-detainee-in-guantnamo-bay-8720221.html
2013-07-19,16:54:33,1imb9m,709,"Australia announces Papua New Guinea asylum deal: People arriving by boat to seek asylum will no longer be resettled in Australia but will go to Papua New Guinea, Prime Minister Kevin Rudd has announced.",bbc.co.uk,http://www.bbc.co.uk/news/world-asia-23358329
2013-07-19,09:52:45,1ilma3,701,"Monsanto drops bid to have GM crops approved in Europe -- ""We will no longer be pursuing approvals for cultivation of new biotech crops in Europe""",blogs.nature.com,http://blogs.nature.com/news/2013/07/monsanto-drops-bid-to-have-gm-crops-approved-in-europe.html
2013-07-19,20:07:30,1imhtl,687,EU officially publishes settlement guidelines despite Israeli objections,jpost.com,http://www.jpost.com/Diplomacy-and-Politics/EU-officially-publishes-settlement-guidelines-despite-Israeli-objections-320384
2013-07-19,23:05:03,1imqm6,552,"Hitting China’s Wall. To put it crudely, it’s running out of surplus peasants. (Krugman)",nytimes.com,http://www.nytimes.com/2013/07/19/opinion/krugman-hitting-chinas-wall.html?partner=rssnyt&emc=rss
2013-07-19,06:59:07,1il8ty,515,"Norwegian woman was assaulted and raped on a business-trip to Dubai. When she went to the police to press charges, she instead was convicted of having sex outside marrige, now facing 16 months in jail.",usatoday.com,http://www.usatoday.com/story/news/world/2013/07/18/dubai-woman-raped-jailed-extramarital-sex/2554045/
2013-07-19,20:37:43,1imixk,458,Britain Reveals 50% Tax Break for Fracking Firms - Its fledgling shale gas industry will get a major boost today as it cuts taxes on fracking profits to less than 1/2 the amount paid by conventional oil & gas producers.,independent.co.uk,http://www.independent.co.uk/news/uk/politics/george-osborne-reveals-50-tax-break-for-fracking-firms-8718711.html
2013-07-19,01:30:52,1ikfxs,409,Woman (24) reported rape in Dubai: Sentenced to 16 months in prison,vg.no,http://www.vg.no/nyheter/utenriks/midtosten/artikkel.php?artid=10112042
2013-07-19,09:36:40,1ill5j,400,After a Girl was raped for two days Delhi police refused to register a case and instead assaulted and broke bones of the people who wanted to file an FIR.,aamaadmiparty.org,http://aamaadmiparty.org/news/supreme-court-issues-notice-to-the-police-for-beating-up-aap-volunteers
2013-07-19,20:46:27,1imjb5,318,"The Norwegian town of Rjukan is located deep in a valley floor and is completely deprived of direct sunlight 5 months a year. So the city is spending about $835,000 to install 3 large mirrors on the sides of nearby mountains to redirect light rays directly into to the town’s main square.",newsfeed.time.com,http://newsfeed.time.com/2013/07/19/giant-mirrors-will-illuminate-norwegian-town/
2013-07-19,23:47:10,1imtfd,253,Britain abandons plans to arm Syrian rebels,jpost.com,http://www.jpost.com/Middle-East/Britain-abandons-plans-to-arm-Syrian-rebels-320286
2013-07-19,02:06:23,1ikiun,225,"Russian mobile operators say 'nyet!' to Apple, 'da!' to Samsung: All three top carriers have discontinued iPhone",theregister.co.uk,http://www.theregister.co.uk/2013/07/17/russia_says_nyet_to_apple/
2013-07-19,03:22:24,1ikpfy,184,PAKISTAN: Yet ANOTHER acid attack as an abused woman tries to flee her husband,tribune.com.pk,http://tribune.com.pk/story/577818/domestic-violence-three-injured-in-acid-attack-over-marital-dispute/
2013-07-19,23:31:59,1imsec,141,"Greek government bans demonstrations in central Athens - In order to enforce the ban, 4,000 police officers were mobilized to turn central Athens into a closed-off fortress.",wsws.org,http://www.wsws.org/en/articles/2013/07/19/gree-j19.html
2013-07-19,09:40:42,1illfn,138,Chemicals found in Syria were from Saudi Arabia: Chemical materials found by the Syrian army in a storage building used by anti-government insurgents in Jobar were “Made in the kingdom of Saudi Arabia”. -,en.alalam.ir,http://en.alalam.ir/news/1494967
2013-07-19,20:30:48,1imiol,132,"22 people die after cook is paid $500 to poison meal, police in Pakistan say",worldnews.nbcnews.com,http://worldnews.nbcnews.com/_news/2013/07/19/19556997-22-people-die-after-cook-is-paid-500-to-poison-meal-police-in-pakistan-say?lite
2013-07-19,09:16:45,1iljpr,121,26 y/o man stuck in airport for four months.,bbc.co.uk,http://www.bbc.co.uk/news/magazine-23350294
2013-07-19,00:25:36,1ikatr,108,Asian arrested for putting up video of Dubai man beating Indian,hindustantimes.com,http://www.hindustantimes.com/world-news/RestOfAsia/Asian-arrested-for-putting-up-video-of-Dubai-man-beating-Indian/Article1-1094444.aspx
