2013-07-05,00:22:20,1hmy7t,3091,Icelandic parliament has a bill that would give Snoweden Icelandic citizenship,translate.google.com,http://translate.google.com/translate?sl=is&tl=en&u=http%3A%2F%2Fwww.althingi.is%2Faltext%2F142%2Fs%2F0078.html
2013-07-05,20:56:27,1hoqc9,2922,Canadian soldiers in Afghanistan were told by their superiors to ignore incidents where Afghan soldiers and interpreters sexually assaulted young boys.,thestar.com,http://www.thestar.com/news/world/2013/07/04/canadian_military_still_investigating_afghanistan_sex_assault_claim.html?utm_source=twitterfeed&utm_medium=twitter
2013-07-05,08:57:03,1hnvu4,2798,"Bolivian President Evo Morales says he won't hesitate to close the U.S. embassy: ""European countries need to liberate themselves from the imperialism of the Americans.""",edition.cnn.com,http://edition.cnn.com/2013/07/04/world/americas/bolivia-morales-snowden/
2013-07-05,00:00:33,1hmwtm,2578,"...""Beyond its criminality, lying to Congress destroys the pretense of oversight. Obviously, members of Congress cannot exercise any actual oversight over programs which are being concealed by deceitful national security officials""",guardian.co.uk,http://www.guardian.co.uk/commentisfree/2013/jul/03/clapper-lying-snowden-eu-bolivia
2013-07-05,12:02:45,1ho5od,2568,US President Barack Obama has been urged to appear in front of the European Parliament to explain the allegations that US authorities spied on EU embassies.,bbc.co.uk,http://www.bbc.co.uk/democracylive/europe-23168097
2013-07-05,20:38:51,1hoprm,2107,"Tech firms including Microsoft are said to voluntarily give advanced warning to the US government of vulnerabilities in software products sold to governments overseas before they are patched, allowing US agencies to effectively use them to conduct foreign surveillance.",theverge.com,http://www.theverge.com/2013/7/4/4493178/tech-ties-to-us-intelligence-agencies
2013-07-05,09:39:28,1hny5t,1818,CIA whistleblower to Snowden: ‘Do not cooperate with the FBI’,rt.com,http://rt.com/usa/kiriakou-snowden-letter-leak-618/
2013-07-05,22:56:10,1hovac,1628,Egypt army opens fire on pro-Morsi protesters - Middle East - Al Jazeera English,aljazeera.com,http://www.aljazeera.com/news/middleeast/2013/07/20137542647286931.html#.UdbQbTvhVRw.reddit
2013-07-05,09:16:13,1hnwws,1569,Icelandic parliament refuses to grant Snowden citizenship.,translate.google.com,http://translate.google.com/translate?sl=auto&tl=en&js=n&prev=_t&hl=en&ie=UTF-8&u=http%3A%2F%2Fwww.dv.is%2Ffrettir%2F2013%2F7%2F4%2Fmeira-kjarkleysid-og-aumingjadomur%2F&act=url
2013-07-05,21:00:51,1hoqhk,1276,Egypt: 80 sexual assaults in one day – the other story of Tahrir Square,guardian.co.uk,http://www.guardian.co.uk/world/2013/jul/05/egypt-women-rape-sexual-assault-tahrir-square
2013-07-05,15:54:25,1hogvd,1260,"South American leaders demand apology in plane row - The presidents of Argentina, Ecuador, Suriname, Venezuela and Uruguay joined Morales in the Bolivian city of Cochabamba late Thursday to address the diplomatic row. Morales warned that he would close the U.S. Embassy in Bolivia if necessary.",gazette.com,http://gazette.com/south-american-leaders-demand-apology-in-plane-row/article/feed/19813
2013-07-05,17:42:09,1hokis,1243,"France rejects Snowden's application for citizenship. ""If Snowden enters France, the police would be compelled to arrest and extradite him""",lemonde.fr,http://www.lemonde.fr/technologies/article/2013/07/04/la-france-rejette-la-demande-d-asile-de-snowden_3442740_651865.html
2013-07-05,21:05:51,1hoqo3,1010,Spain Claims It Was 'Told' Snowden Was On Morales' Flight,latino.foxnews.com,http://latino.foxnews.com/latino/politics/2013/07/05/spain-claims-it-was-told-snowden-was-on-morales-flight/
2013-07-05,20:16:15,1hop2f,919,"Rupert Murdoch upset that he's been paying off the press for years, and all of a sudden people are having a problem with it",guardian.co.uk,http://www.guardian.co.uk/media/2013/jul/03/rupert-murdoch-secret-tape-mp
2013-07-05,23:31:42,1hox71,867,"For US, Assistance Given to Snowden Is No Trifling Matter: US sends strong message that whoever takes in the NSA whistleblower 'will face serious repercussions'",commondreams.org,http://www.commondreams.org/headline/2013/07/04
2013-07-05,03:49:15,1hncj8,856,Forcing down Evo Morales's plane was an act of air piracy,guardian.co.uk,http://www.guardian.co.uk/commentisfree/2013/jul/04/forcing-down-morales-plane-air-piracy
2013-07-05,22:57:15,1hovcl,512,"Early in Obama's first term, some 78 percent of Germans saw the US as ""a country that could be trusted."" This week, though, following revelations of large-scale US spying in Europe and vast Internet surveillance, that trust has taken a hit.",spiegel.de,http://www.spiegel.de/international/germany/german-trust-in-us-lowest-level-since-bush-years-after-nsa-scandal-a-909584.html
2013-07-05,12:31:19,1ho77j,369,"EU votes to support suspending U.S. data sharing agreements, including passenger flight data",zdnet.com,http://www.zdnet.com/eu-votes-to-support-suspending-u-s-data-sharing-agreements-including-passenger-flight-data-7000017677/
2013-07-05,01:12:11,1hn1jz,361,Russia criticises European states for 'unfriendly' diversion of Bolivian president Morales' plane,telegraph.co.uk,http://www.telegraph.co.uk/news/worldnews/europe/russia/10160170/Russia-criticises-European-states-for-unfriendly-diversion-of-Bolivian-president-Morales-plane.html
2013-07-05,22:11:53,1hot9c,303,India passes worlds largest Food Security bill,bbc.co.uk,http://www.bbc.co.uk/news/world-asia-india-23193390
2013-07-05,10:36:49,1ho14b,304,US sends Irish Government arrest warrant for Snowden - Move a pre-emptive strike to stop fugitive intelligence analyst landing at Shannon on way to Cuba,irishtimes.com,http://www.irishtimes.com/news/us-sends-government-arrest-warrant-for-snowden-1.1453364
2013-07-05,20:39:25,1hops8,259,China and Russia start largest-ever joint military drills,ndtv.com,http://www.ndtv.com/article/world/china-russia-in-largest-ever-joint-naval-drills-388177
2013-07-05,01:01:30,1hn0t9,223,Snowden latest: France officially rejects application for asylum by Edward Snowden,thelocal.fr,http://www.thelocal.fr/20130704/french-minister-objects-to-asylum-for-snowden
2013-07-05,09:33:34,1hnxum,189,US Image In World Slips As Conflicts Deflate Obama Euphoria,nbcpolitics.nbcnews.com,http://nbcpolitics.nbcnews.com/_news/2013/07/03/19268887-us-image-in-world-slips-as-conflicts-deflate-obama-euphoria
2013-07-05,02:29:47,1hn70c,177,Russia increasingly impatient over Snowden's airport stay.,reuters.com,http://www.reuters.com/article/2013/07/04/us-usa-security-russia-idUSBRE9630IV20130704
2013-07-05,19:02:31,1homwc,169,Morsi's final days – the inside story. Egypt's first freely elected president found himself isolated and abandoned by allies as even his guards simply stepped away,guardian.co.uk,http://www.guardian.co.uk/world/2013/jul/05/morsi-final-days-egypt-president
2013-07-05,10:55:10,1ho21g,143,A German politician wants the judge hearing the criminal case against US spying to summon whistleblower Edward Snowden from Russia to appear as a witness in the case.,thelocal.de,http://www.thelocal.de/national/20130704-50697.html
2013-07-05,05:28:09,1hnj4q,129,Nelson Mandela in a 'vegetative state',smh.com.au,http://www.smh.com.au/world/nelson-mandela-in-a-vegetative-state-20130705-2pfh3.html
2013-07-05,10:09:12,1hnzph,100,Bolivia threatens to close US embassy.,aljazeera.com,http://www.aljazeera.com/news/americas/2013/07/2013750140492261.html
2013-07-05,00:15:43,1hmxru,84,China hit by largest-ever algae bloom,phys.org,http://phys.org/news/2013-07-china-largest-ever-algae-bloom.html
