2013-01-13,00:03:54,16fus8,2330,Mexico City has emerged as an aspiring environmental model citizen in recent years as the left-leaning local government has introduced everything from barter markets for recyclables to bicycle-sharing arrangements to zero emissions bus corridors.. And the air is cleaner.,green.blogs.nytimes.com,http://green.blogs.nytimes.com/2013/01/11/in-its-clean-air-marathon-mexsicko-city-turns-a-corner/
2013-01-13,22:56:34,16hqpq,1932,"Wal-Mart paid bribes as it sought to build in the shadow of one of Mexico’s most revered cultural landmarks, the pyramids of Teotihuacán.",nytimes.com,http://www.nytimes.com/video/2012/12/17/business/100000001950744/how-wal-mart-conquered-teotihuacan.html
2013-01-13,14:53:20,16hcn4,1867,"Cuba opens the gates, hoping for a trickle, not a flood:  Under a new policy that takes effect Monday, any Cuban with a valid passport will be able to leave the country.
",globalpost.com,http://www.globalpost.com/dispatch/news/regions/americas/cuba/130111/cuba-travel-passport-restrictions-exit-visa
2013-01-13,00:31:19,16fw59,1589,"Roads melt, gas evaporates in Australia's unprecedented heat wave
",npr.org,http://www.npr.org/2013/01/11/169172194/roads-melt-gas-evaporates-in-australias-unprecedented-heat-wave
2013-01-13,20:13:03,16hlyx,1167,India police arrest 6 in new bus gang-rape,cbc.ca,http://www.cbc.ca/news/world/story/2013/01/13/india-bus-rape.html
2013-01-13,11:03:17,16gzye,1161,"World's oldest woman, Koto Okubo, dies at age 115 in Japan | The Japan Times Online",japantimes.co.jp,http://www.japantimes.co.jp/text/nn20130113a4.html#.UPIjpQhZBo4.reddit
2013-01-13,19:45:36,16hlbz,1089,Goldman bonuses set to total $13bn,telegraph.co.uk,http://www.telegraph.co.uk/finance/newsbysector/banksandfinance/9797957/Goldman-bonuses-set-to-total-13bn.html
2013-01-13,23:52:25,16ht1m,592,Brits rate immigration as society’s biggest issue,rt.com,http://rt.com/news/britain-immigration-society-issue-912/
2013-01-13,22:28:48,16hppv,295,"""A portable hard drive containing personal information of more than half a million people who received student loans has gone missing . . . Human Resources and Skills Development Canada says the device disappeared from an HRSDC office in Gatineau, Que., in early November [2012].""",cbc.ca,http://www.cbc.ca/news/canada/story/2013/01/11/hard-drive-missing-student-loans.html
2013-01-13,22:22:59,16hpij,287,French drive back Mali Islamists ,theaustralian.com.au,http://www.theaustralian.com.au/news/world/french-drive-back-mali-islamists/story-e6frg6so-1226553113664
2013-01-13,19:51:56,16hlge,292,Here's What It's Like To Get An Abortion In An Increasingly Pious Turkey,worldcrunch.com,http://www.worldcrunch.com/culture-society/here-039-s-what-it-039-s-like-to-get-an-abortion-in-an-increasingly-pious-turkey/pregnancy-health-women-039-s-rights-hospital/c3s10595/#.UPKfrInjlRw
2013-01-13,11:41:45,16h29u,188,"Israeli forces evict West Bank Palestinian outpost, despite Israel’s High Court preventing the government from doing so.",rt.com,http://rt.com/news/israeli-evict-palestinian-camp-babalshams-884/
2013-01-13,08:58:12,16gs7q,188,Binyamin Netanyahu 'wasted $3bn on Iranian attack plan'. Israel's former prime minister Ehud Olmert accuses Israeli PM of preparing for war that never took place,guardian.co.uk,http://www.guardian.co.uk/world/2013/jan/13/binyamin-netanyahu-plan-attack-iran
2013-01-13,00:10:30,16fv4i,175,Kenya President Rejects Lavish Pay for Legislators: Kenya's President has vetoed legislation in which members of parliament gave themselves a hefty send-off package,nytimes.com,http://www.nytimes.com/aponline/2013/01/12/world/africa/ap-af-kenya-legislator-pay.html
2013-01-13,00:25:31,16fvu9,170,"Beijing entombed in smog, airborne particles up to 800 micrograms, elderly women & children told to stay indoors",google.com,http://www.google.com/hostednews/afp/article/ALeqM5hGvTOUmsuQTZk1oiriVAnth9bvCQ?docId=CNG.6442d7ef40753a78fd3356388fabbf06.691
2013-01-13,07:03:36,16gksg,127,France on alert for backlash as air assault on Mali rebels kills 100,guardian.co.uk,http://www.guardian.co.uk/world/2013/jan/12/mali-somalia-france-rebels-islamist-francois-hollande
2013-01-13,06:19:13,16ghwf,128,"UN urges global move to meat and dairy-free diet -
Lesser consumption of animal products is necessary to save the world from the worst impacts of climate change, UN report says",guardian.co.uk,http://www.guardian.co.uk/environment/2010/jun/02/un-report-meat-free-diet
2013-01-13,19:54:31,16hlim,74,Services Like Car and Bike Sharing Boost Global Sharing Economy - Barter Economy Matures from Niche to Trend,spiegel.de,http://www.spiegel.de/international/germany/services-like-car-and-bike-sharing-boost-global-sharing-economy-a-876711.html
2013-01-13,03:09:30,16g5h6,70,"Vatican: Children should have mom, dad after Italy high court upholds custody for gay mother
",washingtonpost.com,http://www.washingtonpost.com/national/on-faith/vatican-children-should-have-mom-dad-after-italy-high-court-upholds-custody-for-gay-mother/2013/01/12/9f0a0974-5ce8-11e2-b8b2-0d18a64c8dfa_story.html?tid=sm_btn_reddit
2013-01-13,19:53:40,16hlhy,50,When Dad Lives In Jail: A Soft New German Way For Kids To Visit Prisoner Parents,worldcrunch.com,http://www.worldcrunch.com/page-4/culture-society/when-dad-lives-in-jail-a-soft-new-german-way-for-kids-to-visit-prisoner-parents/nuremberg-treffpunkt-father-family-prison-children/c3s10505/#.UPKgIYnjlRw
2013-01-13,02:24:46,16g2lu,46,"Domestic violence single greatest cause of harm, says top Met police officer ",guardian.co.uk,http://www.guardian.co.uk/society/2013/jan/12/domestic-violence-greatest-cause-harm
2013-01-13,12:09:04,16h3vc,40,18 killed in failed French raid to free Somalia hostage,nation.com.pk,http://www.nation.com.pk/pakistan-news-newspaper-daily-english-online/national/13-Jan-2013/18-killed-in-failed-french-raid-to-free-somalia-hostage
2013-01-13,18:58:54,16hkaf,36,Thousands of Russians rally on Sunday in condemnation of the Russian Parliament’s move to ban adoption of Russian children by American families,nytimes.com,http://www.nytimes.com/2013/01/14/world/europe/thousands-of-russians-rally-against-adoption-ban.html
2013-01-13,08:55:01,16grzo,33,Bolivians demand the right to chew coca leaves. ,guardian.co.uk,http://www.guardian.co.uk/world/2013/jan/13/bolivia-drugs-row-chew-coca
2013-01-13,11:59:50,16h3bu,33,"Lenin’s tomb should stay in Red Square, Putin says ",washingtonpost.com,http://www.washingtonpost.com/world/europe/lenins-tomb-should-stay-in-red-square-putin-says/2013/01/12/670c9fbe-5b53-11e2-88d0-c4cf65c3ad15_story.html
2013-01-13,22:16:47,16hpap,32,"Egyptian president: ""Jews are apes and pigs"".   Stay classy.   ",forbes.com,http://www.forbes.com/sites/richardbehar/2013/01/11/news-flash-jews-are-apes-and-pigs-so-why-is-egypts-morsi-the-elephant-in-americas-newsrooms/
2013-01-13,06:03:57,16ggxf,34,Making petrol out of fresh air?,aljazeera.com,http://www.aljazeera.com/indepth/features/2013/01/2013110111039373166.html
2013-01-13,07:40:43,16gn9z,25,Extremists attend more than 200 university events - Telegraph,telegraph.co.uk,http://www.telegraph.co.uk/news/uknews/law-and-order/9796681/Extremists-attend-more-than-200-university-events.html
2013-01-13,11:59:58,16h3c3,31,"France bombs Mali rebels, African states ready troops
",reuters.com,http://www.reuters.com/article/2013/01/12/us-mali-rebels-idUSBRE90912Q20130112
2013-01-13,13:37:03,16h8wt,27,"On Scale of 0 to 500, Beijing’s Air Quality Tops ‘Crazy Bad’ at 755",nytimes.com,https://www.nytimes.com/2013/01/13/science/earth/beijing-air-pollution-off-the-charts.html
