2013-02-25,18:15:58,196pe7,2988,Norwegian prison where inmates are treated like people has the lowest reoffending rate in Europe,guardian.co.uk,http://www.guardian.co.uk/society/2013/feb/25/norwegian-prison-inmates-treated-like-people
2013-02-25,08:28:30,195tdq,2519, A helicopter swooped down on a prison courtyard Sunday as armed men on board fired on guards and lowered a rope to help a convicted killer make his fourth attempt to escape from a Greek prison.,hosted.ap.org,http://hosted.ap.org/dynamic/stories/E/EU_GREECE_ESCAPE_FOILED?SITE=RIPAW&SECTION=HOME&TEMPLATE=DEFAULT
2013-02-25,23:00:32,196zqo,2457,"Iran calls Oscar for 'Argo,' awarded by Michelle Obama, an ad for CIA",globalpost.com,http://www.globalpost.com/dispatches/globalpost-blogs/hollyworld/iran-oscar-argo-michelle-obama-cia-hostage-1979
2013-02-25,07:57:21,195rb1,2111,Long-lost continent found under the Indian Ocean: Sand from Mauritian beaches reveals rock from ancient landmass.,nature.com,http://www.nature.com/news/long-lost-continent-found-under-the-indian-ocean-1.12487
2013-02-25,13:01:12,196bz8,1667,South Korea's Park Geun-Hye is sworn in as nation's first female president,bbc.co.uk,http://www.bbc.co.uk/news/world-asia-21570512
2013-02-25,03:06:00,1956wr,1647,Afghanistan's first female mayor proves critics wrong. Azra Jafari has won respect in her community as she fights to improve lives and change attitudes towards women,guardian.co.uk,http://www.guardian.co.uk/world/2013/feb/24/afghanistan-first-female-mayor
2013-02-25,19:54:45,196s6n,1246,Horse meat found in Ikea's Swedish meatballs,bigstory.ap.org,http://bigstory.ap.org/article/horse-meat-found-ikeas-swedish-meatballs
2013-02-25,10:13:11,1960jc,1035,U.S. Confronts Cyber-Cold War With China,nytimes.com,http://www.nytimes.com/2013/02/25/world/asia/us-confronts-cyber-cold-war-with-china.html?pagewanted=all&_r=0
2013-02-25,22:26:10,196xy7,606,Bangladesh Moves To Ban Main Islamic Party: Bangladesh's parliament has amended a law to allow the prosecution of the country's largest Islamic party Jamaat-e-Islami for war crimes and also eventually ban it.,india.nydailynews.com,http://india.nydailynews.com/newsarticle/273426e056f650d5922ff4c9c2ab544a/bangladesh-moves-to-ban-main-islamic-party
2013-02-25,23:54:15,1972ua,515,"An energy revolution is taking place in East Africa as the price of solar technology tumbles and huge resources of geothermal steam beneath the Great Rift Valley start to be exploited, moves which have the potential to lift millions out of poverty and cut greenhouse gas emissions",bbc.co.uk,http://www.bbc.co.uk/news/world-africa-21549380#?utm_source=twitterfeed&utm_medium=twitter
2013-02-25,23:26:45,19715k,421,"In ground-breaking move, S. Africa steps in over alleged Zimbabwe mass rapes",theglobeandmail.com,http://www.theglobeandmail.com/news/world/mugabes-party-facing-south-african-probe-over-rape-allegations/article9016480/
2013-02-25,13:31:51,196dyf,408,Muslims Torch and Loot 200 Hindu Homes in West Bengal.,chakranews.com,http://www.chakranews.com/muslims-torch-and-loot-200-hindu-homes-in-west-bengal/3645
2013-02-25,11:40:32,1966kh,366,"Greece: ""A promise from the army has been obtained to not intervene against a civil uprising"" - says ex-diplomat",newstatesman.com,http://www.newstatesman.com/world-affairs/2013/02/greece-promise-army-has-been-obtained-not-intervene-against-civil-uprising
2013-02-25,15:20:10,196jmp,321,Putin signs law banning smoking in public in Russia,bbc.co.uk,http://www.bbc.co.uk/news/world-europe-21571418
2013-02-25,16:26:39,196m37,133,Iceland’s Plan to Ban Internet Porn Sparks Uproar,world.time.com,http://world.time.com/2013/02/25/icelands-plan-to-ban-internet-porn-sparks-uproar/
2013-02-25,22:22:12,196xr8,123,"Italy Election: Bersani Ahead in Exit Polls, Berlusconi Trailing By Over 5%",bbc.co.uk,http://www.bbc.co.uk/news/world-europe-21574116
2013-02-25,03:08:36,19573p,108,Chinese Communist Party leaders plan first central government overhaul in half a decade: new leaders will this week consider plans to revamp the central government as part of efforts to streamline bureaucracy and boost an economy that's recovering from the slowest growth in 13 years,bloomberg.com,http://www.bloomberg.com/news/2013-02-24/china-s-new-leaders-plan-first-government-overhaul-in-five-years.html
2013-02-25,10:33:35,1961wi,101,Syria - The death of a country,economist.com,http://www.economist.com/news/leaders/21572193-syria-disintegrates-it-threatens-entire-middle-east-outside-world-needs-act?spc=scode&spv=xm&ah=9d7f7ab945510a56fa6d37c30b6f1709
2013-02-25,04:00:16,195an0,98,Eyewitnesses have come forward for the first time to support allegations that the Sri Lankan army executed two Tamil Tiger rebel leaders after they surrendered with a white flag in '09. This adds to a growing body of evidence of war crimes committed by the Sri Lankan military.,independent.co.uk,http://www.independent.co.uk/news/world/asia/witnesses-support-claim-that-sri-lanka-army-shot-prisoners-8508617.html
2013-02-25,19:05:40,196qrz,89,BBC News - Cardinal Keith O'Brien steps down as Archbishop,bbc.co.uk,http://www.bbc.co.uk/news/uk-21572724
2013-02-25,08:15:18,195shs,89,Raúl Castro to step down as president in 2018,guardian.co.uk,http://www.guardian.co.uk/world/2013/feb/24/raul-castro-cuba-president-resignation
2013-02-25,03:50:39,1959za,75,An underwater “Grand Canyon” has been discovered in images captured by a Royal Navy survey vessel in the Red Sea. These features could be the result of ancient rivers scouring through the rock strata before the Red Sea flooded millennia ago.,independent.co.uk,http://www.independent.co.uk/news/world/africa/navy-finds-underwater-grand-canyon-8508642.html
2013-02-25,13:27:28,196dow,71,"From Bullets to Bistros: the Mexico City Miracle -- Even as drug war violence encroaches, a sharp drop in crime over the past decade has changed the culture of Mexico's capital.",theatlantic.com,http://www.theatlantic.com/international/archive/2013/02/from-bullets-to-bistros-the-mexico-city-miracle/272870/
2013-02-25,03:31:05,1958lu,61,German Catholic Church to allow emergency contraception for rape victims ,nytimes.com,http://www.nytimes.com/2013/02/22/world/europe/germany-morning-after-pill-allowed-for-the-victims-of-rape-bishops-say.html?_r=0
2013-02-25,23:10:19,197089,53,"Poet in Qatar sentenced to 15 years in prison for encouraging the overthrow of the government. Muhammad al-Ajami recited the allegedly seditious poem as part of a ""poetry duel"" with another Qatari poet.",aljazeera.com,http://www.aljazeera.com/news/middleeast/2013/02/201322511513435579.html
2013-02-25,14:21:26,196gsn,52,"Chinese hackers seen as increasingly professional, methodical, as they plunder Web for secrets. 'China has consistently denied state-sponsored hacking, but experts say the office hours that the cyberspies keep point to a professional army rather than mere hobbyists inspired by patriotic passions'",washingtonpost.com,http://www.washingtonpost.com/world/asia_pacific/chinese-hackers-seen-as-increasingly-professional-methodical-as-they-plunder-web-for-secrets/2013/02/25/17ca5258-7f10-11e2-a671-0307392de8de_story.html?tid=sm_btn_reddit
2013-02-25,12:07:00,1968gb,55,Indonesia's Palm Oil Blues Spreading to Africa: Report,thejakartaglobe.com,http://www.thejakartaglobe.com/home/indonesias-palm-oil-blues-spreading-while-growers-hit-congo-report/573476
2013-02-25,19:34:16,196rkx,50,Cardinal O'Brien resigns amid allegations of inappropriate contact; will not sit in conclave.,guardian.co.uk,http://www.guardian.co.uk/world/2013/feb/25/cardinal-keith-obrien-resigns?CMP=twt_gu
2013-02-25,23:01:55,196ztc,48,"Korean restaurant owner's food is so spicy, it sent 13 people to the emergency room after they passed out.",globalpost.com,http://www.globalpost.com/dispatch/news/regions/asia-pacific/south-korea/130213/korean-food-spicy
2013-02-25,21:58:27,196wqg,46,"Scotland's Roman Catholic archbishop, mired in abuse claim, resigns",cnn.com,http://www.cnn.com/2013/02/25/world/europe/vatican-archbishop-resigns/index.html?hpt=hp_t1
