2013-09-20,00:29:17,1mprpc,3731,"Pope Francis says Catholic Church too “obsessed” with abortion, gay marriage and contraception.",nytimes.com,http://www.nytimes.com/2013/09/20/world/europe/pope-bluntly-faults-churchs-focus-on-gays-and-abortion.html?pagewanted=1&_r=0&smid=tw-share
2013-09-20,00:11:23,1mpqez,2681,"Pope Francis says the church should be “home for all” and not a “small chapel” focused on doctrine, orthodoxy and a limited agenda of moral teachings.",nytimes.com,http://www.nytimes.com/2013/09/20/world/europe/pope-bluntly-faults-churchs-focus-on-gays-and-abortion.html?_r=0
2013-09-20,22:00:42,1mrwjz,2465,"Mother given jail sentence for sending her son, named Jihad, to school wearing a T shirt with the words 'I am a bomb' and 'Born on 9/11' on it. She said it was a ""joke"".",thelocal.fr,http://www.thelocal.fr/20130920/jihad-9-11-jail-for-mother-over-sons-i-am-a-bomb-top
2013-09-20,17:20:28,1mrm5x,1940,He called climate change ‘crap’ – now Australia’s new Prime Minister abolishes watchdog,independent.co.uk,http://www.independent.co.uk/news/world/australasia/he-called-climate-change-crap--now-australias-new-prime-minister-abolishes-watchdog-8827627.html
2013-09-20,00:07:23,1mpq2u,1743,Evangelist Pat Robertson Exploited Post-Genocide Rwandans For Diamonds,thedailybeast.com,http://www.thedailybeast.com/articles/2013/09/07/doc-mission-congo-alleges-pat-robertson-exploited-post-genocide-rwandans-for-diamonds.html
2013-09-20,08:52:50,1mqu58,1209,A porpoise slaughter 7x larger than Taiji's 'The Cove' is about to begin.,takepart.com,http://www.takepart.com/article/2013/09/19/porpoise-iwate-japan-hunt-bigger-than-cove-taiji-japan?cmpid=ef-reddit
2013-09-20,00:28:56,1mprof,1202,"""In the Netherlands today, local ISPs are arguing that not only is DNS and IP address blocking both disproportionate and ineffective, but denies subscribers free access to information and runs counter to an EU ruling against filtering the Internet""",torrentfreak.com,http://torrentfreak.com/pirate-bay-blocking-orders-should-be-overturned-under-eu-law-isps-argue-130919/
2013-09-20,21:52:24,1mrw3z,1042,Kenya poachers to be named and shamed online.,bbc.co.uk,http://www.bbc.co.uk/news/world-africa-24161541
2013-09-20,21:49:14,1mrvyn,864,Smoking to be banned in UK prisons in 2014,thetimes.co.uk,http://www.thetimes.co.uk/tto/news/uk/crime/article3874053.ece
2013-09-20,17:25:26,1mrmbm,589,British Spy Agency GCHQ Hacked Belgian Telecoms Firm,spiegel.de,http://www.spiegel.de/international/europe/british-spy-agency-gchq-hacked-belgian-telecoms-firm-a-923406.html
2013-09-20,00:12:19,1mpqhg,565,"Pope Francis: Church can't ""interfere"" with gays",religion.blogs.cnn.com,http://religion.blogs.cnn.com/2013/09/19/pope-francis-church-cant-interfere-with-gays/?hpt=hp_t2
2013-09-20,19:19:49,1mrpwf,514,"2,000-Yr-Old Warrior Grave & 5 Spears Found in England at Site Soon to be Golf Clubhouse—The warrior was a member of the Catuvellauni tribe from the time of the Roman conquest of Britain.",gazette-news.co.uk,http://www.gazette-news.co.uk/news/10677948._/
2013-09-20,03:05:17,1mq3rz,470,5.3 magnitude earthquake near Fukushima nuclear plant,rt.com,http://rt.com/news/fukushima-plant-quake-nuclear-094/
2013-09-20,11:48:44,1mr65n,403,Tunisian girls return home pregnant after ‘sexual jihad’ in Syria,english.alarabiya.net,http://english.alarabiya.net/en/variety/2013/09/20/Tunisia-says-sexual-jihadist-girls-returned-home-from-Syria-pregnant.html
2013-09-20,19:26:11,1mrq4m,282,"Due to the economic crisis, some ex-prisoners are committing crimes to get back into prison.",digitaljournal.com,http://digitaljournal.com/article/358661
2013-09-20,16:08:44,1mrjll,166,NASA Curiosity Rover Detects No Methane on Mars. A huge blow in hope on finding life on the planet's surface.,jpl.nasa.gov,http://www.jpl.nasa.gov/news/news.php?release=2013-285
2013-09-20,07:21:04,1mqncp,165,President of Iran Hassan Rouhani Op-Ed In Washington Post: Time to engage,washingtonpost.com,http://www.washingtonpost.com/opinions/president-of-iran-hassan-rouhani-time-to-engage/2013/09/19/4d2da564-213e-11e3-966c-9c4293c47ebe_story.html
2013-09-20,21:46:22,1mrvt8,158,France erupts over manslaughter charges against jeweller who killed robber,independent.co.uk,http://www.independent.co.uk/news/world/europe/france-erupts-over-manslaughter-charges-against-jeweller-who-killed-robber-8822144.html
2013-09-20,03:42:20,1mq6mk,125,5.8 Magnitude Earthquake hits Japan near the same Fukushima Nuclear Plant,reuters.com,http://www.reuters.com/article/2013/09/19/japan-quake-idUSL3N0HF3AR20130919
2013-09-20,00:21:56,1mpr6d,77,"Angered By The NSA, But Confused By Acronyms, Brazilian Hacker Defaces NASA Websites",techdirt.com,http://www.techdirt.com/articles/20130918/07151324566/angered-nsas-actions-brazilian-hacker-defaces-nasa-websites.shtml
2013-09-20,09:57:21,1mqyjs,74,France suggests it is ready to give weapons to Syrian rebels,reuters.com,http://www.reuters.com/article/idUSBRE98I18620130920
2013-09-20,01:36:22,1mpwtq,70,US judge accepts Halliburton's guilty plea for destroying evidence in Gulf oil spill probe.,edmontonjournal.com,http://www.edmontonjournal.com/business/Judge+review+Halliburtons+plea+deal+destroying+evidence+after/8931910/story.html
2013-09-20,05:14:26,1mqdgy,73,"Pope Wants 'Airport Bishops' Grounded: ""Pope Francis on Thursday [19 September 2013] lashed out at what he called the scandal of 'airport bishops', urging his peers to remain rooted in their dioceses and spend less time seeking the spotlight.""",france24.com,http://www.france24.com/en/20130919-pope-wants-airport-bishops-grounded
2013-09-20,04:16:12,1mq9be,66,"Children find 10 handcuffed, blindfolded corpses in Baghdad",reuters.com,http://www.reuters.com/article/2013/09/19/us-iraq-violence-corpses-idUSBRE98I0HP20130919
2013-09-20,20:28:13,1mrsdv,65,Member states of the UN nuclear agency voted down an Arab-backed resolution targeting the Jewish state for criticism over its clandestine nuclear weapons arsenal.,rt.com,http://rt.com/news/israel-nuclear-arabs-iaea-129/
2013-09-20,20:50:57,1mrt9t,66,President Obama may meet Iranian President Rouhani in NY!,rediff.com,http://www.rediff.com/news/report/thaw-in-us-iran-impasse-obama-may-meet-rouhani-in-ny/20130920.htm
2013-09-20,11:24:07,1mr4jz,59,US Denies Venezuela's President Airspace Access For China Trip,foxnews.com,http://www.foxnews.com/world/2013/09/19/us-denies-maduro-airspace-access-for-china-trip-venezuela/
2013-09-20,10:14:54,1mqzpm,55,"British Banks to block internet porn sites: Websites which fail to stop children accessing pornography will have payments to them blocked by banks and credit card companies as part of a government plan to help clean up the internet, The Telegraph has learnt.",telegraph.co.uk,http://www.telegraph.co.uk/finance/newsbysector/banksandfinance/10322072/Banks-to-block-internet-porn-sites.html
2013-09-20,20:33:21,1mrsl8,51,143 killed by extremists in Nigeria,apne.ws,http://apne.ws/1bvg1pn
2013-09-20,00:45:10,1mpsvy,52,Armed Russian guards 'storm' Arctic ship: Greenpeace,google.com,http://www.google.com/hostednews/afp/article/ALeqM5iC__4R3Au8WzxmuO7DX4_C94H52A?docId=CNG.f3b813c83565864ba6d2d2ae56dd28ec.691
