2013-01-11,10:28:02,16crr2,2131,"Saudi Arabia beheads young Sri Lankan maid, despite international campaign for clemency
",news.nationalpost.com,http://news.nationalpost.com/2013/01/09/saudi-arabia-beheads-young-sri-lankan-maid-despite-international-campaign-for-clemency/
2013-01-11,22:32:25,16dos1,1986,"Pakistan also has a rape problem. Days after the Delhi gang-rape victim died, 9-year-old in Pakistan beaten and raped by three men. In Pakistan, however, no one is talking about it.",globalpost.com,http://www.globalpost.com/dispatch/news/regions/asia-pacific/pakistan/130110/pakistan-delhi-gang-rape-india
2013-01-11,21:50:08,16dms2,1953,China Sends Fighter Jets To Meet Japan's F-15s In The East China Sea,businessinsider.com,http://www.businessinsider.com/china-fighter-jet-flights-diaoyu-senkaku-islands-2013-1
2013-01-11,05:48:42,16c72h,1779,Brazil prostitutes are planning to learn English before 2014 World Cup.,sports.nationalpost.com,http://sports.nationalpost.com/2013/01/09/brazil-prostitutes-are-planning-to-learn-english-before-2014-world-cup/
2013-01-11,03:55:19,16bxym,814,"String of bombings kill 101, injure 200 in Pakistan
",reuters.com,http://www.reuters.com/article/2013/01/10/us-pakistan-explosions-idUSBRE90911P20130110
2013-01-11,04:53:31,16c2lz,696,Zambia has banned the hunting of lions and leopards because of the rapid decline in its numbers of big cats.,bbc.co.uk,http://www.bbc.co.uk/news/world-africa-20969868
2013-01-11,01:00:41,16bl5b,593,"Outrage over beheading of Sri Lankan woman by Saudi Arabia...""she had not had access to lawyers during her pre-trial interrogation during which she said she was assaulted and forced to sign a confession under duress..."" - CNN.com",cnn.com,http://www.cnn.com/2013/01/10/world/meast/saudi-arabia-sri-lankan-maid/index.html?hpt=hp_bn2
2013-01-11,20:20:17,16djm6,530,"Most Russians and Pakistanis say they prefer a ‘strong ruler’ over democracy. ""Pew asked people in seven countries whether they prefer democratic government or one with a “strong” leader. The latter choice was more popular in only two countries: Pakistan and Russia.""",washingtonpost.com,http://www.washingtonpost.com/blogs/worldviews/wp/2013/01/11/most-russians-and-pakistanis-say-they-prefer-a-strong-ruler-over-democracy/?tid=socialss
2013-01-11,11:16:46,16cvam,434,"Pacific Bluefin Tuna Overfishing Has Led To 96 Percent Population Reduction, Study Says",huffingtonpost.com,http://www.huffingtonpost.com/2013/01/10/pacific-bluefin-tuna-overfishing_n_2448967.html?ncid=txtlnkushpmg00000040&ir=Green
2013-01-11,01:00:47,16bl5r,297,"Trapped killer whales escape ice, reach safety, hunters say - thestar.com",thestar.com,http://www.thestar.com/news/canada/article/1313073--trapped-killer-whales-escape-ice-reach-safety-hunters-say
2013-01-11,17:29:08,16demn,266,Irish Newspapers Want To Pass A Law That Would Allow Them To Charge Anyone Who Links To Their Articles,businessinsider.com,http://www.businessinsider.com/irish-newspapers-want-to-pass-a-law-that-would-allow-them-to-charge-anyone-who-links-to-their-articles-2013-1
2013-01-11,21:52:20,16dmvu,221,"What Happens When China Goes ""Gray""? - ""China’s pension system will have a U.S.$2.9 trillion gap between assets and liabilities by the end of 2013. By 2033 the gap is expected to reach U.S.$10.9 trillion, or 38.7% of GDP."" ",thediplomat.com,http://thediplomat.com/2013/01/11/has-china-become-an-entitlement-society-too/
2013-01-11,22:17:48,16do1u,185,Native Canadians protesting against forced subsidies in a campaign known as 'idle no more',o.canada.com,http://o.canada.com/2013/01/08/what-if-natives-stop-subsidizing-canada/
2013-01-11,18:53:42,16dh46,131,Japan's government has approved an economic stimulus package worth 10.3 trillion yen (£72bn) in an attempt to fix its economic crisis.,news.sky.com,http://news.sky.com/story/1036574/japan-unveils-huge-economic-stimulus-package
2013-01-11,15:53:48,16dbho,110,"The gang of men charged with the rape and murder of an Indian physiotherapy student deliberately tried to find a woman to rape and kill and ended the night with blood on their clothes, a police report seen by Reuters said.",reuters.com,http://www.reuters.com/article/2013/01/11/us-india-rape-charge-idUSBRE90A05G20130111
2013-01-11,21:42:34,16dmfb,74,Break-through in Saudi Arabia: women allowed in parliament,english.alarabiya.net,http://english.alarabiya.net/articles/2013/01/11/259881.html
2013-01-11,02:30:32,16brl3,70,Killer whales escape as Canada's Hudson Bay ice shifts,bbc.co.uk,http://www.bbc.co.uk/news/world-us-canada-20975536
2013-01-11,10:28:35,16crsm,67,"8,500-year-old human bones discovered in Istanbul (pics inside)",upi.com,http://www.upi.com/Science_News/2013/01/10/Neolithic-remains-found-in-Turkey/UPI-19241357866360/?spt=hs&or=sn
2013-01-11,07:03:11,16ccv1,59," The candy-colored steps of a staircase in Rio's bohemian neighborhood of Lapa were the life work of Chilean artist Jorge Selaron and a symbol of his adopted city. On this gray, rainy Thursday, they became his memorial. He was found dead on his masterpiece.",hosted.ap.org,http://hosted.ap.org/dynamic/stories/L/LT_BRAZIL_ARTISTS_DEATH?SITE=RIPAW&SECTION=HOME&TEMPLATE=DEFAULT
2013-01-11,01:03:34,16bldj,42,Archaeologists Uncover Clues to Why Vikings Abandoned Greenland ,spiegel.de,http://www.spiegel.de/international/zeitgeist/archaeologists-uncover-clues-to-why-vikings-abandoned-greenland-a-876626.html
2013-01-11,10:05:38,16cq4p,41,"UN calls for ""swift deployment"" of international troops to Mali",bbc.co.uk,http://www.bbc.co.uk/news/world-africa-20981837#TWEET516671
2013-01-11,03:48:25,16bxfj,37,"Concerns about the “only child” practice in China have been expressed before. Now researchers present new evidence that these children are less trusting, less competitive, more pessimistic, less conscientious and more risk-averse than people born before the policy was implemented.",washingtonpost.com,http://www.washingtonpost.com/world/asia_pacific/little-emperors-study-says-chinese-born-under-one-child-policy-cautious-less-competitive/2013/01/10/01321ebe-5b56-11e2-b8b2-0d18a64c8dfa_story.html
2013-01-11,03:17:59,16bv50,35,Paralyzed woman loses first Irish right-to-die case,news.yahoo.com,http://news.yahoo.com/terminally-ill-woman-loses-first-irish-die-case-113357932.html
2013-01-11,21:04:38,16dkzd,29,Hungarian Journalist Calls for Final Solution of Roma Issue ,spiegel.de,http://www.spiegel.de/international/europe/hungarian-journalist-calls-for-final-solution-of-roma-issue-a-876887.html
2013-01-11,20:16:39,16djht,27,Mysterious structures in China are likely factories  -  NBC News,msnbc.msn.com,http://www.msnbc.msn.com/id/50427272/ns/technology_and_science-science/#.UPACam99K8A
2013-01-11,14:50:17,16d8r2,27,18 Year Old Soldier Beaten to Death in Azerbaijan,ireport.cnn.com,http://ireport.cnn.com/docs/DOC-908635
2013-01-11,16:52:04,16ddjj,27,China's one-child policy impact analysed,bbc.co.uk,http://www.bbc.co.uk/news/science-environment-20976432
2013-01-11,11:02:01,16cu82,25,Latest exoplanet discovery is a virtual CLONE of Earth,theregister.co.uk,http://www.theregister.co.uk/2013/01/10/exoplanet_clone_of_earth/
2013-01-11,14:23:09,16d7d6,23,Rhino poaching in South Africa reaches record levels:  Figures from the South African government indicate that poaching for rhinoceros has increased substantially in the last year.,bbc.co.uk,http://www.bbc.co.uk/news/science-environment-20971182
2013-01-11,01:51:51,16bopl,28,"""A collector of vintage photography equipment got an extra bonus when he picked up a French camera at an antique store: never-before-seen images circa World War I France.""",news.yahoo.com,http://news.yahoo.com/blogs/lookout/world-war-photos-found-inside-antique-camera-203437991.html
