2013-05-21,19:40:25,1er94w,3662,India Bans Captive Dolphin Shows as ‘Morally Unacceptable’ - Says they're highly intelligent & should be seen as ‘non-human persons’ with their own specific rights.,ens-newswire.com,http://ens-newswire.com/2013/05/20/india-bans-captive-dolphin-shows-as-morally-unacceptable/
2013-05-21,07:36:40,1eq3g5,2638,Intelligence reports confirm that China is quietly encouraging regime change in North Korea and is grooming Kim's older brother Kim Jong-nam to take over his role when Kim Jong-un's control over the country crumbles.,dw.de,http://www.dw.de/is-china-seeking-regime-change-in-north-korea/a-16813176
2013-05-21,08:01:19,1eq5er,2007,Teen dies after hiding embarrassing testicle lump,news.ninemsn.com.au,http://news.ninemsn.com.au/world/2013/05/17/12/40/teen-dies-after-hiding-embarrassing-testicle-lump
2013-05-21,02:38:12,1epey4,1724,Preschools may get right to bar unvaccinated children,nzherald.co.nz,http://www.nzherald.co.nz/world/news/article.cfm?c_id=2&objectid=10884958
2013-05-21,01:02:56,1ep7nf,1211,A retired Church of England priest has been found guilty of a catalogue of historic sex attacks on young children has been jailed for 10 years,belfasttelegraph.co.uk,http://www.belfasttelegraph.co.uk/news/local-national/uk/expriest-jailed-for-sex-attacks-29281153.html
2013-05-21,21:32:45,1erdhk,675,Large majorities in the Muslim world want the Islamic legal and moral code of sharia as the official law in their countries,reuters.com,http://www.reuters.com/article/2013/04/30/us-islam-views-survey-idUSBRE93T0TK20130430
2013-05-21,01:04:34,1ep7s7,628,China demands North Korea release captured Chinese.,nytimes.com,http://www.nytimes.com/2013/05/21/world/asia/north-korea-china-fishing-crew-boat.html
2013-05-21,17:48:43,1er5nr,467,"British police officers will be forced to name any friends who work in the media, or else face the sack, under new guidelines",telegraph.co.uk,http://www.telegraph.co.uk/news/uknews/law-and-order/10070053/Police-to-be-forced-to-declare-friendships-with-journalists.html
2013-05-21,06:47:53,1epzfe,421,Worldwide Protests Against Monsanto Scheduled For May 25th,occupy-monsanto.com,http://occupy-monsanto.com/tag/march/
2013-05-21,11:46:29,1eqn88,413,North Korea releases Chinese fishing crew.,uk.reuters.com,http://uk.reuters.com/article/2013/05/21/uk-korea-north-china-idUKBRE94K04420130521
2013-05-21,01:21:20,1ep924,387,Nazi Swastika Flag Raised Near Palestinian Mosque,algemeiner.com,http://www.algemeiner.com/2013/05/20/nazi-flag-adorned-with-swastika-spotted-flying-over-palestinian-town-photos/
2013-05-21,11:39:10,1eqmoc,385,'WikiLeaks' founder Julian Assange said that he has received a series of unclassified instant message exchanges from UK intelligence officials suggesting that he is being framed.',commondreams.org,http://www.commondreams.org/headline/2013/05/20-3
2013-05-21,04:25:48,1epnh7,382,Eddie Izzard: Two more tours and I’ll be mayor - Izzard will seek Labour's nomination to run in the 2020 London Mayoral Election,expressandstar.com,http://www.expressandstar.com/weekend/2013/05/03/eddie-izzard-two-more-tours-and-ill-be-mayor/ediie2/
2013-05-21,07:55:41,1eq4yu,340,Climber's phone call from Everest 'illegal',news.ninemsn.com.au,http://news.ninemsn.com.au/world/2013/05/21/06/48/nepal-investigating-everest-call
2013-05-21,22:37:37,1ergtz,281,"Catholic Church takes on reproductive rights in Philippines, risks further alienation. ""We know (greater access to birth control) will just snowball later on. After this, they will file bills for divorce, euthanasia, abortion, and homosexual marriages.""",globalpost.com,http://www.globalpost.com/dispatch/news/regions/asia-pacific/philippines/130520/catholic-church-reproductive-rights-law
2013-05-21,18:55:12,1er7n2,251,Residents of a western Mexico area who endured months besieged by a drug cartel cheered the arrival of hundreds of Mexican soldiers Monday. [x-post from /r/worldevents],newsday.com,http://www.newsday.com/news/world/besieged-mexican-town-cheers-arrival-of-soldiers-1.5303450
2013-05-21,21:26:50,1erd8a,176,[UK] Tory Lord beleives Gay marriage bill may lead to 'lesbian queen and artificially inseminated heir' | He beleives the legislation could allow him to marry his son to escape inheritance tax,guardian.co.uk,http://www.guardian.co.uk/society/2013/may/21/tebbit-gay-marriage-lesbian-queen
2013-05-21,05:51:52,1epunw,174,Church of Scotland votes to allow gay ministers,bbc.co.uk,http://www.bbc.co.uk/news/uk-scotland-22580322
2013-05-21,01:29:38,1ep9pd,172,Russian spacecraft returns to Earth with most of its furry crew dead,arstechnica.com,http://arstechnica.com/science/2013/05/russian-spacecraft-returns-to-earth-with-most-of-its-furry-crew-dead/
2013-05-21,00:10:35,1ep3yc,131,"Iran Hangs Men Convicted Of Spying For U.S., Israel",huffingtonpost.com,http://www.huffingtonpost.com/2013/05/19/iran-spies-hanged-cia-israel_n_3301758.html?ir=World
2013-05-21,15:24:40,1er0lj,127,"B.C. police find first counterfeits of new 100$ polymer bills, meant to be impossible to have counterfeits",o.canada.com,http://o.canada.com/2013/05/16/new-westminster-police-issue-warning-after-two-recent-cases-of-fake-new-100-bills/
2013-05-21,19:16:47,1er8bo,113,Syria and Israel in exchange of fire,bbc.co.uk,http://www.bbc.co.uk/news/world-middle-east-22608489
2013-05-21,02:30:45,1epecc,67,"Tunisia topless Femen activist arrested for 'immoral gestures': ""Our society is Muslim and we do not accept this marginal behaviour""",heraldsun.com.au,http://www.heraldsun.com.au/news/world/tunisia-femen-activist-arrested-for-immoral-gestures/story-fni0xs61-1226647278502
2013-05-21,19:25:50,1er8nn,66,"UK signals support for EU import of Canadian tar sands oil: Leaked papers show UK rejects proposal to classify oil from tar sands as highly polluting, a label that would deter EU countries from importing it",guardian.co.uk,http://www.guardian.co.uk/environment/2013/may/15/uk-signals-support-eu-import-tar-sands
2013-05-21,11:15:34,1eqkth,57,Homeless Melbourne girl 'gang-raped',news.ninemsn.com.au,http://news.ninemsn.com.au/national/2013/05/20/18/10/homeless-melbourne-girl-gang-raped
2013-05-21,05:49:32,1epugj,46,U.N. predicts 98% of Indonesia’s forest area could be destroyed by 2022,thediplomat.com,http://thediplomat.com/2013/05/19/can-ecotourism-save-indonesias-disappearing-forests/?all=true
2013-05-21,01:34:32,1epa2h,43,China considering banning outdoor barbecuing in order to improve air quality,theatlantic.com,http://www.theatlantic.com/china/archive/2013/05/chinas-latest-environmental-initiative-banning-outdoor-barbeque/275844/
2013-05-21,03:02:14,1epgvx,42,"Peru spares Amazon rainforest from oil and gas push: New hydrocarbon sites will all be offshore, but campaigners fear contentious oil and gas development in Amazon will still go ahead",guardian.co.uk,http://www.guardian.co.uk/environment/andes-to-the-amazon/2013/may/14/peru-amazon-rainforest-oil-gas
2013-05-21,06:52:25,1epztt,42,Top UK doctors warn: 'We cannot guarantee safe care for patients anymore',independent.co.uk,http://www.independent.co.uk/news/uk/politics/top-ae-doctors-warn-we-cannot-guarantee-safe-care-for-patients-anymore-8624513.html
2013-05-21,08:10:42,1eq64m,36,Curiosity rover drills second Mars rock,news.com.au,http://www.news.com.au/breaking-news/world/curiosity-rover-drills-second-mars-rock/story-e6frfkui-1226647334236
