2013-07-24,23:00:20,1iyf61,3210,"Technologically illiterate MP who masterminded UK porn blocker get hacked, threatens reporter for writing about it",boingboing.net,http://boingboing.net/2013/07/24/technologically-illiterate-mp.html
2013-07-24,19:28:01,1iy56f,3059,"David Cameron's ""porn advisor"" website hacked - her reaction is to libel and threaten the journalist reporting the story.",ministryoftruth.me.uk,http://www.ministryoftruth.me.uk/2013/07/24/cameron-porn-advisors-website-hacked-threatenslibels-blogger/
2013-07-24,03:35:05,1iwfbh,2897,US And Russia Simultaneously Announce Intent To Arm Opposing Sides In Syria,finance.yahoo.com,http://finance.yahoo.com/news/us-russia-simultaneously-announce-intent-145729405.html
2013-07-24,01:20:34,1iw4a7,2838,Snowden Gets Whistleblower Award in Germany,themoscowtimes.com,http://www.themoscowtimes.com/news/article/snowden-gets-whistleblower-award-in-germany/483527.html
2013-07-24,00:41:12,1iw16q,2561,"'I request you, whether you are in the developing world or the developed, to treat corruption at par with war, and terror.' -Anonymous",qr.ae,http://qr.ae/IyOne
2013-07-24,10:24:46,1ixc7t,2388,Yemeni girl's speech against child marriage goes viral - Eleven year-old says she escaped forced marriage by fleeing her parents.,stream.aljazeera.com,http://stream.aljazeera.com/story/201307232138-0022928
2013-07-24,23:42:09,1iyhwy,1195,"Iran invites Snowden to visit and ""elaborate"" on U.S. spying practices",washingtonpost.com,http://www.washingtonpost.com/blogs/worldviews/wp/2013/07/24/iran-belatedly-invites-snowden-to-visit-elaborate-on-u-s-spying-practices/
2013-07-24,18:46:40,1iy3ux,862,"Canada's Alberta Oil Sands Have Been Leaking for 9 Weeks - ""Nobody really understands how to stop it from leaking, or if they do they haven’t put the measures into place."" Impacted area spans some 30 acres, with dozens of animals killed & some 60,000 lbs of contaminated vegetation removed so far.",motherjones.com,http://www.motherjones.com/blue-marble/2013/07/alberta-oil-sands-have-been-leaking-six-weeks-and-no-one-knows-how-stop-it
2013-07-24,22:08:15,1iyc03,777,"Snowden is preparing for a life in Russia: applying for asylum, looking for a job. He may stay there permanently.",washingtonpost.com,http://www.washingtonpost.com/blogs/worldviews/wp/2013/07/24/snowden-said-to-be-preparing-for-a-life-in-russia-maybe-permanently/
2013-07-24,06:25:47,1iwu3a,488,China is no longer a low-labor-cost environment. The increases in labor cost are now faster than economic growth.,washingtonpost.com,http://www.washingtonpost.com/blogs/on-leadership/wp/2013/07/22/gazing-into-the-future-of-american-business-in-china/
2013-07-24,23:24:22,1iygpt,487,"The police is trying to hide, but Video of Clashes in Brazil Appears to Show Police Infiltrators Among Protesters",thelede.blogs.nytimes.com,http://thelede.blogs.nytimes.com/2013/07/24/video-of-clashes-in-brazil-appears-to-show-police-infiltrators-among-the-protesters/?_r=3&
2013-07-24,21:15:54,1iy9ev,411,"Nazi-themed café sparks global outrage: ""We're living in Indonesia and Indonesians weren't tortured in the Holocaust, so we don't really care""",thelocal.de,http://www.thelocal.de/society/20130720-50965.html
2013-07-24,19:30:04,1iy598,302,UK cops and spook agencies wrongly fingered five people as criminals after seizing data about their communications,theregister.co.uk,http://www.theregister.co.uk/2013/07/19/interception_communications_commissioner_report_2012/
2013-07-24,21:29:46,1iya3o,286,"Spain police arrested 25 members of the Hells Angels motorcycle gang, including Europe leader",washingtonpost.com,http://www.washingtonpost.com/world/europe/spain-police-say-25-hells-angels-arrested-_-including-europe-leader-_-on-mallorca-island/2013/07/24/47fcabe2-f459-11e2-81fa-8e83b3864c36_story.html
2013-07-24,22:22:44,1iycts,262,"Extremists Attack Montenegro's First Gay Pride -- Several hundred extremists shouting ""Kill the gays"" attacked gay activists and clashed with police on Wednesday in a bid to disrupt the first ever pride event in staunchly conservative Montenegro, which is seeking to join the EU",abcnews.go.com,http://abcnews.go.com/International/wireStory/extremists-attack-montenegros-gay-pride-19756514
2013-07-24,21:13:19,1iy9an,253,Hunt on for Japanese serial killer who leaves Haiku clues,independent.co.uk,http://www.independent.co.uk/news/world/asia/japan-hunt-on-for-serial-killer-who-left-a-haiku-clue-8728842.html
2013-07-24,21:58:06,1iybhq,200,"Hundreds of men who took up arms against President Bashar al-Assad are defecting back to the government side, The Telegraph has learnt.",telegraph.co.uk,http://www.telegraph.co.uk/news/worldnews/middleeast/syria/10198632/Syria-disillusioned-rebels-drift-back-to-take-Assad-amnesty.html
2013-07-24,16:39:59,1ixzho,147,Hijacked cyanide truck still missing,news24.com,http://www.news24.com/SouthAfrica/News/Hijacked-cyanide-truck-still-missing-20130724
2013-07-24,07:28:02,1iwyzq,131,Dubai boss gets 'rape' mail after firing Norwegian rape victim who was imprisoned in Dubai,albawaba.com,http://www.albawaba.com/editorchoice/dubai-boss-gets-rape-mail-after-firing-norwegian-rape-victim-who-was-imprisoned-dubai-5
2013-07-24,04:12:36,1iwipo,86,Israeli Cabinet Approves Bill to Draft Ultra-Orthadox Jews,bloomberg.com,http://www.bloomberg.com/news/2013-07-07/israeli-cabinet-approves-bill-to-draft-ultra-orthodox-jews.html
2013-07-24,07:03:24,1iwx2w,60,Hunt on for Serial Killer in Japan who leaves Haiku Clue: “Setting on fire/ Smoke gives delight/ To a country fellow.”,independent.ie,http://www.independent.ie/world-news/asia-pacific/hunt-on-for-serial-killer-in-japan-who-leaves-haiku-clue-29443115.html
2013-07-24,05:08:52,1iwno6,50,"Bulgarian Parliament Blockaded by Protesters, 109 People Trapped Inside",novinite.com,http://www.novinite.com/view_news.php?id=152283
2013-07-24,15:13:16,1ixvjt,48,"GM crops: campaigners in Ghana accuse US of pushing modified food. From farmers to MPs, debate over seed ownership and the role of foreign influences on agriculture is causing divisions in Ghana",guardian.co.uk,http://www.guardian.co.uk/global-development/2013/jul/24/gm-crops-ghana-us-genetically-modified-food?
2013-07-24,10:33:50,1ixcx2,43,"Syrian rebels defect to government — Disillusioned by the Islamist twist that the ""revolution"" has taken growing numbers of rebels are signing up to a negotiated amnesty",watoday.com.au,http://www.watoday.com.au/world/syrian-rebels-defect-to-government-20130724-2qig1.html
2013-07-24,01:48:35,1iw6fl,45,Snowden plans to settle and work in Russia – lawyer to RT,rt.com,http://rt.com/news/snowden-work-russia-lawyer-482/
2013-07-24,04:24:03,1iwjrh,41,"Mother jailed for three years for honor killing daughter, 16, after dispute about phone messages",dutchnews.nl,http://www.dutchnews.nl/news/archives/2013/07/mother_jailed_for_three_years.php
2013-07-24,10:09:50,1ixb4b,41,"The ‘Metal Brotherhood’: Israeli and Palestinian bands rock out - The Israeli band Orphaned Land and Palestinian group Khalas both believe that music is above politics, religion and conflict and should bring people together.",english.alarabiya.net,http://english.alarabiya.net/en/variety/2013/07/23/The-Metal-Brotherhood-Israeli-and-Palestinian-rockers-unite.html
2013-07-24,17:04:32,1iy0e7,36,Column: Let's keep Syria's blood off America's hands,m.usatoday.com,http://m.usatoday.com/article/news/2578667
2013-07-24,06:52:49,1iww7x,32,Russian Media: Snowden Checked Out of Hotel,blog.foreignpolicy.com,http://blog.foreignpolicy.com/posts/2013/07/23/snowden_continues_disappearing_act_checks_out_of_hotel
2013-07-24,06:33:28,1iwuq6,30,Dutch Tourists Jailed Under Russia's 'Gay Propaganda' Law,huffingtonpost.com,http://www.huffingtonpost.com/2013/07/22/dutch-tourists-jailed-russia-gay_n_3635803.html
