2013-03-17,22:54:34,1agrh9,2654,Greek footballer Giorgos Katidis banned for life from national team for celebrating goal with Nazi salute,bbc.co.uk,http://www.bbc.co.uk/news/world-europe-21822165
2013-03-17,12:06:21,1ag56c,2549,Pope Francis: 'I would like to see a church that is poor and is for the poor',guardian.co.uk,http://www.guardian.co.uk/world/2013/mar/16/pope-francis-church-poverty
2013-03-17,17:31:32,1aghob,2297,North Korea Threatens Japan with Attack,voanews.com,http://www.voanews.com/content/north-korea-threatens-japan-with-attack/1623026.html
2013-03-17,19:03:41,1agjuh,1483,China is spending $250 billion per year on Education,nextbigfuture.com,http://nextbigfuture.com/2013/03/china-is-spending-250-billion-per-year.html
2013-03-17,14:45:57,1agcw8,1317,"Titanic violin, the instrument played by bandmaster as the ship sank, has been found.",bbc.co.uk,http://www.bbc.co.uk/news/uk-england-wiltshire-21806334
2013-03-17,23:12:14,1agsbv,922,"One of France's best-known criminal lawyers, Olivier Metzner, has been found dead",bbc.co.uk,http://www.bbc.co.uk/news/world-europe-21823506
2013-03-17,20:54:43,1agmtk,742,"World poverty is shrinking rapidly, new index reveals",feeds.guardian.co.uk,http://feeds.guardian.co.uk/~r/theguardian/rss/~3/r3fqBUlzKLY/aid-trade-reduce-acute-poverty
2013-03-17,02:00:57,1af362,589,"U.N. development chief slams War on Drugs: Helen Clark, a former health minister, says criminalizing drugs has created more problems than it has solved",salon.com,http://www.salon.com/2013/03/15/un_development_chief_slams_war_on_drugs_partner/
2013-03-17,06:43:42,1aflg0,446,Hundreds of dinosaur egg fossils found.,science.nbcnews.com,http://science.nbcnews.com/_news/2013/03/16/17339424-hundreds-of-dinosaur-egg-fossils-found?lite
2013-03-17,03:58:11,1afapq,417,"Russian fundamentalists sue U.S., want Alaska back",en.rian.ru,http://en.rian.ru/russia/20130316/180055377.html
2013-03-17,20:33:42,1agm50,358,Ancient Chinese coin found on Kenyan island by Field Museum expedition,phys.org,http://phys.org/news/2013-03-ancient-chinese-coin-kenyan-island.html
2013-03-17,17:54:49,1agi84,337,Two Australian MPs slam Israel's treatment of Palestinians; Labor MP compares former occupation of Lebanon with Nazi Germany.,jpost.com,http://www.jpost.com/LandedPages/PrintArticle.aspx?id=306563
2013-03-17,06:50:26,1aflwk,262,"Muslim Brotherhood decries UN Commission on Women for gutting family values by promoting ideas like ""Sharing of roles within the family between men and women"", ""Granting equal rights to homosexuals"" and ""Cancelling the need for a husband’s consent in matters like: travel, work"" [official statement]",ikhwanweb.com,http://www.ikhwanweb.com/article.php?id=30731
2013-03-17,22:58:44,1agros,240,Kuwait approves 'racist' segregation of medical care - Healthcare,arabianbusiness.com,http://www.arabianbusiness.com/kuwait-approves-racist-segregation-of-medical-care--493373.html#.UUXaBxyLCSo
2013-03-17,22:13:59,1agpoj,200,5 arrested in India in connection with rape of Swiss tourist,ctvnews.ca,http://www.ctvnews.ca/world/5-arrested-in-india-in-connection-with-rape-of-swiss-tourist-1.1199039
2013-03-17,23:45:26,1agu2r,169,"BBC News - Pakistan's Ashraf government makes history: Pakistan's PM has hailed as ""a victory"" for democracy the completion of a full term by an elected government for the first time in the country's history",bbc.co.uk,http://www.bbc.co.uk/news/world-asia-21820217#.UUXlAOdiI7Q.reddit
2013-03-17,08:19:24,1afre9,166,"Canadians are major customers in Cuba’s child sex market: Canada is lax when it comes to stopping its sex offenders from going to Cuba and preying on underage prostitutes.
",thestar.com,http://www.thestar.com/news/gta/2013/03/16/canadians_are_major_customers_in_cubas_child_sex_market.html
2013-03-17,00:42:03,1aey5m,162,Suspected Sudanese war criminal 'who shot so many people he lost count' lives unsupervised and on benefits in Britain (x-post from /r/Darfur),dailymail.co.uk,http://www.dailymail.co.uk/news/article-2292673/Suspected-Sudanese-war-criminal-shot-people-lost-count-lives-unsupervised-benefits-Britain.html
2013-03-17,00:29:23,1aexfl,152,Pakistan Government Steps Down,nytimes.com,http://www.nytimes.com/2013/03/17/world/asia/pakistan-government-steps-down-with-elections-due.html
2013-03-17,13:03:43,1ag8ah,127,N Korea warns world of nuclear war breakout ,theaustralian.com.au,http://www.theaustralian.com.au/news/world/n-korea-warns-world-of-nuclear-war-breakout/story-fnb64oi6-1226599154462
2013-03-17,04:31:19,1afcuu,122, British police are investigating an estimated 600 new allegations of phone hacking at Rupert Murdoch's now defunct News of the World newspaper,huffingtonpost.com,http://www.huffingtonpost.com/2013/03/16/news-of-the-world-hacking-600-murdoch_n_2887051.html
2013-03-17,04:57:39,1afeih,107,"Israel PM Netanyahu signs coalition deal: For the first time in a decade, the governing coalition will not contain any Ultra-Orthodox groups",bbc.co.uk,http://www.bbc.co.uk/news/world-middle-east-21805415
2013-03-17,05:45:12,1afhp5,95,Syria conflict: General 'defects to rebels',bbc.co.uk,http://www.bbc.co.uk/news/world-middle-east-21817201
2013-03-17,21:02:35,1agn3u,90,"Activist, who works with disabled children, 'shocked' at conviction for yelling at Prime Minister David Cameron",feeds.guardian.co.uk,http://feeds.guardian.co.uk/~r/theguardian/rss/~3/cRbhUoIDKM8/activist-shocked-conviction-cameron-protest
2013-03-17,21:50:50,1agoqu,90,"Cyprus extends bank holiday through Tuesday, but ECB urges for action",ekathimerini.com,http://www.ekathimerini.com/4dcgi/_w_articles_wsite2_1_17/03/2013_488273
2013-03-17,03:29:25,1af8u1,76,"No Trading Nuclear Arms for Aid, North Korea Says",nytimes.com,http://www.nytimes.com/2013/03/17/world/asia/north-korea-says-nuclear-arms-arent-a-ploy.html?_r=0
2013-03-17,04:16:41,1afbu5,76,Argentina slams 'disrespectful' David Cameron for 'daring to rebuff' Pope over Falklands,telegraph.co.uk,http://www.telegraph.co.uk/news/worldnews/southamerica/argentina/9934810/Argentina-slams-disrespectful-David-Cameron-for-daring-to-rebuff-Pope-over-Falklands.html
2013-03-17,03:23:24,1af8ge,54,MSNBC host Alex Wagner: Fear of anti-Semitism charge inhibits 'robust discussion' about Israel,haaretz.com,http://www.haaretz.com/news/obama-visits-israel/msnbc-host-alex-wagner-fear-of-anti-semitism-charge-inhibits-robust-discussion-about-israel.premium-1.509790
2013-03-17,12:17:14,1ag5sc,53,"A short history of austerity: it almost never works. You have to be one of Vince Cable's 'austerity jihadists' to believe you can cut your way out of a slump
",guardian.co.uk,http://www.guardian.co.uk/commentisfree/2013/mar/11/austerity-almost-never-works
2013-03-17,12:05:30,1ag554,52,Bee deaths: EU delays action on pesticides ban,bbc.co.uk,http://www.bbc.co.uk/news/science-environment-21793365
