2013-12-01,00:24:29,1rs1m7,3844,"World's lawmakers endorse making political corruption a Crime Against Humanity, at United Nations UNCAC",trust.org,http://www.trust.org/item/20131129173618-0jev1/
2013-12-01,15:57:37,1rttob,3419,Pope sends Archbishop and Swiss guards onto the streets of Rome at night to comfort the poor and the homeless.,washingtonpost.com,http://www.washingtonpost.com/national/on-faith/pope-ramps-up-charity-office-to-be-near-poor-sick/2013/11/29/ac9cd9a6-58d0-11e3-bdbf-097ab2a3dc2b_story.html?tid=auto_complete
2013-12-01,21:43:05,1ru5cp,3401,"More than 100,000 demonstrators chased away police to rally in the center of Ukraine's capital on Sunday, defying a government ban on protests on Independence Square, in the biggest show of anger over the president's refusal to sign an agreement with the European Union.",hosted2.ap.org,http://hosted2.ap.org/APDEFAULT/3d281c11a96b4ad082fe88aa0db04305/Article_2013-12-01-Ukraine-Protest/id-e90d0874b0ef41449b23f90380892ee9
2013-12-01,09:57:51,1rt6h3,2632,Woman has child taken from her womb by social services - Telegraph,telegraph.co.uk,http://www.telegraph.co.uk/news/uknews/10486452/Woman-has-child-taken-from-her-womb-by-social-services.html?fb
2013-12-01,10:37:02,1rt991,2342,Indian Muslim females overwhelmingly reject Islamist attempt to lower marriage age for women,newindianexpress.com,http://newindianexpress.com/states/kerala/Marriage-age-A-big-no-from-Muslim-girls/2013/09/30/article1810692.ece?
2013-12-01,06:49:07,1rst4q,2082,"Leaked paper reveals UN split over war on drugs - Instead, a number of countries are pushing for the ""war on drugs"" to be seen in a different light, which places greater emphasis on treating drug consumption as a public health problem, rather than a criminal justice matter.",theguardian.com,http://www.theguardian.com/politics/2013/nov/30/un-drugs-policy-split-leaked-paper
2013-12-01,03:59:04,1rsglm,1115,"Mangalyaan, India's Mars Orbiter, has successfully commenced its journey to Mars",isro.gov.in,http://www.isro.gov.in/mars/updates.aspx
2013-12-01,17:53:37,1rty0m,1019,"Thousands of Israelis took to the streets across the country Saturday to protest a government plan to displace some 40,000 Arab Bedouins from their lands.",online.wsj.com,http://online.wsj.com/article/BT-CO-20131130-701363.html?dsk=y
2013-12-01,15:01:19,1rtqxw,788,"Spies worry over ""doomsday"" cache stashed by ex-NSA contractor Snowden",reuters.com,http://www.reuters.com/article/2013/11/26/us-usa-security-doomsday-idUSBRE9AO0Y120131126
2013-12-01,00:05:42,1rs0i7,587,Life imprisonment of five out of six teachers for repeatedly raping a 19-year-old Untouchable girl student,news.outlookindia.com,http://news.outlookindia.com/items.aspx?artid=819173
2013-12-01,07:55:15,1rsxwc,512,The Richest World Leaders Are Even Richer Than You Thought,huffingtonpost.com,http://www.huffingtonpost.com/2013/11/29/richest-world-leaders_n_4178514.html?ncid=txtlnkushpmg00000037&ir=Politics
2013-12-01,03:56:34,1rsgf0,322,Starfish dying off in large numbers in two oceans,washingtonpost.com,http://www.washingtonpost.com/national/health-science/sea-stars-are-wasting-away-in-larger-numbers-on-a-wider-scale-in-two-oceans/2013/11/22/05652194-4be1-11e3-be6b-d3d28122e6d4_story.html?hpid=z7
2013-12-01,11:11:58,1rtbt2,273,"China's government ""declares victory"" in removing ""negativity and unruliness"" about China's government from the internet. The Government started an ""internet scrubbing"" program over the summer, arresting ""opinion leaders"" and stepping up government presence to ""control the message in cyberspace.""",abcnews.go.com,http://abcnews.go.com/Technology/wireStory/china-claims-victory-scrubbing-internet-21055948
2013-12-01,08:30:26,1rt0ct,264,Cayman Islands and Costa Rica agree to share bank account details with US - The alleged tax havens have signed agreements with the United States to tell the IRS about funds held offshore by Americans,theguardian.com,http://www.theguardian.com/world/2013/nov/29/cayman-costa-rica-us-tax
2013-12-01,02:31:00,1rsa9v,240,"INTERVIEW: “Predatory” development is threatening Brazil’s Amazon - Marina Silva. “The Amazon gives us rain and consequently all the water in this region. It’s like killing the chicken that lays the golden egg,” Silva said.",trust.org,http://www.trust.org/item/20131129100112-46uyj/
2013-12-01,22:56:47,1ru8ol,230,Israel's new opposition leader says he told Palestinian President Mahmoud Abbas that a clear majority in Israel supports a peace deal with the Palestinians and that his Labor Party will back any future agreement,bigstory.ap.org,http://bigstory.ap.org/article/israels-new-opposition-chief-meets-abbas
2013-12-01,08:49:43,1rt1r6,220,Britain targets Guardian newspaper over intelligence leaks related to Edward Snowden,washingtonpost.com,http://www.washingtonpost.com/world/europe/britain-targets-guardian-newspaper-over-intelligence-leaks-related-to-edward-snowden/2013/11/29/1ec3d9c0-581e-11e3-bdbf-097ab2a3dc2b_story.html?tid=sm_fb
2013-12-01,22:45:29,1ru84p,211,Germany: Berlin council votes to open first cannabis cafe,fb420.com,http://www.fb420.com/news/66-germany-berlin-council-votes-to-open-first-cannabis-cafe
2013-12-01,16:41:38,1rtvie,205,A Generation of US and UK War Veterans Are Being Silenced,vice.com,http://www.vice.com/en_uk/read/soldiers-in-the-military-are-being-gagged-for-speaking-out
2013-12-01,17:56:35,1rty3v,177,David Cameron distances UK from Dalai Lama and Tibet to woo Beijing,scmp.com,http://www.scmp.com/news/world/article/1369743/cameron-distance-united-kingdom-dalai-lama-and-tibet-issue
2013-12-01,20:26:29,1ru2kv,161,Turkey court brands swimming goggles 'weapons',dailystar.com.lb,http://www.dailystar.com.lb/News/Middle-East/2013/Nov-29/239358-turkey-court-brands-swimming-goggles-weapons.ashx
2013-12-01,02:53:25,1rsbv3,157,"Standing by Palestine, India opens visa service in Ramallah",hindustantimes.com,http://www.hindustantimes.com/news-feed/world/standing-by-palestine-india-opens-visa-service-in-ramallah/article1-1157094.aspx
2013-12-01,23:15:20,1ru9o1,116,"EU to Yanukovych: You're taking Ukraine ""nowhere"" - Lithuanian & German leaders rebuke Ukraine's Viktor Yanukovych over his u-turn on EU integration. Germany's Angela Merkel's brief encounter with the stony-faced Ukrainian chief was captured in a video.",euobserver.com,http://euobserver.com/foreign/122292
2013-12-01,22:31:40,1ru7i5,101,Ukrainian protesters warned against mass disorder. Clashes in Kyiv right now.,cbc.ca,http://www.cbc.ca/news/world/ukrainian-protesters-warned-against-mass-disorder-1.2446907
2013-12-01,03:51:52,1rsg32,74,East African nations agree on monetary union to boost trade,aljazeera.com,http://www.aljazeera.com/news/africa/2013/11/east-african-nations-agree-monetary-union-20131130175336476127.html
2013-12-01,16:54:05,1rtvz4,62,"Pope Francis has ramped up the Vatican’s charity work, sending his chief alms-giver and a contingent of Swiss guards onto the streets of Rome at night to do what he usually can’t do: comfort the poor and the homeless.",washingtonpost.com,http://www.washingtonpost.com/national/on-faith/pope-ramps-up-charity-office-to-be-near-poor-sick/2013/11/29/ac9cd9a6-58d0-11e3-bdbf-097ab2a3dc2b_story.html
2013-12-01,00:56:03,1rs3nh,61,"Police, protesters clash in Israel's south at rally against Bedouin relocation",haaretz.com,http://www.haaretz.com/news/national/1.560995
2013-12-01,21:34:03,1ru4zh,63,"Over 100,000 defy protest ban in Ukraine - call for ouster of PM, president",aljazeera.com,http://www.aljazeera.com/news/europe/2013/12/tens-thousands-back-streets-kiev-2013121123920784539.html
2013-12-01,15:22:55,1rtrzn,58,"Iceland's Government to pay 24,000 euroes off each citizens home loan",rt.com,http://rt.com/news/iceland-debt-relief-measure-535/
2013-12-01,22:37:09,1ru7r9,45,"Foreign Customs: U.S. Supersedes Authority at German Airports, Seaports in Name of ‘War on Terror’",international.sueddeutsche.de,http://international.sueddeutsche.de/post/67352724412/foreign-customs-u-s-supersedes-authority-at-german
