2013-12-18,19:31:18,1t5ugl,3739,Bitcoin loses almost 50% of its value overnight as China's largest exchange blocks new deposits,theguardian.com,http://www.theguardian.com/technology/2013/dec/18/bitcoin-plummets-china-payment-processors-digital-cryptocurrency
2013-12-18,23:43:43,1t68pn,3687,"Edward Snowden: “These Programs Were Never About Terrorism: They’re About Economic Spying, Social Control, and Diplomatic Manipulation. They’re About Power”",washingtonsblog.com,http://www.washingtonsblog.com/2013/12/programs-never-terrorism-theyre-economic-spying-social-control-diplomatic-manipulation-theyre-power.html
2013-12-18,09:20:32,1t4ud4,3626,Swiss banks are quietly warning wealthy U.S. clients with secret accounts to come clean with the tax man in the next two weeks — or risk jail time,politico.com,http://www.politico.com/story/2013/12/switzerland-banks-united-states-tax-dodgers-department-of-justice-101211.html
2013-12-18,22:50:39,1t64nk,3287,"An Iraqi policeman gave his own life Wednesday in an attempt to protect Shiite pilgrims, embracing a suicide bomber just moments before an attack to shield others from the blast.",dailystar.com.lb,http://www.dailystar.com.lb/News/Middle-East/2013/Dec-18/241541-iraq-policeman-sacrifices-himself-to-save-pilgrims.ashx
2013-12-18,00:36:26,1t3ikg,3161,"Pope Francis makes move to weaken the ultraconservative arm of the Vatican's Congregation for Bishops by removing two American's, including Raymond Burke, known for denying communion to abortion rights politicians.",jsonline.com,http://www.jsonline.com/news/religion/pope-francis-removes-former-la-crosse-bishop-raymond-burke-b99165146z1-236134851.html
2013-12-18,01:07:10,1t3lad,2812,"Snowden: 'I Would Rather Be without a State than without a Voice': Open letter to Brazilian people is a testimony of continued purpose, not a quid pro quo",commondreams.org,http://www.commondreams.org/headline/2013/12/17-0
2013-12-18,02:34:46,1t3sx4,2507,Merkel compares NSA to Stasi in heated encounter with Obama,theguardian.com,http://www.theguardian.com/world/2013/dec/17/merkel-compares-nsa-stasi-obama
2013-12-18,17:32:39,1t5pzq,2442,Great Barrier Reef approved for extensive dredging by the Australian government - 3 million cubic metres of seabed to be dumped,theguardian.com,http://www.theguardian.com/environment/southern-crossroads/2013/dec/15/great-barrier-reef-destruction-abbot-point-greg-hunt
2013-12-18,13:25:50,1t5dxp,2382,"With a Quota of 1,035 Whales, the Japanese Whaling Fleet Was Only Able to Take 103 Thanks to the Sea Shepherd Society",blog.seattlepi.com,http://blog.seattlepi.com/seattlepolitics/2013/12/09/civil-disobedience-on-steroids-a-500-ton-ship-blocks-an-8000-ton-whaler/
2013-12-18,02:39:47,1t3tcs,1996,Edward Snowden doesn’t show up once in Google’s list of top 2013 searches,washingtonpost.com,http://www.washingtonpost.com/blogs/the-switch/wp/2013/12/17/edward-snowden-doesnt-show-up-once-in-googles-list-of-top-2013-searches/
2013-12-18,18:42:55,1t5ska,1089,NSA's goal is elimination of individual privacy worldwide - Greenwald to EU,rt.com,http://rt.com/news/greenwald-eu-parliament-testimony-424/
2013-12-18,20:56:25,1t5xz0,967,"European food regulators said on Tuesday that a class of pesticides linked to the deaths of large numbers of honey bees might also harm human health, and recommended that the European Commission further restrict their use.",nytimes.com,http://www.nytimes.com/2013/12/18/business/international/europe-warns-of-human-risk-from-insecticides.html
2013-12-18,23:19:59,1t66sv,347,Scientists cut million-year natural process to convert algae into crude oil to about an hour.,rawstory.com,http://www.rawstory.com/rs/2013/12/18/scientists-cut-million-year-natural-process-to-convert-algae-into-crude-oil-to-about-an-hour/
2013-12-18,22:15:20,1t6286,303,How Wind Met All of Denmark’s Electricity Needs for 90 Hours,thecontributor.com,http://thecontributor.com/environment/how-wind-met-all-denmark%E2%80%99s-electricity-needs-90-hours
2013-12-18,23:44:06,1t68qp,266,"Sweden's experiment with private, for-profit schools and voucher systems is failing",reuters.com,http://www.reuters.com/article/2013/12/10/sweden-schools-idUSL4N0JK32620131210
2013-12-18,12:41:11,1t5ase,256,President Obama Chooses Gay Athletes to Represent Sochi Olympics Delegation,bleacherreport.com,http://bleacherreport.com/articles/1893014-president-obama-chooses-gay-athletes-to-represent-sochi-olympics-delegation?utm_source=cnn.com&utm_medium=referral&utm_campaign=cnn-sports-bin&hpt=hp_bn15
2013-12-18,00:52:29,1t3jz3,242,Edward Snowden's 'open letter to the Brazilian people' – in full,theguardian.com,http://www.theguardian.com/world/2013/dec/17/edward-snowden-letter-brazilian-people
2013-12-18,21:22:08,1t5z7y,237,"Pope Francis' Christmas message: ""Place ourselves at the service of the poor""",abcnews.go.com,http://abcnews.go.com/International/pope-francis-delivers-christmas-message-place-service-poor/story?id=21254841
2013-12-18,18:26:56,1t5rzu,222,"Jailed Pussy Riot members could be freed on Thursday, officials say",theguardian.com,http://www.theguardian.com/music/2013/dec/18/jailed-pussy-riot-russian-amnesty?CMP=twt_gu
2013-12-18,02:53:50,1t3uni,219,Merkel compared NSA to Stasi in heated encounter with Obama - German chancellor furious after revelations US intelligence agency listened in on her personal mobile phone.,theguardian.com,http://www.theguardian.com/world/2013/dec/17/merkel-compares-nsa-stasi-obama?CMP=twt_gu
2013-12-18,02:58:32,1t3v2m,196,"Study of Fracking water pollution: increases health risks, interferes with people's response to male hormones & oestrogen, scientists warn.",theguardian.com,http://www.theguardian.com/environment/2013/dec/17/fracking-increase-health-risks-hormone
2013-12-18,00:21:56,1t3hcm,180,"UK citizens born in the 1960s and ’70s will be the first pensioners since WWII to be worse off than their parents, a study has shown.",rt.com,http://rt.com/news/uk-pensioners-live-worse-367/?utm_source=browser&amp;utm_medium=aplication_chrome&amp;utm_campaign=chrome
2013-12-18,17:38:19,1t5q7f,170,Don’t call them drones: RAF launches charm offensive for ‘unmanned aircraft’ - One of the first journalists allowed into Britain’s top secret drone base reports on its remote Afghan missions,independent.co.uk,http://www.independent.co.uk/news/uk/home-news/dont-call-them-drones-raf-launches-charm-offensive-for-unmanned-aircraft-9011467.html
2013-12-18,23:05:13,1t65o3,153,"German scientists use ""molecular scissors"" to cut HIV out of living cells",thelocal.de,http://www.thelocal.de/20131218/germans-cut-hiv-out-of-infected-cell-dna
2013-12-18,22:46:01,1t64bl,146,Ian Watkins gets 35 year sentence and the two mothers involved in the case also convicted and will serve over 10 years each. One Police officer also suspended due to gross misconduct,bbc.co.uk,http://www.bbc.co.uk/news/uk-wales-25412675
2013-12-18,23:52:00,1t69bw,128,"Samples of mainland China rice were found to contain excessive levels of a harmful metal, cadmium, according to tests by the Consumer Council showed.",thestandard.com.hk,http://www.thestandard.com.hk/news_detail.asp?we_cat=4&art_id=140646&sid=41145751&con_type=1
2013-12-18,00:16:40,1t3gwa,127,Mixed-race Miss France winner sparks racist backlash online,stream.aljazeera.com,http://stream.aljazeera.com/story/201312112329-0023248
2013-12-18,10:40:47,1t512s,109,World’s biggest technology companies call on President Obama to reform NSA’s surveillance operations.,independent.co.uk,http://www.independent.co.uk/life-style/gadgets-and-tech/news/worlds-biggest-technology-companies-call-on-president-obama-to-reform-nsas-surveillance-operations-9011616.html
2013-12-18,08:14:35,1t4opm,92,South Sudan clashes 'kill 400-500',bbc.co.uk,http://www.bbc.co.uk/news/world-africa-25425453
2013-12-18,18:22:59,1t5rv2,86,What a picture says about power in North Korea,bbc.co.uk,http://www.bbc.co.uk/news/world-asia-25398936?
