2013-05-26,06:25:07,1f1rhd,2214,Nearly two-thirds of people in the UK believe there will be a 'clash of civilisations' between British Muslims and white Britons,guardian.co.uk,http://www.guardian.co.uk/uk/2013/may/25/woolwich-attack-islam/
2013-05-26,16:59:58,1f2ni7,2080,Thousands of Muslims gather in London to condemn murder of soldier Lee Rigby,belfasttelegraph.co.uk,http://www.belfasttelegraph.co.uk/news/local-national/uk/thousands-of-muslims-gather-in-london-to-condemn-murder-of-soldier-lee-rigby-29294815.html
2013-05-26,02:20:37,1f1cmq,2073,"French Soldier stabbed in the neck in Paris, reportedly by man of North African descent.",reuters.com,http://www.reuters.com/article/2013/05/25/us-france-stabbing-idUSBRE94O09420130525
2013-05-26,07:30:44,1f1vh2,1996,"BBC News - Brazil 'to write off' almost 900M in African debt. ""Brazil has announced that it will cancel or restructure almost $900m (£600m) worth of debt with Africa.""",bbc.co.uk,http://www.bbc.co.uk/news/world-latin-america-22669331
2013-05-26,21:39:16,1f2ui3,1698,Canadian mine giant Barrick fined a record $16.4M in Chile. Native population complains of cancerous growths and aching stomachs,cbc.ca,http://www.cbc.ca/news/business/story/2013/05/25/chile-barrick-fine.html
2013-05-26,02:14:43,1f1cal,1592,"David Simon, creator of The Wire: drug war is ""a holocaust in slow motion""",guardian.co.uk,http://www.guardian.co.uk/world/2013/may/25/the-wire-creator-us-drug-laws
2013-05-26,20:09:43,1f2s41,1473,Islamists kill 21 in suicide attacks in Niger,reuters.com,http://www.reuters.com/article/2013/05/23/us-niger-attacks-idUSBRE94M14W20130523
2013-05-26,22:34:43,1f2wa0,1465,A woman awaiting a transplant for a rare condition that has destroyed her kidneys had her operation cancelled at the 11th hour because the Government refused to pay for the drug she needs to prevent the organ being rejected,independent.co.uk,http://www.independent.co.uk/life-style/health-and-families/health-news/at-what-cost-lifesaving-drug-withheld-8632371.html
2013-05-26,22:40:27,1f2whs,877,Millions march against GM crops: Organisers celebrate huge global turnout and say they will continue until Monsanto and other GM manufacturers listen,guardian.co.uk,http://www.guardian.co.uk/environment/2013/may/26/millions-march-against-monsanto
2013-05-26,18:19:29,1f2pio,660,Bosnian Shepherd Strangles Brown Bear Barehanded,en.ria.ru,http://en.ria.ru/world/20130526/181349047/Bosnian-Shepherd-Strangles-Brown-Bear-Barehanded---TV.html
2013-05-26,16:29:48,1f2mmw,524,Russia will deliver S-300 system if Israel strikes again,haaretz.com,http://www.haaretz.com/news/diplomacy-defense/report-russia-halts-sale-of-s-300-missile-system-to-syria-1.525981?localLinksEnabled=false
2013-05-26,10:18:21,1f24ym,474,Robert Mugabe's darkest secret: An £800bn blood diamond mine run with China's Red Army.,dailymail.co.uk,http://www.dailymail.co.uk/news/article-1313123/Robert-Mugabes-darkest-secret-An-800bn-blood-diamond-run-Chinas-Red-Army.html
2013-05-26,01:13:28,1f18sv,453,"Under Hamas, No More Coed Classes in Gaza",m.theatlantic.com,http://m.theatlantic.com/international/archive/2013/05/under-hamas-no-more-coed-classes-in-gaza/276163/
2013-05-26,02:09:48,1f1c02,443,Attacks on Muslims soar in wake of Woolwich murder,guardian.co.uk,http://www.guardian.co.uk/uk/2013/may/25/woolwich-murder-attacks-on-muslims
2013-05-26,04:55:10,1f1m3f,415,Muslims Demand Germany 'Make Islam Equal to Christianity',clarionproject.org,http://www.clarionproject.org/analysis/muslims-demand-germany-make-islam-equal-christianity
2013-05-26,18:51:26,1f2q8l,334,"Terrorists in India attack government convoy, kill 17",thestar.com,http://www.thestar.com/news/world/2013/05/25/suspected_indian_maoist_rebels_attack_congress_party_convoy_killing_17.html
2013-05-26,09:35:47,1f22lx,337,Millions of Protesters around the world march against Monsanto,usatoday.com,http://www.usatoday.com/story/news/world/2013/05/25/global-protests-monsanto/2361007/
2013-05-26,08:46:04,1f1zqu,296,"Proposed law to protect Afghan women faces backlash. 'The drama erupted when a female legislator brought the bill before parliament May 16 and a group of conservative male lawmakers vehemently objected, saying it was contrary to Islam and Afghan culture'",washingtonpost.com,http://www.washingtonpost.com/world/asia_pacific/law-to-protect-afghan-women-faces-backlash/2013/05/25/3b47d1ea-c49f-11e2-9642-a56177f1cdf7_story.html
2013-05-26,03:39:39,1f1hgo,256,A French soldier on patrol in Paris has been stabbed in the throat by a man believed to be of North-African origin.,news.sky.com,http://news.sky.com/story/1095605/french-soldier-stabbed-in-neck-in-paris
2013-05-26,05:16:59,1f1neo,203,"Muslim: The doctrine of armed jihad against the ""kuffar"" (non-Muslims) is disingenuously denied by Islamic clerics and leaders.",huffingtonpost.ca,http://www.huffingtonpost.ca/tarek-fatah/uk-beheading-jihad-terror_b_3325363.html?utm_hp_ref=tw
2013-05-26,16:24:50,1f2mgp,195,Breaking the Taboo: Why the OAS Report on Alternatives to Drug Prohibition Is Such a Big Deal : The Organization of American States (OAS) released an unprecedented report last Friday that presents the most high-level discussion of alternatives to drug prohibition in history.,huffingtonpost.com,http://www.huffingtonpost.com/daniel-robelo/oas-drug-war-report_b_3326651.html?utm_hp_ref=drug-war
2013-05-26,02:01:47,1f1bjb,190,"VICE: We Watched the Stockholm Suburbs Burn - ""The riots must either have been one step ahead of us or maybe there were no riots at all, just a couple of bored and prolific arsonists.""",vice.com,http://www.vice.com/en_se/read/we-watched-the-stockholm-suburbs-burning
2013-05-26,00:47:41,1f17d2,169,"Bees have been battling bad weather, loss of habitat and possible pesticide effects but now keepers are facing a new threat - bee-rustling.",bbc.co.uk,http://bbc.co.uk/news/uk-wales-22660132
2013-05-26,05:02:46,1f1mj6,133,Four mosques attacked in Germany in 10 days,worldbulletin.net,http://www.worldbulletin.net/?aType=haber&ArticleID=109687
2013-05-26,15:54:20,1f2lf9,100,China to send more than 500 troops to Mali,scmp.com,http://www.scmp.com/news/china/article/1244515/china-send-more-500-troops-mali-contain-islamist-militants
2013-05-26,04:13:00,1f1jif,91,"Hezbollah officially enters Syrian civil war to save Assad: “It is our battle, and we are up to it”",nytimes.com,http://www.nytimes.com/2013/05/26/world/middleeast/syrian-army-and-hezbollah-step-up-raids-on-rebels.html?_r=0
2013-05-26,02:38:33,1f1dp9,77,French soldier stabbed on Paris street,worldnews.nbcnews.com,http://worldnews.nbcnews.com/_news/2013/05/25/18492563-french-soldier-stabbed-on-paris-street
2013-05-26,07:16:25,1f1ulu,76,British police arrest 3 more men in soldier's slaying,latimes.com,"http://www.latimes.com/news/world/worldnow/la-british-police-arrest-3-more-men-in-soldiers-slaying-20130525,0,5233857.story"
2013-05-26,18:42:30,1f2q0x,78,"Forbidden artist Ai Weiwei makes massive map of China named ""Baby Formula 2013""",behindthewall.nbcnews.com,http://behindthewall.nbcnews.com/_news/2013/05/25/18399790-forbidden-artist-ai-weiwei-makes-massive-map-of-china-out-of-baby-formula?lite
2013-05-26,07:03:46,1f1tv3,72,"Egyptian police aid in attack on Coptic Orthodox Cathedral, the Coptic equivalent to the Vatican",businessinsider.com,http://www.businessinsider.com/attack-at-st-marks-coptic-church-in-cairo-2013-4
