2013-07-26,08:58:14,1j2awz,3606,"The pornography filtering system praised by David Cameron is controlled by the controversial Chinese company Huawei, the BBC has learned.",bbc.co.uk,http://www.bbc.co.uk/news/technology-23452097
2013-07-26,22:41:45,1j3gps,3055,Putin press secretary: Russia will not extradite Snowden,abcnews.go.com,http://abcnews.go.com/International/wireStory/change-russia-extradite-snowden-us-19780190
2013-07-26,00:23:10,1j15hu,2950,"Pope Francis scolds rich in visit to muddy Brazilian slum: ""Everybody, according to his or her particular opportunities and responsibilities, should be able to make a personal contribution to putting an end to so many social injustices""",reuters.com,http://www.reuters.com/article/2013/07/25/us-pope-brazil-idUSBRE96M18G20130725
2013-07-26,23:21:48,1j3j6e,2666,"If You Think The French President Is 'Stupide,' Just Say So: For the first time in 130 years, it's now legal to say how you really feel about the French leader",npr.org,http://www.npr.org/blogs/thetwo-way/2013/07/26/205757838/if-you-think-the-french-president-is-stupide-just-say-so
2013-07-26,01:33:48,1j1b4v,2097,"Oxford Dictionary will change the definition of ""Marriage"" to include the LGBT Community...",dailymail.co.uk,http://www.dailymail.co.uk/news/article-2377485/Dictionary-change-entry-marriage-include-gay-people-sex-weddings-enshrined-law.html
2013-07-26,22:44:16,1j3gvb,1224,"Desmond Tutu says stop discriminating against gay people: ""I think it's as utterly unjust as racism ever was.""",news24.com,http://www.news24.com/SouthAfrica/News/Stop-discrimination-against-gays-Tutu-20130726
2013-07-26,00:54:01,1j17y9,1116,Church of England announces plans to force money lenders out of business - by offering a superior service through credit unions,bbc.co.uk,http://www.bbc.co.uk/news/business-23433955
2013-07-26,22:36:09,1j3gcr,973,Russia Slams U.S. Pressure Over Snowden,themoscowtimes.com,http://www.themoscowtimes.com/news/article/russia-slams-us-pressure-over-snowden/483643.html
2013-07-26,00:54:38,1j1801,785,Yemeni president pardons reporter Obama wanted kept in jail,mcclatchydc.com,http://www.mcclatchydc.com/2013/07/24/197554/yemeni-president-pardons-reporter.html#.UfFKKWTwKa1
2013-07-26,06:58:09,1j21y7,650,Senate threatens to sanctions countries that aid Snowden,rt.com,http://rt.com/usa/snowden-senate-sanction-graham-598/
2013-07-26,01:51:29,1j1cjy,551,Police could be forced to axe Big Brother road cameras: Town wins landmark victory over blanket use of number plate 'spies',dailymail.co.uk,http://www.dailymail.co.uk/news/article-2377083/Police-forced-axe-Big-Brother-road-cameras-Town-wins-landmark-victory-blanket-use-number-plate-spies.html
2013-07-26,22:59:06,1j3hsf,421,Bankers shiver as UBS swallows $885 million U.S. fine,reuters.com,http://www.reuters.com/article/2013/07/26/us-usa-ubs-settlement-idUSBRE96O1FH20130726
2013-07-26,20:15:35,1j3a1o,408,Israel freezes co-operation with EU in Palestinian territories,guardian.co.uk,http://www.guardian.co.uk/world/2013/jul/26/israel-freezes-co-operation-eu-palestinian
2013-07-26,20:07:57,1j39s2,397,Walmart workers in strike across the entire country...of Chile (Google translation in comments),elmostrador.cl,http://www.elmostrador.cl/noticias/pais/2013/07/25/trabajadores-de-walmart-chile-se-toman-ciudad-empresarial-y-demandan-a-la-empresa-mejoras-laborales/
2013-07-26,00:31:10,1j165c,353,"European companies should stop sending data to the US, German privacy officials say",pcworld.com,http://www.pcworld.com/article/2045187/european-companies-should-stop-sending-data-to-the-us-german-privacy-officials-say.html
2013-07-26,23:55:20,1j3lfs,354,BBC News - Elite hacker Barnaby Jack dies ahead of Black Hat event,bbc.co.uk,http://www.bbc.co.uk/news/technology-23467411
2013-07-26,10:32:38,1j2hdz,341,North Korea: we'll kill activists launching pro-democracy literature via balloons,wired.co.uk,http://www.wired.co.uk/news/archive/2013-06/28/north-korea-balloons
2013-07-26,12:31:14,1j2pst,261,"New Pakistani cartoon superhero ""Burka Avenger"" fights for girls' rights using martial arts, pens, and books",ctvnews.ca,http://www.ctvnews.ca/entertainment/meet-burka-avenger-new-pakistani-superhero-fights-for-girls-education-1.1381203
2013-07-26,11:14:52,1j2khf,164,Iraq War veterans chilled by country's slide into civil war,usnews.nbcnews.com,http://usnews.nbcnews.com/_news/2013/07/25/19658987-i-risked-my-life-for-what-iraq-war-veterans-chilled-by-countrys-slide-into-civil-war
2013-07-26,19:16:08,1j3811,151,Tourists warned after French woman and her dog are attacked by gang of feral cats,independent.co.uk,http://www.independent.co.uk/news/world/europe/tourists-warned-after-french-woman-and-her-dog-are-attacked-by-gang-of-feral-cats-8733229.html
2013-07-26,19:57:34,1j39ey,133,"Ousted Egyptian President Mohammed Morsi is being held over allegations of links with Palestinian militants Hamas and plotting attacks on jails in the 2011 uprising, it has been announced.",bbc.co.uk,http://www.bbc.co.uk/news/world-middle-east-23464036
2013-07-26,00:22:53,1j15gu,103,"""Across the UK, more than one million people aged 16 to 24 are unemployed. Frustration is widespread, and localized reports of competition for jobs being as high as 50 applications per position are common. Many of the unemployed are university-educated and desperate to work.""",theverge.com,http://www.theverge.com/2013/7/25/4555864/a-dangerous-figure-the-bite-back-movement-alexander-augustus
2013-07-26,22:18:27,1j3fc2,61,'I have principles': Pussy Riot convict defiant after losing parole battle,photoblog.nbcnews.com,http://photoblog.nbcnews.com/_news/2013/07/26/19696553-i-have-principles-pussy-riot-convict-defiant-after-losing-parole-battle?lite
2013-07-26,23:38:47,1j3k9v,56,Belarus president: US have given an asylum to hundredths of Russian traitors. In place of our Russian friends I'd give Snowden a political asylum without worrying much (article in russian media).,lenta.ru,http://lenta.ru/news/2013/07/26/belospy/
2013-07-26,05:50:05,1j1whz,59,Shi'a Muslims lined up and executed at a fake roadblock,aljazeera.com,http://www.aljazeera.com/news/middleeast/2013/07/2013724231958235311.html
2013-07-26,16:39:21,1j32tn,55,South Africa's 'worst rapist' commits suicide - Africa,aljazeera.com,http://www.aljazeera.com/news/africa/2013/07/2013725204335422907.html
2013-07-26,20:06:07,1j39pq,51,"Trapped Whale Fails to Move Queensland to Scrap Shark Nets - Govt rejects calls to scrap nets at beaches after whale Friday some 800 m off coast. ""...these nets give a perceived sense of safety. The nets have big gaps where sharks can swim through, so it's not really a barrier.""",guardian.co.uk,http://www.guardian.co.uk/environment/2013/jul/26/environmentalists-shark-nets-queensland-whale
2013-07-26,06:34:40,1j204o,49,Kim Dot Com accuses NZ Prime Minister of planning with movie execs (PM has previously denied even hearing the name Kim Dot Com before raids),radiolive.co.nz,http://www.radiolive.co.nz/DotCom-reveals-how-John-Key-knew-about-him-priot-to-the-raid/tabid/506/articleID/36957/Default.aspx
2013-07-26,08:50:58,1j2acx,52,"Leading Nazi Hermann Göring was instrumental to Hitler's reign of terror, but research suggests his brother Albert saved the lives of dozens of Jews. Israel must now decide whether he deserves to be honored as one of the ""Righteous Among the Nations.""",spiegel.de,http://www.spiegel.de/international/germany/israel-weighs-whether-to-honor-brother-of-leading-nazi-hermann-goering-a-887032.html
2013-07-26,03:41:32,1j1lr9,47,India: Army 'mistook planets for spy drones',bbc.co.uk,http://www.bbc.co.uk/news/blogs-news-from-elsewhere-23455128
