2013-12-21,23:29:48,1ted1d,2874,Iceland’s jailed bankers ‘a model’ for dealing with ‘financial terrorists’,rt.com,http://rt.com/op-edge/iceland-bank-sentence-model-246/
2013-12-21,20:10:11,1te46y,2808,Snowden ally Appelbaum claims his Berlin apartment was invaded,dw.de,http://www.dw.de/snowden-ally-appelbaum-claims-his-berlin-apartment-was-invaded/a-17315069
2013-12-21,20:11:59,1te48w,2769,"Dennis Rodman receives open letter: ""I was born in 1982 in Camp 14, a political prison in the mountains of North Korea.""",ftw.usatoday.com,http://ftw.usatoday.com/2013/12/dennis-rodman-receives-chilling-open-letter-from-a-ex-north-korean-prisoner/
2013-12-21,12:11:17,1tdj1f,2480,Court rules that 9/11 families can now sue Saudi Arabia,news.yahoo.com,http://news.yahoo.com/9-11-families-39-ecstatic-39-finally-sue-222121660--abc-news-topstories.html
2013-12-21,21:54:37,1te80m,1507,"Germany Should Ban U.S. Contracting Companies Passing Data to NSA: U.S. contracting companies such as Cisco should be contractually barred from passing sensitive information to the U.S. security services, a spokesman for Merkel's conservatives was quoted saying",nytimes.com,http://www.nytimes.com/reuters/2013/12/21/world/europe/21reuters-germany-spying.html
2013-12-21,18:21:33,1te0rf,996,"Oil industry ‘devastating’ Amazon communities, warns UN rapporteur. Oil companies have affected health & food sources of indigineous people Amazon region by ‘heavily contaminating’ the Peruvian rainforest.",theguardian.com,http://www.theguardian.com/environment/2013/dec/20/oil-industry-amazon-communities-un-rapporteur
2013-12-21,01:02:19,1tc29e,657,"“No, we do not support the boycott of Israel”[Palestinian President Mahmoud] Abbas told reporters. “But we ask everyone to boycott the products of the settlements..in our territories..But we dont ask anyone to boycott Israel itself.We have relations with Israel. We have mutual recognition of Israel”",thedailybeast.com,http://www.thedailybeast.com/articles/2013/12/17/who-defines-the-b-in-the-bds-movement.html
2013-12-21,01:16:59,1tc3hh,385,U.N. votes to protect online privacy; Edward Snowden leaks credited,latimes.com,"http://www.latimes.com/world/worldnow/la-fg-wn-un-surveillance-privacy-rights-edward-snowden-20131219,0,1981619.story#axzz2o2JU8mbK"
2013-12-21,20:36:48,1te52u,352,French company implants first artificial heart,euronews.com,http://www.euronews.com/2013/12/21/french-company-implants-first-artificial-heart/
2013-12-21,04:36:45,1tckil,348,China's Moon rover has activated its science tools. Imaging experiments have begun.,spaceindustrynews.com,http://spaceindustrynews.com/chinas-moon-rover-has-activated-its-science-tools-imaging-experiments-have-begun/4128/
2013-12-21,23:12:01,1tebzm,273,Vandals in Sweden have burned down for the 27th time a giant straw goat meant to symbolize the Christmas spirit.,npr.org,http://www.npr.org/templates/story/story.php?storyId=256009934&ft=1&f=
2013-12-21,19:26:42,1te2t8,217,TEPCO says Radioactive cesium detected in water samples taken from deep underground,nhk.or.jp,http://www3.nhk.or.jp/nhkworld/english/news/20131221_02.html
2013-12-21,23:57:09,1teeoz,202,"Protests greet Spain’s move to ban abortions outside of rape and incest: the head of Spain’s Planned Parenthood Federation, complained the reform would take Spain back to a time “when Spanish women had to go to England and France to terminate their pregnancies”",rawstory.com,http://www.rawstory.com/rs/2013/12/20/protests-greet-spains-move-to-ban-abortions-outside-of-rape-and-incest/
2013-12-21,09:33:27,1td88q,162,Indigenous Groups Win Right to Seize Chevron’s Canadian Assets over $18 Billion in Amazon Pollution,democracynow.org,http://www.democracynow.org/2013/12/20/indigenous_groups_win_right_to_seize
2013-12-21,01:17:27,1tc3is,152,Just 90 Companies account for 2/3 of all human Global Warming Emissions since Industrial Revolution,huffingtonpost.com,http://www.huffingtonpost.com/elliott-negin/whos-to-blame-for-climate_b_4477153.html
2013-12-21,23:10:53,1tebxr,145,"Renewable energy, once a dream, lights up some of India's slums - Most huts here have no attached toilet or running water, but solar panels of all sizes appear on their asbestos rooftops.",eenews.net,http://www.eenews.net/stories/1059992166
2013-12-21,10:25:20,1tdbt1,138,UK citizen wins legal round against Facebook over NSA Prism leaks,computerweekly.com,http://www.computerweekly.com/news/2240211449/UK-citizen-wins-legal-round-against-Facebook-over-Prism-leaks
2013-12-21,22:02:46,1te8eb,135,"Canadian Panel Approves Enbridge Northern Gateway Pipeline – Multi-billion dollar pipeline is subject to 209 required conditions. Conservation groups condemn decision, saying the 3-member panel ignores overwhelming scientific evidence against the pipeline & widespread public opposition.",ens-newswire.com,http://ens-newswire.com/2013/12/20/canadian-panel-approves-enbridge-northern-gateway-pipeline/
2013-12-21,21:18:31,1te6jc,122,"Kim Dotcom Ratted Out Rival File-Sharing Sites, Court Documents Claim",wired.com,http://www.wired.com/threatlevel/2013/12/kim-dotcom-destroy-rivals/
2013-12-21,21:04:11,1te61h,108,Turkish PM Erdogan calls US ambassador Ricciardone provocative implies he might be expelled,todayszaman.com,http://www.todayszaman.com/news-334605-erdogan-implies-to-expel-us-ambassador.html
2013-12-21,19:22:52,1te2p3,83,Italian politician 'forced secretary to sign contract which required her to have sex with him at least four times a month',dailymail.co.uk,http://www.dailymail.co.uk/news/article-2526595/Italian-politician-forced-secretary-sign-contract-required-sex-four-times-month.html
2013-12-21,10:33:35,1tdcfs,66,"""Mexican president signs controversial oil and gas law"" - Mexican President Enrique Pena Nieto has signed a controversial law that allows foreign companies to drill for oil for the first time since the sector was nationalised in 1938.",bbc.co.uk,http://www.bbc.co.uk/news/world-latin-america-25471212
2013-12-21,10:05:00,1tdae3,65,"Syria views Saudi Arabia as number one enemy — Syrian Deputy Foreign Minister: “if the world wants to avoid another September 11 incident, they must start telling Saudi Arabia 'enough is enough',”",google.com,http://www.google.com/hostednews/afp/article/ALeqM5jFatY2f4MVh5KxV5oTG_Slud8KUA?docId=a47c62c9-c0d6-4f7a-a9d8-c63420bf2af2
2013-12-21,21:50:33,1te7u6,62,Emergency spacewalk underway to fix coolant loop. - Live video feed,weather.com,http://www.weather.com/tv/tvshows/live-stream
2013-12-21,03:48:55,1tcgg9,51,"One Of The Biggest Scandals In Turkish History Is Unfolding In Ankara, Turkey",businessinsider.com,http://www.businessinsider.com/turkey-corruption-probe-2013-12#ixzz2o1mWBKDJ
2013-12-21,17:32:58,1tdz6t,45,Majority in former Soviet states believe breakup was harmful mistake – poll,rt.com,http://rt.com/news/ussr-collapse-mistake-poll-585/
2013-12-21,14:58:06,1tdt4l,42,Libyan military colonel assassinated,aljazeera.com,http://www.aljazeera.com/news/africa/2013/12/libyan-military-colonel-assassinated-20131220183155513439.html
2013-12-21,22:28:40,1te9qw,40,'Hundreds' of Jang's relatives sent to gulags by North Korean regime,telegraph.co.uk,http://www.telegraph.co.uk/news/worldnews/asia/northkorea/10532294/Hundreds-of-Jangs-relatives-sent-to-gulags-by-North-Korean-regime.html
2013-12-21,19:35:44,1te33b,39,Turkey corruption investigators charge 16 with links to Erdoğan | Two ministers' sons and bank chief accused of taking or arranging bribes as inquiry into graft targets PM's circle,theguardian.com,http://www.theguardian.com/world/2013/dec/21/turkey-corruption-investigators-charge-16-erdogan
2013-12-21,22:11:56,1te8ve,35,Dramatic decline in industrial agriculture could herald 'peak food',theguardian.com,http://www.theguardian.com/environment/earth-insight/2013/dec/19/industrial-agriculture-limits-peak-food
