2013-07-27,03:11:08,1j40jr,3232,German president says whistleblowers like Snowden merit respect,reuters.com,http://www.reuters.com/article/2013/07/26/us-usa-security-snowden-germany-idUSBRE96P0NQ20130726
2013-07-27,21:24:21,1j5o4p,3095,Bananas thrown at Italy's first black minister,telegraph.co.uk,http://www.telegraph.co.uk/news/worldnews/europe/italy/10206132/Outrage-as-bananas-thrown-at-Italys-first-black-minister.html
2013-07-27,09:11:04,1j4rgs,2587,Vancouver bars boycott Russian vodka after anti-gay law passed,vancouversun.com,http://www.vancouversun.com/life/Anti+Russia+prompts+Vancouver+bars+stop+serving+Russian+vodka/8713709/story.html
2013-07-27,11:21:48,1j4ztj,1868,"Soldiers’ Mass Execution Reported by Syria Group - Islamist extremists in Syria’s insurgency killed 150 soldiers in a battle for control of an Aleppo suburb this week, including 51 who were executed after they had surrendered (video in comments - NSFW; GORE)",nytimes.com,http://www.nytimes.com/2013/07/27/world/middleeast/soldiers-mass-execution-reported-by-syria-group.html
2013-07-27,13:45:06,1j5843,1260,"Pope Francis: ""I want a mess. We knew that in Rio there would be great disorder, but I want trouble in the dioceses! I want to see the church get closer to the people. I want to get rid of clericalism, the mundane. Because these need to get out!”",newsinfo.inquirer.net,http://newsinfo.inquirer.net/453569/rebel-pope-urges-youth-to-make-a-mess-in-dioceses
2013-07-27,17:14:00,1j5h3z,567,"UK man convicted of fraud after of selling explosive-detection dowsing rods consisting of completely ineffective, empty plastic boxes with radio antennas attached, for $30,000 each - made millions of dollars in Iraq, Mexico, and Thailand as hundreds died while being ""protected"" by them.",businessweek.com,http://www.businessweek.com/articles/2013-07-11/in-iraq-the-bomb-detecting-device-that-didnt-work-except-to-make-money
2013-07-27,12:11:42,1j52t3,316,Thousands of New Zealanders protest the GCSB Bill (new legislation giving the NZ spy agency more powers to spy on New Zealanders),nzherald.co.nz,http://www.nzherald.co.nz/nz/news/article.cfm?c_id=1&objectid=10904220
2013-07-27,06:08:47,1j4el2,292,Evidence mounts agent provocateurs used by Brazilian police: Demonstrators say police infiltrator threw the molotov cocktail used to justify severe police violence.,commondreams.org,https://www.commondreams.org/headline/2013/07/24-4
2013-07-27,21:06:07,1j5nkt,233,‘Imaginary threats’ justify New Zealand spy bill – Dotcom,rt.com,http://rt.com/news/dotcom-nsa-surveillance-bill-607/
2013-07-27,01:48:54,1j3u0h,200,"US Embassy, DEA Obstructing Investigation Into Drug War Killings in Honduras",truth-out.org,http://truth-out.org/news/item/17759-us-embassy-dea-obstructing-investigation-into-drug-war-killings-in-honduras
2013-07-27,00:04:24,1j3m43,201,Attorney General Holder tells Russia US won’t seek death penalty for Edward Snowden,washingtonpost.com,http://www.washingtonpost.com/politics/attorney-general-holder-tells-russia-us-wont-seek-death-penalty-for-edward-snowden/2013/07/26/90250d9e-f600-11e2-81fa-8e83b3864c36_story.html
2013-07-27,22:38:45,1j5qrs,176,Libya's Muslim Brotherhood offices attacked — Libyans demonstrate after the assassination of a Muslim Brotherhood critic in Benghazi.,aljazeera.com,http://www.aljazeera.com/news/africa/2013/07/20137278441125749.html
2013-07-27,01:03:03,1j3qk0,175,"South Africa's Nobel peace laureate Archbishop Desmond Tutu says he will never worship a ""homophobic God"" and will rather go to hell. The retired archbishop was speaking at the launch of a UN-backed campaign in South Africa to promote gay rights.",bbc.co.uk,http://www.bbc.co.uk/news/world-africa-23464694
2013-07-27,16:59:15,1j5gla,169,More than 100 Morsi supporters killed in Egypt clashes,guardian.co.uk,http://www.guardian.co.uk/world/2013/jul/27/morsi-supporters-killed-egypt-cairo
2013-07-27,17:18:53,1j5h99,105,New Zealand refuse to renew South African man's work visa because he is too fat.,timeslive.co.za,http://www.timeslive.co.za/lifestyle/travel/2013/07/27/south-african-man-told-he-s-too-fat-to-live-in-new-zealand-report
2013-07-27,23:19:00,1j5sed,83,"Pakistani troops violate ceasefire again, fire at Indian post in Poonch",timesofindia.indiatimes.com,http://timesofindia.indiatimes.com/india/Pakistani-troops-violate-ceasefire-again-fire-at-Indian-post-in-Poonch/articleshow/21395321.cms
2013-07-27,12:07:09,1j52jp,51,Spain Privatizes The Sun: Multi Millon Dollar Penalties For Collecting Sunlight,govtslaves.info,http://govtslaves.info/spain-privatizes-the-sun-multi-millon-dollar-penalties-for-collecting-sunlight/
2013-07-27,22:10:22,1j5poy,39,Catalan President officially proposes political Referendum to Spanish PM,premsa.gencat.cat,http://premsa.gencat.cat/pres_fsvp/AppJava/notapremsavw/detall.do?id=211709
2013-07-27,04:47:18,1j4877,37,"After Shi'a Muslims got lined up and executed yesterday at a fake roadblock, at least 31 are further killed by bombing a busy cafe today.",bbc.co.uk,http://www.bbc.co.uk/news/world-middle-east-23459504
2013-07-27,00:10:58,1j3mll,39,Israel blocks European Union aid projects in the West Bank in retaliation for Brussels' ban on financial assistance to Israeli organizations in the occupied territories,reuters.com,http://www.reuters.com/article/2013/07/26/us-palestinians-israel-eu-idUSBRE96P0P320130726
2013-07-27,08:25:01,1j4oes,38,Filipino woman treated as a slave in Canberra after accepting housekeeping job for a Foreign Diplomat (Australia),abc.net.au,http://www.abc.net.au/news/2013-07-27/woman-treated-like-a-slave-by-canberra-family/4847176
2013-07-27,12:33:20,1j541t,35,Obese man told he's too fat to live in NZ,newstalkzb.co.nz,http://www.newstalkzb.co.nz/auckland/news/nbint/897041254-obese-man-told-he-s-too-fat-to-live-in-nz
2013-07-27,06:10:33,1j4epr,33,"Israel bars European aid staff from entering Gaza, western diplomat says",haaretz.com,http://www.haaretz.com/news/diplomacy-defense/1.538203#.UfLkmuntqf0.reddit
2013-07-27,08:37:56,1j4p9q,29,Turkey's Prime Minister Erdogan threatens to sue Times for publishing critical letter,reuters.com,http://www.reuters.com/article/2013/07/26/us-turkey-letter-idUSBRE96P12U20130726
2013-07-27,14:20:36,1j59x8,28,Indian army mistook planets for Chinese spy drones: Report,tribune.com.pk,http://tribune.com.pk/story/582224/indian-army-mistook-planets-for-chinese-spy-drones-report/
2013-07-27,02:41:05,1j3y36,24,Senate Appropriations Committee Approves Trade Sanctions Against Any Country That Offers Asylum To Snowden,hackersnewsbulletin.com,http://hackersnewsbulletin.com/2013/07/senate-appropriations-committee-approves-trade-sanctions-against-any-country-that-offers-asylum-to-snowden.html
2013-07-27,11:43:24,1j514a,31,Anti-racism smear scandal: Police targeted sister of black paratrooper who died in custody,independent.co.uk,http://www.independent.co.uk/news/uk/crime/antiracism-smear-scandal-police-targeted-sister-of-black--paratrooper-who-died-in-custody-8734485.html
2013-07-27,05:17:38,1j4amf,26,BBC News - Halliburton to plead guilty to destroying Gulf evidence,bbc.co.uk,http://www.bbc.co.uk/news/business-23447894
2013-07-27,18:37:45,1j5jiq,25,Pakistan's first female superhero 'Burka Avenger' fights for women's rights,bbc.co.uk,http://www.bbc.co.uk/news/world-asia-23468573
2013-07-27,22:50:25,1j5r8s,25,"""Birther"" movement is growing in Venezuela, alleging that President Nicolas Maduro was not born in the country",cnn.com,http://www.cnn.com/2013/07/27/world/americas/venezuela-birther-movement/index.html?utm_source=feedburner&utm_medium=feed&utm_campaign=Feed%3A+rss%2Fcnn_topstories+%28RSS%3A+Top+Stories%29
