2013-03-04,05:35:04,19li0v,3864,US doctors cure child born with HIV,guardian.co.uk,http://www.guardian.co.uk/society/2013/mar/03/us-doctors-cure-child-born-hiv
2013-03-04,19:38:58,19mtju,2701,'Batman' brings in suspect to Bradford police,bbc.co.uk,http://www.bbc.co.uk/news/uk-england-leeds-21654930
2013-03-04,19:01:46,19msi6,2534,Japanese father dies sheltering his daughter from blizzard,abc.net.au,http://www.abc.net.au/news/2013-03-04/father-dies-sheltering-girl-from-japan-blizzard/4552156
2013-03-04,23:05:11,19n23l,1155,Fake bishop sneaks into pre-conclave meeting at Vatican,gazzettadelsud.it,http://www.gazzettadelsud.it/news/english/37029/Fake-bishop-sneaks-into-pre-conclave-meeting-at-Vatican.html
2013-03-04,22:56:41,19n1nl,583,Four cops suspended after woman beaten on camera,ndtv.com,http://www.ndtv.com/article/cities/caught-on-camera-punjab-cops-hit-woman-who-asked-for-help-338094
2013-03-04,15:35:42,19mlz0,452,Female Iranian communists organize topless protest against hijabs in Swedish capital,rt.com,http://rt.com/news/femen-iranian-topless-protest-stockholm-767/
2013-03-04,18:41:39,19mry7,394,"South Afican government spends R140m ($15,5 mil) on $40 theme driven Wordpress website",factor3.co.za,http://www.factor3.co.za/free-state-govt-spends-r140m-on-website/
2013-03-04,20:11:14,19mukd,361,Police in Northern Ireland intercept 4 mortar bombs minutes from being launched at a Londonderry Police station. 3 arrested and operation linked to dissident republicans.,bbc.co.uk,http://www.bbc.co.uk/news/uk-northern-ireland-21651900
2013-03-04,04:20:57,19lcht,334,Harvard Economist: Legalizing Drugs Suits Ideal of American Freedom,spiegel.de,http://www.spiegel.de/international/world/harvard-economist-jeffrey-miron-on-why-drugs-should-be-legalized-a-886289.html
2013-03-04,00:48:49,19kyjq,298,UK: Queen hospitalized after apparent infection,guardian.co.uk,http://www.guardian.co.uk/world/feedarticle/10683982
2013-03-04,04:57:32,19lf95,246,Egypt unleashes Islamic morality police force,digitaljournal.com,http://www.digitaljournal.com/article/344710
2013-03-04,03:31:46,19l93i,241,Putting a Price on Foreigners: Strict Immigration Laws 'Save Denmark Billions',spiegel.de,http://www.spiegel.de/international/europe/putting-a-price-on-foreigners-strict-immigration-laws-save-denmark-billions-a-759716.html
2013-03-04,17:16:44,19mpdu,210,Australian miners fired for 'Harlem Shake',guardian.co.uk,http://www.guardian.co.uk/business/2013/mar/04/harlem-shake-australian-miners
2013-03-04,15:08:25,19mkvz,201,Hamas Will Not Allow Obama To Visit The Temple Mount on His Upcoming Trip to Israel and Palestine.,timesofisrael.com,http://www.timesofisrael.com/hamas-local-clergy-warn-obama-against-temple-mount-visit/
2013-03-04,09:15:32,19lxvl,166,Melbourne researchers uncover HIV's genetic hiding place,theaustralian.com.au,http://www.theaustralian.com.au/news/aids-breakthrough-melbourne-researchers-uncover-hivs-genetic-hiding-place/story-e6frg6n6-1226589665725
2013-03-04,06:23:59,19llpv,157,A $1 billion bet on peace: Qatar funds huge Palestinian settlement in West Bank,worldnews.nbcnews.com,http://worldnews.nbcnews.com/_news/2013/03/03/17169153-a-1-billion-bet-on-peace-qatar-funds-huge-palestinian-settlement-in-west-bank?lite
2013-03-04,17:35:12,19mpxv,128,Spain's Jobless Hits Record 5 Million in February ,abcnews.go.com,http://abcnews.go.com/International/wireStory/spains-jobless-hits-record-million-february-18645416#.UTRqxhX2t2I.reddit
2013-03-04,03:03:03,19l718,125,"Germany would veto Bulgaria, Romania in Schengen: Interior Minister Hans-Peter Friedrich has told Der Spiegel magazine that Germany would not allow Romania or Bulgaria to join the European open-border Schengen zone. ",dw.de,http://www.dw.de/minister-germany-would-veto-bulgaria-romania-in-schengen/a-16642617
2013-03-04,01:26:32,19l0rz,102,"Iranian boat seized off the Yemeni coast was carrying sophisticated Chinese anti-aircraft missiles, a development that could signal an escalation of Iran's support to its Middle Eastern proxies, alarming other countries in the region ",smh.com.au,http://www.smh.com.au/world/raid-on-iran-boat-reveals-new-missiles-20130303-2femb.html
2013-03-04,19:11:20,19msr7,93,"""Fat Cat Initiative"" to be written into Switzerland's constitution, to impose some of the world's strictest controls on executive pay",bbc.co.uk,http://www.bbc.co.uk/news/world-europe-21647937/
2013-03-04,23:30:58,19n3mw,75,Israel on 'locust alert' following Egyptian plague,ynetnews.com,"http://www.ynetnews.com/articles/0,7340,L-4352185,00.html"
2013-03-04,22:47:59,19n162,72,"Man charged $20,000 for roaming charges in Mexico.",cbc.ca,http://www.cbc.ca/m/rich/news/story/2013/03/01/bc-rogers-roaming.html
2013-03-04,23:30:53,19n3mo,68,The answer to Chinese pollution? It's in Japan,tech.fortune.cnn.com,http://tech.fortune.cnn.com/2013/03/04/the-answer-to-chinese-pollution-its-in-japan/
2013-03-04,19:43:32,19mtog,68,"Nasa's Curiosity Mars rover has been put into ""safe mode"" after a computer glitch caused by corrupted files.",bbc.co.uk,http://www.bbc.co.uk/news/technology-21654308#TWEET641022
2013-03-04,10:20:45,19m2hd,61,SOS John Kerry: US to release $250 Million in Aid to Egypt to support 'its future democracy',hosted.ap.org,http://hosted.ap.org/dynamic/stories/M/ML_KERRY?SITE=AP&SECTION=HOME&TEMPLATE=DEFAULT&CTIME=2013-03-03-14-30-49
2013-03-04,04:36:21,19ldn0,56,"Helmut Kohl is kept 'like a prisoner' by his new wife, sons claim: Former German chancellor's sons go public with bitter family feud, claiming father's new wife will not allow them to visit",guardian.co.uk,http://www.guardian.co.uk/world/2013/mar/03/helmut-kohl-new-wife-family-feud
2013-03-04,19:26:07,19mt6x,51,"Indian Woman on Hunger Strike Charged With Attempted Suicide - Irom Sharmila hasn't eaten a meal in 12 yrs. The 40-yr-old, force fed through a tube, has been protesting an Indian law that suspends many human rights protections in areas of conflict.













  ",ctvnews.ca,http://www.ctvnews.ca/world/indian-woman-on-lengthy-hunger-strike-charged-with-attempted-suicide-1.1180174
2013-03-04,05:45:51,19lism,49,"""Voters in Switzerland have rejected a proposed bid to host the 2022 Winter Olympics at St. Moritz and Davos.""",usatoday.com,http://www.usatoday.com/story/sports/olympics/2013/03/03/swiss-voters-reject-2022-winter-olympics-bid/1960123/
2013-03-04,21:46:27,19my4d,46,"A car bomb exploded outside a mosque on Sunday, killing at least 37 people and wounding another 141 in a neighbourhood dominated by Shiite Muslims in the southern Pakistan city of Karachi.",news.nationalpost.com,http://news.nationalpost.com/2013/03/03/37-killed-141-wounded-by-car-bomb-in-shiite-muslim-area-of-southern-pakistan/
2013-03-04,05:56:43,19ljn8,46,Sudan violating sanctions with Darfur air strikes: U.N. panel,reuters.com,http://www.reuters.com/article/2013/03/01/us-sudan-darfur-un-idUSBRE9200YY20130301
