2013-03-22,11:42:05,1as37r,3118,Twelve North Korean soldiers attempting to defect have been captured by Chinese troops and sent back to NK,english.chosun.com,http://english.chosun.com/site/data/html_dir/2013/03/22/2013032200809.html
2013-03-22,02:32:02,1aqwq3,2374,India passes rape law that sets age of consent at 18,latimes.com,"http://www.latimes.com/news/world/worldnow/la-fg-wn-india-rape-law-18-20130321,0,3586020.story"
2013-03-22,22:02:33,1asrjy,2374,"North Korea says, ""North Korea is a great place for human rights.""",theatlanticwire.com,http://www.theatlanticwire.com/global/2013/03/north-korea-human-rights/63415/
2013-03-22,18:52:12,1asjqb,1405,South Korea admits that the Hacking Attempt from an IP address from China was actually from a Local IP address at the same Bank,cbc.ca,http://www.cbc.ca/news/world/story/2013/03/22/south-korea-computers.html
2013-03-22,21:36:53,1asq6f,1385,"Number of dead pigs found in Chinese rivers rises to 16,000: ""Authorities say Shanghai's water is safe, but no official explanation has yet been given for the dumping of carcasses""",guardian.co.uk,http://www.guardian.co.uk/world/2013/mar/22/dead-pigs-chinese-river-rises
2013-03-22,07:41:46,1arlrk,1312,Pre-Viking tunic found on glacier as warming trend aids archaeology,science.nbcnews.com,http://science.nbcnews.com/_news/2013/03/21/17403302-pre-viking-tunic-found-on-glacier-as-warming-trend-aids-archaeology?lite
2013-03-22,00:02:02,1aqkyz,1174,An uprising against the Taliban that began last month in this southern Afghan village has now spread through dozens of others.,nytimes.com,http://www.nytimes.com/2013/03/21/world/asia/afghan-villages-rise-up-against-taliban.html?google_editors_picks=true&_r=0
2013-03-22,20:03:24,1asm1l,1168,‘Father of African literature’ Chinua Achebe dies aged 82,independent.co.uk,http://www.independent.co.uk/arts-entertainment/books/news/father-of-african-literature-chinua-achebe-dies-aged-82-according-to-reports-8545670.html
2013-03-22,22:35:21,1asti1,855,"1,000 dead ducks join 16,000 dead pigs floating in Chinese rivers.",globalpost.com,http://www.globalpost.com/dispatches/globalpost-blogs/weird-wide-web/16000-dead-pigs-1000-dead-ducks-found-china-rivers
2013-03-22,23:14:24,1asw0l,851,Netanyahu makes apology to Turkey over 2010 Gaza flotilla,jpost.com,http://www.jpost.com/International/Obama-Netanyahu-Erdogan-speak-by-phone-307423
2013-03-22,21:55:16,1asr5t,402,"Thousands sign school climate change petition started by 15-year-old. Esha Marwaha from west London says she is outraged that climate change has been scaled back in national curriculum
",guardian.co.uk,http://www.guardian.co.uk/environment/2013/mar/21/school-climate-change-petition
2013-03-22,01:09:55,1aqq80,353,Citizens band together to arrest former British prime minister over involvement in Iraq's invasion a decade ago,aljazeera.com,http://www.aljazeera.com/indepth/features/2013/03/20133209727608817.html
2013-03-22,18:53:31,1asjrh,306,BBC News - South Korea says China hack link a 'mistake',bbc.co.uk,http://www.bbc.co.uk/news/world-asia-21891617
2013-03-22,19:23:58,1askpj,248,"Trans teacher whose gender reassignment made news, found dead at home ",newstatesman.com,http://www.newstatesman.com/media/2013/03/lucy-meadows-trans-teacher-whose-gender-reassignment-made-news-found-dead-home-0
2013-03-22,20:18:39,1asmml,220,"Major terror attack on scale of 7/7 foiled every year in UK, police reveal",telegraph.co.uk,http://www.telegraph.co.uk/news/uknews/terrorism-in-the-uk/9946806/Major-terror-attack-on-scale-of-77-foiled-every-year-in-UK-police-reveal.html
2013-03-22,00:45:58,1aqode,204,Singles Caught Having Sex Face Jail Time Under Proposed Law in Indonesia | The Jakarta Globe,thejakartaglobe.com,http://www.thejakartaglobe.com/home/singles-caught-having-sex-face-jail-time-under-proposed-law-in-indonesia/581106
2013-03-22,15:37:14,1asec5,153,Map of the countries that are most and least welcoming to foreigners. Surprises?,washingtonpost.com,http://www.washingtonpost.com/blogs/worldviews/wp/2013/03/21/a-fascinating-map-of-countries-color-coded-by-their-openness-to-foreigners/
2013-03-22,15:14:08,1asdmv,136,"New North Korean video depicts invasion of South, US hostages",google.com,http://www.google.com/hostednews/afp/article/ALeqM5h23zpimUI1D2nJrrVyrPH-2_PT5A?docId=CNG.456411c08037199e9bc2690b1b0726fa.221
2013-03-22,20:52:11,1aso1h,133,Italy marines return to face India charges,telegraph.co.uk,http://www.telegraph.co.uk/news/worldnews/asia/india/9947324/Italy-marines-return-to-face-India-charges.html
2013-03-22,18:26:22,1asj0v,100,"Suicide Bomber Kills  45 People at a Mosque, Killing Pro-Regime Sunni Cleric",dailystar.com.lb,http://www.dailystar.com.lb/News/Middle-East/2013/Mar-22/211127-president-assad-vows-to-clean-syria-of-extremists.ashx#axzz2OGLl7mmx
2013-03-22,23:35:51,1asxiz,86,Israel PM apologies to Turkey for Gaza flotilla deaths,bbc.co.uk,http://www.bbc.co.uk/news/world-middle-east-21902273
2013-03-22,18:18:42,1asisn,83,'Ex-gay' London bus advert ban ruled lawful,bbc.co.uk,http://www.bbc.co.uk/news/uk-england-london-21894518
2013-03-22,09:57:03,1arvtp,83,"More than 100 cars involved in highway pile-up near Edmonton, Alberta, Canada",cbc.ca,http://www.cbc.ca/news/canada/edmonton/story/2013/03/21/edmonton-snow-poor-driving.html
2013-03-22,16:49:05,1asgbq,64,"South African electricity consumers are subsidising BHP Billiton, allowing 2 smelters to pay 20% for electricity what every user in the country pays.",business.iafrica.com,http://business.iafrica.com/news/849451.html
2013-03-22,15:33:46,1ase8b,65,"Rare earths treasure trove found in seabed near Minami-Torishima:  Scientists said that they have identified rich seabed deposits of rare earth elements in a Japanese exclusive economic zone near Minami-Torishima, a coral reef 2,000 kilometers southeast of Tokyo.",ajw.asahi.com,http://ajw.asahi.com/article/behind_news/social_affairs/AJ201303220057
2013-03-22,08:49:43,1arqvu,59,Nicholas Sarkozy Placed Under Formal Investigation,telegraph.co.uk,http://www.telegraph.co.uk/news/worldnews/nicolas-sarkozy/9947439/Nicolas-Sarkozy-placed-under-formal-investigation.html
2013-03-22,23:05:34,1asveu,55,"Footage shows 'torture' at Sydney turkey abattoir: ""New South Wales Police have been asked to investigate more than 100 acts of animal cruelty at an Inghams turkey abattoir south-west of Sydney.""",abc.net.au,http://www.abc.net.au/news/2013-03-20/police-asked-to-investigate-turkey-cruelty/4585350
2013-03-22,04:21:14,1ar5gf,56,"A suicide bomber has blown himself up inside a mosque in central Damascus, killing Dr Mohammed Saeed Ramadan al-Bouti, a senior pro-regime Sunni cleric and longtime supporter of President Bashar al-Assad, state television has said.",aljazeera.com,http://www.aljazeera.com/news/middleeast/2013/03/2013321174113479353.html#.UUtrepXy1ZI.reddit
2013-03-22,05:20:46,1arai4,50,French philosopher barred from Libya for being a Jew,timesofisrael.com,http://www.timesofisrael.com/french-philosopher-barred-from-libya-for-being-a-jew/
2013-03-22,22:49:22,1asud1,39,Send Me a Cruise (Missile)! Meet the jihadist rapper wanted dead by both sides of the 'war on terror',guardian.co.uk,http://www.guardian.co.uk/world/2013/mar/22/jihadist-rapper-omar-hammami-wanted
