2013-03-18,10:07:08,1ai0aq,3554,"American defense contractor Lockheed Martin says it has ""found a way to slash the amount of energy needed to remove salt from seawater,"" which has the potential to eliminate the world's shortage of fresh water in the future",reuters.com,http://www.reuters.com/article/2013/03/13/us-usa-desalination-idUSBRE92C05720130313
2013-03-18,21:44:26,1aiumi,2244,Hans Blix: Iraq War was a terrible mistake and violation of U.N. charter,edition.cnn.com,http://edition.cnn.com/2013/03/18/opinion/iraq-war-hans-blix/index.html#.UUcaF4ms6d8.reddit
2013-03-18,23:23:48,1aj0ey,1472,"North Korea's Prison Camps Are Absolutely Horrifying
",businessinsider.com,http://www.businessinsider.com/life-in-north-korea-prison-camp-horror-kim-jong-un-2013-3#
2013-03-18,13:42:25,1aideo,1369,Wanted: People willing to die on Mars,cbc.ca,http://www.cbc.ca/news/world/story/2013/03/16/mars-one-live-die-mars.html?cmp=rss
2013-03-18,22:25:08,1aiwri,1281,Surge in renewable energy as solar panel prices plummet,guardian.co.uk,http://www.guardian.co.uk/environment/2013/mar/13/surge-renewable-energy-solar-panel
2013-03-18,22:46:51,1aiy0d,1059,Japan seizes nuclear-related materials from North Korea cargo,economictimes.indiatimes.com,http://economictimes.indiatimes.com/news/politics-and-nation/japan-seizes-nuclear-related-materials-from-north-korea-cargo/articleshow/19041719.cms?
2013-03-18,22:01:12,1aivgl,872,Seven Komodo dragons born in Indonesia zoo,bbc.co.uk,http://www.bbc.co.uk/news/science-environment-21826763
2013-03-18,15:59:28,1aiitd,524,Taiwan to aim missiles at China ,news.com.au,http://www.news.com.au/breaking-news/world/taiwan-to-aim-missiles-at-china/story-e6frfkui-1226600028598
2013-03-18,03:18:55,1ah81e,424,"Forbes on the Cyprus bailout - ""they have opted for a “solution” that amounts to probably the single most inexplicably irresponsible decision in banking supervision in the advanced world since the 1930s.""",forbes.com,http://www.forbes.com/sites/eamonnfingleton/2013/03/17/the-botching-of-the-cyprus-bailout-worse-than-lehman-brothers/
2013-03-18,14:49:44,1aigf7,338,MI6 and CIA were told before invasion that Iraq had no active WMD: BBC's Panorama reveals fresh evidence that agencies dismissed intelligence from Iraqi foreign minister and spy chief,guardian.co.uk,http://www.guardian.co.uk/world/2013/mar/18/panorama-iraq-fresh-wmd-claims
2013-03-18,14:10:42,1aieqi,303,What Happens When Half The World Stops Making Babies,theglobalmail.org,http://www.theglobalmail.org/feature/what-happens-when-half-the-world-stops-making-babies/573/
2013-03-18,18:30:49,1ain5u,296,The Reuters Journalist Who Played with Anonymous and Got Burned,vice.com,http://www.vice.com/en_uk/read/the-reuters-journalist-who-played-with-anonymous-and-got-burned?utm_source=vicefb
2013-03-18,20:10:28,1aiqfc,258,Paul Krugman: Cyprus Bailout Will Push Europeans To Stage A Run On Their Banks ,huffingtonpost.com,http://www.huffingtonpost.com/2013/03/17/paul-krugman-cyprus-bailout_n_2896945.html
2013-03-18,19:49:16,1aipls,246,"67-yr old woman raped, Farmer husband killed for cellphones (South Africa)",news24.com,http://www.news24.com/SouthAfrica/News/Farmer-killed-wife-raped-for-cell-phones-20130317
2013-03-18,00:08:50,1agvf5,191,Iraq war 10 years on: 'There is phenomenal violence against women. I hear of rape cases in prison. Police officers are doing it',guardian.co.uk,http://www.guardian.co.uk/world/2013/mar/17/iraq-10-years-on-womens-rights-activist
2013-03-18,16:52:05,1aik93,182,UAE opens world’s largest solar power plant,pakistanpost.org,http://pakistanpost.org/uae-opens-worlds-largest-solar-power-plant/
2013-03-18,06:19:56,1ahkqi,177,"Cyprus bailout: 'people are panicking, they're afraid of losing their money' - Cypriots tell of shock finding government had seized up to 10% of savings – despite promise deposits would be safe",guardian.co.uk,http://www.guardian.co.uk/world/2013/mar/17/cyprus-bailout-seize-savings-deposits
2013-03-18,16:39:32,1aijwi,159,"Bullied South Korean Teen Commits Suicide: Administration to install high-resolution, closed-circuit cameras at schools across the country and crack down on school gangs",world.time.com,http://world.time.com/2013/03/17/south-korea-rattled-by-suicide-of-bullied-teen/
2013-03-18,00:58:26,1agyer,151,"Iran charges 18 over nuclear scientist killings. Tehran accuses Mossad, the CIA and MI6 of being behind the assassinations
",independent.co.uk,http://www.independent.co.uk/news/world/middle-east/iran-charges-18-over-nuclear-scientist-killings-8537939.html
2013-03-18,22:35:40,1aixck,126,"Saudi Arabia's farcical justice system condemned seven young men to death this week, and the world remained silent.",foreignpolicy.com,http://www.foreignpolicy.com/articles/2013/03/15/The_execution_of_the_Saudi_Seven
2013-03-18,05:55:26,1ahiyt,121,Quebec manhunt on for fugitives who fled prison in helicopter,cbc.ca,http://www.cbc.ca/news/canada/montreal/story/2013/03/17/quebec-prisoners-escape-saint-jerome.html
2013-03-18,22:46:57,1aiy0k,118,"Two Quebec inmates climbed up a rope into a hovering helicopter to make a daylight escape on Sunday from a jail northwest of Montreal, the authorities said.",nytimes.com,http://www.nytimes.com/2013/03/18/world/americas/2-quebec-inmates-climb-rope-to-helicopter-to-escape-jail.html?ref=world
2013-03-18,22:28:08,1aiwxj,107,Scientists find an unexpectedly large and active community of single-cell organisms at Earth's deepest spot ,globalpost.com,http://www.globalpost.com/dispatch/news/afp/130317/scientists-find-active-community-at-earths-deepest-spot
2013-03-18,22:28:28,1aiwy6,100,China: US risks antagonizing North Korea,edition.cnn.com,http://edition.cnn.com/2013/03/18/world/asia/china-us-north-korea/?hpt=hp_t2
2013-03-18,02:05:16,1ah2xa,83,Israel to define itself as 'national state of Jewish people' - despite Arab population,telegraph.co.uk,http://www.telegraph.co.uk/news/worldnews/middleeast/israel/9935954/Israel-to-define-itself-as-national-state-of-Jewish-people-despite-Arab-population.html
2013-03-18,07:40:16,1ahq9e,80,China replaces Britain in world's top five arms exporters,uk.reuters.com,http://uk.reuters.com/article/2013/03/17/china-arms-exports-idUKL3N0C40SL20130317
2013-03-18,17:24:27,1ail5o,76,Euro Plummets as Cyprus Bailout Stokes Bank Run Fears,finance.yahoo.com,http://finance.yahoo.com/news/forex-news-euro-plummets-cyprus-041400720.html
2013-03-18,23:50:57,1aj26o,77,Scientists clone extinct frog,guardian.co.uk,http://www.guardian.co.uk/science/shortcuts/2013/mar/18/scientists-clone-extinct-frog
2013-03-18,20:52:41,1ais3u,77,Cypriot Outrage Over Tax Could Derail Euro-Area Bailout,bloomberg.com,http://www.bloomberg.com/news/2013-03-17/europe-braces-for-renewed-turmoil-as-cyprus-deposit-levy-at-risk.html
2013-03-18,18:29:00,1ain3x,55,"Cyprus bank deposit ""levy"": ""People are panicking, they're afraid of losing their money, they don't feel they can trust banks anymore. The problem with this levy is that it is the cautious, working-class people who are being made to pay.""",feeds.guardian.co.uk,http://feeds.guardian.co.uk/~r/theguardian/rss/~3/0g7Pw6yW5h8/cyprus-bailout-seize-savings-deposits
