2013-05-30,03:27:41,1fa7jl,2916,"Irish priest: Delay communions until adulthood -- ""It should be when people have choice, when they have proper formation [of faith]. What I’m saying isn’t off the wall, it’s realistic.""",irishexaminer.com,http://www.irishexaminer.com/ireland/delay-communions-until-adulthood-says-priest-232680.html
2013-05-30,15:18:59,1fbm3a,2360,First topless protest in an Islamic state leads to 3 arrests (NSFW).,euronews.com,http://www.euronews.com/2013/05/29/femen-activists-arrested-over-topless-protest-in-tunisia/
2013-05-30,02:09:01,1fa1hr,2347,Hungary torches 500 hectares of GM corn to eradicate GMOs from food supply,gmwatch.org,http://www.gmwatch.org/index.php?option=com_content&view=article&id=14865:hungary-destroys-crops-from-monsantos-gm-seeds
2013-05-30,18:58:22,1fbtm3,2231,"A pair of Saudi maids each get 1,000 lashes & 10 years in prison for witchcraft. A compassionate sentence for a crime that usually results in the death penalty.",emirates247.com,http://www.emirates247.com/crime/region/two-maids-get-10-years-1-000-lashes-for-sorcery-2013-05-20-1.507147
2013-05-30,04:36:10,1fad1v,1829,Girl turns up at a police station in the UK on her wedding night and claims she had been forced to marry a man she had only met once or she would be killed,tribune.com.pk,http://tribune.com.pk/story/556024/uk-teen-threatened-to-be-killed-in-pakistan-if-she-refused-to-marry/
2013-05-30,22:53:24,1fc3oc,1803,U.N investigators say most Syrian rebels are not seeking democracy,reuters.com,http://www.reuters.com/article/2013/05/29/us-syria-crisis-violations-idUSBRE94S1AO20130529
2013-05-30,02:16:51,1fa22x,1714,"Canadian abortion rights campaigner Henry Morgentaler has died. Parents killed by Nazis, survived the Polish Ghetto, Aushwitz and Dachau. Persecuted in Canada, went to prison for 10 years Responsible for the eventual overturning of Canada's abortion laws. A true humanitarian and hero.",en.wikipedia.org,http://en.wikipedia.org/wiki/Henry_Morgentaler
2013-05-30,21:15:14,1fbyk2,1403,Iran is in the throes of an unprecedented sexual revolution. Could it eventually topple the regime?,foreignpolicy.com,http://www.foreignpolicy.com/articles/2013/05/29/erotic_republic_Iran_sexual_revolution
2013-05-30,23:32:18,1fc695,1305,"More than 1,000 dog skulls found in Thai garbage dump. Authorities fear that the dogs were killed for food, most likely meatballs, and that the processor intentionally started the fire to cover his or her tracks.",globalpost.com,http://www.globalpost.com/dispatches/globalpost-blogs/weird-wide-web/skulls-dogs-likely-made-meatballs-found-thailand-garbage-
2013-05-30,00:40:24,1f9usb,1284,Preserved Ice Age mammoth found with flowing blood in Siberia,digitaljournal.com,http://www.digitaljournal.com/article/351064
2013-05-30,15:46:23,1fbn72,767,Assad: Syria has received Russian missile shipment,reuters.com,http://www.reuters.com/article/2013/05/30/us-syria-russia-missiles-idUSBRE94T05S20130530?feedType=RSS&feedName=worldNews
2013-05-30,23:00:27,1fc483,647,"Extremists arrested in Turkey, supposedly carrying 2 kg of Sarin gas.",english.ruvr.ru,http://english.ruvr.ru/news/2013_05_30/Turkey-arrests-extremists-with-sarin-gas-for-Syria-media-0554/
2013-05-30,00:27:06,1f9tt3,616,Buddhist Mobs Burn Mosque and Muslim School in Myanmar,nytimes.com,http://www.nytimes.com/2013/05/30/world/asia/religious-violence-myanmar.html?_r=0
2013-05-30,14:03:35,1fbiaq,493,Deadly New Virus Is Spreading. Virus has killed half the people known to be infected.,weather.com,http://www.weather.com/health/new-coronavirus-takes-another-life-20130529
2013-05-30,00:53:55,1f9vs3,446,UN Report: an astounding 99.3% of Egyptian women have experienced harassment,midnightwatcher.wordpress.com,http://midnightwatcher.wordpress.com/2013/05/06/un-report-an-astounding-99-3-of-egyptian-women-have-experienced-harassment-and-its-getting-worse/
2013-05-30,17:22:57,1fbqp7,420,Almost half of people shot dead by Australian police were mentally ill: Report says 44 out of 105 fatal shootings in the past 22 years were of people with mental illness,guardian.co.uk,http://www.guardian.co.uk/world/2013/may/30/half-shot-police-mentally-ill?
2013-05-30,12:43:08,1fbddt,388,Soldier will plead guilty to slaughtering 16 villagers in Afghanistan to avoid the death penalty,news.yahoo.com,http://news.yahoo.com/ap-exclusive-soldier-admit-afghan-massacre-202930434.html
2013-05-30,07:34:29,1fara3,247,"A Muslim-run company have been ordered to pay a Christian worker over £2,000 for racially discriminating against him because he is white",telegraph.co.uk,http://www.telegraph.co.uk/news/uknews/law-and-order/10086468/Muslim-run-company-to-compensate-Christian-worker-for-race-discrimination.html
2013-05-30,22:12:15,1fc19t,217,Middle East Coronavirus Called 'Threat To The Entire World',npr.org,http://www.npr.org/blogs/health/2013/05/29/187052727/middle-east-coronavirus-called-threat-to-the-entire-world
2013-05-30,21:14:56,1fbyjm,207,Sexual allegations about 81 BBC staff have been reported since the Jimmy Savile scandal came to light - with almost half still working for the corporation,independent.co.uk,http://www.independent.co.uk/news/uk/crime/81-bbc-staff-face-sex-allegations-in-wake-of-jimmy-savile-scandal-8637443.html
2013-05-30,22:52:59,1fc3n8,163,UN rights chief urges global powers: Don't send arms to Syria rebels.[xpost /r/strictlyworldpolitics],reuters.com,http://www.reuters.com/article/2013/05/29/us-syria-crisis-rights-idUSBRE94S0R820130529
2013-05-30,14:57:21,1fbl3i,167,Assad: We received 1st shipment of S-300 missiles from Russia,ynetnews.com,"http://www.ynetnews.com/articles/0,7340,L-4386095,00.html"
2013-05-30,19:56:09,1fbvj4,159,UK special forces “snatched” Woolwich terror suspect Michael Adebolajo as he tried to enter Somalia from Kenya in 2010 and was flown back to Britain and allowed to roam free for the next two and a half years after he was give a “clean bill of health” by security services,telegraph.co.uk,http://www.telegraph.co.uk/news/uknews/terrorism-in-the-uk/10088371/Special-Forces-snatched-Woolwich-murder-suspect-from-Kenya.html
2013-05-30,23:07:47,1fc4ph,147,Syrian Rebels Fragment Over Growing Power of Islamists,online.wsj.com,http://online.wsj.com/article/SB10001424127887323975004578499100684326558.html
2013-05-30,01:03:53,1f9wjc,133,Two men become first gay couple to wed in France,thelocal.fr,http://www.thelocal.fr/20130529/france-makes-history-as-first-gay-couple-wed
2013-05-30,00:03:38,1f9s4x,131,A suicide bomber blew himself up at the gate of the International Committee of the Red Cross office in the Afghan city of Jalalabad and two more insurgents entered the building,reuters.com,http://www.reuters.com/article/2013/05/29/us-afghanistan-icrc-idUSBRE94S0QA20130529
2013-05-30,23:11:33,1fc4y6,124,Rape in South Africa and other African countries. Some shocking stats.,hurriyetdailynews.com,http://www.hurriyetdailynews.com/an-african-iceberg.aspx?pageID=449&nID=47710&NewsCatID=418
2013-05-30,01:22:25,1f9xxg,84,Syrian Civil War Destabilizing Entire Region As Bashar Assad Hangs On,lrb.co.uk,http://www.lrb.co.uk/v35/n11/patrick-cockburn/is-it-the-end-of-sykes-picot
2013-05-30,19:16:57,1fbu74,87,Japanese firm agrees to stop selling snacks made from endangered whales,guardian.co.uk,http://www.guardian.co.uk/world/2013/may/30/japanese-firm-endangered-whale-pet-treats
2013-05-30,17:27:51,1fbqub,75,"Israel: ""Will act to prevent S-300 systems from becoming operational""",haaretz.com,http://www.haaretz.com/news/diplomacy-defense/israel-says-will-act-to-prevent-s-300-missile-systems-from-becoming-operational-1.526653?localLinksEnabled=false
