2013-03-11,06:34:38,1a1ocz,2432,South Korean Military Now Preparing for Unexpected North Korean Move,english.yonhapnews.co.kr,http://english.yonhapnews.co.kr/news/2013/03/10/0200000000AEN20130310004500315.HTML
2013-03-11,19:01:45,1a2qy0,2366,North Korea invalidates 60 year armistice and cuts off direct phone lines to South Korea.,cnn.com,http://www.cnn.com/2013/03/11/world/asia/north-korea-armistice/index.html?hpt=hp_t1
2013-03-11,18:20:59,1a2pnm,1658,"Nearly 3,000 dead pigs found in river supplying Shanghai's drinking water",telegraph.co.uk,http://www.telegraph.co.uk/news/worldnews/asia/china/9921850/Nearly-3000-dead-pigs-found-in-river-supplying-Shanghais-drinking-water.html
2013-03-11,21:24:40,1a2wb9,1586,"Asia's turning tide against shark fin soup. China’s Communist Party vowed to phase out shark fin soup from official functions. Taiwan, the fourth-largest shark fin market, outlawed fishermen from sawing off shark fins and dumping the carcass overboard. The same rule applies to boatmen in EU waters.",globalpost.com,http://www.globalpost.com/dispatch/news/regions/asia-pacific/130306/shark-fin-soup-endangered-species-wildlife
2013-03-11,02:27:24,1a17y0,1043,Rice prices skyrocket in North Korea,globalpost.com,http://www.globalpost.com/dispatch/news/regions/asia-pacific/130310/rice-prices-skyrocket-north-korea
2013-03-11,07:37:32,1a1sjv,813,"S. Korea, U.S. kick off annual war game amid tension
",english.yonhapnews.co.kr,http://english.yonhapnews.co.kr/northkorea/2013/03/11/91/0401000000AEN20130311000700315F.HTML
2013-03-11,05:47:44,1a1lkt,703,The Reserve Bank of Australia has been hacked by the Chinese,afr.com,http://www.afr.com/p/national/cyber_attackers_penetrate_reserve_FEdCLOI50owRMgI0urEYnK
2013-03-11,11:33:50,1a28kj,540,"Former 10 y.o. Yemeni child bride Nujood Ali is now 15. She stopped going to school and fled daily beatings by her father, who is stealing all proceeds from her book. ""I made it possible for my father to buy new wives.""",rnw.nl,http://www.rnw.nl/english/article/%E2%80%9Ci-made-it-possible-my-father-buy-new-wives%E2%80%9D
2013-03-11,12:26:24,1a2bxl,534,Kim Jong-un's Slush Funds Found,english.chosun.com,http://english.chosun.com/site/data/html_dir/2013/03/11/2013031101105.html
2013-03-11,01:35:58,1a14q7,309,"In China, public anger is growing over secrecy on environment
",reuters.com,http://www.reuters.com/article/2013/03/10/china-parliament-pollution-idINDEE92900B20130310
2013-03-11,18:26:04,1a2pu2,276,"Call for Cannabis to Relieve Pain in New South Wales - 

It should be approved for medicinal use to help people suffering chronic pain, advocates tell parliamentary committee, which is looking into 
 feasibility & safety of using it as a medicine, legal implications & how to get it to   patients.",theaustralian.com.au,http://www.theaustralian.com.au/news/breaking-news/call-for-cannabis-to-relieve-pain-in-nsw/story-fn3dxiwe-1226594803997
2013-03-11,10:49:16,1a25jf,272,N. Korea reiterates will to invalidate armistice pact,english.yonhapnews.co.kr,http://english.yonhapnews.co.kr/news/2013/03/11/0200000000AEN20130311003900315.HTML
2013-03-11,01:44:39,1a1590,222,Northern Irish women risk jail by admitting use of abortion drugs,guardian.co.uk,http://www.guardian.co.uk/world/2013/mar/10/northern-irish-women-risk-jail-over-abortion-drug-use
2013-03-11,05:16:30,1a1jh5,220,Saudi Arabia may stop beheading due to swordsmen shortages,english.ahram.org.eg,http://english.ahram.org.eg/News/66531.aspx
2013-03-11,12:37:12,1a2cjh,203,"POLICE have issued a warning about a bad batch of LSD imprinted with an image of pop icon Psy doing a 'Gangnam Style' dance.
",news.com.au,http://www.news.com.au/national-news/gangnam-style-drug-warning/story-fncynjr2-1226594845685#ixzz2NCcim5ln
2013-03-11,09:30:45,1a20be,175,N. Korea threatens all-out war ahead of S. Korea-U.S. military drill,english.yonhapnews.co.kr,http://english.yonhapnews.co.kr/news/2013/03/10/38/0200000000AEN20130310002600315F.HTML
2013-03-11,07:47:44,1a1t7w,173,Sweden Princess Lilian dies aged 97.,bbc.co.uk,http://www.bbc.co.uk/news/world-europe-21735827
2013-03-11,21:14:59,1a2vvc,158,Bundestag votes that acess to clean water isn't a human right - opens road to clean water resources privatisation in EU (and beyond?),bundestag.de,http://www.bundestag.de/bundestag/plenum/abstimmung/grafik/index.jsp?id=213
2013-03-11,06:18:55,1a1nfu,145,"US, Japan, EU Announce New Pressure on North Korea: UN Investigation into Human Rights Abuses to Lead to International Criminal Court Case",scmp.com,http://www.scmp.com/news/asia/article/1187923/un-inquiry-north-koreas-rights-record-sought-japan-and-europe?
2013-03-11,21:21:16,1a2w4y,143,"Nazis would be elected today, over 50% of Austrians believe.",independent.co.uk,http://www.independent.co.uk/news/world/europe/over-half-of-austrians-think-the-nazis-would-be-elected-if-the-party-was-readmitted-to-politics-8528218.html
2013-03-11,19:47:16,1a2sds,132,"After centuries of public beheadings, the kingdom of Saudi Arabia is considering firing squads as an alternative means of execution “because of the scarcity of swordsmen and their unavailability in a number of regions”",nytimes.com,http://www.nytimes.com/2013/03/11/world/middleeast/saudis-consider-firing-squads-for-executions.html?partner=rss&emc=rss&_r=0#.UT3ED3ZnT7k.reddit
2013-03-11,03:30:09,1a1c5l,132,"Polish plant 'using rotten meat': ""A Polish meat plant exporting to EU countries has been closed after inspectors discovered it was adding old meat to products""
",irishtimes.com,http://www.irishtimes.com/news/polish-plant-using-rotten-meat-1.1320512
2013-03-11,13:57:11,1a2gvs,122,A Push to Investigate North Korea's Human Rights Abuses,rendezvous.blogs.nytimes.com,http://rendezvous.blogs.nytimes.com/2013/03/11/a-push-to-investigate-north-koreas-human-rights-abuses/
2013-03-11,04:09:02,1a1ery,112,Outrage as lion that killed woman as she made love to boyfriend is shot,telegraph.co.uk,http://www.telegraph.co.uk/news/worldnews/africaandindianocean/zimbabwe/9920699/Outrage-as-lion-that-killed-woman-as-she-made-love-to-boyfriend-is-shot.html
2013-03-11,09:56:21,1a21yz,107,Delhi gangrape case: Prime suspect Ram Singh commits suicide,timesofindia.indiatimes.com,http://timesofindia.indiatimes.com/city/delhi/Delhi-gangrape-case-Prime-accused-Ram-Singh-commits-suicide/articleshow/18902304.cms
2013-03-11,22:20:15,1a2z8x,102,"Several US and Afghan commandos shot dead in a so-called insider attack at base in Wardak province, Afghanistan ",bbc.co.uk,http://www.bbc.co.uk/news/world-asia-21738169
2013-03-11,10:33:52,1a24hm,75,North Korea Threatens to Target Defense Nominee in South,sfgate.com,http://www.sfgate.com/business/bloomberg/article/North-Korea-Threatens-to-Target-Defense-Nominee-4343821.php
2013-03-11,12:09:55,1a2ayi,63,Chinese State Media Hints at Implosion of N.Korean Regime,english.chosun.com,http://english.chosun.com/site/data/html_dir/2013/03/11/2013031101079.html
2013-03-11,17:10:39,1a2nn3,49,"Antibiotic resistance could be ""catastrophic threat"" to humans",uk.news.yahoo.com,http://uk.news.yahoo.com/antibiotic-resistance-catastrophic-threat-medical-chief-000913224.html
2013-03-11,07:06:17,1a1qg7,41,Saudi Arabia jails two prominent rights activists for 10 years,reuters.com,http://www.reuters.com/article/2013/03/09/us-saudi-activists-prison-idUSBRE9280BK20130309
