2013-11-03,22:33:59,1pt4rp,3102,"Innocent man accused of paedophilia, burned to death in UK",telegraph.co.uk,http://www.telegraph.co.uk/news/uknews/crime/10421076/Police-suspended-after-innocent-man-accused-of-paedophilia-burned-to-death.html
2013-11-03,22:33:42,1pt4rb,2993,"Inspired by Snowden, more NSA insiders are blowing the whistle",boingboing.net,http://boingboing.net/2013/11/02/inspired-by-snowden-more-nsa.html
2013-11-03,15:16:23,1psrbg,2777,United Arab Emirates pushes for stronger laws against sorcerers,thenational.ae,http://www.thenational.ae/uae/government/fnc-wants-tougher-laws-against-sorcery
2013-11-03,02:20:45,1prf8h,2393,Edward Snowden: 'Speaking The Truth Is Not A Crime',ideastream.org,http://www.ideastream.org/news/npr/242542146
2013-11-03,02:33:08,1prg4i,1701,Two French journalists executed in Mali,aljazeera.com,http://www.aljazeera.com/news/africa/2013/11/two-french-journalists-executed-mali-2013112174124558898.html
2013-11-03,19:09:54,1psxm7,1685,More than 1500 pieces of art found in German House. Estimated worth more than €1.000.000.000.,focus.de,https://www.focus.de/magazin/videos/focus-titel-der-nazi-schatz_vid_42248.html
2013-11-03,22:14:06,1pt3tl,1634,"Resistance heroine who led 7,000 men against the Nazis - A tribute to Nancy Wake, the Second World War's most decorated woman, who has died at the age of 98",independent.co.uk,http://www.independent.co.uk/news/world/europe/resistance-heroine-who-led-7000-men-against-the-nazis-2334156.html
2013-11-03,19:05:32,1psxif,895,Mexico says it will waive most of $487 million debt owed by Cuba,uk.reuters.com,http://uk.reuters.com/article/2013/11/01/uk-mexico-cuba-idUKBRE9A00RV20131101
2013-11-03,20:23:59,1pszox,830,"4,000-pound, World War II bomb forces mass evacuation in Germany",cbsnews.com,http://www.cbsnews.com/8301-202_162-57610571/4000-pound-world-war-ii-bomb-forces-mass-evacuation-in-germany/
2013-11-03,23:37:58,1pt8bm,750,An Afghan Tragedy: The Pashtun practice of having sex with young boys,independent.co.uk,http://www.independent.co.uk/voices/comment/an-afghan-tragedy-the-pashtun-practice-of-having-sex-with-young-boys-8911529.html
2013-11-03,00:27:03,1pr7n4,686,"Snowden document reveals key role of companies in NSA data collection. NSA leverages relationships with commercial partners to collect vast quantities of data from fibre-optic cables, file shows.",theguardian.com,http://www.theguardian.com/world/2013/nov/01/nsa-data-collection-tech-firms
2013-11-03,02:35:50,1prgbh,637,Additional NSA employees said to be following Snowden's lead,presstv.ir,http://www.presstv.ir/detail/2013/11/02/332624/nsa-employees-following-snowdens-lead/
2013-11-03,20:19:48,1pszkq,470,Latest Snowden Leaks: Everyone Is Spying On Everyone and Sharing It,motherboard.vice.com,http://motherboard.vice.com/blog/everyone-is-spying-on-everyone-and-sharing-it
2013-11-03,09:49:14,1psa8p,435,"the NSA, intent on exploiting the communications revolution to the full, developing ever more intrusive programmes in pursuit of its ambition to have surveillance cover of the whole planet: total command of what the NSA refers to as the 'digital battlefield'.",theguardian.com,http://www.theguardian.com/world/2013/nov/02/nsa-portrait-total-surveillance
2013-11-03,12:54:02,1psl6z,333,"Brazil thinks it’s being colonized by China, and wants its economy back",qz.com,http://qz.com/142551/brazil-thinks-its-being-colonized-by-china-and-wants-its-economy-back/
2013-11-03,11:36:23,1psgw1,254,"India's Mars mission launch cleared for Tuesday, Nov 5",thehindu.com,http://www.thehindu.com/sci-tech/science/mars-mission-launch-cleared-for-tuesday/article5305912.ece?homepage=true
2013-11-03,23:19:10,1pt76p,236,France is now the second-biggest consumer of fast food in the world.,npr.org,http://www.npr.org/blogs/thesalt/2013/04/29/179879664/mon-dieu-fast-food-now-rules-in-france
2013-11-03,08:33:16,1ps5ex,160,Bloody October: 30 Iraqi civilians killed every day in deadliest month since 2008,worldnews.nbcnews.com,http://worldnews.nbcnews.com/_news/2013/11/01/21276375-bloody-october-30-iraqi-civilians-killed-every-day-in-deadliest-month-since-2008
2013-11-03,23:23:27,1pt7fm,130,"An art collection of around 1500 pictures seized by the Nazis and ordered to be destroyed were discovered in a Munich apartment. Artists include Picasso, Renoir and Matisse. Approx. worth at least a billion Euros.",dailymail.co.uk,http://www.dailymail.co.uk/news/article-2486251/Discovered-Billion-pound-art-collection-seized-Nazis-ordered-destroyed-discovered-rotting-food-dishevelled-Munich-apartment.html
2013-11-03,11:31:24,1psgkn,97,Women-friendly cafe in Benghazi bombed,libyaherald.com,http://www.libyaherald.com/?p=45504
2013-11-03,20:59:00,1pt0ul,91,Injecting sperm may raise chances of conception but lead to fertility problems in next generation,independent.co.uk,http://www.independent.co.uk/news/science/survival-of-the-unfittest-ivf-technique-used-too-widely-watchdog-warns-8919258.html
2013-11-03,23:34:13,1pt83h,85,"Some Fukushima evacuees can never return home, Japanese official admits for the first time",ajw.asahi.com,http://ajw.asahi.com/article/0311disaster/fukushima/AJ201311030016
2013-11-03,14:21:46,1pspb1,68,"In Wetaskiwin, Alberta - An elderly couple died after being hit by a train, when the wife tried and failed to save her husband. “They both died because the one wouldn’t let the other one be stuck on the tracks. What a hero.”",edmontonjournal.com,http://www.edmontonjournal.com/news/Wetaskiwin+couple+killed+train+after+woman+went+back+spouse+with+video/9108483/story.html
2013-11-03,00:36:26,1pr89d,64,"Noam Chomsky slams Canada's shale gas energy plans. Canada's rush to exploit its tar sands and shale gas resources will destroy the environment ""as fast as possible"", according to Noam Chomsky.",theguardian.com,http://www.theguardian.com/environment/2013/nov/01/noam-chomsky-canadas-shale-gas-energy-tar-sands
2013-11-03,00:41:17,1pr8km,61,No Morsel Too Minuscule for All-Consuming N.S.A.,nytimes.com,http://www.nytimes.com/2013/11/03/world/no-morsel-too-minuscule-for-all-consuming-nsa.html?hp&_r=0
2013-11-03,19:33:39,1psyah,60,India's mission to Mars set for take off on November 5,indianexpress.com,http://www.indianexpress.com/news/indias-mission-to-mars-set-for-take-off-on-november-5/1190581/
2013-11-03,00:58:10,1pr9pb,49,Venezuela seizes US-owned oil rigs in dispute over unpaid bills,foxnews.com,http://www.foxnews.com/world/2013/11/01/venezuela-seizes-us-owned-oil-rigs-in-dispute-over-unpaid-bills/
2013-11-03,10:10:31,1psbm9,44,"Rare Hybrid Solar Eclipse tomorrow, November 3. Eastern North America, Europe, Africa, and Middle East able to see it. (x-post from space)",weather.com,http://www.weather.com/news/science/space/hybrid-eclipse-coming-november-20131029
2013-11-03,02:54:20,1prhlp,46,"British Accuse David Miranda, Glenn Greenwald's Partner, Of 'Terrorism'.",huffingtonpost.com,http://www.huffingtonpost.com/2013/11/02/david-miranda-terrorism-glenn-greenwald-british_n_4199838.html
2013-11-03,10:06:34,1psbd4,43,NSA: Australia and US used climate change conference to spy on Indonesia,theguardian.com,http://www.theguardian.com/world/2013/nov/02/nsa-australia-bali-conference-spy-indonesia
