2013-05-20,22:54:11,1eoyx3,3089,Police raid school teacher for uploading $4.00 history book to his website that offers free educational resources for students,torrentfreak.com,http://torrentfreak.com/police-raid-school-teacher-for-uploading-history-book-for-students-130520/
2013-05-20,06:01:14,1enh8d,2368,1000 year old coins discovered in Australia could re-write history,theage.com.au,http://www.theage.com.au/national/ancient-discovery-set-to-rewrite-australian-history-20130519-2juck.html
2013-05-20,18:35:37,1eoog5,2271,"Viacom, Paramount, Fox and Lionsgate have all asked Google to take down links pointing to the Pirate Bay documentary TPB-AFK.",torrentfreak.com,http://torrentfreak.com/hollywood-studios-take-down-pirate-bay-documentary-130519/
2013-05-20,03:50:54,1en79v,1622,North Korean forces have seized a Chinese fishing boat.,news.yahoo.com,http://news.yahoo.com/china-seeks-release-fishing-boat-seized-north-korea-162100668.html
2013-05-20,10:51:31,1eo24y,1516,"Ranbaxy Laboratories knowingly sold inferior and dangerously contaminated generic drugs. When discussing the quality of AIDS drugs sold in Africa, an executive allegedly said, ""Who cares? It's just blacks dying.""",features.blogs.fortune.cnn.com,http://features.blogs.fortune.cnn.com/2013/05/15/ranbaxy-fraud-lipitor/
2013-05-20,21:58:56,1eovxe,1504,Youths burn 100 cars in north Stockholm riots,thelocal.se,http://www.thelocal.se/48006/20130520/#.UZodPbWcfaw
2013-05-20,01:52:59,1emytm,1178,Deforestation in the Brazilian Amazon pacing 88% higher than last year's rate,news.mongabay.com,http://news.mongabay.com/2013/0518-imazon-sad-update.html
2013-05-20,11:32:55,1eo52o,964,"""Yemeni women used to tell their children, ‘go to bed or I will call your father,’"" a villager tells CNN. ""Now they say, ‘go to bed or I will call the drone.’ That is a golden ticket you give al Qaeda to use against you.""",globalpublicsquare.blogs.cnn.com,http://globalpublicsquare.blogs.cnn.com/2013/05/16/you-have-given-al-qaeda-a-golden-ticket/
2013-05-20,03:22:36,1en57y,463,Report Calls on World Leaders to End War on Drugs,huffingtonpost.com,http://www.huffingtonpost.com/2013/05/17/oas-drug-report-legalization_n_3294900.html
2013-05-20,19:18:50,1eopqe,361,"UK Police retain DNA from thousands of children. Some 120,000 gene samples taken in two years, as police forces argue they are acting within the law",guardian.co.uk,http://www.guardian.co.uk/uk/2013/may/20/police-retain-dna-thousands-children
2013-05-20,19:37:36,1eoqbe,329,Golden Dawn MP stopped from taking gun into parliament.,enetenglish.gr,http://www.enetenglish.gr/?i=news.en.society&id=964
2013-05-20,16:33:56,1eokrp,257,North Korea launches short-range missile into East Sea for the third day in a row,english.yonhapnews.co.kr,http://english.yonhapnews.co.kr/northkorea/2013/05/20/1/0401000000AEN20130520007700315F.HTML
2013-05-20,18:49:20,1eoou8,254,"News museum caves to Israel lobby: ""will not honor two cameramen killed while working for Hamas-run Al-Aqsa TV, reversing a Friday decision to include them on a memorial for fallen journalists""",huffingtonpost.com,http://www.huffingtonpost.com/2013/05/13/newseum-hamas_n_3265931.html?utm_hp_ref=dc&ir=DC&utm_source=feedly
2013-05-20,05:14:04,1endl2,244,How Humans Are Changing the Planet—in 7 Dramatic GIFs,theatlantic.com,http://www.theatlantic.com/technology/archive/2013/05/how-humans-are-changing-the-planet-in-7-dramatic-gifs/275706/
2013-05-20,15:08:51,1eohe1,181,Julian Assange reveals GCHQ messages discussing Swedish extradition,guardian.co.uk,http://www.guardian.co.uk/media/2013/may/20/julian-assange-gchq-messages-extradition?CMP=twt_fd
2013-05-20,20:58:20,1eot6k,177,"Half of the silk on sale in Beijing contains little or no silk, study finds.",scmp.com,http://www.scmp.com/news/china/article/1241859/beijing-silk-products-fail-quality-tests
2013-05-20,23:09:50,1eozx6,149,GCHQ embarrassment as WikiLeaks founder Julian Assange reveals instant messages that he says point to 'fit up',independent.co.uk,http://www.independent.co.uk/news/uk/home-news/gchq-embarrassment-as-wikileaks-founder-julian-assange-reveals-instant-messages-that-he-says-point-to-fit-up-8623951.html
2013-05-20,17:13:49,1eom23,139,Restraint is the new red in China: President Xi Jinping is pressing the Communist Party's elite to cut back on lavish living amid growing public resentment. The economic effect is far-reaching.,latimes.com,"http://www.latimes.com/news/nationworld/world/la-fg-china-luxury-corruption-20130520,0,6128263,full.story"
2013-05-20,18:44:52,1eoopw,123,Syria has surface-to-surface Tishreen missiles aimed at Tel Aviv and is ready to use them should Israel decide to conduct a strike on Damascus,jpost.com,http://www.jpost.com/LandedPages/PrintArticle.aspx?id=313591
2013-05-20,12:54:07,1eoacj,112,"Do white people have a future in South Africa? 'The answer, as with so many similar existential questions, is ""Yes - but…""'",bbc.co.uk,http://www.bbc.co.uk/news/magazine-22554709?
2013-05-20,06:23:47,1enixi,100,Rice being planted 10 miles from Fukushima Daiichi — Residents can’t stay in town overnight — “Intended for sale”,japantimes.co.jp,http://www.japantimes.co.jp/news/2013/05/20/national/rice-planted-in-former-no-go-zone/#.UZk2dGfYGTc
2013-05-20,09:29:29,1enwad,101,"Julian Assange reveals GCHQ messages discussing Swedish extradition - WikiLeaks founder uses subject access request to access British agency chatter, which allegedly calls extradition 'a fit-up'",guardian.co.uk,http://www.guardian.co.uk/media/2013/may/20/julian-assange-gchq-messages-extradition
2013-05-20,23:22:19,1ep0q3,95,China: Water shortages put a brake on economic growth,ft.com,http://www.ft.com/intl/cms/s/2/7d6f69ea-bc73-11e2-b344-00144feab7de.html#axzz2TNqI0NoR
2013-05-20,02:13:19,1en09n,86,UK astronaut Tim Peake to go to ISS,bbc.co.uk,http://www.bbc.co.uk/news/science-environment-22579023
2013-05-20,21:03:16,1eotdn,89,Mother of Chinese rape victim becomes human rights crusader: “The biggest change for me has been that I no longer believe there is justice in this society”,rawstory.com,http://www.rawstory.com/rs/2013/05/20/mother-of-chinese-rape-victim-becomes-human-rights-crusader/
2013-05-20,01:11:54,1emw6u,80,"Oil-price manipulation - the next Libor?: The EC raided the offices of Shell, BP and Norway's Statoil this week as part of an investigation into suspected attempts to manipulate global oil prices spanning more than a decade",money.cnn.com,http://money.cnn.com/2013/05/17/news/economy/oil-price-libor/index.html?iid=HP_LN
2013-05-20,20:43:49,1eosmu,74,Breaking bad Australia - home meth labs and drug use soars,news.com.au,http://www.news.com.au/national-news/more-australians-are-breaking-bad-with-home-meth-labs/story-fncynjr2-1226646705062
2013-05-20,17:00:46,1eolnf,62,"After seven months of beatings, burns, electric shocks and constant threats to kill him, an Eritrean refugee has finally been freed by his kidnappers in Egypt's Sinai desert.",bbc.co.uk,http://www.bbc.co.uk/news/world-africa-22575182
2013-05-20,12:56:23,1eoai1,57,"North Korea has seized a Chinese fishing vessel, likely worsening the relationship between the two countries.",nytimes.com,http://www.nytimes.com/2013/05/20/world/asia/north-korea-seized-chinese-fishing-boat.html?partner=rss&emc=rss&_r=0
2013-05-20,04:05:41,1en8fi,49,Settler aims gun at child's head,mondoweiss.net,http://mondoweiss.net/2013/05/soldiers-outside-settlement.html
