2013-09-04,14:00:11,1lp329,3427,All major commercial TV networks in Australia refusing to air ad critical of Murdoch's biased coverage of the election.,getup.org.au,https://www.getup.org.au/campaigns/media/murdoch-ad-update/why-we-were-banned
2013-09-04,23:20:37,1lpruw,3352,"Putin: The problem is not that we’re defending Snowden. We’re not. The problem is that we don’t have a mutual extradition treaty with the US. They refused to sign such a treaty. And they don't extradite our criminals…who have tortured people, trafficked people, whose hands are covered in blood",en.rian.ru,http://en.rian.ru/russia/20130904/183164706/Russia-Will-Not-Hand-Snowden-Over-to-US--Putin.html
2013-09-04,07:48:31,1lobg4,3180,"Sweden grants blanket asylum to Syrian refugees. “All Syrian asylum seekers who apply for asylum in Sweden will get it""",tribune.com.pk,http://tribune.com.pk/story/599235/sweden-grants-blanket-asylum-to-syrian-refugees/
2013-09-04,22:22:47,1lpo4x,2334,"Putin accused Secretary of State Kerry of lying after Kerry denied Al-Qaeda existence in Syria. ""He lies and he knows he lies. It's pretty sad.""",lenta.ru,http://lenta.ru/news/2013/09/04/liars/
2013-09-04,03:40:31,1lnr54,1850,"In lieu of military intervention, Britain vows to 'lead the world' in providing humanitarian aid for Syrian refugees",bbc.co.uk,http://www.bbc.co.uk/news/uk-politics-23942037
2013-09-04,11:07:27,1loqvg,1531,"Radiation Levels At Fukushima Soar By Over 20% In Three Days, Hit 2,200 mSv And Rising",zerohedge.com,http://www.zerohedge.com/news/2013-09-03/radiation-levels-fukushima-soar-20-three-days-rise-2200-msv
2013-09-04,20:36:47,1lpiq6,1517,Vladimir Putin calls Edward Snowden a 'strange guy',smh.com.au,http://www.smh.com.au/world/vladimir-putin-calls-edward-snowden-a-strange-guy-20130904-2t5qd.html
2013-09-04,10:22:43,1lonc2,1440,China now has a higher rate of Diabetes than the United States with 114 million diabetics.,bloomberg.com,http://www.bloomberg.com/news/2013-09-03/china-catastrophe-hits-114-million-as-diabetes-spreads.html
2013-09-04,20:18:23,1lphyh,1027,"Putin warns US against Syria military action: ""We have our ideas about what we will do and how we will do it in case the situation develops toward the use of force or otherwise. We have our plans.""",theguardian.com,http://www.theguardian.com/world/2013/sep/04/putin-warns-military-action-syria
2013-09-04,03:11:51,1lnotc,794,Facebook considers adding people's Facebook photos to facial recognition database.,reuters.com,http://www.reuters.com/article/2013/08/29/us-facebook-facial-idUSBRE97S0UZ20130829?feedType=RSS&feedName=technologyNews
2013-09-04,11:37:39,1lot8t,789,"More than 300,000 attempts were made to access pornographic websites at the Houses of Parliament in the past year, official records suggest.",bbc.co.uk,http://www.bbc.co.uk/news/uk-politics-23954447#TWEET877912
2013-09-04,21:42:22,1lpltd,755,The area of the Amazon where Ecuador plans to drill for oil contains a much higher density of jaguars than anywhere else on the planet,motherboard.vice.com,http://motherboard.vice.com/blog/ecuador-may-have-more-jaguars-than-anywhere-else-on-earth
2013-09-04,01:27:23,1lngdl,603,Obama wins support for limited strike in Syria. Vote expected next week.,m.bbc.co.uk,http://m.bbc.co.uk/news/world-middle-east-23950253
2013-09-04,10:08:56,1lom9k,520,"Syrian Electronic Army revealed: Anonymous hacks SEA website, dumps data. After claims that Syrian regime used chemical weapons on its own population, Anonymous struck, revealing personal information of key members within the Syrian Electronic Army.",globalpost.com,http://www.globalpost.com/dispatches/globalpost-blogs/the-grid/syrian-electronic-army-revealed-anonymous-hacks-sea-website-dum
2013-09-04,22:21:32,1lpo1x,511,David Cameron rules out any future military action in Syria,telegraph.co.uk,http://www.telegraph.co.uk/news/worldnews/middleeast/syria/10286196/David-Cameron-rules-out-any-future-military-action-in-Syria.html
2013-09-04,21:49:36,1lpm78,454,The Vatican is ramping up its opposition to threatened military strikes against Syria as it draws attention to Pope Francis' plans to host a day of fasting and prayer for peace this weekend.,news.yahoo.com,http://news.yahoo.com/vatican-ramps-opposition-syria-strikes-094637800.html
2013-09-04,05:03:47,1lnxy7,342,"We all thought Libya had moved on – it has, but into lawlessness and ruin",independent.co.uk,http://www.independent.co.uk/news/world/africa/special-report-we-all-thought-libya-had-moved-on--it-has-but-into-lawlessness-and-ruin-8797041.html
2013-09-04,23:24:42,1lps44,317,Putin: Russia can support Syria strike if proven that Assad used chemical weapons,latimes.com,"http://www.latimes.com/world/worldnow/la-fg-wn-putin-russia-syria-strike-un-20130904,0,5355559.story?track=rss&utm_source=feedburner&utm_medium=feed&utm_campaign=Feed%3A+latimes%2Fmostviewed+(L.A.+Times+-+Most+Viewed+Stories)"
2013-09-04,03:13:35,1lnoy1,315,"80,000 South African gold miners go on strike",bbc.co.uk,http://www.bbc.co.uk/news/world-africa-23941813
2013-09-04,21:41:53,1lplsf,288,"‘Hands off’: Syrians form human shields outside possible US strike targets, say they are ready to die when bombs start falling.",rt.com,http://rt.com/news/syria-activists-us-bombing-380/?utm_source=browser&utm_medium=aplication_chrome&utm_campaign=chrome
2013-09-04,02:58:01,1lnnp2,282,Oldest Known Land Animal from Gondwana found in South Africa: a 350-million-year-old fossilized scorpion,universityherald.com,http://www.universityherald.com/articles/4420/20130903/oldest-known-land-animal-gondwana-found-eastern-cape.htm
2013-09-04,07:25:52,1lo9nh,270,Japanese Government Will Bankroll a Giant Ice Wall at Fukushima,gizmodo.co.uk,http://www.gizmodo.co.uk/2013/09/japanese-government-will-bankroll-a-giant-ice-wall-at-fukushima/
2013-09-04,23:48:10,1lptqc,237,"Obama says U.S. credibility on the line in Syria response: ""My credibility is not on the line. The international community's credibility is on the line. And America and Congress' credibility is on the line, because we give lip service to the notion that these international norms are important.""",reuters.com,http://www.reuters.com/article/2013/09/04/us-syria-crisis-obama-idUSBRE9830NS20130904
2013-09-04,01:40:01,1lnhdc,226,"First CIA-trained Syrian rebel unit about to join fighting against Assad regime, says Obama",independent.co.uk,http://www.independent.co.uk/news/world/middle-east/first-ciatrained-syrian-rebel-unit-about-to-join-fighting-against-assad-regime-says-obama-8796873.html
2013-09-04,08:19:58,1lodx3,226,UN Chief Discourages Further Militarization of Syria Conflict,voanews.com,http://www.voanews.com/content/un-chief-discourages-further-militarization-of-syria-conflict/1742713.html
2013-09-04,14:45:09,1lp5hk,207,"CODEPINK protestor crashes Senate hearing on Syria: ""The American people do not want this.""",rawstory.com,http://www.rawstory.com/rs/2013/09/03/codepink-protester-crashes-senate-hearing-on-syria-the-american-people-do-not-want-this/
2013-09-04,20:23:14,1lpi5m,187,"PBS Correspondent in Cairo: "" I have been surprised at the unanimity with which people here are opposed to the idea of a U.S. military strike on Syria, despite the fact that some people here believe Assad probably did use chemical weapons.""",pbs.org,http://www.pbs.org/newshour/bb/world/july-dec13/mideast_09-02.html
2013-09-04,10:49:32,1lopgn,141,Pro-Israel groups publicly back U.S. bombing Syria,reuters.com,http://www.reuters.com/article/2013/09/03/us-syria-crisis-usa-israel-idUSBRE98213V20130903
2013-09-04,11:11:57,1lor8c,91,"Russia Deploys Ships Off Syria to Track US Navy Movements, Missile Launches",iswsyria.blogspot.com,http://iswsyria.blogspot.com/2013/09/russian-ships-track-us-navy-movements.html
2013-09-04,09:51:38,1lokxg,90,6.9 earthquake hits southern Japan,reuters.com,http://www.reuters.com/article/2013/09/04/japan-quake-idUST9N0FT08020130904
