2013-09-02,21:55:40,1lkof3,3179,Two thirds of Britons say they would not care if relations with the USA were damaged by Parliament's rejection of Syria intervention,bbc.co.uk,http://www.bbc.co.uk/news/uk-23931479
2013-09-02,19:16:49,1lkips,2812,"Swiss banks to divulge names of wealthy US tax avoiders, pay billions in fines",rt.com,http://rt.com/business/swiss-banks-disclose-assets-196/
2013-09-02,01:24:59,1litch,2755,"Pope Francis condemns the use of chemical weapons and asks for peace on Syria: ""War, never again. Violence never leads to peace, war leads to war, violence leads to violence.""",reuters.com,http://www.reuters.com/article/2013/09/01/us-syria-crisis-pope-idUSBRE98005J20130901
2013-09-02,05:35:00,1lj9ue,1580,"Obama 'has the right' to strike Syria regardless of Congress vote, says Kerry",theguardian.com,http://www.theguardian.com/world/2013/sep/01/obama-strike-syria-congress-kerry
2013-09-02,16:41:45,1lkdh2,949,Germany is Withdrawing 674 Tons of Gold From Foreign Central Banks.,atomicscroll.com,http://atomicscroll.com/php/story.php?context=9&story=11
2013-09-02,21:00:24,1lkm8m,732,The DEA has been listening in on everybody's phone calls since 1987.,nytimes.com,http://www.nytimes.com/2013/09/02/us/drug-agents-use-vast-phone-trove-eclipsing-nsas.html?hp&_r=0
2013-09-02,04:20:09,1lj4of,722,Saudi Arabia backs US strike against Syria,m.aljazeera.com,http://m.aljazeera.com/story/20139114581262102
2013-09-02,23:48:43,1lku9w,658,The Big 3 Canadian telecom companies are trying to convince Canadians that outside competition is bad for them through a massive internet and radio ad campaign.,fairforcanada.ca,http://fairforcanada.ca/
2013-09-02,20:18:27,1lkkpo,601,"Mexico’s Lost Drug War - ""Corruption is so deep within the govt that it’s become a war for drugs, not against. I can’t say freedom of expression exists when I have to live with round-the-clock bodyguards. Journalists in other countries can walk freely on the streets & I can’t.”",texasobserver.org,http://www.texasobserver.org/anabel-hernandez-on-mexicos-lost-war-and-her-new-book-narcoland/
2013-09-02,04:27:56,1lj58k,430,Fukushima's toxic water pool grows as Tepco dithers: ' largest pool of radioactive water in the history of nuclear accidents',smh.com.au,http://www.smh.com.au/world/fukushimas-toxic-water-pool-grows-as-tepco-dithers-20130830-2svvn.html
2013-09-02,21:57:49,1lkoi3,424,Did you hear that a group of 400 angry farmers attacked and destroyed a field trial of GMO rice? That was a lie. Reality was a small number of activists while farmers (who had been bussed in to attend the event) looked on in dismay.,slate.com,http://www.slate.com/blogs/future_tense/2013/08/26/golden_rice_attack_in_philippines_anti_gmo_activists_lie_about_protest_and.html
2013-09-02,18:33:59,1lkhbp,403,The Syrian Electronic Army has defaced the Marines.com website posting a message to all US marines,independent.co.uk,http://www.independent.co.uk/news/world/americas/barack-obama-begins-work-to-convince-congress-on-syria-strike-as-assad-regime-taunts-us-for-historic-retreat-8793837.html
2013-09-02,05:53:14,1ljb28,301,'Mexico's war on drugs is one big lie',theguardian.com,http://www.theguardian.com/world/2013/sep/01/mexico-drugs-anabel-hernandez-narcoland
2013-09-02,12:13:02,1ljzhs,286,British government let company export nerve gas chemicals to Syria in 2012 while Syria’s civil war was raging,belfasttelegraph.co.uk,http://www.belfasttelegraph.co.uk/news/local-national/uk/british-government-let-company-export-nerve-gas-chemicals-to-syria-29544498.html
2013-09-02,20:43:58,1lklkr,272,"Australia's HEMP Party formally launches election campaign with a call for cannabis to be legalised for personal and medical use, just as it is now for industrial purposes",thestar.com.my,http://www.thestar.com.my/News/World/2013/09/02/HEMP-Party-has-high-ambitions-in-Australian-election.aspx
2013-09-02,22:14:50,1lkp7u,259,"The US National Security Agency spied on the communications of the Brazilian and Mexican presidents, and used a program to access all Internet content the Brazilian president visited online",news.yahoo.com,http://news.yahoo.com/us-spied-brazil-mexico-presidents-report-071045395.html;_ylt=A2KJjammPSRS8CMA9VHQtDMD
2013-09-02,13:24:09,1lk3u0,253,"The National Security Agency's spy program targeted the communications of the Brazilian and Mexican presidents, and in the case of Mexico's leader accessed the content of emails before he was elected, Greenwald said Sunday",hosted.ap.org,http://hosted.ap.org/dynamic/stories/L/LT_BRAZIL_NSA_LEADERS?SECTION=HOME&SITE=AP&TEMPLATE=DEFAULT
2013-09-02,07:10:59,1ljgd3,244,"Context for Syria Bombing Campaign: on average, US has bombed another nation at least once every 40 months since 1963",prospect.org,http://prospect.org/article/some-context-our-upcoming-bombing-campaign
2013-09-02,01:29:43,1litly,243,France to declassify secret documents detailing Syria's arsenal of chemical weapons,english.rfi.fr,http://www.english.rfi.fr/france/20130901-france-declassify-secret-documents-detailing-syrias-arsenal-chemical-weapons
2013-09-02,22:03:40,1lkor6,131,Russia Rejects U.S. Evidence on Syrian Chemical Attack,nytimes.com,http://www.nytimes.com/2013/09/03/world/middleeast/russia-syria.html?_r=0
2013-09-02,05:55:38,1ljb8k,121,Vietnam internet restrictions come into effect -- A controversial law banning Vietnamese online users from discussing current affairs has come into effect,bbc.co.uk,http://www.bbc.co.uk/news/world-asia-23920541?rss=1
2013-09-02,08:19:42,1ljkry,117,Syrian Cabinet Minister calls for pre-emptive strikes on U.S.,bloomberg.com,http://www.bloomberg.com/news/2013-09-01/syria-has-right-to-respond-to-u-s-threat-cabinet-minister-says.html
2013-09-02,21:39:16,1lknrh,112,Ecuador To World: Pay Up To Save The Rainforest. World To Ecuador: Meh.,npr.org,http://www.npr.org/blogs/money/2013/09/02/216878935/ecuador-to-world-pay-up-to-save-the-rainforest-world-to-ecuador-meh?sc=17&f=1001
2013-09-02,14:42:57,1lk822,78,"Taliban target U.S. army base in Afghanistan, attack ongoing",reuters.com,http://www.reuters.com/article/2013/09/02/us-afghanistan-taliban-idUSBRE98103D20130902?feedType=RSS&feedName=topNews&utm_source=dlvr.it&utm_medium=twitter&dlvrit=992637
2013-09-02,22:56:28,1lkr9y,63,Japan considering dumping Fukushima’s radioactive water into the Pacific,euronews.com,http://www.euronews.com/2013/09/02/japan-considering-dumping-fukushima-s-radioactive-water-into-the-pacific/
2013-09-02,20:39:44,1lklfj,63,"French Foreign Ministry Tapped By NSA, Says German Magazine",dw.de,http://www.dw.de/french-foreign-ministry-tapped-by-nsa-says-german-magazine/a-17059109
2013-09-02,21:37:34,1lknpj,49,Almost three-quarters of people believe MPs were right to reject UK military action in Syria: Poll,bbc.co.uk,http://www.bbc.co.uk/news/uk-23931479
2013-09-02,03:32:25,1lj1i3,41,Radiation spikes to lethal levels at Japan's Fukushima nuclear plant,nbcnews.com,http://www.nbcnews.com/science/radiation-spikes-lethal-levels-japans-fukushima-nuclear-plant-8C11055429
2013-09-02,06:32:58,1ljdvx,46,Government let British company export nerve gas chemicals to Syria,independent.co.uk,http://www.independent.co.uk/news/uk/politics/government-let-british-company-export-nerve-gas-chemicals-to-syria-8793642.html
2013-09-02,00:47:32,1lir4i,42,"U.K. Spies Trying to Crack Guardian Reporter's Passwords: 'British police seized a trove of leaked secret surveillance documents from the partner of Greenwald at a London airport. Now, the country’s top spy agency has been drafted in helping crack passwords Greenwald was using to protect the files.'",slate.com,http://www.slate.com/blogs/future_tense/2013/08/30/glenn_greenwald_nsa_leaks_u_k_tries_to_crack_passwords_on_guardian_journalist.html
