2013-06-16,07:16:50,1gf7a7,3109,"Turkish European Union minister: ""Everyone who enters the Taksim Square to be treated as terrorist.""",hurriyetdailynews.com,http://www.hurriyetdailynews.com/everyone-who-enters-the-taksim-square-to-be-treated-as-terrorist-turkish-eu-minister.aspx?pageID=238&nID=48875&NewsCatID=338#.UbzmCQ3gg8A.twitter
2013-06-16,00:57:45,1gejxu,2989,Hassan Rouhani wins Iran presidential election,bbc.co.uk,http://www.bbc.co.uk/news/world-middle-east-22916174
2013-06-16,01:52:51,1gena1,2680,"Iran's new president in his own words ""What I truly wish is for moderation to return to the country. This is my only wish. Extremism pains me greatly. We have suffered many blows as a result of extremism.""",bbc.co.uk,http://www.bbc.co.uk/news/world-middle-east-22921680
2013-06-16,11:24:56,1gfli7,1684,New Zealand law permits 'low risk' designer drugs: The legislation is the first in the world to regulate new recreational drugs based on scientific evidence of their risk of harm,newscientist.com,http://www.newscientist.com/article/dn23703-new-zealand-law-permits-low-risk-designer-drugs.html#.Ub0f6ec3DsY
2013-06-16,03:38:02,1getq1,1617,Tear gas and explosions as Police tries to clear Gezi Park in Istanbul,vice.com,http://www.vice.com/read/tim-pool-live-streaming-from-istanbul?utm_source=vicetwitterus
2013-06-16,16:43:55,1gg146,1527,Activists in Turkey claim police targeted medical facilities with water cannon and tear gas,bbc.co.uk,http://www.bbc.co.uk/news/world-europe-22924886
2013-06-16,21:06:51,1gg8bi,1355,Turkish Police are putting acid in the Crowd Dispersal Water Cannon Fluid.,muhalifgazete.com,http://www.muhalifgazete.com/haber/68275/polis-sucustu-yakalndi.html
2013-06-16,13:29:01,1gfsn7,1266,Police have forcibly removed throngs of protesters from Istanbul’s Taksim Square. Tonight was the most violent police crackdown since the initial protests.,democracynow.org,http://www.democracynow.org/blog/2013/6/12/report_from_istanbul_turkish_police_attack_protesters_in_taksim_square_with_tear_gas_water_cannons
2013-06-16,12:10:58,1gfo94,1051,BBC suspends ties with Turkey's NTV over protests coverage,google.com,http://www.google.com/hostednews/afp/article/ALeqM5gjGx8TN3bLdrd5-JVUieznu8khPw?docId=CNG.d16019e8b0214aceaabf05b24a156bc5.c21
2013-06-16,20:36:06,1gg7db,1014,The UK's Deputy Prime Minister Nick Clegg: Arming Syrian rebels is currently 'the wrong thing to do',telegraph.co.uk,http://www.telegraph.co.uk/news/uknews/defence/10123318/Nick-Clegg-Arming-Syrian-rebels-is-currently-the-wrong-thing-to-do.html
2013-06-16,05:53:42,1gf25z,1004,"Iran will send 4,000 troops to aid Bashar al-Assad’s forces in Syria",independent.co.uk,http://www.independent.co.uk/news/world/middle-east/world-exclusive-iran-will-send-4000-troops-to-aid-bashar-alassads-forces-in-syria-8660358.html
2013-06-16,20:34:19,1gg7bc,955,Turkish Police use their water cannon to spray the German hospital in İstanbul,ataturk.org,http://www.ataturk.org/?p=609
2013-06-16,19:42:54,1gg5ym,689,"German Greens party co-chair receives medical attention after being affected by tear gas in Taksim Square, Istanbul: ""It was like war"" Roth told media.",hurriyetdailynews.com,http://www.hurriyetdailynews.com/german-greens-co-chair-affected-by-tear-gas-takes-refuge-at-hotel.aspx?pageID=238&nID=48880&NewsCatID=341
2013-06-16,02:33:56,1gepw9,692,"With the Prime Minister's command, police is preparing for intervention to protests in Gezi Park in Turkey.",dha.com.tr,http://www.dha.com.tr/dhayayin/
2013-06-16,04:07:15,1gevk7,656,Police enter Istanbul's Gezi Park,bbc.co.uk,http://www.bbc.co.uk/news/world-22922697
2013-06-16,21:23:52,1gg8ux,365,Riot police pour into Istanbul before Erdogan rally,bbc.co.uk,http://www.bbc.co.uk/news/world-europe-22925619
2013-06-16,21:46:25,1gg9ld,333,Guardian: Brazilian cities rocked by violent clashes,guardian.co.uk,http://www.guardian.co.uk/world/2013/jun/15/brazil-violent-clashes-police-protests
2013-06-16,22:44:23,1ggbuc,283,Citizens of World Cup hosts Brazil tell the world not to come next year.,101greatgoals.com,http://www.101greatgoals.com/blog/brazilians-tell-the-world-dont-come-to-the-2014-world-cup-finals/#.Ub28u7GGeYk.twitter
2013-06-16,22:04:17,1gga93,260,"Gezi Park Radio's message to the world: ""We take back what's ours!""",opendemocracy.net,http://www.opendemocracy.net/opensecurity/gezi-radyo/we-take-back-whats-ours
2013-06-16,01:20:57,1gelbc,247,"Like something out of a movie, Davide Martello plays the piano to quell the crowds in Taksim Square, Turkey",nytimes.com,http://www.nytimes.com/2013/06/15/arts/music/music-in-istanbul-is-intermission-for-a-protest.html?_r=0
2013-06-16,02:44:21,1geqhv,221,13 Shocking Photos Of Brazilian Military Police Brutalizing Protesters in São Paulo,policymic.com,http://www.policymic.com/articles/48717/13-shocking-photos-of-brazilian-military-police-brutalizing-protesters-in-s-o-paulo
2013-06-16,14:58:07,1gfwzs,217,"Turkish union federation to call general strike this Monday after police raid in Gezi Park, Istanbul",reuters.com,http://www.reuters.com/article/2013/06/15/us-turkey-protests-strike-idUSBRE95E0J220130615
2013-06-16,01:17:57,1gel4l,209,"Fighting the poachers on Africa's thin green line. Underpaid, ill-equipped and outnumbered, park rangers fight a one-sided war against vicious gangs of poachers",guardian.co.uk,http://www.guardian.co.uk/theobserver/2013/jun/15/poachers-africa-thin-green-line?
2013-06-16,20:18:53,1gg6wt,182,Turkish riot police clash with defiant protesters in Istanbul,news247.ie,http://www.news247.ie/?s=turkish
2013-06-16,09:33:29,1gffbs,151,"""Nobody can intimidate us. We take no orders or instruction from anyone but God"" says Erdogan.",bbc.co.uk,http://www.bbc.co.uk/news/world-22922697
2013-06-16,01:12:39,1gektb,135,PM uses tear gas to dispel protesters stadium in Brasilia (FIFA Confederations Cup 2013 in Brazil),translate.google.com.br,http://translate.google.com.br/translate?sl=pt&tl=en&js=n&prev=_t&hl=pt-BR&ie=UTF-8&u=http%3A%2F%2Fg1.globo.com%2Fdistrito-federal%2Fnoticia%2F2013%2F06%2Fgrupo-faz-protesto-em-brasilia-contra-copa-das-confederacoes.html
2013-06-16,09:19:54,1gfelc,126,11-year old New Zealand boy fathers child with 36-year-old woman. No possible rape charges against the woman.,gmanetwork.com,http://www.gmanetwork.com/news/story/313002/news/world/11-year-old-new-zealand-boy-fathers-child-with-36-year-old-woman
2013-06-16,00:53:45,1gejpl,120,AFP: 25 dead as bombs target women students in Pakistan,google.com,http://www.google.com/hostednews/afp/article/ALeqM5gHWuDnfB-QSCEYGb8_0leIUII-FA?docId=CNG.b90bcb5e82e2611ef8804ac656bb40df.251
2013-06-16,11:55:25,1gfnar,110,North Korea proposes peace treaty with U.S.,cnn.com,http://www.cnn.com/2013/06/15/world/asia/north-korea-us-talks/?hpt=hp_t2
2013-06-16,16:13:09,1gg035,75,"Report: Iran sending 4,000 troops to aide Assad in Syria | JPost",jpost.com,http://www.jpost.com/Middle-East/Report-Iran-sending-4000-troops-to-aide-Assad-in-Syria-316680
