2013-04-01,05:59:10,1bdm7j,3288,Cyprus President's Family Transferred Tens Of Millions To London Days Before Deposit Confiscations,enetenglish.gr,http://www.enetenglish.gr/?i=news.en.economy&id=481
2013-04-01,03:39:27,1bdceu,1897,Canadian warship seizes $100-million of heroin in 'massive' high seas bust,news.nationalpost.com,http://news.nationalpost.com/2013/03/31/canadian-warship-seizes-100-million-in-heroin-in-massive-high-seas-bust/?utm_source=dlvr.it&utm_medium=twitter
2013-04-01,15:47:22,1beqr1,1684,Israel jails teenage conscientious objector for eighth time: Nathan Blanc has spent more than 100 days in prison over the past 19 weeks due to his refusal to enlist in Israeli army,guardian.co.uk,http://www.guardian.co.uk/world/2013/apr/01/israel-jails-conscientous-objector-eighth
2013-04-01,21:57:22,1bf3ga,1464,Pakistani Behind the Korean Nukes,businessinsider.com,http://www.businessinsider.com/the-godfather-of-north-koreas-nuclear-bomb-is-a-pakistani-national-treasure-2013-2
2013-04-01,20:24:53,1bezfr,1274,Supreme Court in India has rejected attempts by the drug maker Novartis to patent its cancer drug,bbc.co.uk,http://www.bbc.co.uk/news/business-21991179
2013-04-01,23:45:30,1bfacc,1244,"Canada’s information commissioner is launching an investigation into the “muzzling” of government scientists, a wide-reaching probe that will cover six different federal departments.",thestar.com,http://www.thestar.com/news/canada/2013/04/01/information_commissioner_suzanne_legault_launching_probe_into_muzzling_of_government_scientists.html
2013-04-01,06:05:54,1bdmp3,767,"If the EU were to apply to join the EU, it would not be admitted, because it does not meet the democratic standards required of member states.""",nationalreview.com,http://www.nationalreview.com/articles/344248/cyprus-suffers-eu-folly-john-o-sullivan
2013-04-01,21:25:43,1bf1vk,680,Are Drone Strikes Killing Terrorists or Creating Them?What the evidence says about one of the biggest questions in the debate over targeted killings.,theatlantic.com,http://www.theatlantic.com/international/archive/2013/03/are-drone-strikes-killing-terrorists-or-creating-them/274499/
2013-04-01,07:10:56,1bdrby,600,U.S. F-22 stealth jets join South Korea drills amid saber-rattling,reuters.com,http://www.reuters.com/article/2013/03/31/us-korea-north-usa-f-idUSBRE92U09V20130331
2013-04-01,07:56:03,1bdun6,520,"""North Korea likely has the capability to mount a plutonium-based nuclear warhead on the shorter range Nodong missile, which has a range of about 800 miles"" — Former IAEA inspector David Albright (x-post from /r/NorthKoreaNews)",38north.org,http://38north.org/2013/02/albright021313/
2013-04-01,22:15:46,1bf4ic,441,"Patent’s Defeat in India Is Key Victory for Generic Drugs: India’s top court rejected a Swiss drug maker’s patent request for a major cancer drug on Monday, ensuring poor patients’ access to many of the world’s best drugs, at least for a while",nytimes.com,http://www.nytimes.com/2013/04/02/business/global/top-court-in-india-rejects-novartis-drug-patent.html/
2013-04-01,16:27:16,1besfv,346,"Indian Supreme Court rejects Novartis' patent petition, allowing a price drop on leukemia medicine around the world. From $70,000 to $2,500.",nytimes.com,http://www.nytimes.com/2013/04/02/business/global/top-court-in-india-rejects-novartis-drug-patent.html
2013-04-01,01:05:05,1bd2by,268,Acts of Torture Reveal True Nature Of Egypt's Muslim Brotherhood,al-monitor.com,http://www.al-monitor.com/pulse/culture/2013/03/muslim-brotherhood-torture-egypt.html
2013-04-01,09:52:58,1be2a5,258,India tourist visits down 25% following fatal Delhi gang rape,guardian.co.uk,http://www.guardian.co.uk/world/2013/mar/31/india-tourist-visits-down-delhi-gang-rape
2013-04-01,23:16:37,1bf8co,245,An Afghan teenager has killed an American soldier by running up from behind and stabbing him in the neck,independent.co.uk,http://www.independent.co.uk/news/world/middle-east/us-soldier-stabbed-to-death-by-afghan-teen-8556033.html
2013-04-01,15:12:53,1bep3l,227,Thousands of Moroccans protest to topple Islamist-led government,english.alarabiya.net,http://english.alarabiya.net/en/News/africa/2013/04/01/Thousands-of-Moroccans-protest-to-topple-Islamist-led-government.html
2013-04-01,23:40:25,1bf9zh,215,Canadian federal office is launching a sweeping investigation into complaints that the Harper government has been 'muzzling' and restricting access to scientists,news.nationalpost.com,http://news.nationalpost.com/2013/04/01/information-commissioner-to-investigate-harper-governments-muzzling-of-federal-scientists/?utm_source=dlvr.it&utm_medium=twitter
2013-04-01,04:15:39,1bdey2,160,Cesar Chavez Google doodle on Easter Sunday outrages Christian conservatives online,guardian.co.uk,http://www.guardian.co.uk/technology/us-news-blog/2013/mar/31/cesar-chavez-google-doodle-easter
2013-04-01,09:47:44,1be1v6,125,Brazil: Foreign tourist raped on Rio de Janeiro minibus,bbc.co.uk,http://www.bbc.co.uk/news/world-latin-america-21990788
2013-04-01,21:05:35,1bf0zr,111,"Countries in the developing world are drastically reducing their euro holdings as economic instability in Europe leads them elsewhere to stock their currency reserves. Euro holdings are at their lowest level in a decade, according to the International Monetary Fund.",spiegel.de,http://www.spiegel.de/international/europe/developing-nations-retreating-from-euro-as-reserve-currency-a-891887.html
2013-04-01,14:27:57,1bemlg,100,India's top court dismisses Novartis petition for Glivec patent,uk.reuters.com,http://uk.reuters.com/article/2013/04/01/uk-india-novartis-patent-idUKBRE93002F20130401
2013-04-01,11:04:46,1be7mf,73,Antarctic sea ice is expanding,stuff.co.nz,http://www.stuff.co.nz/world/8494426/Antarctic-sea-ice-is-expanding
2013-04-01,11:25:05,1be9a9,70,A “neuroscience arms race” The increasingly lucrative field of brain research and the politics behind it,thevarsity.ca,http://thevarsity.ca/2013/03/31/a-neuroscience-arms-race/
2013-04-01,13:28:39,1beipq,65,"South Korean President Vows Strong, Swift Military Response if North Provokes",voanews.com,http://www.voanews.com/content/koreas-tensions/1632252.html
2013-04-01,07:16:24,1bdrqn,50,Cyprus’ President-related company transfers €21 mln to London prior to bailout agreement – report,rt.com,http://rt.com/news/cyprus-president-money-withdraw-129/
2013-04-01,18:25:30,1bevkc,51,April Fools’ fly-by: Four asteroids flash past Earth in one day,rt.com,http://rt.com/news/earth-asteroids-fly-by-april-130/
2013-04-01,01:49:39,1bd501,48,North Korea: Nuclear Arsenal 'Will Be Increased'.,news.sky.com,http://news.sky.com/story/1072115/north-korea-nuclear-arsenal-will-be-increased
2013-04-01,22:49:03,1bf6n3,44,"Saudi Arabia to allow women's sports clubs...In 2009 a member of the country's highest council of clerics said girls should not play sports lest they ""lose their virginity"" by tearing their hymens.",reuters.com,http://www.reuters.com/article/2013/03/30/us-saudi-women-sports-idUSBRE92T05620130330
2013-04-01,00:02:36,1bcyu8,42,Official Vatican English translation of Pope Francis Easter speech,washingtonpost.com,http://www.washingtonpost.com/national/on-faith/official-vatican-english-translation-of-pope-francis-easter-speech/2013/03/31/d0b29ff2-9a07-11e2-9219-51eb8387e8f1_story.html
2013-04-01,19:55:50,1beyep,35,"Analysis: Germany sees itself as Europe's grown-up, responsible for wayward children like Greece and Cyprus",reuters.com,http://www.reuters.com/article/2013/04/01/us-eurozone-germany-idUSBRE93003P20130401
