2013-04-25,04:52:41,1d14q6,3013,"Iran Police Dressed a Suspect in Women’s Clothing and Parade Him in Public to humiliate him, Iranian men started protesting by posting photos of themselves in woman's clothing.",buzzfeed.com,http://www.buzzfeed.com/skarlan/iranian-men-dress-in-drag-for-gender-equality
2013-04-25,07:43:15,1d1j5n,2649,"Canadian and American police agencies are in private talks that would allow American agents from organizations like the FBI and the US Drug Enforcement Administration to be accredited as police officers in Canada, with the power to arrest individuals on the street like any Canadian cop.",embassynews.ca,http://www.embassynews.ca/news/2013/04/23/rcmp-grapples-with-questions-of-fbi-authority-in-canada/43707
2013-04-25,18:38:06,1d2nzp,2430,"Putin on Boston bombings: We suffered from terrorists, whom the West called insurgents",rt.com,http://rt.com/news/putin-boston-bombing-terrorists-381/
2013-04-25,20:14:51,1d2r2q,2103,Man found dead on London street 'was probably a stowaway who fell from plane's landing gear,guardian.co.uk,http://www.guardian.co.uk/uk/2013/apr/25/man-street-stowaway-fell-plane
2013-04-25,08:58:22,1d1p44,1541,Dalai Lama Says He Would Support A Woman Successor,huffingtonpost.com,http://www.huffingtonpost.com/mobileweb/2013/04/24/dalai-lama-woman_n_3146425.html?icid=hp_front_top_art
2013-04-25,00:38:13,1d0jjf,1370,"Canada train derail plotter says he does not recognize the Criminal Code of Canada, ""not a holy book""",theglobeandmail.com,http://www.theglobeandmail.com/news/national/terror-plot-suspect-tells-court-criminal-code-not-holy-book/article11518369/
2013-04-25,20:26:35,1d2rgz,1112,The Pirate Bay moves to Iceland - thepiratebay.is is now active,newsoficeland.com,http://www.newsoficeland.com/home/business-economics/private-sector/item/1222-the-pirate-bay-moves-to-iceland-thepiratebayis-is-now-active
2013-04-25,20:39:25,1d2ry1,996,Swedish police found drugs inside Justin Bieber's tour bus,aftonbladet.se,http://www.aftonbladet.se/nojesbladet/musik/rockbjornen/justinbieber/article16668876.ab
2013-04-25,09:48:26,1d1t1b,852,"Greenwald on the motives for terrorism: ""Ignoring the role played by US actions is dangerously self-flattering and self-delusional. Listen to the people who live in the places devastated by US violence... it's long past time that we stop pretending that all this evidence does not exist.""",guardian.co.uk,http://www.guardian.co.uk/commentisfree/2013/apr/24/boston-terrorism-motives-us-violence?miiiaou
2013-04-25,02:30:05,1d0smb,754,WikiLeaks: Iceland's Supreme Court rules Visa contractor Valitor must pay $204k per month if continues to block site,rt.com,http://rt.com/news/wikileaks-visa-iceland-valitor-346/
2013-04-25,13:50:13,1d2bsn,719,"President of Macedonia comes to Canada, nobody notices",news.nationalpost.com,http://news.nationalpost.com/2013/04/24/local-post-president-of-macedonia-comes-to-canada-nobody-notices/
2013-04-25,16:24:53,1d2jjl,634,Spain Unemployment Hits New Record of 27 Percent,bloomberg.com,http://www.bloomberg.com/news/2013-04-25/spain-unemployment-breaches-27-percent-on-recession.html
2013-04-25,23:42:12,1d329f,463,"Brown University student falsely identified as Boston bombing suspect found dead in Providence River, Rhode Island authorities confirm",usnews.nbcnews.com,http://usnews.nbcnews.com/_news/2013/04/25/17913288-missing-brown-university-student-found-dead-in-providence-river-authorities-confirm?lite
2013-04-25,14:43:50,1d2ey9,436,"North Korean soldiers put down arms to help plant crops: The North Korean side of the Demilitarized Zone is a hive of activity — not of fighting, but of farming.",chron.com,http://www.chron.com/news/world/article/NKorean-soldiers-put-down-arms-to-help-plant-crops-4461644.php
2013-04-25,03:43:57,1d0yyl,336,"Tens of thousands of migrant workers in Arab Gulf working as “modern day slaves,” German banker warns, for $5 a day for 12 hours a day. “Employers confiscate workers’ passports and make them live 6 or 7 to a small room.”",globalpublicsquare.blogs.cnn.com,http://globalpublicsquare.blogs.cnn.com/2013/04/24/modern-day-slavery-in-the-gulf/
2013-04-25,00:21:07,1d0i8g,336,Israel airport guards may ask 'suspicious' tourists to open their email accounts,israelhayom.com,http://www.israelhayom.com/site/newsletter_article.php?id=8833
2013-04-25,01:32:10,1d0nsj,323,"A Russian historian who lived in Pyongyang as an exchange student in the 1980s recorded some sample math questions from North Korean textbooks. Questions included likened to ""How many American imperialist bastards does it take to screw on a light bulb?""",globalpost.com,http://www.globalpost.com/dispatches/globalpost-blogs/today-north-korea/propaganda-andrei-lankov
2013-04-25,21:50:44,1d2v77,320,"Abortion drug RU486 set to be approved for heavy subsidization by the Australian Federal Government, dropping its price from ~$800 to ~$30",news.com.au,http://www.news.com.au/lifestyle/parenting/pharmaceutical-benefits-advisory-committee-set-to-recommend-abortion-drug-ru486/story-fnet08ck-1226629604312
2013-04-25,00:06:39,1d0h32,277,"More than 70 people are dead and some 600 injured in Bangladesh following the collapse of an eight-story building on the outskirts of the capital, Dhaka.",npr.org,http://www.npr.org/blogs/thetwo-way/2013/04/24/178772697/dozens-killed-in-collapse-of-bangladesh-garment-complex
2013-04-25,08:26:57,1d1mmw,273,Toronto court rules woman must remove niqab to testify,cbc.ca,http://www.cbc.ca/news/canada/toronto/story/2013/04/24/toronto-supreme-court-niqab-face-veil.html
2013-04-25,13:26:22,1d2a4p,187,Afghanistan to get $100 million/year to let Chinese copper mining consortium destroy potential World Heritage site of high archeological import,miamiherald.com,http://www.miamiherald.com/2013/03/12/3281580/afghanistan-moves-to-salvage-ancient.html
2013-04-25,00:14:01,1d0hnp,167,Fattest countries in the world revealed: Kuwait is top of the list with the highest average body mass index,dailymail.co.uk,http://www.dailymail.co.uk/health/article-2301172/Fattest-countries-world-revealed-Extraordinary-graphic-charts-average-body-mass-index-men-women-country-surprising-results.html
2013-04-25,11:49:30,1d22v5,150,"India, 2,644 people died during clinical trial of drugs in 7 years",timesofindia.indiatimes.com,http://timesofindia.indiatimes.com/india/2644-died-during-clinical-trial-of-drugs-in-7-years-Govt-to-SC/articleshow/19719175.cms
2013-04-25,14:30:30,1d2e77,152,"Shale mining under Great Barrier Reef 'likely to be banned': Australia's coastline mining industry undergoing a boom as rules relaxed, but Unesco site to be protected under heritage rules",guardian.co.uk,http://www.guardian.co.uk/environment/2013/apr/25/great-barrier-reef-shale-gas-coal-mining-protests-in-australia?
2013-04-25,01:39:09,1d0oav,142,Minaret of historic Syrian mosque destroyed in Aleppo. Rebels and state forces blame each other for toppling tower of 12th century Umayyad mosque in Unesco world heritage site,guardian.co.uk,http://www.guardian.co.uk/world/2013/apr/24/minaret-historic-syrian-mosque-destroyed-aleppo?
2013-04-25,01:31:16,1d0npq,146,North Korea: Radioactive gases 'consistent with' nuclear test detected.,guardian.co.uk,http://www.guardian.co.uk/world/2013/apr/24/north-korea-nuclear-radiation
2013-04-25,04:43:19,1d13vt,124,Iran presidential candidate blasts Ahmadinejad's Holocaust denial,ynetnews.com,"http://www.ynetnews.com/articles/0,7340,L-4372101,00.html"
2013-04-25,17:50:07,1d2mgu,84,Water from comet impact still hanging around on Jupiter,sciencenews.org,http://www.sciencenews.org/view/generic/id/349941/description/News_in_Brief_Comets_water_still_hanging_around_on_Jupiter
2013-04-25,20:03:19,1d2qoj,81,U.S. Sees No Conclusive Evidence of Chemical Arms Use by Syria,nytimes.com,http://www.nytimes.com/2013/04/25/world/middleeast/us-unsure-of-chemical-arms-use-by-syria.html
2013-04-25,00:49:32,1d0kfq,77,Taiwan confirms first H7N9 bird flu case outside China,france24.com,http://www.france24.com/en/20130424-taiwan-confirms-first-h7n9-bird-flu-case-outside-china
