2013-11-11,20:12:18,1qde7q,2884,Hundreds turn out for funeral of WWII veteran held on Remembrance Day following successful online campaign as the man had no family.,independent.co.uk,http://www.independent.co.uk/news/uk/home-news/hundreds-expected-to-attend-funeral-for-raf-serviceman-after-funeral-home-issues-plea-8930469.html
2013-11-11,04:03:41,1qbp80,2547,Iran's deputy minister assassinated,en.trend.az,http://en.trend.az/regions/iran/2209939.html
2013-11-11,23:53:50,1qdr41,2376,Wealth of world’s billionaires doubles since 2009,wsws.org,http://www.wsws.org/en/articles/2013/11/11/pers-n11.html
2013-11-11,04:19:01,1qbqi0,2056,Sweden to close prisons due to lack of criminals [google translate],translate.google.com,http://translate.google.com/translate?sl=sv&tl=en&js=n&prev=_t&hl=sv&ie=UTF-8&u=http%3A%2F%2Fwww.dn.se%2Fdebatt%2Fantalet-fangar-ar-nu-sa-lagt-att-vi-tvingas-stanga-fangelser%2F&act=url
2013-11-11,18:38:28,1qdat6,2056,A sickening video of a man in Lebanon microwaving a cat has sparked outrage and calls for stricter animal cruelty laws in the region.,7daysinabudhabi.com,http://www.7daysinabudhabi.com/Man-microwaving-cat-sparks-outrage-Middle-East/story-20059414-detail/story.html
2013-11-11,19:03:37,1qdbq1,1456,"Zoologists hunting Tasmanian tiger declare 'no doubt' species still alive - Team claims that it has 'highly credible' witnesses & has found animal faeces that could belong to the extinct thylacine, last known one dying in a zoo in 1936.",theguardian.com,http://www.theguardian.com/world/2013/nov/11/zoologists-on-the-hunt-for-tasmanian-tiger-declare-no-doubt-species-still-alive
2013-11-11,10:38:34,1qckqh,1058,'Worse than hell' in typhoon-ravaged Philippines (PHOTOS),cnn.com,http://www.cnn.com/2013/11/10/world/asia/philippines-typhoon-haiyan/index.html?hpt=wo_c1
2013-11-11,07:34:35,1qc6k6,735,"John McCain says NSA chief Keith Alexander 'should resign or be fired'. Senator gives interview to Der Spiegel, saying general should 'be held accountable' for Edward Snowden leaks.",theguardian.com,http://www.theguardian.com/world/2013/nov/10/john-mccain-nsa-keith-alexander-snowden
2013-11-11,05:34:51,1qbww0,602,"'Israel will attack Iran if you sign the deal, French MP told Fabius'",timesofisrael.com,http://www.timesofisrael.com/israel-will-attack-if-you-sign-the-deal-french-mp-told-fabius/
2013-11-11,18:42:44,1qdayv,569,"How the NSA and GCHQ Spied on OPEC: America's NSA and Britain's GCHQ are both spying on the OPEC oil cartel, documents from whistleblower Edward Snowden reveal. The security of the global energy supply is one of the most important issues for the intelligence agencies.",spiegel.de,http://www.spiegel.de/international/world/how-the-nsa-and-gchq-spied-on-opec-a-932777.html#ref=rss
2013-11-11,07:43:45,1qc7a7,523,"Israel OKs demolishing Bedouin village, replacing it with a Jewish town",haaretz.com,http://www.haaretz.com/news/national/.premium-1.557261
2013-11-11,15:29:23,1qd3jy,439,Sir John Major attacks 'truly shocking' privilege of privately educated elite,independent.co.uk,http://www.independent.co.uk/news/uk/politics/sir-john-major-attacks-truly-shocking-privilege-of-privately-educated-elite-8931667.html
2013-11-11,12:11:47,1qcrt4,376,North Korea holds simultaneous executions of 80 in seven cities.,japantimes.co.jp,http://www.japantimes.co.jp/news/2013/11/11/asia-pacific/north-korea-holds-simultaneous-executions-of-80-in-seven-cities-report/
2013-11-11,22:18:55,1qdkhz,375,Copyright Extension Goes Into Effect In The UK: More Works Stolen From The Public Domain,techdirt.com,http://www.techdirt.com/articles/20131107/18153025175/copyright-extension-goes-into-effect-uk-more-works-stolen-public-domain.shtml
2013-11-11,06:23:12,1qc0uj,359,Mass Surveillance Violates EU Law,activistpost.com,http://www.activistpost.com/2013/11/mass-surveillance-violates-eu-law.html
2013-11-11,21:44:44,1qdigo,291,"Vatican gives $150,000 in emergency aid to Philippines",globalnation.inquirer.net,http://globalnation.inquirer.net/90297/vatican-gives-150000-in-emergency-aid-to-ph
2013-11-11,17:11:56,1qd7pg,279,Sounds like a good plan: UK legal-aid Lawyers to earn higher fees for early guilty pleas,theguardian.com,http://www.theguardian.com/law/2013/nov/01/lawyers-higher-legal-aid-fees-early-guilty-plea
2013-11-11,00:06:27,1qb7i5,272,Moscow: Protester nails testicles to Red Square cobblestone,news.asiaone.com,http://news.asiaone.com/news/world/protester-nails-testicles-red-square-cobblestone
2013-11-11,18:00:25,1qd9hy,266,"Thousands of workers demanding higher pay hurled rocks and sticks at clothing factories and clashed with police who used tear gas against them Monday, bringing fresh scrutiny to working conditions in Bangladesh's garment industry. At least 30 people were reported wounded",bigstory.ap.org,http://bigstory.ap.org/article/bangladesh-violence-closes-100-garment-factories
2013-11-11,11:52:29,1qcqay,228,"Tensions between Shia and Sunnis Muslims are probably the most serious threat to world security, Iran's Foreign Minister Mohamed Zarif tells the BBC",bbc.co.uk,http://www.bbc.co.uk/news/world-middle-east-24893808
2013-11-11,22:40:26,1qdlv4,189,"Irans signs agreement with IAEA to allow broader inspections of nuclear sites: Iran signed an agreement on Monday with the United Nations nuclear watchdog agency in which it pledged to allow greater access to some of its nuclear sites, U.N. and Iranian officials said.",washingtonpost.com,http://www.washingtonpost.com/world/middle_east/irans-signs-agreement-with-iaea-to-allow-broader-inspections-of-nuclear-sites/2013/11/11/fef81002-4ad5-11e3-ac54-aa84301ced81_story.html?tid=rssfeed
2013-11-11,04:28:24,1qbr9e,151,"UK spies continue “quantum insert” attack via LinkedIn, Slashdot pages",arstechnica.com,http://arstechnica.com/tech-policy/2013/11/uk-spies-continue-quantum-insert-attack-via-linkedin-slashdot-pages/
2013-11-11,16:30:37,1qd66v,115,"Peru Uses Climate Twist to Lure Tourists to Shrinking Glacier - It was so bright with ice & snow that sunglasses were mandatory. In less than 20 yrs, it's shrunk in 1/2, climbing banned. It's being rebranded as a place to see climate change in action.",scientificamerican.com,http://www.scientificamerican.com/article.cfm?id=peru-uses-climate-twist-to-lure-tourism-glacier
2013-11-11,12:32:33,1qct9j,113,"North Korea publicly executes 80 people earlier this month, many for watching smuggled South Korean TV shows, a South Korean newspaper reported Monday",uk.news.yahoo.com,http://uk.news.yahoo.com/north-korea-publicly-executes-80-people-033016904.html
2013-11-11,12:25:55,1qcss7,97,World’s First 3D-Printed Metal Gun Successfully Fires Over 50 Rounds,theverge.com,http://www.theverge.com/2013/11/7/5077718/worlds-first-3d-printed-metal-gun-fires-over-50-rounds
2013-11-11,11:57:15,1qcqor,92,"Illegal logging and mismanagement of Indonesia’s forestry industry may have prevented more than $7 billion flowing to state coffers from 2007 to 2011, costing the government more than its health budget, Human Rights Watch said",bloomberg.com,http://www.bloomberg.com/news/2013-11-10/forest-misuse-costs-indonesia-7-billion-in-revenue-report-says.html
2013-11-11,04:08:51,1qbpns,74,"German providers plan a shielded Internet confined within Europe's ""Schengen"" area encompassing 26 European countries but excluding Britain.",dw.de,http://www.dw.de/telecoms-plan-shielded-european-internet/a-17217304
2013-11-11,21:09:58,1qdgop,66,"Ebay is being sued in Quebec because ebay canceled a on line auction that went up to $96 000. Quebec judges ruled that under the Quebec consumer protection law, that the law suit may continue in Quebec and the law suit does not have to go to California.",cbc.ca,http://www.cbc.ca/news/canada/montreal/quebec-brothers-suing-ebay-over-cancelled-sneaker-sale-1.2421778
2013-11-11,04:06:10,1qbpfh,54,Anonymous calls for Israeli boycott with massive Twitter protest,dailydot.com,http://www.dailydot.com/news/anonymous-opboycottisrael-bds-twitter/
2013-11-11,06:13:35,1qc01r,55,'Pope Francis effect' credited with boosting Italian congregations | World news,theguardian.com,http://www.theguardian.com/world/2013/nov/10/pope-francis-effect-italy-catholicism
