2013-05-27,22:40:03,1f4wzx,3295,"The bewildering state of India's justice system - Prison born boy grows up, gets a job and finally manages to provide his mum with the $180 bail she's been waiting 19 years in jail for.",bbc.co.uk,http://www.bbc.co.uk/news/world-asia-22677788
2013-05-27,13:08:31,1f4b9i,2845,116 year old Japanese man now the last male alive that was born in the 19th century,smh.com.au,http://www.smh.com.au/world/outnumbered-by-the-girls-hes-the-last-man-standing-20130524-2k6ry.html
2013-05-27,20:55:54,1f4t3e,2833,"Chinese tourist carved ""Ding Jinhao was here"" in a 3,500 year old Egyptian temple: ""We want to apologize to the Egyptian people and to people who have paid attention to this case across China""",cnn.com,http://www.cnn.com/2013/05/27/travel/china-egypt/?sr=google_news&google_editors_picks=true
2013-05-27,02:51:11,1f39pc,2742,"Most of the major newspapers in Uganda, apart from the government run paper, were raided and shut down by police last week. The government paper (The New Vision) that is still in operation has no mention of any of this on their website.",monitor.co.ug,http://www.monitor.co.ug/News/National/Day-seven--Daily-Monitor-premises-still-surrounded-by-police/-/688334/1863422/-/10h2j7qz/-/index.html
2013-05-27,16:20:53,1f4kr6,2211,Cows are gradually losing their sacred status in India as tastes for beef increases.,nytimes.com,http://www.nytimes.com/2013/05/27/world/asia/cow-thefts-on-the-rise-in-india.html?hp&_r=0&gwh=99B913CEA2BE34937C1B3F6A650E90A3
2013-05-27,06:09:57,1f3mbp,2038,Monsanto Found Guilty of Chemical Poisoning in Landmark Case,blacklistednews.com,http://www.blacklistednews.com/Monsanto_Found_Guilty_of_Chemical_Poisoning_in_Landmark_Case/26231/0/38/38/Y/M.html?utm_source=dlvr.it&utm_medium=twitter
2013-05-27,11:13:41,1f44fd,1666,Vatican corrects infallible pope: atheists will still burn in hell,irishcentral.com,http://www.irishcentral.com/story/ent/manhattan_diary/vatican-corrects-infallible-pope-atheists-will-still-burn-in-hell-208987111.html
2013-05-27,04:04:32,1f3ebq,1653,UK Government use beheading as excuse to push through failed cyber security bill,bbc.co.uk,http://www.bbc.co.uk/news/uk-politics-22673156
2013-05-27,23:02:30,1f4xzk,1145,"Xi Threatens “Lifetime” Consequences for Officials Who Hurt the Environment - China’s president has laid down a stark warning to officials: if you sanction a project that damages the environment, you’ll be held responsible. For life.",qz.com,http://qz.com/88263/is-beijing-ready-to-take-pollution-seriously/
2013-05-27,23:20:46,1f4yt8,930,Original owner of Toronto mayor’s alleged ‘crack’ video may have been killed,rawstory.com,http://www.rawstory.com/rs/2013/05/27/original-owner-of-toronto-mayors-alleged-crack-video-may-have-been-killed/
2013-05-27,00:32:41,1f31i2,894,Islamists attack Turkey 'kissing protest',news.com.au,http://www.news.com.au/world-news/islamists-attack-turkey-kissing-protest/story-fndir2ev-1226650915648
2013-05-27,07:06:39,1f3pqr,607,Pakistani women marry in Britain's first Muslim lesbian partnership,independent.co.uk,http://www.independent.co.uk/news/uk/home-news/pakistani-women-marry-in-britains-first-muslim-lesbian-partnership-8632935.html
2013-05-27,08:57:00,1f3wbp,570,Grieving parents speak out against anti-vaccination extremists,dailytelegraph.com.au,http://www.dailytelegraph.com.au/news/opinion/grieving-parents-speak-out-against-anti-vaccination-extremists/story-fni0cwl5-1226650422913
2013-05-27,20:19:22,1f4rzd,527,"Google's Eric Schmidt: change British law and we'd pay more tax ""If the British system changes the tax laws then we will comply. If the taxes go up we will pay more, if they go down we will pay less. That is a political decision for the democracy that is the UK.""",guardian.co.uk,http://www.guardian.co.uk/technology/2013/may/27/google-eric-schmidt-change-law-tax
2013-05-27,13:22:54,1f4c2y,356,"No-Vacation Nation Revisited: Out of 21 rich countries (16 European countries, Australia, Canada, Japan, New Zealand, and the United States), the US is the only country in the group that does not require employers to provide paid vacation time",cepr.net,http://www.cepr.net/index.php/publications/reports/no-vacation-nation-2013
2013-05-27,19:58:07,1f4rci,328,Reporters for French journal Le Monde witness chemical warfare in Syria. Photographer is exposed to toxic gas.,lemonde.fr,http://www.lemonde.fr/tiny/3417708/
2013-05-27,23:52:47,1f50np,321,Vandals Graffiti The Word 'Islam' On Two London War Memorials,metro.co.uk,http://metro.co.uk/2013/05/27/vandals-daub-word-islam-on-two-london-war-memorials-3810042/?ITO=facebook
2013-05-27,22:44:43,1f4x7y,285,"Cash-Strapped Italians Abandoning Autos for Bicycles - “We've seen a lot of people re-discover this means of transport. Its ease, simplicity, speed for short distances.” 2,000 more bikes sold than cars in 2011 — a differential that rose to over 200,000 last year.",rawstory.com,http://www.rawstory.com/rs/2013/05/27/cash-strapped-italians-abandoning-autos-for-bicycles/
2013-05-27,21:23:05,1f4tzj,254,Woman beaten to death in Gaza for entering mother-in-law's kitchen,maannews.net,http://www.maannews.net/eng/ViewDetails.aspx?ID=599122
2013-05-27,01:35:20,1f356r,239,"From Now Google will help Police to track ""extremist websites"" through its search results",hackersnewsbulletin.com,http://www.hackersnewsbulletin.com/2013/05/google-will-help-police-to-track.html
2013-05-27,06:11:10,1f3meg,195,Syrian Army Kills FSA Leader in Qusayr Known as Bin Laden II... FSA is Now Surrounded from All Sides,liveleak.com,http://www.liveleak.com/view?i=ae6_1369590163
2013-05-27,05:17:32,1f3izu,191,Chinese Tourist Damages 3000-Year-Old Temple in Luxor,egyptianstreets.com,http://egyptianstreets.com/2013/05/26/chinese-tourist-damages-3000-year-old-temple-in-luxor/
2013-05-27,00:39:45,1f31wf,128,Another Man Stabbed In Woolwich,news.sky.com,http://news.sky.com/story/1095844/sky-sources-man-stabbed-in-woolwich
2013-05-27,05:05:21,1f3i6k,112,Germany Seeks Uniform Law on Marijuana: German states are now trying to hash out possession regulations that would apply across the country,spiegel.de,http://www.spiegel.de/international/germany/german-states-consider-standardizing-marijuana-rules-a-901717.html
2013-05-27,04:11:09,1f3eq4,111,Huge anti-gay marriage protest march in Paris,bbc.co.uk,http://www.bbc.co.uk/news/world-europe-22671572
2013-05-27,04:50:07,1f3h72,99,Sweden's riots: Is the integration of immigrants failing?,economist.com,http://www.economist.com/blogs/charlemagne/2013/05/swedens-riots
2013-05-27,12:51:15,1f4a8l,97,"Rhino poachers, meet your match: poisoned pink food dye",csmonitor.com,http://www.csmonitor.com/World/Africa/Africa-Monitor/2013/0522/Rhino-poachers-meet-your-match-poisoned-pink-food-dye?nav=88-csm_category-secBlogs
2013-05-27,21:23:43,1f4u0p,91,Australian National University bans Koran satire for fear of violent backlash,theaustralian.com.au,http://www.theaustralian.com.au/higher-education/uni-bans-koran-satire-for-fear-of-violent-backlash/story-e6frgcjx-1226650955420
2013-05-27,21:35:26,1f4ufk,50,"Bomb explodes at market in Thai capital, injures 7",scmp.com,http://www.scmp.com/news/asia/article/1247218/bomb-explodes-market-thai-capital-injures-7
2013-05-27,15:20:29,1f4i65,55,Turkey's alcohol law renews accusations of Erdogan's Islamist agenda,thenational.ae,http://www.thenational.ae/news/world/europe/turkeys-alcohol-law-renews-accusations-of-erdogans-islamist-agenda
