2013-09-09,12:09:20,1m0ez9,2959,"Norway Has More Money Than It Knows What To Do With: ""Our biggest challenge is that our oil wealth is so huge we run the risk of wasting it on substandard projects that are not profitable enough.""",businessinsider.com,http://www.businessinsider.com/norway-has-more-money-than-it-knows-what-to-do-with-2013-9
2013-09-09,01:45:03,1lz7mc,2846,"Obama's top aide: We lack 'irrefutable, beyond-a-reasonable-doubt evidence' on Syria",philly.com,http://www.philly.com/philly/news/nation_world/20130908_ap_5a2178a2b97241cfa771a3ea7ef5590c.html
2013-09-09,07:02:02,1lztlg,2637,"A 58-year-old Uruguayan man who disappeared four months ago in the remote Andes Mountains was found alive on Sunday, after he spent a brutal winter eating rats and raisins to survive, local media reported.",reuters.com,http://www.reuters.com/article/2013/09/08/us-argentina-andes-survival-idUSBRE9870GM20130908
2013-09-09,15:55:46,1m0qyq,2548,"Why Dubai's Islamic Austerity is a Sham, Couples who publicaly kiss are jailed yet the state turns a blind eye to 30,000 imported prostitutes",theguardian.com,http://www.theguardian.com/p/2h33v/tw
2013-09-09,01:12:37,1lz5gi,2516,Obama Administration Denies AP Requests For Syria Evidence,huffingtonpost.com,http://www.huffingtonpost.com/michael-calderone/obama-administration-ap-syria_b_3890207.html
2013-09-09,20:35:57,1m1056,2391,'Saddam used chemical weapons on Iran with no hullabaloo from the West' - Ex British Foreign Secretary,rt.com,http://rt.com/shows/sophieco/obama-syria-chemical-weapon-600/
2013-09-09,20:27:28,1m0zud,1180,"France strengthens separation of Church and State by unveiling a charter of 15 rules to uphold secularism, that will be displayed in every school in the country",thelocal.fr,http://www.thelocal.fr/20130909/france-to-unveil-seculariam-charter-in-schools
2013-09-09,23:05:48,1m17mf,1176,Obama Is Going To Struggle To Even Get 100 Syria Votes in The House,businessinsider.com,http://www.businessinsider.com/alan-grayson-syria-resolution-house-vote-whip-count-2013-9
2013-09-09,07:46:05,1lzwpr,1074,First Detection of Water Ice on Saturn by Cassini Spacecraft,spaceindustrynews.com,http://spaceindustrynews.com/first-detection-of-water-ice-on-saturn-by-cassini-spacecraft/3923/
2013-09-09,10:33:49,1m085d,743,Al Nusra Front Rebels Start Killing Syrian Christians After Retaking Village From Government Forces,news.yahoo.com,http://news.yahoo.com/activists-syrian-rebels-christian-village-093722827.html
2013-09-09,22:23:31,1m156f,635,The Chinese dissident whom Yahoo helped put in prison eight years ago is finally a free man.,globalpost.com,http://www.globalpost.com/dispatch/news/regions/asia-pacific/china/130909/shi-tao-chinese-dissident-jailed-yahoo-emails-free
2013-09-09,07:53:21,1lzx7t,635,Fantastico to reveal latest Snowden leak - US government spied on Brazilian oil giant Petrobas,ca.reuters.com,http://ca.reuters.com/article/businessNews/idCABRE9870AD20130908
2013-09-09,02:25:41,1lzaco,543,"Syria chemical weapons attack not ordered by Assad, says German secret service",theguardian.com,http://www.theguardian.com/world/2013/sep/08/syria-chemical-weapons-not-assad-bild
2013-09-09,11:05:47,1m0abu,423,"ATMs that allow you to exchange cash for Bitcoins coming to Canada this fall. 5 Bitcoin kiosks, similar to ATMs, are coming to Canada, with the first machine expected to land in Vancouver in early October.",globalpost.com,http://www.globalpost.com/dispatch/news/the-canadian-press/130908/atms-allow-you-exchange-cash-bitcoins-coming-canada-fall
2013-09-09,06:57:20,1lzt8n,304,Assad Tells PBS' Charlie Rose Syria Prepared to Retaliate if Hit,pbs.org,http://www.pbs.org/newshour/rundown/2013/09/assad-tells-pbs-charlie-rose-syria-prepared-to-retaliate-if-hit.html
2013-09-09,14:25:49,1m0n1k,289,"The U.S. government tapped into computer networks of companies including Google Inc. and Brazilian state-run oil firm Petroleo Brasileiro SA, according to leaked U.S. documents",reuters.com,http://www.reuters.com/article/2013/09/09/us-usa-security-snowden-petrobras-idUSBRE9870AD20130909
2013-09-09,09:00:57,1m01ra,228,"Sudanese woman Amira Osman Hamed refuses to cover her head, faces flogging",watoday.com.au,http://www.watoday.com.au/world/sudanese-woman-amira--osman-hamed-refuses-to-cover-her-head-faces-flogging-20130909-2tepg.html
2013-09-09,08:19:08,1lzyxx,209,Afghan authorities slam NATO after drone strike kills 16 civilians,rt.com,http://rt.com/news/afghanistan-nato- civilians-killed-582/
2013-09-09,07:07:20,1lztzp,184,Public concerned over growing use of Tasers by police in UK,theguardian.com,http://www.theguardian.com/uk-news/2013/sep/08/police-use-tasers-doubles-year
2013-09-09,15:03:59,1m0otw,165,US planning three days of Syria attacks,gulfnews.com,http://gulfnews.com/news/region/syria/us-planning-three-days-of-syria-attacks-report-1.1228614
2013-09-09,07:47:35,1lzwtg,125,Al Qaida fighters among rebels who seize Christian village in Syria,mcclatchydc.com,http://www.mcclatchydc.com/2013/09/08/201495/al-qaida-fighters-among-rebels.html
2013-09-09,02:41:43,1lzbc9,96,German intelligence indicates Syrian government forces may have carried out a chemical weapons attack without the permission of President Assad,reuters.com,http://www.reuters.com/article/2013/09/08/us-syria-crisis-germany-idUSBRE98707B20130908
2013-09-09,01:40:53,1lz7c6,80,"Confidential documents have revealed the formidable lobbying operation waged by tobacco giant Philip Morris seeking to undermine efforts to make cigarettes less attractive to children and women, and force packs to carry larger health warnings.",theguardian.com,http://www.theguardian.com/business/2013/sep/07/tobacco-philip-morris-millions-delay-eu-legislation?utm_source=feedburner&utm_medium=feed
2013-09-09,23:39:55,1m19t7,79,Russia to push Syria to surrender chemical weapons,hosted.ap.org,http://hosted.ap.org/dynamic/stories/E/EU_RUSSIA_SYRIA?SITE=AP&SECTION=HOME&TEMPLATE=DEFAULT
2013-09-09,21:55:12,1m13m3,72,"Syrian President Bashar al-Assad said any repercussions if the United States targets Syria with military strikes ""may take different forms,"" including ""direct and indirect"" effects.",reuters.com,http://www.reuters.com/article/2013/09/09/us-syria-crisis-assad-idUSBRE9880GW20130909
2013-09-09,12:05:41,1m0epi,69,"India has 40% of world’s child brides, survey finds",timesofindia.indiatimes.com,http://timesofindia.indiatimes.com/india/India-has-40-of-worlds-child-brides-survey-finds/articleshow/22425878.cms
2013-09-09,11:39:02,1m0ctk,69,Dennis Rodman's slip gives away name of North Korean leader's baby -- Former US basketball star and frequent North Korean visitor shares name of Kim Jong-un's baby Ju-ae.,theguardian.com,http://www.theguardian.com/world/2013/sep/09/dennis-rodman-north-korea-baby-name
2013-09-09,12:17:50,1m0fjs,70,Analysis: U.S. President isolated on Syria as support wanes,reuters.com,http://www.reuters.com/article/2013/09/09/us-usa-syria-crisis-obama-analysis-idUSBRE98800U20130909
2013-09-09,22:14:25,1m14nn,58,Belgian citizen freed from Syrian rebellion last Sunday says on TV that the Syrian gov. is not the origin of the gaz attack [google translate][unverified],translate.google.com,http://translate.google.com/translate?sl=fr&tl=en&u=http%3A%2F%2Fwww.rtl.be%2Finfo%2Fbelgique%2Ffaitsdivers%2F1031019%2Fle-belge-libere-en-syrie-ce-n-est-pas-le-gouvernement-al-assad-qui-a-utilise-le-gaz-
2013-09-09,07:53:34,1lzx8g,53,Thai Airways Airbus A330 Accident on Landing at Bangkok,airlinereporter.com,http://www.airlinereporter.com/2013/09/thai-airways-a330-crashes-on-landing-at-bkk/
