2013-04-17,18:40:25,1civ3g,2638,New Zealand Marriage Equality Bill passes in to law,3news.co.nz,http://www.3news.co.nz/Same-sex-marriage-legalised/tabid/1607/articleID/294668/Default.aspx
2013-04-17,01:18:56,1cgvjy,2539,Muslims worldwide have raced to social media websites to pray that perpetrators of a deadly bombing in Boston would not be Muslims,onislam.net,http://www.onislam.net/english/news/americas/462271-boston-rampage-worries-world-muslims.html
2013-04-17,00:46:13,1cgswy,2502,"""Wherever we find Americans we will kill them, but we don't have any connection with the Boston Explosions"" - Pakistani Taliban",edition.cnn.com,http://edition.cnn.com/2013/04/16/world/asia/pakistan-taliban-marathon/index.html?hpt=hp_t1
2013-04-17,22:46:08,1cj54v,2389,Tanzania to evict Maasai people in favor of fee-paying trophy hunters. “The government has just announced that it plans to kick thousands of our families off our lands so that wealthy tourists can use them to shoot lions and leopards.”,globalpost.com,http://www.globalpost.com/dispatch/news/regions/africa/130416/tanzania-maasai-evicted-land-dubai-ortello-business
2013-04-17,11:09:55,1ci7o1,1067,20 year old pregnant woman stomped on stomach in India after 'Godman' proclaims that she was carrying a female fetus,indiatoday.intoday.in,http://indiatoday.intoday.in/story/maharashtra-nashik-pregnant-woman-stomped-on-stomach-girl-child-dies-in-laws-held/1/262526.html
2013-04-17,03:14:39,1ch4y1,667,"The British Homeopathic Association confirms there is no evidence that homeopathic 'vaccines' protect against contagious diseases: ""We recommend people seek out the conventional treatments""",guardian.co.uk,http://www.guardian.co.uk/society/2013/apr/15/homeopathy-measles-mp
2013-04-17,08:57:00,1chwzx,656,Consulate: Chinese national is 3rd victim in Boston marathon blasts,ottawacitizen.com,http://www.ottawacitizen.com/news/world/Consulate+Chinese+national+victim+Boston+marathon+blasts/8251607/story.html
2013-04-17,02:18:00,1ch0b1,504,"7 Dead, 61+ Injured Following Protest After Venezuela Election.",bigstory.ap.org,http://bigstory.ap.org/article/chavez-heir-begins-6-year-term-weak-mandate#overlay-context=article/
2013-04-17,15:51:36,1cipgg,446,"Mexico's vigilante law enforcers: Caught between the murderous drug cartels and absent or corrupt law enforcement, communities are taking the law into their own hands. In the state of Guerrero, a fledgling vigilante force has grown into an organisation numbering thousands.",bbc.co.uk,http://www.bbc.co.uk/news/magazine-22066082
2013-04-17,17:46:55,1citgk,437,"Thirteen injured in a bomb blast near the office of a political party in Bangalore, India",bbc.co.uk,http://www.bbc.co.uk/news/world-asia-india-22178745
2013-04-17,06:51:40,1chmvj,423,US foe Cuba sends condolences for marathon attack,miamiherald.com,http://www.miamiherald.com/2013/04/16/3347680/us-foe-cuba-sends-condolences.html
2013-04-17,02:53:55,1ch39c,421,Circuses to be banned from using wild animals | World news,guardian.co.uk,http://www.guardian.co.uk/world/2013/apr/16/circuses-banned-using-wild-animals
2013-04-17,21:23:55,1cj0ua,331,Pirate Bay co-founder charged with Hacking and Fraud,bbc.co.uk,http://www.bbc.co.uk/news/technology-22182112
2013-04-17,17:26:09,1cisuo,322,"North Korean exiles scoff at talk of war - ""It's not even possible for North Korea to have a war""",bigstory.ap.org,http://bigstory.ap.org/article/north-korean-exile-disdain-talk-war
2013-04-17,16:51:16,1ciroa,278,[Pakistan] US drone strike in South Waziristan kills five,nation.com.pk,http://www.nation.com.pk/pakistan-news-newspaper-daily-english-online/national/17-Apr-2013/us-drone-strike-in-south-waziristan-kills-five
2013-04-17,11:46:28,1ciali,244,New Zealand expected to become 13th country in the world to legalise same sex marriage tonight.,nzherald.co.nz,http://www.nzherald.co.nz/gay-marriage/news/article.cfm?c_id=1503276&objectid=10877994
2013-04-17,12:26:06,1cidm8,222,Soviet balloon probes may have seen rain on Venus,wired.com,http://www.wired.com/wiredscience/2013/04/vega-venus-rain/
2013-04-17,15:55:25,1ciplo,208,The Saudi Marathon Man : The New Yorker,newyorker.com,http://www.newyorker.com/online/blogs/comment/2013/04/the-saudi-marathon-man.html?mobify=0
2013-04-17,10:14:09,1ci368,198,"The German military plans to withdraw from Afghanistan completely by the end of next year. As it pulls out, it leaves behind Afghan employees -- some 1,700 of them -- including interpreters, drivers and kitchen staff. The Taliban has threatened to kill the collaborators.",spiegel.de,http://www.spiegel.de/international/world/afghan-employees-of-german-military-face-threats-from-taliban-a-894494.html
2013-04-17,18:43:38,1civ7c,185,Israeli city of Eilat hit by two rockets,bbc.co.uk,http://www.bbc.co.uk/news/world-middle-east-22179770
2013-04-17,22:42:18,1cj4wb,146,"China's bird flu death toll is now at 16, ""and the government has warned that the number of infections could rise.""",uk.reuters.com,http://uk.reuters.com/article/2013/04/17/uk-birdflu-china-idUKBRE93G04F20130417
2013-04-17,02:33:06,1ch1jv,136,"Ethiopian Wins 2013 Boston Marathon At Age 23, Only His Second Marathon Ever.",buzzfeed.com,http://www.buzzfeed.com/ktlincoln/the-dude-who-won-the-2013-boston-marathon-was-racing-in-just
2013-04-17,04:49:55,1chcq8,113,"Pope Francis Supports Crackdown on US Nuns For Promoting ""Radical Feminist Themes""",world.time.com,http://world.time.com/2013/04/15/pope-francis-supports-crackdown-on-us-nuns/
2013-04-17,03:42:41,1ch77k,95,Italy finds 1 in 5 beef samples contain horse meat,articles.chicagotribune.com,http://articles.chicagotribune.com/2013-04-15/business/chi-italy-finds-1-in-5-beef-samples-contain-horse-meat-20130415_1_horse-meat-beef-products-product-withdrawals
2013-04-17,09:46:42,1ci0wx,86,"17 killed, 60 wounded in Peshawar ANP rally blast.",thenews.com.pk,"http://www.thenews.com.pk/article-97057-Peshawar:-Blast-near-ANP-rally-kills-17,-injures-60"
2013-04-17,05:31:57,1chgbd,83,North Korea Says It Isn’t Opposed to Resuming Dialogue With U.S.,bloomberg.com,http://www.bloomberg.com/news/2013-04-16/u-s-sees-north-korea-launch-possible-due-to-kim-s-inexperience.html
2013-04-17,16:11:10,1ciq8f,82,US drone destroys 'Taliban base' in Pakistan,aljazeera.com,http://www.aljazeera.com/news/asia/2013/04/201341751036678818.html
2013-04-17,18:02:25,1citxg,77,At least 16 injured in Bangalore blast (India),in.reuters.com,http://in.reuters.com/article/2013/04/17/bangalore-blast-bjp-office-idINDEE93G03K20130417
2013-04-17,01:32:31,1cgwo4,57,"North Korea lashes out at ""Monstrous Criminal Act"" as South Koreans burn effigy of Kim Jong-il",news.nationalpost.com,http://news.nationalpost.com/2013/04/16/north-korea-lashes-out-at-south-after-protesters-burned-effigy-of-kim-jong-un/
2013-04-17,15:55:47,1cipm4,63,"Women to blame for earthquakes, says Iran cleric: Women behaving promiscuously are causing the earth to shake, according to cleric, as Ahmadinejad predicts Tehran quake",guardian.co.uk,http://www.guardian.co.uk/world/2010/apr/19/women-blame-earthquakes-iran-cleric?CMP=twt_gu
