2013-03-28,19:37:32,1b66zo,3407,Pope Francis urged Catholic priests to devote themselves to helping the poor and suffering instead of worrying about their careers as Church 'managers',reuters.com,http://www.reuters.com/article/2013/03/28/us-pope-idUSBRE92R0B020130328
2013-03-28,07:29:30,1b55qy,2194,Egyptian women fight back as sexual assaults skyrocket,cbsnews.com,http://www.cbsnews.com/8301-18563_162-57576688/?
2013-03-28,20:25:23,1b68r7,1965,First Human-Neanderthal Hybrid Found,news.discovery.com,http://news.discovery.com/human/evolution/neanderthal-skeleton-provides-evidence-of-interbreeding-with-humans-130327.htm
2013-03-28,07:25:45,1b55gh,1357,Mother gets 30 years for letting 2 kids starve to death in Osaka,japantoday.com,http://www.japantoday.com/category/crime/view/mother-gets-30-years-for-letting-kids-starve-to-death
2013-03-28,21:29:23,1b6bpr,760,Stealth B-2 Bombers headed to South Korea,news.yahoo.com,http://news.yahoo.com/us-sends-nuclear-capable-b-2-bombers-skorea-112309292.html
2013-03-28,02:27:08,1b4hvb,702,Japan to purchase 42 US built F-35 fighter jets describing them as the ‘best fighter’. ,unsocialfeed.com,http://unsocialfeed.com/japan-us-built-f-35-is-best-fighter/
2013-03-28,09:45:06,1b5fuc,530,"The use of coal power in Alberta adds $300-million a year to health expenses, a factor that heavily increases coal’s true cost, a new report has found.
",theglobeandmail.com,http://www.theglobeandmail.com/news/national/coal-power-likely-to-cause-thousands-of-deaths-in-alberta-study/article10339809/
2013-03-28,14:06:25,1b5wdr,373,"Mexican vigilantes seize town, arrest police",huffingtonpost.com,http://www.huffingtonpost.com/2013/03/28/mexican-vigilantes-seize-town-arrest-police_n_2968463.html
2013-03-28,20:21:24,1b68kn,369,Gut bacteria 'key to treating obesity without surgery',bbc.co.uk,http://www.bbc.co.uk/news/health-21965092
2013-03-28,09:17:48,1b5dqw,315,Canada quietly pulls out of UN anti-droughts convention,cbc.ca,http://www.cbc.ca/news/canada/story/2013/03/27/un-droughts-deserts-convention-canada.html
2013-03-28,20:01:44,1b67u0,246,"""Why I just got called out by North Korean state media""",washingtonpost.com,http://www.washingtonpost.com/blogs/worldviews/wp/2013/03/27/why-i-just-got-called-out-by-north-korean-state-media/
2013-03-28,01:27:56,1b4d68,248,"Twitter Caves to Vladimir Putin, Censors Content Within Russia.",pjmedia.com,http://pjmedia.com/blog/twitter-caves-to-vladimir-putin-censors-content-within-russia/
2013-03-28,01:37:32,1b4dwg,226,"IMF, citing $1.9 trillion in government subsidies, calls for end to energy ‘mispricing’",washingtonpost.com,http://www.washingtonpost.com/business/economy/imf-citing-trillions-in-government-subsidies-calls-for-end-to-mispricing-of-energy/2013/03/27/09957d6e-96e1-11e2-814b-063623d80a60_story.html
2013-03-28,15:37:18,1b5zv1,175,"Iraqi oil: Once seen as U.S. boon, now it's mostly China's",mcclatchydc.com,http://www.mcclatchydc.com/2013/03/27/187100/iraqi-oil-once-seen-as-us-boon.html
2013-03-28,20:52:14,1b69yb,122,University of Damascus hit by mortars,bbc.co.uk,http://www.bbc.co.uk/news/world-middle-east-21964299
2013-03-28,07:22:08,1b556u,90,China's New Stealth Fighter's Missile Launch Rails Prove Beijing Can Improve U.S. Technology,theaviationist.com,http://theaviationist.com/2013/03/26/j20-rails/
2013-03-28,22:41:17,1b6fxz,83,"Billions of locusts everywhere the eye can see, eating most everything in sight. That's the harsh reality affecting roughly half the island nation of Madagascar – an emergency situation compounded by natural disasters and a prolonged political crisis.",cnn.com,http://www.cnn.com/2013/03/27/world/africa/madagascar-locusts/index.html
2013-03-28,21:10:14,1b6aqj,59,"The new Icelandic constitution has been killed in cold blood - ""RIP our new constitution - Written by the nation, for the nation""",newsoficeland.com,http://www.newsoficeland.com/home/politics/parliamentministries/item/959-rip-our-new-constitution-written-by-the-nation-for-the-nation
2013-03-28,03:33:28,1b4n30,62,Bomb Explodes Near Acropolis in Central Athens,abcnews.go.com,http://abcnews.go.com/International/wireStory/bomb-explodes-acropolis-central-athens-18824180#.UVNJXRxRcrU
2013-03-28,09:52:29,1b5gf4,59,Red Cross to visit Guantanamo as hunger strike spreads,cbc.ca,http://www.cbc.ca/news/world/story/2013/03/27/guantanamo-hunger-strike-red-cross.html?cmp=rss
2013-03-28,01:21:52,1b4cow,61,Chinese gaming addict spends six solid years at an Internet cafe,t.now.msn.com,http://t.now.msn.com/li-meng-chinese-gamer-spends-six-years-at-internet-cafe
2013-03-28,06:30:05,1b517y,60,Man who points laser at aircraft lands a 30-month prison sentence.,cnn.com,http://www.cnn.com/2013/03/25/us/california-laser-sentence/index.html?hpt=hp_t2
2013-03-28,08:47:58,1b5bj2,56,Russia raids offices of Amnesty International and other human rights groups,rawstory.com,http://www.rawstory.com/rs/2013/03/27/russia-raids-offices-of-amnesty-international-and-other-human-rights-groups/
2013-03-28,15:47:49,1b605a,55,Guantanamo hunger strikers 'denied water' - thirty-one men on hunger strike lodge complaint with Red Cross that they are being denied drinking water by jailers,aljazeera.com,http://www.aljazeera.com/news/americas/2013/03/201332845747560658.html
2013-03-28,19:53:31,1b67j8,42,Mexico vigilantes detain police in Guerrero:  Hundreds of armed vigilantes have occupied a town in south-western Mexico after one of their leaders was killed. ,bbc.co.uk,http://www.bbc.co.uk/news/world-latin-america-21963229
2013-03-28,11:14:38,1b5m9s,40,"Egyptian blogger hands himself in after prosecutor orders his arrest:  Activists fear crackdown on opposition as blogger Alaa Abdel-Fattah is accused of instigating violence
",guardian.co.uk,http://www.guardian.co.uk/world/2013/mar/26/egyptian-blogger-prosecutor-orders-arrest
2013-03-28,04:09:53,1b4q0y,37,"Google Street View sends cameras into Namie, an abandoned town in Fukushima where once 21,000 people lived",independent.co.uk,http://www.independent.co.uk/news/world/asia/google-street-view-sends-cameras-into-namie-an-abandoned-town-in-fukushima-where-once-21000-people-lived-8552039.html
2013-03-28,04:55:33,1b4tqg,40,Chinese navy makes waves in South China Sea,usatoday.com,http://www.usatoday.com/story/news/world/2013/03/27/china-military-south-china-sea/2023947/
2013-03-28,08:43:42,1b5b87,33,"Global food prices fall on lower demand, improved supplies - World Bank",uk.reuters.com,http://uk.reuters.com/article/2013/03/28/uk-worldbank-food-idUKBRE92R00K20130328?feedType=RSS&feedName=worldNews
2013-03-28,22:47:06,1b6gc1,32,"Just 0.7% of state land in the West Bank has been allocated to Palestinians, Israel admits - Diplomacy & Defense - Israel News",haaretz.com,http://www.haaretz.com/news/diplomacy-defense/just-0-7-of-state-land-in-the-west-bank-has-been-allocated-to-palestinians-israel-admits.premium-1.512126
