2013-02-18,21:06:19,18qyft,3663,"A Chinese entrepreneur is offering a huge reward to a senior official if he swims in a polluted river for 20 minutes, an attempt to draw attention to China's the environmental problems.",scmp.com,http://www.scmp.com/news/china/article/1153028/chinese-official-offered-huge-reward-if-he-can-swim-polluted-river
2013-02-18,04:52:49,18pisk,3395,Egyptian sheikh who said it is ‘halal’ (permissible) to rape female protesters has been arrested and charged with defamation of religion,english.alarabiya.net,http://english.alarabiya.net/articles/2013/02/17/266857.html
2013-02-18,01:04:31,18p44y,2284,A Muslim preacher is secretly filmed urging followers to take benefits from the state to fund a holy war,telegraph.co.uk,http://www.telegraph.co.uk/news/9875954/Muslim-preacher-urges-followers-to-claim-Jihad-Seekers-Allowance.html
2013-02-18,23:26:26,18r4sk,1234,"Halve meat consumption, scientists urge rich world: “People in the rich world should become ""demitarians"" – eating half as much meat as usual… in order to avoid severe environmental damage”",guardian.co.uk,http://www.guardian.co.uk/environment/2013/feb/18/halve-meat-consumption-scientists
2013-02-18,00:31:31,18p2ip,1114,Amsterdam steakhouse boss admits selling horse for 63 years.,dutchnews.nl,http://www.dutchnews.nl/news/archives/2013/02/amsterdam_steakhouse_boss_admi.php
2013-02-18,19:35:16,18qvie,365,Oscar Pistorius murder charge: 'steroids found at athlete’s home’,telegraph.co.uk,http://www.telegraph.co.uk/news/worldnews/africaandindianocean/southafrica/9877016/Oscar-Pistorius-murder-charge-steroids-found-at-athletes-home.html?fb
2013-02-18,06:10:52,18podb,352,Report: Iran confiscates Buddha statues to stop promotion of Buddhism,washingtonpost.com,http://www.washingtonpost.com/world/middle_east/report-iran-confiscates-buddha-statues-to-stop-promotion-of-buddhism/2013/02/17/12610b04-78e4-11e2-b102-948929030e64_story.html
2013-02-18,09:28:58,18q1s0,300,ATLAS Meteor Tracking System Gets $5M NASA Funding,science.slashdot.org,http://science.slashdot.org/story/13/02/17/2156234/atlas-meteor-tracking-system-gets-5m-nasa-funding?utm_source=slashdot&utm_medium=twitter
2013-02-18,21:41:29,18qzqe,281,"Egypt's telecoms ministry has refused to block access to YouTube and has filed an appeal to reverse a court order asking it to do so.
",bbc.co.uk,http://www.bbc.co.uk/news/technology-21497463
2013-02-18,04:00:33,18pf2u,255,At least 18 ancient mosaics depicting scenes from Homer's 'The Odyssey' have been stolen in northern Syria,theglobeandmail.com,http://www.theglobeandmail.com/news/world/eighteen-ancient-odyssey-mosaics-stolen-in-syria-minister-says/article8777639/?cmpid=rss1&utm_source=dlvr.it&utm_medium=twitter
2013-02-18,21:50:50,18r04n,224,India blocks 73 URLs for criticism of an educational institution,medianama.com,http://www.medianama.com/2013/02/223-iipm-website-blocks/
2013-02-18,07:51:34,18pv9o,184,Britain is selling millions of pounds worth of small arms and ammunition to Sri Lanka despite the country’s dire human rights record. Government database shows that sales continue despite litany of rights abuses. ,independent.co.uk,http://www.independent.co.uk/news/world/politics/revealed-uk-sells-arms-to-sri-lankas-brutal-regime-8498768.html
2013-02-18,18:40:51,18qu03,161,Round-the-world UK cyclists killed in Thailand,bigstory.ap.org,http://bigstory.ap.org/article/round-world-uk-cyclists-killed-thailand
2013-02-18,18:33:16,18qtsk,128,What an Intro for an Xbox 360 HDMI Cable Promotion....,360hdmi.com,http://360hdmi.com/our-video/
2013-02-18,05:05:45,18pjn3,110,"In China, Families Bet It All on College for Their Children but There are too few Jobs for College Grduates",nytimes.com,http://www.nytimes.com/2013/02/17/business/in-china-families-bet-it-all-on-a-child-in-college.html?google_editors_picks=true&_r=0
2013-02-18,22:51:33,18r2x8,99,Hezbollah condemned for 'attack on Syrian villages',bbc.co.uk,http://www.bbc.co.uk/news/world-middle-east-21496735
2013-02-18,15:26:17,18qnjd,99,Scientists confirm Chebarkul Lake meteorite found in Russian Urals as meteorite with an iron content of about 10%,english.ruvr.ru,http://english.ruvr.ru/2013_02_18/Fragments-meteorite-found-in-Lake-Chebarkul/
2013-02-18,00:02:17,18p11f,83,Breakthrough: Saudi women can pass on citizenship to their children,english.alarabiya.net,http://english.alarabiya.net/articles/2013/02/16/266668.html
2013-02-18,05:37:07,18plum,76,Most Terrorist Plots in the US Aren't Invented by Al Qaeda -- They're Manufactured by the FBI,alternet.org,http://www.alternet.org/books/most-terrorist-plots-us-arent-invented-al-qaeda-theyre-manufactured-fbi
2013-02-18,05:46:35,18pmkc,68,A new hardline Sinhalese Buddhist group in Sri Lanka has called for the abolition of the Muslim halal system of certifying foods and other goods,bbc.co.uk,http://www.bbc.co.uk/news/world-asia-21494959
2013-02-18,02:47:20,18pa9g,66,Alcohol sale to be banned in Egypt's new residential suburbs,uk.reuters.com,http://uk.reuters.com/article/2013/02/17/uk-egypt-alcohol-idUKBRE91G0BV20130217?feedType=RSS&feedName=worldNews&utm_source=feedburner&utm_medium=feed&utm_campaign=Feed%3A+Reuters%2FUKWorldNews+%28News+%2F+UK+%2F+World+News%29
2013-02-18,19:43:12,18qvqs,62,Venezuelan President Hugo Chavez has returned home to Venezuela after more than two months of medical treatment in Cuba,aljazeera.com,http://www.aljazeera.com/news/americas/2013/02/201321810747591734.html
2013-02-18,19:33:05,18qvg5,54,Red Cross' 150 years of helping between fronts,dw.de,http://www.dw.de/red-cross-150-years-of-helping-between-fronts/a-16597140
2013-02-18,02:45:36,18pa5n,53,"Iran’s supreme leader steps deeper into the political fray and uncharted territory. '“Bad, wrong, inappropriate,” scolded Khamenei on Saturday in his most stinging rebuke of Ahmadinejad for his mounting attacks on rivals'",washingtonpost.com,http://www.washingtonpost.com/world/middle_east/irans-supreme-leader-steps-deeper-into-the-political-fray-and-uncharted-territory/2013/02/17/1297bb12-7930-11e2-9c27-fdd594ea6286_story.html?tid=sm_btn_reddit
2013-02-18,11:36:09,18qa5w,53,A Chinese Hacker's Identity Unmasked,businessweek.com,http://www.businessweek.com/articles/2013-02-14/a-chinese-hackers-identity-unmasked#p1
2013-02-18,17:35:37,18qs1t,50,Libya arrests foreign 'missionaries',guardian.co.uk,http://www.guardian.co.uk/world/2013/feb/17/libya-arrests-suspected-foreign-missionaries
2013-02-18,20:45:15,18qxqg,52,"Banksy mural vanishes from London, appears at US auction",bbc.co.uk,http://www.bbc.co.uk/news/entertainment-arts-21497261
2013-02-18,00:06:47,18p199,36,The agonies of Bangladesh come to London,guardian.co.uk,http://www.guardian.co.uk/commentisfree/2013/feb/17/bagladeshi-protests-reflected-londons-east-end?INTCMP=SRCH
2013-02-18,16:14:59,18qpe7,36,UAE father to die for torturing daughter to death,channelnewsasia.com,http://www.channelnewsasia.com/stories/afp_world/view/1254023/1/.html
2013-02-18,19:41:20,18qvov,37,Israeli soldier posts Instagram image of Palestinian child in crosshairs of rifle,guardian.co.uk,http://www.guardian.co.uk/world/2013/feb/18/israeli-soldier-posts-instagram-palestinian
