2013-04-12,18:00:56,1c72x8,2467,North Korea declares its target: Japan,english.yonhapnews.co.kr,http://english.yonhapnews.co.kr/news/2013/04/12/0200000000AEN20130412009100315.HTML
2013-04-12,10:50:03,1c6fmw,1616,"Putin Promises 100% Support for Buddhists - ""The president described Buddhism as a “kind, humanist learning based on love for others and love for one’s country,”",en.ria.ru,http://en.ria.ru/russia/20130411/180578136.html
2013-04-12,18:45:32,1c749u,1576,Stephen Hawking: Space Exploration Is Key To Saving Humanity,huffingtonpost.com,http://www.huffingtonpost.com/2013/04/11/stephen-hawking-space-exploration-humanity_n_3061329.html
2013-04-12,21:28:04,1c7a0j,1487,Anti-Thatcher song hits top of U.K. pop chart - Ding Dong! The Witch is Dead goes to No. 1,cbc.ca,http://www.cbc.ca/news/arts/story/2013/04/12/margaret-thatcher-bbc-ding-dong-witch-is-dead-singles-chart.html
2013-04-12,13:53:17,1c6st3,1153,Wave of homophobic violence sweeps France,aljazeera.com,http://www.aljazeera.com/video/europe/2013/04/2013411235537971668.html
2013-04-12,16:21:31,1c6zqs,996,"A Chinese woman sent to a labour camp for demanding seven men who kidnapped, raped and forced her then 11-year-old daughter into prostitution be punished went to court on Friday to sue for compensation.",globalpost.com,http://www.globalpost.com/dispatch/news/afp/130412/china-rape-victims-mother-begins-court-case
2013-04-12,23:35:45,1c7hf9,728,U.K. gives the homeless jobs as tour guides,smartplanet.com,http://www.smartplanet.com/blog/bulletin/uk-gives-the-homeless-jobs-as-tour-guides/17390
2013-04-12,22:13:22,1c7cba,623,"Sudan People's Liberation Army to ""wipe out the entire Murle tribe on the face of the earth"". Nobody is willing to help these people.",ijr.org.za,http://www.ijr.org.za/news-and-events.php?nid=122&type=news
2013-04-12,19:53:51,1c76ch,608,North Korean helicopter dropping paratroopers along China border,news-republic.com,http://www.news-republic.com/Web/ArticleWeb.aspx?regionid=3&articleid=8255807
2013-04-12,19:55:59,1c76f2,583,Nuclear Waste Found in English Channel,spiegel.de,http://www.spiegel.de/international/europe/legacy-danger-old-nuclear-waste-found-in-english-channel-a-893991.html
2013-04-12,16:11:23,1c6zdm,577,"Greece's jobless rate has soared to a new high at 27.2%, 18-24yo at 60%",dw.de,http://www.dw.de/greeces-unemployment-hits-new-record/a-16737741
2013-04-12,21:52:38,1c7b6w,351,"In order to adhere to Chinese concepts of family and duty, an increasing amount of gay Chinese men are turning to an alternate form of marriage— marrying lesbian women.",jezebel.com,http://jezebel.com/gay-men-in-china-just-need-to-get-themselves-a-lesbian-472508549
2013-04-12,00:17:18,1c5001,300,Airbus is installing special big seats for fat people while shrinking other seats,businessinsider.com,http://www.businessinsider.com/airbus-offers-extra-wide-seats-for-fat-passengers-2013-4
2013-04-12,09:16:45,1c68bd,285,An amazing visualization of every drone strike in Pakistan,drones.pitchinteractive.com,http://drones.pitchinteractive.com/
2013-04-12,21:13:42,1c79c8,272,Russia Builds Giant Space Base In $52bn Push,news.sky.com,http://news.sky.com/story/1077277/russia-builds-giant-space-base-in-52bn-push
2013-04-12,02:34:05,1c5b36,269,Margaret Thatcher dead: Sex Pistol Johnny Rotten says hate mobs are 'loathsome' & calls for respect,dailymail.co.uk,http://www.dailymail.co.uk/news/article-2307183/Margaret-Thatcher-dead-Sex-Pistol-Johnny-Rotten-says-hate-mobs-loathsome--calls-respect.html?printingPage=true
2013-04-12,22:04:55,1c7buw,268,Sweden enlists llamas to fight sheep-killing wolves,thelocal.se,http://www.thelocal.se/47232/20130409/#.UWgGMbVJ5yE
2013-04-12,19:20:45,1c75c6,188,3 scenarios for North Korea endgame,edition.cnn.com,http://edition.cnn.com/2013/04/12/opinion/green-north-korea-scenarios/index.html
2013-04-12,05:50:56,1c5rlp,180,German hacker demonstrated how to remotely hijack and bring down an airplane using an app for the Android phone,rt.com,http://rt.com/news/teso-plane-hijack-android-716/
2013-04-12,11:23:32,1c6i99,172,"Spain holds first ""Siesta Championship"" or ""Napping Competition"" to bring back old tradition",news.discovery.com,http://news.discovery.com/human/spain-siesta-championship.htm
2013-04-12,03:25:59,1c5fev,167,Reinventing InventHelp - Inventors Digest Review,inventorsdigest.com,http://www.inventorsdigest.com/archives/4937
2013-04-12,14:52:18,1c6vyx,121,"Hawking: Mankind has 1,000 years to escape Earth",rt.com,http://rt.com/news/earth-hawking-mankind-escape-702/
2013-04-12,13:01:29,1c6pih,115,"North Korea employing ""Deceptive"" tactics. South Korean news source says they may be planning ""multiple"" missile launches.""",koreatimes.co.kr,http://www.koreatimes.co.kr/www/news/nation/2013/04/116_133773.html
2013-04-12,11:37:35,1c6jcb,99,Google launches tool to determine data use after death,bbc.co.uk,http://www.bbc.co.uk/news/business-22119227
2013-04-12,02:50:08,1c5cfe,90,‘US does not want a war - they want regime change in North Korea’,rt.com,http://rt.com/op-edge/us-wants-regime-change-nkorea-665/
2013-04-12,17:11:55,1c71gf,58,John Kerry lands in South Korea amid North Korea's nuclear threats,cnn.com,http://www.cnn.com/2013/04/11/world/asia/south-korea-kerry-trip/index.html?hpt=hp_t1
2013-04-12,07:39:11,1c60km,59,"Early Dinosaur Embryos Found in China Discovery. New technologies could make it possible to bring extinct species back to life, concludes a paper published in the journal Science.",news.discovery.com,http://news.discovery.com/animals/dinosaurs/dinosaur-organic-remains-and-embryos-found-130410.htm
2013-04-12,19:11:11,1c751j,59,"'North Korea will not be a nuclear power, we will defend ourselves if needed', US Secretary of State John Kerry",express.co.uk,http://www.express.co.uk/news/world/391350/North-Korea-will-NOT-be-a-nuclear-power-we-will-defend-ourselves-if-needed-John-Kerry
2013-04-12,10:42:32,1c6f2k,55,Space plays a growing role in U.S.-China security talks,uk.reuters.com,http://uk.reuters.com/article/2013/04/12/uk-usa-china-space-idUKBRE93B01Y20130412?feedType=RSS&feedName=worldNews
2013-04-12,07:11:32,1c5ye1,48,North Korea carries out parachute drills on Chinese border,scmp.com,http://www.scmp.com/news/asia/article/1212571/north-korea-carries-out-parachute-drills-chinese-border
