2013-10-01,05:17:54,1ngmt9,2811,"Ex-Microsoft privacy chief: I don't trust Microsoft after NSA revelations, says he was unaware of Prism data-sharing program when he worked there",theguardian.com,http://www.theguardian.com/world/2013/sep/30/microsoft-privacy-chief-nsa
2013-10-01,06:55:54,1nguxv,2627,US leaker Edward Snowden among 3 finalists for EU's top human rights prize,foxnews.com,http://www.foxnews.com/world/2013/09/30/us-leaker-edward-snowden-among-3-finalists-for-eu-top-human-rights-prize/
2013-10-01,20:39:46,1ni6o1,2521,A CEO who resisted NSA spying is out of prison. And he feels ‘vindicated’ by Snowden leaks.,washingtonpost.com,http://www.washingtonpost.com/blogs/the-switch/wp/2013/09/30/a-ceo-who-resisted-nsa-spying-is-out-of-prison-and-he-feels-vindicated-by-snowden-leaks
2013-10-01,23:53:33,1niibg,2204,"Age of Unreason: The governments of Britain, Canada and Australia are trying to stamp out scientific dissent.",monbiot.com,http://www.monbiot.com/2013/09/30/age-of-unreason/
2013-10-01,18:45:26,1ni26o,2123,German writer and NSA-critic is not allowed to enter the US,translate.google.de,http://translate.google.de/translate?sl=de&tl=en&js=n&prev=_t&hl=de&ie=UTF-8&u=http%3A%2F%2Fwww.spiegel.de%2Fkultur%2Fgesellschaft%2Filija-trojanow-nach-nsa-protest-einreise-in-die-usa-verweigert-a-925467.html&act=url
2013-10-01,19:10:27,1ni31m,1510,"""A superpower has paralyzed itself. The unthinkable has happened."" - Europe reacts to US government shutdown",thelocal.de,http://www.thelocal.de/politics/20131001-52181.html
2013-10-01,05:41:07,1ngour,1258,Korean minister blasts Japan for covering up Fukushima radiation leak,arirang.co.kr,http://www.arirang.co.kr/News/News_View.asp?nseq=151756
2013-10-01,18:05:48,1ni0sa,1052,"Snowden to EU: Whistleblowers need protection, ""Surveillance of whole populations is one of the greatest challenges facing human rights""",euobserver.com,http://euobserver.com/justice/121615?
2013-10-01,19:01:11,1ni2q3,885,"Report: Cheaper, purer illegal substances suggest global war on drugs is failing",edition.cnn.com,http://edition.cnn.com/2013/10/01/world/war-on-drugs-failing/index.html?hpt=hp_t3
2013-10-01,02:23:31,1ng8sf,799,NYC Accountant Gets 18 Years for Aiding al-Qaida,nation.time.com,http://nation.time.com/2013/09/30/nyc-accountant-gets-18-years-for-aiding-al-qaida/
2013-10-01,21:08:33,1ni80l,719,Siberian tigers making a comeback in China,latimes.com,"http://www.latimes.com/world/la-fg-c1-china-siberian-tiger-20131001-dto,0,6293775.htmlstory"
2013-10-01,05:15:04,1ngmko,715,"Peru exports more illegal gold than cocaine, and it’s the world’s biggest exporter of cocaine",qz.com,http://qz.com/129623/peru-exports-more-illegal-gold-than-cocaine-and-its-the-worlds-biggest-exporter-of-cocaine/
2013-10-01,02:27:20,1ng943,690,"NSA stores metadata of millions of web users for up to a year, secret files show",theguardian.com,http://www.theguardian.com/world/2013/sep/30/nsa-americans-metadata-year-documents?CMP=twt_fd
2013-10-01,05:17:12,1ngmra,657,A kiss between two women gets them arrested in Brazil.,daytondailynews.com,http://www.daytondailynews.com/news/news/gay-kiss-leads-arrest-religious-rally/nbBZx/
2013-10-01,06:33:01,1ngt27,506,"NSA spied on Martin Luther King, Muhammad Ali, Protestors of Vietnam War: Operation Minaret",bbc.co.uk,http://www.bbc.co.uk/news/world-us-canada-24279394???
2013-10-01,00:46:37,1ng1eb,440,Brits now experiencing an “unprecedented squeeze on living standards”,qz.com,http://qz.com/129657/brits-now-experiencing-an-unprecedented-squeeze-on-living-standards/
2013-10-01,06:24:31,1ngsdo,410,"The Indian lawyer for two of the four Delhi gang-rapists sentenced to hang last week has criticised the victim's parents for allowing her to go out at night with a boy and claimed he would have ""burned her alive"" if she had been his daughter.",telegraph.co.uk,http://www.telegraph.co.uk/news/worldnews/asia/india/10310670/Delhi-gang-rapists-lawyer-makes-Taliban-like-comment-that-he-would-have-burned-victim-alive.html
2013-10-01,03:01:51,1ngbub,379,NSA May Not Be Collecting Your Location Data From Telco Dragnet... Because It Gets It From Your GPS,techdirt.com,http://www.techdirt.com/articles/20130928/22594524686/nsa-may-not-be-collecting-your-location-data-telco-dragnet-because-it-gets-it-your-gps.shtml
2013-10-01,22:03:46,1niau5,371,"Qatar World Cup 2022: 70 Nepalese workers die on building sites ""Nepal has said that 70 of its migrant workers constructing facilities for the 2022 World Cup in Qatar have died on building sites since the start of 2012.""",theguardian.com,http://www.theguardian.com/world/2013/oct/01/qatar-world-cup-2022-nepalese-die-building-sites
2013-10-01,11:11:58,1nhe8g,331,War on illegal drugs failing: Illegal drugs are cheaper and purer globally than at any time over the last 20 years,bbc.co.uk,http://www.bbc.co.uk/news/uk-24342421
2013-10-01,00:13:12,1nfz0q,296,"Roma kids aged 10, forced into crime like military conscripts and Roma women bought and sold over their ability to steal, a court in France hears.",thelocal.fr,http://www.thelocal.fr/20130930/roma-kids-forced-into-crime-like-conscripts
2013-10-01,18:43:17,1ni23u,282,Putin nominated for Nobel Peace Prize,itar-tass.com,http://www.itar-tass.com/en/c32/897215.html
2013-10-01,00:57:35,1ng28v,261,"32% of all food in the UK is wasted. It's estimated that Tesco alone waste 130,000 tonnes of food per year but state that the problem lies with distribution and the consumer.",planetivy.net,http://planetivy.net/uknews/70290/everyday-values-tesco-food-waste-and-charitable-donations/
2013-10-01,21:28:56,1ni8zf,249,"Obama, after meeting Israel PM, says 'no options off the table' on Iran",worldnews.nbcnews.com,http://worldnews.nbcnews.com/_news/2013/09/30/20756304-obama-after-meeting-israel-pm-says-no-options-off-the-table-on-iran?lite
2013-10-01,03:19:06,1ngd7q,227,Second woman in 800 years elected mayor of City of London,ft.com,http://www.ft.com/cms/s/0/e1975812-29ea-11e3-9bc6-00144feab7de.html#axzz2gOwxSDES
2013-10-01,00:36:18,1ng0n4,186,Peres: Israel will consider joining chemical weapons ban treaty,reuters.com,http://www.reuters.com/article/2013/09/30/us-israel-chemical-idUSBRE98T0CS20130930
2013-10-01,03:17:04,1ngd2i,158,Russia moves to push forward conference on WMDs in Middle East - US fears such a conference might become attack on Israel.,jpost.com,http://www.jpost.com/Middle-East/Russia-moves-to-push-forward-conference-on-WMDs-in-Middle-East-327493
2013-10-01,23:00:39,1nieip,141,"4 Venezuela expels US diplomats, accusing them of meeting with opposition leaders and encouraging ""acts of sabotage""",aljazeera.com,http://www.aljazeera.com/news/americas/2013/09/venezuela-expels-us-diplomats-for-sabotage-20139302372517959.html
2013-10-01,00:16:30,1nfz9g,124,Germany sold Syria chemicals as late as 2011,en.europeonline-magazine.eu,http://en.europeonline-magazine.eu/germany-sold-syria-chemicals-as-late-as-2011-government-admits_299208.html
2013-10-01,21:07:47,1ni7zd,115,"Elderly populations too much for most countries, UN says",cbc.ca,http://www.cbc.ca/news/world/elderly-populations-too-much-for-most-countries-un-says-1.1874315
