2013-03-25,04:34:38,1axjc6,3008,"Armenia is the first country in the world to make chess mandatory in schools, aiming to build a better society",aljazeera.com,http://www.aljazeera.com/indepth/features/2013/03/201331792224757326.html
2013-03-25,23:36:22,1az79t,2440,"North Korea 'defeats' US troops and takes 150,000 American hostages in newly released propaganda video",telegraph.co.uk,http://www.telegraph.co.uk/news/worldnews/asia/northkorea/9947489/North-Korea-defeats-US-troops-in-new-video.html
2013-03-25,22:52:05,1az48w,1225,"IT'S OFFICIAL: Banks In Europe May Now Seize Deposits To Cover Their Gambling Losses


",businessinsider.com,http://www.businessinsider.com/implications-of-the-cyprus-bailout-2013-3
2013-03-25,18:32:12,1ayt51,1188,The Dangerous Drift towards World War in Asia,telegraph.co.uk,http://www.telegraph.co.uk/finance/comment/ambroseevans_pritchard/9950791/The-dangerous-drift-towards-world-war-in-Asia.html
2013-03-25,16:30:36,1ayptp,1184,Duck successfully fathers a chicken at Dubai research laboratory,newstalkzb.co.nz,http://www.newstalkzb.co.nz/auckland/news/2033660312-duck-successfully-fathers-a-chicken
2013-03-25,23:31:03,1az6vw,706,Russia reacted furiously today to news of the 11th hour European Union bailout of Cyprus - condemning it as 'stealing'.,independent.co.uk,http://www.independent.co.uk/news/world/europe/furious-russia-slams-cyprus-bailout-deal-as-stealing-as-uncertainty-continues-8548594.html
2013-03-25,19:32:24,1ayuxr,667,The Indian unit of Ford Motor Company has apologised for an advertisement showing former Italian Prime Minister Silvio Berlusconi with a group of bound women in the trunk of a car.,bbc.co.uk,http://www.bbc.co.uk/news/world-asia-india-21921139
2013-03-25,22:42:16,1az3mh,556,How Anonymous gamed Twitter to shed light on a hidden massacre,dailydot.com,http://www.dailydot.com/society/anonymous-oprohingya-burma-myanmar-twitter/
2013-03-25,21:35:22,1ayzwv,552,UK School bans triangle shaped flapjacks,independent.co.uk,http://www.independent.co.uk/news/uk/home-news/school-in-essex-bans-triangle-shaped-flapjacks-after-pupil-is-hurt-8548084.html
2013-03-25,01:59:20,1ax8lj,481,Unconfirmed reports that Syrian President Bashar al-Assad has been shot by a member of his security forces,translate.google.com,http://translate.google.com/translate?sl=ar&tl=en&js=n&prev=_t&hl=en&ie=UTF-8&eotf=1&u=http%3A%2F%2Fwww.alarab.net%2FArticle%2F522715&act=url
2013-03-25,05:26:15,1axn02,374,"Steven Simpson, Gay British Teen, Dies After Being Set On Fire At Birthday Party",huffingtonpost.com,http://www.huffingtonpost.com/2013/03/23/steven-simpson-gay-teen-burned-birthday-_n_2939092.html?utm_hp_ref=mostpopular
2013-03-25,23:17:07,1az5wv,278,Israel restores tax transfers to Palestinians following Obama visit,washingtonpost.com,http://www.washingtonpost.com/world/israel-restores-tax-transfers-to-palestinians-following-obama-visit/2013/03/25/b3f40d7a-9556-11e2-b6f0-a5150a247b6a_story.html
2013-03-25,01:46:26,1ax7q0,223,Arab Media said to be reporting that Syrian President Assad has been killed.,jssnews.com,http://jssnews.com/2013/03/24/bachar-el-assad-aurait-ete-tue-par-un-garde-du-corps/?fb_action_ids=166553160167758&fb_action_types=og.likes&fb_source=aggregation&fb_aggregation_id=288381481237582
2013-03-25,22:01:45,1az1aw,223,Hong Kong's top court ruled that foreign domestic helpers are ineligible for permanent-resident status no matter how long they live there.,reuters.com,http://www.reuters.com/article/2013/03/25/us-hongkong-maids-idUSBRE92O04520130325
2013-03-25,07:01:20,1axtn7,225,"Egypt's Islamist rulers get tough on alcohol:  beer tax rose to 200% this month, with wine tax rising to 150%. ",guardian.co.uk,http://www.guardian.co.uk/world/2013/mar/24/egyptian-alcohol-sales-cairo
2013-03-25,01:54:02,1ax88f,171,Lawyer declared brain dead wakes up after calls to pull plug on her,straitstimes.com,http://www.straitstimes.com/breaking-news/singapore/story/lawyer-declared-brain-dead-wakes-after-calls-pull-plug-her-20130324
2013-03-25,01:07:45,1ax5b3,169,Cyprus Limits ATM Withdrawals to 100 Euros Per Day,nytimes.com,http://www.nytimes.com/reuters/2013/03/24/business/24reuters-eurozone-cyprus-withdrawals.html
2013-03-25,23:43:28,1az7rr,157,"Swedish feminists call for all men to be banned from sitting with their legs opened. Say it is part of rape culture that ""Leads to women being raped""",vice.com,http://www.vice.com/read/swedish-feminists-are-so-bored-theyre-telling-men-how-to-sit-on-the-bus
2013-03-25,23:30:20,1az6u4,130,"""Nothing is safe from being seized by the state, no savings account, but also no house or apartment.""",spiegel.de,http://www.spiegel.de/international/europe/commentary-on-impact-of-euro-crisis-on-european-savers-a-890789.html
2013-03-25,22:45:29,1az3tz,111,"'Syrian army no longer in control of Israel border region' - Two divisions of the Syrian army, comprising tens of thousands of soldiers, which had been posted permanently along the Golan cease-fire line, have now almost entirely disintegrated",israelhayom.com,http://www.israelhayom.com/site/newsletter_article.php?id=8231
2013-03-25,05:19:04,1axmi0,103,"Russian warning to withdraw all the cash from the ""western banks"", because ""The European Union and United States were preparing for the largest theft of private wealth in modern history.""",incyprus.com.cy,http://www.incyprus.com.cy/en-gb/Showbiz/4118/33749/russian-warning?utm_source=twitterfeed&utm_medium=twitter
2013-03-25,10:54:51,1ay9xo,101,"Cyprus has clinched a last-ditch deal with international lenders for a 10 billion euro ($13bn) bailout that will shut down its second largest bank and inflict heavy losses on uninsured depositors, including wealthy Russians",aljazeera.com,http://www.aljazeera.com/news/europe/2013/03/201332512044365732.html
2013-03-25,02:06:50,1ax96k,99,Rebels in the Central African Republic have seized the presidential palace in the capital Bangui,aljazeera.com,http://www.aljazeera.com/news/africa/2013/03/201332481729584103.html
2013-03-25,03:08:32,1axda9,87,"Experts: North Korea trains ‘cyber warrior’ teams - “North Korea has nothing to lose in a cyberbattle, there is no target for South Korean retaliation.”",washingtontimes.com,http://www.washingtontimes.com/news/2013/mar/24/experts-north-korea-training-teams-cyberwarriors/?page=1
2013-03-25,19:02:39,1aytzs,90,BBC News - The hardline Buddhists targeting Sri Lanka's Muslims,bbc.co.uk,http://www.bbc.co.uk/news/world-asia-21840600
2013-03-25,11:26:41,1ayc0o,66,"The hardline Buddhists targeting Sri Lanka's Muslims. 'Sri Lankan monks are now taking this so-called ""direct action"" every few days. It is part of a growing wave of anti-Muslim activities in Sri Lanka carried out by new hardline Buddhist groups'",bbc.co.uk,http://www.bbc.co.uk/news/world-asia-21840600
2013-03-25,21:42:40,1az0aa,65,Bus passengers divided according to skin colour in Sweden,thelocal.se,http://www.thelocal.se/46892/20130323/
2013-03-25,03:10:25,1axdel,45,"Thirteen countries got more than 30 percent of their electricity from renewable energy in 2011, and many are aiming still higher",nytimes.com,http://www.nytimes.com/2013/03/24/sunday-review/life-after-oil-and-gas.html
2013-03-25,02:16:27,1ax9t6,45,"The Queen should think about retiring, Lord Prescott suggests",telegraph.co.uk,http://www.telegraph.co.uk/news/uknews/queen-elizabeth-II/9950830/The-Queen-should-think-about-retiring-Lord-Prescott-suggests.html
2013-03-25,14:38:29,1aym7x,39,Rare bird gets fitted with prosthesis to replace leg shattered by golf ball on B.C. golf course,cbc.ca,http://www.cbc.ca/news/canada/british-columbia/story/2013/03/24/bc-sandhill-crane-prosthetic-leg.html
