2013-02-23,23:54:19,192z78,2712,Briton finds 500-year-old arrest warrant for Machiavelli,telegraph.co.uk,http://www.telegraph.co.uk/news/worldnews/europe/italy/9871527/Briton-finds-500-year-old-arrest-warrant-for-Machiavelli.html
2013-02-23,02:59:10,191amq,2494,UK's most senior Roman Catholic says priest should be allowed to get married and have children,bbc.co.uk,http://www.bbc.co.uk/news/uk-scotland-21552628
2013-02-23,16:15:37,192m1m,2493,North Korea warns U.S. Forces of ‘destruction’ ahead of drills: 'North Korea on Saturday warned the top U.S. military commander stationed in South Korea that his forces would “meet a miserable destruction” if they go ahead with scheduled military drills with South Korean troops',nytimes.com,http://www.nytimes.com/reuters/2013/02/23/world/asia/23reuters-korea-north.html?smid=re-share
2013-02-23,07:53:08,191vsk,988,Iran to Execute 4 Bankers on Fraud Charges,presstv.ir,http://www.presstv.ir/detail/2013/02/18/289652/iran-sentences-4-to-death-in-scam-case/
2013-02-23,20:00:14,192roq,614,Charities say 'neigh' to feeding horse to the poor - A conservative German politician has been slammed for suggesting that poor people be given the meals removed from sale,thelocal.de,http://www.thelocal.de/society/20130222-48139.html
2013-02-23,19:46:26,192rd3,447,"
German president: make English the language of EU: 'Europe needs Britain's democratic traditions, political courage and sober-mindedness'
",guardian.co.uk,http://www.guardian.co.uk/world/2013/feb/22/german-president-pleads-britain-stay-eu
2013-02-23,21:44:59,192uam,411,"
China has almost 10,000 kilometers of high speed rail now and will have 5 times more by 2020 - Forcing China's Airlines to Shift Focus to International Travel",nextbigfuture.com,http://nextbigfuture.com/2013/02/china-has-almost-10000-kilometers-of.html
2013-02-23,03:09:19,191bes,254,"A British theatre director working in Uganda was bundled into a car, taken to the immigration department, then to a police station and locked up in a crowded cell. He was kept for five days before being deported. His crime was to have staged a comedy that touched on the subject of homosexuality.",economist.com,http://www.economist.com/news/middle-east-and-africa/21572229-gay-rights-uganda-are-still-no-laughing-matter-keep-them-stage
2013-02-23,06:15:13,191p3u,201,"A potentially explosive report has linked the resignation of Pope Benedict XVI to the discovery of a network of gay high-ranking clergy in the Vatican, some of whom were being blackmailed by outsiders. The pope’s spokesman declined to confirm or deny the report.",guardian.co.uk,http://www.guardian.co.uk/world/2013/feb/21/pope-retired-amid-gay-bishop-blackmail-inquiry/print
2013-02-23,00:38:02,1910f3,155,"Lawyer: Iranian diplomat quits embassy in Norway, seeking asylum there",washingtonpost.com,http://www.washingtonpost.com/world/europe/lawyer-iranian-diplomat-quits-embassy-in-norway-seeking-asylum-there/2013/02/22/ab5bb84c-7d0b-11e2-9073-e9dda4ac6a66_story.html?tid=sm_btn_reddit
2013-02-23,20:12:00,192rxm,109,"Iran said it has found significant new deposits of raw uranium to feed its nuclear program and has identified sites for 16 more nuclear power stations, just days before talks with Western powers over its disputed atomic program",reuters.com,http://www.reuters.com/article/2013/02/23/us-iran-nuclear-idUSBRE91M07920130223
2013-02-23,00:01:50,190xvg,105,100 US military personnel deployed to Niger,news.com.au,http://www.news.com.au/breaking-news/world/us-military-personnel-deployed-to-niger/story-e6frfkui-1226583935514?from=public_rss
2013-02-23,20:38:19,192slr,105,"India's Rice Revolution: Top Chinese scientist questions claim of massive harvests, scoffs at claims that fewer seeds plus less water can lead to better rice crop results",guardian.co.uk,http://www.guardian.co.uk/world/2013/feb/23/india-rice-revolution-questioned
2013-02-23,03:29:45,191cve,91,Big pharma's excuses for the monopolies on medicine won't wash,guardian.co.uk,http://www.guardian.co.uk/commentisfree/2013/feb/22/hiv-aids-deaths-pharmaceutical-industry
2013-02-23,00:26:09,190zjn,90,"[Businessweek] After Three Years, BP Is Finally Headed to Court.",businessweek.com,http://www.businessweek.com/articles/2013-02-22/after-three-years-bp-is-finally-headed-to-court#r=hpt-ls
2013-02-23,20:49:54,192svl,67,"S Korea female president brings gender hopes
Country ranked in bottom third of global equality list, but inauguration raises hopes of tackling issue.",aljazeera.com,http://www.aljazeera.com/video/asia-pacific/2013/02/20132239350164876.html
2013-02-23,06:47:21,191raz,53,UK loses its AAA credit rating,bbc.co.uk,http://www.bbc.co.uk/news/business-21554311
2013-02-23,04:49:57,191ip9,46,Banksy mural removed. Up for auction in Miami. - NPR,npr.org,http://www.npr.org/blogs/thetwo-way/2013/02/22/172697701/after-uproar-over-removed-mural-in-london-a-new-banksy-like-work-appears
2013-02-23,21:29:20,192tu8,43,"Horsemeat containing a drug potentially harmful to humans has likely entered the food chain, France says",france24.com,http://www.france24.com/en/20130223-drug-tainted-horsemeat-likely-food-chain-france
2013-02-23,21:49:37,192ufm,42,La Repubblica reports existence of underground gay network at Vatican.,slate.com,http://www.slate.com/blogs/the_slatest/2013/02/22/la_repubblica_reports_existence_of_underground_gay_network_at_vatican.html
2013-02-23,05:27:47,191lji,43,"South Korea nuclear weapons possible within 6 months, a conservative South Korean newspaper says.",globalpost.com,http://www.globalpost.com/dispatch/news/regions/asia-pacific/south-korea/130222/south-korea-nuclear-weapons-nukes-6-six-months
2013-02-23,22:14:22,192v74,38,Missile Defense’s Real Enemy: Math,thediplomat.com,http://thediplomat.com/flashpoints-blog/2013/02/02/missile-defenses-real-enemy-math/
2013-02-23,00:37:37,1910dq,34,Horsemeat scandal triggers 15% rise in sales for France's equine butchers | UK news,guardian.co.uk,http://www.guardian.co.uk/uk/2013/feb/21/horsemeat-scandal-rise-sales-france-butcher#
2013-02-23,09:21:25,192142,32,Our Right to Poison: Lessons from the Failed War on Drugs,spiegel.de,http://www.spiegel.de/international/world/global-support-grows-for-legalizing-drugs-a-884750.html
2013-02-23,19:17:36,192qqi,26,Horsemeat scandal's origin lies in the heart of our economic model:  Fixing lax regulation won't solve the problem – we need to address the circumstances that created this severely distorted food supply system,guardian.co.uk,http://www.guardian.co.uk/environment/blog/2013/feb/22/horse-meat-scandal-tesco-food-supply-system
2013-02-23,15:19:29,192kcl,23,Abe tells Obama Japan will join child abduction treaty ‹ Japan Today: Japan News and Discussion,japantoday.com,http://www.japantoday.com/category/politics/view/abe-tells-obama-japan-will-join-child-abduction-treaty
2013-02-23,22:42:01,192w5r,23," China Admits Existence of  ""Cancer Villages"" - 
 Facing flak over poor pollution control measures, China for 1st time admits existence of such villages due to the production of certain harmful chemicals banned in developed countries",timesofindia.indiatimes.com,http://timesofindia.indiatimes.com/home/environment/pollution/China-admits-existence-of-pollution-linked-cancer-villages/articleshow/18632330.cms
2013-02-23,00:31:18,190zxf,23,Greek unions question the wisdom of austerity as unemployment grows and a contracting economy means less tax revenue,aljazeera.com,http://www.aljazeera.com/indepth/features/2013/02/201322212441232620.html?utm_content=automate&utm_campaign=Trial6&utm_source=NewSocialFlow&utm_term=plustweets&utm_medium=MasterAccount
2013-02-23,01:06:41,1912gz,24,The Colorful Waters of China - a photo essay on water pollution,offbeatchina.com,http://offbeatchina.com/the-colorful-waters-of-china
2013-02-23,14:08:04,192hbg,20,Mali prisoner: 'Militants cut off my hand with a knife',bbc.co.uk,http://www.bbc.co.uk/news/world-africa-21467982
