2013-10-20,18:57:31,1otuh0,3448,"NSA Hacked Email Account of Mexican President ""The NSA has been systematically eavesdropping on the Mexican govet for years. It hacked into the president's public email account and gained deep insight into policy making and the political system.""",spiegel.de,http://www.spiegel.de/international/world/nsa-hacked-email-account-of-mexican-president-a-928817.html#ref=rss
2013-10-20,08:40:23,1ot0o4,3437,President Barack Obama's administration is urging the Supreme Court not to take up the first case it has received on controversial National Security Agency's foreign and domestic cybersnooping.,france24.com,http://www.france24.com/en/20131016-us-asks-top-court-not-take-case-nsa-cyber-snooping
2013-10-20,06:22:06,1osrbf,3225,Gunman in clown suit kills senior Mexican drug cartel member,ca.news.yahoo.com,http://ca.news.yahoo.com/gunman-clown-suit-kills-senior-mexican-drug-cartel-204217885.html
2013-10-20,23:07:30,1ou2q4,1830,"Undercover investigation reveals horrific conditions in egg industry: ""W5 discovered the Egg Farmers of Canada had sent out a nation-wide security alert to egg farmers across Canada, warning them about our story... to prevent any visits by reporters.""",ctvnews.ca,http://www.ctvnews.ca/w5/undercover-investigation-reveals-horrific-conditions-within-egg-industry-1.1503296
2013-10-20,17:29:17,1otrw1,1068,"Why have young people in Japan stopped having sex? ""For their govt, 'celibacy syndrome' is part of a looming national catastrophe. Japan already has one of the worlds lowest birth rates. Its population of 126M, which has been shrinking for the past decade, is projected to plunge a further ⅓ by 2060""",theguardian.com,http://www.theguardian.com/world/2013/oct/20/young-people-japan-stopped-having-sex
2013-10-20,04:06:10,1oshj3,896,"Sailor: “After we left Japan, it felt as if the ocean itself was dead” — Nothing alive for over 3,000 miles — No longer saw turtles, dolphins, sharks, birds — Saw one whale, it appeared helpless with big tumor on head",enenews.com,http://enenews.com/sailor-after-we-left-japan-it-felt-as-if-the-ocean-itself-was-dead-nothing-alive-for-over-3000-miles-no-longer-saw-turtles-dolphins-sharks-birds-saw-one-whale-it-appeared-to-be-hel
2013-10-20,10:45:54,1ot8ef,576,Mexico Bans GMO Corn:A ruling by a judge in Mexico City has suspend the planting of genetically modified corn in our country.,theyucatantimes.com,http://www.theyucatantimes.com/2013/10/mexico-bans-gmo-corn/
2013-10-20,23:46:03,1ou4na,500,Thousands of people have taken to the streets of Hong Kong to protest against what they see as a lack of government transparency and accountability.,bbc.co.uk,http://www.bbc.co.uk/news/world-asia-china-24600971
2013-10-20,13:13:23,1oth6f,475,"In China, victory for wildlife conservation as citizens persuaded to give up shark fin soup. “People said it was impossible to change China, but the evidence we are now getting says consumption of shark fin soup in China is down by 50 to 70 percent in the last two years”",washingtonpost.com,http://www.washingtonpost.com/world/in-china-victory-for-wildlife-conservation-as-citizens-persuaded-to-give-up-shark-fin-soup/2013/10/19/e8181326-3646-11e3-89db-8002ba99b894_story.html
2013-10-20,23:16:05,1ou35m,431,"JPMorgan to pay $14bn for role in meltdown - agrees deal to settle probes into bad loans sold before the 2007 crisis, but criminal proceedings to continue",aljazeera.com,http://www.aljazeera.com/news/americas/2013/10/us-bank-pay-14bn-role-meltdown-20131019223558526549.html
2013-10-20,19:37:12,1otvji,407,"NASA to China Scientists: No Chinese researchers allowed! Oh wait, please come - NASA barred them from Kepler Conference citing national security. But some US scientists decried the ban. ""The meeting is about planets located trillions of miles away with no national security implications.""",edition.cnn.com,http://edition.cnn.com/2013/10/20/world/asia/china-nasa-drama/
2013-10-20,04:24:07,1ositn,211,"Like Norway & NZ, Swedish Pension Funds Drop US Firm Due to Bad Environmental Practices - Says 'Freeport McMoRan Holdings' ""linked to serious adverse impacts"" in Papua, where it runs world’s biggest copper & gold mine. Massive amount of waste is visible from space.",ens-newswire.com,http://ens-newswire.com/2013/10/18/swedish-pension-funds-divest-freeport-mcmoran-holdings/
2013-10-20,10:03:34,1ot5w7,189,Mexico drug lord shot dead by clown assassins: Gunmen in disguise kill lieutenant of once-powerful Tijuana cartel during family children's party.,aljazeera.com,http://www.aljazeera.com/news/americas/2013/10/mexico-drug-lord-shot-dead-clown-assassins-20131019231130575399.html
2013-10-20,16:10:44,1otpcf,181,Inmates Bullied Into Converting To Islam,news.sky.com,http://news.sky.com/story/1156989/inmates-bullied-into-converting-to-islam
2013-10-20,01:03:33,1os4y2,147,Norwegian suspect named as Kenya mall gunman,thenews.com.pk,http://www.thenews.com.pk/Todays-News-1-208941-Norwegian-suspect-named-as-Kenya-mall-gunman
2013-10-20,09:46:07,1ot4u4,119,Scotland wants to secede from UK. Referendum less than a year away.,strathearnherald.co.uk,http://www.strathearnherald.co.uk/strathearn-news/scottish-news/2013/10/17/natural-majority-for-independence-64054-33958344/
2013-10-20,05:06:06,1oslvf,94,"US debt surges $328 billion in single day, surpassing $17 trillion for first time",rt.com,http://rt.com/usa/us-debt-record-default-obama-412/
2013-10-20,03:47:21,1osg49,96,"Lobbying Bonanza as Firms Try to Influence European Union ""law firms have managed to win results for clients, which include chemical & energy companies, drug makers, Silicon Valley firms, Wall Street businesses & military contractors. The firms are taking advantage of weak ethics rules in Brussels""",nytimes.com,http://www.nytimes.com/2013/10/19/world/europe/lobbying-bonanza-as-firms-try-to-influence-european-union.html
2013-10-20,02:53:02,1osc8x,87,Canadian Hamlet Evacuated After Oil Train Crash Causes Huge Blaze - Emergency crews battle fire after tanker cars carrying crude oil & petroleum gas leak following derailment in Alberta,theguardian.com,http://www.theguardian.com/world/2013/oct/19/canada-rail-fire-derailment
2013-10-20,22:31:04,1ou16e,84,"In post-crisis Spain, communism is beginning to emerge as a viable economic model.",theguardian.com,http://www.theguardian.com/world/2013/oct/20/marinaleda-spanish-communist-village-utopia
2013-10-20,16:13:08,1otpf7,80,"More than 90% of people in European cities breathe dangerous air, study finds Countries have downplayed hazards of air pollution despite evidence that it leads to 430,000 shortened lives a year",theguardian.com,http://www.theguardian.com/environment/2013/oct/15/european-cities-dangerous-air-pollution?INTCMP=ILCNETTXT3487
2013-10-20,13:26:21,1othwk,70,Scotiabank manager’s death probe reveals multimillion-dollar fraud,cbc.ca,http://www.cbc.ca/news/scotiabank-manager-s-death-probe-reveals-multimillion-dollar-fraud-1.2125652
2013-10-20,12:31:21,1oteoi,72,Rappers in Tunisia have formed a trade union in the face of a crackdown on using lyrics that criticise the authorities.,bbc.co.uk,http://www.bbc.co.uk/news/blogs-news-from-elsewhere-24539899
2013-10-20,16:04:22,1otp3w,65,World Cup 2014: Brazilians' rage against the state will disrupt the celebration,theguardian.com,http://www.theguardian.com/world/2013/oct/20/brazil-state-failure-world-cup
2013-10-20,03:44:15,1osfwc,53,100 protesters in hoods and motorcycle helmets attack the Italian economy ministry in Rome,telegraph.co.uk,http://www.telegraph.co.uk/news/worldnews/europe/italy/10391069/Protests-in-Rome-turn-violent-as-demonstrators-attack-economy-ministry.html
2013-10-20,04:07:57,1osho3,50,A surprising number of Pakistanis are in favor of drone strikes,economist.com,http://www.economist.com/news/asia/21588142-surprising-number-pakistanis-are-favour-drone-strikes-drop-pilot
2013-10-20,11:31:27,1otb1g,51,Don’t go to jail: Only 841 places left in entire British penal system,rt.com,http://rt.com/news/uk-prisons-full-places-437/
2013-10-20,05:38:19,1oso8a,35,Assassination pushes Libya towards civil war two years after Gaddafi death,theguardian.com,http://www.theguardian.com/world/2013/oct/19/assassination-libya-civil-war-gaddafi-benghazi
2013-10-20,03:57:46,1osgx5,34,This Is What Happens When A Spanish Judge Sends A Senior Banker to Jail,testosteronepit.com,http://www.testosteronepit.com/home/2013/10/19/this-is-what-happens-when-a-spanish-judge-sends-a-senior-ban.html
2013-10-20,11:52:58,1otcdm,36,Bloody Sunday troops face murder arrests 41 years after massacre,dailymail.co.uk,http://www.dailymail.co.uk/news/article-2468333/End-immunity-1Para-Bloody-Sunday-troops-face-murder-arrests-41-years-massacre.html
