2013-01-08,03:19:35,164uio,2669,Poachers killed a family of 11 elephants in the biggest single mass shooting of the animals on record in Kenya.,irishtimes.com,http://www.irishtimes.com/newspaper/breaking/2013/0107/breaking46.html
2013-01-08,12:48:38,165zx7,2475,"Australia's heatwave off the scale, the Bureau of Meteorology forced to add new colour to charts as ""dome of heat"" pushes 51C (123.8F) ",theage.com.au,http://www.theage.com.au/environment/weather/temperatures-off-the-charts-as-australia-turns-deep-purple-20130108-2ce33.html
2013-01-08,04:47:46,165122,2163,"Poachers are not only killing elephants, but also the park rangers who are trying to protect them.",nytimes.com,http://www.nytimes.com/2013/01/01/world/africa/central-africas-wildlife-rangers-face-deadly-risks.html
2013-01-08,19:41:25,166ggn,2015,"In a world first, McDonald's in Australia will temporarily re-name some stores to what 55 percent of Australians now call the company: 'Macca's'",finance.ninemsn.com.au,http://finance.ninemsn.com.au/newsbusiness/8590174/mcdonalds-to-become-maccas-in-australia
2013-01-08,01:50:05,164o7u,1454,Anger online as Saudi in his 90s marries 15-year-old,bbc.co.uk,http://www.bbc.co.uk/news/world-middle-east-20936800
2013-01-08,19:53:39,166gud,1338,"In Bollywood films, men routinely chase and harass women. The message from Bollywood is almost always that if you harass a woman enough, ""no matter how often she says no, she'll ultimately say yes"".",guardian.co.uk,http://www.guardian.co.uk/commentisfree/2013/jan/03/india-rape-violence-culture
2013-01-08,19:59:01,166h11,1108,Outrage as Indian guru blames Delhi rape victim,abc.net.au,http://www.abc.net.au/news/2013-01-08/indian-guru-blames-delhi-rape-victim2c-sparks-outrage/4457206
2013-01-08,15:08:59,1667p4,509,"Australia - Nation on high alert, over 100 fires in the state of New South Wales alone.",heraldsun.com.au,http://www.heraldsun.com.au/news/bushfire-danger-at-maximum-in-much-of-australia/story-e6frf7jo-1226548178110
2013-01-08,22:32:25,166n0u,291,"Two Indian soldiers have been shot dead in the disputed Kashmir region between India and Pakistan, officials say.",bbc.co.uk,http://www.bbc.co.uk/news/world-asia-20945842
2013-01-08,01:16:56,164m10,241,Archaeologists in Israel discover synagogue dating from time of Jesus ,pri.org,http://www.pri.org/stories/politics-society/religion/archaeologists-in-israel-discover-synagogue-dating-from-time-of-jesus-12586.html
2013-01-08,19:22:11,166fux,227,Students at North Korea's premier university have showed Google's executive chairman how they look for information online: they Google it.,guardian.co.uk,http://www.guardian.co.uk/world/2013/jan/08/north-korean-google-chief-search
2013-01-08,00:02:56,164hdp,146,Hunger Striking First Nations Chief Audited - Revealing Majority of $104M from Canadian government not properly accounted for - CBC News,cbc.ca,http://www.cbc.ca/news/politics/story/2013/01/07/pol-attawapiskat-audit-monday.html
2013-01-08,03:54:19,164x15,136,"In Unprecedented Protest to State Censorship, Chinese Media Outlets Run Disclaimer Stating They Don't Support State-Mandated Editorial Denouncing Southern Weekly",thediplomat.com,http://thediplomat.com/china-power/media-outlets-protest-state-editorial-on-southern-weekly/
2013-01-08,04:23:27,164z8t,65,Iran admits oil exports fall by 40 percent amid crippling Western sanctions,rt.com,http://rt.com/news/iran-oil-exports-drop-536/
2013-01-08,05:27:10,165408,51,Environmental activist creates a fake media release to wipe over $300 million worth of value from the stock of one of Australias biggest miners. ,smh.com.au,http://www.smh.com.au/business/rogue-trader-hoax-triggers-314m-fall-20130107-2cd11.html
2013-01-08,19:57:44,166gzm,52,Syria crisis: Food aid 'cannot reach a million people',bbc.co.uk,http://www.bbc.co.uk/news/world-middle-east-20945837
2013-01-08,17:16:20,166c8d,45,Kim Jong-Un sends 2.2 pounds of sweets to every child in North Korea to mark his birthday.,telegraph.co.uk,http://www.telegraph.co.uk/news/worldnews/asia/northkorea/9784811/Kim-Jong-un-sends-sweets-to-children-for-his-birthday.html
2013-01-08,05:37:00,1654pn,41,"Fifteen year old girl repeatedly raped by her father and whose baby was murdered faces flogging for ""fornicating"" with another man in the Maldives.",smh.com.au,http://www.smh.com.au/world/raped-girl-15-faces-flogging-for-sex-20130108-2cdd2.html
2013-01-08,19:43:59,166gji,39,New Record for German Exports Expected for 2012 Despite Euro Crisis - SPIEGEL ONLINE,spiegel.de,http://www.spiegel.de/international/business/new-record-for-german-exports-expected-for-2012-despite-euro-crisis-a-876296.html
2013-01-08,15:14:04,1667x1,41,British Soldier Killed By 'Uniformed Afghan',news.sky.com,http://news.sky.com/story/1034838/british-soldier-killed-by-uniformed-afghan
2013-01-08,01:15:03,164lwd,41,"After Outsourcing Boom, An 'Insourcing' Comeback? : NPR",npr.org,http://www.npr.org/2013/01/04/168616446/after-outsourcing-boom-an-insourcing-comeback?ft=1&f=1006
2013-01-08,18:03:52,166dne,36,Latest drone strike kills eight in northwest Pakistan,reuters.com,http://www.reuters.com/article/2013/01/08/us-pakistan-drone-idUSBRE90705320130108
2013-01-08,04:51:12,1651bg,31,"Indonesia's Aceh province proposes new law banning female passengers from straddling on motorcycles, because women's curves are more visible",thestar.com,http://www.thestar.com/news/world/article/1311359--women-passengers-to-be-banned-from-straddling-motorcycles-under-new-law-in-indonesia
2013-01-08,22:51:07,166nz1,30,Pet-killer Kayla Bourque released from jail with plans to live in Vancouver,vancouversun.com,http://www.vancouversun.com/news/killer+Kayla+Bourque+released+from+jail+with+plans+live+Vancouver+with+video/7785486/story.html
2013-01-08,21:20:59,166jtz,26,Riot breaks out in Syrian refugee camp in Jordan,bigstory.ap.org,http://bigstory.ap.org/article/riot-breaks-out-syrian-refugee-camp-jordan
2013-01-08,00:14:42,164i15,24,26ft giant squid footage captured,telegraph.co.uk,http://www.telegraph.co.uk/news/worldnews/asia/japan/9784780/26ft-giant-squid-footage-captured.html
2013-01-08,20:11:52,166hg4,24,"‘Husband killings’ become crime phenomenon in Yemen:  About 50 Yemeni women were arrested in 2012 for murder, most of which were accused of deliberately killing their husbands, Yemen’s interior ministry announced this week.",english.alarabiya.net,http://english.alarabiya.net/articles/2013/01/08/259264.html
2013-01-08,12:15:13,165xld,27,Wild dogs kill 4 in Mexico City park ,myfoxdc.com,http://www.myfoxdc.com/story/20526590/officials-wild-dogs-kill-4-in-mexico-city-park#axzz2HLiVYhBq
2013-01-08,22:20:23,166mfq,27,Indonesia City to Prohibit Women Passengers from Straddling Motorcycles,newsfeed.time.com,http://newsfeed.time.com/2013/01/07/indonesia-city-to-prohibit-women-from-straddling-behind-male-motorists/
2013-01-08,18:19:16,166e24,20,"Four killed, at least 175 injured as a riot erupted between hindus and Muslims in india.
",rt.com,http://rt.com/news/india-brawl-deadly-bill-559/
