2013-02-09,23:25:33,18708i,2348,"India judge defends acquitting 35 accused in  gangrape case: ""There was ample evidence to show the girl was used for child prostitution, which is not rape""",timesofindia.indiatimes.com,http://timesofindia.indiatimes.com/india/Suryanelli-case-Ex-HC-judge-says-girl-used-for-child-prostitution-not-raped/articleshow/18419584.cms
2013-02-09,17:36:18,186q7q,1978,The British Queen is facing a tough inquiry into her finances and expenses by the most powerful watchdog in government,telegraph.co.uk,http://www.telegraph.co.uk/news/uknews/9859194/The-Queens-finances-to-be-investigated-by-powerful-Westminster-committee.html
2013-02-09,19:50:32,186ted,1362,"Inside A Secret CIA Prison In The Polish Countryside: Documents reveal how American intelligence officers turned a secret training center for Polish security forces into one of the controversial ""black site"" prisons for terrorism suspects",worldcrunch.com,http://www.worldcrunch.com/world-affairs/exclusive-inside-a-secret-cia-prison-in-the-polish-countryside/scandal-torture-prisoners-black-sites-szymany/c1s10876/#.URYzbm_GNQQ
2013-02-09,04:07:07,185ez0,1167,There's a reason Egyptians keep taking to the streets: The Muslim Brotherhood has proved to be little more than the old Mubarak clique with beards,foreignpolicy.com,http://www.foreignpolicy.com/articles/2013/02/08/revolution_interrupted_egypt_muslim_brotherhood?page=full
2013-02-09,12:27:09,186dlp,1125,"11,000 Elephants Slaughtered in African Forest",newswatch.nationalgeographic.com,http://newswatch.nationalgeographic.com/2013/02/07/11000-elephants-slaughtered-in-african-forest/
2013-02-09,21:21:19,186vpr,630,"German Education Minister Annette Schavan has resigned after a university stripped her of her doctorate for plagiarism.
",bbc.co.uk,http://www.bbc.co.uk/news/world-europe-21395102
2013-02-09,03:29:52,185c4f,558,Polio workers in Nigeria shot dead:  At least nine health workers gunned down in northern city of Kano amid increasing hostility towards polio immunisation drive,guardian.co.uk,http://www.guardian.co.uk/world/2013/feb/08/polio-workers-nigeria-shot-dead
2013-02-09,22:38:30,186y93,440,South Korea says it will launch a pre-emptive strike against Pyongyang if they moves to test a nuclear weapon,rt.com,http://rt.com/news/south-korea-first-strike-806/
2013-02-09,01:07:07,1851kh,304,"Papua New Guinea woman burned alive for sorcery: ""She was stripped naked, tortured with a branding iron and tied up, splashed with fuel and set alight, while a crowd that included school children looked on""",abc.net.au,http://www.abc.net.au/news/2013-02-09/un-decries-png-case-of-woman-burned-alive-for-sorcery/4509678
2013-02-09,22:30:18,186xxn,213,Cold War in Asia: Japan suggests setting up a military hotline with China to avoid clashes between the two countries,timesofindia.indiatimes.com,http://timesofindia.indiatimes.com/world/rest-of-world/Japan-suggests-hotline-to-Beijing-over-island-spat/articleshow/18418392.cms
2013-02-09,02:31:02,1857ou,174,Iran's president defies supreme leader to safeguard his future,reuters.com,http://www.reuters.com/article/2013/02/08/us-iran-politics-idUSBRE9170U820130208
2013-02-09,04:43:38,185hqw,125,"Mob strips, tortures, and burns alive woman accused of witchcraft in Papua New Guinea 
",nydailynews.com,http://www.nydailynews.com/news/world/accused-witch-burned-alive-papua-new-guinea-article-1.1258655
2013-02-09,13:02:29,186fj4,118, China will compensate a woman who was held in a disused morgue as punishment for going to Beijing to petition against her husband's jailing,reuters.com,http://www.reuters.com/article/2013/02/08/us-china-morgue-idUSBRE91708P20130208
2013-02-09,07:38:31,185uvs,115,"Malala, Pakistani teen shot by Taliban, leaves hospital after stunning recovery",cnn.com,http://www.cnn.com/2013/02/08/world/europe/malala-hospital-release/index.html?sr=reddit
2013-02-09,03:06:24,185acm,99,"Suicide bomber in north Mali manages to kill 1 person, himself. ",news.yahoo.com,http://news.yahoo.com/suicide-bombing-north-mali-120921378.html
2013-02-09,03:33:50,185cfl,99,"Japan demanded a formal apology from China yesterday for a ""one-sided provocation"" after its navy targetted a Japanese destroyer patrolling the disputed Senkaku Islands with weapons-linked radars. ",telegraph.co.uk,http://www.telegraph.co.uk/news/worldnews/asia/japan/9858075/Japan-demands-apology-from-China-over-weapons-linked-radar.html
2013-02-09,21:25:16,186vtx,81,"Horse meat crisis widens
",irishtimes.com,http://www.irishtimes.com/newspaper/breaking/2013/0209/breaking1.html
2013-02-09,17:30:32,186q34,56,Syria: Children in Aleppo suffer horrific injuries as Assad forces target civilians,thestar.com,http://www.thestar.com/news/world/2013/02/06/syria_children_in_aleppa_suffer_horrific_injuries_as_assad_forces_target_civilians.html?google_editors_picks=true
2013-02-09,11:34:09,186afp,52,"A judge in Chile has ordered the exhumation of the remains of the poet Pablo Neruda, as part of an inquest into his death in 1973.
",bbc.co.uk,http://www.bbc.co.uk/news/world-latin-america-21391821
2013-02-09,11:28:33,186a3v,56,Guatemala declares national coffee emergency,bigstory.ap.org,http://bigstory.ap.org/article/guatemala-declares-national-coffee-emergency
2013-02-09,03:29:09,185c2d,51,"Oil-rich, velvet-rope-poor Azerbaijan, a country about the size of South Carolina on the Caspian Sea, would very much like to be the world’s next party capital",nytimes.com,http://www.nytimes.com/2013/02/10/magazine/azerbaijan-is-rich-now-it-wants-to-be-famous.html
2013-02-09,00:25:03,184yk3,50,Woman defaces famous Louvre painting with black pen,reuters.com,http://www.reuters.com/article/2013/02/08/us-france-louvre-idUSBRE9170G320130208
2013-02-09,20:39:40,186ulx,37,Delhi parliament attack plotter hanged,bbc.co.uk,http://www.bbc.co.uk/news/world-south-asia-21392156?karmaisabitch
2013-02-09,00:45:51,18503a,33,Huge Bangladesh rally seeks death penalty for Islamists,bbc.co.uk,http://www.bbc.co.uk/news/world-asia-21383632
2013-02-09,12:58:34,186fba,34,China has lodged a strong protest with the Indian authorities after a Chinese woman was raped in Delhi recently.,bbc.co.uk,http://www.bbc.co.uk/news/world-asia-india-21378283
2013-02-09,00:07:00,184x9x,25,Nigerian Islamist group Boko Haram kills nine women running polio vaccination drive,bigstory.ap.org,http://bigstory.ap.org/article/witnesses-nigeria-sect-group-attacks-polio-drives
2013-02-09,14:34:24,186k2z,27,Japan says it may release evidence to prove a Chinese naval frigate locked its fire-control radar onto a Japanese ship near disputed islands,bbc.co.uk,http://www.bbc.co.uk/news/world-asia-21392248
2013-02-09,23:37:28,1870t5,24,Syrian government forces and rebels both violate children's rights,hrw.org,http://www.hrw.org/news/2012/06/11/syria-stop-grave-abuses-children
2013-02-09,07:16:09,185t9m,22,UK beef products tested as horsemeat found in lasagna; Sweden also acts,cnn.com,http://www.cnn.com/2013/02/08/world/europe/uk-horsemeat-probe/index.html?hpt=hp_t2
2013-02-09,21:27:46,186vwr,24,Hamas Weighs Options For Recognizing Israel,al-monitor.com,http://www.al-monitor.com/pulse/originals/2013/02/hamas-debates-recognizing-israel.html
