2013-09-01,19:25:55,1liep2,2696,"Sir David Frost, broadcaster and writer, dies at 74",bbc.co.uk,http://www.bbc.co.uk/news/entertainment-arts-23920336
2013-09-01,23:08:38,1lilzl,2274,Fukushima radiation levels 18 times higher than previously thought,theguardian.com,http://www.theguardian.com/environment/2013/sep/01/fukushima-radiation-levels-higher-japan
2013-09-01,22:48:29,1lil43,2232,"Quebec hotel sues former guest over online review: The hotel is suing a former guest for $95,000 in damages over a review he wrote on the travel site TripAdvisor.",montrealgazette.com,http://www.montrealgazette.com/business/Quebec+hotel+sues+former+guest+over+online+review/8826109/story.html?123
2013-09-01,22:40:59,1liks7,2006,Syrians warn U.S. that Al Qaeda has hijacked revolution,communities.washingtontimes.com,http://communities.washingtontimes.com/neighborhood/citizen-warrior/2013/aug/30/syrians-al-qaeda-hijacked-revolution-civil-war/
2013-09-01,13:22:54,1li28j,1318,"'Arab news broadcaster Al Jazeera was spied on by the National Security Agency, according to documents seen by SPIEGEL. The US intelligence agency hacked into protected communication, a feat that was considered a particular success.'",spiegel.de,http://www.spiegel.de/international/world/nsa-spied-on-al-jazeera-communications-snowden-document-a-919681.html
2013-09-01,21:19:08,1lihvs,1251,Spain's youth unemployment reaches record 56.1%,theguardian.com,http://www.theguardian.com/business/2013/aug/30/spain-youth-unemployment-record-high
2013-09-01,02:59:58,1lh0d2,870,President Obama To Seek Congressional Authorization for Syrian Air Strikes,bigstory.ap.org,http://bigstory.ap.org/article/obama-set-speak-syria-white-house
2013-09-01,10:07:49,1lhr5r,768,"The Most Efficient Health Care Systems In The World: 'among the 48 countries included in the Bloomberg study, the U.S. ranks 46th, outpacing just Serbia and Brazil... worse than China, Algeria, and Iran.'",huffingtonpost.com,http://www.huffingtonpost.com/2013/08/29/most-efficient-healthcare_n_3825477.html
2013-09-01,10:25:17,1lhs6r,676,"Peruvian government declares state of emergency in 10 regions due to unusually cold weather and heavy snowfall, which has killed thousands of farm animals.",bbc.co.uk,http://www.bbc.co.uk/news/world-latin-america-23916217
2013-09-01,07:59:09,1lhjmd,589,Yemen Prime Minister survives assassination attempt.,bbc.co.uk,http://www.bbc.co.uk/news/world-middle-east-23913612
2013-09-01,18:11:34,1licrt,550,"Demand for Shark Fins Dropping Due to China's Crackdown that's Forced Decline in Lavish Banquets & Extravagance - Hong Kong also shows significant decline in consumption. ""The culture is changing in Asia among younger people. They aren't eating shark fin soup as much.""",news.yahoo.com,http://news.yahoo.com/shark-fin-decline-linked-china-corruption-crackdown-073442357.html
2013-09-01,21:52:40,1lij18,453,"Syria allies: Why Russia, Iran and China are standing by the regime",cnn.com,http://www.cnn.com/2013/08/29/world/meast/syria-iran-china-russia-supporters/index.html
2013-09-01,23:09:28,1lim0s,318,"France, following US and UK, applies brakes on Syrian war rhetoric",rt.com,http://rt.com/news/france-us-syria-hollande-obama-275/
2013-09-01,02:06:05,1lgwrw,295,India plans to ban Gmail for government workers after Snowden leaks: The move is intended to protect confidential government information from US intelligence agencies.,globalpost.com,http://www.globalpost.com/dispatch/news/regions/asia-pacific/india/130830/india-plans-ban-gmail-government-workers-after-snowd
2013-09-01,06:33:10,1lheb8,298,"Let's not let discussions about Syria become fact free, here's a good summary of how we got here",washingtonpost.com,http://www.washingtonpost.com/blogs/worldviews/wp/2013/08/29/9-questions-about-syria-you-were-too-embarrassed-to-ask/
2013-09-01,18:36:09,1liddv,270,Catholic Church in Australia succeeds in lobbying against charity watchdog,canberratimes.com.au,http://www.canberratimes.com.au/federal-politics/federal-election-2013/church-lobby-in-win-over-charities-watchdog-20130831-2sxqs.html
2013-09-01,13:14:52,1li1rb,251,"""We are fighting for survival,"" Pacific islands leader warns, as low-lying atolls grow uninhabitable because of rising seas, severe floods, droughts & storm surges. ""Climate change has already arrived."" Marshall Islands to host summit for largest greenhouse gas emitters, including US, China & EU.",theguardian.com,http://www.theguardian.com/environment/2013/sep/01/pacific-islands-climate-change
2013-09-01,02:50:17,1lgzpk,236,2 Canadian Navy ships collide during manoeuvres.,cbc.ca,http://www.cbc.ca/news/canada/british-columbia/story/2013/08/31/canada-warship-collision-hmcs-algonquin.html
2013-09-01,15:09:48,1li74g,234,Radiation readings spike at water tank at Japan's ruined nuclear plant,reuters.com,http://www.reuters.com/article/2013/09/01/us-japan-fukushima-idUSBRE98002520130901?feedType=RSS&feedName=topNews&utm_source=dlvr.it&utm_medium=twitter&dlvrit=992637
2013-09-01,21:32:12,1liibj,182,EU plans to fit all cars with speed limiters,telegraph.co.uk,http://www.telegraph.co.uk/motoring/road-safety/10278702/EU-plans-to-fit-all-cars-with-speed-limiters.html
2013-09-01,21:05:44,1lihi2,161,"Terrorist attack on Suez Canal ship 'foiled' in Egypt -- Reports of two blasts, but Panama-flagged vessel remained undamaged.",bbc.co.uk,http://www.bbc.co.uk/news/world-middle-east-23918642
2013-09-01,20:22:42,1lig82,148,Syria crisis: Britain will play active role in military action despite vote defeat,telegraph.co.uk,http://www.telegraph.co.uk/news/worldnews/middleeast/syria/10278355/Syria-crisis-Britain-will-play-active-role-in-military-action-despite-vote-defeat.html
2013-09-01,03:04:47,1lh0py,145,"Beneath Greenland's ice scientists have discovered a 460-mile ""megacanyon""",cnn.com,http://www.cnn.com/2013/08/29/world/europe/greenland-megacanyon/index.html?hpt=hp_t3
2013-09-01,13:05:50,1li1bj,132,A hugely popular self styled god-man / guru in India is arrested for rape of a 19 year old,hindustantimes.com,http://www.hindustantimes.com/India-news/Rajasthan/Asaram-arrested-from-Indore-ashram-being-taken-to-Jodhpur-via-Delhi-by-police/Article1-1115726.aspx
2013-09-01,20:19:55,1lig4z,124,"Fukushima radiation levels spike, now at ""Threat Level: Serious""",cnn.com,http://www.cnn.com/2013/09/01/world/asia/japan-fukushima-radiation-spike/index.html?hpt=hp_inthenews
2013-09-01,02:14:43,1lgxdf,111,"Israelis want US, Europe to attack Syria, but against IDF intervention",jpost.com,http://www.jpost.com/National-News/Polls-Israelis-want-US-Europe-to-attack-Syria-but-against-IDF-intervention-324787
2013-09-01,11:03:19,1lhufj,92,"Syrian woman, one of many tens of thousands, says ""We don't know what will happen,"" to us and our country when Obama attacks. She fears and disagrees with the impending strikes by Obama that are driving her and many tens of thousands to leave their homes in Syria, else risk death by staying.",independent.co.uk,http://www.independent.co.uk/news/world/middle-east/exodus-terrified-syrians-dash-to-flee-air-strikes-8792973.html
2013-09-01,04:59:18,1lh8aw,86,Is America Addicted to War? Yet Americans think of themselves as a peace-loving people.,foreignpolicy.com,http://www.foreignpolicy.com/node/743226#.UiJKzy0y5GA.reddit
2013-09-01,01:55:22,1lgw3l,64,Israel deploys missile defense system in Tel Aviv,bigstory.ap.org,http://bigstory.ap.org/article/israel-deploys-missile-defense-system-tel-aviv
2013-09-01,09:35:25,1lhp99,58,'Worst' Dec 16 Delhi gang-rape brute gets away with 3 years,hindustantimes.com,http://www.hindustantimes.com/India-news/NewDelhi/Worst-Dec-16-Delhi-gang-rape-brute-gets-away-with-3-years/Article1-1115487.aspx
