2013-05-13,20:59:14,1e8mwa,3401,Poacher Trampled to Death by the Elephant He was Trying to Shoot,telegraph.co.uk,http://www.telegraph.co.uk/news/worldnews/africaandindianocean/zimbabwe/10052209/Elephant-tramples-to-death-suspected-poacher.html
2013-05-13,22:25:38,1e8qx3,2805,SATs cancelled in South Korea due to suspect cheating. First time an entire country has been banned from taking the test.,online.wsj.com,http://online.wsj.com/article/SB10001424127887323744604578472313648304172.html
2013-05-13,21:46:31,1e8oud,2581,Swaziland makes it illegal for a witch to fly a broomstick above 150m,timeslive.co.za,http://www.timeslive.co.za/africa/2013/05/13/broomstick-flying-witches-to-be-brought-down-in-swaziland
2013-05-13,20:37:28,1e8m4l,2151,Russian Man Raped with Beer Bottles and Penis Chopped off For Being Gay - His Skull Crushed,ibtimes.co.uk,http://www.ibtimes.co.uk/articles/467162/20130513/gay-homosexual-russia-moscow-rape-sexual-assault.htm
2013-05-13,10:41:21,1e7uzt,2071,"New Fatal Virus Infects Two in France, Likely Spreads Person-to-Person",gawker.com,http://gawker.com/new-fatal-virus-infects-two-in-france-likely-spreads-p-503846763?utm_campaign=socialflow_gawker_facebook&utm_source=gawker_facebook&utm_medium=socialflow
2013-05-13,05:12:54,1e785c,1262,"350,000 fake ballots found just before the elections in Bulgaria (10% of the voting population)",translate.google.com,http://translate.google.com/translate?sl=auto&tl=en&js=n&prev=_t&hl=en&ie=UTF-8&eotf=1&u=http%3A%2F%2Fwww.vesti.bg%2Findex.phtml%3Ftid%3D40%26oid%3D5759671&act=url
2013-05-13,02:45:59,1e6y7f,1027,27% of Spaniards are out of work. Yet in one town everyone has a job: Marinaleda is run along the lines of a communist Utopia and boasts collectivised lands,independent.co.uk,http://www.independent.co.uk/news/world/europe/27-of-spaniards-are-out-of-work-yet-in-one-town-everyone-has-a-job-8612920.html
2013-05-13,17:22:14,1e8ga1,902,A major Mayan Monument had been bulldozed for roadfill aggregate. Noh Mul in Belize - repost from /Archaeology,pasthorizonspr.com,http://www.pasthorizonspr.com/index.php/archives/05/2013/no-more-noh-mul-contractor-bulldozes-mayan-temple
2013-05-13,00:51:16,1e6r3a,473,Arrival of U.S. aircraft carrier infuriates North Korea,rawstory.com,http://www.rawstory.com/rs/2013/05/12/arrival-of-u-s-aircraft-carrier-infuriates-north-korea/
2013-05-13,20:28:36,1e8lsx,458,Acid Attacks Against Women on the Rise in Italy - A vicious spate of copycat acid crimes has shocked the European country—& reveals a deep-seated culture of violence against women.,thedailybeast.com,http://www.thedailybeast.com/witw/articles/2013/05/13/acid-attacks-against-women-on-the-rise-in-italy.html
2013-05-13,15:02:13,1e8b82,421,Poachers Kill 26 African Elephants At World Heritage Site : News : Nature World News,natureworldnews.com,http://www.natureworldnews.com/articles/1863/20130510/poachers-kill-26-african-elephants-world-heritage-site.htm
2013-05-13,01:53:22,1e6utj,371,Today is astronaut Chris Hadfield's last full day on the International Space Station,cbc.ca,http://www.cbc.ca/news/technology/story/2013/05/12/hadfield-iss-returns-earth.html
2013-05-13,07:23:33,1e7hbk,364,"""Good Catholics Use Condoms"" ads outrage Kenyan Catholic community",goddiscussion.com,http://www.goddiscussion.com/109626/good-catholics-use-condoms-ads-outrage-kenyan-catholic-community/
2013-05-13,10:52:02,1e7vqx,320,"US and South Korean intelligence agencies are sitting on a huge archive recording torture, starvation and gross human rights abuses in North Korea.",theage.com.au,http://www.theage.com.au/world/secret-trove-of-files-on-n-korean-rights-abuses-20130512-2jg62.html
2013-05-13,22:28:32,1e8r2j,309,Egyptian man goes undercover as a woman to explore sexual harassment | World | News,news.nationalpost.com,http://news.nationalpost.com/2013/05/13/man-goes-undercover-as-a-woman-to-investigate-sexual-harassment-in-egypt/
2013-05-13,20:45:23,1e8meb,287,"Bangladesh ends search for collapse victims; final toll 1,127: The collapse of the Rana Plaza building is the worst tragedy in the history of the global garment manufacturing industry",usatoday.com,http://www.usatoday.com/story/news/world/2013/05/13/bangladesh-to-end-search-for-collapse-victims/2154753/
2013-05-13,08:17:21,1e7l0a,171,Greece has threatened high school teachers with arrest if they go ahead with a nationwide strike,reuters.com,http://www.reuters.com/article/2013/05/12/greece-strike-idUSL6N0DT0QK20130512
2013-05-13,06:48:54,1e7eyi,149,"David Bowie's Space Oddity, recorded by Commander Chris Hadfield on board the International Space Station [Video]",youtube.com,http://www.youtube.com/watch?v=KaOC9danxNo
2013-05-13,10:52:11,1e7vrj,138,A landfill site that was one of the biggest in Europe has been turned into a nature reserve with rare species now finding refuge on top of nearly 50 years of rubbish.,telegraph.co.uk,http://www.telegraph.co.uk/earth/earthnews/10051311/From-dump-to-haven-for-rare-species.html
2013-05-13,10:29:27,1e7u4y,136,Mystery virus death toll hits 15 in Saudi Arabia,smh.com.au,http://www.smh.com.au/world/mystery-virus-death-toll-hits-15-in-saudi-arabia-20130513-2jgtr.html
2013-05-13,22:28:32,1e8r2l,132,Turkish F-16 fighter jet crashes near Syrian border,bbc.co.uk,http://www.bbc.co.uk/news/world-middle-east-22513439
2013-05-13,20:54:59,1e8mrd,132,Europe is easing corporate tax burdens as those of workers rise,bloomberg.com,http://www.bloomberg.com/news/2013-05-13/europe-eases-corporate-tax-dodge-as-worker-burdens-rise.html
2013-05-13,21:10:16,1e8ncc,115,"Silvio Berlusconi hosted a prostitution network organised for his pleasure, the prosecuting magistrate has alleged in her closing argument in the sex trial of the billionaire former Italian prime minister",ft.com,http://www.ft.com/intl/cms/s/0/939f4d1a-bbbb-11e2-a4b4-00144feab7de.html#axzz2TAq2tTCs
2013-05-13,03:10:26,1e6zrq,96,Drugs giants used Communist East Germany for 'illegal' trials. Several patients died in tests made possible by massive payoffs,independent.co.uk,http://www.independent.co.uk/news/world/europe/drugs-giants-used-communist-east-germany-for-illegal-trials-8612929.html
2013-05-13,09:39:23,1e7qli,91,Saudi jails Lebanese for six years and 300 lashes for helping convert woman to Christianity.,english.al-akhbar.com,http://english.al-akhbar.com/content/saudi-jails-lebanese-who-helped-woman-convert-christianity
2013-05-13,05:47:57,1e7alr,79,Syria Christian village breathes easier as army nears,google.com,http://www.google.com/hostednews/afp/article/ALeqM5hXVgX9fenJeYIA5OcVQvqRYLYiaw?docId=CNG.c7142f856806ee18e5d1d0e4016ea78f.231
2013-05-13,10:43:23,1e7v4p,75,Exoskeletons allowing handicapped to regain abilities,japantimes.co.jp,http://www.japantimes.co.jp/news/2013/05/13/world/exoskeletons-allowing-handicapped-to-regain-abilities/
2013-05-13,11:46:37,1e7zm4,74,WikiLeaks first policy has been released - WikiLeaks Party demand federal shield laws for journalists,wikileaksparty.org.au,http://www.wikileaksparty.org.au/media/pr-12052013.html
2013-05-13,00:11:20,1e6oue,75,The World Health Organization says it appears likely that the novel coronavirus (NCoV) can be passed between people in close contact.,bbc.co.uk,http://www.bbc.co.uk/news/world-europe-22502143
2013-05-13,03:59:15,1e734r,54,"Turkey Says Evidence Links Syria to Car Bombings - “The incident was carried out by those who have been closely linked with pro-regime groups in Syria,” said Turkey’s interior minister, Muammer Guler. “There is no merit in spelling out the names. We know them all.” (xpost from /r/syriancivilwar)",nytimes.com,http://www.nytimes.com/2013/05/13/world/middleeast/9-detained-in-bombings-on-turkey-border-with-syria.html?_r=0
