2013-07-17,21:20:15,1ihc3j,3554,Norwegian rape victim sentenced to 1 year and 4 months of prison in Dubai for sex outside of marriage.,translate.google.com,http://translate.google.com/translate?hl=&sl=no&tl=en&u=http%3A%2F%2Fwww.vg.no%2Fnyheter%2Futenriks%2Fartikkel.php%3Fartid%3D10105411
2013-07-17,22:29:39,1ihftv,3002,Queen gives royal assent to same-sex marriage legislation; gay marriage now legal in England and Wales,breakingnews.com,http://www.breakingnews.com/item/ahZzfmJyZWFraW5nbmV3cy13d3ctaHJkcg0LEgRTZWVkGKrR8BEM/2013/07/17/queen-gives-royal-assent-to-same-sex-marriage-legi?utm_source=twitterfeed&utm_medium=twitter
2013-07-17,14:43:12,1igvzw,2502,"Same-sex marriage legalized in England, Wales",usatoday.com,http://www.usatoday.com/story/news/world/2013/07/16/britain-same-sex-marriage-legalized/2522911/
2013-07-17,21:14:33,1ihbu7,2437,"Li Jianxin, a Chinese whistleblower, was rammed by a car, blinded with acid, and deprived of two of his fingers.",telegraph.co.uk,http://www.telegraph.co.uk/news/worldnews/asia/china/10184412/Chinese-whistleblower-blinded-in-acid-attack.html
2013-07-17,20:20:59,1ih9kq,1454,"Russia bursts into top five strongest economies, replacing Germany",english.ruvr.ru,http://english.ruvr.ru/news/2013_07_17/Russia-bursts-into-top-five-strongest-economies-replacing-Germany-8099/
2013-07-17,23:52:15,1ihlcu,1173,"EU to abandon net neutrality - The new rule would undo the EU's previous policy of ensuring so-called network neutrality - a principle which states that ISPs must not give any content preferential treatment and that any video, article or web page should get just as much bandwidth as another.",dw.de,http://www.dw.de/eu-to-abandon-net-neutrality-on-internet-speed/a-16957670
2013-07-17,13:22:49,1igr6n,934,"Shark Finning and Over Fishing. More people need to understand how much of a problem this is. 12 people are killed each year by sharks, but an estimated 11,417 sharks are killed EVERY HOUR.",huffingtonpost.com,http://www.huffingtonpost.com/2013/03/27/sharks-killed-per-hour-infographic_n_2965775.html
2013-07-17,22:16:38,1ihf2f,912,US surveillance becomes election issue in Germany - creates political turbulence for Merkel,news.yahoo.com,http://news.yahoo.com/us-surveillance-becomes-election-issue-germany-064115050.html
2013-07-17,04:29:21,1ifmeq,789,Shark Finning Banned By EU,inquisitr.com,http://www.inquisitr.com/846561/shark-finning-banned-by-eu/
2013-07-17,05:48:45,1ift6l,587,U.S. to Russia: Turn over Snowden or risk 'long-term problems',news.yahoo.com,http://news.yahoo.com/u-s--to-russia--turn-over-snowden-or-risk--long-term-problems--185119239.html
2013-07-17,05:34:31,1ifrzm,560,Same-sex marriage set to enter UK law later this week,bbc.co.uk,http://www.bbc.co.uk/news/uk-politics-23338279
2013-07-17,00:59:56,1if4qa,540,Pharmaceutical giant GlaxoSmithKline allegedly “ringleader” of the sexual bribery scandal in China,planetivy.co.uk,http://planetivy.co.uk/uknews/uknews-uknews/58699/glaxosmithklines-allegedly-ringleader-of-sexual-bribery-scandal/
2013-07-17,12:38:44,1igo72,490,"19 children die, more sick after eating free lunch in Indian primary school, official says",washingtonpost.com,http://www.washingtonpost.com/world/asia_pacific/19-children-die-more-sick-after-eating-free-lunch-in-indian-primary-school-official-says/2013/07/16/c613cf16-ee90-11e2-bb32-725c8351a69e_story.html?
2013-07-17,19:26:06,1ih7i4,480,Israel among most corrupt of OECD countries,jpost.com,http://www.jpost.com/National-News/Israel-among-most-corrupt-of-OECD-countries-319315
2013-07-17,14:37:36,1igvoz,413,"Approximately 5,000 Syrians are dying each month, and an average of 6,000 people flee the country every day, UN officials reported Tuesday. Since the war began, nearly 93,000 people are dead, and 1.8 million have fled.",csmonitor.com,http://www.csmonitor.com/World/Latest-News-Wires/2013/0717/Human-toll-of-Syria-s-civil-war-echoes-Rwandan-genocide-says-UN
2013-07-17,17:35:16,1ih3kz,415,"Stolen paintings Matisse, Picasso, Monet and Gauguin burnt by thieves because they wouldn't sell, suspects' mom says",nltimes.nl,http://www.nltimes.nl/2013/07/17/stolen-art-burnt/
2013-07-17,14:25:08,1iguzq,419,Israel set to approve over 900 new settlement homes in West Bank,haaretz.com,http://www.haaretz.com/news/national/.premium-1.536173
2013-07-17,17:36:49,1ih3n0,290,Putin says U.S. ties more important than Snowden,reuters.com,http://www.reuters.com/article/2013/07/17/us-usa-security-snowden-russia-idUSBRE96F0I020130717
2013-07-17,21:28:14,1ihchp,275,US drone strike killed key al-Qa'ida leader Saeed al-Shihri in Yemen,independent.co.uk,http://www.independent.co.uk/news/world/middle-east/confirmed-us-drone-strike-killed-key-alqaida-leader-saeed-alshihri-in-yemen-8713944.html
2013-07-17,12:57:39,1igpi2,266,Winner of $3.2million at age 16 now has $3000 left 10 years later,news.com.au,http://www.news.com.au/money/money-matters/callie-rogers-says-she8217s-never-been-happier-since-losing-32m-lotto-win/story-e6frfmd9-1226680548118
2013-07-17,18:41:40,1ih5xg,251,"Petty police corruption shown in the UK, as officer's ex-girlfriend is harassed with false accusations",private-eye.co.uk,http://www.private-eye.co.uk/sections.php?section_link=in_the_back
2013-07-17,01:01:47,1if4v1,232,"U.N. officials say 5,000 people a month are being killed in Syria - flight of refugees worst since Rwanda genocide",nytimes.com,http://www.nytimes.com/aponline/2013/07/16/world/ap-un-un-syria-humanitarian.html?hp
2013-07-17,22:24:52,1ihfj2,227,Tibetans lose patience after 50 years of peaceful protest,thenational.ae,http://www.thenational.ae/thenationalconversation/comment/tibetans-lose-patience-after-50-years-of-peaceful-protest
2013-07-17,06:38:24,1ifxed,166,Canadian First Nations people were used as test subjects for malnutrition experiments without their knowledge,cbc.ca,http://www.cbc.ca/news/canada/manitoba/story/2013/07/16/mb-aboriginal-nutritional-experiments-canada.html
2013-07-17,05:39:30,1ifsf4,170,Catholic school expels school girl who was raped during school trip. School says she broke curfew and had been drinking alcohol,thelocal.fr,http://www.thelocal.fr/20130716/school-expels-rape-victim-for-breaking-curfew
2013-07-17,23:37:24,1ihkb4,162,"France told to lift lifetime ban on gay men giving blood, because it is 'discriminatory and not based on science'",thelocal.fr,http://www.thelocal.fr/20130717/france-told-to-lift-ban-on-gay-men-giving-blood
2013-07-17,21:02:56,1ihba6,161,Kindergartens in Denmark are now prohibited from serving pork to children.,politiken.dk,http://politiken.dk/tjek/forbrug/tjekmad/ECE2023984/boernehaver-dropper-svinekoed-det-skal-vaere-ens-for-alle/
2013-07-17,22:38:03,1ihgcl,147,"Reuters Exposed: Publication Openly Hostile To Climate Coverage, Top Editor Doubts Climate Science",thinkprogress.org,http://thinkprogress.org/climate/2013/07/16/2307291/reuters-exposed-publication-openly-hostile-to-climate-coverage-top-editor-doubts-climate-science/
2013-07-17,05:59:12,1ifu3w,108,"Germany: European GMO-scientists say Monsanto most likely spying on researchers, sending viruses, & hacking computers.",sustainablepulse.com,http://sustainablepulse.com/2013/07/13/the-sinister-monsanto-group-agent-orange-to-genetically-modified-corn/#.UeWy01MVw7B
2013-07-17,20:23:04,1ih9n5,92,"Tiny ‘half-room’ sublet in Geneva, Switzerland for more than $585 a month sparks protest",thelocal.ch,http://www.thelocal.ch/20130717/half-room-sublet-in-geneva-sparks-protest#.UeZ-JO5m7g0.reddit
