2013-08-26,11:05:57,1l3al6,3373,Exclusive: CIA Files Prove America Helped Saddam as He Gassed Iran,foreignpolicy.com,"http://www.foreignpolicy.com/articles/2013/08/25/secret_cia_files_prove_america_helped_saddam_as_he_gassed_iran?page=0,0"
2013-08-26,19:58:15,1l3zke,2828,Syria: UN Inspectors 'Shot At By Snipers',news.sky.com,http://news.sky.com/story/1133285/syria-un-inspectors-shot-at-by-snipers
2013-08-26,05:54:57,1l2pv9,1909,"LSD is good for you, say Norway researchers",thelocal.no,http://www.thelocal.no/20130822/no-link-between-lsd-and-mental-problems-say-norway-researchers
2013-08-26,19:22:37,1l3yd8,1830,"US military intervention in Syria would 'repeat the mistakes' of Iraq war, Russia warns",worldnews.nbcnews.com,http://worldnews.nbcnews.com/_news/2013/08/26/20192545-us-military-intervention-in-syria-would-repeat-the-mistakes-of-iraq-war-russia-warns?lite
2013-08-26,22:38:05,1l46kz,1349,Syrian official: Israel will be under fire if the US strikes in Syria.,ynetnews.com,"http://www.ynetnews.com/articles/0,7340,L-4422469,00.html"
2013-08-26,21:43:37,1l43q7,1294,Top Editors Call Out UK Govt: 'Detention of Miranda Undermines Free Press': Sharply worded open letter from the heads of leading European papers echoes mass outrage at abuse of anti-terrorism laws to intimidate journalists,commondreams.org,http://www.commondreams.org/headline/2013/08/25-1
2013-08-26,04:57:49,1l2lwt,894,"Alexander runs the US cyberwar effort, an empire he built over eight years by insisting that our vulnerability to digital attacks requires amassing ever more authority. In his telling, the threat is so huge that the nation has little option but to put the entire Internet under his control.",wired.com,http://www.wired.com/threatlevel/2013/06/general-keith-alexander-cyberwar/all/
2013-08-26,07:34:27,1l2wo0,884,Navy ready to launch first strike on Syria: Britain is planning to join forces with America and launch military action against Syria within days in response to the gas attack believed to have been carried out by President Bashar al-Assad’s forces against his own people,telegraph.co.uk,http://www.telegraph.co.uk/news/worldnews/middleeast/syria/10265765/Navy-ready-to-launch-first-strike-on-Syria.html
2013-08-26,04:37:59,1l2kl2,684,Wikileaks leaks alleged emails between American officials and intelligence contractors.,search.wikileaks.org,http://search.wikileaks.org/gifiles/?q=syria*+%7C+damascus+%7C+aleppo&mfrom=&mto=secure%40stratfor.com&title=&notitle=&date=&nofrom=&noto=&count=50&sort=0&file=&docid=&relid=0#searchresult
2013-08-26,22:31:27,1l467m,650,"Finnish Court Censors Website That Criticizes Censorship -- While the site itself doesn’t host or link to illegal content, the court argues that society’s obligation ‘to protect the children’ trumps freedom of speech in this case",torrentfreak.com,http://torrentfreak.com/finnish-court-censors-website-that-criticizes-censorship-130826/
2013-08-26,03:48:05,1l2ha2,459,Jehovah’s Witness elders stonewalled a police probe into church member’s sexual abuse. They claimed they had a “duty to God” not to cooperate with the investigation.,freethinker.co.uk,http://freethinker.co.uk/2013/08/24/jehovahs-witness-elders-stonewalled-a-police-probe-into-church-members-sexual-abuse/
2013-08-26,05:30:20,1l2o4b,264,"Taiwan Seizes 2,626 Rare Turtles Bound for Dinner Plates in China - ""After consuming up their own turtles, now they are turning their eyes to Southeast Asia & Taiwan,"" said a Council of Agriculture official. ""Since the turtles are not seen often in the wild, many must've been involved.""",channelnewsasia.com,http://www.channelnewsasia.com/news/asiapacific/taiwan-seizes-2-500-rare/790048.html#photo-tab
2013-08-26,08:55:06,1l321v,240,"Church of the Flying Spaghetti Monster AKA ""Pastafarians"" stage satirical march in Moscow. Police detain and charge 8 with organizing an unsanctioned rally.",worldnews.nbcnews.com,http://worldnews.nbcnews.com/_news/2013/08/24/20153441-humor-failure-in-russia-crackdown-on-pastafarians-shows-kremlin-church-ties?lite
2013-08-26,09:53:42,1l35t1,229,"Alexei Navalny, who is also an anti-corruption blogger, was detained late Sunday at an event for infringing ""the rights and legal interests of other citizens,"" an unnamed police official told Interfax news agency.",hosted.ap.org,http://hosted.ap.org/dynamic/stories/E/EU_RUSSIA_NAVALNY?SITE=RIPAW&SECTION=HOME&TEMPLATE=DEFAULT
2013-08-26,20:25:15,1l40fz,221,"""Britain's anti-terror legislation should be widened to cover the publication and passing on of official government secrets, the former Metropolitan Police Commissioner Lord Blair has suggested.""",independent.co.uk,http://www.independent.co.uk/news/uk/politics/we-need-new-and-wider-terrorism-law-to-protect-government-secrets-says-lord-blair-8784355.html
2013-08-26,07:18:26,1l2vlv,186,Gay reporter James Kirchick kicked off Russia’s RT news network for protesting anti-gay laws,nydailynews.com,http://www.nydailynews.com/news/world/gay-reporter-james-kirchick-kicked-russia-rt-news-network-article-1.1432889
2013-08-26,19:22:33,1l3yd6,184,"Russia to US: “Once again we call not to repeat past mistakes, not to allow actions that contradict international law.”",rt.com,http://rt.com/news/syria-russia-us-iraq-976/
2013-08-26,17:12:12,1l3u3v,174,Feasting & Fighting: the Long-Lost Secrets of Beowulf - Archaeologists in Denmark have excavated the 6th-century great dining hall at the center of the epic work. The dark secrets of England’s oldest work of epic literature are emerging from under a field.,independent.co.uk,http://www.independent.co.uk/news/science/archaeology/features/feasting-and-fighting-the-longlost-secrets-of-beowulf-8784510.html
2013-08-26,02:22:30,1l2bpo,166,"Syria lets U.N. inspect gas attack site, Washington says too late",reuters.com,http://www.reuters.com/article/2013/08/25/us-syria-crisis-idUSBRE97K0EL20130825
2013-08-26,03:10:17,1l2esf,163,'Our generation is a lost cause': Spain's youth struggle to chart a life amid economic crisis,worldnews.nbcnews.com,http://worldnews.nbcnews.com/_news/2013/08/25/20022234-our-generation-is-a-lost-cause-spains-youth-struggle-to-chart-a-life-amid-economic-crisis
2013-08-26,21:28:46,1l4323,153,"Hysteria around chemical attack suits those who want military intervention in Syria - Sergey Lavrov, Foreign Minister of Russia",rt.com,http://rt.com/news/lavrov-syria-press-conference-003/
2013-08-26,00:46:01,1l2639,145,"Russia warns U.S. not to repeat in Syria past mistakes in region ""Referring to the United States' military intervention in Iraq, the Russian Foreign Ministry said in a statement that any military action would affect joint U.S.-Russian efforts for an international peace conference on Syria.""",reuters.com,http://www.reuters.com/article/2013/08/25/us-syria-crisis-us-russia-idUSBRE97O09W20130825
2013-08-26,11:35:23,1l3co2,139,"Flouting International Rejection of Weapons, US to Supply Saudi Arabia With Cluster Bombs -- The U.S. and Saudi Arabia have refused to sign the Convention on Cluster Munitions, which prohibits use and transfer of the weapons noted for their harm to civilian populations years after they are dropped",commondreams.org,https://www.commondreams.org/headline/2013/08/22-4
2013-08-26,03:37:45,1l2glr,136,"1,000-strong Burmese Buddhist mob burns Muslim homes and shops",independent.co.uk,http://www.independent.co.uk/news/world/asia/1000strong-burmese-buddhist-mob-burns-muslim-homes-and-shops-8784234.html
2013-08-26,06:08:19,1l2qt5,101,Saudi Arabia to have 16 nuclear reactors to be ready by 2030,arabnews.com,http://www.arabnews.com/news/462415
2013-08-26,06:02:04,1l2qdi,99,Typing error sends Tel Aviv Stock Exchange plummeting...Israel Corporation shares fall 99.98 percent before mistake is detected; trading briefly halted,timesofisrael.com,http://www.timesofisrael.com/typing-error-sends-tel-aviv-stock-exchange-plummeting/
2013-08-26,00:12:01,1l2498,68,"Britain Has Secret Middle East Web Surveillance Base -- ""The facility can intercept emails, telephone calls and web traffic for the US and other intelligence agencies. The British base taps into underwater fibre-optic cables in the region.""",securityweek.com,http://www.securityweek.com/britain-has-secret-middle-east-web-surveillance-base-report
2013-08-26,18:50:52,1l3xbd,61,"At Subang condo, ban against ‘African’ tenants",themalaymailonline.com,http://www.themalaymailonline.com/malaysia/article/in-subang-condo-ban-against-african-tenants
2013-08-26,21:19:31,1l42m5,52,Japanese school board bans acclaimed anti-war manga,theguardian.com,http://www.theguardian.com/books/2013/aug/26/japan-school-board-bans-manga-hadashi-no-gen
2013-08-26,00:35:35,1l25i6,48,"An international panel of scientists has found with near certainty that human activity is the cause of most of the temperature increases of recent decades, and warns that sea levels could conceivably rise by more than three feet by the end of the century",nytimes.com,http://www.nytimes.com/2013/08/20/science/earth/extremely-likely-that-human-activity-is-driving-climate-change-panel-finds.html?_r=0&pagewanted=all
