2013-04-20,22:52:00,1cqnz3,2845,"""Czechs: we're not Chechens""",news.yahoo.com,http://news.yahoo.com/czechs-were-not-chechens-132405023.html;_ylt=AvzQM1g1u1bZaPa7uVpW8EJvaA8F;_ylu=X3oDMTNyMzVhcnJjBG1pdANUb3BTdG9yeSBXb3JsZFNGBHBrZwNiNjA3YzMzNy1lNThlLTM2ZWQtODc3MC03YWQzMjU5MDU0MGQEcG9zAzE1BHNlYwN0b3Bfc3RvcnkEdmVyA2M3YWI5NGMwLWE5YmQtMTFlMi1iZmZkLWMyZGVmMGY5ZGY2ZA--;_ylg=X3oDMTFqOTI2ZDZmBGludGwDdXMEbGFuZwNlbi11cwRwc3RhaWQDBHBzdGNhdAN3b3JsZARwdANzZWN0aW9ucw--;_ylv=3
2013-04-20,09:44:56,1cpn3k,2612,Second Boston bombing suspect captured. Reuters live feed,live.reuters.com,http://live.reuters.com/Event/Boston_Marathon_Explosion
2013-04-20,02:59:49,1cosbk,2565,"El Salvador woman's fetus is anencephalic, can never have a brain. She's critically ill and faces jail time if she goes forward with lifesaving abortion",richarddawkins.net,http://www.richarddawkins.net/news_articles/3804
2013-04-20,18:53:46,1cqg5b,2156,"8000 suspected pot cookies found by Mounties: ""I've never seen anything like it before. It's an unprecedented number of cookies.""",cbc.ca,http://www.cbc.ca/news/canada/british-columbia/story/2013/04/19/bc-marijuana-cookies-white-rock.html
2013-04-20,10:12:09,1cppkj,2139,"Suicide Bombing in Baghdad Kills 27 people, at least 3 children",thejakartaglobe.com,http://www.thejakartaglobe.com/international/baghdad-cafe-bomb-kills-27-as-unrest-spikes-before-vote/586838
2013-04-20,22:34:12,1cqn5j,1944,"British man sues gym over ""sexist women-only hours""",dailymail.co.uk,http://www.dailymail.co.uk/femail/article-2311098/Peter-Lloyd-Why-Im-suing-gym-sexist-women-hours.html
2013-04-20,22:44:58,1cqnnb,1721,"Stonehenge 5,000 Years Older Than Thought",news.discovery.com,http://news.discovery.com/history/archaeology/stonehenge-settled-5000-years-earlier-than-thought-13041.htm#mkcpgn=rssnws1
2013-04-20,09:26:44,1cplvk,680,6.9 Earthquake in China,earthquake.usgs.gov,http://earthquake.usgs.gov/earthquakes/eventpage/usb000gcdd#summary
2013-04-20,02:25:39,1copjz,599,Genital Wart Decline in Australia Tracked to HPV Vaccine - The incidence of genital warts declined by more than 90% in adolescent and teenage girls in the first 4 to 5 years after introduction of the human papillomavirus (HPV) vaccine in Australia,medpagetoday.com,http://www.medpagetoday.com/InfectiousDisease/STDs/38567
2013-04-20,20:47:39,1cqje0,524,Nigerian Girls Sold Into Sex Slavery in Italy - The Domitiana highway was built in 95 AD as a thoroughfare. Now it's more like a 1-stop sex supermarket where up to 600 Nigerian prostitutes are found at a time along a 30-kilometer stretch of the pot-holed road.,thedailybeast.com,http://www.thedailybeast.com/witw/articles/2013/04/19/nigerian-girls-trafficked-in-italy-s-sex-slave-trade.html
2013-04-20,00:53:01,1coiur,316,"Belize Supreme Court declares offshore oil drilling contracts issued by Govt of Belize 2004-2007 null & void, stopping govt from allowing drilling in world’s 2nd largest barrier reef, the Meso American - Govt didn't assess environmental impact & gave okay to firms without proof of safety.",ens-newswire.com,http://ens-newswire.com/2013/04/18/belize-court-protects-barrier-reef-from-unsafe-oil-drilling/
2013-04-20,12:53:14,1cq0zs,316,World's oldest ever man turns 116 in Japan,japantoday.com,http://www.japantoday.com/category/national/view/worlds-oldest-ever-man-turns-116-in-japan
2013-04-20,05:02:30,1cp235,289,Chinese troops intrude into Indian territory in Ladakh,news24online.com,http://www.news24online.com/chinese-troops-intrude-into-indian-territory-in-ladakh_LatestNews24_17063.aspx
2013-04-20,20:32:04,1cqiww,274,"""Hiding money in the ways & amounts revealed by the 'International Consortium of Investigative Reporters' is a deep kind of social corruption. It goes beyond questions of legality to the heart of modern political economy."" Revelations embarrassed govts & exposed rich businesses & individuals.",truth-out.org,http://www.truth-out.org/opinion/item/15812-the-hidden-money
2013-04-20,01:54:30,1con89,225,"India: Doctors Find Bottle, Candle Inside 5-year-old Rape Victim",ibtimes.co.uk,http://www.ibtimes.co.uk/articles/459216/20130419/delhi-girl-raped-bottle-candle-genitals-mutilated.htm
2013-04-20,12:13:31,1cpygh,222,N. Korea accepts China's offer for dialogue,english.yonhapnews.co.kr,http://english.yonhapnews.co.kr/northkorea/2013/04/20/0401000000AEN20130420000900315.HTML
2013-04-20,02:08:53,1cooa5,186,Chechen president on Boston suspects: ‘Look for the roots of their evil in America’,washingtonpost.com,http://www.washingtonpost.com/blogs/worldviews/wp/2013/04/19/chechen-president-on-boston-suspects-seek-the-roots-of-this-evil-in-america/
2013-04-20,04:09:37,1coxwb,172,Saudi Arabia opens luxury ‘religious extremist’ rehab center for Al-Qaeda militants,rawstory.com,http://www.rawstory.com/rs/2013/04/19/saudi-arabia-opens-luxury-religious-extremist-rehab-centre-for-al-qaeda-militants/
2013-04-20,21:36:38,1cql0i,153,"Russia, U.S. to step up counter-terrorism cooperation - Kremlin",news-republic.com,http://www.news-republic.com/Web/ArticleWeb.aspx?regionid=3&articleid=8485015
2013-04-20,21:52:42,1cqlk3,124,"Police launch manhunt after a shooting in Southampton, UK",dailyecho.co.uk,http://www.dailyecho.co.uk/news/10369320.Police_launch_manhunt_after_city_shooting/
2013-04-20,21:34:06,1cqkxa,125,Indian police arrest suspect for rape of 5-year-old as protests build up: hundreds of angry protesters gathered outside the headquarters of Delhi police on Saturday after a five year-old girl was allegedly raped and tortured,reuters.com,http://www.reuters.com/article/2013/04/20/us-india-rape-protest-idUSBRE93J06220130420
2013-04-20,03:10:41,1cot72,106,[Update] No explosive found in suspect letter to Germany's President Gauck.,dw.de,http://www.dw.de/no-explosive-found-in-suspect-letter-to-germanys-president-gauck/a-16758069
2013-04-20,00:29:22,1coho6,89,India accounts for 33% of world poor: World Bank,timesofindia.indiatimes.com,http://timesofindia.indiatimes.com/india/India-accounts-for-33-of-world-poor-World-Bank/articleshow/19625785.cms
2013-04-20,09:51:53,1cpnoj,91,"6.9 Earthquake strikes Sichuan, China",bbc.co.uk,http://www.bbc.co.uk/news/world-22228225
2013-04-20,01:48:52,1comt9,78,Pro-Moscow Chechen leader blames U.S. for Boston bombing,news.yahoo.com,http://news.yahoo.com/pro-moscow-chechen-leader-blames-u-boston-bombing-155924978--finance.html
2013-04-20,10:49:34,1cpsfw,77,"""It's always the women at fault for rape."" Interviews with 30 senior law enforcement officers in the Delhi-NCR region.",archive.tehelka.com,http://archive.tehelka.com/story_main52.asp?filename=Ne140412Coverstory.asp
2013-04-20,23:34:15,1cqq1f,62,A senior Iranian cleric says women who wear revealing clothing and behave promiscuously are to blame for earthquakes,guardian.co.uk,http://www.guardian.co.uk/world/2010/apr/19/women-blame-earthquakes-iran-cleric
2013-04-20,01:52:57,1con4b,56,Illegal Loggers Threaten Fate of Brazilian Tribe in Amazon Rainforest,scienceworldreport.com,http://www.scienceworldreport.com/articles/6339/20130419/illegal-loggers-threaten-fate-brazilian-tribe-amazon-rainforest.htm
2013-04-20,00:23:38,1cohdy,54,Serbia and Kosovo reach EU-brokered landmark accord,bbc.co.uk,http://www.bbc.co.uk/news/world-europe-22222624
2013-04-20,06:19:26,1cp8fl,53,Rape of five-year-old sparks protest in India's capital,uk.reuters.com,http://uk.reuters.com/article/2013/04/19/uk-india-rape-protest-idUKBRE93I0XZ20130419
