2013-06-10,03:30:22,1fzrp5,4767,Edward Snowden: the whistleblower behind revelations of NSA surveillance,guardian.co.uk,http://www.guardian.co.uk/world/2013/jun/09/edward-snowden-nsa-whistleblower-surveillance
2013-06-10,09:52:38,1g0j7y,3739,Icelandic Legislator: I'm Ready To Help NSA Whistleblower Edward Snowden Seek Asylum,forbes.com,http://www.forbes.com/sites/andygreenberg/2013/06/09/icelandic-legislator-im-ready-to-help-nsa-whistleblower-seek-asylum/
2013-06-10,23:37:07,1g1obh,1403,Why The NSA’s Secret Online Surveillance Should Scare You: George Orwell isn’t who you should be reading to understand the dangers inherent to the NSA’s dragnet. You’d be better off turning to famous French social theorist Michel Foucault',thinkprogress.org,http://thinkprogress.org/justice/2013/06/07/2120141/why-the-nsas-secret-online-surveillance-should-scare-you/
2013-06-10,21:44:26,1g1hzf,1238,Why Edward Snowden's flight to Hong Kong might be brilliant. The NSA whistleblower could exploit a loophole in the Chinese territory's asylum system to buy himself some valuable time.,globalpost.com,http://www.globalpost.com/dispatch/news/regions/asia-pacific/china/130610/why-edward-snowden-hong-kong-extradition-asylum
2013-06-10,07:27:42,1g091k,1211,"Revelations of a huge, secret U.S. Internet spying program have raised awkward questions for allies, forced to explain whether they let Washington spy on their citizens or benefited from snooping that would be illegal at home.",reuters.com,http://www.reuters.com/article/2013/06/09/us-usa-security-allies-idUSBRE9580CG20130609?feedType=RSS&feedName=politicsNews&utm_source=feedly
2013-06-10,13:00:15,1g0we4,970,Why Canadians Should Be Demanding Answers About Secret Surveillance Programs: 'Canada has similar disclosure provisions as those found in the USA Patriot Act.',michaelgeist.ca,http://www.michaelgeist.ca/content/view/6869/125/
2013-06-10,01:10:13,1fzieo,805,"After PRISM, 'Boundless Informant' tool comes to light: Meet the U.S. NSA's global intelligence tracking tool, Boundless Informant, the latest intelligence secret exposed by leaked information",news.cnet.com,http://news.cnet.com/8301-13578_3-57588375-38/after-prism-boundless-informant-tool-comes-to-light/?part=rss&subj=news&tag=title
2013-06-10,14:08:47,1g10jr,706,"Turkey erupts: The new young Turks. ""Many are strikingly young; but there are plenty of older Turks, many secular-minded, some overtly pious. There are gays, Armenians, anarchists and atheists.""",economist.com,http://www.economist.com/news/briefing/21579005-protests-against-recep-tayyip-erdogan-and-his-ham-fisted-response-have-shaken-his-rule-and?fsrc=scn/tw_ec/the_new_young_turks
2013-06-10,06:51:03,1g06ai,672,Technology giants struggle to maintain credibility over NSA surveillance scandal,guardian.co.uk,http://www.guardian.co.uk/world/2013/jun/09/technology-giants-nsa-prism-surveillance
2013-06-10,00:28:27,1fzg0e,662,Celebrated sci-fi author Ian Banks dies of cancer,bbc.co.uk,http://www.bbc.co.uk/news/uk-22835047
2013-06-10,21:33:30,1g1hgg,624,"Syrian rebels execute teenage boy for ‘heresy’ ""An al-Qaeda-affiliated opposition group has allegedly executed a teenage boy in Syria in front of his family, the Syrian Observatory for Human Rights reports. The boy was shot by the group for supposedly blaspheming.""",rt.com,http://rt.com/news/syrian-rebels-execute-teenage-boy-460/
2013-06-10,22:43:24,1g1kz5,384,A senior figure in Hong Kong law enforcement has suggested NSA whistleblower Edward Snowden should leave the city.,independent.co.uk,http://www.independent.co.uk/news/world/americas/prism-whistleblower-former-cia-worker-edward-snowden-told-to-leave-hong-kong-or-face-extradition-8651375.html
2013-06-10,07:02:19,1g073r,348,Microsoft admits Patriot Act can access EU-based cloud data (2011),zdnet.com,http://www.zdnet.com/blog/igeneration/microsoft-admits-patriot-act-can-access-eu-based-cloud-data/11225
2013-06-10,04:17:21,1fzv20,340,Syrian rebels 'execute teenager' in Aleppo for blasphemy,aljazeera.com,http://www.aljazeera.com/news/middleeast/2013/06/201369175918244221.html
2013-06-10,13:04:13,1g0wnk,330,"Canadian marijuana seed magnate and political dissident Marc Emery, in solitary confinement in US prison",stopthedrugwar.org,http://stopthedrugwar.org/chronicle/2013/jun/09/marc_emery_solitary_confinement
2013-06-10,19:23:56,1g1cwv,326,Egyptian girl dies while being circumcised,english.alarabiya.net,http://english.alarabiya.net/en/News/middle-east/2013/06/10/Egyptian-girl-dies-while-being-circumcised.html
2013-06-10,09:47:37,1g0iwc,281,"Experts: Canadian version of NSA, CSEC, Capable Of Similar Surveillance:",huffingtonpost.ca,http://www.huffingtonpost.ca/2013/06/08/nsa-spying-canada_n_3408662.html
2013-06-10,15:35:42,1g14zm,271,Rep. Peter King calls for NSA whistleblower Edward Snowden to be extradited from Hong Kong,rawstory.com,http://www.rawstory.com/rs/2013/06/10/rep-peter-king-calls-for-nsa-whistleblower-edward-snowden-to-be-extradited-from-hong-kong/
2013-06-10,05:22:23,1fzzwk,213,NSA whisteblower Edward Snowden gives interview about why he made his decision to leak.,guardian.co.uk,http://www.guardian.co.uk/world/video/2013/jun/09/nsa-whistleblower-edward-snowden-interview-video
2013-06-10,07:19:41,1g08fj,187,"300,000 ancient manuscripts were saved from rebels in Timbuktu, but now face a slow death by rot",thenextweb.com,http://thenextweb.com/shareables/2013/06/08/how-300000-ancient-manuscripts-were-saved-from-malian-rebels-and-the-threat-they-now-face-rot/?utm_source=Reddit&utm_medium=share%2Bbutton&utm_content=300%2C000%20ancient%20manuscripts%20were%20saved%20from%20rebels%20in%20Timbuktu%2C%20but%20now%20face%20a%20slow%20death%20by%20rot&utm_campaign=social%2Bmedia
2013-06-10,12:39:54,1g0v1c,182,"Brazil 'on alert' over Ecuador spill: Brazil is ""on alert"" over an oil spill that originated in Ecuador and is travelling downstream towards the Brazilian Amazon, officials say.",bbc.co.uk,http://www.bbc.co.uk/news/world-latin-america-22836975
2013-06-10,21:01:05,1g1g49,176,A Hero’s Welcome for Snowden on Chinese Internet,blogs.wsj.com,http://blogs.wsj.com/chinarealtime/2013/06/10/mixed-emotions-online-as-hero-snowden-shows-up-in-hong-kong/
2013-06-10,02:43:35,1fzoj3,148,Tear gas is a booming business,guardian.co.uk,http://www.guardian.co.uk/commentisfree/2013/jun/07/teargas-booming-market-turkish-protests
2013-06-10,15:41:56,1g15ai,135,Thousands flee as German dam bursts,aljazeera.com,http://www.aljazeera.com/news/europe/2013/06/201361051413232258.html
2013-06-10,17:48:16,1g19y8,126,The European response to PRISM must be protecting privacy,publicserviceeurope.com,http://www.publicserviceeurope.com/article/3566/the-european-response-to-prism-must-be-protecting-privacy
2013-06-10,12:35:18,1g0ur4,86,Kabul airport under attack,guardian.co.uk,http://www.guardian.co.uk/world/2013/jun/10/kabul-airport-under-attack
2013-06-10,07:10:48,1g07rb,68,Turkey PM Erdogan warns protesters of 'limited patience',bbc.co.uk,http://www.bbc.co.uk/news/world-europe-22834678
2013-06-10,23:47:41,1g1p15,62,Man walks 40km through forest with pregnant wife on shoulder,timesofindia.indiatimes.com,http://timesofindia.indiatimes.com/city/thiruvananthapuram/Man-walks-40km-through-forest-with-pregnant-wife-on-shoulder/articleshow/20519352.cms
2013-06-10,17:25:57,1g199e,58,Republicans call for NSA whistleblower Edward Snowden to be extradited,guardiannews.com,http://www.guardiannews.com/world/2013/jun/10/the-nsa-files-edward-snowden
2013-06-10,20:57:02,1g1fyz,55,"A senior pro-Beijing lawmaker said Monday that US whistleblower Edward Snowden, who is believed to be holed up in Hong Kong after leaking details of a massive secret Internet surveillance programme, should leave the city.",google.com,http://www.google.com/hostednews/afp/article/ALeqM5htK1g2H06SrYR2Rz8mGHviDQxMVg?docId=CNG.49be94b4db55eb7c0d790f5087159945.41
