2013-12-28,12:33:48,1tuurr,2913,Peru To Provide Free Solar Power To 2 Million Of Its Poorest Residents By 2016,huffingtonpost.com,http://www.huffingtonpost.com/2013/07/23/peru-solar-power-2-million-poorest-residents_n_3640197.html
2013-12-28,09:15:04,1tugra,2629,"Greenwald: US, British media are servants of security apparatus",rt.com,http://rt.com/news/greenwald-snowden-nsa-hackers-conference-889/
2013-12-28,11:36:10,1tuqns,1682,"Conservators restoring an Antarctic exploration hut recently made a remarkable discovery: a small box of 22 exposed but unprocessed photographic negatives, frozen in a solid block of ice for nearly one hundred years.",imaging-resource.com,http://www.imaging-resource.com/news/2013/12/27/on-ice-100-year-old-negative-discovered-in-antarctic-ice
2013-12-28,20:30:36,1tvg8p,1597,More than 500 lawmakers in a Chinese city have resigned after being implicated in a bribery scandal,reuters.com,http://www.reuters.com/article/2013/12/28/us-china-resign-idUSBRE9BR04620131228
2013-12-28,23:01:19,1tvm8c,1574,Nigerian extremist: Allah says we must decapitate,abcnews.go.com,http://abcnews.go.com/International/t/story/nigerian-extremist-allah-decapitate-21355325?ref=http%3A%2F%2Fwww.newsnow.co.uk%2FA%2F687292546%3F-1
2013-12-28,08:33:23,1tudpg,1083,"Turkish riot police have blasted opposition protesters with water cannons, tear gas and plastic bullets in Istanbul in scenes reminiscent of the summer's mass anti-government demonstrations. Some of the protesters on Friday evening threw rocks and firecrackers at police, shouting, ""Catch the thief!""",aljazeera.com,http://www.aljazeera.com/news/europe/2013/12/riots-erupt-turkey-over-corruption-scandal-20131227223554576100.html
2013-12-28,22:48:09,1tvlkp,719,"25,000 ""White Army"" Militia March, To ""Kill All"" Rival Tribe, ""Wipe Out"" Sudan Army",usatoday.com,http://www.usatoday.com/story/news/world/2013/12/28/south-sudan-white-army-militia/4231213/
2013-12-28,02:31:03,1ttkdu,531,India suspends Bitcoin operations due to Reserve Bank warnings,profit.ndtv.com,http://profit.ndtv.com/news/economy/article-top-bitcoin-operator-halts-trade-after-rbi-warning-376015?pfrom=home-otherstories
2013-12-28,23:22:55,1tvner,514,"Beware of data spying, former NSA official warns Canadians",theglobeandmail.com,http://www.theglobeandmail.com/technology/beware-of-data-spying-former-nsa-official-warns-canadians/article14430225/?service=mobile
2013-12-28,21:01:18,1tvh8d,512,"India is checking the tax status of Americans working at schools in the country, after the arrest this month of an Indian diplomat in New York.",bbc.co.uk,http://www.bbc.co.uk/news/world-asia-india-25534144
2013-12-28,09:23:36,1tuhdn,400,"Glenn Greenwald calls for Snowden asylum at Chaos Computer Club congress | Journalist and Edward Snowden associate Greenwald has told a major annual gathering of computer activists in Hamburg to continue fighting for online privacy, saying he did not expect meaningful political reforms.",dw.de,http://www.dw.de/glenn-greenwald-calls-for-snowden-asylum-at-chaos-computer-club-congress/a-17327867
2013-12-28,20:51:49,1tvgwv,380,"Helicopters drop TNT-packed barrels on vegetable market and next to hospital in Aleppo, killing at least 20",google.com,http://www.google.com/hostednews/afp/article/ALeqM5jMOQz77Cnwkgt2QYu88aBVA0ThhQ?docId=cbd73fb6-edf6-4656-a3cb-b4954f571650
2013-12-28,00:22:07,1tta3m,321,Venezuela car owners may have to give up nickel-a-gallon gas,detroitnews.com,http://www.detroitnews.com/article/20131223/AUTO01/312230032/1148/auto01/Venezuela-car-owners-may-give-up-nickel-gallon-gas
2013-12-28,13:53:05,1tv028,286,Palestinians urge U.S. to block new Jewish settlements,politico.com,http://www.politico.com/story/2013/12/palestine-israel-united-states-jewish-settlements-101560.html
2013-12-28,08:30:47,1tudis,194,"Israel plans to build 1,400 homes in its settlements in the occupied West Bank and will announce the projects next week after releasing a group of Palestinian prisoners, an Israeli official said on Friday.",reuters.com,http://www.reuters.com/article/2013/12/27/us-palestinians-israel-usa-idUSBRE9BQ0GG20131227?feedType=RSS&feedName=topNews
2013-12-28,01:03:07,1ttd7j,140,Pakistan: Polio volunteers pull out in wake of latest murder,tribune.com.pk,http://tribune.com.pk/story/649383/vulnerable-khyber-agency-polio-volunteers-pull-out-in-wake-of-latest-murder/
2013-12-28,09:25:56,1tuhj0,130,The residents of two remote towns in Brazil's Amazon region have attacked an indigenous reserve hours after members of a local tribe fled the area and took refuge in a nearby military base,bbc.co.uk,http://www.bbc.co.uk/news/world-latin-america-25529123
2013-12-28,15:52:23,1tv6p8,116,UN condemns Israeli raid in West Bank,dawn.com,http://www.dawn.com/news/1076846/un-condemns-israeli-raid-in-west-bank
2013-12-28,07:44:33,1tua32,101,"US will make deal with Edward Snowden, claims former MI5 Chief",independent.co.uk,http://www.independent.co.uk/news/uk/politics/us-will-make-deal-with-edward-snowden-claims-former-mi5-head-dame-eliza-manningham-buller-9027446.html
2013-12-28,10:11:01,1tukpl,96,African asylum seekers in Israel march on Jerusalem to protest conditions,hrw.org,http://www.hrw.org/news/2013/12/26/african-asylum-seekers-israel-march-jerusalem-protest-conditions
2013-12-28,10:05:02,1tuk9u,83,China's top legislature has formally adopted a resolution easing the country's one-child policy,bbc.co.uk,http://www.bbc.co.uk/news/world-asia-china-25533339
2013-12-28,08:58:09,1tufk3,74,Tycoon Robert Wilson gives away $800 million fortune before jumping to death.,independent.co.uk,http://www.independent.co.uk/news/people/news/tycoon-robert-wilson-gives-away-800million-fortune-before-plunging-to-death-in-suicide-9027278.html
2013-12-28,04:24:59,1tttw6,67,Turkish protesters clash with police as supporters cheer Erdogan,reuters.com,http://www.reuters.com/article/2013/12/27/us-turkey-corruption-idUSBRE9BQ06E20131227
2013-12-28,01:42:42,1ttgbk,59,India Police Charge 6 in Gang Rape of Young Woman,abcnews.go.com,http://abcnews.go.com/International/wireStory/india-police-charge-gang-rape-young-woman-21345920
2013-12-28,11:41:25,1tur10,61,Ukraine leader warns defiant regions amid protests,washingtonpost.com,http://www.washingtonpost.com/world/europe/ukraine-leader-warns-defiant-regions-amid-protests/2013/12/26/1712198c-6e3d-11e3-a5d0-6f31cd74f760_story.html
2013-12-28,08:28:24,1tudce,45,Federal judge upholds NSA phone data collection as constitutional,america.aljazeera.com,http://america.aljazeera.com/articles/2013/12/27/federal-judge-upholdsnsaphonedatacollectionasconstitutional.html
2013-12-28,14:52:37,1tv3ky,41,Vietnam Sentences Top Shipping Execs to Death for Embezzlement,rfa.org,http://www.rfa.org/english/news/vietnam/sentence-12172013171041.html
2013-12-28,09:04:15,1tufzv,34,"Greenwald warns Norway about Swedish surveillance | The American journalist, who is behind the NSA leaks by whistleblower Edward Snowden, warns Norwegian government and oil companies from sending sensitive information through Sweden. (Google Translate)",translate.google.com,http://translate.google.com/translate?sl=no&tl=en&js=n&prev=_t&hl=en&ie=UTF-8&u=http%3A%2F%2Fwww.nrk.no%2Ffordypning%2Fadvarer-mot-svensk-avlytting-1.11434208
2013-12-28,22:31:39,1tvksf,37,"New study estimates the percents of US, UK and Australian drug users who bought drugs from Silk Road; the most commonly bought drug was MDMA",dailydot.com,http://www.dailydot.com/lifestyle/silk-road-drug-users-study-uk-us-australia/
2013-12-28,08:52:55,1tuf6n,33,New SARS like virus in Saudi Arabia brings death toll up to 57 with 141 being infected since September,cbc.ca,http://www.cbc.ca/news/world/saudi-arabia-sars-like-virus-kills-1-brings-death-toll-to-57-1.2476905
