2013-10-05,04:09:14,1nqox7,3420,"China floods thousands of troops into Tibetan village that is defying a law requiring every Tibetan to hang a Chinese flag over their home. Since troops arrived, 40 villagers have disappeared.",washingtonpost.com,http://www.washingtonpost.com/blogs/worldviews/wp/2013/10/04/this-is-what-happens-when-tibetan-villages-refuse-to-fly-the-chinese-flag/
2013-10-05,22:26:58,1ns7wp,3391,The Pirate Party of Russia has offered NASA the use of its dedicated servers to temporarily host the US space agency’s website as it has been shut down “due to the lapse in federal government funding.”,astrowatch.net,http://www.astrowatch.net/2013/10/russian-pirates-offer-nasa-help-in.html
2013-10-05,00:20:50,1nq7g3,2960,"Swiss to vote on 2,500 franc basic income for every adult - Switzerland will hold a vote on whether to introduce a basic income for all adults, in a further sign of growing public activism over pay inequality since the financial crisis.",reuters.com,http://www.reuters.com/article/2013/10/04/us-swiss-pay-idUSBRE9930O620131004
2013-10-05,20:17:38,1ns3o0,2594,"Medicinal marijuana is now legal in Romania, the 10th country in EU that makes this decision!",translate.google.com,http://translate.google.com/translate?sl=ro&tl=en&js=n&prev=_t&hl=ro&ie=UTF-8&u=http%3A%2F%2Fwww.digi24.ro%2FStiri%2FDigi24%2FActualitate%2FSanatate%2FMedicament%2BTratamentul%2Bcu%2Bmarijuana%2Ba%2Bdevenit%2Blegal%2Bin%2BRomania
2013-10-05,22:53:19,1ns8zw,2352,"1500-Yr-Old Swedish Fortress Massacre Revealed, Frozen in Time - A fort untouched since the 5th century reveals a brutal massacre. Bodies are lying where they fell. In 1 case, a couple were cut down from behind as they ran through the house, another is in a doorway.",pasthorizonspr.com,http://www.pasthorizonspr.com/index.php/archives/10/2013/1500-year-old-swedish-fortress-massacre-revealed
2013-10-05,06:55:39,1nr1h3,1734,"The Supreme Court (Japan) has rejected an appeal by a citizens’ group demanding that the state disclose the names of firms whose employees were officially confirmed to have died from overwork, saying this could harm their corporate reputation.",japantimes.co.jp,http://www.japantimes.co.jp/news/2013/10/04/national/outing-karoshi-companies-prejudicial-supreme-court/#.Uk84-d6Chjo
2013-10-05,02:51:26,1nqivn,1344,NSA presentation (Tor Stinks) – read the full document,theguardian.com,http://www.theguardian.com/world/interactive/2013/oct/04/tor-stinks-nsa-presentation-document
2013-10-05,23:35:44,1nsb21,1265,How the Owner of the Company That Handled Edward Snowden's Encrypted Emails Courageously Stood Up to the Feds' Massive Investigation,alternet.org,http://www.alternet.org/civil-liberties/lavabit-blocked-fbi-court-records-find?paging=off&current_page=1#bookmark
2013-10-05,02:39:15,1nqhuy,913,"Scientists have found way to use a third person's DNA to greatly reduce the potential for disorders of the heart, brain, and muscle. Large numbers of European politicians condemn the act as a three parent baby ""incompatible with human dignity"" and are working to make the therapy illegal.",telegraph.co.uk,http://www.telegraph.co.uk/science/science-news/10356387/Three-parent-babies-incompatible-with-human-dignity.html
2013-10-05,11:26:07,1nridl,472,"Water 6,700 times more radioactive than legal limit spills from Fukushima",worldnews.nbcnews.com,http://worldnews.nbcnews.com/_news/2013/10/03/20797895-water-6700-times-more-radioactive-than-legal-limit-spills-from-fukushima?lite
2013-10-05,16:01:17,1nrvzg,403,Morocco teens held for kissing photo on Facebook: A campaign to post a million copycat photos was later launched in protest.,bbc.co.uk,http://www.bbc.co.uk/news/world-africa-24409323
2013-10-05,09:00:31,1nr9s2,373,"Chile has declared a state of emergency after a late frost caused an estimated $1 billion worth of damage to fruit crops, potentially hitting wine production and impacting trade from one of South America's top fruit exporters.",reuters.com,http://www.reuters.com/article/2013/10/03/us-chile-frost-idUSBRE9920VM20131003
2013-10-05,08:16:02,1nr712,361,National Organization for Marriage Caught Helping Russia Pass Antigay Laws,advocate.com,http://www.advocate.com/parenting/2013/10/04/national-organization-marriage-caught-helping-russia-pass-antigay-laws
2013-10-05,11:18:14,1nrhxv,289,Ireland votes on eliminating its Senate.,america.aljazeera.com,http://america.aljazeera.com/articles/2013/10/4/ireland-votes-onwhethertoeliminateitssenate.html
2013-10-05,02:41:46,1nqi24,208,A Spanish judge has risked the ire of women everywhere after ruling that a driving school was within its rights to charge female learners more because it was proven that “men were better drivers”,telegraph.co.uk,http://www.telegraph.co.uk/news/worldnews/europe/spain/10354225/Spain-judge-driving-schools-can-charge-women-learners-more.html
2013-10-05,11:31:23,1nrioc,196,US scientists boycott Nasa conference over China ban; Nasa facing backlash from US researchers due to rejection of Chinese nationals from conference,theguardian.com,http://www.theguardian.com/science/2013/oct/05/us-scientists-boycott-nasa-china-ban
2013-10-05,03:00:52,1nqjlp,166,American and British spy agencies targeted Tor network with minimal success: Tor remains largely secure - the agencies had only limited success in trying to identify users.,engadget.com,http://www.engadget.com/2013/10/04/american-and-british-spy-agencies-targeted-tor-network/?ncid=txtlnkusaolp00000589
2013-10-05,17:26:32,1nryuc,148,An alcoholic British mother who let her four-year-old son starve to death and left his body in a cot for almost two years was sentenced Friday to 15 years in jail.,theglobeandmail.com,http://www.theglobeandmail.com/news/world/british-mother-sentenced-to-15-years-in-jail-for-starving-son-to-death/article14705336/
2013-10-05,09:45:31,1nrcef,141,"Arab blasphemy law being drafted in Qatar: Law would empower Arab countries to file cases against non-resident violators -- 'all forms of defamation, derision or denigration of religions and prophets will be considered crimes.'",gulfnews.com,http://gulfnews.com/news/gulf/qatar/arab-blasphemy-law-being-drafted-1.1238319
2013-10-05,10:35:08,1nrf9p,133,U.S. federal judge has ordered the release of a mentally ill Guantanamo Bay prisoner who spent more than 11 years at a psychiatric ward,reuters.com,http://www.reuters.com/article/2013/10/05/us-usa-guantanamo-idUSBRE99400420131005
2013-10-05,18:21:41,1ns0g5,115,Norway asked to destroy Syria's chemical weapons,translate.google.com,http://translate.google.com/translate?sl=auto&tl=en&js=n&prev=_t&hl=en&ie=UTF-8&u=http%3A%2F%2Fwww.nrk.no%2Fverden%2F1.11279788&act=url
2013-10-05,21:30:34,1ns5xo,116,"Greenpeace International's director says Russia's seizure of its ship ""Arctic Sunrise"" and the arrest of its crew is the worst ""assault"" on the group's environmental activism since its flagship ""Rainbow Warrior"" was bombed in 1985.",en.ria.ru,http://en.ria.ru/russia/20131005/183959673/Greenpeace-Russia-Actions-Among-Worst-Assaults.html
2013-10-05,19:48:31,1ns2u3,106,Al Jazeera sources say the US may have been involved in sea-borne assault in Somalia that killed at least one al-Shabab fighter.,aljazeera.com,http://www.aljazeera.com/news/africa/2013/10/somali-group-says-westerners-attack-base-201310551824260948.html
2013-10-05,19:20:04,1ns21c,96,"The supreme leader of Iran, Ayatollah Ali Khamenei, has endorsed overtures to the US made last month by President Hassan Rouhani in New York.",bbc.co.uk,http://www.bbc.co.uk/news/world-middle-east-24410422
2013-10-05,22:35:40,1ns89u,97,The Seas are in Rough Shape,spaceresearch.ca,http://spaceresearch.ca/the-worlds-oceans-are-in-bad-shape/
2013-10-05,19:01:50,1ns1iv,77,Children among 5 Afghans killed in NATO airstrike,france24.com,http://www.france24.com/en/20131005-children-among-five-afghans-killed-nato-airstrike
2013-10-05,05:45:09,1nqwbo,70,Italian Senate Panel Votes to Strip Berlusconi of His Seat.,nytimes.com,http://www.nytimes.com/2013/10/05/world/europe/italian-senate-panel-berlusconi.html?_r=0
2013-10-05,00:09:07,1nq6lr,42,"Canadian Scientists Call Countrywide Protests Against Government Censorship, Found Advocacy Group",techdirt.com,http://www.techdirt.com/articles/20130918/08010524567/canadian-scientists-call-countrywide-protests-against-government-censorship-found-advocacy-group.shtml
2013-10-05,05:32:33,1nqvb3,30,USA to play soccer in Iran,starsandstripesfc.com,http://www.starsandstripesfc.com/usmnt-friendlies/2013/10/4/4802750/usa-vs-iran-friendly
2013-10-05,19:52:09,1ns2xi,32,Ten Rio police charged with murder,bbc.co.uk,http://www.bbc.co.uk/news/world-latin-america-24362311
