2013-01-31,03:35:45,17ktts,2217,"Syrian state TV has confirmed that Israeli warplanes bombed a military research centre northwest of the capital, Damascus.",cbc.ca,http://www.cbc.ca/news/world/story/2013/01/30/israel-lebanon-syria-jets.html
2013-01-31,22:46:51,17mpec,1607,S. Korea Measles Free in 2012 with 98% vaccination rate,world.kbs.co.kr,http://world.kbs.co.kr/english/news/news_Dm_detail.htm?lang=e&id=Dm&No=96392&current_page=
2013-01-31,03:40:26,17ku6p,1088,U.S. official confirms Israel behind attack on Syria-Lebanon border,haaretz.com,http://www.haaretz.com/news/diplomacy-defense/u-s-official-confirms-israel-behind-attack-on-syria-lebanon-border.premium-1.500338
2013-01-31,21:12:23,17mkyw,937,"Smog 'Airmageddon' Chokes China - All week in Beijing, in offices & homes, in lifts & shops, restaurants, taxis & buses, 1 topic dominates conversation -  foul air.  Walking out into streets is like plunging into a swirling soup. The pollution swathes the city, wreathing everything in grey. ",bbc.co.uk,http://www.bbc.co.uk/news/world-asia-china-21272328
2013-01-31,00:22:50,17kfb9,895,Colombia plans to decriminalise ecstasy in a bid to battle the nation's rampant drug problems,dailymail.co.uk,http://www.dailymail.co.uk/news/article-2270669/Colombia-plans-decriminalise-ecstasy-bid-battle-nations-rampant-drug-problems.html
2013-01-31,16:38:00,17mcjj,794,"Timbuktu Manuscripts Apparently Escaped Burning:   In contrast to horrific reports from Timbuktu earlier this week, an important library of medieval texts is still standing, and many manuscripts are thought to have survived the hasty retreat of Islamic militants ",news.sciencemag.org,http://news.sciencemag.org/scienceinsider/2013/01/timbuktu-manuscripts-apparently-.html?ref=hp
2013-01-31,20:47:20,17mk37,765,"A 15-year-old Icelandic girl has been granted the right to legally use the name given (Blaer), despite the opposition of authorities and Iceland's strict law on names. The decision overturns an earlier rejection by Icelandic authorities who declared it was not a proper feminine name.  ",denverpost.com,http://www.denverpost.com/nationworld/ci_22488359/icelandic-girl-wins-right-use-her-given-name
2013-01-31,19:01:27,17mgrk,677,UN inquiry says Israel must end settlements ,aljazeera.com,http://www.aljazeera.com/news/middleeast/2013/01/2013131101929493601.html
2013-01-31,21:20:21,17ml9n,467,"""A 224-foot-long U.S. warship will have to be cut into smaller pieces to get it off a Philippine reef where it grounded two weeks ago, Navy officials . . . They said that's the only way to prevent further damage to the Tubbataha Reef, a Philippine national park and UNESCO World Heritage site""",cnn.com,http://www.cnn.com/2013/01/31/world/asia/philippines-stranded-navy-ship/index.html?hpt=hp_t3
2013-01-31,22:19:59,17mnyh,263,Syria threatens to retaliate for Israeli airstrike -- Syria threatened Thursday to retaliate for an Israeli airstrike and its ally Iran said there will be repercussions for the Jewish state over the attack.,hosted.ap.org,http://hosted.ap.org/dynamic/stories/M/ML_SYRIA_ISRAEL?SITE=AP&SECTION=HOME&TEMPLATE=DEFAULT&CTIME=2013-01-31-09-13-37
2013-01-31,05:22:03,17l2hx,258,"Myanmar police used white phosphorus, a munition normally reserved for warfare, to disperse protesters demonstrating against government efforts to relocate villagers.",nytimes.com,http://www.nytimes.com/2013/01/31/world/asia/myanmar-troops-used-phosphorus-on-protesters-lawyers-say.html?ref=asia&_r=0
2013-01-31,03:50:46,17kv24,232,U.S. braces for North Korean nuclear test 'at any time',security.blogs.cnn.com,http://security.blogs.cnn.com/2013/01/30/u-s-braces-for-north-korean-nuclear-test-at-any-time/
2013-01-31,00:12:16,17kejb,207,"Suspected Poacher Shot Dead on  Private Ranch After Fierce Gun Battle With Kenya Wildlife Service Rangers--4th killed this week--Hunt for 5 accomplices  is underway. Translators are in demand in courts to make Chinese & Vietnamese wildlife defendants intelligible to the English & Swahili speakers.
",ens-newswire.com,http://ens-newswire.com/2013/01/29/dispatch-from-the-wildlife-wars-kenya/
2013-01-31,10:34:00,17lr1p,185,"Hackers in China Attacked The New York Times for Last 4 Months
",nytimes.com,http://www.nytimes.com/2013/01/31/technology/chinese-hackers-infiltrate-new-york-times-computers.html
2013-01-31,13:32:38,17m41e,170,"French forces enter last urban Islamist stronghold:   Days after capturing Gao and Timbuktu, French forces entered Kidal - the last northern Malian city under rebel control - encountering no resistance amid reports that Islamist fighters had already fled the city. ",france24.com,http://www.france24.com/en/20130130-french-troops-poised-take-kidal-airport-mali
2013-01-31,20:30:02,17mjhs,162,Swedish court convicts man for Hitler salute - The Local,thelocal.se,http://www.thelocal.se/45918/20130131/
2013-01-31,08:29:05,17lhgk,144,President Vladimir Putin hires Boys II Men for concert to promote fertility,themoscowtimes.com,http://www.themoscowtimes.com/print/article/boyz-ii-men-expect-muscovites-to-bring-a-game-to-concert/474719.html
2013-01-31,04:43:52,17kzac,130,China to Boost Solar Power Goal 67% as Smog Envelops Beijing,bloomberg.com,http://www.bloomberg.com/news/2013-01-30/china-to-boost-solar-power-goal-67-as-smog-envelops-beijing.html
2013-01-31,22:43:08,17mp6z,136,Will Syria Bleed Hezbollah Dry?,nytimes.com,http://www.nytimes.com/2013/01/31/opinion/global/will-syria-bleed-hezbollah-dry.html
2013-01-31,22:02:28,17mn40,132,Leading privacy expert Caspar Bowden has warned Europeans using US cloud services that their data could be snooped on.,bbc.co.uk,http://www.bbc.co.uk/news/technology-21263321
2013-01-31,14:28:56,17m778,73,"Pakistan's secret service gave half a million Rupees (about $5,000)  to man who beheaded Indian soldier last month.",timesofindia.indiatimes.com,http://timesofindia.indiatimes.com/india/ISI-gave-Rs-5-lakh-to-man-who-beheaded-Indian-soldier/articleshow/18264118.cms
2013-01-31,04:18:49,17kxb2,70,"Israeli fighter jets targeted a military research center near Damascus early on Wednesday morning, Syrian state news agency SANA said citing army officials.",rt.com,http://rt.com/news/israeli-warplanes-bomb-damascus-114/
2013-01-31,03:14:42,17ks6y,64,Syrian state news agency says Israeli warplanes bombed military site near Damascus,washingtonpost.com,http://www.washingtonpost.com/world/middle_east/syrian-state-news-agency-says-israeli-warplanes-bombed-military-site-near-damascus/2013/01/30/8903f28a-6b10-11e2-9a0b-db931670f35d_story.html
2013-01-31,04:04:58,17kw7t,66,Syria Confirms Israeli Airstrike Outside Damascus,aljazeera.com,http://www.aljazeera.com/news/middleeast/2013/01/2013130165625330449.html
2013-01-31,23:36:57,17msf6,47,"Many financial institutions and multinational organizations view speculating on food commodities as a dangerous game and a contributor to global hunger. Despite its bruised reputation, Deutsche Bank is leaping back into the business.",spiegel.de,http://www.spiegel.de/international/business/deutsche-bank-decides-to-get-back-into-the-commodities-business-a-880312.html
2013-01-31,20:30:26,17mjid,49,France calls for Mali peace talks,aljazeera.com,http://www.aljazeera.com/news/africa/2013/01/201313153552673255.html
2013-01-31,01:18:37,17kj9f,47,Spanish 'doping doctor' Eufemiano Fuentes offers to list all the athletes he treated - but judge stops him - Telegraph,telegraph.co.uk,http://www.telegraph.co.uk/sport/othersports/cycling/9836906/Spanish-doping-doctor-Eufemiano-Fuentes-offers-to-list-all-the-athletes-he-treated-but-judge-stops-him.html
2013-01-31,15:18:27,17m9m8,34,Bounty hunters killed of the Tasmanian Tiger (or Thylacine),news.com.au,http://www.news.com.au/breaking-news/national/humans-killed-off-the-thylacine-study/story-e6frfku9-1226565877123
2013-01-31,22:30:44,17moi8,34,Zimbabwe government has only $217 (Dh798) left in the bank.,thenational.ae,http://www.thenational.ae/thenationalconversation/editorial/217-worth-of-credibility
2013-01-31,20:35:59,17mjq7,29,BBC News - 'Sextortion' man charged over 'blackmailing women online',bbc.co.uk,http://www.bbc.co.uk/news/technology-21274531
