2013-04-21,02:21:45,1cr0oh,2847,Pope cancels salaries of cardinals overseeing bank,news.oneindia.in,http://news.oneindia.in/2013/04/20/pope-cancels-salaries-of-cardinals-overseeing-bank-1198193.html
2013-04-21,16:58:44,1cshcr,2819,"China says aims to banish superstition, promote knowledge",reuters.com,http://www.reuters.com/article/2013/04/21/us-china-religion-idUSBRE93K02D20130421?feedType=RSS&feedName=worldNews
2013-04-21,19:53:04,1cslw4,2486,"Britain's oldest (1,285 year old) oak tree blown over by galeforce winds",guardian.co.uk,http://www.guardian.co.uk/environment/picture/2013/apr/19/wales-oldest-oak-tree-big-picture
2013-04-21,17:22:46,1csi6r,2269,"New Zealand sends man to jail for watching cartoon videos of elves, pixies and other fantasy creatures having sex.",stuff.co.nz,http://www.stuff.co.nz/national/crime/8577037/Man-sent-to-jail-for-watching-pixie-sex
2013-04-21,22:00:15,1csput,2202,"More than 60,000 have died in Syria during the two-year uprising against Bashar al-Assad.",bbc.co.uk,http://www.bbc.co.uk/news/world-middle-east-22232313
2013-04-21,19:16:18,1csl07,2184,African students invent anti malaria soap,cp-africa.com,http://www.cp-africa.com/2013/04/21/african-students-invent-anti-malaria-soap-celebrating-african-solutions-to-african-problems/
2013-04-21,22:39:43,1csrdp,2066,Twenty-three Brazilian police officers were sentenced to 156 years in jail each on Sunday for their role in the killing of 111 inmates during Brazil’s deadliest prison uprising in 1992.,nst.com.my,http://www.nst.com.my/latest/brazil-police-sentenced-for-prison-massacre-1.261048
2013-04-21,20:31:36,1csmym,1696,393 rapes in Delhi in past three months,newindianexpress.com,http://newindianexpress.com/thesundaystandard/393-rapes-in-Delhi-in-past-three-months/2013/04/21/article1554177.ece
2013-04-21,17:07:25,1cshp6,1678,China criticizes US for its human rights record,news.yahoo.com,http://news.yahoo.com/china-criticizes-us-human-rights-record-054853559.html
2013-04-21,02:11:33,1cqzz4,1378,"Raped, beaten, and enslaved for years – and handed back to her tormentors when she went to beg police for help",independent.co.uk,http://www.independent.co.uk/news/uk/crime/raped-beaten-and-enslaved-for-years--and-handed-back-to-her-tormentors-when-she-went-to-beg-police-for-help-8580921.html
2013-04-21,13:06:12,1cs7dk,1046,A 28-year old grad student publishes a PhD thesis which blows holes in the current theory of global austerity,nymag.com,http://nymag.com/daily/intelligencer/2013/04/grad-student-who-shook-global-austerity-movement.html
2013-04-21,06:50:45,1crjds,655,UK stripped of AAA rating,euronews.com,http://www.euronews.com/2013/04/19/uk-stripped-of-aaa-rating-by-fitch/
2013-04-21,11:50:53,1cs2ri,269,4/20 Pot party no longer a fringe event as thousands descend on Parliament Hill,ottawacitizen.com,http://www.ottawacitizen.com/news/party+longer+fringe+event+thousands+descend+Parliament/8272540/story.html
2013-04-21,22:00:41,1cspvh,272,"A website used by Russia's North Caucasus rebels denied Sunday any link to the deadly Boston Marathon bombings that have been blamed on two ethnic-Chechen suspects. ""the Caucasus fighters are not waging any military activities against the United States of America,""",google.com,http://www.google.com/hostednews/afp/article/ALeqM5hz0tmpokJ_dZ-S6DbTJa6nmUJpsA?docId=CNG.018e1625845b5f1688282300d99320f1.4d1
2013-04-21,07:49:49,1crndy,267,"After Indian Supreme Court rule against patent protection for a Novartis cancer drug currently sold for US$75 per tablet, Rajasthan state government has announced to provide it free of cost to patients",timesofindia.indiatimes.com,http://timesofindia.indiatimes.com/india/Rajasthan-govt-to-give-free-cancer-drugs/articleshow/19655940.cms
2013-04-21,07:34:59,1crmf9,227,Legendary horses to be slaughtered as Spain's financial crisis deepens: purebreds will be turned into horse meat for export come July.,bigstory.ap.org,http://bigstory.ap.org/article/legendary-horses-latest-victim-spains-bust
2013-04-21,01:21:26,1cqwkw,204,Man rescued by surfers after treading water for 27 hours off coast of Indonesia,smh.com.au,http://www.smh.com.au/national/australian-tells-of-miracle-rescue-at-sea-20130420-2i72z.html
2013-04-21,01:56:11,1cqyxc,196,A proposed federal law in Canada could make certain types of cyberbullying as illegal as distributing child pornography.,huffingtonpost.com,http://www.huffingtonpost.com/2013/04/19/rehtaeh-parsons-case-outlaw-malicious-images_n_3118554.html
2013-04-21,10:08:57,1crw8k,153,Pyongyang says no to denuclearisation,thehindu.com,http://www.thehindu.com/news/international/world/pyongyang-says-no-to-denuclearisation/article4636738.ece
2013-04-21,04:17:22,1cr8qq,147,Iran seeks to export oil to North Korea,usatoday.com,http://www.usatoday.com/story/news/world/2013/04/20/iran-oil-north-korea/2098777/
2013-04-21,14:38:54,1csc39,95,6.7 magnitude earthquake hits Japan,news.xinhuanet.com,http://news.xinhuanet.com/english/world/2013-04/21/c_132327218.htm
2013-04-21,07:16:51,1crl7x,81,"Settlers in Jordan Valley poison Palestinians' sheep, cows. UN investigates",mondoweiss.net,http://mondoweiss.net/2013/04/settlers-palestinians-investigates.html
2013-04-21,09:56:37,1crvgc,77,Two more Scud missile launchers moved to N. Korea's east coast,view.koreaherald.com,http://view.koreaherald.com/kh/view.php?ud=20130421000014
2013-04-21,11:03:00,1crzp0,51,Female Suicide Bomber 'Kills Four In NW Pakistan',authintmail.com,http://www.authintmail.com/news/pakistan/female-suicide-bomber-kills-four-nw-pakistan
2013-04-21,05:06:52,1crc69,51,Outcry in Iran after police punish man by dressing him like a woman,observers.france24.com,http://observers.france24.com/content/20130419-iran-police-punish-man-dress
2013-04-21,18:54:02,1cskg8,47,"Chinese officials put death toll of Sichuan earthquake at 203, with some 11,500 injured, state media says",bbc.co.uk,http://www.bbc.co.uk/news/world-asia-china-22237162
2013-04-21,12:19:50,1cs4kr,36,Banning the sex industry: Iceland is determined to outlaw the world’s oldest business.,economist.com,http://www.economist.com/news/international/21576366-iceland-determined-outlaw-worlds-oldest-business-can-it-succeed-naked-ambition
2013-04-21,11:14:19,1cs0ek,40,"Taliban kill seven Afghan civilians, four soldiers",reliefweb.int,http://reliefweb.int/report/afghanistan/taliban-kill-seven-afghan-civilians-four-soldiers
2013-04-21,08:07:16,1croid,34,Bangladeshi activists bring fight over factory fire that killed 117 people to Wal-Mart’s doorstep in 10-city U.S. tour,inthesetimes.com,http://inthesetimes.com/working/entry/14892/bangladesh_activists_bring_fight_to_wal_marts_doorstep/
2013-04-21,22:06:31,1csq47,33,(French) Bus drivers to strike because uniform pants are too tight,upi.com,http://www.upi.com/Odd_News/2013/04/19/Bus-drivers-to-strike-because-uniform-pants-are-too-tight/UPI-59041366394339/
