2013-05-18,12:06:50,1ek47t,2887,"NASA: Meteor slams into Moon, causes explosion visible to naked eye on Earth",news.com.au,http://www.news.com.au/technology/sci-tech/nasa-meteor-slams-into-moon-causes-explosion-visible-to-naked-eye-on-earth/story-fn5fsgyc-1226645778758
2013-05-18,20:36:13,1ekma6,2136,"Lebanese Man Impregnates His Sister, Kills Her in 'Honor Crime'",naharnet.com,http://www.naharnet.com/stories/71106
2013-05-18,17:40:43,1ekht3,2055,"According to a leaked email, Fox News journalists were ordered to cast doubt on climate change",guardian.co.uk,http://www.guardian.co.uk/environment/planet-oz/2013/may/17/zombie-climate-sceptic-theories-newspapers-tv
2013-05-18,21:15:38,1eknfl,1852,Saudi woman makes history by reaching Everest summit,bbc.co.uk,http://www.bbc.co.uk/news/world-middle-east-22580140
2013-05-18,02:52:16,1ej3ew,1367,A group of pregnant Canadian women launched a class-action lawsuit against the maker of a recalled birth control pill after it was discovered the packages contained mostly placebos,rawstory.com,http://www.rawstory.com/rs/2013/05/17/pregnant-canadian-women-sue-over-faulty-birth-control-pills/
2013-05-18,16:33:25,1ekg0d,1311,North Korea just launched three short range missiles.,english.yonhapnews.co.kr,http://english.yonhapnews.co.kr/national/2013/05/18/25/0301000000AEN20130518002500315F.HTML
2013-05-18,19:10:41,1ekk12,1279,Guantanamo hunger strike enters 100th day,aljazeera.com,http://www.aljazeera.com/video/americas/2013/05/201351719348602566.html
2013-05-18,00:55:43,1eiurz,1087,"Chinese tourists' bad manners harming country's reputation, says senior official",washingtonpost.com,http://www.washingtonpost.com/blogs/worldviews/wp/2013/05/17/chinese-vice-premier-says-chinese-tourists-bad-manners-is-harming-china/
2013-05-18,17:41:44,1ekhtw,721,"Director of Australia's largest dance studio, caught with thousands of child pornography images, taking pictures of, and molesting students.",smh.com.au,http://www.smh.com.au/nsw/dance-school-director-on-child-abuse-charges-20130518-2jswe.html
2013-05-18,01:15:00,1eiw8d,530,"Aussie government tries to block two sites, takes down 1,200",arstechnica.com,http://arstechnica.com/tech-policy/2013/05/aussie-government-tries-to-block-two-sites-takes-down-1200/
2013-05-18,03:48:43,1ej7k9,426,Washington Gets Explicit: Its 'War On Terror' Is Permanent,guardian.co.uk,http://www.guardian.co.uk/commentisfree/2013/may/17/endless-war-on-terror-obama
2013-05-18,20:43:35,1ekmhk,352,Israeli intelligence official: Assad preferable to rebels,ynetnews.com,"http://www.ynetnews.com/articles/0,7340,L-4381028,00.html"
2013-05-18,21:48:21,1ekohz,315,The Unsafe Sex: Should The World Invest More In Men's Health?,npr.org,http://www.npr.org/blogs/health/2013/05/18/184771915/the-unsafe-sex-should-the-world-invest-more-in-mens-health
2013-05-18,08:53:24,1ejsr4,272,It has emerged that Hamburg managed to scrape past a catastrophe on May 1st when firefighters swiftly removed radioactive containers and explosives from a burning ship in the city's harbour,thelocal.de,http://www.thelocal.de/national/20130517-49777.html#.UZbBAMpn2Q4
2013-05-18,04:59:27,1ejcow,227,"Five critical, 30 force-fed, 102 to 130 taking part – data that makes for grim reading as the Guantanamo hunger strike enters its 100th day",rt.com,http://rt.com/usa/guantanamo-hunger-strike-100-health-270/
2013-05-18,00:15:06,1eirts,223,"Portugal expands adoption rights for same-sex married couples, refuses unrestricted adoptions",foxnews.com,http://www.foxnews.com/world/2013/05/17/portugal-expands-adoption-rights-for-same-sex-married-couples-refuses/
2013-05-18,00:47:22,1eiu60,182,Women's Prison in Gaza Swells With 'Moral' Criminals,al-monitor.com,http://www.al-monitor.com/pulse/originals/2013/05/gaza-women-prison.html
2013-05-18,03:17:20,1ej597,179,Syria’s Bashar Al-Assad is Winning,thedailybeast.com,http://www.thedailybeast.com/articles/2013/05/17/syria-s-bashar-al-assad-is-winning.html
2013-05-18,01:01:48,1eiv7o,162,Gay marriage to become legal in France by Saturday,thelocal.fr,http://www.thelocal.fr/20130517/gay-marriage-bill-cleared-by-frances-highest-court#.UZZUH8qwRqk
2013-05-18,17:04:57,1ekgw2,137,North Korea Fires Missiles Into Sea,online.wsj.com,http://online.wsj.com/article/SB10001424127887324767004578490383689103360.html?mod=WSJEurope_hpp_LEFTTopStories
2013-05-18,18:59:18,1ekjsd,131,A Chinese manager working in Pakistan occupied Kashmir was arrested for 'throwing Quran',timesofindia.indiatimes.com,http://timesofindia.indiatimes.com/world/pakistan/Chinese-held-in-PoK-over-Quran-abuse/articleshow/20120398.cms
2013-05-18,00:15:12,1eiru8,125,The French Supreme Court ruled on gay marriage: it is constitutional,lemonde.fr,http://www.lemonde.fr/societe/article/2013/04/23/dix-questions-cles-sur-le-mariage-pour-tous_3164613_3224.html
2013-05-18,02:01:29,1eizqt,120,Man who put a chastity lock on wife gets jailed,indianexpress.com,http://www.indianexpress.com/news/pervert-who-put-chastity-lock-on-wife-gets-10-years-in-jail/1117146/
2013-05-18,23:35:52,1eksx7,113,"Afghan Mineral Treasures Stay Buried, Hostages to Instability - It's sitting on massive deposits of copper, gold, iron & rare earth minerals valued up to $3 trillion. But investors are hesitant. And it could be many yrs before Afghanistan begins extracting its mineral wealth.",npr.org,http://www.npr.org/blogs/parallels/2013/05/18/184775139/Afghan-Mineral-Treasures-Stay-Buried-Hostage-To-Uncertainty
2013-05-18,00:12:50,1eiro3,95,"Palestinian religious police are abducting young men and forcing them to get haricuts: ""They told me, 'We will cut your hair because you're not a man. We're going to make you look like a real man'""",npr.org,http://www.npr.org/blogs/parallels/2013/05/17/184482964/young-gazan-men-get-unwanted-haircuts-courtesy-of-police?ft=1&f=1001&sc=tw&utm_source=twitterfeed&utm_medium=twitter
2013-05-18,21:59:47,1ekovd,84,Indonesia's tropical forests set to benefit from further clearing ban: Susilo Bambang Yudhoyono expected to sign extended deal to help restore habitat of tigers and orangutans,guardian.co.uk,http://www.guardian.co.uk/world/2013/may/10/indonesia-tropical-forests-clearing-ban
2013-05-18,00:35:36,1eitaf,74,Video of Russian orphans being beaten sparks outrage,guardian.co.uk,http://www.guardian.co.uk/world/2013/may/17/video-russian-orphans-beaten-outrage
2013-05-18,00:14:03,1eirr6,71,Religious leaders ban 30 women from running for Iran's presidency,foxnews.com,http://www.foxnews.com/world/2013/05/17/religious-leaders-ban-30-women-from-running-for-iran-presidency/
2013-05-18,02:43:32,1ej2sj,63,Woman raped in the UAE then jailed after being accused of having pre-marital sex.,therealsingapore.com,http://therealsingapore.com/content/australian-woman-gang-raped-and-jailed-having-illicit-sex-under-islamic-law
2013-05-18,06:33:45,1ejjjc,59,"Shots fired at Cannes film festival, actors flee for cover",preview.reutersnext.com,http://preview.reutersnext.com/2013/5/17/shots-fired-at-cannes-film-festival-actors-flee-1
