2013-09-07,01:53:55,1lv28v,3013,"President Obama Calls for Yes Vote On Syria, Even If Public Opposed",abcnews.go.com,http://abcnews.go.com/Politics/president-obama-calls-conscience-vote-syria-public-opposed/story?id=20178022
2013-09-07,19:02:16,1lwp13,2508,Tony Abbott will be Australian prime minister after decisive election victory,gu.com,http://gu.com/p/3tt5d
2013-09-07,10:22:40,1lw2cb,1468,Kenya urges world to impose moratorium on ivory trading to save wildlife,english.cntv.cn,http://english.cntv.cn/20130906/101021.shtml
2013-09-07,14:52:21,1lwgwo,1319,"20,000 North Koreans 'disappear' from gulag",independent.ie,http://www.independent.ie/world-news/asia-pacific/20000-north-koreans-disappear-from-gulag-29557499.html
2013-09-07,22:24:50,1lwvf6,525,"For France, U.S. delay on Syria fuels doubts “You [the U.S] have way more cruise missiles than we do. It’s not even comparable. If we were going to fire 200 of them into Syria, it would be like half the arsenal we have. We do not use them like you do. We use them to take out strategic targets”",washingtonpost.com,http://www.washingtonpost.com/world/europe/for-france-us-delay-on-syria-fuels-doubts/2013/09/06/e8036574-16da-11e3-961c-f22d3aaf19ab_story.html?tid=rssfeed
2013-09-07,00:16:59,1luv7z,460,Obama Has No 'Intention' To Strike Syria If Congress Says No : NPR,npr.org,http://www.npr.org/blogs/thetwo-way/2013/09/06/219626379/obama-has-no-intention-to-strike-syria-if-congress-says-no?utm_source=NPR&utm_medium=facebook&utm_campaign=20130906
2013-09-07,01:19:34,1luzqh,346,Poachers have used poison to kill 41 elephants in Zimbabwe's Hwange National Park,bbc.co.uk,http://www.bbc.co.uk/news/world-africa-23991510
2013-09-07,13:43:29,1lwdo9,300,"Not Just Russia: Italy, Other Europeans Sold Plenty Of Weapons To Syria",worldcrunch.com,http://www.worldcrunch.com/world-affairs/not-just-russia-italy-other-europeans-sold-plenty-of-weapons-to-syria/arms-syria-italy-weapons-embargo/c1s13307/
2013-09-07,11:42:37,1lw6x1,278,Direct link between Assad and gas attack elusive for U.S.,reuters.com,http://www.reuters.com/article/2013/09/07/us-syria-crisis-attack-idUSBRE98603A20130907
2013-09-07,18:33:07,1lwo7s,212,"Fukushima tank leak may have mixed with groundwater, Tepco reckons",japantimes.co.jp,http://www.japantimes.co.jp/news/2013/09/05/national/fukushima-tank-leak-may-have-mixed-with-groundwater-tepco-reckons/#.Uirhg398pGk
2013-09-07,04:18:21,1lvd2z,193,"41 Zimbabwe elephants poisoned with cyanide in worst national case ever. Police in Zimbabwe arrest 6 men accused of poisoning watering holes frequented by elephants for $120,000 worth of ivory.",globalpost.com,http://www.globalpost.com/dispatch/news/regions/africa/130906/41-elephants-poisoned-cyanide-tusks-zimbabwe-poach
2013-09-07,23:44:33,1lwz0d,134,Julian Assange's WikiLeaks Party Underwhelm Everyone With Australian Election Results,businessinsider.com,http://www.businessinsider.com/julian-assanges-wikileaks-party-underwhelm-everyone-with-australian-election-results-2013-9
2013-09-07,13:48:23,1lwdwi,102,Syria: Al Qaeda-Linked Rebels Target Christians,news.sky.com,http://news.sky.com/story/1137492/syria-al-qaeda-linked-rebels-target-christians
2013-09-07,00:38:27,1luwrf,83,"U.S. Drone Strike Kills 6 in Pakistan, Fueling Anger",nytimes.com,http://www.nytimes.com/2013/09/07/world/asia/us-drone-strike-kills-6-in-pakistan-fueling-anger.html?smid=re-share
2013-09-07,18:15:29,1lwno6,70,"Russian Sends Another Warship To The Coast Of Syria, Picks Up “Special Cargo” Before Setting Sail",breitbart.com,http://www.breitbart.com/system/wire/DA8KT3I00
2013-09-07,06:32:44,1lvn0g,69,How Intelligence Was Twisted to Support an Attack on Syria,truth-out.org,http://www.truth-out.org/news/item/18559-how-intelligence-was-twisted-to-support-an-attack-on-syria
2013-09-07,04:27:55,1lvdsx,54,"Hafiz Saeed, a Pakistani Islamist with a $10 million U.S. bounty on his head, appeared openly at a rally in Islamabad on Friday, denouncing India as a terrorist state as thousands of his supporters called for ""holy war"" against the rival nuclear nation.",reuters.com,http://www.reuters.com/article/2013/09/06/us-pakistan-india-idUSBRE9850Z120130906
2013-09-07,00:54:09,1luxwg,51,"Putin's Government is transparently corrupt, Byzantine and self-serving...",bloomberg.com,http://www.bloomberg.com/news/2013-09-06/putin-overwhelms-obama-at-the-sulky-summit.html
2013-09-07,04:54:44,1lvfq0,53,Syria strike could bring Raytheon payday,politico.com,http://www.politico.com/story/2013/08/syria-strike-could-bring-raytheon-payday-96045.html
2013-09-07,03:16:55,1lv8dr,50,WikiLeaks case sparks UN criticism of US government's torture of Bradley Manning,theguardian.com,http://www.theguardian.com/world/2011/apr/11/bradley-manning-juan-mendez-torture
2013-09-07,20:38:50,1lwrt2,44,"Syrian jihadi groups protest U.S. strikes ""The leading hard-line Islamist group in northern Syria issued a statement on Facebook cautioning its followers against supporting U.S. intervention, saying it would only serve U.S. interests and not the cause of those seeking to topple Bashar al-Assad""",washingtonpost.com,http://www.washingtonpost.com/world/middle_east/us-orders-partial-evacuation-of-embassy-in-beirut-as-tensions-rise-over-syria-strike/2013/09/06/6af006a8-16f5-11e3-804b-d3a1a3a18f2c_story.html?tid=rssfeed
2013-09-07,08:38:48,1lvvyj,45,"G20 nations to crack down on tax cheats, agree to share records by 2015",theglobeandmail.com,http://www.theglobeandmail.com/report-on-business/g20-nations-to-crack-down-on-tax-cheats-agree-to-share-records-by-2015/article14173942/
2013-09-07,09:00:31,1lvxd7,43,Obama rejects G20 pressure to abandon Syria air strike plan,in.reuters.com,http://in.reuters.com/article/2013/09/06/russia-g-idINL2N0H220W20130906
2013-09-07,08:38:11,1lvvx5,43,"Protests continue in Bucharest against goldmine plan in Rosia Montana--""About 1,000 people gathered in Bucharest on Tuesday night for a third day of protests against plans for Europe's biggest opencast goldmine.""",theguardian.com,http://www.theguardian.com/environment/2013/sep/04/protest-rosia-montana-gold-mine-protest
2013-09-07,09:51:40,1lw0hl,39,Egyptians Vehemently Opposed to Strike in Syria,pbs.org,http://www.pbs.org/newshour/bb/world/july-dec13/egypt_09-06.html
2013-09-07,15:56:37,1lwjhz,37,"Dennis Rodman - ""That's not my job to ask about Kenneth Bae. Ask Obama about that. Ask Hillary Clinton,"" he told a throng of reporters. ""I don't give a shit.""",reuters.com,http://www.reuters.com/article/2013/09/07/us-korea-north-rodman-idUSBRE98602B20130907
2013-09-07,09:52:31,1lw0jk,34,"Magnitude 6.5 Earthquake, 6km SW of Pajapita, Guatemala",google.org,http://www.google.org/publicalerts/alert?aid=e01cc62de3b2371d&hl=en&gl=US&source=web
2013-09-07,09:48:14,1lw0a7,36,"Virgin Galactic, the world’s first commercial spaceline, successfully completed the second rocket-powered, supersonic flight of its passenger carrying reusable space vehicle SpaceShipTwo",virgingalactic.com,http://www.virgingalactic.com/news/item/virgin-galactic-flexes-spaceshiptwos-unique-feather-mechanism-in-second-supersonic-flight/
2013-09-07,06:08:09,1lvl92,28,"Obama Isolated at G20 on Syria, No ‘Coalition of the Willing’",juancole.com,http://www.juancole.com/2013/09/isolated-coalition-willing.html
2013-09-07,11:44:33,1lw71q,28,Russia sends two destroyers and a missile cruiser to the eastern Mediterranean,bloomberg.com,http://www.bloomberg.com/news/2013-09-04/russia-boosts-mediterranean-flotilla-as-u-s-weighs-syria-strike.html
