2013-01-14,22:34:16,16jvn9,1115,"German govt  unexpectedly offers Paris concrete support as French troops battle Islamist extremists in Mali -  Though ruling out a combat role, Germany's military will provide transport & medical assistance.",spiegel.de,http://www.spiegel.de/international/world/germany-offers-support-to-france-in-mali-as-commentators-warn-of-risk-a-877401.html
2013-01-14,10:33:02,16iz5u,365,"Man acquitted of rape and murder of a 9 year old girl, rapes and murders a 9-year-old girl after being freed from jail",timesofindia.indiatimes.com,http://timesofindia.indiatimes.com/india/Freed-from-jail-man-rapes-murders-9-year-old-girl/articleshow/18013803.cms
2013-01-14,19:40:18,16jp70,341,Polio in India: How the Country Beat the Disease:  A sprawling country with a massive population pulled off one of the greatest public-health coups in history,world.time.com,http://world.time.com/2013/01/13/how-india-fought-polio-and-won/
2013-01-14,18:17:29,16jmxo,335,"Mass rape, amputations and killings – why families are fleeing terror in Mali ",guardian.co.uk,http://www.guardian.co.uk/world/2012/dec/15/rape-killings-terror-mali?intcmp=239
2013-01-14,02:36:30,16i2fg,166,"Air pollution in Beijing goes off the index, reaching levels 25 times as large as the acceptable level.",online.wsj.com,http://online.wsj.com/article/SB10001424127887324235104578239142337079994.html?mod=googlenews_wsj
2013-01-14,12:19:05,16j6m9,159,Iran unable to get life-saving drugs due to international sanctions. Western measures targeting Tehran's nuclear programme have impeded trade of medicines for illnesses such as cancer.,guardian.co.uk,http://www.guardian.co.uk/world/2013/jan/13/iran-lifesaving-drugs-international-sanctions
2013-01-14,13:35:47,16jbqt,140,Doctors euthanize Belgian twins who said they could not bear the thought of going blind,news.nationalpost.com,http://news.nationalpost.com/2013/01/13/doctors-euthanize-belgian-twins-who-said-they-could-not-bear-the-thought-of-going-blind/
2013-01-14,18:28:51,16jn8m,133,Children and elderly people in Beijing are urged to stay indoors as instruments measuring pollution break all records.,guardian.co.uk,http://www.guardian.co.uk/world/2013/jan/13/beijing-breathe-pollution
2013-01-14,20:03:29,16jpvv,122,"Japan Ups Defense of Disputed Islands - 
Will deploy 3 more patrol ships to boost its defense of the Senkaku islands at the center of a territorial row with China",sg.news.yahoo.com,http://sg.news.yahoo.com/japan-boosts-defence-disputed-islands-081341310.html
2013-01-14,23:48:50,16jzoh,114,Deaf twins who discovered they were going blind and would never see each other again are euthanized in Belgian hospital,dailymail.co.uk,http://www.dailymail.co.uk/news/article-2261985/Belgian-twin-brothers-killed-doctors-choosing-euthanasia-able-again.html
2013-01-14,11:05:51,16j1e2,112,"Decriminalise drugs, inquiry by cross-party peers says",bbc.co.uk,http://www.bbc.co.uk/news/uk-21004715
2013-01-14,22:02:16,16ju3j,98,Egyptian man urinates into Eternal Flame in Russia's Volgograd ,english.pravda.ru,http://english.pravda.ru/society/stories/11-01-2013/123449-egyptian_urinates-0/
2013-01-14,20:19:15,16jqei,94,"India's army chief turns up heat on Pakistan, says can retaliate",reuters.com,http://www.reuters.com/article/2013/01/14/us-india-pakistan-idUSBRE90D08T20130114
2013-01-14,21:18:53,16jseq,93,Japan is breaking from economic orthodoxy with interesting results,nytimes.com,http://www.nytimes.com/2013/01/14/opinion/krugman-japan-steps-out.html?nl=todaysheadlines&emc=edit_th_20130114
2013-01-14,04:02:00,16i89l,86,"'Shame on the scum!': 20,000 furious Russians march in protest of adoption ban for American parents",dailymail.co.uk,http://www.dailymail.co.uk/news/article-2261730/20-000-furious-Russians-march-protest-adoption-ban-American-parents.html
2013-01-14,00:46:40,16hvoq,69,Israeli premier says he’ll move ahead with Jewish settlement seen as blow to Palestinian state ,washingtonpost.com,http://www.washingtonpost.com/world/middle_east/israels-pm-closes-roads-in-preparation-to-evacuate-palestinians-from-west-bank-protest-site/2013/01/12/8fce0958-5d27-11e2-b8b2-0d18a64c8dfa_story.html?hpid=z3
2013-01-14,21:24:47,16jsmg,63,"Syrian refugees in Lebanon and Jordan are reporting gang rapes, other sexual violence as reasons for fleeing Syria, International Rescue Committee says.",jpost.com,http://www.jpost.com/LandedPages/PrintArticle.aspx?id=299507&rz1
2013-01-14,05:15:38,16id8h,62,"France receives help from U.S., Britain as it ramps up airstrikes against Islamic rebels in Mali",news.nationalpost.com,http://news.nationalpost.com/2013/01/13/france-receives-help-from-u-s-britain-as-it-ramps-up-airstrikes-against-islamic-rebels-in-mali/
2013-01-14,06:25:44,16ii20,57,Goldman Sachs will use a tax delay on bonuses for when the top tax rate falls. Delaying the bonuses cost the UK government  £16 billion in 2010.,ft.com,http://www.ft.com/intl/cms/s/0/5f44bcf0-5da9-11e2-ba99-00144feab49a.html#axzz2Hswa1AGB
2013-01-14,23:59:36,16k0bu,51,Austria politician Strasser guilty in bribery trial,reuters.com,http://www.reuters.com/article/2013/01/14/us-europe-corruption-strasser-idUSBRE90D0QT20130114
2013-01-14,01:21:17,16hxmq,43,Is WTO about to abandon dream of global free trade?,reuters.com,http://www.reuters.com/article/2013/01/13/us-trade-wto-idUSBRE90C0AC20130113
2013-01-14,20:07:17,16jq09,39,"French Widen Bombing Campaign, Hit Central Mali",news.yahoo.com,http://news.yahoo.com/french-widen-bombing-campaign-hit-central-mali-112905092.html
2013-01-14,03:30:48,16i647,33,Mali crisis: militants killed as French fighter jets pound rebel camps,guardian.co.uk,http://www.guardian.co.uk/world/2013/jan/13/mali-crisis-militants-killed-french-jets
2013-01-14,20:49:10,16jre9,28,Beijing Authorities Starts Emergency Plan to Curb Emissions as Air Pollution Hits Record Level - Will shut down polluting manufacturers &  curb govt car use. 54 high-emission manufacturers have been ordered to reduce 30% of their pollutant discharges.,guardian.co.uk,http://www.guardian.co.uk/world/video/2013/jan/14/beijing-emissions-air-pollution-video
2013-01-14,17:05:32,16jksw,23,"[BBC News] Syria conflict causing 'staggering' humanitarian crisis - 60,000 killed since March 2011 - 2 million people displaced",bbc.co.uk,http://www.bbc.co.uk/news/world-middle-east-21007519
2013-01-14,13:27:03,16jb7e,24,"Syrian women and girls allege use of sexual violence as weapon of war: Women interviewed for International Rescue Committee report tell of attacks involving kidnap, rape, torture and murder",guardian.co.uk,http://www.guardian.co.uk/global-development/2013/jan/14/syrian-women-girls-sexual-violence
2013-01-14,01:46:01,16hz4o,19,"Shiite community in Quetta, Pakistan, are protesting the bombing deaths of 97 people last week by lining up victims' bodies at roads of Quetta, have also refused to bury the victims",edition.cnn.com,http://edition.cnn.com/2013/01/13/world/asia/pakistan-blasts-bodies/?hpt=wo_c2
2013-01-14,03:05:39,16i4e0,20,France launches multiple air strikes in Mali,telegraph.co.uk,http://www.telegraph.co.uk/news/worldnews/africaandindianocean/mali/9799034/France-launches-multiple-air-strikes-in-Mali.html
2013-01-14,06:27:28,16ii6h,17,"
Mali: high stakes in 'Hollande's war' Unpopular in the polls and accused of dithering on the economy, Mali has shown the French president in decisive mode",guardian.co.uk,http://www.guardian.co.uk/world/2013/jan/13/mali-high-stakes-francois-hollande
2013-01-14,22:26:01,16jv8e,18,"Malian Town Falls to Islamist Rebels, France Says",nytimes.com,http://www.nytimes.com/2013/01/15/world/france-mali-intervention.html?smid=re-share
