2013-10-29,22:24:11,1pgr6p,3661,"Man buys $27 of bitcoin, forgets about them, finds they're now worth $886k. Bought in 2009, currency's rise in value saw small investment turn into enough to buy an apartment in a wealthy area of Oslo.",theguardian.com,http://www.theguardian.com/technology/2013/oct/29/bitcoin-forgotten-currency-norway-oslo-home
2013-10-29,23:37:34,1pgwre,3161,Zombie CISPA bill pushes forward with NSA support,salon.com,http://www.salon.com/2013/10/21/zombie_cispa_bill_pushes_forward_with_nsa_support/
2013-10-29,08:05:58,1pfdy1,2917,Cannabis Plants Pop up All Over Germany as Form of Protest.,trueactivist.com,http://www.trueactivist.com/cannabis-plants-pop-up-all-over-germany-as-form-of-protest/
2013-10-29,02:01:35,1pegcd,2748,"As Europe Erupts Over US Spying, NSA Chief Says Government Must Stop Media With General Alexander calling for NSA reporting to be halted, US and UK credibility as guardians of press freedom is crushed",commondreams.org,https://www.commondreams.org/view/2013/10/25-13
2013-10-29,06:04:13,1pf31z,2604,"If All These Countries Are So Outraged By Revelations Of US Spying On Them, Why Aren't They Offering Snowden Asylum?",techdirt.com,http://www.techdirt.com/articles/20131026/00010825023/if-all-these-countries-are-so-outraged-revelations-us-spying-them-why-arent-they-offering-snowden-asylum.shtml
2013-10-29,21:30:37,1pgnl0,2502,Cameron openly threatens the Guardian,reuters.com,http://www.reuters.com/article/2013/10/28/usa-spying-cameron-idUSL5N0II2WQ20131028
2013-10-29,07:07:50,1pf8sv,2359,Europe considers sanctions against U.S. over spying,japantoday.com,http://www.japantoday.com/category/world/view/europe-considers-sanctions-against-u-s-over-spying
2013-10-29,21:36:54,1pgnz5,1603,Why Did America Kill My Mother? Pakistani Drone Victim Comes To Congress For Answer,huffingtonpost.com,http://www.huffingtonpost.com/2013/10/29/pakistani-drone-victim-congress_n_4171975.html
2013-10-29,11:09:48,1pftxr,1320,Tiny Caribbean nation of Antigua will launch new website that will offer the world America's copyrighted content for free.,motherboard.vice.com,http://motherboard.vice.com/blog/antigua-is-pirating-copyrighted-content-for-the-world
2013-10-29,22:28:34,1pgria,1320,9/11 Suspects Can’t Mention being Tortured during Trial Testimony because Their Torture is Classified,allgov.com,http://www.allgov.com/news/controversies/911-suspects-cant-mention-being-tortured-during-trial-testimony-because-their-torture-is-classified-131028?news=851498
2013-10-29,19:25:13,1pghcp,1318,China flexes muscle and unveils mystery nuclear sub fleet,washingtontimes.com,http://www.washingtontimes.com/news/2013/oct/29/china-flexes-muscle-and-unveils-nuclear-sub/
2013-10-29,21:17:07,1pgmsi,1264,"""This goes to the heart of science reporting – you wouldn't have a homeopath speaking alongside a brain surgeon for balance, as that would be absurd. It's just as absurd to have a climate sceptic for balance against the work of the overwhelming majority of climate scientists.""",theguardian.com,http://www.theguardian.com/environment/2013/oct/28/bbc-coverage-favouring-climate-change-sceptics
2013-10-29,01:49:18,1pef8f,1084,NSA oversight dismissed as 'illusory' as anger intensifies in Europe and beyond. Condemnation by Latin American panel comes as US fields worsening outrage from Spain and Germany over surveillance,theguardian.com,http://www.theguardian.com/world/2013/oct/28/nsa-oversight-surveillance-anger-deepens-europe
2013-10-29,20:31:35,1pgkbx,733,"BERLIN: U.S. spying on Europeans a symptom of a paranoid government, Germans say",mcclatchydc.com,http://www.mcclatchydc.com/2013/10/28/206711/us-spying-on-europeans-a-symptom.html
2013-10-29,03:00:32,1pelnh,642,David Cameron makes veiled threat to media over NSA and GCHQ leaks,theguardian.com,http://www.theguardian.com/world/2013/oct/28/david-cameron-nsa-threat-newspapers-guardian-snowden
2013-10-29,01:43:00,1peend,584,U.K. may punish publication of NSA leaks,politico.com,http://www.politico.com/blogs/media/2013/10/uk-may-punish-publication-of-nsa-leaks-176086.html
2013-10-29,19:00:13,1pggew,564,Obama sidesteps questions on NSA spying and what he knew,theguardian.com,http://www.theguardian.com/world/video/2013/oct/29/obama-nsa-spying-questions-video
2013-10-29,08:04:18,1pfdt7,522,Dianne Feinstein: 'I am totally opposed' to NSA surveillance of US allies,theguardian.com,http://www.theguardian.com/world/2013/oct/28/nsa-surveillance-dianne-feinstein-opposed-allies
2013-10-29,16:27:44,1pgb31,410,Cameron threatens to act against newspapers publishing security leaks,bbc.co.uk,http://www.bbc.co.uk/news/uk-politics-24710826
2013-10-29,22:59:06,1pgtrg,301,WikiLeaks launches site for Edward Snowden's legal defense,theverge.com,http://www.theverge.com/2013/10/28/5039196/wikileaks-launches-site-for-edward-snowdens-legal-defense-free-snowden
2013-10-29,16:01:52,1pga83,270,NSA affair could block EU-US free trade talks,dw.de,http://www.dw.de/nsa-affair-could-block-eu-us-free-trade-talks/a-17188736
2013-10-29,20:40:48,1pgktd,214,"Google, Microsoft Threaten End to Cookie Tracking",online.wsj.com,http://online.wsj.com/news/articles/SB10001424052702304682504579157780178992984
2013-10-29,02:23:34,1peiac,182,Parents of Down's syndrome boy who was bullied by his teachers are charged with neglect for taking him out of school.,thelocal.es,http://www.thelocal.es/20131028/parents-took-downs-boy-out-of-bully-school---charged
2013-10-29,22:12:23,1pgqb1,177,"33-year-old woman has admitted in court in Memmingen, Germany to have wrongly accused her father of rape. The man had been sitting for seven years in prison because of the allegations.",translate.google.com,http://translate.google.com/translate?sl=auto&tl=en&js=n&prev=_t&hl=en&ie=UTF-8&u=http%3A%2F%2Fwww.spiegel.de%2Fpanorama%2Fjustiz%2Ferfundene-vergewaltigung-moeglicher-freispruch-fuer-vater-in-memmingen-a-930583.html&act=url
2013-10-29,01:57:10,1pefya,157,NSA oversight dismissed as 'illusory' as anger intensifies in Europe and beyond,theguardian.com,http://www.theguardian.com/world/2013/oct/28/nsa-oversight-surveillance-anger-deepens-europe?CMP=twt_fd&CMP=SOCxx2I2
2013-10-29,13:40:33,1pg46g,115,Morocco Considers Legalizing Cannabis,al-monitor.com,http://www.al-monitor.com/pulse/culture/2013/10/cannabis-legalized-morocco-parliament.html
2013-10-29,02:55:22,1pel64,102,"Sochi 2014: Putin declares gay athletes welcome. Russian President Vladimir Putin has insisted gay and lesbian athletes have nothing to fear at next year's Winter Olympics in Sochi, Russia.",bbc.co.uk,http://www.bbc.co.uk/news/world-europe-24708739
2013-10-29,06:17:44,1pf49w,87,American tourist attacked by gang in London-caught on tape,dailystar.co.uk,http://www.dailystar.co.uk/news/latest-news/347213/VIDEO-Vicious-gang-attack-on-American-tourist-drinking-in-London-caught-on-camera
2013-10-29,23:29:17,1pgw2n,78,Syrians Are Now Eating Everything From Cats to Leaves to Survive,blog.foreignpolicy.com,http://blog.foreignpolicy.com/posts/2013/10/28/as_diplomats_pontificate_syrians_are_starving
2013-10-29,23:24:35,1pgvpb,75,Chinese appliances are shipping with malware-distributing WiFi chips | Apps and Software,geek.com,http://www.geek.com/apps/chinese-appliances-are-shipping-with-malware-distributing-wifi-chips-1575315/
