2013-01-19,23:05:09,16vl4h,2285,A leading Australian priest who sexually preyed on a disabled woman for 14 years has been allowed to return to preaching and running one of the nation's busiest churches.,smh.com.au,http://www.smh.com.au/national/predator-priest-returns-to-duty-20130119-2czy4.html
2013-01-19,20:17:06,16vfsn,1839,"Crocodiles Killed by Zoo Visitors in China Because They Wanted to Make Sure They Were Alive - They hurled bottles, rubbish & stones, ignoring signs urging people not to disturb them",asiaone.com,http://www.asiaone.com/News/Latest%2BNews/Relax/Story/A1Story20130118-396321.html
2013-01-19,16:19:19,16v9s7,1688,The 100 richest people in the world earned enough last year to end extreme poverty four times over.,bbc.co.uk,http://www.bbc.co.uk/news/uk-21094962
2013-01-19,05:47:02,16ua06,1582,Australian scientists may have found ‘potential cure for AIDS’,australiantimes.co.uk,http://www.australiantimes.co.uk/news/in-australia/australian-scientists-may-have-found-potential-cure-for-aids.htm
2013-01-19,13:04:21,16v1jq,959,"Snowpocalypse Russia: Snow 'tsunami' swallows streets, cars, buildings (PHOTOS) ",rt.com,http://rt.com/news/winter-snow-russia-weather-275/
2013-01-19,00:46:10,16tnnl,584,650 hostages freed by Algerian special forces.,cnn.com,http://www.cnn.com/2013/01/18/world/africa/algeria-hostage-crisis/index.html?hpt=hp_t1#cnn-disqus-area
2013-01-19,22:52:15,16vkn5,418,Attempted armed assault on Turkish politician in Bulgaria,hurriyetdailynews.com,http://www.hurriyetdailynews.com/attempted-armed-assault-on-turkish-politician-in-bulgaria.aspx?pageID=238&nID=39437&NewsCatID=351
2013-01-19,03:37:34,16u0cg,345,AFP: Sniper kills Jazeera reporter in Syria's Daraa: TV,google.com,http://www.google.com/hostednews/afp/article/ALeqM5h1QV-l8KptAok8ROMvQhZhczZh2g?docId=CNG.1b97d97c19ef1173f82b9ae0a3321f2d.2c1
2013-01-19,11:38:07,16uwg7,259,Companies in China are mislabeling domestically made food products as halal imports from Islamic nations,rfa.org,http://www.rfa.org/english/news/uyghur/halal-01182013161229.html
2013-01-19,21:20:27,16vhh7,238,Belgium Wants to Build a Doughnut-Shaped Island to Store Energy -  North Sea minister reveals nation's novel solution to preserving excess energy -- build a doughnut-shaped island a few miles off the coast that continually pumps water through its center,wired.co.uk,http://www.wired.co.uk/news/archive/2013-01/18/belgium-wind-donut-island
2013-01-19,06:00:44,16ub0t,207,Bolivian Lawmaker Caught Raping Unconscious Colleague,politicalwire.com,http://politicalwire.com/archives/2013/01/18/bolivian_lawmaker_caught_raping_unconscious_colleague.html
2013-01-19,00:17:47,16tlo9,179,"In Thailand, a Broader Definition of Insulting Royalty - Court Jails Dissident For What People Thought He Would Have Said",nytimes.com,http://www.nytimes.com/2013/01/18/world/asia/in-thailand-a-broader-definition-of-insulting-royalty.html
2013-01-19,01:21:54,16tq7c,162,Japan finds high radiation levels in fish,au.news.yahoo.com,http://au.news.yahoo.com/thewest/a/-/world/15879790/japan-finds-high-radiation-levels-in-fish-tepco/
2013-01-19,19:33:32,16veqg,154,Spanish Party’s Ex-Treasurer Had $29 Million in Swiss Account - NYTimes.com,nytimes.com,http://www.nytimes.com/2013/01/19/world/europe/corruption-scandals-widen-in-spain.html?_r=2&
2013-01-19,05:20:22,16u7z7,98,Rome's Colosseum cleaning reveals frescoes – as well as ancient graffiti and drawings of phallic symbols.,huffingtonpost.com,http://www.huffingtonpost.com/2013/01/18/colosseum-cleaning-yields_0_n_2502737.html
2013-01-19,23:37:04,16vmi5,92,"Chinese spin doctors urged to spread 'positive energy' online:  Chinese spin-doctors have been instructed to step-up their online activities and tap into the social-media revolution to spread ""positive energy"" across the internet. ",telegraph.co.uk,http://www.telegraph.co.uk/news/worldnews/asia/china/9810857/Chinese-spin-doctors-urged-to-spread-positive-energy-online.html
2013-01-19,22:30:45,16vjtm,77,"The director of the Bolshoi Ballet, Sergei Filin, suffers third-degree burns from an acid attack",nytimes.com,http://www.nytimes.com/2013/01/19/world/europe/sergei-filin-bolshoi-ballet-director-is-victim-of-acid-attack.html?nl=todaysheadlines&emc=edit_th_20130119
2013-01-19,16:10:44,16v9i0,76,Swedish cleaner not to blame for train crash,bbc.co.uk,http://www.bbc.co.uk/news/world-europe-21088672
2013-01-19,03:10:18,16tych,65,Mali army 'regains Konna and Diabaly' from rebels,bbc.co.uk,http://www.bbc.co.uk/news/world-africa-21077137
2013-01-19,02:14:35,16tuc2,60,"As Tibet burns, China seizes TV's in Tibet crackdown",hosted.ap.org,http://hosted.ap.org/dynamic/stories/A/AS_CHINA_TIBET_CRACKDOWN?SITE=AP&SECTION=HOME&TEMPLATE=DEFAULT&CTIME=2013-01-18-03-58-35
2013-01-19,02:18:56,16tuo0,67,Arrest of Sun's crime correspondent sends shockwaves through News International ,independent.co.uk,http://www.independent.co.uk/news/uk/crime/arrest-of-suns-crime-correspondent-sends-shockwaves-through-news-international-8455157.html
2013-01-19,19:16:10,16vebh,64,South Sudan signs oil deal with Israeli companies,upi.com,http://www.upi.com/Business_News/Energy-Resources/2013/01/18/South-Sudan-signs-oil-deal-with-Israel/UPI-91351358531460/
2013-01-19,23:44:26,16vmva,55,Deutsche Bank announces it will continue investing in agricultural commodities - “There was no evidence that speculation was responsible for price developments” ,bloomberg.com,http://www.bloomberg.com/news/2013-01-19/deutsche-bank-will-continue-to-provide-agriculture-investments.html
2013-01-19,21:52:49,16vihn,41,"Eleven hostage-takers have been killed as Algerian troops launched a final raid on a gas plant in the Sahara desert where foreign workers were being held captive, state news agency APS said.",bbc.co.uk,http://www.bbc.co.uk/news/world-africa-21101092
2013-01-19,16:23:03,16v9wq,38,"Snakes and Ladders: Investment Banking on the Brink - For decades, investment bankers have held the key to untold riches -- but now they're being laid off by the tens of thousands. As the crisis forces the industry to search for a new identity, is it ready to mend its ways?",spiegel.de,http://www.spiegel.de/international/business/investment-banking-faces-massive-layoffs-and-identity-crisis-a-877710.html
2013-01-19,01:00:47,16tor5,35,Algerian army frees over 650 hostages in a massive military operation.,cnn.com,http://www.cnn.com/2013/01/18/world/africa/algeria-hostage-crisis/index.html?c=mobile-homepage-t
2013-01-19,01:37:26,16tre9,33,French journalist killed by sniper fire in Syria,reuters.com,http://www.reuters.com/article/2013/01/18/us-syria-crisis-journalist-idUSBRE90H0Y820130118
2013-01-19,22:05:37,16vixc,29,Terrorist with 'perfect English accent' involved in Algerian hostage crisis,telegraph.co.uk,http://www.telegraph.co.uk/news/worldnews/africaandindianocean/algeria/9812091/Terrorist-with-perfect-English-accent-involved-in-Algerian-hostage-crisis.html
2013-01-19,21:54:26,16vijm,29,"A second life for the West's secondhand clothing – in Uganda:  

American and European thrift store rejects are making their way in bulk to markets in the developing world, but in Uganda they are threatening the local textile industry.",csmonitor.com,http://www.csmonitor.com/World/Africa/2013/0119/A-second-life-for-the-West-s-secondhand-clothing-in-Uganda?nav=88-csm_category-leadStory
2013-01-19,22:20:20,16vjgd,24,"Turkey: Anti-terror arrests target prominent human rights lawyers  -- Overnight police raids in several Turkish cities have resulted in the arrest of 15 human rights lawyers known for defending individuals’ right to freedom of speech and victims of police violence, Amnesty International said.",amnesty.org,http://www.amnesty.org/en/news/turkey-anti-terror-arrests-target-prominent-human-rights-lawyers-2013-01-18
