2013-08-20,11:31:52,1kpi8h,4153,"Guardian Editor: U.K. 'Security Experts' Entered Offices And Destroyed Hard Drives - ""You've had your debate. There's no need to write any more.""",huffingtonpost.com,http://www.huffingtonpost.com/2013/08/19/guardian-hard-drives_n_3782382.html
2013-08-20,20:26:25,1kq73t,4088,The Guardian is suing the UK Home Office for the detention of David Miranda,theguardian.com,http://www.theguardian.com/politics/blog/2013/aug/20/david-miranda-detention-latest-developments#block-52134ffde4b04c508c46390b
2013-08-20,03:15:15,1kogh5,3953,"Brazil passes a law that reserves the nation's oil royalties for education and health care: ""Historic victory.""",google.com,http://www.google.com/hostednews/afp/article/ALeqM5gAnBgvpMdVSvEy8Yz7kT205IahCQ?docId=CNG.8f00d4ecf1b1b17e9311412b9f9a5df2.311&hl=en
2013-08-20,08:04:28,1kp320,3461,U.K. government thought destroying Guardian hard drives would stop Snowden stories,washingtonpost.com,http://www.washingtonpost.com/blogs/the-switch/wp/2013/08/19/u-k-government-thought-destroying-guardian-hard-drives-would-stop-snowden-stories/
2013-08-20,22:34:23,1kqd38,2464,One U.S. security official told Reuters that one of the main purposes of the British government's detention and questioning of Miranda was to send a message to recipients of Snowden's materials,ca.news.yahoo.com,http://ca.news.yahoo.com/britain-forced-guardian-destroy-copy-snowden-material-222933670.html
2013-08-20,21:46:15,1kqaj4,2388,"60 years ago, the U.S. and Britain overthrew a democratic gov't in Iran, docs reveal",truthdig.com,http://www.truthdig.com/report/item/the_moment_the_us_ended_irans_brief_experiment_in_democracy_20130819/#.UhNkwVhfKOs.reddit
2013-08-20,07:01:23,1koy90,1529,BP is suing the US government to be allowed to explore for oil with US federal money again.,nytimes.com,http://www.nytimes.com/2013/08/15/business/global/bp-sues-us-over-contract-suspensions.html?_r=0
2013-08-20,04:09:32,1kokdi,1462,"Following the nine-hour-long detention by British authorities of Glenn Greenwald's partner, David Miranda, Anonymous hacks UK and Chinese government websites, posts personal information of US government officials and their families as ""vital anti-terror surveillance information.""",globalpost.com,http://www.globalpost.com/dispatches/globalpost-blogs/the-grid/detention-greenwald-partner-miranda-anonymous-posts-d0x-us-officials
2013-08-20,13:48:22,1kprez,1200,David Miranda detention prompts outcry over 'gross misuse' of terror laws,theguardian.com,http://www.theguardian.com/world/2013/aug/19/david-miranda-detention-outcry-terrorism-laws
2013-08-20,22:10:43,1kqbqj,769,"Indonesian city to require female schoolgirls to pass virginity test. Official said it's a response to the high rate of ""adultery"" and ""prostitution"" among female students.",globalpost.com,http://www.globalpost.com/dispatch/news/kyodo-news-international/130820/indonesian-city-require-female-students-pass-virginity
2013-08-20,23:49:58,1kqi0u,742,"In China, half of all groundwater and 2/3rds of all surface water is polluted",buzzfeed.com,http://www.buzzfeed.com/thewilsoncenter/chinas-environment-1-in-2-gallons-of-water-pollu-bh9k
2013-08-20,22:03:29,1kqbe1,713,"Members of one of the most isolated tribes on Earth have briefly emerged from the Peruvian jungle to ask for food..The tribe, which numbers in the hundreds, has had virtually no contact with the wider world..Campaigners say logging and urban dev't have diminished the area in which the tribe can live",bbc.co.uk,http://www.bbc.co.uk/news/world-latin-america-23766765
2013-08-20,17:49:52,1kq1ws,436,"Anti-superstition activist Narendra Dabholkar shot dead in Pune, India",timesofindia.indiatimes.com,http://timesofindia.indiatimes.com/city/pune/Anti-superstition-activist-Narendra-Dabholkar-shot-dead/articleshow/21930127.cms
2013-08-20,02:34:11,1kof2v,383,"In 2006, when Sweden's unemployment rate stood at only 6%, Mr Reinfeldt promised to boost jobs by cutting income tax and welfare benefits. Today unemployment is above 8%, and youth unemployment is higher than in any other Nordic country.",economist.com,http://www.economist.com/news/europe/21583659-despite-swedens-successes-fredrik-reinfeldt-could-lose-next-election-reinfeldt-redux
2013-08-20,19:06:29,1kq4ct,248,"‘Israel behind Egypt coup’ – Turkish PM ""Turkish Prime Minister Recep Erdogan claims Ankara has proof Israel was behind the July 3 military ""coup"" that toppled Egyptian president Mohamed Morsi, Hurriyet daily reports.""",rt.com,http://rt.com/news/israel-egypt-coup-erdogan-722/
2013-08-20,21:10:53,1kq8wh,224,One in 7 Canadians has genital herpes: StatsCan study,ctvnews.ca,http://www.ctvnews.ca/health-headlines/one-in-7-canadians-has-genital-herpes-statscan-study-1.1241792
2013-08-20,23:05:31,1kqeyg,192,Russian Officials Now Prohibited from Having Foreign Bank Accounts,en.ria.ru,http://en.ria.ru/politics/20130819/182850233/Russian-Officials-Now-Prohibited-From-Having-Foreign-Bank-Accounts.html
2013-08-20,21:13:39,1kq90t,180,"More than 1,000 artifacts spanning 3500 years of history looted or destroyed during Egypt’s violence",egyptianstreets.com,http://egyptianstreets.com/2013/08/20/the-allegory-of-the-mallawi-museum-history-lost/
2013-08-20,18:59:11,1kq449,149,"Wrecked Fukushima plant springs highly radioactive water leak ""The latest leak, which is continuing, is so contaminated that a person standing 50 centimetres (1.6 feet) away would, within an hour, receive a radiation dose five times the average annual global limit for nuclear workers.""",uk.reuters.com,http://uk.reuters.com/article/2013/08/20/uk-japan-fukushima-leak-idUKBRE97J02720130820
2013-08-20,04:55:04,1konmg,144,Radiation levels in Fukushima bay highest since measurements began,rt.com,http://rt.com/news/fukushima-sea-radiation-highest-686/
2013-08-20,07:07:04,1koyok,138,Encrypted computer files seized from David Miranda 'were from US whistleblower’,telegraph.co.uk,http://www.telegraph.co.uk/news/worldnews/northamerica/usa/10253417/Encrypted-computer-files-seized-from-David-Miranda-were-from-US-whistleblower.html
2013-08-20,08:09:15,1kp3f1,88,"Glenn Greenwald: Detaining My Partner Was a Failed Attempt at Intimidation -- The detention of my partner, David Miranda, by UK authorities will have the opposite effect of the one intended",alternet.org,http://www.alternet.org/glenn-greenwald-detaining-my-partner-was-failed-attempt-intimidation
2013-08-20,12:50:32,1kpnnx,79,"Egyptian journalist shot dead after curfew -- ""Egyptian security forces killed the bureau chief of a provincial office of state newspaper Al-Ahram after opening fire on a car they thought had tried to escape from a checkpoint enforcing a dusk-to-dawn curfew""",aljazeera.com,http://www.aljazeera.com/news/middleeast/2013/08/201381922624519858.html
2013-08-20,10:48:52,1kpf3b,77,New Zealand prime minister John Key says he will resign if spy agency conducted mass surveillance on citizens,nzherald.co.nz,http://www.nzherald.co.nz/nz/news/article.cfm?c_id=1&objectid=11111384
2013-08-20,00:23:29,1ko58m,66,Glenn Greenwald vows to release UK secrets after they detained his partner for 9 hours: “I will be far more aggressive in my reporting from now...I am going to publish things on England too. I have many documents on England’s spy system. I think they will be sorry for what they did.”,rawstory.com,http://www.rawstory.com/rs/2013/08/19/glenn-greenwald-vows-to-release-uk-secrets-after-they-detained-his-partner-for-9-hours/
2013-08-20,07:25:34,1kp04s,55,North Korea Grapples With Crystal Meth Epidemic,blogs.wsj.com,http://blogs.wsj.com/korearealtime/2013/08/20/north-korea-grapples-with-crystal-meth-epidemic/?mod=WSJBlog&utm_medium=twitter&utm_source=twitterfeed
2013-08-20,22:53:19,1kqe7s,60,"Public executions and torture are daily occurrences in North Korea's prisons, according to dramatic testimony from former inmates at a U.N. Commission of Inquiry that opened in South Korea's capital on Tuesday",reuters.com,http://www.reuters.com/article/2013/08/20/us-korea-north-rights-idUSBRE97J0CD20130820
2013-08-20,20:19:20,1kq6ud,50,David Miranda: national newspapers attack use of anti-terror laws,theguardian.com,http://www.theguardian.com/media/greenslade/2013/aug/20/david-miranda-national-newspapers
2013-08-20,22:45:40,1kqds1,54,Three teens accused of murder of baseball player Chris Lane identified,heraldsun.com.au,http://www.heraldsun.com.au/news/three-teens-accused-of-murder-of-baseball-player-chris-lane-identified/story-fni0fiyv-1226700172461
2013-08-20,10:37:15,1kpe7r,53,"Iran to teach kids to bring down drones - ""Iranian high schools will begin teaching students how to hunt and bring down drones, according to media reports.""",washingtontimes.com,http://www.washingtontimes.com/news/2013/aug/19/iran-teach-kids-bring-down-drones/
