2013-05-24,03:37:04,1ex3bk,3116,"German brewers concerned fracking could contaminate water supplies, violate beer purity law of 1516",spiegel.de,http://www.spiegel.de/international/business/german-brewers-oppose-fracking-because-of-fear-over-clean-water-a-901474.html
2013-05-24,13:35:32,1eybqf,2583,3D printed gun explodes during testing by Australian police.,techworld.com.au,http://www.techworld.com.au/article/462774/nsw_police_issues_warning_3d_printed_guns/
2013-05-24,01:54:52,1ewv8r,1904,Malaysians outraged after sharia court allows rapist to marry his 13-year-old victim,thediplomat.com,http://thediplomat.com/asean-beat/2013/05/23/outrage-after-sharia-court-allows-rapist-to-marry-his-13-year-old-victim/
2013-05-24,23:59:09,1ez22q,1866,"Orthodox Christian protesters, lead & organized by Priests, have brutally attacked gay rights activists in Georgia. “All this crowd, like zombies, they simply wanted to kill us. Not beat or humiliate, they simply wanted to kill us,” said Nino Kharchilava, one of the protesters.",globalpost.com,http://www.globalpost.com/dispatch/news/regions/europe/130523/georgia-tbilisi-orthodox-church-gay-rights
2013-05-24,05:48:59,1exe2c,1820,The Muslim Brotherhood Has Turned Cairo Into A Dystopia [PHOTOS],businessinsider.com,http://www.businessinsider.com/the-muslim-brotherhood-is-ruining-egypt-2013-5
2013-05-24,22:06:26,1eyv5u,1612,"RAF Fighter jets reported ""escorting passenger plane to Stansted Airport""",news.sky.com,http://news.sky.com/story/1095214/fighter-jets-escorting-passenger-plane-to-stansted
2013-05-24,22:22:56,1eyw2a,991,"5,000 cave paintings discovered in Mexico: ""These groups escaped Spanish control for almost 200 years""",channelnewsasia.com,http://www.channelnewsasia.com/news/lifestyle/5-000-cave-paintings-discovered-in-mexic/686572.html
2013-05-24,15:09:50,1eygg4,967,Magnitude 8.2 Earthquake Hits Russian Far East off Kamchatka,cnbc.com,http://www.cnbc.com/id/100761193
2013-05-24,05:42:31,1exdiw,883,Croatia bans sex education in schools after pressure by conservatives and catholic church,translate.google.com,http://translate.google.com/translate?hl=de&sl=de&tl=en&u=http%3A%2F%2Fwww.spiegel.de%2Fschulspiegel%2Fkroatisches-verfassungsgericht-verbietet-sexualkunde-an-schulen-a-901256.html
2013-05-24,23:33:22,1ez0a9,623,"In Berlin, you can carry 15 grams of marijuana. In Munich? Just six. To ease any confusion, German states are now trying to hash out possession regulations that would apply across the country",spiegel.de,http://spiegel.de/international/germany/a-901717.html
2013-05-24,22:46:12,1eyxcr,572,'The future of freedom on the internet is at stake',thelocal.se,http://www.thelocal.se/48038/20130521/
2013-05-24,11:14:54,1ey1yk,521,The highest reported share of self-described atheists is in China: an astounding 47 percent,washingtonpost.com,http://www.washingtonpost.com/blogs/worldviews/wp/2013/05/23/a-surprising-map-of-where-the-worlds-atheists-live/
2013-05-24,13:24:22,1eyb41,506,"'Something passed underneath us, quite close': Airbus A320 has close encounter with UFO - Home News - UK",independent.co.uk,http://www.independent.co.uk/news/uk/home-news/something-passed-underneath-us-quite-close-airbus-a320-has-close-encounter-with-ufo-8601261.html
2013-05-24,18:33:05,1eynif,413,Muslim preacher justifies the hacking to death of a British soldier,independent.co.uk,http://www.independent.co.uk/news/uk/crime/exclusive-woolwich-suspect-michael-adebolajo-was-inspired-by-cleric-banned-from-uk-after-urging-followers-to-behead-enemies-of-islam-8630125.html
2013-05-24,15:46:49,1eyi03,356,"Swaziland's albinos have called on the government for protection ahead of elections expected later this year, fearing their body parts will be harvested by candidates seeking good luck.",news24.com,http://www.news24.com/Africa/News/Swazi-albinos-plead-for-protection-20130524
2013-05-24,06:46:14,1exisz,259,German beer makers have warned the chancellor Angela Merkel that the controversial method of drilling for natural gas known as fracking could damage Germany’s legendry beer industry by contaminating the purity of the water.,rt.com,http://rt.com/news/beer-fracking-merkel-environment-710/
2013-05-24,18:02:07,1eymjt,249,"Plane seen ""On Fire"" flying over London.... Looks like an engine fire!",news.sky.com,http://news.sky.com/story/1095039/plane-on-fire-flying-over-central-london
2013-05-24,02:21:02,1ewx6q,245,Nineteen-year-old Israeli sentenced to jail for the 10th time because of his refusal to serve in the army,guardian.co.uk,http://www.guardian.co.uk/world/2013/may/13/israel-jail-conscientious-objector-natan-blanc
2013-05-24,00:57:09,1ewqrl,184,"Australia OKs Mine on Proposed World Heritage Site - It requires clearing 30,000 hectares that a scientific report identifies as of World Heritage standard. “Minister Burke has given the green light to landscape destruction. This mine will result in environmental vandalism on a grand scale.”",ens-newswire.com,http://ens-newswire.com/2013/05/22/australia-oks-mine-on-world-heritage-quality-cape-york/
2013-05-24,09:43:09,1exvgm,170,Fukushima contamination found in plankton at all 10 points tested in the Pacific Ocean,japantimes.co.jp,http://www.japantimes.co.jp/news/2013/05/22/national/researchers-find-high-cesium-in-some-pacific-plankton/#.UZu7-GfYGTc
2013-05-24,23:55:25,1ez1t2,169,3-D Printed Windpipe Gives Infant Breath of Life: Scientific American,scientificamerican.com,http://www.scientificamerican.com/article.cfm?id=3-d-printed-windpipe
2013-05-24,04:28:25,1ex7g1,166,British police arrest two more over London attack,news.yahoo.com,http://news.yahoo.com/british-soldier-hacked-death-suspected-islamist-attack-060253278.html
2013-05-24,22:44:37,1eyx9a,127,Mass piracy lawsuits are back in Australia: A law firm is requesting major Australian ISPs hand over the details of users who have allegedly used peer to peer Internet file sharing platforms to pirate content owned by the firm’s clients,delimiter.com.au,http://delimiter.com.au/2013/05/23/mass-piracy-lawsuits-are-back-in-australia-law-firm-targets-end-users-details/
2013-05-24,13:49:13,1eycis,114,"Stockholm riots throw spotlight on Swedish inequality. 'Five nights of rioting in the suburbs of Sweden's capital Stockholm have raised the national debate about immigration, unemployment and social inequality'",bbc.co.uk,http://www.bbc.co.uk/news/world-europe-22650267?
2013-05-24,21:27:11,1eyt7u,84,The researcher who first spotted the new coronavirus lost his job for sending it out of Saudi Arabia - further work on the virus has been hindered because of strict contracts,cbc.ca,http://www.cbc.ca/news/health/story/2013/05/17/coronavirus-tracking.html
2013-05-24,22:00:29,1eyusy,80,Russia says Assad agrees ‘in principle’ to join Syria peace talks,washingtonpost.com,http://www.washingtonpost.com/world/middle_east/russia-says-assad-agrees-in-principle-to-join-syria-peace-talks/2013/05/24/1542952a-c46d-11e2-914f-a7aba60512a7_story.html
2013-05-24,21:10:19,1eysia,78,"EU pushes through restrictions on pesticides, aiming to protect bees",foxnews.com,http://www.foxnews.com/world/2013/05/24/eu-pushes-through-restrictions-on-pesticides-aiming-to-protect-bees/
2013-05-24,07:06:55,1exkes,68,Greenwald: Was the London killing of a British soldier ‘terrorism’?,guardian.co.uk,http://www.guardian.co.uk/commentisfree/2013/may/23/woolwich-attack-terrorism-blowback
2013-05-24,22:33:58,1eywnn,56,FBI Director thanks Russia for aid in probing Boston bombings,english.ruvr.ru,http://english.ruvr.ru/news/2013_05_24/FBI-Director-thanks-Russia-for-aid-in-probing-Boston-bombings-297/
2013-05-24,00:23:56,1ewobs,54,Should the U.S. allow companies to ‘hack back’ against foreign cyber spies?,washingtonpost.com,http://www.washingtonpost.com/blogs/worldviews/wp/2013/05/23/should-the-u-s-allow-companies-to-hack-back-against-foreign-cyber-spies/
