2013-08-06,01:39:41,1jqydn,3839,German minister proposes banning US companies that participate in US spying activities from doing business in the EU,spiegel.de,http://www.spiegel.de/international/business/german-minister-on-eu-company-ban-for-privacy-violation-a-914824.html
2013-08-06,21:29:30,1jt2ov,3008,They won't be lovin' it: McDonald's admits 90% of employees are on zero-hours contracts without guaranteed work or a stable income - Fast-food chain is potentially the largest zero-hours employer in the UK’s private sector,independent.co.uk,http://www.independent.co.uk/news/uk/home-news/they-wont-be-lovin-it-mcdonalds-admits-90-of-employees-are-on-zerohours-contracts-without-guaranteed-work-or-a-stable-income-8747986.html
2013-08-06,19:15:47,1jsxej,1460,US tourist accidentally snaps finger off 600-year-old statue in Italy's Florence,independent.co.uk,http://www.independent.co.uk/news/world/europe/dont-touch-the-exhibits-american-tourist-accidentally-snaps-finger-off-priceless-600yearold-statue-in-florence-8747878.html
2013-08-06,19:51:03,1jsykg,1359,"Drone strikes kill militants in Yemen, Americans urged to leave",edition.cnn.com,http://edition.cnn.com/2013/08/05/world/yemen-us-drone-strike/index.html
2013-08-06,19:59:04,1jsyvn,1113,"gustl mollath, the man who has been locked up in a psychatric ward for 7 years because he tried to whizzleblow illegal banking activities is about to get free, a german court ruled.",sueddeutsche.de,http://www.sueddeutsche.de/bayern/oberlandesgericht-nuernberg-gustl-mollath-kommt-noch-heute-frei-1.1739939
2013-08-06,01:14:54,1jqwgy,1017,"Muslim veil ban urged in French universities ""France prohibits all children from wearing religious symbols such as Muslim headscarves in schools. A government agency has recommended extending the ban to universities, citing 'growing tensions'""",france24.com,http://www.france24.com/en/20130805-muslim-veil-ban-urged-french-universities?ns_campaign=editorial&ns_source=RSS_public&ns_mchannel=RSS&ns_fee=0&ns_linkname=20130805_muslim_veil_ban_urged_french_universities
2013-08-06,16:49:34,1jssb8,903,"US criticises Vietnam internet control law - ""Fundamental freedoms apply online just as they do offline,"" it said.",bbc.co.uk,http://www.bbc.co.uk/news/world-asia-23584431
2013-08-06,02:45:27,1jr3py,736,"Amazon brings American-style union-busting to Germany: “In Germany, the idea that warehouse workers are going to be getting opposition from an employer when it comes to the right to organize, that’s virtually unheard-of""",nytimes.com,http://www.nytimes.com/2013/08/05/business/workers-of-amazon-divergent.html?_r=0
2013-08-06,18:50:00,1jswj3,554,"Global Scientists Shocked by True Scale of Ocean Warming, Warning that Such Big Shifts Can Affect All Sea Life, as Well as Humans Who Depend on the Sea for Food – “When you see changes as large as these, life generally has 3 options – migration, adaptation or extinction.""",ens-newswire.com,http://ens-newswire.com/2013/08/05/global-scientists-shocked-by-true-scale-of-ocean-warming/
2013-08-06,06:47:36,1jrobq,365,"The Ghost Rapes of Bolivia -- ""F or a while, the residents of Manitoba Colony thought demons were raping the town’s women. There was no other explanation. No way of explaining how a woman could wake up with blood and semen stains smeared across her sheets and no memory of the previous night.""",vice.com,http://www.vice.com/read/the-ghost-rapes-of-bolivia-000300-v20n8?Contentpage=-1
2013-08-06,08:48:15,1jrxom,333,WikiLeaks founder Julian Assange speaks about what impact jailing Bradley Manning will have on future whistleblowers around the world.,sbs.com.au,http://www.sbs.com.au/news/video/40316995709
2013-08-06,10:52:46,1js6wh,303,"Across forbidden border, doctors in Israel quietly tend to Syria’s wounded. 'The doctors say all they know is that Syrian patients arrive by military ambulance and that the hospital calls the army to come pick them up when they are ready to go back to Syria'",nytimes.com,http://www.nytimes.com/2013/08/06/world/middleeast/across-forbidden-border-doctors-in-israel-quietly-tend-to-syrias-wounded.html?_r=0
2013-08-06,22:26:13,1jt5kg,291,A Wisconsin IT professional has filed a lawsuit against Indian outsourcing firm Infosys alleging that the company discriminates against U.S. job applicants in favor of South Asians for jobs in the U.S.,networkworld.com,http://www.networkworld.com/news/2013/080513-us-it-worker-files-hiring-272544.html
2013-08-06,11:46:25,1jsazi,283,Sun's magnetic field poised to flip,science.nasa.gov,http://science.nasa.gov/science-news/science-at-nasa/2013/05aug_fieldflip/
2013-08-06,11:43:51,1jsas8,264,"Bangladesh garment factory collapse determined to be an ""act of God"" by owners' association; victims only get one months' salary as compensation.",thedailystar.net,http://www.thedailystar.net/beta2/news/it-was-an-act-of-god/
2013-08-06,02:13:58,1jr159,238,This map of the ongoing U.S. embassy closures raises more questions than it answers,washingtonpost.com,http://www.washingtonpost.com/blogs/worldviews/wp/2013/08/05/this-map-of-u-s-embassy-and-consulate-closures-raises-more-questions-than-it-answers/
2013-08-06,20:32:21,1jt05f,218,"7 years innocent in German forensic psychiatry: Key in witness money laundering scandal of 6th largest German Bank Hypovereinsbank Mr. Gustl Mollath finally free [German link, Story in comments]",spiegel.de,http://www.spiegel.de/panorama/justiz/fall-mollath-gericht-ordnet-wiederaufnahme-des-verfahrens-an-a-915058.html
2013-08-06,04:27:53,1jrchn,157,"Python escapes Canadian pet store, strangles two children",cbc.ca,http://www.cbc.ca/news/canada/new-brunswick/story/2013/08/05/nb-two-die-boa-attack.html
2013-08-06,23:33:50,1jt9sw,146,"Indian IT Firm Accused of Discrimination Against “Stupid Americans” - Infosys favored Asians in hiring, alleges suit seeking class action status. Infosys has about 15,000 employees in the US & some 90% are of South Asian descent, says the lawsuit.",arstechnica.com,http://arstechnica.com/information-technology/2013/08/indian-it-firm-accused-of-discrimination-against-stupid-americans/
2013-08-06,01:28:53,1jqxjy,138,Costa Rica Will Do Away With Caged Animals At Its Zoos: NPR,npr.org,http://www.npr.org/blogs/thetwo-way/2013/08/05/209180467/costa-rica-will-do-away-with-caged-animals-at-its-zoos
2013-08-06,00:56:11,1jqv20,136,"Fukushima radioactive water leak an 'emergency'. Japan's nuclear watchdog has said the crippled Fukushima nuclear plant is facing a new ""emergency"" caused by a build-up of radioactive groundwater.",bbc.co.uk,http://www.bbc.co.uk/news/world-asia-23578859
2013-08-06,18:56:12,1jswqg,108,Japan Marks 68th Anniversary of Hiroshima Nuclear Bombing,voanews.com,http://www.voanews.com/content/japan-marks-68th-anniversary-of-hiroshima-nuclear-bombing/1724114.html
2013-08-06,21:05:10,1jt1jv,105,Video: Russian paratroopers violently attack lone gay rights activist in St Petersburg,pinknews.co.uk,http://www.pinknews.co.uk/2013/08/05/video-russian-paratroopers-violently-attack-lone-gay-rights-activist-in-st-petersburg/
2013-08-06,09:00:55,1jrylz,97,IOC silence on Russian gay laws speaks volumes,smh.com.au,http://www.smh.com.au/sport/ioc-silence-on-gay-laws-speaks-volumes-20130805-2ra6d.html
2013-08-06,22:18:07,1jt53v,83,Japan unveils largest warship since World War II,bigstory.ap.org,http://bigstory.ap.org/article/japan-unveils-largest-warship-world-war-ii
2013-08-06,10:08:52,1js3l0,85,"XKeyscore is a golden target for hackers and others seeking to cause problems by releasing government-held information, and this information is both more personal and more concentrated than was previously believed. (Working link)",huffingtonpost.com,http://www.huffingtonpost.com/sam-dorison/nsa-data-hacking_b_3708206.html
2013-08-06,12:25:26,1jsdu9,82,13-year-old victim blamed in pedophile trial,news.ninemsn.com.au,http://news.ninemsn.com.au/world/2013/08/06/10/04/accused-pedophile-ruled-as-victim-in-court
2013-08-06,08:44:19,1jrxe5,69,A photojournalist documents the terrible effects of nuclear waste in an unprotected Indian village.,chinkyshukla.com,http://www.chinkyshukla.com/jadugoda--the-nuclear-graveyard.html
2013-08-06,21:09:13,1jt1q3,55,"Harnessing more than 82,000 processors on the world's fourth-ranked supercomputer, scientists run an experiment that represents 1 percent of human brain activity",news.cnet.com,http://news.cnet.com/8301-17938_105-57597049-1/fujitsu-supercomputer-simulates-1-second-of-brain-activity/
2013-08-06,22:17:49,1jt52x,59,Guantanamo hunger strike hits 6-month mark,rt.com,http://rt.com/news/guantanamo-hunger-strike-anniversary-087/
