2013-06-20,04:01:50,1go8tz,3600,"Canada bill that bans wearing masks during an unlawful assembly or riot carries a maximum 10-year prison sentence, scheduled to become law today",cbc.ca,http://www.cbc.ca/news/canada/story/2013/06/19/pol-mask-bill-royal-assent.html
2013-06-20,14:46:20,1gpm53,3110,Australian state passes law allowing un-immunised children to be banned from childcare centres,abc.net.au,http://www.abc.net.au/news/2013-06-20/nsw-passes-controversial-vaccination-laws/4769002
2013-06-20,21:22:34,1gq17b,2971,Pope Francis says that financial speculation and corruption were keeping millions of people in hunger and the financial crisis could not be used as an alibi for failing to help the poor,news.yahoo.com,http://news.yahoo.com/pope-blames-speculation-corruption-scandalous-food-crisis-111649612.html
2013-06-20,10:04:31,1gp31o,2644,AP: Sources have stopped talking - US seizure of journalist records called 'chilling',france24.com,http://www.france24.com/en/20130619-us-seizure-journalist-records-called-chilling
2013-06-20,18:51:07,1gpvr6,2186,Pirate Bay cofounder sentenced to 2 years in prison for ‘hacking’,rt.com,http://rt.com/news/pirate-bay-founder-prison-993/
2013-06-20,01:29:13,1gnwe7,1980,Brazilian police join demonstrators,latinorebels.com,http://www.latinorebels.com/2013/06/19/video-of-brazilian-police-sitting-down-with-changebrazil-demonstrators-goes-viral/?fb_source=pubv1
2013-06-20,20:52:49,1gpzwl,1729,"Almost half of boys and one in five girls in Jordan's capital city, Amman, believe that killing a woman who has ""dishonored,"" or shamed, her family is justifiable, a study of teenagers' attitudes reveals",edition.cnn.com,http://edition.cnn.com/2013/06/20/world/meast/jordan-honor-crimes-study/
2013-06-20,22:20:24,1gq46f,1638,"Singapore is currently covered in hazardous haze and smoke due to Indonesia burning its forests. Indonesian minister claims Singapore is ""behaving like a small child"" over the hazardous haze",straitstimes.com,http://www.straitstimes.com/breaking-news/se-asia/story/haze-update-indonesian-minister-hits-out-singapore-20130620
2013-06-20,20:40:24,1gpzei,1523,"Pelé, Brazil’s greatest footballer and one of the best players of all time, has shocked Brazilians by urging them to “forget” the protests sweeping the country and concentrate on cheering for the national team",ft.com,http://www.ft.com/intl/cms/s/0/0b1106ee-d963-11e2-a6cf-00144feab7de.html
2013-06-20,23:40:09,1gq96y,1218,China introduces execution for extreme environmental offenders,rt.com,http://rt.com/news/china-execution-environmental-offenders-967/
2013-06-20,10:54:05,1gp6nj,1104,Image of Gas Attack Against Lone Brazilian Woman Goes Viral: Shocking images of police violence draw much-needed attention to protests and larger issue of police brutality,commondreams.org,http://www.commondreams.org/headline/2013/06/19-2
2013-06-20,22:44:05,1gq5iw,874,"Palestinian children tortured, used as shields by Israel: U.N.",reuters.com,http://www.reuters.com/article/2013/06/20/us-palestinian-israel-children-idUSBRE95J0FR20130620
2013-06-20,01:45:42,1gnxn8,773,Drone 'Signature Strike' Witness Responds To Obama Speech: 'I Don't Trust A Single Word',huffingtonpost.com,http://www.huffingtonpost.com/2013/06/19/drone-signature-strike_n_3421586.html?utm_source=DailyBrief&utm_campaign=061913&utm_medium=email&utm_content=FeatureTitle
2013-06-20,00:35:43,1gns6z,659,Dolce and Gabbana sentenced to jail for tax evasion | BBC News,bbc.co.uk,http://www.bbc.co.uk/news/business-22977174#TWEET795207
2013-06-20,21:41:12,1gq21y,503,Egypt's Coptic Christians say they are 'no longer safe' in Egypt,worldnews.nbcnews.com,http://worldnews.nbcnews.com/_news/2013/06/20/19042756-egypts-coptic-christians-say-they-are-no-longer-safe
2013-06-20,11:55:56,1gpb1z,482,Leaked doc shows USA has started an Internet War: Schneier,boingboing.net,http://boingboing.net/2013/06/19/leaked-doc-shows-usa-has-start.html
2013-06-20,05:22:32,1gofv8,363,Six teenage soccer players sentenced to just two years in prison for kicking a referee to death.,independent.co.uk,http://www.independent.co.uk/news/world/europe/richard-nieuwenhuizen-death-six-teenagers-and-50yearold-father-convicted-of-manslaughter-in-shocking-case-of-referee-killed-over-a-game-of-football-8662177.html
2013-06-20,11:58:42,1gpb9n,357,The U.S. military is actively trying to destroy a lot of what it brought to Afghanistan,washingtonpost.com,http://www.washingtonpost.com/world/asia_pacific/scrapping-equipment-key-to-afghan-drawdown/2013/06/19/9d435258-d83f-11e2-b418-9dfa095e125d_story.html
2013-06-20,23:25:13,1gq861,349,"Pool party in Mexico, goes bad when party organizers pour liquid nitrogen in the pool. Party goers asphyxiated, not poisoned.",blog.chembark.com,http://blog.chembark.com/2013/06/18/awful-idea-liquid-nitrogen-at-a-pool-party/
2013-06-20,13:10:52,1gpgeo,335,"Shared symbols of a generation in revolt: Ordinary people, with no ideological axe to grind, have found the means to resist the ""sham nature"" of Democracy in countries around the world.",bbc.co.uk,http://www.bbc.co.uk/news/world-europe-22976409
2013-06-20,00:32:47,1gnryt,339,"Megaupload’s former hosting provider Leaseweb has deleted all Megaupload user data from 690 servers without warning. Petabytes of data and backups, mostly from European users, are now lost forever. Kim Dotcom outraged.",torrentfreak.com,http://torrentfreak.com/leaseweb-wipes-all-megaupload-user-data-dotcom-outraged-130619/
2013-06-20,06:40:25,1gomva,331,Brazilians protester win: São Paulo mayor announces reduction in bus fares,translate.google.com,http://translate.google.com/translate?hl=pt-BR&ie=UTF8&prev=_t&sl=pt-BR&tl=en&u=http://www1.folha.uol.com.br/cotidiano/2013/06/1297883-alckmin-e-haddad-decidem-voltar-tarifa-de-onibus-e-metro-para-r-3.shtml#submit
2013-06-20,16:21:04,1gpqjj,297,"New MERS (Middle East respiratory syndrome) virus spreads easily between people and has a 65 precent fatality rate, compared with SARS 8 percent. The source of the virus is still unknown.",nzherald.co.nz,http://www.nzherald.co.nz/world/news/article.cfm?c_id=2&objectid=10891895
2013-06-20,17:40:49,1gpteo,296,Taliban offer to free US soldier in exchange for Afghans held at Guantanamo,bigstory.ap.org,http://bigstory.ap.org/article/ap-exclusive-taliban-offer-free-us-soldier
2013-06-20,22:05:54,1gq3dx,226,Australia will not recognise gay and lesbian marriages performed overseas,theage.com.au,http://www.theage.com.au/opinion/political-news/marriage-equality-bill-fails-but-lib-crosses-floor-20130620-2ok20.html
2013-06-20,00:49:11,1gnt92,193,US President Barack Obama has used his public speech in Berlin to propose cuts of one-third in American and Russian nuclear arsenals.,bbc.co.uk,http://www.bbc.co.uk/news/world-europe-22962873
2013-06-20,07:48:40,1gosf1,166,"In Brazil, mayors of São Paulo and Rio de Janeiro have agreed to lower the price of public transportation back to pre-protest levels",oglobo.globo.com,http://oglobo.globo.com/pais/rio-sp-anunciam-reducao-nas-tarifas-dos-transportes-publicos-8745978
2013-06-20,00:16:00,1gnqnf,162,Cat stands for election in Mexican city Campaign shines light on political disenchantment with slogan: 'Tired of voting for rats? Vote for a cat',guardian.co.uk,http://www.guardian.co.uk/world/2013/jun/19/cat-stands-election-mexican-city
2013-06-20,21:45:18,1gq2ac,161,UK ISPs confirmed they are being pressured by rightsholders to block EZTV and YIFY-Torrents.,torrentfreak.com,http://torrentfreak.com/uk-isps-asked-to-block-eztv-and-yify-torrents-130619/
2013-06-20,10:02:41,1gp2vw,153,Pipeline in Alberta leaks 9.5M litres of industrial waste water,ctvnews.ca,http://www.ctvnews.ca/business/pipeline-in-alberta-leaks-9-5m-litres-of-industrial-waste-water-1.1322978
