2013-11-02,18:32:45,1pqsdq,2899,Jose Mujica: 'I earn more than I need' The man described as the world's 'poorest president' discusses Uruguay's move to legalise marijuana.,aljazeera.com,http://www.aljazeera.com/programmes/talktojazeera/2013/10/jose-mujica-i-earn-more-than-i-need-2013102294729420734.html
2013-11-02,06:08:29,1ppsep,2786,Israel 'furious' with White House for leak on Syria strike,timesofisrael.com,http://www.timesofisrael.com/israel-furious-with-white-house-for-leak-on-syria-strike/
2013-11-02,18:42:04,1pqslw,2668,Bill Gates says putting worldwide Internet access before malaria is 'a joke',ft.com,http://www.ft.com/cms/s/2/dacd1f84-41bf-11e3-b064-00144feabdc0.html#axzz2jOv8ZdDW
2013-11-02,23:17:38,1pr38b,2524,"No fewer that 25 students at a Lagos school yesterday went into a coma after inhaling fumes from chemical waste allegedly discharged by Bizcircuit Photo Laboratory, located a few meters from the school premises.",vanguardngr.com,http://www.vanguardngr.com/2013/11/25-students-coma-inhaling-industrial-fumes/
2013-11-02,20:16:25,1pqv51,2207,"When attackers threw acid in Shamsia Husseini's face outside her school in Afghanistan, she defied them by returning to class -- and now she has struck another blow for female education by becoming a teacher herself",timesofindia.indiatimes.com,http://timesofindia.indiatimes.com/world/rest-of-world/Afghan-schoolgirl-scarred-in-acid-attack-now-a-teacher/articleshow/25044692.cms?utm_source=facebook.com&utm_medium=referral
2013-11-02,00:10:28,1pp04w,2026,Snowden seeks world's help against US charges,bigstory.ap.org,http://bigstory.ap.org/article/germany-prepared-meet-snowden
2013-11-02,21:12:42,1pqx3v,1872,"Spy agencies across Western Europe are working together on mass surveillance of Internet and phone traffic comparable to programs run by their U.S. counterpart denounced by European governments, Britain's Guardian newspaper reported on Saturday.",reuters.com,http://www.reuters.com/article/2013/11/02/us-europe-surveillance-idUSBRE9A103K20131102
2013-11-02,23:24:46,1pr3nv,1797,"New Snowden revelations show European governments tap private communications, despite criticizing US for doing same.",america.aljazeera.com,http://america.aljazeera.com/articles/2013/11/2/report-europe-spyagenciesworkedtogetheronnsastylemasssurveillanc.html
2013-11-02,12:14:51,1pqfly,1707,Jailed Pussy Riot member still disappeared,theatlanticwire.com,http://www.theatlanticwire.com/entertainment/2013/11/pussy-riot-member-wherabouts-unknown-after-move-prison/71183/
2013-11-02,17:01:43,1pqq7o,1090,"Stop exporting your abortion problem, Britain tells Ireland",thejournal.ie,http://www.thejournal.ie/bpas-abortion-ireland-1155918-Nov2013/?utm_source=shortlink
2013-11-02,13:43:12,1pqjsr,812,Pussy Riot Member Nadezhda Tolokonnikova 'Goes Missing' During Prison Colony Transfer,thedailybeast.com,http://www.thedailybeast.com/articles/2013/11/02/pussy-riot-member-nadezhda-tolokonnikova-goes-missing-during-prison-colony-transfer.html
2013-11-02,20:04:07,1pquqf,564,Pussy Riot: Tolonnikova 'out of sight. One of the jailed members of the Pussy Riot protest band has vanished from sight since she was moved to a new prison 10 days ago.,bbc.co.uk,http://www.bbc.co.uk/news/world-europe-24786119
2013-11-02,00:43:59,1pp2t7,554,Mexico to tackle obesity with taxes on junk food and sugary drinks. President calls for hour of exercise per day and a 'change of culture' as Mexico has higher rates of adult obesity than the US.,theguardian.com,http://www.theguardian.com/world/2013/nov/01/mexico-obesity-taxes-junk-food-sugary-drinks-exercise
2013-11-02,22:28:36,1pr0gf,513,Europe spies too: Leaked documents point to cooperative surveillance program,csmonitor.com,http://www.csmonitor.com/World/Latest-News-Wires/2013/1102/Europe-spies-too-Leaked-documents-point-to-cooperative-surveillance-program
2013-11-02,16:50:56,1pqpxu,496,NSA whistleblower Edward Snowden says US 'treats dissent as defection',theguardian.com,http://www.theguardian.com/world/2013/nov/01/nsa-whistleblower-edward-snowden-letter-germany
2013-11-02,01:52:23,1pp8cd,468,"GCHQ and European spy agencies worked together on mass surveillance. Edward Snowden papers unmask close technical cooperation and loose alliance between British, German, French, Spanish and Swedish spy agencies.",theguardian.com,http://www.theguardian.com/uk-news/2013/nov/01/gchq-europe-spy-agencies-mass-surveillance-snowden
2013-11-02,23:14:24,1pr31r,465,"Israel plans to Demolish Homes of 15,000 Palestinians in East Jerusalem",news.antiwar.com,http://news.antiwar.com/2013/11/01/israel-to-demolish-homes-of-15000-palestinians-in-east-jerusalem/
2013-11-02,08:16:01,1pq147,381,Venezuela has quietly seized control of two oil rigs owned by a unit of Houston-based Superior Energy Services after the company shut them down because the state oil monopoly was months behind on payments,bigstory.ap.org,http://bigstory.ap.org/article/venezuelas-government-seizes-us-owned-oil-rigs
2013-11-02,20:23:13,1pqvd2,324,"Japan, Russia agree to cooperate on security as China rises",reuters.com,http://www.reuters.com/article/2013/11/02/us-japan-russia-idUSBRE9A102G20131102
2013-11-02,08:24:56,1pq1pf,243,"Australia's Murdoch Newspapers Lying to Public About Climate Change, Says Study Author",desmogblog.com,http://www.desmogblog.com/2013/11/01/australia-s-biggest-newspapers-lying-public-about-climate-change-says-study-author
2013-11-02,08:45:55,1pq30e,210,Snowden leak reveals Europe's role in mass surveillance programs.,slate.com,http://www.slate.com/blogs/future_tense/2013/11/01/snowden_leak_reveals_europe_s_role_in_mass_surveillance_programs.html
2013-11-02,18:57:28,1pqsyr,194,UK: Snowden reporter's partner involved in 'espionage' and 'terrorism',reuters.com,http://www.reuters.com/article/2013/11/01/us-uk-nsa-idUSBRE9A013O20131101
2013-11-02,17:00:40,1pqq6k,189,European Intelligence Agencies were Cooperating in Mass Surveillance,translate.google.de,http://translate.google.de/translate?hl=de&sl=de&tl=en&u=http%3A%2F%2Fwww.spiegel.de%2Fpolitik%2Fausland%2Fspaeh-enthuellungen-europaeische-geheimdienste-sollen-kooperiert-haben-a-931375.html
2013-11-02,22:47:38,1pr1ho,172,NSA spying: Germany and Brazil produce draft UN resolution | Document does not name US but calls for end to mass surveillance and gross invasions of privacy,theguardian.com,http://www.theguardian.com/world/2013/nov/02/nsa-germany-brazil-un-resolution
2013-11-02,05:20:46,1ppowm,112,Egypt TV station stops popular satire program by Bassem Youssef,bigstory.ap.org,http://bigstory.ap.org/article/egypt-tv-station-stops-popular-satire-program
2013-11-02,08:20:34,1pq1ez,105,UN Panel Told NKorea Regime to Blame for Famine that killed a million of its people. Regime diverted food aid AWAY from starving area,abcnews.go.com,http://abcnews.go.com/Politics/wireStory/panel-told-nkorea-regime-blame-famine-20743124
2013-11-02,22:06:40,1pqzcm,92,"Israel Furious w/ White House for Leaking Syria Strike, Calling it ""Scandalous"" Behavior for an Ally",dailykos.com,http://www.dailykos.com/story/2013/11/02/1252514/-Israel-Furious-w-White-House-for-Leaking-Syria-Strike-Calling-it-Scandalous-Behavior-for-an-Ally
2013-11-02,22:08:45,1pqzgh,88,Chinese Government vows to stamp out the voice of the Dalai Lama in Tibet,independent.co.uk,http://www.independent.co.uk/news/world/asia/chinese-government-vows-to-stamp-out-the-voice-of-the-dalai-lama-in-tibet-8918829.html
2013-11-02,08:15:19,1pq12o,71,How anti-NSA backlash could fracture the Internet along national borders,washingtonpost.com,http://www.washingtonpost.com/blogs/worldviews/wp/2013/11/01/how-anti-nsa-backlash-could-fracture-the-internet-along-national-borders/?wpisrc=nl_wv
2013-11-02,01:27:54,1pp6e1,69,NSA files decoded: Edward Snowden's surveillance revelations explained,theguardian.com,http://www.theguardian.com/world/interactive/2013/nov/01/snowden-nsa-files-surveillance-revelations-decoded
