2013-01-03,14:21:19,15virv,2946,Australian PM says abolishing compulsory voting would make democracy the plaything of cashed up interest groups.,smh.com.au,http://www.smh.com.au/opinion/political-news/pm-vows-to-fight-any-qld-move-to-scrap-compulsory-voting-20130103-2c6hr.html
2013-01-03,04:48:03,15ufdy,2268,Spanish city's locksmiths say they'll no longer assist with evictions,pri.org,http://www.pri.org/stories/business/spanish-city-s-locksmiths-say-they-ll-no-longer-assist-with-evictions-12548.html
2013-01-03,03:08:06,15u87d,1317,"Nicolas Sarkozy DID take $50 million of Muammar Gaddafi's cash, French judge is told",independent.co.uk,http://www.independent.co.uk/news/world/europe/nicolas-sarkozy-did-take-50-million-of-muammar-gaddafis-cash-french-judge-is-told-8435872.html
2013-01-03,08:10:51,15utxs,1090,Al Jazeera Acquires Current TV,mediadecoder.blogs.nytimes.com,http://mediadecoder.blogs.nytimes.com/2013/01/02/al-jazeera-said-to-be-acquiring-current-tv/?smid=re-share
2013-01-03,16:45:11,15vpb6,470,Icelandic Girl Fights For Right To Her Own Name.,npr.org,http://www.npr.org/templates/story/story.php?storyId=168510279
2013-01-03,18:58:22,15vta6,457,Kim Jong-un's wife 'has given birth' in North Korea,telegraph.co.uk,http://www.telegraph.co.uk/news/worldnews/asia/northkorea/9777245/Kim-Jong-uns-wife-has-given-birth-in-North-Korea.html
2013-01-04,00:27:33,15w6p3,372,Indian politician attacked for alleged involvement in rape: Police in India have arrested a leader of the ruling Congress party on accusations he raped a woman in a village in the early hours of the morning,telegraph.co.uk,http://www.telegraph.co.uk/news/worldnews/asia/india/9778503/Indian-politician-attacked-for-alleged-involvement-in-rape.html
2013-01-03,06:54:57,15uooz,368,Controversial Israeli law banning too-skinny models went into effect with the start of 2013.,shine.yahoo.com,http://shine.yahoo.com/fashion/too-skinny-model-ban-takes-effect-israel-213500942.html
2013-01-03,00:35:24,15ty4x,241,Sexual violence is not a cultural phenomenon in India - it is endemic everywhere,independent.co.uk,http://www.independent.co.uk/voices/comment/sexual-violence-is-not-a-cultural-phenomenon-in-india--it-is-endemic-everywhere-8433445.html
2013-01-03,20:00:54,15vv4j,240,"Why Japan's 'Fukushima 50' Remain Unknown - Entering exclusion zone around crippled Fukushima plant is an unnerving experience. It's also illegal.  But without a Geiger counter, it'd be easy to forget this is now one of the most contaminated places on Earth.",bbc.co.uk,http://www.bbc.co.uk/news/world-asia-20707753
2013-01-03,21:20:32,15vxn3,183,Measles outbreak kills hundreds in Pakistan,aljazeera.com,http://www.aljazeera.com/news/asia/2013/01/20131282648859762.html
2013-01-03,02:23:55,15u4v4,170,Muslim scholar vehemently condemns treatment of rape victims in Muslim-majority countries,washingtonpost.com,http://www.washingtonpost.com/blogs/guest-voices/post/the-islam-women-were-promised/2013/01/02/447419f6-54e5-11e2-8b9e-dd8773594efc_blog.html
2013-01-03,21:30:44,15vy18,165,A Look Inside North Korea ,theatlantic.com,http://www.theatlantic.com/infocus/2013/01/a-look-inside-north-korea/100432/
2013-01-03,17:19:29,15vqit,145,"Palestinian owners barred from Jordan Valley land, while Israeli farmers profit",haaretz.com,http://www.haaretz.com/news/diplomacy-defense/palestinian-owners-barred-from-jordan-valley-land-while-israeli-farmers-profit.premium-1.491546
2013-01-03,20:26:48,15vvxi,115,BBC News - Indonesia city to ban women 'straddling motorbikes',bbc.co.uk,http://www.bbc.co.uk/news/world-asia-20896966
2013-01-03,12:47:30,15vcyx,81,Canada's Indigenous movement gains momentum,aljazeera.com,http://www.aljazeera.com/programmes/insidestoryamericas/2013/01/20131282718188634.html
2013-01-03,21:04:35,15vx4t,83,Murder Charges Are Expected Against 5 Men in New Delhi Gang Rape,nytimes.com,http://www.nytimes.com/2013/01/04/world/asia/murder-charges-filed-against-5-men-in-india-gang-rape.html?_r=0
2013-01-03,12:37:29,15vcc1,67,Al Jazeera to start new U.S.-based News Channel,aljazeerausannouncement.com,http://www.aljazeerausannouncement.com/
2013-01-03,00:52:47,15tz5c,55,Russia restricts sale of beer to reduce problematic alcoholism in the country.,cbc.ca,http://www.cbc.ca/news/world/story/2013/01/01/russia-beer-kiosk-sales.html
2013-01-03,19:36:13,15vufi,51,Icelandic girl fights for right to her own name,news.yahoo.com,http://news.yahoo.com/icelandic-girl-fights-her-own-name-074758814.html
2013-01-03,22:08:06,15vzhj,52,"U.S. drone strike kills key Pakistan Taliban commander - sources
| Reuters",uk.reuters.com,http://uk.reuters.com/article/2013/01/03/uk-pakistan-drone-idUKBRE90203I20130103
2013-01-03,09:29:09,15uz8t,51,"In the Middle East, the Arab spring has given way to a Christian winter |  The Guardian",guardian.co.uk,http://www.guardian.co.uk/commentisfree/belief/2013/jan/02/middle-east-arab-spring-christian-winter
2013-01-03,20:05:45,15vv9m,46,"Rio geared towards bike-friendly future: Brazilian metropolis turns to old-fashioned pedal power to ease grinding, hours-long traffic jams",aljazeera.com,http://www.aljazeera.com/video/americas/2013/01/2013137175079121.html
2013-01-03,11:49:48,15v969,40,Delhi gang rape: Victim's father says juvenile should be hanged as govt plans to amend criminal laws,economictimes.indiatimes.com,http://economictimes.indiatimes.com/news/politics-and-nation/delhi-gang-rape-victims-father-says-juvenile-should-be-hanged-as-govt-plans-to-amend-criminal-laws/articleshow/17865534.cms
2013-01-03,10:17:45,15v2p9,23,Switzerland gunman 'kills three' in Daillon.,bbc.co.uk,http://www.bbc.co.uk/news/world-europe-18773158
2013-01-03,18:51:53,15vt3i,20,"Camels in the Outback - 
Can a Qatari former camel herder find an alternative to the mass killing of camels underway in Australia?  ""They're killing thousands of camels every year.""",aljazeera.com,http://www.aljazeera.com/programmes/aljazeeraworld/2012/12/20121226115848287535.html
2013-01-03,19:03:03,15vtfd,18,Al Qaeda carves out own country in Mali | NDTV.com,ndtv.com,http://www.ndtv.com/article/world/al-qaeda-carves-out-own-country-in-mali-311709
2013-01-03,14:19:42,15vior,19,Google boss Eric Schmidt plans to visit North Korea,washingtonpost.com,http://www.washingtonpost.com/world/google-boss-schmidt-plans-to-visit-north-korea-according-to-ap-report/2013/01/02/1f448a0c-554a-11e2-89de-76c1c54b1418_story.html
2013-01-03,06:24:56,15umkf,17,A small time Indian financial consultant caught with US Treasury Bonds worth US$5bn in a tax raid in India ,m.timesofindia.com,Http://m.timesofindia.com/city/coimbatore/I-T-finds-Tirupur-man-with-US-bonds-worth-5bn/articleshow/17864771.cms
2013-01-03,19:25:56,15vu3b,16,"Three dead, two wounded in Swiss shooting",uk.reuters.com,http://uk.reuters.com/article/2013/01/03/uk-swiss-shooting-idUKBRE90203120130103
