2013-02-14,04:38:29,18gsn2,2583,"‘Totally drug-resistant’ TB uncovered, outbreak would be untreatable",life.nationalpost.com,http://life.nationalpost.com/2013/02/12/totally-drug-resistant-tuberculosis-spreading-in-south-africa-as-researchers-warn-outbreak-of-bacteria-would-be-untreatable/
2013-02-14,19:56:12,18icxw,2276,It’s Official: Julian Assange Will Run for Office,newsfeed.time.com,http://newsfeed.time.com/2013/02/13/it-is-official-julian-assange-will-run-for-office/
2013-02-14,14:25:13,18i1fd,2108,Oscar Pistorius (South African double-amputee Olympian) shoots and kills girlfriend after mistaking her for an intruder,news24.com,http://www.news24.com/SouthAfrica/News/Oscar-Pistorius-shoots-girlfriend-reports-20130214
2013-02-14,03:26:20,18gmw7,1661,Iceland considering ban of online pornography,telegraph.co.uk,http://www.telegraph.co.uk/news/worldnews/europe/iceland/9866949/Iceland-considers-pornography-ban.html
2013-02-14,01:46:23,18gezy,1620,A man burns himself to death outside a job centre in France after being declared ineligible for unemployment benefit,bbc.co.uk,http://www.bbc.co.uk/news/world-europe-21442879
2013-02-14,05:30:03,18gwv7,1203,"‘Canada will never be a safe haven for zombies,’ Foreign Minister John Baird tells House of Commons",news.nationalpost.com,http://news.nationalpost.com/2013/02/13/canada-will-never-be-a-safe-haven-for-zombies-foreign-minister-john-baird-tells-house-of-commons/
2013-02-14,14:29:02,18i1my,847,South Korea unveils missile it says can hit North's leaders,reuters.com,http://www.reuters.com/article/2013/02/14/us-korea-north-missile-idUSBRE91D07P20130214
2013-02-14,00:15:40,18g8el,620,Egypt floods Gaza tunnels to cut Palestinian lifeline,reuters.com,http://www.reuters.com/article/2013/02/13/us-palestinians-egypt-tunnels-idUSBRE91C0RF20130213
2013-02-14,23:02:46,18ili0,497,"Three people have been arrested in the US and accused of conspiring to smuggle endangered black rhino horns and carvings from the US into China.

",bbc.co.uk,http://www.bbc.co.uk/news/world-us-canada-21453696
2013-02-14,20:00:23,18id32,444,"Horsemeat Scandal: Up to 100.000 horses disappeared in Sweden since 2000, possibly sold as meat in EU",thelocal.se,http://www.thelocal.se/46170/20130213/
2013-02-14,21:00:53,18if84,387,"Israel's Prisoner X driven to suicide by interrogation, lawyer suggests",guardian.co.uk,http://www.guardian.co.uk/world/2013/feb/14/israel-prisoner-x-suicide-interrogation
2013-02-14,22:44:55,18ikey,343,"
How the Latin American Drug War Will End: When change comes, it will be brought about by grassroots civil society organizing in the U.S. and in Mexico",alternet.org,http://www.alternet.org/drugs/how-latin-american-drug-war-will-end
2013-02-14,22:56:26,18il3u,315,Russia Uses New Internet Censorship Bill To Silence Prominent Reporters Who Criticized The Government,techdirt.com,http://www.techdirt.com/articles/20130211/02523121943/russia-uses-new-internet-censorship-bill-to-silence-prominent-reporters-who-criticized-government.shtml
2013-02-14,11:37:16,18hpmd,297,"Egypt's women brandish knives at sex assault protests. One hard-line cleric, Mohammed Abdullah, said women who go to protests ""were going there to get raped""",usatoday.com,http://www.usatoday.com/story/news/world/2013/02/13/egypts-women-sex-assaults-knives/1918309/?
2013-02-14,04:05:02,18gpz2,274,Israel acknowledges 'Prisoner X' existence ,ynetnews.com,"http://www.ynetnews.com/articles/0,7340,L-4344808,00.html"
2013-02-14,03:19:17,18gmbz,207,The Swiss-held version of the Mona Lisa is also a genuine painting by Leonardo da Vinci,news.msn.com,http://news.msn.com/world/fresh-proof-found-for-the-other-original-mona-lisa
2013-02-14,23:35:23,18inqj,195,"Norway jails Rwandan for 21 years over role in 1994 genocid  -  Oslo court finds Sadi Bugingo guilty of complicity in premeditated killings of at least 2,000 people in Kibungo, eastern Rwanda",guardian.co.uk,http://www.guardian.co.uk/world/2013/feb/14/norway-jails-rwandan-genocide
2013-02-14,22:20:37,18ij32,194,Up to 200 smuggling tunnels shut since Egyptian President Morsi took office; some 30% of all goods reach Gaza through tunnels.,jpost.com,http://www.jpost.com/LandedPages/PrintArticle.aspx?id=303159&rz=145
2013-02-14,06:19:50,18h0ru,170,French driver trapped for an hour in speeding 125mph car with no brakes,guardian.co.uk,http://www.guardian.co.uk/world/2013/feb/13/french-driver-200kmh-car-chase?mobile-redirect=false
2013-02-14,20:44:08,18iel3,165,Pakistani extremists rally against the evils of Valentines Day,thenews.com.pk,http://www.thenews.com.pk/article-87788-Jamat-e-Islami-rallies-against-Valentines-Day
2013-02-14,17:49:38,18i99d,155,Australia blocks North Koreans' visit over nuclear test,reuters.com,http://www.reuters.com/article/2013/02/14/us-korea-north-australia-idUSBRE91D08O20130214
2013-02-14,17:53:24,18i9dg,158,"Horsemeat has been detected in frozen lasagne on sale in Germany and supermarkets have started removing the product from their shelves.
",bbc.co.uk,http://www.bbc.co.uk/news/world-europe-21456388
2013-02-14,10:58:06,18hmkv,134,"Microsoft brings solar Wi-Fi to rural Kenya - The pilot project – named Mawingu, the Swahili word for ""cloud"" – is part of an initiative by Microsoft and local telecoms firms to provide affordable, high-speed wireless broadband to rural areas",newscientist.com,http://www.newscientist.com/article/mg21729045.900-microsoft-brings-solar-wifi-to-rural-kenya.html?cmpid=RSS|NSNS|2012-GLOBAL|online-news
2013-02-14,01:06:04,18gc0w,127,Murdoch's Sun paper now caught up in NOTW-like hacking scandal. ,telegraph.co.uk,http://www.telegraph.co.uk/news/uknews/phone-hacking/9867193/Phone-hacking-Six-arrested-in-new-hacking-probe.html
2013-02-14,03:35:15,18gnmm,111,Gazan farmers attend Israeli conference aimed at supporting Gaza's agricultural sector,upi.com,http://www.upi.com/Top_News/World-News/2013/02/13/Gazan-farmers-attend-Israeli-meeting/UPI-67001360751731/
2013-02-14,04:26:28,18grp0,95,EU To Crack Down on Israeli Settlement Products,spiegel.de,http://www.spiegel.de/international/europe/eu-to-crack-down-on-products-from-israeli-settlements-a-882623.html
2013-02-14,04:10:44,18gqfl,90,'Ugliest woman in the world' buried 150 years after end of tragic life,worldnews.nbcnews.com,http://worldnews.nbcnews.com/_news/2013/02/13/16945751-ugliest-woman-in-the-world-buried-150-years-after-end-of-tragic-life?lite
2013-02-14,02:55:22,18gkh3,85,Iran's new stealth fighter jet caught out by bloggers in 'faked' Photoshop image blunder,independent.co.uk,http://www.independent.co.uk/news/world/middle-east/irans-new-stealth-fighter-jet-caught-out-by-bloggers-in-faked-photoshop-image-blunder-8493530.html
2013-02-14,15:51:47,18i5gb,83,Iranian General Is Killed in Syria,online.wsj.com,http://online.wsj.com/article/SB10001424127887324162304578302530164834200.html?mod=googlenews_wsj
2013-02-14,04:06:25,18gq38,79,UPDATE 1-New SARS-like virus shows person-to-person transmission,reuters.com,http://www.reuters.com/article/2013/02/13/health-virus-new-idUSL5N0BDEJ220130213
