2013-10-27,23:09:58,1pben3,3478,Barack Obama 'approved tapping Angela Merkel's phone 3 years ago',telegraph.co.uk,http://www.telegraph.co.uk/news/worldnews/europe/germany/10407282/Barack-Obama-approved-tapping-Angela-Merkels-phone-3-years-ago.html
2013-10-27,00:24:35,1p9bqw,3067,Scotland to block fracking on environmental grounds,utilityweek.co.uk,http://www.utilityweek.co.uk/news/scotland-to-block-fracking-on-environmental-grounds/934082?#.Umvel5Tk9Sw
2013-10-27,11:43:00,1pamrv,2459,World's first venomous crab found in Australia,news.ninemsn.com.au,http://news.ninemsn.com.au/technology/2013/10/25/12/36/worlds-first-venomous-crab-found-in-wa
2013-10-27,22:22:27,1pbc7w,1123,Why the banker who helped 50 million Bangladeshis out of poverty became his country’s enemy number one,independent.co.uk,http://www.independent.co.uk/news/world/asia/what-did-i-do-wrong-why-the-banker-who-helped-50-million-bangladeshis-out-of-poverty-became-his-countrys-enemy-number-one-8899838.html
2013-10-27,21:38:55,1pba7b,859,NSA: New reports in German media deepen US-Merkel spy row,bbc.co.uk,http://www.bbc.co.uk/news/world-europe-24692908
2013-10-27,21:44:49,1pbagj,853,Angela Merkel demands action from US to rebuild trust: Furious Angela Merkel accuses US of betraying trust of German soldiers that fought and died alongside American allies on the battlefields of Afghanistan by bugging her phone,telegraph.co.uk,http://www.telegraph.co.uk/news/worldnews/europe/germany/10403915/Angela-Merkel-demands-action-from-US-to-rebuild-trust.html
2013-10-27,03:32:28,1p9rxo,744,NSA surveillance: Germany to send intelligence officials to US. Move comes as Der Spiegel reports that Angela Merkel's phone might have been monitored for more than 10 years.,theguardian.com,http://www.theguardian.com/world/2013/oct/26/nsa-surveillance-brazil-germany-un-resolution
2013-10-27,21:27:12,1pb9ps,694,"Dr. Arjun Srinivasan: We’ve Reached “The End of Antibiotics, Period”",pbs.org,http://www.pbs.org/wgbh/pages/frontline/health-science-technology/hunting-the-nightmare-bacteria/dr-arjun-srinivasan-weve-reached-the-end-of-antibiotics-period/
2013-10-27,02:33:20,1p9nxo,603,"The United States may have bugged Angela Merkel's phone for more than 10 years, according to a news report on Saturday that also said President Barack Obama told the German leader he would have stopped it happening had he known about it.",reuters.com,http://www.reuters.com/article/2013/10/26/us-germany-usa-spying-idUSBRE99P08G20131026
2013-10-27,07:54:25,1pa97u,571,"""The U.S. National Security Agency [NSA] sought the Japanese government's cooperation in 2011 over wiretapping fiber-optic cables carrying phone and Internet data across the Asia-Pacific region, but the request was rejected, sources said Saturday [26 October 2013].""",japantimes.co.jp,http://www.japantimes.co.jp/news/2013/10/27/world/nsa-asked-japan-to-tap-regionwide-fiber-optic-cables-in-2011/
2013-10-27,00:20:44,1p9bjp,425,Sweden signs up to UN plan to curb US spying,thelocal.se,http://www.thelocal.se/51026/20131026/
2013-10-27,01:18:31,1p9ew4,328,"UK Muslims are speaking out against a call by al-Shabab for more international ""do it yourself"" attacks",aljazeera.com,http://www.aljazeera.com/indepth/features/2013/10/british-muslims-defiant-over-al-shabab-threat-2013102591313719196.html
2013-10-27,05:18:29,1p9z3n,292,"Australia: The day after bushfires tore through the area, the federal government tightened the rules for disaster payments leaving hundreds of residents who were forced to evacuate without any financial help.",smh.com.au,http://www.smh.com.au/nsw/nsw-bushfire-victims-denied-compensation-under-new-rules-20131026-2w80f.html
2013-10-27,06:33:56,1pa432,285,U.S. Spying Update: Europe Fumes And Protesters Rally In D.C.,npr.org,http://www.npr.org/blogs/thetwo-way/2013/10/26/240981982/u-s-spying-update-europe-fumes-and-protesters-rally-in-d-c
2013-10-27,09:14:03,1pae4n,249,"Germany, Brazil enlist 19 more countries for anti-NSA UN resolution",rt.com,http://rt.com/news/nsa-un-resolution-talks-788/
2013-10-27,12:11:12,1paocb,237,New media report suggests Obama knew NSA spied on Merkel,dw.de,http://www.dw.de/new-media-report-suggests-obama-knew-nsa-spied-on-merkel/a-17185662
2013-10-27,10:09:18,1pahdt,231,"British Gas rakes in £20m profit from overestimated bills, says whistleblower",theguardian.com,http://www.theguardian.com/money/2013/oct/26/british-gas-caroline-flint-credit-windfall
2013-10-27,19:23:59,1pb534,212,Syria submitted chemical arms destruction plan on time: OPCW,dailystar.com.lb,http://www.dailystar.com.lb/News/Middle-East/2013/Oct-27/235913-syria-submitted-chemical-arms-destruction-plan-on-time-opcw.ashx
2013-10-27,15:23:22,1pawvi,178,Ethiopia opens Africa's largest wind farm to boost power production,in.reuters.com,http://in.reuters.com/article/2013/10/26/us-ethiopia-electricity-windpower-idINBRE99P04Z20131026
2013-10-27,01:26:11,1p9j7s,181,"The Israel-Saudi Alliance Against the US-Iran Talks - It’s an odd partnership, but Israel & Saudi Arabia are happily traveling on same path toward confrontation with Iran. Both are bitterly opposed to the growth of Iran’s influence in the region & take hawkish positions on Iran’s nuclear program.",thenation.com,http://www.thenation.com/blog/176836/israel-saudi-alliance-against-us-iran-talks
2013-10-27,01:25:06,1p9j5f,149,Anonymous has been hacking Cambodian government sites in support of popular protests for social justice and an end to corruption in the country.,globalpost.com,http://www.globalpost.com/dispatches/globalpost-blogs/the-grid/anonymous-opcambodiafreedom-targets-cambodian-government-popular-protests
2013-10-27,17:30:27,1pb1fe,140,Car bombs kill at least 42 people in Baghdad,chron.com,http://www.chron.com/news/world/article/Car-bombs-kill-at-least-42-people-in-Baghdad-4929859.php
2013-10-27,12:50:08,1paqeu,128,"After troops leave, U.S. to lose access to Afghan reconstruction projects worth billions",washingtonpost.com,http://www.washingtonpost.com/world/national-security/after-troops-leave-us-to-lose-access-to-afghan-reconstruction-projects-worth-billions/2013/10/26/5a9212a6-3d9c-11e3-b6a9-da62c264f40e_story.html?hpid=z1
2013-10-27,04:03:25,1p9u1e,112,Bulgaria is going to build a wall to stop refugees,norwaytoday.info,http://www.norwaytoday.info/home_view.php?id=7628
2013-10-27,10:27:37,1paifp,92,"Russia reeling from backlash on ""anti-gay laws"" now dealing with charges of ""racism"" in football...",greenwichtime.com,http://www.greenwichtime.com/sports/article/Blatter-says-kick-out-teams-for-fans-racism-4928562.php
2013-10-27,01:51:53,1p9gzm,79,Mount Etna eruption closes air space,independent.ie,http://www.independent.ie/world-news/etna-eruption-closes-air-space-29702575.html
2013-10-27,01:07:35,1p9e9o,78,Inventor of Doner Kebab dies,mirror.co.uk,http://www.mirror.co.uk/news/world-news/kadir-nurman-inventor-doner-kebab-2642169
2013-10-27,09:09:39,1padum,72,"Buenos Aires is switching around 100,000 street lamps to LED technology, cutting energy use by 50%",treehugger.com,http://www.treehugger.com/energy-efficiency/buenos-aires-switching-100000-street-lamps-led-technology-cutting-energy-use-50.html
2013-10-27,09:10:37,1padwx,73,12-year-old boy admits to hacking government sites for Anonymous,theverge.com,http://www.theverge.com/2013/10/26/5031718/12-year-old-boy-admits-to-hacking-government-sites-for-anonymous
2013-10-27,20:37:43,1pb7q2,64,China's Smog Is So Bad You Can See It From Space,businessinsider.com,http://www.businessinsider.com/satellite-images-of-chinas-smog-2013-10
