2013-10-04,20:21:00,1nptwe,3321,Russia stops all adoptions to Sweden due to risk of children getting gay parents.,thelocal.se,http://www.thelocal.se/50596/
2013-10-04,18:37:42,1npqe2,2769,"UFO crashes into London primary school playground: “A very talented parent built the space craft and dressed as forensic detective to help with staging of crash"". Later school received letter of apology from aliens stating they accidently crashed into playground whilst sightseeing in London""",independent.co.uk,http://www.independent.co.uk/news/ufo-crashes-into-london-primary-school-playground-8858451.html
2013-10-04,03:47:32,1no6ki,2254,"99% of Kidnappings in Mexico Went Unreported Last Yr - Thanks to fallout from continued crackdown on illegal drugs, its crime rate—number of crimes per 100 heads—is over 34, a near historic high. No wonder Mexicans are more concerned with security than unemployment, inflation, or health.",qz.com,http://qz.com/131408/99-of-the-more-than-100000-kidnappings-in-mexico-last-year-went-unreported/
2013-10-04,00:22:07,1nnpfc,1593,Ex-NSA/CIA chief Hayden jokes of putting Snowden on kill list,rt.com,http://rt.com/usa/hayden-joke-snowden-rogers-696/
2013-10-04,22:28:33,1npzwc,595,Five stupid things Dread Pirate Roberts did to get arrested: Everyone thought the shady figure behind the Silk Road website was a criminal mastermind. The reality tells a different story,theguardian.com,http://www.theguardian.com/technology/2013/oct/03/five-stupid-things-dread-pirate-roberts-did-to-get-arrested
2013-10-04,03:59:42,1no7r3,579,"Gambia withdraws from Commonwealth, rejects membership of 'neo-colonial institution'",abc.net.au,http://www.abc.net.au/news/2013-10-03/gambia-has-withdrawn-from-the-commonwealth/4997478
2013-10-04,20:10:50,1nptit,542,"Pope Francis: Heads of the Church have often been narcissists, flattered and thrilled by their courtiers. The court is the leprosy of the papacy.”",huffingtonpost.com,http://www.huffingtonpost.com/2013/10/01/pope-francis-interview_n_4023659.html
2013-10-04,03:52:26,1no72a,495,"A court in Saudi Arabia has sentenced a young man to 10 years in prison and 2,000 lashes for dancing naked on the roof of a car.",gulfnews.com,http://gulfnews.com/news/gulf/saudi-arabia/saudi-naked-dancing-youth-gets-10-years-and-2-000-lashes-1.1238748
2013-10-04,20:06:30,1nptdf,482,"""We are not an island. We must not think we can be protected from conflicts"" - President of Germany urges country to play a bigger global role",thelocal.de,http://www.thelocal.de/national/20131004-52229.html
2013-10-04,05:33:17,1nofq4,475,Thousands of pro-Gaddafi Libyans tortured in secret prisons under new regime.,rt.com,http://rt.com/news/torture-commonplace-libyan-prisons-un-605/
2013-10-04,13:22:14,1npdr0,437,TEPCO confirms contaminated water may have flowed into the Pacific Ocean in latest radioactive scare at Fukushima,aljazeera.com,http://www.aljazeera.com/news/asia-pacific/2013/10/tepco-new-leak-at-fukushima-nuclear-plant-20131042347123714.html
2013-10-04,22:10:39,1npywf,413,Russia's Military Is Back-A million men under arms. Thousands of new tanks and planes. A hundred new satellites. Next-generation weapons. Inside Vladimir Putin's $755 billion plan to restore Russian might.,nationalinterest.org,http://nationalinterest.org/commentary/russias-military-back-9181
2013-10-04,23:54:18,1nq5ir,363,NSA and GCHQ target Tor network that protects anonymity of web users,theguardian.com,http://www.theguardian.com/world/2013/oct/04/nsa-gchq-attack-tor-network-encryption
2013-10-04,01:47:54,1nnwbz,308,Japan's Fukushima nuclear plant operator says another tank leaked toxic water,reuters.com,http://www.reuters.com/article/2013/10/03/us-japan-fukushima-water-idUSBRE99200R20131003
2013-10-04,22:32:26,1nq04e,269,Saudi black op team behind Damascus chemical weapons attack – diplomatic sources,rt.com,http://rt.com/news/syria-sarin-saudi-provocation-736/
2013-10-04,08:28:48,1notap,193,"The 12 countries involved in the Trans-Pacific Partnership trade negotiations are now planning to only scrap fishing subsidies that clearly cause overfishing, negotiation sources said Thursday.",japantimes.co.jp,http://www.japantimes.co.jp/news/2013/10/03/business/tpp-countries-to-ban-subsidies-only-when-overfishing-is-feared/#.Uk39RtKGG24
2013-10-04,03:37:42,1no5le,175,Europe's Youth Unemployment Crisis In One Grim Map,businessinsider.com,http://www.businessinsider.com/europes-youth-unemployment-crisis-in-one-grim-map-2013-10
2013-10-04,12:27:08,1npaav,166,"No threat to Qatar's right to host: Fifa will announce Qatar faces no threat to its right to host the 2022 World Cup despite proven bribery, slave labor, extreme heat, and strict Islamist laws",bbc.co.uk,http://www.bbc.co.uk/sport/0/football/24375821
2013-10-04,23:38:58,1nq4gr,164,How Snowden's Email Provider Tried To Foil The FBI Using Tiny Font : The Two-Way : NPR,npr.org,http://www.npr.org/blogs/thetwo-way/2013/10/03/228878659/how-snowdens-email-provider-tried-to-foil-the-fbi-using-tiny-font?utm_content=socialflow&utm_campaign=nprfacebook&utm_source=npr&utm_medium=facebook
2013-10-04,23:26:30,1nq3kl,130,Legendary Vietnam Gen. Vo Nguyen Giap Dies,abcnews.go.com,http://abcnews.go.com/International/wireStory/legendary-vietnam-gen-vo-nguyen-giap-dies-20469851
2013-10-04,01:59:51,1nnxbu,114,Mini-skirt ban prompts protest at Hungarian university,france24.com,http://www.france24.com/en/20131003-mini-skirt-ban-prompts-underwear-protest-hungarian-college
2013-10-04,01:06:35,1nnszp,80,"Japan to pay $3.1bn to remove US troops from Okinawa, will host spy drones",rt.com,http://rt.com/news/japan-usa-okinawa-drones-697/
2013-10-04,14:26:13,1nph7s,68,Lampedusa sinking: Italy mourns up to 300 migrant dead,bbc.co.uk,http://www.bbc.co.uk/news/world-europe-24392732
2013-10-04,05:00:17,1nocw6,67,China Testing New Space Weapons... China conducts satellite capture in space as part of Star Wars military program,freebeacon.com,http://freebeacon.com/china-testing-new-space-weapons/
2013-10-04,06:42:47,1noldm,62,Anger as Apple axes China anti-firewall app,bbc.co.uk,http://www.bbc.co.uk/news/world-asia-china-24383291
2013-10-04,00:53:39,1nnryv,45,Putin says Russia will expand its Arctic presence,bigstory.ap.org,http://bigstory.ap.org/article/putin-says-russia-will-expand-its-arctic-presence
2013-10-04,01:59:43,1nnxbh,50,Egypt plans Gaza intervention if Sinai crisis continues,maannews.net,http://www.maannews.net/eng/ViewDetails.aspx?ID=635479
2013-10-04,05:37:18,1nog3m,42,European organizations file lawsuit against UK over vast digital surveillance,arstechnica.com,http://arstechnica.com/tech-policy/2013/10/european-organizations-file-lawsuit-against-uk-over-vast-digital-surveillance/
2013-10-04,19:47:50,1npsqt,42,Private data gatekeeper stands between you and the NSA,newscientist.com,http://www.newscientist.com/article/mg22029374.600-private-data-gatekeeper-stands-between-you-and-the-nsa.html
2013-10-04,23:39:46,1nq4iu,41,A typo added 10 billion in debt to Spain,finance.yahoo.com,http://finance.yahoo.com/news/typo-adds-10-bn-euros-spanish-debt-142802927.html
