2013-04-11,03:50:00,1c2wdn,2866,"Bitcoin value plummets, losing as much as 41% of its value in a single day",businessinsider.com,http://www.businessinsider.com/bitcoin-plunges-2013-4
2013-04-11,22:43:58,1c4tjy,2810,"Two Norwegian teens return $81,500 found in bag on a train left by elderly passenger",rawstory.com,http://www.rawstory.com/rs/2013/04/11/norwegian-teens-return-81500-found-in-bag-on-a-train-left-by-elderly-passenger/
2013-04-11,00:58:19,1c2i8f,2066,"Anonymous vows justice for Rehtaeh Parsons, 15 year old rape victim who committed suicide. Canadian Police do nothing.",huffingtonpost.ca,http://www.huffingtonpost.ca/2013/04/10/rehtaeh-parsons-suicide-anonymous_n_3052495.html
2013-04-11,21:32:40,1c4pk4,2000,The Pirate Bay kicked out of Greenland in under 48 hours.,theregister.co.uk,http://www.theregister.co.uk/2013/04/11/pirate_bay_domain_pulled/
2013-04-11,15:06:36,1c4bv8,1982,"A woman who died after being refused a potentially lifesaving abortion even while she was having a miscarriage was told that her repeated pleas could not be granted because Ireland is a Catholic country, an inquest has confirmed",nytimes.com,http://www.nytimes.com/2013/04/11/world/europe/religious-remark-confirmed-in-irish-abortion-case.html?
2013-04-11,20:28:18,1c4mv2,1745,"""Italy's 5-Star Movement, led by comic Beppe Grillo, wants to scrap the country's planned purchase of 90 Lockheed Martin Corp F-35 fighter jets and use the savings to help boost the struggling economy, a lawmaker told Reuters on Tuesday [9 April 2013].""",reuters.com,http://www.reuters.com/article/2013/04/09/us-italy-fighterjets-idUSBRE9380S820130409
2013-04-11,00:23:51,1c2fmw,1315,China and Russia urge North Korea to step back from missile launch.,independent.ie,http://www.independent.ie/incoming/china-and-russia-urge-north-korea-to-step-back-from-missile-launch-29187829.html
2013-04-11,01:06:50,1c2iy1,1057,Uzbekistan calls Harlem Shake 'a vortex full of meaninglessness and shamelessness',washingtonpost.com,http://www.washingtonpost.com/blogs/worldviews/wp/2013/04/10/uzbekistan-officials-call-harlem-shake-a-vortex-full-of-meaninglessness-and-shamelessness/
2013-04-11,06:01:16,1c37nf,1021,"'Very high' chance North Korea will fire missile, U.S. and South Korea say",worldnews.nbcnews.com,http://worldnews.nbcnews.com/_news/2013/04/10/17685392-very-high-chance-north-korea-will-fire-missile-us-and-south-korea-say?lite&ocid=msnhp&pos=2
2013-04-11,19:13:24,1c4kg0,1009,Mysterious gigantic stone structure found beneath Sea of Galilee,science.nbcnews.com,http://science.nbcnews.com/_news/2013/04/10/17688598-mysterious-stone-structure-found-beneath-sea-of-galilee?lite
2013-04-11,03:02:40,1c2sfm,713,"Defecting NK Commander confirms rival factions within NK military, pro- and anti-Kim Jong-Un fighting within ranks",news.nationalpost.com,http://news.nationalpost.com/2013/04/10/warring-factions-of-north-korean-army-divided-over-accepting-kim-jong-uns-command-officer-reveals/?
2013-04-11,06:35:52,1c3alk,705,"For the first time in 69 years, there are no American tanks in Europe.",strategypage.com,http://www.strategypage.com/htmw/htarm/articles/20130410.aspx
2013-04-11,21:06:37,1c4od4,488,Beaver Bites Man To Death In Belarus Attack,news.sky.com,http://news.sky.com/story/1076746/beaver-bites-man-to-death-in-belarus-attack
2013-04-11,01:45:50,1c2m4q,345,"Germany owes us 162-billion euros in war damages, say Greeks | World | News",news.nationalpost.com,http://news.nationalpost.com/2013/04/10/dont-mention-the-war-debt-germany-still-owes-greece-162-billion-euros-in-war-damages-explosive-secret-report-claims/
2013-04-11,22:44:53,1c4tm4,339,"Egyptian doctors 'ordered to operate on protesters without anaesthetic'. ""Senior Egyptian army doctors were ordered to operate without anaesthetic on wounded protesters at a military hospital in Cairo during protests against military rule""",guardian.co.uk,http://www.guardian.co.uk/world/2013/apr/11/egypt-doctors-operate-protesters-anaesthetic
2013-04-11,12:10:32,1c416z,322,Japan has inked an agreement with Taiwan to allow Taiwanese vessels to fish within 12 miles from the disputed Diaoyu Islands in a surprise deal that has shaken China.,timesofindia.indiatimes.com,http://timesofindia.indiatimes.com/world/china/Japan-lets-Taiwan-boats-fish-near-disputed-islands/articleshow/19486971.cms
2013-04-11,12:01:17,1c40hy,325,N. Korea shifts missile locations ahead of imminent launch: sources,english.yonhapnews.co.kr,http://english.yonhapnews.co.kr/national/2013/04/11/3/0301000000AEN20130411003100315F.HTML
2013-04-11,13:50:06,1c47u9,290,"""DPRK's nuclear shower will break the U.S. nuclear umbrella so mercilessly that the warmongers cannot even repent of anything.""",rodong.rep.kp,http://www.rodong.rep.kp/InterEn/index.php?strPageID=SF01_02_01&newsID=2013-04-09-0026&chAction=T
2013-04-11,00:18:40,1c2f8j,244,"Three years after BP oil spill, USF research finds massive die-off",tampabay.com,http://www.tampabay.com/news/environment/water/gulf-oil-spill-killed-millions-of-microscopic-creatures-at-base-of-food/2113157
2013-04-11,09:42:35,1c3pn5,223,United States and South Korean armed forces placed at 'maximum alert' Watchcon 2,heraldsun.com.au,http://www.heraldsun.com.au/news/world/united-states-and-south-korean-armed-forces-placed-at-maximum-alert-watchcon-2/story-fnd134gw-1226617936354
2013-04-11,14:37:27,1c4ag2,144,North Korea is shifting placement of missiles in an attempt to outwit intelligence,theaustralian.com.au,http://www.theaustralian.com.au/news/world/north-korea-shifts-missiles-in-attempt-to-outwit-intelligence/story-e6frg6so-1226618332121
2013-04-11,00:18:52,1c2f9c,126,"Kim Jong Un, the Nigerian. The mayor of a northern Nigerian town has awarded Supreme Leader Kim honorary citizenship, citing his great wisdom and guiding hand against the imperialist powers.",globalpost.com,http://www.globalpost.com/dispatches/globalpost-blogs/today-north-korea/kim-jong-un-nigeria-north-korea-africa-relations
2013-04-11,18:17:13,1c4it5,128,"Camel gifted to French president is mistaken for food, made into tagine and eaten for dinner",news.nationalpost.com,http://news.nationalpost.com/2013/04/10/camel-gifted-to-french-president-is-mistaken-for-food-made-into-tagine-and-eaten-for-dinner/
2013-04-11,17:32:08,1c4hfh,98,Seoul calls on North to come to bargaining table (Yonhap),english.yonhapnews.co.kr,http://english.yonhapnews.co.kr/northkorea/2013/04/11/0401000000AEN20130411008500315.HTML
2013-04-11,13:54:20,1c482v,88,Top admiral of US Pacific Command worries North Korea crisis could escalate 'pretty quickly' with one miscalculation,csmonitor.com,http://www.csmonitor.com/USA/Military/2013/0409/Top-admiral-worries-North-Korea-crisis-could-escalate-pretty-quickly
2013-04-11,07:19:05,1c3e5t,77,Uruguay to become third American country to legalize gay marriage after Canada and Argentina,washingtonpost.com,http://www.washingtonpost.com/world/the_americas/uruguay-to-become-third-american-country-to-legalize-gay-marriage-after-canada-and-argentina/2013/04/10/4f535372-a22a-11e2-bd52-614156372695_story.html?
2013-04-11,22:53:40,1c4u5y,74,"Former Guatemalan dictator, Efrain Rios Montt, being charged with genocide. First time ever a former head of state is being tried for genocide by a national tribunal.",cnn.com,http://www.cnn.com/2013/04/11/world/americas/guatemala-rios-montt-trial/index.html?hpt=hp_c2
2013-04-11,02:08:24,1c2nzc,70,Finland police say Russia’s President Putin mistakenly placed on criminal blacklist,washingtonpost.com,http://www.washingtonpost.com/world/europe/finland-police-say-russias-president-putin-mistakenly-placed-on-criminal-blacklist/2013/04/10/d1c38640-a1e6-11e2-bd52-614156372695_story.html
2013-04-11,22:55:08,1c4u9v,69,"17-Yr-Old Rehtaeh Parsons Killed Herself After Her High School Ignored Evidence She Was Raped: 'Canadian Liberal strategist, Warren Kinsella, posted an open letter asking Anonymous for help putting pressure on those who stood by while Parsons’ tragedy unfolded.'",thinkprogress.org,http://thinkprogress.org/health/2013/04/10/1848681/rehtaeh-parson-high-school/
2013-04-11,17:57:24,1c4i7y,65,"Honda, Nissan and Toyota announce massive recall",money.cnn.com,http://money.cnn.com/2013/04/11/news/toyota-honda-airbag-recall/index.html?hpt=hp_t1
