2013-01-06,11:22:08,161ijv,1826,"India's Supreme Court commutes death penalty for man who brutally killed 65-year-old woman, raped and stabbed pregnant granddaughter-in-law ",timesofindia.indiatimes.com,http://timesofindia.indiatimes.com/india/SC-commutes-death-penalty-for-man-who-brutally-killed-65-year-old-woman-raped-and-stabbed-pregnant-granddaughter-in-law/articleshow/17906921.cms
2013-01-06,20:58:52,1624yp,1030,UK PM David Cameron warns he is ready to fight another war with Argentina to keep control of Falklands,independent.co.uk,http://www.independent.co.uk/news/uk/politics/cameron-britain-would-fight-another-war-with-argentina-to-keep-the-falkland-islands-8439971.html
2013-01-06,07:44:58,1615s4,742,"""Temperatures in China have plunged to their lowest in almost three decades, cold enough to freeze coastal waters and trap 1,000 ships in ice""",reuters.com,http://www.reuters.com/article/2013/01/05/china-weather-idUSL4N0AA0D820130105
2013-01-06,08:49:26,1619mr,686,Radioactive waste dumped into rivers during decontamination work in Fukushima ,ajw.asahi.com,http://ajw.asahi.com/article/0311disaster/fukushima/AJ201301040058
2013-01-06,00:17:07,160f3a,561,"Cat Caught 'Sneaking' Drill Bits, Files, EarPhones, Phone & Charger Into Brazilian Prison",bbc.co.uk,http://www.bbc.co.uk/news/world-latin-america-20920848
2013-01-06,03:16:49,160p93,491,"Brazilian Girl selling her virginity to raise money for her bedridden mother, and highest bid currently stands at $35,000",ibtimes.co.uk,http://www.ibtimes.co.uk/articles/420194/20130103/high-school-student-rebecca-bernardo-auctions-virginity.htm
2013-01-06,22:23:33,1627fj,447,Banana Republic Justice: Behind The Scenes Of The Pirate Bay Trial,falkvinge.net,http://falkvinge.net/2013/01/06/banana-republic-justice-behind-the-scenes-of-the-pirate-bay-trial/
2013-01-06,10:39:40,161g4r,311,Mass protests against government spread in Iraq  ,latimes.com,"http://www.latimes.com/news/world/worldnow/la-fg-wn-iraq-mass-protests-20130104,0,1775270.story"
2013-01-06,01:33:57,160j1x,288,Pakistan mob mutilate and kills man for 'burning Quran',aljazeera.com,http://www.aljazeera.com/video/asia/2013/01/201315135949131945.html?utm_content=automate&utm_campaign=Trial6&utm_source=NewSocialFlow&utm_term=plustweets&utm_medium=MasterAccount
2013-01-06,18:35:24,1621li,267,"Syrian President Bashar al-Assad made his first public appearance in months on Sunday, calling for a ""full national mobilization"" to fight against rebels he described as al Qaeda terrorists.",reuters.com,http://www.reuters.com/article/2013/01/06/us-syria-crisis-assad-idUSBRE90503C20130106
2013-01-06,08:46:56,1619hh,175, Honduran ambassador to Colombia sacked after wild party,bbc.co.uk,http://www.bbc.co.uk/news/world-latin-america-20924590
2013-01-06,22:17:52,162782,164,"The father of an Indian student whose brutal rape provoked a global outcry said he wanted her name made public so she could be an inspiration to victims of sexual assault, a call that was quickly taken up by social media users and may pressure authorities to allow her identity to be revealed.",news.yahoo.com,http://news.yahoo.com/indian-rape-victims-father-says-wants-her-named-003200102.html
2013-01-06,01:11:45,160htw,100,Chinese anti-corruption drive nets official with 47 mistresses,guardian.co.uk,http://www.guardian.co.uk/world/2013/jan/05/chinese-corruption-crackdown
2013-01-06,19:53:38,1623f6,96,Gérard Depardieu meets Vladimir Putin and gets his Russian passport,guardian.co.uk,http://www.guardian.co.uk/film/2013/jan/06/gerard-depardieu-vladimir-putin-passport
2013-01-06,05:37:53,160y2i,89,"Oldest Swiss bank Wegelin to close after admitting aiding US tax evasion. Founded in 1741, Wegelin pleaded guilty in court to helping wealthy Americans hide their income in secret offshore accounts",guardian.co.uk,http://www.guardian.co.uk/world/2013/jan/04/swiss-bank-wegelin-close-tax-evasion
2013-01-06,21:45:06,162697,86,Somalia Faces Alarming Rise in Rapes of Women and Girls,nytimes.com,http://www.nytimes.com/2011/12/28/world/africa/somalia-faces-alarming-rise-in-rapes-of-women-and-girls.html?pagewanted=all&_r=1&
2013-01-06,16:19:16,161xq3,73,"Indian Government going to recruit 2500 women police officers in Delhi, recommends that all other states bring up women police % up to 33% of police force.",articles.timesofindia.indiatimes.com,http://articles.timesofindia.indiatimes.com/2013-01-05/delhi/36160777_1_women-police-police-stations-women-cops
2013-01-06,21:42:22,162659,70,"Female genital mutilation - unreported, ignored and unpunished | Independent.co.uk",independent.co.uk,http://www.independent.co.uk/news/uk/crime/special-report-female-genital-mutilation--unreported-ignored-and-unpunished-8439824.html
2013-01-06,07:16:24,1613z4,58,"""In yet another incident of the same police station, a woman was raped in 1976 and her case is also awaiting committal.""",timesofindia.indiatimes.com,http://timesofindia.indiatimes.com/city/lucknow/Gang-rape-case-pending-for-37-years/articleshow/17900758.cms
2013-01-06,10:51:35,161gro,58,Pamplona's locksmiths join revolt as banks throw families from their homes,guardian.co.uk,http://www.guardian.co.uk/world/2013/jan/05/pamplona-spain-banks-homes
2013-01-06,13:58:58,161rht,49,India 'kills Pakistani soldier in Kashmir',bbc.co.uk,http://www.bbc.co.uk/news/world-asia-20924816
2013-01-06,07:27:18,1614nz,45,US troops arrive in Turkey to protect it from Syrian scuds as Rebels are posed to capture a key airport from Assad,edition.cnn.com,http://edition.cnn.com/2013/01/04/world/meast/syria-civil-war/index.html
2013-01-06,14:22:25,161soc,22,Why Japan Can't Compete With China:  Tokyo officials are relying on retirees and aging ships to fill a temporary shortfall in coast guard manpower -- a move that reveals the broader limits of Japan's capabilities.,theatlantic.com,http://www.theatlantic.com/international/archive/2013/01/why-japan-cant-compete-with-china/266800/
2013-01-06,14:19:53,161sk1,24,"'Malala survived – that is a big defeat. Now they want to kill many Malalas':  As the Pakistani schoolgirl leaves hospital in Britain, extremists continue their murderous campaign by turning their guns on health workers and teachers",guardian.co.uk,http://www.guardian.co.uk/world/2013/jan/05/malala-pakistan-taliban
2013-01-06,14:51:16,161u3i,22,Pakistan says 1 dead in border clash with India - World - CBC News,cbc.ca,http://www.cbc.ca/news/world/story/2013/01/06/kashmir-india-pakistan-raid.html
2013-01-06,15:33:56,161vx9,23,Indian math genius Ramanujan's theory finally proved right,news.in.msn.com,http://news.in.msn.com/national/indian-math-genius-ramanujans-theory-finally-proved-right
2013-01-06,18:19:44,16216v,25,Live - Syrian President Bashar al-Assad gives TV address,bbc.co.uk,http://www.bbc.co.uk/news/world-middle-east-20925294
2013-01-06,01:24:40,160ijv,20,"London Real Estate, Magnet for Mega-Rich From Around Globe - In most of UK, property prices are slumping. But in London's most upscale neighborhoods, they're going crazy.  What went for $700,000 in 1990s,  now cost $13 million — or 8 million British pounds, too much for merely wealthy Britons.
",npr.org,http://www.npr.org/2013/01/05/168627759/london-real-estate-a-magnet-for-mega-rich-from-around-the-globe
2013-01-06,14:25:52,161stp,18,Pakistan Says 1 Dead in Border Clash With India ,abcnews.go.com,http://abcnews.go.com/International/wireStory/pakistan-accuses-india-deadly-cross-border-raid-18142079#.UOkY629rOGQ
2013-01-06,19:50:40,1623c5,17,India and Pakistan exchange fire. Italy and France exchange dirty looks. England and Scotland exchange dental health tips. ,voanews.com,http://www.voanews.com/content/pakistan-india/1578505.html
