2013-08-14,10:02:37,1kbgpp,3704,Every Important Person In Bitcoin Just Got Subpoenaed By New York's Financial Regulator,forbes.com,http://www.forbes.com/sites/kashmirhill/2013/08/12/every-important-person-in-bitcoin-just-got-subpoenaed-by-new-yorks-financial-regulator/
2013-08-14,00:20:24,1ka5ra,3494,"Q&A: Edward Snowden Speaks to NY Times. ""After 9/11 many of the most important news outlets...abdicated their role as a check to power.""",nytimes.com,http://www.nytimes.com/2013/08/18/magazine/snowden-maass-transcript.html?src=twr&_r=0
2013-08-14,19:14:26,1kc979,3376,'Hundreds' dead as Egyptian army opens gun fire on pro-Morsi protesters in Cairo: Bloodshed ensues as military opens fire on protest camps,independent.co.uk,http://www.independent.co.uk/news/world/africa/hundreds-dead-as-egyptian-army-opens-gun-fire-on-promorsi-protesters-in-cairo-8760379.html
2013-08-14,02:02:28,1kadvi,2333,"North Korea changes ruling principles to legitimise succession of power, removing mentions of Communism, North Korea is now a monarchy",scmp.com,http://www.scmp.com/news/asia/article/1296394/democratic-peoples-monarchy-korea-north-korea-changes-ruling-principles
2013-08-14,20:36:40,1kcbyu,1988,Israeli students offered grants if they tweet pro Israel propaganda,independent.co.uk,http://www.independent.co.uk/news/world/middle-east/students-offered-grants-if-they-tweet-proisraeli-propaganda-8760142.html
2013-08-14,22:32:17,1kchlv,1822,"The Church of England has told parishioners that fracking causes environmental problems and risks lasting harm to “God’s glorious creation.""",telegraph.co.uk,http://www.telegraph.co.uk/news/politics/10240773/Fracking-threatens-Gods-glorious-creation.html
2013-08-14,22:07:53,1kcg6p,1750,Sky News cameraman Mick Deane shot dead in Cairo,telegraph.co.uk,http://www.telegraph.co.uk/news/worldnews/africaandindianocean/egypt/10241551/Egypt-troops-clear-Morsi-protests-live.html
2013-08-14,04:18:37,1kapne,1413,"In Switzerland, asylum seekers (almost all of Asian and African descent) will no longer be able to use public libraries, public pools, public playgrounds, or attend church mass. In the name of 'peaceful coexistence'.",telegraph.co.uk,http://www.telegraph.co.uk/news/worldnews/europe/switzerland/10229039/Swiss-authorities-draw-anger-over-segregation-for-asylum-seekers.html?fb
2013-08-14,08:26:42,1kb9qz,1189,Google: Gmail users ‘have no legitimate expectation of privacy’,rt.com,http://rt.com/usa/google-gmail-motion-privacy-453/
2013-08-14,22:33:55,1kchpi,939,"In Russia, American Runner Dedicates Silver Medal to Gay Friends.",en.rian.ru,http://en.rian.ru/sports/20130813/182748399/In-Russia-American-Runner-Dedicates-Silver-Medal-to-Gay-Friends.html
2013-08-14,20:30:54,1kcbqu,585,"Doctors Without Borders pulls out of Somalia: militants, leaders tolerate attacks on NGOs",bigstory.ap.org,http://bigstory.ap.org/article/doctors-without-borders-pulls-out-somalia-militants-leaders-tolerate-attacks-ngos
2013-08-14,07:11:51,1kb42k,471,Iran's President Nominates Female Vice President,huffingtonpost.com,http://www.huffingtonpost.com/2013/08/13/iran-female-vice-president-nominated-hassan-rouhani_n_3750400.html?utm_hp_ref=world
2013-08-14,10:57:50,1kbklb,441,The Taliban have kidnapped a female Afghan MP as she and her children were travelling in a rural area south of the capital Kabul,bbc.co.uk,http://www.bbc.co.uk/news/world-asia-23685833
2013-08-14,20:45:22,1kcc9z,337,"Tourist in Italy buried without family's knowledge after authorities thought he was a ""homeless African immigrant""",thelocal.it,http://www.thelocal.it/20130814/Shock-as-tourist-buried-without-family-knowing
2013-08-14,23:50:57,1kcmrm,325,"""This man tried to kill my wife, then apologised. I had to meet him."" - Mohammad Odeh planted a Hamas bomb that killed nine in Jerusalem. Then he did something terrorists never do: he apologised. David Harris-Gershon, whose wife was injured in the attack, needed to know why.",telegraph.co.uk,http://www.telegraph.co.uk/culture/books/10234370/This-man-tried-to-kill-my-wife-then-apologised.-I-had-to-meet-him.html
2013-08-14,09:49:34,1kbfsd,254,"Web filter at British Library: Sorry, Hamlet is too violent",boingboing.net,http://boingboing.net/2013/08/13/web-filter-at-british-library.html#more-249752
2013-08-14,20:34:59,1kcbw7,214,Doctors Without Borders pulls out of Somalia because of attacks on its staff,hosted.ap.org,http://hosted.ap.org/dynamic/stories/A/AF_SOMALIA_DOCTORS_WITHOUT_BORDERS?SITE=AP&SECTION=HOME&TEMPLATE=DEFAULT
2013-08-14,02:28:16,1kag1s,213,"Two ""European-looking"" men abuse, punch and tear Islamic veil off 16-year-old Muslim girl near Paris",thelocal.fr,http://www.thelocal.fr/20130813/teen-girl-attacked-near-paris-for-wearing-muslim-veil
2013-08-14,23:59:43,1kcneq,186,"A new study paves the way for the next generation of portable water purification devices, which could provide relief to the 780 million people around the world who face every day without access to a clean water supply",phys.org,http://phys.org/news/2013-08-plasma-treated-nano-filters-purify-world.html
2013-08-14,20:35:47,1kcbxc,186,Eurozone comes out of recession. The eurozone has emerged from recession after a record 18 months of economic contraction,bbc.co.uk,http://www.bbc.co.uk/news/business-23692102
2013-08-14,00:36:10,1ka6y0,184,"Experts estimate that 25,000 to 40,000 elephants are being killed annually by poachers, significantly more than are born each year: ""You're never going to stop poaching by just putting new boots in Africa because it's a game of whack-a-mole.""",theguardian.com,http://www.theguardian.com/environment/2013/aug/13/war-african-poaching-militarisation-fail
2013-08-14,19:31:17,1kc9pw,172,Brazil sues Samsung over 'serious' violations at Manaus factory of world's largest smartphone maker.,theguardian.com,http://www.theguardian.com/world/2013/aug/14/brazil-sues-samsung-labour-violations
2013-08-14,23:54:16,1kcn03,172,Israel: Government pays students to fight internet battles,bbc.co.uk,http://www.bbc.co.uk/news/blogs-news-from-elsewhere-23695896
2013-08-14,18:26:35,1kc7jz,115,At least 43 dead as police swoop on pro-Morsi Cairo demos,google.com,http://www.google.com/hostednews/afp/article/ALeqM5in6QCw1dcYxmL9lxCLmUPl4FzZzQ?docId=CNG.0cc12d3e938322fd7912733247f399e0.621
2013-08-14,01:56:29,1kaddb,114,Fukushima: Officials say they don't know how 10 workers at the plant were sprayed with radioactive water recently. The contamination was detected Monday.,csmonitor.com,http://www.csmonitor.com/World/Global-News/2013/0813/Fukushima-nuclear-emergency-stands-2-years-after-quake
2013-08-14,19:39:51,1kc9za,81,"Monkey-christ fresco painter Cecilia Gimenez raises 50,000 euros for charity by charging entry to the church in which her ""restored"" fresco is displayed",bbc.co.uk,http://www.bbc.co.uk/news/world-europe-23693176
2013-08-14,03:29:25,1kalh3,76,"Girl, 7, raped in India train toilet",cnn.com,http://www.cnn.com/2013/08/13/world/asia/india-rape/index.html?hpt=hp_t2
2013-08-14,10:01:35,1kbgnd,70,Bahrain braces for anti-government protests,aljazeera.com,http://www.aljazeera.com/news/middleeast/2013/08/2013813172729338701.html
2013-08-14,21:58:00,1kcfoj,69,Doctors Without Borders pulls out of Somalia because of attacks on their staff,bigstory.ap.org,http://bigstory.ap.org/article/doctors-without-borders-pulls-out-somalia
2013-08-14,14:55:57,1kbzlf,46,Several dead as Egypt clears pro-Morsi rally - Middle East,aljazeera.com,http://www.aljazeera.com/news/middleeast/2013/08/201381452017193693.html
