2013-04-28,10:27:20,1d8y9u,3360,Insecticide firms in secret bid to stop ban that could save bees - Last-ditch lobbying to sway vote in Brussels to halt use of killer nerve agents,guardian.co.uk,http://www.guardian.co.uk/environment/2013/apr/28/europe-insecticides-ban-save-bees
2013-04-28,02:39:26,1d84ak,2879,"American tourist faces death penalty in North Korea for reportedly attempting to overthrow the government by ""taking pictures of homeless children""",guardiannews.com,http://guardiannews.com/world/2013/apr/27/american-death-penalty-north-korea
2013-04-28,20:43:50,1d9njy,2478,Portraits of survivors of the Utøya massacre in Norway - in pictures,guardian.co.uk,http://www.guardian.co.uk/artanddesign/gallery/2013/apr/28/sony-world-photography-awards-anders-behring-breivik?CMP=twt_gu
2013-04-28,16:25:21,1d9gic,901,The Slow and Painful Death of Freedom in Canada,huffingtonpost.ca,http://www.huffingtonpost.ca/adam-kingsmith/the-slow-and-painful-deat_b_2946418.html
2013-04-28,00:19:02,1d7vnk,558,"North Korea, Iran attack Canada’s human rights record at UN forum",news.nationalpost.com,http://news.nationalpost.com/2013/04/26/north-korea-iran-attack-canadas-human-rights-record-at-un-forum/
2013-04-28,17:08:26,1d9hrm,487,British Prime Minister David Cameron abandoned a trip to China planned for this month as Beijing punished him for meeting the Dalai Lama. Cameron is understood to have cancelled the trip after Beijing indicated that he was unlikely to be granted meetings with senior figures.,scmp.com,http://www.scmp.com/news/world/article/1224947/punished-dalai-lama-meeting-british-pm-cancels-beijing-visit
2013-04-28,07:43:10,1d8o5e,467,Iceland Pirate Party may win Parliament seats,ruv.is,http://www.ruv.is
2013-04-28,21:24:14,1d9ora,408,"Iraq Halts TV Channels After Deadly Unrest - It's suspended 10 TV satellite channels including Al-Jazeera, for promoting ""sectarianism"" after 5 days of violence kills over 215 people.",heraldsun.com.au,http://www.heraldsun.com.au/news/breaking-news/iraq-halts-tv-channels-after-deadly-unrest/story-e6frf7k6-1226631163515
2013-04-28,22:44:42,1d9rqp,319,Fight on Mount Everest sparks police probe,france24.com,http://www.france24.com/en/20130428-fight-everest-sparks-police-probe
2013-04-28,15:13:48,1d9dvu,196,"Female rapists abuse soldier for 4 days: A 25-year-old soldier was allegedly kidnapped and detained for four days by suspected female rapists, who are said to have sexually abused him several times before releasing him early this week.",newsday.co.zw,http://www.newsday.co.zw/2013/04/27/female-rapists-abuse-soldier-for-4-days/
2013-04-28,02:38:40,1d848m,194,MPAA Executive Tampered With IFPI Evidence in Internet Piracy Case,torrentfreak.com,http://torrentfreak.com/mpaa-executive-tampered-with-ifpi-evidence-in-internet-piracy-case-130427/?utm_source=dlvr.it&utm_medium=twitter
2013-04-28,08:14:32,1d8q5k,175,Catalonia says no to austerity in standoff with government,guardian.co.uk,http://www.guardian.co.uk/world/2013/apr/12/catalonia-spending-cuts-spain
2013-04-28,09:51:50,1d8w4w,144,"Two factory bosses and two engineers were detained in Bangladesh on Saturday, three days after the collapse of a building killed at least 352 people. The owner of the eight-storey building that fell like a pack of cards around more than 3,000 mainly young women workers was still on the run.",reuters.com,http://www.reuters.com/article/2013/04/27/us-bangladesh-building-idUSBRE93N06P20130427?feedType=RSS&feedName=topNews&utm_source=feedly
2013-04-28,23:34:40,1d9u2j,126,NYT: Islamist Rebels Create Dilemma on Syria Policy,nytimes.com,http://www.nytimes.com/2013/04/28/world/middleeast/islamist-rebels-gains-in-syria-create-dilemma-for-us.html?hpw&_r=1&&pagewanted=all
2013-04-28,19:12:55,1d9l3t,95,"Gunshots fired near Italy prime minister's office, injuries",reuters.com,http://www.reuters.com/article/2013/04/28/us-italy-vote-gunshots-idUSBRE93R02S20130428?feedType=RSS&feedName=topNews
2013-04-28,11:12:21,1d90yj,98,Are Kosovo’s Leaders Guilty of War Crimes? : Were Serbs shipped to Albania and Organs harvested for sale.,newyorker.com,http://www.newyorker.com/reporting/2013/05/06/130506fa_fact_schmidle
2013-04-28,06:31:51,1d8jgq,86,Study: 45 percent of Bitcoin exchanges end up closing,arstechnica.com,http://arstechnica.com/business/2013/04/study-45-percent-of-bitcoin-exchanges-end-up-closing/
2013-04-28,04:26:31,1d8b64,89,Residents of a number of Sunni cities in Iraq have announced the formation of “military forces” to counter attack the Iraqi army and its crackdown against anti-government protesters,english.alarabiya.net,http://english.alarabiya.net/en/News/middle-east/2013/04/25/Iraqi-official-says-Hawija-incident-harms-army-s-image.html
2013-04-28,05:12:11,1d8e5y,76,Almost 30 Anti-Putin Protesters Detained on Red Square,en.ria.ru,http://en.ria.ru/russia/20130427/180879799/Almost-30-Anti-Putin-Protesters-Detained-on-Red-Square.html
2013-04-28,02:01:19,1d81v0,69,'It was raining money': Residents of Belgian town scoop up thousands of euros after crooks hurl safe from getaway car (and ignore police pleas to return cash),dailymail.co.uk,http://www.dailymail.co.uk/news/article-2315381/It-raining-money-Belgians-scoop-thousands-euros-crooks-hurl-safe-getaway-car.html
2013-04-28,04:34:35,1d8boz,72,"Argentina takes on vulture funds in ""debt trial of the century""",yesmagazine.org,http://www.yesmagazine.org/peace-justice/argentina-takes-on-vulture-funds?utm_source=wkly20130426&utm_medium=email&utm_campaign=titleLeCompte
2013-04-28,23:56:53,1d9v8o,61,Axed Russian Winter Olympics official 'poisoned' | World news,guardian.co.uk,http://www.guardian.co.uk/world/2013/apr/28/axed-russian-winter-olympics-official-poisoned
2013-04-28,20:56:51,1d9nwk,55,German Security Officials Fear Return of Syrian War Veterans - It's believed a number of Germans have teamed up with radical Islamists on the frontlines in Syria. What worries them most are the training & ties they've gained abroad -- & if they'll continue the jihad once home.,spiegel.de,http://www.spiegel.de/international/world/german-officials-fear-return-of-islamist-fighters-in-syria-a-896745.html?1
2013-04-28,00:25:21,1d7w06,45,"Chemical Weapons Claims 'Barefaced Lie', Says Syrian Minister",naharnet.com,http://www.naharnet.com/stories/en/81090-chemical-weapons-claims-barefaced-lie-says-syrian-minister
2013-04-28,11:57:20,1d93p2,37,Spain is beyond doomed - Unemployment charts,theatlantic.com,http://www.theatlantic.com/business/archive/2013/04/spain-is-beyond-doomed-the-2-scariest-unemployment-charts-ever/275324/
2013-04-28,11:49:36,1d937g,34,Poachers wipe out rhino in Mozambique park,news24.com,http://www.news24.com/Green/News/Poachers-wipe-out-rhinos-in-Mozambique-20130426
2013-04-28,19:59:33,1d9md1,29,Building collapses in French city of Reims a - BBC News,bbc.co.uk,http://www.bbc.co.uk/news/world-europe-22328568
2013-04-28,07:06:26,1d8lpt,26,Cancer is threatening to overwhelm Latin American countries health systems,bbc.co.uk,http://www.bbc.co.uk/news/health-22291576
2013-04-28,00:41:57,1d7wxf,25,Iraq PM Maliki warns of 'plague of sectarianism',bbc.co.uk,http://www.bbc.co.uk/news/world-middle-east-22323144
2013-04-28,10:25:26,1d8y5i,23,Syrian sarin claims undermined by eyewitness accounts - Description of attack in which six rebels died adds to uncertainty about claims that sarin has been used in the conflict,guardian.co.uk,http://www.guardian.co.uk/world/2013/apr/28/syrian-nerve-gas-claims-eyewitness
