2013-12-25,01:59:50,1tmah4,3294,Libraries in Canada holding irreplaceable scientific data and books being quietly dismantled under the Harper government.,m.thetyee.ca,http://m.thetyee.ca/News/2013/12/23/Canadian-Science-Libraries/?fb_action_ids=10152087248771014&fb_action_types=og.recommends&fb_source=other_multiline&action_object_map=%255B693130844065707%255D&action_type_map=%255B%2522og.recommends%2522%255D&action_ref_map=%255B%255D
2013-12-25,13:00:36,1tnlox,2477,Kim Jong-un tells North Korean army to ready for combat,aljazeera.com,http://www.aljazeera.com/news/asia-pacific/2013/12/kim-tells-n-korean-army-ready-combat-201312253919159350.html
2013-12-25,12:51:16,1tnl2a,1782,Secret 'pro-Japanese' family history of North Korean leader Kim Jong-un revealed; makes him liable for execution as per Korean law for being the criminal’s third generation,koreatimes.co.kr,http://www.koreatimes.co.kr/www/news/nation/2013/12/511_148516.html
2013-12-25,21:24:57,1to6no,1666,"Pope Francis has addressed his first Christmas message to every man or woman ""who hopes for a better world, who cares for others while humbly seeking to do his or her duty"".",theguardian.com,http://www.theguardian.com/world/2013/dec/25/pope-christmas-message-better-world
2013-12-25,07:58:15,1tn2b1,1541,Imprisoned Pussy Riot members underwent daily ‘forced gynecological examinations’,rawstory.com,http://www.rawstory.com/rs/2013/12/24/imprisoned-pussy-riot-members-underwent-daily-forced-gynecological-examinations/
2013-12-25,00:08:26,1tm1rv,1403,"Edward Snowden to broadcast Channel 4's alternative Christmas Day message: NSA whistleblower records message from Russia, filmed by Laura Poitras, warning of the dangers of a loss of privacy",theguardian.com,http://www.theguardian.com/world/2013/dec/24/edward-snowden-channel-4-christmas-day-message
2013-12-25,22:20:56,1to8vw,1326,43 brave Indian soldiers held back 2000-strong mob in South Sudan.,indiatoday.intoday.in,http://indiatoday.intoday.in/story/bodies-of-peacekeepers-killed-in-sudan-to-be-brought-to-india-today/1/332462.html
2013-12-25,03:08:24,1tmfyg,1317,‘Go away Cameron!’ Browser extension bypasses UK govt’s porn filter,rt.com,http://rt.com/news/extension-bypasses-filter-cameron-723/
2013-12-25,21:39:42,1to76y,973,"New Tapir Species Discovered in Amazon Rainforest of Brazil & Colombia – It's the 1st tapir discovery since 1865 & 1st time in 100 yrs a new species has been found in the Perissodactyla order, which includes rhinos, & horses.",ens-newswire.com,http://ens-newswire.com/2013/12/24/new-tapir-species-discovered-in-the-amazon/
2013-12-25,22:00:38,1to7zm,819,"Antarctic Expedition Scientists Trapped in Ice, Sends Distress Call - Team retracing footsteps of the Australasian Antarctic Expedition of 1911. A Chinese ship is closest & will take over a day to reach them some 1,500 nautical miles. French, Antarctic, & Australian icebreakers also on way.",theguardian.com,http://www.theguardian.com/world/2013/dec/25/antarctic-expedition-scientists-trapped-ice
2013-12-25,23:25:57,1toc2i,482,"Antigovernment Activist Beaten in Ukraine - A crusading antigovernment journalist and activist in Ukraine, who became famous last year after documenting the opulence of the heavily guarded residential compound of President Viktor F. Yanukovich, was savagely beaten early Wednesday morning.",nytimes.com,http://www.nytimes.com/2013/12/26/world/europe/ukraine.html?partner=rss&emc=rss&smid=tw-nytimes&_r=0
2013-12-25,03:33:06,1tmhyn,381,Billion-dollar climate denial network exposed (Wired UK),wired.co.uk,http://www.wired.co.uk/news/archive/2013-12/21/denial
2013-12-25,05:07:07,1tmpj8,211,Uruguay President Mujica Signs Marijuana Law,abcnews.go.com,http://abcnews.go.com/International/wireStory/uruguay-president-mujica-signs-marijuana-law-21329292
2013-12-25,19:53:10,1to3ok,186,"Turkish economy, interior, environment ministers resign amid graft scandal",hurriyetdailynews.com,http://www.hurriyetdailynews.com/turkish-economy-interior-environment-ministers-resign-amid-graft-scandal.aspx?pageID=238&nID=60102&NewsCatID=338
2013-12-25,23:23:15,1tobxt,151,"Syria's minority Christians under threat from extremist Muslim rebels - Once a safe haven for Middle Eastern Christians, Syria has become a place where Christians are targeted for kidnapping and murder.",globalpost.com,http://www.globalpost.com/dispatch/news/regions/middle-east/syria/131224/syria-minority-christians-under-threat-extremists
2013-12-25,13:07:05,1tnm5l,148,Vatican to open poignant ancient Roman cemetery - An ancient Roman cemetery discovered under a Vatican City car park 60 years ago is to be opened to the public early in 2014.,bbc.co.uk,http://www.bbc.co.uk/news/world-europe-25421841
2013-12-25,20:10:02,1to47n,138,"Turkish Environment Minister announces resignation, calls on PM Erdogan to quit",hurriyetdailynews.com,http://www.hurriyetdailynews.com/environment-minister-bayraktar-announces-resignation-calls-on-pm-erdogan-to-quit.aspx?pageID=238&nID=60118&NewsCatID=338
2013-12-25,20:40:10,1to55k,90,Three Turkish Ministers Step Down Amid Graft Inquiry,nytimes.com,http://www.nytimes.com/2013/12/26/world/europe/turkish-cabinet-members-resign.html
2013-12-25,10:04:57,1tnaha,82,Border police find secret smuggling tunnel in Hong Kong,english.sina.com,http://english.sina.com/china/2013/1224/657942.html
2013-12-25,10:40:56,1tncr8,81,Woman sentenced to 30 years in prison for picking mushrooms with her husband. Thailand.,nationmultimedia.com,http://www.nationmultimedia.com/national/Bail-hopes-rise-for-woman-in-forest-case-30222716.html
2013-12-25,13:11:50,1tnmfn,77,Go Away Cameron: UK's porn filters foiled by Chrome extension (Wired UK),wired.co.uk,http://www.wired.co.uk/news/archive/2013-12/23/go-away-cameron?utm_source=twitterfeed&utm_medium=facebook
2013-12-25,23:13:22,1tobfj,66,Pollution for Shanghai’s Christmas: Heavily-polluted air is expected to greet Christmas today with the Shanghai Environmental Monitoring Center forecasting an air quality index of between 220 and 240.,shanghaidaily.com,http://www.shanghaidaily.com/Metro/environment/Pollution-for-citys-Christmas/shdaily.shtml
2013-12-25,23:28:56,1toc81,57,"Russia's Supreme Court on Wednesday said it will review two convictions against former oil tycoon Mikhail Khodorkovsky, including a ruling the Kremlin critic said was preventing him from returning to Russia despite a presidential pardon.",reuters.com,http://www.reuters.com/article/2013/12/25/us-russia-khodorkovsky-idUSBRE9BO07M20131225?feedType=RSS&feedName=worldNews
2013-12-25,00:18:49,1tm2kb,55,"""We counted ourselves and found we were 252. Then they put guns in through the windows and started to shoot us."" - The Guardian reports from South Sudan on the brutal and sudden descent into civil war.",theguardian.com,http://www.theguardian.com/world/2013/dec/23/south-sudan-state-that-fell-apart-in-a-week?CMP=EMCNEWEML6619I2
2013-12-25,01:05:25,1tm630,52,"Turkey's president pledged on Tuesday there would be no cover-up in a high-level corruption case, despite a government-ordered purge of police investigating it that drew protests at home and a caution from the European Union.",in.reuters.com,http://in.reuters.com/article/idINL6N0K31Q320131224?irpc=932
2013-12-25,00:02:14,1tm1bi,43,Gaza sniper kills Israeli across border fence,dailystar.com.lb,http://www.dailystar.com.lb/News/Middle-East/2013/Dec-24/242217-gaza-sniper-kills-israeli-across-border-fence.ashx#axzz2oOkHPTo6
2013-12-25,18:43:11,1to1m4,37,Chinese smugglers 'dig tunnel to Hong Kong',bbc.co.uk,http://www.bbc.co.uk/news/world-asia-china-25514768
2013-12-25,13:55:36,1tnp5j,39,Thousands of London police staff set to join firefighters in New Year's Eve strike,independent.co.uk,http://www.independent.co.uk/news/uk/home-news/thousands-of-police-staff-set-to-join-firefighters-in-new-years-eve-strike-9024417.html
2013-12-25,06:04:33,1tmtzs,40,Israeli forces demolish Palestinian properties in Jordan Valley,maannews.net,http://www.maannews.net/eng/ViewDetails.aspx?ID=659686
2013-12-25,17:46:10,1tnzry,35,"A car bomb near a church in Baghdad has killed at least 12 people as Iraqi Christians celebrated Christmas, officials say.",bbc.co.uk,http://www.bbc.co.uk/news/world-middle-east-25514687#TWEET994736
