2013-08-10,06:11:20,1k1un7,2883,"Study: In Switzerland, Marijuana Use Helps Keep Prisons Calm and Safe -- The Swiss prison guards agree that marijuana use among inmates is a good thing, and cracking down on consumption would have more negative effects than positive ones",alternet.org,http://www.alternet.org/drugs/switzerland-marijuana-use-helps-keep-prisons-calm-and-safe
2013-08-10,21:13:17,1k33iw,2542,"New evidence was unveiled Thursday that Japan’s imperialist army directly managed Asian women for sexual slavery, dealing a fresh blow to Tokyo’s denials of responsibility.",thejakartapost.com,http://www.thejakartapost.com/news/2013/08/09/s-korea-unveils-new-evidence-japan-s-wartime-sexual-enslavement.html
2013-08-10,20:03:20,1k31fk,2233,"A volcano has erupted in central Indonesia, spewing ash and rocks, killing five people",bbc.co.uk,http://www.bbc.co.uk/news/world-asia-23646467#TWEET851552
2013-08-10,20:47:15,1k32pc,1356,"Pakistani troops violate ceasefire with India again, fire over 7,000 rounds of ammunition in 7 hours",timesofindia.indiatimes.com,http://timesofindia.indiatimes.com/india/Pakistani-troops-violate-ceasefire-again-fire-over-7000-rounds-of-ammunition-in-7-hours/articleshow/21739333.cms
2013-08-10,21:20:53,1k33r5,1276,"'Swedish men told to beware testicle-munching fish.' Experts have warned Swedish men to keep their swimming trunks on if taking a dip in a sound off the country's southern coast, after a South American fish known for attacking testicles was discovered in the area",telegraph.co.uk,http://www.telegraph.co.uk/news/worldnews/europe/sweden/10234986/Swedish-men-told-to-beware-testicle-munching-fish.html
2013-08-10,23:28:28,1k38lh,1180,Radioactive water overruns Fukushima barrier,rt.com,http://rt.com/news/fukushima-water-overrun-barrier-335/
2013-08-10,11:54:30,1k2hh9,978,"Vietnamese Men Emerge From Jungle 40 Years After War, Have Had No Contact With Outside World -- ""In the midst of the Vietnam War, after a bomb destroyed his family home and killed his wife and two of his sons, a desperate father grabbed his infant boy and fled into the forest""",huffingtonpost.com,http://www.huffingtonpost.com/2013/08/08/vietnam-men-lived-in-jungle-40-years-war_n_3726674.html
2013-08-10,19:27:12,1k30g5,938,2 face charges in case of Canadian girl who hanged self after alleged rape,edition.cnn.com,http://edition.cnn.com/2013/08/08/world/americas/canada-teen-suicide-arrests/index.html?hpt=wo_c1
2013-08-10,09:40:50,1k298h,807,Indian villagers defeat British billionaire over plans to mine sacred mountain,telegraph.co.uk,http://www.telegraph.co.uk/news/worldnews/asia/india/10234314/Indian-villagers-defeat-British-billionaire-over-plans-to-mine-sacred-mountain.html
2013-08-10,00:43:23,1k14mz,743,"The curious case of Mahdi Hashi. Britain quietly stripped 16 people of their citizenship. Bashi, a social worker in London, vanished and resurfaced months later in US custody.",globalpost.com,http://www.globalpost.com/dispatch/news/regions/europe/united-kingdom/130808/britain-immigration-citizenship-mahdi-hashi
2013-08-10,07:13:31,1k1zet,626,"Syria: Assyrian Christians told 'If you want to come back, convert to Islam, or you will be killed'",christiantoday.com,http://www.christiantoday.com/article/syria.assyrian.christians.told.if.you.want.to.come.back.convert.to.islam.or.you.will.be.killed/33496.htm
2013-08-10,21:38:05,1k34bv,602,Israel’s ultra-Orthodox headed to the army,washingtonpost.com,http://www.washingtonpost.com/world/israels-ultra-orthodox-headed-to-the-army/2013/08/09/c27ef08e-f628-11e2-81fa-8e83b3864c36_story.html?hpid=z4
2013-08-10,01:00:34,1k15xi,438,German companies to automatically encrypt emails,bigstory.ap.org,http://bigstory.ap.org/article/german-companies-automatically-encrypt-emails
2013-08-10,17:19:56,1k2wy7,339,Reactor of India's first indigenous nuclear submarine INS Arihant goes 'critical' (x-post /r/india),timesofindia.indiatimes.com,http://timesofindia.indiatimes.com/india/Reactor-of-Indias-first-indigenous-nuclear-submarine-INS-Arihant-goes-critical/articleshow/21737816.cms
2013-08-10,22:42:34,1k36om,244,Sky’s Court Ordered Piracy Filter Blocks TorrentFreak,torrentfreak.com,http://torrentfreak.com/skys-court-ordered-piracy-filter-blocks-torrentfreak-130809/
2013-08-10,23:07:25,1k37od,216,Crypto experts blast German e-mail providers’ “secure data storage” claim,arstechnica.com,http://arstechnica.com/business/2013/08/crypto-experts-blast-german-e-mail-providers-secure-data-storage-claim/
2013-08-10,03:56:35,1k1juk,171,"France’s $16M Anti-Piracy Agency Has Sent Two Million Warnings, But Only Fined Two People",techcrunch.com,http://techcrunch.com/2013/08/08/frances-anti-piracy-agency-has-sent-2-million-warnings-following-three-strikes-law/
2013-08-10,02:18:45,1k1c1q,169,Israeli Drone Strike Kills 5 in Egypt,nytimes.com,http://www.nytimes.com/aponline/2013/08/09/world/middleeast/ap-ml-egypt-sinai.html
2013-08-10,18:01:40,1k2y7a,142,Two cases bolster suspicion of Mexico's justice system: The collapse of high-profile cases against two well-connected men leaves many dismayed by what they see as enduring dysfunction.,latimes.com,"http://www.latimes.com/news/nationworld/world/la-fg-mexico-justice-20130810,0,1045240,full.story"
2013-08-10,23:50:13,1k39mz,142,Zimbabwe agrees to sell uranium to Iran,mg.co.za,http://mg.co.za/article/2013-08-10-zim-agrees-to-sell-uranium-to-iran
2013-08-10,01:37:39,1k18qi,126,"Israel, Greece, Cyprus sign energy and water deal",timesofisrael.com,http://www.timesofisrael.com/israel-greece-cyprus-sign-energy-and-water-deal/
2013-08-10,03:52:26,1k1jiw,121,IOC calls on Russia to explain its anti-gay law,uk.reuters.com,http://uk.reuters.com/article/2013/08/09/uk-olympics-sochi-ioc-gay-idUKBRE9780GY20130809
2013-08-10,18:48:17,1k2zdv,101,Punks break Myanmar's silence on religious attacks,smh.com.au,http://www.smh.com.au/world/punks-break-myanmars-silence-on-religious-attacks-20130806-2rb5g.html
2013-08-10,06:47:42,1k1xgr,99,"AL-QAIDA PAPERS: The following pages are part of a cache of documents that the Associated Press found on the floor in a building occupied by al-Qaida fighters for almost a year in Timbuktu, Mali. The AP has pieced together the order of the pages as far as possible. [PDF]",hosted.ap.org,http://hosted.ap.org/specials/interactives/_international/_pdfs/al-qaida-papers-how-to-run-a-state.pdf
2013-08-10,08:08:51,1k237k,79,'Golden rice' GM trial vandalised in the Philippines,bbc.co.uk,http://www.bbc.co.uk/news/science-environment-23632042
2013-08-10,11:28:55,1k2fui,77,Liberal Party of Canada Looking to legalize Marijuana?,petition.liberal.ca,http://petition.liberal.ca/end-prohibition/?utm_source=facebook.com&amp;utm_medium=liberal&amp;utm_campaign=marijuana-petition
2013-08-10,19:22:01,1k30bc,63,Police investigate 169 staff over predatory sexual behaviour,theguardian.com,http://www.theguardian.com/uk-news/2013/aug/09/police-169-staff-predatory-sexual-behaviour
2013-08-10,04:44:36,1k1nr6,57,Muslim group allegedly behind acid attack of British Jewish teens,ynetnews.com,"http://www.ynetnews.com/articles/0,7340,L-4415789,00.html"
2013-08-10,07:26:47,1k20f3,53,Mugabe signs secret deal to sell uranium to Tehran,thetimes.co.uk,http://www.thetimes.co.uk/tto/news/world/africa/article3839144.ece
2013-08-10,10:41:51,1k2cy6,55,Australian PM calls out New Corp for unfairly influencing the upcoming election.,theguardian.com,http://www.theguardian.com/world/2013/aug/09/news-corp-go-hard-rudd
