2013-04-18,22:49:13,1clsgr,1776,"Afghan women commit suicide to escape marriage: ""The suicide rate is rising particularly in towns because women are fighting against forced marriages there.""",dw.de,http://www.dw.de/afghan-women-commit-suicide-to-escape-marriage/a-16750044
2013-04-18,01:02:48,1cjf3i,1082,Iran's leader condemns bombing attack in Boston,abcnews.go.com,http://abcnews.go.com/International/wireStory/iran-condemns-boston-criticizes-us-policy-18978304
2013-04-18,01:15:21,1cjg6l,1039,Venezuela's New Leader Just Ordered the Arrest of His Political Rivals,feed.vocativ.com,http://feed.vocativ.com/did-venezuelas-new-leader-just-order-the-arrest-of-his-political-rivals/
2013-04-18,22:42:39,1cls1w,527,A man diagnosed with late stage cancer saves the life of his ambulance driver when the latter had a heart attack while driving the former to a hospital,bbc.co.uk,http://www.bbc.co.uk/news/world-europe-22194267
2013-04-18,06:56:50,1ck9ti,512,"Australian judge overrules ill Jehovah's Witness teenagers wishes, orders blood transfusion",smh.com.au,http://www.smh.com.au/national/teen-witness-must-have-a-transfusion-rules-judge-20130417-2i0lc.html
2013-04-18,14:05:45,1cl72y,507,BBC News - North Korea lists terms for talks with US and S Korea,bbc.co.uk,http://www.bbc.co.uk/news/world-asia-22195453
2013-04-18,19:35:02,1cljuz,468,More Children in Greece Start to Go Hungry,nytimes.com,http://www.nytimes.com/2013/04/18/world/europe/more-children-in-greece-start-to-go-hungry.html?partner=rss&emc=rss&utm_source=feedly&_r=0
2013-04-18,08:13:25,1ckg4n,401,"British woman, 21, faces life in jail after leading vigilante gang who murdered teenager falsely accused of rape",dailymail.co.uk,http://www.dailymail.co.uk/news/article-2310601/Luke-Harwood-murder-Baby-faced-woman-21-faces-life-jail-leading-vigilante-gang-murdered-teenager-falsely-accused-rape.html
2013-04-18,22:31:27,1clrds,388,"Brighton and Hove city council recommended the opening of drug consumption rooms, places where people could inject drugs under medical supervision without fear of prosecution.",bbc.co.uk,http://www.bbc.co.uk/news/uk-22200403
2013-04-18,21:22:43,1clnt7,330,"""I Jumped to Save My Body"": Walmart Slammed Over Nicaragua Stabbings & Bangladesh Fire - Survivors of factory fire & an armed assault calling for Walmart to crack down on abuses in its global supply chain. “We’re making the clothes they’re going to sell, so they've a role in what goes on inside.”",thenation.com,http://www.thenation.com/blog/173921/i-jumped-save-my-body-walmart-slammed-over-nicaragua-stabbings-and-bangladesh-fire
2013-04-18,13:28:35,1cl4nv,322,Indian man killed for trying to protect friend from sexual harassment,ndtv.com,http://www.ndtv.com/article/cities/nagpur-man-killed-for-trying-to-protect-friend-from-sexual-harassment-355585
2013-04-18,06:21:13,1ck6st,277,"In Congo, Babies as Young as Six Months Victims of Rape in War",reuters.com,http://www.reuters.com/article/2013/04/17/us-war-rape-un-idUSBRE93G13U20130417
2013-04-18,22:34:21,1clrju,243,A woman who was convicted of murdering her toddler son and hiding his body has been cleared of all charges,bbc.co.uk,http://www.bbc.co.uk/news/uk-scotland-glasgow-west-22198978
2013-04-18,16:08:21,1cldb4,215,"Pervez Musharraf flees Pakistan court after arrest order - Pakistan's former president rushes out of Islamabad court and into waiting vehicle after being denied bail, say police",guardian.co.uk,http://www.guardian.co.uk/world/2013/apr/18/pervez-musharraf-pakistan
2013-04-18,21:33:57,1cloc1,214,Transgender for president? Pakistanis challenge stereotypes in elections,english.alarabiya.net,http://english.alarabiya.net/en/News/world/2013/04/18/Transgender-candidates-stake-claim-in-Pakistan-vote-.html
2013-04-18,05:18:14,1ck170,190,"President of Ecuador, Rafael Correa, has 90 percent public approval rating, which puts him first in a survey regarding two dozen leaders of the region",plenglish.com,http://www.plenglish.com/index.php?option=com_content&task=view&id=1321891&Itemid=1
2013-04-18,01:28:14,1cjhe0,153,North Korean reveals cannibalism is common after escaping starving state,express.co.uk,http://www.express.co.uk/news/world/392610/North-Korean-reveals-cannibalism-is-common-after-escaping-starving-state
2013-04-18,22:50:16,1clsiw,146,Ghana seizes 1m faulty condoms imported from China,guardian.co.uk,http://www.guardian.co.uk/global-development/2013/apr/18/ghana-seizes-faulty-condoms-imported-china/print
2013-04-18,22:20:49,1clqrx,142,Paraguayan Politician Threatens To Shoot Own Testicles If Son Marries Another Man,latino.foxnews.com,http://latino.foxnews.com/latino/politics/2013/04/17/paraguayan-politician-threatens-to-shoot-own-testicles-if-son-marries-another/print
2013-04-18,22:16:24,1clqiq,135,"Was that the president in my Beijing taxi? A rumor that Chinese President Xi Jinping traveled undetected among the commoners of Beijing sparked enormous interest, echoing popular lore of Chinese emperors moving about in disguise",csmonitor.com,http://www.csmonitor.com/World/Global-News/2013/0418/Was-that-the-president-in-my-Beijing-taxi?nav=88-csm_category-leadStory
2013-04-18,15:34:05,1clbrn,116,A UK man paralysed from the neck down is taking up the legal challenge previously mounted by the late Tony Nicklinson for the right-to-die with the help of a doctor,bbc.co.uk,http://www.bbc.co.uk/news/uk-22191059#
2013-04-18,12:24:18,1cl06p,123,Chinese authorities suspect human-to-human transmission of H7N9 avian flu,qz.com,http://qz.com/75738/chinese-authorities-cant-rule-out-human-to-human-bird-flu-transmission/
2013-04-18,02:42:23,1cjnps,120,The Poverty Lie: How Europe's Crisis Countries Hide their Wealth. How fair is the effort to save the euro if the people living in the countries that receive aid are wealthier than the citizens of donor countries like Germany?,spiegel.de,http://www.spiegel.de/international/europe/poor-germany-it-is-time-for-a-debate-on-euro-crisis-burden-sharing-a-894398.html
2013-04-18,13:47:25,1cl5w3,114,Japan island rocked by 30 quakes,bangkokpost.com,http://www.bangkokpost.com/news/asia/345780/japan-island-rocked-by-30-quakes
2013-04-18,03:57:39,1cju7z,111,"200 US troops ordered to Jordan by Defense Secretary Chuck Hagel, to 'be ready for military action'",wptv.com,http://www.wptv.com/dpp/news/world/200-us-troops-ordered-to-jordan-by-defense-secretary-chuck-hagel-to-be-ready-for-military-action
2013-04-18,01:13:13,1cjfzf,102,Israel Fines and Detains Palestinians for Flying Palestinian Flags on Their Cars,tikkun.org,http://www.tikkun.org/tikkundaily/2013/04/17/israel-fines-and-detains-palestinians-for-flying-palestinian-flags-on-their-cars/
2013-04-18,15:52:13,1clclk,101,'The sun will still rise tomorrow': NZ MP hits out at anti-gay marriage 'bullies',theage.com.au,http://www.theage.com.au/world/the-sun-will-still-rise-tomorrow-nz-mp-hits-out-at-antigay-marriage-bullies-20130418-2i1rm.html
2013-04-18,05:15:09,1ck0xd,85,"BBC News - Syria crisis: Bashar al-Assad says West will ""pay price"" for its support of rebels in Syria",bbc.co.uk,http://www.bbc.co.uk/news/world-middle-east-22193054
2013-04-18,13:38:08,1cl5b1,78,US refuses to recognize Maduro until recount takes place,bbc.co.uk,http://www.bbc.co.uk/news/world-latin-america-22194611
2013-04-18,22:16:27,1clqiv,52,Scientist jailed for faking research data,scotsman.com,http://www.scotsman.com/the-scotsman/scotland/scientist-jailed-for-faking-research-data-1-2898750
