2013-04-15,19:55:22,1cds60,2790,"Saudi Arabian billionaire Prince AlWaleed bin Talal, a nephew of King Abdullah, has thrown his support behind allowing Saudi women to drive, saying it makes economic sense",reuters.com,http://www.reuters.com/article/2013/04/15/us-saudi-driving-idUSBRE93E0DB20130415
2013-04-15,19:31:16,1cdrdb,2494,"""Saddam's marsh drainage project was war by other means"" - Some 2 decades after the drainage of Mesopotamian marshes of Iraq by Hussein, the area is buzzing with life again after much of what was once the world's 3rd largest wetland is restored to some of its former glory.",guardian.co.uk,http://www.guardian.co.uk/environment/2013/apr/15/azzam-alwash-goldman-prize
2013-04-15,04:37:53,1ccaty,2217,Director Ken Loach on Margaret Thatcher Funeral: “Let’s privatise her funeral. Put it out to competitive tender and accept the cheapest bid. It’s what she would have wanted.”,movies.yahoo.com,http://movies.yahoo.com/blogs/movie-talk/angel-share-director-ken-loach-slams-margaret-thatcher-233352271.html
2013-04-15,21:42:16,1cdwc6,2201,Price of Gold Collapses....investors panic.,cnbc.com,http://www.cnbc.com/id/100640665
2013-04-15,05:26:44,1cceft,2136,"Financial crisis caused by too many bankers taking cocaine, says former drugs tsar",telegraph.co.uk,http://www.telegraph.co.uk/finance/financialcrisis/9993266/Financial-crisis-caused-by-too-many-bankers-taking-cocaine-says-former-drugs-tsar.html
2013-04-15,12:52:47,1cdak7,1907,Nicolás Maduro has been elected President of Venezuela,cepr.net,http://www.cepr.net/index.php/blogs/the-americas-blog/
2013-04-15,19:23:04,1cdr4m,1744,"Chinese vessel that hit protected reef in Philippines held even more environmental destruction inside: over 10,000 kg (22,000 lbs) of meat from the protected pangolin. 400 boxes, each containing 25-30 kg frozen pangolins, found. Rising demand & lax laws are wiping out the toothless anteaters.",news.yahoo.com,http://news.yahoo.com/boat-filled-protected-species-hits-coral-reef-094802333.html
2013-04-15,03:19:17,1cc50k,1317,NASA plans to capture an asteroid and set it into orbit around the moon,news.nationalgeographic.com,http://news.nationalgeographic.com/news/2013/04/130410-asteroid-recovery-nasa-space-budget-science/?utm_source=Twitter&utm_medium=Social&utm_content=link_tw20130414news-aster2&utm_campaign=Content
2013-04-15,09:35:48,1ccwds,1194,"North Korean leader makes first appearance in weeks, pays tribute to late grandfather, father at mausoleum",english.yonhapnews.co.kr,http://english.yonhapnews.co.kr/northkorea/2013/04/15/39/0401000000AEN20130415000300315F.HTML
2013-04-15,11:40:48,1cd5il,667,"Russian MPs have given initial approval to an anti-blasphemy law with tougher jail terms or fines for anyone found guilty of offending religious feelings. Some activists warned that ""insults to believers"" might include the teaching of evolution or the Big Bang theory",bbc.co.uk,http://www.bbc.co.uk/news/world-europe-22090308
2013-04-15,22:04:05,1cdxdh,600,Norway to build first ever tunnel for ships,sbs.com.au,http://www.sbs.com.au/news/article/1756376/Norway-wants-to-build-worlds-first-tunnel-for-ship
2013-04-15,04:47:34,1ccbi7,594,"Justin Bieber has caused outrage with his message in a guestbook at the Anne Frank Museum, saying he hoped the Holocaust victim would have been a fan.",bbc.co.uk,http://www.bbc.co.uk/news/world-europe-22146859
2013-04-15,00:09:59,1cbsyc,523,Kerry offers to withdraw US missile defenses and military presence in exchange for China's support on North Korea.,nytimes.com,http://www.nytimes.com/2013/04/14/world/asia/kerry-in-china-seeking-help-on-north-korea.html?hp&_r=0&gwh=9001FBC30FEED367657BAF3516F92225
2013-04-15,21:49:34,1cdwov,479,"£10 million pound cost of Margaret Thatcher's funeral ""asking for trouble""",independent.co.uk,http://www.independent.co.uk/news/uk/home-news/bishop-rt-rev-tim-ellis-warns-that-10m-costof-margaret-thatchers-funeral-is-asking-for-trouble-8572587.html
2013-04-15,03:14:49,1cc4po,410,Black workers 'banned from Gare du Nord during Israeli president visit',telegraph.co.uk,http://www.telegraph.co.uk/news/worldnews/europe/france/9993264/Black-workers-banned-from-Gare-du-Nord-during-Israeli-president-visit.html
2013-04-15,14:43:16,1cdh4i,368,Protesters in Spain call for end to monarchy,aljazeera.com,http://www.aljazeera.com/news/europe/2013/04/2013414182728336313.html
2013-04-15,06:13:18,1cchqz,361,"Climate Change skeptic, Lord Monckton, demands apology from prominent climate scientists after having his views mocked, ""In saying I have 'no training' he [Professor Renwick] has lied. I have a Cambridge degree in classical architecture.""",stuff.co.nz,http://www.stuff.co.nz/marlborough-express/news/national-news/8545516/Sceptics-ire-amuses-but-views-retain-sting
2013-04-15,22:09:54,1cdxof,336,North Korea brands US an 'enemy of the state' as South Korean's burn effigies of Kim Jong-un,express.co.uk,http://www.express.co.uk/news/world/392120/North-brands-US-an-enemy-of-the-state-as-South-Korean-s-burn-effigies-of-Kim-Jong-un
2013-04-15,07:44:44,1ccohg,275,Justin Trudeau elected as Liberal party leader [Canada],theglobeandmail.com,http://theglobeandmail.com/news/politics/justin-trudeau-elected-liberal-leader/article11189244/
2013-04-15,21:51:12,1cdwrl,187,Opium poppy cultivation in Afghanistan has been increasing for a third year in a row and is heading for a record high,theglobeandmail.com,http://www.theglobeandmail.com/news/world/afghan-opium-production-increases-for-3rd-year-in-a-row/article11211395/
2013-04-15,10:21:50,1cczs0,169,Teenager exposes India's 'one month wives' sex tourism,telegraph.co.uk,http://www.telegraph.co.uk/news/worldnews/asia/india/9993453/Teenager-exposes-Indias-one-month-wives-sex-tourism.html
2013-04-15,10:24:23,1cczyj,149,"Synthetic kidney could soon be ready for first human transplant: A synthetic kidney made from a patient’s own skin cells might soon be ready for the first human transplant following the creation of a similar artificial organ in laboratory animals, scientists have said.",belfasttelegraph.co.uk,http://www.belfasttelegraph.co.uk/news/health/synthetic-kidney-could-soon-be-ready-for-first-human-transplant-29195778.html
2013-04-15,18:22:49,1cdpbb,147,Australia to tackle Japan on whaling at U.N. world court,japantoday.com,http://www.japantoday.com/category/national/view/australia-to-tackle-japan-on-whaling-at-u-n-world-court
2013-04-15,02:26:35,1cc18e,127,Don't underestimate Germany's new anti-euro party,reuters.com,http://www.reuters.com/article/2013/04/14/us-germany-antieuro-party-idUSBRE93D08220130414
2013-04-15,07:30:28,1ccnf7,115,Fears North Korea may mark Kim Il-sung's birthday with missile launch,smh.com.au,http://www.smh.com.au/world/fears-north-korea-may-mark-kim-ilsungs-birthday-with-missile-launch-20130415-2huat.html
2013-04-15,08:25:39,1ccren,116,"Justin Trudeau is elected leader of Liberal Party of Canada with 80% of 100,000 votes- highest in Canadian history",theglobeandmail.com,http://www.theglobeandmail.com/news/politics/justin-trudeau-elected-liberal-leader-in-a-landslide/article11189244/
2013-04-15,02:03:57,1cbzok,100,"A surprising map of the countries where banks are most and least trusted: The most-trusted banks are in India and China, where an estimated 80-83% of people say they trust them. Trust is by far the lowest in Euro",washingtonpost.com,http://www.washingtonpost.com/blogs/worldviews/wp/2013/04/12/a-surprising-map-of-the-countries-where-banks-are-most-and-least-trusted/
2013-04-15,14:35:05,1cdgq5,97,$20b wiped off Australian share market in one day,news.com.au,http://www.news.com.au/business/markets/b-wiped-off-australian-market/story-e6frfm30-1226620849936
2013-04-15,18:59:54,1cdqff,96,Arrested for not smiling - BBC News - Parkinson's sufferers 'face regular discrimination',bbc.co.uk,http://www.bbc.co.uk/news/health-22149790
2013-04-15,05:02:41,1ccclx,78,French religious right promises to spill blood over gay marriage push,americablog.com,http://americablog.com/2013/04/gay-marriage-france-frigide-barjot-hate-crime.html
