2013-10-24,02:17:42,1p28sy,3885,Angela Merkel called Barack Obama today to complain against NSA attempts to eavesdrop on her personal phone. Internal investigations done by german intelligence agencies clearly hinted at US attempts to break into her phone. [Source in German],spiegel.de,http://www.spiegel.de/politik/deutschland/nsa-merkel-beschwert-sich-bei-obama-a-929636.html
2013-10-24,19:41:27,1p4576,3252,U.S.-funded Afghan hospital project paid $500-a-gallon for gas instead of market-rate of $5 …and is still 23 months behind schedule,rawstory.com,http://www.rawstory.com/rs/2013/10/23/u-s-funded-afghan-hospital-project-paid-500-a-gallon-for-gas-instead-of-market-rate-of-5-and-is-still-23-months-behind-schedule/?utm_source=feedburner&utm_medium=feed&utm_campaign=Feed%3A+TheRawStory+%28The+Raw+Story%29
2013-10-24,21:18:54,1p49ej,2831,"Pot growers celebrate as Uruguay legalizes cultivation and consumption of marijuana ""Uruguay is about to go where no country has gone before by legalizing the cultivation and distribution of marijuana, with the left-of-center government regulating all facets of the trade""",washingtonpost.com,http://www.washingtonpost.com/world/pot-growers-celebrate-as-uruguay-legalizes-cultivation-and-consumption-of-marijuana/2013/10/23/f8044fc6-3bfe-11e3-b0e7-716179a2c2c7_story.html?tid=rssfeed
2013-10-24,23:17:15,1p4gdg,2275,"Six months ago, 1,127 Bangladeshi workers were killed in a garment factory collapse. Today, not a single Bangladeshi garment factory has been inspected.",bloomberg.com,http://www.bloomberg.com/news/2013-10-23/factory-deaths-in-bangladesh-fail-to-spur-inspections.html
2013-10-24,03:00:17,1p2cfu,1655,DNA test proves 7 year old girl taken from by police from house in Dublin this week is related to Roma family - The couple have maintained all along that the 7-year-old blonde girl is their daughter,thejournal.ie,http://www.thejournal.ie/tallaght-dna-1144053-Oct2013/
2013-10-24,17:53:14,1p42s3,1638,"""The insolent actions of the USA must be stopped."" ""It is a punch in the face"" - Germany reacts to reports NSA tapped Merkel's phone",thelocal.de,http://www.thelocal.de/national/20131024-52553.html
2013-10-24,00:19:45,1p1z2o,1001,"About 60 to 70 percent of all inmates in France's prison system are Muslim, though Muslims make up only about 12 percent of the country's population",washingtonpost.com,http://www.washingtonpost.com/wp-dyn/content/article/2008/04/28/AR2008042802560.html
2013-10-24,21:07:29,1p48tx,792,Secret memos show that senior Pakistani government officials have for years known of and endorsed CIA drone strikes.,bbc.co.uk,http://www.bbc.co.uk/news/world-asia-24649840
2013-10-24,18:13:43,1p43js,744,Where Do the Dollars For Drone Victims End Up? In the Hands of American NGOs - $40 million allocated never made it to the people who need it the most,alternet.org,http://www.alternet.org/world/compensation-drone-victims
2013-10-24,05:27:53,1p2p9l,506,Giant mirrors installed on Norway mountainside: The massive mirrors will bring winter sunlight to a Norwegian town for the first time,businessinsider.com,http://www.businessinsider.com/giant-mirrors-installed-on-norway-mountainside-2013-10
2013-10-24,08:58:32,1p36k8,418,Al Gore attacks Tony Abbott's refusal to link bushfires with climate change - Nobel laureate likens Australian prime minister to 'pliant politicians' who said tobacco didn't cause lung cancer,theguardian.com,http://www.theguardian.com/environment/2013/oct/24/al-gore-attacks-tony-abbotts-refusal-to-link-bushfires-with-climate-change
2013-10-24,07:50:10,1p3195,393,"German Catholics can only remain in the Church if they pay membership tax, rules court. All Germans who are officially registered as Catholics, Protestants or Jews pay a religious tax, worth an extra 8-9% of their income tax bill.",en.mercopress.com,http://en.mercopress.com/2013/10/23/german-catholics-can-only-remain-in-the-church-if-they-pay-membership-tax-rules-court
2013-10-24,14:55:00,1p3vo6,366,"Two large earth facing sunspots give us both barrels, incoming storm expected",astronomyreport.com,http://www.astronomyreport.com/research/Two_large_earth_facing_sunspots_give_us_both_barrels_incoming_storm_expected.asp
2013-10-24,00:54:18,1p21tm,353,"Footage of Spanish police allegedly beating a man to death in Barcelona's gay quarter has put the spotlight back on the country's ""brutal"" police force",thelocal.es,http://www.thelocal.es/20131023/police-brutality-video-angers-barcelona
2013-10-24,22:06:13,1p4bvi,307,"1,000 year old frozen arrows found preserved in Swedish mountain ice",thelocal.se,http://www.thelocal.se/50982/20131024/
2013-10-24,21:42:37,1p4akm,309,"ATM company Diebold charged with bribery, falsifying docs The charges are in response to ""worldwide pattern of criminal conduct,"" according to a U.S. Attorney",salon.com,http://www.salon.com/2013/10/24/atm_company_diebold_charged_with_bribery_falsifying_docs/
2013-10-24,07:47:33,1p311l,279,West African Inventor Creates a $100 3D Printer from E-Waste,gajitz.com,http://gajitz.com/inventor-creates-a-100-3d-printer-for-future-mars-missions/
2013-10-24,17:22:57,1p41qj,277,Talks to Create World’s 2 Largest Marine Reserves in Antarctic Being Undermined by Last-Ditch Push for “Sunset clause” allowing fishing & oil drilling - Proposal backed by US & NZ would create 1.3m sq km “no take” zone in 1 of last pristine bodies of water in world.,theguardian.com,http://www.theguardian.com/world/2013/oct/24/antarctic-marine-reserve-threat-sunset-clause
2013-10-24,00:36:55,1p20gm,276,Japan plans to blast a hole into an asteroid with their new space cannon,globalpost.com,http://www.globalpost.com/dispatch/news/afp/131023/asteroid-blast-space-cannon-track-japan-scientists-0
2013-10-24,23:48:27,1p4imj,250,Pussy Riot Member Missing Since 10/21,rferl.org,http://www.rferl.org/articleprintview/25143470.html
2013-10-24,06:29:00,1p2umn,158,"Iranian who survived execution will be spared second hanging. The justice minister claims Alireza, found alive in morgue and now on life support, survived penalty so will not be 're-executed'.",theguardian.com,http://www.theguardian.com/world/2013/oct/23/iranian-survived-execution-spared-justice-minister
2013-10-24,22:21:00,1p4cqr,137,"National Trust won't accept wind turbines on its land, might accept fracking.",theguardian.com,http://www.theguardian.com/uk-news/2013/oct/24/national-trust-open-land-fracking
2013-10-24,17:01:58,1p4126,133,World leaders called Obama to ask why he has bugged their phone.,theguardian.com,http://www.theguardian.com/world/2013/oct/23/us-monitored-angela-merkel-german?CMP=fb_gu
2013-10-24,18:47:03,1p44pl,94,Royal Marines ‘murdered man live on camera’: court martial continues.,independent.co.uk,http://www.independent.co.uk/news/uk/crime/marines-murdered-man-live-on-camera-court-martial-sees-graphic-footage-of-execution-of-injured-taliban-fighter-8899912.html
2013-10-24,18:18:45,1p43qd,98,"In China, 'everyone is guilty of corruption'",edition.cnn.com,http://edition.cnn.com/2013/10/23/opinion/china-corrution-lijia-zhang/index.html?hpt=hp_c1
2013-10-24,22:28:24,1p4d7c,67,"A fake priest held hostage the family of Spain's corrupt ex treasurer, demanding a flash drive with secret info which could 'bring down the government'.",thelocal.es,http://www.thelocal.es/20131024/priest-attacks-family-of-spains-most-hated-man
2013-10-24,02:54:30,1p2bxw,62,Experian sells thousands of Personal Identifiable Information to ID thieves in Singapore,arstechnica.com,http://arstechnica.com/security/2013/10/can-we-trust-the-data-brokers-who-store-our-most-intimate-private-details/
2013-10-24,21:53:48,1p4b63,58,US-Student left scarred for life in late-night mob attack three days after arriving in the UK,standard.co.uk,http://www.standard.co.uk/news/crime/student-left-scarred-for-life-in-latenight-mob-attack-three-days-after-arriving-in-the-uk-8898352.html
2013-10-24,08:14:17,1p3356,61,"The Australian Military Accidentally Burns Down 180 Sq Miles of Its Own Country - Someone decided it'd be a good idea to fire live rounds into uber-dry brush after hottest Sept in nation's history. Of all the fires raging the most populous state, this one is the biggest.",motherboard.vice.com,http://motherboard.vice.com/blog/that-time-the-military-burned-down-180-square-miles-of-australia
2013-10-24,13:03:12,1p3p3l,54,Monsanto’s pesticides poisoning Argentina – report,rt.com,http://rt.com/news/monsanto-argentina-health-problems-484/
