2013-06-08,10:32:02,1fwhkx,10155,"""What we have... is... concrete proof of U.S.-based... companies participating with the NSA in wholesale surveillance on us, the rest of the world, the non-American, you and me,"" Mikko Hypponen, chief research officer at Finnish software security firm F-Secure.",reuters.com,http://www.reuters.com/article/2013/06/07/europe-surveillance-prism-idUSL5N0EJ3G520130607
2013-06-08,21:18:45,1fx8b7,1562,Male train drivers in Stockholm have found a novel way to get around a workplace ban on wearing shorts at work. They have taken to wearing skirts to keep cool in train cabs that can reach up to 35C,telegraph.co.uk,http://www.telegraph.co.uk/news/worldnews/europe/sweden/10107704/Stockholms-male-train-drivers-wearing-skirts-to-work.html
2013-06-08,21:17:59,1fx8ai,714,Web inventor Berners-Lee warns forces are 'trying to take control',telegraph.co.uk,http://www.telegraph.co.uk/technology/internet/10107784/Web-inventor-Berners-Lee-warns-forces-are-trying-to-take-control.html
2013-06-08,21:37:15,1fx8wu,628,"""When government officials came to Silicon Valley to demand easier ways for the world's largest Internet companies to turn over user data as part of a secret surveillance program, the companies bristled. In the end, though, many cooperated at least a bit.""",nytimes.com,http://www.nytimes.com/2013/06/08/technology/tech-companies-bristling-concede-to-government-surveillance-efforts.html?pagewanted=all
2013-06-08,07:54:57,1fw77x,580,"More than 100 of the world's most powerful people are at the former manor house near London for a secretive annual gathering, the Bilderberg meeting, that has attained legendary status in the eyes of anti-capitalist protesters and conspiracy theorists.",hosted.ap.org,http://hosted.ap.org/dynamic/stories/E/EU_BRITAIN_SECRETIVE_CONFERENCE?SITE=RIPAW&SECTION=HOME&TEMPLATE=DEFAULT&utm_source=feedly
2013-06-08,09:00:31,1fwbo3,441,Assange: US rule of law suffering 'calamitous collapse',france24.com,http://www.france24.com/en/20130608-assange-us-rule-law-suffering-calamitous-collapse
2013-06-08,05:29:15,1fvw6k,351,"Putin orders crackdown on Islamists, police detain 300 people. ""We must fight back hard against extremists who, under the banners of radicalism, nationalism and separatism, are trying to split our society,"" Putin said",uk.reuters.com,http://uk.reuters.com/article/2013/06/07/uk-russia-islamists-idUKBRE95613I20130607
2013-06-08,01:20:19,1fvba3,353,Archaeologists are working to save a Buddhist site of immense significance in Afghanistan from imminent destruction by a Chinese mining firm.,thediplomat.com,http://thediplomat.com/2013/06/07/saving-the-buddhas-of-mes-aynak/?utm_source=The%20Diplomat%20List&utm_campaign=76a4706423-Diplomat%20Brief%202012%20vol20&utm_medium=email&utm_term=0_359f367095-76a4706423-389990506
2013-06-08,23:08:02,1fxcko,335,Thousands turn out for Tel Aviv Gay Pride Parade,jpost.com,http://www.jpost.com/National-News/LIVE-Thousands-turn-out-for-Tel-Aviv-Gay-Pride-Parade-315802
2013-06-08,10:17:26,1fwgng,283,"“Indeed, when the U.S. says only non-U.S. citizens are targeted in some instances, that certainly suggests that Canadians are a potential target.”",theglobeandmail.com,http://www.theglobeandmail.com/news/world/secret-and-sweeping/article12433947/
2013-06-08,04:18:35,1fvq7y,278,Obama orders US to draw up overseas target list for cyber-attacks,guardian.co.uk,http://www.guardian.co.uk/world/2013/jun/07/obama-china-targets-cyber-overseas
2013-06-08,08:49:40,1fway8,242,Saudi billionaire prince sues Forbes magazine because it understated his wealth by $10 billion,business.financialpost.com,http://business.financialpost.com/2013/06/07/prince-alwaleed-sues-forbes/
2013-06-08,08:48:04,1fwauw,215,"UK government 'complicit' in NSA PRISM spy program, may have bypassed international treaties",zdnet.com,http://www.zdnet.com/u-k-government-complicit-in-nsas-prism-spy-program-7000016544/
2013-06-08,09:19:04,1fwcv2,159,Erdoğan accuses EU members of hypocrisy over Turkey protests - Turkish PM says methods used by Turkish police to quell demonstrations are little different from those used in US and UK,guardian.co.uk,http://www.guardian.co.uk/world/2013/jun/07/erdogan-accuses-eu-hypocrisy-turkey-protests
2013-06-08,04:09:33,1fvpi2,150,Corporate power has turned Britain into a corrupt state: Westminster lobbying is the least of it. Revolving-door colonisation of public life is a corrosive threat to democracy,guardian.co.uk,http://www.guardian.co.uk/commentisfree/2013/jun/04/corporate-britain-corrupt-lobbying-revolving-door
2013-06-08,22:46:12,1fxbmb,126,"Saudi Silence on Deadly MERS Virus Outbreak Frustrates World Health Experts. Middle East respiratory syndrome, a cousin of SARS, has sparked global concern for its pandemic potential, but Saudi Arabia has yet to release information that could help protect the rest of the world.",scientificamerican.com,http://www.scientificamerican.com/article.cfm?id=saudi-silence-on-deadly-mers-virus-outbreak-frustrates-world-health-experts
2013-06-08,07:23:33,1fw4y1,113,British Intelligence watchdog flies to Washington to demand answers on snooping scandal,telegraph.co.uk,http://www.telegraph.co.uk/technology/internet-security/10107059/British-Intelligence-watchdog-flies-to-Washington-to-demand-answers-on-snooping-scandal.html
2013-06-08,01:27:46,1fvbvx,110,"Too many immigrants in France, says ex-PM Fillon - Eyeing his conservative UMP party's nomination for the 2017 presidential election, former prime minister François Fillon said Thursday that France needs to ""reduce the number of immigrants"" it allows into the country.",france24.com,http://www.france24.com/en/20130607-fillon-france-immigration-presidential-election-2017-ump
2013-06-08,00:10:48,1fv5vm,79,Fire at Cattenom nuclear power plant in France (35km from Luxembourg) (French/German article),lessentiel.lu,http://www.lessentiel.lu/fr/news/dossier/cattenom/story/Incendie-a-la-centrale-de-Cattenom-16372485
2013-06-08,08:12:42,1fw8g3,66,"Mars rover, ""Curiosity"" finds evidence of drinkable water on mars.",guardian.co.uk,http://www.guardian.co.uk/science/video/2013/mar/13/curiosity-rover-water-mars-nasa-video
2013-06-08,08:53:55,1fwb87,54,"Don’t dump radioactive groundwater into sea, Fukushima fishermen tell Tepco",japantimes.co.jp,http://www.japantimes.co.jp/news/2013/06/08/national/dont-dump-radioactive-groundwater-into-sea-fukushima-fishermen-tell-tepco/#.UbJychYmzzI
2013-06-08,15:48:59,1fwyyx,39,Turkey protests: Erdogan rejects EU criticism,bbc.co.uk,http://www.bbc.co.uk/news/world-europe-22817460
2013-06-08,14:35:46,1fwvtg,32,"Four-year old Indian girl adopted by Israeli paedophile, Israel feigns helplessness",daily.bhaskar.com,http://daily.bhaskar.com/article/NAT-TOP-four-year-old-indian-girl-adopted-by-israeli-paedophile-israel-feigns-helplessne-4285980-NOR.html
2013-06-08,02:50:35,1fvirl,32,VICE Documentary on Syrian war shot by embedded journalist,vice.com,http://www.vice.com/ground-zero/syria-full-length
2013-06-08,02:04:41,1fvexr,32,France's President Hollande confuses Japan with China - while in Japan.,m.bbc.co.uk,http://m.bbc.co.uk/news/world-asia-pacific-22811106
2013-06-08,20:27:41,1fx6sm,25,The central monitoring system (CMS) of India is an illegal and unconstitutional mitm attack system that does not require any court warrant or permission to engage in e-surveillance.,cjnewsind.blogspot.in,http://cjnewsind.blogspot.in/2013/06/central-monitoring-system-of-india-is.html
2013-06-08,03:18:53,1fvl6g,25,Canadian Soccer Assocation steps in on Quebec turban ban. The Canadian Soccer Association says a provincial association has no right to ban turban-wearing children from playing.,winnipegfreepress.com,http://www.winnipegfreepress.com/sports/soccer/canadian-soccer-assocation-steps-in-on-quebec-turban-ban-210596291.html
2013-06-08,02:16:45,1fvfyh,23,Dog Saves Newborn Baby Tossed In Thailand Garbage Dump,huffingtonpost.com,http://www.huffingtonpost.com/2013/06/06/dog-saves-newborn-baby-thailand_n_3396929.html?utm_hp_ref=canada&ir=Canada&icid=maing-grid7%7Ccanada-toshiba%7Cdl1%7Csec1_lnk2%26pLid%3D324778
2013-06-08,12:34:02,1fwp41,22,Full-Page Ad Inspired By Turkish Protests Is One Of Indiegogo's Fastest Campaigns Ever,forbes.com,http://www.forbes.com/sites/alexkonrad/2013/06/04/full-page-ad-inspired-by-turkish-protests-is-one-of-indiegogos-fastest-campaigns-ever/?utm_campaign=forbestwittersf&utm_source=twitter&utm_medium=social
2013-06-08,22:32:14,1fxb2d,21,Taksim Solidarity on Twitter. This is the group that is speaking for the protesters in Turkey. Protests are still ongoing due to uncompromising government. Follow for most recent updates.,twitter.com,https://twitter.com/TaksimSldrty
