2013-11-26,14:08:19,1rh8ws,4806,"UK Prime Minister David Cameron Announces That Filters Used to Block Porn Will Also Block Websites Espousing ""Extremist"" Views in Order ""to Keep Our Country Safe""",publications.parliament.uk,http://www.publications.parliament.uk/pa/cm201314/cmhansrd/cm131023/debtext/131023-0001.htm#13102356000002
2013-11-26,17:20:05,1rhhze,2918,USA drops case against Wikileaks founder Julian Assange,smh.com.au,http://www.smh.com.au/world/julian-assange-unlikely-to-be-charged-in-us-20131126-2y7uk.html
2013-11-26,19:26:30,1rhmlw,2796,"Pope attacks tyranny of markets, urges renewal in key document: Pope Francis called for renewal of the Roman Catholic Church and attacked unfettered capitalism as ""a new tyranny"", urging global leaders to fight poverty and growing inequality in the first major work he has authored alone as pontiff.",reuters.com,http://www.reuters.com/article/2013/11/26/uk-pope-document-idUKBRE9AP0EO20131126
2013-11-26,03:32:51,1rfr8v,2390,Woman fined $140 a day for refusing to circumcise son. Rabbinical judges in the case said they fear the effect that allowing Israeli Jews to freely decide on the ritual circumcision of their own children might have on the global debate over the issue.,972mag.com,http://972mag.com/woman-fined-140-a-day-for-refusing-to-circumcise-son/82441/
2013-11-26,02:46:20,1rfn31,1686,"Wikipedia's Jimmy Wales in Oxford: Snowden a 'hero'. It's very difficult for me to go to authoritarian countries and say, 'You shouldn’t spy on activists, you shouldn’t censor the internet', when [the US] is complicit in these acts of extraordinary intrusion into people’s personal lives.",theguardian.com,http://www.theguardian.com/world/2013/nov/25/edward-snowden-nsa-wikipedia-founder
2013-11-26,20:53:26,1rhq6b,1255,Japan's lower house of parliament has approved a state secrecy bill that penalizes civil servants who leak secrets and journalists who seek them — a move opponents criticize as a heavy-handed effort by the government to hide what it's doing and suppress press freedom,bigstory.ap.org,http://bigstory.ap.org/article/japan-secrecy-law-stirs-fear-limits-freedoms
2013-11-26,22:30:41,1rhvgf,1095,"Ian Watkins, singer of Welsh rock band Lostprophets, pleads guilty to a series of child sex offences including attempted rape of a baby",bbc.co.uk,http://www.bbc.co.uk/news/uk-wales-25108439
2013-11-26,18:41:42,1rhkzw,587,Canada's Conservatives Are Using Cyberbullying to Normalize Online Surveillance,vice.com,http://www.vice.com/read/the-conservatives-are-using-cyberbullying-to-normalize-online-surveillance
2013-11-26,21:25:30,1rhrqk,464,Prisoners who escaped from a flooded jail at the height of Super Typhoon Haiyan returned after helping their families deal with the storm's aftermath,rappler.com,http://www.rappler.com/move-ph/issues/disasters/typhoon-yolanda/44412-prisoners-return-after-yolanda-typhoon-mass-escape
2013-11-26,03:55:15,1rftav,460,"Up to 15,000 U.S. troops to remain in Afghanistan until 2024",dailymail.co.uk,http://www.dailymail.co.uk/news/article-2510343/Up-15-000-US-troops-remain-Afghanistan-2024.html
2013-11-26,12:28:53,1rh1z1,386,US Working To Kill UN Privacy Resolutions,yro.slashdot.org,http://yro.slashdot.org/story/13/11/26/0133232/us-working-to-kill-un-privacy-resolutions
2013-11-26,02:26:14,1rfl9k,363,"Half Of New Greek HIV Cases Are Self-Inflicted To Receive €700 Per Month Benefits, Study Finds",zerohedge.com,http://www.zerohedge.com/news/2013-11-25/greek-tragedy-half-new-greek-hiv-cases-are-self-inflicted-receive-%E2%82%AC700-month-benefit
2013-11-26,01:13:49,1rfeul,338,Untouchable PhD student kills self over University 'bias',m.timesofindia.com,http://m.timesofindia.com/city/hyderabad/Dalit-PhD-student-kills-self-over-Hyderabad-University-bias/articleshow/26334461.cms
2013-11-26,10:48:40,1rgu0y,287,"EU Commission moves to close corporate tax loophole used by Google, Amazon and Starbucks. Google, Amazon and Starbucks have all been using 'aggressive tax planning'.",independent.co.uk,http://www.independent.co.uk/news/world/europe/eu-commission-moves-to-close-corporate-tax-loophole-used-by-google-amazon-and-starbucks-8963162.html
2013-11-26,20:47:24,1rhpvm,258,German company Solarworld has announced it's acquiring the complete solar business of Bosch. The takeover will result in the first German solar firm with a manufacturing capacity exceeding one gigawatt.,dw.de,http://www.dw.de/germanys-solarworld-takes-over-boschs-solar-business/a-17254364
2013-11-26,00:15:10,1rf9wr,220,"Wary of war, Israeli public gives Iran deal a chance - Going about their business on Monday, Israelis seemed more accepting than their leader, Benjamin Netanyahu, of a nuclear deal with Iran that he rejected as a historic mistake.",reuters.com,http://www.reuters.com/article/2013/11/25/us-iran-nuclear-israel-mood-idUSBRE9AO0LU20131125?feedType=RSS&feedName=worldNews
2013-11-26,03:34:38,1rfrey,187,Afghanistan plans to re-introduce public stoning as punishment for adultery,telegraph.co.uk,http://www.telegraph.co.uk/news/worldnews/asia/afghanistan/10472518/Afghanistan-plans-to-reintroduce-public-stoning-as-punishment-for-adultery.html
2013-11-26,13:20:14,1rh5qw,175,The largest Byzantium monastery in Istanbul will be converted into a mosque,hurriyetdailynews.com,http://www.hurriyetdailynews.com/istanbul-monastery-to-become-mosque.aspx?pageID=238&nID=58526&NewsCatID=341
2013-11-26,20:49:42,1rhpzo,158,"World Health Organisation withdraws claim that half of all new Greek HIV cases self-inflicted, says there was an ""error in the editing phase"" of the report",thepressproject.net,http://www.thepressproject.net/article/51860/WHO-Fail-Claim-that-50-of-new-Greek-HIV-infections-self-inflicted-for-benefits-totally-false
2013-11-26,08:29:07,1rgid6,151,"Egypt bans gatherings of more than 10 people with government approval: The interim president of Egypt, Hazem Beblawi, on Sunday banned public gatherings of more than 10 people without having prior government approval. Punishments for violating the new ban include fines and prison terms.",nydailynews.com,http://www.nydailynews.com/news/world/egypt-bans-gatherings-10-people-article-1.1527886
2013-11-26,19:04:07,1rhls5,144,Headteacher apologises after ordering pupils to attend Islam awareness trip or face punishment for 'racism',secularism.org.uk,http://www.secularism.org.uk/news/2013/11/headteacher-apologises-after-ordering-pupils-to-attend-islam-awareness-trip-or-face-punishment-for-racism
2013-11-26,20:19:27,1rhooc,142,"Scottish National Party releases independence blueprint, calling it a ""mission statement"" for Scotland's future.",bbc.co.uk,http://www.bbc.co.uk/news/uk-scotland-scotland-politics-25088251??
2013-11-26,19:31:47,1rhmt8,137,Changes to Canada's fisheries law alarm biologists - Revisions that take effect today remove protections for 80% of endangered freshwater species.,nature.com,http://www.nature.com/news/changes-to-canada-s-fisheries-law-alarm-biologists-1.14234
2013-11-26,11:30:44,1rgxfy,111,"U.S. says may pull out all troops as Afghan leader holds up deal - Hamid Karzai has refused to sign a security deal with the United States, and Washington may have to resort to the ""zero option"" of withdrawing all American troops from the strife-torn country next year, as it did in Iraq.",reuters.com,http://www.reuters.com/article/2013/11/26/us-afghanistan-usa-idUSBRE9AP03J20131126?feedType=RSS&feedName=topNews&utm_source=dlvr.it&utm_medium=twitter&dlvrit=992637
2013-11-26,01:00:41,1rfdpz,111,India's nuclear scientists keep dying mysteriously,m.vice.com,http://m.vice.com/read/why-are-indian-authorities-ignoring-the-deaths-of-nuclear-scientists
2013-11-26,21:12:16,1rhr1m,92,"CIA turned Guantánamo Bay inmates into double agents, ex-officials claim. Controversial secret programme reportedly turned al-Qaida suspects into spies with lure of freedom, safety for families and millions in cash.",theguardian.com,http://www.theguardian.com/world/2013/nov/26/cia-guantanamo-bay-double-agents
2013-11-26,22:32:59,1rhvla,55,"New Zealand's government sides with Texas oil giant, Anadarko, bans protests around its oil rig",globalpost.com,http://www.globalpost.com/dispatch/news/regions/asia-pacific/131125/surfing-kiwi-protesters-oil-drilling-anadarko
2013-11-26,21:34:36,1rhs7c,54,Reuters: Snowden stashed “doomsday” cache as insurance policy against harm,arstechnica.com,http://arstechnica.com/tech-policy/2013/11/reuters-snowden-stashed-doomsday-cache-as-insurance-policy-against-harm/
2013-11-26,06:40:37,1rg8pw,47,Thousands Protest U.S. Drone War in Pakistan,democracynow.org,http://www.democracynow.org/2013/11/25/headlines/thousands_protest_us_drone_war_in_pakistan#.UpPR0opCbkc.reddit
2013-11-26,12:13:46,1rh0sm,44,BBC News: Modern life 'turning people off sex',bbc.co.uk,http://www.bbc.co.uk/news/health-25094142
