2013-03-13,05:35:59,1a68rt,2355,"Irish college students had 36 hrs to get as far as they could in the world, without spending any money. Some reached Argentina, Australia and Malaysia.",independent.ie,http://www.independent.ie/irish-news/trinity-students-blag-way-around-globe-for-jailbreak-charity-stunt-29122559.html
2013-03-13,21:04:50,1a7o1t,2181,New Zealand gay marriage bill passes,usatoday.com,http://www.usatoday.com/story/news/world/2013/03/13/gay-marriage-new-zealand/1983839/
2013-03-13,02:05:19,1a5rfy,1408,"North Korean Desertion Skyrocketing, Number of NK Military AWOL Shoots Up Eightfold",english.yonhapnews.co.kr,http://english.yonhapnews.co.kr/national/2013/03/12/38/0301000000AEN20130312002600315F.HTML
2013-03-13,23:22:34,1a7w0x,1261,Assassination attempt of Kim Jung Un could explain recent threats,koreajoongangdaily.joinsmsn.com,http://koreajoongangdaily.joinsmsn.com/news/article/Article.aspx?aid=2968561
2013-03-13,13:21:22,1a77cz,574,China to abolish hated labour camps,abc.net.au,http://www.abc.net.au/news/2013-03-13/china-to-abolish-labour-camps/4569292
2013-03-13,22:57:18,1a7udp,436,"Pirate Bay Founders Case Rejected by Human Rights Court: The European Court of Human Rights has rejected an application to hear the cases of Peter Sunde and Fredrik Neij, two of the co-founders of The Pirate Bay",torrentfreak.com,http://torrentfreak.com/pirate-bay-founders-case-rejected-by-human-rights-court-130313/
2013-03-13,04:49:52,1a650i,419,"An Estonian man returned a library book 69 years late, and said a World War II aerial bombing that damaged the library was partly to blame for the late return. The book was checked out on March 7, 1944, while Estonia was occupied by Nazi Germany.",kwtx.com,http://www.kwtx.com/news/offbeat/headlines/Book-Returned-To-Library-69-Years-Late-197456091.html
2013-03-13,21:23:23,1a7ozh,414,Dutch scientists are creating the first in vitro beef from bovine stem cells. The synthetic meat could feed the world and save the environment.,globalpost.com,http://www.globalpost.com/dispatch/news/business/technology/130307/freaked-out-horse-meat-try-vitro-beef-burger
2013-03-13,05:47:10,1a69oa,395,"In the ultimate story of payback, British boxer Curtis Woodhouse tracks down a twitter troll and shows up at his doorstep",independent.ie,http://www.independent.ie/world-news/europe/twitter-trolls-remorse-after-boxer-he-taunted-shows-up-on-doorstep-29125341.html
2013-03-13,22:10:05,1a7rjg,375,Chris Hadfield takes over as space station commander,cbc.ca,http://www.cbc.ca/news/canada/story/2013/03/12/f-chris-hadfield-commander-international-space-station.html
2013-03-13,03:35:44,1a5yu5,365,"Almost quarter of Russians believe gay people should be forced to undergo psychological treatment and 5% think they should be ""liquidated"", according to new survey",pinknews.co.uk,http://www.pinknews.co.uk/2013/03/12/poll-almost-a-quarter-of-russians-want-compulsory-treatment-for-gays-and-5-think-gay-people-should-be-liquidated/
2013-03-13,01:15:03,1a5nib,320,Analysis of a rock sample collected by NASA's Curiosity rover shows ancient Mars could have supported living microbe,nasa.gov,http://www.nasa.gov/mission_pages/msl/news/msl20130312.html
2013-03-13,17:47:28,1a7hb1,316,"Inflated Salaries: Merkel Joins German Battle Against Executive Pay - Both the EU & Switzerland have drawn a line in the sand when it comes to excessive compensation packages. Now, Berlin is to cap salaries. For Merkel, this is a U-turn, but with growing public discontent, she had little choice.",spiegel.de,http://www.spiegel.de/international/business/merkel-to-take-action-against-exorbitant-manager-salaries-in-germany-a-888332.html
2013-03-13,00:24:41,1a5jn0,242,Why North Korea loves to threaten World War III (but probably won’t follow through),washingtonpost.com,http://www.washingtonpost.com/blogs/worldviews/wp/2013/03/12/why-north-korea-loves-to-threaten-world-war-iii-but-probably-wont-follow-through/
2013-03-13,22:49:38,1a7tuv,245,"Every nation's most popular porn site search term revealed: Americans favour a 'MILF', Australians like gay men… and Syrians like their aunt",dailymail.co.uk,http://www.dailymail.co.uk/news/article-2292582/Most-popular-porn-site-search-terms-revealed-Americans-favour-MILF-Syrians-like-aunt.html
2013-03-13,18:53:32,1a7j7e,188,Craig Venter says he is close to creating artificial life,newscientist.com,http://www.newscientist.com/article/dn23266-craig-venter-close-to-creating-synthetic-life.html
2013-03-13,11:45:16,1a713k,181,"N. Korea's military again threatens merciless retaliation for S. Korea, U.S.",english.yonhapnews.co.kr,http://english.yonhapnews.co.kr/northkorea/2013/03/13/0401000000AEN20130313005300315.HTML
2013-03-13,02:03:56,1a5rbq,163,Egyptian Christian tortured to death by Police in Libya,rt.com,http://rt.com/news/egyptian-dies-libya-torture-113/
2013-03-13,00:51:30,1a5lne,158,A United Nations report has suggested that a Palestinian infant who died in the fighting in Gaza last November may have been killed by an errant Palestinian rocket rather than by an Israeli airstrike as was widely believed at the time. ,nytimes.com,http://www.nytimes.com/2013/03/12/world/middleeast/un-ties-gaza-babys-death-to-palestinians.html?ref=middleeast
2013-03-13,07:08:14,1a6gbu,159,WHO confirms 15th case of new corona virus. Half the victims have died,reuters.com,http://www.reuters.com/article/2013/03/12/us-virus-saudi-who-idUSBRE92B15S20130312
2013-03-13,16:39:47,1a7fcq,149,"India's prime minister has said ""there will be consequences"" unless Italy returns two marines charged with the murder of two fishermen in Kerala",bbc.co.uk,http://www.bbc.co.uk/news/world-asia-india-21766592
2013-03-13,23:11:57,1a7vc6,150,Saudi Arabia executes seven men despite UN appeal for clemency ,guardian.co.uk,http://www.guardian.co.uk/world/2013/mar/13/saudi-arabia-executes-seven-men
2013-03-13,13:16:57,1a774h,125,"China pulls nearly 6,000 dead pigs from Shanghai river, says water still safe to drink",bbc.co.uk,http://bbc.co.uk/news/world-asia-china-21766377#sa-ns_mchannel=rss&ns_source=PublicRSS20-sa
2013-03-13,04:37:56,1a640g,103,"Charity worker, on leave for stress, sacked after employers saw a video of him wrestling a shark.",bbc.co.uk,http://www.bbc.co.uk/news/uk-wales-21753342
2013-03-13,23:51:24,1a7y4p,102,"Life Of A Chinese Hacker: Work Is Awful, Pay Is Lousy, Boss Doesn't Understand",npr.org,http://www.npr.org/blogs/thetwo-way/2013/03/13/174193869/life-of-a-chinese-hacker-work-is-awful-pay-is-lousy-boss-doesnt-understand?ft=1&f=1001&sc=tw&utm_source=twitterfeed&utm_medium=twitter
2013-03-13,19:22:10,1a7k3o,88,"Falkland Island's British Residents Are 'Illegal Squatters' Says Argentinian President, Cristina Kirchner",huffingtonpost.co.uk,http://www.huffingtonpost.co.uk/2013/03/13/falkland-islands-uk-squatters-_n_2866103.html?utm_hp_ref=uk
2013-03-13,01:47:32,1a5q0h,77,Thieves Steal Entire Bridge In Western Turkey,en.haberler.com,http://en.haberler.com/thieves-steal-entire-bridge-in-western-turkey-265209/
2013-03-13,04:50:45,1a6536,70,Last man involved in the main plot to assassinate Hitler has died. ,guardian.co.uk,http://www.guardian.co.uk/world/2013/mar/12/hitler-assassination-plotter-von-kleist
2013-03-13,10:43:38,1a6wh8,71,CTBTO: North Korea's Nuke Test Yields No Radioactive Traces,world.kbs.co.kr,http://world.kbs.co.kr/english/news/news_In_detail.htm?No=97417&id=In
2013-03-13,05:18:32,1a67dn,67,"A BRITISH holidaymaker who wrestled a shark away from a group of toddlers at a Queensland beach has been sacked after returning home because he was meant to be on sick leave.
",heraldsun.com.au,http://www.heraldsun.com.au/travel/grandad-who-wrestled-shark-away-from-toddlers-on-beach-sacked-after-bosses-saw-tv-footage-of-incident/story-e6frfhb6-1226596057035
