2013-03-31,08:17:25,1bbter,2525,"How Egypt's radical rulers crush the lives and hopes of women. Women stood shoulder to shoulder with men in Tahrir Square in 2011. Now they are back on the streets, opposing a new constitution that sweeps away their rights and opens the way for girls of 13 to be married",guardian.co.uk,http://www.guardian.co.uk/world/2013/mar/31/egypt-cairo-women-rights-revolution
2013-03-31,04:13:13,1bbdpn,2381,"28,000 Rivers Disappear From China’s Maps - Over 1/2 the rivers are missing, according to 800,000 surveyors, leaving Beijing fumbling to explain why. They blame climate change. But environmentalists see it as a manifestation of headlong, ill-conceived development.",theaustralian.com.au,http://www.theaustralian.com.au/news/world/rivers-wiped-off-the-map-of-china/story-e6frg6so-1226609139591
2013-03-31,23:29:47,1bcx5w,1704,North Korea: Nukes are our country's 'life',worldnews.nbcnews.com,http://worldnews.nbcnews.com/_news/2013/03/31/17539256-north-korea-nukes-are-our-countrys-life
2013-03-31,22:13:51,1bcu19,1470,Two men die in Shanghai after contracting strain of birdflu 'not previously known in humans',bbc.co.uk,http://www.bbc.co.uk/news/world-asia-china-21988423#TWEET697368
2013-03-31,03:24:25,1bbaj4,1210,Putin orders ban on adoptions by LGBT foreign couples,rt.com,http://rt.com/politics/gay-couples-report-foreign-973/
2013-03-31,23:36:25,1bcxht,828,"Scientists find evidence of nearly-extinct Sumatran rhinos in Borneo, where the species was believed to have been extinct for 20 years",rawstory.com,http://www.rawstory.com/rs/2013/03/31/scientists-find-evidence-of-nearly-extinct-sumatran-rhinos-in-borneo/
2013-03-31,21:10:34,1bcs04,625,Land grab: Israel gave less than 1% of seized West Bank to Palestinians,rt.com,http://rt.com/news/land-palestinians-west-bank-110/
2013-03-31,03:03:44,1bb96g,446,Journalists manufactured and spread false list of pedophiles,d-intl.com,http://www.d-intl.com/journalists-manufactured-and-spread-false-list-of-pedophiles/#.UVcoOVefzFg
2013-03-31,18:19:34,1bcnv3,433,Wikileaks launches political party in Australia: Australians could soon have a new political party - the Wikileaks Party - if Julian Assange's bid for official electoral status can enlist 500 members.,torontosun.com,http://www.torontosun.com/2013/03/30/wikileaks-launches-political-party-in-australia
2013-03-31,02:25:05,1bb6ri,425,"Egypt's ""Jon Stewart"" Bassem Youssef faces arrest warrant",bbc.co.uk,http://www.bbc.co.uk/news/world-middle-east-21980343
2013-03-31,21:16:29,1bcs6l,403,"Critics damn move as Egypt's top prosecutor orders arrest of hit TV satirist Bassem Youssef, Egypt's Jon Stewart, whose show 'al-Bernameg' gets over 30 million daily viewers.",guardian.co.uk,http://www.guardian.co.uk/world/2013/mar/31/egypt-orders-arrest-tv-satirist
2013-03-31,00:48:50,1bb4fe,371,Iceland's Crowd Sourced Constitution Killed by Parliament,verfassungsblog.de,http://www.verfassungsblog.de/en/putsch-icelands-crowd-sourced-constitution-killed-by-parliament/#.UVcXNDeLWVp
2013-03-31,20:46:23,1bcraw,285,"Germany--Gray, Overcast Germany--is the Greatest Solar Power Success Story in the World. Here's How They Did it. Germany’s little-guy suppliers are destabilizing big power companies.",slate.com,http://www.slate.com/articles/health_and_science/alternative_energy/2013/03/solar_power_in_germany_how_a_cloudy_country_became_the_world_leader_in_solar.html
2013-03-31,22:36:44,1bcuwl,271,Stuck US minesweeper cut in pieces and removed from coral reef in Phillipines,cnn.com,http://www.cnn.com/2013/03/30/world/us-navy-ship-reef/index.html?hpt=hp_t2
2013-03-31,13:22:06,1bccp2,260,"Russian authorities can't beat back democracy: Mikhail Gorbachev, the last Soviet leader, said Saturday that Russia will face unrest unless society is made more democratic despite President Vladimir Putin's success in cracking down on dissent.",news.msn.com,http://news.msn.com/world/russian-authorities-cant-beat-back-democracy-gorbachev
2013-03-31,08:25:12,1bbtw2,228,Harrowing Photo of Syrian Child Soldier,nymag.com,http://nymag.com/daily/intelligencer/2013/03/photo-syrian-child-soldier-ahmed-smoking-gun-aleppo.html
2013-03-31,18:55:20,1bcoo4,180,Saudi Arabia 'may end' Twitter user anonymity - government asks telecom companies to look at how they can monitor or block services like Skype,aljazeera.com,http://www.aljazeera.com/news/middleeast/2013/03/201333103422235646.html
2013-03-31,21:00:52,1bcrpi,174,Online protest over Maldives' rape sentence Campaigners target islands' tourist economy after teenage victim is ordered to be flogged,independent.co.uk,http://www.independent.co.uk/news/world/asia/online-protest-over-maldives-rape-sentence-8555347.html
2013-03-31,05:36:07,1bbj69,167,"Maasai Furious as Plan to Lure Arabian Gulf Tourists Threatens Their Ancestral Land - Tribal leaders vow to resign official posts in protest after nomads are denied access to their pastures in Serengeti ""wildlife corridor"" to make way for Dubai-based luxury safari company",guardian.co.uk,http://www.guardian.co.uk/world/2013/mar/30/maasai-game-hunting-tanzania
2013-03-31,08:24:26,1bbtu8,146,HIV spreading among students in China,timesofindia.indiatimes.com,http://timesofindia.indiatimes.com/world/china/HIV-spreading-among-students-in-China/articleshow/19293693.cms
2013-03-31,05:16:19,1bbhw8,139,Eiffel Tower evacuated following call threatening explosion,rt.com,http://rt.com/news/paris-terror-bomb-eiffel-104/
2013-03-31,21:47:32,1bct4m,132,Kuwait online activist jailed for 2 years for Twitter posts insulting the country's ruler,bigstory.ap.org,http://bigstory.ap.org/article/kuwait-online-activist-jailed-twitter-posts
2013-03-31,23:46:03,1bcxxc,122,Will Congress act to stop US support for Honduras' death squad regime?,guardian.co.uk,http://www.guardian.co.uk/commentisfree/2013/mar/30/congress-us-support-honduras-death-squad-regime
2013-03-31,07:48:03,1bbrit,117,North Korea: What happens if Kim Jong-un acts on his threats?,csmonitor.com,http://www.csmonitor.com/USA/Military/2013/0329/North-Korea-What-happens-if-Kim-Jong-un-acts-on-his-threats
2013-03-31,23:21:53,1bcwt5,107,"Natural gas extraction causing frequent quakes, property damage in northern Netherlands: 'The Dutch Oil Company which is in charge of the extraction admits that the earthquakes are linked to its activities and has set up a 100-million-euro compensation fund.'",rawstory.com,http://www.rawstory.com/rs/2013/03/31/natural-gas-extraction-causing-frequent-quakes-property-damage-in-northern-netherlands/
2013-03-31,04:56:35,1bbgkz,104,"'I was sexually assaulted and tortured to extract false confession': Fatima Haji, one of Bahraini doctors who faced 5 years in jail, says they were beaten with sticks, electrocuted, sexually harassed, forced to confess that they possessed weapons in hospital and were trying to overthrow the monarchy",rt.com,http://rt.com/op-edge/bahrain-doctors-confessions-torture-077/
2013-03-31,05:36:23,1bbj76,98,European leaders are warning that applying the Cypriot bailout model — a levy on bank deposits — to other crisis-plagued countries could lead to a flight of investors from Europe. But the EU is considering the option anyway.,spiegel.de,http://www.spiegel.de/international/europe/luxembourg-warns-of-investor-flight-from-europe-a-891672.html
2013-03-31,22:31:20,1bcuot,91,"Libya's south teeters toward chaos — and militant extremists: Libya's long-neglected, isolated southern region has grown more lawless since the fall of Moammar Kadafi. Only ill-trained tribal militias hold Islamist extremists at bay.",latimes.com,"http://www.latimes.com/news/nationworld/world/middleeast/la-fg-libya-dangerous-20130331,0,4597838.story"
2013-03-31,10:48:51,1bc35i,89,WikiLeaks founder Julian Assange may be stuck in Britain until 2015,indiatoday.intoday.in,http://indiatoday.intoday.in/story/julian-assange-may-be-stuck-in-britain-till-2015/1/260009.html
2013-03-31,13:33:06,1bcdb9,92,"Liu Xiaobo's brother-in-law arrested in China: The brother-in-law of Liu Xiaobo, China's imprisoned Nobel Peace Prize winner, has been arrested in what human rights lawyers claim is another act of political vengeance against his family.",telegraph.co.uk,http://www.telegraph.co.uk/news/worldnews/asia/china/9961671/Liu-Xiaobos-brother-in-law-arrested-in-China.html
