2013-07-02,07:07:25,1hgenq,4067,Statement from Edward Snowden in Moscow,wikileaks.org,http://wikileaks.org/Statement-from-Edward-Snowden-in.html?snow
2013-07-02,20:22:28,1hho1s,3143,Angry residents in a town in southern Ukraine stormed the local police headquarters after authorities refused to detain one of two police officers implicated in the brutal gang-rape of a young woman,abcnews.go.com,http://abcnews.go.com/International/wireStory/ukraine-police-unit-stormed-brutal-rape-19551454
2013-07-02,05:14:17,1hg5c2,3118,A teenage actress in Pakistan is in a critical condition after a television producer threw acid in her face when she turned down his marriage proposal.,nypost.com,http://www.nypost.com/p/news/international/proposal_producer_douses_teen_actress_OrxrfHhpIVmnXnjvNJpcUJ?utm_campaign=OutbrainA&utm_source=OutbrainArticlepages&obref=obinsource
2013-07-02,18:57:31,1hhl5b,2409,"Snowden needs ""world's protection""",reuters.com,http://www.reuters.com/article/2013/07/02/us-usa-security-snowden-idUSBRE96107520130702
2013-07-02,16:39:18,1hhgi1,2234,"Part of 5,000-yr-old pyramid, 1 of oldest in the Americas, destroyed by private construction companies that want the state land—“This isn’t the 1st time they've tried to take this land. They say they're the owners, though this land is untouchable.” An irreparable loss to Peru.",peruthisweek.com,http://www.peruthisweek.com/news-5000-year-old-pyramid-destroyed-in-lima-100260
2013-07-02,23:59:18,1hi040,1275,"Not a single climate change denial book is published by a University Press. 90% are not peer reviewed. 72% have a verifiable link to a conservative think tank, the rest are self-published.",abs.sagepub.com,http://abs.sagepub.com/content/57/6/699.short
2013-07-02,04:16:40,1hg0df,1244,"""If [Snowden] wants to stay here, there is one condition: He must stop his work aimed at harming our American partners, as strange as that sounds coming from my lips,"" - Putin",npr.org,http://www.npr.org/blogs/thetwo-way/2013/07/01/197577592/ecuador-backs-off-nsa-leaker-snowden-citing-asylum-rules
2013-07-02,21:35:38,1hhrbh,1110,"Sex workers, immigrants, and trans-gender being rounded up and imprisoned in camps across Greece",2ndcouncilhouse.co.uk,http://www.2ndcouncilhouse.co.uk/blog/2013/06/05/and-then-they-came-for-the-trans-people/
2013-07-02,03:24:05,1hfvzp,925,"Major banks still involved in money laundering, says top regulator",telegraph.co.uk,http://www.telegraph.co.uk/finance/newsbysector/banksandfinance/10153728/Major-banks-still-involved-in-money-laundering-says-top-regulator.html
2013-07-02,17:24:25,1hhi3l,921,Edward Snowden has abandoned his request for political asylum in Russia after Moscow told him he would have to stop leaking US intelligence reports,google.com,http://www.google.com/hostednews/afp/article/ALeqM5j_xUcVPWE_-TCaS8UFxcr_JZOQwA?docId=CNG.44ef79e756fb08f20a059d00e1b0f826.01
2013-07-02,00:39:42,1hfisc,879,Putin tells Snowden to stop leaking,bbc.co.uk,http://www.bbc.co.uk/news/world-us-canada-23135734
2013-07-02,20:07:32,1hhnia,852,"Author of EU anti-ecig bill, who was forced to resign after soliciting bribes from big tobacco companies, caught moving millions of dollars to Bahamas.",timesofmalta.com,http://www.timesofmalta.com/articles/view/20130701/local/olaf-may-reopen-dalli-case-over-bahamas-trip-to-move-millions-international-herald-tribune.476159
2013-07-02,17:32:31,1hhidx,685,"One-Third Of Britons Are Too Poor To 'Join In With Society': Many On Lowest Incomes Cannot Buy Consumer Goods, Visit The Cinema Or Go On Holiday",independent.co.uk,http://www.independent.co.uk/news/uk/home-news/onethird-of-britons-are-too-poor-to-join-in-with-society-8633584.html
2013-07-02,06:48:01,1hgd2t,405,Swedish Women Drop Burkas and Enter Stockholm Mosque Bare-Breasted; Pandemonium Ensues,patheos.com,http://www.patheos.com/blogs/friendlyatheist/2013/06/30/swedish-women-drop-burkas-and-enter-stockholm-mosque-bare-breasted-pandemonium-ensues/
2013-07-02,20:13:29,1hhnpn,366,Edward Snowden asylum: countries approached and their responses,guardian.co.uk,http://www.guardian.co.uk/world/2013/jul/02/edward-snowden-nsa-asylum-application-list-countries
2013-07-02,01:19:45,1hflv5,332,"The European Union has ordered a worldwide security sweep of all its premises following reports US intelligence has bugged its offices in Washington, Brussels and the United Nations.",rt.com,http://rt.com/news/eu--diplomatic-security-sweep-490/
2013-07-02,20:57:05,1hhpck,321,Vatican scandal: The Vatican bank director and his deputy resigned Monday afternoon amid a growing financial scandal that has already landed a Vatican monsignor in prison,csmonitor.com,http://www.csmonitor.com/World/Latest-News-Wires/2013/0701/Vatican-scandal-Two-high-profile-resignations-follow-arrest-of-monsignor?nav=88-csm_category-leadStory
2013-07-02,22:52:33,1hhvkh,299,'Muslims praying in our streets is like the Nazi occupation': Leader of France's far right now faces prosecution over these words.,thelocal.fr,http://www.thelocal.fr/20130702/french-far-rights-le-pen-stripped-of-immunity#disqus_thread
2013-07-02,20:27:48,1hho8m,268,"Dead Fish Fill Mexico Reservoir - Tens of 1,000s washed up on banks, amid allegations a firm dumped 100s of liters of molasses into canal. ""The sustenance of everybody was damaged,"" said the mayor. ""What will they live off? This is a tragedy.""",bbc.co.uk,http://www.bbc.co.uk/news/world-latin-america-23142553
2013-07-02,19:09:34,1hhlka,252,Copy of Snowden asylum request sent to Polish authorities.,redir.atmcdn.pl,http://redir.atmcdn.pl/scale/o2/tvn/web-content/m/p1/i/17fafe5f6ce2f1904eb09d2e80a4cbf6/4df5d7c0-e2f8-11e2-9b22-0025b511226e.jpg?type=1&quality=90&srcmode=4&srcx=0/1&srcy=0/1&srcw=640&srch=2000&dstw=640&dsth=2000
2013-07-02,10:45:45,1hgv0e,186,Ecuador's President Rafael Correa: We helped Snowden by mistake,guardian.co.uk,http://www.guardian.co.uk/world/2013/jul/02/ecuador-rafael-correa-snowden-mistake/
2013-07-02,23:30:30,1hhy3r,174,"Emails From A Dead Man: emails between Iraqi who worked with US forces and US Immigration Office beseeching help for family to escape Iraq after death threats starting July 2011. After constant bureaucratic vaccilation and incompetence, he and his brother are now dead, and his family still in Iraq.",thisamericanlife.org,http://www.thisamericanlife.org/takingnames/
2013-07-02,21:52:34,1hhs62,162,Report: 'Argentina sold Israel yellowcake uranium in 1960s' to make nuclear bombs,jpost.com,http://www.jpost.com/International/Report-Argentina-sold-Israel-yellowcake-uranium-in-the-1960s-318432
2013-07-02,15:53:32,1hhejp,109,Authorities in Mexico City say they've rescued 46 women in a human trafficking bust,edition.cnn.com,http://edition.cnn.com/2013/07/01/world/americas/mexico-human-trafficking/index.html?hpt=ila_c2
2013-07-02,19:53:04,1hhn0b,93,China to join Russia for largest ever joint naval drills with foreign partner,guardian.co.uk,http://www.guardian.co.uk/world/2013/jul/02/china-russia-joint-naval-drills
2013-07-02,19:16:21,1hhlse,74,French president: The EU needs a united front in response to US spying claims,thelocal.fr,http://www.thelocal.fr/20130702/hollande-calls-for-eu-united-front-on-spying
2013-07-02,00:17:42,1hfh7h,73,Syrian Catholic priest beheaded by jihadist fighters,dailymail.co.uk,http://www.dailymail.co.uk/news/article-2352251/Horrific-video-shows-Syrian-Catholic-priest-beheaded-jihadist-fighters-cheering-crowd.html
2013-07-02,18:10:50,1hhjmo,70,‘Jewish diaspora’ behind Gezi protests: Turkish deputy prime minister says,hurriyetdailynews.com,http://www.hurriyetdailynews.com/jewish-diaspora-behind-gezi-protests-turkish-deputy-prime-minister-says.aspx?pageID=238&nID=49858&NewsCatID=338
2013-07-02,18:10:07,1hhjm0,67,Kim Dotcom & New Zealand PM to Face Off Over Spy Laws,sg.news.yahoo.com,http://sg.news.yahoo.com/kim-dotcom-zealand-pm-face-off-073519268.html
2013-07-02,23:57:12,1hhzyk,60,Spiegel on Spying Scandal: Obama Owes Us an Explanation,spiegel.de,http://www.spiegel.de/international/world/editorial-obama-must-offer-answers-on-nsa-spying-in-eu-a-909019.html
