2013-12-23,03:33:21,1th590,3143,North and South Korea exchange faxes threatening to attack each other,washingtonpost.com,http://www.washingtonpost.com/blogs/worldviews/wp/2013/12/20/north-and-south-korea-exchange-faxes-threatening-to-attack-each-other/
2013-12-23,21:06:01,1tj04p,2840,"Kim Jong-un ""very drunk"" when ordered execution of uncle's two aides",telegraph.co.uk,http://www.telegraph.co.uk/news/worldnews/asia/northkorea/10535033/Kim-Jong-un-very-drunk-when-ordered-execution-of-uncles-two-aides.html
2013-12-23,22:59:40,1tj65y,2529,"Freed Pussy Riot member, on walking out of prison: ""This is not an amnesty. This is a hoax and a PR move.""",washingtonpost.com,http://www.washingtonpost.com/blogs/worldviews/wp/2013/12/23/freed-pussy-riot-member-this-is-not-an-amnesty-this-is-a-hoax-and-a-pr-move/
2013-12-23,23:49:42,1tj9p6,2143,North Korean Leader Kim Jong-Un's Uncle was killed because he tried to depose Jong-Un and replace him with his brother. Now all the Uncle's men are defecting to the South.,koreabang.com,http://www.koreabang.com/2013/stories/north-korean-officials-flood-to-china-possible-mass-defection.html
2013-12-23,19:10:43,1tivhm,2019,Viral video of Spanish cops hitting female pro-abortionists at protest raises global alarm over the country's police brutality and tough new abortion law,thelocal.es,http://www.thelocal.es/20131223/spanish-cops-bash-women-video-goes-viral
2013-12-23,18:11:04,1tit6i,1913,Girl dies after pharmacy refuses to give her the antidote,m.theage.com.au,http://m.theage.com.au/world/emma-sloan-dies-in-ireland-after-pharmacy-refuses-to-give-her-epipen-20131223-2ztn9.html
2013-12-23,05:29:16,1thect,1461,Britain: Furious backlash from customers over Muslim policy,telegraph.co.uk,http://www.telegraph.co.uk/finance/newsbysector/retailandconsumer/10533728/MandS-faces-furious-backlash-from-customers-over-Muslim-policy.html?fb
2013-12-23,12:17:55,1ti9qo,958,No way back for Britons who join the Syrian fight - Theresa May strips jihadists of citizenship to prevent them returning,independent.co.uk,http://www.independent.co.uk/news/uk/politics/exclusive-no-way-back-for-britons-who-join-the-syrian-fight--theresa-may-strips-jihadists-of-citizenship-to-prevent-them-returning-9021190.html
2013-12-23,07:46:59,1thowx,864,"Creator of chickenpox vaccine dies, age 85",theglobeandmail.com,http://www.theglobeandmail.com/life/health-and-fitness/health/michiaki-takahasi-creator-of-chickenpox-vaccine-was-inspired-by-sons-illness/article16085505/
2013-12-23,19:01:50,1tiv4v,553,BT Internet filter gives parents option to block 'gay and lesbian lifestyle' content,independent.co.uk,http://www.independent.co.uk/life-style/gadgets-and-tech/news/bt-internet-filter-gives-parents-option-to-block-gay-and-lesbian-lifestyle-content-9018515.html
2013-12-23,23:21:37,1tj7ny,488,Edward Snowden will help Germany investigate NSA snooping if it grants him political asylum,dailymail.co.uk,http://www.dailymail.co.uk/news/article-2528339/Edward-Snowden-help-Germany-investigate-NSA-snooping-grants-asylum.html
2013-12-23,23:00:19,1tj681,464,"Scientists Link Spike in Thyroid Disease to Fukushima Disaster - ""And so far, 56 percent of children near Fukushima do in fact have a precancerous cyst or a nodule.""",therealnews.com,http://therealnews.com/t2/index.php?option=com_content&task=view&id=31&Itemid=74&jumival=11203
2013-12-23,22:37:24,1tj4rs,443,"""Brazil's decision to buy Swedish fighter jets instead of F/A-18 Super Hornets from Boeing eliminates its most promising foreign-sales prospect just as the U.S. company faces critical decisions about extending the jet's production line past 2016.""",reuters.com,http://www.reuters.com/article/2013/12/21/us-boeing-fighters-analysis-idUSBRE9BK03420131221
2013-12-23,14:53:33,1tikhl,413,"Islamic charity officials gave millions to al-Qaeda, U.S. says",washingtonpost.com,http://www.washingtonpost.com/world/national-security/islamic-charity-officials-gave-millions-to-al-qaeda-us-says/2013/12/22/e0c53ad6-69b8-11e3-a0b9-249bbb34602c_story.html
2013-12-23,09:24:59,1thwcw,402,A 13-year study of coral reefs spontaneously recovering in the Cayman Islands offers hope of refuting often doomsday forecasts about the worldwide decline of the colorful marine habitat.,scientificamerican.com,http://www.scientificamerican.com/article.cfm?id=damaged-reefs-show-resiliency-in-ca
2013-12-23,12:01:00,1ti8es,347,"Bangladeshi Factory Owners Charged in Fire That Killed 112 workers, Walmart said they were unaware that their apparel was being made in such factories.",nytimes.com,http://www.nytimes.com/2013/12/23/world/asia/bangladeshi-factory-owners-charged-in-fatal-fire.html?hp
2013-12-23,06:58:51,1thlbu,331,Chilling Pictures Taken By The Teenage Photographer Who Was Killed In Syria,buzzfeed.com,http://www.buzzfeed.com/rachelzarrell/chilling-photographs-taken-by-the-teenage-reuters-photograph
2013-12-23,11:02:54,1ti3wr,294,"'Hell for animals’: Egypt's Giza Zoo beset by tear gas, bear ‘riots’ and giraffe ‘suicide’.",independent.co.uk,http://www.independent.co.uk/environment/nature/hell-for-animals-egypts-giza-zoo-beset-by-tear-gas-bear-riots-and-giraffe-suicide-9016560.html
2013-12-23,11:00:36,1ti3q5,296,"Death on the US-Mexican border: the killings America chooses to ignore. Since 2005, patrol agents and CBP officers have killed some 42 people along the US-Mexican border without facing any public consequences – or any large-scale media coverage",independent.co.uk,http://www.independent.co.uk/news/world/americas/death-on-the-usmexican-border-the-killings-america-chooses-to-ignore-9021110.html
2013-12-23,22:00:55,1tj2nz,234,UAE sentences American to 1 year for making parody video of youth culture in Dubai.,dailystar.com.lb,http://www.dailystar.com.lb/News/International/2013/Dec-23/242089-uae-sentences-american-to-1-year-in-parody-video.ashx#axzz2oJ3PdVty
2013-12-23,00:24:56,1tgrx1,228,Journalists banned from entering police stations across Turkey.,hurriyetdailynews.com,http://www.hurriyetdailynews.com/journalists-banned-from-entering-police-stations-across-turkey.aspx?pageID=238&nID=59948&NewsCatID=341
2013-12-23,13:54:19,1tigp7,226,"Pregnant asylum seeker denied ultrasound miscarries in Australian detention centre, is told to lower her expectations",theguardian.com,http://www.theguardian.com/world/2013/dec/23/woman-who-miscarried-on-christmas-island-told-lower-expectations
2013-12-23,02:25:46,1th0am,222,No snow in Siberia? Locals marvel - and worry,siberiantimes.com,http://siberiantimes.com/ecology/casestudy/features/no-snow-in-siberia-locals-marvel-and-worry-at-the-snow-shortage/
2013-12-23,17:57:30,1tisnp,176,"Prior to a vote today in Armenia to hand over its national natural gas distribution to Russia, an opposition member secretly stole the electronic voting card of all pro-government members, forcing them to resort to voting by a raise of hands as all opposition members walked out.",hetq.am,http://hetq.am/eng/news/31592/armenian-parliament-ratifies-russian-gas-treaty-opposition-mps-stage-walkout.html
2013-12-23,20:26:50,1tiyiq,175,"Tasmania forest threatened by Coalition - Govt to push ahead plan to remove world heritage listing from a swath of Tasmanian forest, potentially reopening bitter divisions over the state’s timber industry. Plan to roll back hard-won protection branded ""fundamentally irresponsible"".",theguardian.com,http://www.theguardian.com/world/2013/dec/23/tasmania-forest-heritage-listing-comes-under-threat-from-coalition
2013-12-23,00:03:09,1tgqij,158,Police clash with protesters in Turkey | Police fired water cannons and tear gas at protesters denouncing PM Tayyip Erdogan's government over corruption.,aljazeera.com,http://www.aljazeera.com/news/europe/2013/12/police-clash-with-protesters-turkey-20131222143825286850.html
2013-12-23,08:55:19,1thtz1,126,"Catastrophic ice Storm Hits Toronto Leaving 250,000 without Power.",muslimgazette.ca,http://muslimgazette.ca/canada/catastrophic-ice-storm-toronto/
2013-12-23,18:49:24,1tiuml,119,Freed Pussy Riot member calls Kremlin pardon a ‘PR stunt’,france24.com,http://www.france24.com/en/20131223-pussy-riot-alyokhina-released-russian-prison/
2013-12-23,07:09:12,1thm3s,115,"Chaser the border collie has not only learnt and remembered more than 1,000 proper nouns but she has also grasped some of the finer points of English grammar, according to researchers in the United States who have studied her.",independent.co.uk,http://www.independent.co.uk/news/science/boning-up-on-grammar-researchers-teach-border-collie-to-understand-sentences-using-more-than-1000-words-9020181.html
2013-12-23,17:24:58,1tirde,108,Environmental groups in Iceland are campaigning against a new highway - because it runs through 'elf habitat',m.scotsman.com,http://m.scotsman.com/news/odd/iceland-elf-advocates-delaying-highway-progress-1-3242653
