2013-05-05,09:03:15,1dpez6,4059,"A huge explosion has hit Damascus, the capital of Syria. This is video footage of it (0.20). More in the comments.",youtube.com,http://www.youtube.com/watch?v=f_j8ID-m1pU
2013-05-05,19:55:34,1dq67v,2682,Syria: Attack on military facility was a 'declaration of war' by Israel,cnn.com,http://www.cnn.com/2013/05/05/world/meast/syria-violence/index.html?hpt=hp_t1
2013-05-05,01:59:16,1dooh0,1863,"Inside Denmark's 'Fixing Rooms', Where Nurses Watch As Addicts Inject In Safety: ""Away from public view, this safe haven for drug users has 1,000 regulars. Crime is down, the streets are safer. Could it work in Britain?""",guardian.co.uk,http://www.guardian.co.uk/society/2013/may/04/denmark-nurses-addicts-inject
2013-05-05,23:51:27,1dqe52,669,"Dutch Police Allowed to Hack into Foreign Servers - Netherlands govt grants hacking permission to fight online crime. The powers, which also give police the ability to install spyware, read emails & delete files, will be subject to the oversight of a judge, but critics warn of dangerous precedent.",wired.co.uk,http://www.wired.co.uk/news/archive/2013-05/5/dutch-police
2013-05-05,13:08:43,1dpsus,617,"Israel may reportedly join defense pact with Saudi Arabia, UAE",timesofisrael.com,http://www.timesofisrael.com/israel-reportedly-may-join-defense-pact-with-saudi-arabia-uae/
2013-05-05,08:56:53,1dpel4,487,"(India) Man rescues fiance from brothel, is later accused by police in taking part in her kidnapping. Man and woman claim police corruption.",indianexpress.com,http://www.indianexpress.com/news/fiance-who-rescued-kidnapped-girl-from-dhule-brothel-arrested/1111644/
2013-05-05,00:14:46,1doigh,403,Australia is suspending the export of live cattle to Egypt after video emerged showing extreme cruelty to animals in Egyptian abattoirs,bbc.co.uk,http://www.bbc.co.uk/news/world-asia-22412782?
2013-05-05,02:36:50,1doqsc,332,Karzai Says He Was Assured C.I.A. Would Continue Delivering Bags of Cash,nytimes.com,http://www.nytimes.com/2013/05/05/world/asia/karzai-said-he-was-assured-of-cash-deliveries-by-cia.html?pagewanted=all&_r=0
2013-05-05,06:47:49,1dp6wj,337,A recent UN survey suggested an astounding 99.3% of Egyptian women have been sexually harassed,bbc.co.uk,http://www.bbc.co.uk/news/world-middle-east-22402053
2013-05-05,11:34:45,1dpnqt,275,The smuggled chocolate treats of North Korea,bbc.co.uk,http://www.bbc.co.uk/news/magazine-22383586
2013-05-05,05:05:58,1dp0cz,232,Girls in Saudi Arabia to be allowed to play sports in private schools for the first time,bigstory.ap.org,http://bigstory.ap.org/article/saudis-allow-some-girls-schools-offer-sports
2013-05-05,21:23:38,1dq8j4,200,South Korean President to Visit United States - VOA,voanews.com,http://www.voanews.com/content/south-korean-president-to-visit-united-states/1654822.html
2013-05-05,21:23:20,1dq8iq,193,Saudi Arabia Issues First Anti-Domestic Abuse Advert For Women & Children,huffingtonpost.co.uk,http://www.huffingtonpost.co.uk/2013/04/27/saudi-arabia-first-anti-domestic-abuse-advert-women-children-picture_n_3170535.html?utm_hp_ref=uk
2013-05-05,05:49:11,1dp36r,185,"Vatican Uncovers ""1st Western Painting of Native Americans"" - Hidden for over 5 centuries, images of dancing naked men wearing feathered head-dresses found while restoring 1494 fresco. The Borgia Pope arbitrated the division of New World lands between Spain & Portugal.",telegraph.co.uk,http://www.telegraph.co.uk/news/worldnews/europe/vaticancityandholysee/10033399/Vatican-uncovers-first-Western-painting-of-Native-Americans.html
2013-05-05,02:17:57,1dopmt,172,Pakistan's women face battle for the right to vote: Female activists plan to deploy protection teams to polling stations in forthcoming elections,guardian.co.uk,http://www.guardian.co.uk/world/2013/may/04/pakistan-women-right-to-vote?
2013-05-05,09:09:16,1dpfcm,150,Large explosions shake Syrian capital. State TV says a military research center has been attacked,bbc.co.uk,http://www.bbc.co.uk/news/world-middle-east-22417482
2013-05-05,21:16:24,1dq8bn,150,Syria: Attack on military facility was a 'declaration of war' by Israel,edition.cnn.com,http://edition.cnn.com/2013/05/05/world/meast/syria-violence/?hpt=hp_c2
2013-05-05,20:59:32,1dq7um,129,Syria considers retaliation and claims alliance between Islamic terrorists and Israel,haaretz.com,http://www.haaretz.com/news/diplomacy-defense/live-blog-israel-launches-second-syria-strike-in-two-days-sources-say-1.519250
2013-05-05,00:22:14,1doiui,121,Africans are beating the dreaded river blindness by capturing the black flies responsible their spread; they use themselves as bait.,bbc.co.uk,http://www.bbc.co.uk/news/magazine-22201676
2013-05-05,04:06:39,1dowkq,119,Ethiopian Religious Groups Want Death Penalty for Gays,edgeonthenet.com,http://www.edgeonthenet.com/index.php?ch=news&sc=politics&sc2=news&sc3=&id=144229
2013-05-05,17:50:13,1dq3cs,95,Egypt mob lynches teenage son of an Islamist leader,globalpost.com,http://www.globalpost.com/dispatch/news/afp/130504/egypt-mob-lynches-teenage-son-islamist-leader
2013-05-05,17:58:19,1dq3j7,74,Tokyo Electric Power Company (TEPCO) plans to complete the transfer of radioactive water from leaking underground storage pools to tanks above ground at the Fukushima Daiichi nuclear plant early in June.,nhk.or.jp,http://www3.nhk.or.jp/nhkworld/english/news/20130505_08.html
2013-05-05,23:55:47,1dqecx,74,"Egypt, Arab League condemn Israeli 'attacks' in Syria",france24.com,http://www.france24.com/en/20130505-egypt-arab-league-condemn-israeli-attacks-syria
2013-05-05,16:57:12,1dq1xz,72,"To join EU, Croatia may give up its wine in trademark dispute [x-post /r/LegalNews]",postbulletin.com,http://www.postbulletin.com/news/world/to-join-eu-croatia-may-give-up-its-wine/article_ccc2217c-9551-50f6-8e2c-2abe95c57458.html
2013-05-05,18:50:03,1dq4p7,62,"For the first time, the BBC has seen direct evidence of Hezbollah's role in some of the key battles as the Assad regime claims to be regaining the upper hand.",bbc.co.uk,http://www.bbc.co.uk/news/world-middle-east-22369609
2013-05-05,19:46:34,1dq5zy,63,An experiment in paying villagers in one of India’s poorest states an unconditional basic income has been successful enough to change the government’s thinking,mondediplo.com,http://mondediplo.com/2013/05/04income
2013-05-05,04:11:28,1dowvv,60,"Tory MP arrested over rape allegations, PA sources say",bbc.co.uk,http://www.bbc.co.uk/news/uk-22414334
2013-05-05,01:03:50,1dol5g,56,Hungary's far-right Jobbik party has staged a rally in central Budapest in protest at the capital's hosting of the World Jewish Congress (WJC) on Sunday.,bbc.co.uk,http://www.bbc.co.uk/news/world-europe-22413301
2013-05-05,10:20:17,1dpjik,37,Syria says Damascus targeted by fresh Israeli strike,timesofisrael.com,http://www.timesofisrael.com/syria-says-damascus-targeted-by-fresh-israeli-strike/
2013-05-05,15:02:47,1dpy6m,37,Syria Civil War: Assad’s Forces Shoot Down Israeli Jet,ibtimes.co.uk,http://www.ibtimes.co.uk/articles/464536/20130505/syria-israel-airstrike-jet-damascus-jamraya-chemical.htm
