2013-12-08,22:41:59,1sdx2s,3211,"An open letter from Carl Bernstein to Guardian editor Alan Rusbridger: ""You are being called to testify at a moment when governments in Washington and London seem intent on erecting the most serious (and self-serving) barriers against legitimate news reporting""",theguardian.com,http://www.theguardian.com/media/2013/dec/03/open-letter-carl-bernstein-alan-rusbridger?CMP=ema_546
2013-12-08,09:00:50,1scrve,3172,Japan cracks down on leaks and press freedom after scandal of Fukushima nuclear power plant,independent.co.uk,http://www.independent.co.uk/news/world/asia/japan-cracks-down-on-leaks-after-scandal-of-fukushima-nuclear-power-plant-8965296.html
2013-12-08,00:15:59,1sblr4,3158,New Japanese whaling trip aims to hunt 1000 whales amid foreign criticism,news.yahoo.com,http://news.yahoo.com/japan-whaling-ships-leave-antarctic-hunt-071743622.html?soc_src=copy
2013-12-08,14:24:33,1sde50,2269,India to push for freeing Internet from U.S. control,thehindu.com,http://www.thehindu.com/sci-tech/technology/internet/india-to-push-for-freeing-internet-from-us-control/article5434095.ece
2013-12-08,07:17:47,1scjst,1458,"'Let's be honest, we eavesdrop too': former French foreign minister on NSA spying claims.",ctvnews.ca,http://www.ctvnews.ca/sci-tech/let-s-be-honest-we-eavesdrop-too-former-french-foreign-minister-on-nsa-spying-claims-1.1509912
2013-12-08,12:37:20,1sd7bf,1355,Two thousand toxic mice pumped up with Tylenol dropped on Guam by parachute to kill snakes,voiceofrussia.com,http://voiceofrussia.com/news/2013_12_03/Two-thousand-toxic-mice-dropped-on-Guam-by-parachute-to-kill-snakes-4602/
2013-12-08,21:38:48,1sdug0,828,"NSA ""asking for"" specific exchanges from Swedish Defence Radio Establishment FRA - Secret treaty since 1954",svt.se,http://www.svt.se/ug/nsafra4
2013-12-08,22:16:27,1sdvyp,806,One million people chanting in unison: today's EuroMaidan protest in Kiev,radiosvoboda.org,http://www.radiosvoboda.org/media/video/25193599.html
2013-12-08,08:42:12,1scqef,792,UK MPs set to receive 11% pay rise,bbc.co.uk,http://www.bbc.co.uk/news/uk-politics-25287108
2013-12-08,09:29:54,1scu0k,772,"Syrian Christians have Officially Declared War on Syrian Rebels - ""“ I urge every Christian man capable of carrying weapons to defend Syria""",yalibnan.com,http://www.yalibnan.com/2013/12/07/syrian-christian-cleric-declares-war-on-rebels/
2013-12-08,23:45:44,1se0df,743,The Obama administration knew that a Syrian rebel faction had the ability to make chemical weapons but omitted that knowledge when building their case for a strike on Syria,buzzfeed.com,http://www.buzzfeed.com/rosiegray/report-obama-administration-knew-syrian-rebels-could-make-ch
2013-12-08,22:14:29,1sdvvv,711,"An estimated 30,000 elephants have been killed every year since the start of the decade, and experts believe the number has soared this year. Estimates suggest that 100 elephants per day are being killed for their ivory.",independent.co.uk,http://www.independent.co.uk/voices/comment/ios-charity-appeal-slaughter-of-elephants-on-a-huge-scale-8990860.html
2013-12-08,16:05:52,1sdj87,387,"Yale University study sounds alarm on rare earth metal shortages, finding that of the 62 elements used in smartphones and similar devices, none had an equal-performance substitute, and twelve had no conceivable replacement",bbc.co.uk,http://www.bbc.co.uk/news/technology-25260174
2013-12-08,18:59:23,1sdpfu,362,South Korea expands air defense zone to partially overlap China's,reuters.com,http://www.reuters.com/article/2013/12/08/us-korea-china-air-idUSBRE9B703M20131208
2013-12-08,06:58:14,1sci6j,359,Chevron has suspended exploration for shale gas in northeastern Romania after hundreds of anti-fracking protesters tore down fences,bigstory.ap.org,http://bigstory.ap.org/article/chevron-suspends-shale-gas-exploration-romania
2013-12-08,03:41:26,1sc1tq,293,Turkish PM Erdogan accuses Taraf reporter of “treason” over revealing a document from a 2004 National Security Council meeting in which his government colluded to target social movements — charged with “revealing forbidden information.”,hurriyetdailynews.com,http://www.hurriyetdailynews.com/turkish-pm-erdogan-accuses-taraf-reporter-of-treason-over-leak-story.aspx?pageID=238&nID=59189&NewsCatID=338
2013-12-08,23:46:21,1se0em,267,"Singapore news. Fire, rioting taking place in Little India: reports",sg.news.yahoo.com,http://sg.news.yahoo.com/fire--rioting-taking-place-in-little-india--reports-152651999.html
2013-12-08,06:38:51,1scgma,179,Israeli soldiers accused of killing Palestinian boy in West Bank,reuters.com,http://www.reuters.com/article/2013/12/07/us-palestinians-israel-violence-idUSBRE9B60CE20131207?feedType=RSS&feedName=worldNews
2013-12-08,00:15:30,1sblpu,157,Lee Rigby case: Muslim fanatic said he killed soldier in 'most humane way he could',telegraph.co.uk,http://www.telegraph.co.uk/news/uknews/law-and-order/10496634/Lee-Rigby-case-Muslim-fanatic-said-he-killed-soldier-in-most-humane-way-he-could.html
2013-12-08,04:20:40,1sc520,109,Bitcoin Slumps After Chinese Government bans real world use.,forbes.com,http://www.forbes.com/sites/kashmirhill/2013/12/06/bitcoin-in-china-the-fall-out-from-chinese-government-banning-real-world-use/
2013-12-08,18:35:31,1sdooy,102,Australian intelligence agency cancels passports of 20 Muslim men over suspicion they may join Syria conflict,abc.net.au,http://www.abc.net.au/news/2013-12-08/asio-cancels-passports-of-muslim-men/5142884
2013-12-08,05:17:52,1sc9y6,93,Pakistan's Federal Sharia Court has ordered to remove the life imprisonment from the section 295C of the Blasphemy laws and death sentence be the only punishment in 295C.,srilankaguardian.org,http://www.srilankaguardian.org/2013/12/death-only-punishment-for-blasphemy.html#
2013-12-08,22:26:09,1sdwd8,85,"Across Europe, a Growing Sense That Legalized Prostitution Isn't Working. The issue driving recent bans is human trafficking.",theatlanticcities.com,http://www.theatlanticcities.com/technology/2013/12/across-europe-growing-sense-legalized-prostitution-isnt-working/7777/
2013-12-08,14:20:30,1sddwx,82,Highest radiation levels measured outside Fukushima,nhk.or.jp,http://www3.nhk.or.jp/nhkworld/english/news/20131207_01.html
2013-12-08,21:27:15,1sdu0o,71,Ukraine's capital hit by mass anti-govt protest,abcnews.go.com,http://abcnews.go.com/International/wireStory/ukraine-capital-braces-massive-protest-21139073
2013-12-08,23:02:02,1sdy1h,60,Mount Marapi erupts in Indonesia,thejakartapost.com,http://www.thejakartapost.com/news/2013/12/08/mount-marapi-erupts-caution-alert-level-unchanged.html
2013-12-08,01:23:32,1sbqon,56,"Georgian Forests Face Burning Issue – Rural Georgians’ heavy reliance on burning wood for fuel is having a devastating effect on forests across the country, including landslides on deforested slopes that damage thousands of homes.",ens-newswire.com,http://ens-newswire.com/2013/12/05/georgian-forests-face-burning-issue/
2013-12-08,02:53:59,1sbxyh,52,How Natural Gas has Helped Fuel Ukraine’s Violent Unrest - Ukraine's dependence on Russia for natural gas plays a key role in the current situation,thinkprogress.org,http://thinkprogress.org/climate/2013/12/06/3017421/russia-ukraine-natural-gas/
2013-12-08,23:55:15,1se0yv,36,"Riots break out in Little India, Singapore. Witnesses report at least 200 people rioting as well as multiple burning vehicles including cars and an ambulance.",guardianlv.com,http://guardianlv.com/2013/12/breaking-news-riots-break-out-in-little-india-singapore/
2013-12-08,05:37:42,1scbmz,32,Video: Elton John Denounces Russia's Anti-Gay Law at Moscow Concert,motherjones.com,http://www.motherjones.com/mojo/2013/12/elton-john-moscow-russia-concert-denounce-anti-gay-law-video
