2013-05-12,19:49:26,1e6f7y,2734,North Korea Caves to Chinese Pressure; Puts Missiles in Storage,finance.townhall.com,http://finance.townhall.com/columnists/nightwatch/2013/05/11/north-korea-responds-to-chinese-pressure-n1592857
2013-05-12,22:47:55,1e6kvm,2654,UAE rape victim jailed,au.news.yahoo.com,http://au.news.yahoo.com/sunday-night/features/article/-/17094076/abandoned/
2013-05-12,07:14:29,1e5gg5,2273,Huge Chinese essay writing service uncovered in New Zealand,stuff.co.nz,http://www.stuff.co.nz/national/education/8662224/Chinese-cheats-rort-NZ-universities-with-fakes
2013-05-12,10:12:33,1e5rap,2212,President Raul Castro's daughter leads march for gay rights in Cuba,usatoday.com,http://www.usatoday.com/story/news/world/2013/05/11/cuba-gay-rights/2152911/?
2013-05-12,21:16:03,1e6hjn,2078,"Russian Tortured to Death for 'Being Gay' - In a rare admission from Russian authorities, the torture death of a young gay man in Volgograd last week has been confirmed as a hate crime. There are growing fears by rights groups that anti-gay sentiments are on the rise in the country.",theaustralian.com.au,http://www.theaustralian.com.au/news/breaking-news/russian-tortured-to-death-for-being-gay/story-fn3dxix6-1226640673395
2013-05-12,05:43:58,1e5akc,1395,"The severity of air pollution in China has rattled Chinese leaders. While they have, on occasion, closed factories and restricted traffic to clear the air for special events, so far they have lacked the will or the capacity to reduce air pollution on a sustained basis.",washingtonpost.com,http://www.washingtonpost.com/world/china-wrestles-with-stubborn-air-polluters/2013/05/09/627e9870-b13f-11e2-9fb1-62de9581c946_story.html
2013-05-12,21:11:48,1e6het,834,"Israel's prime minister faces criticism over $127,000 bed installed on plane",bigstory.ap.org,http://bigstory.ap.org/article/israeli-pm-criticized-installing-bed-plane
2013-05-12,08:55:20,1e5mru,677,Australia has a new program that offers millionaires residency in return for a portion of their wealth,online.wsj.com,http://online.wsj.com/article/SB10001424127887323372504578466311602710742.html?mod=e2tw
2013-05-12,03:16:11,1e514u,574,"There are currently a hundred locust swarms in Madagascar, totaling around 500 billion locusts, eating around 100,000 metric tons of vegetation per day.",weather.com,http://www.weather.com/news/science/nature/madagascars-locust-disaster-20130510
2013-05-12,15:11:40,1e671f,534,Coke lobbying against Australian recycling legislation & accused of pressuring Australian media to withdraw Greenpeace ad highlighting it's activities,abc.net.au,http://www.abc.net.au/news/2013-05-10/greenpeace-blames-coke-for-channel-9-27choke27/4682548
2013-05-12,22:48:09,1e6kvv,442,"China's State-Run TV Uses Daily Show Clip To Demonize US, Viewers Point Out The Irony",techdirt.com,http://www.techdirt.com/articles/20130509/10194223020/chinas-state-run-tv-uses-daily-show-clip-to-demonize-us-viewers-point-out-irony.shtml
2013-05-12,00:46:30,1e4rs5,326,Carbon Dioxide Levels Exceed Long-Feared Milestone,nytimes.com,http://www.nytimes.com/2013/05/11/science/earth/carbon-dioxide-level-passes-long-feared-milestone.html?smid=fb-nytimes&WT.z_sma=SC_CDL_20130510&_r=0
2013-05-12,23:14:54,1e6m1o,303,Wall of ice rises out of lake and destroys homes in Canada,metro.co.uk,http://metro.co.uk/2013/05/12/wall-of-ice-rises-out-of-lake-and-destroys-homes-in-canada-3755851/?ITO=facebook
2013-05-12,16:09:04,1e697v,189,Egyptian police have arrested three al-Qaeda militants planning a suicide attack on a Western embassy,bbc.co.uk,http://www.bbc.co.uk/news/world-middle-east-22495369
2013-05-12,16:58:11,1e6aua,181,The UN in Mali says the #2 general in command of the current international support mission there has been found dead in his hotel room.,news24.com,http://www.news24.com/Africa/News/Top-UN-officer-found-dead-20130512
2013-05-12,23:18:47,1e6m87,167,Psychologists attack psychiatrists,guardian.co.uk,http://www.guardian.co.uk/society/2013/may/12/psychiatrists-under-fire-mental-health
2013-05-12,21:18:03,1e6hlw,130,"MORE than 80,000 people have been killed in Syria's conflict since it erupted more than two years ago, a monitoring group says.",theaustralian.com.au,http://www.theaustralian.com.au/news/breaking-news/more-than-80000-killed-in-syria-monitor/story-fn3dxix6-1226640679841
2013-05-12,06:03:21,1e5btj,114,"Recession is a good time to exploit cheap labour, says David Cameron aide",guardian.co.uk,http://www.guardian.co.uk/business/2013/may/11/young-recession-cheap-labour
2013-05-12,10:37:48,1e5sse,112,Morocco launches worlds largest solar power project,middle-east-online.com,http://www.middle-east-online.com/english/?id=58687
2013-05-12,18:52:24,1e6dsy,103,"A second case of a new SARS-like coronavirus has been diagnosed in France, the Health Ministry said on Sunday, in what appeared to be a case of human-to-human transmission.",reuters.com,http://www.reuters.com/article/2013/05/12/us-coronavirus-france-idUSBRE94A04R20130512
2013-05-12,08:37:05,1e5lno,89,Thousands of babies sold on Indonesian black market,m.smh.com.au,http://m.smh.com.au/world/thousands-of-babies-sold-on-indonesian-black-market-20130511-2jeaj.html
2013-05-12,06:28:45,1e5dgh,70,Twin car bombs killed 43 people and wounded many more in a Turkish town near the Syrian border on Saturday and the government said it suspected Syrian involvement.,reuters.com,http://www.reuters.com/article/2013/05/11/us-syria-crisis-idUSBRE94A05S20130511?feedType=RSS&feedName=topNews&utm_source=feedly
2013-05-12,00:19:08,1e4q6q,65,The level of carbon dioxide has passed a long-feared milestone not seen on earth for millions of years.,nytimes.com,http://www.nytimes.com/2013/05/11/science/earth/carbon-dioxide-level-passes-long-feared-milestone.html?nl=todaysheadlines&emc=edit_th_20130511&_r=2&
2013-05-12,04:19:20,1e5582,58,DPRK lists crimes of detained American,news.xinhuanet.com,http://news.xinhuanet.com/english/world/2013-05/10/c_132372957.htm
2013-05-12,08:05:17,1e5jqc,54,Two Candidates Shake Up Iran’s Presidential Race as Last-Minute Entries,nytimes.com,http://www.nytimes.com/2013/05/12/world/middleeast/two-candidates-shake-up-irans-presidential-race-as-last-minute-entries.html?_r=0
2013-05-12,18:17:45,1e6cyk,52,Turkey says it will take necessary measure to protect itself after two car bombs killed at least 43 people in a town on its border with Syria.,bbc.co.uk,http://www.bbc.co.uk/news/world-middle-east-22498891
2013-05-12,11:36:35,1e5w94,46,Japanese yen hits new 4-year low.....,money.cnn.com,http://money.cnn.com/2013/05/09/investing/japan-yen/index.html?hpt=hp_bn1
2013-05-12,01:07:16,1e4t1c,44,"""In the Midst of a Warzone there’s an Afghani Skateboarding School for Girls""",messynessychic.com,http://www.messynessychic.com/2012/11/27/in-the-midst-of-a-warzone-there-is-an-afghani-skateboarding-school-for-girls/
2013-05-12,05:59:40,1e5bkp,41,Nawaz Sharif set for third term as Pak PM,indianexpress.com,http://www.indianexpress.com/news/imran-khan-nawaz-sharif-appear-ahead-in-pakistan-election-count/1114528/
2013-05-12,09:29:34,1e5osy,37,Canada years behind allies in global tax investigation,cbc.ca,http://www.cbc.ca/news/canada/story/2013/05/10/tax-data-leak-canada-.html
