2013-12-07,08:17:41,1sa63h,6368,'Muslim Patrol' jailed for harassing couple holding hands and men drinking in a bid to enforce Sharia law in East London,dailymail.co.uk,http://www.dailymail.co.uk/news/article-2519519/Muslim-Patrol-jailed-harassing-couple-holding-hands-men-drinking-bid-enforce-Sharia-law-East-London.html
2013-12-07,20:06:31,1sb9y7,1913,North Korea frees U.S. Korean War veteran after seven weeks,reuters.com,http://www.reuters.com/article/2013/12/07/us-korea-north-newman-idUSBRE9B601O20131207
2013-12-07,11:34:45,1sakxt,1721,UK citizen sues Microsoft over Prism private data leak to NSA,computerweekly.com,http://www.computerweekly.com/news/2240210455/UK-citizen-sues-Microsoft-over-Prism-private-data-leak-to-NSA
2013-12-07,01:43:10,1s9764,1494,"A march yesterday at the University of London ended in kettling, arrests and blood on the pavement after a week of alleged police brutality finally has video footage to accompany what has been going on.",planetivy.net,http://planetivy.net/mayhem/83531/smoke-bombs-violence-student-protest/
2013-12-07,21:45:29,1sbdlc,1381,"Chevron in Romania, part 3. Clashes between locals, activists and riot police. Protesters break into fracking site, Chevron suspends operations, again",rt.com,http://rt.com/news/chevron-fracking-protest-clashes-884/
2013-12-07,00:10:39,1s8z7u,1225,Snowden to make video appearance at EU parliament,euobserver.com,http://euobserver.com/justice/122381
2013-12-07,21:38:29,1sbdaa,1131,"The National Security Agency has publicly admitted to tracking the locations of literally billions of international cell phones under a 1981 executive order (under the Reagan presidency). To allay the fears of US citizens, it said the program only targets international phones.",rt.com,http://rt.com/usa/nsa-global-phone-tracking-875/
2013-12-07,02:23:08,1s9aos,1078,Police In Thailand Lay Down Vests and Barricades In Solidarity With Protestors,politicalblindspot.com,http://politicalblindspot.com/police-in-thailand-lay-down-vests-and-barricades-in-solidarity-with-protestors/
2013-12-07,03:21:11,1s9fxc,548,"Supermarkets selling chicken that is nearly a fifth water | Consumers paying 65p a kilo for water, as legality of process of 'tumbling' imported chicken called into question.",theguardian.com,http://www.theguardian.com/world/2013/dec/06/supermarket-frozen-chicken-breasts-water
2013-12-07,20:55:47,1sbbn5,514,Romania - Fighting Chevron's Fracking SUVs on Horseback,vice.com,http://www.vice.com/en_dk/read/romania-pungesti-fracking-chevron-camp-raid
2013-12-07,11:34:44,1sakxs,444,Couples celebrate Australia's first same-sex weddings,theage.com.au,http://www.theage.com.au/lifestyle/weddings/here-come-the-brides-couples-celebrate-australias-first-samesex-weddings-20131207-2yxl9.html
2013-12-07,03:28:48,1s9gni,427,Six hospitalized in Mex nuke exposure. Police block Mexico City hospital.,hosted.ap.org,http://hosted.ap.org/dynamic/stories/L/LT_MEXICO_RADIOACTIVE_THEFT?SITE=AP&SECTION=HOME&TEMPLATE=DEFAULT&CTIME=2013-12-06-14-07-00
2013-12-07,01:17:23,1s94vx,353,"Dick Cheney Didn't Regret His Vote Against Freeing Nelson Mandela, Maintained He Was A 'Terrorist'",huffingtonpost.com,http://www.huffingtonpost.com/2013/12/05/dick-cheney-nelson-mandela-terrorist_n_4394071.html?utm_hp_ref=politics
2013-12-07,23:56:04,1sbkfm,354,India Could Be Kicked out of Olympics,abcnews.go.com,http://abcnews.go.com/Sports/wireStory/iocs-bach-india-kicked-olympics-21133870
2013-12-07,02:47:51,1s9cwa,227,All Syrian Chemical Weapons Munitions Destroyed,world.time.com,http://world.time.com/2013/12/06/all-syrian-chemical-weapons-munitions-destroyed/
2013-12-07,11:36:12,1sal1j,213,‘Nothing is beyond our reach’: Evil octopus strangling the world becomes latest US intelligence seal,rt.com,http://rt.com/usa/nro-satellite-octopus-emblem-854/
2013-12-07,19:54:36,1sb9jp,155,"""The devastating 2011 earthquake and tsunami in Japan shocked researchers who did not expect that the seismic fault involved could release so much energy. Now the world's deepest-drilling oceanographic ship has been able to pin down the odd geology that made this disaster so horrific.""",nature.com,http://www.nature.com/news/killer-qualities-of-japanese-fault-revealed-1.14316
2013-12-07,20:22:55,1sbai6,156,Hong Kong sees second case of H7N9 bird flu in a week,scmp.com,http://www.scmp.com/news/hong-kong/article/1374711/hong-kong-sees-second-case-h7n9-week
2013-12-07,08:32:30,1sa7ap,148,NSA defends global cellphone tracking as legal,washingtonpost.com,http://www.washingtonpost.com/politics/federal_government/nsa-defends-global-cellphone-tracking-as-legal/2013/12/06/cf6cfbdc-5ec0-11e3-8d24-31c016b976b2_story.html
2013-12-07,21:26:30,1sbct6,126,Rich Kazakhs Revive Polygamy as Women Seek Poverty Escape,bloomberg.com,http://www.bloomberg.com/news/2013-12-02/rich-kazakhs-revive-polygamy-as-young-women-seek-poverty-escape.html
2013-12-07,23:55:44,1sbket,111,"Militants who carried out a brazen day-light assault on the Yemeni defence ministry that killed 56 people were mostly Saudis, investigators said on Saturday.",france24.com,http://france24.com/en/20131207-yemen-says-defence-complex-attackers-mostly-saudi
2013-12-07,22:40:04,1sbg5q,82,"France says all 1,200 pledged troops now in Central African Republic",google.com,http://www.google.com/hostednews/afp/article/ALeqM5jCGMbSzBPklV7Q8Uufwvld9jV6tg?docId=e86e47cf-d200-4b64-83a5-8c58805489bf
2013-12-07,04:36:13,1s9mzo,72,[STUDY] One percent of the population is responsible for 63 percent of violent crime convictions,phys.org,http://phys.org/news/2013-12-percent-population-responsible-violent-crime.html
2013-12-07,01:16:12,1s94sc,66,"Japanese Parliament passes contentious ""secret"" law that stiffens penalties for government leaks.",journalstar.com,http://journalstar.com/news/world/asia/japan-parliament-approves-contentious-secrets-law/article_12be8e63-81d3-5609-8104-7a9da70acbee.html
2013-12-07,17:26:33,1sb4wn,68,"China, South Korea fear secrets law could lead to Japanese military state - U.S. State Dept. ""welcomed passage of the bill""",ajw.asahi.com,http://ajw.asahi.com/article/behind_news/politics/AJ201312070061
2013-12-07,21:14:36,1sbcd7,62,Reports in South Korea suggest that Kim Kyong-hui could be the next victim of the North Korean leader's purge of the old guard.,telegraph.co.uk,http://www.telegraph.co.uk/news/worldnews/asia/northkorea/10499642/Kim-Jong-un-preparing-to-purge-aunt.html
2013-12-07,03:23:16,1s9g4w,48,"The drone that spied on bin Laden and on Iran's nukes was just the start. Meet its stealthier cousin, the Northrop Grumman RQ-180. It's been flying for a few years now but the existence of this secret project, based out of Area 51, was revealed Friday by Aviation Week",killerapps.foreignpolicy.com,http://killerapps.foreignpolicy.com/posts/2013/12/06/unmasked_area_51s_biggest_stealthiest_spy_drone_yet
2013-12-07,21:56:20,1sbe2m,47,Germany tells citizens to get out of Yemen,thelocal.de,http://www.thelocal.de/20131206/germany-tells-citizens-to-get-out-of-yemen
2013-12-07,19:21:30,1sb8fj,44,Foreign jihadist fighters are using safe houses in southern Turkey to cross into Syria to fight against government forces,bbc.co.uk,http://www.bbc.co.uk/news/world-middle-east-25274886
2013-12-07,21:56:20,1sbe2n,46,Rio de Janiero Displays World's Largest Floating Christmas Tree,latinpost.com,http://www.latinpost.com/articles/4455/20131205/rio-de-janiero-displays-worlds-largest-floating-christmas-tree.htm
