2013-03-05,00:38:47,19n819,3244,"A huge comet is headed for Mars. If it hits, ""it would be an event on the same sort of scale as the impact that drove the dinosaurs extinct 65m years ago. """,economist.com,http://www.economist.com/blogs/babbage/2013/02/comet-headed-mars
2013-03-05,22:06:59,19pfv0,3107,"A 75-yr-old Japanese man died after 25 hospitals refused to admit him to their emergency rooms 36 times over two hours, citing lack of beds or doctors to treat him",rawstory.com,http://www.rawstory.com/rs/2013/03/05/japanese-man-dies-after-being-turned-away-from-25-hospitals/
2013-03-05,10:22:47,19oho0,2767,US Ambassador Politely Asks UN Colleagues to Stop Showing Up Drunk to Meetings,theatlanticwire.com,http://www.theatlanticwire.com/global/2013/03/us-ambassador-politely-asks-un-colleagues-stop-showing-drunk-meetings/62750/
2013-03-05,13:51:01,19oxfc,2138,Piratebay is not actually being hosted from North Korea. It was a hoax to make it appear as if the IP was originating from NK.,news.cnet.com,http://news.cnet.com/8301-1023_3-57572501-93/the-pirate-bay-is-relocating-to-north-korea/
2013-03-05,20:50:32,19pcmw,1726,North Korea vows to cancel Korean War ceasefire,cbc.ca,http://www.cbc.ca/news/world/story/2013/03/05/north-korea-ceasefire.html
2013-03-05,00:53:01,19n91v,1248,"Desmond Tutu: Nuclear weapons must be eradicated for all our sakes. No nation should own nuclear arms – not Iran, not North Korea, and not their critics who take the moral high ground
",guardian.co.uk,http://www.guardian.co.uk/commentisfree/2013/mar/04/nuclear-weapons-must-be-eradicated
2013-03-05,15:05:33,19p1ci,654,India’s patent appeals office has rejected international drug maker Bayer AG’s plea to stop an Indian company from manufacturing a cheaper generic version of a patented cancer drug,washingtonpost.com,http://www.washingtonpost.com/business/india-patents-office-rejects-bayer-appeal-against-cheaper-version-of-its-cancer-drug/2013/03/05/48746cd8-855d-11e2-a80b-3edc779b676f_story.html?tid=sm_btn_reddit
2013-03-05,02:30:17,19ng91,656,"'Dubious' care of the sick, 'questionable' politics and 'suspicious' financial dealings: Researchers claim Mother Teresa was not so saintly after all",independent.ie,http://www.independent.ie/world-news/asia-pacific/dubious-care-of-the-sick-questionable-politics-and-suspicious-financial-dealings-researchers-claim-mother-teresa-was-not-so-saintly-after-all-29107530.html
2013-03-05,06:05:00,19nx9j,426,China officials caught spray-painting grass green in Chengdu,telegraph.co.uk,http://www.telegraph.co.uk/news/worldnews/asia/china/9907169/China-officials-caught-spray-painting-grass-green-in-Chengdu.html
2013-03-05,23:10:32,19pjdm,398,"
Relaxation of US cannabis laws 'violates UN drug conventions': International Narcotics Control Board criticises decision by some US states to legalise use of cannabis",guardian.co.uk,http://www.guardian.co.uk/society/2013/mar/05/relaxation-cannabis-laws-us-un
2013-03-05,03:39:43,19nlm4,375,"Ban marketing of junk food to kids under 12, Ontario report recommends",thestar.com,http://www.thestar.com/news/queenspark/2013/03/04/ban_marketing_of_junk_food_to_kids_under_12_report_recommends.html
2013-03-05,14:45:29,19p0fa,375,'It's not racism. The Muslim players just shouldn't be here': Beitar Jerusalem fans walk out over signing of two Muslim Chechen players,independent.co.uk,http://www.independent.co.uk/news/world/middle-east/its-not-racism-the-muslim-players-just-shouldnt-be-here-beitar-jerusalem-fans-walk-out-over-signing-of-two-muslim-chechen-players-8519748.html
2013-03-05,21:10:23,19pdfn,325,"A UN human rights advocate has called on Britain and the US to release confidential reports into the countries' involvement in the kidnapping and torture of terrorism suspects, accusing them of ""years of official denials, sophistry and prevarication"" to cover up the truth",guardian.co.uk,http://www.guardian.co.uk/law/2013/mar/05/britain-us-secret-torture-reports
2013-03-05,19:17:25,19p9o4,309,Buses of company operating 'Palestinian-only' lines torched,ynetnews.com,"http://www.ynetnews.com/articles/0,7340,L-4352433,00.html"
2013-03-05,02:39:39,19ngys,313,"After being shutdown in Norway, The Pirate Bay Returns from North Korea.",thepiratebay.se,https://thepiratebay.se/blog/229
2013-03-05,22:19:43,19pgk1,307,Soviet war veteran found in Afghanistan after 33 years,bbc.co.uk,http://www.bbc.co.uk/news/world-europe-21668541
2013-03-05,16:05:36,19p3sf,292,South Africa running out of Rape kits due to massive numbers of Rape cases...,news.iafrica.com,http://news.iafrica.com/sa/846129.html
2013-03-05,03:54:35,19nmsb,248,A look inside N. Korea's Gulag system. A filthy side of the country Dennis Rodman ignored. ,fullcomment.nationalpost.com,http://fullcomment.nationalpost.com/2013/02/28/jonathan-kay-a-look-inside-the-monstrous-north-korean-gulag-system-that-dennis-rodman-will-never-see/
2013-03-05,20:32:37,19pc0h,231,Russia Fears Its Troops Will Riot if Cigarette Rations End,wired.com,http://www.wired.com/dangerroom/2013/03/russian-cigarettes/
2013-03-05,21:27:29,19pe4v,211,"""Only one in 10 regular mass-going Roman Catholics in Britain feel any guilt about using contraception . . . They are also much less likely to feel guilty about committing adultery, having sex before marriage or using pornography than people from many other religious groups.""",telegraph.co.uk,http://www.telegraph.co.uk/news/religion/9897912/Catholic-guilt-is-a-myth-but-puritanism-is-alive-and-well-says-study.html
2013-03-05,23:19:16,19pjv8,184,Gaza marathon cancelled after Hamas bans women runners,news.yahoo.com,http://news.yahoo.com/gaza-marathon-cancelled-hamas-bans-women-runners-112144453--spt.html
2013-03-05,22:38:40,19phiu,181,Cancer drug ruling seen as victory for poor: India's patent appeals office rejects Bayer AG's plea to stop production of generic version of a patented cancer drug -- 'Bayer sells a one month supply for US$5600. Natco's version would cost Indian patients US$175 a month',stuff.co.nz,http://www.stuff.co.nz/business/world/8386127/Cancer-drug-ruling-seen-as-victory-for-poor
2013-03-05,11:46:20,19ooft,171,HSBC paid CEO Stuart Gulliver $11 million last year despite record money laundering fine,money.cnn.com,http://money.cnn.com/2013/03/04/news/companies/hsbc-ceo-pay/index.html
2013-03-05,05:21:01,19ntoc,154,Syrians tear down statue of Bashar al-Assad's father after rebel advance,guardian.co.uk,http://www.guardian.co.uk/world/2013/mar/04/syrian-rebels-statue-assad-father
2013-03-05,18:06:43,19p7kz,143,Hamas halts flow of goods into Gaza - leaving 70 trucks stranded on the Israeli side of border - due to financial dispute with the Palestinian Authority ,jpost.com,http://www.jpost.com/LandedPages/PrintArticle.aspx?id=305354
2013-03-05,01:28:34,19nbmq,121,"Almost 3,000 great apes are killed or captured in the wild each year because of rampant illegal trade",france24.com,http://www.france24.com/en/20130304-nearly-3000-wild-great-apes-stolen-each-year-un-0
2013-03-05,08:02:51,19o6ts,112,"Iran Deploys Sniper Teams To Battle ""Mutant"" Rats",thenational.ae,http://www.thenational.ae/news/world/middle-east/iran-deploys-sniper-teams-in-tehran-to-battle-mutant-rats
2013-03-05,10:39:01,19oiyr,99,There Are Dark Rumblings Of A Coup D'État In Spain,businessinsider.com,http://www.businessinsider.com/dark-rumblings-of-a-coup-dtat-in-spain-2013-3
2013-03-05,20:52:56,19pcqe,95,"""An Italian parish priest has caused uproar after burning a photograph of Benedict XVI during a church service and likening him to the disgraced captain of the Costa Concordia cruise ship captain.""",telegraph.co.uk,http://www.telegraph.co.uk/news/religion/the-pope/9908094/Pope-Emeritus-Benedict-compared-to-Costa-Concordia-captain.html
2013-03-05,19:07:30,19p9dk,80,Saudi Arabia's Prince Alwaleed Bin Talal has accused Forbes magazine of understating his wealth.,bbc.co.uk,http://www.bbc.co.uk/news/business-21665997
