2013-03-23,23:11:14,1av04v,2964,"Twitter sued £32m for refusing to reveal anti-semites - French court ruled Twitter must hand over details of people who'd tweeted racist & anti-semitic remarks, & set up a system that'd alert police to any further such posts as they happen. Twitter ignored the ruling.",wired.co.uk,http://www.wired.co.uk/news/archive/2013-03/22/twitter-sued-france-anti-semitism
2013-03-23,18:58:04,1auqtd,2775,"Jim McCormick is on trial, accused of modifying $20 novelty golf ball finders and selling them to governments for up to $60,000 - touting them as Explosive detectors",mirror.co.uk,http://www.mirror.co.uk/news/uk-news/british-businessman-sold-golf-ball-1750300
2013-03-23,10:24:31,1au6d1,1997,China on track to overtake America as the world's biggest economy in 2016,telegraph.co.uk,http://www.telegraph.co.uk/finance/china-business/9947825/China-to-overtake-America-by-2016.html
2013-03-23,06:36:16,1atsy5,1295,"State of emergency imposed in central Burma - Gangs of Buddhists including monks are reported to be roaming the city attacking Muslims, hundreds of whom have taken refuge in a local football stadium",telegraph.co.uk,http://www.telegraph.co.uk/news/worldnews/asia/burmamyanmar/9948766/State-of-emergency-imposed-in-central-Burma.html
2013-03-23,18:56:15,1auqrr,958,"Seven years ago, the newly-elected Pope Francis urged Turkey to unconditionally recognize the Armenian Genocide.",asbarez.com,http://asbarez.com/108774/new-pope-urged-turkey-to-recognize-genocide-in-2006/
2013-03-23,01:20:32,1at574,798,"Police sending 200,000 'Scratch-N-Sniff' cannabis cards to train British people it's scent along with a $1,500 reward incentive in order to rat out those who smell like pot.",npr.org,http://www.npr.org/blogs/thetwo-way/2013/03/22/175032753/britain-goes-after-pot-growers-with-scratch-and-sniff-cards
2013-03-22,23:43:59,1asy46,717,"After Obama's visit, Israel apologizes to Turkey over flotilla deaths, agrees to pay reparations",hurriyetdailynews.com,http://www.hurriyetdailynews.com/israel-pm-apologised-to-turkey-pm-over-flotilla-deaths-us-official.aspx?pageID=238&nID=43445&NewsCatID=352
2013-03-23,22:06:25,1aux3a,669,Canadian Government votes against public science. ,parl.gc.ca,http://www.parl.gc.ca/HouseChamberBusiness/ChamberVoteDetail.aspx?Language=E&Mode=1&Parl=41&Ses=1&Vote=631&GroupBy=party&FltrParl=41&FltrSes=1
2013-03-23,01:12:09,1at4ip,503,"Life after cannabis prohibition: The Copenhagen Model will see the production, sale and consumption of cannabis legalised",cphpost.dk,http://cphpost.dk/national/life-after-cannabis-prohibition-city-announces-its-ambitions
2013-03-23,13:47:46,1auhmu,165,China tightens border searches to punish North Korea as US asks for sterner measures,washingtonpost.com,http://www.washingtonpost.com/business/china-tightens-border-searches-to-punish-north-korea-as-us-asks-for-sterner-measures/2013/03/23/e483e458-9379-11e2-8e33-9cc6c739d012_story.html?
2013-03-23,15:42:38,1aulvk,160,China 'fully prepared' for currency war,telegraph.co.uk,http://www.telegraph.co.uk/finance/china-business/9904512/China-fully-prepared-for-currency-war.html
2013-03-23,03:16:38,1ate87,128,"Two tourists, an Israeli man and a Norwegian woman, have been kidnapped by armed men in the Sinai peninsula in Egypt, security officials said",bbc.co.uk,http://www.bbc.co.uk/news/world-middle-east-21897822
2013-03-23,20:15:22,1aut0h,122,Japanese court sentences US musician to five years in prison for killing woman in Tokyo hotel room,irishtimes.com,http://www.irishtimes.com/news/crime-and-law/hinds-guilty-of-murdering-irish-student-nicola-furlong-1.1330865
2013-03-23,11:53:00,1aubsj,124,Brazilian Indians are fighting against their possible eviction due to World Cup construction,reuters.com,http://www.reuters.com/news/pictures/slideshow?articleId=USRTR3F8LE#a=1
2013-03-23,04:50:18,1atlfb,115,Russia’s rich hiring luxurious ‘ambulance-taxis’ to beat Moscow’s traffic jams,news.nationalpost.com,http://news.nationalpost.com/2013/03/22/russias-rich-hiring-luxurious-ambulance-taxis-to-beat-moscows-traffic-jams/
2013-03-23,10:25:02,1au6eg,75,Citizens' Campaign to Arrest Blair Continues: Citizens band together to arrest former British prime minister over involvement in Iraq's invasion a decade ago,informationclearinghouse.info,http://www.informationclearinghouse.info/article34373.htm
2013-03-23,21:33:27,1auvps,70,Nuclear weapons: Who has what?,cnn.com,http://www.cnn.com/interactive/2013/03/world/nuclear-weapon-states/index.html?hpt=hp_c1
2013-03-23,10:29:42,1au6q3,65,"Britain set to lose second AAA credit rating: Impending report by rating agency, Fitch, almost certain to downgrade UK's status because of lack of growth and rising debt
",guardian.co.uk,http://www.guardian.co.uk/business/2013/mar/22/uk-stripped-second-credit-rating
2013-03-23,20:00:16,1ausjb,69,Oman's ruler is about to pardon all dissidents jailed for defaming the leader or taking part in protests,aljazeera.com,http://www.aljazeera.com/news/middleeast/2013/03/201332363737987137.html
2013-03-23,03:20:12,1atehp,61,"Today in horrible advertising ideas, Ford India plugs the cavernous trunk space of its Figo hatchback by depicting captive women stuffed inside.",slate.com,http://www.slate.com/blogs/xx_factor/2013/03/22/ford_india_should_probably_fire_its_ad_execs_for_depicting_bound_and_gagged.html
2013-03-23,12:30:29,1audux,55,"Teeing off at edge of the Arctic? A Chinese plan baffles Iceland: 'At the center of the drama is Huang Nubo, a former official in the Chinese Communist Party’s Propaganda Department who, wants to build a luxury hotel and an “eco golf course” for wealthy Chinese seeking clean air and solitude'",nytimes.com,http://www.nytimes.com/2013/03/23/world/europe/iceland-baffled-by-chinese-plan-for-golf-resort.html?_r=0
2013-03-23,21:41:06,1auw0h,40,Coal & Coral: Australia's Self-Destructive Paradox - The city of Gladstone is the world's 4th largest coal-export hub. It's also a jumping off point to the southern end of the Great Barrier Reef. But coal mining could eventually kill the reef that Australians revere.,npr.org,http://www.npr.org/blogs/thetwo-way/2013/03/23/174427265/coal-and-coral-australias-self-destructive-paradox
2013-03-23,03:16:43,1ate8j,44,Lawyers alarmed as Guantanamo hunger strike grows - hunger strike expands at the US prison in Cuba,miamiherald.com,http://www.miamiherald.com/2013/03/22/3300805/lawyers-alarmed-as-guantanamo.html
2013-03-23,06:00:17,1atqgk,36,Ubuntu tapped by China for national operating system ,theregister.co.uk,http://www.theregister.co.uk/2013/03/22/china_makes_linux_os_with_canonical_help/
2013-03-23,22:28:20,1auy0v,33,Editor of critical website brutally assaulted in Ukraine ,ifex.org,http://www.ifex.org/ukraine/2013/03/08/assault_editor/
2013-03-23,20:17:04,1aut2e,31,Bosch abandons solar energy,uk.reuters.com,http://uk.reuters.com/article/2013/03/22/uk-bosch-solar-idUKBRE92L0VR20130322
2013-03-23,09:14:04,1au1ze,31,Christian church pulled down in Indonesia,abc.net.au,http://www.abc.net.au/news/2013-03-22/an-indonesia-christian-church-pulled-down/4589332
2013-03-23,21:19:32,1auv7n,27,Return to Antikythera: what divers discovered in the deep,guardian.co.uk,http://www.guardian.co.uk/science/blog/2013/mar/18/return-to-antikythera-divers?INTCMP=SRCH
2013-03-23,15:33:26,1aulkx,25,Japan to grant disputed Diaoyu/Senkaku Island fishing rights to Taiwan.  ,csmonitor.com,http://www.csmonitor.com/World/2013/0322/Japan-warms-to-Taiwan-isolates-China-in-territorial-sea-dispute?nav=87-frontpage-entryNineItem
2013-03-23,21:56:22,1auwmw,19,Bitcoin: the fastest growing currency in the world - video,guardian.co.uk,http://www.guardian.co.uk/technology/video/2013/mar/22/bitcoin-currency-video
