2013-04-14,22:01:57,1cbncr,2543,Constitutional Convention in Ireland votes 79% in favour of same-sex marriage,insideireland.ie,http://insideireland.ie/2013/04/14/constitutional-convention-votes-79-in-favour-of-civil-marriage-for-same-sex-couples-98488/
2013-04-14,11:45:36,1cb0nh,2459,Kim Jong-Un has not been seen in 2 weeks,english.yonhapnews.co.kr,http://english.yonhapnews.co.kr/news/2013/04/14/0200000000AEN20130414000400315.HTML
2013-04-14,08:27:44,1caoc2,1051,"In Switzerland, two-thirds of voters have supported a “fat cat initiative” – a referendum that gives shareholders a binding say on executive pay as part of the world’s most stringent rule of its kind to date. Noncompliance carries hefty fines and jail time.",globalpublicsquare.blogs.cnn.com,http://globalpublicsquare.blogs.cnn.com/2013/04/12/why-its-time-to-rein-in-ceo-pay/
2013-04-14,23:31:30,1cbr0h,1047,Ireland gets its first Tornado warning.,irishexaminer.com,http://www.irishexaminer.com/breakingnews/ireland/ireland-under-tornado-warning-591284.html
2013-04-14,23:04:38,1cbprt,760,Canadian govt demands members of public fill in a 10-page questionnaire & submit CV in order to seek permission to comment on the new Enbridge oil pipeline,boingboing.net,http://boingboing.net/2013/04/14/canadian-govt-demands-fill-in.html
2013-04-14,18:21:35,1cbhdc,742,Margaret Thatcher 'gave her approval' to her son Mark's failed coup attempt in Equatorial Guinea,guardian.co.uk,http://www.guardian.co.uk/politics/2013/apr/14/thatcher-knew-of-equatorial-giunea-coup-attempt
2013-04-14,16:57:16,1cbf40,552,"Why Chemotherapy That Costs $70,000 in the U.S. Costs $2,500 in India: By rejecting patent applications, developing countries have kept down the costs of much-needed medications. Can they continue to do so without harming efforts to develop new drugs?",theatlantic.com,http://www.theatlantic.com/health/archive/2013/04/why-chemotherapy-that-costs-70-000-in-the-us-costs-2-500-in-india/274847/
2013-04-14,17:18:46,1cbfqk,451,French gangster Redoine Faid just escaped from prison by taking 4 guards hostage and blowing off 5 doors with explosives,cnn.com,http://www.cnn.com/2013/04/13/world/europe/france-prison-escape/index.html?hpt=hp_t1
2013-04-14,05:32:40,1cacn0,415,BBC fakes London student credentials to access North Korea,thecommentator.com,http://www.thecommentator.com/article/3239/bbc_fakes_london_student_credentials_to_access_north_korea
2013-04-14,02:04:25,1c9yf8,387,Lost Soviet Mars Lander Found?,newswatch.nationalgeographic.com,http://newswatch.nationalgeographic.com/2013/04/11/lost-soviet-mars-lander-found/?utm_source=Twitter&utm_medium=Social&utm_content=link_tw20130413ngnw-marssoviet&utm_campaign=Content
2013-04-14,04:01:13,1ca6c9,301,Report: The Syrian Chemical Weapons 'Red Line' Has Been Crossed,theatlanticwire.com,http://www.theatlanticwire.com/global/2013/04/report-syrian-chemical-weapons-red-line-has-been-crossed/64198/
2013-04-14,05:30:39,1cachs,289,"Millions face starvation as world warms, say scientists: World is unprepared for changes that will see parts of Africa turned into disaster areas, say food experts",guardian.co.uk,http://www.guardian.co.uk/global-development/2013/apr/13/climate-change-millions-starvation-scientists?
2013-04-14,22:00:42,1cbnb6,285,Polio Vaccine Developer Koprowski Dies,npr.org,http://www.npr.org/templates/story/story.php?storyId=177178539
2013-04-14,22:49:34,1cbp32,278,‘Rust in hell’: Irish nationalists slam ‘Iron Lady’ Margaret Thatcher,rawstory.com,http://www.rawstory.com/rs/2013/04/14/rust-in-hell-irish-nationalists-slam-iron-lady-margaret-thatcher/
2013-04-14,20:06:37,1cbk0r,227,"Papua New Guinea Considers Repealing Sorcery Law: In February, a 20-year-old woman was stripped, tortured, doused in gasoline and then set ablaze",nytimes.com,http://www.nytimes.com/2013/04/13/world/asia/papua-new-guinea-considers-repealing-sorcery-law.html
2013-04-14,21:43:15,1cbmqr,204,Melting in Antarctic is worst in 1000 years,aljazeera.com,http://www.aljazeera.com/weather/2013/04/201341493439476979.html
2013-04-14,19:39:12,1cbjb6,154,N. Korea denounces S. Korea's dialogue offer as 'cunning ploy',m.koreaherald.com,http://m.koreaherald.com/view.php?ud=20130414000243
2013-04-14,08:21:39,1canxv,120,Russia has published the names of 18 U.S. citizens who are barred from Russia. The list includes those alleged to have been involved in the use of torture at Guantanamo bay.,businessinsider.com,http://www.businessinsider.com/russias-blacklist-of-us-officials-2013-4
2013-04-14,18:18:19,1cbhai,121,Russia bans 18 Americans from country in answer to US list: Former Bush staffers and Guantanamo Bay commanders on list released in response to US Treasury visa bans,guardian.co.uk,http://www.guardian.co.uk/world/2013/apr/13/russia-bans-18-americans-visa-sanctions
2013-04-14,03:29:07,1ca45z,110,"New bird flu (H7N9) well adapted to quickly infect. ""One thing of concern is the pace at which we are seeing the identification of cases."" US Center for Disease Control and Prevention says",edition.cnn.com,http://edition.cnn.com/2013/04/12/health/bird-flu/index.html?hpt=hp_t3
2013-04-14,21:03:16,1cblhk,97,China bird flu death toll rises to 13 as more cases reported,bloomberg.com,http://www.bloomberg.com/news/2013-04-13/beijing-confirms-child-s-h7n9-case-first-in-north-china.html
2013-04-14,09:02:52,1caqk5,89,"One of France's most dangerous gangsters, known for brazen attacks on cash-in-transit vehicles, on Saturday blasted his way out of jail after briefly taking several wardens hostage",google.com,http://www.google.com/hostednews/afp/article/ALeqM5gxs36jKUR3nxyfdyQijyzPUzJ9IA?docId=CNG.59f56d4a5bcf43c2fcb00e6720069f8c.3e1
2013-04-14,06:20:45,1cafug,94,North Korea nuclear weapons agreement reached by U.S. and China | National Post,cnssglobal.com,http://cnssglobal.com/2013/04/13/north-korea-nuclear-weapons-agreement-reached-by-u-s-and-china-world-news-national-post/#.UWnMHW5s_xI.reddit
2013-04-14,13:51:55,1cb7u7,90,Never mind aliens in outer space. Some scientists believe we may be sharing the planet with 'weird' lifeforms that are so different from our own they're invisible to us: Prof Cleland calls this ethereal dimension the shadow biosphere,guardian.co.uk,http://www.guardian.co.uk/science/2013/apr/14/shadow-biosphere-alien-life-on-earth
2013-04-14,12:53:09,1cb4mv,80,6.6 Magnitude Earthquake has occurred in the Bourgainville Region of Papua New Guinea.,earthquake.usgs.gov,http://earthquake.usgs.gov/earthquakes/eventpage/usb000g6lc#pager
2013-04-14,19:37:16,1cbj9n,74,France's top rabbi forced to quit after he admits he 'borrowed' from other peoples' work and lied about his education,dailymail.co.uk,http://www.dailymail.co.uk/news/article-2307509/Frances-rabbi-forced-quit-admits-borrowed-peoples-work-lied-education.html
2013-04-14,17:39:14,1cbgan,76,China breaking U.N sanctions to support North Korea.,telegraph.co.uk,http://www.telegraph.co.uk/news/worldnews/asia/northkorea/9991907/China-breaking-UN-sanctions-to-support-North-Korea.html#dsq-comments
2013-04-14,20:49:25,1cbl3z,68,"Wikileaks: Don't think you're supporting Pakistan, Indira Gandhi told Richard Nixon in 1971 - Nixon also called Gandhi 'old witch' when Kissinger met him hours after talks with her.",indianexpress.com,http://www.indianexpress.com/news/wikileaks-dont-think-youre-supporting-pak-indira-gandhi-told-richard-nixon-in-1971/1102314/
2013-04-14,03:37:52,1ca4qx,65,"The Popocatepetl volcano has spewed a dense cloud of ash over the central Mexico state of Puebla, with ash falling to the ground in several towns.",bigstory.ap.org,http://bigstory.ap.org/article/volcano-spews-ash-central-mexico
2013-04-14,21:16:45,1cblve,56,The Constitutional Convention in Ireland are 79% in favour of holding a referendum on Gay Marriage,independent.ie,http://www.independent.ie/irish-news/referendum-strongly-backed-for-samesex-marriage-29195120.html
