2013-05-04,00:54:09,1dmi10,3233,Tribes vow to fight-to-the-death to save Amazon rainforest,nbcnews.com,http://www.nbcnews.com/video/rock-center/51754456
2013-05-04,21:16:38,1dob32,2693,Israel confirms airstrike inside Syria,aljazeera.com,http://www.aljazeera.com/news/middleeast/2013/05/201354434558135.html
2013-05-04,09:07:55,1dnh26,2436,Sources: U.S. believes Israel has conducted an airstrike into Syria,cnn.com,http://www.cnn.com/2013/05/03/world/meast/israel-airstrike-syria/index.html?sr=reddit
2013-05-04,23:21:12,1dofv1,1178,"A large, unprecedentedly coordinated campaign in India has eradicated polio. If no new cases are recorded by the end of this year, India will be officially considered polio-free",csmonitor.com,http://www.csmonitor.com/World/Asia-South-Central/2013/0504/Could-India-s-polio-eradication-success-story-be-a-model-for-its-other-health-issues?nav=88-csm_category-topStories
2013-05-04,01:44:56,1dmlqz,647,Engineer who warned that Bangladesh building was unsafe has been arrested; death toll from building collapse tops 500,theusdaily.com,http://www.theusdaily.com/articles/viewarticle.jsp?id=2581623&type=home
2013-05-04,02:31:16,1dmp2c,641,China will not accept N. Korea as 'nuclear-armed state': official,english.yonhapnews.co.kr,http://english.yonhapnews.co.kr/northkorea/2013/05/03/0401000000AEN20130503008400315.HTML
2013-05-04,00:11:26,1dmf01,318,"No one should be jailed in secret, says top judge - Lord chief justice issues urgent guidance to judges following court of protection's imprisonment of Wanda Maddocks",guardian.co.uk,http://www.guardian.co.uk/law/2013/may/03/no-one-jail-secret-judge
2013-05-04,22:17:50,1dod7u,217,"In a $100 million strategically important move to counter China, India to upgrade Iran's crucial Chabahar port. Chabahar port will give India a transit route to land-locked Afghanistan.",ndtv.com,http://www.ndtv.com/article/india/in-a-100-million-move-to-counter-china-india-to-upgrade-iran-s-chabahar-port-362599?pfrom=home-lateststories
2013-05-04,02:48:11,1dmqci,217,Obama Blames U.S. For Gun Violence In Mexico,realclearpolitics.com,http://www.realclearpolitics.com/video/2013/05/03/obama_blames_us_for_gun_violence_in_mexico_pushes_for_gun_control.html
2013-05-04,15:06:33,1do0j4,207,Why are Buddhist monks attacking Muslims?,m.bbc.co.uk,http://m.bbc.co.uk/news/magazine-22356306
2013-05-04,22:22:58,1dodey,179,"""Unless domestic dairy companies improve the quality of their products substantially and stop using banned chemicals, and the government tightens supervision and punishes the enterprises guilty of poisoning our children, Chinese people will not believe in domestic products.""",english.peopledaily.com.cn,http://english.peopledaily.com.cn/90778/8224127.html
2013-05-04,16:43:07,1do3u6,156,US military secrets leaked to Chinese hackers for three years,rt.com,http://rt.com/usa/us-military-chinese-hackers-792/
2013-05-04,17:47:59,1do5mp,152,Japan calls for solving N.Korea human rights issue: The Japanese government held a symposium to raise international awareness of North Korea's abductions of foreign nationals in New York on Friday.,nhk.or.jp,http://www3.nhk.or.jp/nhkworld/english/news/20130504_14.html
2013-05-04,20:41:03,1doa1k,98,Chinese boat 'damaged' Philippine coral reef - Asia-Pacific - Al Jazeera English,aljazeera.com,http://www.aljazeera.com/news/asia-pacific/2013/05/20135410157992462.html
2013-05-04,15:28:59,1do1da,87,Canada accuses Qatar of trying to buy UN agency,hosted.ap.org,http://hosted.ap.org/dynamic/stories/C/CN_CANADA_QATAR_UN?SITE=AP&SECTION=HOME&TEMPLATE=DEFAULT&CTIME=2013-05-03-21-38-12
2013-05-04,08:23:44,1dnefb,80,China Is Censoring Jokes About Its Propaganda Machine's Penis-Shaped HQ,theatlanticwire.com,http://www.theatlanticwire.com/global/2013/05/peoples-daily-building-china-censorship/64845/
2013-05-04,05:05:50,1dn0q8,76,100 dead and rescuers trapped in Darfur gold mine disaster,rawstory.com,http://www.rawstory.com/rs/2013/05/03/100-dead-and-rescuers-trapped-in-darfur-gold-mine-disaster/
2013-05-04,03:24:54,1dmt3y,72,"Saudi royal family sold large amounts of Dell computer equipment to the Syrian government, while selling arms to rebels",businessinsider.com,http://www.businessinsider.com/saudi-royal-sold-dell-computers-to-assad-2013-5
2013-05-04,12:26:42,1dnss8,71,Air India pilots suspended for leaving cabin crew in charge of plane while they slept in business class,independent.co.uk,http://www.independent.co.uk/news/world/asia/air-india-pilots-suspended-for-leaving-cabin-crew-in-charge-of-plane-while-they-slept-in-business-class-8603075.html
2013-05-04,09:57:11,1dnjyw,69,Report: Israeli Airstrikes on Syria,fracturedparadigm.com,http://fracturedparadigm.com/2013/05/03/report-israeli-airstrikes-on-syria/
2013-05-04,00:16:57,1dmfcb,60,Revealed: Germany's secret bid to kill ban on bee-harming pesticides,guardian.co.uk,http://www.guardian.co.uk/environment/damian-carrington-blog/2013/may/03/bees-pesticides-neonicotinoid-germany
2013-05-04,01:53:02,1dmmb7,47,"China's ambassador to the US warned Washington not to ""lift the rock off Japan only to let it drop on its own feet"".",english.peopledaily.com.cn,http://english.peopledaily.com.cn/90883/8229395.html
2013-05-04,10:33:55,1dnm7i,45,Israel airstrikes in Syria,reuters.com,http://www.reuters.com/article/2013/05/04/us-syria-crisis-israel-usa-idUSBRE94300B20130504
2013-05-04,18:22:12,1do6hn,45,BBC News - Syrians flee 'massacres' in Baniyas and al-Bayda,bbc.co.uk,http://www.bbc.co.uk/news/world-middle-east-22410392
2013-05-04,06:34:21,1dn728,35,"""Norwegian Parliament Approves Extreme Version Of SOPA,"" is this a real thing?",techdirt.com,http://www.techdirt.com/articles/20130502/07304622913/norwegian-parliament-approves-extreme-version-sopa-ignores-all-sorts-rights-if-someone-yells-copyright.shtml
2013-05-04,01:04:09,1dmipo,33,"Three deaths lift China's H7N9 fatality count to 27, case count remains at 128",cidrap.umn.edu,http://www.cidrap.umn.edu/cidrap/content/influenza/avianflu/news/may0213china.html
2013-05-04,00:31:20,1dmgcy,28,US Refueling Plane Explodes Mid-Air in Kyrgyzstan,news.yahoo.com,http://news.yahoo.com/u-military-plane-disappears-radar-kyrgyz-kazakh-border-102355010.html
2013-05-04,04:02:40,1dmvyq,29,Why it’s great news that China wants to mediate Israel-Palestine talks,washingtonpost.com,http://www.washingtonpost.com/blogs/worldviews/wp/2013/05/03/why-its-great-news-that-china-wants-to-mediate-israel-palestine-talks/
2013-05-04,14:04:57,1dnxvc,26,"Digitizing history: 82,000-manuscript collection Vatican Library goes online",thestar.com,http://www.thestar.com/news/world/2013/05/02/digitizing_history_82000manuscript_collection_vatican_library_goes_online.html
2013-05-04,05:27:07,1dn29b,21,"Gunmen killed Pakistan's main government prosecutor on the Benazir Bhutto murder case in Islamabad before escaping on a motorbike, police said. State prosecutor Chaudhry Zulfiqar Ali was shot in the head, shoulder and chest in the attack on Friday.",aljazeera.com,http://www.aljazeera.com/video/asia/2013/05/20135333253931522.html?utm_source=feedly
