2013-04-08,20:52:49,1bwubq,3420,Ex-Prime Minister Margaret Thatcher has died following a stroke,bbc.co.uk,http://www.bbc.co.uk/news/uk-politics-22067155
2013-04-08,07:30:58,1bvn5g,2417,Iceland voted the friendliest place on earth,independent.co.uk,http://www.independent.co.uk/news/world/europe/foreigners-are-cool-icelands-lesson-for-britain-as-isolated-island-is-voted-the-friendliest-place-on-earth-8562602.html
2013-04-08,01:24:26,1buwg6,2028,"Swiss offer to mediate in North Korea crisis, foreign ministry already made contact with the North Korean authorities",chicagotribune.com,"http://www.chicagotribune.com/news/sns-rt-us-korea-north-swissbre93602g-20130407,0,1304928.story"
2013-04-08,19:45:38,1bws0u,1477,Germany: Thieves Swipe 5 Tons of Nutella,nytimes.com,http://www.nytimes.com/aponline/2013/04/08/world/europe/ap-eu-germany-nutella-heist.html?smid=re-share
2013-04-08,04:07:53,1bv7vh,1094,"The Canadian government has barred scientists from entering the Experimental Lakes Area in Ontario. As funding for the freshwater research station dried up this week, scientists with on-going projects at the facility were left wondering about the future of their research.",blogs.nature.com,http://blogs.nature.com/news/2013/04/canada-shutters-research-lakes-facilities.html
2013-04-08,21:37:22,1bwwip,643,N. Korea to withdraw all its workers from Kaesong complex,english.yonhapnews.co.kr,http://english.yonhapnews.co.kr/northkorea/2013/04/08/74/0401000000AEN20130408009800315F.HTML
2013-04-08,12:44:17,1bwa5e,625,"Wikileaks releases ""Kissinger Cables"" with 2 million documents.",search.wikileaks.org,https://search.wikileaks.org/plusd/pressrelease/?nocache
2013-04-08,04:44:38,1bvam8,431,120 tons of radioactive water leak out of Fukushima plant,reuters.com,http://www.reuters.com/video/2013/04/07/second-tank-leak-found-at-japans-fukushi?videoId=242100385&videoChannel=1
2013-04-08,23:59:01,1bx50n,397,Prime Minister of Iceland visits China with HER wife - Anticipation over reactions,newsoficeland.com,http://www.newsoficeland.com/home/politics/foreign-affairs/item/1072-prime-minister-of-iceland-visits-china-with-her-wife-anticipation-over-reactions
2013-04-08,17:34:55,1bwo01,364,British grandmother sentenced to death by firing squad for drug trafficking in Indonesia.,bbc.co.uk,http://www.bbc.co.uk/news/uk-22061670
2013-04-08,01:58:56,1buyq4,354,Britons accused of drug offences in Dubai are refused legal visits and claim to have been tortured (including electrocuting testicles),bbc.co.uk,http://www.bbc.co.uk/news/uk-22057331
2013-04-08,02:12:03,1buzn8,276,An oil discovery is expected earn the Falkands $10.5 billion over the next 25 years,businessweek.com,http://www.businessweek.com/articles/2013-04-04/the-falkland-islands-brace-for-oil-wealth
2013-04-08,21:54:03,1bwxe4,249,Bemused Vladimir Putin and Angela Merkel confronted by topless Femen protester in Hanover,telegraph.co.uk,http://www.telegraph.co.uk/news/worldnews/vladimir-putin/9978447/Bemused-Vladimir-Putin-and-Angela-Merkel-confronted-by-topless-Femen-protester-in-Hanover.html
2013-04-08,19:07:43,1bwqs7,240,"Greek Commission Concludes Germany Owes Billions in War Reparations ""The total could be enough to solve the country's debt problems, but the Greek government is wary of picking a fight with its paymaster.""",spiegel.de,http://www.spiegel.de/international/europe/greek-commission-concludes-germany-owes-billions-in-war-reparations-a-893084.html#.UWKW2LgFZzk.reddit
2013-04-08,10:13:09,1bvz6j,232,North Korea seen readying for fourth nuclear test,reuters.com,http://www.reuters.com/article/2013/04/08/us-korea-north-nuclear-idUSBRE93701220130408
2013-04-08,22:45:45,1bx07q,217,Why Japan is the most interesting story in global economics right now,washingtonpost.com,http://www.washingtonpost.com/blogs/wonkblog/wp/2013/04/08/why-japan-is-the-most-interesting-story-in-global-economics-right-now/
2013-04-08,11:27:33,1bw4p9,210,WikiLeaks is to publish more than 1.7 million US diplomatic and intelligence documents,theaustralian.com.au,http://www.theaustralian.com.au/news/breaking-news/wikileaks-to-release-more-us-documents/story-fn3dxix6-1226614824535
2013-04-08,10:09:33,1bvyx1,178,Gaza police shaving heads of long-haired youths. 'It is the latest sign that the Islamic militants are imposing their strict practices on the population',telegraph.co.uk,http://www.telegraph.co.uk/news/worldnews/middleeast/palestinianauthority/9977967/Gaza-police-shaving-heads-of-long-haired-youths.html
2013-04-08,11:19:23,1bw43t,178,Bangladeshi PM Sheikh Hasina has firmly rejected demands by Islamists for a new anti-blasphemy law to punish those who defame Islam and Prophet Muhammad,bbc.co.uk,http://www.bbc.co.uk/news/world-asia-22058462
2013-04-08,22:20:01,1bwyql,112,Pirates of the Caribbean: Global Resistance to Tax Havens Grows - Tax havens cause hundreds of millions of euros in annual damage to national economies around the world and they create an uncontrollable parallel economy.,spiegel.de,http://www.spiegel.de/international/world/offshore-leaks-gives-boost-to-global-resistance-against-tax-havens-a-892977.html
2013-04-08,07:02:13,1bvkzc,102,France ‘to buy US drones’,france24.com,http://www.france24.com/en/20130407-france-usa-drones-military-defence-mali
2013-04-08,00:23:31,1buswn,86,Pope orders Vatican officials to tackle child sex abuse scandals,guardian.co.uk,http://www.guardian.co.uk/world/2013/apr/05/pope-vatican-child-sex-abuse
2013-04-08,08:55:13,1bvt98,74,Police allege man was sexually assaulted by 4 women,cbc.ca,http://www.cbc.ca/news/canada/toronto/story/2013/04/07/toronto-sexual-assault-four-female-suspects.html
2013-04-08,21:58:58,1bwxlm,63,"North Korea ready for new nuclear test, says South - video | World news",guardian.co.uk,http://www.guardian.co.uk/world/video/2013/apr/08/north-korea-nuclear-test-video
2013-04-08,06:19:45,1bvhrl,60,Tepco finds second pit leaking in Fukushima,japantimes.co.jp,http://www.japantimes.co.jp/news/2013/04/08/national/tepco-finds-second-pit-leaking-in-fukushima/#.UWHi0pz1xUA
2013-04-08,18:05:21,1bwoyw,58,"Temple priest abducts, rapes woman; sells her for Rs 40,000 in India",ibnlive.in.com,http://ibnlive.in.com/news/mp-temple-priest-abducts-rapes-woman/382713-3.html
2013-04-08,13:15:23,1bwca0,50,N. Korea may conduct simultaneous missile-nuclear test as early as this week to provoke an escalation from Washington & Seoul,bloomberg.com,http://www.bloomberg.com/news/2013-04-08/north-korea-may-conduct-joint-missile-nuclear-tests-south-says.html
2013-04-07,23:39:45,1buql1,48,"Japan's unprecedented stimulus will start currency war, say Chinese economists calling it ""a monetary blackmail""",scmp.com,http://www.scmp.com/news/article/1208127/japan-stimulus-plan-will-start-currency-war-say-china-economists
2013-04-08,11:01:00,1bw2pj,46,North Korea planning a fourth nuclear test - reports,news.com.au,http://www.news.com.au/world-news/north-korea-fourth-nuclear-test-may-be-planning-a-missile-launch-on-wednesday/story-fndir2ev-1226614547853
2013-04-08,10:49:33,1bw1vf,43,"China's leaders issued thinly veiled rebukes to North Korea for raising regional tensions, with the president saying no country should throw the world into chaos and the foreign minister warning that Beijing would not allow mischief on its doorstep.",reuters.com,http://www.reuters.com/article/2013/04/08/us-korea-north-idUSBRE93408020130408
