2013-08-18,09:52:51,1kkwa2,3684,TIME journalist says 'I can't wait to write a defense of the drone strike that takes out Julian Assange.' Here's the deleted tweet. Wikileaks have responded by demanding his resignation.,archive.is,http://archive.is/KtnuJ
2013-08-18,22:51:36,1klrz3,2260,Ecuador Asked the World to Pay it Not to Drill for Oil. The World Said No. So oil exploration is to begin in Yasuní National Park in the Amazon Rain Forest.,washingtonpost.com,http://www.washingtonpost.com/blogs/wonkblog/wp/2013/08/16/ecuador-asked-the-world-to-pay-it-not-to-drill-for-oil-the-world-said-no/?tid=pm_business_pop
2013-08-18,08:09:10,1kkq0m,2107,Australia to cut tax benefit for parents who don't immunise children,abc.net.au,http://www.abc.net.au/news/2013-08-18/labor-to-cut-tax-benefit-for-parent-who-don27t-immunise-childr/4894390
2013-08-18,19:52:04,1klm6a,1552,"Writer and journalist Will Self was stopped by police while out walking with his son because they suspected he was a paedophile, he has said.",irishtimes.com,http://www.irishtimes.com/news/world/uk/will-self-furious-over-paedophile-police-stop-1.1497783
2013-08-18,23:08:28,1klsof,1505,Germany acknowledges Bitcoin as currency,tagesschau.de,http://www.tagesschau.de/wirtschaft/bitcoin100.html
2013-08-18,03:28:48,1kk7yt,985,"Canadians Warn Americans: Don’t Trust Harper’s Tar Sands Rhetoric – Production of heavy crude oil from the Alberta tar sands is Canada’s fastest growing source of greenhouse gas emissions, & if expansion continues as govt & industry project, they'll cancel out every effort to mitigate emissions",ens-newswire.com,http://ens-newswire.com/2013/08/14/canadians-warn-obama-dont-trust-harpers-tar-sands-rhetoric/
2013-08-18,01:36:08,1kk0uc,863,"Police Passed New Information on Princess Diana's death: ""It's not clear exactly what this information is, but we understand that it points to an allegation that Diana and those in the car with her were murdered.""",news.sky.com,http://news.sky.com/story/1129902/dianas-death-police-passed-new-information
2013-08-18,03:19:38,1kk7dx,707,Poll: 71% of Egyptians do not sympathize with pro-Morsi protesters,egyptindependent.com,http://www.egyptindependent.com/news/opinion-poll-71-egyptians-do-not-sympathize-pro-morsy-protesters
2013-08-18,00:12:49,1kjvy3,506,Germany to become first European state to allow ‘third gender’ birth certificates,rt.com,http://rt.com/news/third-gender-birth-germany-592/
2013-08-18,04:34:29,1kkcac,249,"Al-Jazeera raided, journalists assaulted in Egypt",tahrirsquared.com,http://tahrirsquared.com/node/5705
2013-08-18,22:56:33,1kls5i,238,Chile fights GMO in national protest against ‘Monsanto law’,rt.com,http://rt.com/news/chile-protest-monsanto-law-634/
2013-08-18,20:25:56,1kln1n,215,Scotland Yard to assess fresh claims over death of Princess Diana: A new file includes allegations that a former SAS soldier claimed to know who “arranged Princess Diana's death and that it had been covered up”,independent.co.uk,http://www.independent.co.uk/news/uk/crime/scotland-yard-to-assess-fresh-claims-over-death-of-princess-diana-8772691.html
2013-08-18,22:48:11,1klru9,214,"Egypt’s Islamists target Christian churches, schools in backlash as chaos spreads ""After torching a Franciscan school, Islamists paraded 3 nuns on the streets like 'prisoners of war' before a Muslim woman offered them refuge. Two other women working at the school were sexually harassed and abused""",washingtonpost.com,http://www.washingtonpost.com/world/middle_east/egypts-islamists-target-christian-churches-schools-in-backlash-as-chaos-spreads/2013/08/17/56b12a28-079b-11e3-bfc5-406b928603b2_story.html?tid=rssfeed
2013-08-18,00:13:06,1kjvyl,150,"2014 Sochi Olympics -- Controversy, not competition, dominates headlines six months out due to Russia's anti-gay laws",espn.go.com,http://espn.go.com/espnw/news-commentary/article/9545819/2014-sochi-olympics-controversy-not-competition-dominates-headlines-six-months-out?ex_cid=2013_bnnr_ESPNWTDFY13_MyLikesD_aqsn
2013-08-18,01:34:18,1kk0qe,147,Mohammed Al-Zawahiri Arrested: Brother Of Al-Qaeda Chief Ayman Al-Zawahiri Arrested In Egypt,huffingtonpost.com,http://www.huffingtonpost.com/2013/08/17/mohammed-al-zawahiri-arrested_n_3772315.html
2013-08-18,14:55:23,1kld93,135,Report: UN panel finds it's 95 percent likely humans cause of climate change,thehill.com,http://thehill.com/blogs/e2-wire/e2-wire/317519-report-un-panel-says-95-likely-humans-are-main-cause-of-climate-change
2013-08-18,10:44:16,1kkzhs,131,"Egypt’s Coptic Church Announces Support For Military Against Muslim Brotherhood, Rips Western Media’s Pro-Islamist Reporting",english.alarabiya.net,http://english.alarabiya.net/en/News/middle-east/2013/08/17/Egypt-s-Coptic-Church-announces-support-for-army-police.html
2013-08-18,08:27:07,1kkr3l,130,Latin America stands up against US espionage,english.pravda.ru,http://english.pravda.ru/world/americas/15-08-2013/125396-latin_america-0/
2013-08-18,20:51:03,1klnqh,124,Venezuela's Anti-Gay Politicians - Politicians at the highest levels of the Venezuelan govt are hurling anti-gay slurs & accusing each other of being gay,thedailybeast.com,http://www.thedailybeast.com/articles/2013/08/18/venezuela-s-anti-gay-politicians.html
2013-08-18,05:30:16,1kkftt,98,"Egyptian prosecutors have placed 250 Muslim Brotherhood supporters under investigation for murder, attempted murder and terrorism",reuters.com,http://www.reuters.com/article/2013/08/17/us-egpyt-protests-investigation-idUSBRE97G09U20130817
2013-08-18,20:08:33,1klmkz,91,WikiLeaks posts 400 GBs of encrypted ‘insurance’ data online — That No One Can Open..,rt.com,http://rt.com/news/wikileaks-encrypted-files-facebook-626/
2013-08-18,17:55:49,1kljc2,81,Saudi billionaire Prince Alwaleed bin Talal has fired the director of an Islamic TV channel for his role as the leader of the Muslim Brotherhood in Kuwait,bigstory.ap.org,http://bigstory.ap.org/article/saudi-prince-fires-director-islamic-tv-channel
2013-08-18,11:15:56,1kl1c7,68,"After torching a Franciscan school, Islamists paraded three nuns on the streets like ""prisoners of war"" before a Muslim woman offered them refuge",bigstory.ap.org,http://bigstory.ap.org/article/egypt-islamists-hit-christian-churches
2013-08-18,10:37:37,1kkz3v,52,Leader of Mexican Gulf Cartel Captured,uk.reuters.com,http://uk.reuters.com/article/2013/08/18/uk-mexico-drugs-idUKBRE97G0BA20130818?feedType=RSS&feedName=worldNews
2013-08-18,10:20:26,1kkxzg,53,How American Hopes for a Deal in Egypt Were Undercut. The violent crackdown has left Mr. Obama in a no-win position: risk a partnership or stand by while longtime allies try to hold on to power by mowing down opponents. The Israelis and Saudis have lobbied him to go easy on the generals.,nytimes.com,http://www.nytimes.com/2013/08/18/world/middleeast/pressure-by-us-failed-to-sway-egypts-leaders.html?smid=re-share
2013-08-18,23:50:32,1klupf,38,Free Schools reintroduce Section 28 style ban on ‘promotion’ of gay issues (United Kingdom),pinknews.co.uk,http://www.pinknews.co.uk/2013/08/17/three-schools-reintroduce-section-28-style-ban-on-promotion-of-gay-issues/
2013-08-18,07:20:40,1kkmym,38,Correa calls Chevron the enemy of Ecuador,bangkokpost.com,http://www.bangkokpost.com/news/world/365177/chevron-is-enemy-of-ecuador-correa
2013-08-18,10:11:09,1kkxf0,30,"WikiLeaks releases 349 GB ""insurance"" file, no one can open it",businessinsider.com,http://www.businessinsider.com/wikileaks-insurance-file-2013-8
2013-08-18,21:29:43,1kloye,23,U.S. regulators investigate JPMorgan over hiring of children of Chinese officials in anti-bribery probe,bloomberg.com,http://www.bloomberg.com/news/2013-08-18/u-s-regulator-probes-jpmorgan-over-china-hires-nytimes.html
2013-08-18,03:51:42,1kk9fl,23,One of Lebanon's most powerful Sunni politicians has accused the leader of the Shiite militant Hezbollah group of dragging the country further into neighboring Syria's civil war,bigstory.ap.org,http://bigstory.ap.org/article/sunni-leader-hezbollah-dragging-lebanon-war
