2013-07-15,00:48:03,1ia34y,3199,"Snowden: I did not seek to enrich myself. I did not seek to sell US secrets. I did not partner with any foreign government to guarantee my safety. I took what I knew to the public, so what affects all of us can be discussed by all of us in the light of day, and I asked the world for justice.",informationclearinghouse.info,http://www.informationclearinghouse.info/article35523.htm
2013-07-15,01:35:20,1ia5xk,3005,Reykjavík to end sister cities relationship with Moscow because of gay rights violations in Russia,icelandreview.com,http://www.icelandreview.com/icelandreview/daily_news/?cat_id=29314&ew_0_a_id=401520
2013-07-15,03:27:35,1iadc1,2750,19 year-old Hacker Reveals How Brazil's Elections Were Rigged,translate.googleusercontent.com,http://translate.googleusercontent.com/translate_c?depth=1&nv=1&rurl=translate.google.com&sl=auto&tl=en&u=http://www.folhapolitica.org/2013/07/hacker-de-19-anos-revela-como-fraudou.html%3Fm%3D1&usg=ALkJrhhwXwzfqv3WU7wPDfFKB9W5QWWImQ
2013-07-15,09:39:55,1ib2yf,2600,"Linguist Finds a Language in Its Infancy - the language, called Warlpiri rampaku, created by children, is spoken only by people under 35 in Lajamanu, an isolated village in Northern Australia",nytimes.com,http://www.nytimes.com/2013/07/16/science/linguist-finds-a-language-in-its-infancy.html?hp&_r=0
2013-07-15,22:29:42,1ic6el,2537,‘Heroic effort at great personal cost’: Edward Snowden nominated for Nobel Peace Prize,rt.com,http://rt.com/news/snowden-nominated-nobel-peace-099/
2013-07-15,23:46:42,1icb95,1075,"Slavery is a $32bn global industry, so why aren't we following the money trail?",guardian.co.uk,http://www.guardian.co.uk/global-development/poverty-matters/2013/jul/15/slavery-industry-money-human-trafficking
2013-07-15,21:11:52,1ic2g9,1027,Britain to use secret evidence in court: The Justice and Security Act 2013 (JSA) came into force this month. The key provision contained within the legislation creates a new judicial procedure which will permit the use of secret evidence in any civil trial in the UK.,wsws.org,https://www.wsws.org/en/articles/2013/07/15/jsa-j15.html
2013-07-15,16:39:19,1ibsfk,896,EU Commissioner: We Don’t Want U.S. Reading Our Mail and Listening to Our Phone Calls,allthingsd.com,http://allthingsd.com/20130715/eu-commissioner-we-dont-want-u-s-reading-our-mail-and-listening-to-our-phone-calls/
2013-07-15,08:45:29,1iaza6,722,Israeli PM threatens to attack Iran,aljazeera.com,http://www.aljazeera.com/news/middleeast/2013/07/2013714214528446397.html
2013-07-15,18:41:46,1ibwwf,688,"'World's Oldest Calendar' Discovered in Scottish Field - It's thousands of years older than previous known formal time-measuring monuments created in Mesopotamia. ""It is remarkable to think our aerial survey helped find the place where time itself was invented.""",bbc.co.uk,http://www.bbc.co.uk/news/uk-scotland-north-east-orkney-shetland-23286928
2013-07-15,21:46:50,1ic43i,462,China aims to quadruple solar power generating capacity within two years,blogs.wsj.com,http://blogs.wsj.com/chinarealtime/2013/07/15/china-raises-2015-target-for-solar-power-capacity/
2013-07-15,22:23:01,1ic61a,461,Poland bans Kosher slaughter of animals. Ethical or Intolerant?,huffingtonpost.com,http://www.huffingtonpost.com/2013/07/15/poland-kosher-slaughter-ban_n_3597550.html?ncid=edlinkusaolp00000003
2013-07-15,17:12:04,1ibtnl,417,Australias largest telco stored data for FBI,rt.com,http://rt.com/news/telstra-australia-us-surveillance-004/
2013-07-15,18:49:51,1ibx6f,392,"NHS Hit for Millions by Overcharging Scam - Drug companies exploit loophole in the law to hike prices by as much as 2,000%",independent.co.uk,http://www.independent.co.uk/news/uk/politics/nhs-hit-for-millions-by-overcharging-scam-8708292.html
2013-07-15,00:52:04,1ia3dh,370,Egypt 'freezes assets' of Muslim Brotherhood leaders,bbc.co.uk,http://www.bbc.co.uk/news/world-middle-east-23308838
2013-07-15,19:33:53,1ibyq8,367,Police continued to fire Tasers at chests – despite cardiac arrest warnings,m.guardian.co.uk,http://m.guardian.co.uk/uk-news/2013/jul/14/police-tasers-cardiac-arrest-warnings
2013-07-15,02:57:39,1iabap,342,"The Arab spring: has it failed? Roughly two-and-a-half years after the revolutions in the Arab world, not a single country is yet plainly on course to become a stable, peaceful democracy",economist.com,http://www.economist.com/news/leaders/21581734-despite-chaos-blood-and-democratic-setbacks-long-process-do-not-give-up?fsrc=scn/fb/wl/pe/hasitfailed
2013-07-15,20:40:03,1ic125,339,Saudi Arabia has built missile launch pads that target both Iran and Israel with ballistic missiles,usatoday.com,http://www.usatoday.com/story/news/world/2013/07/14/saudi-missile-sites-target-iran-israel/2510157/
2013-07-15,16:44:30,1ibslm,305,4 senior executives from pharmaceutical company GlaxoSmithKline are being held by Chinese police on suspicion of bribery,english.cri.cn,http://english.cri.cn/6826/2013/07/15/2701s775843.htm
2013-07-15,07:27:08,1iatz6,263,China naval fleet seen off northern Japan,france24.com,http://www.france24.com/en/20130714-china-naval-fleet-seen-off-northern-japan
2013-07-15,08:00:08,1iaw9a,248,US blocks crackdown on tax avoidance by net firms like Google and Amazon; US forced the watering down of tough new international tax reform rules,guardian.co.uk,http://www.guardian.co.uk/business/2013/jul/14/us-tax-avoidance-google-amazon
2013-07-15,01:23:50,1ia58p,217,How International Justice Is Being Gutted: Critics accuse one judge of creating legal precedents that make it impossible to convict senior commanders for human rights abuses.,theatlantic.com,http://www.theatlantic.com/international/archive/2013/07/how-international-justice-is-being-gutted/277767/
2013-07-15,12:32:44,1ibeyw,192,Italian senator says black minister has 'features of orangutan',m.guardian.co.uk,http://m.guardian.co.uk/world/2013/jul/14/italian-senator-roberto-calderoli-cecile-kyenge
2013-07-15,10:27:50,1ib68q,192,Intelligence agencies suspect that the well-established drug cartels in China's Xinjiang province pushing fake currency into India with the help of Pakistan spy agency ISI.,timesofindia.indiatimes.com,http://timesofindia.indiatimes.com/india/China-new-route-to-smuggle-fake-currency-into-India/articleshow/21075881.cms
2013-07-15,15:09:56,1ibohk,178,"Racist attacks on the rise in Greece: Violence against foreigners and immigrants are on the rise in Greece, as the country suffers from a recent economic downturn and increased violent activity from suspected neo-Nazis.",news24.com,http://www.news24.com/World/News/Racist-attacks-on-the-rise-in-Greece-20130715
2013-07-15,15:30:22,1ibpge,145,"Magna Carta copies to be reunited to mark 800th anniversary - The four surviving original copies of Magna Carta will be brought together in 2015 for the first time in history, the British Library has announced.",bbc.co.uk,http://www.bbc.co.uk/news/uk-23304764
2013-07-15,14:44:11,1ibn7y,127,Israeli court: Real estate transaction that evicted Palestinian family was forged,haaretz.com,http://www.haaretz.com/news/national/israeli-court-real-estate-transaction-that-evicted-palestinian-family-was-forged.premium-1.535756
2013-07-15,15:40:07,1ibpwj,114,Iranian MP outraged after discovered his office was wiretapped by Intelligence Ministry.,nytimes.com,http://www.nytimes.com/2013/07/15/world/middleeast/iran-legislators-wiretapped-office-prompts-call-for-inquiry.html?_r=0
2013-07-15,01:23:45,1ia58f,100,"Police in São Paulo state killed one suspect for every 229 they arrested last year, according to government figures, compared with one per 31,575 in the U.S. in 2011.",online.wsj.com,http://online.wsj.com/article/SB10001424127887323836504578553643435119434.html
2013-07-15,03:11:08,1iac8h,105,Egypt freezes Muslim Brotherhood funds,aljazeera.com,http://www.aljazeera.com/news/middleeast/2013/07/2013714145744713127.html
