2013-11-24,10:06:25,1rboi3,3577,Iran nuclear deal reached,bbc.co.uk,http://www.bbc.co.uk/news/world-middle-east-25074729
2013-11-24,01:10:38,1ralj4,2441,"‘I Sold My Sister for 300 Dollars’ Jordanians, Egyptians and Saudis are visiting Syrian refugee camps to buy virgins. They pay 300 dollars, and they get the girl of their dreams.",alternet.org,http://www.alternet.org/world/i-sold-my-sister-300-dollars?paging=off&current_page=1#bookmark
2013-11-24,06:04:13,1rb7fm,2378,"Bacterium found in New zealand - ""resistant to every single antibiotic known""",wired.com,http://www.wired.com/wiredscience/2013/11/end-abx/
2013-11-24,22:17:13,1rckii,1992,"Swiss voters are saying ""no"" to a proposal that would limit executive pay to 12 times that of the lowest paid",bbc.co.uk,http://www.bbc.co.uk/news/business-25076879
2013-11-24,02:29:28,1rardi,1755,"Secretive trade pact called 'most harmful ever' for affordable medicine - Global health advocates say the Trans-Pacific Partnership, a proposed trade agreement between the US and 11 other countries, is an attack on public health.",globalpost.com,http://www.globalpost.com/dispatches/globalpost-blogs/global-pulse/trans-pacific-partnership-affordable-medicine
2013-11-24,05:00:39,1rb2nh,1715,U.K. intern died of seizure after working 72 hours straight,cbc.ca,http://www.cbc.ca/news/business/london-bank-intern-died-of-epileptic-seizure-coroner-finds-1.2436988
2013-11-24,22:10:44,1rck7y,1618,"Jihadists cut down a 150-year-old oak tree in Atme, on Syria's border with Turkey, after they accused locals of worshiping it",france24.com,http://www.france24.com/en/20131122-jihadists-cut-down-150-year-old-oak-syria
2013-11-24,21:15:06,1rci2v,867,Homosexuals in India Demand an End to Discrimination,abcnews.go.com,http://abcnews.go.com/International/wireStory/indian-gays-demand-end-discrimination-20994439
2013-11-24,07:21:14,1rbd48,441,Dangerous escalation as China declares military control of airspace over islands that are claimed by both China and Japan.,japantimes.co.jp,http://www.japantimes.co.jp/news/2013/11/23/national/china-sets-up-air-defense-id-zone-above-senkakus/#.UpE3EsTbOlt
2013-11-24,18:36:34,1rcda4,311,Neo-Nazi Wins Regional Election in Slovakia,abcnews.go.com,http://abcnews.go.com/International/wireStory/neo-nazi-wins-regional-election-slovakia-20994215
2013-11-24,04:21:27,1razr3,226,"Latvians in few hours donate more than 400k dollars to help victim's families. 54 confirmed dead in supermarket collapse in Riga, Latvia.",reuters.com,http://www.reuters.com/article/2013/11/23/us-latvia-collapse-idUSBRE9AM0BO20131123
2013-11-24,20:44:45,1rch0z,210,Former CEO of British Co-Op Bank and a Methodist minister caught on tape buying £300 worth of crack cocaine by an acquittance met on GRINDR. - The Crystal Methodist 'who didn't believe in God'...,dailymail.co.uk,http://www.dailymail.co.uk/news/article-2512511/Sex-drugs-blasphemy-depravity-arrogance-Crystal-Methodist-didnt-believe-God--brazen-texts.html?ICO=most_read_module
2013-11-24,14:49:10,1rc5ck,203,Israelis Attack Palestinian Farmers near Hebron,english.wafa.ps,http://english.wafa.ps/index.php?action=detail&id=23684
2013-11-24,22:09:29,1rck5u,198,Huge Ukraine rally over EU agreement delay,bbc.co.uk,http://www.bbc.co.uk/news/world-europe-25078952
2013-11-24,00:58:34,1raknz,187,"Climate Activists: Carbon Trading a ""False Solution"" Pushed by Bankers and Bureaucrats",democracynow.org,http://www.democracynow.org/2013/11/22/climate_activists_carbon_trading_a_false
2013-11-24,08:21:30,1rbhcg,172,Boeing is alerting airlines about possible engine icing problems on some of its new planes. It is recommending that planes with a specific General Electric engine avoid flying near thunderstorms that might contain ice crystals.,hosted.ap.org,http://hosted.ap.org/dynamic/stories/U/US_BOEING_ENGINE_ICING?SITE=AP&SECTION=HOME&TEMPLATE=DEFAULT
2013-11-24,09:42:39,1rbmvd,174,Proposed date for Scottish independence named,bbc.co.uk,http://www.bbc.co.uk/news/uk-scotland-scotland-politics-25070576
2013-11-24,03:01:35,1rats3,131,"Italy's Mount Etna erupts, showers volcanic ash on towns",ctvnews.ca,http://www.ctvnews.ca/world/italy-s-mount-etna-erupts-showers-volcanic-ash-on-nearby-towns-1.1557175
2013-11-24,22:39:05,1rclgf,135,Israel condemns Iran nuclear deal as 'historic mistake',theguardian.com,http://www.theguardian.com/world/2013/nov/24/israel-condemns-iran-nuclear-deal-binyamin-netanyahu
2013-11-24,21:14:32,1rci26,128,"China creates air-defense zone around Japan controlled islands, escalates hostilities over disputed territory.",politico.com,http://www.politico.com/politico44/2013/11/hagel-us-deeply-concerned-with-china-air-defense-map-178217.html?hp=r3
2013-11-24,09:48:31,1rbnaf,112,"Switzerland votes this weekend on whether to limit executives' pay at twelve times that of their lowest-paid worker. In the run up to the referendum, the issue has become a national talking point, with both sides stoking public resentments and fears.",spiegel.de,http://www.spiegel.de/international/europe/swiss-debate-about-1-12-executive-pay-cap-initiative-heats-up-a-935114.html
2013-11-24,04:49:10,1rb1ug,112,11 teachers administering polio vaccine in Pakistani tribal area are abducted,worldnews.nbcnews.com,http://worldnews.nbcnews.com/_news/2013/11/23/21587288-11-teachers-administering-polio-vaccine-in-pakistani-tribal-area-are-abducted?lite
2013-11-24,16:37:27,1rc9q2,105,"""Scientists in Spain say they'll attempt to clone an extinct mountain goat using frozen, preserved cells taken from the last living animal before it died. The species known as a . . . Pyrenean ibex, went extinct in 2000, but cells from the last animal were collected and frozen in liquid nitrogen.""",upi.com,http://www.upi.com/Science_News/2013/11/22/Scientists-to-try-to-bring-extinct-mountain-goat-back-through-cloning/UPI-63431385167200/
2013-11-24,22:03:10,1rcjv0,90,1:12 salary cap referendum in Switzerland fails by wide margin,swissinfo.ch,http://www.swissinfo.ch/eng/swiss_news/Vote_results.html?cid=37265734
2013-11-24,17:44:31,1rcbs0,90,Israel denounces Iranian nuclear deal,jpost.com,http://www.jpost.com/Iranian-Threat/News/Israel-denounces-Iranian-nuclear-deal-says-it-will-review-options-332800
2013-11-24,10:26:31,1rbpwk,59,Iran nuclear deal reached in Geneva,cbc.ca,http://www.cbc.ca/news/world/iran-nuclear-deal-reached-in-geneva-1.2437742
2013-11-24,00:34:27,1raj3w,50,Ukraine: thousands gather in Kyiv for pro-EU rally,euronews.com,http://www.euronews.com/2013/11/22/ukraine-thousands-gather-in-kyiv-for-pro-eu-rally/
2013-11-24,23:43:22,1rcou4,42,BBC News - Unidentified US national held by North Korea,bbc.co.uk,http://www.bbc.co.uk/news/world-asia-25058345
2013-11-24,06:09:51,1rb7ug,46,"Law students confront NSA deputy director at event, blast spying",theguardian.com,http://www.theguardian.com/world/2013/nov/23/nsa-inglis-data-sharing-domestic-fbi
2013-11-24,23:21:52,1rcnma,35,Egypt passes law restricting public protests,aljazeera.com,http://www.aljazeera.com/news/middleeast/2013/11/egypt-passes-law-restricting-public-protests-2013112413847867334.html
