2013-02-03,03:48:33,17rmji,2389,"Saudi preacher gets off light for raping, killing daughter",english.ahram.org.eg,http://english.ahram.org.eg/News/63885.aspx
2013-02-03,19:29:45,17sxky,1954,New Saudi fatwah - baby girls must be veiled to stop sexual assault,english.alarabiya.net,http://english.alarabiya.net/articles/2013/02/03/264031.html
2013-02-03,01:20:53,17rd61,1287,The Nordic countries are probably the best-governed in the world,economist.com,http://www.economist.com/news/special-report/21570835-nordic-countries-are-probably-best-governed-world-secret-their
2013-02-03,20:36:21,17sz3b,813,"
After 30 years, is a GM food breakthrough finally here? Golden rice, a new strain that boosts vitamin A levels and reduces blindness in developing countries, is about to be sown in the Philippines
",guardian.co.uk,http://www.guardian.co.uk/environment/2013/feb/02/genetic-modification-breakthrough-golden-rice
2013-02-03,22:43:08,17t2xy,746,The saving of Timbuktu’s priceless manuscripts owes everything to the bravery of an unlikely group — librarians.,globalpost.com,http://www.globalpost.com/dispatch/news/war/conflict-zones/130201/timbuktu-manuscripts-saved-mali-al-qaeda
2013-02-03,04:11:11,17ro0x,663,"German Left Party calls for a 100 percent tax on any income over €500,000 in their general election campaign",thelocal.de,http://www.thelocal.de/money/20130201-47703.html
2013-02-03,20:44:23,17szbb,297,"Time Running out to Save Elephants from Ivory Trade:  The new wave of killing of elephants in Africa is in many ways far graver than the crisis of the 1970s and 80s. Firstly there are fewer elephants, and secondly the demand for ivory is far higher. ",newswatch.nationalgeographic.com,http://newswatch.nationalgeographic.com/2013/01/31/time-running-out-to-save-elephants-from-ivory-trade/
2013-02-03,02:29:36,17rhcu,261,"A Saudi preacher who raped his five-year-old daughter and tortured her to death has been sentenced to pay ""blood money"" to the mother after having served a short jail term",globalpost.com,http://www.globalpost.com/dispatch/news/afp/130202/saudi-preacher-gets-light-raping-killing-daughter
2013-02-03,07:03:12,17rz28,262,Germany busts Iranian man arriving on a flight from Turkey with $70M,timesofisrael.com,http://www.timesofisrael.com/germany-busts-iranian-with-70-million-check/
2013-02-03,06:10:11,17rvob,256,Sweden's immigration Minister: immigrant 'volumes' too high.,thelocal.se,http://www.thelocal.se/45968/20130202/
2013-02-03,01:06:27,17rccv,235,"Self-Immolations by Tibetans Approach 100, Some Are Asking if It Is Worth It: “There was a self-immolation in Tunisia which was labeled the catalyst for the Arab Spring. And how come we have been given less support than what we witnessed in the Arab world?”",nytimes.com,http://www.nytimes.com/2013/02/03/world/asia/as-self-immolations-continue-some-tibetans-ask-is-it-worth-it.html?_r=0
2013-02-03,09:58:58,17s9vg,187,"Egypt ""bodyguards"" take stand against sex assault; Amid a growing number of brutal attacks on women protesters in Egypt, one stood out: A mob of men on Cairo's Tahrir Square raped a 19-year-old woman with a sharp object, cutting her genitals in an attack that forced her to undergo emergency surgery.",cbsnews.com,http://www.cbsnews.com/8301-202_162-57567315/egypt-bodyguards-take-stand-against-sex-assault/
2013-02-03,00:53:44,17rbml,181,"Eastern Syrian town lives under al Qaeda rules. 'They took control of the nearby al-Ward oil and gas field and also went straight for the grain silos. They control the resources, which gives them power'",reuters.com,http://www.reuters.com/article/2013/01/30/us-syria-crisis-town-idUSBRE90T0VH20130130
2013-02-03,14:52:41,17spr9,158,17 year old daughter of Indian Farmer nominated for Science Award - Making Salt out of coconut palm petiole,timesofindia.indiatimes.com,http://timesofindia.indiatimes.com/city/mangalore/Karnataka-girls-science-project-takes-her-to-Houston/articleshow/18315383.cms
2013-02-03,23:36:42,17t583,162,Minister: Iceland refused to help FBI on WikiLeaks,news.yahoo.com,http://news.yahoo.com/minister-iceland-refused-help-fbi-wikileaks-183006372.html
2013-02-03,16:49:11,17stu5,148,Woman who had acid thrown in her face by woman wearing Muslim Veil recalls ordeal,bbc.co.uk,http://www.bbc.co.uk/news/uk-21310263
2013-02-03,02:20:51,17rgso,142,"Almost 100 Self-Immolations, yet No International Media Spotlight",nytimes.com,http://www.nytimes.com/2013/02/03/world/asia/as-self-immolations-continue-some-tibetans-ask-is-it-worth-it.html?ref=world
2013-02-03,21:36:46,17t0p2,105,Maldives girl whose stepfather reportedly raped her charged with fornication,globalpost.com,http://www.globalpost.com/dispatch/news/regions/asia-pacific/130108/rape-maldives-girl-sex-stepfather-infanticide-murder
2013-02-03,20:28:42,17sywv,94,"Iran says it will resume nuclear talks in Kazakhstan
",cnn.com,http://www.cnn.com/2013/02/03/world/europe/germany-iran-nuclear-talks/
2013-02-03,15:28:30,17sr7f,95,The inventor of the Etch A Sketch died in France today,bigstory.ap.org,http://bigstory.ap.org/article/ohio-art-says-etch-sketch-creator-dies-france
2013-02-03,20:32:57,17sz0n,81,President Assad accuses Israel of destabilising Syria,bbc.co.uk,http://www.bbc.co.uk/news/world-middle-east-21311874
2013-02-03,14:56:25,17spwq,83,Hollande mobbed by grateful Timbutuku residents,euronews.com,http://www.euronews.com/2013/02/02/hollande-mobbed-by-grateful-timbutuku-residents/
2013-02-03,00:49:36,17rbe6,75,6.9-magnitude earthquake hits northern Japan,rt.com,http://rt.com/news/earthquake-japan-hokkaido-tsunami-308/
2013-02-03,17:11:31,17sugv,59,Thief helps Paris police snare 'Corsican gangster' - A man alleged to be one of Corsica's most notorious gangsters was behind bars after being arrested by chance thanks to a thief plying his trade on one of the poshest streets in Paris.,thelocal.fr,http://www.thelocal.fr/page/view/thief-helps-paris-police-snare-corsican-gangster#.UQ4plGeGeb0
2013-02-03,05:05:54,17rrgi,58,Ahmadinejad unveils Iran’s newest fighter jet that militant officials claim can evade radar,washingtonpost.com,http://www.washingtonpost.com/business/ahmadinejad-unveils-irans-newest-fighter-jet-the-dominant-described-as-radar-evading/2013/02/02/630d3a22-6d0a-11e2-8f4f-2abd96162ba8_story.html
2013-02-03,21:08:03,17szwn,54,'Israel considers building buffer zone inside Syria',jpost.com,http://www.jpost.com/Defense/Article.aspx?id=301916
2013-02-03,19:45:44,17sxxr,53,Conservative politicians try and delay gay marriage vote until after 2015 election as it will cause ' significant damage to the Conservative Party in the run-up to the 2015 election',bbc.co.uk,http://www.bbc.co.uk/news/uk-21312111
2013-02-03,01:29:52,17rdoc,36,One small hut for man: European Space Agency unveils plans for mankind's first habitable MOON BASE!,dailymail.co.uk,http://www.dailymail.co.uk/sciencetech/article-2272028/European-Space-Agency-unveils-plans-mankinds-habitable-MOON-BASE.html#axzz2JlQAW86I
2013-02-03,10:57:28,17sd7b,34,"Worth nearly 190000 USD, dinosaur eggs sell for $10 in India.",timesofindia.indiatimes.com,http://timesofindia.indiatimes.com/india/Worth-Rs-1-crore-dinosaur-eggs-sell-for-Rs-500-in-MPs-fossil-rich-belts/articleshow/18311424.cms
2013-02-03,20:09:22,17syga,34,BBC News - Powerful 6.9 earthquake hits northern Japan,bbc.co.uk,http://www.bbc.co.uk/news/world-asia-21312535
