2013-06-25,18:35:30,1h11pq,4603,Leaked e-mails reveal that Standard and Poors and Moodys accepted money for higher ratings before the financial crisis.,finance.yahoo.com,http://finance.yahoo.com/news/the-last-mystery-of-the-financial-crisis-154447818.html?page=all
2013-06-25,03:36:26,1gzfrt,3355,"Amnesty International chimes in on Snowden case: ""USA must not hunt down whistleblower Edward Snowden""",amnesty.org,http://www.amnesty.org/en/news/usa-must-not-hunt-down-whistleblower-edward-snowden-2013-06-24
2013-06-25,00:25:56,1gz15c,3354,Silvio Berlusconi sentenced to seven years in jail,news.sky.com,http://news.sky.com/story/1107593/silvio-berlusconi-found-guilty-in-sex-trial
2013-06-25,23:55:31,1h1gd7,2442,Putin confirms Edward Snowden is in Moscow airport transit zone,guardian.co.uk,http://www.guardian.co.uk/world/2013/jun/25/edward-snowden-russia
2013-06-25,20:47:43,1h162v,2434,"Overzealous data collectors in the US and Great Britain have no right to investigate German citizens. The German government must protect people from unauthorized access by foreign intelligence agencies, and it must act now. This is a matter of national security.",spiegel.de,http://www.spiegel.de/international/germany/jakob-augstein-data-spying-programs-threaten-german-security-a-907577.html
2013-06-25,02:23:23,1gz9xy,2068,The United States Wiretapped The Mail Of The European Parliament,falkvinge.net,http://falkvinge.net/2013/06/24/the-united-states-wiretapped-the-mail-of-the-european-parliament/
2013-06-25,20:42:28,1h15wb,1847,"Russia Rebukes U.S., Insisting Snowden Not Within Border. ""The Obama administration's inability, at least for now, to influence China, Russia and countries in Latin America that may accept Mr. Snowden for asylum, like Ecuador, brought home the limits of American power around the world.""",nytimes.com,http://www.nytimes.com/2013/06/26/world/snowden.html?smid=re-share
2013-06-25,04:39:36,1gzkzw,1392,Iceland has withdrawn its bid to join the European Union,icenews.is,http://www.icenews.is/2013/06/24/iceland-opts-out-of-joining-eu/
2013-06-25,07:34:55,1gzz3s,1166,"An increasingly frustrated Obama administration escalated its criticism on Monday of Russia, China and Ecuador, the countries that appeared to be protecting Edward J. Snowden.",nytimes.com,http://www.nytimes.com/2013/06/25/world/edward-snowden-nsa-surveillance-leak.html?_r=0
2013-06-25,04:22:01,1gzjl6,818,"[Dutch link] Dutch Internet TV program exposes Europe parliamentarians who check in to work, and leave 5 minutes later. This gets them 300 Euro's. When confronted they get angry and hit the camera.",geenstijl.tv,http://www.geenstijl.tv/2013/06/tom_staal_trekt_rioolput_eu_op_1.html
2013-06-25,23:51:23,1h1g2i,769,"Jon Stewart, on Egypt's version of the Daily Show, criticizes Morsi's persecution of political comedians: ""If your regime is not strong enough to handle a joke, then you don’t have a regime. A joke has never ridden a motorcycle with a baton into a crowd, a joke has never fired tear gas into a park.""",washingtonpost.com,http://www.washingtonpost.com/blogs/worldviews/wp/2013/06/25/jon-stewarts-brilliant-appearance-on-egypts-version-of-the-daily-show/
2013-06-25,01:39:45,1gz6k8,629,Edward Snowden leaves reporters chasing shadows around an airport,guardian.co.uk,http://www.guardian.co.uk/world/2013/jun/24/edward-snowden-russian-airport-moscow
2013-06-25,09:24:32,1h06yo,465,"""On its side, the Obama Administration has the courts, the intelligence services, Congress, the diplomatic service, much of the media, and most of the American public. Snowden’s got Greenwald, a woman from Wikileaks, and a dodgy travel document from Ecuador. Which side are you on?""",newyorker.com,http://www.newyorker.com/online/blogs/johncassidy/2013/06/demonizing-edward-snowden-which-side-are-you-on.html#entry-more
2013-06-25,05:22:44,1gzolc,443,Zimbabwe MP who just published damning report on missing diamond funds dies in 'road accident'... after warning,voazimbabwe.com,http://www.voazimbabwe.com/content/zimbabwe-edward-chindori-chininga-dies-in-car-accident/1685353.html
2013-06-25,22:12:52,1h19wl,392,German police arrested a 57-year-old trucker accused of carrying out 762 shootings on European highways over the past five years,kuow.org,http://kuow.org/post/suspect-arrested-more-700-european-highway-shootings
2013-06-25,14:50:38,1h0szz,317,"Policeman Who Shot And Killed an unarmed protester Ethem Sarısülük In Turkey, was released From Jail today. Even though his murder was caught on video!",the-dissentient.com,http://the-dissentient.com/2013/06/24/403/
2013-06-25,00:54:10,1gz33d,266,Moody's downgrades rating on nine Hong Kong banks.,moodys.com,http://www.moodys.com/research/Moodys-takes-rating-actions-on-nine-Hong-Kong-banks--PR_275029
2013-06-25,05:38:45,1gzpvl,212,Michael Hastings Sent Email About FBI Probe Hours Before Death,huffingtonpost.com,http://www.huffingtonpost.com/2013/06/22/michael-hastings-email_n_3484118.html?utm_hp_ref=fb&src=sp&comm_ref=false
2013-06-25,11:41:19,1h0gov,193,"Brazil's President Rousseff calls for constitutional vote to quell protests. ""The streets are telling us that the country wants quality public services, more effective measures to combat corruption ... and responsive political representation""",reuters.com,http://www.reuters.com/article/2013/06/25/us-brazil-protests-idUSBRE95N1E320130625
2013-06-25,23:01:09,1h1cp8,180,Istanbul's 2020 Olympic bid chief is backing Turkish protesters,globalpost.com,http://www.globalpost.com/dispatch/news/afp/130625/olympics-istanbul-bid-chief-backs-protesters
2013-06-25,17:15:28,1h0z3m,168,Trauma of spy's girlfriend: 'like being raped by the state',guardian.co.uk,http://www.guardian.co.uk/uk/2013/jun/24/undercover-police-spy-girlfriend-child
2013-06-25,02:55:51,1gzci0,128,BBC releases statement after the Mayor of Ankara threatened one of their reporters in social media,bbc.co.uk,http://www.bbc.co.uk/mediacentre/statements/bbc-reporters-turkey.html
2013-06-25,23:47:59,1h1fus,119,"""Now it’s not a dumb nationalism. It’s a very different situation. The left is too traumatised by the dictatorship."" Andy Martin continues his report from São Paulo",planetivy.co.uk,http://planetivy.co.uk/offbeat/53158/what-happens-next-brazil-protest-movement-at-a-crossroads/
2013-06-25,22:07:34,1h19lr,101,Turkey's Govt. And Protestors Are Having A Twitter Hashtag War.,edition.cnn.com,http://edition.cnn.com/2013/06/24/world/europe/turkey-gokcek-hashtag/index.html?sr=sharebar_facebook
2013-06-25,00:33:01,1gz1n6,89,Silvio Berlusconi sentenced to seven years in jail in bunga bunga sex trial,telegraph.co.uk,http://www.telegraph.co.uk/news/worldnews/silvio-berlusconi/10138883/Silvio-Berlusconi-sentenced-to-seven-years-in-jail-in-bunga-bunga-sex-trial.html
2013-06-25,02:07:24,1gz8me,84,Egypt mob yelled 'infidels' at Shi'ites beaten to death,reuters.com,http://www.reuters.com/article/2013/06/24/us-egypt-protests-shiites-idUSBRE95N0YJ20130624?feedType=RSS&feedName=worldNews
2013-06-25,00:33:43,1gz1oy,75,Turkish Police Shoot Down Drone As It Flies Over Protestors,techcrunch.com,http://techcrunch.com/2013/06/24/turkish-police-shoot-down-drone-as-it-flies-over-protestors/
2013-06-25,02:57:40,1gzcni,58,"Assange says he knows where Snowden is, but he isn't telling",mcclatchydc.com,http://www.mcclatchydc.com/2013/06/24/194742/wikileaks-assange-says-nsa-leaker.html#.UciIIaXD_qA
2013-06-25,14:28:21,1h0rtx,61,Top Chinese paper hits back at U.S. accusations on Snowden,reuters.com,http://www.reuters.com/article/2013/06/25/us-usa-security-china-idUSBRE95O04W20130625
2013-06-25,01:16:33,1gz4sa,55,"Turkish court rules fatal shooting of Gezi protester, captured on video, was an act of self-defense.",hurriyetdailynews.com,http://www.hurriyetdailynews.com/prosecutor-fatal-shooting-of-gezi-protester-was-an-act-of-self-defense.aspx?pageID=238&nID=49394&NewsCatID=341
