2013-10-28,09:18:55,1pcpnz,3207,"Reduce working week to 30 hours, say economists",telegraph.co.uk,http://www.telegraph.co.uk/finance/jobs/10316850/Reduce-working-week-to-30-hours-say-economists.html
2013-10-28,06:26:53,1pcbc9,3021,500 year old Da Vinci Mural Discovered Under Layers Of Paint During Castle Restoration In Italy,huffingtonpost.com,http://www.huffingtonpost.com/2013/10/24/leonardo-da-vinci-mural-sforza-castle-restoration_n_4157965.html
2013-10-28,18:34:36,1pdm7p,2885,Spain summons US ambassador over claim NSA tracked 60m calls a month,theguardian.com,http://www.theguardian.com/world/2013/oct/28/spain-summons-us-ambassador-nsa-calls
2013-10-28,19:45:49,1pdour,2645,"Kenya petition over 'grass cutting for gang-rape' tops 1m ""More than a million people have signed an online petition demanding justice after three men accused of brutally gang-raping a girl in Kenya were ordered to cut grass as punishment.""",bbc.co.uk,http://www.bbc.co.uk/news/world-africa-24707802
2013-10-28,22:45:19,1pdz8a,2589,Innocent man burned to death after vigilantes branded him a paedophile,dailystar.co.uk,http://www.dailystar.co.uk/news/latest-news/347727/Innocent-man-burned-to-death-after-vigilantes-branded-him-a-paedophile
2013-10-28,21:42:05,1pduux,1789,"After 15,000 jobs cut and mis-selling scandlas at bailed out Lloyds Bank, CEO to receive multi-million pound bonus payout next month",independent.co.uk,http://www.independent.co.uk/news/business/news/lloyds-head-antonio-hortaosrio-to-see-25m-bonus-at-bailedout-bank-8907653.html
2013-10-28,19:55:17,1pdpax,1771,13 Year Old Girl Buried Alive After Rape in Pakistan,news.outlookindia.com,http://news.outlookindia.com/items.aspx?artid=815230
2013-10-28,20:52:28,1pdrzk,1677,"5 Dead, 38 Injured In Car Explosion At Tiananmen Square",shanghaiist.com,http://shanghaiist.com/2013/10/28/breaking_fire_near_tiananmen_square_alleged_self_immolator.php
2013-10-28,22:06:37,1pdwgi,1300,"Diebold Charged With Bribery, Falsifying Docs, 'Worldwide Pattern of Criminal Conduct'",truth-out.org,http://truth-out.org/news/item/19623-diebold-charged-with-bribery-falsifying-docs-worldwide-pattern-of-criminal-conduct
2013-10-28,18:28:08,1pdm04,1284,The new Norwegian Prime minister: One does not snoope on friends.,translate.google.com,http://translate.google.com/translate?sl=no&tl=en&js=n&prev=_t&hl=en&ie=UTF-8&u=http%3A%2F%2Fwww.nrk.no%2Fverden%2F_-man-overvaker-ikke-venner-1.11322577
2013-10-28,01:25:27,1pbn51,1259,World’s anger at Obama policies goes beyond Europe and the NSA,mcclatchydc.com,http://www.mcclatchydc.com/2013/10/25/206552/worlds-anger-at-obama-policies.html
2013-10-28,22:26:16,1pdxt3,1157,"BRICS countries are building a ""new Internet"" hidden from NSA: 21 thousand mile fiber-optic cable from Fortaleza (Brazil) to Vladivostok (Russia) via Cape Town (South Africa), Chennai (India) and Shantou (China)",voiceofrussia.com,http://voiceofrussia.com/2013_10_28/BRICS-countries-are-building-a-new-Internet-hidden-from-NSA-7157/
2013-10-28,10:41:51,1pcwea,955,Document Reveals NSA Monitored 125 Billion Phone Calls in One Month,thenewamerican.com,http://www.thenewamerican.com/usnews/constitution/item/16818-document-reveals-nsa-monitored-125-billion-phone-calls-in-one-month
2013-10-28,05:38:53,1pc75m,760,Europe falls out of love with Obama over NSA spying claims,edition.cnn.com,http://edition.cnn.com/2013/10/24/world/europe/europe-us-surveillance/index.html?hpt=ieu_r1
2013-10-28,09:04:57,1pcoit,606,"Attackers in Mexico blow up nine electrical plants west of the capital, triggering blackouts that gunmen then used as cover to torch gasoline stations.",latimes.com,"http://www.latimes.com/world/worldnow/la-fg-wn-mexico-blow-up-nine-electrical-plants-20131027,0,3659405.story#axzz2iyBZZSkV"
2013-10-28,03:17:54,1pbvsi,593,"The Indian Prime Minister is NSA spy-proof, has no mobile phone or email account to hack",articles.economictimes.indiatimes.com,http://articles.economictimes.indiatimes.com/2013-10-25/news/43395572_1_email-account-mobile-phone-personal-email
2013-10-28,03:15:10,1pbvl1,566,Britney Spears music is used by merchant navy ship owners is used to scare off Somali pirates,mirror.co.uk,http://www.mirror.co.uk/news/weird-news/britney-spears-music-blasted-out-2646660
2013-10-28,23:51:15,1pe4eb,448,Spain warns US of breakdown in trust after new NSA revelations - White House struggles to contain diplomatic crisis as Madrid warns US ambassador after claim that NSA harvested 60m Spanish calls,theguardian.com,http://www.theguardian.com/world/2013/oct/28/spain-warns-us-ambassador-breakdown-trust-nsa
2013-10-28,21:15:43,1pdt8i,338,Spain Summons U.S. Ambassador in Spying Scandal,nytimes.com,http://www.nytimes.com/2013/10/29/world/europe/spain-calls-in-us-ambassador-in-spying-scandal.html?_r=0
2013-10-28,07:26:02,1pcg60,307,David Cameron: newspapers which publish Snowden secrets help terrorists who want to 'blow up' families,telegraph.co.uk,http://www.telegraph.co.uk/news/uknews/defence/10406331/David-Cameron-newspapers-which-publish-Snowden-secrets-help-terrorists-who-want-to-blow-up-families.html
2013-10-28,15:28:06,1pdfkn,305,"Austrian invents outside-sound volume knob for your windows. Sono ""sticks to glass surfaces and allows you to dial down unwanted noise. After it receives a sound’s vibrations, it reprocesses them much like the active noise cancellation technology used in certain headphones.""",gajitz.com,http://gajitz.com/high-tech-window-cling-is-like-a-volume-knob-for-real-life/
2013-10-28,04:10:32,1pbzvb,299,Can Germany call on Snowden as a witness?,dw.de,http://www.dw.de/can-germany-call-on-snowden-as-a-witness/a-17186463
2013-10-28,21:21:46,1pdtl7,293,Syrian troops retake Christian town from jihadis,news.yahoo.com,http://news.yahoo.com/syrian-troops-retake-christian-town-jihadis-095557394.html
2013-10-28,20:25:50,1pdqn6,285,U.S. NSA spied on 60 million Spanish phone calls in a month,news.yahoo.com,http://news.yahoo.com/u-nsa-spied-60-million-spanish-phone-calls-082941146.html
2013-10-28,06:07:28,1pc9n1,263,Israel denies EU committee access to Gaza Strip,irishtimes.com,http://www.irishtimes.com/news/world/europe/israel-denies-eu-committee-access-to-gaza-strip-1.1572261
2013-10-28,22:56:25,1pe017,256,Undercover video shows 'shocking' cruelty at McDonalds Egg Producer (McDonalds Has Suspended Egg Purchases),digitaljournal.com,http://www.digitaljournal.com/article/360672
2013-10-28,08:42:33,1pcml3,205,"Despite the strong economy, the number of impoverished Germans has been steadily increasing. One in six Germans at risk of poverty",thelocal.de,http://www.thelocal.de/national/20131025-52579.html
2013-10-28,03:07:48,1pbv07,203,"German foreign minister muses about the break of US/German bonds: ""Wiretapping between friends and allies [...] threatens to undo the bonds that hold us together""",haaretz.com,http://www.haaretz.com/news/world/1.554676
2013-10-28,17:10:38,1pdjf8,198,"Officials in northeast China sacked for ""restoration"" project that painted over top of centuries-old Buddhist frescoes",globaltimes.cn,http://www.globaltimes.cn/content/819317.shtml
2013-10-28,07:59:14,1pciyd,190,NSA denies Barack Obama personally authorized wiretap on German Chancellor Angela Merkel in 2010,news.nationalpost.com,http://news.nationalpost.com/2013/10/27/nsa-denies-barack-obama-personally-authorized-wiretap-on-german-chancellor-angela-merkel-in-2010/
