2013-12-20,23:07:48,1tbt0t,3827,The Supreme Court of Canada has struck down the country's anti-prostitution laws in a unanimous decision.,globalnews.ca,http://globalnews.ca/news/1042861/supreme-court-strikes-down-canadas-anti-prostitution-laws/
2013-12-20,01:30:04,1t9bds,3197,Pussy Riot members freed from prison,usatoday.com,http://www.usatoday.com/story/life/music/2013/12/19/pussy-riot-members-freed-from-prison/4123959/
2013-12-20,22:59:22,1tbsf5,3092,"A prominent Libyan dissident cannot pursue his ""well-founded"" claim that he was unlawfully abducted in a joint MI6-CIA operation, and later tortured, because to do so would damage Britain's relations with the US, a high court judge ruled on Friday.",theguardian.com,http://www.theguardian.com/world/2013/dec/20/libyan-rendition-claim-uk-interests?CMP=twt_gu
2013-12-20,14:21:13,1tb4ot,3091,"Four cops arrested for raping, molesting and threatening a minor schoolgirl for two-and-a-half months.",m.timesofindia.com,http://m.timesofindia.com/city/chandigarh/Four-cops-arrested-for-minors-gang-rape/articleshow/27669011.cms
2013-12-20,07:06:04,1ta6qn,2995,"US Air Force general in charge of 450 nuclear missiles fired for 'drunken bender' on official trip to Moscow. Report finds he offended Russian counterparts with comments on ""Eric Snowden,"" tried to repeatedly perform with a bar band, and drunkenly bragged that he ""saves the world from war every day""",washingtonpost.com,http://www.washingtonpost.com/blogs/worldviews/wp/2013/12/19/amazing-details-from-the-drunken-moscow-bender-that-got-an-air-force-general-fired/
2013-12-20,20:27:34,1tbk36,2628,"China has rejected 545,000 tons of imported US corn found to contain an unapproved genetically modified strain.",bbc.co.uk,http://www.bbc.co.uk/news/business-25461889
2013-12-20,21:06:20,1tblrz,2417,North Korea Threatens To Strike South Korea ‘Without Notice' - by fax,washington.cbslocal.com,http://washington.cbslocal.com/2013/12/20/north-korea-threatens-to-strike-south-without-notice/
2013-12-20,00:35:57,1t96od,2246,"About 200 cars stolen in Germany have been tracked down in Tajikistan, where most are now driven by family and friends of President Emomali Rakhmon.",google.com,http://www.google.com/hostednews/afp/article/ALeqM5g5rlEvTLs4p0im9MP52SbC3B6KfQ?docId=aaa97f65-cc03-411a-8547-3ddbda9c4db0
2013-12-20,15:48:32,1tb9aj,1560,"Philippine mayor, wife, and 2 others shot and killed at Manila airport",usatoday.com,http://www.usatoday.com/story/news/world/2013/12/20/philippine-mayor-killed/4139627/
2013-12-20,03:37:19,1t9n46,560,Snowden leak confirms Denmark spying deal with US | Leaked document from NSA lists Denmark as one of nine European countries that collaborates with the '5-Eyes',cphpost.dk,http://cphpost.dk/news/snowden-leak-confirms-denmark-spying-deal-with-us.8185.html
2013-12-20,20:40:09,1tbklg,503,Uganda passes draconian anti-gay law,theguardian.com,http://www.theguardian.com/world/2013/dec/20/uganda-anti-gay-law-life-imprisonment
2013-12-20,20:17:38,1tbjo5,473,Bubonic plague outbreak kills 32 in Madagascar,theguardian.com,http://www.theguardian.com/world/2013/dec/20/bubonic-plague-outbreak-deaths-madagascar
2013-12-20,19:53:47,1tbiqx,406,Policeman sentenced to year in prison for blowing off man's testicles,upi.com,http://www.upi.com/Top_News/World-News/2013/12/18/Officer-sentenced-for-blowing-off-mans-testicles-with-stun-grenade/UPI-53321387374369/?spt=fsb&or=ros&n=2
2013-12-20,23:03:12,1tbsot,394,"GCHQ and NSA targeted Israeli PM, charities, Germans, and EU chief",theguardian.com,http://www.theguardian.com/uk-news/2013/dec/20/gchq-targeted-aid-agencies-german-government-eu-commissioner
2013-12-20,13:49:52,1tb2ss,338,"Amnesty International: Nearly 1,000 killed over 2 days in Central African Republic.",cnn.com,http://www.cnn.com/2013/12/18/world/africa/car-violence/index.html?hpt=wo_c2
2013-12-20,04:00:22,1t9p8j,316,Former CIA chief: Snowden should be “hanged by the neck until dead”,arstechnica.com,http://arstechnica.com/tech-policy/2013/12/former-cia-chief-snowden-should-be-hanged-by-the-neck-until-dead/
2013-12-20,02:58:43,1t9jje,291,"MI6 'turned blind eye' to torture of rendered detainees, finds Gibson report | Britain's intelligence agencies 'totally unprepared' for US response to 9/11 and years later 'cooperated with interrogations'",theguardian.com,http://www.theguardian.com/uk-news/2013/dec/19/gibson-report-mi6-detainees-torture-cooperated
2013-12-20,21:56:30,1tbods,254,NZ Customs Refuses To Answer Questions After Revelations Of Illegal Orders To Give FBI Info On Kim Dotcom For 'Brownie Points',techdirt.com,http://www.techdirt.com/articles/20131220/00054025643/nz-customs-refuses-to-answer-questions-after-revelations-illegal-orders-to-give-fbi-info-kim-dotcom-brownie-points.shtml
2013-12-20,08:05:29,1tabxt,229,"Australian and US scientists reverse ageing in mice, humans could be next",abc.net.au,http://www.abc.net.au/news/2013-12-20/scientists-develop-anti-ageing-process-in-mice/5168580
2013-12-20,02:53:39,1t9j3c,229,Going green: record 40% of Scotland's electricity is coming from renewables,heraldscotland.com,http://www.heraldscotland.com/news/home-news/going-green-record-40-of-scotlands-electricity-is-coming-from-renewables.1387457034
2013-12-20,23:46:37,1tbw1g,127,"Girls freed in Nigeria 'baby factory' raid; ""Nigerian police have raided a home in the southeastern state of Abia where 19 pregnant women were staying with the intent of selling their newborn babies.""",aljazeera.com,http://www.aljazeera.com/news/africa/2013/12/girls-freed-nigeria-baby-factory-raid-2013122014148117973.html
2013-12-20,09:24:23,1taikd,107,Canadian lottery winner donates $40 million jackpot to charity,today.com,http://www.today.com/news/canadian-lottery-winner-donates-40-million-jackpot-charity-2D11777987
2013-12-20,22:44:39,1tbrfv,106,"UK: ake from the poor, but not the rich: Tax authorities accused of 'siding' with big business over small firms and individuals",independent.co.uk,http://www.independent.co.uk/news/uk/politics/take-from-the-poor-but-not-the-rich-tax-authorities-accused-of-not-being-on-the-side-of-individuals-and-small-firms-9013968.html
2013-12-20,10:25:27,1tanks,77,Anti-ageing compound set for human trials after turning clock back for mice. New South Wales professor in US rolled back the key indicators of ageing to make two-year-old mice appear six months old,theguardian.com,http://www.theguardian.com/science/2013/dec/20/anti-ageing-human-trials
2013-12-20,11:54:27,1tauoe,69,Obama deploys small military group to South Sudan,bigstory.ap.org,http://bigstory.ap.org/article/obama-deploys-small-military-group-south-sudan
2013-12-20,21:55:59,1tbod1,63,Turkey corruption inquiry: eight arrested | PM Tayyip Erdogan denounces investigation and detention of cabinet ministers' sons as anti-government plot,theguardian.com,http://www.theguardian.com/world/2013/dec/20/eight-arrested-turkish-corruption-investigation-erdogan
2013-12-20,18:30:36,1tbfl9,51,Angry India tells US 'times have changed' after diplomat spat,timesofindia.indiatimes.com,http://timesofindia.indiatimes.com/india/Angry-India-tells-US-times-have-changed-after-diplomat-spat/articleshow/27680265.cms
2013-12-20,23:57:14,1tbwwr,51,"Angry India tells America ‘times have changed’ after diplomat arrest controversy: Revelations that she was stripped by US Marshals and subjected to an invasive body search have caused outrage in India, whose government wants Washington to drop the case and offer an apology",rawstory.com,http://www.rawstory.com/rs/2013/12/20/angry-india-tells-america-times-have-changed-after-diplomat-arrest-controversy/
2013-12-20,22:45:15,1tbrho,47,W.H.: Obama would veto Iran sanctions bill,politico.com,http://www.politico.com/politico44/2013/12/wh-obama-would-veto-iran-sanctions-bill-179956.html
2013-12-20,01:49:24,1t9d33,43,"Google reveals transparency report: sharp rise in requests for removal of political content. Turkey w/ most requests; US asked search giant to remove almost 4,000 items.",theguardian.com,http://www.theguardian.com/technology/2013/dec/19/google-transparency-report-political-content
