2013-02-20,00:38:24,18tp89,3348,"
You have the right to Google for a lawyer in Canada: 'After a 19-yr old struggled to find a lawyer using the telephone, an Alberta court has ruled that police must provide an accused with Internet access to exercise their right to counsel.'
",thestar.com,http://www.thestar.com/business/tech_news/2013/02/15/you_have_the_right_to_google_for_a_lawyer_geist.html
2013-02-20,16:08:50,18vkdp,2358,Bulgaria government resigns after national protests,reuters.com,http://www.reuters.com/article/2013/02/20/us-bulgaria-government-idUSBRE91J09J20130220
2013-02-20,09:17:59,18utv1,1673,"Chinese government involved in cyber espionage; a
Chinese military unit hacked into 141 businesses, mostly inside the U.S., to steal commercial secrets",sfgate.com,http://www.sfgate.com/news/article/A-look-at-Mandiant-allegations-on-China-hacking-4290526.php
2013-02-20,12:54:11,18va92,1131,US Catholics urge cardinal to skip papal vote - American group call on cardinal accused of covering up sexual abuse by priests not to take part in electing a new pope,aljazeera.com,http://www.aljazeera.com/news/americas/2013/02/2013219195351160125.html
2013-02-20,11:24:25,18v3n8,919,North Korean propaganda video shows President Obama and US troops in flames,washingtonpost.com,http://www.washingtonpost.com/world/asia_pacific/north-korean-propaganda-video-shows-president-obama-and-us-troops-in-flames/2013/02/19/29330bba-7b06-11e2-9c27-fdd594ea6286_story.html?tid=sm_btn_reddit
2013-02-20,01:06:58,18tr8q,619,Contact lost with ISS,universetoday.com,http://www.universetoday.com/100096/mission-control-loses-contact-with-international-space-station/
2013-02-20,16:47:25,18vloh,569,Pirate Party threatened with lawsuit for hosting the Pirate Bay,torrentfreak.com,http://torrentfreak.com/pirate-party-threatened-with-lawsuit-for-hosting-the-pirate-bay-130219/
2013-02-20,23:17:56,18w0e4,395,Russia: Boy adopted by U.S. lesbian subjected to conditions ‘harmful to his psychological health',rawstory.com,http://www.rawstory.com/rs/2013/02/20/russia-boy-adopted-by-u-s-lesbian-subjected-to-conditions-harmful-to-his-psychological-health/
2013-02-20,06:53:17,18uii3,374,Mexican police chief goes missing,cnn.com,http://www.cnn.com/2013/02/19/world/americas/mexico-missing-police-chief/index.html?hpt=hp_t2
2013-02-20,07:27:44,18ulal,365,"Wikilieaks releases over 3,000 emails from Stratfor intelligence agency on the Vatican and the Pope ",search.wikileaks.org,http://search.wikileaks.org/gifiles/?q=vatican+%7C+pope
2013-02-20,00:08:59,18tn7c,321,"A British man infected with a new virus from the same family as SARS has died, bringing the worldwide death toll from the previously unknown disease to six",reuters.com,http://www.reuters.com/article/2013/02/19/us-coronavirus-death-idUSBRE91I0SK20130219
2013-02-20,19:19:29,18vq7v,288,Gay Afghan man describes life as a homosexual in an oppressive society,bbc.co.uk,http://www.bbc.co.uk/news/world-asia-21426632
2013-02-20,23:47:16,18w29o,213,How Chinese hackers outed themselves by logging onto Facebook,washingtonpost.com,http://www.washingtonpost.com/blogs/worldviews/wp/2013/02/19/chinese-hackers-outed-themselves-by-logging-into-their-personal-facebook-accounts/?Post+generic=%3Ftid%3Dsm_twitter_washingtonpost
2013-02-20,19:06:34,18vpuz,205,"5 minutes, 8 robbers, a $50-million haul in diamonds..
With military precision, perfect timing and likely some inside help, a group of eight robbers managed to pull off one of the biggest diamond heists in history in Belgium",theglobeandmail.com,http://www.theglobeandmail.com/news/world/5-minutes-8-robbers-a-50-million-haul-in-diamonds/article8798405/
2013-02-20,17:17:52,18vmol,199,How Vaccines Have Changed Our World In One Graphic,forbes.com,http://www.forbes.com/sites/matthewherper/2013/02/19/a-graphic-that-drives-home-how-vaccines-have-changed-our-world/
2013-02-20,00:47:03,18tpus,178,North Korea says tourism 'booming',nwww.koreaherald.com,http://nwww.koreaherald.com/view.php?ud=20130219001196
2013-02-20,17:15:23,18vmm4,176,'How stupid do you think we are?' An epic letter from American CEO to a French minister,mining.com,http://www.mining.com/how-stupid-do-think-we-are-tire-ceos-epic-letter-to-a-french-minister-77806/
2013-02-20,11:26:59,18v3us,166,Sea Shepherd ship rammed ,stuff.co.nz,http://www.stuff.co.nz/world/8329457/Sea-Shepherd-ship-rammed
2013-02-20,14:37:09,18vghh,160,"A French soldier and more than 20 Islamist rebels were killed during what appeared to be the first clashes in the Adrar des Ifoghas mountain range where militants have taken refuge in northern Mali, French officials said on Tuesday.",reuters.com,http://www.reuters.com/article/2013/02/19/us-mali-rebels-france-idUSBRE91I0XT20130219
2013-02-20,02:44:31,18tyls,133,"Horror at Sea: Adrift for Months, Starving Asylum Seekers Threw 98 Bodies Overboard
",world.time.com,http://world.time.com/2013/02/19/horror-at-sea-adrift-for-months-starving-asylum-seekers-threw-98-bodies-overboard/?hpt=hp_t2
2013-02-20,12:33:29,18v8u5,96,3 minor sisters are raped and murdered and the bodies dumped in a well in India.,ibnlive.in.com,http://ibnlive.in.com/news/maharashtra-unidentified-persons-rape-murder-three-minor-sisters/373944-3-237.html
2013-02-20,16:21:42,18vktm,81,Australian billionaire to build a high-tech replica of the Titanic. It's maiden voyage in late 2016 will be from England to New York.,travel.usatoday.com,http://travel.usatoday.com/cruises/story/2012-04-30/Australian-billionaire-to-build-new-Titanic/54636986/1
2013-02-20,02:13:59,18tw8n,84,Indian MIT students' big idea caught in US visa limbo: ,india.nydailynews.com,http://india.nydailynews.com/newsarticle/f59221118a386b2ea1d79bbf7693b699/indian-mit-students-big-idea-caught-in-us-visa-limbo-report
2013-02-20,00:43:39,18tpmc,78,Saudi king swears in first women members of advisory council,reuters.com,http://www.reuters.com/article/2013/02/19/us-saudi-women-council-idUSBRE91I0RK20130219
2013-02-20,02:59:00,18tzq5,73,Obesity worldwide: the map of the world's weight,guardian.co.uk,http://www.guardian.co.uk/news/datablog/interactive/2013/feb/19/obesity-map-of-world-weight
2013-02-20,06:56:13,18uiqp,47,$50 million diamond heist in Brussels took only 5 minutes,nytimes.com,http://www.nytimes.com/2013/02/20/world/europe/thieves-steal-millions-in-diamonds-at-brussels-airport.html
2013-02-20,22:29:40,18vxij,45,Chinese Plan to Kill Drug Dealer With Drone Highlights Military Advances,nytimes.com,http://www.nytimes.com/2013/02/21/world/asia/chinese-plan-to-use-drone-highlights-military-advances.html?hp&_r=0
2013-02-20,16:02:14,18vk3v,46,Bulgarian Govt Shockingly Resigns amid Protests,novinite.com,http://www.novinite.com/view_news.php?id=148005
2013-02-20,08:45:09,18urao,37,Chinese government involved in cyber espionage; Cybersecurity firm Mandiant released a massive report identifying a unit of the Chinese government that has hacked 115 U.S. companies,thedailybeast.com,http://www.thedailybeast.com/articles/2013/02/19/this-is-how-china-hacks-america-inside-the-mandiant-report.html
2013-02-20,14:47:47,18vgzu,37,"Rallying in Shahbagh Square, Young Bangladesh Finds Its Voice: ""What [organizers] initially hoped would draw between 400 and 500 people has since swelled to over 100,000, with some estimates placing the number far higher""",world.time.com,http://world.time.com/2013/02/19/live-from-shahbagh-square-young-bangladesh-demands-better/
