2013-05-25,00:59:59,1ez6hf,2856,"A report out Thursday calls on Canada to decriminalize personal use of all narcotics and regulate cannabis, saying current policies are failing to reduce drug use or make Canadians safer.",calgaryherald.com,http://www.calgaryherald.com/health/Report+calls+decriminalizing+both+hard+soft+drugs/8424013/story.html
2013-05-25,18:27:23,1f0ty6,2202,Sweden riots spread beyond Stockholm despite extra police,bbc.co.uk,http://www.bbc.co.uk/news/world-europe-22656657
2013-05-25,04:35:57,1ezmjn,2185,28 grade 10 students in Quebec stripped search due to a missing cell phone during an exam.,upi.com,http://www.upi.com/blog/2013/05/24/Quebec-students-strip-searched-during-exam/4971369397794/
2013-05-25,15:53:22,1f0pd1,1931,"Google to bankroll, build wireless networks across Africa, including with balloons, blimps and TV airwaves",reuters.com,http://www.reuters.com/article/2013/05/24/us-google-africa-idUSBRE94N0XG20130524
2013-05-25,23:43:22,1f1447,1767,Five Undercover Police Cars Sent To Arrest Single Alleged Movie Pirate,torrentfreak.com,http://torrentfreak.com/five-undercover-police-cars-sent-to-arrest-single-alleged-movie-pirate-130525/
2013-05-25,14:38:41,1f0mjn,1703,"Challenging Monsanto: 200,000 in 40 countries to rally against GMO",rt.com,http://rt.com/news/monsanto-gmo-protests-world-721/
2013-05-25,13:25:00,1f0j7b,1388,"Public rapes outrage Brazil, testing ideas of image and class. 'In one case, an assailant held a gun to the head of a 30-year-old woman while raping her in front of passengers on a bus as the driver proceeded down a main avenue'",nytimes.com,http://www.nytimes.com/2013/05/25/world/americas/rapes-in-brazil-spur-class-and-gender-debate.html?
2013-05-25,19:25:27,1f0vgm,1250,"A suicide bomber has blown herself up close to an interior ministry building in the troubled southern Russian republic of Dagestan, officials say.",bbc.co.uk,http://www.bbc.co.uk/news/world-europe-22665859
2013-05-25,23:28:57,1f13g1,1242,Eleven people across UK arrested for making 'racist or anti-religious' comments on Facebook and Twitter about British soldier's death,dailymail.co.uk,http://www.dailymail.co.uk/news/article-2330809/Lee-Rigby-death-11-people-UK-arrested-making-racist-anti-religious-comments-online-British-soldiers-death.html
2013-05-25,21:08:02,1f0y78,857,Energy suppliers held back gas during UK shortage - Terminals near London & in Wales were 40% & 52% full on the day it was claimed the UK had 6 hours' worth of gas left,guardian.co.uk,http://www.guardian.co.uk/business/2013/may/24/energy-suppliers-held-back-gas-uk
2013-05-25,09:36:39,1f06hv,810,‘They don’t want to integrate’: Fifth night of youth rioting rocks Stockholm,rt.com,http://rt.com/news/stockholm-violence-outbreak-fires-671/
2013-05-25,13:54:36,1f0kk0,678,Church of England unveils plan for women bishops in 2015,reuters.com,http://www.reuters.com/article/2013/05/24/us-britain-church-bishops-idUSBRE94N0RV20130524
2013-05-25,18:46:14,1f0ugx,499,Jordan king says extremism 'grown fat' on Israel-Palestinian conflict,therepublic.com,http://www.therepublic.com/view/story/720de41f7ecf43df8a02685922db6bcc/ML--Israel-Palestinians
2013-05-25,07:52:33,1f0034,409,China Bluntly Tells North Korea to Enter Nuclear Talks,nytimes.com,http://www.nytimes.com/2013/05/25/world/asia/china-tells-north-korea-to-return-to-nuclear-talks.html?pagewanted=all
2013-05-25,21:06:55,1f0y5v,367,2-Child Limit for Muslims in Parts of Mynamar,bigstory.ap.org,http://bigstory.ap.org/article/2-child-limit-muslims-parts-myanmar
2013-05-25,08:00:43,1f00m2,349,Swedish police call in back-up after worst riots in years,abc.net.au,http://www.abc.net.au/news/2013-05-25/swedish-police-face-fifth-night-of-riots/4712662
2013-05-25,09:29:36,1f062o,325,"Close to half of Australian adults lack the basic reading, writing and maths skills needed for every day living",au.news.yahoo.com,http://au.news.yahoo.com/thewest/business/a/-/national/16161554/adult-literacy-maths-shock/
2013-05-25,18:47:40,1f0uif,241,"Nigerian ""baby factories"" tricking women into believing they're pregnant, then give them ""factory made"" babies from teenage girls.",news.com.au,http://www.news.com.au/world-news/nigerian-factory-babies-bought-and-sold/story-fndir2ev-1226650209056
2013-05-25,10:31:58,1f09tr,195,Woolwich killing: universities crack down on the preachers of hate | UK news | The Guardian,guardian.co.uk,http://www.guardian.co.uk/uk/2013/may/24/woolwich-killing-universities-campaign-radicalisation
2013-05-25,18:36:22,1f0u77,160,"India will issue at least 27,000 more Emergency Certificates to enable its citizens to leave Saudi Arabia for home after a new labor policy came into force in the Kingdom",saudigazette.com.sa,http://www.saudigazette.com.sa/index.cfm?method=home.regcon&contentid=20130525167219
2013-05-25,07:50:39,1ezzz4,150,Woolwich attack: MI5 'offered job to attacker 6 months previously,bbc.co.uk,http://www.bbc.co.uk/news/uk-22664468
2013-05-25,12:39:15,1f0gri,127,"Russia Orders Urgent Evacuation of 'Drifting' Arctic Research Station as Ice Floe Melts - 16 scientists abandon station near Canada because ice disintegrating at alarming rate, giving the station little chance of survival. ""It's getting harder to find a block of ice to sustain a station.""",csmonitor.com,http://www.csmonitor.com/World/Europe/2013/0524/Russia-evacuates-drifting-Arctic-research-station-as-ice-floe-melts?nav=87-frontpage-entryInsideMonitor
2013-05-25,23:00:29,1f127q,112,"Police, locals deny claim that part of The Hague is a 'Sharia triangle'",dutchnews.nl,http://www.dutchnews.nl/news/archives/2013/05/police_locals_deny_claim_part.php
2013-05-25,05:32:11,1ezqlj,92,Japan to build giant elevator from earth to space by 2050.,realitypod.com,http://realitypod.com/2013/02/japanese-company-to-build-an-elevator-from-earth-to-space/
2013-05-25,03:20:22,1ezgxn,77,"Actor, dressed as woman, feels Egypt's sexual harassment",trust.org,http://www.trust.org/item/20130510045933-gnoz8/
2013-05-25,01:26:12,1ez8dr,60,"Police in Britain take food and sleeping bags away from homeless to ""reduce the negative impact of rough sleepers""",ilfordrecorder.co.uk,http://www.ilfordrecorder.co.uk/news/crime-court/police_swoop_on_the_homeless_taking_sleeping_bags_and_food_parcels_in_co_ordinated_raids_in_redbridge_1_2206446
2013-05-25,19:03:50,1f0ux5,54,Gas cylinder blast on Pakistan school bus kills 17 children,bigstory.ap.org,http://bigstory.ap.org/article/suicide-bomber-kills-3-northwest-pakistan
2013-05-25,17:31:58,1f0sd2,48,Globe investigation: The Ford family’s history with drug dealing,theglobeandmail.com,http://www.theglobeandmail.com/news/toronto/globe-investigation-the-ford-familys-history-with-drug-dealing/article12153014/
2013-05-25,10:23:21,1f09aj,40,"Woman, 85, arrested after abuse hurled at Muslims outside Gillingham mosque in wake of Woolwich terror murder",kentonline.co.uk,http://www.kentonline.co.uk/medway_messenger/news/Friday-prayers-patrol-1128
2013-05-25,00:37:37,1ez4tf,43,"French govt backs 75% tax rate, scraps exec pay cap - FRANCE",france24.com,http://www.france24.com/en/20130524-pierre-moscovici-tax-rate-salary-cap-france
