2013-09-17,00:50:00,1mi9mf,3117,Turkey shot down Syrian helicopter at border,hurriyetdailynews.com,http://www.hurriyetdailynews.com/helicopter-crashes-near-turkeys-border-with-syria-report.aspx?pageID=238&nID=54538&NewsCatID=352
2013-09-17,19:41:53,1mkc7n,2407,"Edward Snowden is in the running for a European human rights prize ""Sakharov Prize for freedom of thought"", whose past winners include Nelson Mandela and Myanmar opposition leader Aung San Suu Kyi.",reuters.com,http://www.reuters.com/article/2013/09/17/us-eu-snowden-idUSBRE98G0FY20130917?feedType=RSS&feedName=topNews
2013-09-17,00:03:42,1mi64b,2250,Top North Korean official’s daughter defects,japantimes.co.jp,http://www.japantimes.co.jp/news/2013/09/16/asia-pacific/top-north-officials-daughter-defects/#.Ujcdq8Y3tqV
2013-09-17,01:13:37,1mibci,2142,UN report confirms sarin gas use in Syria,nytimes.com,http://www.nytimes.com/2013/09/17/world/europe/syria-united-nations.html?_r=0
2013-09-17,20:39:32,1mkedg,1934,"Sugar is 'addictive and the most dangerous drug of the times': Soft drinks should carry tobacco-style warnings that sugar is highly addictive and dangerous, a senior Dutch health official has warned.",telegraph.co.uk,http://www.telegraph.co.uk/news/worldnews/europe/netherlands/10314705/Sugar-is-addictive-and-the-most-dangerous-drug-of-the-times.html
2013-09-17,08:51:52,1mjcqy,1767,Angry entrepreneur replies to patent troll with racketeering lawsuit,arstechnica.com,http://arstechnica.com/tech-policy/2013/09/angry-entrepreneur-replies-to-patent-troll-with-racketeering-lawsuit/
2013-09-17,22:13:00,1mkj1c,1374,"Eiji Toyoda, engineer who steered Toyota to global lead, dead at 100",chicagotribune.com,"http://www.chicagotribune.com/business/breaking/chi-eiji-toyoda-dead-20130917,0,7287210.story"
2013-09-17,21:35:10,1mkgza,867,"Thailand’s cure for meth addiction? A leafy jungle stimulant - Seen as an emerging threat in the US, “Kratom” could wean addicts off meth, Thailand’s justice minister argues.",globalpost.com,http://www.globalpost.com/dispatch/news/regions/asia-pacific/thailand/130916/kratom-bangkok-thailand-leafy-stimulant-drug-meth-opium
2013-09-17,19:16:12,1mkbb2,816,Brazil Aims to Break from US-Centric Internet Because of Washington's Spying - Many fear this is a potentially dangerous 1st step toward politically fracturing a global network built with minimal interference by govts.,phys.org,http://phys.org/news/2013-09-brazil-us-centric-internet.html
2013-09-17,07:24:57,1mj5ww,786,Guardian Story on Israel and N.S.A. Is Not ‘Surprising’ Enough to Cover,publiceditor.blogs.nytimes.com,http://publiceditor.blogs.nytimes.com/2013/09/16/guardian-story-on-israel-and-n-s-a-is-not-surprising-enough-to-cover/?smid=tw-share&_r=0
2013-09-17,09:13:43,1mjedz,630,War crimes blamed on the Syrian opposition are predominantly being carried out by foreign fighters,reuters.com,http://www.reuters.com/article/2013/09/16/us-syria-crisis-jihadists-idUSBRE98F0QY20130916
2013-09-17,03:47:57,1minsg,620,London's underground tube cleaners refuse new measures requiring them to clock-in using fingerprint scanners,bbc.co.uk,http://www.bbc.co.uk/news/technology-24117006
2013-09-17,16:30:00,1mk5nv,619,"“The Oil Is Ours” – But Its Secrets Are the NSA’s. Reported U.S. spying on Brazil’s Petrobras oil firm revived the controversy over opening up the company, a symbol of Brazilian sovereignty since the 1950s, to foreign investment.",ipsnews.net,http://www.ipsnews.net/2013/09/the-oil-is-ours-but-its-secrets-are-the-nsas/
2013-09-17,21:43:20,1mkhey,606,"Valentina Tereshkova, 76, first woman in space, seeks one-way ticket to Mars",theguardian.com,http://www.theguardian.com/science/2013/sep/17/mars-one-way-ticket
2013-09-17,20:17:18,1mkdir,400,"Inspectors catch Bristol prison officer denying meals to inmate as punishment - Surprise inspection finds HMP Bristol overcrowded, dirty and cockroach-infested with 'delinquent' staff",theguardian.com,http://www.theguardian.com/society/2013/sep/17/bristol-prison-inspection
2013-09-17,06:06:07,1mizeh,332,Romanian Protesters Still Don't Want Gold Companies to Blow Up Their Mountains,vice.com,http://www.vice.com/read/romanian-protests-roia-montan-gold-corporation-mining-romanian-autumn
2013-09-17,23:11:06,1mkmn4,313,"A United Nations mandated investigator has spotlighted ""unspeakable atrocities"" inflicted on political camp prisoners in North Korea, citing testimony from survivors who saw babies drowned or had to survive by eating lizards.",news.com.au,http://www.news.com.au/breaking-news/world/nth-korea-wont-co-operate-with-un-body/story-e6frfkui-1226721277705
2013-09-17,21:09:46,1mkfrl,271,"Tokyo Electric Power Co. said it dumped about 1,130 tons of tainted rainwater Monday into the Pacific Ocean after it accumulated at the Fukushima No. 1 nuclear plant due to a typhoon.",japantimes.co.jp,http://www.japantimes.co.jp/news/2013/09/17/national/1130-tons-of-tainted-rainwater-dumped-at-nuke-plant/#.UjhGUN6Chjo
2013-09-17,19:49:43,1mkcie,208,Austria gunman kills three including police and takes hostage,euronews.com,http://www.euronews.com/2013/09/17/austria-gunman-kills-three-including-police-officers-and-takes-hostage/
2013-09-17,10:54:39,1mjm71,214,Cambodian textile workers who supply UK clothing stores ‘starving’ and suffering 'mass faintings',independent.co.uk,http://www.independent.co.uk/life-style/fashion/news/cambodian-textile-workers-who-supply-uk-clothing-stores-starving-and-suffering-mass-faintings-8820468.html
2013-09-17,07:54:55,1mj88i,200,Iran opens up Twitter and Facebook,engadget.com,http://www.engadget.com/2013/09/16/iran-seemingly-lifts-restrictions-on-facebook-twitter-access/
2013-09-17,05:42:50,1mixex,188,"The NSA has hacked telecommunications firm Belgacom, targeting information concerning the principal organs of the EU in Brussels",spiegel.de,http://www.spiegel.de/netzwelt/web/spaehangriff-auf-eu-telefonanbieter-belgacom-a-922555.html
2013-09-17,15:24:03,1mk2vm,155,"Japanese media declare ‘dark times’ are on us: The monthly Sapio has dire fears on that score. Japan, it says, is being “swallowed up” by a “black society"".",japantimes.co.jp,http://www.japantimes.co.jp/news/2013/09/14/national/japanese-media-declare-dark-times-are-on-us/#at_pco=tcb-1.0&at_tot=8&at_ab=-&at_pos=5
2013-09-17,00:48:01,1mi9h9,136,"A prolific 35 year old paedophile who used the internet to target and blackmail young girls all over the world, has been sentenced to 14 years.",news.com.au,http://www.news.com.au/breaking-news/world/global-web-paedophile-gets-14-years/story-e6frfkui-1226720523665
2013-09-17,15:45:01,1mk3sd,128,Supporters rally for the French jeweller who was charged with murdering a fleeing thief.,france24.com,http://www.france24.com/en/20130916-france-support-jeweller-murder-thief-dead-rally-facebook-nice
2013-09-17,18:09:19,1mk92x,125,White House waives arms export rules for Syrian rebels (to send gas masks and hazmat suits),thehill.com,http://thehill.com/blogs/defcon-hill/policy-and-strategy/322537-white-house-waives-arms-export-rules-for-syrian-rebels-
2013-09-17,08:13:43,1mj9ps,97,Report: Iran set to shut down nuclear site in deal with West | JPost,jpost.com,http://www.jpost.com/Diplomacy-and-Politics/Report-Iran-set-to-shut-down-nuclear-site-326312
2013-09-17,16:23:58,1mk5ec,85,Troops fired hundred of rounds at man and killed Him as he was trying to swim across border to North Korea,musicsradio.com,http://musicsradio.com/index/?p=158105
2013-09-17,11:30:31,1mjoxl,84,Engineers have declared the crippled Costa Concordia cruise ship completely upright after a 19-hour operation to pull it from its side where it capsized last year off Tuscany.,bigstory.ap.org,http://bigstory.ap.org/article/storm-delays-lifting-capsized-ship-italy
2013-09-17,03:35:51,1mimu2,77,US super-rich hit new wealth record five years after financial crisis,theguardian.com,http://www.theguardian.com/business/2013/sep/16/us-super-rich-recover-losses-financial-crisis-forbes
