2013-05-09,19:57:30,1dzszq,2687,"North Korea asks China to hire idled workers from closed Kaesong industrial complex, China declines",ajw.asahi.com,http://ajw.asahi.com/article/asia/korean_peninsula/AJ201305090085
2013-05-09,01:12:01,1dxstp,2356,Stephen Hawking confirms he is boycotting Israeli conference,haaretz.com,http://www.haaretz.com/news/diplomacy-defense/stephen-hawking-confirms-he-is-boycotting-israeli-conference-1.519951
2013-05-09,01:43:10,1dxv2c,2317,"North Korean Long-Range Missiles Might Be Fake: ""Fuel ports were in weird places. Cables looked like they weren't laid correctly. The warheads appeared to be made of cheap metal sheeting or perhaps wood. There were so many problems that most experts agree: The missiles on parade weren't real""",npr.org,http://www.npr.org/2013/05/07/181961581/are-those-north-korean-long-range-missiles-for-real?rss=1
2013-05-09,14:09:40,1dzgl1,2274,Rupert Murdoch must step down as News Corporation chair – shareholders,guardian.co.uk,http://www.guardian.co.uk/media/2013/may/08/rupert-murdoch-news-corporation
2013-05-09,20:52:15,1dzuxq,1959,"Downloads for 3D-printed Liberator gun reach 100,000",bbc.co.uk,http://www.bbc.co.uk/news/technology-22464360
2013-05-09,21:11:52,1dzvpz,1641,"Reports from Tibet that Chinese authorities have begun demolishing holy districts of Lhasa, including Jokhang Temple; shopping mall and parking lot construction plans cited",thetibetpost.com,http://www.thetibetpost.com/en/news/tibet/3382-china-destroys-the-ancient-buddhist-symbol-of-lhasa-city-in-tibet#
2013-05-09,03:27:47,1dy33b,1331,Two women to run for Iranian Presidency,news-republic.com,http://www.news-republic.com/Web/ArticleWeb.aspx?regionid=3&articleid=8987452
2013-05-09,21:14:17,1dzvtm,1259,Russia will do its best to stop anybody from starting a war – Putin,english.ruvr.ru,http://english.ruvr.ru/2013_05_09/Russia-will-do-its-best-to-stop-anybody-from-starting-a-war-Putin/
2013-05-09,16:18:18,1dzmak,1140,Israel Approves 296 West Bank Settler Homes,naharnet.com,http://www.naharnet.com/stories/en/82423-israel-approves-296-west-bank-settler-homes
2013-05-09,10:06:45,1dyz33,880,"Disney pulls bid to try to trademark the Mexican Holiday ""Dia de los Muertos""",azcentral.com,http://www.azcentral.com/news/articles/20130507disney-pulls-bid-trademark-dia-de-los-muertos.html?nclick_check=1
2013-05-09,03:11:56,1dy1t9,840,Former Italian Prime Minister Silvio Berlusconi sentenced to 4 years in jail for tax fraud,uk.reuters.com,http://uk.reuters.com/article/2013/05/08/uk-berlusconi-mediaset-idUKBRE9470W420130508
2013-05-09,20:10:39,1dztfe,635,A B.C. man who vanished a decade ago in a possible underworld killing set up offshore companies and bank accounts before he went missing. He is among the 450 Canadians named in the recent massive leak of tax-haven data,cbc.ca,http://www.cbc.ca/news/canada/british-columbia/story/2013/05/07/bc-greg-cyr-offshore.html
2013-05-09,23:15:07,1e02es,423,Pakistan: Court condemns U.S. drone attack as a war crime,spiegel.de,http://www.spiegel.de/politik/ausland/drohnen-gericht-in-pakistan-wirft-usa-kriegsverbrechen-vor-a-898914.html
2013-05-09,04:58:00,1dyajc,432,The other gender divide: where men are losing out - Feminists are redrawing their battle lines. But data on topics from domestic violence to education show men have problems too.,guardian.co.uk,http://www.guardian.co.uk/news/datablog/2013/may/07/men-gender-divide-feminism
2013-05-09,08:07:39,1dypxj,428,Age of consent should be 13 says a prominent British barrister,bbc.co.uk,http://www.bbc.co.uk/news/uk-22459815
2013-05-09,10:12:28,1dyzjv,415,"A leading evangelical Christian pastor has been arrested in a Rio suburb for the alleged rape of six women, including three minors, police said",aljazeera.com,http://www.aljazeera.com/news/americas/2013/05/20135902750766981.html
2013-05-09,01:28:33,1dxtz5,304,"A schoolgirl (14) was repeatedly raped by newspaper tycoon after being 'sold' to him for £650, a court heard",dailymail.co.uk,http://www.dailymail.co.uk/news/article-2321423/Schoolgirl-14-sold-tycoon-Eddy-Shah-650-settle-credit-card-debts.html?ITO=socialnet-twitter-mailonline
2013-05-09,22:18:40,1dzyy6,244,Greek Youth Unemployment Rises Above 60 Percent,huffingtonpost.com,http://www.huffingtonpost.com/2013/05/09/greek-youth-unemployment-_n_3244437.html?icid=hp_front_top_art
2013-05-09,18:07:24,1dzplp,235,B'Tselem: More than 50% of Palestinians killed in Israel's last Gaza operation were civilians - Diplomacy & Defense - Israel News,haaretz.com,http://www.haaretz.com/news/diplomacy-defense/b-tselem-more-than-50-of-palestinians-killed-in-israel-s-last-gaza-operation-were-civilians.premium-1.522652
2013-05-09,05:30:52,1dyd74,231,Athens mayor sues neo-Nazi MP who punched a 12-year-old girl while trying to assault him,hurriyetdailynews.com,http://www.hurriyetdailynews.com/athens-mayor-sues-neo-nazi-mp-who-punched-a-12-year-old-girl-while-trying-to-assault-him.aspx?pageID=238&nID=46514&NewsCatID=351
2013-05-09,21:12:17,1dzvqe,192,Researchers mix cells from human adult gum tissue with tooth-inducing cells from mouse embryos to grow new hybrid teeth complete with roots.,the-scientist.com,http://www.the-scientist.com/?articles.view/articleNo/34679/title/Teasing-Out-New-Teeth/
2013-05-09,23:22:30,1e02wa,176,"Blast rips through Moscow bus on Victory Day. An explosion has hit a bus in northern Moscow, ripping the vehicle's roof off and shattering its windows.",rt.com,http://rt.com/news/blast-moscow-bus-victory-054/
2013-05-09,02:28:37,1dxyed,161,Mass protest in Beijing over police handling of gang rape case [UPDATING],shanghaiist.com,http://shanghaiist.com/2013/05/08/mass_police_protest_in_beijing_over_alleged_gang_rape.php
2013-05-09,02:20:45,1dxxtt,155,Putin slams ISAF for turning blind eye to Afghanistan drug production,rt.com,http://rt.com/news/putin-terrorism-threats-radicalism-001/
2013-05-09,21:27:49,1dzwf2,142,"Israel criticises Church of Scotland over report which calls for ""peace and stability"" in the region. ""An Inquisition-era polemic against Jews and Judaism,"" claim officials.",bbc.co.uk,http://www.bbc.co.uk/news/uk-scotland-22464640
2013-05-09,13:04:46,1dzclc,134,Obama 'Handshake' Proves South Korea Is Worse at Photoshop Than the North,theatlanticwire.com,http://www.theatlanticwire.com/national/2013/05/obama-handshake-south-korea-photoshop/64999/
2013-05-09,04:40:10,1dy93n,109,"Line Went Dead as Ambassador Said, ‘We’re Under Attack’",nytimes.com,http://www.nytimes.com/2013/05/09/us/politics/official-offers-account-from-libya-of-benghazi-attack.html
2013-05-09,06:15:11,1dygy3,105,Syria back online after internet blackout - Middle East,aljazeera.com,http://www.aljazeera.com/news/middleeast/2013/05/2013581576471212.html
2013-05-09,10:57:09,1dz36u,102,"Iraq, Syria and the death of the modern Middle East",aljazeera.com,http://www.aljazeera.com/indepth/opinion/2013/05/2013567200437919.html
2013-05-09,22:59:11,1e01do,93,Afghan president says US wants to keep 9 bases in Afghanistan after 2014 withdraw.,bigstory.ap.org,http://bigstory.ap.org/article/karzai-afghanistan-ready-let-us-have-9-bases#overlay-context=article/10-things-know-today-174
