2013-02-04,18:46:46,17v0s6,3188,"The remains of Richard III, one of the most famous figures in English history, has been found.",bbc.co.uk,http://www.bbc.co.uk/news/uk-england-leicestershire-21063882
2013-02-04,02:13:20,17tdzj,1886,"Women in Paris are finally allowed to wear trousers, after a 200 year law forbidding them to do so was revoked!",telegraph.co.uk,http://www.telegraph.co.uk/news/worldnews/europe/france/9845545/Women-in-Paris-finally-allowed-to-wear-trousers.html
2013-02-04,00:22:52,17t7ff,851,"In rush to urbanize, China flattens 700 mountains
",usatoday.com,http://www.usatoday.com/story/news/world/2013/02/02/china-mountain-flattening/1881505/
2013-02-04,20:08:59,17v30m,742,Ahmadinejad says he wants to be Iran’s first astronaut,washingtonpost.com,http://www.washingtonpost.com/business/ahmadinejad-says-he-wants-to-be-irans-first-astronaut/2013/02/04/028e79ea-6ec2-11e2-b35a-0ee56f0518d2_story.html
2013-02-04,19:25:01,17v1so,529,"Match fixing in European Soccer: Investigators identify 380 fixed football matches, 425 corrupt officials and players. Including Champions League matches.",guardian.co.uk,http://www.guardian.co.uk/football/2013/feb/04/europol-investigation-football-matchfixing
2013-02-04,23:12:36,17vadd,475,Yemen confirmed on Saturday that a ship intercepted last month off its coast was an Iranian vessel trying to smuggle explosives and surface-to-air missiles to the country,reuters.com,http://www.reuters.com/article/2013/02/02/yemen-iran-arms-idUSL5N0B22GC20130202
2013-02-04,03:40:53,17tk19,446,"To curb rape, Muslim group calls for end to co-ed schools in India",csmonitor.com,http://www.csmonitor.com/World/Asia-South-Central/2013/0203/To-curb-rape-Muslim-group-calls-for-end-to-co-ed-schools-in-India?nav=87-frontpage-entryNineItem
2013-02-04,19:21:35,17v1p1,410,Windfarms in Spain Produce More Electricity Than Any Other  Source for 1st Time - Wind energy exceeded output from both nuclear & coal-fired power stations & represents over a quarter of Spain's total power generation,guardian.co.uk,http://www.guardian.co.uk/environment/2013/feb/04/windfarms-break-energy-record-spain
2013-02-04,17:18:39,17uygc,397,North Korea 'preparing for two nuclear tests' ,telegraph.co.uk,http://www.telegraph.co.uk/news/worldnews/asia/northkorea/9846447/North-Korea-preparing-for-two-nuclear-tests.html
2013-02-04,20:45:23,17v46p,314,"
The growing wealth gap is unsustainable: The ever-increasing many who are struggling cannot support a structure that favours a tiny number of the very rich
",guardian.co.uk,http://www.guardian.co.uk/commentisfree/2013/feb/03/capitalism-reform-essential
2013-02-04,17:50:34,17uzan,292,China's thick smog arrives in Japan,france24.com,http://www.france24.com/en/20130204-chinas-thick-smog-arrives-japan
2013-02-04,13:17:07,17unwg,288,Fidel Castro makes first public appearance in three years,rt.com,http://rt.com/news/fidel-castro-election-public-372/
2013-02-04,06:15:36,17tvc9,270,"The Monkey Uprising Has Begun in Saudi Arabia
",theatlanticwire.com,http://www.theatlanticwire.com/global/2013/02/monkey-uprising-has-begun-saudi-arabia/61732/
2013-02-04,23:09:18,17va6o,253,"Fayhan Al Ghamdi, Saudi Cleric, Reportedly Beats 5-Year-Old Daughter To Death, Receives Only Light Sentence",huffingtonpost.com,http://www.huffingtonpost.com/2013/02/03/fayhan-al-ghamdi-_n_2610841.html?icid=hp_search_art
2013-02-04,22:16:11,17v7k6,192,Google Doodle pays hommage to the Canadian penny. It is the last day that the penny will be in use,google.ca,https://www.google.ca/
2013-02-04,22:31:13,17v89h,181,Egyptian police target impoverished children - A fourteen year-old bone cancer patient in police custody is being refused chemotherapy treatment amid a rise in disappearances and arrests of minors.,english.ahram.org.eg,http://english.ahram.org.eg/NewsContentP/1/63980/Egypt/Police-target-impoverished-children-Rights-activis.aspx
2013-02-04,21:45:06,17v69v,175,"Iran's former central bank chief caught entering Germany with a check worth $70 million, drawn on a bank in Venezuela. ",bigstory.ap.org,http://bigstory.ap.org/article/report-german-check-bust-man-ex-iran-bank-head
2013-02-04,03:41:44,17tk3k,157,Kuwait jails youth for five years for insulting emir on Twitter.,news.com.au,http://www.news.com.au/technology/kuwait-jails-youth-for-five-years-for-insulting-emir-on-twitter/story-e6frfro0-1226568188919
2013-02-04,05:51:31,17ttl5,151,Ecuadorian judges confess to taking bribes in Chevron suit,features.blogs.fortune.cnn.com,http://features.blogs.fortune.cnn.com/2013/01/28/judge-chevron-ecuador/
2013-02-04,15:47:41,17uvhn,149,"More in France Are Turning to Islam, Challenging a Nation’s Idea of Itself
",nytimes.com,http://www.nytimes.com/2013/02/04/world/europe/rise-of-islamic-converts-challenges-france.html
2013-02-04,19:00:13,17v14p,138,"Skeleton found in Leicester car park is that of Richard III, the last Plantagenet king",guardian.co.uk,http://www.guardian.co.uk/science/blog/2013/feb/04/richard-iii-skeleton-last-plantagenet-king-live?mobile-redirect=false
2013-02-04,20:40:22,17v405,127,"Thousands More Birds Expected to Wash Up on Britain’s Shores in ""Enormous Eco Crime"" - 
Pressure mounts to find the ship that dumped  oil into the sea.",telegraph.co.uk,http://www.telegraph.co.uk/earth/earthnews/9845356/Thousands-more-birds-expected-to-be-washed-up-in-enormous-eco-crime.html
2013-02-04,01:55:59,17tcvo,123,Supplier of halal meat containing pork DNA is named,bbc.co.uk,http://www.bbc.co.uk/news/uk-21312752
2013-02-04,21:10:35,17v51a,102,Investigation Finds Suspected Fixing in 680 Soccer Matches: At least 425 people from more than 15 countries are suspected of conspiring to fix matches on behalf of Asian criminal syndicates...,nytimes.com,http://www.nytimes.com/2013/02/05/sports/soccer/investigation-finds-suspected-fixing-in-680-soccer-matches.html?_r=1&
2013-02-04,23:44:50,17vc95,93,Family of smokers on airplane forces costly diversion,ca.news.yahoo.com,http://ca.news.yahoo.com/family-smokers-airplane-forces-costly-diversion-064334530.html
2013-02-04,07:40:32,17u134,89,"China: 'Dead' woman, 101, wakes up in coffin",web.orange.co.uk,http://web.orange.co.uk/article/quirkies/Dead_woman_101_wakes_up_in_coffin
2013-02-04,10:13:18,17uaur,73,taking the law into their own hands. Villagers have risen up an armed revolt against criminal groups and state and federal authorities.,blogs.wsj.com,http://blogs.wsj.com/photojournal/2013/02/03/taking-the-law-into-their-own-hands/?mod=WSJBlog
2013-02-04,06:33:55,17twoc,74,Survey: Breathing bad air in Beijing like smoking 21 cigarettes,ajw.asahi.com,http://ajw.asahi.com/article/behind_news/social_affairs/AJ201302030021
2013-02-04,21:59:33,17v6tk,64,680 football matches 'fixed' around the world by an Asian sydicate. Biggest investigation ever. 425 players and clubs officials involved.,eurosport.yahoo.com,http://eurosport.yahoo.com/news/champions-league-match-england-fixed-110307956.html
2013-02-04,00:18:59,17t78k,67,Erdogan on Syria strikes: History won't forgive Israel,jpost.com,http://www.jpost.com/Defense/Article.aspx?id=301923
