2013-08-08,02:43:24,1jwaet,2981,Russia says Obama hurting himself by canceling summit over Snowden,latimes.com,"http://www.latimes.com/news/world/worldnow/la-fg-wn-russia-obama-summit-edward-snowden-20130807,0,1171308.story"
2013-08-08,18:20:27,1jy2jh,2645,"Snowden's Asylum: 'It's the law, stupid' - It should be made clear that Russia has no legal, political or moral duty to turn Snowden over to American authorities.",aljazeera.com,http://www.aljazeera.com/indepth/opinion/2013/08/2013841016657318.html
2013-08-08,10:21:27,1jxbtq,2520,Unhappy With U.S. Foreign Policy? Pentagon Says You Might Be A 'High Threat',huffingtonpost.com,http://www.huffingtonpost.com/2013/08/07/insider-threat-training_n_3714333.html
2013-08-08,07:31:28,1jwz02,2513,"47,000 people, George Takei sign petition to move Sochi Olympics to Vancouver",globalnews.ca,http://globalnews.ca/news/767168/47000-people-george-takei-sign-petition-to-move-sochi-olympics-to-vancouver/
2013-08-08,22:01:23,1jyb8j,2469,"Swedish Pirate Party reports IT minister to the police, after she was spotted infringing copyright online on a number of occasions.",torrentfreak.com,http://torrentfreak.com/pirate-party-reports-it-minister-to-the-police-for-copyright-infringement-130808/
2013-08-08,01:43:37,1jw5ad,2001,Gay Olympians could be kicked out of games by the IOC instead of Russia for speaking out against anti-gay laws,nytimes.com,http://www.nytimes.com/2013/08/07/sports/games-officials-tiptoeing-around-russias-antigay-law.html
2013-08-08,12:44:13,1jxm5w,1911,"The Pentagon wants to sell 2.7 billion dollars worth of weapons to Iraq, including 681 Stinger anti-aircraft missiles",businessinsider.com,http://www.businessinsider.com/us-selling-weapons-to-civil-war-iraq-2013-8
2013-08-08,22:48:07,1jydwz,1073,N.S.A. Sifting Broader Set of Data systematically searching — without warrants — through the contents of Americans’ communications that cross the border,nytimes.com,http://www.nytimes.com/2013/08/08/us/broader-sifting-of-data-abroad-is-seen-by-nsa.html
2013-08-08,02:52:19,1jwb5f,934,"A Montreal man has been ordered to pay $8,000 to a panhandler after an email he wrote complaining about her presence outside a liquor store was deemed discriminatory by the province's human rights commission.",cbc.ca,http://www.cbc.ca/news/canada/montreal/story/2013/08/05/quebec-panhandle-saq-offensive-email-suit.html
2013-08-08,11:56:29,1jxisq,867,"Meet Australia's Sarah Palin - she ""doesn't oppose Islam as a country""",theage.com.au,http://www.theage.com.au/federal-politics/federal-election-2013/when-stephanie-got-her-facts-wrong-one-nation-candidate-makes-gaffe-after-gaffe-in-tv-interview-20130808-2rive.html
2013-08-08,05:57:38,1jwrcq,846,"Glenn Greenwald: Snowden Gave Me 15-20,000 Classified Documents",huffingtonpost.com,http://www.huffingtonpost.com/2013/08/07/glenn-greenwald-edward-snowden-documents_n_3716424.html
2013-08-08,23:25:16,1jygd5,656,"Russia is Silencing Activists, Journalists ahead of Sochi Games -- HRC has documented government efforts to intimidate those who have investigated abuse of migrant workers, environmental impact of Olympic venus construction, and unfair compensation for people forcibly evicted from their homes",hrw.org,http://www.hrw.org/news/2013/08/07/russia-silencing-activists-journalists-ahead-sochi-games
2013-08-08,20:51:20,1jy7yc,643,Neonicotinoids are the new DDT killing the natural world,theguardian.com,http://www.theguardian.com/environment/georgemonbiot/2013/aug/05/neonicotinoids-ddt-pesticides-nature
2013-08-08,23:48:30,1jyhxd,567,"Russia is ""silencing"" journalists and human rights groups over human rights abuses on Olympic construction sites...",huffingtonpost.com,http://www.huffingtonpost.com/2013/08/08/russia-silencing-journalists_n_3722628.html
2013-08-08,07:55:05,1jx0tr,527,American Police Want Legal Exemptions From Canadian Law When Inside Canada,huffingtonpost.ca,http://www.huffingtonpost.ca/2013/07/30/border-security-us-police-legal-exemptions_n_3678240.html
2013-08-08,22:53:21,1jye9r,483,"If Scotland was independent today, only 18% of Scots would vote to join the UK.",wingsoverscotland.com,http://wingsoverscotland.com/in-out-and-shaking-it-all-about/
2013-08-08,19:37:03,1jy4ys,333,"Tesla has delivered the first Model S cars to the first few customers in Europe, in Norway, Switzerland and the Netherlands. Norway could see 800 Model S cars on its roads by the end of 2013.",gigaom.com,http://gigaom.com/2013/08/07/norway-to-act-as-flagship-for-tesla-sales-in-europe/
2013-08-08,03:40:06,1jwfd7,179,US involvement in Egypt criticised: Both supporters and opponents of the military see the US as self-interested and hypocritical.,aljazeera.com,http://www.aljazeera.com/video/middleeast/2013/08/20138518303208315.html
2013-08-08,04:18:57,1jwiqm,163,"Stunning Maya Sculpture, its Colors Intact, Found in Buried Pyramid - 30 ft long & 6 ft tall, ""It's one of the most fabulous things I've ever seen,"" says archaeologist. It was on a staircase tomb inside a pyramid. Painted red, blue, yellow & green, it depicts 3 men over a mountain spirit.",usatoday.com,http://www.usatoday.com/story/tech/sciencefair/2013/08/07/maya-frieze-holmul/2625201/
2013-08-08,05:11:41,1jwne0,141,"Al-Qaida currently consists of ""fewer than 100 leaders, fighters and trainers and few experienced operators""",theguardian.com,http://www.theguardian.com/world/2013/aug/05/al-qaida-anniversary-attacks-reduced
2013-08-08,15:44:27,1jxwon,137,Iranian Plane full of Arms and Ammo Shot Down over Damascus,yalibnan.com,http://www.yalibnan.com/2013/08/08/iranian-cargo-plane-shot-down-over-damascus-airport/
2013-08-08,18:14:26,1jy2c1,92,Germany boosts arms exports to Qatar: German arms exports to the Gulf region are on the rise. Critics say Germany should not be supplying countries with such questionable human rights records.,dw.de,http://www.dw.de/germany-boosts-arms-exports-to-qatar/a-17004637
2013-08-08,23:06:42,1jyf4e,83,Suicide bomber kills 29 at policeman's funeral in Pakistan,reuters.com,http://www.reuters.com/article/2013/08/08/us-pakistan-bomb-idUSBRE9770F420130808
2013-08-08,04:15:22,1jwieg,88,"Furious French farmers are smashing 100,000 eggs each night on roads in a bid to raise the price of an eggs",thelocal.fr,http://www.thelocal.fr/20130807/furious-farmers-threaten-to-smash-100000-eggs-a-day
2013-08-08,19:35:25,1jy4x5,82,Does Rupert Murdoch own 70% of newspapers in Australia?,theguardian.com,http://www.theguardian.com/media/2013/aug/08/rupert-murdoch-own-70-newspapers
2013-08-08,00:35:17,1jvzvj,75,"Probe launched into attorney who called sex abuse victim ""a sexual predator""",independent.co.uk,http://www.independent.co.uk/news/uk/crime/investigation-launched-over-barrister-robert-colover-who-called-13yearold-sex-abuse-victim-predatory-8750521.html
2013-08-08,19:24:29,1jy4jz,61,German Chancellor calls for closer relations with Iran,presstv.ir,http://www.presstv.ir/detail/2013/08/08/317750/germany-seeks-deeper-iran-ties/
2013-08-08,12:43:31,1jxm4e,52,This Guy Stole A Woman's iPhone But Didn't Disable Dropbox — So She Turned His Terrible Photos Into A Tumblr,businessinsider.com,http://www.businessinsider.com/this-jerk-stole-my-iphone-on-tumblr-2013-8
2013-08-08,00:41:39,1jw0bd,50,U.S. accuses Bank of America of mortgage-backed securities fraud,articles.chicagotribune.com,http://articles.chicagotribune.com/2013-08-06/business/sns-rt-us-bofa-justice-20130806_1_securitization-mortgages-america
2013-08-08,15:32:53,1jxw4q,47,North Korean comedian sent to do hard labour in a coal mine after making a 'slip of tongue' about regime during performance,dailymail.co.uk,http://www.dailymail.co.uk/news/article-2386200/Lee-Choon-Hong-North-Korean-comedian-sent-hard-labour-coal-slip-regime.html
