2013-03-24,20:54:03,1awtat,2654,A Tunisian Salafi preacher has called for a 19-year old girl who posted her topless pictures on Facebook to be “quarantined” and stoned to death before she starts “an epidemic.”,english.alarabiya.net,http://english.alarabiya.net/en/2013/03/23/-Quarantine-her-Top-Tunisian-Islamist-says-topless-girl-needs-stoning.html
2013-03-24,12:15:44,1awczn,2469,"Russian billionaire and critic of Vladimir Putin, Boris Berezovsky, found dead at his UK home in suspected suicide",guardian.co.uk,http://www.guardian.co.uk/world/2013/mar/23/boris-berezovsky-found-dead-berkshire-home
2013-03-24,03:37:24,1avh0l,2312,"Transgender UK teacher, who was harassed and slandered by UK media, commits suicide",independent.co.uk,http://www.independent.co.uk/news/uk/home-news/transgender-primary-school-teacher-who-took-own-life-had-sought-protection-from-media-hounding-before-her-death-8546468.html
2013-03-24,22:03:22,1awvs8,2073,"Adobe to its Australian customers: Fly to US for cheaper software -- Australians can go to the US if they want lower American prices on boxed Adobe products, an Adobe official told an Australian Parliamentary panel today",computerworld.com.au,http://www.computerworld.com.au/article/457033/adobe_fly_us_cheaper_software/
2013-03-24,15:40:38,1awlle,1353,Cyprus Now Looks to Take 25% From Bank Accounts of Wealthy,worldnews.nbcnews.com,http://worldnews.nbcnews.com/_news/2013/03/23/17428178-cyprus-now-looks-to-take-25-percent-from-bank-accounts-of-wealthy#comments
2013-03-24,03:05:37,1aveul,959,Topless Tunisian Femen Protester 'Amina' Threatened With Death By Stoning for topless pics,huffingtonpost.co.uk,http://www.huffingtonpost.co.uk/2013/03/22/topless-tunisian-feminist-amina-stoning-death_n_2930611.html
2013-03-24,04:36:03,1avkur,636,"NORTH Korea's latest propaganda video depicts 150,000 US citizens being taken hostage by paratroopers invading Seoul.
",thesun.co.uk,http://www.thesun.co.uk/sol/homepage/news/4854885/nightmare-of-150000-us-prisoners-in-new-north-korean-propaganda-video.html#ooid=NoZnBkYTrJ1S0UU4xjviWE0NpOBKvYD2
2013-03-24,22:53:15,1awxw3,519,"A Japanese teenager who allegedly killed his mother and chopped her body into pieces has told police he simply did not like her, and wanted to know more about dissection",rawstory.com,http://www.rawstory.com/rs/2013/03/24/japanese-teen-didnt-like-his-mother-so-he-chopped-her-up/
2013-03-24,05:30:28,1avohh,498,33-Year-Old Man Gang Raped By Six Suspects In South Africa,saps.gov.za,http://www.saps.gov.za/_dynamicModules/internetSite/newsBuild.asp?myURL=2840
2013-03-24,22:31:41,1awwxp,444,Iraq War's 10th Anniversary in pictures: The Invasion (Hi-res. No multi-page bullshit.),theatlantic.com,http://www.theatlantic.com/infocus/2013/03/iraq-wars-10th-anniversary-the-invasion/100475?11
2013-03-24,19:48:20,1awrdv,299,Icelandic MP wants to write off 20% of household mortgages using nationalized money from foreign creditors,newsoficeland.com,http://www.newsoficeland.com/home/politics/parliamentministries/item/929-icelandic-mp-wants-to-write-off-20-of-household-mortgages
2013-03-24,11:38:28,1awawv,271,Seoul to crack down on scammers preying on North Korea defectors,english.yonhapnews.co.kr,http://english.yonhapnews.co.kr/national/2013/03/24/65/0301000000AEN20130324000500315F.HTML
2013-03-24,21:40:15,1awuw9,201,Nasa Confirms Meteor After 'Fireball' Reports,news.sky.com,http://news.sky.com/story/1068697/nasa-confirms-meteor-after-fireball-reports
2013-03-24,00:14:15,1av3ll,166,France confirms death of Islamist commander Abou Zeid,bbc.co.uk,http://www.bbc.co.uk/news/world-africa-21912281
2013-03-24,10:16:47,1aw63o,147,China retaliate to North Korea's nuclear tests through trade,independent.co.uk,http://www.independent.co.uk/news/world/asia/china-starts-to-get-tough-with-north-korea-8547098.html
2013-03-24,14:48:45,1awjxr,144,Canada worst human rights violator in world: Iran lawmaker,presstv.ir,http://www.presstv.ir/detail/2013/03/23/294902/canada-biggest-human-rights-violator/
2013-03-24,10:24:25,1aw6k2,135,Slaughter of the African Elephants,nytimes.com,http://www.nytimes.com/2013/03/17/opinion/sunday/slaughter-of-the-african-elephants.html?_r=0
2013-03-24,22:51:29,1awxsr,114,Israel fires into Syria after Golan attack on troops,reuters.com,http://www.reuters.com/article/2013/03/24/us-syria-israel-idUSBRE92N06020130324
2013-03-24,07:23:58,1avvn7,118,Rio police evict Amazon natives from World Cup site,news.yahoo.com,http://news.yahoo.com/rio-police-evict-amazon-natives-world-cup-172841386--sow.html
2013-03-24,23:15:42,1awyza,110,"French mother on trial for son Jihad’s T-shirt that says “I am a bomb,” on the front and the back read, “Jihad Born Sept. 11.”",washingtonpost.com,http://www.washingtonpost.com/world/europe/french-mother-on-trial-for-son-jihads-t-shirt/2013/03/22/dd5c2016-8eef-11e2-bdea-e32ad90da239_story.html
2013-03-24,01:23:07,1av7yo,109,BBC News - Russian tycoon Boris Berezovsky dies,bbc.co.uk,http://www.bbc.co.uk/news/uk-21913356
2013-03-24,23:06:57,1awyjo,73,"World Bank's new vision on tackling poverty 'very unambitious': Bank's promotion of 'shared prosperity' fails to tackle inequalities and growing gaps between rich and poor, critics warn",guardian.co.uk,http://www.guardian.co.uk/global-development/2013/mar/21/world-bank-vision-poverty-unambitious
2013-03-24,00:41:14,1av57t,76,Kurdish rebels declare formal ceasefire with Turkey.,reuters.com,http://www.reuters.com/article/2013/03/23/us-turkey-kurds-idUSBRE92M06J20130323?feedType=RSS&feedName=worldNews
2013-03-24,08:53:45,1aw155,66,Transgender primary school teacher who 'took own life' had sought protection from media hounding before her death.,independent.co.uk,http://www.independent.co.uk/news/uk/home-news/transgender-primary-school-teacher-who-took-own-life-had-sought-protection-from-media-hounding-before-her-death-8546468.html?fb_action_ids=10152665920565258%2C10152665716395258%2C10200299237017032&fb_action_types=news.reads&fb_source=other_multiline&action_object_map=%7B%2210152665920565258%22%3A552041721503252%2C%2210152665716395258%22%3A468421266046%2C%2210200299237017032%22%3A232362146910707%7D&action_type_map=%7B%2210152665920565258%22%3A%22news.reads%22%2C%2210152665716395258%22%3A%22news.reads%22%2C%2210200299237017032%22%3A%22news.reads%22%7D&action_ref_map=%5B%5D
2013-03-24,06:40:42,1avsvx,58,Cyprus crisis: 'This is the darkest week in our history since the 1974 invasion',guardian.co.uk,http://www.guardian.co.uk/world/2013/mar/23/cyprus-crisis-russians-euro-europe-eu
2013-03-24,02:03:27,1avana,52,Russian oligarch Boris Berezovsky found dead in his bath,telegraph.co.uk,http://www.telegraph.co.uk/news/worldnews/europe/russia/9950107/Russian-oligarch-Boris-Berezovsky-found-dead-in-his-bath.html?fb
2013-03-24,20:57:43,1awtf7,48,"Yes, Netanyahu's apology to Turkey is a very big deal",washingtonpost.com,http://www.washingtonpost.com/blogs/worldviews/wp/2013/03/22/yes-netanyahus-apology-to-turkey-is-a-very-big-deal/
2013-03-24,05:10:46,1avn83,47,"""Cyprus conceded on Saturday to a one-off levy on deposits over 100,000"" (estimates range from 20-25%)",reuters.com,http://www.reuters.com/article/2013/03/23/us-cyprus-parliament-idUSBRE92G03I20130323
2013-03-24,12:13:02,1awcuv,45,"Greek inmates missing after gunmen storm jail
",aljazeera.com,http://www.aljazeera.com/news/europe/2013/03/20133242116355777.html
2013-03-24,06:31:31,1avsbd,38,Syria chemical weapons: finger pointed at jihadists,telegraph.co.uk,http://www.telegraph.co.uk/news/worldnews/middleeast/syria/9950036/Syria-chemical-weapons-finger-pointed-at-jihadists.html
