2013-01-15,01:09:30,16k539,3273,"In China's capital, they're calling it the ""airpocalypse,"" with air pollution that's literally off the charts. The air has been classified as hazardous to human health for a fifth consecutive day, at its worst hitting pollution levels 25x that considered safe in the U.S.",npr.org,http://www.npr.org/2013/01/14/169305324/beijings-air-quality-reaches-hazardous-levels
2013-01-15,17:19:13,16lz6v,2753,"The crime of ""insulting"" someone through words or behaviour to be dropped in UK",bbc.co.uk,http://www.bbc.co.uk/news/uk-politics-21020737
2013-01-15,11:03:36,16lesd,2154,"China’s plainclothes police stuff man into unmarked van for speaking to reporters:  After a young man offers his support for a censored newspaper, some plainclothes police swoop in to pack him away.",washingtonpost.com,http://www.washingtonpost.com/blogs/worldviews/wp/2013/01/14/video-chinas-plainclothes-police-stuff-man-into-unmarked-van-for-speaking-to-reporters/
2013-01-15,12:09:41,16lju1,1676,"Ontario will phase out coal-fired power by 2014, making the Canadian province the first coal-free jurisdiction in North America",scientificamerican.com,http://www.scientificamerican.com/article.cfm?id=ontario-phases-out-coal-fired-power
2013-01-15,01:35:41,16k6xe,1461,"How bad are the bad guys in Mali? The answer, in four powerful paragraphs.",washingtonpost.com,http://www.washingtonpost.com/blogs/worldviews/wp/2013/01/14/how-bad-are-the-bad-guys-in-mali-the-answer-in-four-powerful-paragraphs/
2013-01-15,02:23:32,16kaf7,1008,"Bank robbers have made off with an unknown amount of loot after digging a 100-foot tunnel into a Berlin bank from a nearby parking garage. To get into the building, they broke through two concrete walls.",spiegel.de,http://www.spiegel.de/international/zeitgeist/berlin-bank-robbers-dig-tunnel-to-get-at-bank-riches-a-877500.html#ref=rss?utm_source=twitterfeed&utm_medium=twitter
2013-01-15,18:05:06,16m0ii,693,Pakistan Supreme Court Orders Arrest of Prime Minister,nytimes.com,http://www.nytimes.com/reuters/2013/01/15/world/asia/15reuters-pakistan-primeminister.html?smid=tw-nytimesworld&seid=auto&_r=0
2013-01-15,15:59:20,16lwmx,685,Cleaning lady steals train and crashes into house,thelocal.se,http://www.thelocal.se/45616/20130115/#.UPUMM6HjmCw
2013-01-15,07:49:10,16kzo3,238,Turkey's science state council halts publication of evolution books,hurriyetdailynews.com,http://www.hurriyetdailynews.com/turkish-council-of-state-halts-publication-of-evolution-books.aspx?pageID=238&nid=39047&NewsCa/tID=374#.UPQr1wBl5c
2013-01-15,23:40:34,16mdz3,236,"Al-Qaida carves out own country in Mali, using the bulldozers, earth movers and Caterpillar machines left behind by fleeing construction crews to dig what residents and local officials describe as an elaborate network of tunnels, trenches, shafts and ramparts.",boston.com,http://www.boston.com/news/world/africa/2013/01/14/qaida-carves-out-own-country-mali/bpbUuHRpTHRWVa0P9rzNUM/story.html
2013-01-15,18:14:08,16m0rv,218,"France has openned the gates of hell, say Mali rebels",guardian.co.uk,http://www.guardian.co.uk/world/2013/jan/14/mali-conflict-france-gates-hell?mobile-redirect=false
2013-01-15,18:27:35,16m169,223,"Rhino Poaching Death Toll Soars Across South Africa:    668 rhinos lost their lives to poachers in 2012 – up from 14 rhinos in 2005 & an increase of nearly 50% from the 448 rhinos poachers killed in 2011.  5 more rhinos were killed by poachers just since the beginning of this year.
",ens-newswire.com,http://ens-newswire.com/2013/01/14/rhino-poaching-death-toll-soars-across-south-africa/
2013-01-15,08:15:41,16l1n0,210,Nike accused of using military to intimidate workers - ABC News (Australian Broadcasting Corporation),abc.net.au,http://www.abc.net.au/news/2013-01-15/nike-accused-of-using-military-to-intimidate-factory-workers/4465058
2013-01-15,23:38:12,16mdtx,159,Saudi clerics protest against appointing women to advisory body,reuters.com,http://www.reuters.com/article/2013/01/15/us-saudi-clerics-women-idUSBRE90E0OO20130115
2013-01-15,17:12:41,16lyzc,131,"Egypt's  Ancient Heritage Under Immediate Threat - Dahshur archaeological site, home of 1st complete pyramid, is being plundered by armed vandals &  thieves.  Residents  invaded site next to Black Pyramid of King Amenemhat III.  Guards were unable to repel the them.",english.ahram.org.eg,http://english.ahram.org.eg/NewsContent/9/40/62323/Heritage/Ancient-Egypt/Egypts-Dahshur-ancient-heritage-under-immediate-th.aspx
2013-01-15,00:18:12,16k1k5,131,UK won't let British veterans accept Russian medal,bostonherald.com,http://bostonherald.com/news_opinion/international/europe/2013/01/uk_wont_let_british_veterans_accept_russian_medal
2013-01-15,03:13:55,16ke7t,128,"Japan's new budget reverses austerity cuts, giving ¥570 billion to science and education including ¥20 billion for stem cell research",blogs.nature.com,http://blogs.nature.com/news/2013/01/japans-new-old-leadership-to-boost-science.html
2013-01-15,14:49:36,16ltpr,123,"An international conservation group on Tuesday urged Thailand to ban all ivory trading, warning that rising demand for tusks is fueling an unprecedented slaughter of elephants in Africa.",washingtonpost.com,http://www.washingtonpost.com/business/world-wildlife-fund-calls-on-thailand-to-ban-ivory-trade-to-save-african-elephants/2013/01/15/2a2ddb62-5ed7-11e2-9dc9-bca76dd777b8_story.html
2013-01-15,22:49:09,16mazp,114,France expected to more than triple Mali troop numbers,guardian.co.uk,http://www.guardian.co.uk/world/2013/jan/15/french-troops-triple-mali
2013-01-15,01:25:12,16k67o,95,"Saudis defend Sri Lankan maid's execution, hit back at criticism - CNN.com",cnn.com,http://www.cnn.com/2013/01/13/world/meast/saudi-arabia-beheading/index.html?iref=obnetwork
2013-01-15,03:22:30,16kevw,84,Islamists vow to strike 'heart' of France - (France has attacked Islam. We will strike at the heart of France),couriermail.com.au,http://www.couriermail.com.au/news/breaking-news/france-on-alert-over-mali-backlash-fears/story-e6freoo6-1226553193203
2013-01-15,02:51:29,16kcjo,75,"""The Afghan president said Monday that a meeting of the nation's elders should convene to decide whether U.S. troops staying in the country after 2014 would be immune from prosecution under Afghan law.""",huffingtonpost.com,http://www.huffingtonpost.com/2013/01/14/afghanistan-immunity-us-troops_n_2471230.html
2013-01-15,01:57:49,16k8jk,71,U.N. Human Rights Chief Seeks Investigation of North Korea - the United Nations human rights chief called on Monday for an international inquiry into human rights offenses committed by the North Korean government over many decades,nytimes.com,http://www.nytimes.com/2013/01/15/world/asia/un-human-rights-chief-seeks-investigation-of-north-korea.html?ref=world
2013-01-15,11:26:23,16lgls,63,Thousands of protesters in Moscow denounce adoption ban,digitaljournal.com,http://www.digitaljournal.com/article/341296?utm_medium=referral&utm_source=t.co
2013-01-15,01:59:41,16k8oo,51,China Allows Media to Report on Air Pollution Crisis,nytimes.com,http://www.nytimes.com/2013/01/15/world/asia/china-allows-media-to-report-alarming-air-pollution-crisis.html
2013-01-15,11:15:25,16lfpm,54,"NYTimes: Before he was president of Egypt, Morsi refers to Jews as ""descendants of apes and pigs"", says Egyptian children “must feed on hatred; hatred must continue”. ",nytimes.com,http://www.nytimes.com/2013/01/15/world/middleeast/egypts-leader-morsi-made-anti-jewish-slurs.html?hp&_r=0&pagewanted=all
2013-01-15,22:26:08,16m9tg,53,"Chinese smog leads to jump in sales of face masks 
""We started to run out of stock on Sunday night because orders for air purifiers suddenly flooded in,"" the report quoted Peng Liang, a Gome spokesman, as saying. ",telegraph.co.uk,http://www.telegraph.co.uk/news/worldnews/asia/china/9802077/Chinese-smog-leads-to-jump-in-sales-of-face-masks.html
2013-01-15,23:34:40,16mdlx,44,Mass Rally in Paris: France Agonizes Over Plan to Allow Gay Marriage,spiegel.de,http://www.spiegel.de/international/europe/mass-protest-held-in-france-to-fight-plans-for-gay-marriage-law-a-877394.html
2013-01-15,02:46:24,16kc5i,46,"Report: Bashar al-Assad Living on a Warship in Mediterranean, Being Provided Security by Russia",algemeiner.com,http://www.algemeiner.com/2013/01/14/report-bashar-al-assad-living-on-a-warship-in-mediterranean-being-provided-security-by-russia/
2013-01-15,12:50:57,16lmq2,43,"A Kurdish People, The Kurdish Questions:  The killing of three Kurdish activists in Paris shines new light on a longstanding fact of a millions of people spread across large swaths of terrritory, but with no nation of their own. ",worldcrunch.com,http://www.worldcrunch.com/world-affairs/a-kurdish-people-the-kurdish-questions/kurdistan-pkk-ocalan-erdogan-turkey/c1s10620/#.UPTgEWeGeb0
