2013-11-07,00:09:00,1q15km,3274,Exclusive: Swiss study says Polonium found in Arafat's bones. Scientists find at least 18 times the normal levels of radioactive element in late Palestinian leader's remains,america.aljazeera.com,http://america.aljazeera.com/articles/2013/11/6/swiss-study-poloniumfoundinarafatasbones.html
2013-11-07,22:02:27,1q3moz,3154,"EU rules that gay Africans are entitled to asylum - According to the European Court of Justice, a gay refugee from a country where people are jailed for being homosexual does qualify as a persecuted group eligible for asylum.",telegraph.co.uk,http://www.telegraph.co.uk/news/worldnews/europe/eu/10432984/EU-rules-that-gay-Africans-are-entitled-to-asylum.html
2013-11-07,19:23:39,1q3f9g,1721,Gray whale stranded dead with a stomach full of plastic.,realnews24.com,http://www.realnews24.com/gray-whale-dies-bringing-us-a-message-with-stomach-full-of-plastic-trash/
2013-11-07,18:44:10,1q3dru,1593,"Leaked Document Reveals Plot to Destabilize Venezuelan Goverment: ""US Embassy Officials Encouraging Acts of Sabotage""",venezuelanalysis.com,http://venezuelanalysis.com/news/10148
2013-11-07,19:26:18,1q3fdw,1569,Legalisation of cannabis motion defeated in Irish Parliament. The motion was defeated 111-8,rte.ie,http://www.rte.ie/news/2013/1106/485090-cannabis-dail/
2013-11-07,12:36:57,1q2wbu,1345,"New Zealand police are refusing to act on a self-confessed group of gang rapists, but are threatening a man with 6 months in prison for parodying their inaction",thedailyblog.co.nz,http://thedailyblog.co.nz/2013/11/07/breaking-police-threaten-daily-blog-editor-with-6months-imprisonment-5000-fine-for-parodying-their-roast-buster-rape-inaction/#sthash.vdQx0YFz.dpuf
2013-11-07,22:05:28,1q3muu,1324,UK Gov't Losing The Plot: Now Claiming Snowden Leaks Could Help Pedophiles,techdirt.com,http://www.techdirt.com/articles/20131107/00222225158/uk-govt-losing-plot-now-claiming-snowden-leaks-could-help-pedophiles.shtml
2013-11-07,08:53:42,1q2eko,1174,"Google has started encrypting traffic between data centers, effectively halting joint surveillance by NSA and GCHQ",arstechnica.com,http://arstechnica.com/information-technology/2013/11/googlers-say-f-you-to-nsa-company-encrypts-internal-network/
2013-11-07,18:21:57,1q3cxw,1068,"Fancy French restaurant under fire for seating ""beautiful"" clients in public view and hiding ""ugly"" ones",thelocal.fr,http://www.thelocal.fr/20131107/chic-paris-restaurant-seats-diners-according-to-looks
2013-11-07,05:10:46,1q1vsb,1000,'Silk Road' illicit online market reopens just four weeks after US seizure,aljazeera.com,http://www.aljazeera.com/news/americas/2013/11/silk-road-illicit-online-market-reopens-2013116191645668363.html
2013-11-07,00:08:48,1q15ju,1003,"Yasser Arafat may have been poisoned with polonium, tests show: Swiss scientists find levels of polonium 18 times higher than normal in first forensic tests on former Palestinian leader's body",theguardian.com,http://www.theguardian.com/world/2013/nov/06/yasser-arafat-poisoned-polonium-tests-scientists
2013-11-07,20:28:51,1q3hvh,888,"100s of Protected Tortoises Found in Luggage at Thai Airport - After X-raying the suitcases, they found 423 radiated tortoises, as well as 52 unknown species of turtle or tortoise.",phys.org,http://phys.org/news/2013-11-hundreds-tortoises-luggage-thai-airport.html
2013-11-07,00:49:19,1q1919,809,"New Leaks Show NSA Spying on U.N., Climate Summit, and existence of NSA database called Dishfire that 'stores years of text messages from around the world, just in case.'",democracynow.org,http://www.democracynow.org/2013/11/4/inside_the_electronic_omnivore_new_leaks
2013-11-07,23:37:20,1q3tc6,756,"NSA and GCHQ mass surveillance is violation of European law, report finds - Authors of study warn of 'systematic breach of people's fundamental rights' and call for EU parliament to take action",theguardian.com,http://www.theguardian.com/world/2013/nov/07/nsa-gchq-surveillance-european-law-report
2013-11-07,21:57:22,1q3mec,684,"LIVE - Heads of MI5, SIS (MI6) and GCHQ face live televised public grilling from UK MPs at 14:00 GMT",bbc.co.uk,http://www.bbc.co.uk/news/uk-politics-24848186
2013-11-07,20:58:00,1q3j66,643,Hate rallies targeted at ethnic Koreans living in Japan have spread from Tokyo and Osaka to smaller regional cities over the past six months,ajw.asahi.com,http://ajw.asahi.com/article/behind_news/social_affairs/AJ201311070011
2013-11-07,19:24:11,1q3fa9,597,"Liechtenstein wants to naturalize whistleblower, Edward Snowden (sorry for the bad translation)",translate.googleusercontent.com,http://translate.googleusercontent.com/translate_c?depth=1&hl=en&ie=UTF8&nv=1&rurl=www.google.com&sl=auto&tl=en&u=http://www.volksblatt.li/nachricht.aspx%3Fp1%3Dfl%26id%3D60770%26src%3Dvb&usg=ALkJrhhzriKs_AEBXQnEbrFCiHTnmIlyKA
2013-11-07,20:43:46,1q3iin,492,"Audio of Royal Marine sergeant shooting unarmed insurgent, while saying -Shuffle off this mortal coil, you c**t.",theguardian.com,http://www.theguardian.com/uk-news/2013/nov/07/military-court-audio-marine-shot-afghan?CMP=fb_gu
2013-11-07,22:34:37,1q3oq8,364,"Pakistan Taliban appoints new leader - Mullah Fazlullah, who ordered death of girl student Malala Yousafzai, is the new commander of Tehreek-e-Taliban",aljazeera.com,http://www.aljazeera.com/news/asia/2013/11/pakistani-taliban-appoint-new-leader-reports-2013117133632676575.html#.UnuksBh0Y2c.reddit
2013-11-07,19:05:27,1q3ekw,325,Pakistan 'ready to deliver nuclear weapons to Saudi Arabia',telegraph.co.uk,http://www.telegraph.co.uk/news/worldnews/asia/pakistan/10432006/Pakistan-ready-to-deliver-nuclear-weapons-to-Saudi-Arabia.html
2013-11-07,16:04:33,1q37wq,320,"Saudi Arabia has invested in Pakistani nuclear weapons projects, and believes it could obtain atomic bombs at will, a variety of sources have told BBC Newsnight.",bbc.co.uk,http://www.bbc.co.uk/news/world-middle-east-24823846
2013-11-07,03:31:42,1q1mxr,220,Tim Berners-Lee: encryption cracking by spy agencies 'appalling and foolish' - Inventor of world wide web calls for debate about 'dysfunctional and unaccountable' oversight of NSA and GCHQ,theguardian.com,http://www.theguardian.com/world/2013/nov/06/tim-berners-lee-encryption-spy-agencies
2013-11-07,04:06:08,1q1pym,208,"Sarah Harrison joins other Edward Snowden files 'exiles' in Berlin; UK journalist's lawyers advise against returning home after assisting NSA whistleblower, says statement on WikiLeaks site",theguardian.com,http://www.theguardian.com/world/2013/nov/06/sarah-harrison-edward-snowden-berlin
2013-11-07,00:25:49,1q1702,200,"The A-Team Killings: ""If true, these accusations would amount to some of the gravest war crimes perpetrated by American forces since 2001.""",rollingstone.com,http://www.rollingstone.com/feature/a-team-killings-afghanistan-special-forces
2013-11-07,22:00:08,1q3mjz,200,"One-fifth of the world’s biggest banks may be broken up or sold as part of a “radical course correction” to boost shareholder returns, according to McKinsey & Co..",bloomberg.com,http://www.bloomberg.com/news/2013-11-07/mckinsey-says-20-of-biggest-banks-may-shrink-or-merge.html
2013-11-07,02:40:36,1q1ihv,197,Half Of The World's Richest People Come From Just 2 Families,huffingtonpost.com,http://www.huffingtonpost.com/2013/11/05/worlds-richest-people_n_4219024.html
2013-11-07,11:03:40,1q2p50,154,"Amnesty International has accused major oil companies, including Shell, of failing to report the true picture of oil spills in Nigeria",bbc.co.uk,http://www.bbc.co.uk/news/world-africa-24839324
2013-11-07,03:46:40,1q1o9h,137,UK Gov't: David Miranda Might Be A Terrorist Because Journalism Can Be Terrorism; Also: We Had No Idea He Was A Journalist,techdirt.com,http://www.techdirt.com/articles/20131106/10352625149/uk-govt-david-miranda-might-be-terrorist-because-journalism-can-be-terrorism-also-we-had-no-idea-he-was-journalist.shtml
2013-11-07,10:32:24,1q2mjy,129,14-year-old British Girl forcibly married to Pakistani man; becomes pregnant after martial rape and delivers a child,bbc.co.uk,http://www.bbc.co.uk/news/uk-england-24819609
2013-11-07,23:11:00,1q3r9q,112,"Over 83,000 Websites Illegally Blocked in Russia – Study: About 85,000 websites ended up on the Russian Internet blacklist over the past year, 98 percent of them blocked without a valid reason, a new study said.",en.ria.ru,http://en.ria.ru/russia/20131107/184569453/Over-83000-Websites-Illegally-Blocked-in-Russia--Study.html
