2013-10-15,03:56:53,1ofzub,3570,"Somali Pirate Warlord lured to Brussels Airport, Belgium, under pretext he was signing a movie deal about his life. He came. Got arrested. (English, translations available)",deredactie.be,http://www.deredactie.be/cm/vrtnieuws.english/News/131014_somali
2013-10-15,14:32:45,1ohg0d,3060,Greenwald on Snowden Leaks: The Worst Is Yet to Come,world.time.com,http://world.time.com/2013/10/14/greenwald-on-snowden-leaks-the-worst-is-yet-to-come/
2013-10-15,23:02:27,1oi1rb,2602,"""Edward Snowden Is a Patriot"": Ex-NSA CIA, FBI and Justice Whistleblowers Meet Leaker in Moscow",alternet.org,http://www.alternet.org/world/edward-snowden-patriot-ex-nsa-cia-fbi-and-justice-whistleblowers-meet-leaker-moscow
2013-10-15,01:02:17,1ofki2,2328,"""Islam does not allow terrorism at any cost. Islam condemns all violence and terrorism plaguing the world today. Muslims should demonstrate a love for peace and unity.""- Grand Islamic cleric at annual Hajj pilgrimage.",dawn.com,http://dawn.com/news/1049700/islam-strictly-forbids-terrorism-says-grand-mufti-in-hajj-sermon
2013-10-15,22:23:03,1ohzd1,2081,NSA Leaks Prompt Rethinking of U.S. Control Over the Internet's Infrastructure,wired.com,http://www.wired.com/threatlevel/2013/10/global-net-infrastructure/
2013-10-15,22:08:48,1ohyl8,1702,‘Microphone bomb’ kills Afghan governor during mosque speech,nypost.com,http://nypost.com/2013/10/15/microphone-bomb-kills-afghan-governor-during-mosque-speech/?utm_source=SFnewyorkpost&utm_medium=SFnewyorkpost
2013-10-15,06:32:57,1ogdvz,1254,Qatar detained two Germans who filmed World Cup labour conditions,theguardian.com,http://www.theguardian.com/world/2013/oct/14/qatar-detained-two-germans-world-cup
2013-10-15,00:30:20,1ofhye,1124,Nobody wins African prize for good governance -- for 4th time in 5 years,bbc.co.uk,http://www.bbc.co.uk/news/world-africa-24521870
2013-10-15,19:51:44,1ohsjq,1028,"The European Space Agency has unveiled plans to ""take 3D printing into the metal age"" by building parts for jets, spacecraft and fusion projects.",bbc.co.uk,http://www.bbc.co.uk/news/science-environment-24528306
2013-10-15,07:57:49,1ogl4h,930,Latest Snowden Leaks: NSA collects millions of e-mail address books globally,washingtonpost.com,http://www.washingtonpost.com/world/national-security/nsa-collects-millions-of-e-mail-address-books-globally/2013/10/14/8e58b5be-34f9-11e3-80c6-7e6dd8d22d8f_story.html?Post+generic=%3Ftid%3Dsm_twitter_washingtonpost
2013-10-15,01:16:19,1oflpr,809,Meth-like substance found in popular workout supplements,usatoday.com,http://www.usatoday.com/story/news/nation/2013/10/14/tests-of-supplements-craze-and-detonate-find-methamphetamine-like-compound/2968041/
2013-10-15,03:26:40,1ofwzi,556,Further proof emerges of Turkey’s genocide,independent.co.uk,http://www.independent.co.uk/voices/comment/further-proof-emerges-of-turkeys-genocide-8877411.html
2013-10-15,16:21:36,1ohl4l,506,MINING billionaire Andrew Forrest has gifted a staggering $65 million - believed to be the nation's largest single philanthropic donation - to attract the world's best minds to Western Australia's universities.,news.com.au,http://www.news.com.au/business/companies/twiggy8217s-staggering-gift-to-unis/story-fnda1bsz-1226740015435
2013-10-15,09:42:28,1ogtzn,485,7.2 Earthquake strikes The Philippines,tvnz.co.nz,http://tvnz.co.nz/world-news/7-2-earthquake-rattles-philippines-5649058
2013-10-15,21:44:10,1ohxdm,486,"Ethiopian utopian village goes against the grain ""a community where gender equality is crucial, where organized religion is banished, and where work and development are of the upmost importance...run by way of committees where 50-percent-plus-one vote majorities decide all bylaws and decisions""",dw.de,http://www.dw.de/ethiopian-utopian-village-goes-against-the-grain/a-17152619?maca=en-rss-en-all-1573-rdf
2013-10-15,01:09:16,1ofl3m,327,"""School bribes pupils to take religion classes with paintball and excursions"": 12-year-old boy's letter to newspaper goes viral",thelocal.es,http://www.thelocal.es/20131014/school-bribes-us-to-study-religion-boys-viral-letter
2013-10-15,12:33:49,1oh819,308,"José Bustani, founding director of the Organization for the Prohibition of Chemical Weapons (which just won the Nobel Peace Prize), was ousted by the Bush administration in 2002 because he was a roadblock to war – since, as Bustani now explains, ""everybody knew"" Iraq had no chemical weapons",nytimes.com,http://www.nytimes.com/2013/10/14/world/to-ousted-boss-arms-watchdog-was-seen-as-an-obstacle-in-iraq.html
2013-10-15,02:34:56,1ofs9x,293,Bubonic plague epidemic possible in Madagascar,mobile.bbc.co.uk,http://mobile.bbc.co.uk/news/world-africa-24461474
2013-10-15,19:04:30,1ohqxf,253,"Swiss scientists say Yasser Arafat's belongings have traces of polonium-210, supporting possibility that Palestinian leader was poisoned with radioactive substance - Lancet paper",theguardian.com,http://www.theguardian.com/world/2013/oct/15/yasser-arafat-traces-polonium-210?CMP=fb_gu
2013-10-15,07:03:14,1oggif,227,"North America’s Largest City Moves to Legalize Pot: Legislators in Mexico City, the largest city in North America, are preparing to push through certain measures that would decriminalize and regulate the consumption of marijuana in the Mexican capital",world.time.com,http://world.time.com/2013/10/14/north-americas-largest-city-moves-to-legalize-pot/
2013-10-15,10:16:30,1ogwua,171,Rogers telephone bill ruins credit rating of man who doesn't have Rogers account,cbc.ca,http://www.cbc.ca/news/canada/rogers-bill-ruins-credit-rating-of-man-who-doesn-t-have-rogers-account-1.1959175
2013-10-15,15:36:56,1ohj7n,169,"Typhoon Wipha, packing winds of up to 144 kilometers per hour near its center, is on a path that will take it toward the precarious Fukushima nuclear power plant.",japantoday.com,http://www.japantoday.com/category/national/view/fukushima-in-path-of-strong-typhoon
2013-10-15,16:06:06,1ohkiu,160,Taliban launches 'multiple rocket fire' on US Bagram airfield in Afghanistan,worldnews.nbcnews.com,http://worldnews.nbcnews.com/_news/2013/10/14/20960594-taliban-launches-multiple-rocket-fire-on-us-bagram-airfield-in-afghanistan?lite
2013-10-15,13:42:57,1ohd0a,110,The Russia Left Behind,nytimes.com,http://www.nytimes.com/newsgraphics/2013/10/13/russia/
2013-10-15,05:12:09,1og6t1,111,Radioactive polonium found on Yasser Arafat's clothing,telegraph.co.uk,http://www.telegraph.co.uk/news/worldnews/middleeast/palestinianauthority/10378637/Radioactive-polonium-found-on-Yasser-Arafats-clothing.html
2013-10-15,01:19:07,1oflyb,108,"14 Year old girl married off to violent husband by her Muslim parents in Western Sydney, Australia.",heraldsun.com.au,http://www.heraldsun.com.au/news/law-order/forced-to-wed-at-14-woman-walks-out-after-years-of-abuse-from-violent-husband/story-fni0fee2-1226739261960
2013-10-15,23:57:08,1oi5o0,89,"Russia: Not in my backyard -- As Ukraine and Moldova prepare to sign major agreements with the EU next month, Moscow is challenging the European Union’s Eastern Partnership with an alliance of its own.",globalpost.com,http://www.globalpost.com/dispatch/news/regions/europe/russia/131007/russia-eurasian-union-ukraine-moldova
2013-10-15,18:16:53,1ohpdn,68,Charlotte Church slams music industry for forcing 'hyper-sexualised' and 'cartoonish' images on young female performers,independent.co.uk,http://www.independent.co.uk/arts-entertainment/music/news/charlotte-church-slams-music-industry-for-forcing-hypersexualised-and-cartoonish-images-on-young-female-performers-8879992.html
2013-10-15,08:57:44,1ogq7a,70,Top 5 ways lobbyists win and you lose with the Trans-Pacific Partnership (TPP),rabble.ca,http://rabble.ca/blogs/bloggers/openmediaca/2013/10/top-5-ways-lobbyists-win-and-you-lose-trans-pacific-partnership-t
2013-10-15,12:44:09,1oh8u3,68,Blood found in 46-million-year-old mosquito,smh.com.au,http://www.smh.com.au/technology/sci-tech/blood-found-in-46millionyearold-mosquito-20131015-2vjed.html
