2013-02-02,01:14:55,17pbc8,2707,London woman left disfigured by shocking random acid attack by mystery woman in niqab as she walked home from work at Victoria's Secret ,independent.co.uk,http://www.independent.co.uk/news/uk/crime/london-woman-left-disfigured-by-shocking-random-acid-attack-by-mystery-woman-in-niqab-as-she-walked-home-from-work-at-victorias-secret-8477557.html
2013-02-02,20:36:21,17r1pe,2615,French General Assembly votes to make same-sex marriage legal,pinknews.co.uk,http://www.pinknews.co.uk/2013/02/02/french-general-assembly-votes-to-make-same-sex-marriage-legal/
2013-02-02,22:55:22,17r5yh,2544,"After 8 days of protests that killed nearly 60 people, a video of one demonstrator stripped naked, dragged across the ground and beaten with truncheons by helmeted riot police has fired Egyptians to a new level of outrage.",news.yahoo.com,http://news.yahoo.com/video-protester-stripped-beaten-fires-egypt-fury-123103193.html
2013-02-02,14:05:20,17qqd6,1827,Ghana: Gays have rights and I will protect them - Oye Lithur,edition.myjoyonline.com,http://edition.myjoyonline.com/pages/news/201301/100694.php
2013-02-02,08:32:32,17q7b7,1424,"Iceland refused to help FBI on WikiLeaks. Minister says, ""I demanded that Icelandic police cease all cooperation (with FBI) and made it clear that people interviewed or interrogated in Iceland should be interrogated by Icelandic police.""",news.yahoo.com,http://news.yahoo.com/minister-iceland-refused-help-fbi-183006677.html
2013-02-02,01:07:21,17parw,1312,Egypt President Morsi aide claims Holocaust was US hoax and 6m 'dead' Jews simply moved to America  | Mail Online,dailymail.co.uk,http://www.dailymail.co.uk/news/article-2270675/Egypt-President-Morsi-aide-claims-Holocaust-US-hoax-6m-dead-Jews-simply-moved-America.html#axzz2JfKhobOk
2013-02-02,13:33:20,17qosn,628,"Egyptians work to reclaim a Tahrir tainted by sexual assault:  

Tahrir square has become a terrifying place for women as sexual assault becomes more common and violent. Fed up, civilians are making it their job to prevent it and rescue women from attacks.",csmonitor.com,http://www.csmonitor.com/World/Middle-East/2013/0201/Egyptians-work-to-reclaim-a-Tahrir-tainted-by-sexual-assault
2013-02-02,20:19:08,17r1ae,528,"Missing Irish millionaire found after eight months with ""thief"" reportedly carved into his forehead",rawstory.com,http://www.rawstory.com/rs/2013/02/01/missing-irish-millionaire-found-after-eight-months-with-thief-reportedly-carved-in-forehead/
2013-02-02,10:27:45,17qedw,476,'Traces of pork DNA' found in Halal prison meat,bbc.co.uk,http://www.bbc.co.uk/news/uk-21302925
2013-02-02,20:36:12,17r1p9,396,"Russian judge fired after falling asleep in court, then giving defendant a 5-year sentence",washingtonpost.com,http://www.washingtonpost.com/world/europe/russian-judge-fired-after-falling-asleep-in-court-then-giving-defendant-a-5-year-sentence/2013/02/01/875fe978-6c8e-11e2-8f4f-2abd96162ba8_story.html
2013-02-02,17:55:50,17qy0e,372,Greece’s neo-fascists are on the rise... and now they’re going into schools: How Golden Dawn is nurturing the next generation ,independent.co.uk,http://www.independent.co.uk/news/world/europe/greeces-neofascists-are-on-the-rise-and-now-theyre-going-into-schools-how-golden-dawn-is-nurturing-the-next-generation-8477997.html
2013-02-02,09:03:09,17q96m,289,"Stalingrad gets its name back for a day:  The Russian city of Volgograd has approved the use of its wartime name for one day, to commemorate the 70th anniversary of the end of the 200-day Battle of Stalingrad.",abc.net.au,http://www.abc.net.au/news/2013-02-01/stalingrad-gets-its-name-back-for-one-day/4495362
2013-02-02,03:31:12,17plev,239,British Gangs Use Flare Guns Now Because They Can’t Find Real Ones,washingtonpost.com,http://www.washingtonpost.com/blogs/worldviews/wp/2013/02/01/british-gangs-use-flare-guns-now-because-they-cant-find-real-ones/
2013-02-02,10:40:19,17qf5z,134,10 Years later - Beheading of Daniel Pearl,theatlantic.com,http://www.theatlantic.com/national/archive/2012/02/daniel-pearl-ten-years-gone/252368/
2013-02-02,19:22:57,17r00y,118,Children and the culture of pornography: 'Boys will ask you every day until you say yes',telegraph.co.uk,http://www.telegraph.co.uk/women/sex/9828589/Children-and-the-culture-of-pornography-Boys-will-ask-you-every-day-until-you-say-yes.html
2013-02-02,15:20:37,17qtjn,97,Here's What Your $97 Million Drug War in Central America Actually Bought,wired.com,http://www.wired.com/dangerroom/2013/02/central-america-drug-war
2013-02-02,08:14:50,17q67j,95,Outlawed 'Argo' DVDs Are Selling By The Thousands In Iran,businessinsider.com,http://www.businessinsider.com/outlawed-argo-dvds-are-selling-by-the-thousands-in-iran-2013-2
2013-02-02,04:28:52,17pptd,96,"Court upholds Canada's medical marijuana laws: The ruling was a major disappointment to civil libertarians and advocates for HIV-AIDS patients, who had argued that it is virtually impossible to obtain the medical approval the law demands",theglobeandmail.com,http://www.theglobeandmail.com/news/national/court-upholds-canadas-medical-marijuana-laws/article8113033/
2013-02-02,09:05:13,17q9bn,86,"The plight of Cambodia’s garment workers:  Striking workers call on Wal-Mart to take responsibility after supplier skips country owing $200,000 in wages",asiancorrespondent.com,http://asiancorrespondent.com/96511/walmart-hm-brands-acambodia/
2013-02-02,23:09:22,17r6i2,88,Iran Rial Hits All-Time Dollar Low - Currency registering a more than 21% drop in   2 week span against US dollar.  Iran facing growing shortage of foreign cash because of international sanctions against its central bank & vital oil sector over its  nuclear program.,france24.com,http://www.france24.com/en/20130202-iran-rial-hits-all-time-dollar-low
2013-02-02,10:38:46,17qf2y,86,"Deadly clashes in Cairo as Egyptians rally:  Thousands of demonstrators hit streets of Cairo, Port Said and Alexandria calling for President Morsi's resignation.",aljazeera.com,http://www.aljazeera.com/news/middleeast/2013/02/201321142037321188.html
2013-02-02,04:09:58,17poee,77,Admitting you are a secularist can you killed in Pakistan,tribune.com.pk,http://tribune.com.pk/story/499444/admitting-you-are-a-secularist-can-get-you-killed-in-pakistan/
2013-02-02,21:48:12,17r3oi,42,"Toronto Grads Invent World's Most Energy-Efficient Light Bulb: ""The NanoLight, invented by three U of T [University of Toronto, Canada] graduates, uses only 12 watts of electricity yet generates the equivalent output of a 100-watt incandescent bulb.""",thestar.com,http://www.thestar.com/business/2013/02/01/toronto_grads_invent_worlds_most_energyefficient_light_bulb.html#mystars/users/registrations/new
2013-02-02,05:30:46,17pugh,37,IMF hits Argentina with first-ever censure of a country.,telegraph.co.uk,http://www.telegraph.co.uk/finance/economics/9843640/IMF-hits-Argentina-with-first-ever-censure-of-a-country.html
2013-02-02,19:15:02,17qzua,35,"Pragaash, Kashmir's only all-girl band is being threatened and abused by conservatives.",timesofindia.indiatimes.com,http://timesofindia.indiatimes.com/india/Kashmirs-only-all-girl-band-facing-online-threats-abuses/articleshow/18305391.cms
2013-02-02,10:37:19,17qf07,35,Israel 'considering further air strikes on Syria',telegraph.co.uk,http://www.telegraph.co.uk/news/worldnews/middleeast/israel/9843384/Israel-considering-further-air-strikes-on-Syria.html
2013-02-02,00:38:18,17p8or,35,New York Times hacking revelations shed new light on China cybercrime--Experts suggest that Chinese government routinely employs 'vast army of hackers' to carry out covert spying campaigns.,guardian.co.uk,http://www.guardian.co.uk/media/2013/jan/31/new-york-times-hacking-china-cybercrime?CMP=twt_gu
2013-02-02,22:16:55,17r4la,35,"Malala, teen champion of girls' rights, nominated for Nobel Peace Prize",worldnews.nbcnews.com,http://worldnews.nbcnews.com/_news/2013/02/01/16811670-malala-teen-champion-of-girls-rights-nominated-for-nobel-peace-prize?lite
2013-02-02,02:12:20,17pfh9,30,Iran's Space Monkey Trip Faked? - Business Insider,businessinsider.com,http://www.businessinsider.com/irans-space-monkey-trip-faked-2013-2
2013-02-02,16:00:16,17quwx,29,"Chaos in Egypt: Tahrir squandered. Muhammad Morsi must rule by peaceful means. If he does not, Egypt will fall apart. ",economist.com,http://www.economist.com/news/leaders/21571137-muhammad-morsi-must-rule-peaceful-means-if-he-does-not-egypt-will-fall-apart-tahrir
