2013-12-24,23:10:19,1tlxug,3219,Uruguay’s neighbor Argentina now considering marijuana legalization,rawstory.com,http://www.rawstory.com/rs/2013/12/24/uruguays-neighbor-argentina-now-considering-marijuana-legalization/
2013-12-24,00:11:28,1tjbeo,3074,Renowned rifle inventor Mikhail Kalashnikov dies at 94,rt.com,http://rt.com/news/kalashnikov-dies-inventor-ak-47-887/
2013-12-24,20:48:40,1tlqrq,3066,Richard Branson: Boycott Uganda over gay rights - UK business tycoon Richard Branson has called on companies and tourists to boycott Uganda after its parliament approved a bill to toughen the punishment for homosexual acts.,bbc.co.uk,http://www.bbc.co.uk/news/world-africa-25506754
2013-12-24,11:19:31,1tkwfi,2857,"Edward Snowden, after months of NSA revelations, says his mission’s accomplished",washingtonpost.com,http://www.washingtonpost.com/world/national-security/edward-snowden-after-months-of-nsa-revelations-says-his-missions-accomplished/2013/12/23/49fc36de-6c1c-11e3-a523-fe73f0ff6b8d_story.html?Post+generic=%3Ftid%3Dsm_twitter_washingtonpost
2013-12-24,22:08:56,1tluci,2661,Israel launches airstrike in Gaza Strip in retaliation for deadly shooting,bigstory.ap.org,http://bigstory.ap.org/article/israel-gaza-sniper-fire-wounds-worker-border
2013-12-24,21:13:59,1tlrsr,1878,Surgeon suspended over claims he branded patients liver with his own initials.,telegraph.co.uk,http://www.telegraph.co.uk/health/nhs/10536883/Surgeon-suspended-over-claims-he-branded-a-patients-liver.html
2013-12-24,17:52:28,1tlk7c,1672,Egypt declares Muslim Brotherhood 'terrorist' group,channelnewsasia.com,http://www.channelnewsasia.com/news/world/egypt-pm-declares-muslim/932730.html
2013-12-24,13:23:47,1tl61g,1507,Edward Snowden: ‘I already won’,theguardian.com,http://www.theguardian.com/world/2013/dec/24/edward-snowden-i-already-won
2013-12-24,21:23:09,1tls7w,1309,"Lung Cancer: A Cloud on China's Polluted Horizon - China's doctors are starting to speak of link between air pollution & lung cancer. Youngest known patient is 8-yr-old girl in Jiangsu. Another is 14-yr-old of Shanghai, daughter of nonsmokers with no family history of lung cancer.",latimes.com,"http://www.latimes.com/world/la-fg-china-lung-cancer-20131224,0,3058283.story"
2013-12-24,20:54:54,1tlqzx,868,"The NSA has granted the Swedish FRA access to one of the most controversial systems in its global mass surveillance. Called Xkeyscore, the system makes it possible to monitor millions of people worldwide.",svt.se,http://www.svt.se/ug/fra-has-access-to-controversial-surveillance-system
2013-12-24,11:42:23,1tky9e,846,"On Friday, Reuters reported that RSA entered into a secret contract to make DUAL_EC_PRNG the default random number generator in the BSAFE toolkit. DUA_EC_PRNG is now known to have been backdoored by the NSA -- Yesterday, RSA denied it",schneier.com,https://www.schneier.com/blog/archives/2013/12/nsa_spying_who.html
2013-12-24,00:22:21,1tjc9i,832,GlaxoSmithKline Forced To Stop Paying Doctors To Promote Drugs After Major Bribery Investigation,wakingtimes.com,http://www.wakingtimes.com/2013/12/19/glaxosmithkline-forced-stop-paying-doctors-promote-drugs-major-bribery-investigation/
2013-12-24,18:09:20,1tlkuw,587,China's central bank has been forced to pump nearly $50 billion into the financial system to prevent a second damaging cash crunch this year.,money.cnn.com,http://money.cnn.com/2013/12/23/news/economy/china-credit/
2013-12-24,20:47:41,1tlqqd,574,"Poachers Kill 3 of Malawi’s Rare Black Rhinos – Wire snares & traps set by poachers cost Malawian National Parks 3 Critically Endangered Black Rhinoceros re-introduced 20 yrs ago after the species was declared extinct. Lack of a fence, not built due to financial scandal, let poachers enter.",ens-newswire.com,http://ens-newswire.com/2013/12/23/poachers-kill-three-of-malawis-rare-black-rhinos/
2013-12-24,20:29:04,1tlq17,538,"Germany’s Largest Utility Ditches 2 Long-Term Contracts for Coal Power - The move could signal yet another shift in Germany's power mix, as renewables boom & expected electricity prices for 2014 drop.",thinkprogress.org,http://thinkprogress.org/climate/2013/12/23/3101911/german-utility-coal-power/
2013-12-24,18:11:28,1tlkxw,356,U.S. Marines poised to enter South Sudan,cnn.com,http://www.cnn.com/2013/12/23/world/africa/south-sudan-violence/index.html?c=homepage-t
2013-12-24,00:50:20,1tjeky,337,"BP Geologist: "" we are pretty much at peak today... expect more famine, more drought, more resource wars and a steady inflation in the energy cost of all commodities.""",theguardian.com,http://www.theguardian.com/environment/earth-insight/2013/dec/23/british-petroleum-geologist-peak-oil-break-economy-recession
2013-12-24,06:49:00,1tkaag,271,Wal-Mart in China accused of passing off fox meat as donkey meat,qz.com,http://qz.com/160970/this-donkey-meat-is-actually-fox-meat-claims-irate-chinese-wal-mart-customer/
2013-12-24,20:54:01,1tlqyg,254,UN finds mass grave with 75 bodies in South Sudan,usnews.com,http://www.usnews.com/news/world/articles/2013/12/24/un-finds-mass-grave-with-75-bodies-in-south-sudan
2013-12-24,00:15:18,1tjbp8,248,Inventor of Kalashnikov rifle dies,bbc.co.uk,http://www.bbc.co.uk/news/world-europe-25497013
2013-12-24,18:10:16,1tlkwg,147,South Sudan sees 'mass ethnic killings,bbc.co.uk,http://bbc.co.uk/news/world-africa-25502457
2013-12-24,01:47:27,1tjjfk,132,"Obama to make a ""definitive statement"" on NSA spying in January",digitaltrends.com,http://www.digitaltrends.com/mobile/obama-make-definitive-statement-nsa-future-january/
2013-12-24,10:11:10,1tkr4r,121,Thyroid Cancers Surge Among Fukushima Youths,zerohedge.com,http://www.zerohedge.com/news/2013-12-23/thyroid-cancers-surge-among-young-fukushima
2013-12-24,23:26:53,1tlywg,115,Deadly Car Bomb Rips Through Egyptian Police Building,nytimes.com,http://www.nytimes.com/2013/12/25/world/middleeast/egypt-car-bomb.html?_r=0&hp=&adxnnl=1&adxnnlx=1387898770-bjLNoWK57ZyOmQIH7iASiw
2013-12-24,04:59:03,1tk0h2,103,"Six years ago, Elizabeth Martin's nephew Joseph was shot and killed by an off-duty police officer while out celebrating his 30th birthday in Rio de Janeiro. Now, Martin has a message for the hordes of foreigners set to descend on Brazil for next year's World Cup: The next Joseph Martin could be you.",npr.org,http://www.npr.org/templates/story/story.php?storyId=256602056&ft=1&f=
2013-12-24,10:26:39,1tkscj,97,Train carrying nuclear waste derails near Paris,m.france24.com,http://m.france24.com/en/20131223-train-carrying-nuclear-waste-derails-near-paris/
2013-12-24,20:53:26,1tlqxr,77,"Swedish signals intelligence agency FRA is an active participant in the top-secret programme WINTERLIGHT, initiated by the top level of the NSA. The project is about conducting top-secret hacking of computers.",svt.se,http://www.svt.se/ug/fra-part-of-top-secret-hacker-project
2013-12-24,00:23:04,1tjcc6,65,"Mikhail Kalashnikov, legendary Russian arms designer, passes away",en.itar-tass.com,http://en.itar-tass.com/russia/712677
2013-12-24,00:20:57,1tjc5y,63,Canadian mining company Infinito Gold is suing Costa Rica for 1 billion dollars after being denied permission to build an open-pit mine,globalnews.ca,http://globalnews.ca/news/883756/calgary-based-mining-company-suing-costa-rica-for-more-than-1-billion/
2013-12-24,21:06:34,1tlrgw,56,LIVE: International Space station astronauts make rare Christmas Eve spacewalk to finish cooling system repairs,ctvnews.ca,http://www.ctvnews.ca/sci-tech/rare-christmas-eve-spacewalk-underway-to-wrap-up-iss-repair-1.1606493
