2013-11-16,17:01:57,1qr2v2,2833,Vietnamese banker sentenced to death for fraud,aljazeera.com,http://www.aljazeera.com/news/asia-pacific/2013/11/vietnam-banker-sentenced-death-fraud-2013111662741522258.html
2013-11-16,05:50:55,1qpxkp,2710,LulzSec hacker Jeremy Hammond sentenced to 10 years in jail for leaking Stratfor emails,theverge.com,http://www.theverge.com/2013/11/15/5108288/jeremy-hammond-lulzsec-stratfor-hacker-sentenced
2013-11-16,01:54:00,1qpdcj,2588,Indian politician warns tribal voters that they will get an electric shock from the voting machine if they press any button other than the one for his party,timesofindia.indiatimes.com,http://timesofindia.indiatimes.com/assembly-elections-2013/chhattisgarh-assembly-elections/Chhattisgarh-polls-Ajit-Jogi-gets-notice-for-misleading-tribal-voters-over-functioning-of-EVMs/articleshow/25830108.cms
2013-11-16,21:06:46,1qrae0,2560,India buys third aircraft carrier amid rivalry with China. Refurbished Soviet-era vessel purchased for £1.4bn as India modernizes military to counterbalance Chinese expansion.,theguardian.com,http://www.theguardian.com/world/2013/nov/16/india-aircraft-carrier-russia-rivalry-china
2013-11-16,02:45:33,1qphph,2498,"UK's reputation is damaged by reaction to Edward Snowden, says UN official",theguardian.com,http://www.theguardian.com/world/2013/nov/15/uk-reputation-edward-snowden-un
2013-11-16,04:33:25,1qpqyp,2068,"Part of Nazca Lines Destroyed by Machinery Near Ica, Peru - 'Invaders"" have taken over 2 big tracts of protected land. Several groups of lines & trapezoid shapes have been destroyed. Occupiers have built a stone fence & divided the territory into lots, as well as vandalized it.",archaiologia.gr,http://www.archaiologia.gr/en/blog/2013/11/15/nazca-archaeological-sites-in-danger-near-ica-peru/
2013-11-16,22:19:44,1qrdde,2023,Germany Says No To Weaponized Drones,countercurrents.org,http://www.countercurrents.org/swanson151113.htm
2013-11-16,23:24:18,1qrgm4,1808,Saudi diplomat ‘made two women work like slaves in London home’.,standard.co.uk,http://www.standard.co.uk/news/world/saudi-diplomat-made-two-women-work-like-slaves-in-london-home-8936743.html
2013-11-16,23:49:32,1qri3x,1691,"Between 2,000 and 4,000 freight trucks have closed off major French highways and slowed traffic to a crawl on nine roadways to protest a proposed environmental tax on heavy loads.",hosted.ap.org,http://hosted.ap.org/dynamic/stories/E/EU_FRANCE_TRUCK_PROTEST?SITE=AP&SECTION=HOME&TEMPLATE=DEFAULT&CTIME=2013-11-16-09-30-58
2013-11-16,08:18:19,1qq9ei,1659,Wikileaks releases all the Stratfor files following Hammond's sentencing,search.wikileaks.org,https://search.wikileaks.org/gifiles/?rl
2013-11-16,22:00:50,1qrckp,1489,"34 Dead, 300 Wounded in Tripoli attack by militia on peaceful Protesters",juancole.com,http://www.juancole.com/2013/11/militia-peaceful-protesters.html
2013-11-16,01:31:30,1qpbh2,1060,Rare albino kangaroo sighted in Australia,telegraph.co.uk,http://www.telegraph.co.uk/news/worldnews/australiaandthepacific/australia/10451699/Rare-albino-kangaroo-sighted-in-Australia.html
2013-11-16,23:20:24,1qrgee,556,Fighters from an al-Qaida-linked Syrian rebel group beheaded an allied commander whom they mistook for a pro-government fighter,bigstory.ap.org,http://bigstory.ap.org/article/activists-syrian-jihadis-mistakenly-behead-ally
2013-11-16,20:14:28,1qr8lv,535,Christians 'face extinction' amid sectarian terror; “There are parts of the world today where to be a Christian is to put your life in danger.”,telegraph.co.uk,http://www.telegraph.co.uk/news/politics/10450617/Christians-face-extinction-amid-sectarian-terror-minister-warns.html
2013-11-16,00:18:48,1qp5d0,466,JPMorgan's rogue trader refuses extradition to US where he faces criminal charges for $6.2 billion 'London Whale' fraud scandal.,thelocal.es,http://www.thelocal.es/20131115/rogue-spanish-trader-says-no-to-us-extradition
2013-11-16,23:22:40,1qrgir,403,"Forces loyal to Syrian President Bashar Assad have firmly seized the momentum in the country's civil war in recent weeks, capturing one rebel stronghold after another and triumphantly planting the two-starred Syrian government flag amid shattered buildings and rubble-strewn streets",bigstory.ap.org,http://bigstory.ap.org/article/assad-gaining-ground-syrian-civil-war
2013-11-16,22:46:41,1qrema,305,"Afghanistan: The rise of a narco state. 2013 has been an all-time record year for Afghan poppy farmers, according to a new report by the United Nations Office on Drugs and Crime (UNODC).",globalpost.com,http://www.globalpost.com/dispatch/news/regions/asia-pacific/afghanistan/131115/afghan-poppy-opium-heroin-drug-war-taliban
2013-11-16,11:37:27,1qqmom,253,'Muslim Brotherhood' protesters storm London university lecture on Egypt,standard.co.uk,http://www.standard.co.uk/news/london/video-muslim-brotherhood-protesters-storm-london-university-lecture-on-egypt-8937580.html
2013-11-16,16:12:09,1qr15c,255,"Malaysia:Muslim group Jati has declared war against NGos for its alleged attempts to turn Malaysia into a liberal country in the name of human rights. “And their most rude demand is to call for the repeal of the Syariah law""",thestar.com.my,http://www.thestar.com.my/News/Nation/2013/11/16/Muslim-group-Jati-declares-war-on-Comango.aspx
2013-11-16,13:05:18,1qqs2w,247,"China Reforms One-Child Policy, First Time in 30 Years",parentherald.com,http://www.parentherald.com/articles/2980/20131115/china-reforms-one-child-policy-first-time-in-30-years.htm
2013-11-16,19:31:14,1qr7b7,221,Four suspected Syria jihadists arrested in France,france24.com,http://www.france24.com/en/20131115-france-arrests-four-suspected-syria-jihadists
2013-11-16,11:41:17,1qqmxv,158,Hammond: FBI directed my attacks on foreign government sites. Anonymous hacktivist told court FBI informant and fellow hacker Sabu supplied him with list of countries vulnerable to cyber-attack.,theguardian.com,http://www.theguardian.com/world/2013/nov/15/jeremy-hammond-fbi-directed-attacks-foreign-government
2013-11-16,01:54:56,1qpdfg,145,IAEA: Iran has halted most nuclear expansion,in.reuters.com,http://in.reuters.com/article/2013/11/14/iran-nuclear-iaea-idINDEE9AD0DH20131114
2013-11-16,18:46:15,1qr61c,148,"Venezuela’s legislature has voted to back President Nicolas Maduro's bid to rule by decree, a measure which would give him expanded powers over the economy",presstv.ir,http://www.presstv.ir/detail/2013/11/15/334849/venezuelas-maduro-set-to-rule-by-decree/
2013-11-16,08:56:11,1qqc4g,142,Last-line antibiotics losing ability to kill superbugs,reuters.com,http://www.reuters.com/article/2013/11/15/us-europe-antibiotics-idUSBRE9AE0L620131115
2013-11-16,21:02:21,1qra86,93,Pakistani was driving world’s largest truck bomb near Af-Pak border,tribune.com.pk,http://tribune.com.pk/story/631967/pakistani-was-driving-worlds-largest-truck-bomb-near-af-pak-border-report/
2013-11-16,16:26:50,1qr1o5,90,"Doctors, nurses and managers to face five years in jail if they neglect patients",theguardian.com,http://www.theguardian.com/society/2013/nov/16/doctors-face-jail-if-patients-mistreated
2013-11-16,21:50:30,1qrc4j,71,Palestinians destroy separation wall in two West Bank villages,972mag.com,http://972mag.com/photos-palestinians-destroy-separation-barrier-in-two-west-bank-villages/81937/
2013-11-16,21:13:18,1qramv,60,Is Boris Johnson pushing too fast for a cycle-friendly London? Pressure grows on capital's mayor to rethink cycle superhighways after three deaths in little more than a week.,theguardian.com,http://www.theguardian.com/uk-news/2013/nov/16/boris-johnson-cycle-friendly-london-deaths
2013-11-16,16:38:34,1qr22c,57,"Note that in the Philippines, cash donations for typhoon victims are taxed according to their law - wtf",gmanetwork.com,http://www.gmanetwork.com/news/story/173606/economy/cash-donations-subject-to-tax-bir-chief-says
