2013-12-13,02:45:37,1sqg6j,3946,Air strike kills 15 civilians in Yemen by mistake: Fifteen people on their way to a wedding in Yemen were killed in an air strike after their party was mistaken for an al Qaeda convoy,reuters.com,http://www.reuters.com/article/idUSBRE9BB10O20131212?irpc=932
2013-12-13,16:21:23,1ss98w,3522,Russian Supreme Court Declares Pussy Riot Sentence Unlawful,interpretermag.com,http://www.interpretermag.com/russian-supreme-court-declares-pussy-riot-sentence-unlawful/
2013-12-13,19:21:10,1ssfze,3137,"Woman who miscarried in private prison 'made to clean up after herself,' court told",independent.co.uk,http://www.independent.co.uk/news/uk/crime/woman-who-miscarried-in-private-prison-made-to-clean-up-after-herself-court-told-9002657.html
2013-12-13,20:14:34,1ssi22,2958,"Pirate Bay founder suffering 'torturous' conditions in Danish solitary confinement, his mother says after visiting",thelocal.se,http://www.thelocal.se/20131213/its-torture-pirate-bay-swedes-mother-on-danish-prison
2013-12-13,09:04:22,1srewf,2280,Indians go 'gay for a day' - posting photos of same-sex affection to show outrage over supreme court ruling that criminalises gay sex,stream.aljazeera.com,http://stream.aljazeera.com/story/201312122106-0023250
2013-12-13,19:52:28,1ssh5d,2286,French officials can monitor internet users in real time under new law that passed quietly,theguardian.com,http://www.theguardian.com/world/2013/dec/11/french-officials-internet-users-real-time-law
2013-12-13,00:04:37,1sq1uv,2146,Icelandic bank bosses jailed - also made to pay legal costs for the case which amounts to millions of pounds.,bbc.co.uk,http://www.bbc.co.uk/news/business-25349240
2013-12-13,20:48:43,1ssjh9,1983,"The Canadian federal government will, for the first time, designate crude oil a highly dangerous substance and introduce tougher safety and testing measures for shipping oil by rail, according to Transport Minister Lisa Raitt",theglobeandmail.com,http://www.theglobeandmail.com/news/politics/federal-government-to-designate-crude-oil-as-highly-dangerous/article15943495/
2013-12-13,16:36:46,1ss9v5,1552,"Study: Dead sea creatures covered 98% of seafloor last year about 150 miles off California coast; Unprecedented, had been below 1% prior to event — ‘Major’ changes began in spring 2011",enenews.com,http://enenews.com/study-dead-sea-creatures-covered-98-of-seafloor-last-year-150-miles-off-california-coast-had-been-less-than-1-previously
2013-12-13,21:39:12,1sslut,1378,"Beneath Yellowstone, A Volcano That Could Wipe Out U.S.: ""We've long known that Yellowstone is merely the skin on top of a supervolcano -- a giant pool of magma sitting just under the Earth's surface. Exactly how giant has been the subject of much speculation. Until now.""",nypost.com,http://nypost.com/2013/12/12/beneath-yellowstone-a-volcano-that-could-wipe-out-u-s/
2013-12-13,19:36:42,1ssgko,1210,Mandela deaf interpreter accused of murder,enca.com,http://www.enca.com/south-africa/interpreter
2013-12-13,06:38:36,1sr1re,1177,Missing American in Iran was working for CIA. Family paid $2.5 million to keep quiet.,bigstory.ap.org,http://bigstory.ap.org/article/missing-american-iran-was-working-cia-0
2013-12-13,10:57:29,1sro54,951,Physicists discover 'clearest evidence yet' that the Universe is a hologram. Latest calculations chime with 1997 theory that reality is only perceived as 3D and is actually a 2D projection on the boundary of the universe.,independent.co.uk,http://www.independent.co.uk/life-style/gadgets-and-tech/physicists-discover-clearest-evidence-yet-that-the-universe-is-a-hologram-9000748.html
2013-12-13,18:55:23,1ssezl,629,Family faces deportation to Bangladesh by Australia because their autistic son would be a 'burden to taxpayers',sbs.com.au,http://www.sbs.com.au/news/article/2013/12/13/family-be-deported-because-autistic-son
2013-12-13,02:55:56,1sqh6o,349,Drone strike kills 15 heading to wedding in Yemen.,rt.com,http://rt.com/news/yemen-strike-drone-wedding-161/
2013-12-13,19:08:04,1ssfi1,329,Panic as Thousands Receive ‘Fines’ For Streaming RedTube Videos,torrentfreak.com,http://torrentfreak.com/panic-as-thousands-receive-fines-for-streaming-redtube-videos-131210/
2013-12-13,01:14:09,1sq7ww,303,"Massive water geysers spotted on Jupiter’s moon Europa, possibly from subsurface ocean.",spaceindustrynews.com,http://spaceindustrynews.com/massive-water-geysers-spotted-on-jupiters-moon-europa-possibly-from-subsurface-ocean/4116/
2013-12-13,00:22:47,1sq3fh,276,US 'totally dictates' Swedish surveillance,thelocal.se,http://www.thelocal.se/20131212/swedens-surveillance-carried-out-on-us-terms
2013-12-13,22:45:33,1sspwz,272,Mexican Senate votes to privatize oil industry,america.aljazeera.com,http://america.aljazeera.com/articles/2013/12/11/mexican-senate-votestoprivatizeoilindustry.html
2013-12-13,22:56:02,1ssqnq,261,"Kenya: Two Poachers Killed As Gun, Tusks Nabbed. One of the suspects killed is a notorious poacher believed to be behind the killings of rhinos and elephants in the North tourism circuit.",allafrica.com,http://allafrica.com/stories/201312120840.html
2013-12-13,03:02:12,1sqhr6,223,"Israel has halted a plan that would have displaced tens of thousands of Bedouins in the southern part of the country. The controversial plan would have involved destroying ""unrecognized"" villages in the Negev, and resettling the displaced Bedouin citizens into ""recognized"" villages.",cnn.com,http://www.cnn.com/2013/12/12/world/meast/israel-bedouins-plan/index.html
2013-12-13,19:34:13,1ssgh5,198,Two men arrested for sending anti-Semetic tweets in the UK,bbc.co.uk,http://www.bbc.co.uk/news/uk-england-beds-bucks-herts-25364283
2013-12-13,10:31:08,1srm03,164,N. Korea confirms that Kim Jong-un's uncle was executed for plotting a military coup. First announced execution from within the ruling family.,nytimes.com,http://www.nytimes.com/2013/12/13/world/asia/north-korea-says-uncle-of-executed.html?src=se
2013-12-13,19:19:56,1ssfxq,152,UN inspectors confirm Syria chemical attack,hosted2.ap.org,http://hosted2.ap.org/APDEFAULT/3d281c11a96b4ad082fe88aa0db04305/Article_2013-12-13-UN-Syria-Chemical%20Weapons/id-cfce091aedc54049bf26ee7b9bc36ce6
2013-12-13,22:20:34,1sso8r,115,"Why Is Saudi Arabia Buying 15,000 U.S. Anti-Tank Missiles for a War It Will Never Fight?",foreignpolicy.com,http://www.foreignpolicy.com/articles/2013/12/12/why_is_saudi_arabia_buying_15000_us_anti_tank_missiles_for_a_land_war_it_will_ne#sthash.E4hnsPm7.EY63jCc1.dpbs
2013-12-13,15:57:58,1ss8a6,107,"Owners of failed opencast mines in Scotland cannot walk away from their obligations to clean them up, a court has ruled",bbc.co.uk,http://www.bbc.co.uk/news/uk-scotland-scotland-politics-25352375
2013-12-13,12:18:05,1srume,98,Pirate Bay founder is being held in solitary confinement without a warrant,theinquirer.net,http://www.theinquirer.net/inquirer/news/2318828/pirate-bay-founder-is-being-held-in-solitary-confinement-without-a-warrant
2013-12-13,00:09:53,1sq2bo,84,Former banker of Kaupþing bank in Iceland convicted for market manipulation. The largest punishment for economic crime in the history of Iceland.,mbl.is,http://www.mbl.is/frettir/innlent/2013/12/12/daemdur_i_fimm_og_halfs_ars_fangelsi/
2013-12-13,22:28:10,1ssoqc,79,"Snow In Egypt For The First Time In 100 Years, Reports Say (PICTURES)",huffingtonpost.co.uk,http://www.huffingtonpost.co.uk/2013/12/13/snow-egypt-middle-east_n_4438571.html?utm_hp_ref=uk
2013-12-13,20:25:07,1ssii5,71,Belgian Senate votes to extend euthanasia to children,bbc.co.uk,http://www.bbc.co.uk/news/world-europe-25364745
