2013-03-03,05:56:51,19jjxy,2775,"200 egg farmers in Germany accused of selling millions of eggs falsely labeled as 'free-range' and 'organic' in what has been called ""fraud on a massive scale""",thelocal.de,http://www.thelocal.de/society/20130225-48173.html#.UTIWDKKceSp
2013-03-03,19:46:03,19kna6,2615,"Israel introduces 'Palestinian only' bus lines, following complaints from Jewish settlers  Israel News",haaretz.com,http://www.haaretz.com/news/national/israel-introduces-palestinian-only-bus-lines-following-complaints-from-jewish-settlers-1.506869
2013-03-03,00:51:47,19j0ld,2007,"100 million sharks killed each year, say scientists:  Protect sharks or they face possible extinction in a generation, scientists warn as they gather in Bangkok for Cites meeting
",guardian.co.uk,http://www.guardian.co.uk/environment/2013/mar/01/100-million-sharks-killed-each-year
2013-03-03,02:22:06,19j68o,976,Moscow Mayor says no to more mosques in the city,rt.com,http://rt.com/politics/moscow-mayor-says-no-to-more-mosques-in-the-city-669/
2013-03-03,10:54:43,19k28j,277,Iranian ship carrying Chinese missiles to Yemen Caught,nytimes.com,http://www.nytimes.com/2013/03/03/world/middleeast/seized-arms-off-yemen-raise-alarm-over-iran.html?pagewanted=all&_r=0
2013-03-03,08:08:33,19jsdw,238,Not a Good Idea: American Nukes in South Korea - The redeployment of tactical nuclear weapons to the Korean Peninsula would be a Cold War solution to a 21st century problem.,thediplomat.com,http://thediplomat.com/2013/03/02/not-a-good-idea-american-nukes-in-south-korea/
2013-03-03,21:41:52,19kqc4,177,"Ban Elephant Ivory, Legalize Rhino Horn? - Fate of elephants, rhinoceroses & other imperiled species to be decided at Bangkok wildlife summit. 177 countries will consider increasing or decreasing protection for iconic mammals & organisms like sharks, turtles & timber species.
  











  ",blogs.scientificamerican.com,http://blogs.scientificamerican.com/observations/2013/03/02/ban-elephant-ivory-legalize-rhino-horn/
2013-03-03,12:59:06,19k967,175,"US Trade Rep orders Canada to comply with the dead-and-buried ACTA treaty: 'USTR gave marching orders to Canada's Harper government, and it has introduced a bill that would force Canadians to obey the provisions in ACTA, even though ACTA no longer exists'",boingboing.net,http://boingboing.net/2013/03/02/us-trade-rep-orders-canada-to.html
2013-03-03,04:52:41,19jfti,147,Israeli Ministry of Transportation launches 'Palestinians only' buses,ynetnews.com,"http://www.ynetnews.com/articles/0,7340,L-4351368,00.html"
2013-03-03,03:59:32,19jcfo,141,Mars Curiosity rover switched to safe mode after memory problems,spaceref.com,http://spaceref.com/news/viewsr.html?pid=43490
2013-03-03,23:17:52,19ktuu,121,Egypt's Muslim Brotherhood want to delete video of MB members doing the Harlem Shake from the Internet.,english.alarabiya.net,http://english.alarabiya.net/articles/2013/03/03/269351.html
2013-03-03,12:57:08,19k92h,119,Greece reclassified to 'emerging market' from developed,telegraph.co.uk,http://www.telegraph.co.uk/finance/economics/9904969/Greece-reclassified-to-emerging-market-from-developed.html
2013-03-03,09:21:34,19jwtm,103,Nazi Holocaust camps uncovered across Europe,nbcnews.com,http://www.nbcnews.com/id/50662244/ns/world_news-the_new_york_times/#.UTI_Fo5YRJ0
2013-03-03,02:02:52,19j4yc,81,3 suspected Islamist terrorists arrested in France,edition.cnn.com,http://edition.cnn.com/2013/03/01/world/europe/france-terrorism-arrests/index.html?hpt=hp_t3
2013-03-03,22:29:51,19ks0c,82,Top managers salary to be decided by shareholders in Switzerland,uk.reuters.com,http://uk.reuters.com/article/2013/03/03/uk-swiss-regulation-pay-idUKBRE92200020130303
2013-03-03,00:32:29,19izhw,69,Syrian troops destroy ancient synagogue,timesofisrael.com,http://www.timesofisrael.com/ancient-synagogue-destroyed-by-syrian-troops/
2013-03-03,21:33:42,19kq3t,64,Political corruption scandal in Spain takes new twist. Former Popular Party Treasurer who was forced out after it was discovered he held a secret Swiss bank account worth millions presses theft charges against his own Party. Police raid PP headquarters until some higher-up cancels investigation.,elpais.com,http://elpais.com/elpais/2013/03/01/inenglish/1362149934_117552.html
2013-03-03,20:53:26,19koyz,60,"Think New York Is Costly? In New Delhi, Seedy Goes for 8 Figures: 'Real estate prices in the heart of New Delhi, especially for the bungalows built nearly a century ago during the British Raj, are among the highest in the world.'",nytimes.com,http://www.nytimes.com/2013/03/03/world/asia/new-delhi-bungalows-even-in-disrepair-command-millions.html?hp&_r=0
2013-03-03,21:43:47,19kqed,41,Thailand's promise to end ivory trade cautiously welcomed,bbc.co.uk,http://www.bbc.co.uk/news/science-environment-21646863
2013-03-03,14:13:41,19kd24,25,Hundreds of thousands of Portuguese have poured into the streets of Lisbon and other cities to demand an end to austerity dictated by an international bailout and the resignation of the center-right government.,reuters.com,http://www.reuters.com/article/2013/03/02/us-portugal-protests-idUSBRE92109J20130302
2013-03-03,13:44:37,19kbkp,21,"Volunteers in China say they rescued 900 dogs from cramped truck after online posting. 'Volunteers said the truck was on its way to Guangdong province in southern China, where dog meat is often served in restaurants'",washingtonpost.com,http://www.washingtonpost.com/world/asia_pacific/volunteers-in-china-say-they-rescued-900-dogs-from-cramped-truck-after-online-posting/2013/03/03/3b1db0e8-83bf-11e2-a671-0307392de8de_story.html?tid=sm_btn_reddit
2013-03-03,18:30:31,19kli5,15,"Magnitude-5.5 Yunnan, China earthquake injures 20, damages 2500 homes",bigstory.ap.org,http://bigstory.ap.org/article/sw-china-quake-destroys-700-homes-injures-over-20
2013-03-03,10:16:17,19k01y,15,"Heat on Thailand as wildlife conference starts - conservationists will converge in Bangkok for the start of key endangered species talks on Sunday, as host Thailand faces pressure to curb rampant ivory smuggling through its territory",phys.org,http://phys.org/news/2013-03-thailand-wildlife-conference.html
2013-03-03,00:52:56,19j0o1,14,Banker Andrei Borodin granted asylum in Britain after fleeing Vladimir Putin's Russia:  Britain has risked opening a new rift with the Kremlin by granting political asylum to a prominent Russian banker accused of fraud in his own country. ,telegraph.co.uk,http://www.telegraph.co.uk/news/worldnews/europe/russia/9903736/Banker-Andrei-Borodin-granted-asylum-in-Britain-after-fleeing-Vladimir-Putins-Russia.html
2013-03-03,22:42:23,19ksgn,13," Russia Turns Against Nabokov - 36 yrs after his death & 22 after end of censorship, the author is, once again, controversial.  Since wave of 2011 protest, Vladimir Putin & his party have cut losses with finicky élites & focus on demonizing them as Western agents. 














  ",newyorker.com,http://www.newyorker.com/online/blogs/books/2013/02/the-turn-against-nabokov.html
2013-03-03,14:09:43,19kcux,13,"Amazon rainforest tribe at centre of new cultural storm: 'Are the Yanomami Indians of the Amazon rainforest a symbol of how to live in peace and harmony with nature or remnants of humanity's brutal early history?'
",guardian.co.uk,http://www.guardian.co.uk/world/2013/mar/02/amazon-rainforest-tribe-yanomami-anthropologists
2013-03-03,23:01:27,19kt6z,12,March 3 vote: Voters accept restrictions on fat cat salaries,swissinfo.ch,http://www.swissinfo.ch/eng/swiss_news/Voters_accept_restrictions_on_fat_cat_salaries.html?cid=35127030&link=tdj
2013-03-03,10:25:16,19k0jp,12,WHO Report Says That Fukushima Nuclear Accident Posed Minimal Risk to Health,science.time.com,http://science.time.com/2013/03/01/meltdown-despite-the-fear-the-health-risks-from-the-fukushima-accident-are-minimal/?utm_source=trending-widget&utm_medium=home
2013-03-03,11:45:57,19k55u,11,Anti-whaling activists from the Sea Shepherd society are claiming victory as Japanese vessels appear to have withdrawn from Antarctic waters off the coast of Australia,thestar.com,http://www.thestar.com/news/crime/2013/03/02/antiwhaling_ships_chase_off_japanese_ship_in_antarctica_farley_mowat.html
2013-03-03,14:18:56,19kdax,11,Death toll rises to at least 7 in latest violence with suspected Filipino gunmen in Malaysia. 'National Police Chief Ismail Omar said that five policemen were killed in the ambush by unidentified gunmen in the coastal town of Semporna',washingtonpost.com,http://www.washingtonpost.com/world/asia_pacific/death-toll-rises-to-at-least-7-in-latest-violence-with-suspected-filipino-gunmen-in-malaysia/2013/03/03/8006e0fa-83c7-11e2-a671-0307392de8de_story.html?tid=sm_btn_reddit
