2013-12-09,09:03:57,1sfbuo,4331,"104 Chinese cities are now reporting air pollution levels above 300 mcg per cubic meter, twelve times the recommended limit. Over 70 percent of China's rivers and lakes are now too toxic for animals to drink from. This past week, visibility in some parts of China was reduced to less than 5 meters.",scmp.com,http://www.scmp.com/comment/insight-opinion/article/1376382/its-clear-day-china-needs-its-own-clean-air-act
2013-12-09,17:58:48,1sgd48,4313,"Apple, Google, Microsoft, Facebook, Yahoo, LinkedIn, Twitter and AO have united to demand sweeping changes to US surveillance laws and an international ban on bulk collection of data",theguardian.com,http://www.theguardian.com/world/2013/dec/09/nsa-surveillance-tech-companies-demand-sweeping-changes-to-us-laws?CMP=fb_gu
2013-12-09,20:14:34,1sgimk,3151,Edward Snowden voted Guardian person of the year 2013,theguardian.com,http://www.theguardian.com/world/2013/dec/09/edward-snowden-voted-guardian-person-of-year-2013
2013-12-09,00:57:32,1se52j,2296,Thousands protest in Japan against new state secrets bill,rt.com,http://rt.com/news/japan-secrets-bill-protests-133/#.UqCpAngKkiM.twitter
2013-12-09,23:47:10,1sgv60,2144,Somali woman who reported rape sentenced: Nineteen-year-old will be confined to home for six months and journalists who reported the story are to go to jail.,aljazeera.com,http://www.aljazeera.com/news/africa/2013/12/cloneofsomali-woman-who-reported-rape-sentenced--2013129133153914393.html
2013-12-09,16:53:07,1sgaf7,827,London's biggest university bans student protests - students could be fined or imprisoned,channel4.com,http://www.channel4.com/news/university-of-london-student-protest-ban-senate-house-occupy
2013-12-09,03:20:11,1segil,809,"China bans shark fin dinners, suites for officials in latest crackdown",gmanetwork.com,http://www.gmanetwork.com/news/story/338886/news/world/china-bans-shark-fin-dinners-suites-for-officials-in-latest-crackdown
2013-12-09,02:11:01,1seat0,661,"Aam Aadmi Party (AAP), a party formed barely a year ago mainly by non-politicians, wins 28 out of 70 seats in India's capital New Delhi with agenda to drive out deep-ingrained corruption inside the world's largest democracy.",zeenews.india.com,http://zeenews.india.com/assembly-elections-2013/delhi-polls/delhi-assembly-elections-result-2013-bjp-aap-make-early-gains-congress-catches-up_895190.html
2013-12-09,01:36:34,1se81n,587,Most UK People in Poverty Have a Job,bbc.co.uk,http://www.bbc.co.uk/news/uk-25287068
2013-12-09,10:50:24,1sflem,419,Second release of secret Trans-Pacific Partnership Agreement documents,wikileaks.org,http://wikileaks.org/Second-release-of-secret-Trans.html?update
2013-12-09,22:08:39,1sgo5k,305,British agents in Russia instructed to find Snowden – Canadian NGO,voiceofrussia.com,http://voiceofrussia.com/news/2013_12_05/British-intelligence-agents-in-Russia-instructed-to-find-Snowden-Canadian-NGO-3126/
2013-12-09,01:29:08,1se7hh,271,Anti-corruption crusader stuns Indian politics with election surge,reuters.com,http://www.reuters.com/article/2013/12/08/us-india-elections-delhi-idUSBRE9B706020131208
2013-12-09,11:49:07,1sfql2,224,"WikiLeaks releases new documents exposing secret Trans-Pacific Partnership talks | The revelations are mostly the same, but the new documents suggest that the public outcry against these proposals has had little effect on the negotiations.",theverge.com,http://www.theverge.com/2013/12/8/5190600/wikileaks-releases-new-documents-exposing-secret-trans-pacific
2013-12-09,06:18:44,1sewo3,207,"Protesters in Kiev Topple Lenin Statue as Rallies Grow. Today's estimates at 500,000 people.",nytimes.com,http://www.nytimes.com/2013/12/09/world/europe/kiev-teems-with-pro-europe-protesters-as-thousands-more-gather.html?ref=international-home&_r=0
2013-12-09,19:46:55,1sghhy,198,Russia's President Vladimir Putin has abolished the country's state-owned news agency RIA Novosti,bbc.co.uk,http://www.bbc.co.uk/news/world-europe-25299116
2013-12-09,21:27:59,1sglyk,193,Ukrainian homosexual X-Factor contenstant tortured by Russian Neonazis who shaved his head and forced him to admit to being a pedophile using a dildo as a microphone while pouring urine on him.,translate.google.de,http://translate.google.de/translate?sl=auto&tl=en&js=n&prev=_t&hl=de&ie=UTF-8&u=http%3A%2F%2Fwww.gay.it%2Fnews%2FAnche-un-concorrente-di-X-Factor-fra-le-vittime-dei-neonazisti-russi
2013-12-09,03:34:41,1sehs9,167,Canada Busted Covering Up Spikes In Fukushima Radiation Washington's Blog,washingtonsblog.com,http://www.washingtonsblog.com/2013/12/canada-busted-lying-fukushima-radiation.html
2013-12-09,14:42:46,1sg3xp,138,The Silent Crisis: Vietnam’s Elephants on the Verge of Extinction,newswatch.nationalgeographic.com,http://newswatch.nationalgeographic.com/2013/12/05/the-silent-crisis-vietnams-elephants-on-the-verge-of-extinction/
2013-12-09,00:30:25,1se34w,132,Ukrainian protesters topple Lenin statue in Kiev,vagazette.com,"http://www.vagazette.com/news/sns-rt-us-ukraine-lenin-20131208,0,2462745.story"
2013-12-09,23:39:21,1sgujl,79,The rise of BlackRock - The worlds single largest investor with over $4.1 Trillion in directly controlled assets,economist.com,http://www.economist.com/news/leaders/21591174-25-years-blackrock-has-become-worlds-biggest-investor-its-dominance-problem?frsc=dg%7Cb
2013-12-09,10:41:56,1sfkm8,78,Seymour Hersh Alleges Obama Administration Lied on Syria Gas Attack,news.yahoo.com,http://news.yahoo.com/seymour-hersh-alleges-obama-administration-lied-syria-gas-204437397.html
2013-12-09,20:12:54,1sgika,72,Revealed: spy agencies' covert push to infiltrate virtual world of online games,theguardian.com,http://www.theguardian.com/world/2013/dec/09/nsa-spies-online-games-world-warcraft-second-life
2013-12-09,22:30:31,1sgpji,66,Iraqi Kurdistan fights female circumcision: Female circumcision is slowly declining in Iraqi Kurdistan. Years of campaigning and a law against the practise have borne fruit. Some villages went from 100 percent of all young girls being circumcised to none.,dw.de,http://www.dw.de/iraqi-kurdistan-fights-female-circumcision/a-17275502?maca=en-rss-en-all-1573-rdf
2013-12-09,10:39:50,1sfkf6,64,Islamophobes Publish Fake Image About Muslims Throwing Christian Girl From Window,loonwatch.com,http://www.loonwatch.com/tag/freepatriot-org/
2013-12-09,03:51:52,1sejac,54,"‘Keep fighting’, Klitschko fiancée Hayden Panettiere tells Ukraine rally.",euronews.com,http://www.euronews.com/2013/12/07/keep-fighting-klitschko-fiancee-hayden-panettiere-tells-ukraine-rally/#.UqTNs30h6MU.reddit
2013-12-09,04:51:44,1seon3,50,"World boxing champion Vitali Klitschko leads Ukraine's protests, hopes to become next president",sports.nationalpost.com,http://sports.nationalpost.com/2013/12/04/world-boxing-champion-vitali-klitschko-leads-ukraines-protests-hopes-to-become-its-next-president/
2013-12-09,03:49:53,1sej4n,53,Leaked UN Document Shows Disagreement Among Member States on International Drug Policy - Many Countries Speak Against the Drug War - In Private.,ipsnews.net,http://www.ipsnews.net/2013/12/xxx/
2013-12-09,01:36:14,1se80y,50,Migrant workers riot in Singapore. First riot in the country in decades.,todayonline.com,http://www.todayonline.com/singapore/riot-breaks-out-little-india
2013-12-09,15:17:39,1sg5zr,48,NSA surveillance: tech companies demand sweeping changes to US laws | World news,theguardian.com,http://www.theguardian.com/world/2013/dec/09/nsa-surveillance-tech-companies-demand-sweeping-changes-to-us-laws
2013-12-09,16:30:44,1sg9i3,44,Second release of secret Trans-Pacific Partnership Agreement documents - Wikileaks,wikileaks.org,http://wikileaks.org/Second-release-of-secret-Trans.html
