2013-11-28,20:19:53,1rn4vn,3314,"Sweden’s Fashion Giant H&M stops making angora products after chilling rabbit torture video hits internet - Animal rights group released it showing fur being painfully plucked from screaming, live rabbits on Chinese farms.",france24.com,http://www.france24.com/en/20131127-hm-stops-making-angora-products-after-rabbit-torture-video
2013-11-28,00:52:30,1rkxgu,3266,Italy's Senate expels Silvio Berlusconi,bbc.co.uk,http://www.bbc.co.uk/news/world-europe-25128115
2013-11-28,03:24:23,1rlb8q,3257,"Coca-Cola suspends their ad campaign for best reason possible, to donate their entire ad budget to the typhoon relief efforts in the Philippines. So far they've donated over $2.5 million in cash.",huffingtonpost.com,http://www.huffingtonpost.com/2013/11/25/coke-ads-philippines-_n_4338746.html?utm_hp_ref=mostpopular
2013-11-28,00:05:33,1rktjk,2885,A man in Wales has thrown away a hard drive containing 7500 Bitcoins - approximate value $6.5m,theguardian.com,http://www.theguardian.com/technology/2013/nov/27/hard-drive-bitcoin-landfill-site
2013-11-28,01:27:33,1rl0ml,2753,UN Approves Rights to Privacy in the Digital Age.,un.org,https://www.un.org/News/Press/docs//2013/gashc4094.doc.htm
2013-11-28,10:12:25,1rm8zq,2726,New Snowden docs show U.S. spied during G20 in Toronto,cbc.ca,http://www.cbc.ca/news/politics/new-snowden-docs-show-u-s-spied-during-g20-in-toronto-1.2442448
2013-11-28,12:18:33,1rmhjp,1989,"A couple in Russia face jail after their religious zeal compelled them to drive their child, injured in a car crash, to church for an urgent baptism rather than to hospital. The two-month-old infant died.",en.ria.ru,http://en.ria.ru/russia/20131125/184966751/Baby-Dies-After-Parents-Trade-Hospital-For-Church-After-Crash.html
2013-11-28,20:39:02,1rn5nd,1290,"People in the Streets of Shanghai Use Weibo (Chinese Twitter) to Rescue 600 Cats from Being Skinned - Man transporting them in small crates to sell for their fur & meat was stopped by concerned citizens, who forcibly took them from him & called rescue groups.",digitaljournal.com,http://digitaljournal.com/article/362977
2013-11-28,00:22:58,1rkuxr,1111,Japan Wants To Turn The Moon Into A Giant Solar Power Plant,businessinsider.com,http://www.businessinsider.com/shimizu-corporation-solar-plant-on-moon-2013-11
2013-11-28,01:32:03,1rl113,980,Veterans Are Being Threatened and Silenced by the US and UK Militaries,vice.com,http://www.vice.com/read/soldiers-in-the-military-are-being-gagged-for-speaking-out
2013-11-28,18:57:18,1rn1t8,850,"Egypt jails women protesters for 11 years - 21 women are given 11-year prison sentences, far harsher than those of policemen accused of beating to death and assaulting protesters",telegraph.co.uk,http://www.telegraph.co.uk/news/worldnews/africaandindianocean/egypt/10479221/Egypt-jails-women-protesters-for-11-years.html
2013-11-28,15:19:11,1rmssa,468,"South Korea’s Spy Agency, Military Sent 24.2 Million Tweets to Manipulate Election · Global Voices",globalvoicesonline.org,http://globalvoicesonline.org/2013/11/25/south-koreas-spy-agency-military-sent-24-2-million-tweets-to-manipulate-election/
2013-11-28,19:12:09,1rn2b7,338,"After 50 Years, Cuba Says Its Baseball Players Can Go Abroad",npr.org,http://www.npr.org/blogs/parallels/2013/11/28/247537163/after-50-years-cuba-says-its-baseball-players-can-go-abroad
2013-11-28,01:41:43,1rl1vj,271,U of M grad thrown in Maximum Security Dubai prison for posting a youtube video,startribune.com,http://www.startribune.com/local/east/233560851.html
2013-11-28,23:49:09,1rnfbh,234,An Israeli court on Thursday jailed six Arab citizens for killing a far-right soldier after he slew four Arabs and wounded more than 20 in a 2005 shooting spree.,middle-east-online.com,http://www.middle-east-online.com/english/?id=62910
2013-11-28,18:44:23,1rn1db,200,4.2 tonnes of ammunition and 328 illegal firearms seized from farmer in Australia. Video of haul in link.,brisbanetimes.com.au,http://www.brisbanetimes.com.au/queensland/queensland-police-seize-large-haul-of-firearms-in-monto-20131128-2ybt8.html
2013-11-28,22:29:03,1rnai7,127,"From €600,000 down to €30,000 - Spain's government has reduced the fines it was set to impose on unauthorized protesters outside the parliament. ""This is just a makeover of 1st bill, they're still trying to silence the general public,"" says opposition.",thelocal.es,http://www.thelocal.es/20131128/spain-backtracks-on
2013-11-28,02:34:30,1rl6pg,108,"""Imagine a hospital room, door handle or kitchen countertop that is free from bacteria -- and not one drop of disinfectant or boiling water or dose of microwaves has been needed to zap the germs. That is the idea behind a startling discovery made by scientists in Australia.""",france24.com,http://www.france24.com/en/20131126-germ-killing-nanosurface-opens-new-front-hygiene
2013-11-28,17:43:01,1rmyz3,69,"BBC News -Japan, South Korea defy China air zone rules",bbc.com,http://www.bbc.com/news/world-asia-25133957
2013-11-28,11:29:56,1rme9p,67,Police digging up mass graves in western Mexico have now found human remains from at least 54 victims there.,cnn.com,http://www.cnn.com/2013/11/27/world/americas/mexico-mass-graves/index.html?hpt=hp_t2
2013-11-28,11:37:19,1rmerx,57,"SOUTH KOREA Government brands pro-democracy priest as ""enemy"" of the nation",asianews.it,http://www.asianews.it/news-en/Government-brands-pro-democracy-priest-as-enemy-of-the-nation-29641.html
2013-11-28,09:09:52,1rm4fh,51,"Muslim Brotherhood Fatwa: A Woman Who Swims Is An “Adulteress,” Touching Bananas “Haram”",gatestoneinstitute.org,http://www.gatestoneinstitute.org/4069/egypt-salafi-fatwas
2013-11-28,11:31:47,1rmedk,50,Baby dinosaur skeleton found intact in Alberta - Calgary,cbc.ca,http://www.cbc.ca/news/canada/calgary/baby-dinosaur-skeleton-found-intact-in-alberta-1.2442768
2013-11-28,19:22:25,1rn2o5,46,German court rules top cop can keep his job in police force despite being convicted of raping his girlfriend as she stayed in relationship with him,thelocal.de,http://www.thelocal.de/20131128/rapist-top-cop-keeps-job-despite-conviction
2013-11-28,19:52:33,1rn3rt,35,Meanwhile in Croatia.. Popular Gay Band The XX To Sue Croatian Hate Group For Using Their Music In Anti-Gay Ad,instinctmagazine.com,http://instinctmagazine.com/post/popular-gay-band-xx-sue-croatian-hate-group-using-their-music-anti-gay-ad
2013-11-28,20:14:58,1rn4om,40,"Woman athlete resists harassment attempts, beaten by youths in Bihar",zeenews.india.com,http://zeenews.india.com/news/bihar/woman-athlete-resists-harassment-attempts-beaten-by-youths-in-bihar_892869.html
2013-11-28,02:03:30,1rl3tl,38,"UN condemns Israel 6 times, declares ‘Year of Palestine’",unwatch.org,http://www.unwatch.org/site/apps/nlnet/content2.aspx?c=bdKKISNqEmG&b=1316871&ct=13424141
2013-11-28,00:14:57,1rkua0,33,USA TODAY: Panels approve youth euthanasia bill,usat.ly,http://usat.ly/1cuTp5j
2013-11-28,07:12:47,1rlvhg,32,Polar bear numbers in Hudson Bay of Canada on verge of collapse,theguardian.com,http://www.theguardian.com/environment/2013/nov/27/polar-bears-climate-change-canada-hudson-bay
2013-11-28,21:39:19,1rn82b,30,"The grand mufti of Saudi Arabia said a ban on women driving protects society from ""evil""",hurriyetdailynews.com,http://www.hurriyetdailynews.com/women-driver-ban-guards-against-evil-saudi-top-cleric.aspx?pageID=238&nID=58673&NewsCatID=352
