2013-02-06,20:31:57,17zuse,4757,"Canada officially eliminates the penny, 35 billion pennies (82M kg/ 180M pounds) will be collected and melted down. Transactions will be rounded to the nearest $0.05",news.nationalpost.com,http://news.nationalpost.com/2013/02/04/canadian-penny-last-day/
2013-02-06,06:59:31,17yn05,3261,"Thousands of Mali's ancient manuscripts were saved from the fires of radical Islamists by an illiterate 72-year-old librarian who stuffed them into millet bags and smuggled them by cart, motorcycle, canoe, then car to the capital, Bamako, on the other side of the country.",bigstory.ap.org,http://bigstory.ap.org/article/people-timbuktu-save-manuscripts-invaders
2013-02-06,03:18:06,17y55w,2854,UK Parliament votes in favour of Gay Marriage.,guardian.co.uk,http://www.guardian.co.uk/politics/blog/2013/feb/05/gay-marriage-debate-politics-live-blog
2013-02-06,11:28:43,17z7l9,1576,PM's daughter blows whistle on 54 nations that helped US secret detention programme.,timesofindia.indiatimes.com,http://timesofindia.indiatimes.com/world/us/PMs-daughter-blows-whistle-on-54-nations-that-helped-US-detention-programme/articleshow/18358622.cms?
2013-02-06,22:45:02,1800oy,1572,Family decides to smoke on plane forcing pilot to do an emergency landing. Family now being sued by airline for landing fees and hotel accommodations for all the other passengers. ,cbc.ca,http://www.cbc.ca/news/canada/nova-scotia/story/2013/02/05/ns-unruly-air-rage-trend.html
2013-02-06,22:04:08,17zyll,1144,North Korea propaganda taken off YouTube after Activision complaint,bbc.co.uk,http://www.bbc.co.uk/news/technology-21351051
2013-02-06,09:25:06,17yy93,724,Magnitude 8.0 - near Santa Cruz Island,earthquake.usgs.gov,http://earthquake.usgs.gov/earthquakes/recenteqsww/Quakes/pt13037001.php
2013-02-06,23:00:00,1801hn,668,"China's state-run newspaper: ""If North Korea insists on a third nuclear test despite attempts to dissuade it, it must pay a heavy price""",behindthewall.nbcnews.com,http://behindthewall.nbcnews.com/_news/2013/02/06/16867952-china-state-media-north-korea-would-pay-a-heavy-price-for-nuclear-test
2013-02-06,21:53:56,17zy4c,454,"Catholic Church enslaved 30,000 Irish women as forced unpaid labor in Magdalene Laundries until 1996",americablog.com,http://americablog.com/2013/02/magdalen-laundries-catholic-ireland-irish-apology.html
2013-02-06,18:17:02,17zqx0,348,"(Reuters) - China unveiled sweeping tax reforms on Tuesday to make wealthy state-owned firms, property speculators and the rich pay more to narrow a yawning gap between an urban elite and hundreds of millions of rural poor.",reuters.com,http://www.reuters.com/article/2013/02/05/us-china-economy-reform-idUSBRE9140QL20130205
2013-02-06,19:24:25,17zsp5,308,"Somali court sentenced a woman to a year in prison after she accused security forces of raping her, and a journalist who interviewed her was also sentenced",edition.cnn.com,http://edition.cnn.com/2013/02/06/world/africa/somalia-rape-victim/
2013-02-06,17:47:05,17zq30,245,"Malaysian airline launches 'quiet zones' on flights, where children under the age of 12 are not permitted to sit",telegraph.co.uk,http://www.telegraph.co.uk/travel/travelnews/9851933/Budget-airline-unveils-child-free-zones.html
2013-02-06,20:52:48,17zvhp,207,"Ahmadinejad: Iran already a nuclear state, but has no intention of launching attack on Israel",haaretz.com,http://www.haaretz.com/news/israel-s-eye-on-iran/ahmadinejad-iran-already-a-nuclear-state-but-has-no-intention-of-launching-attack-on-israel-1.501777
2013-02-06,06:36:48,17yl74,186,"Six Spanish tourists were raped by a gang of armed, masked men in the Mexican resort of Acapulco. They tied up the six men with phone cords and bathing suit straps and then raped the six Spanish women. The Mexican woman was not raped.",hosted.ap.org,http://hosted.ap.org/dynamic/stories/L/LT_MEXICO_SPAIN_TOURISTS_ATTACKED?SITE=RIPAW&SECTION=HOME&TEMPLATE=DEFAULT
2013-02-06,19:29:17,17zsud,184,French troops killed 'hundreds' of Islamist fighters in Mali,edition.cnn.com,http://edition.cnn.com/2013/02/06/world/africa/mali-conflict/?hpt=hp_t1
2013-02-06,09:51:18,17z09b,176,8.0M Solomons quake triggers tsunami warning,abc.net.au,http://www.abc.net.au/news/2013-02-06/solomons-quake-triggers-tsunami-warning/4504034
2013-02-06,19:29:22,17zsuf,164,Danish Islam critic escapes assassination attempt,uk.news.yahoo.com,http://uk.news.yahoo.com/danish-islam-critic-escapes-assassination-attempt-012517702.html
2013-02-06,23:19:19,1802mm,142,"Apple slugged in Australia by new tax laws after a 5.5 billion dollar tax discrepancy - ""the cloak of invisibility is no longer acceptable""",heraldsun.com.au,http://www.heraldsun.com.au/technology/apple-to-be-slapped-with-hefty-tax-bill-by-ato/story-fn5izo02-1226571571083
2013-02-06,03:47:47,17y7lo,142,Gay marriage legislation passes in England and Wales,bbc.co.uk,http://www.bbc.co.uk/news/uk-politics-21346220
2013-02-06,19:05:45,17zs7a,128,"BBC News - CIA operating drone base in Saudi Arabia, US media reveal",bbc.co.uk,http://www.bbc.co.uk/news/world-middle-east-21350437
2013-02-06,03:39:41,17y6zw,103,"Brazil to Scrap All Taxes On Food, President Dilma Rousseff announced",bloomberg.com,http://www.bloomberg.com/news/2013-02-05/rousseff-says-brazil-plans-to-scrap-food-tax-slow-inflation-1-.html
2013-02-06,02:29:43,17y1jh,100,Fears in Germany as Neo-Nazi's move in from Greece ,guardian.co.uk,http://www.guardian.co.uk/world/2013/feb/05/fears-germany-golden-dawn-greece
2013-02-06,08:34:18,17yucv,88,4 arrested in Egypt after shoe thrown at Iran’s President Mahmoud Ahmadinejad,worldnews.nbcnews.com,http://worldnews.nbcnews.com/_news/2013/02/05/16855358-4-arrested-in-egypt-after-shoe-thrown-at-irans-president-mahmoud-ahmadinejad#.URGk18DaZMs.reddit
2013-02-06,04:04:43,17y8xn,88,Someone Threw a Shoe at Ahmadinejad on His Not-So-Good Trip to Cairo,theatlanticwire.com,http://www.theatlanticwire.com/global/2013/02/ahmadinejad-show-video-cairo/61826/
2013-02-06,21:04:46,17zvz9,65,"The assassination of the Tunisian opposition leader Chokri Belaid has sparked mass protests in the capital, Tunis, and in several cities across the country - Live Updates",rt.com,http://rt.com/news/tunisia-protests-leader-killed-563/
2013-02-06,21:01:05,17zvt4,65,"
Top Land-Grabbing Countries - In new form of colonialism,  US, UK, & China investors gobbling up farmland at alarming rate, with little compensation to locals.  They broker deals for little, install industrial farms, & export bounty. Over 60% of ""land grabs"" are in areas with  hunger problems. ",motherjones.com,http://www.motherjones.com/blue-marble/2013/01/top-land-grabbing-countries
2013-02-06,22:04:52,17zymv,63,"
The jailing of a Somali woman who says she was raped is an affront to justice",guardian.co.uk,http://www.guardian.co.uk/commentisfree/2013/feb/05/jailing-somali-women-rape-affront-justice
2013-02-06,17:23:13,17zpfp,63,Tunisian opposition leader shot to death amid tensions over Islamist extremism,washingtonpost.com,http://www.washingtonpost.com/world/africa/tunisian-opposition-leader-shot-to-death-amid-tensions-over-islamist-extremism/2013/02/06/c82f48a8-703b-11e2-b3f3-b263d708ca37_story.html?tid=sm_btn_reddit
2013-02-06,05:12:47,17yefi,63,Saudi celebrity preacher who 'raped and tortured' his five -year-old daughter to death is released after paying 'blood money' ,independent.co.uk,http://www.independent.co.uk/news/world/middle-east/saudi-celebrity-preacher-who-raped-and-tortured-his-five-yearold-daughter-to-death-is-released-after-paying-blood-money-8480440.html
2013-02-06,05:32:06,17yg1n,50,Kick-ass Chinese blogger is pissing off a lot of angry dudes in power,nytimes.com,http://www.nytimes.com/2013/02/06/world/asia/chinese-blogger-thrives-in-role-of-muckraker.html?partner=rss&emc=rss&_r=0
