2013-10-12,18:00:48,1oa4qg,3016,Malala meets Barack Obama and asks him to end Drone Strikes,rtoz.org,http://rtoz.org/2013/10/12/malala-meets-barack-obama-and-asks-him-to-end-drone-strikes/
2013-10-12,04:17:53,1o8oyw,2515,"Google will soon put your face, name, and content in its ads",arstechnica.com,http://arstechnica.com/business/2013/10/google-will-soon-put-your-face-name-and-content-in-its-ads/
2013-10-12,04:49:17,1o8rld,2493,"BBC News - Cyclone Phailin: Mass evacuations in eastern India! [It Is As Strong as Katrina, Twice as Wide as Sandy And it is About to Devastate India] Keep us in thought Reddit!",bbc.co.uk,http://www.bbc.co.uk/news/world-asia-india-24487130
2013-10-12,21:58:31,1oacr3,2395,Saudi Arabia's Women Driving Ban: Doctor Dismisses Cleric's Claim That Driving Hurts Ovaries,huffingtonpost.com,http://www.huffingtonpost.com/2013/09/30/saudi-driving-ban-ovaries_n_4016957.html
2013-10-12,23:52:25,1oaipd,2168,International Monetary Fund strongly suggests countries tax the rich to fix deficit,rawstory.com,http://www.rawstory.com/rs/2013/10/11/international-monetary-fund-strongly-suggests-countries-tax-the-rich-to-fix-deficit/
2013-10-12,22:00:38,1oacum,1602,European Utilities Say They Can't Make Money Because There's Too Much Renewable Energy,motherboard.vice.com,http://motherboard.vice.com/blog/european-utilities-say-they-cant-make-money-because-theres-too-much-renewable-energy
2013-10-12,22:24:19,1oadyd,1599,"New video: Edward Snowden receives award from NSA, CIA, FBI and DOJ officials, breaks silence on NSA programs for the first time in Russia. Reveals new details on how mass surveillance makes us less - not more - safe.",rt.com,http://rt.com/news/snowden-award-wikileaks-video-093/?ref=TWT
2013-10-12,11:56:32,1o9nhd,1352,Asian nations stockpile $6 trillion safety net in anticipation of US default.,reuters.com,http://www.reuters.com/article/2013/10/11/us-asia-economy-reserves-idUSBRE99A09O20131011
2013-10-12,22:59:02,1oafpy,1114,Snowden drawn into Brazil investigation of alleged spying: Brazil will ask the Russian government for permission to speak with Edward Snowden to learn more about U.S. and Canadian espionage activities in this country,theglobeandmail.com,http://www.theglobeandmail.com/news/world/edward-snowden-drawn-into-brazil-investigation-of-alleged-spying/article14850455/
2013-10-12,20:50:58,1oa9v8,868,A Srebrenica-Esque Massacre Has Recently Taken Place In North Korea's Killing Fields,forbes.com,http://www.forbes.com/sites/realspin/2013/10/11/a-srebenica-esque-massacre-has-recently-taken-place-in-north-koreas-killing-fields/
2013-10-12,16:07:24,1oa17v,785,"In a reversal of its longstanding policy toward nuclear weapons, Japan, the only nation that has experienced the devastation of atomic bombings, will sign a joint statement by the United Nations calling for their abolition.",ajw.asahi.com,http://ajw.asahi.com/article/behind_news/politics/AJ201310110074
2013-10-12,01:58:32,1o8caj,528,"Queen receives pay-rise after her rainy-day fund is reduced to her ""last £1million""",independent.co.uk,http://www.independent.co.uk/news/uk/home-news/inflationbusting-22-payrise-for-the-queen-branded-immoral-by-campaigners-after-rainy-day-fund-is-reduced-to-last-1-million-8874123.html
2013-10-12,04:38:09,1o8qoz,316,Internet freedom on the decline around the world,radioaustralia.net.au,http://www.radioaustralia.net.au/international/2013-10-10/internet-freedom-on-the-decline-around-the-world/1202948
2013-10-12,17:24:32,1oa3mt,294,Arafat poisoning claim backed by journal - Lancet publishes peer review supporting findings Palestinian leader may have been poisoned by polonium.,aljazeera.com,http://www.aljazeera.com/news/europe/2013/10/arafat-poisoning-claim-backed-journal-2013101215735508974.html
2013-10-12,06:00:38,1o8xkr,176,Syrian rebels accused of massacring civilians,aljazeera.com,http://www.aljazeera.com/news/middleeast/2013/10/syrian-rebels-accused-massacring-civilians-201310118942829540.html
2013-10-12,22:23:58,1oadxq,173,'March Against Monsanto': Live Updates,rt.com,http://rt.com/news/march-against-monsanto-gmo-100/
2013-10-12,02:15:10,1o8dsf,136,"Another migrant boat sinks off Sicily, 200 people in sea",euronews.com,http://www.euronews.com/2013/10/11/migrant-boat-sinks-off-sicily-200-people-in-sea-
2013-10-12,19:21:07,1oa70a,131,BBC News: High Court orders two sisters must receive MMR vaccine,bbc.co.uk,http://www.bbc.co.uk/news/health-24493422
2013-10-12,23:39:06,1oahxt,131,"Dark web 'will evolve', warns UK cyber crime chief",bbc.co.uk,http://www.bbc.co.uk/news/technology-24495029
2013-10-12,22:38:44,1oaeo2,117,"Malala Wins Sakharov Award, EU's Top Human Rights Award",huffingtonpost.com,http://www.huffingtonpost.com/2013/10/10/malala-sakharov-award_n_4077185.html
2013-10-12,00:26:25,1o83uc,104,Iran cancels annual anti Zionism conference,israelnationalnews.com,http://www.israelnationalnews.com/wap/Item.aspx?type=0&item=172734#_dvItemView
2013-10-12,20:04:11,1oa8c8,90,"Japanese authorities may have underestimated by 20 percent the radiation doses workers got in the initial phase of the Fukushima nuclear power plant disaster, a Japanese newspaper reported on Saturday, citing a U.N. panel.",reuters.com,http://www.reuters.com/article/2013/10/12/us-japan-fukushima-radiation-idUSBRE99B03H20131012
2013-10-12,12:40:45,1o9qep,77,A hedge fund that employs one of George Osborne's closest friends and best man is among the City institutions set to make millions from the privatisation of Royal Mail.,telegraph.co.uk,http://www.telegraph.co.uk/news/uknews/royal-mail/10373868/Hedge-fund-investing-in-Royal-Mail-employs-George-Osbornes-friend.html
2013-10-12,08:06:35,1o97bn,70,Saudi woman detained for blogging & supporting women drivers in Saudi Arabia,edition.cnn.com,http://edition.cnn.com/2013/10/11/world/meast/saudi-arabia-women-drivers/index.html?hpt=hp_c1
2013-10-12,17:36:45,1oa408,60,Revealed: £4.7bn corporation tax lost through evasion and avoidance as Royal Mail is sold for £650m less than it is worth,independent.co.uk,http://www.independent.co.uk/news/uk/politics/revealed-47bn-corporation-tax-lost-through-evasion-and-avoidance-as-royal-mail-is-sold-for-650m-less-than-it-is-worth-8874873.html
2013-10-12,00:33:06,1o84gt,51,Vietnam Authorities Seizes 2 Tonnes of Ivory From China-Bound Ship,ibtimes.co.in,http://www.ibtimes.co.in/articles/512863/20131010/malaysia-2-tonnes-illegal-ivory-seize-vietnam.htm
2013-10-12,22:02:05,1oacx1,45,"Wind, rain, seawater pound eastern India as immense, powerful cyclone roars toward coast",washingtonpost.com,http://www.washingtonpost.com/world/asia_pacific/strongest-cyclone-since-1999-threatening-india-tens-of-thousands-being-evacuated-from-coast/2013/10/11/d5b84446-32de-11e3-ad00-ec4c6b31cbed_story.html?hpid=z3
2013-10-12,22:48:02,1oaf5s,41,"Press charter would be unconstitutional in US, says Society of Editors head",theguardian.com,http://www.theguardian.com/media/2013/oct/12/press-harter-unconstitutional-regulation
2013-10-12,10:11:27,1o9g8t,35,US ship detained by Venezuela in Guyana disputed waters.,bbc.co.uk,http://www.bbc.co.uk/news/world-latin-america-24500362
2013-10-12,08:43:05,1o9a51,35,"Mental health crisis hits Syria’s refugee camps: Many suffer from depression, anxiety and post-traumatic stress, having lost their homes to bombing or witnessed terrible events.",thestar.com,http://www.thestar.com/news/world/2013/10/11/mental_health_crisis_hits_syrias_refugee_camps.html?asid=d1900482
