2013-01-01,11:16:36,15r8r0,2888,"North Korean leader, in rare address, seeks end to confrontation with South",uk.reuters.com,http://uk.reuters.com/article/2013/01/01/uk-korea-north-idUKBRE90002020130101
2013-01-01,05:05:46,15qpfd,2649,"It will cost Canada 25 times more to close the Experimental Lakes Area research centre than it will to keep it open next year, yet the centre is closing.",thestar.com,http://www.thestar.com/opinion/editorials/article/1308972--2012-a-bleak-year-for-environmental-policy
2013-01-01,22:18:31,15rsmy,2107,"Raped by 42 men in 40 days. Sixteen years later, she awaits justice, Kerala, India",ndtv.com,http://www.ndtv.com/article/south/raped-by-42-men-in-40-days-sixteen-years-later-she-awaits-justice-311943?pfrom=home-topstories
2013-01-01,22:46:58,15rtej,1094,Planet's oldest fossils at 3.49 billion years old found in Australia.,smh.com.au,http://www.smh.com.au/technology/sci-tech/planets-oldest-fossils-found-in-pilbara-experts-say-20130101-2c3qs.html
2013-01-01,03:28:54,15qjcy,420,121 Journalists Killed on Duty in 2012,guardian.co.uk,http://www.guardian.co.uk/media/2012/dec/31/121-journalists-killed-2012-syria
2013-01-01,17:54:20,15rn0h,180,"Palestinians to outnumber Jewish population by 2020, says PA report - Israel News | Haaretz Daily Newspaper",haaretz.com,http://www.haaretz.com/news/middle-east/palestinians-to-outnumber-jewish-population-by-2020-says-pa-report-1.491122#.UOKyNsAkR4E.reddit
2013-01-01,11:33:22,15r9g7,123,Kim Jong-Un calls for an end to confrontation with South Korea - Reuters,reuters.com,http://www.reuters.com/article/2013/01/01/us-korea-north-idUSBRE90001S20130101
2013-01-01,00:42:33,15q948,114,"Japan’s New Leader Endorses Nuclear Plants
",nytimes.com,http://www.nytimes.com/2012/12/31/world/asia/japans-new-prime-minister-backs-more-nuclear-plants.html?_r=0
2013-01-01,18:33:05,15rnv9,99, Egypt official: Israel will be wiped out in a decade,ynetnews.com,"http://www.ynetnews.com/articles/0,7340,L-4327092,00.html"
2013-01-01,22:04:23,15rsa5,95,"Extremism unchecked in schools, secret briefing reveals - Telegraph",telegraph.co.uk,http://www.telegraph.co.uk/education/educationnews/9750428/Extremism-unchecked-in-schools-secret-briefing-reveals.html
2013-01-01,09:58:05,15r5d7,80,"Britain is expected to lose its AAA credit rating this year, dealing a blow to George Osborne's defence of deep spending cuts as the key to retaining Britain's status with global investors.",guardian.co.uk,http://www.guardian.co.uk/business/2012/dec/31/economists-uk-lose-aaa-rating
2013-01-01,09:17:31,15r3cv,74,Africa: Where black is not really beautiful,bbc.co.uk,http://www.bbc.co.uk/news/world-africa-20444798
2013-01-01,14:14:15,15rg31,66,LOTR trilogy sound editor Hopkins dies in NZ,news.yahoo.com,http://news.yahoo.com/rings-trilogy-sound-editor-hopkins-dies-nz-042734538.html
2013-01-01,23:20:08,15rucv,67,"Multiple Feuds Bring Record Year of Violence to Karachi -  
The sad truth was whatever your religion, business affiliation, or political party, someone was willing to kill you for it. The murder rate in Pakistan's largest city & commercial hub hit an all time high.",npr.org,http://www.npr.org/2013/01/01/168349318/multiple-feuds-bring-a-record-year-of-violence-to-karachi
2013-01-01,12:49:57,15rclr,37,North Korea's Kim Jong-Un vows radical economic shift,theaustralian.com.au,http://www.theaustralian.com.au/news/world/north-koreas-kim-jong-un-vows-radical-economic-shift/story-e6frg6so-1226546166494
2013-01-01,19:43:35,15rpc5,35,Poverty in one of the world's richest kingdoms: Saudi Arabia,guardian.co.uk,http://www.guardian.co.uk/world/2013/jan/01/saudi-arabia-riyadh-poverty-inequality
2013-01-01,06:05:21,15qsx8,34,"Pakistan Lifts YouTube Ban, for 3 Minutes",nytimes.com,http://www.nytimes.com/2012/12/30/world/asia/youtube-ban-lifted-in-pakistan-for-3-minutes.html?_r=0
2013-01-01,07:50:16,15qyrf,30,Ghana bans second-hand fridges:  A ban on the import of second-hand refrigerators is coming into force in Ghana to reduce energy consumption and harm to the environment.,bbc.co.uk,http://www.bbc.co.uk/news/world-africa-20877804
2013-01-01,02:26:52,15qfdb,31,Man arrested after online rant against Liverpool and Hillsborough disaster victims ,liverpoolecho.co.uk,http://www.liverpoolecho.co.uk/liverpool-news/local-news/2012/12/29/man-arrested-after-online-rant-against-liverpool-and-hillsborough-disaster-victims-100252-32512531/#.UN87CBqRcqY.twitter
2013-01-01,10:04:19,15r5mp,32,American plane leaves Iran after emergency landing,usatoday.com,http://www.usatoday.com/story/todayinthesky/2012/12/31/american-plane-iran-emergency/1800637/
2013-01-01,05:43:38,15qrno,30,Syrian PM says Assad ready for peace talks,aljazeera.com,http://www.aljazeera.com/news/middleeast/2012/12/2012123112025591599.html
2013-01-01,06:26:42,15qu57,27,China Kicks Out 'New York Times' Reporter,npr.org,http://www.npr.org/blogs/thetwo-way/2012/12/31/168350851/china-kicks-out-new-york-times-reporter?ft=1&f=1125
2013-01-01,04:52:13,15qojp,26,Venezuela fearing the worst amid reports Hugo Chavez is close to death,telegraph.co.uk,http://www.telegraph.co.uk/news/worldnews/southamerica/venezuela/9773510/Venezuela-fearing-the-worst-amid-reports-Hugo-Chavez-is-close-to-death.html
2013-01-01,19:52:50,15rpia,21,"Ivory Coast New Year stampede kill dozens.
",bbc.co.uk,http://www.bbc.co.uk/news/world-africa-20881552
2013-01-01,15:04:27,15rhz3,22,Indian police to officially charge 5 suspects with murder in gang-rape case. The sixth suspect in the case that has outraged the country is under 18 and a juvenile,washingtonpost.com,http://www.washingtonpost.com/world/asia_pacific/indian-police-to-officially-charge-5-suspects-with-murder-in-gang-rape-case/2013/01/01/7c30f2ea-53d9-11e2-89de-76c1c54b1418_story.html?tid=sm_btn_reddit
2013-01-01,02:22:59,15qf5i,22,"Beer now considered alcohol, not food, in Russia as new restrictions take hold",worldnews.nbcnews.com,http://worldnews.nbcnews.com/_news/2012/12/31/16268313-beer-now-considered-alcohol-not-food-in-russia-as-new-restrictions-take-hold?chromedomain=worldblog
2013-01-01,22:06:43,15rsc1,18,Tunisians urged to spurn un-Islamic New Year greetings - FRANCE 24,france24.com,http://www.france24.com/en/20121231-tunisians-urged-spurn-new-year-greetings
2013-01-01,02:56:52,15qhah,18,"North Korea, fearing dissent, fights smuggling of cellphones, TVs ... and soap operas",washingtonpost.com,http://www.washingtonpost.com/world/asia_pacific/north-korea-fearing-dissent-fights-smuggling-of-cellphones-tvs--and-soap-operas/2012/12/31/af729b1a-5378-11e2-abc4-3d33329b6128_story.html?tid=sm_btn_reddit
2013-01-01,13:11:59,15rdlz,14,India rolls out direct cash transfer scheme of USD 58 billion for poor,bbc.co.uk,http://www.bbc.co.uk/news/world-asia-india-20880436
2013-01-01,10:22:21,15r6gz,17,Gang-rape shame could drag India into 21st century,mangaloretoday.com,http://mangaloretoday.com/mt/index.php?action=opinion&type=109&cat=2
