2013-01-10,04:06:26,169mbm,2222,The world's population could actually start declining.,slate.com,http://www.slate.com/articles/technology/future_tense/2013/01/world_population_may_actually_start_declining_not_exploding.single.html
2013-01-10,19:57:55,16b69c,2037,Ex-CIA Analyst Finds Mysterious Chinese Complex on Google Earth,wired.co.uk,http://www.wired.co.uk/news/archive/2013-01/10/chinese-desert-mystery
2013-01-10,12:55:34,16apir,1479,"German bishops cancel study into sexual abuse by priests, prompting the investigator to accuse them of trying to censor what was to be a major report on the scandals",nytimes.com,http://www.nytimes.com/2013/01/10/world/europe/german-bishops-cancel-study-into-sexual-abuse-by-priests.html?smid=re-share
2013-01-10,18:14:11,16b3bi,953,'My goodness there's a snake on the wing': Snake spotted on a Qantas plane.,theage.com.au,http://www.theage.com.au/travel/travel-incidents/my-goodness-theres-a-snake-on-the-wing-qantas-reptile-passenger-20130110-2ciu0.html
2013-01-10,10:59:01,16ahd4,711,McDonalds to give out books instead of toys in U.K,shine.yahoo.com,http://shine.yahoo.com/parenting/mcdonald-8217-set-become-biggest-children-8217-book-181500152.html
2013-01-10,19:00:18,16b4kt,618,"Pakistan kiln laborers hemmed in by debts they can't repay:  Brick makers and others live a life of indentured servitude known as bonded labor. They must borrow to live, and their debts pass on to their children when they die.",chicagotribune.com,"http://www.chicagotribune.com/news/nationworld/la-fg-pakistan-kilns-20130110,0,374913.story"
2013-01-10,15:17:11,16axf3,606,Blind stroke victim tasered after a police officer mistook his white stick for a samurai sword,independent.co.uk,http://www.independent.co.uk/news/uk/politics/blind-man-seeks-compensation-for-police-taser-mistake-8445260.html
2013-01-10,15:30:12,16axzl,568,"Three Kurdish women activists have been found dead with gunshot wounds to the head in Paris, French media say, citing police sources",bbc.co.uk,http://www.bbc.co.uk/news/world-europe-20968375
2013-01-10,07:58:58,16a41u,537,"After Bluefin Tuna Sells for £1m Conservationists Warn Species is Dying Out -  Bluefin tuna are in danger of ""all but disappearing"", according to a new report, despite a decade long fight to save the ""tiger of the seas"".",telegraph.co.uk,http://www.telegraph.co.uk/earth/earthnews/9790478/Days-after-bluefin-tuna-sells-for-1m-conservationists-warn-species-is-dying-out.html
2013-01-10,17:15:32,16b1mr,287,Half of all food 'thrown away' claims report,bbc.co.uk,http://www.bbc.co.uk/news/uk-20968076
2013-01-10,18:48:27,16b48p,263,Six prisons to be closed in England - with a new 'super-prison' planned,bbc.co.uk,http://www.bbc.co.uk/news/uk-20969898
2013-01-10,08:42:21,16a79e,246,"Indian gang-rape victim blamed for attack by lawyer representing the offenders: ""I never heard of a 'respected lady' being raped in India """,news.com.au,http://www.news.com.au/world/third-gang-rape-suspect-to-plead-not-guilty/story-fndir2ev-1226550751725
2013-01-10,22:24:58,16bbof,221,Canadians rush to save 11 trapped killer whales - CNN.com,cnn.com,http://www.cnn.com/2013/01/09/world/americas/canada-trapped-whales/index.html?sr=reddit
2013-01-10,17:03:10,16b18q,219,"Up to half of the food produced in the world is wasted, according to a report by the UK's Institution of Mechanical Engineers",guardian.co.uk,http://www.guardian.co.uk/environment/2013/jan/10/half-world-food-waste
2013-01-10,01:04:28,1698x5,152,The British Library releases the first-ever audio guide to how Shakespeare should really sound,telegraph.co.uk,http://www.telegraph.co.uk/culture/books/booknews/9143302/How-should-Shakespeare-really-sound.html
2013-01-10,17:37:34,16b2bo,147,Locals seek help from Canadian gov as a dozens of killer whales become trapped under vast stretch of sea ice crowding desperately around a single small hole for air,aljazeera.com,http://www.aljazeera.com/news/americas/2013/01/201311063942259660.html
2013-01-10,09:54:22,16acml,144,"Chinese animal rights group helps rescue bears from ""bile farm""",npr.org,http://www.npr.org/blogs/thetwo-way/2013/01/09/168990044/group-in-china-rescues-bears-from-bile-farm-abuses
2013-01-10,00:05:55,1694y5,143,Tattooed composer in strong run for Czech presidency,cbc.ca,http://www.cbc.ca/news/world/story/2013/01/09/czech-republic-tattooed-candidate.html
2013-01-10,08:23:33,16a5v9,138,"Calls Out to Change How South Korea Treats Mental Illness, Since its  Suicide Rate Remains Highest in Developed World - It's leading cause of death for people under  40 - & it's an issue that's only gotten worse in recent years.

",abc.net.au,http://www.abc.net.au/news/2013-01-10/an-celebrtiy-suicide-prompts-calls-for-korea-mental-health-over/4459018
2013-01-10,08:10:21,16a4wd,113,"Ancient Medicine in Roman Shipwreck — Round tin boxes in 2,000-yr-old ship off Tuscany held mix of zinc & beeswax likely used for eyes. Impressions in tablets suggest were wrapped in linen to prevent crumbling.   Finds include wine jars,  jugs, Syrian-Palestinian glass bowls, Ephesian lamps.",wtvm.com,http://www.wtvm.com/story/20530607/ancient-pills-found-in-shipwreck-offer-rare-insight-into-early-medicine
2013-01-10,19:27:37,16b5dl,97,3 Kurdish women shot dead in Paris,edition.cnn.com,http://edition.cnn.com/2013/01/10/world/europe/france-kurd-deaths/index.html
2013-01-10,06:41:35,169ye9,86,U.N. wants to use drones for peacekeeping missions,washingtonpost.com,http://www.washingtonpost.com/world/national-security/un-seeks-drones-for-peacekeeping-missions/2013/01/08/39575660-599e-11e2-88d0-c4cf65c3ad15_story.html
2013-01-10,07:40:10,16a2lj,82,"Australian Wildfires: Clinging to Life, a Family Defies Wall of Flame - 
Photograph likely to become one of the defining images of a disaster that has seen wildfires sweep south-eastern Australia",guardian.co.uk,http://www.guardian.co.uk/world/2013/jan/09/australian-wildfires-family-defining-photograph
2013-01-10,15:58:42,16az2l,73,Saudi Arabia Beheads Young Sri Lankan Maid,thelede.blogs.nytimes.com,http://thelede.blogs.nytimes.com/2013/01/09/saudi-arabia-executes-sri-lankan-maid/
2013-01-10,11:33:27,16ajxu,74,"Millions of New Species of 'Killer Slugs' From Spain Set to Invade English Gardens - After worst year on record for slugs, it's about to get worse. Growing up to 5 in. long, they eat dead mice, dog mess & even each other. In Scandinavia, slugs eating road kill caused road hazard. ",telegraph.co.uk,http://www.telegraph.co.uk/gardening/9791458/Millions-of-killer-slugs-set-to-take-over-gardens.html
2013-01-10,01:39:43,169bbq,73,The lawyer for India gang rape perpetrators says it's the victims' fault they got raped and abused ,cbc.ca,http://www.cbc.ca/news/world/story/2013/01/09/india-gang-rape-case-lawyer.html
2013-01-10,08:12:47,16a52w,65,Killer whales trapped in Northern Quebec. The hole they breath from is shrinking fast.,cbc.ca,http://www.cbc.ca/news/canada/montreal/story/2013/01/09/north-inukjuak-orcas-trapped.html
2013-01-10,22:46:21,16bcr5,63,Family of 12 elephants slain by poachers in Kenya,worldnews.nbcnews.com,http://worldnews.nbcnews.com/_news/2013/01/10/16446547-family-of-12-elephants-slain-by-poachers-in-kenya
2013-01-10,04:02:43,169m07,48,After Chavez: The One Sentence in Venezuela's Constitution That Explains the Country's Succession Crisis -  How a possible power struggle in Caracas gets resolved may come down to a very few words.,theatlantic.com,http://www.theatlantic.com/international/archive/2013/01/after-chavez-the-one-sentence-in-venezuelas-constitution-that-explains-the-countrys-succession-crisis/266945/
2013-01-10,10:43:30,16aga5,36,Energy industry letter suggested environmental law changes to government of Canada and within 10 months received almost all of them.,cbc.ca,http://www.cbc.ca/news/business/story/2013/01/09/pol-oil-gas-industry-letter-to-government-on-environmental-laws.html
