2013-03-14,17:57:31,1a9ypd,3275,Bill Gates: capitalism means male baldness research gets more funding than malaria,wired.co.uk,http://www.wired.co.uk/news/archive/2013-03/14/bill-gates-capitalism#.UUGe-5TS1fE.reddit
2013-03-14,23:02:45,1aacey,3107,"India is now covering water canals with solar panels, this way they are preventing water loss through evaporation and saving space while creating energy.",thehindubusinessline.com,http://www.thehindubusinessline.com/industry-and-economy/government-and-policy/article3346191.ece?homepage=true
2013-03-14,08:52:58,1a95wp,2096,North Korea guides artillery exercises against South Korean Island.,english.yonhapnews.co.kr,http://english.yonhapnews.co.kr/northkorea/2013/03/14/43/0401000000AEN20130314001100315F.HTML
2013-03-14,02:08:39,1a88t6,1057,Vatican Elects New Pope,bbc.co.uk,http://www.bbc.co.uk/news/world-europe-21758339
2013-03-14,19:21:40,1aa168,1055,"At least 28% of South African schoolgirls are HIV positive compared with 4% of boys because ""sugar daddies"" exploit them, the health minister says. ",bbc.co.uk,http://www.bbc.co.uk/news/world-africa-21783076#.UUGyr7Mk_g8.reddit
2013-03-14,07:41:24,1a90lq,1007,Rare Asian coin found in Kenya proves trading between Asians and Africans occurred well before Europeans,foxnews.com,http://www.foxnews.com/science/2013/03/13/illinois-scientists-find-rare-coin-in-kenya/
2013-03-14,00:32:34,1a8148,955,"75 percent of Chinese say air pollution a big problem in China; 81 percent agreed with statement that today “the rich just get richer while the poor get poorer.""",globalpublicsquare.blogs.cnn.com,http://globalpublicsquare.blogs.cnn.com/2013/03/13/what-chinese-are-worried-about/
2013-03-14,06:08:05,1a8tjz,914,BBC News - Germany bans three 'anti-democratic' Islamist groups,bbc.co.uk,http://www.bbc.co.uk/news/world-europe-21774997
2013-03-14,20:44:12,1aa4jy,616,LHC confirms Higgs boson identification,bbc.co.uk,http://www.bbc.co.uk/news/science-environment-21785205
2013-03-14,12:56:24,1a9n6d,514,photos of children from around the world with their most prized possessions,featureshoot.com,http://www.featureshoot.com/2013/03/photos-of-children-from-around-the-world-with-their-most-prized-possessions/
2013-03-14,06:08:16,1a8tkj,514,"Pope Francis I aided the Argentine Military Dictatorship that ""disappeared"" many thousands",guardian.co.uk,http://www.guardian.co.uk/commentisfree/belief/2011/jan/04/argenitina-videla-bergoglio-repentance
2013-03-14,18:49:41,1aa066,494,"47 temples, 700 Hindu houses torched across Bangladesh",hindustantimes.com,http://www.hindustantimes.com/world-news/Bangladesh/47-temples-700-Hindu-houses-torched-vandalised-in-Bangladesh/Article1-1025762.aspx
2013-03-14,10:50:33,1a9epo,342,France could join the small club of countries that require net neutrality: The French government has put forward a new plan that could enshrine net neutrality in national law. They would become the fourth country in the world with a law for net neutrality.,arstechnica.com,http://arstechnica.com/tech-policy/2013/03/france-could-become-worlds-third-net-neutrality-nation/
2013-03-14,13:48:13,1a9q19,325,"Pope Francis I rejects luxuries and the special car for him: ""I'll just go with the guys on the bus""",seattletimes.com,http://seattletimes.com/html/nationworld/2020543646_apeuvaticanpope.html
2013-03-14,23:02:24,1aace7,307,"French court rejects sick man's plea for medicinal cannabis, fines him €300 for possession",thelocal.fr,http://www.thelocal.fr/page/view/stricken-french-man-fights-to-ease-pain-with-cannabis
2013-03-14,19:29:07,1aa1j8,242,"Keystone XL Pipeline Not Good for Canada - 
Opposition Leader Thomas Mulcair criticizes Canada's Conservative govt, saying  pipeline exacts heavy environmental cost.  Pumping tar sands oil to America would cost 40,000 Canadian jobs & keep energy prices high in Canada, he says. ",guardian.co.uk,http://www.guardian.co.uk/environment/2013/mar/13/keystone-xl-pipeline-canada-opposition-leader
2013-03-14,00:03:01,1a7yyf,226,"RPT-Pentagon Weapons-Maker Finds Method For Cheap, Clean Water: * Filter could sharply cut energy needed to remove salt from water * Officials say firm has patented process, looking for partners * Cheaper seawater purification could help ease water security fears",reuters.com,http://www.reuters.com/article/2013/03/13/usa-desalination-idUSL1N0C0DG520130313
2013-03-14,23:03:07,1aacfx,191,"Amsterdam prostitute twins retire at 70 after 50 years and 355,000 men",metro.co.uk,http://metro.co.uk/2013/03/14/amsterdam-prostitute-twins-retire-at-70-after-50-years-and-355000-men-3542030/
2013-03-14,08:46:22,1a95gi,175,"Hosni Mubarak's police chief 'gave shoot to kill order', with the former president's full knowledge. Police, including rooftop snipers, were responsible for nearly all of the deaths of the 850 protesters killed during Egypt's 2011 uprising, a government inquiry has concluded.",independent.co.uk,http://www.independent.co.uk/news/world/africa/hosni-mubaraks-police-chief-gave-shoot-to-kill-order-8533625.html
2013-03-14,19:54:45,1aa2ks,168,North Korean domains are becoming inaccessible from a specific IP range.,voanews.com,http://www.voanews.com/content/north-korea-based-websites-inaccessible/1621246.html
2013-03-14,15:50:27,1a9v0o,161,Supreme Court of India 'restrains' Italian Ambassador from leaving India,timesofindia.indiatimes.com,http://timesofindia.indiatimes.com/india/Supreme-Court-restrains-Italian-ambassador-Daniele-Mancini-from-leaving-India/articleshow/18966112.cms
2013-03-14,05:28:07,1a8q9c,149,The Russian President Vladimir Putin has called for the revival of a Soviet-era physical evaluation programme that required all schoolchildren to pass fitness test,independent.co.uk,http://www.independent.co.uk/news/world/europe/president-vladimir-putin-calls-for-fitness-tests-for-russian-schoolchildren-8533278.html
2013-03-14,10:37:29,1a9drc,122,Monarch Butterflies Drop Ominously in Mexico,nytimes.com,http://www.nytimes.com/aponline/2013/03/13/world/americas/ap-lt-mexico-monarch-butterflies.html?smid=re-share
2013-03-14,03:17:53,1a8es2,98,Swarming locusts descend on Israel ,photoblog.nbcnews.com,http://photoblog.nbcnews.com/_news/2013/03/12/17287206-swarming-locusts-descend-on-israel?lite
2013-03-14,09:39:10,1a99ct,89,"Sudan official says if doctors refuse to amputate, judges can train to do it to carry out sentences",upi.com,http://www.upi.com/Top_News/World-News/2013/03/12/Official-Sudan-will-continue-amputations/UPI-83841363096550/
2013-03-14,02:59:03,1a8d74,61,"Central America: Out of control -- In the first of two reports on the threat of rampant violence to Central America’s small republics, we look at the risk of Honduras becoming a failed state",economist.com,http://www.economist.com/news/americas/21573108-first-two-reports-threat-rampant-violence-central-americas-small
2013-03-14,06:09:12,1a8tnb,51,"BBC News - Clive Burr, former Iron Maiden drummer, dies at 56",bbc.co.uk,http://www.bbc.co.uk/news/entertainment-arts-21771857
2013-03-14,07:50:59,1a91b6,45,Activists decry 'act of sheer brutality' after Saudi Arabia executes 7 young men,worldnews.nbcnews.com,http://worldnews.nbcnews.com/_news/2013/03/13/17299988-activists-decry-act-of-sheer-brutality-after-saudi-arabia-executes-7-young-men?lite
2013-03-14,06:35:03,1a8vjv,43,"Venezuela's acting president said on Wednesday that ""far right"" figures in the United States were plotting to kill opposition leader Henrique Capriles in an increasingly volatile atmosphere ahead of an April 14 election.",reuters.com,http://www.reuters.com/article/2013/03/13/us-venezuela-election-idUSBRE92C1E720130313?feedType=RSS&feedName=topNews&utm_source=feedburner&utm_medium=feed&utm_campaign=Feed%3A+reuters%2FtopNews+%28News+%2F+US+%2F+Top+News%29#.UUD-7g22hig.reddit
2013-03-14,19:09:12,1aa0rx,45,BBC News - What Japanese history lessons leave out,bbc.co.uk,http://www.bbc.co.uk/news/magazine-21226068
