2013-11-09,07:36:35,1q7ndj,3393,Mexico Mayor killed for 'standing up to drugs cartel',bbc.co.uk,http://www.bbc.co.uk/news/world-latin-america-24875961
2013-11-09,05:32:50,1q7dgl,2443,"Myanmar is preparing to adopt the Metric system, leaving USA and Liberia as the only two countries failing to metricate.",elevenmyanmar.com,http://www.elevenmyanmar.com/national/3684-myanmar-to-adopt-metric-system
2013-11-09,22:42:36,1q8vnj,1914,Malala Yousufzai’s recent book ‘I am Malala’ will be banned completely due to its ‘controversial’ contents in all private schools across all the Pakistan,pakistantoday.com.pk,http://www.pakistantoday.com.pk/2013/11/07/news/national/i-am-malala-banned-in-private-schools/
2013-11-09,18:16:47,1q8m79,712,"Greek coastguard halts ship carrying 20,000 Kalashnikovs, places Turkish captain in custody",hurriyetdailynews.com,http://www.hurriyetdailynews.com/greek-coastguard-halts-ship-carrying-20000-kalashnikovs-places-turkish-captain-in-custody.aspx?pageID=238&nID=57645&NewsCatID=351
2013-11-09,15:11:41,1q8fv1,471,"Man is given 39 life sentences + 212 years for multiple rapes, sexual assault, kidnapping and theft.",news24.com,http://www.news24.com/SouthAfrica/News/Birthday-rapist-gets-39-life-terms-20131108
2013-11-09,02:57:05,1q703c,445,"Typhoon Haiyan makes Sandy, Katrina look like weak cousins. Might be the fiercest typhoon in recorded history - winds of 195 to 235mph",latimes.com,"http://www.latimes.com/nation/nationnow/la-na-nn-typhoon-haiyan-superstorm-sandy-katrina-20131108,0,4183555.story#axzz2k58KOHxY"
2013-11-09,03:57:32,1q757b,424,"""There, outside the bus, just a few dozen meters away is the real dead zone, a place where it is still far too dangerous for anyone to go. No human has been inside reactor three since the disaster. To do so would be suicide. No-one knows when it will be possible to go in.""",bbc.co.uk,http://www.bbc.co.uk/news/world-asia-24846819
2013-11-09,21:49:47,1q8t62,318,Five people detained in Romania for planing to kidnap an 14 year-old boy. The boy was set to marry an 8 year-old girl.,translate.google.com,http://translate.google.com/translate?sl=auto&tl=en&js=n&prev=_t&hl=en&ie=UTF-8&u=http%3A%2F%2Fwww.mediafax.ro%2Fsocial%2Fsibiu-cinci-persoane-suspectate-de-rapirea-unui-baiat-de-14-ani-retinute-baiatul-ar-fi-trebuit-sa-se-casatoreasca-cu-o-fetita-de-opt-ani-11651026
2013-11-09,22:16:51,1q8ueb,260,Smoggy Beijing sees lung cancer cases soar,bbc.co.uk,http://www.bbc.co.uk/news/magazine-24880737
2013-11-09,10:28:03,1q7zfw,226,"Philippines: 'bodies in the streets', with many feared dead in typhoon Haiyan. Reports from worst-hit areas suggest the death toll will rise significantly as storm's passing reveals scale of damage.",theguardian.com,http://www.theguardian.com/world/2013/nov/09/philippines-bodies-streets-hundreds-feared-dead-typhoon-haiyan
2013-11-09,21:12:27,1q8rrn,182,Critically endangered species in Sumatra on the road to extinction: Some of the world's most vulnerable creatures could be wiped out if a highway through the Haparan rainforest is approved,theguardian.com,http://www.theguardian.com/environment/2013/nov/09/conservation-wildlife
2013-11-09,06:13:37,1q7gvi,180,"The Kremlin Is Losing Control of the Nationalist Movement It Helped Create. Russian nationalism, with its dangerous xenophobic overtones, is now spreading to the country's 'silent majority.'",theatlantic.com,http://www.theatlantic.com/international/archive/2013/11/the-kremlin-is-losing-control-of-the-nationalist-movement-it-helped-create/281291/
2013-11-09,23:17:52,1q8xfh,158,"Vigilante ranchers, fruit growers kick out brutal drug cartel in western Mexican state",washingtonpost.com,http://www.washingtonpost.com/world/the_americas/vigilante-ranchers-fruit-growers-kick-out-brutal-drug-cartel-in-western-mexican-state/2013/11/08/4a475182-48ae-11e3-95a9-3f15b5618ba8_story.html
2013-11-09,16:41:03,1q8j9u,153,Guardian editor Alan Rusbridger to face MPs over Edward Snowden intelligence leaks,independent.co.uk,http://www.independent.co.uk/news/media/press/guardian-editor-alan-rusbridger-to-face-mps-over-edward-snowden-intelligence-leaks-8930265.html
2013-11-09,21:12:11,1q8rrc,151,"Rickets Making Comeback In The UK, Doctors Say",huffingtonpost.com,http://www.huffingtonpost.com/2013/11/08/rickets-uk-children_n_4240360.html
2013-11-09,09:40:54,1q7wey,112,Oil prices may plunge if Iran gets a nuclear deal,cnbc.com,http://www.cnbc.com/id/101183194
2013-11-09,22:03:34,1q8tsw,114,"Images of the persecuted stateless Rohingya people are currently being projected onto the outside walls of the Washington Holocaust Memorial Museum, Myanmar calls the display ""inappropriate"".",abcnews.go.com,http://abcnews.go.com/Entertainment/wireStory/holocaust-museum-highlights-myanmars-rohingya-20801969
2013-11-09,10:03:19,1q7xuf,111,Right Wing’s Surge in Europe Has the Establishment Rattled,nytimes.com,http://www.nytimes.com/2013/11/09/world/europe/right-wings-surge-in-europe-has-the-establishment-rattled.html
2013-11-09,10:13:58,1q7yjc,110,"100 bodies have been spotted by aviation official in the streets of the city of Tacloban, Philippines. Death toll feared to be much higher",reuters.com,http://www.reuters.com/article/2013/11/09/us-phil ippines-typhoon-casualty-idUSBRE9A801J20131109
2013-11-09,18:54:30,1q8nbb,102,Anger after Chinese delegate to Melbourne charged with rape of student Song Jingsong was charged with raping an Australian university student guide in August,scmp.com,http://www.scmp.com/news/china-insider/article/1351554/anger-after-chinese-delegate-melbourne-charged-rape-student
2013-11-09,18:46:07,1q8n2a,106,"Why 140,000 Chinese people want to kick out CNN",washingtonpost.com,http://www.washingtonpost.com/blogs/worldviews/wp/2013/11/08/why-140000-chinese-people-want-to-kick-out-cnn/
2013-11-09,00:26:25,1q6mzn,87,U.S. Ambassador’s letter from former Japan Ambassador: “Worsening radioactive contamination of the sea will soon awaken whole world”,enenews.com,http://enenews.com/ambassadors-letter-former-japan-ambassador-worsening-radioactive-contamination-sea-will-awaken-world-problem-fukushima-beyond-control
2013-11-09,18:49:32,1q8n6f,69,Chinese Obtain 80% of Portugal Visas Given to Property Investors,bloomberg.com,http://www.bloomberg.com/news/2013-11-08/chinese-obtain-80-of-portugal-visas-given-to-property-investors.html
2013-11-09,19:33:27,1q8oj7,66,Philippines Typhoon Haiyan: 'Most people hid in their closets',bbc.co.uk,http://www.bbc.co.uk/news/world-asia-24879952
2013-11-09,17:54:02,1q8lj4,59,Bill Gates: What I Learned in India's Fight Against Polio - India's success in eradicating polio offers lessons for solving other human welfare issues world-wide,online.wsj.com,http://online.wsj.com/news/articles/SB10001424052702303309504579181753580988412
2013-11-09,10:06:33,1q7y16,56,"Roxana Miranda, Seamstress Who Seeks Chile Presidency: ""A humble seamstress has brought Chile's presidential elections down to Earth, with fiery rhetoric and a mastery of the problems of the poor that has sometimes made better known rivals seem out of touch.""",france24.com,http://www.france24.com/en/20131108-roxana-miranda-seamstress-who-seeks-chile-presidency
2013-11-09,17:59:35,1q8lp8,50,More Tibetan Areas Defy Orders to Fly Chinese Flag,rfa.org,http://www.rfa.org/english/news/tibet/defy-11082013153145.html
2013-11-09,02:54:17,1q6zu8,50,Scientist warn of extreme risk at Fukushima Reactor,washingtonsblog.com,http://www.washingtonsblog.com/2013/11/were-in-the-most-dangerous-moment-since-the-cuban-missile-crisis.html
2013-11-09,22:32:35,1q8v55,46,"Maduro government ""occupies"" price-gouging stores in Venezuela, orders sale of goods at fair prices",reuters.com,http://www.reuters.com/article/2013/11/09/venezuela-economy-idUSL2N0IU0CS20131109
2013-11-09,19:10:24,1q8ntm,47,Russians to take Olympic torch on historic spacewalk,telegraph.co.uk,http://www.telegraph.co.uk/science/space/10437566/Russians-to-take-Olympic-torch-on-historic-spacewalk.html
