2013-12-06,05:47:07,1s6wce,4055,Nelson Mandela has passed away.,bbc.co.uk,http://www.bbc.co.uk/news/uk-14237599
2013-12-06,23:58:28,1s8y8w,3977,Japan passes a democracy-muzzling Patriot Act. The Obama-supported State Secret Bill criminalizes investigative journalism and conflates terrorism with ‘imposing one’s opinions.’,globalpost.com,http://www.globalpost.com/dispatch/news/regions/asia-pacific/japan/131206/japan-s-parliament-democracy-muzzling-secrecy-law
2013-12-06,19:17:57,1s8ifq,2795,"Austrian Mayor Says That Journalists Who Report on Asylum-Seekers Should Be ""Hanged Like Jews""",jpost.com,http://www.jpost.com/Jewish-World/Jewish-News/Austrian-mayor-Journalists-should-be-hanged-like-Jews-334096
2013-12-06,00:35:14,1s63h6,2777,US will no longer report Guantanamo Hunger strikes,bigstory.ap.org,http://bigstory.ap.org/article/us-stops-disclosing-guantanamo-hunger-strike-tally
2013-12-06,15:59:50,1s8at7,2211,Al-Qaida massacres 52 at Yemen hospital,theprovince.com,http://www.theprovince.com/news/Qaida+massacres+Yemen+hospital/9253087/story.html
2013-12-06,15:43:46,1s8a2a,1138,New law allows same-sex couples in Australia to be married,abc.net.au,http://www.abc.net.au/news/2013-12-06/wa-mp-same-sex-marriage/5141190
2013-12-06,04:21:48,1s6o59,671,"Iceland to write €24,000 off every household mortgage",thejournal.ie,http://www.thejournal.ie/iceland-goes-against-international-concern-writes-off-debt-1203320-Dec2013/
2013-12-06,16:12:35,1s8bdg,587,Atheist advertising rejected in Vancouver,vancouversun.com,http://www.vancouversun.com/news/Atheist+advertising+rejected+Vancouver/9253274/story.html
2013-12-06,18:00:38,1s8fnh,556,"Upset over inaction by police, a 16-year-old gang-rape survivor allegedly consumed poison outside the office of the Superintendent of Police",m.timesofindia.com,http://m.timesofindia.com/city/kanpur/Gangrape-survivor-consumes-poison-outside-SPs-office/articleshow/26950374.cms
2013-12-06,20:30:20,1s8lgx,275,Microsoft brands governments a 'persistent threat' alongside malware and cyber attacks,independent.co.uk,http://www.independent.co.uk/life-style/gadgets-and-tech/microsoft-brands-governments-a-persistent-threat-alongside-malware-and-cyber-attacks-8986173.html
2013-12-06,03:18:11,1s6i73,274,TEPCO clean-up boss says Fukushima's radioactive water will be dumped into Pacific Ocean,abc.net.au,http://www.abc.net.au/news/2013-11-20/fukushima27s-contaminated-water-will-eventually-be-dumped-in-o/5104584
2013-12-06,21:58:30,1s8prz,242,Chinese moon rover enters lunar orbit,dawn.com,http://www.dawn.com/news/1060908/china-moon-rover-enters-lunar-orbit
2013-12-06,19:33:26,1s8j24,236,How the NSA Targets Italy,espresso.repubblica.it,http://espresso.repubblica.it/inchieste/2013/12/05/news/revealed-how-the-nsa-targets-italy-1.144428
2013-12-06,08:45:20,1s7e11,230,India: 14-year-old braveheart girl offers herself to kidnapper to save 10 kids in Assam,timesofindia.indiatimes.com,http://timesofindia.indiatimes.com/india/14-year-old-braveheart-girl-offers-herself-to-kidnapper-to-save-10-kids-in-Assam/articleshow/26924348.cms
2013-12-06,21:37:03,1s8olh,214,"Snowden to speak to European Parliament, delegate claims: US whistleblower Edward Snowden is to give video evidence to the European Parliament, a German assembly member claims. A parliamentary committee session will examine mass-surveillance by intelligence agencies.",dw.de,http://www.dw.de/snowden-to-speak-to-european-parliament-delegate-claims/a-17274669?maca=en-rss-en-all-1573-rdf
2013-12-06,20:23:12,1s8l5a,158,Data haul by Android Flashlight app 'deceives' millions,bbc.co.uk,http://www.bbc.co.uk/news/technology-25258621
2013-12-06,13:55:36,1s83ud,145,Someone's Been Siphoning Data Through a Huge Security Hole in the Internet | Threat Level,wired.com,http://www.wired.com/threatlevel/2013/12/bgp-hijacking-belarus-iceland/?cid=co15315354
2013-12-06,19:41:27,1s8jdu,129,First ever pictures from inside Australian refugee detention centre,theguardian.com,http://www.theguardian.com/world/gallery/2013/dec/06/nauru-gallery#/?picture=424290798&index=0
2013-12-06,15:26:15,1s8981,129,Iran Arrests 16 in New Crackdown on Internet Freedom,mashable.com,http://mashable.com/2013/12/05/iran-arrests-16-internet-freedom-activists/
2013-12-06,18:04:38,1s8ft7,99,East Timor seeks to scrap oil treaty with Australia in The Hague over spying allegations,theage.com.au,http://www.theage.com.au/federal-politics/political-news/east-timor-seeks-to-scrap-oil-treaty-with-australia-in-the-hague-over-spying-allegations-20131206-2yufv.html
2013-12-06,22:15:39,1s8qtd,85,"Beating bribery: An increasingly popular weapon in the fight against corruption: fake money ""..It can be a pointed way of shaming someone who asks for a bribe. That is the thinking behind zero-rupee notes, an Indian anti-corruption gimmick now attracting worldwide interest.""",economist.com,http://www.economist.com/news/international/21591198-increasingly-popular-weapon-fight-against-corruption-fake-money-small-change?fsrc=rss%7Cint
2013-12-06,02:54:18,1s6g0l,84,Russia's High Court Declares 'Gay Propaganda' Ban Constitutional,advocate.com,http://www.advocate.com/news/world-news/2013/12/04/russias-high-court-declares-gay-propaganda-ban-constitutional
2013-12-06,21:21:29,1s8nsq,80,Religious Intolerance on the rise: Indonesian Gov't Fails to Act as Two More Churches Sealed,thejakartaglobe.com,http://www.thejakartaglobe.com/news/govt-fails-to-act-as-two-more-churches-sealed/
2013-12-06,21:14:40,1s8ng7,73,UK to aid France in Central African Republic intervention by providing a C-17 aircraft,hosted.ap.org,http://hosted.ap.org/dynamic/stories/E/EU_BRITAIN_FRANCE_CENTRAL_AFRICAN_REPUBLIC?SITE=AP&SECTION=HOME&TEMPLATE=DEFAULT
2013-12-06,21:15:37,1s8ni3,61,Nelson Mandela Was On The U.S. Terrorist Watch List Until 2008,huffingtonpost.com,http://www.huffingtonpost.com/2013/12/05/nelson-mandela-terrorist_n_4394392.html
2013-12-06,01:15:40,1s673n,59,NSA spy scandal prompts China push to favor local tech vendors,computerworld.com,http://www.computerworld.com/s/article/9244515/NSA_spy_scandal_prompts_China_push_to_favor_local_tech_vendors
2013-12-06,22:22:03,1s8r7w,53,"Ukraine's President Viktor Yanukovych and Russia's Vladimir Putin hold surprise talks on ""strategic partnership""",bbc.co.uk,http://www.bbc.co.uk/news/world-europe-25267130
2013-12-06,04:54:07,1s6r8q,52,Microsoft likens government snooping to cyber attacks,theguardian.com,http://www.theguardian.com/technology/2013/dec/05/microsoft-likens-government-snooping-cyber-attacks
2013-12-06,00:52:56,1s6514,45,"The French abortion compromise. ""The American way of giving birth is a moral failure and a human rights disaster.""",america.aljazeera.com,http://america.aljazeera.com/opinions/2013/12/the-french-abortioncompromise.html
2013-12-06,03:39:40,1s6k4f,43,"Muslim extremists kill missionary, burn churches in Cameroon",worldwatchmonitor.org,http://www.worldwatchmonitor.org/2013/11/2858300/
