2013-12-11,02:45:36,1skdzu,3943,"Confirmed outbreak of Bubonic Plague in Madagascar, at least 20 dead so far.",bbc.co.uk,http://www.bbc.co.uk/news/world-africa-25324011
2013-12-11,08:39:59,1sle6y,3525,Uruguay legalizes the sale and production of marijuana,rt.com,http://rt.com/news/uruguay-legalizes-sale-marijuana-987/
2013-12-11,19:45:55,1smmzw,2560,Nelson Mandela memorial interpreter 'was a fake',telegraph.co.uk,http://www.telegraph.co.uk/news/worldnews/africaandindianocean/southafrica/10510455/Nelson-Mandela-memorial-interpreter-was-a-fake.html
2013-12-11,22:33:10,1smvj3,2541,"Australia: Victims of child sexual abuse walked out of a public hearing after the Catholic church's legal representative quoted the Bible in his opening address -- ""Let the little children come to me; do not stop them...""",theguardian.com,http://www.theguardian.com/world/2013/dec/09/child-abuse-protesters-walk-out
2013-12-11,20:45:07,1smplz,2319,Pope Francis is TIME’s Person of the Year for 2013,poy.time.com,http://poy.time.com/2013/12/11/pope-francis-the-choice/
2013-12-11,17:40:48,1smi0x,1379,Germany gets rid of tuition fees (Google translate),translate.google.com,http://translate.google.com/translate?js=n&sl=auto&tl=en&u=http://www.spiegel.de/unispiegel/studium/niedersachsen-schafft-die-studiengebuehren-zum-wintersemester-ab-a-938280.html
2013-12-11,23:15:14,1smyhs,1001,"World Health Organization Warns that Drug-Resistant Tuberculosis is ""Ticking Time Bomb"" - Other serious diseases like malaria & whooping cough are also growing resistant to antibiotics. Public health experts warn of an impending “antibiotic apocalypse”.",thinkprogress.org,http://thinkprogress.org/health/2013/12/11/3047551/world-health-drug-resistant/
2013-12-11,19:30:21,1smmbp,738,"Scientology is a religion, rules Supreme Court",telegraph.co.uk,http://www.telegraph.co.uk/news/religion/10510301/Scientology-is-a-religion-rules-Supreme-Court.html
2013-12-11,23:58:57,1sn218,699,"The Romanian parliament has exempted politicians and lawyers from corruption crimes, in a move contrary to agreements with the EU | The amendments, voted without parliamentary debate, now exclude the country's President, senators, members of the lower chamber, and lawyers, as ""public officials.""",euobserver.com,http://euobserver.com/justice/122424
2013-12-11,14:11:16,1sm7d8,497,Huge blow to LGBT rights in India: Indian Supreme Court declares gay sex illegal,firstpost.com,http://www.firstpost.com/fwire/fwire-india/huge-blow-to-lgbt-rights-sc-declares-gay-sex-illegal-1280973.html
2013-12-11,03:49:50,1skkn2,495,Domino's Pizza Chief Executive upset that no one in the UK is interested in being hired for substandard pay,bbc.co.uk,http://www.bbc.co.uk/news/uk-politics-25321113
2013-12-11,14:01:00,1sm6nt,421,"Most Western European Muslims are Islamic fundamentalists, study finds",oiomi.com,http://oiomi.com/most-western-european-muslims-are-islamic-fundamentalists-study-finds/
2013-12-11,20:10:32,1smo2f,384,Canada vows to protect Santa Claus from Russian troops in the Arctic,telegraph.co.uk,http://www.telegraph.co.uk/news/newstopics/howaboutthat/10509980/Canada-vows-to-protect-Santa-Claus-from-Russian-troops-in-the-Arctic.html
2013-12-11,22:40:31,1smw0g,377,Canada to stop home mail delivery.,cbc.ca,http://www.cbc.ca/news/canada/ottawa/canada-post-to-stop-urban-home-mail-delivery-1.2459618
2013-12-11,03:06:15,1skg1g,351,Uruguay's Marijuana Liberalization Up for Final Vote Tonight,panampost.com,http://panampost.com/mabel-velastegui/2013/12/10/uruguays-marijuana-liberalization-up-for-final-vote-tonight/
2013-12-11,22:42:47,1smw6b,326,"China bans dishes containing shark fins, bird nests and wild animal products in official reception dinners",news.xinhuanet.com,http://news.xinhuanet.com/english/china/2013-12/08/c_132951276.htm
2013-12-11,18:00:44,1smitx,312,Sweden cooperated with the United States in operations to hack into computers,thelocal.se,http://www.thelocal.se/20131211/sweden-aided-in-nsa-hacking-operations-report
2013-12-11,04:39:26,1skpp2,306,"5 Nobel prize winners have condemned the scale of state surveillance, warned that spy agencies must be curbed by a new international charter.",theguardian.com,http://www.theguardian.com/world/2013/dec/10/surveillance-theft-worlds-leading-authors
2013-12-11,15:39:09,1smcov,290,Underage worker dies after long hours in iPhone factory: Shanghaiist,shanghaiist.com,http://shanghaiist.com/2013/12/11/underage_worker_dies_after_working.php
2013-12-11,16:24:10,1smeuj,283,(Yonhap) N. Korea sells gold in sign of imminent economic collapse: source,english.yonhapnews.co.kr,http://english.yonhapnews.co.kr/news/2013/12/11/0200000000AEN20131211004100315.html
2013-12-11,10:24:17,1slo9r,218,NSA uses Google cookies to pinpoint targets for hacking,washingtonpost.com,http://www.washingtonpost.com/blogs/the-switch/wp/2013/12/10/nsa-uses-google-cookies-to-pinpoint-targets-for-hacking/
2013-12-11,04:19:15,1sknmr,204,Calls to boycott Israel grow on US campuses,aljazeera.com,http://www.aljazeera.com/indepth/features/2013/12/calls-boycott-israel-grow-us-campuses-201312817225482671.html
2013-12-11,06:24:34,1sl0my,168,Netanyahu skips Mandela memorial. Israelis say 'are you kidding?',csmonitor.com,http://www.csmonitor.com/World/Middle-East/2013/1210/Netanyahu-skips-Mandela-memorial.-Israelis-say-are-you-kidding
2013-12-11,20:13:07,1smo6a,162,The Women Who Sold Their Daughters Into Sex Slavery,cnn.com,http://www.cnn.com/interactive/2013/12/world/cambodia-child-sex-trade/index.html?hpt=hp_t1
2013-12-11,21:56:36,1smt75,157,Australian Government approves creation of one of the world's largest coal ports near the Great Barrier Reef World Heritage Area,abc.net.au,http://www.abc.net.au/news/2013-12-10/north-qld-coal-port-expansion-approved-with-strict-conditions/5147916
2013-12-11,07:05:59,1sl4y3,138,"A Japanese widow whose husband's death was ruled to be as a result of overwork, is campaigning for new laws to prevent people in Japan from working themselves to death.",bbc.co.uk,http://www.bbc.co.uk/news/blogs-news-from-elsewhere-25316103
2013-12-11,10:20:00,1slnur,131,Canadian Conservatives’ cyber-bullying bill—a pretext for expanding police surveillance,wsws.org,https://www.wsws.org/en/articles/2013/12/10/cana-d10.html
2013-12-11,23:00:39,1smxec,131,NSA tracks people using Google cookies,bbc.co.uk,http://www.bbc.co.uk/news/technology-25333663
2013-12-11,15:54:04,1smdg2,77,N. Korea sells gold in sign of imminent economic collapse: source,english.yonhapnews.co.kr,http://english.yonhapnews.co.kr/northkorea/2013/12/11/33/0401000000AEN20131211004100315F.html
2013-12-11,04:22:01,1sknwq,72,Ireland asks 6000 unemployed citizens to move away and take jobs somewhere else in the EU,pbs.org,http://www.pbs.org/newshour/rundown/2013/12/ireland-asks-unemployed-citizens-to-move-away.html
