2013-03-01,06:37:28,19faf5,3061,Manning statement: Americans had a right to know 'true cost of war',m.guardian.co.uk,http://m.guardian.co.uk/world/2013/feb/28/bradley-manning-trial-plea-statement
2013-03-01,19:26:27,19ghm5,2021,"Every year in China, 287,000 people end their lives by suicide",usa.chinadaily.com.cn,http://usa.chinadaily.com.cn/china/2013-02/27/content_16259673.htm
2013-03-01,00:03:50,19efz6,1964,"The 81-story skyscraper is all but invisible, shrouded by a layer of pollution so dense that even close-up objects are a blur.",washingtonpost.com,http://www.washingtonpost.com/blogs/worldviews/wp/2013/02/28/the-most-shocking-photo-of-beijing-air-pollution-ive-ever-seen/
2013-03-01,22:17:01,19gnzd,1895,Taco Bell finds traces of horse meat in U.K. products.,m.bbc.co.uk,http://m.bbc.co.uk/news/uk-21631961
2013-03-01,21:27:03,19glrn,1756,"China Building 29 Nuclear Reactors, 40% of the World's Total - After  Fukushima meltdown, Germany announced it'd decommission all nuclear plants. Switzerland & Italy rejected proposals to build more. Japan shut down  reactors & hasn't restarted them. China, on the other hand, plowed ahead.




  ",businessweek.com,http://www.businessweek.com/articles/2013-02-21/china-wants-nuclear-reactors-and-lots-of-them
2013-03-01,05:23:05,19f4ej,1665,"Iceland's porn ban 'conflicts with the idea of a free society', say critics | World news",guardian.co.uk,http://www.guardian.co.uk/world/2013/feb/28/iceland-porn-ban-free-society
2013-03-01,00:57:41,19ejv4,1312,Berlin Wall to be torn down for luxury flats,thelocal.de,http://www.thelocal.de/society/20130226-48197.html#.US-MQ1eNCSq
2013-03-01,18:28:27,19gfwb,1089,2 US Navy Sailors Convicted in Okinawa Rape,abcnews.go.com,http://abcnews.go.com/International/wireStory/us-navy-sailors-convicted-okinawa-rape-18625893
2013-03-01,21:31:49,19gly6,880,"Norwegian health minister supports making smoking heroin legalized, to make addicts quit using needles. ",translate.google.com,http://translate.google.com/translate?sl=no&tl=en&js=n&prev=_t&hl=en&ie=UTF-8&eotf=1&u=http%3A%2F%2Fwww.aftenposten.no%2Fnyheter%2Firiks%2FStore-vil-gjore-heroinroyking-lovlig-7134696.html
2013-03-01,21:40:06,19gma8,878,Here Come…China’s Drones - China is developing its own drone technology -- for its own military and for sale around the world.,thediplomat.com,http://thediplomat.com/2013/03/01/here-comes-chinas-drones/
2013-03-01,18:23:19,19gfqe,781,"""Five women and one man are suing the Met Police over alleged intimate relationships with undercover police, including cases where children have been fathered.""",independent.co.uk,http://www.independent.co.uk/news/uk/crime/women-tell-of-undercover-police-torment-8515915.html
2013-03-01,21:34:53,19gm3a,722,"In Kenya, Half Brother To Obama Runs For Governor",hosted.ap.org,http://hosted.ap.org/dynamic/stories/A/AF_KENYA_ELECTION_OBAMA_BROTHER?SITE=AP&SECTION=HOME&TEMPLATE=DEFAULT&CTIME=2013-03-01-08-09-19
2013-03-01,01:14:21,19el4e,380,Dennis Rodman tells Kim Jong Un he has a 'friend for life',latimes.com,"http://www.latimes.com/sports/sportsnow/la-sp-sn-dennis-rodman-kim-jong-un-20130228,0,4172424.story"
2013-03-01,01:05:52,19ekfo,353,"Publicly owned Royal Bank of Scotland admits 'chastening' year as losses breach £5bn, pays bonuses of £679m - all pretense is gone, this is blatant looting",guardian.co.uk,http://www.guardian.co.uk/business/2013/feb/28/rbs-losses-chastening-year-stephen-hester
2013-03-01,21:15:05,19glbe,325,"Delhi protest over 'sex attack' on seven-year-old girl -There have been violent protests in the Indian capital, Delhi, after reports that a seven-year-old girl was sexually assaulted at school.",bbc.co.uk,http://www.bbc.co.uk/news/world-asia-india-21626210#.UTCc147wczg.reddit
2013-03-01,08:15:24,19fhq8,194,Airline refuses to change woman's flights after her son was brutally killed by a Great White shark.,newstalkzb.co.nz,http://www.newstalkzb.co.nz/auckland/news/nbnat/1148258754-jetstar-apologises-to-shark-victim-s-mum?s=rt
2013-03-01,23:02:57,19gqgg,181,"""Iran's nose jobs per capita rate is seven times that of the United States.""",guardian.co.uk,http://www.guardian.co.uk/world/iran-blog/2013/mar/01/beauty-obsession-iran-cosmetic-surgery?CMP=twt_gu
2013-03-01,03:40:02,19ewd0,177,Benedict XVI Formally Ends His Papacy and Leaves Vatican,nytimes.com,http://www.nytimes.com/2013/03/01/world/europe/pope-benedict-xvi.html?emc=na
2013-03-01,03:10:09,19etzt,174,"French forces in Mali have killed Abu Zeid, leader of Al-Quaida in north africa (no link to an english article yet )",lemonde.fr,http://www.lemonde.fr/afrique/article/2013/02/28/un-chef-d-aqmi-a-ete-tue-par-l-armee-francaise-au-mali_1840892_3212.html
2013-03-01,12:08:37,19fyv4,166,US Wins Appeal in Battle to Extradite Kim Dotcom,abcnews.go.com,http://abcnews.go.com/Technology/wireStory/us-wins-appeal-battle-extradite-kim-dotcom-18625178
2013-03-01,20:35:53,19gjux,144,BBC News - Mount Etna erupts from 'new crater',bbc.co.uk,http://www.bbc.co.uk/news/world-europe-21626688
2013-03-01,06:48:32,19fbal,142," Iran has stepped up executions of prisoners including juveniles as well as arrests of dissidents who are often tortured in jail, sometimes to death, the United Nations reported on Thursday.",reuters.com,http://www.reuters.com/article/2013/02/28/iran-rights-un-idUSL6N0BSGP120130228
2013-03-01,02:26:57,19eqm7,123,First photos of Dennis Rodman and Kim Jong Un at a basketball game in Pyongyang.,vice.com,http://www.vice.com/read/north-korea-has-a-friend-in-dennis-rodman
2013-03-01,17:00:02,19gdbm,119,"Loss of wild pollinators serious threat to crop yields, study finds.",guardian.co.uk,http://www.guardian.co.uk/environment/2013/feb/28/wild-bees-pollinators-crop-yields
2013-03-01,21:21:52,19glkw,97,Euro Zone Unemployment Rises to Record: 11.9 percent,nytimes.com,http://www.nytimes.com/2013/03/02/business/global/euro-zone-unemployment-rose-to-new-record-in-february-as-inflation-eased.html
2013-03-01,18:40:58,19gg9i,80,"Egyptian Dancers Protest Islamist Rule: ""Our revolutionary struggle will continue and we will continue to be creative and sarcastic”",bloomberg.com,http://www.bloomberg.com/news/2013-03-01/harlem-shake-up-for-arab-spring-as-dancers-protest-islamist-rule.html
2013-03-01,23:10:01,19gqvb,72,"Ex-CIA chief: All nations spy. But what the Chinese are doing is industrial espionage, trade secrets, negotiating positions, stealing that kind of information on an unprecedented scale for Chinese economic advantage.",globalpublicsquare.blogs.cnn.com,http://globalpublicsquare.blogs.cnn.com/2013/02/27/hayden-chinese-cyber-theft-on-unprecedented-scale/
2013-03-01,16:11:15,19gbok,64,"Four men convicted of murdering 13 Chinese sailors on the Mekong River in the northern Thai province of Chiang Rai in 2011 will be executed in China Friday,",edition.cnn.com,http://edition.cnn.com/2013/03/01/world/asia/china-mekong-masscare-executions/index.html?hpt=hp_t1
2013-03-01,00:34:30,19ei6z,53,Series of explosions in Iraq kill 19,news.yahoo.com,http://news.yahoo.com/series-explosions-iraq-kill-19-161802985.html
2013-03-01,03:33:03,19evtc,50,Berlin Wall's most iconic paintings under threat from property developers ,guardian.co.uk,http://www.guardian.co.uk/world/2013/feb/27/berlin-wall-paintings-threatened-developers
