2013-05-16,22:59:11,1eg83s,3533,"Pope Francis has denounced the global financial system, blasting the ""cult of money"" that he says is tyrannizing the poor and turning humans into expendable consumer goods: ""Money has to serve, not to rule!""",timesofmalta.com,http://www.timesofmalta.com/articles/view/20130516/world/money-has-to-serve-not-to-rule-pope.469992
2013-05-16,02:36:43,1ee7kd,2600,KFC smugglers bring buckets of chicken through Gaza tunnels - Gazans with a hankering for the Colonel's secret recipe can call up a delivery company and get some finger lickin' food smuggled hot from Egypt in just three hours.,csmonitor.com,http://www.csmonitor.com/World/Middle-East/2013/0515/KFC-smugglers-bring-buckets-of-chicken-through-Gaza-tunnels?nav=87-frontpage-entryInsideMonitor
2013-05-16,20:50:56,1eg1rp,2258,"Australian Web filters, ostensibly put in place to block child pornography sites is now being used to block other sites deemed unlawful by Government Agencies.",delimiter.com.au,http://delimiter.com.au/2013/05/15/interpol-filter-scope-creep-asic-ordering-unilateral-website-blocks/
2013-05-16,05:21:30,1eeky6,1946,11 Governments Are Meeting in Peru to Figure Out How They Can Control the Internet,motherboard.vice.com,http://motherboard.vice.com/blog/11-governments-are-meeting-in-peru-to-figure-out-how-they-can-control-the-internet
2013-05-16,13:01:48,1efjif,1910,"Sharia law used in the United Arab Emirates to jail Australian woman after she was gang-raped -- Her drink was spiked. Three colleagues then raped her. Under Sharia law, four adult Muslim men need to witness rape, otherwise the woman is sent to prison for sex outside marriage.",freethinker.co.uk,http://freethinker.co.uk/2013/05/13/sharia-law-used-in-the-united-arab-emirates-to-jail-australian-woman-after-she-was-gang-raped/
2013-05-16,03:16:22,1eear2,1118,Czech pharmacies begin selling medical marijuana,thecompassionchronicles.com,http://www.thecompassionchronicles.com/2013/05/14/czech-pharmacies-begin-selling-medical-marijuana-the-raw-story/
2013-05-16,20:23:01,1eg0ru,843,A man has shot himself in front of a dozen children in the corridor of a nursery school in Paris.,bbc.co.uk,http://www.bbc.co.uk/news/world-europe-22551126#TWEET757758
2013-05-16,00:30:33,1edxz8,831,"The gap between rich and poor widened more in the three years to 2010 than in the previous 12 years, the OECD group of industrialised nations has said. It says the richest 10% of society in the 33 OECD countries received 9.5 times that of the poorest in terms of income, up from nine times in 2007.",bbc.co.uk,http://www.bbc.co.uk/news/business-22545210
2013-05-16,23:06:34,1eg8lq,801,"Teen uses metal detector, finds rare Viking-era coins and other items in a field in northern Denmark",bigstory.ap.org,http://bigstory.ap.org/article/danish-teenager-makes-rare-viking-find
2013-05-16,16:49:48,1efu44,455,WalMart and GAP refuse liability for workers in their sweatshops,m.democracynow.org,http://m.democracynow.org/headlines/2013/5/15/34477
2013-05-16,07:20:17,1eeusk,370,China lays claim to Okinawa as territory dispute with Japan escalates,guardian.co.uk,http://www.guardian.co.uk/world/2013/may/15/china-okinawa-dispute-japan-ryukyu
2013-05-16,18:10:17,1efwja,312,South Korea recognizes spousal rape as a crime for first time.,english.yonhapnews.co.kr,http://english.yonhapnews.co.kr/national/2013/05/16/3/0302000000AEN20130516003100315F.HTML
2013-05-16,23:46:10,1egbbr,287,"New Zealand Govt Wants To Spy On All Communications, VPNs, And Be Able To Use Secret Evidence Against You",techdirt.com,http://www.techdirt.com/articles/20130514/07513223080/kiwis-want-to-spy-all-communications-vpns-be-able-to-use-secret-evidence-against-you.shtml
2013-05-16,05:13:34,1eek9h,285,"Saudi religious police boss condemns Twitter users. 'Sheikh Abdul Latif Abdul Aziz al-Sheikh said anyone using social media sites - and especially Twitter - ""has lost this world and his afterlife""'",bbc.co.uk,http://www.bbc.co.uk/news/world-middle-east-22543252?
2013-05-16,21:47:33,1eg453,266,Israel starts process of authorising new West Bank settlement,bbc.co.uk,http://www.bbc.co.uk/news/world-middle-east-22553690
2013-05-16,11:23:47,1efcqx,239,Scientists Report First Success in Cloning Human Stem Cells,healthland.time.com,http://healthland.time.com/2013/05/15/first-success-in-using-human-egg-to-reprogram-cells-back-to-embryonic-state/
2013-05-16,20:52:38,1eg1tj,202,British prime minister threatens to prosecute oil bosses. Oil company executives should face criminal prosecution if they are found to have fixed the price of gas.,telegraph.co.uk,http://www.telegraph.co.uk/news/politics/david-cameron/10060615/Cameron-threat-to-prosecute-oil-bosses.html
2013-05-16,01:34:08,1ee2jc,200,"Israel Hints at New Strikes, Warning Syria Not to Retaliate",nytimes.com,http://www.nytimes.com/2013/05/16/world/middleeast/israeli-official-signals-possibility-of-more-syria-strikes.html?hp&_r=0
2013-05-16,05:41:41,1eemmx,190,Oldest water on earth discovered...,science.nbcnews.com,http://science.nbcnews.com/_news/2013/05/15/18278807-oldest-water-on-earth-found-deep-underground?lite
2013-05-16,08:46:06,1ef166,183,Some scientists contend laws against harvest of rhino horns has same effect as prohibition did for alcohol: it created a lucrative black market. Some scientists think creating a regulated market for farmed rhino horns may be the only path to prevent their extinction.,globalpost.com,http://www.globalpost.com/dispatch/news/regions/africa/south-africa/130322/rhino-trade-should-be-legalized-south-africa-enviro
2013-05-16,18:28:56,1efx38,181,Saudi princes fail to win sovereign immunity in UK court case,guardian.co.uk,http://www.guardian.co.uk/law/2013/may/16/saudi-princes-fail-sovereign-immunity
2013-05-16,23:30:19,1ega89,180,Australia to stock up on US drones,news.com.au,http://www.news.com.au/national-news/australia-to-stock-up-on-us-drones/story-fncynjr2-1226644838899
2013-05-16,20:09:25,1eg09z,148,Malaysian couple sentenced to 24 years in prison for fatally starving Cambodian housemaid,washingtonpost.com,http://www.washingtonpost.com/world/asia_pacific/malaysian-couple-sentenced-to-24-years-in-prison-for-fatally-starving-cambodian-housemaid/2013/05/16/910db6b2-be14-11e2-b537-ab47f0325f7c_story.html?
2013-05-16,13:34:45,1eflg3,122,"North Korea: Swiss Mission in the DMZ -- With a delegation marooned inside the no man's land between North and South Korea since 1953, Switzerland maintains fragile ties with the North.",pulitzercenter.org,http://pulitzercenter.org/reporting/DMZ-north-south-korea-switzerland-sweden-mission-neutral-business-trade-diplomacy
2013-05-16,00:09:03,1edwij,116,El Salvador gang truce leads to plummeting murder rates,guardian.co.uk,http://www.guardian.co.uk/world/2013/may/15/el-salvador-gang-truce
2013-05-16,21:54:11,1eg4hs,106,Venezuela to 'saturate the market' with 50 million rolls of imported toilet paper,edition.cnn.com,http://edition.cnn.com/2013/05/15/world/americas/venezuela-tp-shortage
2013-05-16,09:06:31,1ef2m7,105,What the picture in Afghanistan looks like 600 billion dollars later,vice.com,http://www.vice.com/vice-news/this-is-what-winning-looks-like-full-length
2013-05-16,13:07:44,1efjvc,104,40% Chance of a Major-severe Geomagnetic Storm in the next 42 hours,astronomyreport.com,http://www.astronomyreport.com/research/40_Chance_of_a_Major-severe_Geomagnetic_Storm_in_the_next_42_hours.asp
2013-05-16,13:17:53,1efkg6,102,WHO reports first patient-to-nurse spread of new SARS-like virus,reuters.com,http://www.reuters.com/article/2013/05/15/us-saudi-coronavirus-idUSBRE94E1CZ20130515
2013-05-16,05:15:46,1eekfy,100,Deadly wave of bombings across Iraq kills at least 33,bigstory.ap.org,http://bigstory.ap.org/article/bombings-kill-least-5-iraq
