2013-09-28,22:33:37,1nb6xo,2255,Drug Is Found to Eradicate HIV Permanently from Infected Cells,news.rutgers.edu,http://news.rutgers.edu/news-release/drug-found-eradicate-hiv-permanently-infected-cells/20130924#.UkbarX9lySr
2013-09-28,21:18:48,1nb3ue,1748,"Iranian President Hassan Rouhani returns to Tehran, and is greeted by 200-300 supporters offering thanks for his conciliatory overtures to the West, while about 60 hard-liners chanted 'Death to America' and hurled shoes and eggs at his convoy.",bbc.co.uk,http://www.bbc.co.uk/news/world-middle-east-24315372
2013-09-28,03:24:36,1n9ict,1269,"An international team of sniper hitmen have been caught, plotting to murder a DEA agent and others; reads like a Tom Clancy novel.",usnews.nbcnews.com,http://usnews.nbcnews.com/_news/2013/09/27/20721219-team-of-contract-killers-led-by-ex-soldier-rambo-busted-prosecutors-say?lite
2013-09-28,15:36:17,1nas6o,1174,Greek police arrest Golden Dawn Party leader and a party lawmaker,uk.reuters.com,http://uk.reuters.com/article/2013/09/28/uk-greece-goldendawn-idUKBRE98R02S20130928
2013-09-28,17:17:49,1naw2x,745,Al-Qaeda now controls more territory and can call on more fighters than at any time since bin Laden created the organization.,economist.com,http://www.economist.com/news/briefing/21586834-adaptable-and-resilient-al-qaeda-and-its-allies-keep-bouncing-back-unquenchable-fire
2013-09-28,22:42:19,1nb7da,673,Tunisia's Islamist Government Agrees To Step Down In Response To Mass Secular Protests,reuters.com,http://www.reuters.com/article/2013/09/28/tunisia-crisis-idUSL5N0HO09B20130928
2013-09-28,18:31:52,1nayf5,565,"In wake of gang rape, India sees rise of ‘women only’ taxis, buses and parks",washingtonpost.com,http://www.washingtonpost.com/world/asia_pacific/in-wake-of-gang-rape-india-sees-rise-of-women-only-taxis-buses-and-parks/2013/09/27/9552caac-25e6-11e3-b3e9-d97fb087acd6_story.html
2013-09-28,17:59:55,1naxfa,306,"Chinese police rescue 92 abducted children - Chinese police have rescued 92 abducted children and held 301 suspected members of a huge trafficking network, the authorities say.",bbc.co.uk,http://www.bbc.co.uk/news/world-asia-china-24313452
2013-09-28,15:00:25,1naqo2,248,"In the latest twist in a controversy that has divided Germans, a regional court has ruled that doctors need to discuss circumcision procedures with the child before they can be carried out.",spiegel.de,http://www.spiegel.de/international/germany/new-circumcision-ruling-requires-doctors-to-discuss-procedure-a-924984.html
2013-09-28,23:45:30,1nbaky,203,"2,700-year-old Persian artifact returned by U.S. to Iran",cnn.com,http://www.cnn.com/2013/09/28/world/meast/2700-year-old-persian-artifact-iran-cultural-diplomacy/index.html?sr=reddit
2013-09-28,12:27:24,1naijz,185,Record Label Picks Copyright Fight With The Wrong Guy,npr.org,http://www.npr.org/blogs/alltechconsidered/2013/09/27/226834651/record-label-picks-a-fight-over-copyright-with-the-wrong-guy?sc=fb&cc=fmp
2013-09-28,04:49:02,1n9pau,169,Obama Announces Historic Phone Call With Iranian President Rouhani,talkingpointsmemo.com,http://talkingpointsmemo.com/livewire/obama-announces-historic-phone-call-with-iranian-president-rouhani
2013-09-28,13:31:26,1nam49,113,Bolivian President Morales : Obama can invade any country for US energy needs,rt.com,http://rt.com/news/morales-interview-obama-un-442/
2013-09-28,00:59:24,1n96l6,72,Secret MI6 plot to help Col Gaddafi escape Libya revealed,telegraph.co.uk,http://www.telegraph.co.uk/news/uknews/defence/10339439/Secret-MI6-plot-to-help-Col-Gaddafi-escape-Libya-revealed.html
2013-09-28,08:33:56,1na5d9,59,Britain and the US have betrayed their troops' Iraqi and Afghan interpreters,theguardian.com,http://www.theguardian.com/commentisfree/2013/sep/27/afghan-interpreter-visas-janis-shinwari
2013-09-28,00:04:57,1n92fz,51,"“What you see on TV is nothing compared to what’s going on."" -- Syrian refugee",oregonlive.com,http://www.oregonlive.com/today/index.ssf/2013/09/syrian_refugees_new_arrivals_s.html
2013-09-28,08:20:40,1na4kd,52,Qatar World Cup 'Slaves' Dying At Shocking Rate (VIDEO),huffingtonpost.com,http://www.huffingtonpost.com/2013/09/26/qatar-world-cup-migrant-workers_n_3997250.html
2013-09-28,22:52:57,1nb7wr,46,"A Corporate Coup of a Different Order - The Growing Resistance to the TPP: '...to characterize the TPP as a trade deal is imprecise.. it has less to do with the exchange of goods than with altering regulations covering medicine, agriculture, finance, IP, and labor and environmental standards.'",towardfreedom.com,http://www.towardfreedom.com/home/globalism/3382-a-corporate-coup-of-a-different-order-the-growing-resistance-to-the-trans-pacific-partnership
2013-09-28,00:12:35,1n9328,48,"Tour de North Korea: In a rare event, Western cyclists race through the hermit kingdom.",globalpost.com,http://www.globalpost.com/dispatches/globalpost-blogs/today-north-korea/north-korea-bike-cycling-rajin
2013-09-28,00:45:10,1n95k2,35,"Buying Condoms in Pakistan Is Hard. Even though 80 percent of general stores in the country sells condoms, acquiring one (even for men) is shameful. ""How on earth could I possibly buy my own condoms? Women can't just walk into a store and buy them!""",vice.com,http://www.vice.com/read/dont-try-to-buy-condoms-in-pakistan
2013-09-28,08:22:41,1na4om,35,Elephants being hunted down and advertised by NBC,causes.com,https://www.causes.com/nbc-cancel-under-wild-skies?utm_source=causes&utm_medium=newsletter&utm_campaign=WE1048_2102
2013-09-28,21:30:54,1nb4bt,33,"""Hard-line protesters hurled eggs and a shoe at President Hassan Rouhani of Iran as he returned to Tehran on Saturday after supporters cheered him for reaching out to President Obama.""",nytimes.com,http://www.nytimes.com/2013/09/29/world/middleeast/clashes-as-iranian-president-returns-to-tehran.html?partner=rss&emc=rss&smid=tw-nytimes&_r=1&
2013-09-28,11:02:41,1nadud,34,"U.S., Iranian presidents have historic conversation,which was the first talk between the two countries' heads of state for more than 30 years, regarding the ongoing efforts to pursue a deal over Iran's nuclear program.",coo.tw,http://coo.tw/fV#us-iranian-presidents-conversation
2013-09-28,00:51:25,1n960f,26,"Cuba legalizes real-estate agents, 17 other independent professions.",ipolitics.ca,http://www.ipolitics.ca/2013/09/26/cuba-legalizes-real-estate-agents-17-other-independent-professions/
2013-09-28,05:14:57,1n9rdf,24,"Ominous Signs, Then a Cruel Attack: ""The Westgate mall, which is owned by Israelis, was a glitzy mecca for rich Kenyans and expats, a symbol of Kenya’s newfound decadence.""",nytimes.com,http://www.nytimes.com/2013/09/29/sunday-review/making-sense-of-kenyas-westgate-mall-massacre.html?smid=re-share
2013-09-28,03:43:11,1n9jug,23,"How hundreds of thousands of pet dogs are snatched in Thailand, smuggled into Vietnam, and eaten at Hanoi's top restaurants",theguardian.com,http://www.theguardian.com/world/2013/sep/27/eating-dog-vietnam-thailand-kate-hodal
2013-09-28,05:39:37,1n9tdf,23,China ends video game console ban with new Shanghai trade zone,pcworld.com,http://www.pcworld.com/article/2050140/china-ends-video-game-console-ban-with-new-shanghai-trade-zone.html
2013-09-28,14:58:53,1naqlb,23,"Seymour Hersh on death of Osama bin Laden: ‘It’s one big lie, not one word of it is true’",rawstory.com,http://www.rawstory.com/rs/2013/09/27/seymour-hersh-on-death-of-osama-bin-laden-its-one-big-lie-not-one-word-of-it-is-true/
2013-09-28,12:48:39,1najrh,22,The First Victim of Russia's Anti-Gay Law Is Dead,newrepublic.com,http://www.newrepublic.com/article/114904/alexey-davydov-russian-lgbt-activist-dies-moscow
2013-09-28,16:42:54,1nauua,20,The Tunisian government is investigating a young Tunisian man living in Europe who posted an online picture of himself stepping on a Quran and a video in which he throws the Muslim holy book into the garbage can,tunisia-live.net,http://www.tunisia-live.net/2013/09/27/government-investigating-tunisian-abroad-for-disrespecting-quran/?utm_source=feedly
