2013-09-21,23:22:07,1mu6ui,3509,"WikiLeaks released 249 documents from 92 global intelligence contractors. These reveal how, US, EU and developing world intelligence agencies have rushed into spending millions on next-generation mass surveillance technology to target communities, groups and whole populations.",wikileaks.org,http://wikileaks.org/spyfiles3p.html
2013-09-21,19:59:03,1mtz23,2356,North Korean coast guard opens fire on Russian vessel [xpost /r/NorthKoreaNews],en.rian.ru,http://en.rian.ru/russia/20130921/183627639/NKorean-Coast-Guard-Opens-Fire-on-Russian-Vessel--Report.html
2013-09-21,00:14:04,1ms4xp,2277,"WikiLeaks leaks ""The Fifth Estate"" script, says: ""Most of the events depicted never happened, or the people shown were not involved in them.""",arts.nationalpost.com,http://arts.nationalpost.com/2013/09/20/only-one-side-of-the-story-wikileaks-releases-the-fifth-estate-script-online-slams-film-for-biased-inaccurate-portrayal-of-julian-assange/
2013-09-21,21:54:11,1mu305,2231,Ecuador: US has seemingly denied visas to a delegation that was set to travel to the UN General Assembly in New York to present their case regarding an ongoing dispute against Chevron-Texaco.,rt.com,http://rt.com/news/ecuador-protests-denial-us-visas-162/
2013-09-21,18:06:45,1mtvyq,2136,"NASA declared the Deep Impact mission lost on Friday, after a computer glitch doomed the comet-smashing spacecraft.",news.nationalgeographic.com,http://news.nationalgeographic.com/news/2013/09/130920-deep-impact-ends-comet-mission-nasa-jpl/?utm_source=Facebook&utm_medium=Social&utm_content=link_fb20130921news-cometmisdea&utm_campaign=Content
2013-09-21,19:35:27,1mtydh,1861,Greece is moving to effectively outlaw the extreme-right Golden Dawn party by asking prosecutors to declare it a criminal organization...It presented prosecutors with a legal file that it says it acted as an organized gang—a felony under Greece's penal code—and declaring it a threat to public order,online.wsj.com,http://online.wsj.com/article/SB10001424127887323808204579086964287464066.html
2013-09-21,01:01:57,1ms8do,1623,"As crime rises, French rally behind jeweller who shot and killed armed robber",thenational.ae,http://www.thenational.ae/world/europe/as-crime-rises-french-rally-behind-jeweller-who-shot-dead-robber
2013-09-21,08:46:13,1mt5kl,786,Pope urges Catholic doctors to refuse abortions,theguardian.com,http://www.theguardian.com/world/2013/sep/20/pope-catholic-doctors-refuse-abortions
2013-09-21,03:50:04,1mskqb,694,Israel army roughs up EU envoys on West Bank aid trip for Palestinians,globalpost.com,http://www.globalpost.com/dispatch/news/afp/130920/israel-army-roughs-eu-envoys-west-bank-aid-trip
2013-09-21,22:54:11,1mu5j0,633,Gunmen attack Kenyan shopping centre leaving at least 15 people dead,gu.com,http://gu.com/p/3jxvm
2013-09-21,22:11:34,1mu3nz,570,"Beware Of Data Spying, Former NSA Official Warns Canadians: ""'Every democracy is going this way,' William Binney, a former technical director of the U.S. National Security Agency [NSA], said ahead of a planned trip to a civil-liberties conference in Toronto [Canada]""",theglobeandmail.com,http://www.theglobeandmail.com/technology/beware-of-data-spying-former-nsa-official-warns-canadians/article14430225/
2013-09-21,17:54:35,1mtvn5,499,"Syria declares its chemical weapons arsenal, first step in US-Russian deal",worldnews.nbcnews.com,http://worldnews.nbcnews.com/_news/2013/09/20/20599714-syria-declares-its-chemical-weapons-arsenal-first-step-in-us-russian-deal?lite
2013-09-21,14:50:14,1mtpfq,391,Yale Professor: Fukushima Unit 4 pool in perilous condition — “All of humanity will be threatened for thousands of years” if not able to be kept cool,enenews.com,http://enenews.com/yale-professor-fukushima-unit-4-pool-in-perilous-condition-all-of-humanity-will-be-threatened-for-thousands-of-years-if-not-able-to-be-kept-cool-danger-of-it-collapsing-in-storm-or-during-a
2013-09-21,11:34:02,1mtfi1,337,Diplomats from a number of European countries and the UN have reacted angrily after Israeli soldiers intervened to prevent them delivering aid to Bedouins in the West Bank,bbc.co.uk,http://www.bbc.co.uk/news/world-middle-east-24184105
2013-09-21,04:37:14,1mso71,316,Obama to nominate Goldman Sachs partner Bruce Heyman as new ambassador to Canada,ctvnews.ca,http://www.ctvnews.ca/politics/obama-to-nominate-goldman-sachs-partner-as-new-ambassador-to-canada-1.1462228
2013-09-21,08:28:34,1mt4f8,239,"In Spain, website owners can now get six years in prison for linking to copyrighted material",theverge.com,http://www.theverge.com/2013/9/20/4753398/in-spain-website-owners-can-now-get-six-years-in-prison-for-linking
2013-09-21,03:48:37,1mskma,219,White Muslim convert planned to steal bodyguard's gun and murder Prince Harry for having 'blood on his hands',telegraph.co.uk,http://www.telegraph.co.uk/news/uknews/prince-harry/10324354/White-Muslim-convert-planned-to-steal-bodyguards-gun-and-murder-Prince-Harry-for-having-blood-on-his-hands.html
2013-09-21,01:23:20,1ms9w3,205,Two UK universities ban ‘Blurred Lines’ for promoting rape culture,thinkprogress.org,http://thinkprogress.org/health/2013/09/20/2655171/universities-united-kingdom-blurred-lines/
2013-09-21,06:26:52,1mswcm,184,"""On Internet, Brazil is beating US at its own game"": an analysis of what Brazil is doing against NSA spying",america.aljazeera.com,http://america.aljazeera.com/articles/2013/9/20/brazil-internet-dilmarousseffnsa.html
2013-09-21,01:32:03,1msajz,165,Trafficking case against Saudi princess dismissed,bigstory.ap.org,http://bigstory.ap.org/article/saudi-princess-set-be-arraigned-trafficking
2013-09-21,23:37:39,1mu7oc,112,Anti-Euro Party Gaining Steam in Germany.,nytimes.com,http://www.nytimes.com/2013/09/21/world/europe/anti-euro-party-gaining-steam-in-germany.html?pagewanted=all&_r=0
2013-09-21,14:06:39,1mtnes,107,Why are so many Westerners homeless in Thailand?,independent.co.uk,http://www.independent.co.uk/news/uk/home-news/why-are-so-many-westerners-homeless-in-thailand-8830302.html
2013-09-21,05:29:23,1mss3s,88,Pope Francis sets out vision for more gay people and women in 'new' church,theguardian.com,http://www.theguardian.com/world/2013/sep/19/pope-francis-vision-new-catholic-church?CMP=ema_565&et_cid=49817&et_rid=7987732&Linkid=http%3a%2f%2fwww.theguardian.com%2fworld%2f2013%2fsep%2f19%2fpope-francis-vision-new-catholic-church
2013-09-21,23:29:43,1mu78a,71,"An Egyptian Islamist has attempted to set his fellow employee on fire after she angered him by programming a pro-army ringtone in her mobile phone, said police on Saturday.",gulfnews.com,http://gulfnews.com/news/region/egypt/man-tries-to-set-woman-on-fire-over-ringtone-1.1233756
2013-09-21,04:12:07,1msmd1,63,Israel's chemical arsenal under new scrutiny,m.aljazeera.com,http://m.aljazeera.com/story/2013918131913662278
2013-09-21,03:10:53,1mshuj,65,Suicides rise sharply in Greece: Current figures from the Greek statistics agency ELSTAT show a dramatic rise in suicide rates since the beginning of the economic crisis in 2008,wsws.org,http://www.wsws.org/en/articles/2013/09/20/suic-s20.html
2013-09-21,19:00:50,1mtxcs,58,"Four suicide bombers storm Iraqi police station, kill six SWAT officers",reuters.com,http://www.reuters.com/article/2013/09/21/us-iraq-violence-idUSBRE98J0B720130921
2013-09-21,03:51:01,1msksx,50,Dear Israeli Right: This Is What Anti-Semitism Means,thedailybeast.com,http://www.thedailybeast.com/articles/2013/09/20/dear-israeli-right-this-is-what-anti-semitism-means.html
2013-09-21,00:23:48,1ms5m4,51,"Canada Complicit in Undermining Internet Privacy: 'Canadian officials may have played a starring role in facilitating U.S. efforts to create a ""backdoor"" to widely used encryption standards.'",michaelgeist.ca,http://www.michaelgeist.ca/content/view/6955/135/
2013-09-21,17:44:29,1mtvd8,43,IAEA rejects Arab nuclear push on Israel,m.aljazeera.com,http://m.aljazeera.com/story/201392164847337937
