2013-05-31,11:52:24,1fdqcr,3402,Kim Dotcom Wins Case to Get Seized Material Back...,stuff.co.nz,http://www.stuff.co.nz/technology/8742230/Police-have-to-return-material-to-Dotcom
2013-05-31,18:26:19,1fe8jm,3009,"Police attacks peaceful protest trying to save a park in the heart of Istanbul, Turkey. Local media is being silenced.",stream.aljazeera.com,http://stream.aljazeera.com/story/201305302148-0022796
2013-05-31,02:01:42,1fchbl,2001,"Amelia Earhart's Plane Revealed in Sonar?: A grainy sonar image captured off an uninhabited tropical island in the southwestern Pacific republic of Kiribati might represent the remains of the Electra, the two-engine aircraft legendary aviator Amelia Earhart was piloting when she vanished on 7/2/1937",news.discovery.com,http://news.discovery.com/history/us-history/earhart-plane-revealed-in-sonar-130529.htm
2013-05-31,00:04:37,1fc8f8,1961,El Salvador court denies seriously ill woman abortion. Lawyers for the young woman argued that continuing the pregnancy would place her life at risk. The foetus itself is missing part or all of its brain.,bbc.co.uk,http://www.bbc.co.uk/news/world-latin-america-22712756?rss=1
2013-05-31,22:36:38,1fei7y,1888,South Korea follows Japan to ban all US wheat imports after unapproved Mansanto mutant strain found in Oregon,nytimes.com,http://www.nytimes.com/2013/06/01/business/global/japan-and-south-korea-bar-us-wheat-imports.html
2013-05-31,23:33:03,1felp3,1739,Former Mexican president (Vicente Fox) pushes for pot legalization,cnn.com,http://www.cnn.com/2013/05/30/us/washington-marijuana-fox/index.html
2013-05-31,03:00:30,1fclwe,1495,Japan cancels U.S. wheat order on GMO fear,marketwatch.com,http://www.marketwatch.com/story/japan-cancels-us-wheat-order-on-gmo-fear-report-2013-05-30?link=MW_latest_news
2013-05-31,05:05:59,1fcw0g,702,Nasa's Curiosity rover has confirmed what everyone has long suspected - that astronauts on a Mars mission would get a big dose of damaging radiation,bbc.co.uk,http://bbc.co.uk/news/science-environment-22718672
2013-05-31,01:47:59,1fcg73,403,Cardinal: Abortion is bigger sin than priest abuse,salon.com,http://www.salon.com/2013/05/28/cardinal_abortion_is_worse_scandal_than_priest_abuse/
2013-05-31,14:36:51,1fe06c,348,Cuba says inclusion on U.S. terrorist list 'shameful',reuters.com,http://www.reuters.com/article/2013/05/31/us-cuba-usa-terrorism-idUSBRE94U05020130531?feedType=RSS&feedName=worldNews
2013-05-31,00:35:37,1fcapm,335,"Editorial: Recreational drug control a world first: ""New Zealand could be the first legal, regulated market for recreational drugs thanks to the Psychoactive Substances Bill before Parliament.""",nzherald.co.nz,http://www.nzherald.co.nz/nz/news/article.cfm?c_id=1&objectid=10886564
2013-05-31,01:58:30,1fch1c,310,McCain denies knowingly posing with kidnappers,telegraph.co.uk,http://www.telegraph.co.uk/news/worldnews/middleeast/syria/10089697/John-McCain-denies-he-knowingly-posed-with-with-rebel-kidnappers-in-Syria.html
2013-05-31,02:09:15,1fchxc,274,U.S. Senator John McCain was photographed with a known affiliate of the rebel group responsible for the kidnapping of 11 Lebanese Shiite pilgrims (xpost /r/syriancivilwar),dailystar.com.lb,http://www.dailystar.com.lb/News/Middle-East/2013/May-30/218852-mccain-crosses-paths-with-rebel-kidnapper.ashx#axzz2UaPq7UWJ
2013-05-31,13:26:25,1fdwad,251,Giant Asteroid Zooming by Earth on Friday Has its Own Moon,en.rian.ru,http://en.rian.ru/science/20130531/181430294/Giant-Asteroid-Zooming-by-Earth-on-Friday-Has-its-Own-Moon.html
2013-05-31,02:40:30,1fckbp,242,Pakistan Rape cases: DNA tests not admissible as main evidence says Council of Islamic Ideology,tribune.com.pk,http://tribune.com.pk/story/556392/rape-cases-dna-tests-not-admissible-as-main-evidence-cii-front-page/
2013-05-31,09:18:49,1fdfkh,231,"The River Nile has been a source of life for millions over the centuries. Now Ethiopia is diverting water to build a giant dam, and those downstream who depend on the river, are left wondering when and whether this issue can be resolved peacefully.",aljazeera.com,http://www.aljazeera.com/programmes/insidestory/2013/05/201353081623734349.html
2013-05-31,13:52:02,1fdxvn,221,170 indigenous people ready to die to protect their land,amazonwatch.org,http://amazonwatch.org/news/2013/0529-urgent-we-will-die-we-will-not-leave-without-being-heard
2013-05-31,19:22:36,1fea7w,225,UK Government's child internet safety adviser wants default safety setting on Google Search to force users seeking hardcore porn sites to register,guardian.co.uk,http://www.guardian.co.uk/society/2013/may/31/google-block-child-abuse-images
2013-05-31,05:24:17,1fcxh9,209,NASA's Curiosity rover confirms a stream once ran through Gale Crater on Mars,bigstory.ap.org,http://bigstory.ap.org/article/rounded-pebbles-mars-reveal-past-flowing-water
2013-05-31,01:04:56,1fccw5,204,Sochi 2014 Winter Olympics a 'monstrous scam',bbc.co.uk,http://www.bbc.co.uk/news/world-europe-22720228
2013-05-31,19:27:10,1feadi,196,Fugitive CEO with Arrest Warrant – Shaileshkumar Famous for Scareware Software Programs,thenational.net,http://thenational.net/national-news/fugitive-ceo-with-arrest-warrant-shaileshkumar-famous-for-scareware-software-programs/
2013-05-31,02:26:27,1fcj86,150,Turkey finds sarin gas in homes of suspected Syrian Islamists,rt.com,http://rt.com/news/sarin-gas-turkey-al-nusra-021/
2013-05-31,17:05:56,1fe65h,147,"Novartis warns India over drug patent: Novartis has threatened to stop supplies of new medicines to India if the country’s top court refuses to grant a patent for Glivec, its cancer drug.",ft.com,http://www.ft.com/cms/s/0/c377e20a-99eb-11e2-83ca-00144feabdc0.html
2013-05-31,11:14:12,1fdnlz,142,The destruction of tropical rainforests is having an even greater impact on the environment than was previously thought,bbc.co.uk,http://bbc.co.uk/news/science-environment-22706402
2013-05-31,11:27:01,1fdoje,103,"Syrian forces kill three Westerners, including an American woman and a British citizen, who it claims were fighting with the rebels",edition.cnn.com,http://edition.cnn.com/2013/05/30/world/meast/syria-civil-war
2013-05-31,00:14:26,1fc93d,74,"When Germany legalized prostitution just over a decade ago, politicians hoped that it would create better conditions and more autonomy for sex workers. It hasn't worked out that way, though. Exploitation and human trafficking remain significant problems.",spiegel.de,http://spiegel.de/international/germany/a-902533.html
2013-05-31,23:12:30,1fekdt,78,British taxpayers to pay 'millions' towards secretive Bilderberg meeting security,telegraph.co.uk,http://www.telegraph.co.uk/news/politics/10089131/British-taxpayers-to-pay-millions-towards-secretive-Bilderberg-meeting-security.html
2013-05-31,15:54:32,1fe3kl,68,Police burns tents in the third day of 'Occupy Taksim Park' in Turkey,hurriyetdailynews.com,http://www.hurriyetdailynews.com/raid-on-occupy-taksim-park-demonstrators-triggers-outcry.aspx?pageID=238&nID=47870&NewsCatID=341
2013-05-31,19:54:51,1feb8s,58,Reinhart And Rogoff's Pro-Austerity Research Now Even More Thoroughly Debunked By Studies,huffingtonpost.com,http://www.huffingtonpost.com/2013/05/30/reinhart-rogoff-debunked_n_3361299.html
2013-05-31,04:38:53,1fcttf,53,"Turkey’s genuine Occupy movement. Happening right now in Gezi Parkı, Taksim, İstanbul #DirenGeziParkı",erkansaka.net,http://erkansaka.net/archives/22982
