2013-04-16,20:06:37,1cgdjp,3336,8.0 Earthquake strikes Iran,reuters.com,http://www.reuters.com/article/2013/04/16/us-iran-quake-idUSBRE93F0E120130416
2013-04-16,06:03:52,1cexp6,3265,31 People killed in Explosions in Iraq,bbc.co.uk,http://www.bbc.co.uk/news/world-middle-east-22149863
2013-04-16,04:54:55,1cerrp,3178,Boston Marathon explosions: dozens wounded as two blasts hit finish line,telegraph.co.uk,http://www.telegraph.co.uk/news/worldnews/northamerica/usa/9996332/Boston-Marathon-explosions-dozens-wounded-as-two-blasts-hit-finish-line.html
2013-04-16,06:18:33,1ceyx1,2790,"Boston Marathon explosions: two dead, 64 injured as 'bombs' hit race finish line",telegraph.co.uk,http://www.telegraph.co.uk/news/worldnews/northamerica/usa/9996332/Boston-Marathon-explosions-two-dead-64-injured-as-bombs-hit-race-finish-line.html
2013-04-16,08:32:34,1cf9wu,2425,"Black Monday in Iraq: 46 killed, almost 300 injured in series of attacks",rt.com,http://rt.com/news/iraq-election-attack-killed-876/
2013-04-16,17:30:39,1cg8ns,2390,"Sir Ian McKellen posts statement to remind all that Margaret Thatcher was in favor of and voted for Section 28, which was ""...designed to slander homosexuality, by prohibiting state schools from discussing positively gay people and our 'pretended family relations'"".",mckellen.com,http://www.mckellen.com/writings/tribute/130415-thatcher.htm
2013-04-16,06:48:13,1cf192,2094,"""And as we see the flags from the 50 countries participating in this event, still flying, we are reminded that this is not just a Boston or an American event, but a global event and a global tragedy"" -CNN",news.blogs.cnn.com,http://news.blogs.cnn.com/2013/04/15/explosions-near-finish-of-boston-marathon/?=
2013-04-16,20:12:17,1cgdqt,1614,New Zealand set to legalize gay marriage,japantoday.com,http://www.japantoday.com/category/world/view/new-zealand-set-to-legalize-gay-marriage
2013-04-16,14:27:31,1cg13i,1315,US Black Hawk crashes near North Korean border.,news.com.au,http://www.news.com.au/breaking-news/us-black-hawk-crashes-near-n-korean-border/story-e6frfku0-1226621766096
2013-04-16,23:40:35,1cgo06,1117,RE: recent events at /r/worldnews.,self.worldnews,https://www.reddit.com/r/worldnews/comments/1cgo06/re_recent_events_at_rworldnews/
2013-04-16,01:03:55,1ce8uh,877,Three teenagers who beat a homeless man to death following a dare have been sentenced.,news.sky.com,http://news.sky.com/story/1078432/teens-sentenced-for-murdering-homeless-man
2013-04-16,22:32:20,1cgjrk,807,Russia ready to help in investigation of Boston terror act - Kremlin,english.ruvr.ru,http://english.ruvr.ru/2013_04_16/Putin-condemns-Boston-terror-act-sends-condolecences-to-Obama/
2013-04-16,07:58:17,1cf70u,725,46 dead overnight in Iraq,news.com.au,http://www.news.com.au/world-news/iraq-bombings-kill-46-ahead-of-vote/story-fndir2ev-1226621188756
2013-04-16,19:57:09,1cgd9f,686,"Secretary-General of the United Nations, Ban Ki-Moon, openly declares support for LGBT equality.",un.org,http://www.un.org/apps/news/story.asp?NewsID=44660&Cr=discrimination&Cr1#.UW0tMLVTBqV
2013-04-16,11:16:10,1cfnai,628,Anonymous hackers bring down North Korean websites for a second time,bgr.com,http://bgr.com/2013/04/15/anonymous-north-korea-cyberwar-hacking-439274/
2013-04-16,07:47:08,1cf62h,544,"North Korea warns, they won't warn South Korea.",cnn.com,http://www.cnn.com/2013/04/15/world/asia/koreas-tensions/index.html
2013-04-16,10:54:56,1cflkf,508,"37 killed, more than 140 wounded in nearly 20 separate attacks across Iraq",nytimes.com,http://www.nytimes.com/2013/04/16/world/middleeast/attackers-strike-across-iraq-as-elections-approach.html?hp
2013-04-16,23:30:11,1cgnak,475,"A nonpartisan, independent review of interrogation and detention programs in the years after the Sept 11, 2001, terrorist attacks concludes that “it is indisputable that the United States engaged in the practice of torture” and that the nation’s highest officials bore ultimate responsibility for it.",nytimes.com,http://www.nytimes.com/2013/04/16/world/us-practiced-torture-after-9-11-nonpartisan-review-concludes.html?hp&_r=0
2013-04-16,21:10:35,1cgfx5,430,Boston Marathon explosions: Pakistan Taliban says it was not behind bombs,telegraph.co.uk,http://www.telegraph.co.uk/news/worldnews/northamerica/usa/9996871/Boston-Marathon-explosions-Pakistan-Taliban-says-it-was-not-behind-bombs.html
2013-04-16,07:47:19,1cf638,377,"Video of the Boston Marathon bombing, recorded by Steve Silva at the finishing line. (DISTURBING CONTENT)",liveleak.com,http://www.liveleak.com/view?i=a65_1366060955
2013-04-16,23:23:08,1cgmt5,337,"""President Barack Obama said in an interview broadcast Tuesday [16 April 2013] that North Korea likely does not have the ability to arm a ballistic missile with nuclear warheads. He also compared the Stalinist regime's recent belligerent rhetoric to a child's temper tantrum.""",news.yahoo.com,http://news.yahoo.com/blogs/ticket/obama-north-korea-t-put-nukes-ballistic-missile-133056723--politics.html
2013-04-16,17:35:09,1cg8sd,307,"4,500-year-old harbor structures and papyrus texts unearthed in Egypt. ""Archaeologists have stumbled upon what is thought to be the most ancient harbor ever found in Egypt, along with the country's oldest collection of papyrus documents, Egyptian authorities say.""",cosmiclog.nbcnews.com,http://cosmiclog.nbcnews.com/_news/2013/04/15/17767610-4500-year-old-harbor-structures-and-papyrus-texts-unearthed-in-egypt
2013-04-16,12:07:08,1cfrbi,305,Please don’t be a Muslim’: Boston marathon blasts draw condemnation and dread in Muslim world,m.washingtonpost.com,http://m.washingtonpost.com/blogs/worldviews/wp/2013/04/15/please-dont-be-a-muslim-boston-marathon-blasts-draw-condemnation-and-dread-in-muslim-world/
2013-04-16,20:22:05,1cge35,276,BBC News - Iran struck by magnitude 7.8 earthquake,bbc.co.uk,http://www.bbc.co.uk/news/world-middle-east-22168202
2013-04-16,13:30:26,1cfxkx,233,An Australian man has been killed and his girlfriend gang raped by a mob in Papua New Guinea's Western Highlands.,news.com.au,http://www.news.com.au/breaking-news/melbourne-man-shot-dead-girlfriend-raped-by-mob-in-png/story-e6frfkp9-1226621381443
2013-04-16,22:35:38,1cgjy4,194,"North Korea said Tuesday it would not agree to a ""humiliating"" dialogue with the United States and demands apology from South for 'hostile acts'.",heraldsun.com.au,http://www.heraldsun.com.au/news/world/north-korea-demands-apology-from-south-for-hostile-acts-celebrates-101st-birthday-of-kim-il-sung/story-fnd134gw-1226621841367
2013-04-16,08:48:07,1cfb4g,190,My high school music teacher is a hero after rescuing a kidnapping victim in France,cbc.ca,http://www.cbc.ca/news/canada/ottawa/story/2013/04/15/ottawa-man-rescues-kidnapped-girl-in-france.html
2013-04-16,12:47:46,1cfuj4,181,"What's going on with NPR.org? All links having to do with the Boston bombing go straight to ""syrian electronic army was here"" wtf?",npr.org,http://www.npr.org/blogs/thetwo-way/2013/04/15/177349725/syrian-electronic-army-was-here
2013-04-16,16:44:29,1cg75k,178,"Regulator surprised no bank bosses face charges over financial crisis ""benefit cheats who fiddle the system for a couple of hundred pounds are thrown into jail while those who seek to rig the financial system and receive hundreds of thousands of pounds as a result never seem to suffer the same fate""",guardian.co.uk,http://www.guardian.co.uk/business/2013/apr/16/regulator-surprised-no-bank-bosses-face-charges
2013-04-16,00:54:48,1ce86m,161,Israel arrests 14-year-old US citizen,aljazeera.com,http://www.aljazeera.com/indepth/features/2013/04/2013415102838772219.html#.UWwh6eKnEW0.reddit
