2013-09-26,02:36:19,1n47ri,3076,"Iran's new president: Yes, the Holocaust happened. Whatever criminality they committed against the Jews we condemn. The taking of human life is contemptible. It makes no difference whether that life is a Jewish life, Christian or Muslim.",amanpour.blogs.cnn.com,http://amanpour.blogs.cnn.com/2013/09/25/irans-new-president-yes-the-holocaust-happened/?hpt=hp_t1
2013-09-26,10:28:44,1n5at8,2735,A fossil unearthed in China is hailed by scientists as the most significant paleontological discovery in decades.,abc.net.au,http://www.abc.net.au/news/2013-09-26/fossil-discovery-links-gap-in-evolutionary-knowledge-of-fish/4981652
2013-09-26,01:52:32,1n4406,2513,"The Pope Says The World Worships A ""God Called Money""",businessinsider.com,http://www.businessinsider.com/the-pope-says-the-world-worships-a-god-called-money-2013-9
2013-09-26,20:42:30,1n65gt,2375,"Stunned mountaineer finds box of treasure containing jewels worth up to €330,000, buried in ice on glacier in Alps.",thelocal.fr,http://www.thelocal.fr/20130926/climber-finds-treasure-chest-on-mont-blanc-glacier
2013-09-26,20:14:16,1n647o,2355,"PressTV - Move the United Nations headquarters out of the United States, Bolivian president says",presstv.ir,http://www.presstv.ir/detail/2013/09/26/326045/move-un-out-of-us-morales-says/
2013-09-26,01:15:20,1n40xx,2316,Revealed: Qatar's World Cup 'slaves' - Abuse and exploitation of migrant workers preparing emirate for 2022 World Cup,theguardian.com,http://www.theguardian.com/world/2013/sep/25/revealed-qatars-world-cup-slaves
2013-09-26,05:51:19,1n4okh,2107,US puts pressure on India because of their cheap medicine that undercuts big pharma,doctorswithoutborders.org,http://www.doctorswithoutborders.org/press/release.cfm?id=7077&cat=press-release
2013-09-26,21:23:51,1n67db,1543,"NSA spied on Indian embassy and UN mission, Edward Snowden files reveal",theguardian.com,http://www.theguardian.com/world/2013/sep/25/nsa-surveillance-indian-embassy-un-mission
2013-09-26,21:23:23,1n67cd,1477,"Qatar World Cup construction 'will leave 4,000 migrant workers dead' ""Qatar's construction frenzy ahead of the 2022 World Cup is on course to cost the lives of at least 4,000 migrant workers before a ball is kicked, the International Trade Union Congress has claimed.""",theguardian.com,http://www.theguardian.com/global-development/2013/sep/26/qatar-world-cup-migrant-workers-dead
2013-09-26,07:23:57,1n4wcq,823,"NSA spying row: bugging friends is unacceptable, warn Germans.",theguardian.com,http://www.theguardian.com/world/2013/jul/01/nsa-spying-allegations-germany-us-france
2013-09-26,20:40:34,1n65da,734,"Atheism to be taught to Irish schoolchildren ""Up to 16,000 primary school pupils in non-denominational sector will get tuition in atheism, while the rest will be offered courses on the internet and on smartphone apps""",theguardian.com,http://www.theguardian.com/world/2013/sep/26/atheism-to-be-taught-irish-schoolchildren
2013-09-26,19:04:06,1n61mo,612,"62% of Scottish people now feel ""only Scottish"", with only 18% feeling ""Scottish and British""",bbc.co.uk,http://www.bbc.co.uk/news/uk-scotland-24282271
2013-09-26,23:01:58,1n6d7d,594,Nearly one worker is dieing each day at the construction sites of the Fifa world championship stadiums in Qatar,spiegel.de,http://www.spiegel.de/wirtschaft/soziales/katar-soll-gastarbeiter-fuer-wm-2022-wie-sklaven-halten-a-924692.html
2013-09-26,15:19:47,1n5tfw,496,Violent clashes in Greece as thousands march against fascism,france24.com,http://www.france24.com/en/20130926-clashes-erupt-thousands-greeks-march-against-fascism-fyssas-golden-dawn
2013-09-26,21:01:24,1n66b1,334,Human Rights Watch urges Israel to stop displacing Bedouins,globalpost.com,http://www.globalpost.com/dispatch/news/afp/130926/hrw-urges-israel-stop-displacing-bedouins
2013-09-26,19:45:27,1n6334,335,"US govt prevented drone strike victims from meeting with Congress, lawyer claims",rt.com,http://rt.com/usa/prevented-drone-strike-meeting-congress-363/
2013-09-26,21:08:32,1n66n6,265,Hornet Attacks Kill 18 in China - Over 100 people stung by swarms of insects in Angkang city in Shaanxi province. People warned to be vigilant if they go into the woods.,theguardian.com,http://www.theguardian.com/world/2013/sep/26/hornet-attacks-kill-18-china
2013-09-26,12:02:19,1n5hnk,244,"Zimbabwe poachers jailed 15 years for elephant poisoning. A Zimbabwe court on Wednesday sentenced three poachers to at least 15 years in prison each for poisoning and killing 81 elephants, state radio reported.",foxnews.com,http://www.foxnews.com/world/2013/09/25/zimbabwe-poachers-jailed-15-years-for-elephant-poisoning/
2013-09-26,00:22:06,1n3wmz,209,"""Roma people are like all EU citizens so they can live where they want,"" Europe warns France to stop kicking Roma out of the country",thelocal.fr,http://www.thelocal.fr/20130925/Brussels-France-valls-roma-evictions-human-rights
2013-09-26,07:15:45,1n4vo5,130,Bolivian President Plans To Sue The US For Diverting Presidential Planes,techdirt.com,http://www.techdirt.com/articles/20130924/02144324632/bolivian-president-plans-to-sue-us-diverting-presidential-planes.shtml
2013-09-26,22:54:30,1n6coy,123,"For the first time, the UN is allowing Palestinian Authority President Mahmoud Abbas to use the head-of-state chair",bloomberg.com,http://www.bloomberg.com/news/2013-09-26/un-to-let-palestinian-leader-use-heads-of-state-chair.html
2013-09-26,17:29:35,1n5ybd,123,Russia Says Sarin Gas in Aug. 21 Syria Attack was 'Homemade',en.rian.ru,http://en.rian.ru/russia/20130926/183740060/Russia-Says-Sarin-Gas-in-Aug-21-Syria-Attack-was-Homemade.html
2013-09-26,10:58:29,1n5d3m,113,Israel on sidelines as world rushes to embrace Iran's Rouhani,csmonitor.com,http://www.csmonitor.com/World/Security-Watch/2013/0925/Israel-on-sidelines-as-world-rushes-to-embrace-Iran-s-Rouhani-video
2013-09-26,21:20:44,1n677t,100,"A 14-year-old rape survivor was allegedly forced to strip at a police station in eastern Uttar Pradesh, India, apparently to prove that she was sexually assaulted.",huffingtonpost.com,http://www.huffingtonpost.com/2013/09/25/rape-victim-strip-police-station-india_n_3991277.html
2013-09-26,21:53:29,1n68wd,91,Human remains found on Costa Concordia,click2houston.com,http://www.click2houston.com/news/human-remains-found-on-costa-concordia/-/1735978/22130166/-/bjw0yqz/-/index.html?treets=hou&tml=hou_natlbreak&ts=T&tmi=hou_natlbreak_1_07490109262013
2013-09-26,20:53:57,1n65yi,87,A plane with $27 billions on board sits in the Moscow airport for 6 years. Origin of the money unknown,translate.google.ru,http://translate.google.ru/translate?sl=ru&tl=en&prev=_t&hl=ru&ie=UTF-8&u=http://top.rbc.ru/society/26/09/2013/879113.shtml
2013-09-26,18:58:24,1n61fm,76,"Casino poker cheat won thousands using infra-red contact lenses and invisible ink. Judge described scam as ""ingenious""",thelocal.fr,http://www.thelocal.fr/20130926/riviera-poker-cheat-caught-with-infra-red-contacts
2013-09-26,04:17:51,1n4gjk,70,"Woman in Sweden held for 16 days, raped, beaten, head shaved, by gypsy family",ekstrabladet.dk,http://ekstrabladet.dk/112/article2105938.ece
2013-09-26,21:26:06,1n67hk,63,Cutting the cord: Brazil’s bold plan to combat the NSA,theverge.com,http://www.theverge.com/2013/9/25/4769534/brazil-to-build-internet-cable-to-avoid-us-nsa-spying
2013-09-26,21:06:30,1n66jq,57,Iran tries to shine light on Israeli nukes,bostonherald.com,http://bostonherald.com/news_opinion/international/middle_east/2013/09/iran_tries_to_shine_light_on_israeli_nukes
