2013-09-05,15:48:22,1lrqx6,3888,"36 hours before the Australian election and in the middle of an advertising blackout, the party in the lead declares they will filter the internet by default.",zdnet.com,http://www.zdnet.com/au/australian-opposition-vows-to-implement-internet-filter-by-default-7000020270/
2013-09-05,18:55:21,1lrx92,3523,"'Jurassic Park' Emerges Out of Venezuela Oil - Finds include an armadillo the size of a Volkswagen, crocodile bigger than a bus, saber-toothed tiger, featherless chicken resembling an iguana, & 10 ft pelican. Paleontologists aim to find human fossils. ""We've have already found spearheads.""",phys.org,http://phys.org/news/2013-09-oil-emerges-venezuela-jurassic.html
2013-09-05,23:55:48,1lsc66,3170,"India: 6 year old rape victim has been ordered by a caste council to marry her rapist's 8 year old son. During the period of negotiation, the rapist raped the girl again.",timesofindia.indiatimes.com,http://timesofindia.indiatimes.com/city/jaipur/Six-year-old-rape-victim-ordered-to-wed-rapists-8-year-old-son/articleshow/22330723.cms?utm_source=facebook.com&utm_medium=referral
2013-09-05,07:13:29,1lqssb,2861,"Even with 8 times the fresh water of France, Venezuela can not supply clean drinking water because Santeria Witch Doctors keep dumping their sacrificial carcasses in the reservoirs.",bloomberg.com,http://www.bloomberg.com/news/2013-09-04/dead-dog-in-reservoir-helps-drive-venezuelans-to-bottled-water.html
2013-09-05,09:02:51,1lr105,2712,Swedish Reporter Asks Obama if Nobel Peace Prize Presents ‘Dilemma’ When Planning Syria Attack,mediaite.com,http://www.mediaite.com/tv/swedish-reporter-asks-obama-if-nobel-peace-prize-presents-dilemma-when-planning-syria-attack/
2013-09-05,19:39:38,1lryq8,2366,PayPal freezes funds of Mailpile - a secure mailing solution under development based in Iceland,mailpile.is,http://www.mailpile.is/blog/
2013-09-05,22:28:47,1ls6fd,2022,China joins Russia in opposing military strikes,theguardian.com,http://www.theguardian.com/world/2013/sep/05/syria-china-russia-opposing-military-strikes?CMP=twt_gu
2013-09-05,07:07:58,1lqsdb,1678,Reporter tries to cook egg with London's 'deathray' building — gives up when his hair starts to catch fire,news.nationalpost.com,http://news.nationalpost.com/2013/09/04/london-skyscrapers-deathray-reflection-is-melting-cars-burning-businesses-but-also-cooking-eggs/
2013-09-05,09:01:02,1lr0v6,1532,"Furious about a report that the U.S. government spied on her private communications, Brazilian President Dilma Rousseff may cancel a planned White House visit and downgrade commercial ties unless she receives a public apology",torontosun.com,http://www.torontosun.com/2013/09/04/snowden-leak-causes-rift-between-us-and-brazil
2013-09-05,21:06:33,1ls26p,968,Kerry portrait of Syria rebels at odds with intelligence reports,reuters.com,http://www.reuters.com/article/2013/09/05/us-syria-crisis-usa-rebels-idUSBRE98405L20130905
2013-09-05,20:49:04,1ls1e9,748,"Mexico City mulls legal marijuana 'clubs' -- The Mexico City council is considering the legalization of cannabis plants and the creation of private marijuana smoking ""clubs"" as it mulls controversial legislation to liberalize consumption",news.yahoo.com,http://news.yahoo.com/mexico-city-mulls-legal-marijuana-clubs-014411337.html
2013-09-05,07:10:50,1lqskt,563,Daughter furious after police Taser her 80-year-old mother,torontosun.com,http://www.torontosun.com/2013/09/04/tasered-seniors-daughter-refutes-police-account
2013-09-05,02:07:15,1lq45v,515,Russia releases key findings on chemical attack near Aleppo indicating similarity with rebel-made weapons,rt.com,http://rt.com/news/chemical-aleppo-findings-russia-417/
2013-09-05,11:04:57,1lra0e,404,Russian president signals he will take action if America strikes at Assad,theguardian.com,http://www.theguardian.com/world/2013/sep/04/obama-putin-syria-g20-summit
2013-09-05,21:57:17,1ls4nr,380,Syria rebels linked to al-Qaeda target Christian village,cbc.ca,http://www.cbc.ca/news/world/story/2013/09/05/wrd-syria-us-rebel-attack.html?cmp=rss
2013-09-05,22:20:51,1ls5yy,266,Proposed Russian Law Takes Children From Gay Parents,bilerico.com,http://www.bilerico.com/2013/09/proposed_russian_law_takes_children_from_gay_paren.php
2013-09-05,07:12:31,1lqspk,173,Syrian Rebels Attack Christian Village,chron.com,http://www.chron.com/news/world/article/Al-Qaida-linked-rebels-attack-village-in-Syria-4784986.php
2013-09-05,20:14:35,1lrzzs,166,"Pope Francis writes letter to President Putin of Russia ahead of G20 summit about Syria: ""I make a heartfelt appeal for them to help find ways to overcome the conflicting positions and to lay aside the futile pursuit of a military solution""",en.radiovaticana.va,http://en.radiovaticana.va/news/2013/09/05/pope_francis_writes_letter_to_president_putin_of_russia_ahead_of_g20/en1-725816
2013-09-05,08:19:58,1lqxr9,167,Russians send official request to meet with U.S. Congress – CNN Political Ticker,politicalticker.blogs.cnn.com,http://politicalticker.blogs.cnn.com/2013/09/04/russians-send-official-request-to-meet-with-u-s-congress/?on.cnn=1
2013-09-05,10:14:05,1lr689,145,"LSD may actually be good for you, says study",belfasttelegraph.co.uk,http://www.belfasttelegraph.co.uk/news/world-news/lsd-may-actually-be-good-for-you-says-study-29553726.html
2013-09-05,08:37:55,1lqz4r,128,"U.S. intelligence agencies did not detect the Syrian regime readying a massive chemical weapons attack in the days ahead of the strike, only piecing together what had happened after the fact, U.S. officials say.",hosted.ap.org,http://hosted.ap.org/dynamic/stories/U/US_UNITED_STATES_SYRIA_INTELLIGENCE?SITE=AP&SECTION=HOME&TEMPLATE=DEFAULT
2013-09-05,02:04:46,1lq3z6,122,Russia warns of catastrophe if Syrian reactor containing radioactive uranium was hit by U.S. strike,reuters.com,http://www.reuters.com/article/2013/09/04/us-syria-crisis-russia-nuclear-idUSBRE9830XK20130904
2013-09-05,07:07:34,1lqscb,114,US Defense Secretary Chuck Hagel said Wednesday that Russia was a supplier of chemical weapons to Syria,en.rian.ru,http://en.rian.ru/world/20130905/183170463/Hagel-Cites-Russia-as-Source-of-Syrian-Chemical-Weapons.html
2013-09-05,00:14:54,1lpvmc,87,"Ex-MI6 agent Harry Ferguson says “It’s my old organisation who are keeping him in there"" in regards to the last British inmate held in Guantanamo Bay despite charges dropped in 2007.",planetivy.net,http://planetivy.net/uknews/73004/planet_ivy_talks_to_hunger_striking_ex_mi6_spy_harry_ferguson/
2013-09-05,22:23:32,1ls64k,81,Pacific nations agree to cut bluefin tuna catches,rawstory.com,http://www.rawstory.com/rs/2013/09/05/pacific-nations-agree-to-cut-bluefin-tuna-catches/?utm_source=feedburner&utm_medium=feed&utm_campaign=Feed%3A+TheRawStory+%28The+Raw+Story%29&utm_content=Google+Feedfetcher
2013-09-05,16:12:13,1lrruo,69,"Australian millionaire takes aim at Rupert Murdoch, who has been running an aggressive campaign to influence this weekend's national election, accusing his wife of being a Chinese spy and saying ""It's time this fellow was brought to account, this foreigner who tries to dictate what we do.""",stuff.co.nz,http://www.stuff.co.nz/world/australia/9130313/Rupert-Murdochs-wife-is-a-Chinese-spy
2013-09-05,05:00:06,1lqhwk,71,"Doctors to restore sight to Chinese boy Bin Bin, whose eyes were gouged out by attacker, with electronic eyes",scmp.com,http://www.scmp.com/news/hong-kong/article/1302894/hope-boy-whose-eyes-were-gouged-out
2013-09-05,01:15:25,1lq087,65,Power cut leaves 70% of Venezuela without electricity,bbc.co.uk,http://www.bbc.co.uk/news/world-latin-america-23954514
2013-09-05,19:10:42,1lrxqs,66,"200 injured in 100 car pile-up in Kent, UK",theguardian.com,http://www.theguardian.com/world/2013/sep/05/shepney-bridge-crash-100-vehicle
2013-09-05,09:54:24,1lr4rw,61,"Asked about how much those countries would contribute, Kerry said Arab Countries have offered to pay for all of a full invasion of Syria.",washingtonpost.com,http://www.washingtonpost.com/blogs/post-politics-live/liveblog/the-houses-syria-hearing-live-updates/?z=1
