2013-08-21,07:43:46,1krk7e,7707,British PM David Cameron told a member of his cabinet to warn the Guardian newspaper of serious consequences of publishing Snowden material,belfasttelegraph.co.uk,http://www.belfasttelegraph.co.uk/news/local-national/uk/pm-told-heywood-to-warn-guardian-29514651.html
2013-08-21,12:55:20,1ks6x2,3664,"WikiLeaks: Govts attacks on media ‘signalling rise of fascism in UK, US'",rt.com,http://rt.com/op-edge/government-attacks-media-wikileaks-750/
2013-08-21,19:06:24,1ksnve,3570,"""Journalism is not Terrorism."" - Greenwald",edition.cnn.com,http://edition.cnn.com/video/data/2.0/video/bestoftv/2013/08/21/ac-greenwald-miranda-part-1.cnn.html
2013-08-21,22:48:40,1ksy01,3537,"'Let's tax the sun': Spain's new tax on solar panels has shocked international publications like Forbes for its ""stupidity"".",thelocal.es,http://www.thelocal.es/20130821/spanish-solar-law-hits-international-headlines
2013-08-21,13:32:12,1ks9g9,2760,David Miranda was forced to give the passwords for his cell phone and laptop to the police against the threat of prison.,bbc.co.uk,http://www.bbc.co.uk/news/uk-23776243
2013-08-21,02:26:23,1kqu5w,1291,UK defends Miranda detention: “Those who oppose (detentions) need to think about what they are condoning.”,washingtonpost.com,http://www.washingtonpost.com/world/national-security/united-kingdom-defends-detention-of-david-miranda-glenn-greenwalds-partner/2013/08/20/2c077142-09a8-11e3-b87c-476db8ac34cd_story.html?wprss=rss_national-security
2013-08-21,15:36:56,1ksg7f,1282,Reports of massive chemical attack near Damascus as UN observers arrive in Syria,rt.com,http://rt.com/news/syria-chemical-weapons-un-775/
2013-08-21,22:49:21,1ksy1l,1210,Argentina's Ambassador Calls David Cameron 'Dumb' And 'Completely Useless',huffingtonpost.co.uk,http://www.huffingtonpost.co.uk/2013/08/21/david-cameron-argentinian-dumb_n_3788924.html?utm_hp_ref=uk
2013-08-21,18:43:31,1ksn7i,1116,"Quebec wants to ban turbans, veils, kippas, from publicly funded spaces",thestar.com,http://www.thestar.com/news/canada/2013/08/20/pq_legislation_would_ban_religious_symbols_from_government_offices_schools_hospitals_paper_says.html
2013-08-21,10:40:56,1krx7f,914,"In the 21st century surveillance state, we are all terrorists -- Intimidating reporters, destroying their computers, detaining them under false pretenses -- it's all in a day's work for today's modern spy agency",itworld.com,http://www.itworld.com/it-management/369776/21st-century-surveillance-state-we-are-all-terrorists
2013-08-21,16:46:04,1ksj1i,800,GCSB Bill Passed (New Zealand domestic spying bill),twitter.com,https://twitter.com/KimDotcom/status/370089090068131840
2013-08-21,22:18:53,1kswab,682,Russia slams UK’s ‘double standards’ over Guardian pressure,rt.com,http://rt.com/news/russia-slams-uk-guardian-792/
2013-08-21,01:41:54,1kqqlj,555,David Cameron accused of sanctioning detention of Glenn Greenwald's partner David Miranda,telegraph.co.uk,http://www.telegraph.co.uk/news/worldnews/northamerica/usa/10254824/David-Cameron-accused-of-sanctioning-detention-of-Guardian-journalists-partner-David-Miranda.html
2013-08-21,19:36:09,1ksowx,486,"Australian University Newspaper has had to change its cover to a blank canvas, after the original cover depicted 18 realistic vaginas of the student population, trying to protest against the false depictions of female genitalia in the media. [Uncensored Cover inside]",smh.com.au,http://www.smh.com.au/nsw/sydney-uni-newspaper-taken-off-shelves-over-female-genitalia-cover-20130821-2sbcb.html
2013-08-21,10:26:23,1krw1l,453,"North Korean prison camp horror exposed at UN panel hearing. Harrowing accounts of how guards chopped off a man's finger, forced inmates to eat frogs and a mother to kill her own baby.",theage.com.au,http://www.theage.com.au/world/north-korean-prison-camp-horror-exposed-at-un-panel-hearing-20130821-2s9xk.html
2013-08-21,22:55:13,1ksyf5,356,North Korea Breaks Bad: Heavy Meth Use and Addiction,washingtonpost.com,http://www.washingtonpost.com/blogs/worldviews/wp/2013/08/21/how-north-korea-got-itself-hooked-on-meth/?hpid=z12
2013-08-21,02:32:42,1kqunu,342,Why the Guardian destroyed the hard drives of leaked files,theguardian.com,http://www.theguardian.com/world/2013/aug/20/nsa-snowden-files-drives-destroyed-london?CMP=twt_gu
2013-08-21,20:04:29,1kspvy,287,Black Helicopters: Britain's Blind Faith in Intelligence Agencies,spiegel.de,http://www.spiegel.de/international/world/the-cozy-relationship-between-britain-and-its-intelligence-apparatus-a-917689.html
2013-08-21,21:28:35,1kstj6,279,Cameron was behind UK attempt to halt Snowden reports,preview.reuters.com,http://preview.reuters.com/2013/8/21/cameron-was-behind-uk-attempt-to-halt-snowden-1
2013-08-21,11:34:04,1ks19k,221,Japan to raise severity rating for Fukushima leaks to level 3,reuters.com,http://www.reuters.com/article/2013/08/21/us-japan-fukushima-severity-idUSBRE97K02B20130821?feedType=RSS&feedName=topNews&utm_source=dlvr.it&utm_medium=twitter&dlvrit=992637
2013-08-21,14:41:09,1ksdg1,194,"In Russia, Five Men Film And Share Brutal Attack On Trans Woman In Broad Daylight",queerty.com,http://www.queerty.com/in-russia-five-men-film-and-share-brutal-attack-on-trans-woman-in-broad-daylight-20130820/
2013-08-21,14:21:10,1kscd8,178,Indian campaigner against mysticism and black magic assassinated after government announces an anti-superstition bill,bbc.co.uk,http://www.bbc.co.uk/news/world-asia-india-23776406
2013-08-21,05:06:31,1kr7op,175,Guardian: Willingly Destroyed Snowden Data instead of letting a Judge decide outcome in a year.,channel4.com,http://www.channel4.com/news/alan-rusbridger-guardian-david-miranda-edward-snowden
2013-08-21,22:30:35,1kswxx,155,"More than 60 churches have been attacked, vandalized and in many cases set aflame across Egypt in a surge of violence against Christians that has followed the bloody Aug. 14 raid by Egyptian security forces on two Muslim Brotherhood protest camps in Cairo.",washingtonpost.com,http://www.washingtonpost.com/world/middle_east/ravaged-churches-reveal-sectarian-split-feeding-egypts-violence/2013/08/20/59902866-09bc-11e3-9941-6711ed662e71_story.html?tid=rssfeed
2013-08-21,21:34:21,1kstts,119,"Tel Aviv is going ahead with a plan to install a monument to the gay community persecuted by the Nazis, memorializing thousands of homosexual men who were murdered in death camps.",timesofisrael.com,http://www.timesofisrael.com/tel-aviv-monument-ro-remember-homosexuals-persecuted-by-nazis/
2013-08-21,08:08:49,1krm4i,118,"Germany breaks monthly solar generation record, ~6.5 times more than US best -- ""In July, the country rose above 5.1 TWh of electricity from solar panel systems...that crushes the 0.764 TWh of electricity solar PV and solar thermal systems produced in the US in May 2013""",cleantechnica.com,http://cleantechnica.com/2013/08/19/germany-breaks-monthly-solar-generation-record/
2013-08-21,13:08:56,1ks7ux,119,"""Japan will dramatically raise its warning about the severity of a toxic water leak at the Fukushima nuclear plant... The deepening crisis at the Fukushima plant will be upgraded from a level 1 ""anomaly"" to a level three 'serious incident'.""",reuters.com,http://www.reuters.com/article/2013/08/21/us-japan-fukushima-severity-idUSBRE97K02B20130821
2013-08-21,21:44:25,1ksuc1,87,"650 dead in 'chemical' bombing near Damascus, Syrian opposition claims",timesofindia.indiatimes.com,http://timesofindia.indiatimes.com/world/middle-east/650-dead-in-chemical-bombing-near-Damascus-Syrian-opposition-claims/articleshow/21956290.cms?utm_source=stoptrakingus.com&utm_medium=referral
2013-08-21,09:06:52,1krq8z,59,"David Miranda's detention had no basis in law, says former lord chancellor",theguardian.com,http://www.theguardian.com/world/2013/aug/21/david-miranda-law-detention-heathrow
2013-08-21,09:21:55,1krrcb,62,"In Duncan, Ok, Three teens, 2 black 1 white, are charged with the murder of Chris Lane, an Australian baseball player going to college there, teens said they did it because ""they were bored"".",heraldsun.com.au,http://www.heraldsun.com.au/news/three-teens-charged-over-murder-of-melbourne-baseball-player-chris-lane/story-fni0fiyv-1226700172461
