2013-06-11,22:49:56,1g4c5a,3776,"NSA surveillance: The US is behaving like China ""Both governments think they are doing what is best for the state and people. But, as I know, such abuse of power can ruin lives"" By Ai Weiwei",guardian.co.uk,http://www.guardian.co.uk/commentisfree/2013/jun/11/nsa-surveillance-us-behaving-like-china
2013-06-11,09:27:45,1g31nk,3676,"European member of parliament on PRISM: “We really need to wake up. This is serious stuff. The government knowing everything, literally everything about us, and we are unable to exercise any meaningful democratic scrutiny? That is not a democracy.”",slate.com,http://www.slate.com/blogs/future_tense/2013/06/10/prism_fallout_european_legislators_furious_about_u_s_surveillance.html
2013-06-11,00:15:48,1g1r1y,2957,Germany most snooped EU country by US,euobserver.com,http://euobserver.com/justice/120431
2013-06-11,17:18:26,1g3y4k,2901,"Dutch intelligence has access to PRISM, reveals existence of moles in companies",translate.google.nl,http://translate.google.nl/translate?hl=nl&sl=nl&tl=en&u=http%3A%2F%2Fwww.nrc.nl%2Fnieuws%2F2013%2F06%2F11%2Faivd-heeft-ook-toegang-tot-informatie-uit-prism%2F
2013-06-11,03:43:18,1g27y4,2592,Astronaut Chris Hadfield announces resignation -,cbc.ca,http://www.cbc.ca/news/technology/story/2013/06/10/tech-hadfield-mission-recap.html?cmp=fbtl
2013-06-11,14:47:12,1g3qyt,2580,"Tony Blair: There is a problem within Islam and we have to put it on the table and be honest about it. It has at its heart a view of religion that is not compatible with pluralistic, liberal, open-minded societies.",project-syndicate.org,http://www.project-syndicate.org/commentary/lee-rigby-and-the-struggle-to-contain-violent-islamists-by-tony-blair
2013-06-11,19:27:21,1g42i7,1733,Turkey imprisons more journalists than any other country,cpj.org,http://cpj.org/imprisoned/2012.php
2013-06-11,21:56:09,1g48vf,1709,"TransCanada Whistleblower says Oil Industry ""organized crime""",huffingtonpost.com,http://www.huffingtonpost.com/2013/06/11/transcanada-whistleblower-pipeline_n_3415701.html
2013-06-11,02:41:52,1g22ph,1639,Chinese internet users call for an Edward Snowden of their own,qz.com,http://qz.com/92632/chinese-internet-users-edward-snowden-nsa-prism-surveillance/
2013-06-11,18:41:57,1g40z9,1622,"Chinese Internet users back Snowden, call on government to protect him",edition.cnn.com,http://edition.cnn.com/2013/06/11/world/asia/snowden-sina-weibo-support/index.html
2013-06-11,21:49:59,1g48ip,1565,Google chief wrote about 'terrifying' surveillance months before NSA leaks,blog.foreignpolicy.com,http://blog.foreignpolicy.com/posts/2013/06/11/google_chief_eric_schmidt_wrote_about_terrifying_surveillance_months_before_nsa_leaks
2013-06-11,17:47:15,1g3z5y,1165,Turkish riot police move into Taksim Square - live updates | World news,guardian.co.uk,http://www.guardian.co.uk/world/2013/jun/11/turkey-police-move-into-taksim-square?CMP=twt_gu
2013-06-11,04:03:31,1g29or,1053,NSA builds its largest data farm... Ever.,npr.org,http://www.npr.org/2013/06/10/190160772/amid-data-controversy-nsa-builds-its-biggest-data-farm?utm_source=NPR&utm_medium=facebook&utm_campaign=20130610
2013-06-11,02:58:36,1g243d,780,"Daniel Ellsberg: Edward Snowden, Saving Us From the United Stasi of America -- Snowden's whistleblowing gives us a chance to roll back what is tantamount to an 'executive coup' against the US constitution",alternet.org,http://www.alternet.org/nsa-ellsberg
2013-06-11,18:30:20,1g40m8,632,NSA Prism scandal: Russia ‘would consider Edward Snowden asylum claim’ – live coverage | World news,guardian.co.uk,http://www.guardian.co.uk/world/blog/2013/jun/11/nsa-prism-scandal-russia-would-consider-edward-snowden-asylum-claim-live-coverage
2013-06-11,19:05:11,1g41r0,453,"Allies concerned about privacy, want answers about US surveillance programs",worldnews.nbcnews.com,http://worldnews.nbcnews.com/_news/2013/06/11/18896544-allies-concerned-about-privacy-want-answers-about-us-surveillance-programs?lite?ocid=twitter
2013-06-11,21:23:29,1g4742,426,"German bank employee falls asleep on keyboard, transfers millions",uk.news.yahoo.com,http://uk.news.yahoo.com/german-bank-employee-naps-keyboard-transfers-millions-183625449.html#6c2WUzI
2013-06-11,23:10:26,1g4dh4,423,"Edward Snowden not safe in Hong Kong, warns human rights chief - Hong Kong authorities have co-operated with the CIA in the past to remove enemies of US, says Human Rights Watch director",guardian.co.uk,http://www.guardian.co.uk/world/2013/jun/11/edward-snowden-not-safe-hong-kong
2013-06-11,12:53:27,1g3iyy,393,Police gathering around Taksim square in Turkey. Interventions expected shortly.,radikal.com.tr,http://www.radikal.com.tr/turkiye/cevik_kuvvet_inonu_stadinin_onunde_konuslandi-1137112
2013-06-11,10:01:35,1g3494,351,"Russian congressman: ""It would be a very good idea to give Edward Snowden a political asylum"". ""We will certainly look into a political asylum for Snowden if he applies for one"" says Putin press-secretary.",kommersant.ru,http://kommersant.ru/doc/2209322
2013-06-11,03:26:53,1g26jk,350,"Merkel to Raise NSA Data-Gathering Program in Talks with Obama Next Week - ""It's good and necessary for the U.S. to rethink its anti-terror legislation."" says Justice Minister",online.wsj.com,http://online.wsj.com/article/BT-CO-20130610-702019.html#
2013-06-11,07:58:14,1g2ukz,296,Obama pressured by European leaders to explain NSA surveillance tactics - Information chiefs worldwide sound alarm while US senator Dianne Feinstein orders congressional review of NSA program,guardian.co.uk,http://www.guardian.co.uk/world/2013/jun/10/obama-pressured-explain-nsa-surveillance
2013-06-11,05:00:02,1g2ek3,281,Prince Harry saved gay soldier from homophobic attack,nypost.com,http://www.nypost.com/p/pagesix/prince_harry_saved_gay_soldier_from_GVmYN7YynRF4XrUDAb0nLJ
2013-06-11,00:16:30,1g1r44,234,IMF admits it failed to realize austerity's damage on Greek economy,upi.com,http://www.upi.com/Business_News/2013/06/06/IMF-admits-Greece-bailout-mistakes/UPI-23021370500200/
2013-06-11,01:49:41,1g1yde,219,Taliban Beheads Two Boys in Southern Afghanistan,news.yahoo.com,http://news.yahoo.com/taliban-beheads-two-boys-southern-afghanistan-150548483.html
2013-06-11,21:40:29,1g47zr,194,"A Chinese-manned spacecraft has blasted off with three astronauts on board for a 15-day mission to an experimental laboratory, the latest step towards the development of a space station.",guardian.co.uk,http://www.guardian.co.uk/world/2013/jun/11/chinese-spacecraft-shenzhou-10-gobi-desert
2013-06-11,13:48:44,1g3n8z,167,Turkish police have begun to invade square where the protests were taking place. Live TV,milliyet.tv,http://www.milliyet.tv/video-izle/Taksim-de-son-durum---CANLI-YAYINLIYORUZ--Y2SnxldpHyY1.html
2013-06-11,05:00:38,1g2elx,161,A Pakistani couple become the first Muslim lesbians to marry in what could be a milestone for LGBT communities in the developing world.,thediplomat.com,http://thediplomat.com/the-pulse/2013/06/10/pakistan-lesbian-couple-wed-in-uk/
2013-06-11,08:39:59,1g2xty,99,22 US nuclear bombs stored in Netherlands: former PM,presstv.ir,http://www.presstv.ir/detail/2013/06/10/308214/us-nuclear-bombs-stored-in-netherlands/
2013-06-11,22:55:50,1g4cio,95,X-rays resurrect 200-year-old lost aria,phys.org,http://phys.org/news/2013-06-x-rays-resurrect-year-old-lost-aria.html
