2013-10-18,13:09:16,1op17b,3348,Snowden: US would have buried NSA warnings forever. Whistleblower says he shared information with media because he could not trust internal reporting mechanisms,theguardian.com,http://www.theguardian.com/world/2013/oct/18/edward-snowden-us-would-have-buried-nsa-warnings-forever
2013-10-18,21:43:40,1oplys,2629,France rules mayors cannot refuse to marry gay couples,france24.com,http://www.france24.com/en/20131018-french-mayors-gay-marriage-opt-out-bid
2013-10-18,00:40:53,1onell,2623,Senior gay Dutch Diplomat (60) Tied down and beaten up in his Moscow home. LGBT written in lipstick on his mirror.,globalpost.com,http://www.globalpost.com/dispatch/news/afp/131016/senior-dutch-diplomat-beaten-russia-1
2013-10-18,06:35:41,1oo7xe,2475,"US to sell $10.8 bln in missiles, bombs to Saudis, UAE",news.yahoo.com,http://news.yahoo.com/us-sell-10-8-bln-missiles-bombs-saudis-161259594.html
2013-10-18,08:20:55,1ooghy,2144,Total of 11 car bombs and two suicide bombings killed 66 people in Iraq today,google.com,http://www.google.com/hostednews/afp/article/ALeqM5g-i4i74V8Tmd_g1wbfaYXjfrcm8A?docId=2e865ff1-945c-42a0-b69d-ca3d7624a3c4&hl=en
2013-10-18,14:58:23,1op6jp,2008,"Scientology's fraud conviction upheld in France... top appeals court has upheld a fraud conviction and fines totalling hundreds of thousands of euros against the Church of Scientology, for taking advantage of vulnerable followers",telegraph.co.uk,http://www.telegraph.co.uk/news/worldnews/europe/france/10384877/Scientologys-fraud-conviction-upheld-in-France.html
2013-10-18,21:25:03,1opl26,1758,Canada and Europe sign historic free trade deal,cbc.ca,http://www.cbc.ca/news/politics/canada-and-europe-sign-historic-trade-deal-1.2125122
2013-10-18,10:09:52,1ooool,1208,The NSA Revelations Are Destroying IBM Hardware Sales In China,businessinsider.com,http://www.businessinsider.com/nsa-revelations-kill-ibm-hardware-sales-in-china-2013-10
2013-10-18,23:16:40,1oprod,1176,"With UN Debit Cards, Syrian Refugees No Longer Depend on Food Rations:The UN World Food Programme will soon distribute Mastercard prepaid debit cards, each loaded with $27, to Syrian refugees in Lebanon so they can buy their own food and boost the local economy.",mashable.com,http://mashable.com/2013/10/16/syrian-refugee-ecards/
2013-10-18,20:52:51,1opjke,1066,"""I do own a driving license, that of my kingdom,"" - The self-proclaimed 'King of Germany' who has founded his own realm with 3,500 subjects has been sent to jail for using a fake driving license...from his own kingdom",thelocal.de,http://www.thelocal.de/national/20131018-52465.html
2013-10-18,00:06:56,1onbqh,729,"Kim Jong Un's Luxurious 'Seven-Star' Lifestyle Of Yachts, Booze And Food: North Korean dictator Kim Jong-un enjoys a “seven-star” lifestyle of yachts, parties and extravagant food, his friend Dennis Rodman has revealed.",huffingtonpost.com,http://www.huffingtonpost.com/2013/10/17/kim-jong-un-luxury-seven-star-lifestyle-north-korea_n_4113788.html
2013-10-18,22:13:15,1opnll,612,India arrests crew of US ship carrying weapons,bigstory.ap.org,http://bigstory.ap.org/article/india-arrests-crew-us-ship-carrying-weapons
2013-10-18,20:54:26,1opjmw,587,"New Kenya mall attack footage shows brutality, horror of assault",worldnews.nbcnews.com,http://worldnews.nbcnews.com/_news/2013/10/17/21011589-new-kenya-mall-attack-footage-shows-brutality-horror-of-assault?lite
2013-10-18,18:34:11,1opela,551,Women jailed for miscarrying in El Salvador,bbc.co.uk,http://www.bbc.co.uk/news/magazine-24532694
2013-10-18,23:31:11,1opslq,514,Cat Caught Carrying Marijuana Into Moldovan Prison,abcnews.go.com,http://abcnews.go.com/Weird/wireStory/cat-caught-carrying-marijuana-moldovan-prison-20610595
2013-10-18,18:12:21,1opduu,420,"Saudi Arabia gives up its status of non-permanent UNSC member less than 24 hours after being voted in, saying UN doesn't do anything for conflict resolution",itar-tass.com,http://www.itar-tass.com/en/c32/917260.html
2013-10-18,07:49:45,1oodzo,401,"Police in Riot Gear Tear-Gas and Shoot First Nations Coalition Protesting Hydraulic Fracturing in New Brunswick, Canada. 30+ Arrested.",indiancountrytodaymedianetwork.com,http://indiancountrytodaymedianetwork.com/2013/10/17/police-riot-gear-tear-gas-and-shoot-mikmaq-protesting-gas-exploration-new-brunswick
2013-10-18,07:31:18,1ooci4,361,Snowden Says He Took No Secret Files to Russia,nytimes.com,http://www.nytimes.com/2013/10/18/world/snowden-says-he-took-no-secret-files-to-russia.html?_r=1&adxnnl=1&smid=tw-bna&adxnnlx=1382048979-79cSsi5KDLaPNSgLG99UhQ
2013-10-18,20:46:17,1opjat,324,"Dutch Telcos Used Customer Metadata, Retained To Fight Terrorism, For Everyday Marketing Purposes",techdirt.com,http://www.techdirt.com/articles/20131017/08120824913/dutch-telecoms-companies-used-highly-personal-user-data-retained-to-fight-terrorism-serious-crimes-everyday-marketing-purposes.shtml
2013-10-18,06:06:42,1oo5l6,311,"Five police cruisers torched, 40 protesters arrested as native anti-fracking rally. (social search of the area)",app.echosec.net,https://app.echosec.net/?hashtag=Elsipogtog%20%23Rexton
2013-10-18,21:29:01,1opl8s,210,"Saudi Arabia on Friday rejected its freshly-acquired seat on the U.N. Security Council, saying the 15-member body is incapable of resolving world conflicts such as the Syrian civil war.",hosted.ap.org,http://hosted.ap.org/dynamic/stories/M/ML_SAUDI_UN?SITE=AP&SECTION=HOME&TEMPLATE=DEFAULT
2013-10-18,03:00:07,1onps7,205,Dolphins butchered for shark bait in illegal hunt off the coast of Peru,itv.com,http://www.itv.com/news/2013-10-17/dolphins-butchered-for-shark-bait-in-illegal-hunt-off-the-coast-of-peru/
2013-10-18,07:14:15,1oob2h,179,"Five police cruisers torched, 40 protesters arrested as native anti-fracking rally turns violent",news.nationalpost.com,http://news.nationalpost.com/2013/10/17/new-brunswick-shale-gas-protesters-pepper-sprayed-police-cars-reportedly-set-on-fire/
2013-10-18,01:09:34,1ongsh,180,Game changer: Swiss banks ditch secrecy,rt.com,http://rt.com/business/game-changer-swiss-banking-secrecy-254/
2013-10-18,23:44:53,1optke,181,"Dutch bankers know people hate their pay packages, so they’re giving up bonuses",qz.com,http://qz.com/137128/dutch-bankers-know-people-hate-their-pay-packages-so-theyre-giving-up-bonuses/
2013-10-18,11:26:17,1oouai,140,"Did North Korea really kill off 20,000 political prisoners? -- As the United Nations investigates, American minister Robert Park alleges that thousands of missing inmates have been murdered.",globalpost.com,http://www.globalpost.com/dispatch/news/regions/asia-pacific/north-korea/131015/did-north-korea-really-kill-20000-political-pr
2013-10-18,01:16:09,1onha3,140,RCMP move in on First Nation protesting shale-gas development,theglobeandmail.com,http://www.theglobeandmail.com/news/national/rcmp-move-in-on-first-nation-protesting-shale-gas-development/article14904344/
2013-10-18,13:02:06,1op0pf,120,"Apartments of Russian diplomats in the Netherlands are broken into, only a few days after an invasion into the home of a Dutch diplomat in Moscow. Earlier, a Russian diplomat in the Hague was arrested for alleged child beating. 2013 is the Year of Russia - Netherlands friendship.",itar-tass.com,http://www.itar-tass.com/en/c32/916858.html
2013-10-18,04:40:43,1ony7q,113,Rebel snipers killed a top-ranking general in Syrian military intelligence,reuters.com,http://www.reuters.com/article/2013/10/17/us-syria-crisis-general-idUSBRE99G15G20131017
2013-10-18,09:56:19,1oonn2,97,There are 30 million slaves in the world today,washingtonpost.com,http://www.washingtonpost.com/blogs/worldviews/wp/2013/10/17/this-map-shows-where-the-worlds-30-million-slaves-live-there-are-60000-in-the-u-s/?tid=pm_pop
