2013-12-27,06:30:40,1trk0k,2700,"Edward Snowden did the world a favour by revealing the scale of surveillance by governments, according to the inventor of the internet. Sir Tim Berners-Lee said he believed Snowden had ""done us all a favour"".",belfasttelegraph.co.uk,http://www.belfasttelegraph.co.uk/news/local-national/uk/internet-founder-hails-snowden-29867759.html
2013-12-27,22:37:42,1tt39f,1555,47% of Indian Graduates of 2013 Unemployable for Any Job: Study,newindianexpress.com,http://www.newindianexpress.com/business/news/47-of-Graduates-of-2013-Unemployable-for-Any-Job-Study/2013/12/26/article1966550.ece
2013-12-27,22:51:41,1tt41t,908,Swedish develop self-cleaning dishware,voiceofrussia.com,http://voiceofrussia.com/2013_12_27/Swedish-develop-self-cleaning-dishware-6609/
2013-12-27,16:06:17,1tso28,814,"Strong explosion shakes Lebanese capital, black smoke billowing from central Beirut",bigstory.ap.org,http://bigstory.ap.org/article/strong-explosion-shakes-lebanese-capital-black-smoke-billowing-central-beirut
2013-12-27,23:11:05,1tt57h,668,Former Stasi officers still employed at archives of East Germany's secret police | German president blamed as archive admits victims seeking access to files might still have to deal with former Stasi agents,theguardian.com,http://www.theguardian.com/world/2013/dec/27/stasi-officers-still-employed-east-german-secret-police-archives
2013-12-27,11:26:19,1ts63a,651,"Woman raped, dumped, abducted again and gang-raped in Karaikal - The Times of India",timesofindia.indiatimes.com,http://timesofindia.indiatimes.com/city/puducherry/Woman-raped-dumped-abducted-again-and-gang-raped-in-Karaikal/articleshow/27988890.cms
2013-12-27,21:10:36,1tszak,627,India Has Begun Retaliating For US Arrest And Strip Search Of Diplomat,businessinsider.com,http://www.businessinsider.com/us-strip-search-of-indian-diplomat-2013-12
2013-12-27,04:45:22,1trbit,354,Uruguay: Marijuana Becomes Legal,nytimes.com,http://www.nytimes.com/2013/12/25/world/americas/uruguay-marijuana-becomes-legal.html?_r=1&
2013-12-27,21:59:41,1tt1eg,334,U.S. base on Japan's Okinawa allowed to move after 17-year deadlock,cnn.com,http://www.cnn.com/2013/12/27/world/asia/japan-controversial-u-s-airbase/
2013-12-27,22:03:24,1tt1kx,274,Bahrain court acquits princess on trial for torturing doctors,dailystar.com.lb,http://www.dailystar.com.lb/News/Middle-East/2013/Dec-27/242419-bahrain-court-acquits-princess-on-trial-for-torturing-doctors.ashx#axzz2oadSFADQ
2013-12-27,22:17:48,1tt28y,207,Turkey military says will not get involved in political crisis,en.starafrica.com,http://en.starafrica.com/news/turkey-military-says-will-not-get-involved-in-political-crisis.html
2013-12-27,16:41:26,1tspo5,197,Large explosion rocks downtown Beirut killing a former minister along with four others.,dailystar.com.lb,http://www.dailystar.com.lb/News/Lebanon-News/2013/Dec-27/242401-large-explosion-rocks-beirut.ashx
2013-12-27,15:37:24,1tsmns,184,"Torrent temptation: EU Parliament, Vatican, Hollywood download pirated content",rt.com,http://rt.com/news/online-piracy-european-parliament-846/
2013-12-27,20:43:36,1tsy8q,183,Three NATO personnel killed in Kabul suicide car bomb: NATO,news.yahoo.com,http://news.yahoo.com/three-nato-personnel-killed-kabul-suicide-car-bomb-113859442.html
2013-12-27,01:59:17,1tqyc4,151,Russia says Arafat was not poisoned and died of natural causes: French and Russian teams have found no evidence of radiation poisoning,bbc.co.uk,http://www.bbc.co.uk/news/world-middle-east-25518813
2013-12-27,05:36:19,1trfot,144,"Turkish prime minister loses aura of invincibility: ""The revelations were a shock for a government accustomed to getting its way.""",ft.com,http://www.ft.com/intl/cms/s/0/c2f7a5a2-6e4f-11e3-ac2a-00144feabdc0.html#axzz2ocONRxt2
2013-12-27,11:48:13,1ts7pj,141,French unemployment rises to 3.29m,theguardian.com,http://www.theguardian.com/world/2013/dec/26/french-unemployment-rises-francois-hollande
2013-12-27,00:22:47,1tqr8x,138,Stanford researcher proves NSA can probably identify individuals from phone records,techcrunch.com,http://techcrunch.com/2013/12/25/stanford-researcher-proves-nsa-can-probably-identify-individuals-from-phone-records/
2013-12-27,16:35:47,1tspff,118,Dozens killed in a car bomb explosion in Downtown Beirut; Lebanon's Former Minister of Finance Mohammad Shatah Assassinated,dailystar.com.lb,http://www.dailystar.com.lb/News/Lebanon-News/2013/Dec-27/242403-casualties-in-downtown-beirut-car-bomb.ashx#axzz2of6cpsVE
2013-12-27,06:48:31,1trlf4,97,"Turkey’s legal morass thickened after a prosecutor said Prime Minister Recep Tayyip Erdogan’s government is obstructing a graft probe by preventing detentions, disobeying court orders and allowing suspects to flee. The lira extended losses after his comments.",businessweek.com,http://businessweek.com/news/2013-12-26/turkey-prosecutor-says-probe-obstruction-threatens-rule-of-law
2013-12-27,12:14:55,1ts9ml,82,Angolan soldiers 'rape' 950 DRC refugees,africareview.com,http://www.africareview.com/News/Angolan-soldiers-rape-DRC-refugees/-/979180/2125846/-/g19qbq/-/index.html
2013-12-27,12:00:29,1ts8kf,66,"Students in Nepal protest what they believe is a ""manufactured shortage"" on cooking fuel",ekantipur.com,http://www.ekantipur.com/2013/12/25/national/students-launch-stir-against-lp-gas-shortage-in-far-west/382875.html
2013-12-27,19:21:30,1tsva4,62,Python kills Bali security guard outside five-star hotel. Ambar Arianto Mulyo strangled to death while trying to capture snake near Bali Hyatt hotel on Indonesian island.,theguardian.com,http://www.theguardian.com/world/2013/dec/27/python-kills-bali-security-guard-indonesia-hotel-snake
2013-12-27,03:22:05,1tr4tn,65,Turkish corruption scandal: prosecutor accuses police of obstructing case,theguardian.com,http://www.theguardian.com/world/2013/dec/26/turkish-corruption-prosecutor
2013-12-27,04:18:46,1tr9f5,61,Protesting Turkish prosecutor piles pressure on PM,uk.reuters.com,http://uk.reuters.com/article/2013/12/26/uk-turkey-corruption-idUKBRE9BN0LK20131226
2013-12-27,05:56:39,1trhdl,49,"Mao Zedong made 'mistakes', says Chinese president",hindustantimes.com,http://www.hindustantimes.com/world-news/mao-zedong-made-mistakes-says-chinese-president/article1-1166626.aspx
2013-12-27,23:39:31,1tt73d,43,Report: CIA helped Colombia kill rebel leaders,washingtonpost.com,http://www.washingtonpost.com/politics/report-cia-helps-colombia-kill-rebel-leaders/2013/12/21/4d9b201e-6ac5-11e3-997b-9213b17dac97_story.html
2013-12-27,07:41:14,1trpfw,43,United Nations human rights experts told the United States and Yemen on Thursday to say whether they were complicit in drone attacks that mistakenly killed civilians in wedding processions this month.,reuters.com,http://www.reuters.com/article/2013/12/26/us-yemen-strike-un-idUSBRE9BP0EV20131226?feedType=RSS&feedName=topNews
2013-12-27,08:20:45,1trsgj,41,Al Qaeda suspects flee after Turkish gov't blocks raid,todayszaman.com,http://www.todayszaman.com/newsDetail_getNewsById.action?newsId=335038
2013-12-27,05:19:17,1trebr,38,"Mass grave found in Central African Republic, one day after peacekeepers killed",theglobeandmail.com,http://www.theglobeandmail.com/news/world/mass-grave-found-in-central-african-republic-one-day-after-peacekeepers-killed/article16107002/
