2013-10-13,20:40:56,1ocll3,2680,"Shutdown: US 'Days' from Causing Worldwide Economic Disaster, says World Bank - ”If this comes to pass, it could be a disastrous event for the developing world, and that will in turn greatly hurt developed economies as well.“",independent.co.uk,http://www.independent.co.uk/news/world/americas/us-days-from-causing-worldwide-economic-disaster-world-bank-warns-8877239.html
2013-10-13,19:34:09,1ocjjb,2467,46 per cent global wealth owned by richest 1 per cent: Credit Suisse,profit.ndtv.com,http://profit.ndtv.com/news/economy/article-46-per-cent-global-wealth-owned-by-richest-1-per-cent-credit-suisse-369109
2013-10-13,07:41:27,1obgi6,2414,Middle Class Young People to be Materially Worse of than Their Parents,theguardian.com,http://www.theguardian.com/society/2013/oct/12/middle-class-young-people-future-worse-parents
2013-10-13,18:26:44,1ochic,2181,"‘Degrading’ virginity tests on women must stop, Quebec doctors’ group urges",news.nationalpost.com,http://news.nationalpost.com/2013/10/12/degrading-virginity-tests-on-women-must-stop-quebec-doctors-group-urges/
2013-10-13,14:41:09,1oc8cj,1846,"France cements fracking ban: A law prohibiting fracking for shale gas has been upheld by France's constitutional court, citing environmental protection",theguardian.com,http://www.theguardian.com/environment/2013/oct/11/france-fracking-ban-shale-gas
2013-10-13,21:50:09,1oco9d,1799,World prepares for U.S. debt default,rawstory.com,http://www.rawstory.com/rs/2013/10/12/world-prepares-for-u-s-debt-default/
2013-10-13,17:33:09,1ocfs4,1575,"Pink Floyd’s Roger Waters Tells His Israeli Fans, It’s Apartheid “Clear And Simple”",countercurrents.org,http://www.countercurrents.org/waters111013.htm
2013-10-13,09:30:29,1obodj,829,Tens of thousands of mainly young Israelis protest against hardliners opposed to peace with the Palestinians and mourn peace-seeking prime minister Yitzhak Rabin.,aljazeera.com,http://www.aljazeera.com/news/middleeast/2013/10/israelis-gather-remember-slain-rabin-20131012203537376753.html
2013-10-13,10:55:35,1obug4,798,"A Roman bathhouse still in use after 2,000 years",bbc.co.uk,http://www.bbc.co.uk/news/magazine-24493177
2013-10-13,02:15:23,1oas97,756,"Fukushima Farmer: Plutonium was detected “all over” village 25 miles from plant — Professor: “Something terrible, dreadful happening” — Mayor: Please don’t tell this to the residents (VIDEO)",enenews.com,http://enenews.com/fukushima-farmer-plutonium-detected-all-village-professor-terrible-dreadful-happening-radiation-levels-high-mayor-please-dont-residents-video?utm_source=twitterfeed&utm_medium=twitter
2013-10-13,23:26:59,1ocswv,713,"Stopping Bank Bonuses Could Breach Top Bankers' Human Rights, Warns Bank Of England",huffingtonpost.co.uk,http://www.huffingtonpost.co.uk/2013/10/08/bank-bonus-human-rights_n_4061735.html?utm_hp_ref=tw
2013-10-13,09:36:28,1oboso,579,"""More disclosures about Canada's aggressive foreign spying activities are coming, suggests Glenn Greenwald . . . 'There is a huge amount of stuff about Canada in these archives because Canada works so closely with the NSA,' Mr. Greenwald, who lives in Brazil, told The Globe and Mail in an interview""",theglobeandmail.com,http://www.theglobeandmail.com/news/world/more-disclosures-about-canadas-foreign-spying-activities-coming-us-journalist-says/article14726430
2013-10-13,00:53:59,1oamlx,549,The war on drugs is a broken business model,virgin.com,http://www.virgin.com/unite/leadership-and-advocacy/the-war-on-drugs-is-a-broken-business-model
2013-10-13,23:38:43,1octkv,537,U.S. citizen found dead in Egyptian prison,reuters.com,http://www.reuters.com/article/2013/10/13/us-egypt-usa-prisoner-idUSBRE99C04X20131013
2013-10-13,09:50:44,1obpsv,512,"Real-life 'Captain Phillips' Says High-Seas Piracy Also Thrives in South America and Spain, Not Just Somalia",latinpost.com,http://www.latinpost.com/articles/2894/20131011/real-life-captain-phillips-high-seas-piracy-thrives-south-america.htm
2013-10-13,23:49:06,1ocu65,385,Snowden: mass surveillance making us less safe,hosted.ap.org,http://hosted.ap.org/dynamic/stories/E/EU_RUSSIA_NSA_SURVEILLANCE?SITE=AP&SECTION=HOME&TEMPLATE=DEFAULT&CTIME=2013-10-12-08-44-14
2013-10-13,08:17:16,1obj4v,376,"""From Silicon Valley to the South Pacific, counterattacks to revelations of widespread National Security Agency surveillance are taking shape, from a surge of new encrypted email programs to technology that sprinkles the Internet with red flag terms to confuse would-be snoops.""",seattlepi.com,http://www.seattlepi.com/business/technology/article/Growing-backlash-to-government-surveillance-4890445.php
2013-10-13,09:25:56,1obo1t,317,"Cyclone Phailin, India: Google has launched a 'Person Finder' to help those displaced by the storm to reconnect with their families. It is an open source software that allows individuals to post and search for the status of relatives or friends affected by a disaster.",timesofindia.indiatimes.com,http://timesofindia.indiatimes.com/tech/tech-news/internet/Cyclone-Phailin-Google-launches-People-Finder/articleshow/24044717.cms
2013-10-13,10:26:42,1obseu,308,"""The Plight of the Pangolin"": One of the planet's most extraordinary and intelligent animals is being hunted to extinction. Believed to be the world's most trafficked animal, a single pangolin can fetch as much as $7,000 on the black market.",independent.co.uk,http://www.independent.co.uk/environment/nature/the-plight-of-the-pangolin-one-of-the-planets-most-extraordinary-and-intelligent-animals-is-being-hunted-to-extinction-8876471.html
2013-10-13,07:16:52,1obeo0,247,"A Eureopean Union study has found 600,000 unemployed migrants are living in Britain - a 42 per cent rise.",telegraph.co.uk,http://www.telegraph.co.uk/news/worldnews/europe/10375358/True-scale-of-European-immigration.html
2013-10-13,22:19:18,1ocpjc,233,Chile indigenous groups mark Columbus Day with protests,america.aljazeera.com,http://america.aljazeera.com/articles/2013/10/13/chile-indigenousgroupsmarkcolumbusdaywithprotests.html
2013-10-13,09:11:55,1obn1l,188,Global 'March Against Monsanto' rallies activists,america.aljazeera.com,http://america.aljazeera.com/articles/2013/10/12/-march-against-monsantoralliesactivistsaroundtheglobe.html
2013-10-13,22:25:13,1ocpsy,151,"Gaza tunnel uncovered inside Israel, says army",bbc.co.uk,http://www.bbc.co.uk/news/world-middle-east-24512761
2013-10-13,05:20:16,1ob5yn,131,French headmaster forced out of Qatar after 'anti-Muslim' charges,english.rfi.fr,http://www.english.rfi.fr/france/20131012-french-headmaster-forced-out-qatar-after-anti-muslim-charges
2013-10-13,05:20:25,1ob5z2,116,Hundreds of US companies make false data protection claims,euobserver.com,http://euobserver.com/justice/121695
2013-10-13,11:24:00,1obwc6,99,A British court will this week consider whether attempted manipulation of the benchmark interest rate Libor can invalidate loans and other deals or show that banks mis-sold products that were based upon the rate,reuters.com,http://www.reuters.com/article/2013/10/12/us-libor-court-idUSBRE99B0C720131012
2013-10-13,20:18:36,1ockqv,95,'De-Americanised' world needed after US shutdown: China media,news.yahoo.com,http://news.yahoo.com/americanised-world-needed-us-shutdown-china-media-053014967.html
2013-10-13,09:23:02,1obnv6,92,"""The head of Canada's electronic eavesdropping agency, which is alleged to have spied on Brazil, says all foreign-intelligence gathering activities carried out by Communications Security Establishment Canada [CSEC] are conducted within the law laid down by this country's Parliament.""",theglobeandmail.com,http://www.theglobeandmail.com/news/politics/nothing-illegal-about-spying-on-brazil-agency-chief-says/article14774444/
2013-10-13,03:47:29,1oaz5o,88,George Osborne to give China go-ahead to build nuclear power stations.UK to allow state-owned Chinese company to build nuclear power stations in the country,cnbc.com,http://www.cnbc.com/id/101107330
2013-10-13,21:19:13,1ocn0y,89,UK Debate Grows Over 'Orwellian' NSA And GCHQ surveillance: MI5 Director's Speech Gets Backing Of Prime Minister As Guardian Editor Warns Over Suppressing Dissent,theguardian.com,http://www.theguardian.com/world/2013/oct/09/debate-grows-orwellian-nsa-technology
