2013-02-19,20:56:53,18td81,3406,"North Korea threatens ""final destruction"" of South Korea at U.N.",reuters.com,http://www.reuters.com/article/2013/02/19/us-nkorea-threat-idUSBRE91I0J520130219
2013-02-19,07:34:26,18s61l,2301,"In Russia, proposed bill will ban pride parades and public LGBT awareness events, as well as what has been deemed as pro-gay attitudes on television",worldpolicy.org,http://www.worldpolicy.org/blog/2013/02/11/stifled-pride
2013-02-19,07:38:30,18s6cc,2079,Israel passes law banning models that have a BMI under 18.5,nydailynews.com,http://www.nydailynews.com/life-style/fashion/israel-passes-law-banning-too-skinny-models-article-1.1235593
2013-02-19,08:53:50,18sbz8,1817,"Brazil seethes over public officials ""super salaries"", one Judge Made $361,500 in a Month",nytimes.com,http://www.nytimes.com/2013/02/11/world/americas/brazil-seethes-over-public-officials-super-salaries.html?ref=americas&_r=0
2013-02-19,20:00:14,18tbdy,1556,"
Legalising drugs would be the perfect Tory policy: 'It would save money, aid global security and be tough on crime. What could appeal to Conservatives more?'
",guardian.co.uk,http://www.guardian.co.uk/commentisfree/2013/feb/19/legalising-drugs-logical-tory-step
2013-02-19,01:07:35,18rbos,1126,Russian lawmaker found dead in barrel of cement.,cnn.com,http://www.cnn.com/2013/02/18/world/europe/russia-lawmaker-killed/
2013-02-19,11:12:02,18smaz,1059,Detailed Proof of Chinese Army Unit Is Seen as Tied to Hacking Against U.S.,nytimes.com,http://www.nytimes.com/2013/02/19/technology/chinas-army-is-seen-as-tied-to-hacking-against-us.html?ref=global-home&_r=0
2013-02-19,01:50:21,18rezk,913,"At least 3,000 children, including four under the age of 10 found huddled together in frozen embrace, are now known to have died during attendance at Canada's Indian residential schools, according to new unpublished research.",huffingtonpost.ca,http://www.huffingtonpost.ca/2013/02/18/residential-school-deaths-canada_n_2711087.html?utm_hp_ref=canada
2013-02-19,18:49:13,18t9br,560,"Eight men steal €50m worth of rough gems, by cutting a hole in a fence",bbc.co.uk,http://www.bbc.co.uk/news/world-europe-21504112?ocid=socialflow_facebook_bbcnews
2013-02-19,03:34:16,18rn3x,348,Turkey: Children fostered by European gay couples will be retrieved,pinknews.co.uk,http://www.pinknews.co.uk/2013/02/18/turkey-children-fostered-by-european-gay-couples-will-be-retrieved/
2013-02-19,21:41:18,18texj,302,Germany Strengthens Gay Adoption Rights,spiegel.de,http://www.spiegel.de/international/germany/german-court-strengthens-gay-and-lesbian-adoption-rights-a-884278.html
2013-02-19,02:38:03,18rio1,297,"Handed a snack, and then executed: the 12-year-old son of a Tamil Tiger. Photographs show boy was held before he was killed at close range",independent.co.uk,http://www.independent.co.uk/news/world/asia/handed-a-snack-and-then-executed-the-12yearold-son-of-a-tamil-tiger-8500295.html
2013-02-19,22:09:03,18tg7q,284,China to introduce carbon tax: official,news.xinhuanet.com,http://news.xinhuanet.com/english/china/2013-02/19/c_132178898.htm
2013-02-19,19:11:29,18t9yd,194,Man arrested for pouring acid on 16-year-old's face,ynetnews.com,"http://www.ynetnews.com/articles/0,7340,L-4346675,00.html"
2013-02-19,11:04:47,18slqn,191,Chinese military linked to hacking attacks in the US.,nytimes.com,http://www.nytimes.com/2013/02/19/technology/chinas-army-is-seen-as-tied-to-hacking-against-us.html
2013-02-19,16:02:04,18t3wx,185,Photographs have emerged depicting the execution of the 12 year old son of the late LTTE chief by the Sri Lankan Army,colombotelegraph.com,http://www.colombotelegraph.com/index.php/warning-disturbing-images-the-last-hours-of-the-son-of-prabhakaran/
2013-02-19,05:37:56,18rwvs,179,AP: Woman commits self-immolation inside Spanish bank.,bigstory.ap.org,http://bigstory.ap.org/article/spanish-woman-sets-herself-fire-bank
2013-02-19,06:17:36,18s02s,161,Chinese Students Wore Uniforms With Cancer-Causing Dyes,npr.org,http://www.npr.org/blogs/thetwo-way/2013/02/18/172338249/chinese-students-wore-uniforms-with-cancer-causing-dyes
2013-02-19,01:23:03,18rctr,148,UK: Border chiefs seize 48 TONS of illegal meat containing horse and donkey,dailymail.co.uk,http://www.dailymail.co.uk/news/article-2280417/Border-chiefs-seize-48-TONS-illegal-meat-containing-horse-donkey-Food-Secretary-prepares-grill-supermarkets-crisis.html
2013-02-19,13:26:45,18sw42,141,The British government was warned in April 2011 that illegal horse meat was entering the human food chain,express.co.uk,http://www.express.co.uk/news/uk/378219/European-food-test-overhaul-urged#.USMM0K0ON5o.reddit
2013-02-19,02:12:30,18rgoa,109,"As BBC strikes, Brits trust journalists less than Americans do. Only 21% of adults in Britain trust journalists to tell the truth...40% of Americans trust journalists...",poynter.org,http://www.poynter.org/latest-news/mediawire/204599/as-bbc-strikes-brits-trust-journalists-less-than-americans-do/
2013-02-19,18:24:31,18t8mr,86,"Armed robbers have made off with a ""gigantic"" haul of diamonds after a daring raid at Brussels Airport.",bbc.co.uk,http://www.bbc.co.uk/news/world-europe-21504112
2013-02-19,01:07:16,18rbo0,86,Scientists discover what caused Ireland's Great Potato Famine,irishcentral.com,http://www.irishcentral.com/news/Scientists-discover-what-caused-Irelands-Great-Potato-Famine-191656401.html
2013-02-19,14:39:31,18t06f,84,Nestle finds horse meat in beef pasta meals,torontosun.com,http://www.torontosun.com/2013/02/18/nestle-finds-horsemeat-in-beef-pasta-meals
2013-02-19,08:21:16,18s9ka,86,Eight people have been arrested in Russia after a politician's body (Mikhail Pakhomo) was found stuffed in a barrel of cement.,independent.co.uk,http://www.independent.co.uk/news/world/europe/eight-arrested-after-kidnapped-politicians-body-is-found-in-a-barrelof-cement-8500446.html
2013-02-19,06:42:57,18s218,74,"Saudi ""study"" claims that employing females workers is a form of human trafficking like sexual exploitation, forced labor and organ trafficking",english.alarabiya.net,http://english.alarabiya.net/articles/2013/02/18/267023.html
2013-02-19,21:29:58,18tegb,59,N. Korea threatens South with 'final destruction',rt.com,https://rt.com/news/north-korea-threat-destruction-578/
2013-02-19,08:36:32,18sapx,55,Russian orphan adopted by Texas family dies after being beaten and fed strong psychotropic medication,rapsinews.com,http://rapsinews.com/news/20130218/266446583.html
2013-02-19,09:31:37,18senl,53,"The groundwater of 90% of Chinese cities is polluted, and the groundwater of 60% is ""severely polluted.""",danwei.com,http://www.danwei.com/the-groundwater-of-90-of-chinese-cities-is-polluted/
2013-02-19,22:52:57,18tijt,53,A French Family of Seven Abducted in Cameroon,bbc.co.uk,http://www.bbc.co.uk/news/world-africa-21509248
