2013-02-16,01:45:45,18l9ay,2730,Czech Republic Legalizes Medical Marijuana Use,huffingtonpost.com,http://www.huffingtonpost.com/2013/02/15/czech-republic-medical-marijuana_n_2693657.html
2013-02-16,12:29:44,18mf5m,2447,"U.S., Iran, Russia team up to save wrestling",usatoday.com,http://www.usatoday.com/story/sports/olympics/2013/02/14/olympic-wrestling-us-russia-iran/1921527/
2013-02-16,00:04:16,18l2rx,2162,"""If America did not exist, Russia would have to invent it. In a sense it already has: first as a dream, then as a nightmare. No other country looms so large in the Russian psyche. To Kremlin ideologists, the very concept of Russia’s sovereignty depends on being free of America’s influence.""",economist.com,http://www.economist.com/news/europe/21571904-leading-role-played-anti-americanism-todays-russia-dread-other?fsrc=scn/rd_ec/the_dread_of_the_other
2013-02-16,18:09:23,18ms54,1756,"'Russian Romeo' steals girlfriend from psych ward, sues mother for forced hospitalization",rt.com,http://rt.com/news/romeo-juliet-love-story-365/
2013-02-16,00:49:39,18l58u,1636,"Russian lawmaker and party leader Vladimir Zhirinovsky claims meteor was a US weapons test: ""Those aren't meteors falling, it's the Americans testing new weapons""",en.apa.az,http://en.apa.az/news/187943
2013-02-16,18:41:52,18msvm,1415,"American engineer, stressed about US security, about to return home, ""hangs"" himself in Singapore under suspicious circumstances. Police refuses FBI assistance. Confiscates laptop, mobile phone.",ft.com,http://www.ft.com/cms/s/2/afbddb44-7640-11e2-8eb6-00144feabdc0.html#axzz2L06NqZAv
2013-02-16,04:45:15,18llz4,1302,"Portugal drug law show results ten years on, experts say.  Problematic drug use has dropped by HALF since the new law was put in place",google.com,http://www.google.com/hostednews/afp/article/ALeqM5g9C6x99EnFVdFuXw_B8pvDRzLqcA?docId=CNG.e740b6d0077ba8c28f6d1dd931c6f679.5e1
2013-02-16,20:57:07,18mwe4,857,Malaysia detains Australian senator Nick Xenophon - an outspoken critic of human rights in the country,bbc.co.uk,http://www.bbc.co.uk/news/world-asia-21483133#TWEET607390
2013-02-16,13:26:10,18mi5n,848,Suspected meteor explosion reported in central Cuba,nzweek.com,http://www.nzweek.com/technology/suspected-meteor-explosion-reported-in-central-cuba-49560/
2013-02-16,01:01:49,18l65o,551,Lot's of Meteor talk lately. Here's NASA's live stream of the huge meteor passing earth today.,ustream.tv,http://www.ustream.tv/nasajpl2
2013-02-16,20:56:41,18mwdm,476,Assange's $4.5-million lockdown: UK police spending huge sums on 24-hour patrol,rt.com,http://rt.com/news/assange-london-police-cost-363/
2013-02-16,21:50:23,18mxxn,396,"Unprotected sex leads to rise in gay men in UK contracting HIV - One in 20 men who have sex with men in the UK now have HIV (1 in 12 in London), with unsafe sex among gay men also having increased",guardian.co.uk,http://www.guardian.co.uk/society/2013/feb/16/unprotected-sex-rise-gay-men-hiv
2013-02-16,17:37:52,18mrbb,339,Saudi finally limits its religious police - announces legislation that reduces the authority of Islamist police,worldtribune.com,http://www.worldtribune.com/2013/02/15/saudi-arabia-finally-limits-its-religious-police/
2013-02-16,01:00:28,18l62a,281,"Conservative Cabinet minister: ""Gay couples cannot provide safe environment for children""",m.bbc.co.uk,http://m.bbc.co.uk/news/uk-politics-21472004
2013-02-16,21:53:38,18my13,256,"Taking the Lead Against Corporate Excess, Swiss to Vote on 'Fat Cat' Pay: Proposal grants binding shareholder vote on CEO salaries, bans golden parachutes",commondreams.org,http://www.commondreams.org/headline/2013/02/15-11
2013-02-16,22:57:57,18n0c6,237,Dwindling church attendance - German Catholic and Protestant Churches Sell Off Church Buildings ,spiegel.de,http://www.spiegel.de/international/zeitgeist/german-catholic-and-protestant-churches-sell-off-church-buildings-a-883054.html
2013-02-16,12:08:11,18mdzp,230,Model girlfriend fled to bathroom as Oscar Pistorius shot her through the door,nydailynews.com,http://www.nydailynews.com/news/crime/pistorius-weeps-court-appearance-article-1.1265226
2013-02-16,01:25:27,18l7ty,225,Canada's environmental activists seen as 'threat to national security' by Harper Government,guardian.co.uk,http://www.guardian.co.uk/environment/2013/feb/14/canada-environmental-activism-threat
2013-02-16,08:20:36,18m0mi,222,Russian nuclear bombers intercepted near Guam,worldnews.nbcnews.com,http://worldnews.nbcnews.com/_news/2013/02/15/16978049-russian-nuclear-bombers-intercepted-near-guam#.UR7Qhn0VDOc.reddit
2013-02-16,19:07:05,18mtie,223,"Taxpayers' money keeps Japan's whaling fleet afloat: public funds subsidise Japan's whaling industry to the tune of $8.9 million, even though only 11 per cent of citizens support it",newscientist.com,http://www.newscientist.com/article/mg21729043.000-taxpayers-money-keeps-japans-whaling-fleet-afloat.html?cmpid=RSS|NSNS|2012-GLOBAL|online-news
2013-02-16,00:30:28,18l466,201,Why Did So Many Russian Drivers Get Such Great Meteor Videos?,npr.org,http://www.npr.org/blogs/thetwo-way/2013/02/15/172093298/why-did-so-many-russian-drivers-get-such-great-meteor-videos?f=1001&ft=1&sc=tw
2013-02-16,14:44:00,18mll0,192,Japanese whalers harpooned a Minke in Australian waters,news.com.au,http://www.news.com.au/world/sea-shepherd-activists-confront-whalers/story-fndir2ev-1226579240421
2013-02-16,00:19:39,18l3km,177,Three men jailed in UK for deliberately causing a 'crash for cash' car wreck that led to a woman dying,bbc.co.uk,http://www.bbc.co.uk/news/uk-england-london-21473080
2013-02-16,01:07:47,18l6kt,163,Russian parliament member says meteor was actually a U.S. weapons test,washingtonpost.com,http://www.washingtonpost.com/blogs/worldviews/wp/2013/02/15/russian-parliament-member-says-meteor-was-actually-a-u-s-weapons-test/
2013-02-16,03:38:00,18lh7z,156,"Prehistoric pornography: Chinese carvings show explicit copulation. - It’s at least 3,000 years old, and it’s bi-curious.",slate.com,http://www.slate.com/articles/health_and_science/science/2013/02/prehistoric_pornography_chinese_carvings_show_explicit_copulation.html
2013-02-16,21:27:22,18mx90,116,Judge blocks sterilisation of Down's Syndrome woman,telegraph.co.uk,http://www.telegraph.co.uk/health/healthnews/9873721/Judge-blocks-sterilisation-of-Downs-Syndrome-woman.html
2013-02-16,15:31:53,18mngt,113,"UK, France and Germany to back global tax rules at G20",bbc.co.uk,http://www.bbc.co.uk/news/business-21481932
2013-02-16,02:02:23,18lahp,104,The Vatican was drawn into a new controversy after acknowledging that its bank's new president is also chairman of a shipbuilder making warships — a significant conflict for an institution that has long shunned ties to military manufacturing,bigstory.ap.org,http://bigstory.ap.org/article/pope-oks-german-lawyer-head-embattled-vatican-bank-1-last-major-appointments
2013-02-16,09:30:30,18m4we,93,"North Korea has told its key ally, China, that it is prepared to stage one or even two more nuclear tests this year, according to a source with direct knowledge of the message",reuters.com,http://www.reuters.com/article/2013/02/16/us-korea-north-nuclear-idUSBRE91E0J820130216
2013-02-16,22:16:54,18myub,89,Canadians going to Keystone XL protest 'better take precautions': The environmental activist movement has been targeted by the Canadian government as a threat to national security,commondreams.org,http://www.commondreams.org/headline/2013/02/15-10
