2013-10-09,21:48:38,1o256o,3273,Who Wants to Be a Russian Billionaire? 35% of Russia’s entire wealth now in the hands of just 110 people.,blogs.wsj.com,http://blogs.wsj.com/emergingeurope/2013/10/09/who-wants-to-be-a-russian-billionaire/
2013-10-09,01:24:10,1nzriv,3187,"Tesla’s $110,000 Model S is now Norway’s best-selling car",theglobeandmail.com,http://www.theglobeandmail.com/globe-drive/new-cars/auto-news/teslas-110000-model-s-is-now-norways-best-selling-car/article14739655/
2013-10-09,08:29:24,1o0t41,2845,"“Alarming” mass die-off of starfish in areas along Canada’s Pacific coast — “They’ve disintegrated, now there’s just goo left” — “Appeared to melt” — “Single arms clinging to rock faces, tube feet still moving”",enenews.com,http://enenews.com/alarming-epidemic-mass-die-off-of-starfish-on-canadas-pacific-coast-theyve-disintegrated-now-theres-just-goo-left-appeared-to-melt-arms-just-detach-single-arms-clingi
2013-10-09,00:06:53,1nzl5a,1622,"E-cigarettes are not medicinal and should remain on free sale, the European Parliament rules",thelocal.fr,http://www.thelocal.fr/20131008/european-parliament-protects-free-sale-of-e-cigarettes-france
2013-10-09,19:42:17,1o1zih,1621,Taiwan says China will be able to invade in 2020,interaksyon.com,http://www.interaksyon.com/article/72321/taiwan-says-china-will-be-able-to-invade-in-2020
2013-10-09,06:46:55,1o0k89,1611,"UN caused deadly cholera in Haiti, covered it up, lawsuit says: Survivors and family members of nearly 700,000 Haitians who have contracted cholera are suing the U.N. for billions of dollars, accusing it of covering up its role in starting the worst outbreak of the deadly disease in modern history.",investigations.nbcnews.com,http://investigations.nbcnews.com/_news/2013/10/08/20874045-un-caused-deadly-cholera-in-haiti-covered-it-up-lawsuit-says?lite
2013-10-09,02:27:23,1nzwuq,1537,"A Russian court on Tuesday ordered a critic of President Vladimir Putin confined to a psychiatric ward indefinitely over clashes with police at a protest, a ruling likened by rights activists to abuses of psychiatry during the Soviet era to jail dissidents",reuters.com,http://www.reuters.com/article/2013/10/08/us-russia-protest-idUSBRE9970OY20131008
2013-10-09,23:54:06,1o2eci,1444,"Half of the $51bn for the 2014 Sochi Olympics, the most expensive ever, is alleged to have disappeared in corrupt building contracts",theguardian.com,http://www.theguardian.com/sport/blog/2013/oct/09/sochi-2014-olympics-money-corruption?CMP=fb_gu
2013-10-09,23:58:12,1o2epa,572,"30,000 year old Brazilian artifacts throw wrench in theory humans first arrived in Americas 12,000 years ago",rawstory.com,http://www.rawstory.com/rs/2013/10/09/30000-year-old-brazilian-artifacts-throw-wrench-in-theory-humans-first-arrived-in-americas-12000-years-ago/
2013-10-09,21:30:21,1o2462,442,Another accident at Fukushima. At what point do we need to start paying attention (again)?,thestar.com,http://www.thestar.com/news/world/2013/10/09/workers_splashed_with_highly_radioactive_water_at_fukushima_nuclear_plant_after_pipe_mixup.html#
2013-10-09,08:42:42,1o0u9i,421,U.S. to halt Egypt aid after coup,cnn.com,http://www.cnn.com/2013/10/08/us/egypt-aid/
2013-10-09,14:53:21,1o1ncv,366,Virgin auctions: Colombian gangs entrap girls as young as 10 then sell them to the highest bidder,belfasttelegraph.co.uk,http://www.belfasttelegraph.co.uk/news/world-news/virgin-auctions-colombias-medellin-street-gangs-entrap-girls-as-young-as-10-then-sell-them-to-drug-lords-and-tourists-29645202.html
2013-10-09,21:15:10,1o23fo,351,Snowden leaks are a 'gift' to terrorists says UK intelligence chief,worldnews.nbcnews.com,http://worldnews.nbcnews.com/_news/2013/10/09/20874666-snowden-leaks-are-a-gift-to-terrorists-says-uk-intelligence-chief?lite
2013-10-09,02:16:00,1nzvuo,316,The 'First Global Snapshot' Of The Drug War Used Government Data To Prove That It's An Abysmal Failure,businessinsider.com,http://www.businessinsider.com/govenrment-data-proves-the-drug-war-fail-2013-10
2013-10-09,20:10:36,1o20kt,300,Three years in Abu Dhabi jail for father who killed son over bad grades,thenational.ae,http://www.thenational.ae/uae/courts/dad-who-killed-son-over-bad-school-grades-jailed-by-abu-dhabi-court-for-three-years
2013-10-09,20:38:04,1o21rm,281,Canadian Workers Replaced With Temporary Foreign Workers,fortmcmurraytoday.com,http://www.fortmcmurraytoday.com/2013/10/07/canadian-employees-replaced-with-temporary-foreign-workers
2013-10-09,02:08:32,1nzv6y,259,"Dolphin killing town from The Cove is to open a marine park, where you can swim with dolphins, then eat them",independent.co.uk,http://www.independent.co.uk/news/world/asia/dolphin-killing-town-in-the-cove-to-open-a-marine-park--and-continue-annual-slaughter-8867130.html
2013-10-09,18:53:06,1o1xkk,223,Passenger with no flying experience lands airplane after Pilot falls ill mid-flight,bbc.co.uk,http://www.bbc.co.uk/news/uk-england-humber-24450534?r=1
2013-10-09,11:44:41,1o19ax,206,"Russians being paid to post online in favor of Putin and his allies, attack his opponents.",sptimes.ru,http://www.sptimes.ru/story/38052?page=1#top
2013-10-09,01:28:04,1nzrtu,158,"Iranian citizen-- ""I could not have dreamt that the Iranian news would broadcast the voice of real people who would say, on camera, that our president has conversed with America""",theguardian.com,http://www.theguardian.com/world/iran-blog/2013/oct/01/obama-rouhani-historic-call-view-from-iran
2013-10-09,18:49:18,1o1xf6,150,"Nobel Chemistry Prize to Martin Karplus, Michael Levitt and Arieh Warshel for developing multiscale models for complex chemical systems",thelocal.se,http://www.thelocal.se/50686
2013-10-09,00:42:51,1nzo4u,126,BBC admits filming nature scenes in 'controlled conditions' as cameraman claims small animal footage was 'faked',independent.co.uk,http://www.independent.co.uk/arts-entertainment/tv/news/bbc-admits-filming-nature-scenes-in-controlled-conditions-as-cameraman-claims-small-animal-footage-was-faked-8867020.html
2013-10-09,21:02:58,1o22vg,122,"""The first rules on state regulation of the press for more than 300 years will be set out this week after politicians rejected the newspaper industry's plans for self-regulation""",telegraph.co.uk,http://www.telegraph.co.uk/news/uknews/10365250/Regulation-will-be-imposed-on-press-as-politicians-reject-self-regulation.html
2013-10-09,18:50:07,1o1xgg,122,Russian President Vladimir Putin voiced his strong willingness on Oct. 8 to resolve a long-running Russo-Japanese territorial dispute and sign a peace treaty with Japan.,mainichi.jp,http://mainichi.jp/english/english/newsselect/news/20131009p2a00m0na009000c.html
2013-10-09,03:28:55,1o02d1,113,Britain arrests four users of Silk Road online marketplace,reuters.com,http://www.reuters.com/article/2013/10/08/us-britain-crime-silkroad-idUSBRE9970K320131008
2013-10-09,08:38:25,1o0twb,94,President Barack Obama said on Tuesday that China had probably taken advantage of his absence from a summit in Asia this week and he warned that the government shutdown and fiscal debate were hurting U.S. credibility abroad.,reuters.com,http://www.reuters.com/article/2013/10/08/us-usa-fiscal-obama-asia-idUSBRE99715Q20131008
2013-10-09,22:59:15,1o29ya,92,"Angry U.S. researchers plan to boycott a NASA conference after learning Chinese scientists will be barred from attending, according to the Guardian.",pbs.org,http://www.pbs.org/newshour/rundown/2013/10/chinese-nationals-banned-from-nasa-conference.html
2013-10-09,20:17:45,1o20vs,85,"Canadian spies met with energy firms, documents reveal: Government agency that allegedly spied on Brazil had secret meetings with energy companies",theguardian.com,http://www.theguardian.com/environment/2013/oct/09/canadian-spies-met-energy-firms-documents
2013-10-09,13:38:26,1o1iej,79,Fukushima operator says six workers contaminated in latest leak.,trust.org,http://www.trust.org/item/20131009041022-a8rek
2013-10-09,20:06:14,1o20ed,53,"A citizens group said it measured high radiation levels at candidate venues for the 2020 Tokyo Olympics, but the metropolitan government disputes the data and the International Olympic Committee has shown little interest.",ajw.asahi.com,http://ajw.asahi.com/article/0311disaster/fukushima/AJ201310080051
