2013-07-21,14:31:50,1iqk54,2879,6.8 Earthquake hits New Zealand Capital,stuff.co.nz,http://www.stuff.co.nz/national/8945358/Big-quake-shakes-central-New-Zealand
2013-07-21,08:08:36,1ipya5,2421,Venezuela says it ends efforts for better U.S. ties,reuters.com,http://www.reuters.com/article/2013/07/20/us-venezuela-usa-idUSBRE96J07C20130720
2013-07-21,22:50:12,1iqzzo,1866,"CIA backs $630,000 study into how to control global weather through geoengineering",independent.co.uk,http://www.independent.co.uk/news/world/americas/cia-backs-630000-study-into-how-to-control-global-weather-through-geoengineering-8724501.html
2013-07-21,02:57:36,1ipe8q,1251,UK wants to ban pornography featuring scenes of glorification of rape and other serious sexual offences,metro.co.uk,http://metro.co.uk/2013/07/20/mps-actively-considering-crackdown-on-violent-porn-as-david-cameron-prepares-to-unveil-opt-in-agreements-3891438/?ITO=news-sitemap
2013-07-21,09:33:08,1iq37r,924,Principal forced kids to eat midday meal cooked in insecticide,timesofindia.indiatimes.com,http://timesofindia.indiatimes.com/india/Principal-forced-kids-to-eat-midday-meal-cooked-in-insecticide/articleshow/21202752.cms?
2013-07-21,03:37:57,1ipgwg,827,"The G20, a group of the world’s richest economies, have for the first time endorsed a plan to curb widely used tax avoidance strategies that allow some multinational corporations such as Apple and Starbucks to pay only a pittance in income taxes.",nytimes.com,http://www.nytimes.com/2013/07/20/business/global/g-20-nations-back-plan-to-curb-corporate-tax-evasion.html?ref=business&_r=0
2013-07-21,18:10:59,1iqs04,657,One of the Britain’s leading law enforcement bureaus has known about but ignored massive misconduct and corruption for over a decade by private investigators who use illegal surveillance techniques for the benefit of financial services sector.,rt.com,http://rt.com/news/blagger-manual-leak-uk-authorities-371/
2013-07-21,15:59:15,1iqnx8,313,"Brutal rape draws outrage over culture of corruption, impunity in Ukraine. 'The cops, Krashkova said, forced her into the car and drove her to the woods. There... they allegedly beat her so badly they fractured her skull. The officers then took turns raping her'",washingtonpost.com,http://www.washingtonpost.com/world/europe/brutal-rape-draws-outrage-over-culture-of-corruption-impunity-in-ukraine/2013/07/21/00144ba4-f1d0-11e2-b2e0-0ecd9d3227c0_story.html?
2013-07-21,09:55:13,1iq4i9,299,Emirati who assaulted Indian driver faces up to a year in jail - Indian who filmed video faces up to 2 years,arabianbusiness.com,http://www.arabianbusiness.com/dubai-police-refuse-bail-for-man-who-filmed-emirati-attack-509851.html
2013-07-21,03:01:49,1ipeka,221,Venezuela ends efforts to improve US ties; Foreign ministry releases statement in response to US UN Envoy nominee Power’s promise to ‘stand up to repressive regimes’,guardian.co.uk,http://www.guardian.co.uk/world/2013/jul/20/venezuela-united-states-samantha-power
2013-07-21,01:15:18,1ip7ki,219,‘Out with the Mafia!’ Mass anti-govt protests backed by Anonymous grip Spain (PHOTOS),rt.com,http://rt.com/news/spain-protest-pm-resignation-anonymous-296/
2013-07-21,23:36:56,1ir21d,208,Hamas reeling from Egyptian crackdown on Gaza tunnels,egyptindependent.com,http://www.egyptindependent.com/news/hamas-reeling-egyptian-crackdown-gaza-tunnels
2013-07-21,04:54:34,1iply2,180,"Wissam Al Mana, husband of Janet Jackson, fires rape victim in Dubai because of ""unacceptable and improper behavior""",vg.no,http://www.vg.no/nyheter/utenriks/midtosten/artikkel.php?artid=10112152
2013-07-21,22:15:09,1iqyn1,179,Vladimir Putin tells critics of Russia at World University Games to ‘try some Viagra’,olympictalk.nbcsports.com,http://olympictalk.nbcsports.com/2013/07/20/vladimir-putin-russia-viagra-world-university-games/related/
2013-07-21,07:36:24,1ipw88,176,"School lunch disaster in India confirmed to be caused by residual pesticide in the cooking oil. The chef told the principal that it 'smelled strongly' and looked 'dodgy', but this objection was ignored. The principal is still at large and will have their property seized imminently.",bbc.co.uk,http://www.bbc.co.uk/news/world-asia-23390972
2013-07-21,23:55:20,1ir2w3,165,Istanbul protesters clash with riot police over access to Gezi Park,edition.cnn.com,http://edition.cnn.com/2013/07/21/world/turkey-istanbul-clashes/index.html
2013-07-21,21:08:13,1iqwhy,150,Capture of Mexican drug lord began with a fed-up informant,latimes.com,"http://www.latimes.com/news/local/la-me-cartel-manhunt-20130721,0,521015,full.story"
2013-07-21,04:37:22,1ipksc,135,China to launch cargo train to Germany,english.peopledaily.com.cn,http://english.peopledaily.com.cn/90882/8334262.html
2013-07-21,20:07:50,1iquvl,89,Israeli president convinced Palestinian leader to accept that settlers remain in West Bank but be subject to Palestinian state,ynetnews.com,"http://www.ynetnews.com/articles/0,7340,L-4407491,00.html"
2013-07-21,01:23:16,1ip824,92,Judge Challenges White House Claims on Authority in Drone Killings,nytimes.com,http://www.nytimes.com/2013/07/20/us/politics/judge-challenges-white-house-claims-on-authority-in-drone-killings.html?smid=re-share
2013-07-21,07:28:09,1ipvpx,74,At least 41 people were killed and more than 165 others wounded Saturday in a series of bombings that hit Baghdad over a two-hour period - bombings target mostly Shiite neighborhoods,cnn.com,http://www.cnn.com/2013/07/20/world/meast/iraq-bombings/index.html?utm_source=feedburner&utm_medium=feed&utm_campaign=Feed%3A+rss%2Fcnn_topstories+%28RSS%3A+Top+Stories%29
2013-07-21,15:53:45,1iqnpk,65,Belgium to swear in new king.,france24.com,http://www.france24.com/en/20130721-belgium-albert-king-philippe-abdication
2013-07-21,18:25:48,1iqse7,60,Prominent filmmaker boycotts Haifa festival to protest Israeli 'apartheid',haaretz.com,http://www.haaretz.com/culture/arts-leisure/.premium-1.537005
2013-07-21,15:01:58,1iqlk9,57,Tesco boss says cheap food era is over.,guardian.co.uk,http://www.guardian.co.uk/business/2013/jul/21/tesco-boss-cheap-food-over
2013-07-21,12:42:13,1iqece,51,*Trying to push India back another 100 years* - Educated caste Hindu youth campaign against inter-caste marriages in India,thehindu.com,http://www.thehindu.com/todays-paper/tp-national/tp-tamilnadu/educated-caste-hindu-youth-campaign-against-intercaste-marriages/article3644332.ece
2013-07-21,09:09:30,1iq1ty,45,"'Female Schindler' who saved 2,500 Jewish children, has died aged 98",dailymail.co.uk,http://www.dailymail.co.uk/femail/article-1021048/Female-Schindler-Irena-Sendler-saved-2-500-Jewish-children-died-aged-98.html
2013-07-21,09:34:39,1iq3ah,44,"In search of fair babies, Indians chase Caucasian donors for IVF",timesofindia.indiatimes.com,http://timesofindia.indiatimes.com/india/In-search-of-fair-babies-Indians-chase-Caucasian-donors-for-IVF/articleshow/21203722.cms
2013-07-21,09:28:44,1iq2xl,46,34-year-old man was sodomized and then murdered by three juveniles and an adult in India,timesofindia.indiatimes.com,http://timesofindia.indiatimes.com/city/delhi/Three-minors-held-for-sodomy-and-murder-in-southeast-Delhi/articleshow/21202185.cms
2013-07-21,03:16:14,1ipfhe,41,"Peru just launched The National Photovoltaic Household Electrification Program, an initiative to get solar to 2 million of the country’s poorest residents",grist.org,http://grist.org/list/perus-poorest-will-soon-have-solar-power/
2013-07-21,22:12:09,1iqyjs,33,Taliban tried to make eight-year-old a suicide bomber,dailymail.co.uk,http://www.dailymail.co.uk/news/article-2371755/Taliban-tried-make-year-old-suicide-bomber-Afghan-rebels-recruit-starving-orphans-sweets-60p-bribes.html
