2013-02-21,03:30:34,18wiop,3277,Germans couldn't see many of the Russian meteor videos last week because a radio was playing music in the background. The German version of the MIAA wanted a penny per view.,arstechnica.com,http://arstechnica.com/tech-policy/2013/02/germans-cant-see-meteorite-youtube-videos-due-to-copyright-dispute/
2013-02-21,20:27:56,18y8dm,2576,"Brits Want Marijuana Reforms, Drug Policy Review: 'majority of Britons favor either decriminalizing or legalizing marijuana and two-thirds support a comprehensive review of all the options for controlling drugs, from legalization to tougher enforcement.'",stopthedrugwar.org,http://stopthedrugwar.org/chronicle/2013/feb/19/brits_want_marijuana_reforms_dru
2013-02-21,21:25:39,18yahb,2216,"The French language police in Quebec, Canada cracked down on an Italian restaurant because its menu has ""too much Italian""",globalpost.com,http://www.globalpost.com/dispatch/globalpost-blogs/weird-wide-web/130220/quebec-language-police-claim-italian-restaurant-menu
2013-02-21,05:55:51,18wu85,2130,Over 100 million people are striking in India today and tomorrow. Possibly the largest strike in world history.,hindustantimes.com,http://www.hindustantimes.com/India-news/NewDelhi/Bandh-response-unprecedented-it-s-a-wake-up-call-to-govt-trade-unions/Article1-1014544.aspx
2013-02-21,18:14:45,18y4ao,1598,"[WATCH] British MP George Galloway storms out of Oxford debate after discovering his opponent is Israeli, tells crowd ""I don't debate Israelis"" ",jpost.com,http://www.jpost.com/LandedPages/PrintArticle.aspx?id=304039+
2013-02-21,12:20:44,18xnr3,1360,More than 20 per cent of Norwegians tuned in to watch a 12-hour extravaganza about firewood.,theage.com.au,http://www.theage.com.au/entertainment/tv-and-radio/my-fireplace-rules-reality-tv-show-lights-passions-20130220-2equi.html
2013-02-21,00:09:48,18w3qw,1158,Switzerland's only wild bear (Named M13) is shot,swissinfo.ch,http://www.swissinfo.ch/eng/swiss_news/Problem_bear_M13_shot.html?cid=35035130
2013-02-21,22:30:13,18ydnn,1125,Chinese activist asks Internet users: What does your river look like?,observers.france24.com,http://observers.france24.com/content/20130219-chinese-activist-internet-river-photos
2013-02-21,16:38:59,18y1b7,723,India to launch Mars mission this year: President,timesofindia.indiatimes.com,http://timesofindia.indiatimes.com/india/India-to-launch-Mars-mission-this-year-President/articleshow/18606746.cms
2013-02-21,22:18:25,18yd1i,539,"""You people think that by making these cartoons of the prophet that you are going to deface him. No, you will never achieve this, only thing you will achieve is suicide bombers on your streets spilling so much blood that you'll have nightmares for the rest of your miserable lives.""
",guardian.co.uk,http://www.guardian.co.uk/uk/2013/feb/21/suicide-bombers-four-lions
2013-02-21,22:50:33,18yerp,465,"15 dead - 50 injured in bomb blasts in Hyderabad, India. ",ndtv.com,http://www.ndtv.com/article/south/hyderabad-serial-blasts-at-least-15-dead-50-injured-333875?pfrom=home-lateststories
2013-02-21,00:42:59,18w651,330,Duke of Edinburgh: 'The Philippines must be half empty because you're all here running the NHS',telegraph.co.uk,http://www.telegraph.co.uk/news/uknews/prince-philip/9883291/Duke-of-Edinburgh-Philippines-must-be-half-empty-because-youre-all-working-on-NHS.html
2013-02-21,05:14:02,18wqw5,309,"Hundreds of children (as young as 9), have been illegally detained & tortured by the Egyptian police following the protests after the 2nd anniversary of the '11 uprising. Those detained have been subjected to beatings, electrocution and forced to strip naked to be drenched with cold water.",independent.co.uk,http://www.independent.co.uk/news/world/africa/young-children-detained-and-tortured-after-protests-in-egypt-8503866.html
2013-02-21,16:39:40,18y1c3,279,"Banks should be forced to pay much bigger fines if they 'fail' to co-operate with investigations into their misbehaviour, according to the UK Treasury Select Committee",telegraph.co.uk,http://www.telegraph.co.uk/finance/libor-scandal/9883932/Banks-should-face-much-bigger-fines-say-MPs.html
2013-02-21,21:16:44,18ya4e,267,Chinese revolt over government plan to ban BBQ in order to fight epic smog problem,rawstory.com,http://www.rawstory.com/rs/2013/02/21/chinese-revolt-over-government-plan-to-ban-bbq-in-order-to-fight-epic-smog-problem/
2013-02-21,21:03:24,18y9mw,248,"US senator says 4,700 killed in drone strikes",aljazeera.com,http://www.aljazeera.com/news/americas/2013/02/201322185240615179.html
2013-02-21,15:05:42,18xxs9,235,Japan executions resume with three hangings,guardian.co.uk,http://www.guardian.co.uk/world/2013/feb/21/japan-executions-resume-three-hangings
2013-02-21,00:11:56,18w3xh,233,Case Western researchers discover gene that permanently stops cancer cell proliferation,cancer.gov,http://www.cancer.gov/newscenter/cancerresearchnews/2012/GeneThatStopsCancerCellProliferation
2013-02-21,20:51:56,18y98l,209,"Pakistani police accused the country's ambassador to the United States of blasphemy, a crime that carries the death penalty, in connection with a 2010 TV talk show",reuters.com,http://www.reuters.com/article/2013/02/21/us-pakistan-usa-idUSBRE91K0KE20130221
2013-02-21,00:46:20,18w6e1,193,"A Rogue Power: Vatican May Shield Pope from Growing Prosecution Efforts: 'Vatican officials will give the retiring Pontiff sanctuary, arguing that otherwise he would be ""defenseless"" - a feeling likely familiar to the Church's many victims of sexual abuse.'",commondreams.org,http://www.commondreams.org/further/2013/02/19
2013-02-21,02:43:35,18wf4a,157,"Saudi Arabia’s King Abdullah bin Abdulaziz Al Saud has sworn in the country’s first female members of the Shura Council, an appointed body that advises on new laws, angering conservative clerics. It is the first time in the country’s history that women have been able to hold any political office.",independent.co.uk,http://www.independent.co.uk/news/world/middle-east/saudi-arabian-women-take-seats-on-advisory-body-8503781.html
2013-02-21,05:08:19,18wqg0,128,"Three British men have claimed they were beaten and electrocuted in the testicles after being imprisoned in Dubai for possession of a cannabis substitute. The men say they were threatened/beaten before being forced to sign documents in Arabic, a language that none of them understand",independent.co.uk,http://www.independent.co.uk/news/world/middle-east/british-tourists-tortured-in-dubai-8503878.html
2013-02-21,03:37:02,18wja6,118,Germans can’t see meteorite YouTube videos due to copyright dispute,arstechnica.com,http://arstechnica.com/tech-policy/2013/02/germans-cant-see-meteorite-youtube-videos-due-to-copyright-dispute/?utm_source=feedburner&utm_medium=feed&utm_campaign=Feed%3A+arstechnica%2Findex+%28Ars+Technica+-+All+content%29
2013-02-21,08:24:26,18x5rp,116,Space Tourist to Announce Daring Manned Mars Voyage for 2018,wired.com,http://www.wired.com/wiredscience/2013/02/dennis-tito-mars/
2013-02-21,11:09:12,18xigt,109,"""Federal civil servants in Canada, and in particular scientists, are being muzzled by the federal government""",cbc.ca,http://www.cbc.ca/m/touch/news/story/2013/02/20/science-muzzled-scientists-information-commissioner.html
2013-02-21,12:46:24,18xpk4,106,Iceland's Stabilized Economy Is A Surprising Success Story,onforb.es,http://onforb.es/11Vkgqq
2013-02-21,16:39:18,18y1bm,87,Syrian rebels to Hezbollah: Stop fighting for Assad or be eliminated from Lebanon,webcache.googleusercontent.com,http://webcache.googleusercontent.com/search?q=cache:http://www.haaretz.com/news/middle-east/syrian-rebels-to-hezbollah-stop-fighting-for-assad-or-be-eliminated-from-lebanon.premium-1.504872
2013-02-21,00:16:59,18w4a0,78,Rivals accuse Silvio Berlusconi of 'buying votes' by offering tax rebates in swing regions,bbc.co.uk,http://www.bbc.co.uk/news/world-europe-21521877#TWEET615476
2013-02-21,20:28:35,18y8er,67,Indian mum demands return of stolen daughter (Australia),abc.net.au,http://www.abc.net.au/news/2013-02-21/indian-family-demands-qld-parents-return-daughter/4533126
2013-02-21,14:14:50,18xv5m,44,Estonia goes electric with new car charger network,uk.reuters.com,http://uk.reuters.com/article/2013/02/20/uk-estonia-environment-cars-idUKLNE91J02O20130220
