2013-10-02,11:12:09,1nk1dw,3740,South Korean carmaker Hyundai Motor will defer payments due from US federal employees impacted by the partial government shutdown.,bbc.co.uk,http://www.bbc.co.uk/news/business-24361142
2013-10-02,01:06:19,1niny0,3449,"Australia had a government shutdown once, in 1975. It ended with the Queen firing everyone in Parliament.",washingtonpost.com,http://www.washingtonpost.com/blogs/worldviews/wp/2013/10/01/australia-had-a-government-shutdown-once-it-ended-with-the-queen-firing-everyone-in-parliament/
2013-10-02,11:44:32,1nk3vz,2571,Saudi Arabia gives 20 lashes punishment to man for beating wife,aninews.in,http://aninews.in/newsdetail4/story130755/saudi-arabia-gives-20-lashes-punishment-to-man-for-beating-wife.html
2013-10-02,16:28:49,1nkjgt,2518,"BBC response to government shutdown: ""Even in the middle of its ongoing civil war, the Syrian government has continued to pay its bills and workers’ wages""",thinkprogress.org,http://thinkprogress.org/security/2013/10/01/2707751/how-the-world-sees-the-government-shutdown/
2013-10-02,10:27:38,1njxvc,2009,Heroïn is now 74% cheaper in Europe than it was in 1990 due to a failing global drug policy.,bbc.co.uk,http://bbc.co.uk/news/uk-24342421?re
2013-10-02,20:55:13,1nks0x,1843,"Greek woman who went to Golden Dawn neo-Nazi group for support speaks up. ""They talked of beating up gay and dark-skinned people. A party member came to visit me. He offered to break someone's arm and leg for 300 euros. Ignite a car for 1,000 euros. Hospitalize someone for a month for 1,500 euros.""",bbc.co.uk,http://www.bbc.co.uk/news/world-europe-24363776
2013-10-02,23:19:31,1nl070,1814,A German writer is banned from the US for criticizing the NSA,dw.de,http://www.dw.de/us-denies-entry-to-german-writer-and-nsa-critic-trojanow/a-17131039
2013-10-02,21:53:59,1nkust,726,"Japan Aims to Beam Solar Energy Down from Orbit - JAXA developing revolutionary concept to put “power stations” in orbit to capture sunlight & beam it to Earth. It wouldn't deplete resources & it'd be unaffected by time of day or weather & provide environmentally friendly, clean energy.",wired.co.uk,http://www.wired.co.uk/news/archive/2013-10/02/japan-solar-energy
2013-10-02,00:38:59,1nilqj,633,US shutdown has other nations puzzled,bbc.co.uk,http://www.bbc.co.uk/news/world-us-canada-24342521
2013-10-02,18:54:10,1nknzb,496,"Greenpeace activists charged with piracy by Russian authorities, could face 10 to 15 years in prison for oil rig protest",theguardian.com,http://www.theguardian.com/environment/2013/oct/02/greenpeace-activists-charged-piracy-russian-authorities
2013-10-02,00:25:30,1nikn9,477,"Venezuela kicks out three U.S. diplomats, alleges plot to sabotage economy",news.nationalpost.com,http://news.nationalpost.com/2013/10/01/yankees-go-home-venezuela-kicks-out-three-u-s-diplomats-alleges-plot-to-sabotage-economy/
2013-10-02,00:47:59,1nimgo,470,Saudi Men Buying Syrian Refugee Children as Brides and Prostitutes,atheism.about.com,http://atheism.about.com/b/2013/03/29/saudi-men-buying-syrian-refugee-children-as-brides-and-prostitutes.htm
2013-10-02,12:04:55,1nk5fh,395,The True Size Of The Shadow Banking System Revealed (Spoiler: Humongous),medium.com,http://medium.com/the-physics-arxiv-blog/5e1dd9d1642
2013-10-02,10:51:23,1njzq6,311,The Dominican Republic's top court has ruled that children born after 1929 to Haitian migrants be stripped of citizenship and deported.,stream.aljazeera.com,http://stream.aljazeera.com/story/201310012132-0023080
2013-10-02,07:24:39,1njjty,249,UK's first All-Muslim school Al-Madinah closes after inspection,m.bbc.co.uk,http://m.bbc.co.uk/news/education-24360100
2013-10-02,16:29:32,1nkjhq,208,"Iran considers end to ""Death to America""",iranpulse.al-monitor.com,http://iranpulse.al-monitor.com/index.php/2013/10/2929/death-to-america-not-set-in-stone-writes-iran-journalist/
2013-10-02,22:08:54,1nkvlr,208,Highly dangerous radioactive material stolen by burglar in Swords (Ireland),thejournal.ie,http://www.thejournal.ie/radioactive-material-stolen-swords-1110728-Oct2013/
2013-10-02,20:45:01,1nkrmy,151,Somali-Canadian arrested for allegedly beheading 4 sons in Somalia | CTV News,ctvnews.ca,http://www.ctvnews.ca/world/somali-canadian-arrested-for-allegedly-beheading-4-sons-in-somalia-1.1479722#.UkwHLgAQbpU.reddit
2013-10-02,06:58:20,1njhqa,136,"Almost 1,000 people killed in Iraq last month, UN says",abc.net.au,http://www.abc.net.au/news/2013-10-02/almost-1000-people-killed-in-iraq-last-month-un-says/4992672
2013-10-02,09:45:26,1njulg,136,"A Belgian man has been killed by medical euthanasia after claiming that a botched sex change operation had turned him into ""a monster""",smh.com.au,http://www.smh.com.au/world/sex-change-man-chooses-euthanasia-20131002-2urik.html
2013-10-02,19:47:45,1nkplq,111,Japan fast-food chain to grow food 100 km from wrecked nuclear plant,reuters.com,http://www.reuters.com/article/2013/10/02/us-japan-fukushima-food-idUSBRE9910A220131002?feedType=RSS&feedName=worldNews
2013-10-02,12:00:32,1nk53j,105,"Tokyo Electric Power Co. said about four tons of radioactive water spilled out of a tank at its stricken Fukushima No. 1 nuclear power station on Tuesday. The water seeped into the ground around the tank, TEPCO officials said.",the-japan-news.com,http://the-japan-news.com/news/article/0000692162
2013-10-02,10:47:00,1njzdm,92,Torture 'widespread' in Libyan jails - UN report,bbc.co.uk,http://www.bbc.co.uk/news/world-africa-24356037
2013-10-02,17:12:40,1nkkxh,87,"Europe's Largest Internet Exchange Decides To Open US Office, Risks Making Itself Subject To NSA Demands",techdirt.com,http://www.techdirt.com/articles/20130929/15054924692/amsterdam-internet-exchange-volunteering-to-be-governed-fisa-patriot-act.shtml
2013-10-02,22:38:14,1nkxe9,72,"Over 2 million Syrians have fled their country & are living in often dangerous conditions - An additional 5 million are displaced within Syria. In all, over 1/4 of all Syrians have been displaced from their homes since 2011.",rollingstone.com,http://www.rollingstone.com/politics/news/dont-forget-about-the-syrian-refugee-crisis-20131001
2013-10-02,18:43:42,1nknn9,62,45% of South Koreans aged 65 and over live in poverty,qz.com,http://qz.com/130138
2013-10-02,13:45:36,1nkc0z,60,Google Accused of Wiretapping in Gmail Scans,nytimes.com,http://www.nytimes.com/2013/10/02/technology/google-accused-of-wiretapping-in-gmail-scans.html?hp
2013-10-02,19:51:48,1nkpqh,50,Obama cancels part of Asia trip because of shutdown,washingtonpost.com,http://www.washingtonpost.com/blogs/post-politics/wp/2013/10/02/obama-cancels-trip-to-malaysia-philippines-because-of-shutdown/
2013-10-02,11:26:39,1nk2ja,43,Buddhist mobs killed a 94-year-old Muslim woman and torched more than 70 homes in Burma,telegraph.co.uk,http://www.telegraph.co.uk/news/worldnews/asia/burmamyanmar/10348827/Elderly-woman-killed-in-Burma-sectarian-violence.html
2013-10-02,22:36:31,1nkxa7,48,India tortured teenage servant rescued in Delhi,bbc.co.uk,http://www.bbc.co.uk/news/world-asia-india-24344900
