2013-10-23,03:39:02,1ozrou,4070,"First 3D printers arrive to Haiti, quickly put to use making umbilical cord clamps and other hard-to-obtain medical gear",makezine.com,http://makezine.com/2013/10/18/3d-printing-umbilical-cord-clamps-in-haiti/
2013-10-23,18:39:14,1p1gr4,2455,India: Minor girl gang raped and burnt alive,timesofindia.indiatimes.com,http://timesofindia.indiatimes.com/city/lucknow/Class-8th-UP-girl-burnt-alive-after-gang-rape-by-3-villagers/articleshow/24584974.cms
2013-10-23,00:04:21,1ozabh,2241,Groom gets a year in jail for staging a bomb hoax on his wedding day to avoid bride finding out he had forgotten to book a venue,theguardian.com,http://www.theguardian.com/uk-news/2013/oct/22/groom-jailed-wedding-day-bomb-hoax
2013-10-23,01:02:05,1ozetj,2039,"Mexico officially bans genetically modified corn, citing risk of imminent harm to the environment",banoosh.com,http://banoosh.com/blog/2013/10/22/huge-gmo-news/
2013-10-23,13:32:42,1p138q,1579,Pirate Bay founder writes open letter seeking to stop his extradition from Sweden,rt.com,http://rt.com/news/pirate-bay-founder-letter-extradition-578/
2013-10-23,19:07:30,1p1hr7,1420,"A Yemeni father has burned his 15-year-old daughter to death for keeping in touch with her fiance, police said, sparking further outrage in Yemen, where an eight-year girl died from internal bleeding on her wedding night a month ago.",reuters.com,http://www.reuters.com/article/2013/10/23/yemen-daughter-idINDEE99M05420131023
2013-10-23,22:22:32,1p1qpi,1147,European Parliament calls for suspension of EU-US bank data deal (SWIFT) in response to NSA snooping,europarl.europa.eu,http://www.europarl.europa.eu/news/en/news-room/content/20131021IPR22725/html/MEPs-call-for-suspension-of-EU-US-bank-data-deal-in-response-to-NSA-snooping
2013-10-23,19:42:13,1p1izc,1057,"Edward Snowden NSA files: Guardian should be prosecuted, says Tory MP",theguardian.com,http://www.theguardian.com/politics/2013/oct/22/edward-snowden-guardian-should-be-prosecuted-tory-mp
2013-10-23,23:13:08,1p1u28,926,The leader of Poland's Catholic Church suggests that children are partly to blame for being sexually abused by priests.,m.apnews.mobi,http://m.apnews.mobi/ap/db_6776/contentdetail.htm?contentguid=CmH2uDph
2013-10-23,21:47:43,1p1oid,895,Bahrain Just Bought More Tear Gas Canisters Than It Has Citizens,vice.com,http://www.vice.com/read/bahrain-just-bought-more-tear-gas-canisters-than-it-has-citizens
2013-10-23,14:41:06,1p17bc,765,"As New South Wales endures its earliest wild fire season, Australian Prime Minister Tony Abbott says UN climate head is 'talking through her hat' claiming a link between climate change and wildfires",theguardian.com,http://www.theguardian.com/world/2013/oct/23/abbott-figueres-talking-hat-bushfires
2013-10-23,19:24:06,1p1ibk,472,"Vatican suspends 'bishop of bling': The Vatican suspends a German Catholic bishop dubbed the ""bishop of bling"" over his alleged lavish spending",bbc.co.uk,http://www.bbc.co.uk/news/world-europe-24638430#TWEET932203
2013-10-23,05:16:03,1p0013,442,"Denmark is considered to be the happiest place on earth, yet again.",huffingtonpost.com,http://www.huffingtonpost.com/2013/10/22/denmark-happiest-country_n_4070761.html
2013-10-23,12:13:05,1p0xql,402,"Diebold charged with bribing officials, falsifying records in China, Russia, Indonesia; fined nearly $50 million",cleveland.com,http://www.cleveland.com/metro/index.ssf/2013/10/diebold_charged_with_bribing_o.html
2013-10-23,09:32:15,1p0l52,346,Canadian civil liberties group sues Spy agency (Equivalent of NSA) for violating the charter of rights and freedoms,cbc.ca,http://www.cbc.ca/news/canada/british-columbia/canadian-spy-agency-sued-for-allegedly-violating-charter-1.2158884
2013-10-23,00:14:11,1ozb33,284,Another Blond Girl Seized from a Gypsy Camp - This time in Dublin,independent.co.uk,http://www.independent.co.uk/news/world/europe/irelands-maria-young-blonde-roma-girl-seized-from-camp-in-dublin-8896935.html
2013-10-23,01:14:33,1ozfte,284,Two police officers sacked over using Taser on innocent man five times - Kyle McArdle was put into the back of a police van and hit with five Taser rounds after he was spotted urinating in an alley,independent.co.uk,http://www.independent.co.uk/news/uk/crime/two-police-officers-sacked-over-using-taser-on-innocent-man-five-times-8896312.html
2013-10-23,21:30:35,1p1nj3,208,Boko Haram Islamists Hack 19 Motorists To Death,english.alarabiya.net,http://english.alarabiya.net/en/News/africa/2013/10/20/Residents-Boko-Haram-Islamists-kill-19-in-Nigeria-s-northeast-.html
2013-10-23,13:05:47,1p11fz,183,"Ukrainian Anti-Muslim/White extremist murdered 82-year-old Muslim man, planted mosque bombs in Britain. ""He said he murdered (Saleem) because he wasn't white.""",reuters.com,http://www.reuters.com/article/2013/10/21/us-britain-mosques-racist-idUSBRE99K0LS20131021
2013-10-23,20:52:32,1p1lte,182,"Big typhoons may collide: Less than a week after being hit by the largest typhoon in a decade, Tokyo is bracing for another strong storm that will likely reach the area Saturday, and it may get merged with an even stronger approaching tempest.",japantimes.co.jp,http://www.japantimes.co.jp/news/2013/10/23/national/big-typhoons-may-collide-off-honshu/#.Ume4PXDIZgg
2013-10-23,04:28:05,1ozvt4,183,"Bell to track customers web usage, mobile history, phone calls and TV veiwing in changed privacy policy. More intrusive than anything Google has done.",lethbridgeherald.com,http://lethbridgeherald.com/business/business-news/2013/10/bell-to-track-customers-web-history-tv-viewing-phone-calls-mobile-usage/
2013-10-23,05:17:33,1p0064,172,Obama Administration Reportedly Halts Aid to Syrian Rebels,dailykos.com,http://www.dailykos.com/story/2013/10/22/1249660/-Obama-Administration-Reportedly-Cuts-Aid-to-Syrian-Rebels
2013-10-23,21:13:48,1p1mp8,164,"Nigeria’s Islamic Police Arrest 150 For Violating Sharia Dress Codes, Having Un-Islamic Hairstyles",timesofindia.indiatimes.com,http://timesofindia.indiatimes.com/world/rest-of-world/Islamic-police-in-Nigerias-Kano-launch-immorality-crackdown/articleshow/24549731.cms
2013-10-23,16:05:13,1p1b9t,152,"Back to the future: Communist Party may gain power in the Czech Republic -- Fed up with corruption, a disenchanted electorate could give the Communists their first real influence since 1989 in elections this week.",globalpost.com,http://www.globalpost.com/dispatch/news/regions/europe/czech-republic/131021/czech-republic-communist-party-parliametary-elections
2013-10-23,21:41:05,1p1o4s,143,‘Civil war’ breaks out within Al-Shabaab,africareview.com,http://www.africareview.com/Special-Reports/Civil-war-breaks-out-within-Al-Shabaab/-/979182/2043678/-/y3qb3hz/-/index.html
2013-10-23,22:20:44,1p1ql5,124,"""A couple who trafficked a 10-year-old girl to the UK who was repeatedly raped and kept as a servant for nearly a decade have been jailed...guilty of 13 counts of rape, was jailed for 13 years.""",bbc.co.uk,http://www.bbc.co.uk/news/uk-england-24641826
2013-10-23,19:51:13,1p1jbx,121,"World Wide Web Inventor Calls for Protection of Whistleblowers ""'If we have guards, we need to have guards that guard them. And the guards of the guards must be responsible to the public.' Such a system has yet to be set up, he said.""",hollywoodreporter.com,http://www.hollywoodreporter.com/news/world-wide-web-inventor-calls-650314
2013-10-23,22:41:32,1p1rx2,116,Argentina Is Using More Pesticide Than Ever Before. And Now It Has Cancer Clusters.,motherjones.com,http://www.motherjones.com/tom-philpott/2013/10/argentina-cancer-cluster-pesticide
2013-10-23,11:32:30,1p0un8,106,"Women in a small town in southwestern Colombia have stopped having sex with their significant others to protest the terrible condition of a road that connects their town to the rest of Colombia. And the campaign, dubbed the “crossed legs movement,” seems to be working",pri.org,http://pri.org/stories/2013-10-22/one-colombian-town-women-say-no-sex-until-their-demands-are-met
2013-10-23,08:05:06,1p0eaj,94,Greece cuts state funds for far-right Golden Dawn party,bbc.co.uk,http://www.bbc.co.uk/news/world-europe-24633611
