2013-03-10,22:53:16,1a0wgc,2656,"Geist: The Canadian government is characterizing its Bill C-56 as an anti-counterfeiting bill, yet this week NDP MP Charmaine Borg framed it more accurately as ""ACTA through the backdoor.""",michaelgeist.ca,http://www.michaelgeist.ca/content/view/6800/125/
2013-03-10,08:56:25,19zzi2,2403,Queen Elizabeth to Sign Commonwealth Charter Promoting Gay Rights And Gender Equality,pamshouseblend.firedoglake.com,http://pamshouseblend.firedoglake.com/2013/03/09/queen-elizabeth-to-sign-commonwealth-charter-promoting-gay-rights-and-gender-equality/
2013-03-10,17:42:05,1a0nre,2330,North Korea Forces Await 'Final Strike Order' from Kim Jong-un,ibtimes.co.uk,http://www.ibtimes.co.uk/articles/444277/20130310/north-korea-pyongyang-military-drill-seoul-washington.htm
2013-03-10,03:08:21,19zdwc,2105,"North Korea’s missile arsenal, its potential reach and payloads | Graphics | News",news.nationalpost.com,http://news.nationalpost.com/2012/02/13/graphic-dprk-intentions/
2013-03-10,22:30:35,1a0vjr,1706,"Northwestern University journalism student spends 10 days in jail in Qatar for reporting on a fire. Qatar police accuse him of being a Syrian spy and make him sign papers without reading them, and Northwestern refuses to help him.",nuchronicle.com,http://nuchronicle.com/reporting-in-qatar-part-2-northwestern-university-does-not-help-or-support-criminals/
2013-03-10,21:28:44,1a0th4,1220,"
Spanish sperm whale death linked to UK supermarket supplier's plastic: the whale had swallowed 17kg of plastic waste dumped into the sea by farmers tending greenhouses supplying produce for British supermarkets",guardian.co.uk,http://www.guardian.co.uk/world/2013/mar/08/spain-sperm-whale-death-swallowed-plastic
2013-03-10,13:43:31,1a0foz,753,"When China's environment ministry told attorney Dong Zhengwei he couldn't have access to two-year old data about soil pollution because it was a ""state secret"", it added to mounting public outrage over the worsening environment",reuters.com,http://www.reuters.com/article/2013/03/10/us-china-parliament-pollution-idUSBRE92900R20130310
2013-03-10,20:37:26,1a0s1k,694,"The Countries Where Women Have the Best Lives, in Charts - a look at the regions where women are healthiest, happiest, make most, and are most likely to hold positions of power",theatlantic.com,http://www.theatlantic.com/international/archive/2013/03/the-countries-where-women-have-the-best-lives-in-charts/273848/
2013-03-10,21:15:35,1a0t3g,687,"Dubbed ""The Punisher,"" Alexei Volkov takes a zero-tolerance approach to being cut off while driving his bus on Russia's roads.",worldnews.nbcnews.com,http://worldnews.nbcnews.com/_news/2013/03/10/17237694-the-punisher-takes-vengeance-on-russias-bad-drivers
2013-03-10,15:12:30,1a0jep,572,Sweden will not amend 'wife import' rules:  Equality Minister Maria Arnholm wants Sweden to keep the right to deport women whose relationships with Swedish spouses end within two years of their arrival in Sweden.,thelocal.se,http://www.thelocal.se/46638/20130309/#.UTwyElfxdf0
2013-03-10,11:07:44,1a0760,333,Is North Korea a credible threat? Their army is a Cold War relic. ,npr.org,http://www.npr.org/2013/03/09/173839660/how-credible-are-north-koreas-threats
2013-03-10,03:49:28,19zgfx,279,Why is North Korea so aggressive lately? Simple: nukes mean negotiating power.,guardian.co.uk,http://www.guardian.co.uk/world/2013/mar/08/north-korea-flamboyant-threats-wild
2013-03-10,20:36:41,1a0s0q,239,"""Thousands have been killed and millions made homeless in Syria's civil war, but it has also caused irreparable damage to some of the world's most precious historical sites. The treasures now being destroyed matter to everyone on the planet, argues historian Dan Snow.""",bbc.co.uk,http://www.bbc.co.uk/news/magazine-21702546
2013-03-10,20:26:43,1a0rrc,212,"Israelis Flock To Berlin For Better Life: ""Young immigrants find the German capital to be hip and cheap - and still contains traces of its Jewish past.""",aljazeera.com,http://www.aljazeera.com/indepth/features/2013/02/201322711114892470.html
2013-03-10,07:38:00,19zupw,171,Iran-North Korea Pact Draws Concern,online.wsj.com,http://online.wsj.com/article/SB10001424127887323628804578348640295282274.html?mod=WSJ_hp_mostpop_read
2013-03-10,03:48:11,19zgcx,132,China won't forsake N.Korea,nytimes.com,http://www.nytimes.com/2013/03/10/world/asia/china-says-it-will-not-abandon-north-korea.html?hp&_r=0
2013-03-10,23:34:59,1a0y86,113,"Mystery surrounds discovery of more than 900 dead pigs found floating in Chinese river. According to the city's water supplies bureau the dead pigs were spotted in a section used as a drinking water source for Shanghai residents
",independent.co.uk,http://www.independent.co.uk/news/world/asia/mystery-surrounds-discovery-of-more-than-900-dead-pigs-found-floating-in-chinese-river-8528119.html
2013-03-10,11:07:39,1a075u,114,German pilot in WWII spared an American B-17 pilot over Germany only to reunite 40 years later and become fishing buddies,cnn.com,http://www.cnn.com/2013/03/09/living/higher-call-military-chivalry/index.html?hpt=hp_c2
2013-03-10,12:18:38,1a0b5k,109,Falklands votes in sovereignty referendum rejected by Argentina:  Residents of the Falkland Islands vote on Sunday in a sovereignty referendum aimed at countering Argentina's increasingly assertive claim over the British-ruled territory.,reuters.com,http://www.reuters.com/article/2013/03/10/us-falklands-referendum-idUSBRE92901620130310
2013-03-10,02:55:16,19zd1v,103,"Newly crowned Miss Russia attacks Pussy Riot sentence, says ""their punishment is too harsh.""",worldnews.nbcnews.com,http://worldnews.nbcnews.com/_news/2013/03/09/17248228-newly-crowned-miss-russia-attacks-pussy-riot-sentence?lite
2013-03-10,17:55:00,1a0o30,99,"Proposals to Slaughter Up to 750,000 Deer in Britain Would Threaten 1000s of Jobs, Say Furious Gamekeepers - 
Highland estates & rural communities would be devastated by loss of income from stalking if proposal is acted on.  They warn estates will close & communities die.""",guardian.co.uk,http://www.guardian.co.uk/environment/2013/mar/09/deer-cull-would-destroy-livelihoods
2013-03-10,04:49:20,19zk8o,98,Calls for Military Coup as Crisis Worsens in Egypt,nytimes.com,http://www.nytimes.com/2013/03/10/world/middleeast/egypt-sentences-2012-soccer-riot.html
2013-03-10,15:10:54,1a0jci,93,"Christian neighborhood in Lahore, Pakistan attacked over alleged blasphemy:  Over 150 houses and at least two churches were set on fire in the Christian neighborhood of Joseph Colony.",globalpost.com,http://www.globalpost.com/dispatch/news/regions/asia-pacific/pakistan/130309/christian-neighborhood-lahore-pakistan-attacked-blasphemy
2013-03-10,13:55:50,1a0g8e,90,Recently appointed Mexican state tourism minister shot dead near city of Guadalajara,aljazeera.com,http://www.aljazeera.com/news/americas/2013/03/201331022343355976.html
2013-03-10,05:49:14,19znxd,82,"Kidnappers executed a British engineer and six expatriate colleagues abducted in northern Nigeria after an alleged attempt to rescue them, an al-Qaeda-allied Islamist group claimed on Saturday.
",telegraph.co.uk,http://www.telegraph.co.uk/news/worldnews/africaandindianocean/nigeria/9919656/Nigerian-militants-kill-seven-hostages-including-Briton.html
2013-03-10,00:12:29,19z3g2,74,A Saudi Arabian court has sentenced two human rights and political activists to lengthy jail terms for setting up an illegal organisation and rebelling against the authority of the king,bbc.co.uk,http://www.bbc.co.uk/news/world-middle-east-21726466
2013-03-10,23:30:12,1a0y0s,65,A Flesh-eating Bacteria Has Infected 6 and Killed 3 in Honduras (from r/globalhealth),healthmap.org,http://www.healthmap.org/news/flesh-eating-bacteria-honduras-21913
2013-03-10,18:47:52,1a0pcc,57,Move over Australia: dog-sized rat discovered in Papua New Guinea,abc.net.au,http://www.abc.net.au/news/2013-03-10/png-discovery/4564142
2013-03-10,16:00:46,1a0l39,55,China's top Internet security agency singles out the United States as the top source of hacking ,reuters.com,http://www.reuters.com/article/2013/03/10/us-china-hacking-idUSBRE92902F20130310
2013-03-10,10:30:54,1a054s,49,"Protests over planned dam turn violent in Panama--said to displace at least 36,000 people.",france24.com,http://www.france24.com/en/20130310-protests-over-planned-dam-turn-violent-panama
