2013-02-11,18:58:09,18axbi,3644,"Pope Pope Benedict XVI 'to resign'. The Pope is to resign at the end of this month in an entirely unexpected development, reports from the Vatican say.",bbc.co.uk,http://www.bbc.co.uk/news/world-21411304
2013-02-11,04:12:23,189g9n,2910,"“To get the gold, they will have to kill every one of us” - The most-storied warrior tribe in Ecuador prepares to fight as the government sells gold-laden land to China",salon.com,http://www.salon.com/2013/02/10/to_get_the_gold_they_will_have_to_kill_every_one_of_us/
2013-02-11,21:15:57,18b1vc,2240,"
Leaked Documents Reveal Gas Company Eyeing Protected Region in Peruvian Amazon Where Biodiversity ""Exceeds That of Any Other Place on Earth"" & is Home to  Indigenous People Who Have No Regular Contact With the Outside World",guardian.co.uk,http://www.guardian.co.uk/environment/2013/feb/11/gas-company-manu-park-amazon?intcmp=122
2013-02-11,00:58:15,1893cg,1810,"China tightens concert rules after Elton John's 'disrespectful' Beijing show. Officials considered banning foreign artists without university degrees, after singer dedicated song to Ai Weiwei, say sources",guardian.co.uk,http://www.guardian.co.uk/world/2013/feb/10/china-tightens-concerts-rules
2013-02-11,18:30:00,18awh6,1483,"""Unfortunately, we live in an age where any no-brains that brandishes a gun and screams 'God is great' thinks he's speaking for Islam, when he is merely just a hoodlum with a gun.""",npr.org,http://www.npr.org/blogs/thetwo-way/2013/02/10/171479658/will-syria-become-an-islamist-state
2013-02-11,00:32:08,1891ws,998,An asteroid is going to fly by Earth on Feb.15. This is going to be the closest an asteroid has come to Earth without hitting it.,nasa.gov,http://www.nasa.gov/topics/solarsystem/features/asteroidflyby.html
2013-02-11,21:19:16,18b20h,690,Wind power capacity grew 20% globally in 2012,guardian.co.uk,http://www.guardian.co.uk/environment/2013/feb/11/wind-power-capacity-grew-2012
2013-02-11,00:14:32,18910b,605,Farmer’s use of genetically modified soybeans grows into Supreme Court case,washingtonpost.com,http://www.washingtonpost.com/politics/farmers-use-of-genetically-modified-soybeans-grows-into-supreme-court-case/2013/02/09/8729f05a-717c-11e2-ac36-3d8d9dcaa2e2_story.html?hpid=z2
2013-02-11,22:41:39,18b5ut,376,"Fascism mounts a comeback in Italy. As Italy prepares for elections, Mussolini, the father of Fascism, is casting a long shadow. ",globalpost.com,http://www.globalpost.com/dispatch/news/regions/europe/italy/130208/fascism-mounts-comeback-italy
2013-02-11,06:25:27,189pyp,265,Outrage After Job Center Suggests Brothel Job for Young Woman in Germany,spiegel.de,http://www.spiegel.de/international/zeitgeist/outrage-after-job-center-suggests-brothel-job-for-young-woman-in-germany-a-882021.html
2013-02-11,08:39:23,189zn2,260,"Afghan boy, 13, jailed for having sex with men",smh.com.au,http://www.smh.com.au/world/afghan-boy-13-jailed-for-having-sex-with-men-20130211-2e729.html
2013-02-11,14:50:31,18ap0s,259,"Microsoft, Apple (and others) summonsed to explain high prices in Australia",abc.net.au,http://www.abc.net.au/news/2013-02-11/microsoft-apple-summonsed-to-front-parliamentary-committee/4512236
2013-02-11,21:54:57,18b3h8,208,"An energy company is eyeing up the gas reserves of a national park in the Peruvian Amazon whose biodiversity Unesco says ""exceeds that of any other place on Earth"" and is home to indigenous people who have no regular contact with the outside world",guardian.co.uk,http://www.guardian.co.uk/environment/2013/feb/11/gas-company-manu-park-amazon
2013-02-11,18:24:45,18awbj,196,"Israeli police detained 10 women at one of Judaism's most sacred sites for wearing prayer shawls, which Orthodox tradition sees as solely for men",reuters.com,http://www.reuters.com/article/2013/02/11/us-israel-religion-women-idUSBRE91A08G20130211
2013-02-11,02:29:02,189941,197,"Attackers in northern Nigeria killed three Korean doctors, beheading one of them, two days after suspected Islamic fundamentalists shot dead nine polio vaccinators nearby",telegraph.co.uk,http://www.telegraph.co.uk/news/worldnews/africaandindianocean/nigeria/9860869/Doctor-beheaded-and-two-others-killed-in-Nigeria.html
2013-02-11,12:02:46,18aeol,134,"Islamic extremists armed with AK-47 automatic rifles invaded Gao in wooden boats in a surprise attack on the most populous city in northern Mali: ""Gao is becoming like Pakistan""",guardian.co.uk,http://www.guardian.co.uk/world/2013/feb/11/islamic-extremists-attack-gao-mali
2013-02-11,14:55:27,18ap8z,134,"After 2 months absent, still no sign of Chavez:  Two months have passed since Venezuelan President Hugo Chavez climbed the stairs of the presidential jet, blew kisses to his supporters and flew to Cuba to undergo his fourth cancer-related surgery.",metronews.ca,http://metronews.ca/news/world/544188/after-2-months-absent-still-no-sign-of-chavez/
2013-02-11,10:17:32,18a6yr,101,"To curb poaching menace, India is considering issuing ""shoot-at-sight"" orders.",articles.timesofindia.indiatimes.com,http://articles.timesofindia.indiatimes.com/2013-02-09/flora-fauna/37007265_1_shoot-at-sight-assam-minister-kaziranga-national-park
2013-02-11,08:43:51,189zzy,101,"Anti-gay, religious group gets funds from the Canadian government to work in Uganda",cbc.ca,http://www.cbc.ca/news/politics/story/2013/02/10/pol-cp-anti-gay-religious-group-gets-funding-from-ottawa-to-work-in-africa.html
2013-02-11,11:06:11,18aakv,90,"Two people in southwest China have tested positive for the H5N1 bird flu virus and are critically ill, state news agency Xinhua said on Sunday, citing the Chinese health ministry.",reuters.com,http://www.reuters.com/article/2013/02/10/us-china-health-birdflu-idUSBRE91906T20130210
2013-02-11,06:29:36,189q9w,82,"China has leapfrogged the US to become the world’s biggest trading nation, bringing an end to the US’s post-war dominance of global commerce.  ",telegraph.co.uk,http://www.telegraph.co.uk/finance/economics/9860518/China-trade-now-bigger-than-US.html
2013-02-11,07:19:09,189tsk,57,"Over the Antarctic, the Smallest Ozone Hole In a Decade ",esa.int,http://www.esa.int/Our_Activities/Observing_the_Earth/Is_the_ozone_layer_on_the_road_to_recovery
2013-02-11,08:47:22,18a08i,57,"The pilgrims came, millions upon millions of them, in the greatest tide of humanity ever seen. Again and again, the vast crowds threatened to press too close, to trample the smallest. Then it happened ...
As many as 30 people were killed",nytimes.com,http://www.nytimes.com/2013/02/11/world/asia/deadly-stampede-at-the-hindu-festival-kumbh-mela.html?partner=rss&emc=rss&_r=0
2013-02-11,18:55:13,18ax7q,53,Pope Benedict XVI to resign feb 28,itv.com,http://www.itv.com/news/update/2013-02-11/pope-benedict-to-resign/
2013-02-11,11:47:21,18adjz,49,"Syrian fighter jets begun to strike Jobar neighborhood, creating the disturbing spectacle of a government’s bombing its own capital",nytimes.com,http://www.nytimes.com/2013/02/11/world/middleeast/syrian-war-closes-in-on-the-heart-of-damascus.html
2013-02-11,11:45:23,18adek,50,"Amnesty International called on the Turkish authorities to carry out a prompt, thorough and impartial investigation into the series of attacks on elderly Armenian women in Istanbul.",asbarez.com,http://asbarez.com/108000/amnesty-international-calls-on-turkey-to-investigate-attacks-against-armenian/
2013-02-11,23:35:55,18b8y8,46,Blast on Turkish Border With Syria Kills at Least Seven,nytimes.com,http://www.nytimes.com/reuters/2013/02/11/world/middleeast/11reuters-syria-crisis-turkey-toll.html
2013-02-11,03:40:16,189e3q,44,"Iran, Hezbollah build militia networks in Syria in event that Assad falls, officials say",washingtonpost.com,http://www.washingtonpost.com/world/national-security/iran-hezbollah-build-militia-networks-in-syria-in-event-that-assad-falls-officials-say/2013/02/10/257a41c8-720a-11e2-ac36-3d8d9dcaa2e2_story.html?tid=sm_btn_reddit
2013-02-11,23:34:47,18b8vc,45,"In China, a Vast Chasm Between the Rich and the Rest",opinionator.blogs.nytimes.com,http://opinionator.blogs.nytimes.com/2013/02/09/in-china-a-vast-chasm-between-the-rich-and-the-rest
2013-02-11,08:37:43,189zg7,30,"In Italian prisons, conditions are poor, but theater is thriving -- Though Italian prisons struggle amid overcrowding and underfunding, 110 prison theater groups have formed, including an acclaimed troupe of mobsters and drug traffickers at Rebibbia.",chicagotribune.com,"http://www.chicagotribune.com/news/nationworld/la-fg-italy-prison-theater-20130210,0,5267139,full.story"
