2013-09-19,18:19:13,1mp8pe,2987,"Australia's new Prime Minister, Tony Abbott, has just dissolved the Climate Commission, as part of his stance about climate change being being a false idea",abc.net.au,http://www.abc.net.au/news/2013-09-19/flannery-defends-climate-commission-after-government-scrapping/4969120
2013-09-19,23:06:46,1mplpo,2783,Syria just became a three-way war: Islamist rebels attack non-Islamist rebels,medium.com,https://medium.com/war-is-boring/7b44b10b748e
2013-09-19,04:10:23,1mnss9,2551,"Amazing scenes across Greece and in Athens. A large anarchist/antifascist block of 3000-4000 people is heading towards Golden Dawn’s offices in Nikaia. Golden Dawn’s offices are being smashed. People are chanting ‘the blood is running, it seeks revenge’.",blog.occupiedlondon.org,http://blog.occupiedlondon.org/2013/09/18/murder-of-pavlos-fissas-and-its-aftermath-updates-september-18-evening-demonstrations/
2013-09-19,19:00:55,1mpa0t,2308,"Hiroshi Yamauchi, former Nintendo president who transformed a small playing cards company into a global video game giant, has died at 85.",huffingtonpost.co.uk,http://www.huffingtonpost.co.uk/2013/09/19/hiroshi-yamauchi-dead-nintendo_n_3952612.html
2013-09-19,21:56:35,1mphc6,1896,"Turkish government hiring 6,000 young Twitter users to post propaganda",dailydot.com,http://www.dailydot.com/news/turkey-twitter-gezi-akp-propaganda/
2013-09-19,04:00:08,1mnrxs,1888,Greece moves to ban far-right Golden Dawn party,theguardian.com,http://www.theguardian.com/world/2013/sep/18/greece-ban-golden-dawn-pavlos-fyssas?CMP=twt_fd
2013-09-19,04:09:56,1mnsqj,1771,Canadian Scientists push campaign for evidence-based decision making from government,theglobeandmail.com,http://www.theglobeandmail.com/news/national/scientists-aim-to-put-state-of-canadian-research-in-the-public-spotlight-with-demonstrations/article14332546/
2013-09-19,21:27:49,1mpft3,1673,Netflix exec: Canada’s broadband caps “almost a human rights violation”,gigaom.com,http://gigaom.com/2012/09/13/netflix-canada-caps-human-rights-violation/
2013-09-19,19:59:06,1mpc05,1256,"""It's just harmless fun,"" says terrifying clown who has been stalking an English town for a week",independent.co.uk,http://www.independent.co.uk/news/uk/home-news/just-harmless-fun-the-creepy-clown-of-northampton-speaks-outbeep-beep-8826179.html
2013-09-19,20:21:42,1mpcv6,1177,"Developer Destruction of Pre-Inca Pyramid Goes Unpunished - “I was desperate & climbed the hill to tell the watchman to call the police. When it happened, I felt a deep pain, as this is part of my country, they are destroying my identity, my culture & this is an act of treason against our nation.”",pasthorizonspr.com,http://www.pasthorizonspr.com/index.php/archives/09/2013/developer-destruction-of-pre-inca-pyramid-goes-unpunished
2013-09-19,22:03:36,1mphqe,898,"Tens of millions of elderly Chinese are being left behind by the country’s transformation, suffering poverty, illness and depression. It has become such a serious problem that the Chinese government put into effect a law allowing parents to sue their children if they failed to visit and support them",washingtonpost.com,http://www.washingtonpost.com/world/chinas-transformation-frays-traditional-family-ties-hurting-many-seniors/2013/09/18/50765b42-1538-11e3-961c-f22d3aaf19ab_story.html?tid=rssfeed
2013-09-19,12:07:16,1mos7t,600,Tepco successfully lobbied against a proposed ground water barrier wall two months after Fukushima because the cost could have stirred speculation it would be driven into bankruptcy.,reuters.com,http://www.reuters.com/article/2013/09/18/us-japan-fukushima-water-idUSBRE98H14A20130918
2013-09-19,19:07:58,1mpa9d,582,Rhino poaching kingpin arrested in South Africa,hippyraver.com,http://hippyraver.com/?p=3668
2013-09-19,00:48:56,1mncoj,569,Daddy's Girl: How An African 'Princess' Banked $3 Billion In A Country Whose Citizens Are Living On $2 A Day,forbes.com,http://www.forbes.com/sites/kerryadolan/2013/08/14/how-isabel-dos-santos-took-the-short-route-to-become-africas-richest-woman/2/
2013-09-19,22:59:39,1mpl7i,451,"Mugabe wants rapists castrated, says ""that which makes him rape, must go""",africareview.com,http://www.africareview.com/News/Zimbabwean-President-wants-rapists-castrated/-/979180/1998856/-/bnmvxd/-/index.html
2013-09-19,06:19:38,1mo37d,372,Brazil looks to break from U.S.-centric Internet,world.time.com,http://world.time.com/2013/09/18/brazil-looks-to-break-from-u-s-centric-internet/
2013-09-19,21:58:33,1mphfm,350,"Europe is Wiping Out its Seabass Population, Thanks in Part to Trendy Chefs - Posh diners are swallowing up yet another species from the ocean. The population of the once populous fish has plummeted 32% since 2009 & has hit a 20-yr low.",qz.com,http://qz.com/125753/europe-is-wiping-out-its-seabass-population-thanks-in-part-to-trendy-chefs/
2013-09-19,04:08:55,1mnsnc,279,"Sir David Attenborough: If we do not control population, the natural world will",telegraph.co.uk,http://www.telegraph.co.uk/culture/tvandradio/10316271/Sir-David-Attenborough-If-we-do-not-control-population-the-natural-world-will.html
2013-09-19,22:32:57,1mpjec,267,British scientists claim to have found proof of alien life,independent.co.uk,http://www.independent.co.uk/news/science/the-truth-is-out-there-british-scientists-claim-to-have-found-proof-of-alien-life-8826690.html
2013-09-19,04:10:20,1mnss4,260,"""Go and live in the forest!"" Turkish PM tells environmental activists",hurriyetdailynews.com,http://www.hurriyetdailynews.com/go-and-live-in-the-forest-turkish-pm-tells-environmental-activists.aspx?pageID=238&nID=54712&NewsCatID=338
2013-09-19,03:52:22,1mnrc3,239,Iran's president Rouhani: We will never develop nuclear weapons - has full authority to make a deal with the West on the disputed atomic program.,worldnews.nbcnews.com,http://worldnews.nbcnews.com/_news/2013/09/18/20561148-irans-president-rouhani-we-will-never-develop-nuclear-weapons
2013-09-19,22:56:16,1mpkza,234,"Australia's new Prime Minister, Tony Abbott, plans to destroy 3 million cubic metres of The Great Barrier Reef, a World Heritage Site, to create a shipping highway",greatbarrierreef.org.au,http://www.greatbarrierreef.org.au/great-barrier-reef-will-be-lost-under-abbott-the-guardian/
2013-09-19,03:51:54,1mnrb2,229,"Tchaikovsky was not gay, says Russian culture minister, discarding what has long been regarded as historical fact",theguardian.com,http://www.theguardian.com/music/2013/sep/18/tchaikovsky-not-gay-russian-minister
2013-09-19,22:43:15,1mpk34,219,Naked protest outside Brazilian Congress To Demand End of Secret Voting in Brazilian Congress,daily-times.com,http://www.daily-times.com/ci_24129721/naked-protest-outside-brazilian-congress
2013-09-19,09:41:33,1moi82,215,Police whistleblower denied immunity from prosecution,theguardian.com,http://www.theguardian.com/uk-news/2013/sep/18/police-whistleblower-denied-immunity-prosecution
2013-09-19,18:30:17,1mp92b,210,"'Honor Killing' in India: Girl lynched by family, boy beheaded in Haryana village",ndtv.com,http://www.ndtv.com/article/india/killed-for-eloping-girl-lynched-by-family-boy-beheaded-in-haryana-village-420725?pfrom=home-lateststories
2013-09-19,01:45:39,1mnh1d,161,Father of gang-raped 5-year-old demands justice as case sparks protests across Pakistan - The father of a five-year-old who was gang-raped and dumped on a road in Pakistan’s second largest city wept as he called on officials to find and punish those responsible for the attack.,worldnews.nbcnews.com,http://worldnews.nbcnews.com/_news/2013/09/17/20541518-father-of-gang-raped-5-year-old-demands-justice-as-case-sparks-protests-across-pakistan
2013-09-19,14:52:35,1mp1a8,165,Europe's Space Agency is going to harpoon a comet and ride it into the Sun,blogs.smithsonianmag.com,http://blogs.smithsonianmag.com/smartnews/2013/09/europes-space-agency-is-going-to-harpoon-a-comet-and-ride-it-into-the-sun/
2013-09-19,05:41:14,1mo0ak,147,Iranian President tells NBC: We will never develop nuclear weapons,haaretz.com,http://www.haaretz.com/news/middle-east/1.547818
2013-09-19,04:19:28,1mnti3,138,Syria border town 'overrun by al-Qaeda group',aljazeera.com,http://www.aljazeera.com/news/middleeast/2013/09/2013918182757847937.html
