2013-11-05,22:38:41,1py8ww,3925,China discovers that pollution makes it really hard to spy on people - 20 million surveillance cameras are now useless,qz.com,http://qz.com/143660/china-discovers-that-pollution-makes-it-really-hard-to-spy-on-people/
2013-11-05,01:49:17,1pvye3,2513,UK Claim That 'Journalism Equals Terrorism' Sparks Outrage,commondreams.org,http://www.commondreams.org/headline/2013/11/02-2
2013-11-05,07:33:33,1pwsg8,2254,"Teenagers Are Droned, And a Family Cries Out. The U.S. says it was hunting militants on August 8. The dead boys' brother has a different story.",foreignpolicy.com,http://www.foreignpolicy.com/articles/2013/11/04/yemen_drones_teenagers
2013-11-05,08:24:17,1pwww8,1956,"Two billion planets in our galaxy may be suitable for life, far more than previously thought",theguardian.com,http://www.theguardian.com/science/2013/nov/04/planets-galaxy-life-kepler
2013-11-05,19:23:17,1pxzgt,1926,"North Korea: 100,000 prisoners missing, feared dead in gulags",apdforum.com,http://apdforum.com/en_GB/article/rmiap/articles/online/features/2013/10/24/northkorea-gulag-missing
2013-11-05,21:26:29,1py4jw,1281,Pussy Riot convict 'transferred to Siberia',france24.com,http://www.france24.com/en/20131105-pussy-riot-convict-transferred-siberia
2013-11-05,01:41:58,1pvxsm,935,Norway: Bus has been hijacked - currently in progress,translate.google.com,http://translate.google.com/translate?sl=auto&tl=en&js=n&prev=_t&hl=no&ie=UTF-8&u=http%3A%2F%2Fwww.vg.no%2Fnyheter%2Finnenriks%2Fartikkel.php%3Fartid%3D10144877&act=url
2013-11-05,23:03:09,1pyaot,852,There is an engine being developed that would run for a year on 8 grams of Thorium fuel,industrytap.com,http://www.industrytap.com/thorium-fueled-automobile-engine-needs-refueling-once-a-century/15649
2013-11-05,20:46:26,1py2lv,838,"In Colombia, no sex till the road’s fixed. Wives have refused sex to force politicians to form a coalition government in Belgium, to bring down a dictator in Togo and to end factional fighting in the Philippines. “Women... have long known that men have a special vulnerability when it comes to sex.""",globalpost.com,http://www.globalpost.com/dispatch/news/regions/americas/colombia/131101/sex-strike-crossed-leg-protest-road
2013-11-05,01:09:19,1pvv2d,621,Brazil Acknowledges Spying on Diplomats From U.S.,nytimes.com,http://www.nytimes.com/2013/11/05/world/americas/brazil-acknowledges-spying-on-diplomats-from-us.html
2013-11-05,01:30:33,1pvwtp,590,"Brazil spied on US, Russia, Iran, Iraq.",globalpost.com,http://www.globalpost.com/dispatch/news/afp/131104/brazil-spied-us-russia-iran-iraq
2013-11-05,23:21:36,1pyc0h,454,8 year old in China gets lung cancer from smog,google.com,http://www.google.com/hostednews/afp/article/ALeqM5hEp9ph752Xwmk3f50RqhSW2L-wzw?docId=28a65a17-299d-4c06-87bd-dcf3c78ef339
2013-11-05,09:04:58,1px0ay,458,Jihadi Work Accident: Blast Destroys Islamic School In Pakistan After Bombs Being Built By Seminary Students Detonate Prematurely,tribune.com.pk,http://tribune.com.pk/story/626566/mystery-explosion-at-balochistan-religious-seminary/
2013-11-05,07:42:41,1pwt9c,441,"New study says ""One in five Milky Way stars hosts potentially life-friendly Earths""",in.reuters.com,http://in.reuters.com/article/2013/11/04/us-space-exoplanet-idINBRE9A311820131104?mlt_click=Master+Sponsor+Logo%28Active%29_25_More+News_sec-col1-m1_News
2013-11-05,07:56:23,1pwuga,404,Anonymous prepares for ‘Million Mask March’ protests around the world,rt.com,http://rt.com/news/anonymous-million-mask-march-209/
2013-11-05,21:43:56,1py5hc,342,"North Korea says NSA spying scandal proves the USA is ""the worst abuser of human rights""",nknews.org,http://www.nknews.org/2013/11/n-korea-says-u-s-is-the-worst-abuser-of-human-rights/
2013-11-05,11:54:37,1pxe5v,326,"North Korea has revealed that one of its warships sank last month, killing a number of sailors, in a rare admission of military failure.",bbc.co.uk,http://www.bbc.co.uk/news/world-asia-24800228
2013-11-05,06:05:14,1pwknd,321,"Germany is only now exposing many Stasi-era spies, using new computer technology. A new film shows what that's doing to the country, which may help explain Germans' unusually strong stand against NSA spying.",washingtonpost.com,http://www.washingtonpost.com/blogs/worldviews/wp/2013/11/04/germany-is-only-now-exposing-many-stasi-spies-this-film-shows-what-thats-doing-to-the-country/
2013-11-05,07:06:06,1pwq3j,231,NSA chief may lose 'cyber command' powers,theverge.com,http://www.theverge.com/2013/11/4/5066356/nsa-chief-may-lose-cyber-command-powers
2013-11-05,20:54:00,1py2yp,229,"Gardaí (Irish Police) seek help in identifying girl found on the streets of Dublin. They fear that she was victim of sex trafficking. Photos and police contact info in article, if you know who she is",newstalk.ie,http://www.newstalk.ie/Garda-to-release-photo-of-unidentified-girl
2013-11-05,09:06:11,1px0dy,204,Canadian man fights Dubai swearing law by arguing 'fuck off' is not an insult in Canada,news.nationalpost.com,http://news.nationalpost.com/2013/11/04/canadian-man-fights-strict-dubai-swearing-laws-by-arguing-f-off-is-not-an-insult-in-canada/
2013-11-05,13:16:08,1pxjxw,201,India to launch Mars Mission today,washingtonpost.com,http://www.washingtonpost.com/world/asia_pacific/india-launches-mars-mission-as-international-space-race-grows-more-competitive/2013/11/03/34f4b796-44b9-11e3-95a9-3f15b5618ba8_story.html
2013-11-05,04:05:23,1pwa3d,202,"Brazil admits to spying and conducting intelligence surveillance on the US, Iran, and Russia",theglobeandmail.com,http://www.theglobeandmail.com/news/world/brazil-admits-spying-on-us-russian-and-iranian-embassies/article15244829/
2013-11-05,06:08:39,1pwky0,194,Scientists in Alaska Warn About Spread of Fukushima Radiation,intellihub.com,http://intellihub.com/2013/11/04/scientists-in-alaska-warn-about-spread-of-fukushima-radiation/
2013-11-05,14:23:32,1pxo3i,161,"Pakistani Taliban spokesperson threatens to attack offices of UN, Voice of America, BBC and those selling the book ‘I am Malala’",tribune.com.pk,http://tribune.com.pk/story/627300/fear-of-reprisal-pakistans-un-office-warns-employees/
2013-11-05,07:29:49,1pws5b,74,The ruling party in a northwest province of Pakistan voted Monday to block NATO supply lines by Nov. 20 unless the United States stops its drone strikes in the nearby tribal belt.,nytimes.com,http://www.nytimes.com/2013/11/05/world/asia/pakistani-party-votes-to-block-nato-supply-lines-if-drone-strikes-persist.html?ref=world
2013-11-05,22:30:56,1py8e8,64,Health nuts are guzzling coconut water faster than aging palm trees can produce it. The world’s supply of coconut water could be under threat,qz.com,http://qz.com/143336/health-nuts-are-guzzling-coconut-water-faster-than-aging-palm-trees-can-produce-it/
2013-11-05,09:54:48,1px4fb,59,Greek Companies Unable To Pay Taxes Explode From 182K To Over Half A Million In One Month,zerohedge.com,http://www.zerohedge.com/news/2013-11-04/greek-companies-unable-pay-taxes-explode-182k-over-half-million-one-month
2013-11-05,22:01:35,1py6iu,55,Israeli organisation sues Sydney academic for racism and discrimination over boycott support,abc.net.au,http://www.abc.net.au/7.30/content/2013/s3880599.htm
2013-11-05,07:47:58,1pwtow,49,"Astronaut Sounds Alarm On Asteroids - If a big asteroid with Earth’s name on it were to reach us unimpeded, well, we could go the way of the dinosaurs. So a group of astronauts is advising the U.N. on a plan to protect the planet.",scientificamerican.com,http://www.scientificamerican.com/podcast/episode.cfm?id=astronaut-sounds-alarm-on-asteroids-13-11-04
