2013-03-20,22:03:49,1anv6b,2607,More prisoners at Guantanamo Bay have joined a growing hunger strike that their lawyers say reflects hopelessness about their prospects of ever being freed from the detention center in Cuba.,reuters.com,http://www.reuters.com/article/2013/03/20/us-usa-guantanamo-idUSBRE92J0MI20130320
2013-03-20,17:38:55,1ankt4,2517,"british water companies are caught avoiding tax, while raising consumer bills and paying millions to their bosses",independent.co.uk,http://www.independent.co.uk/money/tax/exclusive-now-water-companies-are-caught-avoiding-tax-8496162.html
2013-03-20,06:38:47,1amgwp,2348,North Korea Military Warns it will Attack if US Flies B-52s Again,english.yonhapnews.co.kr,http://english.yonhapnews.co.kr/news/2013/03/20/0200000000AEN20130320000300315.HTML
2013-03-20,15:54:51,1anhtf,1967,A 14 year old Indian kills herself after getting raped at school,timesofindia.indiatimes.com,http://timesofindia.indiatimes.com/city/mumbai/Mumbai-teen-hangs-self-after-sexual-abuse-at-ashram-school/articleshow/19081886.cms
2013-03-20,18:23:12,1anm2l,1873,Australian State passes law ending the 'right to silence' when dealing with police. ,news.com.au,http://www.news.com.au/breaking-news/national/oppn-slammed-over-nsw-right-to-silence-law/story-e6frfku9-1226601328430
2013-03-20,02:24:12,1alvm5,1759,Dennis Rodman reveals Kim Jong Un has a daughter,sports.nationalpost.com,http://sports.nationalpost.com/2013/03/19/dennis-rodman-seems-to-let-it-slip-that-kim-jong-un-has-a-daughter/
2013-03-20,00:40:34,1aln6l,1566,Supreme Court issues ruling allowing foreign buyers of textbooks and movies a right to resell them in the US without the permission of the copyright owner,latimes.com,"http://www.latimes.com/news/nation/nationnow/la-na-nn-supreme-court-copyright-law-20130319,0,5654337.story"
2013-03-20,23:40:49,1ao1r7,1498,"""The Bolshoi Ballet was a brothel"" Female dancer claims ballerinas were forced to sleep with wealthy patrons ",m.bbc.co.uk,http://m.bbc.co.uk/news/entertainment-arts-21856516
2013-03-20,03:08:22,1alz9v,1418,Korea Asks US to Respond to Growing Crimes by US Soldiers,world.kbs.co.kr,http://world.kbs.co.kr/english/news/news_Po_detail.htm?lang=e&id=Po&No=97567&current_page=2
2013-03-20,20:18:06,1anpw5,1040,"Spanish pig farm investigation finds violation of EU animal welfare law: ""pregnant sows kept in sow stalls so narrow that they cannot even turn around."" Also finds ""painful and routine mutilations,"" and overcrowding, says welfare group",fwi.co.uk,http://www.fwi.co.uk/articles/07/03/2013/138020/video-spanish-pig-farmers-flout-sow-stall-ban-says.htm
2013-03-20,20:58:27,1anrmh,860,"“Who among us has not followed girls? When you want to talk to a woman she won’t at first, you have to put in a lot of effort…It’s the same all over the country.”
says an Indian legislator during the debate for passing anti-rape bill, in India's lower house of Parliament.",blogs.wsj.com,http://blogs.wsj.com/indiarealtime/2013/03/20/in-anti-rape-debate-indian-mps-reveal-sexism/
2013-03-20,14:02:16,1andbm,770,Cyber attack paralyzed three news networks and two major banks in South Korea,english.yonhapnews.co.kr,http://english.yonhapnews.co.kr/national/2013/03/20/80/0302000000AEN20130320006000315F.HTML
2013-03-20,18:42:36,1anmmq,516,Builder Saves 2 Year Old Girl's Life in Supermarket. ,uk.news.yahoo.com,http://uk.news.yahoo.com/stranger-saves-girl-australia-supermarket-072340269.html#aPTn4PJ
2013-03-20,00:06:32,1alki4,377,Five men arrested for sexually harassing a Norwegian woman... in India.,ndtv.com,http://www.ndtv.com/article/cities/five-men-arrested-for-allegedly-teasing-norwegian-woman-344373
2013-03-20,19:56:38,1anp3b,350,"Panama 'tax haven' for weathly Germans:  Forget Switzerland; some of Germany's richest families, including Porsche and coffee giant Jacobs, have far-flung businesses registered in oft-forgotten tax haven Panama ",thelocal.de,http://www.thelocal.de/national/20130320-48645.html#.UUmju1d4_6k
2013-03-20,02:22:33,1alvhn,327,86 elephants killed in Chad poaching massacre,guardian.co.uk,http://www.guardian.co.uk/environment/2013/mar/19/86-elephants-chad-poaching-massacre
2013-03-20,18:32:39,1anmck,324,"Poachers in Chad slaughter 89 elephants:  Pregnant females and calves among those killed for tusks, as African governments prepare to hold anti-poaching talks.",aljazeera.com,http://www.aljazeera.com/news/africa/2013/03/201332085244135472.html
2013-03-20,03:24:39,1am0p0,273,"Cyprus votes no on bailout that would have seized money directly from bank accounts, with not one vote in favour of the bill",bbc.co.uk,http://www.bbc.co.uk/news/world-europe-21842966
2013-03-20,04:31:53,1am6bl,249,"Saudi princes not immune from UK law, court rules. High court judgment against father and son could aggravate tensions in relations between Britain and Saudi Arabia",guardian.co.uk,http://www.guardian.co.uk/world/2013/mar/19/saudi-princes-immune-law
2013-03-20,00:49:02,1alnu1,247,US Supreme Court upholds first sale doctrine ,salon.com,http://www.salon.com/2013/03/19/court_sides_with_student_in_case_over_textbooks/singleton/
2013-03-20,05:17:20,1ama7n,234,A U.S. group that tracks clergy abuse called on Pope Francis to apologize Tuesday for what it called the Argentine church's protection of two priests who were eventually convicted of abusing children.,hosted.ap.org,http://hosted.ap.org/dynamic/stories/L/LT_POPE_ARGENTINA_SEX_ABUSE?SITE=RIPAW&SECTION=HOME&TEMPLATE=DEFAULT#.UUjVcs88Uhk.reddit
2013-03-20,23:54:32,1ao2qk,171,"US allegedly coordinates transfer of 3,000 tons of weapons to Syria militants",dailystar.com.lb,http://www.dailystar.com.lb/News/Middle-East/2013/Mar-09/209384-croatia-transit-point-for-syrian-rebel-arms-report.ashx#axzz2O5z6wR2b
2013-03-20,16:43:00,1anjah,163,"Palestinians in Bethlehem set fire to pictures of US President Barack Obama, saying he was not welcome in their city.",jpost.com,http://www.jpost.com/LandedPages/PrintArticle.aspx?id=306831
2013-03-20,07:06:58,1amjav,142,Scotland may allow ‘Jedi’ to perform marriage ceremonies.,news.yahoo.com,http://news.yahoo.com/blogs/sideshow/scotland-may-allow-jedi-perform-marriage-ceremonies-222747678.html
2013-03-20,00:01:43,1alk5x,104,The Catholic crisis in Latin America - Latin Americans are leaving the Church in record numbers,foreignaffairs.com,http://www.foreignaffairs.com/articles/139066/omar-encarnacion/the-catholic-crisis-in-latin-america
2013-03-20,09:57:46,1amwwe,104,Polish miners trapped 600m below ground after earthquake. ,news.sky.com,http://news.sky.com/story/1067056/poland-eighteen-miners-trapped-after-quake
2013-03-20,22:26:39,1anwk8,85,"'Skulls on Screens' at Korean Banks, Broadcasters Following Massive, Malicious Viral Attack",gawker.com,http://gawker.com/5991472/skulls-on-screens-at-korean-banks-broadcasters-following-massive-malicious-viral-attack
2013-03-20,10:15:26,1amyda,63,"North Korean elite beating sanctions, one plasma TV at a time",reuters.com,http://www.reuters.com/article/2013/03/19/us-korea-north-china-idUSBRE92I16720130319
2013-03-20,05:55:55,1amdd9,62,Turkish capital Ankara hit by twin explosions,bbc.co.uk,http://www.bbc.co.uk/news/world-europe-21854215
2013-03-20,03:54:27,1am396,62,"Raped by 'witch doctor', woman jumps into well INDIA JAIPUR: A man who claimed to be a witch doctor was arrested in Rajasthan after a 25-year-old woman accused him of raping her and then committed suicide, police said. ",timesofindia.indiatimes.com,http://timesofindia.indiatimes.com/city/jaipur/Raped-by-witch-doctor-woman-jumps-into-well/articleshow/19074078.cms
