2013-08-04,09:44:11,1jnlbd,3187,US regulators 'find evidence' of banks fixing derivative rates,telegraph.co.uk,http://www.telegraph.co.uk/finance/newsbysector/banksandfinance/10219333/US-regulators-find-evidence-of-banks-fixing-derivative-rates.html
2013-08-04,02:12:49,1jmtx8,2866,Uruguay to Become First Nation to Fully Legalize Marijuana: Blow to Ruinous US War on Drugs,truth-out.org,http://www.truth-out.org/buzzflash/commentary/item/18124-uruguay-to-become-first-nation-to-fully-legalize-marijuana-blow-to-ruinous-us-war-on-drugs
2013-08-04,22:06:58,1jofeh,2343,"West Acts Like 'Bull in China Shop' in Middle East – Russian PM ""Our Western partners sometimes behave like a bull in a china shop — they squeeze in, crush everything and then don't know what to do next. I often find myself astonished at their analysts and how inconsistent their projects are...""",themoscowtimes.com,http://www.themoscowtimes.com/news/article/west-acts-like-bull-in-china-shop-in-middle-east--russian-pm/484021.html
2013-08-04,02:26:46,1jmuro,2002,Swedish sociology professor Steven Svallfors has nominated Snowden for the Nobel Peace Prize.,policymic.com,http://www.policymic.com/articles/54929/could-edward-snowden-get-a-nobel-peace-prize
2013-08-04,22:54:11,1joh4x,1780,Germany Promises Day Care for All Parents - A new law went into effect in Germany on guaranteeing every child over 12 months of age a slot at a daycare facility,abcnews.go.com,http://abcnews.go.com/International/place-germany-promises-daycare-parents/story?id=19847116
2013-08-04,13:20:02,1jnxqn,1351,"As Cost of Importing Food Soars, Jamaica Turns to the Earth: Jamaica has taken on a bold new strategy: make farming patriotic and ubiquitous, behind homes, hospitals, schools, even prisons",nytimes.com,http://www.nytimes.com/2013/08/04/world/americas/as-cost-of-importing-food-soars-jamaica-turns-to-the-earth.html
2013-08-04,22:25:22,1jog20,1220,Algerians protest against mandatory fasting during Ramadan,aljazeera.com,http://www.aljazeera.com/news/africa/2013/08/201383204337179567.html
2013-08-04,02:26:58,1jmus8,1220,"""Germany has been under surveillance by the United States for decades, and German leaders have been fully aware of it, says historian Josef Foschepoth. The reason? Secret post-war accords.""",dw.de,http://www.dw.de/nsa-permission-to-spy-in-germany/a-16981062
2013-08-04,21:10:04,1jodo5,901,FBI bids to extradite 'largest child-porn dealer on planet',independent.ie,http://www.independent.ie/irish-news/courts/fbi-bids-to-extradite-largest-childporn-dealer-on-planet-29469402.html
2013-08-04,09:13:03,1jnjlk,646,"A chilling photo and a scary story. Life in China's toxic haze: Where safe milk powder and air filters are sought after items in Beijing, and 60 percent of the days so far in 2013 have been deemed unsafe to go outside.",nytimes.com,http://www.nytimes.com/2013/08/04/sunday-review/life-in-a-toxic-country.html?hp&_r=0
2013-08-04,15:32:45,1jo41t,361,"In South Korea, private tutors earn the kind of money that professional athletes make in the U.S.",online.wsj.com,http://online.wsj.com/article/SB10001424127887324635904578639780253571520.html?mod=e2tw
2013-08-04,04:39:23,1jn2zw,348,UK Councils told to ignore alternative methods of energy generation in favour of fracking,theguardian.com,http://www.theguardian.com/environment/2013/aug/03/ignore-fracking-protests-government-tells-planners
2013-08-04,13:30:31,1jnyas,340,"Time to legalize marijuana in Mexico City Politicians in Mexico are considering following Colorado and Washington state’s lead in legalizing marijuana, according to Fernando Gomez Mont and Jorge G. Castañeda.",seattletimes.com,http://seattletimes.com/html/opinion/2021528032_jorgecastanegafernandomontopedmarijuana04xml.html
2013-08-04,01:40:05,1jmrz9,330,"Arab atheists, though few, inch out of the shadows",abcnews.go.com,http://abcnews.go.com/International/wireStory/arab-atheists-inch-shadows-19861978?
2013-08-04,10:44:22,1jnoxc,321,Russian meteor may have gangmates in tow: Orbital estimates pinpoint 20 asteroids on similar paths to rock that exploded near Chelyabinsk.,nature.com,http://www.nature.com/news/russian-meteor-may-have-gangmates-in-tow-1.13498
2013-08-04,08:06:06,1jnfsx,261,"Saudi activist receives 7-year sentence, 600 lashes for insulting Islam",cnn.com,http://www.cnn.com/2013/07/31/world/meast/saudi-blogger-sentenced/index.html?hpt=wo_mid
2013-08-04,22:50:50,1jogzq,202,"Excitement, but anxiety too, as Uruguay sets liberal path with new cannabis law In the first country set to legalise the sale and production of marijuana, opinion is divided on the merits of the experiment",theguardian.com,http://www.theguardian.com/world/2013/aug/03/uruguay-cannabis-law
2013-08-04,23:44:35,1jojce,192,Saudi Arabia denied permission for plane carrying Sudanese President Omar al-Bashir to travel through its airspace on Sunday for the swearing-in of the new Iranian president,dailystar.com.lb,http://www.dailystar.com.lb/News/Middle-East/2013/Aug-04/226230-sudan-says-saudi-blocked-iran-bound-bashir-from-airspace.ashx#axzz2aLatJ37R
2013-08-04,04:28:06,1jn29s,160,"Egypt's top general to white house: ""You left the Egyptians. You turned your back on the Egyptians and they won't forget that.""",telegraph.co.uk,http://www.telegraph.co.uk/news/worldnews/africaandindianocean/egypt/10220823/Egypt-Gen-Abdulfattah-al-Sisi-says-US-turned-its-back.html
2013-08-04,02:57:20,1jmwpu,111,Montreal woman fined $219 for not paying bus fare with exact change.,cbc.ca,http://www.cbc.ca/news/canada/montreal/story/2013/08/02/montreal-stm-verdun-pauline-tantost-fine.html?cmp=fbtl
2013-08-04,11:04:32,1jnq29,108,Japan has launched the world's first talking robot into space to serve as companion to astronaut Kochi Wakata who will begin his mission in November,bbc.co.uk,http://www.bbc.co.uk/news/world-asia-23565121
2013-08-04,10:22:51,1jnnox,103,"China’s Collapse Will Be Worse Than Soviet Union, Xinhua Says",thediplomat.com,http://thediplomat.com/china-power/chinas-collapse-will-be-worse-than-soviet-union-xinhua-says/
2013-08-04,14:42:24,1jo1v0,95,Suicides rise as Italy's economy slumps,aljazeera.com,http://www.aljazeera.com/indepth/features/2013/07/2013731174919956289.html
2013-08-04,12:40:45,1jnvki,68,"Leave Yemen now, Britons warned amid fears of growing violence",theguardian.com,http://www.theguardian.com/world/2013/aug/03/leave-yemen-britons-warned-embassy?CMP=twt_fd
2013-08-04,23:33:05,1joit7,60,"Iranian President Hassan Rouhani has urged the West to drop sanctions and treat Tehran with respect, during his inauguration speech to parliament.",bbc.co.uk,http://www.bbc.co.uk/news/world-middle-east-23565996
2013-08-04,10:02:26,1jnmhk,54,Stephen Harper&#8217;s government withholds details of $16-million PR campaign for oil industry,vancouversun.com,http://www.vancouversun.com/business/fp/yourmoney/Stephen Harper government withholds details million/8421180/story.html?utm_content=bufferbf27e&utm_source=buffer&utm_medium=twitter&utm_campaign=Buffer
2013-08-04,03:25:22,1jmyej,51,"Americans pay GCHQ £100m to spy for them, leaked papers claim: GCHQ received at least £100 million from the US to help fund intelligence gathering, raising questions over American influence on the British agencies",telegraph.co.uk,http://www.telegraph.co.uk/news/uknews/defence/10217280/Americans-pay-GCHQ-100m-to-spy-for-them-leaked-papers-claim.html
2013-08-04,08:35:21,1jnhdw,51,Think the Syrian Civil War is Bad? Wait Until Iraq Falls Totally Apart Too,policymic.com,http://www.policymic.com/articles/57069/think-the-syrian-civil-war-is-bad-wait-until-iraq-falls-totally-apart-too
2013-08-04,22:44:16,1jogqi,49,"Senior U.S. Official: Intercepted Al Qaeda Communications Indicate Planned Attack ‘Big,’ ‘Strategically Significant’",abcnews.go.com,http://abcnews.go.com/blogs/politics/2013/08/senior-u-s-official-intercepted-al-qaeda-communications-indicate-planned-attack-big-strategically-significant/
2013-08-04,12:58:54,1jnwk1,48,"Panama Finds Live Munitions On Chong Chon Gang, North Korea-Bound Ship Headed From Cuba",huffingtonpost.com,http://www.huffingtonpost.com/2013/08/03/north-korea-ship-live-munitions-panama-cuba_n_3700908.html?utm_hp_ref=world
