2013-04-04,17:23:01,1bnehm,2836,Canadian father 'appalled' that mother who drowned two young boys and left their dead bodies for her husband to find next to her wedding ring will be released after serving only 10 months.,edmonton.ctvnews.ca,http://edmonton.ctvnews.ca/father-appalled-that-millet-mother-who-drowned-young-boys-could-be-released-thursday-1.1222857
2013-04-04,16:33:15,1bncqn,2791,Pyongyang asks China to send envoy- Beijing rejects the request,koreajoongangdaily.joinsmsn.com,http://koreajoongangdaily.joinsmsn.com/news/article/article.aspx?aid=2969614&cloc=joongangdaily|home|newslist1
2013-04-04,10:24:09,1bmpd4,2604,North Korea seen moving mid-range missile to east coast,mobile.reuters.com,http://mobile.reuters.com/article/idUSBRE93301S20130404?irpc=932
2013-04-04,20:56:49,1bnls4,2364,"Offshore Leaks: Vast Web of Tax Evasion Exposed - International network of journalists has 2.5m records from tax havens detailing letterbox firms, offshore accounts & dubious financial deals. The unprecedented leaks include names of 130,000 people who moved money offshore.",spiegel.de,http://www.spiegel.de/international/business/icij-journalists-expose-mass-web-of-global-tax-evasion-a-892505.html
2013-04-04,03:22:24,1blpq4,2293,N. Korea has just vowed actual military actions against the US,english.yonhapnews.co.kr,http://english.yonhapnews.co.kr/news/2013/04/04/0200000000AEN20130404000100315.HTML
2013-04-04,21:46:18,1bno3r,2217,"Anonymous Hacks Official North Korean Social Media Accounts: The hackers allegedly seized control of North Korea's official Twitter and Flickr accounts, in the process defacing several related websites, and making the autocratic nation look extremely unprepared for cyber attack.",readwrite.com,http://readwrite.com/2013/04/04/anonymous-hacks-official-north-korean-twitter-account
2013-04-04,19:42:22,1bnirc,2002,Anonymous wealth from around the world revealed after data leak,irishtimes.com,http://www.irishtimes.com/business/economy/world/anonymous-wealth-revealed-after-data-leak-1.1348735
2013-04-04,09:12:47,1bmjop,1919,"Two North Korean submarines have ""disappeared"" - Chosun TV (Translated)",translate.google.co.uk,http://translate.google.co.uk/translate?sl=ko&tl=en&js=n&prev=_t&hl=de&ie=UTF-8&eotf=1&u=http%3A%2F%2Fnews.tv.chosun.com%2Fsite%2Fdata%2Fhtml_dir%2F2013%2F04%2F03%2F2013040390156.html&act=url
2013-04-04,23:31:11,1bnufl,1788,"US Official: N. Korea may be planning launch, It's unknown whether it would be a test or a strike.",m.koat.com,http://m.koat.com/national-news/Official-N-Korea-may-be-planning-launch/-/17421990/19615326/-/vroqtf/-/index.html
2013-04-04,00:23:34,1blba1,1777,"China deploys tanks, armor to NK border",washingtontimes.com,http://www.washingtontimes.com/news/2013/apr/3/risky-business-china-continues-military-buildup-ne/?
2013-04-04,08:59:33,1bmimu,1381,The Next Korean War and how the Kim regime might play the nuclear card to force a indecisive war (Good analysis for those wanting more than jokes about NK),foreignaffairs.com,http://www.foreignaffairs.com/articles/139091/keir-a-lieber-and-daryl-g-press/the-next-korean-war?page=show
2013-04-04,23:32:32,1bnuiw,1255,"Secret Files Expose Offshore's Global Impact: A cache of 2.5 million files has cracked open the secrets of more than 120,000 offshore companies and trusts, exposing hidden dealings of politicians, con men and the mega-rich the world over.",guardian.co.uk,http://www.guardian.co.uk/uk/2013/apr/04/offshore-secrets-data-emails-icij
2013-04-04,05:05:26,1blysu,1185,North Korea approves nuclear strike on US,google.com,http://www.google.com/hostednews/afp/article/ALeqM5gpuimXzka5inwGnL0c9vZsbQ54fw?b=x&docId=CNG.4eb43e27607cb9d4be6b952b88ddefeb.01
2013-04-04,21:25:33,1bnn40,988,Bank of Japan to pump $1.4 trillion into economy in unprecedented stimulus,reuters.com,http://www.reuters.com/article/2013/04/04/us-japan-economy-boj-idUSBRE93216U20130404
2013-04-04,06:52:11,1bm87e,818,"North Korea warns nuclear war on America could break out ""today or tomorrow"".",mirror.co.uk,http://www.mirror.co.uk/news/world-news/north-korea-warns-nuclear-war-1809722
2013-04-04,20:46:24,1bnlcs,565,"Sorry, Anonymous probably didn’t hack North Korea’s intranet",washingtonpost.com,http://www.washingtonpost.com/blogs/worldviews/wp/2013/04/04/sorry-anonymous-probably-didnt-hack-north-koreas-intranet/
2013-04-04,07:33:08,1bmbje,528,US tells North Korea to drop threats after nuclear warning,google.com,http://www.google.com/hostednews/afp/article/ALeqM5ituAIRZfnsEJqhAZKj0sdzJcciaw?docId=CNG.8d413e4089153d445404cf346d191280.891
2013-04-04,17:18:06,1bnecd,510,North Korean Twitter Account Hacked By Anonymous.,nzherald.co.nz,http://www.nzherald.co.nz/world/news/article.cfm?c_id=2&objectid=10875441
2013-04-04,19:35:47,1bnijb,507,Signs of North Korea Easing Off War Message at Home,blogs.wsj.com,http://blogs.wsj.com/korearealtime/2013/04/04/signs-of-north-korea-easing-off-war-message-at-home/
2013-04-04,16:45:45,1bnd54,330,North Korea's missile movement not aimed at U.S. mainland,english.yonhapnews.co.kr,http://english.yonhapnews.co.kr/news/2013/04/04/0200000000AEN20130404009200315.HTML
2013-04-04,20:51:34,1bnljx,230,Hack attacks hit Bitcoin exchange rates,bbc.co.uk,http://www.bbc.co.uk/news/technology-22026961
2013-04-04,07:58:34,1bmdlo,230,North Korea warns the moment of explosion is near. Former Secretary of State Madeleine Albright is standing by to discuss at 6:29p ET on CNN,cnn.com,http://www.cnn.com/2013/04/03/world/asia/koreas-tensions/
2013-04-04,16:16:34,1bnc55,165,'Not a crime to make known crime of a state': Senior Swedish judge backs Assange,rt.com,http://rt.com/news/assange-wikileaks-swedish-judge-278/
2013-04-04,04:49:22,1blxef,160,"N Korea, final approval for nuclear attack on US",news.com.au,http://www.news.com.au/world-news/north-korea-gives-final-approval-for-nuclear-attack-on-united-states/story-fndir2ev-1226612136732
2013-04-04,00:06:57,1bl9zd,129,"Luxury skyscraper hotel completely engulfed by fire in Grozny, Chechnya (PHOTOS)",rt.com,http://rt.com/news/chechnya-tallest-building-fire-280/
2013-04-04,12:38:08,1bmzyx,122,Manchester police to record attacks on goths and punks as hate crimes,guardian.co.uk,http://www.guardian.co.uk/uk/2013/apr/03/manchester-police-goths-punks-hate-crime
2013-04-04,05:05:12,1blyru,117,"N. Korea says it has final approval for nuclear attack on US: Threats would be ""smashed by cutting-edge smaller, lighter and diversified nuclear strike means. The merciless operation of revolutionary armed forces in this regard has been finally examined and ratified""",rt.com,http://rt.com/news/us-missile-guam-korea-290/
2013-04-04,21:35:42,1bnnku,109,Man stabbed to death in Dubai during a vicious 200-man brawl between Azerbaijanis and Tajikistanis.,thenational.ae,http://www.thenational.ae/news/uae-news/courts/man-was-stabbed-to-death-during-200-man-dubai-brawl
2013-04-04,16:28:41,1bncl1,94,"Estonia's capital became the world's first to introduce free public transport for all of its residents. All that's required is a transit pass showing you're a registered Tallinner - and the city's buses, streetcars and trams are yours for free.",miamiherald.com,http://www.miamiherald.com/2013/04/04/3322524/estonias-capital-gives-residents.html
2013-04-04,08:54:10,1bmi7b,73,US tells North Korea to stop threats after nuke warning,abc.net.au,http://www.abc.net.au/news/2013-04-04/us-tells-north-korea-to-stop-threats-after-nuclear-warning/4608996
