2013-01-05,04:02:24,15yt8l,2484,"North Korea to open economy for foreign investment this year supported by German economic and legal experts. ""They are interested in the Vietnamese model""",spiegel.de,http://www.spiegel.de/international/world/german-paper-reports-north-korea-preparing-economic-opening-a-875844.html
2013-01-05,22:27:44,160an8,1805,"Two Swedes Renditioned To The US, Possibly To Death Penalty, In Secrecy And Without Lawyers’ Knowledge",falkvinge.net,http://falkvinge.net/2013/01/04/two-swedes-renditioned-to-the-us-possibly-to-death-penalty-in-secrecy-and-without-lawyers-knowledge/?utm_source=feedburner&utm_medium=feed&utm_campaign=Feed%3A+Falkvinge-on-Infopolicy+%28Falkvinge+on+Infopolicy%29
2013-01-05,01:53:32,15ykro,1725,Indian politician publicly beaten by crowd after he is caught raping a woman,bbc.co.uk,http://www.bbc.co.uk/news/world-asia-india-20907458
2013-01-05,22:56:37,160bp2,1449,"After Years in Solitary, an Austere Life as Uruguay’s President - José Mujica, a former guerrilla who took office in 2010, donates most of his salary, shuns opulence and lives modestly, as he says the leader of a democracy should. ",nytimes.com,http://www.nytimes.com/2013/01/05/world/americas/after-years-in-solitary-an-austere-life-as-uruguays-president.html?hp&_r=0
2013-01-05,11:32:38,15zmjn,1417,In Pakistan 9-year-old in critical condition after gang-rape,tribune.com.pk,http://tribune.com.pk/story/488659/crime-against-children-9-year-old-in-critical-condition-after-gang-rape/
2013-01-05,03:47:12,15ys9j,558,First LGBT-friendly mosque opens in France,pri.org,http://www.pri.org/stories/politics-society/religion/the-first-lgbt-friendly-mosque-opens-in-france-12311.html
2013-01-05,22:52:20,160bjo,538,"German solar power installations at record high in 2012: Capacity grew by more than 7.6 gigawatt, breaking the previous records of 7.5 GW in 2011 and 7.4 GW in 2010, and far above the 2.5 to 3.5 GW Berlin would like to see each year",reuters.com,http://www.reuters.com/article/idUSBRE90406C20130105
2013-01-05,09:55:04,15zgo9,406,Australian heist goes wrong as robbers tunnel into KFC not jewelers ,telegraph.co.uk,http://www.telegraph.co.uk/news/worldnews/australiaandthepacific/australia/9780917/Australian-heist-goes-wrong-as-robbers-tunnel-into-KFC-not-jewellers.html
2013-01-05,09:00:55,15zdbo,310,A New Account Of India's Brutal Gang Rape Is Out — And It Makes Delhi's Police Look Awful,businessinsider.com,http://www.businessinsider.com/delhi-gang-rape-friend-breaks-silence-2013-1
2013-01-05,16:19:45,1600q3,269,"The Palestinian Authority has officially changed its name to 'State of Palestine,' in its first concrete – albeit symbolic - move since its successful UN bid for statehood.",haaretz.com,http://www.haaretz.com/news/middle-east/palestinian-authority-officially-changes-name-to-state-of-palestine.premium-1.492065
2013-01-05,22:40:31,160b3q,245,"Asia is Purchasing Nearly all of Iran’s Oil - Even as they cut their imports, China, India, S. Korea, and Japan account for nearly all of Iran's oil sales.",thediplomat.com,http://thediplomat.com/pacific-money/2013/01/05/asia-is-purchasing-nearly-all-of-irans-oil/
2013-01-05,04:58:34,15yx91,241,"As a Girl in India, I Learned to Be Afraid of Men",theatlantic.com,http://www.theatlantic.com/sexes/archive/2013/01/as-a-girl-in-india-i-learned-to-be-afraid-of-men/266813/
2013-01-05,16:27:46,160100,220,Church of England lifts ban on gay bishops,aljazeera.com,http://www.aljazeera.com/news/europe/2013/01/2013156028132292.html?utm_content=automate&utm_campaign=Trial6&utm_source=NewSocialFlow&utm_term=plustweets&utm_medium=MasterAccount
2013-01-05,03:11:39,15ypwy,202,France's censorship demands to Twitter are more dangerous than 'hate speech'. Few ideas have done as much damage throughout history as empowering the government to criminalize opinions it dislikes,guardian.co.uk,http://www.guardian.co.uk/commentisfree/2013/jan/02/free-speech-twitter-france
2013-01-05,22:18:22,160aav,129,"Israeli fighting Assad 'can't go home' - 
Arab Israeli who joined rebel forces in Syria says they burned his passport, refuse to allow him to leave",ynetnews.com,"http://www.ynetnews.com/articles/0,7340,L-4328727,00.html"
2013-01-05,03:32:29,15yrbg,121,"
Google concedes defeat in China censorship battle. 

US company quietly drops warning message that Chinese users saw when searching for politically sensitive phrases
",guardian.co.uk,http://www.guardian.co.uk/technology/2013/jan/04/google-defeat-china-censorship-battle
2013-01-05,09:34:44,15zfgj,126,"Mexican drug gangs dig into mining industry -- The Zetas cartel, one of Mexico's most violent groups, has moved into coal mining as it's ""more lucrative than drugs""",aljazeera.com,http://www.aljazeera.com/indepth/features/2013/01/201313144952293200.html
2013-01-05,21:54:52,1609n3,112,"Kenyan man butchers, feasts on 5-year-old son",standardmedia.co.ke,http://www.standardmedia.co.ke/index.php?articleID=2000074107&story_title=Man-butchers%2c-feasts-on-son
2013-01-05,23:04:14,160bza,72,Union flag protests: Nine police officers hurt in fresh flag trouble. Police said more than 30 petrol bombs and other missiles were thrown as police dealt with serious public disorder in east Belfast.,bbc.co.uk,http://www.bbc.co.uk/news/uk-northern-ireland-20917787
2013-01-05,06:36:02,15z3q7,65,Unruly passenger taped to seat on Iceland Air flight,nbcnews.com,http://www.nbcnews.com/travel/unruly-passenger-taped-seat-iceland-air-flight-1B7833828?ocid=twitter
2013-01-05,08:45:47,15zccq,67,"Another Indian town council bans use of mobile phones by girls - ""excessive use of mobile for listening to music and talking to men led to crime against women."" ",indianexpress.com,http://www.indianexpress.com/news/bihar-panchayat-bans-use-of-mobile-phones-by-girls/1054098
2013-01-05,03:26:27,15yqvw,62,Hong Kong dries thousands of shark fins on rooftops to avoid prying eyes of environmentalists..,theprovince.com,http://www.theprovince.com/technology/Shark+fins+dried+Hong+Kong+rooftops+avoid/7776329/story.html
2013-01-05,18:55:31,16054h,65,Islamic Jihad vows to fight the Jews if they return to Egypt | Egypt Independent,egyptindependent.com,http://www.egyptindependent.com/news/islamic-jihad-vows-fight-jews-if-they-return-egypt
2013-01-05,22:20:23,160adu,64,Burma: Moustache Brothers keep on telling jokes after prison and torture.,bbc.co.uk,http://www.bbc.co.uk/news/magazine-20528893
2013-01-05,16:24:37,1600w2,57,China gearing up for anti-satellite test,msnbc.msn.com,http://www.msnbc.msn.com/id/50368590/ns/technology_and_science-space/#.UOfjKm99K8A
2013-01-05,02:49:42,15yofb,55,Former Israeli Security Chief Calls Netanyahu a Poor Leader,nytimes.com,http://www.nytimes.com/2013/01/05/world/middleeast/yuval-diskin-former-israeli-security-chief-calls-netanyahu-a-poor-leader.html
2013-01-05,23:28:33,160czo,42,Satellites Spot China’s Mysterious New Warplane.,wired.com,http://www.wired.com/dangerroom/2013/01/chinas-new-transport/
2013-01-05,02:39:29,15ynsl,41,Bank of Italy suspends all bank card payments in the Vatican due to failure to fully implement anti money laundering legislation,nydailynews.com,http://www.nydailynews.com/life-style/bank-italy-suspends-bank-card-payments-vatican-article-1.1232351
2013-01-05,11:04:37,15zkwf,34,Giant Bluefin tuna nets $1.76M in Tokyo,photoblog.nbcnews.com,http://photoblog.nbcnews.com/_news/2013/01/04/16356666-giant-bluefin-tuna-nets-176m-in-tokyo?utm_medium=referral&utm_source=t.co
2013-01-05,19:39:45,16066t,33,"2 former students make up abuse, see female teacher in Australia jailed. She was acquitted on appeal.",smh.com.au,http://www.smh.com.au/national/jailed-teacher-cleared-of-abuse-20121209-2b3k6.html
