2013-05-28,06:37:45,1f5ry9,3204,China is starting to get embarrassed about its tourists’ obnoxious behavior abroad - “Take for example the sign outside the Louvre Museum only in Chinese characters that forbids people from urinating or defecating wherever they want.”,qz.com,http://qz.com/88334/china-is-starting-to-get-embarrassed-about-its-tourists-obnoxious-behavior-abroad/
2013-05-28,14:16:53,1f6m4e,2953,"Unvaccinated children will be banned from childcare facilities, and centres who do enrol them will face fines, after changes to the Public Health Act passed through cabinet Monday night (NSW, Australia)",smh.com.au,http://www.smh.com.au/nsw/unvaccinated-children-banned-from-nsw-childcare-centres-20130528-2n8wp.html
2013-05-28,23:16:02,1f773d,2813,Israel warns Moscow that it will attack shipments of Russian weapons to Syria,news.yahoo.com,http://news.yahoo.com/israel-warns-russia-against-giving-syria-missiles-132538404.html
2013-05-28,14:13:38,1f6lyi,1820,"Police with stun batons were called to end a protest over pay by 3,000 mostly female workers working at a Nike factory in Cambodia",guardian.co.uk,http://www.guardian.co.uk/world/2013/may/27/cambodian-workers-hurt-nike-factory-clash
2013-05-28,10:01:10,1f65ht,1768,"An Australian woman is sacked when she takes leave to cope with her daughter being murdered. Employer tells reporter ""You are a hyena and something wrong is going to happen to your children""",smh.com.au,http://www.smh.com.au/victoria/daughter-killed-mother-sacked-20130527-2n7rz.html
2013-05-28,00:43:02,1f53p4,1625,Mosque in UK set on fire in retaliation for death of British soldier,cnn.com,http://www.cnn.com/2013/05/27/world/europe/uk-mosque-fire/
2013-05-28,17:23:15,1f6tga,1446,Australia ranked 'happiest' developed nation again,bbc.co.uk,http://www.bbc.co.uk/news/business-22685260
2013-05-28,07:08:27,1f5u4k,1359,"Months after a Russian ""ghost ship"" turned up adrift off the Irish coast, she's gone missing again. The Lyubov Orlova's tow line broke as the cruise ship was being hauled from Canada to the Dominican Republic as scrap. The ship, empty except for an infestation of rats, has not been seen since March",usatoday.com,http://www.usatoday.com/story/news/world/2013/05/27/russian-ghost-ship-vanishes/2363313/
2013-05-28,21:50:42,1f72iw,1167,"War memorial vandalized with the word ""ISLAM"" in wake of terror murder. An 89-year-old veteran has vowed to stand next to the memorials until someone removes the graffiti. It's unclear who painted the graffiti.",telegraph.co.uk,http://www.telegraph.co.uk/news/uknews/terrorism-in-the-uk/10083009/War-memorial-vandalised-in-wake-of-terror-murder.html
2013-05-28,20:29:32,1f6z69,1130,Newborn baby rescued alive after being flushed down toilet in China,abc.net.au,http://www.abc.net.au/news/2013-05-28/china-newborn-rescued-from-toilet-pipe/4718632
2013-05-28,23:55:04,1f79km,675,An Alaska Airlines passenger has been restrained by other passengers after trying to open the emergency exit midflight.,planetivy.co.uk,http://www.planetivy.co.uk/offbeat/43288/passenger-restrained-with-shoelaces-after-attempting-to-open-exit-door-mid-flight/
2013-05-28,12:37:52,1f6g9s,662,"The armed rebels affiliated to the Free Syrian Army (FSA) raided the Christian-populated al-Duvair village in Reef (outskirts of) Homs near the border with Lebanon today and massacred all its civilian residents, including women and children.",abna.ir,http://abna.ir/data.asp?lang=3&Id=423524
2013-05-28,11:14:19,1f6ajp,496,Dad demands further action after sex abuse inquiry: The father of two girls who were abused by a Catholic priest in Australia says apologies don't matter if the church doesn't take further action.,upi.com,http://www.upi.com/Top_News/World-News/2013/05/27/Dad-demands-further-action-after-sex-abuse-inquiry/UPI-63101369694940/
2013-05-28,16:58:35,1f6son,399,"Meat from endangered whales caught by Icelandic hunters is being sold in Japan as luxury dog treats, environmental campaigners say",google.com,http://www.google.com/hostednews/afp/article/ALeqM5gE8G5El2GdtThxaWrZV2anfv31Fw?docId=CNG.a820b3148507110115dc38343b1d6e45.7f1
2013-05-28,19:39:17,1f6xku,357,BBC News - Russian to deliver arms 'to deter foreign intervention in Syria',bbc.co.uk,http://www.bbc.co.uk/news/world-middle-east-22688894
2013-05-28,02:11:42,1f59el,341,At least 57 dead as 13 car bombs rip Baghdad,worldnews.nbcnews.com,http://worldnews.nbcnews.com/_news/2013/05/27/18533926-at-least-57-dead-as-13-car-bombs-rip-baghdad?lite
2013-05-28,21:31:48,1f71nv,297,Man kills 11 elderly people to hide $85 drug theft.,smh.com.au,http://www.smh.com.au/nsw/eleven-killed-to-hide-85-drug-theft-20130527-2n7kc.html
2013-05-28,04:13:36,1f5hnv,220,Drones join war on rhino poachers in South Africa,telegraph.co.uk,http://www.telegraph.co.uk/news/worldnews/africaandindianocean/southafrica/10082727/Drones-join-war-on-rhino-poachers-in-South-Africa.html
2013-05-28,04:15:34,1f5htl,218,Male rape survivors fight stigma in Uganda,aljazeera.com,http://www.aljazeera.com/indepth/features/2013/04/2013411111517944475.html
2013-05-28,21:29:54,1f71l1,212,"In Malaysia, a criminal tribunal attempts to prosecute ‘war crimes’ the Hague won’t. It has tried and sentenced former US President George W. Bush, in absentia, over charges tied to the Iraq War. In August, the tribunal will hold hearings on alleged war crimes in Israeli-occupied Palestine.",globalpost.com,http://www.globalpost.com/dispatch/news/war/130527/hate-zionists-kuala-lumpur-war-crimes-tribunal
2013-05-28,21:30:49,1f71mk,187,Armed Rebels Massacre Entire Population of Christian Village in Syria,english.farsnews.com,http://english.farsnews.com/newstext.php?nn=9202244824
2013-05-28,21:37:38,1f71xr,179,North Korea to open a ski resort.,cnn.com,http://www.cnn.com/2013/05/27/travel/north-korea-ski-resort/index.html?hpt=hp_t3
2013-05-28,04:55:35,1f5kpj,134,Rob Ford CrackStarter Cracks 200K. Police now linking homicide to the tape investigation.,indiegogo.com,http://www.indiegogo.com/projects/rob-ford-crackstarter
2013-05-28,14:51:05,1f6ntd,124,"UAE crown prince receive Pakistani activist Malala Yousafzai and says ""education of women is a basic right in Islam""",gulfnews.com,http://gulfnews.com/news/gulf/uae/government/general-shaikh-mohammad-bin-zayed-al-nahyan-praises-pakistan-rights-activist-malala-yousafzai-1.1189368
2013-05-28,22:41:25,1f7553,110,"Israel’s defense minister says they could hit Russian shipment of advanced missiles to Syria: “As far as we are concerned, that is a threat”",washingtonpost.com,http://www.washingtonpost.com/world/middle_east/israels-defense-chief-hints-that-transfer-of-russias-advanced-weapons-to-syria-could-be-hit/2013/05/28/43dba3d4-c78f-11e2-9cd9-3b9a22a4000a_story.html
2013-05-28,20:04:40,1f6ycm,107,"Chinese hackers have stolen US advanced weapons blueprints: ""more than two dozen major weapons systems"", including missile defences and combat aircraft",theinquirer.net,http://www.theinquirer.net/inquirer/news/2270801/chinese-hackers-have-stolen-us-advanced-weapons-blueprints
2013-05-28,19:13:54,1f6ws4,87,Death penalty by suffocation passes Papua New Guinea parliament,news.com.au,http://www.news.com.au/world-news/pacific/death-penalty-by-suffocation-passes-papua-new-guinea-parliament/story-fnh819y6-1226652504452
2013-05-28,20:27:15,1f6z2y,86,Belgian city scraps headscarf ban imposed by center-right in 2007,reuters.com,http://www.reuters.com/article/2013/05/28/us-belgium-headscarf-idUSBRE94R06L20130528
2013-05-28,02:05:58,1f5910,73,"Lagoon Aerators And Aeration Systems For Ponds, Lakes, & Water Gardens",pondalgaesolutions.com,http://www.pondalgaesolutions.com/pondaeration.html
2013-05-28,22:27:46,1f74eo,71,Ireland to remove all branding from cigarette packets leaving only a uniform typeface and one neutral colour,irishtimes.com,http://www.irishtimes.com/news/health/plain-cigarette-packets-to-be-introduced-1.1408747
