2013-01-26,19:46:14,17b8jg,2200,Hundreds of students march in Indian capital to demand strict laws to protect women,vancouversun.com,http://www.vancouversun.com/news/Hundreds+students+march+Indian+capital+demand+strict+laws/7877201/story.html
2013-01-26,09:37:42,17aj89,858,Child labour uncovered in Apple's supply chain,guardian.co.uk,http://www.guardian.co.uk/technology/2013/jan/25/apple-child-labour-supply
2013-01-26,09:25:06,17aift,518,"A ‘Black Bloc’ Emerges in Egypt--“Wearing black masks and waving black banners, it warned the Muslim Brotherhood of using its ‘military wing’ to put down protests.”",thelede.blogs.nytimes.com,http://thelede.blogs.nytimes.com/2013/01/25/a-black-bloc-emerges-in-egypt/?smid=tw-share
2013-01-26,08:07:09,17ada4,258,Russia's Vladimir Putin says West is fomenting jihadi 'blowback',csmonitor.com,http://www.csmonitor.com/World/Europe/2013/0125/Russia-s-Vladimir-Putin-says-West-is-fomenting-jihadi-blowback
2013-01-26,01:59:48,179lhy,245,"Swedish ISP hits back over TV licence fees:  A Swedish ISP outraged by the prospect of computer and iPad owners being forced to pay TV licence fees is offering clients a ""TV Stopper"" to block online content from state broadcaster SVT.",thelocal.se,http://www.thelocal.se/45824/20130125/#.UQLH4GeGeb0
2013-01-26,00:44:53,179fza,232,United Nations Launches Investigation Into U.S. Drone Program,npr.org,http://www.npr.org/blogs/thetwo-way/2013/01/24/170175934/united-nations-launches-investigation-into-u-s-drone-program
2013-01-26,00:27:11,179esv,201,UK government unveils gay marriage bill,bbc.co.uk,http://www.bbc.co.uk/news/uk-politics-21194052
2013-01-26,06:54:49,17a85f,190,Czechs outraged over proposal to make water cheaper than beer.,online.wsj.com,http://online.wsj.com/article/SB10001424127887323783704578245751517339948.html?mod=WSJEurope_hpp_LEFTTopStories
2013-01-26,06:59:45,17a8jd,175,Germany Plans To Deploy Armed Drones in Combat Abroad - SPIEGEL ONLINE,spiegel.de,http://www.spiegel.de/international/germany/germany-plans-to-deploy-armed-drones-in-combat-abroad-a-879633.html
2013-01-26,23:16:35,17bf0i,175,Zeman wins Czech presidency,bbc.co.uk,http://www.bbc.co.uk/news/world-europe-21210495
2013-01-26,17:35:52,17b5hf,145,"The euro hit an 11-month high and global equity markets advanced on Friday on signs of a healthier European financial system and a brighter outlook for Germany, while U.S. stocks extended a rally to an eighth day, their best run since late 2004",reuters.com,http://www.reuters.com/article/idUSBRE88901C20130125
2013-01-26,07:22:29,17aa82,132,Majority of British citizens want to leave the EU.,blogs.telegraph.co.uk,http://blogs.telegraph.co.uk/news/nilegardiner/100199825/53-percent-of-british-voters-want-to-leave-the-eu-barack-obama-and-david-cameron-should-take-note/
2013-01-26,03:25:29,179rvq,105,"Top climate scientist denounces billionaires over funding for climate-sceptic organisations
",independent.co.uk,http://www.independent.co.uk/news/science/top-climate-scientist-denounces-billionaires-over-funding-for-climatesceptic-organisations-8467665.html
2013-01-26,19:26:54,17b83a,100,Wreckage of missing plane found in Antarctica,abc.net.au,http://www.abc.net.au/news/2013-01-26/wreckage-of-missing-plane-found-on-antarctic-mountain/4485912
2013-01-26,09:05:35,17ah6p,87,"Russian Parliament Passes Anti-Gay Law in First Reading - ""The bill was supported by 338 deputies, with only one lawmaker opposing it and one abstaining""",themoscowtimes.com,http://www.themoscowtimes.com/news/article/duma-passes-anti-gay-law-in-first-reading/474562.html
2013-01-26,20:01:24,17b8wc,86,Deutsche Bank trader loses $34m bonuses over Libor scandal,guardian.co.uk,http://www.guardian.co.uk/business/2013/jan/25/deutsche-bank-bonus-libor
2013-01-26,21:48:18,17bbrn,73,"Attackers blow up main oil pipeline in Yemen, forcing the country to shut down one of its most lucrative sources of income",reuters.com,http://www.reuters.com/article/2013/01/26/us-yemen-oil-pipeline-idUSBRE90P05K20130126
2013-01-26,04:27:47,179woq,72,"Iceland's president dismisses EU common fisheries policy as ""colossal failure""",bbc.co.uk,http://www.bbc.co.uk/news/business-21206881#TWEET554543
2013-01-26,21:45:42,17bbom,64,Egypt: At least 22 people have been killed in clashes after 21 men were sentenced to death for football violence in which 74 people died,news.sky.com,http://news.sky.com/story/1043203/many-dead-after-football-fans-sentenced
2013-01-26,21:24:50,17bb1x,59,"Mali: French-Led Soldiers in Control of Gao Airport - Both Gao's airport & the strategic Wabary bridge have been secured, though fighting continues in the town.  Gao, along with Kidal & Timbuktu, were seized by an alliance of Tuareg rebels & Islamists last April.

",bbc.co.uk,http://www.bbc.co.uk/news/world-africa-21210496
2013-01-26,01:02:23,179h59,58,New B.C. telescope to make massive 3D map of universe,cbc.ca,http://www.cbc.ca/news/technology/story/2013/01/25/tech-bc-radio-telescope-chime.html
2013-01-26,10:42:10,17an7y,55,Polish parliament rejects efforts to legalize gay unions,reuters.com,http://www.reuters.com/article/2013/01/25/us-poland-homosexuals-idUSBRE90O0LU20130125
2013-01-26,14:36:27,17azoe,50,"Egyptian protest clashes leave 4 dead, at least 370 injured:  Rallies mark 2 years since revolution toppled Hosni Mubarak",cbc.ca,http://www.cbc.ca/news/world/story/2013/01/25/egypt-protest-injuries.html
2013-01-26,04:22:37,179w93,42,"Who can fly drones in UK airspace: missile manufacturer, police forces and golf video company among more than 130 groups licensed to use technology",guardian.co.uk,http://www.guardian.co.uk/world/2013/jan/25/who-can-fly-drones-uk-airspace
2013-01-26,18:18:25,17b6iy,37,Aboriginal flag raised on Sydney Harbor Bridge.,heraldsun.com.au,http://www.heraldsun.com.au/news/breaking-news/aboriginal-australian-flags-fly-on-bridge/story-e6frf7kf-1226562293407
2013-01-26,05:27:41,17a1eo,33,"But China is also churning out millions of graduates with few marketable skills, coupled with a conviction that they are entitled to office jobs with respectable salaries",nytimes.com,http://www.nytimes.com/2013/01/25/business/as-graduates-rise-in-china-office-jobs-fail-to-keep-up.html?_r=0
2013-01-26,08:04:29,17ad4g,33,"""Hidden Gulag"" found in North Korea",guardiannews.com,http://guardiannews.com/technology/2013/jan/25/google-earth-north-korea-prison-camp
2013-01-26,11:04:11,17aojo,33,"Lego Racism? Muslim Turks complain about Jabba the Hut: ""Some Turks in Austria have lodged a formal complaint over Lego's Jabba's Palace set, saying Lego is encouraging racial prejudice and perpetuating negative images of Muslims.""",csmonitor.com,http://www.csmonitor.com/Business/2013/0125/Lego-Racism-Muslim-Turks-complain-about-Jabba-the-Hut?nav=619139-csm_article-mostViewed
2013-01-26,02:37:59,179obf,28,British Gay Marriage Bill Introduced- extends marriage to gay couples but excludes clergy in the Church of England from having to carry out the ceremonies.,huffingtonpost.com,http://www.huffingtonpost.com/2013/01/25/british-gay-marriage-bill-introduced_n_2551903.html
2013-01-26,21:47:07,17bbq4,23,French woman's release stirs up anger in Mexico:  Court ruling that freed Florence Cassez came in the midst of judicial reforms the nation is undertaking. But many Mexicans fear giving too many rights to defendants.,latimes.com,"http://www.latimes.com/news/nationworld/world/la-fg-mexico-kidnap-20130126,0,4326635.story"
