2013-07-01,03:53:58,1hdlt8,3509,Germany ready to charge UK and US intelligence over alleged bugging operations - Europe - World,independent.co.uk,http://www.independent.co.uk/news/world/europe/germany-ready-to-charge-uk-and-us-intelligence-over-alleged-bugging-operations-8680249.html
2013-07-01,10:17:35,1hebr9,3159,"In 2009, a German politician sued to have 6 months of his stored metadata released by his cell phone company, this is what it looks like.",zeit.de,http://www.zeit.de/datenschutz/malte-spitz-data-retention/
2013-07-01,22:14:28,1hf9u4,2911,French president demands any US spying cease now,mysanantonio.com,http://www.mysanantonio.com/news/politics/article/French-president-demands-any-US-spying-cease-now-4639865.php
2013-07-01,20:44:49,1hf5yy,2663,"Germany to ""charge"" UK and USA with spying.",independent.co.uk,http://www.independent.co.uk/news/world/europe/germany-ready-to-charge-uk-and-us-intelligence-over-alleged-nsa-bugging-operations-8680249.html
2013-07-01,05:02:24,1hdqmq,2646,"Army estimates 'millions' of protesters on Egypt streets: ""It is the biggest protest in Egypt's history,"" the source told AFP",google.com,http://www.google.com/hostednews/afp/article/ALeqM5ieTc_avmvfRH0r8OrMOgbYTXzPFA?docId=CNG.bf410fd2b50b272b32ae2b68b217fcea.441
2013-07-01,19:21:07,1hf30o,2267,Muslim Brotherhood Headquarters Destroyed In Egyptian Protest,businessinsider.com,http://www.businessinsider.com/muslim-brotherhood-headquarters-destroyed-in-egyptian-protest-2013-7
2013-07-01,22:20:26,1hfa55,2187,"Edward Snowden asking 15 countries for asylum, Russian official says",latimes.com,"http://www.latimes.com/news/world/worldnow/la-fg-wn-edward-snowden-asylum-15-countries-20130701,0,1183893.story"
2013-07-01,17:33:30,1heznw,1848,Dutch Rabobank refuses to fund US fracking and to provide any money at all to US farmers who lend their land to it,translate.google.com,http://translate.google.com/translate?hl=nl&sl=nl&tl=en&u=http%3A%2F%2Fwww.volkskrant.nl%2Fvk%2Fnl%2F2664%2FNieuws%2Farticle%2Fdetail%2F3468165%2F2013%2F07%2F01%2FRabobank-wil-niet-bijdragen-aan-schaliegaswinning.dhtml
2013-07-01,22:12:18,1hf9ql,1631,Afghan soldier defuses suicide vest with terrorist still wearing it,emirates247.com,http://www.emirates247.com/news-in-images/captured-moment-afghan-soldier-defuses-suicide-vest-with-terrorist-still-wearing-it-2013-07-01-1.512641
2013-07-01,12:52:17,1hem2q,794,Iranian Female Swimmer’s Time Goes Unrecorded Because Government Say “Her Bathing Suit Was Too Revealing”,observers.france24.com,http://observers.france24.com/content/20130628-iranian-swimmer-time-unrecorded-asghari
2013-07-01,18:03:57,1hf0mn,762,"India's Seed Savior Goes Against the Corporate Grain – Debal Deb, a scientist building a seed bank, is helping save 920 varieties of indigenous rice using traditional methods. Working with locals, he hopes to make farmers independent of big corporations & GM crops, opening access to local seeds.",guardian.co.uk,http://www.guardian.co.uk/global-development/gallery/2013/jun/28/india-seed-corporate-grain-in-pictures
2013-07-01,05:17:14,1hdrnw,739,EU threatens U.S. with dropping trade (translation),translate.google.com,http://translate.google.com/translate?sl=auto&tl=en&js=n&prev=_t&hl=da&ie=UTF-8&u=http%3A%2F%2Fwww.dr.dk%2FNyheder%2FUdland%2F2013%2F06%2F30%2F0630185422.htm&act=url
2013-07-01,21:12:55,1hf71g,653,Revelations that the US has spied extensively on the EU and European countries have infuriated leaders in Brussels and Berlin -- and could endanger the trans-Atlantic free-trade agreement. Important American voices are demanding that Obama come clean.,spiegel.de,http://www.spiegel.de/international/world/trans-atlantic-relations-threatened-by-revelations-of-mass-us-spying-a-908746.html
2013-07-01,21:07:47,1hf6tz,631,French president told to grant asylum to Edward Snowden for revealing illegal US surveillance of Europen governments.,thelocal.fr,http://www.thelocal.fr/20130701/calls-grow-for-france-to-grant-snowden-asylum
2013-07-01,02:03:25,1hdeg4,567,Thousands of Egyptians gather in Tahrir square to protest against the Morsi regime,bbc.co.uk,http://www.bbc.co.uk/news/world-middle-east-23115821?ref=17
2013-07-01,00:12:19,1hd81b,544,Ecuador President: Snowden Can't Leave Moscow,abcnews.go.com,http://abcnews.go.com/International/wireStory/ecuador-president-snowden-leave-moscow-19536756#.UdBKsT_wrOM
2013-07-01,19:47:00,1hf3vj,485,Germany summons US ambassador over 'Cold War' spying leaks,rt.com,http://rt.com/news/germany-summons-us-ambassador-leaks-476/
2013-07-01,03:39:45,1hdkut,486,"The Oxford grooming ring was promoted by imams who encourage followers to think white women deserve to be “punished”, an Islamic leader has claimed.",telegraph.co.uk,http://www.telegraph.co.uk/news/uknews/crime/10061217/Imams-promote-grooming-rings-Muslim-leader-claims.html
2013-07-01,00:29:57,1hd8yn,459,Irish Bankers Lied to get Bailout Leaked Tapes Show,news.msn.com,http://news.msn.com/world/irish-bankers-lied-to-get-bailout-leaked-tapes-show
2013-07-01,23:22:57,1hfdjr,434,Hundreds of thousands protest for democracy in Hong Kong,scmp.com,http://www.scmp.com/news/hong-kong/article/1273135/protesters-call-universal-suffrage-and-political-reform-handover
2013-07-01,02:55:18,1hdhvh,417,Russian politician says it would be 'morally impermissible' to hand Edward Snowden to US,abc.net.au,http://www.abc.net.au/news/2013-06-30/russian-politician-says-27morally27-wrong-to-hand-over-snowden/4790458
2013-07-01,16:52:40,1hey9s,406,"Donald Trump, on trying to build another golf course in Scotland: ""Wind farms are a disaster for the environment""",npr.org,http://www.npr.org/2013/07/01/196352470/thar-he-blows-trump-tussles-with-scots-over-wind-turbines?ft=1&f=1001
2013-07-01,03:23:47,1hdjrq,386,"Shotguns, petrol bombs and rocks as protesters try to storm Muslim Brotherhood HQ in Cairo",rt.com,http://rt.com/news/cairo-protesters-brotherhood-hq-454/
2013-07-01,14:16:20,1her8b,365,"Japan spends millions in order to be 'Cool'. Japan’s Upper House gave final approval to a $500 million, 20-year fund to promote Japanese culture overseas, called Cool Japan",world.time.com,http://world.time.com/2013/07/01/japan-spends-millions-in-order-to-be-cool/?
2013-07-01,19:13:31,1hf2s4,357,"US Secretary of State John Kerry has responded to allegations that the US bugged the offices of its allies, saying its activities were ""not unusual"" in international relations.",bbc.co.uk,http://www.bbc.co.uk/news/world-us-canada-23125451
2013-07-01,05:56:55,1hdue4,328,France is top industrial espionage offender according to WikiLeaks cable,france24.com,http://www.france24.com/en/20110104-france-industrial-espionage-economy-germany-russia-china-business
2013-07-01,12:27:55,1hekj1,286,Germany blasts U.S. for spying on officials ‘like a Cold War enemy’,rawstory.com,http://www.rawstory.com/rs/2013/06/30/germany-blasts-u-s-for-spying-on-officials-like-a-cold-war-enemy/
2013-07-01,11:06:45,1heez3,269,Spying 'Out of Control': EU Official Questions Trade Negotiations: 'Senior EU officials are outraged by revelations that the US spied on EU representations in Washington and NY. Some have called for a suspension of talks on the trans-Atlantic free trade agreement.',spiegel.de,http://www.spiegel.de/international/europe/eu-officials-furious-at-nsa-spying-in-brussels-and-germany-a-908614.html
2013-07-01,02:04:45,1hdeix,257,"The Pirate Bay is preparing for a massive party in Stockholm this August to celebrate its tenth anniversary. More than 15,000 people have already ‘confirmed’ that they will be present at the event",torrentfreak.com,http://torrentfreak.com/pirate-bay-docks-stockholm-for-massive-10th-anniversary-party-130630/
2013-07-01,08:16:48,1he3qq,233,EU warns US spying claims could impact free trade talks,france24.com,http://www.france24.com/en/20130630-eu-warns-us-spying-claims-could-impact-free-trade-talks
