2013-05-15,02:10:37,1ebp9x,2980,"There’s a country that will pay $300,000 per rhino horn to cure cancer and hangovers, and it’s wiping out rhinos",qz.com,http://qz.com/82302/theres-a-country-that-will-pay-300000-per-rhino-horn-to-cure-cancer-and-hangovers-and-its-wiping-out-rhinos/
2013-05-15,05:53:57,1ec7b6,2356,"Teacher in Qatar jailed for ""insulting Islam"" and faces seven years in prison. He was simply trying to teach his students to be tolerant of people from other countries.",change.org,https://www.change.org/petitions/government-of-qatar-release-dorje-gurung
2013-05-15,16:19:07,1edctj,1915,"Brits are now poorer than the French, Swiss, Belgians, Swedes, Austrians, Aussies and Canadians",qz.com,http://qz.com/84658/uk-household-income/
2013-05-15,06:33:31,1ecah4,1829,Pirate Bay Co-Founder to Run For European Parliament,torrentfreak.com,http://torrentfreak.com/pirate-bay-cofounder-to-run-for-european-parliament-130514/
2013-05-15,02:13:20,1ebpid,1153,BP and Shell raided in oil price-rigging investigation,guardian.co.uk,http://www.guardian.co.uk/business/2013/may/14/bp-shell-oil-price-rigging
2013-05-15,19:42:26,1edj1s,955,"If women don't want to be raped they shouldn't drink too much, says Hong Kong official",telegraph.co.uk,http://www.telegraph.co.uk/news/worldnews/asia/hongkong/10058378/If-women-dont-want-to-be-raped-they-shouldnt-drink-too-much-says-Hong-Kong-official.html
2013-05-15,04:40:12,1ec1d2,625,"Raids on BP, Shell, and Statoil for evidence of price fixing.",bbc.co.uk,http://www.bbc.co.uk/news/business-22530379
2013-05-15,04:57:07,1ec2r3,563,"Canipre, the company helping movie studios sue you for illegal downloading, has been using images without permission.",vice.com,http://www.vice.com/read/canadian-copyright-canipre-images-without-permission?utm_source=vicefbus
2013-05-15,21:26:55,1edmzg,469,Walmart opts out of Bangladesh safety agreement,guardian.co.uk,http://www.guardian.co.uk/business/2013/may/15/walmart-opts-out-bangladesh-rana-plaza
2013-05-15,22:34:10,1edqdp,420,Saudi Arabia Confirms 6 New Cases of SARS-like Virus,voanews.com,http://www.voanews.com/content/saudi-arabia-confirms-six-new-cases-of-sars-like-virus/1661103.html
2013-05-15,22:34:24,1edqe5,341,Malaria and HIV Spike as Greece Cuts Healthcare Spending,theatlantic.com,http://www.theatlantic.com/international/archive/2013/05/malaria-and-hiv-spike-as-greece-cuts-healthcare-spending/275836/
2013-05-15,21:46:33,1ednwm,325,A UK-based pharmaceutical company has stopped selling a drug to Arkansas because the US state planned to use it to execute prisoners on death row,bbc.co.uk,http://bbc.co.uk/news/uk-22541905
2013-05-15,02:03:39,1ebook,326,5 signs there's something fishy about the alleged CIA spy arrested in Moscow,washingtonpost.com,http://www.washingtonpost.com/blogs/worldviews/wp/2013/05/14/5-signs-theres-something-fishy-about-the-alleged-cia-spy-arrested-in-moscow/
2013-05-15,16:21:09,1edcw4,233,"Palestinians face daily struggle in Egypt - Palestinian refugees do not have access to free medical care or education, creating cycle of poverty.",aljazeera.com,http://www.aljazeera.com/video/middleeast/2013/05/20135150152967301.html
2013-05-15,20:44:32,1edl72,224,"Osaka mayor: ""Wild"" US Marines should consider using prostitutes.",stripes.com,http://www.stripes.com/news/pacific/bad-behavior-in-the-pacific/osaka-mayor-wild-marines-should-consider-using-prostitutes-1.220845
2013-05-15,23:08:53,1edsgc,216,"Ahmadinejad aide, running for president, threatens to reveal incriminating information about the regime.",iranpulse.al-monitor.com,http://iranpulse.al-monitor.com/index.php/2013/05/2010/mashei-says-he-will-reveal-information-behind-the-scenes/
2013-05-15,22:51:19,1edrda,190,"Argentines are now allowed to know the real rate of inflation, thanks to their courts",qz.com,http://qz.com/84838/argentines-are-now-allowed-to-know-the-real-rate-of-inflation-thanks-to-their-courts/
2013-05-15,00:14:55,1ebg9j,178,"Death Toll in Syria Likely as High as 120,000",nytimes.com,http://www.nytimes.com/reuters/2013/05/14/world/middleeast/14reuters-syria-crisis-deaths.html?ref=middleeast
2013-05-15,12:48:44,1ed2dg,162,"Rescuers have found four bodies and rescued 10 of the dozens trapped underground after a tunnel caved in at a giant U.S.-owned gold and copper mine in Timika, Papua province, eastern Indonesia.",adn.com,http://www.adn.com/2013/05/13/2901444/tunnel-collapse-traps-workers.html
2013-05-15,11:26:30,1ecwfv,160,"A X-47B drone took off from the deck of an American aircraft carrier for the first time, in a test flight that could eventually open the way for the U.S. to launch unmanned aircraft from just about any place in the world",washingtonpost.com,http://www.washingtonpost.com/local/navy-to-attempt-launching-unmanned-aircraft-from-deck-of-aircraft-carrier-for-first-time/2013/05/14/b9387ad2-bc66-11e2-b537-ab47f0325f7c_story.html
2013-05-15,11:41:15,1ecxm3,135,Where Private School Is Not a Privilege - Two school systems in Kenya and in Bangladesh — are making decent education accessible to the world’s poorest on a giant scale.,opinionator.blogs.nytimes.com,http://opinionator.blogs.nytimes.com/2013/05/08/where-private-school-is-not-a-privilege/
2013-05-15,19:52:31,1edje9,114,Irish government wants the power to shut down the mobile phone network.,rte.ie,http://www.rte.ie/news/2013/0515/450356-laws-proposed-to-shut-down-phone-network-during-g8/
2013-05-15,23:41:48,1edum6,98,Japanese manned submersible finds signs of submerged continent off Brazil,japandailypress.com,http://japandailypress.com/japanese-manned-submersible-finds-signs-of-submerged-continent-off-brazil-0728365
2013-05-15,11:16:43,1ecvpc,94,"Sex workers in China subject to police abuse ""Officers sometimes detain women only on the basis of their carrying condoms, thus deterring their use among sex workers and increasing the risk of spreading HIV"" - Human Rights Watch",news.yahoo.com,http://news.yahoo.com/hrw-sex-workers-china-subject-133122953.html
2013-05-15,06:21:00,1ec9gv,88,Petrol price 'rigged for a decade',telegraph.co.uk,http://www.telegraph.co.uk/motoring/news/10057460/Petrol-price-rigged-for-a-decade.html
2013-05-15,22:39:08,1edqo4,67,"Palestinians mark their 1948 displacement. Every May 15, Palestinians commemorate the ""Nakba,"" or ""catastrophe"" — the term they use to describe the displacement. Hundreds of thousands fled or were driven out during the fighting.",chron.com,http://www.chron.com/news/world/article/Palestinians-mark-their-1948-displacement-4517149.php
2013-05-15,01:21:48,1eblbj,67,"Western Drugmakers Tested Medicines on Unwitting East Germans. Until the fall of the Wall, Western pharmaceutical companies conducted drug trials in East German hospitals. More than 50,000 patients served as subjects, often without their knowledge, and many died.",spiegel.de,http://www.spiegel.de/international/germany/western-drugmakers-tested-medicines-on-unwitting-east-germans-a-899594.html
2013-05-15,14:13:12,1ed7ad,62,Walmart opts out of Bangladesh factory deal,ft.com,http://www.ft.com/cms/s/0/09d59fb2-bd0f-11e2-b344-00144feab7de.html#axzz2TKqQCp9f
2013-05-15,09:51:49,1ecpcy,49,"Three Foes from Iran, Russia, and the United States Unite to Keep Wrestling in Olympics",nytimes.com,http://www.nytimes.com/2013/05/15/world/us-iran-and-russia-unite-to-save-olympic-wrestling.html?smid=re-share
2013-05-15,19:58:45,1edjlm,51,Canadian Anti-Piracy Outfit Pirates Photos for its Website,torrentfreak.com,http://torrentfreak.com/canadian-anti-piracy-outfit-pirates-photos-for-its-website-130515/
