2013-06-17,01:15:25,1ggkce,5431,Julian Assange was willing to go to Sweden to answer allegations. All he wanted was a guarantee he wouldn't be handed over to the United States. Sweden refused.,aljazeera.com,http://www.aljazeera.com/programmes/listeningpost/2013/06/2013614145837882956.html
2013-06-17,11:58:16,1ghop1,2929,"Police brutality caused a pregnant victim to miscarry on Saturday night; six rounds of teargas was fired into an impromptu medical clinic housed in a tent in Istanbul. PM Erdogan threatens news reporters: ""Turkey is not a country that international media can play games on.""",m.guardian.co.uk,http://m.guardian.co.uk/world/2013/jun/16/turkey-unrest-clashes-istanbul-erdogan
2013-06-17,21:08:33,1giekt,2815,Turkey threatens to deploy army to end unrest,aljazeera.com,http://www.aljazeera.com/news/europe/2013/06/201361742432736655.html
2013-06-17,20:54:22,1gidzk,2508,An 18-year-old girl beheaded her father with a bush knife after he repeatedly raped her at their home in Papua New Guinea,daily.bhaskar.com,http://daily.bhaskar.com/article/WOR-18-year-old-girl-beheads-her-father-after-he-repeatedly-raped-her-4294316-PHO.html
2013-06-17,23:18:48,1gilfr,2331,"Its about to go down in Aleppo, Syria. as 80,000 troops are about storm the city.",ctnbreakingnews.blogspot.com,http://ctnbreakingnews.blogspot.com/2013/06/breaking-news-its-about-to-go-down-in.html
2013-06-17,21:52:43,1gigm4,2035,Corrosive chemicals in Turkish Police water cannons - causes blisters,ireport.cnn.com,http://ireport.cnn.com/docs/DOC-989090
2013-06-17,03:47:11,1ggtwa,2028,Putin questions why Western powers support Syrian rebels who ‘eat human organs',rawstory.com,http://www.rawstory.com/rs/2013/06/16/putin-questions-why-western-powers-support-syrian-rebels-who-eat-human-organs/
2013-06-17,05:51:05,1gh2bh,1747,Turkish PM appears to be a man so intoxicated with power that he's lost all grasp of reality and doesn't seem to realize how much damage his ego is doing to an entire country,usatoday.com,http://www.usatoday.com/story/news/world/2013/06/16/turkey-protest-police/2427837/
2013-06-17,03:14:22,1ggrld,1593,Dozens of Photos Showing Toxic and Chemical Gas Canisters Used on Protesters in Turkey,intellihub.com,http://intellihub.com/2013/06/03/dozens-of-photos-showing-toxic-and-chemical-gas-canisters-used-on-protesters-in-turkey/
2013-06-17,20:10:49,1gicen,1184,"'Hateful' Speech in Istanbul: Erdogan Throws Fuel on Flames ""He cleared out Gezi Park with brutal violence, disparaged the protesters as terrorists and railed against the foreign media...Erdogan is inflaming the conflict once more. But the protest movement shows no signs of backing down""",spiegel.de,http://www.spiegel.de/international/world/turkey-protests-erdogan-agitates-conflict-in-istanbul-a-906118.html
2013-06-17,20:19:13,1gicof,1112,China calls for explanations of US surveillance,newsday.com,http://www.newsday.com/news/world/china-calls-for-explanations-of-us-surveillance-1.5499055
2013-06-17,14:44:35,1ghzbb,1015,"North Korea ""ready to discuss nuclear disarmament""",nytimes.com,http://www.nytimes.com/2013/06/17/world/asia/north-korea-proposes-talks-with-washington.html?_r=0
2013-06-17,15:01:33,1gi0am,917,JPMorgan calls for authoritarian regimes in Europe: The authors of the JPMorgan report are arguing for governments to adopt dictatorial-type powers to complete the process of social counterrevolution that is already well underway across Europe,wsws.org,http://wsws.org/en/articles/2013/06/17/morg-j17.html
2013-06-17,04:49:22,1ggy6t,776,UK secret service intercepted foreign politicians' comms during G8,guardian.co.uk,http://www.guardian.co.uk/uk/2013/jun/16/gchq-intercepted-communications-g20-summits
2013-06-17,20:34:30,1gid94,594,"Julian Assange: Ecuador will continue to grant asylum """"The Ecuadorian government will continue to ensure that he continues with the protection we have given him under asylum in our country, protecting his life, his personal integrity, and particularly his freedom of expression.""",bbc.co.uk,http://www.bbc.co.uk/news/uk-22937293
2013-06-17,20:39:33,1gidft,498,Montreal Mayor Michael Applebaum arrested by anti-corruption unit,theglobeandmail.com,http://www.theglobeandmail.com/news/national/montreal-mayor-michael-applebaum-arrested-radio-canada/article12595439/
2013-06-17,02:16:12,1ggnsj,404,"400 Year woman found in backyard,costs couple 5000$ in fees.",thestar.com,http://www.thestar.com/news/canada/2013/06/15/400yearold_skeleton_of_aboriginal_woman_found_in_sarnia_backyard_costs_couple_5000.html
2013-06-17,02:24:43,1ggo8s,382,The Chinese government has ordered firms in heavy-polluting industries to cut emissions by 30% by 2017.,bbc.co.uk,http://www.bbc.co.uk/news/world-asia-china-22924231
2013-06-17,21:26:00,1gifav,354,"Turkish government says it may use army to end protests ""The Turkish government has said it may use the armed forces to end nearly three weeks of unrest by protesters in Istanbul and other cities.""",bbc.co.uk,http://www.bbc.co.uk/news/world-europe-22938860
2013-06-17,19:53:36,1gibuh,320,Egyptian Bloopers: 'Our War Is With America and Israel',clarionproject.org,http://www.clarionproject.org/news/egyptian-bloopers-our-war-america-and-israel
2013-06-17,22:30:47,1giioa,236,Teenage Girl Beheads Father After He Raped Her In Papua New Guinea Home',huffingtonpost.co.uk,http://www.huffingtonpost.co.uk/2013/06/17/teenage-girl-beheads-father-raped-papua-new-guinea_n_3452358.html?1371457210
2013-06-17,11:33:37,1ghmye,209,"A Finnish company have spent 10yrs devising a carbon fibre lift rope that will be able to raise an elevator 3,300 feet. The effectiveness of elevators is one of the main constraints when building tall buildings, so UltaRope could result in buildings worthy of the name 'skyscraper'",economist.com,http://www.economist.com/news/science-and-technology/21579437-new-lightweight-lift-cable-will-let-buildings-soar-ever-upward-other?fsrc=scn/gp/wl/pe/theothermilehighclub
2013-06-17,22:14:59,1gihr8,199,"""infantile"" Climate science debate has cost precious time, expert warns. Commission report says evidence of rapidly changed climate has strengthened. ""There have been attempts to undermine the science. The science has been attacked and scrutinised and it's stood up.""""",guardian.co.uk,http://www.guardian.co.uk/world/2013/jun/17/australia-climate-change-report2
2013-06-17,09:38:18,1ghgro,183,"UK spies hacked diplomats' phones, emails, Guardian reports",cbc.ca,http://www.cbc.ca/news/world/story/2013/06/16/uk-foreign-diplomats-hacked.html#socialcomments
2013-06-17,22:23:27,1gii99,182,10-yr-old girl forced to marry a 50 year old man to settle feud in Pakistan.,hindustantimes.com,http://www.hindustantimes.com/world-news/Pakistan/Pakistan-10-yr-old-girl-forced-to-marry-to-settle-feud/Article1-1077216.aspx
2013-06-17,12:27:09,1ghqqq,135,"Turkish PM Erdogan singles out BBC, CNN and Reuters: ""For days, you fabricated news. You portrayed Turkey differently to the world, you are left alone with your lies. This nation is not the one that you misrepresented to the world.""",mediabistro.com,http://www.mediabistro.com/tvnewser/turkeys-prime-minister-accuses-cnn-bbc-of-fabricating-news_b184014
2013-06-17,16:37:33,1gi5cq,98,Boris Johnson: 'Don't arm the Syrian maniacs',telegraph.co.uk,http://www.telegraph.co.uk/news/worldnews/middleeast/syria/10124089/Boris-Johnson-Dont-arm-the-Syria-maniacs.html
2013-06-17,12:31:14,1ghr19,86,"Mother of Ethem Sarisuluk, Turkish protester killed by police in Ankara demands 'Erdogan must resign'",telegraph.co.uk,http://www.telegraph.co.uk/news/worldnews/europe/turkey/10122409/Mother-of-Turkish-protester-killed-in-Ankara-Erdogan-must-resign.html
2013-06-17,04:11:37,1ggvl7,83,Sao Paulo Is Burning; numerous violent clashes between police and students during protests against the rising cost of transportation,vice.com,http://www.vice.com/read/sao-paulo-burning
2013-06-17,03:05:01,1ggqwn,72,"Breaking the Silence: In the reality of occupation, there are no Palestinian civilians – only potential terrorists -- An IDF soldier who served in a Sahlav unit at Hebron in 2001-2003 speaks out",independent.co.uk,http://www.independent.co.uk/news/world/breaking-the-silence-in-the-reality-of-occupation-there-are-no-palestinian-civilians--only-potential-terrorists-8660707.html
