2013-12-15,05:44:53,1sw2ql,3123,Iceland Sends Four Bank Bosses to the Slammer,truthdig.com,http://www.truthdig.com/eartotheground/item/iceland_sends_four_bank_bosses_to_the_slammer_20131212#.Uqy9EpEbMLE.facebook
2013-12-15,20:20:14,1sxh4y,2802,Pope attacks mega-salaries and wealth gap in peace message - CNBC,cnbc.com,http://www.cnbc.com/id/101267860
2013-12-15,11:15:51,1swrwt,2732,"Pope: I am not a Marxist but, ""I don’t feel offended” being called one.",religion.blogs.cnn.com,http://religion.blogs.cnn.com/2013/12/14/pope-im-not-a-marxist/
2013-12-15,20:19:32,1sxh4a,2371,"China rejects fifth US corn cargo in a month, citing GMO strain",rt.com,http://rt.com/news/china-rejects-us-corn-087/
2013-12-15,19:39:38,1sxfvp,2081,"U.S. May Never Know Extent of Snowden’s Leaks :“They’ve spent hundreds and hundreds of man-hours trying to reconstruct everything he has gotten, and they still don’t know all of what he took,” a senior administration official said. “I know that seems crazy, but everything with this is crazy.”",nytimes.com,http://www.nytimes.com/2013/12/15/us/officials-say-us-may-never-know-extent-of-snowdens-leaks.html?smid=re-share
2013-12-15,23:42:10,1sxpq4,1642,2 more executives facing the death penalty in Viet Nam for Kickbacks and corruption,tuoitrenews.vn,http://tuoitrenews.vn/society/16018/vinalines-graft-officials-get-16-mln-kickback#.Uq3NZlYkx1E.reddit
2013-12-15,17:32:01,1sxbza,991,"Student protest has been quietly sweeping the nation. Now, it's getting louder. The Occupy Sussex movement has acted as the spark for a new wave of protest against the marketisation of higher education.",newstatesman.com,http://www.newstatesman.com/politics/2013/12/student-protest-has-been-quietly-sweeping-nation-now-its-getting-louder
2013-12-15,08:29:41,1swftv,782,Protester accused of sexual violence after world hails iconic photo of her kissing Italian riot officer,news.nationalpost.com,http://news.nationalpost.com/2013/12/13/protester-accused-of-sexual-violence-after-world-hails-iconic-photo-of-her-kissing-italian-riot-officer/
2013-12-15,20:44:27,1sxhv5,683,Uruguay President taking the lead along with Pope in the fight against unfettered Capitalism,theguardian.com,http://www.theguardian.com/world/2013/dec/13/uruguay-president-jose-mujica
2013-12-15,10:48:43,1swq02,631,New National Poll Shows That Almost 50% of Canadians Support a Guaranteed Annual Income,thestar.com,http://www.thestar.com/opinion/2013/12/11/new_poll_shows_surprising_support_for_antipoverty_plan_hepburn.html
2013-12-15,08:09:26,1sweb9,555,"French stage smokeless revolution: In a country that can't shake its love affair with smoking, electronic cigarettes are catching like wildfire.",salon.com,http://www.salon.com/2013/12/14/cigarettes_in_france_disappear_without_the_cloud_of_smoke_partner/
2013-12-15,06:46:00,1sw7rc,487,Forced Sterilization Of Women Widespread In Uzbekistan,rferl.org,http://www.rferl.org/content/uzbekistan-forced-sterilization-widespread/25200182.html
2013-12-15,19:34:33,1sxfph,369,Leading Russian actor advocates burning homosexuals alive to a cheering crowd,nydailynews.com,http://www.nydailynews.com/news/world/leading-russian-actor-gays-burn-alive-ovens-article-1.1547713
2013-12-15,00:04:54,1svck1,311,"Call the FBI: China is Trying to Steal America's Seeds - In 2 cases this week, feds arrested citizens of China & charged them with stealing seeds that American companies consider valuable intellectual property. It's a mixture of Midwestern farming, corporate espionage & international intrigue.",npr.org,http://www.npr.org/blogs/thesalt/2013/12/13/250746796/call-the-fbi-china-is-trying-to-steal-americas-seeds
2013-12-15,11:30:27,1swsxs,290,Drone Warfare Protest at CIA Follows Strike on Civilians in Yemen,dcmediagroup.us,http://www.dcmediagroup.us/2013/12/14/drone-protest-cia/
2013-12-15,10:55:52,1swqip,270,China bans shellfish imports from US West Coast,abcnews.go.com,http://abcnews.go.com/US/wireStory/china-bans-shellfish-imports-us-west-coast-21222029
2013-12-15,23:01:29,1sxnfj,255,"As protests continue in Kiev's Independence Square, an army of volunteers brings food and drink to nourish the thousands who remain in the snow and cold.",nytimes.com,http://www.nytimes.com/video/world/europe/100000002601714/feeding-the-protest.html
2013-12-15,08:40:51,1swgo5,245,"About 20,000 people who watched pornography on a U.S.-based website have had their names and addresses mistakenly released by a court in Germany",worldnews.nbcnews.com,http://worldnews.nbcnews.com/_news/2013/12/13/21891592-20000-porn-watchers-addresses-mistakenly-released-in-german-court-lawyer?lite
2013-12-15,06:57:52,1sw8pt,218,"Toxic 'e-waste' dumped in poor nations, says United Nations | Millions of tonnes of old electronic goods illegally exported to developing countries, as people dump luxury items",theguardian.com,http://www.theguardian.com/global-development/2013/dec/14/toxic-ewaste-illegal-dumping-developing-countries
2013-12-15,00:08:02,1svcqe,177,"Desmond Tutu not invited to Mandela funeral; Preparations for Nelson Mandela's funeral have been marred by a public spat between the South African government and retired Archbishop Desmond Tutu, one of the most prominent survivors in the long anti-apartheid struggle.",news.yahoo.com,http://news.yahoo.com/desmond-tutu-not-invited-mandela-funeral-123944826.html
2013-12-15,13:01:59,1swz7f,164,"Notable presence of Islamic fundamentalism in Western Europe, study shows",washingtonpost.com,http://www.washingtonpost.com/blogs/monkey-cage/wp/2013/12/13/how-widespread-is-islamic-fundamentalism-in-western-europe/
2013-12-15,16:28:44,1sx9rf,144,"Scandal involving clandestine hotel room sex, money laundering and huge bribes hits Indonesia's Islamic parties",au.news.yahoo.com,http://au.news.yahoo.com/thewest/world/a/20340078/sex-lies-and-beef-racy-scandal-hits-indonesias-islamic-parties/
2013-12-15,09:24:05,1swjvk,136,Belgium approves law allowing euthanasia for terminally ill children,dw.de,http://www.dw.de/belgium-approves-law-allowing-euthanasia-for-terminally-ill-children/a-17245525
2013-12-15,22:39:07,1sxm9s,134,NSA spying on French officials and businesses,voiceofrussia.com,http://voiceofrussia.com/radio_broadcast/254175247/255606588/
2013-12-15,23:04:59,1sxnmt,124,Woman discovers her son was among 270 Lockerbie bombing victims almost 25 years later,independent.co.uk,http://www.independent.co.uk/news/uk/home-news/woman-discovers-her-son-was-among-270-lockerbie-bombing-victims-almost-25-years-later-9006080.html
2013-12-15,21:05:25,1sxijs,124,Attorney General: Bill against pro-boycott Israel groups is unconstitutional,haaretz.com,http://www.haaretz.com/news/national/1.563537
2013-12-15,23:36:16,1sxpdb,117,13-year-old Pakistani boy gets 50 years in jail for murder,timesofindia.indiatimes.com,http://timesofindia.indiatimes.com/world/pakistan/13-year-old-Pakistani-boy-gets-50-years-in-jail-for-murder/articleshow/27430642.cms
2013-12-15,09:29:57,1swkab,88,UN Report: Chemical Weapons Used Against Syrian Armed Forces,talkradionews.com,http://www.talkradionews.com/united-nations/2013/12/12/un-report-asserts-chemical-weapons-used-against-assad-forces.html#.Uq0FzeK4uM0
2013-12-15,07:19:20,1swaf7,76,Unfolding Tragedy: The Central African Republic,mm.hrw.org,http://mm.hrw.org/content/unfolding-tragedy-central-african-republic-5
2013-12-15,14:44:21,1sx58y,74,Canadian government investigates Google for 'anti-competitive acts',theverge.com,http://www.theverge.com/2013/12/15/5210582/canadian-government-investigates-google-for-anti-competitive-acts
