2013-11-12,17:17:02,1qg22c,3521,An eight-year-old girl in China is the youngest living person to be diagnosed with lung cancer attributed to pollution.,news.nationalgeographic.com,http://news.nationalgeographic.com/news/2013/11/131108-lung-cancer-childhood-china-pollution-eight-year-old-girl/?utm_source=Facebook&utm_medium=Social&utm_content=link_fb20131111news-lungcanc&utm_campaign=Content
2013-11-12,02:19:23,1qe3l7,3438,"""I am a decent person. But if you have not eaten in 3 days, you do shameful things to survive""-- Tormented typhoon victims scour for food.",rappler.com,http://www.rappler.com/move-ph/issues/disasters/typhoon-yolanda/43381-tormented-typhoon-victims-scour-for-food-yolanda
2013-11-12,03:19:20,1qe93m,3131,"Member of U.S. Army National Guard's Tactical Human Intelligence Team commits suicide; his suicide note says he was forced to commit ""war crimes, crimes against humanity"" in Iraq",atwar.blogs.nytimes.com,http://atwar.blogs.nytimes.com/2013/11/11/on-losing-a-veteran-son-to-a-broken-system/?hp
2013-11-12,19:34:20,1qg73w,2955,Spain toughens up new 'sun tax' law. Homes can now be searched for illegal solar panels without warrant and offenders fined up to €60million ($80 million).,thelocal.es,http://www.thelocal.es/20131112/spains-solar-police-to-kick-in-your-door
2013-11-12,04:20:04,1qeet9,2332,Mathematically-improbable voting pattern proves fraud in Philippine polls,tribune.net.ph,http://www.tribune.net.ph/headlines/60-30-10-manipulation-proven-pinoys-votes-not-counted-pre-programmed-fraud-voted
2013-11-12,01:00:02,1qdwjg,2289,Snowden asks Germany to support him against US 'persecution',telegraph.co.uk,http://www.telegraph.co.uk/news/worldnews/europe/germany/10420352/Snowden-asks-Germany-to-support-him-against-US-persecution.html
2013-11-12,23:48:11,1qglt1,2179,Norway to introduce new regulations on circumcision. Ban on under 18 circumcision a possibility.,jta.org,http://www.jta.org/2013/11/12/news-opinion/world/norway-to-introduce-new-regulations-on-circumcision
2013-11-12,21:34:25,1qgcn6,1816,"To ride the Moscow subway for free, do 30 squats",news.cnet.com,http://news.cnet.com/8301-17938_105-57611796-1/to-ride-the-moscow-subway-for-free-do-30-squats/
2013-11-12,00:07:42,1qds78,1325,South Korea has five times as many credit cards as people and more debt per capita than any other nation on earth,businessweek.com,http://www.businessweek.com/articles/2013-11-11/south-koreas-debt-culture-fueled-by-spending-on-housing-education
2013-11-12,00:55:42,1qdw6c,1234,The Lies Shell is Telling About Oil Spills in the Niger Delta,blog.amnestyusa.org,http://blog.amnestyusa.org/africa/the-lies-shell-is-telling-about-oil-spills-in-the-niger-delta/
2013-11-12,04:56:34,1qeidn,1002,"Neuchatel is the first canton in Switzerland to set a minimum wage — more than $21 an hour, virtually three times the US federal minimum — but hardly anyone will be affected because 97% of the canton's residents are already earning more than that.",thelocal.ch,http://www.thelocal.ch/20131111/neuchatel-set-for-first-swiss-minimum-wage
2013-11-12,22:30:13,1qgfz5,861,"Renault Introduces DRM For Cars: 'When you buy a Renault Zoe, the battery isn't included. Instead, you sign a rental contract for the battery with the car maker... the contract contains a clause giving Renault the right to prevent your battery from charging at the end of the rental period.'",techdirt.com,http://www.techdirt.com/articles/20131108/09350825182/renault-introduces-drm-cars.shtml
2013-11-12,12:27:27,1qfm4d,633,$4.1M goes missing as Chinese bitcoin trading platform GBL vanishes.,coindesk.com,http://www.coindesk.com/4-1m-goes-missing-chinese-bitcoin-trading-platform-gbl-vanishes/
2013-11-12,00:06:11,1qds2u,410,International Space Station Infected With USB Stick Malware Carried on Board by Russian Astronauts,microsofttranslator.com,http://www.microsofttranslator.com/bv.aspx?from=&to=en&a=http%3A%2F%2Fwww.volkskrant.nl%2Fvk%2Fnl%2F2694%2FTech-Media%2Farticle%2Fdetail%2F3542844%2F2013%2F11%2F11%2FRussen-infecteerden-International-Space-Station-via-USB-stick-met-malware.dhtml
2013-11-12,21:19:11,1qgbvc,401,"Theresa May, Britain's Home Secretary plans new powers to make British terror suspects stateless - Home secretary working on legislation allowing removal of UK passport from suspects even if they have no other citizenship",theguardian.com,http://www.theguardian.com/uk-news/2013/nov/12/theresa-may-british-terror-suspects-stateless-passport
2013-11-12,00:22:28,1qdtev,367,"Ukraine's Genocide by Famine - Eighty years later, there's no denying the Soviet atrocity.",nationalreview.com,http://nationalreview.com/article/363533/ukraines-genocide-famine-alec-torres
2013-11-12,00:30:54,1qdu3t,317,"In Afghanistan, interpreters who helped U.S. in war denied visas; U.S. says they face no threat",washingtonpost.com,http://www.washingtonpost.com/world/in-afghanistan-interpreters-who-helped-us-in-war-denied-visas-us-says-they-face-no-threat/2013/11/10/af7acfc8-4180-11e3-b028-de922d7a3f47_story.html
2013-11-12,19:40:18,1qg7by,309,Hundreds of Buddhists are marching through the streets of Burma's biggest city to protest against an upcoming visit by a high-level delegation from the world's biggest Islamic political bloc.,belfasttelegraph.co.uk,http://www.belfasttelegraph.co.uk/news/world-news/burmese-buddhists-march-over-visit-29747502.html
2013-11-12,23:06:24,1qgija,246,"Russia can seize assets of President Vladimir Putin's most prominent critic, a Moscow court ruled on Tuesday, in connection with embezzlement charges that the activist says is an attempt by the authorities to intimidate opponents.",news.yahoo.com,http://news.yahoo.com/russia-seize-putin-foe-navalnys-assets-court-141535397.html
2013-11-12,20:57:51,1qgarz,218,Want to Have a Happy Planet? Just Ask Costa Ricans About Their Banks,alternet.org,http://www.alternet.org/economy/want-have-happy-planet-just-ask-costa-ricans-about-their-banks?paging=off&current_page=1#bookmark
2013-11-12,13:37:41,1qfr8n,189,"US Sec State John Kerry: Iran talks came 'extremely close' to deal. ""We haven't been speaking for 35 years... we just talked more in 30 hours than we have in those prior 30 years.""",bbc.co.uk,http://www.bbc.co.uk/news/world-middle-east-24908005?ocid=socialflow_twitter_bbcworld
2013-11-12,20:10:20,1qg8lo,186,"NSA's Vast Surveillance Powers Extend Far Beyond Counterterrorism, Despite Misleading US Government Claims: the truth is that counterterrorism is only a fraction of their far broader authority to seek “foreign intelligence information”",eff.org,https://www.eff.org/deeplinks/2013/11/nsas-surveillance-powers-extend-far-beyond-terrorism-despite-governments
2013-11-12,22:25:39,1qgfoc,185,Why creating memes is illegal in Australia,news.com.au,http://www.news.com.au/technology/online/why-creating-memes-is-illegal-in-australia/story-fnjwmwrh-1226758121774
2013-11-12,15:59:08,1qfyvz,178,Australian sees evidence of Telstra/NSA hacking on his phone - a year before the Snowden leaks (X-Post r/australia),forums.whirlpool.net.au,http://forums.whirlpool.net.au/archive/1935438
2013-11-12,06:59:54,1qeu9s,148,U.S. Marines Bringing Typhoon Aid to Philippine Shores,swampland.time.com,http://swampland.time.com/2013/11/11/u-s-marines-bringing-typhoon-aid-to-philippine-shores/
2013-11-12,17:07:03,1qg1nr,141,French Muslim Women Circumvent Burqa Ban By Wearing Surgical Masks,ynetnews.com,"http://www.ynetnews.com/articles/0,7340,L-4451879,00.html"
2013-11-12,12:27:21,1qfm47,142,"Syria's polio strain originated in Pakistan, WHO confirms",nbcnews.com,http://www.nbcnews.com/health/polio-strain-syria-originated-pakistan-who-confirms-2D11577484
2013-11-12,23:34:34,1qgkos,137,Lawyer Says 'Lonely' Snowden Living on Donations,themoscowtimes.com,http://www.themoscowtimes.com/news/article/lawyer-says-lonely-snowden-living-on-donations/489442.html
2013-11-12,12:10:43,1qfkvm,82,"High-profile assassination: Haqqani Network key leader slain near Islamabad, Pakistan",tribune.com.pk,http://tribune.com.pk/story/630710/high-profile-assassination-haqqani-network-key-leader-slain-near-islamabad/
2013-11-12,20:56:09,1qgap4,73,"The number of people left homeless by the typhoon has increased to 800,000 according to the latest UN estimate",theguardian.com,http://www.theguardian.com/world/2013/nov/12/typhoon-haiyan-disasters-emergency-committee-launches-appeal-live-updates?CMP=twt_gu
