2013-03-08,08:52:40,19vr23,3240,"North Korea officially voids non-aggression pacts with South, following new round of UN sanctions",google.com,http://www.google.com/hostednews/afp/article/ALeqM5hmEUR-mSLEUHfAswkZ36agHTkKiw?docId=CNG.29350d12cef5ba479bd32457cce4d1a0.8a1
2013-03-08,21:59:14,19wt5w,2704,North Korea says 'prepare for war',telegraph.co.uk,http://www.telegraph.co.uk/news/worldnews/asia/northkorea/9917155/North-Korea-says-prepare-for-war-following-fresh-UN-sanctions.html
2013-03-08,18:42:25,19wmin,2648,North Korea has voided its armistice with the South four times in the last 10 years,english.yonhapnews.co.kr,http://english.yonhapnews.co.kr/northkorea/2009/05/28/46/0401000000AEN20090528004200315F.HTML
2013-03-08,09:23:59,19vt88,1099,BBC News - North Korea says it ends peace pacts with South,bbc.co.uk,http://www.bbc.co.uk/news/world-asia-21709917
2013-03-08,22:31:25,19wuu1,663,"Skype's Been Hijacked in China, and Microsoft Is O.K. With It -- How a computer-science graduate at the University of New Mexico deciphered a complex surveillance system governing Skype chats in China",businessweek.com,http://www.businessweek.com/articles/2013-03-08/skypes-been-hijacked-in-china-and-microsoft-is-o-dot-k-dot-with-it
2013-03-08,20:49:36,19wq9y,658,Bosnian woman helps win recognition of rape as a war crime,hosted.ap.org,http://hosted.ap.org/dynamic/stories/E/EU_BOSNIA_RAPE_AS_WAR_CRIME?SITE=AP&SECTION=HOME&TEMPLATE=DEFAULT&CTIME=2013-03-08-07-16-08
2013-03-08,16:02:57,19whqg,659,"Mexican Supreme Court: anti-gay comments are hate speech, not free speech, and are not legally protected",mexicogulfreporter.com,http://www.mexicogulfreporter.com/2013/03/mexican-supreme-court-anti-gay-comments.html
2013-03-08,21:41:25,19wsco,307,First drones and now real life Skynet: web-based brain for robots goes live in Europe.,bbc.co.uk,http://www.bbc.co.uk/news/technology-21714191
2013-03-08,17:38:03,19wkqy,233,South Korea's president calls for joint defense readiness against North Korea's provocations,english.yonhapnews.co.kr,http://english.yonhapnews.co.kr/news/2013/03/08/0200000000AEN20130308010500315.HTML
2013-03-08,06:14:18,19vf2t,227,Vatican gets eternal life: Puts its entire library online,news.com.au,http://www.news.com.au/technology/vatican-gets-eternal-life-puts-its-entire-library-online/story-e6frfro0-1226592665885
2013-03-08,08:50:48,19vqy9,148,"North Korea ends non-aggression pacts with South, cuts hotline",rt.com,http://rt.com/news/north-korea-cuts-hotline-981/
2013-03-08,02:07:31,19uv8q,124,"The EU will not accept any moves by the Americans to water down rules about the collection of individual personal information by companies, EU Justice Commissioner Viviane Reding said today in Brussels",electronicsweekly.com,http://www.electronicsweekly.com/Articles/07/03/2013/55716/reding-fights-us-to-protect-europeans-data-rights.htm
2013-03-08,01:48:26,19utt6,110,"Police puzzled by human skulls found near consulates and Mormon churches in Sao Paulo, Brazil. ",google.com,http://www.google.com/translate?hl=en&ie=UTF8&sl=pt&tl=en&u=http%3A%2F%2Fwww1.folha.uol.com.br%2Fcotidiano%2F1242078-oito-cranios-aparecem-perto-de-consulados-e-igrejas-mormons-de-sp.shtml
2013-03-08,19:04:51,19wn3f,99,"Nations Consider Protecting Sharks as 100 Million Die Each Year

 – Every year in commercial fisheries around the world some 100 million sharks die, according to scientific findings released today. In Bangkok, 178 govts will decide whether to protect the most vulnerable shark species.",ens-newswire.com,http://ens-newswire.com/2013/03/08/nations-consider-protecting-sharks-as-100-million-die-each-year/
2013-03-08,17:57:38,19wla5,97,The world is hottest it has been since the end of the ice age - and the temperature's still rising,independent.co.uk,http://www.independent.co.uk/environment/climate-change/the-world-is-hottest-it-has-been-since-the-end-of-the-ice-age--and-the-temperatures-still-rising-8525089.html
2013-03-08,09:45:56,19vuuj,83,UN Security Council unanimously approves sanctions against North Korea in 15-0 vote. The resolution was drafted by China and the United States,washingtonpost.com,http://www.washingtonpost.com/world/asia_pacific/north-korea-threatens-nuclear-strike-against-aggressors/2013/03/07/1a1e1ada-8726-11e2-999e-5f8e0410cb9d_story.html
2013-03-08,10:53:37,19vzpz,77,SK's Ministry of Defense vows to obliterate NK from the face of Earth if NK launches nuclear strike against SK,news.chosun.com,http://news.chosun.com/site/data/html_dir/2013/03/08/2013030800798.html
2013-03-08,04:51:06,19v86e,63,White House: We can stop a North Korean nuke strike,usatoday.com,http://www.usatoday.com/story/news/politics/2013/03/07/white-house-defend-against-north-korea-strike/1971055/
2013-03-08,21:04:30,19wqto,55,"China has appealed for calm on the Korean peninsula, hours after North Korea said it had scrapped all peace pacts with the South and threatened pre-emptive nuclear strikes.",bbc.co.uk,http://www.bbc.co.uk/news/world-asia-21713340
2013-03-08,08:38:02,19vpzu,48,A Catholic Church in India bans Catholic school girl who was raped by a Catholic congressman from attending.,timesofindia.indiatimes.com,http://timesofindia.indiatimes.com/india/Kerala-church-bans-Suryanelli-rape-victim/articleshow/18855324.cms
2013-03-08,01:54:57,19uuax,45,U.S. says U.N. sanctions 'will bite' after North Korea threatens nuclear attack,edition.cnn.com,http://edition.cnn.com/2013/03/07/world/asia/un-north-korea-sanctions/index.html?hpt=hp_t1
2013-03-08,19:07:13,19wn5r,44,"Every 2 hours, a woman in New Delhi(capital of INDIA) is molested or raped",hindustantimes.com,http://www.hindustantimes.com/India-news/NewDelhi/Every-2-hours-a-woman-in-Delhi-is-molested-or-raped/Article1-1022970.aspx
2013-03-08,10:20:30,19vxal,40,"""Palestinian pedestrians must walk along a tiny dirt road, while Jewish settlers and their guests get the rest of the street.""",972mag.com,http://972mag.com/watch-a-jews-only-street-and-a-palestinian-dirt-path-in-hebron/67246/
2013-03-08,13:04:50,19w8y4,41,"Economist: If you are a working woman, move to New Zealand.",economist.com,http://www.economist.com/blogs/graphicdetail/2013/03/daily-chart-3?fsrc=scn/fb/wl/dc/glassceilingindex
2013-03-08,06:21:39,19vfoi,42,"Japan Earthquake, 2 Years Later: Before and After",theatlantic.com,http://www.theatlantic.com/infocus/2013/03/japan-earthquake-2-years-later-before-and-after/100469/
2013-03-08,04:00:09,19v43t,30,"Chinese citizens hide nearly $2.34 trillion in income each year, almost 20 percent of national GDP. ",npr.org,http://www.npr.org/blogs/thetwo-way/2013/03/07/173716981/chinas-citizens-hide-as-much-as-2-34-trillion-in-income-researcher-says
2013-03-08,04:04:36,19v4hh,29,Revealed: Pentagon's link to Iraqi torture centres.,m.guardian.co.uk,http://m.guardian.co.uk/world/2013/mar/06/pentagon-iraqi-torture-centres-link
2013-03-08,01:15:35,19ur9v,31,Pakistan says it will go ahead with Iran-Pakistan gas pipeline project despite US pressure,washingtonpost.com,http://www.washingtonpost.com/business/pakistan-says-it-will-go-ahead-with-iran-pakistan-gas-pipeline-project-despite-us-pressure/2013/03/07/1786b2fe-8740-11e2-a80b-3edc779b676f_story.html?tid=sm_btn_reddit
2013-03-08,23:15:52,19wxhg,29,"Now, Indian immigrants will have to pay guarantee fee to enter Britain",indianexpress.com,http://www.indianexpress.com/news/now-indian-immigrants-will-have-to-pay-guarantee-fee-to-enter-britain/1085129/
2013-03-08,09:00:38,19vrmt,23,"Boy, 8, left for dead after 'exorcism' by family",thelocal.fr,http://www.thelocal.fr/page/view/boy-left-for-dead-after-exorcism-by-father-and-aunt#.UTk3uY7R3zI
