2013-08-12,05:26:48,1k5unv,3169,Greek youth unemployment hits record 65%,cbc.ca,http://www.cbc.ca/news/business/story/2013/08/08/business-greece-unemployment.html
2013-08-12,21:22:24,1k7axl,2906,"A French athlete, who became the first quadruple amputee to swim across the English Channel, has made a public appeal after thieves stole his custom-made wheelchair",bbc.co.uk,http://www.bbc.co.uk/news/world-europe-23665115
2013-08-12,18:34:57,1k750g,2793,Police In Zanzibar Shoot Radical Imam Wanted In Acid Attack On Two British Women,telegraph.co.uk,http://www.telegraph.co.uk/news/worldnews/africaandindianocean/zanzibartanzania/10235328/Radical-preacher-wanted-over-Zanzibar-acid-attack-shot-in-police-raid.html
2013-08-12,03:01:39,1k5kjk,2638,"The High Court of Bangladesh ruled that the country’s biggest religious party, the Jamaat-e-Islami, is unfit to contest national polls because its charter puts God above democratic process.",economist.com,http://www.economist.com/news/asia/21583297-pendulum-swings-away-sheikh-hasina-and-her-government-battling-begums
2013-08-12,20:41:08,1k79ag,2373,"Saudi prince defects: 'Brutality, oppression as govt scared of Arab revolts' ""He accuses the monarchy of corruption and silencing all voices of dissent and explains how the Saudi mechanism for suppression functions.""",rt.com,http://rt.com/news/saudi-arabia-opposition-prince-374/
2013-08-12,21:04:43,1k7a7d,1709,Evidence of Viking Outpost found in Canada.,news.nationalgeographic.com,http://news.nationalgeographic.com/news/2012/10/121019-viking-outpost-second-new-canada-science-sutherland/?fb_action_ids=393207920791290&fb_action_types=og.likes&fb_source=timeline_og&action_object_map={%22393207920791290%22%3A218064168323955}&action_type_map={%22393207920791290%22%3A%22og.likes%22}&action_ref_map=[]
2013-08-12,01:53:08,1k5g35,1434,Norwegian Prime Minister spent an afternoon working incognito as a taxi driver in Oslo. He wanted to hear from real Norwegian voters and stated that taxis were one of the few places where people shared their true views,bbc.co.uk,http://www.bbc.co.uk/news/world-europe-23655675?ocid=socialflow_facebook_bbcnews
2013-08-12,22:58:57,1k7fzg,906,XKeyscore Russia server located at US embassy,google.com,http://www.google.com/url?q=http://voiceofrussia.com/news/2013_08_12/One-of-NSA-servers-using-for-XKeyscore-located-in-US-embassy-in-Moscow-media-7683/&ct=ga&cd=MTE0MTUzNTQ5NzI1NDAyOTcxOTg&cad=CAEYAA&usg=AFQjCNFLvfQKNtnwr6ItQnXhXUzoGci91Q
2013-08-12,22:22:22,1k7dvt,833,Prince Friso of The Netherlands has passed away after a nearly one and a half year long coma following his ski accident 2012,bbc.co.uk,http://www.bbc.co.uk/news/world-europe-23669317
2013-08-12,21:58:48,1k7clx,663,"In conflict with former statements, Monsanto will be able to ship gene manipulated food to Europe through a backdoor in the new free trade agreement",zeit.de,http://www.zeit.de/wirtschaft/2013-08/smartstax-eu-monsanto
2013-08-12,19:53:37,1k77jb,640,"The abuse of China's 'left-behind' children ""A series of disturbing revelations in China's state media about the sexual abuse of school children has exposed the dark side of life in rural areas where parents leave their homes to earn money as migrant workers.""",bbc.co.uk,http://www.bbc.co.uk/news/world-asia-china-23628090
2013-08-12,00:32:52,1k5bch,556,Norway PM works as secret cab driver,bbc.co.uk,http://www.bbc.co.uk/news/world-europe-23655675
2013-08-12,10:26:44,1k6f5g,518,Fukushima plant spilling contaminated water into the sea 'for years',abc.net.au,http://www.abc.net.au/news/2013-08-12/fukushima-plant-workers-raise-safety-concerns/4879960
2013-08-12,09:56:10,1k6d4q,444,NASA Finds A Pink Planet That Challenges Current Theories,forbes.com,http://www.forbes.com/sites/alexknapp/2013/08/09/nasa-finds-a-pink-planet-that-challenges-current-theories/
2013-08-12,23:31:29,1k7i0s,347,"'Smart' bins banned from grabbing your data as you pass by. The City of London Corporation has called for Wi-Fi-enabled, data-snaffling bins to stop recording your movements as you wander the streets.",crave.cnet.co.uk,http://crave.cnet.co.uk/mobiles/smart-bins-banned-from-grabbing-your-data-as-you-pass-by-50011969/
2013-08-12,07:57:26,1k6526,336,"Syrian rebels accused of sectarian murders — Hundreds of Alawite civilians have been killed, kidnapped or have disappeared during a rebel offensive on Latakia, local residents have reported.",telegraph.co.uk,http://www.telegraph.co.uk/news/worldnews/middleeast/syria/10236362/Syrian-rebels-accused-of-sectarian-murders.html
2013-08-12,05:43:31,1k5vud,261,China and India 'water grab' dams put ecology of Himalayas in danger,theguardian.com,http://www.theguardian.com/global-development/2013/aug/10/china-india-water-grab-dams-himalayas-danger?CMP=twt_gu
2013-08-12,21:21:52,1k7awp,228,"Railroad files for bankruptcy after Quebec oil train disaster: Montreal, Maine & Atlantic Railway has filed for bankruptcy in the US and Canada, claiming it lacks the insurance and financial resources to cover the damages of North American's worst railway disaster in decades.",wsws.org,https://www.wsws.org/en/articles/2013/08/12/queb-a12.html
2013-08-12,04:28:26,1k5qks,201,Spain 'to take Gibraltar dispute to UN',theguardian.com,http://www.theguardian.com/world/2013/aug/11/spain-gibraltar-dispute-uk-un
2013-08-12,06:34:55,1k5zcw,173,Spain Considers Joint Diplomatic Offensive with Argentina Over Gibraltar and the Falkland Islands,telegraph.co.uk,http://www.telegraph.co.uk/news/worldnews/europe/gibraltar/10235937/Gibraltar-Spain-considers-joint-diplomatic-offensive-with-Argentina-over-Falkland-Islands.html
2013-08-12,05:42:15,1k5vqn,158,"Snowden's Father Will Travel to Russia, Rejects Idea of Plea Deal For Son",news.yahoo.com,http://news.yahoo.com/snowdens-father-travel-russia-rejects-idea-plea-deal-174843966--abc-news-topstories.html
2013-08-12,04:50:21,1k5s5t,136,Why the World Bank Shies Away From Energy Efficiency,internationalrivers.org,http://www.internationalrivers.org/blogs/227/why-the-world-bank-shies-away-from-energy-efficiency
2013-08-12,17:54:04,1k73n8,126,US-EU Spy Scandal Challenges Transatlantic Trade Talks,globalresearch.ca,http://www.globalresearch.ca/us-eu-spy-scandal-challenges-transatlantic-trade-talks/5342078
2013-08-12,21:57:22,1k7cjo,127,Bahrain starts a sweep to silence citizen journalists,csmonitor.com,http://www.csmonitor.com/World/Backchannels/2013/0811/Ahead-of-Bahrain-protests-a-sweep-against-citizen-journalists
2013-08-12,06:48:09,1k6093,126,Magnitude 5.8 earthquake strikes in Tibet,earthquake-report.com,http://earthquake-report.com/2013/08/11/strong-earthquake-xizang-on-august-11-2013/
2013-08-12,11:30:33,1k6jd7,112,"Ex-sex slave, supporters demand justice from Japan",japantoday.com,http://www.japantoday.com/category/national/view/ex-sex-slave-supporters-demand-justice-from-japan
2013-08-12,09:25:22,1k6b2b,108,Two massive bombs found by NSW police,m.theaustralian.com.au,http://m.theaustralian.com.au/news/breaking-news/two-massive-bombs-found-by-nsw-police/story-fn3dxiwe-1226694470894
2013-08-12,03:37:09,1k5mzm,86,Norway’s Prime Minister Spends Afternoon Working as Taxi Driver to Hear From Voters,slate.com,http://www.slate.com/blogs/the_slatest/2013/08/11/jens_stoltenberg_norway_s_prime_minister_works_as_taxi_driver_for_afternoon.html
2013-08-12,10:46:03,1k6ged,64,"Ahead of Bahrain protests, a sweep against citizen journalists",csmonitor.com,http://www.csmonitor.com/World/Backchannels/2013/0811/Ahead-of-Bahrain-protests-a-sweep-against-citizen-journalists?cmpid=addthis_reddit#.Ugg-U-gQHE4.reddit
2013-08-12,07:30:42,1k637a,61,Israel to release 26 Palestinian Prisoners,news.yahoo.com,http://news.yahoo.com/israel-markets-settler-homes-two-days-palestinian-prisoner-121254880.html
