2013-01-12,13:45:13,16fb4y,2614,"Saudi King Abdullah appoints 30 women to the 150-member Shura Council, a historic first",aljazeera.com,http://www.aljazeera.com/news/middleeast/2013/01/2013111234624261971.html
2013-01-12,03:18:31,16e6o7,1117,France launches air strike in Mali,reuters.com,http://www.reuters.com/article/2013/01/11/us-mali-rebels-idUSBRE90912Q20130111?feedType=RSS&feedName=topNews&utm_source=feedburner&utm_medium=feed&utm_campaign=Feed%3A+reuters%2FtopNews+%28News+%2F+US+%2F+Top+News%29&utm_content=Google+Reader
2013-01-12,01:48:04,16dzuo,660,France confirms Mali intervention.,bbc.co.uk,http://www.bbc.co.uk/news/world-africa-20991719
2013-01-12,02:38:30,16e3op,556,Canadian oil sands pollute nearby lakes. Report is blow to Keystone pipeline. - CSMonitor.com,csmonitor.com,http://www.csmonitor.com/Environment/Energy-Voices/2013/0108/Canadian-oil-sands-pollute-nearby-lakes.-Report-is-blow-to-Keystone-pipeline
2013-01-12,20:44:28,16fnx0,541,"By 2050, the world population will comprise nearly 40 per cent Indians and Chinese compared to 5 per cent western Europeans",blogs.ft.com,http://blogs.ft.com/beyond-brics/2013/01/10/hello-2013-a-demographic-dividend-is-not-a-one-way-bet/#axzz2HlQlvbwV
2013-01-12,01:56:27,16e0lv,286,Rare ground based photo of Hiroshima mushroom cloud re-discovered - good information on the immediate aftermath,theatlantic.com,http://www.theatlantic.com/technology/archive/2013/01/rare-photo-of-the-mushroom-cloud-over-hiroshima-discovered-in-a-former-japanese-elementary-school/267042/
2013-01-12,23:46:55,16fu1e,238,Beijing choked by pollution at dangerous levels,uk.news.yahoo.com,http://uk.news.yahoo.com/beijing-choked-pollution-dangerous-levels-152536313.html
2013-01-13,00:29:23,16fw1o,226,Aboriginals stage protests across Canada  ,thestar.com,http://www.thestar.com/news/canada/article/1314085--aboriginals-stage-protests-across-canada
2013-01-12,19:33:25,16fm7d,213,91 year old British crossword setting legend John Galbraith Graham (AKA Araucaria) uses crossword to announce that he's dying of cancer.,guardian.co.uk,http://www.guardian.co.uk/crosswords/2013/jan/11/crossword-araucaria-reveals-dying-cancer
2013-01-12,00:52:23,16dx85,201,Portraits of Albanian Women Who Have Lived Their Lives as Men,petapixel.com,http://www.petapixel.com/2012/12/26/portraits-of-albanian-women-who-have-lived-their-lives-as-men/
2013-01-12,21:38:44,16fpd3,177,"French pilot killed in Mali helicopter raid, city of Konna retaken by government troops",edition.cnn.com,http://edition.cnn.com/2013/01/12/world/africa/mali-france/
2013-01-12,04:37:36,16ecf4,127,Spain: Nuclear items intended for Iran nuclear program seized,cnn.com,http://www.cnn.com/2013/01/11/world/europe/spain-iran-material-seized/index.html?hpt=hp_t3
2013-01-12,18:17:45,16fkh7,122,Bolivia scores coca leaf victory at UN,aljazeera.com,http://www.aljazeera.com/news/americas/2013/01/201311255745957333.html
2013-01-12,03:11:56,16e66e,101,"A Trail of Bullet Casings Leads From Africa’s Wars to Iran: A group of arms-trafficking researchers worked for six years to locate the source of rifle and machine-gun ammunition in regions of protracted conflict, and all roads lead back to Iran",nytimes.com,http://www.nytimes.com/2013/01/12/world/africa/a-trail-of-bullet-casings-leads-from-africas-wars-to-iran.html
2013-01-12,23:08:51,16fsg1,84,In the Time of Cholera - How the U.N. created an epidemic -- then covered it up.,foreignpolicy.com,http://www.foreignpolicy.com/articles/2013/01/10/in_the_time_of_cholera?page=full
2013-01-12,21:57:45,16fpxp,73,"Australia's 3rd largest city, Brisbane is apparently experiencing a snake plague!",abc.net.au,http://www.abc.net.au/news/2013-01-11/snake-plague-strikes-brisbane-backyards/4461848
2013-01-12,11:17:36,16f32h,71,"India Moves to Block Dolphin Shows, Citing Cruelty",india.blogs.nytimes.com,http://india.blogs.nytimes.com/2013/01/11/india-moves-to-block-dolphin-shows-citing-cruelty/
2013-01-12,03:41:22,16e8bw,68,"""Until today I have not seen a single incident or example of rape with a respected lady,"" Manohar Lal Sharma said, according to the Bloomberg report. ""Even an underworld don would not like to touch a girl with respect.""",worldnews.nbcnews.com,http://worldnews.nbcnews.com/_news/2013/01/11/16452936-defense-attorney-blames-victim-in-india-gang-rape-murder-case?lite
2013-01-12,18:15:54,16fkfk,67,French troops help Mali retake captured town,aljazeera.com,http://www.aljazeera.com/news/africa/2013/01/201311225344135492.html
2013-01-12,09:19:41,16ew3o,68,"Japanese idol, a member of the girls group AKB48, accused of sexually abusing a child in her ""inappropriate"" nude photo. [LINK PHOTO NSFW]",tokyoreporter.com,http://www.tokyoreporter.com/2013/01/11/young-magazine-pulls-inappropriate-akb48-breast-pic/
2013-01-12,17:38:10,16fjhr,60,Canadian mine company Nevsun Resources Ltd. is facing explosive allegations that it unwittingly allowed forced labour to be involved in building its flagship copper-gold mine. ,business.financialpost.com,http://business.financialpost.com/2013/01/11/nevsun-resources-rejects-claims-it-used-forced-labour-at-eritrea-mine/
2013-01-12,07:00:05,16emp6,60,"Spanish police arrested two men and seized the contents of a truck bound for Iran loaded with materials destined for use in the Islamic state's nuclear program, the Interior Ministry said on Friday.",reuters.com,http://www.reuters.com/article/2013/01/11/us-spain-iran-idUSBRE90A11A20130111?feedType=RSS&feedName=topNews&utm_source=feedburner&utm_medium=feed&utm_campaign=Feed%3A+reuters%2FtopNews+%28News+%2F+US+%2F+Top+News%29
2013-01-12,16:47:28,16fi7i,62,"Somali fighters 'repel' French commandos: ""Mujahideen fighters defeated the so-called commandos of the French government who tried to rescue a hostage, and they [the commandos] left the bodies of several of their own at the sit of the attack.""",aljazeera.com,http://www.aljazeera.com/news/africa/2013/01/201311271925692123.html
2013-01-12,04:52:40,16edin,58,Pakistan mobilizes its army across the border. Cancels leave for all personnel. ,indianexpress.com,http://www.indianexpress.com/news/india-readies-troops-as-pakistan-rattles-arms-across-the-border/1057993/0
2013-01-12,01:57:41,16e0pq,56,'Mogadishu is like Manhattan': Somalis return home to accelerate progress as construction replaces chaos,guardian.co.uk,http://www.guardian.co.uk/global-development/2013/jan/11/mogadishu-manhattan-somalis-return-progress
2013-01-12,22:04:05,16fq59,57,"""Million Man March"" - Muslims to march on Islamabad (Pakistan's capital) demanding free and fair elections and declaring a fatwa against ""terrorism and violence"". ",cnn.com,http://www.cnn.com/2013/01/12/world/asia/pakistan-tahir-ul-qadri/
2013-01-12,05:41:08,16eh05,41,British Ministry of Defence officials hid evidence of UK-complicit torture in a 2010 court case. The policy of sending prisoners to Afghanistan continued for 2 years. The government are seeking to expand the withholding of evidence from courts.,guardian.co.uk,http://www.guardian.co.uk/law/2013/jan/11/maya-evans-secret-courts-torture
2013-01-12,22:28:51,16fqya,40,"After Bringing Cholera To Haiti, U.N. Plans To Get Rid Of It:  Scientists think Nepalese soldiers with the United Nations unwittingly spread cholera in Haiti.",npr.org,http://www.npr.org/blogs/health/2013/01/12/169075448/after-bringing-cholera-to-haiti-u-n-plans-to-get-rid-of-it
2013-01-12,11:47:03,16f4t2,34,"In Czech Republic, a leading presidential candidate has a full-face tattoo.",washingtonpost.com,http://www.washingtonpost.com/blogs/worldviews/wp/2013/01/11/in-czech-republic-a-leading-presidential-candidate-has-a-full-face-tattoo/
2013-01-12,18:32:00,16fksl,35,"Air Quality in Beijing surpasses Hazardous and reaches 728, ""Beyond Index"".",freep.com,http://www.freep.com/usatoday/article/1828451
