2013-10-10,06:35:20,1o3fng,5323,Azerbaijan accidentally released election results before voting had even started. It showed President Ilham Aliyev winning 73% to the opposition's 7%.,washingtonpost.com,http://www.washingtonpost.com/blogs/worldviews/wp/2013/10/09/oops-azerbaijan-released-election-results-before-voting-had-even-started/
2013-10-10,13:27:47,1o4en2,2679,Armed rebels kidnap Libya's prime minister,cnn.com,http://www.cnn.com/2013/10/10/world/africa/libya-pm-escorted-away/
2013-10-10,07:57:39,1o3mz7,2164,"""William Binney is a man on a mission. He spent nearly 30 years as a top executive in America's super-secret National Security Agency (NSA), now he wants you to know that same spy agency is pushing western democracies -- including Canada -- toward fascism.""",huffingtonpost.ca,http://www.huffingtonpost.ca/tim-knight/william-binney-nsa_b_3983187.html
2013-10-10,22:36:38,1o55fg,1559,Girl slain after alerting police about stalker,japantimes.co.jp,http://www.japantimes.co.jp/news/2013/10/09/national/girl-slain-after-alerting-police-about-stalker/#.UlXl9dKGG24
2013-10-10,22:37:10,1o55gt,1120,Indigenous Woman Gives Birth On Hospital Lawn In Mexico After Doctors Denied Her Care,huffingtonpost.com,http://www.huffingtonpost.com/2013/10/09/woman-gives-birth-on-hosp_n_4073416.html
2013-10-10,23:51:55,1o5b4q,852,— Four U.S. whistleblowers who have met with former National Security Agency systems analyst Edward Snowden say he is settling into life in Russia and expresses no regrets about leaking highly classified information.,usatoday.com,http://www.usatoday.com/story/news/world/2013/10/10/edward-snowdens-father-arrives-in-moscow/2957557/
2013-10-10,03:48:58,1o2zpe,761,Girls in Pakistan see Taliban victim Malala as heroine,usatoday.com,http://www.usatoday.com/story/news/world/2013/10/09/malala-pakistan-nobel-peace-prize/2951065/
2013-10-10,22:13:56,1o53xw,468,I am not sure my son will be returning to the U.S. again - Edward Snowden's Father while Speaking to Russian Press Reporters in Moscow,infinarium.com,http://infinarium.com/national-news/edward-snowdens-father-off-to-see-him-in-russia/
2013-10-10,22:37:37,1o55ht,475,Israel demands Yatta villagers remove solar panels.,english.wafa.ps,http://english.wafa.ps/index.php?action=detail&id=23359
2013-10-10,23:46:41,1o5aqd,385,"Molotovs, tear gas and a burning bus: The Black Bloc join Rio teacher protest. ""One local resident couldn’t believe what he was seeing. He turned to me and said: “There’s got to be another way!""",planetivy.net,http://planetivy.net/mayhem/77785/molotovs-tear-gas-and-a-burning-bus-the-black-bloc-join-rio-teacher-protest/
2013-10-10,23:56:30,1o5bi4,383,US - press freedom: Journalists complain about the climate of fear under Obama,microsofttranslator.com,http://www.microsofttranslator.com/bv.aspx?from=&to=en&a=http://www.spiegel.de/politik/ausland/us-pressefreiheit-obamas-regierung-schafft-ein-klima-der-angst-a-927001.html
2013-10-10,04:17:31,1o32ix,259,Government turns unable to seize Bitcoins,zerohedge.com,http://www.zerohedge.com/news/2013-10-08/bitcoin-1-0-fbi
2013-10-10,20:28:18,1o4y4t,258,Spanish schoolkids 'fainting from hunger' due to government spending cuts: EU Human Rights boss,thelocal.es,http://www.thelocal.es/20131010/spains-starving-school-kids-shock-europe
2013-10-10,21:47:37,1o5291,257,Turkey Cracks Down on Cleavage,bloomberg.com,http://www.bloomberg.com/news/print/2013-10-09/turkey-cracks-down-on-cleavage.html
2013-10-10,01:59:51,1o2p8s,237,"As dolphin die-off nears record high, shutdown puts investigation on ice",nbcnews.com,http://www.nbcnews.com/science/dolphin-die-nearing-record-high-shutdown-puts-investigation-ice-8C11330567
2013-10-10,18:43:24,1o4tp2,235,Pakistan's Malala Yousafzai wins EU human rights prize,reuters.com,http://www.reuters.com/article/2013/10/10/us-eu-prize-malala-idUSBRE99908X20131010
2013-10-10,20:45:11,1o4ywu,227,No one at Fukushima seems to have any idea what they’re doing,salon.com,http://www.salon.com/2013/10/09/no_one_at_fukushima_seems_to_have_any_idea_what_theyre_doing/
2013-10-10,07:09:39,1o3in9,192,London Police Order Registrars To Shut Down A Bunch Of Websites Without Any Legal Basis; Threaten Registrars If They Don't Comply,techdirt.com,https://www.techdirt.com/articles/20131008/18300324805/london-police-order-registrars-to-shut-down-bunch-websites-without-any-legal-basis-threaten-registrars-if-they-dont-comply.shtml
2013-10-10,20:04:14,1o4x4n,184,Canadian Alice Munro receives Nobel Prize in litterature,thelocal.se,http://www.thelocal.se/50714/20131010/
2013-10-10,18:36:10,1o4tdw,158,Kidnapped Libyan PM Ali Zeidan released,cnn.com,http://www.cnn.com/2013/10/10/world/africa/libya-pm-escorted-away/index.html?hpt=hp_t2
2013-10-10,13:11:05,1o4dez,144,"A team of Japanese researchers has developed a compound to suppress the formation of a protein believed to cause Alzheimer’s disease, according to a study published Wednesday in a British science journal.",japantimes.co.jp,http://www.japantimes.co.jp/news/2013/10/10/national/japan-team-develops-compound-to-prevent-alzheimers/#.UlYorNKGG24
2013-10-10,00:46:07,1o2irq,139,Parliament suspended in France after a drunk male lawmaker makes sexist chicken noises at a female deputy,thelocal.fr,http://www.thelocal.fr/20131009/french-assembly-halted-over-sexist-clucking
2013-10-10,08:38:06,1o3ql5,122,Greenwald wants Brazil to give Snowden asylum,aljazeera.com,http://www.aljazeera.com/news/americas/2013/10/greenwald-wants-brazil-give-snowden-asylum-201310923623855264.html
2013-10-10,18:23:35,1o4sul,116,Greenpeace disputes Russia's claim it found drugs on Arctic Sunrise,edition.cnn.com,http://edition.cnn.com/2013/10/09/world/europe/russia-greenpeace-arctic-drugs/index.html?hpt=ieu_c1
2013-10-10,15:04:45,1o4kl2,107,Foxconn using forced student labor to build Sony’s PS4,gamesinasia.com,http://www.gamesinasia.com/report-foxconn-using-forced-student-labor-to-build-sonys-ps4/
2013-10-10,16:49:51,1o4pb4,102,North Korea builds lavish ski resort for impoverished citizens,worldnews.nbcnews.com,http://worldnews.nbcnews.com/_news/2013/10/07/20850326-slippery-slope-north-korea-builds-lavish-ski-resort-for-impoverished-citizens?lite
2013-10-10,20:16:12,1o4xmn,84,"Wilfried Martens, who served nine times as prime minister of Belgium and later led the European Parliament's main centre-right group, has died aged 77.",bbc.co.uk,http://www.bbc.co.uk/news/world-europe-24473476
2013-10-10,21:48:13,1o52a5,81,Chinese students allegedly forced to build PS4s at Foxconn for school credit,engadget.com,http://www.engadget.com/2013/10/10/chinese-students-foxconn-ps4-internship/
2013-10-10,05:06:00,1o3781,81,"As the U.S. endures an artificial debt crisis, China just weathered a real one (and came out even richer)",washingtonpost.com,http://www.washingtonpost.com/blogs/worldviews/wp/2013/10/08/as-the-u-s-endures-an-artificial-debt-crisis-china-just-weathered-a-real-one-and-came-out-even-richer/
2013-10-10,22:05:38,1o53e9,77,"4 injured in a Finnish vocational school, after student attacks cafeteria, with 2 knives.",yle.fi,http://yle.fi/uutiset/four_stabbed_at_oulu_vocational_school/6875080
