2013-11-22,22:09:20,1r7tv0,3194,Richard Branson says Virgin Galactic will accept Bitcoin,cnbc.com,http://www.cnbc.com/id/101220710
2013-11-22,01:41:47,1r5hps,2936,Canadians brave freezing waters to save shark choking on moose.,cbc.ca,http://www.cbc.ca/news/canada/newfoundland-labrador/moose-eating-shark-rescued-in-newfoundland-harbour-1.2434102
2013-11-22,09:41:49,1r6osm,2565,Five arrested in Thailand under drug ring with meth produced from North Korea. The kicker: The meth was tested by authorities and found at over 99% purity.,america.aljazeera.com,http://america.aljazeera.com/articles/2013/11/21/5-charged-with-smugglingmethfromnorthkorea.html
2013-11-22,04:56:12,1r5zlm,2284,"""Once Ford became mayor, he continued the practice of personally returning constituent calls about everyday issues like backed up city sewers, sometimes returning calls late into the night.""",pri.org,http://www.pri.org/stories/2013-11-21/toronto-mayor-rob-ford-i-voted-him-and-id-do-it-again
2013-11-22,17:24:49,1r7hzv,1869,Malaysia cuts fuel subsidies to fund welfare payments for the poor,positivenews.org.uk,http://positivenews.org.uk/2013/economics_innovation/14256/malaysia-cuts-fuel-subsidies-fund-welfare-payments-poor/
2013-11-22,22:19:56,1r7uj6,1488,Magnus Carlsen wins Chess World championship,translate.google.com,http://translate.google.com/translate?sl=no&tl=en&js=n&prev=_t&hl=en&ie=UTF-8&u=http%3A%2F%2Fwww.vg.no%2Fsport%2Fsjakk%2Fartikkel.php%3Fartid%3D10145165
2013-11-22,16:18:28,1r7fdv,963,Satellite imagery reveals mystery 'supergun' in Chinese desert,janes.com,http://www.janes.com/article/30056/satellite-imagery-reveals-mystery-supergun-in-chinese-desert
2013-11-22,20:22:25,1r7oo9,739,American prisoners are choosing to stay in German jails rather than transferring home,thelocal.de,http://www.thelocal.de/20131122/british-and-american-prisoners-decide-to-stay
2013-11-22,18:40:56,1r7kwq,744,"Italy’s Triangle Of Death: Naples Residents Blame Child Cancer Rates on Mob Disposal of Toxic Chemicals - Italians blaming sky-high child cancer rates on mob’s dumping of toxic chemicals—contaminating water, mozzarella, & the developing brains of babies.",thedailybeast.com,http://www.thedailybeast.com/articles/2013/11/21/italy-s-triangle-of-death-naples-residents-blame-child-cancer-rates-on-mob-disposal-of-toxic-chemicals.html
2013-11-22,09:23:21,1r6nch,541,"""We Have to Consume Less"": Scientists Call For Radical Economic Overhaul to Avert Climate Crisis",democracynow.org,http://www.democracynow.org/2013/11/21/we_have_to_consume_less_scientists
2013-11-22,18:03:55,1r7jiv,385,Latvia supermarket collapse death toll 'rises to 32',itv.com,http://www.itv.com/news/update/2013-11-22/latvia-supermarket-collapse-death-toll-rises-to-32/
2013-11-22,04:27:06,1r5wt3,373,50 US embassy workers in Norway busted for tax fraud. (Google translated link from norwegian news),translate.google.com,http://translate.google.com/translate?sl=no&tl=en&u=http%3A//www.tv2.no/nyheter/innenriks/over-50-norske-ansatte-ved-usas-ambassade-tatt-for-svart-arbeid-4161348.html
2013-11-22,19:20:43,1r7m8q,319,"Urgent call for UN troops to 'prevent genocide' in Central African Republic. Muslim former rebels have been accused of murder, kidnap, rape, looting and the burning of villages",telegraph.co.uk,http://www.telegraph.co.uk/news/worldnews/africaandindianocean/centralafricanrepublic/10463083/Urgent-call-for-UN-troops-to-prevent-genocide-in-Central-African-Republic.html
2013-11-22,22:58:04,1r7wxl,289,"Despite US Opposition, UN Pushes Forward Surveillance Bill of Rights: The so-called ""Five Eyes"" countries overwhelmed by international unity on the right to protection from spying",commondreams.org,http://www.commondreams.org/headline/2013/11/22
2013-11-22,21:51:56,1r7sv3,216,"As Inequality Grows, Swiss To Vote On Curbing Executive Pay",npr.org,http://www.npr.org/blogs/parallels/2013/11/22/246678622/swiss-inequality-is-growing-would-curbing-exec-pay-matter?ft=1&f=1001
2013-11-22,00:24:34,1r5atm,202,Chinese Court rules out confession through torture,chinadaily.com.cn,http://www.chinadaily.com.cn/china/2013-11/21/content_17121297.htm
2013-11-22,21:14:18,1r7qw1,173,China struggles to crack down on fake miltary officials. Number of criminals making financial gains impersonating PLA officials soars amid culture of state corruption.,theguardian.com,http://www.theguardian.com/world/2013/nov/22/china-pla-fake-military-officials-crackdown
2013-11-22,14:33:34,1r7ac0,171,"S. Korea decides to buy 40 Lockheed F-35s from US, to be delivered starting in 2018",koreaherald.com,http://www.koreaherald.com/view.php?ud=20131122000643
2013-11-22,06:45:53,1r69t7,155,"Two hours ago people in Kiev, Ukraine, began spontaneous gathering to express their disagreement about the decision of the Ukrainian government to suspend preparation for the signing of the Association Agreement with EU (my rough translation of the article in the comments)",tvi.ua,http://tvi.ua/new/2013/11/21/na_maydani_zibralysya_sotni_prykhylnykiv_yevrointehraciyi
2013-11-22,04:24:23,1r5wjs,121,Bolivian President Morales doubles workers’ Christmas bonus,buenosairesherald.com,http://buenosairesherald.com/article/145662/morales-doubles-workers%E2%80%99-christmas-bonus
2013-11-22,21:33:49,1r7rw2,110,"The rusted remains of a Nazi-era submarine have been discovered off the coast of Java, Indonesia. Researchers are looking through the wreckage, which includes human bones and plates with Nazi insignia, for clues that could identify the ship.",spiegel.de,http://www.spiegel.de/international/world/world-war-ii-german-submarine-found-near-indonesia-a-934967.html
2013-11-22,20:07:25,1r7o2c,104,Libya's Tripoli celebrates with cake as militias withdraw and official police force deploys across the city,bbc.co.uk,http://www.bbc.co.uk/news/world-africa-25037332
2013-11-22,20:23:21,1r7opo,105,"Assad’s North Korean connection: Reports that Pyongyang has sent pilots to Syria suggest the Damascus regime can no longer rely on its own airmen; ties precede current Syrian war, forms part of North Korea's broader network of relationship in Mideast.",jpost.com,http://www.jpost.com/Features/Front-Lines/Behind-The-Lines-Assads-North-Korean-connection-330303
2013-11-22,09:09:50,1r6m77,101,An underwater volcano creates a new island south of Japan,latimes.com,"http://www.latimes.com/science/sciencenow/la-sci-sn-underwater-volcano-new-island-japan-20131121,0,838965.story#axzz2lKfask2n"
2013-11-22,19:25:01,1r7me8,100,Greenpeace activist freed by Russian authorities,centreforjournalismprojects.co.uk,http://centreforjournalismprojects.co.uk/scooponline/?p=950
2013-11-22,22:03:10,1r7thp,98,Turkish Deputy PM expresses ‘hope’ to see Hagia Sophia as mosque,hurriyetdailynews.com,http://www.hurriyetdailynews.com/turkish-deputy-pm-expresses-hope-to-see-hagia-sophia-as-mosque.aspx?pageID=238&nID=57998&NewsCatID=338
2013-11-22,09:17:50,1r6mvt,81,Inside North Korea's Crystal Meth Trade,foreignpolicy.com,http://www.foreignpolicy.com/articles/2013/11/21/inside_north_koreas_crystal_meth_trade
2013-11-22,21:27:23,1r7rl8,76,"Bank of China hints at retreat on dollar purchases: ""It's no longer in China's favour to accumulate foreign-exchange reserves"" deputy governor Yi Gang says",scmp.com,http://www.scmp.com/business/banking-finance/article/1362213/pboc-hints-retreat-dollar-purchases
2013-11-22,12:02:14,1r7064,68,Al Qaeda affiliate captures Syrian town on border with Turkey: activists,reuters.com,http://www.reuters.com/article/2013/11/22/us-syria-crisis-town-idUSBRE9AL03T20131122?feedType=RSS&feedName=worldNews
2013-11-22,19:02:58,1r7lm7,67,"Hostage, kept prisoner for a year, escaped Islamist captors in Africa after his guard left the key in the door of his cell by mistake",thelocal.fr,http://www.thelocal.fr/20131122/key-in-the-door-help-french-hostage-flee-captors
