2013-02-10,04:55:26,187ktn,2278,"Aldi confirms up to 100% horsemeat in beef products:  Supermarket says it is angry with supplier Comigel after tests reveal 30% and 100% horsemeat in withdrawn ready meals
",guardian.co.uk,http://www.guardian.co.uk/business/2013/feb/09/aldi-100-percent-horsemeat-beef-products
2013-02-10,16:44:23,188nok,1880,British sugar giant caught in global tax scandal ,guardian.co.uk,http://www.guardian.co.uk/business/2013/feb/09/british-sugar-giant-tax-scandal
2013-02-10,15:47:26,188lvx,1037,"
Muslim fundamentalists use British television channels to preach in favour of violent crime and killing “apostates”. ",telegraph.co.uk,http://www.telegraph.co.uk/news/uknews/terrorism-in-the-uk/9859804/Preachers-of-hate-who-spread-their-violent-word-on-British-TV-channels.html
2013-02-10,11:42:10,188a2e,528,Thousands protest in Ireland against bank bailouts,dw.de,http://www.dw.de/thousands-protest-in-ireland-against-bank-bailouts/a-16588970?maca=en-rss-en-eu-2092-rdf
2013-02-10,09:15:05,1881cw,381,Curiosity Mars rover takes historic drill sample,bbc.co.uk,http://www.bbc.co.uk/news/science-environment-21399857
2013-02-10,02:52:01,187ceh,360,China Passes U.S. to Become World’s Biggest Trading Nation,bloomberg.com,http://www.bloomberg.com/news/2013-02-09/china-passes-u-s-to-become-the-world-s-biggest-trading-nation.html
2013-02-10,00:30:59,1873qs,280,Russian opposition leader put under house arrest,reuters.com,http://www.reuters.com/article/2013/02/09/us-russia-opposition-idUSBRE91807I20130209
2013-02-10,18:55:15,188qwz,229,Thousands more people will have to pay inheritance tax to help fund long-awaited social care reforms in England,bbc.co.uk,http://www.bbc.co.uk/news/uk-politics-21399751#?utm_source=twitterfeed&utm_medium=twitter
2013-02-10,14:01:11,188hh4,155,"Spanish leader teeters under corruption scandal:  Strapped for cash, Spaniards seethe over allegations of kickbacks to high-ranking Spanish officials, including Prime Minister Mariano Rajoy.
",globalpost.com,http://www.globalpost.com/dispatch/news/regions/europe/spain/130208/Rajoy-Partido-Popular-corruption-scandal-political-risk-debt-crisis
2013-02-10,18:46:40,188qpn,153,Attack in Nigeria is latest onslaught targeting health workers by radical Islamic sect,bigstory.ap.org,http://bigstory.ap.org/article/attackers-kill-3-south-korean-doctors-nigeria
2013-02-10,12:13:21,188bvr,143,"Tunisian Islamists rally to show power of street:  Thousands of Islamists marched in Tunis on Saturday in a show of strength, a day after the funeral of an assassinated secular politician drew the biggest crowds seen on the streets since Tunisia's uprising two years ago.",reuters.com,http://www.reuters.com/article/2013/02/10/us-tunisia-politics-idUSBRE91806C20130210
2013-02-10,22:26:37,188wc4,115,South Sudan attack leaves more than 100 dead,reuters.com,http://www.reuters.com/article/2013/02/10/us-southsudan-violence-idUSBRE91906120130210
2013-02-10,05:30:08,187n2l,75,Sexual abuse victim's suicide sparks call for review of court procedures | UK news,guardian.co.uk,http://www.guardian.co.uk/uk/2013/feb/09/frances-andrade-courts-son?INTCMP=SRCH
2013-02-10,03:26:31,187eon,71,An arachnophobe's worst nightmare? It’s 'raining spiders' in Brazil,independent.co.uk,http://www.independent.co.uk/news/world/americas/an-arachnophobes-worst-nightmare-its-raining-spiders-in-brazil-8488201.html
2013-02-10,22:41:40,188ww4,62,Mali War Shifts as Rebels Hide in High Sahara,nytimes.com,http://www.nytimes.com/2013/02/10/world/africa/new-focus-in-mali-is-finding-militants-who-have-fled-into-mountains.html?pagewanted=2&_r=0&hp
2013-02-10,05:24:41,187mql,64,Pro-N. Korean activist gets jail term for illegal trip to Pyongyang,nwww.koreaherald.com,http://nwww.koreaherald.com/view.php?ud=20130208000479
2013-02-10,20:39:58,188tdj,58,South Korean doctors killed in north-eastern Nigeria,bbc.co.uk,http://www.bbc.co.uk/news/world-africa-21400330
2013-02-10,00:48:13,1874qp,61,Kosovo to get an army in June,english.ruvr.ru,http://english.ruvr.ru/2013_02_07/Kosovo-to-get-an-army-In-June/
2013-02-10,06:06:18,187pi8,35,Dutch Put Electric Cars to the Test - NYTimes.com,nytimes.com,http://www.nytimes.com/2013/02/10/world/europe/dutch-put-electric-cars-to-the-test.html?partner=rss&emc=rss&_r=0
2013-02-10,23:43:05,188zgl,31,Horse meat scandal: How horses slaughtered in Romania end up on British plates,telegraph.co.uk,http://www.telegraph.co.uk/foodanddrink/foodanddrinknews/9859915/Horse-meat-scandal-How-horses-slaughtered-in-Romania-end-up-on-British-plates.html
2013-02-10,01:46:26,18786v,26,"IMF sees 140m jobs shortage in ageing China as 'Lewis Point' hits
China’s vast reserve of cheap workers in the hinterland is vanishing
at a vertiginous pace.",telegraph.co.uk,http://www.telegraph.co.uk/finance/comment/9845959/IMF-sees-140m-jobs-shortage-in-ageing-China-as-Lewis-Point-hits.html
2013-02-10,14:12:40,188i13,28,Peculiar 900-year-old Order of the Knights of Malta celebrates anniversary with Vatican mass,life.nationalpost.com,http://life.nationalpost.com/2013/02/09/peculiar-900-year-old-order-of-the-knights-of-malta-celebrates-anniversary-with-vatican-mass/
2013-02-10,15:15:46,188kqi,23,"N. Korea says world mistakenly interprets its ""important measures"" as nuclear test",english.yonhapnews.co.kr,http://english.yonhapnews.co.kr/news/2013/02/10/91/0200000000AEN20130210000700315F.HTML
2013-02-10,15:54:26,188m4a,23,"With the rapes last week of six Spanish women vacationing in Acapulco, it didn't help that about the same time, Mexico's minister of tourism was in, of all places, Spain, attempting to promote tourism. ""This is Mexico's moment,"" was her theme.",latimes.com,"http://www.latimes.com/news/nationworld/world/la-fg-mexico-tourism-violence-20130210,0,1625782.story"
2013-02-10,03:28:58,187eum,23,"BBC news ""Huge Bangladesh rally seeks death penalty for war crimes""",bbc.co.uk,http://www.bbc.co.uk/news/world-asia-21383632
2013-02-10,06:06:58,187pjs,21,"Fear of assassinations haunt opposition in Egypt, fueled by Tunisia killing, fatwas",foxnews.com,http://www.foxnews.com/world/2013/02/09/fear-assassinations-haunt-opposition-in-egypt-fueled-by-tunisia-killing-fatwas/
2013-02-10,13:25:51,188fop,20,"Ex-Israeli foreign minister calls peace ""impossible"", saying the conflict between Palestinians and Israel can only be ""managed"".",aljazeera.com,http://www.aljazeera.com/news/middleeast/2013/02/20132102483880881.html
2013-02-10,08:02:09,187ws8,19,N. Korea not 'suicidal' enough to attack U.S.: Perry,nwww.koreaherald.com,http://nwww.koreaherald.com/view.php?ud=20130206000289
2013-02-10,05:01:39,187l7u,19,"In the middle of war, Assad picks Syria's new Cabinet:   Syrian President Bashar Assad has changed seven Cabinet ministers. Information Minister Omran al-Zoubi, not changed, said on Friday that the government is ready for dialogue with the opposition without precondition. ",dw.de,http://www.dw.de/in-the-middle-of-war-assad-picks-syrias-new-cabinet/a-16588220
2013-02-10,21:24:46,188ugj,17,Video: Knights of Malta celebrate 900th anniversary,telegraph.co.uk,http://www.telegraph.co.uk/news/religion/the-pope/9859523/Knights-of-Malta-celebrate-900th-anniversary.html
