2013-07-25,16:18:18,1j0j5i,2733,WikiLeaks Founder Assange to Run for Australian Senate,nytimes.com,http://www.nytimes.com/2013/07/26/world/asia/wikileaks-founder-assange-to-run-for-australian-senate.html
2013-07-25,13:40:43,1j0b43,2617,Australian billionaire gets approval to build world's largest dinosaur park,guardian.co.uk,http://www.guardian.co.uk/world/2013/jul/25/clive-palmer-dinosaur-park-approval
2013-07-25,00:30:31,1iylh5,2575,Member of Russian female punk group Pussy Riot loses her appeal for parole after nearly a year in prison for performing a protest song against President Putin in a Moscow cathedral,reuters.com,http://www.reuters.com/article/2013/07/24/us-russia-pussyriot-idUSBRE96N0T520130724
2013-07-25,15:38:56,1j0hdo,2446,"MP behind UK internet porn filter hacked, accuses blogger who reported it -- ""It became disturbingly clear that MP Perry does not know how hyperlinks, websites, the fundamentals of content distribution works""",zdnet.com,http://www.zdnet.com/mp-behind-uk-internet-porn-filter-hacked-accuses-blogger-who-reported-it-7000018542/
2013-07-25,07:20:37,1izjtn,2283,"All internet pornography should be preemptively blocked in Canada, says Conservative MP Joy Smith of Winnipeg",cbc.ca,http://www.cbc.ca/news/yourcommunity/2013/07/internet-porn-opt-in-is-censorship-say-canadians.html?cmp=fbtl
2013-07-25,21:03:28,1j0tdm,2114,"U.S. Wants Snowden Returned, Not Extradited, Ambassador Says ""U.S. Ambassador to Russia Michael McFaul said that Washington wants fugitive intelligence leaker Edward Snowden returned to the United States and not extradited""",themoscowtimes.com,http://www.themoscowtimes.com/news/article/us-wants-snowden-returned-not-extradited-ambassador-says/483643.html
2013-07-25,17:11:20,1j0la0,2052,"''The train driver recognised that he was driving at 190 KM/H, while the speed limit in that curve is 80 KM/H.'' More than 80 dead in the spanish train accident.",endirecto.lavanguardia.com,http://endirecto.lavanguardia.com/sucesos/20130724/54378839372/accidente-tren-santiago-de-compostela.html
2013-07-25,05:03:52,1iz8cr,1481,Spain high-speed train crashes near Santiago de Compostela,euronews.com,http://www.euronews.com/2013/07/24/spain-high-speed-train-crashes-near-santiago-de-compostela/
2013-07-25,02:40:29,1iyw12,1063,"Canadian Man ""Sorry"" for Chugging Eight Beers and Swimming to Detroit",blogs.windsorstar.com,http://blogs.windsorstar.com/2013/07/23/drunk-man-attempts-swim-across-detroit-river/
2013-07-25,21:50:48,1j0vlt,985,Secular Tunisian opposition leader Mohamed Elibrahmi shot dead. Spontaneous protests have broken out across capital Tunis,rt.com,http://rt.com/news/tunisia-opposition-leader-killed-583/
2013-07-25,07:22:04,1izjx8,519,The United States has expressed disappointment in the release of a Yemeni journalist who rights groups say was detained because of his reporting on al-Qaida and alleged U.S. complicity in attacks in Yemen,bigstory.ap.org,http://bigstory.ap.org/article/us-disappointed-yemen-journalists-release
2013-07-25,15:58:33,1j0i8b,451,"South African man to stand trial on a 122 charges which includes raping 34 minors and ""attempted murder through HIV infection""",news24.com,http://www.news24.com/SouthAfrica/News/Gauteng-man-in-court-for-raping-34-minors-20130725
2013-07-25,17:03:57,1j0l0o,389,Irish communications minister opposes porn block in fear imposing censorship,independent.ie,http://www.independent.ie/irish-news/rabbitte-ignores-calls-for-state-role-in-blocking-online-porn-29443620.html
2013-07-25,22:46:02,1j0yrw,367,"Of the world’s seven billion people, six billion have mobile phones. However, only 4.5 billion have access to toilets or latrines – meaning that 2.5 billion people, mostly in rural areas, do not have proper sanitation. In addition, 1.1 billion people still defecate in the open",un.org,http://www.un.org/apps/news/story.asp?NewsID=45490&Cr=sanitation&Cr1=#.UfDu_23e6sk
2013-07-25,12:42:18,1j0776,357,Pope Francis attacks drug legalization in Latin America,bbc.co.uk,http://www.bbc.co.uk/news/world-latin-america-23432762
2013-07-25,20:42:29,1j0sgn,340,Banks and pharmaceutical companies are on a secret list of blue-chip firms that hired private investigators who break the law,independent.co.uk,http://www.independent.co.uk/news/uk/crime/exclusive-bigger-than-phone-hacking--soca-sat-on-bluechip-dirty-tricks-evidence-for-years-8730861.html
2013-07-25,22:05:48,1j0wf6,339,"Scientists Warn of Overwhelming Costs of Mental Illness: ""We will be overwhelmed by brain disorders"" if nothing is done now to boost investment in research. Estimated costs in Britain alone is over $172b a yr. It needs same funding levels as cancer & heart diseases.",reuters.com,http://www.reuters.com/article/2013/07/24/us-brain-costs-idUSBRE96N1I120130724
2013-07-25,20:20:15,1j0rm3,301,"Spanish PM Rajoy under fire in media after a condolences message for the train crash victims, that killed 77 people, posted by his office included a paragraph ""copied and pasted"" from a statement previously sent to victims of an earthquake in Gansu, China",cnn.com,http://www.cnn.com/2013/07/25/world/europe/spain-train-crash/
2013-07-25,23:52:12,1j137h,250,China to Spend $275 Billion On Clean Air Plan For Beijing,news.sky.com,http://news.sky.com/story/1120314/china-in-180bn-clean-air-plan-for-beijing
2013-07-25,18:49:21,1j0okg,216,South Africa's drug testing shame. Multi national drug companies exploiting the poor and desperate in drug trials: In one instance children as young as six were taken of life saving drugs to act as a control group.,timeslive.co.za,http://www.timeslive.co.za/news/2013/07/25/we-are-guinea-pigs-for-the-drugmakers
2013-07-25,00:48:10,1iymrq,164,Robert Mugabe criticises Barack Obama's gay rights stance - repeats his claim that homosexuals are 'worse than pigs and dogs' at rally ahead of the Zimbabwe elections,telegraph.co.uk,http://www.telegraph.co.uk/news/worldnews/africaandindianocean/zimbabwe/10200191/Robert-Mugabe-criticises-Barack-Obamas-gay-rights-stance.html
2013-07-25,21:16:12,1j0tzh,137,"Mohamed Brahmi, Tunisian opposition MP from ‪#‎SidiBouZid‬ was shot dead today in front of his place on Tunisia' Republic Day. 6 months after Chokri Belaid's death",aljazeera.com,http://www.aljazeera.com/news/africa/2013/07/201372512523404400.html
2013-07-25,15:29:20,1j0gwn,125,Pakistani TV host gives away abandoned babies on show as battle for viewers heats up during Ramadan,nationalpost.com,http://www.nationalpost.com/m/wp/news/world/blog.html?b=news.nationalpost.com%2F2013%2F07%2F24%2Fpakistani-tv-host-gives-away-abandoned-babies-on-show-as-battle-for-viewers-heats-up-during-ramadan
2013-07-25,15:30:46,1j0gz4,99,Swaziland's cannabis 'gold',bbc.co.uk,http://www.bbc.co.uk/news/world-africa-23445677
2013-07-25,01:02:15,1iynun,79,Harper's Audit-the-Enemy Strategy Fulfills Nixon's Dream. But the comparison between the Harper and Nixon lists goes much further than this enemy list business. Harper is fully executing Nixon's strategy - but with greater success.,desmog.ca,http://desmog.ca/2013/07/21/harper-s-enemy-strategy-what-nixon-only-dreamed-doing
2013-07-25,05:13:34,1iz95j,67,"Russian Media Blames U.S. for Snowden Affair ""Law agencies asked the US on many occasions to extradite wanted criminals through Interpol channels, but those requests were neither met nor even responded to,' a spokesman for the Russian Interior Ministry said Monday.""",blog.foreignpolicy.com,http://blog.foreignpolicy.com/posts/2013/07/24/russian_media_blames_us_for_snowden_affair
2013-07-25,18:38:02,1j0o7w,59,Australian CCTV footage shows man accused of bashing police being bashed by them,abc.net.au,http://www.abc.net.au/news/2013-07-25/no-costs-awarded-in-cctv-police-bashing-case/4844174?&section=news
2013-07-25,15:41:56,1j0hi9,63,Volunteers See Fukushima Radiation on the Move. Crowd-sourced data provides a high-res view of radiation levels in Japan.,technologyreview.com,http://www.technologyreview.com/view/517416/volunteers-see-fukushima-radiation-on-the-move/?utm_campaign=socialsync&utm_medium=social-post&utm_source=facebook
2013-07-25,06:34:51,1izg1v,45,At least 35 killed as train derails in northwestern Spain,france24.com,http://www.france24.com/en/20130724-several-reported-dead-spanish-train-crash
2013-07-25,11:19:59,1j01cd,42,Monopoly Is Getting Rid of Jail to Appease Your Busy Kids,theatlanticwire.com,http://www.theatlanticwire.com/entertainment/2013/07/monopoly-getting-rid-jail-appease-your-kids/67556/
