2013-08-28,11:58:20,1l8gxf,3778,A campaign has been launched to encourage the World Meteorological Organisation to begin naming hurricanes and other destructive storms after climate change deniers.,abc.net.au,http://www.abc.net.au/news/2013-08-28/push-to-name-hurricanes-after-climate-change-deniers/4917206
2013-08-28,00:43:54,1l6yr3,3588,"Facebook will pay a $20 million fine for privacy violations, from which it made $73 million in profits.",bbc.co.uk,http://www.bbc.co.uk/news/technology-23848323
2013-08-28,20:03:23,1l92my,2863,"New Zealand bans software patents “Today’s historic legislation will support our innovative technology industry, and sends a clear message to the rest of the world that New Zealand won’t tolerate the vexatious practice of ‘patent trolls’”",zdnet.com,http://www.zdnet.com/new-zealand-bans-software-patents-7000019955/
2013-08-28,00:27:38,1l6xg2,2069,Russia says West acting in Muslim world like 'monkey with grenade',dailystar.com.lb,http://www.dailystar.com.lb/News/Middle-East/2013/Aug-27/228873-russia-says-west-acting-in-muslim-world-like-monkey-with-a-grenade.ashx#axzz2dBTI6O00
2013-08-28,17:35:40,1l8yn9,1805,Iran’s parliament has given preliminary approval to a bill requiring the government to sue the U.S. for its involvement in the 1953 coup that overthrew the country’s democratically elected prime minister.,washingtonpost.com,http://www.washingtonpost.com/world/middle_east/irans-parliament-approves-bill-to-sue-us-over-1953-coup-involvement/2013/08/28/aafebb6a-0fb9-11e3-a2b3-5e107edf9897_story.html
2013-08-28,04:08:59,1l7fl6,1698,Existence of new element confirmed,lunduniversity.lu.se,http://www.lunduniversity.lu.se/o.o.i.s?news_item=6082&id=24890
2013-08-28,11:55:46,1l8gq4,1356,"Syrian President: “This is nonsense. First they level the accusations, and only then they start collecting evidence.”",globalnews.ca,http://globalnews.ca/news/803137/syria-un-at-alleged-chemical-attack-site-assad-warns-against-u-s-intervention/
2013-08-28,17:52:28,1l8z8x,1095,"Castro Denies That Cuba Refuses To Accept Snowden, He Admires Snowden’s Actions",inserbia.info,http://inserbia.info/news/2013/08/castro-denies-that-cuba-refuses-to-accept-snowden-he-admires-snowdens-actions/
2013-08-28,02:04:25,1l756q,1092,Syria challenges West to offer proof of chemical weapons use,english.people.com.cn,http://english.people.com.cn/90777/8379802.html
2013-08-28,21:47:30,1l973v,1033,PM: Poland will not join strikes on Syria,bigstory.ap.org,http://bigstory.ap.org/article/pm-poland-will-not-join-strikes-syria
2013-08-28,21:30:21,1l964i,960,"For the first time, the combined GDP of poor nations is greater than the rich ones",qz.com,http://qz.com/119081/for-the-first-time-the-combined-gdp-of-poor-nations-is-greater-than-the-rich-ones/
2013-08-28,22:58:46,1l9bj5,935,Syria says 'terrorists' will strike Europe with chemical weapons,reuters.com,http://www.reuters.com/article/2013/08/28/us-syria-crisis-europe-idUSBRE97R0N220130828
2013-08-28,21:38:50,1l96mm,787,Jordan: No attack on Syria from our soil,bigstory.ap.org,http://bigstory.ap.org/article/jordan-no-attack-syria-its-soil
2013-08-28,20:16:24,1l937p,584,Apple Tries to Trademark the Word 'Startup',wired.co.uk,http://www.wired.co.uk/news/archive/2013-08/28/apple-trademark-startup
2013-08-28,03:27:13,1l7bz4,515,"Exclusive Glenn Greenwald Interview: ""I Won't Be Kept Out of My Country for Doing Journalism!""",truth-out.org,http://truth-out.org/news/item/18402-i-wont-be-kept-out-of-my-country-for-doing-journalism-exclusive-glenn-greenwald-truthout-interview
2013-08-28,06:35:25,1l7s5w,328,Syrian Electronic Army takes down New York Times website,rt.com,http://rt.com/news/sea-hack-nyt-site-twitter-077/
2013-08-28,21:55:35,1l97j5,303,"Currency Spikes at 4 P.M. in London Provide Rigging Of Stock Market Clues ""distorting the value of trillions of dollars of investments in funds that track global indexes. Bloomberg News reported""",bloomberg.com,http://www.bloomberg.com/news/2013-08-27/currency-spikes-at-4-p-m-in-london-provide-rigging-clues.html
2013-08-28,03:08:37,1l7af4,263,Iranian Official: Israel to Be ‘First Victim’ of U.S. Attack on Syria,freebeacon.com,http://freebeacon.com/iranian-official-israel-to-be-first-victim-of-u-s-attack-on-syria/
2013-08-28,04:02:29,1l7f0w,194,Painting of Vladimir Putin in women's underwear seized by Russian police,theguardian.com,http://www.theguardian.com/world/2013/aug/27/painting-vladimir-putin-underwear
2013-08-28,20:24:44,1l93jj,188,N. Korea sees ‘bright future’ in tourism,capitalfm.co.ke,http://www.capitalfm.co.ke/news/2013/08/n-korea-sees-bright-future-in-tourism/
2013-08-28,22:54:02,1l9b7o,182,Pope Francis has phoned an Argentine woman to comfort her and tell her she is not alone after she wrote a letter to him saying she was raped by a policeman.,trust.org,http://www.trust.org/item/20130828131540-6nml9
2013-08-28,23:47:38,1l9f4f,174,"Russia: Paintings of Officials Are Seized by the Police.The police seized a painting of the president and prime minister in women’s underwear from an art gallery in St. Petersburg, saying the display had broken unspecified laws.",nytimes.com,http://www.nytimes.com/2013/08/28/world/europe/russia-paintings-of-officials-are-seized-by-the-police.html?_r=0
2013-08-28,12:26:09,1l8iwn,157,Japan formally raises Fukushima water leak to INES Level 3 incident,reuters.com,http://www.reuters.com/article/2013/08/28/japan-fukushima-leak-idUST9N0F304B20130828
2013-08-28,01:12:31,1l712c,153,"""Excorcist"" arrested claiming penis purge ghosts inside women",widk.com,http://widk.com/2013/08/23/exorcist-arrested-claiming-penis-purge-ghosts-inside-women/
2013-08-28,10:49:51,1l8bvo,135,Angela Merkel: Greece should never have been allowed in the euro,telegraph.co.uk,http://www.telegraph.co.uk/finance/financialcrisis/10269893/Angela-Merkel-Greece-should-never-have-been-allowed-in-the-euro.html
2013-08-28,22:12:32,1l98ip,109,Taliban attack under way on Polish base in east Afghanistan,reuters.com,http://www.reuters.com/article/2013/08/28/us-afghanistan-attack-idUSBRE97R0BK20130828
2013-08-28,19:24:28,1l91tc,92,"A 21-year-old Polish woman aims to make a new world record by having sex with 100,000 men around the world",austriantimes.at,"http://austriantimes.at/news/Around_the_World/2013-06-11/49070/Sex_Record_Bid_With_100,000_men"
2013-08-28,21:07:11,1l95ej,85,"Chinese boy has eyeballs gouged out, corneas stolen: ""Most of the organ trafficking, with solid organs, usually occurs with some degree of knowledge from the vendor. But this is an entire other degree""",thespec.com,http://www.thespec.com/news-story/4051740-chinese-boy-has-eyeballs-gouged-out-corneas-stolen/
2013-08-28,02:23:44,1l76rd,86,Christian woman faces hanging in Pakistan over sip of water...,nypost.com,http://www.nypost.com/p/news/opinion/opedcolumnists/sentenced_to_death_for_sip_of_water_7zwT2vBrUGqhDzasfQxkKK/0
2013-08-28,22:04:55,1l981w,82,"The THC — the active element in cannabis — that has been used for investigations by the National Institutes of Health in Washington, DC, was imported from Israel at a time when no American scientist could hope to receive funding for research involving marijuana.",globalpost.com,http://www.globalpost.com/dispatch/news/regions/middle-east/israel-and-palestine/130822/israel-embraces-the-miracle-marijuana
