2013-01-04,11:08:34,15xfk1,3105,Soccer team walks out on game in Italy after African player is taunted with monkey chants,thelede.blogs.nytimes.com,http://thelede.blogs.nytimes.com/2013/01/03/soccer-team-walks-out-on-racist-fans-in-italy/?hp
2013-01-04,19:13:05,15y29t,2872,Obese who refuse to exercise 'could face benefits cut' in the UK,bbc.co.uk,http://www.bbc.co.uk/news/uk-england-london-20897681
2013-01-04,00:52:03,15w869,2726,How to Halt the Terrorist Money Train? Step 1: Make bankers stop laundering dirty cash,nytimes.com,http://www.nytimes.com/2013/01/03/opinion/how-bankers-help-drug-traffickers-and-terrorists.html
2013-01-04,09:46:18,15x9vc,1299,"Japanese man vacations on Syrian front lines. “I’m not a target for snipers because I’m a tourist, not like you journalists. Besides, I’m not afraid if they shoot at me or that they might kill me. I’m a combination of samurai and kamikaze.”",thelede.blogs.nytimes.com,http://thelede.blogs.nytimes.com/2013/01/03/japanese-man-vacations-on-syrian-front-lines/?smid=re-share
2013-01-04,07:10:06,15wz3f,920,Switzerland's oldest bank became the first foreign bank to plead guilty in the United States to tax charges when it admitted Thursday that it helped American clients hide more than $1.2 billion from the Internal Revenue Service.,hosted.ap.org,http://hosted.ap.org/dynamic/stories/S/SWITZERLAND_US_TAX_EVASION?SITE=RIPAW&SECTION=HOME&TEMPLATE=DEFAULT
2013-01-04,22:30:37,15y92q,728,Woman jumps from speeding train in India to avoid molestors.,hindustantimes.com,http://www.hindustantimes.com/India-news/Bihar/To-escape-molesters-woman-jumps-from-speeding-train-in-Bihar/Article1-984732.aspx
2013-01-05,00:57:26,15yh62,223,"Journalists at a leading Chinese newspaper have called for a propaganda chief to resign, in a rare protest against censorship.",bbc.co.uk,http://www.bbc.co.uk/news/world-asia-china-20911823
2013-01-04,21:03:24,15y5nk,172,"Disastrous relief for Haiti: Three years on from the quake, it's evident reconstruction has been fatally undermined by greedy and incompetent outsiders",guardian.co.uk,http://www.guardian.co.uk/commentisfree/2012/dec/30/disastrous-relief-for-haiti
2013-01-04,10:23:22,15xck3,169,Ryanair pilots claim they are pressured into filling their airplanes with too little fuel. ,reporter.kro.nl,http://reporter.kro.nl/seizoenen/2012/afleveringen/28-12-2012/extras/mayday_mayday_-_international_version
2013-01-04,02:19:04,15wdub,160,Evidence has been promised to a French court that could prove former President Nicolas Sarkozy accepted more than €50 million in campaign donations from ousted Libyan leader Muammar Gaddafi. (x-post /r/politics),rt.com,http://rt.com/news/sarcozy-campaign-gaddafi-millions-evidence-250/
2013-01-04,18:24:50,15y0y7,109,An amazing mea culpa from the IMF’s chief economist on austerity,washingtonpost.com,http://www.washingtonpost.com/blogs/wonkblog/wp/2013/01/03/an-amazing-mea-culpa-from-the-imfs-chief-economist-on-austerity/?wprss=rss_ezra-klein
2013-01-04,22:47:32,15y9tt,105,Governor Shuts Down Tehran Over Pollution - Only emergency & health services will report for work.  It's 2nd time in a month  activities have been ordered halted because of air pollution.,rferl.org,http://www.rferl.org/content/iran-air-pollution-shuts-down-tehran/24815260.html
2013-01-04,16:38:21,15xxll,101,"Could gang-rape protests mark beginning of an age of activism for India?  

India's youth bulge and its disillusionment with political leaders may have helped drive recent post-rape protests and an anticorruption movement. But it's not clear the new activism will sustain itself.",csmonitor.com,http://www.csmonitor.com/World/Asia-South-Central/2013/0103/Could-gang-rape-protests-mark-beginning-of-an-age-of-activism-for-India-video?nav=87-frontpage-entryLeadStory
2013-01-04,08:00:55,15x2la,91,Palestinian Authority And Hamas Both Refuse To Take In Palestinian Refugees From Syria,timesofisrael.com,http://www.timesofisrael.com/hamas-pa-reportedly-refuse-to-take-in-palestinian-refugees-from-syria/?utm_source=dlvr.it&utm_medium=twitter
2013-01-04,04:03:07,15wl7h,88,The Disappeared - Even the Soviet Union eventually acknowledged Stalin's Great Famine. Why does China still hide evidence of its own mass starvation under Mao?,foreignpolicy.com,http://www.foreignpolicy.com/articles/2013/01/02/the_disappeared?page=full
2013-01-04,04:32:04,15wnag,75,"Narwhal Tusk Smuggling Ring Busted - Does your neighbor have a Narwhal tusk displayed? It was likely smuggled illegally from Canada.  Body parts of the rare whales were bought legally in Canada, then smuggled across a New Brunswick-to-Maine border, & resold for black-market prices in US. 
",theatlanticwire.com,http://www.theatlanticwire.com/global/2013/01/meanwhile-canada-narwhal-tusk-smuggling-ring-got-busted/60564/
2013-01-04,22:28:21,15y8yj,60,"Magazine firebombed for printing satirical 'Sharia' edition in France publishes Prophet Mohammed cartoon book

",dailymail.co.uk,http://www.dailymail.co.uk/news/article-2256690/Magazine-firebombed-printing-satirical-Sharia-edition-France-publishes-Prophet-Mohammed-cartoon-book.html
2013-01-04,06:46:31,15wxdz,62,Bored truck driver plays war tourist in Syria,abc.net.au,http://www.abc.net.au/news/2013-01-03/bored-truck-driver-heads-to-syria-as-a-war-tourist/4452056
2013-01-04,23:43:28,15ycqo,55,BBC News - Church of England drops gay bishop opposition,bbc.co.uk,http://www.bbc.co.uk/news/uk-20914799
2013-01-04,02:15:45,15wdm6,50,Argentina's understanding of history is “laughable” - Telegraph,telegraph.co.uk,http://www.telegraph.co.uk/news/worldnews/southamerica/falklandislands/9777459/Falkland-Islands-row-Argentinas-understanding-of-history-is-laughable.html
2013-01-04,21:57:17,15y7ls,50,"Drone attacks unacceptable: Pakistan Foreign Office Spokesman said the attacks were illegal, unacceptable and against Islamabad’s sovereignty.",thenews.com.pk,http://www.thenews.com.pk/article-82428-Drone-attacks-unacceptable:-Pakistan
2013-01-04,13:34:07,15xoyh,45,BBC News - Hugo Chavez suffers 'complications' after surgery,bbc.co.uk,http://www.bbc.co.uk/news/world-latin-america-20907387
2013-01-04,05:38:21,15wsbo,41,"60,000 Dead in Syria? Why the Death Toll Is Likely Even Higher - The Atlantic",theatlantic.com,http://www.theatlantic.com/international/archive/2013/01/60-000-dead-in-syria-why-the-death-toll-is-likely-even-higher/266777/#.UOX6RNpLQws.reddit
2013-01-04,01:05:40,15w91k,45,India. Assam women beat 'sex-attack politician' Bikram Singh Brahma,bbc.co.uk,http://www.bbc.co.uk/news/world-asia-india-20902258
2013-01-04,21:30:34,15y6ki,39,Anti-government protests rage across Iraq ,aljazeera.com,http://www.aljazeera.com/news/middleeast/2013/01/201314115428557532.html?utm_content=automate&utm_campaign=Trial6&utm_source=NewSocialFlow&utm_term=plustweets&utm_medium=MasterAccount#.UObZcQ4mxj0.reddit
2013-01-04,20:50:22,15y58d,37,Paying With 'Kisses' As Brazil's Social Currencies Spread,bbc.co.uk,http://www.bbc.co.uk/news/world-latin-america-20838553
2013-01-04,07:21:36,15wzwt,31,"Mark Lynas, environmentalist who opposed GMOs, admits he was wrong.",slate.com,http://www.slate.com/blogs/future_tense/2013/01/03/mark_lynas_environmentalist_who_opposed_gmos_admits_he_was_wrong.html
2013-01-04,00:49:04,15w7zj,30,David Cameron rejects call to return Falkland Islands to Argentina,guardian.co.uk,http://www.guardian.co.uk/uk/2013/jan/03/david-cameron-falkland-islands-argentina
2013-01-04,10:56:38,15xeqk,24,BBC News - Libyan gunmen kidnap top investigator in Benghazi,bbc.co.uk,http://www.bbc.co.uk/news/world-africa-20898108
2013-01-04,21:51:21,15y7cv,24,The Palestinian president is seeking to shelter Palestinian refugees fleeing Syria. He has asked the UN for help in bringing over the refugees but any such move would require Israel's consent,haaretz.com,http://www.haaretz.com/news/middle-east/abbas-seeking-to-shelter-palestinian-refugees-fleeing-syria-1.485885
