2013-03-19,18:27:23,1al37l,2661,British tourist jumped from hotel balcony in India and injured severely to escape from rape,ndtv.com,http://www.ndtv.com/article/cities/british-tourist-jumps-from-hotel-balcony-in-agra-to-escape-sexual-assault-344306?pfrom=home-lateststories
2013-03-19,05:13:33,1ajr9g,2593,Two lynchings in Egypt as villagers take the law into their own hands. Egyptians civilians are increasingly killing suspected rapists and kidnappers in response to lack of security. ,bbc.co.uk,http://www.bbc.co.uk/news/world-middle-east-21831082
2013-03-19,20:29:41,1al7m0,2392,"
Kim Dotcom Still Causing Headaches For Spy Agency: Documents show that in Dec 2011 when the spying began, police already had information which stated that Dotcom was a NZ resident 'which rendered the surveillance illegal.'",torrentfreak.com,http://torrentfreak.com/kim-billy-big-steps-dotcom-stil-causing-headaches-for-spy-agency-130319/
2013-03-19,23:06:08,1alg9n,2250,"Indian Parliment passes new anti-rape laws: new provisions allow for the death penalty, and minimum sentence for gang rape, rape of a minor, rape by a person in authority will be doubled to 20 years and can be extended.",zeenews.india.com,http://zeenews.india.com/news/nation/lok-sabha-passes-anti-rape-bill_836500.html
2013-03-19,19:22:36,1al4z2,1529,EU: Illegal downloads are NOT so harmful to the music industry [PDF Alert],static3.hln.be,http://static3.hln.be/static/asset/2013/JRC79605_761.pdf
2013-03-19,20:31:15,1al7os,1077,'Suffocating in the streets': Chemical weapons attack reported in Syria,worldnews.nbcnews.com,http://worldnews.nbcnews.com/_news/2013/03/19/17370550-suffocating-in-the-streets-chemical-weapons-attack-reported-in-syria?lite
2013-03-19,15:28:55,1akxzn,535,New recorded conversation between President Johnson and adviser reveal that Nixon sabotaged a Vietnam peace treaty in order to win the 1968 election,bbc.co.uk,http://www.bbc.co.uk/news/world-21802132
2013-03-19,16:33:50,1akzxa,484,"To crack down on secret suburban cannabis farms, marijuana-scented scratch-n-sniff cards are being sent to hundreds of British homes.",bbc.co.uk,http://www.bbc.co.uk/news/uk-england-21833045
2013-03-19,23:55:13,1aljot,463,Tensions rise as US B-52 bomber flies over Korean peninsula,globalpost.com,http://www.globalpost.com/dispatch/news/regions/asia-pacific/130319/tensions-rise-us-b-52-bombers-fly-over-korea-peninsula-sho
2013-03-19,02:33:29,1ajeah,454,U.S. confirms Syrian aircraft fired rockets into Lebanon,reuters.com,http://www.reuters.com/article/2013/03/18/us-syria-crisis-lebanon-usa-idUSBRE92H0TK20130318?feedType=RSS&feedName=worldNews&utm_source=feedburner&utm_medium=feed&utm_campaign=Feed%3A+Reuters%2FworldNews+%28Reuters+World+News%29&utm_content=Bloglines
2013-03-19,18:28:21,1al38f,404,BBC News - Syrian rebels 'use chemical weapon',bbc.co.uk,http://www.bbc.co.uk/news/world-middle-east-21841217
2013-03-19,20:14:44,1al6yu,386,"U.S. joins Australia and New Zealand in backing Antarctic marine sanctuary amid calls for fishing ban: ""...drawn a proposal for a marine sanctuary covering 1.6 million square kilometers of the Ross Sea, which would be the world’s largest reserve.""",rawstory.com,http://www.rawstory.com/rs/2013/03/19/u-s-joins-australia-and-new-zealand-in-backing-antarctic-marine-sanctuary-amid-calls-for-fishing-ban/
2013-03-19,22:42:18,1aleoa,373,Nine former chief executives of fallen Icelandic bank Kaupthing indicted for involvement in general market manipulation in the years prior to the bank's crash.This is the largest case of its kind in the world that has lead to an indictment.,visir.is,http://visir.is/nine-people-indicted-in-the-biggest-case-of-its-kind/article/2013130318951
2013-03-19,00:59:35,1aj71h,338,South Korea now wants their own nuclear program to counter the North.,cnn.com,http://www.cnn.com/2013/03/18/world/asia/south-korea-nuclear/index.html?hpt=hp_t2
2013-03-19,03:33:23,1ajiyu,318,Anti-gay Islamic preacher Khalid Yasin prevented from attending University of East London event,pinknews.co.uk,http://www.pinknews.co.uk/2013/03/18/anti-gay-islamic-preacher-khalid-yasin-prevented-from-attending-university-of-east-london-event/
2013-03-19,20:23:12,1al7bw,295,Curiosity rover breaks rock to reveal dazzling white interior,bbc.co.uk,http://www.bbc.co.uk/news/science-environment-21340279
2013-03-19,05:15:10,1ajrcz,266,Rwandan warlord’s sudden surrender at U.S. Embassy,washingtonpost.com,http://www.washingtonpost.com/blogs/worldviews/wp/2013/03/18/report-offers-clues-to-rwandan-warlords-sudden-surrender-at-u-s-embassy/
2013-03-19,12:01:06,1aknji,193,New Zealand is planning on a Cyprus-style solution: Small depositors may lose some of their savings to pay for bank bailouts.,scoop.co.nz,http://www.scoop.co.nz/stories/PA1303/S00306/national-planning-cyprus-style-solution-for-new-zealand.htm
2013-03-19,22:41:10,1aleln,196,"The number of dead pigs found in a river near Shanghai rose to more than 13,000 over the weekend. Last Friday, the figure stood at about 7,500.",nytimes.com,http://www.nytimes.com/2013/03/19/world/asia/china-more-pigs-found-in-river.html?ref=world
2013-03-19,19:27:10,1al54n,148,British woman jumps from Agra hotel balcony to escape sexual assault,indianexpress.com,http://www.indianexpress.com/news/british-woman-jumps-from-agra-hotel-balcony-to-escape-sexual-assault/1090386/
2013-03-19,17:17:35,1al15t,121,"Former Guatemalan dictator Efrain Rios Montt is due to go on trial for genocide and crimes against humanity on Tuesday, the first time a country has prosecuted an ex-head of state in a national court on such charges

",reuters.com,http://www.reuters.com/article/2013/03/19/us-guatemala-riosmontt-idUSBRE92I03S20130319
2013-03-19,23:58:00,1aljwm,100,Cyprus’ Finance Minister Quits,forexlive.com,http://www.forexlive.com/blog/2013/03/19/cyprus-finance-minister-quits-mni/
2013-03-19,22:00:30,1alc3j,89,List of the 5 biggest exporters and importers of arms in the world during 2008-2012.,talkingpointsmemo.com,http://talkingpointsmemo.com/news/china-fifth-largest-arms-exporter.php
2013-03-19,10:38:34,1akhia,87,Second computer glitch shuts down NASA Mars rover,reuters.com,http://www.reuters.com/article/2013/03/18/us-space-mars-idUSBRE92B0YA20130318
2013-03-19,00:54:06,1aj6mt,83,"""We are powerful and we will soon be dominant"": Golden Dawn's intimidation in the courtroom",newstatesman.com,http://www.newstatesman.com/austerity-and-its-discontents/2013/03/we-are-powerful-and-we-will-soon-be-dominant-golden-dawns-inti
2013-03-19,04:41:03,1ajoi7,80,"Palestinians throw shoes, draw swastikas on Obama banner ahead of president’s visit",washingtonpost.com,http://www.washingtonpost.com/world/middle_east/palestinians-throw-shoes-draw-swastikas-on-obama-banner-ahead-of-presidents-visit/2013/03/18/27d90ce2-8fe7-11e2-9173-7f87cda73b49_story.html
2013-03-19,07:50:32,1ak47s,80,"North Korea Appears To Be Running A Trade Surplus, And That's Troubling News",businessinsider.com,http://www.businessinsider.com/north-koreas-trade-surplus-2013-3
2013-03-19,01:13:41,1aj82y,76,"Meanwhile, in Brazil, spiders have taken over an entire town",washingtonpost.com,http://www.washingtonpost.com/blogs/wonkblog/wp/2013/02/11/meanwhile-in-brazil-spiders-have-taken-over-an-entire-town/
2013-03-19,14:02:37,1akuo1,76,New NKorean propaganda depicts attack on Washington ,cnn.com,http://www.cnn.com/2013/03/19/world/asia/north-korea-us-relations/
2013-03-19,07:51:09,1ak49n,61,"Interesting: ""We’ve now seen three island nations around Europe become huge international banking hubs relative to GDP, then get into crisis because their economies don’t have the resources to bail out those banking systems""",krugman.blogs.nytimes.com,http://krugman.blogs.nytimes.com/2013/03/18/the-%d1%8fussians-are-coming-the-%d1%8fussians-are-coming/
