2013-02-27,04:41:27,19a39j,2447,"Maldives girl gets 100 lashes for pre-marital sex. 'A 15-year-old rape victim has been sentenced to 100 lashes for engaging in premarital sex, court officials said'",bbc.co.uk,http://www.bbc.co.uk/news/world-asia-21595814
2013-02-27,00:28:09,199k8v,2302,Compulsive liar jailed after 11 false rape claims in decade,telegraph.co.uk,http://www.telegraph.co.uk/news/uknews/crime/9894588/Compulsive-liar-jailed-after-11-false-rape-claims-in-decade.html
2013-02-27,15:12:42,19bdj2,2185,Australian Muslim activists lose free speech case. 'Australia's highest court on Wednesday narrowly rejected the case of two Muslim activists who argued they had a constitutional free-speech right to send offensive letters to families of Australian soldiers killed in Afghanistan',bostonherald.com,http://bostonherald.com/news_opinion/international/asia/2013/02/australian_muslim_activists_lose_free_speech_case#sthash.V5Cnw1rL.sfju
2013-02-27,16:43:39,19bgyk,1524,"North Korea warns U.S. is within range of strategic rockets, nuclear weapons",english.yonhapnews.co.kr,http://english.yonhapnews.co.kr/news/2013/02/27/26/0200000000AEN20130227010200315F.HTML
2013-02-27,23:09:13,19bviw,827,Chinese parents of gays and lesbians demand equal marriage rights,scmp.com,http://www.scmp.com/news/china/article/1159633/chinese-parents-gays-and-lesbians-demand-equal-marriage-rights
2013-02-27,06:51:38,19adv6,683,'Homosexuality is a ticking timebomb for the Catholic Church': Explosive claim of former friar who says half of recruits are gay,dailymail.co.uk,http://www.dailymail.co.uk/news/article-2284983/Explosive-claim-friar-Mark-Dowd-says-half-recruits-Catholic-Church-gay.html
2013-02-27,07:37:40,19aho5,677,"We'll never stop eating whales, declares Japanese minister",abc.net.au,http://www.abc.net.au/news/2013-02-27/well-never-stop-eating-whales-declares-japanese-minister/4541902
2013-02-27,01:42:23,199pjh,603,Afghan teenager whose nose & ears were cut off as punishment for attempting to flee an abusive marriage has revealed her new nose after reconstructive surgery. Aesha Mohammadzai appeared on the cover of Time magazine and became an international symbol of female oppression following her mutilation.,independent.co.uk,http://www.independent.co.uk/news/world/americas/never-give-up-and-dont-lose-hope-afghan-teenager-who-had-nose-and-ears-cut-off-by-abusive-husband-reveals-new-life-and-new-face-following-reconstructive-surgery-8511958.html
2013-02-27,01:14:41,199nig,557,Tony Blair: People are still 'very abusive' to me 10 years after the Iraq War,telegraph.co.uk,http://www.telegraph.co.uk/news/politics/tony-blair/9895309/Tony-Blair-People-are-still-very-abusive-to-me-10-years-after-the-Iraq-War.html
2013-02-27,06:37:03,19acpg,454,9 year old boy hangs himself because he was being bullied for being white.,dailymail.co.uk,http://www.dailymail.co.uk/news/article-2283777/Boy-9-hanged-bullied-white.html
2013-02-27,14:58:05,19bcvv,447,Evidence is mounting that China’s government is sponsoring the cybertheft of Western corporate secrets.,economist.com,http://www.economist.com/news/china/21572228-evidence-mounting-chinas-government-sponsoring-cybertheft-western-corporate
2013-02-27,02:55:21,199uzx,405,Minister: 'ban smoking in cars carrying children',telegraph.co.uk,http://www.telegraph.co.uk/health/healthnews/9896073/Minister-ban-smoking-in-cars-carrying-children.html
2013-02-27,21:52:49,19brc2,360,"Beijing Restaurant Sign Triggers Fury - Sign at popular tourist spot  bars citizens of nations involved in maritime disputes with China,  triggering outrage among Vietnamese & Filipinos. It reads:  ""This shop does not receive the Japanese,  Philippines, Vietnamese & dogs.""  It's gone viral.



",news.com.au,http://www.news.com.au/travel/news/beijing-restaurant-sign-banning-vietnamese-filiponos-and-dogstriggers-online-fury/story-e6frfq80-1226587273003
2013-02-27,19:18:23,19blco,287,At least 5 dead in Swiss workplace shooting,bbc.co.uk,http://www.bbc.co.uk/news/world-europe-21601323
2013-02-27,15:47:18,19bezu,218,"New Zealand man eaten by Great White, Police shoot at shark.",m.nzherald.co.nz,http://m.nzherald.co.nz/nz/news/article.cfm?c_id=1&objectid=10868127
2013-02-27,08:18:11,19akup,211,Deforestation rate in Venezuela reduced by 47%,venezuela-us.org,http://venezuela-us.org/2013/02/25/deforestation-rate-in-venezuela-reduced-by-47/
2013-02-27,21:41:28,19bqsk,203,"Amsterdam to raise prostitution age, bring in brothel closing hours.",dutchnews.nl,http://www.dutchnews.nl/news/archives/2013/02/amsterdam_to_raise_prostitutio.php
2013-02-27,18:11:06,19bjj0,193,"Niger arrests doctors after Bill Gates charity graft probe:  Niger arrested about 20 doctors suspected of embezzling funds from a charity set up by the Bill and Melinda Gates Foundation to promote vaccination in poor countries, judicial and police sources said on Monday.",theglobeandmail.com,http://www.theglobeandmail.com/news/world/niger-arrests-doctors-after-bill-gates-charity-graft-probe/article9058025/
2013-02-27,12:17:20,19b34f,182,"Anti-protest: Bahrain bans import of plastic Guy Fawkes masks
",independent.co.uk,http://www.independent.co.uk/news/world/middle-east/antiprotest-bahrain-bans-import-of-plastic-guy-fawkes-masks-8510615.html
2013-02-27,03:31:45,199xv8,150,U.N. told atheists face discrimination around globe,ca.news.yahoo.com,http://ca.news.yahoo.com/u-n-told-atheists-face-discrimination-around-globe-184534163.html
2013-02-27,15:43:31,19beub,146,An accused rapist was allowed to walk free and later kill two children as a result of a London police policy to manipulate crime statistics by failing to record sexual assault allegations ,guardian.co.uk,http://www.guardian.co.uk/uk/2013/feb/26/police-failed-investigate-sex-attacks
2013-02-27,00:29:37,199kcr,135,"Black Canadian police officer faces charges for not investigating racial taunts directed at him.  ""I was treated like a dog.""",thestar.com,http://www.thestar.com/news/crime/2013/02/26/black_police_officer_faces_charges_for_not_investigating_racial_taunts_against_himself.html
2013-02-27,22:03:21,19brto,118,"In conservative Pakistan, everybody must get stoned. The garbage man doubles as a dealer, and you can light up in a prominent Sufi shrine — never mind the death penalty.",globalpost.com,http://www.globalpost.com/dispatch/news/regions/asia-pacific/pakistan/130221/pakistan-drugs-Sufi-Islam-world-religion-conflict-zones-global-economy
2013-02-27,05:33:41,19a7g8,99,"The United Nations brought a deadly strain of cholera to Haiti that killed 8,000 people but accepts no responsibility for the disaster",slate.com,http://www.slate.com/articles/news_and_politics/foreigners/2013/02/ban_ki_moon_rejects_haitian_cholera_claims_the_united_nations_brought_a.single.html
2013-02-27,21:29:30,19bq9l,98,Salafists fail to stop 'Harlem Shake' in Tunisia,dailystar.com.lb,http://www.dailystar.com.lb/News/Middle-East/2013/Feb-27/208140-salafists-fail-to-stop-harlem-shake-in-tunisia.ashx#axzz2LnKN8auw
2013-02-27,19:26:40,19bll8,98,Maldives Girl Repeatedly Raped By Her Father Is Sentenced To 100 Lashes After Admitting Adultery With Another Man,huffingtonpost.co.uk,http://www.huffingtonpost.co.uk/2013/02/27/maldives-girl-raped-father-sentenced-100-lashes-adultery-_n_2772213.html?1361963616&ncid=edlinkusaolp00000008&just_reloaded=1
2013-02-27,23:55:25,19byjv,91,"BBC News - World's oldest woman on record is 114, also from same japanese region as the oldest man",bbc.co.uk,http://www.bbc.co.uk/news/world-21598212
2013-02-27,06:05:01,19aa2j,89,A 13-year-old Kenyan boy without any electrical or engineering training devises a solar-powered light system to keep lions away from his family’s livestock,cnn.com,http://www.cnn.com/2013/02/26/tech/richard-turere-lion-lights/index.html?sr=fbmain
2013-02-27,03:15:12,199wla,78,The Pirate Bay moves to Norway! ,wired.co.uk,http://www.wired.co.uk/news/archive/2013-02/26/pirate-bay-leaves-sweden
2013-02-27,06:07:45,19aaas,61,Maldives girl gets 100 lashes for pre-marital sex after her stepfather raped her and killed her baby,m.bbc.co.uk,http://m.bbc.co.uk/news/world-asia-21595814
