2013-06-28,21:57:40,1h8u34,3108,Vatican rent-a-boy prostituion ring revealed by priest,cathnewsusa.com,http://www.cathnewsusa.com/2013/06/vatican-rentboy-and-satanism-claims-revealed-by-priest/
2013-06-28,19:41:00,1h8ooy,2981,"Japan's Whaling is Not Science, Expert Witness Tells World Court - The Japanese practice of catching & killing some 1,000 whales a yr can't be justified as science, the World Court was told in a case Australia has brought against Japan.",scientificamerican.com,http://www.scientificamerican.com/article.cfm?id=japans-whaling-is-not-science-exper
2013-06-28,02:25:58,1h6uv3,2963,"A mysterious Facebook character from Zimbabwe steals secrets from the ruling party every day and shames politicians for alleged corruption and brutality, often including their mobile-phone numbers with instructions to call and demand answers",economist.com,http://www.economist.com/news/middle-east-and-africa/21580163-mysterious-facebook-character-predicting-murder-and-mayhem-spirit
2013-06-28,21:40:40,1h8t88,1268,Hundreds protest Obama visit to South Africa,news24.com,http://www.news24.com/SouthAfrica/News/Hundreds-protest-Obama-visit-20130628
2013-06-28,11:06:43,1h7zbq,1175,UK set to become the first country to allow the creation of babies using DNA from three people.,bbc.co.uk,http://www.bbc.co.uk/news/health-23079276
2013-06-28,00:38:14,1h6mb5,1103,Additional US data mining revealed by the guardian.,m.guardiannews.com,http://m.guardiannews.com/world/2013/jun/27/nsa-data-mining-authorised-obama
2013-06-28,14:38:44,1h8dcn,1002,Syrian Orthodox Bishop beheaded by Syrian Rebels - Intifada Palestine,intifada-palestine.com,http://www.intifada-palestine.com/2013/06/bishops-2/
2013-06-28,00:07:20,1h6jyn,995,Ecuador waives US trade rights after threats made over Snowden case - Ecuador said on Thursday it was waiving preferential rights under a US trade agreement to demonstrate its principled approach to the asylum request of former American spy agency contractor and whistle-blower Edward Snowden.,scmp.com,http://www.scmp.com/news/world/article/1270475/ecuador-waives-us-trade-rights-after-threats-made-over-snowden-case
2013-06-28,19:37:34,1h8ol8,553,"Five phone hacking defendants, including Rebekah Brooks and Andy Coulson, have lost a last ditch attempt to block their prosecution.",bbc.co.uk,http://www.bbc.co.uk/news/uk-23098284
2013-06-28,17:52:58,1h8lcw,383,Egyptians call for a 'second revolution',guardian.co.uk,http://www.guardian.co.uk/world/2013/jun/27/egyptian-activists-hope-revolution-morsi
2013-06-28,18:40:43,1h8muu,365,"The Most Hated Man on China’s Internet Won't be Missed - Fang Binxing, creator of the Great Firewall of China, is all too familiar to Chinese internet users. So when Fang, head of Beijing University of Posts & Telecommunication, announced he's resigning, the reaction was brutal.",qz.com,http://qz.com/98822/the-most-hated-man-on-chinas-internet-shouldnt-expect-any-get-well-soon-emails/
2013-06-28,01:12:33,1h6ozn,300,China lifts 17-year ban on Dalai Lama photos at Tibet monastery,in.reuters.com,http://in.reuters.com/article/2013/06/27/china-tibet-dalai-lama-idINDEE95Q0DV20130627
2013-06-28,09:52:14,1h7u09,291,Christiane Amanpour is sued by Turkish newspaper's managing editor for broadcasting the protests in Istanbul and harming Turkey's public image (need help for translating the article),radikal.com.tr,http://www.radikal.com.tr/turkiye/takvimden_amanpour_hakkinda_suc_duyurusu-1139427
2013-06-28,20:48:14,1h8r0c,266,"A group calling itself RedHack hacked into Istanbul Special Provincial Administration, deleting city debts and renaming a school. [translation]",translate.google.com,http://translate.google.com/translate?sl=tr&tl=en&js=n&prev=_t&hl=en&ie=UTF-8&u=http%3A%2F%2Fwww.hurriyet.com.tr%2Fteknoloji%2F23604713.asp&act=url
2013-06-28,16:20:34,1h8i2r,248,Turkish PM's treason claims against BBC reporter chills other journalists. Turkish journalists see Recep Tayyip Erdoğan's attack on presenter for BBC's Turkish service as a warning to them all,guardian.co.uk,http://www.guardian.co.uk/world/2013/jun/28/turkey-bbc-reporter-recep-tayyip-erdogan-treason
2013-06-28,14:34:05,1h8d2k,245,German parliament approves tax equality for gay couples,dw.de,http://dw.de/p/18xkK
2013-06-28,04:19:29,1h74ff,225,"German Chancellor Angela Merkel has warned against supplying arms to the militants in Syria, saying the risks of the move are too high",presstv.com,http://www.presstv.com/detail/2013/06/27/311064/arming-syria-rebels-too-risky-merkel/
2013-06-28,09:23:20,1h7s23,203,"At least 22 people have been killed after a series of bombs exploded in busy coffee shops and other public spaces across Iraq. In north and south Baghdad on Thursday, two blasts tore through cafes where scores of young men had gathered to watch a televised football match.",aljazeera.com,http://www.aljazeera.com/news/middleeast/2013/06/201362723514762672.html
2013-06-28,23:42:13,1h90i6,195,Kevin Rudd becomes first Australian prime minister to support gay marriage.,telegraph.co.uk,http://www.telegraph.co.uk/news/worldnews/australiaandthepacific/australia/10147708/Kevin-Rudd-becomes-first-Australian-prime-minister-to-support-gay-marriage.html
2013-06-28,11:23:27,1h80gc,182,Cambodian orphans donate to help Alberta flood victims,theprovince.com,http://www.theprovince.com/news/Cambodian+orphans+donate+help+Alberta+flood+victims/8584043/story.html
2013-06-28,10:33:37,1h7wwu,158,Kim Jung Un wants his army to build A Tourist beach resort,telegraph.co.uk,http://www.telegraph.co.uk/news/worldnews/asia/northkorea/10145092/North-Korean-leader-Kim-Jong-un-orders-the-creation-of-nations-first-beach-resort.html
2013-06-28,14:53:11,1h8e3d,139,"French aid worker Pierre Borghi spent four months in shackles, imprisoned by the Taliban in a hole in the ground. But an opportunity to escape eventually came his way, thanks in part to the weight he had lost on the ""Taliban diet"".",bbc.co.uk,http://www.bbc.co.uk/news/magazine-23079447
2013-06-28,16:10:25,1h8hnj,142,A German court on Thursday rejected a journalist's request to force the country's foreign intelligence service to release all its files on the top Nazi war criminal Adolf Eichmann and on how long its spies knew he was hiding out in Argentina.,thelocal.de,http://www.thelocal.de/national/20130628-50563.html
2013-06-28,03:04:57,1h6y57,130,Oxford grooming gang: We will regret ignoring Asian thugs who target white girls,telegraph.co.uk,http://www.telegraph.co.uk/news/uknews/crime/10060570/Oxford-grooming-gang-We-will-regret-ignoring-Asian-thugs-who-target-white-girls.html
2013-06-28,11:25:00,1h80k3,89,"Restricted web access to The Guardian (who broke the Snowden story) is Armywide, officials say",montereyherald.com,http://www.montereyherald.com/local/ci_23554739/restricted-web-access-guardian-is-army-wide-officials
2013-06-28,09:05:05,1h7qqt,55,Voyager surfs Solar System's edge,bbc.co.uk,http://www.bbc.co.uk/news/science-environment-23075332
2013-06-28,20:52:29,1h8r5i,56,"Ecuador government thumbs nose at US trade deal, offers $23 million per year to pay for human rights training in America in response to pressure over asylum for former intelligence contractor Edward Snowden.",reuters.com,http://www.reuters.com/article/2013/06/27/usa-security-ecuador-idUSL2N0F30E520130627
2013-06-28,07:27:35,1h7joq,50,"From colonialism to ""kill the gays"": The surprisingly recent roots of homophobia in once-tolerant Africa",washingtonpost.com,http://www.washingtonpost.com/blogs/worldviews/wp/2013/06/27/from-colonialism-to-kill-the-gays-the-surprisingly-recent-roots-of-homophobia-in-africa/
2013-06-28,03:13:24,1h6yuf,53,"GMO agriculture definitely does not increase yield, nor does it reduce pesticide use--reality-based assertion",alternet.org,http://www.alternet.org/food/why-monsanto-wrong-about-gm-crop-promises?paging=off
2013-06-28,20:33:05,1h8qi9,51,‘Hell to pay:’ Residents angry as RCMP sieze guns from High River homes,calgaryherald.com,http://www.calgaryherald.com/news/alberta/RCMP+seized+High+River+firearms+from+homes+control/8588851/story.html
