2013-11-15,01:40:24,1qml3z,3707,'What's it like working with Mexican drug cartels?' Banking giant JPMorgan cancels Twitter Q&A after thousands of abusive tweets,dailymail.co.uk,http://www.dailymail.co.uk/news/article-2507113/JPMorgan-forced-cancel-Twitter-Q-A-barrage-abuse.html
2013-11-15,18:59:34,1qonvc,2939,"The world's oceans are becoming acidic at an ""unprecedented rate"" and may be souring more rapidly than at any time in the past 300 million years",bbc.co.uk,http://www.bbc.co.uk/news/science-environment-24904143
2013-11-15,08:37:24,1qnn09,2048,China's aid to Philippines dwarfed by Ikea - China is the world's second largest economy and closer to the Philippines than other major donors. Yet the $1.6 million in aid it pledged was less than the check written by Swedish furniture store Ikea.,usatoday.com,http://www.usatoday.com/story/news/world/2013/11/14/china-typhoon-haiyan-aid/3529729/
2013-11-15,21:29:48,1qou10,1162,NSA files: New York Times defends the Guardian's Snowden leaks.,theguardian.com,http://www.theguardian.com/world/2013/nov/15/nsa-files-new-york-times-defends-the-guardian-over-snowden-leaks-live-updates
2013-11-15,08:47:46,1qnnsw,961,"Councils in Britain to be given powers to ban peaceful protests that might disturb local residents - Anger mounts at ‘shockingly open-ended’ Anti-social Behaviour, Crime and Policing Bill that could also see youngsters banned from skateboarding, forbid teenagers from using local parks",independent.co.uk,http://www.independent.co.uk/news/uk/politics/councils-to-be-given-powers-to-ban-peaceful-protests-that-might-disturb-local-residents-8940535.html
2013-11-15,13:15:17,1qo8ia,820,Embarrassment after embarrassment for Australia at Warsaw climate change meeting,theconversation.com,http://theconversation.com/australia-makes-a-bad-start-at-warsaw-climate-change-meeting-20190
2013-11-15,10:15:16,1qnuvt,766,The Central Intelligence Agency is secretly collecting bulk records of international money transfers handled by companies like Western Union — including transactions into and out of the United States,nytimes.com,http://www.nytimes.com/2013/11/15/us/cia-collecting-data-on-international-money-transfers-officials-say.html
2013-11-15,01:11:07,1qmiha,744,Al-Qaeda-linked rebels apologise after cutting off head of wrong person,telegraph.co.uk,http://www.telegraph.co.uk/news/worldnews/middleeast/syria/10449815/Al-Qaeda-linked-rebels-apologise-after-cutting-off-head-of-wrong-person.html
2013-11-15,04:55:53,1qn350,676,The Most Nefarious Part Of The TPP Proposal: Making Copyright Reform Impossible,techdirt.com,http://www.techdirt.com/articles/20131113/18484525235/most-nefarious-part-tpp-proposal-making-copyright-reform-impossible.shtml
2013-11-15,09:33:39,1qnrgu,647,"JPMorgan allegedly paid $80,000 a month to Wen Jiabao's daughter",smh.com.au,http://www.smh.com.au/business/china/jpmorgan-allegedly-paid-80000-a-month-to-wen-jiabaos-daughter-20131115-2xket.html
2013-11-15,01:18:05,1qmj36,560,Bangladeshi Garment Workers win a 77% pay rise following a four day shutdown of hundreds of factories and a series of violent confrontations involving tens of thousands.,libcom.org,http://libcom.org/blog/bangladeshi-garment-workers-win-77-pay-rise-14112013
2013-11-15,05:10:35,1qn4hw,503,"Forest change mapped by Google Earth - From 2010 to 2012, the Earth lost a combined ""forest"" the size of Mongolia, enough trees to cover the UK six times.",bbc.co.uk,http://www.bbc.co.uk/news/science-environment-24934790
2013-11-15,20:19:41,1qoqs9,369,China plans to loosen one-child policy and abolish labour camps.,theguardian.com,http://www.theguardian.com/world/2013/nov/15/china-one-child-policy-abolish-labour-camps/
2013-11-15,00:09:38,1qmd0w,324,A French footballer has been held against his will in Qatar for two years due to controversial labour laws - he has now written to former World Cup 2022 ambassadors Zinedine Zidane and Pep Guardiola to ask for their help,theguardian.com,http://www.theguardian.com/football/2013/nov/14/zahir-belounis-letter-pep-guardiola-zinedine-zidane-qatar-trapped
2013-11-15,23:58:31,1qp3ps,315,"Mexico’s meth country is totally tweaking out. In Michoacan’s meth heartland, a drug gang has gone medieval, militias are up in arms, and the government has put boots on the ground.",globalpost.com,http://www.globalpost.com/dispatch/news/regions/americas/mexico/131114/tierra-caliente-michoacan-meth-knights-templar
2013-11-15,14:48:01,1qoe7e,261,"Oslo Hells Angels invite locals into clubhouse for mulled wine and ginger biscuits. ""You will have the opportunity to look around, and since it's Christmas, we will probably serve mulled wine and ginger biscuits too,"" says Rune Olsgaard, the group's spokesman",thelocal.no,http://www.thelocal.no/20131114/hells-angels-offer-mulled-wine-and-ginger-biscuits
2013-11-15,01:48:38,1qmlry,259,Germany flies 70 tonnes of aid to Philippines,thelocal.de,http://www.thelocal.de/20131113/germany-sends-water-treatment-plants-to-philippines
2013-11-15,20:23:54,1qoqxz,253,"NY Court Rules Ancient Gold Tablet Belongs to Berlin, not Holocaust Survivor’s Heirs - Assyrian tablet found in Iraq by German archaeologists went on display in 1934 & disappeared at start of WWII. Holocaust survivor says he traded cigarettes for it with a Russian soldier.",washingtonpost.com,http://www.washingtonpost.com/national/ny-court-rules-ancient-gold-tablet-belongs-to-berlin-museum-not-holocaust-survivors-heirs/2013/11/14/dd8b3482-4d3f-11e3-bf60-c1ca136ae14a_story.html
2013-11-15,10:02:31,1qntub,144,"A Pacifist at War: In the embattled region of eastern Congo, the United Nations is deploying a real combat brigade for the first time. It's being led by a German pacifist who believes peacekeeping sometimes requires the use of military force. His approach appears to be working",spiegel.de,http://www.spiegel.de/international/world/german-pacifist-leads-un-force-in-congo-a-933381.html
2013-11-15,08:41:30,1qnnaz,136,"A Green Pope? Pope to write encyclical (doctrinal statement) about ""nature, humans and environmental pollution"", appears in photo holding item with anti-fracking statement",progressive.org,http://www.progressive.org/did-pope-francis-just-come-out-against-fracking
2013-11-15,01:43:08,1qmlc3,135,Fukushima: 8 news cases of children with thyroid cancer in last two months. Now 59 cases. Schools using Water Bottles to Shield Students,headlines.yahoo.co.jp,http://headlines.yahoo.co.jp/hl?a=20131113-00010015-minyu-l07
2013-11-15,21:30:56,1qou37,128,"A BBC investigation has revealed concerns that young girls are being brought to Scotland to undergo female genital mutilation (FGM) because the country is seen as a ""soft touch"".",bbc.co.uk,http://www.bbc.co.uk/news/uk-scotland-24915967
2013-11-15,22:14:28,1qowhi,108,CIA spills Camp David secrets on 1978 Egyptian-Israeli agreement - Declassified documents reveal how US intelligence helped Jimmy Carter strike a Middle Eastern bargain,theguardian.com,http://www.theguardian.com/world/on-the-middle-east/2013/nov/15/egypt-israel-carter-cia
2013-11-15,12:30:09,1qo5gr,86,"First ever American ballerina to join the Bolshoi has quit, accusing the theater of extortion",world.time.com,http://world.time.com/2013/11/13/american-ballerina-quits-bolshoi-accuses-theater-of-extortion/
2013-11-15,17:47:02,1qolgu,73,Germany: Ally and Accomplice in U.S. Secret ‘War on Terror’,international.sueddeutsche.de,http://international.sueddeutsche.de/post/67044574634/germany-ally-and-accomplice-in-u-s-war-on-terror
2013-11-15,00:40:10,1qmfsk,72,The world’s most dangerous country is up to 20 murders a day: A United Nations report highlights Latin America’s problem with violence. It was the only region where homicides overall increased between 2000 and 2010. But one country has it especially bad: Honduras.,qz.com,http://qz.com/146947/the-worlds-most-murderous-country-is-up-to-20-murders-a-day/
2013-11-15,21:03:11,1qosq9,54,Artist who nailed scrotum to Red Square is charged with hooliganism. Petr Pavlensky could face fine or jail term after being charged under same law as Pussy Riot protesters.,theguardian.com,http://www.theguardian.com/world/2013/nov/15/artist-scrotum-red-square-charged-hooliganism-petr-pavlensky
2013-11-15,01:06:50,1qmi3h,53,"Toronto mayor, Rob Ford - “It says I wanted to eat her pussy and I have never said that in my life to her. I would never do that. I’m happily married and I’ve got more than enough to eat at home,”",m.thespec.com,http://m.thespec.com/news-story/4216362-update-ford-vows-to-sue-stuns-city-with-oral-sex-comment/
2013-11-15,16:23:33,1qoijg,45,"Torture inquiry 'finds UK intelligence officers knew of mistreatment' - Gibson report, published next week, reportedly calls for further investigation of how far British ministers were responsible",theguardian.com,http://www.theguardian.com/law/2013/nov/14/torture-inquiry-gibson-report-intelligence-detainees
2013-11-15,10:01:31,1qntrh,37,Some European Prisons Are Shrinking And Closing—What Can America Learn?,takepart.com,http://www.takepart.com/article/2013/11/14/some-european-prisons-are-shrinking-and-closing-what-can-america-learn
