2013-12-03,00:41:13,1rx3u4,5386,Police kill someone in Iceland.. for the first time ever.,bbc.co.uk,http://www.bbc.co.uk/news/world-europe-25190119#TWEET972719
2013-12-03,11:25:35,1ryrwj,4458,"Pope Francis secretly sneaks out at night to help the homeless, source says",huffingtonpost.com,http://www.huffingtonpost.com/2013/12/02/pope-francis-homeless_n_4373884.html
2013-12-03,19:15:44,1rzj65,3741,"An entire village is sealed off by gendarmes and riot police in the middle of the night, some peasants taken to the police station, so that Chevron can start drilling for shale gas, in spite of fierce local opposition",nineoclock.ro,http://www.nineoclock.ro/pungesti-road-blocked-chevron-equipment-starts-working/
2013-12-03,05:20:17,1rxtzs,1434,Stephen Hawking: NHS is Britain's finest public service and must be preserved from commercial interests,independent.co.uk,http://www.independent.co.uk/life-style/health-and-families/health-news/stephen-hawking-nhs-is-britains-finest-public-service-and-must-be-preserved-from-commercial-interests-8978361.html
2013-12-03,10:28:33,1rymge,978,"1,200-year-old Malaysian temple ruin razed by developer clearing land for a residential housing project",stream.aljazeera.com,http://stream.aljazeera.com/story/201312022044-0023225
2013-12-03,09:53:13,1ryj7r,767,Spain And Japan Move To Criminalize Protests,zerohedge.com,http://www.zerohedge.com/news/2013-12-02/war-democracy-spain-and-japan-move-criminalize-protests
2013-12-03,21:15:41,1rzobp,593,UK politician who made speech implying rich people have higher IQs answers IQ test questions incorrectly on live radio,theguardian.com,http://www.theguardian.com/politics/2013/dec/03/boris-johnson-fails-live-iq-test
2013-12-03,17:10:40,1rzejv,544,"North Korea's second-most-powerful man and husband of Kim Jong-il's sister, Jang Seong-taek, has suddenly been relieved of all posts. His two absolute closest associates were publicly executed last month, and other officials associated with him have likewise been recently purged, according to NIS.",reuters.com,http://www.reuters.com/article/2013/12/03/us-korea-north-jang-idUSBRE9B207Q20131203
2013-12-03,06:12:38,1rxzb8,515,Anti-gay Russian group upload video of them physically abusing and humiliating former X Factor contestant,lgbtqnation.com,http://www.lgbtqnation.com/2013/12/former-x-factor-contestant-terrorized-by-russian-anti-gay-extremists/#.Up0Cj8tdW-0
2013-12-03,01:10:16,1rx69h,503,"Are you one of the 700,000 people on the U.S. government terrorist watch list? - Landmark Case Goes to Trial over Massive U.S. Terrorism ""No-Fly"" Database",democracynow.org,http://www.democracynow.org/2013/12/2/watching_the_watch_list_landmark_case
2013-12-03,02:13:26,1rxbub,353,Ukraine's crisis is getting so serious that protesters in Kiev charged police with a bulldozer,washingtonpost.com,http://www.washingtonpost.com/blogs/worldviews/wp/2013/12/02/ukraines-crisis-is-getting-so-serious-that-protesters-used-a-bulldozer-against-police/
2013-12-03,02:56:55,1rxftm,320,Hong Kong confirms first human case of bird flu,reuters.com,http://www.reuters.com/article/2013/12/02/us-hongkong-birdflu-idUSBRE9B10MA20131202?feedType=RSS
2013-12-03,21:32:46,1rzp64,308,BP wins U.S. appeals court reprieve over some Gulf spill payments,uk.reuters.com,http://uk.reuters.com/article/2013/12/03/us-bpspill-ruling-idUKBRE9B204I20131203
2013-12-03,21:34:49,1rzp9x,284,Guantánamo Bay detainees claim Poland allowed CIA torture,theguardian.com,http://www.theguardian.com/world/2013/dec/03/guantanamo-cia-rendition-torture-poland
2013-12-03,21:29:52,1rzp1f,234,Guardian Australia fiercely defends its reporting on spy agencies | World news,theguardian.com,http://www.theguardian.com/world/2013/dec/03/guardian-australia-defends-reporting-spy-agencies
2013-12-03,22:33:15,1rzspw,222,Zimbabwe gives Chinese man $150 fine for $320 worth of ivory,timeslive.co.za,http://www.timeslive.co.za/scitech/2013/12/03/zimbabwe-gives-chinese-man-150-fine-for-320-worth-of-ivory
2013-12-03,18:05:06,1rzgir,172,Yuan Passes Euro as Second-Most Used Trade-Finance Currency,bloomberg.com,http://www.bloomberg.com/news/2013-12-03/yuan-passes-euro-to-be-second-most-used-trade-finance-currency.html
2013-12-03,16:06:25,1rzbug,171,"Tim Berners-Lee: Spies' cracking of encryption undermines the web - World wide web inventor dismayed about US and UK attempts to undermine privacy and security, revealed by Edward Snowden",theguardian.com,http://www.theguardian.com/technology/2013/dec/03/tim-berners-lee-spies-cracking-encryption-web-snowden
2013-12-03,08:37:58,1ryccb,162,Dredging set to swamp decades of Great Barrier Reef protection,theconversation.com,http://theconversation.com/dredging-set-to-swamp-decades-of-great-barrier-reef-protection-20442
2013-12-03,20:14:01,1rzlka,157,"The Spanish region of Catalonia wants to revoke the driving licenses of drug addicts, alcoholics and people with mental disorders to avoid other people's lives being put at risk.",thelocal.es,http://www.thelocal.es/20131203/drug-addicts-to-lose-licenses-in-catalonia
2013-12-03,02:48:24,1rxf1r,146,"BBC News - Ukraine PM says he ""sees all signs of a coup"" as protesters fill square in Kiev",bbc.co.uk,http://www.bbc.co.uk/news/world-europe-25192792
2013-12-03,10:24:58,1rym3y,153,US singer and song writer Bob Dylan has been placed under judicial investigation in France for allegedly provoking ethnic hatred of Croats,bbc.co.uk,http://www.bbc.co.uk/news/world-europe-25195335
2013-12-03,02:42:45,1rxejc,147,"The UN's senior counter-terrorism official is to launch an investigation into the surveillance powers of American and British intelligence agencies following Edward Snowden's revelations that they are using secret programmes to store and analyse billions of emails, phone calls and text messages.",theguardian.com,http://www.theguardian.com/world/2013/dec/02/edward-snowden-un-investigation-surveillance
2013-12-03,16:46:31,1rzdle,146,"Australian Security service, ASIO has raided Canberra office of lawyer representing East Timor in its case about to be heard in The Hague accusing Australia of spying during delicate oil-and-gas negotiations",abc.net.au,http://abc.net.au/news/2013-12-03/asio-raided-lawyer-representing-east-timor-in-spying-case/5132486
2013-12-03,16:30:15,1rzcwd,141,Mexico: Thousands Protests Against Oil Industry Privatisation,argentinaindependent.com,http://www.argentinaindependent.com/currentaffairs/mexico-protests-against-reforms-on-presidents-first-anniversary/
2013-12-03,05:25:13,1rxuho,132,United Nations counterterrorism official launches investigation into NSA & GCHQ surveillance,theverge.com,http://www.theverge.com/2013/12/2/5167014/un-launching-investigation-into-nsa-gchq-surveillance-ben-emmerson
2013-12-03,17:44:40,1rzfum,132,Russia Implements Sanctions Against North Korea,themoscowtimes.com,http://www.themoscowtimes.com/news/article/russia-implements-sanctions-against-north-korea/490751.html
2013-12-03,10:14:29,1ryl65,121,Pakistani party outs suspected CIA station chief in fury at drone strike,in.reuters.com,http://in.reuters.com/article/2013/11/27/pakistan-cia-idINL4N0JC2XA20131127?utm_source=Sailthru&utm_medium=email&utm_term=*AfPak%20Daily%20Brief&utm_campaign=South%20Asia%20Daily%20Brief%2012-2-13
2013-12-03,00:08:53,1rx13a,99,Hundreds of Thousands of Protesters Are Trying to Take Over Kiev,vice.com,http://www.vice.com/read/kiev-ukraine-independence-square-protests-violence
2013-12-03,10:31:09,1rymq0,93,An Israeli army general says Hamas is stopping attacks against Israel and even ‘keeps the peace’ when the IDF operates along the border.,972mag.com,http://972mag.com/head-of-idfs-gaza-command-hamas-is-the-new-policeman-in-gaza/82895/
