2013-09-18,18:42:10,1mmsqd,5167,"Child beauty contests have been banned in France to stop ""hyper-sexualisation"" of young girls. Two years in prison for anyone who tries to organise a pageant.",thelocal.fr,http://www.thelocal.fr/20130918/french-senate-bans-child-beauty-contests
2013-09-18,01:06:03,1mkv3k,2817,"Brazilian President Dilma Rousseff cancels october state dinner in US over NSA spying and plans speech on the United Nations ""to emphasize the need to maintain the neutrality of the internet and the prohibition of using it for espionage""",google.com,http://www.google.com/translate?hl=en&ie=UTF8&sl=pt&tl=en&u=http%3A%2F%2Foglobo.globo.com%2Fpais%2Fdilma-decide-que-nao-vai-viajar-para-os-estados-unidos-9997321
2013-09-18,00:26:09,1mks1n,2750,Professor Stephen Hawking backs assisted suicide,telegraph.co.uk,http://www.telegraph.co.uk/science/10315476/Professor-Stephen-Hawking-backs-assisted-suicide.html
2013-09-18,05:41:50,1mlh5c,1667,U.S. to seize Manhattan skyscraper secretly owned by Iran,money.cnn.com,http://money.cnn.com/2013/09/17/news/economy/iran-building/index.html
2013-09-18,09:32:29,1mlz6q,1633,13-year-old Indian girl begins microbiology master's degree,news.msn.com,http://news.msn.com/world/13-year-old-indian-girl-begins-microbiology-masters?ocid=tbmsnnews/tumblr
2013-09-18,02:49:36,1ml371,1066,"NYT editor on story about NSA giving all its data on Americans to Israel: ""I didn’t think it was a significant or surprising story""",publiceditor.blogs.nytimes.com,http://publiceditor.blogs.nytimes.com/2013/09/16/guardian-story-on-israel-and-n-s-a-is-not-surprising-enough-to-cover
2013-09-18,09:49:03,1mm0ca,981,An Indian minister jumps into a cold lake along with his guards and saves a family of six trapped in a sinking car,timesofindia.indiatimes.com,http://timesofindia.indiatimes.com/india/Karnataka-minister-staff-jump-into-lake-save-6-from-sinking-car/articleshow/22671954.cms
2013-09-18,01:26:46,1mkwoj,860,French citizen arrested in Cairo just for breaking the curfew is then beaten to death by his cell mates,thelocal.fr,http://www.thelocal.fr/20130917/french-citizen-beaten-to-death-in-cairo-jail-cell
2013-09-18,17:52:57,1mmr2i,575,David Attenborough: Sending food to famine-ridden countries is 'barmy'. Veteran broadcaster has called for a debate on population control,independent.co.uk,http://www.independent.co.uk/news/uk/home-news/david-attenborough-sending-food-to-famineridden-countries-is-barmy-8823602.html
2013-09-18,10:13:29,1mm22x,526,Half The World's Richest Women Are Chinese,zerohedge.com,http://www.zerohedge.com/news/2013-09-17/half-worlds-richest-women-are-chinese
2013-09-18,19:41:42,1mmuse,513,"European Parliamentarians Call for SWIFT Suspension ""Revelations the US is spying on international bank transfers has angered European parliamentarians. Some are calling for the suspension of the SWIFT deal between the EU and US. 'Washington must make clear where it stands,' says one.""",spiegel.de,http://www.spiegel.de/international/europe/nsa-spying-european-parliamentarians-call-for-swift-suspension-a-922920.html#ref=rss
2013-09-18,11:52:47,1mm9d1,429,"Facebook apologizes for dating site ad with photo of Rehtaeh Parsons with ""meet Canadian girls and women for dating, friendship and relationships."" Parsons killed herself after being sexually assaulted then subsequently bullied on Facebook.",vancouversun.com,http://www.vancouversun.com/news/Facebook+apologizes+dating+website+featuring+photo+Rehtaeh/8925060/story.html
2013-09-18,23:00:51,1mn4sh,407,"A German neo-nazi party has sparked outrage by sending mock one-way airline tickets to politicians with migrant roots, urging them to ""go home""",thelocal.de,http://www.thelocal.de/national/20130917-51963.html
2013-09-18,07:25:59,1mlpil,289,"Brazilian Press Assoc gives Intl Human Rights Prize to Assange, Snowden, Manning, Glenn Greenwald, Swartz & Vanunu",diretodaredacao.com,http://www.diretodaredacao.com/noticia/brasil-homenageia-seis-cidadaos-do-mundo
2013-09-18,23:08:53,1mn5cg,277,"Passenger train collides with bus in Canada's capital Ottawa, at least five people killed",globalnews.ca,http://globalnews.ca/news/847798/at-least-5-dead-after-via-rail-train-city-bus-collide-in-ottawa/
2013-09-18,23:36:34,1mn78y,270,N. Korea in grip of 'ice' plague: new report claims drug producers are finding a ready market closer to home and that as many as two-thirds of North Koreans have used methamphetamines,cnn.com,http://www.cnn.com/2013/08/30/world/asia/north-korea-drugs/index.html
2013-09-18,22:53:20,1mn49j,248,22 Tons of Fake Beef Seized in China,firstwefeast.com,http://firstwefeast.com/eat/20000-kilos-of-fake-beef-seized-in-xian-china/
2013-09-18,12:32:23,1mmc3i,212,400 Richest Americans Worth More Than GDP of Canada or Mexico,portside.org,http://portside.org/2013-09-17/400-richest-americans-worth-more-gdp-canada-or-mexico
2013-09-18,11:47:17,1mm8yi,203,US can access NZ fingerprint info. in new deal.,stuff.co.nz,http://www.stuff.co.nz/national/crime/9180359/US-can-access-NZ-fingerprint-info
2013-09-18,05:26:56,1mlfwa,190,"Since 1990-91, Australians have enjoyed the longest period of economic expansion unbroken by recession of any developed country ever. That expansion may be coming to an end.",economist.com,http://www.economist.com/news/asia/21586340-tony-abbotts-remarkable-progression-junkyard-dog-prime-minister-enter-mad-monk
2013-09-18,12:21:43,1mmbem,169,"King Willem-Alexander delivered a message to the Dutch people from the government Tuesday in a nationally televised address: the welfare state of the 20th century is gone. In its place a ""participation society"" is emerging, in which people must take responsibility for their own future.",hosted.ap.org,http://hosted.ap.org/dynamic/stories/E/EU_NETHERLANDS_BUDGET?SITE=RIPAW&SECTION=HOME&TEMPLATE=DEFAULT
2013-09-18,23:32:00,1mn6xe,163,"Soldiers are developing relationships with their battlefield robots, naming them, assigning genders, and even holding funerals when they are destroyed.",pbs.org,http://www.pbs.org/newshour/rundown/2013/09/empathy-for-military-robots-could-affect-outcomes-on-the-battlefield.html
2013-09-18,19:07:25,1mmtly,125,14-year-old rape victim commits suicide in India after being pressured to marry her alleged rapist,dnaindia.com,http://www.dnaindia.com/india/1890635/report-14-year-old-rape-victim-commits-suicide-in-jharkhand
2013-09-18,08:04:23,1mlsj3,89,"Defense Analyst Report: Al-Qaeda-Type, Jihadists Make Up Half of Syrian Rebels",thestateweekly.com,http://thestateweekly.com/defense-analyst-report-al-qaeda-type-jihadists-make-up-half-of-syrian-rebels/
2013-09-18,22:23:48,1mn2ct,86,Two guard dogs that protected Prince William on RAF duty are destroyed days after he quits service because they could not be redeployed or re-homed,dailymail.co.uk,http://www.dailymail.co.uk/news/article-2424123/Two-guard-dogs-protected-Prince-William-RAF-duty-destroyed-days-quits-service-redeployed-homed.html
2013-09-18,21:38:59,1mmzpc,89,"Indian police arrest man for drinking tea in a ""suspicious"" manner",google.com,http://www.google.com/hostednews/afp/article/ALeqM5jidFVvsrsvmfVB3ytECBwcB-jWDg?docId=CNG.cd73c01e8f035fbcc9e3c025f1c49406.91
2013-09-18,18:02:09,1mmrcs,75,New ultra-conservative Catholic prime minister of Australia assigns the women's issues portfolio to himself...,theguardian.com,http://www.theguardian.com/world/2013/sep/18/tony-abbott-womens-minister-portfolio
2013-09-18,00:03:19,1mkqdj,74,Berlusconi sentenced to pay 500.000.000 € restitution for illegally acquiring the publishing house Mondadori,repubblica.it,http://www.repubblica.it/economia/2013/09/17/news/sentenza_cir_mondadori-66731259/?ref=HREA-1
2013-09-18,00:58:51,1mkuk7,63,Large Meteor May have just hit Tunisia,tunisienumerique.com,http://www.tunisienumerique.com/chute-dun-meteorite-dans-le-sud-tunisien/192777
2013-09-18,03:04:47,1ml4e6,60,Brazil president postpones visit to Washington over US spying,rt.com,http://rt.com/news/brazil-postpone-president-visit-us-984/
