2013-04-03,01:39:42,1biveq,3037,North Korea via Instagram,storify.com,http://storify.com/theglobeandmail/north-korea-via-instagram?utm_source=embed_header
2013-04-03,10:34:15,1bk3k0,2608,"""North Koreans are not getting any information from the outside world. They think they will win if a war breaks out.""",edition.cnn.com,http://edition.cnn.com/2013/04/01/world/asia/north-korea-defectors/index.html
2013-04-03,04:31:31,1bj9sf,2451,"Saudi Arabia will now let women ride bicycles, but only for fun, not for transportation.",theatlanticcities.com,http://www.theatlanticcities.com/politics/2013/04/saudi-arabia-will-let-women-ride-bicycles-only-fun/5166/#.UVswLMqxFW0.facebook
2013-04-03,12:21:13,1bkc2y,2213,Brazilian men gangrape an American girl in a public bus while holding down her boyfriend and making him watch,sfgate.com,http://www.sfgate.com/news/crime/article/US-French-tourists-kidnapped-1-raped-in-Rio-4403161.php
2013-04-03,22:34:28,1bl3ky,2180,Russian billionaire plans to make humans immortal by 2045: A Russian billionaire has unveiled plans to make humans immortal by converting them into 'Terminator-style' cyborgs - a creature that's part human and part machine - within the next three decades.,hindustantimes.com,http://www.hindustantimes.com/HTNext/LifeAndUniverse/Russian-billionaire-plans-to-make-humans-immortal-by-2045/Article1-1036706.aspx
2013-04-03,22:56:32,1bl4yn,2066,Indian woman burns her ‘rapist’ to death,hindustantimes.com,http://www.hindustantimes.com/India-news/Patna/Bihar-woman-burns-her-rapist-to-death/Article1-1036745.aspx
2013-04-03,21:04:09,1bkz2v,2061,"""Gate to hell"" discovered by Italian scientists.",webpronews.com,http://www.webpronews.com/gate-to-hell-in-turkey-could-be-the-famed-plutos-gate-2013-04
2013-04-03,20:26:10,1bkxnt,1845,Sony makes more money selling life insurance than selling electronics.,m.bbc.co.uk,http://m.bbc.co.uk/news/world-asia-21992700
2013-04-03,19:50:13,1bkwfj,1737,"It's Believed China is Dramatically Under-Reporting Its Overseas Fishing Catch - Excessive catches by vessels from China threaten the livelihoods & ecosystems in West Africa, in particular",scientificamerican.com,http://www.scientificamerican.com/article.cfm?id=china-estimated-to-dramatically-underreport-its-overseas-fishing-catch
2013-04-03,11:07:38,1bk695,1657,"N. Korea only allowing S. Korean workers to leave Kaesong, banning entry",english.yonhapnews.co.kr,http://english.yonhapnews.co.kr/news/2013/04/03/0200000000AEN20130403005200315.HTML
2013-04-03,04:24:45,1bj96a,1570,Hungary is no longer a democracy,newstatesman.com,http://www.newstatesman.com/austerity-and-its-discontents/2013/04/hungary-no-longer-democracy
2013-04-03,02:09:07,1bixrx,717,U.S. sends in $900M anti-missile radar array as North Korea vows to fire up nuclear reactor,news.nationalpost.com,http://news.nationalpost.com/2013/04/02/u-s-sends-in-900m-anti-missile-radar-array-as-north-korea-vows-to-fire-up-nuclear-reactor/
2013-04-03,21:27:48,1bl04d,463,Spain's Princess Cristina has been summoned to appear in court over allegations that her husband misused millions of euros of public money.,bbc.co.uk,http://www.bbc.co.uk/news/world-europe-22016610
2013-04-03,23:26:34,1bl716,465,Amazon tribe threaten to go to war with Brazilian government after military incursion into their land by dam builders,guardian.co.uk,http://www.guardian.co.uk/environment/2013/apr/03/brazil-dam-activists-war-military
2013-04-03,20:22:25,1bkxjk,361,City plans to fight drug addiction with... marijuana,huffingtonpost.com,http://www.huffingtonpost.com/2013/04/02/colombia-marijuana-drug-addiction-bogota_n_3001668.html?ncid=edlinkusaolp00000003
2013-04-03,20:54:26,1bkyqb,324,New face-sized tarantula discovered in Sri Lanka - Scientists found the spiders -- with a leg span up to 8 inches across -- living in trees & the old doctor's quarters of a hospital.,wired.co.uk,http://www.wired.co.uk/news/archive/2013-04/3/giant-tarantula
2013-04-03,23:01:38,1bl5b4,311,"Bangladesh police have arrested three atheist bloggers for defaming Islam and the prophet Mohammed, amid demands from religious fundamentalists for an Internet crackdown.",channelnewsasia.com,http://www.channelnewsasia.com/news/asiapacific/bangladesh-arrests-three-atheist-blogger/624678.html
2013-04-03,02:10:38,1bixwh,261,Germany Doesn't Get Much Sun. How Did It Become a Leader in Solar Energy?,motherjones.com,http://www.motherjones.com/environment/2013/04/germany-solar-power-energy
2013-04-03,02:04:22,1bixdu,212,"""The Anonymous hacktivist collective announced that it's released sensitive data -- aka doxed -- the government of North Korea over its threat to restart a nuclear reactor in the country.""",informationweek.com,http://www.informationweek.com/security/attacks/anonymous-hits-north-korea-via-ddos/240152102
2013-04-03,08:18:36,1bjswb,210,"Double standard emerges in Brazil van gang rape investigation. The American victim of a Brazil gang rape saw two suspects arrested in her case within 24 hours. The same men allegedly raped a local woman a week prior, but her case saw little action from police.",csmonitor.com,http://www.csmonitor.com/World/Americas/2013/0402/Double-standard-emerges-in-Brazil-van-gang-rape-investigation
2013-04-03,22:45:21,1bl49p,207,Slain dictator Gaddafi’s only daughter booted from Algerian safe house for repeatedly setting it on fire,news.nationalpost.com,http://news.nationalpost.com/2013/04/03/slain-dictator-gaddafis-only-daughter-booted-from-algerian-safe-house-for-repeatedly-setting-it-on-fire/
2013-04-03,01:27:11,1biudq,176,Cyprus President's Family Transferred Tens Of Millions To London Days Before Deposit Haircuts,chasvoice.blogspot.com,http://chasvoice.blogspot.com/2013/03/cyprus-presidents-family-transferred.html
2013-04-03,14:06:14,1bkjcd,174,"Australia launches national child sex abuse inquiry: Australia has opened a national investigation into child sex abuse, with primte minister Julia Gillard warning of ""uncomfortable truths"" as institutions including schools and churches come under scrutiny",telegraph.co.uk,http://www.telegraph.co.uk/news/worldnews/australiaandthepacific/australia/9968189/Australia-launches-national-child-sex-abuse-inquiry.html
2013-04-03,23:26:45,1bl71s,141,"The American comedian Jon Stewart’s criticism of the Egyptian government briefly escalated into a diplomatic incident on Tuesday, as the United States Embassy in Cairo shared a link to a “Daily Show” segment on Twitter, causing the office of Egypt’s president to react with anger.",thelede.blogs.nytimes.com,http://thelede.blogs.nytimes.com/2013/04/02/egypt-and-u-s-argue-over-jon-stewart-americas-bassem-youssef/?ref=world
2013-04-03,13:00:40,1bkf21,114,Israel launches air raids on Gaza,aljazeera.com,http://www.aljazeera.com/news/middleeast/2013/04/201342224616528324.html
2013-04-03,09:27:52,1bjycw,116,South Korea says access to Kaesong industrial complex delayed,reuters.com,http://www.reuters.com/article/2013/04/03/us-korea-north-complex-idUSBRE93200F20130403
2013-04-03,12:35:21,1bkd4k,83,North Korea blocks South workers from Kaesong industrial zone,bbc.co.uk,http://www.bbc.co.uk/news/world-asia-22011207
2013-04-03,17:53:47,1bkst9,76,Mideast Conflict: Israeli Warplanes Strike Gaza Targets In Response To Rocket Fire,huffingtonpost.com,http://www.huffingtonpost.com/2013/04/03/mideast-conflict-israel-gaza-violence_n_3003558.html
2013-04-03,18:01:59,1bkt2q,78,"Thousands Protest the UK Government's Brutal Austerity - The Tory's regressive ""bedroom tax"" is hitting Britain's worst off harder than they've been in decades. The govt refers to the tax as an ""under-occupancy penalty,"" placing the onus on the poor.",thenation.com,http://www.thenation.com/blog/173602/thousands-protest-uk-governments-brutal-austerity#
2013-04-03,22:57:40,1bl51s,62,South Korea warns of military action to protect citizens remaining in Kaesong Industrial Complex blocked by North,m.ndtv.com,http://m.ndtv.com/article/world/south-korea-warns-of-military-action-to-protect-citizens-349507
