2013-12-10,21:11:09,1sjmgm,3335,Bill Clinton says security does not justify espionage,news.xinhuanet.com,http://news.xinhuanet.com/english/world/2013-12/10/c_132954580.htm
2013-12-10,19:50:59,1sjis9,2396,Snowden docs had NYTimes exec fearing for his life,money.cnn.com,http://money.cnn.com/2013/12/09/technology/security/snowden-new-york-times/
2013-12-10,18:17:20,1sjf7k,1585,"The latest annual figures available show that of the 706 rape cases filed in New Delhi in 2012, only one, the most famous, ended in conviction",theguardian.com,http://www.theguardian.com/world/2013/dec/10/delhi-rape-one-year-anything-changed-india-women?CMP=fb_gu
2013-12-10,20:14:41,1sjjrm,1526,"While the Harper government is preaching government austerity, it is spending almost $1.2 billion on a new spy palace - Ottawa headquarters for military spy agency. It's the most expensive Canadian government building ever constructed",cbc.ca,http://www.cbc.ca/news/politics/inside-canada-s-top-secret-billion-dollar-spy-palace-1.1930322
2013-12-10,23:44:06,1sjws9,1198,"Chinese citizens outraged after nationalist newspaper calls smog a ""national defense measure""",scmp.com,http://www.scmp.com/news/china/article/1376804/smog-it-bolsters-military-defence-says-chinese-nationalist-newspaper
2013-12-10,20:33:21,1sjkm3,689,Murdoch-owned newspaper the Sydney Sunday Telegraph hides phrase 'Murdoch is evil' in children's wordsearch puzzle,theguardian.com,http://www.theguardian.com/media/2013/dec/10/murdoch-is-evil-the-message-hidden-in-a-sunday-telegraph-childrens-puzzle
2013-12-10,22:50:58,1sjspm,502,"Female genital mutilation on the rise among Southeast Asian Muslims - More than 90 percent of women surveyed in Malaysia have been circumcised, and experts say increasing regional Islamic conservatism may be the reason why.",globalpost.com,http://www.globalpost.com/dispatches/globalpost-blogs/rights/female-genital-mutilation-southeast-asia-muslims
2013-12-10,16:15:05,1sja7s,431,Atheists face death in 13 Muslim countries,hindustantimes.com,http://www.hindustantimes.com/world-news/atheists-face-death-in-13-muslim-countries/article1-1161005.aspx
2013-12-10,11:46:23,1siqzl,416,"New record low temperature confirmed in Antarctica, –93.2 C (That's -minus 135.8 Fahrenheit)",cbc.ca,http://www.cbc.ca/news/technology/antarctica-sets-new-cold-weather-record-of-93-2-c-1.2457494
2013-12-10,05:05:56,1shooj,384,A world first - two openly gay men will lead a country (Luxemburg).,thenewcivilrightsmovement.com,http://thenewcivilrightsmovement.com/lets-cheer-our-own-a-world-first-two-openly-gay-men-will-lead-a-country/international/2013/12/05/79714#.UqYrpycSizz
2013-12-10,22:57:57,1sjt7b,374,"President Hamid Karzai says the U.S. is ""absolutely"" acting like a colonial power in its attempts to force him to sign the bilateral security agreement by the end of this year",hosted.ap.org,http://hosted.ap.org/dynamic/stories/E/EU_FRANCE_AFGHANISTAN?SITE=AP&SECTION=HOME&TEMPLATE=DEFAULT&CTIME=2013-12-10-08-12-47
2013-12-10,15:16:21,1sj76b,370,Wikileaks reveals failed plans to suppress anti-Keystone activists (sourced from Stratfor),salon.com,http://www.salon.com/2013/12/06/wikileaks_reveals_failed_plans_to_suppress_anti_keystone_activists/
2013-12-10,13:26:43,1sizmn,358,BBC News - Sir Ian McKellen 'advised not to go to Russia',bbc.co.uk,http://www.bbc.co.uk/news/entertainment-arts-25307240
2013-12-10,19:42:05,1sjiey,329,Obama shakes hands with Cuba's Raul Castro,itv.com,http://www.itv.com/news/update/2013-12-10/obama-shakes-hands-with-his-cubas-raul-castro/
2013-12-10,09:15:00,1sicug,317,"State surveillance of personal data is theft, say world's leading authors",theguardian.com,http://www.theguardian.com/world/2013/dec/10/surveillance-theft-worlds-leading-authors
2013-12-10,10:18:30,1siir2,300,"Australian paedophile Peter Truong, who bought a newborn boy for $US8000 and then allowed men around the world to be abuse the child, has been sentenced in a US court to 30 years' jail. Truong's partner was jailed in June for 40 years.",theage.com.au,http://www.theage.com.au/world/queensland-paedophile-peter-truong-gets-30-years-in-us-20131210-hv50w.html
2013-12-10,16:40:08,1sjbde,283,"State surveillance of personal data is theft, say world's leading authors",theguardian.com,http://www.theguardian.com/world/2013/dec/10/surveillance-theft-worlds-leading-authors?CMP=twt_gu
2013-12-10,18:31:31,1sjfry,250,Ikea stores in Hong Kong have unexpectedly sold out of a stuffed toy wolf after it became the symbol of opposition to the city's unpopular government,thelocal.se,http://www.thelocal.se/20131210/ikea-stuffed-wolf-sells-out-amid-hong-kong-fury
2013-12-10,10:05:13,1sihhg,237,"Dismantling of Fishery Library 'Like a Book Burning,' Say Scientists: Harper government shuts down 'world class' collection on freshwater science and protection.",thetyee.ca,http://thetyee.ca/News/2013/12/09/Dismantling-Fishery-Library/
2013-12-10,04:30:39,1shl7e,215,"Israel, Jordan and the Palestinian Authority are expected to sign a water agreement aimed at saving the rapidly drying Dead Sea,The agreement will build a pipeline to carry water from the Red Sea to the Dead Sea and provide drinking water to the region.",bbc.co.uk,http://www.bbc.co.uk/news/world-middle-east-25308701
2013-12-10,20:20:12,1sjk0l,203,Australian police to adopt technology capable of collecting emails - Controversial ‘deep packet inspection’ system used by NSA for surveillance to be rolled out by AFP next year,theguardian.com,http://www.theguardian.com/world/2013/dec/10/australian-police-to-adopt-technology-capable-of-collecting-emails
2013-12-10,11:42:44,1siqo2,170,"The U.K. is aiming to broker a deal between the U.S. and China to support a multinational manned mission to Mars, according to Science Minister David Willetts.",bloomberg.com,http://www.bloomberg.com/news/2013-12-10/u-k-seeks-to-broker-joint-u-s-chinese-manned-mission-to-mars.html
2013-12-10,21:49:26,1sjoj0,166,Israel approves detention without charges for African migrants,ca.reuters.com,http://ca.reuters.com/article/topNews/idCABRE9B90F320131210?sp=true
2013-12-10,11:44:51,1siquf,143,Canada to claim north pole as its own - UN submission will seek to redefine Canada's continental shelf to capture more Arctic oil and gas resources.,theguardian.com,http://www.theguardian.com/world/2013/dec/10/canada-north-pole-claim?CMP=twt_fd
2013-12-10,06:18:04,1shw12,141,560 Authors from 83 Countries Issue International Appeal Against Mass Surveillance,thedailystar.net,http://www.thedailystar.net/beta2/news/intl-call-for-democracy-in-digital-age/
2013-12-10,00:56:36,1sh0zc,119,Record outdoor radiation level that ‘can kill in 20 min’ detected at Fukushima,rt.com,http://rt.com/news/fukushima-radiation-record-outdoor-912/
2013-12-10,16:19:47,1sjafv,107,Two French soldiers killed in Central African Republic,france24.com,http://www.france24.com/en/breaking/20131210-two-french-soldiers-killed-central-african-republic?ns_campaign=breaking_news&ns_source=twitter&ns_mchannel=reseaux_sociaux&ns_fee=0&ns_linkname=breaking_20131210_two_french_soldiers_killed_central_african
2013-12-10,20:47:34,1sjlay,93,Raul Castro and Barack Obama shake hands at Mandela memorial,theguardian.com,http://www.theguardian.com/world/2013/dec/10/castro-obama-shake-hands-mandela-memorial
2013-12-10,07:54:23,1si5do,82,Toronto police officer sentenced to 45 days prison for 2010 G20 assault,news.nationalpost.com,http://news.nationalpost.com/2013/12/09/toronto-police-officer-sentenced-to-45-days-prison-for-2010-g20-assault-of-adam-nobody/
2013-12-10,08:12:40,1si758,66,Israeli cabinet likely to scrap controversial Bedouin relocation plan,haaretz.com,http://www.haaretz.com/news/national/1.562625
