2013-11-06,10:51:45,1pzziz,3241,The Indian Mars Mission cost $73 million which is less than the production budget for the movie Gravity ($105 million),timesofindia.indiatimes.com,http://timesofindia.indiatimes.com/india/Indias-Mars-mission-All-you-need-to-know/articleshow/25270887.cms
2013-11-06,01:28:02,1pymdw,2946,Toronto Mayor Rob Ford admits to smoking crack-cocaine.,cp24.com,http://www.cp24.com/news/rob-ford-i-have-smoked-crack-cocaine-1.1528826
2013-11-06,11:37:06,1q038w,1950,"The giant Spanish wine corporation Codorníu, has permits in place right now to clear-cut 154 acres of coveted California coastal redwood forest and grade the soils to construct a sprawling vineyard, roads, and reservoirs in their place",gualalariver.org,http://gualalariver.org/vineyards/artesa.html
2013-11-06,23:48:57,1q13z3,1465,Kerry: Israeli settlements are illegitimate,aljazeera.com,http://www.aljazeera.com/news/middleeast/2013/11/kerry-israeli-settlements-are-illegitimate-201311613594909400.html
2013-11-06,00:38:11,1pyi39,1392,"Kofi Annan - Stop 'war on drugs': ""today, we know what works and what does not. It is time for a smarter approach to drug policy. Putting people's health and safety first is an imperative, not an afterthought.""",edition.cnn.com,http://edition.cnn.com/2013/11/05/opinion/annan-cordoso-humane-drug-policy/index.html
2013-11-06,23:41:23,1q13dm,895,Female Genital Mutilation Cases Should Be Treated As Child Abuse: Report,huffingtonpost.com,http://www.huffingtonpost.com/2013/11/06/fgm-child-abuse-report_n_4221191.html
2013-11-06,23:15:18,1q11eh,753,Google engineer accuses NSA and GCHQ of subverting 'judicial process' - Anti-hacking expert claims British spy agency is 'even worse' than NSA for tapping private networks between Google's centres,theguardian.com,http://www.theguardian.com/technology/2013/nov/06/google-nsa-gchq-spying-judicial-process
2013-11-06,21:09:36,1q0tzn,591,"[Glenn Greenwald's partner,] David Miranda lawyers to argue that Heathrow detention was unlawful",theguardian.com,http://www.theguardian.com/world/2013/nov/06/david-miranda-lawyers-heathrow-detention-high-court
2013-11-06,00:44:03,1pyili,549,Texas-sized floating island containing one million tonnes of junk from Japan tsunami drifting towards US coast,independent.co.uk,http://www.independent.co.uk/news/world/americas/the-toxic-monster-is-coming-texassized-floating-island-containing-one-million-tonnes-of-junk-from-japan-tsunami-drifting-towards-us-8922358.html
2013-11-06,01:56:52,1pyowk,429,Brazil admits to spying on US diplomats after blasting NSA surveillance,theverge.com,http://www.theverge.com/2013/11/5/5068024/brazil-admits-to-spying-on-us-russia-iran-diplomatic-targets-after-nsa-criticism?RSS
2013-11-06,22:36:55,1q0ysa,415,Catholic church slams Israel razing of its property,france24.com,http://www.france24.com/en/20131105-catholic-church-slams-israel-razing-its-property
2013-11-06,20:53:06,1q0t8q,344,Egypt’s Muslim Brotherhood finds havens abroad. Some Brotherhood leaders are living in exile in Doha — and Al Jazeera is paying their bills.,washingtonpost.com,http://www.washingtonpost.com/world/middle_east/egypts-muslim-brotherhood-finds-havens-abroad/2013/11/05/438f2dfe-463a-11e3-95a9-3f15b5618ba8_story.html
2013-11-06,15:49:54,1q0ihn,316,"Protesters gather around the world for Million Mask March; Demonstrations in more than 400 cities were planned to coincide with Guy Fawkes Day, with Russell Brand at a London protest",theguardian.com,http://www.theguardian.com/world/2013/nov/06/protesters-gather-million-mask-march
2013-11-06,18:22:58,1q0nqm,284,Surge in ADHD diagnoses gets a red flag,france24.com,http://www.france24.com/en/20131106-surge-adhd-diagnoses-gets-red-flag
2013-11-06,01:33:18,1pymuo,279,"Rob Ford : 'Yes, I have smoked crack cocaine.'",thestar.com,http://www.thestar.com/news/crime/2013/11/05/rob_ford_yes_i_have_smoked_crack_cocaine.html
2013-11-06,12:50:10,1q08rj,266,Israel orders more demolitions of Palestinian flats in Jerusalem,independent.co.uk,http://www.independent.co.uk/incoming/israel-orders-more-demolitions-of-palestinian-flats-in-jerusalem-8923278.html
2013-11-06,22:00:24,1q0wl6,236,"Brazilian government to stop buying ""non-auditable"" software",translate.google.com.br,http://translate.google.com.br/translate?hl=pt-BR&sl=pt&tl=en&u=http%3A%2F%2Fwww1.folha.uol.com.br%2Fmercado%2F2013%2F11%2F1366863-governo-vai-barrar-compra-de-software-que-impeca-auditoria.shtml
2013-11-06,18:35:53,1q0o5o,211,Bodies of Massacred Christians Found in Mass Grave in Syria,aina.org,http://www.aina.org/news/20131104192012.htm
2013-11-06,21:59:00,1q0wi8,175,Two Russian Tupolev Tu-160 bombers violate Colombian airspace.,news.yahoo.com,http://news.yahoo.com/video/russian-bombers-violate-colombian-airspace-122644820.html
2013-11-06,18:14:43,1q0nfy,155,Russia has failed to appear before an international court that is hearing a Dutch bid to force the release of the Greenpeace protest ship Arctic Sunrise and the activists who were on board her.,theglobeandmail.com,http://www.theglobeandmail.com/news/world/russia-a-no-show-at-un-court-hearing-about-release-of-greenpeace-ship-activists/article15290501/
2013-11-06,09:37:16,1pzt5a,151,"Apple takes strong privacy stance in new report, publishes rare “warrant canary”: “Apple has never received an order under Section 215 of the USA Patriot Act.”",arstechnica.com,http://arstechnica.com/tech-policy/2013/11/apple-takes-strong-privacy-stance-in-new-report-publishes-rare-warrant-canary/
2013-11-06,02:01:57,1pypcf,129,"Lebanon Outraged Over Kidnapped Teen Bride: A 13-year-old girl was abducted by her father’s creditor and forced to marry his older son, in a case that has activists calling for a minimum age for marriage in the country",thedailybeast.com,http://www.thedailybeast.com/witw/articles/2013/11/05/plight-of-thirteen-year-old-kidnapped-teen-bride-causes-uproar-in-lebanon.html
2013-11-06,07:28:13,1pzi8x,127,"Video of the attack on Greek Neo-Nazis Golden Dawn where 2 people died and 1 is heavily injured. 0:22 mark starts, attack lasts only 10 seconds.",zougla.gr,http://www.zougla.gr/greece/article/ntokoumento-frikis
2013-11-06,05:31:13,1pz858,121,Nigerian wedding party in Borno State massacred by gunmen - More than 30 dead (groom among the victims),globalpost.com,http://www.globalpost.com/dispatch/news/regions/africa/nigeria/131104/boko-haram-militants-kill-dozens-borno
2013-11-06,05:11:25,1pz68o,120,Toronto Mayor Rob Ford’s Office Hired a Hacker to Destroy the Crack Tape,vice.com,http://www.vice.com/en_ca/read/rob-fords-office-hired-a-hacker-to-destroy-the-crack-tape
2013-11-06,10:11:08,1pzw3r,110,Several explosions rock HQ of China's Communist Party,rt.com,http://rt.com/news/china-party-headquarters-blasts-279/
2013-11-06,04:45:10,1pz3wf,99,Ireland to hold referendum on gay marriage,telegraph.co.uk,http://www.telegraph.co.uk/news/worldnews/europe/ireland/10429118/Ireland-to-hold-referendum-on-gay-marriage.html
2013-11-06,01:44:10,1pynsg,75,"DR Congo rebels agree to disarm : Facing defeat at the hands of government forces, M23 says it is laying down weapons to focus on ""political means""",aljazeera.com,http://www.aljazeera.com/news/africa/2013/11/dr-congo-rebels-say-ready-disarm-20131159215270284.html
2013-11-06,03:06:13,1pyv5d,54,"Massive Bronze Age Palace Discovered in Turkey—Large building believed to be royal palace of rulers of city of Kanesh. The 4,500-yr-old structure larger than any other building known from the period in the Middle East. Thousands of seals have been found.",worldbulletin.net,http://www.worldbulletin.net/?aType=haber&ArticleID=122174
2013-11-06,08:56:10,1pzpoc,48,Americans Jailed for Months in Qatar After Daughter’s Death,nytimes.com,http://www.nytimes.com/2013/11/05/world/middleeast/americans-accused-in-daughters-death-are-jailed-for-months-in-qatar.html?partner=rss&emc=rss&_r=0
