2013-08-17,21:40:07,1kjpay,3487,"Girls escape forced marriage by concealing spoons in clothing to set off metal detectors at the airport ""When they go through security, it will highlight this object...they will be taken to a safe space where they have that one last opportunity to disclose they’re being forced to marry""",independent.co.uk,http://www.independent.co.uk/news/uk/crime/girls-escape-forced-marriage-by-concealing-spoons-in-clothing-to-set-off-metal-detectors-at-the-airport-8764404.html
2013-08-17,14:14:48,1kjarl,3006,"Wikileaks just released three ""insurance"" torrents via their Facebook page, one includes a whopping 349 gigabytes of data.",facebook.com,https://www.facebook.com/wikileaks/posts/561645433870573
2013-08-17,09:00:56,1kis9h,2421,Major repeat offender elephant poacher faces just 1 year jail,wildlifenews.co.uk,http://wildlifenews.co.uk/2013/major-repeat-offender-elephant-poacher-faces-just-1-year-jail/
2013-08-17,23:03:53,1kjsic,1691,"Egypt considers outlawing Muslim Brotherhood, calls it a terrorist organization.",apnews.myway.com,http://apnews.myway.com/article/20130817/DA87NOM81.html
2013-08-17,01:30:55,1khv75,1516,'Both sides are wrong' - Egyptian actor Khalid Abdalla urges people to 'reject the binaries' of siding with the army or the Muslim Brotherhood,bbc.co.uk,http://www.bbc.co.uk/news/world-middle-east-23731219
2013-08-17,08:58:35,1kis43,1266,Egypt has erupted into chaos. Military shooting protesters. Armed groups battle military. Hundreds dead today. Videos inside,thelede.blogs.nytimes.com,http://thelede.blogs.nytimes.com/2013/08/16/latest-updates-on-protests-in-egypt-4/?_r=0#video-shows-urban-warfare-in-central-cairo
2013-08-17,09:53:30,1kivho,926,"British court has ruled for the first time that a man who lacks capacity to give informed consent should have vasectomy because it is in his best interests - 36-year-old has an I.Q. of 40, lives with his parents and has a long-term girlfriend who also has severe learning disabilities",nytimes.com,http://www.nytimes.com/2013/08/17/world/europe/britain-court-approves-vasectomy-for-disabled-man.html?src=twr
2013-08-17,10:32:28,1kixtw,725,Somalia polio outbreak spreads; 105 recorded cases - more cases than the rest of the world combined,washingtonpost.com,http://www.washingtonpost.com/world/somalia-polio-outbreak-spreads-105-recorded-cases/2013/08/16/3d29c984-06ba-11e3-9259-e2aafe5a5f84_story.html?
2013-08-17,21:57:25,1kjpw0,268,Did an 8-Year-Old Spy for America? U.S. Drone Killed Yemeni Man After Boy Planted Tracking Chip,m.democracynow.org,http://m.democracynow.org/stories/13837
2013-08-17,11:49:57,1kj2mc,259,"Egypt's Christians face unprecedented attacks: More than 30 churches have been destroyed in the past week, activists say, as thugs launch a campaign of intimidation.",aljazeera.com,http://www.aljazeera.com/indepth/features/2013/08/2013816102257435227.html
2013-08-17,23:57:38,1kjv3j,180,"As Islamist rebels rise in Syria, liberal activists take a step back - “They are confused and say, ‘It’s not my revolution any more.’ ”",washingtonpost.com,http://www.washingtonpost.com/world/as-islamist-rebels-rise-in-syria-liberal-activists-take-a-step-back/2013/08/17/fa95d2e2-043a-11e3-bfc5-406b928603b2_story.html
2013-08-17,11:37:21,1kj1u2,175,India's unfair obsession with lighter skin - The Dark is Beautiful campaign hopes to halt India's huge appetite for skin whitening products,theguardian.com,http://www.theguardian.com/world/shortcuts/2013/aug/14/indias-dark-obsession-fair-skin
2013-08-17,10:20:14,1kix3x,175,Rupert Murdoch’s News Corp could face corporate hacking charges - London police investigating Murdoch’s British newspaper business for possible criminal violations over allegations of phone-hacking and illegal payments to public officials by its journalists,rawstory.com,http://www.rawstory.com/rs/2013/08/16/rupert-murdochs-news-corp-could-face-corporate-hacking-charges/
2013-08-17,11:55:03,1kj2xz,172,Some young HIV patients are giving up their medicine after being told by Pentecostal Church pastors to rely on faith in God instead,bbc.co.uk,http://www.bbc.co.uk/news/uk-23729684
2013-08-17,09:18:15,1kitba,160,Mass Protest in Tibet over Chinese Mining - xpost from r/tibet,phayul.com,http://www.phayul.com/news/article.aspx?id=33874
2013-08-17,23:56:18,1kjv0t,155,"""They won't give us a death certificate at the mortuary to bury him saying he was killed in the clashes in Ramses. They want to give us a death certificate saying he committed suicide,""",cbc.ca,http://www.cbc.ca/news/world/story/2013/08/17/egypt-emergency.html
2013-08-17,10:17:51,1kiwz0,150,"The police keep firing; the bodies pile up. In Cairo, bloodbaths are now a daily occurrence",independent.co.uk,http://www.independent.co.uk/news/world/africa/the-police-keep-firing-the-bodies-pile-up-in-cairo-bloodbaths-are-now-a-daily-occurrence-8771529.html
2013-08-17,12:03:18,1kj3gg,133,NAFSA Directs New York City Cease And Abstain Discriminative Actions Against Indian Country,mynafsa.org,http://www.mynafsa.org/nafsa-directs-york-superintendent-financial-services-cease-desist-discriminatory-actions-indian-country/
2013-08-17,06:12:04,1kigio,132,Iraq-Turkey Oil Pipeline Bombed,reuters.com,http://www.reuters.com/article/2013/08/16/us-iraq-oil-pipeline-idUSBRE97F0YD20130816
2013-08-17,11:05:57,1kizv1,116,Iraq would 'welcome' US drone strikes – Foreign Minister,rt.com,http://rt.com/news/line/2013-08-16/#50303
2013-08-17,01:33:35,1khve2,117,"Coca-cola and McDonald’s agree that Winter Olympics should not be relocated from Russia -- They ""both stated that they do not condone the anti-gay laws, and that they think they contradict the Olympic charter, but...do not think the games should be relocated away from Sochi""",pinknews.co.uk,http://www.pinknews.co.uk/2013/08/16/coca-cola-and-mcdonalds-agree-that-winter-olympics-should-not-be-relocated-from-russia/
2013-08-17,22:49:18,1kjrvd,103,Swedish track and field official says Emma Green Tregaro has been told that painting her fingernails in rainbow colors to support gay rights is a potential violation of the world championships' code of conduct,abcnews.go.com,http://abcnews.go.com/Sports/wireStory/swedish-athlete-told-rainbow-nails-breach-19989079
2013-08-17,10:51:32,1kiz0s,99,The Charity That Just Gives People Money: GiveDirectly is a charity that just gives money to poor people. The people who get the money can spend it on whatever they want. They never have to pay it back.,npr.org,http://www.npr.org/blogs/money/2013/08/16/212645252/episode-480-the-charity-that-just-gives-people-money
2013-08-17,12:15:19,1kj45e,92,"Fisheries and Oceans Canada is trying to confirm reports from an independent biologist that herring around northern Vancouver Island have a disease that is causing bleeding from their gills, bellies and eyeballs.",timescolonist.com,http://www.timescolonist.com/business/fisheries-and-oceans-canada-looking-into-claims-of-sick-herring-1.588652
2013-08-17,18:08:23,1kjjfx,79,Israel urges US not to freeze Egypt aid,foxnews.com,http://www.foxnews.com/world/2013/07/09/israel-urges-us-not-to-freeze-egypt-aid-report/
2013-08-17,13:02:21,1kj6vq,79,"With Layoffs Taboo, Japanese Workers Head to the Boredom Room",nytimes.com,http://www.nytimes.com/2013/08/17/business/global/layoffs-illegal-japan-workers-are-sent-to-the-boredom-room.html
2013-08-17,07:44:32,1kin64,74,6.5 magnitude earthquake rocks New Zealand,euronews.com,http://www.euronews.com/2013/08/16/65-magnitude-earthquake-rocks-new-zealand/
2013-08-17,17:48:17,1kjiv3,76,"Blood and Chaos Prevail in Egypt, Testing Control",nytimes.com,http://www.nytimes.com/2013/08/17/world/middleeast/egypt.html?pagewanted=all
2013-08-17,20:46:11,1kjnma,66,1500 Morsi supporters barricaded in Al Fath Mosque,rt.com,http://rt.com/in-motion/egypt-morsi-mosque-barricade-613/
2013-08-17,01:45:17,1khw9h,63,Germany stops aid to Egypt,translate.google.com,http://translate.google.com/translate?sl=auto&tl=en&js=n&prev=_t&hl=en&ie=UTF-8&u=http%3A%2F%2Fwww.zeit.de%2Fpolitik%2Fausland%2F2013-08%2Faegypten-niebel-hilfsmittel&act=url
