2013-09-27,06:05:31,1n7bh5,3550,The Curiosity Rover just found water on Mars,gizmodo.com,http://gizmodo.com/nasas-curiosity-rover-just-found-water-in-martian-soil-1403908591
2013-09-27,18:57:40,1n8m1g,3185,Researchers: Sonar mapping for oil near Madagascar killed 100 whales,rawstory.com,http://www.rawstory.com/rs/2013/09/26/researchers-sonar-mapping-for-oil-near-madagascar-killed-100-whales/?utm_source=feedburner&utm_medium=feed&utm_campaign=Feed%3A+TheRawStory+%28The+Raw+Story%29
2013-09-27,20:41:30,1n8q3v,2769,"The death of a young Saudi during a car chase by the country’s religious police has stirred uproar on the social media, especially after it became known that the involved members of the Saudi religious police fled the scene of the accident.",english.alarabiya.net,http://english.alarabiya.net/en/variety/2013/09/27/Saudis-tweet-anger-at-religious-police-following-car-chase-death.html
2013-09-27,21:58:46,1n8tuv,2508,"Malala Yousafzai tells UN to send books, not guns. ""Instead of sending weapons, instead of sending tanks to Afghanistan and all these countries which are suffering from terrorism, send books. Instead of sending tanks, send pens. Instead of sending soldiers, send teachers.""",globalpost.com,http://www.globalpost.com/dispatch/news/regions/americas/united-states/130926/malala-yousafzai-tells-un-send-books-not-guns
2013-09-27,21:51:57,1n8tgs,2341,The TomTato: Plant which produces both potatoes and tomatoes launched in UK,independent.co.uk,http://www.independent.co.uk/news/uk/home-news/the-tomtato-plant-which-produces-both-potatoes-and-tomatoes-launched-in-uk-8839501.html
2013-09-27,14:57:52,1n8cqy,1776,The Indian Supreme Court gives voters right to reject all candidates,timesofindia.indiatimes.com,http://timesofindia.indiatimes.com/india/Supreme-Court-gives-voters-right-to-reject-all-candidates/articleshow/23144039.cms
2013-09-27,20:22:29,1n8pcs,1677,"Syrian arsenal will be easier to diasarm than initially expected: U.S. and Russia Say Majority of Syrian Chemical Arsenal Is “Unweaponized""",world.time.com,http://world.time.com/2013/09/27/u-s-and-russia-say-majority-of-syrian-chemical-arsenal-is-unweaponized/
2013-09-27,23:36:07,1n90b6,1569,"""You’re not the boss of the world"": Regular Iranian citizens speak directly to America",washingtonpost.com,http://www.washingtonpost.com/blogs/worldviews/wp/2013/09/27/youre-not-the-boss-of-the-world-regular-iranians-speak-directly-to-america/
2013-09-27,13:48:50,1n88xv,1024,"The Palestinian village erased from the map: Demolition of Makhul shows how Israelis are transforming the Jordan Valley, despite international condemnation",independent.co.uk,http://www.independent.co.uk/news/world/middle-east/the-palestinian-village-erased-from-the-map-demolition-of-makhul-shows-how-israelis-are-transforming-the-jordan-valley-despite-international-condemnation-8842323.html
2013-09-27,20:21:59,1n8pc7,1020,Study: Effectiveness Of U.S. Drone Strikes Doubtful,npr.org,http://www.npr.org/blogs/thetwo-way/2013/09/26/226565310/study-effectiveness-of-u-s-drone-strikes-doubtful
2013-09-27,22:26:21,1n8vic,1001,Britain accused of trying to block EU data protection law,theguardian.com,http://www.theguardian.com/technology/2013/sep/27/britain-eu-data-protection-law
2013-09-27,20:20:33,1n8p9x,587,Iran news agency slams CNN for ‘fabricating’ Rouhani’s Holocaust remarks,rt.com,http://rt.com/news/remarks-holocaust-iranian-president-382/
2013-09-27,21:29:55,1n8sat,530,"Risky Repair of Fukushima Could Spill 15,000 Times the Radiation of Hiroshima, Create 85 Chernobyls",truth-out.org,http://www.truth-out.org/news/item/19073-risky-repair-of-fukushima-could-spill-15000-times-the-radiation-of-hiroshima-create-85-chernobyls
2013-09-27,18:35:55,1n8l9o,490,Russian court orders Greenpeace activists to be held without charge - More than 20 people detained for up to two months over the protest against offshore oil drilling in the Arctic,theguardian.com,http://www.theguardian.com/world/2013/sep/27/russian-greenpeace-arctic-held-without-charge
2013-09-27,22:25:08,1n8vf3,409,"Canadian Man Gets 9 Yrs for Artifact Theft—He stole some 1,600 artifacts from museums, galleries, archives. “We felt it was important to distinguish this case from simply a theft of electronics, which you can replace easily.” He's agreed to forfeit his home, bank account, & seized artifacts.",globalnews.ca,http://globalnews.ca/news/863520/tillman-sentenced-to-9-years-in-jail-for-artifact-thefts/
2013-09-27,08:24:09,1n7ma0,391,"Fukushima plant's undersea radiation curtain ripped, TEPCO: Damage was found Thursday on one of the undersea curtains installed near the crippled Fukushima Daiichi nuclear power plant to help contain radiation contamination, plant operator Tokyo Electric Power Co. said.",mainichi.jp,http://mainichi.jp/english/english/newsselect/news/20130926p2g00m0dm100000c.html
2013-09-27,23:43:47,1n90uy,369,Saudi Bankrolling of al-Qaeda Well Known to U.S. Government,larouchepub.com,http://www.larouchepub.com/other/2013/4038saudi_fund_qaeda.html
2013-09-27,21:19:59,1n8rte,288,Kenya mall shooting: Dozens of families unsure if loved ones are dead or alive.,edition.cnn.com,http://edition.cnn.com/2013/09/26/world/africa/kenya-grieving-waiting/index.html?hpt=wo_c1
2013-09-27,21:39:07,1n8srp,253,MoD study sets out how to sell wars to the public,theguardian.com,http://www.theguardian.com/uk-news/2013/sep/26/mod-study-sell-wars-public?CMP=twt_gu
2013-09-27,20:41:26,1n8q3q,243,Want to stay alive in Lebanon? There's an app for that. Lebanese developers are designing applications to keep people safe as Syria-related violence intensifies.,globalpost.com,http://www.globalpost.com/dispatch/news/regions/middle-east/130926/lebanon-violence-smartphone-app-happin-way-to-safety-iphone
2013-09-27,07:21:35,1n7hi5,210,Greek Special Forces present gov't with 15 demands including immediate resignation of government; urge march on square this Saturday,keeptalkinggreece.com,http://www.keeptalkinggreece.com/2013/09/26/with-15-demands-greek-army-reservists-want-immediate-resignation-of-government/
2013-09-27,22:49:48,1n8x2a,181,"Syria's Disneyland for Jihadists ""Foreign Islamists coming into Syria have been gathering in the relatively quiet north. But many of them are finding transit towns -- with good food, video games and smoking -- preferable to the front. When they do end up fighting, it's often with each other""",spiegel.de,http://www.spiegel.de/international/world/foreign-jihadists-in-syria-favor-liberal-transit-towns-over-front-a-910092.html#ref=rss
2013-09-27,20:22:57,1n8pdi,152,"IPCC Report: Australia Can Expect 6C Rise on Hottest Days - Reptile, bird and mammal species set to vanish along with Kakadu wetlands by end of century, scientists' report reveals",theguardian.com,http://www.theguardian.com/environment/2013/sep/27/climate-change-report-hotter-australia
2013-09-27,07:27:44,1n7hzc,101,Dictatorship 101: Don’t Shut Off the Internet for a Day: The Internet monitoring firm Renesys reports that Sudan’s Internet is back up after a 24-hour complete blackout,slate.com,http://www.slate.com/blogs/the_world_/2013/09/26/sudan_shuts_down_internet_for_a_day_amid_deadly_fuel_riots_what_s_bashir.html
2013-09-27,06:33:28,1n7dto,95,US and Russia agree on draft UN resolution on ridding Syria of chemical weapons,bbc.co.uk,http://www.bbc.co.uk/news/world-middle-east-24292989
2013-09-27,16:01:48,1n8fo8,71,Interpol issues 'Red Notice' for Britain's terror widow on behalf of Kenyan authorities,worldnews.nbcnews.com,http://worldnews.nbcnews.com/_news/2013/09/26/20660978-interpol-issues-red-notice-for-britains-terror-widow-on-behalf-of-kenyan-authorities?lite
2013-09-27,23:00:45,1n8xvt,71,French mother who spent months tearfully begging for help in finding her 5-year-old daughter admits she helped bury her naked corpse in the woods,thelocal.fr,http://www.thelocal.fr/20130926/Fiona-mother-missing-French-girl-Cecile-Bourgeon-Clermont-Ferrand-Perpignan
2013-09-27,01:14:41,1n6n8n,67,"9 Japanese auto parts makers to plead guilty to price fixing in U.S., pay more than $740 million in fines, Justice Department says.",cnn.com,http://www.cnn.com/2013/09/26/us/japan-auto-parts-guilty/index.html
2013-09-27,20:51:53,1n8qks,69,UN chemical weapons inspectors are investigating whether three chemical attacks were carried out in Syria after the 21 August Damascus incident that sparked threats of US military action.,bbc.co.uk,http://www.bbc.co.uk/news/world-middle-east-24301618
2013-09-27,22:26:17,1n8vi7,63,Argentina and Spain 'to team up over Falklands and Gibraltar',telegraph.co.uk,http://www.telegraph.co.uk/news/worldnews/southamerica/falklandislands/10338619/Argentina-and-Spain-to-team-up-over-Falklands-and-Gibraltar.html
