2013-07-29,12:01:49,1j94ea,2977,"Saudi prince defects from Royal family — “This regime in Saudi Arabia does not stand by God’s rules or even established rules and its policies, decisions, and actions are totally based on personal will of its leaders.”",en.alalam.ir,http://en.alalam.ir/news/1499049
2013-07-29,03:21:35,1j85yi,750,"Why it’s time to get rid of Ireland’s blasphemy laws: ""The law brings our parliament and our laws into disrepute. It does not protect religious belief; it incentivises outrage and it criminalises free speech. It also treats religious beliefs as more valuable than atheistic or secular beliefs""",thejournal.ie,http://www.thejournal.ie/readme/blasphemy-laws-ireland-1003213-Jul2013/
2013-07-29,19:57:55,1j9pud,662,"Caught on video: Indian Mufti enjoys music despite calling it ‘un-Islamic’ ""Bashiruddin Ahmad was recently filmed in a houseboat on the scenic Dal Lake, in the company of several other people, including women...In February 2013, the Grand Mufti released a fatwa declaring music un-Islamic.""",english.alarabiya.net,http://english.alarabiya.net/en/variety/2013/07/29/-Music-is-un-Islamic-says-India-s-Grand-Mufti-before-musical-evening.html
2013-07-29,23:34:02,1ja0ak,406,"Pope: Door 'Closed' on Women Priests - reiterated the Roman Catholic Church's ban on women priests, saying the decision is ""definitive""",usatoday.com,http://www.usatoday.com/story/news/2013/07/29/pope-says-ban-on-women-priests-to-remain/2595365/
2013-07-29,04:29:30,1j8adb,402,Email links Lockerbie bomber's prison transfer to £400m Libyan arms deal,guardian.co.uk,http://www.guardian.co.uk/uk-news/2013/jul/28/lockerbie-bomber-libyan-arms-deal
2013-07-29,11:28:26,1j928p,307,The Egyptian National Council for Women has described the Muslim Brotherhood's one year rule as the “worst and most cruel [year] for Egyptian women”,dailynewsegypt.com,http://www.dailynewsegypt.com/2013/07/28/womens-group-denounces-brotherhood/
2013-07-29,19:07:52,1j9o74,276,Crude oil leaked from a pipeline in the Gulf of Thailand has reached a Thai tourist resort. Black waves of crude oil washed up on the beach at popular tourist island despite continuous attempts to clean up the oil,aljazeera.com,http://www.aljazeera.com/news/asia-pacific/2013/07/20137296514954289.html
2013-07-29,21:24:18,1j9t2t,271,"Legal costs mount in Kim Dotcom case -- Lawyers working for the taxpayer have racked up almost 10,000 legal hours battling Kim Dotcom. At senior counsel charge-out rates, the cost in lawyers alone would be almost $2 million [to New Zealand taxpayers]",nzherald.co.nz,http://www.nzherald.co.nz/nz/news/article.cfm?c_id=1&objectid=10904690
2013-07-29,16:33:24,1j9j6k,241,Untouchable student in India beaten to death by classmates he refused to give his pen,articles.timesofindia.indiatimes.com,http://articles.timesofindia.indiatimes.com/2013-07-28/jaipur/40848254_1_classmates-alwar-minor-scuffle
2013-07-29,16:25:37,1j9ivj,218,"Australian Government releases its report into IT pricing, suggests a ban on geoblocking. Acknowledges Australians pay much more for IT products that other countries.",mobile.news.com.au,http://mobile.news.com.au/technology/australian-government-releases-its-report-into-it-pricing/story-e6frfro0-1226687671422
2013-07-29,10:20:59,1j8xlt,209,Mexico's navy vice admiral killed in ambush,bigstory.ap.org,http://bigstory.ap.org/article/mexicos-navy-vice-admiral-killed-ambush
2013-07-29,10:29:46,1j8y6l,195,"Ex-officer: CIA inflated threat of radical cleric to allow 2003 abduction, shield higher-ups",adn.com,http://www.adn.com/2013/07/27/2994124/us-allowed-italian-kidnap-prosecution.html
2013-07-29,12:24:37,1j95s0,178,"According to secret correspondence obtained by The Sunday Telegraph, the release of the Lockerbie bomber was part of a £400 million arms-export deal between Libya and the UK.",telegraph.co.uk,http://www.telegraph.co.uk/news/politics/10206659/Lockerbie-bomber-release-linked-to-arms-deal-according-to-secret-letter.html
2013-07-29,15:07:49,1j9faz,164,"Saudi police are searching for an Indonesian housemaid accused by her employer of casting a magic spell on all his family, causing fainting and epileptic fits to them",emirates247.com,http://www.emirates247.com/news/region/saudi-police-on-the-hunt-for-a-witch-housemaid-2013-07-28-1.515753
2013-07-29,11:00:47,1j90ao,161,Scientists at Stanford University School of Medicine issued report that said a type of stem-cell alternative approved by the Vatican and other theologians has turned out to be a myth,rawstory.com,http://www.rawstory.com/rs/2013/07/28/vatican-backed-vsel-alternative-to-stem-cells-found-to-be-a-fraud/
2013-07-29,23:28:53,1j9zy0,153,Google asked to remove 100 million 'piracy' links in 2013,bbc.co.uk,http://www.bbc.co.uk/news/technology-23489363
2013-07-29,08:01:38,1j8oiw,112,"South Korea has proposed ""final"" talks with the North over the fate of shuttered joint industrial zone, suggesting it may permanently close the estate if negotiations fail.",news.com.au,http://www.news.com.au/business/breaking-news/s-korea-proposes-final-kaesong-talks/story-e6frfkur-1226687284565
2013-07-29,01:24:34,1j7yee,108,Bahrain orders tougher penalties ahead of protests. 'Bahrain's lawmakers agreed at an extraordinary session on Sunday to proposals including stripping those who commit or call for 'terrorism crimes' of their nationality and preventing any protests from taking place in the capital Manama',chicagotribune.com,"http://www.chicagotribune.com/news/sns-rt-us-bahrain-politics-20130728,0,5391288.story"
2013-07-29,21:20:41,1j9swf,100,Russians smell something fishy in Putin's latest stunt,uk.reuters.com,http://uk.reuters.com/article/2013/07/29/oukoe-uk-russia-putin-fish-idUKBRE96S0CY20130729
2013-07-29,23:44:41,1ja0y9,95,"Facing eviction, rogue Greek monks hurl petrol bombs at bailiffs",cbsnews.com,http://www.cbsnews.com/8301-202_162-57595913/facing-eviction-rogue-greek-monks-hurl-petrol-bombs-at-bailiffs/
2013-07-29,00:41:29,1j7vzj,96,"Spanish Guardia Civil are searching every car at the Gibraltar frontier, causing a 10,000 car queue, lasting 6 hours, resulting in dehydration, diabetic attacks, and a lot more.",dailymail.co.uk,http://www.dailymail.co.uk/news/article-2380286/Spain-escalates-Gibraltar-stand-stopping-10-000-vehicles-leaving-Rock-sparking-hour-border-delays-86F-heat.html
2013-07-29,05:26:35,1j8e2z,88,Morsi supporters threaten to destroy Egyptian power plants,trendingcentral.com,http://www.trendingcentral.com/morsi-supporters-threaten-to-destroy-egyptian-power-plants/
2013-07-29,10:35:41,1j8ymd,83,US Government Protection of Al-Qaeda Terrorists and the US-Saudi Black Hole,japanfocus.org,http://japanfocus.org/-Peter_Dale-Scott/3971
2013-07-29,14:52:56,1j9elo,76,One man fights to set his nation free: Benny Wenda's campaign for West Papuan independence is embarrassing Britain and enraging Indonesia.,globalpost.com,http://www.globalpost.com/dispatch/news/regions/asia-pacific/indonesia/130725/benny-wenda-west-papua-independence
2013-07-29,20:23:29,1j9qpv,73,Muslims defend Egyptian churches with help from army,trendingcentral.com,http://www.trendingcentral.com/muslism-defend-egyptian-churches-with-help-from-army/
2013-07-29,23:39:31,1ja0n0,65,Apple's iPhone Workers Must Strip For Tattoo Checks And Wear Only Approved Hairstyles,finance.yahoo.com,http://finance.yahoo.com/news/apples-iphone-workers-must-strip-143104550.html
2013-07-29,01:23:17,1j7ybh,65,"Israel Agrees to Prisoner Release, Clearing Way for Talks",nytimes.com,http://www.nytimes.com/2013/07/29/world/middleeast/israel-agrees-to-prisoner-release-clearing-way-for-talks.html?_r=0
2013-07-29,08:13:24,1j8p9x,50,BBC News - Libyan city of Benghazi hit by two explosions,bbc.co.uk,http://www.bbc.co.uk/news/world-africa-23486085
2013-07-29,22:52:02,1j9xk6,48,Saudi Prince Releases Report Claiming Fracking Is Threat To Kingdom,news.sky.com,http://news.sky.com/story/1121610/saudi-prince-fracking-is-threat-to-kingdom
2013-07-29,12:42:10,1j96uz,45,Zimbabwe President Robert Mugabe vows to behead gays.,slate.com,http://www.slate.com/blogs/the_slatest/2013/07/28/zimbabwe_president_robert_mugabe_vows_to_behead_gays.html
