2013-03-07,06:01:03,19sw3f,3574,Rhino Poachers Shot Dead by Forest Guards in India,blogs.wsj.com,http://blogs.wsj.com/indiarealtime/2013/03/06/indian-rhino-poachers-shot-dead/
2013-03-07,17:12:02,19u5mp,2643,N. Korea threatens preemptive nuclear strike against aggressors,english.yonhapnews.co.kr,http://english.yonhapnews.co.kr/news/2013/03/07/0200000000AEN20130307011400315.HTML
2013-03-07,14:37:07,19tzp3,2175,A court in New Zealand has ruled that Megaupload boss Kim Dotcom can sue the country's foreign intelligence service for illegally spying on him.,bbc.co.uk,http://www.bbc.co.uk/news/world-asia-21695978
2013-03-07,22:57:07,19uhwa,1462,"Scouts Canada to Carly Rae Jepsen: We’re pro-LGBT, so perform for us, maybe?",arts.nationalpost.com,http://arts.nationalpost.com/2013/03/06/scouts-canada-to-carly-rae-jepsen-were-pro-lgbt-so-perform-for-us-maybe/
2013-03-07,21:33:26,19udp6,1392,Unknown class of bacteria found under ice crust of Antarctic lake: Voice of Russia,english.ruvr.ru,http://english.ruvr.ru/2013_03_07/Unknown-class-of-bacteria-found-under-ice-crust-of-Antarctic-lake/
2013-03-07,19:22:25,19u94b,1350,Silvio Berlusconi sentenced to 1 year in prison in wiretrap trial,reuters.com,http://www.reuters.com/article/2013/03/07/us-italy-berlusconi-trial-idUSBRE9260FG20130307
2013-03-07,22:41:13,19ugyp,963,"EU Parliament voting for a complete ban on pornography. 'Eliminating Gender Stereotypes in the EU' is the innocuous title of a report that sounds like the sort of thing few would object to, but as Swedish Pirate MEP, Christian Engstrom notes, the devil is in the details.",neurope.eu,http://www.neurope.eu/article/parliament-voting-complete-ban-pornography
2013-03-07,23:21:41,19ujbl,596,UN Security Council approves new sanctions to punish North Korea for its latest nuclear test.,cnn.com,http://www.cnn.com/2013/03/07/world/asia/un-north-korea-sanctions/index.html
2013-03-07,17:48:29,19u6oy,432,North Korea says to exercise right to preemptive nuclear attack against U.S. - KCNA,uk.reuters.com,http://uk.reuters.com/article/2013/03/07/uk-korea-north-attack-idUKBRE9260BP20130307
2013-03-07,22:42:22,19uh0h,415,"Tesla Motors loses appeal case against Top Gear - Judge says lost sales from alleged libel ""quite unrealistic"".",montereyherald.com,http://www.montereyherald.com/digitalextras/ci_22729330/tesla-motors-loses-legal-challenge-over-top-gear
2013-03-07,19:20:47,19u92b,409,"In a Grain of Golden Rice, a World of Raging Controversy Over GMO Foods - There's rice growing in  the Philippines unlike any ever seen. It's yellow & genetically modified with beta-carotene.  It's become the symbol of an idea: genetically engineered crops can improve lives, rousing  global debate.",npr.org,http://www.npr.org/blogs/thesalt/2013/03/07/173611461/in-a-grain-of-golden-rice-a-world-of-controversy-over-gmo-foods
2013-03-07,12:31:37,19tri5,317,Scientists believe crystal found in shipwreck could be a sunstone - mythical Viking navigational aid,bbc.co.uk,http://www.bbc.co.uk/news/world-europe-21693140
2013-03-07,21:28:26,19udhw,200,A proposal by the US to ban cross-border trade in polar bears and their parts was defeated on Thursday at an international meeting.,bbc.co.uk,http://www.bbc.co.uk/news/science-environment-21703090
2013-03-07,00:59:40,19s7xy,196,20 UN observers seized by Free Syrian Army Rebels in Golan Heights.,jpost.com,http://www.jpost.com/MiddleEast/Article.aspx?id=305521
2013-03-07,02:19:32,19se4w,182,Woman mauled to death by a lion as she had sex with her boyfriend in the African bush,nypost.com,http://www.nypost.com/p/news/international/woman_mauled_to_death_by_lion_during_UYBHgoYOuU0QV6XqOcxabJ
2013-03-07,21:24:17,19udac,151,US names 'pro-Hitler' Egyptian 'woman of courage',ynetnews.com,"http://www.ynetnews.com/articles/0,7340,L-4353673,00.html"
2013-03-07,01:23:41,19s9rk,144,Peacekeepers Kidnapped in Golan Heights,reuters.com,http://www.reuters.com/article/2013/03/06/us-syria-crisis-golan-idUSBRE9250ZA20130306
2013-03-07,23:43:30,19ukpp,115,"Australia, citing nuclear test, bars North Korea from reopening embassy",news.yahoo.com,http://news.yahoo.com/australia-citing-nuclear-test-bars-north-korea-reopening-022610320.html
2013-03-07,09:50:16,19tenu,116,"The ""stompin"" legend himself Canadian singer Tom Conners passes away at 77",ctvnews.ca,http://www.ctvnews.ca/entertainment/stompin-tom-connors-dies-at-77-1.1185264
2013-03-07,13:40:21,19twc6,109,"N Korea building huge 'security perimeter' - satellite images show political prison camps expanding to enclose civilian settlements, Amnesty International says",aljazeera.com,http://www.aljazeera.com/news/asia-pacific/2013/03/20133721459692586.html
2013-03-07,23:13:41,19uiv1,91,Chechnya Islamic militants from Russia team up with Syrian rebels in 'jihad' against Assad ,huffingtonpost.com,http://www.huffingtonpost.com/2013/03/06/syria-war-rebels-chechnya-islamic-militants_n_2821197.html?utm_hp_ref=world#.UTiuYupW2oM.reddit
2013-03-07,11:26:09,19tmk8,67,Inside Fukushima two years on: radiation levels too high to enter reactors,telegraph.co.uk,http://www.telegraph.co.uk/news/worldnews/asia/japan/9913146/Inside-Fukushima-two-years-on-radiation-levels-too-high-to-enter-reactors.html
2013-03-07,17:46:03,19u6mh,69,"Furious over UN sanctions vote, North Korea vows to launch pre-emptive nuclear strike",hosted.ap.org,http://hosted.ap.org/dynamic/stories/U/UN_UN_NORTH_KOREA?SITE=AP&SECTION=HOME&TEMPLATE=DEFAULT&CTIME=2013-03-07-04-25-12#.UThhtU7Y9yU.reddit
2013-03-07,01:42:15,19sb74,55,The United Nations says about 20 peacekeepers in the force charged with monitoring the cease-fire between Israel and Syrian troops on the Golan Heights have been detained by approximately 30 armed fighters.,seattlepi.com,http://www.seattlepi.com/news/us/article/UN-says-20-peacekeepers-detained-on-Golan-Heights-4333012.php
2013-03-07,19:31:48,19u9et,54,BBC News - Silvio Berlusconi convicted over Italy wiretap,bbc.co.uk,http://www.bbc.co.uk/news/world-europe-21698802
2013-03-07,23:40:12,19uki7,36,"Mexican Supreme Court bans two anti-gay expressions ""Puñal"" and ""Maricón""",towleroad.com,http://www.towleroad.com/2013/03/mexican-supreme-court-rules-anti-gay-expressions-like-maricon-are-not-protected-under-freedom-of-exp.html
2013-03-07,01:33:13,19sai2,36,20 UN peacekeepers taken hostage by Syrian rebels in Golan Heights,rt.com,http://rt.com/news/syria-un-rebels-peacekeepers-hostage-910/
2013-03-07,00:40:46,19s6je,31,"In 2004, with the war in Iraq going from bad to worse, the US drafted a veteran of Central America's dirty wars to help set up a new force to fight the insurgency. The result: secret detention centres, torture and a spiral into sectarian carnage",guardian.co.uk,http://www.guardian.co.uk/world/2013/mar/06/el-salvador-iraq-police-squads-washington
2013-03-07,00:42:43,19s6p2,33,"Hugo Chavez did not ""figure out a way to change the articles"" of Venezuela's constitution to allow his re-election. He had a referendum in 2009, and won it.",guardian.co.uk,http://www.guardian.co.uk/world/2009/feb/16/hugo-chavez-indefinite-rule
2013-03-07,17:02:57,19u5dg,29,"The indigenous Inuit people of Canada have scored a victory over their big neighbors to the south, defeating a proposal by the United States to ban cross-border trade in polar bears",abcnews.go.com,http://abcnews.go.com/International/wireStory/conservation-body-rejects-polar-bear-trade-ban-18672723#.UThXb33U_Qo.reddit
