2013-08-03,07:52:55,1jlf84,3908,The FBI can remotely activate the microphones for phones running Google's Android software to record conversations (worldwide),online.wsj.com,http://online.wsj.com/article_email/SB10001424127887323997004578641993388259674-lMyQjAxMTAzMDAwMTEwNDEyWj.html
2013-08-03,20:59:29,1jmff2,3165,"""An Absolutely Ridiculous Idea"": Wikipedia co-founder Jimmy Wales rejects David Cameron's online porn filter plan - ""We should be devoting that... dealing with real criminal issues online, stealing credit card numbers, hacking into sites."" He's been a high-profile celebrity adviser to the PM.",independent.co.uk,http://www.independent.co.uk/news/uk/politics/an-absolutely-ridiculous-idea-wikipedia-cofounder-jimmy-wales-rejects-david-camerons-online-porn-filter-plan-8744635.html
2013-08-03,01:07:44,1jkk5k,2914,"US Diplomat Kills Man in Car Crash, Leaves Kenya - Embassy officials in Nairobi rushed the American and his family out of Kenya the next day, leaving the crash victims with no financial assistance to pay for a funeral and for hospital bills for the eight or so others who were seriously injured",abcnews.go.com,http://abcnews.go.com/International/wireStory/us-diplomat-kills-man-car-crash-leaves-kenya-19851449
2013-08-03,22:44:44,1jmj3s,2273,'I want to dig a deep hole and bury myself again': Chilean miners stunned by decision not to prosecute over accident. The decision that no one will face charges over the mining accident in Chile that left 33 men underground for 69 days has left many speechless,independent.co.uk,http://www.independent.co.uk/news/world/americas/i-want-to-dig-a-deep-hole-and-bury-myself-again-chilean-miners-stunned-by-decision-not-to-prosecute-over-accident-8744364.html
2013-08-03,07:43:21,1jlel0,2054,A boy was forcefully held down on a desk and circumcised because there was a rumor he was masturbating ... this happened in Montreal,vice.com,http://www.vice.com/en_ca/read/forcible-circumcision-turned-this-man-into-an-anti-circumcision-activist
2013-08-03,22:20:36,1jmi2b,1682,"White House Closes Inquiry Into Afghan Massacre and Will Release No Details -- ""in November 2001, Taliban prisoners surrendered to the Northern Alliance. They were transported in shipping containers without food or water...hundreds of men died of suffocation while others were shot""",commondreams.org,http://www.commondreams.org/headline/2013/08/02-2
2013-08-03,13:36:21,1jlzy2,1182,"Facebook Is Riddled With Click Farms Where Workers Sit In Dingy Rooms in Bangladesh, Bars On The Windows, Generating 1,000 Likes For $1",theguardian.com,http://www.theguardian.com/media/video/2013/aug/02/click-farms-social-media-video
2013-08-03,08:35:13,1jlhxo,1116,"The decision by Uruguay lawmakers to legalize the possession and sale of marijuana could signal the beginning of the end for the increasingly unpopular U.S.-led war on drugs, experts say.",cbc.ca,http://www.cbc.ca/news/story/2013/08/01/f-pot-legalization-uruguay.html
2013-08-03,20:46:47,1jmf1f,1094,XKeyscore a 'God-terminal' into Internet,dw.de,http://www.dw.de/xkeyscore-a-god-terminal-into-internet/a-16994780
2013-08-03,10:39:57,1jlpld,705,"Norwegian Green Party is calling for ""state-controlled production and sale of cannabis,"" as well as the decriminalization of possession for all drugs",stopthedrugwar.org,http://stopthedrugwar.org/chronicle/2013/aug/02/norway_greens_call_state_marijua
2013-08-03,03:01:33,1jksyy,691,"A 10-year-old German boy has found what appears to be a mummy hidden in a corner of his grandmother's attic. The ""mummy"" was inside a sarcophagus complete with hieroglyphic adornments, packed in a wooden crate",bbc.co.uk,http://www.bbc.co.uk/news/world-europe-23553074#FBM269351
2013-08-03,00:40:53,1jki68,592,"Germany Ends Cold War Spying Pact With US, Britain",npr.org,http://www.npr.org/templates/story/story.php?storyId=208205157
2013-08-03,21:57:56,1jmh9u,406,"Russian ‘SOPA’ Anti-Piracy Body Under Investigation For Software Piracy -- ""Pirated software from Adobe, Microsoft, Corel and Autodesk was found on their machines""",torrentfreak.com,http://torrentfreak.com/russian-sopa-anti-piracy-body-under-investigation-for-software-piracy-130803/
2013-08-03,12:48:53,1jlxaw,392,Uruguay's pot legalization could be 'tipping point' in war on drugs,cbc.ca,http://www.cbc.ca/news/world/story/2013/08/01/f-pot-legalization-uruguay.html
2013-08-03,04:54:36,1jl200,385,"In an abrupt about face, Russia said today that athletes and guests attending next year’s Winter Olympics will not be subject to the country’s stringent new anti-gay law",abcnews.go.com,http://abcnews.go.com/blogs/headlines/2013/08/russia-will-not-subject-olympic-athletes-and-guests-to-anti-gay-laws/
2013-08-03,02:12:32,1jkp48,283,Pope Francis sends message for end of Ramadan. Calls for respect between Christians and Muslims,romereports.com,http://www.romereports.com/palio/pope-sends-message-for-end-of-ramadan-calls-for-respect-between-christians-and-muslims-english-10741.html#.Ufvn_0HviSq
2013-08-03,21:47:59,1jmgy0,255,"Verizon, BT, Vodafone Cable, Global Crossing, Level 3, Viatel and Interoute, give GCHQ unlimited access to their undersea cables.",theguardian.com,http://www.theguardian.com/business/2013/aug/02/telecoms-bt-vodafone-cables-gchq
2013-08-03,21:32:05,1jmgfr,256,"Mesopotamian Marshlands Declared Iraq’s 1st National Park – Drained by development & nearly destroyed, it was once 3rd largest wetlands in the world. Saddam in the 1990s drained 93% of it, resulting in the UN calling it the worst environmental disaster of the last century.",ens-newswire.com,http://ens-newswire.com/2013/08/02/mesopotamian-marshlands-declared-iraqs-first-national-park/
2013-08-03,11:46:40,1jltlo,248,Chinese Hacking Team Caught Taking Over Decoy Water Plant,technologyreview.com,http://www.technologyreview.com/news/517786/chinese-hacking-team-caught-taking-over-decoy-water-plant/
2013-08-03,20:33:39,1jmenp,218,Riot police broke up a protest by hundreds of Moroccans late on Friday against a royal pardon for a Spanish pedophile serving a 30-year sentence for raping and filming children as young as four,reuters.com,http://www.reuters.com/article/2013/08/03/us-morocco-spain-protest-idUSBRE97204R20130803
2013-08-03,22:08:11,1jmhme,208,"Bangladesh's security forces fired into a crowd of unarmed protesters, killing 6 people. The next day they charged family members of the victims with their murders.",thediplomat.com,http://thediplomat.com/the-pulse/2013/08/03/bangladesh-police-kill-protestors-charge-families-with-murders/
2013-08-03,14:18:15,1jm26g,186,"Dutch zoo baffled by spooked baboons that are sitting still, hardly eating: A zoo in the Netherlands is trying to understand what has spooked a group of baboons, with the monkeys huddled together and hardly eating.",abc.net.au,http://www.abc.net.au/news/2013-08-03/traumatised-baboon-mystery-at-dutch-zoo/4862984
2013-08-03,20:45:35,1jmf05,172,Jimmy Wales on UK porn ban: It's ridiculous,bbc.co.uk,http://www.bbc.co.uk/news/uk-23558865
2013-08-03,23:11:14,1jmk9f,117,"100,000 protests in front of the Taiwan's presidential headquarter demanding justice for a kid that died under corporial punishment during mandatory military service",appledaily.com.tw,http://www.appledaily.com.tw/realtimenews/article/politics/20130803/236303/%E3%80%90%E7%9F%AD%E7%89%87%E3%80%91%E3%80%8C%E8%90%AC%E4%BA%BA%E9%80%81%E4%BB%B2%E4%B8%98%E3%80%8D25%E8%90%AC%E4%BA%BA%E6%B0%91%E9%97%9C%E9%8D%B5%E7%8F%BE%E5%A0%B4
2013-08-03,22:14:59,1jmhv5,101,"Mass Graves Found at Irish Prison Now Begs Bigger Question — Where are the Other Bodies? Notorious for overcrowding, disease, malnutrition, it was opened during the Great Famine of the 19th century, giving insight into prison's role as a mechanism by which the empire was established & maintained.",irishexaminer.com,http://www.irishexaminer.com/ireland/dig-reveals-full-extent-of-convicts-mass-grave-on-spike-island-238496.html
2013-08-03,07:39:08,1jlea3,97,"US Senate edited Snowden's Wikipedia page and labeled him as ""Traitor"".",en.wikipedia.org,http://en.wikipedia.org/w/index.php?title=Edward_Snowden&diff=566904988&oldid=566903734
2013-08-03,07:24:08,1jldae,95,French govt backs 75% tax rate,france24.com,http://www.france24.com/en/20130524-pierre-moscovici-tax-rate-salary-cap-france
2013-08-03,14:08:34,1jm1o7,94,"More than 2,200 documents from World War II war crimes archive are online for the first time",washingtonpost.com,http://www.washingtonpost.com/world/europe/more-than-2200-documents-from-world-war-ii-war-crimes-archive-are-online-for-the-first-time/2013/08/03/50114e78-fbf2-11e2-89f7-8599e3f77a67_story.html?
2013-08-03,15:35:31,1jm5o2,81,The United States of America policing Canadian soil.,huffingtonpost.ca,http://www.huffingtonpost.ca/sean-casey/border-security-canada_b_3691387.html
2013-08-03,00:49:05,1jkisi,72,"""I'm a Pastafarian"": Czech man, who claims his religion forces him to wear a sieve on his head, given permission to wear one on his official identity card picture. Officials ruled that turning down Novy's request would be a breach of the country's religious equality laws.",dailymail.co.uk,http://www.dailymail.co.uk/news/article-2382465/Im-Pastafarian-Man-claims-religion-forces-wear-sieve-head-given-permission-wear-official-identity-card-picture.html
