2013-07-06,21:30:34,1hqv0n,3096,"29 boarding school students burned alive, shot dead by Islamist militants in Nigeria",worldnews.nbcnews.com,http://worldnews.nbcnews.com/_news/2013/07/06/19318588-29-boarding-school-students-burned-alive-shot-dead-by-islamist-militants-in-nigeria?lite
2013-07-06,09:16:49,1hpzru,3041,Venezuela announces they WILL give Edward Snowden political asylum!,twitter.com,https://twitter.com/evagolinger
2013-07-06,21:28:47,1hquy2,2557,'Not Your Colony': Bolivia Threatens Shutdown of US Embassy: South American leaders flank the Bolivian President as he rails against US air piracy in manhunt for Snowden,commondreams.org,http://www.commondreams.org/headline/2013/07/05
2013-07-06,00:26:57,1hp0gp,1868,Iranian swimmer Elham Asghari swam 20km in full Islamic dress. But her record-breaking nine-hour feat has not been recognised by national authorities because she is a woman.,guardian.co.uk,http://www.guardian.co.uk/world/2013/jul/05/iranian-swimmer-elham-asghari
2013-07-06,00:32:05,1hp0s9,1854,"If you think that government and the financial industry are a bit too friendly in the U.S., try England. London's version of Wall Street is called the City. And in the City, the line between government and corporate interests gets even blurrier. Critics say it's time for change.",npr.org,http://www.npr.org/2013/07/05/198389370/are-things-too-cozy-in-londons-city-within-a-city
2013-07-06,21:17:35,1hqulr,1034,Mexican police chief in the state of Jalisco killed with rifle lost in ATF gun-tracking program,latimes.com,"http://www.latimes.com/news/nation/nationnow/la-na-nn-atf-fast-furious-20130705,0,2692834.story"
2013-07-06,00:14:16,1hozo1,861,Muslim Brotherhood accuses Egypt's new president of being secretly Jewish,washingtonpost.com,http://www.washingtonpost.com/blogs/worldviews/wp/2013/07/05/muslim-brotherhood-site-says-egypts-new-president-is-secretly-jewish/
2013-07-06,20:18:50,1hqsz2,476,"European intelligence agencies carry out massive Internet spying; ""this French Big Brother works in secret. It defies all control.”",wsws.org,https://www.wsws.org/en/articles/2013/07/06/holl-j06.html
2013-07-06,23:39:29,1hqzqu,433,Murdoch Under New Pressure After Secret Bribes Tape Released,newsmaxworld.com,http://www.newsmaxworld.com/Newsfront/Murdoch-tape-secret-bribes/2013/07/04/id/513360
2013-07-06,16:03:24,1hqlu8,277,"European businesses are likely to abandon the services of American internet providers because of the National Security Agency surveillance scandal, the European commission has warned.",guardian.co.uk,http://www.guardian.co.uk/world/2013/jul/04/european-us-internet-providers-nsa
2013-07-06,06:18:46,1hpor6,255,US Ambassador to Austria Reportedly Responsible for False Claim Snowden Was on Bolivian Leader’s Plane,dissenter.firedoglake.com,http://dissenter.firedoglake.com/2013/07/05/us-ambassador-to-austria-reportedly-responsible-for-false-claim-snowden-was-on-bolivian-leaders-plane/
2013-07-06,21:19:48,1hquog,250,"""Human breast milk is the latest delicacy amongst China's wealthy, with a growing number of companies offering wet nurses for adults. Xinxinyu, a domestic staff agency in Shenzhen . . . allows adult clients to drink directly through breastfeeding or via a breast pump 'if they feel embarrassed'.""",metro.co.uk,http://metro.co.uk/2013/07/04/chinas-rich-developing-taste-for-human-breast-milk-3868655/
2013-07-06,23:25:57,1hqz4r,223,"'The real threat to our future is peak water' As population rises, overpumping means some nations have reached peak water, which threatens food supply",guardian.co.uk,http://www.guardian.co.uk/global-development/2013/jul/06/water-supplies-shrinking-threat-to-food
2013-07-06,09:20:10,1hq00e,200,"Venezuelan President Nicolas Maduro offers US fugitive Edward Snowden asylum, following similar offer from Nicaragua",bbc.co.uk,http://www.bbc.co.uk/news/world-europe-23201774#TWEET812752
2013-07-06,04:47:38,1hpicx,194,BBC reporter Jeremy Bowen shot in Egypt as demonstrations end in bloodshed,mirror.co.uk,http://www.mirror.co.uk/news/world-news/bbc-reporter-jeremy-bowen-shot-2029115
2013-07-06,11:42:22,1hq8ns,183,Costa Rica accidentally legalizes gay marriage,independent.co.uk,http://www.independent.co.uk/news/world/americas/costa-rica-accidentally-legalises-gay-marriage-8691185.html
2013-07-06,09:31:31,1hq0pd,173,"Edward Snowden Asylum To Be Offered By Venezuela, President Nicolás Maduro Says",huffingtonpost.com,http://www.huffingtonpost.com/2013/07/05/snowden-asylum-venezuela_n_3552730.html
2013-07-06,03:24:45,1hpcig,144,"Abortion debate flares in Chile over case of raped 11-year old. 'Doctors say her life and that of the fetus are at high risk, but abortion is banned in Chile'",washingtonpost.com,http://www.washingtonpost.com/world/the_americas/abortion-debate-flares-in-chile-over-case-of-raped-11-year-old/2013/07/05/99aea7d6-e59c-11e2-bffd-37a36ddab820_story.html?
2013-07-06,02:13:47,1hp7nx,101,"Egypt unrest: Morsi marchers die as they are fired upon by the army, Muslim Brotherhood vows to protest until he is reinstated",bbc.co.uk,http://www.bbc.co.uk/news/world-middle-east-23202096#TWEET812300
2013-07-06,22:27:32,1hqwvn,81,"Israel debates ‘price-tag’ attacks on Muslims, where for each illegal settlement post removed or settlement attacked on the West Bank, Muslim family's within Israel proper face an attack.",washingtonpost.com,http://www.washingtonpost.com/world/israel-debates-jewish-price-tag-attacks-on-muslims/2013/07/05/6ce28e18-e333-11e2-bffd-37a36ddab820_story.html
2013-07-06,07:08:06,1hprx2,70,"Bugged by US spying, EU may sever ties with American internet providers",rt.com,http://rt.com/news/us-eu-prism-snowden-trade-694/
2013-07-06,09:13:02,1hpzk6,59,Nicaragua: Willing to Grant Asylum to Snowden,nytimes.com,http://www.nytimes.com/aponline/2013/07/05/world/americas/ap-lt-nsa-surveillance-nicaragua.html
2013-07-06,22:21:24,1hqwoe,52,Muslim Brotherhood site says Egypt’s new president is secretly Jewish,washingtonpost.com,http://www.washingtonpost.com/blogs/worldviews/wp/2013/07/05/muslim-brotherhood-site-says-egypts-new-president-is-secretly-jewish/?Post+generic=%3Ftid%3Dsm_twitter_washingtonpost
2013-07-06,09:51:51,1hq1zm,51,Venezuela offers asylum to U.S. intelligence leaker Snowden,cnn.com,http://www.cnn.com/2013/07/05/world/americas/venezuela-snowden/index.html?hpt=hp_t1
2013-07-06,01:13:38,1hp3md,47,Saudi activists face jail for taking food to woman who said she was imprisoned. Court finds women's rights campaigners guilty of inciting wife to defy husband's authority,guardian.co.uk,http://www.guardian.co.uk/world/2013/jul/05/saudi-activists-food-woman-husband?
2013-07-06,16:41:33,1hqn8w,45,Venezuela Leader Claims CIA Behind Morales Plane Incident,en.rian.ru,http://en.rian.ru/world/20130706/182087734/Venezuela-Leader-Claims-CIA-Behind-Morales-Plane-Incident.html
2013-07-06,23:21:28,1hqyy2,43,Bras begone: China clamps down on cheating in university entrance exams by banning brassieres,nationalpost.com,http://www.nationalpost.com/m/wp/news/world/blog.html?b=news.nationalpost.com/2013/06/06/bras-begone-china-clamps-down-on-cheating-in-university-entrance-exams-by-banning-brassieres
2013-07-06,09:24:28,1hq09l,41,Venezuela's president Maduro says he has decided to offer asylum to Edward Snowden,rt.com,http://rt.com/usa/nsa-leak-snowden-live-updates-482/
2013-07-06,01:13:23,1hp3lo,43,"In Turkey, the crackdown on anti-government protesters has begun",newstatesman.com,http://www.newstatesman.com/2013/07/and-now-crackdown
2013-07-06,02:23:10,1hp892,35,London man dies of MERS-CoV virus: fourth death reported in two days,guardian.co.uk,http://www.guardian.co.uk/science/2013/jul/04/sars-like-illness-kills-man-london-coronavirus
