2009-12-28,18:31:44,aj543,758,"Khan Younis massacre:"" The men of the town were told to line up in the main square and were then systematically shot so their bodies lay in a long row. Some who stayed in their homes were killed there."" It is not only Israeli leaders who did not show empathy: it is entire Israeli public""",nytimes.com,http://www.nytimes.com/2009/12/27/books/review/Cockburn-t.html
2009-12-28,19:52:31,aj5r1,381,Mentally ill Briton to be executed for drug smuggling in China tomorrow! Let's get this some attention.,news.bbc.co.uk,http://news.bbc.co.uk/2/hi/uk_news/8432351.stm
2009-12-28,23:48:12,aj7rx,67,The story you won't see on the front page of Reddit: A Holocaust survivor joins a hunger strike supporting Gaza,google.com,http://www.google.com/hostednews/afp/article/ALeqM5juepzZ-b0wLkYbpEJGjlY1QhsE2g
2009-12-28,15:48:17,aj3v2,61,At least 15 dead in Tehran street battles,timesonline.co.uk,http://www.timesonline.co.uk/tol/news/world/middle_east/article6969422.ece
2009-12-28,13:20:38,aj2lk,46,"Most Americans don't know there is a major war happening right now in Mexico. War broke out in Mexico in December 2006 when the newly elected president Felipe Calderon sent 6,500 troops to Michoacan state to fight the drug cartels.",news.infoshop.org,http://news.infoshop.org/article.php?story=20091227223130357
2009-12-29,07:07:48,ajbwv,32,"U.S. airstrike kills 10 Afghan civilians, 8 schoolboys, amidst controversy: he said / she said- Karzai slams U.S. and NATO forces refute charges",examiner.com,http://www.examiner.com/examiner/x-30980-Afghanistan-Headlines-Examiner~y2009m12d28-US-airstrike-kills-10-Afghan-civilians-8-schoolboys-amidst-controversy
2009-12-29,07:53:46,ajc8f,36,I guess we are all going to have to remove our underwear along with our shoes!,abcnews.go.com,http://abcnews.go.com/Blotter/northwest-airlines-bomb-photos/story?id=9436297
2009-12-28,09:56:43,aj13r,30,Jailed Briton in China does not know he will be executed Dec 29th,news.bbc.co.uk,http://news.bbc.co.uk/2/hi/uk_news/8431750.stm
2009-12-28,18:47:50,aj58w,26,Opposition leader's nephew among nine dead amid rioting and bloodshed in Iran,guardian.co.uk,http://www.guardian.co.uk/world/2009/dec/27/iran-protest-crackdown-dead-tehran
2009-12-29,01:32:03,aj8u8,24,Netanyahu wants Israeli force on Palestinian border,globalpost.com,http://www.globalpost.com/breaking-news/general/netanyahu-wants-israeli-force-palestinian-border
2009-12-29,01:02:51,aj8k7,21,"Interview with German Environment Minister Norbert Röttgen: 'China Doesn't Want to Lead, and the US Cannot'",spiegel.de,"http://www.spiegel.de/international/world/0,1518,669208,00.html"
2009-12-28,21:23:35,aj6e1,23,Turkey seeks return of Santa Claus' bones,news.bbc.co.uk,http://news.bbc.co.uk/2/hi/europe/8432314.stm
2009-12-29,04:16:12,ajafx,19,Al-Qaeda claims responsibility for attack on plane,cbc.ca,http://www.cbc.ca/world/story/2009/12/28/bomb-suspect.html
2009-12-29,05:09:58,ajaxo,19,Mafia prince Nick Rizzuto Jr. shot dead in Montreal,montrealgazette.com,http://www.montrealgazette.com/news/Mafia+prince+Rizzuto+gunned+down/2386095/story.html
2009-12-28,17:24:56,aj4lj,20,"Dameer Centre for Human Rights reported ""high levels of deformed births and miscarriages"", and that the use of radioactive and toxic ammunition by the Israeli army on Gaza resulted in significant deterioration in the health of Palestinians",weekly.ahram.org.eg,http://weekly.ahram.org.eg/2009/978/re82.htm
2009-12-29,07:00:40,ajbur,17,Iran arrests pro-reform opposition figures ,globalpost.com,http://www.globalpost.com/breaking-news/general/iran-website-says-four-killed-tehran-protests-0
2009-12-28,13:53:07,aj2uw,11,"Be careful what you wish for. [Mousavi] was at the heart of a regime that executed dissidents, took U.S. hostages and launched a fatwa against author Salman Rushdie.
",time.com,"http://www.time.com/time/world/article/0,8599,1904194,00.html#ixzz0axZQiPPY"
2009-12-29,03:48:18,aja6e,13,Iran's government cracked down on its opponents arresting two outspoken critics as well as several aides to main opposition leaders after eight people died in fierce clashes in Tehran,commondreams.org,http://www.commondreams.org/headline/2009/12/28-0
2009-12-29,03:52:12,aja7y,10,"Awaiting Gaza March, Holocaust Survivor Stages Hunger Strike",commondreams.org,http://www.commondreams.org/headline/2009/12/28-3
2009-12-29,05:22:04,ajb16,7,"Suicide bomber kills 30, extremists accused of trying to start sectarian war. ",guardian.co.uk,http://www.guardian.co.uk/world/2009/dec/28/pakistan-suicide-attack-kills-30
2009-12-28,22:31:04,aj714,7,Somali pirates were paid $4 million in ransom to release a hijacked Chinese cargo ship carrying coal and 25 sailors who had been in captivity for two months,mail.com,http://www.mail.com/Article.aspx/world/0/APNews/General-World-News/20091228/U_Piracy?pageid=1
2009-12-29,04:33:45,ajam0,5,Israel to Build 700 Homes in East Jerusalem.,voanews.com,http://www1.voanews.com/english/news/middle-east/Israel-to-Build-700-Homes-in-East-Jerusalem-80218077.html
2009-12-29,07:34:05,ajc41,6,"TV talent show exposes China's race issue -- Lou Jing's background became fodder for national gossip, sparking a vitriolic debate about race across a country that, in many respects, can be quite homogenous. [Article w Vid]",cnn.com,http://www.cnn.com/2009/WORLD/asiapcf/12/21/china.race/
2009-12-28,20:54:23,aj66u,4,"25,000 passengers hit by delays at British airports",telegraph.co.uk,http://www.telegraph.co.uk/news/uknews/terrorism-in-the-uk/6896000/Detroit-terror-attack-25000-passengers-hit-by-delays-at-British-airports.html
2009-12-28,23:31:39,aj7lo,4,British man to be executed in China for smuggling heroin,guardian.co.uk,http://www.guardian.co.uk/world/2009/dec/28/akmal-shaikh-execution-china
2009-12-28,22:36:26,aj72o,1,"In a quick, one-day operation, Thai soldiers with riot shields and clubs have evicted more than 4,000 Hmong asylum seekers from a holding center and forcibly repatriated them to Laos, where they say they face retribution from their government.",nytimes.com,http://www.nytimes.com/2009/12/29/world/asia/29hmong.html?partner=rss&emc=rss
2009-12-29,01:28:33,aj8sx,0,"Nine people have been killed in a fire at an apartment block in the US state of Mississippi, say officials.",news.bbc.co.uk,http://news.bbc.co.uk/1/hi/world/americas/8432879.stm
2009-12-29,06:21:52,ajbij,0,CNN Source: Explosives Enough to Bring Down Plane...,telegraph.co.uk,http://www.telegraph.co.uk/news/worldnews/northamerica/usa/6898212/Detroit-terror-attack-explosives-could-have-destroyed-plane.html
2009-12-28,20:27:23,aj5zs,0,Number of police officer killed by guns up 24%,articles.sfgate.com,http://articles.sfgate.com/2009-12-13/news/17220867_1_police-officers-gun-related-mark-dunakin
2009-12-29,02:29:20,aj9dq,1,Perspektiven: Die Bilder des Jahres 2009 - SPIEGEL ONLINE - Nachrichten - Panorama,spiegel.de,http://www.spiegel.de/fotostrecke/fotostrecke-50121.html
