2009-12-29,12:00:44,aje46,849,"It is a fact that a woman born in South Africa has a greater chance of being raped, than learning how to read.",news.bbc.co.uk,http://news.bbc.co.uk/2/hi/africa/1909220.stm
2009-12-29,03:56:02,aja94,385,"Israel planning to build 700 new houses in East Jerusalem, going back on their word and disrupting the peace. ",guardian.co.uk,http://www.guardian.co.uk/world/2009/dec/28/israel-settlement-homes-jerusalem
2009-12-29,09:13:25,ajcty,220,U.S. Intelligence Found Iran Nuke Document Was Forged,afterdowningstreet.org,http://www.afterdowningstreet.org/node/48781
2009-12-29,20:38:14,ajikf,125,"Britain has been given a warning by Iran's foreign minister that it will receive ""a punch on the mouth"" if it does not ""stop the nonsense"".",news.bbc.co.uk,http://news.bbc.co.uk/2/hi/uk_news/8433625.stm
2009-12-30,00:12:38,ajknj,72,No significant slowing in population growth. Humanity has been consistently gaining more than 79 million people (almost another Germany) each year since 1999.,vitalsigns.worldwatch.org,http://vitalsigns.worldwatch.org/vs-trend/population-growth-steady-recent-years
2009-12-29,08:28:20,ajchj,76,"NOAM CHOMSKY: “Gaza: One Year Later”: ""You [Palestinians] shall continue to live like dogs, and whoever wishes may leave, and we will see where this process leads."" – Moshe Dayan",democracynow.org,http://www.democracynow.org/blog/2009/12/24/noam_chomsky_gaza_one_year_later
2009-12-29,17:49:34,ajh89,41,China's executes mentally ill British man. I really thought they'd back down...,guardian.co.uk,http://www.guardian.co.uk/world/2009/dec/29/akmal-shaikh-execution-china-brown
2009-12-30,05:54:59,ajod5,37,Published Document States Khamenei Is Planning to Escape to Russia - looks like the final play is beginning,gatewaypundit.firstthings.com,http://gatewaypundit.firstthings.com/2009/12/published-document-states-khamenei-is-planning-an-escape-to-russia/
2009-12-30,03:39:17,ajn1e,31,"One Year Later, Palestinians Live in Rubble While Israel Blocks Aid (with US support)",crooksandliars.com,http://crooksandliars.com/susie-madrak/one-year-later-palestinians-live-rubb
2009-12-30,01:28:00,ajllc,29,"Putin: Russia needs to develop ""offensive strike systems"" to preserve strategic balance with the United States, without producing its own missile defense.",cnn.com,http://www.cnn.com/2009/WORLD/europe/12/29/russia.offensive.weapons/index.html
2009-12-29,12:29:33,ajec6,26,"Colombia is preparing to attack Venezuela in an
operation that will be made to look like its objective is a base of
Colombian guerrillas, Venezuelan President Hugo Chavez said.",bloomberg.com,http://www.bloomberg.com/apps/news?pid=20601086&sid=adNsILAw6xdo#
2009-12-29,19:58:31,aji90,25,Police arrest nuclear whistleblower - Vanunu the Guy Who Told All about Israel's Nukes!,abc.net.au,http://www.abc.net.au/news/stories/2009/12/29/2782369.htm?section=justin
2009-12-29,10:12:03,ajdac,26,Keep up with the latest events in Iran here.,pbs.org,http://www.pbs.org/wgbh/pages/frontline/tehranbureau/
2009-12-30,03:45:10,ajn3c,22,"After massive protests shook Iran this past summer, Iran singled out Gene Sharp, an obscure American political scientist in his 80s as a key figure behind the unrest. Since the early 1970s, his work has served as the template for taking on authoritarian regimes from Burma to Belgrade.",csmonitor.com,http://www.csmonitor.com/World/Middle-East/2009/1229/Iran-protesters-the-Harvard-professor-behind-their-tactics
2009-12-30,00:54:22,ajl6v,19,Israeli police arrest nuclear whistleblower Mordechai Vanunu for allegedly breaking parole conditions.,news.bbc.co.uk,http://news.bbc.co.uk/2/hi/middle_east/8433603.stm
2009-12-29,13:41:04,ajezp,16,"First gay marriage in Latin America occurs in 
Argentina. God promptly brings down his Wrath and 
smites the entire continent. That last bit was not 
true.",news.bbc.co.uk,http://news.bbc.co.uk/2/hi/americas/8433240.stm
2009-12-29,12:52:23,ajeir,18,Striking photos of the decade: An Australian perspective (well worth the watch),smh.com.au,http://www.smh.com.au/multimedia/world/the-photos-of-the-decade/20091229-li3s.html?autostart=1
2009-12-29,15:05:55,ajfum,14,Israeli op-ed compares compares settlement freeze to  1960s civil rights struggle; Palestinians still not people.,haaretz.com,http://www.haaretz.com/hasen/spages/1138414.html
2009-12-29,21:06:34,ajisi,16,"Two men in Malawi charged with ""gross public 
indecency"", for getting engaged.",news.bbc.co.uk,http://news.bbc.co.uk/2/hi/africa/8433640.stm
2009-12-30,03:39:59,ajn1l,13,Israel’s Supreme Court has ruled that a major access highway to Jerusalem running through the occupied West Bank could no longer be closed to most Palestinian traffic. ,nytimes.com,http://www.nytimes.com/2009/12/30/world/middleeast/30mideast.html?partner=rss&emc=rss
2009-12-30,03:00:02,ajmn9,11,"Detained Americans had nuclear power site map, say Pakistan police",guardian.co.uk,http://www.guardian.co.uk/world/2009/dec/27/detained-americans-pakistan-nuclear-power-map
2009-12-30,01:34:58,ajloj,12,"The Thai government has completed the deportation of more than 4,000 ethnic Hmong back to their homeland in neighbouring Laos.",english.aljazeera.net,http://english.aljazeera.net/news/asia-pacific/2009/12/2009122965747934902.html
2009-12-29,10:40:58,ajdin,10,Why we think the nigerian terrorist failed? He did not.,self.worldnews,https://www.reddit.com/r/worldnews/comments/ajdin/why_we_think_the_nigerian_terrorist_failed_he_did/
2009-12-29,22:48:57,ajjpk,8,The Chinese ambassador Fu Ying has been summoned to the Foreign Office amid a growing row between the UK and China over the execution of a British man.,news.bbc.co.uk,http://news.bbc.co.uk/2/hi/uk_news/8433704.stm
2009-12-29,12:27:55,ajebn,10,"Reuters is now reporting that China has executed accused drug smuggler Akmal Shaikh, citing the British Foreign Office",news.bbc.co.uk,http://news.bbc.co.uk/2/hi/uk_news/8433265.stm
2009-12-29,15:45:39,ajg6u,8,China executes mentally ill British man,ft.com,http://www.ft.com/cms/s/0/ba882b86-f436-11de-9cba-00144feab49a.html
2009-12-29,14:18:08,ajfda,8,US Widens Terror War to Yemen,commondreams.org,http://www.commondreams.org/headline/2009/12/28
2009-12-30,02:46:52,ajmie,7,Afghan soldier kills U.S. servicemember at army base,globalpost.com,http://www.globalpost.com/breaking-news/general/afghan-soldier-kills-us-servicemember
2009-12-29,22:14:43,ajje7,9,Low dishonest decade in review: or the search for intelligent life in the universe of Tony Blair,globalpost.com,http://www.globalpost.com/dispatch/worldview/091223/tony-blair-iraq-war
2009-12-29,12:53:47,ajejc,7,(Video) Iran: Protesters stop police car and free protesters from inside ,eye-on-the-world.blogspot.com,http://eye-on-the-world.blogspot.com/2009/12/video-iran-protesters-stop-police-car.html
