2009-08-25,19:57:47,9dwp9,1549,"""Every American should be forced to read and learn this in order to know what was done in their names.""",salon.com,http://www.salon.com/opinion/greenwald/2009/08/24/ig_report/
2009-08-26,07:33:43,9e42k,67,Is Yemen Chewing Itself to Death?,time.com,"http://www.time.com/time/world/article/0,8599,1917685,00.html"
2009-08-26,02:48:21,9e195,57,Swedish court rules The Pirate Bay admins too broke to pay damages,arstechnica.com,http://arstechnica.com/tech-policy/news/2009/08/swedish-court-rules-tpb-admins-too-broke-to-pay-damages.ars
2009-08-26,06:10:56,9e3da,48,"Girl, 13, told to delay solo sailing voyage by courts",independent.co.uk,http://www.independent.co.uk/news/world/europe/girl-13-told-to-delay-solo-sailing-voyage--by-courts-1776851.html
2009-08-25,09:07:50,9dria,50,Red Army troops raped even Russian women as they freed them from camps at the end of WWII,telegraph.co.uk,http://www.telegraph.co.uk/news/worldnews/europe/russia/1382565/Red-Army-troops-raped-even-Russian-women-as-they-freed-them-from-camps.html
2009-08-26,05:13:15,9e2tw,42,"""Why The World Must Boycott Israel"", An Excellent Article Written By An Israeli Professor",latimes.com,"http://www.latimes.com/news/opinion/la-oe-gordon20-2009aug20,0,753091.story"
2009-08-25,11:52:48,9dsqz,36,Police may be issued with new high-power Taser,guardian.co.uk,http://www.guardian.co.uk/politics/2009/aug/23/new-taser-gun-police
2009-08-25,20:32:28,9dwz0,35,"London's CCTVs solve only one crime in a 1,000",news.bbc.co.uk,http://news.bbc.co.uk/1/hi/england/london/8219022.stm
2009-08-26,04:00:25,9e22b,20,Violations of human rights: Coup protestor gang-raped by Honduran police,commondreams.org,http://www.commondreams.org/view/2009/08/25-2
2009-08-25,16:05:49,9duuj,13,"He has been captured by bank surveillance cameras in eight states, sneering and holding a pistol sideways during heists. ",cnn.com,http://www.cnn.com/2009/CRIME/08/25/serial.bank.robber/index.html?eref=rss_topstories
2009-08-25,23:01:50,9dyfm,11,"1,000 CCTV cameras to solve just one crime, Met Police admits",telegraph.co.uk,http://www.telegraph.co.uk/news/uknews/crime/6082530/1000-CCTV-cameras-to-solve-just-one-crime-Met-Police-admits.html
2009-08-26,07:59:45,9e49y,14,"Britain allows tax-payer funded organizations/universities to ban common words and phrases that could possibly be construed as racist or sexist,  for example, ""black mark,"" ""right hand man,"" and ""gentleman's agreement.""  Ridiculous.",news.com.au,"http://www.news.com.au/perthnow/story/0,21598,25978175-948,00.html"
2009-08-26,05:24:45,9e2xs,10,Saving the World's Women: How changing the lives of women and girls in the developing world can change everything,nytimes.com,http://www.nytimes.com/2009/08/23/magazine/23Women-t.html?pagewanted=1&_r=1&emc=eta1
2009-08-26,00:37:26,9dzlz,13,There Are More Slaves Today Than at Any Time in Human History,alternet.org,http://www.alternet.org/rights/142171/there_are_more_slaves_today_than_at_any_time_in_human_history/
2009-08-26,02:44:48,9e17o,10,Remember the Torture-Slaying of the University of Tennessee students from 2007?  The first of the four defendants has been found guilty.,knoxnews.com,http://www.knoxnews.com/news/2009/aug/25/torture-slaying-trial-day-8-jurors-resume-delibera/
2009-08-25,17:40:10,9dvld,10,Former Labour MP Tam Dalyell and Edinburgh law professor Robert Black urge the Scottish and UK governments to answer allegations that Lockerbie suspect Abu Nidal was a US agent.,news.scotsman.com,http://news.scotsman.com/world/Was-Lockerbie-suspect-working-for.4631017.jp
2009-08-26,06:13:45,9e3ef,8,"UK Royal Mail is to phase out nearly all of the 25,000 bikes used by postmen and women across the country.",cambridge-news.co.uk,http://www.cambridge-news.co.uk/cn_news_cambridge/displayarticle.asp?id=443700
2009-08-25,15:20:30,9dugg,8,"A Roma (Gypsy) community has been living on a dump in Clug, Romania, for two generations. ",news.bbc.co.uk,http://news.bbc.co.uk/2/hi/europe/8219444.stm
2009-08-25,10:47:58,9ds70,9,Its kinda like a fun-sized version of imperialism...(new interactive map),guardian.co.uk,http://www.guardian.co.uk/world/interactive/2009/aug/24/israel-settlements-west-bank
2009-08-25,23:23:27,9dyok,9,What are some good/decent news websites that I can read regularly that is not too biased?,self.worldnews,https://www.reddit.com/r/worldnews/comments/9dyok/what_are_some_gooddecent_news_websites_that_i_can/
2009-08-26,02:47:13,9e18q,5,Evidence Reveals Libyan Convicted of Lockerbie Bombing Innocent: Corporate media in U.S. ignores story that Abdelbaset al-Megrahi is innocent. ,infowars.com,http://www.infowars.com/evidence-reveals-libyan-convicted-of-lockerbie-bombing-innocent/
2009-08-25,19:13:00,9dwcl,7,China: First armed police law set to pass,chinadaily.com.cn,http://www.chinadaily.com.cn/china/2009-08/25/content_8610543.htm
2009-08-25,14:51:27,9du7q,5,"Japan, out of recession – is it over?",clearsigh.com,http://clearsigh.com/archives/52
2009-08-26,06:32:00,9e3l8,4,Canadian program aims to get mentally ill off streets,cbc.ca,http://www.cbc.ca/health/story/2009/08/25/homelessness-federal-project-subsidized-housing.html?ref=rss
2009-08-26,03:10:17,9e1io,3,"The Palestinian prime minister, Salam Fayyad, unveiled a government program on Tuesday to build the apparatus of a Palestinian state within two years, regardless of progress in the stalled peace negotiations with Israel.",nytimes.com,http://www.nytimes.com/2009/08/26/world/middleeast/26mideast.html
2009-08-26,00:52:58,9dzsq,3,"Honduran Supreme Court Denies Zelaya’s Return, Keeping Political Crisis Alive",findingdulcinea.com,http://www.findingdulcinea.com/news/Americas/2009/August/Honduran-Supreme-Court-Denies-Zelaya-s-Return--Keeping-Political-Crisis-Alive.html
2009-08-26,03:25:04,9e1oj,2,Uighur-Han Trials Begin ,findingdulcinea.com,http://www.findingdulcinea.com/news/Asia-Pacific/2009/august/Uighur-Han-Trials-to-Begin-Soon.html
2009-08-26,06:42:29,9e3oq,3,"IPCC Chairman backs further reduced atmospheric CO₂ levels - ""the world must be really ambitious and very determined at moving toward a 350 target""",news.yahoo.com,http://news.yahoo.com/s/afp/20090825/sc_afp/climatewarmingunipccpachaurico2
2009-08-25,12:39:32,9dt4h,0,Iran reformist unveils case of raped detainee ,news.aol.com,http://news.aol.com/article/iran-reformist-unveils-case-of-raped/623979?FORM=ZZNR2
2009-08-25,21:17:26,9dxce,2,"Ex-spy chief, politicians go on trial in Iran - Reformists allegedly tried to topple Islamic system after disputed election",msnbc.msn.com,http://www.msnbc.msn.com/id/32549291/ns/world_news-mideastn_africa/
