2009-12-14,21:08:53,aehex,1017,"Copenhagen Climate Talks SUSPENDED, In Chaos, As Countries Walk Out Of The Conference",huffingtonpost.com,http://www.huffingtonpost.com/2009/12/14/copenhagen-climate-talks_n_390750.html
2009-12-14,02:11:56,ae88m,219,"Italy - Prime Minister Silvio Berlusconi punched in the face, left bleeding from the mouth",news.bbc.co.uk,http://news.bbc.co.uk/2/hi/europe/8410946.stm
2009-12-14,11:35:10,aece1,126,Cleaners 'worth more to society' than bankers,news.bbc.co.uk,http://news.bbc.co.uk/2/hi/business/8410489.stm
2009-12-15,02:36:04,aele9,49,"The ""Arab Gandhi"" is near death in a hunger strike against the illegal occupation of her homeland",guardian.co.uk,http://www.guardian.co.uk/commentisfree/libertycentral/2009/dec/14/hunger-strike-aminatou-haidar
2009-12-14,14:05:52,aedqa,40,"Power to the masses! The Australian Government has released a discussion paper which briefly summarises the key arguments for and against an R 18+ classification for computer games, and is seeking input from the public.",ag.gov.au,http://www.ag.gov.au/gamesclassification
2009-12-14,20:50:02,aeh8w,42,Three Americans who were holidaying in Iraq and hiked into Iran by accident are to face trial. Swiss diplomats are helping them. ,news.bbc.co.uk,http://news.bbc.co.uk/2/hi/middle_east/8411621.stm
2009-12-15,00:35:52,aeju5,45,"Drone strikes could be coming soon to major cities in Pakistan, not just in the country's hinterland",latimes.com,"http://www.latimes.com/news/nation-and-world/la-fg-us-pakistan14-2009dec14,0,3724162.story"
2009-12-15,02:20:05,ael6y,31,British Airways Christmas strike - Thank you! I will never fly with you again! ,guardian.co.uk,http://www.guardian.co.uk/business/2009/dec/14/british-airways-christmas-strike
2009-12-15,06:07:18,aenqp,31,"Czech Republic is the Netherlands of Eastern Europe. Legal prostitution, lowest religiosity in Europe and now legal pot! Long live Česká Republika!",ncpa.org,http://www.ncpa.org/sub/dpd/index.php?Article_ID=18793&utm_source=newsletter&utm_medium=email&utm_campaign=DPD
2009-12-15,01:51:17,aektj,24,"In Russia a bank robber hypnotized tellers into giving her over $80,000.",globalpost.com,http://www.globalpost.com/dispatch/russia/091212/russia-bank-robber-hypnotize
2009-12-15,01:53:36,aekuo,27,Dubai got a $10 billion lifeline from oil-rich Abu Dhabi to save one of its prized companies from imminent default ,mail.com,http://www.mail.com/Article.aspx/money/business/APNews/General-Business/20091214/U_ML-Dubai-Meltdown?pageid=1
2009-12-15,00:11:10,aejia,26,"Berlusconi has fractured nose, broken teeth from attack with replica Cathedral.",cnn.com,http://www.cnn.com/2009/WORLD/europe/12/14/berlusconi.milan/index.html
2009-12-14,23:52:36,aej91,22,"In Afghanistan, the number of... Taliban < foreign troops < private security contractors < Afghan army & police ",ablogistan.com,http://www.ablogistan.com/archives/2009/12/information_is.html#more
2009-12-14,15:16:15,aeedy,22,"Odd news: unmarked vehicles operated by foreigners using falsified registration numbers keep getting stopped in Pakistan, and the US consulate keeps bailing them out.",dawn.com,http://www.dawn.com/wps/wcm/connect/dawn-content-library/dawn/news/pakistan/metropolitan/12-two%2Bmore%2Bus%2Bconsulate%2Bvehicles%2Bintercepted%2Bin%2Blahore--bi-03
2009-12-15,01:16:04,aekbz,23,"Italy Bans Breast Enlargement for Girls Under 18, Berlusconi not happy.",wordsaboutthings.co.uk,http://www.wordsaboutthings.co.uk/italy-bans-breast-enlargement-for-girls-under-18/
2009-12-15,04:31:06,aempy,23,British court issued Gaza arrest warrant for former Israeli minister Tzipi Livni,guardian.co.uk,http://www.guardian.co.uk/world/2009/dec/14/tzipi-livni-israel-gaza-arrest
2009-12-15,05:57:01,aennn,19,U.K. no longer vacation destination for ISRAELI war criminals. British court issues arrest warrant against Israeli opposition leader for role in GAZA massacre.,haaretz.com,http://www.haaretz.com/hasen/spages/1134978.html
2009-12-14,18:59:25,aeg9d,18,"Can we call this thug a torture expert 
with exceptional torture skills?",washingtonpost.com,http://www.washingtonpost.com/wp-dyn/content/article/2009/12/11/AR2009121102610_pf.html
2009-12-14,21:39:17,aehpj,18,Arrest warrant issued in London against Israeli War Criminal Tzipi Livni,ynetnews.com,"http://www.ynetnews.com/articles/0,7340,L-3819768,00.html"
2009-12-14,22:26:41,aei81,16,"More than 1,400 civilians were deliberately killed this year in eastern Congo and the presence of 19,000 United Nations peacekeepers did not stop the slaughter. Bloodshed has been fueled by ethnic tensions, competing commercial interests, land disputes and regional politics.",nytimes.com,http://www.nytimes.com/2009/12/14/world/africa/14congo.html
2009-12-14,10:27:40,aebte,19,Poor nations threaten walkout at Copenhagen if developed countries try to strongarm them,guardian.co.uk,http://www.guardian.co.uk/environment/2009/dec/13/copenhagen-climate-summit-poor-nations
2009-12-14,08:43:25,aeb13,16,"Obama Administration tip off Thai officials to major North Korea arm smuggling cargo plane, Thais seize tons of weapons",nytimes.com,http://www.nytimes.com/2009/12/13/world/asia/13thai.html
2009-12-14,11:11:40,aec6k,16,Outraged Brits want Blair prosecuted for war crimes,rawstory.com,http://rawstory.com/2009/12/outraged-brits-blair-prosecuted-war-crimes/
2009-12-15,04:39:19,aemt6,14,Russian Interior Minister: Ordinary citizens have the right to defend themselves against police officers who launch illegal attacks on them,en.rian.ru,http://en.rian.ru/society/20091126/157000028.html
2009-12-14,22:05:17,aehz1,12,"Israel, especially under the hardline nationalist government of Benjamin Netanyahu, has begun to overreact almost systematically to the perceptible erosion of international support for its irredentist claims on the West Bank.",ft.com,http://www.ft.com/cms/s/0/ba991878-e811-11de-8a02-00144feab49a.html
2009-12-15,01:02:17,aek53,11,"Attacker Hurls Statuette, Bloodies Berlusconi",npr.org,http://www.npr.org/templates/story/story.php?storyId=121392365&ft=1&f=1001
2009-12-14,21:55:06,aehvb,13,Bolivia facing disaster as the glaciers it has long depended on for water melt away. ,nytimes.com,http://www.nytimes.com/2009/12/14/science/earth/14bolivia.html?_r=1&hp
2009-12-15,02:15:11,ael55,11,U.S./Russia Cyber Arms Control Talks,schneier.com,http://www.schneier.com/blog/archives/2009/12/usrussia_cyber.html
2009-12-15,07:13:25,aeobc,10,yikes... what a vile piece of drum-beating propaganda in a major newspaper. World War Three coming?,timesonline.co.uk,http://www.timesonline.co.uk/tol/news/world/middle_east/article6955194.ece
2009-12-14,09:17:43,aeba0,11,Israel approves new funds for West Bank settlements,news.bbc.co.uk,http://news.bbc.co.uk/2/hi/middle_east/8411188.stm
