2009-10-13,00:57:45,9t9qv,419,"""Police forces across Canada... are immediately changing their Taser use policy after the manufacturer issued a directive that officers should not aim the weapon at a suspect's chest.""",thestar.com,http://www.thestar.com/news/canada/article/708892--aim-tasers-lower-police-told
2009-10-12,17:46:07,9t5v2,190,Charlie Brooker on the aging process.,guardian.co.uk,http://www.guardian.co.uk/commentisfree/2009/oct/12/charlie-brooker
2009-10-12,22:40:00,9t88q,171,"Berlusconi: ""I am the best prime minister ever ... I am absolutely the politician most persecuted by prosecutors in the entire history of the world throughout the ages.""",nytimes.com,http://www.nytimes.com/2009/10/10/world/europe/10briefs-Italybrf.html
2009-10-12,22:40:00,9t88r,144,Welcome to Debt City: Expats who took out loans during Dubai's good times now flee or face jail,globalpost.com,http://www.globalpost.com/dispatch/middle-east/091008/dubai-debt-city
2009-10-12,22:52:18,9t8cs,130,"Turns out the conspiracy theorists were right: ""Interpol and the United Nations are poised to become partners in fighting crime by jointly grooming a global police force that would be deployed as peacekeepers among rogue nations riven by war and organized crime""",nytimes.com,http://www.nytimes.com/2009/10/12/world/europe/12iht-interpol.html?_r=1
2009-10-12,23:59:09,9t91p,100,'Embarrassing' Incident in Gulf of Suez: German Ship Transporting Arms for Iran,spiegel.de,"http://www.spiegel.de/international/germany/0,1518,654596,00.html"
2009-10-13,05:33:42,9tcq0,67,Russians gripped by YouTube video claims of government role in hedge fund scam,guardian.co.uk,http://www.guardian.co.uk/business/2009/oct/12/russians-grippped-by-youtube-video
2009-10-12,18:04:09,9t601,34,Research by the Royal Melbourne Children's Hospital suggests children under the age of two should not watch any TV at all.,abc.net.au,http://www.abc.net.au/news/stories/2009/10/12/2711686.htm?section=entertainment
2009-10-13,04:28:49,9tc3f,25,"No one will ever know how Afghans voted in their 
country's presidential elections on Aug. 20, 2009. 
Seven weeks after the polling, the U.N.-backed 
Electoral Complaints Commission (ECC) is still 
trying to separate fraudulent tallies from ballots. ",time.com,"http://www.time.com/time/magazine/article/0,9171,1929210,00.html"
2009-10-13,04:44:25,9tc8x,22,"One year since banking collapse, Iceland’s crisis deepens ",wsws.org,http://www.wsws.org/articles/2009/oct2009/icel-o12.shtml
2009-10-13,00:41:58,9t9jv,19,"Child labour is illegal in Bolivia, but almost  320,000 of the country's children and adolescents in extreme conditions, in the mines, Brazil nut plantations and sugar cane field, earning less than $5 a day",news.bbc.co.uk,http://news.bbc.co.uk/2/hi/americas/8285751.stm
2009-10-12,08:17:22,9t20j,18,Turkey has postponed a joint air force drill after opposing Israel's participation because of the war in Gaza.,news.bbc.co.uk,http://news.bbc.co.uk/2/hi/middle_east/8301321.stm
2009-10-12,22:30:27,9t85q,12,The U.S. announces plans to send the USS George Washington to the South Korean port of Busan on Tuesday; North Korea fires five short-range missiles off its coast and declared a 'no sail' zone in the area from October 10-20. Probably just a coincidence.,reuters.com,http://www.reuters.com/article/worldNews/idUSTRE59B1X920091012
2009-10-13,00:21:22,9t9b2,12,Jordan is one of the most water-scarce countries in the world. High population growth and the depletion of groundwater reserves are threatening to aggravate this situation in the future.,zawya.com,http://www.zawya.com/Story.cfm/sidZAWYA20090916120250/Halcrow%20helps%20to%20alleviate%20Jordan%27s%20severe%20water%20shortage
2009-10-12,10:20:24,9t2qu,11,"""I don't think it's nice to have diversity anywhere, myself."" BNP wives - a 46-minute documentary on the British right-wing",video.google.co.uk,http://video.google.co.uk/videoplay?docid=-6145793487676011977#
2009-10-12,21:08:41,9t7fm,11,"Zhanglidong, China — Visitors can smell this village long before they see it",timesfreepress.com,http://www.timesfreepress.com/news/2009/oct/11/economy-grows-so-do-chinas-garbage-woes/
2009-10-12,21:03:57,9t7eb,9,N Korea 'test-fires two missiles' ,news.bbc.co.uk,http://news.bbc.co.uk/2/hi/asia-pacific/8302841.stm
2009-10-13,03:56:49,9tbra,7,China to continue birth control policy: vice premier,news.xinhuanet.com,http://news.xinhuanet.com/english/2009-09/08/content_12017472.htm
2009-10-13,00:21:02,9t9as,5,The Top 3 -Isms in the Middle East,politicallyillustrated.com,http://politicallyillustrated.com/index.php?/news_page/d1/538/
2009-10-13,06:32:01,9td88,6,"Benefits of Piracy in Somalia: Scared international fishing trawlers avoid region and as a result, local fishing thriving",youtube.com,http://www.youtube.com/watch?v=kP5K6n5C6jQ
2009-10-13,00:47:50,9t9mf,5,"Study suggests many of the Canadians who died or hospitalised earlier this year with H1N1 virus were young adults, female and aboriginal",cbc.ca,http://www.cbc.ca/canada/story/2009/10/12/h1n1-virus-infection-females-young-aboriginals-study.html
2009-10-12,21:20:04,9t7iy,6,"'Crumbs instead of Cake' - Germany's New 
Government Faces Reality Check",spiegel.de,"http://www.spiegel.de/international/germany/0,1518,654588,00.html"
2009-10-12,09:22:27,9t2eb,3,Afghanistan: Interview with Malalai Joya -- The occupation is `a war on the Afghan people',links.org.au,http://links.org.au/node/1295
2009-10-13,00:09:23,9t95v,3,Prime Minister Benjamin Netanyahu vows that he will never allow any of Israel's leaders or soldiers to be put on trial for war crimes.,haaretz.com,http://www.haaretz.com/hasen/spages/1120496.html
2009-10-12,12:14:21,9t3gf,2,Amazon To Charge Oz Kindle Users 40 Percent Extra Per Book ,smh.com.au,http://www.smh.com.au/digital-life/digital-life-news/kindle-in-bad-books-as-aussies-hit-with-higher-costs-20091012-gt52.html
2009-10-13,04:15:48,9tbyf,4,"40 years later, man arrested for New York plane hijacking ",guardian.co.uk,http://www.guardian.co.uk/world/2009/oct/12/new-york-hijack-cuba-40years
2009-10-13,04:17:04,9tbyt,2,Libyan Attacks Italian Army Barracks In Milan,allheadlinenews.com,http://www.allheadlinenews.com/articles/7016666912
2009-10-12,22:39:41,9t88j,0,"Last week, the watchdog group assigned to address the Afghan's election said it would calculate a different fraud percentage for each candidate, to keep any from benefitting more from fraud. Today it reversed that decision, and one of the two Afghans on the commission has resigned in protest.",reuters.com,http://www.reuters.com/article/worldNews/idUSTRE59A16B20091012
2009-10-12,22:05:11,9t7wv,0,Former executive director of AIPAC hired to courting the   Arabs in the Middle East,jweekly.com,http://www.jweekly.com/article/full/40119/former-boss-of-s.f.-federation-to-aid-arabic-network/
2009-10-13,05:41:02,9tcsa,0,Never forget: The Rockefeller Foundation helped set up the German Eugenics program that Josef Mengele worked in until he went to Auschwitz.,hnn.us,http://hnn.us/articles/1796.html
