2009-09-21,20:37:38,9mkuc,269,"Gaza's Water Supply Near Collapse. ""The International Committee of the Red Cross has warned that Gaza's access to safe supply of drinking water could cease at any time.""",ipsnews.net,http://ipsnews.net/news.asp?idnews=48464
2009-09-21,19:36:57,9mkga,171,One of the greatest rivalries in the history of chess is due to resume as Garry Kasparov takes on Anatoly Karpov in the Spanish city of Valencia.,news.bbc.co.uk,http://news.bbc.co.uk/2/hi/europe/8266220.stm
2009-09-22,03:53:14,9mp74,126,"""Secret Service agents found Yeltsin clad only in his underwear, standing alone on Pennsylvania Avenue and trying to hail a cab. He wanted a pizza, he told them, his words slurring.""",usatoday.com,http://www.usatoday.com/news/washington/2009-09-21-clinton-tapes_N.htm
2009-09-22,04:26:48,9mpjp,100,Israelis really don't like Obama. Bonus: Racism caught on tape,mondoweiss.net,http://mondoweiss.net/2009/09/feeling-more-hate-in-jerusalem.html#comments
2009-09-21,19:27:18,9mke6,70,"The top US Commander in Afghanistan, General Stanley McChrystal, says without more troops on the ground there, the international mission will most likely result in failure.",abc.net.au,http://www.abc.net.au/news/stories/2009/09/21/2692414.htm
2009-09-21,10:02:34,9mgpj,52,Bear mauls nine at bus stop,stuff.co.nz,http://www.stuff.co.nz/world/asia/2886449/Bear-mauls-nine-at-bus-stop
2009-09-21,18:02:08,9mjvh,35,"Muslims mass-producing children to take over Africa, says Archbishop Nicholas Okoh of Nigeria",timesonline.co.uk,http://www.timesonline.co.uk/tol/comment/faith/article6841734.ece
2009-09-22,05:37:43,9mq78,22,"Canadian dad leaves kids in hot car while he goes drinking at the Fat Pig Saloon. Cops pull kids, who are drenched in sweat and screaming, from car. No charges laid.",theprovince.com,http://www.theprovince.com/charges+laid+against+left+kids+vehicle+Abbotsford+police/2016945/story.html
2009-09-22,02:59:32,9molo,21,"""Until recently, the man running Press TV’s Web site was an American who fled the United States in 1980 after carrying out a political assassination in the Washington suburbs on behalf of the Iranian government.""",thelede.blogs.nytimes.com,http://thelede.blogs.nytimes.com/2009/09/16/just-another-american-hit-man-actor-and-journalist-living-in-iran/?ref=middleeast
2009-09-22,03:37:16,9mp0s,18,Irish school fingerprints pupils to monitor absenteeism,irishexaminer.com,http://www.irishexaminer.com/ireland/kfauaucwqlql/rss2/#ixzz0QSdJCgTy
2009-09-22,04:12:29,9mpei,15,"In 2006-2008, 14,100 new residents of West Bank settlements were registered annually. To Palestinians, it means an expansion of the occupation. To Israelis, it's beginning to look like little more than suburbanization.",csmonitor.com,http://www.csmonitor.com/2009/0921/p06s01-wome.html
2009-09-22,05:01:45,9mpvc,17,"Ousted Honduran President Zelaya takes refuge at Brazilian embassy IN Honduras 
",reuters.com,http://www.reuters.com/article/worldNews/idUSTRE58K3JY20090921
2009-09-21,14:00:11,9mib5,14,"More than 35 million people have Alzheimer’s and Dementia worldwide, according to new report",healthinformer.net,http://www.healthinformer.net/more-than-35-million-people-have-alzheimers-and-dementia-worldwide-according-to-new-report.html
2009-09-22,00:54:41,9mnar,12,"Ayalon: Military option against Iran is still on the table: ""I don't think that, with all due respect, the Russian president is authorized to speak for Israel and certainly we have not taken any option off the table.""",jpost.com,http://www.jpost.com/servlet/Satellite?cid=1253198164861&pagename=JPost%2FJPArticle%2FShowFull
2009-09-22,05:42:31,9mq92,11,"UK army rotten, Iraq probe told",news.bbc.co.uk,http://news.bbc.co.uk/2/hi/uk_news/8266699.stm
2009-09-21,13:07:50,9mhyw,10,China adoption: Some Chinese parents say their babies were stolen for adoption ,latimes.com,"http://www.latimes.com/news/nationworld/nation/la-fg-china-adopt20-2009sep20,0,401407.story"
2009-09-22,00:21:09,9mmxo,8,Canada's health minister orders investigation after body bags were sent to aboriginal reserves as part of supplies to deal with swine flu,news.bbc.co.uk,http://news.bbc.co.uk/2/hi/americas/8262640.stm
2009-09-22,07:09:28,9mr0u,9,US-CUBA: Five Decades of an Admittedly Failed Policy,ipsnews.net,http://www.ipsnews.net/news.asp?idnews=48524
2009-09-22,05:33:04,9mq5u,7,How to Fix An Election: Manipulating election results may not be as hard as previously thought.,technologyreview.com,http://www.technologyreview.com/blog/arxiv/24139/
2009-09-22,01:07:21,9mnft,7,Rogue nuclear scientist Dr A Q Khan has sensationally disclosed it was former prime minister Benazir Bhutto who had asked him to hand over the country’s nuclear know-how to Iran and North Korea!,deccanherald.com,http://www.deccanherald.com/content/26456/n-secrets-sold-iran-khan.html
2009-09-22,04:17:24,9mpg4,5,AFP: Somalia faces worst food crisis in 18 years,google.com,http://www.google.com/hostednews/afp/article/ALeqM5ir0okC5PmVWntQsDU45mtgdRmizw
2009-09-22,04:47:05,9mpql,4,Ousted President Zelaya in Brazil embassy in Honduras,rawstory.com,http://rawstory.com/news/afp/Ousted_President_Zelaya_in_Brazil_e_09212009.html
2009-09-22,00:56:14,9mnb7,3,Kashmir's Water Wars,globalpost.com,http://www.globalpost.com/dispatch/india/090731/the-coming-war-water
2009-09-22,07:38:37,9mr8u,2,A German Jihad Colony: Islamists in Pakistan Recruit Entire Families from Europe,spiegel.de,"http://www.spiegel.de/international/germany/0,1518,650264,00.html"
2009-09-21,21:47:59,9mldp,1,Ahmadinejad proud of Holocaust denial,news.yahoo.com,http://news.yahoo.com/s/ap/20090921/ap_on_re_mi_ea/ml_iran/print
2009-09-22,03:37:00,9mp0q,1,Deadly quake rocks Bhutan ,english.aljazeera.net,http://english.aljazeera.net//news/asia/2009/09/2009921131843161266.html   Bhutan earthquake
2009-09-22,05:04:14,9mpvw,2,"New UK initiative allows parents to share maternity leave, giving fathers a better chance to spend time with their children and mothers a better chance to close the maternal wage gap",feministe.us,http://www.feministe.us/blog/archives/2009/09/17/a-baby-step-forward-for-working-moms/
2009-09-21,08:33:01,9mg5y,1,Coup anniversary reveals two faces of Thailand,links.org.au,http://links.org.au/node/1257
2009-09-21,22:03:19,9mlin,0,"UK Ministry of Justice didn't want to be left out of the ""let's lose stuff"" competition - they roll in with 2000 personal files missing. Is there some sort of contest going on we don't know about? ",computerweekly.com,http://www.computerweekly.com/Articles/2009/09/18/237768/moj-admits-losing-2000-personal-records.htm
2009-09-22,01:10:19,9mngr,1,Female Drug Lords - Women Leaders of the Mexican Drug Cartel,marieclaire.com,http://www.marieclaire.com/world-reports/news/international/mexican-drug-cartels
