2009-10-18,06:26:13,9v350,794,Children in Africa are being accused of witchcraft and are getting tortured and killed in Africa by Evangelical Christians.,latimes.com,"http://www.latimes.com/news/nationworld/wire/sns-ap-af-nigeria-child-witches,0,5276725.story"
2009-10-18,16:46:52,9v6h9,139,"BREAKING: Several top commanders in Iran's elite Revolutionary Guard have been attacked and killed in the volatile south-east of the country, reports say.",news.bbc.co.uk,http://news.bbc.co.uk/2/hi/middle_east/8312964.stm
2009-10-19,06:45:37,9vbkm,67,"US intelligence reports: 90% of the insurgents battling US and NATO troops in Afghanistan are not religiously motivated Taliban and Al Qaeda warriors, but a new generation of tribal fighters vying for control of territory, mineral wealth, and smuggling routes,",boston.com,http://www.boston.com/news/world/middleeast/articles/2009/10/09/most_insurgents_in_afghanistan_not_religiously_motivated_military_reports_say/
2009-10-18,18:12:18,9v6v7,46,"North Korea holds more than 150,000 political prisoners in six prison camps across the country, a South Korean MP says.",news.bbc.co.uk,http://news.bbc.co.uk/2/hi/asia-pacific/8312317.stm
2009-10-18,10:27:49,9v4j0,46,"""The government should be spying on Muslims even if they are not suspected of committing crimes"" - Is it OK to consider UK a racist country?",guardian.co.uk,http://www.guardian.co.uk/uk/2009/oct/16/spying-morally-right-says-thinktank
2009-10-19,02:02:51,9v9lu,30,The chief of an endangered Amazon tribe will unveil today the product of an unusual partnership with Google Inc. that pairs high tech with indigenous knowledge in an effort to rescue ancient rain forests and a dying culture.,sfgate.com,http://www.sfgate.com/cgi-bin/article.cgi?f=/c/a/2009/10/18/MN4O1A3I0E.DTL
2009-10-19,03:59:38,9vaft,23,Iran blames west for deadly suicide bombing,guardian.co.uk,http://www.guardian.co.uk/world/2009/oct/18/iran-suicide-bomb-revenge-vow
2009-10-18,16:11:46,9v6bj,21,The End of East: West German Secret Service Opens GDR Files ,spiegel.de,"http://www.spiegel.de/international/germany/0,1518,655350,00.html"
2009-10-18,20:55:20,9v7ln,19,The trembling hand of Thatcher points – Tories find something left that isn’t nailed down,news.bbc.co.uk,http://news.bbc.co.uk/1/hi/uk_politics/8312999.stm
2009-10-19,03:56:33,9vaey,22,"Suicide bomber attacks Sunni - Shiite reconciliation meeting in Iran, kills 31.  Seriously, we can't get a break, can we?",latimes.com,"http://www.latimes.com/news/nationworld/world/la-fg-iran-bombing19-2009oct19,0,387630.story?track=rss"
2009-10-19,06:53:10,9vbm8,18,"70 years on - Nefertiti's bust will be back in the Neues Museum, finally reopened today after being destroyed in WW2",spiegel.de,"http://www.spiegel.de/international/germany/0,1518,655577,00.html"
2009-10-18,11:51:33,9v4yw,18,"Leftist Latin American leaders agree on a new regional currency, the Sucre, to scale back the use of the US dollar",commondreams.org,http://www.commondreams.org/headline/2009/10/17-3
2009-10-19,07:52:05,9vbzd,13,Iran accuses Pakistan over attack ,news.bbc.co.uk,http://news.bbc.co.uk/2/hi/middle_east/8313625.stm
2009-10-18,12:39:38,9v58i,15,Twelve dead and police helicopter downed as Rio de Janeiro drug gangs go to war.,guardian.co.uk,http://www.guardian.co.uk/world/2009/oct/17/rio-favela-violence-helicopter
2009-10-19,03:15:33,9va4c,12,"In India, plagiarism is on the rise",globalpost.com,http://www.globalpost.com/dispatch/india/090921/did-you-write-yaar-india-plagiarism-the-rise
2009-10-18,09:54:22,9v4d0,13,Europe does not need President Blair,guardian.co.uk,http://www.guardian.co.uk/commentisfree/2009/oct/17/blair-president-europe
2009-10-18,08:09:21,9v3rk,9,"In November 2008, New York Times reporter David Rohde was kidnapped in an attempt to interview a Taliban commander. He spent seven months being held by them in Pakistan with two colleagues, his driver Asad and an Afghan journalist, Tahir. This is the first in a five-part series of his captivity.",nytimes.com,http://www.nytimes.com/2009/10/18/world/asia/18hostage.html?hp
2009-10-19,07:47:04,9vby7,8,"Security staff at Manchester Airport have been banned from using new ""see-through"" security scanners for children",news.bbc.co.uk,http://news.bbc.co.uk/2/hi/uk_news/england/manchester/8313335.stm
2009-10-19,00:18:20,9v8ud,7,"China Russia Axis Iran Offers SCO Alternative To U.S. Control Of World Resources. ""Iran has offered to enhance its role as an energy provider and transit route for Shanghai Cooperation Organization (SCO) member states.""",globalresearch.ca,http://globalresearch.ca/index.php?context=va&aid=15706
2009-10-18,18:10:45,9v6uu,7,Australia’s population growth continues to surge ahead despite the world economic slowdown and a reduction in skilled migration.,forturity.com.au,http://www.forturity.com.au/property-investment/australias-population-growth
2009-10-19,00:17:02,9v8tz,6,"Cancer sufferers in Iraq have risen by almost tenfold in just 3 years. DU the likely culprit. In this part of Iraq 500 cases of cancer were diagnosed in 2004. This year, there have so far been more than 9,000 new cases ... and the number is rising.",therealnews.com,http://therealnews.com/t/index.php?option=com_content&task=view&id=31&Itemid=74&jumival=4339
2009-10-18,20:27:38,9v7gf,3,Rio police die as helicopter hit,news.bbc.co.uk,http://news.bbc.co.uk/1/hi/world/americas/8312885.stm
2009-10-18,20:21:06,9v7f8,4,Big anti-abortion rally in Spain: More than a million people are said to have taken part in a march in Madrid to oppose government plans to liberalise Spain's abortion law.,news.bbc.co.uk,http://news.bbc.co.uk/2/hi/europe/8311824.stm?
2009-10-18,23:07:03,9v8dm,2,"Alone at Sea: Australian Teen Girl Starts Bid to Sail Around World
",abcnews.go.com,http://abcnews.go.com/International/wireStory?id=8855080
2009-10-19,01:39:00,9v9fv,1,Pakistan Military: South Waziristan clashes kill 60 militants,dawn.com,http://www.dawn.com/wps/wcm/connect/dawn-content-library/dawn/news/pakistan/04-troops-pound-south-waziristan-militant-positions-qs-06
2009-10-19,00:43:21,9v91j,1,"For the record, Judge Richard Goldstone himself does not support Friday's UN Human Rights Council resolution that endorsed his report. ",jpost.com,http://www.jpost.com/servlet/Satellite?cid=1255694829578&pagename=JPost%2FJPArticle%2FShowFull
2009-10-18,09:02:36,9v43k,1,Hugo Blanco: Indigenous people are the vanguard of the fight to save the Earth,links.org.au,http://links.org.au/node/1304
2009-10-19,02:01:47,9v9li,1,"Islamic extremism comes home to roost in Iran: Suicide bomber attacks Iran's Revoltionary Guards, kills 31",latimes.com,"http://www.latimes.com/news/nationworld/world/la-fg-iran-bombing19-2009oct19,0,387630.story"
2009-10-18,17:40:18,9v6q3,0,"Bomb kills five Revolutionary Guard commanders in Iran, Israel is surprisingly not involved",jpost.com,http://www.jpost.com/servlet/Satellite?cid=1255694831773&pagename=JPost%2FJPArticle%2FShowFull
2009-10-18,19:36:54,9v780,1,"Indonesia Endangered, Population Exploding",cosplaysquare.blogspot.com,http://cosplaysquare.blogspot.com/2009/10/indonesia-endangered-population.html
