2009-04-30,19:06:16,8gpju,629,"BREAKING NEWS: Attack on Dutch Royal family, car tries to hit royal bus at high speed, hits public",nos.nl,http://www.nos.nl/nosjournaal/artikelen/2009/4/30/300409_ongeluk.html
2009-05-01,02:30:39,8gtbx,594,The truth behind Egypt's swine killings,open.salon.com,http://open.salon.com/blog/stellaa/2009/04/30/egypt_pigs_pandemic_and_tyranny
2009-05-01,00:25:19,8gs3n,458,The real victims of swine flu - Every other important story in the world,guardian.co.uk,http://www.guardian.co.uk/commentisfree/2009/apr/30/swine-flu-media1
2009-05-01,02:30:54,8gtc3,133,"124,687 people were stopped and searched by police under anti-terror laws in 2007/2008. Less than 0.06% were arrested for terror offences (UK).",telegraph.co.uk,http://www.telegraph.co.uk/news/newstopics/politics/lawandorder/5251053/Police-accused-of-abusing-powers-as-anti-terrorism-stop-and-searches-treble.html
2009-04-30,12:48:38,8gn3i,62,Scientists are baffled by what they’re seeing on the Sun’s surface ,independent.co.uk,http://www.independent.co.uk/news/science/the-missing-sunspots-is-this-the-big-chill-1674630.html
2009-04-30,18:32:22,8gpby,45,Jewish prof. equates Israel with Nazis--slammed for anti-Semitism,ynetnews.com,"http://www.ynetnews.com/articles/0,7340,L-3708479,00.html"
2009-04-30,14:39:44,8gnu8,48,The Ontario government wants to end Ticketmaster's practice of re-selling high-priced tickets through its subsidiary TicketsNow.,toronto.ctv.ca,http://toronto.ctv.ca/servlet/an/local/CTVNews/20090429/Ticketmaster_legislation_090429/20090429/?hub=TorontoNewHome
2009-05-01,03:05:40,8gtor,37,North Korea 's concentration camps can be seen on Google,digitaljournal.com,http://www.digitaljournal.com/article/267214
2009-04-30,09:08:54,8glmy,32,"The engineer who foiled an attempt to assassinate one of India's richest men has been found, dead.",smh.com.au,http://www.smh.com.au/world/the-murky-tale-of-the-highfinance-murder-plot-20090430-ano5.html
2009-04-30,18:30:27,8gpbh,31,British forces will formally end combat operations in Iraq today,news.bbc.co.uk,http://news.bbc.co.uk/1/hi/uk/8026136.stm?
2009-04-30,13:50:21,8gni1,22,"200 incidents of police brutality at G20, London law firm swamped by complaints. At least 10 cases involve the beating of women.",thisislondon.co.uk,http://www.thisislondon.co.uk/standard/article-23681519-details/Law+firm+is+swamped+by+200+claims+of+police+brutality+at+G20/article.do
2009-04-30,10:52:34,8gmb8,24,The recording industry is no longer targeting pirates - they are actually trying to hijack the very fabric of the Internetz.,torrentfreak.com,http://torrentfreak.com/riaas-hostile-takeover-of-the-internet-090429/
2009-04-30,11:40:59,8gmna,16,Ireland proposes a blasphemy law  ,scienceblogs.com,http://scienceblogs.com/pharyngula/2009/04/ireland_proposes_a_blasphemy_l.php
2009-04-30,21:40:55,8gqkt,15,Swedish Pirate Party gets 5.1% in latest EU poll,thelocal.se,http://www.thelocal.se/19162/20090430/
2009-05-01,02:50:27,8gtk4,9,"Three months after Israel’s war ended, life for Gazans is still dismal",economist.com,http://www.economist.com/world/mideast-africa/displaystory.cfm?story_id=13578934
2009-04-30,12:49:54,8gn3s,6,"Poor Egyptian Christians farmers riot after swine flu cull -- decision criticised as a ""real mistake"" by UN food expert",timesonline.co.uk,http://www.timesonline.co.uk/tol/news/world/africa/article6193785.ece
2009-04-30,12:03:35,8gmst,8,Mexico shuts down government in flu fight as WHO warns of pandemic,msnbc.msn.com,http://www.msnbc.msn.com/id/30487509
2009-04-30,16:19:12,8goh6,7,"response to swine flu talking heads: ""Yuck. I feel like I have to wash my brain out with bleach.""",scienceblogs.com,http://scienceblogs.com/whitecoatunderground/2009/04/i_moved_the_over-the-top_profa.php
2009-04-30,10:15:59,8gm2z,6,"WHO:  As of 18:00 GMT, 29 April 2009, nine countries have officially reported 148 cases of swine influenza A/H1N1 infection",who.int,http://www.who.int/csr/don/2009_04_29/en/index.html
2009-04-30,19:42:23,8gprp,5,Britain Ends Combat Operations in Iraq,abcnews.go.com,http://abcnews.go.com/International/wireStory?id=7467516
2009-04-30,10:42:23,8gm8r,8,"France reintroduces three-strikes law, clash with EU likely",arstechnica.com,http://arstechnica.com/tech-policy/news/2009/04/france-reintroduces-three-strikes-law-as-protests-mount.ars
2009-04-30,18:51:37,8gpge,5,Russian Politician Wins Election and Complains He was Elected by Fraud,washingtonpost.com,http://www.washingtonpost.com/wp-dyn/content/article/2009/04/26/AR2009042602651_pf.html
2009-05-01,05:22:24,8guye,6,People try to portray the bridge jumping nonsense as a tradition that goes back for decades.This kind of thing has only been going on for the last 20 to 30 years.,news.bbc.co.uk,http://news.bbc.co.uk/1/hi/england/oxfordshire/8027689.stm
2009-05-01,07:30:03,8gvz9,5,IMF predicts US economy worse than world economy in 2010,americanthinker.com,http://www.americanthinker.com/2009/04/imf_predicts_hard_times_for_th.html
2009-04-30,19:59:28,8gpvt,7,pictures of the carcrash (possible attack) near the queen and royal family in the netherlands,eenvandaag.nl,"http://eenvandaag.nl/index.php?module=PX_Story&func=view&cid=2&sid=34688&nav=34688,34690,34689,34687,0"
2009-04-30,19:54:13,8gpup,7,"[VIDEO] Queensday celebrations in Holland disrupted by violent carcrash, Queen is safe.",youtube.com,http://www.youtube.com/watch?v=y_U17aqfjGs
2009-05-01,07:31:30,8gvzq,7,Ex-Tiananmen convicts still struggling to survive,news.yahoo.com,http://news.yahoo.com/s/ap/20090430/ap_on_re_as/as_china_tiananmen_prisoner
2009-04-30,19:44:02,8gprz,6,The Real Issue is Iceland's Economic Independence: Will Iceland be Handed Over to a New Gang of Kleptocrats?,counterpunch.org,http://www.counterpunch.org/hudson04292009.html
2009-05-01,01:19:00,8gsml,5,"A long, slow descent into hell: ""... in the 26 years since 1983 at least 70,000 people have been killed in the conflict. Another 6,500 have died in the last three months...""",guardian.co.uk,http://www.guardian.co.uk/world/2009/apr/30/sri-lanka-future-ramesh-gunesekera
2009-04-30,11:51:00,8gmpz,5,Origins of Swine-Flu: This article claims transnational- Smithfield. What do you think Reddit?,globalresearch.ca,http://globalresearch.ca/index.php?context=va&aid=13413
