2009-01-19,02:46:34,7qnb9,1623,Abe Foxman calls Bill Moyers an 'anti-Semite' for criticizing the Israeli attack on Gaza.   Bill Moyers then owns him.,pbs.org,http://www.pbs.org/moyers/journal/blog/2009/01/exchange_between_bill_moyers_a.html
2009-01-18,05:15:38,7qi1j,716,BREAKING NEWS: Israel declares ceasefire in Gaza ,news.bbc.co.uk,http://news.bbc.co.uk/2/hi/middle_east/7835794.stm
2009-01-18,16:56:02,7qku5,447," 'Tungsten bombs' leave Israel's victims with mystery wounds. As it declares a unilateral ceasefire, Jerusalem faces a UN call for a war crimes investigation",independent.co.uk,http://www.independent.co.uk/news/world/middle-east/tungsten-bombs-leave-israels-victims-with-mystery-wounds-1418910.html
2009-01-18,19:25:02,7ql9e,237,Mrs Mugabe assaults our photographer outside her luxury Hong Kong hotel,timesonline.co.uk,http://www.timesonline.co.uk/tol/news/world/africa/article5537251.ece
2009-01-19,04:34:38,7qnvw,236,"""The only road left is to boycott Israeli goods and institutions"" a  group of 540 Israelis say in an appeal. Birmingham (England), Athens (Greece), and Cambridge (MA) are on board.",guardian.co.uk,http://www.guardian.co.uk/world/2009/jan/17/gaza-israelandthepalestinians1
2009-01-18,16:48:42,7qkte,203,Israel’s attack on an entrapped population: A 21st century war crime?,sfbayview.com,http://www.sfbayview.com/2009/israel%E2%80%99s-attack-on-an-entrapped-population-a-21st-century-war-crime/
2009-01-18,19:03:56,7ql75,184,Israel violates its fake ceasefire ,news.xinhuanet.com,http://news.xinhuanet.com/english/2009-01/18/content_10678349.htm
2009-01-18,03:32:07,7qhi9,183,"""For a whole hour, the father hushed his cries of pain as he watched the Israeli soldiers compete in sniping on his dead son's body.""",uruknet.info,http://uruknet.info/?p=m50891&hd=&size=1&l=e
2009-01-18,22:25:47,7qluu,179,Sleeping with Strangers - The art of couchsurfing,good.is,http://www.good.is/?p=1187
2009-01-18,18:29:31,7ql3k,166,"Kyrgystan will order the closure of a US military airbase used to support operations in Afghanistan ""in a matter of days"" under pressure from Russia",google.com,http://www.google.com/hostednews/afp/article/ALeqM5gEYdkEh4Ctg21qEs1lJmBAWbxAQw
2009-01-19,02:32:18,7qn7t,131,"Victorious, but vilified: Israel has 'destroyed its image and its soul'.",independent.co.uk,http://www.independent.co.uk/news/world/middle-east/victorious-but-vilified-israel-has-destroyed-its-image-and-its-soul-1418920.html
2009-01-19,02:15:58,7qn40,104,"Israel's ""Ceasefire"": One dead by Israeli fire - Medical crews report “the most horrifying scenes,” and that most dead bodies being uncovered have been found in pieces - at least 1,246 dead",maannews.net,http://www.maannews.net/en/index.php?opr=ShowDetails&ID=35072
2009-01-19,04:41:24,7qnxc,76,Doctors operating the only brain-scanning machine at an Egyptian hospital near Gaza have been almost overwhelmed by the number of Palestinian children arriving with bullet wounds to the head. ,archive.gulfnews.com,http://archive.gulfnews.com/region/Egypt/10276545.html
2009-01-18,23:08:21,7qm1e,76,Red Cross says Gaza humanitarian situation 'shocking',google.com,http://www.google.com/hostednews/afp/article/ALeqM5gosJDDnpG9szpSrChjF6OC3sNbMA
2009-01-19,07:19:54,7qoqy,75,"Israel Admits: ""No Hamas Rockets Were Fired During Ceasefire""  [vid]",youtube.com,http://www.youtube.com/watch?v=zfFMZ7Y-s_c&eurl=http://whatreallyhappened.com/
2009-01-18,16:28:17,7qkra,66,British Jews attacked for pro-Gaza solidarity,independent.co.uk,http://www.independent.co.uk/news/uk/home-news/british-jews-attacked-for-progaza-solidarity-1418909.html
2009-01-18,18:33:59,7ql3x,61,"  	  Report: Russia plans navy bases in Libya, Syria,Yemen",ynetnews.com,"http://www.ynetnews.com/articles/0,7340,L-3657463,00.html"
2009-01-19,00:38:14,7qmjc,57,"Tzipi Livni Meets The American Press Club, When Reporters Interrupt Her Use Of The Press Club As A Platform To Spout Israeli Propaganda With Actual Questions, THEY CUT THE REPORTER'S MICS OFF",youtube.com,http://www.youtube.com/watch?v=bnLyDOjfusQ
2009-01-18,15:40:49,7qkm2,49,Gaza rockets hit Israel.  Israel says it accomplished it's objectives.   What were Israel's objective?,reuters.com,http://www.reuters.com/article/newsOne/idUSLI21700220090118
2009-01-18,22:47:29,7qlxo,48,Israel expects army officers to be prosecuted for war crimes  ,story.irishsun.com,http://story.irishsun.com/index.php/ct/9/cid/2411cd3571b4f088/id/454694/cs/1/
2009-01-19,02:29:21,7qn73,45,Hertz withdraws from Israeli airline deal: Free car rental offered to customers who show 'solidarity' with Gaza action.,independent.co.uk,http://www.independent.co.uk/news/world/middle-east/hertz-withdraws-from-israeli-airline-deal-1418248.html
2009-01-18,23:05:35,7qm0u,43,US journalists call Livni a 'terrorist',ynetnews.com,http://www.ynetnews.com/articles/0%2C7340%2CL-3657477%2C00.html
2009-01-19,07:17:32,7qoqn,35,"UK MP Sir Gerald Kaufman, son of holocaust survivors: ""Israel acting like Nazis in Gaza"" [vid]",youtube.com,http://www.youtube.com/watch?v=qMGuYjt6CP8&eurl=http://whatreallyhappened.com/
2009-01-18,08:55:46,7qj3x,30,"Kuwaiti MP says Venezuela's Chavez ""more Arab than some Arabs"".",news.yahoo.com,http://news.yahoo.com/s/afp/20090114/wl_mideast_afp/mideastconflictgazaarabvenezuelakuwait
2009-01-18,16:02:51,7qkot,28,China confirms toddler infected with bird flu,washingtonpost.com,http://www.washingtonpost.com/wp-dyn/content/article/2009/01/17/AR2009011702939.html
2009-01-19,00:20:43,7qmfd,25,India says hundreds feared dead asThai Navy is accused of towing boatloads of refugees out  to sea and leaving them to their fate,google.com,http://www.google.com/hostednews/afp/article/ALeqM5jCn9uC5oDoi7lO7CluOYnPsV9t_g
2009-01-18,16:01:23,7qkom,25,"Gaza's Baffling Burnt Organs, Torn Tissues",sott.net,http://www.sott.net/articles/show/173370-Gaza-s-Baffling-Burnt-Organs-Torn-Tissues
2009-01-18,16:24:56,7qkqz,24,"Another War, Another Defeat - Wrecking Gaza won’t make Israel more secure.",amconmag.com,http://www.amconmag.com/article/2009/jan/26/00006/
2009-01-19,07:35:47,7qote,24,Quotes From Israeli Officials On The Palestinians,philipweiss.org,http://www.philipweiss.org/mondoweiss/2009/01/the-palestinians-in-israeli-officials-own-words.html#more
2009-01-18,05:27:42,7qi3u,23,Israel declares unilateral Gaza cease-fire,google.com,http://www.google.com/hostednews/ap/article/ALeqM5ioi_0jtO9RjMwPNRoXNCndRPRq3gD95P4LMOA
