2009-04-26,04:31:16,8ffzl,936,"""I work as a resident doctor in one of the biggest hospitals in Mexico City and sadly, the situation is far from ""under control""",news.bbc.co.uk,http://news.bbc.co.uk/2/hi/talking_point/8018428.stm
2009-04-26,03:07:53,8ffhp,127,"London Cop's Facebook: ""Rob Ward can't wait to bash some long haired hippys up @ the G20.""  Twenty minutes later another Facebook user posted a reply that said: ""Dats bad but good in da same way lol [laugh out loud]."" ",news.bbc.co.uk,http://news.bbc.co.uk/2/hi/uk_news/england/london/8016620.stm
2009-04-26,21:30:30,8fk3y,110,"WHY is Mexico City’s international airport, which handles about 70,000 passengers each day, operating normally???",self.worldnews,https://www.reddit.com/r/worldnews/comments/8fk3y/why_is_mexico_citys_international_airport_which/
2009-04-27,02:54:18,8flwz,73,Cruise ship fends off pirate attack with gunfire.  Israeli private security forces exchange fire with bandits and drive them off,msnbc.msn.com,http://www.msnbc.msn.com/id/30419164/
2009-04-26,21:19:48,8fk2c,52,"Forced back to their last 5 square miles of territory, the Tamil Tiger's offer a cease-fire on humanitarian grounds. Sri Lanka insists they surrender.",news.bbc.co.uk,http://news.bbc.co.uk/1/hi/world/south_asia/8019199.stm
2009-04-26,10:55:55,8fhpy,31,"The outbreak coincided with the President Barack Obama’s trip to Mexico City on April 16. Obama was received at Mexico’s anthropology museum in Mexico City by Felipe Solis, a distinguished archeologist who died the following day from symptoms similar to flu",scienceblogs.com,http://scienceblogs.com/effectmeasure/2009/04/swine_flu_saturday_night_amazi.php
2009-04-26,20:06:09,8fjsl,26,Norway given more Continental Shelf by the UN,icenews.is,http://www.icenews.is/index.php/2009/04/26/norway-given-more-continental-shelf-by-the-un/
2009-04-26,06:01:34,8fgfo,27,swine flu map,maps.google.com,"http://maps.google.com/maps/ms?ie=UTF8&hl=en&t=p&msa=0&msid=106484775090296685271.0004681a37b713f6b5950&ll=32.639375,-110.390625&spn=24.413424,39.462891&z=5"
2009-04-26,03:44:13,8ffqb,25,"Lost Wallets: ""People who have experienced deprivation tend to be more generous than the very wealthy."" ",thestar.com,http://www.thestar.com/living/article/624319
2009-04-26,15:13:36,8fiqv,25,Swine-flu outbreak linked to Smithfield factory farms,grist.org,http://www.grist.org/article/2009-04-25-swine-flu-smithfield/
2009-04-26,11:14:48,8fhs8,20,US created Taliban and abandoned Pakistan: Clinton,dawn.com,http://www.dawn.com/wps/wcm/connect/dawn-content-library/dawn/news/world/12-us-created-taliban-and-abandoned-pakistan-clinton--bi-06
2009-04-27,05:03:19,8fmnr,18,Rwanda bans BBC local broadcasts ,news.bbc.co.uk,http://news.bbc.co.uk/2/hi/africa/8019398.stm
2009-04-26,10:01:06,8fhhm,18,British MI6 agent throws war against drug traffickers into chaos by leaving top secret information about covert operations on a bus in South America,timesonline.co.uk,http://www.timesonline.co.uk/tol/news/politics/article6169077.ece
2009-04-26,23:38:42,8fkq3,14,Looks like the Flu Is Spreading,news.bbc.co.uk,http://news.bbc.co.uk/2/hi/americas/8019100.stm
2009-04-26,09:22:24,8fhco,15,Somali pirates attack German cruise liner with 1200 passengers on board. Gun-toting security of the ship successfully fights them off.,translate.google.com,http://translate.google.com/translate?u=http%3A%2F%2Fwww.spiegel.de%2Fpanorama%2Fjustiz%2F0%2C1518%2C621154%2C00.html&sl=de&tl=en&hl=en&ie=UTF-8
2009-04-26,08:10:27,8fh1l,14,Mexico gov't decrees special powers in flu crisis,reuters.com,http://www.reuters.com/article/domesticNews/idUSTRE53O2WD20090425
2009-04-26,20:51:31,8fjye,13,Swine flu tracker - wash your hands says CDC!,guardian.co.uk,http://www.guardian.co.uk/news/blog/2009/apr/26/swine-flu-mexico
2009-04-27,03:47:03,8fm8e,13,Baxter (the company that  sent contaminated seasonal flu product contained live bird flu virus) is working on vaccine to stop swine flu outbreak in Mexico.,wqad.com,"http://www.wqad.com/news/sns-ap-il--swineflu-baxter,0,3115984.story"
2009-04-26,14:50:26,8fin5,10,Was Israel Planning To Destroy Iran's Airforce?,warnewsupdates.blogspot.com,http://warnewsupdates.blogspot.com/2009/04/was-israel-planning-to-destroy-irans.html
2009-04-26,14:41:06,8filp,8,13 kids killed by bomb disguised as toy in Pakistan,newsx.com,http://newsx.com/story/51196
2009-04-27,07:43:49,8fnj7,8,Hey Reddit ... You want peace in the Middle East?  This is the only way that will happen.,haaretz.com,http://www.haaretz.com/hasen/spages/1081204.html
2009-04-26,09:51:28,8fhgc,8,"Modern ""hippies""? ""Anarchists""? Students occupy Croatian university facilities, calling for universal education. [PICS]",translate.google.com,http://translate.google.com/translate?prev=hp&hl=en&js=n&u=http%3A%2F%2Fwww.javno.com%2Ffoto.php%3Fid%3D13%26rbr%3D13591%26idrf%3D574668&sl=hr&tl=en
2009-04-26,09:26:04,8fhd3,8,Press release: FluForecast® warning was issued a year before the recent Mexico and California H1N1 pig flu cases. Hope this is a good thing.,prweb.com,http://www.prweb.com/releases/2009/04/prweb2360154.htm
2009-04-27,04:32:07,8fmh5,6," Iraq says U.S. raid a crime, violated security pact",reuters.com,http://www.reuters.com/article/newsOne/idUSTRE53P18C20090426
2009-04-27,00:26:05,8fkzm,7,"Yukihisa Fujita, a member of the Upper House of the Japanese Parliament has recently published a book:  Fujita claims that 9/11 as the main reason for the ""War on Terror"" needs to be newly investigated in order to find peaceful solutions.",911blogger.com,http://www.911blogger.com/node/19936
2009-04-27,04:58:30,8fmmk,6,Keeping track of swine flu with a worldwide map showing infections by country. (courtersy of Wikimedia Commons),commons.wikimedia.org,http://commons.wikimedia.org/wiki/File:H1N1_map.svg
2009-04-26,08:23:52,8fh40,5,"Swine Flu Worse in Mexico Than US, but Why?",abcnews.go.com,http://abcnews.go.com/Health/wireStory?id=7430522
2009-04-26,09:26:49,8fhd9,5,"""We do not think that we can contain the spread of this virus""",abcnews.go.com,http://abcnews.go.com/Health/ColdandFluNews/story?id=7429669&page=1
2009-04-27,07:30:35,8fngg,7,Moldova's 'Twitter revolutionary' speaks out ,news.bbc.co.uk,http://news.bbc.co.uk/1/hi/world/europe/8018017.stm
2009-04-27,02:08:59,8flni,2,A twist has emerged in the story of Israeli citrus fruit reportedly sold in Iran,news.bbc.co.uk,http://news.bbc.co.uk/1/hi/world/middle_east/8019407.stm
