2009-08-02,08:48:30,96pr5,675,SOS from Iceland!,self.worldnews,https://www.reddit.com/r/worldnews/comments/96pr5/sos_from_iceland/
2009-08-03,03:31:28,96v8r,350,Wikileaks publishes Kaupthing bank's loan information right before Iceland's economic meltdown last October,icelandweatherreport.com,http://icelandweatherreport.com/2009/08/kaupthings-loan-book-exposed-and-an-injunction-ordered-against-ruv.html
2009-08-02,01:19:44,96n7i,335,"Israel and Palestine: Ehud Olmert offered the Palestinians nearly 94% of the West Bank as the basis of their would-be state, plus Israeli territory to make up the remaining 6%, plus a safe-passage road-corridor to link Gaza with the West Bank and to internationalise the sovereignty of Jerusalem",economist.com,http://www.economist.com/world/mideast-africa/displayStory.cfm?story_id=14140390&source=hptextfeature
2009-08-03,04:40:38,96voj,248,"Two families, totalling 55 people are kicked out of their homes so Israeli land thieves can move in and take more control of East Jerusalem.  Netanyahu chimed in by saying 'Israel’s sovereignty over the entire city “cannot be challenged.” '",nytimes.com,http://www.nytimes.com/2009/08/03/world/middleeast/03israel.html?hpw
2009-08-02,06:51:00,96p85,183,"A homophobic attack in a gay teen gathering in Tel-Aviv. 2 dead, 10 wounded.",ynetnews.com,"http://www.ynetnews.com/articles/0,7340,L-3755400,00.html"
2009-08-03,05:43:53,96w0h,155,Black riot gear clad Israeli police have evicted nine Palestinian families living in two houses (some for over 50 years) in occupied East Jerusalem.  Jewish settlers moved into the houses almost immediately.,news.bbc.co.uk,http://news.bbc.co.uk/1/hi/world/middle_east/8180413.stm
2009-08-02,16:47:12,96s0c,148,Israel evicts Palestinian families who've been living in their East Jerusalem home since 1956 to build a hotel.,english.aljazeera.net,http://english.aljazeera.net/news/middleeast/2009/08/2009825148146153.html
2009-08-02,22:18:19,96t83,85,"The body of Capt. Michael 'Scott' Speicher, the first American lost in the 1991 Persian Gulf War, found in Iraq. 
",foxnews.com,"http://www.foxnews.com/story/0,2933,536170,00.html"
2009-08-02,18:54:28,96sgl,35,"U.S. demands autistic hacker from the U.K. British lawmakers plead with Obama to end this ""shameful episode.""",nytimes.com,http://www.nytimes.com/2009/08/01/world/europe/01britain.html?scp=14&sq=August+1+2009&st=nyt
2009-08-02,16:36:47,96ryk,32,Putin dives to bottom of world's deepest lake,google.com,http://www.google.com/hostednews/afp/article/ALeqM5hX8VlLW7VxnC8OnyKFBx3FGQZ57A
2009-08-02,12:26:59,96qrb,22,"US now ""Coalition of the One""",google.com,http://www.google.com/hostednews/ap/article/ALeqM5jFalonxIxuJORy6CgZMqGXYGrlIQD99Q8HQG2
2009-08-03,02:58:24,96uzw,23,Poisoning Africans so you can buy cheaper Gap and Levi's jeans,gather.com,http://www.gather.com/viewArticle.action?articleId=281474977759950
2009-08-03,07:00:21,96wga,21,"Club-wielding Israeli riot police evicts 53 Palestinians from their old Jerusalem homes to Jewish settlers who claim they have title deeds for the properties, despite UN and Palestinian denials.",google.com,http://www.google.com/hostednews/afp/article/ALeqM5hce1b3lWDANrCmFY5sLsCEWLGOCA
2009-08-02,19:07:22,96sic,16,Former Iranian president Khatami has denounced the trial of around 100 people accused of rioting in the wake of the country's disputed elections,english.aljazeera.net,http://english.aljazeera.net/news/middleeast/2009/08/200982544586905.html
2009-08-02,12:59:46,96qxj,18,A very moving BBC story about North Korean refugees.,news.bbc.co.uk,http://news.bbc.co.uk/2/hi/programmes/newsnight/7426861.stm
2009-08-02,15:06:06,96rjm,12,Ireland Welcomes Stranded American Troops ,corner.nationalreview.com,http://corner.nationalreview.com/post/?q=Y2U3MDgzYmRjZThjOWRjMWExNzY0ZTM1YjkyMWFjNDk=
2009-08-03,07:37:25,96wnt,11,Jewish association claims ownership rights over property in East Jerusalem based on a forged Ottoman era deed. This is upheld by Israeli courts and Palestinian families are evicted.,nytimes.com,http://www.nytimes.com/2009/08/03/world/middleeast/03israel.html?hp
2009-08-02,19:15:16,96sji,11,"Homeless in Poland, Men Dream of Odyssey ",nytimes.com,http://www.nytimes.com/2009/08/02/world/europe/02poland.html?_r=1&ref=world
2009-08-02,13:09:24,96qyz,10,"He said skills such as reading a person's mood and body language were in decline, and that exclusive use of electronic information had a ""dehumanising"" effect on community life.",news.bbc.co.uk,http://news.bbc.co.uk/1/hi/uk/8180115.stm
2009-08-02,11:35:41,96qia,7,Fiji On Edge of Banishment From Commonwealth,auspacificmediagroup.blogspot.com,http://auspacificmediagroup.blogspot.com/2009/08/fiji-on-edge-of-banishment-from.html
2009-08-02,13:33:23,96r3b,8,Gap Factory a Danger to African Children: Illegally Dumping Chemical Waste,renovomedia.com,http://renovomedia.com/news/gap-factory-a-danger-to-african-children/
2009-08-03,00:26:26,96tyh,9,Pakistan: Funny SMS’s may land Pakistanis in for a fourteen year prison sentence,advocacy.globalvoicesonline.org,http://advocacy.globalvoicesonline.org/2009/08/02/pakistan-funny-smss-may-land-pakistanis-in-for-a-14-year-prison-sentence/
2009-08-02,16:01:25,96rt3,6,"Cuban president vows to defend socialism: ""They didn't elect me president to restore capitalism in Cuba, nor to surrender the revolution,"" Castro said to loud applause. ""I was elected to defend, maintain and continue perfecting socialism, not to destroy it.""",edition.cnn.com,http://edition.cnn.com/2009/WORLD/americas/08/02/cuba.us.castro/
2009-08-02,13:36:44,96r3s,6,Johnson 'can't stop extradition': Home Secretary Alan Johnson has said he would be breaking the law if he blocked hacker Gary McKinnon's extradition.,news.bbc.co.uk,http://news.bbc.co.uk/2/hi/uk_news/8180141.stm
2009-08-02,19:41:07,96smg,1,"Black-clad, masked gunman stormed into the Tel Aviv Gay and Lesbian Association building and opened fire on a teenage support group. Two killed. Eight wounded. Mostly minors. ",theglobeandmail.com,http://www.theglobeandmail.com/news/world/gunman-shoots-up-gay-club-in-tel-aviv/article1239083/
2009-08-03,07:05:41,96whg,1,Chavez cracks down on dissenting voices.  This is how democracy turns into autocracy.,guardian.co.uk,http://www.guardian.co.uk/world/2009/aug/02/venezuela-chavez-radio-station-licences
2009-08-02,21:10:32,96sxv,0,Pilot’s Remains Found in Iraq After 18 Years - positively identified as those of an American fighter pilot shot down in the opening hours of the first Gulf War in 1991.,nytimes.com,http://www.nytimes.com/2009/08/03/world/middleeast/03speicher.html
2009-08-02,13:55:58,96r76,0,Three Americans holidaying in Iraq have been taken captive by Iran as they mistakenly crossed the border. The Swiss have been notified.,news.yahoo.com,http://news.yahoo.com/s/ap/20090801/ap_on_re_mi_ea/ml_iraq_missing_americans
2009-08-03,07:08:37,96wi2,0,the seven wonders of the modern world | lucidry.com,lucidry.com,http://www.lucidry.com/2009/08/02/the-seven-wonders-of-the-modern-world/
2009-08-02,23:24:37,96tka,1,Life After Gitmo: Former Australian detainee David Hicks marries in Sydney,smh.com.au,http://www.smh.com.au/national/david-hicks-marries-in-sydney-20090802-e5y1.html
