2009-02-12,15:09:57,7wscw,746,Christians in Jerusalem want Jews to stop spitting on them ,haaretz.com,http://www.haaretz.com/hasen/pages/ShArt.jhtml?itemNo=487412&contrassID=2&subContrassID=5&sbSubContrassID=0&listSrc=Y&itemNo=487412
2009-02-12,21:52:00,7wur3,261,"Israeli high court rules that village in the supposedly Palestinian controlled West Bank be demolished, 'settlements' are to be developed in the area",botlbrush.com,http://botlbrush.com/blog/?p=1036
2009-02-12,02:44:12,7wn1c,167,Israeli forces are carrying out a policy of shooting at the legs of peaceful demonstrators. Defense minister Yitzak Rabin ordered his soldiers to “break the bones” of young protesters.,maannews.net,http://www.maannews.net/en/index.php?opr=ShowDetails&ID=35689
2009-02-13,01:31:27,7wwuw,134,Tens of thousands of U.S. guns missing in Afghanistan,edition.cnn.com,http://edition.cnn.com/2009/WORLD/asiapcf/02/12/missing.afghan.weapons/index.html
2009-02-13,01:34:33,7wwwd,112,"Luo Ping, a director-general at the China Banking Regulatory Commission, ""We hate you guys. Once you start issuing $1 trillion-$2 trillion. . .we know the dollar is going to depreciate, so we hate you guys but there is nothing much we can do.”",ft.com,http://www.ft.com/cms/s/0/ba857be6-f88f-11dd-aae8-000077b07658.html
2009-02-12,10:42:15,7wqnw,76,"Aussie films house burning down, says ""I lost everything, but I saved me dog and that's all I was worried about"" and sets off to help his neighbours",youtube.com,http://www.youtube.com/watch?v=HbGXvfQ9moo
2009-02-12,13:01:24,7wrip,48,"3 women kidnap, gangrape man for 4 days in Karachi, Pakistan",dailytimes.com.pk,http://www.dailytimes.com.pk/default.asp?page=2009\02\02\story_2-2-2009_pg7_24
2009-02-12,10:04:03,7wqg7,36,Amazon selling rape game,belfasttelegraph.co.uk,http://www.belfasttelegraph.co.uk/news/local-national/amazon-selling-3d-rape-simulator-game-14183546.html
2009-02-12,22:47:40,7wv6w,36,"Belief in evolution: In 2008 14% of people agreed that 'man evolved over millions of years', up from 9% in 1982. Only Turkey is less accepting of the theory than USA. ",economist.com,http://www.economist.com/daily/chartgallery/displaystory.cfm?story_id=13062613&source=most_commented
2009-02-12,09:26:35,7wq86,37,$550 Billion Dollar Bank Run - Collapse Of The Entire World Economy In 24 hours,youtube.com,http://www.youtube.com/watch?v=-xKPcyvlfnc&feature=related
2009-02-12,15:15:59,7wse9,31,Venezuela's Chavez reports attempted Coup against his palace - he says - by the U.S,news.yahoo.com,http://news.yahoo.com/s/afp/20090212/wl_afp/venezuelacouppolitics
2009-02-12,14:12:04,7ws0x,31,"Putin warns US about socialism: ""Excessive intervention in economic activity and blind faith in the state's omnipotence is another possible mistake.""",online.wsj.com,http://online.wsj.com/article/SB123317069332125243.html
2009-02-13,00:40:01,7wwb5,36,"A Dutch MP who called the Koran a ""fascist book"" is to be sent back to the Netherlands after attempting to defy a ban on entering the UK. ",news.bbc.co.uk,http://news.bbc.co.uk/2/hi/uk_news/politics/7885918.stm
2009-02-12,23:11:05,7wven,32,"Pakistan has admitted for the first time that the November attacks on India's financial hub Mumbai, in which 179 people died, were partly planned in Pakistan.",english.aljazeera.net,http://english.aljazeera.net/news/asia/2009/02/2009212131817895219.html
2009-02-13,00:39:40,7wwaz,21,Key ingredients of Thai food declared Hazardous,bangkokpost.com,http://www.bangkokpost.com/news/local/136443/farm-lobby-threatens-to-sue-over-herb-list
2009-02-12,10:42:44,7wqo0,18,Spirit of Sixties revived as student protests at links with Israel spread - The Scotsman,thescotsman.scotsman.com,http://thescotsman.scotsman.com/scotland/Spirit-of-Sixties-revived-as.4971848.jp
2009-02-13,02:23:01,7wxk7,20,Pakistan acknowledged for the first time that the Mumbai terrorist attacks were launched from its shores,news.yahoo.com,http://news.yahoo.com/s/ap/20090212/ap_on_re_as/as_pakistan_india
2009-02-13,03:09:41,7wy0y,18,Hampshire College Becomes First College In The United States To Divest from the Israeli Occupation!,hsjp.org,http://www.hsjp.org/2009/02/12/immediate-release-hampshire-college-becomes-first-college-in-the-united-states-to-divest-from-the-israeli-occupation/
2009-02-12,13:01:45,7wrix,18,Israeli Election: U.S. Declares Support For Any Israeli Government Formed,huffingtonpost.com,http://www.huffingtonpost.com/2009/02/11/israeli-election-livni-ne_n_165924.html
2009-02-12,09:40:27,7wqb1,15,Out of control Russian satellite collides with US communications satellite; debris pose possible threat to ISS and other satellites,spacemarauder.com,http://spacemarauder.com/us-and-russian-satellites-collide-in-low-earth-orbit
2009-02-13,04:01:28,7wyhs,13,"Sexual violence during the Armenian genocide: The Turks cut off their victims' genitals, made them march naked, or circumcised Armenian men they had forcibly converted to Islam",reporter.am,http://www.reporter.am/go/article/2009-02-12-rubina-peroomian-explores-sexual-violence-during-the-armenian-genocide
2009-02-12,19:09:45,7wtpq,13,Pakistan admits India attack link,news.bbc.co.uk,http://news.bbc.co.uk/2/hi/south_asia/7885261.stm
2009-02-13,06:36:08,7wzs1,12,Scientists studying the DNA of Neanderthals say they can find no evidence that this ancient species ever interbred with modern humans,news.bbc.co.uk,http://news.bbc.co.uk/1/hi/health/7886477.stm?lss
2009-02-12,08:16:33,7wpsm,11,US military faulted on weapons tracking. One third of all US arms to Afghanistan are at “serious risk of theft or loss.”,nytimes.com,http://www.nytimes.com/2009/02/12/world/asia/12arms.html?_r=1&hp
2009-02-13,07:21:28,7x04a,11,"Great, Even South America thinks our ""war on drugs"" is worthless",online.wsj.com,http://online.wsj.com/article/SB123439889394275215.html
2009-02-13,01:38:28,7wwxv,10,"A Dutch MP who called the Koran a ""fascist book"" is to be sent back to the Netherlands after attempting to defy a ban on entering the UK. ",news.bbc.co.uk,http://news.bbc.co.uk/2/hi/uk_news/politics/7885918.stm?lss
2009-02-13,07:47:01,7x0ah,10,"Yemen takes a tentative step towards social justice, outlaws child brides",insidethemiddleeast.blogs.cnn.com,http://insidethemiddleeast.blogs.cnn.com/2009/02/12/no-more-child-brides-in-yemen-new-law-sets-marriage-age-at-17/
2009-02-12,12:48:04,7wrfx,11,"Schoolgirl commits suicide in Mangalore, India after being harassed publicly for being friends with a boy from another religion",thehindu.com,http://www.thehindu.com/2009/02/12/stories/2009021256500100.htm
2009-02-12,14:30:59,7ws4k,9,"""Jewish groups here are readying a hasbara campaign aimed at convincing Americans that the Yisrael Beiteinu leader is not the racist and political extremist portrayed in the Israeli and international media.""",thejewishweek.com,http://www.thejewishweek.com/viewArticle/c40_a14869/News/Israel.html
2009-02-13,02:55:27,7wxw0,8,And so the downfall begins: Roads around the Dubai airport clogged with cars abandoned by fleeing foreigners.,boingboing.net,http://www.boingboing.net/2009/02/09/dubai-airport-clogge.html
