2009-08-06,22:40:42,983ry,1654,"""I am a terrorist, shoot on sight"": New British ID card, supposedly unhackable and containing very personal information, cloned and modified in minutes",computerweekly.com,http://www.computerweekly.com/Articles/2009/08/06/237215/uk-national-id-card-cloned-in-12-minutes.htm
2009-08-06,11:10:39,97y9f,571,"Italy approved the use of RU-486, the abortion drug. The Vatican warned of immediate excommunication for doctors prescribing the pill and for women taking it!!",motherjones.com,http://www.motherjones.com/blue-marble/2009/07/italy-oks-abortion-pill
2009-08-06,21:26:47,9832a,61,The Israeli government insists that these photos of Bibi Netanyahu visiting the Dimona nuclear plant are not photos of Bibi Netanyahu visting the Dimona nuclear plant,trueslant.com,http://trueslant.com/nealungerleider/2009/08/06/israeli-government-denies-netanyahu-photographed-at-dimona-nuclear-facility/
2009-08-06,11:32:29,97yfa,54,Remember the four Uighars prisoners released from Gitmo to Bermuda after 7 years of captivity? They've scored jobs at the seaside Port Royal course which will host the PGA Grand Slam of Golf in October. Article has photo of them free and happy piloting a golf cart.,news.yahoo.com,http://news.yahoo.com/s/nm/20090805/wl_nm/us_bermuda_guantanamo_1
2009-08-07,04:46:38,987sr,46,Remember the Israeli group that a few weeks ago presented testimony from soldiers detailing their abuse of civilians in the Gaza conflict? Israel is putting pressure on donors and governments to stop supporting them.,blogs.mcclatchydc.com,http://blogs.mcclatchydc.com/jerusalem/2009/08/israel-takes-aim-at-soldiercritics.html
2009-08-06,18:31:40,981ow,38,"Lying about Iraq made me quit, British Ministry of Defence press officer claims",independent.co.uk,http://www.independent.co.uk/news/uk/home-news/lying-about-iraq-made-me-quit-press-officer-claims-1767353.html
2009-08-07,01:25:51,985pf,33,"Bhopal gas disaster's legacy lives on 25 years later - ""The company, Sarangi alleges, did not want the drug to be used, because its effectiveness would demonstrate that the poison had gone into the bloodstream. The clinic was quickly closed down by the police. """,telegraph.co.uk,http://www.telegraph.co.uk/news/worldnews/asia/india/5978266/Bhopal-gas-disasters-legacy-lives-on-25-years-later.html
2009-08-07,01:18:48,985m7,31,"Air France found a problem with reading light wiring on Airbus A340s that could cause an inflight fire, which prompted EASA to release a proposed airworthiness directive today.",aviationweek.com,http://www.aviationweek.com/aw/blogs/mro/index.jsp?plckController=Blog&plckBlogPage=BlogViewPost&newspaperUserId=388668c6-b459-4ea7-941e-a0a2206d415f&plckPostId=Blog%3a388668c6-b459-4ea7-941e-a0a2206d415fPost%3aed02afc5-d603-40d0-ab6f-139b32edf01e&plckScript=blogScript&plckElementId=blogDest
2009-08-07,05:03:09,987zw,34,"More than 50 Muslim leaders repeatedly called Nigeria's police, local authorities and state security to urge them to take action against Boko Haram sect militants but their pleas were ignored.",guardian.co.uk,http://www.guardian.co.uk/world/2009/aug/02/nigeria-boko-haram-islamist-sect
2009-08-06,22:33:20,983pf,31,"If Rupert Murdoch is to make a success of charging for all his papers' content online, expect more attacks on the BBC",guardian.co.uk,http://www.guardian.co.uk/media/organgrinder/2009/aug/06/rupert-murdoch-online-charging
2009-08-06,19:43:47,9827u,32,Remember when the Israeli FM said the US would accept Israeli decision on settlements?  He was right. ,news.antiwar.com,http://news.antiwar.com/2009/08/05/us-seeks-one-year-israel-settlement-freeze/
2009-08-07,05:00:10,987yk,29,Kurds turn up the heat on Baghdad ,atimes.com,http://www.atimes.com/atimes/Middle_East/KH07Ak03.html
2009-08-07,06:29:14,988se,25,WTF? The U.S. is going to finance oil drilling off the coast of Brazil?,dr5.org,http://www.dr5.org/the-u-s-will-finance-oil-drilling-off-brazil-but-it-wont-allow-drilling-off-the-u-s-coast/
2009-08-06,23:36:21,984cd,25,"Nigeria offers amnesty and a stipend to oil militants willing to give up their weapons and retrain.  The country's main militant groups says, ""No, thanks.""",salon.com,http://www.salon.com/wires/ap/world/2009/08/06/D99TDJ6O1_af_nigeria_militant_amnesty/index.html
2009-08-06,23:38:31,984dd,27,China seals off plague town,english.aljazeera.net,http://english.aljazeera.net/news/asia-pacific/2009/08/20098642446955428.html
2009-08-07,04:18:56,987j7,27,Indonesia may slip to starvation within 5 years: Report,commodityonline.com,http://www.commodityonline.com/news/Indonesia-may-slip-to-starvation-within-5-years-Report-18996-3-1.html
2009-08-06,10:02:22,97xq0,24,Clinton's high drama Korean mission,news.bbc.co.uk,http://news.bbc.co.uk/2/hi/americas/8186752.stm
2009-08-06,22:58:02,983yj,26,Global alert on Mumbai terror suspects,telegraph.co.uk,http://www.telegraph.co.uk/news/worldnews/asia/india/5982704/Global-alert-on-Mumbai-terror-suspects.html
2009-08-06,18:01:03,981h1,24,Hong Kong triad boss run down and hacked to bits in front of luxury hotel,google.com,http://www.google.com/hostednews/afp/article/ALeqM5hNWXOOmv_lzp5AeS9lwb-q_o44dA
2009-08-06,16:24:41,980rr,23,Sayed Kashua tells the BBC what it is like to being an Israeli Arab and why his own Arab community is finding it hard to laugh at his jokes.,bbc.co.uk,http://www.bbc.co.uk/programmes/p003s71x
2009-08-07,04:09:44,987gf,23,"Fox News gives voice to the ‘Journalists shouldn’t be in North Korea, caught ones should sit out there sentence in jail and perhaps never come back to America‘ side of the debate.",trueslant.com,http://trueslant.com/jeffhoard/2009/08/06/fox-news-guest-north-korea-should-jail-journalists/
2009-08-06,23:45:15,984g8,23,People trying to flee China plague town,chinapost.com.tw,http://www.chinapost.com.tw/china/national-news/2009/08/06/219431/People%2Dtrying.htm
2009-08-07,04:25:56,987lm,21,"Major new development -- ""Kremlin City"" -- planned for Moscow island",samsal.com,http://www.samsal.com/2009/08/architectural-project-kremlin-city.html
2009-08-07,06:41:25,988wi,22,Baghdad to remove blast walls around neighborhoods ,cnn.com,http://www.cnn.com/2009/WORLD/meast/08/06/iraq.baghdad.barriers/index.html
2009-08-06,21:21:05,9830g,22,"Death by Hanging for two men and a woman convicted of bomb attacks in 2003 at Mumbai, India  ",nytimes.com,http://www.nytimes.com/2009/08/07/world/asia/07mumbai.html
2009-08-06,12:11:22,97yq9,20,"China is also suffering from inequities in health care availability, and the government is trying to reform their system as well",globalpost.com,http://www.globalpost.com/dispatch/china-and-its-neighbors/090804/china-health-care-reform
2009-08-06,16:17:45,980pz,21,German Campaign Gets Much-Needed Dose of Humor - SPIEGEL ONLINE - News - International,spiegel.de,"http://www.spiegel.de/international/germany/0,1518,640663,00.html"
2009-08-06,15:20:53,9808x,20,Iraqi women take business into their own hands,theredbulls.org,http://www.theredbulls.org/article244
2009-08-07,07:29:55,989ad,19,"Pakistani Taliban Chief Baitullah Mehsud Likely Killed During Drone Airstrike According to Interior Minister.....The Pakistani's are worse than the french so this is almost not worth posting, but just in case..... ",news.yahoo.com,http://news.yahoo.com/s/nm/20090806/ts_nm/us_pakistan_mehsud
2009-08-06,04:26:40,97uyr,12,Where foreigners fill prisons [chart],economist.com,http://www.economist.com/daily/chartgallery/displayStory.cfm?story_id=14163924
