2009-10-04,13:33:38,9qmid,390,"""So I wonder what the voting recording on the this two-state solution everyone is talking about!HOLY SHIT!""
",unbisnet.un.org,http://unbisnet.un.org:8080/ipac20/ipac.jsp?session=12E46304Y680R.6814&profile=voting&uri=full=3100023~!880713~!0&ri=1&aspect=power&menu=search&source=~!horizon
2009-10-04,01:52:31,9qija,230,"Roman Polanski in 1979: ""If I had killed somebody, it wouldn’t have had so much appeal to the press, you see? But… f—ing, you see, and the young girls. Judges want to f— young girls. Juries want to f— young girls. Everyone wants to f— young girls!""",blogs.telegraph.co.uk,http://blogs.telegraph.co.uk/news/michaeldeacon/100011795/roman-polanski-everyone-else-fancies-little-girls-too/
2009-10-05,06:53:07,9qsew,116,"I was ordered to cover up President Karzai election fraud, sacked UN envoy says",timesonline.co.uk,http://www.timesonline.co.uk/tol/news/world/Afghanistan/article6861064.ece#cid=OTC-RSS&attr=797093
2009-10-04,15:44:37,9qn68,82,London challenges bottled water industry by installing drinking machines at rail and bus stations to benefit commuters,guardian.co.uk,http://www.guardian.co.uk/environment/2009/oct/04/london-drinking-fountains-water-industry
2009-10-04,15:25:30,9qn2u,70,Overseas students are better at English than the British,independent.co.uk,http://www.independent.co.uk/news/education/education-news/overseas-students-are-better-at-english-than-the-british-1797470.html
2009-10-04,02:18:40,9qiqb,64,Ninety percent of the Afghan army can't read ,good.is,http://www.good.is/post/ninety-percent-of-the-afghan-army-cant-read/
2009-10-04,21:34:41,9qoxr,54,"Argentine folk singer Mercedes Sosa, often called ""The voice of Latin America"", dies aged 74",google.com,http://www.google.com/hostednews/ap/article/ALeqM5iBSb5ZdEJ8MI6_qzWccZNZQITnMAD9B48LB00
2009-10-04,10:38:56,9qlmb,36,Italians rally for press freedom,news.bbc.co.uk,http://news.bbc.co.uk/2/hi/europe/8289166.stm
2009-10-04,22:40:52,9qp8x,39,"Why is the country so short of money that we can't even rebuild the London
Tube? Because we allow the banks a monopoly to create it, and they charge
the earth.",newstatesman.com,http://www.newstatesman.com/200304070021
2009-10-04,16:02:22,9qn9m,35,"Sea of blood: Every year, thousands of dolphins are herded into a tranquil cove in Japan where some are captured for sale to marine parks, the rest slaughtered for their meat",telegraph.co.uk,http://www.telegraph.co.uk/earth/6255789/Sea-of-blood-as-Japan-slaughters-thousands-of-dolphins.html
2009-10-05,03:39:50,9qr77,40,Silvio Berlusconi firm to pay £690m compensation for bribing judge,telegraph.co.uk,http://www.telegraph.co.uk/news/worldnews/europe/italy/6259460/Silvio-Berlusconi-firm-to-pay-690m-compensation-for-bribing-judge.html
2009-10-04,08:20:03,9qkxa,34,The West is trying to make it seem like Iran did something wrong in regards to their second uranium enrichment site. That may not be the case.,original.antiwar.com,http://original.antiwar.com/porter/2009/10/02/new-doubt-cast-on-us-claim-qom-plant-is-illicit/
2009-10-04,21:52:50,9qp1b,29,US economic power is declining,news.bbc.co.uk,http://news.bbc.co.uk/2/hi/business/8289302.stm
2009-10-04,19:55:59,9qohq,31,North Korean ship detained by Indian Navy,earthtimes.org,"http://www.earthtimes.org/articles/show/288606,north-korean-ship-detained-by-indian-navy.html"
2009-10-04,20:14:32,9qokh,26,"WTF!?? Air India pilots, crew come to blows in the cockpit at 30,000 ft, endangering the lives of passengers and grossly violating safety norms ",timesofindia.indiatimes.com,http://timesofindia.indiatimes.com/news/business/india-business/Air-India-pilots-crew-slug-it-out-at-30000-ft/articleshow/5085243.cms
2009-10-04,16:06:10,9qnan,18,"Palestinians blackmailed by America 
not to endorse the UN resolution to 
charge Israel with war crimes  ",english.aljazeera.net,http://english.aljazeera.net/news/middleeast/2009/10/20091039613281857.html
2009-10-04,21:05:18,9qoso,19,Afghanistan: Soldiers accused of using 'dum-dum' bullets. (Dum-dum bullets have been illegal under the Geneva Conventions since just after WWI.) Illegal ammunition found in possession of Danish soldiers in Afghanistan – accused face severe penalties.,cphpost.dk,http://www.cphpost.dk/news/international/89-international/47059-soldiers-accused-of-using-dum-dum-bullets-.html
2009-10-05,06:54:52,9qsf9,18,UN nuclear watchdog praises Iran for setting date to open its newly disclosed uranium enrichment plant to international inspection.,telegraph.co.uk,http://www.telegraph.co.uk/news/6259467/UN-praise-for-Iran-over-nuclear-inspections.html
2009-10-05,06:40:25,9qscd,14,“I think that cancer will become a disease that is not a major cause of death.” ,telegraph.co.uk,http://www.telegraph.co.uk/health/healthnews/6259261/Cancer-treatment-enters-very-exciting-era.html
2009-10-04,18:51:47,9qo7v,13,"Israel security forces have closed off the al-Aqsa 
mosque compound in Jersualem as more than 200 
Palestinians stage a sit-in at the site - Al Jazeera",english.aljazeera.net,http://english.aljazeera.net/news/middleeast/2009/10/2009104838609929.html
2009-10-05,06:42:06,9qsct,14,Japan - Postwar defense aide was CIA mole,search.japantimes.co.jp,http://search.japantimes.co.jp/rss/nn20091005a2.html
2009-10-05,06:00:09,9qs3u,10,Socialists trounce conservatives in Greek election.,news.yahoo.com,http://news.yahoo.com/s/ap/20091004/ap_on_re_eu/eu_greece_election
2009-10-04,21:36:43,9qoy7,14,"Iran’s nuclear threat is a lie. Obama's ""showdown"" with Iran has another agenda. The media have been tasked with preparing the public for endless war.",newstatesman.com,http://www.newstatesman.com/international-politics/2009/10/iran-nuclear-pilger-obama
2009-10-04,20:41:08,9qoob,11,"Natasha has, unfortunately, over the past two decades become a byword for a Russian prostitute",russiatoday.com,http://www.russiatoday.com/Top_News/2009-09-29/sex-trafficking-court-moscow.html?fullstory
2009-10-04,20:15:10,9qoko,12,'They were sucked deep into the earth',independent.co.uk,http://www.independent.co.uk/news/world/australasia/indonesian-earthquake-they-were-sucked-deep-into-the-earth-1797309.html
2009-10-05,07:23:44,9qsle,10,Air India investigates mid-air brawl between pilots and cabin crew,timesonline.co.uk,http://www.timesonline.co.uk/tol/news/world/asia/article6860927.ece#cid=OTC-RSS&attr=797093
2009-10-05,02:14:27,9qqni,9,TV rights worth less because Rio won: IOC official,cbc.ca,http://www.cbc.ca/sports/story/2009/10/04/olympics-television.html
2009-10-04,19:43:01,9qofn,9,"BBC - dentical twin sisters, brought up in a non-religious household, have, as adults, embraced religion. But where Caroline has become a Christian, Elizabeth has become Muslim.",bbc.co.uk,http://www.bbc.co.uk/programmes/p004d18x
2009-10-04,18:23:41,9qo39,6,Sumatra earthquake: Aid worker's diary,news.bbc.co.uk,http://news.bbc.co.uk/2/hi/asia-pacific/8289042.stm
2009-10-04,22:56:25,9qpc5,4,Stop bitching about Ahmadinejad and do something useful: Here is the Executive Summary of the Goldstone Report,ohchr.org,http://www2.ohchr.org/english/bodies/hrcouncil/docs/12session/A-HRC-12-48_ADVANCE1.pdf
