2009-02-10,08:46:08,7w4zm,518,Fires in Australia from The Big Picture,boston.com,http://www.boston.com/bigpicture/2009/02/bushfires_in_victoria_australi.html
2009-02-10,22:29:40,7w9y1,428,Amnesty international: Hamas kills two dozen of its opponents,ynetnews.com,"http://www.ynetnews.com/articles/0,7340,L-3669623,00.html"
2009-02-10,04:44:18,7w37s,334,Biggest darned fire I've seen in my life. Unfinished highrise hotel currently burning in Bejing. (video),youtube.com,http://www.youtube.com/watch?v=6hSPFL2Zlpg
2009-02-10,01:36:14,7w1hu,160,"Remember that crazy looking building being build in Bejing? Well, it just burnt to the ground from fireworks.",msnbc.msn.com,http://www.msnbc.msn.com/id/29099358/
2009-02-10,19:34:20,7w8s1,154,"BREAKING NEWS: Oil tanker with 30,000 tons of oil on board exploded and burning after collision with cargo ship",thenational.ae,http://www.thenational.ae/article/20090210/NATIONAL/985554110/1001&profile=1001
2009-02-11,03:54:03,7wd0s,117,Texas officials are working on a plan to respond to a potential collapse of the Mexican government and the specter of thousands fleeing north in fear for their lives after recent reports indicated the country could be on the verge of chaos.,elpasotimes.com,http://www.elpasotimes.com/ci_11655113?source
2009-02-10,21:30:45,7w9hv,58,The Financial Crisis Is Driving Hordes of Americans to Suicide,alternet.org,http://www.alternet.org/workplace/123563/
2009-02-11,03:15:38,7wcop,55,Governments under Pressure: Popular Rage Grows as Global Crisis Worsens,spiegel.de,"http://www.spiegel.de/international/world/0,1518,606721,00.html"
2009-02-11,00:47:28,7wb9z,42,Israeli elections: Be afraid. Be very afraid,independent.co.uk,http://www.independent.co.uk/news/world/middle-east/israeli-elections-be-afraid-be-very-afraid-1604052.html
2009-02-10,21:57:19,7w9ot,36,"Tale of Horror:  500 bottles Johnny W Blue, 8,000 lobsters, 4,000 portions caviar, 3,000 cakes ...   ",timesonline.co.uk,http://www.timesonline.co.uk/tol/news/world/africa/article5697712.ece
2009-02-10,20:43:01,7w96r,32,Pratchett Becomes A Real Knight,blog.gauchotexts.com,http://blog.gauchotexts.com/sir-terry-pratchett
2009-02-11,07:49:41,7wexy,35,UK Students are revolting: The spirit of ‘68 is reawakening,independent.co.uk,http://www.independent.co.uk/news/education/education-news/students-are-revolting-the-spirit-of-68-is-reawakening-1604043.html
2009-02-10,21:57:13,7w9or,26,"BullHunter Donates $10,000 To Victorian Bushfire Appeal",seanrasmussen.com,http://www.seanrasmussen.com/life/red-cross-victorian-bushfire-appeal/
2009-02-10,12:28:39,7w6d7,19,Putin's worst nightmare,guardian.co.uk,http://www.guardian.co.uk/world/2009/feb/08/russia-race
2009-02-10,20:54:29,7w99l,14,Christian loon blames Australian bushfires on abortion,smh.com.au,http://www.smh.com.au/national/pastors-abortion-dream-inflames-bushfire-tragedy-20090210-832f.html?page=-1
2009-02-10,08:47:14,7w4zr,14,Inside the Gaza tunnels,guardian.co.uk,http://www.guardian.co.uk/world/2009/feb/10/gaza-tunnels-israel
2009-02-10,15:40:33,7w7k0,15,"Evan Harris: ""What's the future for scientific independence if she [Jacqui Smith] asks that scientists apologise for their views?"" ",news.bbc.co.uk,http://news.bbc.co.uk/2/hi/uk_news/politics/7879378.stm
2009-02-10,17:31:24,7w83d,14,"Ahead of 2010, South Africa's water supply a ticking time bomb",irinnews.org,http://www.irinnews.org/Report.aspx?ReportId=82750
2009-02-10,14:14:50,7w72i,10,"‘British jobs for British workers’ was whipped up by the capitalist media. As Phil Willis said: “I have more in common with workers in Latvia, Poland and Italy than any employer.”",socialist.net,http://www.socialist.net/construction-workers-demonstrate.htm
2009-02-10,13:28:35,7w6rt,10,Australian PM: Wildfire arson is mass murder,edition.cnn.com,http://edition.cnn.com/2009/WORLD/asiapcf/02/09/australia.wildfires/index.html
2009-02-11,05:30:31,7wdto,10,New Hampshire Fires First Shot Of Civil War,patdollard.com,http://patdollard.com/2009/02/new-hampshire-fires-first-shot-of-civil-war-resolution-immediately-voids-several-federal-laws-threatens-counterstrike-against-breach-of-peace/
2009-02-11,00:00:48,7watr,6,"If I have to suffer, it's better to suffer in Guatemala with my family""  - illegal immigrants reconsider US because of economy",cnn.com,http://www.cnn.com/2009/US/02/10/immigrants.economy/index.html?iref=mpstoryview
2009-02-10,22:45:48,7wa2k,6,Families want answers from man who says he dissolved 300 people,latimes.com,"http://www.latimes.com/news/nationworld/world/la-fg-missing9-2009feb09,0,2537684.story"
2009-02-10,12:14:02,7w69f,7,Hundreds of dolphins beached in Philippines!,google.com,http://www.google.com/hostednews/afp/article/ALeqM5jJZIetD8bPhf_nq2JZWzpmlkQY-g
2009-02-10,17:18:05,7w811,6,"In rural Alaska, families struggle to survive",edition.cnn.com,http://edition.cnn.com/2009/US/02/05/rural.alaska.villages/index.html
2009-02-11,02:29:56,7wc9b,6,Iran's revolution turns 30 - 66% of Iranians under 25,news.bbc.co.uk,http://news.bbc.co.uk/2/hi/middle_east/7881635.stm
2009-02-11,05:33:30,7wduo,6,South Africa TV station announces that George W. Bush is dead (he's not),news.bbc.co.uk,http://news.bbc.co.uk/2/hi/africa/7880832.stm
2009-02-11,02:23:43,7wc7h,6,Framing Gaza: Who Are The Two Sides?,narcosphere.narconews.com,http://narcosphere.narconews.com/notebook/nick-cooper/2009/01/framing-gaza
2009-02-10,09:38:08,7w5bu,6,India's looming election  -- Awaiting the democratic tide,economist.com,http://www.economist.com/world/asia/displayStory.cfm?story_id=13059701&source=hptextfeature
2009-02-11,03:56:59,7wd1z,4,No outcry over Russian killings ,news.bbc.co.uk,http://news.bbc.co.uk/1/hi/programmes/from_our_own_correspondent/7873187.stm
