2009-11-24,10:00:34,a7hnv,1836,"Wow, it turns out the guy who was ""paralyzed but fully aware for 23 years"" isn't.. he's a vegetable and the people saying he's communicating are really faking his communication. ",randi.org,http://www.randi.org/site/index.php/swift-blog/783-this-cruel-farce-has-to-stop.html
2009-11-24,12:22:23,a7ixj,242,Prof Nutt (Gov't scientist who was sacked over Cannabis research) cuts presenter down to size on Sky News,youtube.com,http://www.youtube.com/watch?v=P5BrPuv9hWo
2009-11-24,20:31:52,a7naw,118,UK jails schizophrenic for refusal to decrypt files,theregister.co.uk,http://www.theregister.co.uk/2009/11/24/ripa_jfl/
2009-11-24,21:18:10,a7npn,73,The world's biggest animal sacrifice begins today,guardian.co.uk,http://www.guardian.co.uk/world/2009/nov/24/hindu-sacrifice-gadhimai-festival-nepal
2009-11-25,00:52:46,a7q7r,75,Screw you Murdoch. BBC have no plans to charge for online news,guardian.co.uk,http://www.guardian.co.uk/media/2009/nov/24/bbc-wont-charge-online-news
2009-11-24,17:09:03,a7lko,65,Leaked documents reveal Tony Blair lied about Iraq,telegraph.co.uk,http://www.telegraph.co.uk/news/newstopics/politics/defence/6625534/Iraq-report-Secret-plans-for-war-no-plans-for-peace.html
2009-11-24,07:37:59,a7gga,65,"Microbiologist who warned that flu vaccine was bioweapon & arrested by FBI for allegedly trying to bomb White House was expert in manipulation of virii, with 28 publications",biomedexperts.com,http://www.biomedexperts.com/Profile.bme/78637/Moshe_Bar-Joseph
2009-11-24,04:12:36,a7ebh,50,"India's parliament is up in arms over the leak of a report, 17 years in the making, on the destruction of a mosque, the Babri Masjid, in 1992. The report exposes the complicity of India's right-wing Bharatiya Janata Party in the riot and clashes that followed.",nytimes.com,http://www.nytimes.com/2009/11/24/world/asia/24mosque.html?partner=rss&emc=rss
2009-11-24,23:42:22,a7pcu,44,Bank of England gave SECRET bailout loans to RBS and HBOS,news.bbc.co.uk,http://news.bbc.co.uk/2/hi/business/8375969.stm
2009-11-24,20:48:25,a7nfq,40,DNA nation: British police keep a much larger DNA database than anyone else. USA is 5th,economist.com,http://www.economist.com/node/14951213
2009-11-24,14:26:09,a7k5l,36,"An activist in China has been sentenced to 3 years in prison for blogging about poorly built schools that collapsed during China's massive earthquake last year, which killed thousands of children.",mail.com,http://www.mail.com/Article.aspx/world/0/APNews/General-World-News/20091123/U_AS-China-Dissident?pageid=1
2009-11-24,04:51:10,a7eqh,35,Australian airport takes away a paralympian's wheelchair and he ends up crawling through the airport to board his plane.,news.com.au,"http://www.news.com.au/travel/story/0,28318,26392394-5014090,00.html"
2009-11-25,05:18:30,a7tbu,31,"'Cruel, illegal, immoral': Human Rights Watch condemns UK's role in torture. Pressure for inquiry grows as torturers themselves allege British complicity.",guardian.co.uk,http://www.guardian.co.uk/politics/2009/nov/24/human-rights-uk-role-torture
2009-11-24,13:56:59,a7ju7,29,Police routinely arresting people to get DNA,guardian.co.uk,http://www.guardian.co.uk/politics/2009/nov/24/dna-database-inquiry
2009-11-24,18:24:38,a7m6x,25,China executes two over tainted milk powder scandal,news.bbc.co.uk,http://news.bbc.co.uk/1/hi/world/asia-pacific/8375638.stm
2009-11-25,05:46:21,a7tn5,20,There are fears in Japan that a potentially deadly Australian invader is beginning to close in on some of the country's most crowded urban areas.,abc.net.au,http://www.abc.net.au/news/stories/2009/11/25/2752536.htm
2009-11-24,10:13:48,a7hsh,20,"In Afghanistan, “People hate the Americans from the bottom of their hearts” ",timesonline.co.uk,http://www.timesonline.co.uk/tol/news/world/Afghanistan/article6924182.ece
2009-11-25,06:59:16,a7uaz,17,"The number of deaths by cause over the past 300 days - this really puts the swine flu ""pandemic"" into perspective",flickr.com,http://www.flickr.com/photos/michaelpaukner/4052849920/sizes/o/
2009-11-25,04:33:28,a7sty,16,"Political dynasties die hard in Philippines - Against death toll from Monday's violence, now at 46, political warlordism looms large",globalpost.com,http://www.globalpost.com/dispatch/philippines/091123/political-violence-dynasties
2009-11-24,17:27:23,a7lpy,12,Call girl who made Berlusconi look bad receives death threats,guardian.co.uk,http://www.guardian.co.uk/world/2009/nov/22/silvio-berlusconi-patrizia-daddario-book
2009-11-25,05:12:11,a7t9h,16,Drunk police accused of beating a man to death.,abc.net.au,http://www.abc.net.au/news/stories/2009/11/25/2752553.htm?section=justin
2009-11-24,21:14:09,a7no3,15,"UK role in torture of its own citizens in Pakistan condemned by HRW as cruel, counter-productive and in clear breach of international law",guardian.co.uk,http://www.guardian.co.uk/world/2009/nov/24/british-torture-human-rights-pakistan
2009-11-24,16:16:59,a7l4w,10,"Blackwater secret war in Pakistan exposed - Taliban 
assertions that Blackwater bombed civilians need to 
be investigated",futurenewstoday.blogspot.com,http://futurenewstoday.blogspot.com/2009/11/blackwaters-aka-xe-exposed-by-scahill.html
2009-11-25,01:46:28,a7qwm,6,Plague of black lung is sweeping through Europe,examiner.com,http://www.examiner.com/x-16500-Lake-County-Independent-Examiner~y2009m11d24-Plague-of-black-lung-is-sweeping-through-Europe
2009-11-24,21:30:49,a7nui,8,"Russia is Telling Blond, Blue-Eyed People to Breed. It's Working.",takimag.com,http://www.takimag.com/blogs/article/motherland/?sub=again
2009-11-24,08:31:45,a7gwg,8,"The acquisition of farmland from the world's poor by rich countries and international corporations is accelerating at an alarming rate, with an area half the size of Europe's farmland targeted in the last six months, reports from UN officials and agriculture experts say.",antemedius.com,http://www.antemedius.com/content/fears-worlds-poor-countries-rich-grab-land-grow-food
2009-11-24,14:51:20,a7kej,9,"Kelvin Thomson stepped up his population-control campaign last week, releasing a 14-point plan to cap Australia’s population at 26 million.",moreland-leader.whereilive.com.au,http://moreland-leader.whereilive.com.au/news/story/populate-and-perish-says-kelvin-thomson/
2009-11-24,12:38:15,a7j2v,6,"WTF?! Blackwater's covert ops in Pakistan: The firm works with the US military in Karachi to plan targeted assassinations and drone bombings, among other sensitive counterterrorism operations",commondreams.org,http://www.commondreams.org/headline/2009/11/23-8
2009-11-24,15:30:26,a7kr3,7,"During the 1980s, Saudi Arabia spent more than $75bn on the propagation of Wahhabi doctrine, funding schools, mosques, and charities across the Islamic world in an effort to bolster its influence",guardian.co.uk,http://www.guardian.co.uk/commentisfree/2009/nov/23/saudi-arabia-yemen-houthi-war
2009-11-25,04:50:26,a7t1d,7,"An inquiry into Britain's role in the Iraq war kicked off today, with top government advisers testifying that some Bush administration officials were calling for Saddam Hussein's ouster as early as 2001",mail.com,http://www.mail.com/Article.aspx/world/0/APNews/General-World-News/20091124/U_EU-Britain-Iraq-Inquiry?pageid=1
