2009-06-24,23:34:38,8v8ix,784,Iranian footballers who wore green armbands to support protesters forced to retire by hardline regime,dailymail.co.uk,http://www.dailymail.co.uk/news/worldnews/article-1194641/Obama-praises-YouTube-martyr-Neda-Agha-Soltani-Britain-expels-Iranian-diplomats.html
2009-06-24,08:02:07,8v1oy,178,"Iranian Clerics Defy Ayatollah, Take to the Streets to Join the Protests",cnn.com,http://www.cnn.com/2009/WORLD/meast/06/23/iran.protest.faces/index.html
2009-06-24,21:30:04,8v7c2,101,Iranian football stars 'retired' after match protest,cnn.com,http://www.cnn.com/2009/WORLD/meast/06/24/iran.football.protest.retirements/index.html
2009-06-25,03:12:55,8vb0n,83,North Korea threatened Wednesday to wipe the United States off the map as Washington and its allies watched for signs the regime will launch a series of missiles in the coming days.,news.yahoo.com,http://news.yahoo.com/s/ap/20090624/ap_on_re_as/as_koreas_nuclear_91
2009-06-25,06:06:03,8vcrx,55,"Protesters beaten and shot as 10,000 police launch brutal crackdown in Iran",dailymail.co.uk,http://www.dailymail.co.uk/news/worldnews/article-1195250/Protesters-beaten-shot-10-000-police-launch-brutal-crackdown-Iran.html
2009-06-24,22:47:40,8v823,52,"Remember the ""OMG! Fraud in Iran"" graph that circulated? Well it was propaganda, as the same trend can be found within real time US Election data.",voteforamerica.net,http://voteforamerica.net/editorials/Comments.aspx?ArticleId=272&ArticleName=Realtime+Results+From+Iran+and+USA
2009-06-25,03:05:59,8vaxl,52,The original purpose of the Iraq War finally coming to fruition:  Big oil back in Iraq,reuters.com,http://www.reuters.com/article/bigMoney/idUS277337696820090624
2009-06-24,10:26:38,8v2jy,48,A 17-year-old tells the story of his torture in Iran -- with photos,salon.com,http://www.salon.com/news/primary_sources/2009/06/24/iran_photos/
2009-06-25,00:09:25,8v8w9,44,Riot in China this week overshadowed in media by Iran (scroll down for pics/vid of police clash),zonaeuropa.com,http://zonaeuropa.com/20090621_1.htm
2009-06-25,01:54:40,8va4m,35,"It seems to me that if your government is shooting and beating you, you no longer need to worry about your protests being ""peaceful""",nytimes.com,http://www.nytimes.com/2009/06/25/world/middleeast/25iran.html?_r=1&ref=world
2009-06-25,06:07:59,8vcsq,41,"Drug use should be treated more as an illness than a crime, the head of the UN Office on Drugs and Crime said as he claimed a decline in the production of cocaine and heroin worldwide.",guardian.co.uk,http://www.guardian.co.uk/world/2009/jun/24/united-nations-world-drug-report
2009-06-25,02:14:52,8vace,29,"Witnesses report clashes around Iran's parliament, many shouting 'Death to the Dictator!'",breitbart.com,http://www.breitbart.com/article.php?id=D9915OE80&show_article=1
2009-06-25,05:44:40,8vcl5,21,"Overnight, Palestinian’s Livelihood Destroyed by Israeli Settlers",palestinesolidarityproject.org,http://palestinesolidarityproject.org/2009/06/23/overnight-palestinians-livelihood-destroyed-by-israeli-settlers/
2009-06-25,01:37:12,8v9wx,23,"""They did things that you would not do against animals, let alone to humans,"" said one former detainee, identifed as Dr. Khandan, while another described having a gun put to his head and being threatened with death.",rawstory.com,http://rawstory.com/news/afp/Ex_detainees_allege_abuse_at_US_Afg_06242009.html
2009-06-24,12:14:46,8v39o,20,"The BNP faces legal action over its ""apartheid-style"" 
membership policy that bars membership to black, 
Asian and Jewish people",independent.co.uk,http://www.independent.co.uk/news/uk/politics/bnp-faces-legal-challenege-over-membership-restrictions-1715974.html
2009-06-25,06:34:05,8vd0r,21,"Protester shot in Iran, June 24th",youtube.com,http://www.youtube.com/watch?v=4bCZfI8bl9k
2009-06-25,02:30:09,8vaj4,20,Ghana: Digital E-Waste Dumping Ground,pbs.org,http://www.pbs.org/frontlineworld/stories/ghana804/video/video_index.html
2009-06-25,07:07:58,8vdbf,16,Detainees Were Also Mudered At Bagram in Afghanistan,pubrecord.org,http://pubrecord.org/torture/968-detainees-were-also-mudered-at-bagram-in-afghanistan.html
2009-06-24,21:11:07,8v76f,15,"Iraq to mark U.S. pullback with holiday.  PM calls June 30 withdrawal of American troops from cities a ""great victory.""",msnbc.msn.com,http://www.msnbc.msn.com/id/31519397/ns/world_news-conflict_in_iraq/
2009-06-24,20:06:04,8v6p1,14,"What you didn't know about Iran's history, and why it may repeat itself",dontpaniconline.com,http://www.dontpaniconline.com/magazine/government/what-you-dont-know-about-iran
2009-06-25,07:24:35,8vdgw,13,"REPOST----- U.S media is ignoring this story.---- Homeland Security, Air Marshals compromised.   ",cbc.ca,http://www.cbc.ca/consumer/story/2009/06/23/tech-e-waste-ghana-data-british-columbia-journalism-students.html
2009-06-24,20:18:10,8v6ru,13,"While you were busy gazing at one dead woman in Iran, the USA killed 83 people in Pakistan.",news.xinhuanet.com,http://news.xinhuanet.com/english/2009-06/24/content_11594863.htm
2009-06-24,21:04:29,8v74u,12,There is a minority in Israel that is willing to risk life and limb to stand up to the occupation at its core.,ibnezra.wordpress.com,http://ibnezra.wordpress.com/2009/06/24/with-responsibility-comes-voice/
2009-06-24,16:12:45,8v50j,13,A £1m British Labour Govt. scheme to help failed asylum seekers and their children return home resulted in just one family leaving Britain!,news.bbc.co.uk,http://news.bbc.co.uk/1/hi/uk/8115630.stm
2009-06-25,01:16:17,8v9nu,10,UN World Drug Report 2009,unodc.org,http://www.unodc.org/unodc/en/data-and-analysis/WDR-2009.html
2009-06-24,12:54:57,8v3iu,8,"Government airs confessions, suggesting protesters were inspired by foreign media.",msnbc.msn.com,http://www.msnbc.msn.com/id/21134540/vp/31513546#31513546
2009-06-25,07:41:14,8vdkr,8,German pensioners ‘kidnap and torture their investment adviser’,timesonline.co.uk,http://www.timesonline.co.uk/tol/news/world/europe/article6565206.ece
2009-06-25,01:36:14,8v9wh,8,Youtube is trying to ban videos critical of Israel,washingtonbureau.typepad.com,http://washingtonbureau.typepad.com/jerusalem/2009/06/youtube-bans-controversial-videos-on-israel.html
2009-06-24,10:42:05,8v2nn,8,Who was Neda? Slain woman an unlikely martyr.,cnn.com,http://www.cnn.com/2009/WORLD/meast/06/23/iran.neda.profile/index.html
2009-06-25,05:58:47,8vcpk,6,"Shirin Ebadi, a prominent Iranian human rights lawyer and Nobel peace prize winner, has told Al Jazeera that she is prepared to represent the family of Neda who was shot dead during a protest in Tehran.",english.aljazeera.net,http://english.aljazeera.net/news/middleeast/2009/06/200962484755543950.html
