2009-12-20,12:39:31,agnsy,1263,"Sarah Palin kicked out of hospital fundraiser in 
Canada. Palin has said that ""Canada needs to 
dismantle its public health-care system and allow 
private enterprise to get involved and turn a profit""",torontosun.com,http://www.torontosun.com/news/world/2009/12/18/12204771-qmi.html
2009-12-21,01:54:46,agsos,948,"General Electric is using England's draconian libel laws to silence a doctor who discovered one of their products, Omniscan, is crippling and even killing patients.",business.timesonline.co.uk,http://business.timesonline.co.uk/tol/business/law/article6962816.ece?print=yes&randnum=1261331577425
2009-12-20,12:37:08,agnsh,39,"'A young woman walks into a bar, drinks too much and carelessly flirts with the man next to her. He follows her and rapes her. The jurors mutter that she has no one to blame but herself. She is more than just an idiot.' In rape cases, 'no' means 'no' to everyone except the British juries!",guardian.co.uk,http://www.guardian.co.uk/commentisfree/2009/dec/20/nick-cohen-rape-jury-law
2009-12-21,07:06:01,aguzp,35,"Hugo Chavez has accused the U.S. of violating Venezuela's airspace with an unmanned spy plane, and ordered his military to be on alert and shoot down any such aircraft in the future.",hosted.ap.org,http://hosted.ap.org/dynamic/stories/L/LT_VENEZUELA_US_COLOMBIA?SITE=MAFIT&TEMPLATE=DEFAULT&SECTION=HOME
2009-12-20,14:57:48,agon8,25,Drug giant GE Healthcare uses UK libel law to gag doctor: Some kidney patients at his hospital contracted a potentially deadly condition after being administered the drug Omniscan,business.timesonline.co.uk,http://business.timesonline.co.uk/tol/business/law/article6962865.ece
2009-12-21,05:40:14,aguf4,22,"George Orwell put fish and chips first among the home comforts that helped keep the masses happy and ""averted revolution"".",news.bbc.co.uk,http://news.bbc.co.uk/2/hi/uk_news/magazine/8419026.stm
2009-12-21,00:28:24,ags0d,18,Catalan Parliament passes landmark vote to ban bullfighting,timesonline.co.uk,http://www.timesonline.co.uk/tol/news/world/europe/article6961985.ece
2009-12-21,04:39:53,agtz4,18,UK Unable to Stop Female Genital Mutilation...,independent.co.uk,http://www.independent.co.uk/news/uk/home-news/uk-fails-to-halt-female-genital-mutilation-1845731.html
2009-12-20,18:16:53,agpom,14,Police expect Mumbai-style terror attack on City of London,timesonline.co.uk,http://www.timesonline.co.uk/tol/news/uk/crime/article6962867.ece
2009-12-20,13:18:56,ago1d,11,Peter Tatchell is standing down as a Green party parliamentary candidate after assaults by Robert Mugabe's thugs and Russian neo-Nazis.,guardian.co.uk,http://www.guardian.co.uk/world/2009/dec/20/peter-tatchell-retires-interview
2009-12-20,19:03:05,agpwq,14,Iran claims that oil field its troops took over yesterday belongs to them because it's on their side of the Iraq border.,nytimes.com,http://www.nytimes.com/2009/12/20/world/middleeast/20iraq.html?ref=business
2009-12-20,16:20:27,agp3l,12,"Bush shoe protester says worldwide fame has still 
left him a poor man",guardian.co.uk,http://www.guardian.co.uk/world/2009/dec/20/muntazer-al-zaidi-george-bush-shoe-protest
2009-12-21,05:18:11,agu9x,7,"Israel harvested organs off dead Palestinians, says 
former head of Israel's Abu Kabir forensic institute",google.com,http://www.google.com/hostednews/ap/article/ALeqM5h6I8H32kJbxHmG__nQrcVSOcRmUQD9CN8D7G0
2009-12-21,03:13:06,agtb8,11," Teenager found on fire in Leeds street, UK",news.bbc.co.uk,http://news.bbc.co.uk/2/hi/uk_news/england/west_yorkshire/8421819.stm
2009-12-20,22:16:20,agr30,7,China plans world's fastest train service on Dec 26,upi.com,http://www.upi.com/Top_News/International/2009/12/19/China-plans-worlds-fastest-train-service/UPI-60371261272238
2009-12-21,05:50:05,aguhi,9,"Food for sex rampant in Sri Lankan refugee camps, says British medic",hindustantimes.com,http://www.hindustantimes.com/Food-for-sex-rampant-in-Sri-Lankan-camps/H1-Article1-488757.aspx
2009-12-20,13:22:07,ago21,8,"Five years after scrapping its trials, Monsanto calculates that the time is now ripe for GM wheat to make a comeback",guardian.co.uk,http://www.guardian.co.uk/commentisfree/cifamerica/2009/dec/19/gm-wheat-monsanto
2009-12-21,06:43:06,aguu7,8,Philippines raises volcano alert as eruption nears,alertnet.org,http://www.alertnet.org/thenews/newsdesk/SGE5BJ01D.htm
2009-12-21,06:36:03,agusm,5,Egypt – Two MB students remain in detention despite court’s decision,ihrc.org.uk,http://www.ihrc.org.uk/activities/alerts/9181-alert-egypt-two-mb-student-remain-in-detention-despite-courts-decision
2009-12-20,12:22:02,agnol,6,"The glorious state of Israel, run by the chosen people of god (tm), forces Palestinians to act as spies in exchange for medical treatment",btselem.org,http://www.btselem.org/english/Gaza_Strip/20090906_Gaza_patient_abd_al_Karim_al_Atal_interrogated_in_Israel.asp?reddit
2009-12-20,13:28:05,ago37,6,"With a small elite enjoying a decent lifestyle and a majority being excluded from it, the Earth can sustain six billion people. For everyone to have adequate mobility, food and self-development, then it is one or two billion.",ottawacitizen.com,http://www.ottawacitizen.com/business/fp/Copenhagen+huge+ploy+leading+expert+says/2325685/story.html
2009-12-20,18:10:17,agpmz,8,Antillean islands used for spying: Chavez,dutchnews.nl,http://www.dutchnews.nl/news/archives/2009/12/antillean_islands_used_for_spy.php
2009-12-21,01:59:19,agsqe,7,Uighurs seeking asylum deported to China,abc.net.au,http://www.abc.net.au/news/stories/2009/12/20/2776779.htm
2009-12-20,23:09:16,agrg3,6,Sri Lankan guards 'sexually abused girls' in Tamil refugee camp,guardian.co.uk,http://www.guardian.co.uk/world/2009/dec/20/tamil-tigers-sri-lanka-refugees
2009-12-20,23:05:31,agrf8,5,"Germany's ""war"" in Afghanistan - German defense minister got more than he bargained for",globalpost.com,http://www.globalpost.com/dispatch/germany/091217/germany-afghanistan-guttenberg
2009-12-21,00:10:47,agrvb,5,Iran: Grand Ayatollah Montazeri death sparks protests ,telegraph.co.uk,http://www.telegraph.co.uk/news/worldnews/middleeast/iran/6851224/Grand-Ayatollah-Montazeri-death-sparks-protests.html
2009-12-21,01:57:39,agsq0,6,Iran officials on murder charges over inmates' deaths,news.bbc.co.uk,http://news.bbc.co.uk/1/hi/world/middle_east/8422506.stm
2009-12-21,01:10:56,agscq,6,"Steps to create an Israel-Palestine
A one-state solution in the area is not as farfetched as it might seem.",latimes.com,"http://www.latimes.com/news/opinion/commentary/la-oe-kuttab20-2009dec20,0,3289579.story"
2009-12-21,03:41:53,agtjc,5,"Call to Boycott Connecticut Joe ""Senator from 
Insurance""",michaelmoore.com,http://www.michaelmoore.com/words/mike-in-the-news/michael-moore-threatens-boycott-connecticut-over-joe-lieberman
2009-12-21,01:13:44,agsdf,4,We are all anarchists now,liberalconspiracy.org,http://www.liberalconspiracy.org/2009/12/20/we-are-all-anarchists-now/
