2009-05-06,21:46:42,8iamo,1111,The Pirate Party becomes the third biggest party in Sweden by membership count,piratpartiet.se,http://www.piratpartiet.se/storlek
2009-05-06,03:06:59,8i2pm,687,New male contraceptive injection 99 per cent effective! ,ctv.ca,http://www.ctv.ca/servlet/ArticleNews/story/CTVNews/20090505/male_injection_090505/20090505?hub=TopStories
2009-05-06,18:18:46,8i961,104,Pilots refuse to take part in national identity card trials (UK),guardian.co.uk,http://www.guardian.co.uk/politics/2009/may/04/identity-cards-airline-pilots
2009-05-06,21:00:41,8ia8y,83,Israeli human rights activist Ezra Nawi will most likely be sent to jail. Only international attention can help him now.,guardian.co.uk,http://www.guardian.co.uk/commentisfree/2009/may/06/israel-human-rights-police
2009-05-06,10:08:22,8i611,35,"Russian elites (including the chief environment minster) killed while hunting endangered goats.  Oligarchs:0, Goats:7",reuters.com,http://www.reuters.com/article/oddlyEnoughNews/idUSTRE54448C20090505?feedType=RSS&feedName=oddlyEnoughNews
2009-05-07,00:31:04,8ic79,24,"Eight men arrested over yesterday's killing of 44 people at a Turkish wedding were all members of state-backed ""Village Guard"" units set up to help combat Kurdish separatists in Turkey's southeast.",alertnet.org,http://alertnet.org/thenews/newsdesk/L6983356.htm
2009-05-07,05:03:11,8iewn,22,TPB judge accused of bias in another case,blogpirate.org,http://www.blogpirate.org/2009/05/06/tpb-judge-accused-of-bias-in-another-case/
2009-05-06,20:51:08,8ia6c,22,"For an 'army' which claims it doesn't target civilians the IDF has a proporsionally impressive record of killing civilians, unmatched by any other developed nation on Earth. Former IDF soldiers reveal there's a difference between what Israel says and what Israel expects of its soldiers",botlbrush.com,http://botlbrush.com/blog/?p=597
2009-05-06,23:28:56,8ibke,13,Romania risks getting a 700 million Euro fine from the EU,etromania.com,http://www.etromania.com/apps/blog/entries/show/935888-news-romania-risks-getting-a-700-million-euro-fine-from-the-eu
2009-05-06,13:36:45,8i7dp,13,Could this be considered progress?  Man stoned to death in Iran for adultery,washingtonpost.com,http://www.washingtonpost.com/wp-dyn/content/article/2009/05/05/AR2009050501136_pf.html
2009-05-07,04:37:03,8ienx,13,Where are the most people imprisoned? [chart],economist.com,http://www.economist.com/daily/news/displaystory.cfm?story_id=13565765
2009-05-07,02:21:17,8idcm,9,Giant spiders invade Australian Outback town,timesonline.co.uk,http://www.timesonline.co.uk/tol/news/environment/article6231301.ece
2009-05-06,10:42:46,8i68s,9,Afghanistan's only pig quarantined in flu fear,reuters.com,http://www.reuters.com/article/lifestyleMolt/idUSTRE5444XQ20090505
2009-05-06,12:34:10,8i6z5,9,UN demands access to secret Israeli ‘torture’ jail + UN probe finds Israel guilty of war crimes,dandelionsalad.wordpress.com,http://dandelionsalad.wordpress.com/2009/05/05/un-demands-access-to-secret-israeli-torture-jail-un-probe-finds-israel-guilty-of-war-crimes/
2009-05-07,03:05:15,8idsp,9,"'Up to 100 dead' in Afghan raid, largest loss of civilian life in a single incident since US-led forces invaded Afghanistan in 2001",english.aljazeera.net,http://english.aljazeera.net/news/asia/2009/05/20095672330997508.html
2009-05-06,11:05:31,8i6ei,7,Michael Savage and Others Banned from UK,politicsdaily.com,http://www.politicsdaily.com/2009/05/05/michael-savage-banned-from-entering-uk/
2009-05-07,07:53:34,8ig6g,8,Eighteen Zimbabwean Activists Released On Bail After False Terror Charges,africaunveiled.com,http://www.africaunveiled.com/?p=12
2009-05-06,14:06:25,8i7jz,7,Talkshow host says Koran is 'book of hate'. UK bans him from entering. Sues,news.bbc.co.uk,http://news.bbc.co.uk/2/hi/americas/8035114.stm
2009-05-07,00:04:09,8ibwb,7,"Pirates Seize German Cargo Ship, Again",joc.com,http://joc.com/node/411194
2009-05-06,14:27:15,8i7oe,4,"""Inside is a landscape of extraordinary human wreckage. The rooms resemble catacombs; lightless and fetid and crammed with dozens, even hundreds, of bodies, each one clinging to his bit of space, his bit of elixir.""",nytimes.com,http://www.nytimes.com/2009/05/06/world/asia/06kabul.html
2009-05-07,05:35:55,8if6k,7,Alleged war crimes committed during the Gaza war - the full UN investigation report.,theroadtothehorizon.org,http://www.theroadtothehorizon.org/2009/05/gaza-saga-continued.html
2009-05-07,01:39:00,8icwp,5,Is There a Save Darfur Industrial Complex?,dissidentvoice.org,http://dissidentvoice.org/2009/05/is-there-a-save-darfur-industrial-complex/
2009-05-06,16:43:44,8i8kl,5,British man lands 'Worlds Best Job',news.bbc.co.uk,http://news.bbc.co.uk/2/hi/asia-pacific/8035168.stm
2009-05-06,16:59:56,8i8o2,5,Demolitions build Jerusalem tension,news.bbc.co.uk,http://news.bbc.co.uk/1/hi/world/middle_east/8016258.stm
2009-05-06,11:08:53,8i6fd,3,Russia investigates the use of helicopters to hunt endangered goats,planetark.com,http://www.planetark.com/enviro-news/item/52746
2009-05-06,16:05:34,8i8ax,4,Anonymous Supports Blue Heart Campaign Against Human Trafficking,1888pressrelease.com,http://www.1888pressrelease.com/anonymous-supports-blue-heart-campaign-against-human-traffic-pr-117149.html
2009-05-07,04:18:27,8iei6,6,KFC Going 'HALAL',updatemedaily.com,http://updatemedaily.com/?p=3693
2009-05-07,05:38:23,8if7a,3,Vatican army 'may recruit women' ,news.bbc.co.uk,http://news.bbc.co.uk/2/hi/europe/8035235.stm
2009-05-07,06:09:12,8ifga,2,"British minister, Jacqui Smith, could be sued for $200,000 by shock jock Michael Savage for linking him to extremists",timesonline.co.uk,http://www.timesonline.co.uk/tol/news/politics/article6233105.ece
2009-05-07,03:22:30,8idyv,3,Chinese and American ships clash again in Yellow Sea,timesonline.co.uk,http://www.timesonline.co.uk/tol/news/world/asia/article6233796.ece
