2009-09-07,10:37:11,9hygp,176,"""North Korea unleashed walls of water from one or more of its dams on Sunday, sending a flash flood roaring through the heavily armed border with South Korea and sweeping away six South Koreans""",nytimes.com,http://www.nytimes.com/2009/09/07/world/asia/07korea.html
2009-09-07,03:35:48,9hvy5,53,"Swedish charity-run hospital in Afghanistan says 
U.S. troops tied up staff, searched female wards 
and toilets ",abcnews.go.com,http://abcnews.go.com/US/wireStory?id=8503275
2009-09-08,01:06:03,9i54d,55,Hemp Ethanol will Only Cost 50 cents per Gallon,hempnewstv.wordpress.com,http://hempnewstv.wordpress.com/2009/09/06/hemp-ethanol-will-only-cost-50-cents-per-gallon/
2009-09-07,21:55:38,9i3c0,48,She faced up to 40 lashes for wearing pants considered too tight,cnn.com,http://www.cnn.com/2009/WORLD/africa/09/07/sudan.journalist.pants.lashing/index.html?eref=rss_topstories
2009-09-07,12:32:45,9hz5w,38,North Korea: 'Worst building in the history of mankind' gets a face lift - 16 years late the 105 story Ryugyong Hotel gets glass.,smh.com.au,http://www.smh.com.au/travel/travel-news/worst-building-in-the-history-of-mankind-gets-a-face-lift-20090907-fdbs.html
2009-09-08,07:35:59,9i891,38,"Saskatchewan gets first new cities in almost a century. For those who have never been to Saskatchewan, a ""city"" is a place where the gas station and restaurant are in separate buildings",google.com,http://www.google.com/hostednews/canadianpress/article/ALeqM5j9HcgxrzYSpuViH-Z9kMljewlMhQ
2009-09-08,00:59:23,9i52j,35,U.S. leads world in foreign weapons sales: report,reuters.com,http://www.reuters.com/article/newsOne/idUSTRE5851XH20090906
2009-09-07,14:50:30,9i064,30,Europe bans incandescent bulbs,nytimes.com,http://www.nytimes.com/2009/09/01/business/energy-environment/01iht-bulb.html?_r=1
2009-09-08,07:41:43,9i8ao,27,Prisoner 1447523's name is Rosalio Reta. He was born and raised in Texas. By the age of 13 he was an assassin for one of Mexico's drug cartels. ,news.bbc.co.uk,http://news.bbc.co.uk/2/hi/americas/8237121.stm
2009-09-08,04:57:42,9i71p,22,"US boosts its share of arms sales, increasing its share to more than two-thirds of all foreign armaments deals",smh.com.au,http://www.smh.com.au/world/us-boosts-its-share-of-arms-sales-20090907-fef3.html
2009-09-08,00:33:00,9i4ty,20,Strikes and occupations spread across Ireland as the government gives billions to the wealthy and shifts the burden of the economic crisis onto the backs of working people.,wsws.org,http://wsws.org/articles/2009/sep2009/irel-s07.shtml
2009-09-08,06:44:23,9i7vs,17,"Official abducted in front of 2,000 people in Mexico",blog.taragana.com,http://blog.taragana.com/n/official-abducted-in-front-of-2000-people-in-mexico-161424/
2009-09-08,00:45:26,9i4y2,17,"Karzai: ""It is in no-one's interest to have an Afghan president who has become an American puppet...As far as the elections are concerned, there was fraud in 2004, there is today, there will be tomorrow""",reuters.com,http://www.reuters.com/article/latestCrisis/idUSL7677562
2009-09-08,07:32:17,9i885,12,"It was an unprecedented surveillance operation involving hundreds of police officers, and a plot that prosecutors said was unparalleled in its terrible ambition",news.bbc.co.uk,http://news.bbc.co.uk/2/hi/uk_news/8242479.stm
2009-09-07,16:28:03,9i0xy,13,"Japan's next leader has promised a big cut in greenhouse gas emissions, saying he will aim for a 25% reduction by 2020 compared to 1990 levels",news.bbc.co.uk,http://news.bbc.co.uk/2/hi/science/nature/8241016.stm
2009-09-08,07:39:33,9i8a7,3,Iran - Mousavi’s Facebook page claims staff office ‘attacked’,rawstory.com,http://rawstory.com/blog/2009/09/mousavis-facebook-page-claims-staff-office-attacked/
2009-09-07,22:40:48,9i3or,4,Accusation fly at IAEA over Iran ,news.bbc.co.uk,http://news.bbc.co.uk/2/hi/middle_east/8242093.stm
2009-09-08,02:28:21,9i5u7,2,"""Venezuela's Chavez stars at Venice filmfest."" Venezuelan President Hugo Chavez was the star of the Venice film festival Monday as he turned up for the screening of veteran US director Oliver Stone's documentary on his ""peaceful revolution"".",google.com,http://www.google.com/hostednews/afp/article/ALeqM5jj_Org315oSCkhPlpPdB0wII9IPg
2009-09-07,16:59:20,9i16s,1,Anti-nuclear tractor rally in Berlin [vid],scientificamerican.com,http://www.scientificamerican.com/video.cfm?id=37530092001
2009-09-08,06:06:46,9i7ld,1,Finland's NBI: no knowledge of alleged weapons cargo on Arctic Sea - Sunday Times says ship carried missiles stolen from Russian military,hs.fi,http://www.hs.fi/english/article/-/1135249125057
2009-09-08,04:56:07,9i71g,1,Women's secret revolution stops tribal violence,smh.com.au,http://www.smh.com.au/world/womens-secret-revolution-stops-tribal-violence-20090907-fef4.html
2009-09-07,09:24:45,9hxzo,1,"In Italy, An Offended Berlusconi Goes on the Offensive",myrecipecircle.com,http://myrecipecircle.com/news/?in-italy-an-offended-berlusconi-goes-on-the-offensive
2009-09-07,08:34:52,9hxpz,3,"Protests grows among Filmmakers in the Toronto International Film Festival for celebrating Israel by the spotlight on Tel-Aviv without mentioning the suffering of Palestinians when they were kicked out their lands to create this ""modern city"" (as portrayed in the films' selection).",nytimes.com,http://www.nytimes.com/2009/09/05/movies/05arts-PROTESTSGROW_BRF.html?em
2009-09-08,01:05:27,9i546,1,"Lubna Hussein, was arrested at a party in July with 12 other women and had faced the possibility of 40 lashes for wearing trousers deemed indecent; now she will only be fined.",reuters.com,http://www.reuters.com/article/lifestyleMolt/idUSTRE5861DT20090907
2009-09-07,10:10:35,9hyat,1,The case for Animal Liberation - by Justin George,leftfocus.blogspot.com,http://leftfocus.blogspot.com/
2009-09-07,09:24:51,9hxzr,1,World population to hit 7 billion by 2011: report,network.nationalpost.com,http://network.nationalpost.com/np/blogs/posted/archive/2009/08/12/world-population-to-hit-7-billion-by-2011-report.aspx
2009-09-07,18:23:08,9i1sl,1,"There are 23,574 nuclear weapons in the world",guardian.co.uk,http://www.guardian.co.uk/news/datablog/2009/sep/06/nuclear-weapons-world-us-north-korea-russia-iran
2009-09-07,15:42:42,9i0lh,1,India to combat population growth with late-night TV,blog.foreignpolicy.com,http://blog.foreignpolicy.com/posts/2009/07/28/india_to_combat_population_growth_with_late_night_tv
2009-09-07,18:26:55,9i1tr,0,UK Parents in a state of technological idiocy  - not doing enough to protect children from predators online. How many parents REALLY know what their kids are up to online? ,tgdaily.com,http://www.tgdaily.com/content/view/43883/108/
2009-09-07,11:36:50,9hysf,2,"So, national healthcare destroys jobs, you say?",timesonline.co.uk,http://www.timesonline.co.uk/tol/news/uk/health/article1050197.ece
