2009-09-15,17:36:36,9kos9,283,"The Church of Scientology won't be dissolved in France, due to a ""typo"" in an obscure law voted two weeks before the Church went to trial, which explicitly prevents this.",france24.com,http://www.france24.com/en/20090915-scientology-france-dissolution-blocked-court-fraud
2009-09-15,15:16:50,9knok,227,New virus from rats can kill 80 per cent of human victims,smh.com.au,http://www.smh.com.au/world/science/new-virus-from-rats-can-kill-80-per-cent-of-human-victims-20090914-fnxj.html
2009-09-15,16:22:53,9ko6b,99,"The gruesome spectacle of dolphins being slaughtered for profit has returned to Taiji, Japan despite growing international condemnation",guardian.co.uk,http://www.guardian.co.uk/world/2009/sep/14/dolphin-slaughter-hunting-japan-taiji
2009-09-16,01:56:00,9ktv3,41,"The End of Innocence in Afghanistan: 'The German Air Strike Has Changed Everything' - ""The incident has given a black eye to a country whose politicians have never been shy of telling others what's best in Afghanistan.""",spiegel.de,"http://www.spiegel.de/international/world/0,1518,648925,00.html"
2009-09-16,04:34:51,9kvm2,38,France approves Internet piracy bill,apnews.myway.com,http://apnews.myway.com/article/20090915/D9ANR2HG0.html
2009-09-15,17:43:12,9kotz,19,"The Rural Doctors Association says right now there is a shortfall of 1,800 doctors across regional Australia.

But medical recruiters say even when qualified doctors from overseas want to work here, they are being held up by a bureaucratic delay.",abc.net.au,http://www.abc.net.au/news/stories/2009/09/15/2686701.htm
2009-09-16,02:07:28,9ku0c,13,Al Jazeera English - Africa - Shabab to avenge US raid in Somalia,english.aljazeera.net,http://english.aljazeera.net/news/africa/2009/09/200991512323045221.html
2009-09-15,17:30:13,9koqh,14,"Two months after the Pakistani Army wrested control of the Swat Valley from Taliban militants, a new campaign of fear has taken hold, with scores, perhaps hundreds, of bodies dumped on the streets in what human rights advocates and local residents say is the work of the military",nytimes.com,http://www.nytimes.com/2009/09/15/world/asia/15swat.html
2009-09-16,03:20:27,9kutz,14,How Sri Lanka governs through detentions - Sri Lankan officials defend the country's post-war use of anti-terrorism rules.,globalpost.com,http://www.globalpost.com/dispatch/asia/090909/sri-lanka-emergency-regulations
2009-09-16,04:40:23,9kvo2,11,N. Korean cargo ship repels pirates off Somali coast: official,english.yonhapnews.co.kr,http://english.yonhapnews.co.kr/northkorea/2009/09/15/10/0401000000AEN20090915007000315F.HTML
2009-09-16,03:31:49,9kuyz,7,"Canada: Stephen Harper attempts to prop up regime that ""has authorized its intelligence service to spy on and intimidate human rights defenders, journalists, lawyers and even magistrates from the Supreme Court who have been investigating political scandals.""",cupe.ca,http://cupe.ca/s48dad7f362877/public-service-unions-arms-tory-attempt
2009-09-16,06:34:08,9kwr7,4,New geological data provides hope for claims by Denmark and Greenland to maritime areas in the Arctic Ocean,sermitsiaq.gl,http://sermitsiaq.gl/indland/article96564.ece?lang=EN
2009-09-15,09:13:35,9kkfv,6,Ukraine set to block Elton John adoption because gay union is not a marriage and because he is too old,news.com.au,"http://www.news.com.au/entertainment/story/0,23663,26074676-10388,00.html"
2009-09-16,02:21:27,9ku62,6,German plane makes emergency landing,theglobeandmail.com,http://www.theglobeandmail.com/video/german-plane-makes-emergency-landing/article1288203/
2009-09-16,06:03:36,9kwfv,0,Can someone enlighten me re:Holy Land disputes?,self.worldnews,https://www.reddit.com/r/worldnews/comments/9kwfv/can_someone_enlighten_me_reholy_land_disputes/
2009-09-16,03:33:33,9kuzs,1,Global Population to Reach 7 Billion by 2011,realtruth.org,http://www.realtruth.org/news/090821-001-international.html
2009-09-16,02:02:03,9ktxv,1,UPDATE: 5-New York homes raided in terrorism probe,reuters.com,http://www.reuters.com/article/wtMostRead/idUSN1451768020090914
2009-09-15,21:42:36,9kqt0,1,Street artist catches chief of the Israeli army with his pants down,trueslant.com,http://trueslant.com/nealungerleider/2009/09/15/falafel-mafia-just-found-the-head-of-the-israeli-army/
2009-09-15,20:02:59,9kpx3,0,Government Funded Feminist Porn ,humantrafficking.change.org,http://humantrafficking.change.org/blog/view/government_funded_feminist_porn
2009-09-15,17:47:46,9kovn,0,"In an equine echo of the controversy surrounding South African athlete Caster Semenya, authorities ordered hormone tests for the four-year-old Newcastle mare Tuscan Abbe after she staged a convincing race meet win.",abc.net.au,http://www.abc.net.au/news/stories/2009/09/15/2686839.htm?section=justin
2009-09-15,21:51:50,9kqwx,1,Human Rights Watch official suspended for collecting Nazi memorabilia,haaretz.com,http://www.haaretz.com/hasen/spages/1114712.html
2009-09-15,15:00:17,9knjl,1,Population Growth Impeding Progress on the MDGs?,blog.populationinstitute.org,http://blog.populationinstitute.org/2009/08/18/is-rapid-population-growth-impeding-progress-on-the-mdgs/
