2009-09-04,21:52:26,9ha7b,405,"A six-year-old girl has become a media darling in China on her first day of school by expressing her aspiration to become a ""corrupt official"" when she grows up",iol.co.za,http://www.iol.co.za/index.php?set_id=1&click_id=29&art_id=nw20090904113050887C591740
2009-09-04,11:09:45,9h58g,268,Antibodies found that prevent HIV from causing severe AIDS,latimes.com,"http://www.latimes.com/news/nationworld/nation/la-sci-aids4-2009sep04,0,7870223.story"
2009-09-04,12:15:28,9h5rh,195,"South African man commits suicide after bureaucrat 
ripped up ID papers needed for a job",news.bbc.co.uk,http://news.bbc.co.uk/2/hi/africa/8235324.stm
2009-09-04,22:45:04,9haqi,47,"The war on drugs is immoral idiocy: While Latin American countries decriminalise narcotics, Britain persists in prohibition that causes vast human suffering",guardian.co.uk,http://www.guardian.co.uk/commentisfree/2009/sep/03/drugs-prohibition-latin-america
2009-09-04,14:23:57,9h6rz,39,French filmmaker who did documentary about a violent street gang in El Salvador was shot dead ,cnn.com,http://www.cnn.com/2009/WORLD/americas/09/03/el.salvador.filmmaker/index.html
2009-09-04,11:09:09,9h58c,38,"China’s Muslim Uyghurs Forbidden to Fast During 
Ramadan, Face Severe Oppression",theepochtimes.com,http://www.theepochtimes.com/n2/content/view/21899
2009-09-05,05:12:51,9hexi,30,"6th largest hydroelectric dam in the world, Sayano-Shushenskaya Dam, explosion. ",news.bbc.co.uk,http://news.bbc.co.uk/2/hi/europe/8208111.stm
2009-09-04,16:16:49,9h7ou,31,"While the movie rakes it in at the box office, the inhabitants of the real District 9 are facing forced relocation",guardian.co.uk,http://www.guardian.co.uk/world/2009/sep/02/district-9-soweto-residents-exploitation
2009-09-04,01:07:13,9gzgk,28,Now Colonel Gaddafi wants to 'abolish' Switzerland: Dictator files bizarre motion with the U.N.,dailymail.co.uk,http://www.dailymail.co.uk/news/worldnews/article-1210936/Now-Colonel-Gaddafi-wants-abolish-Switzerland-Dictator-files-bizarre-motion-U-N.html
2009-09-04,14:09:21,9h6o5,24,"Mehdi Karroubi: One of the victims of rape in Iranian prisons has disappeared, and that ""former Tehran general prosecutor and his representatives are responsible for any unfortunate event that may happen to him or his family.""  ",payvand.com,http://www.payvand.com/news/09/sep/1026.html
2009-09-05,01:13:50,9hcf7,18,The latest target of Mexico's drug violence: rehab centers.  18 recovering addicts were lined up against a wall and gunned down yesterday.,google.com,http://www.google.com/hostednews/ap/article/ALeqM5gMi5B2USfJStXxfqgWWr2xjRYpOgD9AG9AQO1
2009-09-04,22:35:21,9hamm,15,North Korea announces to the UN it is 'enriching uranium for second arsenal of nuclear weapons' in a new provocation to the international community,timesonline.co.uk,http://www.timesonline.co.uk/tol/news/world/asia/article6821741.ece
2009-09-04,17:30:47,9h895,10,"The woman who blew the whistle on convicted paedophile and former New South Wales minister Milton Orkopoulos has asked the Queen to intervene in what she calls her pursuit for justice.

The incident put Ms Sneddon out of a job",abc.net.au,http://www.abc.net.au/news/stories/2009/09/04/2676741.htm
2009-09-04,09:27:48,9h4gk,7,North Korea Close To Finalising Nuclear Enrichment,news.bbc.co.uk,http://news.bbc.co.uk/1/hi/world/asia-pacific/8237204.stm
2009-09-05,01:21:44,9hci9,7,"Young men spray hoses in a car-washing contest and play pool. Children make paper crowns in an art class, while their parents have a picnic. This is Islamic summer camp, and it's part of Saudi Arabia's campaign to eliminate al-Qaida. This is not an Onion article.",news.yahoo.com,http://news.yahoo.com/s/ap/20090904/ap_on_re_mi_ea/ml_saudi_fighting_al_qaida
2009-09-05,04:36:23,9helk,6,Al-Shabab Leader Threatens Somaliland,voanews.com,http://www.voanews.com/english/2009-09-04-voa40.cfm?rss=war%20and%20conflict
2009-09-05,04:26:52,9heih,8,CHINA Police patrolling Urumqi as conflict between Han and Uyghurs becomes a real possibility,asianews.it,http://www.asianews.it/index.php?l=en&art=16237&size=A
2009-09-04,14:44:06,9h6xc,3,Security chief arrested in Mexico,news.bbc.co.uk,http://news.bbc.co.uk/1/hi/world/americas/8237181.stm
2009-09-04,09:06:27,9h4b1,4,Could this be what the euphoria of hypocrisy feels like?,haaretz.com,http://www.haaretz.com/hasen/spages/1112231.html
2009-09-05,07:01:01,9hfv4,4,Qaddafi proposes abolishing Switzerland,blog.foreignpolicy.com,http://blog.foreignpolicy.com/posts/2009/09/04/qaddafi_proposes_abolishing_switzerland
2009-09-05,05:54:33,9hfb5,1,Indonesian population growth must be controlled to save the environment,thejakartapost.com,http://www.thejakartapost.com/news/2009/08/05/indonesian-population-growth-must-be-controlled-save-environment.html-0
2009-09-04,10:45:47,9h529,0,Australia is in a high population growth phase and has been for much of this decade.,theaustralian.news.com.au,"http://www.theaustralian.news.com.au/business/story/0,28124,25889026-14741,00.html"
2009-09-04,23:21:25,9hb4d,0,"The national flag of the People's Republic of China (PRC) will be hoisted at the South Lawn of the White House in Washington on September 20, media reported Sunday.",chinadaily.com.cn,http://www.chinadaily.com.cn/china/2009-07/13/content_8422505.htm
2009-09-04,18:52:19,9h8sd,0,Turkey-Armenia Peace Talks: A Thaw in a Century-Old Feud? ,time.com,"http://www.time.com/time/world/article/0,8599,1920257,00.html?xid=rss-topstories"
2009-09-04,18:31:30,9h8nh,1,"The looming crisis for phosphate rock - The consequences of a dwindling, forgotten mineral can be the world’s next inconvenient truth.",sei.se,http://www.sei.se/news-a-events/news-archive/1618-the-looming-crisis-for-phosphate-rock.html
2009-09-04,22:29:12,9hak8,0,"Teriano came from a Kenyan village where girl's education wasn't a priority. Today, she is a symbol of change. ",youtube.com,http://www.youtube.com/watch?v=Z_6pS7kb3FI
2009-09-05,06:44:01,9hfqm,1,Peru's Prime Minister rules out declaring VRAE as a war zone,livinginperu.com,http://www.livinginperu.com/news/10015
2009-09-05,00:19:32,9hbsu,0,Critics from the left and the right are making sharper and sharper attacks on Obama's policies toward Sudan and Darfur.,sahelblog.wordpress.com,http://sahelblog.wordpress.com/2009/09/03/critics-attack-obama-on-south-sudan-and-darfur/
2009-09-05,02:32:41,9hdaz,1,Canada challenges SA refugee case,news.bbc.co.uk,http://news.bbc.co.uk/1/hi/world/africa/8237418.stm
2009-09-04,09:40:21,9h4k4,0,North Korea said it is “weaponizing” plutonium and enriching uranium and told the United Nations to choose between talks or imposing sanctions over its nuclear program.,bloomberg.com,http://www.bloomberg.com/apps/news?pid=20601087&sid=aUb.JtmrWfIQ
