2009-02-08,05:57:30,7voi7,182,Why Canada may be the financial capital of the world here shortly. ,newsweek.com,http://www.newsweek.com/id/183670
2009-02-07,18:33:44,7vkzu,148,"Yahya says he used to go to university and wanted to be a teacher one day. ""Now I will have a life of hospitals. I know I will just need medical care forever.""As we left the room, we found Yahya's elder brother outside, wiping away tears.  ",news.bbc.co.uk,http://news.bbc.co.uk/2/hi/middle_east/7866159.stm
2009-02-07,11:31:05,7vj7m,67,Israel trying to make Obama its bitch. Will he stand up to them?,reuters.com,http://www.reuters.com/article/wtMostRead/idUSTRE51538A20090206
2009-02-07,19:58:02,7vlcq,61,Police Seize UK Indymedia Server,indymedia.org.uk,http://www.indymedia.org.uk/en/2009/01/419838.html
2009-02-08,06:03:09,7vojb,38,"Ecuador's President Rafael Correa on Saturday ordered the expulsion of a US official from the country, accusing him of treating the country like a colony.",google.com,http://www.google.com/hostednews/afp/article/ALeqM5hWHQzfDHQ7yXlBJTf717iN8OOElw
2009-02-07,14:20:59,7vk0o,38,"The American military helped plan and pay for a recent attack on a notorious Ugandan rebel group, but the offensive went awry, scattering fighters who carried out a wave of massacres as they fled, killing as many as 900 civilians.",nytimes.com,http://www.nytimes.com/2009/02/07/world/africa/07congo.html?_r=1&hp
2009-02-07,16:57:50,7vklp,31,Johann Hari: The nightmare of Netanyahu returns,independent.co.uk,http://www.independent.co.uk/opinion/commentators/johann-hari/johann-hari-the-nightmare-of-netanyahu-returns-1547608.html
2009-02-07,13:48:10,7vjw3,26,"""I want a man like Putin""",youtube.com,http://www.youtube.com/watch?v=zk_VszbZa_s
2009-02-07,10:47:27,7vj07,22,The medieval price an author pays for insulting Thailand's monarchy,smh.com.au,http://www.smh.com.au/news/world/the-cost-of-insulting-royalty/2009/02/06/1233423495127.html
2009-02-07,23:46:35,7vmen,23,Man avoids execution because court can't tell which twin is which,news.bbc.co.uk,http://news.bbc.co.uk/2/hi/asia-pacific/7876221.stm
2009-02-07,09:25:23,7vilv,20,Putin denies dancing to Abba hits,news.bbc.co.uk,http://news.bbc.co.uk/2/hi/europe/7875372.stm
2009-02-07,23:51:13,7vmfm,23,"Taliban fighters beheaded a Polish hostage in Pakistan Saturday, according to a spokesman for the militants who said the body wouldn't be handed over until some captured Taliban were released.",reuters.com,http://www.reuters.com/article/worldNews/idUSTRE5161E420090207
2009-02-08,00:34:25,7vmo8,20,"Arrests over Israel boycott in Tesco's (video) ""The two filled their trollies with dates, fresh herbs, fruit and salads. The trollies, full of produce were up-turned at the supermarket entrance and covered in fake blood to represent the lives lost in Gaza.""",youtube.com,http://www.youtube.com/watch?v=f729KqURQc4
2009-02-08,07:59:26,7vp3h,14,Hamas negotiators caught leaving Egypt with million stuffed into suitcases,nypost.com,http://www.nypost.com/seven/02062009/news/worldnews/hamas_bagmen_caught_with_9m__153818.htm
2009-02-08,01:35:48,7vn1s,14,"BBC World Poll results: ""As was the case last year, Iran, Israel and Pakistan are the three countries rated most negatively."" [pdf]",news.bbc.co.uk,http://news.bbc.co.uk/2/shared/bsp/hi/pdfs/06_02_09bbcworldservicepoll.pdf
2009-02-08,01:16:28,7vmxf,10,US Helped Plan And Finance Failed Rout Of Ugandan Rebels That Led To Massacre of 900+ Civilians,nytimes.com,http://www.nytimes.com/2009/02/07/world/africa/07congo.html?partner=rss&emc=rss
2009-02-08,05:34:40,7vodc,10,Police 'kill many' in Madagascar,news.bbc.co.uk,http://news.bbc.co.uk/1/hi/world/africa/7876543.stm
2009-02-08,02:04:33,7vn8k,7,"As Sri Lanka Fighting Seems Near an End, Fears Rise Over What Comes Next",nytimes.com,http://www.nytimes.com/2009/02/07/world/asia/07lanka.html?ref=world
2009-02-08,07:44:37,7vp10,4,"""My partner was up there and he left when he saw the cattle burning. I've been in Ash Wednesday, but this is worse,"" she said.",abc.net.au,http://www.abc.net.au/news/stories/2009/02/08/2485378.htm
2009-02-08,05:16:56,7voa9,5,Is Japan actually in worse financial shape than everyone except Iceland and Eastern European countries?,atimes.com,http://atimes.com/atimes/Japan/KB06Dh02.html
2009-02-08,05:24:54,7vobs,5,"Never forget: Obama is doubling troop levels in Afghanistan to fight the Taliban, a regime the United States helped create and take over Afghanistan in the first place.",historycommons.org,http://www.historycommons.org/context.jsp?item=a1994ussupportstaliban#a1994ussupportstaliban
2009-02-07,17:52:29,7vku3,6,"Startled Iraqis welcome,sort of, their first tourist",iht.com,http://www.iht.com/articles/2009/02/06/mideast/falluja.4-424637.php
2009-02-07,19:35:58,7vl93,3,Media: 14 killed in Australian wildfires ,chron.com,http://www.chron.com/disp/story.mpl/ap/world/6251437.html
2009-02-07,11:46:16,7vjai,3,Italian tourist visits Falluja,nytimes.com,http://www.nytimes.com/2009/02/07/world/middleeast/07falluja.html?hp
2009-02-07,17:11:47,7vknu,5,Hidden Truth for Every One!!Burning of the Unarmed Civilians in Gaza,xtremefast.com,http://xtremefast.com/daily-news/hidden-truth-for-every-oneburning-of-the-unarmed-civilians-in-gaza.html
2009-02-08,03:20:19,7vno7,4,Flashmob of ATM crooks scores $9 million in 49 cities ,boingboing.net,http://www.boingboing.net/2009/02/06/flashmob-of-atm-croo.html
2009-02-08,05:35:05,7vodd,3,The Man Who Killed Gandhi -- a Look Back,globalpost.com,http://www.globalpost.com/dispatch/india/090203/analysis-the-man-who-killed-gandhi
2009-02-08,00:44:17,7vmqe,4,A Ukrainian ship freed by Somali pirates for a reported ransom of $3.2m (£2.2m) on Thursday is preparing to leave Somali waters for Kenya.,news.bbc.co.uk,http://news.bbc.co.uk/2/hi/africa/7874243.stm
2009-02-07,15:41:47,7vkbr,4,Firm Bronto has presented an armour Lada Niva for special services,topicalnews.wordpress.com,http://topicalnews.wordpress.com/2009/02/06/lada-niva-bronto-firm-bronto-has-presented-an-armour-niva-for-special-services/
2009-02-07,15:08:42,7vk7o,3,Silly ban on broadcasting foreign languages is passed in Azerbaijan; now shows in Turkish have to be dubbed into Azeri even though the two languages only differ by a wee bit more than British and US English,mithridates.blogspot.com,http://mithridates.blogspot.com/2009/02/silly-ban-on-broadcasting-foreign.html
