2009-12-06,20:36:16,abn53,550,"Crazy shit going down in the Philippines. 57 people slaughtered, 47 people arrested under martial law, including the leader of a Muslim region. Thousands of troops sent in.",nytimes.com,http://www.nytimes.com/2009/12/07/world/asia/07phils.html?_r=1
2009-12-06,14:09:17,abl4z,261,Meet the man who will soon become the first person to walk all the way from the source of the Amazon to its mouth. 'Hardcore' is so inadequate to describe this guy...,dailymail.co.uk,http://www.dailymail.co.uk/news/article-1233384/The-REAL-king-jungle.html
2009-12-07,04:59:04,abqm8,102,Mother Theresa was not a friend of the poor. She was a friend of poverty.,slate.com,http://www.slate.com/id/2090083
2009-12-07,05:51:03,abqz7,61,Tabloid fearmongering results in self fulfilling prophecy whereby police think there is a law against photography,independent.co.uk,http://www.independent.co.uk/news/uk/home-news/police-uturn-on-photographers-and-antiterror-laws-1834626.html
2009-12-06,23:32:43,abo5h,53," A Russian scientist this week said Russia has fallen behind the U.S. in an arms race: the race to arm sea mammals, that is. It turns out, the U.S. military does employ teams of dolphins and sea lions to patrol for weapons and intruders",npr.org,http://www.npr.org/templates/story/story.php?storyId=121124423
2009-12-06,10:55:12,abjza,46, Top climate scientists share their outlook - This is such a good report and from the Financial Times. I did not expect such quality - and the insights on some of the key climate people is most interesting.,ft.com,"http://www.ft.com/cms/s/2/f1d9f856-d4ad-11de-a935-00144feabdc0,dwp_uuid=d68cb1fc-a38d-11de-a435-00144feabdc0.html"
2009-12-07,06:17:13,abr6h,44,The CIA Given Permission To Access EU Bank Records,timesofindia.indiatimes.com,http://timesofindia.indiatimes.com/world/europe/CIA-can-access-EU-bank-records/articleshow/5308906.cms
2009-12-06,04:36:03,abhnc,38,for the rape and drugging of a 13 year old girl you are banished to your luxury chalet in the Swiss Alps,news.bbc.co.uk,http://news.bbc.co.uk/2/hi/entertainment/8396701.stm
2009-12-07,05:28:21,abqtc,38,Iran Blocks Internet on Eve of Rallies - CBSNews,cbsnews.com,http://www.cbsnews.com/stories/2009/12/06/world/main5915334.shtml?tag=reddit
2009-12-07,02:47:10,abpni,33,"Greece: ""police repression has turned many of the usually anti-anarchist media against the ministry... Minister of Public Order has held meetings with the owners of major stations and journals giving them directions on how to broadcast news in the following days""",libcom.org,http://libcom.org/news/police-raid-anarchist-social-centre-athens-05122009
2009-12-07,04:40:27,abqh6,34,"Israeli security agents held a Palestinian patient for three weeks without charge, interrogated him repeatedly and offered access to hospital care if he agreed to become an informant...",guardian.co.uk,http://www.guardian.co.uk/world/2009/dec/06/isarel-gaza-patients-accusation-interrogation
2009-12-07,04:37:54,abqg9,17,Japan Launches Satellite to Spy on N.Korea,english.chosun.com,http://english.chosun.com/site/data/html_dir/2009/11/30/2009113000252.html
2009-12-06,12:52:51,abkoc,16,The Queen has issued a strong warning to newspapers not to publish paparazzi pictures of the royal family.,news.bbc.co.uk,http://news.bbc.co.uk/2/hi/uk_news/8397664.stm
2009-12-06,23:58:47,aboc2,16,Yemen teeters on brink of failure -- latimes.com,latimes.com,"http://www.latimes.com/news/nation-and-world/la-fg-yemen-failed6-2009dec06,0,1224610.story"
2009-12-06,23:09:36,abo0b,14,"So now the US wants Holland to stay in Afghanistan the ""Dutch Approach"" is suddenly the way to go. Have you ever heard of it?",cnsnews.com,http://www.cnsnews.com/news/article/45876
2009-12-07,00:41:52,abood,14,A new report finds that the World Bank is not doing enough to protect indigenous rights under its mechanism to reduce emissions from deforestation and forest degradation (REDD). ,news.mongabay.com,http://news.mongabay.com/2008/1202-fern_redd.html
2009-12-06,23:50:27,aboa1,12,Riots break out in Greece,rawstory.com,http://rawstory.com/2009/12/riots-break-greece/
2009-12-06,17:42:47,abm9h,9,Philippines : Martial law declared in massacre province,abc.net.au,http://www.abc.net.au/news/stories/2009/12/05/2762908.htm
2009-12-07,00:23:03,abois,9,China pays web surfers to find porn,news.yahoo.com,http://news.yahoo.com/s/afp/20091206/tc_afp/chinainternetcensorpornographyoffbeat
2009-12-06,20:43:27,abn6k,6,...And the fallout from the Swiss minaret ban continues. Now Iran is super-pissed.,latimesblogs.latimes.com,http://latimesblogs.latimes.com/babylonbeyond/2009/12/iran-outrage-and-warnings-over-swiss-vote-banning-minarets.html
2009-12-07,04:19:48,abqbx,7,"Jonathon Porritt, one of Gordon Brown’s leading green advisers, is to warn that Britain must drastically reduce its population if it is to build a sustainable society.",lastdaywatchers.com,http://lastdaywatchers.com/2009/11/uk-population-must-fall-to-30m-says-porritt/
2009-12-07,06:27:19,abr9a,6,"KABUL--The Taliban said in a statement Saturday it would provide a ""legal guarantee"" that they would not intervene in foreign countries if international troops withdraw from Afghanistan.",online.wsj.com,http://online.wsj.com/article/SB126002422466878409.html
2009-12-06,13:33:48,abky0,5,Ex-army chiefs testify about alleged Turkish coup plot,rawstory.com,http://rawstory.com/news/afp/Ex_army_chiefs_testify_on_alleged_c_12052009.html
2009-12-06,22:06:06,abnky,6,14 killed in clashes in Mexico,iol.co.za,http://www.iol.co.za/index.php?set_id=1&click_id=22&art_id=nw20091205173432945C190406
2009-12-07,01:17:29,aboy0,6,UGANDA: Carbon Trading Scheme Pushing People off Their Land,carbonoffsetsdaily.com,http://www.carbonoffsetsdaily.com/global/uganda-carbon-trading-scheme-pushing-people-off-their-land-2-16049.htm
2009-12-07,00:39:24,abonm,6,"Global warming solutions are hurting indigenous people, says U.N.",news.mongabay.com,http://news.mongabay.com/2008/0402-redd_indigenous_people.html
2009-12-06,19:11:15,abmpd,4,"Police say the three were removed from the Park Hyatt Hotel in east Melbourne as up to 200 protesters tried to breach police lines at a side entrance to the hotel, which is hosting the Australia Israel Leadership Forum.",abc.net.au,http://www.abc.net.au/news/stories/2009/12/06/2763375.htm
2009-12-07,04:45:59,abqiq,5,"Australian olympic swim child sex abuse cover-up, something that happened over 12 years at the highest level of competition. ",dailytelegraph.com.au,http://www.dailytelegraph.com.au/news/olympic-swim-sex-abuse-scandal/story-e6freuy9-1225807528762
2009-12-06,22:38:19,abnsr,5,Afghanistan: the Future is in the Numbers,blog.populationinstitute.org,http://blog.populationinstitute.org/2009/11/25/afghanistan-the-future-is-in-the-numbers/
2009-12-06,13:15:10,abktb,5,Episcopal church elects second gay bishop - The choice is controversial - could re-ignite a dispute within the worldwide Anglican movement ,abc.net.au,http://www.abc.net.au/news/stories/2009/12/06/2763273.htm?section=justin
