2009-08-23,14:42:46,9d8v4,721,Scotland needs no lessons in matters of fairness from a country that has been routinely waterboarding suspects in Guantánamo Bay.,guardian.co.uk,http://www.guardian.co.uk/commentisfree/2009/aug/23/kenny-macaskill-decision-megrahi-release
2009-08-23,05:36:15,9d5xw,238,Will somebody please remind the Americans that all of the British victim's families believe Abdelbaset Ali al-Megrahi had nothing whatsoever to do with the Lockerbie bombing. [Video interview with spokesman for 'UK Families Flight 103'],news.bbc.co.uk,http://news.bbc.co.uk/1/hi/uk/8212475.stm
2009-08-23,14:23:54,9d8rw,71,"Australia passed law demanding that 20% of its electricity comes from renewable sources by 2020, matching European targets",guardian.co.uk,http://www.guardian.co.uk/environment/2009/aug/20/australia-renewable-energy-bill
2009-08-23,13:04:14,9d8cs,35,"""Chile confirms swine flu in turkeys."" Too much food in that headline...",google.com,http://www.google.com/hostednews/ap/article/ALeqM5hquZVDltVywSWT3jTcx-0dxa4N7AD9A7IOV03
2009-08-24,07:12:53,9ded5,33,"$10,000 bribe got Iraq bombers past security checkpoints",rawstory.com,http://rawstory.com/08/news/2009/08/23/bribe-iraq-bomber/
2009-08-23,15:55:29,9d96i,30,Russians allege Mossad connection to 'Arctic Sea' seajacking  ,earthtimes.org,"http://www.earthtimes.org/articles/show/282345,russian-press-allege-mossad-connection-to-arctic-sea--summary.html#"
2009-08-23,08:15:22,9d6ul,18,Paper's organ harvesting article causes Israel-Sweden rift,edition.cnn.com,http://edition.cnn.com/2009/WORLD/meast/08/21/israel.sweden.organ.harvesting/
2009-08-24,07:37:16,9dej8,19,Nigeria is the largest African source of trafficked women to Europe and Asia,naijafeed.com,http://www.naijafeed.com/naijafeed/2009/8/23/nigeria-is-the-largest-african-source-of-trafficked-women-to.html
2009-08-23,12:17:15,9d842,15,Dial 999 at Heathrow airport and you can expect to be treated by a paramedic on a push bike loaded with life saving equipment,news.bbc.co.uk,http://news.bbc.co.uk/2/hi/health/8200436.stm
2009-08-23,17:49:06,9d9od,14,A leaking Australian oil well is likely to pour oil into the Timor Sea for nearly two months before it can be stopped,reuters.com,http://www.reuters.com/article/worldNews/idUSTRE57K1RM20090823
2009-08-23,19:55:45,9da7a,13,"A federal judge has ruled that the legal team for a Pakistani prisoner at Gitmo can seek to challenge his detention by questioning an alleged 9/11 mastermind, Khalid Sheikh Mohammed.",politico.com,http://www.politico.com/blogs/joshgerstein/0809/Judge_Gitmo_prisoner_can_question_KSM.html
2009-08-23,16:20:12,9d9aa,13,Kurdish magazine urges Jews to return to Iraq - to make room for Palestinians,jpost.com,http://www.jpost.com/servlet/Satellite?cid=1249418603274&pagename=JPost%2FJPArticle%2FShowFull
2009-08-23,10:55:45,9d7oo,11,Population growth sustains poverty in Africa ,english.people.com.cn,http://english.people.com.cn/90001/90777/90856/6702033.html
2009-08-23,20:12:47,9da9u,13,Medvedev's War on Russians' Love for Alcohol ,time.com,"http://www.time.com/time/world/article/0,8599,1917974,00.html?xid=rss-topstories"
2009-08-23,18:47:17,9d9wr,9,"100,000 people in Yemen, many of them children, have been driven from their homes due to fighting between government troops and Shi'ite rebels",alertnet.org,http://www.alertnet.org/thenews/newsdesk/N21421887.htm
2009-08-23,08:14:36,9d6ue,9,Food writer Joanna Blythman calls for Israeli boycott ,thejc.com,http://www.thejc.com/news/uk-news/food-writer-joanna-blythman-calls-israel-boycott
2009-08-23,13:22:37,9d8fz,8,"Chinese police catch 15,000 drunk-drivers in a week",china.org.cn,http://www.china.org.cn/government/central_government/2009-08/23/content_18384284.htm
2009-08-24,03:50:33,9dd0q,7,"Pakistan Taliban commander vows Afghan fight - ""President Obama and his allies are our enemy No 1""",msnbc.msn.com,http://www.msnbc.msn.com/id/32530341/ns/world_news-south_and_central_asia/
2009-08-23,13:33:45,9d8i8,6,"Samoans revolt against driving on the left, may drive in the middle instead? ",xmb.stuffucanuse.com,http://xmb.stuffucanuse.com/xmb/viewthread.php?tid=6350
2009-08-23,09:39:25,9d7am,7,"Greece Fire!  Wildfires approach Athens, hospitals evacuated.",news.yahoo.com,http://news.yahoo.com/s/ap/20090822/ap_on_re_eu/eu_greece_fires
2009-08-24,05:49:07,9ddsk,4,Scotland defends Lockerbie bomber release,msnbc.msn.com,http://www.msnbc.msn.com/id/32530932/ns/world_news-europe/
2009-08-23,22:07:23,9dar5,2,Medvedev's War on Russians' Love for Alcohol,news.yahoo.com,http://news.yahoo.com/s/time/20090823/wl_time/08599191797400
2009-08-24,06:28:04,9de36,2,"In Iran, report of secret burials brings call for inquiry",latimes.com,"http://www.latimes.com/news/nationworld/world/la-fg-iran-graves23-2009aug23,0,3229813.story"
2009-08-24,06:47:46,9de80,2,"When asked whether he would adopt the 2 states solution, Netanyahu's information minister, answered that if Palestinians wanted to call the fragments left to them ""a state,"" that was fine: Or they could call them ""fried chicken.""",chomsky.info,http://chomsky.info/interviews/20090624.htm
2009-08-23,18:28:31,9d9u9,0,Gordon Brown in new storm over freed Lockerbie bomber,guardian.co.uk,http://www.guardian.co.uk/uk/2009/aug/23/gordon-brown-letter-gaddafi-lockerbie
2009-08-23,11:36:51,9d7w6,0,"Islamic Law Fuels Debate in Malaysia-The case of a Muslim woman in Malaysia, who will be caned as punishment for drinking beer, has triggered a debate on whether Islamic laws are too severe for the country's multi-racial society.",feeds.wsjonline.com,http://feeds.wsjonline.com/~r/wsj/xml/rss/3_7011/~3/xuWZckW00dg/SB125097405997351597.html
2009-08-23,21:17:39,9dajr,1,Family Planning in Kenya: Not For Women Only,unfpa.org,http://www.unfpa.org/public/cache/offonce/News/pid/3015;jsessionid=F3CD5CE789B80A14326991A040EEDE61
2009-08-23,11:19:14,9d7sx,1,S Korean head meets North envoys,news.bbc.co.uk,http://news.bbc.co.uk/2/hi/asia-pacific/8215928.stm
2009-08-23,17:06:07,9d9hz,1,S Korea bids farewell to ex-president Kim Dae-jung. ,news.xinhuanet.com,http://news.xinhuanet.com/english/2009-08/23/content_11930174.htm
2009-08-23,21:07:07,9dahw,1,"Troubling news of kidnapping, rape, torture, and murder is flooding out of Iran.",cnn.com,http://www.cnn.com/2009/WORLD/meast/08/22/dabashi.iran.morality/index.html?eref=rss_topstories
