2009-05-26,17:23:41,8n99m,524,"European Parliament in for a shock from The Pirate Party: ""Our politicians are digital illiterates …""",geek.com,http://www.geek.com/articles/news/european-parliament-in-for-a-shock-from-the-pirate-party-20090526/
2009-05-26,15:42:53,8n8o5,44,Putin to the West: Hands Off Ukraine,time.com,"http://www.time.com/time/world/article/0,8599,1900838,00.html?iid=tsmodule"
2009-05-27,00:12:23,8nc62,31,Pirate Bay Money Squeeze Rejected by Court - The request from four major record labels to fine the Pirate Bay operators for every day the site remains up and running was declined by the Swedish District Court,torrentfreak.com,http://torrentfreak.com/pirate-bay-money-squeeze-rejected-by-court-090525/
2009-05-26,21:35:52,8nat8,22,Russia: Has a 26yo gymnast just given birth to Vladimir Putin's illegitimate son?,siberianlight.net,http://www.siberianlight.net/has-alina-kabaeva-given-birth-to-putins-son/
2009-05-26,09:00:59,8n6cw,24,Crooks in Parliament - How British MPs defrauded the taxpayers and are getting away with it!,news.bbc.co.uk,http://news.bbc.co.uk/1/hi/uk_politics/8039273.stm
2009-05-27,05:50:11,8nfg9,22,"N. Korea's nuclear blast showed up on seismographs with the punch of a magnitude 4.7 earthquake, or 10 to 20 kilotons, on par with Hiroshima and Nagasaki bombs",cnn.com,http://www.cnn.com/2009/WORLD/asiapcf/05/26/nkorea.test/index.html?iref=mpstoryview
2009-05-27,07:03:28,8ng0x,21,Fraud trial against Scientologists threatens to drive Scientology out of France,independent.co.uk,http://www.independent.co.uk/news/world/europe/tom-cruise-and-a-trial-that-could-drive-scientology-out-of-france-1690639.html
2009-05-26,10:14:02,8n6qz,17,"United Nations officials in Afghanistan are attempting to create a ""flood of drugs"" in the country intended to destroy the value of opium and force poppy farmers to switch to legal crops such as wheat.",guardian.co.uk,http://www.guardian.co.uk/world/2009/may/25/drugs-united-nations-afghanistan
2009-05-26,10:49:59,8n6yu,16,Iran has sent 6 warships and logistic vessels to the Gulf of Aden and the surrounding international waters,english.farsnews.com,http://english.farsnews.com/newstext.php?nn=8803041498
2009-05-26,16:38:26,8n8zr,16,"North Korea has test-fired two more missiles, hours after the UN Security Council unanimously condemned its nuclear test, South Korean reports say.",news.bbc.co.uk,http://news.bbc.co.uk/2/hi/asia-pacific/8067711.stm
2009-05-27,07:59:54,8ngeu,16,Mexico: 10 mayors arrested in a drug trafficking operation,buenosairesherald.com,http://www.buenosairesherald.com/BreakingNews/View/2115
2009-05-27,03:23:32,8ne2z,15,Town of the damned: 18 children all with the same terrible birth defects. Coincidence - or victims of a poisonous past?,feelthenews.blogspot.com,http://feelthenews.blogspot.com/2009/05/town-of-damned-18-children-all-with.html
2009-05-26,10:58:26,8n70e,14,"In Brazil, they use model helicopters to sneak mobile phones into jail.  Beats using a balloon to smuggle it on your persons.",news.bbc.co.uk,http://news.bbc.co.uk/2/hi/americas/8067589.stm
2009-05-27,00:49:21,8ncj6,13,The United Nations special tribunal investigating the murder of former Lebanese Prime Minister Rafik al-Hariri has reached surprising new conclusions -- and it is keeping them secret. Investigators now believe Hezbollah was behind the Hariri murder.,spiegel.de,"http://www.spiegel.de/international/world/0,1518,626412,00.html"
2009-05-26,12:23:04,8n7in,9,(Africa) Donors are now focusing less on charity and more on the continent's small entrepreneurs,guardian.co.uk,http://www.guardian.co.uk/business/2009/may/25/africa-entrepreneurs-charity
2009-05-26,09:17:03,8n6fu,9,Israeli party proposes loyalty bill which would force Arabic community to swear allegiance to Jewish state,dailymail.co.uk,http://www.dailymail.co.uk/news/worldnews/article-1187388/Hard-line-Israeli-party-proposes-loyalty-force-Arabic-community-swear-allegiance-Jewish-state.html
2009-05-26,08:10:33,8n650,8,"Unbelievable hypocrisy of far right leader, Nick Griffin. He claims to be a patriot when he has a history of praising the courage of Hitler's SS and accusing Britain's RAF of mass murder",dailymail.co.uk,http://www.dailymail.co.uk/news/article-1187368/Family-Winston-Churchill-slams-BNP-far-right-partys-attempt-hijack-wartime-leaders-legacy.html
2009-05-27,00:27:37,8ncb7,9,Dubai suffers biggest house price slump in the world,guardian.co.uk,http://www.guardian.co.uk/money/2009/may/26/dubai-property-crash
2009-05-27,05:24:22,8nf86,10,"We'll dismantle wildcat West Bank settlements - but only if 'legal' ones can stay, claim Israelis",dailymail.co.uk,http://www.dailymail.co.uk/news/worldnews/article-1187946/Well-dismantle-wildcat-West-Bank-settlements--legal-ones-stay-claim-Israelis.html
2009-05-27,00:55:54,8nclp,8,Russia Military now following US with Unmanned Aircraft Vehicles?,aviationweek.com,http://www.aviationweek.com/aw/blogs/defense/index.jsp?plckController=Blog&plckBlogPage=BlogViewPost&newspaperUserId=27ec4a53-dcc8-42d0-bd3a-01329aef79a7&plckPostId=Blog%3a27ec4a53-dcc8-42d0-bd3a-01329aef79a7Post%3a721f09ec-17c7-4bde-adae-19e4c373b61f&plckScript=blogScript&plckElementId=blogDest
2009-05-27,04:07:53,8nei3,6,North Korea fires two more missiles,guardian.co.uk,http://www.guardian.co.uk/world/2009/may/26/north-korea-missiles-test
2009-05-27,03:17:21,8ne0f,8,Israel Willing To Reign In Settlements In Exchange For Hostility with Iran ,rawstory.com,http://rawstory.com/news/afp/Netanyahu_willing_to_give_up_outpos_05262009.html
2009-05-26,16:09:22,8n8tr,7,"Scientology Trial Could Ban the ""Church"" in France",news.smh.com.au,http://news.smh.com.au/breaking-news-world/church-of-scientology-on-trial-in-france-20090526-bkwx.html
2009-05-26,22:05:41,8nb1s,6,"Zimbabwe cholera close to 100,000 and over 4000 deaths",news.bbc.co.uk,http://news.bbc.co.uk/2/hi/africa/8068232.stm
2009-05-26,12:08:30,8n7fy,8,Mexico’s Human Rights Commission Report: Mexico’s “war on drugs” employs army torture and police-state tactics against innocent citizens with no connection to the drug trade,wsws.org,http://www.wsws.org/articles/2009/may2009/mexi-m25.shtml
2009-05-27,04:23:01,8nen7,6,"The U.S. is “tearing Pakistan apart” out of pique, said Eric Margolis in the Toronto Sun, and it could easily spark a major war.",theweek.com,http://www.theweek.com/article/index/96890/Great_Satan
2009-05-27,04:28:26,8nep8,4,Israeli soldier returns money looted in Gaza war ,haaretz.com,http://www.haaretz.com/hasen/spages/1088366.html
2009-05-26,08:53:12,8n6bg,7,ONE of Britain's largest police forces has been accused of discriminating against white men - and recruiting and promoting black and female officers. ,thesun.co.uk,http://www.thesun.co.uk/sol/homepage/news/2445532/Fury-at-white-PC-hiring-curb.html
2009-05-27,03:44:21,8ne9p,5,"Zimbabwe: '100,000 hit by cholera'",english.aljazeera.net,http://english.aljazeera.net//news/africa/2009/05/2009526145212369713.html
2009-05-27,03:20:59,8ne20,6,Traces of cocaine found in Red Bull. ,time.com,"http://www.time.com/time/world/article/0,8599,1900849,00.html?iid=tsmodule"
