2009-02-03,23:21:13,7ujcb,514,"6-foot-4, schooled in the martial arts, able to speak 6 Arabic dialects, and a convert to Islam, Andrew Warren seemed the perfect spy for the war on terror. Then they discovered he's a serial rapist.",newsweek.com,http://www.newsweek.com/id/182559
2009-02-03,02:15:32,7uax9,361,"A protester has thrown a shoe at Wen Jiabao during a speech at Cambridge University and called the Chinese prime minister a ""dictator"".",news.bbc.co.uk,http://news.bbc.co.uk/2/hi/uk_news/politics/7865868.stm
2009-02-03,00:17:08,7u9tr,270,"“My case proves that holding an American citizenship does not mean that I am treated as one. I am only a citizen when my rights are protected and this cannot happen in an environment of fear and tyranny under the name of national security,”",alarabiya.net,http://www.alarabiya.net/articles/2009/02/01/65450.html
2009-02-03,09:40:40,7ueew,201,B.C. Supreme Court rules in favour of medical marijuana,vancouver.24hrs.ca,http://vancouver.24hrs.ca/News/2009/02/02/8239671.html
2009-02-03,15:30:23,7ugj7,197,Jailed – the judge who refused to say sorry,independent.co.uk,http://www.independent.co.uk/news/world/africa/jailed-ndash-the-judge-who-refused-to-say-sorry-1543645.html
2009-02-04,00:45:20,7uk3l,89,Iran has successfully sent its first domestically made satellite into orbit [NPR],npr.org,http://www.npr.org/templates/story/story.php?storyId=100177077&ft=1&f=1001
2009-02-04,03:12:41,7uljt,57,Iceland’s PM to Sack Central Bank Governors,icelandreview.com,http://www.icelandreview.com/icelandreview/daily_news/?cat_id=29314&ew_0_a_id=319385
2009-02-04,07:18:57,7unn1,56,"Tehran enters the space age, ",hosted.ap.org,http://hosted.ap.org/dynamic/stories/M/ML_IRAN_SPACE?SITE=MOSTP&SECTION=HOME&TEMPLATE=DEFAULT
2009-02-04,02:15:23,7ukze,51,Woman saves life of boss ... then fired,news.com.au,"http://www.news.com.au/story/0,27574,24994881-421,00.html"
2009-02-03,15:58:22,7ugnr,46,German politicians sharply criticize Pope Benedict XVI,cathcon.blogspot.com,http://cathcon.blogspot.com/2009/02/german-politicians-sharply-criticize.html
2009-02-03,15:08:16,7ugee,40,Iran makes first satellite launch,news.bbc.co.uk,http://news.bbc.co.uk/2/hi/middle_east/7866357.stm
2009-02-04,03:49:09,7ulw2,37,'Father of Playmobil' Hans Beck dies aged 79,guardian.co.uk,http://www.guardian.co.uk/world/2009/feb/03/playmobil-inventor-hans-beck-dies
2009-02-03,22:36:15,7uiyd,31,Long-Range Rocket From Gaza Hits Israel,cbsnews.com,http://www.cbsnews.com/stories/2009/02/03/world/main4771328.shtml?tag=topHome;topStories
2009-02-03,09:29:32,7uebu,34,Global recession is hitting China’s workers hard,economist.com,http://www.economist.com/displaystory.cfm?story_id=13012736
2009-02-03,11:33:28,7uf20,28,Israeli government to impose sanctions on Al Jazeera's Israel operations,haaretz.com,http://www.haaretz.com/hasen/spages/1061115.html
2009-02-03,11:55:56,7uf75,30,"Blair flip-flops, risking the anger of Israel by suggesting its time to talk to the Palestinian militant group Hamas""",telegraph.co.uk,http://www.telegraph.co.uk/news/worldnews/middleeast/israel/4409664/Blair-says-it-is-time-to-talk-to-Hamas.html
2009-02-04,01:19:27,7uke4,29,"Frustrated with some of his Western allies, in particular the United States, Afghan President Hamid Karzai has begun to reach out to Afghanistan's giant northern neighbour Russia",uk.reuters.com,http://uk.reuters.com/article/worldNews/idUKTRE5122QL20090203
2009-02-04,01:46:17,7uknv,25,"Chavez: The United States needs petroleum ‘like air, like oxygen to live, to survive’",politicalarticles.net,http://www.politicalarticles.net/blog/2009/02/03/chavez-the-united-states-needs-petroleum-like-air-like-oxygen-to-live-to-survive/
2009-02-03,08:42:12,7ue10,22,Israel calls for Palestinian tunnel linking Gaza with West Bank,haaretz.com,http://www.haaretz.com/hasen/spages/1060869.html
2009-02-04,03:46:34,7ulv3,22,Netanyahu promises to topple Hamas regime in Gaza if elected,jpost.com,http://www.jpost.com/servlet/Satellite?cid=1233304671028&pagename=JPost%2FJPArticle%2FShowFull
2009-02-04,01:17:06,7ukdd,19,Did shock therapy in Russia cause millions of early deaths?,economist.com,http://www.economist.com/opinion/displaystory.cfm?story_id=12972677
2009-02-04,07:18:18,7unmt,19,Passengers Revolt Against Drunk Aeroflot Pilot on Flight to NYC — Panic Ensues ,timesonline.co.uk,http://www.timesonline.co.uk/tol/news/world/europe/article5651516.ece
2009-02-04,01:18:16,7ukdo,17,"The International Criminal Court (ICC) prosecutor in The Hague has launched a ""preliminary analysis"" to establish whether Israel committed war crimes in its offensive in the Gaza Strip",iht.com,http://www.iht.com/articles/reuters/2009/02/03/europe/OUKWD-UK-ISRAEL-GAZA.php
2009-02-03,18:23:53,7uhf0,16,A court in India has dismissed criminal proceedings against a married couple charged with obscenity for allegedly kissing in public in the capital.,news.bbc.co.uk,http://news.bbc.co.uk/2/hi/south_asia/7866478.stm
2009-02-03,13:18:49,7ufqi,18,"Big Blue offers to help laid-off U.S. employees relocate to India, China or Brazil, according to an internal document.",informationweek.com,http://www.informationweek.com/news/management/outsourcing/showArticle.jhtml?articleID=213000389
2009-02-04,07:16:25,7unm8,16,Could the United States Be Kicked Out of Kyrgyz Air Base?,washingtonindependent.com,http://washingtonindependent.com/28800/could-the-us-be-kicked-out-of-kyrgyz-air-base-this-is-actually-important
2009-02-03,20:23:47,7ui01,14,From Gaza to Jerusalem: the impact of war on the Israeli election.,guardian.co.uk,http://www.guardian.co.uk/world/2009/feb/03/israel-elections-gaza-peace
2009-02-03,16:00:01,7ugo0,12,"US spending in Iraq, Afghanistan full of waste and fraud",sott.net,http://www.sott.net/articles/show/174752-US-spending-in-Iraq-Afghanistan-full-of-waste-and-fraud
2009-02-04,06:41:29,7undb,13,NKorea preparing long-range missile test,breitbart.com,http://www.breitbart.com/article.php?id=D96493480&show_article=1
2009-02-04,03:50:48,7ulwj,9,Hundreds Continue Ireland Factory Occupation,politicalaffairs.net,http://www.politicalaffairs.net/article/articleview/8075/
