2009-05-22,14:30:08,8md4o,299,Tiananmen anniversary unimportant to Chinese youth :(,latimes.com,"http://www.latimes.com/news/la-fg-china-youth22-2009may22,0,32097.story"
2009-05-23,02:34:45,8migf,140,"Full text of letter police psychologist wrote to mother of Robert Dziekanski, who died after an altercation with RCMP officers at Vancouver's airport in 2007",theglobeandmail.com,http://www.theglobeandmail.com/news/national/article1140525.ece
2009-05-22,18:47:20,8mes9,74,The Dark Continent: Hitler's European Holocaust Helpers (Interesting Spiegel Cover Story That Causes 'A Wave of Outrage' in Poland),spiegel.de,"http://www.spiegel.de/international/europe/0,1518,625824,00.html"
2009-05-22,17:35:38,8mecj,44,Police retention of photographs of protesters ruled illegal,guardian.co.uk,http://www.guardian.co.uk/uk/2009/may/21/police-surveillance-ruling-andrew-wood
2009-05-22,08:38:33,8mb3d,37,"""Some 98 percent of Denmark's 7,500 Jews survived World War II. By contrast, only nine percent of the Dutch Jews survived.""",spiegel.de,"http://www.spiegel.de/international/europe/0,1518,625824-2,00.html"
2009-05-22,19:46:19,8mf5h,28,"Far-right Czech party in trouble over airing campeign commercial called for ""a final solution to the Gypsy issue"".",news.bbc.co.uk,http://news.bbc.co.uk/2/hi/europe/8061273.stm
2009-05-22,18:55:35,8metw,27,Anti-drug effort in Afghanistan a failure: US admiral,rawstory.com,http://rawstory.com/news/afp/Anti_drug_effort_in_Afghanistan_a_f_05212009.html
2009-05-22,03:42:04,8m8w7,22,Russia Moves to Ban Criticism of WWII Win,time.com,"http://www.time.com/time/world/article/0,8599,1896927,00.html"
2009-05-22,14:29:35,8md4i,22, Brazilian prison,leenks.com,http://leenks.com/link177459.htm
2009-05-22,20:21:11,8mfcw,19,Royal Dutch Shell faces charges of crimes against humanity,nytimes.com,http://www.nytimes.com/2009/05/22/business/global/22shell.html?_r=1&hp
2009-05-23,06:34:23,8mkao,18,UK: Camera grid to log number plates (will be in place within months),news.bbc.co.uk,http://news.bbc.co.uk/1/hi/programmes/whos_watching_you/8064333.stm?
2009-05-23,04:19:32,8mjb5,18,"The disease referred to as “a contagious cancer”, Devil Facial Tumor Disease, is decimating the population of Tasmanian Devils, leading experts to predict the extinction of the species in as little as 20 years.",ecoworldly.com,http://ecoworldly.com/2009/05/22/gruesome-facial-tumor-disease-threatens-taz-with-extinction/
2009-05-23,02:13:28,8mi9w,17,"Bush: ""It's liberating to be out of office.""",suntimes.com,"http://www.suntimes.com/news/nation/1586879,w-bush-liberating-out-of-office-052209.article"
2009-05-23,00:45:03,8mhgb,16,"Public millions fail to provide wells, schools and clinics in Afghanistan",timesonline.co.uk,http://www.timesonline.co.uk/tol/news/world/asia/article6336722.ece
2009-05-23,04:12:29,8mj91,15,"Venezuela's Chavez raids last remaining opposition media, for having too many Toyotas. ""The owners of the residence will have to explain what these vehicles are doing there and why they aren't in a dealership,"" said Police chief  Wilmer Trossel",google.com,http://www.google.com/hostednews/ap/article/ALeqM5hCuwbsC2VYcDaFeurL5r_MfIqiagD98B35R80
2009-05-23,00:49:39,8mhhu,10,German Pirate Party Sets Course For European Parliament,torrentfreak.com,http://torrentfreak.com/german-pirate-party-sets-course-for-european-parliament-090522/
2009-05-23,06:22:13,8mk7v,13,"The broker in the British MP's expences scandal comes forward, claims he was motivated by ""[Goverment] want to know everything about us, I think we're entitled to know about them"". Doesn't reveal if he was paid, or how much",news.bbc.co.uk,http://news.bbc.co.uk/1/hi/uk_politics/8064731.stm
2009-05-22,09:58:19,8mbj8,8,Spain reinstates charges against 3 US soldiers over the death of Spanish journalist,news.bbc.co.uk,http://news.bbc.co.uk/2/hi/europe/8061747.stm
2009-05-22,14:43:10,8md7v,7,"Muslim Publics Oppose Al Qaeda's Terrorism, But Agree With Its Goal of Driving US Forces Out",worldpublicopinion.org,http://www.worldpublicopinion.org/pipa/articles/brmiddleeastnafricara/591.php?lb=brme&pnt=591&nid=&id=
2009-05-23,00:59:57,8mhlf,8,"Achtung! Papers Please! Canadian musician, Allison Crowe, ""barred from entry"" into England because of some obscure new anti-immigration, anti-terrorist rule",timescolonist.com,http://www.timescolonist.com/Entertainment/Island+musician+Allison+Crowe+barred+from/1620083/story.html
2009-05-22,23:01:36,8mgi2,7,Officials in Serbia are investigating an Orthodox Church-run rehabilitation centre where drug addicts have allegedly been filmed being beaten,news.bbc.co.uk,http://news.bbc.co.uk/2/hi/europe/8063855.stm
2009-05-23,03:04:35,8mipz,6,"Gulags, Nukes and a Water Slide:   Citizen Spies Lift North Korea's Veil - WSJ.com",online.wsj.com,http://online.wsj.com/article/SB124295017403345489.html
2009-05-23,07:18:59,8mkkc,4,"When Pigs Fly-and Scold: Brits Lecturing Sri Lanka! (""What’s sick about this is that the British establishment destroyed the Sinhalese people completely."")",exiledonline.com,http://exiledonline.com/when-pigs-fly-and-scold-brits-lecturing-sri-lanka/
2009-05-22,11:02:44,8mbwq,4,"The news is confusing, misleading, fragmented and sometimes, frightening, so we've asked two informed observers of that region, both of whom have lived in Pakistan to try to help us sort it out.",pbs.org,http://www.pbs.org/moyers/journal/05152009/transcript1.html
2009-05-22,21:07:28,8mfoe,5,Blogs threatened Baby Peter cases,news.bbc.co.uk,http://news.bbc.co.uk/1/hi/uk/8062099.stm
2009-05-23,03:58:25,8mj4y,6,Is the Israeli and Palestintian conflict going to go the way of the Sri Lankan war?,trueslant.com,http://trueslant.com/philzabriskie/2009/05/22/talking-waiting-killing/
2009-05-23,03:08:06,8mir6,3,"Libya: Libyan Dissident, Long Imprisoned, Is Dead",hrw.org,http://www.hrw.org/en/news/2009/05/21/libya-libyan-dissident-long-imprisoned-dead
2009-05-23,02:33:43,8mifv,5,"Poland to host Patriot missiles, U.S. troops by yearend",shar.es,http://shar.es/agEF
2009-05-23,02:05:09,8mi7k,4,Paramilitaries 'abducting Tamil children from Sri Lanka camps',timesonline.co.uk,http://www.timesonline.co.uk/tol/news/world/asia/article6332549.ece
2009-05-23,07:04:16,8mkh6,3,Guerrilla War Displaces Millions Of Colombians ,updatedfrequently.com,http://updatedfrequently.com/guerrilla-war-displaces-millions-of-colombians
