2009-03-25,10:15:08,87930,362,China bans Youtube.,reuters.com,http://www.reuters.com/article/internetNews/idUSTRE52N1VN20090324?feedType=RSS&feedName=internetNews&rpc=22&sp=true
2009-03-25,11:36:42,879kc,216,"Canada is pissed off: Doug Benson, the guy who made fun of the Canadian military on Fox News' Red Eye has to cancel appearance in Edmonton after receiving death threats",ottawacitizen.com,http://www.ottawacitizen.com/news/Comedian+Edmonton+cancelled+over+joke+about+military/1419573/story.html
2009-03-25,12:40:51,879zl,215,Very Interesting Perspective: Letter of Resignation From An Executive Vice President at AIG,nytimes.com,http://www.nytimes.com/2009/03/25/opinion/25desantis.html?pagewanted=1
2009-03-26,00:14:39,87f1t,194,"How to be Jason Bourne - tips on getting multiple passports, getting a swiss bank account and crossing borders",fourhourworkweek.com,http://www.fourhourworkweek.com/blog/2009/03/03/how-to-be-jason-bourne-multiple-passports-swiss-banking-and-crossing-borders/
2009-03-25,23:04:26,87eai,168,Where the death penalty was used most last year,economist.com,http://www.economist.com/daily/chartgallery/displayStory.cfm?story_id=13350943
2009-03-25,12:20:56,879uv,104,"THIS NEEDS MORE ATTENTION: Baxter International caught sending mass amounts of deadly, higly virulent live viruses around the world",naturalnews.com,http://naturalnews.com/025760.html?r
2009-03-25,19:13:29,87cbt,99,Crash pilot who paused to pray is convicted,reuters.com,http://www.reuters.com/article/oddlyEnoughNews/idUSTRE52N63B20090325
2009-03-25,17:09:23,87bii,66,Home of former Royal Bank of Scotland boss Sir Fred Goodwin was attacked by vandals overnight.,news.bbc.co.uk,http://news.bbc.co.uk/1/hi/scotland/7962825.stm
2009-03-25,20:32:21,87cvw,57,"Benjamin Netanyahu has struck a secret deal with one of his coalition partners, pledging to expand settlements in a highly-contentious area of the West Bank.",news.ninemsn.com.au,http://news.ninemsn.com.au/world/793453/netanyahu-plans-to-expand-settlement
2009-03-25,22:33:56,87dz7,45,Police beat people with sticks....people decide to fight back...see the look on cop's face as he runs like hell,wesay.com,http://www.wesay.com/Top_Photos/News/253200923754816/1/
2009-03-25,09:59:38,878z1,41,Oldest Woman in world discovered in Kazakhstan,dailymail.co.uk,http://www.dailymail.co.uk/news/worldnews/article-1164503/Is-woman-really-old-LIGHT-BULB-Oldest-person-world-set-celebrate-130th-birthday.html?ITO=1490
2009-03-25,23:06:45,87ebc,31,"""President Barack Obama is building a road to hell"" - President of the European Union",news.yahoo.com,http://news.yahoo.com/s/ap/20090325/ap_on_bi_ge/eu_eu_us_economy;_ylt=AhpCed85N7oZ94eF8dC9cL1vaA8F
2009-03-26,05:59:35,87i7z,29,Christopher Hitchens: Jewish Fundamentalism Is On The Verge Of Taking Over The Middle East,slate.com,http://www.slate.com/id/2214440/?reddit
2009-03-25,23:24:45,87ei2,20,"China says video footage that purportedly shows Chinese security personnel violently beating Tibetans last year is ""a lie"".",news.bbc.co.uk,http://news.bbc.co.uk/2/hi/asia-pacific/7962717.stm
2009-03-26,04:07:26,87ha0,16,"""Our insatiable demand for illegal drugs fuels the drug trade"" - Hillary Clinton on Mexican drug violence",news.bbc.co.uk,http://news.bbc.co.uk/2/hi/americas/7963292.stm
2009-03-25,13:51:14,87ahg,17,Riot ensues as right-wing Jewish group marches through the majority Israeli Arab city of Umm al-Fahm demanding that Arab citizens of Israel pledge loyalty to Israel as a Jewish state.,haaretz.com,http://www.haaretz.com/hasen/spages/1073724.html
2009-03-26,04:16:03,87hcd,16,"The Israeli army unlawfully fired white phosphorus shells over densely populated areas of the Gaza Strip during its recent offensive, needlessly killing and injuring civilians",reuters.com,http://www.reuters.com/article/middleeastCrisis/idUSLO9129822
2009-03-26,05:14:25,87hvj,15,Palestinian youth orchestra plays concert for Holocaust survivors in Israel,csmonitor.com,http://www.csmonitor.com/2009/0326/p01s01-wome.html
2009-03-25,22:52:49,87e65,13,It's not only Madoff and the US where sharks with no scruples ruin lives. Millions in Colombia were recently screwed by Ponzi schemers.,americasquarterly.org,http://www.americasquarterly.org/node/277/
2009-03-25,14:06:39,87akr,10,Feds Charge Hacker With Stealing $10 Million From Banks,blog.wired.com,http://blog.wired.com/27bstroke6/2009/03/the-analyzer-ha.html
2009-03-25,23:44:48,87epp,9,Chinese bloggers protest blocking of YouTube,asianews.it,http://www.asianews.it/index.php?l=en&art=14823&size=A
2009-03-25,20:45:23,87czm,7,"Zealot Israeli settlers are establishing an army within the IDF so Iif the Israeli govt decides to withdraw from the settlements, there will be enough army fundies and rabbis to refuse to obey",slate.com,http://www.slate.com/id/2214440/?
2009-03-26,00:07:53,87eyn,7,French workers take manager hostage over job cuts -- again,uk.reuters.com,http://uk.reuters.com/article/worldNews/idUKTRE52N71420090324?feedType=RSS&feedName=worldNews
2009-03-25,23:11:28,87ecy,7,"The Israeli army unlawfully fired white phosphorus shells over densely populated areas of the Gaza Strip during its recent offensive, needlessly killing and injuring civilians, Human Rights Watch said on Wednesday.",reuters.com,http://www.reuters.com/article/worldNews/idUSTRE52O46420090325
2009-03-26,00:18:37,87f3n,7,"UK Paedophiles and other sex offenders on probation will face compulsory ""lie detector"" tests from next month",theregister.co.uk,http://www.theregister.co.uk/2009/03/25/polygraph_trial/
2009-03-25,23:26:55,87eis,8,Double Atomic Bomb Survivor Found In Japan,telegraph.co.uk,http://www.telegraph.co.uk/news/worldnews/asia/japan/5044798/Double-atomic-bomb-survivor-found-in-Japan.html
2009-03-26,07:22:20,87it6,7,Anthrax vaccine tested on Israeli soldiers in early 1990s: report,english.sina.com,http://english.sina.com/world/2009/0325/228858.html
2009-03-25,19:31:25,87cgr,5,Jobless Could Hit 4 Million - Predicts Bank Adviser,13above.com,http://www.13above.com/2009/03/jobless-could-hit-4-million-predicts.html
2009-03-25,21:41:36,87dh7,6,YouTube blocked in China | CNN.com,edition.cnn.com,http://edition.cnn.com/2009/TECH/ptech/03/25/youtube.china/index.html
2009-03-25,22:24:03,87dve,6,"Israel's next prime minister, Likud leader Benjamin Netanyahu, has said his incoming government will be a ""partner for peace"" with the Palestinians.",news.bbc.co.uk,http://news.bbc.co.uk/2/hi/middle_east/7962962.stm
