2009-09-01,03:12:26,9fxpb,426,"In a backlash against the US 'war on drugs', Latin America turns to a more liberal policy",guardian.co.uk,http://www.guardian.co.uk/world/2009/aug/31/mexico-argentina-decriminalise-drugs
2009-09-01,15:06:11,9g3nc,326,"Pilot to control tower, ''Come on, I know you're down there, ... where the bloody hell have you hidden yourself?''",theage.com.au,http://www.theage.com.au/world/a-hard-landing-for-drunk-pilot-20090831-f59l.html
2009-09-02,02:09:10,9g9r6,301,North Korea reopens regular border crossing with the South ,nytimes.com,http://www.nytimes.com/2009/09/02/world/asia/02korea.html?hp
2009-09-02,06:15:03,9gcfl,221,"72 year old Olympic medalist (Dawn Fraser, Gold 1956 in 100m freestyle swimming) attacks teenaged intruder at her home in Australia.   Knee'd him in the groin with her titanium knee.",google.com,http://www.google.com/hostednews/afp/article/ALeqM5gy8dawMRBGvB2bk1VtWL7HjObs9w
2009-09-01,18:57:54,9g5hs,148,"Young teenagers in the UK are more likely to get drunk than anywhere else in the industrial world, shows an international survey.",news.bbc.co.uk,http://news.bbc.co.uk/2/hi/uk_news/education/8227443.stm
2009-09-01,20:05:19,9g5zl,123,New ID cards linked to criminal records - privacy in the UK - It doesn't exist.,computerweekly.com,http://www.computerweekly.com/Articles/2009/08/28/237485/government-plans-to-link-criminal-records-to-id-cards.htm
2009-09-01,02:35:21,9fxaa,112,"In the eyes of Saudi Arabian conservatives, the land where Islam was founded and the Prophet Muhammad was born must remain purely Muslim.  Saudi Arabia bans public displays of crosses and churches. ",news.yahoo.com,http://news.yahoo.com/s/ap/20090831/ap_on_re_mi_ea/ml_saudi_hidden_past_4
2009-09-02,00:29:10,9g8jy,59,"Ex-Ontario Attorney General held in cyclist's death: ""Burrows would not confirm witness reports the cyclist jumped on the car... and began fighting with the driver of a black Saab.""",thestar.com,http://www.thestar.com/news/gta/article/689220
2009-09-01,21:39:18,9g6qy,46,"Spiderman scales one of the world's tallest buildings, the Petronas Towers in Malaysia, on his third attempt",news.bbc.co.uk,http://news.bbc.co.uk/2/hi/asia-pacific/8231076.stm
2009-09-01,13:24:01,9g2w1,45,North and South Korea have restored regular access across their heavily fortified border for traffic to and from a jointly-run industrial park.,news.bbc.co.uk,http://news.bbc.co.uk/2/hi/asia-pacific/8230946.stm
2009-09-02,07:07:58,9gcwv,31,"Israeli maxim: Occupy a country and then make the people pay a price to get part of it back. When they object, accuse them of refusing to take advantage of opportunities for peace.",informationclearinghouse.info,http://www.informationclearinghouse.info/article23402.htm
2009-09-01,23:23:32,9g7sy,20,"Kahanist-American kids go to Israel, prepare to take on the Israeli army if theres any order to clear Jewish settlements. Expulsion orders for Arabs? Still cool with them.",men.style.com,http://men.style.com/details/features/full?id=content_10397&pageNum=1
2009-09-01,08:39:15,9g0r3,17,Fund-raising appeal to save Romanian lions from being shot,news.bbc.co.uk,http://news.bbc.co.uk/1/hi/england/south_yorkshire/8229432.stm
2009-09-01,12:27:43,9g2gz,17,Lesbian couples in England and Wales who start a family through fertility treatment can now place both their names on the birth certificate,news.bbc.co.uk,http://news.bbc.co.uk/2/hi/uk_news/8229401.stm
2009-09-01,23:02:31,9g7kh,16,Poland and Germany remember the start of WWII (video report),media.theage.com.au,http://media.theage.com.au/?rid=52788
2009-09-01,13:51:34,9g32y,12,Boycott: An Israeli peace activist on Apartheid in South Africa and whether a boycott will work for Israel.,maannews.net,http://www.maannews.net/eng/ViewDetails.aspx?ID=222257
2009-09-01,12:45:07,9g2lh,12,Hamas has resisted suggestions that Palestinian children should be taught about the Holocaust in UN-run schools.,news.bbc.co.uk,http://news.bbc.co.uk/2/hi/middle_east/8230483.stm
2009-09-01,17:40:56,9g4vv,10,Protesters in the South Pacific nation of Samoa have lost a legal bid to stop a change in road rules that will force motorists to drive on the left.,news.bbc.co.uk,http://news.bbc.co.uk/2/hi/asia-pacific/8230936.stm
2009-09-01,16:26:19,9g4bn,11,Saddam’s Military Planes Found in Serbia,news.com.au,"http://www.news.com.au/couriermail/story/0,23739,26010872-954,00.html"
2009-09-01,03:04:37,9fxmd,8,Hamas: Holocaust is a Zionist Lie,uk.news.yahoo.com,http://uk.news.yahoo.com/22/20090830/tpl-uk-palestinians-hamas-holocaust-sb-43a8d4f.html
2009-09-02,06:32:18,9gcla,8,France: Repeated attacks on Christians and Christian churches. Silence in the mainstream media.,europenews.dk,http://europenews.dk/en/node/25836
2009-09-02,05:49:59,9gc6u,6,Chevron accuses Ecuadorean judge of taking bribes in mammoth Tort case against the company by indigenous residents of the country's Amazon Basin,law.com,http://www.law.com/jsp/article.jsp?id=1202433484975
2009-09-02,06:24:21,9gciy,5,"The problem is fundamental: Founding a modern state on a single ethnic or religious identity in a territory that is ethnically and religiously diverse leads inexorably either to politics of exclusion or to wholesale ethnic cleansing. Put simply, the problem is Zionism.",dissidentvoice.org,http://dissidentvoice.org/2009/09/is-it-anti-semitic-to-defend-palestinian-human-rights/
2009-09-01,23:00:07,9g7jt,5,Fiji has been suspended from the Commonwealth after the South Pacific island nation's military government failed to respond to a demand to begin restoring democracy.,cbc.ca,http://www.cbc.ca/world/story/2009/09/01/fiji-commonweath-suspended.html?ref=rss
2009-09-01,18:20:31,9g56w,3,Brazilian Government announces new development model for pre-salt oil fields ,providingnews.com,http://www.providingnews.com/brazilian-government-announces-new-development-model-for-pre-salt-oil-fields.html
2009-09-02,05:52:46,9gc7q,2,"ARRESTS over Pinochet-era abuses: Chilean soldiers, police sought over Pinochet-era abuses.",rawstory.com,http://rawstory.com/news/afp/Chilean_soldiers_police_sought_over_09012009.html
2009-09-01,18:40:06,9g5ci,2,"Petrol taxes- The OECD governments that levy the highest tax on petrol
",economist.com,http://www.economist.com/research/articlesBySubject/displaystory.cfm?subjectid=7933596&story_id=14291929
2009-09-02,06:08:32,9gcdc,1,UK lesbian couples get 'equal rights' to be named parents,rawstory.com,http://rawstory.com/08/news/2009/09/01/uk-lesbian-couples/
2009-09-01,08:20:22,9g0la,2,Obama vs Honduras,online.wsj.com,http://online.wsj.com/article/SB10001424052970204731804574382872711784150.html
2009-09-02,01:32:06,9g9b6,0,‘Some people are gay. Get over it!’ – Thoughts on Stonewall’s back to school ad campaign ,realstreet.co.uk,http://www.realstreet.co.uk/2009/09/some-people-are-gay/
