2009-01-16,11:28:56,7q3py,640,Vatican reveals list of worst sins. Desecrating the eucharist outranks genocide. That says it all.,telegraph.co.uk,http://www.telegraph.co.uk/news/worldnews/europe/vaticancityandholysee/4247756/Vatican-reveals-secrets-of-worst-sins.html?whaargarbl
2009-01-16,18:25:40,7q62i,418,"BBC's Paxman vs. Israeli spokesman:  ""You were told this was a UN facility""",youtube.com,http://www.youtube.com/watch?v=9wv0giW1elo
2009-01-16,09:16:34,7q2xm,350,"Israel in Gaza increasingly seen as Rogue State by EU, Red Cross, Lancet. As of Thursday morning, the Israelis have now killed 1038 and wounded 4850 Palestinians. ",juancole.com,http://www.juancole.com/2009/01/israel-in-gaza-increasingly-seen-as.html
2009-01-17,06:40:00,7qbp3,326," Israel's free ride ends - As Israel pulverises Gaza, questions about Israeli policy becoming more prominent in American media",guardian.co.uk,http://www.guardian.co.uk/commentisfree/cifamerica/2009/jan/13/us-media-israel-gaza
2009-01-16,18:06:30,7q5yv,105,More government corruption - 'Arrogant' MPs pass new law (in 24 hours) to keep details of expenses secret,dailymail.co.uk,http://www.dailymail.co.uk/news/article-1117702/MPs-new-dodge-details-expenses-secret.html
2009-01-16,22:08:09,7q7fg,102, Israel 'breaking law' with Gaza war  ,english.aljazeera.net,http://english.aljazeera.net/news/americas/2009/01/2009115171631306757.html
2009-01-17,04:12:06,7qajy,96,"Israeli 'phosphorous shells' incinerate 1,000s of tons of UN food as Gaza starves",news.scotsman.com,http://news.scotsman.com/latestnews/Israeli-39phosphorous-shells39-incinerate-1000s.4883418.jp
2009-01-17,00:39:08,7q8rw,95,"President of Israel Shimon Peres: The goal of the Gaza operation ""was to provide a strong blow to the **people** of Gaza.""",andrewsullivan.theatlantic.com,http://andrewsullivan.theatlantic.com/the_daily_dish/2009/01/the-logic-of-ga.html
2009-01-16,22:32:54,7q7m0,92,Did you know?  Israeli Government used to love Hamas because it weakened the Secular Palestinians.,sanseverything.wordpress.com,http://sanseverything.wordpress.com/2009/01/15/when-the-israeli-government-loved-hamas/
2009-01-17,01:23:31,7q95o,81,"Killed by Israel, Eaten by Dogs -""The emergency doctor could not believe himself seeing the remains of what was days back Shahd, a full-fleshed 4-year-old Palestinian girl.""",uruknet.de,http://www.uruknet.de/?s1=1&p=50888&s2=16
2009-01-17,04:23:49,7qang,80,Turkey's Prime Minister has called for Israel to be barred from the UN as long as it ignores international calls to stop war on Gaza.,presstv.ir,http://www.presstv.ir/detail.aspx?id=82565&sectionid=351020202
2009-01-16,17:02:36,7q5mv,62,Israeli parlament disqualifies two Arab parties from running in elections.,english.aljazeera.net,http://english.aljazeera.net/news/middleeast/2009/01/2009112165350696500.html
2009-01-17,06:37:43,7qboe,54,A politician with balls tells the truth about Gaza: The West has double standards when it comes to Israel,uk.youtube.com,http://uk.youtube.com/watch?v=IIpvrOJQ0J0
2009-01-16,21:42:25,7q78s,55,Jeremy Paxman Grills Israeli Ambassador To The UK,youtube.com,http://www.youtube.com/watch?v=X9-CEjKCNoc&feature=related
2009-01-17,03:21:30,7qa6x,49,Gazans including 5 month baby ran over by Israelis driving a 70 ton tanks,uk.youtube.com,http://uk.youtube.com/watch?v=V2jQE6vM3M8&NR=1
2009-01-17,03:41:15,7qac2,43,"UN says IDF shelled three hospitals yesterday, one of them twice",news.bbc.co.uk,http://news.bbc.co.uk/2/hi/middle_east/7833919.stm
2009-01-16,21:07:13,7q70i,39,"Rights group: Israeli fire ""indiscriminate""",iht.com,http://www.iht.com/articles/ap/2009/01/16/news/ML-Israel-Human-Rights.php
2009-01-16,15:33:10,7q56b,39,When Israel expelled Palestinians,washingtontimes.com,http://washingtontimes.com/news/2009/jan/14/when-israel-expelled-palestinians/
2009-01-17,03:04:20,7qa1j,37,Eighty-six percent of those killed in Gaza were civilians,electronicintifada.net,http://electronicintifada.net/v2/article10194.shtml
2009-01-16,21:05:07,7q704,30,"""They're wiping out entire families""",socialistworker.org,http://socialistworker.org/2009/01/12/theyre-wiping-out-entire-families
2009-01-17,07:08:36,7qbwe,27,Jewish British MP Gerald Kaufman compares Israel to the Nazis & accuses them of exploiting Holocaust ,members5.boardhost.com,http://members5.boardhost.com/medialens/thread/1232113426.html
2009-01-16,22:16:53,7q7hi,19,"NY Times ""fears the assault on Gaza has passed the point of diminishing returns""!  [Gee, no surprise that the comments are running 7 to 1 against the Times and against Israel]",community.nytimes.com,http://community.nytimes.com/article/comments/2009/01/16/opinion/16fri1.html?s=1&pg=2
2009-01-16,19:59:21,7q6ld,18,"UK's Trident nuclear missiles are £20bn waste of money, say generals",guardian.co.uk,http://www.guardian.co.uk/uk/2009/jan/16/trident-is-20bn-waste-say-generals
2009-01-16,22:59:02,7q7u6,15,Congolese villagers are forming self-defence groups to protect homes and families from Ugandan Lord's Resistance Army (LRA) rebels,mg.co.za,http://www.mg.co.za/article/2009-01-16-congo-villagers-take-up-arms-against-lra-rebels
2009-01-17,01:47:52,7q9cz,13,An open letter from 20 British Muslims leaders,guardian.co.uk,http://www.guardian.co.uk/commentisfree/2009/jan/16/islam-synagogue-arson-gaza-antisemitism
2009-01-16,16:04:27,7q5cg,13,Inquiries Support Olmert’s Version of Rice-Shaming Incident | News From Antiwar.com,news.antiwar.com,http://news.antiwar.com/2009/01/15/inquiries-support-olmerts-version-of-rice-shaming-incident/
2009-01-17,01:53:12,7q9ep,13,Pakistan announced that it has arrested 71 members of Lashkar-e-Taiba and detained 124 more in an effort to crack down on the Islamic militant group believed to be responsible for November's attacks,csmonitor.com,http://www.csmonitor.com/2009/0116/p99s03-duts.html
2009-01-17,00:54:51,7q8wo,10,"These Herrenvolk Israeli soldiers are really lucky. They went into a den of babies and defenseless people, shot and killed, and lived to tell the tale. The world is awed by their courage. ",news.yahoo.com,http://news.yahoo.com/nphotos/slideshow/photo//090116/481/ceee145ffb3d4c19b34533f338cb4371/
2009-01-16,12:38:01,7q43h,10,"The topic of the buraku remains Japan's biggest taboo, rarely entering private conversations and virtually ignored by the media.",iht.com,http://www.iht.com/articles/2009/01/16/asia/16outcasts.php
2009-01-16,13:22:12,7q4e1,13,Zionists are now taking public contracts out on their political oppositon,stoptheism.com,http://stoptheism.com
