2009-04-05,09:22:54,8a1nh,840,Obama to call for elimination of all nuclear weapons in the world.,news.yahoo.com,http://news.yahoo.com/s/nm/20090404/pl_nm/us_obama_europe
2009-04-05,01:30:28,89z8i,499,President will be able to shut down the internet - No President should have this power,wwww.cdt.org,http://wwww.cdt.org/headlines/1196
2009-04-05,19:21:33,8a3z1,126,Police 'assaulted' bystander who died during G20 protests,guardian.co.uk,http://www.guardian.co.uk/world/2009/apr/05/g20-protest-ian-tomlinson
2009-04-06,02:05:14,8a5wr,60,Danish cartoonist who drew Muhammad in 2006 comes out of hiding,news.bbc.co.uk,http://news.bbc.co.uk/2/hi/europe/7964494.stm
2009-04-05,11:51:12,8a29m,57,North Korea 'has launched rocket',news.bbc.co.uk,http://news.bbc.co.uk/2/hi/asia-pacific/7982874.stm
2009-04-05,16:14:40,8a3a1,36,Mexican President: US authorities 'complicit' in drug trafficking ,rawstory.com,http://rawstory.com/blog/2009/04/mexican-president-us-authorities-complicit-in-drug-trafficking/
2009-04-05,21:48:54,8a4ho,33,"Tsvangirai grandson dies in pool, this man can't catch a break :(",news.bbc.co.uk,http://news.bbc.co.uk/2/hi/africa/7984293.stm
2009-04-05,22:28:05,8a4o6,10,Six gay men shot to death in Iraq,cnn.com,http://www.cnn.com/2009/WORLD/meast/04/05/gay.deaths.iraq/index.html
2009-04-05,11:49:20,8a29a,7,"In a country with appetites for strange foods like cats, dogs, turtles, etc., maybe it's not such a good idea to start a headline with ""Chinese hunger for sons""",nytimes.com,http://www.nytimes.com/2009/04/05/world/asia/05kidnap.html?_r=1&hp
2009-04-06,00:09:44,8a584,8,British complicity in rendition and torture pre-dates 9/11,afterdowningstreet.org,http://www.afterdowningstreet.org/node/41419
2009-04-06,06:36:14,8a7e9,7,"Afghanistan reviews its ""marital rape"" law under international pressure.",guardian.co.uk,http://www.guardian.co.uk/world/2009/apr/05/afghanistan-shia-rape-law-scrap
2009-04-06,07:02:26,8a7j0,5,Why family planning must become a global priority,nytimes.com,http://www.nytimes.com/2009/04/05/opinion/05kristof.html
2009-04-05,12:31:19,8a2h9,6,"Yeah, I think we get it: North Korea launched a missle.",reddit.com,http://www.reddit.com/search?q=North+Korea&sort=new
2009-04-06,01:42:50,8a5rb,6,"To the shock of no one, North Korean rocket 'failed to send satellite into space'",telegraph.co.uk,http://www.telegraph.co.uk/news/worldnews/asia/northkorea/5109403/North-Korean-rocket-failed-to-send-satellite-into-space.html
2009-04-05,15:29:26,8a34c,5,Possible response to N. Korean missile launch,plumbbobblog.com,http://www.plumbbobblog.com/images/irancoyote.jpg
2009-04-05,11:40:36,8a289,5,"Blair steps up fight to be crowned first 'President of EU' - Europe, World - The Independent",independent.co.uk,http://www.independent.co.uk/news/world/europe/blair-steps-up-fight-to-be-crowned-first-president-of--eu-1662928.html
2009-04-05,11:52:57,8a2a1,4,Japanese media reports that North Korea raunched a locket.,uk.reuters.com,http://uk.reuters.com/article/wtMostRead/idUKTRE5320FQ20090405
2009-04-05,11:27:56,8a260,6,Berlusconi: - as understated as Elvis | FaceJolt,facejolt.com,http://facejolt.com/daily-blog/news-response/berlusconi-as-understated-as-elvis/
2009-04-06,05:39:25,8a735,4,A Thai citizen has been sentenced to 10 years in jail for violating strict laws against insulting the monarchy.,news.bbc.co.uk,http://news.bbc.co.uk/2/hi/asia-pacific/7981769.stm
2009-04-05,09:17:35,8a1mu,4,Obama to call for nuclear-free world,reuters.com,http://www.reuters.com/article/topNews/idUSTRE5325A220090404?feedType=RSS&feedName=topNews
2009-04-05,15:40:53,8a35k,3,N. Korea defiantly launches rocket over Pacific - USATODAY.com,usatoday.com,http://www.usatoday.com/news/world/2009-04-04-northkorea-launch_N.htm?imw=Y
2009-04-05,12:23:03,8a2fr,4,"LiveLeak.com - (documentary) ""Welcome to North Korea"" (2003) (Part 1/2)",liveleak.com,http://www.liveleak.com/view?i=df2_1194147181
2009-04-06,04:29:25,8a6ow,3,"Contact for Israeli Spies Inside the USA, Appointed Head of Israeli National Security",jpost.com,http://www.jpost.com/servlet/Satellite?cid=1238562906819&pagename=JPost%2FJPArticle%2FShowFull
2009-04-05,23:45:21,8a52q,1,"Hey, Check Out the Genocide Going on in Darfur",adventuresinecommerce.com,http://adventuresinecommerce.com/2009/04/05/genocide-going-in-darfur/
2009-04-05,14:40:47,8a2yo,2,Monaco hunts for dictators’ stashes ,timesonline.co.uk,http://www.timesonline.co.uk/tol/news/world/europe/article6036210.ece
2009-04-05,11:37:47,8a27u,2,Economic Nationalism is Complicating the Crisis.,newsweek.com,http://www.newsweek.com/id/192477?from=rss
2009-04-06,04:04:12,8a6jh,0,An Egyptian couple accused of engaging in sex sessions with other couples have been jailed,news.bbc.co.uk,http://news.bbc.co.uk/1/hi/world/middle_east/7984462.stm
2009-04-05,13:04:37,8a2m7,0,"North Korea Defies Warnings, Launches Powerful Rocket",washingtonpost.com,http://www.washingtonpost.com/wp-dyn/content/article/2009/04/04/AR2009040403239.html?hpid=topnews
2009-04-05,12:21:13,8a2ff,0,North Korea has launched a rocket ,google.com,http://www.google.com/hostednews/afp/article/ALeqM5iv_1c_tvDwmqE8f5MW93RBVk0ThQ
2009-04-05,17:09:27,8a3h7,0,"French ambassador to China: ""The West must know Tibet's reality""... ",news.xinhuanet.com,http://news.xinhuanet.com/english/2009-04/04/content_11130201.htm
