2009-10-17,19:54:04,9uz02,357,US embassy found involved in importing weapons to Pakistan,paktribune.com,http://www.paktribune.com/news/index.php?id=220213
2009-10-17,06:24:01,9uufb,272,"In September 2009, Fallujah General Hospital had 170 new born babies, 24% of whom were dead within the first seven days, a staggering 75% of the dead babies were classified as deformed.",unobserver.com,http://www.unobserver.com/layout5.php?id=6744&blz=1
2009-10-17,20:45:07,9uz86,237,A study proving Jewish and Islamic methods of slaughtering animals are painful has led to renewed calls for a ban in Britain,thefirstpost.co.uk,"http://www.thefirstpost.co.uk/54850,news-comment,news-politics,after-scientific-proof-of-pain-should-we-ban-islamic-and-jewish-religious-slaughter"
2009-10-17,02:42:00,9us5i,185,"Peasants Worldwide Rise up Against Monsanto, GMOs: La Via Campesina is mobilizing globally along with allies in an overwhelming expression of outright rejection of Monsanto and GMOs, in the name of food sovereignty",commondreams.org,http://www.commondreams.org/newswire/2009/10/16-0
2009-10-17,15:21:12,9uxqs,170,"As the secret Anti-Counterfeiting (actually anti-piracy) Trade Agreement rolls forward, it's clear that some kind of Internet ""enforcement"" will end up in the text; but what kind? Thirty-eight corporate lawyers and 4 public interest lawyers are the only ones with a say.",arstechnica.com,http://arstechnica.com/tech-policy/news/2009/10/these-42-people-are-shaping-us-internet-enforcement-policy.ars
2009-10-17,22:09:27,9uzo9,112,"China sentences Guo Quan to 10 years in prison for 
advocating multi-party democracy",google.com,http://www.google.com/hostednews/ap/article/ALeqM5giTztR3Q-N_HzD1QpNL4ecZgMQEAD9BCO7EG0
2009-10-18,05:10:58,9v2ns,66,"Brazil - Rio gangs shoot down police chopper, set 3 buses on fire. 2 cops and 3 civilians dead",google.com,http://www.google.com/hostednews/ap/article/ALeqM5juJkPto0-dv9ljbU9X3KkYwqlggwD9BD1MLO2
2009-10-17,19:43:12,9uyya,46,"Why do they keep trying to hide shit like this? When they eventually have to give up, they just end up looking like even bigger douchebags for trying to cover it up in the first place.",guardian.co.uk,http://www.guardian.co.uk/world/2009/oct/16/carter-ruck-abandon-minton-injunction
2009-10-18,02:55:17,9v1r6,35,"Canada's military peers into future, and it's scary: 
In the worst-case scenarios, oil prices quadruple, drones patrol the skies, global wars spill into cities",thestar.com,http://www.thestar.com/news/canada/article/711772--canada-s-military-peers-into-future-and-it-s-scary
2009-10-17,09:05:51,9uvm1,34,Dead man slumped on balcony mistaken for Halloween decoration,latimesblogs.latimes.com,http://latimesblogs.latimes.com/lanow/2009/10/man-dead-on-balcony-for-days-because-neighbors-think-body-is-halloween-decoration.html
2009-10-17,23:11:16,9v02o,31,"Maldives government holds a cabinet meeting underwater, in scuba gear.  The president then continues with a press conference, still in water, highlighting the threat of global warming to the nation.",news.bbc.co.uk,http://news.bbc.co.uk/2/hi/8311838.stm
2009-10-17,21:38:20,9uzi4,28,"Ottawa police finds Bishop Lahey's laptop contains porn files, many showing young males involved in sexual acts",cbc.ca,http://www.cbc.ca/canada/nova-scotia/story/2009/10/16/ns-lahey-search-warrant.html
2009-10-17,20:47:53,9uz8k,23,"The Good Rabbi forced to resign over City protest.
The rabbi of Britain's oldest synagogue has stood down after a row over his part in a demonstration against the role of banks in the financial crisis.

",news.bbc.co.uk,http://news.bbc.co.uk/2/hi/uk_news/8311904.stm
2009-10-17,19:59:10,9uz0t,16,Ayers Rock to Be Closed for Religious Reasons?,news.nationalgeographic.com,http://news.nationalgeographic.com/news/2009/10/091016-australia-uluru-video-ap.html
2009-10-18,06:43:28,9v399,16,"African churches accuse thousands of children as 
'witches,' many tortured and killed",msnbc.msn.com,http://www.msnbc.msn.com/id/33356826/ns/world_news-africa/
2009-10-17,18:05:44,9uyke,12,Maldives holds world’s first underwater cabinet meeting,blog.taragana.com,http://blog.taragana.com/n/maldives-holds-worlds-first-underwater-cabinet-meeting-198729/
2009-10-18,01:08:46,9v0ye,9,EU Lisbon Treaty to become law within weeks after Czech president concedes defeat,telegraph.co.uk,http://www.telegraph.co.uk/news/worldnews/europe/czechrepublic/6358673/EU-Lisbon-Treaty-to-become-law-within-weeks-after-Czech-president-concedes-defeat.html
2009-10-18,07:02:15,9v3cc,7,Leftist Latin American leaders have agreed on the creation of a regional currency to scale back on the use of the US dollar as well as economic sanctions against Honduran coup leaders.,google.com,http://www.google.com/hostednews/afp/article/ALeqM5jisHEg79Cz8uRtYfZR6WK4JmWsIg
2009-10-17,22:42:10,9uzv9,6,"Zimbabwe's Prime Minister Morgan Tsvangirai has said his MDC party has ""disengaged"" from the unity government over the treatment of his senior aide.",news.bbc.co.uk,http://news.bbc.co.uk/2/hi/africa/8310629.stm
2009-10-18,02:34:57,9v1mg,5,"Trafigura offers deal to 31,000 Africans over dumped waste to avoid lengthy, costly and highly embarrassing court action that was due to begin at the High Court in London in Oct 2009",timesonline.co.uk,http://www.timesonline.co.uk/tol/news/world/africa/article6837795.ece
2009-10-17,21:34:41,9uzhk,1,Spanish Prime Minister Jose Luis Rodriguez Zapatero wants to introduce abortion on demand and allow 16-yr-olds to have an abortion without their parents' knowledge,news.bbc.co.uk,http://news.bbc.co.uk/2/hi/europe/8311824.stm
2009-10-18,04:07:14,9v28p,3,"What prize do you get if you win a quiz in Somalia?
",news.bbc.co.uk,http://news.bbc.co.uk/1/hi/world/africa/8312447.stm
2009-10-18,06:12:13,9v31y,0,PAKISTAN: Police illegally remove the court-ordered protection of a torture victim,ahrchk.net,http://www.ahrchk.net/statements/mainfile.php/2009statements/2265/
2009-10-17,09:09:29,9uvmr,0,"Food security in a generation - For China, the challenge remains: how can it continue to feed its still-growing population in the course of its industrialization and rapid transition to urbanization?",news.xinhuanet.com,http://news.xinhuanet.com/english/2009-09/16/content_12064354.htm
2009-10-18,06:34:56,9v375,0,Watch NFL Games Online Free: WOW,gizmosgadgetsnews.info,http://gizmosgadgetsnews.info/sports/football/watch-nfl-games-online-free-wow
2009-10-17,09:30:10,9uvrb,1,"Collection of news articles, when pieced together, suggest that Senegal tried to set up an IMF worker.",self.worldnews,https://www.reddit.com/r/worldnews/comments/9uvrb/collection_of_news_articles_when_pieced_together/
