2009-02-05,02:35:10,7uviu,715,Israel admits to killing peace activist Doctor's daughters with tank fire but claims their actions were 'reasonable' ,news.yahoo.com,http://news.yahoo.com/s/nm/20090204/wl_nm/us_palestinians_israel_doctor
2009-02-04,14:44:32,7uql2,345,Controversial Bestseller Shakes the Foundation of the Israeli State,alternet.org,http://www.alternet.org/story/122810/
2009-02-04,19:19:42,7us3p,252,UN says Hamas seized Gaza food aid and blankets,iht.com,http://www.iht.com/articles/ap/2009/02/04/news/ML-Gaza-Hamas-UN.php
2009-02-04,16:29:51,7ur6w,226,Israel to build a new settlement on West bank,haaretz.com,http://www.haaretz.com/hasen/spages/1061358.html
2009-02-04,13:22:26,7uq3a,157,"""Israeli Jews' consciousness is characterized by a sense of victimization, a siege mentality, blind patriotism, belligerence, self-righteousness, dehumanization of the Palestinians and insensitivity to their suffering.""",haaretz.com,http://www.haaretz.com/hasen/spages/1060061.html
2009-02-05,02:47:08,7uvmo,82,The state of Israel is not Jews; Jews are not the state of Israel.  Don't attack synagogues for what Israel does; don't fail to critisize Israel out of guild for Holocaust.,guardian.co.uk,http://www.guardian.co.uk/commentisfree/2009/feb/04/israelandthepalestinians-gaza
2009-02-05,04:54:29,7uwp3,71,BREAKING: Shoe-attack on Israeli ambassador during lecture at Stockholm University,self.worldnews,https://www.reddit.com/r/worldnews/comments/7uwp3/breaking_shoeattack_on_israeli_ambassador_during/
2009-02-05,05:33:52,7ux0n,55,Why is the BBC obsessed with making working-class people seem racist?,guardian.co.uk,http://www.guardian.co.uk/commentisfree/2009/feb/03/race-bbc
2009-02-04,14:10:04,7uqdh,51,EU envoy: Israel must ease aid restrictions on 'hell-like' Gaza - Haaretz,haaretz.com,http://www.haaretz.com/hasen/spages/1061211.html
2009-02-04,19:40:51,7us80,46,UN: Hamas police seized food aid and blankets from needy Gazans,haaretz.com,http://www.haaretz.com/hasen/spages/1061426.html
2009-02-04,20:43:30,7usmh,45,"Today, Kyrgyzstan began moves to close a U.S. military air base which is vital for supplying U.S.-led troops fighting in Afghanistan.",news.yahoo.com,http://news.yahoo.com/s/nm/20090204/ts_nm/us_kyrgyzstan_usa_base_10
2009-02-04,15:22:10,7uqtq,41,Sri Lankan hospital shelled for ninth time,edition.cnn.com,http://edition.cnn.com/2009/WORLD/asiapcf/02/04/sri.lanka.fighting/
2009-02-04,13:21:17,7uq33,27,Megaphone: Israel's other sicko war weapon,beagle17.gnn.tv,http://beagle17.gnn.tv/blogs/31030/Megaphone_Israel_s_other_sicko_war_weapon
2009-02-04,19:54:44,7usbf,22,Judge allows medicinal pot plots,canada.com,http://www2.canada.com/nanaimodailynews/news/story.html?id=53a58d95-6787-4639-89db-26c911b78345
2009-02-05,06:30:38,7uxii,22,Benjamin Netanyahu: no territory concession to Palestinians,guardian.co.uk,http://www.guardian.co.uk/world/2009/feb/04/israelandthepalestinians-usa
2009-02-05,05:45:12,7ux48,17,"Extremist rabbis and their followers, bent on waging holy war against the Palestinians, are taking over the Israeli army by stealth",atheonews.blogspot.com,http://atheonews.blogspot.com/2009/02/religious-extremists-rising-through.html
2009-02-05,07:08:47,7uxsx,18,Well here's 1 reason I would not want to be the top anti-drug official in Mexico...wow,cnn.com,http://www.cnn.com/2009/WORLD/americas/02/04/mexico.general/index.html
2009-02-05,04:29:15,7uwhr,17,"Art in Africa that only ""Google Earth"" can see",andrewsullivan.theatlantic.com,http://andrewsullivan.theatlantic.com/the_daily_dish/2009/02/public-art-only.html
2009-02-04,22:17:09,7ut8r,13,"In Afghanistan, as in Vietnam, we may win every battle but still not win the war. The nation is a deeply-divided, semi-failed state, with an incompetent, corrupt gov't held to be illegitimate by a large portion of its population. ",newsweek.com,http://www.newsweek.com/id/182650
2009-02-04,08:02:18,7unz1,12,Military court: Egyptian Islamist politician faces trial for crossing Gaza tunnel,haaretz.com,http://www.haaretz.com/hasen/spages/1061187.html
2009-02-04,08:03:47,7unzd,12,"Documentary on the Most Dangerous Area in Afghanistan - ""The War is Not Over""",vbs.tv,http://www.vbs.tv/full_screen.php?s=DGFE2305DC&sc=1363196
2009-02-04,08:14:40,7uo1x,11,IDF strikes Hamas targets after Grad hits Ashkelon ,haaretz.com,http://www.haaretz.com/hasen/spages/1061353.html
2009-02-05,03:07:46,7uvtj,11,U.S. holds back its planned missile shield in eastern Europe,economist.com,http://www.economist.com/world/europe/displayStory.cfm?story_id=13039014&source=hptextfeature
2009-02-05,07:38:50,7uy0t,9,When Will The Vatican Recant Their Lies And Misdeeds,uniformvelocity.com,http://www.uniformvelocity.com/2009/02/when-will-vatican-recant-their-lies-and.html
2009-02-04,10:24:33,7uova,9,"Gaddafi, Newly Elected African Union Head, Strongly Opposes Darfur Indictment ",cnsnews.com,http://www.cnsnews.com/public/content/article.aspx?RsrcID=42904
2009-02-04,22:11:11,7ut7f,7,Staring Down the Barrel: the Rise of Guns in China - WSJ.com,online.wsj.com,http://online.wsj.com/article/SB122394012224530655.html
2009-02-05,07:59:57,7uy5b,6,PAKISTAN: Army soldiers attack wedding party: 13 killed including bride and groom; 21 injured,ahrchk.net,http://www.ahrchk.net/statements/mainfile.php/2009statements/1865/
2009-02-04,16:55:43,7urbs,7,UN admits that Israel did not in fact shell its school,theaustralian.news.com.au,"http://www.theaustralian.news.com.au/story/0,25197,25004467-20261,00.html"
2009-02-04,20:14:46,7usg1,6,Italian Mob Revenue Surges to $167 Billion From 2007,bloomberg.com,http://www.bloomberg.com/apps/news?pid=20601085&sid=aJtXWLHPau0Y
2009-02-05,01:22:26,7uuuo,6,"The Mountain That Eats Men: A long, fascinating article about the Bolivian mestizo elite, the mountain that made them rich, and the poor miners trapped between.",walrusmagazine.com,http://www.walrusmagazine.com/print/2009.01-travel-bolivia-mining-andrew-westoll-jason-rothe/
