2009-04-12,15:22:53,8bust,1395,You are being lied to about pirates.,sfbayview.com,http://www.sfbayview.com/2009/you-are-being-lied-to-about-pirates/
2009-04-13,02:40:01,8bxco,35,"American captain Richard Phillips rescued, 3 pirates killed, 1 taken into custody",cnn.com,http://www.cnn.com/2009/WORLD/africa/04/12/somalia.pirates/index.html
2009-04-12,13:20:08,8bubs,28,Darwinism award candidate makes her debut at the Berlin Zoo.,cnn.com,http://www.cnn.com/2009/WORLD/europe/04/11/polar.bear.attack/index.html
2009-04-12,19:11:36,8bvgx,22,"A douchebag from Harvard :""Palestinian civilians could be culpable for suicide bombings by supporting them""",jpost.com,http://www.jpost.com/servlet/Satellite?cid=1238562932202&pagename=JPost%2FJPArticle%2FPrinter
2009-04-13,03:56:51,8bxqd,18,What the US learnt from Iraq … and the Arab world didn’t,thenational.ae,http://www.thenational.ae/article/20090412/OPINION/436363513/1006/NATIONAL
2009-04-12,23:29:35,8bwdy,15,"Thailand's ousted prime minister called for a revolution Sunday after rioting erupted in the capital, with protesters commandeering public buses and swarming triumphantly over military vehicles in unchecked defiance after the government declared a state of emergency.",news.yahoo.com,http://news.yahoo.com/s/ap/20090412/ap_on_re_as/as_thailand_politics
2009-04-12,21:42:16,8bvxb,13,Ian Tomlinson: three-year wait for G20 death verdict,guardian.co.uk,http://www.guardian.co.uk/uk/2009/apr/12/ian-tomlinson-g20-police-verdict
2009-04-12,22:18:58,8bw2p,12,"Americans invade home, massacre Afghan woman, her three children & brother-in-law, let their God Sort It Out. ",timesonline.co.uk,http://www.timesonline.co.uk/tol/news/world/asia/article6074307.ece
2009-04-12,14:26:04,8bulg,9,We suddenly had so many women coming in with post-rape lesions and injuries I could never have imagined. Our minds just couldn’t take in what these women had suffered.,johannhari.com,http://www.johannhari.com/archive/article.php?id=863/t_blank
2009-04-13,03:56:35,8bxqc,9,I've watched the police for 30 years and I still despair,guardian.co.uk,http://www.guardian.co.uk/commentisfree/2009/apr/12/g20-protests-cameras-intelligent-policing
2009-04-12,08:16:39,8bt2s,11,The policeman who 'killed' a G20 protestor claims he was 'protecting him' and forcibly shoved him to the ground for 'his own safety',dailystar.co.uk,http://www.dailystar.co.uk/news/view/76435/Barking-mad/
2009-04-12,18:21:50,8bvbh,10,"State of emergency in Bangkok: 10,000 anti-government protesters are at the gates of Government House and several hundred are marching toward police headquarters",latimes.com,"http://www.latimes.com/news/la-fgw-thailand-emergency13-2009apr13,0,2654921.story"
2009-04-13,04:29:21,8bxw8,8,Am I the only person who wants an online micropayment system for newspapers? I don't want to see decent papers go under and 0.001 means nothing to me.,self.worldnews,https://www.reddit.com/r/worldnews/comments/8bxw8/am_i_the_only_person_who_wants_an_online/
2009-04-12,12:22:16,8bu3k,7,Two thousand Poles are currently in prison for riding a bicycle whilst under the influence of alcohol. ,news.bbc.co.uk,http://news.bbc.co.uk/2/hi/europe/7994857.stm
2009-04-12,13:59:00,8buh9,7,Hypocrisy in all its splendor,independent.co.uk,http://www.independent.co.uk/news/world/middle-east/the-muslim-guardian-of-israels-daily-bread-1663404.html
2009-04-12,21:14:45,8bvty,5,UK encourages yet more personal debt at environments expense,timesonline.co.uk,http://www.timesonline.co.uk/tol/news/politics/article6078499.ece
2009-04-12,18:18:39,8bvb2,7,A second Jewish state,thenational.ae,http://www.thenational.ae/article/20090412/OPINION/466742916/1080/NATIONAL
2009-04-12,23:38:00,8bwf7,4,"Sri Lanka to suspend offensives against rebels to enable tens of thousands of trapped civilians to leave the war zone, if the Tamil Tigers will let them.",google.com,http://www.google.com/hostednews/ap/article/ALeqM5gVoaDFmbCYS-Usz9ACDRIengj21QD97GV6780
2009-04-13,00:43:12,8bwql,4,Lost everything when the Icelandic banks collapsed,newsfrettir.com,http://newsfrettir.com/index.php?option=com_content&view=article&id=454:lost-everything-when-the-icelandic-banks-collapsed&catid=18:miscellanious&Itemid=27
2009-04-13,04:09:29,8bxsk,4,US court allows apartheid cases ,english.aljazeera.net,http://english.aljazeera.net/news/americas/2009/04/20094101425470241.html
2009-04-13,07:29:40,8bypw,4,Saudi judge refuses to annul 8-year-old's marriage,cnn.com,http://www.cnn.com/2009/WORLD/meast/04/12/saudi.child.marriage/
2009-04-12,14:11:16,8buj6,5,The disappearing male gender.  ,wimp.com,http://wimp.com/disappearingmale/
2009-04-13,00:07:47,8bwk6,2,Tamil protesters vent their fury,news.bbc.co.uk,http://news.bbc.co.uk/2/hi/uk_news/politics/7987837.stm
2009-04-12,16:38:45,8bv0z,2,"Russia, Iraq call for fair new world order - Gee, I thought that was what Obama and Brown were calling for",news.xinhuanet.com,http://news.xinhuanet.com/english/2009-04/11/content_11166598.htm
2009-04-12,22:21:07,8bw34,4,"MI5 hires little old ladies, moms pushing strollers for tailing suspects",timesonline.co.uk,http://www.timesonline.co.uk/tol/news/uk/article6078397.ece
2009-04-13,01:41:22,8bx1t,4,Two XSS Worms Slam Twitter,cgisecurity.com,http://www.cgisecurity.com/2009/04/two-xss-worms-slam-twitter.html
2009-04-12,22:53:20,8bw7z,3,10 tips for silver surfers to stay safe on social networking sites,telegraph.co.uk,http://www.telegraph.co.uk/finance/personalfinance/consumertips/5115002/Silver-surfers-warned-on-Twitter-and-Facebook-fraud.html
2009-04-12,15:18:48,8bus5,3, Saudi judge upholds man's marriage to 8-year-old,cnn.com,http://www.cnn.com/2009/WORLD/meast/04/12/saudi.child.marriage/index.html
2009-04-13,02:42:34,8bxdd,2,"Jordanian King, in White House visit at end of the month, to urge President Obama to move ahead with Arab peace initiative and to support united Fatah/Hamas Palestinian government. ",haaretz.com,http://www.haaretz.com/hasen/spages/1077894.html
2009-04-12,08:06:29,8bt11,2,China denies role on US grid hacks,thoughtsongod.com,http://www.thoughtsongod.com/?p=3717
