2009-05-01,01:43:19,8gsuf,1380,"""But a remarkable thing happened this week. On Monday, 400 of his fellow students, wearing black in solidarity and carrying signs of support, walked out of Keswick High School to rally in protest in front of their school.""",theglobeandmail.com,http://www.theglobeandmail.com/servlet/story/RTGAM.20090430.wkeswick30art22312/BNStory/National/home?cid=al_gam_mostview
2009-05-02,00:24:37,8h2ag,1124,"Remember that Policeman driving at 90mph in a 30 zone with no sirens who hit & killed the girl? Well, he's in prison now.",news.bbc.co.uk,http://news.bbc.co.uk/1/hi/england/tyne/8028666.stm
2009-05-02,07:11:43,8h5sy,45,"""Eco-fascism"" - Israeli settlers and factories pumping polluted water onto palestinian farmland",palestinevideo.blogspot.com,http://palestinevideo.blogspot.com/2009/05/expansion-of-settlements-and-eco.html
2009-05-01,09:00:17,8gwko,24,"She was allowed to be forced to marry before reaching puberty. Now, at the ripe old age of 8, she successfully divorced her 50 year old husband.",news.yahoo.com,http://news.yahoo.com/s/ap/20090430/ap_on_re_mi_ea/ml_saudi_child_marriage
2009-05-02,05:08:34,8h4w7,29,"""The four policemen threw Abu Hamdiya from a jeep moving at high speed after they had abducted, beaten, and abused him"", all four policemen were sentenced to serve only between 4.5 to 8.5 years in jail",btselem.org,http://www.btselem.org/English/Beating_and_Abuse/20090428_BP_Officers_sentenced_for_Abu_Hamdiyeh_Killing.asp
2009-05-02,06:54:53,8h5pa,27,"With the help of software written by a Tiennamen Square veteran, Iranians beat Internet Censorship",nytimes.com,http://www.nytimes.com/2009/05/01/technology/01filter.html?hpw=&pagewanted=all
2009-05-01,22:08:14,8h149,24,"Crazy person goes on shooting rampage at university in Baku, Azerbaijan. 12 killed, 13 injured. Bacon Lung news clogging the news outlets obscured this info from yesterday.",cbc.ca,http://www.cbc.ca/world/story/2009/04/30/azerbaijan-oil-academy-shooting339.html
2009-05-01,00:09:01,8gry5,15,"So much for full withdrawal: ""Britain wants to get involved in protecting oil supplies from Iraq after its combat role there comes to an end, Prime Minister Gordon Brown said.""",uk.reuters.com,http://uk.reuters.com/article/allBreakingNews/idUKLU96936520090430
2009-05-01,05:27:23,8guzj,17,Israel 'warns' EU to tone down its criticism,news.yahoo.com,http://news.yahoo.com/s/ap/20090430/ap_on_re_us/ml_israel_eu_2
2009-05-01,22:43:16,8h1e8,18,"When you hear about the H1N1 virus (Swine flu), does it make anyone else want to play Pandemic 2?",crazymonkeygames.com,http://www.crazymonkeygames.com/Pandemic-2.html
2009-05-01,12:13:03,8gxr3,20,The San people of southern Africa is the world's most ancient race,independent.co.uk,http://www.independent.co.uk/news/science/worlds-most-ancient-race-traced-in-dna-study-1677113.html
2009-05-02,05:45:30,8h579,14,World’s Largest Solar Power Tower Starts Generating in Spain,environmentonearth.com,http://environmentonearth.com/worlds-largest-solar-power-tower-starts-generating-in-spain/
2009-05-01,23:50:51,8h1ym,12,Surprise: Around 50% of surveyed Christians believe torture can be somehow justified.,pewresearch.org,http://pewresearch.org/pubs/1210/torture-opinion-religious-differences
2009-05-02,07:44:58,8h5zy,10,We all pray this remains sensitive to antivirals. We all hope that vaccines will be developed. The virus doesn’t grow very well in eggs.,blogs.sciencemag.org,http://blogs.sciencemag.org/scienceinsider/2009/04/exclusive-cdc-h.html
2009-05-02,01:09:59,8h2pq,10,Killing Women and Children is only a Re-Branding issue in Apartheid Israel,reuters.com,http://www.reuters.com/article/reutersEdge/idUSTRE53M5Z720090423?
2009-05-01,23:48:25,8h1xq,11,"Images leaked from the U.N. show that the Sri Lankan military shelled a no-fire zone where over 50,000 civilians are trapped.",guardian.co.uk,http://www.guardian.co.uk/world/2009/may/01/srilanka-nofire-satellite-pictures-un
2009-05-01,14:51:11,8gypq,9,"Jewish Holocaust museum in Palestine: ""Our message to the Jewish people all over the world is that having been victims of such a brutal genocide, we expect you to be messengers of all the principles of justice, mercy and humanity,""",english.aljazeera.net,http://english.aljazeera.net/focus/2009/04/2009429133130101883.html
2009-05-02,04:05:38,8h4du,6,"Is Oil Worth More Than Blood In Nigeria? The suit seeks to hold Shell accountable for summary executions, crimes against humanity, TORTURE, inhuman treatment and the arbitrary arrest and detention of Nigerians.",open.salon.com,http://open.salon.com/blog/david_a_love/2009/04/30/is_oil_worth_more_than_blood_in_nigeria
2009-05-02,01:02:21,8h2n7,6,Ben Goldacre on Swine Flu and the Media Coverage,badscience.net,http://www.badscience.net/2009/04/parmageddon/
2009-05-02,05:38:06,8h555,5,A Virologist’s Perspective on Influenza A(H1N1),hhmi.org,http://www.hhmi.org/news/lamb20090501.html
2009-05-02,01:19:58,8h2t2,6,Palestinian sets record for longest imprisonment,alarabiya.net,http://www.alarabiya.net/articles/2009/05/01/71742.html
2009-05-02,02:30:07,8h3h7,4,"Artwork rejected by the New York Times, including ""A rather mild portrait of Idi Amin deemed 'too severe' an indictment of the Ugandan tyrant's mass murders of his own people"" ",goodiegoodie.com,http://www.goodiegoodie.com/Gg/The_Spread/Kiss-Ass-Inger.gg
2009-05-01,23:35:31,8h1tr,6,"Ethiopia has arrested 40 members of ""May 15th"", an opposition group led by an Ethiopian-American professor of economics at Bucknell University; the government says they had planned to assassinate officials and blow up public utilities in a plot to topple the government.",alertnet.org,http://alertnet.org/thenews/newsdesk/L1501354.htm
2009-05-02,02:52:15,8h3pd,5,Donkey ‘suicide’ bombing is latest tactic against patrols,timesonline.co.uk,http://www.timesonline.co.uk/tol/news/uk/article6194874.ece
2009-05-02,05:39:30,8h55k,4,Pregnant British woman Samantha Orobator facing death by firing squad in Laos,telegraph.co.uk,http://www.telegraph.co.uk/news/worldnews/asia/laos/5256953/Pregnant-British-woman-Samantha-Orobator-facing-death-by-firing-squad-in-Laos.html
2009-05-01,23:43:04,8h1vz,4,"End Palestinian demolitions in Jerusalem, UN tells Israel",guardian.co.uk,http://www.guardian.co.uk/world/2009/may/01/israel-palestinian-jerusalem-demolitions
2009-05-02,03:03:15,8h3ta,5,Researchers Find Way to Predict Your Movements with GPS Data,associatedcontent.com,http://www.associatedcontent.com/article/1702309/researchers_find_way_to_predict_your.html?cat=58
2009-05-02,05:48:03,8h57z,3,Pakistan's Army Battles Taliban 100 KM from Capital,voanews.com,http://www.voanews.com/english/2009-04-30-voa16.cfm?rss=war%20and%20conflict
2009-05-01,22:56:13,8h1ho,2,Legislation proposed by vigilante lawmaker to publish the names of Rio de Janeiro's HIV carriers online sparks fear,guardian.co.uk,http://www.guardian.co.uk/world/2009/may/01/brazil-hiv-rio-aids-identification
2009-05-02,07:15:44,8h5tr,3,German police battle May Day radicals,earthtimes.org,"http://www.earthtimes.org/articles/show/266999,2nd-german-police-battle-may-day-radicals--summary.html"
