2009-03-01,04:59:29,812rz,531,"In Denmark, the word ‘God’ is one of the most embarrassing words you can say. You would rather go naked through the city than talk about God.”",nytimes.com,http://www.nytimes.com/2009/02/28/us/28beliefs.html?
2009-03-01,22:08:04,8175g,423,"Liberty groups unite to defend UK rights: 'The govt and courts are collaborating in slicing away freedoms and pushing Britain to the brink of becoming a ""database"" police state'",guardian.co.uk,http://www.guardian.co.uk/uk/2009/mar/01/civil-liberties-conference
2009-03-01,11:31:03,814pw,289,National Geographic slams Alberta's oil sands –- Canadian politicians pissed!,treehugger.com,http://www.treehugger.com/files/2009/02/national-geographic-scraping-bottom-tar-sands.php
2009-03-02,00:49:24,817y1,155,Mexico's On The Brink Of Chaos,impactlab.com,http://www.impactlab.com/2009/02/28/mexico%e2%80%99s-on-the-brink-of-chaos/
2009-03-02,06:40:08,819wb,69,Chinese lunar satellite has crashed into the moon. Beijing called it a controlled collision.,news.bbc.co.uk,http://news.bbc.co.uk/2/hi/asia-pacific/7917957.stm
2009-03-01,13:03:28,8154c,33,Father sues Turkish Education Ministry for forcing his 11-yr-old daughter to watch “racist” and “disturbing” film countering claims that Ottoman Turks committed genocide against Armenians in 1915,timesonline.co.uk,http://www.timesonline.co.uk/tol/news/world/europe/article5818155.ece
2009-03-01,10:46:34,814ij,35,Israel's death squads: Former member of an Israeli assassination squad breaks his silence for the first time; tells of his role in botched ambush that killed two Palestinian bystanders and the two militants targeted,independent.co.uk,http://www.independent.co.uk/news/world/middle-east/israels-death-squads-a-soldiers-story-1634774.html
2009-03-01,15:26:17,815ou,37,Movie about lebanese gang violence canned after outbreak of gang violence at screening,news.com.au,"http://www.news.com.au/dailytelegraph/story/0,22049,25122225-5001021,00.html"
2009-03-02,06:54:30,819yr,35,"Dubai Property Miracle:  Now 13 Aussies arrested in Dubai collapse, can be held indefinitely",smh.com.au,http://www.smh.com.au/world/now-13-aussies-arrested-in-dubai-collapse-20090301-8li0.html?page=-1
2009-03-01,18:26:30,816cb,24,Olmert vows 'severe' response to Gaza rockets,google.com,http://www.google.com/hostednews/afp/article/ALeqM5jxYOaLRwwsA38lkHVLXit3r0YRyg
2009-03-01,22:38:28,817ag,18,"So long, farewell, auf wiedersehen: is it game over for Swiss banks?",guardian.co.uk,http://www.guardian.co.uk/business/2009/mar/01/swiss-banks-anonymity-ubs
2009-03-02,05:06:41,819fy,17,Video of alleged US teen assault,news.bbc.co.uk,http://news.bbc.co.uk/1/hi/world/americas/7917288.stm
2009-03-02,03:34:51,818yq,15,"Chechen leader imposes strict brand of Islam, honor killings ensue",washingtonpost.com,http://www.washingtonpost.com/wp-dyn/content/article/2009/02/28/AR2009022801195.html
2009-03-02,02:23:44,818js,13,"Iraqi police get ""motivational"" speech from US serviceman - winning hearts and minds",youtube.com,http://www.youtube.com/watch?v=r1GrdTakvl8
2009-03-01,13:38:55,815a5,15,"Ahmadinejad Adviser Tells Visiting Hollywood Delegation to Apologize for ""Insults and Slanders"" Directed at Iranians..... ",breitbart.com,http://www.breitbart.com/article.php?id=CNG.2b0b8bd405048e19f36fa896834ca058.9b1&show_article=1
2009-03-01,11:30:36,814pt,15,Drug Trafficker: How I Escaped a Bankok Jail,news.bbc.co.uk,http://news.bbc.co.uk/2/hi/europe/7915137.stm
2009-03-01,12:35:31,814zz,13, Iran Stands by Amputations: 'Better Punishment than Prison'... ,memri.org,http://memri.org/bin/latestnews.cgi?ID=SD226309
2009-03-02,01:06:29,81821,13,Uganda’s epidemic of child sacrifice,independent.co.ug,http://www.independent.co.ug/index.php/society/society/37-society/620-ugandas-epidemic-of-child-sacrifice
2009-03-02,07:50:16,81a9g,9,New 'Iron Curtain' will split EU's rich and poor ,timesonline.co.uk,http://www.timesonline.co.uk/tol/news/world/europe/article5828323.ece
2009-03-02,02:38:46,818mx,7,"The United States believes Iran has stockpiled enough nuclear fuel to make a bomb, U.S. Joint Chiefs of Staff Adm. Mike Mullen said on Sunday.",reuters.com,http://www.reuters.com/article/topNews/idUSTRE5201GO20090301
2009-03-01,16:28:38,815yo,6,Palestinian militants in the Gaza Strip have reportedly fired five rockets over the border into Israeli territory but there is no indication of casualties.,news.bbc.co.uk,http://news.bbc.co.uk/2/hi/middle_east/7916555.stm
2009-03-01,10:32:55,814ga,9,"Israel claims that it will stop settlement expansion in Palestinian controlled West Bank, continues to expand settlements",btselem.org,http://www.btselem.org/english/settlements/20090227_settlement_expansion.asp
2009-03-01,09:19:16,8144l,6,Give to the rich to help the poor?,guardian.co.uk,http://www.guardian.co.uk/commentisfree/2009/feb/28/tax-avoidance-aid
2009-03-02,02:22:47,818jh,7,Colombia discovers Farc hideouts,news.bbc.co.uk,http://news.bbc.co.uk/2/hi/americas/7917622.stm
2009-03-01,23:42:05,817l9,7,"Gaza aid troubled by logistics, closures, disunity",uk.reuters.com,http://uk.reuters.com/article/burningIssues/idUKTRE5201HB20090301
2009-03-01,08:20:42,813ui,5,"Bangladesh mutineers could face gallows - ""They started unjustified killing,"" one angry colonel said. ""Now they will see what justified killing is."" ",telegraph.co.uk,http://www.telegraph.co.uk/news/worldnews/asia/bangladesh/4885464/Bangladesh-mutineers-could-face-gallows.html
2009-03-01,15:48:07,815sg,5,Walk This Way: Proof of Man's First Footprints at Least 1.5 Million Years Old,abcnews.go.com,http://abcnews.go.com/International/story?id=6972238&page=1
2009-03-01,19:10:48,816gt,7,Olmert threatens strong response to Gaza rockets,google.com,http://www.google.com/hostednews/ap/article/ALeqM5ioi_0jtO9RjMwPNRoXNCndRPRq3gD96L61V83
2009-03-01,12:32:52,814zg,8,'Chivalrous' Saudi Men Have Nurses Slapped on their Behalf...,arabnews.com,http://www.arabnews.com/?page=13&section=0&article=119542&d=28&m=2&y=2009
2009-03-01,16:53:53,8161t,5,"The Indian police and army kill thousands in shootouts every year, from terrorists to petty thieves.",nytimes.com,http://www.nytimes.com/2009/03/01/weekinreview/01pepper.html?ref=asia
