2009-10-16,17:08:37,9ums7,705,Blackwater used 'child prostitutes in Iraq',presstv.ir,http://www.presstv.ir/detail.aspx?id=102887&sectionid=3510203
2009-10-16,22:49:29,9upe1,694,Uruguay has become the first country to provide a laptop for every child attending state primary school. And they're running Linux.,news.bbc.co.uk,http://news.bbc.co.uk/2/hi/technology/8309583.stm
2009-10-16,00:38:53,9udgd,345,Africa's Atrocities in Pictures [Graphic NSFW],environmentalgraffiti.com,http://www.environmentalgraffiti.com/featured/africa-atrocities-pictures/15969
2009-10-17,01:29:34,9urbp,113,"A Russian academic investigating the fate of ethnic Germans deported by Stalin during World War II was arrested and ordered to remain silent by the FSB, who seized his research.",news.bbc.co.uk,http://news.bbc.co.uk/2/hi/europe/8311335.stm
2009-10-16,01:19:34,9udz5,87,On a date in Tehran,news.bbc.co.uk,http://news.bbc.co.uk/2/hi/middle_east/8285777.stm
2009-10-16,18:13:15,9un93,79,Baby survives being run over by a train (video) [potentially quite distressing],news.bbc.co.uk,http://news.bbc.co.uk/1/hi/world/asia-pacific/8310051.stm
2009-10-16,19:13:53,9unnx,81,"Canadian health care — it's their right: In contrast to the US, where health care is a commodity, Canada has, so far, treated it like a human right.",globalpost.com,http://www.globalpost.com/dispatch/canada/091013/canadas-front-row-seats-the-american-war-over-health-care
2009-10-17,01:06:39,9ur1g,60,Charlie Brooker: Why there was nothing 'human' about Jan Moir's column on the death of Stephen Gately,guardian.co.uk,http://www.guardian.co.uk/commentisfree/2009/oct/16/stephen-gately-jan-moir
2009-10-16,13:23:24,9ul0n,42,"Israel's PM: If UN backs war crimes accusations there will be no chance of peace in Middle East
",belfasttelegraph.co.uk,http://www.belfasttelegraph.co.uk/news/world-news/israel-war-crimes-vote-could-smash-peace-bid-14534042.html?a=11121
2009-10-17,02:20:56,9urx0,35,"A Russian survey shows that more than 40% favor a leader with ""an iron fist"" to democracy.",news.bbc.co.uk,http://news.bbc.co.uk/2/hi/europe/8311189.stm
2009-10-17,02:35:04,9us2s,23,Twitter storm over 'vile' Daily Mail column on gay singer’s death. Press Complaints Council approaches record number of complaints.,guardian.co.uk,http://www.guardian.co.uk/media/2009/oct/16/stephen-gately-jan-moir-complaints
2009-10-16,23:20:45,9upr1,22,"Bosnia's war crimes court gives former Serb officer Milorad Trbic 30 years for killing dozens and taking part in the persecution and detention of thousands during the 1995 Srebrenica massacre of some 8,000 Muslims, but acquits him of genocide charges due to lack of evidence",reuters.com,http://www.reuters.com/article/worldNews/idUSTRE59F2TO20091016
2009-10-16,14:44:30,9uloi,18,"Chavez: Hilton owners were cheeky, so we seized hotel (Not onion)",rawstory.com,http://rawstory.com/2009/10/chavez-hilton-owners-were-cheeky-so-we-seized-hotel/
2009-10-16,20:10:50,9uo1b,19,Jan Moir - possibly the most hated journalist in the UK right now? Read the comments...,dailymail.co.uk,http://www.dailymail.co.uk/femail/article-1220756/Why-natural-Stephen-Gatelys-death.html
2009-10-17,05:13:31,9utqw,15,"The Pakistani military is setting its sights on the Taliban's remote sanctuary after nearly two weeks of big bombings across the country, as hundreds flee the Afghan border region each day before what promises to be the army's riskiest offensive yet.",news.yahoo.com,http://news.yahoo.com/s/ap/20091016/ap_on_re_as/as_pakistan
2009-10-17,03:55:46,9uswd,15,"Britain, the US, and Torture: David Miliband is Still a Liar",enduringamerica.com,http://enduringamerica.com/2009/10/16/britain-the-us-and-torture-david-miliband-is-still-a-liar/#more-19355
2009-10-16,08:08:54,9uigk,15,UK: Carter-Ruck in new move to stop Trafigura debate in parliament.,guardian.co.uk,http://www.guardian.co.uk/uk/2009/oct/15/carter-ruck-trafigura-parliament-injunction
2009-10-16,12:53:08,9uks8,13,"One in six of world's population is now going hungry: ""At a time when there are more hungry people in the world than ever before, there is less food aid than we have seen in living memory.""",cnn.com,http://www.cnn.com/2009/HEALTH/10/15/un.world.hunger/index.html
2009-10-17,06:11:18,9uuba,12,British court orders release of U.S. intelligence details on torture allegations,rawstory.com,http://rawstory.com/2009/10/british-court-orders-release-of-u-s-intelligence-details-on-torture-allegations/
2009-10-16,22:53:13,9upfp,12,"""Sri Lanka refugees, we have lived in forest for one month. Please, sir, please take us to a country. It's OK if it is not Australia... We can't live in Sri Lanka,"" said a nine-year-old girl, Brinda, who is moored with more than 250 Tamil asylum seekers. Australia's PM is not impressed.",news.bbc.co.uk,http://news.bbc.co.uk/2/hi/asia-pacific/8309998.stm
2009-10-16,23:10:19,9upmh,12,"South Sudan has achieved a breakthrough in talks with the north over terms for a referendum. It would now only need a simply majority with two-thirds voting, instead of the 75% in favor previously insisted upon by the north.",news.bbc.co.uk,http://news.bbc.co.uk/2/hi/africa/8310928.stm
2009-10-16,08:43:09,9uir3,9,"With friends like the US, Pakistan doesn't need enemies...",guardian.co.uk,http://www.guardian.co.uk/commentisfree/cifamerica/2009/oct/15/pakistan-washington
2009-10-16,22:29:55,9up5w,10,"Venezuela - After ""the firing
of 17 prosecutors, the attempted kidnapping of a judge's children, and the
full bore effort of the state to fake a case against an innocent man,"" the court asks for Eligio Cedeño' immediate release.",reuters.com,http://www.reuters.com/article/pressRelease/idUS170536+15-Oct-2009+PRN20091015
2009-10-17,01:31:19,9urcl,8,"Iraq: After the mosque's imam began to speak, the attacker pulled out a gun and shot him, then set off a belt full of explosives as other worshipers tried to tackle him; 12 killed, 67 wounded",google.com,http://www.google.com/hostednews/afp/article/ALeqM5iB7HZMHPeGPCJCOZ8hCAgTY2BV2A
2009-10-17,06:19:52,9uudq,8,UN rights council endorses damning Gaza report,google.com,http://www.google.com/hostednews/afp/article/ALeqM5gsdjgCX2JtwyHVtOEKfuVieGZaLw
2009-10-16,08:09:47,9uigq,9,Japan to withdraw ships from Afghanistan support role,timesonline.co.uk,http://www.timesonline.co.uk/tol/news/world/asia/article6875642.ece#cid=OTC-RSS&attr=797093
2009-10-16,23:08:21,9uplr,5,"Despite protests from Israel, the U.N. Human Rights Council has endorsed the Goldstone report. The report calls for the U.N. Security Council to refer the matter to the International Criminal Court if the Israelis or Palestinians fail to investigate the alleged abuses themselves.",reuters.com,http://www.reuters.com/article/worldNews/idUSTRE59F2FE20091016
2009-10-16,21:04:51,9uoep,7,UN Human Rights Council approved Goldstone Gaza report accusing Israel and Hamas of war crimes.,haaretz.com,http://www.haaretz.com/hasen/spages/1121610.html
2009-10-16,21:29:18,9uom8,4,"Sri Lankan government delays annual budget. ""In a cynical manoeuvre designed to hoodwink voters prior to elections next year, the Sri Lankan government has announced that it will not bring down its annual budget for 2010 next month as is usually the case...""",wsws.org,http://www.wsws.org/articles/2009/oct2009/sril-o16.shtml
2009-10-16,23:07:21,9uplh,5,The UN Human Rights Council has backed a report into the Israeli war in Gaza that accuses Israel of war crimes - Can you guess who opposed or didn't vote for the resolution?,news.bbc.co.uk,http://news.bbc.co.uk/2/hi/middle_east/8310754.stm
