2009-11-13,15:52:59,a3xn6,986,"""The idea that an oil company was participating in the drafting of the Iraqi Constitution leaves me speechless""",nytimes.com,http://www.nytimes.com/2009/11/12/world/middleeast/12galbraith.html?bl
2009-11-13,22:43:34,a417u,272,"The Mexican Civil War broke out three years ago. Total dead are now around 14,000 and the government might be on the verge of collapse. This isn't in some alternate Universe. This is really happening.",theatlantic.com,http://www.theatlantic.com/doc/200912/mexico-drugs
2009-11-14,05:04:27,a45of,159,Huge rise in birth defects in Falluja,guardian.co.uk,http://www.guardian.co.uk/world/2009/nov/13/falluja-cancer-children-birth-defects
2009-11-14,01:31:32,a43al,91,"The gang hurled racist abuse at him, constantly referring to the colour of his skin, yet police refused to classify the attack as racially-motivated -- Teen savagely beaten by a gang of 15 youths.
",thepressnews.co.uk,http://www.thepressnews.co.uk/NewsDetails.asp?id=3925
2009-11-13,23:12:01,a41iy,87,"Incredible. Right now, even Liberia's national parliament doesn't have a full copy of the law. Why not? Because the few volumes that do exist have been quietly copyrighted -- and subsequently held ransom -- by Philip Banks, the man in charge of Liberia's legal reform.",foreignpolicy.com,http://www.foreignpolicy.com/articles/2009/11/12/hes_got_the_law_literally_in_his_hands
2009-11-13,08:56:02,a3twc,56,'I agreed to become a suicide bomber' - 14 year old boy | BBC NEWS,news.bbc.co.uk,http://news.bbc.co.uk/2/hi/south_asia/8357011.stm
2009-11-13,20:56:12,a4036,53,Ex-soldier faces jail for handing in gun,thisissurreytoday.co.uk,http://www.thisissurreytoday.co.uk/news/Ex-soldier-faces-jail-handing-gun/article-1509082-detail/article.html
2009-11-13,07:55:41,a3tee,37,Sell drugs in shops - UK think tank,news.bbc.co.uk,http://news.bbc.co.uk/2/hi/uk_news/8357082.stm
2009-11-13,23:57:54,a4249,40,"Switzerland's federal data protection commissioner wants Google to ensure that all faces and car plates are blurred, remove pictures of enclosed areas such as walled gardens and private streets, and declare at least one week in advance which town and cities it plans to photograph and post online.",finance.yahoo.com,http://finance.yahoo.com/news/Swiss-privacy-watchdog-to-sue-apf-1715166627.html?x=0&.v=9
2009-11-13,18:05:18,a3yqe,26,"Researchers find 2 Japanese supersubmarines, designed to launch two folding-wing bombers on kamikaze missions against U.S. cities, sunk by U.S. at end of World War II",chicagotribune.com,"http://www.chicagotribune.com/news/chi-tc-nw-japan-subs-1112-1113nov13,0,1450954.story"
2009-11-14,01:35:41,a43bz,29,Israel 'personally attacking human rights group' after Gaza war criticism,guardian.co.uk,http://www.guardian.co.uk/world/2009/nov/13/israel-human-rights-watch-gaza
2009-11-13,23:26:11,a41ps,21,"In 1982, a Pakistani military C-130 left the western Chinese city of Urumqi with a highly unusual cargo: enough weapons-grade uranium for two atomic bombs...",washingtonpost.com,http://www.washingtonpost.com/wp-dyn/content/article/2009/11/12/AR2009111211060.html
2009-11-14,07:45:20,a474w,18,"A Spanish region's new approach to sex education has provoked anger by suggesting children be taught ""self-exploration and self-pleasure"".",news.bbc.co.uk,http://news.bbc.co.uk/2/hi/europe/8358629.stm
2009-11-13,21:45:12,a40lq,17,"Saudis bombard Yemeni rebels, now Some 240 villages in Saudi Arabia have been evacuated and scores of schools closed due to fighting which has now spilled over from Yemen",reuters.com,http://www.reuters.com/article/homepageCrisis/idUSLD714190._CH_.2400
2009-11-13,20:33:38,a3zvz,14,Costa Rica may be the first country to go entirely carbon neutral,globalpost.com,http://www.globalpost.com/dispatch/costa-rica/091015/carbon-neutral-costa-rica
2009-11-14,02:00:39,a43mg,13,"The Nation: American People's Money being used to Sponsor Taliban - 12 Nov, 09",youtube.com,http://www.youtube.com/watch?v=0EnOQh2BkXA
2009-11-14,03:12:19,a44hm,13,"Since the Honduran coup d’etat systematic human rights violations have occurred. At least three people have vanished, nearly 10 have been extrajudicially executed, and hundreds of people have been detained. ",upsidedownworld.org,http://upsidedownworld.org/main/content/view/2040/68
2009-11-13,21:29:51,a40g1,13,Afghanistan Ambassador warns Obama against adding troops. It is about time as Obama asks for new options!,allvoices.com,http://www.allvoices.com/contributed-news/4612835-afghanistan-ambassador-warns-obama-against-adding-troops-it-is-about-time-as-obama-asks-for-new-options
2009-11-13,20:57:21,a403g,13,"Suicide bombers have struck at two headquarters run by Pakistan's security forces, killing at least 17 people",news.bbc.co.uk,http://news.bbc.co.uk/2/hi/south_asia/8358584.stm
2009-11-13,18:44:15,a3z05,13,How the US army protects its trucks – by paying the Taliban,guardian.co.uk,http://www.guardian.co.uk/world/2009/nov/13/us-trucks-security-taliban
2009-11-14,07:09:03,a46v5,9,China accused of Abuses in Secret Jails. The jails were secret because officials in China are subject to a national civil service system that penalizes them based on the number of complaints received in Beijing about them.,nytimes.com,http://www.nytimes.com/2009/11/13/world/asia/13china.html?scp=4&sq=China&st=cse
2009-11-14,04:32:37,a45cx,10,"Drug Trafficker and Mexico’s most wanted man, Joaquin “El Chapo Guzman, has made the list of Forbes Most Powerful People",trueslant.com,http://trueslant.com/harmonleon/2009/11/13/mexicos-most-wanted-makes-forbes-most-powerful-list/
2009-11-13,15:37:54,a3xid,7,"Nytimes tells Germany to get bent: ""In the spirit of this discussion, I trust that you will not mention my clients’ names in your article""",nytimes.com,http://www.nytimes.com/2009/11/13/us/13wiki.html?partner=rss&emc=rss&pagewanted=print
2009-11-14,02:31:39,a4409,8,"China's ghost city and ghost mall - who you gonna 
call?",futurenewstoday.blogspot.com,http://futurenewstoday.blogspot.com/2009/11/chinas-ghost-economy.html
2009-11-14,03:53:47,a44yk,5,Suspected Hemorrhagic Pneumonia Outbreak Hits Ukraine,afterdowningstreet.org,http://www.afterdowningstreet.org/node/47712
2009-11-13,11:39:14,a3vdq,8,Canadian Soldiers out of Kandahar by 2011: defence chief,cbc.ca,http://www.cbc.ca/canada/nova-scotia/story/2009/11/10/natynczyk-afghanistan.html
2009-11-14,04:28:17,a45b5,7,Prison officer jailed for having inmate's baby,independent.co.uk,http://www.independent.co.uk/news/uk/crime/prison-officer-jailed-for-having-inmates-baby-1820313.html
2009-11-13,17:19:43,a3ybj,6,"Federal prosecutors seek the forfeiture of Islamic centers, mosques and other properties they accuse of funneling money to an Iranian bank involved in Tehran's nuclear program.",latimes.com,"http://www.latimes.com/news/nationworld/nation/la-na-mosque-seizures13-2009nov13,0,3625317.story"
2009-11-14,06:22:44,a46fn,6,"The United Nations Population Fund will continue to help the Vietnamese Government on issues of population growth and the imbalance of the genders, and to supply scientific data to develop its population policy.",english.vovnews.vn,http://english.vovnews.vn/Home/UNFPA-assists-Vietnam-to-solve-population-issue/200911/109712.vov
2009-11-14,04:25:15,a45a7,6,China Cleans Chemical Spills After Ship Accidents,eco-can.ca,http://www.eco-can.ca/eco-news/2009/11/13/china-cleans-chemical-spills-after-ship-accidents.html
