2009-07-22,17:28:18,93fi9,1465,Israeli cell phone ad shows friendly game of Israeli-Palestinian football over the Wall.  Palestinians test it out; kick ball over wall.  Salvo of tear gas grenades fired in return.   Includes video.   LOL. ,haaretz.com,http://www.haaretz.com/hasen/spages/1102059.html
2009-07-22,04:06:28,939ag,626,Chevron getting hit with $27B fine for destroying Ecuador's rain forest: Chevron has no plans to pay it,businessinsider.com,http://www.businessinsider.com/chevron-may-lose-27-billion-lawsuit-expects-to-pay-nothing-2009-7
2009-07-23,01:11:38,93jm4,148,"Human rights activist Natalia Estemirova was the conscience of Chechnya. Tuesday morning, as she walked out of her house, she was dragged into an unmarked white Lada, screaming vainly for help.",foreignpolicy.com,http://www.foreignpolicy.com/articles/2009/07/16/and_then_there_were_none
2009-07-23,05:44:45,93ms6,55,Israel cuts 1948 'catastrophe' from Arabic textbooks,news.yahoo.com,http://news.yahoo.com/s/ap/20090722/ap_on_re_mi_ea/ml_israel_arab_textbooks
2009-07-22,14:14:28,93e5d,40,Darkness envelops Asia during total eclipse,cnn.com,http://www.cnn.com/2009/WORLD/asiapcf/07/21/solar.eclipse/
2009-07-23,04:25:27,93lyi,37,"Amnesty: Saudi Arabia is holding more than 3,000 people in secret detention and has used torture to extract confessions",news.yahoo.com,http://news.yahoo.com/s/ap/20090722/ap_on_re_mi_ea/ml_saudi_human_rights_2
2009-07-23,01:36:12,93jws,30,"Because of ethnocentric Israeli land ownership 
laws, most Arabs can't buy most homes in West 
Jerusalem, despite Netanyahu's claims to the 
contrary, made in response to the U.S. request to 
halt a Jewish construction project in East Jerusalem.",haaretz.com,http://www.haaretz.com/hasen/spages/1101682.html
2009-07-22,12:34:52,93de7,25,Amnesty International has strongly criticised Saudi Arabia over abuses allegedly committed under its counter-terrorism program.,news.bbc.co.uk,http://news.bbc.co.uk/2/hi/middle_east/8162256.stm
2009-07-22,09:51:04,93c7g,24,France has summoned the Israeli ambassador in Paris to demand a halt of Jewish settlement in east Jerusalem,news.xinhuanet.com,http://news.xinhuanet.com/english/2009-07/22/content_11747957.htm
2009-07-22,11:39:45,93cz4,20,"""Israel leaves the inhabitants of the West bank thirsty"" while on the other side of the fences Palestinians see ""green lawns and sprinklers irrigating the whole day""",normanfinkelstein.com,http://www.normanfinkelstein.com/while-our-spigots-let-the-water-run-full-blast/
2009-07-23,03:39:45,93lfo,20,The longest solar eclipse of the century - The Big Picture - Boston.com,boston.com,http://www.boston.com/bigpicture/2009/07/the_longest_solar_eclipse_of_t.html
2009-07-22,13:45:07,93dxe,17,"Brazil Official
Reportedly Calls
Israeli Foreign
Minister a Fascist",myfoxla.com,http://www.myfoxla.com/dpp/news/world/Brazil_Official_Reportedly_Calls_Israeli_Foreign_Minister_a_Fascist_04258678
2009-07-22,17:17:29,93fft,16,The boy was afraid. He was standing in front of his grandmother's house when police took him to the CID. After three hours he contacted us...,gulfnews.com,http://www.gulfnews.com/nation/Police_and_The_Courts/10333560.html
2009-07-23,00:46:58,93jbw,17,Israeli Prime Minister Benjamin Netanyahu has reaffirmed his government's five foundations for peacemaking with the Palestinians in a speech to parliament.  Here are the five.,reuters.com,http://www.reuters.com/article/worldNews/idUSTRE56L44D20090722
2009-07-22,22:54:28,93i41,17,Iran VP pick too friendly toward Israel?  Supreme leader orders President Ahmadinejad to dismiss his deputy.,msnbc.msn.com,http://www.msnbc.msn.com/id/32081806/ns/world_news-mideastn_africa/
2009-07-22,12:49:49,93di1,14,Israel to declare as state property West Bank land that has emerged as a result of Dead Sea shrinkage,talkingpointsmemo.com,http://www.talkingpointsmemo.com/news/2009/07/israel_to_declare_dead_sea_shore_state_land_peace.php?ref=fpc
2009-07-23,06:39:40,93nat,15,No more Namibia: China blocks search results for entire country,opennet.net,http://opennet.net/blog/2009/07/no-more-namibia-china-blocks-search-results-entire-country
2009-07-22,18:50:37,93g33,14,Quake moves New Zealand towards Australia,news.bbc.co.uk,http://news.bbc.co.uk/1/hi/world/asia-pacific/8162628.stm
2009-07-23,05:39:16,93mq0,13,"Georgy Gongadze, an outspoken critic of the Ukrainian government, was kidnapped in September 2000. His decapitated body was found near Kiev two weeks later. Now, a former top Ukrainian interior ministry official has confessed to the crime and implicated other senior Ukrainian officials.",channelnewsasia.com,http://www.channelnewsasia.com/stories/afp_world/view/444148/1/.html
2009-07-22,22:46:07,93i0l,12,Israel to use Hitler shot for PR,news.bbc.co.uk,http://news.bbc.co.uk/1/hi/world/middle_east/8162841.stm
2009-07-23,03:19:20,93l6f,10,"US to escalate military presence in Colombia causing increases in tension with neighbors such as Venezuela, Ecuador, etc.",nytimes.com,http://www.nytimes.com/2009/07/23/world/americas/23colombia.html
2009-07-22,08:25:59,93bm9,12,"“They want to turn these guys into assassins,” a former high-level intelligence officer told me. “They want to go on rumors—not facts—and go for political effect, and that’s what the Special Forces Command is really afraid of.""",newyorker.com,http://www.newyorker.com/online/blogs/newsdesk/2009/07/close-read-seymour-hersh-assassinations.html#entry-more
2009-07-23,00:59:33,93jgy,8,"Clinton urges ‘irreversible’ steps from N. Korea - Pyongyang is told to dismantle main reactor, surrender plutonium stockpile",msnbc.msn.com,http://www.msnbc.msn.com/id/32083574/ns/world_news-asiapacific/
2009-07-23,07:50:32,93nv6,9,"The word ""regime"" and lazy foreign policy. Why do we call Iran a ""regime,"" and not Saudi Arabia? And why North Korea and not Belarus?",trueslant.com,http://trueslant.com/joshuakucera/2009/07/20/who-are-you-calling-a-regime/
2009-07-22,22:49:13,93i1v,11,A Chinese man suspected of stealing a prototype for the fourth generation iPhone has committed suicide.,news.bbc.co.uk,http://news.bbc.co.uk/2/hi/asia-pacific/8162325.stm
2009-07-23,00:47:18,93jc3,9,Ahmadinejad creating a rift with Supreme Leader over in-law vice president,latimes.com,"http://www.latimes.com/news/nationworld/world/la-fg-iran-protests22-2009jul22,0,7268956.story?track=notottext"
2009-07-22,22:53:39,93i3q,10,Study: Mexican immigration to U.S. drops ,msnbc.msn.com,http://www.msnbc.msn.com/id/32079947/ns/us_news-life/
2009-07-23,03:19:10,93l69,8,These young girls have joined the women’s division of their local Basij.,chunnel.tv,http://chunnel.tv/news/1012/martyrdom-crush/
2009-07-23,06:26:09,93n67,6,The World from Berlin: 'Germany Has a Duty to Warn Israel on Settlements' - SPIEGEL ONLINE - News - International,spiegel.de,"http://www.spiegel.de/international/world/0,1518,637591,00.html"
2009-07-22,14:18:18,93e6e,10,Scaremongering officials are leading us to lose all sense of proportion and waste resources. People should take an aspirin,guardian.co.uk,http://www.guardian.co.uk/commentisfree/2009/jul/21/swine-flu-fear-deaths
