2009-10-11,05:39:45,9st3u,808,Man donates rape reward to victim,news.bbc.co.uk,http://news.bbc.co.uk/1/hi/england/devon/8300451.stm
2009-10-12,05:51:36,9t15e,168,CERN physicist from LHC team admits links with al-Qaida,guardian.co.uk,http://www.guardian.co.uk/world/2009/oct/11/french-cern-physicist-admits-al-qaida-links
2009-10-11,22:05:21,9sy46,92,"France: Why Telecom workers kill themselves - In their suicide notes, some 24 French victims blame workplace climate.",globalpost.com,http://www.globalpost.com/dispatch/france/091009/france-telecom-suicides
2009-10-11,16:15:07,9swlt,34,Turkey has canceled an annual NATO drill that was to have taken place this week because it opposed Israeli participation,ynet.co.il,"http://www.ynet.co.il/english/articles/0,7340,L-3788011,00.html"
2009-10-11,20:41:50,9sxq7,25,Mexico´s LyFC ( company that supplies electric power to four central states and the capital ) is disappeared and installations raided  by federal police.Problems with union ahead.,edition.cnn.com,http://edition.cnn.com/2009/WORLD/americas/10/11/mexico.utility.company.raid/
2009-10-11,14:19:33,9svzb,18,"Militants dead, arrested as Pakistan Army HQ siege ends",abc.net.au,http://www.abc.net.au/news/stories/2009/10/11/2710793.htm
2009-10-11,13:06:10,9svkg,10,Pakistani security forces rescue hostages held by militants.,news.bbc.co.uk,http://news.bbc.co.uk/2/hi/south_asia/8301175.stm
2009-10-12,02:09:06,9szo3,11,Mexican Mayor Latest Drug War Casualty,motherjones.com,http://www.motherjones.com/mojo/2009/10/mayor-palomas-another-casualty-drug-war
2009-10-11,12:18:49,9svap,10,Turkey and Armenia sign accords to normalize relations,reuters.com,http://www.reuters.com/article/vcCandidateFeed1/idUSTRE59A01R20091011
2009-10-12,05:01:39,9t0u9,6,"Israel to Palestinians: If you don't want to be collectively punished, forget supporting a UN investigation of Gaza war collective punishment   ",huffingtonpost.com,http://www.huffingtonpost.com/2009/10/09/goldstone-report-palestin_n_315771.html
2009-10-11,04:48:11,9sssw,7,"In Afghanistan, more women are driving",latimes.com,"http://www.latimes.com/news/nationworld/world/la-fg-afghan-driving10-2009oct10,0,1767329.story"
2009-10-12,07:00:47,9t1ks,4,Sick soldier dies of cancer after being given smoker's lungs in transplant. Lungs had cancer before implanted. ,dailymail.co.uk,http://www.dailymail.co.uk/news/article-1219542/Sick-soldier-dies-given-smokers-lungs-transplant.html
2009-10-11,12:51:22,9svhj,3,Colombia renames their disgraced intelligence agency to Central Intelligence Agency.  I guess they no longer feel compelled to maintain their facade of sovereignty.,colombiareports.com,http://colombiareports.com/colombia-news/news/6316-das-to-become-colombias-central-intelligence-agency.html
2009-10-12,05:16:18,9t0xl,2,IRAQ Bomb attack on Sunni Imam: killed because he criticized Al-Qaeda,asianews.it,http://www.asianews.it/index.php?l=en&art=16555&size=A
2009-10-12,02:08:14,9sznu,3,Damage to UK Prime Minister Gordon Brown's eye raises questions about his future - is he preparing the ground for an exit strategy,independent.co.uk,http://www.independent.co.uk/news/uk/politics/damage-to-browns-eye-raises-questions-about-his-future-1801004.html
2009-10-12,05:17:41,9t0xu,3,"CHINA Death sentence for a Chinese Han, at the origin of Xinjiang clashes",asianews.it,http://www.asianews.it/index.php?l=en&art=16554&size=A
2009-10-11,11:28:42,9sv0p,2,Turkey and Armenia to Re-Establish Diplomatic Ties Today: Historic accord signed following last minute intervention from Secretary of State Hillary Clinton.,bradblog.com,http://www.bradblog.com/?p=7459
2009-10-11,12:35:50,9svee,3,"UN Charter: Members shall refrain… from the threat or use of force against the territorial integrity or political independence of any state... The Sec Council shall determine the existence of any threat to the peace… and shall make recommendations, or decide what measures shall be taken",ynetnews.com,"http://www.ynetnews.com/articles/0,7340,L-3787724,00.html?"
2009-10-11,14:33:23,9sw23,1,"Pakistan army frees 30 at army HQ, ending siege",google.com,http://www.google.com/hostednews/ap/article/ALeqM5hkiMxbHNH0BqgpWA2ZG6VD6wVTmAD9B8LPU80
2009-10-11,09:51:17,9suhx,1,No Afghan Involved In 9/11 Attacks: Afghan Warlord,news.ino.com,http://news.ino.com/headlines/?newsid=100720090301
2009-10-12,04:59:57,9t0tv,1," Islam, Israel and the United States ",online.wsj.com,http://online.wsj.com/article/SB10001424052748703298004574457452301729982.html?mod=djemEditorialPage
2009-10-12,04:49:58,9t0s9,0,"For all the Russian nationalism in last night's Russia vs. Germany World Cup qualifier, the Russian team was sponsored by Volkswagen",trueslant.com,http://trueslant.com/juliaioffe/2009/10/11/best-sponsorship-ever/
2009-10-11,17:31:20,9swy3,0,Palestinians don't want 3rd intifada,jpost.com,http://www.jpost.com/servlet/Satellite?cid=1255204766440&pagename=JPost%2FJPArticle%2FShowFull
2009-10-11,20:21:36,9sxm3,1,2-child norm: Acharya strikes the moderate note,expressbuzz.com,http://www.expressbuzz.com/edition/story.aspx?Title=2-child+norm:+Acharya+strikes+the+moderate+note&artid=z1fkMsxhi/Y=&SectionID=7GUA38txp3s=&MainSectionID=fyV9T2jIa4A=&SectionName=zkvyRoWGpmWSxZV2TGM5XQ==&SEO=
2009-10-11,13:54:47,9svug,0,South Africa: ANC's coup in Kennedy Road; Shack dwellers: `Our movement is under attack!',links.org.au,http://links.org.au/node/1293
2009-10-11,23:56:59,9sysx,1,Millions of reasons for celebration - or concern,theage.com.au,http://www.theage.com.au/national/millions-of-reasons-for-celebration--or-concern-20090918-fvf2.html
2009-10-11,21:50:52,9sy1y,1,Racing Time and Taliban to Rebuild in Pakistan,nytimes.com,http://www.nytimes.com/2009/10/11/world/asia/11swat.html
2009-10-12,01:49:06,9szj1,0,Afghan Hezbollah?  An alternative Approach,blogs.law.harvard.edu,http://blogs.law.harvard.edu/mesh/?p=1352#comment-4248
2009-10-11,15:00:57,9sw88,0,New internet game rewards British citizens for being nosy and tyrannical.,dailymail.co.uk,http://www.dailymail.co.uk/news/article-1218225/Internet-game-awards-points-people-spotting-crimes-CCTV-cameras-branded-snoopers-paradise.html
2009-10-11,08:30:20,9su1z,0,Chinese Dissidents Disappointed By Obama’s Nobel Peace Prize,belowthebeltway.com,http://belowthebeltway.com/2009/10/10/chinese-dissidents-disappointed-by-obamas-nobel-peace-prize/
