2009-01-04,23:10:35,7navh,959,"Surprise surprise!  ""The United States late Saturday blocked approval of a U.N. Security Council statement calling for an immediate cease-fire in the Gaza Strip ...""",google.com,http://www.google.com/hostednews/ap/article/ALeqM5gJledWNoIBc43rLj-CsczJss5dXwD95G3Q387
2009-01-04,13:01:42,7n8ve,636,"Just A Reminder: Early in 2008, Vanity Fair Uncovered The Plot Paid For By The US State Department For Fatah To Create A Civil War In Gaza With Hamas",vanityfair.com,http://www.vanityfair.com/politics/features/2008/04/gaza200804/?
2009-01-04,10:54:54,7n8dg,396,"Hamas executes 35 Fatah members in Gaza, shoots 75 in legs, breaks others' hands",jpost.com,http://www.jpost.com/servlet/Satellite?cid=1230733155685&pagename=JPost%2FJPArticle%2FShowFull
2009-01-04,23:26:13,7naxw,205,"Amway's thinks that the heat's off and they can revitalize their brand. As a sibling of someone who was victimized by this company, I say over my dead body.",buffalonews.com,http://www.buffalonews.com/businesstoday/businessfinance/story/539662.html
2009-01-05,01:49:45,7nblk,83,Iran Threatens to Break Israel's Gaza Blockade!!,english.ohmynews.com,http://english.ohmynews.com/articleview/article_view.asp?article_class=16&no=384561&rel_no=1
2009-01-05,02:10:46,7nbpv,76,Depleted uranium found in Gaza victims: Norwegian Medics,presstv.ir,http://www.presstv.ir/detail.aspx?id=80443&sectionid=351020202
2009-01-04,23:44:27,7nb0e,61,"UN: Stop Israeli 'monstrosity' in Gaza - ""The United States has so far vetoed over 40 anti-Israel resolutions at the UN.""",presstv.ir,http://www.presstv.ir/detail.aspx?id=80436&sectionid=351020202
2009-01-05,02:18:15,7nbrd,29,Israel Attacks America  (1967),gtr5.com,http://www.gtr5.com/
2009-01-04,19:57:37,7na8a,32,"Israeli forces bisect Gaza, surround biggest city - Yahoo! News",news.yahoo.com,http://news.yahoo.com/s/ap/20090104/ap_on_re_mi_ea/ml_israel_palestinians;_ylt=AlYTslZB5J7OuXUfH6z8X.7Zn414
2009-01-04,19:45:47,7na74,25,"The French government insists a new generation of leftist extremists will soon launch a wave of sabotage and bombings. (And if the left won’t do it, covert ops will.)",guardian.co.uk,http://www.guardian.co.uk/world/2009/jan/04/france-government-left-wing-extremism
2009-01-04,13:31:38,7n8zr,26,US blocks UN statement calling for an immediate cease-fire in Gaza and southern Israel,msnbc.msn.com,http://www.msnbc.msn.com/id/28484148/
2009-01-05,06:17:27,7nd24,24,"'She's Home From Jail, But Lynddie England Can't Escape Abu Ghraib'",guardian.co.uk,http://www.guardian.co.uk/world/2009/jan/03/abu-ghraib-lynndie-england-interview
2009-01-04,15:04:47,7n9d8,22,U.S. blocks a UN Security Council resolution calling for an immediate cease-fire in the Gaza strip:,huffingtonpost.com,http://www.huffingtonpost.com/huff-wires/20090103/un-un-israel-palestinians/
2009-01-05,04:46:16,7ncl6,24,Gaza footage that was blocked in the US,rawstory.com,http://rawstory.com/news/2008/Leaked_graphic_video_shows_carnage_in_0104.html
2009-01-04,15:03:02,7n9cq,16,New York Mayor Michael Bloomberg is heading to Israel to show support for massacre of Palestinians,huffingtonpost.com,http://www.huffingtonpost.com/huff-wires/20090103/mayor-in-israel/
2009-01-05,02:01:49,7nbo0,15,Passport photograph of girl's bare shoulders rejected 'as it may offend',telegraph.co.uk,http://www.telegraph.co.uk/news/1526292/Passport-photograph-of-girl%27s-bare-shoulders-rejected-%27as-it-may-offend%27.html
2009-01-05,00:16:03,7nb62,14,Hamas ready for bitter urban battle ,news.bbc.co.uk,http://news.bbc.co.uk/2/hi/middle_east/7810506.stm
2009-01-04,22:44:09,7nart,14,China rattled by Sun King attack,timesonline.co.uk,http://www.timesonline.co.uk/tol/news/world/asia/china/article5432399.ece
2009-01-05,01:35:51,7nbiw,13,More home PCs expected to be hacked into by the police,thelabourparty.org,http://www.thelabourparty.org/hacking-pc.htm
2009-01-05,05:38:01,7ncue,12,Indonesia rocked by 7.6 magnitude quake,newsvulture.com,http://www.newsvulture.com/2009/01/04/indonesia-rocked-by-76-magnitude-quake/
2009-01-04,06:56:12,7n7gt,14,"Hamas Profile, I wish people read it before saying they support it",english.aljazeera.net,http://english.aljazeera.net/news/middleeast/2009/01/20091115216586178.html
2009-01-05,04:45:53,7ncl3,9,Whatever happened to avian flu?,cbc.ca,http://www.cbc.ca/health/story/2009/01/02/avian-flu.html
2009-01-04,17:07:16,7n9sa,9,"""Future historians will note that American society peaked in the late 1960s""",corporatemofo.com,http://corporatemofo.com/society_and_antisocial_tendenc/reality_bites.html
2009-01-04,15:30:09,7n9g8,6,"What a joke: After 400+ deaths, 2000+ wounded, Gaza in ruins, US tells Israel ""to be mindful of the potential consequences to civilians""!",google.com,http://www.google.com/hostednews/afp/article/ALeqM5iHG_zVh-sohlbGXhYVV-_rL5VUbQ
2009-01-05,01:07:49,7nbeu,5,Israel Newspaper Haaretz Calls for Diplomacy and Humanitarian Cease-Fire,haaretz.com,http://www.haaretz.com/hasen/spages/1052352.html
2009-01-05,07:11:16,7ndby,5,Suicide bomber strikes in Pakistan killing 7 and wounding 25.,newsvulture.com,http://www.newsvulture.com/2009/01/04/suicide-bomber-strikes-in-pakistan-killing-7-and-wounding-25/
2009-01-05,04:15:31,7ncfg,4,"Majority of women in India approve of wife-beating, according to National Family Health Survey data. (But there are large differences by wealth, education and region)",chutneyspears.blogspot.com,http://chutneyspears.blogspot.com/2008/12/ill-be-your-hero-baby.html
2009-01-05,03:45:08,7ncad,5,Video of Hamas using UN Ambulances to transport gunmen (watch until end),liveleak.com,http://www.liveleak.com/view?i=116_1231063776
2009-01-04,10:02:11,7n863,1,Ron Paul talks - Isreal invading Gaza,youtube.com,http://www.youtube.com/watch?v=08gTWqWrI4M
2009-01-04,22:06:38,7namr,2,Is the Real Target Hamas Rule?,nytimes.com,http://www.nytimes.com/2009/01/04/world/middleeast/04assess.html
