2009-09-18,21:41:20,9ltqk,1048,Young Jewish men in Israel have created a volunteer group which patrol malls and other public places to break up interracial dates (eg. Jewish-Arab dates.),jpost.com,http://www.jpost.com/servlet/Satellite?cid=1253198149221&pagename=JPost%2FJPArticle%2FShowFull
2009-09-18,13:24:45,9lpwo,486,"Shocking news: large corporation murders people, tries to get away with it",news.bbc.co.uk,http://news.bbc.co.uk/2/hi/programmes/newsnight/8259765.stm
2009-09-19,04:58:01,9lyc3,397,"The founder of the Jedi religion in Wales may file a religious discrimination lawsuit after being ejected from a supermarket for refusing to remove his hood. Mgmt fights nerdy: ""Obi-Wan Kenobi, Yoda and Luke Skywalker all appeared hoodless without ever going over to the Dark Side.""",guardian.co.uk,http://www.guardian.co.uk/world/2009/sep/18/jedi-religion-tesco-hood-jones
2009-09-19,05:30:22,9lyn4,113,Talk about Get Out of Jail Free: Monopoly's Hidden Maps Help World War II POWs Escape,abcnews.go.com,http://abcnews.go.com/Technology/monopolys-hidden-maps-wwii-pows-escape/story?id=8605905
2009-09-18,16:29:08,9lrdm,58,Thousands defy Iranian rally ban,news.bbc.co.uk,http://news.bbc.co.uk/2/hi/middle_east/8262273.stm
2009-09-19,01:05:58,9lvw5,40,"Why I threw the shoe: ""I am no hero. I just acted as an Iraqi who witnessed the pain and bloodshed of too many innocents""",guardian.co.uk,http://www.guardian.co.uk/commentisfree/2009/sep/17/why-i-threw-shoe-bush?
2009-09-19,07:56:05,9lzu6,37,"Iran broadcasts soccer game in black-and-white, without sound, just to hide protesters...",enduringamerica.com,http://enduringamerica.com/2009/09/18/qods-day-video-special-the-black-and-white-soccer-game/
2009-09-18,20:49:17,9lt9w,33,"""The U.S. intelligence community is reporting to the White House that Iran has not restarted its nuclear-weapons development program."" Somehow, Israel read this as ""nukes in one week.""",newsweek.com,http://www.newsweek.com/id/215529?
2009-09-18,23:49:10,9lv19,16,Denmark's dirty secret: State-owned Dong Energy trades on its green image at home while outsourcing the dirty end of its energy portfolio with coal-fired power stations elsewhere in Europe,guardian.co.uk,http://www.guardian.co.uk/environment/cif-green/2009/sep/17/greenwash-dong-energy
2009-09-18,23:35:33,9luvz,11,A group of prison guards dubbed the Facebook Five has gone to an Australian court to fight for the right to complain about their boss on the Internet,hosted.ap.org,http://hosted.ap.org/dynamic/stories/A/AS_AUSTRALIA_FACEBOOK_FIVE?SITE=CADIU&SECTION=HOME&TEMPLATE=DEFAULT
2009-09-18,23:56:10,9lv3z,10,Trafigura's attempts to gag the media prove that Britain's libel laws should be repealed,guardian.co.uk,http://www.guardian.co.uk/environment/georgemonbiot/2009/sep/17/trafigura-libel-laws
2009-09-19,03:13:47,9lxa9,9,A number of people in Azerbaijan were questioned by police after voting for a song by neighbouring Armenia in this year's Eurovision song contest.,news.bbc.co.uk,http://news.bbc.co.uk/1/hi/entertainment/8263437.stm
2009-09-19,04:32:31,9ly35,9,World's shortest man shuns limelight,news.bbc.co.uk,http://news.bbc.co.uk/2/hi/asia-pacific/8263899.stm
2009-09-18,15:33:46,9lqyn,10,Protests have started - The Latest from Iran (18 September): Qods Day,enduringamerica.com,http://enduringamerica.com/2009/09/18/the-latest-from-iran-18-september-qods-day/
2009-09-18,23:37:46,9lux1,7,Man accused of supplying prostitutes for Berlusconi parties is arrested in Italy,timesonline.co.uk,http://www.timesonline.co.uk/tol/news/world/europe/article6839933.ece#cid=OTC-RSS&attr=797093
2009-09-19,04:23:09,9lxzi,6,"Scotland: Management tries to force drivers to cross picket lines, suspends pay when they refuse. Night shift walks out, early shift walks out, unofficial strike then ""spread like wildfire"" to over 2000 employees.",socialistworker.co.uk,http://www.socialistworker.co.uk/art.php?id=19052
2009-09-18,22:07:14,9ltz2,5, India in touch with Israel over new attack tipoff,alertnet.org,http://www.alertnet.org/thenews/newsdesk/DEL364283.htm
2009-09-19,01:44:57,9lwcv,4,The nomadic pastoralists who live in the arid scrubland on the Kenya-Somalia border are being forced out of their traditional way of living by a succession of worsening droughts,guardian.co.uk,http://www.guardian.co.uk/world/video/2009/sep/13/kenya-nomads-drought
2009-09-19,01:21:16,9lw2r,3,Rising threat to aid agencies in Afghanistan,globalpost.com,http://www.globalpost.com/dispatch/worldview/090916/rising-threat-aid-agencies-afghanistan
2009-09-18,18:19:59,9ls4l,4,"Moving home is always a hassle, but for a monstrous Darwin crocodile it has caused more of a headache than usual.",abc.net.au,http://www.abc.net.au/news/stories/2009/09/18/2690057.htm
2009-09-18,12:30:41,9lphq,3,This will be good: Rod Blagojevich is going to be on The Daily Show next Thursday,thedailyshow.com,http://www.thedailyshow.com/
2009-09-18,18:41:59,9lsar,2,Nato chief reaches out to Russia ,news.bbc.co.uk,http://news.bbc.co.uk/2/hi/europe/8262515.stm
2009-09-18,11:13:46,9lowo,1,One in Seven Germans Want Berlin Wall Back,news.yahoo.com,http://news.yahoo.com/s/nm/20090917/od_nm/us_wall_odd
2009-09-19,07:08:20,9lzid,1,New Video Message: Al-Qaida Threatens Terror Attacks in Germany after Election,spiegel.de,"http://www.spiegel.de/international/germany/0,1518,649987,00.html"
2009-09-18,21:27:31,9ltle,1,"Thailand: The September 19 coup, three years on",links.org.au,http://links.org.au/node/1253
2009-09-19,04:48:56,9ly8v,2,"Terminally ill with prostate cancer, convicted Lockerbie bomber Abdelbaset Ali Al-Megrahi was released from prison on compassionate grounds and given a hero's welcome in Libya. So why is he still struggling to persuade Scotland of his innocence?",telegraph.co.uk,http://www.telegraph.co.uk/news/newstopics/politics/scotland/6206693/Lockerbie-relatives-condemn-Megrahi-website.html
2009-09-18,18:39:56,9ls9z,1,Protesters chant 'death to dictator' at annual Tehran rally,cnn.com,http://www.cnn.com/2009/WORLD/meast/09/18/iran.moussavi.quds/
2009-09-19,03:21:52,9lxdj,1,"Unable to Bridge Gaps, Officials Say Mideast Talks May Stall ",nytimes.com,http://www.nytimes.com/2009/09/19/world/middleeast/19mideast.html?_r=1&src=twt&twt=nytimes
2009-09-19,03:21:43,9lxdg,0,banking bonus bubble,monstersandcritics.com,http://www.monstersandcritics.com/news/europe/news/article_1501811.php/EU-aims-to-burst-the-bonus-bubble-1st-Lead
2009-09-18,14:35:27,9lqhl,1,China Rejects US Criticism of Its' Military,news.yahoo.com,http://news.yahoo.com/s/ap/20090918/ap_on_re_as/as_china_us_military
