2009-11-09,10:44:13,a2blt,752,"In honor of the 20th anniversary of the fall of the Berlin Wall, Palestinian demonstrators topple a part of the 8 meter settlement wall that cuts through their village.  Israel responds by shooting live ammunition at the protesters",palsolidarity.org,http://palsolidarity.org/2009/11/9226
2009-11-09,03:16:34,a28pp,262,Girl Guerrilla Fighter Photo Essay: 40% of the PKK in Iraq is female,timesonline.co.uk,http://www.timesonline.co.uk/tol/news/photo_galleries/article6360113.ece?slideshowPopup=true&articleId=6360113&nSlide=2&sectionName=WorldIraq
2009-11-09,21:03:51,a2gf9,243,Government's chief scientist backs David Nutt on cannabis - Telegraph,telegraph.co.uk,http://www.telegraph.co.uk/news/newstopics/politics/lawandorder/6495115/Governments-chief-scientist-backs-David-Nutt-on-cannabis.html
2009-11-10,06:36:44,a2mxe,210,"20 Years later, the residents of Eastern Europe have a simple question: “If capitalism is really so much better than Socialism, why are our lives still miserable?” ",nytimes.com,http://www.nytimes.com/2009/11/09/opinion/09zizek.html?_r=1
2009-11-09,02:07:44,a2876,83,"Turkey PM Erdogan announced he'll welcome Sudan's leader in spite of his Darfur indictment: ""It is not possible for those who belong to the Muslim faith to carry out genocide""",google.com,http://www.google.com/hostednews/ap/article/ALeqM5hapMQyBHCVVUGYFhwHNceZOs1SRgD9BRESC00
2009-11-10,02:31:08,a2kbe,65,OUTFOXED : Rupert Murdoch's War on Journalism,video.google.com,http://video.google.com/videoplay?docid=6737097743434902428
2009-11-10,01:42:46,a2joy,49,Official US Air Force Document Reveals the True Intentions Behind the US-Colombia Military Agreement,globalresearch.ca,http://www.globalresearch.ca/index.php?context=va&aid=15951
2009-11-10,06:17:56,a2mqe,36,"A court was played a 10 minute recording of a Wearside couple whose nightly sex sessions were said to have ruined the lives of neighbours. ""The noise sounds like they are both in considerable pain. I cannot describe the noise. I have never ever heard anything like it.""",news.bbc.co.uk,http://news.bbc.co.uk/1/hi/england/wear/8351405.stm
2009-11-09,08:20:35,a2amp,30,"Pro-rape Facebook group created by students at an elite all-male Australian college was up for several months, included tags such as ""anti-consent""",smh.com.au,http://www.smh.com.au/technology/elite-college-students-proud-of-prorape-facebook-page-20091108-i3js.html
2009-11-09,17:39:27,a2es3,22,The forgotten history of the Africans who fought in WWII,news.bbc.co.uk,http://news.bbc.co.uk/2/hi/africa/8344170.stm
2009-11-09,13:21:11,a2csm,21,"""If there is one issue where a global consensus seems to emerge from the survey it is this: there are majorities almost everywhere wanting government to be more active in regulating business.""",news.bbc.co.uk,http://news.bbc.co.uk/2/hi/in_depth/8347409.stm
2009-11-09,09:44:43,a2b75,18,BBC poll across twenty seven nations shows only 11% think that global capitalism is working.,news.bbc.co.uk,http://news.bbc.co.uk/2/hi/8347409.stm
2009-11-09,19:27:12,a2flq,23,"Cofee on the web - the forensic software the UK Police didn't want you to know about, is available on the web. Now to be used for data stealing? ",computerweekly.com,http://www.computerweekly.com/Articles/2009/11/09/238474/illegal-copies-of-microsoft-cofee-spills-onto-the-web.htm
2009-11-10,01:47:34,a2jr1,24,China Executes 9 for Role in Ethnic Riots,nytimes.com,http://www.nytimes.com/2009/11/10/world/asia/10xinjiang.html?_r=1
2009-11-09,22:58:35,a2hma,23,UK surveillance plan to go ahead,news.bbc.co.uk,http://news.bbc.co.uk/2/hi/uk_news/politics/8350660.stm
2009-11-10,07:20:33,a2nae,21,"AIPAC head who was indited for espionage, wants Obama and Netanyahu to stop talking about Palestinians and start talking about bombing the crap out of Iran.  ",foreignpolicy.com,http://www.foreignpolicy.com/articles/2009/11/09/obamas_middle_east_opporunity?
2009-11-10,00:02:20,a2ifp,18,Militants behead Philippine teacher.,theaustralian.com.au,http://www.theaustralian.com.au/news/world/militants-behead-philippine-teacher/story-fn3dxix6-1225795794724
2009-11-09,21:46:44,a2gtj,14,Iran charges three detained Americans with espionage ,reuters.com,http://www.reuters.com/article/newsOne/idUSTRE5A829G20091109
2009-11-09,18:23:16,a2f4k,16,"Mud and boulders loosened by heavy rains swept down a volcano and partly buried a small town, swallowing up homes as flooding and landslides across El Salvador killed at least 124 people",jpost.com,http://www.jpost.com/servlet/Satellite?cid=1257455213021&pagename=JPost%2FJPArticle%2FShowFull
2009-11-09,16:07:17,a2e2z,18,"Babies and Children, a threat to Israel?",haaretz.com,http://www.haaretz.com/hasen/spages/1126890.html
2009-11-09,20:52:54,a2gbv,14,Berlin Wall Anniversary: Many Berliners feel that the true cause for celebration has been overlooked,globalpost.com,http://www.globalpost.com/dispatch/germany/091108/berlin-wall-anniversary
2009-11-09,14:54:58,a2dis,15,"El Salvador flooding, mudslides kill 124",latimes.com,"http://www.latimes.com/news/nationworld/world/la-fg-hurricane-ida9-2009nov09,0,3688623.story"
2009-11-10,04:17:19,a2lhi,12,Burma claims it will release Aung San Suu Kyi,guardian.co.uk,http://www.guardian.co.uk/world/2009/nov/09/aung-san-suu-kyi-release
2009-11-09,22:49:09,a2hin,13,"Iranian anti-stoning campaigner awarded Dutch 
Human Rights 'Tulip'",rnw.nl,http://www.rnw.nl/english/article/iranian-anti-stoning-campaigner-awarded-dutch-human-rights-tulip
2009-11-09,13:22:27,a2csu,9,"Prime Minister of Turkey about Sudan's indicted President on crimes against humanity: ""Because a Muslim couldn't do such things. A Muslim could not commit genocide.""  Tell that to the 500,000 dead and increasing every day.",ca.news.yahoo.com,http://ca.news.yahoo.com/s/reuters/091108/world/international_us_oic_summit_bashir
2009-11-09,17:21:13,a2ems,7,Dalai Lama visits Arunachal Pradesh,news.bbc.co.uk,http://news.bbc.co.uk/2/hi/south_asia/8349174.stm
2009-11-10,00:24:40,a2iqj,7,The economic crisis has slowed down Lebanon's efforts to get rid of landmines.,globalpost.com,http://www.globalpost.com/dispatch/lebanon/091031/economic-crisis-lebanon-mines-hezbollah-cluster
2009-11-10,01:57:49,a2jwj,4,"African voice about criticism on Chinese investments on the continent
",allafrica.com,http://allafrica.com/stories/200911090450.html
2009-11-09,23:24:10,a2hyg,7,Raid on Romanian Bank Card Skimming Ring ,wired.com,http://www.wired.com/threatlevel/2009/11/romania/
2009-11-10,07:36:20,a2nep,5,"Israeli settlements: Where, when, and why they're built",csmonitor.com,http://www.csmonitor.com/2009/0915/p12s01-wome.html
