2009-08-18,06:54:15,9bimq,1655,A campaign to make the UK government officially apologize for castrating and driving to suicide Alan Turing - the man who helped break Nazi codes and revolutionize computing - just because he was a homosexual,manchestereveningnews.co.uk,http://www.manchestereveningnews.co.uk/news/s/1132035_campaign_to_win_official_apology_for_alan_turing
2009-08-17,03:18:53,9b5s6,1065,"3 Points for Germany! Random German tourists find my wallet and cellphone in Central Park, return to NYPD. Everything, incl. $180 cash, untouched.",self.worldnews,https://www.reddit.com/r/worldnews/comments/9b5s6/3_points_for_germany_random_german_tourists_find/
2009-08-18,05:10:47,9bhmn,226,UK Sharia courts have ruled that a man may have up to 4 wives; that a wife has no property rights in the event of divorce; that a woman may not leave her home without her husband's consent; and that a woman cannot marry without the presence and permission of a male guardian.,telegraph.co.uk,http://www.telegraph.co.uk/news/newstopics/religion/6034998/Why-must-we-bow-to-the-intolerant-ways-of-Islam.html
2009-08-18,05:49:07,9bi26,166,Nowhere in Fiji Water's marketing will you find reference to the typhoid outbreaks that plague Fijians; the corporate entities that they've set up in tax havens like the Cayman Islands; or  mention of the military junta for which Fiji Water is a major source of global recognition and legitimacy.,motherjones.com,http://www.motherjones.com/politics/2009/09/fiji-spin-bottle
2009-08-17,17:01:47,9baw1,135,Remember the radio stunt that revealed the rape of a 12 year old girl? The radio host broke the promise to donate money to a disabled boy's family.,news.com.au,"http://www.news.com.au/heraldsun/story/0,21985,25939807-661,00.html"
2009-08-17,21:59:42,9bcxd,80,Chinese villagers storm lead plant responsible for the poisoning of over 600 children,news.bbc.co.uk,http://news.bbc.co.uk/2/hi/asia-pacific/8204689.stm
2009-08-17,20:04:13,9bc2r,55,North Korea to Reopen Its Border to the South,nytimes.com,http://www.nytimes.com/2009/08/17/world/asia/17korea.html?hp
2009-08-17,21:29:41,9bcp1,57,"Wedding fire in Kuwait kills 43 and wounds 90, was done deliberately by angry ex-wife",smh.com.au,http://www.smh.com.au/world/exwife-confesses-to-deadly-wedding-blaze-report-20090817-enea.html
2009-08-17,16:17:31,9bakm,34,"Under the rules, swimmers – including non-Muslims – are barred from entering the pool in normal swimming attire.",telegraph.co.uk,http://www.telegraph.co.uk/news/newstopics/politics/6034706/Swimmers-are-told-to-wear-burkinis.html
2009-08-18,05:50:33,9bi2p,38,Talk about awkward. Rafsanjani sitting 1 seat away from Ahmadenijad.  What's the official protocol on this? [pics],latimesblogs.latimes.com,http://latimesblogs.latimes.com/babylonbeyond/2009/08/iran-ahmadinejad-and-rafsanjani-letting-bygones-be-bygones.html
2009-08-17,17:48:24,9bb61,31,"""the president had heard in a dream that witches had come to kill her and now they must pay the price""",timesonline.co.uk,http://www.timesonline.co.uk/tol/news/world/africa/article6797697.ece
2009-08-17,21:45:03,9bct3,31,"Mexico has replaced more than 1,000 customs agents at airports and border crossings with newly trained inspectors in a major crackdown on corruption.",news.bbc.co.uk,http://news.bbc.co.uk/2/hi/americas/8204577.stm
2009-08-18,03:01:56,9bgb3,25,"Afghan women fight for rights
",news.bbc.co.uk,http://news.bbc.co.uk/2/hi/south_asia/8204597.stm
2009-08-18,05:13:18,9bhnh,11,"US State Department refusing to pay more than £3 million in London congestion charge fines, citing diplomatic immunity to taxation.",timesonline.co.uk,http://www.timesonline.co.uk/tol/news/uk/article6799045.ece
2009-08-17,22:43:59,9bddh,14,"Oops: Did a math error doom FutureGen, the world's first clean-coal plant?",scientificamerican.com,http://www.scientificamerican.com/blog/60-second-science/post.cfm?id=oops-did-a-math-error-doom-futurege-2009-03-11
2009-08-17,21:47:28,9bctz,10,Nobel Prize winner Wole Soyinka says Nigeria is becoming a Failed State,naijafeed.com,http://www.naijafeed.com/naijafeed/2009/8/17/wole-soyinka-says-nigeria-is-becoming-a-failed-state.html
2009-08-18,06:46:36,9bik5,10,Oz: No-warrant terrorism raids proposed,abc.net.au,http://www.abc.net.au/news/stories/2009/08/12/2653998.htm?section=australia
2009-08-18,07:48:02,9bj2q,6,"Iraqi gays tortured, murdered: rights group",cbc.ca,http://www.cbc.ca/world/story/2009/08/17/iraq-anti-gay-attacks081709.html?ref=rss
2009-08-17,08:04:03,9b7ht,9,Canadian court orders government to demand the release of a Canadian citizen being held at Guantanamo Bay,news.bbc.co.uk,http://news.bbc.co.uk/2/hi/americas/8202294.stm
2009-08-18,05:59:34,9bi5i,8,US prosecutors charge a man with carrying out what they say is the largest case of identity theft in American history,news.bbc.co.uk,http://news.bbc.co.uk/2/hi/americas/8206305.stm
2009-08-17,22:52:44,9bdh0,5,Higher risk of cancer amongst redditors?,wcrf-uk.org,http://www.wcrf-uk.org/audience/media/press_release.php?recid=71
2009-08-17,19:49:09,9bbz6,6,"Credit card, gun, stolen from IDF Chief of Staff and sold to illegal arms dealers... and more army tragicomedy",trueslant.com,http://trueslant.com/nealungerleider/2009/08/17/credit-card-gun-stolen-from-idf-chief-of-staff-gabi-ashkenazi/
2009-08-18,06:27:09,9bidx,3,"There is probably no more hostile environment to 
mental health treatment than the military.",mindhacks.com,http://www.mindhacks.com/blog/2009/08/standing_together_ag.html
2009-08-18,02:14:43,9bfsk,5,Asia faces an unprecedented food crisis and huge social unrest unless hundreds of billions of dollars are invested in better irrigation systems to grow crops for its burgeoning population,commondreams.org,http://www.commondreams.org/headline/2009/08/17
2009-08-17,22:10:48,9bd0s,3,Homophobic hate crimes spread through Iraq.,msnbc.msn.com,http://www.msnbc.msn.com/id/32443333/ns/world_news-conflict_in_iraq/
2009-08-18,03:31:28,9bgmw,3,"If I were president
",news.bbc.co.uk,http://news.bbc.co.uk/2/hi/in_depth/south_asia/2009/if_i_were_president/default.stm
2009-08-18,00:07:15,9beci,2,"Two strong earthquakes jolted the ocean floor off southern Japan, triggering tsunami warnings for a cluster of sub-tropical islands and rattling Taiwan",google.com,http://www.google.com/hostednews/afp/article/ALeqM5icwPptXfa9gMfso8iySykQewPGKg
2009-08-17,15:40:36,9ba9w,1,"Samoa to change from driving on the right to driving on the left, - yes they will have 2 days to practice when they will probably drive in the middle ",rnzi.com,http://www.rnzi.com/pages/news.php?op=read&id=48467
2009-08-17,23:14:17,9bdpe,4,"Can Iceland and Latvia pay the foreign debts run up by a fairly narrow
layer of their population? The EU and IMF have told them to replace private debts with public obligations, and to pay by raising taxes, slashing public spending and obliging citizens to deplete their savings.",ft.com,http://www.ft.com/cms/s/0/f3a6cf22-8a8b-11de-ad08-00144feabdc0.html?nclick_check=1
2009-08-17,19:20:22,9bbs1,2,"The coup in Honduras, ALBA and the English-speaking Caribbean",links.org.au,http://links.org.au/node/1207
