2009-07-16,21:32:38,91qjp,817,Professional snipers have been brought in to guard a vulnerable colony of penguins in Australia.,news.bbc.co.uk,http://news.bbc.co.uk/2/hi/asia-pacific/8153168.stm
2009-07-17,05:28:45,91vsv,805,"Natalia Estemirova, a lifelong human rights campaigner, was kidnapped from her home yesterday morning.  Today she was found dead, left on a road with bullet wounds to the head and chest.",airamerica.com,http://airamerica.com/blog/2009/jul/16/human-rights-campaigner-assassinated-chechen-president-kadyrov-accused
2009-07-17,05:55:51,91w0o,319,"DOJ Pressured to probe why Bush White House blocked three different probes into war crimes in Afghanistan where as many as 2,000 surrendered Taliban fighters were reportedly suffocated in container trucks and then buried in a mass grave by Afghan and U.S. forces.",pubrecord.org,http://pubrecord.org/pressured-probe-white-house/
2009-07-17,00:02:29,91s4j,216,Iceland votes to join EU.,news.yahoo.com,http://news.yahoo.com/s/ap/20090716/ap_on_re_eu/eu_iceland_eu_4
2009-07-16,21:40:36,91qmu,203,The second life of a US Army deserter who switched to the North Korean side,latimes.com,"http://www.latimes.com/news/la-fg-japan-jenkins16-2009jul16,0,7920633.story?track=notottext"
2009-07-16,16:07:38,91o25,123,"New Zealand gov't proposes a new ""3 strikes"" process for P2P users after its first attempt failed; invites public comment",arstechnica.com,http://arstechnica.com/tech-policy/news/2009/07/new-zealand-proposes-new-3-strikes-process-for-p2p-users.ars
2009-07-16,23:11:08,91rji,67,91% of Chinese citizens worth 100 million yuan ($14.6 million) or more are children of high-level Communist Party officials.,blog.newsweek.com,http://blog.newsweek.com/blogs/wealthofnations/archive/2009/07/14/Leading-Indicator_3A00_-2_2C00_900-of-wealthiest-3_2C00_500-Chinese-people-are-members-of-the-Communist-Party.aspx
2009-07-16,20:20:12,91pyk,67,"If you work with kids you must pay a fine for being a 'potential pedophile'. Whatever your occupation, from being a school teacher to a bus driver you are a Potential Pedophile (tm)",carnalnation.com,http://carnalnation.com/content/12357/4/jk-rowling-must-register-potential-pedophile
2009-07-16,20:16:31,91px7,56,Indian tiger park 'has no tigers',news.bbc.co.uk,http://news.bbc.co.uk/1/hi/world/south_asia/8150382.stm
2009-07-16,15:04:26,91njb,37,Kids TV praises Gaza mom's suicide bombing,edition.cnn.com,http://edition.cnn.com/2009/WORLD/meast/07/15/tv.show/index.html?eref=edition
2009-07-17,00:38:23,91sk2,29,Human rights activist Natalya Estemirova abducted and shot to death in Chechnya,washingtonpost.com,http://www.washingtonpost.com/wp-dyn/content/article/2009/07/15/AR2009071501048.html?hpid=moreheadlines
2009-07-16,09:34:14,91l56,27,"Often on drugs, wearing fetishes they believed made them impervious to bullets, and garbed in costumes ranging from novelty-store fright masks to wigs and women’s bathrobes, these murderous adolescents raped, pillaged, and slaughtered at will.",newyorker.com,http://www.newyorker.com/online/blogs/newsdesk/2009/07/back-issues-charles-taylor.html#entry-more
2009-07-17,03:06:19,91uc4,25,Al Jazeera shows how it's done. Again. Both sides of the story and no pandering to the Israelis. Western news services could learn a thing or hundred about how keeping Israelis on message weakens their propaganda.,english.aljazeera.net,http://english.aljazeera.net/programmes/insidestory/2009/07/2009716142834123544.html
2009-07-16,23:56:27,91s2a,22,"With the war over, Sri Lanka's government could have claimed the moral high ground. Instead it has clamped down hard. Around 300,000 civilians remain interned without trial in ""welfare centres"" that are concentration camps in all but name.",guardian.co.uk,http://www.guardian.co.uk/commentisfree/2009/jul/16/sri-lanka-conflict-inquiry
2009-07-16,09:50:40,91l92,12,Iran plane black boxes 'damaged',news.bbc.co.uk,http://news.bbc.co.uk/2/hi/middle_east/8153069.stm
2009-07-17,01:52:35,91ti4,11,Potter actor admits drug charge ... police found shots of [cannabis] plants ... after he was arrested for taking a picture of officers ...,news.bbc.co.uk,http://news.bbc.co.uk/1/hi/england/london/8153908.stm
2009-07-16,09:40:48,91l6j,12,(New translation; more info) Honduras coup made in USA -- the evidence,links.org.au,http://links.org.au/node/1147
2009-07-16,19:32:43,91pl0,11,The Man Behind The Massacre at Shibarghan,trueslant.com,http://trueslant.com/pjtobia/2009/07/16/the-man-behind-the-massacre-at-shibarghan/
2009-07-17,00:34:41,91si3,13,"A mysterious glob of unknown material up to 12 miles long has appeared off Alaska's northern coast. 
",adn.com,http://www.adn.com/2835/story/864687.html
2009-07-16,23:42:47,91rws,12,Dog wet nurse saves panda cubs in China ,msnbc.msn.com,http://www.msnbc.msn.com/id/31942513/ns/technology_and_science-science/
2009-07-16,22:57:46,91rer,10,Mexico rejects ‘peace’ deal with cartels ,msnbc.msn.com,http://www.msnbc.msn.com/id/31940160/ns/world_news-americas/
2009-07-16,22:48:34,91rb7,9,Tony Blair would be an awful EU president,eurotrib.com,http://www.eurotrib.com/story/2009/7/16/54154/1007
2009-07-16,21:39:59,91qml,11,Kremlin-backed Chechen president blamed for kidnapping and murder of Award Winning Activist,english.aljazeera.net,http://english.aljazeera.net/news/europe/2009/07/200971644217453754.html
2009-07-16,23:43:07,91rwy,10,Iceland will apply to join the EU,newsfrettir.com,http://newsfrettir.com/politics/eu-matters/1065-iceland-will-apply-to-join-the-eu
2009-07-16,13:10:23,91mpm,9,Entering Gaza | Viva Palestina-US,thesitch.com,http://www.thesitch.com/viva-palestina/2009/07/entering-gaza/
2009-07-16,23:08:28,91rij,8,Taliban threatens to kill captured U.S. soldier,msnbc.msn.com,http://www.msnbc.msn.com/id/31940536/ns/world_news-south_and_central_asia/
2009-07-16,20:27:23,91q0w,10,Moon Walkers - The 40th Anniversary of the Moon Landing,time.com,"http://www.time.com/time/specials/packages/article/0,28804,1910599_1910769,00.html"
2009-07-16,18:09:27,91oyr,8,"Kent Police set a new legal precedent last week, as they arrested a photographer on the unusual grounds of ""being too tall"".",theregister.co.uk,http://www.theregister.co.uk/2009/07/15/tall_photographers/
2009-07-16,12:59:16,91mmc,6,WE'VE BROKEN THE SIEGE: Blogging from Gaza City,thesitch.com,http://www.thesitch.com/viva-palestina/2009/07/weve-broken-the-siege-blogging-from-gaza-city/
2009-07-17,00:23:11,91sdl,6,The Balkan states of Kosovo and Bosnia-Herzegovina are artificial constructs that are dependent on international organizations to function. There is no end in sight for this foreign rule and Europe seems to have little in the way of an exit strategy.,spiegel.de,"http://www.spiegel.de/international/europe/0,1518,636347,00.html"
