2009-11-25,04:22:10,a7sp8,1028,"In the future an immigrant arriving in Germany may have to sign an ""integration contract."" The contract would require the immigrant show respect for freedom of speech and women's equality.",bbc.co.uk,http://www.bbc.co.uk/blogs/thereporters/gavinhewitt/
2009-11-25,18:21:16,a800x,394,"Every school pupil in England is to be taught that 
domestic violence against women and girls is 
unacceptable, as part of a new government 
strategy.  Excuse me?  Only women and girls?",news.bbc.co.uk,http://news.bbc.co.uk/1/hi/uk/8376943.stm
2009-11-25,22:28:59,a828o,102,Why white skin is all the rage in Asia,globalpost.com,http://www.globalpost.com/dispatch/china-and-its-neighbors/091123/asia-white-skin-treatments-risks
2009-11-25,16:18:28,a7z1r,74,Britain heard US drumbeat for invasion before 9/11,guardian.co.uk,http://www.guardian.co.uk/uk/2009/nov/24/iraq-war-chilcot-inquiry
2009-11-26,05:29:16,a86w7,59,Britain has been voted one of the worst places in the world for expats to live; Canada the best.,telegraph.co.uk,http://www.telegraph.co.uk/expat/6644342/Britain-one-of-the-worst-countries-for-expats.html
2009-11-25,08:41:50,a7v3o,42,"Switzerland votes on a ban of minarets to stop ""Islamisation"" of society",ft.com,http://www.ft.com/cms/s/0/1a60a1f6-d898-11de-b63a-00144feabdc0.html?nclick_check=1
2009-11-25,20:18:36,a810t,29,The 00's: A Decade from Hell,time.com,"http://www.time.com/time/nation/article/0,8599,1942834,00.html"
2009-11-25,21:18:16,a81jh,30,"US rejects landmine ban treaty supported by more than 150 countries. The state department explained the decision on Tuesday, saying a policy review had found the US could not meet its ""national defence needs"" without landmines.",english.aljazeera.net,http://english.aljazeera.net/news/americas/2009/11/2009112545638164209.html
2009-11-26,04:06:27,a864l,26,"The Roman Catholic order of Christian Brothers, once the largest provider of residential care for boys in Ireland, has offered a payout of 161 million euros ($240 million) in compensation, drawing harsh criticism from a group called the Irish Survivors of Child Abuse.",reuters.com,http://www.reuters.com/article/worldNews/idUSTRE5AO44020091125
2009-11-26,01:26:12,a84f0,28,"Dealing with [the Americans] corporately is akin to dealing with a group of Martians. If it isn't on the PowerPoint slide, it doesn't happen. ",telegraph.co.uk,http://www.telegraph.co.uk/news/newstopics/politics/defence/6634115/Iraq-war-files-British-colonels-scathing-attack-on-arrogant-bureaucratic-Americans.html
2009-11-26,02:31:04,a856d,18,"The body of a United Nations worker, who had been missing for 24 years, has been found in eastern Lebanon",cnn.com,http://www.cnn.com/2009/WORLD/meast/11/23/un.missing.remains/index.html
2009-11-25,15:02:56,a7yel,17,"""He thought of New Jersey as a kind of paradise. To him, he had to suffer on this world in order to go to paradise — in order to drink wine and have sex with at least 72 virgins and then others if he wanted to… He hated me and was jealous of me because I had been to New Jersey.""",thelede.blogs.nytimes.com,http://thelede.blogs.nytimes.com/2009/11/24/interrogated-about-the-daily-show-in-iran/
2009-11-26,04:53:03,a86l3,11,Bankrupt?: Dubai's main investment fund seeks debt payment delay,news.bbc.co.uk,http://news.bbc.co.uk/2/hi/business/8379816.stm
2009-11-25,19:54:45,a80t6,12,Berlusconi is named `Rockstar of the Year' by Rolling Stone magazine,google.com,http://www.google.com/hostednews/ap/article/ALeqM5gp2QEHM2MGzZzRzlZje4NgtIVw-QD9C6GL480
2009-11-25,22:00:57,a81x1,10,"Despite ""sporadic"" contacts between al-Qaeda members and Iraq in the 1990s, there was no ""serious collaboration"". The 9/11 attacks actually drove Iraq and al-Qaeda further apart",news.bbc.co.uk,http://news.bbc.co.uk/2/hi/uk_news/politics/8377492.stm
2009-11-25,16:00:40,a7ywj,10,Iraq inquiry: British officials heard 'drum beats' of war from US before 9/11,telegraph.co.uk,http://www.telegraph.co.uk/news/newstopics/politics/6643302/Iraq-inquiry-British-officials-heard-drum-beats-of-war-from-US-before-911.html
2009-11-25,23:14:01,a82pt,13,Vibrational Medicine: Scientists Kill Viruses by Blasting them with Resonant Frequencies,naturalnews.com,http://www.naturalnews.com/023855_viruses_natural_health_renewable_energy.html
2009-11-25,08:33:51,a7v1p,8,Venezuela: Chavez calls for new international organisation of left parties,links.org.au,http://links.org.au/node/1372
2009-11-26,01:52:44,a84qo,8,Switzerland to vote this weekend on banning minarets from the country.,timescorrespondents.typepad.com,http://timescorrespondents.typepad.com/charles_bremner/2009/11/swiss.html
2009-11-25,10:22:07,a7vwe,8,Randi possibly wrong about the Belgian thought to be in a coma.  (Click Listen to the Story),npr.org,http://www.npr.org/templates/story/story.php?storyId=120784397
2009-11-26,00:05:19,a83d9,9,"Rupert Murdoch, we will truly miss your tabloids with all the hoaxes you pissusless boggar",guardian.co.uk,http://www.guardian.co.uk/media/2009/oct/14/starsuckers-tabloids-hoax-celebrities
2009-11-25,10:52:44,a7w5x,6,Carte blanche to the Olive grove destroyers!..Israeli human rights organisation Yesh Din reports that there have been no indictments on all 69 complaints it lodged on attacks that destroyed thousands of trees.,haaretz.com,http://www.haaretz.com/hasen/spages/1130480.html
2009-11-26,03:10:04,a85kf,7,Economics of China's secret jails exposed,smh.com.au,http://www.smh.com.au/world/economics-of-chinas-secret-jails-exposed-20091125-jrvk.html
2009-11-26,06:58:42,a87ml,7,Chinese police officers sentenced to less than 3 years in prison for torturing young man to death,asianews.it,http://www.asianews.it/index.php?l=en&art=16957&size=A
2009-11-25,21:36:38,a81pi,7,"The government has declared war on thousands of thirsty, marauding camels threatening residents and destroying water mains in Central Australia.",theaustralian.com.au,http://www.theaustralian.com.au/news/nation/marauding-camels-terrorise-desert-town/story-e6frg6nf-1225803919248
2009-11-25,13:45:36,a7xnu,7,Philippine local Police Chief detained after massacre. The killings represent the worst single incident of election-related violence in the nation’s history. ,bloomberg.com,http://bloomberg.com/apps/news?pid=20601087&sid=alCj09j9kcrA&pos=8
2009-11-25,20:56:48,a81cl,8,"Seventy former Argentine army officers are accused of crimes against humanity for the alleged abuse, torture and, in one case, murder of their own troops during the 1982 war with Britain",news.bbc.co.uk,http://news.bbc.co.uk/2/hi/americas/8373942.stm
2009-11-25,17:28:27,a7zko,5,Japanese police have issued arrest warrants for four American teenagers suspected of stringing a rope across a road and seriously injuring a motorcyclist.,abc.net.au,http://www.abc.net.au/news/stories/2009/11/25/2753545.htm
2009-11-25,19:58:05,a80u5,5,"I remember reading about this idea to solve the poppy problem in Afghanistan a couple of years ago, but it seems to have been forgotten at least by the MSM - Poppy for Medicine project",poppyformedicine.net,http://www.poppyformedicine.net/modules/faq
2009-11-25,22:16:26,a822s,5,UK Foreign Office officials tell Iraq Inquiry that Iraq and Al-Qaeda were 'not allies',news.bbc.co.uk,http://news.bbc.co.uk/1/hi/uk_politics/8377492.stm
