2009-04-02,23:27:40,89gus,408,Spaniards grateful to Bill O'Reilly for promising not to visit Spain anymore.,huffingtonpost.com,http://www.huffingtonpost.com/2009/03/31/bill-oreilly-threatens-to_n_181166.html
2009-04-02,15:20:51,89ds0,299,"'Settlers' assault 14-year old on his family’s land and kidnap him, ""Then they told me to run in front of them to the settlement. I ran and they followed me on their motorcycles. One of them kept hitting me in the foot. I cried the whole way""",btselem.org,http://www.btselem.org/english/testimonies/20090212_settlers_assault_and_kidnap_adham_ghneimat.asp
2009-04-02,15:15:31,89dr2,273,"Man Dies After Collapsing at G-20 Protest in London, police trying to help the man are getting bottles thrown at them.",bloomberg.com,http://www.bloomberg.com/apps/news?pid=20601102&sid=alSGL05ruAFI&refer=uk
2009-04-02,12:26:07,89ct2,229,Sweden votes in favor of legalizing gay marriage,reuters.com,http://www.reuters.com/article/worldNews/idUSTRE5307BC20090401
2009-04-02,21:09:22,89fpe,131,Ax-wielding Palestinian militant kills 13-year-old Israeli in the West Bank,news.yahoo.com,http://news.yahoo.com/s/ap/20090402/ap_on_re_mi_ea/ml_israel_palestinians
2009-04-02,00:57:15,897ou,125,"G-20 Protesters Gone Wild:  Thousands clash with police, shout ""Abolish money!"", break into Bank of Scotland [PICS]",sfgate.com,http://www.sfgate.com/cgi-bin/article.cgi?f=/n/a/2009/04/01/international/i035913D31.DTL&tsp=1
2009-04-03,00:11:55,89hay,106,"Lieberman, questioned by police for at least seven hours over corruption allegations",news.bbc.co.uk,http://news.bbc.co.uk/2/hi/middle_east/7979666.stm
2009-04-03,07:33:33,89l5f,52,Privacy Not a Human Right? - Sweden's Piracy Law Violates Human Rights,therawdealblog.com,http://www.therawdealblog.com/the-raw-deal/privacy-not-a-human-right-swedens-piracy-law-violates-human.html
2009-04-02,18:36:25,89evo,38,"It's official: An embryo is not only as valued as a human, it's worth MORE than the life of a 9-year old girl. So sayeth the (Catholic) Lord.",cbc.ca,http://www.cbc.ca/world/story/2009/03/07/catholic-abortion.html
2009-04-03,00:38:56,89hji,39,"G-20 to give $1 TRILLION to IMF, World Bank",news.yahoo.com,http://news.yahoo.com/s/ap/20090402/ap_on_re_eu/g20_summit;_ylt=AkRPH77JatzYSjJyu_uBaLis0NUE;_ylu=X3oDMTJidjBlZW9mBGFzc2V0A2FwLzIwMDkwNDAyL2cyMF9zdW1taXQEY3BvcwMxBHBvcwMyBHNlYwN5bl90b3Bfc3RvcnkEc2xrA2ctMjB0b2dpdmUxdA--
2009-04-02,16:04:47,89e1d,32,"Oppression and poverty push Shiite leaders in Saudi Arabia to threaten  “secession of the Eastern Province""  ",saudiinfocus.com,http://www.saudiinfocus.com/en/forum/showthread.php?p=16194
2009-04-02,21:27:11,89ftd,20,FBI called in over Wolverine leak on the web,news.bbc.co.uk,http://news.bbc.co.uk/1/hi/entertainment/7978379.stm
2009-04-03,01:47:45,89i6s,17,"This is the only reason we are not seeing food lines like in the great depression, they did not have food stamps or welfare",news.yahoo.com,http://news.yahoo.com/s/nm/20090402/us_nm/us_hunger_usa
2009-04-03,07:57:23,89lax,13,Should Israel Be Boycotted?,inthesetimes.com,http://www.inthesetimes.com/article/4311/to_boycott_israel...or_not/?red
2009-04-02,22:48:07,89ghw,10,Islamic Jihad kills Israeli child in West Bank,news.bbc.co.uk,http://news.bbc.co.uk/1/hi/world/middle_east/7978699.stm
2009-04-03,01:07:56,89ht7,7,Social Media Madness (featuring Zaibatsu),sem-group.net,http://sem-group.net/search-engine-optimization-blog/social-voting-madness-reader-poll-included/
2009-04-03,06:40:50,89krs,9,Police Lob Teargas at Hundreds of NATO Protesters,rawstory.com,http://rawstory.com/news/2008/Police_lob_teargas_at_hundreds_of_0402.html
2009-04-03,05:51:14,89kd1,7,Riot police used tear gas and rubber bullets to beat back a crowd of several hundred anti-NATO protesters in Strasbourg on Thursday,google.com,http://www.google.com/hostednews/ap/article/ALeqM5gKXs8K5speJD6hH_lHADtMMmlY0wD97AHVBO0
2009-04-03,02:41:21,89ip2,9,Uri Avnery: Israel's Deception Tango,counterpunch.org,http://counterpunch.org/avnery03312009.html
2009-04-03,01:46:14,89i68,5,The single best argument against Israel? Maps...,passia.org,http://www.passia.org/palestine_facts/MAPS/newpdf/WestBankWall.jpg
2009-04-02,09:57:28,89c01,6,Amnesty International is accusing the French authorities of failing to investigate alleged violence by security forces.,news.bbc.co.uk,http://news.bbc.co.uk/1/hi/world/europe/7977346.stm
2009-04-03,04:00:49,89jei,6,"Israeli terrorist fires rubber bullet at handcuffed, blindfolded Palestinian [video]",youtube.com,http://www.youtube.com/watch?v=LTVPGTn-JCc
2009-04-03,06:09:24,89kio,5,China restricts online video after YouTube police beating Tibetan,theregister.co.uk,http://www.theregister.co.uk/2009/04/02/china_web_video_restrictions/
2009-04-02,12:28:21,89ctg,3,Sweden passes same-sex marriage law |  CNN.com,edition.cnn.com,http://edition.cnn.com/2009/WORLD/europe/04/01/sweden.samesex/index.html
2009-04-02,11:37:55,89cj9,3,Avigdor Lieberman rules out 'concessions' to Palestinians,guardian.co.uk,http://www.guardian.co.uk/world/2009/apr/01/israel-palestinians-lieberman-annapolis
2009-04-03,02:41:34,89ip6,5,13-Year-Old Boy Axed to Death in Israeli Settlement,bloomberg.com,http://www.bloomberg.com/apps/news?pid=20601087&sid=akdBxvSg1A18&refer=home
2009-04-02,22:09:04,89g5f,4,Egypt village mob torches Bahai homes,google.com,http://www.google.com/hostednews/afp/article/ALeqM5jldxNOCYVNNHf4nlRmsDu4xl_wvw
2009-04-03,05:52:31,89kde,5,U.S. says will push hard for Palestinian statehood,uk.reuters.com,http://uk.reuters.com/article/usPoliticsNews/idUKTRE5316TN20090402
2009-04-02,10:27:57,89c5d,3, Factory protesters: We'll stay till we win,pww.org,http://www.pww.org/article/articleview/15088/
2009-04-03,04:13:06,89jj1,4,"Israel never ratified 2007 Annapolis Middle East peace talks, new foreign minister says in debut speech",commondreams.org,http://www.commondreams.org/headline/2009/04/02-1
