2009-05-28,18:35:17,8nv8d,472,16 year old Iraqi Immigrant cracks centuries-old mathematical puzzle,thelocal.se,http://www.thelocal.se/19710/20090528/
2009-05-29,07:57:35,8o22r,440,The Palestinian Archipelago [Map],arabist.net,http://arabist.net/archives/2009/04/24/the-palestinian-archipelago/
2009-05-28,19:49:31,8nvp2,101,"Israel to continue construction in West Bank despite US calls for a freeze on its work.  Also, will continue accepting money from US taxpayers",news.bbc.co.uk,http://news.bbc.co.uk/2/hi/middle_east/8071491.stm
2009-05-28,13:50:57,8ntda,61,"SIBEL EDMONDS: Announcing 'Project Expose MSM' | Whistleblowers set to name names, turn tables on media who've betrayed our trust | Newsweek reporters named in 'real-life' case example of new project...",bradblog.com,http://www.bradblog.com/?p=7181
2009-05-28,03:45:07,8npan,49,"Israelis get four times more water than Palestinians, says World Bank report",guardian.co.uk,http://www.guardian.co.uk/world/2009/may/27/israel-palestinian-water-dispute
2009-05-29,06:15:16,8o1d0,36,Italian Prime Minister is having an affair with an 18 year old girl.,news.bbc.co.uk,http://news.bbc.co.uk/1/hi/world/europe/8072646.stm
2009-05-29,02:12:59,8nz75,21,High school athlete convicted of manslaughter in rugby death,thestar.com,http://www.thestar.com/news/gta/article/641866
2009-05-29,06:12:54,8o1c7,19,"After 14 years, pipeline deal agreed.  Good news for Iran, Pakistan,Russia, China.  Bad news for Afghanistan, Europe, USA.",atimes.com,http://www.atimes.com/atimes/South_Asia/KE29Df02.html
2009-05-29,04:24:01,8o0fm,19,"From Bangkok to Berlin, Hard Times Hit the Sex Trade",time.com,"http://www.time.com/time/world/article/0,8599,1901396,00.html?cnn=yes"
2009-05-28,10:58:04,8nsc5,15,"Italy sinks closer to criminal rule as cash-rich Mafia tightens its grip on the country, defying Berlusconi",bloomberg.com,http://www.bloomberg.com/apps/news?pid=20601109&sid=aHtly5QjUYzo&refer=home
2009-05-28,16:08:24,8nua6,11,UN brushes aside calls to investigate Sri Lanka war crimes,guardian.co.uk,http://www.guardian.co.uk/world/2009/may/28/sri-lanka-un-war-crimes-investigation
2009-05-28,19:11:34,8nvgk,13,Countries that are Least Affected by Recession,labnol.org,http://www.labnol.org/internet/countries-least-affected-by-economic-recession/8814/
2009-05-28,08:49:52,8nrlv,9,Nowadays we know that the ethnic cleansing of Palestine was an orchestrated operation that was planned well in advance.,adbusters.org,http://www.adbusters.org/features/eilaboun.html
2009-05-29,00:21:23,8ny1c,11,Argentina - Supreme Court orders reopening of AMIA probe: 85 people died in 1994 bombing of Jewish centre,buenosairesherald.com,http://www.buenosairesherald.com/BreakingNews/View/2199
2009-05-29,01:29:10,8nyr7,11,"""Evening Standard are happy to sell newspapers in this way? Even though one of their own vendors was f*****g KILLED during this trouble?""",whythatsdelightful.wordpress.com,http://whythatsdelightful.wordpress.com/2009/05/28/evening-standard-needs-to-apologise-again-already/
2009-05-29,01:46:47,8nyxj,9,Palestinians declared that an Israeli return to the 1948 borders would solve the problems,samsonblinded.org,http://samsonblinded.org/news/arabs-1948-borders-are-not-enough-11319
2009-05-29,02:04:55,8nz44,9,Defending Israeli War Crimes,fpif.org,http://www.fpif.org/fpiftxt/6150
2009-05-28,16:00:24,8nu8h,7,U.N. command rejects N. Korean nullification of Korean War truce  ,english.yonhapnews.co.kr,http://english.yonhapnews.co.kr/northkorea/2009/05/28/7/0401000000AEN20090528003900315F.HTML
2009-05-28,13:22:12,8nt72,9,"First there was the Nakba law, then the loyalty oath, now the Israeli Knesset is considering a bill that would institute a one year jail sentence for anyone who speaks ""against Israel's existence as a Jewish and democratic state."" ",philipweiss.org,http://www.philipweiss.org/mondoweiss/2009/05/this-is-beginning-to-look-like-panic-israeli-knesset-considering-bill-making-it-illegal-to-criticize.html
2009-05-28,19:45:22,8nvnx,8,"U.S., South Korea raise military alert on North",reuters.com,http://www.reuters.com/article/topNews/idUSSEO14165620090528
2009-05-28,18:44:17,8nvam,8,Australia sends money to dead people,news.bbc.co.uk,http://news.bbc.co.uk/1/hi/world/asia-pacific/8071299.stm
2009-05-29,04:24:04,8o0fn,6,"Proposed Israeli law to outlaw expressions of grief or mourning on the anniversary of Israel's independence is a ""Zionist and patriotic bill""",economist.com,http://www.economist.com/world/mideast-africa/displaystory.cfm?story_id=13743320
2009-05-29,01:51:26,8nyzb,6,China guts budding civil rights movement,csmonitor.com,http://www.csmonitor.com/2009/0528/p06s04-woap.html
2009-05-29,05:11:25,8o0uj,7,Roxana Saberi On Her Imprisonment In Iran,npr.org,http://www.npr.org/templates/story/story.php?storyId=104612989
2009-05-28,21:42:41,8nwiw,7,Well there's a bloody surprise!,news.bbc.co.uk,http://news.bbc.co.uk/1/hi/world/middle_east/8071491.stm
2009-05-28,16:01:36,8nu8s,5,Rare blue whale washes up dead on New Zealand coastline,thetechherald.com,http://www.thetechherald.com/article.php/200922/3762/Rare-blue-whale-washes-up-dead-on-New-Zealand-coastline
2009-05-29,04:34:06,8o0iu,6,Four Reasons North Korea Won't Stop Being a Pain in the World's Ass.,esquire.com,http://www.esquire.com/the-side/war-room/north-korea-nuclear-test-analysis-052809?src=digg
2009-05-28,09:37:07,8nrvn,5,"""They cut his head off.""",cnn.com,http://www.cnn.com/2009/WORLD/meast/05/25/untold.stories.damon.iraq/index.html
2009-05-29,02:01:51,8nz38,2,Obama has decided to visit Saudi Arabia and meet with King `Abdullah before making his speech in Cairo. It only shows that those who expected major changes in US foreign policy in the Middle East will surely be disappointed.,angryarab.blogspot.com,http://angryarab.blogspot.com/2009/05/obama-in-saudi-arabia.html
2009-05-29,04:36:33,8o0jp,2,The Australian government has admitted that cash hand-outs aimed at stimulating the economy have been sent to thousands of people who are dead. ,news.bbc.co.uk,http://news.bbc.co.uk/2/hi/asia-pacific/8071299.stm
