2009-03-12,18:35:54,8426f,864,Iraqi jailed for 3 years for Bush shoe attack (could have been 15),news.bbc.co.uk,http://news.bbc.co.uk/1/hi/world/middle_east/7938947.stm
2009-03-12,20:07:37,842rs,123,"""Seeing BBC.co.uk with ads is like seeing your dad giving Satan a reacharound""",guardian.co.uk,http://www.guardian.co.uk/technology/2009/mar/11/not-safe-for-work-usa
2009-03-12,09:31:30,83z4d,106,Italy formally abolishes the death penalty for all purposes,jurist.law.pitt.edu,http://jurist.law.pitt.edu/paperchase/2009/03/italy-ratifies-provision-banning-death.php
2009-03-13,02:25:33,8468v,84,Muslim Woman Asked to Leave Line at Credit Union Because of  Head Scarf,washingtonpost.com,http://www.washingtonpost.com/wp-dyn/content/article/2009/03/09/AR2009030902387.html?hpid=sec-religion
2009-03-13,07:19:02,848nx,77,A Handy Guide To What the Hell Just Happened in Darfur,humanitarianrelief.change.org,http://humanitarianrelief.change.org/blog/view/a_handy_guide_to_what_the_hell_just_happened_in_darfur
2009-03-12,21:44:01,843j4,63,"The grass-mud horse is an example of something that, in China’s authoritarian system, passes as subversive behavior. Conceived as an impish protest against censorship, the foul-named little horse has made government censors look ridiculous.",nytimes.com,http://www.nytimes.com/2009/03/12/world/asia/12beast.html
2009-03-13,02:43:24,846f8,64,Raped and killed for being a lesbian: South Africa ignores 'corrective' attacks,guardian.co.uk,http://www.guardian.co.uk/world/2009/mar/12/eudy-simelane-corrective-rape-south-africa
2009-03-13,02:41:01,846eh,51,Hamas issues rare criticism of Gaza rocket fire,reuters.com,http://www.reuters.com/article/featuredCrisis/idUSLC579931
2009-03-12,21:21:26,843b8,43,DNA proves Bolsheviks killed all of Russian czar's children ,cnn.com,http://www.cnn.com/2009/WORLD/europe/03/11/czar.children/index.html
2009-03-12,18:58:27,842an,25,LONG LIVE IRAQ - man who threw shoe at Bush jailed for three years,inthenews.co.uk,http://www.inthenews.co.uk/news/world/international-affairs/man-who-threw-shoe-at-bush-jailed-three-years-$1279749.htm
2009-03-12,12:19:16,84058,27,Potential ecological disaster off the coast of Brisbane as tanker loses containers of ammonium nitrate and 20 tonnes of fuel into the sea,abc.net.au,http://www.abc.net.au/news/stories/2009/03/12/2514146.htm
2009-03-12,11:19:43,83zsf,17,	  Italy drops CIA rendition case: High Court threw out evidence because it was classified information.,news.yahoo.com,http://news.yahoo.com/s/ap/20090312/ap_on_re_eu/eu_italy_cia_kidnapping
2009-03-13,06:34:17,848c0,17,Iran's 'illegal' rappers want cultural revolution,independent.co.uk,http://www.independent.co.uk/news/world/middle-east/irans-illegal-rappers-want-cultural-revolution-774943.html
2009-03-12,06:13:17,83xrg,17,UK Police race to stop Real IRA bomb plot,guardian.co.uk,http://www.guardian.co.uk/uk/2009/mar/11/northernireland-northernireland
2009-03-12,20:42:03,8430y,13,A Dirty Pun Tweaks China’s Online Censors,nytimes.com,http://www.nytimes.com/2009/03/12/world/asia/12beast.html?_r=1&hp
2009-03-12,08:50:42,83ywa,11,Defense Secretary Robert Gates says U.S. will be more cautious before starting pre-emptive wars,france24.com,http://www.france24.com/en/20090312-more-caution-us-pre-emptive-attacks-after-iraq-gates
2009-03-12,08:13:17,83yn3,9,Pakistani government making preemptive arrests before anti-gov rally...how much can one country take at one time?,news.bbc.co.uk,http://news.bbc.co.uk/2/hi/south_asia/7936580.stm
2009-03-12,19:37:21,842j3,8,Chas Freeman speaks out on his lynching by AIPAC,blog.foreignpolicy.com,http://blog.foreignpolicy.com/node/16241
2009-03-12,08:21:50,83yp9,12,Madoff faces life in prison after expected guilty plea,nytimes.com,http://www.nytimes.com/2009/03/11/business/11madoff.html?bl&ex=1236916800&en=2ca99d67ca5bac74&ei=5087%0A
2009-03-12,12:16:29,8404j,10,Sensational new Mayan archaeological find at El Mirador in Guatemala,guatemala-times.com,http://www.guatemala-times.com/archeology/mirador/875-sensational-new-mayan-archaeological-find-at-el-mirador-in-guatemala.html
2009-03-12,08:48:30,83yvs,9,Madagascar on the brink of civil war,news.bbc.co.uk,http://news.bbc.co.uk/1/hi/world/africa/7937264.stm
2009-03-13,05:24:18,847u3,9,Angola rabies outbreak kills 83 children,edition.cnn.com,http://edition.cnn.com/2009/HEALTH/03/12/angola.rabies/index.html
2009-03-13,07:53:41,848vu,7,Salam Pax (Iraqi blogger): The pen is mightier than the shoe,guardian.co.uk,http://www.guardian.co.uk/commentisfree/cifamerica/2009/mar/12/muntazer-al-zaidi-iraqi-shoe-thrower-iraq
2009-03-12,09:02:31,83yz0,6,Muslim preacher mocks fallen British soldiers,sodahead.com,http://www.sodahead.com/news/673/muslim-preacher-mocks-fallen-british-soldiers---inappropriate/?link=Edf_n673_r
2009-03-12,22:51:51,8446d,7,Germany school killer gave warning in online chatroom,guardian.co.uk,http://www.guardian.co.uk/world/2009/mar/12/school-shooting-germany-letter
2009-03-13,07:45:06,848tt,6,US men 'joined Somali Islamists',news.bbc.co.uk,http://news.bbc.co.uk/2/hi/africa/7939100.stm
2009-03-13,05:08:22,847ox,4,Police treat Germany school killer chatroom 'warning' as possible hoax,guardian.co.uk,http://www.guardian.co.uk/world/2009/mar/12/tim-kretschmer-school-shooting-chatroom-message
2009-03-13,05:16:28,847rx,5,Beth Israel Hospital avoids layoffs by everyone's contributions,boston.com,http://www.boston.com/news/local/massachusetts/articles/2009/03/12/a_head_with_a_heart/?s_campaign=yahoo
2009-03-12,20:22:00,842vu,5,Student facing 20 years in hell,independent.co.uk,http://www.independent.co.uk/news/world/asia/student-facing-twenty-years-in-hell-1643069.html
2009-03-12,17:09:31,841pe,5,North Korea Notifies World Agencies of Satellite Launch Plan,voanews.com,http://www.voanews.com/english/2009-03-12-voa7.cfm
