2009-10-19,04:55:04,9vatq,815,A Lithuanian dad shot dead a judge and a senior politician because they molested his three-year old daughter. ,wonderland.cafebabel.com,http://wonderland.cafebabel.com/en/post/2009/10/08/Shootings-and-solidarity:-a-very-problematic-case
2009-10-19,21:22:51,9vhli,627,"Bullied, attacked and racially-abused more than 50 times in eight weeks. That was the experience of two British Muslim reporters posing undercover as a couple in Bristol over the summer.",news.bbc.co.uk,http://news.bbc.co.uk/panorama/hi/front_page/newsid_8310000/8310825.stm
2009-10-19,23:14:51,9vio2,61,"The only two Westerners living on their own in 
Kandahar have been bombed, ambushed, and 
nearly sold to kidnappers. Here's what they've 
learned about the country where war just won't end.",foreignpolicy.com,http://www.foreignpolicy.com/articles/2009/10/16/see_you_soon_if_we_re_still_alive?page=full
2009-10-19,20:51:09,9vhcf,40,"In Norway, even murders and rapists have a shot at landing in ""open prison.""",globalpost.com,http://www.globalpost.com/dispatch/europe/091017/norway-open-prison
2009-10-19,13:32:44,9ve66,34,A British mining company is facing a multi-million pound claim for damages after group of protesters were detained and allegedly tortured at open copper plant mine. ,guardian.co.uk,http://www.guardian.co.uk/world/2009/oct/18/peru-monterrico-metals-mining-protest
2009-10-19,22:12:30,9vi1i,32,Karzai 'stripped of outright win' - could now face a second round against main rival Abdullah Abdullah.,news.bbc.co.uk,http://news.bbc.co.uk/2/hi/south_asia/8314613.stm
2009-10-19,21:27:30,9vhmz,24,"Charity fundraisers carry disabled man halfway up mountain in his wheelchair...then leave him there because they're ""too tired"" to carry him down again.",news.bbc.co.uk,http://news.bbc.co.uk/1/hi/wales/north_west/8313108.stm
2009-10-20,06:31:37,9vnpw,23,"For the past two years, Sudanese-born cellphone magnate Mo Ibrahim has given out $5 million prizes to outstanding African presidents who had served their country with good sense. Today, Mr. Ibrahim announced that his team was unable to agree on a candidate for this year's prize.",csmonitor.com,http://www.csmonitor.com/2009/1019/p06s06-woaf.html
2009-10-20,00:45:04,9vjrw,24,"Six Senior Iranian Revolutionary Guard Commanders Killed in Suicide Bombing, Iran Blames US and Pakistan",democracynow.org,http://www.democracynow.org/2009/10/19/six_senior_iranian_revolutionary_guard_commanders
2009-10-19,23:29:22,9viu1,21,"Fury after a Berlusconi-owned TV channel secretly 
filmed a judge who ruled against him in a bribery 
case.",news.bbc.co.uk,http://news.bbc.co.uk/2/hi/europe/8314110.stm
2009-10-19,13:47:18,9ve8x,18,Brazil deploy thousands of extra troops on the streets of Rio de Janeiro after violent clashes with gang members where at least 12 died,news.bbc.co.uk,http://news.bbc.co.uk/2/hi/americas/8313631.stm
2009-10-19,21:16:23,9vhjr,11,Hillary Clinton up to her old tricks again of making up past events at her visit to Northern Ireland,belfasttelegraph.co.uk,http://www.belfasttelegraph.co.uk/sunday-life/hillary-clinton-blasted-after-troubles-explosion-claim-is-rubbished-14535421.html
2009-10-19,08:02:58,9vc1w,11,"Gordon Brown, Britian's Prime Minister, said his government would be “taking extensive action to reform the whole culture of the financial sector” via a windfall tax on profits. All UK banks will be affected.",motherjones.com,http://www.motherjones.com/kevin-drum/2009/10/paying-bailout
2009-10-19,09:04:35,9vcdf,9,Rights of Labor in the US:   FDR’s New Deal and the natural political evolution that grew out of that movement has done much to help working people but much of that natural evolution was later retarded by the rise of the conservative forces in the country... (follow the link to read on...),leftfocus.blogspot.com,http://leftfocus.blogspot.com/2009/10/laborious-effort-by-wes-bishop.html
2009-10-19,10:42:05,9vcxw,9,Maldives President holds (world's first) cabinet meeting under water to raise awareness to the threat global warming and rising sea levels has for his Island nation.,google.com,http://www.google.com/hostednews/afp/article/ALeqM5gyVjln3QzfP56eHA77xWxfe7G2Ow
2009-10-19,23:55:48,9vj5s,8,You don't have to be mad to stay here but it helps: Nasa hacker Gary McKinnon gets a stay of execution from extradition to US while UK government checks his mental health!  ,computerweekly.com,http://www.computerweekly.com/Articles/2009/10/19/238186/hacker-gary-mckinnon-gets-stay-of-execution.htm
2009-10-19,16:46:51,9vfkv,8,It isn't a big deal until you make it a big deal,news.ninemsn.com.au,http://news.ninemsn.com.au/world/877397/students-kiss-swastika-make-nazi-salute
2009-10-19,22:48:14,9vidy,7,"With co-workers like this....well, I guess that depends on your taste.",online.wsj.com,http://online.wsj.com/article/SB125591872194493517.html
2009-10-19,21:42:06,9vhrm,7,"""Faced with an Israeli blockade, the Palestinian zookeepers were unable to bring in real zebras. Their solution...""",huffingtonpost.com,http://www.huffingtonpost.com/2009/10/14/gaza-zoo-too-poor-to-buy_n_321019.html?slidenumber=0#slide_image
2009-10-19,21:09:07,9vhho,6,"Jordan King: ""The Israeli-Palestinian conflict is the most serious threat to the stability of the region, if Israel doesn't believe in the two-state solution, the possibility of a future Palestinian state will disappear because of geographic reasons: already the land is fragmented into cantons""",google.com,http://www.google.com/hostednews/ap/article/ALeqM5jmf69AqW9QEI_WQZs76fmoCAueeAD9BE3RPO0
2009-10-19,14:01:39,9vecc,7,Uk Govt has secret plans to tax electricity consumers to subsidise construction of UK's first new nuclear reactors for more than 20 years,guardian.co.uk,http://www.guardian.co.uk/environment/2009/oct/19/nuclear-tax-on-power-bills
2009-10-19,23:35:53,9vix8,6,Home Office climbs down over keeping DNA records on innocent,guardian.co.uk,http://www.guardian.co.uk/politics/2009/oct/19/innocent-dna-database
2009-10-20,07:59:37,9vohj,2,Zionists bury Palestinians alive In Gaza,politicaltheatrics.org,http://politicaltheatrics.org/2009/10/19/buried-alive-in-gaza/
2009-10-19,21:24:33,9vhm1,7,"Pakistan pushes into Taliban stronghold - 
'Sixty militants' killed as troops backed by warplanes and artillery face fierce resistance in South Waziristan",guardian.co.uk,http://www.guardian.co.uk/world/2009/oct/19/pakistani-attack-on-south-waziristan
2009-10-19,23:54:16,9vj52,4,"A lot of you won't know who this is, but for those that do: the author Ludovic Kennedy has died. ",news.bbc.co.uk,http://news.bbc.co.uk/1/hi/uk/8314778.stm
2009-10-20,00:38:16,9vjol,4,Flow of Terrorist Recruits Increasing,washingtonpost.com,http://www.washingtonpost.com/wp-dyn/content/article/2009/10/18/AR2009101802549.html?nav=igoogle
2009-10-20,00:04:37,9vj9e,1,"News on Oregon terrorist Oussama Kassir ""Instead of a camp full of dedicated future al-Qaeda fighters the Swede met a disabled 18-year-old and two women who should not have been particularly interested in jihad at all."" ",translate.google.com,http://translate.google.com/translate?js=y&prev=_t&hl=en&ie=UTF-8&u=http%3A%2F%2Fwww.metro.se%2F2009%2F10%2F19%2F49140%2Fterrorsvenskens-lager-ett-skamt%2F&sl=sv&tl=en&history_state0=
2009-10-19,11:21:26,9vd7e,2,Comedian David Mitchell talks about that pesky subject of dying languages,channelflip.com,http://www.channelflip.com/2009/06/25/david-mitchell%E2%80%99s-soapbox-gaelic/
2009-10-19,08:47:34,9vca0,3,"U.S. Urges Arab States to Boost Oil for China. Why? 
To get China to support sanctions against Iran. (If 
only China hadn't signed that $100 billion contract 
with Iran in 2004…)",online.wsj.com,http://online.wsj.com/article/SB125590100370392905.html?mod=WSJ_hpp_MIDDLTopStories
2009-10-19,12:00:10,9vdhe,2,"42 Killed in suicide blast in Iran, including 6 commanders of the revolutionary guard.  So much for Shiite and Sunni reconciliation.",news.google.com,http://news.google.com/news/url?sa=t&ct2=us%2F1_0_s_0_0_t&usg=AFQjCNHY6HslpmFZ241r5TgDZe-ciUhiIA&cid=1453499948&ei=mtPbSuiDK5TelQTo2c60Ag&rt=HOMEPAGE&vm=STANDARD&url=http%3A%2F%2Ffeeds.latimes.com%2F~r%2Flatimes%2Fmostviewed%2F~3%2FLhaUQBEfeL8%2Fla-fg-iran-bombing19-2009oct19%2C0%2C387630.story
