2009-09-30,22:58:54,9pigb,1112,Don't mess with the farmer's daughter. Holy crap.,telegraph.co.uk,http://www.telegraph.co.uk/news/worldnews/asia/india/6244076/Farmers-daughter-disarms-terrorist-and-shoots-him-dead-with-AK47.html
2009-09-30,14:58:15,9pegy,657,Slovenia raises taxes on executive bonuses to 90% for companies receiving bailout money,xe.com,http://www.xe.com/news/2009/09/23/690801.htm
2009-09-30,13:01:13,9pdin,179,"Chinese dwarves set up their own village
A community of dwarves has set up its own village to escape discrimination from normal sized people. 

",metro.co.uk,http://www.metro.co.uk/weird/article.html?Chinese_dwarves_set_up_their_own_village&in_article_id=745272&in_page_id=2
2009-10-01,02:08:53,9pkpq,98,BBC News acquired amateur footage of a tsunami wave coming ashore Samoa,news.bbc.co.uk,http://news.bbc.co.uk/2/hi/asia-pacific/8282741.stm
2009-09-30,15:07:59,9pejk,91,"In historic move, Turkey and Armenia to formally establish diplomatic ties",google.com,http://www.google.com/hostednews/afp/article/ALeqM5jIdltyQRHlvYAKoaM0TKOeIaxIJQ
2009-10-01,03:43:44,9plqw,52,"Earlier this week, about 150 local residents and plainclothes police used violence to force as many monks from a monastery run by followers of Buddhist exile Thich Nhat Hanh. ""The Vietnamese government has won,"" said Sister Dang Nghiem. ""Everything is smashed.""",google.com,http://www.google.com/hostednews/ap/article/ALeqM5hMG6ioUlm7q2WrAtz42e9q-CjYPAD9B05N9G0
2009-09-30,13:58:37,9pdze,42,Asteroid Strikes Pacific Ocean - Creates Rogue Wave over 100ft tall??? ,ndbc.noaa.gov,http://www.ndbc.noaa.gov/station_page.php?station=51407
2009-09-30,12:25:55,9pd74,41,Food Wars?: In the next 50 years the world's population will eat as much food as it has consumed over human history.,news.com.au,"http://www.news.com.au/story/0,27574,26146202-29277,00.html"
2009-09-30,23:33:49,9piuw,34,'No. Come on. Stop it.' Polanski's rape of 13 year old was not 'statutory' rape but his fellow elite still give him a pass,abcnews.go.com,http://abcnews.go.com/Entertainment/roman-polanski/story?id=8705958
2009-09-30,03:17:36,9p8d9,30,Guinea junta troops 'killed and raped hundreds at democracy rally',timesonline.co.uk,http://www.timesonline.co.uk/tol/news/world/africa/article6853982.ece#cid=OTC-RSS&attr=797093
2009-09-30,06:17:00,9pa9b,28,"The Islamificafion of Gaza: new rules prohibit topless MEN from bathing at the beach, wearing shorts on own balcony",jpost.com,http://www.jpost.com/servlet/Satellite?cid=1254163537553&pagename=JPost%2FJPArticle%2FShowFull
2009-09-30,20:20:52,9pgv6,19,"Here we go again. Another major Earthquake, another Tsunami warning. 7.9 Earthquake rocks Indonesia.",reuters.com,http://www.reuters.com/article/homepageCrisis/idUSSP504542._CH_.2400
2009-10-01,00:54:43,9pjsk,19,EU investigation blames Georgia for starting war with Russia in 2008,telegraph.co.uk,http://www.telegraph.co.uk/news/worldnews/europe/georgia/6247620/EU-blames-Georgia-for-starting-war-with-Russia.html
2009-09-30,22:36:26,9pi7f,15,Eyewitness: On air filmed the second wave hitting the harbour when tsunami hit Samoa (W/Video),news.bbc.co.uk,http://news.bbc.co.uk/2/hi/asia-pacific/8282882.stm
2009-10-01,02:56:31,9pl92,12,"Israel Takes Delivery of 2 German-Built U212 Subs. ""The submarines, called U212s, can launch cruise missiles carrying nuclear warheads, although when it confirmed the sale in 2006 the German government said the two vessels were not equipped to carry nuclear weapons.""",globalresearch.ca,http://www.globalresearch.ca/index.php?context=va&aid=15466
2009-09-30,16:49:04,9pfc4,10,Decapitation: School fete turns violent,abc.net.au,http://www.abc.net.au/news/stories/2009/09/30/2700922.htm?section=justin
2009-09-30,08:29:38,9pbcj,8,Population: Europe's problems will grow as it shrinks,newscientist.com,http://www.newscientist.com/article/mg20327271.800-population-europes-problems-will-grow-as-it-shrinks.html?DCMP=OTC-rss&nsref=online-news
2009-09-30,12:15:57,9pd4f,9,"Nothing in war is safe, not even leaflets. Young girl is killed by RAF leaflet drop in Afghanistan",timesonline.co.uk,http://www.timesonline.co.uk/tol/news/world/Afghanistan/article6854513.ece
2009-09-30,12:27:09,9pd7v,7,"Juan Cole: Is the media exaggerating the Iranian nuke threat? If Iran is open to U.N. inspections, it's probably not constructing nuclear weapons",salon.com,http://www.salon.com/opinion/feature/2009/09/29/cole/print.html
2009-09-30,12:52:17,9pdgc,9,Iranians students haven't been cowed by this summer's violence and subsequent crackdown - they started the school year by protesting Ahmadinejad in spite of the risks they faced from doing so,globalpost.com,http://www.globalpost.com/dispatch/middle-east/090928/iran-campuses-rocked-student-demonstrations
2009-10-01,00:09:19,9pj9w,8,French unease at telecom suicides,news.bbc.co.uk,http://news.bbc.co.uk/2/hi/8252547.stm
2009-09-30,22:18:55,9phz6,8,An earthquake of magnitude 7.9 has struck off the Indonesian island of Sumatra.,news.bbc.co.uk,http://news.bbc.co.uk/2/hi/asia-pacific/8282670.stm
2009-09-30,14:00:14,9pdzv,7,"By 2050, 25m more children will go hungry as climate change leads to food crisis",guardian.co.uk,http://www.guardian.co.uk/environment/2009/sep/30/food-crisis-malnurtrition-climate-change
2009-09-30,12:49:36,9pdf8,6,Israeli minister Ehud Barak faces war crimes arrest threat during UK visit,guardian.co.uk,http://www.guardian.co.uk/world/2009/sep/29/ehud-barak-war-crimes-israel
2009-09-30,13:09:49,9pdl8,7,"""Is the media exaggerating the Iranian nuke threat?"" ",salon.com,http://www.salon.com/opinion/feature/2009/09/29/cole/#
2009-10-01,02:51:37,9pl6z,5,"France Records 13% Rise in Arms Sales. ""The United States led with 52.3 percent of the world market, followed by Britain with 13.7 percent, and Russia 8.2 percent. Israel is the fifth-largest arms exporter with a 5 percent share.""",globalresearch.ca,http://www.globalresearch.ca/index.php?context=va&aid=15468
2009-09-30,20:10:35,9pgrt,5,Japan’s government plans to submit legislation to allow married women to keep their maiden names,bloomberg.com,http://www.bloomberg.com/apps/news?pid=20601101&sid=acb3CzVEXvxs
2009-10-01,02:00:00,9pkl9,3,The Big Picture - Typhoon Ketsana,boston.com,http://www.boston.com/bigpicture/2009/09/typhoon_ketsana_ondoy.html
2009-09-30,09:26:21,9pbrb,2,"Punished for being yourself: In the past week there have been scary reports of mass rapes of suspected lesbians in South Africa, and systematic persecution and killings of suspected homosexuals in Iraq.",theage.com.au,http://www.theage.com.au/opinion/society-and-culture/punished-for-being-yourself-20090929-gb0j.html
2009-10-01,06:10:34,9pn9p,3,India's cricket sex caper. A new training manual that extols the benefits of sex before matches has India hot and bothered. ,globalpost.com,http://www.globalpost.com/dispatch/india/090929/india-sex-cricket-masturbation
