2009-06-27,23:42:32,8w72b,81,"Venezuela banned Coke Zero with aspartame and acesulfame K; Letter to President Hugo Chavez
",opednews.com,http://www.opednews.com/articles/Venezuela-Banned-Coke-Zero-by-Dr-Betty-Martini-090624-97.html
2009-06-27,05:16:11,8w0ol,57,N.Korean Cargo Ship 'Approaching Moment of Truth',english.chosun.com,http://english.chosun.com/site/data/html_dir/2009/06/26/2009062600736.html
2009-06-28,01:17:24,8w7oo,24,How can a revolution kill its children?,nytimes.com,http://www.nytimes.com/2009/06/27/opinion/27cohen.html
2009-06-27,21:44:16,8w6cg,20,"Protests in Iran may not be working, but protests in Peru did; logging and damning in Amazon rain forest will be avoided.",nytimes.com,http://www.nytimes.com/2009/06/19/world/americas/19peru.html?_r=1&ref=americas
2009-06-28,06:00:56,8w9d5,20,"Ethnic clash in Chinese factory kills 2, hurts 118",seattlepi.com,http://www.seattlepi.com/national/1104ap_as_china_factory_fight.html
2009-06-27,23:52:08,8w742,19,ID cards planned for India's 1.1 billion,independent.co.uk,http://www.independent.co.uk/news/world/asia/id-cards-planned-for-indias-11-billion-1721552.html
2009-06-28,05:18:16,8w95d,13,Red Crystal to Replace Red Cross and Red Crescent,news.bbc.co.uk,http://news.bbc.co.uk/2/hi/uk_news/politics/7977157.stm
2009-06-27,22:12:41,8w6ie,13, Iran militia raids 'target homes',news.bbc.co.uk,http://news.bbc.co.uk/2/hi/middle_east/8122263.stm
2009-06-27,22:18:33,8w6jl,9,Saad Hariri named Lebanese prime minister,news.com.au,"http://www.news.com.au/story/0,23599,25701471-1702,00.html?from=public_rss"
2009-06-27,20:42:21,8w60o,8,Author Naomi Klein calls for boycott of Israel,naomiklein.org,http://www.naomiklein.org/articles/2009/06/author-naomi-klein-calls-boycott-israel
2009-06-28,01:30:43,8w7ry,8,"How are potentially lethal Molotov cocktails that different from rocket attacks? Can the Palestinians destroy the homes of the settlers responsible for this, just as the Israelis bulldoze Palestinian homes?",google.com,http://www.google.com/hostednews/afp/article/ALeqM5ivXHcbwavSYURPGKQB9jHj-kulqQ
2009-06-28,02:54:13,8w8bl,5,Syria threatens to take back Golan by force,haaretz.com,http://www.haaretz.com/hasen/spages/1095962.html
2009-06-28,01:51:54,8w7wd,7,"Palestinian Violence Overstated, Israeli Violence Understated",motherjones.com,http://www.motherjones.com/print/24926
2009-06-28,07:26:09,8w9rp,5,German court upholds ban on words with Nazi link,news.yahoo.com,http://news.yahoo.com/s/nm/20090626/od_nm/us_germany_nazi_odd_1
2009-06-28,00:54:15,8w7j5,5,"Norwegian girl hit by truck, then car, then dragged 4 km under car – lives",taleofwoe.com,http://www.taleofwoe.com/?p=1046
2009-06-27,15:45:01,8w4k2,2,Dozens of journalists jailed in Iran,theaustralian.news.com.au,"http://www.theaustralian.news.com.au/story/0,,25698736-601,00.html"
2009-06-27,14:06:43,8w40f,2,"Karim Sadjadpour: The crowds have gone but 
Tehran has changed forever",independent.co.uk,http://www.independent.co.uk/opinion/commentators/karim-sadjadpour-the-crowds-have-gone-but-tehran-has-changed-forever-1721549.html
2009-06-27,18:37:05,8w5gf,3,North Korea threatens to shoot down Japanese surveillance planes  ,english.yonhapnews.co.kr,http://english.yonhapnews.co.kr/northkorea/2009/06/27/69/0401000000AEN20090627001300315F.HTML
2009-06-28,01:59:42,8w7xx,4,"For years prior to the June 2009 protests, Iran had already been undergoing a quiet but rapidly growing sexual revolution where young people, women, and gays have been speaking back to the regime with their bodies, behaviors and dress.

",laprogressive.com,http://www.laprogressive.com/2009/06/27/irans-youth-and-womens-movement/
2009-06-27,16:17:50,8w4qk,4,Iran's Guardian Council to set up special commission for election report,english.people.com.cn,http://english.people.com.cn/90001/90777/90854/6687699.html
2009-06-28,03:42:59,8w8lh,4,"""Nazis"" disperse ultra-orthodox Jews protesting car park",news.scotsman.com,http://news.scotsman.com/latestnews/Violent-protests-at-opening-of.5407496.jp
2009-06-28,06:40:13,8w9jk,3,Mousavi rejects Iran vote recount proposal,haaretz.com,http://www.haaretz.com/hasen/spages/1095966.html
2009-06-27,22:05:18,8w6gw,3,Workers’ groups in Iran appreciate international solidarity day,links.org.au,http://links.org.au/node/1119/21626#comment-21626
2009-06-28,05:11:12,8w944,2,Ayatollah: Rioters are enemies of God,upi.com,http://www.upi.com/Top_News/2009/06/26/Ayatollah-Rioters-are-enemies-of-God/UPI-24011246052187/
2009-06-28,07:31:35,8w9sp,2,"Zimbabwe’s Diamond Fields Enrich Ruling Party, Report Says ",nytimes.com,http://www.nytimes.com/2009/06/27/world/africa/27zimbabwe.html?ref=globalhome
2009-06-27,20:34:30,8w5zb,3,Nazi ideology is now part of mainstream politics in the West,realstreet.co.uk,http://www.realstreet.co.uk/2009/06/the-population-reduction-agenda-for-dummies/
2009-06-27,17:03:30,8w4zc,2,Iranian council offers Moussavi deal to settle dispute,earthtimes.org,"http://www.earthtimes.org/articles/show/275053,iranian-council-offers-moussavi-deal-to-settle-dispute--update.html"
2009-06-27,21:36:10,8w6an,2,Torture Survivors Want Torturers Prosecuted,youtube.com,http://www.youtube.com/watch?v=J2Xr_f5u3Xk
2009-06-28,03:49:37,8w8my,2,Why We Protest - IRAN - NewsFeed,iran.whyweprotest.net,http://iran.whyweprotest.net/newsfeed/
2009-06-28,07:20:40,8w9qo,2,Ahmadinejad Slams Obama's Protest Comments - washingtonpost.com,washingtonpost.com,http://www.washingtonpost.com/wp-dyn/content/article/2009/06/27/AR2009062700237.html?referrer=reddit
