2009-06-11,12:53:16,8rjuv,1116,"""When Frank McGarahan saw a homeless man being beaten up, he stepped in - and paid for his courage with his life.""",independent.co.uk,http://www.independent.co.uk/news/uk/crime/killing-of-a-good-samaritan-1701098.html
2009-06-12,02:29:43,8rqa0,370,This is what Canada’s government is doing: “Money earmarked to support wind energy producers was diverted to research and development in the oil patch in backroom budget wrangling” … let’s bring down these SOB’s ,thechronicleherald.ca,http://thechronicleherald.ca/Front/9012123.html
2009-06-12,07:43:19,8rswy,130,"The Generation Born of Rape during the Rwandan Genocide - ""I must be honest with you: I never loved this child""",slate.com,http://www.slate.com/id/2219840/
2009-06-11,21:04:52,8rn4i,85,"Damn, this is cruel, even for the Middle East: Palestinians with critically ill babies denied treatment unless they collaborate with Israeli intelligence ",guardian.co.uk,http://www.guardian.co.uk/world/video/2009/jun/11/gaza-israel
2009-06-12,06:11:21,8rsa1,63,Iran's elections are a few hours away- LA Times had a good piece this morning on the current climate in Iran,latimes.com,"http://www.latimes.com/news/nationworld/world/la-fg-iran-groove11-2009jun11,0,533655.story"
2009-06-12,03:27:50,8rqts,57,Sports car maker Koenigsegg buys Saab,thelocal.se,http://www.thelocal.se/20022/20090611/
2009-06-12,00:55:44,8rpat,53,"I wandered in a sea of green ribbons, hats, banners and bandannas to a rally at which Ahmadinejad was mocked as “a midget” and Moussavi’s wife, Zahra Rahnavard, sporting a floral hijab that taunted grey-black officialdom, warned the president that: “If there is vote rigging, Iran will rise up.”",nytimes.com,http://www.nytimes.com/2009/06/11/opinion/11iht-edcohen.html
2009-06-11,23:46:58,8rok5,46,Shell brutality not restricted to Nigerians - troublesome Irish fisherman's boat sunk by masked Shell security personnel,indymedia.org.uk,http://www.indymedia.org.uk/en/2009/06/432119.html
2009-06-11,10:47:07,8rj0v,39,"It is getting harder to hide the superiority complexity of the settler movement: I don't believe in western morality, i.e. don't kill civilians or children ... don't shoot until they shoot first because it is immoral",haaretz.com,http://www.haaretz.com/hasen/spages/1091234.html
2009-06-11,14:57:02,8rkri,29,2 Japanese arrested after trying to smuggle $134 bil worth of U.S. bonds into Switzerland - WTF?,japantoday.com,http://www.japantoday.com/category/crime/view/2-japanese-carrying-134-bil-worth-of-us-bonds-detained-in-italy
2009-06-11,18:47:35,8rm4r,21,"Gaddafi: ""It is not a piracy, it is self defense. It is defending the Somalia children's food!''",presstv.ir,http://www.presstv.ir/detail.aspx?id=96489&sectionid=351020506
2009-06-11,18:42:03,8rm3j,21,A 72-year-old great-grandmother in Texas has threatened to sue police after an officer tased her.,news.bbc.co.uk,http://news.bbc.co.uk/1/hi/world/americas/8094023.stm
2009-06-11,15:00:38,8rks5,18,"Venezuela bans Coke Zero, cites ""danger to health""",alertnet.org,http://www.alertnet.org/thenews/newsdesk/N10470891.htm
2009-06-12,01:20:44,8rpk8,15,"The global economic meltdown has claimed an unexpected victim: North Korea’s chain of restaurants in Southeast Asia. Though staunchly socialist at home, the North Korean government has been quite successful in running capitalist enterprises abroad.",yaleglobal.yale.edu,http://yaleglobal.yale.edu/display.article?id=12461
2009-06-11,10:56:37,8rj34,15,European election: 60% abstain; big gains for the right; revolutionary left wins seats in Portugal and Ireland,links.org.au,http://links.org.au/node/1094
2009-06-12,00:41:56,8rp4m,15,WHO declares pandemic level 6. Fearmongering to continue at levels not seen since 1968.,reuters.com,http://www.reuters.com/article/topNews/idUSTRE55A1U720090611?feedType=RSS&feedName=topNews
2009-06-12,02:43:24,8rqf9,13,Police count the cost of migrants,news.bbc.co.uk,http://news.bbc.co.uk/1/hi/england/cambridgeshire/7343905.stm
2009-06-12,00:24:19,8roxv,12,Who Is Winning the Arctic Game of Monopoly?,spiegel.de,"http://www.spiegel.de/international/world/0,1518,629773,00.html"
2009-06-11,19:48:36,8rmjz,10,Free Wi-fi internet for Romanians ,etromania.com,http://etromania.com/index.php/Daily-News/Free-Wi-fi-internet-for-Romanians.html
2009-06-12,01:52:55,8rpw6,8,WHO: World now at the start of 2009 influenza pandemic,who.int,http://www.who.int/mediacentre/news/statements/2009/h1n1_pandemic_phase6_20090611/en/index.html
2009-06-11,11:56:46,8rjh5,5,"""In the Name of Mine"". El Salvador's civil war, 1980's. American-backed death squads terrorize the countryside. Several brave journalists spent weeks with the FMLN resistance, filming their fight for justice. Part 1 of 8.",youtube.com,http://www.youtube.com/watch?v=eV-AwA7rRQg
2009-06-11,22:21:51,8rnri,8,Peled proposes Israeli sanctions on US,jpost.com,http://www.jpost.com/servlet/Satellite?cid=1244371046569&pagename=JPArticle/ShowFull
2009-06-11,12:30:57,8rjpl,8,Canada to stop producing medical isotopes.,calgaryherald.com,http://www.calgaryherald.com/Canada+stop+producing+medical+isotopes+Harper/1683022/story.html
2009-06-11,08:07:10,8rhwj,6,"Indian Prostitutes Learn Karate To Fight Johns, Pimps",news.bbc.co.uk,http://news.bbc.co.uk/2/hi/south_asia/8093946.stm
2009-06-11,23:06:19,8ro6g,4,India lodges protest against Chinese drugs with fake 'Made in India' tag,timesofindia.indiatimes.com,http://timesofindia.indiatimes.com/India/India-lodges-protest-against-Chinese-drugs-with-fake-Made-in-India-tag/articleshow/4643585.cms
2009-06-11,08:00:18,8rhuu,4,Data Protection Makes Identifying Online Pirates a Nightmare -- GOOD.,torrentfreak.com,http://torrentfreak.com/data-protection-makes-identifying-online-pirates-a-nightmare-090610/
2009-06-11,13:42:10,8rk60,2,Oxidane spill threatening the world's oceans!,dhmo.org,http://www.dhmo.org/
2009-06-12,02:41:29,8rqel,4,USA Economic Growth Most at Risk Due to Education Shortcomings,ibwire.com,http://www.ibwire.com/articles/news/1/489/usa-economic-growth-most-at-risk-due-to-education-shortcomings
2009-06-11,10:18:38,8riui,5,Fast food giants like McDonalds are benefiting from the food crisis - report record-breaking sales!,news.com.au,"http://www.news.com.au/couriermail/story/0,20797,24972277-3122,00.html?from=public_rss"
2009-06-11,11:45:17,8rje4,1,"""The imperial mentality of solving all such problems got the United States into its current riff with the Islamic world. To get rid of this dangerous source of friction, the United States should just stop meddling in that part of the world."" ",world.mediamonitors.net,http://world.mediamonitors.net/Headlines/Obama-versus-Osama
