2009-08-15,09:50:25,9askf,644,"Why is this not getting more attention? Hamas vs Al-Qaeda in Gaza - 13 dead, 85 injured.",news.bbc.co.uk,http://news.bbc.co.uk/1/hi/world/middle_east/8202553.stm
2009-08-16,00:51:55,9axky,181,"Sounds familiar - Iraq, a nation that once had a robust farming sector is becoming dependent on imports and oil to sustain itself.",nytimes.com,http://www.nytimes.com/2009/08/15/world/middleeast/15dates.html?_r=1&hp
2009-08-16,00:44:20,9axj5,107,"Hamas assault on Gaza mosque leaves 24 Palestinians dead, including an 11-year old girl, 150 wounded",news.yahoo.com,http://news.yahoo.com/s/ap/20090815/ap_on_re_mi_ea/ml_palestinians_gaza_shootout
2009-08-16,06:46:08,9aztn,99,Iceland: what ugly secrets are waiting to be exposed in the meltdown?,telegraph.co.uk,http://www.telegraph.co.uk/finance/newsbysector/banksandfinance/6034654/Iceland-what-ugly-secrets-are-waiting-to-be-exposed-in-the-meltdown.html
2009-08-15,15:51:31,9aujq,74,UK Government's statement that ID card has not been hacked proves that it really is just another useless bit of plastic,computerweekly.com,http://www.computerweekly.com/blogs/the-data-trust-blog/2009/08/has-the-id-card-been-hacked.html
2009-08-15,08:35:36,9as5z,63,Taser International launches court action to quash inquiry's recommendations for preventing taser deaths.,cbc.ca,http://www.cbc.ca/canada/story/2009/08/14/taser-challenge-inquiry014.html
2009-08-15,03:03:48,9apf4,37,Germany's Jews are showing strong resolve against evil by calling on the government to allow the publication of Mein Kampf,latimes.com,"http://www.latimes.com/news/opinion/opinionla/la-ed-meinkampf14-2009aug14,0,988943.story?track=newslettertext"
2009-08-16,07:59:32,9b05i,27,"American white supremacist, Preston Wiginton, prevented from entering Britain to attend fascist BNP festival ",telegraph.co.uk,http://www.telegraph.co.uk/news/newstopics/politics/6029604/White-supremacist-barred-from-entering-country-to-attend-BNP-festival.html
2009-08-16,04:34:30,9az42,20,Ransom demand received for cargo ship mysteriously missing since July 30th,news.bbc.co.uk,http://news.bbc.co.uk/2/hi/europe/8203210.stm
2009-08-15,09:05:28,9asc6,19,"Ireland: Employees occupy superstore. ""Thomas Cook occupation may be spark. Mitchelstown has history of worker's taking control""",swp.ie,http://www.swp.ie/index.php?page=316&dept=News
2009-08-15,23:23:45,9ax04,17,American who visited Suu Kyi to be freed from Myanmar,in.reuters.com,http://in.reuters.com/article/southAsiaNews/idINIndia-41779320090815
2009-08-15,15:58:24,9auky,15,Taiwan typhoon death toll increases,cnn.com,http://www.cnn.com/2009/WORLD/asiapcf/08/14/typhoon.wrap/index.html
2009-08-15,13:34:33,9atsu,14,Israel financing and promoting repression in Brazil and Latin America.,brazzil.com,http://www.brazzil.com/component/content/article/207-august-2009/10228-israel-still-financing-and-promoting-repression-in-brazil-and-latin-america.html
2009-08-15,18:56:47,9avl5,11,A judge in Australia gave a man who became a quadriplegic after a road accident the legal right to starve to death while watching TV.,dailymail.co.uk,http://www.dailymail.co.uk/news/worldnews/article-1206522/Quadriplegic-man-wins-legal-right-to-starve-death-watching-TV.html
2009-08-15,14:29:31,9au36,9,Huge blast at Nato base in Kabul,news.bbc.co.uk,http://news.bbc.co.uk/2/hi/south_asia/8202758.stm
2009-08-16,01:31:38,9axvi,4,"LAMPANG, Thailand – Motola, a female elephant who stepped on a land mine 10 years ago and endured painful operations, was fitted Saturday in Thailand for a permanent artificial leg.",news.yahoo.com,http://news.yahoo.com/s/ap/20090815/ap_on_re_as/as_thailand_elephant_artificial_leg
2009-08-15,15:44:08,9auii,5,Daventry District Council may shift blame for £8 million deposit in Iceland banks,idaventry.com,http://www.idaventry.com/?p=1289
2009-08-15,18:08:03,9avc3,4,"After an 8-hour standoff, cops finally get the Nut Head who sent a threat to the White House he was planning to blow it up. ",latimes.com,"http://www.latimes.com/news/local/la-me-westwood14-2009aug14,0,50605.story"
2009-08-15,22:06:17,9awkj,2,British defend their healthcare system,trueslant.com,http://trueslant.com/allisonkilkenny/2009/08/15/british-defend-their-healthcare-system/
2009-08-15,10:41:39,9asuh,0,"World's oldest student dies at 90, entered primary school at 84",english.aljazeera.net,http://english.aljazeera.net/news/africa/2009/08/2009814182159743683.html
2009-08-16,06:00:50,9azl0,0,Jerusalem-born Jew elected to Fatah Revolutionary Council ,haaretz.com,http://www.haaretz.com/hasen/spages/1107668.html
2009-08-15,21:13:57,9awb5,0,Daily Mail goes all-out cat claws on Baby P's mum (one of the worst child abuse cases in Britain's history).,dailymail.co.uk,http://www.dailymail.co.uk/news/article-1206629/What-Baby-Ps-mother-Tracey-Connelly-wicked.html
2009-08-15,12:22:23,9ate2,0,"Abdel Latif Moussa, the leader of the Jund Ansar Allah, triggered the violent clashes after he said Hamas is insufficiently Islamic and created an Islamic emirate, or state, in Rafah which would eventually spread throughout the Palestinian territories.",longwarjournal.org,http://www.longwarjournal.org/archives/2009/08/hamas_and_al_qaeda_l.php
2009-08-16,02:59:28,9ayho,0,Hamas security forces killed the leader of an al Qaeda-inspired group in the Gaza Strip Saturday in a shootout that claimed the lives of 22 people,dawn.com,http://www.dawn.com/wps/wcm/connect/dawn-content-library/dawn/news/world/07-gun-battle-in-gaza-mosque-leaves-13-dead-100-injured-ha-02
2009-08-16,07:14:32,9azy8,0,"Argentina: FASINPAT now officially a free company. ""Workers adopted objective to create new jobs, make donations in community and support other social movements... for a world without exploitation""",upsidedownworld.org,http://upsidedownworld.org/main/content/view/2052/32/
2009-08-15,14:24:12,9au27,0,Hamas fighting an extremist Islamic group,news.bbc.co.uk,http://news.bbc.co.uk/2/hi/middle_east/8202746.stm
2009-08-15,21:32:04,9awe7,0,Red Cross races to help typhoon survivors in East Asia,ifrc.org,http://www.ifrc.org/Docs/News/09/09081401/index.asp
