2009-08-03,06:04:51,96w4m,285,"Chavez shuts down 34 radio stations - says stations and radio waves no longer belong to the ""bourgeoisie""",reuters.com,http://www.reuters.com/article/bondsNews/idUSN0146551720090801
2009-08-03,13:29:57,96yr7,236,"CIA Documents from the US embassy in Iran were shredded into thin strips and Iranians managed to piece them back together. In 1983 they were published in 54 volumes titled ""Documents From the U.S. Espionage Den""",edwardjayepstein.com,http://www.edwardjayepstein.com/archived/teheren.htm
2009-08-03,03:30:54,96v8l,225,Woman set to be flogged for wearing pants in Sudan fights back. Her hearing is tomorrow!,theage.com.au,http://www.theage.com.au/world/sudanese-woman-to-dare-court-over-flogging-20090802-e5tf.html
2009-08-04,00:53:48,974d3,216,"Saturday morning in a Christian village in Pakistan, ""Muslims marched [in] to avenge what they believed was the desecration of a Koran one week earlier. When it was over, dozens of houses were torched... two villagers were shot dead... Five others, including two children, burned alive.""",washingtonpost.com,http://www.washingtonpost.com/wp-dyn/content/article/2009/08/02/AR2009080202011.html
2009-08-03,06:42:23,96wcp,189,New HIV strain discovered in woman from Cameroon,hosted.ap.org,http://hosted.ap.org/dynamic/stories/U/US_SCI_NEW_HIV?SITE=AP&SECTION=HOME&TEMPLATE=DEFAULT
2009-08-03,00:02:13,96tst,106,The Amazing Unseen Hitler Films just found and have not been digitized,boingboing.net,http://www.boingboing.net/2009/08/02/the-amazing-unseen-h.html#more
2009-08-04,07:16:42,9779n,85,"The five (US) horsemen of the global financial Apocalypse finally revealed: JP Morgan Chase, Bank of America, Goldman Sachs, Citigroup, and Morgan Stanley hold 80% of all derivatives risk, and 96% of all business exposure to credit derivatives.",cfo.com,http://www.cfo.com/article.cfm/14113089/?f=rsspage
2009-08-03,21:07:11,9721v,86,Pneumonic plague outbreak in China,bloomberg.com,http://www.bloomberg.com/apps/news?pid=20601087&sid=aNa6qZ1admp8
2009-08-03,19:25:59,971bu,60,Berlin's luxury car arsonists use slow-burning fuses to torch an average of one luxury car per day. More than 170 cars have been destroyed and police confirm conservatively that 93 were politically motivated attacks.,theage.com.au,http://www.theage.com.au/world/german-radicals-turn-to-arson-20090731-e4hf.html
2009-08-03,08:42:51,96x0z,52,"Instead of stopping Jewish settlements within the potential Palestinian State, Israeli police evicted two Palestinian families in east Jerusalem on Sunday, then allowed Jewish settlers to move into their homes.",huffingtonpost.com,http://www.huffingtonpost.com/2009/08/02/50-palestinians-evicted-f_n_249579.html
2009-08-04,07:07:30,9777p,46,"Former Irish president Mary Robinson 'bullied' by pro-Israel lobbyists: ""There's a lot of bullying by certain elements of the Jewish community. They bully people who try to address the severe situation in Gaza and the West Bank. Archbishop Desmond Tutu gets the same criticism.""
",belfasttelegraph.co.uk,http://www.belfasttelegraph.co.uk/news/local-national/former-irish-president-mary-robinson-bullied-by-proisrael-lobbyists-14441753.html
2009-08-03,02:20:19,96uqo,47,"NHS stops giving painkillers to back pain patients to save money, now recommending ""acupuncture or osteopathy"" instead. Result: Thousands just have to live with pain.",telegraph.co.uk,http://www.telegraph.co.uk/health/healthnews/5955840/Patients-forced-to-live-in-agony-after-NHS-refuses-to-pay-for-painkilling-injections.html
2009-08-04,06:23:47,976yn,30,Eric Cantor (R-VA) sounds more like a PR man for Israel than an American congressman,haaretz.com,http://www.haaretz.com/hasen/spages/1104794.html
2009-08-04,01:11:12,974ku,18,"Iraqi Vice President's guards arrested for $4.8M 
bank robbery.",latimes.com,"http://www.latimes.com/news/la-fg-iraq-robbery3-2009aug03,0,6501799.story?track=rss"
2009-08-03,14:33:06,96z7v,19,Israeli Police Urge Indictment of Foreign Minister Lieberman in Corruption Case,washingtonpost.com,http://www.washingtonpost.com/wp-dyn/content/article/2009/08/02/AR2009080201407.html?hpid=sec-world
2009-08-04,06:44:56,9771z,16,Al Qaeda offers ceasefire in exchange for withdrawal from Afghanistan,abcnews.go.com,http://abcnews.go.com/Blotter/story?id=8242075&page=1
2009-08-04,06:05:05,976ux,11,"Liberia's deputy ambassador will travel to Phoenix in hopes of meeting with the 8-year old who was raped by minors then abandoned by her parents. ""Liberians all over the world are very much outraged and don't want to be stigmatized by this.""",google.com,http://www.google.com/hostednews/ap/article/ALeqM5iuEVz2wzCQhOuO9806ZEyMzCdu2QD99RKDD05
2009-08-04,00:56:07,974e6,11,Half of the fresh fruit and veg sold across the UK is contaminated with toxic pesticides,commondreams.org,http://www.commondreams.org/headline/2009/08/02-2
2009-08-03,23:00:30,9733z,10,Georgia has accused Russia of trying to seize more of its territory as the anniversary of last year's brief war between the two countries approaches.,news.bbc.co.uk,http://news.bbc.co.uk/2/hi/europe/8181005.stm
2009-08-04,06:34:49,9770d,9,"Ahmadinejad and Khamenei kiss and make up at swearing-in ceremony, but dozens of parliamentarians and members of the influential Assembly of Experts neglect to attend, signaling their intent to continue protesting.",csmonitor.com,http://www.csmonitor.com/2009/0804/p06s01-wome.html
2009-08-03,12:05:21,96y96,11,Plague Kills Second Man in Northwest China as Town Quarantined - Bloomberg.com,bloomberg.com,http://www.bloomberg.com/apps/news?pid=20601087&sid=aBP_MeAgsZlo
2009-08-03,16:19:45,9702l,6,"If any Israeli citizen refuses to see his or her country embracing fascism any further, let he or she speak out, speak out loud, and speak out now, without waiting for the next elections",e-blogules.blogspot.com,http://e-blogules.blogspot.com/2009/08/israel-openly-embraces-fascism.html
2009-08-04,07:07:37,9777r,4,Photos show a mystery building in Burma near its Russian-constructed nuclear reactor site; is the junta going go break out with the bomb?,armscontrolwonk.com,http://www.armscontrolwonk.com/2407/big-odd-myanmar-box
2009-08-04,06:27:30,976zd,6,"Magnitude 6.9 quake shakes Mexico and California, part of a ""quake swarm""; more to come?",earthquake.usgs.gov,http://earthquake.usgs.gov/eqcenter/recenteqsww/Maps/region/N_America.php
2009-08-03,10:24:42,96xm3,6,Iran is ready to build an N-bomb - it is just waiting for the Ayatollah's order - says Western Intelligence source.,timesonline.co.uk,http://www.timesonline.co.uk/tol/news/world/middle_east/article6736785.ece
2009-08-03,14:28:24,96z6d,4,Yet another formula and such crap from the recording industry,news.bbc.co.uk,http://news.bbc.co.uk/2/hi/in_depth/8178076.stm
2009-08-03,13:37:00,96ysu,6,"Military honour guards carried former President Corazon Aquino's flag-draped casket to a school gym on Saturday for public viewing, as Filipinos mourned the beloved democracy icon who swept away a dictator and fought off seven coup attempts.",sify.com,http://sify.com/news/imagegallery/galleryDetail.php?id=jida0Afdcfa&title=Philippines_mourns_Corazon_Aquino
2009-08-03,16:38:40,9707s,5,"Iran opposition leaders confess on TV. Wife claims ""The sentences he was using were not his own.”   Uncle Joe approves.",nytimes.com,http://www.nytimes.com/2009/08/03/world/middleeast/03iran.html?partner=rss&emc=rss&pagewanted=all
2009-08-03,12:21:31,96ycy,3,NZ Prime Minister mislead Parliament.  Government by spin leads to casual lies.,norightturn.blogspot.com,http://norightturn.blogspot.com/2009/08/misleading-house.html
2009-08-03,23:30:22,973fb,2,Kenyan leader reduces all death sentences to life,google.com,http://www.google.com/hostednews/ap/article/ALeqM5h99KeJUO60rXRBQLm5Z7vXtLjRzAD99REH5O2
