2009-03-28,15:12:48,8856l,46,"Israeli lie machine goes into overdrive -- Israeli soldiers didn't actually shoot a woman and kids that went the wrong way, ""warning shots"" were exaggerated by other soldiers.  Does Israel actually think anybody anywhere buys this crap?",nytimes.com,http://www.nytimes.com/2009/03/28/world/middleeast/28israel.html?_r=1&hpw
2009-03-28,17:00:21,885jw,27,Madoff's wife took $2m from London office before collapse,belfasttelegraph.co.uk,http://www.belfasttelegraph.co.uk/news/world-news/madoffs-wife-took-with-2m-from-london-office-before-collapse-14247250.html
2009-03-29,08:08:36,889rl,24,'Most religious leaders are fools',news.bbc.co.uk,http://news.bbc.co.uk/2/hi/uk_news/7895604.stm
2009-03-28,16:56:25,885jb,21,"200 children, some as young as 13, identified as terrorists by British police",belfasttelegraph.co.uk,http://www.belfasttelegraph.co.uk/news/local-national/200-children-identified-as-potential-terrorists-14247230.html
2009-03-29,08:09:25,889rr,15," Porn star strips at Milan stock exchange to protest financial crisis, traders immediately go long",ihatethemedia.com,http://www.ihatethemedia.com/porn-star-laura-perego-strips-at-milan-stock-exchange-to-protest-financial-crisis
2009-03-28,11:54:11,884fs,13,"WTF?!! UK police uses drastic tactics to identify 200 school children as potential terrorists: ""We are targeting criminals and would-be terrorists who happen to be cloaking themselves in Islamic rhetoric. That is not the same as targeting the Muslim community.""",independent.co.uk,http://www.independent.co.uk/news/uk/crime/police-identify-200-children-as-potential-terrorists-1656027.html
2009-03-29,03:50:08,888gf,13,Cadburys dairy milk have gone fairtrade!,fairtrade.org.uk,http://www.fairtrade.org.uk/press_office/press_releases_and_statements/march_2009/cadbury_dairy_milk_commits_to_going_fairtrade.aspx
2009-03-29,02:21:18,887xr,15,"Iraqi  journalist, ""Shoe Thrower"" selected as one of the top influential people in the Middle East ",arabianbusiness.com,http://www.arabianbusiness.com/power100
2009-03-29,02:14:05,887w0,12,UK police trying to 'smear' peaceful G20 protests,timesonline.co.uk,http://www.timesonline.co.uk/tol/news/politics/G20/article5991937.ece
2009-03-28,21:40:45,886o6,12,Police officers disguised as Palestinians were attacked by Jewish settlers in the West Bank,jpost.com,http://www.jpost.com/servlet/Satellite?pagename=JPost/JPArticle/ShowFull&cid=1237727562020
2009-03-28,12:38:35,884m0,12,The Pirate Party Makes a Bid for the European Parliament,blog.wired.com,http://blog.wired.com/27bstroke6/2009/03/the-pirate-part.html
2009-03-28,22:36:56,886zl,12,China celebrates Tibetan liberation.  Is this how history is re-written? ,news.bbc.co.uk,http://news.bbc.co.uk/2/hi/asia-pacific/7969245.stm
2009-03-28,19:48:01,8866d,10,The Associated Press: UN body OKs call to curb religious criticism- more junk from the UN Human Rights Council,google.com,http://www.google.com/hostednews/ap/article/ALeqM5iRHXSIoJJdXQpG3kPrRO2LWMnWTAD975TOK00
2009-03-28,22:15:58,886vn,9,The Lancet has accused Pope Benedict XVI of distorting scientific evidence to promote Catholic doctrine following his remarks about condom use and HIV.,guardian.co.uk,http://www.guardian.co.uk/world/2009/mar/28/pope-benedict-xvi-hiv
2009-03-28,21:23:10,886kt,6,'Italian Fritzl' and son held for raping daughters: An Italian man and his son have been arrested for raping their own daughters ,inthenews.co.uk,http://www.inthenews.co.uk/news/autocodes/countries/italy/-italian-fritzl-and-son-held-raping-daughters-$1283733.htm
2009-03-28,05:00:11,882bo,8,"Brazilian President Lula de Silva blames ""blue-eyed, white people,"" makes Gordon Brown uncomfortable",nydailynews.com,http://www.nydailynews.com/money/2009/03/27/2009-03-27_brazilian_president_lula_de_silva_blames.html
2009-03-28,12:18:35,884jk,5,Jews Against Zionism,viewsonisrael.blogspot.com,http://viewsonisrael.blogspot.com/2009/03/jews-against-zionism.html
2009-03-29,06:32:12,889a0,4,US and Iran open Afghanistan peace talks,timesonline.co.uk,http://www.timesonline.co.uk/tol/news/world/middle_east/article5993094.ece
2009-03-28,21:46:09,886p9,5,Madagascar protesters tear-gassed for third day,reuters.com,http://www.reuters.com/article/topNews/idUSTRE52R11E20090328?feedType=RSS&feedName=topNews
2009-03-29,03:39:57,888e3,5,"For first time, CNN in third place in prime time ",news.yahoo.com,http://news.yahoo.com/s/ap/20090327/ap_en_ot/tv_cnn_in_third
2009-03-28,13:39:11,884u9,3,Suburban 'tsunami' kills 77 in Jakarta,edition.cnn.com,http://edition.cnn.com/2009/WORLD/asiapcf/03/28/indonesia.dam/index.html
2009-03-28,10:18:42,8841s,3,Czech prime minister blames AC/DC rock concert for his critical comment of Obama,msnbc.msn.com,http://www.msnbc.msn.com/id/29923316/
2009-03-29,04:02:01,888j5,2,Egypt releases detained blogger: Secretly held for 7 weeks.,reuters.com,http://www.reuters.com/article/internetNews/idUSTRE52R13320090328
2009-03-28,21:15:03,886j6,4,"Earth Hour 2009 - the Good, the Bad and the Real Point of it All",twilightearth.com,http://www.twilightearth.com/2009/03/earth-hour-2009-the-good-the-bad-and-the-real-point-of-it-all/
2009-03-29,07:48:43,889o3,2,"No talks on Falklands, says Brown",news.bbc.co.uk,http://news.bbc.co.uk/2/hi/uk_news/politics/7969463.stm
2009-03-28,08:45:25,883op,1,Harvard researchers agree with Pope Benedict on condoms in Africa,windrosehotel.blogspot.com,http://windrosehotel.blogspot.com/2009/03/harvard-researchers-agree-with-pope.html
2009-03-28,22:38:06,886zt,1,Hamas frees rival Fatah leaders in Gaza,reuters.com,http://www.reuters.com/article/worldNews/idUSTRE52R0V120090328
2009-03-28,23:52:34,887em,2,Bad Argentina! The Falklands belong to us.,uk.reuters.com,http://uk.reuters.com/article/UKNews1/idUKN2829296720090328
2009-03-28,18:55:17,885ya,2,SF Gate article blames Nevada for firearms used by their felons,30yearminimum.com,http://www.30yearminimum.com/index.php?option=com_content&view=article&id=37:sf-gate-article-blames-nevada-for-firearms-used-by-their-felons&catid=5:crimes-in-the-news
2009-03-29,07:27:33,889ju,1,Tensions Rise Over North Korean Rocket,ipsnews.net,http://www.ipsnews.net/news.asp?idnews=46300
