2009-06-09,23:14:15,8r1i4,764,Won't see this on CNN... Reddit what do you think about this?,youtube.com,http://www.youtube.com/watch?v=pecX4ZR6ZvQ
2009-06-10,00:25:47,8r29b,253,The puzzling crash of Air France’s Flight 447 killed two of the world’s “most prominent” illegal arms trade and international drug trafficking foes.,rawstory.com,http://rawstory.com/08/news/2009/06/09/air-france-crash-killed-two-prominent-illegal-arms-foes/
2009-06-09,06:42:58,8qu8q,200,The world's biggest military spenders by population [chart],economist.com,http://www.economist.com/daily/news/displaystory.cfm?story_id=13808801
2009-06-09,11:46:43,8qw8t,83,Economist magazines annual liveability index:  Australian and Canadian cities at the top... American cities slide.,economist.com,http://www.economist.com/markets/rankings/displaystory.cfm?story_id=13809770
2009-06-09,08:29:11,8quz4,76,"24 bodies, tail part recovered in Air France crash",google.com,http://www.google.com/hostednews/ap/article/ALeqM5iOegnahAFcEgwJZ4WKGkVz9Dgq5wD98MP6QG0
2009-06-09,20:13:54,8qzxz,71,"Prestigious university in Tokyo has become a battleground in a war over freedom of political expression. Illegal arrests, forced expulsions, ""kidnappings"" by security police and  beatings by hired thugs. No, it's not another dispatch from a violent  banana republic.",search.japantimes.co.jp,http://search.japantimes.co.jp/cgi-bin/fl20090609zg.html
2009-06-09,12:18:20,8qwgw,55,Netanyahu is an idiot.  The US should respond to his statements by cutting off funds to Israel.,haaretz.com,http://www.haaretz.com/hasen/spages/1091428.html
2009-06-09,20:33:29,8r03a,47,"North Korea would use nuclear weapons in a ""merciless offensive""",independent.co.uk,http://www.independent.co.uk/news/world/asia/north-korea-would-use-nuclear-weapons-in-a-merciless-offensive-1700590.html
2009-06-09,08:55:15,8qv56,45,China moves to censor home computers,telegraph.co.uk,http://www.telegraph.co.uk/scienceandtechnology/technology/technologynews/5475437/China-moves-to-censor-home-computers.html
2009-06-10,02:56:05,8r3u7,36,The End of the Taliban?,cbc.ca,http://www.cbc.ca/world/story/2009/06/09/pskiatn-militia-taliban569.html?ref=rss
2009-06-09,08:50:17,8qv4e,27,Will Iran's 'Marriage Crisis' Bring Down Ahmadinejad? - TIME,time.com,"http://www.time.com/time/world/article/0,8599,1903420,00.html"
2009-06-09,16:13:46,8qy7n,24,Air France 447: The ‘Coffin Corner’ and a ‘Mesoscale’ Maw,trueslant.com,http://trueslant.com/milesobrien/2009/06/08/the-coffin-corner-and-a-mesoscale-maw/
2009-06-09,23:58:13,8r1yt,22,"Royal Dutch Shell settles suit over hanging Nigerian protesters, still denies involvement.",theglobeandmail.com,http://www.theglobeandmail.com/news/world/shell-settles-suit-over-hangings/article1174414/
2009-06-10,05:29:28,8r59x,16,"World Health Organization is on verge of declaring H1N1 flu a pandemic, but doesn't want everyone to panic",reuters.com,http://www.reuters.com/article/topNews/idUSTRE5583US20090609?feedType=RSS&feedName=topNews
2009-06-09,19:37:34,8qzok,14,"Mom left her eight children for more than a week in ""life-threatening"" squalor for internet lover",news.com.au,"http://www.news.com.au/dailytelegraph/story/0,22049,25609943-5006009,00.html"
2009-06-10,00:36:35,8r2ei,11,"China, Russia, Iran and Venezuela upping foreign aid to poor countries",economist.com,http://www.economist.com/world/international/displaystory.cfm?story_id=13799239
2009-06-09,22:32:45,8r142,9,English villagers try to save struggling pubs,latimes.com,"http://www.latimes.com/news/nationworld/world/la-fg-pubs9-2009jun09,0,1914574.story"
2009-06-10,05:28:52,8r59r,8,Pakistan hotel shattered by blast,news.bbc.co.uk,http://news.bbc.co.uk/1/hi/world/south_asia/8092147.stm
2009-06-09,11:26:26,8qw3h,7,"30,000 Pregnant Women a Year Lose Their Jobs",in2town.co.uk,http://www.in2town.co.uk/Free-Parenting-Advice/30000-Pregnant-Women-a-Year-Lose-Their-Jobs/menu-id-4955
2009-06-09,12:50:10,8qwox,7,The Fritzl fiasco ... Or how the police can be useless as hell when it come to saving people (like it is supposed to do),news.bbc.co.uk,http://news.bbc.co.uk/2/hi/europe/8089697.stm
2009-06-10,06:25:59,8r5px,7,North Korea threatens nuclear response,shanghaidaily.com,http://www.shanghaidaily.com/sp/article/2009/200906/20090610/article_403647.htm
2009-06-09,11:33:21,8qw5c,6,Map of North Korean Prison Camps,ac360.blogs.cnn.com,http://ac360.blogs.cnn.com/2009/06/08/map-of-north-korean-prison-camps/
2009-06-09,13:36:52,8qx01,7,"Shell settles human rights suit for $15.5m; acknowledges no wrongdoing in the 1995 hanging deaths of six people, including  Ken Saro-Wiwa",commondreams.org,http://www.commondreams.org/headline/2009/06/08-9
2009-06-09,22:08:40,8r0w6,5,24 hurt after a bottle of acid is tossed off the top of a building in Hong Kong.  Third acid attack there in 6 months.,cnn.com,http://www.cnn.com/2009/WORLD/asiapcf/06/09/hong.kong.acid.attack/index.html
2009-06-09,10:29:59,8qvr1,5,Khmer Rouge chief says babies were 'smashed to death',nzherald.co.nz,http://www.nzherald.co.nz/world/news/article.cfm?c_id=2&objectid=10577369
2009-06-09,08:39:49,8qv22,7,Why I voted for the BNP,news.bbc.co.uk,http://news.bbc.co.uk/1/hi/uk/8089142.stm
2009-06-09,22:31:49,8r13s,7,Air France pilots told not to fly Airbus jets after Brazil crash,timesonline.co.uk,http://www.timesonline.co.uk/tol/news/world/europe/article6461994.ece
2009-06-09,12:49:30,8qwom,4,Post-Colonial Western Hypocrisy and Sri Lanka,open.salon.com,http://open.salon.com/blog/padraig_colman/2009/06/06/post-colonial_western_hypocrisy_and_sri_lanka
2009-06-09,14:09:41,8qx8i,3,Part of Air France jet's tail found by Brazil navy,latimes.com,"http://www.latimes.com/news/nationworld/world/la-fg-brazil-crash9-2009jun09,0,1886961.story"
2009-06-09,18:17:24,8qz43,6,South Korea asked for the delay of a US envoy to North Korea to help the imprisoned journalists,world.kbs.co.kr,http://world.kbs.co.kr/english/news/news_Po_detail.htm?No=64123
