2009-01-07,23:46:45,7o12j,1531,You are being lied to about pirates,independent.co.uk,http://www.independent.co.uk/opinion/commentators/johann-hari/johann-hari-you-are-being-lied-to-about-pirates-1225817.html
2009-01-07,23:24:55,7o0wg,523,Anyone know if this is true?,whatreallyhappened.com,http://whatreallyhappened.com/IMAGES/Israel_stealing_palestine.jpg
2009-01-07,22:46:45,7o0kx,514,"British Gov't wants private firms to build $12b super database for tracking every citizen's Internet usage, phone call,  text message, and other transactions",infopackets.com,http://www.infopackets.com/news/censorship/2009/20090106_british_government_wants_private_firm_to_monitor_super_database_of_every_person_in_britain.htm
2009-01-07,23:26:04,7o0wq,250,"Bush Aides: ""Historians will judge Bush."" Redditors and the rest of the world: ""The Hague War Crimes Tribunal will judge Bush""",allafrica.com,http://allafrica.com/stories/200901060161.html
2009-01-07,20:41:23,7nzrp,234,"Russia has cut off all Europe's gas supplies, says Ukraine",telegraph.co.uk,http://www.telegraph.co.uk/finance/newsbysector/energy/oilandgas/4158335/Russia-has-cut-off-all-Europes-gas-supplies-says-Ukraine.html
2009-01-07,20:42:20,7nzry,231,"""Israel, not the Palestinians, has opposed international UN monitors in the conflict since Oslo""",news.com.au,"http://www.news.com.au/dailytelegraph/story/0,21985,24885192-5000117,00.html"
2009-01-07,06:04:00,7nuri,140,Venezuela expels Israel envoy over Gaza attacks,reuters.com,http://www.reuters.com/article/middleeastCrisis/idUSN06384771
2009-01-07,05:51:28,7nunu,111,This is what happens on the streets of Israel if your not a jew. They obviously love Americans.,youtube.com,http://www.youtube.com/watch?v=j9nb8k5eIaA
2009-01-08,03:11:30,7o2uq,106,Israeli soldiers entered their building and told them to evacuate to another building. They evacuted and moved to another place for shelter.  Israel bombs their shelter.,nytimes.com,http://www.nytimes.com/2009/01/06/world/middleeast/06scene.html?partner=permalink&exprod=permalink
2009-01-08,06:04:51,7o49j,78,"""Almost a third of the 689 Palestinians killed in Israel's Gaza offensive are children"" ... Meanwhile, Israel's Foreign Minister Livni says that ""there is no humanitarian crisis in Gaza""",news.yahoo.com,http://news.yahoo.com/s/afp/20090107/wl_mideast_afp/mideastgazaconflicttollcivilians_newsmlmmd
2009-01-08,06:30:26,7o4ge,64,UN: No Hamas Fighters in Bombed Gaza School,time.com,"http://www.time.com/time/world/article/0,8599,1870087,00.html"
2009-01-08,07:02:18,7o4o5,58,"UN: ""Israel knew they were bombing a school"" [vid]",uk.youtube.com,http://uk.youtube.com/watch?v=uWP0GU0wVSk
2009-01-08,02:04:49,7o29r,44,Red Crescent ambulanceman killed and two others wounded as ambulances come under Israeli fire in Gaza:  International Red Cross ,news.yahoo.com,http://news.yahoo.com/s/afp/20090107/wl_mideast_afp/mideastconflictgazaredcrosstoll_newsmlmmd
2009-01-08,03:02:47,7o2rn,42,Jewish Women Occupy Israeli Consulate in Toronto,sources.com,http://www.sources.com/Releases/NR135.htm
2009-01-08,03:43:12,7o34b,35,Digg vs. Reddit prespective on Israel Gaza conflict,i43.tinypic.com,http://i43.tinypic.com/1y3lm1.jpg
2009-01-07,08:10:55,7nvke,30,Obama's comments on Gaza not being reported in the US media?,news.google.com,http://news.google.com/news?svnum=10&as_scoring=n&hl=en&tab=wn&ned=us&aq=f&q=%22source+of+deep+concern+for+me%22&btnG=Search
2009-01-08,01:52:00,7o25f,27,"""We cannot promote a fuel anymore which is used as a weapon by some countries and certain corporations against consumers.""",panda.org,http://www.panda.org/about_wwf/where_we_work/europe/what_we_do/wwf_europe_environment/?153781/Natural-gas-supply-cuts-by-Russia-is-a-wake-up-call-to-Europe-to-strengthen-energy-efficiency-and-renewable-energy-efforts
2009-01-07,16:47:27,7nyfk,17,Gazprom Halts Gas Supply to Europe Via Ukraine Pipes,bloomberg.com,http://www.bloomberg.com/apps/news?pid=20601087&sid=abXv4IhpebWQ&refer=home
2009-01-07,18:48:05,7nz3j,13,"As temperatures fall to below freezing, Russia cuts off gas supply to Europe",guardian.co.uk,http://www.guardian.co.uk/business/2009/jan/07/gas-ukraine
2009-01-07,23:26:56,7o0wx,13,Middle East observers felt a sense of déja vu as Israeli tank shells slammed into a United Nations school near Gaza City,sfgate.com,http://www.sfgate.com/cgi-bin/article.cgi?f=/c/a/2009/01/06/MNQ2154NVN.DTL
2009-01-08,05:35:23,7o41g,10,"While we merrily sip their water, a third of Fijians have no clean water at all",independent.co.uk,http://www.independent.co.uk/opinion/commentators/johann-hari/johann-hari-my-new-year-resolution-is-to-lose-my-bottle-ndash-and-quit-coke-1219991.html
2009-01-07,13:04:31,7nx9b,12,At least someone has balls. I hope it is the start.,news.bbc.co.uk,http://news.bbc.co.uk/2/hi/americas/7814857.stm
2009-01-07,17:44:36,7nyrn,12,Financial Fraud in Satyam Computers Brings its Shares as low as Rupees 30.70/share,articles.friendlybloggers.com,http://articles.friendlybloggers.com/2009/01/financial-fraud-in-satyam-computers.html
2009-01-07,21:38:50,7o02z,11,Temperatures in Germany fell as low as minus 25 degrees Celsius on Monday night and the weather is expected to remain Arctic for several days.,spiegel.de,"http://www.spiegel.de/international/germany/0,1518,599784,00.html"
2009-01-08,03:11:58,7o2uu,10,"Time to stfu and listen: Infowars predicted financial meltdown long before you could scream ""tinfoil hat""",prisonplanet.com,http://www.prisonplanet.com/you-saw-it-here-first-economic-crash-banker-stick-up-predicted-long-ago.html
2009-01-07,21:26:32,7o00d,8,Sarkozy says Israel and the Palestinian Authority have accepted a truce plan for Gaza announced by Egypt on Tuesday.,reuters.com,http://www.reuters.com/article/newsOne/idUSTRE5053R720090107
2009-01-08,04:01:21,7o39d,7, Israel resumes Gaza raid after lull,english.aljazeera.net,http://english.aljazeera.net/news/middleeast/2009/01/200917151851205482.html
2009-01-08,06:55:08,7o4md,8,When Paul Wolfowitz crapped himself following a rocket attack on his hotel in Iraq.,counterpunch.org,http://www.counterpunch.org/ketcham01052009.html
2009-01-07,21:39:17,7o03a,8,'Palestine girl...' Why is this story that was on the front page yesterday now at 1559 ?,reddit.com,http://www.reddit.com/r/worldnews/comments/7npgy/palestine_girl_stands_up_to_israel_soldier/
2009-01-07,23:57:46,7o15q,8,My child in fifth grade asks me: “What did we do to them?” I tell them that they want to take our land and they want all Palestinians to die.,2parse.com,http://2parse.com/?p=1857
