2009-05-22,01:59:13,8m7zi,375,"The Nigerian military has been accused of killing hundreds, maybe thousands, of civilians in the oil-rich Niger Delta. The military offensive began eight days ago but has received little international attention",indybay.org,http://www.indybay.org/newsitems/2009/05/21/18596586.php
2009-05-21,07:11:10,8m01j,359,Couple do a runner after bank error sees $10m transferred into their account ,3news.co.nz,http://www.3news.co.nz/News/BusinessNews/Couple-flee-after-bank-error-sees-10m-transferred-into-their-account-/tabid/421/articleID/105121/cat/52/Default.aspx
2009-05-21,20:51:45,8m566,154,Work for us or we will say you are a terrorist,independent.co.uk,http://www.independent.co.uk/news/uk/home-news/exclusive-how-mi5-blackmails-british-muslims-1688618.html?p=329874
2009-05-21,22:06:10,8m5qe,130,"A 15-year-old girl has been charged with cultivating cannabis valued at £750,000",news.bbc.co.uk,http://news.bbc.co.uk/2/hi/uk_news/england/wear/8061247.stm
2009-05-21,22:36:32,8m5zx,122,"How fox news' sister channel, sky news, dealt with the discovery of a missing link",youtube.com,http://www.youtube.com/watch?v=xLbL1OHU9ZM
2009-05-21,13:41:04,8m2id,103,Vancouver 2010 Olympic torch is...uniquely Canadian.,news.com.au,"http://www.news.com.au/story/0,27574,25516298-13762,00.html"
2009-05-22,02:53:46,8m8hc,43,UN Gaza inquiry 'to proceed despite Israel' ,news.bbc.co.uk,http://news.bbc.co.uk/2/hi/middle_east/8059021.stm
2009-05-21,14:29:48,8m2tt,35, First Italian restaurant opens in Pyongyang [PICS],news.xinhuanet.com,http://news.xinhuanet.com/english/2009-04/28/content_11274872.htm
2009-05-22,02:59:32,8m8j9,19,"'Settlers' assault two elderly men, 'five settlers attacked me and knocked me to the ground', 'When I was about ten meters from ‘Abdullah and the settlers, my brother fell to the ground and started to bleed. Then, he got up and ran from the settlers, who continued to throw stones at us'",btselem.org,http://www.btselem.org/English/Testimonies/20090409_Settlers_attack_elderly_farmers_witness_Hamad_Wahadin.asp
2009-05-21,20:49:59,8m55q,22,A flock of ravens kill 14 calves in central Sweden,thelocal.se,http://www.thelocal.se/19432/20090513/
2009-05-22,01:24:39,8m7n3,21,"""Violence can be fought with jobs ..."" The Diary of a Mexican Drug Lord",time.com,"http://www.time.com/time/world/article/0,8599,1899404,00.html?iid=digg_share"
2009-05-21,22:56:14,8m673,17,Israeli bulldozers roll through the West Bank 3 days after Obama meets with Netanyahu in Washington.,jpost.com,http://www.jpost.com/servlet/Satellite?cid=1242212432023&pagename=JPost/JPArticle/ShowFull
2009-05-22,01:42:49,8m7tm,18,China says rich nations must cut emissions by 40%,news.asiaone.com,http://news.asiaone.com/News/AsiaOne%2BNews/World/Story/A1Story20090521-142996.html
2009-05-22,03:49:38,8m8yu,17,Apple Under Fire in Taiwan ,globalpost.com,http://www.globalpost.com/dispatch/china-and-its-neighbors/090521/apple-under-fire-taiwan
2009-05-22,03:25:06,8m8qy,13,"Russian economy drives unemployed to eat dogs, take over mayor's office",mosnews.com,http://www.mosnews.com/society/2009/05/20/pika/
2009-05-22,06:55:58,8magk,14,North Korea executes official favourable to dialogue with South,asianews.it,http://www.asianews.it/index.php?l=en&art=15306&size=A
2009-05-22,06:14:02,8ma4r,10,"Rotterdam, Eurabia",windrosehotel.blogspot.com,http://windrosehotel.blogspot.com/2009/05/rotterdam-eurabia.html
2009-05-21,15:58:50,8m3f3,9,"The Poor Get Poorer: While Americans are worried about dips in their 401Ks, Asians are increasingly worried about more important things, like feeding their families.",blog.newsweek.com,http://blog.newsweek.com/blogs/wealthofnations/archive/2009/05/19/the-poor-get-poorer.aspx
2009-05-21,08:16:20,8m0hp,11,Voice of Mickey Mouse dies at 62,news.bbc.co.uk,http://news.bbc.co.uk/2/hi/entertainment/8060619.stm
2009-05-21,14:13:43,8m2ph,9,"Burma bars international observers from the trial of Aung San Suu Kyi, a day after allowing them in.",news.bbc.co.uk,http://news.bbc.co.uk/2/hi/asia-pacific/8060715.stm
2009-05-22,03:38:30,8m8vb,8,Movie and music industry appeals Pirate Bay case - damages were too low,arstechnica.com,http://arstechnica.com/tech-policy/news/2009/05/big-content-appeals-pirate-bay-casedamages-were-too-low.ars
2009-05-22,06:01:48,8ma1i,7,Immigrants hurt in Greek violence,news.bbc.co.uk,http://news.bbc.co.uk/1/hi/world/europe/8042409.stm
2009-05-21,11:42:50,8m1rh,4,Lucky couple - Gone missing after bank mistakenly give them millions of $,au.news.yahoo.com,http://au.news.yahoo.com/a/-/latest/5582824/couple-flee-millions
2009-05-22,06:45:34,8maec,3,US intruder said Suu Kyi 'scared',bangkokpost.com,http://www.bangkokpost.com/news/world/143925/us-intruder-said-burma-suu-kyi-cared
2009-05-22,01:04:15,8m7g3,5,Egyptian tycoon sentenced to death over Lebanese pop star killing,sfgate.com,http://www.sfgate.com/cgi-bin/article.cgi?f=/n/a/2009/05/21/international/i032519D60.DTL&type=printable
2009-05-21,16:25:37,8m3l2,5,Thousands raped and abused in Catholic schools,guardian.co.uk,http://www.guardian.co.uk/world/2009/may/20/child-abuse-catholic-schools-ireland
2009-05-21,22:22:47,8m5vm,6,Taliban-Style Justice Stirs Growing Anger,washingtonpost.com,http://www.washingtonpost.com/wp-dyn/content/article/2009/05/09/AR2009050902518.html?referrer=reddit
2009-05-22,01:50:31,8m7wp,5,"Athletes, coaches and organizers aren't the only people getting ready for next year's Winter Olympics in Vancouver -- Canadian prostitutes get training for the Games.",msnbc.msn.com,http://www.msnbc.msn.com/id/30865812/
2009-05-21,22:44:23,8m62z,2,"10,000 H1N1 Cases; Vaccine Plan Weighed",cbsnews.com,http://www.cbsnews.com/stories/2009/05/20/health/main5027609.shtml?tag=topHome;topStories
2009-05-21,12:09:57,8m1y1,6,Israel Wants Prison For Those Recognizing the Palestinian Holocaust–Jewish Groups Remain Silent « The Ugly Truth,theuglytruth.wordpress.com,http://theuglytruth.wordpress.com/2009/05/20/israel-wants-prison-for-those-recognizing-the-palestinian-holocaust-as-jewish-groups-remain-silent/
