2009-10-20,23:42:58,9vwl3,583,"""Legalize it"" lobby grows. Mexico and other Latin American countries move toward drug decriminalization.",globalpost.com,http://www.globalpost.com/dispatch/mexico/091018/drug-decriminalization-marijuana
2009-10-20,18:17:30,9vtlg,463,The Yes Men hold a fake Chamber of Commerce Press Conference saying they've changed their views on Global Warming and get caught out!,youtube.com,http://www.youtube.com/watch?v=D67LYEacBoE
2009-10-21,04:26:18,9vzy4,174,Anglicans who are pissed off that their church has become more accepting of gay priests have decided to join a church that have been more accepting of pedophile priests.,cnn.com,http://www.cnn.com/2009/WORLD/europe/10/20/vatican.anglican.church/index.html
2009-10-20,15:38:49,9vse1,137,"Water on moon scientist accused by US of trying to spy for Israel
",belfasttelegraph.co.uk,http://www.belfasttelegraph.co.uk/news/world-news/water-on-moon-scientist-accused-by-us-of-trying-to-spy-for-israel-14536509.html
2009-10-20,03:48:16,9vlz6,120,An off-duty US Air Force sergeant who filmed fuel seeping from a passenger jet wing has been credited with saving the lives of some 300 people.,news.sky.com,http://news.sky.com/skynews/Home/World-News/Mid-Air-Fuel-Leak-US-Air-Force-Sergeant-Bartek-Bachleda-Saves-Passenger-Jet-With-Video/Article/200905415286733?lpos=World_News_News_Your_Way_Region_0&lid=NewsYourWay_ARTICLE_15286733_Mid-Air_Fuel_Leak%3A_US_Air_Force_Sergeant_Bartek_Bachleda_Saves_Passenger_Jet_With_Video
2009-10-20,06:01:52,9vnf2,100,"Wow! Look at the new ship used by the Sea 
Shepherd to disrupt the Japanese Whale fleet in 
Antarctica.  ",earthrace.net,http://www.earthrace.net/
2009-10-21,01:29:45,9vxyc,96,The British National Party is bracing itself for potentially fresh embarrassment tomorrow when details of the party's rank and file UK membership are expected to be posted on the Internet.,guardian.co.uk,http://www.guardian.co.uk/politics/2009/oct/19/bnp-members-list-second-leak
2009-10-21,05:34:12,9w0mn,80,Israel wants to change the rules of war after UN report proves that Israel has committed war crimes. ,google.com,http://www.google.com/hostednews/afp/article/ALeqM5jzYm9qJsFN5hXTCqOKrraGa6NgWQ
2009-10-20,13:18:01,9vr7b,66,The Mo Ibrahim Prize--an annual prize given for good governance in Africa--could not find anyone to award this year.,english.aljazeera.net,http://english.aljazeera.net//news/africa/2009/10/20091019113149108800.html
2009-10-20,23:52:36,9vwou,62,The president of Kyrgyzstan calls for reform; the entire government resigns. Now that's what I call results.,news.bbc.co.uk,http://news.bbc.co.uk/2/hi/asia-pacific/8316168.stm
2009-10-20,08:29:18,9vor0,38,This graphic novel explains what happened in Honduras,alternet.org,http://www.alternet.org/images/slideshows/houduras_coup/illustration.php
2009-10-20,23:40:15,9vwjt,35,Turkish journalists investigating an alleged conspiracy in the country's military are all ending up arrested,trueslant.com,http://trueslant.com/nealungerleider/2009/10/20/why-are-turkish-journalists-being-detained-for-investigative-journalism/
2009-10-21,05:01:08,9w0ap,33,Earth's precious metals are from space: study,calgaryherald.com,http://www.calgaryherald.com/technology/Earth+precious+metals+likely+from+outer+space+Study/2124570/story.html
2009-10-20,01:17:37,9vk6e,26,Asylum-seeker deported from UK: 'They gave me $100 and told me to fend for myself in Baghdad',independent.co.uk,http://www.independent.co.uk/news/world/middle-east/they-gave-me-100-and-told-me-to-fend-for-myself-in-baghdad-1805220.html
2009-10-20,23:39:22,9vwje,18,"Striking Discovery in Germany: Archaeologists Excavate 4,000-Year-Old Skeletons ",spiegel.de,"http://www.spiegel.de/international/germany/0,1518,656221,00.html"
2009-10-21,07:27:43,9w1nn,12,Fury at Berlusconi 'sexist' jibe,news.bbc.co.uk,http://news.bbc.co.uk/2/hi/europe/8317397.stm
2009-10-21,02:53:22,9vyy5,12,"Two blasts rock Islamabad university, 7 dead - Pakistan",timesofindia.indiatimes.com,http://timesofindia.indiatimes.com/world/pakistan/Two-blasts-rock-Islamabad-university-7-dead/articleshow/5141737.cms
2009-10-21,00:11:21,9vwx4,10,"This is a very short but striking Graphic Novel that tells the story of the Honduran Coup, what really happened and who did what. It's a lot better than the lies told by the corporate media. ",alternet.org,http://www.alternet.org/world/143325/striking_graphic_novel_tells_story_of_honduras_coup_and_unrest
2009-10-20,08:54:43,9vozi,8,Chinese ship hijacked in Indian Ocean,cnn.com,http://www.cnn.com/2009/WORLD/asiapcf/10/19/indian.ocean.hijacking/index.html
2009-10-20,22:29:41,9vvr8,9,"""The popular opinion is that we are being sold to America piece by piece. Our national integrity is at risk. I am scared of the fact that I might see the end of Pakistan in my lifetime.""",socialistworker.org,http://socialistworker.org/2009/10/20/us-behind-pakistan-offensive
2009-10-20,13:26:51,9vr9w,9,Right wing MP rubbishes human link to climate change in address to 'environment' group,abc.net.au,http://www.abc.net.au/news/stories/2009/10/20/2719004.htm
2009-10-20,20:30:06,9vumr,8,Suicide blasts hit Islamabad university,guardian.co.uk,http://www.guardian.co.uk/world/2009/oct/20/islamabad-university-explosions
2009-10-21,00:16:29,9vwzx,5,Gearing Up for Post-Lisbon Brussels: In The Running To Be Europe's Next Top Politician ,spiegel.de,"http://www.spiegel.de/international/europe/0,1518,656084,00.html"
2009-10-20,11:29:45,9vqay,6,How our senior libel judge stamps on free speech – all over the world ,guardian.co.uk,http://www.guardian.co.uk/commentisfree/libertycentral/2009/oct/19/eady-libel-tourism-free-speech
2009-10-21,04:40:57,9w03p,4,How Britain Became the Center of the World,news.bbc.co.uk,http://news.bbc.co.uk/2/hi/uk_news/magazine/8266883.stm
2009-10-21,06:21:59,9w13q,1,"and told the urban ""volunteers"" to just stay on the farms (where they can more effectively scrounge for food, and not disturb the people remaining in the cities, with the sight of more starving people.) ",strategypage.com,http://www.strategypage.com/qnd/korea/articles/20091017.aspx
2009-10-20,23:53:04,9vwp7,2,Joe Biden in Poland and Czech Republic: US Vice President Seeks to Smooth Feathers in 'New Europe' ,spiegel.de,"http://www.spiegel.de/international/world/0,1518,656194,00.html"
2009-10-20,16:33:27,9vsuw,2,Wikileaks: Nazi style British National Party membership list and other information.,wikileaks.org,http://wikileaks.org/wiki/British_National_Party_membership_list_and_other_information%2C_15_Apr_2009
2009-10-20,11:55:59,9vqjf,1,Turkey defends Iran's nuclear right ,presstv.ir,http://www.presstv.ir/detail.aspx?id=109097&sectionid=351020104
2009-10-20,23:17:39,9vwab,0,"Since losing all those priests to incarceration, how do we fill the VIP seats?  Umm... How about inviting the homophobic Anglicans?",theglobeandmail.com,http://www.theglobeandmail.com/news/world/vatican-creates-structure-for-anglicans/article1330335/
