2009-11-01,18:31:20,9zugj,371,"Pneumonic plague (not H1N1) has claimed 1,500 lives in Ukraine? Do we have any Redditors from that region that can tell us more?",translate.google.com,http://translate.google.com/translate?hl=de&sl=ru&tl=en&u=http%3A%2F%2Fprawda.org.ua%2F857
2009-11-01,20:46:08,9zv1t,269,"Cern's LHC is back on. (Wow, respect is due considering the damage caused. I didn't realise how bad it was.)",guardian.co.uk,http://www.guardian.co.uk/science/2009/nov/01/cern-large-hadron-collider
2009-11-02,05:43:32,9zyf3,58,The report that got David Nutt fired.,crimeandjustice.org.uk,http://www.crimeandjustice.org.uk/opus1714/Estimating_drug_harms.pdf
2009-11-02,00:32:01,9zwft,50,US Secretary of State Hillary Rodham Clinton on Saturday night rejected Palestinian Authority President Mahmoud Abbas's demand that Israel freeze all settlement activity as a precondition to negotiations. ,jpost.com,http://www.jpost.com/servlet/Satellite?cid=1256799053633&pagename=JPost%2FJPArticle%2FShowFull
2009-11-02,05:11:49,9zy7p,50,"Silvio Berlusconi says he will stay on as Italy's PM even if convicted of bribery, tax fraud and false accounting",guardian.co.uk,http://www.guardian.co.uk/world/2009/nov/01/italy-berlusconi-immunity-scandal-prosecution
2009-11-01,20:43:35,9zv1c,32,Blogger Humiliates 11 Town Counselors into Mass Resignation in UK,news.bbc.co.uk,http://news.bbc.co.uk/2/hi/uk_news/england/somerset/8332616.stm
2009-11-02,01:58:32,9zwzi,36,Government adviser fired for saying alcohol is more dangerous than drugs,trueslant.com,http://trueslant.com/allisonkilkenny/2009/11/01/government-adviser-fired-for-saying-alcohol-is-more-dangerous-than-drugs/
2009-11-02,06:43:05,9zyrx,33,"Once government and editors and television management have decided on the ""story"", you can be sure that an Israeli ""wall"" will become a ""security barrier"" or a ""fence"", a pro-Western Arab dictator a ""strongman"" and ""occupied"" Israeli territory will become ""disputed""",independent.co.uk,http://www.independent.co.uk/opinion/commentators/fisk/robert-fiskrsquos-world-the-truth-about-the-middle-east-is-buried-beneath-the-headlines-1812300.html
2009-11-01,13:36:33,9zte3,32,"Mexican farmworker activist, 14 others slain ",latimes.com,"http://www.latimes.com/news/nationworld/world/la-fg-mexico-shooting1-2009nov01,0,5831800.story"
2009-11-02,00:07:13,9zw8n,23,Jewish terrorist arrested over 2 murders and other attacks - 14 years after Rabin murder,haaretz.com,http://haaretz.com/hasen/spages/1125063.html
2009-11-02,05:56:50,9zyid,26,EU plans to force all cars to have aircraft-style black box recorders to help the police and insurance firms identify who is responsible for any crash. They are already standard on 2/3 of US cars. ,timesonline.co.uk,http://www.timesonline.co.uk/tol/driving/article6898129.ece
2009-11-01,21:34:57,9zva3,19,Australia oil well catches fire.Engineers have been struggling for more than 10 weeks to stop the leak,news.bbc.co.uk,http://news.bbc.co.uk/2/hi/asia-pacific/8336564.stm
2009-11-02,00:38:23,9zwhd,17,A Walk to Beautiful: a stunning documentary about a problem you (probably) never knew existed.,video.pbs.org,http://video.pbs.org/video/980049841/
2009-11-01,21:06:40,9zv4u,15,"Fan dressed as sheep set alight
",news.bbc.co.uk,http://news.bbc.co.uk/1/hi/scotland/8336485.stm
2009-11-01,18:21:17,9zufb,14,Growing Qat in Yemen- More than half of this country’s scarce water is used to feed an addiction.,nytimes.com,http://www.nytimes.com/2009/11/01/world/middleeast/01yemen.html?th&emc=th
2009-11-01,22:22:11,9zvka,14,"Scott Ritter: ""...assumptions made in the McChrystal report are so far removed from reality as to be ludicrous""",truthdig.com,http://www.truthdig.com/report/item/20091029_mcchrystal_doesnt_get_it_does_obama/
2009-11-02,01:55:48,9zwys,8,The UK's Prevent program faces serious criticism from Muslims and civil liberties groups.,globalpost.com,http://www.globalpost.com/dispatch/united-kingdom/091030/britain-anti-extremism-program
2009-11-02,07:31:37,9zz37,10,Since we've all been talking about H1N1 lately: Gitmo detainee's set to receive H1N1 vaccine ahead of most US citizens.,boston.com,http://www.boston.com/news/world/latinamerica/articles/2009/11/01/gitmo_detainees_set_to_receive_swine_flu_vaccine/
2009-11-01,13:35:28,9ztdv,9,Italy arrests Naples mafia boss in chicken farm raid,breitbart.com,http://www.breitbart.com/article.php?id=CNG.3ad5a2881e6f309ac64000877125bea8.7b1&show_article=1
2009-11-01,18:58:46,9zuk6,7,Karzai Rival Withdrawing From Runoff But Not Calling For Boycott,nytimes.com,http://www.nytimes.com/2009/11/02/world/asia/02afghan.html
2009-11-02,00:29:16,9zwel,9,Iran claims it has evidence on U.S. involvement in terrorist attack,story.irishsun.com,http://story.irishsun.com/index.php/ct/9/cid/2411cd3571b4f088/id/560302/cs/1/
2009-11-01,21:40:51,9zvba,8,"Corrupt politicians will put an end to our republic but they do not have to cannibalize us, follow the Roman Empire or not it is up to them!",allvoices.com,http://www.allvoices.com/contributed-news/4531546-corrupt-politicians-will-put-an-end-to-our-republic-but-they-do-not-have-to-cannibalize-us-follow-the-roman-empire-or-not-it-is-up-to-them
2009-11-01,18:44:22,9zuia,7,Abdullah pulls out of Afghan election,thestar.co.za,http://www.thestar.co.za/?fSectionId=&fArticleId=nw20091101110001262C727072
2009-11-02,03:09:43,9zxgj,5,"Once a mighty tree falls, it is only natural that the earth around it shakes...",news.bbc.co.uk,http://news.bbc.co.uk/2/hi/south_asia/8306420.stm
2009-11-02,06:09:35,9zykz,5,Some of the 78 Sri Lankan asylum seekers onboard Australian Customs ship the Oceanic Viking have threatened to kill themselves rather than go to Indonesia.,abc.net.au,http://www.abc.net.au/news/stories/2009/11/02/2730092.htm
2009-11-01,10:15:43,9zsji,0,Anjem Choudhary and his band of publicity-seeking wimps backed out of the demo in Trafalgar Square,liberalconspiracy.org,http://www.liberalconspiracy.org/2009/10/31/pics-vide-from-todays-anti-islamists-demo/
2009-11-01,14:42:45,9ztnh,0,Video footage of UFO - tracking Iranian missiles,rotarypeja.org,http://www.rotarypeja.org/2009/10/video-footage-of-ufo-tracking-iranian.html
2009-11-02,06:38:06,9zyql,1,Experts dispute claim that UK's population will hit 70m in 2029,guardian.co.uk,http://www.guardian.co.uk/world/2009/oct/21/uk-population-growth-claim-disputed
2009-11-02,07:16:00,9zz03,1,"Mark Twain reported after a visit to Israel, check out what he has to say. Its truly fascinating to see Israel now and then. Enjoy! ",youtube.com,http://www.youtube.com/watch?v=HpFhKpS67DQ&feature=subtivity
2009-11-02,07:01:08,9zywk,1,Police penned in around 900 demonstrators protesting against Islamic extremism in the northern city of Leeds in England on Saturday. (Oct. 31) ,youtube.com,http://www.youtube.com/watch?v=u7IiGmoml1w&feature=subtivity
