2009-04-25,19:01:29,8fcl8,139,"Snow Patrol lead singer defends Pirate Bay founders and says: ""If you want to download music - just fucking go for it!""",belfasttelegraph.co.uk,http://www.belfasttelegraph.co.uk/entertainment/music/news/snow-patrols-gary-lightbody-music-downloads-fking-go-for-it-14281004.html
2009-04-25,22:20:41,8fdku,67,"Israeli Prime Minister, Benjamin Netanyahu, Stated On Thursday There Will Be No Freeze Of The Construction And Expansion Of Settlements In The West Bank",justiceforpalestine.org,http://justiceforpalestine.org/?p=756
2009-04-26,03:50:58,8ffro,49,"Mexico City .- This evening the Senate approved the opinion of the legislative initiative to combat drug trafficking, which allows the carrying of small doses of drugs, marijuana, cocaine and crystal, among others.",translate.google.com,http://translate.google.com/translate?prev=hp&hl=en&js=n&u=http%3A%2F%2Fwww.milenio.com%2Fnode%2F204108&sl=es&tl=en
2009-04-26,05:45:52,8fgd1,46,Apartheid Israel Destroys more Palestinian Homes in Jerusalem,news.bbc.co.uk,http://news.bbc.co.uk/2/hi/middle_east/8016258.stm
2009-04-25,23:00:08,8fdun,36,"Irish reject e-voting, go back to paper - Ars Technica",arstechnica.com,http://arstechnica.com/tech-policy/news/2009/04/irish-reject-e-voting-go-back-to-paper.ars
2009-04-26,07:52:36,8fgyv,28,"Eight Scientists Find Active Nano-thermite in 9/11 WTC Dust -- April 6, 2009",youtube.com,http://www.youtube.com/watch?v=sT5IOD17gN8
2009-04-25,20:31:30,8fd06,21,Killer flu: Mexico City shuts down,iol.co.za,http://www.iol.co.za/index.php?from=rss_News&set_id=1&click_id=79&art_id=nw20090425123241458C559362
2009-04-25,17:57:59,8fcc8,17,"OK, Who Brought The Israeli Oranges Into Iran?",rferl.org,http://www.rferl.org/Content/Israeli_Oranges_In_Iran/1615284.html
2009-04-26,00:38:09,8fejj,15,"Today Iceland, the first casualty of the financial crisis, votes a new legislator and government. Will it make a difference?",news.yahoo.com,http://news.yahoo.com/s/afp/20090425/wl_afp/icelandvote
2009-04-25,23:10:24,8fdwo,14,$$$ behind Fearmongering Of Pakistan's Demise,crooksandliars.com,http://crooksandliars.com/steve-hynd/rumors-pakistans-demise-greatly-exagger
2009-04-25,09:50:46,8f9xx,15,Interpol seeks arrest of Venezuelan opposition leader,google.com,http://www.google.com/hostednews/afp/article/ALeqM5j-U8BHosoUFOao2TvqezEzBYAgzg
2009-04-25,12:29:05,8fap7,13,"""The world’s longest running failed state."" Also: pirates.",theatlantic.com,http://www.theatlantic.com/doc/200904u/somali-pirates
2009-04-25,23:51:32,8fe7n,13,World Health Organization: Mexico swine flu has 'pandemic potential',google.com,http://www.google.com/hostednews/ap/article/ALeqM5i_AZWy_CmwkfQ17w1-rP99e3xZnwD97PH4480
2009-04-25,14:43:57,8fbfo,10,"There are almost 200,000 “private contractors” in Iraq (more than US soldiers) and Obama is continuing to use mercenaries there and in Afghanistan and Israel/Palestine.",rebelreports.com,http://rebelreports.com/post/98982420/us-cities-increasing-use-of-armed-mercenaries-to
2009-04-25,19:15:00,8fcnn,12,"Spain's jobless rate rose sharply, to 17.36% with 4 million people out of work; more than double the European Union average",edition.cnn.com,http://edition.cnn.com/2009/BUSINESS/04/24/spain.unemployment.job.losses/?iref=mpstoryview
2009-04-26,01:24:06,8feup,10,How To Protest Corruption In Zimbabwe: Activists Make Posters And Placards Out Of Trillion Dollar Notes To Protest Against Mugabe [cool pics],pbh2.blogspot.com,http://pbh2.blogspot.com/2009/04/protesting-in-zimbabwe-activists-use.html?cor
2009-04-25,23:55:00,8fe8r,9,Transcript: Interview with U.N. torture official Manfred Novak,salon.com,http://www.salon.com/opinion/greenwald/2009/04/25/nowak/index.html
2009-04-25,20:04:28,8fcw5,7,"Aussie troops strike Taliban heartland, 80 dead",abc.net.au,http://www.abc.net.au/news/stories/2009/04/25/2552615.htm
2009-04-25,17:39:48,8fc93,7,Swine Flu Deaths Raise Fears Of Global Pandemic,telegraph.co.uk,http://www.telegraph.co.uk/news/worldnews/centralamericaandthecaribbean/mexico/5217140/Mexico-swine-flu-deaths-raise-fears-of-global-epidemic.html
2009-04-25,16:37:20,8fbzr,9,“Media fee” to replace Finland TV licence ,hs.fi,http://www.hs.fi/english/article/%E2%80%9CMedia+fee%E2%80%9D+to+replace+TV+licence++/1135245429224
2009-04-25,20:33:22,8fd0k,5,Mexico: All public events suspended - Se suspenden todos los eventos públicos ,eluniversal.com.mx,http://www.eluniversal.com.mx/notas/593564.html
2009-04-25,23:22:23,8fe06,6,"2,800 organised criminal gangs, British law enforcement is ill-equipped to deal with the threat that they pose",before-you-invest.com,http://before-you-invest.com/2800-organised-criminal-gangs-british-law-enforcement-is-ill-equipped-to-deal-with-the-threat-that-they-pose/
2009-04-26,07:23:32,8fgud,8,Live updates from the elections in Iceland by the blogger in Iceland - Surviving Iceland,newsfrettir.com,http://newsfrettir.com/alive/?cat=66
2009-04-26,01:50:08,8fezx,6,"""The amazing thing is not that you have cases of suicider students but the amazing thing is that the bulk of them try to carry on in the middle of this mess as if life is normal, they want to celebrate their graduation and they want to build their life...""",botlbrush.com,http://botlbrush.com/blog/?p=1153?
2009-04-26,02:17:37,8ff6g,5,Is Pakistan going to crumble? Pakistan's Taliban dilemma and why a partition may be imminent,croakingmartian.blogspot.com,http://croakingmartian.blogspot.com/2009/04/is-pakistan-going-to-crumble-pakistans.html
2009-04-26,04:39:32,8fg11,4,Vietnam names 'president' of disputed Paracel islands,etaiwannews.com,http://www.etaiwannews.com/etn/news_content.php?id=930748&lang=eng_news&cate_img=logo_world&cate_rss=WORLD_eng
2009-04-26,02:15:31,8ff5v,5,New York City Health Department announces unscheduled news conference regarding Mexican outbreaks of swine flu that could go pandemic,adjix.com,http://adjix.com/45vu
2009-04-25,19:19:49,8fcol,6,Swine Flu Outbreak May Spark UN Agency Review of Pandemic Alert ,bloomberg.com,http://www.bloomberg.com/apps/news?pid=20601087&sid=a7HjmHgtSUGI&refer=home
2009-04-25,11:13:05,8fac7,3,"Secret tally has 87,215 Iraqis dead | Seattle Times Newspaper",seattletimes.nwsource.com,http://seattletimes.nwsource.com/html/nationworld/2009109720_apmliraqdeathtoll.html
2009-04-25,20:21:17,8fcyv,3,N Korea 'is producing plutonium',news.bbc.co.uk,http://news.bbc.co.uk/2/hi/asia-pacific/8017898.stm
