2009-12-22,01:38:39,ah53a,670,"Laura Dekker, a 13 year old girl who ran away from her Dutch home because Dutch courts would not let her sail around the world has been found in the Caribbean",news.bbc.co.uk,http://news.bbc.co.uk/2/hi/europe/8423325.stm
2009-12-22,21:35:24,ahgd3,543,"This is why Zionism is racism ""Jerusalem Mayor Barkat has rejected the recommendation of professionals for a well-baby clinic for  some 100,000 Arabic-speaking residents but the 7,000 Israelis will receive the baby clinic ",haaretz.com,http://www.haaretz.com/hasen/spages/1136482.html
2009-12-22,09:52:59,ah9wk,440,Mexico City becomes the first city in Latin America to legalize same-sex marriage,cbsnews.com,http://www.cbsnews.com/stories/2009/12/21/world/main6007081.shtml
2009-12-22,03:29:50,ah6c0,359,Secret neo-Nazi documents published: 11 membership lists about to go online (Wikileaks asking for volunteers with database skills to be able to expand fields and dumping to text),theregister.co.uk,http://www.theregister.co.uk/2009/12/21/secret_membership_leaked/
2009-12-22,23:00:32,ahha3,288,BBC News - Iranian crowd stops execution and frees convicts,news.bbc.co.uk,http://news.bbc.co.uk/2/hi/middle_east/8426683.stm
2009-12-22,22:14:30,ahgrk,206,Israel to seek another 1b euros Holocaust in reparations from Germany (The gift that keeps giving...),haaretz.com,http://www.haaretz.com/hasen/spages/1136383.html
2009-12-22,03:00:25,ah5zi,104,"""[Priest] said his advice did not contradict the Bible’s eighth commandment, not to steal, saying God’s love for the poor and despised outweighed the property rights of the rich.""",yorkpress.co.uk,http://www.yorkpress.co.uk/news/4813836._It___s_okay_to_shoplift__says_York_priest/
2009-12-22,21:25:52,ahg9q,43,"State Terrorists' dilemma, the woman is a Mossad agent accompanied by a guard assigned, not for her safety but to keep her mouth shut on horrific state secrets  ",ynetnews.com,"http://www.ynetnews.com/articles/0,7340,L-3822381,00.html"
2009-12-22,19:56:09,ahfeo,31,"d.bags in Reuters, AFP, AP and CNN, here are the torture stories you are avoiding in Egypt",tortureinegypt.net,http://tortureinegypt.net/english
2009-12-23,00:22:06,ahid1,27,The British army subjected prisoners in Northern Ireland to waterboarding during interrogations in the 1970s,guardian.co.uk,http://www.guardian.co.uk/uk/2009/dec/21/british-army-northern-ireland-interrogations
2009-12-22,12:51:48,ahbj0,19,"Mexico City became the first capital in Catholic, often macho Latin America to allow same-sex marriage on Monday when city legislators passed a law giving gay couples full marriage rights.",huffingtonpost.com,http://www.huffingtonpost.com/2009/12/21/mexico-city-approves-gay_n_399797.html
2009-12-22,20:29:35,ahfpv,20, Serbia to apply for EU membership  ,english.aljazeera.net,http://english.aljazeera.net/news/europe/2009/12/20091222101130723868.html
2009-12-23,05:57:14,ahm4y,12,Canadian Mint's missing $15 million blamed on 'accounting errors'; Mint changes accounting methods after shady investigation,theglobeandmail.com,http://www.theglobeandmail.com/blogs/bureau-blog/mint-changes-its-gold-count/article1407771/
2009-12-23,04:30:35,ahl99,13,"Facebook fuelling divorce, research claims - Telegraph",telegraph.co.uk,http://www.telegraph.co.uk/technology/facebook/6857918/Facebook-fuelling-divorce-research-claims.html
2009-12-22,15:20:24,ahcxi,12,"If you don't know much about relations between Russia and Chechnya, now's a good time to learn. ",globalissues.org,http://www.globalissues.org/article/100/crisis-in-chechnya
2009-12-22,09:07:36,ah9j1,11,What isn't widely reported is that Cambodia has now received $1.2bil. in aid for returning the Uyghur asylum seekers,home.kyodo.co.jp,http://home.kyodo.co.jp/modules/fstStory/index.php?storyid=477004
2009-12-23,02:13:14,ahjq3,10,Gunmen kill family of Mexican drug war hero  ,news.yahoo.com,http://news.yahoo.com/s/ap/20091222/ap_on_re_la_am_ca/lt_drug_war_mexico
2009-12-23,05:07:03,ahlno,9,Sabotage cuts Iraqi oil pipeline,english.aljazeera.net,http://english.aljazeera.net/news/middleeast/2009/12/2009122013166878529.html
2009-12-23,02:15:45,ahjra,9,"Chinese villagers jailed for hunting, eating tiger",chinadaily.com.cn,http://www.chinadaily.com.cn/china/2009-12/22/content_9215185.htm
2009-12-22,16:52:58,ahdra,8,Egyptian bloggers expose police abuse and torture,self.worldnews,https://www.reddit.com/r/worldnews/comments/ahdra/egyptian_bloggers_expose_police_abuse_and_torture/
2009-12-22,18:18:11,ahelg,8,Pakistani court sentences two men to have their noses and ears cut off,news.bbc.co.uk,http://news.bbc.co.uk/2/hi/south_asia/8425820.stm
2009-12-22,20:33:49,ahfrv,7,US warns Japan over relocation of Futenma airbase,guardian.co.uk,http://www.guardian.co.uk/world/2009/dec/22/japan-us-futenma-airbase
2009-12-22,21:45:10,ahggu,7,Mexico City allows gay marriage with landmark law,globalpost.com,http://www.globalpost.com/breaking-news/general/mexico-city-allows-gay-marriage-landmark-law
2009-12-23,04:08:53,ahl0v,9,"Iranian opposition leader Mir Hossein Mousavi is fired as head of Iran's Arts Institution, his only public post.",news.bbc.co.uk,http://news.bbc.co.uk/2/hi/middle_east/8427458.stm
2009-12-23,04:39:38,ahlcq,7,Declining quality of life in Kenya,ft.com,http://www.ft.com/cms/s/0/19b99d58-eaad-11de-a9f5-00144feab49a.html
2009-12-22,08:56:09,ah9fl,8,World 'failed Gaza over Israeli blockade' according to aid groups,news.bbc.co.uk,http://news.bbc.co.uk/2/hi/middle_east/8425698.stm
2009-12-22,17:55:24,ahee6,6,"let me sum this up for you: lots of money spent, nothing achieved, wasted peace prize and goodbye Maldives, Tuvalu.",telegraph.co.uk,http://www.telegraph.co.uk/earth/copenhagen-climate-change-confe/6855801/Copenhagen-a-world-at-war-over-its-future.html
2009-12-23,04:11:35,ahl1q,6,"Sheik Issa bin Zayed al-Nahyan, who tortured a merchant with whips, cattle prods and a plank with a protruding nail, then drove over him with an SUV says he is not guilty because drugs made him do it.l",nytimes.com,http://www.nytimes.com/2009/12/22/world/middleeast/22briefs-Emirates.html?
2009-12-22,23:40:16,ahht1,4,Irish Government Plans Probe of Child Sex Abuse in Catholic Church,carnalnation.com,http://carnalnation.com/content/42078/930/irish-government-plans-probe-child-sex-abuse-catholic-church
2009-12-22,21:39:29,ahged,6,"Colombia to Chavez: That wasn't a spy plane, that was Santa Claus",washingtonpost.com,http://www.washingtonpost.com/wp-dyn/content/article/2009/12/21/AR2009122103221_pf.html
