2009-02-16,10:41:00,7xnm5,607,Chavez wins reform to the constitution of Venezuela - No more term limits for presidents,news.bbc.co.uk,http://news.bbc.co.uk/2/hi/americas/7891856.stm
2009-02-16,21:53:52,7xreh,589,"Octopus escapes, survives 5 days on the run. ",abc.net.au,http://www.abc.net.au/news/stories/2009/02/13/2490473.htm
2009-02-17,05:46:00,7xvf0,314,"In a direct challenge to Obama's wishes, Israel confiscates land of a Palestinian plumber to expand Israeli Settlements.",news.yahoo.com,http://news.yahoo.com/s/ap/20090216/ap_on_re_mi_ea/ml_israel_palestinians?
2009-02-17,06:33:24,7xvs5,235,Borat Would be Proud!  Scientology Banned in Kazakhstan,interfax-religion.com,http://www.interfax-religion.com/?act=news&div=5711
2009-02-17,07:02:38,7xw02,214,Israel seizes West Bank land ,english.aljazeera.net,http://english.aljazeera.net/news/middleeast/2009/02/2009216134248562227.html
2009-02-16,08:28:54,7xn1n,79,Crude oil is getting cheaper — so why isn't gas?,news.yahoo.com,http://news.yahoo.com/s/ap/20090215/ap_on_bi_ge/gas_prices_unhinged;_ylt=At48HhiOPzC3pg.BaXXst8is0NUE;_ylu=X3oDMTFhZmpvMTFnBHBvcwM0BHNlYwN5bl9tb3N0X3BvcHVsYXIEc2xrA2NydWRlb2lsaXNnZQ--
2009-02-17,00:09:52,7xshd,76,Pakistan government agrees to implement Taliban law across a large swath of northwest Pakistan.,msnbc.msn.com,http://www.msnbc.msn.com/id/29207954/
2009-02-16,13:27:45,7xoh6,37,Japanese economy crashes: worst contraction since 1974,news.smh.com.au,http://news.smh.com.au/breaking-news-world/japan-says-economic-crisis-worst-since-wwii-20090216-88wv.html
2009-02-16,13:57:57,7xonc,24,Who's your daddy? 13-year-old 'dad' might not be the dad - as it turns out the mother is the village bike - everyone's had a ride,belfasttelegraph.co.uk,http://www.belfasttelegraph.co.uk/news/local-national/whorsquos-the-daddy-two-boys-contest-13yearold-alfiersquos-claim-14189526.html
2009-02-16,12:03:42,7xo19,17,South Africa's best and brightest are leaving in growing numbers,newsweek.com,http://www.newsweek.com/id/184783
2009-02-16,18:29:38,7xq71,17,Nuclear submarines collide in ocean,news.bbc.co.uk,http://news.bbc.co.uk/1/hi/uk/7892294.stm
2009-02-16,22:36:37,7xrp7,17,Nuclear submarines collide in the Atlantic,us.cnn.com,http://us.cnn.com/2009/WORLD/europe/02/16/british.french.submarine.incident/index.html?iref=hpmostpop
2009-02-17,01:58:25,7xth3,18,Pirate Bay copyright test case begins in Sweden,reuters.com,http://www.reuters.com/article/technologyNews/idUSTRE51F3K120090216
2009-02-16,09:22:51,7xna8,17,"Former Gitmo Guard Talks - (Please share your thoughts on there, I think there is censoring in the comments section) ",news.yahoo.com,http://news.yahoo.com/s/ap/cb_guantanamo_prison_guard
2009-02-17,05:22:48,7xv7s,14,Honeybees under attack on all fronts,newscientist.com,http://www.newscientist.com/article/mg20126954.600-honeybees-under-attack-on-all-fronts.html
2009-02-17,01:39:02,7xta8,13,UK: New fight to stop mass fluoridation. Should an entire nation be medicated to help a few?,guardian.co.uk,http://www.guardian.co.uk/politics/2009/feb/15/flouridation-water-opposition
2009-02-16,20:54:37,7xr19,12,North Korea has celebrated the 67th birthday of its 'heaven-made commander' Kim Jong-il. ,telegraph.co.uk,http://www.telegraph.co.uk/news/worldnews/asia/northkorea/4638514/North-Korea-celebrates-Kim-Jong-ils-birthday.html
2009-02-16,10:40:05,7xnlw,13,"Saudi Arabia appoints its first female minister, moves away from ultra-conservatism",guardian.co.uk,http://www.guardian.co.uk/world/2009/feb/16/saudi-cabinet-woman-minister
2009-02-17,06:03:19,7xvk8,9,Palestinian Authority Chairman Abbas rejects renewal of peace talks until Israel halts illegal settlement activities,news.xinhuanet.com,http://news.xinhuanet.com/english/2009-02/16/content_10829961.htm
2009-02-16,18:54:09,7xqbt,9,Airstrike Kills 31 in Pakistan,nytimes.com,http://www.nytimes.com/2009/02/17/world/asia/17pstan.html?hp
2009-02-16,22:55:58,7xrtp,9,Iranian bioweapon researcher dies suspiciously,inteldaily.com,http://www.inteldaily.com/news/144/ARTICLE/9728/2009-02-16.html
2009-02-17,06:57:47,7xvz1,9,Mexico police buy Israeli air surveillance systems,reuters.com,http://www.reuters.com/article/latestCrisis/idUSLG436688
2009-02-17,01:41:14,7xtbh,8,Israel takes control of more West Bank land,news.yahoo.com,http://news.yahoo.com/s/ap/20090216/ap_on_re_mi_ea/ml_israel_palestinians
2009-02-16,20:36:28,7xqx1,7,US soldiers investigated over 'fraud' bigger than Madof ,belfasttelegraph.co.uk,http://www.belfasttelegraph.co.uk/news/world-news/us-soldiers-investigated-over-fraud-bigger-than-madof-14189692.html
2009-02-16,09:22:49,7xna7,5,Iranian bioweapon researcher dies suspiciously,presstv.ir,http://www.presstv.ir/detail.aspx?id=85778&sectionid=3510203
2009-02-17,07:18:44,7xw4f,6,Anti-terror tactics 'weaken law',news.bbc.co.uk,http://news.bbc.co.uk/2/hi/europe/7892387.stm
2009-02-16,14:18:53,7xors,5,Japanese finance minister denies he was drunk at G-7,iht.com,http://www.iht.com/articles/2009/02/16/business/16japan.php
2009-02-16,21:57:43,7xrfg,4,Couples have been banned from kissing at Warrington Bank Quay Station because it holds up commuters. The means an end to passionate platform scenes like the one between Celia Johnson and Trevor Howard in the 1945 film Brief Encounter. ,telegraph.co.uk,http://www.telegraph.co.uk/news/uknews/4638304/Kissing-banned-at-railway-station.html
2009-02-17,03:25:23,7xu8q,5,Venezuelans Lift Term Limits,politicalaffairs.net,http://www.politicalaffairs.net/article/articleview/8136/
2009-02-16,19:31:52,7xqjm,3,"Above and below the atmosphere, there are collisions.",guardian.co.uk,http://www.guardian.co.uk/uk/2009/feb/16/nuclear-submarines-collide
