2009-10-24,23:14:53,9xc9a,710,You should know: 1/4 of China's territory has been cut off from Internet and rest of the world for 15 weeks now.,translate.google.cn,http://translate.google.cn/translate?hl=zh-CN&sl=zh-CN&tl=en&u=http://blog.sina.com.cn/s/blog_493b549d0100gtrx.html
2009-10-25,02:17:33,9xe4x,57,"Constant Surveillance Rankles Britons: spying on ""people who fail to recycle, people who put their trash out too early, people who sell fireworks without licenses, people whose dogs bark too loudly and people who illegally operate taxicabs.""",nytimes.com,http://www.nytimes.com/2009/10/25/world/europe/25surveillance.html
2009-10-25,02:53:36,9xee8,48,Man trying to flag down a cab is beaten then run over for touching a passing SUV,thestar.com,http://www.thestar.com/news/gta/crime/article/715771--murder-victim-s-hand-may-have-struck-suv?bn=1
2009-10-24,22:59:27,9xc5r,43,"Hundreds of people threw shoes, shouted ""Terrorist!"" and burned him in effigy as George Bush spoke in Montreal",commondreams.org,http://www.commondreams.org/further/2009/10/23-5
2009-10-24,19:46:20,9xazl,24,Europe's New Tactic with Asylum Seekers: Send Them Home,time.com,"http://www.time.com/time/world/article/0,8599,1931717,00.html?xid=rss-topstories"
2009-10-24,19:56:16,9xb1e,23,"Rapists, hunger and hyenas stalk displaced Somali women",google.com,http://www.google.com/hostednews/afp/article/ALeqM5h8NAw91x6B0Ly10BLo8cTqsbxMXQ
2009-10-24,08:14:34,9x6te,21,"[ UK ] Former Government adviser: Labour threw open Britain's borders to mass immigration to help socially engineer a ""truly multicultural"" country",telegraph.co.uk,http://www.telegraph.co.uk/news/newstopics/politics/lawandorder/6418456/Labour-wanted-mass-immigration-to-make-UK-more-multicultural-says-former-adviser.html
2009-10-24,11:27:13,9x7yt,16,The UK is in the longest recession since records began.,news.bbc.co.uk,http://news.bbc.co.uk/1/hi/business/8321970.stm
2009-10-25,01:10:52,9xdn7,11,The Geopolitics Behind the Phoney U.S. War in Afghanistan,marketoracle.co.uk,http://www.marketoracle.co.uk/index.php?name=News&file=article&sid=14393
2009-10-25,02:59:23,9xefv,13,"""poll done for BBC Newsnight on Thursday 22nd October showed that twice as many people sympathise with postal workers rather than the Royal Mail management in the postal dispute""",cwu.org,http://www.cwu.org/news/archive/support-for-striking-postal-workers.html
2009-10-25,01:50:47,9xdhu,11,"With the economy tanking, wars to fight, unemployment up, and a multitude of other very pressing things to deal with, the government decides to take on cyclists ",news.bbc.co.uk,http://news.bbc.co.uk/2/hi/uk_news/politics/8319630.stm
2009-10-24,18:11:02,9xaf6,10,"All that really remains for the Lisbon Treaty to become the law of Europe is the signature of one man, Czech President Václav Klaus",blogs.nybooks.com,http://blogs.nybooks.com/post/221131215/how-vaclav-klaus-blocks-european-union
2009-10-24,10:08:00,9x7hu,8,"The Palestinian president signed a decree on Friday calling for presidential and parliamentary elections on Jan. 24, a move likely to deepen the rift with the rival militant Hamas movement that rules the Gaza Strip. (AP)",google.com,http://www.google.com/hostednews/afp/article/ALeqM5iorkR04mcpKO5aerQMTcYGaEzEEg
2009-10-24,21:13:49,9xbic,6,"Purple blooms in Harare mask the rot in Mugabe's capital. Zimbabwe has burgeoned from 5 million to 12 million in a generation. Every nook and cranny is now occupied as rural folk drift to towns to seek, if not their fortunes, then jobs and subsistence.",globalpost.com,http://www.globalpost.com/dispatch/zimbabwe/091015/jacaranda-time-zimbabwe
2009-10-25,03:16:58,9xeki,5,"A female journalist in Saudi Arabia has been sentenced to 60 lashes over a TV show in which a Saudi man described his extra-marital sex life.

",news.bbc.co.uk,http://news.bbc.co.uk/1/hi/world/middle_east/8324117.stm
2009-10-24,23:14:42,9xc98,6,Female Saudi journalist to get 60 lashes - Program on Lebanese cable TV dealt with man's frank sex talk,msnbc.msn.com,http://www.msnbc.msn.com/id/33458871/ns/world_news-mideastn_africa/
2009-10-24,23:48:56,9xci3,5,"[Video] Iranian students chant ""death to you"" (marg bar to) and ""my deceased brother, I will get your vote back!"" to former minister in Ahmadinejad's administration. Apparently a shoe was thrown as well.",youtube.com,http://www.youtube.com/watch?v=xkuWCpCNpYI
2009-10-24,18:07:44,9xaek,3,Iran misses a deadline for responding to an offer for others to enrich its uranium,economist.com,http://www.economist.com/world/middleeast-africa/displaystory.cfm?story_id=14732577
2009-10-24,21:29:11,9xblo,6,"When you call on a journalist for professional medical opinions and info, he'll mistake H1N1 (Swine Flu) vaccines for smallpox vaccines",youtube.com,http://www.youtube.com/watch?v=B4SmFxyust0
2009-10-24,19:25:14,9xavd,5,John DeTitta -  My mind pulls me right all the time that's we I am spinning in circles,meetup.com,http://www.meetup.com/members/10621121/
2009-10-24,23:47:37,9xchv,2,AFP: Top Iran officials question nuclear deal,google.com,http://www.google.com/hostednews/afp/article/ALeqM5iK06ohDztJ_rxcXr4htF39b6sJ6Q
2009-10-24,18:08:32,9xaen,1,Immigration to drive huge rise in Wales’ population,walesonline.co.uk,http://www.walesonline.co.uk/news/wales-news/2009/10/22/immigration-to-drive-huge-rise-in-wales-population-91466-24987362/
2009-10-25,02:12:05,9xe3j,0,Female journalist sentenced to 60 lashes over a TV show in which a Saudi man described his extra-marital sex life.,news.bbc.co.uk,http://news.bbc.co.uk/2/hi/middle_east/8324117.stm
2009-10-25,04:55:46,9xf5q,0,Australian Muslim Youth Jailed for Putting Sikh in Coma...,theage.com.au,http://www.theage.com.au/national/man-jailed-over-racist-attack-on-indian-student-20091023-hcnr.html
2009-10-24,10:34:40,9x7nk,0,One in four would consider voting BNP after Nick Griffin's appearance on Question Time,telegraph.co.uk,http://www.telegraph.co.uk/news/newstopics/politics/6417906/One-in-four-would-consider-voting-BNP.html
2009-10-24,11:20:55,9x7xi,1,A Birth Plan – China’s population policy draws wide praise – People’s Daily Online,childbirth-info.org,http://childbirth-info.org/birth-plans/a-birth-plan-chinas-population-policy-draws-wide-praise-peoples-daily-online/
2009-10-24,19:03:38,9xaqh,1,Friendship: U.S. warns Japan of serious consequences if it reneges on military package,inteldaily.com,http://www.inteldaily.com/news/164/ARTICLE/12366/2009-10-23.html
2009-10-24,18:45:36,9xamo,1,Population of Bangladesh stands at more than 162 million at present. The country is already bursting at the seams.,thedailystar.net,http://www.thedailystar.net/newDesign/news-details.php?nid=108258
2009-10-25,06:43:46,9xft3,1,Two Million New Pinoys a Year???,carverhouse.blogspot.com,http://carverhouse.blogspot.com/2009/10/two-million-new-pinoys-year.html
2009-10-25,05:19:31,9xfbb,0,This is what real refugee camps look like - even if their Muslim inhabitants aren't Arab enough to evoke the sympathy of co-religionists elsewhere.,telegraph.co.uk,http://www.telegraph.co.uk/expat/expatnews/6415216/Rapists-hunger-and-hyenas-attack-Somalias-displaced-women.html#
