2009-10-27,06:23:44,9y0k6,2059,"Three undercover officers accused of inciting protesters to attack riot police at the 2007 North American leaders summit in Montebello are being summoned to testify before Quebec's independent police ethics committee. (Help get the word out Reddit, this is huge)",theglobeandmail.com,http://www.theglobeandmail.com/news/national/officers-accused-of-inciting-violence-face-ethics-panel/article1336731/
2009-10-26,20:01:38,9xttf,1269,"The 'benefit' of Somalia's pirates : Massive factory trawlers scared away, so poor local fishermen are able to catch up to $350 worth of fish per day.",channel4.com,http://www.channel4.com/news/articles/world/africa/the+aposbenefitapos+of+somaliaaposs+pirates/3399027
2009-10-26,05:12:19,9xnc9,131,Birth Control Bill Has Enemies in Philippines - Religious figures say a bill that would expand the poor’s access to birth control is contrary to Catholic teaching.,nytimes.com,http://www.nytimes.com/2009/10/26/world/asia/26iht-phils.html?hp
2009-10-26,09:56:10,9xp3y,54,"UK: Police are gathering the personal details of thousands of activists who attend political meetings and protests, and storing their data on a network of nationwide intelligence databases.",guardian.co.uk,http://www.guardian.co.uk/uk/2009/oct/25/police-domestic-extremists-database
2009-10-26,20:00:50,9xtt5,43,"The secret to a happy marriage for men is choosing a wife who is smarter and at least five years younger than you, say UK experts. Amen to that.",news.bbc.co.uk,http://news.bbc.co.uk/1/hi/health/8325579.stm
2009-10-26,21:57:16,9xuz7,29,U.S. unlikely to remain dominant superpower in this century unless it starts acting like an adult. ,bbc.co.uk,http://www.bbc.co.uk/blogs/thereporters/markmardell/2009/10/the_prof_who_says_adolescent_a.html
2009-10-27,00:31:44,9xwtb,23,11 members of Iran's Revolutionary Guard have been arrested after illegally entering Pakistan.,news.bbc.co.uk,http://news.bbc.co.uk/2/hi/middle_east/8326517.stm
2009-10-27,06:04:59,9y0es,25,"West Bank land belongs to Jews, says Israeli army judge. - It's in the bible, you know...",guardian.co.uk,http://www.guardian.co.uk/world/2009/oct/26/west-bank-jews-army-judge
2009-10-26,08:20:27,9xogx,24,"The new British census will demand to know who you are sleeping with and their name, sex, age and address. ",express.co.uk,http://www.express.co.uk/posts/view/136079/Census-to-quiz-on-sex-life-
2009-10-27,06:48:50,9y0rc,19,"Glimmer of hope for autistic hacker who broke into Pentagon military networks to look for information on UFOs. Gary McKinnon, who lives in the UK, faces possible lengthy jail term in the US, but new medical evidence could stop him being extradited to America",guardian.co.uk,http://www.guardian.co.uk/world/2009/oct/26/garry-mckinnon-extradition-alan-johnson
2009-10-27,03:23:08,9xyr9,17,Who'd want to be a government critic in Russia? Popular human rights activist who led protests against Russian security forces is slaughtered while driving his car,washingtonpost.com,http://www.washingtonpost.com/wp-dyn/content/article/2009/10/25/AR2009102502395.html
2009-10-26,08:24:53,9xohz,16,Let Palestinians have nukes - Moamer Gaddafi,dailytelegraph.com.au,http://www.dailytelegraph.com.au/news/breaking-news/let-palestinians-have-nukes-gaddafi/story-e6freuz9-1225791264456
2009-10-27,03:11:48,9xynh,15,Saudi Arabia's king has pardoned a woman journalist sentenced to 60 lashes for her role in a television program in which a Saudi man spoke about his sexual exploits.,reuters.com,http://www.reuters.com/article/latestCrisis/idUSLQ171946
2009-10-27,02:51:32,9xyfu,14,Sometimes the police do get justice,guardian.co.uk,http://www.guardian.co.uk/uk/2009/oct/26/police-patrol-car-crash-jail
2009-10-26,20:00:26,9xtt2,13,Marijuana Economics,fora.tv,http://fora.tv/2009/07/30/Marijuana_Economics
2009-10-27,01:20:31,9xxey,10,Goldstone Gaza Report: Col. Richard Kemp Testifies at U.N. Emergency Session,youtube.com,http://www.youtube.com/watch?v=NX6vyT8RzMo&feature=player_embedded
2009-10-26,08:23:31,9xohq,12,Copenhagen to subsidize the destruction of the rainforest (palm plantations count as forest) ,independent.co.uk,http://www.independent.co.uk/environment/climate-change/rainforest-treaty-fatally-flawed-1809412.html
2009-10-26,10:06:17,9xp6q,9,"Former left-wing guerrilla, Jose Mujica, has taken a commanding lead in several exit polls from Uruguay's presidential election",news.bbc.co.uk,http://news.bbc.co.uk/2/hi/americas/8325318.stm
2009-10-27,00:25:03,9xwqd,10,"Israel's blockade of goods entering the Gaza strip means that more than 170 schools damaged by the bombings in the first weeks of 2009 may not be repaired before winter, exposing Palestinian students to the cold and dark.",reuters.com,http://www.reuters.com/article/worldNews/idUSTRE59P2XE20091026
2009-10-26,15:47:26,9xrue,9,Bosnia ‘on brink of new civil war’ ,waronyou.com,http://waronyou.com/topics/bosnia-on-brink-of-new-civil-war/
2009-10-27,02:26:58,9xy65,10,The Kremlin's chief political strategist has warned that Russia risks collapsing into chaos if officials tinker with the political system by flirting with liberal reforms.,reuters.com,http://www.reuters.com/article/worldNews/idUSTRE59P3ZL20091026
2009-10-26,23:35:30,9xw4b,9,Palestinians Behind Bars with No Recourse to Justice,spiegel.de,"http://www.spiegel.de/international/world/0,1518,656934,00.html"
2009-10-26,17:44:55,9xsov,5,"Radovan Karadzic boycotts opening of war crimes trial - ""needs more time to prepare defence""",guardian.co.uk,http://www.guardian.co.uk/world/2009/oct/26/radovan-karadzic-war-crimes-trial
2009-10-26,23:37:20,9xw4o,7,Sixteen Americans dead as 3 helicopters crash in Afghan raids,news.google.com.ar,http://news.google.com.ar/news/url?sa=t&ct2=us%2F0_0_s_0_0_t&usg=AFQjCNEOfCduY9vONOZfmGnWT7RzwkPH4Q&cid=1458181581&ei=JsHlSujFFY7s8gTEv-h5&rt=HOMEPAGE&vm=STANDARD&url=http%3A%2F%2Fwww.timesonline.co.uk%2Ftol%2Fnews%2Fworld%2FAfghanistan%2Farticle6890357.ece
2009-10-26,20:04:50,9xtuh,7,German on trial for Muslim murder.  How much coverage will this get compared to the original outrage?,news.bbc.co.uk,http://news.bbc.co.uk/2/hi/europe/8325451.stm
2009-10-26,20:38:03,9xu64,4,What's next after Army captures Pakistani Taliban leader Haikimullah's home town of kotkai as Pakistan is understandably on edge!,allvoices.com,http://www.allvoices.com/contributed-news/4489548-whats-next-after-army-captures-pakistani-taliban-leader-haikimullahs-home-town-of-kotkai-as-pakistan-is-understandably-on-edge
2009-10-26,22:19:58,9xv8o,4,Roman Catholic bishops have called on corrupt Catholic leaders in Africa to repent or resign for giving the continent and the Church a bad name.,blogs.reuters.com,http://blogs.reuters.com/faithworld/2009/10/23/vatican-synod-urges-corrupt-african-leaders-to-quit/
2009-10-27,07:52:50,9y1bc,6,"U.S. Forcibly Deported Islanders, Gassed their Dogs to Make Way for Diego Garcia Military Base",nationalexpositor.com,http://www.nationalexpositor.com/News/1881.html
2009-10-27,03:29:30,9xytk,5,"UK: ""Workers were blacklisted and made in effect unemployable because they complained about people falling off unsafe scaffolding.""",socialist.net,http://www.socialist.net/a-trade-unionist-not-a-terrorist.htm
2009-10-26,19:50:53,9xtq3,2,Baghdad bombings death toll rises to 155,cbc.ca,http://www.cbc.ca/world/story/2009/10/26/iraq-bombing-baghdad-election.html
