2009-03-04,20:55:51,820d8,790,The worst 'good luck' card ever? ,news.bbc.co.uk,http://news.bbc.co.uk/1/hi/uk/7923356.stm
2009-03-05,03:32:33,8242o,67,"Iranian police arrest porn stars, women face death penalty",guardian.co.uk,http://www.guardian.co.uk/world/2009/mar/04/iran-pornographic-films-arrests
2009-03-04,21:13:00,820hy,59,"ICC issues arrest warrant for Sudan's president, Omar al-Bashir, on charges of war crimes and crimes against humanity in Darfur. ",news.bbc.co.uk,http://news.bbc.co.uk/2/hi/africa/7923102.stm
2009-03-05,01:37:28,822yt,45,"After the Gaza assault, Google decided to host a ""Tech Talk"" providing the Palestinian perspective ",google.com,http://www.google.com/url?q=http://www.youtube.com/watch%3Fv%3DoSkevV-CoO4&source=video&vgc=rss&usg=AFQjCNGtA3ONfnhGzwXLDLIKokalPJ9zkA
2009-03-04,13:28:21,81xmi,40,"Israel orders US: ""Any US dialogue with Iran must be both preceded by and accompanied by harsher sanctions"" (In other words, sticks before, sticks durings and sticks after, so as to make sure Iran doesn't mistake a stick for a carrot)",haaretz.com,http://www.haaretz.com/hasen/spages/1068177.html?2
2009-03-04,08:04:17,81vki,31,Private Joe Dresnock defected from the US Army to North Korea in 1962. How has everything worked out since?,youtube.com,http://www.youtube.com/watch?v=jj9x4AyQ-is
2009-03-04,10:42:58,81wk8,24,Recall that guy who beheaded and cannibalized a sleeping greyhound passenger? -Guess what he pleaded in court today,cbc.ca,http://www.cbc.ca/canada/manitoba/story/2009/03/03/mb-li-trial.html?ref=rss
2009-03-04,12:26:39,81x8b,21,This is why most Israelis can't stand ultra-orthodox Jews ... these are the same parties that are making it difficult for Israel to stop settlements in the West Bank.,haaretz.com,http://www.haaretz.com/hasen/spages/1068533.html
2009-03-05,06:20:58,825i1,19,"In Darfur, street protests over Bashir arrest warrant",csmonitor.com,http://www.csmonitor.com/2009/0305/p25s13-woaf.html
2009-03-05,02:58:03,823qw,15,"100,000 foot soldiers in Mexican cartels",washingtontimes.com,http://www.washingtontimes.com/news/2009/mar/03/100000-foot-soldiers-in-cartels/
2009-03-04,08:10:10,81vm0,14,"A collision between U.S. and Russian satellites in early February may have been a test of new U.S. technology to intercept and destroy satellites rather than an accident, a Russian military expert has said.",noonehastodietomorrow.com,http://www.noonehastodietomorrow.com/war/globalconflicts/888?task=view
2009-03-04,20:15:12,82038,14,Two state solution | Israel wants Palestine to be emasculated.,wcbstv.com,http://wcbstv.com/local/hillary.clinton.israel.2.949655.html
2009-03-04,15:07:55,81yal,9,U.N. resolution seeks to criminalize criticism of Islam,slate.com,http://www.slate.com/id/2212662
2009-03-05,05:33:18,8253s,10,More on the Iran-Somalia-Gaza Weapons Route,ips.org,http://www.ips.org/blog/jimlobe/?p=233
2009-03-05,05:02:00,824v4,10,Iran plans to start up its first atomic power plant this summer,uk.reuters.com,http://uk.reuters.com/article/worldNews/idUKTRE5234DZ20090304
2009-03-05,00:43:56,822g2,9,International court issues warrant for Sudanese president,news.yahoo.com,http://news.yahoo.com/s/ap/20090304/ap_on_re_mi_ea/eu_international_court_darfur
2009-03-04,17:22:34,81z1k,7,Obama has proclaimed March as Irish-American heritage month.  Sounds pretty stupid to me.,news.bbc.co.uk,http://news.bbc.co.uk/1/hi/northern_ireland/7922481.stm
2009-03-05,00:28:00,822b7,7,Spain Disconnecting Pre-Paid Phones in November Unless Users Identify Themselves [Rights],i.gizmodo.com,http://i.gizmodo.com/5164100/spain-disconnecting-pre+paid-phones-in-november-unless-users-identify-themselves
2009-03-05,03:43:53,8246j,8,Commander says Iran missiles can reach Israel atom sites,uk.reuters.com,http://uk.reuters.com/article/usTopNews/idUKBLA45980720090304
2009-03-05,04:18:29,824ho,6,Time running out for US vision on Middle East,news.bbc.co.uk,http://news.bbc.co.uk/2/hi/middle_east/7924609.stm
2009-03-04,21:10:04,820h3,6,"US senator Ted Kennedy, 77, is to be awarded an honorary knighthood",news.bbc.co.uk,http://news.bbc.co.uk/1/hi/uk/7922703.stm
2009-03-04,09:12:38,81w0d,7,Israel opens fire on a Mural in Lebanon,google.com,http://www.google.com/hostednews/afp/article/ALeqM5hwk4DL6jdomOvIRUk70umN0B6ctg?index=0&ned=us
2009-03-05,06:47:09,825pv,5,Common ingredient offers AIDS protection,reuters.com,http://www.reuters.com/article/topNews/idUSTRE52356U20090304?sp=true
2009-03-04,10:58:46,81wnm,5,'Pentagon Papers' redux? Major confidential RAND intelligence study on Iraq and Afghanistan dated Nov. 2008 posted by Wikileask,wikileaks.org,http://www.wikileaks.org/wiki/Major_RAND_study_with_300_interviews:_Intelligence_Operations_and_Metrics_in_Iraq_and_Afghanistan%2C_Nov_2008
2009-03-04,16:31:11,81yrp,6,"Iranian-American journalist is thrown in jail: An Iranian judiciary spokesman said she had been arrested on the orders of the revolutionary court, but he did not know what the charges were.",news.bbc.co.uk,http://news.bbc.co.uk/2/hi/middle_east/7921907.stm
2009-03-05,03:41:06,8245d,7,"Sudan soldier: 'They told me to kill, to rape children'",edition.cnn.com,http://edition.cnn.com/2009/WORLD/africa/03/04/darfur.rape/index.html
2009-03-05,00:09:35,8224k,6,Kyrgyzstan's president has raised the possibility of letting US forces remain at airbase.,news.bbc.co.uk,http://news.bbc.co.uk/2/hi/asia-pacific/7923702.stm
2009-03-04,22:59:14,821ee,5,Ever wondered what happened to the girl from the Vietnam napalm attack photo?,telegraph.co.uk,http://www.telegraph.co.uk/news/picturegalleries/picturesoftheday/4937658/Pictures-of-the-day-4-March-2009.html?image=9
2009-03-05,00:16:39,8226y,6,Want to rape and get away with it? Buy a ticket to Bahrain,gulf-daily-news.com,http://www.gulf-daily-news.com/Story.asp?Article=244784&Sn=BNEW&IssueID=31349
2009-03-04,08:48:40,81vv2,4,Chimerica - The fusing of China and America in a new restructured economy,globeinvestor.com,http://www.globeinvestor.com/servlet/story/RTGAM.20090223.wferguson0223/GIStory/
