2009-07-15,06:04:51,917bw,965,"A new line of bottled water - this time not from the melting Alps, but rather from the contaminated ground near the site of the 1984 Bhopal catastrophe - scared Dow Chemical's London management team into hiding today.",theyesmen.org,http://www.theyesmen.org/blog/dow-runs-scared-from-water
2009-07-14,21:56:33,911ve,110,Hindus criticize Pope for being harsh on atheists,merinews.com,http://www.merinews.com/article/hindus-criticize-pope-for-being-harsh-on-atheists/15775791.shtml
2009-07-14,05:19:17,90uiv,108,Israelis set fire and destroy 37 Acres of Palestinian owned land in southern West Bank,uruknet.com,http://uruknet.com/?p=m55945&hd=&size=1&l=e
2009-07-15,03:35:21,915q2,74,"12 Mexican military officials tortured, killed",msnbc.msn.com,http://www.msnbc.msn.com/id/31909590/ns/world_news-americas/
2009-07-14,14:27:16,90yjw,46,Al Qaeda vows revenge on China after riots,timesonline.co.uk,http://www.timesonline.co.uk/tol/news/world/asia/china/article6704812.ece
2009-07-14,22:32:20,9127x,33,"Lieutenant Mark Evison, who died in May from wounds received in Afghanistan, kept a remarkable journal - published here for the first time - about the harsh realities of fighting in Helmand.",telegraph.co.uk,http://www.telegraph.co.uk/comment/5820679/Mark-Evison-We-are-walking-a-tightrope-in-Afghanistan.html
2009-07-15,04:34:52,916eh,31,Site tells you what you should be scared of today (according to the media),mydarkmaterials.co.uk,http://www.mydarkmaterials.co.uk/doom/index.php?url=&selectlist=yahoo
2009-07-14,18:26:11,910am,30,"Israel's commandeering of the Spirit last week shares a lot in common with the acts of piracy: the Spirit's unarmed passengers traveled on the high seas, uncertain if they would live or die when the Israeli navy surrounded them & took them prisoners. But do Israel's actions constitute piracy? Yes.",electronicintifada.net,http://electronicintifada.net/v2/article10657.shtml
2009-07-14,23:00:57,912hy,29,Mainstream Chinese Viewpoint - Uighur Riots,self.worldnews,https://www.reddit.com/r/worldnews/comments/912hy/mainstream_chinese_viewpoint_uighur_riots/
2009-07-15,05:30:56,9170w,28,Egyptian jailed for three years for insulting President Hosni Mubarak in a poem,news.bbc.co.uk,http://news.bbc.co.uk/2/hi/middle_east/8150687.stm
2009-07-14,09:10:27,90wdd,26,Double standard.  Egypt stops Gaza-bound aid convoy.  Nobody except the Iranians care,presstv.ir,http://www.presstv.ir/detail.aspx?id=100472&sectionid=351020502
2009-07-15,00:40:33,913l9,15,Spanish nobles rebel over inheritance law that will allow Women to claim titles from male relatives,guardian.co.uk,http://www.guardian.co.uk/world/2009/jul/12/spanish-inheritance-law-equality-women
2009-07-15,02:34:04,914yx,11,Why US diplomats are visiting Israeli settlers,csmonitor.com,http://www.csmonitor.com/2009/0714/p06s07-wome.html
2009-07-15,05:28:53,91702,10,Life on Planet Uighur (Photos) ,globalpost.com,http://www.globalpost.com/dispatch/china-and-its-neighbors/uighur-labor-policy
2009-07-15,01:13:52,913zu,11,"Rich Cause the Crisis, Workers Get the Blame",commondreams.org,http://www.commondreams.org/view/2009/07/14-4
2009-07-14,13:28:41,90y3s,9,"Bermuda, with its pastel-coloured homes overlooking the turquoise waters of the Atlantic Ocean, is now home to 4 Chinese Uighurs who were released from Guantanamo Bay after 7 years inside",news.bbc.co.uk,http://news.bbc.co.uk/2/hi/americas/8147317.stm
2009-07-15,06:57:11,917s8,11,"Two Israeli warships have sailed through the Suez Canal; Israeli media described the passage of the two Saar class missile boats as a ""message"" to Iran. ",news.bbc.co.uk,http://news.bbc.co.uk/2/hi/middle_east/8150916.stm
2009-07-15,04:16:21,9167h,8,Lithuania backs bill  to restrict information to children,news.bbc.co.uk,http://news.bbc.co.uk/2/hi/europe/8150616.stm
2009-07-15,07:11:50,917wf,10,The disaster of (American) Indian health care,news.yahoo.com,http://news.yahoo.com/s/ap/20090615/ap_on_go_ot/us_health_care_s_forgotten
2009-07-14,08:58:15,90waj,8,"Demjanjuk Charged with 27,900 Murders",google.com,http://www.google.com/hostednews/ap/article/ALeqM5hIH0N3mJ1HhKJrBMWn3uUa8WpghAD99DHBEG0
2009-07-14,10:13:29,90wr7,7,C.I.A. Had Plan to Assassinate Qaeda Leaders,nytimes.com,http://www.nytimes.com/2009/07/14/us/14intel.html
2009-07-14,11:07:00,90x4p,8,"Report: After brutal police rule, Taliban 'welcomed as liberators'",rawstory.com,http://rawstory.com/08/news/2009/07/13/report-after-brutal-police-rule-taliban-welcomed-as-liberators/
2009-07-15,01:15:44,9140o,6,Love and candy: Hamas says Israel distributing aphrodisiac gum in Gaza,themajlis.org,http://www.themajlis.org/2009/07/14/love-and-candy
2009-07-14,22:37:26,9129l,8,Iran Hangs 13 Members of Rebel Sunni Muslim Group,nytimes.com,http://www.nytimes.com/aponline/2009/07/14/world/AP-ML-Iran-Hanging.html
2009-07-15,07:53:42,91878,4,Calderon's drug offensive stirs 'wasp nest' ,latimes.com,"http://www.latimes.com/news/nationworld/world/la-fg-mexico-drugwar13-2009jul13,0,3618427,full.story"
2009-07-14,21:36:20,911pb,5,Russian billionaire Oleg Deripaska 'may quit Britain',news.bbc.co.uk,http://news.bbc.co.uk/1/hi/programmes/newsnight/8146052.stm
2009-07-15,03:41:19,915t4,3,Iran reform leader to set up political front,msnbc.msn.com,http://www.msnbc.msn.com/id/31909192/ns/world_news-mideastn_africa/
2009-07-15,00:29:54,913hs,4,"Bearing Witness 2.0: You Can't Spin 10,000 Tweets and Camera Phone Uploads",commondreams.org,http://www.commondreams.org/view/2009/07/14-3
2009-07-14,17:19:45,90zuz,4,Iraq Suffers as the Euphrates River Dwindles,nytimes.com,http://www.nytimes.com/2009/07/14/world/middleeast/14euphrates.html
2009-07-14,19:00:40,910jw,5,[ReSubmit] So was the War Nerd right and that was it?,exiledonline.com,http://exiledonline.com/war-nerd-irans-cedar-show-aka-dont-get-excited-the-protestors-are-just-letting-off-some-steam/?
