2009-03-21,06:27:52,86ak2,687,"[pic] Israeli tshirt: kill pregnant women, that way you kill two in one shot",news.sky.com,http://news.sky.com/skynews/Home/World-News/Israeli-Army-T-Shirts-Mock-Killing-Palestinian-Women-And-Children-During-Gaza-Offensive/Article/200903315245946?lpos=World_News_First_Home_Article_Teaser_Region_1&lid=ARTICLE_15245946_Israeli_Army_T-Shirts_Mock_Killing_Palestinian_Women_And_Children_During_Gaza_Offensive
2009-03-21,22:16:41,86eud,164,Wow: Sri Lanka's Ministry of Defense have a map of the battle against the Tamil Tigers with photos and timelines... ,defence.lk,http://www.defence.lk/orbat/Default.asp
2009-03-21,18:21:24,86ds8,106,North Korea confirms American journalists have been arrested,news.bbc.co.uk,http://news.bbc.co.uk/1/hi/world/asia-pacific/7956488.stm
2009-03-21,17:42:47,86dmf,94,Israeli Soldier Says Military Rabbis Framed Gaza Mission as Religious,washingtonpost.com,http://www.washingtonpost.com/wp-dyn/content/article/2009/03/20/AR2009032003463.html
2009-03-21,12:39:13,86cco,62,"Israel's 'right of return' applies to all Jews, even ones who don't have ancestors who might have been in Israel from a thousand years ago, yet Israel is the only developed nation on earth which denies refugees 'right of return'",botlbrush.com,http://botlbrush.com/blog/?p=1105
2009-03-21,17:58:40,86doq,49,REUTERS: Rabbi's pushed 'religious war against the Gentiles' ,alertnet.org,http://www.alertnet.org/thenews/newsdesk/LK939777.htm
2009-03-22,03:16:37,86gi7,38,India has the world's highest rate of road fatalities. 70% of those killed are pedestrians and bicyclists. 25% drive motorized two-wheelers.,hscweb3.hsc.usf.edu,http://hscweb3.hsc.usf.edu/health/now/?p=402
2009-03-22,06:49:59,86hh7,37,Billions of pounds of “toxic” sub-prime mortgages were bought by Royal Bank of Scotland traders in a spree that was not disclosed to the bank’s board. ,telegraph.co.uk,http://www.telegraph.co.uk/finance/financetopics/recession/5025115/RBS-traders-hid-toxic-debt.html
2009-03-22,07:39:25,86hof,32,AIG warns staff to travel in pairs after death threats over bonuses,guardian.co.uk,http://www.guardian.co.uk/business/2009/mar/21/aig-insurance
2009-03-21,21:53:57,86eqd,26,Israeli Army T-Shirts Mock Killing Palestinian Women And Children During Gaza Offensive,news.sky.com,http://news.sky.com/skynews/Home/World-News/Israeli-Army-T-Shirts-Mock-Killing-Palestinian-Women-And-Children-During-Gaza-Offensive/Article/200903315245946?lpos=World_News_Carousel_Region_2
2009-03-21,08:59:57,86bdt,27,"George Galloway replies: 'Canada can't muzzle me. To ban me from the country for my views on Afghanistan is absurd, hypocritical, and in vain'",guardian.co.uk,http://www.guardian.co.uk/commentisfree/2009/mar/21/george-galloway-canada
2009-03-21,18:28:45,86dtf,16,"Afghanistan is on the brink of chaos: That is the stark message from local leaders, the US military and development workers in the troubled country.",spiegel.de,"http://www.spiegel.de/international/world/0,1518,614555,00.html"
2009-03-21,13:40:22,86cmr,11,Israelis told to fight 'holy war' in Gaza,belfasttelegraph.co.uk,http://www.belfasttelegraph.co.uk/news/world-news/israelis-told-to-fight-holy-war-in-gaza-14237736.html
2009-03-21,23:55:18,86fdq,8,New video and photos provide irrefutable proof of Chinese brutality in Tibet says Tibetan Govt. in-exile,article.wn.com,http://article.wn.com/view/2009/03/21/New_video_and_photos_provide_irrefutable_proof_of_Chinese_br/
2009-03-21,10:41:33,86bt0,8,"Tamil Tigers 'finished', says former leader",guardian.co.uk,http://www.guardian.co.uk/world/2009/mar/21/tamil-tigers-sri-lanka-karuna
2009-03-21,13:39:32,86cmi,8,UK govt's 'sexy' condom campaign -to encourage young women to carry condoms-sparks row,sharecoollinks.com,http://www.sharecoollinks.com/story.php?aid=632
2009-03-22,00:56:01,86fqb,7,"While the modern logical world keeps spinning, the Pope talks about sorcery, spirits, and witchcraft as if it's the 13th century",google.com,http://www.google.com/hostednews/ap/article/ALeqM5iLJ2gzRRfTYc_YuS7r1yuwnmne-gD972GVSO0
2009-03-22,05:19:01,86h3a,5,Israel soldier calls order during Gaza assault 'murder',latimes.com,"http://www.latimes.com/news/nationworld/world/la-fg-gaza-israeli-troops21-2009mar21,0,2555966.story"
2009-03-21,14:42:19,86cwk,5,North Korea:  Two journalists from Al Gore's Current TV have been detained in North Korea.,voanews.com,http://www.voanews.com/english/2009-03-20-voa43.cfm
2009-03-22,04:25:02,86gtt,7,"US efforts to eradicate opium poppy crops in Afghanistan have been ""wasteful and ineffective"", the US envoy to Afghanistan and Pakistan says.",news.bbc.co.uk,http://news.bbc.co.uk/2/hi/south_asia/7957237.stm
2009-03-21,21:59:39,86ere,3,Hungary PM to step down,english.aljazeera.net,http://english.aljazeera.net/news/europe/2009/03/2009321125510604320.html
2009-03-22,04:10:24,86gre,6,Interview with Israeli Soldiers about the tshirts,haaretz.com,http://haaretz.com/hasen/spages/1072466.html
2009-03-21,12:51:45,86ceo,5,Over one million workers protest across France,news.xinhuanet.com,http://news.xinhuanet.com/english/2009-03/20/content_11041859.htm
2009-03-21,20:05:42,86e87,6,"""Israeli troops admit abuses in Gaza"" TheRealNews",youtube.com,http://www.youtube.com/watch?v=Mr9l1H5-E5o
2009-03-21,12:27:10,86caa,4,Ranking all the countries of the world from wealth to population to their environment,aneki.com,http://www.aneki.com/
2009-03-21,11:13:25,86bxy,4,Canada bars British lawmaker over Hamas support,google.com,http://www.google.com/hostednews/afp/article/ALeqM5iqNoys_8iNnqY2UCacP8dcY0NEDQ
2009-03-21,16:33:41,86dcq,2,Peru police see 4 pct surge in coca crops in 2008,heraldonline.com,http://www.heraldonline.com/wire/world/story/1214943.html
2009-03-21,23:38:56,86fak,4," US-Iran: From ""Axis of Evil"" to ""Happy New Year""",pww.org,http://pww.org/article/articleview/14950/
2009-03-22,07:56:05,86hra,2,Behind the scenes of elections in Pakistan,pbs.org,http://www.pbs.org/wnet/wideangle/episodes/pakistan-at-the-polls/video-vote-for-benazirs-blood/4308/
2009-03-21,11:55:51,86c5f,2,"Online gaming invades real life: Chinese ships harass U.S. ships, follow around, strip to undies [video]",cnn.com,http://www.cnn.com/2009/WORLD/asiapcf/03/20/us.china.navy/index.html
