2009-03-27,22:55:53,87z2v,705,"Defamation of ""Religion"" is now a Human Rights Violation",reuters.com,http://www.reuters.com/article/worldNews/idUSTRE52P60220090326
2009-03-27,08:34:58,87tx1,60,"French riot police officer suspended after listing his favorite interests on Facebook as Crusades, Arab-bashing, Nationalism and the Vichy motto",france24.com,http://www.france24.com/en/20090326-french-cop-suspended-facebook-arab-bashing
2009-03-27,18:50:11,87x6c,40,"“We have more toilets, less shame among women and less disease.”....The results of the No Toilet, No Bride campaign.. ",timesonline.co.uk,http://www.timesonline.co.uk/tol/news/world/asia/article5977420.ece
2009-03-27,20:32:39,87xuo,33,International torch relays ahead of the Olympics have been scrapped by the International Olympic Committee,news.bbc.co.uk,http://news.bbc.co.uk/sport2/hi/olympic_games/7967284.stm
2009-03-27,23:07:09,87z6w,36,"As Turkey cracks down on 'honour killings', women are now told to commit suicide",independent.co.uk,http://www.independent.co.uk/news/world/europe/women-told-you-have-dishonoured-your-family-please-kill-yourself-1655373.html
2009-03-27,20:19:20,87xqn,25,Swiss banks ban top exec travel in case they are detained as part of a global crackdown on bank secrecy,ft.com,http://www.ft.com/cms/s/0/df9ce572-1a36-11de-9f91-0000779fd2ac.html
2009-03-27,18:47:30,87x5u,25,Girl of 14 accused of child pornography and may be forced to register as a sex offender ,inthenews.co.uk,http://www.inthenews.co.uk/news/autocodes/countries/united-states-america/girl-14-accused-child-pornography-$1283502.htm
2009-03-27,19:11:17,87xb3,22,"Bomb at Pakistani mosque, at least 48 dead.",in.reuters.com,http://in.reuters.com/article/domesticNews/idINISL6579620090327
2009-03-27,18:23:21,87x0p,20,British resident who claims he was tortured says senior figures within government must be held to account ,guardian.co.uk,http://www.guardian.co.uk/uk/2009/mar/27/binyam-mohamed-torture
2009-03-27,12:16:21,87v6t,16,Israel suspected in Sudan air strikes,latimes.com,"http://www.latimes.com/news/nationworld/world/la-fg-israel-sudan-bombing27-2009mar27,0,4732426.story"
2009-03-28,06:04:30,882qz,16,Russia sends army to frozen north to claim Arctic resources,timesonline.co.uk,http://www.timesonline.co.uk/tol/news/world/europe/article5989257.ece
2009-03-27,18:10:56,87wy9,12,Leading medical journal accuses Pope of 'distorting condom science',news.bbc.co.uk,http://news.bbc.co.uk/1/hi/world/europe/7967173.stm
2009-03-27,08:55:04,87u19,10,U.S. destroyers on move as North Korea prepares rocket launch,cnn.com,http://www.cnn.com/2009/WORLD/asiapcf/03/26/north.korea.us.ships/index.html
2009-03-27,16:41:23,87wht,12,Noted Author Jared Diamond Predicts 49 Percent Chance of Civilization Collapse,westender.com.au,http://www.westender.com.au/news/409
2009-03-28,05:35:13,882ko,10,Iran and Nato end 30-year impasse ,news.bbc.co.uk,http://news.bbc.co.uk/1/hi/world/middle_east/7966263.stm
2009-03-27,17:17:16,87wnq,10,They'll be telling us next that we'll get cancer unless we stop eating and drinking completely.,news.bbc.co.uk,http://news.bbc.co.uk/1/hi/health/7965380.stm
2009-03-28,05:28:47,882iy,10,OK England... why don't you raise your kids properly instead of pulling off shit like this?,google.com,http://www.google.com/hostednews/afp/article/ALeqM5i1sERPo0aGKIcSlI-MjzgLgUWgTA
2009-03-27,17:15:49,87wnd,7, Sudan air strike blamed on Israel,belfasttelegraph.co.uk,http://www.belfasttelegraph.co.uk/news/world-news/sudan-air-strike-blamed-on-israel-14245961.html
2009-03-27,18:34:33,87x33,6,"U.S., Japan mobilize for N. Korean launch - CNN.com",edition.cnn.com,http://edition.cnn.com/2009/WORLD/asiapcf/03/27/north.korea.us.ships/index.html
2009-03-27,19:10:18,87xaq,7,"President Barack Obama plans to send 4,000 more U.S. troops to Afghanistan.",bloomberg.com,http://www.bloomberg.com/apps/news?pid=20601070&sid=aoE.CaioLPmw&refer=home
2009-03-27,16:35:46,87wh5,7,The End of Excess: Is This Crisis Good for America?,time.com,"http://www.time.com/time/nation/article/0,8599,1887728,00.html?xid=rss-topstories"
2009-03-27,15:20:09,87w50,4,Japan to 'destroy' N Korea rocket [BBC News],news.bbc.co.uk,http://news.bbc.co.uk/2/hi/asia-pacific/7967202.stm?
2009-03-27,11:08:34,87uts,6,Indian Army fears China attack by 2017 ,dailytimes.com.pk,http://www.dailytimes.com.pk/default.asp?page=2009%5C03%5C27%5Cstory_27-3-2009_pg7_45
2009-03-27,17:14:58,87wna,5,Afghanistan exit strategy: more troops and a 'civilian surge',belfasttelegraph.co.uk,http://www.belfasttelegraph.co.uk/news/world-news/obamas-afghanistan-exit-strategy-more-troops-and-a-civilian-surge-14245986.html
2009-03-28,05:19:29,882gh,6,"[video] Volatile India-Pakistan Standoff Enters 11,680th Day ",theonion.com,http://www.theonion.com/content/video/volatile_india_pakistan_standoff?utm_source=onion_rss_daily
2009-03-27,08:46:46,87tzm,4,"Gordon Brown and Buckingham Palace have discussed plans to change the rules of succession to the throne, including giving women equal rights.",news.bbc.co.uk,http://news.bbc.co.uk/2/hi/uk_news/7967142.stm
2009-03-27,13:57:10,87vpf,4,Japan's defense minister ordered the military to prepare to shoot down any debris (*not the rocket*) if a North Korean rocket launch fails,google.com,http://www.google.com/hostednews/ap/article/ALeqM5j5IOS1klu_RcG6259kEbWJiJ4j7gD97653MG0
2009-03-27,15:36:39,87w7u,5,"Israel disputes Hamas figures and puts the confirmed death toll of ""uninvolved Palestinians"" at 295, of whom 89 were children under 16 and 49 were women.  So that makes it all right then?  Move along, nothing to see, no war crimes taking place here then",news.bbc.co.uk,http://news.bbc.co.uk/1/hi/world/middle_east/7966718.stm
2009-03-27,10:56:44,87uqz,3,US Marshall Murdered In Mexico,krug.tv,http://www.krug.tv/2009/us-marshall-murdered-in-mexico/
2009-03-27,23:14:42,87z9n,5,A timeline of the planned G20 protests,google.com,http://www.google.com/hostednews/ap/article/ALeqM5ioHIu3Ptddb0raKt_c6aszR9kwWQD976E4I81
