2009-09-25,16:33:18,9nxw2,1514,"Armored Police Seize University of Pittsburgh Campus, Attack Students, Then Claim They Were Stopping Anarchists @ G20",self.worldnews,https://www.reddit.com/r/worldnews/comments/9nxw2/armored_police_seize_university_of_pittsburgh/
2009-09-25,12:32:15,9nvtr,188,A group of 50 French politicians want a new law stating published images must have bold printed notice stating they have been digitally enhanced.,telegraph.co.uk,http://www.telegraph.co.uk/news/worldnews/europe/france/6214168/French-MPs-want-health-warnings-on-airbrushed-photographs.html
2009-09-26,01:55:53,9o2wn,111,"Cut off aid to Africa, or at least to their corrupt governments.  ""Most of Africa is actually poorer today than it was a few decades ago, when aid dollars began to increase.""",wired.com,http://www.wired.com/techbiz/people/magazine/17-10/ff_smartlist_moyo
2009-09-25,17:32:43,9nyam,111," ""Most governments in the United States in a hundred years have not respected the peoples of Latin America,"" Chavez told King. ""They have sponsored coup d'etats, assassinations. It's enough. We want to be brothers and sisters. We want respect and equality.""",cnn.com,http://www.cnn.com/2009/WORLD/americas/09/25/venezuela.chavez.interview/index.html
2009-09-25,10:08:16,9numx,99,"Young Canadians greener, better travelled, more educated than young Americans, says a new study. Take that, eh!",canada.com,http://www.canada.com/news/national/Canadian+youth+more+footloose+than+homebody+Americans+Poll/2029932/story.html
2009-09-26,03:03:37,9o3mn,31,Democracy Now! reports from Pittsburgh G-20 protests: police use tear gas and sound cannon on peaceful protesters,democracynow.org,http://www.democracynow.org/blog/2009/9/25/steve
2009-09-25,22:04:21,9o0f6,26,Here are videos and photos of the police action on protesters at the G20 in Pittsburgh.  Chemical and Sonic(!) weaponry was wielded.,socialistwebzine.blogspot.com,http://socialistwebzine.blogspot.com/
2009-09-26,04:54:18,9o4qh,23,"In May a homeless man saved a drowning teen. Fast forward to now, same place, hanging out with 2 friends who end up in the river. Man has to choose who to save and who to let go of.",cbc.ca,http://www.cbc.ca/canada/manitoba/story/2009/09/06/winnipeg-red-river-rescue.html
2009-09-25,14:17:12,9nwpb,22,"""The G20 group of leading and emerging economies will take on a new role as a permanent body co-ordinating the world economy,"" a US official has said.",news.bbc.co.uk,http://news.bbc.co.uk/2/hi/business/8274046.stm
2009-09-25,23:38:36,9o1e8,28,"Venezuela to fine networks that air 'Family Guy' ""because it promotes the use of marijuana""",miamiherald.com,http://www.miamiherald.com/news/americas/AP/story/1250756.html
2009-09-25,23:56:20,9o1kh,21,"A Saudi fatwa allows girls to restore their hymens in order to save themselves from possible ""honor killings"" right before they are married.",translate.google.com,http://translate.google.com/translate?hl=en&ie=windows-1256&langpair=auto|en&u=http://fpnp.name/arabic/%3Faction%3Ddetail%26id%3D31146&tbb=1&rurl=translate.google.com
2009-09-26,03:26:18,9o3v8,20,"Honduras: Two secret detention centers opened, hundreds of detainees, many taken from their houses, hospitals. Neither lawyers nor food contributions permitted inside these centers. Among arrested are children, pregnant women. Hooded men with firearms ""hunting"" people in area surrounding Embassy.",revleft.com,http://www.revleft.com/vb/showpost.php?p=1555111&postcount=19
2009-09-26,04:59:04,9o4ro,14,Obama strikes a tough tone on Iran,globalpost.com,http://www.globalpost.com/dispatch/worldview/090925/obama-strikes-tough-tone-iran
2009-09-25,15:32:02,9nxe6,14,What a shame: Number of military veterans in jail has more than doubled in six years in UK,timesonline.co.uk,http://www.timesonline.co.uk/tol/news/uk/crime/article6848238.ece
2009-09-25,23:12:33,9o13t,13,BNP politician caught out inventing murders to spread fear.,guardian.co.uk,http://www.guardian.co.uk/politics/2009/sep/25/bnp-barnbrook-false-murder-claims
2009-09-25,18:14:46,9nymv,11,Bias allegations mount in Pirate Bay case,thelocal.se,http://www.thelocal.se/22270/20090924/
2009-09-25,10:42:06,9nuwv,13,UNEP: Climate worse than we thought. - A lot worse.,dailykos.com,http://www.dailykos.com/storyonly/2009/9/24/786088/-UNEP:-Climate-worse-than-we-thought.-A-lot-worse.
2009-09-25,22:54:23,9o0ww,9,Hong Kong: The World's Most Expensive Housing Market?,news.yahoo.com,http://news.yahoo.com/s/time/20090924/wl_time/08599192580600
2009-09-25,22:16:38,9o0jr,8,Only Biscuits for Zelaya,news.bbc.co.uk,http://news.bbc.co.uk/2/hi/americas/8274498.stm
2009-09-26,03:23:17,9o3ty,8,Iran has been holding out on us... they have a second Nuclear plant so what was the time line for when they get the bomb again... Becouse ahh hmmm,walesonline.co.uk,http://www.walesonline.co.uk/news/uk-news/2009/09/25/g20-confronts-iran-on-nuclear-plant-91466-24781353/
2009-09-26,00:03:46,9o1n6,5,Benjamin Netanyahu provides proof of the holocaust at the UN and calls Hamas Nazis. ,haaretz.com,http://www.haaretz.com/hasen/spages/1116933.html
2009-09-26,04:21:51,9o4ez,6,N.Korean Poster Seems to Confirm Succession,english.chosun.com,http://english.chosun.com/site/data/html_dir/2009/09/25/2009092500912.html
2009-09-26,04:19:49,9o4ea,4,Pakistan among most corrupt nations in the world,asianews.it,http://www.asianews.it/index.php?l=en&art=16427&size=A
2009-09-26,04:24:51,9o4fw,3,Sourth Korea: Right-wing government tries to prevent employees from joining more radical union,english.hani.co.kr,http://english.hani.co.kr/arti/english_edition/e_national/378459.html
2009-09-25,23:15:16,9o14w,5,"Man sues Bank of America for 1784 billion, trillion dollars",reuters.com,http://www.reuters.com/article/domesticNews/idUSTRE58O3BK20090925
2009-09-26,04:37:52,9o4l5,1,Poland passes legislation making it obligatory to chemically castrate certain sex offenders.,news.bbc.co.uk,http://news.bbc.co.uk/2/hi/europe/8275236.stm
2009-09-26,02:39:40,9o3dc,0,First Saudi university to allow men and women together,asianews.it,http://www.asianews.it/index.php?l=en&art=16422&size=A
2009-09-26,02:56:26,9o3k1,1,Gaddafi rejects two state solution and coherently explains his views,youtube.com,http://www.youtube.com/watch?v=bLxJ_mJ_CbY
2009-09-25,15:36:14,9nxf5,1,"Cayman Islands may go bankrupt, no longer be safe as tax shelter",news.bbc.co.uk,http://news.bbc.co.uk/2/hi/americas/8272942.stm
2009-09-26,00:44:24,9o22p,1,Chinese not invited to China's 60th birthday,cbc.ca,http://www.cbc.ca/world/story/2009/09/23/f-rfa-germain.html
