2009-08-20,21:44:05,9cf5n,601,UK Government says no to a show and tell from the guy who cloned the UK ID card in just 12 minutes. Haven't they got something to learn? ,computerweekly.com,http://www.computerweekly.com/Articles/2009/08/19/237378/home-office-unlikely-to-accept-id-card-cloners-offer-of.htm
2009-08-20,00:11:44,9c426,510,"Orthodox Islamic school treats Dutch teachers who are not Muslims as inferior beings. They have to have their meals separately, cannot be greeted in the same way as Muslims, and must teach that Christianity will be abolished.",nisnews.nl,http://www.nisnews.nl/public/180809_2.htm
2009-08-20,21:29:15,9cezv,107,Lockerbie bomber's release agreed,news.bbc.co.uk,http://news.bbc.co.uk/2/hi/uk_news/scotland/south_of_scotland/8197370.stm
2009-08-20,16:08:45,9cchz,95,"The Blind Pakistani Cricket team have been denied visas to the UK, after being invited by the English Cricket Council to defend their championship.",news.bbc.co.uk,http://news.bbc.co.uk/2/hi/south_asia/8200717.stm
2009-08-20,02:14:18,9c5hv,87,Is she really a HE? Women's 800m gold medal favorite told to take gender test hours before World Championship race.,dailymail.co.uk,http://www.dailymail.co.uk/news/worldnews/article-1207653/Is-Doubts-raised-sex-womens-800m-gold-medal-favourite-hours-Berlin-World-Championship-race.html
2009-08-20,23:10:59,9cg4m,79,Switzerland expands border into Italy as glaciers melt,guardian.co.uk,http://www.guardian.co.uk/world/2009/aug/19/switzerland-italy-border-glaciers-melt
2009-08-21,01:19:44,9chpp,72,"If you live in France, chances are you work the least.  If you live in Switzerland, chances are you earn the most.",ubs.com,http://www.ubs.com/1/e/investors/releases.html?newsId=170250
2009-08-21,05:58:44,9ckq0,47,UK 'can't find' $13bn in military hardware,abc.net.au,http://www.abc.net.au/news/stories/2009/08/20/2661663.htm?section=justin
2009-08-21,05:11:09,9ck9g,42,"After leaving HM Prison Greenock after being released on compassionate grounds, Abdelbaset Ali al-Megrahi released the following statement:",news.bbc.co.uk,http://news.bbc.co.uk/2/hi/uk_news/scotland/8212910.stm
2009-08-21,04:54:21,9ck3a,44,Iran Allows IAEA Officials to Inspect Nuclear Reactor,voanews.com,http://www.voanews.com/english/2009-08-20-voa42.cfm
2009-08-21,02:08:42,9cib7,33,Blackwater 'hired for CIA plan',news.bbc.co.uk,http://news.bbc.co.uk/1/hi/world/americas/8211088.stm
2009-08-21,05:28:07,9ckfq,32,"Is history catching up with Blair? ""The chairman of the Iraq war whitewash - sorry, inquiry - Sir John Chilcot announced this week that the panel will not publish its findings until after the general election.""",morningstaronline.co.uk,http://www.morningstaronline.co.uk/index.php/news/features/is-history-catching-up-with-blair
2009-08-20,22:25:30,9cfl7,26,"1,300 Chinese children near smelter suffer lead poisoning",guardian.co.uk,http://www.guardian.co.uk/world/2009/aug/20/china-smelter-children-lead-poisoning
2009-08-21,01:36:55,9chx5,26,Gadhafi wins apology over son’s arrest - Swiss president says sorry after Libya removes $5 billion from banks,msnbc.msn.com,http://www.msnbc.msn.com/id/32491959/ns/world_news-mideastn_africa/
2009-08-21,01:35:51,9chwu,23,"""It does not matter if they are American, French or British,"" she told The Associated Press. ""If they are residents of the (Palestinian) territories, then we regard them first and foremost as local residents."" :: What she really means to say is that they are second class citizens.  ",news.yahoo.com,http://news.yahoo.com/s/ap/20090820/ap_on_re_mi_ea/ml_israel_palestinians_us
2009-08-21,07:00:41,9cl7z,23,UK minister pressed over Afghan wife-starving law - Is this what our soldiers are dying for? [vid],news.bbc.co.uk,http://news.bbc.co.uk/1/hi/programmes/newsnight/8211877.stm
2009-08-21,01:47:10,9ci1u,13,Students brutalized by security forces during protest against Philippine's president [pics],demotix.com,http://www.demotix.com/news/student-activits-bady-beaten-during-protest-rally?utm_source=Best+of+Demotix+Showcase+%28daily%29&utm_campaign=b94507fe21-Daily+Email+Special+Edition&utm_medium=email
2009-08-21,03:41:43,9cjc6,9,"Secretary Clinton's uncompromising condemnation of perpetrators of sexual violence has not been thoroughly emphasized or analyzed, but sniping has already begun about AFRICOM's involvement in her initiative.",laprogressive.com,http://www.laprogressive.com/2009/08/20/crimes-against-humanity-and-geological-scandals/
2009-08-20,21:51:52,9cf8a,9,'The godfather of instruction manuals',news.bbc.co.uk,http://news.bbc.co.uk/2/hi/technology/8210144.stm
2009-08-21,07:25:48,9cle4,8," The US is not going to stop the production of drugs in Afghanistan as it covers the costs of their military presence there, says Gen. Mahmut Gareev, a former commander during the USSR's operations in Afghanistan.",article.wn.com,http://article.wn.com/view/2009/08/20/Afghan_drug_trafficking_brings_US_50_billion_a_year/
2009-08-21,01:06:30,9chjk,9,"Camp Ashraf, Iraq - refugees still not allowed to bury the dead, lawyers barred from obtaining visas, American military witnesses silent",themarknews.com,http://www.themarknews.com/articles/444-end-the-camp-ashraf-nightmare
2009-08-20,06:35:03,9c83e,7,"Boy, 8, beats wing-walking record [vid]",news.bbc.co.uk,http://news.bbc.co.uk/1/hi/uk/8210351.stm
2009-08-20,22:30:36,9cfn8,7,A top Chinese general criticized the U.S. on Thursday for selling arms to Taiwan and accused Washington of only being cooperative when it needs help with international campaigns.,salon.com,http://www.salon.com/wires/ap/world/2009/08/20/D9A6KCQO0_as_china_us_taiwan/index.html
2009-08-21,05:00:33,9ck5b,7,German Terror Plot Emerges as Secret Service Game,ipsnews.net,http://ipsnews.net/news.asp?idnews=48154
2009-08-21,04:08:59,9cjml,8,Analysis: Lockerbie bomber .... UK and America have different views on release.,globalpost.com,http://www.globalpost.com/dispatch/united-kingdom/090820/lockerbie-bomber-relased
2009-08-20,11:13:46,9ca58,8,"
Baghdad blasts kill 95",jordantimes.com,http://jordantimes.com/?news=19364
2009-08-21,05:34:08,9ckhy,5,"As researchers discover more agents that alter mental states, the Chemical Weapons Convention needs modification to help ensure that the life sciences are not used for hostile purposes, says Malcolm Dando.",nature.com,http://www.nature.com/nature/journal/v460/n7258/full/460950a.html
2009-08-20,12:00:06,9cagv,5,"Children beaten to near death in Chinese ""internet addiction camps"". Last month the govt. banned electroshock therapy as a treatment, after victims wrote about receiving shocks for 30 min at a time.",cnn.com,http://www.cnn.com/2009/WORLD/asiapcf/08/19/china.internet/
2009-08-20,22:23:28,9cfka,4,"For once, the tittle-tattle was not the usual sort about performance-enhancing substances. This was more basic and a whole lot nastier: was the 'she' actually a 'he'?",bbc.co.uk,http://www.bbc.co.uk/blogs/tomfordyce/2009/08/semenya_left_stranded_by_storm.html
2009-08-20,10:35:00,9c9vr,6,South African gold medal athlete Caster Semenya told to prove she is a woman,guardian.co.uk,http://www.guardian.co.uk/sport/2009/aug/19/caster-semenya-gender-verification-test
