2009-04-20,22:50:53,8dw5j,348,"Israel decides to build a ""Museum of Tolerance"" atop a Muslim cemetery",guardian.co.uk,http://www.guardian.co.uk/commentisfree/2009/apr/20/museum-tolerance-israel
2009-04-21,04:31:13,8dzpo,319,"Israeli Legislator Writes Letter To Rahm Emanuel, Reminding Him That He Needs To Be Loyal To Jewish People And Israel Only, Not America",jpost.com,http://www.jpost.com/servlet/Satellite?cid=1239710730438&pagename=JPost%2FJPArticle%2FShowFull&d
2009-04-20,18:32:45,8du87,309,The public are fast losing patience with thuggish policing,guardian.co.uk,http://www.guardian.co.uk/commentisfree/2009/apr/19/police-intimidation-protesters-civil-liberties
2009-04-20,11:18:37,8drq8,233,"A survey 16 copyright regimes around the world found the United Kingdom is the worst, a ""blessed plot"" which makes it illegal to rip CDs, doesn't protect parody and satire, and puts a copyright on government documents.",arstechnica.com,http://arstechnica.com/tech-policy/news/2009/04/queen-elizabeth-ii-rules-worlds-worst-copyright-regime.ars
2009-04-20,22:51:08,8dw5n,185,"Ahmadinejad says Israel is run by a racist government, western diplomats stage walkout at UN conference",inthenews.co.uk,http://www.inthenews.co.uk/news/autocodes/countries/switzerland/boycotts-hamper-un-racism-conference-$1289234.htm
2009-04-21,04:52:20,8dzwt,57,"IDF thugs beating women and teenagers, forcing a teens arm out and hitting the elbow with a brick in an attempt to break it",botlbrush.com,http://botlbrush.com/blog/?p=1164
2009-04-20,03:39:28,8dpe0,43,Cult author JG Ballard dead at 78,news.bbc.co.uk,http://news.bbc.co.uk/1/hi/entertainment/8007331.stm
2009-04-20,10:00:06,8drc5,34,Red Cross 'worn out' in Sri Lanka (Horrifying picture included),news.bbc.co.uk,http://news.bbc.co.uk/2/hi/south_asia/8007465.stm
2009-04-20,22:42:19,8dw25,29,Hamas accused of extra-judicial killings of Palestinians in Gaza,guardian.co.uk,http://www.guardian.co.uk/world/2009/apr/20/hamas-killings-gaza-human-rights
2009-04-20,18:00:44,8du11,31,International condoms 'too big' for Indian men,news.bbc.co.uk,http://news.bbc.co.uk/2/hi/south_asia/6161691.stm
2009-04-21,02:31:52,8dygg,19,Turkey's scheming in Strasbourg shows it doesn't belong in the European Union. - By Christopher Hitchens,slate.com,http://www.slate.com/id/2216518/?
2009-04-20,08:33:12,8dqxe,18,Swiss president ignores Israel lobby and proceeds to meet with his Iranian counterpart on the eve of the anti-racism Durban Review Conference being held in Geneva.,uk.reuters.com,http://uk.reuters.com/article/oilRpt/idUKLJ50478120090419
2009-04-21,00:54:50,8dxe9,18,Britain walks out of conference as Ahmadinejad calls Israel 'racist',guardian.co.uk,http://www.guardian.co.uk/world/2009/apr/20/un-conference-boycott-ahmadinejad
2009-04-20,23:23:23,8dwgv,16,"Father denies Slumdog child sale -- He was tempted, he rejecteed the offer, then he was blatantly slandered",news.bbc.co.uk,http://news.bbc.co.uk/2/hi/south_asia/8008359.stm
2009-04-21,07:15:15,8e14v,12,"China: Late last year, the government cut to 1 percent its tax on “family vehicles” with fuel-sipping engines no larger than 1.6 liters, while raising the levies to as much as 40 percent on cars, minivans and sport utility vehicles with larger engines.",nytimes.com,http://www.nytimes.com/2009/04/21/business/global/21auto.html
2009-04-21,00:06:03,8dwwd,14,"According to reports, the European Commission will soon begin an investigation into the British government's use of Internet surveillance",infopackets.com,http://www.infopackets.com/news/government/2009/20090420_eu_rivals_uk_over_consent_of_behavorial_marketing.htm
2009-04-20,18:40:06,8du9o,11,Swedes demonstrate in support of Pirate Bay,thelocal.se,http://www.thelocal.se/18954/20090419/
2009-04-21,03:56:44,8dzdf,8,Hamas directed gunmen to eliminate political opponents and suspected collaborators under the cover of Israel's military offensive in Gaza,huffingtonpost.com,http://www.huffingtonpost.com/2009/04/20/hamas-attacked-killed-doz_n_188888.html
2009-04-20,21:42:11,8dvj7,3,Torture Victim Turns Tables on Libya at 'Racism' Conference...,blog.unwatch.org,http://blog.unwatch.org/?p=314
2009-04-20,18:02:04,8du1f,5,Let’s Get The Somali Pirates To Patrol The Seas. It Would Save Money And All The Hassle,stirringtroubleinternationally.com,http://www.stirringtroubleinternationally.com/2009/04/20/somali-pirates/
2009-04-20,15:50:32,8dt9x,6,Prince Charles told: don't interfere on planning decisions ** Leading architects complain that prince abuses position to 'skew' planning decisions,guardian.co.uk,http://www.guardian.co.uk/uk/2009/apr/20/prince-charles-planning-interference
2009-04-20,14:51:02,8dswc,4,Somalia's Godfathers: Ransom-Rich Pirates,washingtonpost.com,http://www.washingtonpost.com/wp-dyn/content/article/2009/04/19/AR2009041902236.html
2009-04-21,06:16:11,8e0np,4,"While White-listing Syria, Linkedin Keeps Sudan’s Internet Users Blocked!",arabcrunch.com,http://arabcrunch.com/2009/04/while-white-listing-syria-linkedin-keeps-sudan-blocked.html
2009-04-20,15:55:49,8dtb7,4,Amnesty International: Fiji Develops Culture of Fear Under Military Rule,bloomberg.com,http://www.bloomberg.com/apps/news?pid=20601081&sid=aXuefEEn3yGM&refer=australia
2009-04-20,13:41:51,8dshf,6,"Muslim Cleric participates in ""Rabbis and Imams for peace"" conference, then goes on TV and declares that ""Jews are inherently evil"" and that ""no Jew or Zionist will be left on the face of this earth""",jewkey.com,http://jewkey.com/gaza-city-religion-of-peace-hamas-cleric-jews-destined-to-extermination-2/jewkey-video-feature/
2009-04-20,14:46:14,8dsv8,3,New G20 video shows police hitting protesters,guardian.co.uk,http://www.guardian.co.uk/world/2009/apr/19/g20-police-video-climatecamp-tomlinson
2009-04-20,12:06:10,8drzg,5,Dubya yuks it up on his first overseas trip post  presidency.,talkingpointsmemo.com,http://www.talkingpointsmemo.com/news/2009/04/bush_makes_first_overseas_trip_after_presidency.php
2009-04-21,00:05:02,8dww2,4,Jamaica Police Capture Gunman Who Hijacked Plane in Montego Bay,stockmarketfunding.com,http://www.stockmarketfunding.com/SMF-Blogs/Hot-Trends/April-2009/Jamaica-Police-Capture-Gunman-Who-Hijacked-Plane.aspx
2009-04-21,00:18:03,8dx0n,4, What A President With Genuine Courage Looks Like: Bolivian President Evo Morales Finishes 5 Day Hunger Strike To Push Electoral Reforms,tinyrevolution.com,http://www.tinyrevolution.com/mt/archives/002931.html
2009-04-21,05:34:48,8e0an,2,Husband Stabs then Runs over Ex-Wife - All Caught on Camera,current.com,http://current.com/items/89983973_crazy-husband-stabs-then-runs-over-ex-wife-on-camera.htm
