2009-06-10,17:47:10,8raeq,885,"WTF: UK police are teaching children to spot terrorists -- More than 2,000 10 and 11-year-olds will see a short film, which urges them to tell the police, their parents or a teacher if they hear anyone expressing extremist views!",lancashiretelegraph.co.uk,http://www.lancashiretelegraph.co.uk/news/blackburn/4425941.East_Lancashire_youngsters_see_film_on_terrorism_danger/
2009-06-11,03:30:09,8rfn2,120,Election fever as Iran prepares to vote - 'Ahmadinejad bye bye - they shout',channel4.com,http://www.channel4.com/news/articles/politics/international_politics/election+fever+as+iran+prepares+to+vote/3203957
2009-06-10,19:36:03,8rb6g,81,"Hello reddit, Here is a couple of pictures I took yesterday in Tehran, Iran. There was a large rally everywhere against Ahmadinejad before the Presidential Elections.",flickr.com,http://www.flickr.com/photos/33841760@N06/sets/72157619494170302/detail/
2009-06-10,17:27:24,8ra9s,72,We don't need no CCTV in our classroom: Our school's installation of TV cameras to watch our lessons is an insult – a fact many adults failed to grasp when we protested,guardian.co.uk,http://www.guardian.co.uk/commentisfree/libertycentral/2009/jun/03/cctv-classroom
2009-06-10,15:44:41,8r9ln,74,Chinese state media praise Shanghai's gay pride festival in a sign of new official acceptance of homosexuality.,news.bbc.co.uk,http://news.bbc.co.uk/2/hi/asia-pacific/8092516.stm
2009-06-10,21:42:34,8rc4a,66,Canada introduces mandatory minimum sentencing for marijuana in spite of the fact that the majority of Canadians believe the consumption of cannabis should be legalized. [Apologies for cross-posting Reddit but I can’t even begin to explain how Fucked Up this is] ,chycho.com,http://www.chycho.com/?q=C-15
2009-06-11,00:36:31,8rdt9,65,"French ""3 strikes and your out"" against illegal downloading declared unconstitutional by the highest constitutional authority in France ",translate.google.com,http://translate.google.com/translate?js=n&prev=_t&hl=en&ie=UTF-8&u=http%3A%2F%2Fwww.lemonde.fr%2Ftechnologies%2Farticle%2F2009%2F06%2F10%2Fhadopi-le-conseil-constitutionnel-censure-la-riposte-graduee_1205290_651865.html&sl=fr&tl=en&history_state0=
2009-06-11,04:20:15,8rg3d,41,French Three-Strikes Law Ruled Unconstitutional,arstechnica.com,http://arstechnica.com/tech-policy/news/2009/06/french-court-savages-3-strikes-law-tosses-it-out.ars
2009-06-10,08:13:46,8r6im,30,Think the US waterboarding terrorist suspects is bad? In the UK our COPS waterboard people accused of DRUG offences!,news.sky.com,http://news.sky.com/skynews/Home/UK-News/Six-Scotland-Yard-Police-Officers-Suspended-Over-Waterboarding-Drug-Suspects/Article/200906215299908?lpos=UK_News_Carousel_Region_0&lid=ARTICLE_15299908_Six_Scotland_Yard_Police_Officers_Suspended_Over_Waterboarding_Drug_Suspects
2009-06-11,04:42:14,8rgao,32,The first panicky retreat in the war on free speech in the UK has begun,blogs.discovermagazine.com,http://blogs.discovermagazine.com/badastronomy/2009/06/10/chiropocalypse/
2009-06-10,13:23:56,8r8kc,22,The president of Afghanistan's brother is a high-level player in the Afghan heorin trade,nytimes.com,http://www.nytimes.com/2008/10/05/world/asia/05afghan.html?ref=asia
2009-06-11,03:28:04,8rfmd,23,Girls of Pyongyang: The Unknowns in the Case of Lee & Ling,open.salon.com,http://open.salon.com/blog/heather_michon/2009/06/10/girls_of_pyongyang_the_unknowns_in_the_case_of_lee_ling
2009-06-10,08:26:04,8r6lf,23,Israeli military developing battlefield robot snake ,jpost.com,http://www.jpost.com/servlet/Satellite?cid=1244371047887&pagename=JPost/JPArticle/ShowFull
2009-06-11,01:27:23,8rebx,22,60 die in Peru rainforest protest; Clashes between police and indigenous protesters over drilling for oil and gas in rain forest,therealnews.com,http://therealnews.com/t/index.php?option=com_content&task=view&id=31&Itemid=74&jumival=3832
2009-06-11,04:33:04,8rg7s,16,"Macedonia says France will say ""THE ALIENS ARE HERE!""",macedoniaonline.eu,http://macedoniaonline.eu/content/view/7034/56
2009-06-10,23:01:52,8rcv6,17,"Hezbollah says it's willing to turn a new page and ""behave in a highly positive manner and cooperate with the other side... If it decides on a programme, a vision and a method that is different from the past and that opens new horizons, they will find us by their side.""  Here's to hoping.",alertnet.org,http://alertnet.org/thenews/newsdesk/LA80171.htm
2009-06-10,12:15:22,8r830,16,Laid-off workers to revive old Polaroid factory,nrc.nl,http://www.nrc.nl/international/Features/article2265973.ece/Laid-off_workers_to_revive_old_Polaroid_factory
2009-06-10,22:54:09,8rcrs,14,Could North Korea Provoke a New Korean War?,time.com,"http://www.time.com/time/world/article/0,8599,1903717,00.html?iid=tsmodule"
2009-06-10,14:02:23,8r8ue,12,Palau to take Guantanamo Uighurs,news.bbc.co.uk,http://news.bbc.co.uk/2/hi/asia-pacific/8092502.stm
2009-06-11,05:25:00,8rgoq,11,"War criminal who killed tens of thousands of people, drinking coffe in the Belgrade downtown",sarajevo-x.com,http://www.sarajevo-x.com/clanak/090610122
2009-06-10,08:01:53,8r6fm,11,France will disclose ET presence on earth Friday June 12 2009,thecrit.com,http://thecrit.com/2009/06/09/france-will-disclose-et-presence-on-earth-friday-june-12-2009/
2009-06-11,02:57:16,8rf9u,10,"A customer relations officer from Ellesmere Port has been electronically tagged for two months, given a curfew and ordered to pay £2,440.66 in costs for leaving a 15-week-old kitten alone for two days. Politicians and bankers walk away scott free",guardian.co.uk,http://www.guardian.co.uk/commentisfree/henryporter/2009/jun/10/mps-need-tough-justice-expenses
2009-06-10,11:33:23,8r7ty,13,Israeli Minister proposes Israeli sanctions on US,reddit.com,http://www.reddit.com/r/worldpolitics/comments/8qyq0/israeli_minister_proposes_israeli_sanctions_on_us/
2009-06-10,15:04:24,8r9b6,10,"If China can do it – why can’t the US, UK, EU?",vpcyn.wordpress.com,http://vpcyn.wordpress.com/2009/06/10/if-china-can-do-it-why-cant-the-us-uk-eu
2009-06-10,10:13:16,8r7ch,9,"Prehistoric Complex Including Two 6,000 Y.O Tombs Discovered",sciencedaily.com,http://www.sciencedaily.com/releases/2009/06/090608143835.htm
2009-06-10,18:11:09,8rak1,8,US envoy: US has no intention to invade NKorea or change its regime by force,macleans.ca,http://www.macleans.ca/article.jsp?content=w092176921
2009-06-10,14:16:31,8r8yh,6,Can Apple beat the too-expensive rap?,news.cnet.com,http://news.cnet.com/8301-13579_3-10260125-37.html
2009-06-10,18:20:46,8ramr,8,"Horrifying and heart-breaking account of families being thrown into glass ""laboratories"" in North Korean prison camps.",youtube.com,http://www.youtube.com/watch?v=ecZKGN_0uHc
2009-06-11,00:15:41,8rdln,5,"The Nazis were eighth-grade schoolyard bullies compared to the British, the scariest motherfuckers ever to walk the planet. The British Empire's extermination program went on for 300 years. ",exiledonline.com,http://exiledonline.com/when-pigs-fly-and-scold-brits-lecturing-sri-lanka/all/1/
2009-06-10,10:06:51,8r7av,6,London's Metropolitan Police accused of waterboarding suspects,timesonline.co.uk,http://www.timesonline.co.uk/tol/news/uk/crime/article6466430.ece
