2009-07-29,15:09:30,95jeu,1646,"Mum drags daughter onto faux “lie detector test” on live radio, to ask her if she has skipped school/had sex. She reveals to Australia previous rape experience at 12 years old. ",media.smh.com.au,http://media.smh.com.au/shock-jock-rape-disaster-654506.html
2009-07-29,05:43:46,95fdb,482,WTF. Albino children are being hunted. I couldn't get through this without crying (The Big Picture-Boston.com),boston.com,http://www.boston.com/bigpicture/2009/07/stories_from_israel_tanzania_a.html
2009-07-30,00:33:31,95o82,235,"2/3 Swedish physicians consider neonatal circumcision an assault: ""The opposing doctors said they did not perform circumcisions unless the procedure was deemed medically necessary. Otherwise, they viewed the procedure as barbaric and akin to unnecessary female circumcision""",upi.com,http://www.upi.com/Health_News/2009/07/25/Many-Swedish-doctors-oppose-circumcision/UPI-87341248545759/
2009-07-30,07:08:56,95sjx,82,"Contrary to what you may have heard, Islam is not going to take over the Netherlands. The number of Muslims has declined by 25.000 in 3 year. Only 35% of them visit the Mosque at least once a month, as opposed to 47% in 1998.",elsevier.nl,http://www.elsevier.nl/web/10242197/Nieuws/Nederland/Steeds-minder-Nederlanders-naar-kerk-of-moskee.htm
2009-07-29,17:33:42,95kfd,63,"Jewish group urges Ontario to review ""anti-semite"" online postings - all while Israel recruits army of bloggers to flood anti-war websites with hateful views & comments. Bigotry at its best: Selective freedom of speech is no freedom of speech at all.",nationalpost.com,http://www.nationalpost.com/story.html?id=1747869
2009-07-29,11:45:59,95hwu,44,"The big lie of Afghanistan: ""So far, Obama has pursued the same policy as Bush in Afghanistan. My country hasn't been liberated: it's still under the warlords' control, and Nato occupation only reinforces their power.""",guardian.co.uk,http://www.guardian.co.uk/commentisfree/2009/jul/25/afghanistan-occupation-taliban-warlords
2009-07-29,09:02:17,95gv0,49,"Death toll in Iran protests may be in hundreds, as battered bodies are released to families.  Even conservatives angry.",nytimes.com,http://www.nytimes.com/2009/07/29/world/middleeast/29iran.html?partner=rss&emc=rss&pagewanted=all
2009-07-29,23:28:39,95ngv,41,"10,000 Uighurs disappeared during unrest in China, exiled leader claims",guardian.co.uk,http://www.guardian.co.uk/world/2009/jul/29/uighur-leader-japan-tokyo-china
2009-07-29,20:03:29,95lj4,34,"One of their ""mischievous acts"" was to test how long a Palestinian who was being choked could survive without breathing.",haaretz.com,http://www.haaretz.com/hasen/spages/957536.html
2009-07-29,10:45:16,95hj4,18,"With the country neck-deep in a recession, young Japanese women are increasingly turning to ""hostessing"".",nytimes.com,http://www.nytimes.com/2009/07/28/business/global/28hostess.html
2009-07-29,11:50:29,95hy4,16,Brazilian soccer player Ronaldo will take part in a film about a Palestinian girl who hoped to meet him but was killed by a land mine before she could fulfill her dream,reuters.com,http://www.reuters.com/article/filmNews/idUSTRE56P2FY20090726
2009-07-30,05:21:54,95rj4,16,Bribery and fraud at heart of defense contracting work in Iraq and Afghanistan,waronyou.com,http://waronyou.com/topics/bribery-and-fraud-at-heart-of-defense-contracting-work-in-iraq-and-afghanistan/
2009-07-29,12:03:02,95i11,17,Australian racist kills Chinese person who ?? looked Indian (picture included). ,theage.com.au,http://www.theage.com.au/national/man-jailed-over-racist-killing-of-university-researcher-20090729-e0t2.html
2009-07-29,22:00:13,95mkq,13,Calls to downsize chocolate bars (your ration has been increased!),news.bbc.co.uk,http://news.bbc.co.uk/2/hi/health/8173936.stm
2009-07-29,10:05:40,95h95,10,Chavez 'will freeze' ties with Colombia and withdraw his nation's ambassador from Bogota,france24.com,http://www.france24.com/en/20090729-chavez-venezuela-colombia-farc-diplomacy
2009-07-29,11:59:00,95i06,10,"A Man who allegedly bilked his clients out of 50 million dollars in a ponzi scheme, released from custody on a $30,000 bail.  Yeah, that should keep him in Canada.  Justice Canadian style! ",theglobeandmail.com,http://www.theglobeandmail.com/news/national/investors-scoff-as-judge-reads-jones-his-bail-conditions/article1233705/
2009-07-29,22:09:22,95mns,10,"""All that is necessary for the triumph of evil is that good men do nothing"" - NZ National Party votes against ban on slave labour imports",norightturn.blogspot.com,http://norightturn.blogspot.com/2009/07/national-votes-for-slavery.html
2009-07-29,12:03:16,95i15,8,US envoy fails to ensure Israel settlement freeze,jordantimes.com,http://jordantimes.com/?news=18779
2009-07-29,11:27:28,95hsu,6,15 year old girl used sexual blackmail to get her 17 year old boyfriend to murder a 14 year old girl that she was jealous of and who she had never met.  ,theglobeandmail.com,http://www.theglobeandmail.com/news/national/no-remorse-no-mercy-teenage-puppet-master-sentenced-to-life/article1234310/
2009-07-29,23:26:56,95ng8,5,22 killed by heavy rain in China,en.wikinews.org,"http://en.wikinews.org/wiki/22_killed_as_heavy_rain_hits_Panzhihua,_China?curid=129780"
2009-07-30,06:18:46,95s48,6,A law firm in Salt Lake City has been charged with conducting...,ergensharif.co.uk,http://www.ergensharif.co.uk/WorldImmigrationNews.aspx
2009-07-29,16:42:32,95k2t,5,"Car Bomb Explodes in Spanish City of Burgos, Official Says; 40 People Hurt ",bloomberg.com,http://www.bloomberg.com/apps/news?pid=20601087&sid=aEgWi3.5ekac
2009-07-29,20:30:28,95lrs,5,Honduras: US revokes de facto government's visas,latimes.com,"http://www.latimes.com/news/nationworld/world/la-fg-honduras-visas29-2009jul29,0,3682873.story"
2009-07-29,10:53:51,95hkz,5,"The number of people killed by those with a mental illness increased between 1997 and 2005, official figures show.",news.bbc.co.uk,http://news.bbc.co.uk/2/hi/health/8173386.stm
2009-07-29,22:31:20,95mv8,5,"Vyacheslav Ivankov, who has been named by the United States as a senior Russian mobster, was shot in the stomach by a sniper as he left a Thai restaurant on Tuesday after apparently mediating between two rival criminal groups.",alertnet.org,http://alertnet.org/thenews/newsdesk/LT21073.htm
2009-07-30,03:41:03,95qgd,4,China to 'reduce' number of executions,telegraph.co.uk,http://www.telegraph.co.uk/news/worldnews/asia/china/5933241/China-to-reduce-number-of-executions.html
2009-07-30,03:55:35,95qn0,2,Nuclear Battle Lines Set.,aviationweek.com,http://www.aviationweek.com/aw/blogs/defense/index.jsp?plckController=Blog&plckBlogPage=BlogViewPost&newspaperUserId=27ec4a53-dcc8-42d0-bd3a-01329aef79a7&plckPostId=Blog%3a27ec4a53-dcc8-42d0-bd3a-01329aef79a7Post%3a117c8462-89f1-488e-98bf-4960207d7230&plckScript=blogScript&plckElementId=blogDest
2009-07-30,02:05:15,95pbm,3,Lights Go Out in New Delhi as Billionaire Ambani Brothers Feud ,bloomberg.com,http://www.bloomberg.com/apps/news?pid=20601109&sid=a7izGOqvsu8M
2009-07-30,07:56:50,95sw2,3,"1. Collect Stem Cells in Hungary
2. Inject them into People for God only Knows Why
3. Profit!!!",reuters.com,http://www.reuters.com/article/healthNews/idUSTRE56S4PR20090729
2009-07-30,05:47:25,95rss,5,"Cambodian government accused of herding HIV-infected people into an ""AIDS colony""",smh.com.au,http://www.smh.com.au/world/aidsafflicted-x2018herded-into-colonyx2019-20090729-e1lt.html
