2009-10-06,11:00:13,9r66t,103,Italian prosecutor states CIA kidnapping case too grave to cover up,google.com,http://www.google.com/hostednews/ap/article/ALeqM5iM_YyWi9inE9T_InTSAg1w3qlraAD9B1M4983
2009-10-07,00:45:39,9rdez,66,I guess they didn't ask Reddit...,reuters.com,http://www.reuters.com/article/newsOne/idUSTRE59447120091005
2009-10-06,18:48:48,9r9ud,53,One of the most-wanted suspects in the Rwandan genocide has been arrested ,news.bbc.co.uk,http://news.bbc.co.uk/2/hi/africa/8292252.stm
2009-10-06,22:00:03,9rbgc,49,"Banks which helped Madoff skim billions set salary limits, non rich people need not apply for accounts",arabianbusiness.com,http://www.arabianbusiness.com/569516-hsbc-considers-aed20000-salary-limit-for-new-customers
2009-10-06,05:13:42,9r3go,31,The G-7 Abandons The Dollar - Forbes.com,forbes.com,http://www.forbes.com/2009/10/05/dollar-g7-yen-markets-currencies-foreign-exchange.html?partner=minihomepage
2009-10-06,20:52:01,9rate,22,"The plight of 400,000 refugees no one has ever heard of",wesay.com,http://www.wesay.com/Profiles/bayazidakter/Sets/u510200915462837/9/
2009-10-06,12:36:23,9r6z2,18,"Cellphone snapshots show that women were the particular targets of Guinean soldiers who suppressed a political demonstration at a stadium last week, with victims and witnesses describing rapes, beatings and acts of intentional humiliation.",nytimes.com,http://www.nytimes.com/2009/10/06/world/africa/06guinea.html?hp
2009-10-07,00:06:24,9rcyo,18,"Tony Morgan, who set up the site, said: “This could turn out to be the best crime prevention weapon there’s ever been. I wanted to combine the serious business of stopping crime with the incentive of winning money. ",timesonline.co.uk,http://www.timesonline.co.uk/tol/news/uk/crime/article6862398.ece
2009-10-06,23:06:17,9rc6n,15,Irish voters say yes to Lisbon treaty (With some explanation of what this means),ec.europa.eu,http://ec.europa.eu/news/eu_explained/091003_1_en.htm
2009-10-06,15:47:44,9r8in,15,"When the army's in the dock, - How British war crimes in Iraq were covered up| George Monbiot in the Guardian",guardian.co.uk,http://www.guardian.co.uk/commentisfree/libertycentral/2009/oct/05/army-dock-justice-crown-bandana
2009-10-07,01:14:05,9rdqv,11,North Korea finds out its starving population is about to freeze to death.,reuters.com,http://www.reuters.com/article/topNews/idUSSP48900020091006?feedType=RSS&feedName=topNews
2009-10-07,05:25:13,9rggs,15,"Convicted pedophile awarded $93k after being assaulted in prison. Says ""I don't  want her finding out because she's going to go me for it""",news.com.au,"http://www.news.com.au/story/0,27574,26176839-421,00.html"
2009-10-07,05:41:27,9rgmm,14,"Leaked IAEA paper: ""Project 110"" is the code name of Iran's secret effort to produce a nuclear warhead capable of fitting inside the nose cone of a Shahab 3 missile. ",csmonitor.com,http://www.csmonitor.com/2009/1006/p02s01-usfp.html
2009-10-07,00:30:19,9rd8n,12,Remote villages in Sumatra have been severely hit by the quake but are hard to reach. A report from the ground.,ifrc.org,http://www.ifrc.org/Docs/News/09/09100601/index.asp
2009-10-06,11:58:51,9r6ne,11,"Britain's The Independent newspaper says Gulf Arab states are in secret talks with Russia, China, Japan and France to replace the US dollar with a basket of currencies in the trading of oil.",abc.net.au,http://www.abc.net.au/news/stories/2009/10/06/2706148.htm
2009-10-06,19:16:09,9ra1v,6,More sex leads to less AIDS according to MIT economists.,slate.com,http://www.slate.com/id/2033/
2009-10-06,17:36:30,9r9bt,8,"Summary of Goldstone report: Generally OK to shoot at civilians while hiding behind civilians, but a horrible war crime to try and prevent it. Terrorists of the world, rejoice.",haaretz.com,http://www.haaretz.com/hasen/spages/1119133.html
2009-10-07,05:14:42,9rgd7,8,"The Independent Fact Finding Mission on the Conflict in Georgia is more than good: in a field generally characterised by mediocrity, it is a rare gem. It suggests, among other things, the need for more clarity on what, if any, are the agreed rules for the making, breaking and interaction of states.",guardian.co.uk,http://www.guardian.co.uk/commentisfree/2009/oct/06/breakaway-states-law-georgia
2009-10-06,15:08:32,9r883,6,New Zealanders can now make online submissions to parliamentary committees,scoop.co.nz,http://www.scoop.co.nz/stories/PA0910/S00062.htm
2009-10-07,04:46:51,9rg3a,7,"Something is afoot in central Africa and we are dropping the ball. On a visit to the region in 2007, a deep source at the UN told me that his/her expectation was that violence and genocide could erupt again and that the epicenter would be Burundi.",laprogressive.com,http://www.laprogressive.com/2009/10/06/where-is-sos-clinton-as-uncertainty-looms-for-refugees-and-displaced-populations-in-central-africa/
2009-10-07,04:10:14,9rfpe,3,Egypt's top cleric to ban veils in schools,cbc.ca,http://www.cbc.ca/world/story/2009/10/06/niqab-egypt-veil-ban-schools.html?ref=rss
2009-10-06,23:03:33,9rc5v,1,"After being forced from their monastery last week, 354 followers of exiled monk Thich Nhat Hanh face new police pressure to leave the temple where they sought refuge. ""We see clearly that they don't want our young nuns and monks to stay together and practice as a community.""",csmonitor.com,http://www.csmonitor.com/2009/1005/p06s07-woap.html
2009-10-07,00:18:29,9rd3b,3,A senior Israeli cabinet minister has blamed local human rights groups for hindering travel abroad by some leading officials concerned that they might faces war crimes charges.,nytimes.com,http://www.nytimes.com/reuters/2009/10/06/world/international-uk-israel-officials-warcrimes.html
2009-10-07,05:16:12,9rgdp,3,"""two lists that detail more than 30,000 names and passwords from e-mail providers, including Yahoo and AOL, that were posted online""",news.bbc.co.uk,http://news.bbc.co.uk/2/hi/technology/8292928.stm
2009-10-07,01:37:07,9re0m,4,"Parma Returns to the Philippines - It is indeed Strike Three as Parma again made landfall in the Philippines, this time on the northern tip of Ilocos Norte in extreme Northern Luzon",ireport.com,http://www.ireport.com/docs/DOC-338337
2009-10-07,03:34:22,9rfct,3,"Top Palestinian Negotiator: ""Israel is lighting matches in hopes of igniting a big fire""",jpost.com,http://www.jpost.com/servlet/Satellite?cid=1254827718327&pagename=JPost%2FJPArticle%2FShowFull
2009-10-06,10:54:39,9r64t,0,Parma forecast track getting dangerously close to Philippines; Typhoon Melor now forecast to run over Tokyo in a weakening phase,symonsez.wordpress.com,http://symonsez.wordpress.com/2009/10/06/parma-forecast-track-dangerously-close-to-the-philippines-melor-has-sight-on-tokyo/
2009-10-07,02:43:42,9reql,1,Dr. Strangelove was Real! (kind of),wired.com,http://www.wired.com/dangerroom/2009/09/the-soviets-built-a-doomsday-machine-its-still-working/
2009-10-07,00:57:42,9rdk4,0,"It’s not the kind of sculpture of Chairman Mao you typically see in China. He’s on his knees as a supplicant, confessing. The artists keep the head of Mao hidden in a separate location — reuniting it with its body only on special occasions to show friends and colleagues.",nytimes.com,http://www.nytimes.com/2009/10/06/arts/design/06gao.html
2009-10-07,00:15:06,9rd1r,0,"Israel police find wheelbarrows of stones and bricks to be thrown at Jews after PA calls for Palestinians to ""defend"" mosque",jpost.com,http://www.jpost.com/servlet/Satellite?cid=1254673319539&pagename=JPost%2FJPArticle%2FShowFull
