2009-09-12,10:33:00,9jqnk,423,Anonymous Declares War on Australia,wired.com,http://www.wired.com/threatlevel/2009/09/anonymous-hacks-australia/
2009-09-12,13:40:55,9jrwc,195,"Two German freighters have successfully navigated the North East Passage along the northern coast of Russia. This is the first time it has been this ice-free in 5,000-7,000 years.",news.bbc.co.uk,http://news.bbc.co.uk/2/hi/europe/8251914.stm
2009-09-12,12:03:00,9jr85,62,"UN: ""The world is over-armed and peace is under-funded"" with global military spending estimated at over $1 trillion ""and rising every day""",commondreams.org,http://www.commondreams.org/headline/2009/09/11-10
2009-09-12,19:11:39,9jtua,60,"For a Bounced Check in Dubai, the Penalty Can Be Years in Jail ",nytimes.com,http://www.nytimes.com/2009/09/12/world/middleeast/12dubai.html?_r=1&th&emc=th
2009-09-13,06:04:06,9jxz3,28,China uses fear to hush up poisoned children,timesonline.co.uk,http://www.timesonline.co.uk/tol/news/world/asia/article6832217.ece#cid=OTC-RSS&attr=797093
2009-09-12,09:58:24,9jqfl,15,"Heart wrenching documentary about the Children of North Korea: ""Children of the Secret State.""",video.google.com,http://video.google.com/videoplay?docid=1875007335054132657#
2009-09-13,06:00:23,9jxy6,14,Ukraine President claims Kremlin is shielding his would-be killers,timesonline.co.uk,http://www.timesonline.co.uk/tol/news/world/europe/article6832223.ece#cid=OTC-RSS&attr=797093
2009-09-12,20:18:23,9ju6y,9,The Arctic Monopoly: Taking Stock of North Pole Riches - Oil and natural gas are luring the major powers to the Arctic. More information is available today than ever before about the location and abundance of the region's riches.,spiegel.de,"http://www.spiegel.de/international/world/0,1518,648197,00.html"
2009-09-13,01:14:24,9jw12,13,Cousin had to retrieve Afghan reporter's body after raid,mcclatchydc.com,http://www.mcclatchydc.com/255/story/75207.html
2009-09-12,15:09:32,9jshq,9,Venezuela's President Hugo Chavez has announced that the country will soon take delivery of Russian missiles with a range of 300km ,news.bbc.co.uk,http://news.bbc.co.uk/2/hi/americas/8251969.stm
2009-09-12,17:46:46,9jtft,7,Hundreds of tax inspectors raid Argentina's largest newspaper,knightcenter.utexas.edu,http://knightcenter.utexas.edu/blog/?q=en/node/5174
2009-09-13,02:40:23,9jwoi,9,The seductive lure of Mexico's drug lords,nationalpost.com,http://www.nationalpost.com/news/story.html?id=1985631
2009-09-12,18:04:19,9jtix,8,Colombia shows videos of hostages held 11 years,buenosairesherald.com,http://www.buenosairesherald.com/BreakingNews/View/11268
2009-09-12,14:29:07,9js7w,6,"British police to investigate MI6, the secret intelligence service, over alleged complicity in torture",belfasttelegraph.co.uk,http://www.belfasttelegraph.co.uk/news/local-national/police-to-investigate-mi6-over-alleged-complicity-in-torture-14488893.html
2009-09-13,04:45:38,9jxhx,5,Fidel Castro loses his right-hand-man as Juan Almeida Bosque dies from fatal heart attack,dailymail.co.uk,http://www.dailymail.co.uk/news/article-1212991/Fidel-Castro-loses-right-hand-man-Juan-Almeida-Bosque-dies-fatal-heart-attack.html?ITO=1490
2009-09-12,18:14:07,9jtkh,4,"Vladimir Putin, Russia’s prime minister, dropped his strongest hint so far on Friday that he might try to return to the Kremlin and run in the 2012 presidential election.",ft.com,http://www.ft.com/cms/s/0/287d1ece-9ef8-11de-8013-00144feabdc0.html
2009-09-13,00:15:00,9jvm6,6,Harrow Mosque Muslim Riot,youtube.com,http://www.youtube.com/watch?v=oicKIC8UUFc
2009-09-13,01:09:04,9jvzn,5,Samoa just became the first country since the 1970s to switch to driving on the opposite side of the road.,google.com,http://www.google.com/hostednews/ap/article/ALeqM5gHv9dCCKAr79WLVGpt2eyB2NJoFQD9AJ1S700
2009-09-12,23:24:53,9jv9l,4,Iran signals no compromise on nuclear issue,reuters.com,http://www.reuters.com/article/topNews/idUSLA38110920090912?feedType=RSS&feedName=topNews
2009-09-12,16:12:42,9jswx,0,"Before your read this article, please consider that only three percent of those at Abu Gharib were detained by American intelligence: The rest were reported by corrupted Iraqi and Afghani groups. The burning for Abu-Gharib is a victory for freedom, not the other way around.",reuters.com,http://www.reuters.com/article/worldNews/idUSTRE58A1QZ20090911
2009-09-12,23:00:42,9jv4e,0,Canada scrambles at UN to save 'super-agency' for women,canada.com,http://www.canada.com/news/story.html?id=1985466
2009-09-12,23:57:59,9jvhp,1,Haiti and global family planning - The Birth of Global Family Planning,caribbeannetnews.com,http://www.caribbeannetnews.com/news-18265--6-6--.html
2009-09-12,13:42:31,9jrwr,1,Bolivia's vice-president defends MAS government’s record,links.org.au,http://links.org.au/node/1241
2009-09-13,06:42:14,9jy8e,0,Israeli war film 'Lebanon' wins Golden Lion in Venice,haaretz.com,http://www.haaretz.com/hasen/spages/1114048.html
