2009-09-28,15:09:24,9oplf,1761,Philippine man loses own life after saving 30,theage.com.au,http://www.theage.com.au/world/philippine-man-loses-own-life-after-saving-30-20090928-g8o4.html?autostart=1
2009-09-28,01:36:47,9okg0,340,As of now the Pirate Party won 2.1% of votes in the German federal election,wahlarchiv.tagesschau.de,http://wahlarchiv.tagesschau.de/wahlen/2009-09-27-BT-DE/index.shtml
2009-09-28,01:40:38,9okh0,231,"HIV-positive travelers can't enter the USA, one of only 15 countries to ban HIV-positive travelers from entry",globalvoicesonline.org,http://globalvoicesonline.org/2009/07/09/usa-one-step-closer-to-lifting-hiv-travel-ban/
2009-09-29,06:17:13,9oxcw,91,"Hey Reddit, the Pirates got 2% of all votes in Germany's elections last night! ",spiegel.de,"http://www.spiegel.de/international/germany/0,1518,651748,00.html"
2009-09-29,07:20:50,9oxvs,74,Why the French Are Outraged Over Roman Polanski's Arrest,time.com,"http://www.time.com/time/world/article/0,8599,1926508,00.html?xid=rss-topstories"
2009-09-28,01:48:29,9okja,63,Looks like Pirates took 2% in German elections. Arr.,ard.de,http://www.ard.de/
2009-09-28,21:08:18,9orsv,68,"They repeatedly rejected conventional medical treatment and instead opted for homeopathic remedies.

Then, against doctors' orders, they took the baby girl to India where her condition deteriorated.

Judge Peter Johnson concluded it was the ""most serious case of manslaughter by criminal negligence"".",abc.net.au,http://www.abc.net.au/news/stories/2009/09/28/2698762.htm
2009-09-28,22:38:31,9osic,47,"Your Internet freedom will be decided over lamb korma tonight. That means you are less important than sheep. Citizens of the EU, prepare to lose your rights. ",computerweekly.com,http://www.computerweekly.com/Articles/2009/09/28/237888/net-neutrality-in-europe-to-be-decided-at-dinner-tonight.htm
2009-09-28,23:47:59,9otab,38,"US issues threat to Pakistan that it may attack Quetta, a major city (pop. 760,000) and provincial capital.",telegraph.co.uk,http://www.telegraph.co.uk/news/worldnews/asia/pakistan/6237185/US-threatens-to-escalate-operations-inside-Pakistan.html
2009-09-28,04:22:46,9olko,28,Forbes accidentally publishes insider notes on Polanski arrest,forbes.com,http://www.forbes.com/feeds/ap/2009/09/27/movies-eu-switzerland-polanski_6935738.html
2009-09-29,03:25:35,9ovno,24,France proposes law that would require photoshopped images carry warnings to viewers,physorg.com,http://www.physorg.com/news173345743.html
2009-09-29,00:48:02,9otxt,18,Silvio Berlusconi targets Michelle Obama in new 'suntan' gibe,timesonline.co.uk,http://www.timesonline.co.uk/tol/news/world/europe/article6852051.ece
2009-09-28,20:24:51,9orij,18,Welcome to the New Germany,spiegel.de,"http://www.spiegel.de/international/germany/0,1518,651672,00.html"
2009-09-28,18:28:34,9oqtt,20,Two Guantánamo detainees resettle in Ireland,irishtimes.com,http://www.irishtimes.com/newspaper/ireland/2009/0928/1224255368604.html
2009-09-29,07:36:20,9oy0q,15,Guinea protests turn deady.  At least 58 dead.,news.bbc.co.uk,http://news.bbc.co.uk/2/hi/africa/8279103.stm?
2009-09-28,21:50:08,9os39,17,"""For years, I have made the joke about Richard Reid: 'Just be glad that he wasn't the underwear bomber.' Now, sadly, we have an example of one.""",schneier.com,http://www.schneier.com/blog/archives/2009/09/ass_bomber.html
2009-09-28,15:20:30,9opo1,11,Iran launches medium-range missiles.,english.aljazeera.net,http://english.aljazeera.net/news/middleeast/2009/09/200992842434571663.html
2009-09-29,01:17:07,9ou9n,12,Two Honduran media organisations that have been critical of the country's interim government have been closed and authorities issued a state of emergency suspending key civil liberties for 45 days. ,news.bbc.co.uk,http://news.bbc.co.uk/2/hi/americas/8279243.stm
2009-09-28,15:10:09,9oplm,11,"Rather than communicating with the general public, protesters so isolated become engaged in a rehearsed ritual of confrontations with the police that the police will win.",thenation.com,http://www.thenation.com/doc/20091012/eshelman
2009-09-29,02:52:19,9ovav,11,Honduras Suspends Civil Liberties,commondreams.org,http://www.commondreams.org/headline/2009/09/28-2
2009-09-29,02:10:49,9ouut,10,Outcry over Polanski's detention,news.bbc.co.uk,http://news.bbc.co.uk/2/hi/entertainment/8277886.stm
2009-09-29,07:22:50,9oxws,12,Cuba Pins Hopes on New For-Profit Farms,washingtonpost.com,http://www.washingtonpost.com/wp-dyn/content/article/2009/09/27/AR2009092703316.html?utm_source=Comprehensive&utm_campaign=8a41605cb0-In_brief_9_23-2009&utm_medium=email
2009-09-29,05:37:00,9owzb,10,"Ghana’s Kayayo girls, striving for a better life",globalpost.com,http://www.globalpost.com/dispatch/ghana/090918/ghana%E2%80%99s-kayayo-girls-do-heavy-lifting
2009-09-28,13:32:01,9ooz6,7,"A Journalist is suing the soon-to-be new Egyptian dictator, Jamal Mubarak for embezzlement of Billions of pounds ",translate.google.co.uk,http://translate.google.co.uk/translate?js=y&prev=_t&hl=en&ie=UTF-8&u=http%3A%2F%2Fwww.alquds.co.uk%2Findex.asp%3Ffname%3Dtoday%255C27qpt97.htm%26storytitle%3Dff%25E3%25CD%25C7%25DF%25E3%25C9%2520%25CC%25E3%25C7%25E1%2520%25E3%25C8%25C7%25D1%25DFfff%26storytitleb%3D%25DA%25C8%25CF%2520%25C7%25E1%25CD%25E1%25ED%25E3%2520%25DE%25E4%25CF%25ED%25E1%26storytitlec%3D&sl=ar&tl=en&history_state0=
2009-09-29,01:19:40,9ouaw,4,"Honduras suspends civil liberties, closes media stations",mcclatchydc.com,http://www.mcclatchydc.com/227/story/76150.html
2009-09-29,05:03:15,9ownc,3,China prepares for celebrations of the 60th anniversary of the founding of The People's Republic of China. With giant Mao statue.,boston.com,http://www.boston.com/bigpicture/2009/09/china_prepares_for_its_60th_an.html
2009-09-29,05:16:11,9ows5,3,"Iran test fires two missiles capable of reaching Israel, U.S. bases",latimes.com,"http://www.latimes.com/news/nationworld/world/la-fg-iran-missiles29-2009sep29,0,331326.story"
2009-09-28,18:09:09,9oqpn,2,"A person apparently managed to extract some ``sensitive information'' from a senior military officer over the
telephone by posing as a joint secretary in the defense ministry - India - The Times of India",timesofindia.indiatimes.com,http://timesofindia.indiatimes.com/news/india/Defence-officer-discloses-sensitive-info-to-fake-caller/articleshow/5063466.cms
2009-09-29,06:51:46,9oxo4,1,"Syria calls for Israel to join nuclear treaty: 
Israel must comply with IAEA if Mideast to become WMD-free: Syrian minister.",newsvine.com,http://www.newsvine.com/_news/2009/09/28/3325358-syria-calls-for-israel-to-join-nuclear-treaty
2009-09-28,08:06:46,9omvu,1,"Poland okays forcible castration for pedophiles
",reuters.com,http://www.reuters.com/article/newsOne/idUSTRE58O4LE20090925/
