2009-11-03,00:41:58,a07an,184,"Wild bear kills two terrorists.Yes,a wild BEAR kills two TERRORISTS in india.",samaylive.com,http://www.samaylive.com/news/wild-bear-kills-two-hizb-guerrillas-in-kashmir/665666.html
2009-11-03,23:34:39,a0im7,135,Czech leader signs Lisbon Treaty ,news.bbc.co.uk,http://news.bbc.co.uk/1/hi/europe/8340664.stm
2009-11-03,09:09:42,a0c2o,48,"""We are talking about an end to privacy itself, unlimited powers of search and seizure - in short, a New Zimbabwe in place of New Zealand""",scoop.co.nz,http://www.scoop.co.nz/stories/PO0911/S00022.htm
2009-11-03,10:48:46,a0cwx,34,"In the past 40 yrs, the permanent resident population of Venice has decreased by half. At the current rate of emigration - about 800 residents a yr - demographers predict there will not be a single Venetian left by 2030. But it's not flooding that's driving away the natives.",newsweek.com,http://www.newsweek.com/id/220748
2009-11-03,16:15:57,a0frl,33,Border guard's refusal to shoot let the Iron Curtain drop; defiant move changed history,theglobeandmail.com,http://www.theglobeandmail.com/news/world/border-guards-refusal-to-shoot-let-the-iron-curtain-drop/article1348981/
2009-11-03,23:27:51,a0ihx,23,Norway's second-largest university to vote on Israel boycott,jpost.com,http://www.jpost.com/servlet/Satellite?cid=1256799075128&pagename=JPost%2FJPArticle%2FShowFull
2009-11-04,03:28:50,a0lmm,26,Irish accent beats French as world's sexiest,telegraph.co.uk,http://www.telegraph.co.uk/news/worldnews/europe/ireland/6490202/Irish-accent-beats-French-as-worlds-sexiest.html
2009-11-03,23:30:00,a0ijj,27,"About 800,000 Tutsis and moderate Hutus were massacred by Hutu militias within 100 days during the 1994 genocide. Now the United Nations genocide court in Tanzania seems to be reneging on its promise to transfer Rwandan convicts to serve the remainder of their sentences in their homeland",reuters.com,http://www.reuters.com/article/worldNews/idUSTRE5A21X920091103
2009-11-03,08:23:44,a0bqh,20,"*le sigh* Naturopaths' prescribing rights getting expanded in Ontario, Canada",cbc.ca,http://www.cbc.ca/health/story/2009/10/22/f-naturopaths-get-prescribing-rights.html
2009-11-04,02:36:26,a0l2u,25,"In Afghanistan, US troops fight and die, and a Chinese firm is awarded a $3 bn. copper mining contract",google.com,http://www.google.com/hostednews/ap/article/ALeqM5iYZCIwLlSHPxsigllu1tkNftvmOgD9BMGFQG4
2009-11-04,01:15:29,a0k2i,19,U.N. Can’t Account for Millions Sent to Afghan Election Board,motherjones.com,http://www.motherjones.com/politics/2009/10/un-can%E2%80%99t-account-millions-sent-afghan-election-board
2009-11-03,09:54:26,a0cf0,19,David Cameron to tell voters that (contrary to previous promises) the Conservative party will NOT hold a referendum on the Lisbon Treaty if it has already become law.,telegraph.co.uk,http://www.telegraph.co.uk/news/newstopics/politics/6488240/David-Cameron-to-tell-voters-no-vote-on-Lisbon-Treaty.html
2009-11-03,11:45:14,a0ddk,12,"""It's like playing chess with a monkey, you get them to checkmate, and then they swallow the king."" EU Diplomat on nuclear negotiations with Iran",telegraph.co.uk,http://www.telegraph.co.uk/news/worldnews/middleeast/iran/6462311/Iran-accused-of-playing-games-on-nuclear-deal.html
2009-11-03,17:50:50,a0ghy,11,North Korea claims to have weaponized plutonium,cnn.com,http://www.cnn.com/2009/WORLD/asiapcf/01/17/korea.nuclear/index.html
2009-11-04,02:51:00,a0l8m,12,A new ocean is forming in Ethiopia. 35-mile rift in the Ethiopian desert will eventually connect the Red Sea and Arabian Sea.,myfoxspokane.com,http://www.myfoxspokane.com/dpp/news/dpgo_New_Ocean_Forming_in_Africa_mb_200911031257268079879
2009-11-03,23:27:25,a0iho,10,Hamas 'tests long-range rocket' ,news.bbc.co.uk,http://news.bbc.co.uk/2/hi/middle_east/8340096.stm
2009-11-03,14:23:10,a0ete,6,A third of threatened species now face actual extinction,news.bbc.co.uk,http://news.bbc.co.uk/2/hi/science/nature/8338880.stm
2009-11-03,12:56:17,a0dyc,6,"UK's broadband tax will force 100,000 homes to give up internet connection, warns CEO",telegraph.co.uk,http://www.telegraph.co.uk/technology/broadband/6485868/Broadband-tax-will-force-100000-homes-to-give-up-internet-connection-warns-Dunstone.html
2009-11-03,15:42:00,a0fin,7,Israel has released six members of the Palestinian parliament from jail after holding them for up to three years - some were never charged with an offence. ,news.bbc.co.uk,http://news.bbc.co.uk/2/hi/middle_east/8338656.stm
2009-11-04,06:59:06,a0nq8,6,"Mexico's cursing problem. ""The generation younger than 30 sees the use of bad words as more natural, and they use them not only in front of friends but in front of their parents or bosses.""",nytimes.com,http://www.nytimes.com/2009/11/03/world/americas/03mexico.htm
2009-11-03,18:02:01,a0gll,6,"Hillary Clinton speaks to Arab leaders in Morocco, defends remarks praising Israel",globalpost.com,http://www.globalpost.com/dispatch/morocco/091102/hillary-talks-arab-leaders-morocco
2009-11-03,23:30:50,a0ik0,6,"Settler Colonialism: Return to the Middle Ages. ""The Palestinians have been under a racist settler form of colonialism for over sixty years; and they are targeted with a campaign of ethnic cleansing launched by armed gangs of settlers supported by Israel’s police and army.""",counterpunch.org,http://www.counterpunch.org/shaaban11022009.html
2009-11-03,17:46:12,a0ggj,6,"Karzai vows to battle corruption, build an inclusive government, win the war and a peace Nobel Prize, ban opium, ban Ki-moon, reach the moon...",news.bbc.co.uk,http://news.bbc.co.uk/2/hi/south_asia/8339369.stm
2009-11-04,04:11:45,a0m2o,6,The Irish Supreme Court ruled Tuesday that a premier Dublin golf club can continue to bar women from membership,sports.espn.go.com,http://sports.espn.go.com/golf/news/story?id=4619638&campaign=rss&source=twitter&ex_cid=Twitter_espn_4619638
2009-11-04,04:45:45,a0mfe,7,Nepal: Nighttime photo of communists marching with torches against government,online.wsj.com,http://online.wsj.com/media/1102pod12.jpg
2009-11-03,11:26:03,a0d7g,2,"Diamond producers meet on ""conflict diamonds""; calls for an international ban on Zimbabwe's diamond sales",commondreams.org,http://www.commondreams.org/headline/2009/11/02-0
2009-11-04,04:07:13,a0m1b,4,German Chancellor Merkel becomes first German Chancellor to deliver a speech to the U.S. Congress since 1957.,news.yahoo.com,http://news.yahoo.com/s/ap/20091103/ap_on_bi_ge/us_us_germany
2009-11-03,08:18:16,a0boy,2,Jewish directors challenge Israel ,english.aljazeera.net,http://english.aljazeera.net/focus/2009/10/20091031142820116973.html
2009-11-04,04:59:15,a0mke,0,Irish pols protest introduction of a bill to lower drunk-driving limits.,globalpost.com,http://www.globalpost.com/dispatch/ireland/091030/irish-pols-protest-proposed-drunk-driving-limits
2009-11-04,03:52:23,a0lvb,2,Colour-Coded Revolutions and the Origins of World War III,globalresearch.ca,http://www.globalresearch.ca/index.php?context=va&aid=15767
