2009-11-02,19:20:49,a03zs,645,"""You are no longer innocent till you're proven guilty."" Police Minister responds: ""It's fantastic, isn't it?""",scoop.co.nz,http://www.scoop.co.nz/stories/PO0911/S00003.htm
2009-11-02,22:33:17,a05r5,211,"Turkey PM to Israel: If you don't want Iran to have nukes, give yours up.",haaretz.com,http://www.haaretz.com/hasen/spages/1124839.html
2009-11-03,04:10:44,a09is,81,"Ten stories that appear in the papers again and again, but never seem to actually happen",foreignpolicy.com,http://www.foreignpolicy.com/articles/2009/10/27/groundhog_day?page=full
2009-11-02,09:35:30,9zzwg,46,"Adnan Hussain, aged 14, lost all of his immediate family in the market place explosion in Peshawar earlier this week",news.bbc.co.uk,http://news.bbc.co.uk/2/hi/south_asia/8337119.stm
2009-11-03,04:57:32,a0a05,38,Two Colleagues Quit in Protest of Nutt's Sacking,news.bbc.co.uk,http://news.bbc.co.uk/2/hi/uk_news/politics/8337185.stm
2009-11-02,19:06:43,a03wa,35,"'Puzzlers' reassemble shredded Stasi files, bit by bit - putting them back together could take hundreds of years. A computerized system would help, but it's costly",latimes.com,"http://www.latimes.com/news/nationworld/world/la-fg-germany-stasi1-2009nov01,0,4138197.story"
2009-11-02,19:22:14,a0408,33,A woman has pleaded guilty to two counts of possessing documents likely to be useful for a terrorist purpose.,news.bbc.co.uk,http://news.bbc.co.uk/2/hi/uk_news/england/manchester/8337754.stm
2009-11-02,12:14:44,a00yq,25,"British driver sentenced to 21 months for texting before fatal crash, but texting occurred well before the accident, and the victim had been texting too.",nytimes.com,http://www.nytimes.com/2009/11/02/technology/02texting.html
2009-11-03,04:03:58,a09gs,25,"Karzai ""Wins"" a 2nd Term in Afghanistan. Oh, Crap.",wired.com,http://www.wired.com/dangerroom/2009/11/karzai-wins-a-2nd-term-in-afghanistan-oh-crap/
2009-11-02,14:30:11,a0211,26,"Canadian general and defense chief calls NATO a corpse, says its Afghan mission is ""abyssmal"" with no strategy or leadership.",ctv.ca,http://www.ctv.ca/servlet/ArticleNews/story/CTVNews/20091031/nato_afghanistan_091101/20091101?hub=TopStoriesV2
2009-11-02,09:33:41,9zzvp,16,Israeli police have arrested a Jewish settler whom they say has confessed to a string of high-profile hate attacks.,news.bbc.co.uk,http://news.bbc.co.uk/2/hi/middle_east/8337150.stm
2009-11-02,21:11:33,a04w4,15,Afghan comedy over ? Karzai called a winner (2nd round scrapped),nytimes.com,http://www.nytimes.com/2009/11/03/world/asia/03afghan.html
2009-11-02,22:15:58,a05j4,12,What it feels like to grow up with prostitutes (SFW),women.timesonline.co.uk,http://women.timesonline.co.uk/tol/life_and_style/women/the_way_we_live/article6892362.ece
2009-11-03,06:30:59,a0avk,15,"""I thought she was 15. She didn't tell me she was 11""",au.news.yahoo.com,http://au.news.yahoo.com/a/-/mp/6419557/girl-11-gives-birth-on-wedding-day/
2009-11-02,11:24:46,a00lp,12,"South Africans fighting along side Israeli Army during the Gaza ""War"".",english.aljazeera.net,http://english.aljazeera.net/news/middleeast/2009/11/200911113297855257.html
2009-11-03,03:25:42,a093y,14,"No new faces in Afghanistan, just the same old warlords and drug traffickers",wagist.com,http://www.wagist.com/alex-halpern/the-drawbridge-of-central-asia-part-iii
2009-11-02,15:55:44,a02lx,12,Computer Programmer lives in house with decomposing body,smh.com.au,http://www.smh.com.au/world/computer-programmer-strangled-girlfriend-and-lived-with-her-decomposing-body-court-told-20091102-hsoi.html
2009-11-03,04:58:13,a0a0b,11,Water rationing for Venezuela's capital city,breitbart.com,http://www.breitbart.com/article.php?id=CNG.ad409ca172435301fb479b62661e070f.361&show_article=1
2009-11-03,02:53:41,a08rt,12,"Karzai's opponent drops out of the race, believing it wouldn't be free or fair.  Election in Afghanistan cancelled",npr.org,http://www.npr.org/templates/story/story.php?storyId=120005920&ft=1&f=1001
2009-11-02,18:25:37,a03kx,10,South Sudan awaits oil bonanza,news.bbc.co.uk,http://news.bbc.co.uk/2/hi/africa/8327721.stm
2009-11-03,00:20:33,a070t,9,"Thailand's ex-premier is on the run, and he wants the internet to know about it",globalpost.com,http://www.globalpost.com/dispatch/thailand/091028/thaksin-protest-bangkok-shiniwatra-skype
2009-11-03,04:43:51,a09ux,9,"WSJ picks up on story from Spain's El Pais newspaper, and asks Asst Sec of State Shannon whether it's true he's actively lobbying the Honduran congress for Zelaya's return. He denies it - as it happens the claim in El Pais' story is much, much worse. ",online.wsj.com,http://online.wsj.com/article/SB10001424052748703399204574508141774783168.html?mod=rss_Today's_Most_Popular
2009-11-03,04:36:22,a09rv,5,"Obama backs Karzai, despite vote rigging.",reuters.com,http://www.reuters.com/article/politicsNews/idUSTRE59J59D20091102
2009-11-03,05:25:52,a0aa9,8,LEDs Light Up Auckland War Memorial Museum,greenandsave.com,http://www.greenandsave.com/green_news/green-blog/leds-light-auckland-war-memorial-museum-5330
2009-11-02,13:30:03,a01k8,5,Just because it's Monday: North Korea 'ready' for nuclear talks,news.bbc.co.uk,http://news.bbc.co.uk/2/hi/asia-pacific/8337187.stm
2009-11-02,08:21:10,9zzdy,4,"McDonald's pulls out of Iceland, because of financial crisis.",news.bbc.co.uk,http://news.bbc.co.uk/2/hi/8327185.stm
2009-11-02,20:16:43,a04f7,3,Lockerbie bomber had 'three months to live'... now he's well enough to go home,dailymail.co.uk,http://www.dailymail.co.uk/news/article-1224567/Lockerbie-bomber-months-live--hes-home.html
2009-11-02,22:57:57,a0616,5,The Heart of India Is Under Attack,commondreams.org,http://www.commondreams.org/view/2009/10/31-0
2009-11-02,21:51:26,a05ae,4,In Afghanistan It is time for the slow good bye or we will have another quick get riddance!,allvoices.com,http://www.allvoices.com/contributed-news/4536715-in-afghanistan-it-is-time-for-the-slow-good-bye-or-we-will-have-another-quick-get-riddance
2009-11-02,09:40:22,9zzxu,2,Silencing critics - Is China exporting its strict domestic censorship? ,news.bbc.co.uk,http://news.bbc.co.uk/2/hi/asia-pacific/8329217.stm
