2009-11-29,04:44:33,a916v,166,"“Everyone started running toward us,” Ms. Nuñez said. “We thought there was a fight. Then we saw this guy with blood coming out of his mouth, and the killer right behind him, putting this thing away. I didn’t know what it was.” Instinctively, Ms. Nuñez reached for her camera...",nytimes.com,http://www.nytimes.com/2009/11/27/nyregion/27deathcar.html?_r=1&partner=rss&emc=rss
2009-11-28,10:51:05,a8uqw,88,"Dubai: Tourists imprisoned for sesame seeds, jet lag pills, over-the-counter cold medications and painkillers",metro.co.uk,http://www.metro.co.uk/news/97890-dubai-tourists-warned-over-drugs
2009-11-28,10:28:27,a8uls,44,"On the extreme, inescapable limitation of human mind: Uganda proposes death penalty for HIV positive gays",timesonline.co.uk,http://www.timesonline.co.uk/tol/news/world/africa/article6935558.ece
2009-11-28,11:45:27,a8v23,44,"unfreeze, Israel  approved 28 new schools for 
settlements in the West Bank, a day after it 
announced a 10-month halt to new residential 
building",news.bbc.co.uk,http://news.bbc.co.uk/2/hi/middle_east/8382207.stm
2009-11-28,21:38:13,a8ya0,40,Interesting Analysis of the US and UK 'special relationship',news.bbc.co.uk,http://news.bbc.co.uk/1/hi/uk_politics/8382384.stm
2009-11-29,01:15:41,a8zry,36,"Sikh advocate brutally beaten, forced to convert to Islam in Pakistan",calcuttanews.net,http://www.calcuttanews.net/story/570986
2009-11-28,21:00:38,a8y2b,29,"A meeting of self-styled ""freegans"" is taking place in Bristol, culminating in a meal assembled from waste food. Freegan Mark Boyle is marking his first year of living without cash with a festival of ""freeconomics"". ",news.bbc.co.uk,http://news.bbc.co.uk/1/hi/england/bristol/8384124.stm
2009-11-29,03:55:34,a90vy,30,A girl of 16 has received 50 lashes in Sudan for wearing a skirt ,mirror.co.uk,http://www.mirror.co.uk/news/top-stories/2009/11/28/50-lashes-for-skirt-girl-16-in-sudan-115875-21856536/
2009-11-28,11:59:07,a8v4v,26,"Shirin Ebadi won the Nobel Peace Prize for promoting democracy in Iran. The Iranian government confiscated her medal and diploma and is holding it ransom for $410,000.",cnn.com,http://www.cnn.com/2009/WORLD/europe/11/27/norway.iran.nobel/index.html
2009-11-29,02:11:16,a906e,22,Israel Greets Start of Settlement ‘Freeze’ With New Construction,news.antiwar.com,http://news.antiwar.com/2009/11/27/israel-greets-start-of-settlement-freeze-with-new-construction/
2009-11-29,02:30:25,a90bl,19,The Swedes found a new use for bunnies.,time.com,"http://www.time.com/time/business/article/0,8599,1941230,00.html"
2009-11-29,05:56:50,a91m0,13,"For 15 months, Binyam Mohamed has watched as 2 British High Court judges have tried to release info conveyed by US intel services to their UK counterparts regarding his torture. But the judges have been thwarted by David Miliband, who said disclosure would threaten Britain's intel sharing with US",truthout.org,http://www.truthout.org/1125096
2009-11-28,00:15:11,a8q7a,12,Dog Meat Mafia - A report into the seedy world of South East Asia's booming dog meat trade,globalpost.com,http://www.globalpost.com/dispatch/thailand/091123/eating-dogs-dog-meat-mafia-capture
2009-11-29,06:45:47,a91vj,14,"Sin Patron: Stories From Argentina's Worker-Run Factories - ""there is no law. It only exists for the powerful. We announced that we didn't want to shoot anyone, but...""",zmag.org,http://www.zmag.org/znet/viewArticle/23212
2009-11-29,07:48:41,a927u,13,Prime Minister of Vanuatu loses parliamentary seat over blunder,news.bbc.co.uk,http://news.bbc.co.uk/1/hi/world/asia-pacific/8382887.stm
2009-11-29,01:59:21,a903b,8,Islam in the Land of the Rising Sun,english.aljazeera.net,http://english.aljazeera.net/focus/hajj/2009/11/2009111011825150196.html
2009-11-28,23:55:21,a8z7w,5,"10,000 E. African albinos in hiding after killings",news.yahoo.com,http://news.yahoo.com/s/ap/20091128/ap_on_re_af/af_africa_albino_killings
2009-11-28,21:36:43,a8y9q,5,"UN climate scientists turn on each other: UN Scientist Declares Climategate colleagues Mann, Jones and Rahmstorf ’should be barred from the IPCC process’ — They are ‘not credible any more’ ",climatedepot.com,http://climatedepot.com/a/4100/UN-scientists-turn-on-each-other-UN-Scientist-Declares-Climategate-colleagues-Mann-Jones-and-Rahmstorf-should-be-barred-from-the-IPCC-process--They-are-not-credible-any-more
2009-11-28,16:40:06,a8wu6,3,President Sarkozy works to get bail for a pedophiliac rapist.,timesonline.co.uk,http://www.timesonline.co.uk/tol/news/world/europe/article6934262.ece
2009-11-29,02:40:26,a90e5,6,Philip Morris ordered to pay $300 million to smoker,reuters.com,http://www.reuters.com/article/newsOne/idUSTRE5AJ0DI20091120
2009-11-29,02:02:39,a9044,7,What happens if Dubai goes under?,nytimes.com,http://www.nytimes.com/2009/11/28/business/global/28dubai.html?partner=rss&emc=rss
2009-11-28,22:56:40,a8yry,4,Military Spending Worldwide,visualeconomics.com,http://www.visualeconomics.com/military-spending-worldwide/
2009-11-28,15:53:07,a8wkq,1,"A Honduran teacher active in resistance against the coup was kidnapped and then shot, presumably by agents of the illegitimate government. ",translate.google.com,http://translate.google.com/translate?u=http%3A%2F%2Fwww.tiempo.hn%2Fsecciones%2Fsucesos%2F6179-ejecutan-dirigente-de-la-resistencia-del-sur&sl=&tl=en
2009-11-28,19:01:59,a8xgo,2,We Are Becoming A Servile State,wattsupwiththat.com,http://wattsupwiththat.com/2009/11/27/the-australian-ets-vote-a-political-litmus-test-for-cap-and-trade/#more-13315
2009-11-28,23:07:56,a8yvb,2,"In Yemen, traditions and chaotic governance block efforts to build a sustainable water supply",globalpost.com,http://www.globalpost.com/dispatch/middle-east/091106/yemen-water-green-technology-culture
2009-11-28,17:17:07,a8x0i,2,"Sri Lanka will hold early presidential elections on January 26, a move which may backfire against incumbent Mahinda Rajapaksa with the possible entry of a popular former army chief.",abc.net.au,http://www.abc.net.au/news/stories/2009/11/28/2756277.htm
2009-11-29,06:14:15,a91pf,2,"Uganda loses 16 mothers to pregnancy and childbirth every day. If you lost a commuter taxi full of expectant mothers every day, it would be news.",allafrica.com,http://allafrica.com/stories/200911161265.html
2009-11-28,09:36:57,a8ub0,2,"His Tremendousness Giorgio I, the ""prince"" of the self-proclaimed principality of Seborga near the Italian Riviera, has died at the age of 73",telegraph.co.uk,http://www.telegraph.co.uk/news/worldnews/europe/italy/6656951/His-Tremendousness-dies-aged-73.html
2009-11-28,18:21:33,a8xa2,0,Apple’s iPhone set to make splash in South Korea,newsgone.com,http://newsgone.com/business/apples-iphone-set-to-make-splash-in-south-korea.htm
2009-11-28,16:29:14,a8ws2,1,"One State Solution for Israel and Palestine: A pipe dream, maybe, but not a nightmare – an Israeli peace movement perspective. ",leftfocus.blogspot.com,http://leftfocus.blogspot.com/2009/11/one-state-solution-pipe-dream-maybe-but.html
