2009-07-18,02:39:33,925tn,1029,Protests reignited as 1 million people return to the streets of Tehran,latimes.com,"http://www.latimes.com/news/nationworld/world/la-fg-iran-prayer18-2009jul18,0,6890660.story"
2009-07-18,09:20:59,928z1,999,Walter Cronkite died today at the age of 92,mediadecoder.blogs.nytimes.com,http://mediadecoder.blogs.nytimes.com/2009/07/17/walter-cronkite-iconic-anchorman-dies/
2009-07-18,18:56:55,92c6j,43,Oldest WWI veteran dies aged 113 ,news.bbc.co.uk,http://news.bbc.co.uk/1/hi/uk/8157128.stm
2009-07-18,16:44:41,92bia,23,Indian Prime minister can't sleep at night because rich boys’ Ferraris screaming up and down the roads outside.,granta.com,http://www.granta.com/Magazine/107/Capital-Gains/1
2009-07-18,23:55:45,92dtz,14,The Xinjiang Riots: Not since the dying days of the Manchu Qing empire has China witnessed this sort of spontaneous ethnically-based violence,thechinabeat.blogspot.com,http://thechinabeat.blogspot.com/2009/07/xinjiang-riots-tried-paradigms-fresh.html
2009-07-19,04:09:02,92ffk,16,"Zelaya planned to raise minimum wage. COHEP (Honduran National Business Council) opposes higher minimum wage. Zelaya removed. COHEP now opposes trade sanctions against current regime ""because it will hurt the poor"", but still opposes minimum wage rise in nation with 70% living in poverty.",counterpunch.org,http://www.counterpunch.org/kozloff07172009.html
2009-07-19,05:11:30,92frw,8,"Oldest living man, 113 year old WW1 veteran. He attributes his longevity to ""cigarettes, whisky and wild, wild women – and a sense of humour""",guardian.co.uk,http://www.guardian.co.uk/uk/2009/jun/19/briton-becomes-worlds-oldest-man
2009-07-18,23:46:50,92ds9,5,Thailand needs a better rice policy to help their own farmers,news.bbc.co.uk,http://news.bbc.co.uk/2/hi/business/8130187.stm
2009-07-18,23:20:45,92dmy,7,Belgian tax agency using facebook (among others) to see who needs investigating for spending more than they say they earn,techcrunch.com,http://www.techcrunch.com/2009/07/18/belgian-tax-watchdogs-tracking-facebook-netlog-updates/
2009-07-18,11:51:10,929uv,4,A SWAZI man was stoned to death by a mob of schoolchildren after he stabbed a 13-year-old girl to death with a spear and wounded 12 others at their school.,news.com.au,"http://www.news.com.au/story/0,27574,25799761-401,00.html"
2009-07-18,20:01:48,92cjx,7,Too much American news spam on the World news reddit,self.worldnews,https://www.reddit.com/r/worldnews/comments/92cjx/too_much_american_news_spam_on_the_world_news/
2009-07-19,01:08:11,92eaa,6,West still silent over Falun Gong 10-year persecution,mwcnews.net,http://mwcnews.net/content/view/31946/42/
2009-07-18,14:13:58,92ann,4,"Israeli Settlers Rebuilding Evacuated Settlement, Naming it After Obama....Even better, they compare him to the Biblical Pharaoh of the book of Exodus who kept the Jewish people in bondage......",monstersandcritics.com,http://www.monstersandcritics.com/news/middleeast/news/article_1490258.php/Jewish_settlers_launch_%26quotObama_Hilltop_project%26quot_
2009-07-18,10:14:58,929bj,3,First commercial pig farm worker in Britain contracts swine flu - Worldnews.com,article.wn.com,http://article.wn.com/view/2009/07/17/First_commercial_pig_farm_worker_in_Britain_contracts_swine_/
2009-07-18,10:15:29,929bq,3,Calling Jews Nazis may be criminalised,thejc.com,http://www.thejc.com/articles/calling-jews-nazis-may-be-criminalised
2009-07-18,08:52:56,928t7,3,Update from Switzerland Regarding the Illegal Government Contract with Microsoft,groups.google.com,http://groups.google.com/group/comp.os.linux.advocacy/msg/fa115e53f20ab110
2009-07-18,08:01:57,928ia,3,Powerful Iranian cleric says country in crisis,newsok.com,http://newsok.com/top-iran-cleric-criticizes-hard-liners-in-sermon/article/feed/58702?custom_click=pod_headline_middle-east
2009-07-19,03:35:03,92f8l,3,"Mauritania has suffered 5 military coups in the last 50 years, but some see upcoming elections as chance to break the cycle: “It’s about putting an end to 30 years of illegal occupation of power by the military""",nytimes.com,http://www.nytimes.com/2009/07/18/world/africa/18mauritania.html
2009-07-19,00:09:49,92dww,2,Iran hardliners turn on critical cleric - Rafsanjani accused of 'sowing discord' by questioning election results,msnbc.msn.com,http://www.msnbc.msn.com/id/31980815/ns/world_news-mideastn_africa/
2009-07-18,10:09:34,929a4,2,"Four Indonesian airlines allowed back into Europe; Zambia, Kazakhstan banned",en.wikinews.org,"http://en.wikinews.org/wiki/Four_Indonesian_airlines_allowed_back_into_Europe;_Zambia,_Kazakhstan_banned?curid=128507"
2009-07-19,01:08:59,92eag,3,"Arab summer camp kids forced by Israeli police to remove their camp t-shirts, visit holy site shirtless, and find out that only in movies do the scrappy camp underdogs overcome superior finances and arrogant elitism",ynetnews.com,"http://www.ynetnews.com/articles/0,7340,L-3747991,00.html"
2009-07-18,10:12:46,929az,2,"Prayers answered, as Kenyan mosque jams mobile phone signal to stop interruptions.",news.bbc.co.uk,http://news.bbc.co.uk/2/hi/africa/8155628.stm
2009-07-19,06:39:05,92g7w,1,Human rights lawyer detained as Iran unrest spirals,cnn.com,http://www.cnn.com/2009/WORLD/meast/07/18/iran.demonstration/index.html
2009-07-18,09:32:07,92919,0,And that's the way it is. Walter Cronkite dies at age 92.,cbsnews.com,http://www.cbsnews.com/stories/2009/07/17/eveningnews/main5170556.shtml
2009-07-18,21:20:02,92cxa,0,"Driver jailed after trying to escape police by reversing over officer's car as he sat inside
",dailymail.co.uk,http://www.dailymail.co.uk/news/article-1200370/Scrap-metal-dealer-jailed-crushing-police-car-officer-sat-inside-it.html
2009-07-18,23:09:49,92dkn,0,une moto de la garde républicaine percute Une spectatrice,leveilleur.fr,http://www.leveilleur.fr/actu/une-moto-de-la-garde-republicaine-percute-une-spectatrice/
2009-07-19,01:12:47,92ebl,0,Citizen News World the official online version of the Newspaper - Citizen 21st Century City,citizennewsworld.com,http://www.citizennewsworld.com
2009-07-18,15:40:56,92b58,0,Discover the Galapagos Islands on the Galapagos Explorer II,self.worldnews,https://www.reddit.com/r/worldnews/comments/92b58/discover_the_galapagos_islands_on_the_galapagos/
2009-07-18,10:34:27,929fr,0,A legend passes - Walter Cronkite RIP,maineview.blogspot.com,http://maineview.blogspot.com/2009/07/legend-passes-walter-cronkite-rip.html
2009-07-18,21:38:43,92d0v,0,Oldest WW1 veteran dies aged 113,newsvote.bbc.co.uk,http://newsvote.bbc.co.uk/mpapps/pagetools/print/news.bbc.co.uk/2/hi/uk_news/8157128.stm?ad=1
