2009-10-01,12:12:37,9pq52,865,"Roman Catholic Nova Scotia bishop busted at 
Canadian airport with a laptop full of child porn.  
The real kicker: he is the one who previously 
helped broker a $15-million settlement with people 
sexually abused by other priests in the diocese.",cbc.ca,http://www.cbc.ca/canada/nova-scotia/story/2009/09/30/ns-bishop-charged.html
2009-10-02,07:25:04,9q0bd,86,Catholic Church: Only 5% of clergy involved in child sex abuse,progressivenation.us,http://progressivenation.us/2009/10/01/catholic-church-only-5-of-clergy-involved-in-child-sex-abuse/
2009-10-01,00:15:42,9pjcb,41,Stephen Hawking gives up prestigious position as Cambridge's Lucasian Professor of Mathematics,cbc.ca,http://www.cbc.ca/technology/story/2009/09/30/stephen-hawking-cambridge-professor.html?ref=rss
2009-10-01,18:37:07,9psz9,37,Israeli diplomat expelled from Russia (accused of espionage),jpost.com,http://www.jpost.com/servlet/Satellite?cid=1254383195719&pagename=JPost%2FJPArticle%2FShowFull
2009-10-02,00:47:56,9pwcf,32,Philippines raises alert for new super typhoon less than a week after an earlier storm killed 277,reuters.com,http://www.reuters.com/article/newsOne/idUSTRE59026V20091001
2009-10-02,06:00:28,9pzlm,24,"As a confidence building measure Iran is shipping 1,200 kg of enriched uranium to Russia so it will no longer have enough to build a bomb",thedailybeast.com,http://www.thedailybeast.com/blogs-and-stories/2009-10-01/iran-nuke-deal-details/
2009-10-01,20:54:48,9ptzw,23,"China's air force deployed a ""magic-like"" range of chemicals and technology to clear Beijing's smoggy air for a grand parade marking the 60th anniversary",reuters.com,http://www.reuters.com/article/topNews/idUSTRE5901JG20091001
2009-10-01,11:50:49,9pq01,20,Italian prosecutor wants jail for US spies in rendition trial,commondreams.org,http://www.commondreams.org/headline/2009/09/30-8
2009-10-01,23:49:49,9pvp0,13,The European Court of Human Rights has ruled a Russian ban on the Church of Scientology illegal.,google.com,http://www.google.com/hostednews/ap/article/ALeqM5iJ_Lp6ZG3jVlOzswrzbOGf08SdkgD9B2BUGG0
2009-10-01,08:27:58,9pof5,13,The magnitude 8.0 earthquake that occurred near Samoa may have triggered the magnitude 7.6 quake that struck hours later off the coast of Indonesia.,edition.cnn.com,http://edition.cnn.com/2009/WORLD/asiapcf/09/30/cyclones.earthquakes.tsunamis/
2009-10-02,05:12:47,9pz5p,12,"IMF Director Almost Shoed: ""A female student then tried to unfurl a banner but was surrounded by security officials""",nytimes.com,http://www.nytimes.com/2009/10/02/world/europe/02shoe.html
2009-10-01,21:48:19,9pufh,9,Here's how Israel would destroy Iran's nuclear program ,haaretz.com,http://www.haaretz.com/hasen/spages/1085619.html
2009-10-01,14:06:38,9pr01,8,"Afghanistan's drug economy is as pervasive as its poppy fields, linking impoverished farmers, heroin traffickers, and the Taliban [pics]",money.cnn.com,http://money.cnn.com/galleries/2009/fortune/0909/gallery.afghanistan_drug_taliban.fortune/index.html
2009-10-01,13:24:54,9pqoh,9,"Some kids call in a bomb threat, some pull the fire alarm...",thelocal.se,http://www.thelocal.se/22376/20090930/
2009-10-02,02:16:08,9pxcx,4,Germany: Using Giants to Celebrate Reunification [pics],spiegel.de,http://www.spiegel.de/fotostrecke/fotostrecke-47240.html
2009-10-02,00:28:39,9pw4f,5,First face to face discussion between Iran and the United States over the nuclear issue,printthis.clickability.com,http://www.printthis.clickability.com/pt/cpt?action=cpt&title=U.S.%2C+Iran+hold+%27face+to+face%27+nuke+talks+-+CNN.com&expire=-1&urlID=411733257&fb=Y&url=http%3A%2F%2Fedition.cnn.com%2F2009%2FWORLD%2Fmeast%2F10%2F01%2Firan.geneva.nuclear%2F&partnerID=212106
2009-10-01,15:50:24,9prua,4,Indonesia quake toll soars past 400. I do not recommend living in Indonesia.,cnn.com,http://www.cnn.com/2009/WORLD/asiapcf/10/01/indonesia.earthquake/index.html
2009-10-02,03:16:31,9pxzd,4,"Indonesia's latest earthquake disaster - A correspondent on the ground in Sumatra weighs in on fear, folklore and desperate rescue efforts",globalpost.com,http://www.globalpost.com/dispatch/indonesia/091001/indonesias-latest-earthquake-disaster
2009-10-01,09:22:25,9pow9,5,Is Bagram the new Guantanamo?  A cogent and civil discussion with great points from both sides of the issue (without anyone screaming at each other),youtube.com,http://www.youtube.com/watch?v=iIlo9DrO54g&feature=channel
2009-10-02,01:13:07,9pwmi,5,Red Cross: we need a global strategy to deal with natural disasters,telegraph.co.uk,http://www.telegraph.co.uk/news/worldnews/asia/indonesia/6251363/Earthquakes-across-Asia-Pacific-we-need-a-global-strategy-to-deal-with-natural-disasters.html
2009-10-02,03:39:53,9py7t,6,Court order served over Twitter o_O,news.bbc.co.uk,http://news.bbc.co.uk/1/hi/technology/8285954.stm
2009-10-01,22:26:52,9put8,3,"Israel releases teenager Bara'a el-Malki, 15, 1st prisoner in captive IDF soldier Gilad Schalit deal ",jpost.com,http://www.jpost.com/servlet/Satellite?cid=1254163556166&pagename=JPost%2FJPArticle%2FShowFull
2009-10-02,05:02:27,9pz28,2,Naval intel agent caught spying on famous Philippine artist,gmanews.tv,http://www.gmanews.tv/story/172602/lumbera-to-file-complaint-vs-afp-over-spying-incident
2009-10-01,23:07:06,9pv8g,3,America's sound cannon has nothing on the UK's plan to arm cops with pain rays.,gizmodo.com,http://gizmodo.com/5371574/portable-pain-weapons-leave-no-trace-of-use-may-become-police-issue
2009-10-01,18:34:57,9psyp,2,"NHS IT snafu causes 14,000 patient backlog on waiting lists. St Barts is a top UK Hospital, yet it has lost control of its waiting lists because of faulty IT. How many will die because of this error? ",computerweekly.com,http://www.computerweekly.com/Articles/2009/10/01/237934/it-causes-14000-nhs-patient-waiting-list-backlog.htm
2009-10-02,01:18:36,9pwol,1,Gadhafi and Chavez sign 'anti-terrorism' declaration,google.com,http://www.google.com/hostednews/ap/article/ALeqM5h7twxW9j7yrek7JNXYQMtguHPNVgD9B0MCP80
2009-10-02,07:59:18,9q0ll,2,Iran agrees to ship enriched uranium to Russia for refinement,mcclatchydc.com,http://www.mcclatchydc.com/227/story/76369.html
2009-10-01,23:45:03,9pvmz,0,Central Planning Disaster: Swine-Flu Slaughter Leaves Cairo Without Pigs to Devour Trash,bloomberg.com,http://www.bloomberg.com/apps/news?pid=20601109&sid=aMODvyHlOBAE
2009-10-02,04:22:16,9pyoe,2,Major coastal African cities among most vulnerable to sea level rises,alertnet.org,http://www.alertnet.org/db/an_art/60714/2009/09/1-165518-1.htm
2009-10-02,01:39:02,9pwxb,2,A student journalist threw a shoe at IMF Director Dominique Strauss-Kahn in Istanbul,npr.org,http://www.npr.org/templates/story/story.php?storyId=113375989
