2009-10-21,20:37:20,9w843,230,Kuwaiti women will be able to obtain their own passport without the consent of their husbands,news.bbc.co.uk,http://news.bbc.co.uk/2/hi/middle_east/8317921.stm
2009-10-21,21:44:47,9w8rp,138,Tony Blair heckled in Hebron: ‘You are a terrorist’,rawstory.com,http://rawstory.com/2009/10/tony-blair-terrorist/
2009-10-21,15:46:25,9w5rk,79,"""As the founder of Human Rights Watch, its active chairman for 20 years and now founding chairman emeritus, I must do something that I never anticipated: I must publicly join the group’s critics.""",nytimes.com,http://www.nytimes.com/2009/10/20/opinion/20bernstein.html?_r=1&adxnnl=1&adxnnlx=1256086895-3oVi3/uybrcqWFkZkog+jg
2009-10-21,20:59:54,9w8c4,50,"UN puts Iran deal on the table: Exporting uranium has been seen as a way for Iran to get the fuel it needs, while giving guarantees to the West that it will not be used for nuclear weapons.",news.bbc.co.uk,http://news.bbc.co.uk/2/hi/middle_east/8318258.stm
2009-10-21,21:05:15,9w8ds,41,"White South African farmers have gained access to 200,000 hectares of state land in the Congo Republic, as part of a deal designed to improve food production in the poverty-stricken central African state",ft.com,http://www.ft.com/cms/s/0/aa82bdfa-bd9a-11de-9f6a-00144feab49a.html
2009-10-22,02:03:14,9wbz6,42,Holy Shit: Yemen could become first nation to run out of water... And it's likely due to the inhabitants' strong addiction to a drug.,timesonline.co.uk,http://www.timesonline.co.uk/tol/news/environment/article6883051.ece#cid=OTC-RSS&attr=3392178
2009-10-22,04:58:17,9we1u,25,"I did not anticipate that the IDF would have 
targeted the economic infrastructure of Gaza 
including its agricultural lands, industrial factories, 
water supply and sanitation works. These are not 
military targets. ",guardian.co.uk,http://www.guardian.co.uk/commentisfree/cifamerica/2009/oct/21/goldstone-report-israel-gaza-war-crimes-un
2009-10-22,07:07:51,9wfaz,27,"Diplomats from Iran, the U.S., Russia and France agreed Wednesday to a draft proposal that would see Iran ship about 75 percent of its enriched uranium to Russia by the end of this year.",cbsnews.com,http://www.cbsnews.com/blogs/2009/10/21/world/worldwatch/entry5404413.shtml
2009-10-21,10:23:01,9w33c,18,"Australian Government to allow hunting of native animals (kangaroos, cockatoos etc.) in National Parks in sleazy deal with Shooters Party.",smh.com.au,http://www.smh.com.au/national/government-deal-to-open-national-parks-to-shooters-20091020-h6yt.html
2009-10-21,22:36:45,9w9d2,17,Mentally ill Briton 'could be executed within days',independent.co.uk,http://www.independent.co.uk/news/world/asia/mentally-ill-briton-could-be-executed-within-days-1806568.html
2009-10-21,21:03:11,9w8cy,14,Calls for nuclear weapons in South Korea,upiasia.com,http://www.upiasia.com/Security/2009/10/21/calls_for_nuclear_weapons_in_south_korea/4447/
2009-10-21,18:37:44,9w758,13,The women of Kuwait can now travel with their passport without their husbands permission,asianews.it,http://www.asianews.it/index.php?l=en&art=16643&size=A
2009-10-21,10:52:59,9w3cj,12,Father accused of abducting fugitive man convicted of killing his daughter,timesonline.co.uk,http://www.timesonline.co.uk/tol/news/world/europe/article6882688.ece
2009-10-21,15:56:56,9w5uy,12,"Karzai, dignitaries announce runoff - Two months after Afghanistan’s flawed presidential elections, the stalemate is over",globalpost.com,http://www.globalpost.com/dispatch/afghanistan/091020/karzai-announces-runoff-election
2009-10-21,20:08:25,9w7v8,13,"The mother of an alleged schoolgirl ""honour killing"" victim wept today as she described finding her tied up the day before she was said to have been murdered. ",metro.co.uk,http://www.metro.co.uk/news/article.html?Mother_found_honour_victim_tied_up&in_article_id=754952&in_page_id=34
2009-10-21,16:46:53,9w6a6,10,UK Govt's CO2 Climate Change Ad 'Bedtime Story' Prompts Viewer Complaints,youtube.com,http://www.youtube.com/watch?v=CMp8UiCNYas&feature=player_embedded
2009-10-21,09:27:35,9w2n7,10,"These dramatic videos, released today by the Ontario Superior court, tell the tale of an al-Qaeda inspired cell of “homegrown” Canadian terrorists.",theglobeandmail.com,http://www.theglobeandmail.com/news/national/video-evidence-shows-details-of-homegrown-terrorism-plans/article1331227/
2009-10-22,05:35:34,9wef2,8,"The latest target of Cuba's totalitarian government is Yoani Sánchez, a 34-year-old Cuban blogger. Last week, she became the first blogger to win a Maria Moors Cabot Prize given by Columbia University for journalism, but the Cuban government wouldn't let her out of the country to accept the award.",womensrights.change.org,http://womensrights.change.org/blog/view/cubas_virtual_revolucinista_yoani_snchez
2009-10-21,14:55:36,9w5bc,7,"Ex-IDF chief's widow rejects naming East Jerusalem street after him,""I don't think this is a street that belongs to us. I don't think we need to be there ...""",haaretz.com,http://www.haaretz.com/hasen/spages/1122537.html
2009-10-22,00:00:40,9waf2,8,Denmark Approves Russian Baltic Pipeline - Eastern Europe Fears Of It's Use As A Political Weapon,spiegel.de,"http://www.spiegel.de/international/europe/0,1518,656229,00.html"
2009-10-22,00:03:08,9wagd,4,"People living in a shanty town in the Algerian capital have clashed with police for a second night in a row over housing conditions. ""Some young boys spend all the night outside taking drugs so that their brothers and sisters can sleep. We will not stop the riot.""",news.bbc.co.uk,http://news.bbc.co.uk/2/hi/africa/8317667.stm
2009-10-21,22:12:55,9w937,3,Maoist brutality continues in Jharkhand,blog.taragana.com,http://blog.taragana.com/n/maoists-brutality-continues-in-jharkhand-201884/
2009-10-21,21:13:05,9w8gq,3,Iran ignored appeals by Hillary Rodham Clinton and even rock star Sting and sentenced an Iranian-American academic to 12 years in prison for protesting,news.yahoo.com,http://news.yahoo.com/s/ap/20091021/ap_on_re_mi_ea/ml_iran_16
2009-10-21,12:16:44,9w40o,6,"What a legend. Footballer aged 70: I've got no intention of packing up. I've got one cartilage left in my knee, so it would be absolutely stupid to pack it in before I tear that",belfasttelegraph.co.uk,http://www.belfasttelegraph.co.uk/news/local-national/football-veteran-roger-craddock-still-playing-at-70-14537330.html
2009-10-21,13:38:33,9w4nd,5,UK's Labour government to hire tens of thousands of strikebreakers - remind me why they expect people to vote for them?,guardian.co.uk,http://www.guardian.co.uk/uk/2009/oct/17/royal-mail-postal-strike-temps
2009-10-21,23:33:58,9wa2j,4,"Britain: Government anti-terrorism strategy 'spies' on innocent. Data on politics, sexual activity and religion gathered by UK government.",globalresearch.ca,http://globalresearch.ca/index.php?context=va&aid=15722
2009-10-21,23:09:45,9w9s0,5,Poland signs up to new US shield - Polish Prime Minister has declared his country ready to take part in a revised US missile defence plan.,news.bbc.co.uk,http://news.bbc.co.uk/2/hi/europe/8317507.stm
2009-10-21,15:51:54,9w5td,3,"Shocking Report: Livestock Emissions Grossly Underestimated ""recent analysis...finds that livestock and their byproducts actually account for at least 32.6 billion tons of carbon dioxide per year, or 51 percent of annual worldwide GHG emissions"" 51%!!",worldwatch.org,http://www.worldwatch.org/node/6294
2009-10-22,03:51:18,9wday,2,Lazy reporting: Hostage situation in Edmonton (where I am in the DAY time) and the pic for it looks like this...,google.com,http://www.google.com/hostednews/afp/article/ALeqM5jfwe_LgGR71W_LYrJI7aAGn7luXQ
2009-10-21,22:44:29,9w9g0,4,Could The Israeli Spy Case Really Be An Indian Spy Case?,tpmmuckraker.talkingpointsmemo.com,http://tpmmuckraker.talkingpointsmemo.com/2009/10/the_nozette_espionage_case_what_is_country_a.php?ref=fpb
