2009-01-17,19:16:42,7qf3x,952,Israeli farmers beginning to feel the sting of worldwide boycott.,ynetnews.com,"http://www.ynetnews.com/articles/0,7340,L-3656454,00.html"
2009-01-17,11:08:35,7qd3h,432,"Iraq / Shoes: ""he was very happy when he heard that all the Iraqis support him. He even cried when he heard that there were demonstrations on his behalf even in the United States""",news.yahoo.com,http://news.yahoo.com/s/ap/20090116/ap_on_re_mi_ea/ml_iraq_shoe_thrower
2009-01-17,05:29:21,7qb61,419,The Dutch have Started Boycotting Israeli Products!,current.com,http://current.com/items/89723277/dutch_boycott_on_israeli_products.htm
2009-01-17,12:11:51,7qdcx,398,"Video: extraordinary scenes at Israeli newscast as a Palestinian doctor, a Hebrew-speaking physician who spoke regularly on Israeli television, said three of his children were killed in a tank strike ",frgdr.com,http://frgdr.com/blog/2009/01/17/israeli-tv-airs-gaza-doctors-desperate-pleas/
2009-01-17,02:15:55,7q9mn,294,"Israeli Chief Rabbi: ""If they don't stop after we kill 100, then we must kill 1,000. If they don't stop after 1,000 then we must kill 10,000, 100,000, even a million.""",jpost.com,http://www.jpost.com/servlet/Satellite?cid=1180527966693&pagename=JPost%2FJPArticle%2FShowFull&refer=cnn.com
2009-01-17,11:31:04,7qd6l,229,My grandmother was ill in bed when the Nazis came to her home and shot her dead in her bed. She did not die to provide cover for Israeli soldiers murdering Palestinian grandmothers in Gaza,youtube.com,http://www.youtube.com/watch?v=qMGuYjt6CP8
2009-01-17,21:31:06,7qfm4,167,Gaza - What it looks like to have white phosphorus raining down on you.  [PIC],spiegel.de,"http://www.spiegel.de/politik/ausland/0,1518,grossbild-1407799-601793,00.html"
2009-01-17,18:14:20,7qev6,155,"The Israelis are bombing and attacking all around the hospital. We can't get out. There's fire, and we're trapped inside. The water has been cut off",abc.net.au,http://www.abc.net.au/news/stories/2009/01/16/2467224.htm?section=justin
2009-01-17,12:54:33,7qdju,155,"Dr. Izz el-Deen Aboul Aish, who gave frequent interviews to the Israeli media, was minutes away from giving another when he called anchorman Shlomi Eldar, hysterical with grief.",latimes.com,"http://www.latimes.com/news/nationworld/world/la-fg-gaza-doctor-death17-2009jan17,0,4395549.story"
2009-01-17,19:14:16,7qf3c,129,Israelis targeting of journalists results in calls of boycott  by the foreign press.,google.com,http://www.google.com/hostednews/afp/article/ALeqM5gVdIrWVpZJwhf6XCWn5ET9CP741Q
2009-01-17,08:40:05,7qcf1,111,Israeli Anchorwoman blamed for empathizing with people in Gaza,israelnationalnews.com,http://www.israelnationalnews.com/News/News.aspx/129430
2009-01-18,00:13:04,7qgdp,93,"In Iowa, a 32-year-old man may spend 20 years in prison for possession of Japanese manga and will face penalties under the PROTECT Act (18 U.S.C. Section 1466A). ",gamertell.com,http://www.gamertell.com/gaming/comment/man-receives-support-from-cbldf-in-manga-possession-case//
2009-01-17,19:09:25,7qf2w,91,Once again: Israel shells *ANOTHER* UN school in Gaza ,english.aljazeera.net,http://english.aljazeera.net/news/middleeast/2009/01/20091177657498163.html
2009-01-17,12:49:56,7qdiw,88,"Journalists call Israeli foreign minister Livni 'terrorist' during Washington, D.C. press conference on Gaza attack",haaretz.com,http://www.haaretz.com/hasen/spages/1056185.html?1
2009-01-17,08:09:35,7qc9p,84,UK Jewish MP: Israel acting like Nazis in Gaza,uk.youtube.com,http://uk.youtube.com/watch?v=qMGuYjt6CP8
2009-01-17,17:16:59,7qem7,70,"Israeli military action in Gaza is comparable to that of German soldiers during the Holocaust, a Jewish UK lawmaker whose family suffered at the hands of the Nazis has claimed",edition.cnn.com,http://edition.cnn.com/2009/WORLD/europe/01/16/uk.israel.debate/
2009-01-17,16:52:17,7qej9,65,  	  US journalists call Livni a 'terrorist',ynetnews.com,"http://www.ynetnews.com/articles/0,7340,L-3657477,00.html"
2009-01-17,15:49:05,7qeb6,62,The Palestinians say: 'This is a war of extermination',guardian.co.uk,http://www.guardian.co.uk/world/2009/jan/17/gaza-israel-palestine
2009-01-17,16:52:45,7qejb,44,An Israeli airstrike has killed a woman and child sheltering in a UN-run school in northern Gaza,news.sky.com,http://news.sky.com/skynews/Home/World-News/Gaza-War-Truce-Deal-Is-Close-Says-Israeli-Prime-Minister-Ehud-Olmert/Article/200901315205313?lpos=World_News_News_Your_Way_Region_9&lid=NewsYourWay_ARTICLE_15205313_Gaza_War%3A_Truce_Deal_Is_Close%2C_Says_Israeli_Prime_Minister_Ehud_Olmert
2009-01-17,16:27:31,7qegd,44,"Israel attacks U.N. school, kills six",uk.reuters.com,http://uk.reuters.com/article/topNews/idUKTRE50G0X720090117
2009-01-17,12:08:51,7qdch,34,Israeli television broadcast desperate cries for help from a Hebrew speaking Palestinian doctor on Friday after his children were killed in an Israeli attack ,reuters.com,http://www.reuters.com/article/newsOne/idUSTRE50F6ML20090116
2009-01-17,17:24:19,7qenh,32,UN: Gaza Conflict Will Have Long-Lasting Psychological Impact on Children,voanews.com,http://www.voanews.com/english/2009-01-16-voa63.cfm
2009-01-18,06:23:55,7qiea,28,Germany IS About To Have Its Worst Recession Since WWII,fistfulofeuros.net,http://fistfulofeuros.net/afem/demographics/germany-about-to-have-worst-recession-since-wwii/
2009-01-17,11:35:06,7qd78,24,Palestinian Astrophysicist in US Recounts How His 11-Year-Old Son Died When Israeli Warplanes Bombed His Family’s House,democracynow.org,http://www.democracynow.org/2009/1/16/palestinian_father_in_us_recounts_how
2009-01-17,16:34:12,7qeha,25,Americans: these are your tax dollars and weapons at work - Part 2,uk.youtube.com,http://uk.youtube.com/watch?v=OLUJ4fF2HN4
2009-01-17,18:53:52,7qf14,21,Gaza invasion: Powered by the U.S. / Taxpayers are spending over $1 billion to send refined fuel to the Israeli military -- at a time when Israel doesn't need it and America does.,salon.com,http://www.salon.com/news/feature/2009/01/16/gaza_invasion/index.html
2009-01-18,04:24:24,7qhs7,21,Intel profits drop 90%,news.bbc.co.uk,http://news.bbc.co.uk/1/hi/business/7832537.stm
2009-01-18,00:31:00,7qgh2,20,"Calling Bullshit on Reuters' Title ""Israel plans ceasefire, Hamas vows to fight on."" Buried in story why they vowed to fight, ""...mainly for an end to a crippling economic blockade."" ",reuters.com,http://www.reuters.com/article/newsOne/idUSTRE5053R720090117
2009-01-17,09:54:39,7qcro,19,"""When you have the Secretary of State of the most powerful nation in history as your errand girl, it becomes somehow difficult not to brag about it.""",thehasbarabuster.blogspot.com,http://thehasbarabuster.blogspot.com/2009/01/too-good-not-to-boast-about-it.html
2009-01-17,10:22:07,7qcwa,16,Palestinian Doctor's Daughters killed while he is interviewed on Israeli TV,dailykos.com,http://www.dailykos.com/storyonly/2009/1/16/145932/668/542/684934
