2009-04-24,12:37:27,8f0r2,594,I think more people need to understand what waterboarding is. [VIDEO],youtube.com,http://www.youtube.com/watch?v=4LPubUCJv58
2009-04-24,20:50:18,8f3rv,428,"Poland ""to ban"" Che Guevara image and other materials that incite ""fascism and totalitarian systems""",telegraph.co.uk,http://www.telegraph.co.uk/news/worldnews/europe/poland/5207669/Poland-to-ban-Che-Guevara-image.html
2009-04-24,13:17:39,8f111,245,"""We may need to seek them out and destroy them where they live,"". Vioxx maker Merck and Co drew up doctor hit list.",theaustralian.news.com.au,"http://www.theaustralian.news.com.au/story/0,25197,25272600-2702,00.html"
2009-04-24,03:05:00,8ewnd,127,Israel admits to having used white phosphorus in Gaza.,timesonline.co.uk,http://www.timesonline.co.uk/tol/news/world/middle_east/article6150448.ece
2009-04-24,11:40:47,8f0fl,119,"Key Tamil Tigers leadership surrender, Sri Lanka within days of ending a 25 year civil war.",independent.co.uk,http://www.independent.co.uk/news/world/asia/tamil-rebels-surrender-ndash-but-hunt-for-their-leader-goes-on-1672717.html
2009-04-24,14:52:02,8f1kq,105,"Taxing the rich, chart of income tax rates for the wealthiest in various countries.",economist.com,http://www.economist.com/daily/chartgallery/displayStory.cfm?story_id=13529394
2009-04-24,23:57:09,8f5al,45,G20 police officer said he wanted to 'beat up hippies' on Facebook ,telegraph.co.uk,http://www.telegraph.co.uk/news/newstopics/politics/lawandorder/5212106/G20-police-officer-said-he-wanted-to-beat-up-hippies-on-Facebook.html
2009-04-24,17:43:19,8f2mo,39,Pirate Bay lawyer wants a retrial,buxpage.com,http://buxpage.com/pirate-bay-lawyer-wants-a-retrial/
2009-04-25,06:06:07,8f8mf,20,Dick Cheney's death squad killed Lebanese former prime minister Rafik Hariri,uk.youtube.com,http://uk.youtube.com/watch?v=5a1PtiiNqtg
2009-04-25,00:50:20,8f5rt,19,Tens of thousands of Armenians march through the capital to commemorate the 94th anniversary of the Armenian genocide,google.com,http://www.google.com/hostednews/ap/article/ALeqM5hCA-zobG8qBHFIfyH7WblAInCQKAD97OSGNG1
2009-04-25,02:45:24,8f6ut,20,Pedophile Priest Hires Private Detectives to Harass His Victims,spiegel.de,"http://www.spiegel.de/international/germany/0,1518,620925,00.html"
2009-04-24,10:07:43,8ezxa,19,Islamic insurgents advance closer to Pakistani capital,mcclatchydc.com,http://www.mcclatchydc.com/251/story/66811.html
2009-04-25,02:55:11,8f6xk,14,60 dead in Mexico flu outbreak,edition.cnn.com,http://edition.cnn.com/2009/HEALTH/04/24/swine.flu/index.html
2009-04-24,18:13:11,8f2sd,13,"80 people died in Iraq and 120 others were injured thursday in three bombings, one by a female suicide bomber that held a young child’s hand as she set off her explosives among a group of women and children receiving emergency food aid",nytimes.com,http://www.nytimes.com/2009/04/24/world/middleeast/24iraq.html?hpw
2009-04-24,23:50:20,8f58a,12,"Spain's jobless rate soars to 17.4%, doubling over the past 12 months",news.bbc.co.uk,http://news.bbc.co.uk/2/hi/business/8016364.stm
2009-04-24,20:56:50,8f3tp,13,"Israeli FM Lieberman: ""World leaders must drop 'land for peace' and 'two-state solution' slogans, the obstacle to any solution is not Israel. It is not the Palestinians. It's the Iranians.""",jpost.com,http://www.jpost.com/servlet/Satellite?cid=1239710776127&pagename=JPost/JPArticle/ShowFull
2009-04-25,00:06:27,8f5di,12,"Bank wants 40,000 pounds from G20 girl 17 ",news.bbc.co.uk,http://news.bbc.co.uk/2/hi/uk_news/england/london/8016350.stm
2009-04-24,15:30:59,8f1t9,10,"Attorney General: If you were just following orders, then you're good. Seems strangely familiar...",abcnews.go.com,http://www.abcnews.go.com/Politics/story?id=7410267&page=1
2009-04-25,00:05:00,8f5d4,10,Fatal swine flu breaks out in Mexico,news.yahoo.com,http://news.yahoo.com/s/nm/20090424/ts_nm/us_flu
2009-04-24,13:54:52,8f183,10,Report: Reporters to be tried in N. Korea,edition.cnn.com,http://edition.cnn.com/2009/WORLD/asiapcf/04/23/nkorea.journalists/index.html
2009-04-24,21:53:27,8f48p,8,Twin-track talks in Burma raise peace hopes,scholarsandrogues.com,http://www.scholarsandrogues.com/2009/04/24/twin-track-talks-in-burma-raise-peace-hopes/
2009-04-24,08:55:50,8ezhn,9,Nobel laureate accuses Israel of 'ethnic cleansing',news.yahoo.com,http://news.yahoo.com/s/afp/20090421/wl_mideast_afp/mideastconflictjerusalem
2009-04-25,06:12:41,8f8nw,7,Sweden spied on CIA 'terror flights',thelocal.se,http://www.thelocal.se/19050/20090424/
2009-04-25,06:46:43,8f8wt,9,Former KKK leader David Duke has been detained by police in the Czech Republic on suspicion of denying the Holocaust.,weartv.com,http://www.weartv.com/template/inews_wire/wires.international/30b6f1a8-www.weartv.com.shtml
2009-04-25,02:08:58,8f6ii,8,Cops taser naked man at arts festival (with video),ktla.com,http://www.ktla.com/landing_mostinteresting/?Police-Taser-Naked-Man-at-Coachella-=1&blockID=274704&feedID=1080
2009-04-25,02:18:45,8f6lf,6,New swine flu could become a pandemic!,breitbart.com,http://www.breitbart.com/article.php?id=CNG.424c5b4c93103272a5d7bbabb402fdea.c1&show_article=1
2009-04-24,22:37:54,8f4ly,8,Pakistani PM: We can stop the Taliban and our nuclear weapons are safe,edition.cnn.com,http://edition.cnn.com/2009/WORLD/asiapcf/04/24/pakistan.taliban.control.gilani/
2009-04-25,06:27:58,8f8rt,7,British beach used in Canada tourism ad,news.bbc.co.uk,http://news.bbc.co.uk/1/hi/england/tyne/8016246.stm
2009-04-25,01:59:59,8f6fj,4,Iceland - Another complete collapse of the economy around the corner,newsfrettir.com,http://newsfrettir.com/index.php?option=com_content&view=article&id=569:sigmundur-david-predicts-another-collapse&catid=30:national-finance&Itemid=47
2009-04-25,01:13:47,8f5zc,5,Mexican outbreak of influenza flu kills dozens,news.bbc.co.uk,http://news.bbc.co.uk/1/hi/world/americas/8016909.stm
