2009-11-16,22:07:40,a4vwj,1139,"Gay Puerto Rican teen decapitated, dismembered 
and burned. Police response: 'people who lead this 
type of lifestyle need to be aware that this will 
happen'.",towleroad.com,http://www.towleroad.com/2009/11/gay-puerto-rican-teen-decapitated-dismembered-and-burned.html?utm_source=feedburner&utm_medium=feed&utm_campaign=Feed%3A+towleroad%2Ffeed+%28-Towleroad+News-+%5B%23gay%5D%29
2009-11-16,06:59:05,a4ov9,657,I just received a SIX PAGE reply from the Attorney General who's vetoing the r18 classification for games in Australia! (as rage inducing as you would expect),self.worldnews,https://www.reddit.com/r/worldnews/comments/a4ov9/i_just_received_a_six_page_reply_from_the/
2009-11-16,23:27:50,a4wrf,118,"200 Italian women responded to an ad asking for ""attractive girls between 18 and 35 years old, at least 5 foot, 7 inches tall, well-dressed but not in mini-skirts or low cut dresses."" They expected a party. What they got was Muammar Gaddafi.",reuters.com,http://www.reuters.com/article/worldNews/idUSTRE5AF2KS20091116
2009-11-17,02:23:14,a4yuu,108,"At first its like a video on British health care.  Then, all of a sudden, Israelis show up to ask, ""papers, please.""",youtube.com,http://www.youtube.com/watch?v=-zZhVekDq5Y&feature=player_embedded
2009-11-16,14:11:44,a4s1l,65,"China now controls 95% of the global market for rare metals used to make iPods, wind farms and electric cars",thestandard.com.hk,http://www.thestandard.com.hk/news_detail.asp?we_cat=3&art_id=90569&sid=26103708&con_type=1&d_str=20091116&fc=10
2009-11-16,16:04:44,a4sxn,67,"""Deep in the heart of the Amazon rain forest, there are people who have lived off the water for a long time who are now forced to eat canned tuna fish because the fish in the river are dead or diseased,"" Joe Berlinger director of ""Crude"" - about an environmental lawsuit against oil giant Chevron",courant.com,"http://www.courant.com/entertainment/movies/hc-curtain1115.artnov15,0,4984492.story"
2009-11-17,00:04:07,a4x7h,47,A group of Israeli soldiers disobeyed orders on Monday to help in the dismantling of several structures that Jewish settlers had built without government authorization in the occupied West Bank.,reuters.com,http://www.reuters.com/article/worldNews/idUSTRE5AF3D320091116
2009-11-16,10:21:22,a4q6a,47,"The Dark Side of Dubai: Dubai was meant to be a Middle-Eastern Shangri-La, a glittering monument to Arab enterprise and western capitalism. But as hard times arrive, an uglier story is emerging.",independent.co.uk,http://www.independent.co.uk/opinion/commentators/johann-hari/the-dark-side-of-dubai-1664368.html?a=1
2009-11-16,20:00:15,a4usq,37,"After discovering that the iconic Pirate Bay logo had not been officially registered, a Swedish company has hijacked the trademark as their own, with an eye on commercial exploitation.",torrentfreak.com,http://torrentfreak.com/iconic-pirate-bay-ship-logo-hijacked-by-private-company-091116
2009-11-17,03:51:17,a4zrc,39,80% of us will not pay for news anymore.,fiercemobilecontent.com,http://www.fiercemobilecontent.com/story/report-80-consumers-wont-access-premium-news-content/2009-11-16
2009-11-16,23:00:55,a4wfz,29,Book about killing gentile children becomes bestseller in Israel,eutimes.net,http://www.eutimes.net/2009/11/book-about-killing-gentile-children-becomes-bestseller-in-israel/
2009-11-16,11:11:33,a4qjz,26,Can you imagine if it were your daughter?,thesun.co.uk,http://www.thesun.co.uk/sol/homepage/woman/real_life/2727210/I-heard-my-albino-daughter-being-hacked-to-death-for-her-legs.html
2009-11-17,03:04:48,a4zaz,27,Two kite surfers from West Sussex took advantage of strong winds on the south coast to realise an ambition to jump over Worthing pier.,news.bbc.co.uk,http://news.bbc.co.uk/1/hi/england/sussex/8362671.stm
2009-11-16,23:47:58,a4x0u,25,The third Israeli town in 6 months has added 'Zionist loyalty' to their bylaws ,haaretz.com,http://www.haaretz.com/hasen/spages/1128408.html
2009-11-16,10:48:43,a4qdc,22,Why won't Israel stop building settlements? Because this is Palestine's condition for peace talks to resume.,news.yahoo.com,http://news.yahoo.com/s/nm/20091111/ts_nm/us_palestinians_israel_abbas
2009-11-17,01:51:18,a4yir,22,Israel says declaring a state could lead to annexation of more of the occupied West Bank.,reuters.com,http://www.reuters.com/article/homepageCrisis/idUSLG139520._CH_.2400
2009-11-17,03:54:37,a4zsi,19,Palestinians call for EU to back independence,guardian.co.uk,http://www.guardian.co.uk/world/2009/nov/16/palestinians-call-eu-back-independence
2009-11-17,02:18:41,a4ysk,15,Most of the world's seven thousand languages will no longer be spoken by the end of this century,psychologytoday.com,http://www.psychologytoday.com/blog/cultural-animal/200811/languages-are-vanishing-so-what
2009-11-17,00:46:46,a4xqk,11,"It's an easy mistake to make. You break into a house, steal a few things, then discover a computer and decide to log into Facebook. Police arrest 26 year old ",telegraph.co.uk,http://www.telegraph.co.uk/news/worldnews/europe/italy/6257729/Burglar-arrested-after-logging-onto-Facebook-during-break-in.html
2009-11-16,21:33:22,a4vjb,13,"Tragically, millions of people continue to knowingly poison themselves for lack of an alternative source of water.",rawstory.com,http://rawstory.com/2009/11/mystery-worst-mass-poisoning-world-solved-problem-remains/
2009-11-17,00:32:05,a4xj6,11,The only soldier convicted in connection with the death of Iraqi hotel worker Baha Mousa today dramatically accused a former Army officer of prisoner abuse. ,metro.co.uk,http://www.metro.co.uk/news/article.html?Army_officer_and_his_unit_abused_Iraqi_prisoners&in_article_id=770648&in_page_id=34
2009-11-17,01:09:42,a4y13,12,Zambia journalist acquitted of pornography charges that were brought against her several months ago for sending photos of a woman giving birth in a hospital parking lot.,news.bbc.co.uk,http://news.bbc.co.uk/2/hi/africa/8362853.stm
2009-11-16,08:34:37,a4pg5,13,Renouncing Islamism in UK: To the brink and back again,independent.co.uk,http://www.independent.co.uk/opinion/commentators/johann-hari/renouncing-islamism-to-the-brink-and-back-again-1821215.html
2009-11-17,03:36:35,a4zlz,12,"People Republic of China's official media ignore Obama's message on Internet freedom while Web sites delete stories. Is there a Chinese word for ""irony""?",washingtonpost.com,http://www.washingtonpost.com/wp-dyn/content/article/2009/11/16/AR2009111601512.html
2009-11-16,20:49:49,a4v6h,12,EU: bluefin tuna catches to be reduced,google.com,http://www.google.com/hostednews/ap/article/ALeqM5g6Jbbq6tLend1byL6O1vfr2lym2gD9C0JIO02
2009-11-17,07:22:10,a51sd,12,"12 Afghans killed, 30 wounded after rockets slammed into a market northeast of Kabul, missing a meeting between France's top general in Afghanistan and dozens of tribal elders and senior local officials",mail.com,http://www.mail.com/Article.aspx/world/asia/APNews/Asia/20091116/U_AS-Afghanistan
2009-11-16,23:57:45,a4x4u,10,Guinea-Bissau: Cocaine's traffic hub,latimes.com,"http://www.latimes.com/news/nationworld/world/la-fg-africa-drugs16-2009nov16,0,2222648.story"
2009-11-17,00:11:07,a4xam,10,"Pro-Israel lobby group bankrolling the Limeys, too. ",guardian.co.uk,http://www.guardian.co.uk/politics/2009/nov/16/pro-israel-lobby-conservatives-channel4-dispatches
2009-11-17,01:59:13,a4yls,9,German foreign minister calls for Afghan withdrawal plan ,monstersandcritics.com,http://www.monstersandcritics.com/news/europe/news/article_1513499.php/German-foreign-minister-calls-for-Afghan-withdrawal-plan
2009-11-16,14:27:46,a4s71,9,Veto-wielding China says 'no' to Iran sanctions,presstv.ir,http://www.presstv.ir/detail.aspx?id=111282&sectionid=351020104
