2009-06-18,14:38:51,8tht0,1653,"It's the law and it's official. Vancouver, site of the 2010 Winter Olympics, has forbidden police to seize cameras unless part of an arrest, or a warrant has been issued.",news1130.com,http://www.news1130.com/news/local/more.jsp?content=20090617_112051_8240
2009-06-18,09:33:59,8tfvd,245,“They broke the door and entered the dormitory. I saw today all the doors had been broken. They hit my friends while they were asleep. They brought them to the yard and hit them again. They arrested about 200 — five or six were killed.,timesonline.co.uk,http://www.timesonline.co.uk/tol/news/world/middle_east/article6524451.ece
2009-06-19,02:22:09,8tnip,229,"2,000 indigenous people from the Association for the Development of the Peruvian Jungle gathered to protest plans for the U.S.-Peru Trade Promotion Agreement.  At least 50 are dead and 100s missing after Peruvian police used helicopters and ground troops to suppress the demonstration.",fpif.org,http://www.fpif.org/fpiftxt/6200
2009-06-19,01:55:34,8tn8d,101,"FiveThirtyEight, one of the best election and polling analysis sites, is doubtful of the statistical evidence of vote fraud in Iran",fivethirtyeight.com,http://www.fivethirtyeight.com/2009/06/karroubis-unlucky-7s.html
2009-06-19,04:39:15,8torm,82,News from Iran live-blog: Microsoft continues to block its internet messaging service in Iran (see 3:00pm update) Who's side are they on???,niacblog.wordpress.com,http://niacblog.wordpress.com/2009/06/18/post-election-iran-as-it-develops/
2009-06-19,01:58:17,8tn9c,55,Peru's President Alan Garcia has Finally Admitted that the Government Has Made Mistakes and Did not Properly Consult Amazonian Tribes in Regard to Several Laws that Would Allow Oil Exploration and Affect Their Lands-- He is Now Asking Congress to Repeal Those Laws-- Peru is Moving Forward,livinginperu.com,http://www.livinginperu.com/news-9380-politics-perus-president-addressed-to-the-nation-and-admitted-mistakes
2009-06-18,18:49:36,8tjld,54,The Pirate Bay is now The Persian Bay - Another site supporting Iran,pocket-lint.com,http://www.pocket-lint.com/news/news.phtml/24848/pirate-bay-becomes-persian-bay.phtml
2009-06-18,22:45:16,8tlao,49,The Iranian protesters are effective because they're nonviolent... and there are women and children involved. The regime doesn't now how to handle this.,trueslant.com,http://trueslant.com/philzabriskie/2009/06/18/the-power-of-silence/
2009-06-19,02:51:54,8tntd,53,"Protestors hold children, photos of murdered students, quotes by Gandhi, signs like ""we are the nation, not rabble"" ",payvand.com,http://www.payvand.com/news/09/jun/1178.html
2009-06-19,05:45:58,8tpdz,35,Ayatollah Ali Khamenei is about to issue warning of severe consequences if protests continue,guardian.co.uk,http://www.guardian.co.uk/world/2009/jun/18/iran-election-protests-ayatollah-speech
2009-06-18,15:33:59,8ti7w,31,"Mahmoud Ahmadinejad has almost no support among Kurds whatsoever. Claiming he “won” 70 percent in Kermanshah is as outlandish as Dick Cheney winning San Francisco and Berkeley in a landslide.""",commentarymagazine.com,http://www.commentarymagazine.com/blogs/index.php/totten/70362
2009-06-18,23:01:04,8tlfw,23,UK is doing away with fundamental rights! First trial without jury approved,news.bbc.co.uk,http://news.bbc.co.uk/2/hi/uk_news/8106590.stm
2009-06-19,06:56:36,8tpyv,24,"Ebrahim Yazdi, Iran’s former foreign minister, thrown in jail",timesonline.co.uk,http://www.timesonline.co.uk/tol/news/world/middle_east/article6531509.ece#cid=OTC-RSS&attr=797093
2009-06-19,03:59:25,8toes,23,"War Nerd: Iran’s Cedar Show, A.K.A. Don’t Get Excited, the Protestors Are Just Letting Off Some Steam - By Gary Brecher - The eXiled",exiledonline.com,http://exiledonline.com/war-nerd-irans-cedar-show-aka-dont-get-excited-the-protestors-are-just-letting-off-some-steam/
2009-06-18,20:10:54,8tk3a,21,"After half time they removed their Green bands, knowing that they would have to fly back toTehran after the game",news.bbc.co.uk,http://news.bbc.co.uk/1/hi/world/middle_east/8105722.stm
2009-06-19,07:05:25,8tq1q,18,Twitter won't bring down Ahmadinejad |Twitter won't bring down Ahmadinejad. The real action in Iran is in the streets. Social media is documenting the revolution - not leading it,salon.com,http://www.salon.com/news/feature/2009/06/18/iran_twitter/
2009-06-19,01:40:08,8tn2s,15,"Iran's Supreme Leader to Give Sermon on Friday at Tehran University, Site of Crackdown on Democracy Protestors",cnn.com,http://www.cnn.com/2009/WORLD/meast/06/18/iran.university/index.html
2009-06-19,05:06:24,8tp12,14,National anthem will be played daily in some Canadian schools. Canada emulating US patriotic facade,cbc.ca,http://www.cbc.ca/canada/new-brunswick/story/2009/06/18/nb-anthem-lamrock-346.html?ref=rss
2009-06-18,10:52:58,8tgcx,12,Tony Blair knew of secret policy on terror interrogations | Politics | The Guardian,guardian.co.uk,http://www.guardian.co.uk/politics/2009/jun/18/tony-blair-secret-torture-policy
2009-06-18,16:29:23,8tin3,11,"Irans Election Chaos. Iran braced for a fourth day of massive protests Thursday by opponents of President Mahmoud Ahmadinejad. ""We support our revolution"". Most of people are with green flags supporting the opposition. + Good video inside",abcnews.go.com,http://abcnews.go.com/International/wireStory?id=7868269
2009-06-19,06:36:57,8tptl,14,Shocking statistic: One in four South African men questioned in a survey said they had raped someone and nearly half admitted having attacked more than one victim.,news.bbc.co.uk,http://news.bbc.co.uk/1/hi/world/africa/8107039.stm
2009-06-18,21:22:44,8tkk9,13,"Italian Minister of Tourism doing the ""Fascist Salute"" over the National Anthem - She's the one in pink [VID]",tv.repubblica.it,http://tv.repubblica.it/copertina/il-saluto-romano-della-brambilla/33966?video
2009-06-18,15:03:58,8thzh,10,Wrecked the house after the bank auctioned it off - Iceland,newsfrettir.com,http://newsfrettir.com/economy-a-finance/debts-of-the-homes/918-wrecked-the-house-after-the-bank-auctioned-it-off
2009-06-19,02:07:37,8tnd8,10,"Borderline Bigots - Mexico Tells Immigrants: “No Way, José”",viceland.com,http://www.viceland.com/int/v16n6/htdocs/borderline-bigots-895.php
2009-06-18,20:46:45,8tkbb,11,Applied chaos theory:  how history emerges from confusion on the streets of Tehran [THOUGHTFUL],foreignpolicy.com,http://www.foreignpolicy.com/story/cms.php?story_id=5017
2009-06-18,10:51:59,8tgco,11,Israel to continue building settlements despite a US call to freeze growth. The reason? 'We had a deal with the previous adminstration' . Looks like Goerge W. Bushs legacy continues even without him.,english.aljazeera.net,http://english.aljazeera.net/news/americas/2009/06/2009617192532456427.html
2009-06-18,21:08:10,8tkg3,11,ISP Dragged to Court for Refusing to Block The Pirate Bay,torrentfreak.com,http://torrentfreak.com/isp-dragged-to-court-for-refusing-to-block-the-pirate-bay-090617/
2009-06-18,21:36:37,8tkoe,9,"The photos coming out of Tehran demonstrate, movingly and beautifully, that women are on the front lines of the protests taking place there, veils and all",prospect.org,http://www.prospect.org/csnc/blogs/tapped_archive?month=06&year=2009&base_name=iran_and_the_veil
2009-06-19,00:05:55,8tm2t,9,Locked up by Kim Jong Il. Who's fault is it really? .... um really? ,globalpost.com,http://www.globalpost.com/dispatch/worldview/090617/imprisoned-kim-jong-il
2009-06-18,17:47:59,8tj5y,8,Here are some reasons why Ahmadinejad did not win in Iran,tehranbureau.com,http://tehranbureau.com/2009/06/17/why-ahmadinejad-did-not-win/
