2009-06-25,06:44:49,8vd4m,1223,Unimaginable Horror In Tehran Today,threatswatch.org,http://threatswatch.org/rapidrecon/2009/06/unimaginable-horror-in-tehran/
2009-06-25,04:42:20,8vbzj,322,The mass protests in Iran would not be allowed in the US either. And they weren't allowed in the US under Bush-Cheney.,andrewsullivan.theatlantic.com,http://andrewsullivan.theatlantic.com/the_daily_dish/2009/06/tehrans-unlicensed-protests.html
2009-06-25,21:51:13,8vjt2,156,Waterboarding used on marijuana suspects in London,boingboing.net,http://www.boingboing.net/2009/06/24/waterboarding-used-o.html
2009-06-25,09:02:58,8ve5d,60,IRAN: In Baharestan we saw militia with axe choping people like meat - blood everywhere - like butcher (Pic at bottom is VERY GRAPHIC),threatswatch.org,http://threatswatch.org/rapidrecon/2009/06/unimaginable-horror-in-tehran/?iran
2009-06-26,06:53:56,8vpd5,48,Hamas accepts 2 state solution,english.aljazeera.net,http://english.aljazeera.net/news/middleeast/2009/06/2009625181357331518.html
2009-06-25,17:31:19,8vhta,43,"Women in Malmo, Sweden win right to go to the pool topless. Anyone else love sweden?",thelocal.se,http://www.thelocal.se/20250/20090624/
2009-06-25,10:40:06,8vesx,39,Jewish settlers 'want all of Jerusalem',liveleak.com,http://www.liveleak.com/view?i=1fc_1245851346
2009-06-25,17:49:54,8vhxq,28,N. Korea warns of 'dark clouds of nuclear war',google.com,http://www.google.com/hostednews/afp/article/ALeqM5givnzx2tQFTTR4dL8sBgHLUp9wvQ
2009-06-26,01:16:33,8vlyz,26,The last uncontacted tribe on Earth,googlesightseeing.com,http://googlesightseeing.com/2009/06/25/north-sentinel-island/
2009-06-25,11:26:45,8vf4k,22,Canadian bill allow authorities to access personal information of ISP subscribers without a warrant,theregister.co.uk,http://www.theregister.co.uk/2009/06/18/canada_isp_intercept_bills/
2009-06-26,03:53:27,8vnnj,18,"Pensioners kidnapped and tortured a financial advisor because he lost £2million of their savings. The angry pensioners, aged between 60 and 79, had apparently invested 2.4m euros (£2m) in Mr Amburn's company, which he used to buy property in Florida.",uk.news.yahoo.com,http://uk.news.yahoo.com/5/20090624/twl-oap-gang-kidnaps-adviser-over-lost-2-3fd0ae9.html
2009-06-26,01:30:55,8vm4b,15,"Bowing to pressure from Washington, Israel granted U.S.-trained Palestinian security forces greater autonomy in four major West Bank cities",news.yahoo.com,http://news.yahoo.com/s/ap/20090625/ap_on_re_mi_ea/ml_israel_palestinians
2009-06-26,01:03:23,8vlt7,17,"""He decided it was time to start running when the police were coming. He turned back and saw some women still standing, These women are not afraid.""",usatoday.com,http://www.usatoday.com/news/world/2009-06-24-iranianwomen_N.htm
2009-06-25,10:38:59,8vesk,12,Reddit - 150 civilians have died in suicide attacks Iraq in the last week. One-hundred and fifty. Why does it seem that nobody in the media really cares?,english.aljazeera.net,http://english.aljazeera.net/news/middleeast/2009/06/2009624231744232924.html
2009-06-25,18:29:12,8vi7x,13,Stoned wallabies make crop circles,news.bbc.co.uk,http://news.bbc.co.uk/1/hi/world/asia-pacific/8118257.stm
2009-06-25,13:58:17,8vg7x,10,More people getting shot in the streets today :(,youtube.com,http://www.youtube.com/watch?v=dD5Wrh9rt34
2009-06-25,10:57:55,8vexa,11,"United Nations praised drug decriminalization in its annual report on the state of global drug policy, especially Portugal's radical drug policy in 2001",huffingtonpost.com,http://www.huffingtonpost.com/2009/06/24/un-backs-drug-decriminali_n_220013.html
2009-06-25,22:13:15,8vk0f,10,"British government warns of cyber-warfare attacks by Al Qaida, China and Russia - guess we can kiss our internet freedoms like real life ones goodbye",belfasttelegraph.co.uk,http://www.belfasttelegraph.co.uk/news/local-national/government-warns-of-cyberwarfare-attacks-by-al-qaida-china-and-russia-14362701.html
2009-06-25,11:14:20,8vf1o,9,"Perfect example of political projection: Israel's JPost, cheering supporters of Gaza killings, condemns world for not intervening in Iran- ""while brave men and women fought a hopeless battle against the brutal repression of the security forces...no one lifted a finger to help them""",jpost.com,http://www.jpost.com/servlet/Satellite?apage=1&cid=1245184921941&pagename=JPost%2FJPArticle%2FShowFull
2009-06-25,20:53:54,8vja5,9,"""You have urinated on my jacket!"" - A Monkey urinates on Zambian leader",news.bbc.co.uk,http://news.bbc.co.uk/1/hi/world/africa/8118046.stm
2009-06-26,02:51:26,8vn17,9,"Forgive my naivete, but we thought Iraq had WMD and invaded them and N. Korea is pretty much saying they have them and they will start a war with them, why don't we invade N. Korea then?",self.worldnews,https://www.reddit.com/r/worldnews/comments/8vn17/forgive_my_naivete_but_we_thought_iraq_had_wmd/
2009-06-25,14:45:35,8vgke,9,"Free Gaza ship sets sail today [Thursday] to break 
the Israeli siege and deliver tons of cement. 
Passengers include Cynthia McKinney who was also 
onboard the Dignity which was rammed by the 
Israeli navy.",freegaza.org,http://www.freegaza.org/en/home/press-releases/919-press-release-brick-by-brick
2009-06-25,14:43:12,8vgjl,7,11 bodies found inside abandoned car in Mexico,boston.com,http://www.boston.com/news/world/latinamerica/articles/2009/06/05/11_bodies_found_inside_abandoned_car_in_mexico/
2009-06-25,22:59:49,8vkhn,6,"Sharia Law justice in Somalia:  More then 300 people, mainly women and children, watched as masked men carried out double amputations with machetes on four men for stealing phones and guns",news.bbc.co.uk,http://news.bbc.co.uk/2/hi/africa/8118306.stm
2009-06-25,23:43:07,8vkxy,10,Best summary of the financial crisis that I've seen,theatlantic.com,http://www.theatlantic.com/doc/print/200905/imf-advice
2009-06-25,19:19:06,8vijt,8,"Al-Qaeda planning cyber war against Britain, warns Lord West",telegraph.co.uk,http://www.telegraph.co.uk/news/newstopics/politics/lawandorder/5634022/Al-Qaeda-planning-cyber-war-against-Britain-warns-Lord-West.html
2009-06-25,21:22:42,8vjjg,7,"These are the guys on Iran's ""Assembly of Experts.""",tinypic.info,http://tinypic.info/files/ggcb9qsh1s9pz8ogtv0w.jpg
2009-06-26,00:13:22,8vl96,7,"Hello, leaders of Iran. We are Anonymous.",youtube.com,http://www.youtube.com/watch?v=_hUFv5c4lFg
2009-06-25,09:24:58,8vean,8,July 2008: US 'running $400m covert operation in Iran',theage.com.au,http://www.theage.com.au/world/us-running-400m-covert-operation-in-iran-20080630-2zfu.html
2009-06-25,23:41:26,8vkxf,5,"Iranian president allegedly involved in Vienna  
murders in 1989",alarabiya.net,http://www.alarabiya.net/articles/2009/06/20/76502.html
