2009-08-27,19:35:31,9emq1,300,French hostage kills 3 and escapes,irishtimes.com,http://www.irishtimes.com/newspaper/world/2009/0827/1224253336524.html
2009-08-28,06:42:19,9etui,228,"A naked, blindfolded man crouches on the ground, as a uniformed soldier kicks him in the head then abruptly ends his life with a point- blank rifle shot. Other bodies lie nearby, their blood staining the earth around them.",thestar.com,http://www.thestar.com/news/world/article/687092
2009-08-27,11:51:02,9ej1c,219,Looks like that Russian ship was carrying missiles to Iran via Algeria,atimes.com,http://www.atimes.com/atimes/Central_Asia/KH26Ag01.html
2009-08-27,14:35:25,9ekcf,181,CHINA: Human rights lawyer arrested on tax evasion charges -- Bet this story will be retracted quick smart! Surprised it even got published.,chinadaily.com.cn,http://www.chinadaily.com.cn/china/2009-08/19/content_8586834.htm
2009-08-27,14:18:26,9ek78,136,"Angry French lorry drivers at struggling company threaten to pour 8,000 litres of toxic fuel additive into Parisian river unless their demands for redundancy pay-offs are met",guardian.co.uk,http://www.guardian.co.uk/environment/2009/aug/20/france-transport-river-seine-pollution
2009-08-26,23:33:54,9ebtq,116,Sri Lankan Journalist Ahimsha Wickrematunge wrote an editorial only to be release upon his death. He was murdered in January. This is his story.,thesundayleader.lk,http://www.thesundayleader.lk/20090111/editorial-.htm
2009-08-27,22:41:03,9eoa6,70,"UK Gov fails at privacy, loses 377K of private data on a memory stick!",computerweekly.com,http://www.computerweekly.com/Articles/2009/08/27/237469/home-office-lost-377000-names-on-memory-stick.htm
2009-08-27,13:05:40,9ejmq,53,Mali's parliament passes a law stating that women do not have to obey their husbands and can inherit property. Muslims flip out. Malian president refuses to sign the law.,news.bbc.co.uk,http://news.bbc.co.uk/2/hi/africa/8223736.stm
2009-08-28,01:03:17,9eq1p,25,Son of newly appointed Nigerian Ambassador to the US charged with rape,naijafeed.com,http://www.naijafeed.com/naijafeed/2009/8/27/son-of-newly-appointed-nigerian-ambassador-to-the-us-charged.html
2009-08-27,18:31:59,9em7o,17,New Zealand is running out of space for its burgeoning prison population and has decided to start using shipping containers to house its inmates.,abc.net.au,http://www.abc.net.au/news/stories/2009/08/27/2668916.htm?section=justin
2009-08-27,11:28:06,9eiuz,13,"London's ambassador to Kabul said Wednesday he expects Britain's presence in Afghanistan will last at least ""a generation,""",news.yahoo.com,http://news.yahoo.com/s/afp/20090826/wl_uk_afp/britainmilitaryafghanistandiplomacy_20090826152536
2009-08-27,12:20:27,9ej9w,12,"American's leaving London in droves, ""We are fed up with all the stealth taxes, the non-doms levy, and now the 50 percent tax rate.” Will ""the City"" ever be the same?",bloomberg.com,http://www.bloomberg.com/apps/news?pid=20601109&sid=alNiweY01.Mk
2009-08-27,19:54:26,9emvv,7,Crazy prison escapes in Belgium,nytimes.com,http://www.nytimes.com/2009/08/27/world/europe/27brussels.html?_r=2&hp
2009-08-28,02:01:06,9eqqz,8,In a 1987 meeting with US analysts the KGB foresaw and warned of the rise of terrorism from radical Islam-- A look at the untapped potential of greater cooperation of US and Russia.,foreignpolicy.com,http://www.foreignpolicy.com/articles/2009/08/26/how_russia_can_and_cant_help_obama?page=full
2009-08-27,18:16:02,9em2q,7,"Bernanke Victimized by Identity Fraud Ring, they swiped his wife's purse—including the couple's joint check book.",newsweek.com,http://www.newsweek.com/id/213696
2009-08-27,09:47:53,9ei3q,8,Swedish woman in porn flakes breakfast shock. Yes the headline reads porn flakes.,thelocal.se,http://www.thelocal.se/21696/20090826/
2009-08-27,21:31:23,9enmi,3,Khamenei: 'Opposition not stooges for Western powers',jpost.com,http://www.jpost.com/servlet/Satellite?cid=1251145132337&pagename=JPost%2FJPArticle%2FShowFull
2009-08-27,16:26:39,9el9m,5,"American songwriter Ellie Greenwich, who penned River Deep, Mountain High and other hits, has died, aged 68.",news.bbc.co.uk,http://news.bbc.co.uk/go/rss/-/2/hi/entertainment/8223654.stm
2009-08-27,16:58:52,9elj2,3,Iran's supreme leader says he has seen no proof that opposition leaders blamed for the post-election unrest were agents of foreign powers,news.bbc.co.uk,http://news.bbc.co.uk/2/hi/middle_east/8223606.stm
2009-08-28,03:50:13,9es2o,5,"China has criticised an invitation from Taiwan to the Dalai Lama, calling him a separatist who wants to sabotage improving cross-strait relations.",news.bbc.co.uk,http://news.bbc.co.uk/2/hi/asia-pacific/8224831.stm
2009-08-27,19:18:57,9eml2,4,"Black Hair, Still Tangled in Politics ",nytimes.com,http://www.nytimes.com/2009/08/27/fashion/27SKIN.html?_r=1&adxnnl=1&ref=style&adxnnlx=1251363609-zTjyegzxHBmhbgzXIDV79A
2009-08-27,09:14:56,9ehw0,2,Netanyahu states that Israeli ethnic cleansing/settlements must continue.,timesonline.co.uk,http://www.timesonline.co.uk/tol/news/world/middle_east/article6809857.ece
2009-08-28,04:27:37,9esgv,2,India's population to rise to 1.53 Billion by 2050,siliconindia.com,http://www.siliconindia.com/shownews/Indias_population_to_rise_to_153_Billion_by_2050-nid-59668.html/1/2
2009-08-27,08:00:25,9ehbv,2,Honduras: Al Giordano -- `The real story is that people are organising creatively to topple the coup',links.org.au,http://links.org.au/node/1219
2009-08-28,00:18:23,9epgl,0,"""Netanyahu’s peace is a cynical evasion""",ft.com,http://www.ft.com/cms/s/0/7f7b1c42-91a3-11de-879d-00144feabdc0.html?
2009-08-27,17:35:09,9elrz,0,Crime writer Dominick Dunne dies at 83,cnn.com,http://www.cnn.com/2009/CRIME/08/26/dominick.dunne.obit/index.html
2009-08-28,02:59:04,9erhl,0,Retired atomic scientist says India needs to carry out more tests to ensure a credible nuclear deterrent,news.bbc.co.uk,http://news.bbc.co.uk/2/hi/south_asia/8225540.stm
2009-08-28,05:25:57,9et2s,0,"Why there won't be peace, unless Palestinians recognize Israel as a Jewish state.",blogs.law.harvard.edu,http://blogs.law.harvard.edu/mesh/2009/08/palestinian-recognition-of-the-jewish-state/
2009-08-28,01:01:23,9eq14,0,U.N. Report Advocates Teaching Masturbation to 5-Year-Olds - United Nations - FOXNews.com,foxnews.com,"http://www.foxnews.com/story/0,2933,543203,00.html"
2009-08-27,09:33:58,9ei0g,0,Mass immigration of Muslims: the most radical change in European history,blogs.telegraph.co.uk,http://blogs.telegraph.co.uk/news/edwest/100007334/muslim-immigration-the-most-radical-change-in-european-history/
