2009-06-06,23:42:53,8qbgt,351,Philippines capture MILF base,news.bbc.co.uk,http://news.bbc.co.uk/2/hi/asia-pacific/8087156.stm
2009-06-06,00:21:17,8q355,259,"The youngest girl I ever came across was a day-old baby who was raped,""",cnn.com,http://www.cnn.com/2009/LIVING/06/04/cnnheroes.betty.makoni/index.html?eref=rss_topstories
2009-06-06,09:41:34,8q77o,252,"General Eisenhower's Message to the Troops just before D-Day - 65 Years ago America, along with our trusty allies the Brits and Canucks, led one of the greatest Invasions the World has ever seen.  June 6th is my Memorial Day.",army.mil,http://www.army.mil/d-day/message.html
2009-06-06,09:58:40,8q7au,59,At least 31 people have died in clashes in Peru between the security forces and indigenous people in the Amazon region,news.bbc.co.uk,http://news.bbc.co.uk/2/hi/americas/8086595.stm
2009-06-06,09:59:07,8q7aw,35,"Peruvian government committed massacre with the murder of at least 20 indigenous where 2,000 have been blockading the highway to protest",globalvoicesonline.org,http://globalvoicesonline.org/2009/06/05/peru-clashes-break-out-in-the-amazon-region/
2009-06-07,00:31:40,8qbql,26,"“The sexual violence in Congo is the worst in the world.. the sheer numbers, the wholesale brutality, the culture of impunity — it’s appalling.”",nytimes.com,http://www.nytimes.com/2007/10/07/world/africa/07congo.html
2009-06-07,02:19:50,8qcdn,14,"China’s rare earth monopoly threatens global suppliers, rival producers claim",ft.com,"http://www.ft.com/cms/s/2/75fe65ce-4c4e-11de-a6c5-00144feabdc0,dwp_uuid=e8477cc4-c820-11db-b0dc-000b5df10621.html"
2009-06-06,09:56:33,8q7ab,10,Cuban spy caught -- he'd been giving up secrets for 30 years!,thehegemonist.com,http://thehegemonist.com/2009/06/weve-been-had-a-state-department-spy.html
2009-06-06,13:51:41,8q8h0,9,Documents Offer New Revelations of Israeli Nuclear Weapons Program,pubrecord.org,http://www.pubrecord.org/nationworld/933-documents-offer-new-revelations-of-israeli-nuclear-weapons-program.html
2009-06-06,16:56:21,8q9f6,8,"French Nuclear Sub and Mini-Sub ""Nautile"" that found the Titanic sent to look for Air France 447 as no traces of the plane have been seen",blastmagazine.com,http://blastmagazine.com/the-news/world-news/2009/06/debris-found-not-from-air-france-447-officials-say/
2009-06-06,20:13:44,8qacx,11,"The United Nations terrorist list, which includes a Canadian who the government won't let back into the country, is not 100 per cent reliable, a UN official says.",cbc.ca,http://www.cbc.ca/world/story/2009/06/05/terror-list.html
2009-06-07,03:44:35,8qcw9,7,Today marks the 42nd anniversary of the occupation of the West Bank.,ynetnews.com,"http://www.ynetnews.com/articles/0,7340,L-3727078,00.html"
2009-06-06,17:00:24,8q9g2,8,"British Cabinet Reshuffle as Another Minister Resigns accusing PM Brown of running a ""two-tier"" government and treating her and other women ministers as ""little more than female window dressing""",telegraph.co.uk,http://www.telegraph.co.uk/news/newstopics/politics/5455403/Cabinet-reshuffle-was-anything-but-calm.html
2009-06-06,23:06:44,8qb97,7,German radio is reporting that the Great Anglo-American invasion has begun. We are denying these reports as German propaganda. Nonetheless here is what they say. (Archival Audio),archive.org,http://www.archive.org/details/Complete_Broadcast_Day_D-Day
2009-06-07,07:12:14,8qdyq,8,The shot that changed Germany,news.bbc.co.uk,http://news.bbc.co.uk/2/hi/europe/8085399.stm
2009-06-07,05:44:12,8qdir,5,Pakistan - One Ahmadi trader killed while another escapes from attempted beheading by fundamentalists,ahrchk.net,http://www.ahrchk.net/statements/mainfile.php/2009statements/2074/
2009-06-06,16:17:08,8q98o,5,"At least 29 children have been killed in a fire that swept through a state-run daycare centre in north-western Mexico, officials say",news.bbc.co.uk,http://news.bbc.co.uk/1/hi/world/americas/8086690.stm
2009-06-07,00:02:59,8qbkk,5,S.Korea says no compromise against North's threats,reuters.com,http://www.reuters.com/article/latestCrisis/idUSSEO194496
2009-06-06,14:14:06,8q8km,1,Brown waits on reshuffle response,news.bbc.co.uk,http://news.bbc.co.uk/1/hi/uk_politics/8086717.stm
2009-06-06,11:24:51,8q7pd,4,The Icesave contract to be signed tonight - Icelandic news in English,newsfrettir.com,http://www.newsfrettir.com/economy-a-finance/national-finance/841-the-icesave-contract-to-be-signed-tonight
2009-06-06,13:49:42,8q8gl,4,This is what defeat looks like,vpcyn.wordpress.com,http://vpcyn.wordpress.com/2009/06/06/this-is-what-defeat-looks-like
2009-06-07,07:06:41,8qdxs,3,North Korea pledges to retaliate against South Korea for joining PSI,english.yonhapnews.co.kr,http://english.yonhapnews.co.kr/news/2009/06/06/0200000000AEN20090606001900320.HTML
2009-06-06,17:16:28,8q9j1,3,Ambush kills aides to pro-Taliban Pakistani cleric,google.com,http://www.google.com/hostednews/ap/article/ALeqM5hkiMxbHNH0BqgpWA2ZG6VD6wVTmAD98L1RN80
2009-06-07,00:54:06,8qbve,2,Peruvian police captives killed,news.bbc.co.uk,http://news.bbc.co.uk/2/hi/americas/8087241.stm
2009-06-07,02:16:29,8qccw,1,Bodies Found From Air France Flight 447,foxnews.com,"http://www.foxnews.com/story/0,2933,525297,00.html"
2009-06-06,08:53:31,8q6yy,2,At least 30 killed in Amazon protest ,msnbc.msn.com,http://www.msnbc.msn.com/id/31130571/
2009-06-07,05:28:02,8qdfu,2,Rescuers search for dozens missing in China landslide,terradaily.com,http://www.terradaily.com/reports/Rescuers_search_for_dozens_missing_in_China_landslide_999.html
2009-06-07,03:44:34,8qcw8,2,Search (and Destroy) Engines,hplusmagazine.com,http://hplusmagazine.com/articles/politics/search-and-destroy-engines
2009-06-07,05:15:48,8qde4,0,The New-Old Middle East remains the same after Obama's speech: Arab journalists refuse to sit with a Jewish jouranlist  for Obama interview,israelmatzav.blogspot.com,http://israelmatzav.blogspot.com/2009/06/arab-journalists-refuse-to-sit-with-jew.html
2009-06-07,05:20:46,8qdf0,0,Big Brother Davina McCall Interview Big Brother has started but what does she think of Big Brother,in2town.co.uk,http://www.in2town.co.uk/Celebrity-Interviews-and-Gossip/DAVINA-McCALL-INTERVIEW-I-am-not-Pregnant-Honest/menu-id-4780
