2009-05-16,23:28:08,8kww2,244,Congress wins Indian elections: Dr.Manmohan Singh first Primeminister to retun to office after a full term since Jawaharlal Nehru,deccanherald.com,http://www.deccanherald.com/content/2817/manmohan-first-full-term-pm.html
2009-05-16,23:56:47,8kx28,168,Moscow police violently break up gay pride rally ,news.yahoo.com,http://news.yahoo.com/s/ap/20090516/ap_on_re_eu/eu_russia_gay_rights
2009-05-17,02:08:42,8kxtu,143,"Landmark study finds that Israel ""has become a colonial enterprise which implements a system of apartheid”",philipweiss.org,http://www.philipweiss.org/mondoweiss/2009/05/landmark-study-finds-israeli-control-in-occupied-territories-a-breach-of-the-prohibition-of-aparthei.html
2009-05-17,02:59:25,8ky4b,43,Hong Kong 'acid attack' hurts 30,news.bbc.co.uk,http://news.bbc.co.uk/1/hi/world/asia-pacific/8053645.stm
2009-05-17,04:22:19,8kymq,38,Phony cops break 59 drug gang members from Mexico prison,eideard.wordpress.com,http://eideard.wordpress.com/2009/05/16/phony-cops-break-59-drug-gang-members-from-mexico-prison/
2009-05-17,03:43:57,8kyf6,32,Sri Lanka army declares victory in civil war over Tamil Tiger rebels,dailymail.co.uk,http://www.dailymail.co.uk/news/worldnews/article-1183385/Sri-Lanka-army-declares-victory-civil-war-Tamil-Tiger-rebels.html
2009-05-17,04:17:03,8kyll,25,Spectre of Mass Suicide as Tamil Tigers Face Final Battle,time.com,"http://www.time.com/time/world/article/0,8599,1899085,00.html"
2009-05-16,08:04:02,8kuuw,17,"Some pornstar named Laura Perego was in Rome or is from Rome and decided to get political, so she hit up the Embassy of Afghanistan, got naked and protested the whole law allowing men to rape their wives",ncblogs.info,http://ncblogs.info/2009/05/some-pornstar-protests-nude-of-the-day/
2009-05-16,09:07:48,8kv5h,15,Venezuela seizes US pasta company,news.bbc.co.uk,http://news.bbc.co.uk/2/hi/americas/8053006.stm
2009-05-17,02:17:00,8kxvm,14,Gay protest broken up in Moscow,news.bbc.co.uk,http://news.bbc.co.uk/1/hi/world/europe/8053181.stm
2009-05-16,10:07:57,8kvh6,12,"Rabbi asked Pope to remove or at least cover his cross when visiting the Western Wall, and other Jewish Israeli attitudes towards Christians",latimesblogs.latimes.com,http://latimesblogs.latimes.com/babylonbeyond/2009/05/israel-survey-of-jewish-israelis-atittitudes-towards-christians.html
2009-05-17,04:28:01,8kynv,10,Sri Lankan troops closed in for what they said would be the last hours of their 25-year war ,telegraph.co.uk,http://www.telegraph.co.uk/news/worldnews/asia/srilanka/5335734/Sri-Lanka-declares-victory-as-troops-close-in-on-Tamil-Tigers.html
2009-05-16,11:58:50,8kw0c,6,RAND Report Highlights Jihadism in European Prisons.....The UK being the worst......,europenews.dk,http://europenews.dk/en/node/23109
2009-05-16,12:54:53,8kwb6,7,Ready to Inhale: France Legalizes Poppers,carnalnation.com,http://carnalnation.com/content/6402/4/ready-inhale-france-legalizes-poppers
2009-05-17,00:05:38,8kx3u,4,49% of Americans believe that if Israel attacks Iran then the US should help Israel,guardian.co.uk,http://www.guardian.co.uk/commentisfree/cifamerica/2009/may/13/aipac-iran-us-obama
2009-05-17,03:26:59,8kyap,7,Intel Could Face Civil Charges in Europe,pcworld.com,http://www.pcworld.com/article/165026/intel_could_face_civil_charges_in_europe.html
2009-05-16,11:39:15,8kvx3,5,China's first sex park stirs up controversy,guardian.co.uk,http://www.guardian.co.uk/world/2009/may/15/china-sex-theme-park-love-land
2009-05-17,07:14:39,8kzg2,5,Fears of mass suicide as Tamil Tigers face final defeat,timesonline.co.uk,http://www.timesonline.co.uk/tol/news/world/asia/article6301821.ece
2009-05-17,02:38:05,8ky0o,0,Russian police violently break up mosscow gay rights march,blog.joemirabella.com,http://blog.joemirabella.com/2009/05/16/police-violently-break-up-moscow-gay-march/
2009-05-17,06:41:34,8kzb3,0,"Eurovision, Russia-style",globalpost.com,http://www.globalpost.com/dispatch/russia-and-its-neighbors/090516/eurovision-russia-style
2009-05-16,09:08:58,8kv5r,1,"""...where I spent most of my days / Chilling out, maxing, relaxing all cool...""",nytimes.com,http://www.nytimes.com/2009/05/13/business/global/13ship.html?partner=MYWAY&ei=5065
2009-05-17,03:23:37,8ky9q,0,"Congo Violence: Déjà Vu All Over Again? What has not been reported consistently is the continuing fear that the bloodshed and displacement of 1.2 million plus another 350,000 this year will continue.",laprogressive.com,http://www.laprogressive.com/2009/05/16/congo-violence-deja-vu-all-over-again/
2009-05-16,11:23:17,8kvu2,0,Twitter message leads to arrest after 'financial panic' in Guatemala ,technology.timesonline.co.uk,http://technology.timesonline.co.uk/tol/news/tech_and_web/article6296438.ece#cid=OTC-RSS&attr=797093
2009-05-16,09:35:13,8kvb1,0,Video: What's behind the latest NATO / USA aggression in the Caucasus?,youtube.com,http://www.youtube.com/watch?v=uZyiUYgw3BU
2009-05-17,02:06:10,8kxtf,0,EU's far-right are gearing up for facist grouping in the European parliament,telegraph.co.uk,http://www.telegraph.co.uk/news/worldnews/europe/eu/5329638/BNP-could-be-at-heart-of-far-right-EU-group.html
2009-05-16,08:55:29,8kv3f,0,YouTube Video Sends Guatemala Into Crisis,time.com,"http://www.time.com/time/world/article/0,8599,1898360,00.html"
2009-05-16,12:19:09,8kw4m,0,So you think the war on terror has been inconvenient for YOU?,pbs.org,http://www.pbs.org/newshour/indepth_coverage/asia/pakistan/slideshow_refugees/index.html?type=flash
2009-05-16,12:15:53,8kw3r,1,Christian Teacher Kidnapped in Kirkuk...,asianews.it,http://www.asianews.it/index.php?l=en&art=15249&size=A
2009-05-17,00:24:28,8kx7v,3, Marching to defend jobs,pww.org,http://pww.org/article/articleview/15659/
2009-05-16,08:21:09,8kuxw,0,US soldier fights Taliban wearing pink shorts,telegraph.co.uk,http://www.telegraph.co.uk/news/worldnews/asia/afghanistan/5331997/US-soldier-fights-Taliban-wearing-pink-shorts.html
