2009-05-07,22:52:56,8ilwq,460,"The ""Most Moral Army in the World (TM)"" shoots peaceful protestor point blank on camera... and they still say the IDF does not intentionally target civilians",botlbrush.com,http://botlbrush.com/blog/?p=611?reddit
2009-05-08,06:42:34,8iq93,145,"Web designer opposes France's ""3 strikes"" law, loses job",arstechnica.com,http://arstechnica.com/tech-policy/news/2009/05/web-designer-opposes-frances-3-strikes-law-loses-job.ars
2009-05-07,23:11:02,8im2k,125,Reward for not shooting rockets: Settlement expansions in westbank seeing biggest boost since 2003. ,haaretz.com,http://www.haaretz.com/hasen/spages/1083667.html
2009-05-07,19:16:09,8ike8,101,EU lawmakers vote to introduce net neutrality.,news.zdnet.com,http://news.zdnet.com/2424-9595_22-299414.html
2009-05-07,11:46:00,8ihli,68,"Canada's Olympic uniforms to be made of seal skin ... Plans to use Vancouver Winter Games to ""promote seal products""",vancouversun.com,http://www.vancouversun.com/Business/Seal+skin+Olympic+uniforms/1570380/story.html
2009-05-08,02:18:02,8inwn,56,Germany to outlaw paintball and lasertag games,spiegel.de,"http://www.spiegel.de/international/germany/0,1518,623518,00.html"
2009-05-07,10:01:13,8igz6,30,DNA profiles of innocent to be kept for 12 years despite European ruling  (UK),telegraph.co.uk,http://www.telegraph.co.uk/news/newstopics/politics/lawandorder/5287450/DNA-profiles-of-innocent-to-be-kept-for-12-years-despite-European-ruling.html
2009-05-08,00:19:48,8imq0,24,"EU kills ""3-strikes"" Internet rule, affirms Internet is a fundamental right",boingboing.net,http://www.boingboing.net/2009/05/07/eu-kills-3-strikes-i.html
2009-05-08,00:51:55,8in0l,18,"Evil megalomaniac Rupert Murdoch will try his hardest to destroy the internet. ""The current days of the Internet will soon be over""",cnn.com,http://www.cnn.com/2009/BUSINESS/05/07/murdoch.web.content/index.html
2009-05-08,06:35:01,8iq6w,12,Mystery of Brit soldiers on Auschwitz list,mixmysalad.blogspot.com,http://mixmysalad.blogspot.com/2009/05/mystery-of-brit-soldiers-on-auschwitz.html
2009-05-07,08:18:35,8igc9,9,'Troops and rebels clash' in Chad,news.bbc.co.uk,http://news.bbc.co.uk/1/hi/world/africa/8037127.stm
2009-05-07,11:40:51,8ihkb,7,Foreign journalists trying to conduct interviews in the Sichuan earthquake zone in western China are being attacked and detained ,ft.com,http://www.ft.com/cms/s/0/22219b1e-3a5c-11de-8a2d-00144feabdc0.html?ftcamp=rss
2009-05-07,23:52:25,8img8,5,Loss of nuclear monopoly - an Israeli nightmare,theglobalempire.blogspot.com,http://theglobalempire.blogspot.com/2009/05/loss-of-nuclear-monopoly-israeli.html
2009-05-07,12:40:09,8ihxf,5,"Canada solves Swine Flu - ""This is a world first and a real validation of Canada's scientific excellence,"" says Federal Health Minister. Finally, Canada!",canada.com,http://www.canada.com/Health/Canadian+completes+sequencing+virus/1569084/story.html
2009-05-08,03:03:58,8iods,6,"Pakistan's PM says he has ordered the army to ""eliminate militants and terrorists"", apparently referring to operations against the Taleban",news.bbc.co.uk,http://news.bbc.co.uk/2/hi/south_asia/8038975.stm
2009-05-08,06:39:15,8iq88,3,The Italian navy has transferred more than 200 migrants picked up in waters off the island of Malta to Tripoli under a new agreement with Libya.,news.bbc.co.uk,http://news.bbc.co.uk/2/hi/europe/8037803.stm
2009-05-07,23:24:35,8im6k,5,How pissed would you be if you were shot while protesting air strikes that killed up to 100 civilians?,alertnet.org,http://alertnet.org/thenews/newsdesk/ISL441137.htm
2009-05-07,11:05:31,8ihbs,3,"'We have never seen so many hungry people in the world', warns U.N. chief",dailymail.co.uk,http://www.dailymail.co.uk/news/worldnews/article-1178181/We-seen-hungry-people-world-warns-U-N-chief.html
2009-05-08,03:27:45,8iols,4,"Bolivia’s Chacaltaya Glacier, once known as the world’s highest ski run at 17,388 feet, has completely melted away",ecoworldly.com,http://ecoworldly.com/2009/05/07/worlds-highest-ski-run-melted-away/
2009-05-07,23:09:42,8im25,5,Rupert Murdoch thinks the future of news websites lies in paid subscriptions,guardian.co.uk,http://www.guardian.co.uk/media/2009/may/07/rupert-murdoch-charging-websites
2009-05-07,16:16:54,8ijal,3,Nato war exercises begin in Georgia amid heightened tension between Moscow and Tbilisi.,english.aljazeera.net,http://english.aljazeera.net/news/europe/2009/05/200956115910186804.html
2009-05-08,03:21:14,8iojs,5,"Canadian, Belgian astronauts pass final tests for ISS mission",mixmysalad.blogspot.com,http://mixmysalad.blogspot.com/2009/05/canadian-belgian-astronauts-pass-final.html
2009-05-07,18:09:17,8ijz7,2,York Regional Police Chief Armand La Barge urges crown to drop charges in Korean Kid school fight: police were too hasty in laying the charge.,thestar.com,http://www.thestar.com/News/Ontario/article/629926
2009-05-08,02:34:16,8io2i,3,Austria quits CERN,monstersandcritics.com,http://www.monstersandcritics.com/science/news/article_1475672.php/Austria_quits_CERN_research_projects
2009-05-08,03:42:22,8ioqq,1,Why are foreigners dying at one of Thailand's most famous beaches?,trueslant.com,http://trueslant.com/jeffkoyen/2009/05/07/thai-authorities-struggle-to-explain-mysterious-deaths/
2009-05-07,19:45:49,8ikkb,3,UN has accused apartheid Israel of strangling development of the Bethlehem region in the occupied West Bank. ,news.bbc.co.uk,http://news.bbc.co.uk/2/hi/middle_east/8037467.stm
2009-05-08,04:02:22,8iox8,2,New Study on Decriminalization of Drugs in Portugal,time.com,"http://www.time.com/time/health/article/0,8599,1893946,00.html"
2009-05-08,06:39:55,8iq8g,3,Couple Gets Turned Away At Prom For Marijuana Odor,cbs2chicago.com,http://cbs2chicago.com/watercooler/prom.couple.marijuana.2.1003778.html
2009-05-08,02:32:01,8io1r,2,Sudan to allow approved foreign aid,mixmysalad.blogspot.com,http://mixmysalad.blogspot.com/2009/05/sudan-to-allow-approved-foreign-aid.html
2009-05-07,17:15:18,8ijne,0,How do you get £174 for ONE MINUTES work?,thesun.co.uk,http://www.thesun.co.uk/sol/homepage/news/columnists/kelvin_mackenzie/article2416011.ece
