2009-12-04,04:25:04,aat5y,213,"One of the saddest days in Canadian history - ""The Senate Committee studying C-15, a bill that would bring mandatory minimum prison sentences for marijuana to Canada, has given its approval with minor amendments.""",cannabisculture.com,http://www.cannabisculture.com/v2/content/canadian-senate-passes-bill-c-15
2009-12-03,20:03:45,aanbs,62,"Israel’s army is recruiting soldiers for a new unit that is waging a virtual public relations battle on Facebook, YouTube and Twitter",bloomberg.com,http://www.bloomberg.com/apps/news?pid=20601116&sid=a.cgBZL1nWhs
2009-12-04,05:19:44,aatrm,45,Hamas to introduce death penalty in Gaza for drugs,haaretz.com,http://www.haaretz.com/hasen/spages/1132487.html
2009-12-03,22:53:49,aap2w,43,Swiss leader calls for Jewish cemetery ban after ban on Muslim minarets,jta.org,http://jta.org/news/article/2009/12/03/1009507/swiss-leader-calls-for-jewish-cemetery-ban
2009-12-04,00:13:39,aaq5k,43,"It was the deadliest industrial accident in history. On Dec. 3, 1984, clouds of poisonous gas leaked from a pesticide factory in Bhopal, India, and were carried on the breeze to nearby slums, killing 4,000 people in one day. Over the next few years, countless more died.",csmonitor.com,http://www.csmonitor.com/2009/1203/p06s04-wosc.html
2009-12-03,18:30:30,aamj6,38,Mandelson declares war on Rupert Murdoch's media empire,guardian.co.uk,http://www.guardian.co.uk/media/2009/dec/02/peter-mandelson-rupert-murdoch-war
2009-12-03,15:58:57,aalai,29,"WTF!? UK police questioning photographers for taking innocent pictures of tourist destinations, landmarks and even a fish and chip shop",independent.co.uk,http://www.independent.co.uk/news/uk/home-news/warning-do-not-take-this-picture-1833127.html
2009-12-03,03:36:30,aadxq,26,"Rape victim, age 13, stoned to death for having sex
I could not have picked a more horrifying, tragic example to prove the point of my last three blogs (part 1, part 2, conclusion). WARNING: The details that follow are very disturbing.",religionvirus.blogspot.com,http://religionvirus.blogspot.com/2008/11/rape-victim-age-13-stoned-to-death-for.html
2009-12-03,13:54:22,aak2r,17,FIFA to make changes after Thierry Henry handball,en.wikinews.org,http://en.wikinews.org/wiki/FIFA_to_make_changes_after_Thierry_Henry_handball
2009-12-03,23:22:43,aapgm,14,Reform movement for English libel law gathers momentum,newscientist.com,http://www.newscientist.com/blogs/thesword/2009/12/reform-movement-for-english-li.html
2009-12-03,09:45:40,aahmy,9,Denmark rife with CO2 fraud ,cphpost.dk,http://www.cphpost.dk/news/national/88-national/47643-denmark-rife-with-co2-fraud.html
2009-12-03,08:56:03,aah81,10,"The World Bank has agreed to loan India $1bn (£600m) over the next five years to clean up the Ganges, one of the most polluted rivers in the world",news.bbc.co.uk,http://news.bbc.co.uk/2/hi/south_asia/8392118.stm
2009-12-03,21:07:38,aanwi,9,Spate of Maid Suicides Sheds Light on Abuse (Lebanon)...,cnn.com,http://www.cnn.com/2009/WORLD/meast/12/02/lebanon.suicides/index.html
2009-12-03,18:57:56,aamqs,8,Deadly bus explosion in Syria has hit a crowded bus carrying Iranian pilgrims,news.bbc.co.uk,http://news.bbc.co.uk/2/hi/middle_east/8392369.stm
2009-12-03,20:00:50,aanas,7,Iranian arms merchant says 'war is coming',philly.com,http://www.philly.com/inquirer/front_page/20091203_Iranian_arms_merchant_says__war_is_coming_.html
2009-12-03,15:03:54,aakrs,8,"Honduras: `The election was a farce, new regime will not be recognised' -- National Resistance Front",links.org.au,http://links.org.au/node/1382
2009-12-03,12:18:48,aaj3s,5,"Honduras' Congress overwhelmingly voted against reinstating President Manuel Zelaya, shrugging off international pressure four months after a coup that has isolated one of the poorest countries in the Americas",mail.com,http://www.mail.com/Article.aspx/world/latinamerica/APNews/LatinAmerica/20091203/U_LT-Honduras-Coup?pageid=1
2009-12-03,11:59:37,aaiw4,5,"""Musk lake"" is a sarcastic name for the sewerage bit that flooded recently killing 100 person in the second largest Saudi city that has no drainage network although Saudi reaped 2 trillion dollars from oil ",arabnews.com,http://www.arabnews.com/?page=1&section=0&article=128990&d=1&m=12&y=2009
2009-12-03,10:00:16,aahr9,7,Apartheid in Israel: Arabs cannot reside in Jerusalem despite the Arab identity of the city,news.bbc.co.uk,http://news.bbc.co.uk/2/hi/middle_east/8390717.stm
2009-12-03,23:57:02,aapwn,5,"Iran's state television will ban makeup for women, ""abnormal"" music and unruly children, an Iranian newspaper reported",washingtonpost.com,http://www.washingtonpost.com/wp-dyn/content/article/2009/12/02/AR2009120201828.html
2009-12-03,18:08:58,aamcm,5,"Police forces that ""name and shame"" criminals must remove the details from their websites after a month: new rules on data protection and human rights",news.bbc.co.uk,http://news.bbc.co.uk/2/hi/uk_news/8392012.stm
2009-12-03,20:20:29,aanh0,5,"Mongolia to introduce national, unconditional basic income for all citizens",liberalconspiracy.org,http://www.liberalconspiracy.org/2009/12/03/mongolia-to-introduce-national-basic-income/#comment-88331
2009-12-03,19:53:07,aan8j,5,"An explosion at a graduation ceremony in the Somali capital killed at least 15 people, including three government ministers and nine students",edition.cnn.com,http://edition.cnn.com/2009/WORLD/africa/12/03/somalia.attacks/
2009-12-04,02:04:47,aarm8,2,Colombia escalates conflict with Venezuela and Ecuador: Cuts power supplies,businessweek.com,http://www.businessweek.com/ap/financialnews/D9CBV6NO0.htm
2009-12-03,21:32:15,aao6c,6,"What Afghanistan has in common with both Vietnam and Iraq is its long history of resistance to foreign occupation. It is the “roach motel” of empires. They check in, but they don’t check out. They get lured into battle, and then get bogged down in a quagmire they cannot win",counterpunch.org,http://www.counterpunch.org/grossman12022009.html
2009-12-03,23:53:28,aapuf,5,A UN report that's expected to be published in two weeks claims that that Nevada-based company's purchase of minerals looted from eastern Congo is helping to finance a decade-long war that has claimed the lives of millions of civilians,globalpost.com,http://www.globalpost.com/dispatch/diplomacy/091202/us-company-fuels-congo-war-un-report
2009-12-04,01:29:10,aar54,4,US 'did not believe Britain would refuse to send forces to Iraq',guardian.co.uk,http://www.guardian.co.uk/uk/2009/dec/03/iraq-inquiry-us-britain
2009-12-04,04:18:10,aat2m,5,Top 10 discoveries of 2009,news.nationalgeographic.com,http://news.nationalgeographic.com/news/2009/12/091202-top-ten-discoveries-2009-year-science-news.html
2009-12-03,21:25:28,aao3v,3,Kashmir: Thousands of Bodies Discovered in Unmarked Graves,nytimes.com,http://www.nytimes.com/2009/12/03/world/asia/03briefs-Indiabrf.html?_r=1&ref=world
2009-12-04,04:05:52,aasz1,3,Male suicide bomber dressed as a woman attacks a graduation ceremony killing 22.,google.com,http://www.google.com/hostednews/ap/article/ALeqM5g7OaI4_kjeHA-o4UhlmP7vlWmrrwD9CC11KG0
