2009-01-09,00:06:03,7oaos,705,Vatican: Gaza is a giant concentration camp,digitaljournal.mobi,http://www.digitaljournal.mobi/article/264758
2009-01-09,21:22:03,7oipt,538,Israel shelled Gaza house crowded with civilians: witnesses,google.com,http://www.google.com/hostednews/afp/article/ALeqM5ghh3i-gp2cb36Mu7jxu6-xfBtnHw
2009-01-09,21:47:03,7oivb,381,"Red Cross: Israel breaking international law, letting children starve in Gaza",worldproutassembly.org,http://www.worldproutassembly.org/archives/2009/01/red_cross_israe.html
2009-01-09,19:13:40,7ohyw,298,"Israeli army ordered 70 persons of extended family to gather in one building. The next morning the same army bombed the building, Killing and injuring dozens.",btselem.org,http://www.btselem.org/english/Testimonies/20090108_Soldiers_kill_and_wound_members_of_a_Samuni_family.asp
2009-01-09,20:42:34,7oihm,272,Israel Faces Mounting Outcry on Gaza War - NYTimes.com,nytimes.com,http://www.nytimes.com/2009/01/09/world/middleeast/09mideast.html
2009-01-09,17:12:23,7ohdb,183,"Israel bombs a shelter, kills 30 civilians",news.bbc.co.uk,http://news.bbc.co.uk/1/hi/world/middle_east/7819492.stm
2009-01-09,21:24:52,7oiq9,140,Israel accused of delaying medical access to injured,guardian.co.uk,http://www.guardian.co.uk/world/2009/jan/09/gaza-israel-medics
2009-01-09,21:21:37,7oipp,110,Israel to continue offensive despite UN resolution ,google.com,http://www.google.com/hostednews/ap/article/ALeqM5ioi_0jtO9RjMwPNRoXNCndRPRq3gD95JJSDO0
2009-01-10,01:38:01,7okue,74,The Army's Newest Recruitment Technique is aimed directly at gamers. ,youtube.com,http://www.youtube.com/watch?v=y456Ix7t3Tg&feature=channel_page
2009-01-09,23:10:30,7ojix,69,"Atheist Bus Campaign is 'offensive', say 50 complainants",guardian.co.uk,http://www.guardian.co.uk/media/2009/jan/09/atheist-bus-campaign-asa
2009-01-09,17:10:18,7ohcy,68,"""The IDF is investigating"": just another way Israel says 'fuck you' to humanity",google.com,http://www.google.com/search?hl=en&q=%22idf+is+investigating%22
2009-01-09,22:13:02,7oj1s,45,Few speak up for Palestinians in U.S. Congress,reuters.com,http://www.reuters.com/article/vcCandidateFeed2/idUSN08201336
2009-01-10,03:09:39,7olq3,49,Early Globes 'winner' was a mistake ,upi.com,http://www.upi.com/Entertainment_News/2009/01/09/Early_Globes_winner_was_a_mistake/UPI-91811231514443/
2009-01-09,22:52:04,7ojda,36,Israel keeps tight leash on media,latimes.com,"http://www.latimes.com/news/nationworld/world/la-fg-israel-pr9-2009jan09,0,442824.story"
2009-01-09,22:59:57,7ojfo,39,Relief workers found starving children next to corpses in a neighbourhood of Gaza City which Israel had denied them access to for days,news.antiwar.com,http://news.antiwar.com/2009/01/08/red-cross-israeli-behavior-in-gaza-shocking/
2009-01-10,05:48:08,7omze,39,And why the problem in the Middle East will never get solved: US congress votes to back Israel: 390 to 5,english.aljazeera.net,http://english.aljazeera.net/news/americas/2009/01/20091920212870205.html
2009-01-09,21:13:05,7oinp,36,"Israel shelled Gaza Palestinians after evacuating them, UN says",guardian.co.uk,http://www.guardian.co.uk/world/2009/jan/09/gaza-palestinians-israel-evacuees-zeitoun
2009-01-10,01:51:39,7okzh,35,"Gaza: Palestinian journalist, his wife and mother-in-law killed by Israeli artillery",imemc.org,http://www.imemc.org/article/58368
2009-01-10,01:54:58,7ol0w,31,Emergency workers said they rescued 100 more trapped survivors Thursday and found 40 - 50 corpses in a devastated residential block south of Gaza that the IDF had kept off-limits to the RC for 4 days,washingtonpost.com,http://www.washingtonpost.com/wp-dyn/content/article/2009/01/08/AR2009010804118_pf.html
2009-01-09,19:49:17,7oi5v,32,Israeli attacks are rallying Palestinians to Hamas,independent.co.uk,http://www.independent.co.uk/news/world/middle-east/the-west-bank-were-all-hamas-now--supporters-of-fatah-unite-behind-enemy-1242606.html
2009-01-10,05:44:51,7omyg,15,"The penalty for underfeeding thousands for years to make a $200K profit? One day in jail and a pledge to ""do better.""   ",cnn.com,http://www.cnn.com/2009/CRIME/01/09/alabama.sheriff.jailed/index.html
2009-01-09,14:24:55,7ogl3,17,I Am Opposed to Violence by Jewish Fundamentalists OR by Islamic Fundamentalists OR by Christian Fundamentalists OR Hindu Fundamentalists,self.worldnews,https://www.reddit.com/r/worldnews/comments/7ogl3/i_am_opposed_to_violence_by_jewish/
2009-01-09,15:47:32,7ogzd,14,"Large portion of Washington State underwater, buried by avalanches, or washed away by mudslides.   Thousands told to evacuate.",seattlepi.nwsource.com,http://seattlepi.nwsource.com/local/395249_storm09.html?source=rss
2009-01-09,12:18:34,7ofue,17,Hamas has failed – it is time they stepped down - The National Newspaper (Abu Dhabi),thenational.ae,http://www.thenational.ae/article/20090104/OPINION/361845413/1080
2009-01-09,20:15:11,7oibo,9,"10 to 1 reprisal killings. During WWII. And people are still angry about it. And now, in retaliation for 15 rocket attacks in 8 years, Israel has decided to massacre an entire civilian population.",cannonfire.blogspot.com,http://cannonfire.blogspot.com/2009/01/this-is-what-is-happening.html
2009-01-09,13:48:41,7ogcw,11,The Monstorous Hamas Rockets ,kabobfest.com,http://www.kabobfest.com/2009/01/monstorous-hamas-rockets.html
2009-01-10,02:47:41,7oliu,12,"Joseph Smith, founder of Mormonism, used the occult practice called “money digging” and was  found guilty of committing a “vagrant act” that would today simply be called fraud ",irr.org,http://www.irr.org/mit/masonry.html
2009-01-09,13:01:00,7og35,11,100 Survivors Rescued in Gaza from Ruins Blocked by Israelis,washingtonpost.com,http://www.washingtonpost.com/wp-dyn/content/article/2009/01/08/AR2009010804118.html?wprss=rss_world%2Fmideast
2009-01-10,00:10:03,7ok1d,12,What You Don’t Know About Gaza,nytimes.com,http://www.nytimes.com/2009/01/08/opinion/08khalidi.html
2009-01-10,02:35:27,7olef,8,Dirty Secrets of College Admissions,thedailybeast.com,http://www.thedailybeast.com/blogs-and-stories/2009-01-09/dirty-secrets-of-college-admissions/
