2009-09-02,22:32:02,9gk8y,578,Dutch prosecutors will charge Arab cultural group under hate speech laws for publishing a cartoon that suggests the death of 6 million Jews during World War II is a fabrication ,jpost.com,http://www.jpost.com/servlet/Satellite?cid=1251804472393&pagename=JPost%2FJPArticle%2FShowFull
2009-09-02,05:22:55,9gbw6,474,Slovakian government passes law making it illegal for the Hungarian minority to speak their own language in public,thenutshellparagraph.com,http://thenutshellparagraph.com/?p=2171
2009-09-03,02:15:32,9gmxd,42,% of Women Who Believe It’s OK for Husbands to Hit Them,globalhealthmagazine.com,http://www.globalhealthmagazine.com/screenshots/of_women_who_believe_its_ok_for_husbands_to_hit_them/
2009-09-02,13:13:09,9gfro,36,Drunks raping women at HIV/AIDS refuge in Papua New Guinea western highlands,news.com.au,"http://www.news.com.au/couriermail/story/0,20797,26016669-5003402,00.html?from=public_rss"
2009-09-02,10:41:46,9geid,35,"Former Ontario AG kills a man that was hanging onto his car door by accelerating, swiping him against a mailbox, and running him over. Seriously.",cbc.ca,http://www.cbc.ca/canada/toronto/story/2009/09/01/toronto-cyclist-collision-death481.html
2009-09-02,09:23:28,9gdxb,20,A sense of vengeance is the only thing that keeps me alive.,homylafayette.blogspot.com,http://homylafayette.blogspot.com/2009/09/sense-of-vengeance-is-only-thing-that.html
2009-09-02,12:59:12,9gfni,15,How Gypsy gangs use child thieves,news.bbc.co.uk,http://news.bbc.co.uk/2/hi/in_depth/8226580.stm
2009-09-02,22:14:16,9gk29,11,"Strong Indonesia quake kills 15, toll may soar ",alertnet.org,http://www.alertnet.org/thenews/newsdesk/SP479072.htm
2009-09-02,13:14:17,9gfs0,6,25 year old Iranian protester was allegedly 'killed in prison',news.bbc.co.uk,http://news.bbc.co.uk/2/hi/middle_east/8231247.stm
2009-09-02,13:57:55,9gg69,5,Secret spy plane used to rescue lost politician.,news.com.au,"http://www.news.com.au/heraldsun/story/0,21985,26014951-661,00.html"
2009-09-02,11:08:02,9gepi,4,Ali gets hero's welcome in Ireland,dailymail.co.uk,http://www.dailymail.co.uk/news/worldnews/article-1210524/Muhammad-Ali-freeman-ancestral-home-Ireland.html
2009-09-02,23:37:42,9gkyv,4,"In the Congo, midwives need the means to accomplish their noble goal of saving women through direct intervention, HIV/AIDS counseling, and nutrition. This is truly a grassroots effort with a humble beginning that literally transforms grass and roots into life-supporting energy.",laprogressive.com,http://www.laprogressive.com/2009/09/02/grassroots-news-from-congo-midwives-transform-trash-into-hope/
2009-09-03,05:32:02,9gp7c,3,"Two car bombs explode in Athens and Salonika, damaging the Athens Stock Exchange and lightly wounding one woman.",ana-mpa.gr,http://www.ana-mpa.gr/anaweb/user/showplain?maindoc=7915298&maindocimg=7915119&service=100
2009-09-03,00:32:34,9gln5,2,Pakistan population time bomb,forum.mpacuk.org,http://forum.mpacuk.org/showthread.php?t=43321
2009-09-03,06:03:06,9gpix,1,"Japan's new First Lady: ""I rode to Venus on a UFO""",huffingtonpost.com,http://www.huffingtonpost.com/2009/09/02/miyuki-hatoyama-japans-ne_n_275311.html
2009-09-02,09:19:03,9gdw6,3,"Gov't Contractors - Are they all either wackos and/or greedy SOBs?  ""Lord of the Flies environment"" at US Embassy Afghanistan",huffingtonpost.com,http://www.huffingtonpost.com/2009/09/01/clinton-told-of-lord-of-t_n_273942.html
2009-09-03,06:19:21,9gpop,1,"Once limited in the Mediterranean sea, now government-backed Israel Piracy is expanding to European Waters",blogs.news.sky.com,http://blogs.news.sky.com/middleeastblog/Post:b25a92e9-4f1c-43f4-b3e4-a257a9c4f2b8&uid=3628234742
2009-09-03,05:20:20,9gp2v,0,"Lockerbie: More evidence of cynical machinations behind Megrahi’s release. ""Fresh allegations were made at the weekend that the British government had sought a deal with Libya over Abdul Baset Ali al-Megrahi, the only person convicted for the 1988 bombing of Pan Am Flight 103.""",wsws.org,http://www.wsws.org/articles/2009/sep2009/lock-s02.shtml
2009-09-03,07:31:28,9gqbs,1,Olympic Committee Report Finds No Clear Front Runner For 2016 Games,huffingtonpost.com,http://www.huffingtonpost.com/2009/09/02/olympic-committee-report_n_275038.html
2009-09-03,07:12:37,9gq5w,1,How to pull in $5 a day recycling unexploded cluster “bombies” for scrap metal      The Laotian Bomb Hunters ,theworld.org,http://www.theworld.org/2009/09/02/laotian-bomb-hunters/
2009-09-02,13:58:57,9gg6n,0,"The president's cousin Odinga has created mass violence in attempting to overturn a legitimate election in 2007, in Kenya. It is the first widespread violence in decades.",atlasshrugs2000.typepad.com,http://atlasshrugs2000.typepad.com/atlas_shrugs/2008/01/obamas-oginga-o.html
2009-09-02,08:25:26,9gdi3,0,Lockerbie bomber paper trail leads to Gordon Brown,timesonline.co.uk,http://www.timesonline.co.uk/tol/news/politics/article6817850.ece
2009-09-03,01:45:46,9gmju,1,CHINA Dissident Xie Changfa sentenced to 13 years in prison on charges of subverting state power,asianews.it,http://www.asianews.it/index.php?l=en&art=16217&size=A
2009-09-03,04:41:37,9gooh,0,"After 217 years, the last Dr Maurice of Marlborough hangs up his stethoscope.",telegraph.co.uk,http://www.telegraph.co.uk/health/healthnews/6098550/After-217-years-the-last-Dr-Maurice-of-Marlborough-hangs-up-his-stethoscope.html
2009-09-02,12:56:48,9gfmk,1,'Sharp drop' in Afghan opium crop ,news.bbc.co.uk,http://news.bbc.co.uk/2/hi/south_asia/8233010.stm
2009-09-03,03:23:12,9gnri,0,Two School boys planned to blow up school in a massacre timed to coincide with the anniversary of the Columbine massacre,news.bbc.co.uk,http://news.bbc.co.uk/1/hi/england/manchester/8233964.stm
2009-09-03,02:49:29,9gncl,0,"Radio program, ""Magic Touch,"" uses Entertainment Education to promote social change at a local level",3blmedia.com,http://3blmedia.com/theCSRfeed/Radio-program-Magic-Touch-uses-Entertainment-Education-promote-social-change-local-level
2009-09-02,14:39:37,9ggij,0,"Population Growth Expected to Cause a Food, Water and Energy Crisis by 2030",environment.about.com,http://environment.about.com/b/2009/03/23/population-growth-expected-to-cause-a-food-water-and-energy-crisis-by-2030.htm
2009-09-02,13:10:16,9gfr8,3,Teen heroin addiction out of control,haaretz.com,http://haaretz.com/hasen/spages/1111612.html
2009-09-02,10:00:52,9ge74,1,`Amanzi Ngawethu' (water is ours) -- Health and environmental victories for South African activists (with great video),links.org.au,http://links.org.au/node/1227
