2009-07-10,10:44:48,8zuft,2109,"It's Official, Ireland Makes Blasphemy Illegal.  Seriously.  Passed Wednesday, legislation making blasphemy illegal, with a 25,000-Euro fine.  Police may also enter homes and confiscate ""blasphemous materials"" including books, artwork, cartoons of Mohammed . . . whatever!  Book burnings next?",palibandaily.com,http://www.palibandaily.com/2009/07/09/ireland-makes-blasphemy-illegal/
2009-07-10,22:20:29,8zzmb,197,Swine Flu only kills Fat people,bloomberg.com,http://bloomberg.com/apps/news?pid=20601202&sid=aM.7Dg3Z_msI
2009-07-10,21:17:49,8zz2t,80,'Rude' French are worst tourists,news.bbc.co.uk,http://news.bbc.co.uk/1/hi/world/europe/8143780.stm
2009-07-10,19:52:10,8zyfl,53,"Murdoch (yes, he's the owner of Fox) paid £1m to cover up illegal phone jacking",guardian.co.uk,http://www.guardian.co.uk/media/2009/jul/10/news-of-the-world-celebrities-lawyers
2009-07-10,22:52:48,8zzxh,44,How the Irish Government manipulated the system to make sure the Blasphemy Bill would get through.,irishtimes.com,http://www.irishtimes.com/newspaper/frontpage/2009/0710/1224250388598.html
2009-07-11,04:15:31,903ek,31,"Canada, #7 on the list of top carbon emitters, refuses to change climate change plan despite fact that it falls short of the new G8 agreement. Canada now takes US's old position among ""Bad Boy"" Nations.",americasquarterly.org,http://americasquarterly.org/canada-G8-emissions-reduction
2009-07-10,21:19:05,8zz35,28,"Right-wing Jewish group: trying to stop Israeli settlement building in the West Bank is equivalent to ""ethnic cleansing.""",jstreet.org,http://www.jstreet.org/campaigns/stopping-settlements-ethnic-cleansing-no-way
2009-07-11,05:04:23,903uz,24,"The Manik Farm was meant to house the largest number of the 300,000 mainly Tamil civilians forced to flee as army forces mounted an offensive against the LTTE.  Now that the war is over, the weekly death toll at the Manik Farm averages 1,400.",upi.com,http://www.upi.com/Top_News/2009/07/10/1400-die-a-week-in-Sri-Lankan-camp/UPI-45371247254730/
2009-07-10,20:16:25,8zyl9,11,Law will let Afghan husbands starve wives who withhold sex.,independent.co.uk,http://www.independent.co.uk/news/world/asia/law-will-let-afghan-husbands-starve-wives-who-withhold-sex-1740229.html
2009-07-11,05:58:31,904bl,9,"Tehran MD: ‘They have covered up the deaths’
",iranquest.com,http://iranquest.com/blog/?p=7676
2009-07-10,12:09:05,8zv13,8,"The dirty truth about China's ethnic minorities: Labeling Uighurs as ""terrorists"" ignores history",theunpersons.wordpress.com,http://theunpersons.wordpress.com/2009/07/09/the-dirty-truth-about-chinas-ethnic-minorities/
2009-07-10,20:36:31,8zyr0,7,Air Raid Victim Tells Obama to Leave Afghanistan at Once,youtube.com,http://www.youtube.com/watch?v=D1TO108GrNI&feature=channel
2009-07-11,03:18:25,902tw,6,"""I do believe that Fundamentalism behaves in the same way across all religions."" -- Roya Hakakian discusses Iran on Fresh Air 7/9/2009 ",npr.org,http://www.npr.org/templates/story/story.php?storyId=106422103
2009-07-11,03:09:09,902qe,7,Umberto Eco: Blame the Italians,google.com,http://www.google.com/hostednews/afp/article/ALeqM5jgq4Mc9Olh9hEILzSWAO_Lxqo9Rg
2009-07-11,03:43:01,90325,8,Turkish Prime Minister calls Xinjiang killings genocide,reuters.com,http://www.reuters.com/article/worldNews/idUSTRE56957D20090710
2009-07-11,07:29:09,904z5,6,New Demonstrations in Iran Bring Hundreds to the Streets ,life.com,http://www.life.com/image/88953175/in-gallery/30472/irans-newest-protests
2009-07-10,14:25:01,8zw28,6,China bans Urumqi mosque prayers,news.bbc.co.uk,http://news.bbc.co.uk/2/hi/asia-pacific/8143554.stm
2009-07-10,11:22:20,8zups,7,"An angry mob petrol-bombed homes and threw acid over Christian women, after mosque loudspeakers accused the Christians of blasphemy.",inspiremagazine.org.uk,http://www.inspiremagazine.org.uk/news.aspx?action=view&id=3574
2009-07-10,15:18:17,8zwgr,3,South Korean Web Sites Disrupted in Third Round of Attacks,washingtonpost.com,http://www.washingtonpost.com/wp-dyn/content/article/2009/07/09/AR2009070901106.html?wprss=rss_world
2009-07-11,00:08:37,900s4,5,SKorea says attackers use IP address in 16 nations,etaiwannews.com,http://www.etaiwannews.com/etn/news_content.php?id=999730&lang=eng_news&cate_img=logo_world&cate_rss=WORLD_eng
2009-07-11,05:47:53,9048n,4,Swat Taliban chief 'near death',news.bbc.co.uk,http://news.bbc.co.uk/2/hi/south_asia/8144772.stm
2009-07-10,10:41:07,8zueu,4,"Report: China quake destroys 10,000 homes",cnn.com,http://www.cnn.com/2009/WORLD/asiapcf/07/09/china.quake/
2009-07-10,17:28:55,8zxed,3,"G8: Britain could cut nuclear stockpile, Gordon Brown says ",telegraph.co.uk,http://www.telegraph.co.uk/news/worldnews/g8/5791510/G8-Britain-could-cut-nuclear-stockpile-Gordon-Brown-says.html
2009-07-10,10:13:05,8zu7m,2," 	
US denies Israeli report of deal on settlements
",jordantimes.com,http://jordantimes.com/?news=18291
2009-07-10,08:17:03,8ztgt,3,A Scandal Erupts In Britain Surrounding Hacks Tapping Phones. It’s Not Really A Scandal,stirringtroubleinternationally.com,http://www.stirringtroubleinternationally.com/2009/07/09/a-scandal-erupts-in-britain-surrounding-hacks-tapping-phones-it’s-not-really-a-scandal/
2009-07-10,21:30:12,8zz6i,3,Obama to Meet Pope for the First Time ,nytimes.com,http://www.nytimes.com/2009/07/11/world/europe/11prexy.html
2009-07-10,23:25:11,900ar,4,Egypt says it nabbed Al-Qaeda plot against Suez Canal.,israelnationalnews.com,http://www.israelnationalnews.com/News/Flash.aspx/167731
2009-07-10,12:47:50,8zvax,3,Danish Chemistry Professor Claims World Trade Center Building Was Full of Nano Thermite (Video),youtube.com,http://www.youtube.com/watch?v=4RNyaoYR3y0
2009-07-10,17:56:50,8zxll,3,Mass people's resistance in Honduras -- In their own words,links.org.au,http://links.org.au/node/1143
2009-07-10,13:28:01,8zvmc,4,"Rape Rampant In Afghanistan; a full one-third of the rapists are government officials who can sexually assault women with impunity. This is, remember, a government that is supported and even lauded by the United States.",open.salon.com,http://open.salon.com/blog/garybaumgarten/2009/07/09/rape_rampant_in_afghanistan
