2009-10-25,17:36:50,9xj5c,382,Germany's New Government to U.S.: Take Away Your Nukes!,time.com,"http://www.time.com/time/world/article/0,8599,1932103,00.html?xid=rss-topstories"
2009-10-26,01:14:44,9xlpi,366,Two car bomb attacks just killed over 130 people in Iraq. :(,bloomberg.com,http://www.bloomberg.com/apps/news?pid=20601087&sid=anC9VL3V07Gg
2009-10-25,19:05:38,9xjiv,65,"Exxon executive overseeing $15 billion gas project, stomped by a mob of 50 people in Papua New Guinea in dispute over landowner contracts",bloomberg.com,http://www.bloomberg.com/apps/news?pid=20601072&sid=aWKxtixiDKcg
2009-10-25,17:50:51,9xj7j,27,The Ethiopian government has asked the international community for emergency food aid for 6.2 million people.,news.bbc.co.uk,http://news.bbc.co.uk/2/hi/africa/8319741.stm
2009-10-25,22:01:48,9xkdl,25,America's largest solar plant set to go live in Florida,engadget.com,http://www.engadget.com/2009/10/25/americas-newest-largest-solar-plant-set-to-go-live-in-florida/
2009-10-26,05:12:12,9xnc8,20,"Twin car bombings near Baghdad government offices kill 136, injure nearly 600",wire.antiwar.com,http://wire.antiwar.com/2009/10/25/baghdad-car-bombs-near-government-offices-kill-136-2/
2009-10-25,13:34:38,9xi2q,19,"Australia faces famine, expert warns",abc.net.au,http://www.abc.net.au/news/stories/2009/10/24/2723137.htm?section=justin
2009-10-25,20:03:55,9xjqr,17,Iran arrests 12 accused of promoting satanism through underground music and production of blasphemous video clips,independent.co.uk,http://www.independent.co.uk/news/world/middle-east/iran-arrests-12-accused-of-promoting-satanism-1809271.html
2009-10-25,16:30:12,9xiuj,16,"""But they use them to investigate reports of noise pollution & people who do not clean up their dogs’ waste. Local governments use them to catch people who fail to recycle, people who put their trash out too early, people who sell fireworks without licenses, people whose dogs bark too loudly…""",nytimes.com,http://www.nytimes.com/2009/10/25/world/europe/25surveillance.html?_r=1&hp
2009-10-26,06:23:17,9xnsi,17,Afghan police open fire after protesters burn effigy of Barack Obama,telegraph.co.uk,http://www.telegraph.co.uk/news/worldnews/asia/afghanistan/6433054/Afghan-police-open-fire-after-protesters-burn-effigy-of-Barack-Obama.html
2009-10-25,15:44:24,9xinq,14,"It's 20 years since the fall of the Berlin Wall and Karl Marx, grandfather of communism, is being rehabilitated. Looking back on the unravelling of the Soviet system and the unlikely staying power of a once-ridiculed worldview",thestar.com,http://www.thestar.com/news/insight/article/714566--a-look-back-on-the-fall-of-communism
2009-10-25,19:45:30,9xjnx,11,British pilot drowned after saving the lives of nine passengers by ditching his plane into the sea when one of his engines failed,timesonline.co.uk,http://www.timesonline.co.uk/tol/news/uk/article6889041.ece
2009-10-25,11:34:53,9xhfk,12,Obama's Afghan war policy hinges on debate over which enemy to fight - Taliban or al-Qaida,abcnews.go.com,http://abcnews.go.com/Politics/wireStory?id=8906274
2009-10-25,09:51:31,9xgu8,10,A food production expert says Australia may face a massive famine if governments fail to address an impending global food shortage.,abc.net.au,http://www.abc.net.au/news/stories/2009/10/24/2723137.htm
2009-10-26,00:53:25,9xljw,10,Inspectors see Iran uranium facility,guardian.co.uk,http://www.guardian.co.uk/world/2009/oct/25/un-secret-uranium-enrichment-facility-iran
2009-10-25,20:50:56,9xjzg,10,"Another US backed dictator in the 
Middle East is about to get reelected 
today, ballots results are already 
known to everyone, %96 said yes for 
him",rsf.org,http://www.rsf.org/spip.php?page=article&id_article=34826
2009-10-25,19:45:48,9xjny,8,Saudi female TV journalist gets 60 lashes,reuters.com,http://www.reuters.com/article/newsOne/idUSTRE59N1H520091024
2009-10-25,13:30:51,9xi26,8,"Sydney's first Breakfast on the Bridge (with Grass, cows and live bands) has been hailed a success",abc.net.au,http://www.abc.net.au/news/stories/2009/10/25/2723473.htm?section=australia
2009-10-26,00:23:59,9xlcu,7,A World War II codebreaker has told how she was so afraid of giving away secrets by talking in her sleep that she was worried about going to bed.,news.bbc.co.uk,http://news.bbc.co.uk/2/hi/uk_news/wales/8323802.stm
2009-10-26,03:22:15,9xmlx,6,Gunmen kill Ingushetia opposition leader,france24.com,http://www.france24.com/en/20091025-gunmen-kill-ingushetia-opposition-leader-agencies-report
2009-10-26,03:13:28,9xmjy,8,Rumor sparks anti-American protests - A Koran-burning incident in Afghanistan prompts demonstrations in Kabul,globalpost.com,http://www.globalpost.com/dispatch/afghanistan/091025/afghanistan-protests-koran-burning
2009-10-26,04:19:35,9xmz4,8,Afghans torch Obama effigy over 'Koran abuse' claims,ptinews.com,http://www.ptinews.com/news/347351_Afghans-torch-Obama-effigy-over--Koran-abuse--claims
2009-10-26,01:45:58,9xlxn,6,"The Nasa people of Northern Cauca in South Western Colombia, have become a symbol of resistance and an example of dignity.",youtube.com,http://www.youtube.com/watch?v=XBhpfdQ2Rng
2009-10-25,18:27:17,9xjd9,8,Italy pulls out,turkishweekly.net,http://www.turkishweekly.net/news/89069/italy-to-withdraw-500-troops-from-afghanistan.html
2009-10-26,02:22:53,9xm6w,8,Scandal-hit Italian party elects leader - Married Lazio governor resigns on eve of Democratic party election after video reportedly shows him with transsexual,guardian.co.uk,http://www.guardian.co.uk/world/2009/oct/25/italy-democratic-party-leader-election
2009-10-25,22:15:18,9xkha,7,Iraq Ministries Targeted in Car Bombings; Over 130 Dead,nytimes.com,http://www.nytimes.com/2009/10/26/world/middleeast/26iraq.html?_r=1&emc=na
2009-10-25,15:54:08,9xip7,6,"Finally, a major paper has bothered to deconstruct the mythical numbers that are bandied about to justify the UK government’s idiotic conflation of sex work with sex trafficking.",wisdomofwhores.com,http://www.wisdomofwhores.com/2009/10/21/traffic-jam-where-are-all-the-bonded-hookers/
2009-10-25,20:10:34,9xjs3,4,The Associated Press: Car bombs targeting Baghdad government kill 91,google.com,http://www.google.com/hostednews/ap/article/ALeqM5hwK_CSpBxsNuVUEaDuOwmSSCiqGwD9BI3GTG0
2009-10-25,16:12:10,9xiro,4,British politics: The cookie crumbles,globalpost.com,http://www.globalpost.com/dispatch/united-kingdom/091022/british-politics-cookie-downing
2009-10-25,23:49:22,9xl35,5,"Afghan people fucked:  Both President Karzai and ""top challenger"" Abdullah Abdullah call for war escalation in the form of more troops",foxnews.com,http://www.foxnews.com/politics/2009/10/25/karzai-challenger-calls-dramatic-increase-troops-afghanistan/
