2009-06-07,20:52:15,8qh0u,290,"ISP head - Illegal downloading cannot be stopped. ""We need to be careful that politicians do not get talked into putting legislation in place that, in the end, ends up looking stupid""",guardian.co.uk,http://www.guardian.co.uk/business/2009/jun/05/dunstone-carphone-warehouse-results-pirates
2009-06-07,21:30:05,8qh5f,90,A Man died after a driver and technician from my local ambulance station took a detour on the way to hospital because the technician's shift had ended,news.bbc.co.uk,http://news.bbc.co.uk/1/hi/england/tees/8087780.stm
2009-06-07,15:01:10,8qfto,63,"'When anti-narcotics agents first heard that drug cartels were building an armada of submarines to transport cocaine, they thought it was a joke. ..'",washingtonpost.com,http://www.washingtonpost.com/wp-dyn/content/article/2009/06/05/AR2009060503718.html
2009-06-07,00:08:42,8qblk,59,UK's Labour party suffers wipeout in its worst local election results,timesonline.co.uk,http://www.timesonline.co.uk/tol/news/uk/article6440935.ece
2009-06-08,03:25:00,8qixk,49,WikiLeaks wins Amnesty International 2009 Media Award,secure.wikileaks.org,http://secure.wikileaks.org/wiki/WikiLeaks_wins_Amnesty_International_2009_Media_Award
2009-06-08,01:41:29,8qidm,41,Parents of the children trapped in a burning Mexican day care center rammed their vehicles into the building to try to free the trapped children,edition.cnn.com,http://edition.cnn.com/2009/WORLD/americas/06/07/mexico.day.care.fire/
2009-06-07,15:18:43,8qfwd,24,When a 'Chosen' Tibetan Lama Says No Thanks - TIME,time.com,"http://www.time.com/time/world/article/0,8599,1903076,00.html"
2009-06-08,00:55:34,8qi5c,27,The European elections results 2009 website will open on June 7 at 18.00 CET.,elections2009-results.eu,http://www.elections2009-results.eu/
2009-06-07,22:39:59,8qhfc,19,Pakistani villagers rise up against Taliban,earthtimes.org,"http://www.earthtimes.org/articles/show/272099,pakistani-villagers-rise-up-agains-taliban-kill-13--summary.html"
2009-06-07,23:49:22,8qhs4,17, Wikipedia 'sentinel' quits after using alias to alter entries,independent.co.uk,http://www.independent.co.uk/news/uk/politics/wikipedia-sentinel-quits-after-using-alias-to-alter-entries-1698762.html
2009-06-08,07:45:39,8qk90,17,UK elects first fascist MEP. Whatever happened to harmless protest votes?,news.bbc.co.uk,http://news.bbc.co.uk/1/hi/uk_politics/8088133.stm
2009-06-08,02:09:18,8qiic,13,Tourist clings on for dear life as on train journey in Australia.  ,news.bbc.co.uk,http://news.bbc.co.uk/2/hi/asia-pacific/8087633.stm
2009-06-07,15:42:32,8qfzh,13,Chomsky on Obama's Cairo speech.,news.infoshop.org,http://news.infoshop.org/article.php?story=2009060701141520
2009-06-07,13:30:05,8qfgh,10,On the fourth day of settler violence: How long before Israeli Civil War?,maannews.net,http://www.maannews.net/en/index.php?opr=ShowDetails&ID=38289
2009-06-07,22:06:15,8qha9,10,The eldest son of North Korean leader Kim Jong-il tells Japanese TV he believes his younger brother is leader-in-waiting.,news.bbc.co.uk,http://news.bbc.co.uk/2/hi/asia-pacific/8087736.stm
2009-06-08,05:23:44,8qjjr,8,"The wife of Mir Hossein Mousavi, Ahmadinejad’s main rival in upcoming election has threatened to sue Ahmadinejad over his remarks",gulf-times.com,http://www.gulf-times.com/site/topics/article.asp?cu_no=2&item_no=295725&version=1&template_id=37&parent_id=17
2009-06-08,07:33:59,8qk7f,8,Deadly gun battle rocks Acapulco,news.bbc.co.uk,http://news.bbc.co.uk/1/hi/world/americas/8088131.stm
2009-06-07,11:25:41,8qeyj,7,"UK 'must log' phone and web use, says former spy chief",news.bbc.co.uk,http://news.bbc.co.uk/1/hi/uk/8087530.stm
2009-06-08,05:22:44,8qjjo,6,"Eighteen people, including two soldiers, were killed Saturday in a gunbattle between the Mexican army and organized-crime suspects in the Mexican resort town of Acapulco",cnn.com,http://www.cnn.com/2009/WORLD/americas/06/07/mexico.violence/index.html
2009-06-07,13:32:20,8qfgz,7,Tibetans are only as oppressed as all Chinese are.,guardian.co.uk,http://www.guardian.co.uk/commentisfree/2009/apr/08/tibet-china
2009-06-08,05:19:47,8qjja,6,Indians Shot from Helicopters for Peru Free Trade Oil ,dailykos.com,http://www.dailykos.com/story/2009/6/6/739600/-Indians-Shot-from-Helicopters-for-Peru-Free-Trade-Oil-bull-Updated
2009-06-07,13:31:29,8qfgq,5,"Journalism in Russia: “The most dangerous thing right now is not to criticize the authorities, It's to criticize people who can kill you. The people Kanev writes about can kill. That is his problem.”",nytimes.com,http://www.nytimes.com/2009/06/07/world/europe/07russia.html?hp
2009-06-08,05:19:22,8qjj7,6,Villagers in northwest Pakistan have attacked Taliban militants killing seven of them in revenge for a bomb attack on a mosque that killed at least 40 people,news.yahoo.com,http://news.yahoo.com/s/nm/20090607/ts_nm/us_pakistan_violence
2009-06-08,06:58:16,8qk16,4,Swing right in Europe,vpcyn.wordpress.com,http://vpcyn.wordpress.com/2009/06/07/swing-right-in-europe
2009-06-08,00:08:15,8qhwc,3,Rainforest Resources Conflict in Northern Peru Turns Bloody,earth-stream.com,http://www.earth-stream.com/Earth/Nature-and-Climate/Deforestation/Rainforest-Resources-Conflict-in-Northern-Peru-Turns-Bloody_18_149_617_174027.html
2009-06-08,04:21:45,8qj96,4,The Barbarians at the Gate - Why has policing in Britain gone so mad? ,monbiot.com,http://www.monbiot.com/archives/2009/05/19/the-barbarians-at-the-gate/
2009-06-07,09:27:17,8qehb,5,Shanghai to show pride with gay festival,news.bbc.co.uk,http://news.bbc.co.uk/2/hi/asia-pacific/8083672.stm
2009-06-07,12:47:28,8qfb5,5,Gaza faces a garbage crisis,electronicintifada.net,http://electronicintifada.net/v2/article10571.shtml
2009-06-07,08:42:53,8qebk,4,"This July, a British MP (George Galloway) is going try to break the siege of Gaza with a convoy of food and medical supplies.  Please donate to help these poor people!",vivapalestina-us.org,http://www.vivapalestina-us.org/?cat=6
2009-06-07,18:34:04,8qgkb,5,Hezbollah and its allies are looking to defeat Lebanon's ruling U.S.-backed coalition in a tightly contested general election on Sunday,reuters.com,http://www.reuters.com/article/topNews/idUSTRE55609720090607
