2009-03-09,20:31:57,837fl,607,Victim will get to blind the man who blinded her - Update ,google.com,http://www.google.com/hostednews/afp/article/ALeqM5h5f3B-Kb1SjRRDSOe4mX8g_J1FFg
2009-03-09,06:27:09,832wp,186,Police to track abusive men and warn the women who date them,guardian.co.uk,http://www.guardian.co.uk/society/2009/mar/08/domestic-violence-government-scheme
2009-03-09,22:55:40,838mf,174,WORST PUN EVER,news.bbc.co.uk,http://news.bbc.co.uk/1/hi/technology/7927812.stm
2009-03-09,10:57:39,834am,110,8 Women Sentenced to Death by Stoning in Iran,care2.com,http://www.care2.com/causes/womens-rights/blog/8-women-in-iran/
2009-03-09,22:07:34,8385n,62,Saudis order 40 lashes for elderly woman for mingling,cnn.com,http://www.cnn.com/2009/WORLD/meast/03/09/saudi.arabia.lashes/index.html
2009-03-10,02:08:43,83agz,53,The Apartheid State of Israel Illegally Mining in the West Bank,news.bbc.co.uk,http://news.bbc.co.uk/2/hi/middle_east/7933155.stm
2009-03-09,19:02:16,836vz,51,Iran: Amnesty campaign for eight women at risk of being stoned to death,amnesty.org.uk,http://www.amnesty.org.uk/news_details.asp?NewsID=18097
2009-03-09,06:47:33,8330v,36,Psychiatric Drugging of Children Intolerable-Betrayal of Innocence,lawyersandsettlements.com,http://www.lawyersandsettlements.com/features/Psychiatric-Drugging-three.html
2009-03-09,12:47:52,834ve,24,What happens when somebody actually bothers investigating the Israel-Palestine Conflict.,youtube.com,http://www.youtube.com/watch?v=mDHNNtyjfts
2009-03-09,21:36:50,837vu,30,A Muslim asks why others in the Islamic world are going to bat for a war criminal whose victims were innocent Muslims,asharqalawsat.com,http://www.asharqalawsat.com/english/news.asp?section=2&id=15990
2009-03-10,00:38:57,839l6,18,Chinese ships 'harass' US vessel [BBC],news.bbc.co.uk,http://news.bbc.co.uk/1/hi/world/asia-pacific/7933171.stm
2009-03-10,05:10:17,83c54,16,"""There is no such nation as Afghanistan"": The former Soviet ambassador to Afghanistan says more troops won't help where tribal and ethnic groups stand in the place of centralized government.",mcclatchydc.com,http://www.mcclatchydc.com/nationalsecurity/story/63581.html
2009-03-10,02:27:53,83ao1,15,YouTube is blocking UK music videos,news.bbc.co.uk,http://news.bbc.co.uk/2/hi/technology/7933565.stm
2009-03-10,07:29:02,83d5p,14,Chinese attempt to instigate collision with U.S. Naval Surveillance Ship,deepbackground.msnbc.msn.com,http://deepbackground.msnbc.msn.com/archive/2009/03/09/1829183.aspx
2009-03-10,02:41:24,83ast,13,Zimbabwe Prime Minister Denies Assassin Allegations,gnews.com,http://gnews.com/politics/Zimbabwe-Prime-Minister-denies-Assassin-allegations-539103019148.html
2009-03-09,16:21:32,83616,16,"Visualising 1,400,000 gravestones [pic]",cache.boston.com,http://cache.boston.com/universal/site_graphics/blogs/bigpicture/cambodia_03_06/1.400.000.html
2009-03-10,00:36:49,839ka,13,Surge in cocaine production unleashes wave of violence in Latin America,commondreams.org,http://www.commondreams.org/headline/2009/03/09-7
2009-03-10,06:53:01,83cx5,15,"75-year-old Widow sentenced to 40 lashes, four months in jail for meeting young men",msnbc.msn.com,http://www.msnbc.msn.com/id/29601858/
2009-03-09,22:58:46,838nf,12,Homemade bombs blast police and fire vehicles in Western China one day before the 50th anniversary of the failed revolt that sent the Dalai Lama into exile.,google.com,http://www.google.com/hostednews/ap/article/ALeqM5g9U5REkQ1Nrtp_asPAQfAhZlDNKAD96QI8R00
2009-03-10,07:39:02,83d85,12,Chile and Argentina unite against UK Antarctic claim,euronews.net,http://www.euronews.net/en/article/08/03/2009/chile-and-argentina-unite-against-uk-antarctic-claim/
2009-03-10,02:06:23,83agd,13,"Tensions with China? Five 5 Chinese ships ""aggressively maneuvered"" and shadowed a U.S. Navy surveillance ship",firstread.msnbc.msn.com,http://firstread.msnbc.msn.com/archive/2009/03/09/1828612.aspx
2009-03-09,21:27:38,837si,12,China imposes lock down on Tibetans,ft.com,http://www.ft.com/cms/s/0/b6e602b2-0ca3-11de-a555-0000779fd2ac.html
2009-03-09,13:07:43,834za,10,British MPs demand a judicial inquiry into a Guantanamo Bay prisoner's claims that MI5 was complicit in his torture,news.bbc.co.uk,http://news.bbc.co.uk/2/hi/uk_news/7930888.stm
2009-03-09,14:46:40,835k0,9,Disrepair in South Ossetia Dims Hopes After Georgia War - NYTimes.com,nytimes.com,http://www.nytimes.com/2009/03/08/world/europe/08ossetia.html
2009-03-09,02:10:17,831fk,7,Israel believes Iran can build nuclear weapons,google.com,http://www.google.com/hostednews/ap/article/ALeqM5gWi9hJXmHRyYjNwd_IH3RL3abpkwD96PVOT80
2009-03-09,14:35:23,835hm,7,"North Korea cuts contact with South, orders troops to be combat ready ahead of joint U.S.-South Korea military drills",bloomberg.com,http://www.bloomberg.com/apps/news?pid=20601087&sid=aGz0kVeL7Qss&refer=home
2009-03-09,22:50:47,838k3,8,"Seeking Justice, Chinese Land in Secret Jails - NYTimes.com",nytimes.com,http://www.nytimes.com/2009/03/09/world/asia/09jails.html?_r=1&hp
2009-03-10,07:56:43,83dbr,8,"While the world looks the other way, the colonization of the West Bank continues",philipweiss.org,http://www.philipweiss.org/mondoweiss/2009/03/while-the-world-looks-the-other-way-the-colonization-of-the-west-bank-continues.html
2009-03-09,23:30:18,838xu,7,Hamas's popularity rises after Israel's Gaza war | International | Reuters,reuters.com,http://www.reuters.com/article/worldNews/idUSTRE52841Q20090309?feedType=RSS&feedName=worldNews
2009-03-10,06:13:17,83cld,9,Chinese ships illegally harass US Navy vessel in internaltional waters,news.bbc.co.uk,http://news.bbc.co.uk/2/hi/asia-pacific/7933171.stm
