2009-03-08,10:08:35,82xln,71,"US President Barack Obama has said the US is not winning in Afghanistan, saying it is more complex than Iraq.",news.bbc.co.uk,http://news.bbc.co.uk/2/hi/americas/7930865.stm
2009-03-09,00:12:40,830s8,62,"In the UK, Protest Israeli Occupation of Palestine and Face Racism Charge in Court",news.scotsman.com,http://news.scotsman.com/uk/Palestinian--protesters--face.5030906.jp
2009-03-08,23:27:29,830jh,57,"U.S. Army document describes Israel as 'a nuclear power' - ""In a rare breach of official American adherence to Israel's policy of nuclear ambiguity ...""",haaretz.com,http://www.haaretz.com/hasen/spages/1069303.html
2009-03-09,06:56:17,8332o,51,Egypt: Violent Clash Erupts Between International Leftists Led by British MP George Galloway and Egyptian Security Forces on Gaza Border....,monstersandcritics.com,http://www.monstersandcritics.com/news/middleeast/news/article_1463451.php/Galloway_activists_clash_with_Egyptian_security_at_Gaza_border_
2009-03-08,21:09:46,82zww,47,"Losses on subprime mortgages in the United States have already caused a Depression-like banking collapse. Well, believe it or not, Europe’s current crisis is scarier.",nytimes.com,http://www.nytimes.com/2009/03/08/opinion/08Ahamed.html?_r=1&th&emc=th
2009-03-08,22:31:11,8309h,30,"UN’s Anti-Blasphemy Resolution restricts free speech, promotes Islam",ihatethemedia.com,http://www.ihatethemedia.com/un-anti-blasphemy-resolution-restricts-free-speech-promotes-islam
2009-03-08,13:35:19,82yca,27,"Swedes Claim They've Killed the Source of The Pirate Bay's Power With ""Biggest Ever"" Raid",i.gizmodo.com,http://i.gizmodo.com/5165793/swedes-claim-theyve-killed-the-source-of-the-pirate-bays-power-with-biggest-ever-raid
2009-03-08,14:26:03,82yiw,31,Israel Helps Settlers to Take Over Palestinian Homes,youtube.com,http://www.youtube.com/watch?v=HMdgLTHhCe8#t=3m40s
2009-03-09,07:12:22,8335x,22,Jihad against Joy  -  The attack on the Sri Lankan cricket team is part of a larger pattern. ,timesonline.co.uk,http://www.timesonline.co.uk/tol/sport/columnists/simon_barnes/article5854176.ece
2009-03-08,21:23:34,82zyv,23,Taliban militants shot down a suspected drone aircraft in a Pakistani tribal area,news.yahoo.com,http://news.yahoo.com/s/afp/20090307/wl_afp/pakistanafghanistanunrest
2009-03-08,15:04:39,82ypl,20,"The Russian Oligarchs are Falling, and Falling Hard.",nytimes.com,http://www.nytimes.com/2009/03/08/business/08shift.html?_r=1&8dpc
2009-03-08,14:12:32,82yh8,14,Two soldiers dead in attack on British Army base in Northern Ireland,telegraph.co.uk,http://www.telegraph.co.uk/news/uknews/northernireland/4955372/Two-dead-in-drive-by-attack-on-British-Army-base-in-Northern-Ireland.html
2009-03-08,10:45:57,82xqk,14,Israel launches airstrikes into Gaza ,cnn.com,http://www.cnn.com/2009/WORLD/meast/03/07/gaza.airstrikes/index.html
2009-03-09,03:25:55,831vk,11,A Dublin-based newspaper has received a call supposedly from the Real IRA which claimed responsibility for the attack at Masserene army base.,news.bbc.co.uk,http://news.bbc.co.uk/2/hi/uk_news/northern_ireland/7930995.stm
2009-03-08,14:53:20,82yna,10,Whole English village put up for sale for £22 million ,telegraph.co.uk,http://www.telegraph.co.uk/property/propertynews/4952810/Whole-village-put-up-for-sale-for-22-million.html
2009-03-08,22:47:25,830bt,11,"For the Zionists who gain comfort from believing the video was faked: ""Palestinians who approach Gaza fence will be shot, says IDF""",haaretz.com,http://www.haaretz.com/hasen/spages/997897.html
2009-03-08,15:01:12,82yoy,8,Ohio school gets 700 applicants for janitorial job,news.yahoo.com,http://news.yahoo.com/s/ap/20090307/ap_on_re_us/janitor_applications
2009-03-08,19:05:25,82zhr,7,Soliders were killed 'execution-style' as they lay on ground in Ulster attack,timesonline.co.uk,http://www.timesonline.co.uk/tol/news/uk/article5867499.ece
2009-03-08,17:04:32,82z5d,9,School bus driver takes passengers to police station | The Courier-Mail,news.com.au,"http://www.news.com.au/couriermail/story/0,27574,25104281-3102,00.html"
2009-03-08,11:25:43,82xvg,4,Vatican defends excommunication in Brazil of the mother and doctors of young rape victim who had an abortion ,news.bbc.co.uk,http://news.bbc.co.uk/2/hi/americas/7930380.stm
2009-03-09,07:02:45,8333s,5,"""The cracks in the foundation of the Muslim states are far older and deeper than any recent events."" (National Post)",network.nationalpost.com,http://network.nationalpost.com/np/blogs/fullcomment/archive/2009/03/07/robert-fulford-islam-and-the-problem-of-the-sacred-word.aspx
2009-03-08,20:50:03,82zua,6,Woman Attacks Ex-Fiance Who Wanted Ring Back,seacoastonline.com,http://www.seacoastonline.com/articles/20090306-NEWS-90306016?af=1
2009-03-08,16:15:47,82yz8,6,Superpower Collapse: Comparing the United States & USSR ,fora.tv,http://fora.tv/2009/02/13/Dmitry_Orlov_Social_Collapse_Best_Practices#Superpower_Collapse_Soup_Comparing_the_US_and_USSR
2009-03-09,02:00:26,831dj,4,Pakistan claims a victory over the Taliban,iht.com,http://www.iht.com/articles/2009/03/08/asia/pakistan.php
2009-03-08,10:04:51,82xl1,4,British soldiers shot dead at army base in Northern Ireland by gunmen dressed as pizza delivery men,belfasttelegraph.co.uk,http://www.belfasttelegraph.co.uk/news/local-national/soldiers-shot-dead-in-northern-ireland-terror-attack-14217509.html
2009-03-08,15:50:57,82yw2,4,Iraq's Unspeakable Crime: Mothers Pimping Daughters - TIME,time.com,"http://www.time.com/time/world/article/0,8599,1883696,00.html?xid=rss-topstories"
2009-03-08,09:01:10,82xbe,4,Georgia inmate arrested trying to get back in jail,news.yahoo.com,http://news.yahoo.com/s/ap/20090307/ap_on_fe_st/odd_back_in_jail;_ylt=AtS_oBRvKJq0Q7gcsMjrhO_tiBIF
2009-03-08,11:20:35,82xv0,5,Israel moves to the right : Netanyahu yields to Lieberman's demands for government posts,haaretz.com,http://www.haaretz.com/hasen/spages/1069317.html
2009-03-09,07:10:04,8335b,5,A Muslim Hero - A Bangladeshi editor pays the price for standing up to the Islamists and advocating human rights. ,familysecuritymatters.org,http://www.familysecuritymatters.org/publications/id.2680/pub_detail.asp
2009-03-09,02:11:08,831fs,4,"Government bails out AIG. Government bails out banks. Government bails out AIG, again. AIG bails out banks… In 50 years we will all look back at this and laugh.",news.yahoo.com,http://news.yahoo.com/s/nm/20090308/bs_nm/us_aig
