2009-11-17,11:17:07,a53ut,758,This kicks The Weather Channel's ass.,thefuckingweather.com,http://www.thefuckingweather.com/
2009-11-18,06:03:24,a5euo,584,"Australian Senator says Scientology is a criminal organisation, calls for police enquiry.",smh.com.au,http://www.smh.com.au/national/senator-calls-for-police-inquiry-into-scientology-20091118-ikl1.html
2009-11-17,19:29:45,a5831,186,Australia: Independent senator Nick Xenophon has accused the Church of Scientology of being a criminal organisation.,heraldsun.com.au,http://www.heraldsun.com.au/news/senator-nick-xeneophon-brands-scientology-a-crimina-organisationl/story-e6frf7jo-1225799028615
2009-11-17,23:57:06,a5atc,81,More than 500.000 private messages from 9 / 11 leaks at wikileaks this week,translate.google.com,http://translate.google.com/translate?js=y&prev=_t&hl=da&ie=UTF-8&u=http%3A%2F%2Fwww.berlingske.dk%2Fverden%2Fprivate-beskeder-fra-911-laekkes&sl=da&tl=en
2009-11-17,09:08:12,a52oy,45,Obama to China: Stop censoring the internet. China to Obama: I think we're going to censor you on the internet,news.yahoo.com,http://news.yahoo.com/s/ap/20091116/ap_on_re_as/as_obama_china_internet
2009-11-17,23:58:59,a5au9,40,"The grave of Neda Soltan, the Iranian demonstrator whose murder was captured on a cellphone video has been desecrated by the Ahmadinejad regime in an attempt to stifle political dissent",globalpost.com,http://www.globalpost.com/dispatch/middle-east/091116/grave-iran-protestor-desecrated
2009-11-18,00:42:30,a5be6,38,"Mexico's Juarez on path to anarchy -  2000 dead so far this year. ""We have an unsustainable economy - a globalised economy - which pays very low wages. That allowed an alternative economy to be created which also globalised - drugs. Both economies are playing here.""",news.bbc.co.uk,http://news.bbc.co.uk/2/hi/americas/8364049.stm
2009-11-17,13:42:47,a558k,35,"Two-thirds of Iraq's Christians have died or fled the country due to the Iraq War. Nice going, American Christians.",original.antiwar.com,http://original.antiwar.com/vlahos/2009/11/16/iraqi-christians-seek-return-sense-extinction/
2009-11-18,05:46:00,a5eol,30,"Australian Independent Senator on the senate floor,  demanded a senate inquiry into Scientology calling it a criminal organisation that coerced abortions, assault, imprisonment, covering up sexual abuse, embezzlement of church funds and blackmail",theaustralian.com.au,http://www.theaustralian.com.au/news/nation/scientology-criminal-says-senator-nick-xenophon/story-e6frg6nf-1225799077820
2009-11-17,23:16:17,a5abn,20,Japanese politicians used a secret bottomless state fund to bribe opponents and help fund their election campaigns,telegraph.co.uk,http://www.telegraph.co.uk/news/worldnews/asia/japan/6575281/Japanese-politicians-plundered-bottomless-state-fund.html
2009-11-18,03:07:18,a5d2m,16,Staff at T-Mobile sold millions of customers' personal records.,news.bbc.co.uk,http://news.bbc.co.uk/2/hi/uk_news/8364421.stm
2009-11-17,23:49:56,a5aqb,16,"Corruption, country by country. The 2009 Transparency International index in full",guardian.co.uk,http://www.guardian.co.uk/news/datablog/2009/nov/17/corruption-index-transparency-international
2009-11-17,19:07:20,a57w2,16,The most organized lobby in the world is real and it kick ass,guardian.co.uk,http://www.guardian.co.uk/commentisfree/2009/nov/16/israel-friends-lobby-uk-politicians
2009-11-18,00:07:08,a5ayf,12,"""The massive ordnance penetrator, or MOP, now being rushed into development to be carried on B-2 and B-52 bombers. The most likely targets? Iran and North Korea.""",salon.com,http://www.salon.com/news/iran/index.html?story=/opinion/greenwald/2009/11/17/iran
2009-11-17,22:02:56,a59fz,12,"Hunger 'kills 17,000 children per day'",cnn.com,http://www.cnn.com/2009/WORLD/europe/11/17/italy.food.summit/
2009-11-18,02:13:35,a5cg4,11,The European Union has followed the United States in saying it is not ready to recognize Palestinian statehood,voanews.com,http://www.voanews.com/english/2009-11-17-voa22.cfm
2009-11-18,06:59:20,a5fao,11,"Russian rappers groove with Putin. ""I have to say that young people involved in these arts in our country give them their own Russian charm. Because rap...is being filled with social content, discusses problems of the youth.""",statesman.com,http://www.statesman.com/news/content/shared-gen/ap/Recordings/EU_Russia_Putin_In_The_House.html
2009-11-18,01:59:40,a5c9w,8,Why Pakistan is winning ITS war against the Taliban?,dailymail.co.uk,http://www.dailymail.co.uk/debate/article-1227826/Why-Pakistan-winning-ITS-war-Taliban.html
2009-11-18,01:22:10,a5bu0,11,Israel approves new homes in east Jerusalem,news.yahoo.com,http://news.yahoo.com/s/afp/20091117/wl_afp/mideastdiplomacypolitics
2009-11-17,16:36:14,a56ol,9,UK police plans to put details of violent men on register - and those who drive their wives and girlfriends to suicide could be charged with killing them!,independent.co.uk,http://www.independent.co.uk/news/uk/crime/plans-to-put-details-of-violent-men-on-register-1821740.html
2009-11-18,04:44:37,a5e1y,10,"In order to further violate the International Laws, Israel gives the green light for the construction of 900 houses in occupied East Jerusalem",english.aljazeera.net,http://english.aljazeera.net/news/middleeast/2009/11/20091117153418461311.html?hl=3825677
2009-11-17,21:39:29,a597c,7,"One man, four frauds ... and mystery of the missing £8m",guardian.co.uk,http://www.guardian.co.uk/uk/2009/nov/16/four-frauds-missing-8m
2009-11-17,15:23:13,a564u,9,Protesters: IDF used .22-caliber ammo at West Bank fence - Haaretz - Israel News,haaretz.com,http://www.haaretz.com/hasen/spages/1128403.html
2009-11-17,17:24:21,a571c,6,How America is snooping on YOU.,extradition.org.uk,http://extradition.org.uk/2008/07/07/how-america-is-snooping-on-you-and-may-soon-be-snooping-a-whole-lot-more-noobsters/
2009-11-17,15:28:02,a566a,5,West Bank Israeli Soldiers Refuse Orders to Help in Dismantling Illegal Settlements,nytimes.com,http://www.nytimes.com/2009/11/17/world/middleeast/17briefs-Westbank.html
2009-11-17,18:55:05,a57sa,7,China joins supercomputer elite,news.bbc.co.uk,http://news.bbc.co.uk/2/hi/technology/8362825.stm
2009-11-17,09:08:30,a52p5,7,Couple post pictures of their own 9 year sons sexual assualt on the web.,abc.net.au,http://www.abc.net.au/news/stories/2009/11/17/2744860.htm
2009-11-17,17:12:43,a56y9,7,South African Gold Mining Industry May Be Experiencing Its Death Throes,gbn.co.za,http://www.gbn.co.za/articles/dailynews/761/SA+Gold+Mining+Industry+May+Be+Experiencing+Its+Death+Throes.html
2009-11-17,09:06:47,a52on,7,China today: socialist or capitalist?,links.org.au,http://links.org.au/node/1355
2009-11-17,15:28:17,a566d,6,Australian surgeons separate conjoined twins after epic 27 hour operation.,news.com.au,"http://www.news.com.au/story/0,27574,26360784-421,00.html"
