2009-05-18,17:37:14,8l8qw,254,"The leader of the Tamil Tiger rebels, Velupillai Prabhakaran, is dead",news.bbc.co.uk,http://news.bbc.co.uk/2/hi/8055015.stm
2009-05-18,23:00:16,8lawm,203,"Former Mexican President Vicente Fox urges the decriminalization of marijuana in both Mexico and the US, saying ""it can’t be that the only way is for the state to use force.”",americasquarterly.org,http://www.americasquarterly.org/marijuana-legalization-mexico
2009-05-18,14:22:35,8l7kt,106,Water is becoming privatized and may soon be on the open market as a commodity. The world is running out of water and we need to spread the word and take action. Watch this Documentary called Flow: For the Love of Water and see the Truth behind the World's Water Supply,politicalpete.com,http://politicalpete.com/must-watch-documentary-flow-for-love-of-water-directed-by-irena-salina/
2009-05-18,09:30:43,8l61k,93,Canadian detective’s beer knowledge leads to jail for U.S. pedophile,theprovince.com,http://www.theprovince.com/news/Canadian+detective+beer+knowledge+leads+jail+pedophile/1599924/story.html
2009-05-19,02:41:49,8lcmc,38,I give it 72 hours tops before 4chan has hacked and ripped this entire database.,theregister.co.uk,http://www.theregister.co.uk/2009/05/17/contactpoint_follow_up/
2009-05-19,02:07:59,8lcd2,27,Banks like Citigroup-owned Banamex get away with charging Mexican credit account-holders usurious interest rates of up to 100 percent. ,corpwatch.org,http://www.corpwatch.org/article.php?id=15356
2009-05-18,13:39:37,8l7ch,25, Sabotage hits Britain's biggest cycle race,independent.co.uk,http://www.independent.co.uk/news/uk/home-news/sabotage-hits-britains-biggest-cycle-race-1686779.html
2009-05-18,12:47:46,8l733,29,Leading Muslim Scholars in Pakistan Denounce the Taliban,dawn.com,http://www.dawn.com/wps/wcm/connect/dawn-content-library/dawn/news/pakistan/12-suicide-attacks-are-un-islamic-ulema--bi-10
2009-05-18,15:12:14,8l7wt,26,Burma's Aung San Suu Kyi on trial ,news.bbc.co.uk,http://news.bbc.co.uk/2/hi/asia-pacific/8054643.stm
2009-05-18,13:32:25,8l7ax,23,(UK) Rise in use of drug tests to sack staff without redundancy pay,guardian.co.uk,http://www.guardian.co.uk/society/2009/may/18/drugs-testing-workplace-redundancy
2009-05-19,06:44:24,8lekk,20,Maoists Storm Nepal's Parliament,nytimes.com,http://www.nytimes.com/aponline/2009/05/18/world/AP-AS-Nepal.html
2009-05-18,12:37:39,8l712,14,Lithuania gets first woman head of state,news.bbc.co.uk,http://news.bbc.co.uk/2/hi/europe/8054053.stm
2009-05-18,14:38:51,8l7oj,13,Thousands Displaced By War In Pakistan,newmatilda.com,http://newmatilda.com/2009/05/18/thousands-displaced-war-pakistan
2009-05-18,12:19:55,8l6xl,11,"Pakistan Is Rapidly Adding Nuclear Arms, U.S. Say",nytimes.com,http://www.nytimes.com/2009/05/18/world/asia/18nuke.html
2009-05-19,07:10:42,8lerz,7,Iran's spiritual leader discourages electing a pro-Western president,latimes.com,"http://www.latimes.com/news/nationworld/world/la-fg-iran-election19-2009may19,0,2577929.story"
2009-05-18,00:50:36,8l3hy,8,150 newly elected MPs in India have criminal records,headlinesindia.com,http://www.headlinesindia.com/government-policy-news/ministries/150-newly-elected-mps-have-criminal-records-11685.html
2009-05-18,13:42:06,8l7cx,4,Guatemala: Thousands protest over allegations president had lawyer murdered,nzherald.co.nz,http://www.nzherald.co.nz/world/news/article.cfm?c_id=2&objectid=10573032
2009-05-19,03:46:04,8ld27,6,"""Former prime minister of Pakistan Benazir Bhutto was assassinated on the orders of the special death squad formed by former US vice-president Dick Cheney, which had already killed the Lebanese Prime Minister Rafique Al Hariri and the army chief of that country""",nation.com.pk,http://www.nation.com.pk/pakistan-news-newspaper-daily-english-online/Politics/18-May-2009/US-special-squad-killed-Benazir
2009-05-18,23:03:24,8laxy,7,A Philippine Navy Lieutenant is currently in hiding out fear for her life after exposing her country's military embezzling of millions of dollars in US aid intended to fight Islamic fundamentalist terrorism in the region,newsguy.newsvine.com,http://newsguy.newsvine.com/_news/2009/05/17/2827108-philippine-military-on-manhunt-for-whistleblower
2009-05-18,22:33:50,8lao4,5,Australian topless bathing ban urged,independent.co.uk,http://www.independent.co.uk/news/world/australasia/australian-topless-bathing-ban-urged-1687059.html
2009-05-18,11:36:53,8l6p7,2,"James Lull, Ponzi Scammer, Drives Truck Off Cliff The Day Of His Sentencing",huffingtonpost.com,http://www.huffingtonpost.com/2009/05/16/james-lull-ponzi-scammer-_n_204305.html
2009-05-18,19:43:24,8l9i3,4,Indian markets surge on Congress win,google.com,http://www.google.com/hostednews/afp/article/ALeqM5jo2HlcvY82UutdGGW0YLvAWnJiOQ
2009-05-18,19:00:20,8l97u,3,Darfur rebel leader surrenders to war crimes court; Sudanese president continues to refuse cooperation,news.yahoo.com,http://news.yahoo.com/s/afp/20090517/wl_afp/sudanconflictdarfurwarcrimesicc
2009-05-18,15:25:54,8l802,5,"Woman, 66, defends right to have baby!",smh.com.au,http://www.smh.com.au/world/woman-66-defends-right-to-have-baby-20090518-b84f.html
2009-05-19,03:06:13,8lcqp,3,Up to 70% of US aid to Pakistan 'misspent',guardian.co.uk,http://www.guardian.co.uk/world/2008/feb/27/pakistan.usa
2009-05-19,00:10:33,8lbhu,2,The hijacking of merchant ships by Somali pirates has forced the world to take notice of a country that’s been in a violent downward spiral for decades. Is there any hope for Somalia?,theweek.com,http://www.theweek.com/article/index/96483/Somalia_A_state_of_failure
2009-05-18,17:46:00,8l8sm,4,Sri Lankan rebel leader 'is dead',news.bbc.co.uk,http://news.bbc.co.uk/2/hi/in_depth/8055015.stm
2009-05-18,09:31:53,8l61q,4,The global crisis offers China a chance for change | Yasheng Huang | Comment is free | The Guardian,guardian.co.uk,http://www.guardian.co.uk/commentisfree/2009/may/17/china-economy-global-crisis
2009-05-19,00:54:32,8lbor,2,Anyone remeber how much publicity the story got when thoose guys threw acid on that girl in Afghanistan- Well now look at how much publicity it gets when it happens to thirty people but in Hong Kong.,cnn.com,http://www.cnn.com/2009/WORLD/asiapcf/05/17/hong.kong.acid.attack/
2009-05-18,19:40:18,8l9hh,0,"Pakistan Is Rapidly Adding Nuclear Arms, U.S. Says ",nytimes.com,http://www.nytimes.com/2009/05/18/world/asia/18nuke.html?_r=1&th&emc=th
