2009-11-20,21:22:13,a6ew1,1184,"FIFA and Germany helped finance a soccer stadium in the Palestinian territories.  Now that it is almost complete, Israel has decided to tear it down.",haaretz.com,http://www.haaretz.com/hasen/spages/1129433.html
2009-11-20,07:18:18,a67sf,444,Depressed woman loses benefits over Facebook photos,cbc.ca,http://www.cbc.ca/canada/montreal/story/2009/11/19/quebec-facebook-sick-leave-benefits.html
2009-11-20,06:10:16,a675t,241,Illegal Israeli settlements are diverting water in occupied territory.,csmonitor.com,http://www.csmonitor.com/2009/1119/p06s07-wome.html
2009-11-21,04:02:03,a6jfa,131,New poll: 53% of Israelis think ethnic cleansing is the solution to the conflict ,uruknet.com,http://uruknet.com/index.php?p=m60257&hd=&size=1&l=e
2009-11-21,03:05:58,a6ivi,71,British TV documentary on Israel lobby is accused of antisemitism,haaretz.com,http://www.haaretz.com/hasen/spages/1129102.html
2009-11-20,07:05:52,a67oj,42,"Regarding Afghanistan: ""In 1981, we gave them 100 mln. of free assistance. And all of that went to the elite. And there was nothing in the hamlets – no kerosene, no matches.""
– Marshall Sokolov, Soviet Minister of Defense",monthlyreview.org,http://www.monthlyreview.org/mrzine/afghanistan011109.html
2009-11-21,01:09:16,a6hle,38,"How the British lied to put a killer in power: Indonesia's President Sukarno was overthrown in 1966 and up to half a million people massacred. The BBC, the Observer and Reuters were all duped into carrying false stories manufactured by agents. ",independent.co.uk,http://www.independent.co.uk/news/world/asia/how-we-lied-to-put-a-killer-in-power-719407.html
2009-11-20,09:29:12,a68wq,28,"50 oil tankers loitering off British coast as they lie in wait for fuel price hike
",dailymail.co.uk,http://www.dailymail.co.uk/news/worldnews/article-1229337/Petrol-prices-Oil-tankers-loitering-British-coast-lie-wait-price-hikes.html
2009-11-20,18:53:46,a6dnp,27,Flood photos of severe weather in England and Scotland -- and yes Cockermouth is a real place,news.bbc.co.uk,http://news.bbc.co.uk/1/hi/talking_point/8368999.stm
2009-11-20,21:51:24,a6f58,31,Katrina flooding blamed on 'monumental negligence' of Army Corps of Engineers,cbc.ca,http://www.cbc.ca/world/story/2009/11/19/katrina-ruling019.html?ref=rss
2009-11-21,01:47:40,a6i1f,28, If the UK left the EU what would the consequences be?,news.bbc.co.uk,http://news.bbc.co.uk/2/hi/uk_news/politics/8359160.stm
2009-11-20,08:13:25,a689k,22,Cockermouth is flooded,news.bbc.co.uk,http://news.bbc.co.uk/1/hi/uk/8366360.stm
2009-11-20,12:38:36,a6aib,18,Peru arrests four people accused of killing dozens -  harvesting their fat and selling it to Europe for cosmetics,news.bbc.co.uk,http://news.bbc.co.uk/1/hi/world/americas/8369674.stm
2009-11-20,15:45:04,a6c76,16,Four people have been arrested in Peru on suspicion of killing dozens of people in order to sell their fat and tissue for cosmetic uses in Europe.,nytimes.com,http://www.nytimes.com/2009/11/20/world/americas/20peru.html
2009-11-20,12:08:00,a6a98,13,"We all know that the 'new world order' is just a crazy conspiracy, but a South Korean newspaper just told South Koreans that they must be ready for it.",english.chosun.com,http://english.chosun.com/site/data/html_dir/2009/11/18/2009111800884.html
2009-11-20,12:15:05,a6aaz,15,Portuguese Government prohibits fees in transactions involving ATM cards (via google translate),translate.google.com,http://translate.google.com/translate?js=y&prev=_t&hl=en&ie=UTF-8&u=http%3A%2F%2Feconomia.publico.clix.pt%2Fnoticia.aspx%3Fid%3D1410559&sl=pt&tl=en
2009-11-21,00:13:11,a6gum,13,Court Rejects UK Foreign Secretary David Miliband's Bid to Suppress CIA Evidence: Court accused Miliband of wanting to suppress info about CIA activities even though details had already been disclosed by the US,guardian.co.uk,http://www.guardian.co.uk/world/2009/nov/19/court-rejects-miliband-cia-request
2009-11-20,09:36:55,a68za,14,"Diplomat says Canadians handed over innocent Afghans to torture, covered it up",albertalocalnews.com,http://www.albertalocalnews.com/reddeeradvocate/news/national/Canadians_handed_over_innocent_Afghans_to_torture_diplomat__70434422.html
2009-11-21,03:07:34,a6iw8,15,Rabbi admits 'cocaine and prostitute marathon',manchestereveningnews.co.uk,http://www.manchestereveningnews.co.uk/news/s/1183459_rabbi_admits_cocaine_and_prostitute_marathon?rss=yes&utm_source=feedburner&utm_medium=feed&utm_campaign=Feed%3A+menews%2Fnews+%28News+-+Manchester+Evening+News+-+RSS+Feed%29
2009-11-21,03:37:41,a6j7c,12,"India: ""It’s the CRPF [police] that beat up doctors who go into jungle to treat patients. They beat teachers too. They behead a child in front of his grandfather, rape Adivasi [indigenous] women at will. Green Hunt will result in genocide of Adivasis. Those who survive will become Naxalites.""",southasiarev.wordpress.com,http://southasiarev.wordpress.com/2009/11/17/indian-gandhian-says-green-hunt-will-result-in-genocide-of-adivasis/
2009-11-21,04:17:02,a6jjh,12,"Just like any other pack or rabid animals, ""Tea partiers turn on each other.""",news.yahoo.com,http://news.yahoo.com/s/politico/20091120/pl_politico/29744;_ylt=AuZrXdMlTXEOItPFSVXXxuqs0NUE;_ylu=X3oDMTJ0ZDVvaWNuBGFzc2V0A3BvbGl0aWNvLzIwMDkxMTIwLzI5NzQ0BGNwb3MDNwRwb3MDNARwdANob21lX2Nva2UEc2VjA3luX2hlYWRsaW5lX2xpc3QEc2xrA3RlYXBhcnRpZXJzdA--
2009-11-20,10:04:59,a6979,13,"Israel does not only steal Palestinian water, they pollute the water that does go through to Palestinians to prevent them from using it [VID]",btselem.org,http://www.btselem.org/english/Video/20090111_Ariel_Sewage_in_Salfit.asp?reddt
2009-11-21,03:12:57,a6iy1,9,"Palin: 'Jews need a place to live'  --  ""...Palin disagrees ...that Israel halt settlement construction, although her reason for that opinion is puzzling to some (or at the least demonstrates she's not familiar with the term ""natural growth"" that much of the debate has revolved around). """,jpost.com,http://www.jpost.com/servlet/Satellite?cid=1258624597142&pagename=JPost%2FJPArticle%2FShowFull
2009-11-20,14:16:41,a6bgn,10,US yet to ratify child rights pact,english.aljazeera.net,http://english.aljazeera.net/news/americas/2009/11/2009112021830327654.html
2009-11-21,03:38:55,a6j7q,9,The dark truth about Latin American energy.,news.bbc.co.uk,http://news.bbc.co.uk/2/hi/americas/8368785.stm
2009-11-20,23:50:15,a6gjm,8,"Today marks the 20th anniversary of the murder of 
six Jesuit priest in El Salvador by the US-backed 
Salvadoran military.",democracynow.org,http://www.democracynow.org/2009/11/20/blase
2009-11-20,09:47:49,a692e,8,Israeli soldiers manning the Negev detention camp placed a cat in solitary confinement.,imemc.org,http://www.imemc.org/index.php?obj_id=53&story_id=57156
2009-11-20,13:39:39,a6b3r,8,How to feed the world.,economist.com,http://www.economist.com/opinion/displayStory.cfm?story_id=14915144
2009-11-20,09:25:15,a68vi,8,Banned by Youtube ; Inside Britain's Israel lobby,snardfarker.ning.com,http://snardfarker.ning.com/video/i-nside-b-r-i-t-a-i-ns-i-s-1
2009-11-20,13:37:26,a6b2v,6,"Mission accomplished: Eight years after a U.S.-led invasion, Afghanistan is world's worst place to be born.",reuters.com,http://www.reuters.com/article/latestCrisis/idUSN19176443
