2009-02-27,07:39:34,80m7z,226,Russian man dies of Viagra overdose after two women challenge him to 24 hour sex orgy.,asylum.com,http://www.asylum.com/2009/02/27/russian-man-dies-of-viagra-overdose-goes-out-on-top/?icid=200100397x1219546649x1201338291
2009-02-26,05:09:14,80aax,207,"Man survives 10 days in ski mountain, spouse dies. Neither police nor search and rescue teams began ground searches until Tuesday, despite helicopter pilots twice reporting they saw an SOS symbol carved into the snow.",cbc.ca,http://www.cbc.ca/canada/british-columbia/story/2009/02/25/bc-kicking-resort-ski-resort-rescue.html?ref=rss
2009-02-26,18:50:38,80flz,169,India names Pakistani colonel in connection with Mumbai terror attacks ,guardian.co.uk,http://www.guardian.co.uk/world/2009/feb/26/mumbai-terror-attacks-india
2009-02-26,15:55:02,80ekj,94,Toga party turns into rampage in New Zealand,news.bbc.co.uk,http://news.bbc.co.uk/1/hi/world/asia-pacific/7911289.stm
2009-02-26,19:48:45,80fz9,88,The Chinese navy saves Italian merchant ship from Somalian pirates,news.bbc.co.uk,http://news.bbc.co.uk/2/hi/africa/7912182.stm
2009-02-26,08:46:43,80byv,74,Dutch to Muslims: Do you really want to settle here?,religionnewsblog.com,http://www.religionnewsblog.com/14258/dutch-to-muslims-do-you-really-want-to-settle-here
2009-02-26,11:22:27,80cw7,73,Diamonds may be forever but diamond stores are not - Zales closing 115 stores,picsorlinks.com,http://picsorlinks.com/plicks/view/id/157
2009-02-27,01:23:00,80ir3,62,"Binyam Mohamed, recently released from Guantanamo, issues a statement.",guardian.co.uk,http://www.guardian.co.uk/commentisfree/2009/feb/23/binyam-mohamed-guantanamo-torture?n2=2
2009-02-27,02:13:50,80j8p,47,"Mexico is in Freefall - With cartels taking over cities and killing all anti-drug officials, the country is crying out for help – but is unlikely to get it from the US",guardian.co.uk,http://www.guardian.co.uk/commentisfree/2009/feb/25/mexico-drugs-trade
2009-02-26,21:58:29,80gtc,44,French President uses music without permission - band threaten to sue - offered 1 euro as a 'symbolic gesture',news.bbc.co.uk,http://news.bbc.co.uk/1/hi/entertainment/7912423.stm
2009-02-27,00:46:47,80idf,29,"Mr. Mohan, a Hindu, Became a Muslim to Marry His Mistress; Then Things Got Messy",online.wsj.com,http://online.wsj.com/article/SB123552228845764863.html?mod=article-outset-box
2009-02-27,01:35:39,80ivz,29,Las Vegas running out of water!?,bloomberg.com,http://www.bloomberg.com/apps/news?pid=20601109&sid=a_b86mnWn9.w&refer=home
2009-02-26,10:18:11,80cj3,22,50 people are reported to have been killed in Bangladesh after border guards stage armed mutiny,news.bbc.co.uk,http://news.bbc.co.uk/2/hi/south_asia/7911524.stm
2009-02-27,00:25:54,80i5v,20,Why Do You Kill Zaid?.. A look into why young Iraqis are joining the resistance movement in Iraq. A must watch.,youtube.com,http://www.youtube.com/watch?v=6Oh1DDFx6Kk
2009-02-27,02:01:27,80j4b,22,Government admits Britain handed suspects to US for rendition ,timesonline.co.uk,http://www.timesonline.co.uk/tol/news/politics/article5809745.ece
2009-02-26,13:04:10,80dil,20,"In the state of Zacatecas, residents of Villanueva demanded that the military take over. The soldiers came, but drug war violence got worse.",latimes.com,"http://www.latimes.com/news/nationworld/world/la-fg-mexico-drugs-breakdown26-2009feb26,0,7536662.story"
2009-02-27,02:49:21,80jmk,8,"Mexico sending 5,000 troops to besieged border city",reuters.com,http://www.reuters.com/article/topNews/idUSTRE51P0A120090226
2009-02-26,09:58:53,80cfa,8,Troubled Swiss bank UBS placed $31 billion wrong order -- the biggest in monetary terms in the history of the Tokyo Stock Exchange,cnbc.com,http://www.cnbc.com/id/29381730
2009-02-26,23:56:24,80hv5,8,John Hutton admits terror suspects were handed over for rendition,telegraph.co.uk,http://www.telegraph.co.uk/news/newstopics/politics/4839393/John-Hutton-admits-terror-suspects-were-handed-over-for-rendition.html
2009-02-26,12:01:16,80d4c,8,Oscars' mentions of gays & lesbians censored in Asia ...,google.com,http://www.google.com/hostednews/ap/article/ALeqM5j_-uHZ_r-RTTCbM7nnKPNRFvoJBgD96IG23G0
2009-02-27,02:46:15,80jl8,7,The Israelis said macaroni is banned because they don't consider it an essential food item.,mcclatchydc.com,http://www.mcclatchydc.com/226/story/62797.html
2009-02-26,20:51:27,80gce,9,"We're on the brink of disaster: Economic instability may lead to civil unrest, ethnic strife and even war",salon.com,http://www.salon.com/opinion/feature/2009/02/26/klare/index.html?source=rss&aim=/opinion/feature
2009-02-26,15:40:35,80ehc,9,"Opinion: Pakistan - Failed state in the making, or the new war zone?",digitaljournal.com,http://www.digitaljournal.com/article/268047
2009-02-26,22:43:45,80h76,8,"UK admits handing over two terror suspects to US authorities in Afghanistan, sparking claims of collusion in extraordinary rendition",news.bbc.co.uk,http://news.bbc.co.uk/1/hi/uk/7912656.stm
2009-02-26,17:11:32,80f0n,6,Japan's trade figures signal depression,guardian.co.uk,http://www.guardian.co.uk/business/2009/feb/25/larry-elliott-depression-japan
2009-02-27,02:28:31,80je4,7,CON-MISSION: Wonderful retort by a detainee during his hearing at Guantanamo,alternet.org,http://www.alternet.org/story/128516/
2009-02-26,16:25:02,80eqn,5,"Abuse of prisoners at Guantanamo Bay has worsened sharply ... as prison guards ""get their kicks in"" before the camp is closed",uk.reuters.com,http://uk.reuters.com/article/burningIssues/idUKTRE51O3TB20090225
2009-02-26,10:35:16,80cme,5,Stop obsessing about the legality of invading Iraq. The campaign itself was the real disaster,timesonline.co.uk,http://www.timesonline.co.uk/tol/comment/columnists/guest_contributors/article5804575.ece
2009-02-27,06:27:41,80ll5,5,Experts meet to fight Mexican narcotraffickers - CNN.com,cnn.com,http://www.cnn.com/2009/WORLD/americas/02/25/mexico.juarez.drugs/index.html
2009-02-26,12:34:25,80dbj,6,Indigenous people to launch legal challenge against oil firms over Canada tar sand project,guardian.co.uk,http://www.guardian.co.uk/environment/2009/feb/26/activism-carbon-emissions
