2009-08-14,11:12:36,9ahky,1069,"Americans pay $635.85 on cell phone service, compared to $131.44 per year in the Netherlands or $137.94 per year in Sweden.",consumerist.com,http://consumerist.com/5335809/congratulations-americans-we-pay-the-most-for-cellphone-service
2009-08-15,02:01:31,9aorr,457,Who is funding the Afghan Taliban? You don’t want to know... (but maybe you should),blogs.reuters.com,http://blogs.reuters.com/global/2009/08/13/who-is-funding-the-afghan-taliban-you-dont-want-to-know/
2009-08-14,23:18:29,9amyi,375,New Afgan law: husbands can deny food to wives who don't submit to their sexual demands.,guardian.co.uk,http://www.guardian.co.uk/world/2009/aug/14/afghanistan-womens-rights-rape
2009-08-14,23:43:53,9an86,281,WTF: Britain “sleepwalked into a surveillance society” -- there is a request to snoop on the public every 60 secs,telegraph.co.uk,http://www.telegraph.co.uk/news/newstopics/politics/lawandorder/6001357/A-request-to-snoop-on-public-every-60-seconds.html
2009-08-14,23:07:05,9amum,249,"An enormous system of caves, chambers and tunnels lies hidden beneath the Pyramids of Giza, according to a British explorer who claims to have found the lost underworld of the pharaohs.",vorchester.com,http://www.vorchester.com/vorchester/story.aspx?url=http%3a%2f%2fdsc.discovery.com%2fnews%2f2009%2f08%2f13%2fcaves-giza.html
2009-08-14,04:35:05,9ae7g,246,"A woman with a prosthetic arm wins her case for 
discrimination against clothing firm Abercrombie 
and Fitch.",news.bbc.co.uk,http://news.bbc.co.uk/2/hi/uk_news/england/london/8200140.stm
2009-08-14,03:04:49,9ad99,117,Solution to Israel/Palestine conflict at hand: 85% of Palestinians said to have Jewish ancestry; Can they return home now?,israelnationalnews.com,http://www.israelnationalnews.com/News/News.aspx/132800#replies
2009-08-14,22:41:13,9amkn,92,"Britons, from all sides of the political spectrum, defend against US attacks on UK public healthcare system (NHS)",youtube.com,http://www.youtube.com/watch?v=en8oUi1n4tg
2009-08-14,19:44:57,9al7d,39,"Thousands of people are flocking to a remote and mountainous village in Nepal to see a malformed baby which many are now worshiping as a god, leaving him offerings of money, food and clothes.",news.bbc.co.uk,http://news.bbc.co.uk/2/hi/south_asia/8197192.stm
2009-08-14,10:19:41,9ah6c,25,"The Madness of Japan's Happiness Party which advocates cutting taxes, encouraging women to have more than three babies, doubling the population to 300 million and attacking North Korea. ",telegraph.co.uk,http://www.telegraph.co.uk/news/worldnews/asia/japan/6016544/Japans-Happiness-Party-plans-to-attack-North-Korea.html
2009-08-15,05:18:01,9aqqq,24,"School pupil, 90, dies in Kenya",news.bbc.co.uk,http://news.bbc.co.uk/1/hi/world/africa/8202378.stm
2009-08-14,10:44:21,9ahdq,18,Iran's defeated opposition presidential candidate has said that some protesters held after last month's disputed poll were tortured to death in prison.,news.bbc.co.uk,http://news.bbc.co.uk/2/hi/middle_east/8200780.stm
2009-08-15,03:16:12,9apky,16,"UN rights chief slams Israel over Gaza violations
| Reuters",reuters.com,http://www.reuters.com/article/featuredCrisis/idUSLE479669
2009-08-15,04:53:51,9aqje,15,UK imposes Turks and Caicos rule,news.bbc.co.uk,http://news.bbc.co.uk/2/hi/uk_news/politics/8202339.stm
2009-08-15,04:45:55,9aqgo,14,"""One rabbi told soldiers in a pep talk during the Gaza war that their holiness would preserve them in the battle between the 'children of light' and the 'children of darkness.'""",csmonitor.com,http://www.csmonitor.com/2009/0814/p10s01-wome.html
2009-08-14,22:15:59,9ambb,12,Antarctic glacier 'thinning fast',news.bbc.co.uk,http://news.bbc.co.uk/1/hi/sci/tech/8200680.stm
2009-08-15,04:21:56,9aq93,12,"Manson ""family"" member released",news.bbc.co.uk,http://news.bbc.co.uk/2/hi/americas/8202137.stm
2009-08-14,16:53:18,9ak4h,11,Man accused of raping woman he met on couchsurfing.com website,telegraph.co.uk,http://www.telegraph.co.uk/news/uknews/6013980/Man-accused-of-raping-woman-he-met-on-couchsurfing.com-website.html
2009-08-14,11:18:24,9ahmz,12,"Tories say earning in the 99.9th percentile is ""chicken feed"", while out in the real world the average debt is greater than the median wage",independent.co.uk,http://www.independent.co.uk/opinion/commentators/johann-hari/johann-hari-cruel-and-out-of-control-the-new-face-of-debt-collecting-1771885.html
2009-08-14,22:47:35,9amn3,12,"A wounded pirate, found on a beach with machete wounds, said the crew attacked him and his colleagues with tools and then seized their weapons",news.bbc.co.uk,http://news.bbc.co.uk/2/hi/africa/8201110.stm
2009-08-14,22:11:34,9am9s,8,Deadly game of Kenya's gem trade,news.bbc.co.uk,http://news.bbc.co.uk/2/hi/africa/8200465.stm
2009-08-14,10:44:50,9ahdw,5,Israeli police have launched a major security operation following a report that a soldier has been kidnapped.,news.bbc.co.uk,http://news.bbc.co.uk/2/hi/middle_east/8200753.stm
2009-08-14,22:11:32,9am9r,5,NHS attack by right wing MEP on US TV 'unpatriotic'; MEP rebuked by party leader,news.bbc.co.uk,http://news.bbc.co.uk/1/hi/uk_politics/8200817.stm
2009-08-14,22:15:17,9amb1,6,Crews 'overpower Somali pirates',news.bbc.co.uk,http://news.bbc.co.uk/1/hi/world/africa/8201110.stm
2009-08-15,01:26:41,9aoep,3,Book publisher omits images of Muhammad in new book after being advised by Islamic and counterterrorism experts,guardian.co.uk,http://www.guardian.co.uk/books/2009/aug/14/publisher-bans-images-muhammad
2009-08-15,04:07:48,9aq4m,6,"Mosque gun battle rages in Gaza, hundreds of Hamas fighters and policemen surrounded then raided a mosque where followers of a radical Islamist cleric were holed up",news.bbc.co.uk,http://news.bbc.co.uk/2/hi/middle_east/8202553.stm
2009-08-14,16:39:35,9ak09,7,"Typhoon Morakot - a friend of mine in Taiwan tells me the situation there is ""complete chaos""",self.worldnews,https://www.reddit.com/r/worldnews/comments/9ak09/typhoon_morakot_a_friend_of_mine_in_taiwan_tells/
2009-08-14,19:56:29,9ala9,4,"The Government Pension ""Oil"" Fund of Norway 
owns over one percent of the global equity market",norges-bank.no,http://www.norges-bank.no/templates/article____75329.aspx
2009-08-15,01:57:33,9aoq4,4,Australian Court Grants Quadriplegic Right to Die,voanews.com,http://www.voanews.com/english/2009-08-14-voa13.cfm
2009-08-14,16:54:52,9ak4t,2,Taser to file suit over Braidwood findings. They got balls I'll give them that....,cbc.ca,http://www.cbc.ca/canada/british-columbia/story/2009/08/13/taser-braidwood081309.html?ref=rss
