2009-06-01,18:52:39,8ott0,1443,An Air France aircraft carrying 215 people has disappeared off the radar in the Atlantic Ocean off Brazil,news.bbc.co.uk,http://news.bbc.co.uk/2/hi/americas/8076848.stm
2009-06-01,05:46:55,8op90,293,Can you tell the difference between an Israeli and a Palestinian? ,haaretz.com,http://www.haaretz.com/hasen/spages/1089016.html
2009-06-01,10:43:15,8oqrk,90,"Former German MP/Judge offers $1m reward for prosecution of Bush, Cheney, Rumsfeld, and Blair",scoop.co.nz,http://scoop.co.nz/stories/HL0906/S00006.htm
2009-06-02,01:24:59,8owyv,36,North Korea starts landing exercises using amphibious vessels - may be planning attack on South Korean island,english.yonhapnews.co.kr,http://english.yonhapnews.co.kr/northkorea/2009/06/01/48/0401000000AEN20090601009600315F.HTML
2009-06-02,05:22:52,8oz4o,31,President of El Salvador sends son to France to escape the violence of his native El Salvador. Son is stabbed to death with an awl on a Parisian bridge in a random act of violence with no apparent motive.,americasquarterly.org,http://americasquarterly.org/funes-murder-trial
2009-06-01,14:29:40,8os5b,31,"Indonesian model that married Malaysian prince says she was kidnapped, drugged and sexually abused by the royal family, escapes with help of Singaporean police",thejakartaglobe.com,http://www.thejakartaglobe.com/home/i-was-drugged-and-abused/278459
2009-06-02,06:51:23,8oztr,26,"""The Attack on the LIBERTY: The Untold Story of Israel's Deadly 1967 Assault on a U.S. Spy Ship"":A Book Review and More",opednews.com,http://www.opednews.com/articles/-The-Attack-on-the-LIBERTY-by-Eileen-Fleming-090528-906.html
2009-06-02,02:53:11,8oxsm,20,El Salvador's first leftist president takes power - Hillary Clinton attended the inauguration,buenosairesherald.com,http://www.buenosairesherald.com/BreakingNews/View/2647
2009-06-01,22:35:59,8ovbw,19,Thousands of Indian farmers switching back to organic from Agribusiness' genetic engineered crops,npr.org,http://www.npr.org/templates/story/story.php?storyId=104708731
2009-06-02,03:06:39,8oxx1,11,"several hundred students are missing, maybe kidnapped in Pakistan",news.bbc.co.uk,http://news.bbc.co.uk/2/hi/south_asia/8076594.stm
2009-06-01,15:55:38,8osou,9,North Korea prepares for more missile tests,news.bbc.co.uk,http://news.bbc.co.uk/2/hi/asia-pacific/8076451.stm
2009-06-02,00:34:21,8owgs,8,"China, USA or Russia - Where is cybercrime's heart of darkness?",pcplus.co.uk,http://www.pcplus.co.uk/node/3066/
2009-06-01,08:13:48,8oq0g,10,Zimbabwe's Destitute Britons Repatriated,therightperspective.org,http://www.therightperspective.org/2009/05/31/zimbabwes-destitute-britons-repatriated/
2009-06-02,01:11:00,8owtm,8,Today's the day that Canada and the US officially become separate countries,trueslant.com,http://trueslant.com/laurieessig/2009/06/01/us-and-canada-are-officially-separate-countries/
2009-06-01,21:07:14,8oun1,9,Russian police makes first ever bittorrent raid,torrentfreak.com,http://torrentfreak.com/russian-police-make-arrests-in-first-ever-bittorrent-raid-090601/
2009-06-02,07:15:14,8p007,8,Australian tax payers to fund obesity surgery!,news.com.au,"http://www.news.com.au/story/0,27574,25573511-2,00.html"
2009-06-01,14:41:54,8os82,7,Israel stages Biggest-ever War drill,cnn.com,http://www.cnn.com/2009/WORLD/meast/05/31/israel.drill/index.html?iref=mpstoryview
2009-06-01,23:56:51,8ow3y,7,Millions in Europe sink into unemployment and poverty,wsws.org,http://www.wsws.org/articles/2009/jun2009/euro-j01.shtml
2009-06-02,01:45:26,8ox50,6,"Stay at least 1,000 feet from the border, the May 25 pamphlets advised Palestinians, or risk being shot by the IDF. The UN says the Israeli buffer zone eats up 30 percent of Gaza's arable land. ""The Israeli soldiers, they shoot at everything – dogs, sheep.""",csmonitor.com,http://www.csmonitor.com/2009/0601/p06s04-wome.html
2009-06-02,07:33:56,8p04b,5,Fears mount that North Korea is preparing to attack the South,timesonline.co.uk,http://www.timesonline.co.uk/tol/news/world/asia/article6410160.ece#cid=OTC-RSS&attr=797093
2009-06-02,04:58:08,8oyxe,5,The great carbon credit con: Why are we paying the Third World to poison its environment?,dailymail.co.uk,http://www.dailymail.co.uk/home/moslive/article-1188937/The-great-carbon-credit-eco-companies-causing-pollution.html
2009-06-01,19:00:30,8otv2,3,[breaking] Air France aeroplane goes missing off the coast of Brasil with 215 on board,news.bbc.co.uk,http://news.bbc.co.uk/1/hi/world/americas/8076848.stm
2009-06-01,22:42:33,8ovdr,7,Robert Fisk on Lebanon: A critical view from The Angry Arab blog,angryarab.blogspot.com,http://angryarab.blogspot.com/2009/05/robert-fisk-on-lebanon.html
2009-06-02,01:26:22,8owza,7,Tiananmen Square survivor pleads: Don't forget the truth,seattletimes.nwsource.com,http://seattletimes.nwsource.com/html/localnews/2009284464_idrally01m.html
2009-06-01,20:10:12,8ouag,5,"Escaping North Korea-  Defection is daunting. So is starting a new, free life.",ngm.nationalgeographic.com,http://ngm.nationalgeographic.com/2009/02/north-korea/oneill-text/1
2009-06-02,04:18:00,8oyk4,4,Special Report: Combating Piracy - Piracy is on the rise; so are efforts to stop it ,joc.com,http://www.joc.com/node/411649
2009-06-01,23:32:33,8ovuy,4,"Iraqi officials gleefully described the arrest as more significant than the capture of Saddam Hussein. Mr. Baghdadi is the leader of the most zealous group of jihadists fighting in Iraq, and he has been reported captured and killed several times before.",nytimes.com,http://www.nytimes.com/2009/05/31/weekinreview/31robertson.html
2009-06-02,03:36:28,8oy6f,4,More killings ... more protests in Kashmir,news.bbc.co.uk,http://news.bbc.co.uk/2/hi/south_asia/8076666.stm
2009-06-02,01:01:41,8owpy,1,Canada Under Attack! Border authorities shut down Akwesasne crossing ,cbc.ca,http://www.cbc.ca/canada/ottawa/story/2009/06/01/akwesasne-guards-border-guns001.html?ref=rss
2009-06-02,03:06:57,8oxx5,3,China suspended government exchanges with North Korea,bloomberg.com,http://www.bloomberg.com/apps/news?pid=20601087&sid=aT01vl_zTYJ8&refer=home
