2009-12-19,19:16:17,agghw,544,"Prague TV Tower - World's Largest Spherical 
Panorama (18 Gigapixel!!) + MegaZoom",360cities.net,http://www.360cities.net/prague-18-gigapixels
2009-12-19,10:38:46,agcn1,489,"""Identifying Israel as a racist, warmongering apartheid state is no longer a radical view, shared mainly by anti-Semites and ""Arab lovers"" - it has become the mainstream opinion.""",haaretz.com,http://www.haaretz.com/hasen/spages/1135965.html
2009-12-19,23:48:07,agidz,101,Portugal has drawn up a proposal to allow gay marriage,google.com,http://www.google.com/hostednews/ap/article/ALeqM5ik3aX3N0ru0tZv_wqU87GX6lm4lwD9CL4Q2G3
2009-12-19,08:05:47,agbl4,90,Copenhagen fails! No binding agreement. No Emission Reduction Targets. Sigh :-(,guardian.co.uk,http://www.guardian.co.uk/environment/2009/dec/18/copenhagen-deal
2009-12-20,00:55:59,agiwl,55,Vancouver goes Draconian over Olympics,ctvolympics.ca,http://www.ctvolympics.ca/news-centre/newsid=22178.html
2009-12-19,17:41:23,agfx6,43,"Thieves steal Auschwitz's ""Work Sets You Free"" sign",news.yahoo.com,http://news.yahoo.com/s/ap/20091218/ap_on_re_eu/eu_poland_auschwitz_sign_stolen;_ylt=Ao2liLOvxvKkZERyhbtioBCs0NUE;_ylu=X3oDMTQzNzNsODE2BGFzc2V0A2FwLzIwMDkxMjE4L2V1X3BvbGFuZF9hdXNjaHdpdHpfc2lnbl9zdG9sZW4EY2NvZGUDbW9zdHBvcHVsYXIEY3BvcwM0BHBvcwMxBHB0A2hvbWVfY29rZQRzZWMDeW5faGVhZGxpbmVfbGlzdARzbGsDcG9saWNlYXVzY2h3
2009-12-20,02:00:04,agjfy,36,"Israel gets billions in aid, again. How about  some ""Never Again!""?",presstv.ir,http://www.presstv.ir/detail.aspx?id=114132&sectionid=351020202
2009-12-19,17:58:16,agg1b,35,"Bones of Medieval women found in a village abandoned in 1400s during the Black Death prove the legends of large, well muscled women from there to be true.",guardian.co.uk,http://www.guardian.co.uk/science/2009/dec/17/women-yorkshire-archeaology-find
2009-12-20,01:57:51,agjf5,34,Iran's hard-line judiciary acknowledged for the first time Saturday that at least three prisoners detained after June's disputed presidential election were beaten to death by their jailers,msnbc.msn.com,http://www.msnbc.msn.com/id/34489641/ns/world_news-mideastn_africa/
2009-12-20,03:58:40,agkci,30,Colombia to build new military base on Venezuelan border,rawstory.com,http://rawstory.com/news/afp/Colombia_to_build_new_military_base_12192009.html
2009-12-19,23:10:39,agi1x,15,"Israeli doctors give sight to blind Gaza baby
",jpost.com,http://www.jpost.com/servlet/Satellite?cid=1260930874314&pagename=JPost/JPArticle/ShowFull
2009-12-20,05:31:21,agl0j,16,Palestinians fire on Egyptians building tunnel barrier on Gaza border,jpost.com,http://www.jpost.com/servlet/Satellite?pagename=JPost/JPArticle/ShowFull&cid=1260930902282
2009-12-20,02:14:05,agjjn,15,"The Palestinians were not the ones who slaughtered the Jews of Eastern Europe, yet they are the ones being slaughtered today by the Zionists. The FACT that this is denied by so many people is  sickening. ",desertpeace.wordpress.com,http://desertpeace.wordpress.com/2009/12/19/from-holocaust-denial-to-holocaust-prevention/
2009-12-20,01:04:51,agiyz,15,"Thousands of international solidarity activists will take part in the ""Gaza Freedom March"" to end Israel's blockade",thenation.com,http://www.thenation.com/doc/20100104/murray
2009-12-19,19:06:05,aggf6,12,Four Eurostar trains stuck in Channel tunnel,guardian.co.uk,http://www.guardian.co.uk/uk/2009/dec/19/four-eurostar-trains-break-down
2009-12-20,02:58:04,agjvo,15,Iran acknowledges prisoners were beaten to death ,breitbart.com,http://www.breitbart.com/article.php?id=D9CMEV200&show_article=1
2009-12-19,08:01:09,agbjp,10,Israelis move to seize a beautiful building built by a Palestinian entrepreneur and given to the custody of the Belgian government when he and his family fled Jerusalem in fear for their lives.,jpost.com,http://www.jpost.com/servlet/Satellite?cid=1260930892592&pagename=JPost%2FJPArticle%2FShowFull
2009-12-19,12:44:00,agdk3,4,"Trains stuck in Channel:  Four trains have broken down in the Channel Tunnel due to cold weather, as snow is expected to cause further disruption in parts of Britain.",news.bbc.co.uk,http://news.bbc.co.uk/2/hi/uk_news/8421875.stm
2009-12-20,02:09:40,agjia,3,Smugglers along the border of Egypt and the Gaza Strip will continue moving goods through tunnels despite the recent construction of an underground wall.,almasryalyoum.com,http://www.almasryalyoum.com/en/news/business-usual-rafah-border
2009-12-19,08:05:43,agbl3,3,Bolivia seizes land from owner of opposition TV network,knightcenter.utexas.edu,http://knightcenter.utexas.edu/blog/?q=en/node/6095
2009-12-19,20:20:10,aggxk,0,"Nigeria rebels attack oil pipeline, putting a two-month truce with the government in doubt",news.bbc.co.uk,http://news.bbc.co.uk/1/hi/world/africa/8422165.stm
2009-12-20,06:03:35,agl8j,0,"Copenhagen: Feeble, Meaningless, and Shameful Climate Sham - - The leaders of rich countries have refused to lead and instead sought to bribe and bully developing nations to sign up to the equivalent of a death warrant.",antemedius.com,http://www.antemedius.com/content/copenhagen-feeble-meaningless-and-shameful-climate-sham
2009-12-20,01:55:21,agjej,0,"Washington Post/AP, 1922: ""The Arctic ocean is warming up, icebergs are growing scarcer and in some places the seals are finding the water too hot, according to a report to the Commerce Department yesterday from Consul Ifft, at Bergen, Norway.""",wattsupwiththat.com,http://wattsupwiththat.com/2008/03/16/you-ask-i-provide-november-2nd-1922-arctic-ocean-getting-warm-seals-vanish-and-icebergs-melt/
2009-12-20,00:27:47,agioa,1,"London 'damaged' by bonus tax, Barclays chief meows",news.bbc.co.uk,http://news.bbc.co.uk/2/hi/business/8421312.stm
2009-12-19,16:45:43,agfh9,0,Copenhagen: `Imperial' climate deal rejected by poor-country delegates,links.org.au,http://links.org.au/node/1418
2009-12-20,02:02:40,agjgn,0,"Beate Arnestad, director of the documentary film, ""My daughter the terrorist,"" in an interview with CNN. The film follows 2 young, Catholic female LTTE fighters and the final end of the war. “One point they would manicure their nails,- same time polishing the weapons”.",tamilnet.com,http://tamilnet.com/art.html?catid=13&artid=30836
2009-12-19,16:43:30,agfgn,0,Indonesia: Mob of 1000 Muslims storms a church under construction (who's betting this is in Swiss newspapers),asianews.it,http://www.asianews.it/index.php?l=en&art=17159&size=A
2009-12-19,14:31:18,ageg9,0,Thieves steal Auschwitz 'Work Sets You Free' sign,mail.com,http://www.mail.com/Article.aspx/world/0/APNews/General-World-News/20091219/U_EU-Poland-Auschwitz-Sign-Stolen?pageid=1
2009-12-19,18:29:39,agg7x,1,"Caught on TV terrorist: ""I was framed""",news.bbc.co.uk,http://news.bbc.co.uk/1/hi/world/south_asia/8419996.stm
2009-12-20,01:47:42,agjcd,0,"The Ugly Canadian

The deep well of affection and respect around the world that Canada has drawn on for decades has been slowly poisoned by the Harper government",canadiandimension.com,http://canadiandimension.com/blog/2648/
