2009-09-11,18:48:18,9jhmw,870,"8.7 million North Koreans are starving: ""There are no farm animals, virtually no machinery. You know there's a problem when people have eaten all the livestock."" ",theglobeandmail.com,http://www.theglobeandmail.com/news/world/starving-in-silence/article1278941/
2009-09-12,00:33:45,9jksu,237,Raped and beaten for daring to question President Ahmadinejad's election - Times Online,timesonline.co.uk,http://www.timesonline.co.uk/tol/news/world/middle_east/article6829921.ece
2009-09-11,08:38:53,9jcsp,219,"Iraq shoe thrower, Muntadar al-Zaidi's release to be Celebrated on Monday",news.bbc.co.uk,http://news.bbc.co.uk/2/hi/middle_east/8249560.stm
2009-09-11,11:16:15,9jdzs,114,"Thatcher in secret meeting with Gorby ""The reunification of Germany is not in the interests of Britain and Western Europe.""...""We do not want a united Germany.""",timesonline.co.uk,http://www.timesonline.co.uk/tol/news/politics/article6829416.ece?token=null&offset=12&page=2
2009-09-11,03:33:17,9j9vw,62,"""What's problematic for me is it really humanises the guy"". Wait, what? Isn't the point that even terrorists are human, and that we should be aware that humans are capable of evil? Dehumanizing them just makes the problem tougher to tackle.",news.bbc.co.uk,http://news.bbc.co.uk/2/hi/americas/8248355.stm
2009-09-11,20:04:00,9ji6r,60,Australian teenager faces 7 years in jail for organising her own home abortion in the first such prosecution in Australia in over 50 years,timesonline.co.uk,http://www.timesonline.co.uk/tol/news/world/article6830145.ece
2009-09-11,12:49:09,9jeqt,48,Thatcher told Gorbachev Britain did not want German reunification - Times Online,timesonline.co.uk,http://www.timesonline.co.uk/tol/news/politics/article6829735.ece
2009-09-12,07:09:15,9jp6f,38,"This rewriting of history is spreading Europe's poison. ""Blaming the USSR for the second world war is not only absurd – it boosts the heirs of the Nazis' wartime collaborators""",guardian.co.uk,http://www.guardian.co.uk/commentisfree/2009/sep/09/second-world-war-soviet-pact
2009-09-11,19:47:49,9ji2e,20,"MOSCOW — For hundreds of years, mariners have dreamed of an Arctic shortcut that would allow them to speed trade between Asia and the West. Two German ships are poised to complete that transit for the first time, aided by the retreat of Arctic ice that scientists have linked to global warming.
",nytimes.com,http://www.nytimes.com/2009/09/11/science/earth/11passage.html?_r=1&hp
2009-09-12,04:09:19,9jner,20,Slovenia says it is ready to lift its block on Croatia's bid to join the European Union,news.bbc.co.uk,http://news.bbc.co.uk/2/hi/europe/8250441.stm
2009-09-12,02:38:38,9jmc5,19,Putin warns against Iran attack,news.bbc.co.uk,http://news.bbc.co.uk/2/hi/middle_east/8251531.stm
2009-09-11,19:15:16,9jhtx,17,"Hacker infiltrates the Sky News website and tampered with a petition to support the proposed television debate between the main party leaders, renaming it ""The Windbag Debate Petition"". ",telegraph.co.uk,http://www.telegraph.co.uk/news/newstopics/politics/gordon-brown/6170954/Sky-News-website-sabotaged-by-hacker-with-a-grudge-against-Rupert-Murdoch.html
2009-09-11,14:15:14,9jfg6,18,"Paul Hill: I was charged with seven counts of murder and was sentenced in October 1975 to life in prison. In 1989, I was freed because Scotland Yard's anti-terrorist police seriously misled the court, ""in fact they must have lied in their doctoring and manufacturing of evidence,'' said the judge",commondreams.org,http://www.commondreams.org/view/2009/09/10-6
2009-09-12,03:16:11,9jmtd,18,"David Miliband: MI6 is being investigated by the police over allegations of torture for the first time. It follows a similar investigation already launched into MI5
",telegraph.co.uk,http://www.telegraph.co.uk/news/uknews/terrorism-in-the-uk/6173739/David-Miliband-MI6-investigated-for-torture.html
2009-09-11,21:14:43,9jioy,16,"UK could face blackouts by 2016.  Public wants to maintain current lifestyle while opposing wind farms, nukes and energy imports.",news.bbc.co.uk,http://news.bbc.co.uk/2/hi/science/nature/8249540.stm
2009-09-11,23:42:17,9jk65,13,Berlusconi Says He Won't Resign Over Sex Scandal,npr.org,http://www.npr.org/templates/story/story.php?storyId=112727568&ft=1&f=1001
2009-09-12,02:58:46,9jmlo,12,"Chen Shui-bian, the former president of Taiwan who had been on trial since March for corruption, and his wife Wu Shu-chen have been fined $15 million and sentenced to life in prison.",nytimes.com,http://www.nytimes.com/2009/09/12/world/asia/12taiwan.html?partner=rss&emc=rss&pagewanted=all
2009-09-12,03:10:04,9jmr3,8,Mexico's growing obesity problem. ,globalpost.com,http://www.globalpost.com/dispatch/mexico/090825/heavy-mexico
2009-09-11,11:59:31,9jedr,7,"Under the cloak of nightfall, dozens of freshly hatched sea turtles beat tiny flippers against the wet sands of Miami Beach, inching their way toward the ocean and a life aquatic",nytimes.com,http://www.nytimes.com/2009/09/10/science/earth/10turtles.html?_r=1
2009-09-11,09:35:11,9jd6p,10,Nanny State? Police checks for people taking children to sports games.,news.bbc.co.uk,http://news.bbc.co.uk/2/hi/uk_news/8249020.stm
2009-09-12,02:31:55,9jm92,7,Taliban Control Spreads in Afghanistan,voanews.com,http://www.voanews.com/english/2009-09-11-voa10.cfm?rss=topstories
2009-09-12,03:02:08,9jmnk,7,"MI6 officers facing torture claims (""We can confirm that the Attorney General asked the Metropolitan Police to investigate a case that was a referral from the Secret Intelligence Service"")",google.com,http://www.google.com/hostednews/ukpress/article/ALeqM5iJ3SclUnnSO8_ts7aeJDvYdKaznw
2009-09-12,03:53:23,9jn82,7,Former President of the Republic of China (Taiwan) sentenced to life imprisonment,bloomberg.com,http://www.bloomberg.com/apps/news?pid=20601080&sid=amY.tLT6_t.I
2009-09-12,01:23:59,9jleo,5,"Scottish Justice Secretary Kenny MacAskill, who released the Lockerbie bomber, has a brother who is an energy-industry exec and who has worked at firms that have pitched for oil business in Libya",online.wsj.com,http://online.wsj.com/article/SB125236124305890737.html
2009-09-12,03:12:11,9jmrw,5,"The LRA has long terrorised northern Uganda, recruiting child soldiers, living off of looted villages and cutting off the lips of its victims. Now it has expanded into new territory, kidnapping Central Africans, Congolese and Sudanese -- backed, perhaps, by Sudan's northern government.",alertnet.org,http://alertnet.org/db/an_art/55866/2009/08/10-130728-1.htm
2009-09-11,19:46:32,9ji23,4,"They stalked Pepe through the backlands of Colombia for three days in June before executing him in a clearing about 60 miles from here with shots to his head and heart. But after a snapshot emerged of soldiers posing over his carcass, the group suddenly found itself on the defensive.",nytimes.com,http://www.nytimes.com/2009/09/11/world/americas/11hippo.html?hpw
2009-09-12,02:44:13,9jmev,3,"Eight years after the September 11 terrorist attacks on the World Trade Center and the Pentagon, the Pew Global Attitudes Project finds that support for Osama bin Laden has declined considerably among Muslim publics in recent years.",pewresearch.org,http://pewresearch.org/pubs/1338/declining-muslim-support-for-bin-laden-suicide-bombing
2009-09-12,02:16:51,9jm25,0,"Eight Years After 9/11, Support for Suicide Bombings and Bin Laden Still High Among Some Muslims",cnsnews.com,http://www.cnsnews.com/news/article/53865
2009-09-11,12:16:25,9jeii,0,"Australia: Couple to stand trial on abortion charges, apparently it's illegal?",abc.net.au,http://www.abc.net.au/news/stories/2009/09/11/2683030.htm
2009-09-11,18:18:44,9jhf9,0,A report by a British risk analysis company says Australians have overtaken Americans as the world's biggest carbon dioxide polluters.,abc.net.au,http://www.abc.net.au/news/stories/2009/09/11/2683439.htm
