2009-03-16,01:56:26,84ucv,178,MEXICO UNDER SIEGE - - - Drug cartels' new weaponry means war,latimes.com,"http://www.latimes.com/news/nationworld/world/la-fg-mexico-arms-race15-2009mar15,0,229992.story"
2009-03-17,00:21:53,852fp,170,Gunfire has broken out in the centre of Madagascar's capital Antananarivo as the army entered a residence of President Marc Ravalomanana,news.bbc.co.uk,http://news.bbc.co.uk/1/hi/world/africa/7946741.stm
2009-03-16,21:06:59,850gy,87,Pakistan reinstates sacked Supreme Court chief justice:  Independent judiciary restored after countrywide protests,news.bbc.co.uk,http://news.bbc.co.uk/2/hi/south_asia/7945294.stm
2009-03-16,17:51:41,84zcx,76,Left-winger wins El Salvador poll,news.bbc.co.uk,http://news.bbc.co.uk/2/hi/americas/7944899.stm
2009-03-16,22:01:47,850yv,59,Dungeon rape case dad pleads guilty to incest ,cnn.com,http://www.cnn.com/2009/WORLD/europe/03/16/austria.incest.trial.fritzl/index.html
2009-03-16,10:25:22,84wyv,55,Far right joins Israel coalition. Wonderful.,news.bbc.co.uk,http://news.bbc.co.uk/2/hi/middle_east/7945351.stm
2009-03-17,02:20:03,853lb,52,"UK Baroness: ""The constant accusation of Anti-Semitism to silence Israels critics is vindictive"" - YouTube",youtube.com,http://www.youtube.com/watch?v=JTEFUIZ4FcI
2009-03-17,06:26:56,855sx,40, Iranian drone 'shot down in Iraq',news.bbc.co.uk,http://news.bbc.co.uk/2/hi/middle_east/7946758.stm
2009-03-17,07:27:41,85687,36,More Mexican troops arrive in Juárez as part of 'Operation Chihuahua',elpasotimes.com,http://www.elpasotimes.com/ci_11921826?source=rss_viewed
2009-03-17,04:42:58,854z9,35,Ending America's Imperial Foreign Policy - Fareed Zakaria,newsweek.washingtonpost.com,http://newsweek.washingtonpost.com/postglobal/fareed_zakaria/2009/03/americas_imperial_foreign_poli.html
2009-03-16,09:10:17,84wn3,30,"Vindicated: An Ex-Scientologist’s Account of Escape, Rebirth and Justice",examiner.com,http://www.examiner.com/x-4624-Burbank-City-Buzz-Examiner~y2009m3d15-Vindicated-An-ExScientologists-Account-of-Escape-Rebirth-and-Justice
2009-03-16,11:26:30,84xag,24,"Yakko Warner sings the names of all the countries of the world, including yours!  [vid]",youtube.com,http://www.youtube.com/watch?v=IDtdQ8bTvRc
2009-03-17,00:53:59,852py,24,"Zamuda Sikujuwa shuffles to a bench in the sunshine, pushes apart her thighs with a grimace of pain and pumps her fist up and down in a lewd-looking gesture to show how the militiamen shoved an automatic rifle inside her",msnbc.msn.com,http://www.msnbc.msn.com/id/29719277/
2009-03-16,19:06:34,84zql,20,"Isreali CEO of the company that has been spying on NSA, defrauded American investors can not be extradited",informante.web.na,http://www.informante.web.na/index.php?option=com_content&task=view&id=3672&Itemid=100
2009-03-17,04:55:37,85534,21,"'Likud lobby' stifling debate, says diplomat",guardian.co.uk,http://www.guardian.co.uk/world/2009/mar/16/chas-freeman-intelligence-israel
2009-03-17,04:24:49,854ti,20,The New McCarthyism,thenation.com,http://www.thenation.com/doc/20071112/cohler-esses
2009-03-16,21:49:25,850ue,12,Al Jazeera English - Middle East - Lieberman 'to be new Israel FM',english.aljazeera.net,http://english.aljazeera.net/news/middleeast/2009/03/200931644830994751.html
2009-03-17,05:16:53,855a0,11,"Gordon Brown rejects call to set minimum prices for drinks, says he wants to protect ""sensible majority of moderate drinkers"".  ",guardian.co.uk,http://www.guardian.co.uk/politics/2009/mar/16/gordon-brown-alcohol-pricing
2009-03-16,12:40:33,84xpx,11,Foreign workers and students to be charged £50 to enter UK,telegraph.co.uk,http://www.telegraph.co.uk/news/uknews/4996319/Foreign-workers-and-students-to-be-charged-50-to-enter-UK.html
2009-03-17,02:49:09,853w6,12,Red Cross: Torture Committed At CIA Sites - CBS News,cbsnews.com,http://www.cbsnews.com/stories/2009/03/16/terror/main4869240.shtml
2009-03-16,08:59:52,84wla,8,Claims of British collusion in torture spread to Egypt,guardian.co.uk,http://www.guardian.co.uk/world/2009/mar/16/azhar-khan-torture-egypt
2009-03-17,03:43:29,854el,11,Sudanese president wants all foreign aid groups out within a year,metronews.ca,http://www.metronews.ca/toronto/world/article/197447
2009-03-17,02:22:55,853m3,8,"Switzerland agrees to assist in the pursuit of tax cheats. This is a blow to UBS, accused of helping international investors avoid taxes from their home countries",nytimes.com,http://www.nytimes.com/2009/03/14/business/worldbusiness/14tax.html?em
2009-03-17,04:39:42,854y3,8,"Having taken Chas Freeman's scalp, the neoconservatives, GOP hardliners, and the Israel lobby are looking for fresh blood, and they might feel emboldened enough to start taking the the whole of Barack Obama's foreign policy.",thenation.com,http://www.thenation.com/blogs/dreyfuss/417932/assault_on_obama_s_foreign_policy
2009-03-17,07:09:16,8563z,8,Mass Grave in Mexican Border City Yields More Bodies,laht.com,http://www.laht.com/article.asp?ArticleId=329661&CategoryId=14091
2009-03-16,22:05:14,85104,6,Ex-Marxist guerrilla party candidate wins El Salvador polls,inteldaily.com,http://www.inteldaily.com/news/144/ARTICLE/10067/2009-03-16.html
2009-03-16,17:23:53,84z8f,6,"El Salvador's former Marxist guerrillas, who fought one of the bitterest conflicts of the Cold War, finally won power through the ballot box after a tight election victory over their right-wing civil war foes. ",independent.co.uk,http://www.independent.co.uk/news/world/americas/former-guerrillas-win-power-in-el-salvador-1645867.html
2009-03-16,08:36:27,84wgp,7,Palestinian groups agree to hold elections by January,reuters.com,http://www.reuters.com/article/topNews/idUSTRE52E14T20090315
2009-03-17,06:38:26,855w1,5,El Salvador: Victorious FMLN candidate promises `to benefit the poor rather than the rich',links.org.au,http://links.org.au/node/951
2009-03-16,19:07:18,84zqp,4,Nine bodies recovered from chopper wreck off Newfoundland,theglobeandmail.com,http://www.theglobeandmail.com/servlet/story/RTGAM.20090316.wchopper0316/BNStory/National/?page=rss&id=RTGAM.20090316.wchopper0316
