2009-11-05,19:38:05,a17tc,1585,Professor David Nutt: The population is with me,news.bbc.co.uk,http://news.bbc.co.uk/1/hi/health/8343004.stm
2009-11-06,01:54:58,a1bw2,70,"Israel: ""migrant workers will receive shelter, food and medical care . . .  would perform manual labor outside the camps, but would not earn a salary. They would stay at the camp until their asylum claims are decided, which could take months or years."" Slaves?",haaretz.com,http://www.haaretz.com/hasen/spages/1126057.html
2009-11-06,04:38:57,a1dte,67,"ExxonMobil to pay Iraq $50bn in fees, plus $2 per barrel of oil moved, for exclusive development of Iraq's largest petroleum reserve (West Qurna oilfield).",guardian.co.uk,http://www.guardian.co.uk/world/2009/nov/05/exxonmobil-iraq-oil-contract-qurna
2009-11-05,11:14:41,a13ms,60,Five British soldiers gunned down while preparing for tea -- by Afghan policeman they were training ,mirror.co.uk,http://www.mirror.co.uk/2009/11/05/five-british-soldiers-gunned-down-by-afghan-policeman-they-were-training-died-while-preparing-for-tea-115875-21798492/
2009-11-05,20:45:05,a18d4,56,Dutch among lowest cannabis users in Europe: report,uk.reuters.com,http://uk.reuters.com/article/idUKTRE5A41R720091105
2009-11-05,22:37:56,a19gm,36,File-Sharers Protected Under Proposed EU Legislation,torrentfreak.com,http://torrentfreak.com/file-sharers-protected-under-proposed-eu-legislation-091105/
2009-11-06,06:40:52,a1f3d,23,A Venezuelan's account of Venezuela's ban on video games.,boingboing.net,http://www.boingboing.net/2009/11/05/venezuela-chavez-adm.html
2009-11-05,19:39:43,a17tq,23,"College of Physicians and Surgeons of British Columbia: ""Routine infant male circumcision performed on a healthy infant is now considered a non-therapeutic and medically unnecessary intervention... previously-thought prophylactic public health benefits do not out-weigh the potential risks."" [PDF :(]",cpsbc.ca,https://www.cpsbc.ca/files/u6/Circumcision-Infant-Male.pdf
2009-11-06,04:37:13,a1dsd,19,"Italy, the CIA, and rendition - What Wednesday's stunning verdict in Rome means for the ""War on Terror""",globalpost.com,http://www.globalpost.com/dispatch/diplomacy/091104/italy-the-cia-and-rendition
2009-11-06,06:54:53,a1f6x,18,Danish firm launches vitamin-rich chewing gum for 3rd world kids to help fight malnutrition and blindness,france24.com,http://www.france24.com/en/node/4918733
2009-11-06,04:29:28,a1dot,14,U.N. Set to Endorse Inquiry Into Possible War Crimes in Gaza ,nytimes.com,http://www.nytimes.com/2009/11/05/world/middleeast/05nations.html?ref=world
2009-11-05,19:44:11,a17va,18,"36 Containers from Iran - Israel Stops German Ship 
Carrying Weapons for Hezbollah",spiegel.de,"http://www.spiegel.de/international/world/0,1518,659424,00.html"
2009-11-06,07:50:43,a1fmt,12,The UN backs Gaza war crimes report ,news.bbc.co.uk,http://news.bbc.co.uk/2/hi/middle_east/8342915.stm
2009-11-05,19:44:46,a17vf,11,"Buying Itself Out of a Recession - Countries Ask 
How Germany Avoided Mass Unemployment",spiegel.de,"http://www.spiegel.de/international/business/0,1518,658952,00.html"
2009-11-05,08:19:42,a126q,11,Ex-KGB spy gunned down in Moscow,news.bbc.co.uk,http://news.bbc.co.uk/2/hi/europe/8339290.stm
2009-11-05,08:24:31,a127w,8,This is what the Nazi’s did to the Jews - Who are now doing it to the Palestinians.  [Video],howgoodisthat.wordpress.com,http://howgoodisthat.wordpress.com/2009/11/05/this-is-what-the-nazis-did-to-the-jews/
2009-11-06,04:53:21,a1dze,10,UK: Asset-seizing powers out of control as legal powers voted in to deal with terrorism and organised crime are being used for minor offences. ,guardian.co.uk,http://www.guardian.co.uk/commentisfree/libertycentral/2009/nov/05/asset-seizing-powers
2009-11-05,13:58:57,a153a,9,"The alternative left for Palestinians is to ""refocus 
their attention on the one-state solution where 
Muslims, Christians and Jews can live as equals",english.aljazeera.net,http://english.aljazeera.net/news/middleeast/2009/11/200911421151530735.html
2009-11-05,20:44:48,a18cy,8,Saudi jets 'bomb Yemen rebels' ,news.bbc.co.uk,http://news.bbc.co.uk/2/hi/middle_east/8344394.stm
2009-11-05,11:52:47,a13yl,9,Duh?: Occupiers involved in drug trade: Afghan minister,waronyou.com,http://waronyou.com/topics/duh-occupiers-involved-in-drug-trade-afghan-minister/
2009-11-06,04:04:37,a1de0,7,"Frustrated by the peace process, Palestinian president Mahmoud Abbas will not stand in 2010 elections",thelede.blogs.nytimes.com,http://thelede.blogs.nytimes.com/2009/11/05/palestinian-leader-threatens-to-quit/
2009-11-05,16:16:12,a168f,8,"Every few weeks you have to sow fear, every few months you need to make threats, and once every year or two you have to have another little war",haaretz.com,http://www.haaretz.com/hasen/spages/1126077.html
2009-11-05,23:39:31,a1a7s,4,"Iran's Arabic-language television channel, Al-Alam - ""The World""- has been taken off the air in Egypt and Saudi Arabia",jpost.com,http://www.jpost.com/servlet/Satellite?cid=1257417381208&pagename=JPost%2FJPArticle%2FShowFull
2009-11-05,23:37:15,a1a6y,4,"Hizbullah issued its first response to Israel's seizure of a cargo ship loaded with hundreds of tons of weaponry sent to the terror group from Iran: ""We have no links to ship""",jpost.com,http://www.jpost.com/servlet/Satellite?cid=1256799098694&pagename=JPost%2FJPArticle%2FShowFull
2009-11-05,18:20:44,a1774,5,Patent Lies: Who Says Saving the Planet Has to Cost a Fortune? ,spiegel.de,"http://www.spiegel.de/international/europe/0,1518,628606,00.html"
2009-11-06,05:59:15,a1epg,5,Iran tested advanced nuclear warhead design – secret report,guardian.co.uk,http://www.guardian.co.uk/world/2009/nov/05/iran-tested-nuclear-warhead-design
2009-11-06,05:55:45,a1eob,4,Narcotics usage and nascent water wars are quickly making Yemen a failed state,csmonitor.com,http://www.csmonitor.com/2009/1105/p06s13-wome.html
2009-11-06,01:22:38,a1bia,2,"Fabricating war crimes;Iran's  conventional weapons shipment is legitimate,Netanyahu says  it is a ""war crime"" ",jpost.com,http://www.jpost.com/servlet/Satellite?cid=1257417383359&pagename=JPost%2FJPArticle%2FShowFull
2009-11-06,02:28:45,a1cbv,2,After the Fall: 20 years since the Berlin Wall came down -- an interactive time-line,globalpost.com,http://www.globalpost.com/fall-of-communism-europe
2009-11-06,00:49:01,a1b4a,2,"Early foreign visitors, many of them missionaries, found “skull groves” in the jungles outside villages.",nytimes.com,http://www.nytimes.com/2009/11/06/world/asia/06myanmar.html?hp=&pagewanted=all
