2009-01-26,12:46:33,7seqf,918,"Amazing '60 Minutes' piece gives Israel 3 options: ethnic cleansing, apartheid, or democracy. ""The two state solution is dead"".",cbsnews.com,http://www.cbsnews.com/stories/2009/01/23/60minutes/main4749723.shtml
2009-01-27,04:46:16,7skz0,839,Two more critics of Vladimir Putin take bullets in the head.,washingtonpost.com,http://www.washingtonpost.com/wp-dyn/content/article/2009/01/19/AR2009011902604.html
2009-01-26,11:18:30,7seaj,287,Israeli troops shot and killed zoo animals,eyesonthelies.com,http://eyesonthelies.com/2009/01/25/israeli-troops-shot-and-killed-zoo-animals/
2009-01-26,11:04:33,7se7p,242,It's time we face the bitter truth: Israel is not a free country but a militant state overrun by religious extremists not too dissimilar to other countries in the Middle East,botlbrush.com,http://botlbrush.com/blog/?p=976
2009-01-27,02:09:51,7sjmo,189,British actress Samanta Morton: I won't work for BBC again after their refusal to broadcast Gaza appeal,belfasttelegraph.co.uk,http://www.belfasttelegraph.co.uk/entertainment/film-tv/news/samantha-morton-i-wont-work-for-bbc-again-after-gaza-refusal-14157275.html
2009-01-26,04:57:29,7sce0,186,Ongoing protests continue as BBC still refusing to air a charity appeal for aid to Gaza.,english.aljazeera.net,http://english.aljazeera.net/news/europe/2009/01/2009125185514535196.html
2009-01-27,07:45:06,7smbh,110,Israel admits to using White Phosphorus in Gaza,tpzoo.wordpress.com,http://tpzoo.wordpress.com/2009/01/26/israel-admits-to-using-white-phosphorus/
2009-01-26,11:05:00,7se7v,99,"Single woman in Morocco, a ""moderate"" Muslim country",ffrf.org,http://www.ffrf.org/fttoday/2008/oct/braasch.php
2009-01-27,05:00:12,7sl3b,98,Netanyahu would let West Bank settlements expand,news.yahoo.com,http://news.yahoo.com/s/ap/20090126/ap_on_re_mi_ea/ml_israel_palestinians
2009-01-26,12:35:35,7seoi,69,"""I have covered earthquakes, hurricanes, and the tsunami and what has happened here is as bad or worse than anything I've seen in any of those. And this was done by Israeli bulldozers.""",youtube.com,http://www.youtube.com/watch?v=p_d9IrElX_c
2009-01-26,09:47:26,7sdup,57,Extreme porn becomes illegal in the UK,uk.news.yahoo.com,http://uk.news.yahoo.com/14/20090123/tpl-extreme-porn-becomes-illegal-81c5b50.html
2009-01-27,04:59:23,7sl2x,55,New Zealand dude buys US Army secrets at thrift shop in Oklahoma.,engadget.com,http://www.engadget.com/2009/01/26/new-zealander-buys-used-mp3-player-finds-classified-us-army-fil/
2009-01-26,23:45:00,7si8z,33,Bolivia: Evo nationalizes foreign gas company on eve of constitutional vote,inteldaily.com,http://www.inteldaily.com/news/145/ARTICLE/9424/2009-01-26.html
2009-01-26,15:20:28,7sfhj,32,American viewership of Al-Jazeera English rose dramatically during the Israel-Hamas war,commondreams.org,http://www.commondreams.org/headline/2009/01/25-0
2009-01-27,05:44:31,7slh7,29,Gaza appeal the BBC refused to air,uk.youtube.com,http://uk.youtube.com/watch?v=sF2udO0VKxA
2009-01-27,02:11:31,7sjn9,33,"""We have the capability to take the world down with us. And I can assure you that that this will happen before Israel goes under.”",pakalert.wordpress.com,http://pakalert.wordpress.com/2009/01/26/israeli-professor-we-could-destroy-all-european-capitals/
2009-01-27,03:34:11,7skcr,30,YouTube - Not so cool facts about Israel - RELOADED,ie.youtube.com,http://ie.youtube.com/watch?v=mMGqOj-RFpc
2009-01-26,09:13:44,7sdoy,27,"Now go, attack Gaza and totally destroy everything. Do not spare them; put to death men and women, children and infants, cattle and sheep, camels and donkeys.' """,gulfnews.com,http://www.gulfnews.com/region/Middle_East/10278858.html
2009-01-26,21:03:01,7sh0j,30,Sky News Joins BBC in Refusal to Broadcast Gaza Appeal,cnn.com,http://www.cnn.com/2009/WORLD/europe/01/26/bbc.gaza.advert/
2009-01-27,00:43:03,7siud,28,"If Israel wants to weaken Hamas' popularity in Gaza, it's going to have to do something to match the $52 million Hamas is handing out to bereaved Palestinians.",guardian.co.uk,http://www.guardian.co.uk/world/2009/jan/26/hamas-payout-gaza-infrastructure
2009-01-27,04:41:09,7skxk,27,"The Thai government is towing Burmese refugee boats out to sea and abandoning them. Since it's a crime to insult the King of Thailand, here's a felony for you: Fuck off King of Thailand!",cnn.com,http://www.cnn.com/2009/WORLD/asiapcf/01/25/thailand.refugees/index.html?
2009-01-26,23:45:35,7si9c,22,Israeli human rights group Yesh Din calls for the dismissal of Israel's chief military chaplain for distributing a booklet that may have encouraged soldiers to break international law.,alertnet.org,http://alertnet.org/thenews/newsdesk/LQ384376.htm
2009-01-27,01:39:15,7sjcl,24,"Not the first time the military rabbis have shown true colors: 'The best of the Gentiles you should kill.', Rabbi Abraham Avidan, 1973",clal.org,http://www.clal.org/e14.html
2009-01-26,08:25:01,7sdeu,20,BBC chief Mark Thompson holds talks in Jerusalem with Ariel Sharon 2005.  Impartial?,independent.co.uk,http://www.independent.co.uk/news/people/pandora/bbc-chief-holds-peace-talks-in-jerusalem-with-ariel-sharon-517400.html
2009-01-27,00:01:46,7sifu,20,Pakistan Warns Obama to Halt Attacks,politicalaffairs.net,http://www.politicalaffairs.net/article/articleview/8025/
2009-01-26,22:18:46,7shhn,15,Iceland's government has formally collapsed.,msnbc.msn.com,http://www.msnbc.msn.com/id/28854529/
2009-01-26,08:43:51,7sdis,13,BBC HQ in Scotland occupied by protestors for Palestine,globaldayofaction.org,http://globaldayofaction.org/stopwar/index.php?option=com_content&task=view&id=994&Itemid=1
2009-01-26,16:37:24,7sfsn,11,Today is Australia Day.  Do you know who the first 10 Australian prime ministers were?,seanrasmussen.com,http://www.seanrasmussen.com/identity/the-10-first-australian-prime-ministers/
2009-01-26,23:48:19,7sial,12,Iceland's government topples amid financial mess [Seattle Times],seattletimes.nwsource.com,http://seattletimes.nwsource.com/html/businesstechnology/2008671186_apeuicelandcrisis.html
2009-01-26,14:16:46,7sf6m,10,"China calls porn ""socially destabilizing"", shuts down 1,250 sites and warns Google to filter adult material",eastasiafair.com,http://www.eastasiafair.com/2009/01/24/chinas-war-against-online-porn/
