2009-05-15,19:16:35,8kor5,573, Unsung hero : The only reason we know anything about all those claims for light bulbs and moat cleaning is that campaigning journalist Heather Brooke has spent the last five years fighting tooth and nail for MPs to come clean about their expenses ...,guardian.co.uk,http://www.guardian.co.uk/politics/2009/may/15/mps-expenses-heather-brooke-foi
2009-05-15,01:34:42,8khf8,247,"Noticed an unusual, strong burst of pro-israel comments? Here's why...",reddit.com,http://www.reddit.com/r/worldnews/comments/8bz55/during_gaza_offensive_soldier_steals_atm_card/c09kg40
2009-05-15,08:55:07,8kl1d,126,"The world elite meets again for Bilderberg: ""Nothing. Nothing is happening here. Nothing to report. There's none. Not a single member of the mainstream press.""",guardian.co.uk,http://www.guardian.co.uk/world/2009/may/14/bilderberg-charlie-skelton-dispatch?1
2009-05-15,22:48:43,8kq65,67, Boycott Israel campaign starts to bite,greenleft.org.au,http://www.greenleft.org.au/2009/794/40892
2009-05-15,08:05:56,8kkr1,53,"""If you are watching this message, it is because I was assassinated by President Alvaro Colom...""",time.com,"http://www.time.com/time/world/article/0,8599,1898360,00.html?cnn=yes"
2009-05-15,11:16:43,8kluz,22,"Australian immigration authorities told a detainee they were taking his daughter ""shopping"" before they sent her back to Iran ",smh.com.au,http://www.smh.com.au/national/detainees-daughter-was-taken-away-with-a-lie-20090514-b4t7.html?page=-1
2009-05-16,00:07:45,8kqwa,19,"Muslim famous for predicting a totally Islamified Britain, has resigned in disgrace after being revealed as the biggest swindler of them all, ripping off taxpayers more than any other single member of parliament.",news.bbc.co.uk,http://news.bbc.co.uk/2/hi/uk_news/politics/8051091.stm
2009-05-15,14:43:04,8kn2h,13,Guatemala arrests Twitter user for inciting financial panic,en.wikinews.org,http://en.wikinews.org/wiki/Guatemala_arrests_Twitter_user_for_inciting_financial_panic?curid=126307
2009-05-15,14:45:24,8kn30,7,"Our man at Bilderberg: Close, but still no cabal",guardian.co.uk,http://www.guardian.co.uk/world/2009/may/13/bilderberg-rich-cabal
2009-05-15,14:50:19,8kn4j,7,'Slumdog' (Salim) child star's home torn down,boston.com,http://www.boston.com/ae/movies/articles/2009/05/14/mumbai_authorities_tear_down_slumdog_stars_home/
2009-05-15,11:11:33,8klu2,7,Author Dan Brown feels the wrath of Catholics,nationalpost.com,http://www.nationalpost.com/news/story.html?id=1597515
2009-05-15,14:45:04,8kn2x,6,Our man at Bilderberg: in pursuit of the world's most powerful cabal<br />,guardian.co.uk,http://www.guardian.co.uk/world/2009/may/13/in-search-of-bilderberg
2009-05-15,18:33:52,8koh2,6,German government has predicted the economy will shrink 6% this year,news.bbc.co.uk,http://news.bbc.co.uk/2/hi/business/8051332.stm
2009-05-15,19:53:36,8koyg,4,Bishop of Baghdad worried that Christianity would become extinct in the Middle East,juancole.com,http://www.juancole.com/2009/05/dawa-breaks-with-uia-torture-used-to.html
2009-05-16,00:56:38,8krda,5,Sweden wants to force ISPs to save user data,thelocal.se,http://www.thelocal.se/19478/20090515/
2009-05-15,22:39:36,8kq39,4,Piratebay DDo$ attack site (http://internetavgift.se/) has been reported to the police,dn.se,http://www.dn.se/kultur-noje/musik/kontoattack-mot-pirate-bay-aklagare-polisanmals-1.867251
2009-05-15,14:07:52,8kmv9,1,"Policía Nacional del Perú: Gay Sex ""Tarnishes"" the Badge",carnalnation.com,http://carnalnation.com/content/6288/4/polic-nacional-del-gay-sex-tarnishes-badge
2009-05-16,02:21:39,8ks6h,1,Thousands flee Pakistan fighting,news.bbc.co.uk,http://news.bbc.co.uk/2/hi/south_asia/8051591.stm
2009-05-15,21:35:38,8kpmb,5,Avigdor Lieberman - To ban Israeli Arabs from marking the anniversary of the Nakba,english.aljazeera.net,http://english.aljazeera.net/news/middleeast/2009/05/2009514171043326378.html
2009-05-15,20:10:18,8kp1o,4,Vietnam veteran on spiritual quest lands Aung San Suu Kyi in prison ,telegraph.co.uk,http://www.telegraph.co.uk/news/worldnews/asia/burmamyanmar/5328502/Vietnam-veteran-on-spiritual-quest-lands-Aung-San-Suu-Kyi-in-prison.html
2009-05-15,16:20:44,8knpk,4,Shadowy Bilderberg group meet in Greece--and here's their address,timesonline.co.uk,http://www.timesonline.co.uk/tol/news/world/europe/article6283373.ece
2009-05-16,01:30:38,8krp2,2,Paul Craig Roberts on the Global Anti-Semitism Review Act,vdare.com,http://www.vdare.com/roberts/090507_israel.htm
2009-05-15,19:16:38,8kor6,1,"The rich, shadowy Bilderberg group",theglobeandmail.com,http://www.theglobeandmail.com/servlet/story/LAC.20090512.REXPLAINER12ART1848/TPStory/Business
2009-05-16,01:00:33,8kred,2,Pope ends trip with Mid-East plea,news.bbc.co.uk,http://news.bbc.co.uk/2/hi/middle_east/8051987.stm
2009-05-15,18:01:28,8koaj,0,Pakistani army readies for street battles in Swat,google.com,http://www.google.com/hostednews/ap/article/ALeqM5hkiMxbHNH0BqgpWA2ZG6VD6wVTmAD986ILCG0
2009-05-15,08:54:08,8kl18,3,The World's Best Illusion: The Secret of the Curve Ball,aip.org,http://www.aip.org/isns/reports/2009/051309visualillusion.html
2009-05-16,04:22:28,8ktb3,2,"Another African war brewing? Sudan accuses Chad of air strikes,described the alleged raids as an act of war",news.bbc.co.uk,http://news.bbc.co.uk/2/hi/africa/8052937.stm
2009-05-15,21:06:44,8kpf8,2,Moscow: US and NATO Biggest threats to International and Russian Security,globalresearch.ca,http://www.globalresearch.ca/index.php?context=va&aid=13621
2009-05-16,04:40:29,8ktgp,1, French health workers hit the streets of Paris to protest against service cuts,pww.org,http://pww.org/article/articleview/15646/
2009-05-15,09:05:12,8kl3g,2,Defining 'Success' Down,washingtonpost.com,http://www.washingtonpost.com/wp-dyn/content/article/2009/05/13/AR2009051303015.html
