2009-02-10,04:56:24,7w3bd,168,Jews tell Vatican: Holocaust denial is a crime,news.yahoo.com,http://news.yahoo.com/s/nm/20090209/wl_nm/us_pope_jews
2009-02-10,06:18:08,7w3xz,73,Mexico 'to fingerprint all mobile phone users',telegraph.co.uk,http://www.telegraph.co.uk/news/worldnews/centralamericaandthecaribbean/mexico/4573514/Mexico-to-fingerprint-all-mobile-phone-users.html
2009-02-09,10:01:41,7vvj8,57,"Who knew that ""financial stimulus package"" actually means ""sodomise the poor, and pay the rich more money""",dailymail.co.uk,http://www.dailymail.co.uk/news/article-1139251/Fury-4bn-bonuses-bailed-banks.html
2009-02-10,00:08:53,7w0kl,40,Hamas returns stolen aid.,alertnet.org,http://www.alertnet.org/thenews/newsdesk/L9563176.htm
2009-02-10,05:37:57,7w3mq,33,"Eluana Englaro, the Italian woman at the centre of a right-to-die debate, has died.",news.bbc.co.uk,http://news.bbc.co.uk/2/hi/europe/7880070.stm
2009-02-10,02:51:23,7w285,22,"Support the Iranian people, oppose Tehran’s clerical fascism",redpepper.org.uk,http://www.redpepper.org.uk/Support-the-Iranian-people-oppose
2009-02-10,02:33:05,7w221,28,Extreme right wing poised to win Israeli elections,salon.com,http://www.salon.com/opinion/greenwald/2009/02/09/israel/index.html
2009-02-09,13:07:45,7vwiu,15,"National Lawyers Guild says one Israel soldier shot three sisters, executing the 2- and 7-year-old, and paralyzing the 4-year-old",nlg.org,http://www.nlg.org/news/index.php?entry=entry090205-125948
2009-02-09,18:21:00,7vy6m,16,UK Government Plans to Keep 10-Year Travel Database of Citizens,news.bbc.co.uk,http://news.bbc.co.uk/1/hi/uk/7877182.stm
2009-02-09,20:18:27,7vysv,17,David Oddsson refuses to quit as Icelandic bank chief,icenews.is,http://www.icenews.is/index.php/2009/02/09/david-oddsson-just-will-not-quit/
2009-02-09,13:49:03,7vwsa,17,"Mexican criminals use police radio frequencies to taunt the police and to play ""narcocorrido"" music.",reuters.com,http://www.reuters.com/article/worldNews/idUSTRE51558E20090206
2009-02-09,21:05:25,7vz1y,15,Suicide challenged. A British multiple sclerosis sufferer is attempting to clarify the law on assisted suicide,edition.cnn.com,http://edition.cnn.com/2009/WORLD/europe/02/03/uk.assisted.suicide/index.html
2009-02-09,14:03:11,7vwuo,14,"In the swimming pool of Prince Bandar bin Sultan, with George Tenet, the former director of central intelligence",nytimes.com,http://www.nytimes.com/2009/02/08/books/review/LeBor-t.html?ref=review&pagewanted=print
2009-02-10,02:42:22,7w259,14,Official: Israel-Turkey trade severely damaged,ynetnews.com,"http://www.ynetnews.com/articles/0,7340,L-3668362,00.html"
2009-02-10,02:00:53,7w1qn,14,"Shepard Fairey, the street artist who designed the red, white and blue 'Hope' poster of Barack Obama, has been arrested on suspicion of defacing property with graffiti. ",telegraph.co.uk,http://www.telegraph.co.uk/culture/art/4565705/Shepard-Fairey-artist-behind-Barack-Obama-Hope-poster-arrested-over-graffiti.html
2009-02-09,10:53:12,7vvt2,12,Families destroyed by Gaza conflict,news.bbc.co.uk,http://news.bbc.co.uk/2/hi/middle_east/7878079.stm
2009-02-09,10:47:33,7vvs5,11,Israeli warplanes strike Gaza,news.com.au,"http://www.news.com.au/dailytelegraph/story/0,22049,25027546-5001028,00.html"
2009-02-10,04:35:29,7w35b,11,Woman in Italy euthanasia debate dies ,edition.cnn.com,http://edition.cnn.com/2009/HEALTH/02/09/italy.euthanasia/index.html
2009-02-09,23:49:44,7w0do,8,"Wow, Bishop Who Denied Holocaust Ousted",nytimes.com,http://www.nytimes.com/2009/02/10/world/europe/10pope.html?ref=world
2009-02-10,04:36:44,7w35q,9,"Class struggle at the Morning Star (a socialist UK newspaper) - ""You are putting your interests ahead of those of your class as a whole""",leninology.blogspot.com,http://leninology.blogspot.com/2009/02/class-struggle-at-morning-star.html
2009-02-09,21:55:13,7vzdr,10,"Israel defeats the terrorists, one tree at a time (VIDEO)",youtube.com,http://www.youtube.com/watch?v=cjwI26-zV74
2009-02-10,07:30:27,7w4hw,9,"This is serious Reddit: ""They argue that women drivers will be free to leave home alone, will unduly expose their eyes while driving and will interact with male strangers, such as traffic police and mechanics.""",dailymail.co.uk,http://www.dailymail.co.uk/news/worldnews/article-1139703/Saudi-princess-speaks-support-lifting-countrys-ban-women-drivers.html?ITO=1490
2009-02-10,04:47:44,7w38q,7,Female suicide bomber kills 24 in Sri Lanka,google.com,http://www.google.com/hostednews/ap/article/ALeqM5gVoaDFmbCYS-Usz9ACDRIengj21QD9687CSO0
2009-02-10,05:25:18,7w3jw,7,Australian firestorms prompt call to return to Aboriginal bush control,guardian.co.uk,http://www.guardian.co.uk/environment/2009/feb/09/fire-australia-aborigine
2009-02-10,03:48:15,7w2pr,7,British diplomat arrested for yelling at a television,haaretz.com,http://www.haaretz.com/hasen/spages/1062752.html
2009-02-09,08:22:45,7vv35,9,'The Jewish majority should be afraid',guardian.co.uk,http://www.guardian.co.uk/world/video/2009/feb/08/jewish-arabs-gaza-video?
2009-02-09,20:43:56,7vyxj,7,Madrid bomb blast follows ETA warning ,edition.cnn.com,http://edition.cnn.com/2009/WORLD/europe/02/09/spain.madrid.bomb/index.html
2009-02-09,22:58:12,7vzwq,6,Survey: Only one in four Gazans supports Hamas; more than half said they hold Israel responsible for the recent escalation in Gaza,haaretz.com,http://www.haaretz.com/hasen/spages/1062758.html
2009-02-10,05:02:03,7w3cx,5,Israeli Election: Which war criminal do you think will win?,reuters.com,http://www.reuters.com/article/worldNews/idUSTRE5183AE20090209
2009-02-09,17:29:20,7vxws,7,Taleban release video of Pole being beheaded as warning to foreigners,timesonline.co.uk,http://www.timesonline.co.uk/tol/news/world/asia/article5691583.ece
