2009-04-01,16:22:20,893s0,642,I can see PALIN from my REDDIT!,self.worldnews,https://www.reddit.com/r/worldnews/comments/893s0/i_can_see_palin_from_my_reddit/
2009-04-01,05:00:32,88z5m,625,Police car travelling at 90mph in a 30mph zone at night without sirens on hit and kills a young girl,news.bbc.co.uk,http://news.bbc.co.uk/1/hi/england/tyne/7975178.stm
2009-04-01,09:43:34,8917j,55,"Canadian hitman admits 28 deaths. In other news, there are hitmen in Canada.",news.bbc.co.uk,http://news.bbc.co.uk/2/hi/americas/7975704.stm
2009-04-02,01:34:59,8982d,37,What rich countries gave in foreign aid last year [chart],economist.com,http://www.economist.com/daily/news/displaystory.cfm?story_id=13400406
2009-04-02,01:28:46,89806,33,"Japan pays jobless foreigners money to go home, they must promise to not return",time.com,"http://www.time.com/time/world/article/0,8599,1888777,00.html"
2009-04-01,04:53:46,88z3f,32,"""Facing mounting U.S. opposition behind the scenes, Israel still plans to continue a covert operation to delay Iran's nuclear program by assassinating key Iranian scientists""",metimes.com,http://www.metimes.com/International/2009/03/31/israels_covert_war_on_iran_faces_disapproving_white_house/3407/
2009-04-02,01:06:52,897sj,25,New Israeli Foreign Minister Avigdor Lieberman said on Wednesday that Israel was not bound by understandings on the creation of a Palestinian state reached at a U.S.-sponsored conference at Annapolis in November 2007.,reuters.com,http://www.reuters.com/article/latestCrisis/idUSL1957776
2009-04-01,15:23:13,893dn,17,New Afghan Law to Force Women to Have Sex,cbc.ca,http://www.cbc.ca/world/story/2009/03/31/afghan-family-law-women.html
2009-04-01,09:09:59,890zd,17,Tea prices are surging. Is your mug next?,news.bbc.co.uk,http://news.bbc.co.uk/1/hi/business/7973857.stm
2009-04-01,09:07:23,890yi,16,Teacher in trouble over thong,news.bbc.co.uk,http://news.bbc.co.uk/1/hi/education/7974446.stm
2009-04-02,04:19:50,899mp,15,North Korea: We'll shoot a rocket! U.S.: We'll shoot down your rocket! North Korea: We'll shoot down your rocket shoot-downers!,guardian.co.uk,http://www.guardian.co.uk/world/2009/apr/01/north-korea-us-spy-planes
2009-04-02,03:55:03,899do,11,"Israel Not Obligated to Seek Two-State Solution, Foreign Minister Says (Do they have April Fool's in the Middle East?)",nytimes.com,http://www.nytimes.com/reuters/2009/04/01/world/international-us-israel.html
2009-04-02,04:12:06,899k8,8,Israel rejects US sponsored peace deal with Palenstine,news.bbc.co.uk,http://news.bbc.co.uk/2/hi/middle_east/7977002.stm
2009-04-02,03:23:19,8994x,8,Is it legally apartheid? - the Palestine conundrum,inewsit.com,http://www.inewsit.com/articles/entry/Is-it-legally-apartheid-the-Palestine-conundrum
2009-04-01,09:39:35,8916e,5,Earth population 'exceeds limits',news.bbc.co.uk,http://news.bbc.co.uk/1/hi/sci/tech/7974995.stm
2009-04-02,01:59:40,898bq,7,Shocker: BMW AG PURCHASES HARLEY-DAVIDSON,bmwmoa.org,http://www.bmwmoa.org/news/general_interest/shocker_bmw_ag_purchases_harley_davidson
2009-04-02,01:46:40,8986o,5,Somali pirates pick on the wrong ship,independent.co.uk,http://www.independent.co.uk/news/world/africa/naval-ship-fights-off-somali-pirates-1659425.html
2009-04-02,04:22:32,899nk,6,Sudan leader on Mecca pilgrimage,news.bbc.co.uk,http://news.bbc.co.uk/2/hi/africa/7976390.stm
2009-04-01,21:22:31,895qg,5,"Russia and US renew nuclear talks, The discussions will be the first such talks for more than a decade.",news.bbc.co.uk,http://news.bbc.co.uk/1/hi/world/europe/7976875.stm
2009-04-02,06:11:35,89alt,7,Foreign minister says Israel not bound to follow two-state path,latimes.com,"http://www.latimes.com/news/nationworld/world/la-fg-israel-lieberman2-2009apr02,0,2716988.story"
2009-04-01,19:59:13,89562,6,G20 “Terrorist Plot” Exposed As Teenagers With Plastic Guns And Fireworks ,infowars.com,http://www.infowars.com/g20-terrorist-plot-exposed-as-teenagers-with-plastic-guns-and-fireworks/
2009-04-01,21:17:57,895oy,5, Sex workers rally against new crime bill,pww.org,http://pww.org/article/articleview/15077/
2009-04-02,02:13:53,898h6,5,U.S. Must Draw the Line on Israel's Settlements,newsweek.washingtonpost.com,http://newsweek.washingtonpost.com/postglobal/needtoknow/2009/03/freeze_israels_settlements_for.html
2009-04-01,08:11:22,890lp,4,Japanese Prime Minister Taro Aso said that what his country went through after its asset price bubble burst in the early 1990s made clear that fiscal stimulus played a critical role in restoring growth.,ft.com,http://www.ft.com/cms/s/0/137b240e-1e23-11de-830b-00144feabdc0.html?nclick_check=1
2009-04-01,19:27:07,894yh,4,How ordinary Indians they could improve India if they were Prime Minister,news.bbc.co.uk,http://news.bbc.co.uk/2/hi/south_asia/7970921.stm
2009-04-01,16:19:52,893rd,3,"Lieberman, Convicted Child Beater to be Israeli Foreign Minister says all about Israeli society",self.worldnews,https://www.reddit.com/r/worldnews/comments/893rd/lieberman_convicted_child_beater_to_be_israeli/
2009-04-01,21:10:20,895mx,4,This sign at the G20 protest in London says it all!,wesay.com,http://www.wesay.com/Top_Photos/News/14200986412735/2/
2009-04-02,07:40:18,89b78,5,Guantanamo 'fun' - Miss Universe,news.bbc.co.uk,http://news.bbc.co.uk/2/hi/americas/7976207.stm
2009-04-01,14:06:58,892ty,4,"The ""War on Terror"" being phased out - Not enough people convinced, back to older excuses to pass Security Legislation",news.aol.ca,http://news.aol.ca/article/no-more-war-on-terror-clinton/582622/
2009-04-02,05:21:08,89a5k,4,"Chavez: send Bush to the ICC, not Bashir",blog.foreignpolicy.com,http://blog.foreignpolicy.com/posts/2009/03/31/chavez_send_bush_to_the_icc_not_bashir
