2009-12-01,19:47:16,a9ts4,510,"""We have seen new kinds of cancer that were not recorded in Iraq before war in 2003, types of fibrous cancer and bone cancer. These refer clearly to radiation as a cause""",washingtonpost.com,http://www.washingtonpost.com/wp-dyn/content/article/2009/12/01/AR2009120100558.html
2009-12-01,20:33:06,a9u6s,344,Former Miss Argentina dies after ass surgery ,belfasttelegraph.co.uk,http://www.belfasttelegraph.co.uk/news/world-news/former-miss-argentina-dies-after-cosmetic-surgery-on-buttocks-14581714.html
2009-12-01,04:11:05,a9ljz,195,Pirate Bay refuses to shut down. remains elusive. ,torrentfreak.com,http://torrentfreak.com/never-back-down-pirate-bay-adapts-to-stay-alive-091129/
2009-12-01,22:17:11,a9v7i,95,Hugo Chavez threatens to nationalize private banks for refusing to lend to the poor and for failing to sufficiently aid in the country's development.,guardian.co.uk,http://www.guardian.co.uk/business/feedarticle/8832734
2009-12-01,18:16:15,a9t1l,96,"Sacked by text, the Indian workers who built Dubai ",independent.co.uk,http://www.independent.co.uk/news/world/middle-east/sacked-by-text-the-indian-workers-who-built-dubai-1831651.html
2009-12-01,21:07:19,a9uii,37,"""We are not a backward people, and we are 
capable of fighting for democracy, human and 
women's rights in Afghanistan. In fact the only way 
these values will be achieved is if we struggle for 
them and win them ourselves.""",guardian.co.uk,http://www.guardian.co.uk/commentisfree/cifamerica/2009/nov/30/obama-afghanistan-troops
2009-12-01,18:22:37,a9t3o,39,"UK again shows no backbone in extradition request.""It is quite astonishing that two boys who have been found not guilty in the court in which they were tried have now been sentenced in their absence to three years' imprisonment. """,news.bbc.co.uk,http://news.bbc.co.uk/1/hi/england/essex/8387739.stm
2009-12-02,04:55:42,aa0aj,36,"East Jerusalem should be Palestinian capital, says European Union - Israel accuses EU of destroying prospects of renewed peace talks ",guardian.co.uk,http://www.guardian.co.uk/world/2009/dec/01/eu-draft-document-east-jerusalem
2009-12-01,19:22:34,a9tki,26,Five British yachtsmen have been detained by the Iranian navy,news.bbc.co.uk,http://news.bbc.co.uk/2/hi/uk_news/8387932.stm
2009-12-01,12:42:55,a9q8n,22,Maziar Bahari was jailed under the ridiculous assumption that he was a spy because of working with Jason Jones of the Daily Show [VIDEO],youtube.com,http://www.youtube.com/watch?v=RWe9ODBoC4E
2009-12-02,03:13:35,a9z5v,14,"An Italian town's ""Operation White Christmas"" aims to kick immigrants out before December 25th.",time.com,"http://www.time.com/time/world/article/0,8599,1943676,00.html"
2009-12-02,06:43:16,aa1c9,14,"As flooding continues in the Philippines, with little international aid or publicity, streets become canals and natives quietly adjust to living in a seemingly permanent flood zone instead of on dry land. ",danlawton.com,http://www.danlawton.com/2009/11/27/flooded-in-the-philippines%C2%A0/
2009-12-01,22:40:29,a9vik,13,"Iran prison doctor for the protestors 'was poisoned', prosecutors say",news.bbc.co.uk,http://news.bbc.co.uk/2/hi/middle_east/8388728.stm
2009-12-01,16:23:54,a9s6j,11,"Amy Goodman Detained at Canadian Border, Questioned About Speech…and 2010 Olympics",democracynow.org,http://www.democracynow.org/2009/11/30/amy_goodman_detained_at_canadian_border
2009-12-02,01:22:37,a9xon,12,Venice flooded by seasonal high tide,telegraph.co.uk,http://www.telegraph.co.uk/news/picturegalleries/worldnews/6693008/Venice-flooded-by-seasonal-high-tide.html
2009-12-01,10:25:24,a9p1h,11,"American troops did not expect to play a role in stabilizing Iraq after overthrowing Saddam Hussein, a key adviser to former British Prime Minister Tony Blair said Monday.",news.yahoo.com,http://news.yahoo.com/s/ap/20091201/ap_on_re_eu/eu_britain_iraq_inquiry
2009-12-01,10:41:10,a9p70,8,20 Signs That The U.K. Has Become The Most Oppressive Big Brother Society On Earth,futurestorm.blogspot.com,http://futurestorm.blogspot.com/2009/11/20-signs-that-uk-has-become-most.html
2009-12-01,16:26:09,a9s76,13,"Canada's image lies in tatters. It is now to climate what Japan is to whaling.
				Comment is free |
				The Guardian",guardian.co.uk,http://www.guardian.co.uk/commentisfree/cif-green/2009/nov/30/canada-tar-sands-copenhagen-climate-deal
2009-12-01,23:28:36,a9w62,6,"Chinese state media reveal secret, illegal jails",cnn.com,http://www.cnn.com/2009/WORLD/asiapcf/11/30/china.black.jails/index.html
2009-12-01,10:26:32,a9p23,9,"It is a great honor for me to stand here tonight as the first Somali journalist to win this award. By recognizing me, you are also recognizing the courage of the small band of working journalists still in Somalia.",newyorker.com,http://www.newyorker.com/online/blogs/georgepacker/2009/11/committee-to-protect-journalists.html
2009-12-01,21:28:53,a9upv,9,A new law has come into force making it a criminal offence for people to cause a nuisance or disturbance in NHS hospitals.,news.bbc.co.uk,http://news.bbc.co.uk/1/hi/uk/8385515.stm
2009-12-02,00:14:15,a9wq1,8,"Israeli military now hiring professional trolls -- unit forming to ""fight enemies"" online",haaretz.com,http://www.haaretz.com/hasen/spages/1131918.html
2009-12-01,21:26:14,a9up3,8,Northern Ireland - 50% rise in new HIV cases in year ,news.bbc.co.uk,http://news.bbc.co.uk/1/hi/northern_ireland/8388528.stm
2009-12-01,22:17:58,a9v80,7,Report: Teenage suicide bomber kills Pakistan provincial lawmaker in his house,mail.com,http://www.mail.com/Article.aspx/world/asia/APNews/Asia/20091201/U_AS-Pakistan?pageid=1
2009-12-02,03:49:53,a9zke,9,"The party is over in Dubai. It officially ended for the freewheeling emirate late Wednesday afternoon when Dubai World, the government-controlled investment conglomerate, announced a six-month ""standstill"" on debt repayments.",globalpost.com,http://www.globalpost.com/node/4851268
2009-12-01,11:23:38,a9pjh,6,"Venezuela closes four banks after Chavez warning, liquidates two of them",reuters.com,http://www.reuters.com/article/worldNews/idUSTRE5AT3XQ20091130
2009-12-01,17:12:55,a9skb,6,"Australian territorial government steals billions of dollars from Aboriginal communities, diverts money to help win elections",theaustralian.com.au,http://www.theaustralian.com.au/news/nation/bn-diverted-from-aid-for-aborigines-and-welfare/story-e6frg6nf-1225804773394
2009-12-02,06:31:22,aa17s,6,Morgan Stanley fears UK sovereign debt crisis in 2010 - Telegraph,telegraph.co.uk,http://www.telegraph.co.uk/finance/economics/6693162/Morgan-Stanley-fears-UK-sovereign-debt-crisis-in-2010.html
2009-12-01,13:51:25,a9qv7,4,"""Israel threatened us and we will act accordingly,"" Chavez said to his brother and friend Ahmadinejad",english.eluniversal.com,http://english.eluniversal.com/2009/11/26/en_pol_art_chavez:-israel-thre_26A3121335.shtml
2009-12-02,00:24:11,a9wvb,3,"Tesco to sell iPhone in UK at Christmas
",hardwareinsight.com,http://www.hardwareinsight.com/tesco-to-sell-iphone-in-uk/
