2009-11-27,12:39:19,a8kpv,276,"The use of condoms and other contraceptives are not to encourage sexual promiscuity, but to give Filipino women, especially mothers, the chance to determine the size of their family and to ensure health, a UN official said Wednesday.",gmanews.tv,http://www9.gmanews.tv/story/177309/its-not-about-the-sins-of-sex-but-for-women-to-control-their-lives-un-official
2009-11-27,12:07:51,a8khc,162,"Female victims of Philippines political massacre on 
Monday victims shot in genitals",news.theage.com.au,http://news.theage.com.au/breaking-news-world/massacre-victims-shot-in-genitals-govt-20091127-jw5q.html
2009-11-27,20:28:03,a8oah,92,"'What I saw was a bunch of filled-in trenches with people's arms and legs sticking out of them. For all I know, we could have killed thousands'. How the mass slaughter of a group of Iraqis went unreported.",guardian.co.uk,http://www.guardian.co.uk/world/2003/feb/14/iraq.features111
2009-11-27,11:10:05,a8k3k,91,A Chinese magazine has published an article that details a secret network of detention centers used to prevent aggrieved citizens from lodging complaints against the Chinese government.,nytimes.com,http://www.nytimes.com/2009/11/27/world/asia/27china.html?_r=1&partner=rss&emc=rss
2009-11-27,20:51:19,a8ogo,82,This pretty much sums up the situation in Dubai.,maps.google.com,"http://maps.google.com/maps?hl=en&source=hp&q=dubai&ie=UTF8&hq=&hnear=Dubai+-+United+Arab+Emirates&gl=us&ei=c8kPS_rBI5WLnQeC3OHQAw&ved=0CBEQ8gEwAA&ll=25.221394,55.139362&spn=0.00692,0.009645&t=h&z=17"
2009-11-27,21:45:03,a8our,53,The world as you've never seen it before,news.bbc.co.uk,http://news.bbc.co.uk/2/hi/uk_news/magazine/8381597.stm
2009-11-28,04:36:18,a8sew,44,BBC News - Iraq war legitimacy 'questionable'  - Well no shit!  Thanks for the info BBC.,news.bbc.co.uk,http://news.bbc.co.uk/2/hi/uk_news/politics/8382194.stm
2009-11-27,23:23:50,a8ppc,35,"Brazil President: ""We want to preserve the Amazon, but they will have to pay the price for this preservation because we never destroyed our forest like they mowed theirs down a century ago""",google.com,http://www.google.com/hostednews/ap/article/ALeqM5hUKQRt9yA6HDZZOPy9xQPz7crUoAD9C7SQDG1
2009-11-27,23:09:21,a8pkl,29,Prosecuting American 'War Crimes': The International Criminal Court claims jurisdiction over U.S. soldiers in Afghanistan,online.wsj.com,http://online.wsj.com/article/SB10001424052748704013004574519253095440312.html?mod=googlenews_wsj
2009-11-28,04:30:35,a8sd7,23,"""Billions of human beings lifted out of poverty. That task ought to be viewed with a little respect.""",metroactive.com,http://www.metroactive.com/metro/11.25.09/news-0947.html
2009-11-27,06:23:20,a8ih1,20,Women to be jailed in Mexico for having an abortion,americas.irc-online.org,http://americas.irc-online.org/am/6597
2009-11-27,15:24:11,a8m38,18,Germany General who defended massacre of Afghani civilians resigns upon revelation of evidence he was lying.,news.antiwar.com,http://news.antiwar.com/2009/11/26/german-army-chief-resigns-over-afghan-civilian-killings/
2009-11-28,06:32:26,a8t7h,16,Dubai's Fantasy Island Gamble in the Persian Gulf Comes to an Ugly End,agonist.org,http://agonist.org/numerian/20091127/dubais_fantasy_island_gamble_in_the_persian_gulf_comes_to_an_ugly_end
2009-11-27,22:39:12,a8pak,12,Bulgaria: We are in contact with aliens,metro.co.uk,http://www.metro.co.uk/weird/801860-bulgaria-in-contact-with-aliens
2009-11-28,07:47:50,a8tm0,8,Scores killed or hurt in Russia train crash,news.bbc.co.uk,http://news.bbc.co.uk/2/hi/europe/8383790.stm
2009-11-27,08:56:44,a8jb4,7,"Ireland: 250,000 strike. ""Media wanted strike to be marked by incidents of hostile general public. Many workers on pickets around the country confided that they were nervous of such a response; such has been the campaign of vilification in the pro-capitalist press.""",socialistworld.net,http://socialistworld.net/eng/2009/11/2601.html
2009-11-27,17:40:27,a8n2g,5,"Iran confiscates Nobel Peace prize of Iranian human rights lawyer (yes, the actual medal) ",haaretz.com,http://www.haaretz.com/hasen/spages/1131184.html
2009-11-27,15:16:26,a8m0s,6,US President Obama wrote a letter to Brazil's President Lula.  Apparently the letter was leaked in Brazil.  Do any Brazil redittors have the text?,brazzilmag.com,http://www.brazzilmag.com/content/view/11476/1/
2009-11-27,12:12:41,a8kih,6,"""To force a peaceful, vulnerable, misguided UFO fanatic like Gary thousands of miles away from his much-needed support network is barbaric,""",news.bbc.co.uk,http://news.bbc.co.uk/2/hi/uk_news/8382066.stm
2009-11-27,20:18:16,a8o7p,8,IAEA demands that Iran freeze work on the Qom nuclear facility immediately. ,news.bbc.co.uk,http://news.bbc.co.uk/2/hi/middle_east/8382486.stm
2009-11-28,01:19:23,a8qrt,6,German labor minister Franz Josef Jung resigned from Merkel's cabinet on Friday,spiegel.de,"http://www.spiegel.de/international/germany/0,1518,663820,00.html"
2009-11-28,02:34:34,a8rf0,4,"Toronto police raid Humane Society, charge Executive Director and management team with cruelty to animals",cbc.ca,http://www.cbc.ca/canada/toronto/story/2009/11/26/warrant-humane-society.html
2009-11-28,02:06:36,a8r6v,5,"On the anniversary of the Munbai attacks, India faces a far more vast and powerful enemy to her liberty - her own government.",theregister.co.uk,http://www.theregister.co.uk/2009/11/27/imp_india/
2009-11-27,13:04:29,a8kxq,4,A state-run magazine has published an article that details a secret network of detention centers used to prevent aggrieved citizens from lodging complaints against the Chinese government.,nytimes.com,http://www.nytimes.com/2009/11/27/world/asia/27china.html?partner=rss&emc=rss
2009-11-28,02:26:12,a8rca,3,On the hunt for China's child snatchers ,news.bbc.co.uk,http://news.bbc.co.uk/2/hi/asia-pacific/8383424.stm
2009-11-27,15:58:21,a8mcd,5,Swiss to vote on mosque minarets ban,guardian.co.uk,http://www.guardian.co.uk/world/2009/nov/26/swiss-mosques-minarets-ban-vote
2009-11-27,17:06:07,a8mt6,6,Massacre victims 'shot in genitals',abc.net.au,http://www.abc.net.au/news/stories/2009/11/27/2755888.htm
2009-11-28,03:34:24,a8rvi,5,Filipino mayor from political family charged over massacre: Witness claims to have seen Andal Ampatuan Jr ordering killings and personally firing at convoy of journalists and political rivals.,guardian.co.uk,http://www.guardian.co.uk/world/2009/nov/27/andal-ampatuan-jr-charged-massacre
2009-11-27,22:10:04,a8p2g,3,Brazil: 'Gringos' must pay to stop Amazon razing,news.yahoo.com,http://news.yahoo.com/s/ap/20091127/ap_on_re_la_am_ca/lt_amazon_summit
2009-11-28,00:50:46,a8qi8,3,Kenya: Refinery Stand-Off Poses Supply Shortage Risk in Petroleum Market,allafrica.com,http://allafrica.com/stories/200911270857.html
