2009-06-26,00:56:31,8vlq8,2475,"Screw You, Ahmadinejad! [pic]",photos-e.ak.fbcdn.net,http://photos-e.ak.fbcdn.net/hphotos-ak-snc1/hs119.snc1/4868_198552000530_851205530_7457372_8158796_n.jpg
2009-06-26,22:21:12,8vwha,536,Iranian cleric says rioters should be executed,reuters.com,http://www.reuters.com/article/worldNews/idUSTRE55F54520090626
2009-06-26,14:02:43,8vsto,327,"New Iran video, protester shot in the head at Baharstan Square.",youtube.com,http://www.youtube.com/watch?v=eEoENGm-DSs
2009-06-26,13:18:22,8vshk,65,An Australian in North Korea - an unexpected perspective on the rogue state,adrianbye.com,http://adrianbye.com/inside-north-korea-during-the-nuclear-standoff/
2009-06-27,01:14:27,8vy96,62,"Everyone's scared. There are stories going around of people arrested just because they were emailing people outside the country about what's happening in Iran, and they frighten people.",guardian.co.uk,http://www.guardian.co.uk/world/2009/jun/26/return-to-tehran-after-election
2009-06-27,00:22:46,8vxpb,54,"Iranian cleric says ""rioters"" should be executed to teach a lesson to the thousands who have protested",alertnet.org,http://www.alertnet.org/thenews/newsdesk/LP896551.htm
2009-06-26,11:21:22,8vrmo,41,"Working in Dubai, one man's story of the ugliness and treachery behind the P.R. mask",b3ta.com,http://www.b3ta.com/questions/theboss/post460435
2009-06-26,12:30:01,8vs47,33,"Representatives from 80 countries have gathered in Berlin to discuss progress of treaty banning cluster bombs. U.S., Israel, Russia, and China are not in attendance. ",google.com,http://www.google.com/hostednews/afp/article/ALeqM5idvYE5xYQCiEMJWAjFyjOb4QHLLg
2009-06-26,08:34:39,8vqc8,26,Iran doctor tells of Neda's death,news.bbc.co.uk,http://news.bbc.co.uk/1/hi/8119713.stm
2009-06-27,00:15:44,8vxmv,27,United Nations Urged to Help Rendition Victim Kidnapped by the CIA in Italy and Tortured in Morroco ,pubrecord.org,http://pubrecord.org/torture/974-united-nations-urged-to-help-rendition-victim-tortured-in-morroco.html
2009-06-26,14:38:37,8vt4h,26,"Christopher - Hitchens. No pleasing Mullahs, so why 
even try?",nationalpost.com,http://www.nationalpost.com/opinion/story.html?id=1729132
2009-06-27,02:33:21,8vz3t,22,Alcohol blamed for millions of Russian deaths ,msnbc.msn.com,http://www.msnbc.msn.com/id/31544292/ns/health-addictions/
2009-06-26,23:38:31,8vx81,17,China argues to replace US dollar,news.bbc.co.uk,http://news.bbc.co.uk/2/hi/business/8120835.stm
2009-06-27,01:01:13,8vy4l,18,AEG live is out of pocket to the tune of £300 million as they self insured all 50 of Michael Jackson's UK concerts.,scumbagmillionaire.com,http://www.scumbagmillionaire.com/oh-shit/
2009-06-27,05:08:50,8w0lr,16,"""Butcher Of The Press"" To Probe Iran Protesters - Iran's ruling regime has put the country's most feared, hard-line prosecutor in charge of interrogating arrested protesters and journalists.",cbsnews.com,http://www.cbsnews.com/blogs/2009/06/26/world/worldwatch/entry5116173.shtml?tag=stack
2009-06-27,02:11:43,8vyvr,14,"Jailed Iranian reformists tortured to force them into TV ""confessions"" of a foreign-led plot against the Islamic regime, and aimed at implicating Mousavi",guardian.co.uk,http://www.guardian.co.uk/world/2009/jun/26/iran-conspiracy-torture-reformists
2009-06-26,14:42:16,8vt5p,14,The Persian Lioness: Iranian Women in History,kavehfarrokh.com,http://www.kavehfarrokh.com/news/the-persian-lioness-iranian-women-in-history/
2009-06-26,22:02:02,8vwas,16,Japan Could Be Offered $290 Million F-22,aviationweek.com,http://www.aviationweek.com/aw/generic/story.jsp?id=news/JF22062509.xml&headline=Japan Could Be Offered $290 Million F-22&channel=defense
2009-06-27,00:25:06,8vxqj,13,Jewish groups and representatives of 49 countries are gathering in Prague for talks on returning art and possessions stolen by the Nazis.,news.bbc.co.uk,http://news.bbc.co.uk/2/hi/europe/8121169.stm
2009-06-27,01:20:04,8vybr,13,Copyfraud: Poisoning the public domain-- How web giants are stealing the future of knowledge (from all of humanity),theregister.co.uk,http://www.theregister.co.uk/2009/06/26/copyfraud/
2009-06-27,05:30:01,8w0t4,10,Awaiting an End to Injustice: Rendition Victim's Wife Speaks About Accountability and Torture (by Nahal Zamani),huffingtonpost.com,http://www.huffingtonpost.com/nahal-zamani/awaiting-an-end-to-injust_b_221604.html
2009-06-26,10:39:17,8vrce,10,"June 24th footage of the Baharestan protests that left many Mousavi supporters dead (Tehran, Iran)",youtube.com,http://www.youtube.com/watch?v=MD13WNKNGQk
2009-06-27,00:44:36,8vxy8,10,"In order to fight a movement powered by blogs & Twitter, Iranian gov't offers Lord of the Rings marathon to keep protesters at home",time.com,"http://www.time.com/time/world/article/0,8599,1906740,00.html"
2009-06-26,23:32:08,8vx5i,12,Ireland grants rights to same-sex partnerships,reuters.com,http://www.reuters.com/article/worldNews/idUSTRE55P3JF20090626
2009-06-26,15:03:00,8vtcn,10,Honduran leader defies top court,news.bbc.co.uk,http://news.bbc.co.uk/2/hi/americas/8120161.stm
2009-06-27,04:02:12,8vzzv,9,Supreme Court: Strip search of child illegal,rawstory.com,http://rawstory.com/08/news/2009/06/25/supreme-court-strip-search-of-child-illegal/
2009-06-27,05:12:59,8w0nd,9,"UK: After 30 other sites defy pro-capitalist law and join the 900 employees in supporting the original 51, all union member demands met",socialistworld.net,http://socialistworld.net/eng/2009/06/2602.html
2009-06-27,05:11:41,8w0ms,9,Want to Stop Israeli Settlements? Start with Americans,self.worldnews,https://www.reddit.com/r/worldnews/comments/8w0ms/want_to_stop_israeli_settlements_start_with/
2009-06-27,04:42:03,8w0d2,8,Iranian cleric issues stern warning,theglobeandmail.com,http://www.theglobeandmail.com/news/world/iranian-cleric-issues-stern-warning/article1198170/
2009-06-27,06:40:06,8w1e3,10,Iran empowers ‘butcher’ to interrogate opposition leaders,rawstory.com,http://rawstory.com/08/news/2009/06/25/iran-empowers-butcher-to-interrogate-opposition-leaders/
