2009-01-29,12:18:21,7t8tb,1161,Dubai in Deep Doo-Doo,timesonline.co.uk,http://www.timesonline.co.uk/tol/travel/news/article5607619.ece
2009-01-30,03:39:57,7tf7u,630,"""You are killing people."" Turkish Prime Minister Recep Tayyip Erdogan has stormed off the stage at the World Economic Forum in Davos after an argument with Israel's president. ",news.bbc.co.uk,http://news.bbc.co.uk/2/hi/business/davos/7859417.stm
2009-01-29,19:34:38,7tb8q,615,World gets its first gay head of state,independent.co.uk,http://www.independent.co.uk/news/world/europe/world-gets-its-first-gay-head-of-state-1519068.html
2009-01-30,00:46:03,7tdm3,284,Zimbabwe abandons its currency,news.bbc.co.uk,http://news.bbc.co.uk/1/hi/world/africa/7859033.stm
2009-01-30,03:08:56,7tex1,168,"""The operating permission for the firm Blackwater will not be renewed. Its chance is zero,"" said Alaa al-Taie, head of the press department at Iraq's Interior Ministry.",uk.reuters.com,http://uk.reuters.com/article/worldNews/idUKTRE50S4UC20090129?sp=true
2009-01-30,00:36:03,7tdi0,114,Soleful tribute: Bush shoe-throwing now a work of art,guardian.co.uk,http://www.guardian.co.uk/world/2009/jan/29/bush-shoe-throwing-statue
2009-01-29,22:57:16,7tcku,84,The Ministry of Defence turned large parts of the country into a giant laboratory to conduct a series of secret germ warfare tests on the public,guardian.co.uk,http://www.guardian.co.uk/politics/2002/apr/21/uk.medicalscience
2009-01-30,00:43:11,7tdkv,81,NATO top commander issues instruction to kill drug suspects without evidence of link to insurgency. Generals refuse.,news.antiwar.com,http://news.antiwar.com/2009/01/28/top-nato-commander-orders-troops-to-kill-all-opium-dealers/
2009-01-29,23:43:59,7td07,76,CBS runs an (shock!) impartial documentary on Israel,americangoy.blogspot.com,http://americangoy.blogspot.com/2009/01/cbs-runs-shock-impartial-documentary-on.html
2009-01-30,00:58:07,7tdqo,63,Israeli Government-Organized Bloggers Fight Propaganda War,ynetnews.com,"http://www.ynetnews.com/articles/1,7340,L-3663679,00.html"
2009-01-29,13:34:36,7t99v,60,"U.S. professors call for academic, cultural boycott of Israel for first time ",haaretz.com,http://www.haaretz.com/hasen/spages/1059775.html
2009-01-30,04:38:06,7tfqu,54, Turkish PM storms off in Gaza row ,news.bbc.co.uk,http://news.bbc.co.uk/1/hi/business/davos/7859417.stm
2009-01-30,04:44:00,7tfsl,43,"Israel feels left out by financial crisis, tries to warn us about Iran. How pathetic.",smh.com.au,http://www.smh.com.au/news/world/iran-more-dangerous-than-financial-crisis/2009/01/30/1232818678136.html
2009-01-29,15:34:23,7ta10,40,Ahmadinejad: Obama Must Allow Investigation of 9/11....,thememriblog.org,http://www.thememriblog.org/iran/blog_personal/en/13295.htm
2009-01-29,09:07:46,7t7mi,36,Switzerland is prepared to consider accepting prisoners released from Guantánamo,swissinfo.ch,http://www.swissinfo.ch/eng/politics/foreign_affairs/A_Swiss_home_for_Guantanamo_ex_inmates.html?siteSect=1521&sid=10227540&cKey=1232559200000&ty=st
2009-01-29,12:38:22,7t8xp,39,Israel Still Blocking Humanitarian Aid into Gaza: The Genocide Continues,nytimes.com,http://www.nytimes.com/2009/01/28/world/middleeast/28egypt.html?ex=1390885200&en=6050d4d7be5f5f3b&ei=5124
2009-01-29,09:18:25,7t7p9,35,"Russia And China Slam U.S. Economic System, Blaming It For Financial Crisis",huffingtonpost.com,http://www.huffingtonpost.com/2009/01/28/russia-and-china-slam-us_n_162007.html
2009-01-29,10:39:05,7t866,35, Iceland appoints world's first openly lesbian PM,belfasttelegraph.co.uk,http://www.belfasttelegraph.co.uk/news/world-news/iceland-appoints-worlds-first-openly-lesbian-pm-14161070.html
2009-01-30,05:36:10,7tg90,31,"Erdogan, ""The last ethical politicain"", stormed out of a heated debate in Davos over Gaza;  ",english.aljazeera.net,http://english.aljazeera.net/news/europe/2009/01/20091291976879610.html
2009-01-29,08:51:07,7t7im,29,"Britain faces worst year since 1930s, warns IMF",guardian.co.uk,http://www.guardian.co.uk/business/2009/jan/28/imf-warns-over-uk-economy
2009-01-29,23:50:19,7td2p,23,Britain has unveiled plans to provide universal broadband access.,theglobeandmail.com,http://www.theglobeandmail.com/servlet/story/RTGAM.20090129.wgtbritain0129/BNStory/Technology/?page=rss&id=RTGAM.20090129.wgtbritain0129
2009-01-29,22:42:46,7tcg7,26,Peace Recedes as Israeli Settlements Expand,antiwar.com,http://www.antiwar.com/ips/luban.php?articleid=14158
2009-01-29,18:41:48,7tayo,25,Israel kidnaps more civilians in West Bank  ,presstv.ir,http://www.presstv.ir/detail.aspx?id=84039&sectionid=351020202
2009-01-30,02:24:58,7tejo,28,Latest entry from our redditor in Somalia,reddit.com,http://www.reddit.com/r/xTRUMANx/comments/7ta21/the_xtrumanx_show_e08_the_xtrumanx_show_8th/
2009-01-29,23:44:42,7td0i,24,Iran to help reconstruct Gaza Strip,presstv.ir,http://www.presstv.ir/Detail.aspx?id=83369&sectionid=351020101
2009-01-29,13:22:02,7t97e,22,"Britain opens door to 36,000 Gurkha veterans after policy U-turn",timesonline.co.uk,http://www.timesonline.co.uk/tol/news/politics/article5607207.ece
2009-01-29,08:28:33,7t7dr,19,Putin urges closer ties with West,iht.com,http://www.iht.com/articles/2009/01/28/europe/putin.4-418162.php
2009-01-30,07:26:18,7th56,17,"In Gaza: “They are definitely testing weapons on us"" ""We found computer chips, magnetic pieces and transistors in wounds. Sometimes there are only minute pin-point punctures to the abdomen and chest.""",irishtimes.com,http://www.irishtimes.com/newspaper/weekend/2009/0124/1232474678061.html?digest=1
2009-01-30,07:59:22,7thd8,13,Giant shoe sculpture unveiled in Iraq,news.bbc.co.uk,http://news.bbc.co.uk/2/hi/middle_east/7859444.stm
2009-01-29,14:00:37,7t9fn,15,Civil rights group to Obama: Release secret Bush memos,rawstory.com,http://rawstory.com/news/2008/Civil_rights_group_to_Obama_Release_0128.html
