2009-04-28,12:08:34,8g00i,192,Muslims dont care about Swine Flu being called Swine Flu.  The Israeli minister doesn't speak for us.,self.worldnews,https://www.reddit.com/r/worldnews/comments/8g00i/muslims_dont_care_about_swine_flu_being_called/
2009-04-28,09:53:23,8fz40,133,Mexico outbreak traced to 'manure lagoons' at pig farm,timesonline.co.uk,http://www.timesonline.co.uk/tol/life_and_style/health/article6182789.ece
2009-04-28,18:49:10,8g2lg,98,Canada: Cops can now 'take all your stuff',globalresearch.ca,http://www.globalresearch.ca/index.php?context=va&aid=13371
2009-04-29,06:46:31,8g975,61,"Mexico's Senate has approved a bill decriminalizing possession of small amounts of narcotics for personal use, in order to free resources to fight violent drug cartels.",alertnet.org,http://alertnet.org/thenews/newsdesk/N28349522.htm
2009-04-29,00:07:13,8g58o,47,"Why is the news freaking out about the Swine flu? 30-40,000 people die from the regular flu in the US each year and 300-500,000 worldwide",self.worldnews,https://www.reddit.com/r/worldnews/comments/8g58o/why_is_the_news_freaking_out_about_the_swine_flu/
2009-04-29,05:26:16,8g8hv,43,A clear message must be sent to Israel: The sanctions against this settlement builder should be the start of a wider boycott of all who profit from the enforced acquisition of Palestinian land.,guardian.co.uk,http://www.guardian.co.uk/commentisfree/2009/apr/28/israel-boycott-leviev
2009-04-28,10:00:47,8fz62,43,"Baxter Healthcare - The company contracted to make a swine flu vaccine, ""accidentally"" shipped LIVE bird flu in a vaccine",ctv.ca,http://www.ctv.ca/servlet/ArticleNews/story/CTVNews/20090227/Bird_Flu_090227
2009-04-28,11:50:25,8fzwk,41,"Any news channel passing off infotainment as news should be required, by law, to have a highly visable and and scrolly message that read, ""This information is for entertainment purposes only and may not be factual"".",self.worldnews,https://www.reddit.com/r/worldnews/comments/8fzwk/any_news_channel_passing_off_infotainment_as_news/
2009-04-28,21:23:55,8g3pc,30," Ex-soldier bragged about Iraqi rape, deaths: lawyer",reuters.com,http://www.reuters.com/article/domesticNews/idUSTRE53R07N20090428
2009-04-29,00:29:46,8g5hf,25,"Lithuania's economy shrinks 12.6%, ""Our economy is falling into deep hole, and I see no positive signs in the nearest future,"" says financial analyst in Vilnius.",news.bbc.co.uk,http://news.bbc.co.uk/2/hi/business/8022961.stm
2009-04-28,19:00:03,8g2o5,24,Britain: Another “terror scare” revealed as baseless,wsws.org,http://www.wsws.org/articles/2009/apr2009/terr-a28.shtml
2009-04-29,03:42:55,8g7jq,19,Pakistani fighter jets bomb Taliban in an effort to halt advance on Islamabad,telegraph.co.uk,http://www.telegraph.co.uk/news/worldnews/asia/pakistan/5237876/Pakistani-fighter-jets-bomb-Taliban.html
2009-04-28,22:24:22,8g48w,16,Chinese students register US based website to complain,danwei.org,http://www.danwei.org/scholarship_and_education/students_complain_about_holida.php
2009-04-28,20:39:50,8g3dq,15,Swastika priest - A priest has shocked parishioners by welcoming them to church wearing a swastika armband,austriantimes.at,http://austriantimes.at/index.php?id=12871
2009-04-28,08:44:39,8fyo7,11,1976: Swine flu 'debacle' Triggeres an Enduring Public Backlash Against Flu Vaccinations,latimes.com,"http://www.latimes.com/features/health/la-sci-swine-history27-2009apr27,0,967115.story"
2009-04-28,23:47:14,8g51b,11,Dubai property prices 'fall 41%' in 3 months,news.bbc.co.uk,http://news.bbc.co.uk/2/hi/business/8022578.stm
2009-04-28,13:05:28,8g0dj,8, Israel renames unkosher swine flu,news.bbc.co.uk,http://news.bbc.co.uk/2/hi/americas/8021301.stm
2009-04-28,21:39:50,8g3tn,9,Swine Flu Container Explodes on Train in Switzerland,spiegel.de,"http://www.spiegel.de/international/zeitgeist/0,1518,621598,00.html"
2009-04-28,20:15:22,8g371,9,Three men have been cleared of helping to plan the 7/7 London suicide attacks with an alleged reconnaissance mission,news.bbc.co.uk,http://news.bbc.co.uk/2/hi/uk_news/7507842.stm
2009-04-28,22:09:19,8g439,9,A population control pressure group has issued a call for the Australian government to institute a one-child policy to ensure the continent's environmental and economic sustainability.,noonehastodietomorrow.com,http://www.noonehastodietomorrow.com/eugenics/population/1061
2009-04-28,22:29:28,8g4aj,8,Stonehenge pagan ordered to end 10-month protest,guardian.co.uk,http://www.guardian.co.uk/uk/2009/apr/28/stonehenge-pagan-protest
2009-04-28,13:44:00,8g0ni,7,Map of Swine Flu cases; updated in real-time as reports come in.  Last week this was just a few dots in Mexico,mapswineflu.com,http://mapswineflu.com/
2009-04-29,04:13:31,8g7v1,6,Putting things into perspective: How many people die of flu every year? How many died of swineflu?,theroadtothehorizon.org,http://www.theroadtothehorizon.org/2009/04/how-many-people-die-of-flu-every-year.html
2009-04-28,12:00:24,8fzyr,5,"""The United States, this fabled land of immigrants, has fallen dismally far behind countries like Australia and Canada in openness to immigration.""",theweek.com,http://www.theweek.com/article/index/95748/The_immigration_fallacy
2009-04-28,12:27:38,8g04z,4,World-renowned pianist declares he will not return to U.S.,rawstory.com,http://rawstory.com/08/blog/2009/04/27/world-renowned-pianist-declares-he-will-not-return-to-us/
2009-04-28,17:53:24,8g28p,5,Malfunctioning robot attacks and nearly kills man in Sweden. Employer is fined. ,thelocal.se,http://www.thelocal.se/19120/20090428/
2009-04-29,00:08:25,8g598,4,"Hundreds of intimate images of the wife Carla Bruni - wife of French president Nicolas Sarkozy - have been stolen, reports suggest",inthenews.co.uk,http://www.inthenews.co.uk/news/autocodes/countries/france/intimate-images-carla-bruni-stolen--$1291369.htm
2009-04-28,10:04:53,8fz77,3,Chinese Fascination with Poverty?,blog.leximo.org,http://blog.leximo.org/2009/04/chinese-fascination.html
2009-04-29,03:57:33,8g7pb,4,"According to pirate experts, Black Bart would be proud of the Somali pirates for their techniques - interesting comparison with Caribbean pirates of yore",vancouver.24hrs.ca,http://vancouver.24hrs.ca/News/world/2009/04/28/9276641.html
2009-04-29,05:15:26,8g8ep,2,Is Netanyahu goading Iran into a fight to force Obama's hand to come to Israel's rescue?,washingtonpost.com,http://www.washingtonpost.com/wp-dyn/content/article/2009/04/24/AR2009042402900.html
