2009-08-07,20:14:44,98f2a,633,"Unbelievable hypocrisy: Islamic hate preacher from the Saudi dictatorship is allowed into the UK (Jews are descendants of ""rats and pigs"", and so on) while elected Dutch anti-Islamist parliamentarian from a fellow EU member state is refused entry.",gatesofvienna.blogspot.com,http://gatesofvienna.blogspot.com/2009/08/well-at-least-hes-not-geert-wilders.html
2009-08-07,12:43:40,98bpc,412,I... I think I was just goatse'd by The Economist.,economist.com,http://www.economist.com/opinion/displayStory.cfm?story_id=14164614&source=hptextfeature
2009-08-07,20:00:02,98eym,191,US Kills Five Afghan Cucumber Farmers in Air Strike ,news.antiwar.com,http://news.antiwar.com/2009/08/06/us-kills-five-afghan-cucumber-farmers-in-air-strike/
2009-08-07,23:46:02,98gz3,181,USA: Sends Investment Defrauder Bernie Madoff to Jail. China: Executes Investment Defrauders.,blogs.wsj.com,http://blogs.wsj.com/law/2009/08/06/something-bernie-madoff-can-feel-thankful-for/
2009-08-08,06:37:28,98l96,164,"“a friend of mine was threatened with arrest for 
having a picnic in Parliament Square, her offence 
was the pink icing on her cake which spelt the word 
""peace"".”",guardian.co.uk,http://www.guardian.co.uk/commentisfree/libertycentral/2009/aug/07/mark-thomas-socpa
2009-08-07,22:25:53,98g50,136,A police officer who was renowned for his work against London drug dealers was found dead in his flat from a heroin overdose,dailymail.co.uk,http://www.dailymail.co.uk/news/article-1204970/Robocop-targeted-drug-dealer-died-heroin-overdose.html
2009-08-07,14:49:46,98coa,86,Not The Onion: China lawyer who fought unfair arrest is arrested,latimes.com,"http://www.latimes.com/news/nationworld/world/la-fg-china-lawyer7-2009aug07,0,1044177.story"
2009-08-08,00:49:41,98hol,78,UK Government claims that the story about the ID card being hacked in 12 minutes is absolute rubbish ,computerweekly.com,http://www.computerweekly.com/Articles/2009/08/07/237247/id-card-cannot-be-hacked-uk-government-claims-encryption-secrets.htm
2009-08-07,23:43:05,98gxp,50,"In kingdom, Saudi prince's coup 'fails'. ""Saudi Prince Bandar bin Sultan, the kingdom's former ambassador to the United States, is reportedly under house arrest over a conspiracy against the monarch.""",presstv.ir,http://www.presstv.ir/detail.aspx?id=102313
2009-08-08,02:18:49,98iq2,51,Clinton deal lowers HIV drug cost in poor nations,news.yahoo.com,http://news.yahoo.com/s/ap/20090806/ap_on_re_us/us_clinton_hiv_drugs
2009-08-07,15:17:00,98cvu,47,How Nixon helped Israel seal its nuclear ambiguity,haaretz.com,http://www.haaretz.com/hasen/spages/1105811.html
2009-08-07,15:02:56,98crw,42,"Heavy metals scandal, Beijing arrests journalists rather than help the sick",heraldmalaysia.com,"http://www.heraldmalaysia.com/news/storydetails.php/Heavy-metals-scandal,-Beijing-arrests-journalists-rather-than-help-the-sick/2022-1-1"
2009-08-07,08:30:39,989sa,35,'Hero' Greek woman sets fire to drunken Briton's genitals  - Telegraph,telegraph.co.uk,http://www.telegraph.co.uk/news/worldnews/europe/greece/5984266/Hero-Greek-woman-sets-fire-to-drunken-Britons-genitals.html
2009-08-07,19:19:51,98enb,32,"Malaysia examines Internet filter, tougher controls",reuters.com,http://www.reuters.com/article/marketsNews/idINSP37415520090806?rpc=44&sp=true
2009-08-07,08:20:21,989pu,32,"""We're talking about the Yankees, the most aggressive nation in human history."" ",news.bbc.co.uk,http://news.bbc.co.uk/2/hi/americas/8186767.stm
2009-08-07,14:02:20,98cag,30,"Journalists Entered North Korea, Sister Says",nytimes.com,http://www.nytimes.com/2009/08/07/world/asia/07korea.html
2009-08-07,18:07:35,98e4v,30,"White House says policy toward North Korea unchanged
",thestar.com.my,http://thestar.com.my/news/story.asp?file=/2009/8/7/worldupdates/2009-08-07T010459Z_01_NOOTR_RTRMDNC_0_-415906-2&sec=Worldupdates
2009-08-07,02:42:10,986lk,27,Rights group: Hamas may have committed war crimes,news.yahoo.com,http://news.yahoo.com/s/ap/20090806/ap_on_re_mi_ea/ml_palestinians_war_crimes
2009-08-08,01:51:38,98iee,25,Israel arrests leader of Bil’in non-violent protests - part of ongoing Israeli efforts to end the nonviolent resistance,mondoweiss.net,http://mondoweiss.net/2009/08/israel-arrests-mohammad-khatib-leader-of-bilin-non-violent-protests.html
2009-08-08,03:25:15,98jh0,24,"There has long been a split on the left between rationalists and relativists, between those who are willing to stand up for liberty in all circumstances and those who hide behind cultural relativism and a ""who are we to judge"" mentality to avoid doing so",scienceblogs.com,http://scienceblogs.com/dispatches/2009/08/barbarism_and_cultural_relativ.php?utm_source=mostactive&utm_medium=link
2009-08-07,17:07:33,98dpt,22,"Attack on Christians a further crisis for Pakistan
",latimes.com,"http://www.latimes.com/news/nationworld/world/la-fg-pakistan-christians6-2009aug06,0,6339891.story"
2009-08-07,19:31:32,98eqm,22,Rehabilitated: Nobel Prize winner who fell for Hitler,independent.co.uk,http://www.independent.co.uk/news/world/europe/rehabilitated-nobel-prize-winner-who-fell-for-hitler-1768518.html
2009-08-07,13:37:56,98c4n,19,"South Korea: Class war in midst of economic crisis -- Ssangyong workers occupy plant, win partial victory",links.org.au,http://links.org.au/node/1187
2009-08-07,10:32:20,98aoz,18,"Divisions rock Palestinian Fatah conference: first Fatah party conference in 20 years has been extended amid infighting between delegates, some reformists walked out",english.aljazeera.net,http://english.aljazeera.net/news/middleeast/2009/08/20098694357133127.html
2009-08-08,01:02:29,98htr,19,"A remote, little-known people are at the center of China’s worst ethnic violence in decades.",theweek.com,http://www.theweek.com/article/index/99263/The_plight_of_the_Uighurs
2009-08-07,23:11:43,98glm,18,Burma - Three innocent men are tortured into confessing to a bomb plot,ahrchk.net,http://www.ahrchk.net/ua/mainfile.php/2009/3228/
2009-08-07,18:06:00,98e4o,13,"Quotes of the Morning
",blogs.abcnews.com,http://blogs.abcnews.com/theworldnewser/2009/08/quotes-of-the-morning-3.html
2009-08-07,23:12:50,98glt,14,Taiwan braces for Typhoon Morakot ,english.aljazeera.net,http://english.aljazeera.net/news/asia-pacific/2009/08/2009875242685646.html
2009-08-07,23:02:38,98gia,12,"""There are good reasons for noninterference in the Iranian election process. But it is weird for any American administration to display so little revulsion against the kind of mass repression we see in Iran""",theweek.com,http://www.theweek.com/bullpen/column/99324/Has_Obama_turned_his_back_on_dissidents
2009-08-07,11:20:39,98b3e,13,"US and Pakistani officials have said they are checking reports that the leader of the Taliban in Pakistan, Baitullah Mehsud, has been killed.",news.bbc.co.uk,http://news.bbc.co.uk/2/hi/south_asia/8188859.stm
