2009-07-09,08:12:26,8zgk7,935,"Australia town bans the sale of bottled water, first community in the world to do so",news.bbc.co.uk,http://news.bbc.co.uk/2/hi/asia-pacific/8141569.stm
2009-07-09,21:54:35,8zmzp,726,"She is fifteen. He is sixteen. She lures him into an ambush. Prepared by his rival. He is stabbed and beaten with baseball bats. He dies. The girl and the boy trot off, she carrying his hoodie and a bloody purse.",belfasttelegraph.co.uk,http://www.belfasttelegraph.co.uk/news/local-national/honey-trap-girl-lured-teen-to-a-horrific-death-14392929.html
2009-07-09,18:17:14,8zl7u,213,Pictures from those uighar-han riots we've been reading about (graphic),cn.chinareviewnews.com,http://cn.chinareviewnews.com/doc/1010/1/5/5/101015529_2.html?coluid=7&kindid=0&docid=101015529&mdate=0707155614
2009-07-09,23:47:00,8zo79,160,Iran Erupts Again,andrewsullivan.theatlantic.com,http://andrewsullivan.theatlantic.com/the_daily_dish/2009/07/iran-erupts-again.html
2009-07-09,20:43:01,8zme2,93,"Swiss unions demand six - that's right, six - weeks vacation for all",swissinfo.ch,http://www.swissinfo.ch/eng/front/Pressure_grows_for_six_weeks_vacation.html?siteSect=105&sid=10930119&cKey=1247138659000&ty=st
2009-07-10,02:43:33,8zqb3,78,"""Drones kill X amount of people in country Y"" (I see this headlines so often I have become numb to the fact that unmanned machines are killing humans). Its like we are in a 1980's sci-fi film or something...",news.bbc.co.uk,http://news.bbc.co.uk/2/hi/south_asia/8139739.stm
2009-07-10,01:23:48,8zpdt,57,Fox News owner under phone hacking investigation - breaking live.,guardian.co.uk,http://www.guardian.co.uk/media/organgrinder/2009/jul/09/murdoch-papers-phone-hacking
2009-07-09,11:56:26,8zi6i,51,Censordyne because Internet censorship is FUN. PS Fuck you Kevin Rudd,youtube.com,http://www.youtube.com/watch?v=YchJlHoFCfw
2009-07-09,10:37:53,8zhlt,39,Charged with espionage for taking mobile pics in Iran ,latimes.com,"http://www.latimes.com/news/nationworld/world/la-fg-iran-frenchwoman8-2009jul08,0,4608369.story"
2009-07-09,05:41:45,8zfa5,36,An attempt by Hamas police to detain a young woman walking with a man along the Gaza beach has raised alarms that the Islamic militant group is seeking to match its political control of the coastal territory with a strict enforcement of Islamic law.,google.com,http://www.google.com/hostednews/ap/article/ALeqM5hPvcLvm0Fzm3RrgvrEHNlKal1F4wD99ACIIO0
2009-07-09,22:44:42,8znin,34,"Violent clashes erupt between Iranian protesters and security forces
",latimes.com,"http://www.latimes.com/news/nationworld/world/la-fg-iran-protest10-2009jul10,0,622206.story"
2009-07-09,19:46:00,8zly2,35,BNP leader: sink boats with African migrants on board,guardian.co.uk,http://www.guardian.co.uk/politics/2009/jul/09/nick-griffin-bnp
2009-07-10,03:04:34,8zqit,32,Russia 'shot down its own planes' ,news.bbc.co.uk,http://news.bbc.co.uk/2/hi/europe/8142999.stm
2009-07-09,21:28:35,8zmrf,22,Iranian dissident blows the whistle on former militia colleagues who committed violent acts against protesters in recent weeks,latimes.com,"http://www.latimes.com/news/la-fg-iran-dissident9-2009jul09,0,4017274.story?track=notottext"
2009-07-10,07:31:03,8zt66,20,"Thousands protest, defy crackdown in Iran -- crowds chant ‘death to the dictator’",msnbc.msn.com,http://www.msnbc.msn.com/id/31828921/ns/world_news-mideastn_africa//
2009-07-09,21:19:04,8zmo7,18,Crowd enjoyed watching a rape attack in public until this decent man stopped it,gulfnews.com,http://www.gulfnews.com/nation/Police_and_The_Courts/10329943.html
2009-07-09,10:25:36,8zhin,19,3-Year-Old Girl Killed with Acid...,dailytimes.com.pk,http://www.dailytimes.com.pk/default.asp?page=2009\07\07\story_7-7-2009_pg12_5
2009-07-09,11:44:31,8zi38,17,The Israel Project: Ending Settlements = ‘Ethnic Cleansing’,thinkprogress.org,http://thinkprogress.org/2009/07/08/tip-settlements-manual/
2009-07-09,10:31:23,8zhkg,17,"Accused of returning to terrorism, former Gitmo detainee a respected Afghan politician",rawstory.com,http://rawstory.com/blog/2009/07/accused-of-returning-to-terrorism-former-gitmo-detainee-a-respected-afghan-politician/
2009-07-10,04:22:35,8zrdm,18,'Four JDL members trashed Paris bookstore' | Jewish News | Jerusalem Post,jpost.com,http://www.jpost.com/servlet/Satellite?pagename=JPost/JPArticle/ShowFull&cid=1246443766660
2009-07-10,02:42:32,8zqat,16,"Remember those two US journalists arrested and jailed for ""grave"" crimes in N. Korea? Don't worry, not many people do but they're still in prison",cbsnews.com,http://www.cbsnews.com/stories/2009/07/09/world/main5146743.shtml?tag=contentMain;contentBody
2009-07-10,00:26:13,8zont,13,More Than $600 Billion And Counting: Iraq War Lies Revisited,pubrecord.org,http://pubrecord.org/nationworld/1000-more-than-600-billion-and-counting-iraq-war-lies-revisited.html
2009-07-09,20:35:33,8zmbz,11,"Sink immigrants' boats, says BNP Member of European Parliament.",news.bbc.co.uk,http://news.bbc.co.uk/2/hi/uk_news/politics/8141069.stm?ls
2009-07-09,23:23:25,8znxt,14,Pirate Bay's anonymous web surfing  service 'Ipredator' set for launch.,thelocal.se,http://www.thelocal.se/20568/20090709/
2009-07-09,17:24:54,8zktk,10,Police handcuff innocent man while he is having an epileptic fit ,belfasttelegraph.co.uk,http://www.belfasttelegraph.co.uk/news/local-national/man-put-in-handcuffs-during-epileptic-fit-14392894.html
2009-07-10,04:24:24,8zre3,12," 	

Prince Charles blasts 'consumerist society' ~ 
Says unlimited economic growth unsustainable, may bankrupt environment.",reuters.com,http://www.reuters.com/article/environmentNews/idUSTRE5677CO20090708?feedType=RSS&feedName=environmentNews
2009-07-10,05:34:21,8zs4d,11,"US troops caused substantial damage to the Archeological Sites in Babylon, one of the oldest cities in the history of civilization.",news.bbc.co.uk,http://news.bbc.co.uk/2/hi/middle_east/8142929.stm
2009-07-10,04:32:04,8zrh5,12,"Tens of thousands of South Korean computers set to ""self-destruct"" on Friday, North Korea suspected.",news.bnonews.com,http://news.bnonews.com/fy4c
2009-07-09,12:28:49,8ziei,13,"I screamed at them, 'How dare you grab my daughters' - Great Story",jpost.com,http://www.jpost.com/servlet/Satellite?pagename=JPost/JPArticle/ShowFull&cid=1246443758013
2009-07-10,03:48:07,8zr00,11,'US finances anti-Iran terrorist gang',presstv.com,http://www.presstv.com/detail.aspx?id=100216&sectionid=351020101
