2009-07-20,13:45:08,92pid,499,"Dear FSM, this is fucking terrible [sad]",themorningstarr.co.uk,http://www.themorningstarr.co.uk/2009/01/24/tanzania-albino-hunting-update/
2009-07-20,05:05:17,92mq6,243,"Sordid reality behind Dubai's gilded facade: Construction halted, westerners jailed for adultery - but prostitutes do well ",timesonline.co.uk,http://www.timesonline.co.uk/tol/news/world/middle_east/article6716543.ece
2009-07-20,18:38:21,92rg8,185,Tourists warned of Thailand airport scam ,news.bbc.co.uk,http://news.bbc.co.uk/2/hi/asia-pacific/8154497.stm
2009-07-20,03:27:04,92m60,147,"Ariel Sharon got on Israeli radio and urged Israelis to settle more land fast. ""Grab the hilltops, and stake your claim,"" he said. ""Everything we don't grab will go to them.""",time.com,"http://www.time.com/time/printout/0,8816,1910975,00.html"
2009-07-21,01:02:20,92uu1,146,"The high cost of discount counterfeits: In a sweatshop in Thailand, children were ""found assembling leather purses. Horrifyingly, their limbs had been deliberately broken to keep them from escaping.""",nydailynews.com,http://www.nydailynews.com/lifestyle/fashion/2009/07/16/2009-07-16_killer_heels_christian_louboutin_jimmy_choo_knockoffs_rip_off_buyers_prey_on_chi.html#ixzz0LoPpuiWf
2009-07-21,01:30:57,92v68,29,Bosnian Serb cousins convicted of burning 119 Muslims alive,rawstory.com,http://rawstory.com/08/news/2009/07/20/bosnian-serb-cousins/
2009-07-20,02:08:55,92ln6,27,"What democracy looks like? Not that I like those Taliban chaps, but dude, I think you're doing it wrong.",news.yahoo.com,http://news.yahoo.com/s/nm/20090712/wl_nm/us_afghanistan_police
2009-07-20,09:06:13,92nya,21,"July bloodiest month for US-led troops. What are we really doing in Afghanistan, can anyone give me a reason !",presstv.com,http://www.presstv.com/detail.aspx?id=101123&sectionid=351020403
2009-07-20,16:24:44,92qkv,16,"while Nazi leader Adolf Hitler operated from headquarters encased in layers of concrete, Churchill and his staff were sleeping in rooms only 10 feet below ground",news.bbc.co.uk,http://news.bbc.co.uk/2/hi/uk_news/8158099.stm
2009-07-21,01:16:41,92v0g,13,The Onion has been sold to the Chinese Government.,theonion.com,http://www.theonion.com/content/index
2009-07-20,21:33:37,92sp8,15,French Interior Ministry requests news blackout as violence in the suburbs reaches record levels,brusselsjournal.com,http://www.brusselsjournal.com/node/4015
2009-07-20,22:59:06,92tgc,15,Iran's supreme leader warns ‘Iran's elite’ to back down ,msnbc.msn.com,http://www.msnbc.msn.com/id/32005180/ns/world_news-mideastn_africa/
2009-07-20,23:45:09,92tye,14,"Last Friday the Chinese government confiscated the computers of lawyers at the Open Constitution Initiative, best known for its pro bono work on behalf of the victims of last year's tainted milk scandal.",csmonitor.com,http://www.csmonitor.com/2009/0717/p06s19-woap.html
2009-07-21,00:34:54,92uiq,8,Dear reddit: The recession was not caused by a spectacular failure of capitalism or economics. Just though you should know.,economist.com,http://www.economist.com/displayStory.cfm?story_id=14031376&source=most_commented
2009-07-21,02:03:14,92vjm,11,Poll: Pirates close in on Riksdag;  Pirate Party gaining traction in Sweden,thelocal.se,http://www.thelocal.se/20774/20090719/
2009-07-20,11:10:51,92olc,7,"Questioning the ""Good War"": Is Obama's Afghan strategy realistic?",themajlis.org,http://www.themajlis.org/2009/07/19/questioning-the-good-war
2009-07-20,20:33:26,92s86,9,"The terrorist threat to the UK has been lowered from ""severe"" to ""substantial"", the lowest level for three years.",news.bbc.co.uk,http://news.bbc.co.uk/1/hi/uk/8158937.stm
2009-07-21,03:22:36,92wfh,8,"Bill outlawing anti-Israel protest nears approval
",reuters.com,http://www.reuters.com/article/latestCrisis/idUSLJ587076
2009-07-20,14:13:25,92pp4,8,The Neo-Nazis of Mongolia: Swastikas Against China,time.com,"http://www.time.com/time/magazine/article/0,9171,1910893,00.html"
2009-07-21,02:34:00,92vw5,5,"Of more concern to South Korea is the kidnapping by North Korea of one of its businessmen in March. North Korea claims that the man, identified only as “Mr Yu”, tried to lure a North Korean female worker to the south and insulted the North Korean regime.",economist.com,http://www.economist.com/world/asia/displaystory.cfm?story_id=14070645
2009-07-20,22:18:10,92t3q,6,259-Car Autobahn Pile-Up Largest In German History - with video,jalopnik.com,http://jalopnik.com/5318399/259+car-autobahn-pile+up-largest-in-german-history
2009-07-20,21:40:35,92sr7,6,A US military review is to recommend an overhaul of the entire Afghan prison and judicial systems,news.bbc.co.uk,http://news.bbc.co.uk/2/hi/south_asia/8158528.stm
2009-07-21,01:32:27,92v6v,6,Vatican launches inquiry into 'abusive' religious order,rawstory.com,http://rawstory.com/blog/2009/07/religious-order-faces-possible-extinction/
2009-07-20,15:43:58,92qay,7,Orthodox Jews riot as mother is accused of starving her child - Times Online,timesonline.co.uk,http://www.timesonline.co.uk/tol/news/world/middle_east/article6718590.ece
2009-07-20,23:14:26,92tlg,6,Massive motorway crash in Germany,news.bbc.co.uk,http://news.bbc.co.uk/2/hi/europe/8159096.stm
2009-07-20,11:51:42,92ot8,4,Junta leader declared Mauritania president,jordantimes.com,http://jordantimes.com/?news=18542
2009-07-21,02:50:38,92w37,5,"Trial begins for 56 facing accusations of plotting a coup, including retired Turkish generals, in Ergenekon case",hurriyetdailynews.com,http://www.hurriyetdailynews.com/n.php?n=trial-begins-for-56-including-retired-turkish-generals-suspected-of-anti-gov8217t-plot-2009-07-20
2009-07-20,16:15:06,92qii,5,"“Nakba Law” to be approved, raises questions on Israel’s commitment to democratic values",promisedlandblog.com,http://www.promisedlandblog.com/?p=1253
2009-07-20,19:50:23,92rxf,4,Main Mumbai suspect pleads guilty,news.bbc.co.uk,http://news.bbc.co.uk/1/hi/world/south_asia/8158741.stm
2009-07-21,02:26:01,92vss,2,Mohamed Khatami urges referendum on the legitimacy of the Iranian government,news.bbc.co.uk,http://news.bbc.co.uk/2/hi/middle_east/8158692.stm
