2009-03-20,22:24:56,866k3,295,"""In a crowded civilian city, there are all sorts of people who cannot run away: the elderly, the disabled, the pregnant, the terrified. This soldier was told to kill them.""",independent.co.uk,http://www.independent.co.uk/opinion/commentators/johann-hari/johann-hari-dupes-no-we-were-telling-the-truth-1649528.html
2009-03-20,13:05:56,8638j,218,Obama address the Iranian People,youtube.com,http://www.youtube.com/watch?v=HY_utC-hrjI&eurl=http%3A%2F%2Fwww.huffingtonpost.com%2F2009%2F03%2F19%2Fobama-addresses-iran-dire_n_177202.html&feature=player_embedded
2009-03-20,23:06:12,866wb,148,Depression-era law lets Iowa turkey farm pay mentally retarded workers 37 cents an hour,propublica.org,http://www.propublica.org/article/abuse-raises-question-about-law-for-disabled-workers-0320
2009-03-20,21:05:45,865v0,120,"Another soldier, describing how a mother and her children were shot dead by a sniper after they turned the wrong way out of a house, says the ""atmosphere"" among troops was that the lives of Palestinians were ""very, very less important than the lives of our soldiers.""",independent.co.uk,http://www.independent.co.uk/news/world/middle-east/israels-dirty-secrets-in-gaza-1649527.html
2009-03-21,01:58:31,868jb,34,George Galloway banned from Canada,guardian.co.uk,http://www.guardian.co.uk/politics/2009/mar/20/george-galloway-banned-canada
2009-03-20,17:54:03,864qb,28,'Don't wear anything that says AIG on it': Under-fire insurer gives employees security tips as fury over bonuses grows,dailymail.co.uk,http://www.dailymail.co.uk/news/worldnews/article-1163328/Dont-wear-says-AIG-Under-insurer-gives-employees-security-tips-fury-bonuses-grows.html?ITO=1490
2009-03-21,07:28:07,86ay7,27,"An increasingly disturbing picture of the Israeli army's conduct in the Gaza war emerged Friday, as new witness accounts from Israeli troops described wanton vandalism to Palestinian homes, humiliation of civilians and loose rules of engagement that resulted in unnecessary civilian deaths.",google.com,http://www.google.com/hostednews/ap/article/ALeqM5ioi_0jtO9RjMwPNRoXNCndRPRq3gD97204S80
2009-03-20,20:55:02,865s9,24,U.N. rights envoy sees Israeli war crimes in Gaza,news.yahoo.com,http://news.yahoo.com/s/nm/20090320/wl_nm/us_israel_palestinians_crimes
2009-03-20,08:41:28,861rl,20,Slaughter of the seals in Russia is stopped by Vladimir Putin,timesonline.co.uk,http://www.timesonline.co.uk/tol/news/world/europe/article5941460.ece
2009-03-21,01:07:19,8680z,22,"1,417 Gaza war dead named by rights group: Says two-thirds of those killed were civilians; Israel disputes figures",msnbc.msn.com,http://www.msnbc.msn.com/id/29778337/
2009-03-21,01:28:24,8688h,21,"Somalia is a state governed only by anarchy. A graveyard of foreign-policy failures, it has known just six months of peace in the past two decades. Now, as the country’s endless chaos threatens to engulf an entire region, the world again simply watches it burn.",foreignpolicy.com,http://www.foreignpolicy.com/story/cms.php?story_id=4682
2009-03-20,17:04:58,864h2,18,Whistleblower: Barclays makes £1bn a year by tax avoidance.,guardian.co.uk,http://www.guardian.co.uk/business/2009/mar/19/new-barclays-tax-whistleblower-claims
2009-03-20,09:21:34,861y9,15,Israel to investigate killings of civilians in Gaza operation...Any guesses how this will turn out?,mcclatchydc.com,http://www.mcclatchydc.com/homepage/story/64430.html
2009-03-20,21:56:18,8669i,15,"Japanese ""Suicide Forest""",cnn.com,http://www.cnn.com/2009/WORLD/asiapcf/03/19/suicide.forrest.japan/index.html?eref=rss_topstories
2009-03-20,08:42:14,861rs,14,Sarkozy under Pressure as 'Millions' Take to Streets,independent.co.uk,http://www.independent.co.uk/news/world/europe/sarkozy-under-pressure-as-millions-take-to-streets-1648608.html
2009-03-21,07:06:14,86atn,12,Dubai will one day be seen as a punctuation mark on the architectural follies of the past half century,guardian.co.uk,http://www.guardian.co.uk/commentisfree/2009/mar/20/dubai-decline-middle-east
2009-03-20,19:56:25,865f6,12,You thought the Daily Mail was bad...,whythatsdelightful.wordpress.com,http://whythatsdelightful.wordpress.com/2009/03/18/the-express-wins-the-race-to-the-bottom/
2009-03-20,08:17:51,861n1,11,"nicholas kristof: ""there’s pretty good evidence that we generally don’t truly want good information — but rather information that confirms our prejudices""",nytimes.com,http://www.nytimes.com/2009/03/19/opinion/19kristof.html?em
2009-03-20,08:41:09,861rk,11,"Blogger jailed in Iran is dead, lawyer says - CNN.com",edition.cnn.com,http://edition.cnn.com/2009/WORLD/meast/03/19/iran.blogger.dead/index.html
2009-03-21,00:04:00,867fa,11,English takes over at Dutch universities,nrc.nl,http://www.nrc.nl/international/article2187638.ece/English_takes_over_at_Dutch_universities
2009-03-20,11:27:15,862ms,11,The Last Eunuch,washingtonpost.com,http://www.washingtonpost.com/wp-dyn/content/article/2009/03/14/AR2009031402524.html
2009-03-20,08:32:22,861pp,13,Israel's chief of staff comes home early after doors close in Obama's Washington ,worldtribune.com,http://www.worldtribune.com/worldtribune/WTARC/2009/ss_israel0229_03_19.asp
2009-03-20,15:52:17,8644u,11,A Perfect Heist,spiegel.de,"http://www.spiegel.de/international/germany/0,1518,614245,00.html"
2009-03-20,22:14:12,866g8,7,"FBI planting spies in U.S. mosques, Muslim groups say",cnn.com,http://www.cnn.com/2009/US/03/20/fbi.muslim.groups/index.html
2009-03-21,07:47:26,86b22,10,The shadow banking system in Europe isn't so much dead as being kept on life support by banks and central banks in what amounts to a risky attempt to avoid the reckoning.,reuters.com,http://www.reuters.com/article/reutersComService4/idUSTRE52J29420090320
2009-03-20,08:40:12,861rc,9,Russian planes again fly over U.S. Navy ships,cnn.com,http://www.cnn.com/2009/WORLD/asiapcf/03/19/us.russia.planes/index.html?iref=werecommend
2009-03-20,22:28:48,866lk,5,Indian PM Abandons Outlook for Open-Source Email,infopackets.com,http://www.infopackets.com/news/business/microsoft/2009/20090320_indian_pm_abandons_outlook_for_open_source_email.htm
2009-03-20,23:44:26,8678x,6,How to Survive a Bombing at 33.000 feet,bad-time.com,http://www.bad-time.com/how-to-survive-a-bombing-at-33000-feet/
2009-03-20,08:11:51,861lp,9,Thousands of Iraqis held by U.S. to go free,msnbc.msn.com,http://www.msnbc.msn.com/id/29780644/
2009-03-21,00:29:56,867o0,6,The Associated Press: Australian Internet `blacklist' prompts concern,google.com,http://www.google.com/hostednews/ap/article/ALeqM5ibxVSu1tEp5K-rd29EHncvz6OggAD971RA806
