2009-03-07,13:46:00,82rsi,404,"The Economist: ""... the war on drugs has been a disaster.... the least bad policy is to legalise drugs""",economist.com,http://www.economist.com/opinion/displayStory.cfm?story_id=13237193&source=hptextfeature
2009-03-07,19:05:21,82t4s,108,SAS commander: Afghan operation is 'worthless' ,news.bbc.co.uk,http://news.bbc.co.uk/1/hi/uk/7929785.stm
2009-03-07,19:53:59,82tca,85,Morgan Tsvangirai's wife 'killed by US aid truck',telegraph.co.uk,http://www.telegraph.co.uk/news/worldnews/africaandindianocean/zimbabwe/4952747/Morgan-Tsvangirais-wife-killed-by-US-aid-truck.html
2009-03-07,23:50:12,82ufw,70,"Fighting in the Field: Monsanto's Uphill Battle in Germany - ""A colorful alliance of beekeepers, anti-capitalism protestors and conservative politicians are in the process of chasing the global market leader out of the country.""",spiegel.de,"http://www.spiegel.de/international/germany/0,1518,611582,00.html"
2009-03-07,11:54:30,82r8n,62,Israeli Soldiers Leave their Shit in Gaza Fridges... Literally. ,haaretz.com,http://haaretz.com/hasen/spages/1068989.html?1
2009-03-08,04:47:08,82w6x,45,This American Life does the banking crisis. Insightful as usual. ,thisamericanlife.org,http://www.thisamericanlife.org/Radio_Episode.aspx?episode=375
2009-03-08,02:58:16,82vku,33,Top 10 Endangered Languages in the World,blog.leximo.org,http://blog.leximo.org/2009/03/top-10-endangered-languages-in-world.html
2009-03-08,00:57:12,82uua,30,NY 'mafia cops' get life in jail ,news.bbc.co.uk,http://news.bbc.co.uk/1/hi/world/americas/7929898.stm
2009-03-07,22:38:11,82u1h,31,Kenyan human rights activists killed after accusing the Kenyan police of running death squads ,english.aljazeera.net,http://english.aljazeera.net/news/africa/2009/03/20093613558801556.html
2009-03-07,08:58:34,82qf2,25,"Fatal Tsvangirai crash 'was not accident', says MDC",telegraph.co.uk,http://www.telegraph.co.uk/news/worldnews/africaandindianocean/zimbabwe/4950623/Fatal-Tsvangirai-crash-was-not-accident-says-MDC.html
2009-03-07,13:28:08,82rp4,28,Outrage in France over plight of boy locked away for seven years by his parents,timesonline.co.uk,http://www.timesonline.co.uk/tol/news/world/europe/article5858983.ece
2009-03-08,02:30:57,82ve6,26,"Burning Conscience: Israeli soldiers speak out about their experiences as self-described ""brutal occupiers of a disputed land."" ",commondreams.org,http://www.commondreams.org/video/2009/03/07
2009-03-07,09:35:43,82ql3,21,Must Jews always see themselves as victims?,independent.co.uk,http://www.independent.co.uk/news/world/middle-east/must-jews-always-see-themselves-as-victims-1639277.html
2009-03-07,23:18:20,82u9f,21,"Sufi shrine bombed, in push to ""Talibanize"" Pakistan",asianews.it,http://www.asianews.it/index.php?l=en&art=14662&size=A
2009-03-08,01:07:43,82uws,15,Anti-Israel protest turns violent - The Davis cup game between Sweden and Israel is being played without an audience,english.aljazeera.net,http://english.aljazeera.net/news/europe/2009/03/200937141836935467.html
2009-03-07,12:33:10,82rfh,16,UK police target thousands of political campaigners in surveillance operations and storing their details on a database for at least 7 years,guardian.co.uk,http://www.guardian.co.uk/uk/2009/mar/06/police-surveillance-protesters-journalists-climate-kingsnorth
2009-03-08,03:07:49,82vmr,18,Solar Power For $2 A Day,environmentonearth.com,http://environmentonearth.com/solar-power-for-2-a-day/
2009-03-07,22:43:26,82u2e,16,China wants case against Sudan's president Bashir suspended,english.aljazeera.net,http://english.aljazeera.net/news/asia-pacific/2009/03/2009353165379622.html
2009-03-07,20:36:35,82tif,14,"Russia pushes for new strategic arms pact with U.S. -""""We are prepared, as was suggested by our American partners, to ""reset"" our relations ... """,reuters.com,http://www.reuters.com/article/worldNews/idUSTRE5260Y420090307?sp=true
2009-03-08,04:39:58,82w5g,14,Barack Obama 'too tired' to give proper welcome to Gordon Brown,telegraph.co.uk,http://www.telegraph.co.uk/news/worldnews/northamerica/usa/barackobama/4953523/Barack-Obama-too-tired-to-give-proper-welcome-to-Gordon-Brown.html
2009-03-07,20:37:56,82tin,15,"Tamil family proud of son's 'sacrifice' - ""The UK-based family of a young Tamil man who set himself on fire in protest at the treatment of his countrymen in Sri Lanka have said they are proud of his actions.""",news.bbc.co.uk,http://news.bbc.co.uk/1/hi/uk/7929236.stm
2009-03-07,18:20:02,82sy7,8,Google Shared Some Users' Docs Without Permission,webupd8.blogspot.com,http://webupd8.blogspot.com/2009/03/google-shared-some-users-docs-without.html
2009-03-07,19:07:29,82t56,10,Morocco cuts diplomatic relations with Iran,english.aljazeera.net,http://english.aljazeera.net/news/africa/2009/03/2009370303221419.html
2009-03-08,03:15:51,82vp2,9,"Zimbabwe PM Morgan Tsvangirai has flown to neighbouring Botswana for medical tests and rest, a day after a car crash which killed his wife",news.bbc.co.uk,http://news.bbc.co.uk/2/hi/africa/7930475.stm
2009-03-07,18:57:07,82t3x,8,Palestinian Prime Minister to Resign ,nytimes.com,http://www.nytimes.com/aponline/2009/03/07/world/AP-ML-Palestinians-Fayad-Resigns.html
2009-03-07,10:16:39,82qrv,9,Kyrgyzstan lawmakers vote to deny US-led coalition use of airbase,sott.net,http://www.sott.net/articles/show/178258-Kyrgyzstan-lawmakers-vote-to-deny-US-led-coalition-use-of-airbase
2009-03-08,02:06:11,82v98,8,Why Algeria is still dull and gloomy,economist.com,http://www.economist.com/world/mideast-africa/displaystory.cfm?story_id=13240802
2009-03-08,02:09:14,82va2,9,Venezuela Seizes Land From Irish Firm Smurfit,laht.com,http://www.laht.com/article.asp?ArticleId=329170&CategoryId=10717
2009-03-08,06:09:02,82wkc,7,Hundreds March in Colombia to Protest Army Murders,laht.com,http://www.laht.com/article.asp?ArticleId=329181&CategoryId=12393
2009-03-08,05:51:53,82wi1,7,Rapes targeting girls as young as seven are on the increase in Afghanistan where conditions for women are little better than under the Taliban,edition.cnn.com,http://edition.cnn.com/2009/WORLD/asiapcf/03/06/afghan.women/
