2009-09-23,05:56:36,9n30l,778,"Girl's Refusal to Be Child Bride Inspires Nation
",abcnews.go.com,http://abcnews.go.com/Health/International/story?id=7884900&page=1
2009-09-23,20:04:23,9n9qk,685,"Robbers in Sweden use stolen chopper & dynamite in cash depot theft; Police unable to pursue, because the only police chopper in Sweden were disabled with explosives.",chron.com,http://www.chron.com/disp/story.mpl/ap/world/6632517.html
2009-09-23,23:37:09,9nbp6,43,"Robbers used a stolen helicopter and explosives to engineer a spectacular raid on a cash depot in Stockholm on Wednesday, breaking into the building through the roof and flying off with bags of cash.",msnbc.msn.com,http://www.msnbc.msn.com/id/32982900/ns/world_news-europe/
2009-09-23,15:24:57,9n7ny,25,"In Kenya: ""The last long rains [in April] failed completely, and we haven't had a proper wet season for at least three years. If the rains fail in October and November, we'll go into total crisis. I can't even begin to imagine how awful that would be.""",news.bbc.co.uk,http://news.bbc.co.uk/2/hi/africa/8267165.stm
2009-09-24,03:43:20,9nelx,22,North Korea’s corn yield to drop by 40 per cent,asianews.it,http://www.asianews.it/index.php?l=en&art=16395&size=A
2009-09-24,02:02:26,9ndgn,25,"Honduras: Hundreds of heavily armed agents of coup regime attacked the 5,000 people outside Brazilian embassy. Army has cut off electricity and water supply to many areas.",marxist.com,http://www.marxist.com/honduras-regime-repression-insurrection.htm
2009-09-23,19:59:15,9n9ph,11,Experts say a huge orange dust storm rolling through Australia's east coast is lining up to become one of the largest on record.,abc.net.au,http://www.abc.net.au/news/stories/2009/09/23/2694419.htm
2009-09-24,00:33:32,9ncey,9,Khaddafy demands democracy at UN general assembly meeting; he wants to do away with the veto process.  Equates the security counsel with terrorism. Ahh irony.  If these ideas weren't coming from a dictator that supported terrorism they might actually get traction.,self.worldnews,https://www.reddit.com/r/worldnews/comments/9ncey/khaddafy_demands_democracy_at_un_general_assembly/
2009-09-24,00:13:55,9nc5r,6,"Echoes of Chilean National Stadium: Honduras - ""Chochi Sosa Stadium turned into massive detention center. Internet and radio broadcasts cut off in Tegucigalpa."" Only pro-coup media available.",revleft.com,http://www.revleft.com/vb/showpost.php?p=1553313&postcount=7
2009-09-24,00:52:51,9ncmt,7,Puppetry of the Politicians .... Kenya follows in the Daily Show's footsteps with a puppet-based satire that has politicians up in arms.,globalpost.com,http://www.globalpost.com/dispatch/kenya/090918/tv-puppet-satire-skewers-kenyas-leaders
2009-09-23,15:17:39,9n7lz,4,"“As long as they need the bomb, they will lick your balls. As soon as you have delivered the bomb, they will kick your balls.” Pakistan, China and Iran's nuclear nexus revealed in a purloined letter.",timesonline.co.uk,http://www.timesonline.co.uk/tol/news/world/asia/article6839044.ece
2009-09-24,03:14:21,9neb8,4,"Collapsing milk prices threaten bankruptcy for tens of thousands of European producers. Since 2007, milk prices have in some countries more than halved. Today, Spanish farmers have dumped 60,000 litres of milk in protest.",google.com,http://www.google.com/hostednews/afp/article/ALeqM5irXlNDawG9fxpQQF0LSSO7tHkExA
2009-09-23,23:07:08,9nbcw,4,Swedish TV program claims top Vatican officials knew that an ultraconservative British bishop was a Holocaust-denier when his excommunication was lifted in January,jpost.com,http://www.jpost.com/servlet/Satellite?cid=1253627547784&pagename=JPost%2FJPArticle%2FShowFull
2009-09-23,11:36:34,9n5rd,4,Tent set up in New York suburbs for Ghadafi. Why does everybody in America seem to hate this guy?  I have to agree on Hunter S. Thompson on this one - at least he's entertaining.,edition.cnn.com,http://edition.cnn.com/2009/US/09/22/new.york.gadhafi.tent/index.html
2009-09-24,05:07:07,9nfh6,3,"In UN speech, Gaddafi suggests Israel behind JFK assassination",rawstory.com,http://rawstory.com/blog/2009/09/gaddafi-conspiracy-theor/
2009-09-24,00:16:46,9nc78,2,"Well, this is one small step for them, a good start indeed",news.bbc.co.uk,http://news.bbc.co.uk/2/hi/uk_news/8270601.stm
2009-09-24,05:00:19,9nfej,0,"The difference between U.S. and Canada: Canadians are happy to suspend civil liberties in a pandemic, says a new survey",canada.com,http://www.canada.com/health/Canadians+could+suspend+civil+liberties+pandemic+survey/2024742/story.html
2009-09-23,16:40:58,9n88t,2,"France is thinking of imposing a health warning on photoshopped images
",in.reuters.com,http://in.reuters.com/article/entertainmentNews/idINIndia-42600920090921
2009-09-24,03:03:37,9ne6u,0,"""Now, brothers, there is no respect for the United Nations, no regard for the General Assembly,"" Gadhafi said. No shit, look at the Human Rights Council!",news.yahoo.com,http://news.yahoo.com/s/ap/20090923/ap_on_re_us/un_gadhafi
2009-09-24,05:14:45,9nfjv,0,"Gaddafi in his first ever U.N speech, blasts the big powers, the U.N, and tosses a copy of the U.N Charter over his shoulder!",reuters.com,http://www.reuters.com/article/topNews/idUSTRE58M3YC20090923
2009-09-23,20:23:02,9n9vr,1,US Afghan Campaign Plan Says Key Groups Back Taliban ,original.antiwar.com,http://original.antiwar.com/porter/2009/09/22/us-afghan-campaign-plan-says-key-groups-back-taliban/
2009-09-23,18:40:37,9n93z,0,"Israel in April on US settlement pressure: ""Believe me, America accepts all our decisions.""  U.S. in September: ""OK, you win, Israel.""",cnn.com,http://www.cnn.com/2009/POLITICS/09/22/us.mideast/?
2009-09-24,06:27:23,9ng9a,1,Italian police seize crocodile from suspected mafia boss,monstersandcritics.com,http://www.monstersandcritics.com/news/europe/news/article_1502715.php/Italian-police-seize-crocodile-from-suspected-mafia-boss
2009-09-24,05:23:40,9nfmu,0,Morocco arrests 24 in 'terrorist network' crackdown,rawstory.com,http://rawstory.com/news/afp/Morocco_arrests_24_in_terrorist_net_09232009.html
2009-09-24,05:31:36,9nfpp,0,Israel is based on NOTHING!,self.worldnews,https://www.reddit.com/r/worldnews/comments/9nfpp/israel_is_based_on_nothing/
2009-09-24,07:13:03,9ngnv,0,"The Drama and the Farce: ""Netanyahu has won, and in a big way. He has proven that there is nothing to fear: Obama is nothing but a paper tiger.""",usa.mediamonitors.net,http://usa.mediamonitors.net/content/view/full/66567
2009-09-24,05:26:59,9nfo0,0,Viet Nam News - Sixteen prosecuted for selling 266 babies for foreign adoption,vietnamnews.vnagency.com.vn,http://vietnamnews.vnagency.com.vn/showarticle.php?num=01CAS230909
2009-09-24,06:59:42,9ngjv,0,Hoteliers charged after row with guest ,guardian.co.uk,http://www.guardian.co.uk/uk/2009/sep/21/hotel-guest-row-hijab-religion
2009-09-23,17:45:39,9n8pl,0,Couple of days late for talk like a pirate day.//The Defence Department says an Australian Navy ship has helped foil an attack by Somalian pirates off the coast of Yemen in the Gulf of Aden.,abc.net.au,http://www.abc.net.au/news/stories/2009/09/23/2694609.htm
2009-09-24,06:11:14,9ng3u,1,Canadians willing to suspend liberties in a pandemic,nationalpost.com,http://www.nationalpost.com/news/story.html?id=2024882
