2009-03-30,20:31:38,88k0t,950,Western internet censorship: The beginning of the end or the end of the beginning?,wikileaks.org,http://wikileaks.org/wiki/Western_internet_censorship:_The_beginning_of_the_end_or_the_end_of_the_beginning%3F
2009-03-31,01:18:53,88mga,148,In case you were wondering | The Israeli Military finished its investigation of itself and finds no misconduct in Gaza War,washingtonpost.com,http://www.washingtonpost.com/wp-dyn/content/article/2009/03/30/AR2009033001240.html
2009-03-30,11:19:33,88h79,68,"Canada To Bush: Y’all Don’t Come Back Soon! | A few weeks ago, George W. Bush slunk into Calgary, Alberta where he was paid a reported $50,000 to address a group of oil men. Canadians were none too happy.",laprogressive.com,http://www.laprogressive.com/2009/03/29/canada-to-bush-y%E2%80%99all-don%E2%80%99t-come-back-soon/
2009-03-31,02:29:38,88n6r,51,Mapping the fall of communism,news.bbc.co.uk,http://news.bbc.co.uk/1/hi/world/europe/7972232.stm
2009-03-31,03:58:24,88o3g,45,A group of pirates got a nasty surprise when they attacked a merchant ship - that turned out to be a German naval vessel.,news.sky.com,http://news.sky.com/skynews/Home/World-News/Somali-Pirates-In-Gulf-Of-Aden-Attack-German-Naval-Ship-By-Mistake/Article/200903415252116?f=rss
2009-03-30,18:25:20,88jcb,45,Morocco has expelled five European missionaries for attempting to convert local Muslims to Christianity,news.bbc.co.uk,http://news.bbc.co.uk/1/hi/world/africa/7971491.stm
2009-03-30,05:51:30,88fhr,35,At least 19 people have died in a crush at a football stadium during a World Cup qualifier in Ivory Coast.,news.bbc.co.uk,http://news.bbc.co.uk/2/hi/africa/7971140.stm
2009-03-30,19:07:21,88jjh,22,Israeli Railways fires Arab workers,seattletimes.nwsource.com,http://seattletimes.nwsource.com/html/nationworld/2008947046_apmlisraelarabs.html
2009-03-30,19:57:58,88jt8,16,"A group of researchers from the University of Toronto-based Monk Centre for International Studies have discovered a massive spy system infiltrating more than 1,200 computer systems worldwide, including those of the offices of the Dalai Lama.",noonehastodietomorrow.com,http://www.noonehastodietomorrow.com/agenda/bigbrother/977-977
2009-03-30,22:29:10,88kuw,16,‘Gaza cannot remain an open-air prison forever’,thenews.com.pk,http://www.thenews.com.pk/print1.asp?id=169866
2009-03-30,19:53:27,88jsg,14,"One end of the ""tunnel"" emerges next to Tower Bridge on the banks of the Thames in London - the other is next to Brooklyn Bridge on the banks of New York's East River.  It looks like something HG Wells might have imagined. ",news.bbc.co.uk,http://news.bbc.co.uk/1/hi/7415911.stm
2009-03-31,00:08:23,88lsk,14,"Man takes a disco ball to North Korea: ""I wanted to get a feeling of how far one can go without offending anyone""",ooh.com,http://www.ooh.com/blog/general/discography-the-man-who-brought-a-disco-ball-to-north-korea/
2009-03-31,03:08:23,88nkz,9,Countries who are censoring the internet now,foreignpolicy.com,http://www.foreignpolicy.com/story/cms.php?story_id=4776
2009-03-30,21:47:04,88ki3,10,"Not just Bay of Pigs and Nicaragua: CIA did the nasty in London, UK",news.bbc.co.uk,http://news.bbc.co.uk/today/hi/today/newsid_7971000/7971510.stm
2009-03-31,02:03:30,88mx4,11,Chinese Police Brutality In Tibet,youtube.com,http://www.youtube.com/watch?v=UN14gl9z9rY
2009-03-30,12:27:34,88hks,10,"Obama visits London with an entourage of 500, an armor-plated limousine and a fleet of decoy helicopters",guardian.co.uk,http://www.guardian.co.uk/world/2009/mar/29/obama-london-visit-uk-g20
2009-03-30,17:32:26,88j1z,8,Gunmen storm Pakistan police academy,guardian.co.uk,http://www.guardian.co.uk/world/2009/mar/30/gunmen-storm-police-academy-pakistan
2009-03-30,22:50:44,88l2p,8,"""...the main problem Iran poses to the U.S. is not its nuclear program, but the difficulty of integrating Iran into the web of relationships the U.S. maintains with Iran’s neighbors and U.S. strategic partners in the region.""",theweek.com,http://www.theweek.com/article/index/94799/Nuclear_Iran_Get_used_to_it
2009-03-30,18:10:45,88j9i,8,Israel in PR drive to deflect criticism over Gaza deaths,belfasttelegraph.co.uk,http://www.belfasttelegraph.co.uk/news/world-news/israel-in-pr-drive-to-deflect-criticism-over-gaza-deaths-14248452.html
2009-03-31,06:10:21,88p9b,7,US reporters face North Korea trial,news.bbc.co.uk,http://news.bbc.co.uk/2/hi/asia-pacific/7973241.stm
2009-03-30,13:23:15,88hw2,7,BBC NEWS- Pakistan police academy attacked,news.bbc.co.uk,http://news.bbc.co.uk/2/hi/south_asia/7971271.stm
2009-03-31,02:17:47,88n2t,7,How Russia Made Draft Dodging a Million-Dollar Industry,time.com,"http://www.time.com/time/world/article/0,8599,1888238,00.html"
2009-03-30,23:30:24,88lf5,6,"""The principle is great and honorable: A truly international court that protects ordinary citizens from abuse by their own governments and foreign nations. But, the International Criminal Court (ICC) doesn’t hold to its own constitution because, to date, it has held only Africans to account.",arabnews.com,http://www.arabnews.com/?page=7&section=0&article=120098&d=10&m=3&y=2009
2009-03-30,21:49:25,88kiq,4,Assassination of Chechen leader in Dubai,google.com,http://www.google.com/hostednews/afp/article/ALeqM5hXvDIotp3-tQb3zPpfLmeLlZX5wQ
2009-03-30,21:40:19,88kgj,5,AUS says stay away from Bali,smartraveller.gov.au,http://www.smartraveller.gov.au/zw-cgi/view/Advice/Indonesia
2009-03-31,03:48:29,88nzm,6,Israeli military rejects allegations of atrocities against Palestinians in Gaza. Fuck Israel.,edition.cnn.com,http://edition.cnn.com/2009/WORLD/meast/03/30/israel.gaza.abuses/
2009-03-30,16:08:59,88ine,6,"Pakistan:  20 dead, 25 hurt in Lahore police training school attack",thenews.jang.com.pk,http://www.thenews.jang.com.pk/updates.asp?id=73091
2009-03-30,18:14:41,88ja3,5,New claim of MI5 collusion in torture,belfasttelegraph.co.uk,http://www.belfasttelegraph.co.uk/news/local-national/new-claim-of-mi5-collusion-in-torture-14248406.html
2009-03-31,02:11:25,88n0a,5,"Anarchists in the UK: 'Contrary to mainstream and corporate media unsubstantiated scaremongering campaign claiming the usual ""anarchist groups bound for violence"", the demo passed completely peacefully' [PICS]",news.infoshop.org,http://news.infoshop.org/article.php?story=20090329180115778
2009-03-30,22:43:10,88l04,5,China has been blamed for a widespread network of spy computers which have allegedly infected computers including those of the Dalai Lama,infopackets.com,http://www.infopackets.com/news/security/2009/20090330_china_implicated_over_conficker_virus.htm
