2009-02-24,12:58:52,7zry5,903,Legalize It: Ammiano to Introduce Legislation Monday to Allow Pot -- and Tax It,blogs.sfweekly.com,http://blogs.sfweekly.com/thesnitch/2009/02/legalize_it_ammiano_to_introdu.php
2009-02-25,04:59:16,7zzal,428,Who's Buying What? (World Map Infographic) ,awesome.goodmagazine.com,http://awesome.goodmagazine.com/transparency/014/014-buying-whos-buying-what.html
2009-02-25,05:31:01,7zzm5,57,Mexico: Indigenous Rights leaders found dead,intercontinentalcry.org,http://intercontinentalcry.org/mexico-indigenous-rights-leaders-found-dead/
2009-02-24,17:02:16,7ztck,42,US does it again - 'Secret U.S. unit trains commandos in Pakistan',iht.com,http://www.iht.com/articles/2009/02/23/asia/23terror.php
2009-02-24,23:53:28,7zwaf,41,Niall Ferguson: we may be looking at a Lost Decade.,theglobeandmail.com,http://www.theglobeandmail.com/servlet/story/RTGAM.20090223.wferguson0223/BNStory/crashandrecovery/home/?pageRequested=all
2009-02-25,03:28:50,7zyg2,34,(still very bloody)diamonds,undercovered.wordpress.com,http://undercovered.wordpress.com/2009/02/24/blood-diamonds-back-in-light/
2009-02-24,11:14:27,7zrbz,35,Israel & Hamas 'guilty of war crimes',news.bbc.co.uk,http://news.bbc.co.uk/1/hi/world/7906482.stm
2009-02-25,02:45:01,7zy09,34,Uk's Justice Secretary Jack Straw has vetoed the publication of minutes of key Cabinet meetings held in the run-up to the Iraq war in 2003.,news.bbc.co.uk,http://news.bbc.co.uk/1/hi/uk_politics/7907991.stm
2009-02-24,08:53:11,7zqgs,31,WTF!!? British taxpayers may become liable for £500 billion worth of bad loans and investments made by RBS and Lloyds Banking Group,news.bbc.co.uk,http://news.bbc.co.uk/1/hi/business/7906922.stm
2009-02-25,02:43:43,7zxzk,26,Iceland Defense Agency to Be Shut Down?,icelandreview.com,http://www.icelandreview.com/icelandreview/daily_news/?cat_id=29314&ew_0_a_id=320325
2009-02-24,09:43:29,7zqsr,22,Israel was tracking  Hizbollah vehicles for four years through GPS devices installed on those vehicles.,thenational.ae,http://thenational.ae/article/20090223/FOREIGN/98546967/0/NEWS
2009-02-25,07:50:34,800qo,21,Palestinian olive oil bucks UK recession - Sales expected to double this year after Gaza conflict,guardian.co.uk,http://www.guardian.co.uk/world/2009/feb/24/palestinian-olive-oil
2009-02-25,07:44:59,800p6,19,"Three Ring Legal Circus Goes On: The Pirate Bay Trial, Day 7",torrentfreak.com,http://torrentfreak.com/pirate-bay-trial-day-7-screenshots-for-evidence-090224/
2009-02-25,02:13:14,7zxou,16,UK blocks publications of Iraq war discussions,google.com,http://www.google.com/hostednews/ap/article/ALeqM5j4W2j3jGgSGOYHCQLOxTqYYhZtuwD96I1PQ80
2009-02-24,14:30:31,7zshh,15,Official: US aid to Gaza to top $900 million,google.com,http://www.google.com/hostednews/ap/article/ALeqM5jiC2e1bnzFYciIBWGX0Q-VHWso2gD96HNO700
2009-02-25,00:21:56,7zwkg,13,War hero defeated by NHS after hospital stay left him with three infections and fractured pelvis,dailymail.co.uk,http://www.dailymail.co.uk/news/article-1153515/War-hero-left-wheelchair-contracting-MRSA-E-coli-AND-C-diff-NHS-hospital.html
2009-02-25,02:28:34,7zxth,14,"Turkish lawmaker gives speech in Kurdish, Turks lose it. The last time this happened, a woman went to jail for 10 years.",nytimes.com,http://www.nytimes.com/2009/02/25/world/europe/25turkey.html
2009-02-25,04:29:57,7zz0d,8,Most Of World's Spam Email Comes From Nation Of Koy4goff,youtube.com,http://www.youtube.com/watch?v=_f9oJikx0-I
2009-02-24,14:07:01,7zscl,8,US to give $900m in Gaza aid ,english.aljazeera.net,http://english.aljazeera.net/news/americas/2009/02/20092240441935716.html
2009-02-25,03:23:11,7zyed,10,"Canada is now on some Afghans' shit list, and here's why",vancouver.24hrs.ca,http://vancouver.24hrs.ca/News/world/2009/02/24/8510101.html
2009-02-25,02:08:56,7zxnh,8,Just when you thought there was an end to the Iraqi quagmire...,rawstory.com,http://rawstory.com/news/2008/Iraqi_police_shoot_dead_four_US_0224.html
2009-02-24,21:02:03,7zurs,9,"Sex, Drugs and Islam  The Islamic Revolution in Iran has been disastrous for everyone except the Mullahs in charge.",atimes.com,http://atimes.com/atimes/Middle_East/KB24Ak02.html
2009-02-24,10:56:05,7zr88,8,"According to refugees, Tamil Tigers are forcibly conscripting civilians & keeping tens of thousands of others as human shields.",news.yahoo.com,http://news.yahoo.com/s/ap/20090223/ap_on_re_as/as_sri_lanka_civilian_fears
2009-02-25,07:36:42,800mo,8,"Gaddafi: Israel, not Sudan, to blame for crisis in Darfur ",haaretz.com,http://www.haaretz.com/hasen/spages/1066648.html
2009-02-25,02:20:20,7zxqw,5,Iran Set for Initial Test of First Nuclear Plant,cnnwire.blogs.cnn.com,http://cnnwire.blogs.cnn.com/2009/02/24/iran-to-test-first-nuclear-plant/
2009-02-25,06:14:37,8000p,6,"a decade of planting with GM cotton, or any GM crop with Bt genes in it, could lead to total destruction of soil organisms, leaving dead soil unable to produce food.",globalresearch.ca,http://globalresearch.ca/index.php?context=va&aid=12432
2009-02-25,04:32:50,7zz1e,4,What is Jack Straw hiding? British Justice Secretary vetoes release of Cabinet-discussions in run up to Iraq war. ,news.bbc.co.uk,http://news.bbc.co.uk/2/hi/uk_news/politics/7907991.stm
2009-02-25,05:15:03,7zzgr,3,Albino boy dismembered in Burundi; witchcraft suspected! (Insanity Confirmed!?),calgaryherald.com,http://www.calgaryherald.com/news/Albino+dismembered+Burundi+witchcraft+suspected/1323897/story.html
2009-02-25,06:02:44,7zzx3,4,UK sued over arms sales to Israel,english.aljazeera.net,http://english.aljazeera.net/news/europe/2009/02/200922418433313645.html
2009-02-24,20:56:05,7zuq5,5,Rape victim jailed for failing to answer defence questions,news.bbc.co.uk,http://news.bbc.co.uk/1/hi/scotland/tayside_and_central/7906389.stm
