2009-02-13,04:39:20,7wysv,1182,A teenage thief picked on the wrong victim when she tried to run off with a bag belonging to pensioner Jean Hirst - a former championship sprinter. ,telegraph.co.uk,http://www.telegraph.co.uk/news/newstopics/howaboutthat/4602626/Teenage-handbag-thief-outpaced-by-72-year-old-ex-sprinter.html
2009-02-14,01:28:00,7x6zz,107,US intel confirms Iran not developing nukes,presstv.com,http://www.presstv.com/detail.aspx?id=85571&sectionid=351020104
2009-02-13,21:18:26,7x4wb,64,Revolt is in the air,inteldaily.com,http://www.inteldaily.com/news/173/ARTICLE/9708/2009-02-13.html
2009-02-13,20:22:28,7x4j9,45,U.S. judges accused of jailing kids for cash,winnipegsun.com,http://www.winnipegsun.com/news/world/2009/02/11/8356176-ap.html
2009-02-14,01:12:04,7x6uq,23,Zimbabwe's PM: world needs to get over Robert Mugabe,guardian.co.uk,http://www.guardian.co.uk/world/2009/feb/13/zimbabwe-morgan-tsvangirai-robert-mugabe
2009-02-14,03:09:45,7x7x9,17,"Ted Rall: ""In America, a French cliché goes, people are afraid of the government. In France, the government is afraid of the people...It Couldn't Happen Here. Could It?""",smirkingchimp.com,http://www.smirkingchimp.com/thread/20279
2009-02-13,13:42:42,7x2do,14,Plane Crashes in Buffalo,wivb.com,http://www.wivb.com/dpp/news/possible_small_plane_crash_in_clarence_090212
2009-02-13,09:12:25,7x0su,15,"UK Government's Former Chief Scientific Adviser Says Iraq War Was About Oil, Not Weapons Of Mass Destruction",guardian.co.uk,http://www.guardian.co.uk/environment/2009/feb/12/king-iraq-resources-war
2009-02-13,17:00:32,7x3gp,13,"Authorities charged a man Friday with lighting one of the wildfires that killed a total of more than 180 people in Australia, and whisked him into protective custody to guard him from public fury.",news.google.com,http://news.google.com/news/url?sa=t&ct=us/8-0-0&fp=4995da3c6cd2f2c4&ei=gzOVSZ-fEI_u6gPyiZjQCw&url=http%3A//www.google.com/hostednews/ap/article/ALeqM5jlUCqDbfvOMgcnOmIjSnqFNni6iQD96AIH901&cid=1303931579&usg=AFQjCNER_mj22hiWUqKRsA4p_3wiHlccHQ
2009-02-13,17:19:32,7x3kk,14,"Pregnant Brazilian woman attacked and cut by Swiss Neo Nazis, miscarriages",canada.com,http://www.canada.com/news/Brazil+demands+probe+alleged+racist+attack+Switzerland/1283022/story.html
2009-02-13,21:50:43,7x55j,11,"18 YearOld Having Sex with 14 Year Old Girl gets 10 days in jail...No Sex Offender Regsitry.. Why, He's Connected!",cfcamerica.org,http://cfcamerica.org/index.php?option=com_content&view=article&id=694:18-yearold-having-sex-with-14-year-old-girl-gets-10-days-in-jailno-sex-offender-regsitry-why-hes-connected&catid=12:legal-issues&Itemid=12
2009-02-14,04:57:32,7x8so,11,Jean Charles de Menezes was executed by UK police. No cops will face prosecution. Menezes-family enraged.,news.bbc.co.uk,http://news.bbc.co.uk/2/hi/uk_news/7888385.stm
2009-02-13,22:35:21,7x5ht,13,Peanut Executives REFUSE to EAT THEIR OWN PRODUCT! Are you kidding me??,truthed.com,http://www.truthed.com/videos/434_peanut_exces_refuse_to_eat_their_own_product.htm
2009-02-13,11:26:45,7x1jz,10,The 'Asia Produces / US Consumes' Model has Crashed,atimes.com,http://www.atimes.com/atimes/Asian_Economy/KB11Dk01.html
2009-02-14,01:26:04,7x6zj,9,Widow of 9-11 victim dies in Buffalo Flight 3407,abcnews.go.com,http://abcnews.go.com/US/story?id=6870794&page=1
2009-02-13,17:03:03,7x3h6,9,Officials from the Palestinian group Hamas have said that an 18-month ceasefire with Israel will be announced within three days.,news.google.com,http://news.google.com/news/url?sa=t&ct=us/8-1-0&fp=4995da3c6cd2f2c4&ei=CzeVSdCQEo_u6gPDiYTQCw&url=http%3A//english.aljazeera.net/news/middleeast/2009/02/20092133345224974.html&cid=1302803924&usg=AFQjCNHa9QzMsFb2ByDNL4Y9t97YzBUYxA
2009-02-14,01:37:26,7x72z,10,Latin American Leaders Say 'No' to U.S. Drug War,ipsnews.net,http://www.ipsnews.net/news.asp?idnews=45753
2009-02-14,03:19:48,7x80a,10,"Intel wants to save the economy, why isn't the media taking notice?",odemagazine.com,http://www.odemagazine.com/blogs/editors_blog/4822/intel_wants_to_save_the_economy_why_isn_t_the_media_taking_notice
2009-02-13,21:58:42,7x57w,7,Beating ploughshares into swords: Hamas makes grenades out of medicine bottles from Israeli aid,jpost.com,http://www.jpost.com/servlet/Satellite?cid=1233304770155&pagename=JPost%2FJPArticle%2FShowFull
2009-02-14,02:33:21,7x7m7,7,"Beverly Eckert, widow of 9/11 victim, was aboard Flight 3407",nydailynews.com,http://www.nydailynews.com/news/2009/02/13/2009-02-13_beverly_eckert_widow_of_911_victim_was_a.html
2009-02-14,02:48:43,7x7qx,7,Russia to help U.S. in Afghanistan for a price,uk.reuters.com,http://uk.reuters.com/article/worldNews/idUKTRE51C54S20090213
2009-02-13,13:32:11,7x2be,5,Plane crashes in New York state ,news.bbc.co.uk,http://news.bbc.co.uk/2/hi/americas/7887555.stm
2009-02-13,14:03:39,7x2j4,7, Australian man charged with arson,news.bbc.co.uk,http://news.bbc.co.uk/2/hi/asia-pacific/7887561.stm
2009-02-14,04:18:40,7x8ht,7,Iran Rally Pictures You Won't See In The State Media ,rferl.org,http://www.rferl.org/Content/Iran_Rally_Pictures_You_Wont_See_In_The_State_Media/1491514.html
2009-02-13,20:03:21,7x4fe,5,Russian cruiser stops three pirate ships in Somalia; ten pirates are detained,russiatoday.com,http://www.russiatoday.com/news/news/37257
2009-02-13,10:45:07,7x1d2,6,Hampshire College divests from Israel,hampshire.edu,http://www.hampshire.edu/news/11271.htm
2009-02-13,08:59:07,7x0q2,7,Hamas agrees on long-term truce,news.yahoo.com,http://news.yahoo.com/s/ap/20090212/ap_on_re_mi_ea/ml_mideast_diplomacy
2009-02-13,23:20:54,7x5ut,7,Wilders: Gordon Brown's the Biggest Pussy on a Continent Full of Pussies....,telegraph.co.uk,http://www.telegraph.co.uk/news/newstopics/politics/4612083/Banned-politician-Geert-Wilders-brands-Gordon-Brown-a-coward.html
2009-02-13,11:56:19,7x1q4,4,Hamas 'set for truce with Israel',news.bbc.co.uk,http://news.bbc.co.uk/2/hi/middle_east/7887380.stm
2009-02-14,02:37:12,7x7n8,6,the Group of Seven countries gathered in Rome Friday to discuss new rules for financial markets and concerns about protectionism in recently announced economic stimulus plans.,finance.yahoo.com,http://finance.yahoo.com/news/Stocks-decline-as-world-apf-14356167.html
