2009-03-15,23:39:40,84tla,221,"Taliban's new ""constitution"" -- will execute foreign aid workers as spies; won't allow girls to go to schools",edition.cnn.com,http://edition.cnn.com/2009/WORLD/asiapcf/03/15/afghan.taliban.threat/index.html
2009-03-16,02:33:59,84ukm,118,"Holding hands in public, dancing, kissing and playing loud music in public are now considered inappropriate behaviour in Dubai",news.com.au,"http://www.news.com.au/dailytelegraph/story/0,22049,25191521-5012895,00.html"
2009-03-16,00:16:33,84tsc,66,The worlds wealthiest individuals 2008 vs 2009 (chart),econompicdata.blogspot.com,http://econompicdata.blogspot.com/2009/03/worlds-wealthiest-individuals.html
2009-03-15,15:55:53,84rtr,48,Taiwanese boat caught with 1.6 tons of Shark fins off South African Coast,news24.com,"http://www.news24.com/News24/South_Africa/News/0,,2-7-1442_2485681,00.html"
2009-03-16,05:59:11,84vot,43,Israeli troops wound protesting American citizen,google.com,http://www.google.com/hostednews/ap/article/ALeqM5jedDil1847gWxgS-udcQLIgDxrFgD96TQI8O0
2009-03-16,00:41:22,84tx9,20,Uganda gets more money by sending mercenaries to Iraq than from its chief export,csmonitor.com,http://www.csmonitor.com/2009/0306/p04s02-woaf.html?j=j
2009-03-15,11:59:09,84qub,18,"Riots erupt in Northern Ireland, police are petrol-bombed as top republican is held over soldiers' murders",independent.co.uk,http://www.independent.co.uk/news/uk/home-news/riots-erupt-as-top-republican-is-held-over-soldiers-murders-1645348.html
2009-03-15,19:42:19,84sjo,14,Pakistan president under pressure after minister quits,telegraph.co.uk,http://www.telegraph.co.uk/news/worldnews/asia/pakistan/4991479/Pakistan-president-under-pressure-after-minister-quits.html
2009-03-15,13:51:31,84rdc,9,Bolivia passes land from rich to poor,reuters.com,http://www.reuters.com/article/worldNews/idUSTRE52D26E20090314?feedType=RSS&feedName=worldNews
2009-03-15,23:32:16,84tjt,7,Taliban threaten to kill aid workers as spies,edition.cnn.com,http://edition.cnn.com/2009/WORLD/asiapcf/03/15/afghan.taliban.threat/index.html?eref=rss_latest
2009-03-15,14:56:40,84rmi,7,Government of Brazil aims to have Spanish in secondary schools by 2010,mithridates.blogspot.com,http://mithridates.blogspot.com/2009/03/on-brazilian-governments-push-to-have.html
2009-03-15,20:18:24,84soj,10,Pakistan police battle protesters as crisis grows,news.yahoo.com,http://news.yahoo.com/s/ap/20090315/ap_on_re_as/as_pakistan
2009-03-15,11:55:09,84qtl,10,"Economic crisis could kill 400,000 children, warns Margaret Chan ",timesonline.co.uk,http://www.timesonline.co.uk/tol/life_and_style/health/article5904637.ece#cid=OTC-RSS&attr=2015164
2009-03-16,07:12:39,84w1h,11,Protest Against the Global Drug War - 11.03.2009,youtube.com,http://www.youtube.com/watch?v=xkXX8M0pUzA
2009-03-15,09:18:13,84q8i,8,Lesbian women in South Africa are being raped by men who believe it will “cure” them of their sexual orientation,actionaid.org,http://www.actionaid.org/pages.aspx?PageID=34&ItemID=447
2009-03-15,10:18:41,84qgk,6,"As Chinese troops seal off Tibet, Dalai Lama warns Tibetan identity 'near extinction'",alternet.org,http://www.alternet.org/rights/131411/as_chinese_troops_seal_off_tibet%2C_dalai_lama_warns_tibetan_identity_%27near_extinction%27/
2009-03-15,12:27:41,84qzo,8,Rioting follows arrests in N. Ireland soldier killings - CNN.com,cnn.com,http://www.cnn.com/2009/WORLD/europe/03/14/northern.ireland.violence.arrests/index.html
2009-03-15,12:10:48,84qw4,8,Now Coca-Cola feels force of Chávez and Venezuela's socialist revolution,guardian.co.uk,http://www.guardian.co.uk/world/2009/mar/15/chavez-coca-cola-coke-venzuela
2009-03-16,06:30:53,84vuf,6,"After holding huge protests, Pakistanis force government to restore independent judiciary. ",us.cnn.com,http://us.cnn.com/2009/WORLD/asiapcf/03/15/pakistan.sharif/index.html
2009-03-16,02:23:23,84ui8,4, France's rendezvous with history,news.bbc.co.uk,http://news.bbc.co.uk/2/hi/programmes/from_our_own_correspondent/7942086.stm
2009-03-15,17:15:11,84s3g,6,Social networks 'are new email',news.bbc.co.uk,http://news.bbc.co.uk/2/hi/technology/7942304.stm
2009-03-16,00:10:06,84tr4,6,Luton's Muslim extremists defy public anger,telegraph.co.uk,http://www.telegraph.co.uk/news/newstopics/politics/lawandorder/4991313/Lutons-Muslim-extremists-defy-public-anger.html
2009-03-16,05:02:40,84vfq,3,"Should the Chinese decide not to lend the trillions of dollars the U.S. is begging for, the U.S. economy will implode, plummeting onto itself in a World Trade Center-like collapse that will leave dust clouds circling the planet for decades.",commondreams.org,http://www.commondreams.org/view/2009/03/15
2009-03-15,12:03:06,84quv,7,Pakistani ex-PM Nawaz Sharif held,news.bbc.co.uk,http://news.bbc.co.uk/2/hi/south_asia/7944444.stm
2009-03-15,11:09:23,84qn6,5,Did Bangladesh Prevent Another Mumbai?,therightperspective.org,http://www.therightperspective.org/?p=2084
2009-03-16,00:18:59,84tsr,4, Guam residents are not welcoming U.S. Marines relocation from Okinawa,pww.org,http://pww.org/article/articleview/14871/
2009-03-15,19:49:44,84skd,6,Pakistani police tear-gas defiant protesters ,edition.cnn.com,http://edition.cnn.com/2009/WORLD/asiapcf/03/15/pakistan.sharif/index.html
2009-03-16,02:24:11,84uij,4,Taliban lose a public relations battle - threaten to kill aid workers as spies,cnn.com,http://www.cnn.com/2009/WORLD/asiapcf/03/15/afghan.taliban.threat/index.html
2009-03-15,15:13:20,84roo,2,"'Tent City' To Be Shut Down, Official Says - Sacramento News Story - KCRA Sacramento",kcra.com,http://www.kcra.com/news/18908891/detail.html?treets=sac&tml=sac_break&ts=T&tmi=sac_break_1_03380103112009
2009-03-16,00:17:55,84tsm,3,"Under pressure, AIG reduces bonuses! Great!! Is this enough though?",cnn.com,http://www.cnn.com/2009/US/03/14/aig.bonuses/index.html
