2009-05-31,13:58:58,8ol58,59,"Dear United States, Please stop selling North Korea nuclear material. Thanks. Rest of the world.",swissinfo.ch,http://www.swissinfo.ch/eng/index.html?siteSect=105&sid=1648385
2009-06-01,01:22:38,8onw8,29,Thousands Protest in Hong Kong to Mark Tiananmen Anniversary,online.wsj.com,http://online.wsj.com/article/SB124375851974469683.html
2009-05-31,20:57:51,8omlt,31,"Bomb found, defused aboard Iranian jet ",msnbc.msn.com,http://www.msnbc.msn.com/id/31026235/
2009-05-31,13:00:51,8okx6,27,"French gov't report charge religious cults - including Jehovah's Witnesses, Scientology, Mormons - with having a growing influence in the United Nations",smirkingchimp.com,http://www.smirkingchimp.com/thread/22021
2009-05-31,14:51:44,8olck,28,How GM seeds (Bt GM wonder seeds with customized herbicides) killed more Indians than World War II,celsias.com,http://www.celsias.com/article/how-gm-seeds-killed-more-indians-world-war-ii/
2009-05-31,22:52:19,8on3d,23,Berlusconi tries to block publication of photos of topless young women taken at his villa,msnbc.msn.com,http://www.msnbc.msn.com/id/31020053/
2009-05-31,15:46:18,8olk3,21,"Convicted killer beheaded, put on display in Saudi Arabia - CNN.com",us.cnn.com,http://us.cnn.com/2009/WORLD/meast/05/30/saudi.arabia.execution/index.html?iref=hpmostpop
2009-06-01,03:07:44,8ooh9,17,The most authoritative map of North Korea on Google Earth,nkeconwatch.com,http://www.nkeconwatch.com/north-korea-uncovered-google-earth/
2009-05-31,21:08:30,8omni,18,Why Are They Trying To Gag A Top British Science Writer?,guardian.co.uk,http://www.guardian.co.uk/commentisfree/2009/may/31/simon-singh-science?commentpage=2
2009-06-01,01:42:12,8onzs,15,Dying man cashes in by not cashing in his chips,news.bbc.co.uk,http://news.bbc.co.uk/2/hi/uk_news/england/beds/bucks/herts/8075288.stm
2009-05-31,12:07:25,8okpa,16," After Tiananmen, China dissidents bide time against Party.  Instead of crumbling, China's Communist Party has strengthened its hold on power since the crackdown on pro-democracy protesters.",reuters.com,http://www.reuters.com/article/topNews/idUSTRE54S0T020090529
2009-05-31,14:37:53,8olay,14,"North West England is the last hope of the BNP getting a Euro MP . One candidate there states his hobbies as ""devising slow and terrible ways of paying back the Guardian-reading cunts who have betrayed the British people into poverty and slavery. I AM NOT JOKING.""",kirkunity.blogspot.com,http://kirkunity.blogspot.com/2009/05/exposed-ugly-face-of-bnps-leaders.html
2009-05-31,15:49:59,8olkl,17,"Conference Board of Canada admits that its publicly funded, plagiarized, biased copyright ""research"" is junk",boingboing.net,http://www.boingboing.net/2009/05/28/conference-board-of.html
2009-06-01,01:03:26,8onsk,11,Italy's Berlusconi blocks publication of party photos,reuters.com,http://www.reuters.com/article/newsOne/idUSTRE54T0W820090530
2009-05-31,10:19:10,8ok8g,9,As the gory details of what the Tamil population of northern Sri Lanka have been subjected in recent weeks emerge - bit by bloody bit - there is need for a full accounting of every act of barbarity committed against them by the Sri Lankan government.,countercurrents.org,http://www.countercurrents.org/sagar300509.htm
2009-05-31,17:30:19,8olwu,10,Israeli Arabs defiant on 'loyalty laws' plan,news.bbc.co.uk,http://news.bbc.co.uk/2/hi/middle_east/8073752.stm
2009-05-31,12:59:41,8okwy,9,An Egyptian Cabinet minister who offered to burn Hebrew books last year enters the final straight as favourite for leadership of Unesco,timesonline.co.uk,http://www.timesonline.co.uk/tol/news/world/middle_east/article6391201.ece
2009-05-31,15:22:18,8olh0,10,Senior Labour MPs have discussed defecting to the Liberal Democrats if the party loses the election.,news.bbc.co.uk,http://news.bbc.co.uk/2/hi/uk_news/politics/8030285.stm
2009-05-31,08:18:04,8ojrg,11,"Oops... Iraqi Trade Minister is corrupt and non-representative..  Arrested while trying to flee the country from charges of embezzlement and fraud. There are arrest warrants for 997 officials from various government offices, in addition to 387 warrants already served. ",latimes.com,"http://www.latimes.com/news/nationworld/world/la-fg-iraq-corrupt31-2009may31,0,163457.story"
2009-06-01,05:27:49,8op5i,9,Palestine vs Palestine: Six Palestinians die in shootout between Hamas and Fatah,news.yahoo.com,http://news.yahoo.com/s/afp/20090531/ts_afp/mideastunrestpalestinian;_ylt=AmfWOGll6VJW5V7G8cMudfd34T0D;_ylu=X3oDMTJ2cmNmazloBGFzc2V0A2FmcC8yMDA5MDUzMS9taWRlYXN0dW5yZXN0cGFsZXN0aW5pYW4EcG9zAzE5BHNlYwN5bl9hcnRpY2xlX3N1bW1hcnlfbGlzdARzbGsDcGFsZXN0aW5pYW50
2009-05-31,10:06:57,8ok6x,7,Tamil children as young as 11 were forced at gunpoint to fight for the Tigers in Sri Lanka's civil war. Survivors talk of their ordeal.,guardian.co.uk,http://www.guardian.co.uk/world/2009/may/31/sri-lanka-children-tamil-tigers
2009-06-01,01:44:35,8oo04,8,"Record numbers of Britons are queueing up for assisted suicide at Swiss clinic; Lords will hear plea to overturn law that criminalises anyone who aids, abets, counsels or procures someone else's suicide",guardian.co.uk,http://www.guardian.co.uk/society/2009/may/31/assisted-suicide-reform-uk-switzerland
2009-05-31,14:17:54,8ol85,6,"The BNP legal adviser Lee Barnes - ""The beating of Rodney King still makes me laugh."" ...merely a reflection of his belief that the police should have more powers to punish perpetrators of crime by ""giving them a good thrashing"".",guardian.co.uk,http://www.guardian.co.uk/politics/2009/may/31/bnp-european-elections-facebook-expose
2009-05-31,23:29:45,8onag,5,The war on women in Darfur,boston.com,http://www.boston.com/news/world/africa/articles/2009/05/31/boston_doctors_detail_darfur_refugees_accounts_of_rape_assault/
2009-05-31,10:54:52,8okdo,2,"""This is not the first time caste tensions in India burst into bloody violence in Europe. Similar incidents have happened in the United Kingdom and even in the United States”",assistnews.net,http://www.assistnews.net/Stories/2009/s09050148.htm
2009-05-31,15:28:43,8olhu,2, North West England - Meet The BNP Candidates For The European Election,ericthefishking.blogspot.com,http://ericthefishking.blogspot.com/2009/05/real-face-of-bnp.html
2009-06-01,06:34:50,8opin,3, Last Titanic survivor dies at 97  ,news.bbc.co.uk,http://news.bbc.co.uk/1/hi/england/hampshire/8070095.stm
2009-06-01,07:52:46,8opx4,2,El Salvador: The beginning of a new era -- and great challenges,links.org.au,http://links.org.au/node/1075
2009-06-01,03:34:26,8ools,2,Tiananmen: A battle of remembering vs. forgetting,google.com,http://www.google.com/hostednews/ap/article/ALeqM5icC6POqkdwhzHnxVX7M2OFou-2XQD98HBUOG0
2009-05-31,21:30:30,8omr1,1,U.N. calls U.S. human rights record &quot;deplorable&quot;,salon.com,http://www.salon.com/news/primary_sources/2009/05/29/un_report/index.html
