2009-07-26,14:13:50,94m7f,290,Ferrari F1 Driver Felipe Massa in critical condition after this accident [see coil enter shot at ~0:29 of video],youtube.com,http://www.youtube.com/watch?v=z0ltCJXSLuw
2009-07-26,22:48:25,94obb,268,23yrs old Saudi Arabian to be executed for talking about sex. ,translate.google.de,http://www.translate.google.de/translate?prev=hp&hl=de&js=y&u=http%3A%2F%2Fwww.n-tv.de%2Fpanorama%2FSaudi-droht-Todesstrafe-article435338.html&sl=de&tl=en&history_state0=&swap=1
2009-07-26,22:32:39,94o8j,98,India launches nuclear submarine ,cnn.com,http://www.cnn.com/2009/WORLD/asiapcf/07/26/india.nuclear.submarine/index.html
2009-07-27,02:32:36,94pry,82,World hunger reaches the 1 billion people mark,ctv.ca,http://www.ctv.ca/servlet/ArticleNews/story/CTVNews/20090619/world_hunger_090619/20090619?hub=World
2009-07-26,23:57:48,94opz,77,Vitiligo - black man turning white,brisbanetimes.com.au,http://www.brisbanetimes.com.au/articles/2007/12/18/1197740229199.html
2009-07-27,03:47:23,94q9o,59,Meet all 188 British forces personnel killed in Afghanistan ,channel4.com,http://www.channel4.com/news/articles/uk/british+fatalities+in+afghanistan/3281157
2009-07-27,03:19:44,94q2k,51,Torture – new claim of secret UK complicity,guardian.co.uk,http://www.guardian.co.uk/world/2009/jul/26/alam-ghafoor-torture-uk-intelligence
2009-07-26,23:48:40,94oo6,40,"In Afghanistan, Marines are bracing for a fight against guerrillas who, they discovered in June, are surprisingly proficient at tactics the Marines themselves learned in infantry school.",nytimes.com,http://www.nytimes.com/2009/07/26/world/asia/26marines.html?_r=1&hp
2009-07-27,03:28:56,94q55,22,"Iran's Opposition Calls Crackdown ""Immoral""",nytimes.com,http://www.nytimes.com/2009/07/26/world/middleeast/26iran.html
2009-07-26,10:02:06,94l1c,23,Cruise ship enters Vancouver port with a whale stuck under its bow.,vancouversun.com,http://www.vancouversun.com/news/Cruise+ship+catches+whale/1829100/story.html
2009-07-26,02:29:07,94ien,18,Iran vows to hit Israel's atomic sites if attacked,reuters.com,http://www.reuters.com/article/topNews/idUSTRE56O0ME20090725
2009-07-27,04:13:09,94qf3,16,Honduran police join general strike against current regime,granma.cu,http://www.granma.cu/ingles/2009/julio/vier24/Honduras.html
2009-07-27,02:59:07,94pxu,16,"The strange psychedelic adventure of Radovan Karadzic, the world's most hunted war criminal",nytimes.com,http://www.nytimes.com/2009/07/26/magazine/26karadzic-t.html?_r=1&ref=magazine&pagewanted=all
2009-07-26,20:34:02,94nqt,15,"Thousands of Chinese steel workers riot, beating one manager to death",news.bbc.co.uk,http://news.bbc.co.uk/2/hi/asia-pacific/8169169.stm
2009-07-27,00:26:16,94owk,14,Universal Healthcare is not a panacea — control of costs is still needed. Status in Australia. ,theaustralian.news.com.au,"http://www.theaustralian.news.com.au/story/0,25197,25840028-2702,00.html"
2009-07-27,01:42:25,94pfb,9,"Can a child soldier be a refugee? Child soldiers from Liberia rape another Liberian child in Phoenix, 14 year old to be tried as an adult.",azcentral.com,http://www.azcentral.com/news/articles/2009/07/26/20090726liberia.html
2009-07-26,17:12:27,94my3,9,Palestinians ask Canada to seize Dead Sea Scrolls: The exhibition at the ROM contains artifacts 'illegally acquired' by Israel when it annexed East Jerusalem in the 1967 war.,thenational.ae,http://www.thenational.ae/apps/pbcs.dll/article?AID=/20090724/FOREIGN/707239848/1014/NEWS
2009-07-26,21:06:10,94nv9,12,Americans doing more harm than good in Pakistan,gather.com,http://www.gather.com/viewArticle.action?articleId=281474977751066
2009-07-27,06:41:51,94rbm,8,Pakistan arrests influential pro-Taliban cleric - His arrest is a sign the government will no longer negotiate with militants,msnbc.msn.com,http://www.msnbc.msn.com/id/32157468/ns/world_news-south_and_central_asia/
2009-07-27,04:24:43,94qib,8,Wildfires on Mediterranean coast (pictures),guardian.co.uk,http://www.guardian.co.uk/world/gallery/2009/jul/26/wildfires-mediterranean?picture=350807693
2009-07-27,02:06:43,94plv,10,Last British WW1 veteran dies - World,nzherald.co.nz,http://www.nzherald.co.nz/world/news/article.cfm?c_id=2&objectid=10586742
2009-07-27,01:37:16,94peb,10,"Millionaire peer claimed over £20,000 in allowances by saying that a small rented flat occupied by his brother is his main home. Last week he could not even remember its address",timesonline.co.uk,http://www.timesonline.co.uk/tol/news/politics/article6727708.ece
2009-07-26,22:12:34,94o4t,8,Billions in marijuana and ecstasy flow across Canadian border.,washingtontimes.com,http://www.washingtontimes.com/news/2009/jul/26/canada-border-is-drug-wars-2nd-front/?feat=home_cube_position4
2009-07-27,02:45:18,94puq,10,"Obama administration steps up diplomatic push to 
revive Middle East peace process",guardian.co.uk,http://www.guardian.co.uk/world/2009/jul/26/george-michell-syria-israel-peace
2009-07-27,03:15:01,94q1k,7,Israel-UN spat over Syria 'bias',news.bbc.co.uk,http://news.bbc.co.uk/2/hi/middle_east/8107286.stm
2009-07-27,07:16:16,94ris,5,North Korea opens first 'fast food' restaurant in Pyongyang,english.yonhapnews.co.kr,http://english.yonhapnews.co.kr/northkorea/2009/07/25/47/0401000000AEN20090725001900320F.HTML
2009-07-27,00:29:26,94oxo,6,Russia-China Warn US That Israeli Attack On Iran Means “World War”,cfciowa.org,http://www.cfciowa.org/K017/index.php?option=com_content&view=article&id=%3Cbr%20/%3E255:russia-china-warn-us-that-israeli-attack-on-iran-means-world-war&catid=4:national-news&Itemid=7
2009-07-27,03:25:10,94q40,4,India mine row embroils Church of England,news.bbc.co.uk,http://news.bbc.co.uk/2/hi/south_asia/8167223.stm
2009-07-27,03:16:06,94q1t,6,"Israel seeking ""understanding"" with U.S.",msnbc.msn.com,http://www.msnbc.msn.com/id/32156542/ns/world_news-mideastn_africa/
2009-07-27,02:02:59,94pkz,6,Sarkozy in health scare while exercising,independent.co.uk,http://www.independent.co.uk/news/world/europe/sarkozy-in-health-scare-while-exercising-1761827.html
