2009-01-21,19:21:38,7rbnh,813,Top Israeli officers warned against traveling in Europe because of the danger they might be arrested for war crimes. ,ynetnews.com,"http://www.ynetnews.com/articles/1,7340,L-3658823,00.html"
2009-01-21,15:49:30,7rals,601,Father: 'I watched an Israeli soldier shoot dead my two little girls',independent.co.uk,http://www.independent.co.uk/news/world/middle-east/father-i-watched-an-israeli-soldier-shoot-dead-my-two-little-girls-1452294.html
2009-01-21,06:12:48,7r74y,480,"Riots in Iceland this very moment, live translations",newsfrettir.com,http://newsfrettir.com
2009-01-22,01:20:51,7re9m,334,International arrest warrants published for alleged Israeli war criminals,wanted.org.il,http://www.wanted.org.il/eliezer_shkedy_en.htm
2009-01-22,05:09:40,7rg9u,314,Amnesty International accuses Israel of war crimes in Gaza,abc.net.au,http://www.abc.net.au/news/stories/2009/01/20/2469609.htm?section=justin
2009-01-22,00:59:19,7re2n,281,"If Israel ignores the U.N. laws on weapons use, then should the world ignore the U.N. laws that created Israel?",self.worldnews,https://www.reddit.com/r/worldnews/comments/7re2n/if_israel_ignores_the_un_laws_on_weapons_use_then/
2009-01-21,20:27:02,7rbzp,238,Israel admits troops may have used phosphorus shells in Gaza,guardian.co.uk,http://www.guardian.co.uk/world/2009/jan/21/gaza-phosphorus-shells
2009-01-21,13:32:15,7r9vd,232,Should the US Pull the Plug on Israel?,whatreallyhappened.com,http://whatreallyhappened.com/content/should-us-pull-plug-israel-0
2009-01-22,00:37:03,7rdv2,163,UN torture investigator calls on Obama to charge Bush for Guantanamo abuses,jurist.law.pitt.edu,http://jurist.law.pitt.edu/paperchase/2009/01/un-torture-investigator-calls-on-obama.php
2009-01-22,00:21:46,7rdqr,161,"Collective Punishment (A War Crime) Continues: Israel Denies Medical Teams, Food Supplies Entry to Gaza",presstv.com,http://www.presstv.com/detail.aspx?id=83151&sectionid=351020202
2009-01-22,06:36:23,7rgzo,134,Israeli High Court Overturns Ban on Arab Parties,news.antiwar.com,http://news.antiwar.com/2009/01/21/israeli-high-court-overturns-ban-on-arab-parties/
2009-01-22,01:42:17,7regg,113,Exposed Aftermath in Gaza Massacre - Aljazeera,youtube.com,http://www.youtube.com/watch?v=VSsRAKe1Q-w
2009-01-21,16:54:01,7rax2,114,Chomsky on Gaza,zcommunications.org,http://www.zcommunications.org/znet/viewArticle/20316
2009-01-22,07:56:21,7rhjq,96,"Zionism is not merely a political movement, but in its essence represents a deeply disturbed view of the world, which is a reflection of a terrible disease of the mind.",informationclearinghouse.info,http://www.informationclearinghouse.info/article21798.htm
2009-01-22,00:37:28,7rdv7,90,"Israeli Bombs Meant to ""Send Gaza Back Decades""",counterpunch.org,http://www.counterpunch.org/cook01202009.html
2009-01-22,06:42:17,7rh0v,75,Bush gets booed as he hears Hail to the Chief one last time for him!  Priceless!,youtube.com,http://www.youtube.com/watch?v=CLDzJHdxWAc
2009-01-22,06:20:07,7rguw,59,"Israel used Gaza as a testing ground for a new, ""extremely nasty"" type of explosive ",belfasttelegraph.co.uk,http://www.belfasttelegraph.co.uk/news/world-news/dime-bombs-leave-israels-victims-with-mystery-wounds-14145665.html
2009-01-21,10:22:40,7r8qa,56,"Blind and burnt: Mahmoud, 14, young victim of banned white phosphorus shelling",timesonline.co.uk,http://www.timesonline.co.uk/tol/news/world/middle_east/article5549100.ece
2009-01-21,12:00:00,7r9b9,51,Starbucks smashed and looted as anti-Israel protests turn to violence - Telegraph,telegraph.co.uk,http://www.telegraph.co.uk/news/worldnews/middleeast/israel/4279688/Starbucks-smashed-and-looted-as-anti-Israel-protests-turn-to-violence.html
2009-01-22,06:23:42,7rgw4,51,They used these weird bombs that put up smoke like a mushroom cloud...pieces of the bombs exploded into large fires that continued to burn on the skin even after people dumped water on the burns,belfasttelegraph.co.uk,http://www.belfasttelegraph.co.uk/news/world-news/i-treated-people-who-had-their-skin-melted-14142692.html
2009-01-22,05:42:43,7rgjv,45,"Company Constructing Israel Light Rail Loses Swedish Contract: ""This is clearly another sign of the importance for commercial actors not to have their brand associated to unethical behaviour""",diakonia.se,http://www.diakonia.se/sa/node.asp?node=2807
2009-01-21,22:14:57,7rcnp,45,"""... no serious injuries or significant property damage ... Not a single arrest ..."" USA! USA!",washingtonpost.com,http://www.washingtonpost.com/wp-dyn/content/article/2009/01/20/AR2009012004139.html
2009-01-21,10:07:50,7r8n5,37,Israeli soldiers abduct four Palestinians near Nablus,maannews.net,http://www.maannews.net/en/index.php?opr=ShowDetails&ID=35124
2009-01-21,22:50:13,7rcxz,41,Terror cell might have wiped itself out with black death,telegraph.co.uk,http://www.telegraph.co.uk/news/worldnews/africaandindianocean/algeria/4294664/Al-Qaeda-cell-killed-by-Black-Death-was-developing-biological-weapons.html
2009-01-21,20:44:13,7rc3e,31,Sweden to allow gay marriage in May,thelocal.se,http://www.thelocal.se/17050/20090121/
2009-01-21,08:57:06,7r886,30,"Overseas, Expectations Build for Torture Prosecutions",harpers.org,http://harpers.org/archive/2009/01/hbc-90004233
2009-01-21,23:27:48,7rd9d,30,Earliest weapons-grade plutonium found in US dump,newscientist.com,http://www.newscientist.com/article/dn16447-earliest-weaponsgrade-plutonium-found-in-us-dump.html
2009-01-22,03:57:24,7rfmp,23,Gordon Brown was forced into a humiliating climbdown today when he shelved plans to conceal details of MPs' lavish expenses.,dailymail.co.uk,http://www.dailymail.co.uk/news/article-1125916/Brown-caves-plans-details-MPs-expenses-secret-cross-party-support-FOI-ban-collapses.html
2009-01-21,17:57:34,7rb8f,22,Wanted,wanted.org.il,http://www.wanted.org.il/ehud_barak_en.htm
2009-01-21,21:44:35,7rcfy,21,Obama speech censored in China,news.bbc.co.uk,http://news.bbc.co.uk/2/hi/asia-pacific/7841580.stm
