2009-04-13,22:24:45,8c3f2,714,The film-maker Sir David Attenborough becomes a patron of a group seeking to cut the growth in human population. ,news.bbc.co.uk,http://news.bbc.co.uk/1/hi/uk/7996230.stm
2009-04-13,02:31:35,8bxau,571,"American captain rescued, pirates killed",edition.cnn.com,http://edition.cnn.com/2009/WORLD/africa/04/12/somalia.pirates/index.html
2009-04-13,23:07:39,8c3s7,88,"SEALs parachuted into water in dark, later slid down tow line to lifeboat",washingtonpost.com,http://www.washingtonpost.com/wp-dyn/content/article/2009/04/12/AR2009041202645.html
2009-04-14,05:59:06,8c7gg,81,"WTF? Why Is This Merely A Side Note? ""Various gangs along Somalia's coast are holding 18 foreign ships – including five taken this week – and more than 250 hostages.""",guardian.co.uk,http://www.guardian.co.uk/world/2009/apr/10/hostage-killed-as-french-storm-pirate-yacht?
2009-04-14,02:07:04,8c5ei,66,"Why I Know Weapons Expert Dr David Kelly Was Murdered, by the MP Who Spent a Year Investigating His Death",dailymail.co.uk,http://www.dailymail.co.uk/news/article-488667/Why-I-know-weapons-expert-Dr-David-Kelly-murdered-MP-spent-year-investigating-death.html
2009-04-14,03:54:07,8c6fi,21,"New Zealand: Locked out union employees fight back with ""lock in""",workersparty.org.nz,http://workersparty.org.nz/2009/04/13/solidarity-to-support-the-locked-out-workers-at-synovate/
2009-04-14,02:14:47,8c5hi,21,"Obama To Allow Travel, Money Transfers To Cuba",npr.org,http://www.npr.org/templates/story/story.php?storyId=103030021&sc=fb&cc=fp
2009-04-14,00:41:16,8c4lt,19,"Now pirates vow to kill future US, French hostages.",cnn.com,http://www.cnn.com/2009/WORLD/africa/04/13/somalia.pirates.revenge/index.html
2009-04-14,02:29:20,8c5ms,19,"In case you didn't know, Fiji is going down the crapper",news.bbc.co.uk,http://news.bbc.co.uk/2/hi/asia-pacific/7996581.stm
2009-04-14,00:32:46,8c4iz,19,You are being lied to about pirates,independent.co.uk,http://www.independent.co.uk/opinion/commentators/johann-hari/johann-hari-you-are-being-lied-to-about-pirates-1225817.html?
2009-04-13,10:31:57,8bzkk,19,"Vatican blocks Caroline Kennedy appointment as US ambassador because of her support for abortion, you know",telegraph.co.uk,http://www.telegraph.co.uk/news/worldnews/europe/vaticancityandholysee/5138135/Vatican-blocks-Caroline-Kennedy-appointment-as-US-ambassador.html
2009-04-13,11:16:11,8bzs5,16,Warning that Pakistan is in danger of collapse within months,smh.com.au,http://www.smh.com.au/world/warning-that-pakistan-is-in-danger-of-collapse-within-months-20090412-a40u.html
2009-04-14,00:57:33,8c4qn,16,British and mainland Europeans have known for more than a year: new leather sofas from China are a hotbed of allergens,smh.com.au,http://www.smh.com.au/national/new-sofas-to-blame-for-rash-of-allergies-20090411-a3e2.html
2009-04-13,16:53:01,8c1lc,9,"European subsidies are responsible for large-scale unemployment and poverty among farmers in Africa, Asia and Latin America",news.bbc.co.uk,http://news.bbc.co.uk/2/hi/south_asia/7992327.stm
2009-04-13,22:46:31,8c3lr,10," Over 150,000 Gazans still without tap water",pww.org,http://pww.org/article/articleview/15210/
2009-04-13,20:15:35,8c2lc,9,"The coronation of Bhutan's Dragon King, and what it means for the world’s last Himalayan kingdom",vanityfair.com,http://www.vanityfair.com/politics/features/2009/05/bhutan-king200905?currentPage=1
2009-04-14,02:33:02,8c5np,8,Obama says the US seeks to halt piracy on the high seas,news.yahoo.com,http://news.yahoo.com/s/ap/20090413/ap_on_go_pr_wh/obama_piracy
2009-04-14,07:54:01,8c8bc,9,(UK) Police investigate shocking video of 17 drunken soldiers 'roasting' underage girl,dailymail.co.uk,http://www.dailymail.co.uk/news/article-557594/Police-investigate-shocking-video-17-drunken-soldiers-roasting-underage-schoolgirl.html
2009-04-14,00:09:40,8c4bo,10,U.S. Military Considers Attacks on Somali Pirates’ Land Bases ,bloomberg.com,http://www.bloomberg.com/apps/news?pid=washingtonstory&sid=aYhvgOfyTmYA
2009-04-14,05:09:03,8c71w,7,Wikileaks.de taken offline by German registrar,arstechnica.com,http://arstechnica.com/tech-policy/news/2009/04/wikileaksde-taken-offline-by-german-registrar.ars
2009-04-14,06:55:41,8c7vv,6,Iran offers to train Afghan police ,telegraph.co.uk,http://www.telegraph.co.uk/news/worldnews/middleeast/iran/5149148/Iran-offers-to-train-Afghan-police.html
2009-04-13,15:59:39,8c1cs,5,The Two Piracies in Somalia,africanloft.com,http://www.africanloft.com/two-piracies-in-somalia/
2009-04-13,13:58:26,8c0nm,7,“No one dared report the accident because the owner was so powerful.” Graft in China Covers Up Toll of Coal Mines ,nytimes.com,http://www.nytimes.com/2009/04/11/world/asia/11coal.html?_r=1&%20pagewanted=all&pagewanted=all
2009-04-13,23:21:54,8c3wj,6,Georgia protesters move to oust president,uk.reuters.com,http://uk.reuters.com/article/worldNews/idUKTRE53C2H820090413
2009-04-13,15:46:43,8c19z,3,Hijacked U.S. ship had backup controls which pirates never found,idahostatesman.com,http://www.idahostatesman.com/worldnews/story/729917.html
2009-04-14,02:42:41,8c5qs,7,Ambushed in Afghanistan: A Reporter Under Fire [w/ PIC],time.com,"http://www.time.com/time/world/article/0,8599,1890578-1,00.html"
2009-04-13,21:21:55,8c2yj,4,"Mexico has a ""Death Saint"" they're not too proud of",wesay.com,http://www.wesay.com/Top_Photos/Far-Out/134200984763215/
2009-04-14,03:25:07,8c65f,4,Canada has been funding sex-change operations?,cnews.canoe.ca,http://cnews.canoe.ca/CNEWS/Canada/2009/04/13/pf-9097171.html
2009-04-14,02:44:19,8c5rg,4,"This year GDP is expected to contract by 3 percent in the U.S. and Europe, and by close to 6 percent in Japan, while continuing to expand in China and India by 7 and 5 percent, respectively. The Asian Century is almost here.",newsweek.com,http://www.newsweek.com/id/190387
2009-04-14,06:41:21,8c7s6,5,Somali Militants Express New Support for Pirates,voanews.com,http://www.voanews.com/english/2009-04-13-voa23.cfm
