2009-10-10,15:04:36,9snha,200,China detects deadly nerve gas at border with NKorea: report,google.com,http://www.google.com/hostednews/afp/article/ALeqM5gF1BMbOzAoT_AcuJYhC-T-pOOE0A
2009-10-11,01:00:24,9sr59,46,Quiz: Can you name all the countries of the world in 15 minutes? ,sporcle.com,http://www.sporcle.com/games/world.php
2009-10-10,23:39:56,9sqjf,38,This is where Russian gas comes from: Yamal peninsula native Nenets people will see their nomadic lifestyle destroyed by oil and gas industry,msnbc.msn.com,http://www.msnbc.msn.com/id/33210555/ns/us_news-environment/displaymode/1247/?beginSlide=1
2009-10-10,14:40:36,9snce,33,Director of rightwing lobby group the Taxpayer's Alliance lives in France and doesn't pay British tax,guardian.co.uk,http://www.guardian.co.uk/politics/2009/oct/09/taxpayers-alliance-director-tax
2009-10-11,01:23:59,9srca,35,Iran - Three sentenced to death over election protests,france24.com,http://www.france24.com/en/20091010-iran-three-sentenced-death-election-protests-mahmoud-ahmadinejad
2009-10-11,00:32:09,9sqxr,20,"Landowners in Honduras hired Colombian paramilitaries, UN says",guardian.co.uk,http://www.guardian.co.uk/world/2009/oct/09/honduras-colombia-auc-landowners
2009-10-10,15:50:18,9snqf,17,"South Africa drug kingpin gave top cop, one-time 
Interpol president, gifts as ""friend"".",af.reuters.com,http://af.reuters.com/article/topNews/idAFJOE5980KP20091009
2009-10-11,05:12:29,9ssyp,18,"German Chancellor Angela Merkel criticised the efforts of Google to build a massive digital library, saying the Internet should not be exempt from copyright laws.
",reuters.com,http://www.reuters.com/article/marketsNews/idCNLA63106520091010?rpc=44
2009-10-11,04:04:05,9sshv,10," Samples of ancient air extracted from deep inside the Antarctic and Greenland ice caps make it clear that CO2 is scarce in the atmosphere during ice ages and relatively abundant during warmer interglacial periods — like the one we're in now.

",time.com,"http://www.time.com/time/health/article/0,8599,1929238,00.html"
2009-10-11,00:45:05,9sr13,6,"Washington Post: Instead Of Obama, The Nobel Peace Prize Should Go To Neda Of Iran",belowthebeltway.com,http://belowthebeltway.com/2009/10/10/washington-post-instead-of-obama-the-nobel-peace-prize-should-go-to-neda-of-iran/
2009-10-11,04:07:24,9ssiq,7,Senate and Congress Helps DoD Hide Torture Photos. Stash the illegal activity in an appropriations bill. ,self.worldnews,https://www.reddit.com/r/worldnews/comments/9ssiq/senate_and_congress_helps_dod_hide_torture_photos/
2009-10-10,12:22:43,9smhl,7,"A Brazilian TV presenter and politician accused of 
ordering killings to popularise his own television 
show has handed himself in to police to face 
charges.",telegraph.co.uk,http://www.telegraph.co.uk/news/worldnews/southamerica/brazil/6286075/Brazil-TV-crime-host-accused-in-killings-turns-himself-in.html
2009-10-10,20:26:57,9sp9i,5,Israeli Cabinet minister warns Iran will be destroyed if it attacks Israel,highbeam.com,http://www.highbeam.com/doc/1A1-D8VT50CG0.html
2009-10-10,19:20:57,9sowy,3,Two-year-old with same IQ as Einstein,telegraph.co.uk,http://www.telegraph.co.uk/news/newstopics/howaboutthat/6286512/Two-year-old-with-same-IQ-as-Einstein.html
2009-10-10,15:56:59,9sns0,1,Pretoria Metro cop 'leads' robbery gang.,news24.com,http://www.news24.com/Content/SouthAfrica/News/1059/30d5f229b0ab4fd292d33eb61daa7b28/09-10-2009-09-46/Metro_cop_leads_robbery_gang
2009-10-11,00:03:46,9sqpt,0,Gunmen attack Pakistani army HQ and take hostages,alertnet.org,http://www.alertnet.org/thenews/newsdesk/SP479023.htm
2009-10-10,10:43:16,9slwv,1,"Kremlin accused of fixing Russian vote: 
Opposition charges voting for Moscow city council is rigged in advance.",guardian.co.uk,http://www.guardian.co.uk/world/2009/oct/09/russia-moscow-election-fix-allegations
2009-10-10,11:53:37,9smay,0,"All indigenous peoples of the world have the United 
Nations-endorsed right not to be colonised",bnp.org.uk,http://bnp.org.uk/2009/10/all-indigenous-people-have-right-to-avoid-colonisation-wolverhampton-bnp-told/
2009-10-11,04:47:08,9sssg,0,French marines on trawlers repel pirates in Indian Ocean,rawstory.com,http://rawstory.com/news/afp/French_marines_on_trawlers_repel_pi_10102009.html
2009-10-10,08:10:50,9skyj,1,Yahoo vigorously denies charges that it turned over user names to Iran,government.zdnet.com,http://government.zdnet.com/?p=5547?
2009-10-11,04:34:11,9sspz,1,Feeding the world: which countries are most at risk?,google.com,http://www.google.com/hostednews/afp/article/ALeqM5jTATVs8p4_NMlsJf-gD424K2YNbA
2009-10-10,08:28:20,9sl2c,1,Ethiopia: Just too many babies,thespec.com,http://www.thespec.com/Opinions/article/630389
2009-10-10,22:00:19,9sptd,0,"Nobel Peace Prize “fully exposes the illusion that is Barack Obama""",timesonline.co.uk,http://www.timesonline.co.uk/tol/news/world/us_and_americas/article6868905.ece
