2009-05-14,07:47:41,8k9xn,422,Swedish Bank to Freeze Accounts of The Pirate Bay Admins,zeropaid.com,http://www.zeropaid.com/news/86209/swedish-bank-to-freeze-accounts-of-the-pirate-bay-admins/
2009-05-14,01:02:56,8k68r,371,"Guess who back in the TED house? Hans Rosling, with awesome new statistics! [VIDEO]",ted.com,http://www.ted.com/index.php/talks/lang/eng/hans_rosling_the_truth_about_hiv.html
2009-05-13,22:12:29,8k4kd,270,"Pope demands independent Palestinian state: “The Holy See supports the right of your people to a sovereign Palestinian homeland in the land of your forefathers...""",timesonline.co.uk,http://www.timesonline.co.uk/tol/news/world/middle_east/article6279525.ece
2009-05-13,08:52:10,8jz84,157,Five men beheaded in Saudi Arabia after grossly unfair trials; their crimes amounted to “corruption on earth”,amnesty.org,http://amnesty.org/en/news-and-updates/news/juveniles-among-five-men-beheaded-saudi-arabia-20090512
2009-05-13,08:07:44,8jyyv,125,The Vatican made a surprise denial today that the German pontiff had ever been a member of the Hitler Youth. ,timesonline.co.uk,http://www.timesonline.co.uk/tol/news/world/middle_east/article6274826.ece
2009-05-13,23:16:13,8k56n,111,"Sri Lanka has written off thousands of its own citizens as collateral damage in its war against the LTTE.  As many as 1,000 died over the weekend; at least 50 more died today when shells struck the only hospital in the country's northern war zone.",google.com,http://www.google.com/hostednews/ap/article/ALeqM5gVoaDFmbCYS-Usz9ACDRIengj21QD985CURO0
2009-05-13,10:25:34,8jzur,65,Guatemalan president accused of murder in video left by victim,edition.cnn.com,http://edition.cnn.com/2009/WORLD/americas/05/12/guatemala.video.slaying/index.html
2009-05-14,05:25:37,8k8u4,68,"90 Afghan Schoolgirls Poisoned in 'Taliban Gas Attack', the third attack on a girls' school in three weeks, raising fears about increasingly vicious methods to terrorize girls.",alternet.org,http://www.alternet.org/rights/139996/90_afghan_schoolgirls_poisoned_in_%27taliban_gas_attack%27/
2009-05-14,05:12:50,8k8q6,70,Measurable amounts of cocaine found in the air of Madrid and Barcelona,google.com,http://www.google.com/hostednews/afp/article/ALeqM5hGdR7bYGZZ7eZTfOtdPHsrCH4Wsg
2009-05-13,21:19:32,8k453,39,The reported suicide of a prisoner who falsely linked Saddam Hussein to Al Qaeda surprises human-rights workers and lawyers for other top terror detainees.,newsweek.com,http://www.newsweek.com/id/196818
2009-05-13,23:08:09,8k53s,32,BBC Map shows only 38% of NWFP under Pak Govt control,news.bbc.co.uk,http://news.bbc.co.uk/2/hi/south_asia/8046577.stm
2009-05-13,15:37:38,8k1w4,27,Eyewitness Sri Lanka: 'This is too much to take. Why is the world not helping?',guardian.co.uk,http://www.guardian.co.uk/world/2009/may/12/sri-lanka-eyewitness-civil-war
2009-05-14,05:19:00,8k8rv,20,"Pope tell Palestinians: ""The wall that intrudes into your territories, separating neighbors and dividing families…they can be taken down""",ynetnews.com,"http://www.ynetnews.com/articles/0,7340,L-3715636,00.html"
2009-05-13,13:52:30,8k15x,18,"""We're facing an almost united front against the United States regarding Cuba. Every country, even those with whom we are closest, is just saying you've got to change."" Hillary Clinton...(Good article about a multi-polar world)",zmag.org,http://www.zmag.org/znet/viewArticle/21404
2009-05-13,15:00:08,8k1mw,20,Holocaust Denier goes free ,news.com.au,"http://www.news.com.au/story/0,23599,25473736-1702,00.html"
2009-05-14,06:50:06,8k9jm,11,Russia views U.S. as top security threat: document,etaiwannews.com,http://www.etaiwannews.com/etn/news_content.php?id=948094&lang=eng_news&cate_img=logo_world&cate_rss=WORLD_eng
2009-05-14,07:06:36,8k9o4,14,"Why did the Irish Shareholder throw eggs at his Banks Chairman? Security Guard leading him out: ""Because he likes chickens."" Shareholder: ""Because I can't throw my shoes!""",news.bbc.co.uk,http://news.bbc.co.uk/1/hi/northern_ireland/8048529.stm
2009-05-13,23:27:14,8k5ai,10,"Roxana Saberi, the journalist recently released from an Iranian prison, was convicted of spying because she had obtained a confidential report on the US war in Iraq prepared by Iran's Centre for Strategic Research.",news.bbc.co.uk,http://news.bbc.co.uk/1/hi/world/middle_east/8048012.stm
2009-05-14,05:27:48,8k8ux,12,"Pope tells Palestinians: ""the wall that intrudes into your territories, separating neighbors and dividing families...can be taken down""",reuters.com,http://www.reuters.com/article/topNews/idUSTRE54C50A20090513?sp=true
2009-05-14,00:09:06,8k5ox,9,"Kremlin: Battles over energy may lead to wars - ""The international policy in the long run will be focused on getting hold of energy sources, including in the Middle East, the Barents Sea shelf and other Arctic regions, the Caspian and Central Asia"" ",news.yahoo.com,http://news.yahoo.com/s/ap/20090513/ap_on_re_eu/eu_russia_security_strategy_2
2009-05-14,07:03:16,8k9na,10,MDC activist dies from ZANU-PF militia torture injuries in Zimbabwe,hararetribune.com,http://hararetribune.com/our-town/1-news/741-mdc-activists-dies-from-zanu-pf-militia-torture-inguries.html
2009-05-13,08:05:51,8jyy8,7,Scientists in Bolivia say that one of the country's most famous glaciers has almost disappeared as a result of climate change.,news.bbc.co.uk,http://news.bbc.co.uk/2/hi/americas/8046540.stm
2009-05-14,01:06:37,8k6a2,7,Data-Mining Predicted Swine Flu 18 Days before WHO,infopackets.com,http://www.infopackets.com/news/technology/it/2009/20090513_data_mining_predicted_swine_flu_18_days_before_who.htm
2009-05-14,05:12:32,8k8q3,7,"Somalia:  Islamist fighters poised to topple the weak government, have government forces surrounded ",news.bbc.co.uk,http://news.bbc.co.uk/2/hi/africa/8047750.stm
2009-05-13,21:28:54,8k47g,8,The innocent victims of these idiotic wars,wesay.com,http://www.wesay.com/Top_Photos/News/135200914357286/
2009-05-14,07:20:31,8k9rp,5,1.3 million of people flee from fights between Pakistan Army and talibans,warsintheworld.com,http://www.warsintheworld.com/?x=entry:entry090514-000511
2009-05-13,12:18:08,8k0hr,8,Boy Playing 'Cops and Robbers' Shot by Deputy,foxnews.com,"http://www.foxnews.com/story/0,2933,519699,00.html"
2009-05-13,09:24:33,8jzg7,7,"Ibn al-Shaykh al-Libi, the terrorism suspect whose testimony underpinned Colin Powell’s case for invading Iraq, has been found dead in a Libyan jail. Al-Libi went missing in 2002, when his US interrogators began voicing concerns that he was providing deliberate misinformation",edition.cnn.com,http://edition.cnn.com/2009/WORLD/africa/05/12/libya.al.qaeda.prisoner/index.html
2009-05-14,02:40:42,8k79h,7,"Russia moves to bolster its claims to the riches of the Arctic Ocean, while other nations watch closely",youtube.com,http://www.youtube.com/watch?v=lG95-8HcDtA&feature=channel_page
2009-05-13,14:05:25,8k19b,7,Google unveils new search tools,news.bbc.co.uk,http://news.bbc.co.uk/1/hi/technology/8047076.stm
