2009-08-24,22:32:17,9dkvj,703,Over my dead body! UK trying to make plastic pint 'glasses' compulsory. Where will the nanny state end?,news.bbc.co.uk,http://news.bbc.co.uk/1/hi/uk/8217775.stm
2009-08-24,11:38:58,9dfzn,357,McGill professor caught in ghost writing scandal where articles paid for by drug giant Wyeth Pharmaceuticals,montrealgazette.com,http://www.montrealgazette.com/health/McGill+prof+caught+ghost+writing+scandal/1922495/story.html
2009-08-24,12:34:51,9dgdc,234,"If you happen to find yourself in Samoa on September 7th, DO NOT get on the roads - the government is switching the side of the street that cars drive on",online.wsj.com,http://online.wsj.com/article/SB125086852452149513.html
2009-08-24,11:45:20,9dg12,183,British firefighters call for boycott of Israel.,greenleft.org.au,http://www.greenleft.org.au/2009/808/41576
2009-08-24,10:20:08,9dfh9,157,"""The men came on three motorcycles, each one carrying a driver and a man on back. They wore masks. Each of the men riding on back carried a small container filled with battery acid. The masked men circled for several minutes as the girls streamed to school. Then they moved in.""",nytimes.com,http://www.nytimes.com/2009/08/23/magazine/23school-t.html?pagewanted=1&_r=2&hpw
2009-08-25,07:53:10,9dqy7,129,"When someone uncovers an organ trafficking network, the easiest way to reject the claims is to accuse him of Antisemitism.",news.bbc.co.uk,http://news.bbc.co.uk/1/hi/middle_east/8217042.stm
2009-08-24,14:35:15,9dh8t,108,"Tens of thousands have watched this video produced by an Iranian filmmaker/activist, where a woman tells how she was tortured and raped in prison.",globalvoicesonline.org,http://globalvoicesonline.org/2009/08/22/iran-testimonies-of-torture-and-rape/
2009-08-25,04:59:05,9dpc6,82,"In the midst of its drug war, Mexico has taken a bold step: Decriminalising the possession of small amounts of drugs, including cocaine and heroin.",seminal.firedoglake.com,http://seminal.firedoglake.com/diary/7443
2009-08-24,21:13:02,9dk6z,66,Pirate Bay sale looking uncertain as Swedish stock market suspends trading in 'Global Gaming Factory' shares,news.bbc.co.uk,http://news.bbc.co.uk/1/hi/technology/8217800.stm
2009-08-24,01:56:59,9dc6a,65,"""AN AMERICAN citizen is to be named by the Lockerbie bomber as the man who really carried out the terrorist attack on Pan Am Flight 103.""",express.co.uk,http://www.express.co.uk/posts/view/122299/-I-ll-reveal-true-identity-of-bomber
2009-08-24,19:08:17,9djaf,56,"UK to share fingerprints with Canada, Australia",news.zdnet.co.uk,"http://news.zdnet.co.uk/security/0,1000000189,39723885,00.htm"
2009-08-25,04:00:28,9doo9,34,Is there anything this man can not do???,news.bbc.co.uk,http://news.bbc.co.uk/sport2/hi/athletics/8218582.stm
2009-08-25,06:56:39,9dqio,32,"Former Scotsman editor confirms government and CIA influence over Lockerbie investigation. ""...UK Government and intelligence services influenced coverage of the Lockerbie inquiry to implicate Iran and Syria.""",firmmagazine.com,http://www.firmmagazine.com/news/1638/Exclusive%3A_Former_Scotsman_editor_confirms_government_and_CIA_influence_over_Lockerbie_investigation_.html
2009-08-25,02:00:56,9dna2,24,Israelis Restrict Palestinians' Water Supply: Israelis have access to four times as much water as Palestinians due to restrictions,commondreams.org,http://www.commondreams.org/video/2009/08/24
2009-08-24,18:32:26,9dj0n,27,The eighth largest oil field in the world will be dead by the end of next year.,seekingalpha.com,http://seekingalpha.com/article/157824-mexico-s-declining-oil-production-clarion-call-for-cantarell
2009-08-25,01:21:11,9dmsn,20,"UK to share fingerprint data with other countries including US. They say it will lead to more criminals being caught, or is just another intrusion in human rights? ",computerweekly.com,http://www.computerweekly.com/Articles/2009/08/21/237400/uk-to-share-fingerprint-data-with-other-countries.htm
2009-08-24,19:47:52,9djjs,19,Tens of thousands flee wildfires in Greece,jpost.com,http://www.jpost.com/servlet/Satellite?cid=1249418680819&pagename=JPost%2FJPArticle%2FShowFull
2009-08-25,05:56:16,9dpxq,14,"Academic freedom, Israeli style: Education Minister slams Israeli lecturer's 'apartheid' op-ed; Ben-Gurion University president suggests finding another ""personal or professional"" home.",haaretz.com,http://www.haaretz.com/hasen/spages/1109492.html
2009-08-24,08:05:15,9deq4,16,"Contractors made presentations for ""nano-size"" drones the size of moths that can flit into buildings to gather intelligence",guardian.co.uk,http://www.guardian.co.uk/world/2009/aug/22/us-air-force-drones-pilots-afghanistan
2009-08-24,09:10:32,9df3d,11,Could we finally see a thawing of relations with North Korea? ,washingtonpost.com,http://www.washingtonpost.com/wp-dyn/content/article/2009/08/23/AR2009082300460.html?hpid=artslot
2009-08-25,01:33:36,9dmy8,10,"It was Abu Nidal, a U.S. intelligence asset, who was responsible for the Lockerbie bombing, not the Libyan patsy Abdel Baset al-Megrahi.",infowars.com,http://www.infowars.com/corporate-media-orchestrates-outrage-over-release-of-libyan-patsy-al-megrahi/
2009-08-24,12:11:25,9dg7i,8,Maoists kill five policemen in India's Bihar,earthtimes.org,"http://www.earthtimes.org/articles/show/282511,maoists-kill-five-policemen-in-indias-bihar.html"
2009-08-24,22:47:30,9dl0g,8,Trials may begin this week for more than 200 people charged with crimes after riots last month in China’s far-western Xinjiang region,nytimes.com,http://www.nytimes.com/2009/08/24/world/asia/24trial.html
2009-08-24,19:47:18,9djjo,6,Malaysia: Woman scheduled to be caned for drinking beer,jpost.com,http://www.jpost.com/servlet/Satellite?cid=1249418680902&pagename=JPost%2FJPArticle%2FShowFull
2009-08-25,06:52:20,9dqh1,7,Israelis harvest Palestinian organs: Israel and Sweden in row over report in media,english.aljazeera.net,http://english.aljazeera.net/news/europe/2009/08/200982434437906626.html
2009-08-25,04:27:43,9dozm,6,"The rape and torture of young Iranians, the sadistic public bullying and sometimes murder of women, the closing of newspapers and the framing-up in a show trial of opposition politicians and intellectuals—all this is the fruit of ""Revolutionary Guard"" activity and ambition.",slate.com,http://www.slate.com/id/2226110/
2009-08-25,00:51:51,9dmet,4,Women move to the front ranks of the mafia: Godmothers take over as godfathers jailed,telegraph.co.uk,http://www.telegraph.co.uk/news/6082019/Women-move-to-the-front-ranks-of-the-mafia.html
2009-08-24,23:34:32,9dlhb,3,"Iranian lawmakers voted overwhelmingly on Sunday for a bill creating a $20 million fund intended in part to expose human rights violations by the United States, the ILNA news agency reported.",washingtonpost.com,http://www.washingtonpost.com/wp-dyn/content/article/2009/08/23/AR2009082302431_pf.html
2009-08-24,11:13:47,9dfu3,3,One-laptop-a-child drive held back by Kampala red-tape,theeastafrican.co.ke,http://www.theeastafrican.co.ke/news/-/2558/643728/-/r0kq03z/-/index.html
2009-08-25,01:02:46,9dmke,4,Honduras's supreme court has rejected a deal to restore ousted President Manuel Zelaya to power and ordered his arrest if he returns.,news.bbc.co.uk,http://news.bbc.co.uk/1/hi/world/americas/8217393.stm
