2009-10-31,02:31:13,9zgb5,1497,"Following his comments regarding Ectasy, LSD, and Cannabis, the British Government chief drug adviser Professor David Nutt has been sacked - for telling the truth.",guardian.co.uk,http://www.guardian.co.uk/politics/2009/oct/30/drugs-adviser-david-nutt-sacked
2009-10-31,20:39:57,9znlv,745,Sacked drugs adviser accuses Gordon Brown of meddling in cannabis decision,guardian.co.uk,http://www.guardian.co.uk/politics/2009/oct/31/david-nutt-drugs-adviser-sacked
2009-10-31,01:14:11,9zffa,321,"UK Drug adviser, Professor David Nutt, sacked for comments",news.bbc.co.uk,http://news.bbc.co.uk/1/hi/uk/8334774.stm
2009-10-31,19:39:21,9zn9c,125,Obama Lifts a Ban on Entry Into U.S. by H.I.V.-Positive People,nytimes.com,http://www.nytimes.com/2009/10/31/us/politics/31travel.html?th&emc=th
2009-10-31,14:19:22,9zlfr,108,"We Were Warned About the ""Mysterious"" Ukrainian Virus 2 Months ago by Joseph Moshe. He Was Promptly Arrested as a Terrorist!",self.worldnews,https://www.reddit.com/r/worldnews/comments/9zlfr/we_were_warned_about_the_mysterious_ukrainian/
2009-10-31,16:43:52,9zmae,20,"Under international law, it is illegal for an occupying 
power to change the demographic situation of the 
territory they have occupied",english.aljazeera.net,http://english.aljazeera.net/news/middleeast/2009/10/2009103018216661237.html
2009-10-31,20:54:02,9znok,13,The bright side of economic ruin: McDonald's will leave your country,trueslant.com,http://trueslant.com/allisonkilkenny/2009/10/31/the-bright-side-of-economic-ruin-mcdonalds-will-leave-your-country/
2009-10-31,19:45:36,9znax,14,Patients in UK who wait too long for treatment that they need from the NHS will get free private care,timesonline.co.uk,http://www.timesonline.co.uk/tol/life_and_style/health/article6897569.ece
2009-11-01,07:23:01,9zrr7,14,Web addresses to go multilingual,english.aljazeera.net,http://english.aljazeera.net//news/asia-pacific/2009/10/2009102774042433161.html
2009-10-31,12:10:09,9zkmq,11,"The Honduran ""crisis"" ended last night with an agreement by both parties to allow Congress to vote on whether and how Zelaya returns to power. ",latimes.com,"http://www.latimes.com/news/nationworld/world/la-fg-honduras31-2009oct31,0,5615575.story"
2009-10-31,15:12:03,9zlr7,11,Island of St Helena faces economic collapse unless Britain builds them an airport soon,news.bbc.co.uk,http://news.bbc.co.uk/2/hi/uk_news/8331424.stm
2009-10-31,18:28:16,9zmtx,11,Dozens of children – sent from Afghanistan by their parents in the hope of finding a better life in Britain – are sleeping rough on the streets of Calais following the demolition of the town's last remaining asylum camp,independent.co.uk,http://www.independent.co.uk/news/world/europe/sleeping-rough-at-12-ndash-the-boys-who-dreamt-of-britain-1812264.html
2009-10-31,15:24:54,9zlub,11,Abdullah Abdullah 'may quit Afghan poll' : too many corrupt officials remain in charge. Karzai's win could be even more embarrassing for Western partners.,news.bbc.co.uk,http://news.bbc.co.uk/2/hi/south_asia/8335194.stm
2009-10-31,10:54:15,9zk7u,7,Remember the Indian girl who had killed the Pakistani terrorist who entered her house? Her house' been attacked again.,ibnlive.in.com,http://ibnlive.in.com/news/terrorists-attack-jammu-braveheart-ruksanas-house/104306-3.html?from=tn
2009-11-01,03:14:32,9zqg5,9,"Uganda has the highest unmet need for contraception in east Africa, but lacks the resources to address the problem",guardian.co.uk,http://www.guardian.co.uk/katine/2009/oct/28/uganda-contraceptive-use
2009-11-01,03:17:30,9zqgs,7,Pakistan road blast kills seven,news.bbc.co.uk,http://news.bbc.co.uk/2/hi/south_asia/8335738.stm
2009-10-31,13:07:02,9zkz7,5,"Canada, Greenland to set up polar bear commission",cbc.ca,http://www.cbc.ca/canada/north/story/2009/10/30/cda-greenland-pbear.html?ref=rss
2009-10-31,19:29:53,9zn78,6,Mexican columnist seeks protection after death threats,knightcenter.utexas.edu,http://knightcenter.utexas.edu/blog/?q=en/node/5658
2009-11-01,03:11:19,9zqfi,6,"Can we all please pitch in and hire a professional cartographer for India and China? It's like when my brother and I had to clean ""our halves"" of the room, but could never agree on where to draw the line - except that there was no chance people would die as a result of our bickering.",time.com,"http://www.time.com/time/magazine/article/0,9171,1931739,00.html"
2009-11-01,00:47:28,9zpc1,4,"Kohl, Gorbachev and Bush Sr. mark anniversary of fallen Berlin Wall",cbc.ca,http://www.cbc.ca/world/story/2009/10/31/berlin-wall-anniversary.html
2009-10-31,21:52:36,9zo00,3,Putin in new Ukraine gas warning,news.bbc.co.uk,http://news.bbc.co.uk/2/hi/business/8335041.stm
2009-10-31,19:41:51,9zna2,3,"Chile's congress sits empty - Chile's lawmakers don't want to work on Thursday. In fact, as of mid-November, they won't work at all.",globalpost.com,http://www.globalpost.com/dispatch/chile/091028/empty-congress-chile-campaign-strike
2009-11-01,03:18:39,9zqh2,3,Camorra boss seized in farm raid ,news.bbc.co.uk,http://news.bbc.co.uk/2/hi/europe/8335742.stm
2009-11-01,02:13:26,9zpzv,3,"Kimi Raikkonen, the world’s second- highest paid athlete is dropped by the Ferrari Formula One team.",bloomberg.com,http://bloomberg.com/apps/news?pid=20601093&sid=auwdCUhMC.m4
2009-10-31,08:48:21,9zjgl,4,"Indira Gandhi - amazing leader, flawed democrat (why not read this and learn something new today?)",news.bbc.co.uk,http://news.bbc.co.uk/2/hi/south_asia/8320101.stm
2009-10-31,20:23:43,9zniv,2,Pakistan is in a war for its very survival! I was surprised at how much we are helping them despite Denials!,allvoices.com,http://www.allvoices.com/contributed-news/4526299-pakistan-is-in-a-war-for-its-very-survival-i-was-surprised-at-how-much-we-are-helping-them-despite-denials
2009-10-31,19:52:26,9zncl,0,"Taliban says plants can feel pain, but what about human beings?",fakingnews.com,http://www.fakingnews.com/2009/10/taliban-discovers-plant-psychology-bans-haraam-vegetables/
2009-10-31,20:31:30,9znkj,0,Another Place That Offers Where to Buy Cialis Onoine with Express Delivery - Sure Many People Dont like it but that is better than viagra to buy adn cheaper !,scribd.com,http://www.scribd.com/doc/21927120/Buy-Cialis-Express-Delivery
2009-10-31,22:18:17,9zo5s,1,"Britain's population is rising at a speed unprecedented in history, official figures revealed yesterday.",hbs-persisttoexist.blogspot.com,http://hbs-persisttoexist.blogspot.com/2009/10/britains-population-to-reach-70million.html
2009-11-01,02:56:25,9zqbv,2,Palestinian-American Ali Abunimah Outlines His Vision Of A One-State Solution To The Palestine-Israel Conflict (Video),essentialdissent.blogspot.com,http://essentialdissent.blogspot.com/search/label/Ali%20Abunimah
