2009-10-27,23:37:36,9y9yv,126,"The Church of Scientology was almost shut down today in France. Instead they were fined $900,000 and jailed 6 of their leaders. Found guilty of fraud.",dailymail.co.uk,http://www.dailymail.co.uk/news/worldnews/article-1223303/Church-Scientology-convicted-fraud-France.html
2009-10-27,22:55:56,9y9gm,106,"US diplomat resigns over Afghan war: ""Like the Soviets, we continue to secure and bolster a failing state, while encouraging an ideology and system of government unknown and unwanted by its people""",google.com,http://www.google.com/hostednews/afp/article/ALeqM5gqd9QbqTmy7KAkxODuPfmbsNM1Ag
2009-10-27,11:54:50,9y3fs,59,A French soldier's opinion of his American counterparts.,johnringo.nitro.gen.nz,http://johnringo.nitro.gen.nz/Home/tabid/1574/EntryId/76/A-French-Infantrymans-View-of-American-Soldiers.aspx
2009-10-28,02:23:03,9yc3o,44,"Scandinavian social democracies (and the Swiss) at the top of prosperity index that focuses on economic growth, health and freedom",news.yahoo.com,http://news.yahoo.com/s/nm/20091027/lf_nm_life/us_prosperity_index
2009-10-27,16:34:29,9y5u3,39,"Denying Palestinians the running water they need, Israelis are also contaminating with dead chickens and soiled baby diapers the rainwater cisterns of Palestinians who have no running water.",independent.co.uk,http://www.independent.co.uk/news/world/middle-east/israel-accused-of-denying-palestinians-access-to-water-1809948.html
2009-10-27,11:39:36,9y3ba,33,Israel is denying Palestinians adequate access to clean water while allowing almost unlimited supplies to Israeli settlers.,english.aljazeera.net,http://english.aljazeera.net/news/middleeast/2009/10/20091026132714361238.html
2009-10-27,20:18:31,9y7q5,27,"Police in Britain have defined political activism as “domestic extremism” and are treating people who attend demonstrations as criminals, cataloguing them on multiple national databases as well as tracking their vehicle license plates to enable them to be targeted for stop and search harassment.",infowars.com,http://www.infowars.com/police-define-political-activism-as-domestic-extremism/
2009-10-28,00:05:57,9yacc,25,"Karadzic heard discussing mass slaughter Muslims in phonetap evidence: ""it will be a black cauldron where 300,000 Muslims will die. They will disappear. That people will disappear from the face of the earth""",timesonline.co.uk,http://www.timesonline.co.uk/tol/news/world/europe/article6892144.ece
2009-10-28,03:22:26,9ycqw,20,An American father wants his children back - Japan says no,globalpost.com,http://www.globalpost.com/dispatch/japan/091026/child-abductions-japan
2009-10-28,04:32:46,9ydh7,19,Scientology convicted of fraud in France | News.com.au,news.com.au,"http://www.news.com.au/story/0,27574,26270035-401,00.html"
2009-10-27,18:26:27,9y6r1,13,"Report: Israel ""denies Palestinians water""",news.bbc.co.uk,http://news.bbc.co.uk/2/hi/middle_east/8327448.stm
2009-10-27,21:43:03,9y8mg,18,War weary Europeans test leaders' resolve - Public support for the Afghan war dwindles in several countries contributing troops,globalpost.com,http://www.globalpost.com/dispatch/worldview/091026/europe-NATO-afghanistan
2009-10-27,08:44:19,9y1qm,12,Castro's sister 'spied for CIA',news.bbc.co.uk,http://news.bbc.co.uk/2/hi/americas/8327163.stm
2009-10-28,01:00:06,9yb1t,10,EU lawyers draw up list of IDF officers suspected of Gaza war crimes. Existing legislation enables arrest warrants to be issued against these officers if they enter certain EU countries. ,haaretz.com,http://www.haaretz.com/hasen/spages/1123814.html
2009-10-27,18:42:59,9y6vf,11,Iran 'to accept UN nuclear deal' ,news.bbc.co.uk,http://news.bbc.co.uk/2/hi/middle_east/8327558.stm
2009-10-27,20:48:10,9y81s,10,Ships collide off southern Japan ,news.bbc.co.uk,http://news.bbc.co.uk/2/hi/asia-pacific/8327913.stm
2009-10-27,21:43:44,9y8mu,7,EU removes Uzbekistan arms embargo despite continuing concerns about human rights.,news.bbc.co.uk,http://news.bbc.co.uk/2/hi/europe/8327703.stm
2009-10-27,17:01:56,9y61w,10,"Al-Qaida's umbrella group in Iraq claimed responsibility for the twin suicide bombings in the heart of Baghdad that killed at least 155 people, including 24 children trapped in a bus leaving a day care center.",news.yahoo.com,http://news.yahoo.com/s/ap/20091027/ap_on_re_mi_ea/ml_iraq;_ylt=AnELgpXVIH54C6SKu_WpQ7ZvaA8F;_ylu=X3oDMTI4cmF2ZWIxBGFzc2V0A2FwLzIwMDkxMDI3L21sX2lyYXEEY3BvcwMxBHBvcwMyBHNlYwN5bl90b3Bfc3RvcnkEc2xrA2FsLXFhaWRhbGluaw--
2009-10-28,05:58:03,9yec0,7,"Ehud Olmert could face war crimes arrest if he 
visits UK",guardian.co.uk,http://www.guardian.co.uk/world/2009/oct/27/olmert-could-face-warcrimes-arrest
2009-10-27,20:02:23,9y7kf,7,A Paris court on Tuesday convicted the Church of Scientology of fraud and fined it more than half a million euros — but stopped short of banning the group as requested by prosecutors.,news.yahoo.com,http://news.yahoo.com/s/ap/20091027/ap_on_re_eu/eu_france_scientology;_ylt=AsvkDNv7ZAT1Z6nFcQW0XAis0NUE;_ylu=X3oDMTM3Njd1YWI0BGFzc2V0A2FwLzIwMDkxMDI3L2V1X2ZyYW5jZV9zY2llbnRvbG9neQRjcG9zAzcEcG9zAzQEcHQDaG9tZV9jb2tlBHNlYwN5bl9oZWFkbGluZV9saXN0BHNsawNjaHVyY2hvZnNjaWU-
2009-10-27,14:47:04,9y4z4,7,UK govt wants paedophile checks even for those not working with children. Already 11.3 million – including parents who take pupils to sports events – face backgrounds checked to allow them to work with children,telegraph.co.uk,http://www.telegraph.co.uk/news/newstopics/politics/lawandorder/6441797/Paedophile-checks-even-for-those-not-working-with-children.html
2009-10-28,00:52:35,9yayo,5,If you need any more proof about the dumbing down of the UK university system you need look no further.,news.bbc.co.uk,http://news.bbc.co.uk/1/hi/england/devon/8327978.stm
2009-10-27,17:02:47,9y626,4,Fraud Plagues Sugar Subsidy System in Europe,nytimes.com,http://www.nytimes.com/2009/10/27/business/global/27sugariht.html?th&emc=th
2009-10-27,21:30:48,9y8gx,5,"The Democratic Republic of Congo is grappling with rampant rape, which has become an every day practice and is used as a weapon of war",english.aljazeera.net,http://english.aljazeera.net/news/africa/2009/10/2009102282534764573.html
2009-10-27,16:47:48,9y5xz,5,One reason that too many Arabs are poor is rotten education... Discuss...,mahmood.tv,http://mahmood.tv/2009/10/26/one-reason-that-too-many-arabs-are-poor-is-rotten-education/
2009-10-27,14:27:17,9y4t1,5,"Karl Marx, who described religion as “the opium of the people”, joins Galileo, Darwin and Wilde on list of historical figures being reappraised by the Vatican",timesonline.co.uk,http://www.timesonline.co.uk/tol/comment/faith/article6884704.ece
2009-10-27,23:47:33,9ya46,3,"Palestinian President Mahmoud Abbas told U.S. President Barack Obama he would not run for re-election unless Israel dropped its refusal to freeze settlements, Palestinian officials say",talkingpointsmemo.com,http://www.talkingpointsmemo.com/news/2009/10/abbas_says_might_not_run_in_poll_officials_say.php?ref=fpa
2009-10-28,01:44:48,9ybmj,2,Police in action - in Timisoara Romania,youtube.com,http://www.youtube.com/watch?v=TMlFP06IR7g
2009-10-27,10:24:47,9y2m4,4,"HRW's response to founding chairman's complaint of unfair coverage of Israeli abuses, ""..they will not serve that cause by trying to exempt Israel from human rights laws that are the best defense against such abuse""",haaretz.com,http://www.haaretz.com/hasen/spages/1123838.html
2009-10-27,10:47:40,9y2ug,3,Why Angry British Voters Are Tuning In to Bigots,time.com,"http://www.time.com/time/world/article/0,8599,1931977,00.html?xid=rss-world"
