2009-01-23,21:36:43,7rvqk,806,No bailout - Russians get cheaper vodka instead. Government to cut alcohol taxes in half to help ease the citizens pain.,busrep.co.za,http://www.busrep.co.za/index.php?fSectionId=565&fArticleId=4805700
2009-01-23,22:51:16,7rwbh,379,the other holocaust: Where's the gypsies' country?,news.bbc.co.uk,http://news.bbc.co.uk/2/hi/europe/7844797.stm
2009-01-23,14:44:53,7rtm0,375,BBC refuses airtime to Gaza aid appeal,guardian.co.uk,http://www.guardian.co.uk/media/2009/jan/23/bbc-refuses-gaza-appeal
2009-01-23,18:04:50,7rulj,305,Fidel Castro: I don't expect to last beyond Barack Obama's first term,guardian.co.uk,http://www.guardian.co.uk/world/2009/jan/23/fidel-castro-barack-obama-cuba
2009-01-24,03:54:55,7ryy2,124,President Obama 'orders Pakistan drone attacks',timesonline.co.uk,http://www.timesonline.co.uk/tol/news/world/us_and_americas/article5575883.ece
2009-01-23,23:41:36,7rwr8,104,Unbelieveable.  Israeli PM Olmert says he wept after hearing a Palestinian father call for help after his children were killed in the Gaza offensive.,alertnet.org,http://alertnet.org/thenews/newsdesk/LN571480.htm
2009-01-23,23:14:17,7rwi8,100,"""New York, once the financial capital of the world, is no longer even the financial capital of the U.S. That honor [now] falls on Washington D.C."" -Nouriel Roubini",online.wsj.com,http://online.wsj.com/article/SB123267029592108287.html
2009-01-23,05:04:55,7rq0v,94,British broadcasters refuse to air Gaza charity appeal,guardian.co.uk,http://www.guardian.co.uk/world/2009/jan/22/gaza-charity-appeal
2009-01-24,05:08:23,7rzj4,52,Suspected U.S. Missile Strikes Kill at Least 20 in Pakistan,washingtonpost.com,http://www.washingtonpost.com/wp-dyn/content/article/2009/01/23/AR2009012301220.html?hpid=topnews
2009-01-23,22:32:20,7rw5h,44,"Israel's new natural gas bonanza - a massive estimated 3 trillion cubic feet. But no so fast. Lebanon is staking its claim, saying that the natural gas reserve also belongs to them",treehugger.com,http://www.treehugger.com/files/2009/01/natural-gas-israel.php
2009-01-23,13:05:26,7rt0a,32,Rumors: U.S. to Nationalize Citigroup Inc. and Bank of America Corp,thestockmasters.com,http://www.thestockmasters.com/BAC-NYSE-C-01162009.HTML
2009-01-23,04:58:55,7rpzf,29,Israel withdraws from Gaza as evidence of war crimes emerges,wsws.org,http://www.wsws.org/articles/2009/jan2009/gaza-j22.shtml
2009-01-23,13:44:53,7rt8s,25,“If You Seek Amy”...“F-U-C-K Me” - Britney Spears' clever attempt to piss people off is working,rollingstone.com,http://www.rollingstone.com/rockdaily/index.php/2009/01/22/britney-spears-racy-if-u-seek-amy-hits-the-radio-angers-parents/
2009-01-24,05:51:51,7rzt9,23,UN shocked by destruction of Gaza,news.bbc.co.uk,http://news.bbc.co.uk/1/hi/world/middle_east/7846625.stm
2009-01-23,12:22:38,7rsrm,23,Palestinian Rival Says It Is Under Attack by Hamas,nytimes.com,http://www.nytimes.com/2009/01/23/world/middleeast/23revenge.html
2009-01-23,16:31:09,7ru54,23,"Gaza - Map of Bombing Intensity & Casualties, Dec. 27 -12 Jan, 2009 [PIC+PDF]",kharita.wordpress.com,http://kharita.wordpress.com/2009/01/17/gaza-map-of-bombing-intensity-casualties-dec-27-12-jan-2009/
2009-01-23,20:50:44,7rvh3,22,Icelandic PM steps down - elections in May,icenews.is,http://www.icenews.is/index.php/2009/01/23/pm-of-iceland-steps-down-elections-to-take-place-in-may/
2009-01-23,22:59:04,7rwdx,20,UK is now in recession for the first time since 1991.,news.bbc.co.uk,http://news.bbc.co.uk/2/hi/business/7846266.stm
2009-01-24,03:18:38,7rymu,19,"""Marking the Jewish Holocaust while a Palestinian Holocaust is taking place is not right""",ynetnews.com,"http://www.ynetnews.com/articles/0,7340,L-3660349,00.html"
2009-01-24,04:38:50,7rzao,17,Iceland to hold early election after prime minister quits,telegraph.co.uk,http://www.telegraph.co.uk/news/worldnews/europe/iceland/4324358/Iceland-to-hold-early-election-after-prime-minister-quits.html
2009-01-24,05:32:01,7rzop,15,Kuwait orders nuclear emergency pills,upi.com,http://www.upi.com/Security_Industry/2009/01/23/Kuwait_orders_nuclear_emergency_pills/UPI-27511232728358/
2009-01-24,01:02:55,7rxiv,18,The story of Maria Aman: Court denies residency to Palestinian Child paralyzed in Israeli attack that killed three members of her family,imemc.org,http://www.imemc.org/article/58575
2009-01-24,04:26:24,7rz7i,14,"Congo, Rwanda Forces Arrest Congo Rebel Leader Nkunda",bloomberg.com,http://www.bloomberg.com/apps/news?pid=20601087&sid=alFM_Rbupvw0&refer=home
2009-01-24,03:24:10,7ryog,13,"Saudi Arabia's religious police have declared Barbie dolls a threat to morality, complaining that the revealing clothes of the ""Jewish"" toy - already banned in the kingdom - were offensive to Islam.",smh.com.au,http://www.smh.com.au/articles/2003/09/10/1062902076884.html
2009-01-23,08:55:06,7rrlz,11,as if Britain didn't have enough problems - now council chiefs are sending heat detector vans out... to snoop on 'heat wasters' !,dailymail.co.uk,http://www.dailymail.co.uk/news/article-1126635/Now-council-chiefs-sending-heat-detector-vans-street--snoop-wasters.html
2009-01-23,22:54:00,7rwca,12,"A man murdered his estranged wife after becoming ""enraged"" when she changed her marital status on Facebook to ""single"". ",news.bbc.co.uk,http://news.bbc.co.uk/2/hi/uk_news/england/staffordshire/7845946.stm
2009-01-23,13:34:37,7rt6n,10,Pres. Obama closes U.S. secret prisons,nytimes.com,http://www.nytimes.com/2009/01/23/us/politics/23GITMOCND.html?partner=rss&emc=rss
2009-01-23,09:32:27,7rrsk,9,Indicted for Predicting Doom,reuters.com,http://www.reuters.com/article/worldNews/idUSTRE50L1YM20090122?feedType=RSS&feedName=worldNews
2009-01-24,03:07:51,7ryjh,9,"Honor killing is not a Crime Rules LHC in Pakistan, Acquits father and son",dailytimes.com.pk,http://www.dailytimes.com.pk/default.asp?page=2009\01\23\story_23-1-2009_pg1_7
2009-01-24,01:25:41,7rxpt,9,Man with painted face kills children and adult in Belgian daycare - WTF?!?!?!?,google.com,http://www.google.com/hostednews/afp/article/ALeqM5gS_QwJltb53sBvERpCH8lUMQVmQw
