2009-09-26,21:56:07,9ob4n,873,Poland okays forcible castration for pedophiles,reuters.com,http://www.reuters.com/article/oddlyEnoughNews/idUSTRE58O4LE20090925?feedType=RSS&feedName=oddlyEnoughNews
2009-09-27,04:17:31,9odrl,56,"Colombian hitman: 2,500 paramilitary in Venezuela with goal of ‘taking down’ Chavez",rawstory.com,http://rawstory.com/2009/09/colombian-hitman-2500-paramilitary-in-venezuela-with-goal-of-taking-down-chavez/
2009-09-26,16:56:52,9o9i4,43,Mexican journalist shot to death in newsroom,knightcenter.utexas.edu,http://knightcenter.utexas.edu/blog/?q=en/node/5299
2009-09-26,23:22:27,9obp1,39,"Iran Denies Violating IAEA Rules: ""It is not a secret facility. If it was, why did we inform the IAEA a year ahead of time?""",english.aljazeera.net,http://english.aljazeera.net/news/asia/2009/09/200992653918859243.html
2009-09-26,12:12:29,9o7me,23,"So. What did we accomplish by shutting down my city, closing my university, beating my friends and neighbors, and turning the streets into a scene from a dystopian horror film? Oh. And some people from far away were here too.",self.worldnews,https://www.reddit.com/r/worldnews/comments/9o7me/so_what_did_we_accomplish_by_shutting_down_my/
2009-09-26,12:04:37,9o7ku,16,Malalai Joya: Don't be fooled by this democratic façade – the people are betrayed,independent.co.uk,http://www.independent.co.uk/opinion/commentators/malalai-joya-dont-be-fooled-by-this-democratic-faccedilade-ndash-the-people-are-betrayed-1774574.html
2009-09-27,05:18:53,9oe59,11,"Surreal drama at UN General Assembly - Ahmadinejad, Gadhafi act out on world stage, while a journalist asks questions about Iran.",globalpost.com,http://www.globalpost.com/dispatch/worldview/090924/surreal-drama-at-un-general-assembly
2009-09-27,05:35:52,9oe92,12,"It's the tribes, stupid. - An interesting 2006 article about the real enemy in the middle east.",d-n-i.net,http://www.d-n-i.net/fcs/pressfield_tribes.htm
2009-09-26,11:03:02,9o77q,9,Israel kills three Islamic Jihad members who may or may not have been preparing to launch rockets.,news.bbc.co.uk,http://news.bbc.co.uk/2/hi/middle_east/8275973.stm
2009-09-26,23:09:48,9oblq,7,"""Has Iran actually violated any specific international obligations here?""",washingtonindependent.com,http://washingtonindependent.com/60932/has-iran-actually-violated-any-specific-international-obligations-here
2009-09-26,15:57:06,9o93j,4,Aids Vaccine?,online.wsj.com,http://online.wsj.com/article/SB125377232802336889.html?mod=WSJ_hpp_MIDDLTopStories
2009-09-27,02:22:26,9ocyp,2,"""Should any Iraq lessons be applied to Iran? The claims about Iran raise more questions than they answer. Virtually none is being asked by America's media""",salon.com,http://www.salon.com/opinion/greenwald/2009/09/26/iran/index.html
2009-09-26,13:13:43,9o80k,4,"See the way Pittsburgh students, people and protesters are treated? Want it to stop? Vote.",self.worldnews,https://www.reddit.com/r/worldnews/comments/9o80k/see_the_way_pittsburgh_students_people_and/
2009-09-26,10:44:22,9o74b,2,"Getting gay-married in Canada is easy, getting gay-divorced is not so easy",vancouversun.com,http://www.vancouversun.com/life/marriages+easy+divorces/2035395/story.html
2009-09-26,10:42:37,9o73u,2,Explosives 'inside' suicide bomber foil security detectors,news.bbc.co.uk,http://news.bbc.co.uk/2/hi/middle_east/8276007.stm
2009-09-26,16:13:40,9o97f,4,"Gorbachev: Nixing the missile defense system is 
good for global security. Obama approval from a 
guy with black belt in nuclear threat reduction.",nytimes.com,http://www.nytimes.com/2009/09/25/opinion/25gorbachev.html
2009-09-27,05:00:03,9oe0q,1,Wives of Arctic Sea crew demand release of their men,timesonline.co.uk,http://www.timesonline.co.uk/tol/news/world/europe/article6849497.ece#cid=OTC-RSS&attr=797093
2009-09-26,08:57:38,9o6ix,0,Try not to throw up.,youtube.com,http://www.youtube.com/watch?v=44HkjBDQz_k&feature=popt00us14
2009-09-26,16:45:17,9o9fj,0,Vietnam: Government Rejects UN Proposals to Improve its Rights Record,hrw.org,http://www.hrw.org/en/news/2009/09/25/vietnam-government-rejects-un-proposals-improve-its-rights-record
2009-09-26,16:38:40,9o9dy,0,All students in Pakistan’s schools required to study Islam,asianews.it,http://www.asianews.it/index.php?l=en&art=16428&size=A
2009-09-26,22:48:10,9obgl,0,How secrecy over Iran's Qom nuclear facility was finally blown away,timesonline.co.uk,http://www.timesonline.co.uk/tol/news/world/middle_east/article6850325.ece#cid=OTC-RSS&attr=797093
2009-09-27,00:05:54,9oc1q,1,"Suicide bombs kill 16, wound 150 in Pakistan",msnbc.msn.com,http://www.msnbc.msn.com/id/33029798/ns/world_news-south_and_central_asia/
2009-09-26,10:56:43,9o76n,0,Iran shouldn't be condemned for their hidden nuclear program because it is all Israel's fault.,independent.co.uk,http://www.independent.co.uk/opinion/commentators/adrian-hamilton/adrian-hamilton-rhetoric-against-iran-must-be-cooled-for-sake-of-the-middle-east-1793486.html
