2009-05-29,10:36:00,8o32k,119,"The hidden massacre: More than 20,000 Tamil civilians were killed in the final throes of the Sri Lankan civil war, most as a result of government shelling",timesonline.co.uk,http://www.timesonline.co.uk/tol/news/world/asia/article6383449.ece
2009-05-29,15:36:48,8o52i,119,"You got to love it - ""One of Canada's most respected research organizations has a black eye after being forced to withdraw three reports on copyright and intellectual property because they contained plagiarized information""",theglobeandmail.com,http://www.theglobeandmail.com/report-on-business/think-tanks-approach-to-hollywood-copy-that/article1158376/
2009-05-29,07:12:02,8o1s1,99,Scientology on Trial in France: Can a Religion Be Banned?,time.com,"http://www.time.com/time/world/article/0,8599,1901373,00.html"
2009-05-29,16:17:25,8o5as,30,Canada's Governor General defends her decision to eat raw seal heart,news.bbc.co.uk,http://news.bbc.co.uk/2/hi/americas/8073029.stm
2009-05-29,12:27:05,8o3sq,24,The slaves next door: Domestic slavery is alive and well in the world,globalpost.com,http://www.globalpost.com/dispatch/france/090522/the-slaves-next-door
2009-05-29,22:43:21,8o7rf,23,"An Iranian official talks about yesterday's mosque bombing that killed 20 people: ""The terrorists, who were equipped by America in one of our neighbouring countries, carried out this criminal act in their efforts to create religious conflict and fear and to influence the presidential election.""",alertnet.org,http://alertnet.org/thenews/newsdesk/DAH922567.htm
2009-05-30,03:27:37,8oajc,25,"At the same time as Bush officials were accusing Iran of harboring Al Qaeda terrorists, Iran was secretly helping the U.S. bomb taliban units and find Al Qaeda operatives",blogs.cqpolitics.com,http://blogs.cqpolitics.com/spytalk/2009/05/iran-secretly-helped-us-bomb-t.html
2009-05-29,20:42:07,8o6vh,17,"""Chinese fishing boats operating near the Northern Limit Line (NLL) began withdrawing yesterday,"" - ""Now that there's talk of... an all-out war, we fishermen are worried."" ",news.bbc.co.uk,http://news.bbc.co.uk/2/hi/asia-pacific/8073129.stm
2009-05-29,21:17:38,8o74z,17,"Two British men have been arrested in France after customs officers found a record 684kg (1,507lbs) of cocaine inside their lorry",news.bbc.co.uk,http://news.bbc.co.uk/1/hi/world/europe/8073614.stm
2009-05-29,13:17:28,8o44s,14,Wikipedia bans Church of Scientology : Wikioperating Thetan Level Zero,theregister.co.uk,http://www.theregister.co.uk/2009/05/29/wikipedia_bans_scientology/
2009-05-30,05:14:22,8obfm,16,"The most expensive American public diplomacy effort in decades, a U.S. funded Arab network that has cost us $500M+ since 2004, now has a viewership of 0.5 percent, below the poll's margin of error. Yet Its budget keeps increasing.",propublica.org,http://www.propublica.org/feature/alhurra-bleeding-viewers-poll-finds-but-spending-is-up-529
2009-05-29,20:05:19,8o6n3,15,North Korea fires short-range missile off east coast,english.yonhapnews.co.kr,http://english.yonhapnews.co.kr/news/2009/05/29/0200000000AEN20090529008100320.HTML
2009-05-29,17:08:13,8o5lc,13,This bird should definately win mother of the year 2009,telegraph.co.uk,http://www.telegraph.co.uk/earth/wildlife/5399061/Bird-uses-body-as-dam-to-stop-drainpipe-soaking-chicks.html
2009-05-29,15:21:21,8o4yk,12,Chinese ships shunning waters near Korea amid tensions,english.yonhapnews.co.kr,http://english.yonhapnews.co.kr/northkorea/2009/05/29/38/0401000000AEN20090529002600315F.HTML
2009-05-29,13:48:28,8o4bu,12,Heavy rainfall causes dam burst in Brazilian state of Piaui,news.bbc.co.uk,http://news.bbc.co.uk/2/hi/americas/8073114.stm
2009-05-29,17:54:13,8o5uo,9,The memoirs of Zhao Ziyang provide insight into what China would be like today if the 1989 democracy movement had prevailed.,foreignpolicy.com,http://www.foreignpolicy.com/story/cms.php?story_id=4951&print=1
2009-05-30,04:07:13,8oavp,7,Iran official blames U.S. in deadly mosque bombing,reuters.com,http://www.reuters.com/article/topNews/idUSTRE54R5O320090529
2009-05-29,08:22:49,8o28e,10,1968 Revisited: The Truth about the Gunshot that Changed Germany,spiegel.de,"http://www.spiegel.de/international/germany/0,1518,627342,00.html"
2009-05-29,22:43:39,8o7rk,7,The Inuit may be more at risk than seals,vancouversun.com,http://www.vancouversun.com/travel/News+flash+Inuit+more+risk+than+seals/1641896/story.html
2009-05-29,18:54:34,8o67m,8,Swedish companies uses crisis as pretext to shed poor performers,thelocal.se,http://www.thelocal.se/19726/20090528/?utm_source=email&utm_medium=email&utm_content=86
2009-05-29,22:32:32,8o7ns,5,"Chances are, you live in one of the 14 nations with armed forces known to have used cluster munitions, categorically prohibited by the Oslo Process.  Here's the full report.",lm.icbl.org,http://lm.icbl.org/index.php/publications/display?url=cm/2009/
2009-05-29,12:20:37,8o3r6,5,The harsh necessity of child labour,news.bbc.co.uk,http://news.bbc.co.uk/1/hi/business/8054960.stm
2009-05-30,07:10:02,8oc80,7,'Kidnapped son' found on Facebook,news.bbc.co.uk,http://news.bbc.co.uk/2/hi/uk_news/england/dorset/8072914.stm
2009-05-29,19:51:34,8o6k4,5,The Palestinian village of hope: The West Bank village of Bil'in is leading creative and non-violent resistance to Israeli aggression,guardian.co.uk,http://www.guardian.co.uk/commentisfree/2009/may/27/palestinian-west-bank-bilin
2009-05-29,22:52:14,8o7ua,4,Sully's passengers reunited with items they thought gone forever,cnn.com,http://www.cnn.com/2009/US/05/28/usair.passengers.items.returned/index.html
2009-05-29,23:43:16,8o8bk,4,"Israel's Next Victim is ""the Arts"": Police shut Palestinian theatre in Jerusalem",news.bbc.co.uk,http://news.bbc.co.uk/2/hi/middle_east/8073993.stm
2009-05-29,13:06:31,8o42a,6,FOX reports on 9/11 truth? Temp. in hell is about 32 degrees. ,bit.ly,http://bit.ly/ice8C
2009-05-30,01:11:45,8o99j,5,"USA, Canada and the EU attempt to kill treaty to protect blind people's access to written material",boingboing.net,http://www.boingboing.net/2009/05/29/usa-canada-and-the-e.html
2009-05-30,04:03:23,8oaue,3,The Englishman who went up a hill and raced a cheese wheel down a mountain.,boston.com,http://www.boston.com/bigpicture/2009/05/coopers_hill_cheeserolling.html
2009-05-30,00:26:30,8o8ri,4,"British pilots in Afghanistan are firing an increasing number of ""enhanced blast"" thermobaric weapons, designed to kill everyone in buildings they strike, the Ministry of Defence has revealed.",guardian.co.uk,http://www.guardian.co.uk/uk/2009/may/28/british-pilots-afghanistan-thermobaric-weapons
