2009-07-30,08:04:52,95sxx,1052,I'm surprised this hasn't made it higher up on Reddit today... The scale of this bomb that went off in Spain today is incredible! [youtube],youtube.com,http://www.youtube.com/watch?v=jJfL-4ct_zU
2009-07-30,20:43:31,95yfd,274,"1,200 factory workers in China fall violently ill after a chemical plant opens down the street; Chinese government dubs it ""mass hysteria"", forces local doctors to stop treatment.",nytimes.com,http://www.nytimes.com/2009/07/30/world/asia/30jilin.html
2009-07-30,23:50:38,9608n,157,"TV as Birth Control: ""“If there is electricity in every village, then people will watch TV till late at night and then fall asleep. They won’t get a chance to produce children"" ~ India's Health and Family Welfare Minister",andrewsullivan.theatlantic.com,http://andrewsullivan.theatlantic.com/the_daily_dish/2009/07/tv-as-contraception.html
2009-07-30,23:20:53,95zwn,111,"Iranian police have fired tear gas and beat anti-government protesters with batons to disperse thousands attending a memorial at the graveside of Neda Agha Soltan, a young woman who was shot to death at a June 20 to protest the disputed presidential election.",nytimes.com,http://www.nytimes.com/aponline/2009/07/30/world/AP-ML-Iran-Election.html
2009-07-30,09:18:50,95ti1,87,"Off duty cop kicks shit out of delivery man (with two other cops). When Khan called for help to bystanders and asked them to call police, Klassen allegedly said: ""We are the police.""

",vancouversun.com,http://www.vancouversun.com/news/Police+officer+gets+house+arrest+sentence+assault/1841163/story.html
2009-07-31,02:44:20,962bs,82,Canadians cry foul over U.S. healthcare attacks,reuters.com,http://www.reuters.com/article/newsOne/idUSTRE56S37T20090729
2009-07-30,22:57:11,95zo2,77,British Foreign Secretary:  Clinton threatened to cut-off intelligence-sharing if torture evidence is disclosed,salon.com,http://www.salon.com/opinion/greenwald/2009/07/30/mohamed/
2009-07-31,01:28:51,961fu,41,Beluga whale carries struggling diver to surface,news.com.au,"http://www.news.com.au/story/0,27574,25856885-401,00.html?"
2009-07-30,23:01:50,95zq6,34,The Israeli settlement problem in the West Bank can be solved by making the settlers Palestinian citizens,trueslant.com,http://trueslant.com/jonathancuriel/2009/07/30/how-to-solve-the-israeli-palestinian-question-a-talk-with-naim-ateek/
2009-07-30,23:19:38,95zwa,33,"Another car bomb kills two police in Mallorca, Spain; government rep. says ETA is ""getting ever more desperate and more dangerous.""",nytimes.com,http://www.nytimes.com/reuters/2009/07/30/world/international-uk-spain-explosion.html
2009-07-30,23:26:37,95zz8,31,Iran security forces retreat as huge numbers of mourners gather at cemetery,latimes.com,"http://www.latimes.com/news/nationworld/world/la-fg-iran-protests31-2009jul31,0,7400028.story"
2009-07-31,03:03:21,962jt,25,"Swedish embassy in Germany hosts luncheon for sufferers of celiac disease, which makes you allergic to most wheat products. Would anyone like to hazard a guess what they served?",thelocal.se,http://www.thelocal.se/20992/20090730/
2009-07-30,23:18:01,95zvp,24,Malalai Joya: The woman who will not be silenced,independent.co.uk,http://www.independent.co.uk/news/world/malalai-joya-the-woman-who-will-not-be-silenced-1763127.html
2009-07-30,23:25:54,95zyy,20,Witness says Iranian police beat mourners for Neda,cnn.com,http://www.cnn.com/2009/WORLD/meast/07/30/neda.iran.memorial.protests/index.html
2009-07-30,09:56:01,95tr0,20,"Christian evangelist group ""Hillsong"" enters public and private schools in Australia, instructing girls as young as 10 to wear make-up and concern themselves solely with their appearance.  ""...their ultimate aim is to recruit members to the church.""",sydney-central.whereilive.com.au,http://sydney-central.whereilive.com.au/news/story/made-up-to-shine/
2009-07-30,17:55:51,95x82,16,Russian mafia godfather Vyacheslav Ivankov shot in Moscow,timesonline.co.uk,http://www.timesonline.co.uk/tol/news/world/europe/article6732604.ece#cid=OTC-RSS&attr=797093
2009-07-31,00:38:37,960ul,12,Neda Memorial: Iranian Mourners Arrested,renovomedia.com,http://renovomedia.com/world-news/iranian-police-arrest-mourners/
2009-07-30,13:23:58,95v6c,13,"Russia is to begin oil exploration in the Gulf of Mexico, after signing a deal with Cuba.",news.bbc.co.uk,http://news.bbc.co.uk/2/hi/americas/8175704.stm
2009-07-30,21:30:56,95ysz,14,Tehran Braces for Another Day of Street Battles,news.yahoo.com,http://news.yahoo.com/s/time/20090730/wl_time/08599191338500
2009-07-31,03:16:06,962pe,12,"Some rare happiness in Gaza: More than 5,000 children gathered on a beach to break a world record on the number of kites flown simultaneously in the same place",english.aljazeera.net,http://english.aljazeera.net/news/middleeast/2009/07/2009730144528171394.html
2009-07-30,19:28:55,95xw2,12,Nigerian security forces storm mosque where islamists bent on overthrowing the government and imposing sharia law have been hiding out.,news.bbc.co.uk,http://news.bbc.co.uk/1/hi/world/africa/8175975.stm
2009-07-30,19:38:44,95xy5,11,Police in Northern Ireland to go on patrol wearing cameras,belfasttelegraph.co.uk,http://www.belfasttelegraph.co.uk/news/local-national/psni-go-on-patrol-wearing-cameras-14439810.html
2009-07-31,03:02:17,962je,9,"Remember the bomb that went off in Spain just yesterday, 200kg of explosive, no deaths?  Well the same fucktards are at it again; second bomb in 24hrs, 2 agents dead.  I am struggling to stay civil.",elpais.com,http://www.elpais.com/articulo/espana/ETA/mata/guardias/civiles/localidad/mallorquina/Calvia/elpepuesp/20090730elpepunac_13/Tes
2009-07-31,03:13:22,962o2,5,"Mexican Authorities to Allow Mobile Phone Calls on 
Flight",gadling.com,http://www.gadling.com/2009/07/24/mexican-authorities-to-allow-mobile-phone-calls-on-commerical-fl/
2009-07-30,19:05:13,95xpp,8,The Triumph of Fear in Russia: Growing Attacks Stymie Work of Human Rights Activists,spiegel.de,"http://www.spiegel.de/international/world/0,1518,639002,00.html"
2009-07-31,00:21:34,960mr,6,Iranian police fire tear gas and beat anti-government protesters with batons at graveside rally for victims of post-election violence,news.yahoo.com,http://news.yahoo.com/s/ap/20090730/ap_on_re_mi_ea/ml_iran_election;_ylt=AvtyNmgR47KtZPTNfWunC3is0NUE;_ylu=X3oDMTMyM2xlbjlvBGFzc2V0A2FwLzIwMDkwNzMwL21sX2lyYW5fZWxlY3Rpb24EY3BvcwMxBHBvcwMyBHB0A3NlY3Rpb25zX2Nva2UEc2VjA3luX3RvcF9zdG9yeQRzbGsDaXJhbmlhbnBvbGlj
2009-07-31,02:01:23,961ue,8,By the end of the book Einstein has become a strong proponent of a binational state in historic Palestine out of the belief that a system of unequality between Jews and Arabs will only lead to unending conflict.,mondoweiss.net,http://mondoweiss.net/2009/07/israels-supporters-unwilling-to-wrestle-with-einsteins-change-of-heart-towards-zionism.html
2009-07-31,00:28:56,960q6,4,"Gaza man bludgeons his daughter with an iron chain, cracking her skull in a particularly brutal family ""honor killing""",news.yahoo.com,http://news.yahoo.com/s/ap/20090729/ap_on_re_mi_ea/ml_palestinians_honor_killing_1
2009-07-31,01:13:41,961af,3,UK woman wins right to die (In Switzerland) and know her partner will not be prosecuted in the UK for helping her.,news.bbc.co.uk,http://news.bbc.co.uk/1/hi/health/8176713.stm
2009-07-31,01:47:03,961no,4,Landmark UK Law Lords ruling in favour of 'right-to-die',business.timesonline.co.uk,http://business.timesonline.co.uk/tol/business/law/article6733559.ece
