2009-11-30,20:15:49,a9g7d,262,Somali pirates hijack oil tanker going to US,news.yahoo.com,http://news.yahoo.com/s/ap/20091130/ap_on_bi_ge/piracy
2009-12-01,01:15:13,a9jil,137,"Denmark approves new pre-crime arrests ahead of Copenhagen climate protests.  Danish Ministry of Justice states new powers include ""pre-emptive"" detention to 12 hours and apply to international activists. Protesters charged with hindering the police face 40 days in prison. ",guardian.co.uk,http://www.guardian.co.uk/environment/2009/nov/26/denmark-police-powers-copenhagen
2009-12-01,01:50:55,a9jz3,66,One in five HIV sufferers in Africa was infected by medical staff using dirty needles and clinical equipment,telegraph.co.uk,http://www.telegraph.co.uk/health/healthnews/6684230/One-in-five-HIV-infections-caused-by-medical-staff.html
2009-12-01,01:55:25,a9k14,64,"Apparently it's not good enough to make homosexuality illegal, now Uganda may go even further and put gays to death - along with anyone who advocates on their behalf",scienceblogs.com,http://scienceblogs.com/dispatches/2009/11/the_familys_ties_to_ugandas_an.php#more
2009-11-30,10:38:46,a9bs2,51,"According to scientist calculations, considering world economy as in input/output physical engine, global warming can't be stopped unless civilization collapse or building a new nuclear plant a day",sciencedaily.com,http://www.sciencedaily.com/releases/2009/11/091123083704.htm
2009-11-30,12:31:12,a9cm5,46,"""They talk of Gandhi and in the same breath complain about how things stopped in Tehran! Are they crazy? It took him 30 years. He went back to prison again and again."" Seems that many expected events in Iran to unfold like a movie, where bullets miss the good guys and the bad guys are easily beaten.",pbs.org,http://www.pbs.org/wgbh/pages/frontline/tehranbureau/2009/11/a-footnote.html
2009-12-01,01:56:00,a9k1b,40,Blair Adviser: Bush Spoke of Iraq Soon After 9/11 ,online.wsj.com,http://online.wsj.com/article/SB125960078149069919.html
2009-12-01,03:59:34,a9lga,28,"Honduras ""democracy"": Opposition radio ""80% of time off air because Army broadcasting powerful signal on same wavelength, particularly when station broadcasting news, opinions against de facto government."" On election day, trade union HQ attacked with machine gun fire.",marxist.com,http://www.marxist.com/honduras-election-repression-boycott-resistance.htm
2009-11-30,10:58:29,a9bxz,27,Hugo Chavez could nationalize private banks unless they comply with the law,news.yahoo.com,http://news.yahoo.com/s/nm/20091129/wl_nm/us_venezuela_banks_chavez_1
2009-12-01,01:43:37,a9jvk,21,It gets worse: Tony Blair 'asked for Iraq war options in June 2002' ,news.bbc.co.uk,http://news.bbc.co.uk/1/hi/uk_politics/8386645.stm
2009-11-30,16:07:34,a9ecq,20,Dubai Has Always Been Bankrupt -- Morally and Environmentally,huffingtonpost.com,http://www.huffingtonpost.com/johann-hari/dubai-has-always-been-ban_b_372795.html
2009-11-30,20:35:30,a9gd3,20,"Thousands of pages of declassified U.S. documents on the 1989 murders of six prominent Jesuit clerics in EL Salvador, indicate the CIA and U.S. State Department had foreknowledge",ipsnews.net,http://www.ipsnews.net/news.asp?idnews=49447
2009-11-30,22:17:03,a9hbn,17,Iran's announces that it intends to build another 10 uranium enrichment plants after international demands for it to stop work on a previously-secret underground site.,news.bbc.co.uk,http://news.bbc.co.uk/2/hi/middle_east/8385870.stm
2009-12-01,02:36:06,a9kig,19,"General Sir Michael Rose: Why I believe Blair should stand trial, and face charges for war crimes",afterdowningstreet.org,http://www.afterdowningstreet.org/node/48055
2009-11-30,14:14:22,a9dg0,17,South Korean navy ship rescues North Korean soldier,sfgate.com,http://www.sfgate.com/cgi-bin/article.cgi?f=/n/a/2009/11/29/international/i202420S53.DTL&tsp=1
2009-11-30,09:22:44,a9b8v,14,Kenyans draw weapons over shrinking resources,latimes.com,"http://www.latimes.com/news/nation-and-world/la-fg-climate-conflict27-2009nov27,0,303698.story"
2009-11-30,20:50:36,a9gh3,12,"Journalists protest massacre in Philippines: At least 
30 members of the press were killed in the largest 
attack on the media ever",salon.com,http://www.salon.com/wires/ap/world/2009/11/29/D9C9MRLG0_as_philippines_massacre
2009-11-30,12:10:34,a9cg9,8,Where in the World Is the Pakistani Taliban? ,news.antiwar.com,http://news.antiwar.com/2009/11/29/where-in-the-world-is-the-pakistani-taliban/?utm_source=feedburner&utm_medium=feed&utm_campaign=Feed%3A+AntiwarNews+%28News+From+Antiwar.com%29
2009-12-01,06:24:12,a9myq,9,"Iran’s most senior cleric denounced the role of the volunteer militia force known as the Basij in the crackdown against protesters, decreeing that “the assailants have acted against religion and must pay blood money” to those who were injured or their families.",nytimes.com,http://www.nytimes.com/2009/12/01/world/middleeast/01tehran.html?partner=rss&emc=rss
2009-11-30,23:11:45,a9hya,10,"The Organization of American States (OAS) have condemned the Honduran elections as illegitimate and refused to send observers. So has the United Nations and the European Union, as well as UNASUR and ALBA",globalresearch.ca,http://www.globalresearch.ca/index.php?context=va&aid=16327
2009-11-30,21:59:17,a9h5m,4,Honduran President Manuel Zelaya Requests International Tribunal ,radiohc.cu,http://radiohc.cu/ingles/a_noticiasdelmundo/09/noviembre/28/mundo2.htm
2009-11-30,18:52:48,a9fk9,5,"IEA changes it's mind on ""Peak Oil"" again.  Now says demand for oil in OECD countries has peaked, is in permanent decline.  Really, I hadn't noticed any countries actively reducing their need for oil ??",anz.theoildrum.com,http://anz.theoildrum.com/node/5990
2009-12-01,04:10:23,a9ljj,3,U.A.E. Removes Sunday London Times From Newsstands,online.wsj.com,http://online.wsj.com/article/SB125949749179768285.html?mod=WSJ_hp_us_mostpop_read
2009-11-30,22:01:14,a9h6c,5,Dubai World’s Debt Not Guaranteed by Government ,bloomberg.com,http://www.bloomberg.com/apps/news?pid=20601087&sid=ayR.hKvKsd44&pos=1
2009-12-01,05:49:23,a9mlc,4,"Africa uses male circumcision to help fight AIDS, but it isn't the sole solution.",globalpost.com,http://www.globalpost.com/dispatch/kenya/091117/male-circumcision-kenya-AIDS
2009-11-30,22:37:03,a9hk0,5,U.N. says the world needs fewer children,endrtimes.blogspot.com,http://endrtimes.blogspot.com/2009/11/un-says-world-needs-fewer-children.html
2009-11-30,22:47:12,a9hok,3,Scores of albinos in hiding after attacks,cnn.com,http://www.cnn.com/2009/WORLD/africa/11/29/tanzania.albinos/index.html
2009-12-01,02:41:26,a9kkz,5,Population of the Philippines may reach 184.4 million by 2040 and bring about pressing problems such as food shortages and inadequate potable water supply that could result in underdevelopment both in the urban and the rural communities.,mb.com.ph,http://www.mb.com.ph/articles/230840/population-threat-anew
2009-11-30,22:40:53,a9hlj,3,"Tariq Ramadan: ""My compatriots' vote to ban minarets is fuelled by fear""",guardian.co.uk,http://www.guardian.co.uk/commentisfree/belief/2009/nov/29/swiss-vote-ban-minarets-fear
2009-11-30,20:43:50,a9gfg,3,"John Demjanjuk; the Nazi death camp guard who horded over 27, 000 jews to there death has been portrayed as a frail, family man innocent of wrong doing, unable to even able to kill a chicken.",telegraph.co.uk,http://www.telegraph.co.uk/news/worldnews/europe/germany/6691325/Profile-John-Demjanjuk-Nazi-death-camp-guard-on-trial.html
