2009-03-13,19:04:35,84cu6,590,"Israel's 22-day offensive in the Hamas-ruled Gaza Strip killed 1,434 people, including 960 civilians, 239 police officers and 235 fighters",uk.reuters.com,http://uk.reuters.com/article/homepageCrisis/idUKLC458176._CH_.2420
2009-03-13,03:24:09,846sz,528,Madagascar: Soldiers ignore orders to shoot protestors. Prepare to defend people. ,marxist.com,http://www.marxist.com/madagascar-troops-defy-orders.htm
2009-03-13,17:33:52,84cb5,97,The chief executive of Sony France is being held hostage by factory workers angry at their severance packages.,guardian.co.uk,http://www.guardian.co.uk/world/2009/mar/13/sony-france-boss-hostage
2009-03-14,06:57:35,84ip2,65,An American Pastime: Smoking Pot,time.com,"http://www.time.com/time/health/article/0,8599,1821697,00.htm"
2009-03-13,21:45:31,84dx9,30,Potential conflict brewing: U.S. warships head for South China Sea after standoff between China and U.S. over the weekend,timesonline.co.uk,http://www.timesonline.co.uk/tol/news/world/us_and_americas/article5898650.ece
2009-03-14,03:33:06,84h70,24,"""Vampire"" unearthed in Venice plague grave (Reuters)",reuters.com,http://www.reuters.com/article/newsOne/idUSTRE52B4RU20090312
2009-03-14,03:01:37,84gxz,22,British Intelligence thought Iraq weapons claims were laughable,afterdowningstreet.org,http://www.afterdowningstreet.org/node/40684
2009-03-14,07:29:42,84iwf,22,Australian man pleads guilty to downloading Simpsons & Pokemon porn. Convicted & fined. ,theherald.com.au,http://www.theherald.com.au/news/local/news/general/man-fined-for-downloading-simpsons-cartoon-porn/1458973.aspx
2009-03-14,02:47:46,84gtl,21,Dutch judge orders teens to visit Anne Frank House museum after finding them guilty of discrimination for insulting Jews at a rally,iht.com,http://www.iht.com/articles/ap/2009/03/13/europe/EU-Netherlands-Anti-Semitism.php
2009-03-13,10:09:39,849re,22,"List of goods Israel is blocking from Gaza continues to grow; now includes toilet paper, soap, toothpaste, and the primary ingredient for hummus, chickpeas",philipweiss.org,http://www.philipweiss.org/mondoweiss/2009/03/list-of-goods-israel-is-blocking-from-gaza-continues-to-grow-now-includes-toilet-paper-soap-and-toot.html#more
2009-03-14,07:17:27,84ite,19,China 'worried' about US Treasury holdings,news.yahoo.com,http://news.yahoo.com/s/ap/as_china_us_economy
2009-03-14,06:26:22,84ihz,21,Doctors Without Borders exit Darfur,csmonitor.com,http://www.csmonitor.com/2009/0314/p25s13-woaf.html
2009-03-14,07:20:58,84iu7,17,Saudis order 40 lashes for elderly woman for mingling,voiceofthecopts.org,http://voiceofthecopts.org/en/news/saudis_order_40_lashes_for_elderly_woman_for_mingling.html
2009-03-13,15:46:13,84bsj,14,U.S. disagrees with British decision to engage Lebanon's Hezbollah,latimes.com,"http://www.latimes.com/news/nationworld/world/la-fg-hezbollah-talks13-2009mar13,0,4233480.story"
2009-03-14,01:00:10,84frq,14,Sinn Fein leaders attend shot policeman's funeral -- the first time party members attend the funeral of a security forces officer killed by a republican group,independent.co.uk,http://www.independent.co.uk/news/uk/home-news/sinn-fein-leaders-attend-shot-policemans-funeral-1644470.html
2009-03-14,04:36:15,84hny,13,"Gitmo Detainees No Longer ""Enemy Combatants""",cnn.com,http://www.cnn.com/2009/POLITICS/03/13/enemy.combatant/index.html?eref=rss_topstories
2009-03-14,02:29:36,84gna,12,Obama Considers Moving Troops to Mexico Border,latina.com,http://www.latina.com/lifestyle/news-politics/obama-considers-moving-troops-mexico-border
2009-03-13,15:45:46,84bsa,11,Chavez takes over transport links,news.bbc.co.uk,http://news.bbc.co.uk/2/hi/americas/7941110.stm
2009-03-14,04:42:20,84hpn,9,Sea volcano blows its top 300km off New Zealand coast,stuff.co.nz,http://www.stuff.co.nz/science/2257115/Sea-volcano-blows-its-top-300km-off-NZ-coast
2009-03-13,18:56:28,84csn,9,Japan threat to shoot down N. Korean satellite,cnn.com,http://www.cnn.com/2009/WORLD/asiapcf/03/13/nkorea.launch.japan/
2009-03-13,21:05:49,84dl9,7,"Switzerland eases banking secrecy for the first time. UBS might have to provide details of 52,000 American account holders to the IRS!",news.bbc.co.uk,http://news.bbc.co.uk/2/hi/business/7941717.stm
2009-03-14,01:29:10,84g2j,9,New UK Memos Support ‘Sexed Up’ Iraq Dossier Claim,thinkprogress.org,http://thinkprogress.org/2009/03/13/uk-iraq-memos/
2009-03-14,07:18:15,84itj,10,Singapore sues another Wall Street Journal editor: report,news.yahoo.com,http://news.yahoo.com/s/afp/20090313/wl_asia_afp/singaporemediapolitics;_ylt=AvJ2JYYAGwpnb2mZcy1qndcBxg8F
2009-03-13,14:42:31,84bfd,7,German police gets trolled by krautchan.net-tard on amok run,telegraph.co.uk,http://www.telegraph.co.uk/news/worldnews/europe/germany/4982158/German-school-gunman-Tim-Kretschmer-Chat-room-warning-was-a-hoax.html
2009-03-14,03:59:32,84he6,7,"No more ""enemy combatant"" status for Git-mo detainees...IS the US going legit?",google.com,http://www.google.com/hostednews/ap/article/ALeqM5gUxng-zkl2uhqdCATFQyY9_8QV3QD96TBEN00
2009-03-14,07:10:00,84iry,8,"Woman meets ""modelling agent"" on social networking site ... you can guess the rest.",smh.com.au,http://www.smh.com.au/national/model-agent-charged-with-sexual-assault-20090314-8y4s.html
2009-03-13,22:54:20,84ej2,7,Does this tattoo make me look like an assassin?,cnn.com,http://www.cnn.com/2009/CRIME/03/12/cartel.teens/index.html
2009-03-13,17:04:35,84c5w,5,Philippines Environmental Issues:  How did the Pasig River get Polluted?,thegreentheory.com,http://www.thegreentheory.com/philippines-environmental-issues-how-did-the-pasig-river-get-polluted/
2009-03-14,00:19:48,84fcy,6,MIT scientists have developed a battery technology that might one day allow people to charge their cellphones in 10 seconds,boston.com,http://www.boston.com/business/technology/articles/2009/03/12/mit_scientists_charged_up/
2009-03-13,13:19:23,84avu,7,South Korea warns North of fresh U.N. action on missile,reuters.com,http://www.reuters.com/article/topNews/idUSSEO2731820090313
