2009-10-08,22:43:51,9s1rx,412,"Oh wow. Joseph Stalin's grandson, Yevgeny Dzhugashvili, has launched a court action claiming a liberal Russian newspaper has defamed the former Soviet dictator by claiming Stalin ordered the deaths of Soviet citizens.",news.bbc.co.uk,http://news.bbc.co.uk/2/hi/europe/8296902.stm
2009-10-08,01:31:22,9rqwv,386,berlusconi immunity 'overturned',news.bbc.co.uk,http://news.bbc.co.uk/2/hi/europe/8295716.stm
2009-10-08,17:17:00,9rz1e,88,"French culture minister, Frédéric Mitterrand, faced calls for his resignation over an autobiography in which he described paying ""young boys"" for sex while abroad",guardian.co.uk,http://www.guardian.co.uk/world/2009/oct/08/france
2009-10-08,22:27:26,9s1lc,79,American soldiers serving in Afghanistan are depressed and deeply disillusioned,timesonline.co.uk,http://www.timesonline.co.uk/tol/news/world/Afghanistan/article6865359.ece
2009-10-09,03:47:22,9s5a2,59," 'Mass Slaughter Is a Systemic Problem of the Modern World' - The political scientist Daniel Jonah Goldhagen has never been one to shy away from controversy. In his new book, he argues that state leaders who propagate genocide should be killed outright.",spiegel.de,"http://www.spiegel.de/international/germany/0,1518,653938,00.html"
2009-10-08,17:14:36,9rz0p,55,"Amazon Kindle Goes International: I still don't get it. What's the appeal of a connected device that won't let you browse decently, won't accept many etext formats, and tries to lock you in in so many ways?",businessweek.com,http://www.businessweek.com/the_thread/techbeat/archives/2009/10/amazon_kindle_g.html
2009-10-09,05:42:19,9s6gz,51,"EU backs UN Gaza report, disappointing Israel",google.com,http://www.google.com/hostednews/afp/article/ALeqM5hMqBZlf3chknMzn9jnH9oNkIutoQ
2009-10-09,05:46:11,9s6ic,38,"This will affect the whole food chain, the one you are at the top of.
",guardian.co.uk,http://www.guardian.co.uk/world/2009/oct/04/arctic-seas-turn-to-acid
2009-10-09,01:48:18,9s3xs,32,Saudis ask for aid if world cuts dependence on oil,chron.com,http://www.chron.com/disp/story.mpl/business/energy/6657947.html
2009-10-09,03:18:33,9s4yj,34,A recent poll found that more than half of Israeli Jews believed intermarriage should be equated with “national treason”,thenational.ae,http://www.thenational.ae/apps/pbcs.dll/article?AID=/20090925/FOREIGN/709249932/1002
2009-10-09,04:18:45,9s5lh,26,Tehran claims U.S. played a role in the disappearance of an Iranian nuclear scientist.,latimes.com,"http://www.latimes.com/news/nationworld/world/la-fg-iran-scientist8-2009oct08,0,7915151.story"
2009-10-09,01:34:42,9s3sl,24,"Romania unveiled a new Holocaust memorial in Bucharest today, saying the nation was now facing up to its role in the killing of Jews and Gypsies during World War Two after decades of official denial.",haaretz.com,http://www.haaretz.com/hasen/spages/1119766.html
2009-10-09,01:18:45,9s3m8,16,"Nigeria offers a two-month period in which militants can surrender with amnesty.  Over 8,000 militants turn themselves in, surrendering 5,000 weapons and 18 gunboats.",news.bbc.co.uk,http://news.bbc.co.uk/2/hi/africa/8297432.stm
2009-10-08,06:09:34,9rtso,14,EU draws up plans to establish itself as 'world power',telegraph.co.uk,http://www.telegraph.co.uk/news/worldnews/europe/eu/6266147/EU-draws-up-plans-to-establish-itself-as-world-power.html
2009-10-09,00:42:21,9s36p,17,German author Herta Mueller won the 2009 Nobel Literature Prize for her work inspired by her life under Nicolae Ceausescu's dictatorship in Romania,rawstory.com,http://rawstory.com/2009/10/herta-mueller-wins-nobel-literature-prize/
2009-10-09,01:16:49,9s3li,15,Muslims form quarter of world population,cbc.ca,http://www.cbc.ca/world/story/2009/10/08/muslim-population-report008.html
2009-10-09,00:02:53,9s2oe,11,"Israel's FM Avigdor Lieberman: Peace is an Illusion ""learn to live with it""",news.bbc.co.uk,http://news.bbc.co.uk/2/hi/middle_east/8296809.stm
2009-10-08,10:41:22,9rvyz,10,"Ahead of the change of law, limiting Spain’s laws of universal jurisdiction, a legal case was filed at the Audiencia Nacional against four United States presidents and four United Kingdom prime ministers for war crimes.",unobserver.com,http://www.unobserver.com/index.php?pagina=layout5.php&id=6697&blz=1
2009-10-09,00:51:18,9s3a5,13,Saudis ask for aid if world cuts dependence on oil,self.worldnews,https://www.reddit.com/r/worldnews/comments/9s3a5/saudis_ask_for_aid_if_world_cuts_dependence_on_oil/
2009-10-08,19:22:31,9rzyg,13,Israel FM to tell U.S. envoy no peace deal possible,reuters.com,http://www.reuters.com/article/topNews/idUSTRE5971AW20091008
2009-10-08,22:41:11,9s1qp,10,"In Macedonia, a new national encyclopaedia has sparked a row worthy of the 19th century, with furious denunciations, forced resignations, hurried political intervention and appeals to outsiders to join in the condemnation of insulting entries.",economist.com,http://www.economist.com/world/europe/displaystory.cfm?story_id=14584492
2009-10-08,23:58:08,9s2mh,11,"Taliban suicide bomber has attacked the Indian embassy in Kabul, killing at least 17",news.bbc.co.uk,http://news.bbc.co.uk/2/hi/south_asia/8296137.stm
2009-10-08,22:03:33,9s1ct,8,Taliban claim they pose no threat to west. Statement on known Taliban website may indicate that leaders are retreating from alliance with al-Qaida,guardian.co.uk,http://www.guardian.co.uk/world/2009/oct/08/taliban-statement-denies-threat-west
2009-10-08,08:26:49,9ruzr,6,Tsunami alert issued after huge quake rocks Pacific,cnn.com,http://www.cnn.com/2009/WORLD/asiapcf/10/07/solomon.islands.earthquake/index.html
2009-10-09,05:16:10,9s66m,7,"Raise R&D spending in Europe to a gargantuan 5% of GDP by 2030. Triple the share of the European Union's budget spent on science, and triple national outlays on higher education within Europe as well. And while we're at it: Double the percentage of the E.U. population with a tertiary education",blogs.sciencemag.org,http://blogs.sciencemag.org/scienceinsider/2009/10/visionary-or-un.html
2009-10-09,02:54:11,9s4of,5,Saudis ask for aid if world cuts dependence on oil,google.com,http://www.google.com/hostednews/ap/article/ALeqM5gyy9tlD4hRjJD2wQ__gxvo_IzYEgD9B6QSRG0
2009-10-08,14:37:23,9rxt0,4,UK minister meets Moscow relative. ,news.bbc.co.uk,http://news.bbc.co.uk/1/hi/uk/8295394.stm
2009-10-09,04:09:16,9s5ib,3,"Nearly 1 in 4 people worldwide is Muslim, report says",edition.cnn.com,http://edition.cnn.com/2009/WORLD/asiapcf/10/07/muslim.world.population/index.html
2009-10-09,03:02:10,9s4rl,5,The two-child norm proposed by Chief Minister B S Yeddyurappa got a shot in the arm on Thursday with the Opposition Congress welcoming it in the Legislative Council.,deccanherald.com,http://www.deccanherald.com/content/24524/cong-okay-2-child-norm.html
2009-10-09,04:45:20,9s5uz,3,"Agents arrest dozens for theft scheme in US, Egypt ",hosted.ap.org,http://hosted.ap.org/dynamic/stories/U/US_PHISHING_FRAUD?SITE=MAQUI&SECTION=HOME&TEMPLATE=DEFAULT
