2009-11-23,05:20:44,a726g,94,Support a Senate Inquiry into the Church of Scientology,gopetition.com.au,http://www.gopetition.com.au/petitions/support-a-senate-inquiry-into-the-church-of-scientology.html
2009-11-22,20:12:41,a6yma,71,"Several Palestinians have been injured after Israeli aircraft carried out airstrikes against targets in the Gaza Strip, officials say.",news.bbc.co.uk,http://news.bbc.co.uk/2/hi/middle_east/8372800.stm
2009-11-23,00:18:00,a701i,56,"Yesterday Hamas announced an agreement with other militants to halt rocket fire into Israel.  Within hours, Israeli fighter jets bombed multiple locations in Gaza and injured seven Palestinians.  Does Israel want peace?",paltelegraph.com,http://www.paltelegraph.com/palestine/gaza-strip/2904-israeli-air-raids-hit-gaza
2009-11-22,05:27:45,a6tyh,56,"Pakistan coming disaster: Half its 180 million population is under 20, 66% are under 30. Pakistan’s population should exceed 260 million by 2030, and 335 million by 2050.Only half of children go to primary school, a quarter to secondary school and just 5% receive higher education.",telegraph.co.uk,http://www.telegraph.co.uk/news/worldnews/asia/pakistan/6616402/British-Council-Pakistan-facing-frightening-demographic-disaster.html
2009-11-22,21:59:55,a6z4b,32,"Hamas threatens other Palestinians: ""Anyone in Gaza who co-operated with the poll would be 'dealt with by the ministry or by other means'""",news.bbc.co.uk,http://news.bbc.co.uk/2/hi/middle_east/8330743.stm
2009-11-22,15:53:25,a6xhb,28,Hamas reaches agreement with other militant groups to stop firing rockets into Israeli territory.  Israel responds with A) Lifting the blockade. Or. B) Launching Israeli Air strikes against Gaza,haaretz.com,http://haaretz.com/hasen/spages/1129746.html?
2009-11-23,05:05:19,a722r,22,Shocking levels of racism are commonly accepted in Israel,alethonews.blogspot.com,http://alethonews.blogspot.com/2009/11/shocking-levels-of-racism-are-commonly.html
2009-11-23,00:08:13,a6zyp,21,"Iran has begun five days of large-scale war games to simulate attacks on its nuclear sites, officials said, warning it will retaliate if provoked.",news.bbc.co.uk,http://news.bbc.co.uk/2/hi/middle_east/8372985.stm
2009-11-22,09:44:35,a6vfp,18,"Coal mine blast kills 42 in China, 66 trapped ",latimes.com,"http://www.latimes.com/news/nation-and-world/la-fgw-china-mine22-2009nov22,0,2221440.story"
2009-11-22,13:47:26,a6wth,17,Canadian government was fending off calls for a public inquiry on torture after senior diplomat formerly stationed in Kabul claims troops 'handed over for severe torture a lot of innocent people',commondreams.org,http://www.commondreams.org/headline/2009/11/21
2009-11-23,01:27:56,a70ja,17,Israeli aircraft strike Gaza targets - Military says action is retaliation for Palestinian rocket fire,msnbc.msn.com,http://www.msnbc.msn.com/id/34093114/ns/world_news-mideastn_africa/
2009-11-22,20:11:31,a6ym6,12,"Chavez describes himself as a ""brother"" of presidents Mugabe of Zimbabwe and Ahmadinejad of Iran.",news.bbc.co.uk,http://news.bbc.co.uk/2/hi/americas/8372250.stm
2009-11-22,13:44:24,a6wsq,12,"Israelis and former Israelis are behind many of the world's Internet sites that sell counterfeit or other illegal drugs involved in pharmaceutical crimes, providing useless or dangerous products to people who think they are getting the real thing",jpost.com,http://www.jpost.com/servlet/Satellite?cid=1258705154191&pagename=JPost%2FJPArticle%2FShowFull
2009-11-22,08:37:32,a6v1g,11,"Shots have been fired at police in County Fermanagh, Northern Ireland. Finger pointed at dissident republicans",news.bbc.co.uk,http://news.bbc.co.uk/1/hi/northern_ireland/8372713.stm
2009-11-22,23:12:01,a6zjy,12,"Australian troops using hard drugs in Afghanistan, Iraq",news.com.au,"http://www.news.com.au/story/0,27574,26383276-421,00.html"
2009-11-23,02:33:51,a7121,8,"UAE deportations raise questions in Lebanon - As more than 200 Lebanese await answers over why they were ejected from the U.A.E., experts point to paranoia in Gulf nations over Iran.",globalpost.com,http://www.globalpost.com/dispatch/lebanon/091030/uae-iran-shiites-lebanon
2009-11-23,07:28:51,a7318,6,Could it get more surreal than this? Israeli state claims part of an Arab while its owners reside in it.,haaretz.com,http://www.haaretz.com/hasen/spages/1129744.html
2009-11-23,03:18:34,a71bn,4,"Security forces in Afghanistan have killed or captured more than 30 high-level militants, including many accused of participating in roadside bomb attacks, military officials said.",cnn.com,http://www.cnn.com/2009/WORLD/asiapcf/11/21/afghanistan.militants.captured/index.html
2009-11-22,10:22:18,a6vnf,5,"IAF launches fresh strikes against Gaza weapons factories, smuggling tunnels ",haaretz.com,http://www.haaretz.com/hasen/spages/1129746.html
2009-11-22,17:09:45,a6xue,4,Indonesian authorities say they believe most of the 226 passengers who were aboard a ferry which has sunk near Batam Island will be rescued.,abc.net.au,http://www.abc.net.au/news/stories/2009/11/22/2749922.htm
2009-11-22,22:11:42,a6z72,2,"An auction house says it is selling a rare first edition of Charles Darwin's ""On the Origin of Species"" found in a family's guest lavatory in southern England.",msnbc.msn.com,http://www.msnbc.msn.com/id/34091792/ns/today-today_books/
2009-11-23,00:17:27,a701c,2,Sri Lanka allows freedom of movement for war displaced civilians ,news.xinhuanet.com,http://news.xinhuanet.com/english/2009-11/21/content_12516004.htm
2009-11-22,17:30:47,a6xxh,0,Iran Plans Air-Defense Drill to Protect Nuclear Facilities,online.wsj.com,http://online.wsj.com/article/SB125881848600859119.html
2009-11-23,02:02:13,a70t7,1,"Sri Lanka to Release 136,000 Tamil War Refugees",abcnews.go.com,http://abcnews.go.com/International/wireStory?id=9144001
2009-11-23,03:00:43,a717p,0,Postcard from the new Israel,post-gazette.com,http://www.post-gazette.com/pg/09326/1015123-149.stm
2009-11-23,05:18:29,a725r,0,"Best estimates for the UK suggest around 6,500 are hurt every year by lawnmowers, either hand-pushed or ride-ons.",news.bbc.co.uk,http://news.bbc.co.uk/2/hi/health/8362373.stm
2009-11-23,03:43:23,a71hg,0,"Google News: se Murdoch via, 25% traffico in meno",ansa.it,http://www.ansa.it/web/notizie/rubriche/tecnologia/2009/11/11/visualizza_new.html_1616629873.html
2009-11-23,00:10:39,a6zzd,0,Shocking Report Reveals that 92% of Gang Rapists in London are Non-white,eutimes.net,http://www.eutimes.net/2009/11/shocking-report-reveals-that-92-of-gang-rapists-in-london-are-non-white/
2009-11-22,23:09:30,a6zje,1,Grits for Breakfast: Jennifer Skeem on Sentencing and Mental Health,gritsforbreakfast.blogspot.com,http://gritsforbreakfast.blogspot.com/2009/11/jennifer-skeem-on-sentencing-and-mental.html#
2009-11-22,20:22:20,a6ynq,0,"Corrupt Egyptian president calls 
Algerian footbal fans terrorists 
terrorists ",translate.google.com,http://translate.google.com/translate?js=y&prev=_t&hl=en&ie=UTF-8&u=http%3A%2F%2Fwww.algomhuria.net.eg%2Falgomhuria%2Ftoday%2Ffpage%2Fdetail03.asp&sl=ar&tl=en
