2009-12-30,07:34:13,ajp8h,1001,This site publishes first had reports out of Iran.  Lots of eye witness accounts.  It is run by Iranian exiles with close contacts on the ground.  Let's show these people some love for risking it all to get the information out.,persian2english.wordpress.com,http://persian2english.wordpress.com/
2009-12-30,01:20:14,ajlhq,808,U.S. Soldiers Are Waking Up!,youtube.com,http://www.youtube.com/watch?v=sQfoFzJUsb0&feature=player_embedded
2009-12-30,12:13:48,ajrma,267,"Ayatollah Khamenei's Jet Checked, Iran Supreme Leader May Flee To Russia If Necessary",huffingtonpost.com,http://www.huffingtonpost.com/2009/12/29/ayatollah-khamenei-jet-ch_n_406496.html
2009-12-30,02:22:21,ajm8s,168,[Video] Iranian Police Car running over protesters,youtube.com,http://www.youtube.com/watch?v=qZ19naZVCm4
2009-12-31,05:37:17,ak1a6,88,What Every U.S. Citizen Should Know About Iran,youtube.com,http://www.youtube.com/watch?v=B658sB3wVug
2009-12-31,05:45:23,ak1d2,78,"The 'Israelification' of airports: High security, little bother ",thestar.com,http://www.thestar.com/news/world/article/744199---israelification-high-security-little-bother
2009-12-30,23:29:19,ajxeb,64,Afghan officials: US-led troop dragged ten civilians from their beds and shot them dead during a night raid. ,timesonline.co.uk,http://www.timesonline.co.uk/tol/news/world/Afghanistan/article6971638.ece
2009-12-30,08:48:08,ajpud,45,"Ridiculous: ""Senior officers say the chemicals will be 
treated as illegal until tests show otherwise as they 
try to protect young people from using dangerous 
drugs which have not been banned.""",theargus.co.uk,http://www.theargus.co.uk/news/4820810.Legal_high_drug_users_face_house_raids_by_police/
2009-12-30,09:14:44,ajq32,35,Israel's Supreme Court orders the military to stop blocking Palestinians from using a highway that runs through the West Bank.,news.bbc.co.uk,http://news.bbc.co.uk/2/hi/middle_east/8434174.stm
2009-12-30,14:31:11,ajsvd,32,one of the world's wettest places dries up..,news.bbc.co.uk,http://news.bbc.co.uk/2/hi/south_asia/8378327.stm
2009-12-30,23:07:38,ajx5k,32,The Dutch government has said that it will commence using full-body scanners on flights to the US.,english.aljazeera.net,http://english.aljazeera.net/news/europe/2009/12/20091230124744428386.html
2009-12-31,03:48:03,ak09b,31,Media fails to mention 'sharp dressed man' escorted flight 253 bomber until allowed to board plane,examiner.com,http://www.examiner.com/x-16500-Lake-County-Independent-Examiner~y2009m12d30-Sharp-dressed-man-and-flight-253-what-was-left-out-of-the-story
2009-12-31,01:56:08,ajz31,21,Afghans burn Obama effigy over civilian deaths,rawstory.com,http://rawstory.com/news/afp/Afghans_burn_Obama_effigy_over_civi_12302009.html
2009-12-30,15:09:04,ajt82,20,Israeli nuclear whistleblower under house arrest,guardian.co.uk,http://www.guardian.co.uk/world/2009/dec/29/mordechai-vanunu-under-house-arrest
2009-12-30,22:42:22,ajwwe,18,See - China have the right idea when it comes to dealing with those Somalian pirates,news.bbc.co.uk,http://news.bbc.co.uk/1/hi/world/asia-pacific/8435037.stm
2009-12-30,12:28:30,ajrqi,18,"2 sisters attacked by ""smart"" Israeli drone  in Gaza, 
last year - video ",guardian.co.uk,http://www.guardian.co.uk/world/video/2009/dec/28/drone-attack-pregnant-woman
2009-12-30,12:54:29,ajrz0,19,Iran 27 Dec 09 Police Car running over people - The youtube on the front page is broken.,unity4iran.posterous.com,http://unity4iran.posterous.com/iran-27-dec-09-police-car-running-over-people
2009-12-31,00:05:13,ajxsp,13,Like a bull moose head-butting a train - The moose: Canadian democracy. The train: the prime minister and his government.,globalpost.com,http://www.globalpost.com/dispatch/canada/091229/democracy-roadkill-canada
2009-12-30,14:00:49,ajskz,13,Israelis-only highway through West Bank declared illegal in landmark case,belfasttelegraph.co.uk,http://www.belfasttelegraph.co.uk/news/world-news/israelisonly-highway-through-west-bank-declared-illegal-in-landmark-case-14616200.html
2009-12-30,13:33:13,ajsbp,13,Sadness over British man executed in China,news.bbc.co.uk,http://news.bbc.co.uk/2/hi/uk_news/8434344.stm
2009-12-30,23:40:59,ajxj8,12,British Hostage Released In Iraq After Two Years!,hosted.ap.org,http://hosted.ap.org/dynamic/stories/I/IRAQ_HOSTAGE?SITE=FLTAM&SECTION=US
2009-12-30,23:10:18,ajx6n,11,France to rethink carbon tax plan.,news.bbc.co.uk,http://news.bbc.co.uk/2/hi/europe/8434505.stm
2009-12-31,07:59:43,ak2hv,7,Canadian reporter and 4 soldiers killed in Afghanistan,canada.com,http://www.canada.com/news/Canwest+journalist+soldiers+Afghan+blast/2393226/story.html
2009-12-31,05:15:59,ak13c,8,Obama plans on attacking Yemen over failed bomb attempt,guardian.co.uk,http://www.guardian.co.uk/world/2009/dec/30/us-plots-retaliatory-strikes-yemen
2009-12-30,15:10:23,ajt8o,8,"'Apartheid 
Road' 
opened 
to 
Palestinians 
- 
Middle 
East 
- 
Independent.co.uk",independent.co.uk,http://www.independent.co.uk/news/world/middle-east/apartheid-road-opened-to-palestinians-1852827.html
2009-12-31,06:05:14,ak1jb,6,Army Historians Document Early Missteps in Afghanistan,nytimes.com,http://www.nytimes.com/2009/12/31/world/asia/31history.html
2009-12-31,00:05:43,ajxsz,9,USA spooks report: Either Israeli or UK forged nukes report on Iran,presstv.ir,http://www.presstv.ir/detail.aspx?id=114871&sectionid=351020104
2009-12-30,13:26:45,ajs9a,4,"Hey Reddit, how many wives does your President have? My President is about to marry his 5th wife.",iol.co.za,http://www.iol.co.za/index.php?set_id=1&click_id=13&art_id=nw20091229222034971C350989
2009-12-31,04:14:48,ak0ir,7,"Postponing the reopening of Parliament until March, after the Winter Olympics in Vancouver, means the government will be able to take control of committees in the upper house of Parliament, the Senate, which had been dominated by the opposition Liberal Party until now.",reuters.com,http://www.reuters.com/article/idUSTRE5BT2DJ20091230
2009-12-30,19:25:28,ajv7w,5,Those we have lost in 2009,news.bbc.co.uk,http://news.bbc.co.uk/1/hi/magazine/8428772.stm
