2009-04-18,01:02:20,8da84,668,"A poll of 60,000 Swedes showed that 89 per cent believed that the Pirate Bay founders should have been acquitted",technology.timesonline.co.uk,http://technology.timesonline.co.uk/tol/news/tech_and_web/article6111777.ece
2009-04-18,07:41:57,8ddo0,171,The Pirate Bay: Don't worry - we're from the internets. It's going to be alright. :-),inquisitr.com,http://www.inquisitr.com/22166/pirate-bay-verdict/
2009-04-17,11:43:31,8d4o2,122,Did you know there are 4 varieties of Bengal Tiger? A beautiful photo shoot of over a dozen Bengals.,guardian.co.uk,http://www.guardian.co.uk/environment/gallery/2009/apr/15/bengal-tigers-faces-photography?picture=345983658
2009-04-17,23:44:24,8d9fp,52,G20 - Ian Tomlinson's death was NOT heart attack second post mortem suggests,news.bbc.co.uk,http://news.bbc.co.uk/1/hi/uk/8004222.stm
2009-04-17,18:07:31,8d6zf,28,PIRATE BAY FOUND GUILTY!,thelocal.se,http://www.thelocal.se/18908/20090417/
2009-04-18,06:46:16,8ddbw,33,Hong Kong Students Vote to Condemn Tiananmen Square Violence,voanews.com,http://www.voanews.com/english/2009-04-17-voa11.cfm?rss=war%20and%20conflict
2009-04-18,02:18:42,8db14,26,"Vatican ""bewildered"" by Belgian condemnation and official resolution against the pope's comments on the use of condoms.",deredactie.be,http://www.deredactie.be/cm/de.redactie.english/news/1.500825
2009-04-17,18:57:30,8d7b6,23,"1,500 Indian Farmers Commit Mass Suicide",alternet.org,http://www.alternet.org/workplace/137059/1%2C500_indian_farmers_commit_mass_suicide%3A_why_we_are_complicit_in_these_deaths/
2009-04-18,05:40:36,8dcw7,24,"The Torture Colony: In a remote part of Chile, an evil German evangelist built a utopia whose members helped the Pinochet regime perform its foulest deeds",theamericanscholar.org,http://www.theamericanscholar.org/the-torture-colony/
2009-04-18,02:12:07,8dayx,23,"U.S. experts: Pakistan on course to become an Islamic state; ""It's a disaster in the making on the scale of the Iranian revolution,"" U.S. intelligence official says.",mcclatchydc.com,http://www.mcclatchydc.com/227/story/66368.html
2009-04-17,23:56:14,8d9kv,21,"London G20 protestor died from an abdominal haemorrhage and NOT ""natural causes"", like orginally claimed",news.bbc.co.uk,http://news.bbc.co.uk/2/hi/uk_news/8004222.stm
2009-04-17,08:45:25,8d3ne,20,Tragic.  Over 1500 farmers in India commit suicide after crop failure.,huffingtonpost.com,http://www.huffingtonpost.com/mallika-chopra/1500-farmers-in-india-com_b_187457.html
2009-04-17,12:59:19,8d56g,17,CNN: African Villages Denounce Female Circumcision,cnn.com,http://www.cnn.com/2009/WORLD/africa/04/15/niger.mutilation/index.html?eref=rss_health
2009-04-17,11:46:30,8d4om,13, Dubai Police confirm plan to block internet 'smut' ,itp.net,http://www.itp.net/news/552639-dubai-police-confirms-plan-to-block-internet-smut-
2009-04-18,01:01:37,8da7o,11,"Russia deploys 22 ships from Black Sea Fleet, is another war with Georgia looming? Where there's smoke...",informationdissemination.blogspot.com,http://informationdissemination.blogspot.com/2009/04/russia-deploys-black-sea-fleet.html
2009-04-18,06:15:18,8dd4i,11,Top 10 Free Secure Online Tools to avoid Pirate Bay Verdict,mp3sparks.us,http://mp3sparks.us/?p=63
2009-04-18,04:56:30,8dcid,12,"Man Killed at G20 Died of Internal Bleeding, New Autopsy Reveals ",nytimes.com,http://www.nytimes.com/2009/04/18/world/europe/18britain.html?partner=rss&emc=rss
2009-04-18,02:35:11,8db6k,12,"Spanish court says torture charges against Bush officials can continue, despite AG opposition.",reuters.com,http://www.reuters.com/article/latestCrisis/idUSLH62645
2009-04-17,11:05:18,8d4gr,8,"""Police 'stop attempt on Morales' "" - Press downplaying Assasination Attempt?",news.bbc.co.uk,http://news.bbc.co.uk/2/hi/americas/8003117.stm
2009-04-18,02:38:32,8db7n,10,Chechnya: Russia declares 'mission accomplished' in strong-man state,csmonitor.com,http://www.csmonitor.com/2009/0417/p06s07-woeu.html
2009-04-18,07:57:14,8dds4,9,Russian Forces Deploying for Possible Action in Georgia,jamestown.org,http://www.jamestown.org/single/?no_cache=1&tx_ttnews%5Btt_news%5D=34862&tx_ttnews%5BbackPid%5D=7&cHash=ed1ae9941f
2009-04-18,00:19:42,8d9sp,9," Ancient, frozen ecosystem produces blood-red ice flows",arstechnica.com,http://arstechnica.com/science/news/2009/04/ancient-frozen-ecosystem-produces-blood-red-ice-flows.ars
2009-04-18,00:43:48,8da0j,9,Raúl Castro: Cuba ready 'to discuss everything' with U.S.,cnn.com,http://www.cnn.com/2009/POLITICS/04/17/us.cuba/index.html
2009-04-17,09:01:06,8d3qx,10,"Headlines Africa - Former child soldiers, sex slaves recover from Liberias war",headlinesafrica.com,"http://headlinesafrica.com/component/option,com_seyret/Itemid,0/task,videodirectlink/id,1113/"
2009-04-18,05:48:12,8dcyg,9,"Paraguay President, Former Roman Catholic Bishop Admits to Love Child",latina.com,http://www.latina.com/lifestyle/news-politics/paraguayan-president-former-roman-catholic-bishop-admits-love-child
2009-04-18,06:21:32,8dd5y,6,No yellowcake uranium at Iraq; bioweapons likewise absent; SCUD missiles silent; Bush popularity increased with contract profits; so Valerie Plame was sacrificed how?,washingtonpost.com,http://www.washingtonpost.com/wp-dyn/content/article/2005/10/28/AR2005102801172.html
2009-04-18,07:23:01,8ddka,6,False Beliefs About The Purpose of Education ~ Today's economic downturn exposes the false beliefs about the purpose of education. In today's economy millions are in search of a bandaid to heal the wounds from the financial beating they've been taking over the last year.,newthoughtgeneration.com,http://www.newthoughtgeneration.com/2009/04/beliefs-about-the-purpose-of-education/
2009-04-17,05:48:23,8d2ba,7,The world’s navies are trying to stop pirates. But will shooting them solve this growing maritime problem?,economist.com,http://www.economist.com/world/mideast-africa/displaystory.cfm?story_id=13496719
2009-04-17,14:19:37,8d5oe,6,The Revolution Will Not Be Destabilized: Canada’s “Democracy Promotion” in Venezuela,venezuelanalysis.com,http://www.venezuelanalysis.com/analysis/4356
2009-04-17,22:21:19,8d8p7,6,"TPB press conference: ""as in all good movies, the heroes lose in the beginning but have an epic victory in the end anyhow. That's the only thing hollywood ever taught us.""",thepiratebay.org,http://thepiratebay.org/special/2009epicwinanyhow.php
