2009-07-31,23:06:00,96c10,1149,Bolivia bans all circus animals - New law defines use of animals in circus an act of cruelty. This is the first law of its kind anywhere in the world.,guardian.co.uk,http://www.guardian.co.uk/world/2009/jul/31/bolivia-bans-circus-animals
2009-07-31,09:59:11,9668m,281,Israel admits white phosphorus use,english.aljazeera.net,http://english.aljazeera.net/news/middleeast/2009/07/200973020830886898.html
2009-07-31,22:42:39,96bsl,109,"UK to ban all private transplants of organs: ""... private payments may unfairly influence access to transplant, so they must be banned.""",news.bbc.co.uk,http://news.bbc.co.uk/2/hi/health/8176277.stm
2009-07-31,11:36:35,966x6,43,"Arab lack of industrialization partly due to reforms ""pushed by the World Bank and IMF. In fact, today, Arab countries are less industrialized than they were in 1970.""...Holy Crap!",guardian.co.uk,http://www.guardian.co.uk/commentisfree/2009/jul/29/un-report-arab-world
2009-07-31,19:10:32,96a63,34,"Christians in Egypt Are Being Kidnapped and Forcibly Converted to Islam. The Government, Mosques and Muslim Businessmen Are Guilty of Carrying Out And Funding This Modern Slave Trade.",aina.org,http://www.aina.org/news/20090718111414.htm
2009-08-01,03:26:47,96evg,34,"A woman who passed national security information to UK authorities spent six months in fear for her life, after Tiscali published her phone number and address in public directories, despite repeated requests to keep the information secret",theregister.co.uk,http://www.theregister.co.uk/2009/07/30/tiscali_directory/print.html
2009-07-31,22:37:19,96bql,28,Drugmaker Pfizer reached a $75m settlement with Nigeria over trials of meningitis drug Trovan on 200 children that led to the deaths of 11,commondreams.org,http://www.commondreams.org/headline/2009/07/31-0
2009-07-31,21:58:32,96bej,11,List of 49 items of information that could be recorded on UK national ID card. ,news.bbc.co.uk,http://news.bbc.co.uk/2/hi/uk_news/politics/8176174.stm
2009-07-31,22:23:42,96blu,9,"Doctor Death: I dare police to prosecute me; vowed to highlight the ""hypocritical British system"" surrounding euthanasia ",independent.co.uk,http://www.independent.co.uk/life-style/health-and-families/health-news/i-dare-police-to-prosecute-me-says-former-gp-1765545.html
2009-07-31,15:07:25,968fe,9,"Report: Land mine contamination vast in Vietnam. Nearly 35 years after the war's end, Vietnamese civilians are still routinely killed and maimed by leftover mines and other explosives. Vietnam estimates that more than 42,000 people have been killed in such accidents since 1975.",salon.com,http://www.salon.com/wires/ap/world/2009/07/30/D99P8BSG0_as_vietnam_us_land_mines
2009-08-01,06:12:22,96ghy,10,Italy to allow RU-486 abortion drug ,msnbc.msn.com,http://www.msnbc.msn.com/id/32239209/ns/world_news-europe/
2009-08-01,01:40:21,96dp7,6,"Your family herds water buffalo. You eat no meat, and live by selling milk. It's a tradition your people have carried on for at least 1,500 years. And now the government is saying you're a threat to the environment. Meet the Van Gujjar.",csmonitor.com,http://www.csmonitor.com/2009/0731/p17s07-wosc.html
2009-08-01,07:06:49,96gwj,7,"Changes in global CO2 emissions since 2006 - courtesy of Google. Well done to the UK, not bad to the US, condolences to Canada...",maps.unfccc.int,http://maps.unfccc.int/di/map/
2009-07-31,12:13:47,96764,6,A glimpse of the Irish Recession 2009 - some 500 people queuing for a sales assistant job.,youtube.com,http://www.youtube.com/watch?v=Cf31q4TC790
2009-08-01,01:06:21,96dca,4,Hostages to pay the bill after being rescued,gather.com,http://www.gather.com/viewArticle.action?articleId=281474977757943
2009-08-01,05:09:15,96fxa,5,Journalist who was arrested in Iran tells of crude jails used to warehouse protesters,washingtontimes.com,http://www.washingtontimes.com/news/2009/jul/31/crude-prisons-crop-up-in-tehran-during-crackdown-o/?source=newsletter_must-read-stories-today_more_news_carousel
2009-07-31,13:55:08,967wo,4,Head of  Nigerian Taliban killed in Police custody,therebelsyell.com,http://www.therebelsyell.com/2009/07/yusuf-killed-in-nigerian-custody.html
2009-08-01,05:35:24,96g6v,4,He was so hot he 'phfizzed' when firefighters put him in water – and then poked his head out. ,metro.co.uk,http://www.metro.co.uk/news/article.html?Tortoise_is_a_real_cage_fighter...&in_article_id=712226&in_page_id=34
2009-07-31,23:11:00,96c2t,5,German party to start a Nazi-style training center,gather.com,http://www.gather.com/viewArticle.action?articleId=281474977757812
2009-08-01,02:19:34,96e5d,3,Governments in Asia and Another City Hall Embrace Free Software,groups.google.com,http://groups.google.com/group/comp.os.linux.advocacy/msg/4904d1ab9d1e1cb3
2009-08-01,04:31:41,96fkq,5,"""It’s an extremely complex, explosive situation."" See Chad through the eyes of UNICEF Ambassador Ralph Fiennes. ",telegraph.co.uk,http://www.telegraph.co.uk/news/worldnews/5917496/Ralph-Fiennes-in-Chad.html
2009-07-31,20:05:50,96aj2,4,Hacker Loses Bid to Avoid Extradition to U.S.,nytimes.com,http://www.nytimes.com/aponline/2009/07/31/world/AP-EU-Britain-US-Hacker.html?hp
2009-07-31,14:48:48,968aq,4,"Aung Sang Suu Kyi verdict postponed: The Burmese junta has kept the 64-year-old Ms Suu Kyi in detention for nearly 14 of the past 20 years, ever since it refused to recognise the NLD's landslide victory in elections in 1990. - Times Online.",timesonline.co.uk,http://www.timesonline.co.uk/tol/news/world/asia/article6734367.ece
2009-08-01,01:24:07,96dj8,2,Protest against sex-tourism in Ukraine,zwamneus.punt.nl,http://zwamneus.punt.nl/?id=481278&r=1&tbl_archief=&
2009-07-31,21:51:51,96bcn,3,UK hacker loses extradition fight,english.aljazeera.net,http://english.aljazeera.net/news/europe/2009/07/2009731112314426754.html
2009-07-31,18:26:40,969tz,2,Local firefighters received an emergency call at around 4am this morning but when they arrived at the station they realised it was their own building that was ablaze. ,belfasttelegraph.co.uk,http://www.belfasttelegraph.co.uk/news/local-national/firemen-watch-as-station-burns-down-14440513.html
2009-07-31,19:23:07,96a9a,5,"Israels claims that Gaza war was ""necessary"".  It seems to me that the world needs peace much more than it needs war.",news.bbc.co.uk,http://news.bbc.co.uk/2/hi/middle_east/8177831.stm
2009-07-31,18:37:53,969xg,3,Damaged cable causes Internet blackout in four West African countries,opennet.net,http://opennet.net/blog/2009/07/damaged-cable-causes-internet-blackout-four-west-african-countries
2009-08-01,02:10:52,96e17,3,Sen. Dodd has prostate cancer,news.yahoo.com,http://news.yahoo.com/s/ap//ap_on_go_co/us_senate_dodd_cancer
2009-08-01,03:57:21,96f6q,3,Obama extends Syria sanctions,rawstory.com,http://rawstory.com/news/afp/Obama_extends_Syria_sanctions_07302009.html
