2009-01-31,06:59:38,7tqmc,1374,...and I am to Blame?,flickr.com,http://www.flickr.com/photos/34913616@N06/3239235527/
2009-01-31,20:03:06,7tu2s,814,Italy bans kebabs and foreign food from cities,timesonline.co.uk,http://www.timesonline.co.uk/tol/life_and_style/food_and_drink/article5622156.ece
2009-02-01,04:48:58,7tx0h,529,Israel has refused to allow a French-made water purification system into Gaza amid a drinking water crisis in the Palestinian strip,presstv.ir,http://www.presstv.ir/detail.aspx?id=84172&sectionid=351020202
2009-02-01,05:31:23,7tx78,219,"Palestinians are forbidden from crossing the road or traveling on the road by foot, animal or automobile",maps.google.com,"http://maps.google.com/maps?f=q&source=s_q&hl=en&geocode=&q=jewish+only+roads&sll=32.100035,35.038533&sspn=0.005081,0.009656&ie=UTF8&ll=32.240791,35.190196&spn=0.005073,0.009656&t=h&z=17"
2009-01-31,12:49:00,7tscu,107,Israeli ambassador to Australia slips up and discloses possible action against Iran in a month,youtube.com,http://www.youtube.com/watch?v=cznZs-swR9k
2009-01-31,14:28:46,7tssy,94,Leaked report on Jewish settlements in the West Bank shows that the Israeli government was complicit in illegal construction on land owned by Palestinians,english.aljazeera.net,http://english.aljazeera.net/news/middleeast/2009/01/2009130101043786259.html
2009-01-31,04:01:25,7tp60,79,Jews are not Zionists!,jewsagainstzionism.com,http://www.jewsagainstzionism.com/news/currentarticle.cfm?id=156
2009-02-01,05:23:49,7tx65,51,Were Europeans once cannibals?  - You bet!,spiegel.de,"http://www.spiegel.de/international/zeitgeist/0,1518,604548,00.html"
2009-02-01,00:05:38,7tvbz,34,Israel denies Gaza access to clean water,eyesonthelies.com,http://eyesonthelies.com/2009/01/31/israel-denies-gaza-access-to-clean-water/
2009-01-31,08:20:48,7tr43,29,Britain and Germany want International Financial Watchdog so America can't fuck up the world ... again.,reuters.com,http://www.reuters.com/article/GCA-Davos2009/idUSTRE50T60420090130
2009-02-01,00:38:11,7tvjv,29,Spain opens investigation of Israel under it's universal jurisdiction law for crimes against humanity in case of 2002 Israeli bombing in Gaza which killed 14 innocent civilians,reuters.com,http://www.reuters.com/article/latestCrisis/idUSLT662967
2009-01-31,22:59:54,7tuvu,24,"All Australians could be implanted with microchips for tracking and identification within the next two or three generations, a prominent academic says.",news.ninemsn.com.au,http://news.ninemsn.com.au/technology/735519/humans-will-be-implanted-with-microchips
2009-01-31,22:13:09,7tukt,24,Can Countries Really Go Bankrupt?,spiegel.de,"http://www.spiegel.de/international/world/0,1518,604523,00.html"
2009-01-31,18:57:18,7ttt7,25,DEA quits Bolivia on Morales' order,cannabisculture.com,http://www.cannabisculture.com/v2/news/dea-quits-bolivia-on-morales-order
2009-02-01,01:10:15,7tvrj,21,Thousands protest across Russia demanding Putin's resignation,news.bbc.co.uk,http://news.bbc.co.uk/1/hi/world/europe/7862370.stm
2009-02-01,01:26:29,7tvvj,17,Mafia business 'equal' to 9% of Italian GDP,ansa.it,http://www.ansa.it/site/notizie/awnplus/english/news/2009-01-30_130277313.html
2009-02-01,01:46:56,7tw01,16,"We are on the brink of war with the South, says North Korea",independent.co.uk,http://www.independent.co.uk/news/world/asia/we-are-on-the-brink-of-war-with-the-south-says-north-korea-1521694.html
2009-01-31,13:03:58,7tsex,15,Governments across Europe tremble as angry people take to the streets,guardian.co.uk,http://www.guardian.co.uk/business/2009/jan/31/global-recession-europe-protests
2009-02-01,07:14:04,7txpu,13,"""Fire on anything that moves in Zeitoun!""",timesonline.co.uk,http://www.timesonline.co.uk/tol/news/world/middle_east/article5601177.ece
2009-01-31,23:02:38,7tuwk,13,Fake pharmacies plague Iraq: There is no oversight to ensure drugs aren't counterfeit or contaminated.,aliveinbaghdad.org,http://aliveinbaghdad.org/2009/01/27/fake-pharmacies-plague-iraq/
2009-01-31,08:30:45,7tr6c,9,Testimony of a man who trained child soldiers in DR Congo,news.bbc.co.uk,http://news.bbc.co.uk/2/hi/africa/7861892.stm
2009-01-31,17:18:37,7ttf8,10,Turkish PM hailed as a hero,guardian.co.uk,http://www.guardian.co.uk/world/2009/jan/30/turkish-prime-minister-cheered-davos-row-gaza
2009-01-31,14:14:30,7tsr2,8,"Israeli Ambassador to Australia Says Will ""Deal With"" Iran's Nuclear Program Within a Month [vid]",youtube.com,http://www.youtube.com/watch?v=cznZs-swR9k&eurl=http://whatreallyhappened.com/
2009-01-31,21:30:27,7tuef,7,Former Islamic Courts Leader elected president of Somalia,longwarjournal.org,http://www.longwarjournal.org/archives/2009/01/former_islamic_court.php
2009-01-31,10:39:58,7trsv,10,Binyamin Netanyahu retains poll lead after Gaza campaign,guardian.co.uk,http://www.guardian.co.uk/world/2009/jan/31/netanyahu-israel-election-gaza
2009-01-31,22:13:37,7tukw,7,Gaza militants fire rocket into Israel,google.com,http://www.google.com/hostednews/ap/article/ALeqM5ioi_0jtO9RjMwPNRoXNCndRPRq3gD9624VE80
2009-01-31,08:30:30,7tr68,6,Video: Gaza survivor describes day 48 members of family were killed in attack,guardian.co.uk,http://www.guardian.co.uk/world/video/2009/jan/30/gaza-samouni
2009-01-31,14:11:26,7tsqo,6,Strikes Spread Across Britain as Oil Refinery Protest Escalates,guardian.co.uk,http://www.guardian.co.uk/business/2009/jan/30/oil-refinery-dispute
2009-02-01,02:25:39,7tw85,5,"Continually ignored in the ME Conflict: Israel continues to build settlements on Palestinian land. If Israel demands recognition of Israel as a condition for peace talks, Palestine should demand all settlements be removed before they agree to peace talks. ",democracynow.org,http://www.democracynow.org/2009/1/30/headlines#7
2009-01-31,14:10:30,7tsqg,8,French Strikes: Violence Erupts as Thousands Gather to Protest on 'Black Thursday',telegraph.co.uk,http://www.telegraph.co.uk/news/worldnews/europe/france/4394671/French-strikes-Violence-erupts-as-thousands-gather-to-protest-on-Black-Thursday.html
