2009-10-22,09:56:35,9wgpf,561,"British Columbia cops stomp on guy's head, kick him in the ribs during arrest. Caught on video and posted to YouTube. ",self.worldnews,https://www.reddit.com/r/worldnews/comments/9wgpf/british_columbia_cops_stomp_on_guys_head_kick_him/
2009-10-22,00:41:20,9waxu,334,"“She loves you — yeah, yeah, yeah,” the Taliban sang, with Kalashnikovs lying on the floor around them. (Also, they sleep beneath bedsheets emblazoned with Hannah Montana.)",nytimes.com,http://www.nytimes.com/2009/10/20/world/asia/20hostage.html?_r=1&pagewanted=all
2009-10-22,00:14:03,9walb,167,Russia vs. The United States: A visual comparison from mint.com.  (images),mint.com,http://www.mint.com/blog/trends/russia-vs-united-states-a-visual-comparison/
2009-10-23,01:57:20,9wpy0,40,"They decapitate, torture, and extort. Then they pray, and donate to charity.",news.bbc.co.uk,http://news.bbc.co.uk/2/hi/americas/8319924.stm
2009-10-22,13:19:02,9wihm,32,""" Shanghai has been running on ultracapacitors for the past three years, and today that technology is coming to the Washington, DC, for a one-day demonstration."" China! Now more advanced than America!",physorg.com,http://www.physorg.com/news175355628.html
2009-10-22,11:30:41,9whg8,34,Coincidence? - Two British nuclear experts fall to their deaths from the same building in 4 months. ,telegraph.co.uk,http://www.telegraph.co.uk/news/worldnews/europe/austria/6399887/British-nuclear-expert-falls-120ft-to-his-death-in-Vienna.html
2009-10-22,08:04:19,9wfru,33,Fifty to 70 percent of the world’s supply of lithium is contained in just one place -- Bolivia’s Uyuni salt flats. What will the global battery boom mean for the future of South America's poorest country?,foreignpolicy.com,"http://www.foreignpolicy.com/articles/2009/10/21/bolivias_lithium_powered_future?page=0,0"
2009-10-22,22:38:45,9wng5,22,President Hugo Chavez called on Venezuelans on Wednesday to stop singing in the shower and to wash in three minutes because the oil-exporting nation is having problems supplying water and electricity.,iol.co.za,http://www.iol.co.za/index.php?from=rss_News&set_id=1&click_id=79&art_id=nw20091022070129419C987671
2009-10-22,15:04:35,9wjdr,15,A small rural town in New Zealand has been forced to cancel one of the highlights on its social calendar - a rabbit-throwing contest,abc.net.au,http://www.abc.net.au/news/stories/2009/10/22/2721165.htm
2009-10-22,13:03:09,9wic5,16,"Over the years, the U.S. has unloaded massive amounts of aid to Pakistan, including $7.5 billion more earlier this month. But the money doesn't always wind up where it's supposed to.",newsweek.com,http://www.newsweek.com/id/218932?from=rss
2009-10-23,04:32:19,9wrnw,16,"BBC is right to allow BNP on Question Time, says Mark Thompson",guardian.co.uk,http://www.guardian.co.uk/politics/2009/oct/21/bbc-bnp-mark-thompson
2009-10-22,22:03:17,9wn0x,14,Colombian drug lord once responsible for 60 percent of the cocaine exported from Colombia to the U.S. gets 45 years in U.S. prison,reuters.com,http://www.reuters.com/article/domesticNews/idUSTRE59K4VM20091021
2009-10-23,02:14:39,9wq5m,16,Sharia Banking Comes to Germany,spiegel.de,"http://www.spiegel.de/international/germany/0,1518,656448,00.html"
2009-10-22,11:19:06,9whc5,13,"According to reporters without borders Israel ranks 150th in press freedom. Below Sudan, Congo, Iraq, Egypt etc.",rsf.org,http://www.rsf.org/en-classement1003-2009.html
2009-10-22,12:48:14,9wi6q,12,"Husseini's ""so-called honor killings"": ""...a horrific case of a 16-year-old girl called Kifaya, who was killed because she was raped by her brother and the family blamed her for tarnishing their honour.""",awid.org,http://www.awid.org/Issues-and-Analysis/Library/The-Books-Interview-Rana-Husseini
2009-10-22,12:26:46,9whz3,11,8 years on and Afghan smack is as prevalent as ever. So why are they blaming the Taliban?,edition.cnn.com,http://edition.cnn.com/2009/WORLD/europe/10/21/afghanistan.england.drug/index.html?iref=topnews
2009-10-23,04:10:10,9wrfm,11,Swine flu doctors 'unnerved' by patients' decline,telegraph.co.uk,http://www.telegraph.co.uk/health/swine-flu/6409329/Swine-flu-doctors-unnerved-by-patients-decline.html
2009-10-22,13:18:02,9wihc,12,"CEO pay in India: ""Vulgar and indecent""",globalpost.com,http://www.globalpost.com/dispatch/india/091009/ceo-pay-issue-storms-india
2009-10-23,02:06:23,9wq27,12,Yemen rebels 'fight Saudi forces' ,news.bbc.co.uk,http://news.bbc.co.uk/2/hi/middle_east/8321073.stm
2009-10-22,12:58:06,9wiap,10,UK's nuclear industry funds special police force that carries out covert intelligence operations against anti-nuclear protesters,guardian.co.uk,http://www.guardian.co.uk/environment/2009/oct/20/nuclear-police-run-covert-network
2009-10-23,04:12:07,9wrgb,6,Swine flu cases in England double in one week,guardian.co.uk,http://www.guardian.co.uk/world/2009/oct/22/england-swine-flu-cases-double
2009-10-23,06:32:10,9wsuj,7,Nigeria's anti-corruption police cracks down on scam websites and email fraud syndicates. DR CLEMENT OKON on the run with millions of dollars and looking for someone to help him transfer money overseas.,breitbart.com,http://www.breitbart.com/article.php?id=CNG.6a8cc43eefe7559c839cd6f85e74e8f8.731&show_article=1
2009-10-23,00:27:35,9wos2,9,"Ex-IDF chief's widow rejects naming East Jerusalem street after him, ""I don't think this is a street that belongs to us. I don't think we need to be there and therefore I objected""",haaretz.com,http://www.haaretz.com/hasen/spages/1122537.html
2009-10-23,00:54:31,9wp4g,9,Ghana's Foreign Ministry building has been largely destroyed in a fire police suspect was started deliberately -- the third fire at the ministry this year.,news.bbc.co.uk,http://news.bbc.co.uk/2/hi/africa/8321026.stm
2009-10-22,20:21:13,9wm1j,5,Olive Grove Wars: The olive harvest brings violence between Palestinian farmers and Israeli settlers,globalpost.com,http://www.globalpost.com/dispatch/israel-and-palestine/091021/olive-harvest-israel-palestinian-settler-jewish-peace
2009-10-22,23:50:16,9wobm,5,Gideon Levy: Israel's attacks will lead to its isolation,haaretz.com,http://www.haaretz.com/hasen/spages/1122812.html
2009-10-22,19:34:20,9wlnr,7,"""Muslim rebels have been waging an insurgency since 1989 against India's rule of the region in a conflict that has left more than 47,000 people dead.""",google.com,http://www.google.com/hostednews/afp/article/ALeqM5jSQIocJ-XxzHwn63JIhTH3ejHfsQ
2009-10-22,15:30:53,9wjlu,6,YEA!  Guinness turns 250!,blogs.abcnews.com,http://blogs.abcnews.com/theworldnewser/2009/09/cheers-guinness-beer-turns-250.html#
2009-10-23,04:13:15,9wrgs,7,"Hundreds of thousands of Mexicans defend union. ""In spite of government, media campaign, workers were not intimidated. An elderly man raised his fist and smiled. When the last arrived, rally had already finished, but the Zocalo was still packed.""",marxist.com,http://www.marxist.com/mexico-october-15-electrifying-mobilization-to-defend-sme.htm
2009-10-23,03:30:01,9wqzs,4,"Norwegian Fjords voted best destination of 2009 - 
National Geographic",traveler.nationalgeographic.com,http://traveler.nationalgeographic.com/2009/11/destinations-rated/list-text
