2009-01-19,22:38:51,7qtjb,812,Saudi Arabia to donate $1 billion to rebuild Gaza,news42day.com,http://www.news42day.com/2009/01/saudi-arabia-to-donate-1-billion-to-rebuild-gaza/
2009-01-20,05:57:36,7qx3j,445,"Amnesty Said A Fact-Finding Team Found ""Indisputable Evidence Of The Widespread Use Of White Phosphorus"" In Crowded Residential Areas Of Gaza City And Elsewhere In The Territory.",news.bbc.co.uk,http://news.bbc.co.uk/2/hi/middle_east/7838598.stm
2009-01-19,17:36:09,7qrue,435,Australian jailed for three years for 'insulting' the Thai monarchy in a novel which has sold seven copies.,news.bbc.co.uk,http://news.bbc.co.uk/2/hi/asia-pacific/7836854.stm
2009-01-20,00:42:09,7quhr,418,"[PIC] who wants to ""wipe off the face of the earth"" whom",flickr.com,http://www.flickr.com/photos/karltra/3205238751/sizes/o/in/set-72157612704527048/
2009-01-20,04:03:02,7qw6p,280,"In NPR interview, ex-CIA operative Bob Baer declares that ""Of course Bin-Laden is dead"".  Starts at 34:18. [audio]",npr.org,http://www.npr.org/templates/player/mediaPlayer.html?action=1&t=1&islist=false&id=95285396&m=95285778
2009-01-19,17:28:37,7qrt3,230,"Eight identical letters to the editor, cheering Israel's side.  Four different authors. One place of employment. ",antiwar.com,http://www.antiwar.com/blog/2009/01/04/they-lob-chutzpah-bombs-too/
2009-01-19,16:13:53,7qrfy,186,"Robert Fisk: So, I asked the UN secretary general, isn't it time for a war crimes tribunal for Israel?",independent.co.uk,http://www.independent.co.uk/opinion/commentators/fisk/robert-fisk-so-i-asked-the-un-secretary-general-isnt-it-time-for-a-war-crimes-tribunal-1419289.html
2009-01-19,14:43:02,7qqzt,173,"Olmert boasts about ordering Bush, Rice to vote against U.N. 1860",jpost.com,http://www.jpost.com/servlet/Satellite?cid=1231760642497&pagename=JPost%2FJPArticle%2FShowFull
2009-01-19,04:37:01,7qnwc,156,A consumer guide to Israeli products in the US. Use this site to identify Israeli products likely to be available in retail stores in your market area.,buyisraelgoods.org,http://www.buyisraelgoods.org/
2009-01-19,12:30:01,7qq7z,138,"Israel forms 'army of bloggers' to combat anti-Zionist Websites and represent Israel in ""anti-Zionist blogs"" in English, French, Spanish and German",haaretz.com,http://www.haaretz.com/hasen/spages/1056648.html
2009-01-19,13:03:37,7qqdy,132,Norman Finkelstein: Photos from Holocaust Juxtaposed with Photos from Gaza,normanfinkelstein.com,http://www.normanfinkelstein.com/article.php?pg=11&ar=2510
2009-01-20,02:10:09,7qv9e,83,Norwegian doctor: Some Palestinian casualties in the Gaza Strip were wounded by a new type of weapon that even doctors with previous experience in war zones do not recognize ,haaretz.com,http://www.haaretz.com/hasen/pages/ShArt.jhtml?itemNo=1056649
2009-01-20,00:51:45,7qukf,81,Boycott Israel! Irish find creative way to rebrand Starbucks,eirigi.org,http://www.eirigi.org/latest/latest180109.html
2009-01-19,19:30:57,7qsff,80,Amazing genetic map of Europe; genes correspond extremely well to geographic location,scienceblogs.com,http://scienceblogs.com/gnxp/2008/08/genetic_map_of_europe_genes_va.php
2009-01-20,02:49:02,7qvkg,71,If Americans Knew: What Every American Needs to Know about Israel/Palestine,ifamericansknew.org,http://www.ifamericansknew.org/
2009-01-19,19:27:46,7qsem,66,How Palestine Became Israel,ifamericansknew.org,http://ifamericansknew.org/history/ref-nakba.html
2009-01-20,06:40:12,7qxey,64,"British Prime Minister Gordon Brown: ""Israel killed ""too many"" civilians"" - How many's too many, Brownie? Twenty? Twenty-two? Just so Israel knows, you know, for next time. ",bloomberg.com,http://bloomberg.com/apps/news?pid=20601102&sid=ai9yQ8Yv.1jk&refer=usa
2009-01-20,00:25:20,7qucm,57,A human-rights lawyer in prominent Chechnya cases shot dead in Moscow,denverpost.com,http://www.denverpost.com/nationworld/ci_11489882
2009-01-20,04:58:03,7qwmc,45,Who Will Save the Palestinians? ( Excellent article by Mark Levine ),english.aljazeera.net,http://english.aljazeera.net/focus/war_on_gaza/2009/01/2009119102548942367.html
2009-01-19,14:25:35,7qqwa,44,"Israeli AF Pilot: ""I would rate the success of our missions very highly in terms of the results and effects of the strikes. [Gaza] isn't a war; in terms of air power, it's not even an operation"" ",haaretz.com,http://www.haaretz.com/hasen/spages/1056279.html
2009-01-20,03:35:52,7qvz2,44,How American News Media Works in Favor of Israel ( 2 of 3 ),youtube.com,http://www.youtube.com/watch?v=1kHN0oPwBtk
2009-01-19,14:26:02,7qqwg,46,"White phosphorus: ""The patient came back smoking""",electronicintifada.net,http://electronicintifada.net/v2/article10211.shtml
2009-01-20,00:32:27,7quf4,40,"By now, any Palestinian knows that it doesn't matter what you do, Israel will try to kill you [Gaza]",leninology.blogspot.com,http://leninology.blogspot.com/2009/01/gaza-was-there-winner.html
2009-01-20,07:09:28,7qxmr,30,"Philippines: Peasant leaders, environmental campaigners and student activists are being murdered by mysterious death squads who appear to have close links to the army.",telegraph.co.uk,http://www.telegraph.co.uk/news/worldnews/asia/philippines/4284599/900-people-killed-in-Philippines-by-mysterious-death-squads.html
2009-01-19,15:50:20,7qrbx,31,Black Death 'kills al-Qaeda operatives in Algeria',telegraph.co.uk,http://www.telegraph.co.uk/news/worldnews/africaandindianocean/algeria/4287469/Black-Death-kills-al-Qaeda-operatives-in-Algeria.html
2009-01-19,20:30:58,7qspq,26,Bomb Attack at School [PICS],rebelion.org,http://www.rebelion.org/noticia.php?id=79269
2009-01-20,06:42:28,7qxfo,21,Al Qaeda hit by Black Death fear as medieval plague kills 40  terrorists at training camp,dailymail.co.uk,http://www.dailymail.co.uk/news/worldnews/article-1121842/Al-Qaeda-hit-Black-Death-fear-medieval-plague-kills-40-terrorists-training-camp.html?ITO=1490
2009-01-20,03:40:32,7qw0j,14,Gaza: The Killing Zone; this is from 2003,youtube.com,http://www.youtube.com/watch?v=l0aEo59c7zU
2009-01-19,14:26:59,7qqwm,18,"Brown, Sarkozy, Merkel, Berlusconi, and Zapatero show up in Jerusalem, kiss and hug Olmert, pledge to work to prevent Hamas from rearming, and not one of them condemns Israel for the atrocities ",haaretz.com,http://www.haaretz.com/hasen/spages/1056633.html
2009-01-20,02:19:17,7qvci,16,A UK researcher has found evidence that the Ancient Persians used chemical warfare against the Romans,news.bbc.co.uk,http://news.bbc.co.uk/1/hi/sci/tech/7837826.stm
