2009-07-04,11:30:29,8y306,360,"Hey Reddit, I have a 1947 world altas. I wonder if it can teach us anything about peace in the Middle East? [pic]",pix.halfwit.com,http://pix.halfwit.com/e/n/i/palestine.jpg
2009-07-04,00:03:57,8xy9m,274,"Israel has taken everything away from the Palestinians, now in a new PR move they're claiming the White House is being unfair asking them to end settlement expansion claiming the Palestinians are not making any concessions, what concessions could they possibly make?",news.antiwar.com,http://news.antiwar.com/2009/07/02/israel-again-rejects-total-settlement-freeze/
2009-07-05,02:28:46,8y7s5,91,North Korea Launches 7 Missiles Off Its East Coast,washingtonpost.com,http://www.washingtonpost.com/wp-dyn/content/article/2009/07/04/AR2009070400061_pf.html
2009-07-04,13:29:57,8y3ly,84,"Operation Ore may have left a scar on British justice: Scores of the men caught may not be paedophiles, but victims of identity theft",telegraph.co.uk,http://www.telegraph.co.uk/comment/personal-view/5587354/Has-Operation-Ore-left-a-scar-on-British-justice.html
2009-07-04,16:05:42,8y4eg,78,Armed Israeli 'settlers' take over Mosque in Hebron for 'half hour of Jewish prayers'. The IDF (most moral army in the world) fearing for the safety of these armed thugs stood by in guard.,imemc.org,http://www.imemc.org/article/21860
2009-07-05,01:26:12,8y7dz,23,"Witness: Overwhelmed Iranian hopsital staff, Iranian police confiscating bodies in trucks",internationalpost.wordpress.com,http://internationalpost.wordpress.com/2009/06/24/280/
2009-07-05,01:20:46,8y7ck,23,McKinney refuses to sign document to win release,ajc.com,http://www.ajc.com/metro/content/metro/dekalb/stories/2009/07/04/mckinney_israel.html
2009-07-05,07:34:00,8y9cf,19,This is Cynthia McKinney and I’m speaking from an Israeli prison cellblock in Ramle ,thetruthseeker.co.uk,http://www.thetruthseeker.co.uk/article.asp?ID=11018
2009-07-04,12:40:25,8y3cx,16,IRAN- Protests in Kashan University ,youtube.com,http://www.youtube.com/watch?v=Uc6lzDSO1HU
2009-07-05,06:46:15,8y95k,15,Key leaders of Honduras military coup trained in U.S.,southernstudies.org,http://www.southernstudies.org/2009/06/key-leaders-of-honduras-military-coup-trained-in-us.html
2009-07-04,12:38:17,8y3ch,16,Help Protesters in Iran: Run a TOR Bridge or a TOR Relay!,eff.org,http://www.eff.org/deeplinks/2009/06/help-protesters-iran-run-tor-relays-bridges
2009-07-05,04:09:07,8y8c8,15,US-backed Colombian soldiers execute innocent for cash,waronyou.com,http://waronyou.com/forums/index.php?topic=10193.0
2009-07-04,13:49:19,8y3p4,15,NKorea fires 3 missiles off east coast,washingtonpost.com,http://www.washingtonpost.com/wp-dyn/content/article/2009/07/03/AR2009070300580.html?referrer=reddit
2009-07-05,05:14:36,8y8po,12,"""We did it in Saddam's palace and I can think of nothing better. That S.O.B. is rolling over in his grave right now,"" Biden said of the former Iraqi dictator during a naturalization ceremony for U.S. troops in Iraq. ",edition.cnn.com,http://edition.cnn.com/2009/WORLD/meast/07/04/iraq.biden/index.html
2009-07-05,00:21:27,8y6z7,11,AIPAC propagandist Dennis Ross moves over to the National Security Council,america-hijacked.com,http://america-hijacked.com/2009/07/01/the-aipac-propagandist-dennis-ross-moves-over-to-the-national-security-council/
2009-07-05,07:04:23,8y989,10,G8 Protest Turns Violent,english.aljazeera.net,http://english.aljazeera.net/news/europe/2009/07/200974203952423988.html
2009-07-05,00:29:10,8y719,8,"Iran election ""crisis"": Much ado about nothing?",dissidentvoice.org,http://dissidentvoice.org/2009/07/much-ado-about-nothing/
2009-07-05,02:39:41,8y7uh,9,Russia to allow US arms shipments to Afghanistan,google.com,http://www.google.com/hostednews/ap/article/ALeqM5i0xBv8YQwWSZqAQgjd42RCvU1uEAD99745A00
2009-07-04,23:50:43,8y6sk,7,"Interview with Adie Mormech of Free Gaza from 
Israel Prison",freegaza.org,http://www.freegaza.org/en/home/56-news/985-interview-from-a-kidnapped-passenger-adie-mormech-prison-cell-givon-jail-ramle-israel
2009-07-04,12:37:33,8y3cb,7,EU resolve hardens as British workers face Iran show trial after the regime said that they had admitted conspiring against the Islamic Republic,timesonline.co.uk,http://www.timesonline.co.uk/tol/news/world/middle_east/article6633790.ece
2009-07-05,04:26:34,8y8gk,9,Yup - Bahrain did make a state visit to Israel ,elderofziyon.blogspot.com,http://elderofziyon.blogspot.com/2009/07/yup-bahrain-did-make-state-visit-to.html
2009-07-05,02:49:23,8y7wb,6,North Korea Fires 7 Missiles Off Eastern Coast  ,foxnews.com,"http://www.foxnews.com/story/0,2933,530004,00.html"
2009-07-05,04:20:59,8y8f4,5,Iran hangs 20 drug traffickers in one day - IRNA | Herald Sun,news.com.au,"http://www.news.com.au/heraldsun/story/0,21985,25735488-5005961,00.html"
2009-07-05,04:37:57,8y8ih,4,"Jordan's identity crisis 
An important article was published in Al Quds this week, reprinted from Al Jazeera, that uncovers the problems that Jordan has with its Palestinian Arab population that rarely gets any Western coverage. Here is my translation:
 
",elderofziyon.blogspot.com,http://elderofziyon.blogspot.com/2009/07/jordans-identity-crisis.html
2009-07-05,05:27:58,8y8s6,7,"Welcome to an inhuman country. Church, intellectuals and human rights organizations against the racist security decree in Italy, but Berlusconi government doesn't care",inaltreparole.net,http://inaltreparole.net/en/resistance/immigration040709.html
2009-07-05,02:45:52,8y7vo,6,African leaders denounce International Criminal Court,etaiwannews.com,http://www.etaiwannews.com/etn/news_content.php?id=994620&lang=eng_news&cate_img=logo_world&cate_rss=WORLD_eng
2009-07-04,21:50:20,8y64k,6,Hardline Iran editor calls for Mousavi to face trial,reuters.com,http://www.reuters.com/article/swineFlu/idUSL446595220090704?feedType=RSS&feedName=swineFlu&virtualBrandChannel=10521
2009-07-05,00:04:08,8y6vm,3,Israel pisses on Britain ( again ),dissidentvoice.org,http://dissidentvoice.org/2009/07/israel-pisses-on-britain-again/
2009-07-04,17:03:22,8y4oy,4,Myanmar denies U.N. chief a visit with Suu Kyi  - CNN.com,edition.cnn.com,http://edition.cnn.com/2009/WORLD/asiapcf/07/04/myanmar.suukyi.ban/
2009-07-04,14:24:18,8y3vc,6,"U.S. Top Polluter Per Capita, says survey of G8 countries’ efforts on clean energy and reducing pollution",celsias.com,http://www.celsias.com/article/us-top-polluter-capita-g8-survey-says/
