2009-08-18,21:35:01,9bp9u,525,"Huckabee: there is no room for a Palestinian state ""in the middle of the Jewish homeland"" and Israel should be able to build settlements wherever it wants. (AIPAC take out your 2012 checkbooks)",google.com,http://www.google.com/hostednews/ap/article/ALeqM5ik3FeeyI7bBJ_dR-u6FLPnuMbb0gD9A5905O0
2009-08-18,05:49:33,9bi2a,383,"Cheeky Ontario residents protest U.S. surveillance balloon. ""About 300 people dropped their drawers Saturday to give a balloon with a surveillance camera trolling the Canada-U.S. border a piece of their derriere.""",canada.com,http://www.canada.com/technology/Residents+expected+moon+surveillance/1897434/story.html
2009-08-18,22:36:41,9bpwq,347,"Right to rape: is that what the British Army is fighting for? To allow Afghan men to continue unpleasant habits such as withholding food from their wives, insisting on sex and imprisoning them in their own home?",timesonline.co.uk,http://www.timesonline.co.uk/tol/comment/columnists/melanie_reid/article6799629.ece
2009-08-19,02:28:43,9bsr4,70,Car Seizure Law Used to Take Bike from Little Girl,thenewspaper.com,http://www.thenewspaper.com/news/28/2867.asp
2009-08-18,14:22:23,9bm1a,64,Scientists show that DNA evidence can be fabricated,cbsnews.com,http://www.cbsnews.com/stories/2009/08/17/tech/main5248133.shtml
2009-08-18,20:54:08,9box5,45,9 year old girl who lost her purse on a Ryanair flight is forced to give away a quarter of her pocket money for its return - miserable bastards!,belfasttelegraph.co.uk,http://www.belfasttelegraph.co.uk/news/local-national/girl-9-forced-to-pay-euro10-to-get-lost-purse-back-14456509.html
2009-08-18,20:18:01,9bomt,36,"'The Israeli side of the wall is painted with the image of the countryside beyond  – but without the Palestinian town, depicting just nature, grass and trees. Is this not ethnic cleansing at its purest?' - Slavoj Zizek",guardian.co.uk,http://www.guardian.co.uk/commentisfree/2009/aug/18/west-bank-israel-settlers-palestinians
2009-08-19,04:11:51,9btwi,31,The Secrets of China's Economy: The Government Owns the Banks rather than the Reverse,globalresearch.ca,http://www.globalresearch.ca/index.php?context=va&aid=14819
2009-08-19,00:01:39,9bqwt,33,Lance Armstrong has brought Scottish traffic to a standstill after more than 200 cyclists answered his Twitter invitation for a casual bike ride.,nbcsports.msnbc.com,http://nbcsports.msnbc.com/id/32460683/ns/sports-other_sports/
2009-08-19,03:51:17,9btoo,27,Azerbaijanis in Eurovision probe – A number of people in Azerbaijan who voted for a song by neighbouring Armenia in the Eurovision Song Contest have been questioned by the police.,news.bbc.co.uk,http://news.bbc.co.uk/2/hi/europe/8205907.stm
2009-08-19,01:44:32,9bs8a,28,Mike Huckabee said Tuesday there should be no Palestinian state in the West Bank and endorsed Israeli settlements there...,news.yahoo.com,http://news.yahoo.com/s/ap/20090818/ap_on_re_mi_ea/ml_israel_us;_ylt=AjoKPGXfSr41dQRDROOkzz0DW7oF
2009-08-18,17:38:15,9bnj4,18,U.S. troops could be forced by Iraqi voters to withdraw a year ahead of schedule under a referendum the Iraqi government backed Monday.,washingtonpost.com,http://www.washingtonpost.com/wp-dyn/content/article/2009/08/17/AR2009081700949_pf.html
2009-08-18,17:30:12,9bnh5,17,"Hundreds of gay men have been tortured and killed in Iraq in recent months, some by the nation's security forces, Human Rights Watch said today.",cnn.com,http://www.cnn.com/2009/WORLD/meast/08/17/iraq.homosexual.killings/index.html
2009-08-18,20:34:47,9borh,17,"South Korea launching first satellite with Russian help. Interestingly, the US tried to prevent the Russians from sharing rocket technology with S. Korea.",washingtonpost.com,http://www.washingtonpost.com/wp-dyn/content/article/2009/08/17/AR2009081702913_pf.html
2009-08-19,06:29:02,9bv8x,17,"Afghanistan: Growing resistance to the ‘40-year war’...The US military has admitted that the Afghan resistance is spreading across the country. The US military is now demanding an extra 45,000 troops, on top of the 62,000 it currently has in Afghanistan.",uruknet.com,http://www.uruknet.com/?p=m57040&hd=&size=1&l=e
2009-08-19,01:02:24,9brpa,19,Nigeria nearing 'a failed state',news.bbc.co.uk,http://news.bbc.co.uk/2/hi/africa/8207736.stm
2009-08-18,08:45:26,9bjid,12,The Khan airport story was a fabrication to promote his upcoming movie about profiling of muslims.,cbc.ca,http://www.cbc.ca/arts/film/story/2009/08/17/khan-outrage-detained.html
2009-08-18,22:00:21,9bpit,11,Russian navy arrests 8 in ship hijacking,cbc.ca,http://www.cbc.ca/world/story/2009/08/18/hijacked-ship-russian018.html?ref=rss
2009-08-19,05:10:48,9buhw,11,Former South Korean President and Nobel Prize Winner Kim Dae-Jung dies today at the age of 85,news.yahoo.com,http://news.yahoo.com/s/ap/20090818/ap_on_re_as/as_skorea_obit_kim
2009-08-18,10:13:49,9bk4n,4,"How banks make money from you

Banks and building societies are posting record profit margins on mortgages, loans and overdraft interest rates, hitting consumers at a time they can afford it the least. ",decesuntromaniiceimaitari.blogspot.com,http://decesuntromaniiceimaitari.blogspot.com/2009/08/how-banks-make-money-from-you.html
2009-08-18,15:46:51,9bmpe,7,"The recent closure of 32 privately owned radio stations and a proposed law to punish ""media crimes"" are signs that Venezuelan President Hugo Chavez is moving to quash criticism of his government.",cnn.com,http://www.cnn.com/2009/WORLD/americas/08/18/venezuela.radio/index.html
2009-08-18,15:36:02,9bmmx,5,Deadly accident at Russia's largest hydroelectric power plant,youtube.com,http://www.youtube.com/watch?v=4TAR5k61i9U&feature=channel_page
2009-08-19,05:27:39,9bunw,7,Pimp My Ostrich--sustainability through wildlife ranching,slate.com,http://www.slate.com/id/2225607/entry/0
2009-08-18,17:57:53,9bnnz,6,Taliban’s latest threat: cutting off noses and ears to anyone who dares voting,heraldmalaysia.com,http://www.heraldmalaysia.com/news/storydetails.php/Taliban%E2%80%99s-latest-threat:-cutting-off-noses-and-ears-to-anyone-who-dares-voting/2165-1-1
2009-08-18,20:47:39,9boux,6,Richard Stallman talks to the Pirate Party UK,pirateparty.org.uk,http://pirateparty.org.uk/blog/2009/aug/18/rms-talks-pirate-party-uk/
2009-08-18,13:00:00,9ble8,3,Russian Navy finds Arctic Sea (the ship that had gone missing) and 300 miles from Cape Verde Islands,english.aljazeera.net,http://english.aljazeera.net/news/europe/2009/08/200981713582446598.html
2009-08-18,15:24:03,9bmjh,5,Former S Korea President Kim dies at 83,news.bbc.co.uk,http://news.bbc.co.uk/2/hi/asia-pacific/8206490.stm
2009-08-18,09:08:12,9bjnw,2,"Human Rights Watch: Hundreds of Gays Executed 
in Iraq Since '04",towleroad.com,http://www.towleroad.com/2009/08/human-rights-watch-hundreds-of-gays-executed-in-iraq-since-04.html
2009-08-19,07:21:43,9bvpd,1,An Azeri man said Tuesday he had been asked by the authorities to explain why he voted for the entry of arch-rival Armenia in this year's Eurovision Song Contest.,reuters.com,http://www.reuters.com/article/worldNews/idUSTRE57H41C20090818
2009-08-19,02:39:46,9bsv8,2,More than 60 people are still missing after a fatal accident at one of Russia's largest hydro-power plants (Video),reuters.com,http://www.reuters.com/news/video?videoId=109863&videoChannel=1
