2009-11-12,07:24:24,a3fhs,630,"Christian janitor rises above the barriers of caste, creed and sectarian terrorism and gives his life to save Muslim university students in Pakistan.",cnn.com,http://www.cnn.com/2009/WORLD/asiapcf/11/11/pakistan.hero/index.html
2009-11-12,22:51:34,a3nd1,616,WHAT?!  Afghanistan is so rife with corruption that the US is basically funding the very people they're fighting!  We're talking obscene amounts of money!,democracynow.org,http://www.democracynow.org/2009/11/12/taliban
2009-11-12,06:36:57,a3f30,347,A 575-page blistering report by Justice Richard Goldstone detailing war crimes in Gaza last December is refusing to die despite an aggressive Israeli smear campaign to kill it. The report...received overwhelming support Thursday in the 192-member General Assembly.,ipsnews.net,http://www.ipsnews.net/news.asp?idnews=49161
2009-11-12,13:38:40,a3in1,34,"As the US caves in to Israeli demands on settlements and breaks the promises given in Cairo, the Economist wonders, is Israeli political jewjitsu just too strong for Obama? ",economist.com,http://www.economist.com/world/middleeast-africa/displaystory.cfm?story_id=14816791&fsrc=rss
2009-11-13,05:03:31,a3rux,29,UN Official: ‘Penalize Israel Over Gaza’ ,waronyou.com,http://waronyou.com/topics/un-official-%e2%80%98penalize-israel-over-gaza%e2%80%99/
2009-11-12,22:34:42,a3n5g,26,A prominent Chinese dissident says he has been stuck in limbo at Tokyo airport for nine days because China refuses to let him return home.,news.bbc.co.uk,http://news.bbc.co.uk/2/hi/asia-pacific/8356637.stm
2009-11-12,09:49:24,a3god,18,"Dublin, Ireland brought to standstill. 70,000 blast government for targeting ordinary people for the rich",irishcentral.com,http://www.irishcentral.com/news/70000-people-bring-Dublin-to-standstill-in-day-of-protest-69396057.html
2009-11-12,14:03:10,a3ivh,20,"...the rational solution is to take the drug market back from the unregulated anarchy of criminal gangs, and transfer it to pharmacists, off-licences, and doctors who operate in the legal economy.",independent.co.uk,http://www.independent.co.uk/opinion/commentators/johann-hari/johann-hari-accept-the-facts-ndash-and-end-this-futile-war-on-drugs-1818167.html
2009-11-13,01:16:25,a3p9q,17,US Military use of torture and terror: 1900 - Present,futurenewstoday.blogspot.com,http://futurenewstoday.blogspot.com/2009/11/us-military-use-of-torture-and-terror.html
2009-11-13,04:42:34,a3rmw,14,"Roberts propositioned the ""girl"", unaware he was chatting to his wife, the court was told. ",news.bbc.co.uk,http://news.bbc.co.uk/1/hi/wales/8357454.stm
2009-11-12,20:31:00,a3lxp,12,"Human Rights Watch: China's Secret “Black Jails” 
Hide Severe Rights Abuses",hrw.org,http://www.hrw.org/en/news/2009/11/02/china-secret-black-jails-hide-severe-rights-abuses
2009-11-12,16:25:14,a3k2d,11,Swine flu deaths in Europe doubling by the week,washingtonpost.com,http://www.washingtonpost.com/wp-dyn/content/article/2009/11/11/AR2009111126675.html?wprss=rss_health
2009-11-12,23:35:40,a3nxl,12,Medvedev calls for economic reform - standing a bit further from Putin,news.bbc.co.uk,http://news.bbc.co.uk/2/hi/europe/8356122.stm
2009-11-12,18:28:41,a3l0a,7,Apartheid in Israel: 21-year-old Palestinian female student in Bethlehem University was deported two weeks ago to Gaza. ,news.bbc.co.uk,http://news.bbc.co.uk/2/hi/middle_east/8356103.stm
2009-11-12,15:41:51,a3jq7,10,"UK: Gang beats up Leicester student who came to 
aid of girl wearing headscarf",thisisleicestershire.co.uk,http://www.thisisleicestershire.co.uk/news/Gang-beats-Leicester-student-came-aid-girl/article-1502301-detail/article.html
2009-11-12,19:39:06,a3ljh,6,Tuna in peril as catches reach triple the limit ,newscientist.com,http://www.newscientist.com/article/mg20427344.400-tuna-in-peril-as-catches-reach-triple-the-limit.html?DCMP=OTC-rss&nsref=online-news
2009-11-12,21:35:23,a3mi2,5,"Report criticises excessive use of dementia drugs: Overall in the UK, 180,000 people with dementia are on anti-psychotic drug, with only around 36,000 getting any benefit",independent.co.uk,http://www.independent.co.uk/life-style/health-and-families/health-news/report-criticises-excessive-use-of-dementia-drugs-1819368.html
2009-11-12,22:07:58,a3mv9,9,Six-year limit on DNA retention of innocents,news.bbc.co.uk,http://news.bbc.co.uk/1/hi/uk_politics/8354850.stm
2009-11-12,19:09:03,a3lbr,8,"A campaign in Extremadura (Spain) ""The pleasure is in your hands"" is said to consist of masturbation workshops for teenagers. Controversy raises because it is considered a waste of money. ",typicallyspanish.com,http://www.typicallyspanish.com/news/publish/article_23870.shtml
2009-11-12,22:23:45,a3n1m,5,N.Korea warns South it will pay for clash,canada.com,http://www.canada.com/news/story.html?id=2214181
2009-11-12,21:46:04,a3mmc,7,All new UK nurses must have degree under new rules in the biggest shake-ups of medical education in the history of the NHS,timesonline.co.uk,http://www.timesonline.co.uk/tol/life_and_style/health/article6913368.ece
2009-11-12,23:22:42,a3ns3,5,Mr. Splashy Pants whale could soon be safe: End of Japanese whale hunting in sight,self.worldnews,https://www.reddit.com/r/worldnews/comments/a3ns3/mr_splashy_pants_whale_could_soon_be_safe_end_of/
2009-11-13,01:43:33,a3pl5,5,Blogger Yoani Sanchez assaulted by Cuban security agents.,globalpost.com,http://www.globalpost.com/dispatch/cuba/091111/yoani-sanchez-vs-the-state
2009-11-13,00:44:43,a3ouw,3,"An exercise called White Noise, in which the ""public switched telephone network"" is disabled, is being simulated by Whitehall, in London, to test the response of government and the communications industry to such an emergency.",news.bbc.co.uk,http://news.bbc.co.uk/1/hi/magazine/8355504.stm
2009-11-12,23:01:47,a3nhp,3,Think Americans are clueless? Just take a look at how Pakistanis respond to Islamic terror.,blog.dawn.com,http://blog.dawn.com/2009/11/12/a-nation-of-sleepwalkers/
2009-11-13,00:27:29,a3omi,5,"Interesting Read:  State of the  World's Vaccines and Immunizations, 2009",cfr.org,http://www.cfr.org/publication/20728/state_of_the_worlds_vaccines_and_immunizations_2009.html
2009-11-12,22:06:46,a3muo,4,"Australian PM, Kevin Rudd. refuses to buckle on refusal to sell uranium to India ",theaustralian.com.au,http://www.theaustralian.com.au/politics/kevin-rudd-refuses-to-buckle-on-refusal-to-sell-uranium-to-india/story-e6frgczf-1225797003668
2009-11-12,20:32:45,a3ly7,3,It's easy imagine a lot of problems hindering Russia's development. Having too many time zones is not one of them,trueslant.com,http://trueslant.com/juliaioffe/2009/11/12/medvedev-its-just-a-matter-of-time-zones/
2009-11-12,11:06:32,a3had,4,Study Claims Even the Most Sophisticated News Readers Can Be Manipulated,alternet.org,http://www.alternet.org/media/143831/study_claims_even_the_most_sophisticated_news_readers_can_be_manipulated
2009-11-13,00:39:36,a3os4,1,Global Oil Demand Returns to Growth - IEA - NYTimes.com,nytimes.com,http://www.nytimes.com/reuters/2009/11/12/business/business-uk-iea.html?_r=1
