2009-02-19,01:07:32,7ye4y,829,"We are all extremists now - ""The government is criminalising legitimate dissent under the guise of fighting 'extremism', a word for which it has no definition.""",guardian.co.uk,http://www.guardian.co.uk/commentisfree/2009/feb/16/extremism-arrests-police-liberty-central
2009-02-19,21:34:46,7ymte,639,"Oh, Canada. “When statements are said that God probably does not exist, this is an implied statement of hatred towards all those who do believe that God exists.”",metronews.ca,http://www.metronews.ca/ottawa/local/article/184222
2009-02-19,14:46:18,7ykh5,490,Giant rat caught in China ,telegraph.co.uk,http://www.telegraph.co.uk/news/worldnews/asia/china/4688453/Giant-rat-caught-in-China.html
2009-02-20,01:05:14,7yos2,265,Cousin of 9/11 Hijacker Arrested as Israeli Spy,nytimes.com,http://www.nytimes.com/2009/02/19/world/middleeast/19lebanon.html?_r=1&hp
2009-02-19,19:11:32,7ylxv,168,Liberty's death by a thousand cuts.,guardian.co.uk,http://www.guardian.co.uk/commentisfree/libertycentral/2009/feb/19/civil-liberties-terrorism
2009-02-19,13:35:09,7yk0l,149,Laid-Off Foreigners Flee as Dubai Spirals Down,nytimes.com,http://www.nytimes.com/2009/02/12/world/middleeast/12dubai.html?ref=world
2009-02-19,10:36:25,7yiw1,123,Dolphins ask for human help.,dailymail.co.uk,http://www.dailymail.co.uk/news/worldnews/article-1147687/Dolphin-stays-days-mate-wounded-shark-attack--escorting-humans-help.html
2009-02-19,22:53:10,7ynfd,49,"Grade 4 assignment: Imagine you have three spaces in a rocket ship and you have to decide which person to save: an Acadian francophone, a Chinese person, a black African, an English person and an aboriginal person.",cbc.ca,http://www.cbc.ca/canada/new-brunswick/story/2009/02/18/nb-homework-project.html
2009-02-19,09:39:21,7yiit,47,Cousin of 9/11 hijacker arrested spying for Israel,nytimes.com,http://www.nytimes.com/2009/02/19/world/middleeast/19lebanon.html?hp
2009-02-20,00:51:44,7yomm,34,The mystery of Ireland's worst driver,news.bbc.co.uk,http://news.bbc.co.uk/2/hi/uk_news/northern_ireland/7899171.stm
2009-02-20,00:40:45,7yoim,33,US congressmen express shock at Gaza devastation,rawstory.com,http://rawstory.com/news/afp/US_congressmen_express_shock_at_Gaz_02192009.html
2009-02-19,16:54:30,7yl6e,32,Iraqi shoe thrower's trial begins with cheers,edition.cnn.com,http://edition.cnn.com/2009/WORLD/meast/02/19/iraq.shoe.thrower/index.html
2009-02-19,22:28:13,7yn77,28,A woman who had steel plates inserted into her back managed to smuggle a gun and explosives into a maximum security prison to help two inmates escape.,telegraph.co.uk,http://www.telegraph.co.uk/news/worldnews/europe/france/4696708/Woman-smuggled-explosives-into-French-top-security-prison.html
2009-02-20,03:21:58,7yq30,25,Poll: Swedes say no bailout for Saab,upi.com,http://www.upi.com/Business_News/2009/02/19/Poll_Swedes_favor_no_help_for_Saab/UPI-96791235069788/
2009-02-19,09:39:56,7yij0,25,Israel Says It Will Unseal Gaza Only if Soldier Is Freed ,nytimes.com,http://www.nytimes.com/2009/02/19/world/middleeast/19mideast.html
2009-02-20,00:59:54,7yoq4,22,"Sweden Warns Israeli Taekwondo Team to Stay Home Because 10,000 Muslims Have Threatened to Attack Them.....",islamineurope.blogspot.com,http://islamineurope.blogspot.com/2009/02/sweden-israeli-taekwondo-team-stays.html
2009-02-19,16:39:51,7yl3l,21,European cocaine prices dropping like a stone ,news.bbc.co.uk,http://news.bbc.co.uk/2/hi/europe/7898087.stm
2009-02-20,00:58:42,7yopo,19,Zimbabwe starts paying soldiers and other government workers in US dollars,guardian.co.uk,http://www.guardian.co.uk/world/2009/feb/19/zimbabwe-inflation-tsvangirai
2009-02-19,22:18:49,7yn4j,19,"""The people who stayed here did not immigrate here. This is our country. This state came here and was enforced on the ruins of my nation."" -Azmi Bishara, an Arab Israeli and former member of the Knesset",newsweek.com,http://www.newsweek.com/id/184765
2009-02-19,11:29:56,7yj84,17,Israel:  Police want to question Israeli extremist and future government minister Lieberman over alleged massive fraud.,haaretz.com,http://www.haaretz.com/hasen/spages/1065358.html
2009-02-19,16:26:05,7yl0x,15,Sweden accepts ex-Guantanamo inmate,news.bbc.co.uk,http://news.bbc.co.uk/2/hi/asia-pacific/7897494.stm
2009-02-20,02:42:33,7ypp1,13,"Saudi Arabia cabinet reshuffle. Norah al-Faiz becomes first female minister. She still can't drive to work, though.",cnn.com,http://www.cnn.com/2009/WORLD/meast/02/16/saudi.female.modernization/
2009-02-19,13:09:27,7yjur,14,GM Says It's the End for Saturn,thecollegedriver.com,http://www.thecollegedriver.com/posts/353-GM-Says-It-s-the-End
2009-02-19,19:12:08,7yly3,13,China concerned after Russia fires on ship,news.com.au,"http://www.news.com.au/dailytelegraph/story/0,22049,25080447-5001028,00.html"
2009-02-19,08:15:50,7yhxp,13,AIDS becomes China's deadliest infectious disease,wtop.com,http://www.wtop.com/?nid=385&sid=1604399
2009-02-20,02:09:27,7ype3,9,US privately backs Pakistan's 'Sharia law for peace' deal,telegraph.co.uk,http://www.telegraph.co.uk/news/worldnews/asia/pakistan/4681480/US-privately-backs-Pakistans-Sharia-law-for-peace-deal-with-Taliban.html
2009-02-20,00:23:56,7yobp,11,Russia plotted against U.S. on Kyrgyzstan base eviction,upi.com,http://www.upi.com/Security_Industry/2009/02/19/Russia_plotted_against_US_on_Manas_base_eviction/UPI-95461235058359/
2009-02-20,04:58:56,7yqzz,10,IAEA report adds weight to claims that Israel destroyed a Syrian secret reactor.,guardian.co.uk,http://www.guardian.co.uk/world/2009/feb/19/syria-israel-nuclear-reactor-missiles
2009-02-20,05:19:13,7yr5q,7,Something U.S. Media wont show: The Palestinian Perspective,youtube.com,http://www.youtube.com/watch?v=oSkevV-CoO4
2009-02-20,02:48:06,7ypqs,8,Russian court has acquitted three men accused of aiding the murder of investigative journalist Anna Politkovskaya,news.bbc.co.uk,http://news.bbc.co.uk/2/hi/europe/7899472.stm
