2009-12-27,14:56:17,aiuiq,336,China has overtaken Japan to become the world's second-biggest economy,telegraph.co.uk,http://www.telegraph.co.uk/finance/economics/6890189/Chinese-economy-overtakes-Japan.html
2009-12-27,20:44:53,aiw3r,117,Venezuela's Chavez threatened to expel Toyota unless it produces an all-terrain 4x4 vehicles for public transport in poor and rural areas,money.cnn.com,http://money.cnn.com/2009/12/25/news/international/toyota_venezuela.reut/index.htm
2009-12-28,02:31:53,aiybm,94,"Why was he ever allowed to fly? Syringe bomber had been barred from Britain, was on a terror list and even his father had warned U.S.",dailymail.co.uk,http://www.dailymail.co.uk/news/article-1238574/Aircraft-passengers-face-heightened-security-measures-emerges-London-educated-syringe-bomber-Flight-253-exploited-loophole.html
2009-12-28,00:32:37,aixgt,87,"Iran protests leave nine dead, reports claim",guardian.co.uk,http://www.guardian.co.uk/world/2009/dec/27/nine-dead-iran-protests
2009-12-27,10:37:15,ait3z,81,"Knut Haugland, the last surviving member of the 1947 Kon-Tiki raft expedition, has died in Norway.",abc.net.au,http://www.abc.net.au/news/stories/2009/12/27/2781147.htm?section=justin
2009-12-28,06:55:11,aj01g,77,National Iranian Armed Resistance Forces (NIRU) declares their existance in Iran - Statement,fto.co.za,http://fto.co.za/news/national-iranian-armed-resistance-forces-niru-declares-their-existance-iran-statement-16106
2009-12-27,23:19:43,aiwxg,61,Iranian Opposition Website: Mousavi's Nephew reported 'killed' in violent clashes in Tehran.,alertnet.org,http://www.alertnet.org/thenews/newsdesk/LDE5BQ09C.htm
2009-12-28,03:50:02,aiyva,56,"Iranian town tries to save protestors from being hanged, are shot at by Iranian Regime",youtube.com,http://www.youtube.com/watch?v=Ygi3p4WQpkw
2009-12-27,21:16:11,aiw8u,53,Deaths reported in Iran clashes,cnn.com,http://www.cnn.com/2009/WORLD/meast/12/27/iran.protests/index.html?eref=rss_topstories&utm_source=feedburner&utm_medium=feed&utm_campaign=Feed%3A+rss%2Fcnn_topstories+%28RSS%3A+Top+Stories%29
2009-12-27,11:19:15,aitc4,42,"The Detroit airplane bomber and the ""shoe bomber"" both used PETN in their attempts. Would it have worked or are these wannabes terrorists that are good for media ratings?",self.worldnews,https://www.reddit.com/r/worldnews/comments/aitc4/the_detroit_airplane_bomber_and_the_shoe_bomber/
2009-12-28,05:27:36,aizhr,30,More on the protests breaking out all over Iran.,time.com,"http://www.time.com/time/world/article/0,8599,1950176,00.html?xid=rss-topstories-polar"
2009-12-28,04:25:23,aiz43,27,UN Human Rights expert Richard Falk urges the US and its European allies to threaten Israel with economic sanctions if it does not immediately end its illegal blockade of Gaza,unispal.un.org,http://unispal.un.org/unispal.nsf/47d4e277b48d9d3685256ddc00612265/4a2e6ca774fc3a57852576950054d7ee?OpenDocument
2009-12-27,18:42:02,aivjv,26,"Sergei Magnitsky was our attorney who died under excruciating circumstances in a Moscow pre-trial detention center. His story is one of extraordinary bravery and heroism, and ultimately tragedy. It is also a story about how Stalinism and the gulags are alive and well in Russia today.",foreignpolicy.com,"http://www.foreignpolicy.com/articles/2009/12/22/they_killed_my_lawyer?page=0,0"
2009-12-28,07:06:50,aj03m,25,UN Secretary General Ban Ki-moon said Gazans were being denied Basic Human Rights and urged Israel to end its unacceptable and counterproductive blockade. ,news.bbc.co.uk,http://news.bbc.co.uk/2/hi/middle_east/8431652.stm
2009-12-28,01:21:08,aixsu,22,"I'm dying, he told himself, ""because when you 
cough blood, it's something really bad.""",news.yahoo.com,http://news.yahoo.com/s/ap/20091227/ap_on_he_me/as_med_when_drugs_stop_working_killer_tb
2009-12-27,22:21:01,aiwko,14,30 Years Ago: The Afghan Coup Which Stands At The Beginning Of 30 Years Of War And Chaos In Which We Are Involved Right Now!,news.bbc.co.uk,http://news.bbc.co.uk/2/hi/europe/8428701.stm
2009-12-27,15:17:33,aiumn,13,Brazil Aims to Prevent Land Grabs in Amazon ,nytimes.com,http://www.nytimes.com/2009/12/27/world/americas/27brazil.html?_r=1&ref=world
2009-12-28,02:48:16,aiyfy,14,Mexican State Legislatures Make Abortion Illegal,latimes.com,"http://www.latimes.com/news/nation-and-world/la-fg-mexico-abortion27-2009dec27,0,6754950.story"
2009-12-27,23:00:56,aiwt9,11,"Afghanistan's wild, wild west - View from a place where most Afghans feel stuck between the Taliban and U.S. troops.",globalpost.com,http://www.globalpost.com/dispatch/afghanistan/091223/afghanistans-war-us-troops
2009-12-28,07:17:13,aj063,10,"Then came Absolutely Fabulous. Her character, Patsy, drank, smoke, swore, took cocaine and had sex with younger men",timesonline.co.uk,http://www.timesonline.co.uk/tol/news/uk/article6968977.ece
2009-12-27,11:48:48,aith7,8,"Pressure mounted on Tiwari to quit after the tape allegedly showing him in bed with three women was broadcast Friday, prompting the opposition and women's right groups to hold street protests in Hyderabad, the state capital, demanding his resignation.",boston.com,http://www.boston.com/news/world/asia/articles/2009/12/26/india_governor_86_resigns_after_3_woman_sex_tape/?rss_id=Boston.com+--+Latest+news
2009-12-28,03:26:32,aiyp5,7,"Who is this Nigerian guy who tried to blow up a plane in Detroit? A privileged, dream student.",news.bbc.co.uk,http://news.bbc.co.uk/2/hi/americas/8431530.stm
2009-12-27,19:28:26,aivr6,4,Is it too hard to use the Convoy system like in WW2,abc.net.au,http://www.abc.net.au/news/stories/2009/12/27/2781266.htm
2009-12-27,01:53:52,aiq5q,5,"Family of London man, condemned to death in China for drug smuggling, 'plea for compassion'",independent.co.uk,http://www.independent.co.uk/sport/cricket/calls-over-china-death-row-briton-1850627.html
2009-12-28,04:01:31,aiyyb,5,Origami aeroplane association enthusiast sets flight record ,guardian.co.uk,http://www.guardian.co.uk/world/2009/dec/27/paper-plane-flight-record-japan
2009-12-27,20:59:40,aiw6a,3,Mexico weighs options as lawlessness continues to grip Ciudad Juarez ,washingtonpost.com,http://www.washingtonpost.com/wp-dyn/content/article/2009/12/26/AR2009122601774.html?hpid=topnews
2009-12-28,07:05:49,aj03e,0,France to import British cooking. Mon Dieu!,entertainment.timesonline.co.uk,http://entertainment.timesonline.co.uk/tol/arts_and_entertainment/tv_and_radio/article6969121.ece
2009-12-27,19:48:17,aivuq,0,Top December travel blog posting,southafrica.to,http://www.southafrica.to/transport/Airlines/cheapest-flight-survey/2009/best-December-travel-blog.php5
2009-12-27,23:32:45,aix0i,0,"I support a one-state solution in Israel/Palestine and realized that if it came to pass, it would no longer be illegal for Jews to buy Pali land.",self.worldnews,https://www.reddit.com/r/worldnews/comments/aix0i/i_support_a_onestate_solution_in_israelpalestine/
2009-12-28,07:49:52,aj0cu,0,"jpost: ""The cancellation of the Miss Palestine contest due to threats by extremists is an example of why Palestinians have been losing over the years."" No, it's not the Israeli genocide, it's the beauty pageants.",jpost.com,http://www.jpost.com/servlet/Satellite?pagename=JPost/JPArticle/ShowFull&cid=1261364509049
