2009-06-04,22:55:15,8prkr,1847,David Carradine Found Dead in Bangkok,news.bbc.co.uk,http://news.bbc.co.uk/2/hi/entertainment/8083479.stm
2009-06-05,04:19:48,8puuj,413,"Never before published photo, before shown only to friends, shows ""Tank Man"" from street level in the distance at left, framed by two tree trunks, on the verge of the confrontation with the tanks in the distance right. [PIC]",lens.blogs.nytimes.com,http://lens.blogs.nytimes.com/2009/06/04/behind-the-scenes-a-new-angle-on-history/
2009-06-04,21:04:58,8pqmh,152,Mitsubishi corners 40% of the world market in bluefin tuna - one of the world's most endangered fish - freezing them for future sale in several years' time for astronomical sums when they become commercially extinct,independent.co.uk,http://www.independent.co.uk/environment/nature/revealed-the-bid-to-corner-worlds-bluefin-tuna-market-1695479.html
2009-06-04,20:12:21,8pq8f,84,Chinese authorities on Tiananmen square use their umbrellas to cover the view whenever CNN tries to film something. Subtle. [video],cnn.com,http://www.cnn.com/video/?/video/world/2009/06/03/vause.chang.tiananmen.anniv.cnn
2009-06-04,20:57:46,8pqk3,64,Chinese Police Armed With Umbrellas [vid],news.bbc.co.uk,http://news.bbc.co.uk/2/hi/asia-pacific/8080437.stm
2009-06-05,04:18:01,8puu1,38,"""Destroy their holy sites. Kill men, women and children,"" wrote Rabbi Manis Friedman who now claims the quote was ""misleading"" because they were the answer to a different question !",startribune.com,http://www.startribune.com/local/stpaul/46849342.html
2009-06-04,17:39:35,8pp79,29,Another girls' school blown up in Pakistan,news.yahoo.com,http://news.yahoo.com/s/afp/20090604/wl_sthasia_afp/pakistanafghanistanunresteducation
2009-06-04,13:10:20,8pndw,26,Tank Man. Great Frontline Documentary about the Tiananmen Square protests that happened 20 years ago today.,video.google.com,http://video.google.com/videoplay?docid=2300254722104314948&ei=NzAnSsTYOpPCqAOF6bj-DA&q=tiananmen+square+massacre+documentary
2009-06-04,19:13:08,8pptt,26,International Media being blocked from filming in Tiananmen Square due to ridiculous and hilarious censorship method,edition.cnn.com,http://edition.cnn.com/video/?JSONLINK=/video/world/2009/06/03/vause.chang.tiananmen.anniv.cnn
2009-06-04,18:48:04,8ppns,22,"PM Gordon Brown faces growing pressure to quit: European, British polls, rebel MPs and Ministerial resignations",in.reuters.com,http://in.reuters.com/article/worldNews/idINIndia-40090020090604
2009-06-04,21:26:49,8pqsb,18,Chinese govt use umbrellas to stop foreign journalists recording around Tiananmen Square,news.bbc.co.uk,http://news.bbc.co.uk/1/hi/world/asia-pacific/8082604.stm
2009-06-04,23:11:19,8prr4,21,"The US president paid tribute to Islam's influence on religion, culture and civilisation, and started with the traditional Arabic greeting assalaamu alaykum – peace be upon you – to thunderous applause.",guardian.co.uk,http://www.guardian.co.uk/world/2009/jun/04/barack-obama-speech-cairo-israel
2009-06-05,05:06:55,8pvag,14,"Eddie Izzard says vote for anyone , even mice , not the BNP .Less than an hour to fight racists UK.",blogs.mirror.co.uk,http://blogs.mirror.co.uk/hope-not-hate/2009/05/video-eddie-izzard-urges-rejec.html
2009-06-04,19:36:19,8ppzi,12,Infant formulas purchased from stores in Canada show widespread tainting with traces of melamine,sciencenews.org,http://www.sciencenews.org/view/generic/id/44307/title/Science_%2B_the_Public__Pesticide_may_seed_American_infant_formulas_with_melamine
2009-06-05,06:07:08,8pvt6,13,"A Turkish shopkeeper in Brighton, East Sussex, has been banned from selling alcohol until he learns to speak English well enough to ask customers their age. ",telegraph.co.uk,http://www.telegraph.co.uk/news/newstopics/howaboutthat/5444146/Turkish-shopkeeper-told-he-must-speak-English-to-sell-alcohol.html
2009-06-04,18:09:04,8ppe9,11,Iran first ever live TV presidential elections debate shows hard-hitting encounter between Ahmadinejad and opponents,latimes.com,"http://www.latimes.com/news/nationworld/world/la-fg-iran-debates04-2009-jun04,0,2553718.story"
2009-06-05,05:22:33,8pvfs,13,President Obama Speaks to the Muslim World from Cairo (VIDEO),youtube.com,http://www.youtube.com/watch?v=NaxZPiiKyMw
2009-06-05,05:07:13,8pvaj,11,Slate.com has a great gallery remembering the Tiananmen Square protest and massacre,todayspictures.slate.com,http://todayspictures.slate.com/20090604/
2009-06-04,13:05:00,8pncl,9,"China ""ready to pounce"" on Tiananmen protests",abc.net.au,http://www.abc.net.au/news/stories/2009/06/04/2589285.htm?section=world
2009-06-04,11:25:01,8pmp1,9,Appeals court reinstates lawsuit against Royal Dutch Shell PLC unit over the 1995 deaths of Nigerian activist Ken Saro-Wiwa and others,commondreams.org,http://www.commondreams.org/headline/2009/06/03-8
2009-06-04,21:48:26,8pqys,9,Boris falls into river,news.bbc.co.uk,http://news.bbc.co.uk/1/hi/england/london/8082995.stm
2009-06-04,08:16:29,8plgr,7,Thinking of voting BNP ?,youtube.com,http://www.youtube.com/watch?v=oOc9lAG6tCw
2009-06-04,12:32:31,8pn5o,9,Health insurers major tobacco investors,goldcoastmail.com.au,http://www.goldcoastmail.com.au/story/2009/06/04/health-insurers-major-tobacco-investors/
2009-06-04,22:16:01,8pr81,6,"Air France Flight 447 'may have stalled at 35,000ft'",timesonline.co.uk,http://www.timesonline.co.uk/tol/news/world/europe/article6430398.ece
2009-06-04,10:30:42,8pmcp,9,"Actually, where I'm from June, 4th 1989 is celebrated as the day freedom finally triumphed after 50 long years",chnm.gmu.edu,http://chnm.gmu.edu/1989/exhibits/solidarity-comes-to-power/introduction
2009-06-04,08:13:41,8plg2,8,"The BNP want national service and a gun in every home . Refuse conscription and lose the right to vote , education and training . See page 52 ( google html version , it's that or a PDF)",209.85.229.132,http://209.85.229.132/search?q=cache:5yH14FLvyREJ:news.bbc.co.uk/1/shared/bsp/hi/pdfs/BNP_uk_manifesto.pdf+bnp+manifesto+2005+bbc+pdf&cd=1&hl=en&ct=clnk&gl=uk
2009-06-05,04:07:26,8puq1,5,"How an iconic image came to be- The most famous photo of the Tiananmen Square protests, that of an unidentified man facing down Chinese tanks, was taken by Jeff Widener of the AP. Widener, now with The Honolulu Advertiser, recalls how he got the picture",usatoday.com,http://www.usatoday.com/news/world/2009-06-03-chinaphoto_N.htm?csp=34
2009-06-05,05:30:04,8pvip,7,"Keith Vaz, the senior Labour backbencher, claimed more than £75,500 in expenses for a flat in Westminster despite his family home being a £1.15 million house just 12 miles from parliament. ",telegraph.co.uk,http://www.telegraph.co.uk/news/newstopics/mps-expenses/5298267/Keith-Vaz-75000-for-a-flat-12-miles-from-home.html
2009-06-05,01:46:47,8ptc9,6,Chinese websites mark Tiananmen Square anniversary with veiled protest - Sites close for 'Chinese Internet Maintenance Day' in subtle attack on state censorship,guardian.co.uk,http://www.guardian.co.uk/technology/2009/jun/04/chinese-websites-tiananmen-square-anniversary
2009-06-04,20:37:15,8pqed,8,"Did anyone else notice that while every other network was covering Obama's historic speech in Cairo, Fox News was doing a piece on a staute of Ronald Regan.",self.worldnews,https://www.reddit.com/r/worldnews/comments/8pqed/did_anyone_else_notice_that_while_every_other/
