2009-11-06,17:29:58,a1kc9,182,"We broke the law, admits CIA agent convicted of rendition",independent.co.uk,http://www.independent.co.uk/news/world/americas/we-broke-the-law-admits-cia-agent-convicted-of-rendition-1815755.html
2009-11-06,23:57:17,a1nyx,76,Islamists in Somalia stone a man to death for adultery but spare his pregnant girlfriend... until she gives birth.,news.bbc.co.uk,http://news.bbc.co.uk/go/rss/-/2/hi/africa/8347216.stm
2009-11-06,22:46:28,a1n4t,53,Saudi forces keep up Houthi assault -Jets and ground forces hit Yemeni rebel fighters for third consecutive day,english.aljazeera.net,http://english.aljazeera.net/news/middleeast/2009/11/2009116125810626250.html
2009-11-07,06:02:45,a1rxg,50,"Mystery of Argleton, the 'Google' town that only exists online",telegraph.co.uk,http://www.telegraph.co.uk/technology/google/6474746/Mystery-of-Argleton-the-Google-town-that-only-exists-online.html
2009-11-06,22:12:32,a1mrg,44,Afghanistan: Five British troops are killed by an Afghan colleague and a fragile trust is broken,globalpost.com,http://www.globalpost.com/dispatch/afghanistan/091105/british-military-helmand-ambush-soldier-NATO
2009-11-06,22:53:29,a1n7b,40,"All over Latin America, and especially in the Andes, a political awakening is emboldening Indians who have lived mostly as second-class citizens since the Spanish conquest.",google.com,http://www.google.com/hostednews/ap/article/ALeqM5iHoYz3n0zaozmmUbzkxCkNUsOVlgD9BMRCH00
2009-11-06,14:26:25,a1isa,29,Shamanism makes a comeback in Mongolia,eurasianet.org,http://www.eurasianet.org/departments/insightb/articles/eav110509a.shtml
2009-11-06,22:44:52,a1n4e,25,Spain resists deal with Somali pirates ,news.bbc.co.uk,http://news.bbc.co.uk/2/hi/africa/8346749.stm
2009-11-07,01:25:11,a1p1z,19,"Paraguay's president, Fernando Lugo, has sacked the head of the armed forces, after warning some officers were plotting a coup against him.",news.bbc.co.uk,http://news.bbc.co.uk/2/hi/americas/8347424.stm
2009-11-07,06:25:27,a1s4o,15,"Russian police officer video message to Putin; talks about police brutality, issues and corruption",youtube.com,http://www.youtube.com/watch?v=R4vB2a15dOU
2009-11-06,10:02:22,a1glw,16,Thousands of Ivory Coast victims look to be losing the money that Trafigura paid for poisoning them. The entire settlement is about to be stolen by unnamed local powers. ,nytimes.com,http://www.nytimes.com/2009/11/05/world/africa/05trafigura.html?_r=1&scp=2&sq=Ivory%20coast&st=cse
2009-11-06,09:01:42,a1g65,12,"France: Thousands of cleaners strike. 30 sites, including company HQ, occupied. ""They are doing so with the support of unions and other groups who have joined with them to denounce the exploitation of undocumented workers""",anarchosyndicalism.net,http://www.anarchosyndicalism.net/newswire/display/45464/index.php
2009-11-06,21:21:59,a1m95,10,"Nanoparticles could damage DNA at a distance, study suggests",guardian.co.uk,http://www.guardian.co.uk/science/2009/nov/06/nanoparticles-dna-damage
2009-11-06,09:25:43,a1gc9,6,Toxic waste victims could lose £30m as court freezes Trafigura compensation,belfasttelegraph.co.uk,http://www.belfasttelegraph.co.uk/news/world-news/court-freezes-trafigura-compensation-toxic-waste-victims-could-lose-pound30m-14551884.html
2009-11-06,08:00:40,a1fpi,5,"Amazingly, not from The Onion: Hutterite Colony heartbroken over stolen tractor.",leaderpost.com,http://www.leaderpost.com/Lajord+Hutterite+Colony+heartbroken+over+stolen+tractor/2188580/story.html
2009-11-07,03:20:42,a1qea,5, Saudi air force hits Yemen rebels after border raid   ,alertnet.org,http://www.alertnet.org/thenews/newsdesk/L5155605.htm
2009-11-07,05:17:52,a1rj5,3,Turkey: Where genocide's just not so bad,news.bbc.co.uk,http://news.bbc.co.uk/2/hi/europe/8347419.stm
2009-11-07,07:12:47,a1sj1,1,"Analysis: Andean ""Cold War"" raises risks for Colombia and Venezuela",reuters.com,http://www.reuters.com/article/latestCrisis/idUSN06180988
2009-11-06,22:59:54,a1n9z,0,"Wife has unprotected sex with her husband for the first time on their wedding night, only to find she's allergic to his sperm |  The Daily Telegraph",dailytelegraph.com.au,http://www.dailytelegraph.com.au/lifestyle/julie-boyde-discovers-she-is-allergic-to-husband-mikes-sperm-on-their-wedding-night/story-e6frf00i-1225794788050
2009-11-06,15:37:50,a1jgw,0,Palestinian President Mahmoud has confirmed he is not seeking re-election,news.yahoo.com,http://news.yahoo.com/s/ap/20091106/ap_on_re_mi_ea/ml_palestinians_abbas
2009-11-06,09:24:20,a1gc0,0,Dear United States: How many countries do you have to be at war with to be disqualified from receiving the Nobel Peace Prize?,globalresearch.ca,http://globalresearch.ca/index.php?context=va&aid=15932
2009-11-06,18:41:56,a1kxn,1,Overpopulation: The Facts - by History Channel Staff,coyoteprime-runningcauseicantfly.blogspot.com,http://coyoteprime-runningcauseicantfly.blogspot.com/2009/10/overpopulation-facts.html
2009-11-06,21:34:12,a1mdc,1,Falling food production is not the core problem: prices are rising because food stocks are not keeping pace with population growth.,dawn.com,http://www.dawn.com/wps/wcm/connect/dawn-content-library/dawn/news/world/18-global-food-crisis-am-02
2009-11-07,02:04:50,a1pki,0,Abbas withdraws from Palestinian presidential race; PA officials: decision is in protest of the US administration's failure to exert pressure on Israel to stop construction work in the West Bank settlements. ,jpost.com,http://www.jpost.com/servlet/Satellite?cid=1257417385046&pagename=JPost%2FJPArticle%2FShowFull
2009-11-07,01:10:26,a1ova,0,Doubts renewed over Iran aims ,news.bbc.co.uk,http://news.bbc.co.uk/2/hi/middle_east/8346503.stm
2009-11-06,15:51:44,a1jl3,0,Mohammed loved going to school and would come back home every day singing the songs he'd learned. He died of Malaria at the age of four.,guardian.co.uk,http://www.guardian.co.uk/world/video/2009/nov/06/sierra-leone-children
2009-11-06,16:31:12,a1jvy,1,Brazil crime wars: Spiderman's story of drugs and Jesus in Rio's slums.,guardian.co.uk,http://www.guardian.co.uk/world/2009/nov/05/brazil-drugs-rio-de-janeiro
2009-11-07,07:03:44,a1sgb,0,Cold War of the Andes? History of tensions between Venezuela and Colombia,reuters.com,http://www.reuters.com/article/latestCrisis/idUSN06374061
2009-11-06,18:43:53,a1ky0,0,Iran 'tested advanced nuclear warhead design',shimshon9.com,http://www.shimshon9.com/iran-tested-advanced-nuclear-warhead-design/06/11/2009/
2009-11-06,08:39:04,a1fzz,1,Isle of Wight MP Andrew Turner has called the projected population rise to over 70 million ‘dangerously unsustainable’.,islandpulse.co.uk,http://www.islandpulse.co.uk/b2/population-growth-unsustainable/
