2009-05-19,03:20:11,8lcug,560,The Belgian bodybuilding championship has been canceled after doping officials showed up and all the competitors fled.,nbcsports.msnbc.com,http://nbcsports.msnbc.com/id/30809995/
2009-05-19,19:50:12,8ljh4,216,Charlie Brooker: The BNP represents Britain's workers? They don't even represent basic British craftsmanship,guardian.co.uk,http://www.guardian.co.uk/commentisfree/2009/may/18/charlie-brooker-bnp-racism
2009-05-19,19:28:09,8ljby,178,"Excessive cola consumption can lead to anything from mild weakness to profound muscle paralysis, doctors are warning.",news.bbc.co.uk,http://news.bbc.co.uk/1/hi/health/8056028.stm
2009-05-19,15:24:17,8lhtg,96,'Ghost airports' - South Korea's new airports fail to take off,news.bbc.co.uk,http://news.bbc.co.uk/1/hi/world/asia-pacific/8055957.stm
2009-05-20,04:40:44,8loau,47,"At least 153 of the newly-elected MPs in India are charged in criminal cases, says a study by civil society groups.",news.bbc.co.uk,http://news.bbc.co.uk/2/hi/south_asia/8057325.stm
2009-05-19,21:32:36,8lk82,20,Sri Lanka: Chronology of the key dates in the conflict,guardian.co.uk,http://www.guardian.co.uk/world/2009/may/18/sri-lanka-conflict
2009-05-20,04:16:15,8lo3d,14,Media coverage comparison of the conflicts in DR Congo and Darfur. If only the country with more violence had more gorillas.,fair.org,http://www.fair.org/index.php?page=3777
2009-05-19,20:33:27,8ljqx,13,Catholic priest jailed in 2004 for pocketing millions from his church granted full restoration of his priestly duties by the head of the Catholic Church in Singapore.,straitstimes.com,http://www.straitstimes.com/Breaking%2BNews/Singapore/Story/STIStory_378265.html
2009-05-20,06:02:40,8lp0c,9,"  In a deft bit of science diplomacy active since 2001, Syracuse University has been engaging with a North Korean counterpart to bring a bit of knowledge — and some trust — to the Hermit Kingdom.",miller-mccune.com,http://www.miller-mccune.com/politics/americans-log-into-hermit-kingdom-1220
2009-05-20,03:20:34,8lnlx,8,Bride and groom batter a man to death the morning after their wedding,guardian.co.uk,http://www.guardian.co.uk/uk/2009/may/19/shobrook-johnson-auchterlonie-plymouth
2009-05-19,08:25:26,8lfad,11,Red Alert: Brazil and China eye plan to axe dollar,ft.com,http://www.ft.com/cms/s/0/996b1af8-43ce-11de-a9be-00144feabdc0.html?nclick_check=1
2009-05-19,09:37:46,8lfp1,9,This is appalling - it's a sentence you'd expect from an ayatollah: Cell phone nets TDCJ inmate 60 more years ,palestineherald.com,http://www.palestineherald.com/crimeandpunishment/local_story_134013644.html?keyword=topstory
2009-05-19,22:58:39,8ll0f,6,Chances to prevent 7/7 attacks were missed,independent.co.uk,http://www.independent.co.uk/news/uk/crime/chances-to-prevent-77-attacks-were-missed-1687434.html
2009-05-20,04:28:30,8lo79,6,Hurrah and Boo!: UK told to prepare for oncoming heatwave [BBC],news.bbc.co.uk,http://news.bbc.co.uk/1/hi/health/8057528.stm
2009-05-20,04:54:07,8loeh,5,Inquiry into 7/7 Branded 'Whitewash' by Victims,thisislondon.co.uk,http://www.thisislondon.co.uk/standard/article-23694423-details/Inquiry%20into%207%207%20branded%20%27whitewash%27%20by%20victims/article.do
2009-05-19,12:31:03,8lgq5,7,Over 40% of Israel's Arab citizens say the Holocaust never happened (up from 28% in 2006),nytimes.com,http://www.nytimes.com/2009/05/19/world/middleeast/19briefs-Israel.html
2009-05-19,16:49:57,8licp,6,Israel's prime minister tells Obama he wants to restart peace talks,latimes.com,"http://www.latimes.com/news/la-fg-us-israel19-2009may19,0,7347915.story"
2009-05-20,05:06:20,8loif,5,Ethiopian military forces have crossed back into Somalia,news.bbc.co.uk,http://news.bbc.co.uk/2/hi/africa/8057115.stm
2009-05-19,10:23:31,8lfyf,7,Leader of the Tamil Tigers killed. It really is over. ,news.bbc.co.uk,http://news.bbc.co.uk/2/hi/south_asia/8055015.stm
2009-05-19,10:36:14,8lg0y,5,"Careful, sober analysis of situation in Guatemala",guatemala-times.com,http://www.guatemala-times.com/news/guatemala/1114-guatemala-demonstrations-and-postulation-law-of-magistrates.html
2009-05-19,17:17:25,8lij1,3,Young Pakistanis Take One Problem Into Their Own Hands  (a little bit of good news),nytimes.com,http://www.nytimes.com/2009/05/19/world/asia/19trash.html?_r=1&ref=world&pagewanted=all
2009-05-19,11:20:58,8lgaq,2,Thailand:  Tourist faces between 2 and 5 years in jail for stealing a beer mat.  Makes Dubai sound good...,smh.com.au,http://www.smh.com.au/travel/travel-news/melbourne-mum-arrested-over-thai-bar-prank-20090519-bd3r.html?page=-1
2009-05-19,14:45:07,8lhko,4,Sri Lanka leader hails 'victory',news.bbc.co.uk,http://news.bbc.co.uk/2/hi/south_asia/8056752.stm
2009-05-19,11:08:39,8lg80,3,MPs on all sides tell the Speaker Michael Martin he must go,timesonline.co.uk,http://www.timesonline.co.uk/tol/news/politics/article6315343.ece
2009-05-20,07:53:53,8lps2,3,"""reports released Tuesday... concluding that Tehran is at least six years away from building a deliverable nuclear weapon and that its ability to wreak havoc in the Middle East through surrogates is exaggerated.""",latimes.com,"http://www.latimes.com/news/nationworld/world/la-fg-iran-threat20-2009may20,0,5589113.story"
2009-05-19,20:27:41,8ljpm,3,"Nobel laureates call Suu Kyi's trail a farce. If you can't trust Burmese jurisprudence, then what can you trust?",cnn.com,http://www.cnn.com/2009/WORLD/asiapcf/05/19/myanmar.suu.kyi.trial/index.html
2009-05-19,09:11:22,8lfjm,2,"British, Australian and Turkish graves shelled in Gaza conflict.",telegraph.co.uk,http://www.telegraph.co.uk/news/worldnews/middleeast/israel/4299569/Israel-shelled-UK-war-graves-in-Gaza.html
2009-05-20,00:19:10,8llta,4,British Official Says He Will Quit in Scandal Over Expenses ,nytimes.com,http://www.nytimes.com/2009/05/20/world/europe/20britain.html
2009-05-19,19:55:58,8ljii,1,Son or daughter failing to knuckle down to the revision? Maybe you are partly to blame ... Ten things never to say to a teenager .,guardian.co.uk,http://www.guardian.co.uk/education/2009/may/19/exam-revision
2009-05-19,20:29:38,8ljq4,1,Swaziland: Jailed liberation fighter Mario Masuku: `A brief autobiography',links.org.au,http://links.org.au/node/1055
