2009-12-21,06:20:28,aguor,1273,Israel admits harvesting Palestinian organs,guardian.co.uk,http://www.guardian.co.uk/world/2009/dec/20/israel-admits-harvesting-palestinian-organs
2009-12-21,03:08:23,agt9q,868,The day the music won. Simon Cowell defeated by Rage Against the Machine in UK Christmas chart ,gigwise.com,http://www.gigwise.com/news/53959/Rage-Against-The-Machine-Beat-X-Factor%27s-Joe-McElderry-To-Christmas-Number-One
2009-12-21,10:57:25,agwnr,147,Israel's chief Rabbi today said settler terrorism in the West Bank reminded him of the Nazi Kristallnacht against the Jews.,msnbc.msn.com,http://www.msnbc.msn.com/id/34497324/ns/world_news-washington_post/
2009-12-21,10:07:11,agw8j,56,BBC News - Police in Poland find sign stolen from Auschwitz gate,news.bbc.co.uk,http://news.bbc.co.uk/2/hi/europe/8423827.stm
2009-12-21,16:00:48,agzgi,58,Fidel Castro: The truth about what happened at Copenhagen,links.org.au,http://links.org.au/node/1420
2009-12-22,02:21:00,ah5jw,21,Israel admits harvesting Palestinian organs,rawstory.com,http://rawstory.com/2009/12/israel-admits-harvesting-palestinian-organs/
2009-12-22,00:56:13,ah4kq,16,USAID: Understaffed and overwhelmed in Afghanistan,globalpost.com,http://www.globalpost.com/dispatch/afghanistan/091210/usaid-investigation
2009-12-22,01:42:15,ah554,15,“There is no investment in development that costs so little and brings benefits that are so far-reaching and enormous.”,columbiatribune.com,http://www.columbiatribune.com/news/2009/dec/15/somethings-missing-in-denmark/
2009-12-21,08:19:44,agvgo,16,"Grand Ayatollah Montazeri: ""From the beginning of the revolution, we have been chanting slogans of independence, liberty, Islamic republic. The complaint I have is why the slogans we have been chanting since then haven't been fulfilled."" May he be granted in death what he was denied in life.",precycleonline.com,http://precycleonline.com/forum/posts/id_2163/
2009-12-22,00:19:21,ah452,14,"Thousands of Maoist protesters in Nepal enforce the second day of their nationwide general strike, shouting anti-government slogans and paralyzing much of the country as businesses remain shuttered and vehicle traffic almost nonexistent in the capital, Katmandu.",nytimes.com,http://www.nytimes.com/2009/12/22/world/asia/22nepal.html?partner=rss&emc=rss
2009-12-21,23:19:57,ah3fv,13,"Dear World Leaders,

This relationship isn't working out. Its time for us to explore other government opportunities. We've tried to make it work. But it's not us — it's you (really). 
",blogs.hbr.org,http://blogs.hbr.org/haque/2009/12/the_builders_manifesto.html
2009-12-21,15:18:42,agz1v,11,Saudi air strikes kill 54 civilians: Yemen rebels,google.com,http://www.google.com/hostednews/afp/article/ALeqM5glL1wXsCgwJ6vlHiI8TZH4aZ8kxw
2009-12-22,02:27:05,ah5ma,9,"Tens of thousands of Iranian mourners turned the funeral procession of the country's most senior dissident cleric into an anti-government protest Monday, chanting ""death to the dictator"" and slogans in support of the opposition amid heavy security.",news.yahoo.com,http://news.yahoo.com/s/ap/20091221/ap_on_re_mi_ea/ml_iran
2009-12-21,19:19:05,ah151,10,"Steadicam, One long shot, 5 min 20 seconds with no editing. Robert Carlyle ",filmdetail.com,http://www.filmdetail.com/archives/2009/09/10/robert-carlyle-johnnie-walker-ad/
2009-12-22,00:18:26,ah44d,8,What became of Romania's neglected orphans?,news.bbc.co.uk,http://news.bbc.co.uk/2/hi/europe/8425001.stm
2009-12-22,02:25:40,ah5lo,8,Chavez accuses U.S. of sending spy plane into Venezuela's airspace,news.xinhuanet.com,http://news.xinhuanet.com/english/2009-12/21/content_12681901.htm
2009-12-22,04:35:12,ah6zk,6,"Man handles £5,000 worth of stolen goods. Fined 3.2m and faces 10 years in prison. How is such a fine justified?",kent.police.uk,http://www.kent.police.uk/News/Latest_News/Guarcharan%20Singh%20payback.html
2009-12-22,02:03:20,ah5d2,4,Why does Pakistan hate the United States? - By Christopher Hitchens,slate.com,http://www.slate.com/id/2239339/
2009-12-21,13:48:37,agy64,7,"O Martin! Where are thou? Despite all you did 400 years ago, Simony continues. ",latimes.com,"http://www.latimes.com/news/local/la-me-priest21-2009dec21,0,2885798.story"
2009-12-22,07:05:55,ah8j4,7,Mexican gunman accused of over 100 killings arrested,sify.com,http://sify.com/news/mexican-gunman-accused-of-over-100-killings-arrested-news-international-jmvlEcdabfh.html
2009-12-21,22:45:08,ah321,5,Guerrillas take to government - One-time rebels now hold key political positions across Latin America.,globalpost.com,http://www.globalpost.com/dispatch/the-americas/091210/guerrillas-government
2009-12-21,23:22:42,ah3gt,5,"Italian town where a White Christmas is a police matter. ""On orders from the local council, controlled by the conservative Northern League, police have been carrying out house-to-house searches for illegal immigrants in an action dubbed Operation White Christmas.""",guardian.co.uk,http://www.guardian.co.uk/world/2009/dec/20/italy-coccaglio-operation-white-christmas
2009-12-21,20:30:16,ah1sa,5,Britain accuses China over climate talks - report,uk.reuters.com,http://uk.reuters.com/article/idUKTRE5BK07P20091221
2009-12-21,11:25:06,agwvx,5,"Remembering a truly great man: Montazeri demonstrated that no one, even a charismatic and powerful man such as Ayatollah Khomeini, could influence him when it came to defending the truth. He showed that power meant nothing to him if it came at the expense of defending the rights of the oppressed.",pbs.org,http://www.pbs.org/wgbh/pages/frontline/tehranbureau/2009/12/grand-ayatollah-hossein-ali-montazeri-1922-2009.html
2009-12-21,14:27:20,agyk8,3,Burma court hears appeal against Suu Kyi detention,news.bbc.co.uk,http://news.bbc.co.uk/2/hi/asia-pacific/8423852.stm
2009-12-22,02:17:52,ah5is,5,"China unfairly restricting American CDs, DVDs, WTO rules  ",latimes.com,"http://www.latimes.com/business/la-fg-wto-china22-2009dec22,0,4799011.story"
2009-12-21,08:26:07,agvi4,5,"""Chicago man"" charged with helping plot Mumbai attacks also conducted surveillance of nuclear plant",abcnews.go.com,http://abcnews.go.com/Blotter/headley-target-nuclear-plant/story?id=9375929
2009-12-22,01:53:26,ah59a,4,"North Korea declared waters along its disputed sea border with South Korea a ""firing zone"", issues warning to ships to stay out of the area",news.yahoo.com,http://news.yahoo.com/s/ap/20091221/ap_on_re_as/as_koreas_tension
2009-12-21,08:42:53,agvm7,4,"Caught off guard by Copenhagen Accord, European leaders felt pressure to back it, even though they thought it didn't go far enough and that they didn't have enough influence",nytimes.com,http://www.nytimes.com/2009/12/21/world/europe/21scene.html?ref=world
2009-12-22,04:53:04,ah779,4,"""For the last 10 years, Abu Kabir has been working according to ethics and Jewish law."" - Abu Kabir harvested skin, corneas, heart valves and bones from the bodies of Israeli soldiers, Israeli citizens, Palestinians and foreign workers",msnbc.msn.com,http://www.msnbc.msn.com/id/34503294/ns/world_news-mideastn_africa/?wtf
