2009-03-23,22:31:33,86sqq,424,Sweden Says No to Saving Saab ,nytimes.com,http://www.nytimes.com/2009/03/23/world/europe/23saab.html?_r=1&hp
2009-03-23,18:47:05,86r5a,105,"A quarter of all UK government databases are illegal and should be scrapped or redesigned, a report has claimed.",news.bbc.co.uk,http://news.bbc.co.uk/1/hi/uk/7955205.stm
2009-03-23,15:55:07,86q9y,69,Israel steals Palestinians water to pollute it and sell it back to them,english.aljazeera.net,http://english.aljazeera.net/archive/2003/10/2008410162829550743.html
2009-03-23,10:43:44,86oop,62,Right to privacy broken by a quarter of UK's public databases. The national DNA database and the Contactpoint index of all children should be immediately scrapped,guardian.co.uk,http://www.guardian.co.uk/politics/2009/mar/23/dna-database-idcards-children-index
2009-03-23,18:15:28,86qya,42,China’s Brutality in Tibet Exposed,tibet.net,http://www.tibet.net/en/index.php?id=759&articletype=flash&rmenuid=morenews
2009-03-24,02:25:06,86v1s,29,The US government had extensive evidence about Guatemala's Death Squads. Why has it taken so long to make it public?,gwu.edu,http://www.gwu.edu/~nsarchiv/NSAEBB/NSAEBB273/index.htm?
2009-03-24,00:00:18,86tnb,27,Canada becomes the first country in the world to ban British MP George Galloway ,chycho.com,http://www.chycho.com/?q=node/2238
2009-03-23,17:48:08,86qtd,25,"Israel's army violated codes of ethics and international law during the war in Gaza by attacking medics and refusing to allow the treatment of wounded, a human rights group charged on Monday.",google.com,http://www.google.com/hostednews/afp/article/ALeqM5gNFFa1kxhRYT4RfOF8zh-Ho5DXUg
2009-03-23,20:50:35,86rvj,18,What does one HUNDRED TRILLION dollars look like?,upload.wikimedia.org,http://upload.wikimedia.org/wikipedia/en/3/3e/Zimbabwe_$100_trillion_2009_Obverse.jpg
2009-03-24,04:50:12,86wdw,15,South Africa Bars Dalai Lama from Peace Conference,nytimes.com,http://www.nytimes.com/2009/03/24/world/africa/24safrica.html
2009-03-24,00:39:11,86u1f,17,The UK Government is now considering the mass surveillance of all user communications on social-networking sites.,infopackets.com,http://www.infopackets.com/news/government/2009/20090323_uk_to_harvest_all_social_network_messaging_data.htm
2009-03-24,01:57:56,86usz,15,Finally: real evidence of war crimes in Gaza,guardian.co.uk,http://www.guardian.co.uk/world/2009/mar/23/israel-gaza-war-crimes-guardian
2009-03-24,00:47:55,86u43,11,VIDEO: Israeli soldiers using Palestinian kids as human shields,guardian.co.uk,http://www.guardian.co.uk/world/video/2009/mar/23/israel-gaza-human-shields
2009-03-23,23:48:45,86tjl,13,Senior Fatah official killed in south Lebanon,google.com,http://www.google.com/hostednews/ap/article/ALeqM5jOWHE78-c28Q3iWfb2Ywv9BIVqiwD973PSV03
2009-03-24,01:41:59,86un5,9, Afghans call for end to US occupation,pww.org,http://pww.org/article/articleview/14969/
2009-03-23,11:27:24,86ovj,11,"Israel nabs 20 Hamas officials to pressure for Shalits release. You know, the guy that was nabbed to help pressure Israel to free prisoners - and then Israel leveled half of Lebanon to retaliate.",theglobeandmail.com,http://www.theglobeandmail.com/servlet/story/RTGAM.20090319.wmideast19/BNStory/International/?page=rss&id=RTGAM.20090319.wmideast19
2009-03-24,04:52:01,86wei,10,How some military rabbis are trying to radicalize Israeli soldiers by Christopher Hitchens,slate.com,http://www.slate.com/id/2214440/
2009-03-23,23:40:40,86tgt,9,"Dalai Lama denied visa for South Africa peace conference, said it was not in their best interest",cnn.com,http://www.cnn.com/2009/WORLD/africa/03/23/south.africa.dalai.lama.visa/index.html?eref=rss_world
2009-03-24,01:39:22,86um9,10,"No women on TV, Saudi clerics demand",asianews.it,http://www.asianews.it/index.php?l=en&art=14798&size=A
2009-03-24,07:48:28,86xlv,7,China calls for new global reserve currency,ft.com,http://www.ft.com/cms/s/0/7851925a-17a2-11de-8c9d-0000779fd2ac.html?nclick_check=1
2009-03-23,11:19:33,86ou1,7,Japanese military to assume more global role,english.sina.com,http://english.sina.com/world/2009/0322/227862.html
2009-03-24,03:17:10,86vjo,7,South Africa bars Dalai Lama from peace conference,news.yahoo.com,http://news.yahoo.com/s/ap/20090323/ap_on_re_af/af_south_africa_dalai_lama
2009-03-23,21:46:35,86sba,6,Oil price decline hits Sudan hard,latimes.com,"http://www.latimes.com/news/nationworld/world/la-fg-sudan-economy23-2009mar23,0,5775397.story"
2009-03-23,09:54:33,86ofr,7,Pope warns Angola of witchcraft,news.bbc.co.uk,http://news.bbc.co.uk/2/hi/africa/7956460.stm
2009-03-24,06:22:22,86x1g,7,The good people at Connecticut Working Families are arranging a Saturday bus tour of AIG executives’ homes.,exiledonline.com,http://exiledonline.com/why-is-this-fuckhead-joseph-cassano-hiding-because-the-class-war-terror-is-about-to-make-him-the-prettiest-prison-bitch-since-madoff/
2009-03-24,07:33:45,86xii,2,"A United Nations report accused Israeli troops yesterday of using a Palestinian child as a human shield during fighting in Gaza, shooting Palestinian children, bulldozing a house with a woman and child inside and shelling a building they had ordered civilians to enter a day earlier. ",timesonline.co.uk,http://www.timesonline.co.uk/tol/news/world/middle_east/article5962905.ece
2009-03-23,09:40:18,86od9,6,"As It Turns Out, The ""Middle Easts Only Democracy"" Is Hell Bent On Murdering Civilians And Exterminating The Palestinian Population",prosebeforehos.com,http://www.prosebeforehos.com/image-of-the-day/03/22/more-love-from-the-middle-easts-only-humane-free-democracy/
2009-03-24,00:02:05,86to1,4,"Israel Defense Forces soldiers used an 11-year-old Palestinian boy as a human shield during the war against Hamas in the Gaza Strip, a group of UN human rights experts said Monday.",haaretz.com,http://www.haaretz.com/hasen/spages/1073243.html
2009-03-24,07:40:42,86xjx,4,Gaza war crimes investigation | The Guardian,guardian.co.uk,http://www.guardian.co.uk/world/series/gaza-war-crimes-investigation
2009-03-23,14:38:45,86puf,3,Oil Cos. Buy Rights to Access Water Before Communities & Farmers,blogs.discovermagazine.com,http://blogs.discovermagazine.com/80beats/2009/03/20/oil-cos-buy-rights-to-access-water-before-communities-farmers/
