2009-08-12,06:02:57,99phv,142,Message To The Australian Government From Anonymous,youtube.com,http://www.youtube.com/watch?v=CEe7qhlFNs4
2009-08-12,12:24:20,99skh,133,Costa Rican president has swine flu... no word on whether Madagascar has closed its port yet,reuters.com,http://www.reuters.com/article/topNews/idUSTRE57B04720090812
2009-08-12,18:10:24,99vcc,85,Brazil TV host ordered killings to get rid of rivals and boost ratings.,news.bbc.co.uk,http://news.bbc.co.uk/1/hi/world/americas/8196564.stm
2009-08-12,16:46:31,99uny,64,German Jews back campaign to reprint Hitler's 'Mein Kampf'  ,haaretz.com,http://www.haaretz.com/hasen/spages/1106993.html
2009-08-12,13:06:35,99sws,61,London jewel thieves make off with $66 million worth of diamonds in broad daylight.,news.bbc.co.uk,http://news.bbc.co.uk/2/hi/uk_news/england/london/8196559.stm
2009-08-12,13:13:17,99syb,61,"Today the Geneva Conventions turn 60 years old. Despite the fact that 194 states have ratified them, it still faces a struggle for respect.",news.bbc.co.uk,http://news.bbc.co.uk/2/hi/europe/8196166.stm
2009-08-12,20:54:57,99wn1,48,Australian government proposes legislation to allow no-warrant anti-terrorism raids,abc.net.au,http://www.abc.net.au/news/stories/2009/08/12/2653998.htm
2009-08-12,23:06:58,99xwa,28,Paris swimming pool denies Muslim woman entrance for wearing a 'Burqini',huffingtonpost.com,http://www.huffingtonpost.com/2009/08/12/paris-pool-denies-muslim_n_257311.html
2009-08-12,09:51:25,99rbt,24,Sibel Edmonds offers details of Turkey’s covert operations in U.S.,reporter.am,http://www.reporter.am/go/article/2009-08-10-sibel-edmonds-offers-details-of-turkey-s-covert-operations-in-u-s-
2009-08-12,19:27:46,99vyh,22,"Wild salmon are returning to the French capital for the first time in almost a century, scientists say.",news.bbc.co.uk,http://news.bbc.co.uk/2/hi/europe/8196801.stm
2009-08-12,11:53:14,99sb6,21,Salmon back in the Seine as Paris river cleans up its act  ,telegraph.co.uk,http://www.telegraph.co.uk/news/worldnews/europe/france/6011066/Salmon-back-in-the-Seine-as-Paris-river-cleans-up-its-act.html
2009-08-12,09:45:06,99ra6,20,China's military launched war games Tuesday aimed at deploying forces at long distances.,washingtonpost.com,http://www.washingtonpost.com/wp-dyn/content/article/2009/08/11/AR2009081100647_pf.html
2009-08-13,06:12:29,9a2qf,16,"Gem expert Campbell Bridges killed by Kenyan mob armed with knives, clubs, spears and even bows and arrows.",timesonline.co.uk,http://www.timesonline.co.uk/tol/news/world/africa/article6793699.ece
2009-08-12,16:47:24,99uo3,15,"Hundreds of children in northern Uganda have been affected by a rare and unexplained ""nodding disease""",alertnet.org,http://www.alertnet.org/thenews/newsdesk/IRIN/5677f08394d166eba09eefe80ba4134f.htm
2009-08-13,01:46:48,99zta,13,Meet the new boss... -- A decision by the Iraqi government to screen imported books and plans for Internet filters are being seen by intellectuals as a sign that the years of freer expression ushered in by the 2003 US-led invasion that toppled Saddam could be coming to an end.,google.com,http://www.google.com/hostednews/afp/article/ALeqM5hST9pxccEhSvY3Zwl02euf4q4EqA
2009-08-13,06:17:29,9a2rw,12,"Heckuva job, Ma Ying-jeou. Heckuva job. ",nytimes.com,http://www.nytimes.com/2009/08/13/world/asia/13taiwan.html?_r=1&partner=rss&emc=rss
2009-08-12,15:16:57,99tz7,11,Pirates in European waters,guardian.co.uk,http://www.guardian.co.uk/world/2009/aug/11/arctic-sea-missing-ship-pirates
2009-08-13,06:19:20,9a2s8,11,"29 Democratic Party members of the United States House of Representatives will visit Israel next Thursday,  fully sponsored by AIPAC, America's only pro-Israel lobby, for a huge slice of ""American Tax Dollars""",maannews.net,http://www.maannews.net/eng/ViewDetails.aspx?ID=217947
2009-08-12,08:16:52,99qly,8,"Video Retrospective: The 77-Day Ssangyong (Korea) Factory Workers Occupation. Story Ignored in US.
",mediahacker.org,http://www.mediahacker.org/2009/08/video-retrospective-the-ssangyong-occupation/
2009-08-12,10:54:15,99rud,8,"""DPJ chief hits at ‘US-led’ globalism"" The wind of populism blows in Japan, in rhetoric if not in policy, raising a hope of finally putting an end to the world's longest-standing one-party state.",ft.com,"http://www.ft.com/cms/s/0/e041b3e6-85d8-11de-98de-00144feabdc0,dwp_uuid=6617eae6-75e7-11de-84c7-00144feabdc0.html"
2009-08-12,14:51:51,99trp,7,Earthquake jolts Bangladesh for second consecutive day,news.xinhuanet.com,http://news.xinhuanet.com/english/2009-08/12/content_11868655.htm
2009-08-12,09:50:48,99rbm,7,"UK Government May be Leaning Away from Microsoft, Towards Free Software",groups.google.com,http://groups.google.com/group/comp.os.linux.advocacy/msg/6c4cb14ad978d576
2009-08-12,20:46:06,99wk3,7,Iran speaker denies prisoner rape,jpost.com,http://www.jpost.com/servlet/Satellite?cid=1249418587047&pagename=JPost%2FJPArticle%2FShowFull
2009-08-12,10:44:51,99rrx,6,Fact Checking Lobbyist Lanny Davis on Honduras,huffingtonpost.com,http://www.huffingtonpost.com/greg-grandin/fact-checking-lanny-davis_b_255900.html
2009-08-12,11:00:06,99rvz,5,Another jolt to democracy in Burma,citizen-news.org,http://www.citizen-news.org/2009/08/another-jolt-to-democracy-in-burma.html
2009-08-13,06:46:57,9a316,7,"Shi'ites in Iraq are not fighting back: ""Let them kill us... We know what they want, and we'll just be patient. But they will all go to hell.""",nytimes.com,http://www.nytimes.com/2009/08/12/world/middleeast/12shiite.html
2009-08-12,23:50:47,99ye9,5,"Russia is to spend almost $500m (£300m) next year reinforcing its military bases in Georgia's breakaway region of Abkhazia, the prime minister says.",news.bbc.co.uk,http://news.bbc.co.uk/2/hi/europe/8196974.stm
2009-08-12,18:28:57,99vho,5,"At The Mercy of ""high but friendly"" Somali Pirates - With 50 men locked in a steel box in the sweltering heat, with nothing to do, the mood on board became increasingly tense. ",spiegel.de,"http://www.spiegel.de/international/world/0,1518,641752-2,00.html"
2009-08-13,03:46:24,9a19k,4,"Typhoon knocks out Asia telecom cable: Cut in Asia-Pacific Cable Network 2 undersea cable cripples connection speeds in Asia-Pacific region Wednesday, hitting Singapore and the Philippines.",news.cnet.com,http://news.cnet.com/8301-1035_3-10308348-94.html?tag=newsEditorsPicksArea.0
2009-08-12,12:10:30,99sfq,6,Costa Rican president has gotten swine flu,nytimes.com,http://www.nytimes.com/reuters/2009/08/11/world/international-us-flu-arias.html
