2009-02-21,11:07:39,7z3b1,599,Graph of historic financial collapses puts current crisis into perspective,picsorlinks.com,http://picsorlinks.com/plicks/view/id/138
2009-02-21,21:30:42,7z664,212,"Swiss law strictly prohibits UBS from disclosing to the IRS the account information of 52,000 American customers ",bloomberg.com,http://www.bloomberg.com/apps/news?pid=20601087&sid=ae6O77_fTfv4&refer=home
2009-02-22,00:31:08,7z74s,133,Latvia’s Government Collapses,nytimes.com,http://www.nytimes.com/2009/02/21/world/europe/21latvia.html
2009-02-21,15:39:19,7z4ns,127,Zogby Poll: US Weed Legalization Support Grows,norml.org,http://norml.org/index.cfm?Group_ID=7806
2009-02-22,00:26:00,7z73h,94,"100,000 protest over Irish economy",news.bbc.co.uk,http://news.bbc.co.uk/1/hi/world/europe/7903518.stm
2009-02-22,00:01:55,7z6z0,30,Mexican Gangs Kill Cops to Force Ouster of Chief,time.com,"http://www.time.com/time/world/article/0,8599,1881115,00.html"
2009-02-22,04:40:53,7z8kt,31,Ecuador says expelled U.S. official was CIA operative,reuters.com,http://www.reuters.com/article/marketsNews/idUSN2131245320090221
2009-02-21,11:50:04,7z3ie,33,"North Korean propaganda artist flees to the West, makes satirical propaganda",nytimes.com,http://www.nytimes.com/2009/02/21/world/asia/21painter.html
2009-02-22,00:56:17,7z7a8,32,"With Help From Sympathetic Judge, Chicago Law Firm Bullies Internet Startup",arstechnica.com,http://arstechnica.com/web/news/2009/02/blockshopper-bullied-into-settling-over-web-links.ars
2009-02-21,09:09:24,7z2rf,27,"Chinese government has closed Tibet to outside observers, poured security forces into the region and vowed to ""crush"" supporters of the Dalai Lama",theage.com.au,http://www.theage.com.au/world/chinese-troops-flood-tibet-20090220-8do5.html
2009-02-22,04:37:01,7z8jy,27,"""International justice is a farce while those in the west who sided with Pol Pot's murders escape trial"" - Jon Pilger",guardian.co.uk,http://www.guardian.co.uk/commentisfree/2009/feb/21/cambodia-human-rights-john-pilger
2009-02-22,07:27:13,7z9hy,20,IDF: War crime charges over Gaza offensive are 'legal terror',haaretz.com,http://www.haaretz.com/hasen/spages/1065338.html
2009-02-21,22:55:13,7z6m4,18,Dumped in Africa: Britain’s toxic waste,independent.co.uk,http://www.independent.co.uk/news/world/africa/dumped-in-africa-britain8217s-toxic-waste-1624869.html
2009-02-22,00:17:06,7z71v,19,"TYT: Israel is never asked to be non-violent, only Gaza is.",newswithdrawal.com,http://newswithdrawal.com/2009/what-is-israel-supposed-to-do/
2009-02-21,17:34:20,7z55w,14,"Four Israeli rockets have landed in south Lebanon after a rocket fired from the country hit northern Israel, Israeli and Lebanese army says. ",presstv.ir,http://www.presstv.ir/detail.aspx?id=86319&sectionid=351020203
2009-02-21,16:56:26,7z4zz,15,Rights?  You have no rights.  I'm The Decider   -- Barack Obama,huffingtonpost.com,http://www.huffingtonpost.com/2009/02/20/obama-backs-bush-on-bagra_n_168766.html
2009-02-21,13:35:14,7z41b,14,Twenty million Chinese workers have lost their jobs in one province alone!,cnbc.com,http://www.cnbc.com/id/29292739
2009-02-21,17:59:49,7z59n,10,That other Guantanamo: Inmates at Bagram in Afghanistan are still denied rights,news.bbc.co.uk,http://news.bbc.co.uk/2/hi/south_asia/7903005.stm
2009-02-21,10:29:54,7z356,12,Dumped in Africa: Britain’s toxic waste,pww.org,http://pww.org/article/articleview/14569/
2009-02-21,19:36:52,7z5oq,11,Czech president compares EU to Soviet Union,apnews.excite.com,http://apnews.excite.com/article/20090219/D96ELNL00.html
2009-02-21,18:02:21,7z5a4,6,"US torture prison Abu Ghraib, reopens with cleaner image",news.bbc.co.uk,http://news.bbc.co.uk/2/hi/middle_east/7903052.stm
2009-02-21,19:40:08,7z5p5,9,"""Emiratis should be protected through legislation during such hard times. I find it strange that we should lose jobs in our own country.""",qatar.livejournal.com,http://qatar.livejournal.com/316012.html
2009-02-21,10:54:33,7z38w,6,Change we can believe in: Obama administration keeps Bush view on Afghanistan detainees,cnn.com,http://www.cnn.com/2009/WORLD/asiapcf/02/20/afghan.detainees/index.html
2009-02-21,21:40:16,7z67q,7,Just how powerful are the Mexican drug cartels? ,guardian.co.uk,http://www.guardian.co.uk/world/2008/nov/03/mexico-police-garay-drugs-crime
2009-02-21,16:49:55,7z4yz,6,US asks for meeting with Syrian ambassador,ynetnews.com,"http://www.ynetnews.com/articles/0,7340,L-3675079,00.html"
2009-02-22,03:45:37,7z89u,7,More than half the passengers in plane crashes escape with their lives - here are some of their stories,guardian.co.uk,http://www.guardian.co.uk/travel/2009/feb/21/plane-crashes
2009-02-21,14:24:40,7z49e,6,"On the brink of defeat, the Tamil Tigers launch an air attack on Sri Lanka's capital",time.com,"http://www.time.com/time/world/article/0,8599,1881087,00.html"
2009-02-21,11:25:30,7z3eo,5,Treasury may save the day after all,articles.moneycentral.msn.com,http://articles.moneycentral.msn.com/Investing/JubaksJournal/treasury-may-save-the-day-after-all.aspx
2009-02-22,02:36:46,7z7vx,3,Huge protests in Ireland over economy,news.bbc.co.uk,http://news.bbc.co.uk/2/hi/europe/7903518.stm
2009-02-21,08:09:35,7z2ge,4,An avalanche of pink underpants,guardian.co.uk,http://www.guardian.co.uk/world/2009/feb/20/india-knickers-protest
