2009-06-29,15:47:44,8wk05,680,I am from Honduras: It was NOT a COUP!,self.worldnews,https://www.reddit.com/r/worldnews/comments/8wk05/i_am_from_honduras_it_was_not_a_coup/
2009-06-29,21:41:54,8wmht,489,Israel: Privately run checkpoint stops Palestinians with 'too much food' ,haaretz.com,http://haaretz.com/hasen/spages/1096322.html
2009-06-29,21:39:36,8wmhc,298,"Israel tries to pull one on Obama: Plans to build 1,450 houses in settlement as compensation for evacuating 50 houses.",haaretz.com,http://haaretz.com/hasen/spages/1096432.html
2009-06-30,06:50:28,8ws19,146,India to repeal 150 year old law against homosexuality,timesonline.co.uk,http://www.timesonline.co.uk/tol/news/world/asia/article6597715.ece
2009-06-29,21:11:17,8wm9g,148,"They are still crying ""Allah akbar"" in Tehran every night. There were more clashes on the street yesterday after police beat an elderly woman. This crisis is far from over.",msnbc.msn.com,http://www.msnbc.msn.com/id/31606263/ns/world_news-mideastn_africa/
2009-06-29,15:32:45,8wjwg,142,"Honduran ""coup"" not a coup at all.  Any President who proposes to change their constitution to allow for another term ""will immediately cease carrying out their positions"".",self.worldnews,https://www.reddit.com/r/worldnews/comments/8wjwg/honduran_coup_not_a_coup_at_all_any_president_who/
2009-06-29,20:58:24,8wm5o,120,Red Cross: Israel trapping 1.5m Gazans in despair,haaretz.com,http://www.haaretz.com/hasen/spages/1096443.html
2009-06-29,21:45:49,8wmj4,92,US Air Force Test Fires ICBM Off California Coast -- Possible Warning To North Korea ,cbs8.com,http://www.cbs8.com/global/story.asp?s=10610217
2009-06-30,00:44:45,8woe7,49,Bernard Madoff has been given a prison sentence of 150 years for masterminding a massive fraud that robbed investors of $65bn (£40bn).,news.bbc.co.uk,http://news.bbc.co.uk/2/hi/business/8124838.stm
2009-06-29,12:19:45,8wip8,51,Chavez threatens to invade as Honduran army stages coup,independent.co.uk,http://www.independent.co.uk/news/world/americas/chavez-threatens-to-invade-as-honduran-army-stages-coup-1723090.html
2009-06-29,10:41:54,8wi3x,43,"The military coup that took place in Honduras this morning (Sunday, June 28), was led by School of the Americas graduate Romeo Vasquez.  Obama's statement fell short of calling for the reinstatement of Zelaya as the legitimate president.  Do you still think the CIA was not involved?",open.salon.com,http://open.salon.com/blog/deliablack/2009/06/28/all_right_you_bitches_troublemakers_on_os
2009-06-29,21:01:29,8wm6n,21,"Red Cross: Six months after Israel launched its three-week attack on Gaza, Gazans still cannot rebuild their lives",icrc.org,http://www.icrc.org/web/eng/siteeng0.nsf/htmlall/palestine-report-260609
2009-06-29,21:09:04,8wm8n,23,Israel approves 50 settler homes on the West Bank,news.bbc.co.uk,http://news.bbc.co.uk/2/hi/middle_east/8124148.stm
2009-06-29,08:19:09,8whb8,19,Bolivia Condemns Honduran Coup,prensa-latina.cu,http://www.prensa-latina.cu/index.php?option=com_content&task=view&id=95855&Itemid=1
2009-06-29,23:28:52,8wnkt,15,Honduras' Opinion Poll on changing the constitution exposes the timing and the motive for the coup.,narcosphere.narconews.com,http://narcosphere.narconews.com/notebook/kristin-bricker/2009/06/honduras-prepares-sundays-controversial-opinion-poll
2009-06-30,02:31:59,8wpnh,17,Iran Council confirms Ahmadinejad election victory,reuters.com,http://www.reuters.com/article/newsOne/idUSLT67976020090629
2009-06-30,06:44:45,8wrzw,14,Drug-resistant swine flu seen in Danish patient ,msnbc.msn.com,http://www.msnbc.msn.com/id/31628067/ns/health-swine_flu/
2009-06-29,23:56:04,8wnw1,13,Afghan leader: U.S. guards killed police chief,msnbc.msn.com,http://www.msnbc.msn.com/id/31606815/ns/world_news-south_and_central_asia/
2009-06-29,09:01:40,8whj3,16,"New Honduran ""president"" sworn in",news.bbc.co.uk,http://news.bbc.co.uk/2/hi/americas/8123513.stm
2009-06-29,23:47:32,8wnsh,13,Ahmadinejad: Neda's death is 'suspicious',cnn.com,http://www.cnn.com/2009/WORLD/meast/06/29/iran.neda.ahmadinejad/index.html
2009-06-29,18:24:46,8wl2u,13,A provincial police chief and at least six other police have been killed in a clash with US-trained Afghan guards in Kandahar,news.bbc.co.uk,http://news.bbc.co.uk/2/hi/middle_east/8123866.stm
2009-06-29,10:12:01,8why2,9,Israel plans three-month settlement freeze - reports,jordantimes.com,http://jordantimes.com/?news=17982
2009-06-30,06:22:57,8wrt9,13,Fireworks in Baghdad as U.S. troops leave- msnbc.com,msnbc.msn.com,http://www.msnbc.msn.com/id/31611805/ns/world_news-conflict_in_iraq/
2009-06-29,23:01:49,8wna7,10,NASA finds missing Moon landing tapes.,express.co.uk,http://www.express.co.uk/posts/view/110442/WORLD-EXCLUSIVE-NASA-finds-missing-moon-landing-tapes
2009-06-29,19:37:10,8wlll,11,A former civil servant who wrote an internet blog imagining the kidnap and murder of the pop group Girls Aloud has been cleared of obscenity.,news.bbc.co.uk,http://news.bbc.co.uk/2/hi/uk_news/england/tyne/8124059.stm
2009-06-29,11:44:07,8wii2,10,Keeping News of David Rohde's Kidnapping Off Wikipedia,nytimes.com,http://www.nytimes.com/2009/06/29/technology/internet/29wiki.html
2009-06-29,11:34:06,8wify,10,Rare Hemisphere Unity in Condemning of Honduran Coup and Kidnapping of Manuel Zelaya,nytimes.com,http://www.nytimes.com/2009/06/29/world/americas/29venez.html
2009-06-30,02:04:47,8wpdz,11,Russia Begins War Games Near Georgia,nytimes.com,http://www.nytimes.com/2009/06/30/world/europe/30russia.html?_r=1&src=twt&twt=nytimes
2009-06-29,12:13:28,8winy,8,Swiss police bust child pornography ring spanning 78 countries ,news.bbc.co.uk,http://news.bbc.co.uk/2/hi/europe/country_profiles/8123450.stm
2009-06-30,02:23:53,8wpkv,9,"Kim Jong Il Photo A Fake, Report Claims",cbsnews.com,http://www.cbsnews.com/stories/2009/06/29/world/main5122022.shtml
