2009-03-19,03:02:45,85ord,1382,Scenes from the recession,boston.com,http://www.boston.com/bigpicture/2009/03/scenes_from_the_recession.html
2009-03-19,21:49:36,85w8l,110,Israeli soldiers break ranks over Gaza war,reuters.com,http://www.reuters.com/article/latestCrisis/idUSLJ704206
2009-03-19,01:22:36,85nr4,79,Last white Zimbabwean farmers to be evicted,inthenews.co.uk,http://www.inthenews.co.uk/news/world/autocodes/countries/zimbabwe/last-white-zimbabwean-farmers-be-evicted-$1281187.htm
2009-03-20,04:31:29,85zzm,68,"A headteacher whose health and career were ruined by false accusations of racism and religious discrimination at a primary school dominated by Muslims has won £400,000 in damages. ",telegraph.co.uk,http://www.telegraph.co.uk/education/educationnews/5017550/Head-teacher-who-suffered-stress-from-racism-accusations-wins-400000-damages.html
2009-03-19,20:05:23,85vey,48,Pope tells Muslims that true religion rejects violence,news.yahoo.com,http://news.yahoo.com/s/ap/20090319/ap_on_re_af/af_pope_africa
2009-03-20,05:01:04,8608x,34,Bedouin villages in Israel don't get electricity because they are unrecognized. Illegal Jewish outposts do get electricity. How is this not Apartheid? ,counterpunch.org,http://www.counterpunch.org/cook03182009.html
2009-03-19,21:24:01,85vzv,25,Israeli soldiers break ranks over Gaza war,reuters.com,http://www.reuters.com/article/worldNews/idUSLJ70420620090319
2009-03-19,18:40:47,85uvn,21," How I got my genes deleted  I've had my DNA struck from police records - now it's over to the rest of you 799,999 innocents",guardian.co.uk,http://www.guardian.co.uk/commentisfree/2009/mar/19/dna-database-comment
2009-03-19,20:18:27,85vii,21,Can Israel dismiss its own troops' stories from Gaza?,haaretz.com,http://www.haaretz.com/hasen/spages/1072228.html
2009-03-20,02:30:12,85yyb,22,Former Nazi guard living in Wisconsin deported,news.yahoo.com,http://news.yahoo.com/s/ap/20090319/ap_on_go_ot/nazi_guard
2009-03-20,04:25:21,85zxw,18,"Vatican insiders declare the Pope a 'disaster' Pope Benedict's repeated gaffes and the Vatican's inability to manage his message in the internet era are threatening to undermine his papacy, Vatican insiders have said. ",telegraph.co.uk,http://www.telegraph.co.uk/news/worldnews/europe/vaticancityandholysee/5018013/Vatican-insiders-declare-the-Pope-a-disaster.html
2009-03-19,23:28:31,85x5t,16,Israeli soldiers admit shooting civilians dead during Gaza war,telegraph.co.uk,http://www.telegraph.co.uk/news/worldnews/middleeast/israel/5016115/Israeli-soldiers-admit-shooting-dead-civilians-during-Gaza-war.html
2009-03-20,04:32:45,85zzx,15,Millions take to the streets of France in protest,telegraph.co.uk,http://www.telegraph.co.uk/news/worldnews/europe/france/5018308/Millions-take-to-the-streets-of-France-in-protest.html
2009-03-19,13:30:21,85t2p,11,North Korea 'holds US reporters',news.bbc.co.uk,http://news.bbc.co.uk/2/hi/in_depth/7951982.stm
2009-03-20,04:07:24,85zs7,11,U.N. rights envoy sees Israeli war crimes in Gaza,reuters.com,http://www.reuters.com/article/homepageCrisis/idUSLJ368329._CH_.2400
2009-03-19,11:04:39,85s6f,12,Why the Pope opposes condoms,news.bbc.co.uk,http://news.bbc.co.uk/2/hi/africa/7951839.stm
2009-03-19,23:11:07,85wzk,9,Israel troops admit Gaza abuses,news.bbc.co.uk,http://news.bbc.co.uk/1/hi/world/middle_east/7952603.stm
2009-03-20,07:10:36,8617v,9,Symantec Overseas credit card scam exposed,news.bbc.co.uk,http://news.bbc.co.uk/1/hi/uk/7953401.stm
2009-03-19,22:52:19,85wt7,8,Iranian Blogger Dies In Prison Under Suspicious Circumstances ,rferl.org,http://www.rferl.org/content/Iranian_Blogger_Dies_In_Prison_Under_Suspicious_Circumstances/1512856.html
2009-03-19,13:56:09,85t7f,7,Have Humans Created a New Epoch in Earth's History?,dailygalaxy.com,http://www.dailygalaxy.com/my_weblog/2009/03/have-humans-cre.html
2009-03-19,22:42:14,85wpw,7,"Up to 1,000 Gambians have been kidnapped by ""witch hunters"" and forced to drink hallucinogenic potions at secret government detention centres, according to Amnesty International.",guardian.co.uk,http://www.guardian.co.uk/world/2009/mar/19/gambia-witchcraft-hallucinogenics
2009-03-20,06:34:19,860yw,8,"U.S. bailout money helped General Motors, yes, but China's rural subsidies helped the automaker more.",bloomberg.com,http://www.bloomberg.com/apps/news?pid=20601109&sid=a5kED8UG1.KU&refer=home
2009-03-19,12:23:23,85smy,7,A cruel trade across Vietnam’s border with China -- kidnapping Hmong women,economist.com,http://www.economist.com/world/asia/displayStory.cfm?story_id=13278577&source=hptextfeature
2009-03-20,04:58:50,86086,8,Life of kidnapped Canadian woman journalist in danger,allvoices.com,http://www.allvoices.com/contributed-news/2770418-life-of-kidnapped-canadian-woman-journalist-in-danger
2009-03-19,18:43:43,85uw9,7,"Political leaders have to ""do God"" if they are to engage properly with the modern world, even if they personally have no religious faith, former prime minister Tony Blair said today.",guardian.co.uk,http://www.guardian.co.uk/politics/2009/mar/19/tony-blair-god
2009-03-19,08:16:28,85r3s,6,"Rights group: 1,000 seized in Gambian witch hunt (AP) Authorities in Gambia have rounded up about 1,000 people and forced them to drink hallucinogens in a witch-hunting campaign that is terrorizing the tiny West African nation, an international rights group said Wednesday.",news.yahoo.com,http://news.yahoo.com/s/ap/20090318/ap_on_re_af/af_gambia_witchcraft
2009-03-19,22:36:20,85wnj,5,Does US want Blackwater to work in Iraq illegally?,russiatoday.com,http://www.russiatoday.com/Top_News/2009-03-19/Does_US_want_Blackwater_to_work_in_Iraq_illegally.html
2009-03-19,21:00:13,85vt6,5,"France braced for riots on day of protests against Nicolas Sarkozy (""militants"" called for an increased minimum wage and higher taxes for the rich)",telegraph.co.uk,http://www.telegraph.co.uk/news/worldnews/europe/france/5015355/France-braced-for-riots-on-day-of-protests-against-Nicolas-Sarkozy.html
2009-03-20,05:40:40,860km,6,Photos of underwater volcano near Tonga erupting.,online.wsj.com,http://online.wsj.com/article/SB123748748295986887.html
2009-03-20,05:22:53,860f3,7,NGOs and lawyers file complaint against Israel,humanrights-geneva.info,"http://www.humanrights-geneva.info/Human-rights-activists-file,4252"
