2009-09-03,16:00:03,9gugx,286,World's Chief Nuclear Inspector Calls Iranian Threat 'Hyped',reuters.com,http://www.reuters.com/article/topNews/idUSTRE5811V120090902?feedType=nl&feedName=ustopnewsearly
2009-09-03,21:15:19,9gwwl,199,Norway's pension fund drops Israeli company Elbit Systems Ltd. for ethical reasons as the company supplies surveillance equipment used to monitor the separation wall between Israel and the West Bank,jpost.com,http://www.jpost.com/servlet/Satellite?cid=1251804480041&pagename=JPost%2FJPArticle%2FShowFull
2009-09-03,12:11:51,9gsmg,152,Not one penny of the $5bn pledged to the Palestinians has reached Gaza,thenational.ae,http://www.thenational.ae/apps/pbcs.dll/article?AID=/20090901/FOREIGN/708319876/1140
2009-09-04,01:35:26,9gzsm,62,Azerbaijan jails two kids for making funny YouTube video critical of government,americablog.com,http://www.americablog.com/2009/09/azerbaijan-jails-two-kids-for-making.html
2009-09-03,22:18:35,9gxhl,28,Remember the ship that was hijacked andthen not hijacked before being rescued by the Russian navy? Well the editor who suggested it might have been carrying illegal arms has been threatened and has had to flee Russia,news.bbc.co.uk,http://news.bbc.co.uk/1/hi/world/europe/8235647.stm
2009-09-04,03:21:18,9h10f,27,The US has halted all non-humanitarian aid ($200m) to Honduras in the wake of the coup there in June,news.bbc.co.uk,http://news.bbc.co.uk/2/hi/americas/8236996.stm
2009-09-03,11:23:07,9gs6l,25,Bristol puts the decision to keep or erase graffiti in the hands of the internet. This can only end well.,guardian.co.uk,http://www.guardian.co.uk/artanddesign/2009/aug/31/graffiti-art-bristol-public-vote
2009-09-03,23:31:53,9gyb0,24,"""On one occasion we had it reported to us that at least one member of that family was seen to pick up ducklings in the park and kill them by throwing them against trees."" ",news.bbc.co.uk,http://news.bbc.co.uk/1/hi/england/south_yorkshire/8235661.stm
2009-09-04,02:00:00,9h03d,10,CHINA Chinese police arrest parents protesting blood lead poisoning in their children,asianews.it,http://www.asianews.it/index.php?l=en&art=16223&size=A
2009-09-03,12:19:53,9gsp0,10,"Mormon missionaries kicked out of Guyana, LDS 
has previously collaborated with Guyana's main 
political opposition ",google.com,http://www.google.com/hostednews/afp/article/ALeqM5jaiaclUCat4-tIJere1ZF4_Mns7w
2009-09-04,06:42:43,9h32p,6,China: Urumqi quiets down after protest against syringe attacks,chinadaily.com.cn,http://www.chinadaily.com.cn/china/2009-09/04/content_8653107.htm
2009-09-03,18:17:59,9gvi7,7,A controversial Kiwi mayor is being accused of bullying a group of primary school children after he sent them a letter urging them to sack their teacher.,abc.net.au,http://www.abc.net.au/news/stories/2009/09/03/2675965.htm
2009-09-03,10:55:39,9grxq,4,What if they were Muslims?,loonwatch.com,http://www.loonwatch.com/2009/08/reporter-feels-mobs-hate-in-jerusalem-hint-not-muslims/
2009-09-03,22:16:55,9gxh1,3,"Needle stabbings lead to protests in China - ""Fifteen people have been detained for allegedly stabbing people with tainted syringes in ethnically motivated attacks ...""",cnn.com,http://www.cnn.com/2009/WORLD/asiapcf/09/03/china.stabbings/
2009-09-04,01:45:28,9gzx8,4,Forty people killed in drug-related Mexico violence,rawstory.com,http://rawstory.com/news/afp/Forty_people_killed_in_drug_related_09032009.html
2009-09-04,01:22:25,9gzmq,5,Arguments due in high school football death trial,bablodos.com,http://bablodos.com/?arguments-due-in-high-school-football-death-trial
2009-09-04,07:09:06,9h3bu,3,Canadian Government appeals asylum ruling for South African,thestar.com,http://www.thestar.com/news/canada/article/690663
2009-09-04,03:09:15,9h0vc,3,US commanders report paves way for military escalation in Afghanistan!,uruknet.com,http://uruknet.com/?p=m57567&hd=&size=1&l=e
2009-09-03,13:40:37,9gtbz,2,"Indonesia quake death toll at 46, likely to rise",reuters.com,http://www.reuters.com/article/homepageCrisis/idUSSP364622._CH_.2400
2009-09-03,18:38:13,9gvn9,3,Australia has experienced its warmest August on record amid soaring winter temperatures.,news.bbc.co.uk,http://news.bbc.co.uk/2/hi/asia-pacific/8235111.stm
2009-09-03,22:02:41,9gxbx,0,Software mogul Tom Siebel attacked on safari by elephant,iol.co.za,http://www.iol.co.za/index.php?set_id=1&click_id=68&art_id=nw20090903105205470C403871
2009-09-03,19:38:14,9gw2u,0,Hizbullah arms cache that exploded contained chemical weapons,jpost.com,http://www.jpost.com/servlet/Satellite?cid=1251804477827&pagename=JPost%2FJPArticle%2FShowFull
2009-09-03,21:08:18,9gwtp,0,"Don't speculate about what the Arctic Sea was carrying when it was 'hijackes' in the Baltic, if you live on Russia",news.bbc.co.uk,http://news.bbc.co.uk/2/hi/europe/8235647.stm
2009-09-03,19:45:39,9gw4v,1,Uygur separatist Kadeer speech falls flat in European Parliament,chinadaily.com.cn,http://www.chinadaily.com.cn/china/2009xinjiangriot/2009-09/03/content_8649146.htm
2009-09-03,17:57:29,9gvcv,0,Thailand: Time for democracy movement to be clear about how to fight,links.org.au,http://links.org.au/node/1229
2009-09-04,05:39:26,9h2ic,1,"A Korean camera crew in Gaza documented one of the most heroic actions we have ever seen. It is also a video of some hope. Her courageous action seems, at least, momentarily successful.",creative-i.info,http://www.creative-i.info/?p=3785
2009-09-04,01:11:10,9gzhw,0,"Chappaquiddick &#39;haunts me,&#39; Kennedy said: reports",bablodos.com,http://bablodos.com/?chappaquiddick-39-haunts-me-39-kennedy-said-reports
2009-09-03,12:41:42,9gsvr,1,"""Laura Ling and Euna Lee make first statement regarding events leading to capture""",current.com,http://current.com/sl/laura_ling.htm
2009-09-04,00:43:47,9gz6j,0,Opening statements set in ex-football coach&#039;s case,bablodos.com,http://bablodos.com/?opening-statements-set-in-ex-football-coach-039-s-case
2009-09-04,04:06:52,9h1i6,0,South Korean government pledges non-application of the death penalty,english.hani.co.kr,http://english.hani.co.kr/arti/english_edition/e_international/374472.html
