2009-01-26,00:46:40,7sayg,105,Israeli soldiers accused of war crimes will be given state protection from prosecution overseas,news.bbc.co.uk,http://news.bbc.co.uk/1/hi/world/middle_east/7850085.stm
2009-01-26,02:05:58,7sbga,84,"Unseen Gaza - new British Channel-4 documentary, with John Snow. Will be of interest to reddit [vid]",youtube.com,http://www.youtube.com/watch?v=UeezoWRu1FU
2009-01-26,04:26:56,7sc83,76,Can someone please tell me why the people of Darfur matter less than the people of Gaza?,msnbc.msn.com,http://www.msnbc.msn.com/id/28841375/
2009-01-25,11:44:19,7s836,74,Vatican condems Obama's move to restore US funding for family planning clinics abroad that give advice on or carry out abortions,news.bbc.co.uk,http://news.bbc.co.uk/1/hi/world/europe/7849600.stm
2009-01-25,19:49:08,7s9qa,62,"Embedded with Gaza medics.  ""We get shot on our way to rescue people."" (France 24 news) [Video]",youtube.com,http://www.youtube.com/watch?v=UVHai01Toag
2009-01-25,10:32:51,7s7td,64,Descriptions of a few messed up civilian police killings due to the war on drugs.,blogs.salon.com,http://blogs.salon.com/0002762/stories/2003/08/17/drugWarVictims.html
2009-01-26,06:26:06,7sct4,50,Smuggler Caught With Heads of 353 African Gray Parrots,ecoworldly.com,http://ecoworldly.com/2009/01/25/smuggler-caught-with-heads-of-353-african-gray-parrots/
2009-01-25,14:29:07,7s8rb,46,US TV crew in Gaza: One had to wonder what reception a TV crew from an Arabic network (al-Jazeera for example) would find if they entered an American home blown apart by an Islamic army,cbsnews.com,http://www.cbsnews.com/stories/2009/01/24/eveningnews/main4751117.shtml
2009-01-25,17:06:55,7s987,44,"France will offer all 18-year-olds a free daily copy of the newspaper of their choice,",ph.news.yahoo.com,http://ph.news.yahoo.com/afp/20090123/tls-france-media-industry-youth-aeafa1b.html
2009-01-26,02:33:04,7sbkq,39,Any Israeli soldiers accused of war crimes in the Gaza Strip will be given state protection ... said Israeli PM,news.bbc.co.uk,http://news.bbc.co.uk/2/hi/middle_east/7850085.stm
2009-01-25,10:17:37,7s7rl,34,Tony Benn sneaks in an appeal for Gaza on the BBC - Thank you Tony Benn!,uk.youtube.com,http://uk.youtube.com/watch?v=ix5CkWWeSmI
2009-01-25,19:42:01,7s9ph,37,Hamas to pay out money to victims of Gaza war.  What were Israel's goals here?  Because it seems to me that Hamas is just gaining more support.,english.aljazeera.net,http://english.aljazeera.net/news/middleeast/2009/01/200912574445581696.html
2009-01-26,00:45:21,7say6,29,"Red Cross: Nightmare scenario unfolding in cholera-stricken Zimbabwe -- 50,000 cases and 3,000 deaths!",voanews.com,http://www.voanews.com/english/2009-01-23-voa37.cfm
2009-01-26,03:35:45,7sbwy,26,Not So Cool Facts About Israel,youtube.com,http://www.youtube.com/watch?v=mMGqOj-RFpc&eurl=http://current.com/items/89749183/not_so_cool_facts_about_israel.htm
2009-01-26,01:15:37,7sb50,22,News Blackout: Iranian weapons ship in US control,patriotroom.com,http://patriotroom.com/article/news-blackout--iranian-weapons-ship-in-us-control;jsessionid=657209B4DFE1EA52E10A0A660E9F11B6
2009-01-26,00:09:11,7sarn,19,Israel to shield Gaza war soldiers,english.aljazeera.net,http://english.aljazeera.net/news/middleeast/2009/01/2009125143226707260.html
2009-01-25,12:10:18,7s87h,16,Mexico: Man admits dissolving 300 bodies ,msnbc.msn.com,http://www.msnbc.msn.com/id/28824519/
2009-01-25,20:37:10,7s9v5,14,Icelandic Minister of Commerce steps down - effective immediately,icenews.is,http://www.icenews.is/index.php/2009/01/25/breaking-news-icelandic-minister-of-commerce-bjorgvin-sigurdarson-steps-down/
2009-01-25,12:03:15,7s866,15,The conflict in northern Pakistan: Why we are bombing the hell out of them.,pbs.org,http://www.pbs.org/wgbh/pages/frontline/taliban/view/#more
2009-01-26,01:27:36,7sb7s,15,New lingua franca upsets French,news.bbc.co.uk,http://news.bbc.co.uk/2/hi/programmes/from_our_own_correspondent/7844192.stm
2009-01-26,05:31:38,7scjd,11,More change: Obama administration warns public to expect rise in US casualties,guardian.co.uk,http://www.guardian.co.uk/world/2009/jan/25/obama-airstrikes-pakistan
2009-01-25,19:55:07,7s9qx,8,Guantanamo Case Files in Disarray: Situation Complicates Prison's Closure ,washingtonpost.com,http://www.washingtonpost.com/wp-dyn/content/article/2009/01/24/AR2009012401702.html?hpid=topnews
2009-01-26,04:57:57,7sce4,9,Israeli Assault on Gaza - Timeline,stephiblog.wordpress.com,http://stephiblog.wordpress.com/2009/01/05/israeli-assault-on-gaza-timeline/
2009-01-25,17:55:49,7s9e8,6,Disgusted at the BBC not showing Gaza appeal?  Use this link to complain.,bbc.co.uk,http://www.bbc.co.uk/complaints/
2009-01-25,09:23:19,7s7j6,4,"BBC director isolated in Gaza appeal refusal, as others go ahead",guardian.co.uk,http://www.guardian.co.uk/media/2009/jan/24/bbc-gaza-palestine-aid-appeal
2009-01-25,08:07:59,7s774,4,David Koresh's mother murdered,news.bbc.co.uk,http://news.bbc.co.uk/2/hi/americas/7849526.stm
2009-01-26,02:41:26,7sbmg,5,Britain on the brink of an economic depression,route24.freehost10.com,http://route24.freehost10.com/index.php/economy/britain-on-the-brink-of-an-economic-depression-say-experts.html
2009-01-26,00:42:45,7saxm,7,Archbishop attacks BBC over Gaza appeal,guardian.co.uk,http://www.guardian.co.uk/media/2009/jan/25/bbc-gaza-charity-appeal
2009-01-25,08:47:09,7s7d7,5,Zimbabwe's Central Banker Defends Policies,newsweek.com,http://www.newsweek.com/id/181221
2009-01-26,01:13:56,7sb4j,3,UN crime chief says drug money flowed into banks,swissinfo.ch,http://www.swissinfo.ch/eng/news/international/UN_crime_chief_says_drug_money_flowed_into_banks.html?siteSect=143&sid=10241796&cKey=1232903258000&ty=ti&sb=red
