2009-07-05,15:40:24,8ybcj,746,"What’s been happening in Iran since everyone stopped paying attention?  A first hand account, Vice Magazine style.",vbs.tv,http://www.vbs.tv/blog/trouble-in-tehran
2009-07-05,06:18:27,8y90w,231,"Cynthia McKinney Refuses Israel's Offer of Release - ""McKinney refused the offer because she would have been required to sign an admission of guilt that she violated Israel's blockade.""",11alive.com,http://www.11alive.com/news/local/story.aspx?storyid=132132&catid=3&provider=email
2009-07-05,10:42:01,8ya2e,105,"iranian protesters beating up the police, july 3rd",youtube.com,http://www.youtube.com/watch?v=FXevmUJcC1M&eurl=http%3A%2F%2Fvideotodaynews%2Ecom%2Findex%2Ephp%3Fvid%3DFXevmUJcC1M%26cat%3DIran%26p%3Dlg2&feature=player_embedded
2009-07-06,02:32:34,8yeap,102,Canadian gas pipeline hit by 6th bomb ,upi.com,http://www.upi.com/Top_News/2009/07/04/Canadian-gas-pipeline-hit-by-6th-bomb/UPI-77011246758206/
2009-07-05,14:24:01,8yb0c,88,New cyber sword coming to the help of Iranians,blog.austinheap.com,http://blog.austinheap.com/2009/07/04/haystack-good-luck-finding-that-needle/
2009-07-05,23:25:05,8yd6w,57,Ukraine Outlaws Possession of Porn: But Medical Purposes OK,walletpop.com,http://www.walletpop.com/blog/2009/07/03/ukraine-outlaws-possession-of-pornography-but-cant-define-what/
2009-07-06,06:07:04,8yfjs,59,"Honduras's new de facto chancellor: ""Obama is a little black man who knows nothing.""",incakolanews.blogspot.com,http://incakolanews.blogspot.com/2009/07/hondurass-de-facto-chancellor-obama-is.html
2009-07-05,23:20:12,8yd5v,50,Smokers may have to cough up $20 for a pack of cigarettes,news.com.au,http://www.news.com.au/story/0%2C23599%2C25735485-1702%2C00.html
2009-07-05,09:09:46,8y9q2,22,"German officials move to ban flat-rate bordellos. Also, German news is hilarious.",thelocal.de,http://www.thelocal.de/national/20090703-20367.html
2009-07-06,05:07:41,8yf8m,16,Israel is hijacking the voice of Jewish people,straight.com,http://www.straight.com/article-236587/sid-shniad-israels-oppression-palestinian-people-calls-boycott-divestment-and-sanctions
2009-07-05,17:59:25,8yby0,17,Leading Clerics Defy Ayatollah on Disputed Iran Election,nytimes.com,http://www.nytimes.com/2009/07/05/world/middleeast/05iran.html?_r=1&th&emc=th
2009-07-05,22:10:57,8ycub,14,"Costa Rica is the greenest and happiest country on the planet, UK comes in at 74 and the US at 114 out of 143 countries",telegraph.co.uk,http://www.telegraph.co.uk/earth/earthnews/5733503/Britain-74th-in-world-happiness-rankings.html
2009-07-06,03:37:13,8yep8,14,"Jordanian police Sunday arrested 11 people, including trade union leaders, to break up a demonstration against fruit and vegetable imports from Israel, protest organizers said.",ynetnews.com,"http://www.ynetnews.com/articles/0,7340,L-3741710,00.html"
2009-07-05,15:29:55,8ybaq,15,Ahmadinejad says he wants public talks with Obama ,cnn.com,http://www.cnn.com/2009/WORLD/meast/07/04/iran.ahmadinejad.obama/index.html
2009-07-05,21:41:20,8ycpm,16,Iran clerics defy election ruling,news.bbc.co.uk,http://news.bbc.co.uk/2/hi/middle_east/8134904.stm
2009-07-06,00:38:18,8ydld,12,"You Tube, Twitter, and Blog: Israel, Like Iran, Can't Control How the World Sees Inside It",trueslant.com,http://trueslant.com/eileenread/2009/07/05/you-tube-twitter-and-bloggers-israel-like-iran-cant-control-how-the-world-sees-inside-it/
2009-07-05,08:50:41,8y9nd,11,The Violent Oppression of Women in Islam (NSFW),terrorismawareness.org,http://www.terrorismawareness.org/videos/108/the-violent-oppression-of-wome=%20n-in-islam/
2009-07-05,10:47:39,8ya3c,14,"Syria mends US, Arab ties as ally Iran in turmoil",jordantimes.com,http://jordantimes.com/?news=18139
2009-07-05,10:57:12,8ya4p,11,"Clerical Group Defies Leader on Disputed Iran Election 
",nytimes.com,http://www.nytimes.com/2009/07/05/world/middleeast/05iran.html?_r=1&hp
2009-07-05,19:40:29,8yc9n,10,"When Americans do it, it's ""enhanced interrogation""; when Iranians do it, it's ""torture"".",salon.com,http://www.salon.com/opinion/greenwald/2009/07/04/torture/
2009-07-05,16:49:37,8ybo7,11,Philippines church bomb blast kills five,timesonline.co.uk,http://www.timesonline.co.uk/tol/news/world/asia/article6640267.ece#cid=OTC-RSS&attr=797093
2009-07-06,00:07:40,8ydeu,7,Obama seeks thaw in US-Russia ties,news.bbc.co.uk,http://news.bbc.co.uk/1/hi/programmes/from_our_own_correspondent/8133457.stm
2009-07-06,07:23:43,8yfyf,10,"En vivo lo que sucede en #Honduras. Live, the military coup is firing upon the Honduran people awaiting the arrival of President Zelaya.",telesurtv.net,http://www.telesurtv.net/noticias/canal/senalenvivo.php
2009-07-05,23:32:49,8yd8c,9,"Honduras: The upshot is that a reform-minded president supported by labor unions and social organizations is now pitted against a mafia-like, drug-ridden, corrupt political elite that is accustomed to controlling the Supreme Court, as well as congress and the presidency.",counterpunch.org,http://www.counterpunch.org/burbach07032009.html
2009-07-05,13:56:44,8yavv,5,"Zionists are furious, Canadians are allowed to watch Al Jazeera, Fox News biggest loser ",thestar.com,http://www.thestar.com/news/canada/article/659527
2009-07-06,00:04:13,8yddw,6,"""Right to food"" law in India proposed ",thehindu.com,http://www.thehindu.com/thehindu/mag/2009/07/05/stories/2009070550070300.htm
2009-07-05,23:58:10,8ydcu,6,Miliband defends future MI6 chief after details published on Facebook,news.bbc.co.uk,http://news.bbc.co.uk/1/hi/uk/8135070.stm
2009-07-05,14:00:40,8yawf,5,"Nokia recently provided the Iranian regime with a ""monitoring center"" that enables security forces to tap cell phones, scramble text-messages, and interrupt calls. Boycott Nokia!",campaigns.aicongress.org,http://campaigns.aicongress.org/nokia
2009-07-06,00:22:42,8ydib,6,Rafsanjani (carefully) criticizes the regime,themajlis.org,http://www.themajlis.org/2009/07/05/rafsanjani-carefully-criticizes-the-regime
2009-07-06,06:33:37,8yfoq,8,Ahmadinejad says he wants public talks with Obama,cnn.com,http://www.cnn.com/2009/WORLD/meast/07/04/iran.ahmadinejad.obama/
