2009-09-14,23:21:23,9ke4s,710,"in Canada the drug czar slams Harper gov't as he exits. ""...war-on-drugs approach has utterly failed over the past 40 years and must come to an end. The emperor truly has no clothes in this case,"" said his e-mail.",theprovince.com,http://www.theprovince.com/Drug+czar+slams+Harper+exits+next+adventure/1978524/story.html
2009-09-14,10:49:57,9k84f,326,Remember that 'brave' attractive looking Danish woman who was using YouTube to find the father of her kid? Turns out it was just viral marketting aimed at getting more tourists to go to Denmark.,news.ninemsn.com.au,http://news.ninemsn.com.au/world/862711/danish-womans-one-night-stand-a-hoax
2009-09-14,11:26:23,9k8e8,319,"I'll Love you forever, I'll like you for always, as long as I'm living my baby you'll be!. ---Robert Munsch get on to the Canada Walk of Fame! Anyone else love this book when they were little?",theglobeandmail.com,http://www.theglobeandmail.com/news/arts/mandel-munsch-among-new-canada-walk-of-fame-inductees/article1285850/
2009-09-15,00:09:35,9kep1,123,"Sweden's Pirate Party Makes The Web A Political Cause: Objects to two laws -- one allows 
authorities to monitor phone, fax and e-mail traffic 
crossing the country's borders. The other, a European Union directive allows copyright holders to find out the Internet addresses of file sharers",npr.org,http://www.npr.org/templates/story/story.php?storyId=112767746
2009-09-14,23:58:22,9keko,24,Russia agrees to lend Venezuela $2bn to buy weapons -- 100 tanks and a series of anti-aircraft rocket systems from Russia,news.bbc.co.uk,http://news.bbc.co.uk/2/hi/americas/8253822.stm
2009-09-15,03:12:01,9kgvs,22,US puts Europeans on alert to provide more troops for Afghan campaign,guardian.co.uk,http://www.guardian.co.uk/world/2009/sep/14/nato-army-afghanistan
2009-09-14,22:15:53,9kdex,24,"New UK rules effective next month: Human tissue can be taken for human-animal hybrid embryo experiments without donors' consent; ethics experts, patients' groups and churches consider change as ""absolutely frightening"" ",telegraph.co.uk,http://www.telegraph.co.uk/science/science-news/6179405/Human-tissue-can-be-taken-for-human-animal-embryo-experiements-without-consent.html
2009-09-14,21:58:28,9kd95,18,"China broke ground on its fourth space center Monday, highlighting the country's soaring space ambitions six years after it sent its first man into orbit.",google.com,http://www.google.com/hostednews/ap/article/ALeqM5jszhZZpw8KvbElApGPkWEikezcBAD9AN1KRO0
2009-09-15,02:09:58,9kg6k,14,Foreign troops raid south Somalia village: witnesses,rawstory.com,http://rawstory.com/news/afp/Foreign_troops_raid_south_Somalia_v_09142009.html
2009-09-15,01:59:34,9kg1q,13,"Israeli paper thinks its impossible to remove half a million Israeli settlers behind the 1967 borders because it will cost too much. Funny, I don't remember the French being compensated for evacuating Algeria",ynetnews.com,"http://www.ynetnews.com/articles/0,7340,L-3774593,00.html"
2009-09-15,04:14:40,9khlm,10,"the Islamic population remains vibrant in India whereas the Hindu population is in freefall in both Bangladesh and Pakistan because of the nature of Islam and its theory of superiority, dhimmitude, and inequality in law which is sanctioned by Islamic Sharia law.",theseoultimes.com,http://theseoultimes.com/ST/?url=/ST/db/read.php?idx=8777
2009-09-14,23:32:23,9ke9j,12,"""Although the cause of her death was lack of medical care, the real case was the lack of education in Yemen and the fact that child marriages keep happening,""",cnn.com,http://www.cnn.com/2009/HEALTH/09/14/yemen.childbirth.death/index.html
2009-09-15,02:47:55,9kgls,11,"The U.N. Environment Programme says that underground water supplies shared by Egypt, Israel and -- most vulnerably -- Gaza, could collapse due to years of over-use and contamination worsened by conflict.  ""... damage could take centuries to reverse.""",in.reuters.com,http://in.reuters.com/article/worldNews/idINIndia-42450320090914
2009-09-15,02:51:16,9kgn8,8,"Amnesty International: Authorities in Serbia have failed to protect human rights and gay activists. Physical attacks and threats to the lives and property of human rights activists are seldom promptly and impartially investigated by the authorities and few perpetrators are brought to justice.""",google.com,http://www.google.com/hostednews/afp/article/ALeqM5hdRhsY_HiOdHgWoduCHwZ4oZQzkA
2009-09-15,03:21:14,9kgzw,9,Israel discovers new way to anger world Jews - Fears that Jew numbers will soon decline are behind an ad campaign that raised hackles of the American Jewish community.,globalpost.com,http://www.globalpost.com/dispatch/israel-and-palestine/090909/israel-discovers-new-way-anger-world-jews
2009-09-15,04:40:31,9khve,7,How many posts per day is it allowed to submit in the worldnews subreddit? What is the number before considering such act as flooding?,reddit.com,http://www.reddit.com/user/truth_Xsader
2009-09-15,05:06:45,9ki67,6,Italy: City of Naples hires ex-cons to escort tourists through crime-plagued Italian city - A case of putting the fox in charge of the henhouse?,cbc.ca,http://www.cbc.ca/cp/Oddities/090913/K091302AU.html
2009-09-14,21:17:31,9kcw8,6,Venezuela gets $2.2 billion in credit for Russian arms ,jpost.com,http://www.jpost.com/servlet/Satellite?cid=1251804563419&pagename=JPost%2FJPArticle%2FShowFull
2009-09-15,03:44:03,9kh9k,0,"""Vestas refused to allow anyone to deliver food to us... I lost almost 20 kg and someone else had to go to hospital because of low blood-sugar levels... Activists of various tendencies were found there, even UNICEF supported us, due to the fact that we were not receiving food.""",socialistworld.net,http://socialistworld.net/eng/2009/09/1401.html
2009-09-14,23:05:46,9kdyb,1,"Osama bin Laden justifies 9/11 attacks in address to the American people: but bin Laden losing support among Muslims, and why the hell can't we find Osama with $25 million reward - CIA will tell ya - its hard when Pakistan approves every move.",examiner.com,http://www.examiner.com/x-4454-Chicago-Geopolitics-Examiner~y2009m9d14-Osama-bin-Laden-justifies-911-attacks-in-address-to-the-American-people
2009-09-14,16:27:32,9kaq6,0,"Obama is weakened man, says bin Laden ",dailytelegraph.com.au,http://www.dailytelegraph.com.au/news/world/obama-is-weakened-man-says-bin-laden/story-e6frev00-1225772702210
2009-09-14,21:07:34,9kct5,1,Airline plot trio get life terms,news.bbc.co.uk,http://news.bbc.co.uk/1/hi/uk/8254156.stm
2009-09-15,02:57:45,9kgq9,1,The ghost fleet of the recession ,dailymail.co.uk,http://www.dailymail.co.uk/home/moslive/article-1212013/Revealed-The-ghost-fleet-recession.html#ixzz0R04TnM2N
2009-09-14,23:51:21,9kehu,1,Web Censoring Widens Across Southeast Asia,online.wsj.com,http://online.wsj.com/article/SB125288982580207609.html#mod=WSJ_hpp_LEFTTopStories
2009-09-14,18:36:26,9kboa,1,World Population Growth.,pop-ulation.blogspot.com,http://pop-ulation.blogspot.com/2009/08/world-population-growth.html
2009-09-15,07:23:33,9kji3,0,"When Barack Obama became president and retained many of the Bush administration's military leaders, such as Defence Secretary Robert Gates, ""reasonable people knew that Obama is a powerless man who will not be able to end the war as he promised,"" said Osama bin Laden.",dailymail.co.uk,http://www.dailymail.co.uk/news/article-1213303/Osama-bin-Laden-tells-Barack-Obama-You-powerless-stop-war-new-video.html
2009-09-15,00:14:23,9ker0,1,BBC NEWS | Asia-Pacific | Aceh passes adultery stoning law,news.bbc.co.uk,http://news.bbc.co.uk/2/hi/asia-pacific/8254631.stm
2009-09-15,04:13:54,9khlc,0,"Breaking: Under new legislative reform, Scientology cannot be banned from France even if it is found guilty of fraud in the current trial. ",nytimes.com,http://www.nytimes.com/reuters/2009/09/14/world/international-uk-france-scientology.html
2009-09-15,07:30:27,9kjjy,1,Celebrity Adoption: Elton John can't adopt a Ukrainian child.,google.com,http://www.google.com/hostednews/ap/article/ALeqM5gln2fqja6SfqJGRhTepE5OS2QZoQD9AN959G2
