2009-04-24,02:31:28,8ewaq,81,"Five men decide a 19 year-old is a coward, so they take him into a tent, strip him down, handcuff and hold him down, and indecently assault him while video and photographing the scene.  This setting is Afghanistan, but the players are all British soldiers.",alertnet.org,http://alertnet.org/thenews/newsdesk/LN209336.htm
2009-04-23,10:53:04,8ep4o,53,Swedish Pirate Party Doubles in Size After Bay Verdict ,blog.wired.com,http://blog.wired.com/27bstroke6/2009/04/swedish-pirate.html
2009-04-23,08:03:18,8eo34,47,Israeli Soldiers Shoot American Between The Eyes With Tear Gas At Anti-Demolition/Settlement Protest In The West Bank [WARNING: Graphic Video],pbh2.blogspot.com,http://pbh2.blogspot.com/2009/04/more-love-from-middle-easts-only.html
2009-04-23,11:32:09,8epde,34,"10 Days after imposing Sharia Law, Taliban militants have now taken control of Brunei the strategically important district just 70 miles from the capital. Honestly, how long does Pakistan have?",nytimes.com,http://www.nytimes.com/2009/04/23/world/asia/23buner.html
2009-04-23,17:57:08,8erv6,39,[ThePirateBay] The judge that sentenced Piratebay founders is a member of antipiracy organizations,torrentfreak.com,http://torrentfreak.com/pirate-bay-lawyer-is-biased-calls-for-a-retrial-090423/
2009-04-23,19:56:15,8esmc,26,"Pirate Bay Judge Accused of Bias, Calls for a Retrial",torrentfreak.com,http://torrentfreak.com/pirate-bay-lawyer-is-biased-calls-for-a-retrial-090423/?a=a
2009-04-23,09:54:30,8eosi,20,"If Lieberman had turned up to speak, would western delegates and ambassadors have staged a walkout? ",guardian.co.uk,http://www.guardian.co.uk/commentisfree/2009/apr/23/un-race-conference-walkout-ahmadinejad
2009-04-24,06:20:12,8eyf2,18,Thailand - Army Bullets Used in Assassination Attempt,voanews.com,http://www.voanews.com/english/2009-04-23-voa29.cfm?rss=war%20and%20conflict
2009-04-24,01:16:38,8evi9,15,Netanyahu: No Peace Talks With the Palestinians Until Obama Does Something About Iran.....,weaselzippers.net,http://www.weaselzippers.net/blog/2009/04/netanyahu-no-peace-talks-with-the-palestinians-until-obama-does-something-about-iran.html
2009-04-24,06:04:02,8eya8,13,"British troops 'breached human rights laws'; captives were [allegedly] tortured, murdered and their bodies mutilated. ",timesonline.co.uk,http://www.timesonline.co.uk/tol/news/uk/article6151618.ece
2009-04-24,03:21:42,8ewsx,11,Do Palestinians Really Want a State? - the psychology of the Middle East conflict,theatlantic.com,http://www.theatlantic.com/doc/200904u/palestinian-statelessness
2009-04-24,06:48:34,8eynh,9,"Olmert, Livni and Ehud Barak charged with war crimes by a group of Norwegian lawyers. New law in Norway allows foreigners to face charges against war crimes, genocide and crimes against humanity.",arabnews.com,http://www.arabnews.com/?page=4&section=0&article=121831&d=23&m=4&y=2009
2009-04-24,06:50:37,8eyny,9,"Oh, btw, your general works for me....",news.bbc.co.uk,http://news.bbc.co.uk/2/hi/middle_east/8015354.stm
2009-04-23,22:36:24,8etuk,11,Baghdad:  A suicide bomber killed at least 28 people - detonating a belt of explosives as police distributed aid to a crowd of homeless families.,news.bbc.co.uk,http://news.bbc.co.uk/2/hi/middle_east/8014390.stm
2009-04-23,12:20:55,8eppx,8,"Czech Soldiers in Afghanistan: ""We're Not Going to Fight, it's Dangerous""....",news.com.au,"http://www.news.com.au/story/0,27574,25371649-38200,00.html"
2009-04-23,14:16:52,8eqgw,10,The Inventor of the Web Opposes to Online Spying,wariscrime.com,http://www.wariscrime.com/2009/04/23/news/the-inventor-of-the-web-opposes-to-online-spying/
2009-04-24,00:59:54,8evbo,9,I feel good today because of this video: Stand By Me performed by street musicians across the world & spliced/mixed together. Excellent.,vimeo.com,http://www.vimeo.com/moogaloop.swf?clip_id=2539741
2009-04-23,09:55:10,8eosp,9,"Bolivian President Evo Morales on Wednesday accused the World Bank of trying to ""blackmail"" his country several years ago by demanding free-market reforms in exchange for aid loans",reuters.com,http://www.reuters.com/article/latestCrisis/idUSN22347551
2009-04-23,15:29:25,8eqy0,6,Israel defies US and destroys Palestinian home,independent.co.uk,http://www.independent.co.uk/news/world/middle-east/israel-defies-us-and-destroys-palestinian-home-1672716.html
2009-04-23,11:25:30,8epc2,7,Taliban Seize Vital Pakistan Area Closer to the Capital,nytimes.com,http://www.nytimes.com/2009/04/23/world/asia/23buner.html?hp
2009-04-24,02:48:58,8ewh8,9,The Japanese government is offering to pay the air fair for hundreds of thousands of blue-collar Latin American immigrants and their families if they'll sign an agreement promising never to work in Japan again.,nytimes.com,http://www.nytimes.com/2009/04/23/business/global/23immigrant.html
2009-04-24,02:00:04,8evyt,6,The good news: Somalia's most powerful Islamist is back to stabilize the country. The bad news: Somalia's most powerful Islamist is back to stabilize the country.,news.bbc.co.uk,http://news.bbc.co.uk/2/hi/africa/8014212.stm
2009-04-24,04:13:44,8exb6,8,"Criminal duress got skipped for distractionary conversations of torture how?  Remember Valerie Plame sacrificed during spy shortage?  Why not!  How did we get her name, anyway?",ncane.com,http://ncane.com/e57
2009-04-23,11:33:50,8epdr,7,China Unveils New Fleet of Nuclear Submarines,guardian.co.uk,http://www.guardian.co.uk/world/2009/apr/22/china-submarines-foreign-relations
2009-04-23,23:47:36,8eujk,4,"As the USA gets more critical of Israel, Israel turns to the other superpower -- China.",haaretz.com,http://www.haaretz.com/hasen/spages/1080556.html
2009-04-24,07:14:18,8eyu2,6,Independent journalist fined for taking video of Belarus KGB officer,axisglobe.com,http://www.axisglobe.com/news.asp?news=14936
2009-04-23,20:00:11,8esnf,3,I saw my daughters crush to death,imagevat.com,http://imagevat.com/picview.php?ig=744
2009-04-24,01:14:27,8evhb,5,One of Norway’s largest newspapers has compared Israeli Prime Minister Ehud Olmert to the infamous Nazi commander SS Major Amon Goeth,tomgrossmedia.com,http://www.tomgrossmedia.com/mideastdispatches/archives/000766.html
2009-04-24,00:58:48,8evb1,2,Venezuela gives back island to US ,news.bbc.co.uk,http://news.bbc.co.uk/2/hi/americas/8013592.stm
2009-04-24,00:12:03,8euti,5,Why TV news fails to explain the cause of so many man-made disasters [Video],youtube.com,http://www.youtube.com/watch?v=hU4AZdxwzrM#t=1m50s
