2009-12-26,20:29:18,aio4m,524,China unveils world's fastest bullet train ,google.com,http://www.google.com/hostednews/afp/article/ALeqM5iyiGIR1KldxNfneHStjifvaiOQiQ
2009-12-26,19:07:01,ainpd,264,"In the year since Israel launched its devastating military offensive in Gaza,it has faced intense international condemnation and accusations of war crimes. Israel's response? Threats  of much harsher action.",nytimes.com,http://www.nytimes.com/2009/12/25/world/middleeast/25israel.html?
2009-12-27,02:48:52,aiqk4,111,Two Irish Catholic bishops resign during Christmas mass over church cover-up of child abuse,guardian.co.uk,http://www.guardian.co.uk/world/2009/dec/25/irish-bishops-resign
2009-12-27,02:00:51,aiq82,90,"On Dec. 26, 2004, a massive undersea earthquake off Indonesia unleashed energy equivalent to 550 million Hiroshima atomic explosions, and triggered a tsunami that killed 230,000 people in 14 Asian and African countries",google.com,http://www.google.com/hostednews/canadianpress/article/ALeqM5hZoZFN0W9OvtAJkAq1dNqixuse7A
2009-12-26,21:35:09,aiogl,40,Guttenberg: Afghanistan will never be model western democracy,dw-world.de,"http://www.dw-world.de/dw/article/0,,5058360,00.html"
2009-12-27,07:11:20,ais3n,33,28-yo man from US crosses border to North Korea on Christmas Day to raise attention on North Korean human rights,reuters.com,http://www.reuters.com/article/idUSTRE5BP06R20091226
2009-12-27,00:16:10,aipep,31,Iranian riot police clashes with anti-government protesters,nytimes.com,http://www.nytimes.com/reuters/2009/12/26/world/international-us-iran.html
2009-12-26,14:43:39,aima8,27,China sentences a former literature professor who helped draft a manifesto that demanded open elections and the rule of law to 11 years in prison for subversion,nytimes.com,http://www.nytimes.com/2009/12/26/world/asia/26china.html
2009-12-26,21:36:37,aiogy,25,Security stepped up at airports worldwide after airline incident,dw-world.de,"http://www.dw-world.de/dw/article/0,,5057722,00.html"
2009-12-26,17:05:38,ain4a,21,British paper names Iranian protester Neda 'person of the year',abc.net.au,http://www.abc.net.au/news/stories/2009/12/26/2780950.htm?section=justin
2009-12-26,19:19:16,ainrj,18,"Ukraine, having embraced capitalism, finds that even zoo animals are starved and made to live and die in terrible conditions. During Soviet times, the zoo’s facilities might have been relatively spare, but the care was far better.",nytimes.com,http://www.nytimes.com/2009/12/23/world/europe/23kiev.html
2009-12-26,16:00:06,aimrc,18,US diplomatic car allegedly tried running over an Israeli guard recently at an IDF checkpoint in the West Bank,jpost.com,http://www.jpost.com/servlet/Satellite?cid=1261364500043&pagename=JPost%2FJPArticle%2FShowFull
2009-12-27,01:01:56,aiprl,19,"China moves to reduce internet access for their citizens to only the government-approved ""whitelisted"" sites",forbes.com,http://www.forbes.com/2009/12/24/china-internet-blacklist-beijing-opinions-columnists-gordon-g-chang.html?feed=rss_popstories
2009-12-26,19:27:38,aint7,20,"A prominent opposition journalist in Kyrgyzstan, whose autocratic president has been courted by the United States, died on Tuesday after being thrown  from a sixth-story window, his arms and legs bound with duct tape. Yes, things are so much better under capitalism. ",nytimes.com,http://www.nytimes.com/2009/12/23/world/asia/23kyrgyz.html?
2009-12-26,22:39:21,aiotb,18,"Caught in Thai-Cambodian crossfire - Convicted of spying, Sivarak Chutipong became casualty in Southeast Asian political drama",globalpost.com,http://www.globalpost.com/dispatch/asia/091224/crossfire-cambodia-thailand
2009-12-26,22:37:45,aiot0,18,Uzbekistan holds election as West watches,globalpost.com,http://www.globalpost.com/breaking-news/general/uzbekistan-holds-election-west-watches
2009-12-27,02:09:57,aiqak,15,"Neda Soltan is Times Person of the Year: Neda was not political. She did not vote in her country's election, but was appalled by the rigging of the result. Since she was shot in a democracy protest, her face has become an opposition symbol",timesonline.co.uk,http://www.timesonline.co.uk/tol/news/world/middle_east/article6967927.ece
2009-12-26,17:38:12,ain9r,13,Farmers marvel at skills of Captain Miles Malone,timesonline.co.uk,http://www.timesonline.co.uk/tol/news/world/Afghanistan/article6968016.ece
2009-12-27,03:02:41,aiqo2,13,More Irish Bishops Resign Over Abuse Scandal,carnalnation.com,http://carnalnation.com/content/42310/930/more-irish-bishops-resign
2009-12-27,06:14:12,airt1,13,Welcome to Gaza's Killing Fields where Palestinian Children live. It is sad that what seems so obvious to rest of the world escapes the minds of apologists for Israeli state terror.,uruknet.info,http://www.uruknet.info/?new=61480
2009-12-26,10:46:27,aiksp,11,Pakistani Muslims Wish Their Christian Neighbors Merry Christmas by Threatening to Burn Them Alive... ,nydailynews.com,http://www.nydailynews.com/news/world/2009/12/24/2009-12-24_pakistani_christians_celebrate_christmas_in_fear.html
2009-12-26,13:13:58,ailod,8,Art is flourishing in Palestine ,belfasttelegraph.co.uk,http://www.belfasttelegraph.co.uk/news/world-news/art-flourishing-in-palestine-after-carnage-left-behind-by-israels-military-onslaught-14612811.html
2009-12-27,06:30:10,airvy,8,"Dozens of villagers in the Kenyan district of Kisii are falling prey to superstitious groups accusing them of witchcraft. A group of youths tortured five suspected witches before setting them on fire. [video]
",youtube.com,http://www.youtube.com/watch?v=Dhg7I7ZZPYE&feature=channel
2009-12-27,03:56:58,air0q,0,Why does CNN constantly claim to be 'the best news network out there'..,self.worldnews,https://www.reddit.com/r/worldnews/comments/air0q/why_does_cnn_constantly_claim_to_be_the_best_news/
2009-12-26,16:55:13,ain2a,0,"Yo, /r/worldnews, can we stop grouping jews with zionists? It only hurts your case.",self.worldnews,https://www.reddit.com/r/worldnews/comments/ain2a/yo_rworldnews_can_we_stop_grouping_jews_with/
2009-12-26,22:28:20,aioqw,0,Canada's Surfing Santa Holds front page of CNN Europe-Us with Obama and Agassi for 72 Hours,us.cnn.com,http://us.cnn.com/US/
2009-12-26,10:59:24,aikv5,0,Hatoyama's Christmas gift to Japanese extreme right,e-blogules.blogspot.com,http://e-blogules.blogspot.com/2009/12/hatoyamas-christmas-gift-to-japanese.html
2009-12-26,14:24:23,aim5w,0,Vatican security criticised after Christmas Eve Mass attack on Pope [with video],timesonline.co.uk,http://www.timesonline.co.uk/tol/comment/faith/article6967922.ece#cid=OTC-RSS&attr=2015164
