2009-01-15,18:52:30,7pw1w,1818,UN headquarters in Gaza hit by Israeli 'white phosphorus' shells,timesonline.co.uk,http://www.timesonline.co.uk/tol/news/world/middle_east/article5521925.ece
2009-01-15,06:57:58,7prwl,782,"The Darfur situation is bad, but the situation in Congo is chilling: 5.4 million dead",independent.co.uk,http://www.independent.co.uk/opinion/commentators/johann-hari/johann-hari-how-we-fuel-africas-bloodiest-war-978461.html?
2009-01-15,00:21:23,7poh7,427,"250,000 Spaniards denounce Israel's bloodshed",inteldaily.com,http://www.inteldaily.com/news/146/ARTICLE/9275/2009-01-14.html
2009-01-15,18:04:17,7pvrv,205,Israel Threatens to Shoot Unarmed Civilians aboard Mercy Ship - Tons of humanitarian aid stopped.,freegaza.org,http://www.freegaza.org/en/home/688-israel-threatens-to-shoot-unarmed-civilians-aboard-mercy-ship
2009-01-15,10:40:42,7pt86,114,"Israel's No. 1 Paper: ""Don't pity the Palestinians ... Just as a crying baby who only elicits pity will continue to cry, the citizens of Gaza will continue to cry out to the world""",ynet.co.il,"http://www.ynet.co.il/english/articles/0,7340,L-3649878,00.html?1"
2009-01-15,20:38:40,7pwnh,104,Over 300 children slaughtered by Israel - worse than Beslan,ynetnews.com,"http://www.ynetnews.com/articles/0,7340,L-3656633,00.html"
2009-01-16,04:17:18,7q0k1,92,NSA’s Wiretapping of Americans being Outsourced to Israeli Companies [vid],uk.youtube.com,http://uk.youtube.com/watch?v=hI_k9Xt00YE
2009-01-15,20:18:01,7pwjd,88,Israel hits UN refugee agency in Gaza,guardian.co.uk,http://www.guardian.co.uk/world/2009/jan/15/israel-gaza-offensive-truce-talks
2009-01-16,00:44:02,7pyma,90,"Israel shelled the UN headquarters in Gaza, burning the compound and a warehouse containing thousands of pounds of food and humanitarian supplies intended for Palestinian refugees.",huffingtonpost.com,http://www.huffingtonpost.com/2009/01/15/israel-shells-un-headquar_n_158078.html
2009-01-15,16:53:55,7pvfp,85,Human rights groups accuse Israelis of war crimes,independent.co.uk,http://www.independent.co.uk/news/world/middle-east/civilian-casualties-human-rights-groups-accuse-israelis-of-war-crimes-1366727.html
2009-01-15,08:02:12,7psbg,75,"44% of Americans blame Hamas; 14% blame Israel; 57% think Hamas has used ""excessive"" force; whereas 44% think Israel has used ""appropriate"" force",ynetnews.com,"http://www.ynetnews.com/articles/0,7340,L-3656381,00.html"
2009-01-15,22:14:18,7pxa1,70,CNN Confirms Israel Use Of White Phosphorus,youtube.com,http://www.youtube.com/watch?v=eQWl_uQKxOI&feature=channel_page
2009-01-15,20:47:02,7pwp2,66,BBC reports that Israel Defense Forces 'shot at fleeing Gazans',news.bbc.co.uk,http://news.bbc.co.uk/2/hi/middle_east/7828536.stm?
2009-01-16,01:40:26,7pz4y,62,315 children have died in Gaza in the last 19 days.,guardian.co.uk,http://www.guardian.co.uk/world/2009/jan/15/gaza-bombing-israel-war
2009-01-16,04:22:41,7q0lt,54,Child Porn Laws Used Against Kids Who Photograph Themselves,blog.wired.com,http://blog.wired.com/27bstroke6/2009/01/kids.html
2009-01-16,05:52:15,7q1fg,47,"Jew attacks three anarchists holding a ""Stop the slaughter in Gaza"" transparent during the ""Righteous among the Nations"" ceremony in Poznan.",youtube.com,http://www.youtube.com/watch?v=t_GSObX6j4Y#t=47
2009-01-16,00:52:40,7pypg,42,"Before the Olympics, China designated three legal protest zones and required would-be protestors to apply for permission. Ji Sizun did, and has now been sentenced to 3 years.",nytimes.com,http://www.nytimes.com/2009/01/16/world/asia/16china.html
2009-01-15,07:14:48,7ps0t,42,"Indian government to poverty stricken citizens: ""If you won't stop being poor, we can at least make you homeless""",cnn.com,http://www.cnn.com/2009/WORLD/asiapcf/01/14/india.slums/index.html
2009-01-15,19:28:27,7pw96,42,"Three Israeli tank shells have smashed into a United Nations compound in Gaza City, wounding three UN workers",theaustralian.news.com.au,"http://www.theaustralian.news.com.au/story/0,25197,24918742-12335,00.html"
2009-01-16,04:17:52,7q0kc,37,Israel Massacare in Gaza; Children suffer in Israel's war on Gaza,english.aljazeera.net,http://english.aljazeera.net/news/middleeast/2009/01/2009115111638892738.html
2009-01-15,20:02:47,7pwg8,33,Israeli ground forces shell hospital and UN relief building in Gaza,english.aljazeera.net,http://english.aljazeera.net/news/middleeast/2009/01/200911510353779666.html
2009-01-15,16:16:44,7pv8m,36,The Truth About the 2009 Gaza Massacre,youtube.com,http://www.youtube.com/watch?v=qWXx2VYoqbU
2009-01-15,19:10:36,7pw56,35,"Among the sites hit yesterday was Sheikh Radwan cemetery. Thirty graves were destroyed, spreading rotting flesh over a wide area. The army said it was targeting a nearby weapons cache.",guardian.co.uk,http://www.guardian.co.uk/world/2009/jan/15/human-rights-gaza-israel
2009-01-15,20:51:56,7pwq0,31,UN: Israelis hit our headquarters in Gaza with white phosphorus shells,belfasttelegraph.co.uk,http://www.belfasttelegraph.co.uk/news/world-news/un-israelis-hit-our-headquarters-in-gaza-with-white-phosphorus-shells-14142716.html?A=3
2009-01-15,09:05:23,7psom,23,The United Nations tries to outlaw criticism of Islam,nydailynews.com,http://www.nydailynews.com/opinions/2009/01/14/2009-01-14_unacceptable_censorship_the_united_natio.html
2009-01-15,14:41:52,7pupj,28,World Court Claims It Has No Jurisdiction Over Gaza War Crimes ... fucken double standards,news.antiwar.com,http://news.antiwar.com/2009/01/14/world-court-claims-it-has-no-jurisdiction-over-gaza-war-crimes/
2009-01-15,09:33:26,7psu0,23,Israel accused of war crimes,belfasttelegraph.co.uk,http://www.belfasttelegraph.co.uk/news/world-news/israel-accused-of-war-crimes-14140303.html
2009-01-15,11:03:28,7ptcr,18,"Yuck:  Israel's fierce assault on Gaza's Hamas rulers has destroyed at least $1.4 billion worth of buildings, roads, pipes, power lines and other infrastructure in already impoverished territory",miamiherald.com,http://www.miamiherald.com/691/story/853172.html
2009-01-15,08:04:17,7psbx,18,Member of British Parliament urges religious fightback against 'There is Probably No God' ad campaign,belfasttelegraph.co.uk,http://www.belfasttelegraph.co.uk/news/local-national/dup-man-urges-religious-fightback-against-no-god-campaign-14140238.html
2009-01-15,08:52:19,7pslv,21,"ALIEN microbes living just below the Martian soil are responsible for a haze of methane around the Red Planet, Nasa scientists believe.",thesun.co.uk,http://www.thesun.co.uk/sol/homepage/news/article2133475.ece
