2009-08-30,19:44:49,9fjl1,1212,One of the reasons why no one watches TV on TV anymore.,news.bbc.co.uk,http://news.bbc.co.uk/2/hi/uk_news/scotland/8227864.stm
2009-08-30,00:57:45,9fdp1,985,Early release for Iraqi shoe-thrower after his sentence was reduced for good behavior.,msnbc.msn.com,http://www.msnbc.msn.com/id/32607001/ns/world_news-conflict_in_iraq/
2009-08-30,15:23:09,9fihu,52,Oil tanker split in two before it sank near the Red Sea entrance to the Suez Canal; Egyptian officials trying to contain the oil spill,chinadaily.com.cn,http://www.chinadaily.com.cn/world/2009-08/29/content_8632917.htm
2009-08-31,02:05:41,9floo,28,Former Israeli prime minister Ehud Olmert indicted -- the first criminal indictment ever filed against a current or past Israeli prime minister,news.yahoo.com,http://news.yahoo.com/s/ap/20090830/ap_on_re_mi_ea/ml_israel_olmert
2009-08-30,22:23:46,9fkce,24,Opposition wins in Japan election - Ruling party officials set to resign after apparent crushing defeat at polls.,msnbc.msn.com,http://www.msnbc.msn.com/id/32614942/ns/world_news-asiapacific/
2009-08-30,01:36:32,9fdzw,17,"Poll: 89% of Pakistanis believe the US should be declared a hostile state.  And they are still pissed that the US substituted wheat for F-16's that were
already paid for.",opednews.com,http://www.opednews.com/articles/Pakistanis-Want-US-Declare-by-Talha-Mujaddidi-090826-504.html
2009-08-30,12:33:46,9fhow,16,Japan goes to the polls as the Liberal Democratic Party looks set to fall after 50 years of near-uninterrupted rule,news.bbc.co.uk,http://news.bbc.co.uk/2/hi/asia-pacific/8228278.stm
2009-08-31,03:34:43,9fmbe,12,Al Jazeera English - Pakistan 'modified US missiles',english.aljazeera.net,http://english.aljazeera.net/news/asia/2009/08/200983072413470167.html
2009-08-31,05:21:01,9fn0o,10,"The 2,000th anniversary of the battle that founded a nation. For most countries it would be a reason for parades and flag waving. But not this one. ",spiegel.de,"http://www.spiegel.de/international/germany/0,1518,644913-2,00.html"
2009-08-31,00:25:23,9fl0i,11,Bank officials on the run in Nigeria after giving $5.Billion worth of bad loans,naijafeed.com,http://www.naijafeed.com/naijafeed/2009/8/30/video-report-on-the-efcc-crackdown-on-corruption-in-nigeria.html
2009-08-31,02:56:10,9fm2n,8,Taiwan police clash with Dalai Lama opponents ,msnbc.msn.com,http://www.msnbc.msn.com/id/32617218/ns/world_news-asiapacific/
2009-08-30,16:00:51,9fio8,3,The Iraqi who saved Norway from oil,ft.com,http://www.ft.com/cms/s/2/99680a04-92a0-11de-b63b-00144feabdc0.html
2009-08-31,07:41:39,9fnx0,6,Afghan Resistance Statement. The decisive and complete boycott of the Afghan people with the August 20 election showed once again that the Afghans could not be trapped through conspiracies and wiles of the invaders and their surrogates,uruknet.com,http://www.uruknet.com/?p=m57475&hd=&size=1&l=e
2009-08-30,22:04:09,9fk88,1,"Lockerbie bomber release linked to oil deal: Britain agreed to include Lockerbie bomber Abdel Basset al-Megrahi in a prisoner transfer deal with Libya because of ""overwhelming interests"" shortly before an oil deal was sealed with Tripoli.",reuters.com,http://www.reuters.com/article/newsOne/idUSTRE57T0UC20090830
2009-08-31,01:55:48,9flmk,0,Belorussian Su-27 crash on Radom Air Show (Poland),militaryphotos.net,http://www.militaryphotos.net/forums/showthread.php?t=164100
2009-08-31,03:56:26,9fmgs,0,"Simon Dee, one of the biggest stars on British TV and radio in the Swinging Sixties, dies of cancer at the age of 74.",news.bbc.co.uk,http://news.bbc.co.uk/go/rss/-/2/hi/entertainment/8229429.stm
2009-08-31,07:08:04,9fnp5,0,"The affair has been dubbed 'Bloodgate'. In the dying moments of a crucial match, a Harlequins player faked a blood injury so he could be replaced by a goal kicker who could win the game.",abc.net.au,http://www.abc.net.au/news/stories/2009/08/31/2671277.htm
2009-08-30,08:49:22,9fgjl,1,China Says ‘One Child’ Policy Will Be ‘Strictly Enforced For Decades’,newstin.com,http://www.newstin.com/tag/us/136120638
2009-08-31,07:40:54,9fnwu,1,"Water Scarcity Looms as Population, Temperature Rise",worldwatch.org,http://www.worldwatch.org/node/6217
2009-08-31,07:19:36,9fnrv,0,Universities and Student Unions to pay legal fee's for Tamil Protester that was arrested. (Btw I'm the one waving the flag),macleans.ca,http://www2.macleans.ca/2009/08/27/student-cash-to-fund-legal-fees-for-staff/
2009-08-31,06:57:40,9fnmk,1,Hot Asians Show Up at Chinese film awards,chinadaily.com.cn,http://www.chinadaily.com.cn/china/2009-08/30/content_8633538.htm
2009-08-30,19:50:38,9fjlw,0,The Nations That Gave Up on Nuclear Bombs,newsweek.com,http://www.newsweek.com/id/214193?digg=1
2009-08-31,01:24:31,9flf4,1,Japan's ruling Liberal Democratic Party defeated in a landslide.,guardian.co.uk,http://www.guardian.co.uk/world/2009/aug/30/japan-opposition-heads-for-victory-election
2009-08-31,06:11:05,9fnbp,0,"Iraqi military repo men comb world for missing fighter jets, ships stashed by Saddam",nytimes.com,http://www.nytimes.com/2009/08/31/world/middleeast/31iraq.html
2009-08-30,20:27:27,9fjrd,1,India to reduce population growth 80% via electricity...,forum.catholic.org,http://forum.catholic.org/viewtopic.php?f=52&t=56708&sid=93df1f858b3da9dd2af35198a624e60b&p=739099
