2009-07-17,19:52:18,921xz,190,"US troops and contractors caused substantial damage to the archeological site at Babylon, a city considered as one of the first civilizations on earth.",news.bbc.co.uk,http://news.bbc.co.uk/1/hi/middle_east/8142929.stm
2009-07-17,16:53:41,920r2,85,"Kill IE6, for the sake of the web: expert",abc.net.au,http://www.abc.net.au/news/stories/2009/07/17/2629029.htm
2009-07-17,23:34:59,923s3,52,"Rafsanjani - ""Don't let our enemies laugh at us by putting people in prison""",guardian.co.uk,http://www.guardian.co.uk/world/2009/jul/17/rafsanjani-speaks-out-at-friday-prayers
2009-07-17,22:33:43,9238s,51,"The World Health Organisation said on Friday that the H1N1 flu pandemic is moving around the globe at an ""unprecedented"" speed as it stopped giving figures on numbers affected.",news24.com,http://www.news24.com/Content/World/SwineFlu/1255/bf195c6ed2d14568be7c4ed662e9233c/17-07-2009%2002-07/H1N1_spread_unprecedented
2009-07-17,20:26:20,92272,53,Retirement homes planned for Swiss junkies,swissinfo.ch,http://www.swissinfo.ch/eng/front/Retirement_homes_planned_for_junkies.html?siteSect=105&sid=10968434&cKey=1247829030000&ty=st&sb=red
2009-07-17,11:01:57,91y49,38,"A white supremacist whose plot to bomb ""non-British"" people included shrapnel bombs disguised as tennis balls was found guilty of terrorism in London",upi.com,http://www.upi.com/Top_News/2009/07/16/Man-plotted-to-bomb-non-British-people/UPI-20571247792110/
2009-07-18,02:52:04,925ya,36,Tehran's streets erupt after a key cleric speaks,latimes.com,"http://www.latimes.com/news/nationworld/world/la-fg-iran-prayer18-2009jul18,0,6890660.story?"
2009-07-17,23:00:27,923gt,33,"AFGHANISTAN: “Opium eases my pain, keeps my children quiet”",inteldaily.com,http://www.inteldaily.com/news/143/ARTICLE/11261/2009-07-17.html
2009-07-18,00:34:08,924f2,32,Olmert gives his prescription for how the US can ensure lasting peace between Israel and Palestine: Stop paying attention to the settlements.,washingtonpost.com,http://www.washingtonpost.com/wp-dyn/content/article/2009/07/16/AR2009071603584.html
2009-07-17,18:18:48,921b9,25,The high cost of sex work in southern Africa,plusnews.org,http://www.plusnews.org/Report.aspx?ReportId=85312
2009-07-17,10:42:17,91xyf,26,"The number of Palestinian prisoners in Israeli jails reached up to 9,600, including 345 children and 85 women, a Palestinian researcher said in a statistical report on Wednesday.",kuna.net.kw,http://www.kuna.net.kw/NewsAgenciesPublicSite/ArticleDetails.aspx?id=2014316&Language=en
2009-07-17,10:03:54,91xou,26,"US military silent on Bagram jail protest. ""The prisoners at the largest US prison in Afghanistan have refused to leave their cells for the past two weeks to shower or exercise to protest against their indefinite imprisonment.""",smh.com.au,http://www.smh.com.au/world/us-military-silent-on-bagram-jail-protest-20090716-dmz5.html
2009-07-17,00:59:26,91stn,24,CIA: Israel will fall in 20 years,easenews.net,http://www.easenews.net/?p=2426
2009-07-17,16:17:36,920ht,29,Islam Times - Hamas PM Haniyeh: Jews are not our enemy,islamtimes.org,http://islamtimes.org/vdci.3avct1arqli2t.html
2009-07-17,21:26:19,922o7,26,"Britain backs call for Israeli settlement freeze
",jordantimes.com,http://jordantimes.com/?news=18485
2009-07-17,23:34:51,923rz,24,Iranian police tear-gas protesters during prayer,news.yahoo.com,http://news.yahoo.com/s/ap/20090717/ap_on_re_mi_ea/ml_iran_election
2009-07-18,04:56:37,9274y,23,Iran's defeated presidential candidate Karroubi attacked on way to prayers by plainclothed men,breitbart.com,http://www.breitbart.com/article.php?id=CNG.8b44f482e17a75ee461bb25a06cb2ba6.871&show_article=1
2009-07-18,04:32:56,926xg,20,"After one of their top men was arrested last weekend, gunmen from Mexico's La Familia cartel went on a rampage, shooting up police stations and leaving 12 federal officers in a pile alongside a highway. Now it's offering a truce, but the Mexican government says, ""No thanks.""",csmonitor.com,http://www.csmonitor.com/2009/0717/p06s02-woam.html
2009-07-17,22:49:08,923dp,18,Security Forces Fire Tear Gas at protesters in Iran,nytimes.com,http://www.nytimes.com/2009/07/18/world/middleeast/18iran.html?hp
2009-07-18,07:45:10,928ej,15,Brit Police again show what kind of clueless fascists they are: Minority Report and Precrime arrives via a Facebook events page - for a BBQ,uk.techcrunch.com,http://uk.techcrunch.com/2009/07/17/minority-report-and-precrime-arrives-via-a-facebook-events-page/
2009-07-17,12:15:33,91ym6,12,$5000 Recycled Paper House comes complete with plumbing and basic facilities. ,inhabitat.com,http://www.inhabitat.com/2009/01/22/5000-dollar-recycled-paper-house-by/
2009-07-18,06:25:19,927wk,11,How does a developed country like Germany have a poverty rate of over 30%!!! ,news.bbc.co.uk,http://news.bbc.co.uk/2/hi/europe/8152346.stm
2009-07-18,04:17:55,926sv,10,Afghanistan: 'We are fighting ghost soldiers' ,telegraph.co.uk,http://www.telegraph.co.uk/news/worldnews/asia/afghanistan/5852615/Afghanistan-We-are-fighting-ghost-soldiers.html
2009-07-17,11:27:28,91ya5,9,CTV.ca | Vaccine may teach body to fight off lung cancer | world trials now for Canadian invented vaccine,ctv.ca,http://www.ctv.ca/servlet/ArticleNews/story/CTVNews/20090713/stimuvax_090716/20090716?hub=TopStories
2009-07-17,17:41:32,9212n,7,US Press Falsely Claims Honduran Support for Coup,cubanow.net,http://www.cubanow.net/pages/loader.php?sec=12&t=2&item=7387
2009-07-17,10:31:48,91xv1,8,(Afghanistan) How many more will die in vain before we withdraw? The attempt to exploit soldiers' deaths to win support for the shameful war in Afghanistan thankfully isn't working.,guardian.co.uk,http://www.guardian.co.uk/commentisfree/2009/jul/15/afghanistan-propaganda-soldiers-deaths-bbc
2009-07-18,03:19:55,9268z,8,Israel’s Plan to Wipe Arabic Names off the Map. ,dissidentvoice.org,http://dissidentvoice.org/2009/07/israel%E2%80%99s-plan-to-wipe-arabic-names-off-the-map/
2009-07-18,05:15:47,927be,8,There are 345 Palestinian children in Israeli prisons where physical and psychological torture are both practiced.,english.pnn.ps,http://english.pnn.ps/index.php?option=com_content&task=view&id=6183
2009-07-17,22:51:56,923ep,8,Eyewitness Report Documents Possible IDF War Crimes in Gaza,seminal.firedoglake.com,http://seminal.firedoglake.com/diary/6406
2009-07-18,01:16:20,924w1,5,Dangerous Untreated West Bank Wastewater,mwcnews.net,http://mwcnews.net/content/view/31928/26/
