2009-02-05,07:07:20,7uxsp,447,A woman suspected of recruiting more than 80 female suicide bombers has confessed to organising their rapes so she could later convince them that martyrdom was the only way to escape the shame.,news.com.au,"http://www.news.com.au/story/0,27574,25006101-401,00.html?"
2009-02-05,20:46:40,7v2m8,222,Israel seizes Gaza-bound aid ship,news.bbc.co.uk,http://news.bbc.co.uk/2/hi/middle_east/7871874.stm
2009-02-05,11:42:56,7uzh7,174,AP: The US Sold The White Phosphorous Israel Used In Gaza,editorandpublisher.com,http://www.editorandpublisher.com/eandp/news/article_display.jsp?vnu_content_id=1003936897
2009-02-05,13:57:02,7v0bq,139,Journal axes gene research on Jews and Palestinians ( for inconvenient factual info ),guardian.co.uk,http://www.guardian.co.uk/world/2001/nov/25/medicalscience.genetics
2009-02-06,01:16:57,7v4yf,111,US has far lower acceptance of Evolution than other 'developed' nations,economist.com,http://www.economist.com/daily/chartgallery/displayStory.cfm?story_id=13062613&source=features_box4
2009-02-05,23:38:39,7v3xi,113," Bill Gates Unleashes Swarm of Mosquitoes on Crowd--- ""There is no reason only poor people should be infected.""",foxnews.com,"http://www.foxnews.com/story/0,2933,488348,00.html"
2009-02-05,23:58:02,7v44r,93,"Hamas steals UN aid, distributes it only to people who support them",news.bbc.co.uk,http://news.bbc.co.uk/2/hi/middle_east/7869704.stm?
2009-02-05,10:46:25,7uz5o,89,"Claiming Sovereignty: AZ, HI, MI, MO, MT, NH, OK, & WA",mrstep.com,http://www.mrstep.com/politics/az-wa-mo-nh-ok-claiming-sovereignty/
2009-02-05,17:09:58,7v1g1,71,Israel  Clamps Down On Only News Network That Was Reporting From Gaza During Operation Cast Lead,voanews.com,http://www.voanews.com/english/2009-02-03-voa61.cfm
2009-02-06,03:15:13,7v620,58,"I had already been chilled by the docility of the people—unlike other countries in the Third World, no one approached me as I walked the streets. (The only place where I had felt a similar pattern of fear was North Korea)",slate.com,http://www.slate.com/id/2193870/?
2009-02-06,07:04:55,7v7vo,58,"Neoconservatism, in large part, is simply about enabling the most irredentist elements in Israel and sustaining a permanent war against anyone or any country who disagrees with the Israeli right",andrewsullivan.theatlantic.com,http://andrewsullivan.theatlantic.com/the_daily_dish/2009/02/a-false-premise.html
2009-02-05,14:53:23,7v0nq,43,The Hasbara Handbook: A manual for pro-Israeli propaganda. ,thepeoplesvoice.org,http://www.thepeoplesvoice.org/cgi-bin/blogs/voices.php/2007/01/13/p13653
2009-02-05,22:23:24,7v39e,39,"Despite 1,300 dead, majority of Palestinians still back Hamas rocket attacks",riverscrap.typepad.com,http://riverscrap.typepad.com/home/2009/02/gaza-war-strengthened-support-for-hamas.html
2009-02-05,12:39:09,7uzsz,39,Israel censors names of soldiers who participated in the Gaza war to protect them against war crime lawsuits.,haaretz.com,http://haaretz.com/hasen/spages/1061759.html
2009-02-05,23:01:05,7v3l8,39,Israeli army says shelling of house where girls died was 'reasonable',guardian.co.uk,http://www.guardian.co.uk/world/2009/feb/05/israel-military-civilian-deaths-gaza
2009-02-05,18:24:27,7v1um,33,"Nobody PANICcccccc, but the USAF just failed a Nuclear Inspection tests.",stripes.com,http://www.stripes.com/article.asp?section=104&article=60491
2009-02-05,23:08:01,7v3mx,25,India china submarine stand off in somalia,news.bbc.co.uk,http://news.bbc.co.uk/2/hi/asia-pacific/7868863.stm
2009-02-06,01:35:20,7v55d,19,International Criminal Court to Consider Gaza Investigation,latimes.com,"http://www.latimes.com/news/nationworld/world/la-fg-court-palestinians5-2009feb05,0,6059347.story"
2009-02-06,05:27:39,7v75v,19,Ireland: Soldiers do not want to be used to break strikes,irishtimes.com,http://www.irishtimes.com/newspaper/ireland/2009/0205/1233787117373.html
2009-02-05,08:44:59,7uyf7,10,"Since 2004, U.S. taxpayers have paid to supply over 500 million gallons of refined oil products -- worth about $1.1 billion –- to the Israeli militaryS",salon.com,http://www.salon.com/news/feature/2009/01/16/gaza_invasion/
2009-02-06,02:29:00,7v5mz,8,Take Action: DIRECTV Censors Our Gaza Strip TV Ad!,endtheoccupation.org,http://endtheoccupation.org/article.php?id=1817
2009-02-06,03:45:29,7v6bi,9,Europe: Police Cooperation With Israel Challenged,ipsnews.net,http://www.ipsnews.net/news.asp?idnews=45678
2009-02-06,06:37:33,7v7og,7,Israel hands over $43 million to help rebuild Gaza,ynetnews.com,"http://www.ynetnews.com/articles/0,7340,L-3667571,00.html"
2009-02-05,21:53:12,7v30y,7,Toyota shuts down all but one assembly line,money.cnn.com,http://money.cnn.com/2009/02/05/news/international/toyota_assembly/index.htm
2009-02-06,03:32:18,7v67i,6,20 Must Know Facts about Sri Lanka + Map,panasianbiz.com,http://www.panasianbiz.com/2009/02/20-must-know-facts-about-sri-lanka-map/
2009-02-05,20:25:09,7v2h3,7,"Liverpool, UK: ""Young people are taught how to treat stab and gunshot wounds and deal with binge drinking victims.""",liverpoolecho.co.uk,http://www.liverpoolecho.co.uk/liverpool-news/local-news/2009/02/05/gun-first-aid-lessons-for-city-children-100252-22861972/
2009-02-06,03:53:29,7v6dp,5,Bill Gates playfully frees swarm of mosquitoes - Yahoo! News,news.yahoo.com,http://news.yahoo.com/s/afp/20090205/hl_afp/usitinternethealthfinancegates;_ylt=ApYQ.v2gthWTy6kyaLuBaEes0NUE;_ylu=X3oDMTFhNmNidm8wBHBvcwM0BHNlYwN5bl9tb3N0X3BvcHVsYXIEc2xrA2JpbGxnYXRlc3BsYQ--
2009-02-05,20:49:36,7v2n0,8,The Czech Republic has been strongly criticised by Europe's leading human rights body for continuing to surgically castrate male sex offenders.,news.bbc.co.uk,http://news.bbc.co.uk/2/hi/europe/7871783.stm
2009-02-06,07:31:40,7v81t,5,Swedish ships heading to fight pirates off Somalia,icenews.is,http://www.icenews.is/index.php/2009/02/05/swedish-ships-heading-to-fight-pirates-off-somalia/
2009-02-05,21:42:38,7v2yj,6,"Israeli-Arabs take anger to ballot box - ""Nazareth is still seething about Israel's operation in Gaza.""",news.bbc.co.uk,http://news.bbc.co.uk/2/hi/middle_east/7870743.stm
