2009-11-08,03:58:48,a20u2,490,U.S. State Department: Israel is not a tolerant society,haaretz.com,http://www.haaretz.com/hasen/spages/1126286.html
2009-11-08,17:00:30,a252t,368,"Lord Drayson, UK Science Minister admits the sacking of David Nutt, has caused ""serious concern"" among the scientific community",telegraph.co.uk,http://www.telegraph.co.uk/health/healthnews/6517340/Lord-Drayson-David-Nutts-sacking-has-caused-serious-concern-in-science-world.html
2009-11-08,11:51:20,a23hx,286,"'Almost as serious as committing war crimes is covering up war crimes, pretending that war crimes were never committed and did not exist."" Dennis Kucinich",progressive.org,http://www.progressive.org/wx110409.html
2009-11-08,23:08:15,a26wq,210,Thousands of protestors on the southern Japanese island of Okinawa demand the removal of US military base there,news.bbc.co.uk,http://news.bbc.co.uk/2/hi/asia-pacific/8349083.stm
2009-11-08,11:33:35,a23ej,162,"""Do you notice that Western media are ignoring the news of Saudi air force bombing of villages in Yemen? Can you imagine the international uproar if Syria air force were to bomb villages in Lebanon?""",blogs.aljazeera.net,http://blogs.aljazeera.net/middle-east/2009/11/07/interesting-question
2009-11-08,16:36:00,a24zb,109,"'I will kill 10 of these people for each IED we find' |
				World news |
				guardian.co.uk",guardian.co.uk,http://www.guardian.co.uk/world/video/2009/nov/07/afghanistan-police-taliban-suspects
2009-11-08,01:40:01,a1zrv,24,"Hasan praised suicide bombers, loudly criticized US policies, argued (as a psychiatrist, no less) with his military patients over the worth of their sacrifices, and refused, in the name of Islam, to be photographed with female colleagues. Yet no action was taken against him.",nypost.com,http://www.nypost.com/p/news/opinion/opedcolumnists/call_this_horror_by_its_name_islamist_HT78Wt6NkWoCGq5HIOwlII
2009-11-08,22:37:57,a26pf,23,The inhabitants of Easter Island in the South Pacific have voted to restrict immigration amid overpopulation fears.,news.bbc.co.uk,http://news.bbc.co.uk/2/hi/americas/8325095.stm
2009-11-08,09:01:34,a22k1,17,Is it time to pull out of Afghanistan? - Times Online,timesonline.co.uk,http://www.timesonline.co.uk/tol/news/world/Afghanistan/article6907896.ece
2009-11-08,18:31:45,a25h4,16,Two-thirds of Brits against war in Afghanistan: BBC,blog.taragana.com,http://blog.taragana.com/n/two-thirds-of-brits-against-war-in-afghanistan-bbc-222356/
2009-11-09,06:00:39,a29qn,17,The shitstorm as a result of the collapse of one or more of the big five banks (at least $420 trillion in interest rate derivs) would basically wipe out anyone and everything in its path. No exceptions.,zerohedge.com,http://www.zerohedge.com/article/here-there-be-big-nymbers-sic
2009-11-09,01:43:08,a280y,16,Security guard drives away with £10 million while his two colleagues were inside their office. ,timesonline.co.uk,http://www.timesonline.co.uk/tol/news/world/europe/article6906774.ece
2009-11-08,22:35:06,a26ou,14,"Goldstone disappointed by US, Israel reactions to his report",jpost.com,http://www.jpost.com/servlet/Satellite?cid=1257455210214&pagename=JPost%2FJPArticle%2FShowFull
2009-11-08,23:18:37,a26yx,11,Plenty of powerful people have an interest in the mercenary behind the 'Wonga Coup' keeping his mouth shut,independent.co.uk,http://www.independent.co.uk/news/world/africa/foreign-office-warns-mann-to-keep-quiet-1816864.html
2009-11-08,10:11:33,a22y8,10,Follow the Money,news.bbc.co.uk,http://news.bbc.co.uk/1/hi/business/8249411.stm
2009-11-09,00:22:49,a27gg,11,"Brave Australian teenager rescues one, then another",theage.com.au,http://www.theage.com.au/national/brave-teenager-rescues-one-then-another-20091108-i3iz.html
2009-11-08,14:07:21,a24ay,12,"The current situation in Afghanistan is similar to, Chicago Police in the 1920s fighting Al Capone, but turning a blind eye to the gun shops where he buys his weapons and ammunition, and even paying protection money to the owners of those shops.",news.bbc.co.uk,http://news.bbc.co.uk/2/hi/south_asia/8348796.stm
2009-11-09,04:09:29,a2919,10,"Diwali spotlights Nepal's untouchables - In a modern Nepal, the ancient musician caste grasps at the old and races to catch up",globalpost.com,http://www.globalpost.com/dispatch/asia/091107/diwali-shines-rare-spotlight-nepal%E2%80%99s-untouchables
2009-11-08,11:01:29,a238m,7,"Secret police agents abducted and beat award-winning blogger Yoani Sanchez, whose online reports chronicle the dark side of everyday life in communist Cuba, on her way to a march for non-violence",france24.com,http://www.france24.com/en/node/4920209
2009-11-09,05:43:49,a29mk,7,"Omar Bashir cancels visit to Istanbul after Western pressure, and he looks *unhappy*",news.bbc.co.uk,http://news.bbc.co.uk/2/hi/europe/8349678.stm
2009-11-08,22:13:53,a26k6,5,"After troop deaths, British establishment rallies behind Afghan war.",wsws.org,http://www.wsws.org/articles/2009/nov2009/brit-n07.shtml
2009-11-08,22:30:14,a26ng,6,The son of notorious drug lord Pablo Escobar plays a central role in a film about his father’s violent legacy,globalpost.com,http://www.globalpost.com/dispatch/colombia/091106/interview-pablo-escobar-son
2009-11-08,12:04:30,a23kc,4,Palestinian teen arrested by Israeli police another struck in the head by settlers.,maannews.net,http://www.maannews.net/eng/ViewDetails.aspx?ID=237758
2009-11-08,18:40:27,a25io,3,China - Human Rights Activist Denied Entry to Shanghai Eight Times,theepochtimes.com,http://www.theepochtimes.com/n2/content/view/24854/
2009-11-08,22:45:20,a26rd,2,"""Israel will coordinate with the U.S., U.K. and France to ensure the Security Council vetoes Arab countries' resolutions on the Goldstone report,"" and Israel's war crimes are never ever discussed",haaretz.com,http://www.haaretz.com/hasen/spages/1126581.html
2009-11-08,14:37:55,a24gx,2,Honduras: Deal to restore Zelaya collapses under weight of coup regime's duplicity,links.org.au,http://links.org.au/node/1340
2009-11-09,00:13:55,a27do,1,Who Is a Jew? Court Ruling in Britain Raises Question ,nytimes.com,http://www.nytimes.com/2009/11/08/world/europe/08britain.html?pagewanted=1&_r=1&em
2009-11-08,14:26:44,a24eg,0,"Israel and Mosad are overrated, the skills and superiority of its intelligence apparatus, botched an assassination attempt against Mishal, a Hamas leader, and kidnapped a Lebanese farmer in 2006 because his name was Hasan Nasrallah",english.aljazeera.net,http://english.aljazeera.net/focus/2009/11/2009114113012534787.html
2009-11-08,11:44:17,a23gk,0," Tunisian blogger detained, The accusations she now faces are about reports published on her blog but not by herself",english.aljazeera.net,http://english.aljazeera.net/news/africa/2009/11/2009117751273306.html
2009-11-08,18:33:29,a25ha,0,Saudi prince says his country takes control of mountain away from Yemeni rebels,blog.taragana.com,http://blog.taragana.com/n/saudi-prince-says-his-country-takes-control-of-mountain-away-from-yemeni-rebels-222245/
