2009-11-07,06:26:00,a1s4t,415,"Ukraine epidemic kills 109, 763,000 infected, and 34,000 hospitalized. Last Friday 40,000 infected and 900 hospitalized.  ",javno.com,http://www.javno.com/en-world/ukraine-epidemic-kills-109_280684
2009-11-07,00:33:34,a1ofn,271,"57% of Brits think Afghan victory is impossible, and 73% want a pullout.",news.yahoo.com,http://news.yahoo.com/s/afp/20091105/wl_uk_afp/afghanistanunrestbritain
2009-11-07,13:43:14,a1v46,226,13-year-old schoolboy confronts BNP leader Griffin at memorial for Pathan Indians: 'Isn't this against your party's policy?' ,independent.co.uk,http://www.independent.co.uk/news/uk/politics/schoolboy-confronts-griffin-at-memorial-1816564.html
2009-11-08,03:36:46,a20on,195,Three doctors and a nurse have been arrested for allegedly selling newborns after telling mothers their babies had died at a private hospital in Mexico City.,telegraph.co.uk,http://www.telegraph.co.uk/news/worldnews/centralamericaandthecaribbean/mexico/6505231/Doctors-in-Mexico-arrested-over-newborn-baby-selling-ring.html
2009-11-08,01:43:13,a1zsl,146,"A brand new set... of lies. 
Leave it to CBC to set us all straight. Long live the free press.",cbc.ca,http://www.cbc.ca/health/story/2009/11/06/h1n1-media.html
2009-11-07,00:20:00,a1o8x,126,Anne Frank diary offends Lebanon's Hezbollah,google.com,http://www.google.com/hostednews/afp/article/ALeqM5itf1-VAct-8J9HM60sa5sFwpqWBg
2009-11-08,05:24:14,a21bp,15,"Confronted by growing evidence that sex between men is a significant driver of new HIV infections, the Kenyan government has shed a long-time refusal to acknowledge the existence of homosexuality and will launch a survey of gay attitudes and behaviors in its three biggest cities next year.",time.com,"http://www.time.com/time/world/article/0,8599,1936514,00.html?xid=rss-topstories"
2009-11-08,03:25:44,a20m3,12,"We announce to the world that our objective is to establish an independent Islamic State in Afghanistan. We do not plan to invade or impose Islamic Shari’a on any other country, especially the European countries,” concludes the Taliban statement.",jamestown.org,http://www.jamestown.org/single/?no_cache=1&tx_ttnews[tt_news]=35705&tx_ttnews[backPid]=7&cHash=93092c242c
2009-11-07,10:20:49,a1ttq,12,Russian ultranationalist admits murdering a human rights lawyer and a journalist.  He shot them both at point-blank range - in broad daylight.,nytimes.com,http://www.nytimes.com/2009/11/07/world/europe/07russia.html?_r=1
2009-11-07,14:33:35,a1vfi,12,"A new Internet freedom provision means that European countries can still adopt ""three-strikes"" rules targeting P2P users, but they must presume innocence, guard privacy, and allow for judicial appeal",arstechnica.com,http://arstechnica.com/tech-policy/news/2009/11/eu-adopts-internet-freedom-provision-on-net-cut-offs.ars
2009-11-08,05:22:20,a21be,11,Ho Chi Minh City has seen its population increase by 41.14 percent or more than two million people over the last decade.,saigon-gpdaily.com.vn,http://www.saigon-gpdaily.com.vn/Hochiminhcity/2009/10/75365/
2009-11-07,20:16:07,a1xhd,11,"With Blair out of the picture, the EU is trying to decide what kind of personality it wants for the new position of president",globalpost.com,http://www.globalpost.com/dispatch/european-union/091106/bye-bye-blair-hello-who
2009-11-07,09:54:59,a1to1,9,"There's No There There: IAEA Inspects Iran Nuclear Site; Finds ""Nothing To Be Worried About""",crooksandliars.com,http://crooksandliars.com/nicole-belle/theres-no-there-there-iaea-inspects--0
2009-11-07,21:43:56,a1y0b,10,"China-India border dispute comes to the boil.
 
Dalai Lama finds himself caught in the middle as world’s most populous nations — both nuclear armed — flex their muscles",timesonline.co.uk,http://www.timesonline.co.uk/tol/news/world/asia/article6906997.ece
2009-11-08,02:56:03,a20ej,5,British PM urges global financial tax,cbc.ca,http://www.cbc.ca/world/story/2009/11/07/g20-meeting-scotland.html?ref=rss
2009-11-08,04:43:35,a213m,5,Cuba's best-known blogger Yoani Sanchez said state security officials seized and assaulted her in an effort to block her participation in a march against violence.,miamiherald.com,http://www.miamiherald.com/581/story/1321125.html
2009-11-08,07:43:46,a223r,3,"With the amount of money and time we put into making our weapons and training our soldiers, how do things like this keep happening?",nytimes.com,http://www.nytimes.com/2009/11/08/world/asia/08afghan.html?_r=1&ref=global-home
2009-11-07,12:22:50,a1ul5,4,Interview with Matthew Hoh - the officer who resigned a few weeks ago in protest over the Afghan war - explains his reasons,youtube.com,http://www.youtube.com/watch?v=E5EKSBBnzpE
2009-11-07,14:16:26,a1vbd,2,French company EDF Energy wants Britain to fix the market if it builds nuclear plants: British families could be forced to pay up to £227 extra on their annual energy bills to help fund the project,business.timesonline.co.uk,http://business.timesonline.co.uk/tol/business/related_reports/the_future_of_energy/article6907099.ece
2009-11-07,20:27:03,a1xk0,2,"CIA men jailed for 'extraordinary rendition' kidnap 
of Muslim cleric",dailyrecord.co.uk,http://www.dailyrecord.co.uk/news/uk-world-news/2009/11/05/cia-men-jailed-for-extraordinary-rendition-kidnap-of-muslim-cleric-86908-21799022/
2009-11-07,15:30:48,a1vsc,1,A taste of the conflict and mass movement of populations that may spread across the world if population growth outstrips natural resources.,obamaers.com,http://www.obamaers.com/bad-news-yemen-could-become-first-nation-to-run-out-of-water/
2009-11-08,02:28:59,a206q,2,"The organiser of the failed Equatorial Guinea coup in 2004 had been pardoned – he's out, and he's still singing like an amphetamine-charged canary!",guardian.co.uk,http://www.guardian.co.uk/commentisfree/2009/nov/06/await-joy-simon-singing-canary
2009-11-07,09:43:39,a1tlc,1,"Reported Cases in Ukraine Double Again To 871,037",recombinomics.com,http://www.recombinomics.com/News/11060901/Ukraine_4X.html
2009-11-07,21:32:21,a1xxw,0,30 Years later in Iran: The tale of two protests! Death to America vs. Death to the Dictator!,allvoices.com,http://www.allvoices.com/contributed-news/4572975-30-years-later-in-iran-the-tale-of-two-protests-death-to-america-vs-death-to-the-dictator
2009-11-08,01:36:37,a1zqy,0,Skype's Legal situation clears ,linuxcrunch.com,http://linuxcrunch.com/content/skypes-legal-situation-clears
2009-11-07,08:34:19,a1t36,0,"Privatisation debate in Queensland, Australia…

Anna Bligh and Andrew Fraser have a Plan for Queensland. Unfortunately, it is the wrong plan. And it has not been subject to the critical examination that it deserves.",leftfocus.blogspot.com,http://leftfocus.blogspot.com/2009/11/queensland-privatisation-fight-betrayal.html
2009-11-07,12:00:31,a1ugi,0,Coping With Climate Change: Which Societies Will Do Best?,e360.yale.edu,http://e360.yale.edu/content/feature.msp?id=2205
2009-11-07,11:40:04,a1uc8,0,Massive offshore oilspill compared to Exxon Valdez - how have I not heard about this? ,english.aljazeera.net,http://english.aljazeera.net/news/asia-pacific/2009/11/20091141122537121.html
2009-11-07,14:04:43,a1v8t,1,"Mr. Kofi Opoku Manu, the Ashanti Regional Minister, has stressed the need for Ghana to do more to address the soaring population and reduce the pressure on the socio-economic infrastructure.",ghananewsagency.org,http://www.ghananewsagency.org/s_social/r_8914/
2009-11-07,20:32:14,a1xl1,1,The diminishing natural resources and declining economic growth simply means that the country cannot afford more mouths.,nation.co.ke,http://www.nation.co.ke/oped/Editorial/-/440804/679604/-/phon26z/-/
