2009-08-21,23:08:54,9csml,2898,"Effective today, Mexico decriminalizes possession of small amounts of marijuana, cocaine, heroin and other drugs",nytimes.com,http://www.nytimes.com/2009/08/21/world/americas/21mexico.html?_r=1
2009-08-21,13:57:56,9co8b,335,"Australian woman, residing in Japan was a victim of a violent rape by American servicemen. Japanese police made no attempt to preserve urine sample, sperm or DNA on her body. Why?... because in 1953, Japan agreed not to exercise primary right of jurisdiction over members of the U.S. armed forces",economist.com,http://www.economist.com/displaystory.cfm?story_id=12756824
2009-08-22,05:50:01,9cxdu,78,Sweden has turned down a demand that it condemn the recent publication of an article that links Israeli soldiers to the death of Palestinian civilians with the motive of obtaining their organs.,presstv.com,http://www.presstv.com/detail.aspx?id=104128&sectionid=351020605
2009-08-21,08:35:25,9clw8,76,The head of the Polish army has resigned after a dispute in which he accused the government of failing to properly equip troops in Afghanistan.,news.bbc.co.uk,http://news.bbc.co.uk/2/hi/europe/8213266.stm
2009-08-22,03:30:09,9cvvw,16,Iran to allow UN inspectors to visit heavy water reactor.  ,news.yahoo.com,http://news.yahoo.com/s/nm/20090821/ts_nm/us_iran_nuclear
2009-08-22,04:29:01,9cwl0,17,A suspected victim of a notorious US serial killer has been found alive and well more than 50 years after her supposed death.,timesonline.co.uk,http://www.timesonline.co.uk/tol/news/world/us_and_americas/article6805539.ece#cid=OTC-RSS&attr=797093
2009-08-21,22:37:13,9cs92,15,"Norwegian Towns Sue Citigroup over Subprime Loss. ""In some of the towns, services including schooling, care for the elderly and even a municipal pool in the frozen north of Scandinavia have all been cut. ",timesoftheinternet.com,http://www.timesoftheinternet.com/100169.html
2009-08-22,04:25:38,9cwjs,13,"Honduras: ""A Chilean photojournalist said about 20 police surrounded him, demanded his camera and beat him when he refused""",hosted.ap.org,http://hosted.ap.org/dynamic/stories/L/LT_HONDURAS_COUP?SITE=TXKER&SECTION=HOME&TEMPLATE=DEFAULT
2009-08-21,20:57:24,9crfh,12,The Xinjiang riots have rattled China so much that they are implementing extra security measures in Inner Mongolia where there is no separatist movement to speak of,trueslant.com,http://trueslant.com/joshuakucera/2009/08/21/road-trip-with-the-chinese-communist-party-part-2/
2009-08-22,01:52:11,9cunq,11,"Now the government has released Abdel Basset Ali al-Megrahi, the man convicted of the Lockerbie bombing, the appeal he had filed will never be heard by a judge. Was he released to preempt government embarrassment over an insecure conviction?",thelede.blogs.nytimes.com,http://thelede.blogs.nytimes.com/2009/08/21/lockerbie-the-unanswered-questions/
2009-08-21,23:29:29,9csv3,8,"Sign petition to free Newsweek journalist Maziar Bahari, imprisoned in Iran since June 21 in the wake of mass protests. Bahari has not been allowed to meet with a lawyer, and has not been afforded proper legal representation in court.",newsweek.com,http://www.newsweek.com/id/208690
2009-08-21,08:28:20,9cluh,7,The IDF: Israel’s Organ Grinder,waronyou.com,http://waronyou.com/topics/the-idf-israels-organ-grinder/
2009-08-22,01:26:04,9cua3,6,Mexico decriminalizes small-scale drug possession,rawstory.com,http://rawstory.com/blog/2009/08/mexico-legalizes-drug-posession/
2009-08-22,07:12:21,9cy2t,4,The latest British soldier to die during the elections in Afghanistan was the son of the SAS hero who led the raid during the Iranian Embassy siege,timesonline.co.uk,http://www.timesonline.co.uk/tol/news/uk/article6805884.ece#cid=OTC-RSS&attr=797093
2009-08-21,18:24:58,9cqb3,3,"Press chokes on ""bitter pill"" of Libyan apology",swissinfo.ch,http://www.swissinfo.ch/eng/front/Press_chokes_on_bitter_pill_of_Libyan_apology.html?siteSect=105&sid=11105403&cKey=1250845984000&ty=st&sb=red
2009-08-22,02:59:36,9cvhx,4,Power hungry Latin American President Pushes Through Constitutional Referendum To Allow Him To Run For 3rd Term,washingtonpost.com,http://www.washingtonpost.com/wp-dyn/content/article/2009/08/20/AR2009082002431.html?hpid=sec-world
2009-08-22,04:25:57,9cwju,6,"The US and UK have reacted angrily to the welcome given in Libya to the Lockerbie bomber, freed from prison on compassionate grounds.",news.bbc.co.uk,http://news.bbc.co.uk/2/hi/africa/8214708.stm
2009-08-22,04:31:06,9cwlz,2,Russia dismisses Chechen dam blast claim,english.aljazeera.net,http://english.aljazeera.net/news/europe/2009/08/2009821163830211536.html
2009-08-22,03:14:09,9cvo1,3,"Police were stunned when a 17 year old girl confessed to a serial killing spree that started when she was 15 and has resulted in the death of 30 men – that she has admitted to...she started targeting men in her home of San Paulo, Brazil, for “money, revenge and justice”.",inquisitr.com,http://www.inquisitr.com/33841/girl-confesses-to-serial-killing-spree-when-15/
2009-08-22,07:27:57,9cy6w,3,"2nd Lead Poisoning Case Hits China, 1,300 Sick",cbsnews.com,http://www.cbsnews.com/stories/2009/08/20/ap/health/main5255250.shtml?tag=contentMain;contentBody
2009-08-22,01:07:24,9cu1g,3,"""Some people fear the full truth about the Lockerbie bombing will never emerge... 
Megrahi: 'A convenient scapegoat?'""
",news.bbc.co.uk,http://news.bbc.co.uk/2/hi/uk_news/scotland/8211596.stm
2009-08-21,13:32:23,9co0t,1,Hamid Karzai and Warlords Mount Massive Vote Fraud Scheme in Afghanistan,ipsnews.net,http://www.ipsnews.net/news.asp?idnews=48142
2009-08-21,09:06:41,9cm41,0,"""Obedient"" wife's evidence in triple murder trial:  ""In 25 years of marriage being assaulted 50 times is not a big deal."" ",news.com.au,"http://www.news.com.au/couriermail/story/0,23739,25957636-3102,00.html"
2009-08-21,20:13:21,9cr2y,1,Afghanistan: From insurgency to insurrection ,economist.com,http://www.economist.com/printedition/displayStory.cfm?Story_ID=14265001
2009-08-22,04:23:26,9cwim,0,Three American trekkers held in Iran.Families of three young Americans detained in Iran supposedly entered the country.  Their family members have illegitimately set up a website to campaign for their release.,dailynewsjunction.com,http://www.dailynewsjunction.com/2009/08/three-american-trekkers-held-in-iran/
2009-08-21,11:38:55,9cn70,0,President of Guerrero state congress murdered in Mexico,eideard.wordpress.com,http://eideard.wordpress.com/2009/08/20/president-of-guerrero-state-congress-murdered-in-mexico/
2009-08-22,01:04:50,9cu07,0,Violence forces polls to shut amid low Afghan turnout,timesonline.co.uk,http://www.timesonline.co.uk/tol/news/world/Afghanistan/article6803686.ece
2009-08-22,03:06:52,9cvkr,0,"Lockerbie victims' families gonna stick it to the man in NYC, gonna rage of the steps of the UN next month",wcbstv.com,http://wcbstv.com/local/pan.am.lockerbie.2.1138636.html
2009-08-21,11:43:39,9cn8l,1,"India, China Fight Poverty, Population Growth",ipsnews.net,http://ipsnews.net/news.asp?idnews=47652
2009-08-22,01:54:15,9cuop,2,Prepare for a likely second wave of swine flu cases,news.com.au,"http://www.news.com.au/story/0,23599,25963594-38197,00.html"
