2009-04-07,16:42:35,8akrv,1983,The dark side of Dubai,independent.co.uk,http://www.independent.co.uk/news/world/middle-east/the-dark-side-of-dubai-1664368.html
2009-04-08,07:26:57,8as4h,612,Hundreds of photographers have staged a protest outside Scotland Yard against a new law which they say could stop them taking pictures of the police.,news.bbc.co.uk,http://news.bbc.co.uk/2/hi/uk_news/7892273.stm
2009-04-07,17:06:52,8akwz,76,"Israeli Physicians for Human Rights: Israel created ""terror without mercy"" in Gaza",guardian.co.uk,http://www.guardian.co.uk/world/2009/apr/07/israel-gaza-human-rights-report
2009-04-08,06:16:43,8armp,71,"If waterboarding was a war crime when the Japanese did it to my father, why isn't it a war crime anymore?...",bradblog.com,http://www.bradblog.com/?p=7043
2009-04-08,00:37:56,8aocj,71,Iraqi shoe-thrower's sentence cut to one year.,google.com,http://www.google.com/hostednews/afp/article/ALeqM5gO2z1TXGU_KmIUX9STaquDDmp21A
2009-04-08,02:03:28,8ap8v,67,"Cop hits man at G20, man later dies of ""natural causes"" [VID]",guardian.co.uk,http://www.guardian.co.uk/uk/2009/apr/07/video-g20-police-assault
2009-04-07,08:02:41,8ahot,47,OMG WTF is wrong with these people?  Video of Witches being burned in Kenya NOT FOR THE FAINTHEARTED,inewsit.com,http://www.inewsit.com/video/gallery/Five-people-suspected-to-be-witchcrafts-were-bruterly-murded-in-kisii-Nyamataro-Village
2009-04-07,22:57:48,8ana5,27,Students in Moldova have attacked the country's parliament in protest at the victory of the governing Communist Party in Sunday's general election.,news.bbc.co.uk,http://news.bbc.co.uk/2/hi/europe/7987608.stm
2009-04-07,15:03:09,8ak6o,26,"Obama renewes support for the Annapolis agreement but an Israeli Minister responds: ""Israel does not take orders from Obama"" ",hindu.com,http://www.hindu.com/thehindu/holnus/003200904070942.htm
2009-04-07,23:19:09,8anij,20,Students use Twitter to storm presidency in Moldova ,telegraph.co.uk,http://www.telegraph.co.uk/news/worldnews/europe/moldova/5119449/Students-use-Twitter-to-storm-presidency-in-Moldova.html
2009-04-07,14:13:05,8ajvl,20,Iceland said to be one of the five most dangerous countries in the world,newsfrettir.com,http://newsfrettir.com/index.php?option=com_content&view=article&id=217:iceland-said-to-be-one-of-the-five-most-dangerous-countries-in-the-world&catid=17:protests&Itemid=128
2009-04-07,11:08:15,8aird,18,Pfizer to pay $75m after deaths of Nigerian children in drug trial experiment,independent.co.uk,http://www.independent.co.uk/news/world/africa/pfizer-to-pay-16350m-after-deaths-of-nigerian-children-in-drug-trial-experiment-1663402.html
2009-04-08,05:46:51,8are5,16,"25 years in prison for ex-president of Peru, Alberto Fujimori, guilty of murder and kidnapping for death squad activities (How many for Cheney, Bush?)",google.com,http://www.google.com/hostednews/ap/article/ALeqM5htUPkH7Bz66auxZnmZBfzQ6Q3gdQD97DMD580
2009-04-07,20:49:14,8am9b,14,"Palestinian, acting alone, kills three Israelis. Off duty police officer shoots him dead. To teach a lesson, they tear down his house against the appeals of his family. Meanwhile, they shoot dead another Palestinian who drives at them during this!",news.bbc.co.uk,http://news.bbc.co.uk/2/hi/middle_east/7987317.stm
2009-04-07,18:00:22,8al7x,15,"Dollar as the world reserve currency system is ""coming to an end"": Soros",cnbc.com,http://www.cnbc.com/id/30069223
2009-04-08,00:10:32,8ao25,12,Last Saturday a 75-year-old retired university professor was severely beaten in a cemetery as part of what rights groups are saying is a concerted effort by the Chinese government to head off any efforts to memorialize the deaths of hundreds of Tiananmen Square protestors.,nytimes.com,http://www.nytimes.com/2009/04/08/world/asia/08china.html
2009-04-07,23:24:35,8ankd,14,Indian journalist throws a shoe at top minister - the shoe protest craze continues,telegraph.co.uk,http://www.telegraph.co.uk/news/worldnews/asia/india/5119846/Indian-journalist-throws-a-shoe-at-top-minister.html
2009-04-07,22:20:37,8amxx,11,Violent Protests Erupt in Moldova ,nytimes.com,http://www.nytimes.com/2009/04/08/world/europe/08moldova.html?ref=global-home
2009-04-07,20:32:54,8am5h,11,India bans mining of asbestos but not its import and usage. Canada regulates usage of asbestos but allows mining and export. Pop quiz: Where does Canada sell asbestos?,twnside.org.sg,http://www.twnside.org.sg/title/deadly-cn.htm
2009-04-07,03:55:59,8afoj,11,Al Jazeera's take on Obama's address to the Turkish parliament,english.aljazeera.net,http://english.aljazeera.net/news/europe/2009/04/20094611538303268.html
2009-04-07,23:25:29,8ankr,9,Indian shoe thrower released!!,upi.com,http://www.upi.com/Top_News/2009/04/07/India-shoe-thrower-released-without-charge/UPI-14151239105203/
2009-04-07,09:44:36,8aibg,9,Sexting: Should Teens be Prosecuted? at BettyConfidential.com,bettyconfidential.com,http://www.bettyconfidential.com/ar/ld/a/Should_teens_be_prosecuted_for_sexting.html
2009-04-08,01:50:54,8ap41,8,"Swiss slide into deflation signals the next chapter of this global crisis:  Watch Switzerland closely. It is tipping into deflation, the first Western country to succumb to Japan's disease.",telegraph.co.uk,http://www.telegraph.co.uk/finance/comment/ambroseevans_pritchard/5110578/Swiss-slide-into-deflation-signals-the-next-chapter-of-this-global-crisis.html
2009-04-08,04:41:30,8aqtz,8,Moldova students raid parliament,news.bbc.co.uk,http://news.bbc.co.uk/2/hi/europe/7987608.stm?
2009-04-07,15:26:29,8akbr,9,Schindler's actual list turns up in Australia,belfasttelegraph.co.uk,http://www.belfasttelegraph.co.uk/news/world-news/schindlers-list-turns-up-in-australia-14260736.html
2009-04-08,01:08:30,8aoo6,5,Anti-communist riots in Moldova,reuters.com,http://www.reuters.com/news/video?videoId=101660&newsChannel=worldNews
2009-04-08,02:22:59,8apgd,5,"6 US lawmakers visit Cuba: ""Raul Castro wants a normal relationship with the United States""",google.com,http://www.google.com/hostednews/ap/article/ALeqM5iAmsicW8N2RLyDMGseghZNrEpiNgD97DE1TG0
2009-04-08,06:31:22,8arqb,8,Italian Scientist: My earthquake prediction was ignored,cnn.com,http://www.cnn.com/2009/WORLD/europe/04/06/italy.quake.prediction/
2009-04-07,22:43:56,8an5g,7,BREAKING: Revolution broke up in Moldova!,google.com,http://www.google.com/hostednews/ap/article/ALeqM5iypaXTzF39gprHKwgIbaQSOUPO_wD97DKGK00
2009-04-07,22:50:21,8an73,5,"[PDF, unfortunately] Red Cross report on treatment of 14 detainees in CIA custody. Suffocation by water, beatings, confinement in a box, prolonged nudity, sleep deprivation.",nybooks.com,http://www.nybooks.com/icrc-report.pdf
