2009-08-05,04:24:43,97ihz,826,North Korea's Kim releases U.S. journalists,reuters.com,http://www.reuters.com/article/worldNews/idUSL470650420090804
2009-08-05,20:09:22,97psh,185,Zambian reporter sends pictures of woman giving birth without medical assistance to health minister. Now she is being accused of distributing porn? WTF?,news.bbc.co.uk,http://news.bbc.co.uk/2/hi/africa/8185221.stm
2009-08-05,21:08:38,97q90,158,"US Gov't demands the names of 52,000 citizens with secret Swiss bank accounts.  Gets 5000 after threat of nothing at all from Swiss Gov't.",wbur.org,http://www.wbur.org/news/npr/111551193
2009-08-06,05:34:17,97vne,143,Hiroshima - 64 years ago tomorrow,boston.com,http://www.boston.com/bigpicture/2009/08/hiroshima_64_years_ago.html
2009-08-06,03:01:11,97u11,93,"Male rape cases and castrations increasing in Congo, though most go unreported due to severe humiliation.",nytimes.com,http://www.nytimes.com/2009/08/05/world/africa/05congo.html?
2009-08-06,02:28:45,97tob,66,"Iran executes 24 in one of largest mass executions in three decades. Iran uses slow hanging to prolong suffering. This is how ""holy"" men run a country?",telegraph.co.uk,http://www.telegraph.co.uk/news/worldnews/middleeast/iran/5978808/Iran-executes-24-in-one-of-largest-mass-executions-in-three-decades.html
2009-08-06,03:57:02,97umy,64,The Israeli government is desperately trying to censor IDF soldiers who are contradicting the governments official story of the Gaza Massacre,btselem.org,http://www.btselem.org/English/Press_Releases/20090802.asp?
2009-08-05,21:07:13,97q8c,32,Police used teargas to disperse protesters rallying in support of a Sudanese woman facing 40 lashes for wearing trousers in public ,reuters.com,http://www.reuters.com/article/oddlyEnoughNews/idUSTRE5734IP20090804?feedType=RSS&feedName=oddlyEnoughNews
2009-08-06,07:53:42,97wvh,33,"President of Toyota: “We are fast approaching ‘peak oil’ when the demand for oil exceeds supply,” ",bloomberg.com,http://www.bloomberg.com/apps/news?pid=20601101&sid=a0eHZdG.lAY0
2009-08-05,21:34:29,97qg5,35,Chinese teenager beaten to death in internet addiction clinic,timesonline.co.uk,http://www.timesonline.co.uk/tol/news/world/asia/article6739615.ece
2009-08-06,03:01:37,97u16,30,"Losing Patience with Israel: Having sacrificed so much in the Middle East, America will not think twice about asking its friends—especially the one it bankrolls, and which is occupying densely Arab-populated land—to sacrifice, too",theatlantic.com,http://www.theatlantic.com/doc/200908u/kaplan-israel
2009-08-06,03:00:15,97u0p,29,"Tortured, then Murdered: Journalist Found in Shallow Grave near Acapulco, Mexico",freemedia.at,http://www.freemedia.at/index.php?id=288&tx_ttnews%5Btt_news%5D=4485&cHash=f1a19e268a
2009-08-06,06:00:11,97vvt,26,"World Leaders Refuse to Congratulate Ahmadinejad
",renovomedia.com,http://renovomedia.com/world-news/world-leaders-refuse-to-congratulate-ahmadinejad/
2009-08-06,06:21:49,97w39,22,Brazilians Urged to Urinate in Shower,news.aol.com,http://news.aol.com/article/pee-in-shower-save-rainforest/604665
2009-08-05,10:00:28,97le6,20,Blackwater Employees Speak Out,osborneink.com,http://www.osborneink.com/2009/08/blackwater-employees-speak-out.html
2009-08-05,19:06:57,97pea,19,'Muhammad Knows Nothing About Football': Muslims Angered by Verse in German Soccer Club Song,spiegel.de,"http://www.spiegel.de/international/zeitgeist/0,1518,640393,00.html"
2009-08-05,10:50:31,97lrx,17,A Milton Keynes mother was fined £80 for overstaying her baby's funeral by ten minutes,smh.com.au,http://www.smh.com.au/world/mother-fined-for-overstaying-her-babys-funeral-20090805-e8t8.html
2009-08-06,05:14:09,97vfr,16,"$2,000 for Shiite-Sunni couples who marry, as Iraqi government program seeks to mix sects",39online.com,"http://www.39online.com/news/nationworld/sns-ap-ml-iraq-mixed-marriages,0,7937212.story"
2009-08-05,20:53:49,97q4c,13,"Israelis have created a homegrown mafia that can give the Russians, Chinese and Albanians a run for the money",trueslant.com,http://trueslant.com/nealungerleider/2009/08/05/inside-the-israeli-mafia/
2009-08-05,04:58:37,97ivq,12,Kim Jong Il has pardoned and released two U.S. journalists after meeting with former U.S. President Clinton. Clinton rocks :-),edition.cnn.com,http://edition.cnn.com/2009/WORLD/asiapcf/08/04/nkorea.clinton/index.html
2009-08-06,01:26:13,97syt,10,Web site tracks world online censorship reports ,tech.yahoo.com,http://tech.yahoo.com/news/ap/20090804/ap_on_hi_te/us_tec_online_censorship_site
2009-08-05,10:47:31,97lr5,10,Chinese survey finds prostitutes more trusted than officials,rawstory.com,http://rawstory.com/08/news/2009/08/04/chinese-survey-finds-prostitutes-more-trusted-than-officials/
2009-08-05,14:55:51,97nma,11,Ahmadinejad is sworn in as Iranian president.,news.yahoo.com,http://news.yahoo.com/s/ap/20090805/ap_on_re_mi_ea/ml_iran_election
2009-08-06,00:53:46,97sjs,7,"Ex-Employees Link Blackwater Founder Eric Prince to Murder, Threats",democracynow.org,http://www.democracynow.org/2009/8/5/in_explosive_allegations_ex_employees_link
2009-08-06,04:46:09,97v63,8,The Chinese government is to introduce a new pension scheme for the country's hundreds of millions of rural workers.,news.bbc.co.uk,http://news.bbc.co.uk/2/hi/asia-pacific/8186234.stm
2009-08-05,21:24:57,97qd0,9,Football Song Written in 1924 in Germany Rouses Protest From Muslims Today ,news.bbc.co.uk,http://news.bbc.co.uk/2/hi/europe/8185209.stm
2009-08-06,05:07:38,97vdy,6,"South Korea: ""I think it's time those who ordered the attack on the striking employees be arrested...""",revleft.com,http://www.revleft.com/vb/showpost.php?p=1509448&postcount=4
2009-08-06,01:44:59,97t69,7,The Hidden Truth Behind Drug Company Profits-- and how to fix the system in one fell swoop,commondreams.org,http://www.commondreams.org/view/2009/08/05
2009-08-05,12:09:26,97mda,7,Latest Tragic Symbol of an Unhealed Congo—Male Rape Victims,nytimes.com,http://www.nytimes.com/2009/08/05/world/africa/05congo.html
2009-08-06,06:17:35,97w1f,7,"Remember Susan Boyle, YouTube / Britain's Got Talent sensation? She has had an image makeover..and its impressive",harpersbazaar.com,http://www.harpersbazaar.com/fashion/fashion-articles/susan-boyle-makeover-0909
