2009-06-23,07:57:19,8upyw,524,Another site showing pictures of protesters for Identification by the Basij! Help bring it down!,gerdab.ir,http://www.gerdab.ir/fa/pages/?cid=407
2009-06-22,14:05:52,8ugzu,102,Israel Sells Palestinian homes That Were Held In Trust,youtube.com,http://www.youtube.com/watch?v=BoSOG37-GsQ
2009-06-23,01:59:28,8umpq,79,"This Site is posting photos of opposition figures (protestors) in Iran, asking people to turn in information about them. What can we do about this, Reddit?",bultannews.com,http://www.bultannews.com/pages/?cid=14164
2009-06-22,12:52:10,8ugjb,64,"""At 1am on June 19, police and funeral cars arrived at the hotel, wanting to take the body away. 2,000 Shishou residents blocked the hotel entrance to protect Xu's corpse."" ",globalvoicesonline.org,http://globalvoicesonline.org/2009/06/21/china-mass-incident-sparkled-by-a-dead-body/
2009-06-23,01:28:01,8umcu,56,"""Suck on Our Yachts"": Goldman Sachs Issues Non-Apology for Destroying the World Economy-- Goldman Sachs chief Lloyd Blankfein says he's sorry, then proceeds to brag about screwing us all. ",alternet.org,http://www.alternet.org/workplace/140806/%22suck_on_our_yachts%22%3A_goldman_sachs_issues_non-apology_for_destroying_the_world_economy/
2009-06-22,20:39:49,8ujqa,47,"Iran's Guardian Council, a top review panel with responsibility for overseeing the June 12 presidential election, said it had uncovered some irregularities in the polls, finding the number of votes in 50 districts exceeded the number of voters.",online.wsj.com,http://online.wsj.com/article/SB124566035538436595.html
2009-06-23,02:25:27,8umzt,31,Bahrain has ordered the closure of a prominent newspaper after it printed an article critical of political leaders in its powerful Gulf neighbour Iran.,news.bbc.co.uk,http://news.bbc.co.uk/2/hi/middle_east/8112993.stm
2009-06-23,07:57:19,8upyx,36,US Drug War Money Funded Peru Indigenous Massacre,narcosphere.narconews.com,http://narcosphere.narconews.com/notebook/kristin-bricker/2009/06/us-drug-war-money-funded-peru-indigenous-massacre
2009-06-22,08:01:59,8uf2t,28," The number of trucks entering the Gaza Strip is very close to the absolute minimum required for basic sustenance, as determined by the IDF itself.",sabbah.biz,http://sabbah.biz/mt/archives/2009/06/21/gaza-bonanza/
2009-06-22,16:13:33,8uhyx,30,Iran Admits Discrepancies in 3 Million Votes,nytimes.com,http://www.nytimes.com/2009/06/23/world/middleeast/23iran.html
2009-06-23,02:50:19,8un8g,23,A U.N. court trying masterminds of Rwanda's 1994 genocide Monday gave a 30-year jail sentence to a former interior minister accused of tricking thousands of people to hide on a hill before they were killed. ,washingtonpost.com,http://www.washingtonpost.com/wp-dyn/content/article/2009/06/22/AR2009062200376.html
2009-06-23,02:31:22,8un1o,22,"Iranians can draw on a rich culture of resistance to authority, going back to the country’s first experiments with constitutional rule, a hundred years ago.",newyorker.com,http://www.newyorker.com/reporting/2009/06/29/090629fa_fact
2009-06-22,15:45:21,8uhqq,18,Iran asks BBC reporter to leave ,news.bbc.co.uk,http://news.bbc.co.uk/2/hi/middle_east/8111638.stm
2009-06-23,02:23:43,8umz7,19,French President Nicolas Sarkozy has spoken out strongly against the wearing of the burka by Muslim women in France,news.bbc.co.uk,http://news.bbc.co.uk/1/hi/world/europe/8112821.stm
2009-06-22,14:27:54,8uh5r,16,The president of the southern Russian republic of Ingushetia has survived an assassination attempt,news.bbc.co.uk,http://news.bbc.co.uk/2/hi/uk_news/8112109.stm
2009-06-22,21:28:31,8uk3d,12,Iranian forces ready to clear country of 'hooligans',cnn.com,http://www.cnn.com/2009/WORLD/meast/06/22/iran.election/index.html
2009-06-23,07:27:31,8upr6,10,The war of gold against humanity. Many of the evils of the world are still the result of the greed of a few,inaltreparole.net,http://inaltreparole.net/money/humans220609.html?lang=en
2009-06-23,02:19:33,8umxg,13,Iranian leaders will always believe Anglo-Saxons are plotting against them - Christopher Hitchens,slate.com,http://www.slate.com/id/2221020/
2009-06-22,08:52:41,8ufbe,11,Modern Iranian Culture for Dummies,vanityfair.com,http://www.vanityfair.com/online/oscars/2009/06/modern-iranian-culture-for-dummies.html
2009-06-22,09:11:19,8ufds,9,Want to see which countries are pulling their weight for humanity? Rank them by their Nobel Laureates per capita.,students.informatics.unimelb.edu.au,http://students.informatics.unimelb.edu.au/~atroche/wikipedia/nobel.py
2009-06-22,12:58:18,8ugkq,9,Greenland assumes self-rule,nytimes.com,http://www.nytimes.com/2009/06/22/world/europe/22greenland.html?ref=global-home
2009-06-22,20:13:09,8ujk4,9,Split deepens between Iranian reformist and conservative clerics,latimes.com,"http://www.latimes.com/news/la-fg-iran-arrests22-2009jun22,0,2820302.story?track=notottext"
2009-06-22,23:28:49,8ul5o,7,"Researchers compared official Iranian election results with those from the 2005 election, and say that what they found ""raises questions"", a euphemism for ""makes no sense"".",cnn.com,http://www.cnn.com/2009/WORLD/meast/06/21/iran.vote.survey/
2009-06-22,13:24:05,8ugqo,5,Beautiful Poem by medieval Persian Poet Saadi relates to ongoing effort to support Iran.,self.worldnews,https://www.reddit.com/r/worldnews/comments/8ugqo/beautiful_poem_by_medieval_persian_poet_saadi/
2009-06-23,01:22:35,8uman,8,Iranian Guards Issue Warning as Vote Errors Are Admitted ,nytimes.com,http://www.nytimes.com/2009/06/23/world/middleeast/23iran.html?_r=1&ref=global-home
2009-06-23,03:15:48,8unhc,9,"Obama to speak Tuesday on Iran, NKorea, and 
domestic reform",google.com,http://www.google.com/hostednews/afp/article/ALeqM5g5fbRJ6IYIHMqC10h1Kwwk6aHqUQ
2009-06-22,23:13:53,8ul0i,6,Scientology executives play violent game of musical chairs to Queen's Bohemian Rhapsody,tampabay.com,http://www.tampabay.com/news/article1012148.ece
2009-06-23,07:46:21,8upvz,9,"Increasingly casual use of blinding lasers by US forces is proving dangerous to its own troops, as well as innocent foreign civilians under their occupation.",military.com,http://www.military.com/news/article/June-2009/laserrelated-eye-injuries-rising-fast.html?ESRC=eb.nl
2009-06-23,02:36:31,8un35,8,"Sacred lines have been crossed in Iran? - With 'unprecedented' protests, return to the status quo seems impossible",msnbc.msn.com,http://www.msnbc.msn.com/id/31487518/ns/world_news-mideastn_africa/
2009-06-22,10:53:32,8ufvg,7,Israel speaks out in favor of Iranian people...interesting,thepoliticalfish.com,http://www.thepoliticalfish.com/?p=450
