2009-07-11,13:37:54,906z3,461,Unsuccessful Basiji hitting cameraman...unsuccessful because the video has been uploaded to youtube and I was able to submit it to reddit!!!,youtube.com,http://www.youtube.com/watch?v=Q03lMQBM9co&eurl=http%3A%2F%2Fwww%2Ehuffingtonpost%2Ecom%2F2009%2F07%2F10%2Firan%2Duprising%2Dblogging%2Dfr%5Fn%5F229344%2Ehtml&feature=player_embedded
2009-07-12,00:11:42,90aj1,226,German parliament passes Internet censorship bill ,theinquirer.net,http://www.theinquirer.net/inquirer/news/1356941/german-parliament-passes-internet-censorship
2009-07-11,10:04:00,905t1,131,"Turkey attacks China ""genocide."" Turkish apparently lacks a word for ""irony.""",news.bbc.co.uk,http://news.bbc.co.uk/2/hi/asia-pacific/8145451.stm
2009-07-11,17:26:29,908dg,105,"Irish blasphemy law is not sinister new law, but an amendment to an unenforceable old one to make it even less viable.",self.worldnews,https://www.reddit.com/r/worldnews/comments/908dg/irish_blasphemy_law_is_not_sinister_new_law_but/
2009-07-11,15:08:17,907ij,102,Australia's net filtering a $33m waste: child groups,australianit.news.com.au,"http://www.australianit.news.com.au/story/0,24897,25756003-15306,00.html"
2009-07-11,05:04:15,903ux,59,Medvedev Shows Off Sample Coin of New ‘World Currency’ at G-8,bloomberg.com,http://www.bloomberg.com/apps/news?pid=20601087&sid=aeFVNYQpByU4
2009-07-11,21:15:37,909hm,42,"8 British Soldiers Died in the Last 24 Hours in
Afghanistan. 15 British Soldiers in the Last 10
Days! More killed in Afghanistan since 2001
than in Iraq!",news.bbc.co.uk,http://news.bbc.co.uk/2/hi/uk_news/8145735.stm
2009-07-11,14:37:33,907c4,33,"French controversial ""3 strikes"" online copyright infringement bill aimed at taking repeat offenders offline returns, now with judicial oversight!",arstechnica.com,http://arstechnica.com/tech-policy/news/2009/07/its-baack-french-3-strikes-law-gets-another-go-from-senate.ars
2009-07-12,05:33:26,90cqn,30,"Obama tells pope he wants to reduce abortions in U.S.
",reuters.com,http://www.reuters.com/article/topNews/idUSTRE5693XC20090710?feedType=RSS&feedName=topNews
2009-07-12,07:29:25,90dcc,28,Abu Ghraib Italy. Too many strange deaths in italian prisons. The fight of some families and mothers against media silence,inaltreparole.net,http://inaltreparole.net/en/resistance/mortiincarcere110709.html
2009-07-12,06:37:25,90d3i,26,"10 Cases of American Intervention in 
Latin America (Balanced historic 
perspective to explain anti-U.S. 
sentiment in the region.)",listverse.com,http://listverse.com/2009/07/11/10-cases-of-american-intervention-in-latin-america/
2009-07-11,09:07:25,905in,22,"Amazing PBS documentary: ""Heart of Jenin"" - A Palestinian boy's tragic death gives five Israelis the gift of life (full video available at link)",pbs.org,http://www.pbs.org/wnet/wideangle/episodes/heart-of-jenin/introduction/4991/
2009-07-12,05:39:43,90cry,21,"Robert Stevens, chief executive of Lockheed Martin Corp, told reporters at a media dinner that the very definition of global security was expanding to include things such as access to clean drinking water, secure transportation, and alternative energy sources.",reuters.com,http://www.reuters.com/article/topNews/idUSTRE55D22U20090615?pageNumber=1&virtualBrandChannel=0
2009-07-12,01:09:03,90ax7,13,"Honduras - Minister of Culture Rodolfo Pastro Fasquell: ""The world must know that what has passed is a plot by business people from corporations who wanted to maintain their privileges... Honduras has the highest and most monstrous rates of poverty in Latin America.""",escambray.cu,http://www.escambray.cu/Eng/Special/CoupHonduras/Croadblocks090710321.htm
2009-07-12,06:17:51,90czn,9,A piece of paper. G8 doesn't care much about Human Rights in the world. But maybe the web will eventually change something,inaltreparole.net,http://inaltreparole.net/en/world/humanrights100709.html
2009-07-12,07:20:05,90db1,7,Released European journalist tells his story about being jailed in Iran for 'espionage',washingtontimes.com,http://www.washingtontimes.com/news/2009/jul/11/journalist-says-detention-in-iran-was-harsh-but-no/
2009-07-11,19:15:54,908x2,8,"Stateless earth creature burns Social Security card, proclaims love for all humankind",nostate.com,http://www.nostate.com/2594/stateless-earth-creature-burns-social-security-card-proclaims-love-for-all-humankind/
2009-07-11,08:44:16,905es,7,China's Ethnic Fault Lines - WSJ.com,online.wsj.com,http://online.wsj.com/article/SB10001424052970203547904574279952210843672.html
2009-07-12,00:57:44,90ats,5,Venezuelan Coupist in Honduras,globalresearch.ca,http://www.globalresearch.ca/index.php?context=viewArticle&code=20090710&articleId=14315
2009-07-12,07:27:26,90dc0,2,One Honest Palestinian Journalist,nationalpost.com,http://www.nationalpost.com/story-printer.html?id=1780178
2009-07-11,16:55:28,9086w,6,Executed for becoming a Christian.,timesonline.co.uk,http://www.timesonline.co.uk/tol/news/world/africa/article6683148.ece
2009-07-12,07:48:17,90dfx,5,"A US company has apologised after featuring a Welsh couple murdered on their Caribbean honeymoon as ""happy customers""",news.bbc.co.uk,http://news.bbc.co.uk/2/hi/wales/south_west/8144730.stm
2009-07-12,02:17:40,90bik,1,TIME - Afghanistan,time.com,"http://www.time.com/time/world/article/0,8599,1909261,00.html"
2009-07-11,22:51:41,90a0z,5,"Iran is preparing a new package of ""political, security and international"" issues to put to the West",reuters.com,http://www.reuters.com/article/newsOne/idUSTRE56A0S120090711
2009-07-11,18:19:09,908ne,3,"“That’s ****ing desperate, so it is,” complained one elderly resident. “It’s a wigwam, for ***’s sake, it’ll not last ten minutes. Whoever thought this up should be ***ing put on it.”",timesonline.co.uk,http://www.timesonline.co.uk/tol/news/uk/article6685061.ece
2009-07-11,17:57:04,908ja,2,Chinese netizens resent media bias on Urumqi riot coverage.,globalvoicesonline.org,http://globalvoicesonline.org/2009/07/10/china-call-for-tough-response-and-resent-of-biased-media/
2009-07-11,15:18:38,907l8,2,"Via BBC news,Health experts have suggested that the United States armed forces should become tobacco-free within 20 years.",abc.net.au,http://www.abc.net.au/news/stories/2009/07/11/2623183.htm
2009-07-12,02:11:36,90bga,1,Amazing smuggled video of the capture of the Free Gaza 21. It shows the atmosphere inside the cabin as the crew try to negotiate with the Israeli ship via radio.,ricenpeas.com,http://www.ricenpeas.com/2009/July/cynthia_mckinney_intvw.html
2009-07-11,10:22:53,905xb,3,I was a stranger. The catholic church against italian security decree that criminalize undocumented immigrants.,inaltreparole.net,http://inaltreparole.net/en/resistance/cattolici090709.html
2009-07-11,08:19:41,905a1,3,Somali Muslims behead seven Christians,news.yahoo.com,http://news.yahoo.com/s/nm/20090710/wl_nm/us_somalia_conflict_1
