2009-02-22,07:01:01,7z9d8,630,Iran: the friendliest people in the world,timesonline.co.uk,http://www.timesonline.co.uk/tol/travel/destinations/middle_east/article5768065.ece
2009-02-23,00:34:25,7zdjz,200,"Prison Break Greek Style: Second helicopter escape in three years, police once again ridiculed",news.bbc.co.uk,http://news.bbc.co.uk/2/hi/europe/7904624.stm
2009-02-23,07:52:17,7zg3o,124,China prepares to buy up foreign oil and gas companies with its huge currency reserves,telegraph.co.uk,http://www.telegraph.co.uk/finance/newsbysector/energy/4781037/China-prepares-to-buy-up-foreign-oil-companies.html
2009-02-22,22:14:46,7zcwm,115,Don't let Slumdog Millionaire fool you: there are no fairy-tale endings for most of India's street kids. I was one of them myself.,newsweek.com,http://www.newsweek.com/id/185798
2009-02-22,07:11:35,7z9fe,117,International Atomic Energy Agency: Iran NOT producing weapon-grade uranium!,hinduonnet.com,http://www.hinduonnet.com/2009/02/22/stories/2009022253751300.htm
2009-02-22,16:20:07,7zbov,103,"Bankers Laugh In the Face Of Recession...by spending 43,000 pounds on champagne.  And another 5 grand on the tip.",telegraph.co.uk,http://www.telegraph.co.uk/news/newstopics/howaboutthat/4700148/City-banker-spent-43000-on-champagne.html
2009-02-23,04:33:30,7zf0q,107,A Series of Suicides Unnerves West Point,nytimes.com,http://www.nytimes.com/2009/02/22/nyregion/22west.html
2009-02-22,23:24:52,7zd7a,89,"120,000 protesters in recession-hit Ireland brought Dublin city centre to a standstill",google.com,http://www.google.com/hostednews/afp/article/ALeqM5h-2YAiEAC9OSrsNnMxYl0ZbagLrw
2009-02-23,02:14:36,7ze6m,45,Iran to begin operation of 1st nuclear power plant,news.yahoo.com,http://news.yahoo.com/s/ap/20090222/ap_on_re_mi_ea/ml_iran_nuclear;_ylt=Ah.wcoY3mRq4yTFYWJUkPN7Zn414
2009-02-23,00:06:31,7zdey,46,Revealed: full horror of Gitmo inmate's beatings,guardian.co.uk,http://www.guardian.co.uk/world/2009/feb/22/binyam-mohamed-injuries
2009-02-23,06:42:15,7zfrx,36,"The United Arab Emirates is considering legislation that would criminalize publication of anything that would ""harm the economy.""",boingboing.net,http://www.boingboing.net/2009/02/22/uae-plans-ban-on-neg.html
2009-02-23,07:54:43,7zg43,29,Captain Kirk wants to command Canada to go where no country has gone before!,stuff.co.nz,http://www.stuff.co.nz/stuff/4854183a4560.html
2009-02-22,09:26:39,7z9zt,27,"According to CIA Study, Israel’s survival in its present form beyond the next  20 years is doubtful",informationclearinghouse.info,http://informationclearinghouse.info/article22049.htm
2009-02-23,07:06:15,7zfvp,23,Surveillance Video of The Attack at McDonald’s.,laughters.org,http://www.laughters.org/2009/02/surveillance-video-of-the-attack-at-a-mcdonald%e2%80%99s/
2009-02-22,19:15:21,7zcap,25,"National Day of Mourning in Australia.  Church bells across Australia tolled at 11:00am Sunday as a show of solidarity, support and mourning for victims of the nation’s recent bushfires.",examiner.com,http://www.examiner.com/x-219-Denver-Weather-Examiner~y2009m2d22-National-Day-of-Mourning-in-Australia-for-fire-victims
2009-02-23,01:04:41,7zdpp,24,China's artificially induced snow closes 12 highways ,reuters.com,http://www.reuters.com/article/newsOne/idUSTRE51I10X20090219
2009-02-23,00:35:26,7zdk5,16,"With his approval ratings at a low, President Sarkozy now faces a general strike and, potentially, a wave of social panic. ",guardian.co.uk,http://www.guardian.co.uk/world/2009/feb/22/sarkozy-strike-france
2009-02-22,13:38:25,7zb24,15,"""You can't sweep unlawful activities under the table""",salon.com,http://www.salon.com/news/feature/2009/02/21/taguba/
2009-02-22,10:14:20,7za67,15,Just like in old times during the Cod War. -- Iceland Says,icelandsays.blogspot.com,http://icelandsays.blogspot.com/
2009-02-22,08:23:33,7z9qk,11,Storm brews between US and Israel ,atimes.com,http://www.atimes.com/atimes/Front_Page/KB21Aa01.html
2009-02-22,22:28:47,7zcz1,12,Free Silva,freesilva.org,http://www.freesilva.org/index.php
2009-02-22,12:22:46,7zaq5,13,"Zambian economist Deborah Solomon: Stop sending aid to Africa ""There are a billion Chinese who are living in substandard conditions. Do you know anybody who feels sorry for China? Nobody.""",nytimes.com,http://www.nytimes.com/2009/02/22/magazine/22wwln-q4-t.html
2009-02-22,22:36:28,7zd09,9,"Kidnap on Britain's streets - ""I've heard of innocent girlfriends and sisters being abducted off the streets and sexually assaulted""",news.bbc.co.uk,http://news.bbc.co.uk/1/hi/uk/7899451.stm
2009-02-22,10:33:10,7za97,9,UK agents 'colluded with torture in Pakistan',guardian.co.uk,http://www.guardian.co.uk/world/2009/feb/22/torture-pakistan-human-rights
2009-02-22,16:57:46,7zbtf,10,Who can probe Gaza war crimes claims? ,news.bbc.co.uk,http://news.bbc.co.uk/2/hi/middle_east/7896372.stm
2009-02-22,22:42:37,7zd16,10,George W  Bush turns down job in a hardware store !,news.bbc.co.uk,http://news.bbc.co.uk/1/hi/world/americas/7904222.stm
2009-02-22,17:04:34,7zbu7,8,"With its giant population and moderate brand of Islam, Indonesia is fast emerging as a cornerstone US ally for President Barack Obama's administration",google.com,http://www.google.com/hostednews/afp/article/ALeqM5jkP2kJ1UHYtK0K7Nf7aSnpalUAhA
2009-02-22,10:18:49,7za6z,8,It must be Saturday: China Says Nearly 100 Miners Trapped in Mine,nytimes.com,http://www.nytimes.com/aponline/2009/02/21/world/AP-AS-China-Mine-Accident.html
2009-02-22,22:48:26,7zd1x,7,"(Starting over) A rich UAE playboy has apparently murdered his Egyptian lover and cut her up into eight pieces, which he stuffed in the garbage. He then fled back to the Emirates.",thedailynewsegypt.com,http://www.thedailynewsegypt.com/article.aspx?ArticleID=19911
2009-02-22,15:27:12,7zbgn,8,Egypt just killed a Palestinian Arab and no one cares.,maannews.net,http://www.maannews.net/en/index.php?opr=ShowDetails&ID=35961
