2009-04-04,23:03:15,89yej,134,Video of screaming woman being flogged shakes Pakistan as officials yield to Taliban,belfasttelegraph.co.uk,http://www.belfasttelegraph.co.uk/news/world-news/shocking-video-of-screaming-woman-being-flogged-shakes-pakistan-14257591.html
2009-04-04,20:17:52,89xnl,123,"""How did so many millions of decent Canadians come to be ruled by such a weird government""",independent.co.uk,http://www.independent.co.uk/opinion/commentators/fisk/robert-fisk-galloway-a-victim-of-canadas-baffling-approach-to-fighting-terror-1658986.html
2009-04-04,22:44:26,89yav,99,Outcry in Pakistan after video of a 17-yr-old girl's flogging by the Taliban is shown on TV,guardian.co.uk,http://www.guardian.co.uk/world/2009/apr/04/taliban-flogging-inquiry-pakistan
2009-04-04,07:15:08,89u6k,29,Israeli settlers take over Palestinian residence in Jerusalem’s old city,palsolidarity.org,http://palsolidarity.org/2009/04/5791
2009-04-04,10:23:24,89v6b,27,"So which country doctors cabinet images to remove females from it? No not Pakistan or the Saudi's, yes, Israel....",news.bbc.co.uk,http://news.bbc.co.uk/2/hi/middle_east/7982146.stm
2009-04-04,18:03:14,89x5c,22,US blocks extradition of war crimes suspect (concentration camp guard) to Germany for prosecution,news.bbc.co.uk,http://news.bbc.co.uk/2/hi/europe/7982829.stm
2009-04-05,05:33:34,8a0lp,18,The Trillion Dollar Ad Campaign: Anti-Mugabe Forces In Zimbabwe Are Using Worthless Currency To Protest Against Dictatorship [pics],prosebeforehos.com,http://www.prosebeforehos.com/image-of-the-day/04/04/when-money-is-worthless-what-is-it-better-used-for/
2009-04-04,23:54:54,89yo3,16,"BBC released Gaza death toll long time ago:""1,300 Gazans were killed, about a third of them civilians"" meaning all Palestinian males are not counted as civilians ... Impartiality indeed!",news.bbc.co.uk,http://news.bbc.co.uk/2/hi/middle_east/7874020.stm
2009-04-05,06:06:24,8a0rl,13,A year ago he was Russia's richest oligarch. Now he's a warning to the others.,newsweek.com,http://www.newsweek.com/id/192461
2009-04-04,18:49:07,89xb8,13,China keeps getting dinged for poor health & safety management. Mutants keep showing up on farms. Coincidence?,ananova.com,http://www.ananova.com/news/story/sm_3266461.html
2009-04-05,04:57:16,8a0eh,9,Wife of Guatemalan Human Rights Officer kidnapped and tortured -- action alert,action.humanrightsfirst.org,http://action.humanrightsfirst.org/campaign/Gladys
2009-04-05,06:34:07,8a0wq,8,Danish Prime Minister appointed as the next Secretary General of NATO,reuters.com,http://www.reuters.com/article/latestCrisis/idUSL4600956
2009-04-05,03:05:25,89zsn,9,"Isn't he like ""Dumb and Dumber"" ? So stupid it's ridiculous.",news.bbc.co.uk,http://news.bbc.co.uk/2/hi/europe/7983043.stm
2009-04-04,18:44:45,89xap,7,"NWFP govt, Taliban term video release conspiracy...sounds not unlike other constant complainers in the region...to these people, exposing the truth is a conscious conspiracy.",thenews.com.pk,http://www.thenews.com.pk/top_story_detail.asp?Id=21320
2009-04-04,18:56:06,89xcg,8," Israel’s pious press blots out female ministers...WTF is it about the poonanny that makes the religiously afflicted want to cover it up, photoshop it out of existance, cover it up in a Burka, dress it up in non-revealing pastel colors...whats up?  Antiwar Newswire ",wire.antiwar.com,http://wire.antiwar.com/2009/04/03/israels-pious-press-blots-out-female-ministers/
2009-04-05,02:57:08,89zqz,3,"Need help:  Of news sources available online, what are your top 3?",self.worldnews,https://www.reddit.com/r/worldnews/comments/89zqz/need_help_of_news_sources_available_online_what/
2009-04-05,03:38:36,89zzn,3,Tragedy hits Zimbabwe's prime minister anew with death of grandson,earthtimes.org,"http://www.earthtimes.org/articles/show/263093,tragedy-hits-zimbabwes-prime-minister-anew-with-death-of-grandson.html"
2009-04-05,01:17:48,89z69,4,Danish PM to head Nato,news.bbc.co.uk,http://news.bbc.co.uk/2/hi/europe/7968237.stm
2009-04-04,15:56:14,89wmj,5,fixed wing airborne magnetic and radiometric geophysical survey commissioned by the Company over the Cerro Solo claim block has yielded an interpretive map showing locations of surface uranium anomalies and subsurface faults. Cerro Solo is located in southern Argentina within the Province of Chubut.,equitygroups.com,http://www.equitygroups.com/otcbb/otcbbmining/otcbburanium/urxe/messages/147801.html
2009-04-05,02:36:51,89zmm,4,the worst case of human trafficking i've ever read...100 locked in an airtight container...43 of them died from suffocation,philstar.com,http://www.philstar.com/Article.aspx?articleId=455436&publicationSubCategoryId=200
2009-04-04,16:43:32,89wuo,5,Pakistani Taliban chief claims U.S. shooting,reuters.com,http://www.reuters.com/article/newsOne/idUSTRE5330H420090404
2009-04-04,22:21:54,89y6z,1,China Is Gearing Up For A Summer Of Discontent,stirringtroubleinternationally.com,http://www.stirringtroubleinternationally.com/2009/04/04/chinese-troops/
2009-04-04,17:35:06,89x1e,3,Mumbai attacker Kasab shifted to bomb-proof prison cell,english.people.com.cn,http://english.people.com.cn/90001/90777/90851/6629996.html
2009-04-04,11:39:18,89vil,3,Media quietly admits smearing G20 protestors | creating a new liberal-left alliance,liberalconspiracy.org,http://www.liberalconspiracy.org/2009/04/03/media-quietly-admits-smearing-g20-protestors/
2009-04-04,12:27:32,89vpn,3,Israel Anticipated a Stronger Hamas in Gaza War,washingtonpost.com,http://www.washingtonpost.com/wp-dyn/content/article/2009/04/03/AR2009040303435.html
2009-04-04,22:51:25,89ycc,3,Police Aggravate Peaceful G20 Climate Camp in the City of London,opednews.com,http://www.opednews.com/articles/Police-Aggravate-Peaceful-by-Patrick-Henningsen-090404-791.html
2009-04-05,07:05:56,8a11v,4,Reading this story will restrict your freedom to blog,out-law.com,http://www.out-law.com/page-9919
2009-04-04,22:40:41,89ya3,4,The 'Talebanisation' of Pakistan,news.bbc.co.uk,http://news.bbc.co.uk/1/hi/programmes/from_our_own_correspondent/7980735.stm
2009-04-05,06:29:05,8a0vr,3,Agreement Reached on Rasmussen: Obama Saves NATO Governments from Summit Shame,spiegel.de,"http://www.spiegel.de/international/europe/0,1518,617478,00.html"
2009-04-04,23:39:04,89ylf,0,US gunman kills 13 at immigrant counselling centre,guardian.co.uk,http://www.guardian.co.uk/world/2009/apr/04/us-shooting-gunman-immigration-centre
