2009-06-16,10:29:22,8st69,776,Ya’ll wanna see feminism? Patriotism? There you go. [Iranian Woman],6.media.tumblr.com,http://6.media.tumblr.com/WS7ReC9ySorh66exlus4RBEPo1_500.jpg
2009-06-16,00:39:26,8so5s,653,2 MILLION protesters fill the streets of Tehran [pics],twitpic.com,http://twitpic.com/7gtbu
2009-06-16,23:14:17,8syob,535,North Korean heir tries to assassinate his elder brother,english.chosun.com,http://english.chosun.com/site/data/html_dir/2009/06/16/2009061600816.html
2009-06-16,23:51:00,8sz12,427,Comprehensive breakdown of the current situation in Iran (please add so we can keep this up-to-date and accurate),self.worldnews,https://www.reddit.com/r/worldnews/comments/8sz12/comprehensive_breakdown_of_the_current_situation/
2009-06-16,23:11:55,8synj,138,"Masked ""police"" brutality in Iran (as captured on video) reaches new heights. :( :(",youtube.com,http://www.youtube.com/watch?v=fBp2p3MGJqw
2009-06-17,00:41:16,8szkw,51,"Somali navy chief: World's worst job? ""He has neither boats nor equipment and admits he has not been to sea for 23 years.""",news.bbc.co.uk,http://news.bbc.co.uk/1/hi/world/africa/8096137.stm
2009-06-16,09:26:18,8ssrl,55,Iran: 12 students reported killed in crackdown after violent clashes,guardian.co.uk,http://www.guardian.co.uk/world/2009/jun/15/iran-students-protest-election-results
2009-06-17,01:10:18,8szw9,43,"Former US President Jimmy Carter has said he had to ""hold back tears"" while viewing destruction on a visit to Gaza.",news.bbc.co.uk,http://news.bbc.co.uk/2/hi/middle_east/8102631.stm
2009-06-17,05:33:27,8t2hx,33,"Hamas says Jimmy Carter ""is the messenger that we trust – and that the world community trusts.""",csmonitor.com,http://www.csmonitor.com/2009/0616/p06s18-wome.html
2009-06-16,19:52:53,8sx0z,29,Blood runs in the streets of Tehran as technology becomes the enemy of the state along with protesters,secondpagemedia.com,http://secondpagemedia.com/blog/?p=154
2009-06-17,05:47:47,8t2lv,30,"""All violent video games to be banned in Germany"" - ""The law would result in no Call of Duty, no God of War, no Crysis, no World of Warcraft, no BioShock, no Uncharted, and no Grand Theft Auto.""",gamezine.co.uk,http://www.gamezine.co.uk/news/formats/xbox360/all-violent-video-games-be-banned-in-germany-$1301757.htm
2009-06-16,22:28:50,8sy7m,31,U.S. journalists confessed to illegally entering N. Korea (They video taped their crossing),news.yahoo.com,http://news.yahoo.com/s/ap/20090616/ap_on_re_as/as_nkorea_journalists_held
2009-06-17,07:30:31,8t3fy,30,"Massive protests in Isfahan, Iran now",iranwhereismyvote.blogspot.com,http://iranwhereismyvote.blogspot.com/2009/06/blog-post.html
2009-06-17,01:37:27,8t076,22," UPDATE 11:55 a.m.:  Mass opposition rally in Northern Tehran, a stronghold of the opposition. Mir Hossein Mousavi had told supporters not to assemble, but they merely changed the venue.",salon.com,http://www.salon.com/politics/war_room/2009/06/16/iran/
2009-06-16,23:45:42,8syzf,19,"""turban warfare"" wtf",nypost.com,http://www.nypost.com/seven/06162009/frontback.htm
2009-06-17,01:45:10,8t0ad,19,Carter says Palestinians being treated 'like animals',news.yahoo.com,http://news.yahoo.com/s/afp/20090616/pl_afp/mideastdiplomacyuscartergaza_20090616152425
2009-06-16,09:26:02,8ssrh,18,KBR Complains Abiding By U.S. Laws Puts Company at a ‘Competitive Disadvantage’,mynewsjunkie.com,http://mynewsjunkie.com/2009/06/15/kbr-complains-abiding-by-us-laws-puts-company-at-a-competitive-disadvantage/
2009-06-16,23:50:50,8sz11,18,"""If that area were covered in solar thermal power plants, it could produce enough electricity to meet world demand"": Europe's €400 billion investment in renewable energy",spiegel.de,http://www.spiegel.de/fotostrecke/fotostrecke-43450-12.html#backToArticle=630699
2009-06-17,06:57:01,8t36k,21,"Top Israeli minister calls a cop ""Dirty Arab"". Minister later apologizes and says that it does not ""reflect his worldview"". I'm sure it doesn't (/s). Why isn't this in the news?",haaretz.com,http://www.haaretz.com/hasen/spages/1093401.html
2009-06-17,06:25:51,8t2y6,15,Grand Ayatollah Montazeri Takes A Stand,andrewsullivan.theatlantic.com,http://andrewsullivan.theatlantic.com/the_daily_dish/2009/06/grand-ayatollah-montazeri-takes-a-stand.html#more
2009-06-17,00:52:06,8szpd,14,Free Anonymous VPN For All Iranians and Journalists to protect Free Speech. Help Spread the Word,self.worldnews,https://www.reddit.com/r/worldnews/comments/8szpd/free_anonymous_vpn_for_all_iranians_and/
2009-06-16,21:50:57,8sxvx,12,Gaza police deny report of failed Carter assassination attempt (See comment for original report),maannews.net,http://www.maannews.net/en/index.php?opr=ShowDetails&Do=&ID=38594
2009-06-16,17:27:09,8sw1u,11,Iranian Election Recount,news.bbc.co.uk,http://news.bbc.co.uk/2/hi/8102400.stm
2009-06-16,23:45:49,8syzj,10,NPR: Iran Bars Foreign Media From Streets,npr.org,http://www.npr.org/blogs/thetwo-way/2009/06/iran_bars_foreign_media_from_s.html
2009-06-16,17:35:48,8sw3v,10,Cruise and Travolta got me fired,belfasttelegraph.co.uk,http://www.belfasttelegraph.co.uk/entertainment/film-tv/news/reporter-cruise-and-travolta-got-me-fired-14339898.html
2009-06-17,00:36:36,8szj3,12,Kenyan Whistle-Blower Exposes Government Corruption,npr.org,http://www.npr.org/templates/story/story.php?storyId=105430267
2009-06-16,15:36:47,8svar,11,"ISP spying begins in UK, as Universal, Virgin ink a deal",government.zdnet.com,http://government.zdnet.com/?p=4963
2009-06-16,19:58:59,8sx2h,12,Koenigsegg who produces 18 cars a year and employs 45 people has agreed to buy Saab from GM (hope they know what they're doing!),news.bbc.co.uk,http://news.bbc.co.uk/2/hi/business/8102432.stm
2009-06-16,20:02:36,8sx39,10,"The following document, known as the Seven Point Manifesto, calling for the resignation of Supreme Leader Ayatollah Khamenei, has hit the streets of Iran. Hundreds of thousands of copies have already been circulated throughout the country.",pajamasmedia.com,http://pajamasmedia.com/blog/the-seven-point-manifesto-of-the-iranian-resistance/
2009-06-16,14:22:54,8sus7,13,"Decrease the signal-to-noise ratio for Iranian twitter users:  Set your account's time zone to +3:30 (Tehran) and list your location as Tehran.  It's a quick, temporary move to give subterfuge to Iranians trying to get news out of the country.",self.worldnews,https://www.reddit.com/r/worldnews/comments/8sus7/decrease_the_signaltonoise_ratio_for_iranian/
