2009-07-12,06:20:52,90d0a,460,"Obama tells Africans to take responsibility, not aid",reuters.com,http://www.reuters.com/article/topNews/idUSTRE56711G20090711
2009-07-12,16:17:20,90fq5,270,Israel plans to expand its online presence by giving money to trolls.,ynetnews.com,"http://www.ynetnews.com/articles/0,7340,L-3744516,00.html"
2009-07-13,04:48:45,90jcf,175,The death of Government scientist David Kelly returned to haunt Labour today as a group of doctors announced that they were mounting a legal challenge to overturn the finding of suicide.,mailonsunday.co.uk,http://www.mailonsunday.co.uk/news/article-1199109/13-doctors-demand-inquest-Dr-David-Kellys-death.html
2009-07-12,11:50:11,90ek4,154,"Big pharma 'delaying' cheaper drugs. ""European patients, taxpayers and national treasuries are being fleeced of billions of euros because of the big pharmaceutical companies' elaborate campaigns to delay the marketing of cheaper generic drugs, the European commission said.""",guardian.co.uk,http://www.guardian.co.uk/global/2009/jul/08/business-pharmaceticals-europeancommission
2009-07-13,07:28:30,90k5a,102,What it's like to eat in Gaza,food.theatlantic.com,http://food.theatlantic.com/abroad/eating-under-siege.php
2009-07-13,07:02:51,90k1j,55,"Iran creates Stasi corps to clamp down on dissent, makes transition to police state.",edition.cnn.com,http://edition.cnn.com/2009/WORLD/meast/07/12/iran.protests/index.html
2009-07-12,12:29:47,90eq8,18,BOMBSHELL: Cheney linked to secrecy of CIA program,latimes.com,"http://www.latimes.com/news/nationworld/nation/la-na-cia-cheney12-2009jul12,0,2470959.story"
2009-07-12,14:05:46,90f4h,13,"New Orleans police proudly announce that the number of rapes is sharply down.  This herculean feat police work was accomplished by reclassifying many rapes as ""noncriminal complaints""",nola.com,http://www.nola.com/news/index.ssf/2009/07/nopd_downgrading_of_rape_repor.html
2009-07-12,11:28:08,90eg7,13,Russian President Dmitry Medvedev pulls new world currency from his pocket,telegraph.co.uk,http://www.telegraph.co.uk/finance/currency/5796892/Russian-President-Dmitry-Medvedev-pulls-new-world-currency-from-his-pocket.html
2009-07-12,23:43:10,90him,10,Australia's outback is being overrun by wild camels,washingtontimes.com,http://www.washingtontimes.com/news/2009/jul/12/wild-camels-overrun-resources-in-outback/?source=newsletter_world-news_photo_feature
2009-07-12,22:37:02,90h5q,11,Iran's uprising is not about protesting kids - it's a struggle between factions in the 'Old Guard',latimes.com,"http://www.latimes.com/news/opinion/la-oe-crooke12-2009jul12,0,294349.story?track=notottext"
2009-07-12,22:31:38,90h4u,9,Criticism of Afghan War Is on the Rise in Britain,nytimes.com,http://www.nytimes.com/2009/07/12/world/europe/12britain.html?ref=world
2009-07-12,12:39:20,90erj,10,Hundreds of ultra-orthodox Jews have clashed with police in Jerusalem for a third consecutive Saturday over a car park which opens on the Sabbath,news.bbc.co.uk,http://news.bbc.co.uk/2/hi/middle_east/8146313.stm
2009-07-12,22:30:19,90h4p,8,"Bosnia buries Srebrenica victims 14 years AFTER the massacre. 
",news.bbc.co.uk,http://news.bbc.co.uk/2/hi/europe/8146182.stm
2009-07-12,17:21:14,90fyy,8,Most Xinjiang dead Han Chinese,news.bbc.co.uk,http://news.bbc.co.uk/1/hi/world/asia-pacific/8146069.stm
2009-07-13,05:38:08,90jm5,8,Saudi Religious Police Blamed for ‘Honor Killings’,themedialine.org,http://www.themedialine.org/news/news_detail.asp?NewsID=25763
2009-07-12,22:58:59,90h9t,8,"Injured toll from China riots raised to 1,680",salon.com,http://www.salon.com/wires/ap/world/2009/07/12/D99CSC180_as_china_protest/index.html
2009-07-12,16:49:01,90fux,4,"Demjanjuk Nazi Trial To Break Legal Ground - ""For the first time, a person who was low on the chain of command is to be indicted, even though there is no proof of his having committed a specific offence.""",spiegel.de,"http://www.spiegel.de/international/germany/0,1518,635526,00.html"
2009-07-12,17:06:57,90fx8,7,Coal miners rescued after surviving 25 days underground,in.reuters.com,http://in.reuters.com/article/worldNews/idINIndia-40979420090712?feedType=RSS&feedName=worldNews
2009-07-13,05:29:03,90jk3,7,"Elderly, Kids Urged to Skip Hajj Over Swine Flu - ABC News",abcnews.go.com,http://abcnews.go.com/Travel/wireStory?id=7966944
2009-07-12,09:57:58,90e1l,5,"His pants sagged, but never too much. He spoke of ""homeboys"" and used the ""n"" word, but gave careful regard to the school’s rules. ""You’re not black, his peers taunted. Go back to Africa.""",nytimes.com,http://www.nytimes.com/2009/07/12/us/12somalis.html?_r=1&hp=&pagewanted=all
2009-07-13,04:31:53,90j9h,5,Two Cameroonians and a Nigerian have been lynched in Taraba State in Nigeria for allegedly engaging in acts that causes people to lose their genital organs.,africanews.com,http://www.africanews.com/site/Two_Cameroonians_lynched_in_Nigeria/list_messages/25896
2009-07-12,23:09:46,90hbw,5,"John Holdren, Obama's Science Czar, says: Forced abortions and mass sterilization needed to save the planet",zombietime.com,http://zombietime.com/john_holdren/
2009-07-13,06:29:19,90jvf,6,"Honduran coup leaders referring to ""little black man"", ""little black boy who knows nothing about nothing"". I wonder who they're referring to... ",fair.org,http://www.fair.org/blog/2009/07/10/us-press-miss-honduran-officials-racist-assault-on-us-prez/
2009-07-12,23:37:07,90hhe,4,Bombs kill 4 U.S. soldiers in Afghanistan ,msnbc.msn.com,http://www.msnbc.msn.com/id/31876108/ns/world_news-south_and_central_asia/
2009-07-13,05:23:14,90jiu,3,'Maoist attacks' kill Indian police ,english.aljazeera.net,http://english.aljazeera.net/news/asia/2009/07/200971214640798718.html
2009-07-13,03:03:26,90is0,2,UK plans swine flu vaccine for every citizen,rawstory.com,http://rawstory.com/08/news/2009/07/12/uk-plans-swine-flu-vaccine-for-every-citizen/
2009-07-12,09:49:31,90e0a,3,Gunmen launch deadly raids in Mexico,msnbc.msn.com,http://www.msnbc.msn.com/id/31867539/ns/world_news-americas/
2009-07-12,10:51:46,90eb2,2,Why are Britons so badly behaved abroad?,guardian.co.uk,http://www.guardian.co.uk/commentisfree/2009/jul/12/britons-behaviour-abroad-drunk-hotels
2009-07-12,09:12:06,90dur,4,Infidels in Islam: Egypt's Christians face fresh attacks and legal battles,christiantoday.com,http://www.christiantoday.com/article/egypts.christians.face.fresh.attacks.and.legal.battles/23782.htm
