2009-06-23,05:58:45,8up0x,1633,URGENT New Video: MANY students shot & killed by Basiji gun fire in Iran,youtube.com,http://www.youtube.com/watch?v=npdISZUtdmU
2009-06-23,22:03:13,8uvvf,1511,"Iranian authorities scramble to negate Neda Soltan 'martyrdom': tell family to take down mourning posters, ban a public funeral or wake, stop gatherings in her name and media not to mention her death",timesonline.co.uk,http://www.timesonline.co.uk/tol/news/world/middle_east/article6561253.ece
2009-06-23,00:00:40,8ulgd,928,Iran Had a Democracy Before We Took It Away,commondreams.org,http://www.commondreams.org/view/2009/06/22-0
2009-06-23,21:29:46,8uvke,287,Police Medic [pic],asset.soup.io,http://asset.soup.io/asset/0357/2873_0ae8.jpeg
2009-06-23,11:00:08,8ur4a,189,A commander of the Iranian Revolutionary Guards has been arrested for refusing to use force on protesters and defying Khamenei's orders,ibtimes.co.uk,http://www.ibtimes.co.uk/articles/20090622/revolutionary-guards-iran-iranian-protests.htm?iran
2009-06-23,18:11:33,8uu5j,118,Girl with 56 stars tattooed on face admits lying - Update ,telegraph.co.uk,http://www.telegraph.co.uk/news/worldnews/europe/belgium/5603769/Girl-with-56-stars-tattooed-on-face-admits-she-asked-for-them.html
2009-06-23,09:24:49,8uqia,110,"General Ali Fazli, commander of the Iranian Revolutionary Guards, has been arrested for refusing to obey Iran's Supreme Leader",ibtimes.co.uk,http://www.ibtimes.co.uk/articles/20090622/revolutionary-guards-iran-iranian-protests.htm
2009-06-24,04:09:55,8uzq6,93,"A US drone strike killed least 45 people, that were  
attending a funeral for others killed in a US drone 
strike earlier on Tuesday.",news.bbc.co.uk,http://news.bbc.co.uk/2/hi/south_asia/8115814.stm
2009-06-23,12:55:40,8urxk,52,Meanwhile in China: Tens of thousands fight the police.  200+ injured.,blogs.telegraph.co.uk,http://blogs.telegraph.co.uk/malcolmmoore/blog/2009/06/22/tens_of_thousands_of_chinese_fight_the_police_in_shishou
2009-06-24,07:10:06,8v1bk,41,Four Iranian players hit with lifetime ban for wearing green wristbands,goal.blogs.nytimes.com,http://goal.blogs.nytimes.com/2009/06/23/lifetime-ban-for-4-iranian-players/
2009-06-24,07:18:52,8v1dr,38,"All the fudge that allowed a modern society to coexist with a theocracy inspired by an imam occulted in the 9th century has been swept away, leaving two Irans at war.",nytimes.com,http://www.nytimes.com/2009/06/24/opinion/24iht-edcohen.html
2009-06-24,04:44:14,8v026,35,"Do as we say not as we do: U.S. troops opened fire at former Iraqi soldiers demonstrating to demand back wages outside the American headquarters in Baghdad Wednesday, killing two protesters during a chaotic, rock-throwing melee.",commondreams.org,http://www.commondreams.org/headlines03/0618-03.htm
2009-06-24,01:45:01,8uy8g,31,Iranian security forbids Neda's family from putting up traditional black mourning banners on their home and forbids memorial service.,latimes.com,"http://www.latimes.com/news/nationworld/world/la-fg-iran-neda23-2009jun23,0,366975,full.story"
2009-06-23,23:03:31,8uwh2,28,Canadian Firms Sued For Investing in Israeli Settlements,democracynow.org,http://www.democracynow.org/2009/6/23/headlines#13
2009-06-23,10:27:48,8uqwv,23,Iran: Rafsanjani Poised to Outlflan Supreme Leader Khamenei,eurasianet.org,http://www.eurasianet.org/departments/insightb/articles/eav062209.shtml
2009-06-24,03:39:57,8uzfj,23,Iranian Regime Now Claiming Neda's Death Was Staged.,reuters.com,http://www.reuters.com/article/worldNews/idUSTRE55F54520090623?pageNumber=2&virtualBrandChannel=0
2009-06-23,19:42:13,8uury,19,Israel stunned by Obama's tough love - no longer more equal than others,atimes.com,http://www.atimes.com/atimes/Middle_East/KF24Ak02.html
2009-06-24,02:27:25,8uyol,17,"The Peruvian Amazon Explodes, But Is Anyone Watching?",blog.nature.org,http://blog.nature.org/2009/06/the-peruvian-amazon-explodes-but-is-anyone-watching/
2009-06-23,10:04:48,8uqsb,16,[Unconfirmed] [Need Translation] The Smoking Gun in Iran?  Video shows Ahmadi admitting to the rigged election?  ,ireport.com,http://www.ireport.com/docs/DOC-279948
2009-06-23,11:05:18,8ur5k,17,Man digs 50ft hole to fish - in his kitchen,ananova.com,http://www.ananova.com/news/story/sm_3371901.html?menu=
2009-06-23,10:32:40,8uqy1,16,"The Truth Rundown:High-ranking defectors provide an unprecedented inside look at the 
Church of Scientology and its leader, David Miscavige. ",tampabay.com,http://www.tampabay.com/specials/2009/reports/project/#story_anchor
2009-06-24,07:21:29,8v1e6,15,U.S. Missile Strike Kills at Least 60 in Pakistan ,nytimes.com,http://www.nytimes.com/2009/06/24/world/asia/24pstan.html?_r=1&hp
2009-06-24,00:14:41,8ux8i,15,Iran says courts will teach protesters a lesson,reuters.com,http://www.reuters.com/article/newsOne/idUSTRE55F54520090623
2009-06-23,10:42:42,8ur0a,13,[Pics & Vids] Iranian police smash property & blame it on protesters,thedailybackground.com,http://www.thedailybackground.com/2009/06/22/pics-vids-iranian-protesters-arent-the-vandals-the-police-are/
2009-06-23,11:04:23,8ur5c,9,Top Clerics in Iran Considering Removing Khamenei and Ahmadinejad,kptm.com,http://www.kptm.com/Global/story.asp?S=10574924
2009-06-24,06:16:27,8v0w3,9,Taliban blows away fellow commander after he criticized the use of suicide bombings on civilian targets.,news.yahoo.com,http://news.yahoo.com/s/ap/20090623/ap_on_re_as/as_pakistan
2009-06-23,10:10:48,8uqtj,6,"CNN Interview With Iranian Protester: ""We Don't Deny the Holocaust, We Do Accept Israel's Rights""....",amfix.blogs.cnn.com,http://amfix.blogs.cnn.com/2009/06/22/iranian-protestor-plea/
2009-06-23,23:10:10,8uwje,8,N. Korea warns world to stay out of its waters,cnn.com,http://www.cnn.com/2009/WORLD/asiapcf/06/23/nkorea.warning/index.html
2009-06-23,15:38:21,8ut4j,7,Death toll rises to 9 in DC Metro crash,edition.cnn.com,http://edition.cnn.com/2009/US/06/23/washington.metro.crash/
2009-06-23,11:40:01,8urdm,7,Iran accuses CNN of hacking/training hackers.,cnn.com,http://www.cnn.com/2009/WORLD/meast/06/22/cnn.iran.claim/
