2009-05-05,02:38:02,8hrgl,600,Saudi Arabia to consider banning marriage of girls under 18,news.yahoo.com,http://news.yahoo.com/s/nm/20090504/od_nm/us_marriage
2009-05-04,14:16:34,8hlyp,26,"In four past pandemics, a mild spring outbreak was followed by virulent fall sickness. ",cnn.com,http://www.cnn.com/2009/HEALTH/04/30/swine.flu.1918.lessons/index.html
2009-05-05,03:42:27,8hs2l,24,20 year old pregnant woman faces mandatory death sentence; video link at bottom.,rte.ie,http://www.rte.ie/news/2009/0504/orobators.html
2009-05-05,02:22:57,8hrb3,24,Without a Moral Leg to Stand On; United Arab Emirates' torture scandal sparks outrage in the US ,salon.com,http://www.salon.com/opinion/greenwald/2009/05/03/torture/index.html
2009-05-04,22:15:26,8hoz9,20,"Meet Noemi Letizia, the 18 year old hottie behind Italian PM Berlusconi's divorce",pollsb.com,http://www.pollsb.com/polls/p2114576-meet_noemi_letizia_18_year_old_hottie_behind
2009-05-05,04:18:45,8hsg0,14,"So while everyone was fearing the Swine Flu (N1H1), drugs legalization made huge strides in Mexico.",msnbc.msn.com,http://www.msnbc.msn.com/id/12535896/
2009-05-05,05:16:49,8ht2d,15,Russia to build floating Arctic nuclear stations What could possibly go wrong?,guardian.co.uk,http://www.guardian.co.uk/world/2009/may/03/russia-arctic-nuclear-power-stations
2009-05-05,01:56:44,8hr23,11,"Defense Minister Ehud Barak said he would call on the Spanish government to prevent the investigation, reiterating Israel's stance that the Israel Defense Forces is the most ""moral"" army in the world. ",haaretz.co.il,http://www.haaretz.co.il/hasen/spages/1082932.html
2009-05-04,11:18:40,8hkzn,13,Candidate for Iranian Presidency Wanted for 1994 Bombing of Jewish Center in Argentina That Killed 85 People....,jta.org,http://jta.org/news/article/2009/05/03/1004867/iranian-presidential-candidate-wanted-in-jewish-center-attack
2009-05-05,00:45:14,8hqbn,10,"Sri Lankan army shells hospital, kills 64 civilians",news.scotsman.com,http://news.scotsman.com/world/Sri-Lankan-hospital-attack-leaves.5230211.jp
2009-05-05,05:47:33,8htbm,9,3 men file complaint against RCMP after raid,ctvbc.ctv.ca,http://www.ctvbc.ctv.ca/servlet/an/local/CTVNews/20090504/BC_police_complaint_090504/20090504/?hub=BritishColumbiaHome
2009-05-04,15:03:33,8hm7o,8,Haaretz poll: 66% of Israeli Jews favor attack on Iran. 'Israel is a nation of peace loving people' my ass.,haaretz.com,http://www.haaretz.com/hasen/spages/1082790.html
2009-05-04,11:48:30,8hl56,7,"One million candidates, 44 parties, running for up to 50,000 seats: Indonesia's election",nytimes.com,http://www.nytimes.com/2009/05/03/opinion/03bayuni.html
2009-05-05,01:08:22,8hqjz,7,Apartheid Israel systematically question Gaza patients in an attempt to recruit Palestinians as collaborators,news.bbc.co.uk,http://news.bbc.co.uk/2/hi/middle_east/8032508.stm
2009-05-05,02:16:50,8hr90,8,Iran Launches Airstrikes on Iraqi Villages,wired.com,http://www.wired.com/dangerroom/2009/05/iran-launches-airstrikes-on-iraqi-villages/
2009-05-05,02:27:10,8hrcs,8,Israeli troops set fire to wheat and barley fields in Gaza,maannews.net,http://www.maannews.net/en/index.php?opr=ShowDetails&ID=37562
2009-05-04,12:01:28,8hl7p,4,An interview with a jailed Somali pirate leader,csmonitor.com,http://www.csmonitor.com/2009/0503/p06s12-woaf.html
2009-05-04,15:35:08,8hmdq,5,"Give me your expertise, Worldnews:  I'm teaching an EU course this summer -- I need good ideas for country-specific newspapers",self.worldnews,https://www.reddit.com/r/worldnews/comments/8hmdq/give_me_your_expertise_worldnews_im_teaching_an/
2009-05-05,00:39:59,8hqa4,6,"Targeted by Taliban, Sikhs flee Pak region; India concerned ",investmoneyinindia.com,http://investmoneyinindia.com/targeted-by-taliban-sikhs-flee-pak-region-india-concerned/
2009-05-04,08:44:36,8hk6p,3,French Navy said they seized 11 pirates Sunday after they apparently mistook a French military vessel for a commercial ship and made a run at it.,cnn.com,http://www.cnn.com/2009/WORLD/africa/05/03/kenya.pirates/index.html?eref=rss_topstories
2009-05-04,12:46:13,8hlgu,3,"Israel Faces a Hard Sell: ""The American, European and Arab response is that for Iran to be checked, every nation needs to do its part, and Israel’s part is to work toward ending the occupation, stopping settlement construction and fostering the creation of a Palestinian state.""",nytimes.com,http://www.nytimes.com/2009/05/04/world/middleeast/04israel.html
2009-05-05,05:00:53,8hsxd,3,SARS sleuth attacks WHO for being worthless at doing their job,blogs.sciencemag.org,http://blogs.sciencemag.org/scienceinsider/2009/05/exclusive-meet.html
2009-05-04,14:24:02,8hm08,3,"Delara Darabi: ""Oh mother, I see the hangman's noose in front of me."" Prison official: ""We will easily execute your daughter and there's nothing you can do about it."" Then, with a chilling click, the line went dead ",independent.co.uk,http://www.independent.co.uk/news/world/middle-east/delara-darabi-oh-mother-i-can-see-the-noose-1678543.html
2009-05-04,18:40:01,8hngl,3,Belarus denies Chernobyl children Swiss visit,swissinfo.ch,http://www.swissinfo.ch/eng/front/Belarus_denies_Chernobyl_children_Swiss_visit.html?siteSect=105&sid=10646555&cKey=1241416801000&ty=st&sb=red
2009-05-04,19:56:56,8hnyj,4,Swine flu cases spread across US. [BBC News],news.bbc.co.uk,http://news.bbc.co.uk/2/hi/americas/8032188.stm
2009-05-05,06:38:18,8htpr,4,Chinese authorities rounding up Mexicans and Mexican passport-holders (who haven't been home in months) on suspicion of swine flu,slate.com,http://www.slate.com/blogs/blogs/humannature/archive/2009/05/04/first-they-came-for-the-mexicans.aspx
2009-05-05,01:25:57,8hqqu,3,Nepal in political turmoil after PM quits.,reuters.com,http://www.reuters.com/article/topNews/idUSTRE54314N20090504?feedType=RSS&feedName=topNews
2009-05-04,10:49:50,8hku1,3,British Health Secretary: The worst is yet to come in Autumn,telegraph.co.uk,http://www.telegraph.co.uk/health/swine-flu/5268860/Swine-flu-the-worst-is-yet-to-come-in-autumn-warns-Alan-Johnson.html
2009-05-05,00:32:16,8hq7h,4,U.S. denies letting troops convert Afghans to Christianity,news.yahoo.com,http://news.yahoo.com/s/nm/20090504/ts_nm/us_afghanistan_proselytising
2009-05-05,00:39:14,8hq9r,2,Berlusconi demands wife apology,news.bbc.co.uk,http://news.bbc.co.uk/1/hi/world/europe/8032392.stm
