2009-01-13,17:23:29,7pc7c,559,Momentum growing for Israeli war crimes investigation,guardian.co.uk,http://www.guardian.co.uk/world/2009/jan/13/gaza-israel-war-crimes
2009-01-13,23:46:36,7pemo,457,"Israeli Sightseers Flock to Border to Watch Gaza Killings - ""They come with binoculars. They bring their families and take pictures. They rationalize away the deaths of hundreds of children ...""",news.antiwar.com,http://news.antiwar.com/2009/01/12/israeli-sightseers-flock-to-border-to-watch-gaza-killings/
2009-01-14,06:55:45,7pib7,391,Kucinich: 50 Percent of the Population of Gaza Under 14 Years of Age!,youtube.com,http://www.youtube.com/watch?v=g6MkzkBrxAg
2009-01-13,05:36:58,7p842,372,Palestinians call to Greek people: Block the shipment of US arms to Israel through Greek ports,athens.indymedia.org,http://athens.indymedia.org/front.php3?lang=el&article_id=967338
2009-01-13,11:58:23,7paev,291,"Let me say it loud and clear. I do not believe in Israel's right to exist. It is a militarised, evil entity founded on a racist premise and a lot of religious hokum - Craig Murray, Former UK diplomat",craigmurray.org.uk,http://www.craigmurray.org.uk/archives/2009/01/the_limits_of_f.html
2009-01-13,17:03:27,7pc3h,272,"Construction workers in Poland found a WW2-era mass grave containing what are believed to be the bodies of 1,800 German men, women and children who disappeared during the Soviet march to Berlin",news.yahoo.com,http://news.yahoo.com/s/ap/eu_poland_germany_wwii_remains;_ylt=AuG4GUCgfJk5iJGIwHU98ELXn414
2009-01-14,05:23:42,7phlw,201,Israel's claim to be a bastion of democracy in the Middle East is now in jeopardy with its crackdown on its Arab citizens,guardian.co.uk,http://www.guardian.co.uk/commentisfree/2009/jan/13/gaza-israelandthepalestinians1
2009-01-14,01:50:39,7pfpd,185,I never knew Sky News was so biased. George Galloway making the news caster earn her wage!,uk.youtube.com,http://uk.youtube.com/watch?v=1IOg_mp1xWk&feature=related
2009-01-13,08:08:57,7p96f,169,"Israeli President said, ""Yes, that's true, there are many palestinain children and very few Israeli children casualtieies, but that is because ""we take care of our children.""",globalresearch.ca,http://globalresearch.ca/index.php?context=va&aid=11747
2009-01-14,01:53:05,7pfqg,70,"""I hope my murder will be seen not as a defeat of freedom but an inspiration""",guardian.co.uk,http://www.guardian.co.uk/commentisfree/2009/jan/13/wickrematunga-final-editorial-final-editorial
2009-01-14,04:45:51,7pha6,63,Red Cross: Israel's use of white phosphorus not illegal,google.com,http://www.google.com/hostednews/ap/article/ALeqM5j2vQ8GynRSG8lBEQir4RtXL9Ib2AD95MF0M81
2009-01-14,02:13:27,7pfxt,49,Israeli soldiers reportedly shot woman waving white flag,philipweiss.org,http://www.philipweiss.org/mondoweiss/2009/01/israeli-soldiers-reportedly-shot-woman-waving-white-flag.html
2009-01-14,05:04:19,7phfq,45,Any Palestinians on reddit?  Come on in and give us your own view on the Gaza conflict.,self.worldnews,https://www.reddit.com/r/worldnews/comments/7phfq/any_palestinians_on_reddit_come_on_in_and_give_us/
2009-01-13,08:33:40,7p9bb,41,"The USSR built power plants, dams and factories in Afghanistan. The US can barely keep the lights on or water running there. Who were the bad guys again?",atimes.com,http://www.atimes.com/atimes/South_Asia/KA13Df02.html
2009-01-13,18:23:54,7pcis,43,"Israeli tanks rolled into Gaza City from two directions early Tuesday after UN Secretary-General Ban Ki-moon called on both sides in the conflict to “just stop""",cnnwire.blogs.cnn.com,http://cnnwire.blogs.cnn.com/2009/01/13/israeli-tanks-push-into-gaza-city-2/
2009-01-13,13:08:53,7pase,42,"""The BBC, which we call the Bush and Blair Corporation..."" British MP George Galloway on the Palestinian Situation. Amazing.",youtube.com,http://www.youtube.com/watch?v=Qe1y8Zu_N4I
2009-01-13,13:04:13,7paro,38,Unusually Large U.S. Weapons Shipment to Israel: Are the US and Israel Planning a Broader Middle East War?,globalresearch.ca,http://www.globalresearch.ca/index.php?context=va&aid=11743
2009-01-13,17:05:24,7pc3p,39,Who thinks Israel is helping America head towards another 9/11?,reuters.com,http://www.reuters.com/article/topNews/idUSTRE5053R720090113
2009-01-13,08:04:49,7p95f,21,Poland: Workers find WWII mass grave of Germans,usatoday.com,http://www.usatoday.com/news/world/2009-01-12-poland-grave_N.htm
2009-01-13,14:40:58,7pbcj,17,Rabbi against Zionism.,au.youtube.com,http://au.youtube.com/watch?v=6RjnvQHWyLE&eurl=http://www.abovetopsecret.com/forum/thread427219/pg1
2009-01-14,02:15:34,7pfym,12,The Times Online: No room for more graves in Gaza cemeteries,timesonline.co.uk,http://www.timesonline.co.uk/tol/news/world/middle_east/article5505497.ece
2009-01-13,12:55:52,7paq5,10,German Protestors Compare Gaza to the Holocaust.,thefirstpost.co.uk,"http://www.thefirstpost.co.uk/46234,opinion,gaza-european-protestors-dare-to-mention-the-holocaust"
2009-01-14,02:18:14,7pfze,11,"Israelis, American polticians and others call for ""wiping them all out""",youtube.com,http://www.youtube.com/watch?v=FABqq_jjRRo
2009-01-13,21:30:59,7pdj4,9,Cuba's golf revolution: plans to make island a golfer's paradise,belfasttelegraph.co.uk,http://www.belfasttelegraph.co.uk/news/world-news/cubas-golf-revolution-plans-to-make-island-a-golfers-paradise-14138508.html
2009-01-13,12:04:24,7pag2,7,The Only Democracy in the Middle East Just Banned Arab Parties ,haaretz.com,http://haaretz.com/hasen/spages/1054867.html?1
2009-01-14,06:45:24,7pi7v,7,The most powerful man in the World [PIC],h4c.kr,http://h4c.kr/images/the-most-powerful-man-in-the-world.jpg
2009-01-14,06:45:36,7pi7w,8,The European Commission has confirmed reports that Ukraine is blocking gas meant to flow to European Union markets,dw-world.de,"http://www.dw-world.de/dw/function/0,,12215_cid_3943447,00.html?maca=en-en_nr-1893-xml-atom"
2009-01-13,21:48:12,7pdnb,9,"Why don't Indonesians know how to swim? Plus, why are their ferries always sinking?",slate.com,http://www.slate.com/id/2208442/
2009-01-14,06:44:59,7pi7s,9,Russia-Ukraine Gas Conflict Takes Bizarre Turn,businessweek.com,http://www.businessweek.com/globalbiz/blog/europeinsight/archives/2009/01/you_just_couldn.html?chan=globalbiz_europe+index+page_top+stories
2009-01-13,17:00:43,7pc32,9,How Israel is Multiplying Hamas by a Thousand ,counterpunch.org,http://www.counterpunch.org/avnery01022009.html
