2009-12-24,11:41:28,ai2c7,603,"Police enter a private backyard without permission for police dog training, shoot and kill the property owner's dog when it defends its territory",cbc.ca,http://www.cbc.ca/canada/british-columbia/story/2009/12/23/pitbull-shooting.html
2009-12-24,23:13:41,ai817,298,Ugandan President Museveni says he will block the anti-gay bill from becoming law.,globalvoicesonline.org,http://globalvoicesonline.org/2009/12/23/uganda-president-says-he-will-block-anti-gay-bill/
2009-12-25,05:16:44,aiaxb,193,"Incredible Article On The Man Who Shot The Romanian Dictator Ceasescu And His Wife 20 Years Ago: ""The verdict was read out after a few hours. The Ceausescus were sentenced to death. They had ten days to appeal, but the sentence was to be carried out immediately. A nod to Kafka.""",timesonline.co.uk,http://www.timesonline.co.uk/tol/news/world/europe/article6967099.ece
2009-12-24,16:11:19,ai4nw,123,Racial pecking order of UAE displayed in a car advertisement,twitpic.com,http://twitpic.com/ux5rx
2009-12-24,20:30:33,ai6pn,106,"Unlearned lessons of the Soviet invasion - The U.S., like the Soviet Union, is learning the hard way on Afghanistan.",globalpost.com,http://www.globalpost.com/dispatch/worldview/091223/afghanistan-soviet-invasion
2009-12-25,01:35:55,ai9a3,79,"Iran's central bank has said defaced banknotes are to be made invalid, after the appearance of opposition slogans on money, local media report.",news.bbc.co.uk,http://news.bbc.co.uk/2/hi/middle_east/8430162.stm
2009-12-24,22:07:34,ai7gb,54,200 Israeli teenagers have pledged to disobey any orders to evacuate settlements during their military service: Jewish law as written in the Torah forbids the dismantling of Jewish-built homes,news.bbc.co.uk,http://news.bbc.co.uk/2/hi/middle_east/8429571.stm
2009-12-24,19:33:05,ai69r,38,"Barcelona: People using the street as a toilet, taking drugs, having sex...Residents take pictures and send them to the mayor to protests. Happy Christmas!",news.bbc.co.uk,http://news.bbc.co.uk/2/hi/europe/8427888.stm
2009-12-25,00:20:50,ai8lp,37,Who was Grand Ayatollah Hosein Ali Montazeri and how did he come to realize that the theocracy he helped build for Iranians was ultimately unlivable?,weeklystandard.com,http://www.weeklystandard.com/Content/Public/Articles/000/000/017/390wrflv.asp
2009-12-25,00:06:54,ai8hl,34,"Ugandan official on gays: ""Killing them might not be helpful""; life imprisonment would be better.",thinkprogress.org,http://thinkprogress.org/2009/12/24/uganda-soften-bill/
2009-12-25,02:26:39,ai9pk,32,Outrage at Mexico drug gang reprisal killings,news.bbc.co.uk,http://news.bbc.co.uk/1/hi/world/americas/8428151.stm
2009-12-24,22:37:12,ai7oi,29,Russia will work on a new generation of atomic weapons and missiles to strengthen its nuclear deterrent says President Medvedev,reuters.com,http://www.reuters.com/article/idUSTRE5BN1O020091224
2009-12-24,08:39:16,ai102,16,Bangladesh - The population bomb is ticking,thedailystar.net,http://www.thedailystar.net/newDesign/news-details.php?nid=118268
2009-12-24,21:01:11,ai6x5,14,Israel threatens another large-scale Gaza war,inteldaily.com,http://www.inteldaily.com/news/163/ARTICLE/13196/2009-12-23.html
2009-12-24,21:02:48,ai6xp,16,Member of Israel's parliament says the regime still continues to steal organs from the bodies of Palestinians,presstv.ir,http://www.presstv.ir/detail.aspx?id=114522&sectionid=351020202
2009-12-24,16:34:29,ai4ue,15,European Friends of Israel sues Hamas for war crimes in Belgium,jpost.com,http://www.jpost.com/servlet/Satellite?cid=1261364489391&pagename=JPost%2FJPArticle%2FShowFull
2009-12-24,21:58:59,ai7dq,10,"Loan wolf? Prizewinning photographer faces fakery 
claims",guardian.co.uk,http://www.guardian.co.uk/artanddesign/2009/dec/21/wolf-picture-rodriguez-wildlife-photographer
2009-12-24,18:49:18,ai5yq,9,Cuba lets cardinal give X-mas message on state TV,google.com,http://www.google.com/hostednews/ap/article/ALeqM5hHNWE4gZF6ZQb7jotdFPDlmb82iQD9COH7J80
2009-12-24,22:55:19,ai7uo,12,France once home to the Atlantic Sturgeon:  This discovery is of major importance for the reintroduction of sturgeons into European rivers,sciencedaily.com,http://www.sciencedaily.com/releases/2009/12/091220173710.htm
2009-12-24,08:50:19,ai12q,10,Osama bin Laden's daughter found hiding in Saudi Embassy in Tehran,belfasttelegraph.co.uk,http://www.belfasttelegraph.co.uk/breaking-news/world/osama-bin-ladens-daughter-hiding-in-saudi-embassy-in-tehran-14609571.html
2009-12-24,14:52:00,ai406,9,Store opens adults-only Santa's Grotto,belfasttelegraph.co.uk,http://www.belfasttelegraph.co.uk/news/local-national/in-pictures-sexy-christmas-grotto-is-red-hohohot-14610006.html
2009-12-25,04:08:50,aiagv,9,Peru forensic team finds bodies of 25 children killed in Ayacucho during internal war,peruviantimes.com,http://www.peruviantimes.com/peru-forensic-team-finds-bodies-of-25-children-killed-in-ayacucho-during-internal-war/234337
2009-12-24,21:58:03,ai7dd,7,Russia and Georgia have agreed to reopen a border crossing that has been closed since July 2006.,news.bbc.co.uk,http://news.bbc.co.uk/2/hi/europe/8429492.stm
2009-12-25,07:27:22,aibst,8,Don't blame the system for winter travel chaos. Stay put.,guardian.co.uk,http://www.guardian.co.uk/commentisfree/2009/dec/22/blame-for-winter-travel-chaos
2009-12-24,18:48:28,ai5yi,7,"Christians Leaders United for War: ""The tyrannical Iranian regime shall never threaten the world with nuclear weapons""",original.antiwar.com,http://original.antiwar.com/giraldi/2009/12/23/christians-united-for-war/
2009-12-24,21:14:18,ai70x,8,"""I don't want to get married again until after I am dead."" ",washingtontimes.com,http://www.washingtontimes.com/news/2009/dec/24/yemen-still-wedded-to-child-marriages/
2009-12-24,15:52:07,ai4ig,3,S. Korean develops mental test kit for N. Korean defectors,english.yonhapnews.co.kr,http://english.yonhapnews.co.kr/northkorea/2009/12/24/59/0401000000AEN20091224004300315F.HTML
2009-12-24,12:41:48,ai2tf,2,How health and safety is killing Christmas. no ... not a joke post. ,telegraph.co.uk,http://www.telegraph.co.uk/topics/christmas/6843014/How-health-and-safety-is-killing-Christmas.html
2009-12-24,21:58:23,ai7dl,4,At least 30 suspected al-Qaeda militants have been killed by an air strike in a remote mountainous area of Yemen.,news.bbc.co.uk,http://news.bbc.co.uk/2/hi/middle_east/8429370.stm
2009-12-24,18:51:43,ai5z9,5,"Iraqi General, Election Candidate Killed in Separate Attacks",news.antiwar.com,http://news.antiwar.com/2009/12/23/iraqi-general-assassinated-near-baghdad/
