2009-05-11,23:39:31,8jjxv,1007,"Afghanistan passes law making it ""illegal for a Shia Muslim woman to refuse to have sex with her husband, to leave the house without his permission or have custody of children."" No wonder Canada is doubting whether the sacrifice of its soldiers lives is worth it.",americasquarterly.org,http://americasquarterly.org/node/609
2009-05-11,11:33:22,8jf5l,261,"If Israel is important because they receive American aid money, then pay some attention to Pakistan.  This situation is going from bad to batshit insane.",washingtonpost.com,http://www.washingtonpost.com/wp-dyn/content/article/2009/05/10/AR2009051002241.html
2009-05-11,20:35:06,8jies,171,Pakistani president: Osama bin Laden is dead,rawstory.com,http://rawstory.com/08/news/2009/05/10/pakistani-president-believes-osama-bin-laden-is-dead/
2009-05-12,02:48:20,8jlts,144,"Reddit, I spent the morning writing you a brief history of the conflict in Sri Lanka and suggesting what it might be able to teach us.  I hope it encourages debate.",sidewalkchalked.com,http://sidewalkchalked.com/ee/index.php/site/not_good_news_from_sri_lanka/
2009-05-11,18:24:54,8jhl3,100,"""What police seem to have achieved is to search and seize first, and then place the onus on the individual to prove they have acted lawfully.""",independent.co.uk,http://www.independent.co.uk/news/uk/crime/the-holocaust-survivor-whose-savings-were-seized-by-the-police-1682657.html
2009-05-11,22:49:15,8jjgg,62,"Roxana Saberi Free: Not only was the case against her suspended by Iranian judges, the Iranian government has decided to free her immediately.",politics.theatlantic.com,http://politics.theatlantic.com/2009/05/saberis_free_are_us-iranian_relations_truly_thawing.php
2009-05-11,11:37:12,8jf6i,47,Tamil protesters block downtown Toronto highway ,cbc.ca,http://www.cbc.ca/canada/toronto/story/2009/05/10/toronto-tamilprotest.html
2009-05-11,13:20:20,8jfpw,42,"PR Fail: Chevron hires a reporter to do a video puff piece to counter a 60 Minutes story about how Chevron is accused of poisoning the rain forest. 60 Min. has 12 million viewers. Chevron's Youtube video has 2,000.",nytimes.com,http://www.nytimes.com/2009/05/11/business/media/11cbs.html?_r=1&partner=rss&emc=rss
2009-05-11,17:50:04,8jhdd,25,"Two Israeli citizens filed a criminal complaint against the Pope, for possesion of stolen artifacts from the Jewish Temple, destroyed in 70AD.",ynetnews.com,"http://www.ynetnews.com/Ext/Comp/ArticleLayout/CdaArticlePrintPreview/1,2506,L-3713910,00.html"
2009-05-12,00:36:46,8jkhs,28,"Pakistani President Asif Ali Zardari on the Taliban: ""They're kind of a cancer created by both of us, Pakistan and America and the world.  We got together, we created this cancer to fight the superpower and then we went away--rather, you went away without finding a cure for it.""",politics.theatlantic.com,http://politics.theatlantic.com/2009/05/zardari_us_shares_blame_for_taliban_threat.php
2009-05-11,14:30:28,8jg2m,27,"Men who were grossly overweight at the age of 18 had nearly 50 percent less chance of being married by their 30s and 40s, an international conference on obesity heard in Amsterdam on Thursday.",hoznews.com,http://www.hoznews.com/hoz-news/obese-young-men-have-less-hope-of-marriage/
2009-05-11,09:22:59,8jelr,28,and the blind shall see. 50 people in India damage their eyes looking at the Sun hoping to see the Virgin Mary.,blogs.discovermagazine.com,http://blogs.discovermagazine.com/badastronomy/2009/05/10/and-the-blind-shall-see/
2009-05-11,23:54:47,8jk2i,26,UN decries Sri Lanka 'bloodbath;' 106 children die,news.yahoo.com,http://news.yahoo.com/s/ap/20090511/ap_on_re_as/as_sri_lanka_civil_war;_ylt=Arj330iLMirhGXme727nTNus0NUE;_ylu=X3oDMTJvcHVwcXJlBGFzc2V0A2FwLzIwMDkwNTExL2FzX3NyaV9sYW5rYV9jaXZpbF93YXIEY3BvcwM2BHBvcwMxNARzZWMDeW5fdG9wX3N0b3J5BHNsawN1bmRlY3JpZXNzcmk-
2009-05-12,05:20:17,8jn4j,21,"Muslim  cleric speaks in turn during meeting with pope.  Pope doesn't ""walk out"" but leaves meeting on schedule - shaking cleric's hand as he does so.",reuters.com,http://www.reuters.com/article/worldNews/idUSTRE54A4YW20090511
2009-05-12,01:52:22,8jl8v,19,"""I can, for example, publish an order that no material can be published. I can close a newspaper or shut down a station. I can do almost anything,"" - guess which country?",editorandpublisher.com,http://www.editorandpublisher.com/eandp/news/article_display.jsp?vnu_content_id=1002876486
2009-05-11,09:15:34,8jekw,22,At least 133 Brit servicewomen have been sent home from Afghanistan and Iraq after getting pregnant. ,dailystar.co.uk,http://www.dailystar.co.uk/news/view/80115/Army-girls-caught-in-battle-of-the-bulge/
2009-05-11,08:32:50,8jeej,18,Jordanian King: new Middle East peace proposal imminent,reuters.com,http://www.reuters.com/article/politicsNews/idUSTRE54921D20090510
2009-05-11,21:38:40,8jiv0,16,Iran to Release Jailed US Journalist,npr.org,http://www.npr.org/templates/story/story.php?storyId=103999681
2009-05-12,06:57:15,8jnuz,20,"When I went to school I remember there was only 1 'fat' kid, today 62% of Australians are overweight!",news.com.au,"http://www.news.com.au/dailytelegraph/story/0,27574,25464606-5006009,00.html"
2009-05-11,18:25:44,8jhlb,18,Somali Pirates are now Better Financed than the Regional Government: Thanks to Ransom Payments,news.bbc.co.uk,http://news.bbc.co.uk/1/hi/world/africa/8043285.stm
2009-05-11,20:52:54,8jiiv,14,'You probably think I'm a monster',edition.cnn.com,http://edition.cnn.com/2009/CRIME/05/11/us.soldier.iraq.killings/index.html?eref=rss_topstories
2009-05-12,05:40:30,8jnah,14,"According to the President of Pakistan, the CIA and ISI Together Created the Taliban",ptinews.com,http://www.ptinews.com/pti%5Cptisite.nsf/0/8227CE5AED148A8A652575B30020EBE7?OpenDocument
2009-05-12,04:15:43,8jmmt,11,Lost boys of Swat flee for their lives as fighting rages,cnn.com,http://www.cnn.com/2009/WORLD/asiapcf/05/11/orphans.swat.taliban.pakistan/index.html
2009-05-11,15:17:36,8jgdc,11,(UK) Tories next to feel heat on expenses,independent.co.uk,http://www.independent.co.uk/news/uk/politics/tories-next-to-feel-heat-on-expenses-1682648.html
2009-05-11,21:53:55,8jizv,12,Australia Will Build Up Its Forces as China Rises,aviationweek.com,http://www.aviationweek.com/aw/generic/story.jsp?id=news/aw051109p1.xml&headline=Australia%20Will%20Build%20Up%20Its%20Forces%20as%20China%20Rises&channel=awst
2009-05-11,08:31:24,8jeeb,10,EU to find Intel anti-competitive,uk.reuters.com,http://uk.reuters.com/article/technologyNews/idUKTRE5491Q820090510?feedType=RSS&feedName=technologyNews&rpc=408
2009-05-11,10:05:39,8jesa,10,"Thousands of Emotional and Angry Tamil Protestors March and Block off Toronto's Major Highway. Many Officers Assulted as 50,000 move in on on the Gardiner Expressway ",cp24.com,http://cp24.com/servlet/an/local/CTVNews/20090510/090510_tamil_protest/20090510/?hub=CP24Home
2009-05-12,02:43:40,8jls4,7,"Where people spend most time eating, drinking, and sleeping [chart]",economist.com,http://www.economist.com/daily/news/displaystory.cfm?story_id=13635801
2009-05-11,11:42:49,8jf7u,7,Concerns White Phosphorus Used In Afghan Battle,cbs2.com,http://cbs2.com/national/afghanistan.suicide.bombs.2.1006261.html
2009-05-11,21:46:33,8jixh,5,Over 1000 feared dead as UN condemns Sri Lankan 'bloodbath'.,thestar.com,http://www.thestar.com/news/world/article/632289
