2009-05-24,12:51:32,8msr6,202,"Everything you know about Iran is wrong. (Not you, reddit)",newsweek.com,http://www.newsweek.com/id/199144
2009-05-24,10:49:15,8ms9g,154,"Israeli Strategic Affairs Minister Moshe Ya'alon: We will not let the US threaten us; we will not yield to U.S. demands, we will not halt settlement construction""",haaretz.com,http://www.haaretz.com/hasen/spages/1087541.html?1
2009-05-25,02:54:16,8mw86,34,"Spanish judges invoke universal jurisdiction which gives them authority to prosecute high-ranking government officials in the U.S., China and Israel for torture, genocide and crimes against humanity",washingtonpost.com,http://www.washingtonpost.com/wp-dyn/content/article/2009/05/23/AR2009052301795.html?hpid=topnews
2009-05-25,01:36:14,8mvtp,25,Sri Lanka's Tamil Tiger rebels have admitted for the first time that their leader Velupillai Prabhakaran is dead.,news.bbc.co.uk,http://news.bbc.co.uk/2/hi/south_asia/8066129.stm
2009-05-25,04:22:25,8mwoa,22,"Israel Moves Closer to Banning Any ""Nakba Day"" Events - Wants to Imprison Any Palestinians that Publicly Mourn Their Losses of 1948",haaretz.com,http://www.haaretz.com/hasen/spages/1087792.html
2009-05-25,04:29:34,8mwpp,15,Netanyahu says settlements can expand,news.bbc.co.uk,http://news.bbc.co.uk/2/hi/middle_east/8066389.stm
2009-05-25,01:36:48,8mvtv,16,Armed Israeli police close theatre on first night of Palestinian festival,guardian.co.uk,http://www.guardian.co.uk/world/2009/may/24/israeli-police-close-palestinian-theatre
2009-05-24,23:45:02,8mv6d,8,Israeli tourism ministry puts up posters of Palestinian occupied territories as Israel - 342 complaints!,guardian.co.uk,http://www.guardian.co.uk/media/2009/may/22/israel-underground-ads-occupied-territories-map
2009-05-24,17:40:33,8mts6,12,Mongolians vote in presidential election,earthtimes.org,"http://www.earthtimes.org/articles/show/270108,mongolians-vote-in-presidential-election.html"
2009-05-24,11:53:31,8msiw,10,"UN chief visits Sri Lanka's biggest refugee camp and sees ""raw agony""",news.bbc.co.uk,http://news.bbc.co.uk/2/hi/south_asia/8065594.stm
2009-05-24,15:08:24,8mt98,9,Remembering the old Swat that was like paradise on earth,news.bbc.co.uk,http://news.bbc.co.uk/2/hi/south_asia/8062084.stm
2009-05-24,17:15:32,8mtp6,6,Pakistan: Love marriage greeted by the torture of a family; one girl is abducted by a Punjab MP,ahrchk.net,http://www.ahrchk.net/ua/mainfile.php/2009/3159/
2009-05-24,10:28:29,8ms63,7,"Pakistan: 1095 terrorists killed, security forces storm into Mingora",warsintheworld.com,http://www.warsintheworld.com/?x=entry:entry090524-032329
2009-05-24,20:34:21,8muc0,4,Iran bans Facebook,news.bbc.co.uk,http://news.bbc.co.uk/2/hi/middle_east/8065578.stm
2009-05-24,19:01:00,8mu1f,4,Former South Korean President Roh Moo-hyun jumped to his death after being hounded for weeks in a widening corruption scandal.,reuters.com,http://www.reuters.com/article/newsOne/idUSTRE54M04820090524
2009-05-25,05:31:33,8mwzi,4,Spanish Intelligence Agents Expelled From Cuba,easybourse.com,http://www.easybourse.com/bourse-actualite/marches/spanish-intelligence-agents-expelled-from-cuba-report-672057
2009-05-24,20:27:58,8mub6,4,Iranian authorities say a woman accused of being a serial killer took her ideas from the novels of crime writer Agatha Christie.,news.bbc.co.uk,http://news.bbc.co.uk/2/hi/middle_east/8065647.stm
2009-05-25,04:05:38,8mwl8,3,"U.N. seeks full access to Sri Lankan refugee camps (Ban Ki-Moon: Ban Ki-moon says camp contains ""the most appalling scenes I have seen."")",cnn.com,http://www.cnn.com/2009/WORLD/asiapcf/05/24/sri.lanka.united.nations/index.html
2009-05-24,23:29:02,8mv2r,4,Would-be suicide jumper pushed off bridge,cnn.com,http://www.cnn.com/2009/WORLD/asiapcf/05/23/china.suicide/index.html?iref=mpstoryview
2009-05-25,07:57:37,8mxmt,4,"Curfew in Jalandhar, India after shoot-out in Sikh temple in Vienna, Austria",newstrackindia.com,http://www.newstrackindia.com/newsdetails/101223
2009-05-24,11:52:16,8msip,1,Tamil self-determination and the LTTE: Some lessons for the struggle,links.org.au,http://links.org.au/node/1064
2009-05-25,01:33:07,8mvsy,1,This is what happened in the Finaly hours between the LTTE and the Ruthless Sri Lankan Army. ,tamileelamonline.com,http://www.tamileelamonline.com/en/The_deaths_of_political_heads_of_LTTE
2009-05-24,19:42:15,8mu66,0,Kim Jong Il inspects historical battle sites in Yonsa county,news.xinhuanet.com,http://news.xinhuanet.com/english/2009-05/24/content_11426404.htm
2009-05-24,18:45:02,8mtzo,0,The state of palestine quiz,4.bp.blogspot.com,http://4.bp.blogspot.com/_gnm2C1B8vbI/ShkHV1jdi3I/AAAAAAAADjc/yEQzRq1l7os/s1600-h/dry_bones_quiz.gif
2009-05-24,23:05:09,8muy6,0,Malay court hearing Allah case,news.bbc.co.uk,http://news.bbc.co.uk/1/hi/world/south_asia/8065597.stm
2009-05-24,11:50:08,8msic,0,"A very interesting article about gun control, and how well it has worked out. ",reason.com,http://www.reason.com/news/show/28582.html
2009-05-24,11:15:02,8mscw,0,Barack Obama is giving Iran the time it needs to build a nuclear bomb,telegraph.co.uk,http://www.telegraph.co.uk/comment/columnists/concoughlin/5363486/Barack-Obama-is-giving-Iran-the-time-it-needs-to-build-a-nuclear-bomb.html
2009-05-24,23:07:10,8muyj,0,Golem agree with their masters,jta.org,http://jta.org/news/article/2009/05/21/1005327/majority-of-americans-see-iran-as-a-danger
2009-05-24,10:42:34,8ms89,0," $10m fugitive drinking beer, enjoying heat ",nzherald.co.nz,http://www.nzherald.co.nz/nz/news/article.cfm?c_id=1&objectid=10574205
2009-05-24,23:25:36,8mv22,0,Important International Moving Tips ,intlmove.com,http://www.intlmove.com/2009/05/important-international-moving-tips.html
