2009-03-11,20:19:46,83s9j,325,"10 dead after teen shooting rampage at German school (according to german sources, 13)",edition.cnn.com,http://edition.cnn.com/2009/WORLD/europe/03/11/germany.school.shooting/index.html?
2009-03-12,02:53:59,83w1g,116,Bolivia expels second US diplomat for having CIA links,intelligencenews.wordpress.com,http://intelligencenews.wordpress.com/2009/03/11/01-97/
2009-03-11,18:54:40,83rre,86,Military to use new gel that stops bullets ,telegraph.co.uk,http://www.telegraph.co.uk/news/newstopics/politics/defence/4862103/Military-to-use-new-gel-that-stops-bullets.html
2009-03-11,10:16:15,83p0y,63,"The global drug charade: Flying in the face of all the evidence, the UN is about to recommit to the tried and FAILED approach",guardian.co.uk,http://www.guardian.co.uk/commentisfree/2009/mar/11/drugs-policy-un
2009-03-12,02:02:12,83vjx,53,""" Just this past week in the East Jerusalem area, 88 homes in al-Bustan, 55 homes in Shufat refugee camp, 35 Bedouin homes on the Jerusalem-Jericho Road, and 66 homes in al-Isawiyya were slated for destruction, affecting more than 2,000 Palestinians, most of whom have lived there for generations.""",electronicintifada.net,http://electronicintifada.net/v2/article10381.shtml
2009-03-11,10:02:06,83oxz,31,The Economist: The Only Way To Stop The Failed Global Drug War Is To Legalize All Drugs,prosebeforehos.com,http://www.prosebeforehos.com/article-of-the-day/03/10/legalization-is-the-answer/
2009-03-11,20:55:42,83si9,16,"Tariq Aziz, for many years the public face of Saddam Hussein's Iraqi regime, has been jailed for 15 years for his role in the execution of 42 merchants.",news.bbc.co.uk,http://news.bbc.co.uk/2/hi/middle_east/7937034.stm
2009-03-11,13:47:45,83q90,15,Secret message in Abraham Lincoln's watch revealed,news.com.au,"http://www.news.com.au/story/0,27574,25171291-2,00.html"
2009-03-11,21:11:55,83smc,10,Al-Jazeera’s coverage of dictators is more honest than AP’s,ihatethemedia.com,http://www.ihatethemedia.com/al-jazeera-coverage-north-korea-more-honest-than-associated-press
2009-03-12,02:18:52,83vpm,8,France ends four-decade NATO rift,news.bbc.co.uk,http://news.bbc.co.uk/2/hi/europe/7937666.stm
2009-03-11,12:10:48,83pr4,11,US Congress eases curbs on Cuba,news.bbc.co.uk,http://news.bbc.co.uk/1/hi/world/americas/7936430.stm
2009-03-12,06:39:11,83xzm,9,BBC NEWS | World | Europe | France ends four-decade Nato rift,news.bbc.co.uk,http://news.bbc.co.uk/1/hi/world/europe/7937666.stm
2009-03-11,17:40:48,83rey,10,"Putin curbs 'bloody' seal hunt; Whitecoat pups and parents to be protected, Russian PM says",theglobeandmail.com,http://www.theglobeandmail.com/servlet/story/RTGAM.20090311.wseals11/BNStory/International/?page=rss&id=RTGAM.20090311.wseals11
2009-03-11,10:21:50,83p27,7,China's Navy flexes it's muscles over US sub hunting ship in South China Sea,news.yahoo.com,http://news.yahoo.com/s/ap/20090310/ap_on_go_ca_st_pe/us_china_incident
2009-03-12,06:24:26,83xv9,7,Pakistan - Swat Valley: Sharia implemented on 16 March,asianews.it,http://www.asianews.it/index.php?l=en&art=14701&size=A
2009-03-12,07:41:33,83yg5,7,Someone explain the UK newsprints? Tabloids or Real News.,self.worldnews,https://www.reddit.com/r/worldnews/comments/83yg5/someone_explain_the_uk_newsprints_tabloids_or/
2009-03-11,09:57:54,83ox2,8,British Troops Jeered by Muslim Protesters at Homecoming Parade - Video 3/10/09,freedomslighthouse.com,http://www.freedomslighthouse.com/2009/03/british-troops-jeered-by-muslim.html
2009-03-11,20:46:47,83sfu,7,Northern Ireland: back to the past?,independent.co.uk,http://www.independent.co.uk/news/uk/crime/northern-ireland-back-to-the-past-1642510.html
2009-03-11,09:09:50,83onk,9,Gunman Massacres At Least Seven in Alabama ,news.bbc.co.uk,http://news.bbc.co.uk/2/hi/americas/7936382.stm
2009-03-11,16:11:55,83qy6,6,"Detroit's Beautiful, Horrible Decline [pics]",time.com,"http://www.time.com/time/photogallery/0,29307,1882089,00.html"
2009-03-11,12:53:29,83pyg,4,Gunman's day of bloodshed leaves at least 10 dead in south Alabama - Breaking News,blog.al.com,http://blog.al.com/spotnews/2009/03/coroner_gunmans_day_of_bloodsh.html
2009-03-11,10:42:45,83p6a,2,Chas Freeman withdrew his nomination. Israel lobby smear campaign a success.,blogs.abcnews.com,http://blogs.abcnews.com/politicalpunch/2009/03/exiting-chas-fr.html
2009-03-11,19:24:14,83rwq,4,School massacre in Germany latest: 17-year-old gunman on the run in city centre,bild.de,http://www.bild.de/BILD/news/bild-english/world-news/2009/03/11/school-shooting-germany/at-least-ten-dead-in-stuttgart-bloodbath-gunman-fired-at-pupils.html
2009-03-11,22:23:48,83t9m,6,Teen gunman dead after killing 15 at German school,news.yahoo.com,http://news.yahoo.com/s/ap/20090311/ap_on_re_eu/eu_germany_school_attack
2009-03-12,07:26:32,83ycl,5, Children's show falls foul of toy monkey called Ahmadinejad,guardian.co.uk,http://www.guardian.co.uk/world/2009/mar/11/ahmadinejad-toy-monkey
2009-03-11,15:29:08,83qqt,3,The Making of a Mumbai Terrorist,time.com,"http://www.time.com/time/world/article/0,8599,1883334,00.html"
2009-03-11,20:09:11,83s6w,2,11 dead after teen shooting rampage at German school,edition.cnn.com,http://edition.cnn.com/2009/WORLD/europe/03/11/germany.school.shooting/index.html
2009-03-11,17:05:14,83r8l,3,Street stalls demolished for pope's visit to Cameroon - people will be out of work but at least everything will look pretty,reuters.com,http://www.reuters.com/article/oddlyEnoughNews/idUSTRE5295QK20090310
2009-03-11,21:56:59,83t0s,2,Teen gunman kills 15 in German shooting spree ,cnn.com,http://www.cnn.com/2009/WORLD/europe/03/11/germany.school.shooting/index.html
2009-03-11,12:07:53,83pqh,3,Bloodbath at the Iraqi reconciliation summit,independent.co.uk,http://www.independent.co.uk/news/world/middle-east/bloodbath-at-the-iraqi-reconciliation-summit-1642108.html
