2009-03-24,21:01:19,8726z,1619,"Doesn’t it seem ironic that in a country with thousands of CCTV cameras, they want to shut down Google Street View because of ‘privacy’ concerns?",news.bbc.co.uk,http://news.bbc.co.uk/2/hi/technology/7959362.stm
2009-03-24,10:44:24,86ynj,446,"""I find it ironic that on one hand you put [Saddam Hussein] on trial for using biological warfare, but in another country where you sprayed chemicals for warfare, you neglect your responsibility,""",washingtonpost.com,http://www.washingtonpost.com/wp-dyn/content/article/2006/11/12/AR2006111201065.html
2009-03-24,15:39:03,870ce,297,I'm Brit and I'm terrified of my Government's new 'terror strategy'. Someone please get rid of Jacqui Smith,news.bbc.co.uk,http://news.bbc.co.uk/1/hi/uk/7960466.stm
2009-03-24,00:45:13,86u3c,234,Austria and Hungary reaffirm their sovereign right to ban GM crops,uk.reuters.com,http://uk.reuters.com/article/environmentNews/idUKTRE5212OL20090302
2009-03-24,12:26:58,86zae,88,Italian court rules that a shepherd smoking marijuana could be justified because he only has sheep for company,independent.co.uk,http://www.independent.co.uk/life-style/health-and-wellbeing/health-news/while-a-shepherd-watched-his-flock-by-night-1650377.html
2009-03-24,18:47:22,871bh,85,South Africa denies Dalai Lama visa to attend peace conference. Nobel peace prize winners and committee pull out.,iol.co.za,http://www.iol.co.za/index.php?set_id=1&click_id=13&art_id=nw20090324122745965C662369
2009-03-24,19:20:18,871i3,24,Dubai prison mother loses custody,news.bbc.co.uk,http://news.bbc.co.uk/1/hi/england/berkshire/7960905.stm
2009-03-24,21:31:26,872h2,21,Rockefeller Declares War on Free Internet,wariscrime.com,http://www.wariscrime.com/2009/03/24/video/rockefeller-declares-war-on-free-internet/
2009-03-24,22:53:50,8738p,19,Japanese man  becomes the first person to be certified as a survivor of both Hiroshima and Nagasaki atomic bombings ,guardian.co.uk,http://www.guardian.co.uk/world/2009/mar/24/nuclear-bomb-survivor-japan
2009-03-24,21:34:42,872i6,18,China suggests switch from dollar. China's central bank has called for a new global reserve currency run by the IMF to replace the US dollar.,news.bbc.co.uk,http://news.bbc.co.uk/2/hi/business/7960620.stm
2009-03-24,12:19:45,86z8q,14,Blackwater sued in US court over alleged cover-up (AFP),news.yahoo.com,http://news.yahoo.com/s/afp/usiraqjusticeblackwatersecuritybusiness
2009-03-25,04:51:18,876pr,15,China blasts video claiming Tibet violence,msnbc.msn.com,http://www.msnbc.msn.com/id/29863003/
2009-03-25,07:16:06,877vd,14,Serbia remembers Nato bombing campaign with air raid sirens,telegraph.co.uk,http://www.telegraph.co.uk/news/5046025/Serbia-remembers-Nato-bombing-campaign-with-air-raid-sirens.html
2009-03-24,11:39:56,86yz8,14,Death penalty 'closer to demise',news.bbc.co.uk,http://news.bbc.co.uk/2/hi/in_depth/7960401.stm
2009-03-24,12:49:38,86zf7,14,U.N. report condemns Israel for Gaza operation,m.cnn.com,http://m.cnn.com/detail.jsp?ckey=cnn&rootCategory=lt_ne&rc=null&key=270370
2009-03-25,04:03:54,8769w,12,China bans YouTube,online.wsj.com,http://online.wsj.com/article/SB123791575627627223.html
2009-03-25,00:08:49,8740k,10,China is calling for a new global currency in place of the dollar ''to achieve the objective of safeguarding global economic and financial stability.'',nytimes.com,http://www.nytimes.com/aponline/2009/03/24/world/AP-AS-China-Global-Currency.html
2009-03-24,15:22:22,8709f,10,"UN accuses Israeli troops of using boy, 11, as human shield",belfasttelegraph.co.uk,http://www.belfasttelegraph.co.uk/news/world-news/un-accuses-israeli-troops-of-using-boy-11-as-human-shield-14240116.html
2009-03-25,07:34:30,8780n,8,The leadership of the European Union was plunged into disarray last night when the Government holding the rotating presidency collapsed after losing a vote of no confidence in the Czech parliament. ,timesonline.co.uk,http://www.timesonline.co.uk/tol/news/world/europe/article5970837.ece
2009-03-25,00:13:40,8742m,7,Today we are witnessing the beginning of the US falling from a world superpower,financialpost.com,http://www.financialpost.com/scripts/story.html?id=1420262
2009-03-24,18:15:03,8714y,10,Fighting for Life: American Activist Shot by Israelis,independent.co.uk,http://www.independent.co.uk/news/world/middle-east/fighting-for-life-american-peace-activist-shot-by-israelis-1652604.html
2009-03-24,08:20:59,86xtd,7,"""And that's when I proceeded to hit him with the shovel.""",cbc.ca,http://www.cbc.ca/canada/saskatchewan/story/2007/08/28/gang-attack.html
2009-03-25,00:11:34,8741p,9,"The number of executions worldwide nearly doubled last year compared to 2007, according to Amnesty International, and China put to death far more people than any other nation. “In the Americas, only one state — the United States — consistently executes.”",nytimes.com,http://www.nytimes.com/2009/03/25/world/25amnesty.html
2009-03-24,16:13:45,870id,8,A bit like Northern Ireland: Right-wing Jewish National Front to march through the Arab Israeli city of Umm al-Fahm.,ynetnews.com,"http://www.ynetnews.com/articles/0,7340,L-3690933,00.html"
2009-03-24,08:15:14,86xs0,8,The Big Takeover: The global economic crisis isn't about money - it's about power. How Wall Street insiders are using the bailout to stage a revolution,rollingstone.com,http://www.rollingstone.com/politics/story/26793903/the_big_takeover/print
2009-03-24,13:10:28,86zjv,7,At Least 32 Die in a Wave of Violence Across Iraq ,nytimes.com,http://www.nytimes.com/2009/03/24/world/middleeast/24iraq.html
2009-03-24,18:01:55,8712g,7,World Photography Awards ,humorearth.com,http://www.humorearth.com/galleries/view/id/61/-World-Photography-Awards
2009-03-24,13:18:48,86zlj,5,"UK high court rules that disabled people have no right to choose their NHS-funded carers despite complaints that many are robbed of their ""dignity and autonomy.""  ",independent.co.uk,http://www.independent.co.uk/life-style/health-and-wellbeing/health-news/disabled-have-unou-right-to-choose-carers-1652596.html
2009-03-24,06:05:16,86wx6,6,A Quiet Revolution Grows in the Muslim World,time.com,"http://www.time.com/time/printout/0,8816,1886539,00.html"
2009-03-24,17:03:19,870r2,5,UK Council uses spy plane with thermal imaging camera to snoop on homes wasting energy,dailymail.co.uk,http://www.dailymail.co.uk/news/article-1164091/Council-uses-spy-plane-thermal-imaging-camera-snoop-homes-wasting-energy.html
