2009-08-04,15:08:51,97aue,371,Australian Idol judge fired after teenager's rape revelation live on radio,belfasttelegraph.co.uk,http://www.belfasttelegraph.co.uk/news/world-news/australian-idol-judge-fired-after-teenagers-rape-revelation-live-on-radio-14442449.html
2009-08-05,02:47:33,97hdy,235,"Bill Clinton in North Korea, meets Kim Jong-il.",reuters.com,http://www.reuters.com/article/worldNews/idUSSP47880420090804?feedType=RSS&feedName=worldNews&rpc=22&sp=true
2009-08-04,15:13:19,97avs,54,"Hamas Again Accepts a Palestinian State on the 
1967 Lines",thewashingtonnote.com,http://www.thewashingtonnote.com/archives/2009/08/guest_post_by_a_3/
2009-08-04,23:15:25,97eub,50,U.S. hunters aim for open season of threatened polar bears - Powerful lobby is suing to overturn the listing under the Endangered Species Act. ,theglobeandmail.com,http://www.theglobeandmail.com/news/national/us-groups-fight-to-preserve-polar-bear-hunt/article1240225/
2009-08-05,06:17:29,97jms,47,Erik Prince of Xe (Blackwater) Implicated in Killing of Cooperative Govt Witnesses [DKos until org story stabilizes],dailykos.com,http://www.dailykos.com/storyonly/2009/8/4/761882/-Erik-Prince-of-XeBlackwater-Implicated-in-Killing-of-Cooperative-Govt-Witnesses
2009-08-04,11:24:21,9791p,46,Mother and Daughter severely ill after their E Coli was contaminated with British food,news.bbc.co.uk,http://news.bbc.co.uk/2/hi/uk_news/wales/north_east/8181106.stm
2009-08-05,03:12:45,97hon,33,"Paco, a smokable drug made from bits of cocaine residue mixed with industrial solvents is quickly becoming a problem in Argentina.",nytimes.com,http://www.nytimes.com/2009/07/30/world/americas/30argentina.html?ref=americas
2009-08-04,16:30:30,97bj6,27,"This morning, Israeli bulldozers removing electrical poles from small Palestinian village; electricity from project supported by Quartet envoy Tony Blair",imemc.org,http://www.imemc.org/article/61283
2009-08-04,15:03:00,97asq,23,The Economist forced to back down over lies on Venezuela and Bolivia,links.org.au,http://links.org.au/node/1183
2009-08-04,16:44:24,97bn0,18,Bill Clinton in North Korea to Seek Release of U.S. Reporters,nytimes.com,http://www.nytimes.com/2009/08/05/world/asia/05korea.html?_r=1&hp
2009-08-05,04:16:47,97ie3,18,"An Algerian shop owner punches a Chinese migrant worker in the face.  30 minutes later, 100 Algerian residents and Chinese workers clash, armed with knives and rods.",news.bbc.co.uk,http://news.bbc.co.uk/2/hi/africa/8184499.stm
2009-08-04,08:15:24,977of,16,"Buzz Aldrin reveals that there is a monolith on Phobos, a moon of Mars.  ",youtube.com,http://www.youtube.com/watch?v=bDIXvpjnRws
2009-08-05,01:59:23,97grq,18,Army of bloggers invading reddit?,self.worldnews,https://www.reddit.com/r/worldnews/comments/97grq/army_of_bloggers_invading_reddit/
2009-08-04,16:45:16,97bn9,13,"Home Office says immigrants need to contribute to UK's ""democratic life"", but anti-war activism could count against you",guardian.co.uk,http://www.guardian.co.uk/uk/2009/aug/03/home-office-citizenship-proposals
2009-08-04,12:33:55,979m6,14,"The level of health in a country: Singapore - 1st; over 40 countries ahead of the US including many European states, Canada and Cuba; Angola - last",cia.gov,https://www.cia.gov/library/publications/the-world-factbook/rankorder/2091rank.html
2009-08-04,08:53:06,977xb,16,Trial by jury returns to Japan,guardian.co.uk,http://www.guardian.co.uk/world/2009/aug/03/japan-trial-by-jury-returns
2009-08-04,08:08:58,977my,12,Texan Zionist Christian says that God sent him to seek oil in Israel and this oil-digger believes that God would not give Israel anything less than Arabs have.  John Brown says he is on a divine mission to find oil in the land of milk and honey.,middle-east-online.com,http://www.middle-east-online.com/english/?id=33511
2009-08-05,07:48:52,97kgy,10,"The US is quietly pressing Iraq not to close a camp that holds more than 3,000 members of an Iranian opposition group that served as Saddam Hussein's shock troops.",washingtontimes.com,http://www.washingtontimes.com/news/2009/aug/04/us-seeks-protection-of-terrorist-designates/?feat=home_headlines
2009-08-04,13:35:05,97a36,11,WTF ethics: Church of England under pressure over revelation that Vedenta supplies sacred mountain bauxite for India's nuclear missile programme,guardian.co.uk,http://www.guardian.co.uk/business/2009/aug/02/vedanta-mining-environment-development
2009-08-04,19:19:18,97cso,9,Saudi man could face death for talking sex on TV,themalaysianinsider.com,http://www.themalaysianinsider.com/index.php/world/33988-saudi-man-could-face-death-for-talking-sex-on-tv#
2009-08-05,06:50:51,97jxf,9,Police beat women opposing Sudan dress code trial,google.com,http://www.google.com/hostednews/ap/article/ALeqM5hRD66e7D6mHUZJECYSQeJLNFhanAD99S8URO0
2009-08-04,12:44:31,979p5,8,Assisted suicide law will apply to deaths in Britain and abroad,telegraph.co.uk,http://www.telegraph.co.uk/news/newstopics/politics/lawandorder/5968756/Assisted-suicide-law-will-apply-to-deaths-in-Britain-and-abroad.html
2009-08-04,08:57:00,977yp,9,"Associated Press a Humiliation to So-Called ""IP"" ~~ AP Charges $12.50 To Quote 5 Words ",groups.google.com,http://groups.google.com/group/comp.os.linux.advocacy/msg/4f87a203a4626b2b
2009-08-04,12:08:57,979f2,9,Mafia boss says Italian government involved with 1992 assassination of anti-Mob magistrate.,time.com,"http://www.time.com/time/world/article/0,8599,1914284,00.html?xid=rss-topstories"
2009-08-05,04:28:48,97ijf,9,Moscow's Troubles in the Caucasus: ongoing ethnic and political tensions between the Caspian Sea and the Black Sea are becoming a threat to the leadership in Moscow. ,spiegel.de,"http://www.spiegel.de/international/world/0,1518,640252,00.html"
2009-08-04,13:50:55,97a7w,9,Venezuela: `The democratisation of the mass media has begun' ,links.org.au,http://links.org.au/node/1182
2009-08-05,05:48:13,97jdh,8,New study shows China would beat the US in an air war for Taiwan,flightglobal.com,http://www.flightglobal.com/blogs/the-dewline/2009/08/rand-study-now-china-wins-taiw.html
2009-08-04,12:20:35,979ie,5,Palestinians seek end to trade dependence on Israel,jordantimes.com,http://jordantimes.com/?section=11
2009-08-05,02:33:48,97h79,6,"Israel's Barak says the U.S. will present a peace 
plan to the parties within weeks; State Dept. 
official confirms, without further details",talkingpointsmemo.com,http://www.talkingpointsmemo.com/news/2009/08/israels_barak_says_us_to_present_peace_plan_soon.php?ref=fpc
2009-08-04,18:18:36,97cc2,7,Nigeria on the brink,self.worldnews,https://www.reddit.com/r/worldnews/comments/97cc2/nigeria_on_the_brink/
