2009-01-02,10:53:47,7mvms,799,"Israel kills Hamas leader and his wife, children and anyone else  in the neighbourhood by dropping a one-tonne bomb on his house",belfasttelegraph.co.uk,http://www.belfasttelegraph.co.uk/news/world-news/israel-kills-hamas-leader-and-his-family-with-onetonne-bomb-14126609.html?a=3232
2009-01-03,03:07:57,7n04h,213,"Kept afloat by billions of dollars of American money, the government of Afghanistan is shot through with corruption and graft.",iht.com,http://www.iht.com/articles/2009/01/02/asia/corrupt.php
2009-01-03,02:59:54,7n024,137,Obama Moves to Counter China in Space With Pentagon-NASA Link ,bloomberg.com,http://www.bloomberg.com/apps/news?pid=20601070&sid=aOvrNO0OJ41g&refer=home
2009-01-02,11:57:16,7mvv1,105,Media Banned From Gaza as Humanitarian Crisis Escalates,antiwar.com,http://www.antiwar.com/ips/frykberg.php?articleid=13985
2009-01-03,02:27:26,7mzuo,92,"The Gaza Strip, where  some have to eat grass just to stay alive, is sandwiched between an apartheid state and a  brutal dictatorship, both funded and sustained by the  United States taxpayer",chycho.com,http://www.chycho.com/?q=node/1961
2009-01-02,08:07:04,7muzv,82,Arab governments question Hamas' actions,theaustralian.news.com.au,"http://www.theaustralian.news.com.au/story/0,25197,24860529-15084,00.html?"
2009-01-02,13:13:02,7mw6q,64,"Israel is now bombing the refugees it created in 1948, having never paid reparations",juancole.com,http://www.juancole.com/2009/01/bombing-refugee-camps-in-gaza-instead.html
2009-01-02,18:44:54,7mxfd,41,"Trusting shopkeeper leaves his store open unattended on Boxing Day:  nothing gets stolen, customers place money in 'honesty box'",belfasttelegraph.co.uk,http://www.belfasttelegraph.co.uk/news/local-national/trusting-shopkeeper-leaves-store-open-unattended-14126896.html
2009-01-02,20:39:28,7mxv4,21,Home intruder interrupted by Thor,news.bbc.co.uk,http://news.bbc.co.uk/1/hi/scotland/edinburgh_and_east/7807920.stm
2009-01-02,10:41:24,7mvlb,19,"Israel, a nation that was born out of Zionist terrorism, is using terrorism again. ",middle-east-online.com,http://www.middle-east-online.com/english/?id=29485
2009-01-02,20:23:58,7mxt2,12,Israel believes its has won broad international support in the media for its actions in Gaza thanks to its PR strategy to stifle pictures of victims and to dominate the press. ,guardian.co.uk,http://www.guardian.co.uk/world/2009/jan/02/israel-palestine-pr-spin
2009-01-02,08:56:13,7mv6n,14,Car found in dead uncle's garage expected to fetch millions,dailymail.co.uk,http://www.dailymail.co.uk/news/article-1103849/The-eccentric-uncle-left-garage--containing-6m-Bugatti-supercar.html
2009-01-02,09:48:59,7mvdp,9,Australia says considering Guantanamo prison intake ,reuters.com,http://www.reuters.com/article/topNews/idUSTRE50101Q20090102
2009-01-03,06:57:52,7n1k4,7,All boys and men in Uganda will be mobilised for free circumcision beginning next year,newvision.co.ug,http://www.newvision.co.ug/D/8/12/665493
2009-01-02,11:32:00,7mvrq,5,"For Afghans, a Price for Everything, and Anything for a Price. Tale of Overwhelming Corruption",nytimes.com,http://www.nytimes.com/2009/01/02/world/asia/02kabul.html?hp
2009-01-02,19:32:30,7mxlc,5,"100 cars set on fire, sportshall burned down, police attacked with bottles and fireworks. Headline FAIL: New Year festivities 'largely peaceful'",dutchnews.nl,http://www.dutchnews.nl/news/archives/2009/01/new_year_festivities_largely_p.php?
2009-01-03,01:24:50,7mzew,4,Cuba marks 50 years of revolution,news.bbc.co.uk,http://news.bbc.co.uk/1/hi/world/americas/7806928.stm
2009-01-03,03:30:57,7n09y,4,World protests over Gaza raids [video] - (Go Annie Lennox!) ,news.bbc.co.uk,http://news.bbc.co.uk/2/hi/middle_east/7808723.stm
2009-01-03,07:15:19,7n1na,4,The Cost of Governing Afghanistan,ablogistan.com,http://www.ablogistan.com/archives/2009/01/the_cost_of_gov.html
2009-01-03,03:44:50,7n0dg,0,Gaza facing 'critical emergency' ,news.bbc.co.uk,http://news.bbc.co.uk/2/hi/middle_east/7808825.stm
2009-01-03,06:21:07,7n1cd,1,Russia cuts off gas deliveries to Ukraine,iht.com,http://www.iht.com/articles/2009/01/02/europe/02gazprom.php
2009-01-02,21:51:59,7my6c,1,Michael Shaw: Reading The Pictures: <em> Is That A Snuff Film The Israeli Air Force Has Posted On YouTube?</em>,huffingtonpost.com,http://www.huffingtonpost.com/michael-shaw/reading-the-pictures-em-i_b_154719.html
2009-01-02,09:54:38,7mvec,1,"India, US and Pakistan : Tale of a choatic democracy, a super power and a rogue nation",kcunplugged.blogspot.com,http://kcunplugged.blogspot.com/2008/12/india-us-and-pakistan-tale-of-choatic.html
2009-01-02,08:02:29,7muzb,1,IAF steps up Gaza Strip air strikes | Israel | Jerusalem Post,jpost.com,http://www.jpost.com/servlet/Satellite?cid=1230733129086&pagename=JPost%2FJPArticle%2FShowFull
2009-01-02,23:53:33,7myvk,0,Concern over Israel targeting civilian objects in the Gaza Strip,politicalaffairs.net,http://www.politicalaffairs.net/article/articleview/7930/
2009-01-03,03:30:20,7n09n,0,Crisis in Gaza!,oxfam.org,http://www.oxfam.org/en/emergencies/gaza
2009-01-02,09:41:49,7mvcu,0,Israeli-Palestinian conflict: the final solution?,scholarsandrogues.com,http://www.scholarsandrogues.com/2009/01/01/israeli-palestinian-conflict-the-final-solution/
2009-01-03,01:30:35,7mzgk,0,Daredevil motorcyclist jumps 96 feet up onto Vegas casino then jumps off again,belfasttelegraph.co.uk,http://www.belfasttelegraph.co.uk/news/world-news/amazing-video-daredevil-motorcyclist-jumps-96-feet-up-onto-vegas-casino-14126651.html
2009-01-02,15:39:22,7mwqw,0,"""If I were a Palestinian at the right age, I would have joined one of the terrorist organizations at a certain stage."" - Ehud Barak, ex-Israeli PM, and current Defence Minister",haaretz.com,http://haaretz.com/hasen/spages/1052057.html
2009-01-02,23:40:57,7mysu,0,"Hamas Enacts Islamic Laws, Including Amputation, Crucifixion, Lashes",newsblaze.com,http://newsblaze.com/story/20081224160149zzzz.nb/topstory.html
