2009-01-03,16:38:57,7n3tw,304,Australia refuses Bush administration request to house Guantanamo detainees,cnn.com,http://www.cnn.com/2009/WORLD/americas/01/03/guantanamo.prisoners/index.html
2009-01-03,21:29:40,7n4uz,262,Propaganda war: trusting what we see?,news.bbc.co.uk,http://news.bbc.co.uk/2/hi/middle_east/7809371.stm
2009-01-03,21:03:07,7n4rr,174,CNN: US weapons 'killing innocent civilians' in Gaza,rawstory.com,http://rawstory.com/news/2008/CNN_U.S._weapons_create_Gaza_civilian_0102.html
2009-01-04,00:37:54,7n5pb,151,Israel and the ignored UN Resolutions - Israel is in violation of 35 UN Resolutions.  Here is a list.,uk.youtube.com,http://uk.youtube.com/watch?v=ogxeTxD_kZ4
2009-01-03,07:39:12,7n1rl,145,"""Let us not forget that it was Israel, which in fact created Hamas"" Historian at the Hebrew University of Jerusalem",globalresearch.ca,http://www.globalresearch.ca/articles/ZER403A.html
2009-01-03,09:34:02,7n28n,37,Northern Ireland man discovers 'secret of invisibility',belfasttelegraph.co.uk,http://www.belfasttelegraph.co.uk/opinion/letters/northern-ireland-man-discovers-secret-of-invisibility-14127611.html
2009-01-04,04:30:31,7n6t1,26,Lynndie England: Life after Abu Ghraib,jezebel.com,http://jezebel.com/5122706/lynndie-england-life-after-abu-ghraib?skyline=true&s=i
2009-01-04,07:42:04,7n7na,26, Cuba offers direct talks with US ,news.bbc.co.uk,http://news.bbc.co.uk/2/hi/americas/7809308.stm
2009-01-03,14:11:14,7n3ar,15,Zimbabwean lawyer: Law has broken down - CNN.com,cnn.com,http://www.cnn.com/2009/WORLD/africa/01/02/zimbabwe.activists.courts.decision/index.html
2009-01-03,14:32:01,7n3dw,11,Nobel Peace Prize laureate Shirin Ebadi of Iran is threatened at her home ,latimes.com,"http://www.latimes.com/news/nationworld/world/la-fg-iran-ebadi3-2009jan03,0,7406858.story"
2009-01-04,00:23:32,7n5n3,10,"Beijing moves to stifle reform calls, called the most significant of its kind for at least a decade and possibly since the 1989 Tiananmen Square protests. ",ft.com,http://www.ft.com/cms/s/0/4234a402-d8fd-11dd-ab5f-000077b07658.html?nclick_check=1
2009-01-04,02:17:01,7n651,6,"Israel’s Goal - Ending Hamas Rule, Rocket Fire, or Both ",nytimes.com,http://www.nytimes.com/2009/01/04/world/middleeast/04assess.html?_r=1&hp
2009-01-04,06:03:42,7n784,0,Memo to Israel: Dropping Leaflets and Sending Text Messages Won't Abosolve You of War Crimes,self.worldnews,https://www.reddit.com/r/worldnews/comments/7n784/memo_to_israel_dropping_leaflets_and_sending_text/
2009-01-03,13:27:19,7n34i,3,Gang rapes lesbian,breitbart.com,http://www.breitbart.com/article.php?id=D95EKTQ80&show_article=1
2009-01-04,04:27:08,7n6sd,2,Israel expels UN rights envoy Richard Falk - Dec 17 08,youtube.com,http://www.youtube.com/watch?v=bkF1XxdXQFc
2009-01-04,06:36:30,7n7dn,3,"Police have dispersed crowds of demonstrators who gathered near the Israeli embassy in London, following a day of protests across the UK.",news.bbc.co.uk,http://news.bbc.co.uk/1/hi/uk/7809656.stm?
2009-01-03,13:10:35,7n323,2,Hamas PM Ismail Haniyeh at war with Israel – and his own rivals,belfasttelegraph.co.uk,http://www.belfasttelegraph.co.uk/news/world-news/hamas-pm-ismail-haniyeh-at-war-with-israel-ndash-and-his-own-rivals-14127769.html
2009-01-04,05:07:50,7n6z8,2,Who Gets U.S. Foreign Aid,parade.com,http://www.parade.com/news/intelligence-report/archive/who-gets-us-foreign-aid.html
2009-01-03,20:58:49,7n4r0,0,"Top Ten Myths about Iraq, 2008",juancole.com,http://www.juancole.com/2008/12/top-ten-myths-about-iraq-2008.html
2009-01-03,18:45:06,7n4al,0,"'We Believe This was a Legitimate Target' - IDF Kills 8 Civilians, 4 Under the Age of 18",youtube.com,http://www.youtube.com/watch?v=6Tg-F9oqyrE
2009-01-03,08:57:41,7n22n,0, Party to Murder:  Our self-righteous celebration of ourselves and our supposed virtue is as false as that of Israel. We have become monsters,truthdig.com,http://www.truthdig.com/report/item/20081229_party_to_murder/
2009-01-04,02:42:46,7n69f,0,"3rd January, UK evening news flash summary: A quick summary of this evenings stories in the UK, with links to the associated articles.",whitdawg.wordpress.com,http://whitdawg.wordpress.com/2009/01/03/
2009-01-03,08:35:54,7n1z8,0,damon,o,http://o
2009-01-04,02:34:54,7n684,0,Crew fight off pirates with water jets off Somalia  ,news.yahoo.com,http://news.yahoo.com/s/ap/20090102/ap_on_bi_ge/piracy_15
2009-01-03,15:53:20,7n3oa,0,India Sleepwalks Into a Surveillance Society - Wake up Cowple!,yro.slashdot.org,http://yro.slashdot.org/article.pl?sid=09%2F01%2F03%2F0246252&from=rss
2009-01-03,22:31:10,7n546,0,"Shut down al-Jazeera - ""The situation on the ground is directly affected by the nature of al-Jazeera reports."" [Ynet Opinion Piece]",ynetnews.com,"http://www.ynetnews.com/articles/0,7340,L-3649556,00.html"
2009-01-04,04:41:00,7n6v3,0,"Report: Israeli's use phone, SMS to warn Gazans of bombs",monstersandcritics.com,http://www.monstersandcritics.com/news/middleeast/news/article_1451257.php/Report_Israelis_use_phone_SMS_to_warn_Gazans_of_bombs__Extra__
2009-01-03,14:31:04,7n3ds,0,Australia rejects Gitmo victims.,abc.net.au,http://www.abc.net.au/news/stories/2009/01/03/2458564.htm?section=australia
2009-01-03,08:36:19,7n1zc,0,Newborn baby sold by doctor recovered,ndtv.com,http://www.ndtv.com/convergence/ndtv/story.aspx?id=NEWEN20090078585
2009-01-04,02:33:01,7n67t,0,Greece says pirate attack off Somalia thwarted,africa.reuters.com,http://africa.reuters.com/top/news/usnJOE50107I.html
