2009-11-29,10:32:28,a936g,447,The former PM is said to be furious that his reputation could be 'shredded' during the inquiry. Devestating official memo from top law officer warned Blair that the war *IS* illegal. Officer was bullied and ostracized.,independent.co.uk,http://www.independent.co.uk/news/uk/politics/iraq-the-uwaru-was-illegal-1830508.html
2009-11-29,14:45:51,a94lu,155,"Bhopal: On 3 Dec 1984, clouds of poison leaking from a Union Carbide pesticides plant brought death to thousands in this city. A quarter of a century later, victims of the world's worst industrial disaster are still being born. And still there's been no trial!",independent.co.uk,http://www.independent.co.uk/news/world/asia/bhopal-the-victims-are-still-being-born-1830516.html
2009-11-29,23:45:39,a977a,92,Pedophile priests protected not only by Church but also by police who decided that the crimes of the Catholic Church were outside their remit,videocafe.crooksandliars.com,http://videocafe.crooksandliars.com/cspanjunkie/pedophile-priests-protected-not-only-c
2009-11-29,18:11:40,a95ir,85,Switzerland votes on Muslim minaret ban,news.bbc.co.uk,http://news.bbc.co.uk/1/hi/world/europe/8384835.stm
2009-11-29,18:13:17,a95j5,56,Blair was told Iraq war ‘illegal’: report,rawstory.com,http://rawstory.com/2009/11/blair-told-iraq-war-illegal-report/
2009-11-29,20:55:49,a9696,60,"Man Sentenced for Killing Sister over Western Clothes, Make-Up...",thelocal.de,http://www.thelocal.de/national/20091126-23537.html
2009-11-29,21:18:49,a96cx,49,Emir of Abu Dhabi to buy Dubai for US$ 80 billion,asianews.it,http://www.asianews.it/index.php?l=en&art=16986&size=A
2009-11-29,10:18:47,a933k,46,"Wikipedia Losing Volunteers - ""Many people are getting burnt out when they have to debate about the contents of certain articles again and again..."" ",news.cnet.com,http://news.cnet.com/8301-1023_3-10403467-93.html
2009-11-29,09:21:35,a92s8,46,"Two Afghan teenagers say they were beaten by 
American guards, photographed naked, deprived of 
sleep and held in solitary confinement at secretive 
Bagram ""black"" prison run by U.S. Special 
Operations forces",washingtonpost.com,http://www.washingtonpost.com/wp-dyn/content/article/2009/11/27/AR2009112703438_pf.html
2009-11-29,21:33:07,a96g0,39,"Iraq: The war was illegal  ""Then Attorney General Goldsmith was 'pinned to the wall and bullied into keeping quiet' while the Prime Minister kept the Cabinet in the dark"" - The Chilcot inquiry",independent.co.uk,http://www.independent.co.uk/news/uk/politics/iraq-the-war-was-illegal-1830508.html
2009-11-29,13:06:16,a941z,41,UK child protection paranoia: Parents who want to accompany their children to Christmas carol services and other festive activities are being officially vetted for criminal records in case they are paedophiles,timesonline.co.uk,http://www.timesonline.co.uk/tol/news/politics/article6936351.ece
2009-11-29,16:55:47,a9581,33,"Why Arabs do not revolt against their corrupt 
dictators, 70 million illiterate among other things",translate.google.com,http://translate.google.com/translate?js=y&prev=_t&hl=en&ie=UTF-8&u=http%3A%2F%2Fwww.maradamedia.com%2Findex.php%3Foption%3Dcom_content%26view%3Darticle%26id%3D2794%3A2009-11-27-05-24-29%26catid%3D3%3Aarticles&sl=ar&tl=en
2009-11-30,00:24:27,a97hx,28,Iran’s government today announced plans to build 10 new uranium enrichment plants,timesonline.co.uk,http://www.timesonline.co.uk/tol/news/world/middle_east/article6936798.ece
2009-11-29,12:56:11,a93zr,19,"Iraq invasion was of questionable legitimacy, says British diplomat",guardian.co.uk,http://www.guardian.co.uk/uk/2009/nov/27/iraq-war-inquiry-greenstock-resolution
2009-11-29,14:06:39,a94dp,16,"It seems the pious policewoman and the even more pious judge took no notice of the law which stipulates that Christians are exempt from sharia law, that a child under 18 cannot be whipped or placed in the dock without her family present (Never mind a lawyer)",dailymail.co.uk,http://www.dailymail.co.uk/news/worldnews/article-1231442/Christian-girl-16-gets-60-lashes-wearing-indecent-knee-length-skirt-Sudan.html
2009-11-29,15:09:45,a94q8,15,Dubai bankruptcy is a taste of things to come,bk7.com,http://www.bk7.com/bankruptcy-news/dubai-bankruptcy-is-a-taste-of-things-to-come/
2009-11-30,04:24:49,a9998,16,"Rwanda joins the Commonwealth  - Rwanda joined the Commonwealth on Sunday, becoming only the second country which was not formerly a British colony to be admitted to the group.  ",telegraph.co.uk,http://www.telegraph.co.uk/news/worldnews/africaandindianocean/rwanda/6685316/Rwanda-joins-the-Commonwealth.html
2009-11-30,01:54:31,a9858,14,"Is Your Seafood Harvested by Slaves? Life is hell for Thailand’s fishermen slaves, a largely Burmese workforce lured into the Thai fishing industry by brokers",truthout.org,http://www.truthout.org/topstories/112909ms3
2009-11-30,05:57:32,a99u9,14,Mysterious 'Saddam Channel' hits Iraq TV,chron.com,http://www.chron.com/disp/story.mpl/world/6744161.html
2009-11-30,00:50:44,a97ow,11,Ok what is going on here? Read this and tell me your Opinion,spiegel.de,"http://www.spiegel.de/international/europe/0,1518,663846,00.html"
2009-11-30,06:09:16,a99xh,9,"Homemade bomb derailed Russian train, killing at least 39: officials",rawstory.com,http://rawstory.com/2009/11/homemade-bomb-derailed-russian-train-killing-39-officials/
2009-11-29,13:43:17,a949a,8,"Driven down by debt, Dubai expats give new meaning to long-stay car park (Times online article, Feb 2009)",business.timesonline.co.uk,http://business.timesonline.co.uk/tol/business/markets/the_gulf/article5663618.ece
2009-11-29,21:54:03,a96jg,7,Swiss minaret vote: Projections suggest ban backed.  Another thing added to the ban list.  Geesh.,news.bbc.co.uk,http://news.bbc.co.uk/2/hi/europe/8385069.stm
2009-11-29,22:10:40,a96mb,6,Moscow - Overpopulated With People and Cars,themoscowtimes.com,http://www.themoscowtimes.com/opinion/article/overpopulated-with-people-and-cars/390095.html
2009-11-29,23:19:37,a971f,8,"Dubai Babylon: The glitz, the glamour - and now the gloom
				Middle East, World - The Independent",independent.co.uk,http://www.independent.co.uk/news/world/middle-east/dubai-babylon-the-glitz-the-glamour-ndash-and-now-the-gloom-1830672.html
2009-11-30,00:03:42,a97ch,6,"home to more obese people than anywhere else on earth, almost 50 million Americans struggled to feed themselves and their children in 2008",blogs.reuters.com,http://blogs.reuters.com/great-debate/2009/11/24/a-paradox-of-plenty-hunger-in-america/
2009-11-29,19:34:34,a95w5,6,People with HIV alarmed by levels of stigma in UK ,guardian.co.uk,http://www.guardian.co.uk/lifeandstyle/2009/nov/29/hiv-study-stigma-attitudes-discrimination
2009-11-29,16:07:36,a9508,7,The man who smuggled himself into Auschwitz ,news.bbc.co.uk,http://news.bbc.co.uk/1/hi/magazine/8382457.stm
2009-11-30,05:32:03,a99ov,6,Just a few per cent of the insurance industry's financial resources could set the world on a low-carbon path,bbc.co.uk,http://www.bbc.co.uk/blogs/newsnight/susanwatts/2009/11/insuring_against_climate_chang.html
2009-11-29,23:48:32,a9786,7,Indigenous leader assassinated in Mexico,presstv.ir,http://www.presstv.ir/detail.aspx?id=112396
