2009-06-05,19:31:19,8q0vd,326,Warning: Sir Richard Dearlove is concerned about the loss of liberties in 'Big Brother' Britain The former head of MI6 has hit out at 'striking and disturbing' invasions of privacy by the Big Brother state. ,sott.net,http://www.sott.net/articles/show/186036-Big-Brother-HAS-gone-too-far-and-that-s-an-ex-spy-chief-talking
2009-06-05,20:35:42,8q19n,144,"Jewish communities in Galilee: We're not racist, we just don't want Arabs to move in.",haaretz.com,http://www.haaretz.com/hasen/spages/1090527.html
2009-06-05,22:00:11,8q1v0,59,Surplus of Bachelors Spurs Scam in China - WSJ.com,online.wsj.com,http://online.wsj.com/article/SB124415971813687173.html
2009-06-05,11:16:44,8pxvb,55,"One more reason to remember June 4th, 1989",blog.lefigaro.fr,http://blog.lefigaro.fr/geopolitique/Walesa.jpg
2009-06-05,09:47:11,8pxa2,33,"British Government ""falling apart"" after the third resignation by a cabinet minister in three days",news.bbc.co.uk,http://news.bbc.co.uk/1/hi/uk_politics/8084334.stm
2009-06-06,00:29:34,8q381,28,Peace index ranks New Zealand the safest country in the world,guardian.co.uk,http://www.guardian.co.uk/world/2009/jun/02/newzealand-tops-global-peace-ranking
2009-06-05,10:03:11,8pxdw,21,Netherlands' Anti-Muslim party the big winner of European Parliament elections. I'm so fucking embarassed to be Dutch today.,guardian.co.uk,http://www.guardian.co.uk/politics/2009/jun/04/geert-wilders-netherlands-elections-polls
2009-06-05,11:06:43,8pxt3,17,Dutch far-right 'gain' in EU poll,news.bbc.co.uk,http://news.bbc.co.uk/1/hi/world/europe/8084281.stm
2009-06-06,01:08:25,8q3mn,16, Record turnout at Hong Kong Tiananmen candlelight vigil,reuters.com,http://www.reuters.com/article/worldNews/idUSTRE55340I20090604?sp=true
2009-06-05,21:33:55,8q1nz,16,"Nationalisation and workers' control in Venezuela: ‘When the working class roars, capitalists tremble’",links.org.au,http://links.org.au/node/1088
2009-06-05,09:57:28,8pxch,15,"British Government ""falling apart"": PM Gordon Brown told to go as third minister quits",news.bbc.co.uk,http://news.bbc.co.uk/1/hi/uk_politics/8083585.stm
2009-06-06,04:08:41,8q572,14,"Remembering Tiananmen, 20 years later (PICS) ",boston.com,http://www.boston.com/bigpicture/2009/06/remembering_tiananmen_20_years.html
2009-06-05,15:10:55,8pz7j,12,Canada refuses U.S. request to accept Chinese Muslims from Guantanamo,cbc.ca,http://www.cbc.ca/canada/story/2009/06/04/uighurs-canada.html
2009-06-05,10:36:36,8pxmg,10,UN: Israeli buffer zone eats up 30 percent of Gaza's arable land,csmonitor.com,http://www.csmonitor.com/2009/0601/p06s04-wome.html?page=1
2009-06-05,12:41:26,8pyen,9,"Iran's Supreme Leader Responds to Obama's Cairo Speech, ""Muslims Will Continue to Hate America, Beautiful Speeches Won't Change That"".....",washingtonpost.com,http://www.washingtonpost.com/wp-dyn/content/article/2009/06/04/AR2009060402305.html
2009-06-06,01:59:04,8q450,8,"Another Palestinian protester dies from ""rubber bullet"".  Witnesses said Israeli troops fired tear gas, rubber bullets and possibly live rounds at rock-throwing demonstrators in the village.",english.aljazeera.net,http://english.aljazeera.net/news/middleeast/2009/06/200965131533950603.html
2009-06-06,05:49:25,8q5yf,6,This kind of thing makes you wonder why we even bother to keep secrets from other countries.,news.yahoo.com,http://news.yahoo.com/s/ap/20090605/ap_on_go_ca_st_pe/us_us_cuba_spy_charges
2009-06-06,01:51:56,8q42a,7,How Tiananmen shook Europe,news.bbc.co.uk,http://news.bbc.co.uk/2/hi/asia-pacific/8077883.stm
2009-06-05,18:27:35,8q0im,5,Debris found in Atlantic not from missing Air France plane,guardian.co.uk,http://www.guardian.co.uk/world/2009/jun/05/air-france-crash-debris-atlantic
2009-06-05,18:23:15,8q0hn,6,Is Gordon Brown Still Prime Minister?,isgordonbrownstillprimeminister.com,http://isgordonbrownstillprimeminister.com/
2009-06-05,23:59:13,8q2x9,8,"Recovered debris not from Air France jet, Brazilian officials say ",edition.cnn.com,http://edition.cnn.com/2009/WORLD/americas/06/05/brazil.plane.crash/index.html
2009-06-05,09:53:26,8pxbi,4,"""Everything that is happening in politics and economics in China today has some connection with Tiananmen""",guernicamag.com,http://www.guernicamag.com/interviews/1050/i_dont_want_a_revolution/
2009-06-06,07:04:57,8q6f8,3,"Under foreign pressure to reach a truce, the Sri Lankan government decided to achieve a speedy victory over the Tamil rebels by relying more on shelling, which caused more civilian casualties. Way to go, world!",economist.com,http://www.economist.com/world/asia/displaystory.cfm?story_id=13794780
2009-06-05,18:51:44,8q0nc,5,They still haven't found a trace of that Air France jet yet.,news.bbc.co.uk,http://news.bbc.co.uk/1/hi/world/americas/8083474.stm
2009-06-06,01:00:10,8q3jt,5,UN hearings to be held on Gaza war crimes ,kibush.co.il,http://www.kibush.co.il/show_file.asp?num=33840
2009-06-06,05:15:39,8q5q8,6,"Guinea-Bissau: Just in case you think the odds are slim that two government figures would be assassinated within a 48 hour period not just once, but twice, think again.",blog.amnestyusa.org,http://blog.amnestyusa.org/africa/guinea-bissau-look-kidsbig-ben-parliament/
2009-06-06,06:21:51,8q662,4,Harper's Index on Africa: By the Numbers,harpers.org,http://www.harpers.org/index/?q=africa
2009-06-06,01:29:52,8q3tl,5,"Companies hire ""shipriders"" against Somali pirates",news.yahoo.com,http://news.yahoo.com/s/ap/20090605/ap_on_re_af/af_piracy_shipriders;_ylt=AjTWFohp_74RAjhP5b3Du_9vaA8F;_ylu=X3oDMTJxcnBhbXNoBGFzc2V0A2FwLzIwMDkwNjA1L2FmX3BpcmFjeV9zaGlwcmlkZXJzBHBvcwMxMgRzZWMDeW5fYXJ0aWNsZV9zdW1tYXJ5X2xpc3QEc2xrA2NvbXBhbmllc2hpcg--
2009-06-06,05:38:00,8q5vi,5,This is what happens when we ignore the elderly!,sciencedaily.com,http://www.sciencedaily.com/releases/2009/05/090507055657.htm
2009-06-06,00:49:33,8q3f8,3,"India: ""Bt cotton is neither a necessary nor a sufficient condition for the occurrence of farmer suicides""",ifpri.org,http://www.ifpri.org/pubs/dp/ifpridp00808.asp
