2009-01-15,00:27:12,7poju,620,Greece hinders US arms delivery to Israel,inteldaily.com,http://www.inteldaily.com/news/163/ARTICLE/9285/2009-01-14.html
2009-01-14,14:36:55,7pl1b,257,Canada: We're the only one of 47 nations on UN rights panel to refuse to condemn military offensive in Gaza,thestar.com,http://www.thestar.com/printArticle/569872
2009-01-14,21:26:22,7pn65,176,"Israeli newspaper: ""Palestinian doctor killed by IDF while treating Gaza wounded.""",haaretz.com,http://www.haaretz.com/hasen/spages/1055233.html
2009-01-14,09:00:08,7pj23,154,"Bodies are ""piled up like logs"" in Zimbabwe's cholera crisis",iol.co.za,http://www.iol.co.za/index.php?from=rss_Africa&set_id=1&click_id=68&art_id=nw20090113153717936C198454
2009-01-14,13:07:30,7pkgo,133,"We the undersigned are all of Jewish origin: ""The time for appeasing Israel is long past""",guardian.co.uk,http://www.guardian.co.uk/world/2009/jan/10/letters-gaza-uk/print
2009-01-15,01:14:48,7poym,127,"Former Israeli Foreign Minister Appears On UK TV, Says Israeli Intelligence 'Inventing Facts'.",link.brightcove.com,http://link.brightcove.com/services/player/bcpid1184614595?bctid=7028690001
2009-01-14,21:00:42,7pn14,101,"Pro-Israel Rally For Attacking Gaza, NYC, 1-11-09 - ""Wipe them all out!"" - including prominent politicians supporting the rally.",youtube.com,http://www.youtube.com/watch?v=FABqq_jjRRo&eurl=http://www.reddit.com/user/Spacksack/liked/
2009-01-14,14:49:37,7pl41,87,Pro-Israel Rally Attended by Big-Time NY Dems Descends into Calls for 'Wiping Out' Palestinians ,alternet.org,http://www.alternet.org/audits/119372
2009-01-15,03:28:27,7pq5u,83,"Canada's ""Liberal"" leader: ""Israel has been attacked from Gaza, not just last year, but for almost 10 years. They evacuated from Gaza so there is no occupation in Gaza.""",thechronicleherald.ca,http://thechronicleherald.ca/Canada/1099773.html
2009-01-15,06:45:47,7prtf,67,Israeli Troops Ordered to ‘Shoot Rather Than Ask Questions’,news.antiwar.com,http://news.antiwar.com/2009/01/13/israeli-troops-ordered-to-shoot-rather-than-ask-questions/
2009-01-15,01:21:42,7pp0h,66,Bolivia breaks ties with Israel,jpost.com,http://www.jpost.com/servlet/Satellite?cid=1231917086879&pagename=JPost%2FJPArticle%2FShowFull
2009-01-14,08:05:51,7piqe,55,Sri Lankan death squads kill editor and ransack TV station,wsws.org,http://www.wsws.org/articles/2009/jan2009/sril-j13.shtml
2009-01-14,19:56:02,7pmnc,49,Experts say that claims the internet and social networking services pose a threat to children are overblown,technology.timesonline.co.uk,http://technology.timesonline.co.uk/tol/news/tech_and_web/the_web/article5515188.ece
2009-01-15,05:09:28,7pqzu,44,Nine Jewish Israeli human rights groups called for an investigation into whether the IDF had committed war crimes in Gaza.,nytimes.com,http://www.nytimes.com/2009/01/15/world/middleeast/15mideast.html?hp
2009-01-15,01:30:43,7pp3r,45,"If you want to understand the mindset of Israel watch this ... its called the ""break the bones"" strategy from the first intifada ... kinda graphic.",youtube.com,http://www.youtube.com/watch?v=klMXpvOFuOQ
2009-01-14,14:40:58,7pl29,39,Israel may face UN court ruling on legality of Gaza conflict,guardian.co.uk,http://www.guardian.co.uk/world/2009/jan/14/israel-gaza-un-court-palestine
2009-01-15,05:50:52,7prbq,16,UN finds 217 sex abuse claims against blue helmets,iht.com,http://www.iht.com/articles/ap/2009/01/14/news/UN-UN-Sex-Abuse.php
2009-01-15,00:25:36,7poj3,14,Crisis Worsens for Civilians in Gaza,consortiumnews.com,http://consortiumnews.com/2009/011409a.html
2009-01-14,09:43:19,7pjbb,14,"Egyptian Government Daily: Hamas, Syria, Iran - The New Axis of Evil",memri.org,http://memri.org/bin/latestnews.cgi?ID=SD218409
2009-01-15,02:22:37,7ppkx,13,Israeli navy refuses to let an Iranian aid ship dock in Gaza.,jpost.com,http://www.jpost.com/servlet/Satellite?cid=1231917085424&pagename=JPost/JPArticle/ShowFull
2009-01-15,00:51:46,7por9,13,"More than 1,000 killed in Gaza - When will this end?",news.bbc.co.uk,http://news.bbc.co.uk/2/hi/middle_east/7828884.stm
2009-01-15,02:32:29,7ppo8,11,Stunning photos capture Israeli bombs falling on Gaza (series of photos),telegraph.co.uk,http://www.telegraph.co.uk/news/picturegalleries/worldnews/4228340/Stunning-photos-capture-Israeli-bombs-falling-on-Gaza.html
2009-01-14,08:55:32,7pj11,8,China to Pass Germany as World’s Top Exporter in ‘08,panasianbiz.com,http://www.panasianbiz.com/2009/01/china-to-pass-germany-as-worlds-top-exporter-in-08/
2009-01-15,00:23:36,7poie,9,"Czech EU art stokes controversy: displays France as country on strike, Bulgaria as toilet, Romania as Dracula theme park ...",news.bbc.co.uk,http://news.bbc.co.uk/2/hi/europe/7827738.stm
2009-01-14,16:00:45,7plhw,8,"What's All The Fighting For, And Where? [Infographic]",awesome.goodmagazine.com,http://awesome.goodmagazine.com/transparency/014/014-politics-conflicts.html
2009-01-15,06:41:10,7prs2,9,United Nations confidential reports - Wikileaks,wikileaks.org,http://www.wikileaks.org/wiki/United_Nations_confidential_reports
2009-01-15,02:36:53,7pppt,9,Covering Gaza: Israel Shuts Out World Press,spiegel.de,"http://www.spiegel.de/international/world/0,1518,601217,00.html"
2009-01-14,19:46:42,7pmls,5,Cops defend Oakland shooter,forums.officer.com,http://forums.officer.com/showthread.php?t=109336
2009-01-14,14:05:59,7pktt,6,Why Israel Can’t Make Peace With Hamas,nytimes.com,http://www.nytimes.com/2009/01/14/opinion/14goldberg-1.html?pagewanted=all
2009-01-15,06:21:45,7prmm,6,Muslim protesters chase London police,hurryupharry.org,http://www.hurryupharry.org/2009/01/14/peace-protestors-chase-police-in-london/
