2009-08-10,12:52:14,993bb,1077,"Malaysia's brain-damaged government declares 
H1N1 flu is caused by masturbation and 
homosexuality.",gayrights.change.org,http://gayrights.change.org/blog/view/the_malaysian_government_thinks_that_homosexuality_causes_swine_flu
2009-08-11,01:15:13,999g4,62,"Congo is a tragedy for reasons that many know well -- 5 million have died since 1998, thousands gang-raped, and nearly 2 million displaced. It's also a vast, organized scam. If Clinton doesn't address the scam, the suffering will not end.",csmonitor.com,http://www.csmonitor.com/2009/0810/p09s02-coop.html
2009-08-11,04:31:07,99bqd,65,"If it prevents sheep from dying, why the protest over mulesing? Yes I had to google mulesing.",dailytelegraph.com.au,http://www.dailytelegraph.com.au/news/new-australian-threat-from-uk-fashionistas-over-mulesing/story-e6freuy9-1225760002329
2009-08-11,07:11:36,99dak,45,"Major Quake (7.6) Hits Off India's Andaman Islands Triggering Tsunami Watches for India, Burma, Indonesia, Thailand, and Bangladesh.",nytimes.com,http://www.nytimes.com/reuters/2009/08/10/world/international-uk-quake-asia.html
2009-08-11,00:56:41,9996y,37,Refuting statistics - BBC explains the real numbers behind YouTube's popular 'Muslim Demographics' video.,youtube.com,http://www.youtube.com/watch?v=mINChFxRXQs
2009-08-10,11:54:52,992xo,36,"Hugo Chavez claims Columbian army crossed into Venezuela, calls troops to the border",news.bbc.co.uk,http://news.bbc.co.uk/2/hi/americas/8192631.stm
2009-08-11,00:44:36,99924,31,Iran admits election demonstrators were tortured,guardian.co.uk,http://www.guardian.co.uk/world/2009/aug/09/iran-protesters-torture-election
2009-08-11,03:40:55,99b6y,30,"Haiti: 10,000 employees occupy sweatshops and march on Parliament. ""The bosses fled the factory in a panic through the back door.""",mikeely.wordpress.com,http://mikeely.wordpress.com/2009/08/09/workers-seize-factory-in-haiti/
2009-08-10,18:35:10,995rw,24,"President Hugo Chavez told his military to be prepared for a possible confrontation with Colombia, warning that Bogota's plans to increase the U.S. military presence at its bases poses a threat to Venezuela.",breitbart.com,http://www.breitbart.com/article.php?id=D99VNB2O1&show_article=1
2009-08-11,01:38:12,999pp,21,"Saying ""no"" is bad for your career in Iran. Ahmadinejad is purging senior officials who disagreed with the crackdown on the opposition after the disputed presidential election.",google.com,http://www.google.com/hostednews/ap/article/ALeqM5ixeFBxfLzaSjs8Mb8cuFmtPOT6-wD9A03PLG1
2009-08-11,07:15:25,99dbq,18,"Two Quakes Rock Indian Ocean, Japan Less Than 15 Minutes Apart....Triggering a Tsunami Warning.",bloomberg.com,http://www.bloomberg.com/apps/news?pid=20601087&sid=aDaCAAAEN9Dc
2009-08-11,01:15:53,999gf,17,The Death of Photojournalism,nytimes.com,http://www.nytimes.com/2009/08/10/business/media/10photo.html?
2009-08-11,03:38:13,99b5l,13,A 29-year-old convert to Islam confessed in court to plotting devastating bombings against US soldiers and diplomats stationed in Germany,alternet.org,http://www.alternet.org/rss/breaking_news/80271/german_terror_suspect_confesses_to_anti-us_bomb_plot/
2009-08-11,04:02:29,99bfg,16,Gaza militants launched mortar shells at a border crossing between Gaza and Israel just as Palestinian patients were being transferred into Israel for medical treatment,wtop.com,http://www.wtop.com/?nid=105&sid=1479197
2009-08-10,08:31:14,991ru,15,The Afghan woman who refuses to be silenced,belfasttelegraph.co.uk,http://www.belfasttelegraph.co.uk/news/world-news/malalai-joya-the-afghan-woman-who-refuses-to-be-silenced-14448417.html
2009-08-11,03:20:19,99ax8,14,Burma -- a bloody history,theonlinecitizen.com,http://theonlinecitizen.com/2009/08/8-8-88-anniversary-burma-a-bloody-history/
2009-08-11,06:55:47,99d5u,12,"Taiwan: Hotel Falls down in the River cause of the Typhoon Morakot

",youtube.com,http://www.youtube.com/watch?v=KMtbO4FQXAY
2009-08-11,05:18:28,99c7s,13,"The farce. Show trials in Iran against opponents, embassies employees and tourists to spread the stupid fable of a ""foreign conspiracy"", while the regime murderers and torturers will never pay",inaltreparole.net,http://inaltreparole.net/en/world/irantrials090809.html
2009-08-10,23:58:07,998jf,12,Why was Jerusalem's mayor attacked by Orthodox Jews yesterday? Because he approved the opening of a parking lot near their enclave that stays open through the Sabbath. Seems fair...,trueslant.com,http://trueslant.com/nealungerleider/2009/08/10/jerusalem-mayor-attacked-by-ultra-orthodox-mob/
2009-08-10,20:40:02,996po,11,World food: an analysis of imminent issues on the world’s food supply,ivythesis.typepad.com,http://ivythesis.typepad.com/term_paper_topics/2009/06/world-food-an-analysis-of-imminent-issues-on-the-worlds-food-supply.html
2009-08-10,21:02:10,996v0,11,Sugar price reaches 28-year high,news.bbc.co.uk,http://news.bbc.co.uk/2/hi/business/8193390.stm
2009-08-10,20:36:18,996o9,8,The Jeddah offices of a Lebanon-based TV station which broadcast an interview with a Saudi man boasting about his sexual conquests have been closed.,news.bbc.co.uk,http://news.bbc.co.uk/1/hi/world/middle_east/8192124.stm
2009-08-11,02:22:16,99a90,10,Taiwan mudslide leaves up to 600 missing - Check out this pic of a six-storey hotel collapsing into a river,cbc.ca,http://www.cbc.ca/world/story/2009/08/10/morakot-typhoon-taiwan-mudslide451.html
2009-08-10,20:45:13,996r1,10,"In 2060 we will have a France of 108 million inhabitants, composed of 55 million persons belonging to black, Arab and Asian ethnicities and 53 million Europeans. Well before this date Europeans under the age of 40 will be a minority in relation to the Third Worlders of the same age group.",brusselsjournal.com,http://www.brusselsjournal.com/node/4044
2009-08-11,01:23:10,999jh,9,"China's state secrets agency: Rio Tinto spied on Chinese steel mills for six years, resulting in the mills overpaying $102 billion for iron ore, Rio Tinto's biggest earner",news.yahoo.com,http://news.yahoo.com/s/nm/20090810/bs_nm/us_china_rio
2009-08-11,04:08:59,99bhv,10,Nice photo-essay on the history of the Afghan War,foreignpolicy.com,http://www.foreignpolicy.com/articles/2009/08/07/afghanistan_s_long_war?page=full
2009-08-11,01:22:02,999j0,10,Ethiopia's passion for bureaucracy - do you have a rubber stamp?,news.bbc.co.uk,http://news.bbc.co.uk/1/hi/programmes/from_our_own_correspondent/8189145.stm
2009-08-10,08:12:43,991of,9,"Confessions ""Prove"" London is ""Control Room for the Street Riots in Tehran.""",timesonline.co.uk,http://www.timesonline.co.uk/tol/news/world/middle_east/article6789373.ece
2009-08-10,11:31:16,992s1,9,A 23-year-old migrant nanny who claimed she was beaten and sexually assaulted by a UK diplomat and his royal wife has been granted refugee status,independent.co.uk,http://www.independent.co.uk/news/uk/home-news/diplomats-nanny-lifts-lid-on-modern-slavery-1769711.html
2009-08-10,21:00:37,996un,7,Hundreds feared buried in mudslides - Taiwan,dailytelegraph.com.au,http://www.dailytelegraph.com.au/news/hundreds-feared-buried-in-mudslides/story-e6freuz9-1225759997885
