2009-07-02,04:21:13,8xe3o,134,Scientology's Viral Marketing,ipower.ning.com,http://ipower.ning.com/profiles/blogs/scientologys-viral-marketing
2009-07-02,16:10:31,8xj9g,49,"In China, Web Users Made a Stand for Freedom of Expression, and Won -- Web Filter Launch Postponed, No New Deadline",reuters.com,http://www.reuters.com/article/newsOne/idUSTRE56039A20090701
2009-07-02,10:44:51,8xgyv,36,Survivors of torture joined human rights activists in the streets of Washington DC to demand prosecution of those involved in planning and implementing U.S. torture policies,us.oneworld.net,http://us.oneworld.net/article/364977-activists-demand-accountability-torturers
2009-07-02,10:11:11,8xgqe,28,Saddam Hussein's FBI Interviews Revealed,pubrecord.org,http://pubrecord.org/nationworld/979-saddam-husseins-fbi-interviews-revealed.html
2009-07-02,08:00:23,8xfv0,22,Amnesty accuses Israel of using human shields in Gaza,google.com,http://www.google.com/hostednews/afp/article/ALeqM5jc0DHbDsRG83m4stW9JdpHz3hxSw
2009-07-02,13:35:07,8xi4g,25,The US media and govt are GETTING IT WRONG AGAIN. The people of Honduras are desperately trying to hold on to their democracy. **PLEASE** read this letter from an American humanitarian who has lived in Honduras for 30 years.,helphondurasnow.com,http://helphondurasnow.com
2009-07-03,04:25:00,8xpz4,25,UN expert says Israeli seizure of aid ship a crime,reuters.com,http://www.reuters.com/article/featuredCrisis/idUSL2879277
2009-07-03,03:06:56,8xp6n,26,ACLU: Obama Admin. Relying On Tortured Confession In Habeas Case,pubrecord.org,http://pubrecord.org/torture/980-aclu-obama-admin-relying-on-tortured-confession-in-habeas-case.html
2009-07-02,21:38:22,8xlrw,18,UK Government bans former anti-terror chief's tell-all book,guardian.co.uk,http://www.guardian.co.uk/uk/2009/jul/02/andy-hayman-terrorist-hunters-banned
2009-07-02,09:43:05,8xgjk,16,Honduras Coup Leaders Suspend Constitutional Guarantees,laprensa.hn,http://www.laprensa.hn/Sintesis/Lo-ultimo/Ediciones/2009/07/01/Noticias/Restringe-parcialmente-garantias-constitucionales
2009-07-02,20:22:18,8xl6c,17,"The Great American Bubble Machine by The Rolling 
Stone Magazine - Something, that every person on 
this planet should read. [via SA-Forum (!)]",forums.somethingawful.com,http://forums.somethingawful.com/showthread.php?threadid=3159732&pagenumber=1
2009-07-03,06:44:42,8xr4s,20,Civil War is unfolding in Niger,nowpublic.com,http://www.nowpublic.com/world/civil-war-unfolding-niger
2009-07-02,19:43:45,8xkvs,18,North Korea test fires two missiles. Test chaos ensues.,cnn.com,http://www.cnn.com/2009/WORLD/asiapcf/07/02/nkorea.missiles/index.html
2009-07-03,06:54:17,8xr74,16,"Operation Ore, Britain's biggest internet paedophile operation, may be investigated for miscarriages of justice",guardian.co.uk,http://www.guardian.co.uk/uk/2009/jul/02/web-child-abuse-inquiry-challenge
2009-07-02,20:40:30,8xlb3,15,Carradine's death 'not suicide',news.bbc.co.uk,http://news.bbc.co.uk/1/hi/entertainment/8130006.stm
2009-07-03,03:22:28,8xpci,13,FBI says Saddam's weapons bluff aimed at Iran,news.yahoo.com,http://news.yahoo.com/s/nm/20090702/ts_nm/us_iran_saddam
2009-07-03,04:54:17,8xq8e,13,"FBI says Saddam's weapons bluff aimed at Iran
| Saddam told FBI he faked WMDs to bluff Iran
| Reuters",reuters.com,http://www.reuters.com/article/gc08/idUSTRE56113O20090702
2009-07-02,11:11:38,8xh5e,11,US opens 'major Afghan offensive',news.bbc.co.uk,http://news.bbc.co.uk/2/hi/south_asia/8129789.stm
2009-07-03,06:51:13,8xr68,12,Croatia's Prime Minister resigns without any explanation 19 months after winning his second election,theglobeandmail.com,http://www.theglobeandmail.com/news/world/croatias-parliament-accepts-pms-resignation/article1204382/
2009-07-02,09:50:37,8xgl1,11,Italians plan to gather in Vicenza to take nonviolent action aimed at freeing Italy from U.S. occupation and opposing the proposed construction of an enormous new U.S. military base,afterdowningstreet.org,http://www.afterdowningstreet.org/node/44109
2009-07-02,10:43:26,8xgye,10,"Crisis in Honduras, June-July 2009: Coup if it is rightist, revolution if it is leftist",morochos.net,http://www.morochos.net/2009/07/crisis-in-honduras-june-july-2009-coup.html
2009-07-02,14:13:00,8xid8,10,Why President Zelaya's Actions in Honduras Were Legal and Constitutional,links.org.au,http://links.org.au/node/1124/21795#comment-21795
2009-07-02,11:21:41,8xh7p,8,Israeli troops seize aid ship,pww.org,http://pww.org/article/articleview/16219/
2009-07-02,21:27:16,8xlow,9,Honduras' Coup Congress Erases Five Basic Liberties,huffingtonpost.com,http://www.huffingtonpost.com/al-giordano/honduras-coup-congress-er_b_224567.html
2009-07-02,14:47:34,8ximy,8,Israel 'wantonly destroyed Gaza',english.aljazeera.net,http://english.aljazeera.net/news/middleeast/2009/07/20097234237545473.html
2009-07-03,00:51:25,8xnsd,7,MASSIVE mobilization of forces in Afghanistan in Southern Helmland province - over FOUR THOUSAND newly arrived US marines deployed 650 Afghan Troops and 500 British troops...Operation Strike Of The Sword.,voanews.com,http://www.voanews.com/english/2009-07-02-voa5.cfm
2009-07-02,20:00:36,8xl0q,8,John R. Bolton - Time for an Israeli Strike? ,washingtonpost.com,http://www.washingtonpost.com/wp-dyn/content/article/2009/07/01/AR2009070103020.html?nav=rss_opinion/columns
2009-07-02,16:15:26,8xjaz,7,Homosexuality is now legal in India.,news.rediff.com,http://news.rediff.com/slide-show/2009/jul/02/slide-show-1-delhi-hc-legalises-gay-sex.htm
2009-07-03,02:02:58,8xoie,7,Report Cites Burma Expanding Ties With North Korea,rfa.org,http://www.rfa.org/english/news/burma/nkorea-07012009231914.html
2009-07-02,23:50:27,8xn5g,7,Cheney Worries about Wasting the Sacrifices made in Iraq on behalf of Big Oil - Informed Comment,juancole.com,http://www.juancole.com/2009/07/cheney-worries-about-wasting-sacrifices.html
