2009-03-14,13:33:06,84kk8,717,"What will Americans do when it's not an Arab woman wailing over a stricken figure, but an American woman?  Graphic video of the shooting of a 37-year-old Californian by an Israeli soldier during nonviolent protests yesterday.",palsolidarity.org,http://palsolidarity.org/2009/03/5324
2009-03-14,02:12:44,84ghx,292,"IDF fire tear gas canister at the head of an American protesting against the Israeli occupation, seriously injured: ''He had a large hole in the front of his head, and his brain was visible.''",nytimes.com,http://www.nytimes.com/aponline/2009/03/13/world/AP-ML-Israel-American-Wounded.html
2009-03-14,20:46:40,84mdh,240,The success of drug decriminalization in Portugal,salon.com,http://www.salon.com/opinion/greenwald/2009/03/14/portugal/index.html
2009-03-14,05:19:37,84i0p,192,"""Rape Trees"" Found Along Southern US Border",latina.com,http://www.latina.com/lifestyle/news-politics/rape-trees-found-along-southern-us-border
2009-03-15,00:21:06,84ngy,117,The success of drug decriminalization in Portugal - IDPC evaluation of results (PDF),idpc.info,http://www.idpc.info/php-bin/documents/BFDPP_BP_14_EffectsOfDecriminalisation_EN.pdf.pdf
2009-03-15,06:05:11,84pdz,39,Israel's new defence minister accused of war crime - Times Online,timesonline.co.uk,http://www.timesonline.co.uk/tol/news/world/middle_east/article5908235.ece
2009-03-15,06:41:00,84pkh,21,Iran unblocks Facebook,rferl.org,http://www.rferl.org/Content/Why_Did_Iran_Unblock_Facebook/1510005.html
2009-03-14,23:59:49,84ncu,19,"""very serious situation,""  Australian oil spill bigger than estimated...owner of freighter failed to report size of the spill ",upi.com,http://www.upi.com/Top_News/2009/03/14/Australian_oil_spill_bigger_than_estimated/UPI-58801237039964/
2009-03-14,22:47:08,84my1,24,Fake US passports still easy to get 8 years after 911,edition.cnn.com,http://edition.cnn.com/2009/US/03/14/passport.security/
2009-03-15,01:55:23,84o06,12,WTF?! All travellers departing the UK will have their trip recorded on a Gov't database for a decade,uk.news.yahoo.com,http://uk.news.yahoo.com/4/20090314/tuk-travel-plans-to-be-tracked-dba1618.html
2009-03-15,07:39:00,84pu9,12,Police lose evidence in 'racist' professor probe,haaretz.com,http://www.haaretz.com/hasen/spages/1070788.html
2009-03-14,10:02:09,84jmu,8,"Apartheid Israel now had a new military doctrine: ""go nuts""",news.bbc.co.uk,http://news.bbc.co.uk/2/hi/middle_east/7940624.stm
2009-03-14,09:12:20,84jeu,8,"I checked my sprint bill recently, and beware.  3rd party companies can charge your phone bill.",morristsai.com,http://morristsai.com/2009/02/spam-text-message-scam.html
2009-03-15,05:51:41,84pbf,9,"The Obama administration stopped calling Guantanamo inmates ""enemy combatants"" and incorporated international law as its basis for holding the prisoners while it works to close the facility.",reuters.com,http://www.reuters.com/article/newsOne/idUSTRE52C59220090314
2009-03-15,02:30:42,84o8a,6,Concern Grows in the U.S. That the Drug War Is Destablizing Mexico,alternet.org,http://www.alternet.org/drugreporter/131354/concern_grows_in_the_u.s._that_the_drug_war_is_destablizing_mexico/
2009-03-15,00:43:45,84nlo,10,"""Why Do You Live There? You're White!"" Singapore expats force to give up luxurious life as times get tough.",time.com,"http://www.time.com/time/world/article/0,8599,1885042,00.html"
2009-03-14,22:13:47,84ms7,6,This is the end for tax havens,guardian.co.uk,http://www.guardian.co.uk/business/2009/mar/13/switzerland-tax-evasion-fight?commentpage=1
2009-03-15,02:01:26,84o10,8,Russian strategic bombers may be based in Cuba in the future,msnbc.msn.com,http://www.msnbc.msn.com/id/29691183
2009-03-14,12:03:16,84k6p,7,"Hassan Nasrallah: ""Hezbollah will never recognize Israel's right to exist."" At least he's consistent.",news.bbc.co.uk,http://news.bbc.co.uk/2/hi/middle_east/7943357.stm
2009-03-15,06:35:17,84pjg,7,Pakistan on edge as Zardari arouses rebellion,timesonline.co.uk,http://www.timesonline.co.uk/tol/news/world/middle_east/article5908442.ece
2009-03-14,15:56:33,84l8l,6,Darfur aid hostages 'not freed',news.bbc.co.uk,http://news.bbc.co.uk/go/rss/-/2/hi/africa/7943187.stm
2009-03-14,10:37:17,84jta,6,German Massacre Raises Issue of Gun Control in Europe - TIME,time.com,"http://www.time.com/time/world/article/0,8599,1885130,00.html"
2009-03-15,00:12:45,84nf9,7,Schism in Russia as president Dmitry Medvedev poised to replace officials loyal to Vladimir Putin ,telegraph.co.uk,http://www.telegraph.co.uk/news/worldnews/europe/russia/4990464/Russian-president-Dmitry-Medvedev-poised-to-replace-officials-loyal-to-Vladimir-Putin.html
2009-03-15,05:00:38,84p23,4,"Russia - Where should we put our bombers, Cuba or Venezuala?",nytimes.com,http://www.nytimes.com/2009/03/15/world/europe/15russia.html?ref=world
2009-03-15,01:04:25,84nq5,4,Facebook user poked - by the courts,thestar.com,http://www.thestar.com/News/GTA/article/602324
2009-03-14,21:14:19,84mhg,7,Three men arrested over killing of British soldiers in Northern Ireland,independent.co.uk,http://www.independent.co.uk/news/uk/home-news/three-men-arrested-over-killing-of-british-soldiers-1645094.html
2009-03-15,01:18:25,84nta,4,The diplomatic benefits of an undiplomatic outburst: Turkey's Erdogan reaps the benefits from his outburst with Israeli president Shimon Peres at Davos summit.,economist.com,http://www.economist.com/world/europe/displaystory.cfm?story_id=13278837
2009-03-15,06:17:54,84pgf,5,Prisoners use NAIL CLIPPERS to escape from prison.,reuters.com,http://www.reuters.com/article/oddlyEnoughNews/idUSTRE52C47420090313
2009-03-14,11:10:50,84jyi,3,Portugal: UFO Amazes entire Town,grantlawrence.blogspot.com,http://grantlawrence.blogspot.com/2009/03/portugal-ufo-amazes-entire-town.html
2009-03-14,18:32:51,84lv0,3,Is Worldnews Sub-Reddit About Worldnews or Worldnews As it Relates to the USA?,self.worldnews,https://www.reddit.com/r/worldnews/comments/84lv0/is_worldnews_subreddit_about_worldnews_or/
