2009-07-28,13:52:52,956du,968,"British police wants DNA database of everyone who has been arrested, but not convicted of a crime. They argue that innocent people who have been arrested are as likely to commit crimes in the future as guilty people...WTF!?",badscience.net,http://www.badscience.net/2009/07/is-this-a-joke/
2009-07-29,00:04:50,95bfa,472,"""The lives of women are secondary"": in Nicaragua there is a total ban on abortion.  Women and girls are denied treatments for cancer, malaria, pregnancy complications, HIV, etc that may harm their fetus.  Rape victims must carry pregnancies to term.  Ban disproportionately affects the poor.",news.bbc.co.uk,http://news.bbc.co.uk/2/hi/americas/8171047.stm
2009-07-28,01:27:42,94zqm,430,For the first time in its history British Army magazine features openly gay soldier on cover next to word 'Pride',alternet.org,http://www.alternet.org/blogs/peek/141575/british_army_magazine_features_openly_gay_soldier_on_cover_next_to_word_%27pride%27/
2009-07-29,00:55:50,95c2i,294,"Greece prevented it from joining the United Nations, imposed an economic blockade that nearly strangled the fledgling country, vetoed the country's bid to join NATO last year and is blocking its admission to the European Union until it changes its name.",washingtonpost.com,http://www.washingtonpost.com/wp-dyn/content/article/2009/07/27/AR2009072702653.html?hpid=moreheadlines
2009-07-29,00:51:06,95c0m,264,17 year old girl given life sentence in Canada (tried as an adult) for ordering stabbing death of 15 year old girl. ,cbc.ca,http://www.cbc.ca/canada/toronto/story/2009/07/28/rengel-sentence.html?ref=rss
2009-07-28,12:56:03,955ym,208,FOXNews: Egypt annexes Iraq,mediamatters.org,http://mediamatters.org/blog/200907270040
2009-07-29,03:14:32,95dtx,166,"Female British police issued headscarves, so as to not offend muslims. Sigh. ",express.co.uk,http://www.express.co.uk/posts/view/116787/Unveiled-a-new-head-scarf-for-police-women-to-wear-in-mosques
2009-07-29,02:17:14,95d4c,87,"Nigerian Taliban kill 200 since Sunday in their fight to stop the spread of western ideas ""Like saying the world is a sphere""",news.bbc.co.uk,http://news.bbc.co.uk/1/hi/world/africa/8172270.stm
2009-07-28,20:19:50,959b9,87,"German brothels learn something from all-you-can-eat restaurants, offering customers the chance to sleep with as many prostitutes as they like for a single fee.",telegraph.co.uk,http://www.telegraph.co.uk/news/worldnews/europe/germany/5922789/Recession-hit-brothels-offer-novel-promotions.html
2009-07-28,17:42:09,9583o,27,The unprecedented trial without jury of four men for armed robbery will begin in January,guardian.co.uk,http://www.guardian.co.uk/uk/2009/jul/10/trial-heathrow-armed-robbery-judge
2009-07-29,01:12:53,95ca0,26,Video of the 19 year old shot in Honduras during unarmed protests [GRAPHIC] [NSFW] ,youtube.com,http://www.youtube.com/watch?v=2LBeBHqqoUk
2009-07-29,01:33:52,95ck9,24,"In Havana, U.S. turns off sign critical of Cuban government ",cnn.com,http://www.cnn.com/2009/WORLD/americas/07/27/us.cuba.propaganda.ticker/index.html?eref=rss_latest
2009-07-29,02:27:16,95d9j,25,Iran supreme leader closes prison over alleged abuses of post-election detainees,talkingpointsmemo.com,http://www.talkingpointsmemo.com/news/2009/07/iran_supreme_leader_closes_prison_over_abuses.php?ref=fpc
2009-07-28,23:02:00,95aqa,22,"Reprieve, a British-based legal rights group, has begun legal action against the UK government for allowing the illegal transfer of a terrorism suspect from Indonesia to Egypt where they say he was tortured for three months before being moved to Gitmo.",alertnet.org,http://alertnet.org/thenews/newsdesk/LS609572.htm
2009-07-29,03:37:25,95e3w,17,"Oh, so that's how you keep your job...",latimes.com,"http://www.latimes.com/business/la-fi-china-mob27-2009jul27,0,3235364.story"
2009-07-28,18:51:59,958mz,16,Apparently that free milk you had in school was actually very good for you..,news.bbc.co.uk,http://news.bbc.co.uk/2/hi/health/8170002.stm
2009-07-29,03:48:19,95e7h,9,"Britain to withdraw last forces from Iraq - Iraqi parliament fails to pass deal for troops to protect oil, help in training",msnbc.msn.com,http://www.msnbc.msn.com/id/32189204/ns/world_news-conflict_in_iraq/
2009-07-29,02:59:41,95do8,11,"There are different kinds of victims. People love crime news, but italian media don't speak very much of mafia murders. And that's exactly what mobsters need to continue their work",inaltreparole.net,http://www.inaltreparole.net/en/news/cronaca260709.html
2009-07-29,06:48:03,95fwc,10,Fox News redraws the map of the Middle East.,failuremag.com,http://failuremag.com/index.php/failure_analysis/article/fox_news_map_fail/
2009-07-28,23:03:03,95aqp,9,A father and his two sons who made up to £7m from a pirate DVD scam have been jailed for six years each,news.bbc.co.uk,http://news.bbc.co.uk/1/hi/england/london/8172694.stm
2009-07-28,16:07:59,957eo,10,"MoD seeks to cut soldiers' payout, sick, sick, sick mindset un-fucking-real!",news.bbc.co.uk,http://news.bbc.co.uk/2/hi/uk_news/8171689.stm
2009-07-29,05:03:59,95ezm,7,400 killed in Nigerian violence,cnn.com,http://www.cnn.com/2009/WORLD/africa/07/28/nigeria.violence.deaths/index.html
2009-07-28,12:55:30,955ya,8,Cheesemakers in space flight bid,news.bbc.co.uk,http://news.bbc.co.uk/2/hi/uk_news/england/wiltshire/8171619.stm
2009-07-28,23:31:24,95b1j,7,"Iran's Ayatollah Ali Khamenei has ordered the closure of a jail holding protesters detained after last month's disputed presidential election; officials say the authorities are still holding about 300 out of a total of up to 2,000 protesters, political activists and journalists arrested.",google.com,http://www.google.com/hostednews/afp/article/ALeqM5j-YtfLVhnL3ZF0zOa3mvHiDElUvQ
2009-07-28,16:18:19,957ha,8,Japan executes death row inmates,news.bbc.co.uk,http://news.bbc.co.uk/2/hi/asia-pacific/8171699.stm
2009-07-29,01:11:41,95c9k,8,Hamas dress code aims to make Gaza more Islamic,news.yahoo.com,http://news.yahoo.com/s/ap/20090728/ap_on_re_mi_ea/ml_palestinians_more_islamic_1
2009-07-28,19:26:57,958vx,8,HIV families relocated to Cambodia's 'AIDS colony',cnn.com,http://www.cnn.com/2009/WORLD/asiapcf/07/28/cambodia.hiv/index.html?iref=24hours
2009-07-29,05:03:34,95ezf,9,Militant Jewish settlers set up outposts in the occupied West Bank,guardian.co.uk,http://www.guardian.co.uk/world/2009/jul/28/jewish-settlements-west-bank
2009-07-28,11:56:37,955im,7,Irish police force under pressure to catch those responsible for ripping out ATM's with mechanical diggers in the middle of the night (six in seven weeks),irishtimes.com,http://www.irishtimes.com/newspaper/breaking/2009/0727/breaking32.htm
2009-07-28,22:43:51,95ajh,6,"Iran Shuts Prison after Protester Deaths
",cbsnews.com,http://www.cbsnews.com/stories/2009/07/28/world/main5193063.shtml
