2009-06-15,19:19:31,8slj5,1239,"'TV pictures from Tehran delivered a stark reminder that Iran is not a backward country of medieval fanatics, but a modern nation with 70 million people, two thirds of whom are under 30 and have the same interests and aspirations as their Western counterparts'",telegraph.co.uk,http://www.telegraph.co.uk/news/worldnews/middleeast/iran/5536288/Iran-elections-The-hope-that-Iran-threw-away.html
2009-06-15,14:44:17,8sjq5,365,"Message from Mousavi: ""I AM UNDER EXTREME PRESSURE TO ACCEPT THE RESULTS OF THE SHAM ELECTION. THEY HAVE CUT ME OFF FROM ANY COMMUNICATION WITH PEOPLE AND AM UNDER SURVEILLANCE. I ASK THE PEOPLE TO STAY IN THE STREETS BUT AVOID VIOLENCE""",andrewsullivan.theatlantic.com,http://andrewsullivan.theatlantic.com/the_daily_dish/2009/06/message-from-mousavi.html
2009-06-15,20:16:53,8slwv,295,Iran protest cancelled as leaked election results show Mahmoud Ahmadinejad came third,telegraph.co.uk,http://www.telegraph.co.uk/news/worldnews/middleeast/iran/5540211/Iran-protest-cancelled-as-leaked-election-results-show-Mahmoud-Amadinejad-came-third.html
2009-06-16,03:22:05,8spsr,224,They have started to kill Iranian demonstrators.,twitpic.com,http://twitpic.com/7h9wf
2009-06-15,05:12:35,8sgix,146,[IRAN] Woman fighting 3 cops,youtube.com,http://www.youtube.com/watch?v=xlu-qx8ohL8&feature=player_embedded
2009-06-16,03:25:50,8spu4,118,North Korea threatens to launch pre-emptive strike against U.S.,news.xinhuanet.com,http://news.xinhuanet.com/english/2009-06/15/content_11547835.htm
2009-06-16,01:32:40,8soq6,77,Breaking: Iran TV says shooting at pro-Mousavi rally,reuters.com,http://www.reuters.com/article/topNews/idUKTRE55E4TJ20090615
2009-06-15,12:00:25,8sinp,73,"Whatever happens in the days ahead, the world has now seen the tyranny raw. The least we owe the protestors is not to look away.",online.wsj.com,http://online.wsj.com/article/SB124501928874713539.html
2009-06-16,04:33:07,8sqhb,57,[TIME poll on Iran election]: Does Iowa know something that the rest of the country doesnt?,timepolls.com,http://www.timepolls.com/hppolls/archive/poll_results_385.html
2009-06-15,19:49:34,8slq6,51, Ayatollah Ali Khamenei orders inquiry into vote-rigging claims,guardian.co.uk,http://www.guardian.co.uk/world/2009/jun/15/iran-opposition-rally-banned-mousavi
2009-06-15,09:42:27,8shw7,49,Christopher Hitchens: Don't call what happened in Iran last week an election,slate.com,http://www.slate.com/id/2220520/
2009-06-16,04:12:18,8sqao,49,Nate Silver weighs in on the Iranian election and pre-election polling.,fivethirtyeight.com,http://www.fivethirtyeight.com/2009/06/did-polling-predict-ahmadinejad-victory.html
2009-06-15,12:06:06,8siow,47,Reddit seems to be the only place where I can read about the riots in Iran...Are all the other major news networks on holidays?,self.worldnews,https://www.reddit.com/r/worldnews/comments/8siow/reddit_seems_to_be_the_only_place_where_i_can/
2009-06-15,12:03:31,8sioe,43,Unrest in Iran Deepens as Leading Critics Are Detained,nytimes.com,http://www.nytimes.com/2009/06/15/world/middleeast/15iran.html?_r=1&ref=world
2009-06-15,22:53:19,8sn4f,38,"""Either way, have no doubt, the IRI, the Islamic Republic of Iran, is over.""",salon.com,http://www.salon.com/opinion/feature/2009/06/15/tehran_two/
2009-06-15,13:56:53,8sjen,38,"""Most iranians believe that a lot of the ""commandos"" on the bikes are Hezbollah arabs brought in to do to the citizens what a Persian cop would refuse to do""",andrewsullivan.theatlantic.com,http://andrewsullivan.theatlantic.com/the_daily_dish/2009/06/those-cops-are-imported.html
2009-06-16,06:34:18,8srjn,28,"Reddit, Twitter's service provider (Verio) is planning an outage this evening. Spread the word to convince them to delay the downtime. Iran needs Twitter tonight!",self.worldnews,https://www.reddit.com/r/worldnews/comments/8srjn/reddit_twitters_service_provider_verio_is/
2009-06-15,19:47:08,8slph,30,Iran supreme leader orders probe of vote fraud,news.yahoo.com,http://news.yahoo.com/s/ap/ml_iran_election
2009-06-16,07:58:11,8ss6z,32,How to setup a proxy for Iran citizens (for Windows!),blog.austinheap.com,http://blog.austinheap.com/2009/06/15/how-to-setup-a-proxy-for-iran-citizens-for-windows/
2009-06-15,13:11:44,8sj3s,28,"Globe and Mail freelancer detained, beaten, let go in Tehran -- ""Seven officers ran up to join in the slapping, and one punched me in the head. A large officer, about 6 foot 4 and dressed in camouflage, grabbed me by the neck, pinching my jugular but not my wind pipe.""",theglobeandmail.com,http://www.theglobeandmail.com/news/world/globe-freelancer-detained-beaten/article1181792/?
2009-06-16,00:11:21,8snwl,33,"1.5 to 2 million people (AFP) demonstrate in Iran as one of the biggest signs of resistance to Iranian government. Meanwhile, student dorms at Sharif University destroyed, students killed, and over 100 professors have resigned.",youtube.com,http://www.youtube.com/watch?v=dVnCFxvjJag
2009-06-15,21:19:15,8smej,31,"Iran Election: They did not permit the candidates to supervise the election or the counting of the ballots at the polling places. The minister of the interior supervised the final count in his office, at the ministry, with only two aides present.",npr.org,http://www.npr.org/templates/story/story.php?storyId=105394802
2009-06-16,02:08:11,8sp2n,26,Iran's Disputed Election - The Big Picture,boston.com,http://www.boston.com/bigpicture/2009/06/irans_disputed_election.html
2009-06-15,20:47:33,8sm5v,30,Man 'cooked' to death in Australian prison van. Coroner will ask for criminal charges.,news.smh.com.au,http://news.smh.com.au/breaking-news-world/man-cooked-to-death-in-australian-prison-van-20090613-c6nm.html
2009-06-16,04:12:20,8sqap,30,Hackers worldwide launch DDOS attacks on Iranian government websites in support of demonstrators; some activists warn that this could backfire by excusing Iran's own cyber warfare.,wired.com,http://www.wired.com/dangerroom/2009/06/activists-launch-hack-attacks-on-tehran-regime/
2009-06-15,10:20:47,8si2x,25,Iran in bad shape. Latest updates here. Police have surrounded hospitals and are forcing away those who are injured. Humanity at its worse. Komakkkk (helpppp),iran.twazzup.com,http://iran.twazzup.com/
2009-06-16,02:54:43,8spj6,21,"Statistical proof that Iran's claims about the results of the election are false: The government's vote totals maintain a perfect linear relationship in all areas between votes for Ahmadinejad and Mousavi, a statistical impossibility.",alexandraerin.com,http://www.alexandraerin.com/iran/tehran.png
2009-06-15,11:24:47,8sifk,20,Iran election protester details encounter with riot police,latimes.com,"http://www.latimes.com/news/nationworld/world/la-fg-iran-protester15-2009jun15,0,7099947.story"
2009-06-15,08:49:50,8shm2,15,French court literally orders a private news site to publish a story about the convictions of copyright infringers,torrentfreak.com,http://torrentfreak.com/court-pays-p2p-news-site-to-write-about-convicted-pirates-090614/
2009-06-15,17:34:52,8sku7,17,Hundreds of top British cops defrauded taxpayers for millions in phony expense racket,boingboing.net,http://www.boingboing.net/2009/06/14/hundreds-of-top-brit.html
