2009-09-17,09:54:42,9lau9,932,"They promised each other that if one died, the other would wear a lime-green dress to the funeral.  On September 15th, Kevin Elliot died in Afghanistan -- and his friend kept his promise.",timesonline.co.uk,http://www.timesonline.co.uk/tol/news/uk/article6836190.ece
2009-09-17,22:57:23,9lhiq,295,"District 9 highlights South Africa housing crisis - Movie shows shacks for aliens, where many blacks still live 15 years after apartheid.",globalpost.com,http://www.globalpost.com/dispatch/south-africa/090916/district-9-hits-south-africa
2009-09-17,23:39:50,9lhzi,224,"The Suicide Terrorism Database in Australia holds information on 90 per cent of all suicide attacks between 1981 and 2006. Analysis of that information yields some interesting clues: It is politics more than religious fanaticism that has led terrorists to blow themselves up.
",yaleglobal.yale.edu,http://www.yaleglobal.yale.edu/content/what-motivates-suicide-bombers-0
2009-09-17,07:08:44,9l9ks,125,Iraqi shoe-thrower Muntazer al-Zaidi 'was waterboarded',timesonline.co.uk,http://www.timesonline.co.uk/tol/news/world/iraq/article6835655.ece#cid=OTC-RSS&attr=797093
2009-09-17,16:02:47,9ldzh,114,Israel on Wednesday rejected a U.N. panel's call to open an independent inquiry into its wartime conduct in the Gaza Strip and launched a diplomatic campaign to thwart any prosecution of its soldiers in an international tribunal,washingtonpost.com,http://www.washingtonpost.com/wp-dyn/content/article/2009/09/16/AR2009091603427.html
2009-09-17,17:27:49,9len2,110,"UK Tories vow to remove surveillance state if they are voted in. I don't believe them, and neither should you. ",computerweekly.com,http://www.computerweekly.com/Articles/2009/09/16/237743/tories-pledge-to-rip-out-ripa-surveillance.htm
2009-09-17,05:18:55,9l8fp,93,"Australian man kept daughter prisoner, raped daily her for 30 years and fathered four children with her - Could be worse than Fritzl",news.com.au,"http://www.news.com.au/story/0,27574,26084812-421,00.html"
2009-09-18,03:25:21,9lkqx,66,The Gay Sons of Allah: Wave of Homophobia Sweeps the Muslim World (Good article on the extent and the roots of the growing persecution of gays),spiegel.de,"http://www.spiegel.de/international/world/0,1518,647913,00.html"
2009-09-18,03:00:06,9lkfy,40,"China's ""cancer villages"" bear witness to economic boom",reuters.com,http://www.reuters.com/article/worldNews/idUSTRE58G00T20090917
2009-09-18,05:48:47,9lm9r,27,Airstrike in Yemen Said to Kill 80,nytimes.com,http://www.nytimes.com/2009/09/18/world/middleeast/18yemen.html?_r=1&src=twt&twt=nytimesglobal
2009-09-18,01:07:27,9lj3y,24,Mohammed is now the most popular name for baby boys in London,telegraph.co.uk,http://www.telegraph.co.uk/news/newstopics/religion/6194354/Mohammed-is-most-popular-name-for-baby-boys-in-London.html
2009-09-17,16:04:06,9ldzz,22,"Gunmen burst into a drug treatment center in the northern Mexican border city of Ciudad Juarez and shot to death 10 people, the second such mass killing this month",google.com,http://www.google.com/hostednews/ap/article/ALeqM5gMi5B2USfJStXxfqgWWr2xjRYpOgD9AOQL0O0
2009-09-17,11:05:52,9lbgp,18,"4, 15, 23, 24, 35, and 42: Winning numbers in Bulgaria in Sep 6 and again in Sep 10. What are the odds? Eyebrows raised",smh.com.au,http://www.smh.com.au/world/4-15-23-24-35-and-42-identical-lottery-draw-raises-eyebrows-20090917-fryu.html
2009-09-17,14:57:51,9ldfq,14,China in huge Venezuela oil deal,news.bbc.co.uk,http://news.bbc.co.uk/2/hi/americas/8260200.stm
2009-09-17,09:45:58,9lasd,10,The Unsolved Killings of 17 Journalists in Russia,huffingtonpost.com,http://www.huffingtonpost.com/2009/09/16/anatomy-of-injustice-the-_n_289235.html
2009-09-17,12:19:07,9lc36,9,"For the first time [after] 21 years of dictatorship and the 18 years of chaos that followed, Somalia’s leader has both widespread grass-roots support and extensive help from outside nations",nytimes.com,http://www.nytimes.com/2009/09/17/world/africa/17somalia.html?hp
2009-09-17,14:57:09,9ldfg,12,The US will abandon its plan to develop a missile defence system in Poland and the Czech Republic,news.bbc.co.uk,http://news.bbc.co.uk/2/hi/americas/8260230.stm
2009-09-17,08:23:25,9la6v,8,"Aussie Basement Dad: Victorian father 'raped daughter for 30 years', had 4 children all with birth defects",smh.com.au,http://www.smh.com.au/national/victorian-father-raped-daughter-for-30-years-20090917-frz7.html
2009-09-17,22:36:33,9lhbo,8,'The Day Afghanistan Was Lost',spiegel.de,"http://www.spiegel.de/international/world/0,1518,649640,00.html"
2009-09-17,02:06:50,9l677,5,Netanyahu builds on Obama's weakness - Obama's hesitation on Israeli settlements could put the US in danger.,globalpost.com,http://www.globalpost.com/dispatch/worldview/090915/israel-settlements
2009-09-17,12:10:40,9lc0r,6,"A Christian man detained on blasphemy charges was found dead in his jail cell on Tuesday in eastern Pakistan. Human rights groups here said he appeared to have been killed, perhaps in collusion with the authorities.",nytimes.com,http://www.nytimes.com/2009/09/17/world/asia/17pstan.html
2009-09-18,02:05:01,9ljtl,6,27 Years After the Massacre ~~ the Horrors of the Pogrom Live on at Sabra and Shatila,maannews.net,http://www.maannews.net/eng/ViewDetails.aspx?ID=225753
2009-09-17,21:41:51,9lgr7,2,2nd Attack on a German school this year. This one with Molotov cocktails and an axe.,hosted.ap.org,http://hosted.ap.org/dynamic/stories/E/EU_GERMANY_SCHOOL_ATTACK?SITE=SCFLO&SECTION=HOME&TEMPLATE=DEFAULT
2009-09-17,09:20:57,9lalp,2,Tokyo police launch anti-groping week: Not even a tentacle?,abc.net.au,http://www.abc.net.au/news/stories/2009/09/17/2688355.htm
2009-09-17,23:44:25,9li1o,1,"Juan Cole: Russia helps the U.S. in Afghanistan - As 
U.S. allies look for the exit, Russia, perhaps 
because of problems with Afghan heroin at home, 
gets in deeper.",salon.com,http://www.salon.com/news/feature/2009/09/09/cole/index.html
2009-09-17,21:19:34,9lgk9,0,US backs away from missile shield plan,abc.net.au,http://www.abc.net.au/news/stories/2009/09/17/2689372.htm
2009-09-17,21:25:38,9lgm8,0,"Mary Travers, one third of the hugely popular 1960s US folk group Peter, Paul and Mary, has died after a battle with leukaemia aged 72.",news.bbc.co.uk,http://news.bbc.co.uk/2/hi/entertainment/8260210.stm
2009-09-17,20:49:06,9lgad,0,"Arctic riches: largest reserves of oil. All want to get their share of the Arctic ""oil pie"".",globalresearch.ca,http://www.globalresearch.ca/index.php?context=va&aid=15229
2009-09-18,04:54:28,9llpf,0,Government health dept. sends swine-flu preparation kits to Manitoba Indian reserves - includes bodybags,cnews.canoe.ca,http://cnews.canoe.ca/CNEWS/Canada/2009/09/17/10958471-cp.html
2009-09-17,12:43:06,9lc9q,0,"Washington's good war Death squads, disappearances and torture in Pakistan",uruknet.info,http://www.uruknet.info/?colonna=m&p=58001
