2009-01-30,12:28:34,7tj09,1413,This is a picture of Gaza students back to school after the bombings. The cards mention the names [and ages] of the students who are not there anymore.,photos-d.ak.fbcdn.net,http://photos-d.ak.fbcdn.net/photos-ak-snc1/v2117/194/31/785605526/n785605526_5682939_6517.jpg
2009-01-30,03:42:08,7tf8m,508,"Russia to ""present evidence to the United Nations that the North Pole belongs to the Russians."" - ""If these rights are not recognized, Russia will withdraw from the UN Convention on the Law of the Sea.""",spiegel.de,"http://www.spiegel.de/international/world/0,1518,604338,00.html"
2009-01-31,01:19:59,7tnr8,335,Shoe monument that Iraqi orphans helped to build removed 1 day after it was erected.,cnn.com,http://www.cnn.com/2009/WORLD/meast/01/30/iraq.shoe.monument/index.html?eref=rss_latest
2009-01-31,01:10:48,7tno4,138,Turkey's PM arrived home to a tumultuous reception of cheering crowds early today after storming out of a debate in Davos over Israel's recent offensive in Gaza,commondreams.org,http://www.commondreams.org/headline/2009/01/30-5
2009-01-30,13:35:00,7tje4,74,Horrific New Evidence of China Organ Harvesting Revealed,en.epochtimes.com,http://en.epochtimes.com/news/6-11-16/48226.html
2009-01-30,16:54:09,7tkfd,75,Spain opens investigation into whether crimes against humanity were committed in Gaza,guardian.co.uk,http://www.guardian.co.uk/world/2009/jan/29/spain-israel-gaza-crimes-humanity
2009-01-31,02:44:58,7toik,70,The Israeli defence ministry has concealed information about the extent of illegal settlement-building in the West Bank,news.bbc.co.uk,http://news.bbc.co.uk/2/hi/middle_east/7861076.stm
2009-01-30,17:50:16,7tko6,49,Hero's welcome for Turkish leader after Davos walkout,nytimes.com,http://www.nytimes.com/2009/01/31/world/europe/31turkey.html?ref=world
2009-01-30,11:35:29,7tinw,46,"Blackwater banned from Iraq - Founded in 1996 by Erik Prince, who had ties within the Republican Party, Blackwater Worldwide soon became the largest private army in the world with 21,000 men and a budget over $1 billion under the Bush administration.",russiatoday.com,http://www.russiatoday.com/news/news/36609
2009-01-30,11:33:49,7tinh,27,"300,000 protest in Paris [with pics]",belfasttelegraph.co.uk,http://www.belfasttelegraph.co.uk/news/world-news/300000-protest-in-paris-14162666.html
2009-01-30,21:36:02,7tlv6,21,Papua New Guinea - Where Violence Against Women is Rampant,hrw.org,http://www.hrw.org/en/news/2009/01/27/where-violence-against-women-rampant
2009-01-30,22:26:46,7tm9n,20,Naked ramblers face Swiss fines,news.bbc.co.uk,http://news.bbc.co.uk/2/hi/europe/7860556.stm
2009-01-30,08:51:24,7thos,20,Iceland to be fast-tracked into the EU to avert financial collapse,guardian.co.uk,http://www.guardian.co.uk/world/2009/jan/30/iceland-join-eu
2009-01-30,09:29:26,7thwh,19,Swiss police find massive marijuana farm on Google Earth,belfasttelegraph.co.uk,http://www.belfasttelegraph.co.uk/news/world-news/police-find-drug-farm-on-google-earth-14162615.html
2009-01-30,18:25:13,7tku0,17,"You are Killing People, Erdogan tells Peres, Walks Off Stage",sabbah.biz,http://sabbah.biz/mt/archives/2009/01/30/video-you-are-killing-people-erdogan-tells-peres-walks-off-stage/
2009-01-30,19:26:32,7tl5m,15,"""Please Stop, we really need to get people to dinner""   the whole 1h Erdogan-Peres discussion that led the first to abandon Davos -permanently ",youtube.com,http://www.youtube.com/watch?gl=US&hl=es&v=cR4zRbPy2kY
2009-01-31,07:44:16,7tqvu,14,"""The military should close its torture school. I know because I graduated from it.""",slate.com,http://www.slate.com/id/2210059/
2009-01-30,10:33:33,7ti9a,13,44 Killed in a day in Srilankan army artillery,tamilnet.com,http://www.tamilnet.com/art.html?catid=13&artid=28197
2009-01-31,06:09:00,7tq92,13,Official: U.S. will not renew Iraq contract with Blackwater,edition.cnn.com,http://edition.cnn.com/2009/WORLD/meast/01/30/us.blackwater.contract/index.html
2009-01-30,20:10:53,7tlcv,15,SOLE-FUL TRIBUTE TO BUSH SHOE-THROWER,dailymail.co.uk,http://www.dailymail.co.uk/news/worldnews/article-1132130/Pictured-Erected-Iraqis-3m-high-sole-ful-tribute-Iraqi-journalist-threw-shoes-Bush.html
2009-01-30,10:50:05,7tie1,12,First evidence of damage to Gaza’s cultural sites emerges.,theartnewspaper.com,http://www.theartnewspaper.com/article.asp?id=16827
2009-01-30,17:21:30,7tkjn,14,Norway to raise sunk German submarine carrying plans for new jet fighter and industrial grade mercury. ,thelocal.de,http://www.thelocal.de/society/20090130-17089.html
2009-01-30,13:46:51,7tjg8,14,This video will be shown some day at the Holocaust Memorial. It is the voice of an Israeli woman pleading with Obama to force Israel to end the occupation. ,philipweiss.org,http://www.philipweiss.org/mondoweiss/2009/01/israeli-woman-pleads-with-obama-to-impose-a-solution.html
2009-01-30,11:57:23,7tisu,11,Rove announces he has no intention of obeying Conyers' subpoena ,crooksandliars.com,http://crooksandliars.com/david-neiwert/rove-announces-he-has-no-intention-o
2009-01-31,01:28:27,7tnu8,11,Hero’s Welcome for Turkish Leader After Davos Walkout. Who Lost Turkey?,nytimes.com,http://www.nytimes.com/2009/01/31/world/europe/31turkey.html?_r=2&scp=3&sq=hero%27s&st=cse
2009-01-30,20:19:14,7tlee,13,"""British jobs for British workers""",news.bbc.co.uk,http://news.bbc.co.uk/1/hi/uk/7859968.stm
2009-01-30,18:59:19,7tl0o,8,"Zimbabwe cholera cases top 60,000",news.bbc.co.uk,http://news.bbc.co.uk/2/hi/africa/7860070.stm
2009-01-30,11:58:27,7tit3,7,"Somali pirates thwart navy, hijack another tanker",smh.com.au,http://www.smh.com.au/news/world/somali-pirates-thwart-navy-hijack-another-tanker/2009/01/30/1232818678746.html
2009-01-31,07:57:38,7tqzi,9,Database implicates Israeli government in settlement land grab,philipweiss.org,http://www.philipweiss.org/mondoweiss/2009/01/what-weve-know-all-along-database-implicates-israeli-government-in-settlement-land-grab.html
2009-01-30,19:44:02,7tl8v,9,Planning a trip to the Philippines? They've got ebola.,reuters.com,http://www.reuters.com/article/worldNews/idUSTRE50T1M020090130
