2009-08-13,12:16:25,9a5fh,1425,"An American living in France: ""I was recently diagnosed with breast cancer and I've just gotten a letter from one of those ""death"" panels. They are called Medical Councils here and they determine whether someone is eligible or not for 100 percent medical coverage provided by the state...""",tpmcafe.talkingpointsmemo.com,http://tpmcafe.talkingpointsmemo.com/talk/blogs/jane_blevins/2009/08/getting-cancer-in-a-hell-hole.php?ref=fpd
2009-08-13,18:43:20,9a8a5,251,"In five of the seven incidents, Israeli soldiers shot at civilians who were walking down the street with white flags, trying to leave the areas of fighting, USA Based Human Rights Watch Rights group  said.",news.bbc.co.uk,http://news.bbc.co.uk/2/hi/middle_east/8198863.stm
2009-08-14,04:53:52,9aeeu,135,Iceland is being blackmailed,icelandweatherreport.com,http://icelandweatherreport.com/2009/08/eva-joly-iceland-is-being-blackmailed.html
2009-08-13,17:10:06,9a7lw,44,"And now, the Pirate Party UK",telegraph.co.uk,http://www.telegraph.co.uk/technology/news/6011356/Pirate-Party-UK-now-registered-by-the-Electoral-Commission.html
2009-08-13,19:49:37,9a8r5,41,"Company pays entire lawsuit settlement in coins as way of showing disapproval of verdict. Woman who won the trial, now stuck with huge sack of coins, not happy",pollsb.com,http://www.pollsb.com/polls/p2137752-company_pays_entire_lawsuit_settlement_coins_showing_disapproval
2009-08-14,05:54:24,9af2e,32,A ship passing through the English Channel has disappeared.,breitbart.com,http://www.breitbart.com/article.php?id=D9A1DI9G1&show_article=1&catnum=-1
2009-08-13,08:13:21,9a3p5,30,Stephen Hawking lie causes British bloggers to weigh in on health-care. Don't attack our NHS!,news.bbc.co.uk,http://news.bbc.co.uk/1/hi/world/americas/8198084.stm?
2009-08-14,03:06:29,9ad9q,30,U.S. Hatred of Europe is on the Rise,blog.newsweek.com,http://blog.newsweek.com/blogs/wealthofnations/archive/2009/08/12/hatred-of-europe-is-on-the-rise.aspx
2009-08-14,04:34:23,9ae77,19,Icelanders are angry but will make sacrifices - Iceland's Prime Minister blasts UK and Netherlands governments,ft.com,http://www.ft.com/cms/s/0/73bd25fc-8830-11de-82e4-00144feabdc0.html?nclick_check=1
2009-08-13,08:49:14,9a3y6,13,"Some clues as to how Rupert Murdoch intends to begin charging for online news content in just under
a year from now. ",time.com,"http://www.time.com/time/business/article/0,8599,1915722,00.html"
2009-08-14,03:31:09,9adjq,5,R.I.P Les Paul dies at the age of 94 1915-2009,boston.com,http://www.boston.com/ae/music/articles/2009/08/13/guitar_legend_inventor_les_paul_dies_at_age_94_boston_globe/
2009-08-13,14:56:33,9a6ly,7,DNA tests in China will help parents determine the future of their children.,cnn.com,http://www.cnn.com/2009/WORLD/asiapcf/08/03/china.dna.children.ability/index.html
2009-08-13,23:53:58,9aayv,3,"A leading Scottish gemstone expert has been killed in Kenya by a gang armed with clubs, spears, bows and arrows.",news.bbc.co.uk,http://news.bbc.co.uk/2/hi/africa/8198630.stm
2009-08-13,14:21:58,9a6cl,5,"The body of the guy Andrew Jackson shot in a duel in Kentucky has been located! The thousands of Indians he killed remain, for the most part, at large.",upi.com,http://www.upi.com/Top_News/2009/08/12/Andrew-Jackson-duel-victim-found/UPI-52551250087482/
2009-08-14,05:15:25,9aenc,6,Requiem for Archbishop Oscar Romero - R.I.P,news.bbc.co.uk,http://news.bbc.co.uk/2/hi/programmes/file_on_4/4376733.stm
2009-08-13,23:37:21,9aas5,6,"So when is the movie coming out about the recent
jewelley heist in Britain?  Suspects hired a makeup
artist to apply latex masks as a disguise.",m.telegraph.co.uk,http://m.telegraph.co.uk/article/6019902/
2009-08-13,17:54:45,9a7xn,4,Supporters of ousted Honduran President Manuel Zelaya clashed with soldiers and police for a second day on Wednesday as street protests over the June 28 army coup turned rowdy,reuters.com,http://www.reuters.com/article/latestCrisis/idUSN12176789
2009-08-14,05:38:07,9aevu,3,Police in standoff with suspect who made threats against White House; Westwood apartment buildings evacuated,latimesblogs.latimes.com,http://latimesblogs.latimes.com/lanow/2009/08/police-in-standoff-with-suspect-who-made-threats-against-white-house-westwood-apartment-evacuated.html
2009-08-13,13:52:54,9a65e,4,"... the 43-year-old woman, who police said suffocated under the pile of some 1,000 books, was the first confirmed fatality of early Tuesday's quake.",asahi.com,http://www.asahi.com/english/Herald-asahi/TKY200908130077.html
2009-08-14,04:47:19,9aecg,3,Taliban chiefs agree ceasefire deals for Afghan presidential election,guardian.co.uk,http://www.guardian.co.uk/world/2009/aug/13/afghanistan-ceasefire-deals-presidential-election
2009-08-14,07:37:21,9afyh,3,"The Blackwater Crusaders that undertook a ritual of Genocide in Iraq are now doing the same in Afghanistan, under the name of XE Crusaders",islamonline.net,http://www.islamonline.net/servlet/Satellite?c=Article_C&cid=1248187910938&pagename=Zone-English-News/NWELayout
2009-08-14,02:18:36,9acr6,3,Russian warships are scouring the Atlantic for a freighter with 15 Russian crew last spotted more than two weeks ago steaming through the English Channel,voanews.com,http://www.voanews.com/english/2009-08-13-voa33.cfm
2009-08-14,04:52:43,9aeeg,2,"Don't feel so bad USA , the UK elects some bizarre idiots too , listen to the recently elected Doncaster Mayor in this building car crash radio interview ( quicktime mp3)",andys.org.uk,http://andys.org.uk/media/peter_davies_toby_foster_bbc_radio_sheffield_08_06_2009.mp3
2009-08-13,19:02:08,9a8ez,2,British MEP Dan Hannan Goes On Fox News To Trash The UK Health Care System,youtube.com,http://www.youtube.com/watch?v=1wcWlHTRcTE
2009-08-13,08:47:08,9a3xp,2,Venezuela's Hugo Chavez Takes Whack at Golfers  as he nationalizes golf courses,cbsnews.com,http://www.cbsnews.com/blogs/2009/08/12/world/worldwatch/entry5236960.shtml
2009-08-14,04:28:57,9ae59,0,"Honduras: ""It all appeared staged. Only media story in mainstream press was the 'violence and terrorism' perpetrated by 'handful of goons.' There was nothing about the mass march of tens of thousands of people.""",revleft.com,http://www.revleft.com/vb/showpost.php?p=1517995&postcount=1
2009-08-13,20:52:25,9a992,2,"Italy, Germany and Japan: Former World War II Axis Nations Repudiate Bans against ""Preparing for War""",globalresearch.ca,http://www.globalresearch.ca/index.php?context=va&aid=14754
2009-08-13,04:18:31,9a1ll,0,Tel Aviv: Don't let the shootings scare you away,queerty.com,http://www.queerty.com/did-the-youth-club-shooting-scare-you-away-from-tel-aviv-20090812/
2009-08-14,01:16:28,9abzg,0,An American trying to move to Romania (of all places) for love..,thereturnpage.blogspot.com,http://thereturnpage.blogspot.com/2009/08/perspective.html
2009-08-13,21:59:58,9a9sw,0,"Hey Reddit: Went to Rwanda, I shot footage of myself and my girlfriend. Soap businesses aside, these kids actually need your help. Would love your support.",youtube.com,http://www.youtube.com/watch?v=ac3cexODoYg&eurl=http://www.youtube.com/user/fattyjah&feature=player_profilepage
