2009-11-11,22:30:49,a39g4,632,Whistleblower cop is YouTube sensation - A Russian police officer has released a series of videos calling out corruption,globalpost.com,http://www.globalpost.com/dispatch/russia/091110/russia-whistleblower-police-office-youtube
2009-11-11,00:03:48,a2wi5,451,The officer reportedly mistook a pipe the boy was carrying for a gun and shot him dead. The boy was 3 years old.,news.bbc.co.uk,http://news.bbc.co.uk/2/hi/africa/8352039.stm
2009-11-11,22:33:21,a39h4,322,"Its amazing how far we've come: France and 
Germany hold joint Armistice Day commemoration 
for the first time in history",news.bbc.co.uk,http://news.bbc.co.uk/1/hi/world/europe/8353809.stm
2009-11-11,21:15:48,a38o1,41,Man renting himself out as a punchbag for stressed women,pretorianews.co.za,http://www.pretorianews.co.za/?fSectionId=&fArticleId=vn20091111132547335C985885
2009-11-12,07:23:30,a3fhj,31,An Australian Special Forces explosives detection dog has been found alive and well almost 14 months after going missing in action (MIA) in Afghanistan.,abc.net.au,http://www.abc.net.au/news/stories/2009/11/12/2740514.htm
2009-11-12,01:01:45,a3bc0,29,"Food: Is Monsanto the answer or the problem? -Great title, crappy article. The grand praise and fluff criticism of Monsanto in this article is a prime example of  journalism in the interest of business. the article smacks of sterilization.",reuters.com,http://www.reuters.com/article/domesticNews/idUSTRE5AA05520091111?sp=true
2009-11-11,19:24:50,a37nf,27,The DNA of innocent people arrested in England and Wales should be held for no longer than six years,news.bbc.co.uk,http://news.bbc.co.uk/2/hi/uk_news/politics/8353824.stm
2009-11-12,07:38:39,a3fm2,23,Security firm Blackwater 'paid off Iraqi officials after civilian deaths' ,belfasttelegraph.co.uk,http://www.belfasttelegraph.co.uk/news/world-news/security-firm-blackwater-paid-off-iraqi-officials-after-civilian-deaths-14558899.html
2009-11-12,06:23:11,a3eys,20,"German thug stabs and kills pregnant muslim woman in a courtroom.  Bailiff shoots woman's muslim husband, assuming that he is the attacker.",news.sky.com,http://news.sky.com/skynews/Home/World-News/German-Courtroom-Killer-Alex-Wiens-Jailed-For-Stabbing-Pregnant-Egyptian-Mum-Marwa-El-Sherbiny/Article/200911215451618?lpos=World_News_Top_Stories_Header_1&lid=ARTICLE_15451618_German_Courtroom_Killer_Alex_Wiens_Jailed_For_Stabbing_Pregnant_Egyptian_Mum_Marwa_El-Sherbiny
2009-11-11,17:29:40,a36ng,20,Gorbachev Says Obama Should Start Afghan Withdrawal ,bloomberg.com,http://www.bloomberg.com/apps/news?pid=20601103&sid=aP_6NUKjFaSM
2009-11-11,08:02:59,a31q1,19,Top Blackwater staff authorized attempted bribes of Iraqi officials in the wake of the 2007 Nisour Square massacre.,thenation.com,http://www.thenation.com/doc/20091123/scahill
2009-11-12,01:57:53,a3c3j,18,"Ukraine epidemic kills 189;  1,122,000 infected, and 57,286 hospitalized.",mignews.com.ua,http://mignews.com.ua/en/categ408/articles/378358.html
2009-11-11,12:45:54,a3456,17,U.S. Intelligence: Iran Possesses Trillions Of Potentially Dangerous Atoms,theonion.com,http://www.theonion.com/content/news/u_s_intelligence_iran_possesses
2009-11-11,09:40:14,a32id,18,Hollywood's attempt to force DRM measures on BBC's HDTV broadcasts fails after intense public pressure,arstechnica.com,http://arstechnica.com/tech-policy/news/2009/11/public-pressure-stops-bbcs-hdtv-drm-drive-for-now.ars
2009-11-11,19:59:14,a37xw,15,Itaipú dam fails and puts Brazil under massive blackout. São Paulo and Rio with no electricity for more than 3 hours.,news.bbc.co.uk,http://news.bbc.co.uk/2/hi/americas/8353878.stm
2009-11-11,14:56:05,a35c5,12,Blackwater Said to Approve $1 Million in Iraqi Bribes After Shootings ,nytimes.com,http://www.nytimes.com/2009/11/11/world/middleeast/11blackwater.html?_r=1&partner=rss&emc=rss&src=igw
2009-11-11,22:55:13,a39q8,11,"Investigative journalist Seymour Hersh says the US has a rapid-response unit ready to secure Pakistan's nuclear weapons in the event of a mutiny or ""any nuclear incident""",english.aljazeera.net,http://english.aljazeera.net/news/asia/2009/11/2009111125430471466.html
2009-11-11,11:04:16,a338b,11,"President of Eritrea in a rare interview: ""Why would you want to have allies? It's a sign of weakness.""",csmonitor.com,http://www.csmonitor.com/2009/1110/p06s12-woaf.html
2009-11-12,07:02:06,a3fap,8,"The Plunder of Iraq's Oil. ""As the direct result of the Iraq war, major American and other transnational energy conglomerates are now gaining control over some the largest oilfields in the world.""",wsws.org,http://www.wsws.org/articles/2009/nov2009/pers-n11.shtml
2009-11-11,16:48:54,a36ao,7,"Chinese scientists have artificially induced the second major snowstorm to wreak havoc in Beijing this season, state media said, reigniting debate over the practice of tinkering with Mother Nature.",abc.net.au,http://www.abc.net.au/news/stories/2009/11/11/2740082.htm
2009-11-12,03:26:45,a3d5w,6,"Russia, India, China to Forge Common Approach to Global Issues",voanews.com,http://www.voanews.com/english/2009-10-27-voa51.cfm
2009-11-11,17:35:44,a36pp,5,Brazil's 2 largest cities hit by blackouts,google.com,http://www.google.com/hostednews/ap/article/ALeqM5gvYTfvBdDutkp67sdM0KKETo0JpQD9BT12703
2009-11-12,06:04:16,a3esy,6,"""They will not require the permission of a judge or a magistrate to obtain the information"". Britons: Big Brother is watching.",theage.com.au,http://www.theage.com.au/technology/technology-news/britain-presses-on-with-big-brother-telecoms-database-20091110-i7j4.html
2009-11-11,08:57:55,a3263,5,"Abu Abbas prepares to exit office in frustration, having achieved little as a ""partner for peace."" Tragic. ",arabnews.com,http://www.arabnews.com/?page=7&section=0&article=128323&d=11&m=11&y=2009
2009-11-11,21:26:18,a38s4,5,Blackwater may have tried to bribe their way out of the Nisour Square killings in order to remain in Iraq.,nytimes.com,http://www.nytimes.com/2009/11/11/world/middleeast/11blackwater.html?_r=1&th&emc=th
2009-11-11,23:02:23,a39sx,5,Notorious Toronto gangster re-emerges as Sri Lankan asylum seeker,nationalpost.com,http://www.nationalpost.com/most-popular/story.html?id=2203768
2009-11-11,08:45:45,a3221,5,"When it comes to scary, life-threatening situations, being stranded on a sheet of Arctic ice that has snapped off and is drifting out to sea in the dark is one thing. Knowing there are three hungry polar bears stalking you is another.",smh.com.au,http://www.smh.com.au/world/frozen-with-fear-stranded-teen-v--polar-bears-20091111-i88n.html
2009-11-11,20:22:02,a385m,3,Poor nations 'must stop blaming rich for emissions' (Says Alistair Darling Chancellor of a rich nation),thescotsman.scotsman.com,http://thescotsman.scotsman.com/latestnews/Poor-nations--39must-stop.5804112.jp
2009-11-12,04:52:16,a3e2e,3,How the middle class are shoplifting to keep up appearances - Times Online,timesonline.co.uk,http://www.timesonline.co.uk/tol/news/uk/crime/article6910302.ece
2009-11-11,17:19:58,a36kc,3,$400 Billion Suit Filed against Turkey over Cyprus Occupation...,ansamed.info,http://www.ansamed.info/en/cyprus/news/ME03.XAM11123.html
