2009-12-05,03:01:22,ab662,344,Draw ignites FIFA World Cup fever,fifa.com,http://www.fifa.com/worldcup/finaldraw/news/newsid=1143584.html#draw+ignites+fifa+world+cup+fever
2009-12-05,20:58:08,abe86,348,Dr David Kelly: Legal Action To Prove Weapons Expert Was Murdered,news.sky.com,http://news.sky.com/skynews/Home/UK-News/Dr-David-Kelly-Legal-Action-To-Prove-Weapons-Expert-Was-Murdered/Article/200912115492260?lpos=UK_News_Top_Stories_Header_1&lid=ARTICLE_15492260_Dr_David_Kelly%3A_Legal_Action_To_Prove_Weapons_Expert_Was_Murdered
2009-12-05,04:43:52,ab78i,273,Why switzerland has the lowest crime rate in the world and why it's the least likely to be taken over by a ruthless dictator.....the Sig SG 550!,youtube.com,http://www.youtube.com/watch?v=6nf1OgV449g
2009-12-05,07:14:55,ab8kq,177,Amanda Knox was found guilty of the Meredith Kercher murder and will spend 26 years in prison,news.bbc.co.uk,http://news.bbc.co.uk/2/hi/uk_news/8394750.stm
2009-12-05,20:27:04,abe1v,138,At least 109 people have died following an explosion at a nightclub in the Russian city of Perm,news.bbc.co.uk,http://news.bbc.co.uk/1/hi/world/europe/8396763.stm
2009-12-05,01:32:24,ab52g,112,"Ottawa boy ordered to shut down his radio station - """"They said I need a licence,"" Saadé said. ""I didn't know. I said, 'OK, I'll apply for the licence but I can't shut off the station.'""",cbc.ca,http://www.cbc.ca/canada/ottawa/story/2009/12/03/ottawa-pirate-radio-station.html
2009-12-06,02:33:33,abgql,42,Canadian climate researchers targetted by hackers: break-ins at University of Victoria campus,nationalpost.com,http://www.nationalpost.com/news/story.html?id=2300282
2009-12-05,16:41:11,abcns,43,"Dubai's burst bubble: A state-of-the-art metro train system opened in Sept at a cost of $7.6 billion. At 9.30am on a Thursday the station at Dubai airport’s cavernous Terminal 3 is empty. The train into the city, capable of carrying more than 640 people, has 21 on board ",timesonline.co.uk,http://www.timesonline.co.uk/tol/news/world/middle_east/article6945283.ece
2009-12-06,04:38:08,abhnt,40,Rupert Murdoch's News Corp. cements ties with Saudi Arabian prince who is also involved with the Carlyle Group.,rawstory.com,http://rawstory.com/2009/12/murdochs-news-corp-cements-ties-saudi-prince/
2009-12-06,03:26:34,abh55,40,Doctors call for weapons expert's untimely death to be reinvestigated,telegraph.co.uk,http://www.telegraph.co.uk/news/worldnews/middleeast/iraq/6735670/Dr-David-Kelly-doctors-start-legal-action-for-new-inquest.html
2009-12-05,21:24:04,abedl,15,Fire in Russian nightclub kills 109. Video of the start of the blaze.,news.bbc.co.uk,http://news.bbc.co.uk/1/hi/world/europe/8396587.stm
2009-12-05,02:03:16,ab5g3,13,Pentagon emails ask if Canadians are 'bad guys',cbc.ca,http://www.cbc.ca/world/story/2009/12/03/canada-bad-guys-espionage.html?ref=rss&loomia_si=t0:a16:g25:r2:c0:b29203098
2009-12-05,02:28:04,ab5rf,9,Rise in suicides in Saudi Arabia,arabianbusiness.com,http://www.arabianbusiness.com/574997-rise-in-suicides-in-saudi-arabia
2009-12-05,21:56:23,abekr,9,Italy’s government rocked by accusations made in court by a Mafia hitman that Berlusconi had made commitments to Sicily’s Cosa Nostra,ft.com,http://www.ft.com/cms/s/0/5b5c593a-e0d5-11de-9f58-00144feab49a.html
2009-12-05,08:33:02,ab95t,7,Didn't the North Koreans already handle the China portion of this?,telegraph.co.uk,http://www.telegraph.co.uk/news/worldnews/asia/southkorea/6727699/South-Korea-plans-to-dig-tunnels-to-Japan-and-China.html
2009-12-05,23:02:13,abf17,7,"Massive protests in UK regarding climate change, trying to be heard at the summit in Copenhagen",news.bbc.co.uk,http://news.bbc.co.uk/2/hi/uk_news/8396696.stm
2009-12-05,23:49:20,abfeb,5,"Saudi filmmakers persist in making movies where their work is often branded too racy or ""un-Islamic,"" and banned",globalpost.com,http://www.globalpost.com/dispatch/saudi-arabia/091202/saudi-film-festival
2009-12-06,02:21:30,abgnc,6,Beast of Kandahar is acknowledge by the Air Force,aviationweek.com,http://www.aviationweek.com/aw/blogs/defense/index.jsp?plckController=Blog&plckBlogPage=BlogViewPost&newspaperUserId=27ec4a53-dcc8-42d0-bd3a-01329aef79a7&plckPostId=Blog%3A27ec4a53-dcc8-42d0-bd3a-01329aef79a7Post%3A649e3cf4-8c07-4739-82cf-322c6c56ccd5&plckScript=blogScript&plckElementId=blogDest
2009-12-05,22:28:49,abesa,6,"IEEE Cover Story: Securing Power in the Gaza Strip,The Palestinian power plant has endured bombings, embargoes and blockades: Can it ever fully power Gaza's grid?",spectrum.ieee.org,http://spectrum.ieee.org/energy/policy/gaza-power-strip/0
2009-12-05,15:55:04,abccn,4,"Evidence points to cannibalism, human sacrifice at 7,000 yr. old site in Germany",usnews.com,http://www.usnews.com/science/articles/2009/12/03/debate-over-evidence-of-mass-cannibalism.html
2009-12-05,22:29:08,abesd,4,"Hanoi is turning into a corrupt executive's vision of Orange County, CA - check out these photos of luxury cars on the streets in a country where GDP is just over $1000/per person for evidence",trueslant.com,http://trueslant.com/matthewsteinglass/2009/12/05/luxury-cars-on-the-streets-of-hanoi/
2009-12-06,04:34:57,abhn1,5,Philippines under martial law after brutal massacre,rawstory.com,http://rawstory.com/2009/12/philippines-government-imposes-martial-law-quell-rebellion/
2009-12-06,04:33:49,abhmo,4,Tens of thousands stage anti-Berlusconi protest in Rome,rawstory.com,http://rawstory.com/2009/12/tens-thousands-stage-colorful-antiberlusconi-protest-rome/
2009-12-06,07:39:25,abiu7,3,"After 50 years, U.K. shuts down UFO unit",reuters.com,http://www.reuters.com/article/idUSTRE5B416X20091205
2009-12-06,06:29:58,abif4,3,Man Who Dropped Atomic Bomb on Hiroshima Dies at 92  ,foxnews.com,"http://www.foxnews.com/story/0,2933,307252,00.html"
2009-12-05,17:45:43,abd2w,3,Saudi Arabia: Witchcraft and Sorcery Cases on the Rise | Human Rights Watch,hrw.org,http://www.hrw.org/en/news/2009/11/24/saudi-arabia-witchcraft-and-sorcery-cases-rise
2009-12-06,02:58:28,abgx0,2,Phallic insult sparks German media feud ,independent.co.uk,http://www.independent.co.uk/news/world/europe/phallic-insult-sparks-german-media-feud-1834651.html
2009-12-06,06:37:36,abih5,0,"Italian cabinet minister: ""if 350,000 people are protesting for Berlusconi's resignation in the streets, that means 59.5 million Italians support him."" the Italian population is 60 million.",time.com,"http://www.time.com/time/world/article/0,8599,1945850,00.html"
2009-12-06,04:17:51,abhhw,0,"Nepal: Thousands of landless occupy land and prepared to defend themselves. Pro-capitalist regime kills 4. One police shooter then beaten to death. ""Highway turned into a battlefield.""",myrepublica.com,http://www.myrepublica.com/portal/index.php?action=news_details&news_id=12527
2009-12-05,17:41:19,abd25,1,Amanda Knox trial: the unanswered questions - Telegraph,telegraph.co.uk,http://www.telegraph.co.uk/news/worldnews/europe/italy/6727242/Amanda-Knox-trial-the-unanswered-questions.html
