2009-11-15,16:23:36,a4jl0,343,"Netherlands to levy ""green"" road tax by the kilometre from 2012: ""Each vehicle will be equipped with a GPS device that tracks how many kilometres are driven and when and where."" ",news.yahoo.com,http://news.yahoo.com/s/afp/20091113/sc_afp/netherlandstransportenvironment
2009-11-15,23:05:09,a4ljc,119,"Huge rise in infant deformities in Falluja: ""Most are in the head and spinal cord... also a very marked increase in the number of cases of less than two years [old] with brain tumours.""",commondreams.org,http://www.commondreams.org/headline/2009/11/14
2009-11-15,10:51:55,a4htg,95,"""Chinese don't like Africans. They don't like black skin.""",washingtonpost.com,http://www.washingtonpost.com/wp-dyn/content/article/2009/11/14/AR2009111401147_pf.html
2009-11-15,15:05:33,a4j60,74,"Israeli has destroyed 25,000 Palestinian houses   in Jerusalem ",translate.google.co.uk,http://translate.google.co.uk/translate?js=y&prev=_t&hl=en&ie=UTF-8&u=http%3A%2F%2Fassafir.com%2FArticle.aspx%3FEditionId%3D1387%26articleId%3D1096%26ChannelId%3D32126&sl=ar&tl=en&history_state0=
2009-11-16,06:56:49,a4ous,32,What right does Israel have to stop whether or not a people can have their country recognised by the other countries?,news.bbc.co.uk,http://news.bbc.co.uk/1/hi/world/middle_east/8361654.stm
2009-11-16,06:26:20,a4onb,35,12 year old Aboriginal boy in court today over recieving a stolen freddo frog chocolate from his friend!,smh.com.au,http://www.smh.com.au/national/boy-in-court-over-stolen-chocolate-20091115-igd7.html
2009-11-16,02:14:13,a4mx7,33,Palestinians to seek endorsement of statehood - They plan to ask the United Nations for its support without Israel's consent,msnbc.msn.com,http://www.msnbc.msn.com/id/33946915/ns/world_news-mideastn_africa/
2009-11-16,07:09:11,a4oxp,21,"Human Rights Watch has accused Israel of 
launching an ""organized campaign"" of lies and 
misinformation against it in the wake of the 
organization's support of the Goldstone report",haaretz.com,http://www.haaretz.com/hasen/spages/1128141.html
2009-11-16,03:46:00,a4njp,22,"Order Out of Chaos: CIA, Blackwater Responsible for Bombings, Assassinations in Pakistan",infowars.com,http://www.infowars.com/order-out-of-chaos-cia-blackwater-responsible-for-bombings-assassinations-in-pakistan/
2009-11-15,18:39:43,a4k57,18,Surreal drama of Zambia 'porn' trial,news.bbc.co.uk,http://news.bbc.co.uk/1/hi/programmes/from_our_own_correspondent/8358936.stm
2009-11-15,13:40:11,a4iqi,14,"If you are an Israeli citizen and you beat up a Palestinian, even kill him or her, there’s a 90 percent chance you will get away with it.",ilanpappe.com,http://ilanpappe.com/?p=81#more-81
2009-11-15,20:36:21,a4ko1,16,"Film ""Sugar Babies"" takes on ""Big Sugar"" in Dominican Republic and in Florida, ignored by the mainstream media",eyeonmiami.blogspot.com,http://eyeonmiami.blogspot.com/2009/11/taking-on-big-sugar-in-dominican.html
2009-11-15,09:46:36,a4hgk,12,"Now that Silvio Berlusconi has been convicted by an Italian court, he's trying to constrain the country's judicial system. ",economist.com,http://www.economist.com/world/europe/displayStory.cfm?story_id=14885947&source=features_box_main
2009-11-15,21:04:12,a4ksl,13,Iran urges Russia to fulfill S-300 missile supply contract,inteldaily.com,http://www.inteldaily.com/news/178/ARTICLE/12658/2009-11-13.html
2009-11-15,22:14:40,a4l7j,5,"The British National Party will be joined in the European parliament
by far-right parties from across the continent. But how much support
are fascists and racists really picking up? Tom Walker investigates.",redpepper.org.uk,http://www.redpepper.org.uk/Europe-s-far-right-rises
2009-11-16,07:57:34,a4p9l,4,China-India tensions rising,search.japantimes.co.jp,http://search.japantimes.co.jp/rss/eo20091114bc.html?utm_source=feedburner&utm_medium=feed&utm_campaign=Feed%3A+japantimes_news+%28The+Japan+Times+Headline+News+-+News+%26+Business%29
2009-11-16,01:54:22,a4msa,4,"CIA: Pakistani spy agency pays off: 
Hundreds of millions go to the ISI, despite fears of corruption.",latimes.com,"http://www.latimes.com/news/nationworld/world/la-fg-cia-pakistan15-2009nov15,0,4066853.story"
2009-11-15,15:23:08,a4j9p,2,I was wondering the other day why I was so mad about Israel and Palestine. The shit we are doing in Iraq and Afghanistan is worse. Is our anger misplaced? Are they just holding a mirror and we don’t like what we see?,self.worldnews,https://www.reddit.com/r/worldnews/comments/a4j9p/i_was_wondering_the_other_day_why_i_was_so_mad/
2009-11-15,18:47:53,a4k68,4,APEC leaders drop climate target -- Copenhagen conference now pointless,news.bbc.co.uk,http://news.bbc.co.uk/2/hi/asia-pacific/8360982.stm
2009-11-15,14:56:03,a4j47,5,US active role in the Yemen war,allheadlinenews.com,"http://www.allheadlinenews.com/articles/7016967048?Yemen,%20U.S.%20Sign%20Military%20Cooperation%20Pact"
2009-11-15,16:00:39,a4jh2,3,Kosovo's Serbs turn their anger on 'betrayal' of minority status. First elections since independence in 2008 will be all-Albanian affair as Belgrade's abandoned followers boycott polls.,guardian.co.uk,http://www.guardian.co.uk/world/2009/nov/15/kosovo-serbs-boycott-election
2009-11-15,20:26:40,a4kmu,3,"Kosovo local elections offer hope - Some Serbs have decided to run, and vote, despite Belgrade's protests.",globalpost.com,http://www.globalpost.com/dispatch/europe/091113/kosovos-local-elections-offer-hope-serb-albanian-reconciliation
2009-11-15,13:59:34,a4its,4,"I was in the tub, and I had my back turned, and somebody raped me while I was in the water",npr.org,http://www.npr.org/templates/story/story.php?storyId=99913807
2009-11-15,20:28:55,a4kn6,3,"Gordon Brown is to offer a formal apology for the UK's role in sending tens of thousands of children to a new life in Commonwealth countries during the 20th century, many without the consent of their families.",guardian.co.uk,http://www.guardian.co.uk/society/2009/nov/15/apology-child-migrants-gordon-brown
2009-11-15,22:51:14,a4lfr,3,700 French troops launch eastern Afghan offensive,rr.com,http://www.rr.com/news/topic/article/rr/9000/9475636/French_troops_launch_eastern_Afghan_offensive
2009-11-16,06:38:50,a4oqg,2,"""Nato braced for attack as President Hamid Karzai is sworn in""",timesonline.co.uk,http://www.timesonline.co.uk/tol/news/world/Afghanistan/article6917238.ece
2009-11-15,11:55:53,a4i7h,2,"The trial of a news editor in Zambia, accused of distributing obscene material, is coming to an end. The material is nothing but photos of a woman giving birth without medical help.",news.bbc.co.uk,http://news.bbc.co.uk/2/hi/programmes/from_our_own_correspondent/8358936.stm
2009-11-15,11:34:11,a4i2i,2,Israeli Arab kids are forced to learn misspelled Arabic words by Israeli authorities (4000 deliberate misspellings in few books),translate.google.co.uk,http://translate.google.co.uk/translate?js=y&prev=_t&hl=en&ie=UTF-8&u=http%3A%2F%2Fwww.al-akhbar.com%2Far%2Fnode%2F165628&sl=ar&tl=en&history_state0=
2009-11-15,22:02:14,a4l4m,1,"In Australia you can go to jail for 
donating money to the 1.5 million 
starving Palestinians on in Gaza Strip ",onlineopinion.com.au,http://www.onlineopinion.com.au/view.asp?article=8355
2009-11-15,15:22:14,a4j9e,1,Sierra Leone's crises have global reach ,latimes.com,"http://www.latimes.com/news/nation-and-world/la-fg-africa-health15-2009nov15,0,7312563.story"
