2009-09-24,01:28:38,9nd1v,442,"Honduras: curfew extended to 50 hours. power, water, food cut to Brazillian Embassy(act of war!) Barrios barracaded, police evicted. the **** has hit the fan...",uruknet.de,http://www.uruknet.de/?s1=1&p=58200&s2=23
2009-09-25,02:28:55,9nqiu,431,"Leonard Cohen plays a concert in Israel; comes under fire for breaking a boycott over Israel's latest invasion of Gaza. In response, Cohen offers to play the West Bank and donate the proceeds to Israeli-Palestinian peace organizations.",abcnews.go.com,http://abcnews.go.com/Entertainment/wireStory?id=8663232
2009-09-24,14:59:12,9nk76,210,"Canada walks out on Ahmadinejad's UN speech: PM Stephen Harper says Ahmadinejad's ""absolutely repugnant remarks"" about the Holocaust are reason enough for Canadian officials to boycott the Iranian president's address",cbc.ca,http://www.cbc.ca/world/story/2009/09/23/harper-iran.html
2009-09-24,13:43:44,9njnd,197,"He tore up a copy of the UN charter.. accused the security council of being an al-Qaida like terrorist body, called for George Bush and Tony Blair to be put on trial for the Iraq war.",guardian.co.uk,http://www.guardian.co.uk/world/2009/sep/23/gaddafi-un-speech
2009-09-24,22:44:24,9nnyv,160,"FBI holds records of 1.5billion people worldwide. How this was mined and is kept is secret, and there is no input from privacy and civil liberty groups. This contravenes several EU laws. ",computerweekly.com,http://www.computerweekly.com/Articles/2009/09/24/237851/fbi-database-holds-records-on-1.5-billion-people.htm
2009-09-24,06:39:36,9ngcy,118,Busted spy ring in Lebanon was Israel’s top network in the Arab world,intelligencenews.wordpress.com,http://intelligencenews.wordpress.com/2009/09/23/01-250/
2009-09-24,20:21:13,9nmmx,99,"Shining a light on Israeli aggression in Gaza. ""Now, no less an authority than Richard Goldstone, former chief prosecutor with the war crimes tribunals for Yugoslavia and Rwanda, says that the ... Israeli onslaught ... amounted to 'war crimes and possibly ... crimes against humanity.'""",thestar.com,http://www.thestar.com/article/697997
2009-09-24,11:50:51,9nira,48,What special relationship? Obama turns down Gordon Brown's request for a meeting - five times.,guardian.co.uk,http://www.guardian.co.uk/politics/2009/sep/23/barack-obama-gordon-brown-talks
2009-09-25,03:21:25,9nr15,45,Head for the hills! The Flu is coming!,google.org,http://www.google.org/flutrends/intl/en_us/?
2009-09-24,08:44:43,9nhe3,36,the small acts of personal viciousness and humiliation make up the practice of domination in an occupied land,bagnewsnotes.com,http://www.bagnewsnotes.com/2009/09/the-practice-of-domination-in-everyday-life.html
2009-09-25,06:57:22,9nt8n,31,One step closer to the apocalypse? Hipsters are wearing fake glasses to look smart and get jobs,canada.com,http://www.canada.com/Lensless+eyeglasses+provide+geek+chic+personality/2029321/story.html
2009-09-24,12:26:30,9nj1s,24,"Remember the freighter Arctic Sea, allegedly hijacked in the Baltic? Russia still claims that's what happened, but the truth looks much more murky...",guardian.co.uk,http://www.guardian.co.uk/world/2009/sep/24/arctic-sea-russia-pirates
2009-09-24,13:07:57,9njdm,17,"Water discovered on the moon, which moon is the 
question. News.com.au fails at recognising Earth's 
moon.",news.com.au,"http://www.news.com.au/technology/story/0,28348,26118613-5014239,00.html"
2009-09-24,15:01:47,9nk7x,16,Three sentenced to hang for murder of an African 'ghost': Landmark court ruling in Tanzania offers protection for albinos threatened by trade in 'magical' body parts,independent.co.uk,http://www.independent.co.uk/news/world/africa/three-sentenced-to-hang-for-murder-of-an-african-ghost-1792295.html
2009-09-25,04:11:23,9nrku,18,"Honduras: Hospital Escuela states a thousand people coming in, with bullet wounds, cigarette burns from torture. Barricades in many Tegucigalpa neighborhoods. Some settlements of country not even army able to enter.",revleft.com,http://www.revleft.com/vb/showpost.php?p=1554256&postcount=16
2009-09-25,07:00:41,9nt9z,14,"It's been 89 days since Manuel Zelaya was booted from power. He's sleeping on chairs, and he claims his throat is sore from toxic gases and ""Israeli mercenaries'' are torturing him with high-frequency radiation.",miamiherald.com,http://www.miamiherald.com/honduras/v-fullstory/story/1248828.html
2009-09-24,22:37:31,9nnvn,14,Honda shows small light 'personal mobility' device... Not to be confused with a unicycle.,news.yahoo.com,http://news.yahoo.com/s/ap/20090924/ap_on_bi_ge/as_japan_honda
2009-09-25,07:05:00,9ntbk,12,"War is just a racket. A racket is best described, I believe, as something that is not what it seems to the majority of people. Only a small inside group knows what it is about. It is conducted for the benefit of the very few at the expense of the masses. - Smedley Butler",fas.org,http://www.fas.org/man/smedley.htm
2009-09-25,06:05:09,9nsqm,10,Spoiling Manuel Zelaya's homecoming: The US should not stand by while the coup government in Honduras brutally cracks down on Manuel Zelaya's supporters.,guardian.co.uk,http://www.guardian.co.uk/commentisfree/cifamerica/2009/sep/22/manuel-zelaya-honduras-coup-obama
2009-09-25,01:23:12,9nps7,7,Pro-life club tests U of C resolve with renewed campaign,calgaryherald.com,http://www.calgaryherald.com/news/Life+club+tests+resolve+with+renewed+campaign/2026389/story.html
2009-09-24,22:18:00,9nnn8,4,Spain contest bans Israeli academic team affiliated with college located in an Israeli settlement in the Palestinian territories.,haaretz.com,http://www.haaretz.com/hasen/spages/1116733.html
2009-09-25,05:11:27,9ns6q,6,"20,000 in Guinea demo against coup leader",rawstory.com,http://rawstory.com/news/afp/20_000_in_Guinea_demo_against_coup__09242009.html
2009-09-25,05:19:34,9ns9r,2,Cardinal Zen calls on China to release imprisoned bishops on its 60th anniversary,asianews.it,http://www.asianews.it/index.php?l=en&art=16410&size=A
2009-09-24,22:31:45,9nnt3,2,"Being a British PM in America must be a bit like being the oldest wife of a wealthy Muslim. You've been around a long time. You know that hubby is interested in other, younger girls: they're prettier, they make him feel good, some of them have got bigger GDPs.",guardian.co.uk,http://www.guardian.co.uk/politics/blog/2009/sep/24/brown-obama-snub-michael-white
2009-09-24,19:06:06,9nm2g,0,"""Israeli embassy says boycott will harm 'Jew and Arab alike' and calls for TUC to 'hang its head in shame'"" (Aww, it makes you want to feel sympathy for the ethnic cleansing war criminals, doesn't it?!)",guardian.co.uk,http://www.guardian.co.uk/politics/2009/sep/17/tuc-back-boycott-israel-goods
2009-09-25,04:22:29,9nrp4,2,"Mr. Stiller works as a Grillwalker, a one-man mobile sausage-cooking machine.",nytimes.com,http://www.nytimes.com/2009/09/24/world/europe/24bratwurst.html?em
2009-09-25,07:05:35,9ntbn,2,UK Expenses mole angry over Army kit,news.bbc.co.uk,http://news.bbc.co.uk/1/hi/uk_politics/8274041.stm
2009-09-25,03:52:19,9nrd3,1,Development: soaring birth rate threatens anti-poverty goals,allbusiness.com,http://www.allbusiness.com/print/12669051-1-22eeq.html
2009-09-25,05:01:49,9ns3l,1,"Aggressive push for baby formula in Vietnam: Companies may be stretching, breaking laws to promote breastfeeding",msnbc.msn.com,http://www.msnbc.msn.com/id/32899377/ns/health-kids_and_parenting/
2009-09-24,20:33:41,9nmqj,1,India sitting on a population growth volcano: Azad,indiaenews.com,http://www.indiaenews.com/politics/20090724/210180.htm
