2009-09-22,05:28:29,9mq45,1140,"On November 18, 1992, more than 1,600 scientists, including 104 Nobel laureates, from around the world endorsed a warning. Here's what they said.
",www-formal.stanford.edu,http://www-formal.stanford.edu/jmc/progress/ucs-statement.txt
2009-09-22,21:06:03,9mx9i,643,"A new report says investing in girls is one of the best ways to end poverty, because women who are educated are likely to reinvest up to 90 per cent of their income in their family.",abc.net.au,http://www.abc.net.au/news/stories/2009/09/22/2693490.htm
2009-09-22,03:07:40,9mopb,414,"In dead of night, U.S. flew 24 nuclear bombs' worth of uranium out of Kazakhstan",washingtonpost.com,http://www.washingtonpost.com/wp-dyn/content/article/2009/09/20/AR2009092002881_pf.html
2009-09-23,00:50:38,9mzlp,35,Gang-rape killer of lesbian footballer gets life. 'Corrective rape' in South Africa.,guardian.co.uk,http://www.guardian.co.uk/world/2009/sep/22/gang-rape-killer-lesbian-footballer
2009-09-23,04:00:54,9n1u1,25,As if going on a plane isn't a crappy experience already.....,dailymail.co.uk,http://www.dailymail.co.uk/news/article-1215081/Packed-like-sardines-New-aircraft-design-plans-seat-passengers-face-face.html?ITO=1490
2009-09-23,04:42:13,9n298,23,"Thanks to the BBC, the missile defense debate can be greatly simplified. Here's what former President George W. Bush proposed and what the insane neoconservatives are hyperventilating over...",crooksandliars.com,http://crooksandliars.com/cernigapnimaachuda/missile-defense-debate-maps
2009-09-22,22:56:47,9myaj,23,Police in Honduras break up protests caused by the return of Zelaya,news.bbc.co.uk,http://news.bbc.co.uk/2/hi/americas/8269073.stm
2009-09-23,05:46:34,9n2wv,13,"Police raid house in drug bust, see that the resident has a wii, then... drop everything and play wii bowling for hours on end.[vid]",huffingtonpost.com,http://www.huffingtonpost.com/2009/09/22/police-play-wii-bowling-d_n_294405.html
2009-09-22,15:58:34,9mv0d,13,How Israel silenced its Gaza war protesters,haaretz.com,http://www.haaretz.com/hasen/spages/1116114.html
2009-09-23,01:24:20,9mzyp,9,Australian Quadriplegic dies after winning right to starve,rawstory.com,http://rawstory.com/news/afp/Quadriplegic_dies_after_winning_rig_09212009.html
2009-09-22,18:08:46,9mvxy,8,"French riot police have evacuated at least 150 Afghan boys and men from the ""jungle"", a makeshift migrant camp on the Channel coast.",abc.net.au,http://www.abc.net.au/news/stories/2009/09/22/2693413.htm?section=justin
2009-09-22,18:49:32,9mw9l,6,"100 cops outside, 100 cops inside, 100 or so bouncers, 3 bulletproof cars, and a chopper to guard her. Well fuck you Julia Roberts you aint Obama so stop the showoff bitch",timesofindia.indiatimes.com,http://timesofindia.indiatimes.com/entertainment/hollywood/news-interviews/350-men-guard-Julia-Roberts/articleshow/5038787.cms
2009-09-22,10:03:06,9ms9v,7,The death of the greatest human being who ever lived,theglobeandmail.com,http://www.theglobeandmail.com/blogs/andrew-steele/the-greatest-human-is-dead/article1293395/
2009-09-23,03:36:57,9n1j2,6,Obama in three-way talks with Israel and Palestine leaders,english.aljazeera.net,http://english.aljazeera.net/news/americas/2009/09/2009922161318347929.html
2009-09-23,00:49:40,9mzlc,4,"Fearing persecution and violence, Jamaica's gays worship in secret churches",globalpost.com,"http://www.globalpost.com/dispatch/the-americas/090921/jamaica%E2%80%99s-underground-gay-church?page=0,0"
2009-09-22,23:20:12,9myjf,3,"Torture techniques used on suspected terrorists by the Bush administration may have failed to get to the truth, researchers say.",news.bbc.co.uk,http://news.bbc.co.uk/1/hi/health/8267633.stm
2009-09-23,05:55:34,9n305,4,Besieged Zelaya surrounded by Honduran soldiers,rawstory.com,http://rawstory.com/news/afp/Besieged_Zelaya_surrounded_by_Hondu_09222009.html
2009-09-22,08:25:15,9mrkb,2,Teacher jailed for sex with pupil --- Would the female teacher have been jailed if the sex had been with a boy?,news.bbc.co.uk,http://news.bbc.co.uk/2/hi/uk_news/england/london/8266780.stm
2009-09-23,03:11:14,9n17k,0,MI6 to train Gadhafi's guards - Libyan strongman claims he's target for al-Qaida,wnd.com,http://www.wnd.com/index.php?fa=PAGE.view&pageId=110603
2009-09-22,19:22:11,9mwij,1,The Federal Opposition is refusing to support legislation that could protect two young Kenyan women who fear they will be mutilated if they are deported from Australia.,abc.net.au,http://www.abc.net.au/news/stories/2009/09/22/2693487.htm
2009-09-23,05:41:47,9n2vg,0,New mystery surrounds Arctic Sea's destination,rawstory.com,http://rawstory.com/news/afp/New_mystery_surrounds_Arctic_Sea_s__09222009.html
2009-09-23,04:58:10,9n2f8,0,Human Rights Watch analyst revealed to be a collector of Nazi memorabilia,nytimes.com,http://www.nytimes.com/2009/09/15/world/middleeast/15nazi.html?_r=2&ref=global-home
2009-09-23,00:32:22,9mzea,1,http://www.dawn.com/wps/wcm/connect/dawn-content-library/dawn/news/pakistan/14-bagram-and-the-fine-print-zj-04,dawn.com,http://www.dawn.com/wps/wcm/connect/dawn-content-library/dawn/news/pakistan/14-bagram-and-the-fine-print-zj-04
2009-09-22,20:02:17,9mws5,0,"UK Scared to show true cost of NHS mess ups, and refuse to release costing report til after the election. Running scared?",computerweekly.com,http://www.computerweekly.com/Articles/2009/09/22/237790/ministers-withhold-draft-report-on-nhs-it-scheme.htmU
2009-09-23,05:25:13,9n2oy,0,"""Suspect Arrested In Relation To FarmVille Murders"" sounds like an Onion headline... but is not.",thaindian.com,http://www.thaindian.com/newsportal/world/suspect-arrested-in-relation-to-farmville-murders_100249947.html
2009-09-22,10:01:28,9ms9a,1,U.S. sees hand of elite Iranian unit in Afghanistan,reuters.com,http://www.reuters.com/article/GCA-Afghanistan-Pakistan/idUSTRE58K43V20090921
2009-09-23,07:56:14,9n41q,0,Aww... poor babies. Don't the U.S. health insurers have your sympathies?,canada.com,http://www.canada.com/news/world/health+insurers+they+face/2021206/story.html
2009-09-22,08:08:49,9mrgb,1,Israel: Russia misunderstood assurances from President Peres that his nation would not attack Iran,news.antiwar.com,http://news.antiwar.com/2009/09/21/israeli-officials-insist-medvedev-misunderstood-still-mull-iran-attacks/
2009-09-23,06:08:54,9n35b,0,Justine Henin comes out of retirement!!!,tennisaddiction.blogspot.com,http://tennisaddiction.blogspot.com
2009-09-23,04:42:10,9n295,0,Chinese president says to further integrate actions on climate change into economic development,news.xinhuanet.com,http://news.xinhuanet.com/english/2009-09/22/content_12098835.htm
