2009-04-19,13:19:43,8dlws,39,Taliban execute couple for 'illicit relationship',ibnlive.in.com,http://ibnlive.in.com/news/taliban-execute-couple-for-illicit-relationship/90550-2.html?from=rssfeed
2009-04-19,13:30:57,8dly9,19,Head of Independent Police Board Slams G20 Police Violence and Dishonesty,guardian.co.uk,http://www.guardian.co.uk/politics/2009/apr/19/ipcc-police-g20-protests
2009-04-20,04:01:37,8dphz,18,Iranian President Mahmoud Ahmadinejad urges full defense for US reporter,google.com,http://www.google.com/hostednews/ap/article/ALeqM5iCJY4lE5kHBHPnISEZo0LopbpHPgD97LMV1O0
2009-04-19,23:16:43,8do0l,18,Pirate Party Swells After Spectrial Verdict,escapistmagazine.com,http://www.escapistmagazine.com/news/view/91055-Pirate-Party-Swells-After-Spectrial-Verdict
2009-04-19,14:24:46,8dm53,16,Jackie Chan: Chinese people need to be controlled,news.yahoo.com,http://news.yahoo.com/s/ap/20090418/ap_en_mo/as_china_people_jackie_chan
2009-04-20,06:57:39,8dqf6,13,11-year-old girl dies after being punished by teacher,thoughtsunloaded.wordpress.com,http://thoughtsunloaded.wordpress.com/2009/04/19/11-year-old-girl-dies-after-being-punished-by-teacher/
2009-04-20,02:20:57,8dozw,8, Schools turn to bouncers for 'crowd control' during absent teachers' lessons,guardian.co.uk,http://www.guardian.co.uk/education/2009/apr/12/school-behaviour-bouncers-discipline
2009-04-19,05:03:12,8djtx,10,"Could someone explain to me why so many Americans hate Hugo Chavez so much? He might be a bit pompous and have a slight authoritarian streak, but he's a truly democratically elected leader who honestly seems to care about his people.",self.worldnews,https://www.reddit.com/r/worldnews/comments/8djtx/could_someone_explain_to_me_why_so_many_americans/
2009-04-20,05:37:05,8dq1b,10,Headlines Africa - Dig 'may reveal' Cleopatra's tomb,headlinesafrica.com,"http://headlinesafrica.com/component/option,com_seyret/Itemid,0/task,videodirectlink/id,1170/"
2009-04-20,00:39:14,8dog2,9,Tamil civilians slaughtered as army shells 'no-fire zone',guardian.co.uk,http://www.guardian.co.uk/world/2009/apr/19/tamil-tigers-sri-lanka
2009-04-19,20:07:30,8dnay,8,"""Cut aid to Africa"" - Dead Aid, By Dambisa Moyo",independent.co.uk,http://www.independent.co.uk/arts-entertainment/books/reviews/dead-aid-by-dambisa-moyo-1519875.html
2009-04-19,22:00:11,8dnop,8,Palestinians mourn demonstrator's death,crimesofman.com,http://www.crimesofman.com/2009/04/palestinians-mourn-demonstrators-death.html
2009-04-20,06:00:35,8dq5d,10,UAE arrests suspect in Lebanon's Hariri murder,reuters.com,http://www.reuters.com/article/worldNews/idUSTRE53I1A020090419?feedType=RSS&feedName=worldNews
2009-04-19,16:04:02,8dmif,9,5 Ways People Are Trying to Save the World (That Don't Work),cracked.com,http://www.cracked.com/article_17084_5-ways-people-are-trying-save-world-that-dont-work.html
2009-04-20,01:06:08,8dokw,7,"Palestinians waiting, waiting for a solution, while Israel continues to talk peace while waging war. Are they waiting for Godot?",tpmcafe.talkingpointsmemo.com,http://tpmcafe.talkingpointsmemo.com/2009/04/18/bouncer_in_jerusalem_1/
2009-04-19,19:45:20,8dn8e,7,Chavez 'to restore US ambassador',news.bbc.co.uk,http://news.bbc.co.uk/1/hi/world/americas/8006135.stm
2009-04-20,04:56:09,8dpsh,6,IMF warns over parallels to Great Depression,telegraph.co.uk,http://www.telegraph.co.uk/finance/financetopics/recession/5166956/IMF-warns-over-parallels-to-Great-Depression.html
2009-04-20,01:40:28,8dos2,6,Iran breaks agreement to stop shelling Kurds,ekklesia.co.uk,http://www.ekklesia.co.uk/node/9273
2009-04-20,05:49:23,8dq3a,4,Gunmen kidnap two foreign aid workers in Somalia,alertnet.org,http://www.alertnet.org/thenews/newsdesk/LJ035221.htm
2009-04-19,20:53:29,8dngx,5,"Solution to global financial crisis, Tasmania's wombat poo",news.bbc.co.uk,http://news.bbc.co.uk/1/hi/world/asia-pacific/8006042.stm
2009-04-19,10:10:00,8dl79,3,`Capitalism is putting an end to humanity and the planet' -- ALBA countries' document for the 5th Summit of the Americas,links.org.au,http://links.org.au/node/1000
2009-04-19,22:43:59,8dnvd,3,British MI5 Seeks a Real 'Q',naturalplane.blogspot.com,http://naturalplane.blogspot.com/2009/04/british-mi5-seeks-real-q.html
2009-04-19,23:15:25,8do0a,5,Fifty Years of Terror: ETA Timeline,uk.reuters.com,http://uk.reuters.com/article/topNews/idUKTRE53I0P620090419?pageNumber=2&virtualBrandChannel=0
2009-04-20,00:43:27,8dogq,2,"8 basic instructions for owners of Internet Cafes in Saudi Arabia (including censorship, secret cameras)",anhri.net,http://www.anhri.net/en/reports/2009/pr0419.shtml
2009-04-20,01:51:07,8dotr,3,"History of Staged Terrorism - ""The trails lead back into the 1950s - NATO is still blocking the facts.""",911video.de,http://www.911video.de/news/170409/gladio.htm
2009-04-20,02:01:58,8dovt,2,New pirate attack thwarted in Gulf of Aden,edition.cnn.com,http://edition.cnn.com/2009/WORLD/africa/04/19/pirate.attack.foiled/
2009-04-19,15:51:59,8dmgw,2,"Public Skeptical That SF Woman Killed, Raped Girl",news.yahoo.com,http://news.yahoo.com/s/ap/20090418/ap_on_re_us/girl_in_suitcase
2009-04-20,07:20:11,8dqjk,0,"Germany joins the ranks of Canada, Israel, Italy, the United States, Australia, Sweden and The Netherlands who will not attend the free-for-all Israel hate fest.",israelnationalnews.com,http://www.israelnationalnews.com/News/News.aspx/130926
2009-04-20,06:26:50,8dq9m,0,The Fascist Threat in Israel,exceptionmag.com,http://exceptionmag.com/world/middle-east/000727/fascist-threat-israel
2009-04-20,07:21:39,8dqju,0,Denver begins recovery from major spring storm that canceled flights at Denver International Airport and closed schools and interstate highways.,examiner.com,http://www.examiner.com/x-219-Denver-Weather-Examiner~y2009m4d19-Denver-begins-recovery-from-major-spring-storm
