2009-12-11,18:25:59,adj1t,525,"Israeli minister has announced there will be 10,000 new settlers in the occupied West Bank over the next 10 months",google.com,http://www.google.com/hostednews/afp/article/ALeqM5jiEgRx9RWrsYvUNY1Fk1pO99cvVw
2009-12-11,23:49:04,admaw,398,Official: The remains of Adolf Hitler were burned in 1970 by Soviet KGB agents and thrown into a river in Germany,cnn.com,http://www.cnn.com/2009/WORLD/europe/12/11/russia.hitler.remains/
2009-12-11,01:30:14,ad9m3,291,A man who was jailed for rape after going to the aid of a drunken teenager in Edinburgh has been declared a victim of a miscarriage of justice,news.bbc.co.uk,http://news.bbc.co.uk/1/hi/scotland/edinburgh_and_east/8406437.stm
2009-12-11,19:23:34,adjk0,112,Jewish settlers are suspected of being behind an attack on a mosque in the north of the occupied West Bank.,news.bbc.co.uk,http://news.bbc.co.uk/2/hi/middle_east/8407832.stm
2009-12-11,11:04:58,adf2t,77,"Uganda just doesn't understand human rights: ""This 
whole concept of human rights grates my nerves. It 
has made people un-african, mean and self-
centered. One can now shamelessly stand up and 
tell you: ""I do as I please. You have no business in 
my affairs.""",allafrica.com,http://allafrica.com/stories/200911270311.html
2009-12-11,21:30:43,adkoo,71, Argentina might become the first Latin American country to legalize gay marriage,globalpost.com,http://www.globalpost.com/dispatch/argentina/091209/gay-marriage
2009-12-11,09:26:57,ade8b,64,UK food labels are set to distinguish between goods from Palestinians in the occupied territories and produce from Israeli settlements,news.bbc.co.uk,http://news.bbc.co.uk/2/hi/uk_news/8407289.stm
2009-12-12,02:34:55,adofo,48,From snapshot to Special Branch: how my camera made me a terror suspect,guardian.co.uk,http://www.guardian.co.uk/uk/2009/dec/11/snapshot-special-branch-terror-suspect
2009-12-11,17:09:12,adied,40,"Furious over a confiscatory currency ""reform,"" citizens of the world's most repressive state have begun publicly criticizing their government",forbes.com,http://www.forbes.com/2009/12/09/north-korea-obama-climate-opinions-columnists-claudia-rosett.html
2009-12-11,09:17:36,ade60,41,"Congolese government soldiers, who had been supplied with ammunition and food by United Nations peacekeepers, killed hundreds of civilians, gang-raped girls and even cut the heads off some young men.",nytimes.com,http://www.nytimes.com/2009/12/10/world/africa/10congo.html?
2009-12-11,13:05:48,adg7w,40,New state in India,news.bbc.co.uk,http://news.bbc.co.uk/2/hi/south_asia/8406456.stm
2009-12-12,00:55:23,adn7h,38,"Japan's 9/11 Victims to Press for Criminal Investigation of 9/11
",noonehastodietomorrow.com,http://www.noonehastodietomorrow.com/resistance/911/1761
2009-12-11,08:30:57,addr6,29,UK and US talked of toppling Saddam in 2001,independent.co.uk,http://www.independent.co.uk/news/uk/politics/uk-and-us-talked-of-toppling-saddam-in-2001-1838192.html
2009-12-12,04:09:51,adpiv,30,Turkey's top court has closed the only pro-Kurdish party in parliament for having links to PKK Kurdish rebels. The EU had warned that banning the party would violate Kurdish rights and might jeopardize Turkey's bid for membership.,reuters.com,http://www.reuters.com/article/idUSTRE5BA3HA20091211
2009-12-11,14:27:46,adgyy,26,Dutch man reports theft of ecstasy pill collection,google.com,http://www.google.com/hostednews/ap/article/ALeqM5jg2yveyEEREp-NR6MP3x8LcssyvQD9CGLPU00
2009-12-12,04:40:34,adpuf,25,A poor boy in Africa drops out of school due to poverty. Builds a windmill at age 14. Garners international attention.,thestar.com,http://www.thestar.com/videozone/737443--william-and-the-windmill
2009-12-11,08:13:46,addma,24,Woman faces witchcraft charge in fraud case (in Canada!),network.nationalpost.com,http://network.nationalpost.com/np/blogs/toronto/archive/2009/12/10/woman-faces-witchcraft-charge-in-fraud-case.aspx
2009-12-11,19:18:43,adjij,26,Britain's libel laws under attack,nytimes.com,http://www.nytimes.com/2009/12/11/world/europe/11libel.html?_r=1&hp
2009-12-12,01:14:24,adngf,22,"US judge declares Swiss banker, lawyer fugitives, both accused of helping rich Americans evade taxes by hiding assets in Swiss banks",google.com,http://www.google.com/hostednews/ap/article/ALeqM5hLuzv32jo4_4u_B26ggTC539Z7DgD9CH6LN88
2009-12-12,04:30:59,adpr4,19,Iranian state media attempts to humiliate jailed student activist by releasing picture of him wearing a female headscarf,guardian.co.uk,http://www.guardian.co.uk/world/2009/dec/11/iran-regime-male-student-chador
2009-12-12,03:35:55,adp5c,16,Cairo is covertly constructing an underground steel barrier along the 13km-border with Gaza to cut smuggling into the Strip,irishtimes.com,http://www.irishtimes.com/newspaper/world/2009/1211/1224260512587.html
2009-12-12,01:13:02,adnfq,16,Swiss businessman has built a muslim minaret on his company building in protest of his fellow citizens’ recent referendum decision to ban minarets,turkishweekly.net,http://www.turkishweekly.net/news/93748/swiss-man-builds-minaret-to-protest-ban.html
2009-12-11,11:06:43,adf3h,14,North Korea agrees nuclear 'co-operation' with US,news.bbc.co.uk,http://news.bbc.co.uk/2/hi/asia-pacific/8407299.stm
2009-12-11,21:26:20,adkmr,14,US Marines train Afghan new police: illiterate young farmers with no formal training who had been plucked off the streets only weeks before,google.com,http://www.google.com/hostednews/ap/article/ALeqM5jcUW5GUC270iWMFslH0gKOaFZrCQD9CH1DAG0
2009-12-11,21:19:01,adkkb,11,Innocent Guantánamo Torture Victim Fouad al-Rabiah Is Released In Kuwait (But the worst part about this story is that the mainstream media has buried it.),andyworthington.co.uk,http://www.andyworthington.co.uk/2009/12/11/innocent-guantanamo-torture-victim-fouad-al-rabiah-is-released-in-kuwait/
2009-12-11,12:29:19,adfub,11,Obama DoJ Called 'An International Disgrace' For Advising Dismissal of Suit Against Torture Enabler,bradblog.com,http://www.bradblog.com/?p=7567
2009-12-12,07:08:24,adr88,9,Journalist threated by UN Police and People who don't want Climate-gate questioned.,biggovernment.com,http://biggovernment.com/2009/12/11/un-security-stops-journalists-questions-about-climategate/#more-44722
2009-12-11,19:58:05,adjug,9,"UK's new guidance on produce from illegal Israeli settlements: Food labels to indicate ""Israeli settlement produce"" or ""Palestinian produce"" in supermarkets ",commondreams.org,http://www.commondreams.org/headline/2009/12/10-8
2009-12-11,23:49:26,admaz,9,Nicolas Sarkozy has challenged Google’s plans to digitise the world’s classic books by declaring that he will not allow his country to be stripped of its literary heritage for any company’s benefit.,irishtimes.com,http://www.irishtimes.com/newspaper/world/2009/1211/1224260512560.html
2009-12-12,04:47:03,adpwr,9,"India: ""Reports of state-sponsored violence, rape, molestations and atrocities against adivasi villagers. A peaceful, democratic movement fighting for the dignity and rights of adivasis, is being branded extremist by the State in a prelude to unleashing terror on the tribal inhabitants of the area.""",indianvanguard.wordpress.com,http://indianvanguard.wordpress.com/2009/12/10/police-assault-women-factfinding-team-in-narayanapatna-orissa/
