2009-12-04,09:34:25,aavwg,1070,Ruins of Pompeii added to Google Street View,maps.google.com,"http://maps.google.com/maps?f=q&source=s_q&hl=en&geocode=&q=pompeii,+italy+ruins&sll=40.716428,14.537315&sspn=0.061672,0.132351&ie=UTF8&hq=pompeii,+italy+ruins&hnear=&ll=40.748902,14.484834&spn=0,359.991728&t=h&z=17&layer=c&cbll=40.748902,14.484834&panoid=1e-bu_kis-dL1BnVGZhDdw&cbp=12,209.48,,0,7.63"
2009-12-05,03:32:46,ab6i3,241,"A Lost European Culture, Pulled From Obscurity...older then Ancient Greece, or Egypt.",nytimes.com,http://www.nytimes.com/2009/12/01/science/01arch.html?_r=1&partner=rss&emc=rss
2009-12-05,03:36:07,ab6ji,179,"Shitstorm in Spain over proposed law to shut down sites, because of copyright infringement, without a court order.",monstersandcritics.com,http://www.monstersandcritics.com/news/europe/news/article_1517034.php/Row-in-Spain-over-internet-and-copyright
2009-12-05,00:15:23,ab447,63,"UK closes X Files-style unit: ""No UFO report has revealed any evidence of a potential threat, resources are focused on the top priority - the frontline in Afghanistan""",google.com,http://www.google.com/hostednews/ukpress/article/ALeqM5hBWaLoPauKnt4iXcGeUTqWL-46Ew
2009-12-04,08:16:21,aavgh,66,Israel last week: We'll freeze settlement expansion. Israel today: Let's build 84 more housing units.,world.brunei.fm,http://world.brunei.fm/2009/12/03/israeli-government-approves-construction-of-84-housing-units-in-west-bank/
2009-12-04,23:12:57,ab3ac,41,Iranian Crackdown Goes Global,online.wsj.com,http://online.wsj.com/article/SB125978649644673331.html?mod=googlenews_wsj
2009-12-04,22:18:37,ab2n4,46,Cigarette smuggling rises in Canada,globalpost.com,http://www.globalpost.com/dispatch/canada/091201/cigarettes-smuggling
2009-12-04,22:40:20,ab2vw,42,Grim fate of injured hunter trapped in well shocks Spain,guardian.co.uk,http://www.guardian.co.uk/world/2009/dec/04/hunter-trapped-well-spain
2009-12-04,11:51:20,aax2j,39,Settler runs over a Palestinian in front of soldiers [vid],translate.google.com,http://translate.google.com/translate?u=http%3A%2F%2Fwww.aljazeera.net%2FNR%2Fexeres%2FEF76F6B8-5174-41F5-8773-6BC06414394F.htm&sl=ar&tl=en&hl=en&ie=UTF-8
2009-12-04,19:01:44,ab0uc,32,Thug who stabbed a man five times awarded more compensation than his victim was offered.,belfasttelegraph.co.uk,http://www.belfasttelegraph.co.uk/news/local-national/thug-who-stabbed-a-man-five-times-awarded-more-compensation-than-his-victim-was-offered-14587020.html
2009-12-05,06:58:37,ab8g8,24,Explosion in Russian nightclub 'kills scores',news.bbc.co.uk,http://news.bbc.co.uk/2/hi/europe/8396587.stm
2009-12-05,01:06:56,ab4rg,17,"UFO investigations unit closed by Ministry of Defence - In over 50 years, no UFO report has revealed any evidence of a potential threat to the United Kingdom",news.bbc.co.uk,http://news.bbc.co.uk/2/hi/uk_news/8395473.stm
2009-12-04,21:58:02,ab2gd,18,Copenhagen Conference: Prostitutes Offer Free Climate Summit Sex,spiegel.de,"http://www.spiegel.de/international/zeitgeist/0,1518,665182,00.html"
2009-12-04,12:31:50,aaxev,16,Mexico City police freed 107 people who were forced to work under slave-like conditions in a clandestine factory making shopping bags and clothing clasps,mail.com,http://www.mail.com/Article.aspx/world/latinamerica/APNews/LatinAmerica/20091204/U_LT-Mexico-Forced-Labor?pageid=1
2009-12-05,01:16:07,ab4vo,16,Pakistani suicide bombers kill at least 37 inside mosque  ,latimes.com,"http://www.latimes.com/news/nation-and-world/la-fg-pakistan-mosque5-2009dec05,0,2159425.story"
2009-12-04,12:37:33,aaxgr,12,'Cavemen' brothers inherit a share of a £4 billion fortune.,ananova.com,http://www.ananova.com/news/story/sm_3584037.html
2009-12-05,07:16:29,ab8l6,14,Amanda Knox Found Guilty,cnn.com,http://www.cnn.com/2009/CRIME/12/04/italy.knox.trial/index.html
2009-12-04,19:10:45,ab0xh,12,"Jews back Muslims on minaret ban... Please, Swiss people you must keep banning all Jew and Islamic things and peace will be achieved!",jpost.com,http://www.jpost.com/servlet/Satellite?cid=1259831455845&pagename=JPost%2FJPArticle%2FShowFull
2009-12-04,16:32:45,aazmp,12,"The kilometre-high skyscraper, the underwater hotel, the cloud on stilts: The Dubai architecture you couldn't make up.
",guardian.co.uk,http://www.guardian.co.uk/artanddesign/2009/dec/03/dubai-architecture
2009-12-04,16:06:29,aazfi,9,"Dubai's ruler writes poetry, rides horses across the desert in and hobnobs with royals like the Queen of England. Mixing extravagance with boundless ambition, he commanded the desert city-state's meteoric rise — and helped sow the seeds, some observers say, of its debt crisis.",news.yahoo.com,http://news.yahoo.com/s/ap/20091204/ap_on_re_mi_ea/ml_dubai_ambitious_ruler
2009-12-04,16:26:30,aazkx,10,Google boss Eric Schmidt: Newspaper executives looking for someone to blame,belfasttelegraph.co.uk,http://www.belfasttelegraph.co.uk/business/business-news/google-boss-eric-schmidt-newspaper-executives-looking-for-someone-to-blame-14587088.html
2009-12-05,03:38:26,ab6ke,7,"Silvio Berlusconi, Italian sex symbol, linked to mafia in court evidence ",guardian.co.uk,http://www.guardian.co.uk/world/2009/dec/04/silvio-berlusconi-linked-mafia-court
2009-12-04,11:46:45,aax0y,5,"Uganda's 'Appalling' Anti-Homosexuality Bill': UK's Gordon Brown and Canada's Stephen Harper call the legislation unacceptable, and now Sweden is adding its voice",alternet.org,http://www.alternet.org/blogs/peek/144363/sweden_cutting_aid_to_uganda_over_%27appalling%27_anti-homosexuality_bill/#more
2009-12-04,18:12:31,ab0e2,5,Mystery behind what makes a Stradivarius special continues as varnish proves unremarkable,nytimes.com,http://www.nytimes.com/2009/12/04/science/04strad.html?_r=1&ref=science
2009-12-04,10:53:11,aawjr,5,"Bhopal victims should ""move on""",theage.com.au,http://www.theage.com.au/opinion/society-and-culture/bhopal-activists-should-call-it-a-day-and-let-the-victims-move-on-20091201-k3p0.html
2009-12-04,19:58:53,ab1c7,7,30 people have been killed and many injured in a coordinated attack at a mosque in Pakistan,newsvote.bbc.co.uk,http://newsvote.bbc.co.uk/mpapps/pagetools/print/news.bbc.co.uk/2/hi/south_asia/8394694.stm?ad=1
2009-12-04,21:26:59,ab255,7,"Osama Bin Laden ""seen in Afghanistan this year"", Pakistan was not a ""convenient"" base for militants because of the high level of US drone attacks",thefirstpost.co.uk,"http://www.thefirstpost.co.uk/56995,news-comment,news-politics,osama-bin-laden-seen-in-afghanistan-this-year"
2009-12-04,08:15:30,aavg4,6,Rice is 15 time more expensive in North Korea as devaluation is on order.,independent.co.uk,http://www.independent.co.uk/news/world/asia/north-koreans-dare-to-protest-as-devaluation-wipes-out-savings-1833156.html
2009-12-04,12:04:46,aax6o,6,Nepalese ministers are preparing to hold a cabinet meeting on Mount Everest to raise awareness of the effects of climate change.,news.bbc.co.uk,http://news.bbc.co.uk/2/hi/south_asia/8394452.stm
2009-12-05,06:32:02,ab87y,7,"""Fifth of Scots have poor literacy"" Fifth of Scotch whistles innocently.",news.bbc.co.uk,http://news.bbc.co.uk/2/hi/uk_news/scotland/8393805.stm
