2009-02-20,08:18:40,7ysj3,958,Israel at it again: They just seized 425 acres of Palestinian land to build a settlement for 2500 homes. They seriously are not interested in peace.,google.com,http://www.google.com/hostednews/ap/article/ALeqM5ioi_0jtO9RjMwPNRoXNCndRPRq3gD96CLP4O1?awr=fkl;sw
2009-02-21,00:58:44,7yyzw,208,"Ex-nun writes explosive book alleging sexual abuse of nuns, illicit affairs in an year of suicides in the Catholic Church in India",dancewithshadows.com,http://www.dancewithshadows.com/politics/amen-autobiography-of-a-nun-sister-jesme/
2009-02-21,06:07:28,7z1o2,73,"By NOT purchasing Israeli products and services, we can each help NOT keep the Israeli economy vibrant and growing.",whiteplainsforisrael.org,http://www.whiteplainsforisrael.org/
2009-02-21,01:30:55,7yzby,61,Is it a crime to take pictures?,news.bbc.co.uk,http://news.bbc.co.uk/2/hi/uk_news/7888301.stm
2009-02-21,00:44:23,7yyv5,55,Binyamin Netanyahu targets Iran after he is appointed Prime Minister,timesonline.co.uk,http://www.timesonline.co.uk/tol/news/world/middle_east/article5774240.ece
2009-02-21,01:20:48,7yz8c,48,Paranoid Britain Tops US To Become #1 Police State,infopackets.com,http://www.infopackets.com/news/government/2009/20090220_paranoid_britain_tops_us_to_become_1_police_state.htm
2009-02-20,21:48:43,7yxbh,32,What a freaking outrage - child stars of $100 million Slumdog movie still live in slums,wesay.com,http://www.wesay.com/Top_Photos/Celebs/202200945823671/1/
2009-02-20,15:41:01,7yv6x,25,Obama Reverses U.S. Position on LGBT Issues at the UN,undispatch.com,http://www.undispatch.com/node/7729
2009-02-20,11:57:40,7ytv3,15,"Massive revolt brewing- 67361 responses, 91% support  to fight the Obama $275 B mortgage bailout",cnbc.com,http://www.cnbc.com/id/29283701
2009-02-21,00:23:43,7yyo8,14,Road to riches ends for 20 million Chinese ,cnn.com,http://www.cnn.com/2009/WORLD/asiapcf/02/20/china.economy.family/index.html
2009-02-20,13:45:16,7yuj1,14,Argentina expels British bishop who denies the Holocaust,news.bbc.co.uk,http://news.bbc.co.uk/2/hi/americas/7900591.stm
2009-02-21,05:49:23,7z1jn,12,Camembert Clash: The French Cheese Wars,spiegel.de,"http://www.spiegel.de/international/europe/0,1518,609046,00.html"
2009-02-21,02:39:10,7yzzm,9,"Iran has enough fuel for a nuclear bomb, report says | LA Times (VERY misleading headline)",latimes.com,"http://www.latimes.com/news/nationworld/world/la-fg-iran-nuclear20-2009feb20,0,3140113.story"
2009-02-21,07:49:59,7z2c7,10,Vatican protests Israeli TV show,ansa.it,http://www.ansa.it/site/notizie/awnplus/english/news/2009-02-20_120331401.html
2009-02-21,05:45:08,7z1id,9,Miss Atom 2009: Russia's Nuclear Bombshells,spiegel.de,"http://www.spiegel.de/international/zeitgeist/0,1518,608703,00.html"
2009-02-20,11:17:45,7ytl6,11,"Iran Has a Third More Enriched Uranium Than Thought, Inspectors Say",nytimes.com,http://www.nytimes.com/2009/02/20/world/middleeast/20nuke.html
2009-02-20,22:32:24,7yxoh,9,US ready to up pay for Kyrgyz base,inteldaily.com,http://www.inteldaily.com/news/178/ARTICLE/9797/2009-02-20.html
2009-02-21,03:02:24,7z07d,7,Iran and Israel: Case of Nuclear Mirage and Nuclear Blindness,nazimuddin.wordpress.com,http://nazimuddin.wordpress.com/2009/02/18/nuclear-mirage-and-nuclear-blindness/
2009-02-20,12:44:57,7yu5i,8,North Korea - Still Crazy After All These Years,reuters.com,http://www.reuters.com/article/topNews/idUSTRE51I0JL20090220?feedType=RSS&feedName=topNews
2009-02-20,13:03:19,7yu91,8,Filmmakers 'using Holocaust as Oscars bait',abc.net.au,http://www.abc.net.au/news/stories/2009/02/19/2495396.htm
2009-02-20,12:18:29,7ytzq,7,Britain's government apologized Thursday for endorsing a lesson plan which asked students to think like suicide bombers.,newsday.com,"http://www.newsday.com/news/nationworld/wire/sns-ap-eu-britain-terror-lesson,0,3012925.story"
2009-02-21,05:15:00,7z1ae,7,Two Tamil Tiger planes raid on Sri Lanka's capital Colombo,iht.com,http://www.iht.com/articles/reuters/2009/02/20/asia/OUKWD-UK-SRILANKA-WAR.php
2009-02-20,18:42:47,7yw7b,8,Iranian Authorities Destroy Sufi Holy Site In Isfahan,rferl.org,http://www.rferl.org/content/Iranian_Authorities_Destroy_Holy_Sufi_Site_In_Isfahan/1495342.html
2009-02-20,22:08:29,7yxgw,5,"French, German Visits Could Herald New Era Of EU Engagement With Iraq",rferl.org,http://www.rferl.org/content/French_German_Visits_Could_Herald_New_Era_Of_EU_Engagement_With_Iraq/1496076.html
2009-02-20,15:59:09,7yvaf,4," 	US Congressmen in the Gaza Strip: ""The amount of physical destruction and the depth of human suffering here is staggering""",house.gov,http://www.house.gov/apps/list/press/wa03_baird/morenews1/GazaTrip.shtml
2009-02-20,16:49:54,7yvj4,7,UK : Muslim preacher Anjem Choudary calls for people who get drunk to be flogged ,telegraph.co.uk,http://www.telegraph.co.uk/news/newstopics/religion/4695824/Muslim-preacher-Anjem-Choudary-calls-for-people-who-get-drunk-to-be-flogged.html
2009-02-20,09:35:38,7yszr,6,Former Canadian Prime Minister Paul Martin: Give Up Your Sovereignty To Make The World Work,youtube.com,http://www.youtube.com/watch?v=xDdlY3vqmzg
2009-02-20,08:42:39,7ysnw,5,"New Yorkers to Boycott NY Post Over ""racist"" Cartoon.....",news.yahoo.com,http://news.yahoo.com/s/nm/20090219/us_nm/us_chimp_attack_cartoon
2009-02-20,09:03:41,7yssp,2,People's Weekly World - Peace-seeking Israelis search for ‘new direction’,pww.org,http://pww.org/article/articleview/14552/
2009-02-21,03:12:12,7z0ah,5,Google Earth exposes a U.S. drone base in Pakistan,timesonline.co.uk,http://www.timesonline.co.uk/tol/news/world/asia/article5762371.ece
