2009-06-08,04:31:15,8qjax,2240,Pirate Party Wins and Enters The European Parliament | Torre,torrentfreak.com,http://torrentfreak.com/pirate-party-wins-and-enters-the-european-parliament-090607/
2009-06-08,14:45:13,8qmfy,73,"From their own website: ""The BNP is an ethno-nationalist party. We do not have, and will not have, any non-white or Muslim members.""",web.archive.org,http://web.archive.org/web/20070310193246/http://www.bnp.org.uk/news_detail.php?newsId=854
2009-06-08,10:13:37,8qky1,55,"Becoming a soldier in Croatia will now give you the right to smoke marijuana - ""War veterans can smoke pot in Croatia""",translate.google.com,http://translate.google.com/translate?js=n&prev=_t&hl=en&ie=UTF-8&u=http%3A%2F%2Fwww.badische-zeitung.de%2Fnachrichten%2Fpanorama%2Fkriegsveteranen-in-kroatien-duerfen-kiffen--15785173.html&sl=de&tl=en&history_state0=
2009-06-09,06:32:47,8qu58,55,"$134.5 billion in US government securities seized from Japanese nationals, not clear whether real or fake",asianews.it,http://www.asianews.it/index.php?l=en&art=15456&size=A
2009-06-08,21:42:41,8qp3c,47,"Somali Islamists have taken to desecrating the graves of Sufi muslims, calling them idolatrous,  and now some Sufis are taking up arms against ""a foreign idealogy""",news.bbc.co.uk,http://news.bbc.co.uk/2/hi/africa/8077725.stm
2009-06-08,22:11:33,8qpbx,42,"Khmer Rouge prison chief admits his staff murdered babies by smashing them against trees at a ""killing field""",news.yahoo.com,http://news.yahoo.com/s/afp/20090608/wl_asia_afp/cambodiauntrial_20090326091510
2009-06-08,08:32:06,8qkgf,35,Hizbullah defeated in Lebanon parliamentary elections,jpost.com,http://www.jpost.com/servlet/Satellite?cid=1244371035473&pagename=JPost%2FJPArticle%2FShowFull
2009-06-08,14:03:55,8qm6u,24,American journalists sentenced to 12 years hard labor in North Korea,news.bbc.co.uk,http://news.bbc.co.uk/2/hi/in_depth/8088601.stm
2009-06-08,13:48:28,8qm2x,29,"North Korea's top court has convicted two U.S. journalists, and sentenced them to 12 years in labor prison",news.yahoo.com,http://news.yahoo.com/s/ap/20090608/ap_on_re_as/as_nkorea_journalists_held
2009-06-09,04:33:44,8qt2m,27,"Sophisticated Europeans, Obese Americans? - Are the Differences Between Europe and America Really That Large?",spiegel.de,"http://www.spiegel.de/international/europe/0,1518,628381,00.html"
2009-06-08,23:53:58,8qqak,21,How Pirates Shook European Politics,torrentfreak.com,http://torrentfreak.com/how-pirates-shook-european-politics-090608/
2009-06-09,06:25:36,8qu3b,18,North Korea bans ships off east coast amid fears of missile launch ,english.yonhapnews.co.kr,http://english.yonhapnews.co.kr/northkorea/2009/06/08/84/0401000000AEN20090608006800315F.HTML
2009-06-09,03:44:42,8qsk8,18,"China is now the world's No. 2 arms spender. Still, the U.S. is far ahead in first place with 42% of total world arms expenditures.",vancouver.24hrs.ca,http://vancouver.24hrs.ca/News/world/2009/06/08/9713321.html
2009-06-08,20:04:23,8qodh,19,UK:  Labour has suffered its worst post-war election result as it was beaten into third place by UKIP and saw the BNP gain its first seats at Brussels.,news.bbc.co.uk,http://news.bbc.co.uk/2/hi/uk_news/politics/8088133.stm
2009-06-08,22:07:29,8qpb3,10,Sweden's Pirate Party captures Euro seat,af.reuters.com,http://af.reuters.com/article/oddlyEnoughNews/idAFTRE55623320090607
2009-06-09,00:59:20,8qr09,6,Body of American mountain climber found in SW China; search continues for two other climbers,reuters.com,http://www.reuters.com/article/latestCrisis/idUSPEK37322
2009-06-08,17:16:47,8qne0,6,IDF kills 4 Gaza gunmen; Karni crossing closed to fuel and goods,ynetnews.com,"http://www.ynetnews.com/articles/0,7340,L-3727748,00.html"
2009-06-09,00:03:43,8qqeo,5,David Carradine was killed because he was investigating kung fu crime lords,uk.movies.yahoo.com,http://uk.movies.yahoo.com/08062009/5/carradine-killed-kung-fu-assassins-0.html
2009-06-09,02:05:12,8qrnr,7,Drudge Retort: 'Europe Isn't Afraid of Cleared Gitmo Detainees',watchingthewatchers.org,http://watchingthewatchers.org/article/16345/whatever-happened-american-leadership
2009-06-08,20:02:54,8qodc,7,Pirate Bay Nemesis Has Name Changed By Pranksters,torrentfreak.com,http://torrentfreak.com/pirate-bay-nemesis-has-name-changed-by-pranksters-090607/
2009-06-08,23:04:56,8qpsc,7,"Listen to the head of the BNP defending his party, really quite disgusting",news.bbc.co.uk,http://news.bbc.co.uk/1/hi/world/europe/8088501.stm
2009-06-09,00:26:41,8qqn5,6,Real IRA chief to blame for Omagh,news.bbc.co.uk,http://news.bbc.co.uk/1/hi/northern_ireland/foyle_and_west/8089674.stm
2009-06-08,13:01:04,8qltk,6,Fascism Returns to Europe (check out those uniforms),guardian.co.uk,http://www.guardian.co.uk/politics/2009/jun/07/rightwing-hungary-european-election
2009-06-08,17:36:12,8qnht,8,N. Korea Sentences 2 U.S. Journalists to 12 Years of Hard Labor ,nytimes.com,http://www.nytimes.com/2009/06/09/world/asia/09north.html?_r=1&partner=rss&emc=rss
2009-06-09,05:14:54,8qth9,6,"Not happy with the results of the election? Tinker with the election system. Changes are being proposed to the European Parliament elections that would ""bring some stability into the system"".",telegraph.co.uk,http://www.telegraph.co.uk/news/worldnews/europe/eu/5479021/European-elections-2009-EU-voting-system-could-axe-political-parties.html
2009-06-09,02:14:11,8qrqa,5,China quarantines New Orleans Mayor Nagin over flu,google.com,http://www.google.com/hostednews/ap/article/ALeqM5jrwLWQswgiVWwSBXeAnYVmYHkACwD98MJCF00
2009-06-08,21:21:44,8qoxm,5,US journalists sentenced to 12 years in labour camp,france24.com,http://www.france24.com/en/20090608-us-journalists-get-12-years-hard-labour-north-korea-laura-ling-euna-lee
2009-06-09,00:43:07,8qqu6,4,"Senior Wikipedia Figure Quits, Forged Bogus Edits",infopackets.com,http://www.infopackets.com/news/internet/2009/20090608_senior_wikipedia_figure_quits_forged_bogus_edits.htm
2009-06-08,10:02:57,8qkvt,5,"Its almost election time in Iran.  The leading candidates are accusing each other of corruption, bribery and torture. ",nytimes.com,http://www.nytimes.com/2009/06/08/world/middleeast/08iran.html?ref=global-home
2009-06-08,22:19:28,8qpe6,5,China demands new PCs sold in their country have blocking software built-in. ,thestandard.com,http://www.thestandard.com/news/2009/06/08/china-demands-new-pcs-have-web-site-blocking-program
