2009-05-06,03:49:24,8i34c,476,"Brazilian cattle ranching company wants permission from the Paraguayan government to destroy the forest where the Ayoreo-Totobiegosode Indians live, one of the last ‘uncontacted’ tribes in the world",twilightearth.com,http://www.twilightearth.com/2009/05/brazilian-cattle-ranchers-to-destroy-tribes-forest-lands/
2009-05-05,07:01:32,8htw7,246,"Pregnant woman miscarries after traffic accident that wasn't her fault. Dubai's traffic court ordered the bereaved mother to pay US$5,450 in blood money and fined her for ""unintentional homicide"".",news.bbc.co.uk,http://news.bbc.co.uk/2/hi/middle_east/8032780.stm
2009-05-05,00:48:00,8hqcq,90,"'Hero' boy, 15, saves six in fire",news.bbc.co.uk,http://news.bbc.co.uk/1/hi/wales/8032715.stm
2009-05-05,23:48:18,8i0qs,83,"""The cops told us right from the start: we know you didn't do the bombs. We've got you. That's good enough. And as far as you're concerned...you're going to jail""",guardian.co.uk,http://www.guardian.co.uk/uk/video/2009/may/05/miscarriages-of-justice
2009-05-05,12:30:57,8hvzq,77,"Tribal War - Armed with bows and arrows, Massai warriors clash with members of the Kalenjin tribe in the Kapune hill on March 1, 2008",imagedash.com,http://www.imagedash.com/uploads/bfi1241494192e.jpg
2009-05-06,01:36:30,8i1ui,27,UN report accuses Israeli military of negligence in Gaza war,guardian.co.uk,http://www.guardian.co.uk/world/2009/may/05/un-report-israel-gaza-negligence
2009-05-06,01:07:25,8i1ko,21,"Global Press Freedom Declines in Every Region for First Time, Study Shows",knightcenter.utexas.edu,http://knightcenter.utexas.edu/blog/?q=en/node/3870
2009-05-05,21:44:19,8hzjr,19,Georgian tank batallion mutanies ahead of NATO war games,uk.reuters.com,http://uk.reuters.com/article/gc07/idUKTRE54429P20090505
2009-05-05,08:39:10,8huju,14,EU accuses British ISP of invading web privacy ,youtube.com,http://www.youtube.com/watch?v=_og3aui7qj4&feature=channel_page
2009-05-06,03:33:26,8i2yi,13,Up to half a million Pakistanis living in the Swat valley could be forced flee amid fierce fighting between Taliban fighters and the military,english.aljazeera.net,http://english.aljazeera.net/news/asia/2009/05/20095513543142518.html
2009-05-05,22:37:44,8i00q,12,THE world’s biggest rabbit suddenly dropped dead — just hours before she was to star on a television show.,news42day.com,http://www.news42day.com/2009/05/world%e2%80%99s-biggest-rabbit-dies-of-stage-fright/
2009-05-05,12:43:51,8hw2p,11,"Roma Seeking Asylum in Canada: Around 250,000 Roma live in the Czech Republic. Their problems include poverty, lack of education, centuries of prejudice and, now, attacks by far-right extremists",economist.com,http://www.economist.com/world/europe/displayStory.cfm?story_id=13579124&source=hptextfeature
2009-05-05,22:47:31,8i03s,9,Israeli Air Force Prepare for Airstrike on Iran,theglobalempire.blogspot.com,http://theglobalempire.blogspot.com/2009/05/israeli-air-force-prepare-for-airstrike.html
2009-05-06,02:09:10,8i25x,9,Chinese Officials Urge More Cigarette Smoking to Boost Economy,naturalplane.blogspot.com,http://naturalplane.blogspot.com/2009/05/chinese-officials-urge-more-cigarette.html
2009-05-05,17:57:31,8hy16,8,Ferrero accused in hazelnut fraud ,news.bbc.co.uk,http://news.bbc.co.uk/2/hi/business/7926633.stm
2009-05-05,12:38:57,8hw1e,9,France Beats U.S. at Eating and Sleeping,livescience.com,http://www.livescience.com/health/090504-sleep-well.html
2009-05-06,02:56:48,8i2mb,5,"KBR Connected to the vast majority"" of suspected combat-zone fraud cases",washingtonpost.com,http://www.washingtonpost.com/wp-dyn/content/article/2009/05/04/AR2009050403283.html
2009-05-06,00:14:36,8i10l,6,"Britain Publishes Blacklist of Those Not Allowed to Visit Country, Including Michael Savage!?",news.yahoo.com,http://news.yahoo.com/s/afp/20090505/wl_uk_afp/britainimmigrationmideastrussiasexualityneonazi
2009-05-05,14:28:50,8hwpq,5,Art historians claim Van Gogh's ear 'cut off by Gauguin',guardian.co.uk,http://www.guardian.co.uk/artanddesign/2009/may/04/vincent-van-gogh-ear
2009-05-06,02:55:52,8i2lv,5,"Homosexuality An ""Unnatural Act"": says Miss Botswana",therightperspective.org,http://www.therightperspective.org/homosexuality-an-unnatural-act-miss-botswana/
2009-05-06,05:14:09,8i3x1,5,The UN chief accused Israel today of lying about attacks on United Nations schools and other facilities during the Gaza military campaign — including one reported to have killed more than 40 people — and formally demanded compensation.,theglobeandmail.com,http://www.theglobeandmail.com/servlet/story/RTGAM.20090505.wisrael05/BNStory/International/?page=rss&id=RTGAM.20090505.wisrael05
2009-05-06,06:41:16,8i4na,5,German triple-barrelled ban holds,news.bbc.co.uk,http://news.bbc.co.uk/2/hi/europe/8034662.stm
2009-05-05,21:53:45,8hzmh,5, Netanyahu says ready for peace talks right away ,reuters.com,http://www.reuters.com/article/worldNews/idUSTRE5440L020090505
2009-05-06,04:56:05,8i3qp,6,Israel blasts 'biased' UN report on Gaza war,france24.com,http://www.france24.com/en/20090505-israel-blasts-biased-un-report-gaza-war
2009-05-06,01:21:31,8i1ph,3,Wife of Kenyan PM Joins 'Sex Boycott',blog.foreignpolicy.com,http://blog.foreignpolicy.com/posts/2009/05/01/kenyan_pms_wife_joins_sex_boycott
2009-05-06,01:20:47,8i1p6,4,"""Lario’s public call for divorce followed days of drama in which she criticized Berlusconi’s “shamelessly trashy” choice to run a slate of female TV stars and models for European Parliament and accused him of cavorting with the barely-18 Noemi Letizia.""",theweek.com,http://www.theweek.com/article/index/96142/Silvio_Berlusconis_public_divorce
2009-05-06,03:55:07,8i36n,4,Travelers point to Moscow for bad food and unfriendliness,mixmysalad.blogspot.com,http://mixmysalad.blogspot.com/2009/05/travelers-point-to-moscow-for-bad-food.html
2009-05-06,01:15:13,8i1n3,5,"Hamas States Desire to be ""Part of Solution"", Reiterates Same Extremist Demands as Ever",nytimes.com,http://www.nytimes.com/2009/05/05/world/middleeast/05meshal.html?_r=1
2009-05-05,12:37:21,8hw10,3,"AIPAC conference is happening now.  Key speaker - Jane Harman.  Make of that what you will, America.",cqpolitics.com,http://www.cqpolitics.com/wmspage.cfm?parm1=1&docID=hsnews-000003108925
2009-05-06,00:14:04,8i10f,3,"A UN war crimes appeals court has ruled that an ex-Yugoslav army officer jailed for crimes at Vukovar in 1991 should serve 17, not five years",news.bbc.co.uk,http://news.bbc.co.uk/2/hi/europe/8033635.stm
