2009-10-14,06:58:54,9tq50,299,"Fingerprint unmasks new Da Vinci painting, sold for $19,000 at auction as a 19th century German work. Swedish collector used multispectral digital imaging to peer through layers of pigment, discovering a fingerprint that proved the painting is a Da Vinvi worth $160 million.",cnn.com,http://www.cnn.com/2009/WORLD/europe/10/13/da.vinci.portrait.found/index.html?eref=igoogle_cnn
2009-10-14,12:08:49,9tspm,153,NOT an Onion article: Saudis Seek Payments for Any Drop in Oil Revenue ,nytimes.com,http://www.nytimes.com/2009/10/14/business/energy-environment/14oil.html
2009-10-15,00:59:24,9tzzq,74,"Colombian hitmen reveal horror of the kill. ""People need to eat and there's a lot of hunger. We don't just want the crumbs. That's the big problem. There's a lot of idle hands around here and many people think they have a chance if they have a gun in their hand.""",cnn.com,http://www.cnn.com/2009/WORLD/americas/10/14/colombia.hitmen/index.html?iref=mpstoryview
2009-10-14,22:34:03,9ty3r,41,"Israel must end unfair jailing - Israel holds hundreds of Palestinians without trial or any way to clear their names, say two Israeli rights groups which urge an end to such detentions.",news.bbc.co.uk,http://news.bbc.co.uk/2/hi/middle_east/8306642.stm
2009-10-14,21:53:50,9txq8,41,Russia insist that it has the right to launch pre-emptive nuclear strikes,news.antiwar.com,http://news.antiwar.com/2009/10/13/russia-retains-option-of-pre-emptive-nuclear-strike/
2009-10-14,22:36:06,9ty4g,30,Mussolini was paid by MI5 to be a warmonger,news.bbc.co.uk,http://news.bbc.co.uk/2/hi/uk_news/8306475.stm
2009-10-15,04:39:57,9u2oa,29,"Restrictive abortion laws do not prevent abortion: ""The most recent data available, for 2003, show that a woman is as likely to have an abortion in regions where it is broadly legal as in regions where it is highly restricted."" [chart]",economist.com,http://www.economist.com/daily/news/displaystory.cfm?story_id=14634359
2009-10-14,21:45:18,9txn9,30,A second attempt to stop oil pouring into Australian waters after a rig accident in the Timor Sea has failed.,news.bbc.co.uk,http://news.bbc.co.uk/2/hi/asia-pacific/8306048.stm
2009-10-14,21:52:10,9txpn,26,India has rejected a demand by the Albanian government for the return of the remains of Nobel laureate Mother Teresa,news.bbc.co.uk,http://news.bbc.co.uk/2/hi/south_asia/8306423.stm
2009-10-14,19:50:06,9twm8,21,Thousands of overseas students unable to enter UK,guardian.co.uk,http://www.guardian.co.uk/global/2009/oct/14/overseas-students-fees-visas
2009-10-14,00:27:29,9tlx0,23,"Palestinians say hopes in Obama ""evaporated"" and that he ""couldn't withstand the pressure of the Zionist lobby""",google.com,http://www.google.com/hostednews/ap/article/ALeqM5ioi_0jtO9RjMwPNRoXNCndRPRq3gD9BA8HT80
2009-10-14,10:55:47,9ts34,23,Youth 'cannot live' without web,news.bbc.co.uk,http://news.bbc.co.uk/2/hi/technology/8305731.stm
2009-10-14,15:55:21,9tumq,21,Italian dictator Benito Mussolini 'was recruited by MI5' ,telegraph.co.uk,http://www.telegraph.co.uk/news/worldnews/europe/italy/6321201/Italian-dictator-Benito-Mussolini-was-recruited-by-MI5.html
2009-10-15,05:53:42,9u3fo,18,"BBC’s Former Director General:  The BBC Is Part Of A ""Conspiracy"" Preventing The ""Radical Changes"" Needed To UK Democracy  ",news.bbc.co.uk,http://news.bbc.co.uk/2/hi/uk_news/politics/8265628.stm
2009-10-15,01:26:38,9u0ck,14,Admin: Can we put a flag next to articles in the worldnews sub-reddit to show what country an article is about?,self.worldnews,https://www.reddit.com/r/worldnews/comments/9u0ck/admin_can_we_put_a_flag_next_to_articles_in_the/
2009-10-14,18:27:12,9tvwp,17,"Military Records Banner Recruiting Year, because the job market is so bad.",dvidshub.net,http://www.dvidshub.net/?script=news/news_show.php&id=40061
2009-10-14,23:10:09,9tyjg,15,Strange alliance: The Philippines government has asked the country's largest Muslim separatist group to help find and free an Irish Catholic priest from pirates. The Moro Islamic Liberation Front has apparently vowed to help. ,news.bbc.co.uk,http://news.bbc.co.uk/2/hi/asia-pacific/8306476.stm
2009-10-14,23:48:05,9tz1q,13,Iranian officials have sentenced to death three protesters who participated in demonstrations following the nation’s disputed presidential election in June.,nytimes.com,http://www.nytimes.com/2009/10/11/world/middleeast/11iran.html?_r=1&scp=1&sq=tehran%20execute&st=cse
2009-10-14,22:26:19,9ty13,16,"When Palestinians turn to peaceful demonstrations, the occupation forces start shooting to kill them before anybody knows it",kibush.co.il,http://www.kibush.co.il/show_file.asp?num=3252
2009-10-14,17:16:19,9tvao,14,Israel - and only Israel - will decide whether to attack Iran's nukes,jpost.com,http://www.jpost.com/servlet/Satellite?cid=1255204781418&pagename=JPost%2FJPArticle%2FShowFull
2009-10-14,22:51:10,9tyao,13,"Iraq report: 85,000 Iraqis killed from 2004-08",usatoday.com,http://www.usatoday.com/news/world/iraq/2009-10-14-iraq-report_N.htm
2009-10-14,15:20:48,9tubn,13,World's smallest man reveals 18th birthday wish: to find a wife ,telegraph.co.uk,http://www.telegraph.co.uk/news/newstopics/howaboutthat/6315017/Worlds-smallest-man-reveals-18th-birthday-wish-to-find-a-wife.html
2009-10-15,00:08:40,9tzav,13,Germanys Policy of Avoidance: How Blunt Can One Be about Integration?,spiegel.de,"http://www.spiegel.de/international/germany/0,1518,654921,00.html"
2009-10-14,21:55:05,9txqk,11,Russia reserves pre-emptive nuclear strike right,reuters.com,http://www.reuters.com/article/worldNews/idUSTRE59C4XK20091013
2009-10-14,02:19:52,9tn9p,12,NPR Radio Correspondent travels with Jewish vigilante group that breaks up Jewish-Arab dates in Israel and appears to agree with their cause?!?  WTF NPR?,mondoweiss.net,http://mondoweiss.net/2009/10/nprs-morning-edition-joins-vigilantes.html
2009-10-14,10:48:23,9ts0h,13,"Britain faces looming threat of terror from 'neo-Nazis' out to kill black people, Jews and gays
",belfasttelegraph.co.uk,http://www.belfasttelegraph.co.uk/opinion/johann-hari-uk-faces-looming-threat-of-terror-from-neonazis-out-to-kill-black-people-jews-and-gays-14530149.html
2009-10-15,05:31:28,9u37i,13,Unseen writings of Nelson Mandela which are being sold this week show the anti-apartheid leader at his most candid.,news.bbc.co.uk,http://news.bbc.co.uk/2/hi/africa/8307436.stm
2009-10-14,23:45:39,9tz10,11,"The victims of ukuthwalwa: At the age of 14, Nolizwi Sinama set off from her aunt's home to a neighboring village to marry a man 3 times her age. A month later, she was pregnant. She finally fled after discovering her husband was HIV positive.",news.bbc.co.uk,http://news.bbc.co.uk/2/hi/africa/8303212.stm
2009-10-15,02:52:31,9u1g0,10,A French documentary has revealed that radioactive materials from nuclear power plants are being being stored in containers in a Siberian parking lot.,spiegel.de,"http://www.spiegel.de/international/europe/0,1518,654969,00.html"
2009-10-14,23:33:45,9tyv3,10,"So what is it gonna be dear, me or the crocodile? Sorry hun...",telegraph.co.uk,http://www.telegraph.co.uk/news/newstopics/howaboutthat/6326349/Mother-chooses-pet-crocodile-over-husband.html
