2009-02-23,23:39:35,7zlkb,814,Justice: UK politician who advocated neighbor-snitching ratted out by neighbors,guardian.co.uk,http://www.guardian.co.uk/commentisfree/2009/feb/22/jacqui-smith-expenses-inquiry
2009-02-23,08:44:33,7zgde,774,Confirmed: The white phosphorus used on Gaza was supplied by the US of A,guardian.co.uk,http://www.guardian.co.uk/world/2009/feb/23/military-aid-israel-amnesty
2009-02-23,07:47:41,7zg32,356,"Mugabe 'blow quadrillions of Zimbabwe dollars' on his 85th birthday with a sumptuous banquet; demands cattle and money from his starving people to pay for the surreal party. Meanwhile thousands die from cholera, students are not attending schools and teachers are not paid. ",guardian.co.uk,http://www.guardian.co.uk/world/2009/feb/22/robert-mugabe-birthday-banquet
2009-02-24,03:29:15,7znrq,178,"""It is still difficult for me to believe that I was abducted, hauled from one country to the next, and tortured in medieval ways — all orchestrated by the United States government.""",google.com,http://www.google.com/hostednews/ap/article/ALeqM5jsbnslRVHO88NhUkUQigvZDPGBswD96HD1101
2009-02-24,05:23:31,7zou6,109,Scores of white-owned farms 'confiscated' in Zimbabwe,news.bbc.co.uk,http://news.bbc.co.uk/2/hi/africa/7906031.stm
2009-02-23,03:25:51,7zem3,104,Cairo Is Hit By Deadly Bomb Blast,news.bbc.co.uk,http://news.bbc.co.uk/2/hi/middle_east/7904731.stm
2009-02-23,08:36:11,7zgbw,86,"Once You See What Truly Happened in Gaza, It Will Change You Forever",alternet.org,http://www.alternet.org/module/printversion/127675
2009-02-24,07:43:55,7zpza,81,"Obnoxious: Rich person refuses to pay lawful reward, offers to give to charity instead",news.bbc.co.uk,http://news.bbc.co.uk/2/hi/europe/7906642.stm
2009-02-23,17:59:26,7zjbc,47,"Turks are xenophobic, socially conservative people who rarely read books, relegate women to second-class status and harbour ambivalent views about democracy, contentious new research has revealed.",guardian.co.uk,http://www.guardian.co.uk/world/2009/feb/23/turks-xenophobic-conservative-poll
2009-02-24,02:46:50,7zneb,43,World's First Trash-Powered Electric Garbage Truck Now In The UK,gas2.org,http://gas2.org/2009/02/23/worlds-first-trash-powered-electric-garbage-truck/
2009-02-24,03:51:17,7znzl,29,Police Bracing Themselves for 'Summer of Rage' Against Economic Crisis,telegraph.co.uk,http://www.telegraph.co.uk/news/newstopics/politics/lawandorder/4784934/Police-bracing-themselves-for-summer-of-rage-against-economic-crisis.html
2009-02-24,01:55:34,7zmx3,26,"Should AIPAC Decide What's Classified? ""America may witness the final stage in AIPAC's long-term drive to essentially declassify or classify U.S. government secrets at will""",antiwar.com,http://www.antiwar.com/orig/gsmith.php?articleid=14297
2009-02-23,09:13:16,7zgiq,27,Something U.S. Media wont show: The Palestinian Perspective,youtube.com,http://www.youtube.com/watch?v=oSkevV-CoO4&eurl=http://www.reddit.com/r/worldnews
2009-02-24,06:31:19,7zpfi,24,"'What we have in Lieberman is the final proof that we are, indeed, living in Bizarro World, and reality has been turned on its head. Because what we are seeing in Israel today is the rise to power of a Jewish Hitler'.",antiwar.com,http://www.antiwar.com/justin/?articleid=14301
2009-02-23,09:03:49,7zgh5,24,"To the citizens of the UK, you are about to go into lockdown: Birth of fascism in real time ",chycho.com,http://www.chycho.com/?q=node/2207
2009-02-24,01:36:56,7zmqf,16,"War Criminals, Including Their Lawyers, Must Be Prosecuted: When the US ratified the Convention Against Torture, we promised to extradite or prosecute those who commit, or are complicit in the commission, of torture. ",laprogressive.com,http://www.laprogressive.com/2009/02/23/war-criminals-including-their-lawyers-must-be-prosecuted/
2009-02-23,08:53:40,7zgf4,14,Goodbye Dubai -- 'a place for the shallow and fickle.',3quarksdaily.com,http://www.3quarksdaily.com/3quarksdaily/2009/02/goodbye-dubai.html
2009-02-23,08:43:27,7zgd9,8,Egypt opens Gaza border,news24.com,"http://www.news24.com/News24/Africa/News/0,,2-11-1447_2474185,00.html"
2009-02-23,08:36:27,7zgby,10,Police warn that Britain faces summer of rage due to recession |,guardian.co.uk,http://www.guardian.co.uk/uk/2009/feb/23/police-civil-unrest-recession
2009-02-24,04:58:59,7zolc,8,Iran Nukes--Weapons of Mass Deception Again,grantlawrence.blogspot.com,http://grantlawrence.blogspot.com/2009/02/iran-nukes-weapons-of-mass-deception.html
2009-02-23,11:22:49,7zh62,8,Israel-Hamas arms embargo urged,news.bbc.co.uk,http://news.bbc.co.uk/2/hi/middle_east/7904929.stm
2009-02-24,07:21:52,7zptp,8,FBI arrests 44 in Chicago on child prostitution charges ,examiner.com,http://www.examiner.com/x-2556-Chicago-Crime-Examiner~y2009m2d23-FBI-arrests-44-in-Chicago-on-child-prostitution-charges
2009-02-23,13:09:51,7zhqm,8,"Former head of Greenpeace: MORE nuclear power, please!",independent.co.uk,http://www.independent.co.uk/environment/green-living/nuclear-power-yes-please-1629327.html
2009-02-24,00:53:40,7zmb8,9,DEATHWATCH: The End of Second Life,valleywag.gawker.com,http://valleywag.gawker.com/5158190/the-end-of-second-life
2009-02-23,08:34:54,7zgbf,6,To the President of the State of Israel and the Director of the Yad Vashem Memorial - Remove Our Grandmother's Name from the Wall at Yad Vashem,counterpunch.com,http://www.counterpunch.com/neumann02202009.html
2009-02-24,06:23:25,7zpd9,6,Israelis worry that US may start to distance itself,thenational.ae,http://thenational.ae/article/20090222/FOREIGN/12243570&SearchID=7334627122961
2009-02-24,06:45:07,7zpj5,5,Desmond Tutu urges Obama to apologise over Iraq invasion,ekklesia.co.uk,http://www.ekklesia.co.uk/node/8748
2009-02-23,15:25:50,7ziil,7,"Suspend military aid to Israel, Amnesty urges Obama after detailing US weapons used in Gaza | Ron Paul Wins! | Campaign for Liberty at the Daily Paul",dailypaul.com,http://www.dailypaul.com/node/83826
2009-02-24,04:32:44,7zocf,4,Released Guantanamo Detainee: What Did Tony Blair Know?,spiegel.de,"http://www.spiegel.de/international/world/0,1518,609464,00.html"
2009-02-23,10:09:38,7zgs7,5,Karzai is US stooge says Afghan deputy president,telegraph.co.uk,http://www.telegraph.co.uk/news/worldnews/asia/afghanistan/4742641/Karzai-is-US-stooge-says-Afghan-deputy-president.html
