2009-01-08,14:17:13,7o77v,540,Rockets hit Israel from Lebanon,news.bbc.co.uk,http://news.bbc.co.uk/2/hi/middle_east/7817135.stm
2009-01-09,02:14:40,7obwa,413,"I arrived in Israel 40 years ago. It took me many years to understand that the very existence of my country, as it is today, is based on an ongoing ethnic cleansing of Palestinians.",hagada.org.il,http://www.hagada.org.il/eng/modules.php?name=News&file=article&sid=251
2009-01-09,02:23:04,7obyy,326,"Red Cross finds four small children in Gaza, huddling next to their dead mothers, too weak to stand up ... ""Israel has failed to meet its obligation under international humanitarian law""",news.yahoo.com,http://news.yahoo.com/s/afp/20090108/wl_mideast_afp/mideastconflictgazaicrcwounded_newsmlmmd
2009-01-08,21:29:13,7o9hv,297,UN: Israel kills driver on aid mission to Gaza,news.yahoo.com,http://news.yahoo.com/s/ap/20090108/ap_on_re_mi_ea/ml_israel_palestinians;_ylt=AqUwusWRV5HlwMt2YW_uPfKs0NUE
2009-01-08,22:09:04,7o9rs,136,Israel kills driver of UN truck on aid mission to Gaza,jpost.com,http://www.jpost.com/servlet/Satellite?cid=1231167317936&pagename=JPost%2FJPArticle%2FShowFull
2009-01-08,12:52:01,7o6pe,114,"These photos, taken in Gaza in 2006, show the impact of the DIME bombs the Israelis are allegedly using there (warning: extremely graphic)",rainews24.rai.it,http://www.rainews24.rai.it/ran24/inchieste/10102006_gaza_foto.asp
2009-01-08,20:25:44,7o95b,104,The Bush Administration's Most Despicable Act,time.com,"http://www.time.com/time/nation/article/0,8599,1870319,00.html"
2009-01-09,04:50:05,7od5d,89,TED: Hans Rosling: Debunking third-world myths with the best stats you've ever seen,ted.com,http://www.ted.com/index.php/talks/hans_rosling_shows_the_best_stats_you_ve_ever_seen.html?referrer=reddit.com
2009-01-08,20:22:37,7o94r,86,Gaza is full-blown humanitarian crisis,redcross.org.uk,http://www.redcross.org.uk/news.asp?id=89867
2009-01-08,23:59:38,7oamp,77,The Red Cross has accused Israel of failing to fulfil its obligation to help wounded civilians in Gaza,news.bbc.co.uk,http://news.bbc.co.uk/2/hi/middle_east/7817926.stm
2009-01-08,00:30:59,7o1gu,69,Canada extradites another American war resister. This one's a mother of three who has a six-week old child. Stay classy Canada!,cbc.ca,http://www.cbc.ca/canada/story/2009/01/07/rivera-hearing.html
2009-01-09,01:28:30,7obha,66,"Sri Lankan newspaper editor ""meticulously collected the facts, which was why so many politicians feared him."" He was shot dead today by unidentified gunmen.",news.bbc.co.uk,http://news.bbc.co.uk/1/hi/world/south_asia/7817422.stm
2009-01-08,22:29:44,7o9x6,51,"Extremists on each side sustain the other, and the excessive Israeli ground assault in Gaza is likely to create more terrorists in the long run",nytimes.com,http://www.nytimes.com/2009/01/08/opinion/08kristof.html?_r=1&ref=opinion
2009-01-09,05:56:02,7odny,46,U.N. suspends all relief work in Gaza; says Israeli soldiers fired on a marked U.N. vehicle DURING the ceasefire.,csmonitor.com,http://www.csmonitor.com/2009/0109/p25s14-wome.html
2009-01-09,04:21:54,7ocx3,45,Red Cross finds starving children with 12 corpses in Gaza 'house of horrors' ,shininglight.us,http://shininglight.us/archives/2009/01/red_cross_finds_starving_children_with_12_corpses.php
2009-01-08,14:16:14,7o77j,50,Kucinich stands against the use of US arms against innocents in Gaza,kucinich.us,http://kucinich.us/index.php?option=com_content&task=view&id=2659&Itemid=1
2009-01-09,00:12:17,7oaqx,41,"The IDF has been dropping leaflets in Gaza with a phone number to call to report on ""terrorists"". Here's one of the calls (with translation).",electronicintifada.net,http://electronicintifada.net/v2/article10114.shtml?assd=3ijds
2009-01-09,07:33:26,7oeaz,31,"Israel deliberately shells a UN convoy carrying aid into Gaza after giving them permission to go through...Israel, the ultimate terrorist nation",smh.com.au,http://www.smh.com.au/news/world/un-stops-gaza-aid-after-killing/2009/01/09/1231004238255.html
2009-01-09,00:01:08,7oana,16,"Bush: ""Eighteen months ago, Hamas took over the Gaza Strip in a coup…"" And people suggest there isn't a ridiculous Israeli bias amongst US polticians?",counterpunch.org,http://www.counterpunch.org/leupp01062009.html
2009-01-08,17:05:20,7o84d,19,South Korea tested whores so they were disease-free for U.S. soldiers,nytimes.com,http://www.nytimes.com/2009/01/08/world/asia/08korea.html?pagewanted=all
2009-01-08,09:43:39,7o5mr,20,"While the world watches Gaza, Israelis are shooting protestors in the West Bank",palsolidarity.org,http://www.palsolidarity.org/main/2009/01/07/in-the-shadow-of-gaza/
2009-01-08,22:56:42,7oa46,19,China Losing Taste for Debt From U.S. ,nytimes.com,http://www.nytimes.com/2009/01/08/business/worldbusiness/08yuan.html?_r=1&hp
2009-01-08,15:07:29,7o7ji,15,Rockets fired from Lebanon into Israel and Israel fires back,independent.co.uk,http://www.independent.co.uk/news/world/middle-east/israel-fires-into-lebanon-after-rockets-1232397.html
2009-01-08,23:55:53,7oal3,17,"More than a thousand Afghans signed up to go and fight Israel in the Gaza, many of them blaming the US which has some 30,000 troops in Afghanistan, for supporting the Jewish state.",uk.reuters.com,http://uk.reuters.com/article/usTopNews/idUKTRE50749E20090108
2009-01-09,07:54:19,7oefk,15,Gaza: ICRC found four small children next to their dead mothers in one of the houses. They were too weak to stand up on their own. In all there were at least 12 corpses lying on mattresses. ,icrc.org,http://www.icrc.org/Web/Eng/siteeng0.nsf/html/palestine-news-080109
2009-01-08,12:26:16,7o6kr,13,Remember the 'Palestine Girl stands up to Israel Soldier' story? Moved by it? Here's how to donate to ensure they keep peacefully resisting,palsolidarity.org,http://www.palsolidarity.org/main/donations/
2009-01-08,17:26:20,7o880,11,A baby girl abducted by Serb soldiers at the outbreak of Bosnia's war and thought to be dead is to be reunited with her father after over 16 years thanks to DNA analysis,news24.com,"http://www.news24.com/News24/World/News/0,,2-10-1462_2448918,00.html"
2009-01-09,01:00:28,7ob8n,9,Can Israel sink any lower: UN halts Gaza aid after convoy hit.,english.aljazeera.net,http://english.aljazeera.net/news/middleeast/2009/01/2009181482839688.html
2009-01-08,22:37:33,7o9z3,12,Rockets from Lebanon hit Israel,latimes.com,"http://www.latimes.com/news/nationworld/world/la-fg-gaza8-2009jan08,0,6979205.story"
2009-01-08,15:04:01,7o7iu,12,"Rockets fired from Lebanon into Israel, injuring two",telegraph.co.uk,http://www.telegraph.co.uk/news/4173380/Rockets-from-Lebanon-fired-into-Israel.html
