2009-01-10,17:55:31,7oqcb,998,Enough. It's time for a boycott,guardian.co.uk,http://www.guardian.co.uk/commentisfree/2009/jan/10/naomi-klein-boycott-israel
2009-01-10,01:00:06,7okip,309,"Norway Leads: 40 000 people gathered in Oslo for Gaza Thursday, 8th January 2009. Thursday ALL trains in the whole of Norway, and all trams and subways in Oslo, will stand still for two minutes.",no2wars.wordpress.com,http://no2wars.wordpress.com/2009/01/09/norway-political-train-strike-for-gaza-today/
2009-01-11,00:17:05,7os02,297,"Eco Activist Buys Drilling Rights for 22,000 Acres - Refuses to Drill",twilightearth.com,http://www.twilightearth.com/2009/01/eco-activist-buys-drilling-rights-for-22000-acres-refuses-to-drill/
2009-01-10,13:30:17,7opay,252,Israel Is Committing War Crimes - Hamas's violations are no justification for Israel's actions. (from WSJ),online.wsj.com,http://online.wsj.com/article/SB123154826952369919.html?mod=googlenews_wsj
2009-01-11,06:51:20,7ou1k,226,"Despite Israeli denial, newly found photographic evidence proves that Israel has used controversial white phosphorus shells on Gazans. ",presstv.com,http://www.presstv.com/detail.aspx?id=81564&sectionid=351020202
2009-01-11,05:59:38,7otte,161,U.S. seeks ship to move arms to Israel,reuters.com,http://www.reuters.com/article/politicsNews/idUSTRE50874B20090109?sp=true
2009-01-11,01:35:56,7ose3,117,"Thousands of demonstrators in Barcelona, Spain call for an immediate ceasefire in the conflict in Gaza",youtube.com,http://www.youtube.com/watch?v=-8J9bw3tF_A
2009-01-10,11:08:05,7oonp,81,Israeli Spokesman is Silenced by Alex Thompson of UK's Channel 4 regarding the IDF and the Red Cross,youtube.com,http://www.youtube.com/watch?v=zIQZ1-RFq6A
2009-01-10,14:53:14,7opog,71,"LET GAZA LIVE!  D. C. Protest Saturday, January 10 - Assemble at the White House (north side) at 1:00 PM",answer.pephost.org,http://answer.pephost.org/site/PageServer?pagename=ANS_homepage
2009-01-11,00:35:45,7os33,74,New Orleans cops shoot man 12 times - in the back,rawstory.com,http://rawstory.com/news/2008/N._Orleans_cops_shoot_man_in_0109.html
2009-01-10,11:53:45,7oouv,61,U.S. says arms shipment to Israel not linked to Gaza. US also says that Elvis is still alive.,uk.reuters.com,http://uk.reuters.com/article/usPoliticsNews/idUKTRE50874B20090110
2009-01-10,13:44:35,7opda,58,Israel Is Committing War Crimes ,online.wsj.com,http://online.wsj.com/article/SB123154826952369919.html
2009-01-11,01:58:09,7osji,55,'I Would Join a Terror Organization': Current Israeli Defense Minister explained in 1998 what he would have done if born Palestinian.,haaretz.com,http://www.haaretz.com/hasen/spages/1052057.html?page=entire
2009-01-11,01:41:44,7osfl,48,Former [Israeli] pilot: Israel committing war crimes in Gaza,iranian.ws,http://www.iranian.ws/iran_news/publish/article_28148.shtml
2009-01-11,06:26:52,7otxx,47,Real Journalism : The way questions should be asked - Dennis Kucinich vs. Eliot Engel,youtube.com,http://www.youtube.com/watch?v=aGOv0lMMNDI
2009-01-10,17:55:09,7oqc9,38,Iraq Veterans Against the War - Why we're against the war,ivaw.org,http://ivaw.org/faq
2009-01-10,13:12:05,7op7j,41,Hugo Chavez Expells Israeli Ambassador to Venezuela,gulfnews.com,http://www.gulfnews.com/world/Venezuela/10274035.html
2009-01-10,16:43:58,7oq2q,37,Jimmy Carter - An Unnecessary War (in reference to the Gaza crisis),washingtonpost.com,http://www.washingtonpost.com/wp-dyn/content/article/2009/01/07/AR2009010702645.html
2009-01-10,13:38:54,7opcb,35,Nowhere to run: More than 260 children killed in Gaza,guardian.co.uk,http://www.guardian.co.uk/world/2009/jan/10/gaza-israel-child-death-toll
2009-01-10,22:48:39,7orka,34,Five of the Somali pirates who released a hijacked oil-laden Saudi supertanker drowned with their share of a reported $3 million ransom after their small boat capsized,foxnews.com,"http://www.foxnews.com/story/0,2933,479045,00.html"
2009-01-10,18:00:05,7oqd2,32,"Many may think that the current economic fiascoes are the results of bungling politicians and bureaucrats. FDR once said, “In politics, nothing happens by accident. If it happens, you can bet...” ",noonehastodietomorrow.com,http://www.noonehastodietomorrow.com/agenda/economy/690?task=view
2009-01-10,20:06:17,7oquu,23,"India shows the way! sends CEO, COO and CFO of Satyam who scammed a billion dollars to the slammer!",ndtv.com,http://www.ndtv.com/convergence/ndtv/story.aspx?id=NEWEN20090079496
2009-01-10,16:52:08,7oq3j,24,"US In Massive ""Rare"" Arms Supply to Israel Days Before Obama Inauguration",gatewaypundit.blogspot.com,http://gatewaypundit.blogspot.com/2009/01/us-in-massive-arms-supply-to-israel.html
2009-01-10,09:36:55,7oo9o,20,There have been no rockets fired from the West Bank for several years. The result? A record number of new settlments built.,atheonews.blogspot.com,http://atheonews.blogspot.com/2009/01/gaza-history-matters.html?showComment=1231548240000#c5325908576928339346
2009-01-11,07:04:21,7ou3r,12,The Facts about Hamas and the War on Gaza by Norman Finkelstein,middle-east-online.com,http://www.middle-east-online.com/english/?id=29692
2009-01-10,13:57:30,7opfk,15,"""Pandas are actually bears, not cats."" Chinese Panda Attacks Third Idiot",cnn.com,http://www.cnn.com/2009/WORLD/asiapcf/01/09/panda.attack/index.html
2009-01-10,13:45:35,7opde,12,"Angry Christians have protested to Britain's advertising watchdog over an atheist ad campaign claiming ""there's probably no God"" on the sides of buses, asking for proof",google.com,http://www.google.com/hostednews/afp/article/ALeqM5h7Q1RMMRSMUy2ncYzKZzo3R2eHDg
2009-01-10,14:02:48,7opgi,11,Tony Blair Is a Disaster as Middle East Envoy,jonathanfryer.wordpress.com,http://jonathanfryer.wordpress.com/2009/01/09/tony-blair-is-a-disaster-as-middle-east-envoy/
2009-01-11,03:49:40,7ot4t,11,Israel 'using white phosphorus' ,english.aljazeera.net,http://english.aljazeera.net/news/middleeast/2009/01/2009110181945232797.html
2009-01-10,13:58:12,7opfo,9,Medvedev: Europeans must be made Aware that Ordinary Ukrainians Paid Double the Price Charged by Gazprom for Russian Gas,02varvara.wordpress.com,http://02varvara.wordpress.com/2009/01/09/medvedev-europeans-must-be-made-aware-that-ordinary-ukrainians-paid-double-the-price-charged-by-gazprom-for-russian-gas/
