2009-12-25,06:23:10,aibdo,496,Woman knocks down Pope Benedict at Christmas Mass.,news.yahoo.com,http://news.yahoo.com/s/ap/20091224/ap_on_re_eu/eu_vatican_christmas
2009-12-25,01:19:36,ai94v,125,Venezuela's Chavez threatens to kick out carmakers unless they share their technology with local businesses,news.bbc.co.uk,http://news.bbc.co.uk/2/hi/business/8429427.stm
2009-12-25,12:13:05,aiddz,121,Woman who knocked down pope had pasta in her pocket - PASTAFARIAN?!,self.worldnews,https://www.reddit.com/r/worldnews/comments/aiddz/woman_who_knocked_down_pope_had_pasta_in_her/
2009-12-25,14:59:35,aiehu,44,"450 people from 21 countries, including 30 from the USA, have traveled for 3 weeks all the way from London to Jordan in a 210 vehicle convoy loaded with humanitarian relief supplies for the people imprisoned in Gaza.",presstv.ir,http://www.presstv.ir/detail.aspx?id=114545&sectionid=351020502
2009-12-25,15:16:26,aiem4,36,"Chávez declares Angel Falls is no more: World's tallest waterfall gets new name, Kerepakupai-Merú, which in indigenous Pemon language means ""waterfall of the deepest place.""
",treehugger.com,http://www.treehugger.com/files/2009/12/worlds-tallest-waterfall-gets-new-name.php
2009-12-25,20:39:47,aig9d,38,Drug tests catch out 10 police (UK),guardian.co.uk,http://www.guardian.co.uk/uk/feedarticle/8872642
2009-12-25,15:49:26,aiess,21,"Once the world’s fourth-largest lake, the Aral Sea has almost disappeared altogether -- thanks to a grand Soviet public works project that diverted the water into the desert to grow crops",e360.yale.edu,http://e360.yale.edu/content/images/2009-nasa-aral.html
2009-12-25,17:54:05,aifh6,16,"Cool Saudi Feminist calls for woman's right to have 4 husbands, male dominated Saudi sent her flowers, Oops I mean death threats",translate.google.com,http://translate.google.com/translate?js=y&prev=_t&hl=en&ie=UTF-8&layout=1&eotf=1&u=http%3A%2F%2Fwww.almasry-alyoum.com%2Farticle2.aspx%3FArticleID%3D236320&sl=ar&tl=en
2009-12-26,06:24:44,aijjd,10,"According to satellite surveys, as much as 80 percent of former prime land lies uncultivated. ",guardian.co.uk,http://www.guardian.co.uk/world/feedarticle/8872973
2009-12-25,15:02:43,aieir,9,Italian Prime Minister Silvio Berlusconi has vowed to defeat the organised crime in the country by 2013.,news.bbc.co.uk,http://news.bbc.co.uk/2/hi/europe/8430317.stm
2009-12-25,18:30:35,aifoq,6,"Christmas Eve around the world included the Pope 
being pushed at Mass; an Israeli man being shot 
and killed in the West Bank; and the killing of at 
least 26 people across Iraq",seattletimes.nwsource.com,http://seattletimes.nwsource.com/html/nationworld/2010591304_worldchristmas25.html
2009-12-26,07:20:56,aijt6,4,"New scheme for population control soon: Azad - ""There will be no law, no force, but only through awareness, efforts will be made to control population.""",zeenews.com,http://www.zeenews.com/news587781.html
2009-12-25,19:02:03,aifui,3,The solar salesman who put his cow on the market to bring power to the people in Africa,timesonline.co.uk,http://www.timesonline.co.uk/tol/news/specials/times_appeal/article6967000.ece
2009-12-25,08:52:07,aic9z,4,Pope knocked down before Xmas mass,nytimes.com,http://www.nytimes.com/2009/12/25/world/europe/25pope.html
2009-12-26,00:55:08,aihmn,0,"The Pakistan Supreme Court has ordered the Pakistan Government to recognize transgendered, intersex, and ""Eunuch""'s as a distinct gender from male and female.",news.smh.com.au,http://news.smh.com.au/breaking-news-world/pakistan-moves-towards-eunuchs-rights-20091224-lema.html
2009-12-25,17:47:53,aifga,1,Traumatic Brain Injuries:  Growing evidence shows that Progesterone should be considered as an optional treatment,sciencedaily.com,http://www.sciencedaily.com/releases/2009/12/091222121759.htm
2009-12-26,01:07:56,aihpf,1,"Five VA men may face terrorism charges, Pakistan police say",washingtonpost.com,http://www.washingtonpost.com/wp-dyn/content/article/2009/12/25/AR2009122500374.html
2009-12-26,06:43:17,aijmi,0,Pig farts spark Australia gas scare - I shit you not reddit,timesofindia.indiatimes.com,http://timesofindia.indiatimes.com/world/mad-mad-world/Pig-farts-spark-Australia-gas-scare/articleshow/5271215.cms
2009-12-26,01:06:09,aihp4,1,Here's a video the Taliban released this morning of an American soldier they captured 5 months ago. He's 23 and a prisoner on Christmas.,youtube.com,http://www.youtube.com/watch?v=tVb6bMjS5ug
2009-12-26,05:49:06,aijcy,0,Fireworks set off aboard airliner,edition.cnn.com,http://edition.cnn.com/2009/TRAVEL/12/25/airliner.firecrackers/index.html
2009-12-25,22:39:28,aigva,0,Bin Laden daughter flees to Saudi embassy in Iran ,huffingtonpost.com,http://www.huffingtonpost.com/2009/12/24/eman-bin-laden-in-iran-st_n_403264.html
2009-12-25,17:35:56,aifed,1,Ayatollah Montazeri's Legacy:  In death he may have become the inspiration for the most significant opposition the regime has faced since the 1979 Islamic Revolution,nytimes.com,http://www.nytimes.com/2009/12/25/opinion/25fri3.html?src=twr
