2009-08-16,19:47:31,9b3bx,555,"It sounds like a communist utopia, but a basic income program pioneered by German aid workers has helped alleviate poverty in a Nambian village. Crime is down and children can finally attend school. Only the local white farmers are unhappy.",spiegel.de,"http://www.spiegel.de/international/world/0,1518,642310,00.html"
2009-08-16,19:45:46,9b3bo,188,"To punish filesharers, Britain considers criminalizing 
up to 7 million citizens, with penalties including 
internet restrictions and fines of up to £50,000",torrentfreak.com,http://torrentfreak.com/britain-mulls-turning-7-million-into-download-criminals-090816/
2009-08-16,15:02:29,9b1z2,104,First Jew is elected to Palestinian liberation movement Fatah - M&C,monstersandcritics.com,http://www.monstersandcritics.com/news/middleeast/news/article_1495604.php/First-Jew-is-elected-to-a-Palestinian-liberation-movement-Extra
2009-08-16,22:31:41,9b400,90,"A motto for worldnews reddit: ""Nobody believes the official spokesman... but everybody trusts an unidentified source."" - Ron Nesen",quotationspage.com,http://www.quotationspage.com/quote/419.html
2009-08-16,19:03:19,9b36a,79,Afghanistan has quietly passed a law permitting Shiite men to deny their wives food and sustenance if they refuse to obey their husbands' sexual demands,theage.com.au,http://www.theage.com.au/world/barbaric-laws-reverse-afghan-womens-rights-20090815-elqj.html
2009-08-16,16:20:16,9b2dw,75,"New Zealand government decides saving sea lions from extinction is ""too radical""",blog.greens.org.nz,http://blog.greens.org.nz/2009/08/12/sorry-sealions-its-%e2%80%9ctoo-radical%e2%80%9d-to-save-you-from-extinction/
2009-08-16,22:09:18,9b3wj,66,11-year-old girl leaps from car and survives just seconds before it plunges over the edge of a cliff,news.bbc.co.uk,http://news.bbc.co.uk/1/hi/wales/8203999.stm
2009-08-17,02:38:39,9b5gh,51,"According to international law, Israel holds the property of more than 4 million Palestinian refugees in custodianship, until a final peace deal determines whether some or all of them will be allowed back to their 400+ destroyed villages or compensated for their loss. Well, Israel started selling.",dissidentvoice.org,http://dissidentvoice.org/2009/08/israel-begins-sell-off-of-refugees%E2%80%99-land/
2009-08-16,17:21:12,9b2pm,42,The world's largest democracy sets its sights on universal free education,english.aljazeera.net,http://english.aljazeera.net/focus/2009/08/200981594550894401.html
2009-08-16,18:07:36,9b2z7,36,"Two years after an earthquake shattered lives in Peru, people are still living in tents",news.bbc.co.uk,http://news.bbc.co.uk/2/hi/americas/8203772.stm
2009-08-16,23:41:41,9b4dj,37,"Quebec's ""baptized pagans"": Neither practising nor believing, but Catholic even so ",theglobeandmail.com,http://www.theglobeandmail.com/news/opinions/neither-practising-nor-believing-but-catholic-even-so/article1252792/
2009-08-17,01:24:01,9b4zy,18,"Ecuador: ""There are tiny groups here with huge economic power that at a given point could undermine the government. We may have a lot of popular support, but if we don't have people that take to the streets to defend their government, we could easily be destabilized.""",reuters.com,http://www.reuters.com/article/newsMaps/idUSTRE57E1TM20090815
2009-08-16,16:08:49,9b2bw,18,"Burmese government releases American who swam uninvited to visit Aung San Suu Kyi, after sentencing him to seven years of hard labour",english.aljazeera.net,http://english.aljazeera.net/news/asia-pacific/2009/08/20098164594367652.html
2009-08-16,17:47:34,9b2v2,18,"""What elections? All of this is a show. The people of Afghanistan have nothing to do with the process... [Karzai] is America's man in Afghanistan. Why should they get rid of him?""",english.aljazeera.net,http://english.aljazeera.net/focus/afghanistanelections2009/2009/08/200981312931197937.html
2009-08-16,23:38:22,9b4cz,14,Vietnamese government expands internet censorship to block Catholic websites,catholicnewsagency.com,http://www.catholicnewsagency.com/new.php?n=16781
2009-08-17,07:48:43,9b7f2,14,North Korea softens border restrictions,news.bbc.co.uk,http://news.bbc.co.uk/2/hi/asia-pacific/8204516.stm
2009-08-16,22:46:28,9b433,8,"Communist North Korea denounced impending joint military exercises by South Korea and the United States, and said it would ""wipe them out"" with nuclear weapons if they threatened it",alertnet.org,http://www.alertnet.org/thenews/newsdesk/SEO16246.htm
2009-08-16,13:57:33,9b1ni,8,"On closer examination, there's very little evidence of election fraud in the recent Iranian election.",aljazeera.com,http://aljazeera.com/news/articles/39/Ahmadinejad_duly_elected_president_of_Iran.html
2009-08-17,05:21:05,9b6lu,10,New British homes less than half the size of new homes in Australia and the USA,news.bbc.co.uk,http://news.bbc.co.uk/2/hi/uk_news/magazine/8201900.stm
2009-08-16,17:03:41,9b2lm,8,Vast tracts of Israeli agricultural land in north Israel's Galilee area have been bought up by Arabs with financial backing from the Gulf.,breitbart.com,http://www.breitbart.com/article.php?id=CNG.75f0d79cd80a18d60eddc98495e7cff7.621&show_article=1
2009-08-16,12:10:26,9b16w,8,Dozens die in Kuwait wedding fire,news.bbc.co.uk,http://news.bbc.co.uk/2/hi/middle_east/8203733.stm
2009-08-16,18:00:32,9b2y3,8,19 die in gang-related prison riot in Mexico,news.bbc.co.uk,http://news.bbc.co.uk/2/hi/americas/8202789.stm
2009-08-17,07:39:53,9b7de,7,New Secretary General discusses possibility of reducing NATO presence in Kosovo,dw-world.de,"http://www.dw-world.de/dw/article/0,,4563364,00.html"
2009-08-16,14:38:03,9b1uv,3,"Max Keiser: ""Brown's Bottom"" - May 7, 1999 when Great Britain's Chancellor begun auctioning half the nation's gold... at a multi-decade low price!",youtube.com,http://www.youtube.com/watch?v=EzVhzoAqMhU
2009-08-17,00:23:29,9b4n4,4,"Flying taxi crashes on test flight, killing its UK inventor",thestar.com.my,http://thestar.com.my/news/story.asp?file=/2009/8/16/nation/20090816162347&sec=nation
2009-08-16,21:12:43,9b3nh,5,"Israeli commandos in Honduras? ""There are paramilitary structures that are working in coordination with the armed forces, says the undisputed leader of the human rights struggle in Honduras, Andrés Pavón, in regard to the latest casualty of the dictatorship of the Honduran putschists.""",machetera.wordpress.com,http://machetera.wordpress.com/2009/08/13/israeli-commandos-in-honduras/
2009-08-17,03:39:34,9b5xx,2,Canadians [Muslims] stranded far from home...,cbc.ca,http://www.cbc.ca/canada/story/2009/08/14/f-stranded-canadians235.html
2009-08-16,23:45:24,9b4eg,0,Ahmadinejad to put 3 women in cabinet,jpost.com,http://www.jpost.com/servlet/Satellite?cid=1249418618943&pagename=JPost%2FJPArticle%2FShowFull
2009-08-17,07:37:38,9b7cy,2,"25 years after the Kurdistan Workers' Party launched their armed struggle for Kurdish autonomy, they have a new plan for peace. The Ankara government, meanwhile, refuses to meet with them",dw-world.de,"http://www.dw-world.de/dw/article/0,,4573047,00.html"
2009-08-16,22:17:31,9b3xu,0,"See the Ford Taurus, Help a Scout",thecollegedriver.com,http://www.thecollegedriver.com/posts/550-See-the-Taurus-Help-a-Scout
