2009-04-09,18:45:28,8b6l0,250,Anti-government protesters in Tibet sentenced to death,timesonline.co.uk,http://www.timesonline.co.uk/tol/news/world/asia/article6062550.ece
2009-04-09,15:24:31,8b5hx,109,BREAKING!!: In total upset Kim 're-elected' as N Korea leader!!,english.aljazeera.net,http://english.aljazeera.net/news/asia-pacific/2009/04/20094935634139223.html
2009-04-10,05:27:55,8bc19,50,CIA shuts down its secret prisons,news.bbc.co.uk,http://news.bbc.co.uk/2/hi/in_depth/7993087.stm
2009-04-09,17:06:10,8b62l,32,"a quarter of oil-rich Saudi's population is below poverty line, all oil money goes to ruling princes",zawya.com,http://www.zawya.com/Story.cfm/sidGN_09042009_10302401/Rising%20poverty%20generates%20heat%20in%20Shura%20Council
2009-04-09,15:42:10,8b5lg,23,"The UK police officer who assaulted Ian Tomlinson has come forward, will be questioned by investigators today",guardian.co.uk,http://www.guardian.co.uk/uk/2009/apr/09/g20-ian-tomlinson-police-video
2009-04-09,14:54:47,8b5cc,21,After twenty years of US placing bounties on Pakistanis and Afghanis (pashtuns) no one has ever turned anyone in for the money..........this is why.,news.bbc.co.uk,http://news.bbc.co.uk/2/hi/south_asia/7990538.stm
2009-04-09,12:16:54,8b4go,25,"""European and Asian countries sent their commercial fleets to fish in Somali waters. Other European countries sent drums of nuclear waste, to be dumped at sea."" And we wonder why they hijack boats...",voanews.com,http://www.voanews.com/english/2009-04-08-voa67.cfm
2009-04-10,04:58:59,8bbt0,14,Click on any country to see U.S. military involvement (interactive map),motherjones.com,http://www.motherjones.com/military-maps
2009-04-10,01:12:01,8b9k8,13,Bastard tried to flee the minivan too...RIP Angels Pitcher Adenhart,latimes.com,"http://www.latimes.com/news/la-me-nick-adenhart-killed10-2009apr10,0,5362563.story"
2009-04-09,19:54:04,8b6xv,14,"A week after a largely right-wing Israeli government took power, differences are emerging with main ally Washington over Middle East peace efforts that could develop into an all-out confrontation.",google.com,http://www.google.com/hostednews/afp/article/ALeqM5hPLqyHkZliH82vFd87_rdOPR_zpQ
2009-04-09,18:54:29,8b6mu,13,"this Israeli government, like its predecessors, has little interest in complying with its obligations",boston.com,http://www.boston.com/bostonglobe/editorial_opinion/letters/articles/2009/04/09/not_harsh_realism_from_israel_but_bad_faith_policy/
2009-04-10,06:05:50,8bcao,13,Making up anti-Semitism: 'Jerusalem Post' admits it was duped by hoaxer on report of anti-Semitism,philipweiss.org,http://www.philipweiss.org/mondoweiss/2009/04/we-were-hoaxed-i-am-sorry---a-respected-norwegian-editor-is-forced-to-apologize-to-his-own-militarybruce-wolman-writes-it.html
2009-04-10,03:44:51,8bb54,11,Refugees killed on the final battlefield between Sri Lanka's army and the Tamil Tigers; U.N. chief says both sides may be guilty of war crimes,economist.com,http://www.economist.com/world/asia/displayStory.cfm?story_id=13474621&source=features_box_main
2009-04-09,15:54:29,8b5oc,10,"UK Police - Unaccountable, Secretive and Out of Control",independent.co.uk,http://www.independent.co.uk/opinion/leading-articles/the-police-unaccountable-secretive-and-out-of-control-1666144.html
2009-04-10,05:02:14,8bbu0,11,"How to lose your security clearance in 5 seconds: Britain's top counter-terrorism officer, Bob Quick, resigned after he accidently revealed a secret document to photographers. ",news.bbc.co.uk,http://news.bbc.co.uk/2/hi/uk_news/7991307.stm
2009-04-10,05:11:55,8bbwz,5,Kurt Cobain's estate swindled out of MILLIONS of dollars!!,news.com.au,"http://www.news.com.au/entertainment/story/0,28383,25308312-7484,00.html"
2009-04-09,22:40:30,8b83m,7,"""Focus on the Family"" child molester busted for attempted rape",ihatethemedia.com,http://www.ihatethemedia.com/focus-on-the-family-child-molester-busted-for-attempted-rape
2009-04-09,10:06:31,8b3q7,7,"The Case Against Shell: Landmark human rights trial on April 29, 2009 (Wiwa v. Shell) --  for its role in the repression of the Ogoni people and the executions of the ""Ogoni Nine""",youtube.com,http://www.youtube.com/watch?v=-g7WqFn1Tv8
2009-04-10,02:31:14,8baek,5,FBI joins effort in hostage standoff with pirates,news.yahoo.com,http://news.yahoo.com/s/ap/20090409/ap_on_re_af/piracy
2009-04-09,11:55:40,8b4c2,4,Mum executes her own son at shooting range,news.com.au,"http://www.news.com.au/dailytelegraph/story/0,22049,25312472-5001021,00.html"
2009-04-10,02:06:42,8ba4o,6,French lawmakers reject Internet piracy bill,google.com,http://www.google.com/hostednews/afp/article/ALeqM5g9liaPPFBFdJUiTQLmJwtBJ5WJWw
2009-04-10,00:17:54,8b90v,5,At least 20 people were killed and nearly 300 injured yesterday when a hospital in the last area of Sri Lanka held by the Tamil Tigers was shelled in what one doctor described as the worst day of bloodshed since the start of the military campaign.  Why doesn't reddit care?,guardian.co.uk,http://www.guardian.co.uk/world/2009/apr/09/sri-lanka-tamil-tigers-civilians
2009-04-09,16:05:09,8b5r2,4,Four Tibetans sentenced to death for starting fires during unrest in Lhasa,guardian.co.uk,http://www.guardian.co.uk/world/2009/apr/09/four-tibetans-sentenced-to-death
2009-04-09,22:38:16,8b82t,4,Rioting has broken out in southwestern Pakistan after police said they found the dead bodies of three missing political dissidents.,foxnews.com,"http://www.foxnews.com/story/0,2933,513497,00.html"
2009-04-10,04:11:28,8bbdi,4,"50,000+ hold protest against president in Georgia (the country)",news.bbc.co.uk,http://news.bbc.co.uk/2/hi/europe/7991026.stm
2009-04-09,21:31:28,8b7ii,4,"Thousands of young protesters ransacked the parliament building in Moldova on Tuesday, in protest at the results of Sunday's election. ",news.bbc.co.uk,http://news.bbc.co.uk/2/hi/europe/7989919.stm
2009-04-09,22:33:06,8b80b,5,UK terror chief quits after security blunder,cnn.com,http://www.cnn.com/2009/WORLD/europe/04/09/uk.terror.arrests/index.html
2009-04-10,02:23:04,8bab3,3,D.C. vote moves gay marriage debate to Congress,usatoday.com,http://www.usatoday.com/news/nation/2009-04-08-dc-gay-marriage_N.htm
2009-04-09,13:10:44,8b4rh,3,Democracy wins in Fiji!  Court of Appeal overturns coup!,fijilive.com,http://www.fijilive.com/news_new/index.php/news/show_news/15040
2009-04-09,11:37:03,8b47r,1,Sharia law is not the real problem for Afghan women,independent.co.uk,http://www.independent.co.uk/opinion/commentators/nelofer-pazira-sharia-law-is-not-the-real-problem-for-afghan-women-1665258.html
