2009-01-11,07:15:10,7ou5t,519,"Hamas Prime Minister, September 2008: We are willing to accept Palestinian state with 1967 borders. ""Our conflict is not with the Jews, our problem is with the occupation."" ",haaretz.com,http://www.haaretz.com/hasen/spages/1035414.html?1
2009-01-11,04:26:17,7otbr,179,An Israeli is more likely to be struck by lightening than killed by a Hamas rocket,self.worldnews,https://www.reddit.com/r/worldnews/comments/7otbr/an_israeli_is_more_likely_to_be_struck_by/
2009-01-11,18:56:39,7owlz,172,President Bush has rejected several Israeli requests to attack Iran ,cnn.com,http://www.cnn.com/2009/WORLD/meast/01/11/iran.israel.nuclear/index.html
2009-01-11,13:54:32,7ovol,168,Washington Post - COVER BLOWN: Iran Buying Bomb Parts from U.S. through Fronts,washingtonpost.com,http://www.washingtonpost.com/wp-dyn/content/article/2009/01/10/AR2009011002236.html?hpid=topnews
2009-01-12,04:45:44,7ozdy,133,"250,000 people gather in Madrid to protest the Israeli aggression towards Gaza (in Spanish)",elpais.com,http://www.elpais.com/articulo/espana/Carlos/III/hace/palestino/elpepuesp/20090111elpepunac_3/Tes
2009-01-11,13:25:57,7ovlb,119,Leading British Jews call on Israel to halt 'horror' of Gaza,guardian.co.uk,http://www.guardian.co.uk/world/2009/jan/11/gaza-israel-letter-british-jews
2009-01-11,04:49:49,7otgu,97,"AIPAC Goes Ballistic: Says It Is ""Outraged"" & Blasts Bush for Supporting Ceasefire",tpmcafe.talkingpointsmemo.com,http://tpmcafe.talkingpointsmemo.com/2009/01/09/aipac_goes_ballistic_says_it_is_outraged_blasts_bu/
2009-01-11,12:51:46,7ovhl,73,University Professors: Israel’s bombardment of Gaza is not self-defense – it’s a war crime,timesonline.co.uk,http://www.timesonline.co.uk/tol/comment/letters/article5488380.ece
2009-01-11,01:16:58,7osaf,65,Thousands of demonstrators have marched through London to call for an immediate ceasefire in the conflict in Gaza.,news.bbc.co.uk,http://news.bbc.co.uk/1/hi/uk/7821928.stm
2009-01-12,03:53:30,7oz3x,48,Israel tells Gazans to brace for war escalation (i.e. we haven't killed enough yet; expect a whole lot more before we're satisfied).,news.yahoo.com,http://news.yahoo.com/s/ap/20090110/ap_on_re_mi_ea/ml_israel_palestinians?1
2009-01-11,13:53:36,7ovoi,44,More Than 1/3 of Overall Palestinian Deaths and Injuries Are Children,ochaopt.org,http://www.ochaopt.org/documents/ocha_opt_gaza_humanitarian_situation_report_2009_01_08_english.pdf
2009-01-12,07:50:19,7p08c,32,Israel's War an Gaza galvanizes suport for Hamas in West Bank.   Honest question: How is this war not making the situation worse for everyone?,voanews.com,http://voanews.com/english/2009-01-11-voa24.cfm
2009-01-11,13:26:36,7ovld,34,Channel 4 - Gazan 5 month baby ran over by a 70 ton Israeli tank,de.youtube.com,http://de.youtube.com/watch?v=V2jQE6vM3M8
2009-01-12,04:04:17,7oz61,29,FREE GAZA TO ISRAEL: ''WE ARE COMING IN ON TUESDAY'',freegaza.org,http://www.freegaza.org/en/home/666-free-gaza-to-israel-qwe-are-coming-in-on-tuesdayq
2009-01-12,07:02:57,7p012,24,Israeli border guard's views on Palestinians,liveleak.com,http://www.liveleak.com/view?i=e32_1231680425
2009-01-12,05:06:50,7ozhs,21,U.S. Thwarted Israeli Plan to Bomb Iranian Nuclear Facility - rejected Israeli request to provide deep-penetration bombs & rebuffed plan to fly through U.S.-controlled Iraqi airspace,washingtonpost.com,http://www.washingtonpost.com/wp-dyn/content/article/2009/01/10/AR2009011002257.html?referrer=reddit
2009-01-11,17:23:50,7owcc,18,Reuters Cameras Hit: May 2008 Cameraman recieves direct hit from Israeli Tank.,de.youtube.com,http://de.youtube.com/watch?v=zMgB-1mGW_w
2009-01-11,20:33:55,7owws,20,Depleted uranium found in Gaza victims,globalresearch.ca,http://www.globalresearch.ca/index.php?context=va&aid=11697
2009-01-11,23:59:12,7oxse,19,Media barred from Gaza,thetimes.co.za,http://www.thetimes.co.za/PrintEdition/News/Article.aspx?id=915877
2009-01-12,02:13:37,7oyjc,18,Balance your world-view:  33 Newspaper links for world news ,self.worldnews,https://www.reddit.com/r/worldnews/comments/7oyjc/balance_your_worldview_33_newspaper_links_for/
2009-01-12,03:24:21,7oyy6,12,Scotland on course to being the third most state-dependent country in world. Only Cuba and Iraq spend more taxpayers' money on public service...,dailymail.co.uk,http://www.dailymail.co.uk/news/article-1112024/Scotland-course-state-dependent-country-world.html?ITO=1490
2009-01-11,23:22:22,7oxll,12,Flashback:The Israeli poison gas attacks,mediamonitors.net,http://www.mediamonitors.net/jamesbrooks2.html#I
2009-01-12,01:30:18,7oyaj,13,Who will save Israel from Itself?,english.aljazeera.net,http://english.aljazeera.net/focus/war_on_gaza/2009/01/2009110112723260741.html
2009-01-12,07:39:04,7p06p,12,Warning over new US travel rules,news.bbc.co.uk,http://news.bbc.co.uk/1/hi/uk_politics/7822794.stm
2009-01-12,04:46:39,7oze7,9,Israeli troops 'shot at from Syria'.,english.aljazeera.net,http://english.aljazeera.net/news/middleeast/2009/01/2009111154938642696.html
2009-01-12,03:34:01,7oz07,10,Blair reappears on short-list to head EU,ft.com,http://www.ft.com/cms/s/0/ba0753fe-e004-11dd-9ee9-000077b07658.html
2009-01-12,02:25:31,7oylw,12,"Despite the horrific injuries, children in Gaza defy the massacres with a smile ?! ... [Graphic]",youtube.com,http://www.youtube.com/watch?v=wY-lePRwBxc
2009-01-12,02:06:21,7oyi1,9,10 Most Pressing Humanitarian Crises,doctorswithoutborders.org,http://www.doctorswithoutborders.org/publications/topten/
2009-01-12,03:52:49,7oz3q,7,How can you fail to to see the peace activism on the Israeli side? (Photo - San Francisco Rally) ,indybay.org,http://www.indybay.org/uploads/2009/01/10/01_promassacre_rally_1.jpg
2009-01-11,06:42:14,7ou09,9, -20 temperatures in Germany. All time coldest temperatures recorded.  ,zimbio.com,http://www.zimbio.com/pictures/eJKyKz2tydE/Freezing+Temperatures+Hits+Germany/Gy0ediranUp
