2009-02-18,03:24:54,7y4qr,659,"Mexico just discovered oil ""3.8 times its present known reserves, and half that of the Saudis"" There goes your Electric vehicle progress.",eluniversal.com.mx,http://www.eluniversal.com.mx/finanzas/69237.html
2009-02-18,04:14:55,7y56e,292,"UK: It is now illegal to photograph the police, despite the fact that they use increasingly aggressive techniques to record citizens",guardian.co.uk,http://www.guardian.co.uk/commentisfree/2009/feb/16/protest-police-liberty-central
2009-02-18,14:43:00,7y9v3,233,Israel launches air strikes on Gaza,uk.reuters.com,http://uk.reuters.com/article/worldNews/idUKTRE51H17420090218
2009-02-19,02:56:22,7yf7o,90,China closes Tibet to foreigners,telegraph.co.uk,http://www.telegraph.co.uk/news/worldnews/asia/tibet/4688657/China-closes-Tibet-to-foreigners.html
2009-02-18,21:29:15,7yc81,44,Two US missile strikes in Pakistan in three days kill more than 60,inteldaily.com,http://www.inteldaily.com/news/147/ARTICLE/9780/2009-02-18.html
2009-02-18,16:42:59,7yakg,36,"Maddow: graphic warning, Gitmo Guard, I feel Ashamed of What I Did",rackjite.com,"http://rackjite.com/archives/2868-Maddow-graphic-warning,-Gitmo-Guard,-I-feel-Ashamed-of-What-I-Did.html"
2009-02-18,16:56:20,7yana,16,Former UK politician convicted to jail over accepting bribes from Berlusconi - Berlusconi in no trouble because he enacted a law to give himself immunity,guardian.co.uk,http://www.guardian.co.uk/politics/2009/feb/18/mills-berlusconi-bribe-case
2009-02-19,00:38:28,7ydv3,18,Pakistan Gives Up Swat Valley to Taliban,huffingtonpost.com,http://www.huffingtonpost.com/2009/02/15/taliban-cease-fire-in-pak_n_167051.html
2009-02-18,21:43:16,7ycbe,13,Italy unmoved by Berlusconi bribe case ,news.bbc.co.uk,http://news.bbc.co.uk/1/hi/world/europe/7895984.stm
2009-02-19,05:57:03,7ygv9,14,"Tonnes of toxic waste from municipal dumps in the West are being dumped illegally in countries like Nigeria and Ghana, an investigation has found.",news.bbc.co.uk,http://news.bbc.co.uk/1/hi/world/africa/7897631.stm
2009-02-18,10:03:05,7y80j,12,Dubai Real Estate Crash. Lindsey Williams was Right !!,youtube.com,http://www.youtube.com/watch?v=sk9Sbpnkd-4&eurl=http://www.treehugger.com/
2009-02-19,04:10:53,7yfws,7,What is Israel up to?  Sudanese rebel leader meets with Israeli spies,iht.com,http://www.iht.com/articles/ap/2009/02/16/news/ML-Israel-Sudanese-Rebel.php
2009-02-18,12:05:18,7y8r4,8,AIDS was the leading cause of death in the People's Republic of China last year amongst infectious disease,news.bbc.co.uk,http://news.bbc.co.uk/2/hi/asia-pacific/7896133.stm
2009-02-19,07:40:41,7yhnp,8,The Conflict in the Congo is a Resource War Waged by US and British Allies,dissidentvoice.org,http://www.dissidentvoice.org/2009/02/the-conflict-in-the-congo-is-a-resource-war-waged-by-us-and-british-allies/
2009-02-18,10:18:34,7y83c,9,Israel is covertly at war with Iran!,reuters.com,http://www.reuters.com/article/topNews/idUSTRE51G1VR20090217?feedType=RSS&feedName=topNews
2009-02-19,06:34:46,7yh6a,8,Stop religious persecution in Iran,cnn.com,http://www.cnn.com/2009/WORLD/meast/02/17/wilson.faith/index.html
2009-02-19,07:21:29,7yhin,6,"UBS to Pay $780 Million Fine, Admits to Massive IRS Fraud",pubrecord.org,http://www.pubrecord.org/nationworld/693-ubs-to-pay-780-million-fine-admits-to-massive-irs-fraud.html
2009-02-18,23:30:56,7yd7l,6,Bush's Billion dollar aid to Pakistan to fight Taliban and al qaeda goes down in drain. They are now more powerful.,google.com,http://www.google.com/hostednews/ap/article/ALeqM5i-nrJb2aCe5y33VJN0H74K5GZGjQD96C7LE00
2009-02-19,03:44:30,7yfof,6,Medea Benjamin:  The Photo from Gaza that Haunts Me,opednews.com,http://www.opednews.com/articles/To-Gaza-With-Love-by-CODEPINK-090218-403.html
2009-02-19,07:34:20,7yhm4,6,Want to know which of the charities and thinktanks you see on UK television are really funded by the Government? Find out here.,fakecharities.org,http://fakecharities.org/
2009-02-18,09:38:00,7y7ur,5,Bristol Palin: abstinence-only teaching doesn't work,news.aol.com,http://news.aol.com/article/bristol-palin-says-abstinence-is-not/346503
2009-02-18,12:14:42,7y8tb,3,"Hezbollah Murdering Rivals in Lebanon Check-Mate, Lebanon has no future. ",yalibnan.com,http://yalibnan.com/site/archives/2009/02/hezbollahled_at.php
2009-02-18,16:00:16,7yabo,4,Border crossings to Mexico closed by protests,msnbc.msn.com,http://www.msnbc.msn.com/id/29243407/
2009-02-18,10:33:11,7y86t,4,Clerics urge new jihad over Gaza,news.bbc.co.uk,http://news.bbc.co.uk/2/hi/middle_east/7895485.stm
2009-02-19,04:42:59,7yg6z,4,Bleak outlook for bombed Gaza Zoo,news.bbc.co.uk,http://news.bbc.co.uk/2/hi/middle_east/7897385.stm
2009-02-19,07:50:34,7yhqx,4,"Uganda - A Shining City on a Hill? What the U.S. and others could learn about election reform from Uganda. Yes, Uganda...",bradblog.com,http://www.bradblog.com/?p=6920
2009-02-19,02:39:25,7yf1t,5,Guatemala has apologised to Cuba for his country's role in the failed US-backed invasion at the Bay of Pigs in 1961,news.bbc.co.uk,http://news.bbc.co.uk/2/hi/americas/7896528.stm
2009-02-18,10:36:29,7y87q,3,Catholic bishops oppose Magna Carta for Women,bloggista.org,http://bloggista.org/1609-catholic-bishops-oppose-magna-carta-for-women.html
2009-02-18,16:45:00,7yakt,1,From 1854 - New York Times Op-Ed Analyzing the Middle-East.  The more things change... (.pdf),query.nytimes.com,http://query.nytimes.com/mem/archive-free/pdf?res=9F06E6D8103AE334BC4952DFB366838F649FDE
2009-02-19,03:52:27,7yfr6,1,Religious leaders face spying charges in Iran,cnn.com,http://www.cnn.com/2009/WORLD/meast/02/18/bahai.trial/index.html?eref=rss_world
