2009-08-09,03:16:23,98sjh,524,"A 'democratic' country is now banning people from using the road based on their ancestry. Which one is it? Yep, Israel.",btselem.org,http://www.btselem.org/english/Freedom_of_Movement/20090806_Beit_Awwa.asp
2009-08-09,09:50:56,98uoc,131,Article: Amnesty International report slams Israel's actions during fighting in Gaza - And now read the comments: Israel's cyber-trolls at work.,cleveland.com,http://www.cleveland.com/world/index.ssf/2009/07/amnesty_international_report_s.html
2009-08-09,21:42:22,98xt8,54,Settlers will never be evicted: Israel PM,abc.net.au,http://www.abc.net.au/news/stories/2009/08/09/2650586.htm
2009-08-10,01:20:59,98z6x,47,Reuters Happy to Take Traffic the AP Doesn't want,webpronews.com,http://www.webpronews.com/topnews/2009/08/06/reuters-please-feel-free-to-link-to-our-stories
2009-08-09,14:08:58,98vx5,37,"Iceland: Lessons to be Learned from The Economic Meltdown: ""Gordon Brown is wrong when he says that he and his government have no responsibility in the matter.""",globalresearch.ca,http://www.globalresearch.ca/PrintArticle.php?articleId=14683
2009-08-10,02:01:22,98zhi,36,Breaking: Plane hijacked in China,google.com,http://www.google.com/hostednews/ap/article/ALeqM5gDafRCy_ApMFpMv1rpwDk8tQZbRAD99VFKR00
2009-08-09,13:22:43,98vp0,37,The poll suggests that more than a million Iraqis have died from the conflict resulting from the U.S. invasion and occupation.,uruknet.info,http://www.uruknet.info/?colonna=m&p=36270
2009-08-09,23:52:56,98yjk,25,"Female sexual abuse: The untold story of society's last taboo: The story of Sharon, who is now 40: From as far back as she can remember until the day she left home at the age of 16, Sharon, an only child, was sexually abused by her mother.



",independent.co.uk,http://www.independent.co.uk/life-style/love-sex/taboo-tolerance/female-sexual-abuse-the-untold-story-of-societys-last-taboo-1767688.html
2009-08-09,13:45:03,98vsp,10,"You often see Palestinian children throwing rocks at the IDF. What you won't see so often is Israeli children throwing rocks at Palestinians while the IDF stands by in armed guard, here an IDF soldier attempts to enforce Israeli law by censoring a video.",botlbrush.com,http://botlbrush.com/blog/?p=1198
2009-08-09,23:28:33,98ydx,12,"NEW Bomb Blast Hits Bar In Mallorca, Spain",nytimes.com,http://www.nytimes.com/reuters/2009/08/09/world/international-uk-spain-bomb.html
2009-08-10,01:20:26,98z6r,8,"Today: Palestinians fire mortars at Gaza border crossing, while an ambulance carrying a Palestinian cardiac patient to Israel passes through [link to bad translation]",translate.google.com,http://translate.google.com/translate?prev=hp&hl=en&js=y&u=http%3A%2F%2Fwww.ynet.co.il%2FExt%2FComp%2FCdaNewsFlash%2F0%2C2297%2CL-3759405_184%2C00.html&sl=iw&tl=en&history_state0=
2009-08-10,01:09:50,98z42,7,Human trafficking plagues UAE,youtube.com,http://www.youtube.com/watch?v=19llq4OsuwQ&eurl=http%3A%2F%2Fvictoriabroad%2Eblogspot%2Ecom%2F2009%2F07%2Fal%2Djazeera%2Dreport%2Dhuman%2Dtrafficking%2Ehtml&feature=player_embedded
2009-08-10,00:49:12,98yyb,7,New Undersea Cables to Expand Broadband in Africa,nytimes.com,http://www.nytimes.com/2009/08/10/technology/10cable.html
2009-08-09,03:04:22,98sg6,5,“I Will Kill Muslim Per Day” ,islamonline.net,http://www.islamonline.net/servlet/Satellite?c=Article_C&pagename=Zone-English-News/NWELayout&cid=1248187726924&utm_source=rss&utm_medium=rss&utm_campaign=rss
2009-08-09,10:35:16,98uwc,3,A Cold War Ghost Reappears in Honduras,nytimes.com,http://www.nytimes.com/2009/08/08/world/americas/08joya.html?em
2009-08-10,01:01:36,98z1w,3,"the target of the [twitter and facebook] attack appears to have been a single person, a 34 year old economics professor and refugee activist from the Republic of Georgia",nytimes.com,http://www.nytimes.com/2009/08/08/technology/internet/08twitter.html?_r=1&ref=global-home
2009-08-10,01:02:42,98z29,3,The Torrid Romantic Life of Kim Jong-il,english.chosun.com,http://english.chosun.com/site/data/html_dir/2009/08/08/2009080800150.html
2009-08-09,23:32:25,98yen,1,Iranian chief of police admits prisoner abuse,jpost.com,http://www.jpost.com/servlet/Satellite?cid=1249418560628&pagename=JPost%2FJPArticle%2FShowFull
2009-08-09,08:56:50,98ufy,2,EU hits out at Tehran over trial: European nations have strongly criticized the latest trials in Iran over the unrest that followed the disputed presidential election.,news.bbc.co.uk,http://news.bbc.co.uk/2/hi/middle_east/8191858.stm
2009-08-09,08:07:17,98u7b,2,"Damaging Israeli misquote finally corrected: ""The Palestinians must be made to understand in the deepest recesses of their consciousness that they are a defeated people,"" the Israeli officer said – or is said to have said.",thestar.com,http://www.thestar.com/News/World/article/678245
2009-08-10,02:17:07,98zkq,2,Briton in Iraqi custody after contractor killings ,msnbc.msn.com,http://www.msnbc.msn.com/id/32349032/ns/world_news-conflict_in_iraq/
2009-08-10,00:58:36,98z0z,2,One dead as Typhoon Morakot slams into China ,cnn.com,http://www.cnn.com/2009/WORLD/weather/08/09/typhoon.china/index.html
2009-08-09,21:41:23,98xsy,1,Baitullah Mehsud said to be alive but Taliban commanders are killing each other to replace him!,allvoices.com,http://www.allvoices.com/contributed-news/3876221-baitullah-mehsud-said-to-be-alive-but-taliban-commanders-are-killing-each-other-to-replace-him
2009-08-09,22:58:10,98y6s,2,"Kadıköy, Turkey told to disown Greek sister city by both the Turkish Interior and Foreign ministries",hurriyetdailynews.com,http://www.hurriyetdailynews.com/n.php?n=kadikoy-told-to-let-go-off-sister-2009-08-07
2009-08-09,22:10:28,98xxr,1,Not Snake Charming: 6000 Bangladeshis die of snake bites annually,news.com.au,"http://www.news.com.au/couriermail/story/0,20797,25906529-5003402,00.html?from=public_rss"
2009-08-10,00:03:02,98ymp,0,"Rebuked by Moscow for being ""too independent"" he was courted by statesmen, royalty and celebrities from all over the world: Marshall Tito",news.bbc.co.uk,http://news.bbc.co.uk/1/hi/programmes/from_our_own_correspondent/8189530.stm
2009-08-10,00:31:22,98ytx,0,"A day in the life of Winston Smith: ""The quote, for many people, was used to shore up something they feel very strongly about. It takes on a life of its own. It's almost irrelevant whether it was ever said.""",thestar.com,http://www.thestar.com/News/World/article/678245?
2009-08-10,07:28:16,991h0,1,"In a hungry world, you'd think that all this available camel meat would be a blessing",google.com,http://www.google.com/hostednews/ap/article/ALeqM5hFXuPli2zdwE5zhQMIMn0PzNDT4QD99V2UL00
2009-08-09,11:19:49,98v3j,0,China's Innovation Advantage - Forbes.com,forbes.com,http://www.forbes.com/2009/08/06/china-innovation-dcm-intelligent-technology-david-chao.html
2009-08-10,05:50:36,990xf,0,2016 Olympics logos! ohh wait...that looks like...no it cant be... OMG,idsgn.org,http://www.idsgn.org/posts/race-for-the-2016-olympics/
