2009-07-27,10:46:19,94sny,919,"To fool the parents of the victims, the children were taken away on ""school trips"" and their parents were later told the x-rays were a treatment for the scourge of scalpal ringworm. 6,000 of the children died shortly after...?",web.israelinsider.com,http://web.israelinsider.com/views/3998.htm?
2009-07-27,12:53:49,94tfb,702,"After being kidnapped at the age of 16 by a group of thugs and enduring a year of rapes and beatings, Assiya Rafiq was delivered to the police and thought her problems were over.

Then, she said, four police officers took turns raping her.",nytimes.com,http://www.nytimes.com/2009/07/26/opinion/26kristof.html?em
2009-07-28,02:53:00,950pq,303,"The future Iran. The protest continues and the regime seems more and more weak. But whatever will happen, the demonstrations changed forever western opinion of the country",inaltreparole.net,http://www.inaltreparole.net/en/world/futureiran250709.html
2009-07-28,00:21:33,94yy9,280,"Private steel manufacturer in China decides to take a stake in a state manufacturer. An executive announces that 25,000 jobs will be cut. Protesters promptly beat him to death.",guardian.co.uk,http://www.guardian.co.uk/world/2009/jul/27/china-steel-workers-boss-beaten
2009-07-28,03:04:37,950v6,270,"An African nation of 3 million people successfully breaks up Al Qaeda cells. Not through wars, but police work. Who'd have thought?",sahelblog.wordpress.com,http://sahelblog.wordpress.com/2009/07/27/mauritania-third-and-fourth-aqim-arrests-in-chris-leggett-case/
2009-07-27,04:50:59,94qnv,185,The Death of Handwriting,time.com,"http://www.time.com/time/magazine/article/0,9171,1912419,00.html"
2009-07-27,16:46:13,94v4d,167,"Rabbi Rosenbaum was the US broker for an international organ trafficking network - he would threaten ""donors"" with a pistol if they tried to back out",nydailynews.com,http://www.nydailynews.com/news/ny_crime/2009/07/24/2009-07-24_seven_year_quest_to_end_rosenbaum_evil_work_pays_off.html
2009-07-27,22:58:16,94y0u,116,College degrees/grades are stolen and sold to underachievers seeking new identities and better job prospects in China.,nytimes.com,http://www.nytimes.com/2009/07/27/world/asia/27china.html?hp
2009-07-27,03:01:00,94pyk,97,"The limits of freedom: In theory we are free to say 
what we like in Israel, but the reality can be quite 
different",guardian.co.uk,http://www.guardian.co.uk/commentisfree/libertycentral/2009/jul/26/israel-freedom-speech-censorship
2009-07-28,04:23:52,951pn,84,"So I noticed Barry Chamish's wacky five year old ringworm conspiracy theory hit the front page to much acclaim, well, here is another jewel of his.",mt.net,http://www.mt.net/~watcher/chamishgiants.html
2009-07-27,23:55:51,94yoo,40,Poor students with good grades get identities stolen and lives ruined in China,nytimes.com,http://www.nytimes.com/2009/07/27/world/asia/27china.html
2009-07-27,23:03:43,94y2q,41,Northern Nigeria: 150 have been killed in two days by Islamist militants.,news.bbc.co.uk,http://news.bbc.co.uk/2/hi/africa/8169966.stm
2009-07-28,04:15:33,951mj,30,Germany closes two brothels that offered unlimited sex for one low flat-rate due to poor hygiene & sanitary standards,spiegel.de,"http://www.spiegel.de/international/germany/0,1518,638594,00.html"
2009-07-27,13:15:13,94tk9,20,"China Plans To Take Over The World: China owns $2.2 trillion in Treasuries and other foreign paper, uses these to buy companies, land, natural resources, etc. ",businessinsider.com,http://www.businessinsider.com/henry-blodget-chinas-new-plan-to-take-over-the-world-2009-7
2009-07-27,23:34:30,94yfo,27,Iranians have to sort out their problems on their own,gather.com,http://www.gather.com/viewArticle.action?articleId=281474977752001
2009-07-27,21:51:49,94xew,19,Honduras: Micheletti appoints death squad veteran,dailykos.com,http://www.dailykos.com/storyonly/2009/7/24/757525/-Honduras:-Micheletti-appoints-death-squad-veteran
2009-07-28,01:39:46,94zv2,11,A Saudi man who boasted about his sexual conquests on an Arabic TV station has tearfully apologised as calls mounted for him to be punished.,news.bbc.co.uk,http://news.bbc.co.uk/2/hi/middle_east/8171135.stm
2009-07-27,09:03:23,94s37,11,The women who clear Sudan's minefields,news.bbc.co.uk,http://news.bbc.co.uk/1/hi/world/africa/8161199.stm
2009-07-28,00:33:50,94z3h,9,Palestinian Martyrs Threaten Bruno,gather.com,http://www.gather.com/viewArticle.action?articleId=281474977752249
2009-07-27,14:44:28,94u6z,6,US to increase funding for 'hacktivists' aiding Iran,boston.com,http://www.boston.com/news/nation/articles/2009/07/26/us_to_increase_funding_for_hackivists_aiding_iranians/?page=2
2009-07-27,09:48:30,94sc6,7,Oh the irony: Jews protest Arab construction in Israel,cnn.com,http://www.cnn.com/2009/WORLD/meast/07/26/israel.protests/index.html
2009-07-28,05:04:42,9526t,8,Israeli Settlers Rally: Obama racist; his regime will fall ,ynetnews.com,"http://www.ynetnews.com/articles/0,7340,L-3753117,00.html"
2009-07-28,03:16:19,950zt,4,"Skype singled out as threat to Russia's security
",telecomengine.com,http://www.telecomengine.com/article.asp?HH_ID=AR_5511
2009-07-28,04:48:22,951zo,4,Russian Serious With Action Against Convicted Monopolist Microsoft,groups.google.com,http://groups.google.com/group/comp.os.linux.advocacy/msg/3d456a0a744b0ee2
2009-07-27,19:03:01,94w5d,7,One Sixth of Humanity Is Hungry - UN,us.oneworld.net,http://us.oneworld.net/places/jordan/-/article/364658-hunger-crisis-affecting-one-sixth-humanity
2009-07-28,05:54:16,952os,7,"Rabbi Ovadia on Obama pressuring Israel to stop settlements: ""it's as if we were their slaves,"". ""We are being ruled by slaves"", ""Our messiah will come and throw them out."" ",ynetnews.com,"http://www.ynetnews.com/articles/0,7340,L-3752180,00.html"
2009-07-27,11:49:09,94t0t,6,"And just to confuse everybody a little bit more, North Korea says it's open to new nuclear talks",nytimes.com,http://www.nytimes.com/aponline/2009/07/26/world/AP-AS-Koreas-Nuclear.html
2009-07-27,11:19:54,94sum,5,"Iranian President Mahmoud Ahmadinejad has sacked his intelligence minister, a day after he was forced to cancel the appointment of his vice-president.",news.bbc.co.uk,http://news.bbc.co.uk/2/hi/middle_east/8169839.stm
2009-07-27,15:22:21,94uh8,4,"Files Vanished, Young Chinese Lose the Future",nytimes.com,http://www.nytimes.com/2009/07/27/world/asia/27china.html?_r=1&partner=rss&emc=rss
2009-07-27,14:08:46,94txw,5,European Court Ruling spells an end to water fluoridation.,americareclaimed.com,http://www.americareclaimed.com/european-court-ruling-spells-an-end-to-water-fluoridation
