2009-12-17,05:01:13,afgrr,428,"Hugo Chavez: If Climate Were Bank, U.S. Would Have Saved It",cbsnews.com,http://www.cbsnews.com/blogs/2009/12/16/politics/politicalhotsheet/entry5986657.shtml
2009-12-17,20:39:14,afpna,274,Two British soldiers in Afghanistan sacrificed their lives preventing Taliban suicide attack in marketplace,guardian.co.uk,http://www.guardian.co.uk/uk/2009/dec/17/british-soldiers-afghanistan-bomb
2009-12-17,18:50:34,afomy,196,Brazil boy found with 40 needles in 'black magic rite' - arrest made,news.bbc.co.uk,http://news.bbc.co.uk/2/hi/americas/8416667.stm
2009-12-17,14:22:11,afm31,94,Indians banned from entering first Haagen Dazs outlet in India.,blogs.timesofindia.indiatimes.com,http://blogs.timesofindia.indiatimes.com/randomaccess/entry/sorry_indians_not_allowed1
2009-12-17,14:58:39,afmfv,58,Israeli FM: 'Anti-Israel is the new anti-Semitism.'  How did he pack all of that wrong in one short sentence? ,jpost.com,http://www.jpost.com/servlet/Satellite?cid=1260930878910&pagename=JPost/JPArticle/ShowFull
2009-12-18,00:23:32,afs9g,57,"UK: Father jailed for minimum of 22 years for murder of his 15-year-old daughter who ran away to live with man from different Islamic sect. It was a matter of ""honor"". ",guardian.co.uk,http://www.guardian.co.uk/uk/2009/dec/17/honour-killing-tulay-goren
2009-12-17,16:20:35,afn8w,49,"Reg Keys, who ran against Tony Blair as an independent candidate, and who lost his son in the war, explains in BBC interview why Tony Blair *is* a war criminal.",stopwar.org.uk,http://stopwar.org.uk/content/view/1656/1/
2009-12-17,01:51:19,afeiw,52,"BBC's Have Your Say: ""Should homosexuals face 
execution?"" Some of these comments are fucking 
disgusting.",newsforums.bbc.co.uk,http://newsforums.bbc.co.uk/nol/thread.jspa?forumID=7347&sortBy=2&edition=2&ttl=20091216174919
2009-12-17,18:32:05,afogl,42,Obama told China: I can't stop Israel strike on Iran for much longer,haaretz.com,http://www.haaretz.com/hasen/spages/1135730.html
2009-12-18,00:46:24,afslk,27,"Yemen claims to have killed up to 30 al Qaeda militants, including 8 would-be suicide bombers. As well as fighting al Qaeda militants, the Arab world's poorest country is battling a separate Shi'ite rebellion in the north and separatist unrest in the south.",reuters.com,http://www.reuters.com/article/idUSTRE5BG34M20091217
2009-12-18,02:11:33,aftny,22,"In September 2008 Ecuador became the first country in the world to declare constitutional rights to nature, thus codifying a new system of environmental protection",projectcensored.org,http://www.projectcensored.org/top-stories/articles/18-ecuadors-constitutional-rights-of-nature/
2009-12-18,02:03:04,aftkg,17,Globalization: South Korea's Daewoo Logistics has a 99-year lease on 3.2 million acres of farmland on the dirt-poor tropical island of Madagascar,time.com,"http://www.time.com/time/world/article/0,8599,1861145,00.html"
2009-12-18,02:35:55,aftzd,20,"Egypt is building an underground barrier with Gaza and said it was a ""sovereign right"" that would increase pressure on the enclave's Hamas rulers.",news.yahoo.com,http://news.yahoo.com/s/afp/20091217/wl_mideast_afp/mideastconflictgazaegyptsmuggling
2009-12-17,21:40:29,afq8x,17,Canada on climate change - Harper's government is content to follow the U.S. on climate change policy,globalpost.com,http://www.globalpost.com/dispatch/canada/091216/canada-lags-climate-change
2009-12-17,14:24:58,afm3y,16,"The BBC suffered criticism from lawmakers 
Wednesday for inviting debate on whether 
homosexuals should be killed",huffingtonpost.com,http://www.huffingtonpost.com/2009/12/16/bbc-slammed-for-debating-_n_394894.html
2009-12-17,06:46:56,afhwq,11,Climategate goes SERIAL: now the Russians confirm that UK climate scientists manipulated data to exaggerate global warming ,blogs.telegraph.co.uk,http://blogs.telegraph.co.uk/news/jamesdelingpole/100020126/climategate-goes-serial-now-the-russians-confirm-that-uk-climate-scientists-manipulated-data-to-exaggerate-global-warming/
2009-12-17,19:57:09,afp95,6,Livni arrest warrant ::: We face a choice - Apply international law or treat it as the farce it has become -- Financial Times --,blogs.ft.com,http://blogs.ft.com/ft-dot-comment/2009/12/16/prosecuting-realpolitik/
2009-12-17,17:52:35,afo2j,5,Brazil Votes to Accept Venezuela into Mercosur,venezuelanalysis.com,http://www.venezuelanalysis.com/news/5010
2009-12-17,18:44:07,afokn,6,Japan unveils massive package to fight climate change,english.cctv.com,http://english.cctv.com/program/newshour/20091217/102935.shtml
2009-12-17,10:52:24,afk32,6,Irish MP lets off some steam,youtube.com,http://www.youtube.com/watch?v=CosVhlxpFao
2009-12-18,04:52:50,afvk9,5,Tzipi Livni arrest warrant provokes Britain-Israel diplomatic row  - Telegraph,telegraph.co.uk,http://www.telegraph.co.uk/news/worldnews/middleeast/israel/6819275/Tzipi-Livni-arrest-warrant-provokes-Britain-Israel-diplomatic-row.html
2009-12-17,18:28:17,afofg,7,"At 1.4 bn, India's population to surpass China's by 2025: US Census",economictimes.indiatimes.com,http://economictimes.indiatimes.com/news/politics/nation/At-14-bn-Indias-population-to-surpass-Chinas-by-2025-US-Census/articleshow/5343525.cms
2009-12-17,12:24:02,afkwo,5,Why An Agreement In Copenhagen Could Make Things Worse,newscientist.com,http://www.newscientist.com/blogs/shortsharpscience/2009/12/copenhagen-could-produce-the-w.html
2009-12-17,19:38:59,afp30,6,"Successful prosecutions for racist, religious, 
homophobic and disability-related crimes in the UK 
have gone up from 8% to 82% in four years",guardian.co.uk,http://www.guardian.co.uk/uk/feedarticle/8860850
2009-12-17,18:19:57,afoc4,5,UN: Israeli construction restrictions harm Palestinians in areas that have been largely designated for the use of Israeli settlements or the Israeli military,jpost.com,http://www.jpost.com/servlet/Satellite?cid=1260930883552&pagename=JPost%2FJPArticle%2FShowFull
2009-12-17,15:13:52,afmm4,5,Pakistan rejects Obama's demands to crackdown on militants,examiner.com,http://www.examiner.com/examiner/x-30980-Afghanistan-Headlines-Examiner~y2009m12d17-Pakistan-rejects-Obamas-demands-to-crackdown-on-militants
2009-12-17,20:12:05,afpdz,6,Fight against discrimination on the basis of sexual orientation and gender identity: An impassioned speech on transgender rights by Filipina trans activist Sass Rogando Sasot (at 2:58),youtube.com,http://www.youtube.com/watch?v=JrOc6CIQjtc&feature=player_embedded
2009-12-17,12:06:13,afkqy,5,Chinese Begin Work On World's Longest Bridge.  The USA? Still trying to figure out health insurance.,guardian.co.uk,http://www.guardian.co.uk/world/2009/dec/15/worlds-longest-sea-bridge
2009-12-17,12:59:58,afl83,4,"Over a 1000 Indians (Hindus, Muslims & Sikhs) vow to marry sex workers",news.bbc.co.uk,http://news.bbc.co.uk/2/hi/south_asia/8416739.stm
2009-12-18,01:18:26,aft05,4,Rare gender identity defect hits Gaza families: male pseudohermaphrodism,edition.cnn.com,http://edition.cnn.com/2009/WORLD/meast/12/17/gaza.gender.id/
