2009-07-13,21:49:01,90pqh,844,Water wars break out in India. Bhopal (pop. 1.8 million) has been rationed to 30 minutes of water supply once every three days. Indore is half an hour's supply every seven days.,guardian.co.uk,http://www.guardian.co.uk/world/2009/jul/12/india-water-supply-bhopal
2009-07-13,23:41:28,90qwl,545,UK cuts Israel weapons contracts  because of the indiscriminate killing of the civilians during the war on Gaza.,news.bbc.co.uk,http://news.bbc.co.uk/2/hi/middle_east/8147377.stm
2009-07-13,11:07:53,90lbe,441,Kim Jong Il 'has pancreatic cancer',timesonline.co.uk,http://www.timesonline.co.uk/tol/news/world/asia/article6696778.ece
2009-07-13,18:51:37,90ogj,339,"This is not a joke: Iran condemns ""Italy's use of force to repress demonstrations against G8""",corriere.it,http://www.corriere.it/politica/09_luglio_10/iran_attacco_diplomatico_italy_3f555f44-6d3e-11de-9715-00144f02aabc.shtml
2009-07-13,13:49:47,90mdk,107,In 2007 an Israeli company backed with 2 million dollars in funding set up a system to game social networking sites such as Reddit and Digg.,venturebeat.com,http://venturebeat.com/2007/05/16/collactive-seeks-to-overwhelm-digg-reddit-with-interested-stories/
2009-07-13,21:20:36,90pim,50,A NHS doctor from London who was held captive in a Bangladeshi psychiatric hospital and forced to marry someone she had never met.,channel4.com,http://www.channel4.com/news/articles/uk/exclusive+forced+marriage+victim+speaks/3264177
2009-07-14,06:32:47,90v7e,35,Israel and EU Clash Over Settlements,ipsnews.net,http://www.ipsnews.net/news.asp?idnews=47636
2009-07-13,18:23:20,90o9b,31,How the state (UK) crushed the early 90s free party scene ,guardian.co.uk,http://www.guardian.co.uk/music/2009/jul/12/90s-spiral-tribe-free-parties
2009-07-14,04:43:02,90u5t,31,"UK cuts Israel weapons contracts. At fucking last.
",news.bbc.co.uk,http://news.bbc.co.uk/1/hi/world/middle_east/8147377.stm
2009-07-13,11:38:27,90lhs,29,Top Iranian cleric Montazeri: Khamenei is illegitimate,themajlis.org,http://www.themajlis.org/2009/07/12/montazeri-khamenei-is-illegitimate
2009-07-14,01:06:39,90rw0,24,"A video of a British soldier screaming obscenities and abuse at hooded Iraqi detainees was shown today at the opening session of a public inquiry into how the hotel receptionist, Baha Mousa, was killed while in British custody.",guardian.co.uk,http://www.guardian.co.uk/uk/2009/jul/13/baha-mousa-inquiry-opens
2009-07-13,22:20:38,90q1c,22,"A group of Sudanese women flogged for dressing ""indecently"" - they were wearing trousers",news.bbc.co.uk,http://news.bbc.co.uk/2/hi/africa/8147329.stm
2009-07-13,13:10:09,90m2w,20,"Chinese artist looks into Sichuan earthquake deaths. ""He began his own investigation, collecting names of the children who died. He had reached more than 5,000 names before his blog was shut down last month.",cbc.ca,http://www.cbc.ca/arts/artdesign/story/2009/07/12/aiweiwei-criticism-china.html
2009-07-14,06:46:27,90vb4,19,"N. Ireland: More than 1,000 Orangemen and their accompanying bandsmen eventually did march down the main road past Ardoyne to the beat of a lone drum — but only after riot police fought an hourlong street battle backed by a surveillance helicopter and three massive mobile water cannons.",google.com,http://www.google.com/hostednews/ap/article/ALeqM5izNTMK0hWvtHXdhYEKuEQawlxC_AD99DPU800
2009-07-13,10:04:03,90kyf,18,African Obama Frenzy: 'We want him to rule all African countries',independent.co.uk,http://www.independent.co.uk/news/world/africa/we-want-him-to-rule-all-african-countries-1741907.html
2009-07-14,02:45:45,90syn,17,Iran's Terrifying Facebook Police—Traveller's Facebook Page is Accessed by Iranian Immigration Agent and All Her Friends' Names are Recorded.,npr.org,http://www.npr.org/templates/story/story.php?storyId=106535773
2009-07-14,03:43:38,90tk5,17,Grand Ayatollah Montazeri’s Fatwa: The Supreme Leader is Illegitimate,tehranbureau.com,http://tehranbureau.com/grand-ayatollah-montazeris-fatwa/
2009-07-14,02:44:37,90syb,11,"Most expensive US jet ever can outfly anything else in the sky-- so long as it doesn't have to do it for longer than one hour and 42 minutes. After that, it can become a sitting duck.",ajc.com,http://www.ajc.com/metro/content/metro/cobb/stories/2009/07/10/F_22_maintenance_marietta.html
2009-07-13,19:19:52,90onn,12,"In 2006, the big joke among Israeli leaders was 
putting Gaza on a ""diet"" (get it?). They're still 
laughing.",zmag.org,http://www.zmag.org/znet/viewArticle/4356
2009-07-13,22:44:52,90qa3,10,Two Uyghurs shot dead by Chinese police,cnn.com,http://www.cnn.com/2009/WORLD/asiapcf/07/13/china.uyghur.deaths/index.html
2009-07-13,21:59:33,90ptg,7,Seven religious minority members face execution in Iran,amnesty.org,http://www.amnesty.org/en/news-and-updates/news/seven-religious-minority-members-face-execution-in-iran-20090710
2009-07-14,00:57:54,90rs5,8,"Torture and Massacre of 2,000 at Afghan Prison May Have US Ties.  Obama Calls for Probe.  (Vid)",democracynow.org,http://www.democracynow.org/2009/7/13/obama_calls_for_probe_into_2001
2009-07-14,00:13:19,90r9y,9,Sudanese girls to get 10 lashes for wearing trousers.,sudantribune.com,http://www.sudantribune.com/spip.php?article31792
2009-07-13,08:44:18,90kj3,5,Fresh fighting erupts in Somalia,edition.cnn.com,http://edition.cnn.com/2009/WORLD/africa/07/12/somalia.fighting/index.html
2009-07-13,10:11:31,90kzr,7,South Korean YTN: Kim Jong-il has pancreatic cancer and the illness is life-threatening.,news.com.au,"http://www.news.com.au/story/0,27574,25771890-23109,00.html"
2009-07-13,10:33:03,90l46,5,Kim Jong-il has pancreatic cancer according to South Korean TV,guardian.co.uk,http://www.guardian.co.uk/world/2009/jul/13/kim-jong-il-pancreatic-cancer
2009-07-13,23:02:56,90qhd,5,Calderon's drug offensive stirs 'wasp nest',latimes.com,"http://www.latimes.com/news/nationworld/world/la-fg-mexico-drugwar13-2009jul13,0,1796109.story"
2009-07-14,02:14:06,90sms,2,European Union foreign policy chief Javier Solana has called for the United Nations Security Council to recognize a Palestinian state by a certain deadline even if an agreement is not reached between Israel and the Palestinians. ,haaretz.com,http://www.haaretz.com/hasen/spages/1099686.html
2009-07-13,18:41:07,90oe8,4,"The soldier asked him to strip down to his underwear, and he was searched, touched His balls had been deemed non-threatening to ""Israel""",dailykos.com,http://www.dailykos.com/storyonly/2009/7/8/45813/78209
2009-07-14,06:03:05,90uxz,2,Facebook gives hatred a hand | Andre Oboler,guardian.co.uk,http://www.guardian.co.uk/commentisfree/2009/jul/13/facebook-holocaust-denial-groups
