2011-05-22,04:53:49,hgun1,991,Volcano just erupted in Iceland.....i kid you not.,mbl.is,http://mbl.is/frettir/innlent/2011/05/21/horfdi_a_bolsturinn_koma_upp/
2011-05-22,18:38:03,hh8l8,859,Very Graphic: Dead Syrian protesters kept in a refrigerated truck.,liveleak.com,http://www.liveleak.com/view?i=b3d_1306053762
2011-05-23,00:35:31,hhcje,543,NSFW Syrian soldiers laughing at dead men who tried to smuggle food into the besieged city Daraa.,liveleak.com,http://www.liveleak.com/view?i=97d_1306077201
2011-05-22,22:53:35,hhb2s,390,"In Brazil, a march for the legalization of marijuana which was banned, turned into confrontation on the Avenida Paulista, as military police attacked the demonstrators with tear gas and rubber bullets",translate.google.com,http://translate.google.com/translate?js=n&prev=_t&hl=en&ie=UTF-8&layout=2&eotf=1&sl=auto&tl=en&u=http%3A%2F%2Fultimosegundo.ig.com.br%2Fbrasil%2Fsp%2Fpm%2Bataca%2Bmanifestantes%2Bdepois%2Bde%2Bliberar%2Bmarcha%2Fn1596970226728.html
2011-05-23,00:05:55,hhc1p,318,"Shock after Dutch priest endorses pedophilia: the priest - identified as 73-year-old ""Father Van B."" - served on the board of ""Martijn,"" a group that campaigns to end the Dutch ban on adult-child sex",hosted.ap.org,http://hosted.ap.org/dynamic/stories/E/EU_NETHERLANDS_PEDOPHILE_PRIEST?SITE=AP&SECTION=HOME&TEMPLATE=DEFAULT&CTIME=2011-05-21-07-20-43
2011-05-22,18:25:57,hh8gz,208,Australian Gov't cancels funding program which assists ISPs to offer internet filtering options to customers; citing a lack of interest in the project,delimiter.com.au,http://delimiter.com.au/2011/05/10/budget-2011-filter-grants-cancelleddue-to-lack-of-interest/
2011-05-22,22:15:41,hhaog,193,Saudis arrest woman for driving a car,guardian.co.uk,http://www.guardian.co.uk/world/2011/may/22/saudi-arabia-youtube-activist-arrest?INTCMP=SRCH
2011-05-22,22:12:05,hhani,135,French publish rape accuser's name: Major media commit a serious breach of journalistic ethics,globalpost.com,http://www.globalpost.com/dispatch/news/regions/europe/france/110520/name-photos-Strauss-Kahn-alleged-rape-victim
2011-05-22,02:13:58,hgrgy,109,"UK law firm demand Twitter hand over the name, email address and IP address of the person naming a married sports celebrity who has a gagging order on the press or TV in the UK talking about his affair.",news.sky.com,http://news.sky.com/skynews/Home/UK-News/Video-Super-Injunctions-Legal-Action-Against-Twitter-As-Study-Into-Use-Of-Gagging-Orders-Published/Article/201105315996477?lpos=UK_News_Top_Stories_Header_2&lid=ARTICLE_15996477_Video%2C_Super-Injunctions%3A_Legal_Action_Against_Twitter_As_Study_Into_Use_Of_Gagging_Orders_Published
2011-05-23,01:28:36,hhdhl,104,"US cable: Saudi, Emirati donors provide $100 million to radical Islamic schools in Pakistan",washingtonpost.com,http://www.washingtonpost.com/world/pakistan-army-denies-report-of-us-troops-in-tribal-region-near-afghanistan/2011/05/22/AFrPbv8G_story.html
2011-05-23,04:21:06,hhgvk,93,"Saudi Arabia, UAE funded jihadi networks in Pakistan: Wikileaks cable : A U.S. diplomatic cable published by WikiLeaks said financial support estimated at $100 million a year was making its way from those Gulf Arab states to a jihadist recruitment network in Pakistan’s Punjab province...",rawstory.com,http://www.rawstory.com/rs/2011/05/22/wikileaks-saudi-arabia-uae-funded-jihad-pakistan-children/
2011-05-22,05:38:53,hgvjs,92,Chinese suggest invading Somalia,globalspin.blogs.time.com,http://globalspin.blogs.time.com/2011/05/21/facing-the-threat-of-piracy-china-starts-to-talk-like-a-superpower/
2011-05-22,08:57:06,hgzet,90,"Sunday, 22 May 2011---Britain's eight-year presence in Iraq formally comes to an end today, when the remaining 170 troops depart, spelling the end to one of the most controversial military campaigns ever conducted in recent British history.",independent.co.uk,http://www.independent.co.uk/news/uk/home-news/eight-years-on-the-last-british-soldier-leaves-iraq-2287603.html
2011-05-22,12:58:54,hh3qp,54,"Inspired by Arab Spring, Spain's youthful 15-M movement spreads in Europe: Young Spaniards railing against political stagnation and high unemployment are protesting in 166 cities across the country and have sparked other protests in Europe.",csmonitor.com,http://www.csmonitor.com/World/Europe/2011/0520/Inspired-by-Arab-Spring-Spain-s-youthful-15-M-movement-spreads-in-Europe
2011-05-22,13:54:42,hh4q9,51,Now Butt Out: New push seeks to outlaw cigarettes,theage.com.au,http://www.theage.com.au/victoria/now-butt-out-new-push-seeks-to-outlaw-cigarettes-20110521-1ey2s.html
2011-05-23,02:52:38,hhf23,50,Pakistan invites China to build a naval base.,timesofindia.indiatimes.com,http://timesofindia.indiatimes.com/world/pakistan/New-Article/articleshow/8496915.cms
2011-05-22,08:22:39,hgyqy,48,"An American Gun in Mexico -- How does a weapon made in Tennessee, sold in Missouri and traded in Texas end up at a drug shootout in Chihuahua?
",online.wsj.com,http://online.wsj.com/article/SB10001424052748704904604576335162888589404.html?mod=WSJ_newsreel_lifeStyle
2011-05-23,02:50:40,hhf0u,40,"Egyptian policeman who killed peaceful protesters during the revolution earlier this year, is sentenced to death.",wireupdate.com,http://wireupdate.com/wires/17575/policeman-sentenced-to-death-for-killing-egyptian-protesters/
2011-05-23,03:40:30,hhg1n,37,BBC News - Blasts rock air base in Pakistan,bbc.co.uk,http://www.bbc.co.uk/news/world-south-asia-13495127
2011-05-23,07:59:33,hhlb4,34,"Spain's Socialists punished in local elections

",reuters.com,http://www.reuters.com/article/2011/05/22/us-spain-election-idUSTRE74L0QI20110522
2011-05-23,00:48:48,hhcrr,32,"In a boost to Libya's rebels, the European Union opened a diplomatic office Sunday in their eastern stronghold and pledged support for a democratic Libya where Moammar Gadhafi ""will not be in the picture.""",google.com,http://www.google.com/hostednews/ap/article/ALeqM5gD3-zRW0ww2WPP29p6pWLbcLy7zQ?docId=8b94b83e45954aed8965e60e3e83664b
2011-05-22,16:30:41,hh741,35,"Yemeni president to step down, calling deal a coup",sfgate.com,http://www.sfgate.com/cgi-bin/article.cgi?f=/c/a/2011/05/21/MNJ11JJA7B.DTL
2011-05-23,01:18:01,hhdad,34,Switzerland will stop using nuclear power after Japanese crisis; nuclear plants currently supply 40% of Swiss power,af.reuters.com,http://af.reuters.com/article/energyOilNews/idAFLDE74L07820110522
2011-05-23,05:17:59,hhi17,28,The CIA was recently caught by Swedish intelligence doing illegal reconnaissance in Sweden.,translate.google.com,http://translate.google.com/translate?js=n&prev=_t&hl=en&ie=UTF-8&layout=2&eotf=1&sl=auto&tl=en&u=http%3A%2F%2Fwww.svd.se%2Fnyheter%2Finrikes%2Fsapo-stoppade-cia-operation_6186331.svd
2011-05-22,23:39:22,hhbnl,28,"Hezbollah Supportive of Egyptian, Tunisian Uprisings But Not Syria's",payvand.com,http://www.payvand.com/news/11/may/1213.html
2011-05-22,15:00:18,hh5rv,28," Valparaiso protesters in clashes with police to protest against a hydro-electric dam project in southern Chile, which they say will destroy 6,000 hectares of forest.",bbc.co.uk,http://www.bbc.co.uk/news/world-latin-america-13487338
2011-05-23,03:37:29,hhfz6,23,"The University of London Union has voted 10-1 to institute and campaign for Boycott, Divestment and Sanctions (BDS) against the Israeli regime and in support of Palestine. ",weeklyintercept.blogspot.com,http://weeklyintercept.blogspot.com/2011/05/university-of-london-boycotts-israel.html
2011-05-23,02:34:21,hheov,26,"Yemen deal in doubt as Saleh loyalists trap diplomats in embassy - An armed mob loyal to the Yemeni president have trapped US, British, European and Arab ambassadors inside a diplomatic mission in the capital",guardian.co.uk,http://www.guardian.co.uk/world/2011/may/22/yemen-saleh-loyalists-trap-diplomats
2011-05-22,17:26:21,hh7ty,20,"Suicide bombers storm Afghan police base: Suicide bombers wielding machine guns have stormed a government building in eastern Afghanistan, officials say.",bbc.co.uk,http://www.bbc.co.uk/news/world-south-asia-13489190
2011-05-23,05:37:14,hhif6,23,BBC News - Mexican army general Jorge Juarez Loera shot dead ,bbc.co.uk,http://www.bbc.co.uk/news/world-latin-america-13495087?utm_source=twitterfeed&utm_medium=twitter
