2011-01-31,20:19:59,fccbb,1544,5 Al-Jazeera Journalists Just Got Arrested In Egypt,businessinsider.com,http://www.businessinsider.com/5-al-jazeera-journalists-just-got-arrested-in-egypt-over-the-weekend-al-jazeera-had-its-cairo-bureau-shut-down-th-2011-1
2011-01-31,09:08:28,fc2ze,285,Reddit Londoners: Please come protest at Gamal Mubarak's house in London tomorrow (Monday),self.worldnews,https://www.reddit.com/r/worldnews/comments/fc2ze/reddit_londoners_please_come_protest_at_gamal/
2011-02-01,03:18:16,fcjvy,214,Al Jazeera's website has seen a 2500% increase in traffic...60% of that is from the U.S.,businessinsider.com,http://www.businessinsider.com/al-jazeeras-television-website-traffic-2011-1
2011-02-01,01:09:15,fch36,198,"Ugandan lesbian awaiting deportation from England, faces certain torture for her sexuality",guardian.co.uk,http://www.guardian.co.uk/world/2011/jan/27/ugandan-lesbian-deportation?utm_source=All+Out&utm_campaign=9fc0b64299-Uganda_Brenda_delivery_01_25_11_non-us&utm_medium=email
2011-01-31,19:52:36,fcc04,179,"It is being predicted that Tropical Cyclone Yasi, now barrelling towards the Queensland coast, could be its worst storm in recorded history, deluging the already flood-ravaged state with up to 40 inches of rain. Islands across the Great Barrier Reef are being evacuated and coastal ports closed.",frasercoastchronicle.com.au,http://www.frasercoastchronicle.com.au/story/2011/01/31/yasi-could-rival-larry-bom/
2011-02-01,03:54:47,fckqg,174,The Egyptian Army states that it will NOT use force against protesters.,af.reuters.com,http://af.reuters.com/article/egyptNews/idAFLDE70U2JC20110131
2011-01-31,07:21:11,fc1af,139,"Its spreading, the Syrians are planing a revolution in February 5th.",freedomist.com,http://freedomist.com/2011/01/30/syran-anger-day-planned-feb-5-2011/
2011-01-31,15:26:41,fc97v,135,'Mega protest' planned in Egypt - Al Jazeera English,english.aljazeera.net,http://english.aljazeera.net/news/middleeast/2011/01/20111316148317175.html
2011-01-31,09:08:58,fc2zn,122,"Libya, with Africa's largest oil reserves and the world's ninth largest, imposes a state of emergency ""for fear of demonstration and rallies.""",zerohedge.com,http://www.zerohedge.com/article/libya-next
2011-02-01,02:02:25,fci8q,108,Bradley Manning says he's hopeful about the uprisings in Tunisia and Egypt and is excited by young people using technology to organize the protests,fdlaction.firedoglake.com,http://fdlaction.firedoglake.com/2011/01/31/bradley-manning-punitive-psychiatric-status-remains-but-hopeful-about-youth-uprising-in-tunisia-and-egypt/
2011-02-01,05:38:09,fcmzl,79,WikiLeaks: Britain secretly advised Libya how to secure release of Lockerbie bomber,telegraph.co.uk,http://www.telegraph.co.uk/news/worldnews/wikileaks/8294120/WikiLeaks-Britain-secretly-advised-Libya-how-to-secure-release-of-Lockerbie-bomber.html?sms_ss=reddit&at_xt=4d472bb8e0bbdd9c%2C0
2011-01-31,13:05:15,fc6w8,71,"""If they fire on the Egyptian people, Mubarak is finished,"" she said. ""And if they don't fire on the Egyptian people, Mubarak is finished."" Of such wisdom are Egyptians now possessed.",belfasttelegraph.co.uk,http://www.belfasttelegraph.co.uk/news/world-news/egypts-protests-refuse-to-die-how-much-longer-can-mubarak-cling-on-15068475.html
2011-02-01,04:58:21,fcm4f,62,Noam Chomsky provides excellent break down of the situation in Egypt..,youtube.com,http://www.youtube.com/watch?v=ZlkGjX8bslc&feature=player_embedded#
2011-01-31,12:42:56,fc6gd,59,"Indian Navy destroys pirate mother ship, arrests pirates",thehindu.com,http://www.thehindu.com/news/states/kerala/article1137420.ece
2011-02-01,01:59:56,fci7b,46,"China censors Egypt protests: 
Government of China trying to limit public knowledge of the unrest in Egypt. ",csmonitor.com,http://www.csmonitor.com/Innovation/Latest-News-Wires/2011/0131/China-censors-coverage-of-Egypt-protests-on-the-web
2011-01-31,16:32:12,fca0t,37,The former Jordanian Foreign Minister says No Arab country is safe and no leader is immune from Tunisia's fate if they do not take immediate steps to improve democratic rights.,jpost.com,http://www.jpost.com/MiddleEast/Article.aspx?id=206004&R=R3
2011-02-01,07:24:22,fcpah,39,Egypt Now In FULL Internet Blackout,huffingtonpost.com,http://www.huffingtonpost.com/2011/01/31/noor-group-egypt-internet-down_n_816584.html
2011-02-01,06:34:29,fco60,40,"
2214: Egypt's last working internet service provider, Noor Group, is now down, according to a US web monitoring organisation.",bbc.co.uk,http://www.bbc.co.uk/news/world-middle-east-12307698?<.>
2011-01-31,23:10:48,fcep5,39,What may be the largest cyclone EVER is approaching Australia,businessinsider.com,http://www.businessinsider.com/map-of-the-day-australia-cyclone-yasi-2011-1
2011-02-01,02:54:01,fcjb3,37,Is Syria next? Opposition movements calling for mass protests against Assad,edition.cnn.com,http://edition.cnn.com/2011/WORLD/africa/01/31/egypt.protests.where.else/index.html
2011-01-31,13:46:28,fc7nq,33,Libya Bans Soccer Matches in Fear of Anti-Government Protests,bleacherreport.com,http://bleacherreport.com/articles/590352-libya-bans-soccer-matches-in-fear-of-anti-government-protests
2011-02-01,05:45:13,fcn5f,35,Learn from our mistakes - Letter from an Iranian to the people of Egypt,iranian.com,http://www.iranian.com/main/2011/jan/learn-our-mistakes
2011-02-01,02:33:25,fciv6,26,Egyptian Army Will Not Use Force Against Protesters,news.sky.com,http://news.sky.com/skynews/Home/World-News/Egyptian-Army-We-Wont-Use-Force-Against-Protesters/Article/201101415919803?lpos=World_News_Top_Stories_Header_0&lid=ARTICLE_15919803_Egyptian_Army%3A_We_Wont_Use_Force_Against_Protesters
2011-01-31,21:15:38,fccyw,28,"As protests simmer in Tunisia, and news shifts to Egypt, reforms risk being forgotten.",globalpost.com,http://www.globalpost.com/dispatch/africa/110128/tunisia-protests-forgotten
2011-01-31,17:06:31,fcaf7,23,"At least 50,000 people in Tahir Sq as Egypt protests enter day 7",bbc.co.uk,http://www.bbc.co.uk/news/world-middle-east-12320959
2011-02-01,07:46:17,fcpqk,23,"Political discourse like this, just doesn't exist today - Classic 1969 verbal joust between 2 intellectual powerhouses - Noam Chomsky and William F. Buckley..",youtube.com,http://www.youtube.com/watch?v=Dt-GUAxmxdk
2011-01-31,10:22:55,fc443,21,Meet the Al Jazeera Correspondents Who Are Putting American Coverage Of The Egypt Crisis To Shame,businessinsider.com,http://www.businessinsider.com/meet-the-al-jazeera-correspondents-2011-1?slop=1#slideshow-start
2011-02-01,00:25:24,fcg5n,21,The Torture Career of Egypt's New Vice President: Omar Suleiman and the Rendition to Torture Program,dissidentvoice.org,http://dissidentvoice.org/2011/01/the-torture-career-of-egypts-new-vice-president-omar-suleiman-and-the-rendition-to-torture-program/
2011-01-31,13:08:42,fc6yx,18,Kashmir Valley’s media is being throttled. Giving rumours a free run of the conflict zone,tehelka.com,http://www.tehelka.com/story_main48.asp?filename=Ne050211TheValley.asp
2011-02-01,00:28:32,fcg82,20,"Egyptian protesters call for a massive one ""million people demonstration"" on Tuesday in a bid to force out president Hosni Mubarak from power",commondreams.org,http://www.commondreams.org/headline/2011/01/31
