2011-01-02,06:30:39,euole,1470,"German Interior Minister: ""WikiLeaks is irritating and annoying for Germany, but not a threat. . . . One might also ask, however, if a government is acting intelligently when it organizes its entire diplomatic correspondence on a network that can be accessed by 2.5 million people.""",spiegel.de,"http://www.spiegel.de/international/germany/0,1518,735587,00.html"
2011-01-02,23:13:10,euy64,404,"Her father killed the boy and four of his brothers, and when he discovered that his own mother had helped her granddaughter, he killed his mother too. The harsh reality of Afghan women.",ngm.nationalgeographic.com,http://ngm.nationalgeographic.com/2010/12/afghan-women/rubin-text
2011-01-02,20:28:44,euwy9,314,"An anonymous group of Palestinian students has created a document to express their frustration born of Hamas's violent crackdowns on 'western decadence', the destruction wreaked by Israel's attacks and the political games played by Fatah and the UN",guardian.co.uk,http://www.guardian.co.uk/world/2011/jan/02/free-gaza-youth-manifesto-palestinian?=resubmit
2011-01-02,11:10:33,euruc,187,"The Guardian's New Year resolutions: ""Visa, Mastercard Grow a pair. Stop boycotting WikiLeaks. You're happy to process payments for dubious top-shelf soft porn publishers. So why have you stopped handling donations for Julian Assange's iconoclastic organisation?""",guardian.co.uk,http://www.guardian.co.uk/business/2011/jan/02/business-new-year-resolutions
2011-01-03,02:39:05,ev0lv,183,"""The diplomatic telegrams that WikiLeaks published shows that the U.S. considers the entire world to be its security zone.""",thelocal.se,http://www.thelocal.se/31202/20110102/
2011-01-02,18:30:12,euw7w,160,"Chinese police's flight to congo to ""rescue"" 11 chinese women trafficked there backfires after all the women unanimously agree its better to live and earn there, then in china .",timeslive.co.za,http://www.timeslive.co.za/africa/article831672.ece/Chinese-prostitutes-resist-effort-to-rescue-them-from-Africa
2011-01-02,14:54:38,euufn,145,"Small town of Zug, Switzerland is the headquarters of over 29,000 global companies (nearly 1 for every person in town). These ""headquarters"" exist as nothing more than post-office boxes in the town center...",time.com,"http://www.time.com/time/magazine/article/0,9171,2040142,00.html?xid=rss-mostpopular"
2011-01-03,05:02:16,ev2ld,57,"'Israel Navy chasing Gaza-bound Asia 1' - Two warships with Israel's Navy are reportedly chasing a vessel from Asia 1, an Asia-sourced Gaza-bound aid ship in international waters",presstv.ir,http://www.presstv.ir/detail/158316.html
2011-01-02,22:22:47,euxre,48,A European anti-Islam movement grows: Paris conference brings together speakers from across Europe to rail against the dangers of Islamization,globalpost.com,http://www.globalpost.com/dispatch/france/101228/europe-anti-islam-islamization
2011-01-02,11:45:27,eus9s,47,"Britain's anti-terror control orders condemned as 'trademark of despots' - 
Human rights groups across the world attack one of the 'most serious violations' of natural justice in developed democracies",guardian.co.uk,http://www.guardian.co.uk/uk/2011/jan/02/control-orders-human-rights-coalition-review
2011-01-02,18:48:27,euwc1,50,Wikileaks: Mexico unable to control 'lawless' border with Guatemala ,centerforinvestigativereporting.org,http://centerforinvestigativereporting.org/blogpost/20101222wikileaksmexicounabletocontrol039lawless039borderwithguatemala
2011-01-02,13:09:41,eut8q,48,"Afghan security guard high on hash and opium manning security post shoots at ducks... unfortunately ""ducks"" turn out to be a group of marines killing one of them.",telegraph.co.uk,http://www.telegraph.co.uk/news/worldnews/asia/afghanistan/8234225/Afghan-guard-who-killed-Marine-was-frequent-drug-user.html
2011-01-02,14:06:18,eutwr,43,"Ten Russian ships, 600 crew trapped in sea ice",bbc.co.uk,http://www.bbc.co.uk/news/world-europe-12099928
2011-01-02,22:33:24,euxu1,37,Ciudad Juarez residents flee Mexico's 'dying city',chron.com,http://www.chron.com/disp/story.mpl/ap/latinamerica/7362426.html
2011-01-02,18:41:19,euwaf,39,1000 indian farmers to travel to cuba to understand the disadvantages of using chemical fertilizers...,ain.cubaweb.cu,http://www.ain.cubaweb.cu/idioma/ingles/2010/1229--indian-farmers-travel-cuba.htm
2011-01-02,22:59:02,euy1l,28,Spanish revellers stub out cigarettes as new law takes force,physorg.com,http://www.physorg.com/news/2011-01-spanish-revellers-stub-cigarettes-law.html
2011-01-03,05:48:42,ev37z,27,"IDF chief: ""I am preparing the Israeli army for a large scale war, since it is easier to scale down to a smaller operation than to do the opposite.""",haaretz.com,http://www.haaretz.com/news/diplomacy-defense/wikileaks-quotes-idf-chief-iran-could-hit-israel-within-12-minutes-1.334813
2011-01-03,04:26:03,ev238,24,"PA official: Chile, Uruguay to recognize Palestinian state",jpost.com,http://www.jpost.com/Headlines/Article.aspx?id=201929
2011-01-02,11:50:24,eusbw,25,Palestine: Brazil to Host First Palestinian Embassy in Western Hemisphere - International News - AllMediaNY,allmediany.com,http://www.allmediany.com/details_news_article.php?news_artid=510
2011-01-02,09:23:54,euqng,21,Germans more hostile to Muslims than other Western Europeans,thenational.ae,http://www.thenational.ae/news/worldwide/europe/germans-more-hostile-to-muslims-than-other-western-europeans
2011-01-02,20:04:08,euwt3,20,"Israeli fighter jets strike Gaza Strip - Israeli warplanes have pounded positions in the central and northern Gaza Strip, leaving at least two people injured",presstv.ir,http://www.presstv.ir/detail/158233.html
2011-01-02,09:51:11,euqxq,15,"Classified maps show security in Afghanistan is worsening, despite Obama's assurances the war is 'on track'",dailymail.co.uk,http://www.dailymail.co.uk/news/article-1341986/Classified-maps-security-Afghanistan-worsening-despite-Obamas-assurances-war-track.html
2011-01-03,00:10:31,euyqh,15,"Iran says shot down two ""western drone reconnaissance"" aircraft in Gulf",r.reuters.com,http://r.reuters.com/kuk44r
2011-01-02,09:30:14,euqq2,14,Russia-China oil pipeline opens,bbc.co.uk,http://www.bbc.co.uk/news/world-asia-pacific-12103865
2011-01-02,23:59:39,euymf,15,"New entries from 2010 in the Japanese Encyclopedia of Contemporary Words. Among them, ""gūguru-shō"", or ""Google syndrome"", covering hypochondriacs who use Google to diagnose themselves with various terminal illnesses",search.japantimes.co.jp,http://search.japantimes.co.jp/cgi-bin/ek20101229a1.html
2011-01-02,23:51:27,euyjj,15,"“I can speculate, but we don’t yet know enough about what happened. But of course, this was very tough for us. There were many children killed,” Zaki said. “We came here as families to spend the New Year with God. But many of us left with our family members dead.”",globalpost.com,http://www.globalpost.com/dispatch/egypt/110101/coptic-christian-bomb-attack-cairo-egypt-qaeda-alexandria
2011-01-03,03:59:20,ev1q9,12,A blogger in West Africa writes about the goings-on in Ivory Coast,nofoodforlazyman.blogspot.com,http://nofoodforlazyman.blogspot.com/
2011-01-02,13:50:21,eutq3,10,Clashes follow Egypt church bombing: Police and Christian men face off after attack in northern city of Alexandria kills at least 21 people.,english.aljazeera.net,http://english.aljazeera.net/news/middleeast/2011/01/20111114553109742.html
2011-01-02,08:53:49,euqau,7,"War contamination could be causing deformities in Iraq. Unusually high
rates of birth deformity in an Iraqi city at the centre of the biggest
battle of the allied occupation may be due to war contamination, a new study
has concluded.",telegraph.co.uk,http://www.telegraph.co.uk/news/worldnews/middleeast/iraq/8234159/War-contamination-could-be-causing-deformities-in-Iraq.html
2011-01-02,08:35:17,euq31,8,Dilma Rousseff Sworn in as Brazil's New President,aolnews.com,http://www.aolnews.com/2011/01/01/dilma-rousseff-sworn-in-as-brazils-new-president/
