2011-10-25,19:45:48,lo9gt,2854,"The bankers' blockade of WikiLeaks must end: Whether you support WikiLeaks or not, the blockade by Visa, Mastercard, Paypal and others is a sinister attack on free speech",guardian.co.uk,http://www.guardian.co.uk/commentisfree/2011/oct/24/bankers-wikileaks-free-speech
2011-10-26,06:12:59,loviv,729,Toronto city council bans sale and consumption of shark fin. ,thestar.com,http://www.thestar.com/news/article/1075837--council-bans-sale-consumption-of-shark-fin?bn=1
2011-10-25,02:18:17,lnau0,188,"Nicolas Sarkozy tells David Cameron to 'shut up' in euro clash. ""We are sick of you criticising us and telling us what to do,""",independent.co.uk,http://www.independent.co.uk/news/uk/politics/nicolas-sarkozy-tells-david-cameron-to-shut-up-in-euro-clash-2375098.html
2011-10-25,07:14:15,lnmoe,166,"A moderate Islamist party, committed to democracy and pluralism, is in the lead in Tunisia's first democratic election.",nytimes.com,http://www.nytimes.com/2011/10/25/world/africa/ennahda-moderate-islamic-party-makes-strong-showing-in-tunisia-vote.html?_r=1&hp
2011-10-25,00:36:18,ln70q,143,"Gaddafi loyalists executed in Sirte, HRW found  53 decomposing bodies, apparently Gaddafi supporters, at an abandoned hotel in Sirte, and some had their hands bound behind their backs when they were shot",globalpost.com,http://www.globalpost.com/dispatch/news/regions/africa/111024/53-gaddafi-loyalists-executions-sirte
2011-10-25,21:28:00,lobdj,139,"'Occupy' Blocked In China, Joins Banned Search Terms On Microblog ",huffingtonpost.com,http://www.huffingtonpost.com/2011/10/24/occupy-blocked-in-china-j_n_1028863.html?ir=World
2011-10-25,21:40:22,lobno,104,Turkish Tanks Enter Northern Iraq.  Turkish warplanes bombing the Haftanin region. ,military.com,http://www.military.com/news/article/turkish-tanks-enter-northern-iraq.html?ESRC=sm_todayinmil.nl
2011-10-25,16:06:08,lo5q6,91,Rhino poached to extinction in Vietnam,timeslive.co.za,http://www.timeslive.co.za/world/2011/10/25/rhino-poached-to-extinction-in-vietnam-wwf
2011-10-25,00:31:47,ln6uk,85,Libya: Frame-by-frame analysis shows that Gaddafi was sodomized with what appears to be a knife as he was being taken to the truck,globalpost.com,http://www.globalpost.com/dispatch/news/regions/middle-east/111024/gaddafi-sodomized-video-gaddafi-sodomy/?wtf
2011-10-25,20:45:30,loajj,79,India to outperform China by 2013 ,business.blogs.cnn.com,http://business.blogs.cnn.com/2011/10/25/india-to-outperform-china-by-2013/
2011-10-25,19:22:25,lo940,64,"Man offered €300,000 to artificially 'grow' a hamburger, raising questions about the future of animal farming and welfare.",bbc.co.uk,http://www.bbc.co.uk/news/technology-15402552
2011-10-25,06:25:15,lnkp3,67,Euro collapse is now perhaps unavoidable,nytimes.com,http://www.nytimes.com/2011/10/24/opinion/the-hole-in-europes-bucket.html?hpw&gwh=D191A700D2094CEE845B82A91DB796A2
2011-10-26,00:18:54,logpy,57,Morales signs new law forbidding construction of Amazon road,bbc.co.uk,http://www.bbc.co.uk/news/world-latin-america-15445538
2011-10-26,05:51:49,louol,56,"Wounded Syrian protesters being tortured in hospital, claims Amnesty",guardian.co.uk,http://www.guardian.co.uk/world/2011/oct/25/wounded-syrian-protesters-torture-hospital
2011-10-25,17:59:26,lo7x1,51,Japanese nurse sentenced to hanging in Malaysia,news.yahoo.com,http://news.yahoo.com/japanese-nurse-sentenced-hanging-malaysia-042833040.html
2011-10-26,00:19:23,logqk,49,Berlusconi government on verge of collapse over EU economic reforms ,theglobeandmail.com,http://www.theglobeandmail.com/report-on-business/international-news/berlusconi-government-on-verge-of-collapse-over-eu-economic-reforms/article2212779/
2011-10-25,22:23:33,locsp,47,Berlusconi's Government Risks Collapse --- Italy could be left without a government just as it tries to convince its European partners that it will get its ailing economy back on track,online.wsj.com,http://online.wsj.com/article/SB10001424052970204777904576652683594759372.html?mod=WSJ_World_LeadStory
2011-10-25,13:05:56,lo04y,37,China's Occupy Wall Street Strategy: From Headline News to Banned Search Topic,globalspin.blogs.time.com,http://globalspin.blogs.time.com/2011/10/24/from-headline-news-to-banned-search-topic%E2%80%94chinas-take-on-occupy-wall-street/?xid=rss-topstories&utm_source=feedburner&utm_medium=feed&utm_campaign=Feed%3A+time%2Ftopstories+%28TIME%3A+Top+Stories%29
2011-10-26,01:06:52,loill,35,"China's one-child policy means benefits for parents – if they follow the rules - 
Rule-abiding parents get benefits such as preferential hospital treatment, 1st choice for government jobs & extra land allowances – but rich parents can afford to flout the rules",guardian.co.uk,http://www.guardian.co.uk/environment/2011/oct/25/china-one-child-policy-benefits-rules
2011-10-26,00:57:14,loi81,34,"Economics has met the enemy, and it is economics",ctv.ca,http://www.ctv.ca/generic/generated/static/business/article2202027.html#ixzz1aqqfy8uv
2011-10-24,23:03:02,ln406,30,Turkey accepts Iranian aid for quake victims,english.alarabiya.net,http://english.alarabiya.net/articles/2011/10/24/173381.html
2011-10-26,02:22:43,lolot,31,"Tunisia's moderate Islamist party Ennahda claimed victory in the country's first democratic elections, saying it would reach out to two centre-left parties to form a ""stable political alliance"". Official results are expected Tuesday afternoon. ",france24.com,http://www.france24.com/en/20111025-tunisia-constiutency-election-vote-ben-ali-ennahda
2011-10-25,00:58:49,ln7vy,29,"Bransons, space tourists anxious for maiden flight
",seattlepi.com,http://www.seattlepi.com/news/article/Bransons-space-tourists-anxious-for-maiden-flight-2233350.php
2011-10-26,00:10:13,logdr,27,"Mass killings, arbitrary detention under new Libyan regime",wsws.org,http://wsws.org/articles/2011/oct2011/liby-o25.shtml
2011-10-25,14:06:34,lo2bf,25,Photos: Thailand's worst floods in half a century,blogs.denverpost.com,http://blogs.denverpost.com/captured/2011/10/14/worst-floods-in-a-half-century-in-thailand/5029/
2011-10-25,13:57:34,lo1zw,24,Murdoch sons rebuked by News Corporation shareholders,bbc.co.uk,http://www.bbc.co.uk/news/business-15440825
2011-10-25,22:48:27,lodk0,19,"Euro rescue postponed yet again, Italy fails to agree on reforms",dw-world.de,"http://www.dw-world.de/dw/article/0,,15483472,00.html"
2011-10-25,10:37:09,lnuhc,20,"Why women's education in Tanzania is critical for slowing population growth:  Tackling the taboo of mothers returning to school, say campaigners, will reduce the rate of teenage pregnancies
",guardian.co.uk,http://www.guardian.co.uk/global-development/2011/oct/24/women-education-tanzania-population
2011-10-25,22:55:40,lodsa,15,Study suggests bankers really do control the world.,theglobeandmail.com,http://www.theglobeandmail.com/report-on-business/international-news/global-exchange/globe-correspondents/its-true-bankers-really-do-control-the-world-study/article2212592/
2011-10-26,03:25:35,loo9o,15,Massive Cholera Epidemic Strikes West-Central Africa,guardian.co.uk,http://www.guardian.co.uk/world/2011/oct/25/cholera-health
