2011-04-14,02:25:14,gp7dx,1134,Jamaica to Look Again at Decriminalizing Marijuana,stopthedrugwar.org,http://stopthedrugwar.org/chronicle/2011/apr/12/jamaica_look_again_decriminalizi
2011-04-14,14:57:30,gppbp,1108,Briton 'beaten to death' in a Dubai police cell after being arrested for swearing,dailymail.co.uk,http://www.dailymail.co.uk/news/article-1376649/Briton-arrested-swearing-beaten-death-Dubai-police-cell.html
2011-04-14,15:59:15,gpqfz,949,Japan's crisis: one month later - STUNNING Photos,boston.com,http://www.boston.com/bigpicture/2011/04/japans_crisis_one_month_later.html?tidder
2011-04-14,08:35:29,gpgvh,435,"""The clatter of helicopter blades echoed across the jungles of northwestern Ecuador...The police had received a tip that a gang of Colombian drug smugglers had set up a clandestine work site here...And whatever the traffickers were building, the tipster had warned, was truly enormous.""",wired.com,http://www.wired.com/magazine/2011/03/ff_drugsub/all/1?pid=4968&viewall=true
2011-04-14,20:58:23,gpu9g,254,"UK activists win case against Metropolitan Police at the G20 protests -- High Court ruled police kettling was ""not justified""",bbc.co.uk,http://www.bbc.co.uk/news/uk-england-london-13077619
2011-04-14,23:31:57,gpxc6,229,"Syria: 'Don't kill more than 20 protesters in one day' --- March 23 Syrian intelligence document details strategy to counter rebel sentiment, create links between rebels, ""Zionist regime.""",jpost.com,http://www.jpost.com/Home/Article.aspx?id=216607
2011-04-14,14:23:44,gponi,164,Last Two Speakers of Dying Language Refuse to Talk to Each Other,gawker.com,http://gawker.com/5791916/last-two-speakers-of-dying-language-refuse-to-talk-to-each-other
2011-04-14,15:05:13,gpph0,153,"Tepco says fuel rods in the spent-fuel-pool of reactor #4 are damaged, fission may have resumed. New plan: move the spent fuel somewhere, somehow.",hken.ibtimes.com,http://hken.ibtimes.com/articles/134051/20110413/tepco-fuel-rods-in-no-4-reactor-of-japan-s-fukushima-daiichi-damaged.htm
2011-04-14,12:11:17,gplsb,122,"Remember Tunisia's uprising? They remember their old dictator, Ben Ali, and are charging him with 18 counts including conspiring against the state, voluntary manslaughter, and drug trafficking",english.aljazeera.net,http://english.aljazeera.net/news/africa/2011/04/201141421645338302.html
2011-04-15,01:52:56,gq15i,108,Russia won't allow hunting of polar bears this year,americablog.com,http://www.americablog.com/2011/04/russia-wont-allow-hunting-of-polar.html
2011-04-15,03:13:27,gq3bh,97,"Police in Moscow discover what they are calling an ""underground town"" housing illegal immigrants from Central Asia in a Soviet-era bomb shelter in the city",bbc.co.uk,http://www.bbc.co.uk/news/world-europe-13082606
2011-04-15,05:02:21,gq6as,90,Libyan rebels supplied with anti-tank weapons by Qatar,guardian.co.uk,http://www.guardian.co.uk/world/2011/apr/14/libyan-rebels-supplied-weapons-qatar
2011-04-15,03:30:32,gq3st,61,"North Korea identifies arrested American journalist: Man identified as Jun Young-Su will be charged with ""crimes against the nation,"" state media says.",globalpost.com,http://www.globalpost.com/dispatch/news/regions/asia-pacific/110414/north-korea-us-journalist
2011-04-15,06:24:50,gq8ef,59,"Norwegian royal guard soldiers fled and hid under 
their beds when the alarm sounded that the royal 
family was under attack.",newsinenglish.no,http://www.newsinenglish.no/2011/04/14/royal-guards-apologize-to-their-king/
2011-04-14,10:25:24,gpjdf,53,China decides to ban Time Travel.,techland.time.com,http://techland.time.com/2011/04/13/china-decides-to-ban-time-travel/
2011-04-14,23:14:41,gpwx0,46,'Secret Syria Document' posted on Facebook details brutal tactics against protesters,haaretz.com,http://www.haaretz.com/news/international/secret-syria-document-posted-on-facebook-details-brutal-tactics-against-protesters-1.355944
2011-04-15,00:11:36,gpye2,44,Berlusconi will not seek reelection,globalpost.com,http://www.globalpost.com/dispatch/news/regions/europe/italy/110413/berlusconi-politics-underage-prostitutes-sex-election
2011-04-14,14:24:02,gpono,41,Israelis in Eilat want to throw 'african infiltrators [refugees]' out of the country,english.aljazeera.net,http://english.aljazeera.net/indepth/features/2011/04/2011412102514350535.html
2011-04-14,19:01:17,gpsrz,36,"""Irradiated"" student evacuee bullied at new school in Japan",english.kyodonews.jp,http://english.kyodonews.jp/news/2011/04/85404.html
2011-04-14,23:14:41,gpwx1,38,"I've seen a lot of comments on reddit about Mexico lately. To have a better understanding of the complexity of the problem, listen to this episode of Fresh Air.",npr.org,http://www.npr.org/templates/story/story.php?storyId=102282731
2011-04-15,04:20:14,gq54j,32,Mexican police implicated in mass graves.,cnews.canoe.ca,http://cnews.canoe.ca/CNEWS/World/2011/04/13/17987036.html
2011-04-15,02:15:22,gq1qx,33,"American Christian settlers in Palestine: About 
1,000 Americans have signed a document 
requesting to convert to Judaism, move to Israel, 
and settle in Samaria.",ynetnews.com,"http://www.ynetnews.com/articles/0,7340,L-4056696,00.html"
2011-04-14,14:37:06,gpoxh,30,Australian Navy rescues hostages from pirates,abc.net.au,http://www.abc.net.au/news/stories/2011/04/14/3191520.htm
2011-04-15,02:04:04,gq1g5,29,Fukushima raw milk is being sold again after radiation is measured to be below the government's acceptable limit.  Meanwhile France just days earlier warns pregnant women and small children to avoid milk. So who is right?,nhk.or.jp,http://www3.nhk.or.jp/daily/english/14_22.html
2011-04-15,04:40:22,gq5pt,25,Pro-Palestinian Activist kidnapped by Gaza Islamists,haaretz.com,http://www.haaretz.com/news/international/pro-palestinian-group-activist-kidnapped-by-gaza-islamists-1.356013
2011-04-14,20:21:36,gptqh,25,North Korea says it has detained a US citizen,news.yahoo.com,http://news.yahoo.com/s/ap/20110414/ap_on_re_as/as_nkorea_american_detained
2011-04-14,22:26:18,gpvv7,25,"Police to appeal igh Court decision declaring controversial ""kettling"" tactics unlawful.",independent.co.uk,http://www.independent.co.uk/news/uk/home-news/police-to-appeal-kettling-ruling-2267676.html
2011-04-15,00:20:51,gpymy,24,British man dies in Dubai police custody,guardian.co.uk,http://www.guardian.co.uk/world/2011/apr/14/holiday-briton-dies-in-dubai-police-custody
2011-04-15,07:29:11,gq9z1,20, British Prime Minister pledges to cut back on U.K. immigration - David Cameron said immigrants' failure to learn English was wrecking communities.,globalpost.com,http://www.globalpost.com/dispatch/news/regions/europe/united-kingdom/110414/david-cameron-uk-immigration-britain-video
2011-04-14,23:08:15,gpwr2,19,'Stand-off' at Tibetan monastery,bbc.co.uk,http://www.bbc.co.uk/news/world-asia-pacific-13078419
