2011-03-03,13:24:34,fwc21,1990,"Can we stop referring to what's happening in Libya as a ""protest""?  We have armed rebel forces engaging in guerilla combat with bazookas and heavy artillery, taking and losing cities.  This is officially a civil war.",washingtonpost.com,http://www.washingtonpost.com/wp-dyn/content/article/2011/03/02/AR2011030206907.html?hpid=topnews&sid=ST2011030105616
2011-03-04,00:00:57,fwlwi,276,"The Ivory Coast president, Laurent Gbagbo, has cut off electricity and water supplies to millions of people in the north of the country ""for political reasons"", the UN has said.",guardian.co.uk,http://www.guardian.co.uk/world/2011/mar/03/ivory-coast-president-cuts-power-north
2011-03-03,09:26:06,fw7cr,235,CNN Anchor Interviews Al Jazeera Anchor Who Interviewed Libyan Rebels,theonion.com,"http://www.theonion.com/articles/cnn-anchor-interviews-al-jazeera-anchor-who-interv,19395/"
2011-03-03,23:34:37,fwl8e,82,Reports that Egypt's military junta is already handing out jail sentences to activists,businessinsider.com,http://www.businessinsider.com/amr-abdallah-elbihiry-2011-3
2011-03-03,09:43:47,fw7po,75,"Bradley Manning, accused Wikileaks source, may face Death penalty",guardian.co.uk,http://www.guardian.co.uk/world/2011/mar/03/bradley-manning-may-face-death-penalty
2011-03-04,02:52:30,fwq0d,71,N Korea threatens war over leaflets,english.aljazeera.net,http://english.aljazeera.net/news/asia-pacific/2011/02/201122752317107804.html
2011-03-04,04:54:01,fwsuh,61,"New Activist-Recommended Prime Minister Appointed Today in Egypt! """"First we ousted Mubarak. Second, we got rid of Shafiq. We have become again the owners of this country,"" said Bassem Kamel, a member of the Youth Coalition, an umbrella group of activists who launched the protests Jan. 25. ",usatoday.com,http://www.usatoday.com/news/world/2011-03-03-egypt-prime-minister_N.htm
2011-03-03,08:14:21,fw5ya,56,"Anons, ""Simply Wake Up on March 9th and know, the world is one...wake up look to the east and the rising sun.""",anonnews.org,http://www.anonnews.org/?p=press&a=item&i=672
2011-03-04,05:17:29,fwte6,57,"Rupert Murdoch given approval to buy pretty much all UK satellite TV.  Coming soon: Fox News, UK Division!  ",bbc.co.uk,http://www.bbc.co.uk/news/business-12640322
2011-03-03,08:48:27,fw6m7,49,Complete List Of Which EU Countries Sold Weapons To Libya ,spreadsheets.google.com,https://spreadsheets.google.com/ccc?key=0AonYZs4MzlZbdGFBN1NWM0hrbFc0OWd1dDR2dUVfbnc&hl=en#gid=0
2011-03-03,23:54:55,fwlr2,50,"Everyone enjoys a righteous uprising like the ones now tearing across the Middle East. But even while we might be rooting for the anti-government protesters, whenever we fill up the gas tank we’re reminded that. like it or not, our own welfare is inextricably tied to those embattled despots.",globalpost.com,http://www.globalpost.com/dispatch/news/regions/middle-east/110302/gas-prices-oil-OPEC
2011-03-03,23:51:19,fwlnm,47,Rupert Murdoch's global empire (infographic),guardian.co.uk,http://www.guardian.co.uk/media/datablog/2011/mar/03/rupert-murdoch-bskyb-takeover?CMP=twt_fd#
2011-03-03,11:43:32,fwa2i,46,Nine Afghan Boys Collecting Firewood Killed by NATO Helicopters,nytimes.com,http://www.nytimes.com/2011/03/03/world/asia/03afghan.html?_r=2&hp
2011-03-04,04:24:27,fws6u,38,Global food prices hit record high - Europe - Al Jazeera English,english.aljazeera.net,http://english.aljazeera.net/news/europe/2011/03/20113318290458178.html
2011-03-04,00:20:52,fwme5,40,"Pakistan: Court Rules CIA Killer Raymond Davis Has No Immunity -  Thursday's decision is at least a temporary blow to the US, which insists Davis was considered a diplomat and was acting in self-defence against the dead men, whom he called robbers.",english.aljazeera.net,http://english.aljazeera.net/news/asia/2011/03/2011338825200889.html
2011-03-04,03:05:12,fwqcc,38,China Adds New Limits on Foreigners,nytimes.com,http://www.nytimes.com/2011/03/04/world/asia/04china.html?src=mv
2011-03-03,14:14:37,fwcz0,36,Gaddafi ACCEPTS Peace Plan Proposed By Chavez,af.reuters.com,http://af.reuters.com/article/energyOilNews/idAFN0228953020110303
2011-03-03,17:15:07,fwfki,29,Killing over blasphemy law deepens misery of Pakistani Christians,independent.co.uk,http://www.independent.co.uk/news/world/asia/killing-over-blasphemy-law-deepens-misery-of-pakistani-christians-2230542.html
2011-03-04,02:19:15,fwp76,29,Saudi Arabia: Early stirring of revolt,globalpost.com,http://www.globalpost.com/dispatch/news/regions/middle-east/saudi-arabia/110302/saudi-arabia-king-abdullah-protests
2011-03-03,15:10:15,fwdur,31,Three Dutch soldiers captured in Libya while evacuating westeners,news24.com,http://www.news24.com/Africa/News/3-Dutch-soldiers-captured-in-Libya-20110303
2011-03-03,20:25:09,fwhnu,27,"Chicas Kaláshnikov - 
Interviews with women who work as killers for Mexican drug cartels. ""Yaretzi was on her twenty-sixth murder, but she was arrested with two AK-47s before she could complete the job. That is why we are here, on the prison patio""",borderlandbeat.com,http://www.borderlandbeat.com/2011/02/chicas-kalashnikov.html#more
2011-03-03,23:32:08,fwl6g,25,"Is Syria the Next Domino? - Until now, Syria’s rulers have relied on their anti-Israel, anti-Western rhetoric to protect themselves. In the last few years, when Israeli planes struck targets in Syria, there was no answer from the regime even when Israeli planes flew over the presidential palace.",project-syndicate.org,http://www.project-syndicate.org/commentary/assad1/English
2011-03-04,02:35:04,fwpl3,26,UN inspectors attacked as Ivory Coast heads towards civil war,guardian.co.uk,http://www.guardian.co.uk/world/2011/mar/01/un-weapons-inspectors-ivory-coast
2011-03-04,03:33:46,fwr0v,26,"Opposition Carries on Fight against Gadhafi: 'If the Americans Come, They Would Steal our Revolution'",spiegel.de,"http://www.spiegel.de/international/world/0,1518,748832,00.html"
2011-03-03,08:56:22,fw6ri,21,[LIBYA]Battle for Brega,youtube.com,http://www.youtube.com/watch?v=1SY7gRVnoWo
2011-03-04,05:26:47,fwtl7,19,LSE head quits over Gaddafi scandal,guardian.co.uk,http://www.guardian.co.uk/education/2011/mar/03/lse-director-resigns-gaddafi-scandal
2011-03-04,06:59:46,fwvlh,22,Turkey Arrests More Journalists in Alleged Plot to Overthrow Government,freemedia.at,http://www.freemedia.at/press-room/public-statements/press-releases/singleview/5376/
2011-03-04,00:14:07,fwm85,20,Julian Assange lodges extradition appeal,guardian.co.uk,http://www.guardian.co.uk/media/2011/mar/03/julian-assange-extradition-appeal
2011-03-03,21:27:55,fwik9,17,Oman uses tanks to disperse protesters,aljazeera.com,http://aljazeera.com/news/articles/34/Oman-uses-tanks-to-disperse-protesters.html
2011-03-04,06:42:30,fwv8l,18,Anonymous Internet Campaigns urge Chinese to emulate the Protests in the Middle-East. Government begins its crackdown.,nytimes.com,http://www.nytimes.com/2011/03/04/world/asia/04china.html?_r=1&hp
