2011-02-24,21:45:37,frsee,997,"90% of Libya in Rebel Hands: Qaddafi is left only with Tripoli, about 1 million people, where the streets are ghostly and marauding security forces hotrod it through the streets, sometimes firing indiscriminately",juancole.com,http://www.juancole.com/2011/02/90-of-libya-in-rebel-hands.html
2011-02-25,03:02:33,frzap,487,Switzerland Freezes Assets of Qaddafi,businessweek.com,http://www.businessweek.com/news/2011-02-24/switzerland-freezes-assets-of-qaddafi-entourage-for-three-years.html
2011-02-24,20:25:38,frram,344,Fear in Saudi Arabia: King Abdullah announces $36bn in financial support measures to avert the kind of popular unrest that has toppled leaders across the region,washingtonpost.com,http://www.washingtonpost.com/wp-dyn/content/article/2011/02/24/AR2011022401740.html
2011-02-25,04:54:31,fs1z7,281,BREAKING:  Ghadafi's son joins the Libyan protesters!,presstv.com,http://presstv.com/detail/166900.html
2011-02-25,04:10:12,fs0vs,142,Charges initiated against Pope for crimes against humanity,irishtimes.com,http://www.irishtimes.com/newspaper/world/2011/0223/1224290630240.html
2011-02-24,08:48:42,frfur,136,"Late last year the U.S. agreed to sell $60 billion in weapons to Saudi Arabia, the largest arms deal ever. Just in time for the regional fireworks to begin.",english.aljazeera.net,http://english.aljazeera.net/news/middleeast/2010/10/20101020173353178622.html
2011-02-25,07:32:07,fs5ly,125,"""The riots are expanding even into North Korea. 
Hundreds of protesters have collided with the 
authorities""",atimes.com,http://www.atimes.com/atimes/Korea/MB25Dg01.html
2011-02-24,13:41:33,frlu3,116,"What is this shit about putting sanctions on Libya?  All that's going to do is make the people suffer even and do nothing to slow down Qaddafi.  If anything, it will help him.",self.worldnews,https://www.reddit.com/r/worldnews/comments/frlu3/what_is_this_shit_about_putting_sanctions_on/
2011-02-25,06:22:08,fs430,101,"Something to think about:  Every story referencing ""Gaddafi Shot"" is about today's oil trading.",news.google.com,http://news.google.com/news/search?pz=1&cf=all&ned=us&hl=en&q=gaddafi+shot
2011-02-24,13:33:34,frlpf,99,"Monsanto's GM seeds are more expensive and after a few years, weeds can become tolerant to Roundup Ready and other glyphosate herbicides so farmers must return to conventional farming practices anyway. Therefore, there is no benefit to planting GM crop",truth-out.org,http://www.truth-out.org/monsanto-shifts-all-liability-farmers68009
2011-02-25,04:47:26,fs1sf,96,Algeria lifts 19-year-old state of emergency,reuters.com,http://www.reuters.com/article/2011/02/24/us-algeria-emergency-lifting-idUSTRE71N6VS20110224?feedType=RSS&sp=true
2011-02-24,18:42:43,frq36,90,German navy sends 3 warships to Libya (google translate),translate.googleusercontent.com,"http://translate.googleusercontent.com/translate_c?hl=de&ie=UTF-8&sl=auto&tl=en&u=http://www.spiegel.de/politik/ausland/0,1518,747383,00.html&prev=_t&rurl=translate.google.de"
2011-02-24,21:23:57,frs34,92,Anti-Gaddafi Forces Surround Tripoli,globalpost.com,http://www.globalpost.com/dispatch/news/regions/africa/110224/libya-news-friday-tripoli-gaddafi
2011-02-24,09:39:57,frgux,86,"Al Arabiya ""At least 10,000 dead and 50,000 wounded in Libya.""",ansamed.info,http://www.ansamed.info/en/libia/news/ME.XEF93179.html
2011-02-25,04:32:30,fs1ev,68,"Zimbabwe charges 46 with treason for watching 
videos of Egypt protests",guardian.co.uk,http://www.guardian.co.uk/world/2011/feb/24/zimbabwe-charged-treason-egypt-protests
2011-02-25,03:39:28,fs05x,65,European Union considering sending humanitarian intervention force in to Libya. ,english.aljazeera.net,http://english.aljazeera.net/news/africa/2011/02/2011224143852557185.html
2011-02-24,22:40:53,frtdf,62,Libya protests: Gaddafi says Bin Laden to blame,bbc.co.uk,http://www.bbc.co.uk/news/world-africa-12570279
2011-02-24,16:51:29,frosl,58,South African Government Confirms Sale Of Arms To Libya,2oceansvibe.com,http://www.2oceansvibe.com/2011/02/24/exclusive-sa-government-confirms-sale-of-arms-to-libya/
2011-02-24,15:09:18,frnd8,43,Libya: Captured Mercenaries (video),youtube.com,http://www.youtube.com/watch?v=n2gKQ9TxS7A
2011-02-24,09:51:59,frh49,46,"Barack Obama tells Gaddafi: Libya violence must stop - US president finally breaks silence on Libya to condemn ruling regime and make threat of sanctions
",guardian.co.uk,http://www.guardian.co.uk/world/2011/feb/24/obama-gaddafi-libya-violence-speech
2011-02-24,19:23:52,frqk4,37,"""Among other things, Mr Gaddafi has ordered security services to start sabotaging oil facilities,""",abc.net.au,http://www.abc.net.au/news/stories/2011/02/23/3146927.htm
2011-02-24,11:45:38,frjmd,33,"A Facebook page calling for revolution in Saudi Arabia receives backing of hundreds of users demanding an elected ruler, greater freedom for women and the release of political prisoners",thinq.co.uk,http://www.thinq.co.uk/2011/2/23/hundreds-back-facebook-call-saudi-revolution/
2011-02-24,20:39:51,frrgq,37,"Chinese oil facilities in Libya attacked and looted.  More than 30,000 Chinese citizens are currently present in Libya.",uk.finance.yahoo.com,http://uk.finance.yahoo.com/news/Attack-Chinese-oil-interests-ftimes-1625669823.html?x=0
2011-02-24,22:06:29,frsqx,33,A UN First! Both Israel and Palestine Co-Sponsor Resolution Condemning Libya Violence,undispatch.com,http://www.undispatch.com/both-israel-and-palestine-co-sponsor-resolution-condemning-libya-violence
2011-02-24,14:27:08,frmo4,24,Young Boy Shot in Head - Libya - EXTREMELY GRAPHIC.,youtube.com,http://www.youtube.com/watch?v=aNP_hQu6SS0
2011-02-24,10:29:25,frhxg,27,"A proposed bill in Tennessee is putting a ban on following Shariah law. If it passes feet washing and praying will be an act of treason, punishable for up to 15 years in jail.",tennessean.com,http://www.tennessean.com/article/20110223/NEWS0201/102230378/Tennessee-bill-would-jail-Shariah-followers-?odyssey=tab|topnews|text|FRONTPAGE
2011-02-24,14:48:00,frn1f,24,"Young Bahrani boy: ""They are"" killing us ""like animals"".",youtube.com,http://www.youtube.com/watch?v=GbdtbV1gfVA&feature=player_embedded#at=21
2011-02-24,22:52:01,frtlh,22,Moammar Gadhafi blames Osama bin Laden and al-Qaida — for the protests that have swept across much of his nation.,npr.org,http://www.npr.org/blogs/thetwo-way/2011/02/24/134022167/gadhafi-again-blames-al-qaida-kids-on-drugs
2011-02-25,02:07:22,fry07,22,Dolphins help save tired dog stuck in canal,nbc-2.com,http://www.nbc-2.com/Global/story.asp?S=14088636&hpt=T2
2011-02-24,10:30:23,frhy5,21,"Saudi king orders $37 billion in benefits to be distributed ""in an apparent bid to insulate the world's top oil exporter from an Arab protest""",americablog.com,http://www.americablog.com/2011/02/saudi-king-orders-37-billion-in.html
