2011-05-21,01:50:31,hg04f,1179,"[Spain update] The Electoral Committee has forbidden protests on Saturday. When this submission is exactly 5 hours old, we'll see who backs down: the police or us. Here's a live video stream to see it yourselves.",soltv.tv,http://www.soltv.tv
2011-05-21,20:05:24,hglwt,1154,Congo soldiers explain why they rape.,youtube.com,http://www.youtube.com/watch?v=ZbZIK9Ce0yM
2011-05-21,15:39:07,hginm,786,"Spain protesters defy ban to remain in Madrid square: Tens of thousands of Spanish protesters have defied a government ban and camped out overnight in a square in the capital, Madrid.",bbc.co.uk,http://www.bbc.co.uk/news/world-europe-13481592
2011-05-21,13:48:10,hggr2,510,"Ukraine's top weather forecaster has been forced off the air after she used a bulletin to rant against the government, saying that the recent sunny spell made up for the country's lawlessness and injustice.",telegraph.co.uk,http://www.telegraph.co.uk/news/worldnews/europe/ukraine/8524137/Ukraine-weather-forecaster-taken-off-air-for-anti-government-rant.html
2011-05-21,13:39:29,hgglb,412,Chinese police are seeking the man who allegedly threw an egg and shoes at the computer scientist famous for designing the Great Firewall of China. The attack – if true – is a particularly bold one for China and underscores how strongly people feel about the country's strict internet censorship.,independent.co.uk,http://www.independent.co.uk/news/world/asia/china-shoe-attack-on-great-firewalls-designer-2286462.html
2011-05-21,17:30:45,hgk7s,408,Mahmoud Ahmadinejad says Europe 'stealing Iran's rain'  - Telegraph,telegraph.co.uk,http://www.telegraph.co.uk/news/worldnews/middleeast/iran/8527455/Mahmoud-Ahmadinejad-says-Europe-stealing-Irans-rain.html
2011-05-22,00:05:48,hgp3y,275,"Security Analyst Byron Sonne is finally out on bail, after a year imprisoned on charges stemming from being critical of G20 security. But the Canadian government has already destroyed his parent's savings, his clearances, and even his marriage.",torontolife.com,http://www.torontolife.com/daily/informer/2011/05/03/how-byron-sonne’s-obsessions-with-the-g20-security-apparatus-cost-him-everything/
2011-05-21,12:54:30,hgfqi,237,"An Open Letter to the Ambassador of Germany in Australia: ""I write to you with regard to events that have transpired on Friday, the gravity of which have led me to question the democratic integrity of the Federal Republic of Germany.""",pirateparty.org.au,http://www.pirateparty.org.au/open-letter-germany
2011-05-21,10:46:03,hgdci,240,Governments Order You Tube To Censor Protest Videos ,prisonplanet.com,http://www.prisonplanet.com/government-orders-you-tube-to-censor-protest-videos.html
2011-05-21,19:14:09,hgle1,216,"Gang blinds Indian woman, accused of witchcraft, with scissors",reuters.com,http://www.reuters.com/article/2011/05/21/us-india-attack-witchcraft-idUSTRE74K0WY20110521
2011-05-21,11:25:57,hge4m,208,At least 30 dead after forces fire at crowd in Syria,jpost.com,http://www.jpost.com/MiddleEast/Article.aspx?id=221508
2011-05-21,00:29:04,hfxwr,128,WikiLeaks: Pakistan's airmen were being radicalized and were sabotaging Pakistani F-16s deployed for security operations along the Afghan border,ndtv.com,http://www.ndtv.com/article/world/wikileaks-pakistani-airmen-sabotaging-f-16s-107093
2011-05-22,06:54:21,hgwzd,125,Graphic: A Syrian child shot in his belly by the security forces during the protests. (He says: I am in pain)  ,youtube.com,http://www.youtube.com/watch?v=rUB9oZEKHnA&NR=1
2011-05-21,23:19:32,hgobs,123,"Gentlemen, we can rebuild her. We have the technology. ",smh.com.au,http://www.smh.com.au/nsw/not-robocop-but-still-a-woman-of-steel-20110521-1ey44.html
2011-05-21,21:06:15,hgmlq,108,"Philippine Air Force reports seeing two jets, believed to be Chinese, over disputed islands in the South China Sea",sunstar.com.ph,http://www.sunstar.com.ph/manila/local-news/2011/05/20/government-embassy-tight-lipped-chinese-jet-encounter-156639
2011-05-20,23:45:25,hfwuj,86,NATO destroys 8 Libyan warships,cnn.com,http://www.cnn.com/2011/WORLD/africa/05/20/libya.war/index.html?hpt=T1
2011-05-21,05:02:16,hg5k7,74,"Dominique Strauss-Kahn posts $1 million bail, agreeing to live with an electronic monitor in a Manhattan flat (one rented by his wife) -- only to have the building's residents refuse him, forcing his lawyers to find housing elsewhere",bbc.co.uk,http://www.bbc.co.uk/news/world-us-canada-13467057
2011-05-21,00:10:15,hfxg5,75,A Look at the Root Causes of the Arab Revolution - Rising Literacy and a Shrinking Birth Rate,spiegel.de,"http://www.spiegel.de/international/world/0,1518,763537,00.html"
2011-05-21,14:08:49,hgh4k,72,"UK Teachers, nurses, civil servants and members of the armed forces will be poorer in retirement as well as having to work longer. Leaked paper reveals ministers want to raise retirement age to 66 and increase contributions by 3.3%.",guardian.co.uk,http://www.guardian.co.uk/society/2011/may/19/public-sector-pension-cuts-retirement
2011-05-21,19:09:57,hglc2,67,"Winfried Kretschmann, 62, is the new governor of Baden-Württemberg and the first-ever leader of a German state from the Green Party. In an interview, he talks about redefining economic growth, his plans to make industry more environmentally friendly and the future of nuclear power in Germany.",spiegel.de,"http://www.spiegel.de/international/germany/0,1518,763512,00.html"
2011-05-21,22:45:24,hgnv6,52,"China accuses artist-activist, Ai Weiwei, of tax evasion ",online.wsj.com,http://online.wsj.com/article/SB10001424052748704083904576335231281030482.html?mod=WSJAsia_hpp_LEFTTopStories
2011-05-22,05:27:38,hgvbv,50,Saudi woman who defied driving ban and posted a video of herself behind the wheel is detained.,hosted.ap.org,http://hosted.ap.org/dynamic/stories/M/ML_SAUDI_WOMEN_DRIVING?SITE=AP&SECTION=HOME&TEMPLATE=DEFAULT&CTIME=2011-05-21-15-57-47
2011-05-21,10:31:08,hgd1i,50,"Mexican federal police capture Gilberto Barragan Balderas, leading member of the Gulf drug cartel at what appeared to have been his birthday party",msnbc.msn.com,http://www.msnbc.msn.com/id/43116689
2011-05-22,01:39:20,hgqr5,54,"Georgia: Thousands of protesters, gathered on Freedom Square as part of the campaign to force President Saakashvili to resign.",civil.ge,http://www.civil.ge/eng/article.php?id=23478
2011-05-21,19:44:44,hglon,52,Tepco president quits as firm reports $15bn loss,bbc.co.uk,http://www.bbc.co.uk/news/business-13465692
2011-05-22,07:05:57,hgx8u,50,Brazilian police attacks peaceful marijuana march in Sao Paulo,youtube.com,http://www.youtube.com/watch?v=iveiAuLm_6M
2011-05-21,16:06:38,hgj3k,52,"Thousands have taken to the streets this week in Barcelona, Madrid and other large cities.",globalpost.com,http://www.globalpost.com/dispatches/globalpost-blogs/macro/protests-spain-elections
2011-05-22,07:11:45,hgxcv,48,Iran is claiming to have broken up a major US spy network,bbc.co.uk,http://www.bbc.co.uk/news/world-middle-east-13483029
2011-05-22,07:10:25,hgxbx,36,North Sudan invades and occupies border town of Abyei ,bbc.co.uk,http://www.bbc.co.uk/news/world-africa-13487864
2011-05-21,08:43:36,hgawj,37,Deadly Clashes in Afghanistan: German Soldiers Fired Deliberately at Protesters,spiegel.de,"http://www.spiegel.de/international/world/0,1518,763937,00.html"
