2011-03-19,04:15:17,g6nzv,1533,"Lest We Forget - From rooftops, snipers kill 46 Yemeni protesters today.",guardian.co.uk,http://www.guardian.co.uk/world/2011/mar/18/yemen-police-massacre-45-protesters
2011-03-19,20:10:42,g70tr,1092,"Bahrain Police Killing People by Drive by Shootings

",youtube.com,http://www.youtube.com/watch?v=swScM_glSB0&feature=player_embedded
2011-03-19,17:56:37,g6zpm,692,"Alright, I think this may be the last of the Japan tsunami videos but it's by far the most horrifying and indicative of the devastation",youtube.com,http://www.youtube.com/watch?v=0wYiNnHEGyY&hd=1
2011-03-19,23:20:32,g72xf,547,French fighter jets deployed over Libya,cnn.com,http://www.cnn.com/2011/WORLD/africa/03/19/libya.civil.war/index.html?hpt=T1&iref=BN1
2011-03-20,01:15:25,g74od,375,"French plane has fired the first live fire shots in Libya, targetting a vehicle at 1645GMT",washingtonpost.com,http://www.washingtonpost.com/world/french-fighter-planes-over-benghazi-may-target-tanks-saturday/2011/03/19/ABXdput_story.html
2011-03-19,19:45:59,g70lv,219,North Waziristan tribes declare war against US!,tribune.com.pk,http://tribune.com.pk/story/134864/north-waziristan-tribes-declare-war-against-us/
2011-03-19,18:24:00,g6zxh,209,Egyptians free voting for the first time in decades.,hosted.ap.org,http://hosted.ap.org/dynamic/stories/M/ML_EGYPT?SITE=AP&SECTION=HOME&TEMPLATE=DEFAULT&CTIME=2011-03-19-05-44-27
2011-03-19,23:50:25,g73bl,140,Tragedy in Berlin Zoo: Celebrity Polar Bear Knut Is Dead,spiegel.de,"http://www.spiegel.de/international/zeitgeist/0,1518,752006,00.html"
2011-03-19,21:37:33,g71nm,135,Gaddafi's letters to Obama and the UN. In case you didn't think he was on crack.,bbc.co.uk,http://www.bbc.co.uk/news/world-africa-12794591
2011-03-19,03:19:40,g6ms4,123,"Gaddafi ends cease fire: Attacks power station in Benghazi, pro-Gaddafi forces made several incursions into the city center prompting clashes with rebels",online.wsj.com,http://online.wsj.com/article/SB10001424052748704608504576207933347949412.html?mod=WSJ_hp_LEFTTopStories
2011-03-19,22:21:40,g724d,117,"Going Down In Flames Over Benghazi, Libya. Photographer: Patrick Baz",abc.net.au,http://www.abc.net.au/reslib/201103/r736921_5990150.jpg
2011-03-19,22:27:00,g726p,92,"Libya: French military jets on 'reconnaissance': French military jets on reconnaissance missions have flown over ""all Libyan territory"" on Saturday, French military sources say.",bbc.co.uk,http://www.bbc.co.uk/news/world-africa-12795971
2011-03-19,13:32:14,g6x4i,87,Nerve Gas Used against Protesters in Bahrain,globalresearch.ca,http://globalresearch.ca/index.php?context=va&aid=23727
2011-03-20,02:46:36,g766e,75,French warplanes destroy four tanks used by Gaddafi forces,english.aljazeera.net,http://english.aljazeera.net/news/africa/2011/03/2011319175243968135.html
2011-03-20,01:08:26,g74jr,70,"Crowd hurls rocks at Egyptian presidential hopeful Mohammad El-Baradei, preventing him from voting - ""A crowd of angry men pelted the Egyptian reform campaigner and Nobel laureate with rocks and smashed his car windows outside a polling center.""",washingtonpost.com,http://www.washingtonpost.com/world/crowd-hurls-rocks-at-egyptian-presidential-hopeful-elbaradei-prevent-him-from-voting/2011/03/19/ABVg3uu_story.html
2011-03-19,17:03:12,g6za6,46,Fighter jet 'shot down' over Benghazi (footage),bbc.co.uk,http://www.bbc.co.uk/news/world-africa-12794589
2011-03-19,12:20:49,g6w44,44,"Sarkozy shouts at EU foreign minister, had to be 
restrained by Cameron.",telegraph.co.uk,http://www.telegraph.co.uk/news/worldnews/africaandindianocean/libya/8391730/Libya-France-calls-summit-for-coalition-of-the-willing.html
2011-03-20,03:17:48,g76ql,46,"""Gaddafi has lost all legitimacy. He cannot stay in power in Libya. Whatever happens, he has to go,"" 
- UN chief Ban Ki-moon",news.smh.com.au,http://news.smh.com.au/breaking-news-world/gaddafi-has-lost-all-legitimacy-un-20110320-1c1q6.html
2011-03-19,23:10:47,g72sd,45,France takes action against Libya,washingtonpost.com,http://www.washingtonpost.com/world/president-nicolas-sarkozy-says-france-has-already-taken-action-against-libya/2011/03/19/AB7rFOv_story.html
2011-03-19,20:07:39,g70st,37,"Tibet's Quiet Revolution --- 
Dalai Lama's retirement from politics opens up diaspora leadership succession to younger, secular candidates. Aim is to make the government in exile more democratic, self-sufficient—and capable of surviving Dalai Lama's death",nybooks.com,http://www.nybooks.com/blogs/nyrblog/2011/mar/19/tibets-quiet-revolution/
2011-03-20,06:35:23,g7a0s,40,Yemen's US-backed leader fails to stop uprising: 'Witnesses said protesters chased security authorities out of the city of Dar Saad and were now in control.',news.yahoo.com,http://news.yahoo.com/s/ap/20110319/ap_on_re_mi_ea/ml_yemen
2011-03-19,23:37:49,g7356,41,French Mirage and Rafele fighters seen over Benghazi. Pro-Gadaffi tanks are the likely target.,news.sky.com,http://news.sky.com/skynews/Home/World-News/Video-Libya-Cameron-and-Sarkozy-Say-Action-Imminent-Against-Colonel-Gaddafi/Article/201103315955468?lpos=World_News_Top_Stories_Header_0&lid=ARTICLE_15955468_Video%2C_Libya%3A_Cameron_and_Sarkozy_Say_Action_Imminent_Against_Colonel_Gaddafi
2011-03-20,02:21:09,g75qn,30,Anti-Government Protesters Run Off Bahrain Police ,youtube.com,http://www.youtube.com/watch?v=-DDw9RJ2Vho&NR=1
2011-03-19,18:45:42,g702w,34,Newspaper banned by Mugabe is back on sale,independent.co.uk,http://www.independent.co.uk/news/world/africa/newspaper-banned-by-mugabe-is-back-on-sale-2246334.html
2011-03-19,18:20:12,g6zwh,29,Japan delayed its response to the nuclear crisis over concerns about damaging the power station assets unnecessarily,bloomberg.com,http://www.bloomberg.com/news/2011-03-19/japan-s-response-to-reactor-crisis-delayed-by-concern-over-asset-damage.html
2011-03-20,03:37:13,g7739,25,The Tsunami Survival Guide,youtube.com,http://www.youtube.com/watch?v=3IOv6D2CITc&feature=relmfu#t=25s
2011-03-19,23:32:04,g732x,24,"Mohammed ""Mo"" Al Nabbous, founder of Benghazi webcast ""Libya Alhurra TV,"" killed in firefight",boingboing.net,http://www.boingboing.net/2011/03/19/libya-mohammed-mo-al.html
2011-03-19,22:49:56,g72hg,24,Egyptians Vote on Constitutional Changes ,nytimes.com,http://www.nytimes.com/aponline/2011/03/18/world/middleeast/AP-ML-Egypt.html?hp
2011-03-19,08:18:16,g6sfu,22,"The Yakuza is quietly providing tons of aid to Tsunami victims, and providing accommodations to displaced foreigners as well as Japanese",news.yahoo.com,http://news.yahoo.com/s/dailybeast/20110318/ts_dailybeast/12990_japaneseyakuzaaidearthquakereliefefforts
2011-03-20,02:25:56,g75te,21,"Syria: Mourners call for revolt; police fire tear gas --- Thousands call for ""revolution"" at funeral for protesters killed over the weekend; activists protest arrests of children arrested in Deraa.",jpost.com,http://www.jpost.com/MiddleEast/Article.aspx?id=212856
