2011-04-26,11:57:09,gxh2b,789,"Over half of Egypt wants to end 30-year peace treaty with Israel - ""only 36 percent of Egyptians are in favor of maintaining the treaty, compared with 54 percent who would like to see it scrapped""",msnbc.msn.com,http://www.msnbc.msn.com/id/42754523/ns/world_news-mideastn_africa/
2011-04-26,22:05:17,gxqmb,459,"Syria's military shows signs of division amid crackdown -- Some soldiers reportedly refused to open fire against civilians in Deraa today, sparking clashes between units. ",csmonitor.com,http://www.csmonitor.com/World/Middle-East/2011/0425/Syria-s-military-shows-signs-of-division-amid-crackdown
2011-04-26,12:13:02,gxhgg,278,"NDP leapfrogs Liberals to land
into second spot in ‘astonishing’ twist in Canadian election race",ipolitics.ca,http://ipolitics.ca/2011/04/25/ndp-leapfrogs-liberals-to-landin-second-spot-in-astonishing-campaign-twist/
2011-04-26,23:25:12,gxsb5,248,"Channel 4 to air 'horrific' Sri Lanka footage | Media | guardian.co.uk - Investigation fronted by Jon Snow to include mobile phone films that appear to show war crimes
",guardian.co.uk,http://www.guardian.co.uk/media/2011/apr/26/channel-4-sri-lanka-footage
2011-04-26,14:13:51,gxjx5,212,Venezuelan President Hugo Chavez Raises Minimum Wage 26.5%,online.wsj.com,http://online.wsj.com/article/BT-CO-20110425-711582.html
2011-04-26,10:32:01,gxezq,148,Guantánamo Bay files: Al-Qaida assassin 'worked for MI6',guardian.co.uk,http://www.guardian.co.uk/world/2011/apr/25/guantanamo-files-al-qaida-assassin-worked-for-mi6
2011-04-26,20:22:45,gxoz5,119,"Amateur video purportedly shows tanks rolling into Deraa and a young girl shot in Damascus, while hundreds of mourners protest over mounting deaths as government crackdown continues.",trust.org,http://www.trust.org/alertnet/multimedia/video-and-audio/detail.dot?mediaInode=97a8ef11-18ac-48d4-b1ba-c6ed42d49e5b
2011-04-26,22:55:08,gxrn2,108,"TOKYO — Angry farmers brought two cows to Tokyo, shouting and punching the air Tuesday in a protest to demand compensation for products contaminated by radiation spewing from Japan's crippled nuclear plant",chron.com,http://www.chron.com/disp/story.mpl/ap/business/7537317.html
2011-04-26,11:08:56,gxfu4,86,"The UN has said widespread shelling by the Sri Lankan government killed most of the tens of thousands of civilians who died in the final months of the 25-year-long war, in 2009.",bbc.co.uk,http://www.bbc.co.uk/news/world-south-asia-13190576
2011-04-27,04:12:13,gxzpp,84,Vlad Putin: Libya coalition has no right to kill Gaddafi,reuters.com,http://www.reuters.com/article/2011/04/26/us-russia-putin-libya-idUSTRE73P4L920110426
2011-04-26,22:42:46,gxrcv,60,"Egypt's former interior minister, Habib al-Adly, on trial for killing protesters; faces the death penalty if found guilty",english.aljazeera.net,http://english.aljazeera.net//news/middleeast/2011/04/201142692528399155.html
2011-04-26,23:48:30,gxsv1,58,"Thailand and Cambodia fortified their border positions on Tuesday after four days of artillery and mortar battles killed seven Cambodian soldiers and five Thai troops, while both sides tried to dominate nearby ancient Hindu temple ruins",atimes.com,http://www.atimes.com/atimes/Southeast_Asia/MD27Ae01.html
2011-04-26,11:51:11,gxgwa,59,Poll: Over half of Egyptians want to cancel peace treaty with Israel,haaretz.com,http://www.haaretz.com/news/diplomacy-defense/poll-over-half-of-egyptians-want-to-cancel-peace-treaty-with-israel-1.358107?localLinksEnabled=false
2011-04-27,05:03:12,gy12u,52,Black money comes mainly from India: Assange appealed to Indians to absolutely not lose hope that the names of those with secret Swiss accounts will come out at one point in the future,timesofindia.indiatimes.com,http://timesofindia.indiatimes.com/india/Black-money-comes-mainly-from-India-Assange/articleshow/8087852.cms
2011-04-26,23:06:32,gxrwb,48,"Russian corruption: crooked officials steal multi-billion-dollar company, $230M tax refund, then murder campaigning lawyer",foreignpolicy.com,http://www.foreignpolicy.com/articles/2011/04/20/russia_s_crime_of_the_century?page=full
2011-04-26,18:44:04,gxntn,48,South Koreans rethink Japan earthquake aid after Japan made a couple of moves that angered them,latimes.com,"http://www.latimes.com/news/nationworld/world/la-fg-japan-korea-20110426,0,6411109.story?track=rss&utm_source=feedburner&utm_medium=feed&utm_campaign=Feed%3A+latimes%2Fmostviewed+%28L.A.+Times+-+Most+Viewed+Stories%29"
2011-04-27,00:56:29,gxuk6,43,"Beyond the Sarcophagus: The Overwhelming Challenge of Containing Chernobyl -- Work on the new sarcophagus meant to contain Chernobyl's reactor 4 is a decade behind schedule. But significant problems will remain even once it is complete. For one, it is only meant to last for 100 years. ",spiegel.de,"http://www.spiegel.de/international/world/0,1518,759014,00.html"
2011-04-27,01:11:09,gxuwl,44,"Reopening of Blackwater Case Confuses Iraqi Victims: “To be honest, I think the case will be dismissed again,” says a victim who sustained two bullet wounds in the shooting and hit with 60 pieces of shrapnel, many which are still in his body",nytimes.com,https://www.nytimes.com/2011/04/26/world/middleeast/26blackwater.html?_r=2&partner=rss&emc=rss
2011-04-27,07:25:15,gy4n6,41,"Amid brutal crackdown, Syria poised to join UN Human Rights Council",csmonitor.com,http://www.csmonitor.com/USA/Foreign-Policy/2011/0426/Amid-brutal-crackdown-Syria-poised-to-join-UN-Human-Rights-Council
2011-04-26,05:59:44,gx8sb,38,A collection of graphic shocking videos from Syria taken by citizens as security forces crackdown on waves of peaceful protesters (Warning! NSFL),thedailybeast.com,http://www.thedailybeast.com/blogs-and-stories/2011-04-25/syria-crackdown-shocking-videos-photos-and-tweets/
2011-04-26,23:04:34,gxrup,37,Mexican police free 51 workers taken hostage,bbc.co.uk,http://www.bbc.co.uk/news/world-latin-america-13192065
2011-04-27,02:52:22,gxxi5,35,"NATO To Bomb Palaces, Headquarters, Communication Centers And Other Prominent Institutions As Part Of No-Fly Zone Enforcement",nytimes.com,http://www.nytimes.com/2011/04/27/world/middleeast/27strategy.html?_r=1&hp
2011-04-26,18:07:40,gxnf5,33,Mexican Narco-Trafficker’s Revelation Exposes Drug War’s Duplicity |Bill Conroy | the narcosphere,narcosphere.narconews.com,http://narcosphere.narconews.com/notebook/bill-conroy/2011/04/mexican-narco-trafficker-s-revelation-exposes-drug-war-s-duplicity
2011-04-26,11:35:28,gxghz,38,"Chernobyl recovery officer shocked at ""slow-motion"" response at Fukushima.",telegraph.co.uk,http://www.telegraph.co.uk/news/worldnews/asia/japan/8472416/Chernobyl-recovery-officer-criticises-Japans-efforts-at-Fukushima.html
2011-04-27,06:08:31,gy2rf,34,"30,000 government goats go missing",monitor.co.ug,http://www.monitor.co.ug/News/National/-/688334/1150820/-/c27bjcz/-/index.html
2011-04-26,21:47:08,gxq8w,32,"Syrian authorities clamp down on bloggers who are posting bloody videos, posting porn video is ok",guardian.co.uk,http://www.guardian.co.uk/world/blog/2011/apr/26/libya-middle-east-syria-gaddafi-misrata#block-21
2011-04-26,11:29:37,gxgcn,25,3 Fukushima Reactor Containments Leaking Badly.,vimeo.com,http://vimeo.com/22833983
2011-04-27,00:24:17,gxtqx,30,5.7 quake strikes Mexico west coast,trust.org,http://www.trust.org/alertnet/news/magnitude-57-quake-strikes-mexico-west-coast-usgs/
2011-04-27,05:34:14,gy1ut,25,Japan's nuclear plants 'can't keep reactors cool',newscientist.com,http://www.newscientist.com/blogs/shortsharpscience/2011/04/the-back-upelectricitygenerato.html
2011-04-26,22:03:26,gxqks,24,At least four people have been killed and 37 wounded after two bombs exploded in the Pakistani city of Karachi.,euronews.net,http://www.euronews.net/2011/04/26/twin-bomb-blasts-kill-four-in-karachi/
