2011-09-08,20:12:08,k8p8b,1722,"The lifetime ban on blood donations by homosexual and bisexual men will be lifted in England, Scotland and Wales",bbc.co.uk,http://www.bbc.co.uk/news/health-14824310?print=true
2011-09-08,09:05:09,k86zd,876,"Former head of MI5 (British intelligence): ""Torture is never right, even when lives are at risk"" and waterboarding by the US was a ""profound mistake""",bbc.co.uk,http://www.bbc.co.uk/news/uk-14750998
2011-09-09,01:14:10,k8xx8,605,"The Palestinians have officially launched their bid to join the United Nations as a full member state, saying they will stage a series of peaceful events ahead of the annual meeting of the UN General Assembly later this month",globalpost.com,http://www.globalpost.com/dispatch/news/regions/middle-east/israel-and-palestine/110908/palestinian-united-nations-membership-
2011-09-08,09:38:18,k882v,208,Italy grinds to a halt as THREE million strike over austerity package.,dailymail.co.uk,http://www.dailymail.co.uk/news/article-2034352/Italy-strike-THREE-million-protest-austerity-package.html
2011-09-08,11:48:22,k8ct8,165,""".xxx"" domain suffix introduced in order to ""promote a responsible approach to adult content"".",bbc.co.uk,http://www.bbc.co.uk/news/technology-14821192
2011-09-08,01:37:51,k7qf0,133,Forty-seven percent of rich Chinese considering emigrating from China to protect their assets,msnbc.msn.com,http://www.msnbc.msn.com/id/44422237/ns/business-world_business/
2011-09-08,20:57:08,k8q6x,114,"An Iraqi man died after suffering an ""appalling episode of serious gratuitous violence"" in a ""very serious breach of discipline"" by UK soldiers, a year-long inquiry has found.",bbc.co.uk,http://www.bbc.co.uk/news/uk-14825889
2011-09-08,23:00:37,k8tca,107,"South African murder rate dropped by 6.5% in 2010/2011,now *only* 15940 murders per year.",mg.co.za,http://mg.co.za/article/2011-09-08-sa-murder-rate-drops-by-65
2011-09-08,22:43:37,k8su5,102,"United Nations: ""The pursuit of austerity measures and deficit cuts is pushing the world economy toward disaster in a misguided attempt to please global financial markets""",huffingtonpost.com,http://www.huffingtonpost.com/2011/09/06/un-study-austerity-deficit-cuts-world-economy_n_950551.html?rss=1
2011-09-08,09:22:12,k87jl,93,"The future for Kiribati, a low-lying Pacific nation threatened by rising seas, is so dire that the government is contemplating relocating the entire population to man-made islands resembling giant oil rigs",independent.co.uk,http://www.independent.co.uk/environment/climate-change/sinking-pacific-island-considers-moving-to-a-manmade-alternative-2350964.html
2011-09-08,22:02:29,k8rr6,83,Saab bankruptcy likely 'in days',bbc.co.uk,http://www.bbc.co.uk/news/business-14839649
2011-09-08,23:01:17,k8tcx,55,British Police Found Not Guilty in Kettling Children,bbc.co.uk,http://www.bbc.co.uk/news/uk-england-london-14833620
2011-09-09,01:15:48,k8xze,40,"Did you know the civil war in Sudan did not end with the South's independence?  Two Sudanese states that fought on the South's side are part of the north state, and war is spreading through both of them now.",csmonitor.com,http://www.csmonitor.com/World/Africa/Africa-Monitor/2011/0908/North-Sudan-s-post-independence-conflict-spreads-to-Blue-Nile-state
2011-09-08,16:46:05,k8lks,40,"Sarkozy administration, apparently, as part of a telecom bill in France, has added a clause that forces all French ISPs to have clauses concerning copyright infringement in their terms of service, which also force ISPs to ignore some basic principles of net neutrality",techdirt.com,http://www.techdirt.com/articles/20110906/14595315829/sarkozy-routes-around-parliament-ditches-net-neutrality-forces-copyright-clauses-into-all-isp-terms-service.shtml
2011-09-08,21:05:26,k8qdm,36,"The Swiss village of Lauterbrunnen is a magnet for thrill seekers looking to take part in the dangerous extreme sport of BASE jumping. In high season, they can be seen plummeting down through the air every minute or so. But a series of deaths has outraged locals.",spiegel.de,"http://www.spiegel.de/international/europe/0,1518,784896,00.html"
2011-09-09,02:21:11,k90i7,38,"India, Mongolia Foster Closer Defense Ties Due to China's Growing Military Power",defensenews.com,http://defensenews.com/story.php?i=7611824&c=ASI&s=LAN
2011-09-09,00:11:50,k8vqc,31,Abuse and murder of Iraqi by British army 'appalling' - Europe - Al Jazeera English,english.aljazeera.net,http://english.aljazeera.net/news/europe/2011/09/201198105522463449.html#.Tmja87T685w.reddit
2011-09-08,22:31:43,k8sif,32,Heat-Seeking Missiles Are Missing From Libyan Arms Stockpile,nytimes.com,http://www.nytimes.com/2011/09/08/world/africa/08missile.html
2011-09-09,00:41:02,k8wqw,31,"Two men were arrested in Berlin on suspicion of planning a terrorist attack, after the police tracked their purchases of bomb-making materials",nytimes.com,https://www.nytimes.com/2011/09/09/world/europe/09germany.html?_r=1&pagewanted=all
2011-09-08,17:04:41,k8ly3,27,Big Sucking Sound in Burma is China's Resource Grab,forbes.com,http://www.forbes.com/sites/simonmontlake/2011/09/08/big-sucking-sound-in-burma-is-chinas-resource-grab/
2011-09-09,02:48:17,k91l8,23,"Fitch Ratings said Thursday that China's credit risk has increased because local governments have become heavily indebted, with a lack of disclosure by financial institutions compounding the problem.",google.com,http://www.google.com/hostednews/ap/article/ALeqM5juDsYM5-dDJaadEqy46n6kv-0aUQ?docId=5deadc1ac13647f6bfb4deea915996ea
2011-09-08,21:14:12,k8qkr,22,"Wikileaks: Taiwan suggested possible deal with China - Taiwan's president said China could ""offer to eliminate"" missiles targeting the island in exchange for a US pledge to stop selling weapons to his government.",dw-world.de,"http://www.dw-world.de/dw/article/0,,6613854,00.html"
2011-09-08,13:39:41,k8gp0,23,Anders Breivik's manifesto reveals a subculture of nationalistic and Islamophobic websites that link the European and American far right in a paranoid alliance against Islam.,guardian.co.uk,http://www.guardian.co.uk/commentisfree/2011/sep/07/anders-breivik-hate-manifesto
2011-09-08,10:06:16,k890v,20,Syrian forces pound city; Arab League is turned away,latimes.com,"http://www.latimes.com/news/nationworld/world/la-fg-syria-homs-20110908,0,6660629.story"
2011-09-09,05:01:54,k96qf,21,"First there were blood diamonds from the Congo. Then blood rubies from Burma. Could blood cashews from Vietnam be next?
",time.com,"http://www.time.com/time/world/article/0,8599,2092004,00.html?xid=tweetbut"
2011-09-08,13:38:50,k8go6,17,Chinese police rescue 30 disabled men in brick factory raids: Authorities say the mentally disabled men had been held as slave laborers. The raids occurred after an undercover TV reporter in Henan province who was sold to a brick factory exposed the abuse.,latimes.com,"http://www.latimes.com/news/nationworld/world/la-fg-china-slave-labor-20110908,0,6804340.story"
2011-09-09,01:30:45,k8yjy,18,Iran Ups Criticism of Turkey's NATO Missile Shield,defensenews.com,http://defensenews.com/story.php?i=7623213&c=MID&s=AIR
2011-09-08,20:19:34,k8pea,18,Gaddafi denies fleeing to Niger,bbc.co.uk,http://www.bbc.co.uk/news/world-africa-14831925
2011-09-09,04:17:40,k952i,13,"Hosni Mubarak Being Carried Into Court On A Stretcher- September 8th, 2011",news.bbcimg.co.uk,http://news.bbcimg.co.uk/media/images/55211000/jpg/_55211628_012833764-1.jpg
2011-09-09,00:56:20,k8xak,12,"Prince Charles: mankind faces extinction unless resources saved - Humans threatened with extinction, the Prince of Wales has warned, unless people transform their lifestyles to stop mass consumption, run away climate change and destruction of wildlife.",telegraph.co.uk,http://www.telegraph.co.uk/earth/earthnews/8749863/Prince-Charles-warns-of-sixth-extinction-event.html
