2011-08-05,07:52:19,j9am8,1241,"'People are being slaughtered like sheep': Gunmen in plainclothes are randomly shooting people in the streets of the besieged Syrian city of Hama and families are burying their loved ones in gardens at home for fear of being killed themselves if they venture out to cemeteries, a resident says.",smh.com.au,http://www.smh.com.au/world/people-are-being-slaughtered-like-sheep-20110805-1ie4r.html
2011-08-05,08:03:44,j9ay5,715,BBC News - Wall Street and global markets tumble on debt fears,bbc.co.uk,http://www.bbc.co.uk/news/business-14410184
2011-08-05,11:42:42,j9gz7,675,"Syria has killed over 2,000 demonstrators during the Arab Spring",bbc.co.uk,http://www.bbc.co.uk/news/world-middle-east-14413680
2011-08-05,06:19:46,j97tl,665,"Based on Portuguese example, Britain’s Liberal Democrats want inquiry into decriminalising drug possession",guardian.co.uk,http://www.guardian.co.uk/politics/2011/aug/04/liberal-democrats-decriminalising-drug-possession
2011-08-05,22:12:52,j9tnb,445,Philippine President meets with MILF separatists,bbc.co.uk,http://www.bbc.co.uk/news/world-asia-pacific-14415512
2011-08-06,07:38:07,jaawp,281,"Internet Evolution - 
The War on Web Anonymity ",spiegel.de,"http://www.spiegel.de/international/spiegel/0,1518,778138,00.html"
2011-08-06,02:14:08,ja0yo,204," Iranian youths arrested for public water pistol fight in Tehran, due to government fears of mixed-gender play and the effective use of social media",guardian.co.uk,http://www.guardian.co.uk/world/2011/aug/04/water-fight-pistols-iran-arrests?tryagain
2011-08-05,21:44:17,j9szy,186,New Zealand bans sale of 43 ‘legal weed’ products designed to mimic marijuana high,washingtonpost.com,http://www.washingtonpost.com/world/asia-pacific/new-zealand-bans-sale-of-43-legal-weed-products-designed-to-mimic-marijuana-high/2011/08/04/gIQATL5KvI_story.html
2011-08-05,09:01:13,j9ck2,169,"Riot police in the Chilean capital, Santiago, are 
using tear gas and water cannon to break up 
demonstrations by students demanding educational 
reform.",bbc.co.uk,http://www.bbc.co.uk/news/world-latin-america-14412646
2011-08-06,03:18:06,ja32e,151,Another British Journalist Admits to Phone Hacking — This Time at the Guardian  ,nymag.com,http://nymag.com/daily/intel/2011/08/another_british_journalist_adm.html
2011-08-06,07:41:22,jab0v,133,Chile student protests against Right Wing government explode into violence,guardian.co.uk,http://www.guardian.co.uk/world/2011/aug/05/chile-student-protests-violence
2011-08-05,05:48:30,j96rz,82,"Sex strike works in Colombia, authorities bow to demands ",globalpost.com,http://www.globalpost.com/dispatches/globalpost-blogs/que-pasa/colombia-sex-strike
2011-08-05,15:59:08,j9nf8,77,Gadhaffi's retreating forces leave landmines,cnn.com,http://www.cnn.com/2011/WORLD/africa/08/04/libya.war/index.html
2011-08-05,21:54:49,j9t7p,69,"Syria demonstrators rally despite crackdown: Friday protests across the nation, a day after Assad announces political concessions and US says he has lost legitimacy.",english.aljazeera.net,http://english.aljazeera.net/video/middleeast/2011/08/201185115138119559.html
2011-08-05,12:46:50,j9ist,65,"Officials in China Seized Infants for Black Market, Parents Say",nytimes.com,http://www.nytimes.com/2011/08/05/world/asia/05kidnapping.html?_r=1&ref=world
2011-08-05,17:20:23,j9owe,60,"‘Fjordman’ (the Norwegian ""counterjihad"" blogger who inspired Breivik) reveals identity",newsinenglish.no,http://www.newsinenglish.no/2011/08/05/fjordman-reveals-identity/
2011-08-05,23:51:06,j9wed,47,"26 police officers resign in northern Mexico town
",cnn.com,http://www.cnn.com/2011/WORLD/americas/08/05/mexico.police.resign/index.html?hpt=hp_t2
2011-08-05,08:43:29,j9c20,34,"China's Manhattan Knock-Off -- On a peninsula southeast of Beijing, developer Vincent Lee literally wants to build a copy of New York City",theatlantic.com,http://www.theatlantic.com/international/archive/2011/08/chinas-manhattan-knock-off/243037/#.TjsugmcLU0Q.reddit
2011-08-05,18:30:10,j9pys,26,"

Niger Delta left with $1bn oil pollution clean-up bill - 

Damage worse than thought, says UN",independent.co.uk,http://www.independent.co.uk/environment/nature/niger-delta-left-with-1bn-oil-pollution-cleanup-bill-2332101.html
2011-08-06,00:05:57,j9wvc,30,NATO Airstrike Kills Gadhafi's Son,abcnews.go.com,http://abcnews.go.com/International/wireStory?id=14232201
2011-08-05,21:54:01,j9t76,27,"Libyan rebels claim Gaddafi son killed: Rebel spokesman says Libyan army commander Khamis Gaddafi killed in NATO airstrike on Zlitan, a claim government denies.",english.aljazeera.net,http://english.aljazeera.net/news/africa/2011/08/20118575531382740.html
2011-08-06,05:32:05,ja7a8,29,EFF: Mexican Newspaper Uncovers Systemic Monitoring Plans of Public Online Sources,eff.org,https://www.eff.org/deeplinks/2011/08/mexican-newspaper-uncovers-systemic-monitoring
2011-08-06,00:27:55,j9xk8,30,Has Turkey taken an authoritarian turn? Some say Turkey's civilian government has conspired to discredit the military and consolidate power.,globalpost.com,http://www.globalpost.com/dispatch/news/regions/europe/turkey/110804/has-turkey-taken-authoritarian-turn
2011-08-05,14:24:58,j9lbv,23,Yingluck Shinawatra Voted In As Thailand's First Female Prime Minister ,huffingtonpost.com,http://www.huffingtonpost.com/2011/08/05/yingluck-shinawatra-thailand-first-female-prime-minister_n_919079.html
2011-08-05,14:53:32,j9lzb,23,Asian stocks tumble after heavy sell-off on Wall Street,bbc.co.uk,http://www.bbc.co.uk/news/business-14414669
2011-08-05,12:18:36,j9hyo,22,Somalia's Growing Famine Crisis Puts 12 Million at Risk (video),youtube.com,http://www.youtube.com/watch?v=7t2opVk8Ir4
2011-08-05,20:45:21,j9rxf,20,"Toxic scum hits British lakes & canals 
",guardian.co.uk,http://www.guardian.co.uk/environment/2011/aug/05/britain-toxic-algal-scum?intcmp=122
2011-08-05,23:35:30,j9vw8,20,A Ukrainian court has ordered the detention of former Prime Minister Yulia Tymoshenko during her trial on charges of abuse of office.,bbc.co.uk,http://www.bbc.co.uk/news/world-europe-14419216
2011-08-06,03:26:39,ja3cc,20,"Ms Yingluck Shiniwatra, sister of ousted former Prime Minister Thaksin Shinawatra, elected first female Prime Minister of Thailand.",bbc.co.uk,http://www.bbc.co.uk/news/world-asia-pacific-14415077
2011-08-05,16:37:32,j9o6e,19,"Car bomb goes off in Kirkuk, Iraq",liveleak.com,http://www.liveleak.com/view?i=793_1312426566
