2011-12-06,21:36:35,n2h7b,1898,Russia has sent interior ministry troops to Moscow and increased the alert level of security forces after a protest of thousands of people opposing Vladimir Putin ,english.alarabiya.net,http://english.alarabiya.net/articles/2011/12/06/181111.html
2011-12-06,05:10:59,n1k6b,674,Iran Revolutionary Guard prepare for war,telegraph.co.uk,http://www.telegraph.co.uk/news/worldnews/middleeast/iran/8936797/Iran-Revolutionary-Guard-prepare-for-war.html
2011-12-06,12:04:59,n22co,504,"China gave a jolt to United Nations-led climate talks by appearing to call for binding emissions cuts, prompting some industrial powers to reconsider their positions at a conference where few had expected real progress.",online.wsj.com,http://online.wsj.com/article/SB10001424052970204903804577080223812409562.html?mod=googlenews_wsj
2011-12-06,05:47:25,n1lsb,489,Greenpeace activists successfully break into nuclear power plants in France to show security flaws,globalpost.com,http://www.globalpost.com/dispatch/news/regions/europe/france/111205/greenpeace-activists-break-french-nuclear-plant
2011-12-07,06:51:23,n33bk,385,"Dozens of corpses were recovered from the streets of Homs, Syria this week, some of them dismembered, decapitated and bearing signs of torture, activists and residents said Tuesday. 
",nytimes.com,http://www.nytimes.com/2011/12/07/world/middleeast/large-scale-killings-reported-in-restive-syria-city.html?_r=1&hp
2011-12-06,10:52:43,n1z3g,383,"After a court ordered two of the largest Belgian Internet service providers to prevent their users accessing The Pirate Bay, the local anti-piracy outfit is now urging other ISPs to do the same. Internet providers who refuse to give in to this request within 10 days will be taken to court.",torrentfreak.com,http://torrentfreak.com/anti-piracy-group-blackmails-isps-to-censor-the-pirate-bay-111205/
2011-12-06,02:25:49,n1cwl,290,Thousands protest against Putin in Moscow ,news.yahoo.com,http://news.yahoo.com/thousands-protest-against-putin-moscow-175525761.html
2011-12-06,09:49:32,n1wa4,236,Iranian forces go on war alert,ynetnews.com,"http://www.ynetnews.com/articles/0,7340,L-4157486,00.html"
2011-12-06,21:55:55,n2hmr,229,Muslim women not used to drinking walk free after attack on woman,telegraph.co.uk,http://www.telegraph.co.uk/news/uknews/crime/8937856/Muslim-women-not-used-to-drinking-walk-free-after-attack-on-woman.html
2011-12-07,05:09:23,n2ylh,195,Canadian victory for online privacy.,cbc.ca,http://www.cbc.ca/news/technology/story/2011/12/06/technology-privacy-online-tracking.html?cmp=rss
2011-12-06,16:45:05,n2bn0,193,India wants websites to screen content about country’s leaders ... India’s top telecom official said Internet giants such as Facebook and Google have ignored his demands to screen derogatory remarks,theglobeandmail.com,http://www.theglobeandmail.com/news/technology/tech-news/india-wants-websites-to-screen-content-about-countrys-leaders/article2261351/
2011-12-06,11:46:08,n21k5,187,India not warming up to walmart,nytimes.com,http://www.nytimes.com/2011/12/06/business/global/wal-mart-hears-a-familiar-complaint-in-india.html?_r=1&hp
2011-12-06,19:38:02,n2etk,164,French move to ban prostitution by punishing clients,bbc.co.uk,http://www.bbc.co.uk/news/world-europe-16047284
2011-12-06,10:02:56,n1wvj,134,"Mexican presidential front-runner struggles to name three books:  Enrique Pena Nieto, Mexico's leading presidential contender, was unable to name three books that had influenced him, and could only name one he had read ""parts of"" – the Bible.
",telegraph.co.uk,http://www.telegraph.co.uk/news/worldnews/centralamericaandthecaribbean/mexico/8936918/Mexican-presidential-front-runner-struggles-to-name-three-books.html
2011-12-06,23:34:59,n2km5,114,"Russia: Troops on streets of Moscow to police post-election protests
",globalpost.com,http://www.globalpost.com/dispatch/news/regions/europe/russia/111206/russia-troops-streets-moscow-police-post-election-protests
2011-12-06,22:52:15,n2j94,102,"Funny Money --- 
In 2004 Canadian police stopped a suspicious vehicle on the highway. Inside they uncovered stacks of C$20 notes. Near perfect counterfeit. A forgery so widespread it forced a radical re-think of the entire nation's physical currency",theglobeandmail.com,http://www.theglobeandmail.com/report-on-business/economy/currencies/funny-money-how-counterfeiting-led-to-a-major-overhaul-of-canadas-money/article2258968/singlepage/#articlecontent
2011-12-06,08:12:57,n1s8d,101,"60% of Germans believe the euro is not a good idea, according to a poll released Sunday in a German news magazine, nearly a decade after euro coins and notes were introduced.

",english.ahram.org.eg,http://english.ahram.org.eg/~/NewsContent/3/12/28514/Business/Economy/-per-cent-of-Germans-think-euro-bad-idea-poll.aspx
2011-12-06,21:39:11,n2h9d,79,"China is surprise good guy at Durban climate conference: 
World's biggest carbon emitter says it might sign an agreement to change its ways.
",globalpost.com,http://www.globalpost.com/dispatch/news/regions/africa/south-africa/111205/china-surprise-good-guy-at-durban-climate-conferenc
2011-12-06,22:23:24,n2idl,56,"The conference on Afghanistan aimed to paint an optimistic future for the country. But the country's inhabitants have no illusions: They know that their military cannot protect them, and that the warlords are jockeying for position. Meanwhile, the Taliban are just waiting for the Americans to leave.",spiegel.de,"http://www.spiegel.de/international/world/0,1518,801820,00.html"
2011-12-06,04:34:18,n1ij5,46,Monkey arrested by Pakistan for crossing India border - not faking news,timesofindia.indiatimes.com,http://timesofindia.indiatimes.com/world/pakistan/Monkey-arrested-in-Pak-for-crossing-India-border/articleshow/10995446.cms
2011-12-06,22:38:57,n2itl,50,"Twin attacks on Shi'ite holiday kill dozens in Afghanistan - An apparent suicide bomber has attacked a Shi'ite shrine in central Kabul, killing over 50 people, while a bicycle bomb exploded in northern Mazar-i-Sharif, killing at least four.",dw-world.de,"http://www.dw-world.de/dw/article/0,,15581040,00.html"
2011-12-06,15:34:23,n2a0t,45,"New Jerusalem park a 'ruse' to set up new settlement, activists say: Residents and leftists claim plan designed to block development of two Palestinian neighborhoods in eastern half of city",haaretz.com,http://www.haaretz.com/print-edition/news/new-jerusalem-park-a-ruse-to-set-up-new-settlement-activists-say-1.399735
2011-12-06,22:46:29,n2j2b,41,"How Investigators Unravelled Europe's Biggest-Ever Fake-Medicine Scam ---
Story of sting operation that ensnared one of China's most prolific drug counterfeiters. From Viagra to Tamiflu, Kevin Xu was making millions exporting fake medicines to Europe. His downfall? His wife's love of diamonds",wired.co.uk,http://www.wired.co.uk/magazine/archive/2011/12/features/fake-pills?page=all
2011-12-06,10:05:32,n1wzn,38,Mexico drug war casualty: Citizenry suffers post-traumatic stress,csmonitor.com,http://www.csmonitor.com/World/Americas/2011/1203/Mexico-drug-war-casualty-Citizenry-suffers-post-traumatic-stress
2011-12-06,11:51:08,n21rj,43,Police criticised after tent dress torn off Occupy Melbourne protester,heraldsun.com.au,http://www.heraldsun.com.au/news/police-criticised-after-tent-dress-torn-off-occupy-protester/story-e6frf7jo-1226215099340
2011-12-07,03:58:09,n2vda,40,"Emir dissolves Kuwait's parliament -  Sheikh Sabah dissolves assembly, citing ""deteriorating conditions"", amid allegations of high-level corruption.",aljazeera.com,http://www.aljazeera.com/news/middleeast/2011/12/201112614355941632.html
2011-12-06,08:33:18,n1t3o,31,Dosing Irish Water With Lithium to Treat Depression? - Beneficial uses of lithium when it was added to the water supply in parts of Texas cited  as working example for the Irish government to follow,irishtimes.com,http://www.irishtimes.com/newspaper/ireland/2011/1202/1224308474582.html?mid=542
2011-12-06,23:20:08,n2k3z,30,Japan to include gold to bond purchasers.  Extremely interesting message in regards to monetary policy.,businessweek.com,http://www.businessweek.com/news/2011-12-06/japan-s-gold-for-bonds-offer-could-boost-return-by-5-9-times.html
2011-12-07,06:54:10,n33fz,27,Libya authorities 'to disarm Tripoli by 31 December',bbc.co.uk,http://www.bbc.co.uk/news/world-africa-16060966
2011-12-07,01:35:04,n2p9m,21,"Traces of radiation were found in baby formula in Japan, leading to Meiji Co to recall powdered milk",globalpost.com,http://www.globalpost.com/dispatch/news/regions/asia-pacific/japan/111206/japan-meiji-recall-baby-formula
