2011-05-14,10:41:26,hazgy,720,"Fukushima: Gaseous and liquid releases continue unabated.  With a meltdown at Unit 1, Unit 4 leaning and facing possible collapse, several units contaminating ground water, and area children outside the exclusion zone receiving adult occupational radiation doses. Situation worsens",fairewinds.com,http://fairewinds.com/content/fukushima-one-step-forward-and-four-steps-back-each-unit-challenged-new-problems?
2011-05-14,10:56:06,hazqz,348,"China says Ai Weiwei will ""be punished"".",cbsnews.com,http://www.cbsnews.com/stories/2011/05/13/eveningnews/main20062796.shtml?tag=cbsnewsSectionContent.1
2011-05-14,12:15:21,hb12i,340,"Qatar-based al-Jazeera provided intense coverage of the uprisings in the Middle East, almost cheering along the protesters. But when tanks from Saudi Arabia rolled in to neighboring Bahrain in, the  network’s reporting was only sporadic and markedly neutral, critics say.",washingtonpost.com,http://www.washingtonpost.com/world/al-jazeera-tv-network-draws-criticism-praise-for-coverage-of-arab-revolutions/2011/05/08/AFoHWs2G_story.html
2011-05-14,22:15:53,hb81o,243,"Acid blinding sentence postponed by Iran after international outcry: In a literal application of the sharia law of an eye for an eye, Majid Movahedi was scheduled to be rendered unconscious in Tehran's judiciary hospital while his victim, Ameneh Bahrami, dropped acid in both his eyes!",guardian.co.uk,http://www.guardian.co.uk/world/2011/may/14/acid-blinding-postponed-iran-outcry
2011-05-14,01:32:08,han7m,228,Pornography found in bin Laden hideout,reuters.com,http://www.reuters.com/article/2011/05/13/us-binladen-porn-idUSTRE74C4RK20110513
2011-05-14,11:06:37,hazy5,216,"How North Koreans get their laughs: By reinterpreting Party slogans, North Koreans show their sense of humor as well as their growing dislike of the regime.",globalpost.com,http://www.globalpost.com/dispatches/globalpost-blogs/the-rice-bowl/communist-propaganda-north-koreans-kim-jong-il
2011-05-15,07:51:20,hbi7u,94,India's Supreme Court has ordered a two-month ban on the production and sale of a widely used pesticide that can cause nerve damage to humans and wildlife.,independent.co.uk,http://www.independent.co.uk/news/world/asia/indias-top-court-orders-ban-on-pesticide-2284030.html
2011-05-14,18:03:23,hb5m0,79,"Third worker dies at Japan nuclear plant after conducting repair work on one of the stricken nuclear reactors
",english.aljazeera.net,http://english.aljazeera.net//news/asia-pacific/2011/05/201151472551520270.html
2011-05-14,14:04:52,hb2rh,79,Fukushima Daiichi plant worker dies,nhk.or.jp,http://www3.nhk.or.jp/daily/english/14_15.html
2011-05-15,02:25:09,hbbxn,75,"An Iranian man found guilty of using acid to blind a woman who refused to marry him now will have the same done to him as punishment — and she'll be the one who carries out the sentence, her lawyer says.",msnbc.msn.com,http://www.msnbc.msn.com/id/43029928/ns/world_news-mideast_n_africa/t/blinded-woman-gets-put-acid-attackers-eyes/
2011-05-14,23:11:37,hb8qa,60,BBC News - Singapore founding father Lee Kuan Yew resigns,bbc.co.uk,http://www.bbc.co.uk/news/world-asia-pacific-13400296
2011-05-15,07:42:49,hbi28,59,The European Union is warning Denmark its plans for customs checks may violate EU law and the Schengen free travel agreement.,independent.co.uk,http://www.independent.co.uk/news/world/europe/eu-warns-denmark-about-instituting-border-checks-2284027.html
2011-05-14,09:08:39,haxte,53,Could the UK lose Scotland? What Scottish secession would mean for the union,globalpost.com,http://www.globalpost.com/dispatch/news/regions/europe/united-kingdom/110513/scottish-national-party-scotland-secession
2011-05-15,06:41:39,hbgyy,49,"Turkey threatened to drop out of a United Nations panel investigating Israel's deadly raid on the aid flotilla, saying the wording of the draft report was in favor of Israel.",haaretz.com,http://www.haaretz.com/news/diplomacy-defense/report-turkey-threatens-to-leave-un-gaza-flotilla-inquiry-panel-over-israel-favored-draft-1.361606
2011-05-14,08:10:01,hawos,50,"Moammar Gadhafi may have fled Tripoli and a top Catholic official in that city reports that the Libyan strongman has been hurt, the Italian foreign minister said Friday.",theglobeandmail.com,http://www.theglobeandmail.com/news/world/gadhafi-likely-injured-and-no-longer-in-tripoli-italy/article2021270/
2011-05-14,21:13:29,hb7bp,36,What four miles of Yemeni protesters looks and sounds like,youtube.com,http://www.youtube.com/watch?feature=player_embedded&v=p1u4WK9ZbvU
2011-05-14,17:11:09,hb546,42,Flood of North African refugees to Italy ends EU passport-free travel,independent.co.uk,http://www.independent.co.uk/news/world/europe/flood-of-north-african-refugees-to-italy-ends-eu-passportfree-travel-2283888.html
2011-05-14,11:27:50,hb0aj,39,Uganda anti-gay bill pushed out of parliament!,guardian.co.uk,http://www.guardian.co.uk/world/2011/may/13/uganda-anti-gay-bill-shelved
2011-05-14,19:02:37,hb65h,36,"Greek crisis forces thousands of Athenians into rural migration. Debt, unemployment and poverty is causing mass unrest and thousands to seek a cheaper lifestyle outside the capital
",guardian.co.uk,http://www.guardian.co.uk/world/2011/may/13/greek-crisis-athens-rural-migration
2011-05-14,14:10:37,hb2up,35,A worker at the Fukushima Daiichi nuclear power plant fell unconscious at work on Saturday and later died.,nhk.or.jp,http://www3.nhk.or.jp/daily/english/14_15.html??
2011-05-14,19:33:55,hb6fe,31,"Japanese officials detect radioactive incinerator ashes in Tokyo, other prefectures",news.xinhuanet.com,http://news.xinhuanet.com/english2010/world/2011-05/13/c_13873872.htm
2011-05-14,10:00:05,hayr3,26,"World population to reach 10 billion by 2085. In 1950, 32% of the world’s people lived in today’s rich countries. By 2100, only 13% will.",economist.com,http://www.economist.com/blogs/dailychart/2011/05/world_population
2011-05-15,05:10:44,hbfa8,27,"Egypt Muslim Brotherhood leader to Washington Post: ""We are not threatening Israel. [...] Israel is not under threat from Arabs—it is under threat from inside Israel, from its leaders like Netanyahu and Lieberman. It is under threat from Israelis.""",ynetnews.com,"http://www.ynetnews.com/articles/0,7340,L-4068520,00.html"
2011-05-14,21:26:38,hb7gp,21,Mass sackings in Bahrain crackdown,english.aljazeera.net,http://english.aljazeera.net/news/middleeast/2011/05/2011514104251715508.html
2011-05-14,22:46:14,hb8f2,21,Pakistan's Reaction To Osama's Killing Shows It's A Country Of Contradictions,theglobeandmail.com,http://www.theglobeandmail.com/news/world/pakistans-reaction-to-osamas-killing-shows-its-a-country-of-contradictions/article2021970/singlepage/
2011-05-14,08:20:35,hawvd,18,"Scientists cure cancer, nobody takes notice.",hubpages.com,http://hubpages.com/hub/Scientists_cure_cancer__but_no_one_takes_notice
2011-05-14,09:44:32,hayh2,20,Protest in Yemen,youtube.com,http://www.youtube.com/watch?v=p1u4WK9ZbvU
2011-05-14,22:35:43,hb8a5,21,Italian Bus Driver Caught on Video Using Two Phones and Steering With His Elbows,thelede.blogs.nytimes.com,http://thelede.blogs.nytimes.com/2011/05/13/italian-bus-driver-caught-on-video-using-two-phones-and-steering-with-his-elbows/?smid=tw-thelede&seid=auto
2011-05-15,04:35:34,hbemb,16,"Conservative estimate says 48 women and girls are raped every hour in DR Congo, “one of the great human crises of our time.”",bbc.co.uk,http://www.bbc.co.uk/news/world-africa-13367277?tryagain
2011-05-14,08:52:30,haxi7,18,Top Pakistani Spy Denounces U.S. Before Parliament,nytimes.com,http://www.nytimes.com/2011/05/14/world/asia/14pakistan.html
