2011-04-10,05:38:09,gmc7m,788,Something bad happened at the Fukushima power plant in the last 48 hours...,atmc.jp,http://atmc.jp/plant/rad/?n=1
2011-04-10,12:13:02,gmio1,761,Murdoch faces flood of hacking claims - could face criminal charges,abc.net.au,http://www.abc.net.au/news/stories/2011/04/10/3187081.htm
2011-04-10,02:05:28,gm8fg,417,"A massive Russian cargo plane roared into Atlanta on Friday to pick up one of the world’s largest concrete pumps, which has been retrofitted to pour water on a Japanese nuclear power plant stricken by an earthquake and tsunami.(pic)

",thenewstribune.com,http://www.thenewstribune.com/2011/04/09/1619190/russian-plane-delivers-american.html
2011-04-10,15:59:36,gmloq,313,Icelanders reject debt repayment plan ,english.aljazeera.net,http://english.aljazeera.net/news/europe/2011/04/20114105711706711.html
2011-04-10,13:28:56,gmjs5,242,"Those hero Japanese workers at the stricken nuclear power plant? Day labor, Temp workers... ",nytimes.com,http://www.nytimes.com/2011/04/10/world/asia/10workers.html?ref=world
2011-04-11,06:49:42,gmx62,141,"Rupert Murdoch to be implicated?  Please, let it be so!",theage.com.au,http://www.theage.com.au/world/silence-on-murdochs-influence-20110410-1d98m.html
2011-04-10,03:05:34,gm9gz,122,Police in Northern Ireland have said that a 500lb bomb left in a van may have been destined for a town centre.,bbc.co.uk,http://www.bbc.co.uk/news/uk-northern-ireland-13023315?spam_filter=Y
2011-04-11,07:03:17,gmxfl,100,Mexican drug cartels targeting and killing children - Is this what winning the war on drugs looks like?,washingtonpost.com,http://www.washingtonpost.com/world/mexican-drug-cartels-targeting-and-killing-children/2011/04/07/AFwkFb9C_story.html
2011-04-10,22:29:09,gmp2k,90,UK and Netherlands to sue Iceland over lost deposits,bbc.co.uk,http://www.bbc.co.uk/news/business-13029210
2011-04-10,22:38:56,gmp68,92,"Fukushima gov. slams TEPCO, govt for 'betrayal',",yomiuri.co.jp,http://www.yomiuri.co.jp/dy/national/T110408005027.htm
2011-04-11,00:18:54,gmqh5,73,"Kosovo elects first woman President, and she is only 35 years old. ",theglobeandmail.com,http://www.theglobeandmail.com/news/world/europe/kosovo-elects-first-woman-president/article1975127/
2011-04-10,11:43:04,gmi5r,72,BBC News - Iceland sets to reject Icesave repayment deal,bbc.co.uk,http://www.bbc.co.uk/news/world-europe-13022524
2011-04-10,23:05:34,gmpgs,72,Rupert Murdoch faces rush of phone hack claims,reuters.com,http://www.reuters.com/article/2011/04/09/us-hacking-idUSTRE7374NG20110409?feedType=RSS&feedName=topNews&utm_source=feedburner&utm_medium=feed&utm_campaign=Feed%3A+reuters%2FtopNews+%28News+%2F+US+%2F+Top+News%29&utm_content=Google+Reader
2011-04-11,01:27:36,gmrkv,69,Japanese citizens turning in cash found in tsunami zone,edition.cnn.com,http://edition.cnn.com/2011/WORLD/asiapcf/04/10/japan.lost.cash/index.html?eref=edition
2011-04-10,23:38:34,gmpwh,58,woman barred from SkyTrain for wearing button displaying the f-word,vancouversun.com,http://www.vancouversun.com/news/TransLink+takes+exception+yoga+slight/4573185/story.html
2011-04-10,17:46:23,gmmpt,58,WikiLeak says Israel ruled out military option on Iran years ago: 2005 report says senior defense officials did not believe an attack similar to Israel's assault on Iraq's Osirak reactor was possible.,haaretz.com,http://www.haaretz.com/print-edition/news/haaretz-wikileaks-exclusive-israel-ruled-out-military-option-on-iran-years-ago-1.355024
2011-04-10,06:19:30,gmcww,55,Taliban takes over abandoned US base.,youtube.com,http://www.youtube.com/watch?feature=player_embedded&v=NovWSBJUlCg
2011-04-11,02:15:41,gmseh,52,Turkey leads world in imprisoning journalists.  Study finds Turkey surpasses Iran and China with 57 jailed journalists; reporters can be imprisoned for up to 3 years before trials begin.,jpost.com,http://www.jpost.com/International/Article.aspx?id=215997
2011-04-11,07:12:10,gmxm2,40,Muammar Gaddafi has accepted a roadmap for ending the conflict in Libya,reuters.com,http://www.reuters.com/article/2011/04/10/us-libya-africanunion-idUSTRE7392Z820110410
2011-04-11,00:05:44,gmq9w,41,Yemen security forces again open fire on protesters: At least 2 killed and scores of pro-democracy protesters wounded as Yemen president rejects international calls for him to step down.,globalpost.com,http://www.globalpost.com/dispatch/news/regions/middle-east/110408/yemen-protests-saleh
2011-04-11,00:52:48,gmr08,30,"Military Crackdown On Protesters In Egypt
",youtube.com,http://www.youtube.com/watch?v=oY_hj1nQfAQ&feature=feedu
2011-04-10,14:54:28,gmkwo,35,Syrian security forces beat up dead protester then drag his bloodied corpse (graphic),silmya.org,http://silmya.org/post/4481962099
2011-04-11,02:01:56,gms62,32,"Ciudad Juarez, Mexico: How cartels have turned the city's youth into hit men and cannon fodder — 17-year-old Jose Antonio has seen more firefights and murders than many soldiers serving in Iraq or Afghanistan",globalpost.com,http://www.globalpost.com/dispatch/mexico/100706/ciudad-juarez-youth-murder
2011-04-11,02:01:38,gms5x,30,Northern Ireland bomb attempt 'threatened mass murder': Police say bomb found in van on main Belfast to Dublin road could have resulted in huge devastation and loss of life,guardian.co.uk,http://www.guardian.co.uk/uk/2011/apr/09/northern-ireland-bomb-attempt
2011-04-10,09:11:55,gmfri,28,"Egypt's ruling generals ""ready to use force"" to clear Cairo square.",reuters.com,http://www.reuters.com/article/2011/04/09/us-egypt-protest-idUSTRE73754M20110409
2011-04-11,03:01:17,gmt75,23,"Nearly 40% of settlements in the West Bank are on private Palestinian property. If you were a Palestinian, what's the best form of protest?",nytimes.com,http://www.nytimes.com/2007/03/14/world/middleeast/14israel.html
2011-04-11,00:02:20,gmq85,21,"Five days after being detained by Libyan troops, four journalists, including a freelance reporter who works for The Atlantic, are missing but believed to be in government custody. Libyan government officials say they will be brought to Tripoli, according to Western journalists in that city.",theatlantic.com,http://www.theatlantic.com/international/archive/2011/04/reporters-detained-in-libya-remain-in-government-custody/237051/
2011-04-11,03:36:07,gmtpq,18,"Beijing police arrest at least a dozen members of a Christian house church for attempting to hold a church service in public after they are evicted from their usual place of worship.
",startribune.com,http://www.startribune.com/world/119547789.html
2011-04-10,20:19:17,gmnx1,18,Wikileaks is more accountable than governments.,guardian.co.uk,http://www.guardian.co.uk/media/2011/apr/09/julian-assange-wikileaks-public-debate
2011-04-10,23:22:28,gmpoy,15,Israeli Embassy in Cairo Under Siege,youtube.com,http://www.youtube.com/watch?v=u6jC4gCGH4s&feature=player_embedded#at=78
