2011-12-26,19:37:17,nr3e0,1825,Famous Australian tv chef loses his wife and 3 kids in a house fire. Suffers burns to 40% of his body tryin to save them. All on Christmas night. ,heraldsun.com.au,http://www.heraldsun.com.au/news/more-news/flames-claim-matt-golinskis-wife-and-three-children/story-fn7x8me2-1226230435907
2011-12-26,04:49:16,nqg8s,1466,7 year old Israeli girl is afraid to walk the 300 meters between home and school because of the violence she has faced from ultra-Orthodox men who say her clothes are too revealing. ,haaretz.com,http://www.haaretz.com/print-edition/news/petition-to-protest-ultra-orthodox-discrimination-against-7-year-old-beit-shemesh-girl-1.403396
2011-12-26,08:56:13,nqnfy,580,Brazil Overtakes UK as 6th-Largest Economy ,guardian.co.uk,http://www.guardian.co.uk/business/2011/dec/26/brazil-overtakes-uk-economy
2011-12-27,01:07:25,nr9gl,461,"Belgium Is In Deep Financial Trouble Due To Bank Bailouts, But Now, Finally, A Bank CEO Is Getting Sued",businessinsider.com,http://www.businessinsider.com/belgium-in-deep-financial-trouble-due-to-bank-bailouts-but-finally-a-bank-ceo-gets-sued-2011-12
2011-12-26,20:41:27,nr454,188,"Because the U.S. is regarded in China as a Christian nation, many parents see Christian schools as part of mainstream American culture",businessweek.com,http://www.businessweek.com/news/2011-12-21/chinese-atheists-lured-to-find-jesus-at-u-s-christian-schools.html
2011-12-26,14:27:38,nqxn8,184,"Largest protest since collapse of Soviet Union rocks Russia.  100,000 demonstrators",independent.co.uk,http://www.independent.co.uk/news/world/europe/largest-protest-since-collapse-of-soviet-union-rocks-russia-6281549.html
2011-12-26,09:43:00,nqouy,107,More than 40 patients have died in the last five days amid an ongoing strike by doctors at public hospitals in India's Rajasthan state.,cnn.com,http://www.cnn.com/2011/12/25/world/asia/india-doctors-strike/index.html?eref=rss_topstories&utm_source=feedburner&utm_medium=feed&utm_campaign=Feed%3A+rss%2Fcnn_topstories+%28RSS%3A+Top+Stories%29&utm_content=Google+Reader
2011-12-26,02:44:10,nqce3,98,"Five bombs exploded in Nigeria at churches on Christmas, killing dozens and maiming hundreds of church-goers",globalpost.com,http://www.globalpost.com/dispatch/news/regions/africa/nigeria/111225/nigeria-christmas-church-bombs-kill-dozens
2011-12-27,00:26:23,nr8af,96,Yuan at all-time high to the US dollar.,reuters.com,http://www.reuters.com/article/2011/12/26/us-markets-china-yuan-idUSTRE7BP03220111226
2011-12-26,17:33:23,nr1mv,91,"China jails dissident Chen Xi for 10 years - 
 Veteran dissident is the 2nd within 4 days to be convicted of inciting subversion through online essays",guardian.co.uk,http://www.guardian.co.uk/world/2011/dec/26/china-jails-dissident-chen-xi
2011-12-26,19:26:57,nr39f,91,South Korea's former First Lady Lee Hee-ho travels to Pyongyang to offer condolences over the death of  Kim Jong-il.,bbc.co.uk,http://www.bbc.co.uk/news/world-asia-16330608
2011-12-26,19:25:03,nr38l,73,"China city tightens control of microblogs, Shanghai will require microblog users to register under their real names from Monday, the latest local government in China to implement the rule after a spate of violent protests.",google.com,http://www.google.com/hostednews/afp/article/ALeqM5hK79b2HGBhiLKW-WRCslB79TZb9g?docId=CNG.ef96f040ab7430954a9e6fb547e29fb3.311
2011-12-26,22:03:40,nr5cb,66,"A Murder Foretold --- 
Story of a murky political intrigue in Guatemala and how one attorney, investigating controversial murder case, accurately predicted his own assassination. Long, powerful article with a plot straight out of a John Grisham novel",newyorker.com,http://www.newyorker.com/reporting/2011/04/04/110404fa_fact_grann?currentPage=all
2011-12-27,00:43:14,nr8rl,45,Sea Shepherd Now Using Drones To Hunt Japanese Whalers,gizmodo.com,http://gizmodo.com/5871086/sea-shepherd-now-using-drones-to-hunt-japanese-whalers
2011-12-26,14:55:30,nqyed,47,"The Soviet Union's Afterlife:  Twenty years later, questions endure about how and why the nation abruptly dissolved.",thenation.com,http://www.thenation.com/article/165316/soviet-unions-afterlife?page=full
2011-12-26,18:15:19,nr29l,40,Indonesian police fire on gold mine protesters,abc.net.au,http://www.abc.net.au/news/2011-12-26/indonesian-police-fire-on-gold-mine-protesters/3747908
2011-12-27,03:25:23,nrdhp,38,North Korean power-behind-throne emerges as neighbors meet,reuters.com,http://www.reuters.com/article/2011/12/25/us-korea-north-power-idUSTRE7BO02I20111225
2011-12-26,23:57:01,nr7l6,35,"Arab League official wounded in Syria shelling, Mustashar Mahgoub was injured in an attack in Homs; locals report tanks firing machineguns and mortars into residential areas.",haaretz.com,http://www.haaretz.com/news/middle-east/report-arab-league-official-wounded-in-syria-shelling-1.403747?localLinksEnabled=false
2011-12-26,12:05:53,nqt7t,25,"New Delhi's homeless wait out biting cold:  India's homeless are waiting out the biting cold winter, which has already killed over 100 people, mostly in Uttar Pradesh.",dw-world.de,"http://www.dw-world.de/dw/article/0,,6687300,00.html"
2011-12-26,14:21:49,nqxhj,24,"China, Japan strengthen financial, currency ties ... To support the growing economic and financial relations between China and Japan",marketwatch.com,http://www.marketwatch.com/story/china-japan-strengthen-financial-currency-ties-2011-12-25
2011-12-27,01:23:40,nr9x7,21,France won't arrest former war crimes court official,france24.com,http://www.france24.com/en/20111226-france-wont-arrest-former-war-crimes-court-spokeswoman-florence-hartmann?utm_source=dlvr.it&utm_medium=twitter
2011-12-26,18:59:51,nr2x7,21,'Anonymous' hackers hit US security firm Stratfor,bbc.co.uk,http://www.bbc.co.uk/news/world-us-canada-16330396
2011-12-26,19:18:25,nr35j,18,"Fukushima investigation reveals failings, Japan's response was confused and riddled with problems, including an erroneous assumption an emergency cooling system was working and a delay in disclosing dangerous radiation leaks.",guardian.co.uk,http://www.guardian.co.uk/world/2011/dec/26/fukushima-investigation-reveals-failings
2011-12-26,16:55:37,nr0za,18,Tens of thousands of Russian protesters want Vladimir Putin out,articles.latimes.com,http://articles.latimes.com/2011/dec/24/world/la-fg-russia-protest-putin-20111225
2011-12-26,23:13:07,nr6of,19,"London police are investigating after man was stabbed to death on Oxford Street, one of the world's busiest shopping streets, at about 13:45 GMT today.",bbc.co.uk,http://www.bbc.co.uk/news/uk-england-london-16334214
2011-12-26,19:18:36,nr35o,19,Brazilian economy 'overtakes UK',bbc.co.uk,http://www.bbc.co.uk/news/business-16332115
2011-12-26,23:18:52,nr6si,18,"Putin’s Children --- ""Putin seems clueless in his disdain, dismissing the protesters as tools of America, sneering that the white ribbons they wore resembled “condoms.”  Interestingly, the inevitable protest art featured Putin draped in a giant condom""",nytimes.com,http://www.nytimes.com/2011/12/26/opinion/keller-putins-children.html?_r=1
2011-12-26,10:41:01,nqqkt,15,"Beaches Closed as Swells Tear Shark Nets Free - “The best thing we can do is just try & keep people out of the water.""  Strong waves & high tides continue to lash SE Queensland as tropical cyclone Fina moves further south 



",smh.com.au,http://www.smh.com.au/environment/weather/beaches-closed-as-swells-tear-shark-nets-free-20111226-1p9xs.html
2011-12-26,23:38:36,nr76c,15,"Wukan Revolt Could Be a Harbinger for China --- China’s state-run media have had a field day with OWS, spinning an almost daily morality play about capitalism gone amok.  Occupy Wukan is another matter entirely!",nytimes.com,http://www.nytimes.com/2011/12/26/world/asia/in-china-the-wukan-revolt-could-be-a-harbinger.html?src=me&ref=world
2011-12-27,02:39:59,nrc5y,14,Iraq's Sadrists call to dissolve parliament,aljazeera.com,http://www.aljazeera.com/news/middleeast/2011/12/20111226132420515899.html
