2011-09-01,18:19:50,k1542,1403,"Al Jazeera English reporting evidence found in Libya of a former US Ambassador, and a currently serving congressman have been providing advice to Gadaffi on how to cling to power.",blogs.aljazeera.net,http://blogs.aljazeera.net/liveblog/libya-aug-31-2011-2029
2011-09-01,22:38:32,k1ac8,797,Huge WikiLeaks Security Breach Causes Unredacted Documents To Flood The Web,businessinsider.com,http://www.businessinsider.com/huge-wikileaks-secuirity-breach-causes-unredacted-documents-to-flood-the-web-2011-9#ixzz1Whwlvqw1
2011-09-01,21:43:48,k18r9,456,Turkey warns Israel: You have one day to apologize for Gaza flotilla raid or sanctions begin,haaretz.com,http://www.haaretz.com/news/diplomacy-defense/turkey-warns-israel-you-have-one-day-to-apologize-for-gaza-flotilla-raid-1.381975
2011-09-01,15:19:00,k123o,347,"Rainforest Activist Asks for Protection After Death Threats - 
Rubber tapper fears for his life because landowners have offered a $50,000 contract for his death - Hundreds of such killings have been recorded since the 1980s",guardian.co.uk,http://www.guardian.co.uk/environment/2011/aug/31/rainforest-activists-protection-death-threats?intcmp=122
2011-09-02,00:27:32,k1dqr,224,"Second giant ice island set to break off Greenland glacier. Astonished scientist says he was ""completely unprepared for the gob-smacking scale of the breakup, which rendered me speechless.""",msnbc.msn.com,http://www.msnbc.msn.com/id/44353322/ns/us_news-environment/
2011-09-01,08:32:54,k0q5i,186,The Gadhafi Family Album,blogs.denverpost.com,http://blogs.denverpost.com/captured/2011/08/29/in-focus-gadhafi-family-photo-album/4617/
2011-09-02,03:49:29,k1l07,175,"‘You Are Nobody’: Thousands find themselves stateless in the Dominican Republic. Over the past seven years, the Dominican government has re-written its Constitution, re-interpreted old laws and passed new ones, effectively eliminating birthright citizenship.  ",fcir.org,http://fcir.org/2011/08/22/%E2%80%98you-are-nobody%E2%80%99-thousands-find-themselves-stateless-in-the-dominican-republic/
2011-09-01,21:58:14,k196b,84,China confronted Indian warship off Vietnam.,dawn.com,http://www.dawn.com/2011/09/01/china-confronted-india-warship-off-vietnam-report.html
2011-09-01,11:58:51,k0wjp,71,"""The Arab Spring is . . . a primer on wishful thinking in the face of the real world.""",stratfor.com,http://www.stratfor.com/weekly/20110815-re-examining-arab-spring
2011-09-01,00:08:41,k08ub,63,"A Spanish town is recreating the annual Celtic wedding festival of Lughnasadh, which sees couples get married for just one year ",elpais.com,http://www.elpais.com/articulo/english/Till/next/summer/do/us/part/elpepueng/20110831elpeng_8/Ten
2011-09-01,21:27:46,k18db,57,"Conrad Black on prison life: ""It’s quite Spartan, and you are subject to the authority of unskilled labour frequently masquerading as figures of much more natural or earned authority than they actually possess""",cbc.ca,http://www.cbc.ca/news/canada/story/2011/09/01/conrad-black-cbc.html
2011-09-01,02:46:29,k0eiu,61,SAfrica: Black farmers sell farms back to whites ,hosted.ap.org,http://hosted.ap.org/dynamic/stories/A/AF_SOUTH_AFRICA_LAND_REFORM?SITE=AP&SECTION=HOME&TEMPLATE=DEFAULT&CTIME=2011-08-31-09-52-59
2011-09-01,09:59:26,k0stf,54,"Iran says cheap ""Made in China"" Qurans full of typos",globalpost.com,http://www.globalpost.com/dispatches/globalpost-blogs/the-rice-bowl/iran-made-china-qurans-full-typos
2011-09-01,13:52:04,k101i,51,What if the China Model Goes Bad?  China’s economic growth has been remarkable. But continuing to rely on the notion of a benevolent dictatorship is a serious mistake.,the-diplomat.com,http://the-diplomat.com/2011/08/31/what-if-the-china-model-goes-bad/
2011-09-01,23:51:25,k1cjj,47,China to cut income tax for 60 million people - only 8% of population will be paying taxes now.,csmonitor.com,http://www.csmonitor.com/World/Asia-Pacific/2011/0831/China-to-cut-income-tax-for-60-million-people
2011-09-01,19:10:59,k15xg,48,Child obesity swells as Italy forgets eating habits,independent.co.uk,http://www.independent.co.uk/life-style/health-and-families/health-news/child-obesity-swells-as-italy-forgets-eating-habits-2347203.html
2011-09-01,20:24:28,k172q,47,How Cameron's secret unit choked off oil supplies to Gaddafi's frontline forces,guardian.co.uk,http://www.guardian.co.uk/politics/2011/sep/01/cameron-oil-gaddafi-frontline-forces
2011-09-02,04:23:57,k1m8t,39,"Thousands march at Bahraini boy's funeral: Shia groups say 14-year-old died after teargas canister hit him, a charge denied by the Gulf Arab state's government.",english.aljazeera.net,http://english.aljazeera.net/news/middleeast/2011/09/201191183337229979.html
2011-09-01,09:46:34,k0sf7,32,The Disinvited: The New Libya's New Racism,time.com,"http://www.time.com/time/world/article/0,8599,2091293,00.html"
2011-09-02,03:47:59,k1kya,39,Last resident of town near Fukushima refuses to leave,news.yahoo.com,http://news.yahoo.com/ap-exclusive-japan-nuke-holdout-resolved-stay-115359874.html
2011-09-01,23:35:18,k1c1t,34,Polish-Jewish sociologist compares West Bank separation fence to Warsaw Ghetto walls ,haaretz.com,http://www.haaretz.com/print-edition/news/polish-jewish-sociologist-compares-west-bank-separation-fence-to-warsaw-ghetto-walls-1.381828
2011-09-01,23:03:58,k1b22,35,"WikiLeaks fends off cyber-attack after release of unedited cables - The United States and Australia have condemned WikiLeaks for publishing unredacted diplomatic cables, saying the move puts lives in danger. WikiLeaks counters that it is committed to making information free for all.",dw-world.de,"http://www.dw-world.de/dw/article/0,,15355937,00.html"
2011-09-01,21:44:23,k18s0,29,Iran Concerned West Will Benefit From Arab Uprisings,nytimes.com,http://www.nytimes.com/2011/09/01/world/middleeast/01tehran.html
2011-09-01,13:20:26,k0z3k,26,"West Africa Rising: Guinea to sign $5.8 billion mining deal with Chinese firm - China Power Investment would finance the construction of a coal power plant, a deep water port, and a refinery in exchange for digging rights.",csmonitor.com,http://www.csmonitor.com/World/Africa/Africa-Monitor/2011/0831/West-Africa-Rising-Guinea-to-sign-5.8-billion-mining-deal-with-Chinese-firm
2011-09-02,03:50:44,k1l1s,27,Nepal's former Maoist rebels hand over their weapons: Nepal's governing former Maoist rebels have handed over their weapons to a multi-party committee tasked with overseeing the peace process. ,bbc.co.uk,http://www.bbc.co.uk/news/world-south-asia-14753201
2011-09-02,01:46:56,k1gh2,24,17-Year-Old Anonymous Member Charged by UK Police,gadgehit.com,http://www.gadgehit.com/2011/09/01/17-year-old-anonymous-member-charged-by-uk-police/
2011-09-01,15:22:36,k126c,26,"Hair-splitting, brazen denials and six decades of dirty tricks - The tobacco industry.",independent.co.uk,http://www.independent.co.uk/news/science/hairsplitting-brazen-denials-and-six-decades-of-dirty-tricks-2347262.html
2011-09-02,02:41:55,k1igh,30,The Palmer Committee UN Report on the Gaza Flotilla,graphics8.nytimes.com,http://graphics8.nytimes.com/packages/pdf/world/Palmer-Committee-Final-report.pdf
2011-09-02,04:22:57,k1m7b,24,Chinese and Indian workers are more likely to skip off work under the false pretence of illness than their French and Mexican counterparts.,sharpindian.in,http://www.sharpindian.in/corp.htm
2011-09-01,22:01:20,k199k,23,"Saadi, one of Gaddafi's sons, might join the Libyan rebel's leadership
",english.ahram.org.eg,"http://english.ahram.org.eg/~/NewsContent/2/8/20124/World/Region/Saadi,-one-of-Gaddafis-sons,-might-join-the-Libyan.aspx"
