2011-11-14,03:16:31,maxii,1044,"Scottish school removes concrete play area and replaces with ""Urban Jungle"" containing trees, hills, boulders and tunnels.  Over a 2 year period results in 80% fewer accidents! ",bbc.co.uk,http://www.bbc.co.uk/news/uk-scotland-glasgow-west-15623658
2011-11-14,07:41:35,mb6pz,769,Roman Catholic church's paedophile investigator jailed for possessing thousnds of child porn images,dailymail.co.uk,http://www.dailymail.co.uk/news/article-2054674/Roman-Catholic-churchs-paedophile-investigator-jailed-possessing-thousnds-child-porn-images.html
2011-11-14,22:59:33,mbtpm,650,"Indonesians killed 750 endangered orangutans in a year - Such practices, never before quantified, are believed to be a more serious threat to the existence of the red apes",physorg.com,http://www.physorg.com/news/2011-11-survey-indonesians-orangutans-year.html
2011-11-14,08:09:41,mb7me,627,"Fury over young activist publishing nude self-photo:  In an unprecedented move, a young Egyptian female on Sunday dared to publish a nude photo of herself, along with other nude photos, on her blog as an act of free personal expression.",almasryalyoum.com,http://www.almasryalyoum.com/en/node/514254
2011-11-14,19:37:38,mboth,332,Norway's Anders Behring Breivik in open court hearing,bbc.co.uk,http://www.bbc.co.uk/news/world-15720289
2011-11-14,20:34:03,mbq09,304,New arrest as Germany links neo-Nazis to 10 murders,bbc.co.uk,http://www.bbc.co.uk/news/world-europe-15715431
2011-11-15,00:50:26,mbxj8,144, Murdoch Paper Was Spying On The British MPs Investigating It,businessinsider.com,http://www.businessinsider.com/greenslade-watson-murdoch-spying-2011-11
2011-11-14,22:29:36,mbss6,101,"Arab leaders shouldn't kill their people? --- Arab Spring endures. Arab League freezes Syria's membership, because government has killed thousands of opponents. It may not stop Assad, of course. But since when did Arab leaders care about regimes killing their own people?",lynch.foreignpolicy.com,http://lynch.foreignpolicy.com/posts/2011/11/11/since_when_do_arab_states_care_about_rtp
2011-11-14,21:46:02,mbrlf,102,"Indigenous pygmy groups are being exploited by the Congo's ethnic Bantu people, and sometimes subject to slavery, according to a study by a Congolese human rights grou",globalpost.com,http://www.globalpost.com/dispatch/news/regions/africa/111113/pygmy-pets-congo-pygmies-slavery-human-rights
2011-11-14,21:37:37,mbrdu,98,"
Self-immolations spread from Tibet: The plight of Tibetans looks more desperate than ever",globalpost.com,http://www.globalpost.com/dispatch/news/regions/asia-pacific/india/111114/tibet-self-immolations-dalai-lama-china
2011-11-14,22:50:44,mbtgs,88,"Iran buried Monday a senior military officer it called the ""architect"" of its missile defences, killed in a massive explosion at a Revolutionary Guards' arms depot that authorities said was an accident.",reuters.com,http://www.reuters.com/article/2011/11/14/us-iran-blast-funeral-idUSTRE7AD0NE20111114
2011-11-14,12:05:52,mbg0a,86,Roman Catholic church's paedophile investigator jailed for possessing thousnds of child porn images[Fixed Source],bbc.co.uk,http://www.bbc.co.uk/news/uk-england-devon-15491833
2011-11-14,22:33:35,mbswi,76,"'Iran opposition will unite with government should Israel attack'. Former president Mohammad Khatami, a harsh critic of Ahmadinejad, says all Iran factions will unite if faced with Israeli military strike.",haaretz.com,http://www.haaretz.com/news/diplomacy-defense/iran-opposition-will-unite-with-government-should-israel-attack-1.395529
2011-11-14,07:15:05,mb5td,60,A Glimpse Into North Korea,nytimes.com,http://www.nytimes.com/interactive/2011/11/09/world/asia/20111109-NKOREA-GOBIG.html
2011-11-14,21:35:16,mbrbm,58,King Abdullah of Jordan has said Syrian President Bashar al-Assad should step down in the interest of his country. ,bbc.co.uk,http://www.bbc.co.uk/news/world-middle-east-15723023
2011-11-14,00:36:28,masss,57,"Undercover policeman admits spying on Danish activists - 
Mark Kennedy says he infiltrated community centre, obtaining intelligence that helped police storm it and close it down",guardian.co.uk,http://www.guardian.co.uk/environment/2011/nov/13/undercover-policeman-admits-spying-danish-activists
2011-11-15,00:29:25,mbwr0,58,No cheering allowed for Japanese fans at North Korean soccer game in Pyongyang. ,abcnews.go.com,http://abcnews.go.com/blogs/headlines/2011/11/japanese-fans-travel-to-pyongyang-for-historic-match/
2011-11-14,14:35:52,mbl1h,53,"British newspaper throws open its office doors, letting readers peer over reporters' shoulders -- digitally, at least.  'Guardian' editor says that in the wake of the phone hacking scandal, which shut down Murdoch's 'News of the World', people have a greater interest in seeing how news is made.",physorg.com,http://www.physorg.com/news/2011-11-british-paper-readers-newshounds.html
2011-11-14,14:17:17,mbkhu,48,"Rape Cases Soar in Somali Camps -  Armed gangs of young men are roaming around, often high on khat, raping women who have no clan support.   ""Almost all the rapists get away with it & know they can get away with it."" ",alternet.org,http://www.alternet.org/drugs/153044/rape_cases_soar_in_somali_camps?page=entire
2011-11-14,16:44:20,mbo0s,47,"Neo-Nazis Suspected in Long Wave of Crimes, Including Murders, in Germany",nytimes.com,http://www.nytimes.com/2011/11/14/world/europe/neo-nazis-suspected-in-wave-of-crimes-in-germany.html?_r=1&pagewanted=all
2011-11-15,01:10:29,mbybi,43,"Thailand's Disastrous, Slow-Moving Flood",theatlantic.com,http://www.theatlantic.com/infocus/2011/11/thailands-disastrous-slow-moving-flood/100188/
2011-11-14,21:49:42,mbroe,43,Visualizing how we got to 7 billion,npr.org,http://www.npr.org/series/141810687/7-billion-people-one-planet
2011-11-14,21:38:00,mbre2,38,Egypt's Copts in peril: The country's Christian minority losing hope of winning rights,globalpost.com,http://www.globalpost.com/dispatch/news/regions/middle-east/egypt/111113/state-fear-egypts-copts-peril
2011-11-14,21:38:02,mbre3,36,Free-trade agreements: Opening up the Pacific | The Economist,economist.com,http://www.economist.com/blogs/banyan/2011/11/free-trade-agreements
2011-11-14,12:00:44,mbftg,38,Deadly blast hits China city Xian,bbc.co.uk,http://www.bbc.co.uk/news/world-asia-china-15715868
2011-11-14,22:11:07,mbs8w,33,Mexican narcocorridos singer Diego Rivas killed,elpasotimes.com,http://www.elpasotimes.com/ci_19326455?source=rss_viewed
2011-11-14,22:41:57,mbt62,30,"Libya militias clash in longest sustained fighting since Qaddafi's fall:  In Libya, militia clashes around Tripoli and elsewhere are hindering government attempts to build democratic structures and civil society.",csmonitor.com,http://www.csmonitor.com/World/terrorism-security/2011/1114/Libya-militias-clash-in-longest-sustained-fighting-since-Qaddafi-s-fall
2011-11-14,12:36:00,mbh3a,30,Soyuz rocket lifts off from Baikonur with three astronauts on board bound for International Space Station,bbc.co.uk,http://www.bbc.co.uk/news/world-europe-15715260
2011-11-15,02:34:03,mc08j,31,"India to send 100,000 troops to China-India border.",english.peopledaily.com.cn,http://english.peopledaily.com.cn/90780/7641109.html
2011-11-14,23:41:31,mbv3n,25,Neo-Nazi group uncovered in Germany,channel4.com,http://www.channel4.com/news/neo-nazi-group-uncovered-in-germany
