2011-10-17,01:03:16,le5gz,1275,"Brazilian President Dilma Rousseff takes hard line on corruption, fires chief of staff and ministers: 'People are making it clear in the streets and elsewhere that long-tolerated sins such as bribery, graft and other acts of corruption are no longer tolerable.'",salon.com,http://www.salon.com/2011/10/16/brazil_takes_hard_line_on_corruption/singleton/
2011-10-17,09:22:24,lek5f,690,Thousands of Tunisians marched through the capital Tunis Sunday in a show of support for a television station subjected to violence after airing a controversial film that offended Muslims. ,france24.com,http://www.france24.com/en/20111016-tunisia-show-support-tv-station-aired-offensive-film-muslim-persepolis
2011-10-18,04:37:07,lfg9b,367,"Engstrom: ""Today’s copyright legislation is out balance, and out of tune with the times. It has turned the entire young generation into criminals in the eyes of the law, in a futile attempt at stopping the technological development. Yet file sharing has continued to grow exponentially.""",neurope.eu,http://www.neurope.eu/blog/copyright-law-turns-kids-criminals-reform-will-enrich-artists-and-public
2011-10-17,08:20:04,lei41,346,Police called after passengers stranded on plane or an entire day,guardian.co.uk,http://www.guardian.co.uk/world/2011/oct/16/police-passengers-stranded-plane
2011-10-17,20:06:12,lf0dx,292,Occupy Wall Street returns to Canada,globalpost.com,http://www.globalpost.com/dispatch/news/regions/americas/canada/111016/occupy-wall-street-returns-canada
2011-10-17,05:29:36,led1i,227,St. Paul's Cathedral tells police to move along at Occupy LSX protest,guardian.co.uk,http://www.guardian.co.uk/uk/2011/oct/16/occupy-london-protest-st-pauls?newsfeed=true
2011-10-17,18:07:29,leyhf,228,"Online Sex Education: Parents' Porn Fears Exaggerated, Experts Say ",spiegel.de,"http://www.spiegel.de/international/zeitgeist/0,1518,790266,00.html"
2011-10-17,22:17:33,lf31g,216,"Arab League finally steps up, calls for Syria to end violence",globalpost.com,http://www.globalpost.com/dispatch/news/regions/middle-east/111017/syria-arab-league-talks-cairo-protests
2011-10-17,09:14:10,lejw1,188,"

   

Qantas Admits Losing Child - Airline staff not only lost the boy's paperwork, but failed to even realize he was in their care ",smh.com.au,http://www.smh.com.au/travel/travel-news/qantas-loses-boy-rarely-happens-20111016-1lrir.html
2011-10-18,00:07:48,lf648,132,Top French cop arranged prostitute-filled orgies for Dominique Strauss-Kahn,nypost.com,http://www.nypost.com/p/news/international/dsk_bootyguard_u85zNuiCmyBVmZRCg1subP#ixzz1b2r4LloJ
2011-10-18,03:08:46,lfcsi,120,Head of French Spy Agency arrested after allegedly spying on a journalist for Nicolas Sarkozy,abcnews.go.com,http://abcnews.go.com/International/wireStory/head-french-spy-agency-handed-initial-charges-14754695
2011-10-17,20:09:06,lf0fh,91,Calls to suspend Sri Lanka from Commonwealth,abc.net.au,http://www.abc.net.au/news/2011-10-17/calls-to-suspend-sri-lanka-from-commonwealth/3575680?section=world
2011-10-16,23:48:50,le3ek,89,"Tokyo's radiation ""hot spots"" traced back to radium-filled bottles found under the floor of a nearby home",mdn.mainichi.jp,http://mdn.mainichi.jp/mdnnews/news/20111015p2a00m0na017000c.html
2011-10-18,01:52:23,lf9t3,89,"As anti-capitalism demonstrations sweep through Germany, activists have set up tent-cities in Frankfurt and Hamburg, vowing to stay as long as they can.",thelocal.de,http://www.thelocal.de/national/20111017-38269.html
2011-10-18,00:14:12,lf6da,70,S.African hospital reports 'superbug' outbreak,medicalxpress.com,http://medicalxpress.com/news/2011-10-safrican-hospital-superbug-outbreak.html
2011-10-17,20:04:53,lf0d7,61,Israel tense as prisoner swap looms: Gilad Shalit to be swapped Tuesday for a thousand Palestinian prisoners,globalpost.com,http://www.globalpost.com/dispatch/news/regions/middle-east/israel-and-palestine/111016/gilad-shalit-israel-palestinians-prisoner-swap
2011-10-17,19:01:55,lezbr,64,BBC News - Pc denies killing Ian Tomlinson at G20 ,bbc.co.uk,http://www.bbc.co.uk/news/uk-15334008
2011-10-17,10:14:29,lelu8,61,Senegal Curbs a Bloody Rite for Girls and Women,nytimes.com,http://www.nytimes.com/2011/10/16/world/africa/movement-to-end-genital-cutting-spreads-in-senegal.html?hp
2011-10-17,12:23:05,leq09,55,"Hermes calls on shareholders to protest at News Corp AGM: Shareholder advisory service withdraws support for board members Rupert Murdoch, James Murdoch",guardian.co.uk,http://www.guardian.co.uk/business/blog/2011/oct/14/hermes-shareholders-protest-news-corp-agm
2011-10-17,11:34:33,leoe0,42,Kenya deploys troops in Somalia after kidnappings,reuters.com,http://www.reuters.com/article/2011/10/16/us-kenya-security-idUSTRE79F2PS20111016
2011-10-18,00:32:09,lf6ze,43,Outcry in China over hit-and-run toddler left in street,bbc.co.uk,http://www.bbc.co.uk/news/world-asia-pacific-15331773
2011-10-17,09:35:56,lekj8,41,Russian spies using Canadian passports poses ‘troubling threat’ ,theglobeandmail.com,http://www.theglobeandmail.com/news/national/russian-spies-using-canadian-passports-poses-troubling-threat-documents/article2202598/
2011-10-18,03:07:27,lfcqc,40,"A court in Sweden has heard the case against a woman accused of sharing 45,000 music tracks online. Even in the home of The Pirate Bay the sheer scale is a record-breaker, and the prosecution has already hinted at a jail sentence...










",torrentfreak.com,https://torrentfreak.com/record-breaking-file-sharing-trial-heard-in-sweden-111017/
2011-10-17,08:09:12,lehrb,36,UK Ministers to consider plans for a register of lobbyists,bbc.co.uk,http://www.bbc.co.uk/news/uk-politics-15328122
2011-10-17,22:56:12,lf43m,40,"Jordan’s King Abdullah has sacked Prime Minister Marouf al-Bakhit, a conservative former army general and asked International Court of Justice judge Awn Khasawneh to form a new government",english.alarabiya.net,http://english.alarabiya.net/articles/2011/10/17/172280.html
2011-10-17,22:20:38,lf34e,27,"Hamas vows to try to kidnap more IDF soldiers:
Meshal says Hamas won't stop kidnapping efforts until 'all of our prisoners in Israel are freed.'",haaretz.com,http://www.haaretz.com/news/hamas-vows-to-try-to-kidnap-more-idf-soldiers-1.6797
2011-10-18,00:18:49,lf6in,22,Mubarak sons 'have $340m in Swiss bank accounts',guardian.co.uk,http://www.guardian.co.uk/world/2011/oct/17/mubarak-sons-swiss-bank-accounts
2011-10-18,05:52:17,lfixn,23,Ukrainian Bill Would Prohibit Providing Information about Homosexuality to Anyone,hrw.org,http://www.hrw.org/news/2011/10/16/ukraine-reject-homophobic-law
2011-10-18,06:43:08,lfkt1,24,Worst of New Zealand Oil Spill Yet to Come as Ship Starts to Break Apart,thisislondon.co.uk,http://www.thisislondon.co.uk/standard/article-23997267-stranded-ship-starts-to-break-apart.do
2011-10-17,21:24:54,lf1uo,21,"Strong Man --- 


There was a time when the Iraqi prime minister, Nouri al-Maliki, faced criticism for being too weak. Reminding Iraqis of this might prompt hollow laughter today. An important, if dispiriting, read",nationaljournal.com,http://nationaljournal.com/magazine/nuri-kamal-al-maliki-strong-man-20111013
