2011-02-09,18:03:54,fhxcr,1096,The suffering of Southern Africa under AIDS in one figure,upload.wikimedia.org,http://upload.wikimedia.org/wikipedia/commons/5/50/Life_expectancy_in_some_Southern_African_countries_1958_to_2003.png
2011-02-09,22:53:28,fi1b4,473,Anonymous sends an open letter to the UK government over the arrest of 5 of its members related to the DDoS attacks on Paypal et al.,hackbloc.org,https://hackbloc.org/sites/hackbloc.org/files/ANONYMOUS-PRESS-RELEASE_27-01-2011.pdf
2011-02-09,00:21:03,fhko1,310,"Muslims return favor, join hands with Christian protesters for Mass in Cairo's Tahrir Square",nydailynews.com,http://www.nydailynews.com/news/world/2011/02/07/2011-02-07_muslims_turn_out_in_mass.html
2011-02-09,21:23:15,fhzp5,230,"Cairo: Week 3, day 16, and with every passing hour, the regime digs in deeper",independent.co.uk,http://www.independent.co.uk/opinion/commentators/fisk/robert-fisk-week-3-day-16-and-with-every-passing-hour-the-regime-digs-in-deeper-2208625.html
2011-02-09,20:02:04,fhyp1,181,Three Christian churches in Indonesia destroyed by mob wanting stiffer penalty for Christian man given five year sentence for blasphemy against Islam.,cnn.com,http://www.cnn.com/2011/WORLD/asiapcf/02/08/indonesia.attack/index.html?hpt=Sbin
2011-02-10,03:30:14,fi7gf,127,The Government's Case Against Julian Assange Is Falling Apart,huffingtonpost.com,http://www.huffingtonpost.com/2011/02/09/julian-assange-case-falling-apart_n_820790.html
2011-02-09,17:24:59,fhwx3,59,"The US has called on the Egyptian government to lift its 30-year-old state of emergency immediately and calls comments by Egyptian Vice-President Omar Suleiman that the country was not ready for democracy """"particularly unhelpful"".",bbc.co.uk,http://www.bbc.co.uk/news/world-middle-east-12400422
2011-02-10,04:56:51,fi9k4,54,Fiber-optic communications cable arrives in Cuba  promising a bandwidth bonanza for a country saddled with exorbitant telephone rates and among the slowest Internet connection speeds on the planet.,news.yahoo.com,http://news.yahoo.com/s/ap/20110209/ap_on_hi_te/cb_cuba_telecommunications
2011-02-09,21:28:39,fhzs5,53," Internet causes cancer - 
New ultra-Orthodox marketing campaign uses scare tactics to prevent community from Web surfing. 'Internet causes disease, adversity,' ",ynetnews.com,"http://www.ynetnews.com/articles/0,7340,L-4015545,00.html"
2011-02-10,00:19:03,fi37z,52,North Korea walks out of talks (again),csmonitor.com,http://www.csmonitor.com/World/Asia-Pacific/2011/0209/North-Korea-walks-out-of-talks.-Is-it-setting-the-stage-for-more-nuclear-tests
2011-02-09,23:03:42,fi1im,46,"The UN's food price index is at its highest point in over a decade, and Unilever warns that it's going to get worse. ",tinygreenbubble.com,http://www.tinygreenbubble.com/eco/environmental/item/1509-unilever-issues-warning-food-is-about-to-get-expensive
2011-02-09,19:39:45,fhyg2,44,"An Israeli conspiracy that never existed - by Abdulateef Al-Mulhim, Commodore (Retd.), Royal Saudi Navy. ",arabnews.com,http://arabnews.com/opinion/article253715.ece
2011-02-09,21:30:43,fhzti,44,"Investigate The Vatican - 
Fine exposé of Scientology in ""New Yorker"" this week. But are Scientology's doctrines any crazier than those of Roman Catholicism? Is the Pope a better man than L. Ron Hubbard was? How about more investigating of the Vatican?",esquire.com,http://www.esquire.com/blogs/politics/scientology-vs-catholicism-5204435
2011-02-10,01:42:48,fi4sr,41,Ex-WikiLeaker claims defectors took control of leaks from Assange,blogs.forbes.com,http://blogs.forbes.com/andygreenberg/2011/02/09/ex-wikileaker-claims-defectors-took-control-of-leaks-from-assange/
2011-02-09,07:40:37,fhsxd,44,"Oil prices could spiral out of control by 2012, US fears.",guardian.co.uk,http://www.guardian.co.uk/business/2011/feb/08/saudi-oil-reserves-overstated-wikileaks
2011-02-10,03:40:39,fi7oz,41,Protest in Egypt Takes a Turn as Workers Go on Strike ,nytimes.com,http://www.nytimes.com/2011/02/10/world/middleeast/10egypt.html?_r=1&pagewanted=all
2011-02-10,01:42:25,fi4s7,41,Pirates seize Greek tanker carrying $200m of oil,english.aljazeera.net,http://english.aljazeera.net/news/africa/2011/02/201129131712337625.html
2011-02-09,09:23:47,fhv0k,41,Russia eliminates daylight saving time ,earthtimes.org,"http://www.earthtimes.org/articles/news/366379,eliminates-daylight-saving-time.html"
2011-02-10,03:41:02,fi7p7,29,"	

Protests in Egypt escalate: 
Thousand marched on parliament to demand its member's resignation. ",rawstory.com,http://www.rawstory.com/rs/2011/02/egypt-protests-mount-presses-mubarak/
2011-02-09,22:11:56,fi0ic,26,Protest in Egypt Takes a Turn as Workers Go on Strike,nytimes.com,http://www.nytimes.com/2011/02/10/world/middleeast/10egypt.html?partner=rss&emc=rss
2011-02-09,17:20:30,fhwtm,20,Brutal Crackdown in Belarus,ipsnews.net,http://ipsnews.net/news.asp?idnews=54406
2011-02-10,05:03:19,fi9pq,20,"Mexico violence not an 'emergency,' White House says. ",msnbc.msn.com,http://www.msnbc.msn.com/id/41495274/ns/us_news-security/
2011-02-09,18:38:08,fhxr2,19,BBC News - Southern Sudan minister shot dead by ministry driver,bbc.co.uk,http://www.bbc.co.uk/news/world-africa-12403620
2011-02-09,23:44:02,fi2gy,17,South Sudan minister shot dead - Africa - Al Jazeera English,english.aljazeera.net,http://english.aljazeera.net/news/africa/2011/02/201129133511388343.html
2011-02-10,06:42:20,fic2x,12,WikiLeaks: Suleiman told Israel he would 'cleanse' Sinai of arms runners to Gaza,telegraph.co.uk,http://www.telegraph.co.uk/news/worldnews/wikileaks/8314459/WikiLeaks-Suleiman-told-Israel-he-would-cleanse-Sinai-of-arms-runners-to-Gaza.html?sms_ss=reddit&at_xt=4d531840acb1e3f7%2C0
2011-02-09,23:13:53,fi1qx,15,Indigenous tribes facing extinction are everywhere - a second native tribe in India's Andaman Islands is nearly gone. ,tinygreenbubble.com,http://www.tinygreenbubble.com/eco/world-news-reports/item/1479-second-andaman-islands-indigenous-tribe-set-to-become-extinct
2011-02-09,22:44:01,fi148,14,"Jailed American's Case Stokes Fury In Pakistan
",npr.org,http://www.npr.org/2011/02/09/133602830/in-pakistan-jailed-americans-case-stokes-fury
2011-02-09,22:42:18,fi12v,12,"Egypt government will ""end"" crisis soon, according to Vice President Omar Suleiman who threatens, ""the protests cannot go on.""",globalpost.com,http://www.globalpost.com/dispatch/egypt/110209/egypt-cairo-suleiman-tahrir
2011-02-09,09:27:12,fhv31,13,"Hundreds of thousands of protestors flooded Cairo's iconic Tahrir Square and towns across Egypt, in the biggest show of defiance towards  Mubarak since the revolt began",news.yahoo.com,http://news.yahoo.com/s/afp/20110208/wl_mideast_afp/egyptpoliticsunrest
2011-02-09,08:26:22,fhtv5,10,Iraq a regime of torture and secret prisons,morningstaronline.co.uk,http://www.morningstaronline.co.uk/index.php/news/content/view/full/100837
