2011-07-17,21:42:58,irytq,1970,Rebekah Brooks has been arrested over the UK newspaper phone hacking scandal,bbc.co.uk,http://www.bbc.co.uk/news/uk-14178051
2011-07-17,16:05:57,irv0k,1241,The rape of men,guardian.co.uk,http://www.guardian.co.uk/society/2011/jul/17/the-rape-of-men
2011-07-17,17:20:15,irw17,854,New body blows for Rupert Murdoch: Scotland Yard officer says that News Int execs – including Mr Murdoch’s son James – are being investigated for any alleged role in covering up the extent of “industrial scale” phone hacking,telegraph.co.uk,http://www.telegraph.co.uk/news/uknews/phone-hacking/8642786/Phone-hacking-New-body-blows-for-Rupert-Murdoch.html
2011-07-17,07:05:18,irkam,805,"N.Korea prison escapee Kim Hye-sook on her life in prison: ""'I saw prisoners turned to honeycomb by the bullets'""",independent.co.uk,http://www.independent.co.uk/news/people/profiles/kim-hyesook-i-saw-prisoners-turned-to-honeycomb-by-the-bullets-2312507.html
2011-07-18,03:48:58,is5jq,627,Britain's most senior police chief resigns over phone hacking scandal. ,bbc.co.uk,http://www.bbc.co.uk/news/uk-14180043
2011-07-17,22:49:00,irzq5,492,"Elisa, one of Finland's largest ISPs, refuses to block The Pirate Bay even though they are being sued by the government and music copyright lobbyists; ""the basic censorship strategy is flawed and successfully blocking The Pirate Bay would prove technically difficult""",torrentfreak.com,http://torrentfreak.com/isp-refuses-to-block-the-pirate-bay-110717/
2011-07-17,04:29:01,irgtm,478,Scotland Yard and News International became so intertwined that they wound up sharing the goal of containing the [hacking] investigation.,nytimes.com,https://www.nytimes.com/2011/07/17/world/europe/17police.html?_r=1
2011-07-17,10:03:29,irnx2,386,"Starvation in Africa: Desperate women bind their stomachs to deaden hunger pains, eating next to nothing so children can be fed.",independent.co.uk,http://www.independent.co.uk/news/world/africa/a-grotesque-symbol-of-starving-africa-2314969.html
2011-07-17,01:41:40,ird1s,373,China's Ghost Cities and Malls: China's hypergrowth fueled by building giant cities no one lives in,consumerist.com,http://consumerist.com/2011/07/chinas-hypergrowth-fueled-by-building-giant-cities-no-one-lives-in.html
2011-07-17,06:45:56,irjv4,307,Why My Father Hated India.,online.wsj.com,http://online.wsj.com/article/SB10001424052702304911104576445862242908294.html?mod=WSJ_hp_mostpop_read
2011-07-17,04:30:38,irgv3,205,Calling out the Vatican: Irish report says Catholic Church has not helped stop sex abuse.,globalpost.com,http://www.globalpost.com/dispatch/news/regions/europe/ireland/110714/ireland-catholic-church-sex-abuse-report
2011-07-18,03:39:57,is5bg,156,Britain's metropolitan police chief has resigned over phone hacking scandal,bbc.co.uk,http://www.bbc.co.uk/news/uk-14178097
2011-07-17,23:34:59,is0fk,103,"Meet the Indonesian workers who make your Nikes at $0.50 hourly wages: In 2001, Nike pledged some reforms following revelation its developing world workers were children. But a new AP investigation finds that poor labor conditions still persist in many Nike factories",thinkprogress.org,http://thinkprogress.org/economy/2011/07/13/267520/nike-workers-humiliation/
2011-07-18,03:48:59,is5jr,73,"Phone-hacking scandal is an utter PR disaster for 
the Murdochs",guardian.co.uk,http://www.guardian.co.uk/media/2011/jul/17/hacking-scandal-pr-disaster-for-murdochs
2011-07-18,03:50:45,is5l9,64,Italy's crusade against BitTorrent sites has reached unprecedented level - censors proxy that bypasses BTjunkie and Pirate Bay Block ,torrentfreak.com,http://torrentfreak.com/italy-censors-proxy-that-bypasses-btjunkie-and-pirate-bay-block-110716/
2011-07-17,14:42:50,irtlr,56,BBC News - Miliband calls for News International's power to be limited,bbc.co.uk,http://www.bbc.co.uk/news/uk-14175552
2011-07-18,03:16:48,is4tb,47,News Corp. shareholder woes deepen: The Serious Fraud Office have launched a preliminary inquiry into allegations News International paid corrupt police officers,channel4.com,http://www.channel4.com/news/preliminary-inquiry-into-news-international-by-fraud-office
2011-07-17,19:02:35,irx5c,47,"Wealthy Britons prepare to flee. More than half of the UK's millionaires have fled or are thinking of fleeing the country's economic ""storm clouds"" ",guardian.co.uk,http://www.guardian.co.uk/uk/feedarticle/9748093
2011-07-18,05:35:48,is842,43,Scotland Yard Commissioner resigns. Britain's most senior police officer sensationally resigned tonight over revelations surrounding the phone hacking scandal. ,independent.co.uk,http://www.independent.co.uk/news/uk/crime/scotland-yard-commissioner-resigns-2315399.html
2011-07-17,02:29:15,ire1v,40,Obama holds talks with Dalai Lama despite China protest,bbc.co.uk,http://www.bbc.co.uk/news/world-us-canada-14174944
2011-07-17,23:35:48,is0fy,42,"Iraq's Arab Spring: the forgotten frontier --- The country, largely ignored by the international media, is about to agree to long-term American ""occupation-lite""",newstatesman.com,http://www.newstatesman.com/blogs/the-staggers/2011/07/iraq-iran-largely-term-media
2011-07-18,03:59:32,is5ss,29,Kim Jong-il blames deer musk for women's soccer failure,cbssports.com,http://www.cbssports.com/#!/general/story/15327080/five-north-korean-players-test-positive-for-steroids
2011-07-17,13:20:26,irrzw,29,Egyptian Military Moves to Cement Muscular Role in Government,nytimes.com,http://www.nytimes.com/2011/07/17/world/middleeast/17egypt.html
2011-07-17,08:12:13,irlna,29,Resignations heap pressure on James Murdoch,msnbc.msn.com,http://www.msnbc.msn.com/id/43768266/ns/business-us_business/
2011-07-18,06:39:36,is9ms,26,"'World' Players' Secret Getaway - 'News of the World' scandal is roiling London's political & media elite. But for years, in a village, these power players hunkered down in their estates, eager to escape public scrutiny while hobnobbing with each other, leading to cozy relationships & the fiasco",thedailybeast.com,http://www.thedailybeast.com/articles/2011/07/16/news-of-the-world-chipping-norton-country-escape-for-britain-s-elitej.html
2011-07-18,02:40:51,is3z0,26,News Corp.'s Tangled Web,businessweek.com,http://www.businessweek.com/europe/graphic-news-corps-tangled-web-07142011-gfx.html
2011-07-17,11:13:14,irpet,29,"Charlie Gilmour, son of Pink Floyd guitarist David Gilmour, has been jailed for 16 months for a rampage at a student fees protest in central London",bbc.co.uk,http://www.bbc.co.uk/news/uk-england-14150800
2011-07-18,04:34:20,is6lv,24,Karzai Adviser Is Killed at Kabul Home,nytimes.com,http://www.nytimes.com/2011/07/18/world/asia/18afghanistan.html
2011-07-17,17:40:45,irwab,23,Ethiopia Moves Forward with Massive Nile Dam Project,news.nationalgeographic.com,http://news.nationalgeographic.com/news/2011/07/110713-/ethiopia-south-sudan-nile-dam-river-water/
2011-07-17,21:43:46,iryu5,18,Former Murdoch aide Rebekah Brooks arrested by British Police,reuters.com,http://www.reuters.com/article/2011/07/17/us-newscorp-arrest-idUSTRE76G0TS20110717
