2011-03-25,07:07:02,gauof,1020,A serious leak of classified information has just taken place - senior Gadhafi aide was told to take bodies from a morgue and place them at the scene of the bomb damage. Will Eric Holder announce investigation to find out who is responsible for this leak?,salon.com,http://www.salon.com/news/opinion/glenn_greenwald/2011/03/24/leak/index.html
2011-03-25,18:06:31,gb6a1,868,Canadian Government expected to fall Friday ,cbc.ca,http://www.cbc.ca/news/canada/story/2011/03/25/pol-confidence-vote.html
2011-03-25,20:32:05,gb84a,655,"France court finds Monsanto falsely advertised Roundup as being ""biodegradable"" and that it ""left the soil clean.""",naturalnews.com,http://www.naturalnews.com/027352_Monsanto_GMO_Roundup.html
2011-03-25,19:38:43,gb7ca,540,Video of police shooting a 14-year-old boy several times comes to light.,youtube.com,http://www.youtube.com/watch?v=F4S-uxLki-M
2011-03-25,00:48:54,gal8m,496,"""We will be one of the strongest economies in the world"" - Swedish historian proposes full federal union of Sweden, Norway, Denmark, Finland and Iceland by 2030. Such a union would number 25 million and have a GDP similar to that of Spain and India.",pagef30.com,http://www.pagef30.com/2011/03/gunnar-wetterberg-believes-nordic.html
2011-03-25,10:03:45,gayf8,370,Germany abolishes military conscription,wireupdate.com,http://wireupdate.com/wires/16128/germany-abolishes-military-conscription/
2011-03-25,00:38:04,gakyo,345,"Tanker Breaks in Half on Rocks at Nightingale Island, 20,000 endangered Rockhopper Penguins may be oil-coated, and rats onboard have infested the formerly rodent-free island, which may be more damaging than the oil for the Penguins. ",nytimes.com,http://www.nytimes.com/2011/03/23/science/earth/23spill.html?_r=1&partner=rss&emc=rss
2011-03-26,07:38:25,gbmum,142,"Egyptian decree bans strikes and protests, showing the real character of the military regime that now controls Egypt. ",wsws.org,http://wsws.org/articles/2011/mar2011/pers-m25.shtml
2011-03-25,23:01:12,gbb0b,84,Germany's highest civil court ruled that Deutsche Bank should have warned its customers of the risks of an exotic investment product it sold in the run-up to the financial crisis!,dailykos.com,http://www.dailykos.com/story/2011/03/24/959869/-Banksters-Lose-BIG-Case-in-Germany
2011-03-25,20:16:15,gb7uo,86,Nothing to see here -  Possible Reactor Core Leak in Fukushima ,news.yahoo.com,http://news.yahoo.com/s/ap/20110325/ap_on_re_as/as_japan_earthquake
2011-03-25,21:25:56,gb90j,70,Possible breach of the No. 3 containment reactor vessel at the Fukushima Daiichi nuclear power plant. This is the one with the plutonium fuel rods.,cnn.com,http://www.cnn.com/2011/WORLD/asiapcf/03/25/japan.nuclear.reactors/index.html
2011-03-26,01:01:13,gbdrz,65,"As many as 1,000 bodies being removed from a mass grave in Zimbabwe - likely victims of waves of political violence that have wracked the country since 2000",ips.org,http://www.ips.org/africa/2011/03/hundreds-of-bodies-removed-from-zimbabwe-mass-grave-2/
2011-03-25,02:58:25,gaop3,57,"Fukushima plants have 10X the nuclear fuel that Chernobyl had, and fallout is reaching similar levels seen in the 1986 disaster.",newscientist.com,http://www.newscientist.com/article/dn20285-fukushima-radioactive-fallout-nears-chernobyl-levels.html
2011-03-25,16:45:19,gb58w,53,Another Gurkha gets a medal - single-handedly fought off 'at least' a dozen Taliban,bbc.co.uk,http://www.bbc.co.uk/news/uk-12854492
2011-03-26,03:56:39,gbi6a,50,Scientists plan to drill all the way down to the Earth's mantle,physorg.com,http://www.physorg.com/news/2011-03-scientists-drill-earth-mantle.html
2011-03-26,02:39:15,gbgbm,48,Canada's Harper government has toppled,bbc.co.uk,http://www.bbc.co.uk/news/world-us-canada-12865339
2011-03-25,12:39:15,gb1j4,45,Syria 'ready to explode' as desperation grows,abc.net.au,http://www.abc.net.au/news/stories/2011/03/25/3173876.htm?section=world
2011-03-25,11:00:32,gazmr,41,"Comodo on Certificate Authority attack: ""...All of the above leads us to one conclusion only: that this was likely to be a state-driven attack""",comodo.com,https://www.comodo.com/Comodo-Fraud-Incident-2011-03-23.html
2011-03-25,20:37:50,gb87q,44,Brazil town's Nazi twin mystery solved,nytimes.com,http://www.nytimes.com/2011/03/25/world/americas/25brazil.html
2011-03-25,18:00:03,gb67g,42,Japanese nuclear safety officials said Friday that they suspect that the reactor core at one unit of the troubled Fukushima nuclear power plant may have breached,suntimes.com,http://www.suntimes.com/news/world/4499787-418/japan-nuclear-plant-reactor-core-may-be-breached.html
2011-03-25,18:53:13,gb6so,38,U.A.E. Commits Planes to Enforcing Libya No-Fly Zone,nytimes.com,http://www.nytimes.com/2011/03/26/world/africa/26libya.html?ref=world
2011-03-25,08:01:28,gavvj,34,Africans want UN to act in Ivory Coast,globalpost.com,http://www.globalpost.com/dispatch/news/regions/africa/110324/gbagbo-ivory-coast-africa-un
2011-03-26,04:01:40,gbiar,33,Amnesty International: At least 55 protesters believed to have been killed in Syria,amnesty.org,http://www.amnesty.org/en/news-and-updates/syria-2011-03-25
2011-03-26,05:04:31,gbjqm,32,Documents show that Jamal the son of  deposed Mubarak ordered  Sharm El Shiek bombing and the gas pipeline,translate.google.com,http://translate.google.com/translate?hl=en&ie=UTF-8&sl=auto&tl=en&u=http://elbadil.net/%25D8%25AA%25D9%2582%25D8%25B1%25D9%258A%25D8%25B1-%25D9%2585%25D9%2581%25D8%25B2%25D8%25B9-%25D9%2584%25D9%2584%25D8%25AC%25D8%25B1%25D9%258A%25D8%25AF%25D8%25A9-%25D8%25A7%25D9%2584%25D9%2583%25D9%2588%25D9%258A%25D8%25AA%25D9%258A%25D8%25A9-%25D8%25AC%25D9%2585%25D8%25A7%25D9%2584-%25D9%2585%25D8%25A8%25D8%25A7%25D8%25B1/&prev=_t&twu=1
2011-03-25,20:24:32,gb7zc,20,Syria‘s repressive leadership came under unexpectedly heavy pressure on Thursday as thousands of angry demonstrators massed again in the southern city of Dara'a,nytimes.com,http://www.nytimes.com/2011/03/26/world/middleeast/26syria.html?_r=1&smid=tw-nytimes&seid=auto
2011-03-25,23:50:51,gbc4u,21,Video footage of five Brazilian police officers shooting a teenage boy at point blank range has emerged,globalpost.com,http://www.globalpost.com/dispatch/news/regions/americas/brazil/110325/brazil-police-teenager-manaus-video
2011-03-25,06:39:15,gau3m,24,China renews push to ban smoking starting May 1st,businessweek.com,http://www.businessweek.com/ap/financialnews/D9M5L2H00.htm
2011-03-26,01:29:19,gbeh3,21,Status report: Reactor-by-reactor at the Fukushima Daiichi plant,edition.cnn.com,http://edition.cnn.com/2011/WORLD/asiapcf/03/25/japan.nuclear.status/
2011-03-25,17:48:51,gb62h,19,New Europe: Why France's gender code makes life hard for women,guardian.co.uk,http://www.guardian.co.uk/world/2011/mar/25/new-europe-france-women-gender-code
2011-03-26,04:10:19,gbih8,17,New Irish politician calls for prostitution and cannabis to be legalized in Ireland | Irish News | IrishCentral,irishcentral.com,http://www.irishcentral.com/news/-New-Irish-politician-calls-for-prostitution-and-cannabis--to-be-legalized-in-Ireland-118643824.html
