2011-04-13,11:04:45,gopnj,2334,"The Canadian Cannabis laws have been declared invalid, in 90 days it will be fully re legalized.",whyprohibition.ca,http://whyprohibition.ca/blogs/jacob-hunter/court-strikes-down-marijuana-laws-gives-government-90-days-fix-charter-issues
2011-04-14,05:35:54,gpcie,627,"Bolivia is drawing up a draft UN treaty which would give Mother Earth the same rights as humans, including the right to life, to pure water and clean air.
",dailymail.co.uk,http://www.dailymail.co.uk/news/article-1376244/South-American-countrys-treaty-giving-Mother-Earth-rights-citizens.html
2011-04-14,04:52:14,gpbcy,183,Susan Manning calls on British foreign secretary to check her son's physical and mental health in maximum security custody,guardian.co.uk,http://www.guardian.co.uk/world/2011/apr/13/bradley-manning-mother-william-hague
2011-04-14,00:10:08,gp3r1,180,New Zealand's trying to pass a previously rejected three-strikes Internet disconnection law by attaching it to legislation dealing with the earthquakes in Christchurch.,boingboing.net,http://www.boingboing.net/2011/04/13/new-zealand-to-sneak.html
2011-04-14,07:02:06,gpenw,164,"US WikiLeaks Suspect Bradley Manning's Jail 
Conditions Criticized By Germany's Parliament",mercurynews.com,http://www.mercurynews.com/breaking-news/ci_17834797?nclick_check=1
2011-04-14,00:22:56,gp43s,165,Rebels Hijack Gadhafi's Phone Network,online.wsj.com,http://online.wsj.com/article/SB10001424052748703841904576256512991215284.html?mod=wsj_share_reddit
2011-04-13,22:56:57,gp1yx,144,MEXICO: 39 killed in Ciudad Juarez in four days,cnn.com,http://www.cnn.com/2011/WORLD/americas/04/12/mexico.deadly.weekend/index.html
2011-04-13,12:09:07,gor9g,129,"WikiLeaks: Bradley Manning treatment may be 
'illegal and unconstitutional'",telegraph.co.uk,http://www.telegraph.co.uk/news/worldnews/wikileaks/8441740/WikiLeaks-Bradley-Manning-treatment-may-be-illegal-and-unconstitutional.html?sms_ss=reddit&at_xt=4da5129aeaf16338%2C0
2011-04-13,21:02:24,gozvk,126,"""The scam was not complicated. Coins taken out of 
circulation are destroyed and sold as scrap metal. 
Often, however, one and two euro coins are merely 
split in two. A group in China would simply 
reassemble the coins.""",spiegel.de,"http://www.spiegel.de/international/germany/0,1518,754238,00.html"
2011-04-13,23:27:32,gp2o7,111,Hugh Grant wears wire to turn tables on journalist about Phone-hacking,guardian.co.uk,http://www.guardian.co.uk/media/2011/apr/06/phone-hacking-hugh-grant-taped
2011-04-14,01:22:44,gp5pj,103,Syria: Thousands come out to protest imprisonment of hundreds of Syrian men arrested by authorities in recent days,ynetnews.com,"http://www.ynetnews.com/articles/0,7340,L-4056528,00.html"
2011-04-13,13:18:48,gosta,98,"Armenian nuclear power plant still operating with out containment structures, just like Chernobyl.  And it sits on ""some of Earth's most earthquake-prone terrain""",news.nationalgeographic.com,http://news.nationalgeographic.com/news/energy/2011/04/110412-most-dangerous-nuclear-plant-armenia/
2011-04-13,22:40:31,gp1mn,95,"MEXICO — Mexican investigators have found a total of 116 bodies in pits near the U.S. border, 28 more than previously reported",chron.com,http://www.chron.com/disp/story.mpl/world/7519571.html
2011-04-14,01:07:26,gp5b9,85,Israeli Foreign Minister Lieberman faces corruption charges,reuters.com,http://www.reuters.com/article/2011/04/13/us-israel-lieberman-idUSTRE73C4SY20110413
2011-04-13,02:27:52,gocui,87,"Libyan rebels: 10,000 people killed by pro-Gadhafi forces, 30,000 wounded, 20,000 missing",blogs.aljazeera.net,http://blogs.aljazeera.net/live/africa/libya-live-blog-april-12-0
2011-04-13,08:15:16,golux,67,Bolivia grants rights to nature,wired.co.uk,http://www.wired.co.uk/news/archive/2011-04/11/bolivia-law-of-mother-nature
2011-04-14,02:21:23,gp7ab,55,"Nokia will lay off up to 6,000 next week - Microsoft partnership more ""takeover"" than deal",techeye.net,http://www.techeye.net/business/nokia-will-lay-off-up-to-6000-next-week
2011-04-13,22:44:20,gp1pa,56,"Governor of Santa Cruz, Bolivia was shot after attempting to stop a mugging",boliviabella.com,http://www.boliviabella.com/governor-of-santa-cruz-bolivia-shot.html
2011-04-13,19:29:11,goyn0,45,British Banker Dies in Plunge from Singapore Hotel Rooftop Bar.,news.travel.aol.com,http://news.travel.aol.com/2011/04/11/british-banker-dies-in-plunge-from-singapore-hotel-rooftop-bar/
2011-04-14,00:03:13,gp3k3,48,"""North Korean leader Kim Jong-il is unlikely to bow to pressure to surrender his nuclear capability because he believes it is vital for 'regime survival,' the U.S. commander in South Korea said on Tuesday [12 April 2011].""",reuters.com,http://www.reuters.com/article/2011/04/12/us-korea-usa-nuclear-idUSTRE73B6Y020110412
2011-04-13,03:31:01,goeld,44,"Indonesian clinic touts smoking as cancer cure - The 'treatment' for the emphysema sufferer includes the blowing of smoke from 'divine cigarettes' infused with 'nanotechnology' to remove their cancer-causing 'free radicals"", through a tube into her diseased lungs.",straitstimes.com,http://www.straitstimes.com/BreakingNews/SEAsia/Story/STIStory_655833.html
2011-04-14,01:51:27,gp6i2,32,Japan's crisis: one month later,boston.com,http://www.boston.com/bigpicture/2011/04/japans_crisis_one_month_later.html
2011-04-13,19:45:31,goytt,39,"In new protest, Syrian women block main highway ",usatoday.com,http://www.usatoday.com/news/world/2011-04-13-syria-protests_N.htm?sms_ss=reddit&at_xt=4da57eae57d862c3%2C0
2011-04-13,22:46:13,gp1r0,31,Oil above $122,reuters.com,http://www.reuters.com/article/2011/04/13/us-markets-oil-idUSTRE72D01W20110413
2011-04-14,00:43:22,gp4n9,37,Pressure at fukushima reactor vessel 1 at around 10bars (quite a lot) and rising,atmc.jp,http://atmc.jp/plant/vessel/?n=1
2011-04-14,05:33:47,gpcg2,33,"In case you missed it, late last year the pope changed his stance on using condoms to prevent the spread of AIDS in Africa. Apparently it's okay now... if you're seeing a male prostitute. But not when you're with your wife or girlfriend...",africaworksgpz.com,http://africaworksgpz.com/2010/11/22/pope-to-africa-use-condoms-but-not-often/
2011-04-13,19:32:54,goyp0,29,Patients are denied high cost drugs by NHS trusts ,telegraph.co.uk,http://www.telegraph.co.uk/health/healthnews/8446782/Patients-are-denied-high-cost-drugs-by-NHS-trusts.html
2011-04-13,13:13:26,gospc,28,Czech reporters sue Israel over flotilla raid,ynetnews.com,"http://www.ynetnews.com/articles/0,7340,L-4054988,00.html"
2011-04-13,22:52:29,gp1vi,25,Czech leader Vaclav Klaus caught stealing pen on Chile trip,guardian.co.uk,http://www.guardian.co.uk/world/2011/apr/13/czech-president-steals-pen
2011-04-13,09:14:51,gon5q,26,Drug gang blamed for mass killing of 116 in Mexico,reuters.com,http://www.reuters.com/article/2011/04/12/us-mexico-drugs-idUSTRE73B7HP20110412
