2011-03-28,23:28:21,gd5c3,1641,"Details emerge on US ""kill team"" in Afghanistan- ""The boy did as he was told. He stood still.
The soldiers knelt down behind a mud-brick wall...As the grenade exploded [they] opened fire, shooting the boy repeatedly at close range with an M4 carbine and a machine gun.""",rollingstone.com,http://www.rollingstone.com/politics/news/the-kill-team-20110327?page=2
2011-03-28,17:02:42,gczwp,568,"Libya Rape Accuser Missing - The Libyan govt said late Sunday that Eman al-Obeidi, the woman who burst into a Tripoli hotel and tried to tell foreign journalists about being raped by Gaddafi's men, has been released. But no one who knows al-Obeidi has heard from her.",thedailybeast.com,http://www.thedailybeast.com/blogs-and-stories/2011-03-27/eman-al-obeidis-rape-accusations-against-gaddafis-regime/?cid=hp:mainpromo3
2011-03-28,22:24:46,gd44y,509,"Email between workers at Fukushima: ""Crying is useless. If we’re in hell now all we can do is to crawl up towards heaven.""",theatlanticwire.com,http://www.theatlanticwire.com/global/2011/03/fukushima-emails/36121/
2011-03-29,07:37:18,gdh74,384,"""When the tsunami hit and Hideaki Akaiwa realized his wife was in grave danger, he defied all odds by finding scuba gear, swimming under the waves to their home, and saving her. He then went for his mother, saving her too, and has been out almost every day looking for survivors.""",reuters.com,http://www.reuters.com/article/2011/03/28/idUS378667942120110328
2011-03-28,09:02:17,gcrd8,294,[NSFW & GRAPHIC] Video: Gaddafi forces bomb house killing children and occupants in Misratah last Friday,libyafeb17.com,http://www.libyafeb17.com/2011/03/graphic-video-gaddafi-forces-bomb-house-killing-children-and-occupants-in-misratah-last-friday/
2011-03-28,23:34:55,gd5i0,233,"Chinese students screened for 'radical thoughts' and 'independent lifestyles', provoking angry reactions from undergrads. ",guardian.co.uk,http://www.guardian.co.uk/world/2011/mar/28/chinese-students-screened-for-radical-thoughts
2011-03-28,09:09:25,gcrhv,141,New shocking video of the japanese tsunami,dailymotion.com,http://www.dailymotion.com/video/xhtvtc_new-tsunami-footage_news
2011-03-28,22:19:23,gd41m,141,Radioactive water is pooling outside Fukushima's reactors at levels exceeding one sievert an hour.  Work to contain the disaster is hampered as just four hours exposure could mean death within two months.,smh.com.au,http://www.smh.com.au/world/deadly-nuclear-levels-detected-20110328-1cddw.html
2011-03-28,13:15:00,gcw95,77,Dutch bankers' bonuses axed by people power,guardian.co.uk,http://www.guardian.co.uk/business/2011/mar/27/dutch-bankers-bonuses-axed-by-people-power
2011-03-28,08:20:27,gcqlp,69,Woman alleging Libyan abuse is free,smh.com.au,http://www.smh.com.au/world/libya-says-woman-claiming-rape-is-now-free-20110328-1cc97.html
2011-03-28,03:46:11,gcm9q,72,"Libya: Rebels take Ras Lanuf, Brega , Uqayla, Bin Jawad",bbc.co.uk,http://www.bbc.co.uk/news/world-africa-12873434
2011-03-28,16:21:02,gczch,63,"United Arab Emirates: Drugged, raped, then jailed for 'adultery'",smh.com.au,http://www.smh.com.au/travel/travel-incidents/drugged-raped-then-jailed-for-adultery-20110328-1cd7p.html
2011-03-28,08:44:33,gcr1z,56,"Tony Blair's priest fixed papal knighthoods for cash: 
Senior Catholic took up to £50k donations for honours.",mailonsunday.co.uk,http://www.mailonsunday.co.uk/news/article-1370323/Tony-Blairs-priest-fixed-papal-knighthoods-cash.html
2011-03-28,22:00:23,gd3pu,58,Egyptian military says Mubarak under house arrest,content.usatoday.com,http://content.usatoday.com/communities/ondeadline/post/2011/03/egyptian-military-says-mubarak-under-house-arrest/1
2011-03-29,00:09:31,gd69l,50,"Libyans call woman who claimed gang rape a prostitute
",nytimes.com,http://www.nytimes.com/2011/03/28/world/africa/28tripoli.html?_r=1&hpw
2011-03-28,15:19:18,gcyg9,46,WikiLeaks stories from Nigeria. Editor reveals that he shows up in one cable with a US diplomat who reported their conversation with such accuracy that he wants to hire him as a reporter for the newspaper ,234next.com,http://234next.com/csp/cms/sites/Next/Opinion/5685311-148/story.csp
2011-03-29,05:19:40,gde00,53,"Latest helicopter footage of Fukushima, zoom-in on ruined reactors - russia today",youtube.com,http://www.youtube.com/watch?v=p_T0M5nz_tg
2011-03-29,03:46:28,gdbmu,40,"Iranian diplomat asks hotel to remove Israeli flag ahead of embassy event, but Arab-Israeli manager tells him: 'If you don't like it, use another venue' ",ynetnews.com,"http://www.ynetnews.com/articles/0,7340,L-4048359,00.html"
2011-03-29,03:54:15,gdbuc,44,"Gaza cops use ‘beatings, stun guns’ on female reporters",jpost.com,http://www.jpost.com/MiddleEast/Article.aspx?id=214092
2011-03-28,19:41:48,gd1sj,39,Chinese battery factory poisons village with lead,techeye.net,http://www.techeye.net/business/chinese-battery-factory-poisons-village-with-lead
2011-03-28,12:12:56,gcv2h,41,Libyan revolutionaries claim Gaddafi's hometown of Sirte has fallen,rthk.org.hk,http://www.rthk.org.hk/rthk/news/englishnews/20110328/news_20110328_56_744308.htm
2011-03-29,04:53:22,gddcg,37,"For all the public anxiety over exposure to radioactivity, Japan is fighting an equally critical health emergency on another front as tens of thousands of evacuees face serious health problems and a future clouded by trauma.",globalpost.com,http://www.globalpost.com/dispatch/news/regions/asia-pacific/japan/110327/japan-health-tsunami-radiation-evacuees
2011-03-28,21:00:42,gd2rs,32,Radiation leak found outside Japan nuclear reactor,bbc.co.uk,http://www.bbc.co.uk/news/world-asia-pacific-12881015
2011-03-28,13:07:17,gcw4o,32,"Professor Juan Cole's open letter to the Left, on Libya",juancole.com,http://www.juancole.com/2011/03/an-open-letter-to-the-left-on-libya.html
2011-03-28,21:37:48,gd3ch,30,Fukushima reactor may have suffered partial meltdown.,newscientist.com,http://www.newscientist.com/blogs/shortsharpscience/2011/03/fukushima-may-have-experienced.html
2011-03-28,10:16:25,gcssk,30,Their professor says he's going back to Libya to be the rebel finance minister,seattletimes.nwsource.com,http://seattletimes.nwsource.com/html/localnews/2014596523_apwalibyarebelfinances1stldwritethru.html
2011-03-28,11:07:51,gctqe,28,Two Reuters journalists reported missing in Syria,reuters.com,http://www.reuters.com/article/2011/03/27/us-syria-reuters-idUSTRE72Q27E20110327
2011-03-29,04:44:52,gdd4w,28,"Mideast revolutions could be good for Israel, says Peres",haaretz.com,http://www.haaretz.com/news/diplomacy-defense/mideast-revolutions-could-be-good-for-israel-says-peres-1.352374
2011-03-29,03:44:22,gdbl4,25,"Who are the rebels? ""During weeks of reporting in Benghazi and along the chaotic, shifting front line, I’ve spent a great deal of time with these volunteers"" ...",newyorker.com,http://www.newyorker.com/talk/comment/2011/04/04/110404taco_talk_anderson
2011-03-28,23:21:36,gd57d,23,Nurse haunted by screams of patients she could not save as tsunami hit,cnn.com,http://www.cnn.com/2011/WORLD/asiapcf/03/28/japan.tsunami.hospital/index.html?hpt=C1
