2011-07-29,17:08:58,j31ji,1281,"Guardian: Let's Stop Assuming the Police are on Our Side - From mass arrests to surveillance, confidence in the Metropolitan police is at an all-time low",guardian.co.uk,http://www.guardian.co.uk/commentisfree/2011/jul/26/metropolitan-police-arrests-hacking
2011-07-29,01:47:38,j2bdj,923, It was asked why we have not heard about Murdoch Phone hacking here you go. The latest on the Murdoch Phone hacking,guardian.co.uk,http://www.guardian.co.uk/media/phone-hacking
2011-07-29,11:05:44,j2srt,553,World population to surpass 7 billion in 2011,physorg.com,http://www.physorg.com/news/2011-07-world-population-surpass-billion.html
2011-07-29,13:57:39,j2xbh,396,Arctic scientist who exposed climate threat to polar bear is suspended. US government conducts 'integrity inquiry' on federal biologist amid lobbying by oil firms for Arctic permits,guardian.co.uk,http://www.guardian.co.uk/world/2011/jul/28/arctic-scientist-polar-bear-oil
2011-07-29,09:42:45,j2qh4,175,Canadians raise $2.9-million for East African famine victims ,theglobeandmail.com,http://www.theglobeandmail.com/news/national/canadians-raise-29-million-for-east-african-famine-victims/article2113590/
2011-07-29,18:01:52,j32f0,135,Gaddafi is stronger than ever in Libya,guardian.co.uk,http://www.guardian.co.uk/commentisfree/2011/jul/29/gaddafi-libya-nato
2011-07-29,02:37:11,j2cyj,122,North Korea seeks peace treaty with US ,news.com.au,http://www.news.com.au/breaking-news/north-korea-seeks-peace-treaty-with-us/story-e6frfku0-1226103117611
2011-07-30,03:27:18,j3fzl,93,Norway prime minister urges nation to ‘embrace freedom’: “Evil has brought out the best in us. Hatred engenders love.”,guardian.co.uk,http://www.guardian.co.uk/world/2011/jul/29/norway-prime-minister-speaks-funerals
2011-07-29,21:17:27,j35bz,93,Anonymous no more --- You can’t hide—from anybody | The Economist,economist.com,http://www.economist.com/node/21524829
2011-07-30,03:42:57,j3gio,88,"China's state-run media have labelled US domestic politicians ""dangerously irresponsible"" for wrangling over debt.

",bbc.co.uk,http://www.bbc.co.uk/news/world-asia-pacific-14341626
2011-07-29,01:46:13,j2bbr,81,"In his rage against Muslims, Norway's killer was no loner",guardian.co.uk,http://www.guardian.co.uk/commentisfree/2011/jul/28/rage-muslims-no-loner-breivik
2011-07-30,03:41:50,j3ghg,74,Hacking judge tells press: I need your help to weed out corruption,independent.co.uk,http://www.independent.co.uk/news/uk/crime/hacking-judge-tells-press-i-need-your-help-to-weed-out-corruption-2327998.html
2011-07-29,10:21:00,j2rjp,72,"Tunisian court sentences ousted president Ben Ali to 
16 years jail for corruption",af.reuters.com,http://af.reuters.com/article/tunisiaNews/idAFLDE76R1R320110728
2011-07-30,00:50:28,j3at5,70,Turkey: Military chiefs 'resign en masse',bbc.co.uk,http://www.bbc.co.uk/news/world-europe-14346325
2011-07-29,19:32:33,j33rx,71,Poland finds Russia at fault for presidential jet crash: A Polish report has found that Russia was partly to blame for the air crash last year which killed then-President Lech Kaczynski.,bbc.co.uk,http://www.bbc.co.uk/news/world-14338089
2011-07-29,03:10:06,j2e2h,61,Morrissey: Norwegian killings are 'nothing' compared with McDonald's and KFC,guardian.co.uk,http://www.guardian.co.uk/music/2011/jul/28/morrissey-norway-attacks-mcdonalds-kfc
2011-07-30,06:00:55,j3kxr,61,Miracle Transplant: Wearing the Face of Dead Man,spiegel.de,"http://www.spiegel.de/international/0,1518,777126,00.html"
2011-07-29,19:09:20,j33fi,48,Palestinians prepare for massive uprising,ipsnews.net,http://ipsnews.net/news.asp?idnews=56677
2011-07-30,05:31:12,j3k0n,46,"There are fewer undocumented immigrants in California because many are now finding the American dream south of the border...
",sacbee.com,http://www.sacbee.com/2011/07/28/3799513/improving-mexican-economy-draws.html
2011-07-30,03:23:41,j3fuz,41,Tens of thousands of Egyptian Islamists pour into Tahrir Square calling for a state bound by strict religious law,nytimes.com,http://www.nytimes.com/2011/07/30/world/middleeast/30egypt.html?_r=1&smid=tw-nytimes&seid=auto
2011-07-30,01:43:52,j3cgg,41, Turkey's top military chiefs 'resign' over divisions with government ,guardian.co.uk,http://www.guardian.co.uk/world/2011/jul/29/turkey-military-chiefs-resign
2011-07-29,14:27:18,j2y3h,32,"Berlin's drive to recruit foreign workers proves unpopular: The economic crisis has cost many skilled workers in nations like Greece or Spain their jobs. Some of them now want to try their luck in Germany. That makes labor experts happy, but many Germans are opposed to the idea.",dw-world.de,"http://www.dw-world.de/dw/article/0,,15272069,00.html"
2011-07-30,02:16:43,j3dk8,32,Hosni Mubarak will see trial from inside metal cage,csmonitor.com,http://www.csmonitor.com/World/Latest-News-Wires/2011/0729/Hosni-Mubarak-will-see-trial-from-inside-metal-cage
2011-07-29,23:15:08,j37yd,34,Israel’s citizenry seems to have collectively blown a fuse.,globalpost.com,http://www.globalpost.com/dispatch/news/regions/middle-east/israel-and-palestine/110728/israel-protests
2011-07-29,20:56:12,j34z8,31,Murdochs will not be called back before MPs,guardian.co.uk,http://www.guardian.co.uk/media/blog/2011/jul/29/phone-hacking-scandal-live-coverage
2011-07-30,06:19:54,j3lj3,30,Piers Morgan's career may be in jeapordy due in part to persistent hacking rumors,guardian.co.uk,http://www.guardian.co.uk/media/2011/jul/29/piers-morgan-apologies-louise-mensch
2011-07-29,23:38:45,j38mj,25,Syria erupts in fresh Friday violence: Security forces reportedly fire on crowds in Deraa and key oil pipeline bombed as Syria sees more clashes.,english.aljazeera.net,http://english.aljazeera.net/news/middleeast/2011/07/201172982627819183.html
2011-07-29,14:00:57,j2xem,22,"Ukraine mine blast leaves 16 dead: An explosion at a mine in the Ukraine's eastern Lugansk region has left at least 16 people dead, the emergencies ministry says.",bbc.co.uk,http://www.bbc.co.uk/news/world-europe-14337475
2011-07-29,10:19:30,j2ri6,26,Qassem Suleimani: the elusive Iranian general with so much Iraqi influence that Baghdadis believe he is secretly running' Iraq.,guardian.co.uk,http://www.guardian.co.uk/world/2011/jul/28/qassem-suleimani-iran-iraq-influence
2011-07-29,22:24:22,j36no,20,"Shiva Rules: Will the elderly bring down India?
India's 81 million elderly are already straining the health care system. What's going to happen when there are three times as many of them?",globalpost.com,http://www.globalpost.com/dispatch/news/regions/asia-pacific/india/110718/shiva-rules-india-elderly
