2011-09-22,07:47:13,kn93c,1850,"Child rapist to get less time than pot grower (Canada) 
",theprovince.com,http://www.theprovince.com/news/Child+rapist+less+time+than+grower/5434600/story.html
2011-09-22,21:57:03,knuny,701,"Sonapur – Dubai's City Of Gold --- 
The men who build Dubai are housed out of town in cramped and dilapidated concrete quarters. They are granted very few rights and treated like indentured labour. This photo essay shows a little of what their lives are like",invisiblephotographer.asia,http://invisiblephotographer.asia/2011/09/15/photoessay-sonapurdubai-matildegattoni/
2011-09-22,03:56:29,kn0lb,494,France Breaks with Obama on Palestinian Statehood Issue,nytimes.com,http://www.nytimes.com/2011/09/22/world/middleeast/france-breaks-with-obama-on-palestinian-statehood-issue.html
2011-09-22,21:44:24,knudu,390,"China on Thursday angrily demanded the Obama admin cancel its plans to upgrade Taiwan’s aging fleet of F-16 fighter jets, warning that the decision will harm U.S.-China ties overall & military cooperation between the two countries.",washingtonpost.com,http://www.washingtonpost.com/world/asia-pacific/china-denounced-us-arms-deal-for-taiwan/2011/09/21/gIQADDIemK_story.html
2011-09-22,20:18:51,knsrw,182,"Greeks Ask: Why All the Suffering? - 

Greeks are wondering what the end game is. 
Increasingly Greeks see themselves as victims. One paper opined that the country was being placed on a ""sacrificial altar"".",bbc.co.uk,http://www.bbc.co.uk/news/world-europe-15017023
2011-09-22,21:07:58,kntmf,127,French women fined for breaching veil ban:  Paris court issues its first ruling on controversial new law passed in April after parliamentary approval.,english.aljazeera.net,http://english.aljazeera.net/news/europe/2011/09/20119228042691399.html
2011-09-22,09:29:39,knchd,121,"China disgusted by antics of 'capital playboys', an elite group of young property developers from rich families with money to burn, time to kill, film-star girlfriends & a sense of entitlement",independent.co.uk,http://www.independent.co.uk/news/world/asia/antics-of-the-capital-playboys-disgust-china-2358185.html
2011-09-22,19:38:35,kns3t,107,"Surprisingly, Norwegians are less open to extended anti-terror measures after the recent terrorist attack on Oslo and Utøya",translate.google.com,http://translate.google.com/translate?sl=auto&tl=en&js=n&prev=_t&hl=en&ie=UTF-8&layout=2&eotf=1&u=http%3A%2F%2Fwww.aftenposten.no%2Fnyheter%2Firiks%2Farticle4234027.ece
2011-09-22,21:37:07,knu7x,99,Global Stocks Tumble After Grim Forecast by the Fed,nytimes.com,http://www.nytimes.com/2011/09/23/business/global/daily-stock-market-activity.html
2011-09-22,04:39:48,kn24y,88,The Curious Case Of The Vanishing Chinese City,npr.org,http://www.npr.org/2011/09/21/140633602/the-curious-case-of-the-vanishing-chinese-city
2011-09-22,23:32:01,knxaa,68,"Sarkozy calls for observer state status at UN, while Obama urges more negotiations over Palestine",globalpost.com,http://www.globalpost.com/dispatch/news/regions/europe/110922/why-the-french-differ-obama-over-palestine
2011-09-22,08:59:33,knbhu,56,"Scottish nuclear fuel leak 'will never be completely cleaned up' - 
The Scottish Environment Protection Agency has abandoned trying to remove all contamination from the north coast seabed",guardian.co.uk,http://www.guardian.co.uk/environment/2011/sep/21/scottish-nuclear-leak-clean-up?intcmp=122
2011-09-22,22:01:46,knus0,58,"India temple: Last treasure vault stays shut  - The final vault at a temple in India's Kerala state should not be opened until treasure already recovered is fully documented, the Supreme Court says.",bbc.co.uk,http://www.bbc.co.uk/news/world-south-asia-15015713
2011-09-22,20:26:22,knsw1,52,"Oxfam Warns of Spiralling Land Grab in Developing Countries - 
Many of world's poorest ""being left worse off by unprecedented land deals"", despite claims by governments & speculators",guardian.co.uk,http://www.guardian.co.uk/environment/2011/sep/22/oxfam-land-grab-developing-countries
2011-09-22,09:09:09,knbtp,45,"Gas field to turn Blackpool into Dallas-on-sea - 
Huge scale of natural gas field in England found",guardian.co.uk,http://www.guardian.co.uk/business/2011/sep/21/gas-field-blackpool-dallas-sea
2011-09-23,01:00:17,ko0ct,48,Poll: 70% of Israelis say Israel should accept UN decision,jpost.com,http://www.jpost.com/DiplomacyAndPolitics/Article.aspx?ID=238855&R=R1?worldnews
2011-09-23,02:59:43,ko4rq,41,"Red Cross: Obese outnumber hungry
",news24.com,http://www.news24.com/World/News/Red-Cross-Obese-outnumber-hungry-20110922
2011-09-22,14:15:57,knlwr,40,Suicide bomber with hidden explosives has killed Hamid Karzai's chief peace envoy in the heart of Kabul.,guardian.co.uk,http://www.guardian.co.uk/world/2011/sep/20/afghanistan-peace-process-in-tatters
2011-09-22,10:29:08,kneh4,39,Venezuela in talks on $6 billion settlement with Exxon,fuelfix.com,http://fuelfix.com/blog/2011/09/21/venezuela-in-talks-on-6-billion-settlement-with-exxon/
2011-09-23,05:59:14,kobao,41,Police in the UK stop recording race of people they stop,guardian.co.uk,http://www.guardian.co.uk/uk/2011/sep/22/police-record-race-stop?newsfeed=true
2011-09-22,10:49:18,knf4q,29,Brazil's President Dilma Rousseff urges reform at UN: Brazilian President Dilma Rousseff has demanded a greater role for emerging nations in addressing the global economic crisis. ,bbc.co.uk,http://www.bbc.co.uk/news/world-latin-america-15013666
2011-09-22,09:06:10,knbpt,30,Scottish clan wants its tropical paradise returned,independent.co.uk,http://www.independent.co.uk/news/world/australasia/scottish-clan-that-wants-its-tropical-paradise-returned-2358764.html
2011-09-23,01:33:33,ko1k5,29,"Company Said to Push Ugandans Off Land - According to Oxfam, the Ugandan government and a British forestry company forcibly expelled more than 20,000 people from their homes here in recent years.",nytimes.com,http://www.nytimes.com/2011/09/22/world/africa/in-scramble-for-land-oxfam-says-ugandans-were-pushed-out.html?_r=1&ref=global-home
2011-09-23,02:33:26,ko3r8,26,Julian Assange on hacking,independent.co.uk,http://www.independent.co.uk/news/uk/home-news/julian-assange-i-am-ndash-like-all-hackers-ndash-a-little-bit-autistic-2358654.html
2011-09-22,22:05:57,knuwc,25,Further accusations against Church of Scientology leader David Miscavige of violence.,abc.net.au,http://www.abc.net.au/news/2011-09-22/ex-league-star-says-scientology-head-violent-toxic/2911988
2011-09-22,14:28:13,knm95,20,Greens party pressure Australian PM to back Palestinian bid for UN recognition,theaustralian.com.au,http://www.theaustralian.com.au/national-affairs/greens-pressure-gillard-to-back-palestinian-bid-for-un-recognition/story-fn59niix-1226143606961
2011-09-22,08:42:08,knax2,18,"Greece to accelerate austerity measures: Athens vows to do ""anything"" to stay in eurozone and secure loans, as unions say they will strike against latest cuts.",english.aljazeera.net,http://english.aljazeera.net/news/europe/2011/09/2011921185959301420.html
2011-09-23,02:23:38,ko3dz,18,Why are so many South American countries recognizing the Palestinian state?,blog.foreignpolicy.com,http://blog.foreignpolicy.com/posts/2011/01/05/why_are_so_many_south_american_countires_recognizing_palestine?wpisrc=obinsite
2011-09-23,02:42:12,ko42t,19,"The EU said it would not allow either an uncontrolled default of Greek debt or the country to leave the eurozone, the bloc's economic commissioner said.",bbc.co.uk,http://www.bbc.co.uk/news/business-15014495
2011-09-23,03:17:46,ko5fg,16,"Iran's Ahmadinejad attacks West during his address to the UN. Prompts walk-out by US delegation after saying ""arrogant powers"" threaten those who question the Holocaust and September 11 attacks. Also ignores pro-democracy uprisings in the Middle East, and Palestine's recent request to the UN.",reuters.com,http://www.reuters.com/article/2011/09/22/us-un-assembly-iran-idUSTRE78L4XR20110922
