2011-03-29,16:50:57,gds6p,1365,Australian woman sues a five-star hotel in the United Arab Emirates after she was drugged and raped by co-workers and jailed for eight months for adultery,abc.net.au,http://www.abc.net.au/news/stories/2011/03/29/3176901.htm
2011-03-29,11:34:08,gdmd0,1266,Israel threatens to take action if UN recognizes Palestinian statehood,haaretz.com,http://www.haaretz.com/print-edition/news/israel-threatens-to-take-action-if-un-recognizes-palestinian-statehood-1.352423
2011-03-29,22:11:28,gdwi7,1152,Syria's Government Has Resigned,ynetnews.com,"http://www.ynetnews.com/articles/0,7340,L-4049374,00.html"
2011-03-29,17:38:09,gdss3,718,Russia Eliminates Daylight Saving Time.,theyeshivaworld.com,http://www.theyeshivaworld.com/article.php?p=83455
2011-03-29,06:52:07,gdg5n,256,"""A little English village church has just made a remarkable discovery. The ornate old Bible that had been sitting in plain view on a table near the last row of pews for longer than anyone could remember is an original King James Bible - one of perhaps 200 surviving 400-year-old original editions...""",religion.blogs.cnn.com,http://religion.blogs.cnn.com/2011/03/28/tiny-church-finds-original-king-james-bible/
2011-03-29,14:03:17,gdpjo,204,Japan on Maximum nuclear alert,bbc.co.uk,http://www.bbc.co.uk/news/world-asia-pacific-12889541
2011-03-30,01:42:55,ge185,158,Dutch bankers' bonuses axed by people power,guardian.co.uk,http://www.guardian.co.uk/business/2011/mar/27/dutch-bankers-bonuses-axed-by-people-power?mobile-redirect=false
2011-03-30,05:05:33,ge66a,130,EU to ban cars from cities by 2050,telegraph.co.uk,http://www.telegraph.co.uk/motoring/news/8411336/EU-to-ban-cars-from-cities-by-2050.html?sms_ss=reddit&at_xt=4d923b13251eefe6%2C0
2011-03-29,22:27:37,gdwud,101,North Korea asks South Korea for help on a possible volcano eruption.,joongangdaily.joins.com,http://joongangdaily.joins.com/article/view.asp?aid=2933650
2011-03-30,05:31:11,ge6s1,92,Egyptian Cabinet passes a law criminalizing protests 4 days after a protest invoked constitutional referendum passed.,almasryalyoum.com,http://www.almasryalyoum.com/en/node/371465
2011-03-29,19:31:46,gdu8a,92,British government finally apologises for a soldier who shot a 12-year-old girl in the back as she walked to church. Soldier not jailed.,belfasttelegraph.co.uk,http://www.belfasttelegraph.co.uk/news/local-national/northern-ireland/motherrsquos-tears-as-british-government-finally-says-sorry-for-daughters-death-15129566.html
2011-03-29,11:16:12,gdlxk,81,Wikileaks: A pink box found at one of the 26/11 Mumbai attack sites that India would not give to FBI ,hindu.com,http://www.hindu.com/2011/03/29/stories/2011032954120100.htm
2011-03-29,11:12:02,gdltp,77,Libyan Rape Victim Still Being Held In Gadhafi Compound,jezebel.com,http://jezebel.com/#!5786587/libyan-rape-victim-still-being-held-in-gadhafi-compound
2011-03-29,12:54:16,gdo4x,59,French Constitutional Council Validates Internet Censorship,laquadrature.net,http://www.laquadrature.net/en/french-constitutional-council-validates-internet-censorship
2011-03-29,21:58:55,gdw9a,57,"Syrian government resigns amid unrest, announces that emergency law and restrictions on civil liberties will be overturned",bbc.co.uk,http://www.bbc.co.uk/news/world-middle-east-12897223
2011-03-30,01:06:06,ge09t,54,WSJ.com - The Middle East Crisis Has Just Begun,online.wsj.com,http://online.wsj.com/article/SB10001424052748704050204576218842399053176.html?mod=wsj_share_reddit
2011-03-29,12:08:29,gdn47,47,"China's most prestigious seat of learning, Peking University, is planning to screen students for 'radical thoughts",telegraph.co.uk,http://www.telegraph.co.uk/news/worldnews/asia/china/8411055/Peking-University-to-screen-students-for-radical-thoughts.html
2011-03-29,20:59:20,gdvbe,43,"Pro-Libya, Anti-US Protest Held in Uganda",nytimes.com,http://www.nytimes.com/aponline/2011/03/29/world/africa/AP-AF-Uganda-Libya.html?hp
2011-03-29,13:20:25,gdonz,29,"President: Yemen is ""a ticking time bomb""",news.google.com,http://news.google.com/news/url?sa=t&ct2=us%2F3_0_s_7_0_t&bvm=section&topic=en_us-w&usg=AFQjCNGSYyobiHHGK_Qk3Iygu1NMAWrniw&did=33e8c81090534e11&cid=17593876880283&ei=1l2RTeDTLYTasQeWwqnyAw&rt=HOMEPAGE&vm=STANDARD&url=http%3A%2F%2Fnews.xinhuanet.com%2Fenglish2010%2Fvideo%2F2011-03%2F29%2Fc_13803163.htm
2011-03-30,03:39:40,ge44c,25,"Gaddafi troops force rebels back: Pro-government forces have intensified their attacks on Libyan rebels, driving them back tens of kilometres over ground they had taken in recent days.",bbc.co.uk,http://www.bbc.co.uk/news/world-africa-12892798
2011-03-29,21:14:32,gdviw,27,"Taliban Seize District in Eastern Afghanistan from 
Afghan police",nytimes.com,http://www.nytimes.com/2011/03/30/world/asia/30afghanistan.html
2011-03-29,08:20:36,gdi68,27,"Iran leads the way in the ""worrying upsurge"" in the number of executions in the Middle East & Asia, Amnesty International claims",upi.com,http://www.upi.com/Top_News/Special/2011/03/28/Amnesty-Iran-has-most-executions/UPI-39721301330385/
2011-03-30,00:44:21,gdzr3,24,Deaths and thousands infected with dengue in Paraguay and Bolivia ,en.mercopress.com,http://en.mercopress.com/2011/03/26/deaths-and-thousands-infected-with-dengue-in-paraguay-and-bolivia
2011-03-29,10:02:09,gdkc2,20,NFK: Crane in Reactor #3 collapsed onto fuel rods (1:40),youtube.com,http://www.youtube.com/watch?v=wAEixbcPhG4&feature=player_embedded#at=104
2011-03-29,23:56:52,gdymv,20,"Iman al-Obeidi, the Libyan woman who told the world of her rape by Gaddafi's men, now faces criminal charges.",guardian.co.uk,http://www.guardian.co.uk/world/2011/mar/29/iman-al-obedi-libya-rape-claim-charges
2011-03-29,09:59:57,gdkam,19,Italians block port in protest over migrants: Fishermen on Lampedusa seal off harbour in symbolic demonstration against flow of illegal immigrants.,english.aljazeera.net,http://english.aljazeera.net/news/europe/2011/03/2011328201255675722.html
2011-03-30,06:07:34,ge7o4,16,Dr. Michio Kaku: Reactor #3 has been breached - there are now 3 major nuclear meltdowns in progress.,dailybail.com,http://dailybail.com/home/dr-michio-kaku-reactor-3-has-been-breached-there-are-now-thr.html
2011-03-29,19:51:42,gdugd,16,"Israeli military tanks and bulldozers invaded Tuesday morning the east of Al-Qarara town in Kan Younis city, southern Gaza Strip.",paltelegraph.com,http://www.paltelegraph.com/palestine/gaza-strip/8795-israeli-tanks-invade-south-gaza-strip.html
2011-03-29,16:54:34,gds8f,17,Nationalization of Tokyo Electric Power an option,english.kyodonews.jp,http://english.kyodonews.jp/news/2011/03/81689.html
2011-03-29,09:04:59,gdj43,15,"Over 3,700 Burmese Fishermen Still Missing, Presumed Dead after Tropical Storm",irrawaddy.org,http://www.irrawaddy.org/article.php?art_id=21012
