2011-05-02,11:46:43,h1s9d,1672,Bin Laden is Dead,newshounds.us,http://www.newshounds.us/2011/05/01/breaking_news_president_obama_to_address_the_nation.php
2011-05-02,19:39:51,h25p2,1412,"I think it's weird that the body of the most wanted man since 2001 was simply thrown into the ocean, shortly after being killed.",guardian.co.uk,http://www.guardian.co.uk/world/2011/may/02/bin-laden-body-buried-sea
2011-05-02,06:00:30,h1lc8,1297,Six wind farms were given six-figure payments to switch off their turbines because the Scottish grid network could not absorb all the energy being produced.,breakingnews.heraldscotland.com,http://breakingnews.heraldscotland.com/breaking-news/?mode=article&site=hs&id=N0215511304251519691A
2011-05-02,18:00:58,h24cz,1244,"From the memory hole: ""Bush rejects Taliban offer to surrender bin Laden"" - Oct. 2001",independent.co.uk,http://www.independent.co.uk/news/world/asia/bush-rejects-taliban-offer-to-surrender-bin-laden-631436.html
2011-05-03,02:20:29,h2e93,496,WikiLeaks: Osama bin Laden 'protected' by Pakistani security,telegraph.co.uk,http://www.telegraph.co.uk/news/worldnews/asia/pakistan/8488236/WikiLeaks-Osama-bin-Laden-protected-by-Pakistani-security.html
2011-05-02,11:47:14,h1sa1,429,Osama Bin Laden Reported Dead,thelede.blogs.nytimes.com,http://thelede.blogs.nytimes.com/2011/05/01/live-video-of-president-obamas-address/
2011-05-02,07:09:10,h1mm1,221,You are NOT allowed to commit suicide: Workers in Chinese Foxconn factories forced to sign pledges,dailymail.co.uk,http://www.dailymail.co.uk/news/article-1382396/Workers-Chinese-Apple-factories-forced-sign-pledges-commit-suicide.html
2011-05-03,02:06:51,h2dua,204,Taiwanese animation shows us how Bin Laden was killed,motherboard.tv,http://motherboard.tv/2011/5/2/how-osama-bin-laden-was-killed-the-taiwanese-3d-animated-version--2
2011-05-03,00:33:04,h2b99,191,Osama in Pakistan: India says 'I told you so',globalpost.com,http://www.globalpost.com/dispatches/globalpost-blogs/bric-yard/india-osama-death-underlines-our-concern-terrorists-find-sanct
2011-05-02,04:09:39,h1j5z,174,"New EU rules came into force banning hundreds of herbal remedies. The laws are aimed at protecting consumers from potentially damaging ""traditional"" medicines",guardian.co.uk,http://www.guardian.co.uk/uk/2011/may/01/new-eu-rules-on-herbal-remedies
2011-05-02,12:25:10,h1u9w,172,Radiation level now 3300 times limit at No. 2 reactor.,nhk.or.jp,http://www3.nhk.or.jp/daily/english/02_01.html
2011-05-03,01:14:32,h2ce3,151,Furious parents in Fukushima have delivered a bag of radioactive playground earth to education officials in protest at moves to weaken nuclear safety standards in schools.,guardian.co.uk,http://www.guardian.co.uk/world/2011/may/02/parents-revolt-radiation-levels
2011-05-02,20:40:01,h26iv,109,Hamas: Bin Laden death 'assassination' of 'a holy warrior',jpost.com,http://www.jpost.com/MiddleEast/Article.aspx?id=218821
2011-05-02,21:01:39,h26uh,106,"Juan Cole: Osama was a relic of the cold war and the age of dictators, with no place in modern Arab society. The new generation of Arab dissidents yearn for liberty, not theocratic repression.",juancole.com,http://www.juancole.com/2011/05/obama-and-the-end-of-al-qaeda.html
2011-05-02,13:21:04,h1x7l,76,"Obama: 'Osama wasn't a Muslim leader, he was a mass murderer of Muslims'",dailykos.com,"http://www.dailykos.com/story/2011/05/02/972086/-Osama-wasnt-a-Muslim-leader,-he-was-a-mass-murderer-of-Muslims?utm_source=feedburner&utm_medium=feed&utm_campaign=Feed%3A+dailykos%2Findex+%28Daily+Kos%29&utm_content=Twitter"
2011-05-02,20:50:37,h26o6,77,"Indian village laborer cracks country's top college entrance exam, but doesn't have money to travel to the college interview.",youtube.com,http://www.youtube.com/watch?v=lBZgrXRad6s&feature=player_embedded
2011-05-03,04:08:41,h2hb8,77,Al-Jazeera Journalist Missing in Syria,english.aljazeera.net,http://english.aljazeera.net/news/middleeast/2011/05/20115211460620208.html
2011-05-02,22:35:05,h28lt,63,"Pakistan, You Got Some `Splainin’ To Do",outsidethebeltway.com,http://www.outsidethebeltway.com/pakistan-you-got-some-splainin-to-do/
2011-05-02,23:19:08,h29jw,57," Rallies erupt the world over on May Day, as workers demonstrate for their rights. ",reuters.com,http://www.reuters.com/news/video?videoId=205788714&feedType=VideoRSS&feedName=TopNews&videoChannel=1&utm_source=feedburner&utm_medium=feed&utm_campaign=Feed%3A+reuters%2FUSVideoTopNews+%28Video+%2F+US+%2F+Top+News%29
2011-05-02,16:36:54,h22zs,34,Osama bin Laden to be buried at sea.,blogs.abcnews.com,http://blogs.abcnews.com/thenote/2011/05/osama-bin-laden-body-headed-for-burial-at-sea-officials-say.html
2011-05-02,19:02:59,h256b,34,Egypt's Muslim Brotherhood has said the United States has no more reason to stay in Iraq and Afghanistan after the killing of al-Qaeda leader Osama bin-Laden.,edition.presstv.ir,http://edition.presstv.ir/detail/177816.html
2011-05-03,06:52:17,h2lsq,31,The Japanese government is about to begin releasing data projecting the spread of radiation that it initially withheld for fear of causing panic.,nhk.or.jp,http://www3.nhk.or.jp/daily/english/02_32.html
2011-05-03,05:02:15,h2it8,34,"""That bin Laden could be in Abbottabad [Pakistan] unknown to authorities 'is a bit amazing' says Hamid Gul, a former Pakistani intelligence chief . . . Aside from the military 'there is the local police, the Intelligence Bureau, Military Intelligence, the ISI, they all had a presence there.'""",seattlepi.com,http://www.seattlepi.com/news/article/Bin-Laden-hid-in-Pakistan-city-laden-with-military-1361181.php
2011-05-02,19:00:09,h2553,25,Suspicions grow over whether Pakistan aided Osama bin Laden,latimes.com,"http://www.latimes.com/news/nationworld/world/la-fg-bin-laden-pakistan-20110502,0,6166140.story?track=rss&utm_source=feedburner&utm_medium=feed&utm_campaign=Feed%3A+latimes%2Fnews%2Fnationworld%2Fworld+%28L.A.+Times+-+World+News%29"
2011-05-02,23:59:24,h2ai9,26,"Chris Hedges Speaks on Osama bin Laden’s Death: I know that because of this announcement, that reportedly Osama bin Laden was killed, Bob wanted me to say a few words about it … about al-Qaida. I spent a year of my life covering al-Qaida for The New York Times...",truth-out.org,http://www.truth-out.org/chris-hedges-speaks-osama-bin-laden%E2%80%99s-death/1304343151
2011-05-03,01:17:58,h2cgj,23,More employees at Fukushima receive high radiation doses,chinapost.com.tw,http://www.chinapost.com.tw/asia/japan/2011/05/02/300761/More-employees.htm
2011-05-02,14:06:24,h1z31,19,"Israel suspends transfer of $89m to Palestinian Authority in view of recent unity deal between Fatah and Hamas.
",aljazeera.com,http://aljazeera.com/news/middleeast/2011/05/20115182147504313.html
2011-05-02,21:29:20,h27an,18,A photo released on Monday purporting to show Osama bin Laden’s body is now reported to be a fake.,euronews.net,http://www.euronews.net/2011/05/02/dead-bin-laden-photo-is-a-fake/
2011-05-03,02:59:55,h2fdr,19,"Syrian regime clamps down, killing 10 and arresting 500 in house-to-house searches.",globalpost.com,http://www.globalpost.com/dispatch/news/regions/middle-east/110502/syrian-army-kills-10-arrests-500-crackdown
2011-05-02,11:07:38,h1rbn,17,Just 10 years ago the Australian dollar was at 47.75 US cents. Today it hit 110 US cents for the first time ever.,theage.com.au,http://www.theage.com.au/business/markets/aussie-dollar-punches-through-110-us-cents-20110502-1e3m9.html
