2011-10-16,05:04:47,ldf6u,978,"""The U.S. is abandoning plans to keep U.S. troops in Iraq past a year-end withdrawal deadline...The decision to pull out fully by January [2012] will effectively end more than eight years of U.S. involvement in the Iraq war, despite ongoing concerns about its security forces and the potential for""",seattlepi.com,http://www.seattlepi.com/news/article/APNewsBreak-US-drops-plans-to-keep-troops-in-Iraq-2220271.php
2011-10-16,20:17:49,le03n,831,"Wall Street Protests Hit ‎Over 1,500 Cities Around World",smh.com.au,http://www.smh.com.au/world/anger-at-greed-goes-global-protests-boil-around-the-world-20111016-1lr4h.html
2011-10-16,22:33:30,le1yd,779,EU considering massive cuts to food aid for poor. The European Union is considering a roughly 75 percent cut in funding for a program that helps feed 18 million of its poorest citizens. The cuts...would come at a time of rising unemployment and consumer food prices in many parts of Europe.,news.yahoo.com,http://news.yahoo.com/eu-considering-massive-cuts-food-aid-poor-110155873.html
2011-10-16,01:27:51,ld8t1,270,Thank-you cards from China pose mystery for WWII vets,chron.com,http://www.chron.com/default/article/Thank-you-cards-from-China-pose-mystery-for-WWII-2217926.php
2011-10-16,22:15:12,le1mh,259,Germany will prosecute tax fraudsters using stolen data it bought about its citizens who secretly deposited assets in HSBC bank in Luxembourg,thelocal.de,http://www.thelocal.de/national/20111014-38201.html
2011-10-16,01:25:49,ld8rc,230,Child Slaves Made Your Halloween Candy. Stop Buying It: The connection between major candy bar manufacturers and child slavery is one of the world's best-kept secrets,good.is,http://www.good.is/post/child-slaves-made-your-halloween-candy-stop-buying-it
2011-10-16,13:33:48,ldtcc,172,"Protesters take anti-greed message to world's streets:  Demonstrators in cities across the globe turned out in force on Saturday to express their anger at the governments, banks and speculators they blame for the economic downturn. ",france24.com,http://www.france24.com/en/20111015-rome-anti-austerity-protest-erupts-violence-occupy-wall-st-berlusconi
2011-10-16,21:55:55,le1bm,127,"Kenyan troops pursue al-Shabab into Somalia: Truckloads of Kenyan troops have crossed border and are stationed about 100km inside Somalia, military source says.",english.aljazeera.net,http://english.aljazeera.net/news/africa/2011/10/20111016115410991692.html
2011-10-16,22:00:58,le1dz,88,"An anti-capitalist protest in London's financial district has entered its second day, with some protesters camped outside St Paul's Cathedral.",bbc.co.uk,http://www.bbc.co.uk/news/uk-15324901
2011-10-17,03:26:00,le9ni,78,"Israel plans new settlement of 2,600 that will isolate Arab East Jerusalem",guardian.co.uk,http://www.guardian.co.uk/world/2011/oct/16/israel-settlement-isolate-arab-jerusalem?CMP=twt_fd
2011-10-16,22:05:40,le1gp,74,"Senegal Curbs a Bloody Rite for Girls and Women, over the past 15 years, the majority of villages where genital cutting was commonplace have now committed to stop.",nytimes.com,http://www.nytimes.com/2011/10/16/world/africa/movement-to-end-genital-cutting-spreads-in-senegal.html?ref=health
2011-10-17,07:54:34,leha1,70,"Mediterranean Shipping Co.,  charterer of the ship that's leaking oil & wreaking environmental havoc off New Zealand, pledges to help with clean-up cash, though it says it's not legally liable - Cost is expected to exceed the $12.1m liability cover - depending on how much more oil leaks ",nzherald.co.nz,http://www.nzherald.co.nz/nz/news/article.cfm?c_id=1&objectid=10759676
2011-10-16,22:16:23,le1n1,63,India vs. Pakistan On Water - Irrigation & hydroelectric projects in the Indus River Valley are draining the river's flow - One of the potentially catastrophic consequences of the fragile water balance is the effect on political tensions,news.nationalgeographic.com,http://news.nationalgeographic.com/news/2011/10/111012-india-pakistan-indus-river-water/
2011-10-16,13:46:22,ldto3,52,G20 tells euro zone to fix debt crisis in eight days,reuters.com,http://www.reuters.com/article/2011/10/16/us-g-idUSTRE79C74G20111016
2011-10-16,23:03:36,le2gy,48,"Deadly clashes erupt in Yemen:  Medics report at least 13 deaths as pro-government forces fire on protesters in the capital, Sanaa.",english.aljazeera.net,http://english.aljazeera.net/news/middleeast/2011/10/2011101685839559130.html
2011-10-17,00:23:32,le4av,44,UK- One in seven nursing homes breaking the law on feeding patients,telegraph.co.uk,http://www.telegraph.co.uk/health/8830003/One-in-seven-nursing-homes-breaking-the-law-on-feeding-patients.html?utm_source=dlvr.it&utm_medium=twitter
2011-10-17,06:14:16,leeen,39,Europe on the breadline: Spanish activists show how politics could be run,guardian.co.uk,http://www.guardian.co.uk/world/blog/2011/oct/16/spanish-citizens-demonstrate-politics
2011-10-16,11:03:09,ldpdc,35,Room for one more? World population to reach 7 BILLION in next few days ,dailymail.co.uk,http://www.dailymail.co.uk/news/article-2049451/Room-World-population-reach-7-BILLION-days.html
2011-10-16,23:04:18,le2hh,33,Egypt's military rulers ban discrimination: Measure comes a week after 26 people were killed in clashes involving minority Coptic Christian protesters and military.,english.aljazeera.net,http://english.aljazeera.net/news/middleeast/2011/10/2011101634155850324.html
2011-10-17,00:01:17,le3pk,22,Arab League to Discuss Suspending Syria,nytimes.com,http://www.nytimes.com/reuters/2011/10/16/world/middleeast/international-us-arabs-syria.html
2011-10-16,19:05:37,ldz8w,23,Bank of Canada head calls Occupy protests 'entirely constructive' ,theglobeandmail.com,http://www.theglobeandmail.com/news/politics/bank-of-canada-head-calls-occupy-protests-entirely-constructive/article2202064/
2011-10-17,05:44:43,ledk0,24,Hollande set to challenge Sarkozy in presidential vote,bbc.co.uk,http://www.bbc.co.uk/news/world-europe-15325683
2011-10-17,05:37:17,ledb0,20,"London anti-bank protesters camp out at St Paul's 
Cathedral - Police told by church to move on",guardian.co.uk,http://www.guardian.co.uk/uk/2011/oct/16/occupy-london-protest-st-pauls
2011-10-17,07:46:36,legzv,20,Iran's supreme leader hints at future election changes,edition.cnn.com,http://edition.cnn.com/2011/10/16/world/meast/iran-politics/
2011-10-16,20:36:22,le0bj,18,"Across the world, the indignant rise up against corporate greed and cuts.",independent.co.uk,http://www.independent.co.uk/news/world/politics/across-the-world-the-indignant-rise-up-against-corporate-greed-and-cuts-2371357.html
2011-10-16,19:15:40,ldzdp,17,Unity march between Copts and Muslims protests against violence from Egypt's ruling military,english.ahram.org.eg,http://english.ahram.org.eg/NewsContent/1/64/24152/Egypt/Politics-/Unity-march-between-Copts-and-Muslims-protests-aga.aspx
2011-10-17,01:44:51,le6la,16,"The leader of Cuba’s dissident group Ladies in White, Laura Pollan, died Friday aged 63. The Ladies in White group has been at the centre of efforts to promote change in Cuba after five decades of singe-party communist rule. ",france24.com,http://www.france24.com/en/20111015-americas-castro-leader-cuba-ladies-white-dissident-group-dies
2011-10-16,15:33:20,ldw64,15,Israel names 477 prisoners to be freed,english.aljazeera.net,http://english.aljazeera.net/news/middleeast/2011/10/2011101654517930209.html
2011-10-17,06:45:47,lef8h,13,Eta expected to announce definitive end to four decades of violence,guardian.co.uk,http://www.guardian.co.uk/world/2011/oct/16/eta-end-violence-basque-spain?CMP=twt_gu
2011-10-16,18:07:22,ldykg,11,Teachers of hope in the Congo brutally killed,guardian.co.uk,http://www.guardian.co.uk/world/2011/oct/16/teachers-of-hope-in-congo-brutally-killed
