2011-02-03,12:03:08,fe9nt,3063,Canadian Government to reverse CRTC decision on Internet billing. (UBB),thestar.com,http://www.thestar.com/news/canada/article/932571--ottawa-threatens-to-reverse-crtc-decision-on-internet-billing
2011-02-03,17:55:27,feeyc,1184,"I don't know if this fits into r/worldnews, but it has to be seen by the world. Mubarak's ""security"" forces drive through the crowd",youtube.com,http://www.youtube.com/watch?v=i5APaDE6ja8
2011-02-03,20:55:02,feguq,205,14 year old girl whipped to death by Islamic clerics,guardian.co.uk,http://www.guardian.co.uk/world/2011/feb/03/bangladesh-clerics-arrested-after-girl-whipped
2011-02-04,03:10:02,feocz,182,Fox News Team Severely Beaten in Cairo and Hospitalized. (Greg Palkot & Olaf Wiig),deadline.com,http://www.deadline.com/2011/02/fox-news-team-severely-beaten-hospitalized-in-cairo/
2011-02-03,10:33:14,fe7zy,177,"Mubarak supporters open fire at demonstrators in Cairo
| Reuters",reuters.com,http://www.reuters.com/article/2011/02/03/us-egypt-protests-clashes-idUSTRE7120GX20110203
2011-02-03,09:33:27,fe6xt,109,"One of our Web producers reports that almost everyone in the square seems injured, is bandaged and limping. The mood there is ""pretty fatalistic"" with the anti-government protesters certain that the pro-Mubarak forces are ""there to eliminate them"".",blogs.aljazeera.net,http://blogs.aljazeera.net/middle-east/2011/02/02/live-blog-feb-3-egypt-protests
2011-02-03,16:38:27,fee2u,88,"More than 20,000 anti-government protesters have gathered in the Yemeni capital, Sanaa, for a ""day of rage"" against President Ali Abdullah Saleh.",bbc.co.uk,http://www.bbc.co.uk/news/world-middle-east-12353479
2011-02-03,11:12:49,fe8pi,74,"""A 14-year-old girl in Bangladesh, Hena Begum, died after allegedly being raped by her 40-year-old cousin and punished with a public lashing.""",globalpost.com,http://www.globalpost.com/dispatch/asia/110202/hena-begum-bangladesh-public-lashings
2011-02-03,23:00:19,feir4,75,"
Danish cartoonist's attacker guilty",english.aljazeera.net,http://english.aljazeera.net/news/europe/2011/02/201123115258192490.html
2011-02-03,09:51:38,fe796,71,Anderson Cooper of CNN Attacked in Cairo [HD],youtube.com,http://www.youtube.com/watch?v=wMfTNrxav8Y&feature=share
2011-02-03,22:14:20,fehy9,71,"Mohamed ElBaradei urges world leaders to abandon Hosni Mubarak —
Criminal acts by government-backed thugs and a regime killing its own people make negotiations impossible, says Nobel laureate",guardian.co.uk,http://www.guardian.co.uk/world/2011/feb/02/elbaradei-abandon-mubarak
2011-02-04,07:41:42,feu5e,67,"Video:  Egyptian protester killed by Mubarak's hired thugs.  DEAD MAN, very sad footage",youtube.com,http://www.youtube.com/watch?v=fU7iv2VXNCs
2011-02-04,04:07:20,fepoc,68,Egyptian President Hosni Mubarak says he would like to resign immediately but fears the country would descend into chaos if he did so,bbc.co.uk,http://www.bbc.co.uk/news/world-middle-east-12361948
2011-02-03,08:12:24,fe5hf,62,"""A revolution is coming - a revolution which will be peaceful if we are wise enough; compassionate if we care enough; successful if we are fortunate enough - but a revolution which is coming whether we will it or not. We can affect its character; we cannot alter its inevitability.""",antemedius.com,http://antemedius.com/content/warning-us-government
2011-02-04,02:02:50,fems7,59,Call to free Al Jazeera journalists,english.aljazeera.net,http://english.aljazeera.net//news/middleeast/2011/02/201123165214813586.html
2011-02-03,14:02:24,febsm,54,"It was vicious and ruthless, bloody and well planned, a final vindication of all Mubarak's critics and a shameful indictment of the Obamas and Clintons who failed to denounce this faithful ally of America and Israel.",belfasttelegraph.co.uk,http://www.belfasttelegraph.co.uk/opinion/columnists/robert-fisk/egypt-crisis-fighting-was-so-terrible-we-could-smell-the-blood-15072196.html
2011-02-04,07:31:47,fetys,51,Police open fire on Yemeni protesters,theblaze.com,http://www.theblaze.com/stories/police-open-fire-on-yemen-protesters/
2011-02-03,20:52:23,fegtk,44,"The British telecommunications company Vodafone is being accused of sending out text messages urging pro-Mubarak supporters to ""confront"" protesters",flickr.com,http://www.flickr.com/photos/59098813@N06/sets/72157625964108236/detail/
2011-02-03,11:38:38,fe96y,43,"Gunmen open fire on protesters in Tahrir Square, “People are too tired to be terrified""",theglobeandmail.com,http://www.theglobeandmail.com/news/world/crisis-in-egypt/latest-news/mubarak-supporters-open-fire-at-protesters-witnesses-say/article1891913/
2011-02-04,01:21:16,felux,49,Immigration officer fired after putting wife on list of terrorists to stop her flying home ,dailymail.co.uk,http://www.dailymail.co.uk/news/article-1351937/Immigration-officer-fired-putting-wife-list-terrorists-stop-flying-home.html
2011-02-04,00:51:30,fel7j,44,"Gunfire erupts in Cairo's streets, Health Ministry reports injuries in the thousands as military intervenes",salon.com,http://www.salon.com/news/feature/2011/02/03/egypt_military_army_intervenes_fights/index.html
2011-02-04,05:49:30,feryb,45,Egyptian Protest Helmets,guardian.co.uk,http://www.guardian.co.uk/world/gallery/2011/feb/03/egypt-protesters-head-protection-helmets#/?picture=371390048&index=0
2011-02-04,04:49:53,feqmg,38,Tens of thousands march against Yemen's president,news.yahoo.com,http://news.yahoo.com/s/ap/20110203/ap_on_re_mi_ea/ml_yemen
2011-02-03,18:05:35,fef25,31,"Rapid developments in Egypt: Omar Suleiman holds dialogue with opposition groups, Elbaradei refuses to participate until Mubarak goes. A retired Egyptian army general tells the BBC that the army is ready to intervene to protect protesters as early as tomorrow. ",guardian.co.uk,http://www.guardian.co.uk/news/blog/2011/feb/03/egypt-protests-live-updates
2011-02-04,03:11:29,feoec,39,"Fidel Castro: Mubarak Is Finished - ""Mubarak’s fate is sealed, not even the support of the United States will be able to save his government."" ",counterpunch.org,http://www.counterpunch.org/castro02032011.html
2011-02-04,07:39:28,feu42,33,"Swedish journalist knife stabbed in Egypt. ""Your man is with the Egyptian government, with the military. If you bitches want him, come and get him.""",translate.google.com,http://translate.google.com/translate?js=n&prev=_t&hl=en&ie=UTF-8&layout=2&eotf=1&sl=sv&tl=en&u=http://svt.se/2.22584/1.2316417/svt_s_bert_sundstrom_allvarligt_skadad_i_kairo&act=url
2011-02-04,02:23:54,fen9z,28,"Egypt's new vice president, in an interview on state TV, blamed foreigners for the anti-government protests ",blogs.wsj.com,http://blogs.wsj.com/dispatch/2011/02/03/egypt-vice-president-blames-foreigners-for-fueling-protests/?mod=e2tw
2011-02-03,11:41:45,fe99b,30,Canadian journalists attacked by Mubarak's goons and saved by the army. ,translate.google.com,http://translate.google.com/translate?js=n&prev=_t&hl=fr&ie=UTF-8&layout=2&eotf=1&sl=fr&tl=en&u=http://www.projetj.ca/detail.php%3Fid%3D2244
2011-02-03,18:35:33,fefcj,27,Photos of some of the Egypt government IDs found on thugs captured by protesters,flickr.com,http://www.flickr.com/photos/24271114@N08/5411316721/in/set-72157625838724811/
2011-02-03,23:13:24,fej1i,28,"Egypt's most famous English blogger ""Sandmonkey"" has been arrested.",lisagoldman.net,http://lisagoldman.net/2011/02/03/egypt-right-now-by-sandmonkey/
