2011-05-19,22:29:29,hf0ru,1423,"As the Japanese government and TEPCO struggle to bring the crippled Fukushima Daiichi nuclear plant under control, a group of pensioners has decided to put their lives at risk to save younger people from radiation.
 ",dw-world.de,"http://www.dw-world.de/dw/article/0,,6530334,00.html?maca=en-rss-en-asia-5133-rdf"
2011-05-19,06:38:20,hej72,1205,"Randal Munroe, creator of XKCD, responds to Ben Stein's comments about Dominique Strauss-Kahn",blog.xkcd.com,http://blog.xkcd.com/2011/05/18/answering-ben-steins-question/
2011-05-19,22:42:39,hf113,312,"The Middle East is running dry. The most water-stressed nations on Earth are all in the Middle East and North Africa. Add surging populations and food and energy costs, and trouble seems inevitable",guardian.co.uk,http://www.guardian.co.uk/environment/damian-carrington-blog/2011/may/19/water-climate-change
2011-05-20,04:15:31,hf9sp,124,"Designer of China's ""Great Firewall"" reportedly pelted with shoes and egg",bbc.co.uk,http://www.bbc.co.uk/news/world-asia-pacific-13455819
2011-05-20,06:09:37,hfcva,84,Israel rejects total pullback to 1967 borders,reuters.com,http://www.reuters.com/article/2011/05/19/us-obama-mideast-netanyahu-idUSTRE74I6JO20110519
2011-05-19,19:02:20,hexmn,82,First Habitable Planet Confirmed by French Scientists,escapistmagazine.com,http://www.escapistmagazine.com/news/view/110139-First-Habitable-Planet-Confirmed-by-French-Scientists
2011-05-20,06:06:08,hfcrz,77,"Company Director doesn't give his staff a wage rise because they would only ""mismanage"" their money",southwestbusiness.co.uk,http://www.southwestbusiness.co.uk/cornwall/clot-bother-creamery-lashed-wages-comment/article-3564136-detail/article.html
2011-05-19,18:11:08,hex1a,71,TEPCO posts photos of the Fukushima Daiichi nuclear power plant getting hit by the tsunami (links below the 2nd photo),tepco.co.jp,http://www.tepco.co.jp/tepconews/pressroom/110311/index-j.html
2011-05-20,03:11:44,hf7zs,64,Whistleblower says Russian troops fed dog food,reuters.com,http://www.reuters.com/article/2011/05/19/us-russia-troops-dogfood-idUSTRE74I4TH20110519
2011-05-19,20:06:41,heykd,59,China acknowledges Three Gorges dam 'problems',bbc.co.uk,http://www.bbc.co.uk/news/world-asia-pacific-13451528
2011-05-19,13:18:09,hes5x,55,"How Does a Socialist Public Servant Pay for $3,000-a-Night Hotel Suites and First-Class Flights?",slate.com,http://www.slate.com/id/2294227/
2011-05-19,18:43:48,hexer,51,Israeli attaché expelled from Russia over spying allegations,rt.com,http://rt.com/politics/spy-israel-russia-attache/
2011-05-19,03:44:07,heejj,42,Russia threatens nuclear build-up over U.S. missile shield,edition.cnn.com,http://edition.cnn.com/2011/WORLD/europe/05/18/russia.nuclear.missiles/index.html?hpt=T2
2011-05-20,04:03:41,hf9fz,34,China has “drastically” cut the number of deaths from HIV-Aids by handing out free drugs.,telegraph.co.uk,http://www.telegraph.co.uk/news/worldnews/asia/china/8521605/China-hugely-cuts-number-of-HIV-deaths.html
2011-05-19,03:54:50,heeuz,25,"""An opinion poll in France, taken before his first court appearance on Monday and released on Wednesday, showed that more than half the population believe Strauss-Kahn was set up.""",english.aljazeera.net,http://english.aljazeera.net/news/americas/2011/05/201151814950481521.html
2011-05-19,22:34:16,hf0va,27,"Ethiopia rebels say govt troops killed 100 civilians;1 UN worker dead, 2 missing",af.reuters.com,http://af.reuters.com/article/ethiopiaNews/idAFLDE74F1VV20110516
2011-05-20,03:26:18,hf8fh,25,Levels of ocean radionuclides at least order of magnitude higher than Chernobyl.,physorg.com,http://www.physorg.com/news/2011-05-japan-nuclear-power-disaster-radioactivity.html
2011-05-19,18:51:18,hexhp,25,"Women in Turkey
Behind the veil: Women’s influence in politics is growing, but it is still small",economist.com,http://www.economist.com/node/18682644
2011-05-19,15:06:19,heuas,28,"Second Iranian ""flotilla of solidarity"" with 120 supporters of Bahraini dissidents blocked from entering kingdom ",latimesblogs.latimes.com,http://latimesblogs.latimes.com/babylonbeyond/2011/05/iran-flotilla-turned-back-as-.html
2011-05-20,02:03:40,hf61e,27,A swarm of bees delays flights at Philippine airport,philstar.com,http://www.philstar.com/Article.aspx?articleId=687848&publicationSubCategoryId=63
2011-05-19,16:47:33,hevxl,21,"Military tanker plane loaded with 158,000 pounds of fuel just crashed",jalopnik.com,http://jalopnik.com/5803345/military-tanker-plane-loaded-with-158000-pounds-of-fuel-crashes
2011-05-20,03:31:26,hf8k2,19,"Support for Swedish NATO membership drops - Fewer Swedes support Swedish membership in NATO and roughly half are outright opposed to the idea, a new poll shows.",thelocal.se,http://www.thelocal.se/33862/20110519/
2011-05-20,00:08:34,hf313,21,Mexico town stands up to drug gangs with barricade,elpasotimes.com,http://www.elpasotimes.com/ci_18087885?source=most_viewed
2011-05-20,04:10:22,hf9nd,17,Triple bombing kills 27 at Iraqi police station,chron.com,http://www.chron.com/disp/story.mpl/ap/top/all/7572031.html
2011-05-20,03:55:21,hf97i,17,NATO: Gaddafi forces 'significantly degraded'. Head of military alliance says military and political pressures are weakening the Libyan leader's hold on power.,english.aljazeera.net,http://english.aljazeera.net/news/africa/2011/05/201151914159509484.html
2011-05-19,23:32:41,hf26c,16,Muammar Gaddafi's family 'fled to Tunisia',guardian.co.uk,http://www.guardian.co.uk/world/2011/may/19/muammar-gaddafi-family-tunisia?CMP=twt_gu
2011-05-19,11:56:08,heqfq,16," 
AFP:China military not out to challenge US: PLA general ",google.com,http://www.google.com/hostednews/afp/article/ALeqM5iITg625skZe3jKKNIJ02qxseYFyw?docId=CNG.c650d8e4001215100d640542fe72e0b8.311
2011-05-19,19:20:54,hexvx,15,"Uganda's Kizza Besigye 'put under house arrest': Ugandan opposition leader Kizza Besigye has been prevented from leaving his house by police, as the new parliamentary session is set to open.",bbc.co.uk,http://www.bbc.co.uk/news/world-africa-13452143
2011-05-19,10:13:53,heo5w,15,Russia expels Israel's military attaché over espionage claims,haaretz.com,http://www.haaretz.com/news/diplomacy-defense/russia-expels-israel-s-military-attache-over-espionage-claims-1.362596
2011-05-20,04:02:07,hf9el,13,Nicaraguan volcano spews out a huge cloud of gas and ash reaching almost one mile into the air.,telegraph.co.uk,http://www.telegraph.co.uk/news/worldnews/centralamericaandthecaribbean/nicaragua/8522848/Nicaraguan-volcano-spews-out-ash-cloud.html
