2011-09-14,02:12:31,kedxy,2961,Vladimir Putin: Action Man [pics],theatlantic.com,http://www.theatlantic.com/infocus/2011/09/vladimir-putin-action-man/100147/
2011-09-14,22:10:18,kfbl6,1853,Sex-abuse victims urge the International Criminal Court to prosecute Pope Benedict XVI for crimes against humanity,english.aljazeera.net,http://english.aljazeera.net/news/europe/2011/09/20119148947111778.html
2011-09-14,00:10:18,ke9pn,865,Saudi Arabia threatens split with US if Obama vetos Palestinian statehood bid,google.com,http://www.google.com/hostednews/afp/article/ALeqM5hDGkwlB2p6ypQ5iicov7nAerW3yg?docId=CNG.37f490980793ed822010b69c4858a6ab.311
2011-09-14,21:32:19,kfapr,450,"Philip Murphy, the US ambassador to Germany, has written an open letter admonishing German ‘jerks’ for racially abusing a black member of his staff in Berlin recently.",germany.usembassy.gov,http://germany.usembassy.gov/about/ambassador/speeches/2011/9/08/jerks/
2011-09-14,13:13:49,kf0fg,355,"The jobless young: Left behind --- The harm today’s youth unemployment is doing will be felt for decades, both by those affected and by society at large | The Economist",economist.com,http://www.economist.com/node/21528614
2011-09-14,23:15:35,kfdd2,208,In India: A Hindu Woman set on fire for giving birth to girl,timesofindia.indiatimes.com,http://timesofindia.indiatimes.com/city/delhi/Woman-set-on-fire-for-giving-birth-to-girl/articleshow/9982363.cms
2011-09-14,11:41:38,kexgr,169,"China Cracks Down on ""Gutter Oil,"" a Substance Even Worse Than its Name
",globalspin.blogs.time.com,http://globalspin.blogs.time.com/2011/09/13/china-cracks-down-on-gutter-oil-a-substance-even-worse-than-its-name/
2011-09-14,02:27:38,keeho,171,The good news: Court exonerates wrongly convicted man of rape and murder charges. The bad news: he was executed 14 years ago.,taipeitimes.com,http://taipeitimes.com/News/taiwan/archives/2011/09/14/2003513242
2011-09-14,13:12:05,kf0dm,99,"Israel's naval blockade of the Gaza Strip violates international law, a panel of human rights experts reporting to a U.N. body said on Tuesday, disputing a conclusion reached by a separate U.N. probe into Israel's raid on a Gaza-bound aid ship.",reuters.com,http://www.reuters.com/article/2011/09/13/us-un-gaza-rights-idUSTRE78C59R20110913
2011-09-14,02:46:50,kef7z,86,Internet troll jailed after mocking deaths of teenagers,guardian.co.uk,http://www.guardian.co.uk/uk/2011/sep/13/internet-troll-jailed-mocking-teenagers
2011-09-14,18:23:13,kf7bd,83,News Corp shareholders file new claims,abc.net.au,http://www.abc.net.au/news/2011-09-14/news-corp-shareholders-file-new-claims/2899350
2011-09-14,14:44:10,kf2zg,82,Israel to forcibly evict Bedouins from West Bank,haaretz.com,http://www.haaretz.com/print-edition/news/israel-to-forcibly-evict-bedouins-from-west-bank-1.384290
2011-09-15,00:34:43,kfft6,76,Peru declares state of emergency in Amazon,globalpost.com,http://www.globalpost.com/dispatches/globalpost-blogs/que-pasa/peru-state-emergency-amazon-coca
2011-09-14,06:26:32,ken3a,70,"
    U.N. experts say Israel's blockade of Gaza illegal
| World
| Reuters

",af.reuters.com,http://af.reuters.com/article/worldNews/idAFTRE78C58R20110913
2011-09-15,01:29:24,kfhp4,58,"Desperate Guatemalans Embrace an ‘Iron Fist’: 'That is how desperate this country has become as gangs and Mexican drug cartels run fever-wild, capturing territory and corrupting institutions so that Guatemala will remain a safe haven for cocaine, guns, money laundering and new recruits.'",nytimes.com,https://www.nytimes.com/2011/09/10/world/americas/10guatemala.html?_r=1&scp=4&sq=guatemala&st=cse
2011-09-15,07:38:21,kfuue,48,EU declares end to environmentally harmful subsidies,uk.reuters.com,http://uk.reuters.com/article/idUKL5E7KE1I320110914?irpc=932
2011-09-14,16:02:40,kf4wt,46,Record numbers of golden eagles poisoned in Scotland in 2010,guardian.co.uk,http://www.guardian.co.uk/environment/2011/sep/14/golden-eagles-poisoned-scotland-rspb
2011-09-15,03:12:47,kfle7,49,African women say rebels raped them in Libyan camp,miamiherald.com,http://www.miamiherald.com/2011/09/07/2395392/african-women-say-rebels-raped.html
2011-09-14,23:01:06,kfcxv,42,"Drug-resistant TB spreading fast in Europe
",boston.com,http://www.boston.com/news/world/europe/articles/2011/09/14/drug_resistant_tb_spreading_fast_in_europe/
2011-09-14,17:30:35,kf6hy,31,Credit rating agency Moody's has downgraded two French banks because of their exposure to Greek debt,bbc.co.uk,http://www.bbc.co.uk/news/business-14910485
2011-09-14,16:02:35,kf4wp,25,"Iran TV bans shirtless men and ""love triangles""",cbsnews.com,http://www.cbsnews.com/stories/2011/09/13/501364/main20105387.shtml
2011-09-14,13:22:59,kf0or,21,"Banned Chinese writer Liao Yiwu escapes to America, speaks for first time: ""In China, the biggest problem is brainwashing""",google.com,http://www.google.com/hostednews/afp/article/ALeqM5gR5vFE3BO2k97SqDCKVX2KBU3lPA?docId=CNG.545a44ac10a100dc54c091263b3c2ff0.1b1
2011-09-14,16:02:23,kf4wh,21,"High Unemployment, yet Highly Skilled Workers in Short Supply | The Economist",economist.com,http://www.economist.com/node/21528433
2011-09-15,06:22:07,kfs9j,18,"Netanyahu orders evacuation of Israel embassy in Jordan, fearing violent protests - Premier, FM Lieberman order diplomatic staff in Amman to return a day ahead of schedule over expected anti-Israel rallies. ",haaretz.com,http://www.haaretz.com/news/diplomacy-defense/netanyahu-orders-evacuation-of-israel-embassy-in-jordan-fearing-violent-protests-1.384512
2011-09-14,20:01:26,kf8xs,17,World’s biggest airport planned,cnngo.com,http://www.cnngo.com/shanghai/life/world%E2%80%99s-biggest-airport-planned-328259?pi=pi
2011-09-15,03:17:38,kfllc,16,Top EU officials warn that the EU itself could fall apart in the near future.,france24.com,http://www.france24.com/en/20110914-eurozone-crisis-could-rip-eu-apart-officials-0
2011-09-15,01:34:04,kfhua,15,"Israel’s Blockade of Gaza Violates International Law, 
Says UN Panel",news.antiwar.com,http://news.antiwar.com/2011/09/13/israels-blockade-of-gaza-violates-international-law-says-un-panel/
2011-09-14,21:17:34,kfaeu,11,China's Imminent Collapse --- China's Communist Party has had little domestic opposition while the economy has boomed. But a downturn could make the country a lot less governable,nationalinterest.org,http://nationalinterest.org/commentary/chinas-imminent-collapse-5880
2011-09-15,01:33:09,kfhth,11,"Migrants are better qualified than workers born in UK, says study",independent.co.uk,http://www.independent.co.uk/news/education/education-news/migrants-are-better-qualified-than-workers-born-in-uk-says-study-2354212.html
2011-09-14,23:23:40,kfdm1,15,Chinese troops enter Indian territory,feeds.hindustantimes.com,http://feeds.hindustantimes.com/~r/HT-HomePage-TopStories/~3/WMY0dDYNH8Y/Article1-745541.aspx
