2011-08-14,16:19:10,jibic,1875,"Julian Assange: ""The looters and rioters who torched Britain’s neighbourhoods are “doing Big Brother” a favour by giving the government more latitude to destroy citizens’ rights and freedoms.""",thestar.com,http://www.thestar.com/news/world/article/1038908--riots-put-u-k-rights-at-risk-says-wikileaks-assange
2011-08-14,07:26:47,ji062,904,Oil leak in North Sea confirmed by Shell,news.xinhuanet.com,http://news.xinhuanet.com/english2010/world/2011-08/14/c_131047584.htm
2011-08-14,10:07:09,ji3qo,339,"China argues that Western liberalism is a facade, an easy prescription for other countries, but quickly dropped when push comes to shove",the-diplomat.com,http://the-diplomat.com/china-power/2011/08/13/how-china-sees-english-riots
2011-08-15,02:27:37,jikhf,320,"Syrian gunboats pounded the Mediterranean coastal city of Latakia with heavy machine-gun fire Sunday, killing at least 19 people in the latest wave of the regime's crackdown on anti-government protests. ",theglobeandmail.com,http://www.theglobeandmail.com/news/world/africa-mideast/syrian-gunboats-fire-on-coastal-city-19-killed/article2128988/
2011-08-14,12:40:19,ji74m,291,The Israeli government formally acknowledged the therapeutic utility of cannabis and announced newly amended guidelines governing the state-sponsored production and distribution of medical cannabis to Israeli patients,blog.norml.org,http://blog.norml.org/2011/08/10/israeli-government-officially-recognizes-the-therapeutic-value-of-cannabis-pot-production-and-distribution-to-begin-january-2012/
2011-08-14,04:38:15,jhw3n,232,"AFP: Turkish PM to visit famine-hit Somalia, cancels all Ramadan Banquets in favor of sending donations",google.com,http://www.google.com/hostednews/afp/article/ALeqM5i9rMbaQX82sl4hhaUIgUnFeg30fQ?docId=CNG.1dbda76336400d092358c2558c36e01d.6a1
2011-08-14,23:44:25,jih1m,220,"They Never Told Us These Things --- 
Much of the uranium for the Manhattan Project came from a mine in north-west Canada. The indigenous people who worked there had no idea what use the material would be put to, or how their own health would suffer",maisonneuve.org,http://maisonneuve.org/pressroom/article/2011/aug/12/they-never-told-us-these-things/
2011-08-14,21:54:42,jifg2,217,"News from Fukushima: ""The equivalent of 29.6 times of the atomic bomb dropped on Hiroshima, or in terms of uranium about 20 atomic bombs, were released by the accident, [...]""",asahi.com,http://www.asahi.com/english/TKY201108120245.html
2011-08-14,18:14:44,jid08,202,David Cameron’s net-censorship proposal earns kudos from Chinese state media ,boingboing.net,http://boingboing.net/2011/08/13/david-camerons-net-censorship-proposal-earns-kudos-from-chinese-state-media.html
2011-08-15,01:13:48,jiit7,119,"Illegal logging: from the rainforest to your dining room - Vietnam’s booming furniture trade feeds off precious Lao jungles, where logging is legally forbidden. ",globalpost.com,http://www.globalpost.com/dispatch/news/regions/asia-pacific/vietnam/110812/illegal-logging-laos-rainforest-global-economy
2011-08-14,17:41:24,jicl6,106,"$60m is needed by Dec to Save Last Great Wilderness - Oil was found & Ecuador gave us a choice: give us money & we'll not drill.  1/6 sq-km has 47 amphibian/reptile species, 550 bird, 200 mammal, more bats & insects anywhere, more tree species than all N. America, & 2,000 fish species ",guardian.co.uk,http://www.guardian.co.uk/environment/2011/aug/14/ecuador-oil-yasuni-national-park
2011-08-15,02:01:34,jijwa,99,"Israel protests spread to 18 cities: More than 100,000 take to Israel's streets as protests show no sign of slowing down.",globalpost.com,http://www.globalpost.com/dispatches/globalpost-blogs/the-casbah/israel-protests-spread-18-cities
2011-08-14,23:53:32,jih7q,87,"My friend, walking in Damascus, was arrested for wearing white",guardian.co.uk,http://www.guardian.co.uk/commentisfree/2011/aug/11/damascus-white-disappearance
2011-08-14,21:33:37,jif7k,53,Hong Kong airline Cathay Pacific has sacked a pilot and a stewardess after photographs of them engaged in oral sex in a cockpit appeared online,globalpost.com,http://www.globalpost.com/dispatches/globalpost-blogs/weird-wide-web/cathay-pacific-cockpit-oral-sex-pilot-stewardess-airline
2011-08-14,21:29:06,jif56,52,Hundreds rally in Nepal for sexual rights,independent.co.uk,http://www.independent.co.uk/news/world/asia/hundreds-rally-in-nepal-for-sexual-rights-2337596.html
2011-08-15,02:16:40,jik9f,49,Taiwan begins to deal with its amateur spies caught by China,latimes.com,"http://www.latimes.com/news/nationworld/world/la-fg-taiwan-china-spies-20110814,0,5544134.story"
2011-08-15,06:51:37,jir6k,46,Mushrooms Join Growing List of Radioactive Threats to Japan’s Food Chain - Bloomberg,bloomberg.com,http://www.bloomberg.com/news/2011-08-14/mushrooms-join-growing-list-of-radioactive-threats-to-japan-s-food-chain.html
2011-08-14,15:17:24,jiaev,44,"Elephant and rhino poaching 'is driven by China's economic boom': The ivory trade has doubled in Guangzhou and Fuzhou. A stuffed rhino head was the subject of a bidding war between Chinese herbalists in an auction where it eventually fetched £35,000",guardian.co.uk,http://www.guardian.co.uk/world/2011/aug/14/china-boom-fuels-africa-poaching
2011-08-14,17:23:29,jicei,40,Bashar Al-Assad's warships shell their own city.,bbc.co.uk,http://www.bbc.co.uk/news/world-middle-east-14520830
2011-08-14,10:37:39,ji4ff,41,Syria: Hama hospitals 'closed after army attacks',bbc.co.uk,http://www.bbc.co.uk/news/world-middle-east-14519969
2011-08-15,01:52:54,jijps,36,England riots: Police hit out at U.S. 'supercop' plan,bbc.co.uk,http://www.bbc.co.uk/news/uk-14519187
2011-08-14,21:44:49,jifbs,29,"Canadian Food Inspection Agency is warning the public not to eat certain dip products imported from the US because of possible contamination - 2 Canadian companies warn not to eat certain veal that may be contaminated with E. coli & ready-to-eat meats sold at certain deli counters up to Aug. 10 

 ",upi.com,http://www.upi.com/Health_News/2011/08/13/Food-health-alerts-issued-in-Canada/UPI-58911313286286/
2011-08-15,00:25:04,jihsi,27,"Maliki of Iraq Backs Syria's Assad, With Nudge From Iran - NYTimes.com",nytimes.com,http://www.nytimes.com/2011/08/13/world/middleeast/13iraq.html?emc=tnt&tntemail1=y
2011-08-14,19:29:24,jids5,22,Norwegian gunman Anders Behring Breivik has been taken back to the island of Utoeya for a police reconstruction of the killing of his 69 victims there.,bbc.co.uk,http://www.bbc.co.uk/news/world-europe-14521521
2011-08-14,22:08:13,jifm6,22,How Merkel Decided to End Nuclear Power,nytimes.com,http://www.nytimes.com/2011/08/13/world/europe/13iht-germany.html?_r=1
2011-08-14,15:20:01,jiafz,19,"Nigeria oil spills have created ecological disaster, report says: After half a century of oil spills, Nigeria's troubled Niger Delta is one of the most polluted places on Earth, and it could take $1 billion and 30 years to clean up the mess, a U.N. report says.",latimes.com,"http://www.latimes.com/news/nationworld/world/la-fg-nigeria-oil-20110805,0,5418875.story"
2011-08-15,07:29:53,jis56,18,"BP 'cannot find skilled workers': A shortage of engineering skills in the UK could hamper growth at BP's North Sea operations, an executive has said.",bbc.co.uk,http://www.bbc.co.uk/news/business-14521890
2011-08-14,16:15:59,jibgb,17,Syria and the region:  Unfriended - Arab leaders are at last starting to desert the Syrian regime,economist.com,http://www.economist.com/node/21525917
2011-08-14,20:09:50,jie7e,16,South Korea's Haeundae Beach is not for sun worshipers,latimes.com,"http://www.latimes.com/news/nationworld/world/la-fg-south-korea-beach-20110814,0,3631012.story"
2011-08-15,00:13:42,jihkt,17,Iran's Ahmadinejad: Nuclear weapons a waste of money,rawstory.com,http://www.rawstory.com/rs/2011/08/14/ahmadinejad-nuclear-weapons-a-waste-of-money/
