2011-03-30,01:40:42,ge15r,1545,"Earliest Christian writings in existence discovered in Jordanian cave - 70 new books almost 2,000 years old",bbc.co.uk,http://www.bbc.co.uk/news/world-middle-east-12888421
2011-03-30,08:28:17,geaoh,676,"Facebook has removed a page calling for a new Palestinian uprising against Israel after more than 350,000 people signed up to it.",bbc.co.uk,http://www.bbc.co.uk/news/world-middle-east-12902273
2011-03-30,11:47:06,geeyy,656,"UN Chief: Israel occupation 'morally and politically unsustainable, must end'",haaretz.com,http://www.haaretz.com/news/international/un-chief-israel-occupation-morally-and-politically-unsustainable-must-end-1.352758
2011-03-30,21:43:22,geo8x,574,Spain's unemployed: one in five under 30 still looking for that first job,guardian.co.uk,http://www.guardian.co.uk/world/2011/mar/30/spain-unemployed-under-30-emigration
2011-03-30,12:37:07,geg1y,458,"German Green party politician Malte Spitz used privacy law to force his cell phone carrier to reveal what it knew about him. The result? 35,831 different instances when his mobile phone transferred information over a 6-month period",zeit.de,http://www.zeit.de/digital/datenschutz/2011-03/data-protection-malte-spitz
2011-03-30,01:54:41,ge1j8,384,"""The radioactive core in a reactor at the crippled Fukushima nuclear power plant appears to have melted through the bottom of its containment vessel and on to a concrete floor""",guardian.co.uk,http://www.guardian.co.uk/world/2011/mar/29/japan-lost-race-save-nuclear-reactor
2011-03-30,03:26:57,ge3su,381,Facebook drops Palestinian uprising page after Israel protest.,news.yahoo.com,http://news.yahoo.com/s/ap/20110329/ap_on_re_mi_ea/ml_israel_facebook
2011-03-30,08:56:06,gebae,184,"Bolivian President Evo Morales is on a mission to legalize coca leaves, which has legitimate uses aside from being turned into cocaine",globalpost.com,http://www.globalpost.com/dispatch/news/regions/americas/110309/coca-leaf-peru
2011-03-30,21:20:21,genwe,127,Wilders 'anti-Islam' trial to go ahead: Court rules case will continue against Dutch politician Geert Wilders on charges of inciting hatred against Muslims.,english.aljazeera.net,http://english.aljazeera.net/news/europe/2011/03/201133010314760958.html
2011-03-30,12:04:26,gefcp,101,"Prominent Bahraini blogger Mahmood Al-Yousif arrested. His latest tweet simply says ""Police here for me""",globalvoicesonline.org,http://globalvoicesonline.org/2011/03/30/bahrain-prominent-blogger-mahmood-al-yousif-arrested/
2011-03-31,06:19:29,gf0ar,77,The Libyan Foreign Minister has Defected,english.aljazeera.net,http://english.aljazeera.net/news/africa/2011/03/201133021244937691.html
2011-03-30,08:17:06,geafl,61,"Pakistan's secret dirty war. Mutilated corpses bearing the signs of torture keep turning up, among them lawyers, students and farm workers",guardian.co.uk,http://www.guardian.co.uk/world/2011/mar/29/balochistan-pakistans-secret-dirty-war
2011-03-30,21:19:32,genvv,61,"Tokyo Electric Power Co.'s own engineers had warned in 2007 that the Fukushima nuclear plant faced a 10 percent chance of being ""test[ed] or overrun"" by a tsunami in the next 50 years.",theatlanticwire.com,http://www.theatlanticwire.com/global/2011/03/report-japanese-officials-knew-fukushima-danger/36191/
2011-03-30,08:10:57,geaay,55,Israel considering annexing West Bank settlements,news.yahoo.com,http://news.yahoo.com/s/ap/20110329/ap_on_re_mi_ea/ml_israel_palestinians;_ylt=Al9KxNXCNzH8DYJPAwuqt.wLewgF;_ylu=X3oDMTJzMWV1bjhoBGFzc2V0A2FwLzIwMTEwMzI5L21sX2lzcmFlbF9wYWxlc3RpbmlhbnMEcG9zAzQEc2VjA3luX3BhZ2luYXRlX3N1bW1hcnlfbGlzdARzbGsDaXNyYWVsY29uc2lk
2011-03-31,04:30:22,gexak,52,98-Year-Old War Vet tries to take out 2 police officers with an axe and knife. He's now the oldest person to ever be held in custody by Scottish police.,bbc.co.uk,http://www.bbc.co.uk/news/uk-scotland-tayside-central-12910636
2011-03-30,13:20:20,gegx9,49,"How China and Others Are Altering Web Traffic: ""Invisible"" servers let governments quietly intercept and modify their citizens' online communications",technologyreview.com,http://www.technologyreview.com/web/37074/?p1=MstRcnt&a=f
2011-03-30,10:37:29,gedek,45,Police suspend effort to remove corpse near troubled nuclear plant due to radiation levels of the body,mdn.mainichi.jp,http://mdn.mainichi.jp/mdnnews/news/20110329p2a00m0na017000c.html
2011-03-30,22:23:41,geovm,46,Bahrain’s protest movement fades beneath government suppression,globalpost.com,http://www.globalpost.com/dispatch/news/regions/middle-east/110329/bahrain-protests-unrest-crackdown
2011-03-30,21:03:06,genna,35,Syrian president addresses the nation.,english.aljazeera.net,http://english.aljazeera.net/news/middleeast/2011/03/20113308737507793.html
2011-03-30,16:31:31,gekd9,33,Japan to decommission four nuclear power plants,bbc.co.uk,http://www.bbc.co.uk/news/world-asia-pacific-12903725
2011-03-30,22:20:49,geotr,36,Complicated: Israel kidnaps a guy to get information about kidnapped guy,haaretz.com,http://www.haaretz.com/news/diplomacy-defense/gaza-official-reportedly-abducted-by-israel-may-have-gilad-shalit-intel-1.352884
2011-03-31,04:23:03,gex30,32,"Berlusconi: ""Migrants must leave Italy""",globalpost.com,http://www.globalpost.com/dispatch/news/regions/europe/italy/110330/berlusconi-lampedusa-italy-libya-tunisia-africa-video
2011-03-30,12:15:04,gefks,37,Japan sea radioactivity 'rises',bbc.co.uk,http://www.bbc.co.uk/news/world-asia-pacific-12903072
2011-03-30,21:04:49,geno6,25,While fighting against massive maiming and rape the Libyan Rebels form their own Central Bank ,cnbc.com,http://www.cnbc.com/id/42308613
2011-03-31,04:20:23,gex18,26,Ouattara forces enter Cote d'Ivoire's capital: Forces loyal to internationally recognised winner of presidential election are parading through streets of the capital.,english.aljazeera.net,http://english.aljazeera.net/news/africa/2011/03/201133010262614616.html
2011-03-30,10:04:15,gecqf,29,The Long Arm of Mossad: A Palestinian engineer vanishes from a train carriage in Ukraine -- and reappears later in an Israeli jail. He's being held without charge. Suspicion is mounting that the man is a Hamas insider with vital information.,spiegel.de,"http://www.spiegel.de/international/world/0,1518,753872,00.html"
2011-03-30,11:22:14,geef5,25,Australian Prime Minister Hacked,wired.com,http://www.wired.com/threatlevel/2011/03/australian-pm-hacked/
2011-03-31,01:15:54,ges7a,23,"Within an hour of Syria president addressing nation, clashes break out in Latakia; troops open fire on protesters",content.usatoday.com,http://content.usatoday.com/communities/ondeadline/post/2011/03/syrian-president-speaks-to-country-amid-widespread-protests/1
2011-03-31,04:23:05,gex34,21,Syria's Assad warns of 'conspiracy':  Syrian president fails to lift emergency laws in his first speech since security forces curbed anti-government protests.,english.aljazeera.net,http://english.aljazeera.net/news/middleeast/2011/03/2011330135615434966.html
2011-03-31,00:25:40,ger6b,19,Military junta transfers powers to Civilian Government in Myanmar. ,google.com,http://www.google.com/hostednews/afp/article/ALeqM5gGnh22uWJZiLHXYGePpIT-I2qL8w?docId=CNG.35c2caa5efa0e183b7b38a2d0e2b7f40.421
