2011-01-12,04:42:09,f0frp,1176,"West African farmers have succeeded in cutting the use of toxic pesticides, increasing yields and incomes and diversifying farming systems as a result of an international project promoting sustainable farming practices.",fao.org,http://www.fao.org/news/story/en/item/48883/icode/
2011-01-13,00:01:32,f0xxo,372,"Sweden 'buying US time' in Assange case - ""We are hearing that the Swedish are prepared to drop the rape charges against Julian as soon as the Americans demand his extradition,"" he said, citing sources in Washington and Stockholm.",abc.net.au,http://www.abc.net.au/news/stories/2011/01/13/3111714.htm
2011-01-12,15:29:03,f0rmf,191,"Mexico’s Drug War Eliminates a Police Force in Chihuahua: Bit by Bit, a Mexican Police Force Is Eradicated",nytimes.com,http://www.nytimes.com/2011/01/12/world/americas/12mexico.html
2011-01-12,19:02:31,f0tyf,188,"'I'm French, f--- you!': smoker on flight charged with assault ",theage.com.au,http://www.theage.com.au/travel/travel-news/im-french-f-you-smoker-on-flight-charged-with-assault-20110112-19n6s.html
2011-01-12,20:25:17,f0utf,141,UK Teacher fired for sledding with students,theclaimsconnection.co.uk,http://www.theclaimsconnection.co.uk/blog/teacher-sacked-for-sledging.html
2011-01-12,03:49:56,f0eol,124,"British court eases bail conditions for Wikileaks founder - Assange, who was granted bail for $315,000 on December 14, is now allowed to reside in London and no longer has to report to police every day.",en.rian.ru,http://en.rian.ru/world/20110111/162101857.html
2011-01-12,10:10:08,f0m5i,97,"A group of 47 frontline al-Qaeda commanders, including a son-in-law of Osama bin Laden, have been identified in an Interpol alert on behalf of Saudi Arabia, in an unprecedented disclosure of Saudi citizens in key terrorist roles.",telegraph.co.uk,http://www.telegraph.co.uk/news/worldnews/middleeast/saudiarabia/8252834/47-frontline-al-Qaeda-commanders-identified-by-Saudi-Arabia.html
2011-01-13,01:08:47,f0zdg,52,"Brazil’s Drug Czar: Let’s Look at Portugal’s Experience with Decriminalization - Pedro Abramovay, the drug czar of the new Brazilian administration, said that Portugal’s experience with drug decriminalization should be considered as an alternative to Brazil’s current anti-narcotics policy.",cato-at-liberty.org,http://www.cato-at-liberty.org/brazil%e2%80%99s-drug-czar-let%e2%80%99s-look-at-portugal%e2%80%99s-experience-with-decriminalization/
2011-01-12,20:30:20,f0uvc,54,"""Senior political source"" claims Hezbollah and allies to resign their ministers and cause the collapse of Lebanon's government. ""The resignation statement has been written and will be announced at 4.30 p.m.""",reuters.com,http://www.reuters.com/article/idUSTRE70B26A20110112?feedType=RSS&feedName=topNews&utm_source=feedburner&utm_medium=feed&utm_campaign=Feed:+reuters/topNews+(News+/+US+/+Top+News)
2011-01-12,22:40:21,f0wjo,51,"China's Eco-Disaster - 

Terrifying review of Jonathan Watts's book, ""When A Billion Chinese Jump"". China could save world by shifting towards renewable energy. But that's not going to happen. Government sees green activists, not polluters, as the threat",slate.com,http://www.slate.com/id/2280338/pagenum/all/#p2
2011-01-12,17:11:59,f0svp,46,Life in jail is the sentence for two Pakistani Muslim blasphemers (for tearing down and trampling a poster of a gathering to mark the birthday of the Prophet Muhammad - usually this is a death sentence),bbc.co.uk,http://www.bbc.co.uk/news/world-south-asia-12169123
2011-01-13,01:17:01,f0ziy,37,"Haiti, one year later [pics]",boston.com,http://www.boston.com/bigpicture/2011/01/haiti_one_year_later.html
2011-01-12,17:07:52,f0sue,34,"Assange fears death penalty, but vows more leaks ",swedishwire.com,http://www.swedishwire.com/component/content/article/34-global-news/8034-assange-fears-death-penalty-but-vows-more-leaks
2011-01-12,21:43:20,f0vnn,30,"UN's Ban Ki-moon ""deplores"" Israel demolition of hotel",trust.org,http://www.trust.org/alertnet/news/update-1-uns-ban-deplores-israel-demolition-of-hotel/
2011-01-12,21:28:44,f0vh5,34,Teenager swept away after saving his brother from Toowoomba floods,heraldsun.com.au,http://www.heraldsun.com.au/news/special-reports/teenager-swept-away-after-saving-his-brother-from-toowoomba-floods/story-fn7kabp3-1225986169850
2011-01-13,06:44:42,f16ep,27,More than 220 people die in Rio de Janeiro state as flooding and mudslides hit south-eastern Brazil. ,bbc.co.uk,http://www.bbc.co.uk/news/world-latin-america-12171710
2011-01-13,01:17:03,f0zj0,30,Assange: Wikileaks has 'insurance' files on Murdoch - Press Gazette,pressgazette.co.uk,http://www.pressgazette.co.uk/story.asp?sectioncode=1&storycode=46535&c=1
2011-01-12,11:10:45,f0n87,25,[PBS] FRONTLINE - The Battle For Haiti -    An in depth documentary about Haiti 1 year after the earthquake ,pbs.org,http://www.pbs.org/wgbh/pages/frontline/battle-for-haiti/
2011-01-13,02:43:01,f11d3,22,"Hindu holy man reveals truth of terror attacks blamed on Muslims - Asia, World - The Independent",independent.co.uk,http://www.independent.co.uk/news/world/asia/hindu-holy-man-reveals-truth-of-terror-attacks-blamed-on-muslims-2182178.html
2011-01-12,16:07:52,f0s4h,22,Contractor Hid in Iraq for Seven Years Over US Rape Charge,motherjones.com,http://motherjones.com/mojo/2011/01/contractor-hid-iraq-seven-years-over-us-rape-charge
2011-01-13,01:47:02,f105u,17,Jordan Financial Minister states that Israel's refusal of the Palestinian two-state solution exposes Israel as an 'apartheid' state,haaretz.com,http://www.haaretz.com/news/diplomacy-defense/jordan-fm-refusal-of-two-state-vision-exposes-israel-as-apartheid-state-1.336650
2011-01-13,02:36:07,f1179,17,"Tony Blair to appear before Iraq war inquiry on 21 January - Former prime minister summoned to second appearance before Chilcot inquiry to answer questions about legal advice ahead of 2003 invasion.
",guardian.co.uk,http://www.guardian.co.uk/uk/2011/jan/12/tony-blair-chilcot-iraq-inquiry
2011-01-13,01:43:24,f1039,16,South Sudan vote 'passes threshold'. 60 per cent benchmark needed to validate secession referendum has been met by fourth day of voting.,english.aljazeera.net,http://english.aljazeera.net/news/africa/2011/01/201111295248314494.html
2011-01-12,12:06:51,f0o7b,14,"As if making the oldest known leather shoe wasn't enough, a prehistoric people in what's now Armenia also built the world's oldest known winery, a new study says.",news.nationalgeographic.com,http://news.nationalgeographic.com/news/2011/01/110111-oldest-wine-press-making-winery-armenia-science-ucla/
2011-01-12,18:22:25,f0tkc,14,MySpace confirms it is to cut 500 jobs ,guardian.co.uk,http://www.guardian.co.uk/technology/2011/jan/11/myspace-job-cuts
2011-01-12,13:17:02,f0phy,14,"Violence Over Surging Food Prices In Algeria Spreads 
As Rioting Leaves Many Dead In Neighboring Tunisia",zerohedge.com,http://www.zerohedge.com/article/violence-over-surging-food-prices-algeria-spreads-rioting-leaves-many-dead-neighboring-tunis
2011-01-12,14:06:58,f0qcj,11,"Egypt threatens to take back New York obelisk
",republicanifi.com,http://republicanifi.com/news/Egypt-threatens-to-take-back-New-York-obelisk-1511759.html
2011-01-13,06:08:28,f15o8,11,"Gaza factions agree to stop rocket attacks on Israel 
- but reserve the right to start again if Israel invades",jpost.com,http://www.jpost.com/MiddleEast/Article.aspx?id=203310&R=R3
2011-01-12,16:40:04,f0sia,10,Electric vehicles could usher in the new generation of conflict minerals,greencarreports.com,http://www.greencarreports.com/blog/1053548_ford-era-of-evs-calls-for-coser-eye-on-conflict-minerals
2011-01-12,16:12:27,f0s6d,11,International Homicide Statistics,unodc.org,http://www.unodc.org/unodc/en/data-and-analysis/ihs.html
