2011-12-08,09:32:31,n456v,2109,A Russian Awakening? - Russia's once apolitical youth has taken to the streets of Moscow and launched the largest demonstrations since the collapse of the Soviet Union ,theatlantic.com,http://www.theatlantic.com/international/archive/2011/12/a-russian-awakening/249644/
2011-12-08,23:51:00,n4xe2,1237,Japan will spend $29 million of its Tsunami disaster budget to hunt whales.,hosted.ap.org,http://hosted.ap.org/dynamic/stories/A/AS_JAPAN_WHALING?SITE=ORROS&SECTION=HOME&TEMPLATE=DEFAULT
2011-12-08,17:49:26,n4ocr,635,Putin accuses US of being behind Russian protests.,bbc.co.uk,http://www.bbc.co.uk/news/world-europe-16084743
2011-12-08,11:26:28,n4b0y,400,"Bell Pottinger caught rewriting Wikipedia entries - 
The extent of lobbying company's internet manipulation to alter its clients' reputations revealed",independent.co.uk,http://www.independent.co.uk/news/uk/politics/the-dark-arts-bell-pottinger-caught-rewriting-its-clients-wikipedia-entries-6273836.html
2011-12-08,20:53:14,n4rv5,305,Inside Romania's secret CIA prison ,independent.co.uk,http://www.independent.co.uk/news/world/europe/inside-romanias-secret-cia-prison-6273973.html
2011-12-08,08:44:34,n42wh,279,Bill Gates developing nuclear reactor with China,news.yahoo.com,http://news.yahoo.com/bill-gates-developing-nuclear-reactor-china-104529282.html
2011-12-09,03:12:33,n567c,207,"Scottish Judge decrees the ancient right to catch salmon with a fly more important than the riverside garden decking owned by a lawyer, who told the fly fishermen to switch to shorter rods & different lures if his greenery was interfering with their fly fishing",telegraph.co.uk,http://www.telegraph.co.uk/gardening/8943310/Lawyer-Branislav-Sudjic-loses-legal-battle-against-fishermen-in-decking-row.html
2011-12-08,22:46:21,n4uza,188,Vladimir Putin accuses Hillary Clinton of encouraging Russian protests,guardian.co.uk,http://www.guardian.co.uk/world/2011/dec/08/vladimir-putin-hillary-clinton-russia?newsfeed=true
2011-12-09,02:45:49,n54x7,113,"Militants armed with rocket-propelled grenades and automatic weapons attack and destroy at least 22 oil tankers parked in Pakistan, carrying fuel for NATO troops in Afghanistan.",edition.cnn.com,http://edition.cnn.com/2011/12/08/world/asia/pakistan-nato-tankers-attacked/index.html?hpt=hp_t3
2011-12-08,19:51:41,n4qp6,116,"Fukushima Daiichi operator considers plans to dump treated water into sea. Tepco says it is running out of space to store water and may dump it, prompting protests from fishing groups.",guardian.co.uk,http://www.guardian.co.uk/world/2011/dec/08/fukushima-operator-treated-water-sea
2011-12-08,08:56:31,n43km,97,"Assad says only ""crazy"" leaders kill own people",af.reuters.com,http://af.reuters.com/article/commoditiesNews/idAFL5E7N74PR20111207
2011-12-08,17:47:54,n4obf,97,"Medvedev's Twitter obscenity shocked ... ""It has become clear that if a person writes the expression 'party of swindlers and thieves' in their blog then they are a stupid sheep getting f****d in the mouth :)""",reuters.com,http://www.reuters.com/article/2011/12/07/us-russia-medvedev-twitter-mishap-idUSTRE7B61LY20111207
2011-12-08,11:01:59,n49r2,73,Palestinian mosque in the West Bank torched.  Police suspect the attack is the work of radical Israeli settlers.,edition.cnn.com,http://edition.cnn.com/2011/12/07/world/meast/west-bank-mosque-burned/index.html
2011-12-08,21:31:02,n4sq1,67,Package sent to Deutsche Bank CEO was bomb,mobile.reuters.com,http://mobile.reuters.com/article/idUSTRE7B629J20111208?irpc=932#bXpulseX
2011-12-08,11:04:53,n49vv,65,"Poland to Germany:  ""You have become Europe's indispensable nation. You may not fail to lead: not dominate, but to lead in reform.""",sfgate.com,http://www.sfgate.com/cgi-bin/article.cgi?f=/g/a/2011/12/07/bloomberg_articlesLVUA5M6KLVRB.DTL
2011-12-09,04:29:12,n59nt,64,"Leaked Strauss-Kahn Hotel Footage Creates its Own Mystery - 
A compilation of Sofitel Hotel surveillance videos shows him checking out May 14 as well as his accuser, Nafissatou Diallo, apparently reporting his alleged sexual assault to hotel managers",theatlanticwire.com,http://www.theatlanticwire.com/global/2011/12/leaked-strauss-kahn-hotel-footage-creates-its-own-mystery/45945/
2011-12-08,22:13:43,n4txw,59,"Copyright Trolls Auction Off €90 Million in File-Sharing Settlements, a German law firm has started an auction to sell the unpaid settlements of 70,000 alleged file-sharers to the highest bidder.
",torrentfreak.com,http://torrentfreak.com/copyright-trolls-auction-off-e90-million-in-file-sharing-settlements-111208/?utm_source=feedburner&utm_medium=feed&utm_campaign=Feed%3A+Torrentfreak+%28Torrentfreak%29
2011-12-08,18:05:36,n4on4,62,Donations to charities in China plunge after scandals ... Charitable donations in China have plunged more than 80 percent because of public mistrust,reuters.com,http://www.reuters.com/article/2011/12/08/us-china-donations-idUSTRE7B70F820111208
2011-12-08,23:20:25,n4w7j,59,49 penguins freed after rescue from New Zealand oil spill,photoblog.msnbc.msn.com,http://photoblog.msnbc.msn.com/_news/2011/12/07/9285135-49-penguins-freed-after-rescue-from-new-zealand-oil-spill
2011-12-08,21:37:36,n4swn,49,"Twilight In Damascus --- 


Syrian notebook. The regime has much more violence in reserve. Things will get worse before they get better. But the revolt has endured, it's everywhere, it's not going to crumble. Assad is doomed. Everyone knows it",nybooks.com,http://www.nybooks.com/blogs/nyrblog/2011/dec/07/twilight-damascus/
2011-12-08,18:07:21,n4onv,44,Egypt's Islamists claim most seats in run-offs ... Muslim Brotherhood won a majority of run-off contests,reuters.com,http://www.reuters.com/article/2011/12/08/us-egypt-idUSL5E7N63C620111208
2011-12-08,21:38:20,n4sx7,41,Syria says pipeline blown up by rebel saboteurs:  A Syrian pipeline carrying oil from the east of the country to a vital refinery in Homs was blown up Thursday in what the official news agency SANA said was an act of sabotage by an armed terrorist group.,reuters.com,http://www.reuters.com/article/2011/12/08/us-syria-idUSTRE7B51KB20111208
2011-12-08,09:00:35,n43q3,36,"Mexico earns a rare victory against crime, thwarts Qaddafi son's plans ",csmonitor.com,http://www.csmonitor.com/World/Americas/Latin-America-Monitor/2011/1207/Mexico-earns-a-rare-victory-against-crime-thwarts-Qaddafi-son-s-plans
2011-12-08,08:30:10,n424b,36,"Egypt's military will have final say on country's new constitution: Scaf generals say they will have final approval over new political system, whatever the outcome of the election
",guardian.co.uk,http://www.guardian.co.uk/world/2011/dec/07/egypt-military-final-say-constitution
2011-12-09,02:47:30,n5507,30,Wind turbine bursts into flames in Scotland!,news.stv.tv,http://news.stv.tv/scotland/west-central/286170-wind-turbine-bursts-into-flames-as-hurricane-force-winds-hit-scotland/
2011-12-09,04:37:00,n5a0f,33,Over 20 NATO tankers torched in Pakistan in 1st attack since Islamabad closed the border to protest coalition airstrikes that killed 24 Pakistani troops last month,fuelfix.com,http://fuelfix.com/blog/2011/12/08/nato-fuel-tankers-set-ablaze-in-pakistan/
2011-12-09,04:18:48,n5965,30,How Mexico's drug cartels profit from flow of guns across the border,guardian.co.uk,http://www.guardian.co.uk/world/2011/dec/08/us-guns-mexico-drug-cartels
2011-12-08,10:28:42,n487r,23,The British government has announced a plan to build infrastructure with the private sector financing the bulk of it,economist.com,http://www.economist.com/node/21541022?fsrc=scn/tw/te/ar/forwhomthetollsells
2011-12-08,18:44:04,n4peo,21,Nigeria pushing ahead with 'anti-gay' bill that would make same-sex marriages punishable by up to 14 years for the couple,mg.co.za,http://mg.co.za/article/2011-12-08-nigerias-antigay-bill-forced-through-despite-opposition
2011-12-08,20:50:22,n4rst,18,Putin Accuses Clinton of Instigating Russia Protests,nytimes.com,http://www.nytimes.com/2011/12/09/world/europe/putin-accuses-clinton-of-instigating-russian-protests.html
