2011-09-10,02:22:12,ka8ae,1534,"EU Officially Seizes The Public Domain, Retroactively Extends Copyright 20 years",techdirt.com,http://www.techdirt.com/articles/20110908/15491315851/eu-officially-seizes-public-domain-retroactively-extends-copyright.shtml
2011-09-10,00:14:30,ka3kc,894,An 85-year-old World War II veteran who was jailed for six months in July for recording court proceedings with a trick pen has been freed by the Court of Appeal,bbc.co.uk,http://www.bbc.co.uk/go/rss/int/news/-/news/uk-england-leeds-14854070
2011-09-10,20:19:39,kb1vv,719,"France, Germany, Italy, Poland and Spain want to develop plan European Union military HQ",upi.com,http://upi.com/m/story/UPI-90081315581565/
2011-09-10,11:12:17,kaqfb,574,"Pakistan flooding disaster reaches epic proportions- 2 million homeless -- Arguably the biggest global story that is getting the least attention here in the west are the monsoon induced floods in Pakistan, India and Bangladesh. Pakistan is by far the hardest hit",theextinctionprotocol.wordpress.com,http://theextinctionprotocol.wordpress.com/2011/09/09/pakistan-flooding-disaster-reaches-epic-proportions-2-million-homeless/
2011-09-10,22:27:29,kb3uz,235,Ship carrying at least 600 sinks off Tanzanian coast; at least 45 dead and hundreds missing - 680News,680news.com,http://www.680news.com/news/world/article/275684--ship-carrying-at-least-600-sinks-off-tanzanian-coast-at-least-45-dead-and-hundreds-missing
2011-09-10,07:28:57,kajj6,210,"Protesters in Egypt breach wall, enter Israeli Embassy",cnn.com,http://www.cnn.com/2011/WORLD/meast/09/09/egypt.protests/
2011-09-10,13:48:27,kausw,203,A Follow Up On China's Most Famous Empty City,blogs.aljazeera.net,http://blogs.aljazeera.net/asia/2011/09/09/ordos-boom-town-ghost-town
2011-09-10,09:45:48,kanxx,145,"UN Secretary General: Palestinian statehood is 'long overdue' -  Ban Ki-moon says supports two-state solution for Middle East peace, adding that it was up to UN members whether or not to recognize an independent Palestinian state.",haaretz.com,http://www.haaretz.com/news/diplomacy-defense/un-secretary-general-palestinian-statehood-is-long-overdue-1.383504
2011-09-11,03:21:35,kbb52,121,"Oil discovery in Cuba gets notice:  The US is watching closely as Cuba prepares to exploit deep-water reserves.
",globalpost.com,http://www.globalpost.com/dispatch/news/regions/americas/cuba/110909/oil-discovery-cuba-united-states
2011-09-11,00:21:47,kb687,116,"Cops under investigation for shooting civilians should be vague about how many times they fired their guns, a Canadian police lawyer recommends",thestar.com,http://www.thestar.com/news/crime/article/1050674--be-vague-about-how-many-times-you-shoot-officers-in-siu-probes-told
2011-09-10,10:07:42,kaomg,97," Egyptians attack Israel embassy, ambassador said to flee


",reuters.com,http://www.reuters.com/article/2011/09/10/us-egypt-protest-idUSTRE7885PH20110910
2011-09-10,17:06:35,kaz0t,85,Al Jazeera - Israel Pulls Envoy After Egypt Embassy Attack,english.aljazeera.net,http://english.aljazeera.net/news/africa/2011/09/201191064219436657.html
2011-09-11,07:54:32,kbj7t,69,Israel facing 'diplomatic tsunami' with Arab neighbors,miamiherald.com,http://www.miamiherald.com/2011/09/10/2400299/israel-facing-diplomatic-tsunami.html
2011-09-10,01:10:26,ka5kj,60,North Korea's children starve as Kims lead anniversary rally,channel4.com,http://www.channel4.com/news/north-koreas-children-starve-as-kims-lead-anniversary-rally
2011-09-10,21:46:22,kb36n,55,"Three dead, 1,049 injured in Israeli embassy protests in Cairo",news.xinhuanet.com,http://news.xinhuanet.com/english2010/world/2011-09/10/c_131131869.htm
2011-09-10,23:01:24,kb4im,50,UK poppy-growing program kept hush-hush,rt.com,http://rt.com/news/uk-afghanistan-poppies-shortage-243/
2011-09-10,17:00:41,kaywt,54,'Hundreds missing' in Zanzibar ferry disaster,bbc.co.uk,http://www.bbc.co.uk/news/world-africa-14864400
2011-09-10,22:29:52,kb3wn,49,Palestinians forge ahead with UN statehood push. Are they ready?,csmonitor.com,http://www.csmonitor.com/World/Middle-East/2011/0909/Palestinians-forge-ahead-with-UN-statehood-push.-Are-they-ready?cmpid=addthis_reddit#.TmtmPicKp_k.reddit
2011-09-10,22:29:20,kb3w7,31,BBC News - Libya: Concerns over missing weapons,bbc.co.uk,http://www.bbc.co.uk/news/world-africa-14863180
2011-09-11,05:53:27,kbfna,23,"In Tripoli, forgiveness reigns for now: Libya's National Transition Council in Tripoli is stressing reconciliation instead of revenge. But not all Libyans are convinced the goodwill will last.",csmonitor.com,http://www.csmonitor.com/World/Middle-East/2011/0910/In-Tripoli-forgiveness-reigns-for-now
2011-09-10,13:55:33,kauzn,22,"Former Pakistani President Gen Pervez Musharraf has said he is determined to return to Pakistan by March 2012, even if he is arrested. ",bbc.co.uk,http://www.bbc.co.uk/news/world-south-asia-14857454
2011-09-11,00:37:46,kb6mz,21,"The huge Upper Atmosphere Research Satellite (UARS) is expected to re-enter Earth's atmosphere in an uncontrolled fall in late September or early October. Much of the spacecraft is expected to burn up during re-entry, but some pieces are expected to make it intact to the ground ",space.com,http://www.space.com/12859-nasa-satellite-falling-space-debris-uars.html
2011-09-11,00:08:26,kb5x7,21,Sixth Egyptian soldier shot by Israel dies in hospital as a result of his injuries,english.ahram.org.eg,http://english.ahram.org.eg/NewsContent/1/64/20843/Egypt/Politics-/Sixth-Egyptian-soldier-shot-by-Israel-dies-in-hosp.aspx
2011-09-10,16:42:30,kaylz,14,BBC journalist 'mistakenly' shot dead by NATO troops in Afghanistan,guardian.co.uk,http://www.guardian.co.uk/media/2011/sep/08/bbc-journalist-killed-nato-afghanistan
2011-09-11,01:30:41,kb817,13,"South Africa: ANC Youth League president Julius Malema declares an ""economic war"" against the ""white minority""",timeslive.co.za,http://www.timeslive.co.za/local/2011/09/10/juju-declares-economic-war
2011-09-11,00:15:23,kb62r,13,Israel asks U.S. to help protect embassy in Cairo after protesters attack building,washingtonpost.com,http://www.washingtonpost.com/world/middle-east/thousands-gather-in-egypts-tahrir-square-to-demand-civilian-rule/2011/09/09/gIQAWD2nEK_story.html
2011-09-11,06:27:47,kbgm8,11,"Vancouver Looks to New Zealand to Prepare for Quakes - 
The Canadian city avoided damage in a strong quake, but wants to be ready for worse",theatlanticwire.com,http://www.theatlanticwire.com/global/2011/09/vancouver-looks-new-zealand-prepare-quakes/42324/
2011-09-10,18:34:27,kb0f3,12,"Palestinians hold non-violent protests in four West 
Bank villages",imemc.org,http://www.imemc.org/article/61993
2011-09-10,17:30:26,kazfs,10,BBC News - Egypt on alert after Israel embassy stormed in Cairo,bbc.co.uk,http://www.bbc.co.uk/news/14864411
2011-09-10,23:49:24,kb5hl,10,Iran arrests 100s for protesting the destruction of a lake,hrw.org,http://www.hrw.org/news/2011/09/10/iran-allow-peaceful-protests-over-lake-s-destruction
