2011-03-07,09:03:15,fyosk,963,"Pink Floyd band member Roger Waters joins a campaign of Boycott, Divestment, and Sanctions (BDS) against Israel.",alternativenews.org,http://www.alternativenews.org/english/index.php/topics/economy-of-the-occupation/3374-roger-waters-my-journey-to-bds
2011-03-08,07:43:56,fzd9t,537,"WikiLeaks Blows The Lid Off The Sex Parties And Drug Usage Among The Saudi Royals - ""The full range of worldly temptations and vices are available -- alcohol, drugs, sex -- but strictly behind closed doors...""
",businessinsider.com,http://www.businessinsider.com/wikileaks-blows-the-lid-off-the-sex-parties-and-drug-usage-among-the-saudi-royals-2011-3
2011-03-07,14:59:46,fyv60,477,Leaked classified memo: Obama asking Saudi king Abdullah to arm Libyan rebels,independent.co.uk,http://www.independent.co.uk/news/world/middle-east/americas-secret-plan-to-arm-libyas-rebels-2234227.html?from_rss=1
2011-03-07,18:07:17,fyxm4,315,Report: Gaddafi agrees to leave power if his safety is guaranteed,ynetnews.com,"http://www.ynetnews.com/articles/0,7340,L-4038635,00.html"
2011-03-07,21:24:58,fyzyf,198,"Losing the information war - ""The war, she says, is being won by networks that offer ""real news"". She praised Al Jazeera and said that it is changing peoples' minds and attitudes"" -Hillary Clinton",english.aljazeera.net,http://english.aljazeera.net/programmes/insidestory/2011/03/20113675732489765.html
2011-03-07,09:53:44,fypnm,150,21 Airlines Fined For Fixing Fees,npr.org,http://www.npr.org/134309983
2011-03-07,01:35:02,fyh03,144,UK SAS team that were being held by rebels in Libya have been freed.,bbc.co.uk,http://www.bbc.co.uk/news/uk-12660163
2011-03-08,02:28:12,fz66p,130,"Israel grouped with Iran, North Korea as world's least popular countries",haaretz.com,http://www.haaretz.com/news/diplomacy-defense/israel-grouped-with-iran-north-korea-as-world-s-least-popular-countries-1.347636
2011-03-07,14:31:48,fyupx,80,Facebook group calls on members to promote peaceful protest by writing 'Free Palestine' on all forms of Israeli currency. Founders hope Netanyahu 'gets the message',ynetnews.com,"http://www.ynetnews.com/articles/0,7340,L-4038561,00.html"
2011-03-07,23:40:42,fz2cg,72,Israeli Cabinet: Demolish all West Bank outposts built on private Palestinian land by end of 2011 - Haaretz ,haaretz.com,http://www.haaretz.com/news/diplomacy-defense/cabinet-demolish-all-west-bank-outposts-built-on-private-palestinian-land-by-end-of-2011-1.347693
2011-03-07,23:04:02,fz1mz,63,An Israeli diplomat says his country must learn from the collapse of apartheid South Africa,economist.com,http://www.economist.com/blogs/newsbook/2011/03/israeli_politics
2011-03-07,22:25:00,fz0y4,51,Egyptians find torture tools in secret police raid,abc.net.au,http://www.abc.net.au/news/stories/2011/03/07/3157453.htm
2011-03-08,01:22:47,fz4nh,46,"""Israel is one of the least popular countries in the world, according to a survey conducted by Globescan for the BBC in 27 different states.  ",ynetnews.com,"http://www.ynetnews.com/articles/0,7340,L-4038608,00.html"
2011-03-07,14:51:38,fyv17,40,North Korea jams GPS signals in South Korea,koreatimes.co.kr,http://www.koreatimes.co.kr/www/news/nation/2011/03/116_82599.html
2011-03-07,20:25:04,fyz62,36,"Next in line?  After arresting 63 journalists, Turkey is now blocking Blogger, claiming it's being used to ""pirate soccer games"".",techspot.com,http://www.techspot.com/news/42700-turkey-bans-googles-blogger-over-soccer-piracy.html
2011-03-08,02:48:01,fz6nl,35,Canada's PM: The Nation Is Me,crooksandliars.com,http://crooksandliars.com/susie-madrak/canadas-pm-nation-me
2011-03-07,09:00:55,fyor4,36,NY Times: China actively trying to prevent foreign journalists from reporting on anti-govt protests,nytimes.com,http://www.nytimes.com/2011/03/07/world/asia/07china.html
2011-03-07,10:30:12,fyqbs,35,"Israeli police, heavily armed with automatic projectile launchers, injure 15 while razing to the ground a West Bank farming community",jpost.com,http://www.jpost.com/NationalNews/Article.aspx?id=211067
2011-03-07,22:13:12,fz0qx,33,This can't end well: Zimbabwe to sell uranium to Iran,telegraph.co.uk,http://www.telegraph.co.uk/news/worldnews/africaandindianocean/zimbabwe/8364666/Zimbabwe-to-sell-uranium-to-Iran.html
2011-03-07,22:06:40,fz0mv,31,China says Dalai Lama has to reincarnate,reuters.com,http://www.reuters.com/article/2011/03/07/us-china-npc-tibet-idUSTRE72624L20110307
2011-03-07,20:56:57,fyzjr,24,Gadaffi dropping bombs on rebel forces and civilians,cnn.com,http://www.cnn.com/2011/WORLD/africa/03/07/libya.conflict/index.html?hpt=T1
2011-03-07,20:53:30,fyzia,25,"""The United States will put improved relations with Beijing at risk if it does not stop selling arms to Taiwan, China's Foreign Minister said on Monday [March 7, 2011].""",reuters.com,http://www.reuters.com/article/2011/03/07/us-china-npc-usa-taiwan-idUSTRE7260MT20110307?sp=true
2011-03-07,21:23:43,fyzxk,25,North Korea launches cyber attacks against South,techeye.net,http://www.techeye.net/security/north-korea-launches-cyber-attacks-against-south
2011-03-07,17:07:30,fywuy,23,How a British special forces team was captured by Libyan rebels,telegraph.co.uk,http://www.telegraph.co.uk/news/worldnews/africaandindianocean/libya/8365007/Libya-inside-the-SAS-operation-that-went-wrong.html
2011-03-08,02:02:49,fz5lw,21,U.S. Forces Take Over Key Afghan City That Will Be Retaken By Taliban When Marines Leave,theonion.com,"http://www.theonion.com/articles/us-forces-take-over-key-afghan-city-that-will-be-r,19423/"
2011-03-08,01:01:52,fz462,21,WTF Moody's downgrades European Countries with completely unjustified reasons (after reforms). The same Moody's that gave and gives AAA rating to all the failed American assets. ,google.com,http://www.google.com/hostednews/afp/article/ALeqM5gAP-bZQj3dpuMT2xHU01qSdC6XRA?docId=CNG.623adf8ac3f4baa58fd59572ef39a5c7.4c1
2011-03-07,08:48:53,fyoii,21,America's secret plan to arm Libya's rebels,independent.co.uk,http://www.independent.co.uk/news/world/middle-east/americas-secret-plan-to-arm-libyas-rebels-2234227.html
2011-03-08,07:42:20,fzd83,19,NATO Launching 24/7 Aerial Surveillance of Libya,cnn.com,http://www.cnn.com/2011/WORLD/africa/03/07/libya.military.response/index.html?eref=rss_topstories
2011-03-08,06:58:24,fzcdj,20,Al Jazeera television said Libyan rebels on Monday rejected an offer by Muammar Gaddafi to hold a meeting of parliament to work out a deal under which he would step down,uk.reuters.com,http://uk.reuters.com/article/2011/03/07/libya-congress-rebels-idUKLDE72628220110307
2011-03-08,00:30:12,fz3gg,18,NATO Says World Won’t Stand ‘Idly By’ Amid More Libya Violence,bloomberg.com,http://www.bloomberg.com/news/2011-03-07/nato-says-world-won-t-stand-idly-by-amid-more-libya-violence.html
