2011-10-15,03:34:12,lcc7p,1283,U.S. troops deploying to Central Africa to hunt down Lord's Resistance Army,cnn.com,http://www.cnn.com/2011/10/14/world/africa/africa-obama-troops/index.html
2011-10-15,03:24:57,lcbum,885,Jail Sentence for Pirate Bay Co-Founder Made Final By Swedish Appeal Court,torrentfreak.com,https://torrentfreak.com/jail-sentence-for-pirate-bay-co-founder-made-final-111014/
2011-10-15,22:50:36,ld4yz,683,"At least 1,000 people are demonstrating in London's financial district as part of a worldwide protest against alleged corporate greed.",bbc.co.uk,http://www.bbc.co.uk/news/uk-15322134
2011-10-15,23:46:52,ld687,566,"Occupy Wall Street going Global, all the way to Argentina",english.aljazeera.net,http://english.aljazeera.net/indepth/opinion/2011/10/2011101413634658783.html?utm_content=automateplus&utm_campaign=Trial6&utm_source=SocialFlow&utm_term=tweets&utm_medium=MasterAccount
2011-10-15,12:34:58,lctmt,548,A Palestinian mayor explains how Israeli army starves his village of water,mondoweiss.net,http://mondoweiss.net/2011/10/a-palestinian-mayor-explains-how-israeli-army-starves-his-village-of-water.html
2011-10-15,22:18:03,ld49x,474,Protesters storm Goldman Sachs office in Milan,globalpost.com,http://www.globalpost.com/dispatch/news/regions/europe/italy/111014/milan-protests-goldman-sachs-occupy-wall-street
2011-10-16,00:17:51,ld6zp,444,Occupy Wall Street protests spread to major cities around the world,dailymail.co.uk,http://www.dailymail.co.uk/news/article-2049466/Occupy-Wall-Street-protests-spread-world-global-day-revolution.html
2011-10-15,02:43:19,lca20,354,"The Canadian Auto Workers endorsed Occupy Wall Street on Friday, giving a boost to the nascent Canadian movement as activists across the country prepare for their own demonstrations against corporate greed and inequality.",theglobeandmail.com,http://www.theglobeandmail.com/news/national/caw-throws-support-behind-growing-occupy-movement/article2201340/
2011-10-15,17:11:15,lczz8,200,U.N. Official Urges World to Stand Up for Syrians,nytimes.com,http://www.nytimes.com/2011/10/15/world/middleeast/navi-pillay-of-the-un-calls-for-action-on-syria.html
2011-10-16,03:00:13,ldbgz,154,"Rome protest against corporate greed turns violent,
Police fire tear gas as protesters riot.
",cbsnews.com,http://www.cbsnews.com/stories/2011/10/15/ap/business/main20120888.shtml
2011-10-15,23:22:07,ld5of,141,"Unions are offering their support to the Canadian version of Occupy Wall Street: CAW, Service Employees International Union, and the Communications, Energy and Paperworkers Union of Canada have all endorsed the movement and said some of their members will take to the streets on Saturday",theglobeandmail.com,https://www.theglobeandmail.com/news/national/caw-throws-support-behind-growing-occupy-movement/article2201340/
2011-10-16,05:19:53,ldfml,134,UN names journalism one of the most dangerous professions in the world,knightcenter.utexas.edu,http://knightcenter.utexas.edu/en/node/7766
2011-10-15,23:21:35,ld5nt,126,BBC News - In pictures: Worldwide protests over economic crisis,bbc.co.uk,http://www.bbc.co.uk/news/in-pictures-15320678?mid=50391
2011-10-16,03:13:00,ldbvr,118,IMF representative pelted with eggs,washingtonpost.com,http://www.washingtonpost.com/world/imf-representative-pelted-with-eggs/2011/10/14/gIQA3kBNkL_video.html
2011-10-16,07:05:28,ldipw,101,"Occupy Wall Street comes to Germany:around 5,000 demonstrators marched through Frankfurt to the headquarters of the European Central Bank (ECB), while almost 10,000 took to the streets of Berlin. Several thousand joined protests in Munich, Cologne and other cities.
",thelocal.de,http://www.thelocal.de/national/20111015-38229.html
2011-10-15,21:01:10,ld329,96,"How Berlusconi survived once again: The Italian PM is under siege. Today, he won yet another no-confidence vote. Here's how.",globalpost.com,http://www.globalpost.com/dispatches/globalpost-blogs/europa/how-berlusconi-survived-once-again
2011-10-15,20:29:38,ld2my,84,Occupy Australia takes off -- thousands in Melbourne and around the country,greenleft.org.au,http://www.greenleft.org.au/node/49093
2011-10-15,23:39:51,ld62k,69,Live in Rome: 'Occupy' protest,tv.repubblica.it,http://tv.repubblica.it/dossier/indignados-italiani-indignati/indignati-in-piazza-la-diretta-video/78306?video=&ref=HREA-1
2011-10-15,22:36:43,ld4mi,56,"Egypt’s Military Rulers Expand Their Power, Raising Alarms
",nytimes.com,http://www.nytimes.com/2011/10/15/world/middleeast/egypts-military-expands-power-raising-alarms.html
2011-10-16,04:45:55,ldemp,59,Yemeni government loyalists kill 12 at protest rally in capital,guardian.co.uk,http://www.guardian.co.uk/world/2011/oct/15/yemen-government-loyalists-kill-12
2011-10-16,07:18:44,ldj4i,47,"These photos are the closest look yet of the stricken ship off New Zealand - 'There's an unnerving sound of steel ripping against steel.'  4,200 volunteers have registered & about 2,000 are involved in clean-up efforts.  The rest are being turned away. ",nzherald.co.nz,http://www.nzherald.co.nz/nz/news/article.cfm?c_id=1&objectid=10759388
2011-10-15,00:07:51,lc41y,37,"China Issues Currency Warning to US: Senate measure could ""seriously interfere with Sino-US economic relations.""",globalpost.com,http://www.globalpost.com/dispatch/news/regions/asia-pacific/china/111014/currency-manipulation-china-senate
2011-10-16,05:35:58,ldg40,35,Syrian forces kill leading activist in tribal east,reuters.com,http://www.reuters.com/article/2011/10/15/us-syria-idUSTRE79E2L620111015
2011-10-15,23:34:03,ld5xa,36,Yemen security forces fire on protesters; 12 dead and many more wounded,english.aljazeera.net,http://english.aljazeera.net/news/middleeast/2011/10/201110159134435291.html
2011-10-15,13:09:41,lculv,23,Wall Street Journal Europe Doles Out Cash And Favors To Inflate Circulation Numbers,techdirt.com,http://www.techdirt.com/articles/20111013/17581016346/wall-street-journal-europe-doles-out-cash-favors-to-inflate-circulation-numbers.shtml
2011-10-16,06:11:15,ldh5k,20,"At least 430 people, mainly children, have died from an outbreak of encephalitis in a deeply neglected region of India that borders Nepal - 

""The situation is grim & the epidemic is worse than previous years... there are no empty beds at the hospital.""",google.com,http://www.google.com/hostednews/afp/article/ALeqM5jfY549XqioGyMVWCaFRZ3AwbBhVw?docId=CNG.df12618f0e6aa1f07c616c66485fdd46.461
2011-10-16,01:44:01,ld99t,16,"UN: Afghan opium production up by 61% - ""It stated that about 78 percent of cultivation was concentrated in southern Afghanistan, where the United States has concentrated its troops to beat back militants' influence.""",presstv.ir,http://www.presstv.ir/detail/204237.html
2011-10-15,20:48:24,ld2vx,15,South African High Court rules that an old anti-apartheid song is hate speech and cannot be sung in public OR in private.,voanews.com,http://www.voanews.com/english/news/africa/Struggle-Song-Ruled-Hate-Speech-by-South-Africa-High-Court-129660448.html
2011-10-15,08:24:43,lcmi2,14,"In Somalian capital Mogadishu alone, fifteen children out of every 10,000 die each day as a result of famine and drought.
",english.aljazeera.net,http://english.aljazeera.net/video/africa/2011/10/2011101416013369171.html
2011-10-16,00:45:20,ld7nw,15,BBC News - Taiwan's paradise island fights to save its identity,bbc.co.uk,http://www.bbc.co.uk/news/world-radio-and-tv-15182502
