2011-06-05,10:00:46,hrtzv,1008,"NSFW: Syrian Internet Restored, Dramatic Footage Emerges [VIDEO]",mashable.com,http://mashable.com/2011/06/04/syrian-internet-restored/
2011-06-05,23:00:45,hs44k,800,"Argentina accuses world's largest grain traders - ADM, Bunge, Cargill and Dreyfus - of huge tax evasion: All four traders submitted false declarations of sales and routed profits through tax havens or their headquarters, in contravention of Argentinian tax law",guardian.co.uk,http://www.guardian.co.uk/business/2011/jun/01/argentina-accuses-grain-traders-tax-evasion
2011-06-05,10:32:49,hrujj,393,Tens of thousands of people have attended a candlelight vigil in Hong Kong to mark the 22nd anniversary of the Tiananmen crackdown in Beijing.,bbc.co.uk,http://www.bbc.co.uk/news/world-asia-pacific-13658037
2011-06-05,02:56:19,hrlzm,381,Thousands march in Tel Aviv in support of Palestinian state based on 1967 borders,haaretz.com,http://www.haaretz.com/news/national/thousands-march-in-tel-aviv-in-support-of-palestinian-state-based-on-1967-borders-1.365923
2011-06-05,20:49:29,hs2pl,245,"The Brazilian tribe that played by our rules, and lost: The Kayapó people's battle to save their land from flooding as the Bel Monte dam is built follows a pattern across the Americas",guardian.co.uk,http://www.guardian.co.uk/commentisfree/2011/jun/03/amazon-tribe-kayapo-people-bel-monte-dam
2011-06-05,11:33:24,hrvn2,201,"'Blood was everywhere': 63 killed at Syria pro-democracy protest, activists say ",msnbc.msn.com,http://www.msnbc.msn.com/id/43266053/ns/world_news-mideast_n_africa
2011-06-05,23:38:41,hs4mo,137,"Where Prisoners Can Do Anything, Except Leave",nytimes.com,https://www.nytimes.com/2011/06/04/world/americas/04venez.html?_r=2&scp=5&sq=venezuela&st=cse
2011-06-05,19:48:15,hs24k,98,"Yemeni crowds celebrate after president Ali Abdullah Saleh transfers power, flies to Saudi Arabia",washingtonpost.com,http://www.washingtonpost.com/world/middle-east/speculation-grows-on-yemeni-presidents-condition/2011/06/04/AGpN9xIH_story.html
2011-06-05,18:36:21,hs1k7,95,Israeli troops fire on Palestinian protesters,bbc.co.uk,http://www.bbc.co.uk/news/world-middle-east-13660311
2011-06-06,03:41:17,hs934,83,"Why Are The French So Determined To Run The IMF? --- If economics isn't your area, this will make the scales fall from your eyes. Superb, concise commentary on eurozone financial troubles and the IMF, by the fund's former chief economist",baselinescenario.com,http://baselinescenario.com/2011/06/03/why-are-the-french-so-determined-to-run-the-imf-%E2%80%93-and-what-will-it-cost-you/
2011-06-05,16:39:14,hs0e0,83,"South Africa -""The Clashing Rainbow Colours"": leaders of the ruling ANC, including the President, played the race card remorselessly, in a bid to block the slow but steady rise of the Democratic Alliance, led by a white woman.",economist.com,http://www.economist.com/node/18775977
2011-06-06,04:04:13,hs9kl,69,Europe to open first solar-powered railway tunnel,telegraph.co.uk,http://www.telegraph.co.uk/travel/travelnews/8557925/Europe-to-open-first-solar-powered-railway-tunnel.html
2011-06-05,19:07:17,hs1t5,48,India cracks down on hunger strike led by yoga guru Baba Ramdev ,washingtonpost.com,http://www.washingtonpost.com/world/india-cracks-down-on-protest-led-by-yoga-guru-baba-ramdev/2011/06/05/AGS3kHJH_story.html?hpid=z3
2011-06-05,09:29:13,hrtft,47,"UN Declares Internet a ""Fundamental Human Right""",care2.com,http://www.care2.com/causes/human-rights/blog/un-declares-internet-a-fundamental-human-right/
2011-06-05,11:36:56,hrvp8,43,"Italian voters run out of sympathy for Berlusconi: Residents of Arcore, home to Berlusconi's bunga bunga parties, elect a housewife as their mayor",globalpost.com,http://www.globalpost.com/dispatch/news/regions/europe/italy/110603/arcore-italy-silvio-berlusconi
2011-06-05,10:16:11,hru9c,32,An Arctic oil rig forced to stop drilling by environmental activists demanding to know owner's respond to an oil leak on the scale of Deepwater Horizon spill,guardian.co.uk,http://www.guardian.co.uk/world/2011/jun/04/greenpeace-activists-force-arctic-oil-rig-stop-drilling
2011-06-06,03:22:18,hs8or,36,"""A young female page has lost her job following a very ballsy protest against the Harper regime. During the Speech from the Throne, which is read by the Queen's representative in Canada, the Governor General, the page held up a sign carrying the message 'Stop Harper'."" ",boingboing.net,http://www.boingboing.net/2011/06/03/canadian-senate-page.html
2011-06-06,01:54:53,hs6th,23,Pictures from ravaged city of Misrata (Libya).,news.xinhuanet.com,http://news.xinhuanet.com/english2010/photo/2011-06/05/c_13912447_2.htm
2011-06-05,19:43:15,hs23e,24,"Yemen president flies to Saudi for treatment,potentially offering a face-saving end to his three decade rule.
",reuters.com,http://www.reuters.com/article/2011/06/05/us-yemen-idUSTRE73L1PP20110605
2011-06-05,08:11:14,hrs1l,23,Can anyone control Pakistan's ISI spies?,bbc.co.uk,http://www.bbc.co.uk/news/world-south-asia-13638478
2011-06-06,07:15:44,hsdpa,20,BBC News - Peru election: Exit polls suggest Humala victory,bbc.co.uk,http://www.bbc.co.uk/news/world-latin-america-13651468
2011-06-06,01:42:30,hs6le,23,Mexicans protesting a military crackdown on drug cartels launched a convoy protest that will travel through some of Mexico's bloodiest towns on its way to the US border,google.com,http://www.google.com/hostednews/afp/article/ALeqM5hwRI-bLRykbRY2Sl-6Tm22UOO-Mg?docId=CNG.6b0f23a1d8ac82b99cffa536f57aeca4.41
2011-06-05,09:31:52,hrthe,19,Mexico catches state leader of Zeta cartel,w.salon.com,http://w.salon.com/wires/allwires/2011/06/04/D9NLBR1O0_lt_drug_war_mexico/index.html
2011-06-06,01:16:06,hs641,19,Indian police break up yoga guru's anti-corruption protest,guardian.co.uk,http://www.guardian.co.uk/world/2011/jun/05/india-yoga-guru-corruption-protest
2011-06-05,14:58:20,hrz1n,19,Radiation at Fukushima Unit 1 'Highest Since Crisis Began'; Steam Rising Through Reactor Floor ,bradblog.com,http://www.bradblog.com/?p=8555
2011-06-06,01:50:40,hs6qt,16,Spain vindicated as German beansprouts 'probable' cause of E.coli outbreak,bbc.co.uk,http://www.bbc.co.uk/news/world-europe-13662431
2011-06-05,22:54:52,hs41s,16,Israeli snipers kill six & injure thirteen protesters during demonstrations in the Golan Heights. ,reuters.com,http://www.reuters.com/article/2011/06/05/us-palestinians-israel-violence-idUSTRE7540NV20110605
2011-06-06,03:44:33,hs95z,17,Syrian security forces 'kill 28' in north: Syrian rights group says death toll has risen from 24-hour military operation in northern town of Jisr al-Shughour.,english.aljazeera.net,http://english.aljazeera.net/news/middleeast/2011/06/20116513441129611.html
2011-06-05,20:03:26,hs28z,13,"NGOs are teaming up with pesticide-biotech giant, Syngenta, to push GMO rice in Bangladesh and the Philippines: This untested, highly controversial GE crop threatens biodiversity across the region and risks bringing economic and ecological disaster to Asia’s farms",panna.org,http://panna.org/blog/golden-rice-or-trojan-horse
2011-06-06,06:20:09,hsckl,15,"Poll finds most Egyptians do not back Islamic party, contradicting widely-held view - The Washington Post",washingtonpost.com,http://www.washingtonpost.com/world/poll-finds-most-egyptians-do-not-back-islamic-party-condradicting-widely-held-view/2011/06/05/AGby9WJH_story.html
