2011-12-13,20:31:27,nax9e,2085,Deadly blasts rock Belgian city,bbc.co.uk,http://www.bbc.co.uk/news/world-europe-16161746
2011-12-13,00:34:45,n9rsf,1930,"Beijing air pollution goes from 'hazardous' to off the charts, literally",observers.france24.com,http://observers.france24.com/content/20111209-china-beijing-air-hazardous-charts-smog-pollution-sky-airport-airplane-particles-measurement-us-embassy
2011-12-13,05:43:34,na426,1304,Canada becomes first nation to pull out of Kyoto Protocol,reuters.com,http://www.reuters.com/article/2011/12/12/canada-kyoto-withdrawal-idAFL1E7NC9O320111212
2011-12-13,21:54:14,naz5p,297,"Massive methane leak off the coast of Russia. Hundreds of plumes detected, some over a kilometer wide.",independent.co.uk,http://www.independent.co.uk/environment/climate-change/shock-as-retreat-of-arctic-sea-ice-releases-deadly-greenhouse-gas-6276134.html
2011-12-13,00:02:12,n9qlh,244,"We will reverse-engineer US drone and mass produce it in the near future, says top Iranian MP",mobile.france24.com,http://mobile.france24.com/en/20111212-we-will-reverse-engineer-us-drone-top-iranian-mp
2011-12-14,02:16:56,nb8ww,177,"An Italian man has opened fire in two markets in central Florence, killing two Senegalese traders and injuring three others",bbc.co.uk,http://www.bbc.co.uk/news/world-europe-16166243
2011-12-13,20:37:17,naxdy,148,Hizbullah outs 10 CIA spies on Lebanese television,guardian.co.uk,http://www.guardian.co.uk/world/2011/dec/13/hezbollah-names-cia-spies-lebanon
2011-12-14,02:06:21,nb8ge,135,"Syria crackdown has killed 5,000 people, UN says",cbsnews.com,http://www.cbsnews.com/8301-202_162-57341970/syria-crackdown-has-killed-5000-people-un-says/
2011-12-14,01:41:27,nb7dd,120,Tunisia’s assembly elects human rights activist as interim president [Washington Post],washingtonpost.com,http://www.washingtonpost.com/world/africa/assembly-set-to-elect-veteran-human-rights-activist-as-interim-tunisian-president/2011/12/12/gIQA4rC6oO_story.html
2011-12-14,07:21:10,nbmi7,117,2008 email alerted James Murdoch to hacking -- the first documentation that he may have been notified of the wider problem long before he has admitted.,nytimes.com,http://www.nytimes.com/2011/12/14/world/europe/2008-e-mail-alerted-james-murdoch-to-hacking.html
2011-12-13,12:17:19,nakgj,117,Minister in charge of Australia's broadcasting standards drops the f-bomb on live TV,abc.net.au,http://www.abc.net.au/news/2011-12-13/conroy-drops-f-word-during-speech/3729146
2011-12-13,23:52:18,nb2z6,105,"Chinese Fishermen File Suit Against ConocoPhillips - Over 100 fishermen filed a lawsuit today seeking compensation, blaming oil spills from some of its offshore wells for damage to their sea cucumber catches",fuelfix.com,http://fuelfix.com/blog/2011/12/13/chinese-fishermen-file-suit-against-conocophillips/
2011-12-14,02:23:59,nb97d,92,"Ten Years Of Medical Marijuana - Wide range of medical marijuana users find relief in pot, despite government misgivings.",ottawacitizen.com,http://www.ottawacitizen.com/health/medical-marijuana/Wide+range+medical+marijuana+users+find+relief+despite+government/5838022/story.html
2011-12-14,00:18:02,nb409,74,Iran Plans to Hold Military Drill to Close Strait of Hormuz; Oil Surges to $100,businessweek.com,http://www.businessweek.com/news/2011-12-13/oil-surges-on-speculation-of-supply-disruption-u-s-stimulus.html
2011-12-13,23:48:38,nb2tx,69, A Fake Challenger for Vladimir Putin? - Billionaire New Jersey Nets owner Mikhail Prokhorov has declared his intention to run against Vladimir Putin for the Russian presidency in March. But opposition figures say his candidacy’s a sham to help legitimize the election.,thedailybeast.com,http://www.thedailybeast.com/articles/2011/12/12/is-russia-s-mikhail-prokhorov-a-fake-challenger-for-vladimir-putin.html
2011-12-14,03:18:38,nbbn2,54,"Crisis looms for private schools in Saudi Arabia as 9,000 teachers quit",edarabia.com,http://www.edarabia.com/25905/crisis-looms-for-private-schools-in-saudi-arabia-as-9000-teachers-quit/
2011-12-13,06:51:22,na73i,51,"In a blast to Climate Change legislation, Canada to withdraw from Kyoto Protocol. ",bbc.co.uk,http://www.bbc.co.uk/news/world-us-canada-16151310
2011-12-13,03:19:16,n9y3z,42,"Iran must chose between a bomb or survival: Israel ... ""We believe that in order to stop the Iranian military nuclear project, the regime in Tehran should face a dilemma -- whether to have a bomb or to survive,""",news.yahoo.com,http://news.yahoo.com/iran-must-chose-between-bomb-survival-israel-183011600.html;_ylt=ArWdUn3b0H7Nn7cm6o1U_GpvaA8F;_ylu=X3oDMTNpNnE3c2ljBG1pdAMEcGtnAzJlMmZhOWMyLWI5ZTAtM2ZhYS1hZjExLTVmMTQwMWNhNWFmOARwb3MDOARzZWMDbG5fTWlkZGxlRWFzdF9nYWwEdmVyA2EyMWU4YjgwLTI0ZWYtMTFlMS05MmRjLTEyZWJjMDBhNGRjYw--;_ylv=3
2011-12-14,01:29:23,nb6v8,38,Canada under fire over Kyoto protocol exit. Environment Minister Peter Kent: ''Kyoto is not the path forward for a global solution for climate change.'',bbc.co.uk,http://www.bbc.co.uk/news/world-us-canada-16165033
2011-12-13,23:45:06,nb2q0,39,"Persistent drought in Romania threatens Danube's power - 


Drop in the level of the river's waters means that nuclear reactor may have to close down",guardian.co.uk,http://www.guardian.co.uk/world/2011/dec/13/drought-in-romania-threatens-danube-power
2011-12-14,00:39:48,nb4w3,41,Pressure for EU net neutrality rules,bbc.co.uk,http://www.bbc.co.uk/news/technology-16160203?utm_source=twitterfeed&utm_medium=twitter
2011-12-13,14:24:00,napa0,36,"India and China, the new Great Game ... ""China to open first military base in Indian Ocean.""",bbc.co.uk,http://www.bbc.co.uk/news/world-asia-16149397
2011-12-14,00:58:09,nb5my,28,"Russia accuses West of 'immoral' stance on Syria:  Russia's foreign minister has accused the West of an ""immoral"" stance on Syria, saying it should condemn the opposition as well as security forces.",bbc.co.uk,http://www.bbc.co.uk/news/world-middle-east-16158584
2011-12-13,21:01:08,naxw1,30,"Deadly attack in Liege, Belgium",bbc.co.uk,http://www.bbc.co.uk/news/mobile/world-europe-16161746
2011-12-14,02:52:43,nbaiu,24,"Satellite navigation systems may share your every move...when, where and how long you took all collected by company. ",bbc.co.uk,http://www.bbc.co.uk/news/uk-northern-ireland-16101141
2011-12-14,00:22:09,nb46x,24,"The World’s Muddiest Disaster - 
Earth’s most violent mud volcano is wreaking havoc in Indonesia. Was drilling to blame? And when will it end? ",smithsonianmag.com,http://www.smithsonianmag.com/science-nature/The-Worlds-Muddiest-Disaster.html
2011-12-13,22:16:43,nazr6,26,Palestinian flag raised over UNESCO headquarters for the first time,euronews.net,http://www.euronews.net/2011/12/13/palestinian-flag-raised-over-unesco-headquarters/
2011-12-13,17:55:14,naueg,20,"Navi Pillay, UN rights chief, wants Syria investigated for crimes against humanity",globalpost.com,http://www.globalpost.com/dispatch/news/regions/middle-east/111213/navi-pillay-un-syria-investigate-crimes-against-humanity
2011-12-13,19:51:45,nawi6,24,Pakistani Prime Minister Yousuf Raza Gilani has said his government's decision to block NATO supplies to Afghanistan won't be changed until 'new rules of engagement' are agreed with Washington. ,dw-world.de,"http://www.dw-world.de/dw/article/0,,6679451,00.html"
2011-12-14,01:22:25,nb6l2,22,Canada bans women from wearing the face veil during citizenship oaths,cbc.ca,http://www.cbc.ca/news/canada/story/2011/12/12/pol-kenney-citizenship-rules.html
