2011-04-21,04:18:38,gupqx,1293,"Director of ""Restrepo"" and Photographer Chris Hondros killed in Misurata, Libya.",nydailynews.com,http://www.nydailynews.com/news/world/2011/04/20/2011-04-20_restrepo_filmmaker_tim_hetherington_nybased_getty_war_photographer_chris_hondros.html?r=news
2011-04-21,08:09:15,guvfx,42,The growing rift between Putin and Medvedev could be the beginning of a two-party system in Russia,csmonitor.com,http://www.csmonitor.com/World/Europe/2011/0420/Could-Putin-and-Medvedev-face-off-in-an-open-Russian-election
2011-04-21,10:55:17,guz01,43,Everyone within 20km of Fukushima will be forcibly evacuated and roads blocked to prevent entry,asahi.com,http://www.asahi.com/english/TKY201104200146.html
2011-04-21,09:49:18,guxlz,28,Bahrain: Activist Zaynab Al-Khawaja's letter to President Barack Obama as she began her hunger strike.,axisoflogic.com,http://axisoflogic.com/artman/publish/Article_62778.shtml
2011-04-21,09:47:35,guxks,24,"More than 80,000 people are claiming incapacity benefits because they are addicted to alcohol and drugs or are obese",bbc.co.uk,http://www.bbc.co.uk/news/uk-politics-13152349
2011-04-21,09:03:35,guwmq,18,Libya: 'mission creep' claims as UK sends in military advisers,guardian.co.uk,http://www.guardian.co.uk/world/2011/apr/19/libya-mission-creep-uk-advisers
2011-04-21,09:01:23,guwky,18,Japan considers banning access to evacuation zone,nytimes.com,http://www.nytimes.com/2011/04/21/world/asia/21japan.html
2011-04-21,12:17:09,gv0sm,14,"6.0-magnitude earthquake strikes off east coast of Honshu, Japan, less than 2 hours after 5.8 shaker",democraticunderground.com,http://www.democraticunderground.com/discuss/duboard.php?az=view_all&address=102x4821981
2011-04-21,16:59:42,gv5pn,13,Chinese oil giant Sinopec has stopped exporting oil products to maintain domestic supplies. ,zerohedge.com,http://www.zerohedge.com/article/oil-crisis-just-got-real-sinpoec-cuts-oil-exports
2011-04-21,12:14:09,gv0qh,13,"Next war in line: At least 20 South Sudanese army soldiers have been killed in a clash with rebel fighters.

",bbc.co.uk,http://www.bbc.co.uk/news/world-africa-13152371
2011-04-21,14:33:17,gv3ko,12,"Bahraini protester ends hunger strike after becoming convinced that ""being silent in a tomb and not able to speak is not in the interests of my family.""",guardian.co.uk,http://www.guardian.co.uk/world/2011/apr/20/bahraini-protester-ends-hunger-strike
2011-04-21,11:20:09,guzix,8,China tries to scare motorists into safer driving,latimes.com,"http://www.latimes.com/business/la-fi-china-crash-20110421,0,4473565.story"
2011-04-21,09:54:49,guxqb,7,Japan’s cyclone season approaches.,bloomberg.com,http://www.bloomberg.com/news/2011-04-20/tepco-must-end-whack-a-mole-cover-fukushima-reactors-as-typhoons-loom.html
2011-04-21,09:09:45,guwrj,7,Have Oman and Qatar escaped the Arab revolts?,bbc.co.uk,http://www.bbc.co.uk/news/world-middle-east-13147271
2011-04-21,16:51:45,gv5nk,7,Leaked Report Shows England Hit With Three Nuclear Incidents In February,businessinsider.com,http://www.businessinsider.com/leaked-report-shows-england-hit-with-three-nuclear-incidents-in-february-2011-4
2011-04-21,16:40:57,gv5iy,6,Rioters torch Australia asylum seeker detention centre,bbc.co.uk,http://www.bbc.co.uk/news/world-asia-pacific-13153333
2011-04-21,16:32:57,gv5e4,4,"Russian migration official fired in racism row: Claimed the ""survival of the white race was at stake"" in migration policy",uk.reuters.com,http://uk.reuters.com/article/2011/04/20/uk-russia-race-idUKTRE73J5CW20110420
2011-04-21,08:34:07,guvyu,4,France To Send Military Advisors To Libya,huffingtonpost.com,http://www.huffingtonpost.com/2011/04/20/france-military-advisors_n_851372.html
2011-04-21,10:24:03,guyc8,4,Small amounts of radioactive iodine found in breast milk,english.kyodonews.jp,http://english.kyodonews.jp/news/2011/04/86719.html
2011-04-21,11:20:42,guzjd,4,"War photographer, Oscar-nominated film director killed in Libya
",news.xinhuanet.com,http://news.xinhuanet.com/english2010/world/2011-04/21/c_13838380.htm
2011-04-21,14:01:27,gv2z1,4,Effeminate boys are being sent to a special camp to be retrained in Malaysia.,edition.cnn.com,http://edition.cnn.com/2011/WORLD/asiapcf/04/20/malaysia.effeminate.boys/index.html?hpt=T2
2011-04-21,13:27:30,gv2c9,3,Japan Government Declares 12-Mile Area Around Plant A No-Go Zone,huffingtonpost.com,http://www.huffingtonpost.com/2011/04/21/japan-nuclear-crisis-no-go-zone_n_851852.html
2011-04-21,09:50:36,guxmt,3,TEPCO admitted Wednesday that nuclear fuel in reactor No. 1 could still be melting.,enenews.com,http://enenews.com/breaking-tepco-admitted-wednesday-that-nuclear-fuel-in-reactor-no-1-could-be-melting
2011-04-21,13:34:11,gv2ge,2,Prince Charles wins some kind of a record,abc.net.au,http://www.abc.net.au/news/stories/2011/04/21/3197722.htm
2011-04-21,16:56:08,gv5op,2,Fukushima evacuees face arrest if they return home,guardian.co.uk,http://www.guardian.co.uk/world/2011/apr/21/japan-declares-fukushima-no-go-zone
