2011-02-22,08:06:26,fpwc4,1766,"Large quake strikes Christchurch, New Zealand",stuff.co.nz,http://www.stuff.co.nz/4688231/Large-quake-strikes-Christchurch
2011-02-22,20:25:39,fq8dc,1505,Nearly all of Libya's foreign diplomats (including the Libyan ambassador to the U.S.) are urging nations to impose a no-fly zone in Libya to stop Gaddafi from attacking civilians with jets & helicopters.,news.yahoo.com,http://news.yahoo.com/s/ap/20110222/ap_on_re_eu/libya_diplomacy
2011-02-22,02:31:37,fpp4f,678,"BREAKING: Lybia  using FUCKING PLANES to kill protesters.
",english.aljazeera.net,http://english.aljazeera.net/news/africa/2011/02/2011221133557377576.html
2011-02-23,04:53:28,fqj8k,330,Eastern part of Libya falls as military refuses to kill citizens,americablog.com,http://www.americablog.com/2011/02/eastern-part-of-libya-falls-as-military.html
2011-02-23,04:30:15,fqipb,252,Libya's Interior Minister has announced his defection and support for the revolution.,af.reuters.com,http://af.reuters.com/article/commoditiesNews/idAFLDE71L1ZX20110222
2011-02-22,11:07:09,fq041,237,Israeli soldiers strip a Palestinian child and urinate on him... and then the kid gets taken to court,mahsanmilim.com,http://www.mahsanmilim.com/ChildsTrialE.htm
2011-02-23,00:25:46,fqcqy,220,Gaddafi is going mental on Al Jazeera right now.,english.aljazeera.net,http://english.aljazeera.net/watch_now/?fgsd
2011-02-22,18:04:07,fq6uc,206,"Britain and the US have caused instability in the Middle East by supporting autocratic regimes that suppress human rights, David Cameron has said 
",telegraph.co.uk,http://www.telegraph.co.uk/news/newstopics/politics/david-cameron/8340068/David-Cameron-Britain-responsible-for-Middle-East-instability.html
2011-02-22,20:29:23,fq8ew,191,Libya's intelligence agency is behind the powerful jamming that has disrupted Al Jazeera television's signal across much of the Middle East and North Africa,uk.reuters.com,http://uk.reuters.com/article/2011/02/21/uk-protests-jazeera-idUKTRE71K4MM20110221
2011-02-22,09:03:34,fpxk9,183,"BREAKING: magnitude 6.3 earthquake hits Christchurch, New Zealand - video from near the epicentre.",youtube.com,http://www.youtube.com/watch?v=qt0iIHXFnR0
2011-02-23,04:57:47,fqjbx,144,"Gaddafi has ordered security services to start sabotaging oil pipelines, cutting off flow to Mediterranean ports.
",time.com,"http://www.time.com/time/world/article/0,8599,2052961,00.html"
2011-02-23,06:31:05,fqlfx,141,"The global media's attention is focused on the revolutions sweeping through North Africa and the Middle East. But not all revolutions are blessed with this level of attention. The West African nation of Gabon is currently also in popular revolt. What, you haven't heard of it?",pambazuka.org,http://pambazuka.org/en/category/features/70961
2011-02-22,19:18:58,fq7p8,137,IRAN: Iranian protesters charging and overtaking police [VIDEO],youtube.com,http://www.youtube.com/watch?v=nxRrpYcNL-c
2011-02-23,05:35:36,fqk83,120,Military using live ammunition on protesters in  Ivory Coast,allafrica.com,http://allafrica.com/stories/201102211837.html
2011-02-22,22:20:21,fqa2z,107,"Four U.S. citizens on a yacht hijacked by Somali pirates last week are dead, a U.S. defense official says.  ",news.blogs.cnn.com,http://news.blogs.cnn.com/2011/02/22/americans-on-yacht-hijacked-by-pirates-killed-defense-official-says/?hpt=T2
2011-02-22,16:05:02,fq5en,80,Amazing graphic shows before and after pics of New Zealand Earthquake,news.com.au,http://www.news.com.au/world/christchurch-cathedral-before-and-after/story-e6frfl00-1226010081646
2011-02-23,00:41:33,fqd4m,75,"Gaddafi just gave another speech: ""Protesters are a small group of young people on drugs. They are sick."" ",spiegel.de,"http://www.spiegel.de/politik/ausland/0,1518,746923,00.html"
2011-02-22,23:52:30,fqbza,76,Earthquake in New Zealand [pics],theatlantic.com,http://www.theatlantic.com/infocus/2011/02/earthquake-in-new-zealand/100013/
2011-02-22,09:30:14,fpy2q,72,A group of Libyan army officers have reportedly issued a statement urging fellow soldiers to “join the people” and help remove Gaddafi from power. AJE Live blog  2.00AM.,self.worldnews,https://www.reddit.com/r/worldnews/comments/fpy2q/a_group_of_libyan_army_officers_have_reportedly/
2011-02-22,23:06:38,fqazp,70,Students In Zimbabwe Arrested For Watching Coverage Of Arab Uprisings,outsidethebeltway.com,http://www.outsidethebeltway.com/students-in-zimbabwe-arrested-for-watching-coverage-of-arab-uprisings/
2011-02-23,07:50:20,fqn3e,69,Google Maps - mapping of the protests spreading across the Middle East on this master map. ,maps.google.com,"http://maps.google.com/maps/ms?ie=UTF8&hl=en&t=h&msa=0&msid=212059469427545728757.00049c4df2474b6543347&source=embed&ll=32.118056,20.066872&spn=0.036347,0.034161&z=13"
2011-02-22,20:48:08,fq8np,63,2 000 000 Egyptians in Tahrir Square singing Free Palestine! ,youtube.com,http://www.youtube.com/watch?v=ke5emJ7l2lQ&feature=player_embedded
2011-02-22,08:23:32,fpwpm,64,"Huge quake hit Christchurch, NZ- 6.3 magnitude at 5kms depth - bigger even than the original Sept 4 quake :(",tvnz.co.nz,http://tvnz.co.nz/national-news/live-updates-christchurch-quake-4038261
2011-02-23,04:36:57,fqitz,57,Petraeus suggests Afghans burned their own children to exaggerate civilian casualty claims,washingtonpost.com,http://www.washingtonpost.com/wp-dyn/content/article/2011/02/21/AR2011022103256.html?hpid=moreheadlines
2011-02-22,11:15:53,fq0ao,46,Blogger able to give real updates about whats happening in Libya,achievementhunter.com,http://achievementhunter.com/members/journal/?uid=81745&page=1
2011-02-22,12:16:59,fq1he,46,70 human rights groups demand UN condemn Libya's “crimes against humanity” and call an emergency meeting of the UN Security Council and Human Rights Council,jpost.com,http://www.jpost.com/International/Article.aspx?id=209294
2011-02-22,09:21:32,fpxx0,43,Huge Earthquake Hits Christchurch New Zealand,stuff.co.nz,http://www.stuff.co.nz/4688231/Massive-damage-injuries-in-Christchurch-quake
2011-02-23,04:54:47,fqj9q,43,Iran 'Condemns Clampdown on Pro-Democracy Protesters' ... in Libya ,pbs.org,http://www.pbs.org/wgbh/pages/frontline/tehranbureau/2011/02/iran-condemns-clampdown-on-pro-democracy-protesters-in-libya.html?utm_campaign=homepage&utm_medium=feeds&utm_source=feeds
2011-02-23,07:12:34,fqmcz,41,Gaddafi has ordered security services to start sabotaging oil facilities,news.yahoo.com,http://news.yahoo.com/s/time/20110222/wl_time/08599205296100
2011-02-22,16:24:27,fq5nn,35,"David Cameron to the Egyptian people 'You're going to be a democracy now, obviously you'll need a lot of weapons.'",independent.co.uk,http://www.independent.co.uk/news/uk/politics/cameron-attacked-for-egypt-visit-with-defence-sales-team-in-tow-2221695.html
