2011-05-20,11:36:11,hfkd4,829,Wikileaks releases the Pakistan Papers,dawn.com,http://dawn.com/pakistan-papers
2011-05-20,14:30:22,hfny9,622,China Gives Pakistan 50 Fighter Jets,nytimes.com,http://www.nytimes.com/2011/05/20/world/asia/20pakistan.html?partner=rss&emc=rss
2011-05-20,22:22:33,hfuyd,501,police shuts down german pirate party servers (scroll down for english text),vorstand.piratenpartei.de,http://vorstand.piratenpartei.de/2011/05/20/polizei-beschlagnahmt-server-der-piratenpartei-deutschland/
2011-05-20,20:19:12,hfszj,417,Spain protests spreading across Europe!!!!,guardian.co.uk,http://www.guardian.co.uk/world/2011/may/19/protest-med-cuts-corruption-spain
2011-05-20,23:10:19,hfw06,354,Norway Stops Aid Payments To Greece,zerohedge.com,http://www.zerohedge.com/article/norway-stops-aid-payments-greece
2011-05-20,12:20:44,hfle6,336,Amazonian Tribe has no concept of time,bbc.co.uk,http://www.bbc.co.uk/news/science-environment-13452711
2011-05-21,01:04:18,hfyuj,192,"""Norway, Iceland and Liechtenstein froze payment of 235 million kroner ($42 million) in European Economic Area grants to Greece because the government didn't meet the obligations linked to the funds.""",bloomberg.com,http://www.bloomberg.com/news/2011-05-20/norway-suspends-42-million-in-eea-greek-development-funds-1-.html
2011-05-20,10:35:39,hfj2m,178,NATO aircraft sank eight warships belonging to Libyan leader Muammar Gaddafi's forces in overnight attacks,reuters.com,http://www.reuters.com/article/2011/05/20/us-libya-nato-idUSTRE74J09X20110520
2011-05-20,09:09:04,hfh5g,149,China 'Asks USA To Respect Pak Sovereignty' |  China has “warned in unequivocal terms that any attack on Pakistan would be construed as an attack on China.” The warning was formally conveyed by the Chinese foreign minister at last week's China-US strategic dialogue talks in Washington,thestatesman.net,http://www.thestatesman.net/index.php?option=com_content&view=article&id=370105&catid=35
2011-05-20,19:48:02,hfslx,133,"Journalist missing in Libya was killed six weeks ago, but the regime opted to hide news of his death",mediaspy.org,http://www.mediaspy.org/report/2011/05/20/missing-south-african-photographer-was-killed-weeks-ago/
2011-05-20,12:10:12,hfl5s,121,Tahrir Square in Madrid --- Young people in Madrid have occupied the city's Puerta del Sol square in protest against high unemployment and the political establishment.,spiegel.de,"http://www.spiegel.de/international/europe/0,1518,763581,00.html"
2011-05-20,12:35:11,hflq1,105,Wiki Report:  Russia sabotaged Iran nuclear Programme,news.yahoo.com,http://news.yahoo.com/s/afp/20110519/wl_afp/irannuclearpoliticsrussiawikileaks
2011-05-20,21:31:12,hfu1t,101,Spain's Icelandic Revolt; Protests Spread to Italy,globaleconomicanalysis.blogspot.com,http://globaleconomicanalysis.blogspot.com/2011/05/spains-icelandic-revolt-protests-spread.html
2011-05-20,11:48:59,hfkn2,78,The Second Egyptian Revolution Has Been Scheduled For May 27,zerohedge.com,http://www.zerohedge.com/article/second-egyptian-revolution-has-been-scheduled-may-27
2011-05-21,00:12:40,hfxi3,72,"The Myth of a Lazy Southern Europe --- Merkel earlier this week strongly hinted that Southern Europeans take too much vacation and retire too early. It is an image many Germans share of Greece, Spain and Portugal. But how true are these clichés?",spiegel.de,"http://www.spiegel.de/international/europe/0,1518,763618,00.html"
2011-05-20,08:58:25,hfgwx,66,You Need To Be Watching What's Developing In Spain Right Now,businessinsider.com,http://www.businessinsider.com/spain-protest-spainrevolution-2011-5
2011-05-21,05:44:42,hg6nc,67,"""This is not an honor killing. I hope all of us will stop using this term. It has nothing to do with honor. It only has to do with taking the life of a human being""",cnn.com,http://www.cnn.com/2011/WORLD/meast/05/20/mideast.honor.killing/index.html?hpt=C1
2011-05-21,02:09:33,hg0ol,50,A Defiant 'Spanish Revolution' in pictures.,theatlantic.com,http://www.theatlantic.com/infocus/2011/05/a-defiant-spanish-revolution/100070/
2011-05-20,23:31:30,hfwi2,44,"Syrian forces 'fire on Homs protesters': Witnesses say at least nine killed, including two boys, in latest protests against Syrian president Bashar al-Assad.",english.aljazeera.net,http://english.aljazeera.net/news/middleeast/2011/05/201152013723847215.html
2011-05-20,01:48:40,hf5nt,45,"A German insurer hosted a sex party for top agents that featured prepaid prostitutes and transformed an historic bathhouse into ""an open-air brothel.""",globalpost.com,http://www.globalpost.com/dispatch/news/regions/europe/germany/110519/prostitutes-brothel-sex-party-munich-insurance
2011-05-20,10:34:33,hfj1p,36,"China has expanded export quotas for rare earth metals, further tightening its grip on the minerals used in a number of high-tech electronics.",bbc.co.uk,http://www.bbc.co.uk/news/business-13465478
2011-05-21,02:11:31,hg0qy,34,Syrian Forces Kill 17 During Friday Protests,outsidethebeltway.com,http://www.outsidethebeltway.com/syrian-forces-kill-17-during-friday-protests/
2011-05-20,10:09:33,hfiht,32,China eyes 'less lethal' (more polite) Canadian weapons,cnews.canoe.ca,http://cnews.canoe.ca/CNEWS/Canada/2011/05/19/18169136.html?sms_ss=reddit&at_xt=4dd5bf1fa0c050ee%2C0
2011-05-20,22:28:59,hfv32,27,South Africa: Libya lied about murdered journalist Anton Hammerl,globalpost.com,http://www.globalpost.com/dispatch/news/regions/africa/south-africa/110520/south-africa-anton-hammerl-photographer-killed-libya
2011-05-21,07:25:10,hg95o,25,"China warns of 'urgent problems' facing Three Gorges dam.  Risk of geological disaster, state cabinet admits, as project is linked to soil erosion, quakes, drought and social upheaval",guardian.co.uk,http://www.guardian.co.uk/world/2011/may/20/three-gorges-dam-china-warning
2011-05-21,04:36:00,hg4uk,23,Protests erupt in Syrian cities; at least 34 reported dead,cnn.com,http://www.cnn.com/2011/WORLD/meast/05/20/syria.unrest/index.html
2011-05-20,11:36:55,hfkdl,25,China admits problems with Three Gorges Dam,nytimes.com,http://www.nytimes.com/2011/05/20/world/asia/20gorges.html?smid=tw-nytimes&seid=auto
2011-05-21,00:34:28,hfy21,22,"In Historic Visit, Queen Elizabeth II Regrets Britain's ""Sad and Regrettable"" Legacy in Ireland",democracynow.org,http://www.democracynow.org/2011/5/20/in_historic_visit_queen_elizabeth_ii
2011-05-21,00:44:29,hfybs,20,"Western PR firms: helping dictators from Bahrain, Equatorial Guinea, Saudi Arabia, Syria, and beyond to whitewash their records and cover up human rights abuses.",huffingtonpost.com,http://www.huffingtonpost.com/thor-halvorssen/pr-mercenaries-their-dict_b_863716.html
2011-05-20,12:20:09,hfldj,17,"normally peaceful northern Afghan city erupted in violence Wednesday, as thousands of protesters clashed with security forces after a NATO night raid that local officials claim killed four civilians",startribune.com,http://www.startribune.com/world/122201739.html
