2011-11-10,10:47:07,m6x7o,1342,"Mexico City mayor calls drug policy 'schizophrenic': ""If the US is legalizing marijuana and we're over here killing ourselves on the street over marijuana, that does not make sense,"" says Ebrard referring to California's efforts to decriminalize the sale and use of cannabis",latimesblogs.latimes.com,http://latimesblogs.latimes.com/world_now/2011/11/mexico-city-mayor-drug-war.html
2011-11-10,00:02:19,m66sg,1312,"The world's last surviving Sikh warrior master who has devoted his life to learning an ancient martial art is - from Wolverhampton, it has emerged.",telegraph.co.uk,http://www.telegraph.co.uk/news/newstopics/howaboutthat/8878537/Worlds-last-Sikh-warrior-who-lives-in-Wolverhampton.html
2011-11-10,21:02:45,m7cyu,964,Occupy Movement: Chileans take to the streets with calls for a radical overhaul of the country's for-profit university system,globalpost.com,http://www.globalpost.com/dispatch/news/regions/americas/chile/111109/occupy-wall-street-chile-style
2011-11-10,20:05:26,m7buv,813,Former Israeli president Katsav loses rape appeal ... and will go to prison for seven years,globalpost.com,http://www.globalpost.com/dispatch/news/regions/middle-east/israel-and-palestine/111110/israeli-president-katsav-loses-rape-appeal
2011-11-10,22:23:05,m7ezo,297,"India court sentences 31 people to life terms for killing Muslims
",latimes.com,"http://www.latimes.com/news/nationworld/world/la-fg-india-riots-convictions-20111110,0,7102068.story"
2011-11-10,20:31:52,m7ccl,298,Tom Watson labels James Murdoch 'mafia boss' (VIDEO),bbc.co.uk,http://www.bbc.co.uk/news/uk-politics-15673551
2011-11-10,18:49:37,m7amb,169,Australia cigarette 'plain packaging' law passes Senate,bbc.co.uk,http://www.bbc.co.uk/news/world-asia-15670297
2011-11-10,09:03:58,m6t4l,158,"Tasers: 'If officers have a new toy, they like using it'",guardian.co.uk,http://www.guardian.co.uk/world/2011/nov/09/how-safe-are-tasers
2011-11-11,02:57:40,m7prb,129,Africa's Western black rhino declared extinct,latimesblogs.latimes.com,http://latimesblogs.latimes.com/world_now/2011/11/africa-western-black-rhino-extinct-conservation.html
2011-11-10,19:57:54,m7bqc,119,Study finds thousands of forced marriages in Germany - The German family ministry has for the first time published a study of forced marriage in Germany. The report is based on the findings of hundreds of consultation centers across the country.,dw-world.de,"http://www.dw-world.de/dw/article/0,,15522401,00.html"
2011-11-10,20:34:19,m7ce4,116,"Iran's Supreme Leader Warns US, Israel Against Strike:  ""Anybody who takes up the idea of an attack on Iran, should get ready to receive a strong slap and an iron fist"" ;  ""[Iran] not a nation that only sits and watches threats coming from straw powers, which are internally eaten by worms""",nytimes.com,http://www.nytimes.com/aponline/2011/11/10/world/middleeast/AP-Iran-Nuclear.html
2011-11-11,02:14:14,m7nto,110,"Human Rights Watch issues report entitled ""Egypt: Military ‘Virginity Test’ Investigation a Sham"" ;  anonymous General tells CNN: ""We didn't want them to say we had sexually assaulted or raped them, so we wanted to prove that they weren't virgins in the first place""",thedailynewsegypt.com,http://www.thedailynewsegypt.com/human-a-civil-rights/hrw-condemns-militarys-reluctance-to-investigate-virginity-checks-case.html
2011-11-11,05:33:36,m7wg0,82,Uganda man jailed for killing gay activist David Kato,bbc.co.uk,http://www.bbc.co.uk/news/world-africa-15685648
2011-11-10,19:23:30,m7b5v,61,Dan Snow test fires a machine gun from a WW2 Spitfire which has been recovered from a peat bog in Co Donegal where it had lain buried for 70 years.,bbc.co.uk,http://www.bbc.co.uk/news/magazine-15660438
2011-11-11,04:52:44,m7uqm,54,"Roubini: Italy Is Doomed And Will Exit EU Unless ECB, Germany Step In",forbes.com,http://www.forbes.com/sites/afontevecchia/2011/11/10/roubini-italian-debt-restructuring-and-eu-exit-coming-unless-ecb-qes/
2011-11-10,21:09:40,m7d4f,51,Banker Lucas Papademos - who led Greece's transition from the drachma to the euro - is named interim prime minister,bloomberg.com,http://www.bloomberg.com/news/2011-11-10/papademos-who-took-greece-into-euro-must-now-save-country-s-membership.html
2011-11-11,03:38:57,m7rkt,45,"Officials close Great Pyramids of Giza Friday, due to widespread fears of international masonic and other rituals on 11/11/11 .  ""Numerologists are anxiously awaiting Friday, when the digital alignment of ones occurs at 11:11 am, which some believe will lead to unusual events.""",google.com,http://www.google.com/hostednews/afp/article/ALeqM5hJpCDIRbUyYvDfa6yHabUutEUlUQ?docId=CNG.fc769a5a99b0153b080bb8fa2a288bb2.201
2011-11-11,01:01:40,m7krs,43,EDF fined for spying on Greenpeace nuclear campaign,bbc.co.uk,http://www.bbc.co.uk/news/science-environment-15683090
2011-11-10,11:00:41,m6xrx,39,UK Students Fighting for 'Education for the 99%' Met With Heavy Policing: 20 people arrested in the latest display of anger against the Conservative-led government's austerity measures,commondreams.org,https://www.commondreams.org/headline/2011/11/09-6
2011-11-10,05:12:49,m6jub,43,Turkey earthquake topples hotel,bbc.co.uk,http://www.bbc.co.uk/news/world-europe-15668071
2011-11-10,20:44:39,m7clh,43,"Egypt: Passengers attempted to open plane door mid-flight at 8,000 ft. Security on-board the Cairo-bound flight thwarted the attack and tied him to seat. Among the 143 passengers was Egypt's Islamic Mufti.  Suspect is ""disgruntled"" from losing his job recently.",almasryalyoum.com,http://www.almasryalyoum.com/en/node/513248
2011-11-10,01:35:20,m6aqp,39,"""Twitter account to tweet names of Canada’s 119,000 fallen soldiers""",news.nationalpost.com,http://news.nationalpost.com/2011/11/09/twitter-account-to-tweet-names-of-canadas-119000-fallen-soldiers/
2011-11-11,07:22:56,m80xd,35,"Turkish police fire tear gas in quake city:  ""How can you fire pepper spray on people who have already suffered so much?"" asks one survivor searching for a tent in the freezing temperature",reuters.com,http://www.reuters.com/article/2011/11/10/us-turkey-quake-idUSTRE7A875D20111110
2011-11-11,01:34:37,m7m4m,33,"Iran nuclear report: Why it may not be a game-changer after all
",csmonitor.com,http://www.csmonitor.com/World/Middle-East/2011/1109/Iran-nuclear-report-Why-it-may-not-be-a-game-changer-after-all
2011-11-10,11:03:19,m6xwd,33,"FRONTLINE: Ramita Navai goes undercover for a rare look at the uprising from inside Syria. If we didn’t shoot at protesters, they would shoot us,” one defector told Navai.",pbs.org,http://www.pbs.org/wgbh/pages/frontline/syria-undercover/?r
2011-11-10,23:52:59,m7i1l,33,Papademos named Greek prime minister: President asks former central banker to lead unity government tasked with tackling country's debt crisis.,aljazeera.com,http://www.aljazeera.com/news/europe/2011/11/20111110102256297903.html
2011-11-10,21:56:48,m7e9b,28,Israel's self-fulfilling prophecy on Iran ,english.aljazeera.net,http://english.aljazeera.net/indepth/opinion/2011/11/2011111094636369185.html?utm_content=automateplus&utm_campaign=Trial6&utm_source=SocialFlow&utm_medium=MasterAccount&utm_term=tweets
2011-11-10,10:14:41,m6vyq,25,Mexico drugs war: Security forces 'committing abuses' against civilians,bbc.co.uk,http://www.bbc.co.uk/news/world-latin-america-15655191
2011-11-11,02:24:17,m7o87,25,"After 309 Days, South Korean Protester Climbs Down From Crane ;  Victorious in fight over wage levels and business-friendly government policies, having underlined  ""ideals that I have been working for half my life.""",nytimes.com,http://www.nytimes.com/reuters/2011/11/10/world/asia/international-us-korea-strike.html
2011-11-10,20:56:44,m7cud,22,"Russell Tribunal Finds Israel Guilty Of Apartheid, Prosecution",imemc.org,http://www.imemc.org/article/62472?2
