2011-05-04,00:02:59,h36lg,1162,This is just wrong: Bahrain charges doctors and nurses who treated injured anti-government protesters; they will stand trial in military court,english.aljazeera.net,http://english.aljazeera.net//news/middleeast/2011/05/20115313349762756.html
2011-05-04,07:20:15,h3i79,1045,"British about to vote against ending of 2 party rule 
in referendum, after a NO campaign funded by 
bankers, hedge-fund managers and big business.",guardian.co.uk,http://www.guardian.co.uk/politics/2011/may/03/av-referendum-details-donations-yes-no-campaigns
2011-05-04,19:58:22,h3wiu,734,"Osama unarmed when shot dead, US admits ",news.theage.com.au,http://news.theage.com.au/breaking-news-world/osama-unarmed-when-shot-dead-us-admits-20110504-1e71d.html
2011-05-04,05:03:53,h3eoq,557,Images reveal scale of North Korean political prison camps,amnesty.org,http://www.amnesty.org/en/news-and-updates/images-reveal-scale-north-korean-political-prison-camps-2011-05-03
2011-05-04,02:21:35,h3abr,533,Bin Laden's will says his children must not join al-Qaida,guardian.co.uk,http://www.guardian.co.uk/world/2011/may/03/bin-laden-will-wives-children?intcmp=239
2011-05-04,21:02:01,h3xhv,371,"""Osama bin Laden had cash totaling 500 Euros and two telephone numbers sewn into his clothing when he was killed -- sure signs that he was prepared to flee his compound at a moment's notice""",politico.com,http://www.politico.com/news/stories/0511/54258.html
2011-05-04,04:03:57,h3d5r,284,Details on Bin Laden death photo.,whitehouse.blogs.cnn.com,http://whitehouse.blogs.cnn.com/2011/05/03/even-more-on-the-photos/?hpt=T1
2011-05-05,02:18:57,h44mw,219,"North Korea's political prisoners: 200,000 and counting. They are kept in slave pens.",globalpost.com,http://www.globalpost.com/dispatches/globalpost-blogs/the-rice-bowl/north-koreas-political-prisoners-200000-and-counting/?reddit
2011-05-05,05:18:10,h49i5,183,Photos show three dead men at bin Laden raid house,reuters.com,http://www.reuters.com/article/2011/05/04/us-binladen-pakistan-photos-idUSTRE74370620110504
2011-05-05,03:52:51,h47a6,139,"Surveillance, Not Waterboarding, Led to bin Laden",wired.com,http://www.wired.com/dangerroom/2011/05/surveillance-not-waterboarding-led-to-bin-laden/
2011-05-05,07:27:50,h4coi,134,French president Nicolas Sarkozy: France could recognise Palestine by the end of the year,english.aljazeera.net,http://english.aljazeera.net//news/middleeast/2011/05/201154155337666642.html
2011-05-04,16:30:01,h3tte,100,"Russia's largest search engine, Yandex, confirmed that it passed confidential data to the country's state security service, FSB ",bbc.co.uk,http://www.bbc.co.uk/news/business-13274443?utm_source=twitterfeed&utm_medium=twitter
2011-05-04,09:41:46,h3lh4,91,Al Jazeera: The Afghan reaction to Osama's death,youtube.com,http://www.youtube.com/watch?v=EJYPByK7AkA
2011-05-04,20:16:24,h3wrm,91,Recently-released WikiLeaks doc: Detained al Qaeda members have predicted nuclear reprisals if Osama bin Laden were captured or killed,news.cnet.com,http://news.cnet.com/8301-31921_3-20059416-281.html#ixzz1LKa2sug4
2011-05-04,13:47:57,h3r00,85,"In Australia, anti-cluster bomb campaigners are furious that the government secretly worked with the US to weaken a key international treaty to ban the notorious weapons",theage.com.au,http://www.theage.com.au/national/fury-over-clusterbombs-20110503-1e6tn.html
2011-05-05,07:58:46,h4deg,81,Pictures the results of US special forces' assault on Osama bin Laden's hideout in Abbottabad. [NSFW] - Graphic Images,guardian.co.uk,http://www.guardian.co.uk/world/gallery/2011/may/04/osama-bin-laden-compound?CMP=twt_gu#/?picture=374256202&index=0
2011-05-04,00:17:13,h36yi,68,Vatican offends many by hosting Mugabe,globalpost.com,http://www.globalpost.com/dispatches/globalpost-blogs/africa-emerges/vatican-offends-many-hosting-mugabe
2011-05-04,08:44:25,h3k5d,72,Alberta pipeline leak largest since 1975,theglobeandmail.com,http://www.theglobeandmail.com/report-on-business/alberta-pipeline-leak-largest-since-1975/article2008982/
2011-05-05,00:46:05,h4266,61,The operator of Japan’s Fukushima nuclear power plant says that seawater radioactivity fifteen kilometers offshore has risen significantly. TEPCO reports it is 600 times the maximum allowed by law.,euronews.net,http://www.euronews.net/2011/05/04/new-radioactivity-high-off-fukushima/
2011-05-04,01:19:48,h38mw,57,"Ian Tomlinson unlawfully killed, inquest rules",guardian.co.uk,http://www.guardian.co.uk/uk/blog/2011/may/03/ian-tomlinson-inquest-verdict-live-blog
2011-05-04,17:39:25,h3us0,57,Absinthe Legalised In France,bbc.co.uk,http://www.bbc.co.uk/news/world-europe-13159863
2011-05-05,06:22:16,h4b5b,55,"Saudis shifting most of its domestic energy use to Solar and Nuclear power, diverting more oil to export",blogs.forbes.com,http://blogs.forbes.com/jeffmcmahon/2011/04/04/saudis-switch-to-solar-nuclear-to-export-more-oil/
2011-05-04,15:12:47,h3slt,52,"For 10 years, Osama bin Laden filled a gap left by the Soviet Union. Who will be the baddie now?",guardian.co.uk,http://www.guardian.co.uk/commentisfree/2011/may/03/osama-bin-laden-soviet-union-baddie
2011-05-04,23:10:23,h3zvl,39,"Revised UN report says Earth's population will hit 9,000,000,000 by 2041, 9 years earlier than previously projected",cnn.com,http://www.cnn.com/2011/US/05/03/united.nations.population.forecast/index.html
2011-05-04,21:24:59,h3xug,38,"""I have seen a great number of poorly Photoshopped images in my time as a photographer and I can tell by the pixels that it is a fake"" ",cnn.com,http://www.cnn.com/2011/WORLD/asiapcf/05/03/bin.laden.fake.photo/index.html?iref=NS1
2011-05-05,03:47:43,h475h,28,Mubarek may face the death penalty for ordering 800 citizens' deaths,cnn.com,http://www.cnn.com/2011/WORLD/meast/05/04/egypt.mubarak.justice/index.html?iref=obinsite
2011-05-04,06:46:46,h3hda,26,"Pakistan denies knowledge of Bin Laden's location and US operation to kill Bin Laden, warns that such unilateral actions are unacceptable",primarysourcenews.com,http://www.primarysourcenews.com/2011/05/pakistan-denies-knowledge-of-bin-ladens.html
2011-05-05,01:26:45,h439x,27,Robot camera shows the inside of Japan's Fukushima reactor,bbc.co.uk,http://www.bbc.co.uk/news/world-asia-pacific-13284300
2011-05-05,05:04:20,h4942,23,"EU wins special right to speak at the UN and a right of reply in debates: ""The European Union wishes to bring its full weight to bear in supporting and strengthening"" global governance.",telegraph.co.uk,http://www.telegraph.co.uk/news/worldnews/europe/eu/8490946/EU-wins-super-observer-status-at-UN.html
2011-05-04,04:33:06,h3dwu,17,Somali pirates jailed for 439 years: Madrid court claims government-linked groups paid $3.3m ransom to free trawler and its 36 crew,guardian.co.uk,http://www.guardian.co.uk/world/2011/may/03/somali-pirates-sentenced-439-years
