2011-08-04,03:21:20,j7yqq,1136,"Facebook facial recognition software violates privacy laws, says Germany - Social network must stop programme and delete data already collected on users – or face fines up to €300,000, says official",guardian.co.uk,http://www.guardian.co.uk/technology/2011/aug/03/facebook-facial-recognition-privacy-germany
2011-08-04,23:17:07,j8tas,1106,A Muslim woman punched a man in the face after he had photographed her on a busy Toronto intersection; claims that her religious rights had been violated,pixiq.com,http://www.pixiq.com/article/muslim-woman-punches-photographer
2011-08-04,08:55:24,j89jj,759,"'Bomb' device attached to Mosman schoolgirl was a 'very, very elaborate' hoax

",theage.com.au,http://www.theage.com.au/nsw/bomb-device-attached-to-mosman-schoolgirl-was-a-very-very-elaborate-hoax-20110804-1icbe.html
2011-08-04,21:29:35,j8ql8,676,"Shell admits liability for huge Nigeria oil spill. 'BP did more in six months for the US communities than Shell has done in 50 years for the Ogoniland,' activist says.",msnbc.msn.com,http://www.msnbc.msn.com/id/44015602/ns/world_news-africa/#.TjqQl7bLd3U
2011-08-04,17:07:35,j8meb,405,India to give $2bn to fund bailouts in Europe,timesofindia.indiatimes.com,http://timesofindia.indiatimes.com/india/India-to-give-2bn-to-fund-bailouts-in-Europe/articleshow/9463341.cms
2011-08-04,23:13:42,j8t7b,125,"UK copyright law shake-up will give £8bn boost to economy: Business Sec, Vince Cable, ""We are removing the barriers to the intellectual property system to encourage innovation. We need a legal framework that supports consumer use rather than one that sees it as regrettable."" ",telegraph.co.uk,http://www.telegraph.co.uk/finance/newsbysector/mediatechnologyandtelecoms/digital-media/8680343/Vince-Cable-copyright-law-shake-up-will-give-8bn-boost-to-economy.html
2011-08-04,12:32:57,j8fuw,92,"Policies that have frustrated Palestinians for years are now being applied to middle-class Israelis, too",english.aljazeera.net,http://english.aljazeera.net/indepth/opinion/2011/07/201172594733901222.html
2011-08-04,20:57:12,j8pz8,88,"Pet owners get to keep their dogs thanks to wave of fierce protests after Chinese city ordered 30,000 pet dogs seized & killed in bid to stop spread of rabies -  The plan was criticized as unscientific & inhumane by experts",chinadaily.com.cn,http://www.chinadaily.com.cn/china/2011-08/04/content_13051366.htm
2011-08-05,03:07:14,j912d,72,"The secret British interrogation policy that could never be made public: ""Tony Blair's government was guilty of developing something close to a criminal policy""",guardian.co.uk,http://www.guardian.co.uk/politics/2011/aug/04/secret-interrogation-policy-public
2011-08-05,05:54:08,j96yq,57,Stocks collapse on global slowdown fears ,english.aljazeera.net,http://english.aljazeera.net/business/2011/08/201184202815736376.html
2011-08-05,05:00:48,j9567,56," Niger delta oil spills clean-up will take 30 years, says UN",guardian.co.uk,http://www.guardian.co.uk/environment/2011/aug/04/niger-delta-oil-spill-clean-up-un
2011-08-04,21:23:14,j8qh2,54,"UK officials were allowed to interrogate tortured prisoners, document shows.",guardian.co.uk,http://www.guardian.co.uk/politics/2011/aug/04/uk-allowed-interrogate-tortured-prisoners
2011-08-04,16:56:59,j8m7t,54,Japan drives down yen as crisis grips world financial markets - Bank of Japan sells more than one trillion yen to stem currency's value,guardian.co.uk,http://www.guardian.co.uk/business/2011/aug/04/japan-yen-crisis-financial
2011-08-05,01:49:08,j8yb8,49,"For Syrians living in the city of Hama, it's a recurring nightmare — the sounds of tanks rolling into the city center, and screams. Activists say hundreds killed in Syria.",globalpost.com,http://www.globalpost.com/dispatches/globalpost-blogs/the-casbah/activists-say-hundreds-killed-syria
2011-08-05,05:26:02,j95zf,38,"Syrian army intensifies Hama assault: ""I saw with my own eyes one young boy on a motorcycle who was carrying vegetables being run over by a tank.""",english.aljazeera.net,http://english.aljazeera.net/video/middleeast/2011/08/201184164827951693.html#.Tjr_-1pf9nU.reddit
2011-08-04,21:41:03,j8qt2,34,French court orders probe of IMF chief Lagarde's role in a much-criticized $400 million arbitration deal in favor of a controversial tycoon.,sfgate.com,http://www.sfgate.com/cgi-bin/article.cgi?f=/n/a/2011/08/04/international/i045907D18.DTL
2011-08-04,08:56:56,j89l7,34,"Libya Allying With Islamists, Qaddafi Son Says: ""The liberals will escape or be killed,"" vows Seif el-Islam el-Qaddafi . . . ""Libya will look like Saudi Arabia, like Iran. So what?""",nytimes.com,http://www.nytimes.com/2011/08/04/world/africa/04seif.html?pagewanted=all
2011-08-04,19:34:32,j8opb,33,"Canadian government accused of 'unprecedented' tar sands lobbying - 
'Friends of the Earth Europe' claims ministers have attempted to undermine European fuel legislation that would affect exports",guardian.co.uk,http://www.guardian.co.uk/environment/2011/aug/04/canada-tar-sands-lobbying?intcmp=122
2011-08-04,13:52:56,j8i2a,30,Italy likely to default ,bbc.co.uk,http://www.bbc.co.uk/news/business-14396557
2011-08-05,07:50:28,j9ak9,24,"Chile police, students clash in banned protests",google.com,http://www.google.com/hostednews/ap/article/ALeqM5jqULtHKWIxzqGF8PYMun6Dw3Nucg?docId=7bf760a51e494f089d0814a63d50e5dd
2011-08-04,10:08:23,j8bnf,23,Swedish man caught trying to split atoms at home,sacbee.com,http://www.sacbee.com/2011/08/03/3814103/swedish-man-caught-trying-to-split.html
2011-08-04,17:42:27,j8myj,23,BBC News - Piers Morgan 'needs to explain hacking comments',bbc.co.uk,http://www.bbc.co.uk/news/uk-14399307
2011-08-04,23:37:52,j8txi,23,"Canada Fires Environment Ministry Scientists &  Meteorologists, Hires Oil Lobbyists",thestar.com,http://www.thestar.com/news/canada/politics/article/1034331--700-environment-canada-jobs-on-the-chopping-block
2011-08-04,22:27:07,j8rx3,22,A French court on Thursday ordered an investigation into new IMF chief Christine Lagarde's role in a much-criticized $400 million arbitration deal in favor of a controversial tycoon.,hosted.ap.org,http://hosted.ap.org/dynamic/stories/E/EU_FRANCE_IMF_CHIEF?SITE=AP&SECTION=HOME&TEMPLATE=DEFAULT
2011-08-05,06:50:36,j98s0,22,Shouting in the Dark - The story of the Arab revolution that was forgotten by the world,english.aljazeera.net,http://english.aljazeera.net/programmes/2011/08/201184144547798162.html
2011-08-05,04:47:40,j94oy,22,"Smolensk air crash: Poland sacks top military officers - Thirteen top Polish military officers have been fired, and a deputy defence minister has resigned, over last year's air disaster in western Russia.",bbc.co.uk,http://www.bbc.co.uk/news/world-europe-14410153
2011-08-05,02:11:54,j8z3i,19,"China to cap energy use in national low-carbon plan - 
Limit is expected to form cornerstone of 5-year plan to curb surging greenhouse gas emissions",guardian.co.uk,http://www.guardian.co.uk/environment/2011/aug/04/china-cap-energy-plan?intcmp=122
2011-08-04,20:36:41,j8pmi,20,UK to debate the return of Death Penalty,bbc.co.uk,http://www.bbc.co.uk/news/uk-politics-14400246
2011-08-05,01:49:46,j8ycd,19,"Somalian refugees, fleeing the drought, arrived bedraggled, exhausted and often bereaved in Dadaab, Kenya, where an overcrowded complex of camps, built for 90,000, now houses about 400,000 people.",globalpost.com,http://www.globalpost.com/photo-galleries/planet-pic/5672171/somalis-flee-kenyan-refugee-camps
2011-08-05,05:54:23,j96z3,15,Facebook 'used to hunt down Bahrain dissidents' ,telegraph.co.uk,http://www.telegraph.co.uk/expat/expatnews/8681230/Facebook-used-to-hunt-down-Bahrain-dissidents.html
