2011-07-25,14:19:35,iyxb9,1651,"Firsthand account of Utøya Massacre (crosspost from r/linux, of all places) ",gunkies.org,http://gunkies.org/blog/?p=91
2011-07-25,01:13:56,iyfdi,944,"Experts Baffled By Mysterious Underground Chambers --- More than 700 small tunnel networks have been found in southern Germany. There are hundreds more in Austria. Who built them, when and why? Archeologists are only just beginning to piece together the answers",spiegel.de,"http://www.spiegel.de/international/zeitgeist/0,1518,775348,00.html"
2011-07-25,19:14:56,iz2as,279,"In the media, Breivik has been characterised as a deranged loner. Nothing could be further from the truth. Breivik's acts were entirely consistent with others by European fascists. More importantly, Breivik's ideas firmly reflect mainstream right-wing discourse.",thehindu.com,http://www.thehindu.com/opinion/lead/article2290619.ece
2011-07-25,10:24:54,iyrmb,257,Charlie Brooker on the UK's media trying desperately to find which Muslim group committed the Norwegian atrocities.,guardian.co.uk,http://www.guardian.co.uk/commentisfree/2011/jul/24/charlie-brooker-norway-mass-killings
2011-07-25,21:35:13,iz4hd,216,Hackers hit Italian cyber-police: Hackers have started to release gigabytes of secret documents stolen from an Italian cybercrime unit.,bbc.co.uk,http://www.bbc.co.uk/news/technology-14277723
2011-07-25,15:30:34,iyysv,209,"One of the gunman in Norway's first victims: Off-duty police officer who went straight ahead towards the gunman when the shooting started, he's also the crown princess's step brother. ",translate.google.com,http://translate.google.com/translate?js=n&prev=_t&hl=no&ie=UTF-8&layout=2&eotf=1&sl=auto&tl=en&u=http%3A%2F%2Fwww.vg.no%2Fnyheter%2Finnenriks%2Foslobomben%2Fartikkel.php%3Fartid%3D10080736
2011-07-25,23:53:48,iz7ow,185,Oslo attacks: Why did so many experts blame Islamic terrorists? - By Christopher Hitchens ,slate.com,http://www.slate.com/id/2299959/pagenum/all/
2011-07-25,09:08:08,iypt7,139,Norway Killer Anders Behring Breivik may be part of a bigger anti-Islamic Right Wing network that is preparing to carry out similar attacks in Europe.,telegraph.co.uk,http://www.telegraph.co.uk/news/worldnews/europe/norway/8658664/Hunt-for-Britons-linked-to-Norway-killer-Anders-Behring-Breivik.html
2011-07-25,19:00:59,iz233,135,The Vatican has recalled its envoy to Ireland following Taoiseach Enda Kenny's trenchant criticism of the Holy See’s role in covering up cases of clerical child sex abuse.,irishtimes.com,http://www.irishtimes.com/newspaper/breaking/2011/0725/breaking19.html
2011-07-25,23:10:49,iz6l7,125,1.5 million Russians are addicted to heroin,globalpost.com,http://www.globalpost.com/dispatch/news/regions/europe/russia/110725/russia-afghanistan-heroin-addiction
2011-07-26,03:49:20,izesg,93,"Japan has passed a law that will enable the police and contractors to monitor internet activity without restriction to ""cleanse"" the Internet of any ""bad"" Fukushima radiation news.
",examiner.com,http://www.examiner.com/civil-rights-in-jersey-city/japan-passes-law-to-cleanse-internet-of-bad-fukushima-radiation-news#ixzz1T916xip6
2011-07-25,22:56:25,iz68t,75,Norwegian gunman 'has accomplices',bbc.co.uk,http://www.bbc.co.uk/news/world-europe-14280210?12
2011-07-25,15:14:55,iyyhd,70,"A Ridiculous Rapid Response: Why did so many ""experts"" declare the Oslo attacks to be the work of Islamic terrorists?",slate.com,http://www.slate.com/id/2299959/
2011-07-26,00:21:30,iz8gf,67,China's effort to muzzle news of train crash sparks outcry,reuters.com,http://www.reuters.com/article/2011/07/25/us-china-train-censorship-idUSTRE76O1IG20110725
2011-07-25,15:41:02,iyz09,65,Hacker Claims to Have Obtained 8GB Worth of Multinational Content - Threatens to Release it Soon,zeropaid.com,http://www.zeropaid.com/news/94630/load-gearing-up-for-massive-8gb-multinational-data-dump/
2011-07-26,00:27:13,iz8mg,65,"Norway attacks: ""Breivik was my friend on Facebook. I've seen what fed his hatred. I was once a member of Sweden's nationalist party, but vile online propaganda drove me away.""",guardian.co.uk,http://www.guardian.co.uk/commentisfree/2011/jul/24/anders-breivik-facebook-hatred
2011-07-26,02:46:40,izcrd,55,"At least 100,000 attend Oslo anti-violence rally
| Reuters

",reuters.com,http://www.reuters.com/article/2011/07/25/us-norway-march-idUSTRE76O4EV20110725?feedType=RSS&feedName=worldNews&utm_source=feedburner&utm_medium=feed&utm_campaign=Feed%3A+reuters%2FworldNews+%28News+%2F+US+%2F+International%29
2011-07-26,03:59:46,izf4r,41,NPR: Norway Suspect Claims to be Part of Terror Network,npr.org,http://www.npr.org/2011/07/25/138667137/suspect-in-norway-attacks-wants-open-hearing
2011-07-25,11:36:32,iytb9,35,"Teenage Afghan asylum seeker who fled to Norway two years ago one of dozens still hospitalized having sustained four gunshot wounds. Still holds a positive view of his adopted home. ""I have experienced much good in Norway, so much good,""",guardian.co.uk,http://www.guardian.co.uk/world/feedarticle/9762017
2011-07-25,13:54:58,iyws5,35,Staff across all of News International newspapers warned not to delete or destroy documents relating to any of the phone-hacking investigations,independent.co.uk,http://www.independent.co.uk/news/uk/crime/news-international-staff-told-to-stop-deleting-emails-2319910.html
2011-07-25,11:44:33,iytij,33,Giant sinkhole found under a bed in Guatemala City,globalpost.com,http://www.globalpost.com/dispatches/globalpost-blogs/que-pasa/guatemala-sinkhole-photo
2011-07-26,00:14:48,iz89q,33,"BP not making money, so break it up in a deal worth $100 billion",bloomberg.com,http://www.bloomberg.com/news/2011-07-24/bp-breakup-worth-100-billion-to-jpmorgan.html
2011-07-25,12:06:22,iyu1l,30,"Why China's Deadly Train Crash Seems So Suspicious - 
Angry internet users question the government as the death toll reaches 35",theatlanticwire.com,http://www.theatlanticwire.com/global/2011/07/china-deadly-train-crash-suspicious/40334/
2011-07-26,05:10:34,izhdg,31,"Anti-Vaccination Groups are developing in places where Vaccinations are needed the most, the developing world.",npr.org,http://www.npr.org/blogs/health/2011/07/25/138672535/vaccine-mistrust-spreading-to-the-developing-world
2011-07-26,01:48:13,izayi,31,"Analysis: Norway massacre exposes incendiary immigration issue

",reuters.com,http://www.reuters.com/article/2011/07/25/us-norway-multiculturalism-idUSTRE76O3H220110725
2011-07-25,23:16:55,iz6qk,31,Norway judge: Terror suspect mentioned 'two more cells',jpost.com,http://www.jpost.com/International/Article.aspx?id=230919
2011-07-26,01:48:21,izayt,30, Chinese anger over alleged cover-up of high-speed rail crash. Authorities accused of muzzling media coverage after crash in Zhejiang province,guardian.co.uk,http://www.guardian.co.uk/world/2011/jul/25/chinese-rail-crash-cover-up-claims
2011-07-25,22:45:28,iz5zk,25,"Palestine, the UN, and international law:
If Palestine were granted admission to the UN, the Middle East peace process could be set on a new path.",english.aljazeera.net,http://english.aljazeera.net/indepth/opinion/2011/07/201172584136606884.html
2011-07-25,19:31:50,iz2k7,26,Syria to 'allow political parties',bbc.co.uk,http://www.bbc.co.uk/news/world-middle-east-14274891
2011-07-26,02:16:17,izbtb,22,The day they signed the death warrant for the NHS - Telegraph,telegraph.co.uk,http://www.telegraph.co.uk/health/healthadvice/maxpemberton/8655242/The-day-they-signed-the-death-warrant-for-the-NHS.html
