2011-10-21,11:43:12,ljh71,472,700 metres of the Great Wall of China collapses due to excessive mining,news.xinhuanet.com,http://news.xinhuanet.com/english2010/china/2011-10/19/c_131200476.htm
2011-10-21,12:54:02,ljjk2,373,"Yue Yue, the little girl run over by two trucks, has now died.",smh.com.au,http://www.smh.com.au/world/chinas-hitrun-scandal-yueyue-dies-20111021-1mbpc.html
2011-10-21,16:20:15,ljp0s,299,Global warming 'confirmed' by independent study,bbc.co.uk,http://www.bbc.co.uk/news/science-environment-15373071
2011-10-21,02:09:02,livtg,244,"Basque separatist group Eta says it has called a ""definitive cessation"" to its campaign of bombings and shootings.",bbc.co.uk,http://www.bbc.co.uk/news/world-europe-15393014
2011-10-21,21:59:03,ljv71,236,India mulls law to make private sector bribes a criminal offense,globalpost.com,http://www.globalpost.com/dispatches/globalpost-blogs/the-rice-bowl/india-mulls-law-make-private-sector-bribes-criminal-offens
2011-10-21,20:48:59,ljtpe,193,"Gadhafi's last words: ""Do you know right from wrong?""",msnbc.msn.com,http://www.msnbc.msn.com/id/44986347/ns/world_news-mideast_n_africa/#.TqFcDd2Sd20
2011-10-21,08:33:55,ljamx,190,Protesting students seize Chile's Senate building,news.yahoo.com,http://news.yahoo.com/protesting-students-seize-chiles-senate-building-215311625.html
2011-10-22,06:20:25,lkdij,177,"David Attenborough: 'I'm an essential evil' David Attenborough's latest TV series, Frozen Planet, is being heralded as his take on climate change. Now 85, he explains why - finally - he's speaking out on the issue, and shares the joys of a long life spent filming sex and death in the wild",guardian.co.uk,http://www.guardian.co.uk/tv-and-radio/2011/oct/21/david-attenborough-frozen-planet-climate-change
2011-10-21,23:24:39,ljxni,152,Syrian protesters to Assad: You're next,cbsnews.com,http://www.cbsnews.com/8301-202_162-20123676/syrian-protesters-to-assad-youre-next/
2011-10-21,13:52:56,ljlde,151,Police move in on Occupy Melbourne as protesters defy eviction order.,smh.com.au,http://www.smh.com.au/victoria/police-surround-city-square-as-protesters-defy-eviction-order-20111021-1mb07.html
2011-10-22,03:14:40,lk6fg,132,"Swedish Court: Snapping pics of sleeping woman's breasts 'not a crime' - Two young men who bared and took pictures of the breasts of a passed-out 18-year-old woman are not guilty of sexual molestation because the girl wasn't aware that she was being molested at the time, a Swedish court has ruled.",thelocal.se,http://www.thelocal.se/36882/20111021/
2011-10-21,16:29:07,ljp7a,129,Robert Fisk: You can't blame Gaddafi for thinking he was one of the good guys,independent.co.uk,http://www.independent.co.uk/opinion/commentators/fisk/robert-fisk-you-cant-blame-gaddafi-for-thinking-he-was-one-of-the-good-guys-2373796.html
2011-10-21,21:44:24,ljuuh,122,Gaddafi daughter in hospital after watching her father lynched on TV,albawaba.com,http://www.albawaba.com/news/gaddafi-daughter-hospital-after-watching-her-father-lynch-tv-397826
2011-10-21,15:25:56,ljnu0,105,Mogadishu massacre - 70 AU troops killed,news24.com,http://www.news24.com/Africa/News/Mogadishu-massacre-70-AU-troops-killed-20111020
2011-10-21,21:36:23,ljuod,104,Qaddafi Was Captured Alive -- Who Killed Him?,theatlantic.com,http://www.theatlantic.com/international/archive/2011/10/qaddafi-was-captured-alive-who-killed-him/247113/
2011-10-22,05:37:19,lkbzk,104,Iraq rejects US request to maintain bases after troop withdrawal,guardian.co.uk,http://www.guardian.co.uk/world/2011/oct/21/iraq-rejects-us-plea-bases
2011-10-22,02:52:28,lk5kc,79,Iceland's President declares support for Occupy Wall Street - protests organized by social media and technological developments are healthy for society,edition.cnn.com,http://edition.cnn.com/2011/10/21/tech/innovation/iceland-president-social-media/
2011-10-22,02:18:25,lk46q,72,Obama: Iraq war will be over by year's end; all troops coming home - CNN.com,cnn.com,http://www.cnn.com/2011/10/21/world/meast/iraq-us-troops/?hpt=hp_c1
2011-10-22,04:15:50,lk8yd,68,Hacking Update: News Corp To Pay $4.8M To Family Of Murdered Girl; Allegations “Tip Of The Iceberg” ,deadline.com,http://www.deadline.com/2011/10/hacking-update-news-corp-to-pay-4-8m-to-family-of-murdered-girl/
2011-10-22,02:02:46,lk3i5,61,"Messengers of Death: Are Drones Creating a New Global Arms Race?
",spiegel.de,"http://www.spiegel.de/international/world/0,1518,792590,00.html"
2011-10-21,23:07:24,ljx4l,57,Hundreds demonstrated against the growing criminalization of homelessness in Budapest,avarosmindenkie.blog.hu,http://avarosmindenkie.blog.hu/2011/10/21/hundreds_demonstrated_against_the_growing_criminalization_of_homelessness_in_budapest
2011-10-21,12:58:39,ljjpn,56,"India sixth largest contributor to global wealth -- 
Report: India’s total wealth rose by $1.3 trillion to reach $4.1 trillion in 2011; expected to top $8.9 trillion by 2016",globalpost.com,http://www.globalpost.com/dispatches/globalpost-blogs/the-rice-bowl/india-sixth-largest-contributor-global-wealth
2011-10-22,01:17:45,lk1su,47,"UK Met facing mounting crisis as activist spying operation unravels: ..virtually nothing was known about the secretive police units which, for four decades, had been surreptitiously disrupting the activities of political campaign groups",guardian.co.uk,http://www.guardian.co.uk/uk/2011/oct/20/met-crisis-activist-spying-operation
2011-10-22,03:20:03,lk6ne,36,"Turkey sends 10,000 troops to Iraq border who are backed up by F-16 warplanes, helicopter gunships and drones.",independent.co.uk,http://www.independent.co.uk/news/world/middle-east/turkey-sends-10000-troops-to-iraq-border-2373596.html
2011-10-21,13:14:58,ljk8m,36,Guatemala apologises to Arbenz family for 1954 coup:  Guatemala's government has apologised to the family of former President Jacobo Arbenz who was toppled in 1954 in a CIA-backed coup. ,bbc.co.uk,http://www.bbc.co.uk/news/world-latin-america-15383476
2011-10-21,20:45:29,ljtmp,36,"Turkey, Iran to Collaborate Against Kurdish Rebels",abcnews.go.com,http://abcnews.go.com/International/wireStory/turkey-seeks-irans-support-kurdish-rebels-14784724
2011-10-22,04:49:25,lka6y,28,"Gaddafi's 'trophy' body on display in Misrata meat store, wounds suggest he was killed in cold blood",guardian.co.uk,http://www.guardian.co.uk/world/2011/oct/21/muammar-gaddafi-body-misrata-meat-store
2011-10-21,23:56:22,ljyqw,30,The death of ex-Libyan dictator Muammar Gaddafi could pave the way for the settlement of legal claims by IRA victims and their families in Northern Ireland. During the 1980s Gaddafi sent large quantities of arms and explosives to Ireland to be used by the IRA. ,irishcentral.com,http://www.irishcentral.com/news/Death-of-Gadaffi-means-peace-for-IRA-victims-families-132303338.html
2011-10-21,13:33:23,ljktp,27,Occupy Melbourne: Peaceful protesters forcibly removed by riot police.,news.com.au,http://www.news.com.au/top-stories/occupy-melbourne-riot-police-drag-protesters-from-city-square/comments-e6frfkp9-1226172791776
2011-10-21,13:06:58,ljjyj,24, Chilean students occupy congress to press demands,bbc.co.uk,http://www.bbc.co.uk/news/world-latin-america-15397816
