2011-07-18,20:34:20,isqhu,1390,David Cameron's meetings with Rupert Murdoch's executives in a year exceed those with all other news organisations put together. Not a single figure from the BBC was granted an audience.,guardian.co.uk,http://www.guardian.co.uk/media/2011/jul/18/david-cameron-paul-stephenson-hacking
2011-07-18,17:39:54,isnz6,804,News Corp shares hit two-year low on hacking arrest,bbc.co.uk,http://www.bbc.co.uk/news/business-14181119
2011-07-18,22:14:09,iss8l,720,Top Chinese gymnast found begging on the street .,telegraph.co.uk,http://www.telegraph.co.uk/news/worldnews/asia/china/8645237/Top-Chinese-gymnast-found-begging-on-the-street.html
2011-07-18,13:28:19,isj8c,293,Video of explosion of soviet arms depot in Abadan,azathabar.org,http://www.azathabar.org/video/21430.html
2011-07-19,02:18:56,isyun,267,"One man has been scouring the coast of Japan on foot with nothing but a chainsaw, a shovel and three photographs for hours everyday for the last 5 months in the hopes of finding his missing wife and daughter.",articles.latimes.com,http://articles.latimes.com/2011/jul/15/world/la-fg-japan-family-search-20110716
2011-07-19,07:08:20,it7zv,237,"LulzSec hacks the site of Murdoch's other tabloid paper 'The Sun' and reports on his ""death""",zdnet.com,http://www.zdnet.com/blog/security/lulzsec-returns-this-time-aimed-at-rupert-murdoch/9079
2011-07-18,10:25:05,isesq,206,Zahi Hawass to no longer appear in every single TV special on Egypt,google.com,http://www.google.com/hostednews/ap/article/ALeqM5ijBtFZ08OmsLpDoUeg-YSLO-p1Sg?docId=036d849b7eed4fd4ab3516b948a1f7ad
2011-07-18,10:25:04,isesn,166,"British Police Commissioner resigns due to phone hacking. Takes 
swipe at Prime Minister David Cameron in resignation speech: ""I'll 
take responsibility: what about you?""",guardian.co.uk,http://www.guardian.co.uk/commentisfree/2011/jul/18/paul-stephenson-resignation-phone-hacking
2011-07-18,17:29:09,isnt6,107,Australia govt steps up rhetoric over Murdoch papers,uk.reuters.com,http://uk.reuters.com/article/2011/07/18/newscorp-australia-idUKL3E7II0DY20110718
2011-07-18,20:10:09,isq4e,104,"Climate sceptic Lord Monckton told he's not member of House of Lords - 
Clerk of parliaments publishes letter on Lords' site saying peer is not and has 'never been a member of the House of Lords'",guardian.co.uk,http://www.guardian.co.uk/environment/2011/jul/18/climate-monckton-member-house-lords
2011-07-19,05:02:33,it43f,88, Police examine bag found in bin near Rebekah Brooks's home ,guardian.co.uk,http://www.guardian.co.uk/media/2011/jul/18/mystery-bag-bin-rebekah-brooks
2011-07-19,01:55:18,isy2w,86,Israel rapped for jailing palestinian kids as young as 12,bbc.co.uk,http://www.bbc.co.uk/news/world-middle-east-14189730
2011-07-18,13:24:10,isj50,61,"A senior adviser to Afghan President Hamid Karzai was shot and killed in his home in Kabul yesterday, less than a week after the assassination of Karzai’s half brother. ",bloomberg.com,http://www.bloomberg.com/news/2011-07-18/afghan-president-karzai-s-adviser-killed-less-than-week-after-half-brother.html
2011-07-18,23:07:21,istfl,58,Sex in mosque riles angry mob: Villagers swarm mosque after teen couple discovered undressed in bathroom,globalpost.com,http://www.globalpost.com/dispatches/globalpost-blogs/the-rice-bowl/sex-mosque-riles-angry-mob
2011-07-19,03:30:18,it14r,56,"Sean Hoare, the whistleblower reporter who alleged widespread hacking at the News of the World, has been found dead",old.news.yahoo.com,http://old.news.yahoo.com/s/ap/20110718/ap_on_bi_ge/eu_britain_phone_hacking
2011-07-18,20:56:05,isqts,56,"Police gun down rioters in China's Xinjiang, at least 4 dead",reuters.com,http://www.reuters.com/article/2011/07/18/us-china-xinjiang-attack-idUSTRE76H1G720110718
2011-07-18,08:03:14,isbkf,49,Tunisia's draft constitution may ban ties with Israel,jpost.com,http://www.jpost.com/MiddleEast/Article.aspx?id=229774&R=R3
2011-07-19,03:30:04,it14h,45,"London's top counterterrorism official resigns, the latest high profile perpetrator of the phone-hacking scandal ",msnbc.msn.com,http://www.msnbc.msn.com/id/43790889/ns/world_news-europe/
2011-07-18,22:18:09,issb1,44,Senior London police officer John Yates resigns in U.K. phone hacking inquiry,content.met.police.uk,http://content.met.police.uk/News/Statement-re-AC-John-Yates/1260269285233/1257246745756
2011-07-18,11:24:31,isg41,48,Syrian Forces Mass Near Town Where Many Soldiers Have Defected,nytimes.com,http://www.nytimes.com/2011/07/18/world/middleeast/18syria.html
2011-07-18,08:58:36,isct9,41,"Egypt's iconic antiquities chief, Zahi Hawass, fired",msnbc.msn.com,http://www.msnbc.msn.com/id/43787940/ns/technology_and_science-science/
2011-07-18,22:46:45,issx2,40,"Territorial rights and the Internet: ""This Painting is Not Available in Your Country""",boingboing.net,http://www.boingboing.net/2011/07/18/territorial-rights-a.html
2011-07-18,08:42:55,iscgp,34,A spate of exceptionally brutal rapes in the northern state of Uttar Pradesh has shocked India. Many of the victims were young girls. ,bbc.co.uk,http://www.bbc.co.uk/news/world-south-asia-14058814
2011-07-19,07:47:32,it94l,34,Sun website hacked by LulzSec,guardian.co.uk,http://www.guardian.co.uk/media/2011/jul/18/sun-website-hacked-lulzsec
2011-07-18,17:48:28,iso3q,35,Palestinians planning 'massive' diplomatic push for state recognition,haaretz.com,http://www.haaretz.com/news/diplomacy-defense/erekat-palestinians-planning-massive-diplomatic-push-for-state-recognition-1.373848
2011-07-19,06:38:58,it73f,36,WATCH: Unbelievable Footage Of The Arms Depot Explosion Turkmenistan Tried To Cover Up,businessinsider.com,http://www.businessinsider.com/turkmenistan-explosion-soviet-arms-depot-2011-7
2011-07-18,12:11:45,ishcu,34,Thousands rally in Morocco over reform plan: Both backers and critics of reforms have held protests across the Kingdom after its recent referendum.,english.aljazeera.net,http://english.aljazeera.net/news/africa/2011/07/201171811243633791.html
2011-07-18,21:38:32,isrka,30,"Inside Rebekah Brooks' News Of The World --- 
""Journalists who worked there describe an industrialised operation of dubious information-gathering, reporters under intense pressure attempting to land exclusive stories by whatever means necessary, and a culture of fear""",in.reuters.com,http://in.reuters.com/article/2011/07/16/idINIndia-58291720110716
2011-07-18,23:09:55,istib,30,Scotland Yard's Yates resigns amid intensifying Murdoch scandal  ,theglobeandmail.com,http://www.theglobeandmail.com/news/world/europe/scotland-yards-yates-resigns-amid-intensifying-murdoch-scandal/article2100532/
2011-07-18,14:00:35,isjxx,33,Australian confesses to Burma war crimes,abc.net.au,http://www.abc.net.au/news/2011-07-18/australian-burma-war-crimes/2798988
