2011-04-01,23:52:26,ggf5z,1403,"Afghan Mob Kills 10 UN Workers (to protest Koran-
burning by Florida Pastor Terry Jones)",nytimes.com,http://www.nytimes.com/2011/04/02/world/asia/02afghanistan.html
2011-04-01,13:20:15,gg3cs,419,Saudis admit they supported Libya attack to mute US criticism of Bahrain,mondoweiss.net,http://mondoweiss.net/2011/03/saudis-admit-they-supported-libya-attack-to-mute-us-criticism-of-bahrain.html
2011-04-01,13:43:44,gg3v7,290,AC/DC's drummer Phil Rudd has his marijuana conviction overturned because it would affect his globe-trotting lifestyle,nz.entertainment.yahoo.com,http://nz.entertainment.yahoo.com/news/article/-/9118458/ac-dc-drummers-drug-conviction/
2011-04-01,13:46:29,gg3xz,253,"World's largest concrete-pump, with 70-foot boom, en route to Fukushima. ""Our understanding is, they are preparing to go to next phase and it will require a lot of concrete"".",chronicle.augusta.com,http://chronicle.augusta.com/latest-news/2011-03-31/srs-concrete-pump-heading-japan-nuclear-site?v=1301580247
2011-04-01,07:31:02,gfvme,160,"As panicked buzzwords like ""radiation"" and ""meltdown"" are being thrown around, many have forgotten what the real disaster is here.",boston.com,http://www.boston.com/bostonglobe/editorial_opinion/oped/articles/2011/03/28/amid_crippling_woes_perspective_is_lost/
2011-04-01,01:48:41,gfn1n,116,"Fukushima Mother: 'They Have Accepted They Will All Probably Die.' The Fukushima workers, it turns out, aren't talking because they've been asked not to",theatlanticwire.com,http://www.theatlanticwire.com/global/2011/03/mother-fukushima-worker/36240/
2011-04-01,22:19:53,ggcvk,84,"Siege begins at presidential palace in UN-backed, media-ignored ""forgotten revolution"" in Ivory Coast",bbc.co.uk,http://www.bbc.co.uk/news/world-africa-12929625
2011-04-01,10:06:54,gfyyp,79,"Russian President Medvedev to Tests Limits of Power With Plan to Oust Putin Allies
",bloomberg.com,http://www.bloomberg.com/news/2011-03-31/medvedev-tests-limits-of-power-with-plan-to-oust-putin-allies.html
2011-04-02,05:12:08,ggnq0,66, High Radiation Level Readings Were NOT An Error: Radioactivity surges again at Fukushima ,latimes.com,"http://www.latimes.com/news/science/la-sci-japan-reactor-damage-20110331,0,5950026.story"
2011-04-01,22:59:42,ggdui,57,Federal Reserve lent money to Gaddafi's bank during econ crisis,americablog.com,http://www.americablog.com/2011/04/federal-reserve-lent-money-to-gaddafis.html
2011-04-01,23:59:02,ggfch,46,"A Koran-burning by a Florida pastor two weeks ago reportedly sparked a protest today in Kabul that resulted in the deaths of 10 U.N. workers, including possibly the leader of the U.N. mission.",nytimes.com,http://www.nytimes.com/2011/04/02/world/asia/02afghanistan.html?_r=1&hp
2011-04-02,03:47:10,gglin,41,"""Jumpers"" offered big money to brave Japan's nuclear plant",reuters.com,http://www.reuters.com/article/2011/04/01/us-japan-quake-jumpers-health-idUSTRE7303HD20110401
2011-04-01,09:08:07,gfxq8,32,"France's 101st, in the Indian Ocean...",dw-world.de,"http://www.dw-world.de/dw/article/0,,14957924,00.html"
2011-04-01,20:33:11,ggaw9,35,"Entomb? Cement pumps flown in to nuke plant.
Same company that helped seal in Chernobyl is sending equipment ",msnbc.msn.com,http://www.msnbc.msn.com/id/42359020/ns/world_news-asia-pacific/
2011-04-01,15:57:02,gg6s5,35, India 'to surpass China in population growth',bbc.co.uk,http://www.bbc.co.uk/news/world-south-asia-12930126
2011-04-02,00:01:19,ggfe6,30,Chinese authorities found three companies linked to Google Inc that broke tax rules and are investigating possible tax avoidance,guardian.co.uk,http://www.guardian.co.uk/technology/2011/apr/01/google-faces-tax-investigation-china
2011-04-02,04:54:34,ggn97,29,Dog rscud aftr floating for 3 wks aftr tsunami,weblogs.baltimoresun.com,http://weblogs.baltimoresun.com/features/mutts/blog/2011/04/dog_rescued_after_floating_wee.html
2011-04-02,05:30:12,ggo5s,23,"Gadafi's forces are winning on the ground, but key 
ministers are defecting. Why?",economist.com,http://www.economist.com/blogs/democracyinamerica/2011/04/libya
2011-04-02,01:53:50,ggii2,19,"7 civilians have been killed and 25 hurt after a coalition air strike in eastern Libya, a doctor has told the BBC.",bbc.co.uk,http://www.bbc.co.uk/news/world-africa-12931421
2011-04-02,07:02:00,ggq95,21,Women vie for votes in Nigeria,english.aljazeera.net,http://english.aljazeera.net/video/africa/2011/04/2011416202176639.html
2011-04-01,08:11:33,gfwhc,18,"Debating the merits of a press prize for Venezuela's Chávez:  A top Argentine university awarded a press prize to Hugo Chávez, who has pumped millions of dollars into community radio and TV stations. He has closed another 40.",csmonitor.com,http://www.csmonitor.com/World/Americas/2011/0331/Debating-the-merits-of-a-press-prize-for-Venezuela-s-Chavez
2011-04-01,22:46:33,ggdjp,13,"Crews 'facing 100-year battle' at Fukushima. ""...one expert says the radiation leaks will be ongoing and it could take 50 to 100 years before the nuclear fuel rods have completely cooled and been removed.""",abc.net.au,http://www.abc.net.au/news/stories/2011/04/01/3179487.htm
2011-04-01,17:53:39,gg8qn,13,Dr. Michio Kaku says three raging meltdowns under way at Fukushima.,naturalnews.tv,http://naturalnews.tv/v.asp?v=604AB3FA803FF3647DF6E34EC5E8C8A0
2011-04-01,19:18:34,gg9vj,13,180 Japanese who volunteered for the 'suicide mission' to try and save the Tukushima nuclear station from meltdown. These guys..these guys are true heroes.,dailyrecord.co.uk,http://www.dailyrecord.co.uk/news/uk-world-news/2011/03/18/brave-japanese-workers-volunteer-for-suicide-mission-to-save-nuclear-station-from-meltdown-86908-22997936/
2011-04-01,15:55:01,gg6qv,12,Lockerbie bombing prosecutors target Libyan defector Moussa Koussa ,guardian.co.uk,http://www.guardian.co.uk/world/2011/mar/31/lockerbie-bombing-prosecutors-moussa-koussa
2011-04-01,22:31:22,ggd6g,11,"China, Germany call for political solution to Libyan crisis",news.xinhuanet.com,http://news.xinhuanet.com/english2010/china/2011-04/01/c_13809451.htm
2011-04-02,07:30:19,ggqvg,11,"IAEA Briefing on Fukushima (1st Apr): no additional 
notable hotspots detected by roving monitoring 
team, but once again, no data provided on pressure 
of reactor #3",iaea.org,http://www.iaea.org/press/?p=1897
2011-04-02,02:32:43,ggjkt,9,YEMEN: Opposition Says The 'Al Qaeda Islamic Emirate' Is A Ruse That The Western Media Is Swallowing Whole,businessinsider.com,http://www.businessinsider.com/yemen-al-qaeda-islamic-emirate-2011-4#ixzz1IIH9C998
2011-04-02,06:01:54,ggovk,10,Bahrain wages unrelenting crackdown on Shiites,google.com,http://www.google.com/hostednews/ap/article/ALeqM5jT8sej7yw8Q5X_CxWP5pEU8uYDGQ?docId=0078ed18ef51465cb79aa1020bda88fb
2011-04-02,01:12:27,gghd8,9,"Gaddafi forces storm Misrata, rebels offer truce",news.yahoo.com,http://news.yahoo.com/s/nm/20110401/wl_nm/us_libya;_ylt=AuFjEO0OM0xAcq2e8J53I9P9xg8F;_ylu=X3oDMTJuaDZ2b25wBGFzc2V0A25tLzIwMTEwNDAxL3VzX2xpYnlhBGNjb2RlA3JkbmJlBGNwb3MDOARwb3MDOARzZWMDeW5fdG9wX3N0b3JpZXMEc2xrA2dhZGRhZmlmb3JjZQ--
