2011-02-28,09:41:18,fu01z,1469,African mercenaries hired by the Gaddafi regime to kill Libyan protesters would be immune from prosecution for war crimes due to a clause in this weekend's UN resolution that was demanded by US,telegraph.co.uk,http://www.telegraph.co.uk/news/worldnews/africaandindianocean/libya/8350968/Libya-African-mercenaries-immune-from-prosecution-for-war-crimes.html
2011-02-28,23:37:25,fucip,832,"Wikileaks goes after the Saudi royal family - ""Besides the huge monthly stipends that every Saudi royal receives, the cables detail various money-making schemes some royals have used to finance their lavish lifestyles over the years.""",ca.news.yahoo.com,http://ca.news.yahoo.com/special-report-u-cables-detail-saudi-royal-welfare-20110228-024349-974.html
2011-02-28,10:41:51,fu14k,558,World wide peaceful protest against the banking/corporate elite and what they are doing to us and our planet. April 15-17. Lets make this big!!!,youtube.com,http://www.youtube.com/watch?v=kfy3IBiGhDQ&feature=watch_response
2011-03-01,00:45:05,fudxy,525,"Reddit, there's a group of young men and women trying to bring an end to one of Africa's tyrannical regimes and they could use your help. Sudanese forces are beating and imprisoning peaceful protesters demanding fair elections, fair wages and an end to corruption and injustice. ",af.reuters.com,http://af.reuters.com/article/topNews/idAFJOE71R02920110228?pageNumber=1&virtualBrandChannel=0
2011-02-28,19:28:43,fu8v7,194,CIA operative in Pakistan a terrorist organizer and recruiter: Does this surprise anyone?,alternet.org,http://www.alternet.org/world/150066/pakistani_and_indian_newspapers_say_us_cia_contractor_raymond_davis_organized_terrorist_activities/
2011-02-28,01:42:37,ftrth,169,[NSFL - graphic content] Motorist mows down dozens of cyclists at high speed in Porto Algere Brasil (Feb 25 2011),youtube.com,http://www.youtube.com/watch?v=6XL3g4vPK30&t=0m54s
2011-02-28,14:26:48,fu572,161,Silvio Berlusconi sex case witness has car torched,guardian.co.uk,http://www.guardian.co.uk/world/2011/feb/27/silvio-berlusconi-sex-case-witness
2011-02-28,10:49:32,fu196,148,Men Found Buried Alive At Gaddafi Compound ,news.sky.com,http://news.sky.com/skynews/Home/World-News/Benghazi-Libya-Seven-Prisoners-Rescued-From-Underground-Dungeon-Protesters-Claim/Article/201102415942002
2011-03-01,05:54:00,ful6p,125,"Iran has arrested opposition leaders Mirhossein Mousavi and Mehdi Karoubi, the opposition website Kaleme said on Monday. 
""Sources say that they have been arrested and transferred to Heshmatiyeh jail in Tehran,""",news.yahoo.com,http://news.yahoo.com/s/nm/20110228/wl_nm/us_iran_opposition_arrest_2
2011-02-28,17:51:13,fu7rm,90,Libyan Soldier Kills Battalion Commander,libyafeb17.com,http://www.libyafeb17.com/?p=2930
2011-02-28,13:03:05,fu3ni,89,Libya Photos: Inside a  Modern War Room,flickr.com,http://www.flickr.com/photos/aljazeeraenglish/5479532869/in/set-72157626148659956/
2011-02-28,13:21:33,fu401,79,African Dictator son orders Yacht worth $380 Million: His timing couldnt be worse. Popular uprisings in the middle east may spread to other countries!,news.yahoo.com,http://news.yahoo.com/s/ap/20110228/ap_on_re_af/af_equatorial_guinea_yacht_1
2011-03-01,04:16:23,fuiwu,82,Fidel Castro expected to step down as Cuba party chief ,reuters.com,http://www.reuters.com/article/2011/02/28/us-cuba-congress-idUSTRE71R6S020110228?feedType=RSS&feedName=topNews&utm_source=feedburner&utm_medium=feed&utm_campaign=Feed:+reuters/topNews+(News+/+US+/+Top+News)
2011-02-28,09:01:33,ftzdp,77,Rebel army may be formed as Tripoli fails to oust Gaddafi,washingtonpost.com,http://www.washingtonpost.com/wp-dyn/content/article/2011/02/26/AR2011022602622.html?referrer=reddit
2011-03-01,01:55:18,fufjq,75,Gaddafi says 'all my people love me',bbc.co.uk,http://www.bbc.co.uk/news/world-africa-12603259
2011-03-01,00:57:00,fue7a,60,A Facebook page calls for mass protests in Syria to oust President Bashar al-Assad,news.yahoo.com,http://news.yahoo.com/s/afp/20110226/tc_afp/syriapoliticsinternetdemo
2011-02-28,19:51:42,fu93h,60,Turkish Prime Minister Erdogan urges Turks not to Assimilate into German society,spiegel.de,"http://www.spiegel.de/international/europe/0,1518,748070,00.html"
2011-02-28,17:12:52,fu7cq,52,Foreign journalists roughed up in China. Why is this not getting more attention?,bbc.co.uk,http://www.bbc.co.uk/news/world-asia-pacific-12593328
2011-03-01,06:19:42,fulu4,48,"Robert Mugabe ready to offer Gaddafi asylum. This comes just days after 46 people in Zimbabwe were arrested for watching videos of the Egyptian protests. Reedit, what can we possibly do about these assholes?",thezimbabwemail.com,http://www.thezimbabwemail.com/zimbabwe/7411.html
2011-03-01,07:54:11,funxg,49,"Kenya, Ethiopia may attack al Shabaab",af.reuters.com,http://af.reuters.com/article/topNews/idAFJOE71R0GV20110228?sp=true
2011-02-28,19:44:15,fu90s,41,British contractor in Iraq gets 20 years for 2 killings.,latimes.com,"http://www.latimes.com/news/nationworld/world/la-fgw-iraq-contractor-20110301,0,7620730.story"
2011-02-28,12:12:15,fu2q5,30,China's latest Five Yr Plan calls for creating self-sustaining growth based on domestic consumption and reducing China's reliance on exports,businessweek.com,http://www.businessweek.com/ap/financialnews/D9LKPMBO3.htm
2011-02-28,13:09:25,fu3sb,27,Muslims and Christians Work Together in a New Egypt,goodnewsnetwork.org,http://www.goodnewsnetwork.org/most-popular/muslims-christians-post-egypt.html
2011-03-01,01:49:45,fufeq,23,BUSTED: Notorious Nepalese Rhino Poaching Syndicate Shall Kill No More!,bushwarriors.wordpress.com,http://bushwarriors.wordpress.com/2011/02/28/busted-notorious-nepalese-rhino-poaching-syndicate-shall-kill-no-more/
2011-02-28,22:11:01,fuavb,22,Argentina's ex-military leaders tried over baby thefts from political prisoners,bbc.co.uk,http://www.bbc.co.uk/news/world-latin-america-12597738
2011-02-28,13:09:48,fu3sh,23,Is Pakistan Next?,boston.com,http://www.boston.com/bostonglobe/editorial_opinion/oped/articles/2011/02/28/is_pakistan_next_in_line/
2011-02-28,22:34:50,fub9z,19,"17 die in freak electrocution at Brazil parade
",cbsnews.com,http://www.cbsnews.com/stories/2011/02/28/501364/main20037174.shtml?tag=stack
2011-02-28,21:37:01,fuadd,19,"Egypt Bans Export Of Gold ""In Any Form"" ",zerohedge.com,http://www.zerohedge.com/article/egypt-bans-export-gold-any-form
2011-02-28,21:19:05,fua4h,17,Yemen 'to declare unity government' within the next 24 hours,english.aljazeera.net,http://english.aljazeera.net/news/middleeast/2011/02/201122812920670286.html
2011-02-28,13:08:01,fu3rd,17,Defiant Gaddafi continues to blame foreigners and al-Qaeda for the unrest as circle of power continues to shrink.,english.aljazeera.net,http://english.aljazeera.net/news/africa/2011/02/201122792426740496.html
