2011-01-05,19:42:50,ewjqp,1356,"Cable from the U.S. Embassy in Tel Aviv says Israeli officials wanted Gaza's economy ""functioning at the lowest level possible consistent with avoiding a humanitarian crisis.""",haaretz.com,http://www.haaretz.com/news/diplomacy-defense/wikileaks-israel-aimed-to-keep-gaza-economy-on-brink-of-collapse-1.335354
2011-01-05,03:36:12,ew5kb,1048,"Over 3,000 birds fall dead in AR, over 500 in LA; 83,000 drum fish wash up on shore; 20,000 fish in Chesapeake Bay; 15 tons of fish wash up dying on shores of Brazil. In four days.",translate.google.com,http://translate.google.com/translate?js=n&prev=_t&hl=en&ie=UTF-8&layout=2&eotf=1&sl=auto&tl=en&u=http://www.parana-online.com.br/editoria/cidades/news/502434/%3Fnoticia%3DMORTANDADE%2BMISTERIOSA%2BDE%2BPEIXES%2BNO%2BLITO
2011-01-05,11:01:34,ewcmo,545,"Assange: WikiLeaks does not have concerns for ""US national security"", but rather for human beings",youtube.com,http://www.youtube.com/watch?v=qPS07zYpFDg
2011-01-06,01:08:37,ewon9,204,Greek professor of linguistics at Cambridge University credited with identifying an endangered Greek dialect which is spoken in a remote mountainous region in northeastern Turkey and is believed to be a “linguistic gold mine” because of its close similarities to ancient Greek.,ekathimerini.com,http://www.ekathimerini.com/4dcgi/_w_articles_politics_100010_05/01/2011_122140
2011-01-05,11:46:56,ewdgn,194,"President Ahmedinejad ""had harsh words for the West during a speech..on Tuesday [4 Jan 2011], telling them to 'respect other nations and their rights. Stop aggression and invasion...In doing so, nations will forgive you and give you an opportunity to make up for your past errors and heinous crimes'""",jpost.com,http://www.jpost.com/IranianThreat/News/Article.aspx?id=202173
2011-01-05,16:57:05,ewhzp,186,WikiLeaks: Chinese attacks on Google came from the top,edition.cnn.com,http://edition.cnn.com/2010/WORLD/asiapcf/12/05/wikileaks.china.google/index.html?iref=obinsite
2011-01-05,01:48:04,ew3gf,146,"""France is the country that conducts the most industrial espionage on other European countries, even ahead of China and Russia, said leaked US diplomatic cables quoted today by Norway's Aftenposten.""",heraldsun.com.au,http://www.heraldsun.com.au/news/breaking-news/france-heads-industrial-espionage-wikileaks-cables/story-e6frf7jx-1225982019775
2011-01-05,17:00:47,ewi1g,74,"Chinese adult children must, by law, visit parents regularly - China's new Elder Law",chinadaily.com.cn,http://www.chinadaily.com.cn/china/2011-01/05/content_11798424.htm
2011-01-05,19:46:35,ewjs1,72,40% of French and Germans believe the presence of a  muslims is a menace. 70% think muslims are not well integrated ,translate.google.com,http://translate.google.com/translate?js=n&prev=_t&hl=en&ie=UTF-8&layout=2&eotf=1&sl=fr&tl=en&u=http%3A%2F%2Fwww.lemonde.fr%2Fsociete%2Farticle%2F2011%2F01%2F04%2Fislam-et-integration-le-constat-d-echec-franco-allemand_1460748_3224.html&act=url
2011-01-05,21:09:56,ewkos,54,"Pedophile Priest Tony Walsh Face Slashed In Jail
",irishcentral.com,http://www.irishcentral.com/news/Pedophile-priest-Tony-Walsh-face-is-slashed-in-jail-112856419.html
2011-01-05,11:47:51,ewdh5,47,Israeli PM appeals to US to free CONVICTED SPY,news.yahoo.com,http://news.yahoo.com/s/ap/20110104/ap_on_re_mi_ea/ml_israel_convicted_spy?mwp_success=NONJS_POST_SUCCESS#mwpphu-container
2011-01-06,02:01:55,ewpsx,48,The Rise of the New Global Elite - The Atlantic,theatlantic.com,http://www.theatlantic.com/magazine/print/2011/01/the-rise-of-the-new-global-elite/8343/
2011-01-05,18:51:19,ewj7k,40,Birds fall dead from the sky in Sweden too! WTF is happening!? O.o,thelocal.se,http://www.thelocal.se/31262/20110105/
2011-01-06,00:07:34,ewneh,37,"I had no idea, but Greg Palast has been arrested! His latest blog is private but the slug says 'busted by BP in Azerbaijan'",gregpalast.com,http://www.gregpalast.com/palast-arrested-busted-by-bp-in-azerbaijan/
2011-01-05,13:04:27,eweqd,37,"Israeli air strikes hit Gaza. Israeli warplanes launched airstrikes Tuesday at two cities in Gaza, but there were no immediate reports of casualties, Palestinian and Israeli officials said.",edition.cnn.com,http://edition.cnn.com/2011/WORLD/meast/01/04/gaza.air.strikes/index.html?hpt=T2
2011-01-05,23:10:46,ewmee,36,"WikiLeaks: Israel aimed to keep Gaza economy on brink of collapse; ""there is no justification for demanding we allow residents of Gaza to live normal lives while shells and rockets are fired from their streets"" - Olmert",haaretz.com,http://www.haaretz.com/news/diplomacy-defense/wikileaks-israel-aimed-to-keep-gaza-economy-on-brink-of-collapse-1.335354?localLinksEnabled=false
2011-01-06,04:58:02,ewtdv,34,Romania's witches forced to pay income tax - are planning to use cat excrement and dead dogs to cast spells on the president and government.,news.yahoo.com,http://news.yahoo.com/s/ap/20110105/ap_on_re_eu/eu_romania_witchcraft
2011-01-06,04:18:07,ewsld,28,"""The Pentagon underestimated the speed at which China has developed and fielded a ballistic missile that may be capable of hitting a maneuvering U.S. aircraft carrier, the head of [United States] Navy intelligence said today [January 5, 2011].""",bloomberg.com,http://www.bloomberg.com/news/2011-01-05/china-s-ballistic-missile-stealth-fighter-advances-draw-attention-of-u-s-.html
2011-01-06,02:17:59,ewq4x,28,Police in the UK have banned ITN from a press conference because they highlighted bungled investigation into Joanna Yeates murder,channel4.com,http://www.channel4.com/news/police-search-for-joanna-yeates-missing-socks
2011-01-06,07:57:14,ewwsh,22,Mexico overtakes US in percentage of population that is overweight ,articles.cnn.com,http://articles.cnn.com/2011-01-04/world/mexico.obesity_1_obesity-rates-obese-people-junk-food?_s=PM:WORLD
2011-01-06,05:17:13,ewtrd,20,BBC News - Palestinians look for int'l support after failure of direct Israel talks,bbc.co.uk,http://www.bbc.co.uk/news/world-middle-east-12099625
2011-01-06,01:41:19,ewpcz,19,"Uganda court bans media outing people as Gay following campaign to expose gays in October alleging that gays had plans to recruit one million ""innocent kids"" by 2012.",guardian.co.uk,http://www.guardian.co.uk/media/greenslade/2011/jan/04/gay-rights-uganda
2011-01-05,11:06:00,ewcpt,18,"""In what appears to be the first diplomatic casualty from the latest WikiLeaks revelations, the U.S. ambassador to Libya has returned to Washington and is likely to leave his post, U.S. officials said Tuesday [January 4, 2011].""",mcclatchydc.com,http://www.mcclatchydc.com/2011/01/04/106191/wikileaks-voluptuous-nurse-cable.html
2011-01-05,11:51:15,ewdjk,18,"Mongolia is experiencing a huge resource-based economic boom, but will it become another Nigeria?",foreignpolicy.com,http://www.foreignpolicy.com/articles/2011/01/02/welcome_to_minegolia
2011-01-06,00:28:39,ewntl,14,"A convoy carrying humanitarian aid from India has reached the Gaza Strip with 1,000 tons of food and medical supplies",stockmarkettoday.in,http://stockmarkettoday.in/2011/01/04/convoy-from-india-reaches-gaza-strip/
2011-01-06,05:07:09,ewtjg,16,"France top culprit in industrial espionage - France is the country that conducts the most industrial espionage on other European countries, even ahead of China and Russia, said leaked US diplomatic cables quoted on Tuesday by Norway's Aftenposten.",swedishwire.com,http://www.swedishwire.com/nordic/7973-france-top-culprit-in-industrial-espionage
2011-01-05,21:14:59,ewkr2,12,Remember the councilman who took the last photo of his family that captured his assailants on camera ? Turns out he was packing too...but didn't risk firing because he didn't want his family to get hurt,newsinfo.inquirer.net,http://newsinfo.inquirer.net/inquirerheadlines/nation/view/20110105-312580/Councilman-had-gun-but-didnt-draw-it-says-wife
2011-01-06,02:47:42,ewqpo,15,Dubai assassins used email trojan to track Hamas victim - Mossad kill squad tried poison before hotel lock-hack,theregister.co.uk,http://www.theregister.co.uk/2011/01/05/mossad_dubai_assassination/
2011-01-05,22:15:42,ewlku,10,"Anti-Narcotic officer working with Goa Police , India , awarded last year for nabbing israeli drug peddler is himself busted on camera selling drugs to two foreigners.",ndtv.com,http://www.ndtv.com/article/cities/goa-policeman-seen-selling-drugs-on-tv-77065
2011-01-05,21:49:25,ewl6q,11,Love of 'Brigadoon' inspires Vegas tycoon to leave fortune to Scotland,independent.co.uk,http://www.independent.co.uk/news/people/news/love-of-brigadoon-inspires-vegas-tycoon-to-leave-fortune-to-scotland-2176161.html
