2011-08-31,09:06:03,jzlws,1052,World’s 7 billionth person about to be born,thehindu.com,http://www.thehindu.com/sci-tech/science/article2412108.ece
2011-08-31,20:06:21,k02ml,875,"In many German cities, Muslim arbiters, or ""peace judges,"" are settling criminal cases before law enforcement can bring the cases to court. That is undermining Germany's rule of law, according to a new book.",dw-world.de,"http://www.dw-world.de/dw/article/0,,15353693,00.html"
2011-08-31,00:46:43,jz56a,771,Israel sends 2 warships to Egyptian border; Iran set to send fleet to area as well,ynetnews.com,"http://www.ynetnews.com/articles/0,7340,L-4115781,00.html"
2011-08-31,09:08:18,jzlzc,554,"China jails Tibetan monks for 13 years as ""accessories to murder"" for burning suicide",latimes.com,"http://www.latimes.com/news/nationworld/world/la-fg-china-monks-20110831,0,5947771.story"
2011-08-31,13:09:02,jzu4i,419,"A tale of two cities: It's been 2 years since the city 
of Windsor Ontario had a murder - minutes away 
230 homocides in Detroit since January",calgaryherald.com,http://www.calgaryherald.com/news/tale+cities+Windsor+murder+free+while+Detroit+police+work+overtime/5268834/story.html
2011-09-01,00:27:50,k09hr,246,Germany kiboshes body scanners at airports - Body scanners being tested at Hamburg Airport are so error prone that the German government has decided not to introduce them across the country for the time being.,thelocal.de,http://www.thelocal.de/sci-tech/20110831-37295.html
2011-08-31,09:27:22,jzmkx,242,Pakistan to ban encryption software,guardian.co.uk,http://www.guardian.co.uk/world/2011/aug/30/pakistan-bans-encryption-software
2011-08-31,04:57:36,jzdtx,214,French Report: Legal Punishment for Filesharing as Severe as Manslaughter,zeropaid.com,http://www.zeropaid.com/news/95546/french-report-legal-punishment-for-filesharing-as-severe-as-manslaughter/
2011-08-31,21:35:31,k049h,168,Special forces raid BP Moscow offices,guardian.co.uk,http://www.guardian.co.uk/business/2011/aug/31/special-forces-raid-bp-moscow
2011-08-31,01:20:40,jz69u,139,Pakistani Man Murders Six Daughters in Honor Killing,ibtimes.com,http://www.ibtimes.com/art/services/print.php?articleid=193291
2011-08-31,20:04:08,k02le,126,"When Germany eliminated conscription this year, an extensive civil service program for conscientious objectors also came to an end. A new program launched to replace it, however, has not found enough volunteers. Now, many service organizations are facing shortages.",spiegel.de,"http://www.spiegel.de/international/germany/0,1518,783444,00.html"
2011-08-31,21:56:56,k04rx,119,"Hong Kong has seized nearly two tonnes of elephant ivory worth about $1.7 million hidden in a shipment from Malaysia and detained a local man over the haul, customs authorities said Wednesday. ",physorg.com,http://www.physorg.com/news/2011-08-hong-kong-seizes-smuggled-elephant.html
2011-08-31,02:27:33,jz8lv,112,Chinese factory workers make vehement appeals to i-pad giant APPLE for providing medical compensation for poison affected workers who worked in making touchscreens for i-phone.,sharpindian.in,http://www.sharpindian.in/Applenews.htm
2011-08-31,19:32:10,k024b,75,"In southern Mexico, about 500 indigenous Mayans - some of them linked to Zapatista rebels - have converted to Islam and pray in a mud-hut mosque.",english.aljazeera.net,http://english.aljazeera.net/indepth/features/2011/08/2011830124432487342.html
2011-08-31,03:01:16,jz9tc,66,"Fewer young Swedes use condoms - Every other Swede aged 25 to 35-years-old opts not to use a condom when having sex with a new partner, a new survey shows, raising fears of an explosion in sexually transmitted diseases.",thelocal.se,http://www.thelocal.se/35842/20110830/
2011-09-01,05:57:54,k0l7p,60,Boeing rejected Gaddafi proposal for spying on Libyans; other companies had less compunctions,cbsnews.com,http://www.cbsnews.com/8301-503543_162-20099229-503543.html
2011-08-31,14:40:16,jzwpz,55,Libyan man murders three daughters after they were raped by pro-Khadafy troops,nydailynews.com,http://www.nydailynews.com/news/world/2011/08/30/2011-08-30_libyan_man_murders_three_daughters_after_they_were_raped_by_prokhadafy_troops_re.html
2011-08-31,22:14:24,k059l,49,NATO Propaganda Leaflets Found in Tripoli [Pics],theatlantic.com,http://www.theatlantic.com/international/archive/2011/08/nato-propaganda-leaflets-found-in-tripoli/244366/#.Tl4zlycpJPk.reddit
2011-08-31,22:26:36,k05mx,47,"Former Qaddafi Mercenaries Describe Fighting in Libyan War -- ""We would kill three or four in the front of the crowd and they all ran away""",theatlantic.com,http://www.theatlantic.com/international/archive/2011/08/former-qaddafi-mercenaries-describe-fighting-in-libyan-war/244356/#.Tl42g4bG4LU.reddit
2011-08-31,12:33:13,jzt0y,35,"How dentists are saving Borneo's rainforest - 
Dentists are offering free treatment to patients who oppose illegal logging",independent.co.uk,http://www.independent.co.uk/environment/how-dentists-are-saving-borneos-rainforest-2345814.html
2011-08-31,18:43:20,k01f2,34,Exxon to replace BP in $500bn deal to develop Russia's Arctic oil,themoscownews.com,http://themoscownews.com/business/20110831/188984400.html
2011-08-31,12:06:35,jzs5q,28,The WikiLeaks website crashed in what appeared to be a cyberattack following the publication of State Department cables,guardian.co.uk,http://www.guardian.co.uk/world/2011/aug/31/wikileaks-site-cyberattack-cable-release
2011-09-01,06:10:11,k0lnd,20,"Sarkozy warns against preventive strike on Iran
",en.rian.ru,http://en.rian.ru/world/20110831/166335048.html
2011-09-01,06:31:22,k0mcn,20,"AU fears Libyan rebels killing Blacks. Libyan rebels may be indiscriminately killing Black people because they have confused innocent migrant workers with mercenaries, the chairman of the African Union said Monday.",momentng.com,http://www.momentng.com/en/news/3695/au-fears-libyan-rebels-killing-blacks.html
2011-09-01,03:46:50,k0grr,19,140 Mexican Schools Shut Down Amid Extortion Fears,npr.org,http://www.npr.org/blogs/thetwo-way/2011/08/31/140087396/140-mexican-schools-shut-down-amid-extortion-fears
2011-08-31,15:55:52,jzykr,17,3 Fukushima nuke plant workers blasted with beta radiation,mdn.mainichi.jp,http://mdn.mainichi.jp/mdnnews/news/20110830p2a00m0na012000c.html
2011-08-31,20:34:16,k0338,15,"How The Queen Of Khat Got So Rich --- 
For many Africans khat is a stimulant drug that also suppresses the appetite. But the world’s biggest seller of khat isn't a typical drug dealer. She's a woman, has her own airline and is Ethiopia's businesswoman of the year",worldcrunch.com,http://www.worldcrunch.com/drug-trade-africa-how-queen-khat-got-so-rich/3660
2011-08-31,16:29:42,jzz9p,15,"Prostitution is a legal and taxable trade in Germany, but enforcing taxes among sex workers on the street can be problematic. The city of Bonn has come up with a new solution, though. Prostitutes must now pay a nightly tax to automated ticket machines.",spiegel.de,"http://www.spiegel.de/international/germany/0,1518,783438,00.html"
2011-09-01,02:17:33,k0dh3,13,Triple bomb attack in Chechnya on Eid,globalpost.com,http://www.globalpost.com/dispatch/news/regions/europe/russia/110831/russia-chechnya-grozny-suicide-bomb-attack-eid-al-fitr
2011-08-31,19:01:25,k01or,13,Iran makes a u-turn on Syria,atimes.com,http://www.atimes.com/atimes/Middle_East/MI01Ak01.html
