2011-10-29,23:01:35,lt79l,1181,Anonymous send a warning to drug cartel Los Zetas [Spanish language],eluniversal.com.mx,http://www.eluniversal.com.mx/notas/804889.html
2011-10-29,01:11:52,lsba4,1076,"Many in China Sympathise with OWS: Income inequality, a feeling of disenfranchisement, and a sense of injustice are fueling popular curiosity about the movement, in which a number of Chinese see parallels with their own complaints against their govt",theatlantic.com,http://www.theatlantic.com/international/archive/2011/10/why-many-in-china-sympathise-with-occupy-wall-street/247356/
2011-10-29,10:05:17,lst97,184,"Swedish court bans niqab-wearing women, three women wearing head scarves completely shielding their faces were denied entry to a Gothenburg courtroom
",thelocal.se,http://www.thelocal.se/37026/20111028/
2011-10-29,01:33:57,lsc1o,145,Rise of the Drones: 50 people killed in one day by drone attacks,presstv.com,http://www.presstv.com/detail/206934.html
2011-10-29,21:14:43,lt5lo,118,Fukushima decommissioning will take at least three decades,ajw.asahi.com,http://ajw.asahi.com/article/0311disaster/fukushima/AJ2011102916071
2011-10-29,02:22:00,lsdur,115,Elected: Michael D Higgins - Ireland's most anti-American President,irishcentral.com,http://www.irishcentral.com/story/roots/the_american_in_ireland/elected-michael-d-higgins---irelands-most-anti-american-president-132787713.html
2011-10-29,10:36:02,lsu15,94,Egyptian anger grows after latest case of death by torture. Critics say Essam Ali Atta's death shows junta is failing to dismantle Mubarak's brutal security apparatus.,guardian.co.uk,http://www.guardian.co.uk/world/2011/oct/28/egypt-anger-grows-death-torture?CMP=twt_gu
2011-10-29,14:36:09,lt00d,69,"Arab League 'urgently' tells Assad to end violence --- Following killing of 40 pro-democracy protesters in Hama and Homs, Arab ministers express ""severe discontent"" with Syrian leader.",af.reuters.com,http://af.reuters.com/article/worldNews/idAFTRE79R6K220111028
2011-10-30,01:41:39,ltav4,49,"Ash cloud rises above Chilean volcano, officials warn large eruption possible - The Washington Post",washingtonpost.com,http://www.washingtonpost.com/world/americas/ash-cloud-rises-above-chilean-volcano-officials-warn-large-eruption-possible/2011/10/28/gIQAEVMFPM_story.html
2011-10-29,16:39:22,lt2ap,49,Protesters burn government building in Tunisia as some votes are nullified,nytimes.com,http://www.nytimes.com/2011/10/29/world/africa/tunisian-tempers-flare-in-sidi-bouzid-birthplace-of-arab-spring-over-local-election-result.html
2011-10-29,02:29:26,lse5o,52,The race is on to find Libya's missing missiles,globalpost.com,http://www.globalpost.com/dispatch/news/regions/middle-east/111027/libya-missing-surface-to-air-missiles-sams
2011-10-29,18:46:10,lt3zg,46,Deadly Attack Strikes NATO Bus in Kabul,nytimes.com,http://www.nytimes.com/2011/10/30/world/asia/deadly-attack-strikes-nato-bus-in-kabul.html?ref=world
2011-10-30,05:00:57,ltib2,37,"Press censorship threatens Egypt's 'unfinished revolution'
",globalpost.com,http://www.globalpost.com/dispatch/news/regions/middle-east/egypt/111022/press-censorship-threatens-egypts-unfinished-revoluti
2011-10-30,04:56:20,lti6i,30,Kabul attack kills 13 Americans: A suicide attack in the Afghan capital Kabul on Saturday targeted a convoy of foreign troops.,globalpost.com,http://www.globalpost.com/dispatch/news/regions/asia-pacific/afghanistan/111029/kabul-suicide-attack-foreign-troops
2011-10-30,01:43:05,ltawj,28,"US and Europe play the blame game - In the European debt crisis, blame is being passed back and forth across the Atlantic between the US and European nations themselves. But this week's crisis summit in Brussels relieved some of the tension.",dw-world.de,"http://www.dw-world.de/dw/article/0,,15493520,00.html"
2011-10-29,19:11:17,lt49r,24,BBC News - Suicide attack targets foreign troops in Kabul,bbc.co.uk,http://www.bbc.co.uk/news/world-south-asia-15504922
2011-10-29,16:42:18,lt2ce,22,Japan to offer nuclear plant technology to India,npr.org,http://www.npr.org/2011/10/29/141820588/japan-to-offer-nuclear-technology-to-india
2011-10-29,22:56:17,lt75t,19,"""Anonymous"" threatens to expose cartel's secrets",chron.com,http://www.chron.com/news/houston-texas/article/Online-hackers-threaten-to-expose-cartel-s-secrets-2242068.php
2011-10-30,00:19:55,lt8uo,19,"His health - the one thing he couldn't fix.  Jimmy Saville, veteran UK broadcaster, dies age 84",guardian.co.uk,http://www.guardian.co.uk/tv-and-radio/2011/oct/29/jimmy-savile-dies-aged-84?newsfeed=true
2011-10-29,21:16:11,lt5mb,19,"Egyptian prisoner tortured to death, activists say",washingtonpost.com,http://www.washingtonpost.com/world/middle_east/egyptian-prisoner-tortured-to-death-activists-say/2011/10/28/gIQABPlRQM_story.html?tid=sm_twitter_washingtonpost
2011-10-29,23:48:41,lt87j,16,"With the Fight in Egypt Failing, Wael Ghonim Is Out of Sight --- Google's Wael Ghonim was the face of Egypt's revolution.  Islamists and even regular Egyptians have disparaged him on all sorts of contradictory charges—he’s a freemason, an American infiltrator , an Israeli spy, an Islamist, a traitor",thedailybeast.com,http://www.thedailybeast.com/newsweek/2011/10/23/with-the-fight-in-egypt-failing-wael-ghonim-is-out-of-sight.html
2011-10-29,00:56:32,lsap5,13,China lays out conditions under which it will bail out Europe,zerohedge.com,http://www.zerohedge.com/news/china-lays-out-conditions-under-which-it-will-bail-out-europe-does-not-want-be-seen-source-dumb
2011-10-29,19:19:28,lt4cr,9,Qantas grounds entire fleet,abc.net.au,http://www.abc.net.au/news/2011-10-29/qantas-locking-out-staff/3608250////
2011-10-30,00:40:41,lt9bn,10,"Two rockets fired toward Ashdod following Israeli strike on Gaza
",haaretz.com,http://www.haaretz.com/news/diplomacy-defense/two-rockets-fired-toward-ashdod-following-israeli-strike-on-gaza-1.392598?utm_medium=feed&localLinksEnabled=false&utm_campaign=Feed:%20haaretz/LBao%20(Haaretz.com%20headlines%20RSS)&utm_source=feedburner
2011-10-30,02:01:51,ltd2k,12,"Gaddafi son Saif al-Islam says he is innocent: ""The court, based in The Hague, has made informal contact with Saif al-Islam, Muammar Gaddafi's second and highest-profile son, and is seeking his arrest on charges relating to Libya's civil war.""",guardian.co.uk,http://www.guardian.co.uk/world/2011/oct/29/saif-al-islam-gaddafi-international-criminal-court
2011-10-29,18:30:13,lt3rk,10,"Intense earthquake rattles southwestern Peru
",edition.cnn.com,http://edition.cnn.com/2011/10/28/world/americas/peru-earthquake/index.html
2011-10-30,01:41:04,ltch4,10,"Calling Bankers’ Bluff, Merkel Won Europe a Debt Plan - NYTimes.com",nytimes.com,http://www.nytimes.com/2011/10/28/world/europe/europe-in-accord-on-basics-of-plan-to-save-the-euro.html?partner=rss&emc=rss
2011-10-30,03:04:44,lteu9,10,"The Syrian web room --- 
Three men from the border town of Qussair risk death at the hands of the Assad regime by managing a network of citizen journalists. They gather videos and information exposing the crimes of Assad loyalists and send them to media outlets across the Middle East.",nowlebanon.com,http://www.nowlebanon.com/NewsArticleDetails.aspx?ID=327357
2011-10-30,01:46:43,ltb06,7,The 7 Fastest-Growing Cities in the World (Hint: They're not where you think they are.),foreignpolicy.com,http://www.foreignpolicy.com/articles/2011/10/26/worlds_fastest_growing_cities_?page=full
2011-10-29,22:04:09,lt69o,7,Desertec plans to start building first solar plant in Morocco in 2012 [German text],spiegel.de,"http://www.spiegel.de/wirtschaft/unternehmen/0,1518,794790,00.html"
