2011-05-30,20:42:50,hnf8m,1323,Giant waterspout 'tornado' caught on camera off Australia,youtube.com,http://www.youtube.com/watch?v=pr1gGkykgsw
2011-05-30,14:06:49,hn9vk,643,"Brazil's rainforest faces new threats:  Deforestation in the Amazon has increased by almost 500 percent compared to last year.
",globalpost.com,http://www.globalpost.com/dispatch/news/regions/americas/brazil/110527/brazils-rainforest-face-new-threats
2011-05-30,07:53:09,hn2ud,567,Saudi prince calls for lower oil prices . . .  World turns upside down.  ,cnn.com,http://www.cnn.com/2011/WORLD/meast/05/29/us.saudi.prince.oil/index.html?eref=mrss_igoogle_cnn
2011-05-30,01:36:47,hmvvx,484,PHOTOS: A Rare Glimpse Into Daily Life In The Capital Of North Korea,businessinsider.com,http://www.businessinsider.com/pyongyang-north-korea-2011-5?op=1
2011-05-30,09:05:27,hn46w,293,Germany to shut down all nuclear plants by 2021/22,spiegel.de,"http://www.spiegel.de/politik/deutschland/0,1518,765572,00.html"
2011-05-31,03:06:59,hnmg0,261,"I was standing in two fist-sized pools of smeared, sticky blood, trying to sort out why there were seven angry Syrians yelling at me.",english.aljazeera.net,http://english.aljazeera.net/indepth/opinion/2011/05/2011518184325620380.html??
2011-05-31,00:20:12,hniv0,242,"Scientologist charged with perverting course of justice, in which she allegedly trained an eleven year old girl to lie about her own sexual abuse within the Church",abc.net.au,http://www.abc.net.au/news/stories/2011/05/31/3231203.htm
2011-05-31,03:17:25,hnmo0,173,"
Greeks yank billions out of country's banks as debt crisis worsens
",businessinsider.com,http://www.businessinsider.com/greeks-yank-billions-out-of-countrys-banks-as-crisis-worsens-2011-5
2011-05-30,17:30:51,hnd7v,139,Belgium to ban the burqa soon,news24.com,http://www.news24.com/World/News/Belgium-to-ban-the-burqa-soon-20110525
2011-05-30,23:47:15,hni5w,133,"Guatemala's murder rate is now twice that of Mexico's. And in neighboring Honduras, which faces a similar problem with drug traffickers, the situation is even worse: Honduras now has the highest homicide rate in the hemisphere.",npr.org,http://www.npr.org/2011/05/30/136690257/mexican-cartels-spread-violence-to-central-america
2011-05-30,20:45:30,hnf9y,129,Canada: The Supreme Court says a person must be conscious in order to consent,globalpost.com,http://www.globalpost.com/dispatch/news/regions/americas/canada/110527/international-sex-news-canada-supreme-court
2011-05-30,19:16:20,hne3t,93,Sweden critical of German nuclear decision,thelocal.se,http://www.thelocal.se/34068/20110530/?utm_source=twitterfeed&utm_medium=twitter#
2011-05-30,10:14:34,hn5fr,86,Chinese dog eaters and dog lovers spar over animal rights,washingtonpost.com,http://www.washingtonpost.com/world/asia-pacific/chinese-dog-eaters-and-dog-lovers-spar-over-animal-rights/2011/05/20/AGvgmVDH_story.html?hpid=z2
2011-05-31,06:20:15,hnqlh,69,GREECE: There Are New Emergency Bailout Talks That Could Spell The End Of National Sovereignty,businessinsider.com,http://www.businessinsider.com/greek-bailout-will-require-loss-of-sovereignty-2011-5
2011-05-31,00:00:26,hnigb,63,Silvio Berlusconi has lost control of Milan and Naples in key local elections,bbc.co.uk,http://www.bbc.co.uk/news/world-europe-13591870
2011-05-30,16:53:21,hncp2,63,Wikipedia’s bold bid for World Heritage status,firstpost.com,http://www.firstpost.com/ideas/wikipedias-bold-bid-for-world-heritage-status-17462.html
2011-05-31,02:00:28,hnl0i,63,"In 2 years, Iran plans to unplug the Internet and is now creating its own.",newser.com,http://www.newser.com/story/119645/iran-plans-to-unplug-internet-create-its-own.html?utm_medium=fark&utm_campaign=pop
2011-05-30,23:46:51,hni5g,60,Spain Affirms Intentions to Recognize the Palestinian State Before September,english.pnn.ps,http://english.pnn.ps/index.php?option=com_content&task=view&id=10129&Itemid=56
2011-05-31,01:42:34,hnkmz,54,Greeks inspired by the Spanish “Indignant” or “Indignados” movement held their largest protest so far in Athens ,ekathimerini.com,http://www.ekathimerini.com/4dcgi/_w_articles_wsite1_11818_29/05/2011_392649
2011-05-30,15:14:07,hnb37,52,Vietnam accuses China in seas dispute: Vietnam's foreign ministry has accused China of increasing regional tensions in an escalating territorial dispute. ,bbc.co.uk,http://www.bbc.co.uk/news/world-asia-pacific-13592508
2011-05-31,03:40:41,hnn60,44,Doomed Flight AF 447: Questions Raised about Airbus Automated Control System - initial analysis of the plane's data recorder hints at errors made by the pilots. But questions have also been raised about the A330's automated control systems.,spiegel.de,"http://www.spiegel.de/international/world/0,1518,765764,00.html"
2011-05-31,05:46:57,hnpu3,43,"In a sign of eroding support for besieged Libyan leader Muammar Gaddafi, eight generals and about 100 soldiers defected from the Libyan army and fled to Italy",ibtimes.com,http://www.ibtimes.com/articles/154535/20110530/muammar-qaddafi-qadaffi-defections-qadaffi-generals-libya-generals.htm
2011-05-31,05:04:45,hnows,44,Pakistani journalist disappears after writing about secret link Pak Navy & Al-Qaeda that led to Naval base attack,dawn.com,http://www.dawn.com/2011/05/30/journalist-saleem-shahzad-goes-missing.html
2011-05-30,16:34:57,hncg8,41,China orders death penalty in deadly food scandals,google.com,http://www.google.com/hostednews/ap/article/ALeqM5iIg1U7SnzZm6GptgRsCe8LTLj93w?docId=3942606ed3ca4f0295aff4cd1f5f24b8
2011-05-31,03:34:08,hnn12,37,"Yemeni forces kill 20 protesters in Taiz: Soldiers bulldozed and set fire to protesters' tents as they cleared a central square where a peaceful sit-in demonstration against the rule of President Saleh had continued for the past four months, protest organizers said",globalpost.com,http://www.globalpost.com/dispatch/news/regions/middle-east/110530/yemen-president-saleh-security-forces-taiz-protesters-killed
2011-05-30,10:12:35,hn5eh,37,Deaths reported in southern Yemeni city - Six protesters said to be killed in shooting by security forces in Taiz amid heightened political tensions.,english.aljazeera.net,http://english.aljazeera.net/news/middleeast/2011/05/201152922711919441.html
2011-05-31,06:29:23,hnqs7,38,"A Taiwanese couple faces fines for allegedly forcing their maid, a 27-year-old Indonesian Muslim, to toil in their restaurant instead of tending to their home. They also forced her to touch pork.",globalpost.com,http://www.globalpost.com/dispatches/globalpost-blogs/the-rice-bowl/taiwan-couple-condemned-forcing-muslim-maid-touch-pork
2011-05-31,02:46:45,hnlzk,29,"""When his beloved daughter shot herself with his favorite gun, Serbian General Ratko Mladic lost his mind, drenching the Balkans in blood. His capture last week may finally bring justice for his victims.""",newsweek.com,http://www.newsweek.com/2011/05/29/the-making-of-a-monster.html
2011-05-30,10:29:20,hn5pl,27,China's police blanket Inner Mongolia to calm tensions boiling since the killing of a herder during land use confrontation.,latimes.com,"http://www.latimes.com/news/nationworld/world/la-fg-china-mongolia-protests-20110530,0,3895402.story"
2011-05-30,13:28:00,hn95f,24,Karzai gives 'last warning' to Nato after more civilians die,scotsman.com,http://www.scotsman.com/world/Karzai-gives-39last-warning39-to.6776502.jp
