2011-11-06,23:53:23,m2frb,1283,"Italians rally against Berlusconi: “We are not credible. I’m ashamed of how other European countries see us,” said one man. “It is pitiful. This man (Berlusconi), this marionette, must go away”",euronews.net,http://www.euronews.net/2011/11/05/italians-rally-against-berlusconi/
2011-11-06,23:30:12,m2f5z,1011,Next month the Dutch parliament is expected to approve a ban on halal and kosher methods of slaughtering animals for food,bbc.co.uk,http://www.bbc.co.uk/news/world-europe-15610142
2011-11-06,13:01:27,m24r4,969,"Bank of Canada head Mark Carney, who acknowledges the Occupy protests as ""entirely constructive"", has now been appointed chairman of the international Financial Stability Board.",cbc.ca,http://www.cbc.ca/news/canada/windsor/story/2011/11/04/mark-carney-financial-stability-board.html
2011-11-06,01:47:51,m1k0j,891,Tunisia’s Islamist-led government rejects laws to enforce religion,english.alarabiya.net,http://english.alarabiya.net/articles/2011/11/05/175612.html
2011-11-06,17:26:08,m29oi,739,"Former Indian President who is also a scientist - ""Economic growth will need massive energy. Will we allow an accident in Japan, in a 40-year-old reactor at Fukushima, arising out of extreme natural stresses, to derail our dreams to be an economically developed nation?""",thehindu.com,http://www.thehindu.com/opinion/op-ed/article2601471.ece?homepage=true
2011-11-06,18:23:19,m2afh,447,"UK BT block isn't working: Newzbin has issued a downloadable client to its customers that stops the block, and says 93.5% of active UK visitors have downloaded the block-stopping software",crave.cnet.co.uk,http://crave.cnet.co.uk/software/bt-block-isnt-working-says-newzbin-50005944/
2011-11-06,13:21:49,m2590,404,"Pirate Party banned from Gamex, Sweden’s largest gaming exhibition, for being too controversial",torrentfreak.com,https://torrentfreak.com/too-controversial-pirate-party-banned-from-gaming-exhibition-111105/
2011-11-06,05:00:49,m1q8b,332,Mexican mayor gunned down ahead of elections ,aljazeera.com,http://www.aljazeera.com/news/americas/2011/11/201111318952363234.html
2011-11-07,02:47:20,m2kye,239,"Public health journal publishes cannabis use guidelines ""Given the prevalence and age distribution of cannabis use in Canada, a public health approach to cannabis use is overdue,""",independent.co.uk,http://www.independent.co.uk/life-style/health-and-families/public-health-journal-publishes-cannabis-use-guidelines-6141227.html
2011-11-06,13:16:48,m254n,168,"Rallies were held in Washington, D.C., and across the globe in support of financial transaction taxes, also called Robin Hood taxes",crooksandliars.com,http://crooksandliars.com/kenneth-quinnell/growing-chorus-calls-financial-tr
2011-11-06,13:36:04,m25lb,140,"Chinese economic miracle fuels surge in carbon emissions:   Greenhouse gas output hits record high as China overtakes US to become world's biggest polluter
",independent.co.uk,http://www.independent.co.uk/environment/climate-change/chinese-economic-miracle-fuels-surge-in-carbon-emissions-6257556.html
2011-11-06,01:47:00,m1jz9,123,"Archbishop of York attacks high-paid executives: Dr John Sentamu has attacked the salaries of top executives saying that huge differences between the rich and poor ""weaken community life and make societies less cohesive"".
",telegraph.co.uk,http://www.telegraph.co.uk/news/religion/8871631/Archbishop-of-York-attacks-high-paid-executives.html
2011-11-06,22:55:26,m2edl,106,Death at Occupy Vancouver camp dooms it to being dispersed. ,cbc.ca,http://www.cbc.ca/news/canada/british-columbia/story/2011/11/05/bc-occupy-vancouver-death.html?cmp=rss
2011-11-07,00:51:40,m2hd9,96,"Israel government, security services websites down in suspected cyber-attack",haaretz.com,http://www.haaretz.com/news/diplomacy-defense/israel-government-security-services-websites-down-in-suspected-cyber-attack-1.394042
2011-11-07,03:29:13,m2me1,93,Egyptians Call for Day of Action on November 12th to Revive Their 'Stifled' Revolution. Links between Cairo and Occupy movement strengthen as anger grows at actions of military junta.,guardian.co.uk,http://www.guardian.co.uk/world/2011/nov/03/egypt-day-action
2011-11-07,05:18:46,m2q6g,80,Greece reaches agreement on unity government; Papandreou will resign,washingtonpost.com,http://www.washingtonpost.com/world/europe/greece-reaches-agreement-on-unity-government-papandreou-will-resign/2011/11/06/gIQAaNQ6sM_story.html?wpisrc=al_national
2011-11-07,02:40:56,m2krs,75,Cracks Signal Massive Iceberg Forming In Antarctica,smh.com.au,http://www.smh.com.au/world/rift-in-antarctic-glacier-to-create-gigantic-iceberg-20111104-1n00x.html
2011-11-06,10:55:10,m2138,60,"Police in China's Shandong province have broken up a human trafficking ring which specialised in buying babies from poor migrant couples to sell on to wealthy families.
",independent.co.uk,http://www.independent.co.uk/news/world/asia/trafficking-ring-sold-poor-migrants-babies-to-the-rich-6257926.html
2011-11-06,22:18:51,m2dn2,53,Now Berlusconi faces his biggest test. The future of the euro now depends on ability of Italy's premier to rein in his country's spending ,independent.co.uk,http://www.independent.co.uk/news/world/europe/now-berlusconi-faces-his-biggest-test-6258010.html
2011-11-07,05:50:38,m2rc1,50,Would Obama Greenlight An Israeli Attack On Iran? --- There's much talk in Israel about bombing Iran. Hard to judge if Netanyahu/Barak are serious or just trying to intimidate Tehran. But doubtful they'd launch attack without US green light. Here's why they're unlikely to get one,juancole.com,http://www.juancole.com/2011/11/would-obama-greenlight-an-israeli-attack-on-iran.html
2011-11-06,10:52:41,m210c,41,"IAEA to reveal Iran building nuclear weapons at base near Tehran
",edition.cnn.com,http://edition.cnn.com/2011/11/05/world/meast/iran-iaea/
2011-11-06,23:24:24,m2f1d,40,Quebec battling major measles outbreak,cbc.ca,http://www.cbc.ca/news/canada/montreal/story/2011/10/27/mtl-measlesoutbreak.html
2011-11-06,13:12:06,m250t,41,"Banks will be good citizens: Banks have ignored their social responsibilities since the 2008 financial crisis. At Barclays, I'm determined to change that, says its CEO",guardian.co.uk,http://www.guardian.co.uk/commentisfree/2011/nov/03/banks-will-be-good-citizens
2011-11-07,04:18:52,m2o2i,42,"Israel army, intel websites down after hacker threat",physorg.com,http://www.physorg.com/news/2011-11-israel-army-intel-websites-hacker.html
2011-11-07,06:00:30,m2rpj,39,"China buys space tracking station in Australia, sees Dongara as major step for its ambitious space program  - China also has space stations in Pakistan, Chile, Kenya & Namibia",physorg.com,http://www.physorg.com/news/2011-11-china-australia-space-tracking-station.html
2011-11-06,09:56:53,m1zat,33,America's Deadly Dynamics With Iran,nytimes.com,http://www.nytimes.com/2011/11/06/sunday-review/the-secret-war-with-iran.html?pagewanted=all
2011-11-07,00:36:20,m2gx2,34,Greek Prime Minister Papandreou is resigning!,huffingtonpost.com,http://www.huffingtonpost.com/2011/11/06/george-papandreou-resigning_n_1078444.html
2011-11-07,02:43:53,m2kv1,37,"Tragic death rocks Occupy Vancouver site: The death, following an overdose at the site, prompted Mayor Gregor Robertson to say there is an urgent need to shut down the site due to ""life safety"" issues",vancouversun.com,http://www.vancouversun.com/Tragic+death+rocks+Occupy+Vancouver+site/5664471/story.html
2011-11-06,20:35:51,m2bz2,33,Greek PM set to resign amid euro crisis,news.sky.com,http://news.sky.com/home/business/article/16104348
2011-11-07,04:54:59,m2pb2,26,"New Zealand salvagers to resume pumping oil off the shipwrecked Rena after having to stop due to poisonous gases - 88 containers, some containing hazardous goods, have fallen off the ship - 32 have been found, but 56 remain lost - Rena hit a reef Oct 6.",nzherald.co.nz,http://www.nzherald.co.nz/nz/news/article.cfm?c_id=1&objectid=10764340
