2011-02-10,00:52:24,fi40b,1328,Another Egyptian police van runs over protesters but is overpowered and tipped over [video],youtube.com,http://www.youtube.com/embed/Pt5aJbU9Hwc#t=1m05s
2011-02-10,19:50:18,fip3n,468,My university claims it doesn't have enough money for teaching.  Turns out they have been using it to source information on Iran for the US embassy. Wikileaks I love you.,palatinate.org.uk,http://www.palatinate.org.uk/?p=10679
2011-02-10,17:38:39,fins4,228,A third of Russians think the sun revolves around the earth. If only there was some sort of smart-ass remark to make fun of this...,google.com,http://www.google.com/hostednews/afp/article/ALeqM5iY58lb_D-6a8SxO3BA4lXXcySIPA?docId=CNG.bf09dbb285cf3ab677f4bc7d6d271075.621
2011-02-10,14:51:04,filmc,216,28 hours in the dark heart of Egypt's torture machine ,guardian.co.uk,http://www.guardian.co.uk/world/2011/feb/09/egypt-torture-machine-mubarak-security
2011-02-10,09:13:26,fif5i,200,Cables: FBI trained Egypt’s state ‘torturers’,rawstory.com,http://www.rawstory.com/rs/2011/02/cables-fbi-trained-egypt-torturers/
2011-02-10,23:18:13,fis84,89,The Egyptian military has been secretly detaining and torturing those it suspects of being involved in pro-democracy protests,english.aljazeera.net,http://english.aljazeera.net//news/middleeast/2011/02/2011210135310479662.html
2011-02-10,21:47:37,fiqj3,62,North Korea has ordered all its embassies to appeal to foreign governments for food aid,guardian.co.uk,http://www.guardian.co.uk/world/2011/feb/10/north-korea-appeals-foreign-food-aid
2011-02-11,05:31:40,fj0xy,44,"Mubarak: ""I will not leave Egypt until I die."" Egypt: ""WE CAN TOTALLY HELP YOU WITH THAT.""",cleveland.com,http://www.cleveland.com/world/index.ssf/2011/02/egypts_hosni_mubarak_will_not.html
2011-02-10,22:57:09,firs4,46,"""The greatest transfer of wealth from the poor and middle to the ultra-rich that this country has seen in a century [...] UK will be only the second country in the world to allow money that has passed through tax havens to remain untaxed when it gets here. The other is Switzerland.""",guardian.co.uk,http://www.guardian.co.uk/commentisfree/2011/feb/07/tax-city-heist-of-century?CMP=twt_gu
2011-02-10,10:00:38,fig4e,44,Strike wave across Egypt: `The working class has entered the arena with full force',links.org.au,http://links.org.au/node/2152
2011-02-10,15:49:52,fimia,39,"Saudis told Obama to back Mubarak - Saudi Arabia has threatened to prop up President Mubarak if the White House tries to force a swift change of regime in Egypt. [paywall, partial content available on frontpage]",thetimes.co.uk,http://www.thetimes.co.uk/tto/news/?pay=wall
2011-02-10,14:40:20,filgf,36,The current Cairo generation are feeling betrayed by the wishy-washy Obama adminstration's support of the current Egyptian regime instead of democracy,nytimes.com,http://www.nytimes.com/2011/02/10/opinion/10kristof.html
2011-02-10,09:03:13,fiexz,34,"Cuba welcomes its new internet cable link with Venezuela, opening a breach in the US economic blockade. ",bbc.co.uk,http://www.bbc.co.uk/news/world-latin-america-12411845
2011-02-11,04:11:01,fiyzz,33,"Thousands of judges and lawyers have taken to the streets in unprecedented protests against Nicolas Sarkozy, paralysing the legal system and shutting down almost all France's courthouses this week.",guardian.co.uk,http://www.guardian.co.uk/world/2011/feb/10/sarkozy-french-judges-protest
2011-02-11,04:18:11,fiz67,30,Live coverage of Mubarak's speech in Cairo's Tahrir Square,self.worldnews,https://www.reddit.com/r/worldnews/comments/fiz67/live_coverage_of_mubaraks_speech_in_cairos_tahrir/
2011-02-11,06:21:11,fj227,28,Scientists in Europe want to give robots their own internet to communicate and teach each other what they learn about us. What Could Go Wrong?,cbc.ca,http://www.cbc.ca/strombo/show-news/internet-for-robots.html
2011-02-10,09:19:10,fif9r,22,Wael Ghonim: Negotiation days with Mubarak are over,cnn.com,http://www.cnn.com/2011/WORLD/africa/02/09/egypt.protests.google.exec/?hpt=C1
2011-02-10,08:54:40,fierd,19,"Egypt: Why is Israel so Blind?
",english.aljazeera.net,http://english.aljazeera.net/indepth/opinion/2011/02/201128131221271956.html
2011-02-11,06:34:18,fj2ah,19,'Saudi king told Obama he'd fund Mubarak if U.S. halted Egypt aid',haaretz.com,http://www.haaretz.com/news/international/saudi-king-told-obama-he-d-fund-mubarak-if-u-s-halted-egypt-aid-1.342462
2011-02-11,04:24:55,fizbj,17,WATCH LIVE: President Hosni Mubarak Addresses The Egyptian People,talkingpointsmemo.com,http://www.talkingpointsmemo.com/news/2011/02/watch_live_president_hosni_mubarak_addresses_the_e.php
2011-02-10,14:33:21,filc4,14,"China will spend at least 6.7 billion yuan ($1.02 billion) to divert water to affected areas, construct emergency wells and irrigation facilities, and take other measures - to battle the ongoing drought in the northern regions.",news.xinhuanet.com,http://news.xinhuanet.com/english2010/china/2011-02/10/c_13725465.htm
2011-02-10,08:45:43,fielh,16,Omar Suleiman: Egypt’s torturer-in-chief threatens to unleash “dark bats of the night… to terrorize the people”,warincontext.org,http://warincontext.org/2011/02/09/omar-suleiman-egypts-torturer-in-chief-threatens-to-unleash-dark-bats-of-the-night-to-terrorize-the-people/
2011-02-11,00:37:06,fiu3f,16,"Indonesian man whose five-year sentence for ""blasphemy"" enraged Muslims had also insulted Catholics, who declined to go on a rampage",asianews.it,"http://www.asianews.it/news-en/Muslim-violence:-civic-society,-Christian-and-Muslim-leaders-against-Yudhoyono-20734.html"
2011-02-11,07:18:58,fj35r,16,Furious Egyptian demonstrators vowed to launch their most spectacular protest yet in Cairo on Friday ,au.news.yahoo.com,http://au.news.yahoo.com/a/-/world/8816787/egypt-revolt-set-to-flare-as-mubarak-clings-to-power/
2011-02-10,15:34:05,fima1,15,"Human rights Groups accuse the Egyptian army of 
involvement in both disappearances and torture – 
abuses Egyptians have for years associated with the 
notorious state security intelligence (SSI) but not 
the army.",guardian.co.uk,http://www.guardian.co.uk/world/2011/feb/09/egypt-army-detentions-torture-accused?utm_source=twitterfeed&utm_medium=twitter
2011-02-10,15:03:55,filsy,13,Mubarak resists pressure to quit as Egypt protests reach day 17,haaretz.com,http://www.haaretz.com/news/international/mubarak-resists-pressure-to-quit-as-egypt-protests-reach-day-17-1.342444
2011-02-10,17:06:46,finge,13,German Chancellor Angela Merkel and her former Foreign Minister Frank-Walter Steinmeier are due to answer questions on a military airstrike that killed dozens of civilians in Afghanistan in September 2009.,dw-world.de,"http://www.dw-world.de/dw/article/0,,14833422,00.html"
2011-02-10,22:15:53,fiqz4,13,Report: Saudis Warned Obama Not to 'Humiliate' Mubarak,soc.li,http://soc.li/4m5wXRh
2011-02-10,22:16:50,fiqzo,10,"Egypt's foreign minister warns of military intervention against protesters, ""to prevent chaos""",globalpost.com,http://www.globalpost.com/dispatch/egypt/110210/egypt-military-intervention-revolution-2.0
2011-02-10,10:24:43,figl2,11,"Egypt's pro-democracy activists have refused to cede any ground on as demonstrations demanding higher wages, political reforms and the ousting of President Hosni Mubarak spread across the country.",youtube.com,http://www.youtube.com/watch?v=4B-3Y-5h0KQ
