2011-01-08,21:26:45,eygak,1244,44 % of Danes think that religion makes the world a worse place,translate.google.com,http://translate.google.com/translate?js=n&prev=_t&hl=da&ie=UTF-8&layout=2&eotf=1&sl=da&tl=en&u=http://www.berlingske.dk/danmark/hver-anden-dansker-religion-er-af-det-onde
2011-01-08,12:50:42,eybi0,1192,US tells Twitter to hand over WikiLeaks supporter's messages,guardian.co.uk,http://www.guardian.co.uk/media/2011/jan/08/us-twitter-hand-icelandic-wikileaks-messages
2011-01-08,23:19:33,eyhga,462,"Vladimir Putin signed a 20-page executive order requiring all public institutions in Russia to replace proprietary software, developed by companies like Microsoft and Adobe, with free open-source alternatives by 2015.",online.wsj.com,http://online.wsj.com/article/SB10001424052748704415104576065641376054226.html?mod=WSJASIA_hpp_MIDDLESecondNews
2011-01-08,13:18:32,eybuv,268,Copy of the Subpoena served to Twitter regarding WikiLeaks for those interested,salon.com,http://www.salon.com/news/opinion/glenn_greenwald/2011/01/07/twitter/subpoena.pdf
2011-01-09,01:02:34,eyir1,153,Chile recognizes independent Palestinian state ,haaretz.com,http://www.haaretz.com/news/international/report-chile-recognizes-independent-palestinian-state-1.335736
2011-01-09,01:35:36,eyj81,92,Life in an apartheid theocracy: An Israeli activist who defied orthodox Jewish custom by leading a group of women in open prayer at Jerusalem's Wailing Wall has been told to expect years in prison for breaching the peace.,telegraph.co.uk,http://www.telegraph.co.uk/news/worldnews/middleeast/israel/8243726/Female-Israeli-activist-could-be-sent-to-prison-for-praying-at-Wailing-Wall.html
2011-01-08,20:31:45,eyfvx,86,"1 dead 4 injured as Israeli soldiers come under mortar fire at Gaza border .... news may not go mainstream because they were attacked by their own army aka ""Friendly Fire"" ",bbc.co.uk,http://www.bbc.co.uk/news/world-middle-east-12140551
2011-01-08,17:37:34,eyek7,72,"Egyptian Muslims act as ""human shields"" for Coptic Christmas mass",onfaith.washingtonpost.com,http://onfaith.washingtonpost.com/onfaith/guestvoices/2011/01/egyptian_muslims_act_as_human_shields_for_coptic_christmas_mass.html
2011-01-09,00:09:03,eyi16,63,"Wikipedia Comes Of Age - Academic publisher on the relative authority of Wikipedia. ""It is not the bottom layer of authority, nor the top, but the highest layer without formal vetting. It serves as an ideal bridge between the validated and unvalidated Web""",chronicle.com,http://chronicle.com/article/article-content/125899/
2011-01-08,22:30:24,eygvy,39,Chile recognizes Palestinian state,presstv.ir,http://www.presstv.ir/detail/159127.html
2011-01-08,12:42:49,eybe6,39,"A senior Hamas leader on Thursday accused Israel of carrying out ""countless holocausts"" against the Palestinians while saying the Nazi genocide was a ""lie.""",news.yahoo.com,http://news.yahoo.com/s/afp/20110106/wl_mideast_afp/israelpalestiniansconflictgazaholocaustjews
2011-01-08,10:08:40,ey95q,31,Feds subpoena Twitter for info on WikiLeaks backer • Iceland Member of Parliament Birgitta Jónsdóttir,theregister.co.uk,http://www.theregister.co.uk/2011/01/08/feds_subpoena_twitter/
2011-01-08,21:24:19,eyg9t,24,Greenland close to unavoidable meltdown - Politiken.dk,politiken.dk,http://politiken.dk/newsinenglish/ECE1161570/greenland-close-to-unavoidable-meltdown/
2011-01-08,17:15:57,eyedt,18,"Shiite cleric Muqtada al-Sadr returns to Iraq from Iran urging followers to resist the United States ""with all means""",belfasttelegraph.co.uk,http://www.belfasttelegraph.co.uk/news/world-news/radical-cleric-urges-us-resistance-15049266.html
2011-01-09,03:14:36,eyks7,13,French suspect Chinese link in industrial spying at Renault:  Company suspends three senior executives in what is potentially one of the biggest commercial espionage cases in recent years.,guardian.co.uk,http://www.guardian.co.uk/world/2011/jan/07/renault-france-china-spying-link
2011-01-08,22:53:52,eyh4o,16,"Thousands of Tunisia lawyers strike: The lawyers demand an end to beatings by police, following what they say is
police brutality against protesters.",english.aljazeera.net,http://english.aljazeera.net//news/africa/2011/01/201116193136690227.html
2011-01-08,23:55:11,eyhv6,12,Lawmaker: U.S. subpoenaed Twitter information linked to WikiLeaks,edition.cnn.com,http://edition.cnn.com/2011/CRIME/01/08/us.wikileaks.twitter/index.html?eref=rss_topstories&utm_source=feedburner&utm_medium=feed&utm_campaign=Feed%3A+rss%2Fcnn_topstories+%28RSS%3A+Top+Stories%29&utm_content=Twitter
2011-01-08,14:59:37,eyd4q,12,[BBC] Has Pakistan passed the tipping point of religious extremism?,bbc.co.uk,http://www.bbc.co.uk/news/world-south-asia-12136274
2011-01-09,01:55:13,eyjin,10,"Blackwater in the Holy Land?  ""Jerusalem: a cauldron of nationalistic and religious acrimony, a persistent flashpoint for global crisis. Exactly where you want to put the world’s most notorious private security firm.""",wired.com,http://www.wired.com/dangerroom/2011/01/is-blackwater-heading-for-the-holy-land/
2011-01-08,15:42:08,eydje,10,World economy faces deepening turmoil ,wsws.org,http://wsws.org/articles/2011/jan2011/pers-j08.shtml
2011-01-08,08:35:30,ey7v3,11,Russian president to visit Palestinian territories,news.yahoo.com,http://news.yahoo.com/s/ap/20110105/ap_on_re_eu/eu_russia_israel
2011-01-08,21:58:54,eygks,9,Twitter Subpoenaed by The Empire for Wikileaks Accounts,mashable.com,http://mashable.com/2011/01/08/twitter-subpoenaed-by-u-s-government-for-wikileaks-accounts/
2011-01-09,04:03:06,eylmp,8,Spain's national broadcaster bans bullfighting - reducing interest in a tradition,google.com,http://www.google.com/hostednews/ap/article/ALeqM5hzVovL4PreN6WTjv28m2Jd034b5A?docId=6f96506df26c4a999f28bc15145fa4af
2011-01-09,05:37:33,eyn56,8,"15 headless bodies found in Acapulco, Mexico",cnn.com,http://www.cnn.com/2011/WORLD/americas/01/08/mexico.bodies.found/index.html?eref=googletoolbar
2011-01-09,06:10:36,eynp3,6,"Russia's Gazprom at center of latest cable batch 
[direct link]",wikileaks.ch,http://wikileaks.ch/reldate/2011-01-05_0.html
2011-01-08,12:46:39,eybg4,8,How 'The Guardian' fell out with Julian Assange,belfasttelegraph.co.uk,http://www.belfasttelegraph.co.uk/lifestyle/features/wikileaks-how-the-guardian-fell-out-with-julian-assange-15049086.html
2011-01-09,01:41:15,eyjba,8,"Israel's Supreme Court gave the green light on Thursday for the continued operation of gender-segregated ""modesty buses"" serving ultra-Orthodox Jews.",reuters.com,http://www.reuters.com/article/idUSTRE70529120110106
2011-01-09,03:56:15,eylil,7,"""The Arabs are taking control of Bat Yam, buying and renting apartments from Jews, taking and ruining girls from Bat Yam! Fifteen-thousand Jewish girls have been taken to Arab villages! Guard our city - we want a Jewish Bat Yam.""",english.aljazeera.net,http://english.aljazeera.net/indepth/opinion/2011/01/20111812130964689.html
2011-01-09,07:38:25,eyp0o,7,14 Decapitated Bodies Found in Mexico Resort City,nytimes.com,http://www.nytimes.com/aponline/2011/01/08/world/americas/AP-LT-Drug-War-Mexico.html
2011-01-08,23:46:16,eyhqk,7,U.S. denies Turkey's request for combat UAVs,worldtribune.com,http://www.worldtribune.com/worldtribune/WTARC/2011/me_turkey1329_01_06.asp
