2011-04-20,00:12:34,gtn64,2922,"Castro resigns as head of Cuban Communist party, allows Cubans to buy and sell property for first time since 1959",businessinsider.com,http://www.businessinsider.com/castro-resigns-cuba-2011-4
2011-04-20,20:10:28,gudfe,1670,"Internet protests have started in New Zealand after its government passed a controversial ""three strikes"" filesharing bill under urgency",zdnetasia.com,http://www.zdnetasia.com/new-zealand-passes-three-strikes-copyright-law-62208409.htm
2011-04-21,01:52:25,guld3,299,Brave Saudi guy speaks out on television.,youtube.com,https://www.youtube.com/watch?v=mxinAxWxXo8
2011-04-21,02:55:04,gunbp,112,Oscar Nominated Documentary Filmmaker And Photographer (Tim Hetherington and Chris Hondros) Reportedly Killed In Libya,businessinsider.com,http://www.businessinsider.com/tim-hetherington-oscar-libya-restrepo-2011-4?op=1
2011-04-20,01:50:09,gtpu1,79,British tourist beaten to death by Dubai police - Left alone in an empty cell without water or food for three days,policebrutality.info,http://www.policebrutality.info/2011/04/british-tourist-beaten-to-death-by-dubai-police.html
2011-04-20,23:19:26,guh03,51,Vladimir Putin reveals plan to boost Russian birth rate to reverse Russia's declining population.,bbc.co.uk,http://www.bbc.co.uk/news/business-13143523
2011-04-20,16:02:05,gu9wd,46,India's PSLV-C16 rocket today successfully launched into orbit the latest remote sensing satellite Resourcesat-2 that would study and help manage natural resources along with two nano satellites.,ndtv.com,http://www.ndtv.com/article/india/sriharikota-critical-pslv-launch-today-99991
2011-04-20,23:20:46,guh1q,30," The conventional wisdom that Al Qaeda will rise from Yemen's ashes is being challenged by average Yemenis, who for the first time in history are claiming their freedom as individuals. ",globalpost.com,http://www.globalpost.com/dispatch/news/regions/middle-east/110419/yemen-protests-al-qaeda-saleh
2011-04-21,00:52:19,gujlr,32,"Iran central banker: Lift sanctions or face spike in oil prices - ""oil prices will rise above $150 a barrel if economic sanctions against the Islamic theocracy are not lifted soon.""",washingtontimes.com,http://www.washingtontimes.com/news/2011/apr/18/iranian-warns-retaliation-through-spike-price-oil/
2011-04-20,13:35:24,gu6v1,26,Taliban suicide bomber penetrates Ministry of Defense in Kabul,wartim.es,http://www.wartim.es/2011/04/taliban-suicide-attack-hits-afghanistans-ministry-defense/
2011-04-20,14:23:38,gu7xu,26,"Japanese government targets ""harmful rumors""; TEPCO - ""We don't measure the level of plutonium""  2 articles",shingetsublog.jugem.jp,http://shingetsublog.jugem.jp/
2011-04-21,01:43:08,gul3c,24,"Tsunami warnings, written in stone over 100 years ago, saved lives in Japan -- and some who ignored them died",nytimes.com,http://www.nytimes.com/2011/04/21/world/asia/21stones.html?hp=&pagewanted=all
2011-04-21,02:52:26,gun8u,18,"Photojournalists Tim Hetherington, Chris Hondros killed in Libya",globalpost.com,http://www.globalpost.com/dispatch/news/regions/middle-east/110420/photojournalists-tim-hetherington-chris-hondros-reportedly-
2011-04-20,20:50:51,gue01,18,"Revolution’s benefits passed over Egypt’s factory 
workers",972mag.com,http://972mag.com/revolutions-benefits-passed-over-egypts-factory-workers/
2011-04-20,13:17:39,gu6f7,17,"Europe's new telecoms law comes into effect May 25, and it avoids any explicit net neutrality rules; Commissioner pledges to name and shame bad non-neutral ISPs",arstechnica.com,http://arstechnica.com/tech-policy/news/2011/04/europe-pledges-to-name-and-shame-non-neutral-isps.ars
2011-04-20,10:58:02,gu36s,17,"Supporting Ai Weiwei, Change.org falls victim to Chinese hackers | Penn Olson",penn-olson.com,http://www.penn-olson.com/2011/04/20/supporting-ai-weiwei-change-org-falls-victim-to-chinese-hackers/
2011-04-20,18:23:08,guc0z,14,"I Escaped From Auschwitz --- 


Kazimierz Piechowski, 91, was one of only 144 prisoners to break out of the death camp. He and three others stole the commandant's car. That was when the Nazis began tattooing inmates with prison numbers, for easier recapture",guardian.co.uk,http://www.guardian.co.uk/world/2011/apr/11/i-escaped-from-auschwitz
2011-04-20,21:37:53,gueqr,12,Two suspects in the killing of Italian activist Vittorio Arrigoni die in a Hamas raid in Gaza.,reuters.com,http://www.reuters.com/news/video?videoId=205362702&feedType=VideoRSS&feedName=TopNews&videoChannel=1&utm_source=feedburner&utm_medium=feed&utm_campaign=Feed%3A+reuters%2FUSVideoTopNews+%28Video+%2F+US+%2F+Top+News%29
2011-04-21,06:24:05,gut05,12,Scores dead in Nigeria post-poll violence,english.aljazeera.net,http://english.aljazeera.net//news/africa/2011/04/2011420192313759194.html
2011-04-20,22:43:05,gug2y,13,Libyan war accelerates Chinese debate over “non-intervention”,wsws.org,http://www.wsws.org/articles/2011/apr2011/chin-a19.shtml
2011-04-20,09:21:44,gu0ys,12,"Ministry of Defence ordered to disclose involvement 
in US-led rendition",guardian.co.uk,http://www.guardian.co.uk/politics/2011/apr/18/extraordinary-rendition-uk-involvement-mod
2011-04-20,21:50:57,gueyx,13, The coming Balkan war - Washington Times,washingtontimes.com,http://www.washingtontimes.com/news/2011/apr/19/the-coming-balkan-war/?page=1
2011-04-20,21:47:33,guex1,10,Britain to send military advisers to aid Libyan rebels,washingtonpost.com,http://www.washingtonpost.com/world/libya-vows-to-fight-any-foreign-troops-on-its-soil-rebuffs-eu-proposal/2011/04/19/AF7GP34D_story.html
2011-04-20,22:24:57,gufnh,10,Report: government cyberattacks against own citizens intensifying,arstechnica.com,http://arstechnica.com/tech-policy/news/2011/04/government-cyberattacks-against-regime-critics-on-the-rise.ars
2011-04-21,00:24:14,guisf,11,"In Turkey there have been violent clashes between security forces and Kurdish demonstrators in several cities across the country, including Istanbul and Ankara. Molotov cocktails, stones and fireworks were thrown at police who responded with tear gas and water cannon.",youtube.com,http://www.youtube.com/watch?v=7yCSCNFkgNw&feature=player_embedded#at=36
2011-04-21,00:19:37,guing,9,BBC - Syria protests: Assad to lift state of emergency,bbc.co.uk,http://www.bbc.co.uk/news/world-middle-east-13134322
2011-04-20,21:58:02,guf3v,11,Dozens killed in Nigeria riots,reuters.com,http://www.reuters.com/news/video?videoId=205220644&feedType=VideoRSS&feedName=TopNews&videoChannel=1&utm_source=feedburner&utm_medium=feed&utm_campaign=Feed%3A+reuters%2FUSVideoTopNews+%28Video+%2F+US+%2F+Top+News%29
2011-04-21,05:43:38,guryp,11,Syrian protesters keep up pressure: Anti-government activists to continue rallies and strikes despite cabinet approval for bill to scrap emergency laws.,english.aljazeera.net,http://english.aljazeera.net/news/middleeast/2011/04/2011420152422234120.html
2011-04-20,08:31:49,gtzui,10,Student Qian Liu Killed in Canada as Friend in China Watches on Webcam,aolnews.com,http://www.aolnews.com/2011/04/19/student-qian-liu-killed-in-canada-as-friend-in-china-watches-on/
2011-04-21,04:53:40,guqpa,10,Trying to pull together: Africans are asking whether China is making their lunch or eating it ,economist.com,http://www.economist.com/node/18586448
