2011-11-11,23:54:04,m8rqc,1389,"A seven-year-old Argentine boy has defied doctors' predictions that he would never walk, with help from a homemade rehabilitation device built by his father.",bbc.co.uk,http://www.bbc.co.uk/news/world-latin-america-15695991
2011-11-11,11:42:37,m8adk,1062,"Put warning labels on skinny models: Norwegian minister, Giant images of airbrushed and digitally altered fashion models could soon come with warning labels if Norway's equality minister succeeds in pushing through a new action plan. ",thelocal.no,http://www.thelocal.no/page/view/Put-warning-labels-on-skinny-models
2011-11-11,02:53:17,m7pks,947,"Shell oil spill in Niger Delta has wrecked the lives of 70,000, will take over 30 years to clean, and will cost over $1 billion",guardian.co.uk,http://www.guardian.co.uk/environment/2011/nov/10/shell-nigerian-oil-spills-amnesty
2011-11-11,08:00:04,m82dm,834,Mexican cartel calls Anonymous bluff - murders another blogger,readwriteweb.com,http://www.readwriteweb.com/archives/drug_cartel_murders_another_blogger.php
2011-11-11,21:41:18,m8nqg,730,Israel accidentally kills rabbi mistaken for Palestinian militant,globalpost.com,http://www.globalpost.com/dispatch/news/regions/middle-east/israel-and-palestine/111111/israel-accidentally-kills-rabbi
2011-11-11,08:14:27,m82wl,615,"Mexican drug cartel tries to silence Internet, kills four chat room users",news.yahoo.com,http://news.yahoo.com/mexican-drug-cartel-tries-silence-internet-224155885.html
2011-11-11,10:56:46,m88qb,560,"Facebook facing legal action in Germany over its facial-recognition feature. ""Facebook has introduced this feature in Europe, without informing the user and without obtaining the required consent. Unequivocal consent of the parties is required by both European and national data protection law."" ",news.cnet.com,http://news.cnet.com/8301-1023_3-57322815-93/facebook-faces-lawsuit-over-facial-recognition-feature/?tag=mncol
2011-11-12,05:04:54,m93xi,496,Mystery Radiation Detected 'Across Europe',abcnews.go.com,http://abcnews.go.com/Blotter/mystery-radiation-detected-europe/story?id=14932064#.Tr2Mv4JmIbI
2011-11-11,02:35:21,m7oq7,255,UNESCO operations halted after losing US funding,france24.com,http://www.france24.com/en/20111110-unesco-operations-halted-losing-us-funding-palestine-vote-full-membership-usa-israel
2011-11-11,10:34:11,m87wv,169,Iraq's Stolen Memory:  All the archive of Saddam's era were taken to the US after the invasion and Iraqis want them back,weekly.ahram.org.eg,http://weekly.ahram.org.eg/2011/1071/re10.htm
2011-11-12,04:49:06,m93c0,161,"Egypt court bars members of ousted Pres. Mubarak's party from running in elections: “Those who have wasted the rights and freedoms of others, restricted democracy.. and forged the will of the people in all elections for the past 30 years ... have no right to demand the rights they denied the people”",english.alarabiya.net,http://english.alarabiya.net/articles/2011/11/11/176623.html
2011-11-12,02:59:23,m8z2o,156,"2 Malaysian States Now Punish People for the ""Crime"" of Homosexuality.   Malacca's chief minister, Mohd Ali Rustam said, """"So many people like to promote human rights, even up to the point they want to allow lesbian activities and homosexuality.""",guardian.co.uk,http://www.guardian.co.uk/world/2011/nov/11/malaysian-states-to-punish-homosexuality
2011-11-12,06:54:19,m97wq,110,"Economists say three scenarios are most likely to threaten the euro zone: a member withdrawal; national resistance to union; and a one-size-fits-all monetary policy creating economic havoc. Correction: that should read ""said."" This was twelve years ago.",reuters.com,http://www.reuters.com/article/2011/11/11/us-euro-history-polls-idUSTRE7AA4YV20111111
2011-11-12,03:31:30,m90c5,103,Mexican interior minister killed in crash - CNN.com,cnn.com,http://www.cnn.com/2011/11/11/world/americas/mexico-minister-killed/?hpt=hp_t3
2011-11-11,20:36:26,m8md8,99,"Minimum wage hike coming to Guangdong, the world's factory.  ",boingboing.net,http://boingboing.net/2011/11/10/minimum-wage-hike-coming-to-gu.html
2011-11-11,12:13:49,m8bjz,100,A Chinese mine where 21 workers were killed was being operated illegally,bbc.co.uk,http://www.bbc.co.uk/news/world-asia-china-15688020
2011-11-11,13:35:01,m8e9h,90,A group of armed men have stoned a woman and her daughter to death in Afghanistan.,bbc.co.uk,http://www.bbc.co.uk/news/world-asia-15688354
2011-11-11,02:40:49,m7oz6,72,"""Pakistan - The Ally From Hell,"" a must read for foreign policy/nuclear enthusiasts",theatlantic.com,http://www.theatlantic.com/magazine/archive/2011/12/the-ally-from-hell/8730/1/
2011-11-11,23:20:32,m8qkt,56,"Israel has accelerated the installation of anti-missile defenses on its airliners, as Libya leaks SAMs.  The locally made 'C-Music' system, costing $1M to $1.5M  per plane, uses a laser to ""blind"" heat-seeking missiles.  Target date of 2013 for fitting most of the El Al fleet.",reuters.com,http://www.reuters.com/article/2011/11/11/us-israel-security-airlines-f-idUSTRE7AA2I920111111
2011-11-12,00:53:16,m8u1a,55,"To Save Our Economy, Ditch Taiwan - NYTimes.com",nytimes.com,http://www.nytimes.com/2011/11/11/opinion/to-save-our-economy-ditch-taiwan.html
2011-11-11,02:21:18,m7o3a,49,"European Union bans its own film on Afghan women in jail for ""moral crimes""",globalpost.com,http://www.globalpost.com/dispatch/news/regions/asia-pacific/afghanistan/111110/eu-bans-own-film-afghan-women-jail
2011-11-11,20:20:18,m8m38,50,4 Reasons Why Italy's Economy Is Such a Disaster,theatlantic.com,http://www.theatlantic.com/business/archive/2011/11/4-reasons-why-italys-economy-is-such-a-disaster/248238/
2011-11-11,16:28:19,m8in2,45,BBC News - S&P accidentally announces downgrade of French debt,bbc.co.uk,http://www.bbc.co.uk/news/business-15686580
2011-11-12,00:08:51,m8s8j,41,Ireland's former richest man declared bankrupt,reuters.com,http://www.reuters.com/article/2011/11/11/ireland-richest-bankrupt-idUSL5E7MB2AL20111111
2011-11-11,18:48:22,m8kj9,42,CCTV shows buildings collapsing in second Turkey earthquake,telegraph.co.uk,http://www.telegraph.co.uk/news/worldnews/europe/turkey/8882610/CCTV-shows-buildings-collapsing-in-second-Turkey-earthquake.html
2011-11-12,02:52:25,m8ysg,35,NATO May Investigate Its Own War Crimes Committed During Libyan War - Members of NATO's governing body are discussing informally whether to direct alliance staff members to perform an internal legal review of its Libya operations to assist any outside investigation into civilian casualties.,signonsandiego.com,http://www.signonsandiego.com/news/2011/nov/11/some-nato-ambassadors-mull-possible-libya-review/?ap
2011-11-12,06:39:50,m97ev,36,Police arrest 170 members of the right-wing English Defense League amid fears they were trying to target Occupy London protesters.,reuters.com,http://www.reuters.com/article/2011/11/11/us-britain-poppy-raid-idUSTRE7AA4Q120111111
2011-11-11,22:38:51,m8p93,32,"Human Rights Watch urges Arab League to suspend Syria membership, and issues report : ""The systematic nature of abuses against civilians in Homs by Syrian government forces, including torture and unlawful killings, constitute Crimes Against Humanity""",nytimes.com,http://www.nytimes.com/reuters/2011/11/11/world/middleeast/international-us-syria-rights.html
2011-11-12,00:49:40,m8tw5,30,"After months of tense relations over the clergy sex abuse scandal, the Irish government announced that it will close its embassy to the Vatican",washingtonpost.com,http://www.washingtonpost.com/national/on-faith/amid-tense-relations-ireland-closes-embassy-to-the-vatican/2011/11/03/gIQAlIZYjM_story.html
2011-11-11,12:54:06,m8cxb,27,No national government in Greece as talks break up,wsws.org,http://wsws.org/articles/2011/nov2011/gree-n10.shtml
