2011-01-11,11:15:02,ezyva,1961,"Uh, reddit? Brisbane, AU (one of our largest cities) is currently being washed away. Massive floods, death toll rising. ",abc.net.au,http://www.abc.net.au/news/stories/2011/01/11/3110450.htm?section=justin
2011-01-11,22:57:20,f08iu,625,Julian Assange 'faces execution or Guantánamo detention',guardian.co.uk,http://www.guardian.co.uk/media/2011/jan/11/julian-assange-wikileaks-execution-gantanamo
2011-01-11,11:26:06,ezz1o,217,BREAKING: Government troops are killing protesters in Tunisia. [NSFW Very Graphic],reddit.com,http://www.reddit.com/r/WTF/comments/ezx4s/breaking_government_troops_are_killing_protesters/
2011-01-11,05:47:01,ezsfp,188,How the Arizona Shooting is Being Viewed in Europe: “symptomatic of a superpower in decline and at the mercy of ‘radical’ politics.”,csmonitor.com,http://www.csmonitor.com/World/Europe/2011/0110/In-Arizona-shooting-Europe-sees-an-America-gripped-by-doubt-pessimism
2011-01-12,01:17:22,f0bbr,113,"Pakistan will implode if the US does not leave Afghanistan - The continuing US presence in Afghanistan fuels extremism in neighbouring Pakistan.
",guardian.co.uk,http://www.guardian.co.uk/commentisfree/2011/jan/09/pakistan-implode-america-leave-afghanistan
2011-01-11,17:20:01,f04i3,96,North Korea border guards kill five defectors on the Chinese side of their shared border,reuters.com,http://www.reuters.com/article/idUSTRE70A1PD20110111
2011-01-11,11:26:16,ezz1v,76,"If you're near the Brisbane river, you should be evacuating now.",brisbanetimes.com.au,http://www.brisbanetimes.com.au/environment/weather/caboolture-cut-off-residents-told-to-head-for-high-ground-20110111-19lvq.html
2011-01-11,17:56:19,f04xp,70,The Great Food Crisis of 2011,foreignpolicy.com,http://www.foreignpolicy.com/articles/2011/01/10/the_great_food_crisis_of_2011
2011-01-12,03:31:07,f0eaf,71,"10 dead, 78 missing as 'instant tsunami' hits Australia town",msnbc.msn.com,http://www.msnbc.msn.com/id/40996681/ns/world_news-asiapacific/?GT1=43001
2011-01-11,23:14:54,f08tk,55,Is China headed for financial meltdown? China may be losing control of its economy to dubious financial engineering and loan sharks.,globalpost.com,http://www.globalpost.com/dispatch/china/110108/global-economy-china-economy-loans
2011-01-12,07:51:12,f0jk5,52,Photos from flooded Brisbane,brisbanetimes.com.au,http://www.brisbanetimes.com.au/photogallery/environment/weather/brisbane-in-flood/20110110-19ke7.html
2011-01-12,02:48:01,f0d9r,50,Clusters of Galaxies containing hundreds of billions of Suns discovered. I'm so impressed by how lucky and special we are that we are able to see so far in the Universe. ,bbc.co.uk,http://www.bbc.co.uk/news/science-environment-12139982
2011-01-11,11:19:50,ezyy8,45,"Floods in Queensland, Australia now cover over 386,000 Sq Miles; Same size as MT, NM & AZ ... and growing.",abc.net.au,http://www.abc.net.au/news/video/2011/01/11/3110273.htm
2011-01-11,10:37:03,ezy5a,37,Banks given go-ahead to pay unlimited bonuses by UK government,guardian.co.uk,http://www.guardian.co.uk/politics/2011/jan/10/banks-unlimited-bonuses-ministers
2011-01-11,10:55:06,ezyhr,35,Deadly Australian floods spark evacuations in Brisbane,feeds.reuters.com,http://feeds.reuters.com/~r/reuters/environment/~3/O-AFo0pHOrw/idUSTRE6BU09620110111
2011-01-11,18:27:23,f05a1,32,Daily Telegraph - China: a force fit for a superpower. The technology and firepower of the People’s Liberation Army are growing so fast that observers are no longer curious but concerned. The sea is where the 21st century content for materials and markets will occur.,telegraph.co.uk,http://www.telegraph.co.uk/news/worldnews/asia/china/8251307/China-a-force-fit-for-a-superpower.html
2011-01-12,04:26:55,f0fft,32,Highly venomous snakes threaten Aussie flood victims,msnbc.msn.com,http://www.msnbc.msn.com/id/21134540/vp/40951744#40951744
2011-01-12,04:06:18,f0f0k,31,North Korea border guards kill five defectors to China for the first time in years after pursuing them across the frozen river border,independent.co.uk,http://www.independent.co.uk/news/world/asia/north-korea-border-guards-kill-five-defectors-to-china-2181890.html
2011-01-11,17:41:14,f04rk,32,A karaoke marathon held last week by Icelandic singer Björk helped double the signature count on a petition she hopes will lead to a referendum on foreign ownership of Icelandic natural resources,swedishwire.com,http://www.swedishwire.com/nordic/8010-bjoerk-karaoke-marathon-boosts-anti-takeover-
2011-01-11,09:28:14,ezwvh,27,Cars floating away in Queensland Australia  Flood,youtube.com,http://www.youtube.com/watch?v=kYUpkPTcqPY
2011-01-11,12:24:16,f003v,29,"Turns out the ""old man plane disguise"" case was part of a larger illegal immigrant smuggling operation.",21cb.net,http://21cb.net/2011/01/11/old-man-plane-disguise-arrests/
2011-01-11,10:42:33,ezy8q,23,"North Korea's Forgotten Prison Camps -  There are an estimated 150,000 to 200,000 people in a total of six concentration camps operated by the government in the central and northeastern areas of the country.",search.japantimes.co.jp,http://search.japantimes.co.jp/cgi-bin/eo20110110a2.html
2011-01-11,15:52:39,f03hf,21,Polish cleaner blows the lid on 'dirty' Germans ,independent.co.uk,http://www.independent.co.uk/news/world/europe/polish-cleaner-blows-the-lid-on-dirty-germans-2181131.html
2011-01-11,22:36:49,f085w,23,British banks cleared to pay unlimited bonuses ,americablog.com,http://www.americablog.com/2011/01/british-banks-cleared-to-pay-unlimited.html
2011-01-11,12:36:36,f00cc,24,"Iranian human rights lawyer gets 11-year prison term, including 5 years for allegedly appearing in videotaped message without veil",adnkronos.com,http://www.adnkronos.com/IGN/Aki/English/Politics/Iran-Leading-human-rights-lawyer-jailed-for-11-years_311519263277.html
2011-01-12,01:05:54,f0b2q,21,"Taiwan doing it right : After years of airlines declining travel to disabled people for lack of equipment , Taiwan passes Disabilities Rights Protection Act which makes refusing service to the disabled a fineable crime ",taiwantoday.tw,http://www.taiwantoday.tw/ct.asp?xItem=143073&ctNode=445
2011-01-11,19:05:08,f05nh,22,China conducts first test-flight of stealth plane [BBC],bbc.co.uk,http://www.bbc.co.uk/news/world-asia-pacific-12159571
2011-01-11,17:39:30,f04qp,20,WikiLeaks' Assange set to face court,abc.net.au,http://www.abc.net.au/news/stories/2011/01/11/3110832.htm?section=justin
2011-01-12,06:23:35,f0hxl,13,Arab regimes are watching the events in Algeria and Tunisia closely.,lynch.foreignpolicy.com,http://lynch.foreignpolicy.com/posts/2011/01/11/arab_regimes_on_edge
2011-01-11,22:30:27,f081y,16,Iran claims Mossad link to scientist's death,guardian.co.uk,http://www.guardian.co.uk/world/2011/jan/11/iran-10-arrested-scientist-death-israel
