2011-10-07,20:47:34,l41dc,309,Brutal eviction of Palestinian family in Jaffa caught on tape,mondoweiss.net,http://mondoweiss.net/2011/10/brutal-eviction-of-palestinian-family-in-jaffa-caught-on-tape.html
2011-10-07,01:06:35,l33e6,209,"Showing how futile Internet censorship can be, The Pirate Bay registered new domain name to allow Belgian users to access the site and bypass a recent court order that requires ISPs Belgacom and Telenet to initiate DNS blockades of 11 domains connected to The Pirate Bay",torrentfreak.com,https://torrentfreak.com/the-pirate-bay-adds-domain-to-bypass-court-order-111005/
2011-10-07,09:24:57,l3lg9,187,Footage offers glimpse of North Korean hunger crisis:  Occasionally the veil is pulled back from the secretive state of North Korea and the world gets a glimpse of what life is like there.,abc.net.au,http://www.abc.net.au/news/2011-10-07/north-korea-starvation/3335420
2011-10-07,22:32:57,l43nk,124,"Billionaire hedge fund manager George Soros has lost a case at the European Court of Human Rights to have his criminal conviction for insider dealing quashed.
",online.wsj.com,http://online.wsj.com/article/SB10001424052970203476804576614442587262696.html
2011-10-07,02:46:48,l3773,95,Saudi Arabia to quash unrest with an “iron fist”: Authorities in Saudi Arabia vow to use force to quell recent unrest.,globalpost.com,http://www.globalpost.com/dispatches/globalpost-blogs/the-casbah/saudi-arabia-quell-unrest-%E2%80%9Ciron-fist%E2%80%9D
2011-10-07,13:52:43,l3ty8,91,"Syrian troops 'kill Syrian farmer in Lebanon': Syrian forces have crossed into Lebanese territory and shot dead a Syrian man living in a border area, reports say.",bbc.co.uk,http://www.bbc.co.uk/news/world-middle-east-15206245
2011-10-07,21:25:59,l424b,86,Doctor accused of helping CIA find Bin Laden should be charged with high treason – Pakistani state commission ,guardian.co.uk,http://www.guardian.co.uk/world/2011/oct/06/pakistan-vaccination-doctor-accused-treason
2011-10-07,23:21:39,l450u,72,The Canadian government is pitching a controversial oil-sands pipeline through the United States as the “ethical” choice for energy consumption,globalpost.com,http://www.globalpost.com/dispatch/news/regions/americas/canada/111006/oil-pipeline-saudi-arabia-energy-keystone-pipeline
2011-10-07,10:12:26,l3myk,70,"A year after Liu Xiaobo won the Nobel Peace Prize, he Remains Imprisoned",hrw.org,http://www.hrw.org/en/news/2011/10/07/china-release-nobel-laureate-and-others-wrongly-jailed-disappeared
2011-10-07,21:21:00,l420k,51,Chilean students protest after 'failed talks': Thousands march through the streets of Santiago after their demands for education reform go unmet.,english.aljazeera.net,http://english.aljazeera.net/news/americas/2011/10/2011106181758485239.html
2011-10-08,03:13:56,l4cxf,50,Chavez: Houses on Caribbean islands will be seized,news.yahoo.com,http://news.yahoo.com/chavez-houses-caribbean-islands-seized-023618004.html
2011-10-07,19:57:43,l40l6,42,10 years of war: Afghans speak out,guardian.co.uk,http://www.guardian.co.uk/world/interactive/2011/oct/07/afghanistan-war-10-years-interactive
2011-10-08,00:57:49,l485z,44,France Urges Turkey to Recognize Armenian Genocide,nytimes.com,http://www.nytimes.com/aponline/2011/10/07/world/europe/AP-EU-Armenia-France.html
2011-10-08,00:46:16,l47ry,42,"Europeans fear climate change more than financial turmoil. Climate change was the second most serious issue facing the world, after poverty
",guardian.co.uk,http://www.guardian.co.uk/environment/2011/oct/07/europeans-climate-change-poll
2011-10-07,23:23:33,l452r,41,"32 bodies found at several locations in Veracruz, Mexico; official says New Generation drug gang responsible",hosted.ap.org,http://hosted.ap.org/dynamic/stories/L/LT_DRUG_WAR_MEXICO?SITE=AP&SECTION=HOME&TEMPLATE=DEFAULT
2011-10-07,16:45:40,l3xrs,37,"Bank of England chief Mervyn King issues stark warning of looming crisis |
			The Australian",theaustralian.com.au,http://www.theaustralian.com.au/news/world/bank-of-england-chief-mervyn-king-issues-stark-warning-of-looming-crisis/story-e6frg6so-1226160958874
2011-10-07,22:13:44,l435u,35,"Who put the contract out on Politovskaya?  -- There's been progress into the investigation into the murder of Russian journalist Anna Politkovskaya. Yet who ordered the killing remains unknown. Five years later, there's nothing more than speculation. ",dw-world.de,"http://www.dw-world.de/dw/article/0,,15440413,00.html"
2011-10-07,20:35:16,l415u,29,Australia and New Zealand are to airlift equipment to the Pacific nation of Tuvalu to help it deal with a severe water shortage caused by drought. ,bbc.co.uk,http://www.bbc.co.uk/news/world-asia-pacific-15210568
2011-10-07,11:55:24,l3qe9,30,Israeli Arab village left without water as water company demands payment,haaretz.com,http://www.haaretz.com/print-edition/news/israeli-arab-village-left-without-water-as-water-company-demands-payment-1.388623
2011-10-08,04:22:19,l4fbt,31,"Mexico's Zeta Killers kill 32, revive debate about the 'good-guy cartel':  The 'Zeta Killers' have been linked to the deaths of 67 people. While they claim to be fighting the Zetas drug cartel, experts say they are likely just a criminal group adopting the guise of a 'good-guy cartel.'",csmonitor.com,http://www.csmonitor.com/World/Americas/Latin-America-Monitor/2011/1007/Mexico-s-Zeta-Killers-kill-32-revive-debate-about-the-good-guy-cartel
2011-10-08,04:05:44,l4epc,34,It's only a matter of time until Netanyahu falls,haaretz.com,http://www.haaretz.com/print-edition/opinion/it-s-only-a-matter-of-time-until-netanyahu-falls-1.388655
2011-10-07,13:23:11,l3t3p,22,"Australia's Slot Canyons --- 
""The Swiss have mountains, so they climb. Canadians have lakes, so they canoe. The Australians have canyons, so they go canyoneering, a hybrid form of madness halfway between mountaineering and caving.""",ngm.nationalgeographic.com,http://ngm.nationalgeographic.com/2011/10/australia-canyons/jenkins-text
2011-10-07,20:48:06,l41dm,19,"
      Moody's cuts credit ratings on UK banks RBS and Lloyds


",reuters.com,http://www.reuters.com/article/2011/10/07/us-britain-banks-moodys-idUSTRE7961CZ20111007?feedType=RSS&feedName=topNews&utm_source=feedburner&utm_medium=feed&utm_campaign=Feed%3A+reuters%2FtopNews+%28News+%2F+US+%2F+Top+News%29&utm_content=Google+Feedfetcher
2011-10-07,16:28:19,l3xh0,20,Mexican navy finds 32 bodies in Veracruz - 20 bodies were in one house in a residential neighborhood,bbc.co.uk,http://www.bbc.co.uk/news/world-latin-america-15210773
2011-10-07,12:41:15,l3rtu,18,"Chile court lifts suspension of Patagonia dam project: A Chilean appeals court has ruled in favour of a multi-billion-dollar dam project in Patagonia, in Chile's south.",bbc.co.uk,http://www.bbc.co.uk/news/world-latin-america-15208574
2011-10-07,23:18:38,l44xk,17,"Palestine state quest wins victory in UNESCO vote - Palestine has won a first diplomatic victory in its quest for statehood as UNESCO's executive committee backed its bid to become a member, a move deemed ""inexplicable"" by the United States.",almasryalyoum.com,http://www.almasryalyoum.com/en/node/502362
2011-10-07,15:36:29,l3wen,13,"After 10 years in Afghanistan, the US still lacks the knowledge to bring the conflict to a successful end, retired Army Gen Stanley McChrystal has said.",bbc.co.uk,http://www.bbc.co.uk/news/world-south-asia-15209793
2011-10-07,22:20:50,l43ca,14,Battle for Sirte: Libyan forces launch largest assault yet,guardian.co.uk,http://www.guardian.co.uk/world/2011/oct/07/battle-sirte-libyan-forces-assault
2011-10-07,14:24:08,l3uqr,13,Ultra Orthodox Israeli Paper: '...no shadow of justification can be found for harming a Muslim mosque.',haaretz.com,http://www.haaretz.com/print-edition/news/ultra-orthodox-paper-condemns-insane-act-of-mosque-arson-in-northern-israel-1.388415
2011-10-07,23:15:37,l44u4,10,Zimbabwe: 'Nationalise Diamonds' - MDC-T MPs have called for the government to nationalise all alluvial diamonds and revise the much maligned indigenisation policy to improve the country's economy and control of mining resources.,allafrica.com,http://allafrica.com/stories/201110070941.html
