2011-02-06,22:40:08,fgags,989,"""We don’t want Omar Suleiman to take Mubarak’s place. We are not O.K. with this regime at all...We want a president who is a civilian.” ",nytimes.com,http://www.nytimes.com/2011/02/07/world/middleeast/07egypt.html?pagewanted=2&_r=1&hp
2011-02-06,16:43:46,fg7n7,843,Egyptian police shoot a defenseless boy .. Atrocious,youtube.com,http://www.youtube.com/watch?v=WEkqmx-skGg#t=1m35s
2011-02-06,18:17:07,fg8e6,321,EGYPT: Young boy murdered by police in cold blood,youtube.com,http://www.youtube.com/watch?v=_mlQPoOXmGg
2011-02-07,01:56:43,fgcy6,173,It's not radical Islam that worries the US ; it's independence | Noam Chomsky ,guardian.co.uk,http://www.guardian.co.uk/commentisfree/cifamerica/2011/feb/04/radical-islam-united-states-independence?CMP=twt_fd
2011-02-06,13:35:42,fg5ht,151,"Anti-Mubarak activists bruised, tired, hungry: ""Maybe we'll be tired for a month, but we will be able to live in freedom for the rest of our life.""",news.yahoo.com,http://news.yahoo.com/s/ap/20110205/ap_on_re_mi_ea/ml_egypt_the_standoff
2011-02-07,07:08:03,fgi5t,128,"Meanwhile along the Thai and Cambodian border, solders are trading fire for the third straight day",english.aljazeera.net,http://english.aljazeera.net/news/asia-pacific/2011/02/20112613152324529.html
2011-02-06,10:05:50,fg2r0,121,"Cameron says multiculturalism has failed in Britain and it was time to replace Britain's ""passive tolerance"" with an ""active, muscular liberalism"" to send a message that life in Britain revolves around certain key values such as freedom of speech, equal rights and the rule of law.",uk.reuters.com,http://uk.reuters.com/article/2011/02/05/uk-britain-radicalisation-idUKTRE71401G20110205
2011-02-06,22:26:19,fgab1,83,"Ripple effects of the Egyptian uprising are now spreading to Gaza, where some groups are planning a new rally next week... making the Hamas government nervous",ipsnews.net,http://www.ipsnews.net/news.asp?idnews=54376
2011-02-06,01:45:01,ffvav,84,"France rocked by news of aid to Tunisia and Egypt - France trained Egyptian police officers in crowd control and sent tear gas to Tunis. And its foreign minister vacationed in Tunisia after the uprising, using the jet of a man linked to the ousted president.",latimes.com,"http://www.latimes.com/news/nationworld/world/la-fg-france-scandal-20110205,0,3337828.story"
2011-02-06,23:27:20,fgayo,82,Citizen video obtained by AJE shows the green laser seen apparently targeting anti-gov ppl with gunfire.,youtube.com,http://www.youtube.com/watch?v=VqydgpyVNKY
2011-02-07,00:02:54,fgbcs,60,Political science professor: There is no reason for American journalists to accept the premise that President Hosni Mubarak is the only thing standing between chaos and/or Islamic theocracy in Egypt,niemanwatchdog.org,http://www.niemanwatchdog.org/index.cfm?fuseaction=background.view&backgroundid=00512
2011-02-07,07:08:23,fgi64,60,"Iranian opposition to mullahs: If you dig these Egypt protests so much, why not let us march too?",latimes.com,"http://www.latimes.com/news/breaking-iran-opposition,0,1932922.story?track=rss&utm_source=feedburner&utm_medium=feed&utm_campaign=Feed:+latimes/news+(L.A.+Times+-+Top+News)"
2011-02-06,22:01:33,fga2v,48, Will The West Endorse Human Rights Violator Omar Suleiman To Be Egypt's President? ,thinkprogress.org,http://thinkprogress.org/2011/02/06/omar-suleiman-torture-record/
2011-02-06,11:49:38,fg43j,46,"""When a white person holds objectionable views — racism, for example — we rightly condemn them. But when equally unacceptable views or practices have come from someone who isn’t white, we’ve been too cautious, frankly even fearful, to stand up to them.” ",nytimes.com,http://www.nytimes.com/2011/02/06/world/europe/06britain.html
2011-02-07,00:48:37,fgbwu,46,"American Warships Heading to Egypt.  Yesterday, 
the Los Angeles Times reported: The Pentagon is 
moving U.S. warships and other military assets to 
make sure it is prepared in case evacuation of U.S. 
citizens from Egypt becomes necessary,",zerohedge.com,http://www.zerohedge.com/article/american-warships-heading-egypt-keep-all-options-open
2011-02-06,08:50:42,fg1oc,39,"Rape case against the WikiLeaks chief 'weak' - Details in a police file of the rape case against Julian Assange, the founder of WikiLeaks, reveal a series of apparent contradictions and inconsistencies in the evidence against him.",telegraph.co.uk,http://www.telegraph.co.uk/news/worldnews/europe/sweden/8306348/Rape-case-against-the-WikiLeaks-chief-weak.html
2011-02-06,22:43:49,fgai7,35,Ex-Israeli soldier admits leaking secret military files,bbc.co.uk,http://www.bbc.co.uk/news/world-middle-east-12377580
2011-02-06,22:31:33,fgadj,35,"Egypt protesters hold firm: Tens of thousands in Tahrir Square demand that Mubarak quit, as the ruling party's top leadership resigns",english.aljazeera.net,http://english.aljazeera.net/news/middleeast/2011/02/20112513454758210.html
2011-02-06,08:48:13,fg1mp,35,"""I'm a huge fan of Top Gear. But this time I've had enough,"" by Steve Coogan ",guardian.co.uk,http://www.guardian.co.uk/tv-and-radio/2011/feb/05/top-gear-offensive-steve-coogan
2011-02-06,11:26:28,fg3sk,36,"France Suspends Arms, Riot Equipment Sales To Egypt",defensenews.com,http://www.defensenews.com/story.php?i=5630255&c=MID&s=LAN
2011-02-06,19:45:20,fg91d,25,"Egyptian government holds talks with Muslim Brotherhood - Egypt's largest opposition group, the Muslim Brotherhood, agreed to join talks with President Hosni Mubarak's embattled regime Sunday, a historic turning point in relations between the state and the banned group.",dw-world.de,"http://www.dw-world.de/dw/article/0,,14820842,00.html"
2011-02-07,06:01:22,fgh37,25,"Jordanian Monarchy under pressure: ""Queen Rania is viewed as glamorous, sophisticated, and widely admired abroad. She has come in for particular criticism, accused of controlling court appointments and funneling business to her family. But mostly she is said to be insensitive to her subjects [...]""",nytimes.com,http://www.nytimes.com/2011/02/05/world/middleeast/05jordan.html
2011-02-07,01:42:37,fgcqf,15," 	
Iranian TV channels say no to pasta, pizza - 
Cooking shows ordered to shun Italian, French dishes, highlight Iran's achievements instead",ynetnews.com,"http://www.ynetnews.com/articles/0,7340,L-4024717,00.html"
2011-02-07,03:25:27,fgedh,13,Mubarak family fortune could reach $70bn. This is Mubarak has to plan his exit very carefully — prosecution for (a) corruption and (b) criminal brutality is all the rage these days. ,americablog.com,http://www.americablog.com/2011/02/guardian-mubarak-family-fortune-could.html
2011-02-06,16:19:51,fg7eb,13,What corruption looks like :$2 Billion per year of rule -  Mubarak family fortune may be $70 BILLION!,markcrispinmiller.com,http://markcrispinmiller.com/2011/02/mubarak-family-fortune-may-be-70-billion/
2011-02-06,08:26:29,fg1ac,11,Tunisian police shoot protesters.,bbc.co.uk,http://www.bbc.co.uk/news/world-africa-12375255
2011-02-06,10:06:22,fg2r6,13,Fighting erupts in southern Sudan,english.aljazeera.net,http://english.aljazeera.net/news/africa/2011/02/201125163010915364.html
2011-02-06,14:44:26,fg6dd,11,"Egypt remains at an impasse:  Crowds occupy Cairo demanding president's resignation, while Muslim Brotherhood says it will join talks with government.",english.aljazeera.net,http://english.aljazeera.net/news/middleeast/2011/02/201125232637371987.html
2011-02-06,13:59:51,fg5tm,9,"Wikileaks: New Egypt Vice President, Omar Suleiman was named as most likely successor to Mubarak in 2007",myweku.com,http://www.myweku.com/2011/01/wikileaks-report-new-egypt-vice-president-omar-suleiman-and-presidential-succession-in-egypt/
2011-02-07,00:29:01,fgbo0,7,"2 detained NY Times reporters saw police’s methods after being handed over to the country’s dreaded Mukhabarat, the secret police, and interrogated",nytimes.com,https://www.nytimes.com/2011/02/06/weekinreview/06held.html?pagewanted=1&_r=2&hp
