2011-06-20,22:04:25,i4aeb,1772,World's oceans in 'shocking' decline,bbc.co.uk,http://www.bbc.co.uk/news/science-environment-13796479
2011-06-20,09:57:08,i3xe6,1169,Vancouver police received 1M pics and 1000 hrs of video of the Stanley Cup riot,cbc.ca,http://www.cbc.ca/news/canada/british-columbia/story/2011/06/19/bc-stanley-cup-riot-charges.html
2011-06-20,17:37:46,i46j9,501,"A minor girl is raped and hanged from a tree inside a police station. Police brutality touches a new low in Uttar Pradesh, India",tehelka.com,http://www.tehelka.com/story_main50.asp?filename=Ne250611maya.asp
2011-06-20,21:23:45,i49p6,222,"""War crimes: The world has seen the evidence. Now we must act - In Sri Lanka, Libya, Bahrain and elsewhere, human rights abuses are being recorded and the evidence is on the internet"" The Guardian
",guardian.co.uk,http://www.guardian.co.uk/commentisfree/2011/jun/19/observer-editorial-war-crimes-sri-lanka
2011-06-20,13:39:05,i429h,165,"Postcards from Hell, 2011",foreignpolicy.com,http://www.foreignpolicy.com/articles/2011/06/20/postcards_from_hell_2011?page=full
2011-06-20,00:28:28,i3lvs,105,China floods - More than two million people are now reported to have been affected by deadly floods (worst since 1955) in eastern China. ,bbc.co.uk,http://www.bbc.co.uk/news/world-asia-pacific-13831068
2011-06-21,03:14:01,i4imu,70,"Brazil's high court OKs 'Marijuana Marches' - The court ruled in favor of 'Marijuana Marches' as an expression of free speech, overturning several state bans.",csmonitor.com,http://www.csmonitor.com/World/Americas/Latin-America-Monitor/2011/0620/Brazil-s-high-court-OKs-Marijuana-Marches
2011-06-21,06:55:42,i4p0d,69, What makes the IMF think it's right about Greece? Much of the world remains mired in the worst downturn since the Great Depression; a downturn that the IMF totally failed to predict,guardian.co.uk,http://www.guardian.co.uk/commentisfree/cifamerica/2011/jun/20/imf-economists-greece-crisis
2011-06-20,21:09:33,i49hq,63,"'We Will Not Get Involved' in Syria - The US has been critical of Germany for not supporting NATO in the mission in Libya. SPIEGEL spoke to German Defense Minister Thomas de Maizière about Berlin's skepticism of getting involved in Libya and Syria, and about the future of the NATO alliance.",spiegel.de,"http://www.spiegel.de/international/germany/0,1518,769339,00.html"
2011-06-20,23:33:40,i4cbs,57,"Israel arrests four girls, two 15 year-olds, a 16 year-old and a 20 year-old for torching Palestinian vehicles as well as other acts of revenge against Palestinians as part of an a unofficial revenge policy by right-wing Israeli extremists.",ynetnews.com,"http://www.ynetnews.com/articles/0,7340,L-4084194,00.html"
2011-06-20,04:05:15,i3q6a,58,"Madrid 'Euro-pact' protesters take to streets: Tens of thousands of protesters have taken to the streets of Madrid and other Spanish cities in a mass march against austerity measures, social spending cuts and unemployment. ",bbc.co.uk,http://www.bbc.co.uk/news/world-europe-13833093
2011-06-21,04:05:21,i4k7g,50,The 2011 Failed States Index.,foreignpolicy.com,http://www.foreignpolicy.com/articles/2011/06/17/2011_failed_states_index_interactive_map_and_rankings
2011-06-21,05:39:54,i4mxr,48,"Internet body throws open domain names - Big corporate firms will soon be able to replace "".com"" with their own suffixes that identify their own brand",english.aljazeera.net,http://english.aljazeera.net/business/news/2011/06/20116201510786468.html
2011-06-21,05:38:34,i4mwg,46,Very interesting Bilderberg insight from a guy who was a member for 10 years.,politiken.dk,http://politiken.dk/newsinenglish/ECE1310341/seidenfaden-gives-bilderberg-insight/
2011-06-21,02:34:06,i4hey,42,"Germany set to turn back to coal, gas and imports to fill energy gap left by its exit of nuclear power",reuters.com,http://www.reuters.com/article/2011/06/20/us-germany-energy-idUSTRE75J42J20110620
2011-06-20,08:45:45,i3vyt,33,"Food Prices Soar Due to Floods in China
",guardian.co.uk,http://www.guardian.co.uk/world/2011/jun/19/china-floods-food-price-rises
2011-06-20,08:56:49,i3w7f,29,"With 1.2 Billion Inhabitants, India Can't Find Anyone To Be Their Hangman",nytimes.com,http://www.nytimes.com/2011/06/14/world/asia/14india.html?_r=2&pagewanted=1&partner=rss&emc=rss
2011-06-21,04:35:33,i4l46,27,"Almost half the world's refugees are from Iraq or Afghanistan, according to a new U.N. report",theatlanticwire.com,http://www.theatlanticwire.com/global/2011/06/takeaways-uns-global-refugee-report/39027/
2011-06-20,12:06:48,i405k,23,Libyan rebels have proof of  rape and torture of women by Gaddafi loyalists,cnn.com,http://www.cnn.com/2011/WORLD/africa/06/14/libya.rape.hfr/?hpt=wo_t4
2011-06-21,02:14:21,i4gtr,28,6.5 Earthquake hits Chile,earthquake.usgs.gov,http://earthquake.usgs.gov/earthquakes/recenteqsww/Quakes/usc0004by6.php
2011-06-20,06:06:41,i3ssl,24,"Nato admits civilians died in Tripoli bombing raid
",telegraph.co.uk,http://www.telegraph.co.uk/news/worldnews/africaandindianocean/libya/8585248/Nato-admits-civilians-died-in-Tripoli-bombing-raid.html
2011-06-20,21:11:10,i49ip,20,"BP, Shell ban hoodies at Gold Coast petrol pumps after armed robbery epidemic ",news.com.au,http://www.news.com.au/national/bp-shell-ban-hoodies-at-gold-coast-petrol-pumps/story-e6frfkvr-1226077752175
2011-06-20,09:53:48,i3xbz,18,Civilians including two toddlers among nine dead as NATO admits Tripoli raid killed innocent Libyans.,news.yahoo.com,http://news.yahoo.com/s/afp/20110619/ts_afp/libyaconflict_20110619202923;_ylt=AvVrYS8eHSu5UkH5JPgGk4is0NUE;_ylu=X3oDMTFocWw0aXM0BHBvcwMyNARzZWMDYWNjb3JkaW9uX3RvcF9zdG9yaWVzBHNsawN0b2RkbGVyc2Ftb24-
2011-06-21,02:52:43,i4hzz,17,"The committee called the disappearance of the money a ""financial crime"" but said U.N. Security Council resolutions prevent Iraq from making a claim against the United States.",reuters.com,http://www.reuters.com/article/2011/06/19/us-iraq-usa-money-idUSTRE75I20S20110619
2011-06-20,13:23:26,i41xe,16,"European governments failed to agree on releasing a loan payment to spare Greece from default, ramping up pressure on Prime Minister George Papandreou to first deliver budget cuts in the face of domestic opposition. 

",bloomberg.com,http://www.bloomberg.com/news/2011-06-20/europe-fails-to-agree-on-greek-aid-payout-pressing-papandreou-to-cut-debt.html
2011-06-20,23:50:13,i4cs1,15,"Egypt's Mubarak 'has cancer' - Al Jazeera English
",english.aljazeera.net,http://english.aljazeera.net/news/middleeast/2011/06/201162013102151508.html?utm_content=news_AJEContentFireHose&utm_campaign=socialflowtest&utm_source=twitter&utm_term=twitter&utm_medium=tweet
2011-06-21,05:45:12,i4n2i,15,Tunisia's dreams of change fade by the day,dw-world.de,"http://www.dw-world.de/dw/article/0,,15173631,00.html"
2011-06-20,12:31:31,i40pd,14,"Darfur fighters 'killed by Sudanese army': Dozens of fighters reported dead in west, as monitoring group says satellite images show north's army massing in south.",english.aljazeera.net,http://english.aljazeera.net/news/africa/2011/06/201161920175470676.html
2011-06-21,00:29:39,i4dtt,16,World's biggest airliner loses wingtip after striking building at Paris Air Show - two months after doing the same thing in New York,dailymail.co.uk,http://www.dailymail.co.uk/news/article-2005771/Not-Worlds-biggest-airliner-damaged-striking-building-wing-tip-taxiing-Paris-Air-Show.html
2011-06-20,12:36:08,i40tn,15,"Japan Failed to Implement World Nuclear-Safety Rules, Report Says - WSJ.com",online.wsj.com,http://online.wsj.com/article/SB10001424052702304887904576395673460547438.html
