2011-09-03,00:37:29,k2jm8,1451,"Hungary Introduces 'Fat Tax' - In an effort to address rising obesity rates and health care costs, Hungary on Thursday implemented a law imposing special taxes on foods with high fat, salt and sugar content. The move comes as other European countries also consider policies to fight obesity. ",spiegel.de,"http://www.spiegel.de/international/europe/0,1518,783862,00.html"
2011-09-03,18:22:10,k3ea3,1341,"Millions Are Starving in the Horn of Africa, but Nobody's Talking About it - 
The UN calls the ongoing drought & famine in Somalia the ""worst humanitarian disaster"" in the world",motherjones.com,http://motherjones.com/blue-marble/2011/09/millions-are-starving-horn-africa
2011-09-03,17:10:09,k3d97,431,"Files found at a Libyan government building show strong cooperation between the CIA and Muammar Gaddafi's intelligence agencies, including shipping terror suspects to the North African country for interrogation",blogs.aljazeera.net,http://blogs.aljazeera.net/liveblog/libya-sep-3-2011-0444
2011-09-04,04:32:48,k3qgm,295,"Hookers in Germany must plug prostitution parking meter to work on the streets, Bonn officials rule
",nydailynews.com,http://www.nydailynews.com/news/world/2011/09/01/2011-09-01_hookers_in_germany_must_plug_prostitution_parking_meter_to_work_on_the_streets_b.html#ixzz1WugjexVZ
2011-09-03,21:47:58,k3h4g,275,Mysterious person in radiation suit appears on Fukushima webcam,enenews.com,http://enenews.com/mysterious-person-in-radiation-suit-appears-on-fukushima-webcam-videos
2011-09-03,13:55:12,k3956,257,China Increasingly Uses Tactic of Making Dissidents Vanish - NYTimes.com,nytimes.com,http://www.nytimes.com/2011/09/03/world/asia/03china.html?hp
2011-09-04,06:08:18,k3sy2,220,New species of ancient rhinoceros found in Tibet,latimes.com,"http://www.latimes.com/news/science/la-sci-woolly-rhino-20110903,0,175984.story"
2011-09-03,22:52:54,k3i5u,221,Vatican admits 'grave failures' in child sex abuse scandal,news.com.au,http://www.news.com.au/breaking-news/vatican-admits-grave-failures-in-ireland-abuse-scandal/story-e6frfku0-1226128898747
2011-09-04,00:35:11,k3k93,197,News Corp. compiled secret dossier on lawyer representing phone hacking victims,guardian.co.uk,http://www.guardian.co.uk/media/2011/sep/03/phone-hacking-alleged-dossier-lawyers
2011-09-04,06:20:29,k3t9p,118,"""400,000 people protest across Israel""",ynetnews.com,"http://www.ynetnews.com/articles/0,7340,L-4117312,00.html"
2011-09-03,08:11:54,k2ztj,116,New Shark Species Found in Food Market,news.nationalgeographic.com,http://news.nationalgeographic.com/news/2011/09/110901-shark-new-species-eaten-science-ocean-squalus-formosus-dogfish/
2011-09-04,03:12:05,k3o9k,98,"Vatican rejects Irish criticism over sex abuse - Earlier this summer an official report in Ireland found the Vatican had tried to block authorities from investigating sexual abuse cases. On Saturday, a month and a half later, the Catholic church struck back.",dw-world.de,"http://www.dw-world.de/dw/article/0,,15362867,00.html"
2011-09-03,08:57:21,k313q,69,'Sleeping gas' thieves target super-rich at Italian billionaires' resort,guardian.co.uk,http://www.guardian.co.uk/world/2011/aug/30/italy-thieves-sleeping-gas-sardinia
2011-09-03,20:48:12,k3g90,59,BBC News - Italian town Filettino declares independence. The mayor says there is enormous enthusiasm about declaring the independence of the new principality. ,bbc.co.uk,http://www.bbc.co.uk/news/world-asia-pacific-14774526
2011-09-04,01:07:25,k3kz1,52,"12,000 Iraqi Civilians Died in Suicide Bombings, 
Study Says - NYTimes.com",nytimes.com,http://www.nytimes.com/2011/09/03/world/middleeast/03iraq.html?ref=global-home
2011-09-04,07:01:29,k3udk,49,Egyptian military closing Gaza tunnels,bradenton.com,http://www.bradenton.com/2011/09/03/3466703/officials-egyptian-military-closing.html
2011-09-03,23:00:07,k3iaf,42,Assange could be prosecuted for the unplanned WikiLeaks release.,rawstory.com,http://www.rawstory.com/rs/2011/09/02/assange-could-be-prosecuted-for-wikileaks-release/
2011-09-04,03:09:59,k3o7c,38,"Germany urges Turkey to end spat with Israel - As tensions mounted between former allies Turkey and Israel, Germany joined the EU and the United Nations Saturday in urging the countries to resolve the diplomatic spat.",dw-world.de,"http://www.dw-world.de/dw/article/0,,15363140,00.html"
2011-09-04,02:23:48,k3mz7,28,"Moussa Koussa's secret letters betray 
Britain's Libyan connection - The Independent",independent.co.uk,http://www.independent.co.uk/news/world/africa/moussa-koussas-secret-letters-betray-britains-libyan-connection-2348394.html
2011-09-04,01:20:29,k3la7,31,"India, China lose: Turkey, Argentina the new growth kings
",firstpost.com,http://www.firstpost.com/world/china-india-lose-turkey-argentina-the-new-growth-kings-75854.html
2011-09-03,10:19:01,k33e5,26,"So, was this a war for oil?",guardian.co.uk,http://www.guardian.co.uk/commentisfree/2011/sep/02/next-war-libya-one-for-oil
2011-09-03,19:06:21,k3eww,22,"China begins ""anti-corruption"" classes beginning in grade school, use real-life execution cases as text-book examples",chinadaily.com.cn,http://www.chinadaily.com.cn/china/2011-09/02/content_13608581.htm
2011-09-03,16:25:59,k3cga,17,Wounded Syrian protesters being abused in hospitals - Security forces have kidnapped the wounded and even corpses in an effort to crush the anti-government movement,latimes.com,"http://www.latimes.com/news/nationworld/world/la-fg-syria-doctors-20110903,0,1944377.story?r"
2011-09-03,18:04:21,k3e1c,18," Mozambique offered farmers from Brazil 50-yr leases on 15 million acres of land: an area equivalent to over 1/2 the acreage under cultivation in Iowa. The price is right: $5.30 per acre vs. a going rate of up to $8,800 per acre in Brazil.",motherjones.com,http://motherjones.com/tom-philpott/2011/09/brazils-soy-frontier-hops-atlantic-africa
2011-09-03,08:46:27,k30sm,13,Taliban kidnap 30 Pakistani children,telegraph.co.uk,http://www.telegraph.co.uk/news/worldnews/asia/afghanistan/8737787/Taliban-kidnap-30-Pakistani-children.html
2011-09-03,09:03:53,k319o,14,The Internet and Iran: 'It Is Possible to Pull the Plug' - The regime of President Mahmoud Ahmadinejad has threatened to completely cut Iran off from the Internet. But activists in the country are well-versed in circumventing official censorship. ,spiegel.de,"http://www.spiegel.de/international/world/0,1518,783662,00.html"
2011-09-03,13:42:39,k38to,12,"UK police arrested two men in connection with online attacks performed by LulzSec and Anonymous; latest arrests were made in connection with offenses conducted by the ""Kayla"" online identity",arstechnica.com,http://arstechnica.com/tech-policy/news/2011/09/kayla-taken-down-in-latest-lulzsec-arrests.ars
2011-09-03,23:01:04,k3ib2,11,Chinese billionaire to purchase big chunk of Iceland,ctv.ca,http://www.ctv.ca/CTVNews/TopStories/20110902/chinese-billionaire-purchases-chunk-of-iceland-110903/
2011-09-03,09:20:51,k31ra,10,"Beijing plans congestion fees to ease traffic - 
Officials hope the charges will encourage use of public transport to ease traffic jams & reduce pollution",guardian.co.uk,http://www.guardian.co.uk/environment/2011/sep/02/beijing-congestion-fees-traffic
2011-09-03,10:18:13,k33d7,10,Fourteen fault lines found near Japanese nuclear plants,miamiherald.com,http://www.miamiherald.com/2011/08/31/2383831/fourteen-fault-lines-found-near.html
