2011-01-25,23:03:34,f8ppd,1761,Tunisia-like riots now breaking out in Egypt,businessinsider.com,http://www.businessinsider.com/egyptian-riot-photos-2011-1#
2011-01-25,22:20:25,f8p8o,461,Live Updates of the Protests in Egypt - it is growing. ,english.ahram.org.eg,http://english.ahram.org.eg/NewsContent/1/64/4773/Egypt/Politics-/Live-updates-Opposition-groups-protest-on-Police-D.aspx
2011-01-26,04:07:22,f8wb1,293,First protester killed in Egypt,businessinsider.com,http://www.businessinsider.com/death-in-egypt-2011-1
2011-01-26,07:03:48,f903t,289,"""We want a revolution. We don't want Hosni Mubarak."" ~Egyptian Police Captain",theatlantic.com,http://www.theatlantic.com/international/archive/2011/01/scenes-from-egypts-would-be-revolution/70191/
2011-01-25,21:14:18,f8oka,279,Peru officially recognizes Palestinian state,guardian.co.uk,http://www.guardian.co.uk/world/2011/jan/25/peru-recognises-palestinian-state
2011-01-26,03:26:44,f8vdg,255,Norwegian Wouldn't | Norway Say NO! to Walmart and Other Unethical Companies,mantlethought.org,http://mantlethought.org/content/norwegian-wouldnt
2011-01-26,01:43:40,f8szx,242,"Tens of thousands of people are protesting against the Egyptian government, chanting the same slogans as the Tunisian's: ""The people want to overthrow the govt!"" Twitter and other social media blocked.  Shit is getting real.",arabawy.org,http://www.arabawy.org/2011/01/25/protesters-take-over-tahrir-sq/
2011-01-26,04:52:27,f8xc3,149,"Twitter blocked in Egypt amid unrest. The revolution will not be televised, not twittered, 3 dead, 100 injured, 10 kidnapped by the brutal Egyptian police ",google.com,http://www.google.com/hostednews/afp/article/ALeqM5j3Yo3QfAzS1v0hIpUp7rcxfCtq0A?docId=CNG.66611c06a3acd7de23902bf90fe8c74c.6d1
2011-01-25,05:36:41,f8bar,115,German firms vow to stop selling execution drug to US,rawstory.com,http://www.rawstory.com/rs/2011/01/germany-vows-sell-death-penalty-drug/
2011-01-25,17:48:17,f8mke,113,"UK Economy expected to grow in fourth quarter of 
2010 - actually shrank!",bbc.co.uk,http://www.bbc.co.uk/news/business-12272717
2011-01-25,23:41:19,f8qbf,114,Egypt's 'day of revolt' inspired by unrest in Tunisia,bbc.co.uk,http://www.bbc.co.uk/news/world-middle-east-12273238
2011-01-26,07:02:54,f9035,70,"Leaked 'Palestine Papers' Show Bad Faith Negotiating By Israel and U.S. - What's striking about these documents is the degree to which the U.S. pressures the Palestinians, and how much American diplomats are in cahoots with Israel. ",alternet.org,http://www.alternet.org/world/149650/leaked_%27palestine_papers%27_show_bad_faith_negotiating_by_israel_and_u.s./
2011-01-25,10:12:51,f8gh0,52,"Egypt warns protesters of arrest: Egyptian activists have called for a mass rally on Tuesday dubbed as the ""Day of Wrath"". ",english.aljazeera.net,http://english.aljazeera.net/news/middleeast/2011/01/2011124233659875688.html
2011-01-25,15:58:44,f8let,55,Al-Jazeera angers Palestinians,washingtonpost.com,http://www.washingtonpost.com/wp-dyn/content/article/2011/01/24/AR2011012406221.html
2011-01-26,02:33:25,f8u4b,51,Egypt Protests: Thousands Fill Streets To Protest Mubarak On 'Jan 25' (with epic banner picture),huffingtonpost.com,http://www.huffingtonpost.com/2011/01/25/egypt-protests-mubarak_n_813746.html#s229529
2011-01-25,20:25:23,f8o2u,35,Egyptian take to streets in unprecedented protests ,english.aljazeera.net,http://english.aljazeera.net/news/middleeast/2011/01/201112511362207742.html
2011-01-25,19:02:07,f8nc7,32,EU 'deplores' Israeli sentencing of Palestinian non-violent activist,israel-palestinenews.org,http://www.israel-palestinenews.org/2011/01/eu-deplores-israeli-sentencing-of.html
2011-01-25,16:57:55,f8m0c,29,Indian US spy for China Noshir Gowadia jailed for 32 years.,bbc.co.uk,http://www.bbc.co.uk/news/world-asia-pacific-12272941
2011-01-25,15:57:31,f8lea,21,"Human Rights Watch releases its 2011 World Report online, accuses world governments of taking a mild stance on repression and abuses",hrw.org,http://www.hrw.org/en/node/95491
2011-01-26,04:27:40,f8wsc,20,Egypt: Protests inspired by Tunisia and fanned by social media break out all over,boingboing.net,http://www.boingboing.net/2011/01/25/egypt-protests-inspi.html
2011-01-25,12:15:54,f8irx,17,"Experts cry ""Copy Cat"" at China's new Stealth Fighter , claim it was made by reverse engineering an American Knighthawk stealth fighter that was downed in 1999 during the Kosovo war ",english.aljazeera.net,http://english.aljazeera.net/news/europe/2011/01/2011124184612929415.html
2011-01-25,09:27:16,f8flk,18,Report: Iran hangs 2 men who made videos of post-election turmoil - CNN.com,cnn.com,http://www.cnn.com/2011/WORLD/meast/01/24/iran.executions/index.html
2011-01-26,01:54:06,f8t9h,18,"Didn't think they'd have the balls for this..Former Tory peer Lord Taylor is found guilty of making £11,277 in false parliamentary expenses claims. ",bbc.co.uk,http://www.bbc.co.uk/news/uk-politics-12275821
2011-01-26,01:24:34,f8slr,15,Anti-Mubarak protests continuing in Cairo. Washington Post reporting Twitter banned nation-wide,voices.washingtonpost.com,http://voices.washingtonpost.com/blog-post/2011/01/egypt_clashes_break_out_in_vio.html
2011-01-25,09:15:55,f8feh,17,Daily Kos: Tunisians Thank Anonymous as North Africa Explodes,dailykos.com,http://www.dailykos.com/story/2011/1/24/938432/-Tunisians-Thank-Anonymous-as-North-Africa-Explodes
2011-01-25,17:33:20,f8mer,15,Norwegian govt wants to ban cookies,translate.google.com,http://translate.google.com/translate?js=n&prev=_t&hl=en&ie=UTF-8&layout=2&eotf=1&sl=no&tl=en&u=http://e24.no/media/article4002960.ece&act=url
2011-01-26,02:18:01,f8trq,14,China channels the spirit of Happy Tree Friends and South Park in cartoon satire. Is duly censored.,guardian.co.uk,http://www.guardian.co.uk/world/2011/jan/25/rabbit-cartoon-chinese-new-year
2011-01-26,03:31:02,f8vhz,14,"BBC world service cutting 5 languages, 650 jobs",bbc.co.uk,http://www.bbc.co.uk/news/entertainment-arts-12277413
2011-01-26,04:28:43,f8wsx,14,MI6 offered to detain Hamas figures - The Palestine Papers,english.aljazeera.net,http://english.aljazeera.net/palestinepapers/2011/01/2011125123356396297.html?sms_ss=reddit&at_xt=4d3f325f1f72f4b8%2C0
2011-01-25,17:45:19,f8mj0,14,"No link between Bradley Manning and Julian Assange, say military sources",guardian.co.uk,http://www.guardian.co.uk/world/richard-adams-blog/2011/jan/25/bradley-manning-julian-assange-wikileaks
