2011-09-28,10:17:31,ktl1y,835,Japan’s ruling party proposed a 9.2 trillion yen ($120 billion) tax increase and selling the government’s stake in Japan Tobacco Inc. to fund rebuilding from the March 11 earthquake and nuclear disaster.,businessweek.com,http://www.businessweek.com/news/2011-09-27/dpj-proposes-tax-hikes-selling-japan-tobacco-shares-to-rebuild.html
2011-09-28,20:18:31,ktzc6,524,"'Voting is worthless'? Global protests share contempt for democracy - From India to Israel to Spain, and even on Wall Street, demonstrators appear to have little faith in the ballot box",msnbc.msn.com,http://www.msnbc.msn.com/id/44697094/ns/world_news-the_new_york_times/
2011-09-28,11:26:22,ktndd,516,More Trouble For Chevron: Company Loses Latest Stage of Amazon Pollution Battle: A US appeals court unfroze an $18 billion damages award over contamination of an indigenous tribe's land in Ecuador,alternet.org,http://www.alternet.org/environment/152509/more_trouble_for_chevron%3A_company_loses_latest_stage_of_amazon_pollution_battle
2011-09-28,02:59:44,kt62i,303,Israel allows settler expansion,bbc.co.uk,http://www.bbc.co.uk/news/world-middle-east-15080160
2011-09-28,06:01:06,ktckh,192,"Israel, Rejecting Palestinian Demands, Plans Housing Outside 1967 Boundaries",nytimes.com,http://www.nytimes.com/2011/09/28/world/middleeast/israel-plans-new-housing-in-jerusalem-beyond-1967-boundaries.html
2011-09-28,20:51:43,ktzwb,139,Europe and US condemn Israel settlement plans,english.aljazeera.net,http://english.aljazeera.net/news/middleeast/2011/09/201192851113137636.html
2011-09-28,10:57:19,ktmeb,74,"Yemen's Unhappy Ending - Sometimes, the bad guys win.",foreignpolicy.com,http://www.foreignpolicy.com/articles/2011/09/27/yemens_unhappy_ending?page=full
2011-09-28,09:56:20,ktkbv,59,"Putin, the last Czar",washingtonpost.com,http://www.washingtonpost.com/opinions/the-genius-of-vladimir-putin/2011/09/26/gIQAcSXF0K_story.html
2011-09-28,10:12:52,ktkwc,55,Hunt on for Russian nuclear smuggler...,france24.com,http://www.france24.com/en/20110927-hunt-russian-nuclear-smuggler-us-report
2011-09-28,20:50:00,ktzv2,57,"NATO soldiers, Kosovo Serbs injured as border violence flares",dw-world.de,"http://www.dw-world.de/dw/article/0,,15419804,00.html"
2011-09-28,21:53:17,ku14b,55,"After being threatened with a lawsuit by the Hollywood-funded anti-piracy outfit BREIN, a Dutch payment provider has handed over the personal details of a torrent site owner",torrentfreak.com,https://torrentfreak.com/payment-provider-hands-over-name-of-torrent-site-owner-110927/
2011-09-28,20:36:14,ktzlx,54,European Commission presents financial transaction tax,bbc.co.uk,http://www.bbc.co.uk/news/business-15090761
2011-09-29,01:24:45,ku7mp,46,Al qaida tell Ahmadinejad to end 9/11 conspiracy theories.,guardian.co.uk,http://www.guardian.co.uk/world/2011/sep/28/al-qaida-ahmadinejad-911-conspiracy
2011-09-28,19:47:16,ktyvl,41,Bulgaria's Ethnic Clash — Riots sparked by Roma indifference,english.aljazeera.net,http://english.aljazeera.net/video/europe/2011/09/201192519517567561.html
2011-09-29,00:35:45,ku5wf,39,Israeli Parliamentarians Respond to Bid for Statehood by Calling for Annexation of West Bank,fpif.org,http://www.fpif.org/blog/israeli_parliamentarians_respond_to_bid_for_statehood_by_calling_for_annexation_of_west_bank#.ToM-zcD7s_I.reddit
2011-09-28,23:42:16,ku48s,35,India To Begin Production of Nuke Missile,defensenews.com,http://defensenews.com/story.php?i=7800739&c=ASI&s=AIR
2011-09-29,07:21:18,kukpc,39,"Indian army to hold joint exercises with 16 friendly forces (US, UK, France, Russia, Mongolia, Kazakhstan, Uzbekistan, Kyrgyzstan, Bangladesh, Myanmar, Nepal, Maldives, Seychelles, Singapore, Indonesia and Thailand)",timesofindia.indiatimes.com,http://timesofindia.indiatimes.com/india/Army-to-hold-joint-exercises-with-16-friendly-forces/articleshow/10163364.cms
2011-09-28,10:37:06,ktlpa,31,"Was the BBC victim of a hoax? No, say the Yes Men",news.yahoo.com,http://news.yahoo.com/blogs/cutline/bbc-victim-hoax-no-yes-men-154724196.html
2011-09-28,21:43:22,ku0wk,32,AP reveals details of corporate espionage campaign that calls into question ethics of former News of the World editor Piers Morgan,msnbc.msn.com,http://www.msnbc.msn.com/id/44697744/ns/business-us_business/#.ToMV3N3Ld5Y
2011-09-28,08:05:52,ktgsd,29,Egypt's 1st post-Mubarak election to begin Nov. 28,cbsnews.com,http://www.cbsnews.com/stories/2011/09/27/ap/middleeast/main20112276.shtml
2011-09-29,04:43:28,kueuv,31,"Syria 'targeting Homs scientists': A nuclear physics professor has been killed outside his home in the Syrian city of Homs, the latest in a series of deaths of scientists in the city.",bbc.co.uk,http://www.bbc.co.uk/news/world-middle-east-15100030
2011-09-28,22:56:52,ku2sy,31,"Syrian tanks pound anti-Assad fighters for 2nd day
",reuters.com,http://www.reuters.com/article/2011/09/28/us-syria-idUSL5E7KS4QO20110928
2011-09-28,23:12:52,ku39v,27,Chinese police sorry for failure to unearth deadly sex dungeon,cnn.com,http://www.cnn.com/2011/09/24/world/asia/china-sex-dungeon/index.html?iref=obinsite
2011-09-29,03:04:22,kub63,30,A military court in Bahrain upholds life sentences for eight Shia activists convicted over their role in protests earlier this year.,bbc.co.uk,http://www.bbc.co.uk/news/world-middle-east-15091745
2011-09-28,21:22:29,ku0gg,29,The World from Berlin: Obama's Euro-Crisis Lecture Is 'Pitful and Sad',spiegel.de,"http://www.spiegel.de/international/world/0,1518,788807,00.html"
2011-09-28,20:55:00,ktzyd,26,Return of the Islamists - A Questionable Form of Freedom for North Africa,spiegel.de,"http://www.spiegel.de/international/world/0,1518,788397,00.html"
2011-09-28,09:28:20,ktjez,23,Philippines battered by deadly typhoon,abc.net.au,http://www.abc.net.au/news/2011-09-28/16-killed-in-philippines-typhoon/3025434
2011-09-29,03:19:23,kubp1,23,Shark bites legs off swimmer who ignored warning,msnbc.msn.com,http://www.msnbc.msn.com/id/44703849/ns/world_news-africa/#.ToNk4d2Sd20
2011-09-29,07:11:41,kukdl,23,"Tribesmen shoot down Yemeni warplane: Anti-aircraft guns bring down jet outside capital, Sanaa, as protests against President Saleh continue.",english.aljazeera.net,http://english.aljazeera.net/news/middleeast/2011/09/201192811304538241.html
2011-09-28,23:00:33,ku2wf,20,"Protesters around the world have something in common: wariness, even contempt, toward traditional politicians and the democratic political process they preside over. ",nytimes.com,http://www.nytimes.com/2011/09/28/world/as-scorn-for-vote-grows-protests-surge-around-globe.html
