2011-06-07,20:55:18,hto2s,1369,Anonymous Message to NATO,circleof13.blogspot.com,http://circleof13.blogspot.com/2011/06/anonymous-message-to-nato.html
2011-06-07,20:22:08,htniw,1179,Jewish-American actor and Star Trek icon Leonard Nimoy voices his support for a Palestinian state with East Jerusalem as its capital.,haaretz.com,http://www.haaretz.com/jewish-world/it-s-only-logical-mr-spock-supports-two-state-solution-for-mideast-peace-1.366474
2011-06-07,07:28:43,ht7xh,907,A prominent member of Switzerland’s largest political party has called upon federal authorities to arrest Henry Kissinger as a war criminal if he attends the 2011 Bilderberg conference of global power brokers which is set to begin on Thursday at the Hotel Suvretta House in St. Moritz.,prisonplanet.com,http://www.prisonplanet.com/prominent-swiss-politician-calls-for-arrest-of-kissinger-at-bilderberg.html
2011-06-07,20:33:44,htnq2,547," Bankers and politicians have turned food into a betting game -- The result is soaring prices and starving children
",guardian.co.uk,http://www.guardian.co.uk/commentisfree/2011/jun/07/bankers-politicians-food-betting-game
2011-06-07,21:57:53,htp4t,201,"Japan gov’t now admits 40% of total Chernobyl 
radiation was released in the first week at 
Fukushima",nytimes.com,http://www.nytimes.com/2011/06/07/world/asia/07japan.html?_r=1
2011-06-07,23:45:09,htrhz,156,"Brigette DePape, 21, stepped onto the floor of the Canadian Senate and she held up an anti-Harper sign. She was  removed from the Senate chamber, detained by security officials, and fired from her job",commondreams.org,http://www.commondreams.org/headline/2011/06/07-2
2011-06-07,10:13:11,htbyl,116,"Mexican drug gangs building own tanks as war 
intensifies",mcclatchydc.com,http://www.mcclatchydc.com/2011/06/06/115327/mexican-drug-gangs-building-own.html
2011-06-07,22:23:02,htpn6,107,"A European Generation Takes to the Streets --- hundreds of young people have been camping out in central Madrid. And others across Europe have now begun following their example. Protests in Lisbon, Paris, Athens and elsewhere show that Europe's lost generation has finally found its voice.",spiegel.de,"http://www.spiegel.de/international/europe/0,1518,767032,00.html"
2011-06-08,06:16:11,hu2dc,91,Iceland's ex-PM Geir Haarde becomes the first world leader to face charges in relation to the global financial crisis,guardian.co.uk,http://www.guardian.co.uk/business/2011/jun/07/iceland-former-premier-trial-banking-crisis
2011-06-08,02:15:58,htvly,69,Egypt accepts Muslim Brotherhood as legal party - Brotherhood gains official political legitimacy for first time in its 80 years.,ynetnews.com,"http://www.ynetnews.com/articles/0,7340,L-4079489,00.html"
2011-06-08,00:36:24,htsul,63,"Germany's four leading nuclear-producing energy firms - Eon, RWE, EnBw and Swedish-based Vattenfall - have cried foul on Merkel’s plan to phase out nuclear plants. RWE has already filed a lawsuit ",commondreams.org,http://www.commondreams.org/view/2011/06/07-5
2011-06-07,23:57:29,htrtc,55,"The rising cost of food. According to the UN's latest update on global food prices, the cost of basic foods is still 37% higher than it was last year.",guardian.co.uk,http://www.guardian.co.uk/global-development/datablog/2011/jun/07/rising-cost-of-food
2011-06-07,16:36:50,htkdt,51,BBC News - Evidence is mounting that Iran is supplying weapons to the Taliban,bbc.co.uk,http://www.bbc.co.uk/news/world-13545621
2011-06-07,00:12:24,hsw3x,45,Meet the Nepali Soldier Who Held Off 30 Taliban Attackers Alone - The Atlantic Wire,theatlanticwire.com,http://www.theatlanticwire.com/global/2011/06/meet-soldier-held-off-30-taliban-attackers-alone/38437/
2011-06-08,02:05:20,htvaq,42,"Syrians in north flee, fearing ""major massacre""",cbsnews.com,http://www.cbsnews.com/stories/2011/06/07/501364/main20069643.shtml
2011-06-08,07:42:57,hu4kq,42,Kettling of children at tuition fees protest challenged,bbc.co.uk,http://www.bbc.co.uk/go/rss/int/news/-/news/uk-england-london-13679665
2011-06-07,19:58:12,htn55,44,BBC News - China executes student for murder of hit-and-run victim,bbc.co.uk,http://www.bbc.co.uk/news/world-asia-pacific-13678179
2011-06-08,04:54:31,hu03j,37,Rebels take major city in Yemen,cnn.com,http://www.cnn.com/2011/WORLD/meast/06/07/yemen.unrest/index.html?hpt=hp_t2
2011-06-07,23:40:24,htre1,38,Saudi Arabia plans to build 16 nuclear reactors by 2030,english.alarabiya.net,http://english.alarabiya.net/articles/2011/06/02/151472.html
2011-06-07,19:58:10,htn54,39,"Saudi house backs women voting right - in 2015-without being permitted to run for office.
Women are not allowed at all to drive, cannot travel without authorisation from their male guardian. When in public, they have to cover from head to toe.",france24.com,http://www.france24.com/en/20110607-saudi-house-backs-women-voting-right-2015
2011-06-08,04:01:38,htyn4,31,"World food prices set to stay high despite record food production, says UN food agency",bbc.co.uk,http://www.bbc.co.uk/news/business-13687714
2011-06-07,21:50:47,htp03,30,Tripoli hit by Nato air strikes,bbc.co.uk,http://www.bbc.co.uk/news/world-africa-13682853
2011-06-08,01:10:35,htts5,30,NATO strikes rock Libyan capital: Several explosions reported near Libyan leader Muammar Gaddafi's compound following rare daytime attacks.,english.aljazeera.net,http://english.aljazeera.net/news/africa/2011/06/20116791428754691.html
2011-06-08,02:28:17,htw0j,21,"We are stronger than your weapons, than your planes. The voices of the Libyan people are stronger than the sounds of explosions.",telegraph.co.uk,http://www.telegraph.co.uk/news/worldnews/africaandindianocean/libya/8562154/Gaddafi-vows-we-will-not-surrender-as-Nato-bombs-his-compound.html
2011-06-07,23:08:05,htqmv,24,"Mexican war on drugs reaches new low as drug gangs hang rival members from city-centre bridges...
",dailymail.co.uk,http://www.dailymail.co.uk/news/article-1394823/Mexican-war-drugs-reaches-new-low-drug-gangs-hang-rival-members-city-centre-bridges.html
2011-06-07,16:37:42,htkek,20,"Yemeni President Saleh Has Collapsed Lung, Burns Over 40%",edition.cnn.com,http://edition.cnn.com/2011/WORLD/meast/06/07/yemen.unrest/
2011-06-07,09:10:44,htage,15,'Tripoli Brigade' trains to take capital.,youtube.com,http://www.youtube.com/watch?feature=player_embedded&v=97r1T2MYL7A
2011-06-08,00:03:43,htrzd,16,Croatia to join the EU,trust.org,http://www.trust.org/trustlaw/news/eu-executive-to-recommend-croatia-accession-source
2011-06-07,23:25:36,htr16,14,How to steal a Russian airport,nytimes.com,http://www.nytimes.com/2011/06/07/opinion/07nocera.html?_r=2&ref=opinion
2011-06-07,15:02:32,htis9,14,How to steal a Russian airport,nytimes.com,http://www.nytimes.com/2011/06/07/opinion/07nocera.html
