2011-05-15,18:09:09,hbrev,1950,Louis Vuitton's sued artist Nadia Plesner for her painting that included a child from Darfur holding a designer purse. European Court rules freedom of expression about Darfur more important than Louis Vuitton's trademark,techdirt.com,http://www.techdirt.com/articles/20110507/01454414198/european-court-freedom-expression-about-darfur-more-important-than-louis-vuittons-trademark.shtml
2011-05-15,00:43:19,hba43,1041,Neo-Nazi March stopped by counter-protesters in Berlin,demotix.com,http://www.demotix.com/news/690014/neo-nazi-march-stopped-after-few-meters-berlingermany
2011-05-15,12:16:15,hbmuw,820,"Blackwater hired by the crown prince of Abu Dhabi to put together an 800-member battalion of foreign troops for the U.A.E., according to former employees on the project, American officials and corporate documents obtained by The New York Times.",nytimes.com,http://www.nytimes.com/2011/05/15/world/middleeast/15prince.html?_r=1&hp
2011-05-15,08:36:17,hbj0g,548,"Dominique Strauss Kahn, head of the IMF, arrested in New York on charges of sexual assault.",businessinsider.com,http://www.businessinsider.com/imf-chief-arrested-in-sodomy-investigation-2011-5
2011-05-15,01:10:23,hbakz,493,Thousands of pictures stitched together for a fully interactive 360 degree view of space.  Breath taking.,skysurvey.org,http://skysurvey.org/
2011-05-15,07:08:46,hbhg3,351,Where Are the Human Rights Groups? Where Are the Media? -  The case of the Yemeni poet who just had his tongue cut out appears to be one of the most horrifying crimes against those who dare to express their views in public.,hudson-ny.org,http://www.hudson-ny.org/2116/human-rights-groups-media
2011-05-15,09:29:39,hbjw1,206,IMF head arrested for sexual attack,nytimes.com,http://www.nytimes.com/2011/05/15/nyregion/imf-head-is-arrested-and-accused-of-sexual-attack.html?_r=1&ref=global-home
2011-05-15,08:03:49,hbig1,165,"The governments of Argentina, Brazil and Uruguay are drafting laws to curb acquisition by foreigners of extensive tracts of their fertile agricultural land.
",ipsnews.net,http://ipsnews.net/news.asp?idnews=55598
2011-05-16,07:59:05,hc42m,143,"Fukishima pressure vessels 1, 2, and 3 likely to be damaged and leaking water. Building 4 explosion due to #3.",online.wsj.com,http://online.wsj.com/article/SB10001424052748703509104576325110776621604.html?mod=wsj_share_reddit
2011-05-16,00:36:59,hbvh9,115,"9 Killed as Israel Clashes With Palestinians on Four Borders - ""deadly clashes erupted on Sunday as thousands of Palestinians — marching from Syria, Lebanon, Gaza and the West Bank — confronted Israeli troops to mark the anniversary when Arabs mourn Israel’s creation""",nytimes.com,http://www.nytimes.com/2011/05/16/world/middleeast/16mideast.html?partner=rss&emc=rss
2011-05-15,21:05:23,hbswy,101,IDF opens fire as mass numbers infiltrate from Syria; four reportedly killed {CNN also reports heavy fire at Gaza crossing -could be a bad day},haaretz.com,http://www.haaretz.com/news/diplomacy-defense/idf-opens-fire-as-mass-numbers-infiltrate-from-syria-four-said-killed-1.361841
2011-05-15,22:12:48,hbtko,96,Blackwater founder creating an 800-member battalion of foreign troops to thwart uprisings UAE,af.reuters.com,http://af.reuters.com/article/southAfricaNews/idAFN1521807320110515?pageNumber=2&virtualBrandChannel=0&sp=true
2011-05-15,08:42:42,hbj47,78,"
French political bigshot who heads the International Monetary Fund was arrested for allegedly sodomizing a Manhattan hotel maid today — getting hauled off an Air France flight just moments before takeoff from Kennedy Airport",nypost.com,http://www.nypost.com/p/news/local/imf_boss_strauss_kahn_arrested_in_Kbd7uAi594vbej3oORXfcJ
2011-05-16,03:43:25,hbywl,77,Japanese engineers have abandoned their latest attempt to stabilise a stricken reactor at the Fukushima nuclear plant. ,bbc.co.uk,http://www.bbc.co.uk/news/world-asia-pacific-13404548
2011-05-16,05:37:01,hc13w,61,Thousands protest Turkish internet censorship bill in Istanbul,youtube.com,http://www.youtube.com/watch?v=3pfB0C7EN6U&feature=share
2011-05-15,13:27:31,hbnzv,46,"David Mitchell: If Scotland does secede, I won't be alone in mourning for my country.",guardian.co.uk,http://www.guardian.co.uk/commentisfree/2011/may/15/david-mitchell-scotland-secession-britain
2011-05-15,18:36:08,hbrn8,40,"1 killed, 16 hurt as truck plows into cars, pedestrians in suspected Tel Aviv terror attack",haaretz.com,http://www.haaretz.com/news/diplomacy-defense/1-killed-16-hurt-as-truck-plows-into-cars-pedestrians-in-suspected-tel-aviv-terror-attack-1.361806
2011-05-15,16:57:14,hbqp9,41,"Amazing footage of massive peaceful crowd chanting in Sana'a, Yemen",youtube.com,http://www.youtube.com/watch?v=p1u4WK9ZbvU&feature=youtu.be
2011-05-15,21:08:26,hbsxw,38,"Police: Mothers strangle their 2 newly married daughters in honor killing in northern India
",washingtonpost.com,http://www.washingtonpost.com/world/2-mothers-kill-their-2-newly-married-daughters-in-honor-killings-in-northern-india/2011/05/15/AFAZny3G_story.html
2011-05-16,02:35:01,hbxkl,35,The operator of the Fukushima Daiichi nuclear power plant says it may take a number of years to remove damaged nuclear fuel rods from the Number 1 reactor.,nhk.or.jp,http://www3.nhk.or.jp/daily/english/15_05.html
2011-05-16,05:59:29,hc1mt,36,Japan's nuclear crisis has influenced a protest movement in India that is violently opposing plans to build the world's largest nuclear plant.,csmonitor.com,http://www.csmonitor.com/World/Asia-South-Central/2011/0511/Japan-s-Fukushima-crisis-drives-protests-over-world-s-largest-nuclear-plant-in-India
2011-05-15,17:14:55,hbqw2,30,Council of Europe committee rules that mobile phones and computers with wireless internet connections should be banned from schools,telegraph.co.uk,http://www.telegraph.co.uk/technology/mobile-phones/8514380/Ban-mobile-phones-and-wireless-networks-in-schools-say-European-leaders.html
2011-05-15,16:51:45,hbqne,27,"In northeast India coal towns, many miners are children: Thousands of underage workers as young as 8 leave school to work in coal mines under perilous conditions. India officially upholds mining safety standards & forbids child labor, but loopholes in laws allow widespread abuses.",latimes.com,"http://www.latimes.com/news/nationworld/world/la-fg-india-child-coal-20110515,0,7273380,full.story"
2011-05-15,15:19:38,hbpl1,27,"Witness expected to testify in Chicago trial that he laid the groundwork for the 2008 Mumbai, India terrorist attack with $25,000 from an officer in Pakistan’s powerful intelligence service.",nytimes.com,http://www.nytimes.com/2011/05/15/world/asia/15headley.html
2011-05-16,01:22:53,hbwa4,29,Eight killed as Israeli troops open fire on Nakba Day border protests ,guardian.co.uk,http://www.guardian.co.uk/world/2011/may/15/israeli-troops-kill-eight-nakba-protests?utm_medium=twitter
2011-05-16,00:40:48,hbvjn,25,Former owner of Blackwater 'training private foreign legion',telegraph.co.uk,http://www.telegraph.co.uk/news/worldnews/middleeast/unitedarabemirates/8514901/Former-owner-of-Blackwater-training-private-foreign-legion.html
2011-05-15,23:39:53,hbumj,21,"Zimbabwe civil servants exposed by World Bank report: Almost half of Zimbabwe's civil servants are either not qualified or are not working, according to a leaked World Bank report  ",bbc.co.uk,http://www.bbc.co.uk/news/world-africa-13386762
2011-05-16,00:45:19,hbvmj,20,"Japan widens evacuation zone around Fukushima nuclear plant. The towns of Iidate-mura and Kawamata-cho are being evacuated, despite being 10Km outside the previous 20Km exclusion zone.",dailytelegraph.com.au,http://www.dailytelegraph.com.au/news/breaking-news/japan-widens-evacuation-zone-around-fukushima-nuclear-plant/story-e6freuz9-1226056379940
2011-05-15,22:11:16,hbtk0,20,'Hundreds held' in Bahrain crackdown,english.aljazeera.net,http://english.aljazeera.net/news/middleeast/2011/05/201151511050523260.html
2011-05-15,09:49:38,hbk86,19,"ISLAMABAD: Parliament adopted a 12-point unanimous resolution calling upon the government to appoint an independent commission on the Abbottabad operation, fix responsibility and recommend necessary measures ...",thenews.com.pk,http://thenews.com.pk/NewsDetail.aspx?ID=15518
