2011-01-23,03:53:40,f769i,1373,"China bans zoos from having circuses. No more monkey fights, no more pulling out baby tigers' teeth, and no more feeding live animals to predators.",huffingtonpost.com,http://www.huffingtonpost.com/2011/01/20/china-bans-animal-circuses_n_811664.html
2011-01-23,20:23:48,f7hmc,646,Israel inquiry finds Gaza aid flotilla raid 'was legal',bbc.co.uk,http://www.bbc.co.uk/news/world-middle-east-12260983
2011-01-23,10:36:27,f7bzn,204,"""Undercover police cleared 'to have sex with activists'"" -- another example of unethical policing",guardian.co.uk,http://www.guardian.co.uk/uk/2011/jan/22/undercover-police-cleared-sex-activists
2011-01-24,04:07:03,f7nah,191,Secret papers reveal slow death of Middle East peace process,guardian.co.uk,http://www.guardian.co.uk/world/2011/jan/23/palestine-papers-expose-peace-concession
2011-01-23,20:16:31,f7hkh,147,"Silvio Berlusconi continued to make payments of thousands of euros to an alleged call girl even after the announcement that he was at the centre of a prostitution investigation, new evidence from the scandal shows.",telegraph.co.uk,http://www.telegraph.co.uk/news/worldnews/europe/italy/8276752/Silvio-Berlusconi-continued-paying-call-girl-after-prostitution-scandal-broke-new-evidence-shows.html
2011-01-23,18:47:41,f7h14,125,"Sex, Death and the Gods explores the complex world of India's Devadasi, girls devoted to a goddess and then sold for sex at puberty",guardian.co.uk,http://www.guardian.co.uk/lifeandstyle/video/2011/jan/21/sex-death-gods-video
2011-01-23,14:24:36,f7erp,102,"Guardian UK: If Chilcot is our finest inquisitor, thank heavens for WikiLeaks: Tony Blair's evasions at the Chilcot inquiry continue to be an insult to the British public",guardian.co.uk,http://www.guardian.co.uk/commentisfree/2011/jan/23/tony-blair-chilcot-inquiry-wikileaks
2011-01-24,07:15:02,f7q5r,94,"Al Jazeera has released nearly 2,000 internal documents - minutes, e-mails, memos and more - from a decade of negotiations between the Israeli government and the Palestinian Authority. Search the database for key words, or browse the papers by dates, locations and participants",transparency.aljazeera.net,http://transparency.aljazeera.net/en/search
2011-01-24,04:08:06,f7nbf,91,Secret papers: Palestinians weak and increasingly desperate,guardian.co.uk,http://www.guardian.co.uk/world/2011/jan/23/palestine-papers-power-weakness-negotiations
2011-01-23,20:27:24,f7hnd,68,Chinese stealth fighter jet may use US technology,guardian.co.uk,http://www.guardian.co.uk/world/2011/jan/23/china-stealth-fighter-us-technology
2011-01-23,20:31:21,f7hoc,56,"Egypt's frustrated young wait for their lives to begin, and dream of revolution",guardian.co.uk,http://www.guardian.co.uk/world/2011/jan/23/egypt-revolution-mubarak-protest
2011-01-23,16:06:31,f7ftd,52,Palestinian journalist held in prison for 50 days without trial for insulting PM Abbas... on his Facebook page,google.com,http://www.google.com/hostednews/ap/article/ALeqM5hEs_5ka3O-m37GC3yI2Lnddk8uDA?docId=344e9129476e4171830ed4cb5cc487c8
2011-01-23,08:58:17,f7amx,40,"New documents obtained by the American Civil Liberties Union show ""unjustified homicide"" of detainees.",cnn.com,http://www.cnn.com/2011/US/01/22/detainee.documents/index.html?hpt=T2
2011-01-23,10:37:44,f7c03,44,"""Policemen, who barely a week ago were crushing demonstrations, were standing arm in arm with protestors"" - Just an extraordinary revolution",youtube.com,http://www.youtube.com/watch?v=naSsdX7C_gc
2011-01-24,02:40:19,f7lwe,42,"Drawing inspiration from the revolt in Tunisia, thousands demand ouster of Yemen's president",news.yahoo.com,http://news.yahoo.com/s/ap/20110123/ap_on_re_us/tunisia_spreading_protests
2011-01-24,05:14:38,f7obz,41,Leaked documents show PA and PLO leaders pleading with dismissive US officials in face of Israel's unyielding negotiators.,guardian.co.uk,http://www.guardian.co.uk/world/2011/jan/23/palestine-papers-power-weakness-negotiations/print
2011-01-23,16:27:05,f7fzw,26,"Victim tells of ordeal in Tunisia's jails: Savagely beaten after being pushed from an upstairs window by police, a newly released Adem Boukadida talks of a corrupt regime's daily brutality",guardian.co.uk,http://www.guardian.co.uk/world/2011/jan/23/tunisia-long-task-of-healing
2011-01-23,17:13:41,f7gds,28,Swedish minister of migration gives the exact same answer 15 times in a row to avoid a question.  ,translate.google.com,http://translate.google.com/translate?js=n&prev=_t&hl=sv&ie=UTF-8&layout=2&eotf=1&sl=sv&tl=en&u=http%3A%2F%2Fwww.sydsvenskan.se%2Fsverige%2Farticle1362294%2FBillstrom-utmanar-Ringholm.html
2011-01-24,00:29:35,f7jxq,18,Dutch frigate opens fire on pirate ship | Radio Netherlands Worldwide,rnw.nl,http://www.rnw.nl/english/bulletin/dutch-frigate-opens-fire-pirate-ship
2011-01-24,04:15:43,f7ng2,16,The Death of the Peace Process?,english.aljazeera.net,http://english.aljazeera.net/palestinepapers/2011/01/2011122112512844113.html
2011-01-24,02:37:49,f7lut,17,"Egypt blames Palestinian Qaeda-linked group for bomb
| Reuters",reuters.com,http://www.reuters.com/article/idUSWEA313920110123
2011-01-24,00:39:52,f7k2n,10,"430,000 Japanese Hepatitis B sufferers settle with state for $39bn over needle reuse",english.aljazeera.net,http://english.aljazeera.net/news/asia-pacific/2011/01/2011123105025224831.html
2011-01-23,11:47:50,f7cyo,9,Israeli politics: Can the doves take off again? - A split in Israel’s Labour party may give the peace-minded left a new lease of life,economist.com,http://www.economist.com/node/17963325
2011-01-23,21:12:36,f7hyu,11,"China's New Stealth Fighter May Use US Technology: ""Balkan military officials and other experts have told The Associated Press that in all probability the Chinese gleaned some of their technological know-how from an American F-117 Nighthawk that was shot down over Serbia in 1999.""",npr.org,http://www.npr.org/templates/story/story.php?storyId=133152038
2011-01-24,06:30:57,f7pix,8,"What the Palestine papers tell us – Guardian associate editor Seumas Milne and Middle East editor, Ian Black, discuss the leak of secret notes from years of negotiations between Israel and the Palestinians.",guardian.co.uk,http://www.guardian.co.uk/world/video/2011/jan/23/palestine-papers-israel-negotiations-video
2011-01-23,09:54:51,f7bey,7,Tunisia: Masses create people's power bodies in neighbourhoods and workplaces,links.org.au,http://links.org.au/node/2113
2011-01-24,06:21:43,f7pdy,7,Over 1600 confidential documents about Israeli-Palestinian negotiations have been released,huffingtonpost.com,http://www.huffingtonpost.com/2011/01/23/palestine-papers-israel-conflict-wikileaks-documents-released_n_812776.html
2011-01-24,02:04:27,f7lci,4,"Why India's 'devadasi' girls face a wretched life in the name of religion:  It was once considered a holy calling but a BBC film shows that becoming a devadasi is a direct path into sexual exploitation
",guardian.co.uk,http://www.guardian.co.uk/world/2011/jan/22/india-sex-exploitation-girls-devadasi
2011-01-24,06:50:28,f7pt5,5,"BBC News - Palestinian 'offers' in peace process - papers leaked - It took 145 minutes for BBC to get a news item about the ""The Palestine Papers"" online - they probably had to ask for a permission from Israel's London embassy first.",bbc.co.uk,http://www.bbc.co.uk/news/world-middle-east-12263095
2011-01-23,10:26:34,f7bus,4,Creed Song Saves Norwegian Boy From Wolves,ultimate-guitar.com,http://www.ultimate-guitar.com/news/general_music_news/creed_song_saves_norwegian_boy_from_wolves.html
