2011-05-01,22:05:19,h1ddj,1004,Fears in China as another human rights lawyer disappears,guardian.co.uk,http://www.guardian.co.uk/world/2011/may/01/fears-china-human-rights-lawyer
2011-05-01,00:16:09,h0uo2,665,"Wildcat Unions Springing Up In Chinese Factories, Demanding Higher Wages, Humane Conditions and The Right To Organize",crooksandliars.com,http://crooksandliars.com/susie-madrak/wildcat-unions-springing-chinese-fact
2011-04-30,23:43:44,h0u90,562,Egypt warns Israel: Don't interfere with opening of Gaza border crossing,haaretz.com,http://www.haaretz.com/news/diplomacy-defense/egypt-warns-israel-don-t-interfere-with-opening-of-gaza-border-crossing-1.358969
2011-05-01,18:21:59,h1bjs,200,Sweatshops have gone digital.  NGO study reveals excessive work hours and draconian rules for workers in factories in China making components for Apple,guardian.co.uk,http://www.guardian.co.uk/technology/2011/apr/30/apple-chinese-workers-treated-inhumanely
2011-05-01,20:50:20,h1cpf,202,Hong Kong workers to enjoy minimum wage for first time,bbc.co.uk,http://www.bbc.co.uk/news/business-13248027?utm_source=twitterfeed&utm_medium=twitter
2011-05-01,21:34:15,h1d2b,182,"Gaddafi son's killing puts NATO in firing line. 
Russia and Venezuela join Libyan regime in accusing NATO of attempting to assassinate Muammar Gaddafi",guardian.co.uk,http://www.guardian.co.uk/world/2011/may/01/gaddafi-son-killing
2011-05-01,23:16:44,h1e5e,148,"Half A Miracle --- 
Remarkable story of how Medellín, Colombia's drug capital, became as safe as Washington. Unexpected victory for urban planning - placing beautiful architecture in poorest, crime-ridden areas - and social reintegration programmes",foreignpolicy.com,http://www.foreignpolicy.com/articles/2011/04/25/half_a_miracle?page=full
2011-05-02,04:07:45,h1j4g,144,One of the two flight recorders belonging to an Air France plane that crashed in 2009 off the coast of Brazil has been recovered,bbc.co.uk,http://www.bbc.co.uk/news/world-europe-13255673
2011-05-01,09:52:08,h14jr,136,"This slaughter happened yesterday, April 29, in Syria, city of Homs. This is what's going on in Syria.",youtube.com,http://www.youtube.com/watch?v=knQfK4krjIM
2011-05-01,01:08:26,h0vgb,133,Iraqi lawmakers approve $400M payment to Americans who claim they were abused by Saddam Hussein,msnbc.msn.com,http://www.msnbc.msn.com/id/42824702/ns/world_news-mideastn_africa/
2011-05-02,06:29:02,h1luz,114,"In tears, Nuclear Adviser to PM Kan quits over raising safe limits for children ""20 times too high""",cbc.ca,http://www.cbc.ca/news/world/story/2011/04/30/nuclear-japan-resignation.html
2011-05-01,05:47:38,h10bg,68,India rejects US fighter jets over Eurofighter : The best article that explains the decision,blogs.independent.co.uk,http://blogs.independent.co.uk/2011/04/28/india-takes-a-nam-route-on-11bn-fighter-contract/
2011-05-01,22:47:39,h1dtu,68,Fears in China as another human rights lawyer disappears,guardian.co.uk,http://www.guardian.co.uk/world/2011/may/01/fears-china-human-rights-lawyer?CMP=twt_gu
2011-05-01,17:34:42,h1b5z,50,"2,000 people protest in Taiwan's capital against the increasing income gap and demand better work conditions",ca.news.yahoo.com,http://ca.news.yahoo.com/2-000-taiwanese-workers-rally-against-income-gap-065117167.html
2011-05-02,05:25:15,h1kmk,47,"Fukushima: ""All the fuel rods have been melted down"", says one of the most ardent proponents of nuclear power.",enenews.com,http://enenews.com/top-japanese-nuclear-expertproponent-the-government-announcement-is-wrong-i-believe-all-the-fuel-rods-are-completely-melted-down-video
2011-05-01,20:28:47,h1cjr,45,"Oil giant Sinopec caught in extravagant spending on bonuses, liquor",usa.chinadaily.com.cn,http://usa.chinadaily.com.cn/china/2011-04/29/content_12419476.htm
2011-05-01,19:33:58,h1c38,33,Germany braces itself for invasion of Polish workers as it follows EU immigration rules ,telegraph.co.uk,http://www.telegraph.co.uk/news/worldnews/europe/germany/8485408/Germany-braces-itself-for-invasion-of-Polish-workers-as-it-follows-EU-immigration-rules.html
2011-05-01,23:51:53,h1ely,33,"Smoke seen at Italian embassy in Libyan capital
",reuters.com,http://www.reuters.com/article/2011/05/01/libya-italy-embassy-idUSLDE7400A920110501
2011-05-02,00:23:35,h1f38,29,Iran leader Ahmadinejad returns to work after 'boycott',bbc.co.uk,http://www.bbc.co.uk/news/world-middle-east-13254010
2011-05-01,22:51:29,h1dv2,23,"Kunming (China) -> Singapore, overland in 10 hrs by 2020. Chinese government and ASEAN stepping up cooperation through Kunming-Singapore High-Speed Railway project.",english.people.com.cn,http://english.people.com.cn/90001/90776/90882/7360790.html
2011-05-01,22:57:21,h1dxl,24,Scepticism surrounds 'Gaddafi son's death': Benghazi celebrates but NATO offers no confirmation of Libyan announcement,english.aljazeera.net,http://english.aljazeera.net/news/africa/2011/05/20115110482047680.html
2011-05-01,10:11:37,h14uu,21,Saudi Oil Production Doesn’t Add Up,blogs.wsj.com,http://blogs.wsj.com/source/2011/04/27/saudi-oil-production-doesnt-add-up-4/?mod=google_news_blog
2011-05-01,18:46:30,h1bqb,18,"Following unity deal, Israel suspends tax transfer to PA",jpost.com,http://www.jpost.com/MiddleEast/Article.aspx?ID=218623&R=R1
2011-05-01,23:29:48,h1ebo,15,"Mass Graves In Kashmir --- 
Chilling account of visit to Kashmir to assess human right's abuses. As India argues for a seat on the UN security council, it ""must adhere to its own repeated commitment to peace in Kashmir and international conventions and laws""",frontlinekashmir.org,http://www.frontlinekashmir.org/2011/04/mass-graves-in-kashmir.html
2011-05-01,22:28:06,h1dmi,16,Libya: UN to remove international staff from Tripoli,bbc.co.uk,http://www.bbc.co.uk/news/world-africa-13253896
2011-05-02,04:58:53,h1k49,17,"Iran: Outside the spotlight, Arab uprising smolders in country's southwest
",latimesblogs.latimes.com,http://latimesblogs.latimes.com/babylonbeyond/2011/04/iran-ahvaz-protests-violence-human-rights-arab-seperatism.html?utm_source=feedburner&utm_medium=feed&utm_campaign=Feed%3A+BabylonBeyond+%28Babylon+%26+Beyond+Blog%29
2011-05-01,14:30:28,h193s,14,2 of 6 reactors stabalized; 4 remain volatile.,euronews.net,http://www.euronews.net/2011/04/29/fukushima-still-a-threat-senior-officials/
2011-05-02,06:18:42,h1lo5,15,Libya launches revenge attacks on British targets after Gaddafi 'assassination' attempt,telegraph.co.uk,http://www.telegraph.co.uk/news/worldnews/africaandindianocean/libya/8486776/Libya-launches-revenge-attacks-on-British-targets-after-Gaddafi-assassination-attempt.html
2011-05-01,23:50:37,h1elc,14,"UK's largest greenhouse complex, which supplies supermarket chains with vegetables, investigated for 'sweatshop labour'",guardian.co.uk,http://www.guardian.co.uk/environment/2011/apr/29/greenhouse-thanet-earth-workers
2011-05-01,19:11:22,h1bxi,14,Iraqi parliament approves controversial payout of $400 million to American victims of Saddam Hussein's invasion of Kuwait.,torontosun.com,http://www.torontosun.com/2011/04/30/iraq-approves-400m-payment-to-human-shields
