2011-03-09,06:33:57,g01v2,1640,Chinese dissident creates a Facebook account using a name without documentation to avoid arrest. Facebook bans him. Then Mark Zuckerberg creates a profile for his dog. ,huffingtonpost.com,http://www.huffingtonpost.com/2011/03/08/michael-anti-facebook_n_832771.html
2011-03-09,23:12:53,g0gmn,1610,"LONDON – Police have arrested nine people, including two of Britain's wealthiest entrepreneurs, on suspicion of fraud in connection with the 2008 collapse of Iceland's Kaupthing bank",news.yahoo.com,http://news.yahoo.com/s/ap/20110309/ap_on_bi_ge/eu_britain_iceland_financial_crisis
2011-03-09,23:15:29,g0gp0,376,"Raped 13-yr-old Peruvian, tries to commit suicide by jumping out of window, survived but paralyzed. Doctors not only refused to operate as she was pregnant, but also denied her abortion",care2.com,http://www.care2.com/causes/womens-rights/blog/peruvian-teen-jumps-out-of-window-after/
2011-03-09,21:44:09,g0f02,347,"People Don't Know When They Are Lying To Themselves - 
Interesting new research on cheating hints that we should view humans as rationalising rather than rational animals. In many instances ""cheaters not only deceive themselves, but are largely oblivious to their own lies""",blogs.discovermagazine.com,http://blogs.discovermagazine.com/notrocketscience/2011/03/07/people-don%E2%80%99t-know-when-they%E2%80%99re-lying-to-themselves/
2011-03-09,05:51:32,g00x7,293,PAKISTAN: A 16 year old girl was gang raped almost for one month -- perpetrators were released by the police,humanrights.asia,http://www.humanrights.asia/news/urgent-appeals/AHRC-UAC-053-2011
2011-03-09,17:03:27,g0bpc,284,Russian media has a very different take on the unrest in Libya,youtube.com,http://www.youtube.com/watch?v=-FGrrGTrQaQ
2011-03-09,21:11:16,g0ek1,229,Libya : Military Tank Runs Over Car People inside it in Benghazi,youtube.com,http://www.youtube.com/watch?v=Pn-SGX1A2zQ
2011-03-09,20:47:41,g0e7y,207,"Nine people, including property tycoons Robert and Vincent Tchenguiz, were arrested on Wednesday over the collapse of the Icelandic bank Kaupthing.",guardian.co.uk,http://www.guardian.co.uk/business/2011/mar/09/tchenguiz-brothers-arrested-kaupthing-collapse-iceland
2011-03-10,01:17:24,g0jlt,136,"Cigarettes to vanish from shelves in England - England will join several countries, including Canada, Ireland and Finland, in removing cigarettes from tobacconists' shelves.",abc.net.au,http://www.abc.net.au/news/stories/2011/03/10/3159821.htm?section=justin
2011-03-09,22:54:46,g0g8t,115,"At women's march in The New Egypt (TM), men prove women's point by scolding, shoving, beating, groping them, and telling them to ""go home where they belong""",google.com,http://www.google.com/hostednews/ap/article/ALeqM5jA0lTCLBfPISCkbcDhbjgma1OOJQ?docId=e75dbfdfaf294cbd9ee5ebd557c9887e
2011-03-09,12:23:08,g08wn,115,Not The Onion: 'Cost of slaves falls to historic low',business.blogs.cnn.com,http://business.blogs.cnn.com/2011/03/07/cost-of-slaves-falls-to-historic-low/?hpt=C2
2011-03-09,16:24:33,g0b7l,105,"In Juarez, women just disappear",english.aljazeera.net,http://english.aljazeera.net/indepth/features/2011/03/201138142312445430.html
2011-03-09,19:47:00,g0dit,105,"[LIBYA] Huge explosion, Benghazi, Libya. Recent upload. No information as to the cause. Are there any Arabic speakers who could translate?",youtube.com,http://www.youtube.com/watch?v=IKXro-Seet8
2011-03-09,08:55:54,g04v0,74,"British judge grabs sex offender by throat to stop him escaping from court
",abc.net.au,http://www.abc.net.au/news/stories/2011/03/09/3158823.htm
2011-03-10,04:26:31,g0o43,55,Doctors in Yemen say nerve gas used on protesters,globalpost.com,http://www.globalpost.com/dispatch/news/regions/middle-east/110309/yemen-violence-protests-sanaa-nerve-gas
2011-03-10,01:51:53,g0ker,48,Libya's Escalating Conflict [pics],theatlantic.com,http://www.theatlantic.com/infocus/2011/03/libyas-escalating-conflict/100021/
2011-03-10,00:27:09,g0id5,49,The US government is facing a potential lawsuit on behalf of Guatemalans who were deliberately given gonorrhoea or syphilis in medical tests decades ago.,bbc.co.uk,http://www.bbc.co.uk/news/world-us-canada-12688797
2011-03-09,12:13:39,g08q0,43,"Finally sensible domestic policy: Any no-fly zone over Libya must have international backing and not be a U.S.-led effort, Secretary of State Hillary Clinton said on Tuesday",reuters.com,http://www.reuters.com/article/2011/03/09/us-libya-clinton-idUSTRE72806220110309
2011-03-09,22:02:46,g0fat,40,Eleven people died in fighting between Christians and Muslims in Egypt after church gets burned to ground in the deadliest unrest since the ouster of President Hosni Mubarak,nytimes.com,http://www.nytimes.com/2011/03/10/world/africa/10egypt.html?_r=1&smid=tw-nytimes&seid=auto
2011-03-10,06:47:14,g0rcb,33,"Gaddafi offers 500K dinars ($410,900) reward ""for whoever captures and hands over"" the ""agent spy"" Abdul Jalil - Libyan minister turned rebel leader",edition.cnn.com,http://edition.cnn.com/2011/WORLD/africa/03/09/libya.civil.war/index.html
2011-03-09,21:17:11,g0emu,31,Japan stealth jet prototype set to fly in 2014,seattletimes.nwsource.com,http://seattletimes.nwsource.com/html/nationworld/2014429209_apasjapanstealthfighter.html
2011-03-09,19:52:43,g0dkm,27,Gaddafi jets take off from Tripoli ,english.aljazeera.net,http://english.aljazeera.net/news/africa/2011/03/20113911921436551.html
2011-03-09,23:30:01,g0h05,22,UK petrol prices have almost reached a record-breaking US$10 per gallon,guardian.co.uk,http://www.guardian.co.uk/business/2011/mar/09/petrol-prices-record-breaking-6-per-gallon
2011-03-10,00:35:15,g0iji,21,Reports that Mubarak was involved in 2005 terrorist attack that killed 80 in Egyptian tourist town,businessinsider.com,http://www.businessinsider.com/mubarak-files-sharm-el-sheikh-bombing-2011-3
2011-03-09,23:21:48,g0gtx,19,"Libya Rebels Bombarded by Planes and Tanks in Vicious Fight for Zawiyah: UK insists 'can't stand aside', US weighs up military options",independent.co.uk,http://www.independent.co.uk/news/world/africa/rebels-bombarded-by-planes-and-tanks-in-vicious-fight-for-zawiyah-2236290.html
2011-03-10,05:33:21,g0ppd,15,"Libyan rebels call for support from U.S., allies",usatoday.com,http://www.usatoday.com/news/world/2011-03-09-Libya-Gadhafi_N.htm?csp=34news
2011-03-10,04:23:11,g0o1d,17,Did Mubarak's Secret Service Order Terror Attacks?,spiegel.de,"http://www.spiegel.de/international/world/0,1518,749989,00.html"
2011-03-10,04:06:57,g0nng,13,Protest group Topple the Tyrants seizes Gaddafi’s son’s London home,guardian.co.uk,http://www.guardian.co.uk/uk/2011/mar/09/libya-muammar-gaddafi
2011-03-09,08:33:46,g04fr,12,North Korea’s Digital Underground. Can technology break the regime's iron grip on information?,theatlantic.com,http://www.theatlantic.com/magazine/print/1969/12/north-korea-8217-s-digital-underground/8414/
2011-03-10,06:37:17,g0r4f,11,Libya: Gaddafi forces detain and beat BBC team,bbc.co.uk,http://www.bbc.co.uk/news/world-africa-12695077?utm_source=twitterfeed&utm_medium=twitter
