2011-10-05,09:38:48,l1523,1262,A 33-year-old man  died when he tried to protect a woman who was being mugged on a Paris metro train ,thelocal.fr,http://www.thelocal.fr/1380/20111004/
2011-10-05,04:18:40,l0tgz,776,Russia introduces chemical castration for pedophiles,rt.com,http://rt.com/news/pedophilia-russia-chemical-castration-059/
2011-10-05,19:06:13,l1kh2,670,"New Zealand condemns Japan's whaling in Antarctic waters, telling Japan it's being ""entirely disrespectful"" in their ""neighborhood"" ",bbc.co.uk,http://www.bbc.co.uk/news/world-asia-pacific-15180776
2011-10-05,00:04:54,l0ka0,527,UK prime minister uses the USA as an example of a country full of fat people,guardian.co.uk,http://www.guardian.co.uk/politics/2011/oct/04/uk-obesity-tax-david-cameron
2011-10-05,02:41:02,l0pqr,332,Assad: Syria will shower Tel Aviv with rockets if attacked by foreign powers,haaretz.com,http://www.haaretz.com/news/diplomacy-defense/assad-syria-will-shower-tel-aviv-with-rockets-if-attacked-by-foreign-powers-1.388135
2011-10-05,21:52:09,l1nj9,313,"Fact Checking if Ahmadinejad really said ""Israel should be wiped off the map."" Turns out he didn't exactly say that",washingtonpost.com,http://www.washingtonpost.com/blogs/fact-checker/post/did-ahmadinejad-really-say-israel-should-be-wiped-off-the-map/2011/10/04/gIQABJIKML_blog.html
2011-10-05,22:38:40,l1osc,233,"Archbishop Desmond Tutu has said the South African government is worse than its apartheid predecessor
",theaustralian.com.au,http://www.theaustralian.com.au/news/world/archbishop-desmond-tutu-has-said-the-south-african-government-is-worse-than-its-apartheid-predecessor/story-e6frg6so-1226158848704
2011-10-05,16:12:06,l1hjp,229,The world’s first solar power station that can work at night has been officially opened in southern Spain.,euronews.net,http://www.euronews.net/2011/10/05/the-solar-power-plant-that-works-the-night-shift/
2011-10-06,07:58:54,l29c0,213,"China & India predicted as climate leaders - An ""extraordinary war against science in the US & elsewhere will see nations trailing in China's wake."" 
",guardian.co.uk,http://www.guardian.co.uk/environment/2011/oct/05/malcolm-turnbull-china-india-climate?intcmp=122
2011-10-06,02:30:38,l1wty,212,Canada's new flawed copyright law Bill C-11 is expected to fly through House of Commons.,thestar.com,http://www.thestar.com/business/article/1063099--geist-why-canada-s-new-copyright-bill-remains-flawed
2011-10-05,18:48:15,l1k6g,197,2011 Nobel Prize in Chemistry awarded to Daniel Shechtman for the discovery of quasicrystals,nobelprize.org,http://www.nobelprize.org/nobel_prizes/chemistry/laureates/2011/press.html
2011-10-05,18:04:46,l1jgp,136,"Greece hit by new 24-hour general strike
",english.aljazeera.net,http://english.aljazeera.net/news/europe/2011/10/201110555316562451.html
2011-10-05,03:26:38,l0rez,129,"Putin proposes forming a ""Eurasian Union"" of former Soviet nations, saying the bloc could become a major global player competing for influence with the US, EU and Asia.",news.yahoo.com,http://news.yahoo.com/putin-proposes-setting-eurasian-union-104909538.html
2011-10-06,06:34:39,l26b5,126,BBC News - Italy wiretap law: Wikipedia hides pages in protest,bbc.co.uk,http://www.bbc.co.uk/news/world-europe-15192757
2011-10-06,01:47:02,l1v4x,119,World's hottest chilli contest leaves two in hospital - Telegraph,telegraph.co.uk,http://www.telegraph.co.uk/foodanddrink/foodanddrinknews/8808120/Worlds-hottest-chilli-contest-leaves-two-in-hospital.html
2011-10-06,00:41:47,l1sqv,110,Global Warming Irony,guardian.co.uk,http://www.guardian.co.uk/environment/2011/oct/05/melting-arctic-ice-supertankers
2011-10-05,18:24:12,l1jsk,87,Turkey to sanction Syria despite UN veto,news.yahoo.com,http://news.yahoo.com/turkey-says-sanctions-syria-ahead-085536842.html
2011-10-06,04:39:45,l21ul,74,Bahrain medics to face civilian court retrial; attorney general effectively nullifies verdict of special security court,english.aljazeera.net,http://english.aljazeera.net/news/middleeast/2011/10/201110517433596423.html
2011-10-06,01:28:11,l1uen,65,Guantánamo film shows plight of Canadian national detained at 15,guardian.co.uk,http://www.guardian.co.uk/world/2011/oct/05/guantanamo-film-rights-child-soldier
2011-10-05,08:25:16,l12kw,58,"China and Russia veto UN resolution on Syria: The move, drafted by France along with Britain, Germany and Portugal, received nine votes in favor and four abstentions.",english.aljazeera.net,http://english.aljazeera.net/news/middleeast/2011/10/2011104223132792190.html
2011-10-05,16:40:00,l1i2u,53,"Vigilantes arming themselves with swords, knives, & clubs; houses ablaze; activists & football hooligans chanting racist slogans __ Protests in Bulgaria started after teen was run down allegedly by order of Roma underworld boss. It's the worst ethnic tension there since 1990.",csmonitor.com,http://www.csmonitor.com/World/Europe/2011/1004/Protests-underscore-Bulgarians-fear-of-Roma-organized-crime
2011-10-05,22:19:38,l1o9m,52,Syrian state-run TV has aired an interview with a young woman who was reported to have been beheaded and mutilated by security agents while in custody.,english.alarabiya.net,http://english.alarabiya.net/articles/2011/10/05/170299.html
2011-10-06,01:36:16,l1uqe,52,Oktoberfest 2011 - The Big Picture,boston.com,http://www.boston.com/bigpicture/2011/10/oktoberfest_2011.html
2011-10-05,11:18:50,l18mv,43,"China angry over Burma's decision to suspend work on £2.3bn dam: Beijing threatens legal action as Burma halts dam because it is 'against the will of the people'
",guardian.co.uk,http://www.guardian.co.uk/environment/2011/oct/04/china-angry-burma-suspend-dam
2011-10-05,14:58:04,l1fsz,43,"The Cult: The Twisted, Terrifying Last Days Of Assad’s Syria --- “None of you donkeys matters at all! The important thing is that no one be permitted to upload any videos onto YouTube! No pictures, either!” ",tnr.com,http://www.tnr.com/article/world/95722/syria-damascus-bashar-basil-al-assad-sunni-alawi
2011-10-05,08:59:26,l13pb,34,A history of religious violence in Pakistan,dawn.com,http://www.dawn.com/2011/10/04/a-history-of-religious-violence.html
2011-10-05,08:58:49,l13on,35,Police to investigate whether Australian lawmaker paid for prostitues with official credit card,globalpost.com,http://www.globalpost.com/dispatches/globalpost-blogs/down-under/sex-australia-prostitute-sydney-escort-brothel-craig-thomson-victoria-police
2011-10-05,13:08:14,l1ci4,31,"Loss of Egyptian Natural Gas Supplies Costs Israel $
2.68 Million Per Day",oilprice.com,http://oilprice.com/Latest-Energy-News/World-News/Loss-of-Egyptian-Natural-Gas-Supplies-Costs-Israel-$2.68-Million-Per-Day.html?utm_source=feedburner&utm_medium=feed&utm_campaign=Feed%3A+oilpricecom+%28Oil+Price.com+Daily+News+Update%29
2011-10-05,23:20:56,l1pzo,27,Rupert Murdoch's News International hit by another 60 lawsuits,guardian.co.uk,http://www.guardian.co.uk/media/2011/oct/05/phone-hacking-news-international-60-claims
2011-10-06,07:26:10,l2844,33,"Chinese media takes an interest in the ""Occupy Wall Street"" movement",globalpost.com,http://www.globalpost.com/dispatches/globalpost-blogs/the-rice-bowl/china-loves-occupywallstreet
