2011-11-25,19:58:58,motnd,2300,"Two bankers that a week ago caused the collapse 
of two banks in Latvia and Lithuania are arrested 
today in London. Lithuania says their banks will be 
liquidated, the government should not waste 
taxpayers' money trying to help ""a plane that won't 
fly.""",bellinghamherald.com,http://www.bellinghamherald.com/2011/11/25/2285308/lithuania-to-dismantle-troubled.html
2011-11-26,02:32:21,mp2ly,785,Wind power to make up half of Danish energy use by 2020 & the country aims to be 100% free of fossil fuels by 2050,physorg.com,http://www.physorg.com/news/2011-11-power-danish-energy.html
2011-11-25,23:36:27,moxtd,267,"Egypt police detain, beat, sexually assault US-based journalist Mona Eltahawy; other journalists also targeted : ""The whole time I was thinking about article I would write,"" she writes, ""Just you fuckers wait."" ",boingboing.net,http://boingboing.net/2011/11/24/egypt-police-detain-beat-sex.html
2011-11-25,23:51:01,moy66,242,Aussie man stays with is house during a huge bush fire then watches it go over his head submerged in his neighbours pool wearing SCUBA gear.,bbc.co.uk,http://www.bbc.co.uk/news/world-asia-15887502
2011-11-25,02:49:09,mo3ot,204,6 Afghan children 'killed by Nato air strike',bbc.co.uk,http://www.bbc.co.uk/news/world-asia-15877558
2011-11-25,23:54:45,moy9t,151,Egypt's leaders label female protesters 'prostitutes',edition.cnn.com,http://edition.cnn.com/2011/11/25/world/meast/egypt-women-sexual-harassment/index.html?hpt=hp_c1
2011-11-25,22:32:55,mowcn,152,Thai Facebookers warned not to 'like' anti-monarchy groups,guardian.co.uk,http://www.guardian.co.uk/world/2011/nov/25/thai-facebookers-warned-like-button
2011-11-25,23:56:13,moyb3,64,Snowless Scandinavians wonder 'where's winter?' ,finance.yahoo.com,http://finance.yahoo.com/news/snowless-scandinavians-wonder-wheres-winter-150444389.html
2011-11-25,11:08:36,mohw8,60,North Korea threatens 'a sea of fire' upon South Korea,cnn.com,http://www.cnn.com/2011/11/24/world/asia/north-korea-sea-of-fire/index.html?hpt=hp_t3
2011-11-25,13:30:18,molwm,64,"Writer/Activist Mona Eltahawy Arrested, Beaten, Sexually Assaulted By Police In Cairo",jezebel.com,http://jezebel.com/5862492/writeractivist-mona-eltahawy-arrested-beaten-sexually-assaulted-by-police-in-cairo
2011-11-25,08:08:40,mod4g,61,"Swedish researcher defines 'now', philosophy researcher published a paper on time perception, where a ”now” is described as two seconds long, and made up of a past and a present.

",thelocal.se,http://www.thelocal.se/37542/20111124/
2011-11-25,13:48:15,mome1,49,Korean high school student kills mother.  Keeps body at home for 8 months.,koreatimes.co.kr,http://koreatimes.co.kr/www/news/nation/2011/11/117_99498.html
2011-11-25,21:48:20,movg8,51,"Boy, 14, 'posed as spy to arrange his own murder'",independent.co.uk,http://www.independent.co.uk/news/uk/crime/boy-14-posed-as-spy-to-arrange-his-own-murder-6168910.html
2011-11-25,21:20:16,mouxf,48,"Nearly three-quarters of Britons think it is inappropriate for children under 12 to own a mobile phone, despite the fact that most kids already have them | Reuters",in.reuters.com,http://in.reuters.com/article/2011/11/24/idINIndia-60713720111124
2011-11-25,17:59:47,mortc,41,Church tells patients to give up HIV drugs after claiming they were 'healed' - Sky News,news.sky.com,http://news.sky.com/home/uk-news/article/16117269
2011-11-26,00:32:38,moza4,38,America woman and partner attending family wedding in Pakistan murdered in suspected honour killing ,dailymail.co.uk,http://www.dailymail.co.uk/news/article-2065622/Saif-Rehman-Uzma-Naurin-murdered-suspected-honour-killing-Pakistan.html
2011-11-26,01:30:28,mp0w2,39,Ganzouri regains PM job amid rival protests in Cairo,edition.cnn.com,http://edition.cnn.com/2011/11/25/world/africa/egypt-protests/index.html?hpt=wo_c1
2011-11-25,23:20:01,moxe7,36,"'Cure for cancer' rumour killed off Vietnam's rhinos 
- 
 
 The belief that powdered rhino horn cured cancer 
is being blamed for surge in demand that has wiped 
out 3 species",guardian.co.uk,http://www.guardian.co.uk/environment/2011/nov/25/cure-cancer-rhino-horn-vietnam
2011-11-25,09:20:36,mof1x,38,Pakistan To Take Up Deadly U.S. Drone Strikes In United Nation,news.xinhuanet.com,http://news.xinhuanet.com/english2010/world/2011-11/24/c_122332575.htm
2011-11-26,06:56:13,mpaxe,37,Sierra Leone: Timber! - A story of corruption that is stripping the west African country bare. (video report),aljazeera.com,http://www.aljazeera.com/programmes/africainvestigates/2011/11/20111123134340348960.html#.TtAcgkh83cE.reddit
2011-11-25,21:58:32,movnd,31,Italy Borrowing Costs Almost Double as Euro Tumbles,bloomberg.com,http://www.bloomberg.com/news/2011-11-25/italy-sells-8-billion-euros-of-bills-as-borrowing-costs-touch-14-year-high.html
2011-11-25,00:39:09,mnzs1,34,Portugal flights grounded by general strike over austerity measure,edition.cnn.com,http://edition.cnn.com/2011/11/24/world/europe/portugal-general-strike/index.html?hpt=wo_c2
2011-11-26,02:26:45,mp2fu,33,"Can S. America China-ify its Economy Without Destroying the Amazon?
 - A new, under-the-radar infrastructure is cutting huge swaths of the Amazon to reorient it toward trade with China. 'The South America Project' is the watchdog. 75% of deforestation occurs within a 30-mile strip along highways.",fastcoexist.com,http://www.fastcoexist.com/1678879/can-south-america-revolutionize-its-economy-without-destroying-the-amazon
2011-11-26,07:10:17,mpbcz,27,Belgium credit rating downgraded by S&P:  Belgium has had its credit rating downgraded by ratings agency Standard & Poor's.,bbc.co.uk,http://www.bbc.co.uk/news/business-15898759
2011-11-26,03:17:54,mp40k,25,Egypt protesters not impressed with new PM,csmonitor.com,http://www.csmonitor.com/World/Middle-East/2011/1125/Egypt-protesters-not-impressed-with-new-PM
2011-11-25,12:26:56,mok3q,26,"BBC - Nuclear power 'gets little public support 
worldwide'",bbc.co.uk,http://www.bbc.co.uk/news/science-environment-15864806
2011-11-25,13:05:40,mol6u,22,Peru protests at huge Conga gold mine in Cajamarca:  Thousands of people in northern Peru have protested against plans for a huge open-cast goldmine in the high Andes. ,bbc.co.uk,http://www.bbc.co.uk/news/world-latin-america-15884119
2011-11-25,23:39:16,moxvg,23,"Lucky iron fish persuades Cambodian women to cook with iron, stave off anemia - Boing Boing",boingboing.net,http://boingboing.net/2011/11/23/lucky-iron-fish-persuades-camb.html
2011-11-25,08:12:45,mod8t,24,Hungary Cut to Junk at Moody’s After IMF Plea,bloomberg.com,http://www.bloomberg.com/news/2011-11-24/hungary-s-credit-rating-cut-to-junk-by-moody-s-after-last-minute-imf-plea.html
2011-11-26,00:05:28,moyk8,21,Poland plans its 1st atomic power plant on Baltic,physorg.com,http://www.physorg.com/news/2011-11-poland-atomic-power-baltic.html
