2011-07-26,19:19:26,j01iz,1710,"Internet users ""have a reasonable expectation of anonymity"" that the courts must protect: ruling by a Canadian Superior Court judge",canada.com,http://www.canada.com/mobile/iphone/story.html?id=0954f84a-7a7e-4a15-a104-4ef1c18a6d40
2011-07-26,13:09:57,izuoo,1135,A German tourist is being hailed as a hero for rescuing at least 20 teens from gunman's rampage on Utoya island,msnbc.msn.com,http://www.msnbc.msn.com/id/43880728/ns/world_news-europe/
2011-07-26,04:10:25,izfhl,947,"Glenn Beck compares Norway's dead teenagers to Hitler youth: Glenn Beck, the leading Right-wing American broadcaster, has prompted outrage after comparing the teenage victims of the Utoya Island massacre to the Hitler Youth.",telegraph.co.uk,http://www.telegraph.co.uk/news/worldnews/europe/norway/8660986/Glenn-Beck-compares-Norways-dead-teenagers-to-Hitler-youth.html
2011-07-26,22:41:05,j053z,933,"Today I'm proud to be Norwegian: ""Youth parties 
see surge in recruitment"" following the terrorist 
attack on the Labour youth party",translate.google.com,http://translate.google.com/translate?js=n&hl=en&ie=UTF-8&layout=2&eotf=1&sl=no&tl=en&u=http%3A%2F%2Fwww.aftenposten.no%2Fnyheter%2Firiks%2Farticle4184188.ece&act=url
2011-07-26,11:19:52,izroo,770,"Israel has erupted in protest -- yes, you read that right: Israel joins Egypt, Syria and many others in an increasingly global struggle for social justice",alternet.org,"http://www.alternet.org/newsandviews/article/639318/israel_erupts_in_protest,_tens_of_thousands_chant_%22revolution%22/"
2011-07-26,23:59:03,j077f,550,"Glenn Beck slammed by the Norwegian government for on-air comments he made comparing the teenage victims to the Hitler Youth
",globalpost.com,http://www.globalpost.com/dispatch/news/regions/americas/united-states/110726/beck-slammed-dead-teen-hitler-comparision
2011-07-27,06:20:15,j0j3h,485,BP reports quarterly profit of $5.3BILLION!,bbc.co.uk,http://www.bbc.co.uk/news/business-14287697
2011-07-26,02:14:42,izbrr,266,"150,000 people are gathered in Oslo right now, to honor the victims of the terrorist attack. ""Tonight, the streets are filled with love,"" the Crown-Prince opened his speech.",nrk.no,http://www.nrk.no/video/fakkeltog_i_oslo/2D7CA2CF97EAF80E/
2011-07-26,19:56:50,j021u,125,"Who pollutes: The rich or the poor?:
India's prime minister is allowing India's environment to be destroyed in order to cater to powerful foreign investors.",english.aljazeera.net,http://english.aljazeera.net/indepth/opinion/2011/07/2011722134648714404.html
2011-07-26,21:57:39,j043i,89,Rupert Murdoch's Media Empire Has Made the World Worse in a Dozen Ways,alternet.org,http://www.alternet.org/media/151768/12_ways_rupert_murdoch%27s_media_empire_has_made_the_world_worse/?page=entire
2011-07-26,23:39:48,j06n3,83,Access to Amnesty International’s website has been blocked in Saudi Arabia following the organization’s criticism of a draft anti-terror law that would stifle peaceful protest in the kingdom,amnesty.org,http://www.amnesty.org/en/news-and-updates/amnesty-international-website-%E2%80%98blocked-saudi-arabia%E2%80%99-2011-07-25
2011-07-26,03:18:01,izdqy,81,Former DEA and CIA Operatives: Los Zetas May Attempt to Overthrow Mexican Government in 2012 (Using U.S. Government Weapons) ,salem-news.com,http://www.salem-news.com/articles/july202011/los-zetas-ca.php
2011-07-26,11:00:42,izr3u,74,China's propaganda instructions for the high speed rail crash,chovanec.wordpress.com,http://chovanec.wordpress.com/2011/07/26/propaganda-instructions-on-wenzhou-train-crash/
2011-07-26,09:14:36,izo8v,56,Vatican's ambassador to Ireland has been recalled to Rome in protest over Ireland's scathing report on church's poor handling of child abuse by priests,english.aljazeera.net,http://english.aljazeera.net//news/europe/2011/07/2011725111716578608.html
2011-07-26,23:04:57,j05qr,48,"Neglecting The Lithuanian Holocaust --- 
Holocaust memorial defaced with the words ""Hitler was right"". Nobody seems to have noticed or cared much. Tells you plenty about Lithuania's indifference to its Holocaust history. Outrage is reserved for victims of Soviet occupation",nybooks.com,http://www.nybooks.com/blogs/nyrblog/2011/jul/25/neglecting-lithuanian-holocaust/
2011-07-27,07:26:58,j0l32,50,British Blogger Says He Has Recording That Proves Piers Morgan Knew About Phone-Hacking,businessinsider.com,http://www.businessinsider.com/piers-morgan-recording-hacking-2011-7
2011-07-26,16:28:52,izz3r,41,"The former Director of Public Prosecutions (DPP) Lord Macdonald was warned by his own employees as far back as 2006 that hacking was rife at Murdoch paper - has since been hired by the newspaper's owner, Rupert Murdoch",independent.co.uk,http://www.independent.co.uk/news/uk/crime/dpp-was-warned-hacking-was-rife-at-murdoch-paper-2325909.html
2011-07-26,13:01:46,izug2,45,"Gulf oil spill victims weary of wait for payouts - In other news, BP may be broken up and sold for $100 billion",usatoday.com,http://www.usatoday.com/news/nation/2011-07-25-Gulf-oil-spill-compensation_n.htm?csp=34news&utm_source=feedburner&utm_medium=feed&utm_campaign=Feed%3A+UsatodaycomNation-TopStories+%28News+-+Nation+-+Top+Stories%29
2011-07-26,20:25:04,j02g5,39,"Norway: Police ponder new Anders Behring Breivik charge - Norwegian police are considering charging the man who admitted killing 76 people in Friday's attacks with crimes against humanity, prosecutor Christian Hatlo has said.",bbc.co.uk,http://www.bbc.co.uk/news/world-europe-14288941
2011-07-27,03:10:20,j0d3q,38,"Hamas hangs 2 convicted of spying for Israel:
Father and son convicted of helping Israel target Hamas leader executed in Gaza",ynetnews.com,"http://www.ynetnews.com/articles/0,7340,L-4100514,00.html"
2011-07-26,21:22:14,j03eo,40,"Anders Behring Breivik appears insane, says his lawyer",guardian.co.uk,http://www.guardian.co.uk/world/2011/jul/26/norway-attacks-anders-behring-breivik
2011-07-26,19:45:51,j01wn,32,The victims of the Oslo bombing and Utøya massacre. Updated as more names are released.,dagbladet.no,http://www.dagbladet.no/terror/ofrene/
2011-07-26,19:37:31,j01sd,34,China has ordered a 2-month nationwide safety review of its railways amid public anger at a deadly crash between 2 bullet trains,bbc.co.uk,http://www.bbc.co.uk/news/world-asia-pacific-14289033
2011-07-26,22:04:32,j049d,28,Plane crash kills 78 in Morocco - CNN,edition.cnn.com,http://edition.cnn.com/2011/WORLD/africa/07/26/morocco.plane.crash/
2011-07-26,20:18:27,j02d0,24,Violence Against Writers in Bahrain 'as Bad as Ever',spiegel.de,"http://www.spiegel.de/international/world/0,1518,776490,00.html"
2011-07-27,02:44:41,j0cbl,24,Israelis Debate on the Web: Did Norway Get What It Deserved?,blogs.forward.com,http://blogs.forward.com/forward-thinking/140297/?print
2011-07-26,13:24:08,izv2i,26,"Iran draws the line with Turkey on Syria --- In a sign of growing Iranian misgiving about Turkey's role in Middle Eastern affairs, Tehran has decided to throw its weight behind the embattled Syrian regime, even if that translates into a setback in relations between Tehran and Ankara. ",atimes.com,http://www.atimes.com/atimes/Middle_East/MG26Ak01.html
2011-07-27,00:16:35,j07q8,24,Birth a deadly challenge in Afghanistan - A chronic shortage of midwives and basic health services makes having a baby one of the most dangerous things an Afghan woman can do.,abc.net.au,http://www.abc.net.au/news/2011-07-26/afghanistan-dangers-of-childbirth/2811428?section=world
2011-07-27,05:37:05,j0hos,21,Teen guilty of beheading at least 4 in Mexico ,news.blogs.cnn.com,http://news.blogs.cnn.com/2011/07/26/teen-guilty-of-beheading-at-least-4-in-mexico/
2011-07-27,05:30:49,j0hgu,18,Israeli Govt. grants Intel 295 million $ to upgrade current plant and build an additional one,in.reuters.com,http://in.reuters.com/article/2011/07/26/intel-israel-idINLDE76P1F520110726
