2011-04-16,01:42:07,gqup7,1044,"In China, a death sentence for a young businesswoman chills entrepreneurs. (""What she was convicted of was raising and pooling money outside the official system, which is common among Chinese entrepreneurs."")",economist.com,http://www.economist.com/node/18560729
2011-04-16,05:47:11,gr0yb,826,"""Brazil, Russia, India, China and South Africa - the BRICS group of fastest growing economies - Thursday [14 April 2011] signed an agreement to use their own currencies instead of the predominant US dollar in issuing credit or grants to each other.""",articles.economictimes.indiatimes.com,http://articles.economictimes.indiatimes.com/2011-04-14/news/29417583_1_economies-food-security-local-currencies
2011-04-16,21:21:54,grf3k,344,Police made sixth arrest in their investigation of Anonymous that launched a series of cyber attacks on major firms it saw as anti-WikiLeaks,telegraph.co.uk,http://www.telegraph.co.uk/technology/news/8451714/New-arrest-over-Anonymous-pro-WikiLeaks-attacks.html
2011-04-16,00:55:31,gqthq,296,Woman who attempted suicide while pregnant is accused of murder,guardian.co.uk,http://www.guardian.co.uk/world/2011/apr/15/woman-attempted-suicide-pregnant-accused
2011-04-16,21:13:41,grezr,249,"Ian Tomlinson died of fall injuries from push by police officer at G20 protest, says pathologist",guardian.co.uk,http://www.guardian.co.uk/uk/2011/apr/15/ian-tomlinson-g20-inquest-death
2011-04-17,01:13:03,grifs,158,The Law In China: the government now dismisses the idea that one function of the law is to defend people against the arbitrary exercise of state power.,economist.com,http://www.economist.com/blogs/banyan/2011/04/law_china
2011-04-16,23:20:36,grgjv,143,Is net neutrality disappearing? France's President Sarkozy holding a summit next month to decide the future of the Internet...,gigaom.com,http://gigaom.com/2011/04/15/is-france-plotting-to-kill-the-free-internet/?utm_source=webworkerdaily&utm_medium=specialtopics
2011-04-16,22:24:03,grft1,84,Mass demonstrations in Budapest against the new constitution,translate.google.com,http://translate.google.com/translate?js=n&prev=_t&hl=en&ie=UTF-8&layout=2&eotf=1&sl=auto&tl=en&u=http%3A%2F%2Fwww.kleinezeitung.at%2Fnachrichten%2Fpolitik%2F2723142%2Fmassendemonstration-gegen-regierung-ungarn.story
2011-04-17,00:46:09,grhyr,76,"“They just kidnapped us in San Fernando. If anything happens, just tell my parents, ‘thanks, I love them.’ ”",neglectedwar.com,http://neglectedwar.com/blog/archives/4310
2011-04-16,08:40:02,gr4ks,72,"Hospitals show ugly truth about Bahrain, as US looks the other way",brisbanetimes.com.au,http://www.brisbanetimes.com.au/opinion/politics/hospitals-show-ugly-truth-about-bahrain-as-us-looks-the-other-way-20110415-1dhw0.html
2011-04-16,23:17:34,grgi5,66,"A five-day stand-off between monks and armed police at a Tibetan monastery in western China could become ""explosive"", the Dalai Lama has warned.",guardian.co.uk,http://www.guardian.co.uk/world/2011/apr/16/tibetan-monastery-china-clash-armed-police-dalai-lama
2011-04-17,06:04:33,gro0c,66,"Arnold Gundersen, nuclear expert: ""I absolutely disagree with the scientists who say that Fukushima’s not going to hurt anyone. The numbers I’ve seen, from reputable scientists, are that Fukushima is going to kill 200,000 from increased cancers over the next 50 years.""",globalpost.com,http://www.globalpost.com/dispatch/news/regions/asia-pacific/japan/110415/fukushima-death-toll-meltdown-chernobyl?page=full
2011-04-17,05:28:04,grnc9,40,"Radioactivity Rises in Sea Again off Japan Nuclear Plant: Levels of radioactivity have risen sharply in seawater near a tsunami-crippled nuclear plant in northern Japan, signaling the possibility of new leaks at the facility, the government said Saturday.",apnews.myway.com,http://apnews.myway.com/article/20110416/D9MKOUQO0.html
2011-04-17,05:17:28,grn4b,36,U.S. offers unmanned chopper to help remove Fukushima spent fuel,english.kyodonews.jp,http://english.kyodonews.jp/news/2011/04/85954.html
2011-04-17,00:42:25,grhx0,36,Atomic Deserts: A Survey of the World's Radioactive No-Go Zones,spiegel.de,http://www.spiegel.de/international/world/0%2C1518%2C756369-8%2C00.html
2011-04-16,15:02:50,grb2t,30,Bahrain strips grants and tuition payments from its students who protested the kingdom in the UK,guardian.co.uk,http://www.guardian.co.uk/world/2011/apr/15/bahrain-regime-uk-students
2011-04-16,23:00:07,grg9s,25,"Pregnant Thieves in China: “The purpose of our pregnancy is for convenient thefts. Otherwise, we are not going to get pregnant. We all have learned the law, knowing that the pregnant women won’t get punishment,” they claimed without any repentance.",chinahush.com,http://www.chinahush.com/2011/04/05/electric-bicycles-stolen-by-pregnant-women-nothing-can-stop-this/#more-8267
2011-04-17,03:07:28,grkji,28,"Tens of thousands of anti-government protesters have massed in Belgrade, Serbia to call for early elections, amid growing anger over the economy and corruption",bbc.co.uk,http://www.bbc.co.uk/news/world-europe-13104880
2011-04-17,01:00:57,gri7x,26,Syria's emergency law to be lifted,english.aljazeera.net,http://english.aljazeera.net//news/middleeast/2011/04/20114161511286268.html
2011-04-16,23:33:49,grgr9,22,"Levels of radioactivity have risen sharply in seawater near a tsunami-crippled nuclear plant in northern Japan, signaling the possibility of new leaks at the facility, the government said Saturday.",cbsnews.com,http://www.cbsnews.com/stories/2011/04/16/501364/main20054572.shtml
2011-04-16,13:59:49,gra38,20,Qaddafi Troops Fire Cluster Bombs Into Civilian Areas,nytimes.com,http://www.nytimes.com/2011/04/16/world/africa/16libya.html
2011-04-17,02:23:47,grjq7,20,Bahrain cracks down on protesting footballers,english.aljazeera.net,http://english.aljazeera.net/indepth/opinion/2011/04/2011413132952273777.html
2011-04-17,00:05:59,grhan,17,'Foreign Policy Suicide': Berlin's Hesitancy in the UN and the World,spiegel.de,"http://www.spiegel.de/international/world/0,1518,756782,00.html"
2011-04-16,11:39:08,gr7nn,17,"Bolivia protests challenge Evo Morales: Protesters in Bolivia have blocked main roads and clashed with police, on the ninth day of nationwide demonstrations against the government. ",bbc.co.uk,http://www.bbc.co.uk/news/world-latin-america-13099827
2011-04-16,20:18:15,grehu,14,Unemployed foreigners under threat. Will have to leave ,presseurop.eu,http://www.presseurop.eu/en/content/news-brief-cover/601721-unemployed-foreigners-under-threat
2011-04-16,17:46:33,grd15,12,Big aftershocks continue to jolt Japan,dailytelegraph.com.au,http://www.dailytelegraph.com.au/news/breaking-news/big-aftershocks-continue-to-jolt-japan/story-e6freuyi-1226040193839
2011-04-16,17:01:54,grcm4,13,Sri Lanka: The leaked UN war crimes report: Key points and context,groundviews.org,http://groundviews.org/2011/04/16/the-leaked-un-war-crimes-report-key-points-and-context/
2011-04-17,03:31:07,grkzx,12,Cameron and Clegg to reconsider law of primogeniture. Are two bollocks better than none? ,bbc.co.uk,http://www.bbc.co.uk/news/uk-13103587
2011-04-16,21:50:06,grfer,11,Iran urges UN prompt action on Bahrain,en.humanrights-iran.ir,http://en.humanrights-iran.ir/news-17796.aspx
2011-04-17,05:58:41,grnw5,13,"BRICS demand more say in world affairs: The five developing countries have the money, now they want the power.",globalpost.com,http://www.globalpost.com/dispatch/news/regions/asia-pacific/china/110414/brics-summit-economy-china-brazil-south-africa
