2011-07-04,14:46:27,ig6fq,1496,Mystery woman drives by a burning building; gets out of car; runs into building and rescues child and then disappears. ,thisislondon.co.uk,http://www.thisislondon.co.uk/standard/article-23966473-mystery-heroine-risks-life-to-rescue-toddler-from-burning-house.do
2011-07-04,01:30:55,ifpoj,1242,"The WikiLeaks You Missed: From blatant bribery in India to Hugo Chávez’s war on Domino’s pizza, here are the highlights from the last four months of the secret State Department cables.",foreignpolicy.com,http://www.foreignpolicy.com/articles/2011/01/01/the_wikileaks_you_missed?page=full
2011-07-04,23:20:38,igeek,1061,The UN is aiding a corporate takeover of drinking water; billions of dollars are being given out to the most ardent promoters of water privatization,alternet.org,http://www.alternet.org/water/151367/the_un_is_aiding_a_corporate_takeover_of_drinking_water
2011-07-05,00:40:21,igfzr,501,"Missing Milly Dowler's voicemail was hacked by Rupert Murdoch's ""News of the World"" newspaper",guardian.co.uk,http://www.guardian.co.uk/uk/2011/jul/04/milly-dowler-voicemail-hacked-news-of-world
2011-07-04,21:00:57,igc5w,367,Iceland considers making cigarettes pescription-only.,guardian.co.uk,http://www.guardian.co.uk/world/2011/jul/04/iceland-considers-prescription-only-cigarettes
2011-07-04,09:51:25,ig07s,287,Rare Earth Deposits 1000X those on land found in the Pacific.,reuters.com,http://www.reuters.com/article/2011/07/04/us-rareearth-japan-idUSTRE76300320110704
2011-07-04,21:02:24,igc6l,268,Leaked Emails Reveal UK Government Conspiracy To Downplay Fukushima Nuclear Disaster,guardian.co.uk,http://www.guardian.co.uk/uk/2011/jul/01/huhne-fukushima-emails-criticism
2011-07-04,08:18:12,ify92,188,"Thailand Elects 1st Female Prime Minister
",theatlanticwire.com,http://www.theatlanticwire.com/global/2011/07/thailand-elects-first-female-prime-minister/39547/
2011-07-04,23:04:58,ige3z,188,Danish company prevents US prison officials from using a drug it makes to execute prisoners,washingtonpost.com,http://www.washingtonpost.com/national/health-science/2011/07/02/AG5AgevH_story.html
2011-07-04,23:50:01,igeym,152,South Korea will spend $2.4 billion buying tablets for students and digitizing materials in an effort to go completely digital in the classroom by 2015,technologyreview.com,http://www.technologyreview.com/blog/mimssbits/26960/
2011-07-04,09:37:16,ifzwy,80,A pipeline carrying gas from Egypt to Israel and Jordan has been hit by an explosion,english.aljazeera.net,http://english.aljazeera.net/news/middleeast/2011/07/2011740176861868.html
2011-07-05,02:16:06,igi8x,72,"In Australia, NSW police given power to remove veils",skynews.com.au,http://www.skynews.com.au/national/article.aspx?id=633760&vId=2533705&cId=National
2011-07-05,04:46:12,igluf,72,"Otto von Habsburg, the last crown prince of Austria Hungary, dead at 98.  He accomplished a lot in his life, despite having his country torn apart and disown him.",google.com,http://www.google.com/hostednews/ap/article/ALeqM5jVKjF8v2vHrD6hGo0ZHHnMyNqckQ?docId=0eb1e4fec4b74bbfb2a1dc335faeb89f
2011-07-04,20:41:47,igbx9,68,"As part of compromise intended to end flotilla affair, Greece offers to transport humanitarian aid to Gaza using Greek governmental ships. Israel accepts offer.",haaretz.com,http://www.haaretz.com/news/diplomacy-defense/israel-accepts-greek-offer-to-transport-flotilla-s-aid-to-gaza-ships-due-to-depart-monday-1.371136
2011-07-05,00:10:46,igfec,51,G20 Toronto - 1 Year Later‬‏ - Pressing for a public inquiry.,youtube.com,http://www.youtube.com/watch?v=g3nSMPWhwf0
2011-07-04,18:41:21,igadg,49,EU cloud data can be secretly accessed by US authorities,theregister.co.uk,http://www.theregister.co.uk/2011/07/04/eu_customer_cloud_data_may_be_handed_over_by_microsoft/
2011-07-04,08:24:57,ifydm,47,"Biofuels land grab in Kenya's Tana Delta fuels talk of war - 
Villagers vow to resist as wildlife vanishes and they are driven from their land to make way for water-thirsty crops",guardian.co.uk,http://www.guardian.co.uk/world/2011/jul/02/biofuels-land-grab-kenya-delta
2011-07-05,00:23:54,igfo5,40,"Gaza flotilla: Some questions for the activists sailing to Gaza. - By Christopher Hitchens - Slate Magazine
        ",slate.com,http://www.slate.com/id/2298332/
2011-07-04,02:02:00,ifq9n,41,"Russia discovers American-style ""capitalism"";  completes record bailout of fifth largest bank",zerohedge.com,http://www.zerohedge.com/article/moral-hazard-goes-communist-after-russian-central-bank-bails-out-fifth-largest-domestic-bank
2011-07-04,14:33:56,ig65w,31,French See Strauss-Kahn Case as American Folly ,nytimes.com,http://www.nytimes.com/2011/07/04/world/europe/04france.html?hp
2011-07-04,23:57:04,igf3p,31,"Pakistani Military Still Cultivates Militant Groups, a Former Fighter Says",nytimes.com,http://www.nytimes.com/2011/07/04/world/asia/04pakistan.html?_r=1&hp
2011-07-04,23:39:15,igeqj,31,Yemen's youth have lost control of the revolution they began,globalpost.com,http://www.globalpost.com/dispatch/news/regions/middle-east/110702/yemen-protests-hijacked
2011-07-04,15:48:59,ig7qy,27,Computer-Hacking Group Targets Apple In Latest Attack,online.wsj.com,http://online.wsj.com/article/SB10001424052702304803104576424573989176378.html?mod=wsj_share_reddit
2011-07-05,04:36:25,igllj,23,Germany ends conscription,thelocal.de,http://www.thelocal.de/national/20110704-36069.html
2011-07-04,20:56:00,igc3q,20,Treasure worth $22 billion discovered in secret vaults of Indian Hindu temple,onenewspage.com,http://www.onenewspage.com/news/Asia-Pacific/20110704/23728054/Treasure-worth-22-billion-discovered-in-secret-vaults.htm
2011-07-05,03:18:19,igjqc,22,"""Robocops"" to patrol 2014 World Cup using glasses equipped with facial recognition software.",gajitz.com,http://gajitz.com/looking-for-me-brazilian-police-about-to-go-scary-futuristic/
2011-07-04,05:11:12,ifubg,22,Italy high-speed rail tunnel: Fresh clashes in Alps - Police have again clashed with demonstrators in the Italian Alps over the construction of a new high-speed rail link with France.,bbc.co.uk,http://www.bbc.co.uk/news/world-europe-14007565
2011-07-05,05:48:16,ignb4,20,Millions of people in the Horn of Africa are facing severe shortages of food from the worst drought in the region for six decades,bbc.co.uk,http://www.bbc.co.uk/news/world-africa-14023160
2011-07-04,10:33:06,ig11e,20,Italian police break up banquet of bear meat hosted by  Berlusconi's powerful coalition partner ,guardian.co.uk,http://www.guardian.co.uk/world/2011/jul/03/bear-banquet-italy-dolomites
2011-07-04,10:50:49,ig1dv,18,"The first Boeing 787 Dreamliner, in All Nippon Airways livery, arrives in Tokyo on Sunday to check compatibility at 5 airports around the country",nhk.or.jp,http://www3.nhk.or.jp/daily/english/03_12.html
