2011-02-02,20:41:27,fdrkl,1373,Clashes have broke out between pro and anti-government demonstrators in Tahrir Square as protesters claim Mubarak concessions 'insufficient' ,english.aljazeera.net,http://english.aljazeera.net/news/middleeast/2011/02/20112272918301323.html
2011-02-02,05:11:46,fdc8n,1283,Mubarak says he won't stand for re-election in September and will aid a peaceful transition of power.,guardian.co.uk,http://www.guardian.co.uk/news/blog/2011/feb/01/egypt-protests-live-updates
2011-02-02,20:43:53,fdrlp,374,Hundreds of pro-Mubarak supporters attack protesters in Cairo's central square. Situation is escalating.,google.com,http://www.google.com/hostednews/ap/article/ALeqM5jw3lc8mY8ol1cViZYXaX6fFOsbeQ?docId=551f204a9a014e24ae5b951be8dd8348
2011-02-03,01:23:27,fdwst,326,"""...it is absurd to think of this as simply “clashes” between two rival groups. The pro-democracy protesters are unarmed and have been peaceful at every step. But the pro-Mubarak thugs are arriving in buses and are armed — and they’re using their weapons.""",kristof.blogs.nytimes.com,http://kristof.blogs.nytimes.com/2011/02/02/the-view-from-tahrir/
2011-02-02,19:11:53,fdqjb,256,Internet back up in Egypt,online.wsj.com,http://online.wsj.com/article/SB10001424052748703960804576119451124847090.html
2011-02-02,23:01:37,fdtqv,248,Pro-Mubarak supporters are recognizably police dressed as civilians,guardian.co.uk,http://www.guardian.co.uk/news/blog/2011/feb/02/egypt-protests-live-updates
2011-02-02,23:09:38,fdtwo,202,Tony Blair: Mubarak is 'immensely courageous and a force for good',guardian.co.uk,http://www.guardian.co.uk/world/2011/feb/02/tony-blair-mubarak-courageous-force-for-good-egypt?CMP=twt_fd
2011-02-02,23:54:02,fduse,161,Noam Chomsky about Egypt: “This Is The Most Remarkable Regional Uprising That I Can Remember”,democracynow.org,http://www.democracynow.org/2011/2/2/noam_chomsky_this_is_the_most
2011-02-02,23:51:07,fduqi,83,Anonymous hits Egyptian government sites with fresh DDoS attacks,thenextweb.com,http://thenextweb.com/me/2011/02/02/anonymous-hits-egyptian-government-sites-with-fresh-ddos-attacks/?utm_source=feedburner&utm_medium=feed&utm_campaign=Feed%3A+thenextwebtopstories+%28The+Next+Web+Top+Stories%29&utm_content=Google+Reader
2011-02-02,20:47:45,fdrnz,75,"President Saleh of Yemen pledges not to run for re-election in 2013 after 32 years in power. As a kicker, he promises that his son will not run for President, either.",nytimes.com,http://www.nytimes.com/2011/02/03/world/middleeast/03yemen.html?_r=1&hp
2011-02-02,09:35:44,fdhkp,71,"What Western governments have to say to Mubarak is irrelevant and, frankly, offensive. They've been supporting the dictatorship politically, financially and militarily for 30 years.",self.worldnews,https://www.reddit.com/r/worldnews/comments/fdhkp/what_western_governments_have_to_say_to_mubarak/
2011-02-03,03:15:31,fdzfh,66,"VIDEO: 'We Can't Get Out': Protestors blocked from leaving Tahrir Square as Army lets in
pro-Mubarak thugs to attack them",youtube.com,http://www.youtube.com/watch?v=AqoRzSkmX88&feature=player_embedded#
2011-02-02,17:02:26,fdp7e,60,Cyclone Yasi begins. To fellow redditors living in Queensland stay safe aite.,telegraph.co.uk,http://www.telegraph.co.uk/news/worldnews/australiaandthepacific/australia/8297602/Cyclone-Yasi-Queensland-battens-down-as-onslaught-begins.html
2011-02-03,03:04:29,fdz6b,59,"Turkey's prime minister backs Egyptian protesters, urges Mubarak to look around",time.com,"http://www.time.com/time/world/article/0,8599,2045723,00.html?xid=rss-world&utm_source=feedburner&utm_medium=feed&utm_campaign=Feed:+time/world+%28TIME:+Top+World+Stories%29&utm_content=Google+Reader"
2011-02-03,02:00:01,fdxng,52,Now this is my kind of news photo [NSFW],ekstrabladet.dk,http://ekstrabladet.dk/sport/fodbold/landsholdsfodbold/article1498124.ece
2011-02-03,05:17:04,fe25m,37,WikiLeaks: US and China in military standoff over space missiles ,telegraph.co.uk,http://www.telegraph.co.uk/news/worldnews/wikileaks/8299495/WikiLeaks-US-and-China-in-military-standoff-over-space-missiles.html
2011-02-02,16:30:57,fdotr,29,WikiLeaks' documents reveal more 9/11 suspects,independent.co.uk,http://www.independent.co.uk/news/world/americas/wikileaks-documents-reveal-more-911-suspects-2201668.html
2011-02-02,16:38:43,fdox8,25,Yemen's leader says he won't stand for re-election or pass the presidency to his son,nytimes.com,http://www.nytimes.com/2011/02/03/world/middleeast/03yemen.html
2011-02-02,21:46:27,fdsfo,23,"ElBaradei accuses Egyptian govt of ""scare tactics"" ""My fear is that it will turn into a bloodbath,"" he added, calling the pro-Mubarak demonstrators a ""bunch of thugs"".",reuters.com,http://www.reuters.com/article/2011/02/02/egypt-elbaradei-bbc-idUSLDE7111J720110202
2011-02-02,09:46:21,fdhrg,21,"BAGHDAD — Security forces linked to Iraqi Prime Minister Nouri al-Maliki are operating a ""secret detention site"" and elite teams are torturing detainees at a separate facility, Human Rights Watch charged on Tuesday.",rawstory.com,http://www.rawstory.com/rs/2011/02/iraq-operating-secret-prison/
2011-02-03,06:09:28,fe38s,22,"""Well, it is simple really.  The global elite install a new puppet that they control (such as ElBaradei), and then they get him to agree to huge new loans from the IMF or the World Bank to “fix” the broken Egyptian economy.""",blacklistednews.com,http://blacklistednews.com/40-Percent-Of-Egyptians-Live-On-2-Dollars-A-Day-Or-Less-And-The-Global-Elite-Like-It-That-Way-/12535/0/5/5/Y/M.html
2011-02-03,06:37:20,fe3oe,22,Raw Video: Dramatic New Images of Pro-Mubarak Thugs attacking Pro-Democracy protestors with camels and horses,youtube.com,http://www.youtube.com/watch?v=xcjJsg8AD2g
2011-02-02,14:18:46,fdn0g,21,"The cries of loathing for Mubarak are becoming familiar, the posters ever more intriguing. ""Neither Mubarak, nor Suleiman, and we don't need you Obama – but we don't dislike USA...""",belfasttelegraph.co.uk,http://www.belfasttelegraph.co.uk/opinion/columnists/robert-fisk/egyptians-march-together-with-one-goal-as-mubarak-clings-to-power-15070945.html
2011-02-03,04:39:18,fe1bt,19,WikiLeaks nominated for Nobel Peace Prize,reuters.com,http://www.reuters.com/article/2011/02/02/us-nobel-wikileaks-idUSTRE7115QP20110202?WT.tsrc=Social%20Media&WT.z_smid=twtr-reuters_%20com&WT.z_smid_dest=Twitter
2011-02-02,11:44:36,fdk1d,13,"Australians flee, jam shelters ahead of catastrophic cyclone
| Reuters",reuters.com,http://www.reuters.com/article/2011/02/02/us-australia-cyclone-idUSTRE70U16S20110202
2011-02-03,02:49:13,fdyum,13,"Egypt: Reporters Under Attack - Al Jazeera targeted specifically
		
		The Daily Dish | By Andrew Sullivan",andrewsullivan.theatlantic.com,http://andrewsullivan.theatlantic.com/the_daily_dish/2011/02/reporters-under-attack.html
2011-02-03,05:58:14,fe30k,12,"Berlin commune eviction results in arrests and huge protests. Eviction of Liebig 14 former squat in Friedrichshain takes five hours and 2,500 police to counter protesters.",guardian.co.uk,http://www.guardian.co.uk/world/2011/feb/02/berlin-squat-eviction-arrests-liebig-friedrichshain
2011-02-03,01:03:22,fdwbk,13,Pro-Mubarak supporters surround and beat the hell out of Andersen Cooper and his CNN crew. ,mediaite.com,http://www.mediaite.com/tv/anderson-cooper-and-cnn-crew-attacked-by-pro-mubarak-mob-in-egypt/
2011-02-02,23:28:00,fdua8,13,Four people including a Muslim cleric have been arrested in Bangladesh in connection with the death of 14-year-old girl who was publicly lashed.,bbc.co.uk,http://www.bbc.co.uk/news/world-south-asia-12344959
2011-02-03,07:58:19,fe57h,11,"Anderson Cooper ""attacked"" [VIDEO] -- Can any Arabic-speaking Redditors tell us what they're yelling at him?",cnn.com,http://www.cnn.com/video/?/video/world/2011/02/02/ac360.anderson.attacked.cnn
