2011-01-20,06:14:36,f5e4q,1076,"The WikiLeaks disclosures are significant precisely because they expose govt deceit, wrongdoing and brutality, but the damage to innocent people has been deliberately and wildly exaggerated - fabricated - by the very people whose misconduct has been revealed.",salon.com,http://www.salon.com/news/opinion/glenn_greenwald/2011/01/19/wikileaks/index.html
2011-01-20,20:52:32,f5rnu,1039,"After failed peace talks, US aid to Israel questioned: Despite giving Israel $3 billion in military aid a year, US lacks leverage",globalpost.com,http://www.globalpost.com/dispatch/israel-and-palestine/110116/israel-us-military-aid-palestinians
2011-01-20,14:54:09,f5ni6,438,"What Does Wikileaks Have on Bank of America?: BofA now moving into high gear on damage control, creating a ""war room"" to fight off an upcoming release of WikiLeak documents",alternet.org,http://www.alternet.org/economy/149555/what_does_wikileaks_have_on_bank_of_america/
2011-01-20,23:55:50,f5usu,269,"Brisbane Floods before and after, super slick interface",abc.net.au,http://www.abc.net.au/news/infographics/qld-floods/beforeafter2.htm
2011-01-21,05:33:43,f623m,192,British Prime Minister demands release of Blair’s secret letters to Bush on Iraq War,rawstory.com,http://www.rawstory.com/rs/2011/01/british-inquiry-iraq-war-demands-blair-release-secret-letters-bush/
2011-01-20,06:30:22,f5egd,139,SURPRISE! Dictator responsible for killing thousands has charges filed against him because he was dumb enough to return home to Haiti expecting a hero's welcome,miamiherald.com,http://www.miamiherald.com/2011/01/18/2022539/charges-filed-against-ex-dictator.html
2011-01-20,17:57:20,f5prk,81,Private letters between Tony Blair and President George Bush ahead of the war in Iraq were kept so secret that they had to be destroyed.,telegraph.co.uk,http://www.telegraph.co.uk/news/newstopics/politics/tony-blair/8269707/Secret-Tony-Blair-and-George-Bush-Iraq-letters-were-kept-out-of-official-records.html
2011-01-21,02:56:43,f5ypz,79,"Under Paris -  
Strap on a helmet, explore the tunnels beneath Paris. Where you may encounter bones, rats, geologists, mushrooms, bachelor parties, pockets of explosive gas, and a pond in the foundations of the Opera used for training firemen",ngm.nationalgeographic.com,http://ngm.nationalgeographic.com/2011/02/paris-underground/shea-text
2011-01-21,02:02:55,f5xhk,64,"WikiLeaks: Ireland ignored public opposition to suspected US rendition flights through its territory, and looked for ways to co-operate with alleged US abuses while avoiding liability and political fallout",wlcentral.org,http://wlcentral.org/node/996
2011-01-20,23:07:41,f5tt4,48,"Canada: Harper Government Orders National Archives to Show Movie Critical of Iran After It Was Cancelled Because of Threats
",nationalpost.com,http://www.nationalpost.com/news/Heritage+Minister+orders+Archives+show+Iran+documentary/4132876/story.html
2011-01-21,03:57:25,f601d,40,"Ask A Tunisian -  
Super-helpful interview with Anis Allagui, Tunisian expat living in North America, who gives a simple, clear, apparently well-informed explanation of recent events in his home country. Key point: so far, the army are the good guys",wrongingrights.blogspot.com,http://wrongingrights.blogspot.com/2011/01/ask-tunisian.html
2011-01-21,06:01:28,f62oa,37,Berlusconi in deep trouble as call girl wiretaps rock Italy,ibtimes.com,http://www.ibtimes.com/articles/102477/20110119/berlusconi-silvio-italy-sex-teenage-call-girl-minor-prosecution-prime-minister-wiretaps.htm
2011-01-21,07:54:21,f64u2,40,"For years prohibitionists, including the DEA, have claimed that the tolerant marijuana policies of the Netherlands have made that nation a nest of crime and drug abuse. But now the country is to close 8 prisons for lack of criminals.",vorige.nrc.nl,http://vorige.nrc.nl/international/article2246821.ece/Netherlands_to_close_prisons_for_lack_of_criminals
2011-01-20,09:18:34,f5hnu,34,Two million young Italians not studying nor working,news.yahoo.com,http://news.yahoo.com/s/nm/20110119/lf_nm_life/us_italy_young
2011-01-20,15:57:23,f5oe8,36,British woman held in Dubai over love triangle case on possible charges of sex outside marriage – a criminal offence in the UAE,telegraph.co.uk,http://www.telegraph.co.uk/news/worldnews/middleeast/dubai/8269824/British-woman-held-in-Dubai-over-love-triangle-case.html
2011-01-20,09:56:13,f5ict,37,25 Tons of Bombs Wipe Afghan Town Off Map | Danger Room | Wired.com,wired.com,http://www.wired.com/dangerroom/2011/01/25-tons-of-bombs-wipes-afghan-town-off-the-map/?utm_source=feedburner&utm_medium=feed&utm_campaign=Feed%3A+wired%2Findex+%28Wired%3A+Index+3+%28Top+Stories+2%29%29
2011-01-20,18:58:59,f5qes,33,"South Korean government buries one million pigs 
alive",news.sky.com,http://news.sky.com/skynews/Home/World-News/South-Korea-One-Million-Pigs-Buried-Alive-In-Foot-And-Mouth-Outbreak-Mass-Criticism/Article/201101115887024
2011-01-20,01:30:00,f57ue,30,Finland to ban 'aggressive begging' --  an attempt to curb the presence of Roma beggars on city streets.,swedishwire.com,http://www.swedishwire.com/nordic/8150-finland-to-ban-aggressive-begging
2011-01-21,03:19:02,f5z7p,30,Israeli Investigation Finds IDF Soldiers Did Nothing Wrong During Gaza Peace Boat Massacre - First part of Turkel report on lethal flotilla raid in May 2010 expected to rule that troops acted properly during takeover of Turkish ship; experts say world unlikely to endorse findings.,ynetnews.com,"http://www.ynetnews.com/articles/0,7340,L-4016792,00.html"
2011-01-21,01:59:04,f5xew,25,"Spain treating Google like a magazine publisher, may force them to censor search results",searchengineland.com,https://searchengineland.com/spain-to-google-anyone-can-potentially-censor-your-index-61819
2011-01-20,13:14:51,f5lw9,23,China's economy grows 10.3 per cent - Business - Al Jazeera English,english.aljazeera.net,http://english.aljazeera.net/business/2011/01/201112034442909992.html
2011-01-21,05:30:42,f621o,20,"Violent Seismic Activity Tearing Africa in Two -  in recent months, seismic activity has accelerated in northeastern Africa as the continent breaks apart in slow motion. ",spiegel.de,"http://www.spiegel.de/international/world/0,1518,740641,00.html"
2011-01-21,07:42:12,f64lw,20,"Downing Street ordered a 'Cover up' over Straw's bid to talk Blair out of Iraq invasion, explosive new evidence reveals",dailymail.co.uk,http://www.dailymail.co.uk/news/article-1349084/Downing-Street-ordered-Cover-Straws-bid-talk-Blair-Iraq-invasion-explosive-new-evidence-reveals.html?ito=feeds-newsxm
2011-01-21,01:08:15,f5wac,16,"While You Were Reading About Ukrainian Nurses …
Real news was buried in WikiLeaks -- like this revealing cable on Iran's nuclear ambitions",foreignpolicy.com,"http://www.foreignpolicy.com/articles/2011/01/19/while_you_were_reading_about_ukrainian_nurses?page=0,0"
2011-01-20,18:53:52,f5qdb,13,"Oops, France intercepted its own riot gear shipment for Ben Ali- Fedex late for democracy efforts
 ",reuters.com,http://www.reuters.com/article/idUSTRE70I2II20110119
2011-01-20,21:56:42,f5sjc,16,"Tunisia ministers quit ruling party, political prisoners freed ",csmonitor.com,http://www.csmonitor.com/World/Backchannels/2011/0120/Tunisia-ministers-quit-ruling-party-political-prisoners-freed
2011-01-20,23:52:05,f5uq7,17,"Italian soldier killed by Afghan counterpart - An Italian soldier who was killed this week in western Afghanistan was shot by an Afghan soldier, not by insurgents as originally reported, NATO said Thursday.",news.yahoo.com,http://news.yahoo.com/s/ap/20110120/ap_on_re_as/as_afghanistan
2011-01-20,21:22:36,f5s2s,13,"Gangster 'El Pachis' is dead after gunfight, Mexico police claim",chron.com,http://www.chron.com/disp/story.mpl/world/7389446.html
2011-01-21,05:56:33,f62kj,12,New tapes show teenager's romps with Italy prime minister Silvio Berlusconi - NYPOST.com,nypost.com,http://www.nypost.com/p/entertainment/sex_lies_and_wiretaps_KN4wnSapWwvd0Kl0Txb8zO?sms_ss=reddit&at_xt=4d38af7f74b1adb9%2C0
2011-01-20,22:46:01,f5tds,10,"Brazil Gets More Rain; Flood Death Toll Hits 727
",cbsnews.com,http://www.cbsnews.com/stories/2011/01/20/world/main7264147.shtml?tag=stack
