2011-08-11,08:44:22,jf4k7,1886,"Google admits handing over European user data to US intelligence agencies, most likely in violation of European Union data protection laws",news.softpedia.com,http://news.softpedia.com/news/Google-Admits-Handing-over-European-User-Data-to-US-Intelligence-Agencies-215740.shtml
2011-08-11,20:20:02,jflde,1768,"Oh dear... David Cameron wants to stop people using social networks if they are using it for ""ill"" and is asking the police if they need new powers to do this.",plus.google.com,https://plus.google.com/115169704078744705450/posts/3SaicHi6xGB
2011-08-11,00:01:21,jemob,210,"London Riots: 'Bleeding, I Called 999. A Tired Man Told Me To Go Home' --- ""Unlike Los Angeles or Paris, the riots are not happening in ghettos where nobody goes. They are happening amid the organic gastropubs and latte bars. The hardening of liberal opinion in London is palpable""",telegraph.co.uk,http://www.telegraph.co.uk/news/uknews/crime/8692429/London-riots-Bleeding-I-called-999.-A-tired-man-told-me-to-go-home.html
2011-08-12,03:01:20,jfwi6,205,"Broadcasters defy Cameron's call to hand riots footage to police. BBC and ITN say police must follow proper procedure of obtaining court order to avoid compromise of editorial standards
",guardian.co.uk,http://www.guardian.co.uk/media/2011/aug/11/broadcasters-cameron-riots-footage-police
2011-08-11,12:42:36,jfbur,207,"Is News Corp In Charge of Fox? Or Vice Versa? Even Rupert Murdoch is Afraid of Roger Ailes. ""You know Roger is crazy,"" Murdoch recently told a colleague, shaking his head in disbelief. ""He really believes that stuff.""",guardian.co.uk,http://www.guardian.co.uk/media/2011/aug/10/roger-ailes-fox-news-murdoch
2011-08-11,01:35:12,jepx2,165,China releases 600 million bees to combat moths,physorg.com,http://www.physorg.com/news/2011-08-china-million-bees-combat-moths.html
2011-08-11,00:55:28,jeois,149,"After the fourth night of riots in England, observers are asking what is behind the wave of violence. German commentators argue that the unrest reflects a deep-seated malaise at the heart of British society.",spiegel.de,"http://www.spiegel.de/international/europe/0,1518,779413,00.html"
2011-08-12,02:40:46,jfvru,135,"Finland joins the Ottawa Convention, banning the use 
of anti-personnel land mines.",yle.fi,http://www.yle.fi/uutiset/news/2011/08/finland_to_give_up_anti-personnel_landmines_2784201.html
2011-08-11,12:34:53,jfbmo,123,"A Mexican terrorist organization sent an explosive device to a professor due to his research in nanotechnology. The group claims to be against the ""nanotechnology revolution"" in fear of a nanomachine take over that will mean the end of civilization",miamiherald.com,http://www.miamiherald.com/2011/08/08/2350831/package-bomb-injures-2-mexico.html
2011-08-12,02:24:13,jfv82,96,The Gorbachev Files: Secret Papers Reveal Truth Behind Soviet Collapse,spiegel.de,"http://www.spiegel.de/international/europe/0,1518,779277,00.html"
2011-08-11,05:51:29,jeyzr,91,Migration of men from Armenia leaves whole villages almost entirely populated by women,bbc.co.uk,http://www.bbc.co.uk/news/world-europe-14386472
2011-08-12,04:56:22,jg0l2,91,"
The British media is a gang of hypocrites, says China's state-run magazine Global Times in wake of riots.
",globalpost.com,http://www.globalpost.com/dispatches/globalpost-blogs/the-rice-bowl/chinas-state-run-media-do-london-riots-amount-revolution
2011-08-12,06:25:19,jg3pq,67,Cameron Denies Poverty as a Cause for Riots in London,msnbc.msn.com,http://www.msnbc.msn.com/id/44110295/ns/world_news-europe/
2011-08-11,23:19:51,jfp8d,69,Britain considers mask ban; may use army if unrest continues,boingboing.net,http://boingboing.net/2011/08/11/britain-considers-mask-ban-may-use-army-to-suppress-future-unrest.html?utm_source=feedburner&utm_medium=feed&utm_campaign=Feed%3A+boingboing%2FiBag+%28Boing+Boing%29&utm_content=FaceBook
2011-08-11,19:06:44,jfk8e,64,UK tells Iran happy to talk human rights after riot criticism,af.reuters.com,http://af.reuters.com/article/worldNews/idAFTRE77A10V20110811
2011-08-11,09:19:20,jf5o3,59,Riots: Tiny Sikh news station coverage shames major TV channels,guardian.co.uk,http://www.guardian.co.uk/media/2011/aug/10/birmingham-riots-sangat-tv
2011-08-11,23:17:54,jfp5v,62,"Israel to build 1,600 more settler homes as a response to country's economic protests. 2,700 more homes will be approved shortly",english.aljazeera.net,http://english.aljazeera.net/news/middleeast/2011/08/2011811105540180655.html
2011-08-11,22:24:19,jfnsu,53,"With budget cuts leading to the loss of facilities that kept many inner-city youths occupied, experts predict a rise in crime (July 29)",guardian.co.uk,http://www.guardian.co.uk/uk/2011/jul/29/young-people-gangs-youth-clubs-close
2011-08-11,23:16:09,jfp47,47,Hostage situation at the Estonian Ministry of Defence,news.err.ee,http://news.err.ee/60aded6d-cc91-494e-a099-4f4c88fa499d
2011-08-11,08:37:44,jf4ct,48,"Secret network of racists exposed in Denmark, preparing for a ‘showdown’ with immigrants and ‘traitors’.",socialistworld.net,http://www.socialistworld.net/doc/5225?utm_source=twitterfeed&utm_medium=facebook
2011-08-11,08:21:21,jf3wo,45,Water cannons now in effect for London riots,telegraph.co.uk,http://www.telegraph.co.uk/news/uknews/crime/8694401/London-riots-water-cannons-to-be-used-on-sick-society.html
2011-08-11,13:06:51,jfcjt,38,Many London rioters were from the middle and upper classes,smh.com.au,http://www.smh.com.au/world/wellheeled-join-downtrodden-in-looting-spree-20110811-1insa.html
2011-08-11,09:36:24,jf670,36,Anarchy and Austerity: Why London Won't Be the Last City to Burn,theatlantic.com,http://www.theatlantic.com/business/archive/2011/08/anarchy-and-austerity-why-london-wont-be-the-last-city-to-burn/243435/
2011-08-11,09:41:59,jf6d8,34,"Israel approves guidelines for medical marijuana
",globalpost.com,http://www.globalpost.com/dispatches/globalpost-blogs/the-casbah/israel-approves-use-medical-marijuana
2011-08-12,04:55:54,jg0kd,30,Norway's killer may have filmed his massacre,globalpost.com,http://www.globalpost.com/dispatch/news/regions/europe/110811/norway-killer-camera-filmed-massacre
2011-08-11,16:40:25,jfhs2,30,"London rioters: a primary school worker, a postman, an 11-yr old boy w/2 phones, millionaires daughter",dailymail.co.uk,http://www.dailymail.co.uk/news/article-2024396/London-riots-2011-Primary-school-worker-postman-boy-11-looters-court.html
2011-08-11,21:16:16,jfmbv,30,"Why Are They Using Baseball Bats Instead of Cricket Bats in the U.K. Riots?
",slate.com,http://www.slate.com/id/2301314/
2011-08-12,05:38:28,jg23l,25,Shock over 'respectable' lives behind masks of UK rioters - CNN.com,cnn.com,http://www.cnn.com/2011/WORLD/europe/08/11/ukriots.accused/index.html?hpt=hp_c1
2011-08-12,03:20:43,jfx6a,26,Protesters overrun Libyan embassy in Sweden: Police storm Stockholm embassy after a group of men overtook the building in apparent protest against Muammar Gaddafi.,english.aljazeera.net,http://english.aljazeera.net/news/europe/2011/08/20118111681677814.html
2011-08-11,18:29:41,jfjm6,23,"Brazil spends 0.4 % of its GDP on its widely admired social safety net program, yet it has a bigger impact shrinking inequality than far costlier programs. Its creator is to become head of the UN food organisation. ",hosted.ap.org,http://hosted.ap.org/dynamic/stories/L/LT_BRAZIL_HUNGERS_HERO?SITE=TXHOU&SECTION=HOME&TEMPLATE=DEFAULT
