2011-04-04,16:13:59,gi5rz,2142,"UN set to recognize Palestine as a sovereign nation, including all of the West Bank and Gaza. ",nytimes.com,http://www.nytimes.com/2011/04/03/world/middleeast/03mideast.html
2011-04-04,03:26:36,ghr7n,1363,"Defiant Japanese Boat Captain Rode Out Tsunami: ""I talked to my boat and said you've been with me 42 years. If we live or die, then we'll be together, then I pushed on full throttle . . . I climbed the wave like a mountain. When I thought I had got to the top, the wave got even bigger.""",cnn.com,http://www.cnn.com/2011/WORLD/asiapcf/04/03/japan.tsunami.captain/index.html
2011-04-05,02:08:27,giftj,607,"Ai Weiwei, an outspoken critic of the Chinese government and China’s best-known artist, is missing. His whereabouts are unknown after being detained by police. His arrest is part of a wider government crackdown on dissidents in which many have been criminally detained, arrested, or disappeared.",bbc.co.uk,http://www.bbc.co.uk/news/world-asia-pacific-12954811
2011-04-04,05:54:25,ghtzf,582,Japanese Mayor Pleads for His Starving Town,youtube.com,http://www.youtube.com/watch?v=ui1GIxzesik
2011-04-04,18:19:37,gi7b4,223,"Tepco prepares to dump 11,500L of radioactive water 
into the Pacific",bbc.co.uk,http://www.bbc.co.uk/news/world-asia-pacific-12954664
2011-04-04,02:19:02,ghpz0,178,Ivory Coast Crisis - 1000 killed in a single day in village of Duekoue.,telegraph.co.uk,http://www.telegraph.co.uk/news/8423651/Ivory-Coast-aid-workers-find-1000-bodies-in-Duekoue.html
2011-04-05,05:37:45,gil7r,167,"French and UN helicopters have fired on military camps operated by Ivory Coast incumbent leader Laurent Gbagbo, in an effort to halt attacks on civilians.",bbc.co.uk,http://www.bbc.co.uk/news/world-africa-12960308
2011-04-04,16:20:56,gi5w3,130,"Muslim Brotherhood advocates Egyptian modesty police -- Call adds to concerns among liberals that the country is going Islamic after attacks on Muslim mystic tombs, Christians",jpost.com,http://www.jpost.com/MiddleEast/Article.aspx?id=215050
2011-04-05,03:28:47,gihy4,84,Russian journalist attacked by man after failed pick up attempt. Calls cops only to find out the man is the local police chief...,rt.com,http://rt.com/news/prime-time/policeman-attacks-female-journalist/
2011-04-05,01:49:56,gifcp,71,"France: The prevailing sentiment among opponents of the government's debate on religion is that the government is exploiting division, fear of Islam and xenophobia for political gain.",globalpost.com,http://www.globalpost.com/dispatch/news/regions/europe/france/110327/veil-ban-religion-debate-nicolas-sarkozy
2011-04-04,23:18:36,gibob,60,"Gaddafi wants truce with rebels, seeks Turkey to mediate",english.aljazeera.net,http://english.aljazeera.net//news/europe/2011/04/201144103344723978.html
2011-04-04,12:18:54,gi1js,57,61% of Israeli voters over 55 would support a peace deal. Only 37% under 35 would approve. Worrying.,nybooks.com,http://www.nybooks.com/blogs/nyrblog/2011/mar/21/young-israelis-turn-right/?utm_source=feedburner&utm_medium=feed&utm_campaign=Feed%3A+nybooks+%28The+New+York+Review+of+Books%29
2011-04-04,12:49:40,gi226,53,2 Qaddafi Sons Are Said to Offer Plan to Push Father Out and Create Democracy,nytimes.com,http://www.nytimes.com/2011/04/04/world/africa/04libya.html?hp
2011-04-05,06:42:28,gimtv,56,Operation Payback: Anon to target Sony in row over information sharing.,tremblinguterus.blogspot.com,http://tremblinguterus.blogspot.com/2011/04/operation-sony.html
2011-04-05,07:04:53,gindh,44,Norway's Parliament has agreed to the EU data directive,dagbladet.no,http://www.dagbladet.no/2011/04/04/kultur/datalagringsdirektivet/personvern/data_og_teknologi/politikk/16072501/
2011-04-05,01:33:02,gieww,41,Muslims in France Ask to Use Empty Churches ,hudson-ny.org,http://www.hudson-ny.org/2003/muslims-france-empty-churches
2011-04-04,23:04:51,gibdv,36,Bodies of victims in 2009 Air France flight 447 found in underwater wreckage,cnn.com,http://www.cnn.com/2011/WORLD/europe/04/04/france.jet.wreckage/index.html
2011-04-04,22:47:33,gib1l,39,"Troops fire on Yemen protest, murdering at least 6 civilians",huffingtonpost.com,http://www.huffingtonpost.com/2011/04/04/yemen-protest-6-killed_n_844358.html
2011-04-05,02:44:24,gigsr,36,Tsunami dog reunited with owner,bbc.co.uk,http://www.bbc.co.uk/news/world-asia-pacific-12960965
2011-04-05,04:03:05,giirr,31,First shots fired from UN/French forces in the Ivory Coast,news.yahoo.com,http://news.yahoo.com/s/ap/20110404/ap_on_re_af/af_ivory_coast
2011-04-05,03:49:47,giigk,32,Head of U.N. Panel Regrets Saying Israel Intentionally Killed Gazans,nytimes.com,http://www.nytimes.com/2011/04/03/world/middleeast/03goldstone.html
2011-04-04,22:01:32,gia4f,35,"Fukushima officials want to release 11,500 tons of radioactive water into the ocean. That's classified as over 100 times more radioactive than legal limits",theatlanticwire.com,http://www.theatlanticwire.com/global/2011/04/tepco-release-11500-tons-radioactive-water-ocean/36308/
2011-04-04,09:27:00,ghy2g,32,"Thousands are missing in Mexico - 
A Mexican human rights group says more than 5,000 people have been reported missing since the War on Drugs began",bbc.co.uk,http://www.bbc.co.uk/news/world-latin-america-12948840
2011-04-04,11:34:51,gi0nz,31,"Syrian cell phones, internet down",khaleejtimes.com,http://www.khaleejtimes.com/DisplayArticle09.asp?xfile=data/middleeast/2011/April/middleeast_April36.xml&section=middleeast
2011-04-05,00:06:37,gicqx,27,"In 8 year fight against ""Al Qaeda"", Saudi Arabia detained almost 12,000 people.",globalpost.com,http://www.globalpost.com/dispatch/news/regions/middle-east/saudi-arabia/110403/saudi-arabia-al-qaeda-terrorism-arrests
2011-04-04,20:33:16,gi8u7,26,Some still refuse to leave Fukushima exclusion zone. New pictures have emerged from inside the 20km exclusion zone around Japan's Fukushima nuclear power plant. ,bbc.co.uk,http://www.bbc.co.uk/news/world-asia-pacific-12887366
2011-04-04,14:49:13,gi4cf,23,Libya Warns Of Disaster If 'Great Man-Made River' Hit,france24.com,http://www.france24.com/en/20110403-libya-warns-disaster-great-man-made-river-hit
2011-04-04,20:58:17,gi95l,24,Don't trust nuclear claims of TEPCO / Japanese government? How about the actions of the US military? They are recommending evacuation of US children from Japan.,stripes.com,http://www.stripes.com/news/pacific/japan/families-frustrated-by-lack-of-answers-from-yokosuka-hospital-1.139699
2011-04-04,19:15:52,gi7yc,23,Protesters shot dead in southern Yemen. At least 10 anti-government protesters die as troops stationed on rooftops open fire.,english.aljazeera.net,http://english.aljazeera.net/news/middleeast/2011/04/2011449582611447.html
2011-04-05,00:28:55,gida0,19,"GPs must return flu vaccine over narcolepsy fears  -  
Scientists have linked drug to sleep disorder",independent.ie,http://www.independent.ie/health/swine-flu/gps-must-return-flu-vaccine-over-narcolepsy-fears-2607513.html
