2011-09-05,11:57:14,k4y10,893,"Iceland says it was ""bullied"" over bank debt: Iceland's president accused European countries on Sunday of having bullied it into agreeing to guarantee repayment of the debts of a failed bank, reviving a dispute with Britain and the Netherlands whose citizens are owed billions.",reuters.com,http://www.reuters.com/article/2011/09/04/us-iceland-idUSTRE78324Z20110904
2011-09-05,14:03:36,k51mk,701,Tony Blair is one of Rupert Murdoch's 'closest friends' and godfather to his daughter as revealed by Murdoch's wife,guardian.co.uk,http://www.guardian.co.uk/politics/2011/sep/05/tony-blair-murdoch-family-fold
2011-09-05,00:05:32,k4eck,526,Angst for the educated: A university degree no longer confers financial security,economist.com,http://www.economist.com/node/21528226
2011-09-05,11:02:30,k4wia,484,World War II in Photos: The North African Campaign (45 photos),theatlantic.com,http://www.theatlantic.com/infocus/2011/09/world-war-ii-the-north-african-campaign/100140/
2011-09-05,11:52:46,k4xx0,391,"Over 60% of deforested areas in Brazilian Amazon are used for grazing cattle, while only 5% is used for agriculture, finds new government study - ""Having less than 1 head of cattle per hectare is unacceptable.   It's a waste..."" ",physorg.com,http://www.physorg.com/news/2011-09-deforested-amazon-cattle.html
2011-09-05,21:23:14,k5a5j,272,"Eighteen dead, more than 50 missing and half a million evacuated as Typhoon Talas rips through Japan


",dailymail.co.uk,http://www.dailymail.co.uk/news/article-2033590/Eighteen-dead-50-missing-half-million-evacuated-Typhoon-Talas-rips-Japan.html
2011-09-05,05:53:31,k4nxt,246,Rome monuments attacked by vandals,bbc.co.uk,http://www.bbc.co.uk/news/world-europe-14782948
2011-09-05,04:06:48,k4kvh,215,Palestinians Expect 140 Nations to Back Bid,bloomberg.com,http://www.bloomberg.com/news/2011-09-04/palestinians-expect-140-countries-to-back-its-statehood-bid-shaath-says.html
2011-09-05,05:19:38,k4mz5,146,"Japan pummeled again: typhoon rages through western Japan, at least 20 dead",smh.com.au,http://www.smh.com.au/environment/weather/typhoon-rages-through-western-japan-20110905-1jsrx.html
2011-09-05,12:40:42,k4zai,140,Turkish navy to escort aid ships to Gaza.,haaretz.com,http://www.haaretz.com/news/diplomacy-defense/report-turkey-navy-to-escort-aid-ships-to-palestinians-in-gaza-1.382305
2011-09-06,04:07:22,k5lf9,136,"


5 people, including managers of 2 companies, have been charged with dumping toxic waste into China's Chachong Reservoir that could affect the drinking water for tens of millions of people",cbc.ca,http://www.cbc.ca/news/technology/story/2011/09/05/china-chemical-dumping-arrests.html?cmp=rss
2011-09-06,01:33:42,k5g92,104,Council of Europe demands truth on CIA 'black sites',edition.cnn.com,http://edition.cnn.com/2011/WORLD/europe/09/05/europe.cia.rendition/index.html?hpt=hp_t2
2011-09-06,06:11:44,k5pd6,88,Syria’s brave demonstrators: What makes unarmed protesters defy snipers and tanks for months?,economist.com,http://www.economist.com/node/21526927
2011-09-05,15:08:16,k538n,66,"Tony Blair revealed as godfather to Rupert Murdoch's daughter: In an interview with Vogue, Wendi Murdoch reveals that Tony Blair godfathered one of her daughters when they were baptized in the River Jordan. ",spectator.co.uk,http://www.spectator.co.uk/coffeehouse/7214933/tony-blairrevealedto-begodfather-to-one-of-rupert-murdochs-children.thtml
2011-09-05,22:26:20,k5bah,62,Are Turkey and Israel on a collision course?,english.aljazeera.net,http://english.aljazeera.net/programmes/insidestory/2011/09/2011959271726254.html
2011-09-05,14:20:05,k521f,61,A retired Russian Police officer has been charged for organising the 2006 murder of journalist Anna Politkovskaya-,en.wikinews.org,http://en.wikinews.org/wiki/Retired_Russian_policeman_charged_in_journalist_Anna_Politkovskaya%E2%80%99s_murder?utm_source=feedburner&utm_medium=feed&utm_campaign=Feed%3A+WikinewsLatestNews+%28Wikinews+Latest+News%29
2011-09-05,19:26:21,k587p,48,Rendition apology demanded from MI6 and CIA by Libyan,bbc.co.uk,http://www.bbc.co.uk/news/uk-14784365
2011-09-05,13:27:46,k50nw,50,It is revealed that Former Prime Minister Tony Blair is godfather to Rupert Murdoch's daughter.,telegraph.co.uk,http://www.telegraph.co.uk/news/politics/tony-blair/8740530/Tony-Blair-is-godfather-to-Rupert-Murdochs-daughter.html
2011-09-06,00:58:51,k5f5y,48,Turkey to sign strategic alliance with Egypt,ynetnews.com,"http://www.ynetnews.com/articles/0,7340,L-4117727,00.html"
2011-09-05,10:37:03,k4vsm,47,"Iran arrests teenagers for staging public waterfight, calling it 'very ugly immoral acts.'",ynetnews.com,"http://www.ynetnews.com/articles/0,7340,L-4117742,00.html"
2011-09-05,17:53:15,k56mm,40,Israeli passengers arriving in Turkey detained by local police after their passports taken away from them,ynetnews.com,"http://www.ynetnews.com/articles/0,7340,L-4117910,00.html"
2011-09-05,10:09:56,k4v09,34,"Radioactive Waste is Piling Up in Japanese Sewage Treatment Plants, Some Sold as Fertilizer",treehugger.com,http://www.treehugger.com/files/2011/09/radioactive_was.php
2011-09-05,22:53:02,k5bs9,27,Roasted crickets and toasted ants – coming to you courtesy of EU research millions,telegraph.co.uk,http://www.telegraph.co.uk/news/worldnews/europe/eu/8739313/Roasted-crickets-and-toasted-ants-coming-to-you-courtesy-of-EU-research-millions.html
2011-09-06,06:10:27,k5pbq,24,"Two German men who disappeared in Afghanistan last month have been found dead, officials in Parwan province say.",bbc.co.uk,http://www.bbc.co.uk/news/world-south-asia-14787092
2011-09-05,20:43:48,k59g5,21,Free speech row after Jerusalem Post sacks writer over blog post   ,thenational.ae,http://www.thenational.ae/news/worldwide/middle-east/free-speech-row-after-jerusalem-post-sacks-writer-over-blog-post
2011-09-06,05:35:38,k5o7i,20,Private German company involved in talks to take over British hospitals... ,guardian.co.uk,http://www.guardian.co.uk/society/2011/sep/04/german-company-takeover-nhs-hospitals
2011-09-06,03:57:20,k5l2y,19,"Iranian Government Helped Hackers Issue Bogus Security Certificates for the CIA, Google, Microsoft and Twitter",msnbc.msn.com,http://www.msnbc.msn.com/id/44399668#.TmUbDWqvvkg
2011-09-06,00:46:50,k5es0,18,"China denies report, says it did not sell weapons to Libya",cnn.com,http://www.cnn.com/2011/WORLD/africa/09/05/libya.war/index.html?hpt=hp_t2
2011-09-05,22:15:06,k5b2x,15,The EU wants to get people to eat insects. A new way to solve food shortages which could also help save the environment,smh.com.au,http://www.smh.com.au/entertainment/restaurants-and-bars/waiter-theres-a-fly-in-my-soup--and-bugs-on-the-menu-20110904-1jslo.html
2011-09-06,07:23:11,k5rlw,15,"450 days after the election there's still no government in Belgium. ""Yes We Can""",independent.co.uk,http://www.independent.co.uk/news/world/europe/450-days-after-the-election-theres-still-no-government-in-belgium-2349681.html
