2011-11-15,11:45:58,mcn0g,1480,What We Can Learn From the Dutch About Teen Sex,healthland.time.com,http://healthland.time.com/2011/11/14/mind-reading-what-we-can-learn-from-the-dutch-about-teen-sex/
2011-11-15,21:50:10,md252,1333,Syria's 'bloodiest day' leaves scores dead:  At least 70 people reportedly killed over past 24 hours as security forces clash with defectors.,aljazeera.com,http://www.aljazeera.com/news/middleeast/2011/11/2011111585457536920.html
2011-11-15,18:36:16,mcygn,485,Israel continues withholding on $100M in taxes owed to Palestinians ,taiwannews.com.tw,http://www.taiwannews.com.tw/etn/news_content.php?id=1759356
2011-11-15,11:54:57,mcndv,234,Egyptian women’s group calls on men to try the veil,observers.france24.com,http://observers.france24.com/content/20111114-egypt-egyptian-women-group-calls-men-try-veil-islamist-cairo-facebook-harassment-pressure
2011-11-16,02:57:23,mdd94,166,Hacking Update: At Least 28 Murdoch Employees Appear In PI’s Detailed Notes ,deadline.com,http://www.deadline.com/2011/11/hacking-update-at-least-28-murdoch-employees-appear-in-pis-detailed-notes/
2011-11-15,19:53:41,mczub,161,China peace prize awarded to Russia's Putin,google.com,http://www.google.com/hostednews/afp/article/ALeqM5h8X2blm7SXVR2D3sq0UoXy-S6MTg?docId=CNG.13bcd354306d913044060705d2298554.921
2011-11-15,22:25:02,md32s,160,"Deutsche Bank CEO under investigation for giving false testimony:  Prosecutors are investigating the head of Germany's biggest bank, Josef Ackermann, on charges that he gave false testimony during the 2002 bankruptcy trial of German media tycoon Leo Kirch.",dw-world.de,"http://www.dw-world.de/dw/article/0,,15532159,00.html"
2011-11-15,22:09:00,md2mq,102,"Swiss police on Tuesday evicted anti-banker protesters from the Lindenhof, an ancient square in one of the oldest parts of Zurich ",reuters.com,http://www.reuters.com/article/2011/11/15/us-switzerland-protests-idUSTRE7AE0UG20111115
2011-11-15,12:15:03,mco7d,78,"China Tightens Media Grip, insisting that media outlets don’t report on stories that appear in social media until they’ve been verified. 
",the-diplomat.com,http://the-diplomat.com/china-power/2011/11/15/china-tightens-media-grip/?utm_source=feedburner&utm_medium=feed&utm_campaign=Feed%3A+the-diplomat+%28The+Diplomat+RSS%29&utm_content=Google+Reader
2011-11-16,02:52:27,mdd1c,78,WikiLeaks founder Julian Assange launches new extradition appeal,monstersandcritics.com,http://www.monstersandcritics.com/news/europe/news/article_1675388.php/WikiLeaks-founder-Julian-Assange-launches-new-extradition-appeal
2011-11-15,11:56:06,mcnfa,64,"Interview With Iranian Foreign Minister: 'We Are Prepared for Everything' - Iranian Foreign Minister Ali Akbar Salehi, 62, dismisses accusations that Iran is building a nuclear bomb as Western propaganda and accuses Tehran's enemies of waging a secret war against it. ",spiegel.de,"http://www.spiegel.de/international/world/0,1518,797620,00.html"
2011-11-15,20:57:09,md117,57,Europeans accuse Berlin of using the euro crisis to boost German power,globalpost.com,http://www.globalpost.com/dispatch/news/regions/europe/111114/germany-fourth-reich-euro-zone-dominance
2011-11-15,10:23:34,mcjld,56,Mossad linked to massive explosion at Iranian facility,guardian.co.uk,http://www.guardian.co.uk/world/2011/nov/14/israel-mossad-iran-blast?CMP=NECNETTXT8187
2011-11-15,19:13:55,mcz43,51,"Radioactive soil in Japan unsafe for farming, say scientists ... after taking a second look",globalpost.com,http://www.globalpost.com/dispatch/news/regions/asia-pacific/japan/111115/japan-radioactive-soil-unsafe-farming
2011-11-16,01:25:12,md9hd,48,"Less Than 1% of Sharks Caught in Atlantic Protected - 
Most shark species are still being caught & killed despite heading towards extinction, Oceana report says",guardian.co.uk,http://www.guardian.co.uk/environment/2011/nov/15/atlantic-shark-species-conservation
2011-11-15,16:44:49,mcwjf,50,"Mongolia bids to keep city cool with 'ice shield' experiment - 
Geoengineering trial aims to 'store' winter temperatures in a giant block of ice that will cool & water Ulan Bator in summer ",guardian.co.uk,http://www.guardian.co.uk/environment/2011/nov/15/mongolia-ice-shield-geoengineering
2011-11-16,02:05:06,mdb3b,42,Israel allows building material into Gaza for first time since 2006,english.ahram.org.eg,http://english.ahram.org.eg/~/NewsContent/2/8/26626/World/Region/Israel-allows-building-material-into-Gaza-for-firs.aspx
2011-11-15,20:57:34,md11e,34,President Obama is expected to announce a troop presence in Australia,globalpost.com,http://www.globalpost.com/dispatch/news/regions/americas/united-states/111111/us-marines-barack-obama-australia-troops-vietnam
2011-11-15,17:07:31,mcwy4,39,Pakistan puts hand up for Aussie uranium,abc.net.au,http://www.abc.net.au/news/2011-11-15/pakistan-puts-hand-up-for-aussie-uranium/3673234
2011-11-16,00:47:27,md7y3,36,"Five years later: Mogadishu little changed: Five years after channel's launch, Al Jazeera returns to Somali capital and finds people still living in fear.",aljazeera.com,http://www.aljazeera.com/video/africa/2011/11/2011111511201295744.html
2011-11-15,10:12:21,mcj46,35,"Hokey Pokey --- 

Fund manager discusses continuing euro crisis. ""There is no way to meaningfully restructure Italian debt without wiping out the capital base of Europe's banks, and forcing the nationalization of the entire European banking system"" ",hussmanfunds.com,http://www.hussmanfunds.com/wmc/wmc111114.htm
2011-11-15,11:17:04,mcluc,25,"Deadly protest over chemical plant in northern Egypt.  One dead and at least 11 people injured in clashes between army and protesters, who have sealed off the port town of Damietta.  Protests, that have lasted six days, are against pollution from existing plant and plans to build two more.",bbc.co.uk,http://www.bbc.co.uk/news/world-middle-east-15717127
2011-11-16,06:46:23,mdmo5,22,Israeli officials lied to Gaza ship crew,rte.ie,http://www.rte.ie/news/2011/1115/gaza.html
2011-11-15,19:46:44,mczpm,18,Egyptian activist’s nude self-portrait causes online fury,washingtonpost.com,http://www.washingtonpost.com/blogs/arts-post/post/egyptian-activists-nude-self-portrait-causes-online-fury/2011/11/14/gIQA0xb9KN_blog.html
2011-11-15,23:12:59,md4lw,20,"Germany's Central Bank against the World - Jens Weidmann, the new president of Germany's Bundesbank, is strongly opposed to making the European Central Bank the lender of last resort in efforts to prop up the Euro. It's a lonely fight, however, and the pressure from Germany's partners is intense.",spiegel.de,"http://www.spiegel.de/international/europe/0,1518,797666,00.html"
2011-11-15,00:19:52,mbwfl,20,"Jordan's king is the first in the region to urge Assad to step down
",aljazeera.com,http://www.aljazeera.com/news/middleeast/2011/11/20111114135535307262.html
2011-11-15,15:28:13,mcuwg,18,"India Ink: In Mumbai, the $50,000 Slum Shack",india.blogs.nytimes.com,http://india.blogs.nytimes.com/2011/11/15/in-mumbai-the-50000-slum-shack/
2011-11-16,06:47:22,mdmpy,16,"In Sweden, there is now a generation of kids who've never been spanked. ",cnn.com,http://www.cnn.com/2011/11/09/world/sweden-punishment-ban
2011-11-16,04:32:11,mdh2k,18,Turkish PM says Syria on 'knife edge': Scores of people reported killed over the past 24 hours in one of the country's bloodiest days of violence.,aljazeera.com,http://www.aljazeera.com/news/middleeast/2011/11/2011111519930296211.html
2011-11-16,04:32:16,mdh2r,16,Libyans find undeclared chemical arsenal,ft.com,http://www.ft.com/intl/cms/s/0/cb58d48e-0ef5-11e1-b83c-00144feabdc0.html#axzz1do9p5Nou
