2011-10-31,21:01:21,lv3vq,1670,UNESCO gives Palestinians full membership,news.yahoo.com,http://news.yahoo.com/unesco-votes-palestinian-membership-today-100818310.html;_ylt=A2KLJK2Vmq5OzyUARXH59XQA;_ylu=X3oDMTQzNzE1c2I2BG1pdANBcnRpY2xlIFRvcFN0b3JpZXMEcGtnAzVhYmFjZTQ1LWE5MzQtMzQ3NS1iMGJkLTBkYTA0NDc1YmYzOQRwb3MDNARzZWMDTWVkaWFTZWN0aW9uTGlzdAR2ZXIDYzNhNzllNzAtMDNiZC0xMWUxLTlmY2YtNWZhYjJkYWMwNTJj;_ylg=X3oDMTJyZGJmbjlhBGludGwDdXMEbGFuZwNlbi11cwRwc3RhaWQDZWRjZjM0ZjYtZWJkNS0zN2FhLWFmNTEtNDA1MjQzNDZhM2Q2BHBzdGNhdANwb2xpdGljcwRwdANzdG9yeXBhZ2U-;_ylv=3
2011-10-31,04:03:28,lucfy,1599,"British Prime Minister threatens to withhold international aid from ""anti-gay"" countries",bbc.in,http://bbc.in/twNWo3
2011-10-31,22:38:22,lv6ma,962,"Fast cars and loose fiscal morals: there are more Porsches in Greece than taxpayers declaring 50,000 euro incomes'.",blogs.telegraph.co.uk,http://blogs.telegraph.co.uk/finance/ianmcowie/100012894/fast-cars-and-loose-fiscal-morals-there-are-more-porsches-in-greece-than-taxpayers-declaring-50000-euro-incomes/
2011-10-31,00:03:49,lu5bs,798,More revelations on the official police-spread malware that Germany's Chaos Computer Club discovered in the wild and reverse engineered: pretty much everything the German police said in their defense turns out to be a lie!,boingboing.net,http://boingboing.net/2011/10/30/fresh-german-police-malware-uncovered-everything-the-police-said-in-defense-to-date-revealed-as-lies.html
2011-10-31,19:20:34,lv1vx,300,"Anonymous hackers threaten Mexican drug cartel: Hacker group says it will expose identity of Zetas gang and supporters in retaliation for the kidnapping of a group member
",guardian.co.uk,http://www.guardian.co.uk/world/2011/oct/31/anonymous-hackers-mexican-drug-cartel
2011-11-01,01:16:40,lvcrr,149,"The destroyed Fukushima nuclear plant in Japan was responsible for the biggest discharge of radioactive material into the ocean in history, a study from a French nuclear safety institute said.",businessweek.com,http://www.businessweek.com/news/2011-10-31/fukushima-plant-released-record-amount-of-radiation-into-sea.html
2011-11-01,04:57:47,lvm1f,138,US withdraws Unesco funding after it accepts Palestinian membership ,telegraph.co.uk,http://www.telegraph.co.uk/news/worldnews/middleeast/palestinianauthority/8860951/US-withdraws-Unesco-funding-after-it-accepts-Palestinian-membership.html
2011-10-31,21:50:46,lv55b,126,"Palestine secures seat in UNESCO despite US threats: The US, Canada, Germany and Israel voted against the bid. Russia, China and France voted in favor... and the UK abstained",rt.com,http://rt.com/news/palestine-unesco-membership-vote-181/
2011-10-31,21:15:52,lv47w,105,UNESCO approves Palestinian membership bid,english.aljazeera.net,http://english.aljazeera.net//news/middleeast/2011/10/2011103172551498181.html
2011-10-31,14:32:42,luwxk,107,"One ""Mystery Man"" with radiation detector and bike Tweets two major radiation hotspots in Tokyo authorities confirm.",ajw.asahi.com,http://ajw.asahi.com/article/behind_news/social_affairs/AJ2011103016136
2011-10-31,21:14:20,lv46g,78,Unesco Approves Full Membership for Palestinians,nytimes.com,http://www.nytimes.com/2011/11/01/world/middleeast/unesco-approves-full-membership-for-palestinians.html
2011-11-01,02:32:04,lvfxh,79,Greece to hold bailout referendum,bbc.co.uk,http://www.bbc.co.uk/news/world-europe-15526719
2011-10-31,11:43:57,luryp,76,"London's Met police using surveillance system to monitor mobile phones: ... covering an area of 10 sq km, the system forces hundreds of mobile phones per minute to release their unique IMSI and IMEI identity codes, which can be used to track a person's movements in real time.'",guardian.co.uk,http://www.guardian.co.uk/uk/2011/oct/30/metropolitan-police-mobile-phone-surveillance
2011-11-01,02:21:17,lvfh4,75,"The Shadow Superpower --- 
Introduction to the shadow economic world of ""System D"", or ""l'economie de la débrouillardise."" A black market economy, free of regulation and taxation. With 1.8 billion jobs and a $10 trillion global market, is it the future?",foreignpolicy.com,http://www.foreignpolicy.com/articles/2011/10/28/black_market_global_economy?page=full
2011-11-01,02:13:51,lvf5w,70,"An Australian man visiting China made a ""horrifying"" discovery at a restaurant in the southern city of Guangzhou: a caged live koala, on sale and available ""braised or stewed."" ",globalpost.com,http://www.globalpost.com/dispatches/globalpost-blogs/weird-wide-web/china-restaurant-braised-koala-guangdong
2011-10-31,11:52:32,lus8o,70,"China arrests 12,000 in online drug bust ",english.aljazeera.net,http://english.aljazeera.net/news/asia-pacific/2011/10/2011103019207811220.html?utm_content=automateplus&utm_campaign=Trial6&utm_source=SocialFlow&utm_term=tweets&utm_medium=MasterAccount
2011-10-31,23:31:55,lv8l2,61,Greeks threatened with power cuts if they fail to pay property tax,guardian.co.uk,http://www.guardian.co.uk/world/2011/oct/30/greeks-threatened-with-power-cuts
2011-11-01,03:08:11,lvhe8,48,UNESCO votes to admit Palestine; U.S. cuts off funding - The Washington Post,washingtonpost.com,http://www.washingtonpost.com/world/national-security/unesco-votes-to-admit-palestine-over-us-objections/2011/10/31/gIQAMleYZM_story.html
2011-10-31,08:57:46,lum6w,48,"London cops recording movements & association with mobile tracking device: ""blanket & indiscriminate""",boingboing.net,http://boingboing.net/2011/10/30/london-cops-indiscriminately-recording-movements-association-with-mobile-tracking-device.html?utm_source=feedburner&utm_medium=feed&utm_campaign=Feed%3A+boingboing%2FiBag+%28Boing+Boing%29
2011-10-31,12:10:54,lusv0,44,"Experts say it will take at least 30 years to close Japan’s tsunami-hit nuclear power plant
",washingtonpost.com,http://www.washingtonpost.com/world/asia-pacific/experts-say-it-will-take-at-least-30-years-to-close-japans-tsunami-hit-nuclear-power-plant/2011/10/30/gIQA1fnkXM_story.html?wprss=rss_world
2011-11-01,00:21:46,lvajq,39,Man jailed for posting sex images of ex-partner online,bbc.co.uk,http://www.bbc.co.uk/news/uk-england-nottinghamshire-15522222
2011-10-31,10:28:05,lupbj,37,Live koalas being sold at Chinese restaurant,smh.com.au,http://www.smh.com.au/travel/travel-news/braised-koala-gets-traveller-stewing-20111031-1mr6u.html
2011-10-31,21:51:41,lv562,38,Palestinians win seat at Unesco,globalpost.com,http://www.globalpost.com/dispatch/news/regions/europe/france/111031/unesco-vote-palestinian-membership
2011-11-01,00:48:02,lvbk6,38,China denies it is behind hacking of U.S. satellites,reuters.com,http://www.reuters.com/article/2011/10/31/us-china-us-hacking-idUSTRE79U1YI20111031
2011-10-31,09:31:15,luncb,35,Citizens in In Kyrgyzstan are going to the polls in the first democratic presidential election in the region since the fall of the Soviet Union.,english.aljazeera.net,http://english.aljazeera.net/indepth/features/2011/10/201110301531263183.html
2011-10-31,21:21:41,lv4cm,33,"Is China's bubble bursting? -- As bankruptcy-driven disappearances and suicides haunt Wenzhou, we check in with leading China debt expert Victor Shih.
",globalpost.com,http://www.globalpost.com/dispatch/news/regions/asia-pacific/china/111028/chinas-bubble-bursting
2011-10-31,23:13:58,lv7vr,23,Libya militia 'terrorises' pro-Gaddafi town of Tawargha,bbc.co.uk,http://www.bbc.co.uk/news/world-africa-15517894
2011-10-31,09:19:36,lumxq,26,Iran formally complains to US over plot charges,hosted.ap.org,http://hosted.ap.org/dynamic/stories/U/US_US_IRAN?SITE=AP&SECTION=HOME&TEMPLATE=DEFAULT
2011-10-31,21:44:42,lv4zb,23,Settlement Protest: Germany Threatens To Halt Submarine Sale to Israel,spiegel.de,"http://www.spiegel.de/international/germany/0,1518,794991,00.html"
2011-10-31,11:20:14,lur4n,24,Mexican shopping centre shoot-out - armed gang members in Cabo San Lucas run into shopping mall ,bbc.co.uk,http://www.bbc.co.uk/news/world-latin-america-15517135
