2011-11-23,22:23:00,mmq49,1861,"James Murdoch resigns as director of Sun, Times and Sunday Times",telegraph.co.uk,http://www.telegraph.co.uk/news/uknews/leveson-inquiry/8888091/Leveson-Inquiry-live.html
2011-11-23,01:21:38,mln0v,1553,Afghan woman's choice: 12 years in jail or marry her rapist and risk death,edition.cnn.com,http://edition.cnn.com/2011/11/22/world/asia/afghanistan-rape/index.html?hpt=ias_c1
2011-11-23,21:08:37,mmoac,1258,"Portugal decriminalized all drug use in 2000. Since then, contrary to expectations, drug use hasn't risen significantly - and use among adolescents decreased. ",aljazeera.com,http://www.aljazeera.com/indepth/opinion/2011/11/201111211444824612.html
2011-11-23,15:09:51,mmhpa,607,Murdoch's News Corp accused of trying to bribe Australian senator,guardian.co.uk,http://www.guardian.co.uk/media/2011/nov/23/murdoch-news-corp-senator-bribe
2011-11-23,10:07:42,mm7pc,444,"Egyptian Army Captain joins revolutionaries in Tahrir, says the armed forces belong to the people, and ""should never be above the people."", and attempts to pass constitutional amendments that put the military council above the rest of Egyptian society are ""a very dangerous issue.""",english.ahram.org.eg,"http://english.ahram.org.eg/NewsContent/1/64/27311/Egypt/Politics-/Breaking-Army-Captain-Ahmed-Shoman-joins-Tahrir,-s.aspx"
2011-11-24,00:00:53,mmt86,396,"Canadian RCMP watch porn on the job instead of investigating missing women. Harassed female officer and shared their 'fantasy' with her: ""They wanted to see Willie Pickton escape from prison, track me down and strip me naked, string me up on a meat hook and gut me like a pig.""",theprovince.com,http://www.theprovince.com/news/Cops+watched+porn+skipped+work+instead+investigating+missing+women+Galliford/5752470/story.html
2011-11-23,04:12:48,mlu4m,303,"Tear Gas in Tahrir Square - 
""I haven’t felt such clarion will since the revolution. It feels like another one may be beginning… "" - “Everyone is angry. You can sense it. Everyone has lost patience. The more violent they are, the more people come.”




    
",newyorker.com,http://www.newyorker.com/online/blogs/wendell-steavenson/2011/11/tahrir-again.html
2011-11-23,23:24:03,mmryj,172,"Russia Prepares to ‘Destroy’ U.S. Shield, Medvedev Says - Businessweek",businessweek.com,http://www.businessweek.com/news/2011-11-23/russia-prepares-to-destroy-u-s-shield-medvedev-says.html
2011-11-23,00:30:31,mll11,166,"Uganda – the Coffee King Desperate for a Downpour - Villagers have no scientific understanding of why it's hotter & there's less rain, but they instinctively believe it's because there are fewer trees. Though among the lowest polluters in the world, they argue they should plant more trees.


",guardian.co.uk,http://www.guardian.co.uk/environment/blog/2011/nov/22/uganda-coffee-climate-change?intcmp=122
2011-11-23,17:40:59,mmkta,148,Thailand lese majeste man jailed for 20 years. A man who sent text messages deemed insulting to Thailand's monarchy has been jailed for 20 years.,bbc.co.uk,http://www.bbc.co.uk/news/world-asia-15850068
2011-11-23,12:26:29,mmcjw,131,Peruvian mayor claims metal in the drinking water is making his town gay,wisconsingazette.com,http://www.wisconsingazette.com/breaking-news/peruvian-mayor-says-contaminated-water-is-making-his-town-gay.html
2011-11-23,20:07:28,mmn5e,108,African Union declares the Lord's Resistance Army terrorists,globalpost.com,http://www.globalpost.com/dispatch/news/regions/africa/111123/au-lords-resistance-army-terrorists/?reddit
2011-11-23,20:20:31,mmnd5,99,Signal picked up from Russia's stranded Mars probe,bbc.co.uk,http://www.bbc.co.uk/news/science-environment-15850516
2011-11-23,13:30:13,mmert,88,"Landmine use 'highest since 2004' despite record clearances:  More countries deployed anti-personnel mines last year than in any year since 2004, an international survey of landmines has found.",bbc.co.uk,http://www.bbc.co.uk/news/world-asia-15849477
2011-11-24,07:12:47,mn9pf,76,"The Turkish prime minister, Recep Tayyip Erdogan, has apologised for the killing of more than 13,000 Kurds by the Turkish military in the late 1930s. ",bbc.co.uk,http://www.bbc.co.uk/news/world-europe-15857429
2011-11-23,09:31:13,mm6gf,73,"Libyan PM snubs Islamists, names cabinet of secularists.",guardian.co.uk,http://www.guardian.co.uk/world/2011/nov/22/libyan-prime-minister-abdulrahman-el-keib
2011-11-23,23:09:09,mmrhj,70,Turkish PM apologizes over 1930s killings of Kurds,news.yahoo.com,http://news.yahoo.com/turkish-pm-apologizes-over-1930s-killings-kurds-115137515.html
2011-11-23,18:12:22,mmld1,65,"Mining tax a step closer for Australia after passing lower house - 

30% levy on the biggest profits from minerals boom will fund infrastructure, pensions & business tax cuts",guardian.co.uk,http://www.guardian.co.uk/world/2011/nov/23/mining-tax-australia-passes-house
2011-11-24,04:28:21,mn3m5,62,MOSCOW (AP) — Russia's president threatened on Wednesday to deploy missiles to target the U.S. missile shield in Europe if Washington fails to assuage Moscow's concerns about its plans,news.yahoo.com,http://news.yahoo.com/medvedev-russia-may-target-us-missile-shield-153037003.html
2011-11-23,01:07:48,mlmht,61,General Strike to be held in Greece,ajc.com,http://www.ajc.com/business/greek-workers-to-hold-1237499.html
2011-11-23,22:49:52,mmqx2,55,Clandestine photos from Syria – Some of the few that made it out of the country,lemonde.fr,http://www.lemonde.fr/proche-orient/infographe/2011/11/23/syrie-photos-clandestines-d-un-massacre-a-huis-clos_1607977_3218.html#xtor=AL-32280258
2011-11-23,20:30:24,mmniw,48,"German 10-year bond auction a ""disaster""",reuters.com,http://www.reuters.com/article/2011/11/23/us-markets-bonds-bunds-idUSTRE7AM0Y920111123
2011-11-23,22:43:37,mmqr2,43,UNESCO Promotes Syria to Human Rights Position,weeklystandard.com,http://www.weeklystandard.com/blogs/unesco-promotes-syria-human-rights-position_609183.html
2011-11-24,01:01:12,mmvgm,45,"
The right to die in Canada: An emotional plea from a disabled woman reignites the debate",globalpost.com,http://www.globalpost.com/dispatch/news/regions/americas/canada/111121/right-to-die-assisted-suicide-euthanasia-british-columbia-quebec
2011-11-24,04:15:14,mn33a,37,"In West Africa, a Radio Station (Built From Podcasts)  - 
It's one of the most turbulent regions in the world. That's why West Africa Democracy Radio is promoting open society through their broadcasts they've hacked together from technology designed for music sharing ",fastcoexist.com,http://www.fastcoexist.com/1678873/in-west-africa-a-radio-station-built-from-podcasts-for-democracy
2011-11-23,10:04:29,mm7kp,39,Radioactive Cesium covers 8 percent of Japan,ajw.asahi.com,http://ajw.asahi.com/article/0311disaster/fukushima/AJ201111210014
2011-11-23,20:59:09,mmo2m,30,"China's factory sector shrank the most in 32 months in November on signs of domestic economic weakness, a preliminary PMI survey showed, reviving worries that China may be slipping toward a hard landing and fuelling fears of a global recession.",reuters.com,http://www.reuters.com/article/2011/11/23/us-china-pmi-hsbc-idUSTRE7AM08P20111123
2011-11-23,21:06:05,mmo86,30,Antibiotic Resistance Marching across Europe:  Multimillion-euro research initiative set up to address the problem.,scientificamerican.com,http://www.scientificamerican.com/article.cfm?id=antibiotic-resistance-marching
2011-11-24,01:13:14,mmvxm,31,South Africa's Parliament passes a bill that will severely restrict the ability of journalists to report any information deemed to be a government secret. ,nytimes.com,http://www.nytimes.com/2011/11/23/world/africa/south-african-parliament-to-vote-on-press-law.html
2011-11-24,00:49:39,mmv1f,31,Scenes From Egypt's Unfinished Revolution,theatlantic.com,http://www.theatlantic.com/infocus/2011/11/scenes-from-egypts-unfinished-revolution/100194/
