2011-03-17,20:51:16,g5s4s,1084,Raw video of an unarmed protester co-operating with riot police in Bahrain shot in the chest and head (NSFW). Need to spread the word.,youtube.com,http://www.youtube.com/watch?v=D9W_-0uGN1E&feature=player_embedded#at=22
2011-03-18,04:36:31,g5xnt,576,"Britain, France and US line up for airstrikes against Gaddafi: Security council expected to pass resolution calling for states to protect Libyan civilians",guardian.co.uk,http://www.guardian.co.uk/world/2011/mar/17/libya-no-fly-zone-united-nations
2011-03-17,12:08:15,g5n1p,408,"Julian Assange warned privately by Australian 
intelligence official about ''dirty tricks'' from the US 
intelligence community, including the possibility of 
sexual entrapment.",theage.com.au,http://www.theage.com.au/national/assange-told-of-asio-snooping-20110315-1bvyb.html
2011-03-17,12:18:09,g5n8s,285,Quebec Bans Fracking For Oil/Gas,montrealgazette.com,http://www.montrealgazette.com/technology/Quebec+will+longer+authorize+fracking/4451532/story.html
2011-03-17,11:37:01,g5mf4,266,"For me, this really hit home. I cried.",news.yahoo.com,http://news.yahoo.com/s/yblog_thelookout/20110316/ts_yblog_thelookout/dog-in-japan-stays-by-the-side-of-its-ailing-friend-in-the-rubble
2011-03-17,10:31:57,g5l6u,250,Obama administration will seek UN approval for air strikes on Libyan military targets seeking to create no-fly and no-drive zones,nytimes.com,http://www.nytimes.com/2011/03/17/world/africa/17diplomacy.html?_r=1&hp
2011-03-17,19:42:50,g5qve,240,"Riots across Pakistan after double murder-accused CIA agent Raymond Davis ""buys"" freedom",hindustantimes.com,http://www.hindustantimes.com/Riots-in-Pak-after-double-murder-accused-Davis-buys-freedom/H1-Article1-674403.aspx
2011-03-18,00:15:42,g5wl2,220,"Modern day hero: This guy decided not to wait for rescue workers. With a scuba suit on, he waded through flooded streets of Japn to rescue his wife, and later his mother. He continues to look for more survivors.",latimes.com,"http://www.latimes.com/news/nationworld/world/la-fg-japan-quake-scuba-20110317,0,7192950.story"
2011-03-18,06:35:02,g60xq,180,Security council Passes No Fly Zone resolution,businessinsider.com,http://www.businessinsider.com/un-security-council-libya-no-fly-zone-vote-2011-3
2011-03-18,06:00:35,g605y,165,"Canada - In a historic move, opposition MPs on a House of Commons committee have produced a draft report declaring the Harper government in contempt of Parliament.",theglobeandmail.com,http://www.theglobeandmail.com/news/politics/harper-government-in-contempt-of-parliament-draft-report-says/article1946464/
2011-03-17,09:03:15,g5jb1,168,"1st person view of the tsunami in Japan. I saw other angles, but this is unbelievable...",youtube.com,http://www.youtube.com/watch?v=GpuLlIrUYsI&feature=player_embedded
2011-03-17,02:22:24,g5b1u,117,"REBELS ARE CARRYING OUT MASSACRES AGAINST BLACK LIBYANS: ""We had 70 or 80 people from Chad working for our company. They cut them dead with pruning shears and axes, attacking them, saying you're providing troops for Gadhafi. The Sudanese, the Chadians were massacred. We saw it ourselves.""",blackagendareport.com,http://www.blackagendareport.com/content/race-and-arab-nationalism-libya
2011-03-18,04:59:17,g5yim,63,Gaddafi says he will attack civilian and military targets in the Mediterranean if there is any foreign military action against Libya.,af.reuters.com,http://af.reuters.com/article/topNews/idAFJOE72G0P620110317
2011-03-17,09:02:39,g5ja1,67,Helicopters Dropping Water On Reactor 3,educatedearth.org,http://www.educatedearth.org/nuclearjapan.php
2011-03-18,06:43:34,g6141,64,"UN authorises no-fly zone over Libya
",english.aljazeera.net,http://english.aljazeera.net/news/africa/2011/03/201131720311168561.html
2011-03-18,06:25:47,g60q3,51,"""The Air Force's super-stealthy F-22 Raptor fighters likely would see their first combat action if a no-fly zone is set up by the U.S. and its allies over Libya, a senior defense official [Air Force Chief of Staff Gen. Norton Schwartz] said Thursday [17 March 2011]."" ",thehill.com,http://thehill.com/news-by-subject/defense-homeland-security/150445-air-force-f-22-expected-to-be-used-in-early-days-of-any-libyan-no-fly-zone
2011-03-17,19:41:56,g5qv0,57,Problems with Transparency: EU eyes a halt to SWIFT data sharing with US,spiegel.de,"http://www.spiegel.de/international/europe/0,1518,751262,00.html"
2011-03-18,00:13:04,g5wiz,53,Japan tsunami as seen from inside a car hit by the wave,youtube.com,http://www.youtube.com/watch?v=Z7IL37t7Wjg
2011-03-17,21:03:35,g5scv,49,Israeli spy ring uncovered by Egyptian authorities.,haaretz.com,http://www.haaretz.com/news/diplomacy-defense/egypt-report-israeli-spy-ring-uncovered-by-egyptian-authorities-1.349651?localLinksEnabled=false
2011-03-17,20:16:14,g5rgx,43,"Searching for survivors in Otsuchi, Japan on March 15, 2011. Photo credit: REUTERS/Aly Song",cdn.theatlantic.com,http://cdn.theatlantic.com/static/infocus/jpq0316/j15_RTR2JWDS.jpg
2011-03-17,19:51:03,g5r0l,40,"Hillary Clinton said Bahrain and Saudi Arabia were ""on the wrong track"" and demanded that Bahrain show restraint with demonstrators and keep hospitals open",guardian.co.uk,http://www.guardian.co.uk/world/2011/mar/16/five-die-bahrain-crackdown
2011-03-18,05:55:49,g601q,44,Bahrain police killing people by drive by shootings. (video),youtube.com,http://www.youtube.com/watch?v=hDKruSCu0xE
2011-03-17,13:01:33,g5o1m,36,Riots in Pakistan after double murder-accused Davis ‘buys’ freedom,dailyindia.com,http://www.dailyindia.com/show/430127.php
2011-03-17,22:40:56,g5ude,36,Kentucky woman arrested for Bosnian war crimes; accused of torturing and murdering ethnic Serbs at prison camps,kentucky.com,http://www.kentucky.com/2011/03/17/1673578/woman-in-kentucky-arrested-on.html
2011-03-17,10:03:58,g5klr,32,"A Tibetan monk in western China set himself on fire in an anti-government protest, then was beaten and kicked by police, prompting hundreds of monks and others to rally.",news.yahoo.com,http://news.yahoo.com/s/ap/20110317/ap_on_re_as/as_china_tibet_self_immolation
2011-03-17,23:16:02,g5v68,35,"Video footage of the Fukushima plant from above, taken using a Tepco helicopter.It appears to show considerable damage, particularly to what the report identifies as the buildings housing reactors No 3 and 4.",youtube.com,http://www.youtube.com/watch?v=lBXqiw6EJUk&feature=player_detailpage
2011-03-18,06:17:04,g60is,31,"Found sitting silent in their classroom, the 30 children whose parents have not come for them....",dailymail.co.uk,http://www.dailymail.co.uk/news/article-1366898/Japan-tsunami-earthquake-30-children-sit-silent-classroom-parents-vanish.html
2011-03-18,05:24:44,g5zac,26,List of fearmongering Japan quake journalism. See something suspect? Submit it.,jpquake.wikispaces.com,http://jpquake.wikispaces.com/Journalist+Wall+of+Shame
2011-03-17,21:14:11,g5sju,28,One of the most serious health results of Fukushima is likely to be people all around the world making themselves ill by taking iodide pills unneccessarily.,theregister.co.uk,http://www.theregister.co.uk/2011/03/16/fukushima_wednesday/page2.html
2011-03-17,22:37:17,g5uam,21,"Reddit, this is from a Fukushima worker's blog post: ""We carried on ... with the realisation that this could be certain death.""",theatlanticwire.com,http://www.theatlanticwire.com/global/2011/03/fukushima-plant-workers-blog-post/35893/
