2011-09-02,10:43:50,k1yuy,1575,"Hacking’s Stunning Victim List - 
Scotland Yard has a list of 3,870 people whose phones were tapped. From the ""schoolboy killer"" to Prince William, the scandal's huge scope.",thedailybeast.com,http://www.thedailybeast.com/articles/2011/08/31/news-of-the-world-scandal-murderer-robert-thompson-s-phone-may-have-been-hacked.html
2011-09-02,20:55:51,k2d3v,974,Turkey Cuts Military Ties with Israel and Expels Israeli Ambassador,abcnews.go.com,http://abcnews.go.com/International/wireStory?id=14433830
2011-09-02,02:13:43,k1hfu,928,"New Zealand's ""Copyright Amendment Act"" went into effect today at midnight; anyone caught downloading copyrighted content illegally could face fines of up to $15,000 and have their Internet cut off",newstalkzb.co.nz,http://www.newstalkzb.co.nz/newsdetail1.asp?storyid=203738
2011-09-02,23:36:42,k2hkk,900,"UN Peacekeepers Traded Food for Sex - ""A random poll of 10 underage girls by aid group Save The Children U.K. in 2009 found that eight performed sexual acts for Benin peacekeepers on a regular basis in order to secure their most basic needs.""",forbes.com,http://www.forbes.com/feeds/ap/2011/09/01/general-af-ivory-coast-un-wikileaks_8654181.html
2011-09-03,01:42:42,k2m03,688,Wikileaks released ALL US diplomatic cables,wikileaks.ch,http://wikileaks.ch/cablegate.html
2011-09-02,19:53:59,k2c3l,256,Libyan Rebels round up black Africans,google.com,http://www.google.com/hostednews/ap/article/ALeqM5iblRNeV_KPO4UXlgsIpXDcXMeYyg?docId=b9fdc733d55e4d5c82d8434904e9233b
2011-09-03,05:11:48,k2tr7,257,Canadian Court Sides With Online Anonymity,activepolitic.com,http://activepolitic.com:82/blog/2011-09-02/Canadian_Court_Sides_With_Protected_Identity_Online.html
2011-09-03,02:41:49,k2o5n,192,"Internet can destroy Communist control over China, party supporters fear
",timesofindia.indiatimes.com,http://timesofindia.indiatimes.com/world/china/Internet-can-destroy-Communist-control-over-China-party-supporters-fear/articleshow/9838872.cms
2011-09-03,00:16:21,k2ivh,159,Wikileaks cable: UN peacekeepers in Ivory Coast traded food for sex with underage girls; are barred from serving in the UN following investigation ,washingtonpost.com,http://www.washingtonpost.com/world/africa/wikileaks-cable-un-peacekeepers-in-ivory-coast-traded-food-for-sex-with-underage-girls/2011/09/01/gIQA885PuJ_story.html
2011-09-02,12:21:49,k2241,153,Wikileaks Releases Entire 65 Gigabyte Uncensored Cablegate Archive (With Or Without Bank Of America Disclosure),zerohedge.com,http://www.zerohedge.com/news/wikileaks-releases-entire-65-gigabyte-uncensored-cablegate-archive-or-without-bank-america-disc
2011-09-03,05:04:49,k2ti9,118,Rupert Murdoch receives $12.5m bonus,guardian.co.uk,http://www.guardian.co.uk/media/2011/sep/02/rupert-murdoch-bonus
2011-09-02,02:10:26,k1hc6,122,"Indian and Pakistani troops exchange fire
",english.aljazeera.net,http://english.aljazeera.net/news/asia/2011/09/201191113222702357.html
2011-09-02,21:09:56,k2deu,117,"Turkey expels Israel envoy after Gaza flotilla report, freezes military ties: Speaking to reporters, Turkish FM says Anakra disagrees with Palmer Commission report's support of Israel's blockade of Gaza, intends to aid Turkish families of Gaza flotilla raid to file suit against Israel.",haaretz.com,http://www.haaretz.com/news/diplomacy-defense/turkey-expels-israel-envoy-after-gaza-flotilla-report-freezes-military-ties-1.382181
2011-09-02,22:47:52,k2ftr,100,WikiLeaks: MPAA behind Aussie ISP lawsuit (but don't tell anybody),arstechnica.com,http://arstechnica.com/tech-policy/news/2011/09/wikileaks-mpaa-behind-aussie-isp-lawsuit-but-dont-tell-anybody.ars?utm_source=feedburner&utm_medium=feed&utm_campaign=Feed%3A+arstechnica%2Findex+%28Ars+Technica+-+Featured+Content%29&utm_content=Google+Feedfetcher
2011-09-02,19:02:19,k2b9m,85,Speculating with Lives: How Global Investors Make Money Out of Hunger,spiegel.de,"http://www.spiegel.de/international/world/0,1518,783654,00.html"
2011-09-03,01:14:20,k2kyo,79,Mexican journalists found dead in Mexico City,guardian.co.uk,http://www.guardian.co.uk/world/2011/sep/02/mexican-journalists-found-dead
2011-09-02,21:30:09,k2dtz,69,EU agrees Syrian oil import ban,bbc.co.uk,http://www.bbc.co.uk/news/world-middle-east-14759416
2011-09-02,02:41:57,k1igj,68,U.N. Report Finds Israeli Blockade Legal but Raid Flawed - NYTimes.com,nytimes.com,http://www.nytimes.com/2011/09/02/world/middleeast/02flotilla.html?_r=1&hp
2011-09-02,22:16:13,k2ey8,50,"Germany's Bundesbank has issued a thundering denunciation of Europe's rescue policies and actions by the European Central Bank, alleging that EU treaty law has been ""completely gutted"".
",telegraph.co.uk,http://www.telegraph.co.uk/finance/financialcrisis/8736194/EU-law-gutted-by-bail-outs-growls-Bundesbank.html
2011-09-02,19:31:30,k2brx,50,"Russia, in swift about-face, recognizes Libyan rebels: The Kremlin opposed NATO's air war and called for negotiations between the rebels and Qaddafi. But its concern about keeping billion-dollar contracts with Libya seems to have caused the switch.",csmonitor.com,http://www.csmonitor.com/World/Europe/2011/0901/Russia-in-swift-about-face-recognizes-Libyan-rebels
2011-09-02,01:53:29,k1gqd,47,Muammar Gaddafi urges followers to turn Libya 'into a hell',guardian.co.uk,http://www.guardian.co.uk/world/2011/sep/01/muammar-gaddafi-libya-into-hell
2011-09-03,07:41:24,k2yvk,51,"China's village of the bachelors: no wives in sight in remote settlement - Surplus of males caused by preference for sons means poor subsistence farmers have no chance of finding a mate
",guardian.co.uk,http://www.guardian.co.uk/world/2011/sep/02/china-village-of-bachelors
2011-09-03,07:25:31,k2yco,45,"More arrests in Rupert Murdoch phone hacking scandal
",globalpost.com,http://www.globalpost.com/dispatch/news/regions/europe/united-kingdom/110902/more-arrests-phone-hacking-scandal
2011-09-02,08:58:47,k1vjv,35,"The race is on for Libya's oil, with Britain and France both staking a claim | The Guardian",guardian.co.uk,http://www.guardian.co.uk/world/2011/sep/01/libya-oil
2011-09-02,10:09:30,k1xrk,31,"Canada finds traces of doomed Arctic expedition - 
Explorers looking for 2 ships from the tragic 1845 Franklin expedition to Canada's Arctichave found personal effects from the voyage",scientificamerican.com,http://www.scientificamerican.com/article.cfm?id=canada-finds-traces-of-doomed-arcti
2011-09-02,20:28:31,k2cn9,27,Turkey Suspends Military Agreements With Israel and Expels Israeli Ambassador,washingtonpost.com,http://www.washingtonpost.com/world/middle-east/turkey-expels-israeli-ambassador-suspends-military-ties-with-israel-over-flotilla-raid/2011/09/02/gIQAdimCwJ_story.html
2011-09-02,09:46:40,k1x2b,26,PayPal explains it announced the decision to launch business in Russia by mistake,eng.cnews.ru,http://eng.cnews.ru/news/top/indexEn.shtml?2011/08/30/453281
2011-09-03,04:13:17,k2rk6,27,Indian Navy denies reports on confrontation with Chinese warship in South China Sea,articles.economictimes.indiatimes.com,http://articles.economictimes.indiatimes.com/2011-09-01/news/29953774_1_ins-airavat-south-china-sea-chinese-vessel
2011-09-02,08:56:23,k1vhp,24,Uncensored WikiLeaks cables posted to Web ,news.yahoo.com,http://news.yahoo.com/exposed-uncensored-wikileaks-cables-posted-111735438.html
2011-09-02,19:23:49,k2bnl,23,BBC News - Turkey expels Israeli ambassador over Gaza flotilla row,bbc.co.uk,http://www.bbc.co.uk/news/world-europe-14762475
