2011-06-09,01:58:27,huqy6,1518,The Netherlands first country to anchor net neutrality in law ,gigaom.com,http://gigaom.com/broadband/netherlands-new-law-will-ensure-net-neutrality/
2011-06-09,15:52:10,hvboj,1399,WikiLeaks: US knowingly supported rigged Haitian election,thenation.com,http://www.thenation.com/article/161216/wikileaks-haiti-cable-depicts-fraudulent-haiti-election
2011-06-09,03:08:08,hut0i,855,Nigeria: The Cost of Oil (In Photos),theatlantic.com,http://www.theatlantic.com/infocus/2011/06/nigeria-the-cost-of-oil/100082/
2011-06-09,13:20:21,hv8mo,774,"The nuclear fuel in three of the reactors at the Fukushima has melted through the base of the pressure vessels and is pooling in the outer containment vessels, a ""melt-through"" ""far worse than a core meltdown"" and ""the worst possibility in a nuclear accident"".",telegraph.co.uk,http://www.telegraph.co.uk/news/8565020/Nuclear-fuel-has-melted-through-base-of-Fukushima-plant.html
2011-06-09,18:21:52,hvdu9,245,"Gaddafi ordered mass rape as a weapon, International Criminal Court claims ",telegraph.co.uk,http://www.telegraph.co.uk/news/worldnews/africaandindianocean/libya/8564999/Gaddafi-ordered-mass-rape-as-a-weapon-International-Criminal-Court-claims.html
2011-06-10,02:22:40,hvnsj,237,Aussie Gay Bar Wins Right To Ban Women - A GAY venue in Collingwood has won the right to ban women to ensure its patrons are not subjected to attempts by predatory females to turn them straight. ,heraldsun.com.au,http://www.heraldsun.com.au/news/collingwoods-sircuit-bar-wins-right-to-ban-women/story-e6frf7jo-1226072643723
2011-06-09,12:48:00,hv7ys,206,New Zealand Justice Minister: Govt “Will Not Reconsider” Internet Disconnection,zeropaid.com,http://www.zeropaid.com/news/93667/kiwi-justice-minister-govt-will-not-reconsider-internet-disconnection/
2011-06-10,03:02:58,hvoy3,117,"France refuses citizenship to man for his ""degrading attitude"" toward women",globalpost.com,http://www.globalpost.com/dispatch/news/regions/europe/france/110609/sexist-sexism-misogyny-man-woman-polygamy-french-citizenship
2011-06-09,14:33:44,hva6g,102,"Autism diagnoses take South Korea by surprise -- Some families are in denial after U.S. and Korean researchers discover in a Seoul suburb the highest rate of autism ever measured in a general population.



",latimes.com,"http://www.latimes.com/news/nationworld/world/la-fg-korea-autism-20110608,0,6926317,full.story"
2011-06-09,01:58:48,huqyn,106,"North Korea defectors take to the ""Underground Railroad""",globalpost.com,http://www.globalpost.com/dispatch/news/regions/asia-pacific/thailand/110606/north-korean-defectors-thailand-refugees-underground-railroad
2011-06-09,15:17:15,hvb1y,83,Peru approves 10 year ban on GM crops.,gmwatch.org,http://www.gmwatch.org/latest-listing/1-news-items/13231-peru-approves-10-year-ban-on-gm-crops
2011-06-10,01:06:16,hvlnk,81,Canada's Auditor General slams government over secrecy on G8 spending plans,winnipegfreepress.com,http://www.winnipegfreepress.com/breakingnews/123543124.html?device=mobile
2011-06-09,06:01:33,huxz6,54,"Hedge funds use ""land grabs"" in Africa to boost their profits in the food and biofuel sectors. They've also displaced millions of farmers in the process.",bbc.co.uk,http://www.bbc.co.uk/news/world-africa-13688683
2011-06-09,09:42:46,hv3mn,54,"UK & other European countries must be forced by law to restock their seas so fishing industry has long-term future, demands the European Fisheries Commissioner",independent.co.uk,http://www.independent.co.uk/environment/nature/uk-should-be-made-to-restock-fishing-waters-2294936.html
2011-06-09,08:23:04,hv1sq,52," Fukushima nuclear plant may have suffered 'melt-through', Japan admits",guardian.co.uk,http://www.guardian.co.uk/world/2011/jun/08/fukushima-nuclear-plant-melt-through?CMP=twt_gu
2011-06-10,00:57:28,hvlds,45,Obama's secret War: Drone strikes renew in Yemen amidst civil unrest,nytimes.com,http://www.nytimes.com/2011/06/09/world/middleeast/09intel.html?smid=fb-nytimes&WT.mc_id=WO-SM-E-FB-SM-LIN-USI-060911-NYT-NA&WT.mc_ev=click
2011-06-09,04:51:02,huw0e,47,Missing gay blogger in Damascus Might be a hoax,thelede.blogs.nytimes.com,http://thelede.blogs.nytimes.com/2011/06/07/syrian-american-blogger-detained/
2011-06-09,12:34:20,hv7nu,33,"In Saudi Arabia, Royal Funds Buy Peace for Now --- The kingdom is spending $130 billion to pump up salaries, build housing and finance religious organizations, effectively neutralizing any opposition.",nytimes.com,http://www.nytimes.com/2011/06/09/world/middleeast/09saudi.html?hp
2011-06-10,04:52:49,hvs8r,26,European parliament refuses to release expenses report.,telegraph.co.uk,http://www.telegraph.co.uk/news/worldnews/europe/eu/8564124/European-parliament-refuses-to-release-expenses-report.html
2011-06-10,00:50:17,hvl56,22,Chile volcano's ash cloud forces flight cancellations across South America,bbc.co.uk,http://www.bbc.co.uk/news/world-latin-america-13717517
2011-06-10,01:27:26,hvm8u,22,"Pirate Bay, MegaUpload, and others blocked by Malaysian government order to ISPs",news.hitb.org,http://news.hitb.org/content/pirate-bay-megaupload-others-blocked-government-order
2011-06-09,22:55:56,hvi6o,23,Citigroup reports hundreds of thousands of breached online banking accounts.,dealbook.nytimes.com,http://dealbook.nytimes.com/2011/06/09/citigroup-card-customers-data-hacked/?hp
2011-06-10,04:49:50,hvs5l,23,"Toxic radioactive caesium has been found in sludge at a treatment plant in Fukushima, while radioactivity has also been found in sewage in Tokyo. ",abc.net.au,http://www.abc.net.au/news/stories/2011/06/08/3239184.htm?section=world
2011-06-10,02:02:25,hvn8v,19,Silvio Berlusconi's record. The man who screwed an entire country,economist.com,http://www.economist.com/node/18805327
2011-06-09,10:48:15,hv54u,16,Survey: strontium widespread in Fukushima,nhk.or.jp,http://www3.nhk.or.jp/daily/english/09_04.html
2011-06-10,02:59:28,hvoug,16,German Minister Denies US Request for Execution Drugs,spiegel.de,"http://www.spiegel.de/international/world/0,1518,767613,00.html"
2011-06-10,04:35:23,hvrpi,17,Radioactive strontium detected 62 km from Fukushima No. 1 plant: Shit's hitting the fan now.,search.japantimes.co.jp,http://search.japantimes.co.jp/cgi-bin/nn20110610a2.html
2011-06-10,06:42:33,hvv6j,16,Turkey prepares for Anonymous election attack - Wakes up to cyber threat ,techeye.net,http://www.techeye.net/security/turkey-prepares-for-anonymous-election-attack
2011-06-09,23:02:42,hviby,14,Video of 15 y.o. protester being tortured to death in Syria emerges,english.aljazeera.net,http://english.aljazeera.net/news/middleeast/2011/06/2011696563111657.html
2011-06-10,00:59:20,hvlfv,14,ICC: Evidence shows that Qaddafi ordered rape of hundreds,csmonitor.com,http://www.csmonitor.com/World/Middle-East/2011/0609/ICC-Evidence-shows-that-Qaddafi-ordered-rape-of-hundreds
