2011-01-30,04:19:43,fbgrn,1747,"Age old tactics coming into play: Al-Jazeera reports that looters on motorcycles have been apprehended by the crowds, turn out to carry government arms, ID's",huffingtonpost.com,http://www.huffingtonpost.com/social/Bolkonsky/new-egypt-government-to-b_1_n_815682_75618046.html
2011-01-30,16:58:03,fbql7,1599,"""State TV announces Al Jazeera's broadcasting license and press cards are being revoked. Our bureau is packing up. #jan25""",twitter.com,http://twitter.com/evanchill/status/31636096068620288
2011-01-31,04:46:05,fbypa,693,"Muslim Brotherhood accept Mohammed Elbaradei as leader of Opposition, declare the need for free and democratic elections - ""religious goals need to be put on the back-burner""",globalmbreport.com,http://globalmbreport.com/
2011-01-30,00:29:28,fbdab,489,Not cool - Looters destroy mummies in Egyptian Museum,reuters.com,http://www.reuters.com/article/2011/01/29/us-egypt-museum-idUSTRE70R7K820110129?feedType=RSS&feedName=scienceNews&utm_source=feedburner&utm_medium=feed&utm_campaign=Feed%3A+reuters%2FscienceNews+%28News+%2F+US+%2F+Science%29
2011-01-30,01:42:02,fbeay,486,"When it comes to politics, there is so much bad news. Here's some good news: The UK government is scrapping the ID cards and is destroying the National Identity Register",homeoffice.gov.uk,http://www.homeoffice.gov.uk/media-centre/news/id-cards-valid
2011-01-31,05:27:11,fbzdf,450,"Tell everyone: Egypt's revolution is sweet and peaceful
No one wants the Muslim Brotherhood to take over, no one wants violence – just elections and a new constitution",guardian.co.uk,http://www.guardian.co.uk/commentisfree/2011/jan/30/peaceful-revolution-egypt-muslim-brotherhood
2011-01-31,01:58:25,fbw09,421,Egyptian Army Intervenes To Protect Protesters From Police Brutality,youtube.com,http://www.youtube.com/watch?v=ibxVoGTeQ4w&feature=feedu
2011-01-31,06:35:03,fc0hz,328,"""The USA does not support democracy, they're supporting Israel, which is like their baby,"" said Ahmed, a 26-year-old Cairo resident. ""They think Egypt is functional because it's in favor of their considerations.""",jpost.com,http://www.jpost.com/MiddleEast/Article.aspx?id=205931
2011-01-30,02:47:15,fbfav,175,Footage of Egyptians being attacked and police vans driving over the top of people,liveleak.com,http://www.liveleak.com/view?i=aaf_1296315210
2011-01-30,23:47:49,fbu5d,162,Egyptian newspaper Al Masry Al Youm reports that Egypt's defence minister has joined protesters in Tahrir Square. ,almasryalyoum.com,http://www.almasryalyoum.com/en/news/egypts-minister-defense-joins-protesters-tahrir-square
2011-01-31,07:05:08,fc110,153,Protests Spread To Saudi Arabia,zerohedge.com,http://www.zerohedge.com/article/protests-spread-saudi-arabia
2011-01-31,02:08:06,fbw5j,146,Wikileaks ISP refuses data hand-out to Swedish government: Will run all customer traffic through an encrypted VPN service,techeye.net,http://www.techeye.net/internet/wikileaks-isp-moves-against-swedish-government
2011-01-30,15:12:38,fbpjs,122,Before the army arrived young Egyptians created a human chain at the museum's front gate to prevent looters from making off with any of the artifacts.,english.aljazeera.net,http://english.aljazeera.net/news/middleeast/2011/01/2011129175926266521.html
2011-01-31,00:07:32,fbudg,122,"A colleague in Sudan asked me to post his video of protests there. #Jan30, #Sudan, #Sudanjan30",youtube.com,http://www.youtube.com/watch?v=QEC_YoDF2_M
2011-01-31,00:25:39,fbumd,118,"The Syrians are watching:  In the tea shops and internet cafes of Damascus, Syrians are asking what events in Egypt may mean for them.",english.aljazeera.net,http://english.aljazeera.net/indepth/features/2011/01/2011129132243891877.html
2011-01-30,08:51:24,fbksq,108,It appears that the Tor network itself has gained bandwidth capacity and geographical scope thanks to people concerned with the situation in Egypt.,blog.torproject.org,https://blog.torproject.org/blog/recent-events-egypt
2011-01-31,02:53:48,fbwuz,99,Hillary Clinton says U.S. not pushing for ouster of Egyptian President Mubarak - Clinton makes clear in TV interviews Sunday that the United States is not demanding that President Hosni Mubarak step down. She also backs away from earlier threats to pull Egypt's billions of dollars in aid.,latimes.com,"http://www.latimes.com/news/nationworld/world/la-na-clinton-egypt-20110131,0,5160231.story"
2011-01-31,03:54:13,fbxsn,101,"“Regardless of the multiple attempts by the Egyptian authorities to deter and impede our reporting, Al Jazeera continues its comprehensive coverage of the landmark events unfolding in Egypt,” Wadah Khanfar, the news organisations's director general said.",english.aljazeera.net,http://english.aljazeera.net//news/middleeast/2011/01/2011130164532649572.html
2011-01-31,02:06:35,fbw4q,82,"China blocked the word ""Egypt"" from micro-blog searches in a sign that the Chinese government is concerned that protests calling for political reform in the country could spill into China's internet space.",af.reuters.com,http://af.reuters.com/article/egyptNews/idAFTOE70T00H20110130
2011-01-30,22:34:17,fbtce,82,Jewish settlers shoot 2 Palestinians,trust.org,http://www.trust.org/alertnet/news/jewish-settlers-shoot-2-palestinians-in-west-bank/
2011-01-30,23:27:38,fbtx4,44,"""No Arab and Muslim human being can bear that some infiltrators, in the name of freedom of expression, have infiltrated into the brotherly people of Egypt"" - Saudi King",english.aljazeera.net,http://english.aljazeera.net//news/middleeast/2011/01/201113014218302425.html
2011-01-30,21:19:36,fbsl5,42, Egypt: Death throes of a dictatorship ,independent.co.uk,http://www.independent.co.uk/opinion/commentators/fisk/robert-fisk-egypt-death-throes-of-a-dictatorship-2198444.html
2011-01-31,00:03:44,fbubw,42,Statues of Tutankhamun damaged/stolen from the Egyptian Museum,eloquentpeasant.com,http://www.eloquentpeasant.com/2011/01/29/statues-of-tutankhamun-damagedstolen-from-the-egyptian-museum/
2011-01-30,21:01:40,fbseb,37,EGYPT: Al Jazeera shutdown. Australian consular officials attempting to contact its citizens in Egypt directly. US reportedly telling citizens to leave. Is the crackdown about to commence?,australiantimes.co.uk,http://www.australiantimes.co.uk/news/Australians-warned--do-not-travel-to-Egypt
2011-01-30,09:13:36,fbl38,36,Hospital says police shooting to kill | Al-Masry Al-Youm: Today's News from Egypt,almasryalyoum.com,http://www.almasryalyoum.com/en/news/hospital-says-police-shooting-kill
2011-01-31,02:23:41,fbwd6,28,Elbaradei: No going back in Egypt - The former head of the International Atomic Energy Agency addresses defiant Cairo crowd.,english.aljazeera.net,http://english.aljazeera.net/news/middleeast/2011/01/2011130165636218719.html
2011-01-30,19:19:41,fbro8,30,18 Ways to Circumvent the Egyptians Governments' Internet Block,kanvaso.com,http://kanvaso.com/show/3JEX
2011-01-30,23:52:26,fbu7e,29,"Israel authorized Egyptian troops to take up positions in the north of the Sinai peninsula, despite a prohibition on such deployments in the 1979 Camp David peace accord.",nytimes.com,http://www.nytimes.com/2011/01/31/world/middleeast/31-egypt.html?_r=1&hp
2011-01-30,11:10:57,fbmnr,24,Egypt Protests: Gripping Account of Events on the Ground from Resident of Zamalek.,mondoweiss.net,http://mondoweiss.net/2011/01/muslims-christians-we-are-all-egyptians-scenes-from-a-revolution-as-told-by-one-eyewitness.html#more-34696
2011-01-30,21:19:32,fbsl4,21,"Egypt: Protesters dig in, feel absence of police",globalpost.com,http://www.globalpost.com/dispatch/egypt/110129/egypt-protest-cairo-police
