2011-10-01,01:00:04,kwkgk,1271,The Supreme Court of Canada has opened the door to supervised drug injection clinics across the country in a landmark decision on Friday that ordered the federal government to stop interfering with Vancouver’s controversial Insite clinic. ,theglobeandmail.com,http://www.theglobeandmail.com/news/national/british-columbia/supreme-court-ruling-opens-doors-to-drug-injection-clinics-across-canada/article2186191/
2011-10-01,08:10:15,kwzmq,434,A member of the British Parliament is urging the country’s government to ban churches from performing any marriages if they also refuse to perform same-sex marriages.,global.christianpost.com,http://global.christianpost.com/news/british-mp-force-churches-to-perform-same-sex-unions-or-close-them-down-55371/
2011-10-01,22:46:47,kxgyo,249,"Yemen: over 1,400 killed since the clashes between pro-democracy protesters and security forces began in February",blogs.aljazeera.net,http://blogs.aljazeera.net/liveblog/yemen-oct-1-2011-1604
2011-10-01,16:25:41,kxbp1,193,Cigarette vending machines banned in England,bbc.co.uk,http://www.bbc.co.uk/news/uk-15132529
2011-10-01,10:22:44,kx32e,161,Chinese state TV launches to 'America the Beautiful',bbc.co.uk,http://www.bbc.co.uk/news/world-15125247
2011-10-02,02:53:49,kxmn1,157,"For Greek rich elite, the taxman cometh: Greece names and shames tax cheats",globalpost.com,http://www.globalpost.com/dispatch/news/business-tech/global-economy/110930/greece-names-and-shames-tax-cheats
2011-10-01,10:37:48,kx3g5,144,"Gold or Water? A Deadly Debate - To protect their water supply, Salvadorans are trying to ban corporate gold mining—and facing threats and violence as a result.",yesmagazine.org,http://www.yesmagazine.org/blogs/john-cavanagh-and-robin-broad/gold-or-water-a-deadly-debate
2011-10-01,15:44:39,kxaup,88,Japan's whale hunt to resume: reports  -- Media reports in Japan say the country will go ahead with this season's whaling hunt in the Antarctic.,abc.net.au,http://www.abc.net.au/news/2011-09-30/japans-whale-hunt-to-resume--reports/3204188?section=world
2011-10-01,11:40:13,kx537,81,Rwanda genocide court jails former ministers: Two former Rwandan ministers have been sentenced to 30 years in jail by the UN war crimes tribunal for involvement in Rwanda's genocide in 1994. ,bbc.co.uk,http://www.bbc.co.uk/news/world-africa-15125145
2011-10-01,20:13:25,kxeu6,54,A Pakistani anti-terrorism court today convicted and sentenced to death a police guard who assassinated the Punjab governor Salmaan Taseer in January for calling for changes in the country's controversial blasphemy law. ,thestatesman.net,http://www.thestatesman.net/index.php?option=com_content&view=article&id=385117&catid=37
2011-10-01,23:55:16,kxi8b,49,"Falling Man --- Profile of Indian prime minister Manmohan Singh. Far-sighted reformer in 1990s; now his skills seem to have deserted him. ""His timidity, complacency and intellectual dishonesty will make him a tragic figure in our history”",caravanmagazine.in,http://caravanmagazine.in/Story.aspx?Storyid=1103&StoryStyle=FullStory
2011-10-02,02:28:04,kxlxg,44,Dutch Coffee Shops close their doors to most cannabis tourists,cnn.com,http://www.cnn.com/2011/10/01/world/europe/netherlands-cannabis-tourists/index.html?npt=NP1
2011-10-01,09:05:34,kx139,33,Italy’s tottering prime minister -- How much longer can Silvio Berlusconi go on?,economist.com,http://www.economist.com/node/21530134
2011-10-01,20:48:01,kxf99,27,Hundreds of left-wing activists protest throughout West Bank,ynetnews.com,"http://www.ynetnews.com/articles/0,7340,L-4129267,00.html"
2011-10-01,22:02:10,kxga5,28,"Holy Vladimir, Pray for Us. A Russian Sect Honors Putin as a Saint",spiegel.de,"http://www.spiegel.de/international/world/0,1518,789175,00.html"
2011-10-01,14:44:14,kx9lq,26,"Source: UN won’t advance Palestinian statehood bid until diplomacy option exhausted -- United Nations panel considering Palestinian application for full UN membership will drag on dealing with technical matters for several weeks, says a senior Western diplomat.",haaretz.com,http://www.haaretz.com/news/diplomacy-defense/source-un-won-t-advance-palestinian-statehood-bid-until-diplomacy-option-exhausted-1.387469
2011-10-01,00:05:12,kwiji,18,UK cod collapse due to the obvious,guardian.co.uk,http://www.guardian.co.uk/environment/2011/sep/30/uk-cod-collapse-overfishing
2011-10-02,03:22:33,kxngb,15,"The Indians are throwing money at their own favourites in Afghanistan, he says, and the Russians and Iranians are doing the same. So Pakistan must play the game too. “Except we have no money. All we have are the crazies. So the crazies it is.”",economist.com,http://www.economist.com/node/21531042
2011-10-01,13:31:22,kx7wi,16,"Myanmar calls surprise halt to controversial China-backed dam: Critics led by pro-democracy leader Aung San Suu Kyi have argued that the dam would hurt the ecology of the Irrawaddy River, displace at least 10,000 people and submerge culturally important sites.",latimes.com,"http://www.latimes.com/news/nationworld/world/la-fg-myanmar-dam-20111001,0,6135163.story"
2011-10-02,03:06:44,kxn10,16,"Syria unrest: Troops 'retake most of Rastan' -- Syrian forces have retaken most of the central town of Rastan after days of fighting with defectors who had joined protesters, an activist group says.",bbc.co.uk,http://www.bbc.co.uk/news/world-middle-east-15137784
2011-10-02,01:31:47,kxkg9,14,"The Death of Jihad's English-Language Mouthpiece --- 
Anwar al-Awlaki was one of al-Qaida's most important propagandists and influenced a number of attackers and jihadists",spiegel.de,"http://www.spiegel.de/international/world/0,1518,789427,00.html"
2011-10-02,06:42:17,kxsz5,12,"Brazil announces troop pullout of Haiti:  Defence minister says partial withdrawal will begin next March as UN cuts stabilisation force accused of outstaying welcome
",guardian.co.uk,http://www.guardian.co.uk/world/2011/sep/30/brazil-plans-troop-pullout-haiti
2011-10-01,15:13:54,kxa8n,13,"Conservation Program Mourns Big Cat Lost in Tragic Fight: A critically endangered South China tiger has killed another of its kind, sad news for efforts to save this rarest tiger subspecies from extinction",blogs.scientificamerican.com,http://blogs.scientificamerican.com/extinction-countdown/2011/09/30/south-china-tiger-conservation-program-mourns-big-cat-lost-in-tragic-fight/
2011-10-01,22:38:02,kxgtr,11,"A letter from the Secretary-General of the United Nations, Ban Ki-Moon, expressing concern about the future of our planet with respect to the birth of the seven-billionth person. ",english.aljazeera.net,http://english.aljazeera.net/indepth/opinion/2011/09/2011927142753921534.html
2011-10-01,20:26:37,kxf02,10,"“We, the women of entire Jammu and Kashmir, from both sides of the LoC desire peace ... and an immediate end to the protracted conflict. We demand the inclusion of women in all peace-building and peace negotiations/dialogue on Kashmir.”",thehindu.com,http://www.thehindu.com/news/national/article2501207.ece
2011-10-02,02:06:39,kxlcl,11,"Iranian pastor faces death for rape, not apostasy",cnn.com,http://www.cnn.com/2011/09/30/world/meast/iran-christian-pastor/index.html?hpt=hp_t2
2011-10-01,08:56:12,kx0ut,12,The very real persecution of Christians in the Arab world ,philly.com,http://www.philly.com/philly/opinion/20110930_Christine_M__Flowers__The_very_real_persecution_of_Christians_in_the_Arab_world.html
2011-10-01,22:48:08,kxgzn,9,Afghanistan Haqqani militant Haji Mali Khan captured,bbc.co.uk,http://www.bbc.co.uk/news/world-south-asia-15136007
2011-10-02,04:18:48,kxoze,10,"State Media Reports Iranian Pastor Facing Execution for Rape, Not Religion",foxnews.com,http://www.foxnews.com/world/2011/10/01/state-media-reports-iranian-pastor-facing-execution-for-rape-not-religion/
2011-10-01,19:18:57,kxe5h,11,"45 Indian Intellectuals protest deportation of U.S. broadcaster-writer, David Barsamian.",thehindu.com,http://www.thehindu.com/news/national/article2497779.ece
