2011-12-01,01:42:12,muxpb,2346,Women held against her will on Scientology cruise ship for 12 years!,news.yahoo.com,http://news.yahoo.com/blogs/sideshow/woman-imprisoned-scientology-cruise-ship-12-years-145114448.html
2011-12-01,23:44:30,mw7gv,1540,Nearly 50% of the Young People in Greece and Spain Are Unemployed ,theatlantic.com,http://www.theatlantic.com/business/archive/2011/11/nearly-50-of-the-young-people-in-greece-and-spain-are-unemployed/249286/
2011-12-01,21:56:58,mw446,993,"This weekend, a large section of the German city of Koblenz will come to a standstill as bomb experts gingerly defuse a massive World War II bomb that recently emerged from the Rhine River due to low water levels ",spiegel.de,"http://www.spiegel.de/international/germany/0,1518,800947,00.html"
2011-12-01,11:16:25,mvmlx,912,Australia ranked least corrupt country in the G20,news.com.au,http://www.news.com.au/business/australia-least-corrupt-country-in-g20/story-e6frfm1i-1226211210544?from=igoogle+gadget+compact+news_rss
2011-12-01,19:20:37,mw130,883,"Japan nuclear meltdown ""maybe worse than thought"". TEPCO said their latest calculations showed the fuel inside the No. 1 reactor at the tsunami-hit plant could have melted entirely, dropping through its inner casing and eroding a concrete base. ",google.com,http://www.google.com/hostednews/afp/article/ALeqM5j_3KbSOIuOHpiAhdeflZXYhHY9Kw?docId=CNG.017a81500c7adf1d02b69eed35946522.a01
2011-12-01,19:59:23,mw1r1,592,"Factories stalling worldwide - ""Manufacturing activity is contracting across Europe and most of Asia, data showed on Thursday, and a Chinese official declared that the world economy faces a worse situation than in 2008 when Lehman Brothers collapsed.""",reuters.com,http://www.reuters.com/article/2011/12/01/us-global-economy-pmi-idUSTRE7B00WJ20111201
2011-12-01,12:15:51,mvp9g,360,No right to pray for Muslim pupil at German school:  Germany's top administrative court has ruled that a student does not have an automatic right to pray at school.,bbc.co.uk,http://www.bbc.co.uk/news/world-europe-15972456
2011-12-01,23:56:22,mw7wi,173,German prosecutors have confirmed they are investigating claims that Iran planned to attack American military bases in Germany if the US launched air strikes against Iranian targets,globalpost.com,http://www.globalpost.com/dispatch/news/regions/europe/germany/111201/report-iran-planning-attack-us-military-bases-germany
2011-12-01,16:37:32,mvy1q,154,Islamists Set to Win 65% Majority in Egyptian Elections.,nytimes.com,http://www.nytimes.com/2011/12/01/world/middleeast/voting-in-egypt-shows-mandate-for-islamists.html?_r=1&pagewanted=all
2011-12-01,22:33:55,mw54j,135,"Enraged by a NATO cross-border air attack that killed 24 soldiers, Pakistan is considering withdrawing its support for the U.S.-led war on terror if its sovereignty is violated again",msnbc.msn.com,http://www.msnbc.msn.com/id/45505397/ns/world_news-south_and_central_asia/#.TteO1FYpUrV
2011-12-02,00:22:05,mw8wq,127,A mental health nurse has broken her silence about working inside Australia's immigration detention system.,abc.net.au,http://www.abc.net.au/news/2011-12-01/immigration-nurse-breaks-silence-within-centre/3707620
2011-12-01,18:29:42,mw08m,106,BBC News - Hungary outlaws homeless in move condemned by charities,bbc.co.uk,http://www.bbc.co.uk/news/world-europe-15982882
2011-12-02,01:07:55,mwar0,83,"China 'hiding up to 3,000 nuclear warheads in secret tunnels': An unconventional project by US university students has concluded that China's nuclear arsenal could be many times larger than current estimates, drawing the attention of Pentagon analysts.
",telegraph.co.uk,http://www.telegraph.co.uk/news/worldnews/asia/china/8927580/China-hiding-up-to-3000-nuclear-warheads-in-secret-tunnels.html
2011-12-02,00:35:29,mw9fd,84,"New Zealand tops the list of the world’s cleanest governments, followed by Finland and Denmark, while Somalia and North Korea tied for the dubious distinction of most corrupt",nytimes.com,http://www.nytimes.com/2011/12/01/business/global/new-zealand-has-worlds-cleanest-government-survey-finds.html
2011-12-01,23:58:17,mw7ys,77,"NATO attack on Pakistan no mistake, sources say
",globalpost.com,http://www.globalpost.com/dispatch/news/regions/asia-pacific/pakistan/111130/nato-attack-pakistan-military-drones
2011-12-01,22:12:31,mw4hw,78,Karzai: Afghan rape victim free to decide if she wants to stay in prison,cnn.com,http://www.cnn.com/2011/12/01/world/asia/afghanistan-rape-victim/index.html?hpt=hp_t1
2011-12-01,23:45:57,mw7ig,74,"Mexico unearths 1,800 foot drug tunnel",telegraph.co.uk,http://www.telegraph.co.uk/news/worldnews/centralamericaandthecaribbean/mexico/8926894/Mexico-unearths-1800-foot-drug-tunnel.html
2011-12-01,12:01:28,mvolj,75,India: Angry snake charmer lets loose snakes in a govt. office after being denied land,bbc.co.uk,http://www.bbc.co.uk/news/world-asia-india-15963842Anr
2011-12-01,23:07:00,mw65h,75,Norway accused of hypocrisy over Indonesian deforestation funding: Oil-rich country's sovereign wealth fund accused of investing in companies destroying rainforest,guardian.co.uk,http://www.guardian.co.uk/environment/2011/dec/01/norway-accused-hypocrisy-deforestation-funding
2011-12-02,02:28:44,mwe4g,67,A Colombian court has sentenced a soldier to 54 years in prison for killing three people and passing them off as rebels killed in combat,bbc.co.uk,http://www.bbc.co.uk/news/world-latin-america-15978134
2011-12-01,13:36:51,mvskg,52,China's manufacturing activity falls to a 32-month low,bbc.co.uk,http://www.bbc.co.uk/news/business-15978863
2011-12-01,23:54:41,mw7uj,48,"Under Pet-Hating Dictator, a Hard Life for Man's Best Friend",theatlantic.com,http://www.theatlantic.com/international/archive/2011/12/under-pet-hating-dictator-a-hard-life-for-mans-best-friend/249139/
2011-12-01,21:18:12,mw38h,36,Germany probing alleged Iran plot to attack U.S. bases on its soil. Prosecutor General confirms report in Bild reported that a German businessman is suspected of espionage for purpose of sabotage,haaretz.com,http://www.haaretz.com/news/diplomacy-defense/germany-probing-alleged-iran-plot-to-attack-u-s-bases-on-its-soil-1.398987
2011-12-01,21:35:14,mw3m1,32,"In Ecuador, a young shark ""massacre"":  A legal loophole has endangered some shark species — and enriched fishermen. -- Ecuador allows fishermen who accidentally catch sharks in their nets to sell them, without any methods to determine whether the sharks were netted on purpose.
 ",globalpost.com,http://www.globalpost.com/dispatch/news/regions/americas/111129/ecuador-young-shark-fins
2011-12-01,02:47:09,mv0je,27,Muslim Brotherhood says leads Egypt's vote count,reuters.com,http://www.reuters.com/article/2011/11/30/us-egypt-election-idUSTRE7AR08V20111130?feedType=RSS&feedName=topNews&rpc=71
2011-12-02,00:39:35,mw9lc,24,"UN: Syria is now in a state of civil war with more than 4,000 dead and increasing numbers of defecting soldiers taking up arms against the government of President Bashar al-Assad",reuters.com,http://www.reuters.com/article/2011/12/01/us-syria-un-rights-idUSTRE7B01M720111201
2011-12-01,23:11:00,mw69y,17,"Save the euro in 10 days or see the EU disintegrate, ministers are warned",guardian.co.uk,http://www.guardian.co.uk/business/2011/nov/30/save-euro-eu-europe
2011-12-02,02:29:58,mwe6k,18,Global index ranks Israel more corrupt than ever,jpost.com,http://www.jpost.com/NationalNews/Article.aspx?id=247791
2011-12-01,21:33:26,mw3km,15,Biggest British public sector strikes in three decades end in propaganda war:  1 - 2.6 million workers took part,guardian.co.uk,http://www.guardian.co.uk/society/2011/nov/30/unions-ministers-public-sector-strike
2011-12-01,21:33:41,mw3kr,18,Norwegian Commentator: Anders Breivik's hatred does not come from a delusional mind.,guardian.co.uk,http://www.guardian.co.uk/commentisfree/2011/nov/30/anders-breivik-delusional-mind
