2011-11-30,17:14:08,muk8w,1436,"UK experiencing the worst disruption to services in decades as more than 2 million public sector workers stage a nationwide strike, closing schools and bringing councils and hospitals to a virtual standstill",guardian.co.uk,http://www.guardian.co.uk/society/2011/nov/30/public-sector-workers-strike-uk
2011-11-30,10:34:56,mu6ml,1311,Suez Port Employees Reveal 21-Ton US Tear Gas Order for Interior Ministry: workers refuse to receive initial 7 ton shipment as the interior ministry looks to restock after firing tear gas at protesters in Egypt for six days last week,commondreams.org,https://www.commondreams.org/headline/2011/11/29-3
2011-11-30,00:59:43,mthoi,662,"""Privacy is for paedos; fundamentally nobody else needs it"" - Paul McMullan at the Leveson Inquiry",news.bbc.co.uk,http://news.bbc.co.uk/democracylive/hi/house_of_commons/newsid_8167000/8167512.stm
2011-11-30,21:59:20,mupok,527,Australian state legalises same-sex civil unions,brisbanetimes.com.au,http://www.brisbanetimes.com.au/queensland/live-civil-unions-crunch-time-20111130-1o6rd.html
2011-11-30,21:57:06,mupmh,527,The UK is to expel all Iranian diplomats following the storming of its embassy in Tehran,bbc.co.uk,http://www.bbc.co.uk/news/uk-politics-15966628
2011-11-30,22:34:07,muqol,375,Occupy Montreal protesters branded by police with numbers only visible under a UV light,montreal.ctv.ca,http://montreal.ctv.ca/servlet/an/local/CTVNews/20111129/mtl_occupy_111129/20111129/?hub=MontrealHome
2011-11-30,17:37:30,mukpb,204,Intelligence officials quoted as saying that satellite images show this week's reported blast at Iran's Isfahan nuclear plant was 'no accident.',haaretz.com,http://www.haaretz.com/news/diplomacy-defense/report-mysterious-blast-in-iran-s-isfahan-damages-key-nuclear-site-1.398671?localLinksEnabled=false
2011-11-30,21:23:58,muosu,194,Georgetown students about to release major paper that sheds light on China’s tunnel system that may be hiding a large nuclear arsenal,washingtonpost.com,http://www.washingtonpost.com/world/national-security/georgetown-students-shed-light-on-chinas-tunnel-system-for-nuclear-weapons/2011/11/16/gIQA6AmKAO_story.html?
2011-12-01,02:33:08,muzvo,156," Every year, 12,000 women and girls are trafficked from Nepal to a life of sexual servitude in India. Many can never go back.
",theatlantic.com,http://www.theatlantic.com/international/archive/2011/11/for-nepali-girls-abducted-into-indian-brothels-where-is-home/249213/
2011-11-30,02:47:33,mtm7j,149,"Hague says Iran will face 'severe consequences' over embassy attack:
Foreign secretary says despite apology Tehran had breached Vienna convention in failing to protect a diplomatic mission
",guardian.co.uk,http://www.guardian.co.uk/world/2011/nov/29/iranian-students-storm-british-embassy
2011-11-30,08:34:38,mu1e9,92,"In an impassioned speech, Poland appeals to Germany to save Europe",reuters.com,http://www.reuters.com/article/2011/11/29/poland-germany-sikorski-idUSL5E7MT0YQ20111129
2011-12-01,02:47:52,mv0kp,90,"Nigerian senate passes anti-gay bill, defying British aid threat",cnn.com,http://www.cnn.com/2011/11/30/world/africa/africa-gay-rights/index.html?hpt=hp_t3
2011-11-30,22:28:05,muqic,79,Turkey imposes economic sanctions on Syria,bbc.co.uk,http://www.bbc.co.uk/news/world-europe-15959770
2011-11-30,18:06:07,mul75,77,"Norwegian disbelief at Breivik 'insanity': The Norwegian public, politicians and experts alike are expressing surprise at the verdict of the forensic psychiatrists assessing Anders Behring Breivik",bbc.co.uk,http://www.bbc.co.uk/news/world-15954370
2011-11-30,03:16:35,mtnfs,65,Presidential elections in South Ossetia result in surprise defeat for Moscow favorite; court annuls vote.,rferl.org,http://www.rferl.org/content/south_ossetia_annuls_second_round_of_presidential_voting/24405958.html
2011-11-30,11:41:23,mu9jy,59,"""Privacy is for paedos"": former News of the World man and tabloid veteran Paul McMullan. ""...in 21 years of invading people's privacy I've never found anybody doing any good"".",theage.com.au,http://www.theage.com.au/world/privacy-is-for-paedos-the-world-according-to-paul-20111130-1o5un.html
2011-11-30,23:18:54,mus27,61,BBC News - Eurozone unemployment rate rises to 10.3%. Youth unemployment in Spain rose to 48.9%.,bbc.co.uk,http://www.bbc.co.uk/news/business-15961626
2011-11-30,15:01:13,muh4v,52,UK diplomats 'pull out of' Iran,bbc.co.uk,http://www.bbc.co.uk/news/world-middle-east-15956946
2011-11-30,16:02:28,muiqx,54,"There is mounting speculation that the euro zone will break apart, or even that the single currency will be abandoned altogether. It often sounds as if such scenarios wouldn't be so bad for Germany. In fact the consequences would be catastrophic for Europe and for its largest economy. ",spiegel.de,"http://www.spiegel.de/international/europe/0,1518,800700,00.html"
2011-11-30,20:33:24,munpb,51,"Israel to release frozen PA funds -  PM's office says it intends to unfreeze money after Palestinians halted ""unilateral moves"" at UN.",aljazeera.com,http://www.aljazeera.com/news/middleeast/2011/11/20111130122540554749.html
2011-11-30,23:30:37,musgi,47,"UK expels Iran diplomats after embassy attack
",reuters.com,http://www.reuters.com/article/2011/11/30/us-iran-britain-embassy-idUSTRE7AS0X720111130
2011-11-30,22:33:34,muqnx,48,"German exports reach record highs despite debt crisis - In 2011, over a trillion euro's worth of German goods were sold abroad. Deutsche Welle spoke to the head of the Federation of German Wholesale, Foreign Trade and Services to find out whether next year will be as good.",dw-world.de,"http://www.dw-world.de/dw/article/0,,15565468,00.html"
2011-11-30,16:09:34,muiwk,45,"With the euro on the brink, all eyes are on Germany. Romano Prodi, a former Italian prime minister and the ex-president of the European Commission, says in an interview that Germany, as the most powerful country on the Continent, must finally step up and show the courage to resolve the debt crisis.",spiegel.de,"http://www.spiegel.de/international/europe/0,1518,800351,00.html"
2011-11-30,23:03:14,murjt,29,"China says big climate deal is 'too much'
",montrealgazette.com,http://www.montrealgazette.com/news/China+says+climate+deal+much/5788961/story.html
2011-12-01,01:04:03,muw5m,24,President Felipe Calderons office exploring legal action against activists who asked the ICC to investigate officials for allowing subordinates to kill and torture civilians as the govt battles against drug gangs,reuters.com,http://www.reuters.com/article/2011/11/28/us-mexico-icc-idUSTRE7AR03720111128
2011-12-01,00:03:17,mutpz,19,"Hugo Chávez pulls reserves from Britain, the United States, France and Switzerland",economist.com,http://www.economist.com/blogs/americasview/2011/11/venezuelan-monetary-policy
2011-11-30,19:12:55,mumb9,17,"North Korea claims nuclear plant progress, says it has made rapid advances in building a light-water reactor and enriching uranium",guardian.co.uk,http://www.guardian.co.uk/world/2011/nov/30/north-korea-nuclear-plant-progress
2011-11-30,11:49:25,mu9wc,17,"China increases the level at which people in rural areas are considered poor to $1 a day, a move that should see millions more get state benefits",bbc.co.uk,http://www.bbc.co.uk/news/world-asia-china-15956299
2011-12-01,02:55:56,mv0y1,17,"Shenzhen, China introduces Country's first Good Samaritan Law (x-post from r/China)",guardian.co.uk,http://www.guardian.co.uk/world/2011/nov/30/china-good-samaritan-rules-shenzhen
2011-11-30,20:03:48,mun4m,18,Breivik's mother says he was insane 5 years ago,telegraph.co.uk,http://www.telegraph.co.uk/news/worldnews/europe/norway/8925203/Anders-Behring-Breivik-was-insane-five-years-ago-mother-says.html
