2011-08-13,01:27:53,jgvt1,1709,"To end her cub's torture on a Chinese bile farm, mother bear kills the cub and then herself.  Reddit, PLEASE, what can we do to stop this horror???",news.asiaone.com,http://news.asiaone.com/News/Latest%2BNews/Asia/Story/A1Story20110805-292947.html
2011-08-13,14:44:29,jhhr0,1288,"EFF - British Prime Minister Does a 180 on Internet Censorship: David Cameron is practically tripping over himself in his eagerness to sacrifice liberty for security:""...when people are using social media for violence we need to stop them.""",eff.org,https://www.eff.org/deeplinks/2011/08/british-prime-minister-does-180-internet
2011-08-13,22:24:01,jho21,1112,US censures report on drone casualties. Possibly up to 168 children have been killed in drone strikes in Pakistan,english.aljazeera.net,http://english.aljazeera.net/news/americas/2011/08/20118137276488676.html
2011-08-13,22:51:11,jhofv,1046,"UK: ""So if we're turning off social media for 'safety', why aren't we shutting down television networks at the same time? Why aren't politicians demanding that news channels, with their greater reach and potential to panic the public, be turned off during exceptional circumstances""",wired.com,http://www.wired.com/epicenter/2011/08/turn-off-social-media-and-news/
2011-08-12,23:14:16,jgrst,989,Coal-Black Alien Planet Is Darkest Ever Seen,news.yahoo.com,http://news.yahoo.com/coal-black-alien-planet-darkest-ever-seen-220601419.html
2011-08-13,21:41:24,jhni1,789,David Cameron wants to evict rioters from their government subsidized homes,nytimes.com,http://www.nytimes.com/2011/08/13/world/europe/13britain.html?ref=global-home
2011-08-13,08:00:02,jh893,546,Greek Government Proposes Drug Decriminalization,stopthedrugwar.org,http://stopthedrugwar.org/chronicle/2011/aug/12/greek_government_proposes_drug_d
2011-08-13,09:34:45,jhakj,486,"Aggression during G20 rally ‘perpetrated by police,’ judge rules (Canada)",thestar.com,http://www.thestar.com/news/torontog20summit/article/1038347--aggression-during-g20-rally-perpetrated-by-police-judge-rules?bn=1#article
2011-08-13,13:13:30,jhfu2,443,New Zealand Parliament may lose Internet access due to insane new copyright law,boingboing.net,http://boingboing.net/2011/08/11/new-zealand-parliament-may-lose-internet-access-due-to-insane-new-copyright-law.html
2011-08-14,01:01:47,jhqvc,424,"Hardline Brazil judge gunned down: Patricia Acioli, known for taking a hard line against criminals and corrupt police officers, was shot in her car near Rio de Janeiro",english.aljazeera.net,http://english.aljazeera.net//news/americas/2011/08/2011813125324250821.html
2011-08-13,09:43:34,jharz,352,"Italy Agrees on $65 Billion in Austerity Measures. Measures also include a “solidarity tax” on high earners: an additional 5 percent tax on incomes above $128,000 a year and 10 percent on incomes above $213,000 a year for the next two years. ",nytimes.com,http://www.nytimes.com/2011/08/13/world/europe/13italy.html?_r=1
2011-08-13,16:22:22,jhjls,143,"Cop U-Turns on top of hill, kills oncoming motorcyclist. Fined $250.",nzherald.co.nz,http://www.nzherald.co.nz/nz/news/article.cfm?c_id=1&objectid=10744836
2011-08-13,20:09:47,jhmg1,132,Oil leak detected on North Sea platform,independent.co.uk,http://www.independent.co.uk/news/uk/home-news/oil-leak-detected-on-north-sea-platform-2337102.html
2011-08-13,16:39:12,jhjvm,118,Cameron backs eviction for London rioters,smh.com.au,http://www.smh.com.au/world/cameron-backs-eviction-for-london-rioters-20110813-1irlo.html
2011-08-13,20:46:30,jhmvs,117,Shaming of our spooks: MI6 produced bogus Iraq war evidence under pressure from Downing Street,dailymail.co.uk,http://www.dailymail.co.uk/news/article-2025512/MI6-pressure-Blair-Campbell-produced-bogus-Iraq-war-evidence.html
2011-08-13,17:06:28,jhkb2,93,London riots: Wandsworth council moves to evict mother of charged boy,guardian.co.uk,http://www.guardian.co.uk/uk/2011/aug/12/london-riots-wandsworth-council-eviction
2011-08-13,11:44:48,jhdnv,66,British Leader Seeks Public Housing Evictions for Rioters and Their Families  ,nytimes.com,http://www.nytimes.com/2011/08/13/world/europe/13britain.html
2011-08-13,23:33:21,jhp4r,64,"Secret Papers Reveal Truth Behind Soviet Collapse --- Newly published papers from end of Gorbachev presidency show last Soviet leader as harsh, confused, deluded in talks with Helmut Kohl and George Bush. On the Tiananmen massacre: ""We must be realists: 3,000 people, so what?""",spiegel.de,"http://www.spiegel.de/international/europe/0,1518,779277-3,00.html"
2011-08-13,22:45:34,jhocv,61,A gay cabinet minister expecting a child with her girlfriend may be news in other countries - but not in Australia.,bbc.co.uk,http://www.bbc.co.uk/news/world-asia-pacific-14508659
2011-08-13,12:35:16,jhewy,58,Why UK Rioters Won't Be Protected by BlackBerry Messaging System: Police may already be sifting through communications for incriminating messages,technologyreview.com,https://www.technologyreview.com/communications/38297/?p1=MstRcnt&a=f
2011-08-13,09:34:03,jhak0,49,"""The whites have become black"" - David Starkey's view that ""Black culture"" caused the London Riots.",bbc.co.uk,http://www.bbc.co.uk/news/uk-14513517
2011-08-13,23:37:46,jhp7k,41,"Nancy Wake --- An obituary of Vera Wake, ""the white mouse"". A double agent and surely one of the only women to fox the Gestapo so completely",economist.com,http://www.economist.com/node/21525845
2011-08-13,06:12:51,jh570,34,UK Councils are going ahead with evicting families of looters with the first of the cases before the courts today.,bbc.co.uk,http://www.bbc.co.uk/news/uk-england-london-14509902
2011-08-13,16:01:35,jhj8d,33,"Average UK student debts 'could hit £53,000'",bbc.co.uk,http://www.bbc.co.uk/news/education-14488312
2011-08-13,13:51:51,jhgot,28,"Hash in the Holy Land - In a move expected to increase medicinal marijuana use 6-fold, the Israeli govt will oversee its distribution & use.  
It's triggered snarky rejoinders about a conspiracy to reduce 100s of 1,000s of demonstrators protesting the cost of living to hazy passivity. ",motherjones.com,http://motherjones.com/mixed-media/2011/08/hash-holy-land
2011-08-13,20:11:31,jhmh4,22,"Algerian smugglers sending so much fuel to Libya, it is creating shortages in Algeria. Cost of fuel in war-torn Libya makes this a lucrative business.",observers.france24.com,http://observers.france24.com/content/20110811-algeria-tunisia-libya-algerian-smugglers-send-petrol-creating-shortage
2011-08-14,02:07:26,jhsbo,21,"Prague 'gay pride': Czech capital hosts maiden march: Several thousand people have marched through Prague in the Czech capital's first ""gay pride"" festival.",bbc.co.uk,http://www.bbc.co.uk/news/world-europe-14517526
2011-08-14,00:49:47,jhqlz,26,UK Police using facial recognition technology to crack down on those responsible for the riots,computing.co.uk,http://www.computing.co.uk/ctg/news/2101515/police-facial-recognition-technology
2011-08-13,08:14:48,jh8n3,20,Shell battles North Sea oil pipeline leak: It is not immediately clear how much oil had leaked into the sea,english.aljazeera.net,http://english.aljazeera.net/news/europe/2011/08/201181222522242843.html
2011-08-13,15:08:48,jhi7o,22,Fleeing Libyans say Gaddafi regime crumbling,english.aljazeera.net,http://english.aljazeera.net/video/africa/2011/08/201181219451427273.html
