2011-12-18,19:37:51,nh9ik,1656,"Vaclav Havel, Czech Anti-Communist Hero and first Democratically elected President, Has Died",abcnews.go.com,http://abcnews.go.com/International/wireStory/havel-czech-anti-communist-hero-died-15182069
2011-12-18,08:27:24,ngtzm,1537,A picture of a female Egyptian protester who was stripped from her black abaya and abused by army men has met with angry tweets criticizing the country’s Supreme Council of the Armed Forces ,english.alarabiya.net,http://english.alarabiya.net/articles/2011/12/18/183123.html
2011-12-18,22:19:52,nhbqa,979,"UK teenager wins settlement from London Met police after being harassed, threatened and detained for photographing a military parade last year. Police said photographing the soldiers was “silly,” “gay”, “stupid” and a possible threat under the UK’s Terrorism Act",pixiq.com,http://www.pixiq.com/article/teenage-photographer-wins-settlement-from-london-police
2011-12-19,07:43:43,nhsk7,810,Outrage over woman's beating fuels new Egypt protests,cnn.com,http://www.cnn.com/2011/12/18/world/africa/egypt-unrest/index.html?hpt=hp_t1
2011-12-18,22:56:35,nhcd9,675,The brave women of the Middle East: Female protesters brutally beaten with metal poles as vicious soldiers drag girls through streets by their hair in day of shame ,dailymail.co.uk,http://www.dailymail.co.uk/news/article-2075683/The-brave-women-Middle-East-Female-protesters-brutally-beaten-metal-poles-vicious-soldiers-drag-girls-streets-hair-day-shame.html
2011-12-19,06:02:44,nhp3c,525,"Japanese less likely to trust officials, main media, since disaster:  For many older Japanese, the government remains a trusted, paternal overseer. But younger Japanese are now consulting the Internet and other information sources, rather than depending on major media.",latimes.com,"http://www.latimes.com/news/nationworld/world/la-fg-japan-distrust-20111218,0,7635674.story"
2011-12-19,05:30:40,nhnvy,410,"Egypt clashes kill 10, undermine Army narrative of democratic transition -- This weekend's renewed violence in Egypt, including the documented use of live ammunition against unarmed protesters, has further eroded confidence in the ruling military council.",csmonitor.com,http://www.csmonitor.com/World/Middle-East/2011/1218/Egypt-clashes-kill-10-undermine-Army-narrative-of-democratic-transition
2011-12-18,19:14:04,nh985,240,"North Korean labor camps in Siberia 

",edition.cnn.com,http://edition.cnn.com/2011/12/15/world/asia/north-korean-labor-camps-in-siberia/index.html
2011-12-18,19:16:15,nh99d,234,Former Czech President Vaclav Havel Dies at 75,translate.google.com,http://translate.google.com/translate?sl=auto&tl=en&js=n&prev=_t&hl=en&ie=UTF-8&layout=2&eotf=1&u=http%3A%2F%2Fzpravy.ihned.cz%2Fcesko%2Fc1-52291940-zemrel-vaclav-havel&act=url
2011-12-18,19:20:37,nh9b9,178,"Deadly Gas Enters the Arab Spring: Activists across the Middle East are reporting a mysterious toxin, possibly a banned nerve agent, in the thick clouds of tear gas used by security forces to suppress anti-government protests",ipsnews.net,http://www.ipsnews.net/news.asp?idnews=106248
2011-12-18,23:05:20,nhcju,152,"Top 24 Deep Space Pictures Of 2011 --- 


One for all you budding astronomers. A gallery of the most important deep space images of the year, each one with helpful, comprehensible annotations. Awe-inspiring and educational. Don't miss the beautiful shot of the Orion Nebula",blogs.discovermagazine.com,http://blogs.discovermagazine.com/badastronomy/2011/12/14/top-24-deep-space-pictures-of-2011/
2011-12-19,05:19:54,nhnip,146,"""Israel's political leaders and chief rabbis on Sunday [18 December 2011] condemned persistent efforts by ultra-Orthodox Jewish men to shunt Israeli women to the back of public buses, a year after the country's Supreme Court outlawed the practice.""",seattlepi.com,http://www.seattlepi.com/news/article/Religious-Jews-still-try-to-segregate-Israel-buses-2410339.php
2011-12-18,03:13:51,ngk33,125,Putin regrets that USSR did not fight for survival,expatica.ru,http://www.expatica.ru/news/local_news/putin-regrets-that-ussr-did-not-fight-for-survival_195772.html
2011-12-19,04:34:59,nhly2,76,Iran TV shows 'CIA spy' speaking of alleged mission,google.com,http://www.google.com/hostednews/afp/article/ALeqM5j3o-yDInah1IC8pg7RVH6L-mrMXA?docId=CNG.fad80dffc69b5105a37f43fbbaedadfd.211
2011-12-19,04:13:39,nhl7a,63,"Israel seeks builders for over 1,000 settler homes ... part of a settlement plan it accelerated after Palestinians won recognition by a U.N. body, but a move which complicates a return to negotiations",reuters.com,http://www.reuters.com/article/2011/12/18/us-palestinians-israel-settlements-idUSTRE7BH0PM20111218
2011-12-19,07:10:27,nhrh9,53,Egypt's Muslim Brotherhood faced a growing backlash from protesters in Tahrir Square after it was accused of collaborating with the country's military leaders to prevent an immediate transition to civilian rule. ,telegraph.co.uk,http://www.telegraph.co.uk/news/worldnews/africaandindianocean/egypt/8910863/Egypt-Muslim-Brotherhood-facing-growing-backlash-from-protesters.html
2011-12-18,10:28:22,ngxk7,53,"British Fishing Industry Makes Controversial EU Deal - It cuts days at sea but increases net size. It's called a 'bitter blow' over quotas - It doubles NE herring quota, raises cod catches 150%, SW haddock 25%,  NE haddock, NE & SW whiting 15%, & Channel sole catches 9%.

",guardian.co.uk,http://www.guardian.co.uk/environment/2011/dec/17/fishing-industry-lands-controversial-deal
2011-12-18,16:12:34,nh6l3,53,"Beijing Tightens Cyber Controls -- China is launching its strongest official measure yet to quell electronic expressions of discontent, clamping down on its versions of Twitter that have increasingly fueled once-rare protests and threaten to undermine its leaders' firm hold on power. ",online.wsj.com,http://online.wsj.com/article/SB10001424052970204643804577101522579231922.html?mod=WSJ_World_LEFTSecondNews
2011-12-18,08:50:19,ngunk,48,"Clegg attacks Conservative plans to give married couples tax breaks - Nick Clegg is to attack Tory plans to introduce tax breaks for married couples, claiming ministers must not try to preserve a “1950s model” of family life in “aspic”. ",telegraph.co.uk,http://www.telegraph.co.uk/news/politics/nick-clegg/8963429/Clegg-attacks-Conservative-plans-to-give-married-couples-tax-breaks.html
2011-12-18,08:51:39,ngup0,51,Arab Spring: Women in the line of fire,montrealgazette.com,http://www.montrealgazette.com/news/Arab+Spring+Women+line+fire/5874208/story.html
2011-12-18,08:54:22,ngus6,46,Russian journalist who investigated government corruption gunned down,washingtonpost.com,http://www.washingtonpost.com/blogs/blogpost/post/russian-journalist-who-investigated-government-corruption-gunned-down/2011/12/16/gIQAPwsmyO_blog.html
2011-12-18,22:12:05,nhbm0,41,"Typhoon Washi leaves 1,400 dead or missing in Philippines",today.msnbc.msn.com,http://today.msnbc.msn.com/id/45705894/ns/today-weather/t/typhoon-washi-leaves-dead-or-missing-philippines/#.Tu30N3qerCM
2011-12-18,13:41:02,nh33f,40,Police issue arrest warrant against Iraqi vice president for the recent parliament blast,english.alarabiya.net,http://english.alarabiya.net/articles/2011/12/17/183118.html
2011-12-18,13:37:20,nh2zq,33,Oil Rig With Dozens on Board Sinks in Russia,rt.com,http://rt.com/news/drilling-rig-overturns-okhotsk-073/
2011-12-18,12:37:12,nh18t,35,"Troops Beat Cairo Protesters After Clashes - 
Demonstrators beaten in Tahrir Square in 2nd day of clashes that have killed 10 & wounded over 430. Military police openly beat women protesters in the street & slap elders in the face.",aljazeera.com,http://www.aljazeera.com/news/middleeast/2011/12/20111217103526393990.html
2011-12-19,02:25:58,nhhs0,31,"Crippled Russian ship trapped in ice as rescue remains days away - The Sparta’s owners are sending a South Korean icebreaker to aid the stricken ship, but it could take 8 days.  Maritime New Zealand hopes to reach them in 4 days.",oldsaltblog.com,http://www.oldsaltblog.com/2011/12/18/update-spartas-condition-precarious-with-help-days-away/
2011-12-19,07:06:12,nhrc2,33,The Dark Side of Dubai,independent.co.uk,http://www.independent.co.uk/opinion/commentators/johann-hari/the-dark-side-of-dubai-1664368.html
2011-12-19,02:20:36,nhhmf,28,What Vaclav Havel Understood: Only Democracy Guarantees Peace,theatlantic.com,http://www.theatlantic.com/international/archive/2011/12/what-vaclav-havel-understood-only-democracy-guarantees-peace/250150/
2011-12-19,04:44:25,nhm8z,23,Pakistan Islamists rally in support of army:  Tens of thousands demonstrate in Lahore and Peshawar in the wake of NATO attack that killed 24 soldiers.,aljazeera.com,http://www.aljazeera.com/news/asia/2011/12/20111218144038400100.html
2011-12-19,02:05:05,nhh6r,22,"Betjeman's beloved Kennet runs dry & raises fears for England's rivers - 

'Glory was in me,' the poet wrote of one of the finest chalk streams in England. Now its flow has been reduced to a trickle",guardian.co.uk,http://www.guardian.co.uk/environment/2011/dec/18/river-kennet-dry-john-betjeman
