2011-01-03,11:39:37,ev80f,1284,"Wikileaks releases cable of the July 1990 meeting between then-US Ambassador to Iraq, April Glaspie, and Saddam before the Kuwait invasion: Saddam's message of friendship to President Bush",213.251.145.96,http://213.251.145.96/cable/1990/07/90BAGHDAD4237.html
2011-01-04,01:11:30,evhn8,906,"""The WikiLeaks saga has a message . . . Your day is over. There needs to be a better, more open, more transparent way of conducting policy and politics. Because wherever democracy is broken, the social internet will find a way around. In China, in Iran and yes, even in our precious European Union.""",neurope.eu,http://www.neurope.eu/articles/103983.php
2011-01-03,05:04:32,ev2ms,557,7.1 magnitude earthquake hits Chile.,msnbc.msn.com,http://www.msnbc.msn.com/id/40879694/ns/world_news-americas/
2011-01-03,02:27:44,ev0fy,402,Lack of Jobs in Southern Europe Frustrates the Young - even multiple degrees and five languages are not enough to land a paying job,nytimes.com,http://www.nytimes.com/2011/01/02/world/europe/02youth.html?hp=&pagewanted=print
2011-01-03,22:34:38,evf9g,151,"The Village Where the Neo-Nazis Rule.  Hitler salutes in the street, firing practice in the forest: Neo-Nazis have taken over an entire village in Germany, and authorities appear to have given up . The place has come to symbolize the far right's growing influence in Germany.",spiegel.de,"http://www.spiegel.de/international/germany/0,1518,737471,00.html"
2011-01-03,08:58:20,ev5rn,136,Settlers set fire to home as seven Palestinians sleep inside,mondoweiss.net,http://mondoweiss.net/2010/12/settlers-set-fire-to-home-as-seven-palestinians-sleep-inside.html
2011-01-03,20:58:08,eve78,133,Actor Pete Postlethwaite dies :(,guardian.co.uk,http://www.guardian.co.uk/film/2011/jan/03/actor-pete-postlethwaite-dies
2011-01-04,00:21:11,evgtd,130,"WikiLeaks: Israel Plans Total War on Lebanon, Gaza - The paper says that US cables quote Gen. Ashkenazi telling the US congressmen, ""I'm preparing the Israeli army for a major war, since it is easier to scale down to a smaller operation than to do the opposite.""",alternet.org,http://www.alternet.org/world/149387/wikileaks%3A_israel_plans_total_war_on_lebanon%2C_gaza/
2011-01-04,06:37:46,evnio,68,"Leaks reveal USA and Germany are collaborating on next generation spy satellites called the HiROS project. The spy satellites will make it possible to monitor any spot on earth, down to 50 cm - with fresh images 3-5 times a day.",translate.google.com,http://translate.google.com/translate?hl=en&sl=auto&tl=en&u=http://www.aftenposten.no/nyheter/uriks/wikileaks/article3969990.ece
2011-01-03,13:26:55,ev9ii,63,Vietnam's Mammoth Cavern - Photo Gallery - A massive cave complex has been discovered in Vietnam and the pictures are incredible. This is the cave that Donald Trump would claim. It has a jungle. You can build a skyscraper in part of it. Waterfalls? Got those too. ,ngm.nationalgeographic.com,http://ngm.nationalgeographic.com/2011/01/largest-cave/peter-photography
2011-01-03,23:03:39,evfob,59,"Aftershocks: Welcome to Haiti's Reconstruction Hell - Dispatches from the tent cities, where rape gangs & disaster profiteers roam",motherjones.com,http://motherjones.com/politics/2011/01/haiti-rape-earthquake-mac-mcclelland
2011-01-03,22:13:42,evezh,44,Wikileaks: US recommends drawing up list of countries for 'retaliation' over opposition to genetic modification ,guardian.co.uk,http://www.guardian.co.uk/world/2011/jan/03/wikileaks-us-eu-gm-crops
2011-01-03,22:37:18,evfb8,36,"Gunther von Hagens, the German anatomist famous for his ""Body Worlds"" shows of preserved corpses, has told a German newspaper that he is suffering from Parkinson's disease. He is preparing to become an exhibit himself, he said. ",spiegel.de,"http://www.spiegel.de/international/zeitgeist/0,1518,737461,00.html"
2011-01-04,00:14:01,evgpm,33,"Nearly 200,000 Indian farmers have killed themselves in the past decade. ",commondreams.org,http://www.commondreams.org/headline/2011/01/02-2
2011-01-03,19:18:29,evdb6,30,Mention of indian caste system in Malaysian text book has Malaysian Indian Congress up in arms who said they would rather forget such a thing ever existed and don't need to be reminded of it,news.malaysia.msn.com,http://news.malaysia.msn.com/regional/article.aspx?cp-documentid=4555718
2011-01-04,03:56:06,evkp6,31,"Anonymous lends a hand to Tunisian protesters: Take down Tunisian government and stock exchange websites, deface with manifesto",english.aljazeera.net,http://english.aljazeera.net/news/africa/2011/01/201113111059792596.html
2011-01-03,17:15:10,evc75,26,N Korea to spend £100 million on new offices & cribs for jr dictator,telegraph.co.uk,http://www.telegraph.co.uk/news/worldnews/asia/northkorea/8233874/North-Koreas-heir-apparent-launches-luxury-villa-construction-spree.html
2011-01-03,17:59:40,evcm0,26,'The English language has almost doubled in size in the past century as we are living in a rich linguistic peak',belfasttelegraph.co.uk,http://www.belfasttelegraph.co.uk/news/world-news/english-dictionaries-are-groaning-with-new-words-while-other-tongues-are-dying-out-15044685.html
2011-01-03,13:01:36,ev961,26,China boasts breakthrough in nuclear technology,reuters.com,http://www.reuters.com/article/idUSTRE7020DB20110103
2011-01-04,07:12:57,evo51,26,Investigation closes in on German weapons company - Police recently searched the offices of German arms company Heckler & Koch in connection with allegedly illegal weapon exports to Mexico used in the drugs war. One manager involved in the deal has already resigned.,dw-world.de,"http://www.dw-world.de/dw/article/0,,14742625,00.html"
2011-01-04,01:08:38,evhl2,24,Ugandan high court rules Rolling Stone newspaper cannot out homosexuals as planned.  Three men already outed receive damages.,bbc.co.uk,http://www.bbc.co.uk/news/world-africa-12107596
2011-01-03,08:37:59,ev5i4,23,Japan Pushes Away Skilled Immigrants Despite Aging Population,nytimes.com,http://www.nytimes.com/2011/01/03/world/asia/03japan.html?_r=1
2011-01-04,06:34:49,evngn,20,"Anticipating a WikiLeaks disclosure, Bank of America has begun scouring its own records for damage control.",nytimes.com,https://www.nytimes.com/2011/01/03/business/03wikileaks-bank.html?_r=3&pagewanted=1&partner=rss&emc=rss
2011-01-03,22:50:51,evfih,21,Greece decides to construct a fence along its border with Turkey to fend off an ongoing flood of economic migrants from the Middle East and North Africa.,hurriyetdailynews.com,http://www.hurriyetdailynews.com/n.php?n=greek--barrier-on-border-with-turkey-to-keep-out-migrants-2011-01-02
2011-01-04,05:37:19,evmfi,19,"European nations begin seizing private pensions: Hungary, Poland, and three other nations take over citizens' pension money to make up government budget shortfalls.",csmonitor.com,http://www.csmonitor.com/Business/The-Adam-Smith-Institute-Blog/2011/0102/European-nations-begin-seizing-private-pensions
2011-01-03,22:43:35,evfeq,20,Officials in Afghanistan said that the price of opium has doubled due to a blight. There are fears the higher prices will draw more farmers into that business.,reuters.com,http://www.reuters.com/article/idUSTRE7010G820110102
2011-01-03,22:53:31,evfju,22,Israel extends a six-month ban on the immigration of Palestinian Arabs married to Israelis.,google.com,http://www.google.com/hostednews/afp/article/ALeqM5gToKX31mMHrPFvS5sGNX5cFw4tOw
2011-01-04,05:02:50,evlw7,20,How the media distorted a minor moment in the Iraq war.,newyorker.com,http://www.newyorker.com/reporting/2011/01/10/110110fa_fact_maass
2011-01-03,22:48:15,evfh1,17,Egyptian media warns of civil war and increasing sectarian violence between Christians and Muslims as hundreds of Egyptian Christians protest in Alexandria and Cairo following the church bombing on new year's day.,google.com,http://www.google.com/hostednews/afp/article/ALeqM5gM4ojQSkgen45AIWUkmRXYIsEFwA
2011-01-03,09:06:17,ev5vn,18,"Egypt arrests 17 over deadly Coptic church attack in Alexandria - 
Security forces investigating the country's worst sectarian attack since 1999 focus on a local group inspired by al-Qaida",guardian.co.uk,http://www.guardian.co.uk/world/2011/jan/02/egypt-arrest-17-coptic-attack-alexandria
