2011-06-14,06:32:16,hyumr,1905,LulzSec strikes again,lulzsecurity.com,http://lulzsecurity.com/releases/fuck_fbi_friday_PRETENTIOUS%20PRESS%20STATEMENT.txt
2011-06-14,20:33:29,hzbow,1434,"$6.6bn in US cash for Iraq rebuilding 'stolen' - Middle East, World News - Independent.ie",independent.ie,http://www.independent.ie/world-news/middle-east/66bn-in-us-cash-for-iraq-rebuilding-stolen-2673598.html
2011-06-14,05:02:00,hys7v,428,"Goodyear blimp pilot advises passengers to jump ship moments before its explosion in Germany. Pilot and Australian native, Mike Nerandzic, died a hero.",dailytelegraph.com.au,http://www.dailytelegraph.com.au/news/world/heroic-aussie-pilot-in-airship-tragedy/story-e6frev00-1226074557543
2011-06-14,23:21:20,hzexr,418,Turkey Arrests 32 Anonymous Members,hothardware.com,http://hothardware.com/News/Turkey-Arrests-32-Anonymous-Members/
2011-06-14,20:22:57,hzbjs,328,"More than 70 percent of 29,284 firearms found in Mexico originated in the US",cnn.com,http://www.cnn.com/2011/US/06/14/mexico.guns/index.html?hpt=hp_p1&iref=NS1
2011-06-14,23:04:06,hzejv,210,Resisting the Arab Revolution - First Cracks Appear in Saudi Arabia's Forced Calm,spiegel.de,"http://www.spiegel.de/international/world/0,1518,768368,00.html"
2011-06-14,07:29:47,hyw5d,192,"Bill Gates pledges an extra $1bn to fight disease, asks for help to save another 4 million lives.",independent.co.uk,http://www.independent.co.uk/news/world/politics/bill-gatess-plea-help-me-save-four-million-lives-2296739.html
2011-06-14,17:27:53,hz9a8,188,"1,000's of protesters and security forces clash in China ",edition.cnn.com,http://edition.cnn.com/2011/WORLD/asiapcf/06/13/china.protests/index.html?hpt=hp_t1
2011-06-15,01:01:19,hzho4,97,"New Egypt? 7,000 civilians jailed since Mubarak fell ",mcclatchydc.com,http://www.mcclatchydc.com/2011/06/13/115722/egypt-military-7000-civilians.html
2011-06-15,06:10:53,hzqkd,76,The Same Financial Firms Responsible For Our Economic Crisis Are Driving Us Toward a Global Food Disaster,alternet.org,http://www.alternet.org/story/151250/the_same_financial_firms_responsible_for_our_economic_crisis_are_driving_us_toward_a_global_food_disaster_?akid=7111.203161.8ZM9NB&rd=1&t=5
2011-06-15,02:51:59,hzkve,68,THE Syrian government's attempts to conceal the extent of the crackdown in the country have taken on an Orwellian quality.,economist.com,http://www.economist.com/blogs/newsbook/2011/06/syrias-unrest?fsrc=scn/tw/te/bl/meanwhileinoceania
2011-06-14,16:24:31,hz8bo,65,"The Italians have cast their ballots -- and for the second time in a few weeks, Silvio Berlusconi was left holding the short stick. The country voted against nuclear energy and against the privatization of waterworks. But it has also become clear that the country has tired of its leader.",spiegel.de,"http://www.spiegel.de/international/europe/0,1518,768244,00.html"
2011-06-14,09:41:00,hyz95,49,32 Anons arrested in Turkey after government website attacks,arstechnica.com,http://arstechnica.com/security/news/2011/06/32-anonymous-arrested-in-turkey-after-government-web-site-attacks.ars?utm_source=feedburner&utm_medium=feed&utm_campaign=Feed%3A+arstechnica%2Findex+%28Ars+Technica+-+Featured+Content%29
2011-06-14,12:11:39,hz2w4,48,Greece has finally become the country with worst credit rating,bbc.co.uk,http://www.bbc.co.uk/news/business-13758305
2011-06-15,01:01:37,hzhof,46,"In Mexico, Growing Popular Movement Calls for End to Drug War - Traumatized by years of violence that have done little to curb the trade, Mexican activists are touring the country, demanding a new approach.",theatlantic.com,http://www.theatlantic.com/international/archive/2011/06/in-mexico-growing-popular-movement-calls-for-end-to-drug-war/240311/
2011-06-14,14:29:13,hz62l,40,"Source of Libya viagra-mass-rape story: a woman who claims she sent out 70000 questionnaires and received 60000 responses, of which 259 women reported sexual abuse at the hands of soldiers",csmonitor.com,http://www.csmonitor.com/World/Backchannels/2011/0613/The-Gay-Girl-in-Damascus-hoax-mass-rape-in-Libya-and-press-credulity
2011-06-14,22:38:25,hzdy9,42,"Syrian Unrest Stirs New Fear of Deeper Sectarian Divide --- After recent events, Turkish and American officials say they believe that some of the business elite have begun to turn against the Assad regime",nytimes.com,http://www.nytimes.com/2011/06/14/world/middleeast/14syria.html?_r=1&hp
2011-06-14,21:54:49,hzd1f,32,Nepal free of landmines five years after civil war,bbc.co.uk,http://www.bbc.co.uk/news/world-asia-pacific-13760249
2011-06-14,19:02:17,hzaiv,37,Japan's cabinet approves bill to bailout TEPCO who will face a total of 10 trillion yen ($124 billion) in compensation claims and will have to raise its electricity charges by 16 percent from next year to cover the costs,dw-world.de,"http://www.dw-world.de/dw/article/0,,6547560,00.html"
2011-06-14,23:04:45,hzekf,33,"McKinney said: ""NATO air strikes, quite unlike what NATO says, keep hitting non-military targets"".",rt.com,http://rt.com/news/nato-libya-uranium-weapons/
2011-06-14,21:38:53,hzcq2,31,China 'will not use force' in South China Sea disputes,bbc.co.uk,http://www.bbc.co.uk/news/world-asia-pacific-13759253
2011-06-14,18:12:55,hz9wk,31,"King’s sexual proclivities confound even Swedes: 
King Carl XVIGustaf has plunged the monarchy into a crisis because of allegations that he visited strip clubs, allowed a friend to pay a gangster to cover up the scandal and lied to his subjects.

",washingtontimes.com,http://www.washingtontimes.com/news/2011/jun/13/kings-sexual-proclivities-confound-even-swedes/
2011-06-15,05:54:23,hzq39,33,Violent Crime Soars in Athens,nytimes.com,http://www.nytimes.com/2011/06/15/world/europe/15iht-greece15.html?partner=rss&emc=rss
2011-06-15,00:36:13,hzgy3,31,Arab League states call for suspension of Syria,en.rian.ru,http://en.rian.ru/world/20110614/164609102.html
2011-06-15,06:06:13,hzqg1,25,"South China Sea: China vs. Vietnam -  Amid the escalating dispute over territorial waters, China’s rivals are toying with a simple idea: change the name of the sea.
",globalpost.com,http://www.globalpost.com/dispatch/news/regions/asia-pacific/china/110614/south-china-sea-china-vs-vietnam
2011-06-14,23:15:42,hzetl,24,Militants Escalate Attacks in Iraq,nytimes.com,http://www.nytimes.com/2011/06/15/world/middleeast/15iraq.html?ref=world
2011-06-14,18:57:29,hzah1,23,Nokia wins rare victory as Apple settles legal row,reuters.com,http://www.reuters.com/article/2011/06/14/us-nokia-apple-idUSTRE75D0Y720110614
2011-06-14,11:16:00,hz1ke,23,Samsung chairman says corruption rife,blogs.ft.com,http://blogs.ft.com/beyond-brics/2011/06/09/the-pot-calling-the-kettle-black-samsung-chief-calls-time-on-corruption/
2011-06-14,15:59:48,hz7vp,21,Growing exposure problems at Fukushima,nhk.or.jp,http://www3.nhk.or.jp/daily/english/13_29.html
2011-06-14,19:14:12,hzao9,22,"'Man-eating' shark rammed my boat,"" says Cornish fisherman -
Experienced seaman says attack was by aggressive oceanic whitetip, a species normally found only in warmer waters. Men in a 2nd boat also saw the shark.",guardian.co.uk,http://www.guardian.co.uk/uk/2011/jun/13/cornwall-fisherman-rammed-by-shark
