2011-10-26,03:37:17,loot8,1387,Apple Continues To Insist Only It Can Use An Apple In A Logo; Threatens Small German Cafe,techdirt.com,http://www.techdirt.com/articles/20111022/01124516464/apple-continues-to-insist-only-it-can-use-apple-logo-threatens-small-german-cafe.shtml
2011-10-26,22:30:43,lpnoq,1131,"London's Metropolitan Police discovers existence of a secret mobile phone within News International's east London HQ that was used in more than 1,000 incidents of illegal hacking",independent.co.uk,http://www.independent.co.uk/news/uk/crime/exclusive-met-finds-secret-phone-at-centre-of-ni-hacking-2375996.html
2011-10-26,09:51:04,lp3rq,790,"A top US government official believes that the internet is under fierce attack by authoritarian governments worldwide, and that the situation is rapidly deteriorating.
",theregister.co.uk,http://www.theregister.co.uk/2011/10/26/michael_posner_at_svhrc/
2011-10-26,21:03:03,lpllb,551,Javan rhino goes extinct in Vietnam after last rhino poached,csmonitor.com,http://www.csmonitor.com/World/Latest-News-Wires/2011/1026/Javan-rhino-goes-extinct-in-Vietnam-after-last-rhino-poached
2011-10-27,03:13:28,lpycm,534,"Colombian President Santos: Marijuana should be legalized worldwide - The Colombian head of state said that legalizing softer drugs could be a way forward, ""provided everyone does it at the same time.""",colombiareports.com,http://colombiareports.com/colombia-news/news/19937-marijuana-should-be-globally-legalized-santos.html
2011-10-26,22:38:16,lpnx9,413,"China will tighten its censorship of social media networks, the Communist Party said on Wednesday. Internet users will be punishable for publishing what the Party deems ""harmful information"".
",globalpost.com,http://www.globalpost.com/dispatch/news/regions/asia-pacific/china/111026/china-tighten-social-media-censorship
2011-10-26,00:47:29,lohtx,349,"The Man Who Knew Too Much —
Libyans may be celebrating the killing of Muammar al-Qaddafi, but you'd better believe that Western governments are breathing a sigh of relief themselves.",foreignpolicy.com,http://www.foreignpolicy.com/articles/2011/10/24/the_man_who_knew_too_much
2011-10-26,21:00:23,lplj3,293,"The bodies of 267 people have been found in Sirte, Libya; many appear to have been executed - Al Jazeera",blogs.aljazeera.net,http://blogs.aljazeera.net/liveblog/libya-oct-26-2011-1206
2011-10-26,12:16:00,lp9ik,241,"A Tibetan Buddhist monk doused himself in fuel and set himself ablaze in far western China on Tuesday, the tenth ethnic Tibetan this year to resort to the extreme form of protest",reuters.com,http://www.reuters.com/article/2011/10/26/us-china-tibet-idUSTRE79P0L120111026
2011-10-26,10:11:17,lp4jx,203,Australia is allowing the hunting of an endangered Great White Shark due to 3 fatalities that haven't been proven to actually be associated with the shark ,dailymail.co.uk,http://www.dailymail.co.uk/sciencetech/article-2053186/Australias-rogue-great-white-shark-probably-sharks-chasing-whales.html
2011-10-26,00:43:13,loho0,182,"Last rare rhinoceros in Vietnam killed by poacher, group says ",news.blogs.cnn.com,http://news.blogs.cnn.com/2011/10/25/last-rare-rhinoceros-in-vietnam-killed-by-poacher-group-says/?hpt=hp_t2
2011-10-27,01:23:00,lptxw,138,"Engineers, academics accuse feds of misleading public about oil supplies",fuelfix.com,http://fuelfix.com/blog/2011/10/26/engineers-academics-accuse-feds-of-misleading-public-about-oil-supplies/
2011-10-27,04:07:19,lq0l6,134,EU politician wants Internet surveillance built into every operating system,techdirt.com,http://www.techdirt.com/articles/20111021/11554216450/eu-politician-wants-internet-surveillance-built-into-every-operating-system.shtml
2011-10-26,05:04:02,loslp,116,The disaster at the Fukushima Daiichi nuclear plant in March released far more radiation than the Japanese government has claimed. So concludes a study that combines radioactivity data from across the globe to estimate the scale and fate of emissions from the shattered plant. ,nature.com,http://www.nature.com/news/2011/111025/full/478435a.html
2011-10-26,21:56:36,lpmsd,108,Arab World Opinion Turns Overwhelmingly Against Syria's Assad,theatlantic.com,http://www.theatlantic.com/international/archive/2011/10/arab-world-opinion-turns-overwhelmingly-against-syrias-assad/247335/
2011-10-27,03:21:14,lpyp3,101,New Tunisian Government Promises ‘Dignity’ For Gays,thinkprogress.org,http://thinkprogress.org/lgbt/2011/10/26/353833/new-tunisian-government-promises-dignity-for-gays/
2011-10-26,22:18:11,lpncj,80,"Iceland: Genealogical website helps couples avoid incest, and of course, to see if Bjork is a cousin.",globalpost.com,http://www.globalpost.com/dispatch/news/offbeat/111011/wanderlust-iceland-where-everyone-related-bjork
2011-10-26,03:18:18,lonyk,74,"Turkey asks for quake help, Israel sending special equipment ",jpost.com,http://www.jpost.com/DiplomacyAndPolitics/Article.aspx?id=243144
2011-10-26,13:14:16,lpbnz,52,"Why the image of French police is taking a beating:  A handful of France’s most renowned police officers have recently been implicated in a string of scandals involving drugs, prostitution, bribes, and spying on journalists, resulting in a storm of negative attention for French law enforcement. ",france24.com,http://www.france24.com/en/20111024-french-police%E2%80%99-image-takes-hit-scandals-pile
2011-10-26,09:52:45,lp3tp,43,Occupy Melbourne protesters turn on police in city,heraldsun.com.au,http://www.heraldsun.com.au/news/occupy-melbourne-protesters-turn-on-police-in-city/story-e6frf7jo-1226176638200
2011-10-27,02:36:18,lpwvj,36,Gaddafi's driver on the endgame: 'He didn't seem to know what to do',guardian.co.uk,http://www.guardian.co.uk/world/2011/oct/26/gaddafi-driver-interview
2011-10-27,05:05:34,lq30l,31,Switzerland has denied visas to President Robert Mugabe's wife Grace and five top Zimbabwean officials,thelocal.ch,http://www.thelocal.ch/1583/20111026/
2011-10-27,03:46:25,lpzq6,30,The City of Dubrovnik will award all regular blood donors with free parking in the city’s centre.,croatiantimes.com,http://www.croatiantimes.com/news/General_News/2011-10-26/22777/Dubrovnik_offers_free_parking_for_blood
2011-10-27,06:57:08,lq7k7,25,"Pope Approves Of Occupy Wallstreet, Oh Joy!",npr.org,http://www.npr.org/2011/10/26/141659992/occupy-wall-streets-most-unlikely-ally-the-pope
2011-10-26,12:15:31,lp9hs,25,Tenth Tibetan monk burns self in west China,reuters.com,http://www.reuters.com/article/2011/10/26/us-china-tibet-idUSTRE79P0L120111026?feedType=RSS&feedName=worldNews&utm_source=feedburner&utm_medium=feed&utm_campaign=Feed%3A+reuters%2FworldNews+%28News+%2F+US+%2F+International%29
2011-10-26,23:56:59,lpqmb,29,Dismembered bodies found all over Juárez,elpasotimes.com,http://www.elpasotimes.com/ci_19190390?source=most_viewed
2011-10-27,03:30:11,lpz1w,21,Germany Is Already Printing Money - Deutsche Marks ,seekingalpha.com,http://seekingalpha.com/article/302290-germany-is-already-printing-money-deutsche-marks
2011-10-27,03:57:14,lq06u,19,"Merkel wants permanent supervision of Greece, warns of potential war.",euobserver.com,http://euobserver.com/19/114075
2011-10-26,15:17:54,lpfe3,15,Oktoberfest Bombing Under Review: Officials Ignored Right-Wing Extremist Links ,spiegel.de,"http://www.spiegel.de/international/germany/0,1518,793722,00.html"
2011-10-26,10:45:20,lp5v6,14,"Seven billion, but how many more",bbc.co.uk,http://www.bbc.co.uk/news/world-15445092
