2011-03-27,05:43:22,gc4if,1466,"Massive demonstration today in Britain. 400,000 protest against budget cuts for the people and tax-breaks for the rich.",bbc.co.uk,http://www.bbc.co.uk/news/uk-12871357
2011-03-27,21:53:18,gcgx1,998,Report of a huge radiation spike at Japan nuclear plant was FALSE.,news.yahoo.com,http://news.yahoo.com/s/ap/20110327/ap_on_bi_ge/as_japan_earthquake;_ylt=AtXNekol9zKsPrlOXZeP6SOs0NUE;_ylu=X3oDMTNqb3RlaXNpBGFzc2V0A2FwLzIwMTEwMzI3L2FzX2phcGFuX2VhcnRocXVha2UEY2NvZGUDbW9zdHBvcHVsYXIEY3BvcwMxBHBvcwMyBHB0A2hvbWVfY29rZQRzZWMDeW5fdG9wX3N0b3J5BHNsawNqYXBhbmh1Z2VyYWQ-
2011-03-27,00:04:49,gbzjn,724,"Woman cries for help, says abused by Gaddafi men",af.reuters.com,http://af.reuters.com/article/libyaNews/idAFLDE72P03B20110326?pageNumber=1&virtualBrandChannel=0&sp=true
2011-03-28,06:20:40,gcod3,530,UK cuts taxes for the richest the day after 250000+ march in protest of government spending cuts,guardian.co.uk,http://www.guardian.co.uk/politics/2011/mar/27/cable-confirms-ending-50p-tax-rate
2011-03-27,00:41:36,gc060,294,Tripoli Shock: Minders Snatch 'Rape Victim',news.sky.com,http://news.sky.com/skynews/Article/201009115960663
2011-03-27,00:10:18,gbzn4,222,Should lying be illegal? Canada's broadcasters debate.,theatlantic.com,http://www.theatlantic.com/international/archive/2011/03/should-lying-be-illegal-canadas-broadcasters-debate/72866/
2011-03-27,19:08:27,gcfmp,155,"Female medic awarded Military Cross for bravery: 
Lance Corporal Kylie Watson twice risked her life under heavy fire to treat two gravely wounded Afghan soldiers",telegraph.co.uk,http://www.telegraph.co.uk/news/worldnews/asia/afghanistan/8408236/Female-medic-awarded-Military-Cross-for-bravery.html
2011-03-28,01:28:38,gcjqs,77,Germany: Angela Merkel 'to lose key state election' - Green Party  benefits greatly from nuclear accident in Japan,bbc.co.uk,http://www.bbc.co.uk/news/world-europe-12876083
2011-03-27,02:08:28,gc0m9,79,Libyan rebel commander admits his fighters have al-Qaeda links,telegraph.co.uk,http://www.telegraph.co.uk/news/worldnews/africaandindianocean/libya/8407047/Libyan-rebel-commander-admits-his-fighters-have-al-Qaeda-links.html?sms_ss=reddit&at_xt=4d8e1d7be9d5a23e%2C0
2011-03-28,01:41:32,gcjy3,74,Borneo tribes: 30-year regime ‘has destroyed everything’,groundreport.com,http://www.groundreport.com/World/Borneo-tribes-30-year-regime-has-destroyed-everyth/2937284
2011-03-27,22:59:44,gchkw,57,Veena Malik -  Pakistani actress defies mullah accusing her of immoral behavior. We desperately need more women like her. I sincerely hope she’ll be safe,nationalreview.com,http://www.nationalreview.com/corner/263156/re-veema-malik-jonah-goldberg
2011-03-27,14:49:18,gcd08,57,New Libyan rebel leader spent much of past 20 years in suburban Virginia,miamiherald.com,http://www.miamiherald.com/2011/03/26/2136063/new-libyan-rebel-leader-spent.html
2011-03-28,03:45:03,gcm8i,46,Sixth police spy in protest movement unmasked,guardian.co.uk,http://www.guardian.co.uk/environment/2011/mar/26/sixth-police-spy-unmasked
2011-03-27,14:05:26,gcce5,41,"Radiation 10-million-times normal levels detected at 
No.2 reactor",nhk.or.jp,http://www3.nhk.or.jp/daily/english/27_12.html
2011-03-28,06:43:29,gcop0,37,Saudi Arabia: Arrests for Peaceful Protest on the Rise,hrw.org,http://www.hrw.org/en/news/2011/03/27/saudi-arabia-arrests-peaceful-protest-rise
2011-03-28,06:49:15,gcotj,34,"Pakistan:  A Revolution Against Whom?  ""In Pakistan … we get rid of our dictators every ten years or so… There is no 'regime' to overthrow … the first question is: an uprising against whom?""",english.aljazeera.net,http://english.aljazeera.net/indepth/features/2011/03/2011322132948393481.html
2011-03-27,23:10:38,gchp9,33,"TOKYO — Workers were evacuated Sunday from one of the contaminated turbine buildings at the Fukushima Daiichi nuclear plant after a massive spike in radioactivity measurements. But the Tokyo Electric Power Co., which operates the facility, said hours later that the reading was a mistake",washingtonpost.com,http://www.washingtonpost.com/world/radiation-levels-reach-new-highs-as-conditions-worsen-for-workers/2011/03/27/AFsMLFiB_story.html
2011-03-27,14:07:40,gccfb,29,Hundreds of thousands of protesters march in London. [VIDEO],youtube.com,http://www.youtube.com/watch?v=1XpkE-ZVisk&feature=player_embedded#at=36
2011-03-28,02:58:01,gclct,25,"""A woman at the centre of the trial involving serious allegations of violent assault by Colonel Gaddafi’s nephew has given disturbing new evidence about how senior members of the Libyan regime were able to flout the law with impunity under Tony Blair’s Government.""
",dailymail.co.uk,http://www.dailymail.co.uk/news/article-1370245/Karen-Etchebery-beaten-Gaddafis-nephew-intimidated-thugs.html?ito=feeds-newsxml
2011-03-27,12:50:08,gcbb0,22,Desperate Tripoli woman violently dragged away by Colonel Qaddafi’s security forces before horrified reporters,dailykos.com,http://www.dailykos.com/story/2011/03/26/960439/-Desperate-Tripoli-woman-violently-Disappeared-before-horrified-reporters
2011-03-27,23:58:46,gcic1,16,"""The gains signify that the rebel forces have reclaimed all of the territory they lost to Gadhafi's forces at the start of the war.""",cnn.com,http://www.cnn.com/2011/WORLD/africa/03/27/libya.war/index.html?hpt=T1
2011-03-27,14:42:21,gccwa,15,Radioactivity soars in Japan reactor: 10 million times higher than normal.,english.aljazeera.net,http://english.aljazeera.net/news/asia-pacific/2011/03/201132741147837280.html
2011-03-27,12:51:50,gcbbw,17,Uncertainty as Japan's radiation levels surge,abc.net.au,http://www.abc.net.au/news/stories/2011/03/27/3174814.htm?section=justin
2011-03-27,10:41:08,gc9cl,16,"Maher quoted Einstein during the segment who said this: ""If the bee disappeared off the surface of the globe then man would only have four years of life left. No more bees, no more pollination, no more plants, no more animals, no more man.""",videocafe.crooksandliars.com,http://videocafe.crooksandliars.com/heather/ellen-page-and-our-vanishing-bees
2011-03-27,22:44:54,gchfh,16,Japan nuclear crisis: Radiation spike report 'mistaken',bbc.co.uk,http://www.bbc.co.uk/news/world-asia-pacific-12875327
2011-03-27,13:09:19,gcbl9,15,"Protest in Montreal, Canada Demanding Immediate Actions Against The Violation of Human Rights in Bahrain.",youtube.com,http://www.youtube.com/watch?v=VVxczqZSHBU
2011-03-27,10:58:39,gc9mj,16,'A Costly Defeat For Deutsche Bank': Wave Of Lawsuits Expected,dailybail.com,http://dailybail.com/home/costly-defeat-for-deutsche-bank-more-lawsuits-expected.html
2011-03-27,17:49:26,gcf0a,15,Inside Gaddafi's brutal prison: Ghaith Abdul-Ahad's Libyan ordeal,guardian.co.uk,http://www.guardian.co.uk/world/2011/mar/25/inside-gaddafis-brutal-prison?CMP=twt_gu
2011-03-28,00:22:06,gcind,14,Yemeni militants seize control of weapons factory,hosted2.ap.org,http://hosted2.ap.org/APDefault/*/Article_2011-03-27-ML-Yemen-Attack/id-d0637d1d74544bbf9252752c0d48b1f4
2011-03-27,15:06:34,gcd9f,10,Libyan war in 10 videos,neglectedwar.com,http://neglectedwar.com/blog/archives/3816
