2011-12-30,09:55:52,nvo39,1850,Mexican Drug War - Five Years Later (images),blogs.denverpost.com,http://blogs.denverpost.com/captured/2011/12/21/in-focus-mexico-drug-war-five-years-later/5151/
2011-12-30,01:54:30,nv4hp,1199,"US sells over 80 F-15s to Saudi Arabia, worth $30 billion",globalpost.com,http://www.globalpost.com/dispatch/news/regions/americas/united-states/111229/us-sells-f-15s-saudi-arabia-worth-30-billion
2011-12-30,01:10:33,nv2ru,1008,"2 Doctors Without Borders workers shot in Somalia
",news.yahoo.com,http://news.yahoo.com/2-doctors-without-borders-workers-shot-somalia-144948637.html
2011-12-30,02:28:59,nv5xe,658,99-year-old divorces wife after he discovered 1940s affair,telegraph.co.uk,http://www.telegraph.co.uk/news/newstopics/howaboutthat/8982958/99-year-old-divorces-wife-after-he-discovered-1940s-affair.html
2011-12-31,02:39:08,nwi9a,311,Hacker Community trying to Circumvent Internet Censorship with Amateur Satellites,bbc.co.uk,http://www.bbc.co.uk/news/technology-16367042
2011-12-30,21:15:29,nw7yc,198,Syrian security forces fire nail bombs at tens of thousands of protesters in Douma,news.yahoo.com,http://news.yahoo.com/arab-observers-fan-syria-violence-rages-022929875.html
2011-12-30,21:36:09,nw8cl,152,How India is Winning the Future With Solar Energy  - China is showing a new interest in India’s growing demand,nytimes.com,http://www.nytimes.com/2011/12/29/business/energy-environment/in-solar-power-india-begins-living-up-to-its-own-ambitions.html?_r=1&ref=earth
2011-12-30,12:21:19,nvtyt,131,"India fails to pass anti-corruption law, attention now turns to electoral politics, and who takes the blame
",globalpost.com,http://www.globalpost.com/dispatches/globalpost-blogs/the-rice-bowl/india-fails-pass-anti-corruption-law
2011-12-30,09:49:31,nvntu,115,"Kurds protest over deadly Turkey air raid:  At least 35 killed in air raid in southeastern part of country, prompting violent protest in Istanbul.",aljazeera.com,http://www.aljazeera.com/news/europe/2011/12/20111229824112567.html
2011-12-30,06:47:14,nvg6b,104,"Hugo Chavez blames the U.S. for the fact that he developed cancer, and speculates that the U.S. has weaponized cancer and is giving it to Latin American leaders.",news.yahoo.com,http://news.yahoo.com/venezuelas-chavez-did-u-latin-american-leaders-cancer-065103256.html
2011-12-31,02:11:49,nwh2x,96,"After all the street protests, India fails to pass anticorruption law",csmonitor.com,http://www.csmonitor.com/World/Latest-News-Wires/2011/1230/After-all-the-street-protests-India-fails-to-pass-anticorruption-law
2011-12-30,15:01:43,nvzxv,87,US warships cross Hormuz despite Iranian threats,heraldsun.com.au,http://www.heraldsun.com.au/news/world/us-warships-cross-hormuz-despite-iranian-threats/story-e6frf7lf-1226233254875
2011-12-30,20:27:01,nw727,87,"New Contraceptive Rule in China Sparks Outrage - ""This amounts to asking people to register before they make love.""  Women buying emergency contraceptives must give their real names & ID card numbers.",gmanetwork.com,http://www.gmanetwork.com/news/story/243124/scitech/socialmedia/new-contraceptive-rule-in-china-sparks-outrage
2011-12-31,01:25:25,nwf9e,76,"The Lies that Europe's Politicians Tell Themselves ---
The euro zone has been built on lies, the idea that the common currency could work without political union. But Europe's politicians are currently suffering from an equally fatal delusion -- that they have time to fix the crisis.",spiegel.de,"http://www.spiegel.de/international/europe/0,1518,806469,00.html"
2011-12-31,01:08:43,nweo8,54,The Spanish government will increase the length of the work week for the civil service to 37.5 hours from the current 35 hours in austerity measure.,wsws.org,http://www.wsws.org/articles/2011/dec2011/spai-d21.shtml
2011-12-30,17:21:11,nw3m0,47,Snipers rule the streets in the besieged Syrian city of Homs,edition.cnn.com,http://edition.cnn.com/2011/12/28/world/meast/syria-homs-scene/index.html?hpt=hp_c2
2011-12-30,10:55:22,nvqjx,47,"North Korea warned on Friday South Korea and ""other foolish politicians around the world"" should not expect it to change its policies",feeds.reuters.com,http://feeds.reuters.com/~r/reuters/worldNews/~3/lA_z7-dgXKU/us-korea-north-idUSTRE7BT04S20111230
2011-12-30,11:28:19,nvru7,44,Turkey forced to admit victims of bombing were not Kurdish separatist fighters,guardian.co.uk,http://www.guardian.co.uk/world/2011/dec/29/turkish-air-strikes-iraq-border
2011-12-30,15:50:36,nw1em,43,UK: Thatcher Considered Jailing Reporters,bloomberg.com,http://www.bloomberg.com/news/2011-12-30/thatcher-cabinet-discussed-jailing-reporters-over-riot-coverage.html
2011-12-30,09:04:00,nvlwv,41,A woman in French city Brittany was slapped with a €35 ($45) fine after police spotted her driving her car wearing a full-face veil.,thelocal.fr,http://www.thelocal.fr/2153/20111229/
2011-12-30,22:41:23,nw9uh,33,The Associated Press: Hundreds of thousands of Syrians protest govt,google.com,http://www.google.com/hostednews/ap/article/ALeqM5h8sGE5eMXEIyYodVboQ_lXouFcpg?docId=0ce35ce578304a1ba9b4f53facfbc67d
2011-12-30,00:08:21,nv0dg,35,Nuclear submarine on fire in northern Russia,rt.com,http://rt.com/news/nuclear-submarine-fire-russia-929/
2011-12-31,03:16:43,nwjux,33,"Despite the Arab League's presence, Syrian troops fired into crowds of thousands of unarmed protesters, killing dozens",globalpost.com,http://www.globalpost.com/dispatch/news/regions/middle-east/111230/syria-protesters-clash-troops-during-arab-leagues-stay
2011-12-31,01:33:13,nwfjy,31,"Beate Zschäpe is allegedly the only surviving member of the German neo-Nazi terror cell, which is suspected of murdering at least 10 people, but she refuses to talk. In an exclusive interview, SPIEGEL ONLINE spoke with her public defender about the case and what he thinks of his client. ",spiegel.de,"http://www.spiegel.de/international/germany/0,1518,806071,00.html"
2011-12-31,02:11:59,nwh3a,26,North Korea Restores Order to Kim Funeral With Photoshop,abcnews.go.com,http://abcnews.go.com/blogs/headlines/2011/12/north-korea-restores-order-to-kim-funeral-with-photoshop/
2011-12-31,03:53:48,nwlgi,22,"Japan's Tsunami debris spotted along 
West Coast U.S 
",news.blogs.cnn.com,http://news.blogs.cnn.com/2011/12/29/tsunami-debris-spotted-along-west-coast/?hpt=hp_t2
2011-12-31,07:14:14,nwtqb,20,Would you take a replica cruise of the Titanic's maiden voyage?,newsfeed.time.com,http://newsfeed.time.com/2011/12/30/would-you-take-a-replica-cruise-of-the-titanics-maiden-voyage/?hpt=hp_t3
2011-12-30,16:54:04,nw30z,21,"Residents Warned About Drinking Water After Train Carrying 1500 Dry Tonnes of Copper Concentrate Derails Spilling Toxins Into River, While Heavy Rains May Cause Problems From an Upstream Goldmine  - ""It's the worst sequence of things that could have happened.""














",theaustralian.com.au,http://www.theaustralian.com.au/news/nation/copper-train-toxic-river-spill-sparks-drinking-water-warning/story-e6frg6nf-1226232209389
2011-12-30,20:00:32,nw6kz,16,Criticism after India corruption bill vote delayed:  India's opposition parties have bitterly criticised the government for its failure to put the controversial anti-corruption Lokpal bill to a vote in the upper house of parliament.,bbc.co.uk,http://www.bbc.co.uk/news/world-asia-india-16361535
2011-12-30,18:05:15,nw4h3,14,Jamaica's opposition wins resounding majority,abc.net.au,http://www.abc.net.au/news/2011-12-30/jamaica-opposition-wins-landslide-vote/3753152
