2011-11-05,18:54:50,m1b8j,2431,A senior Indian police officer was on Friday night forcibly dumped into an insane asylum after claiming the cheif minister was corrupt.,timesofindia.indiatimes.com,http://timesofindia.indiatimes.com/india/UP-cop-calls-Mayawati-govt-corrupt-dumped-in-mental-asylum/articleshow/10616560.cms
2011-11-05,01:11:40,m0h3k,1453,"British student fights extradition to US over TVShack link site: His attorney argued that O'Dwyer should not be sent to the US because operating a ""link site,"" which links to copies of copyrighted movies but does not actually host them, is not a crime under British law",arstechnica.com,http://arstechnica.com/tech-policy/news/2011/11/british-student-fights-extradition-to-us-over-tvshack-link-site.ars
2011-11-05,21:12:20,m1d5b,1450,"One day, dinner with a 16-year old Pakistani kid at event to explain US drone policy. Next day, kid killed by drone strike.",nytimes.com,http://www.nytimes.com/2011/11/04/opinion/in-pakistan-drones-kill-our-innocent-allies.html
2011-11-05,02:29:11,m0kdk,937,Anonymous calls off outing of cartel after release of kidnapped member,arstechnica.com,http://arstechnica.com/tech-policy/news/2011/11/anonymous-calls-off-outing-of-narco-cartel-after-release-of-kidnapped-member.ars
2011-11-05,05:30:24,m0rfw,237,"Mexican member of Anonymous released by the Zetas drug cartel ahead of a threat by the Web group to expose details of the crime ring's activities, Mexican television reports",google.com,http://www.google.com/hostednews/afp/article/ALeqM5hl_y9XjxPsTmlHrQj0VoViN3mwdg?docId=CNG.d8a458444a1f0fb688322c8410b26047.821
2011-11-05,09:20:39,m0z2i,173,"Rhino poaching in South Africa has hit a new record high, with 341 of the animals lost to poachers so far this year as black-market demand for rhino horn soars, wildlife group WWF said.",abc.net.au,http://www.abc.net.au/news/2011-11-04/rhino-poaching-hits-record/3626308
2011-11-05,00:07:47,m0emd,144,"Global carbon dioxide output soaring: US department of energy says greenhouse emissions rose six per cent in 2010, far more than recent worst case scenario.",english.aljazeera.net,http://english.aljazeera.net/news/americas/2011/11/201111402622633852.html
2011-11-05,19:05:37,m1bdn,130,"Four million migrating birds will be killed by illegal Spanish hunters this year, many dying a slow, sticky death in traps that literally glue the animals to the ground ...and sold to restaurants for tapas",guardian.co.uk,http://www.guardian.co.uk/world/2011/nov/04/birds-migrating-spain-killed-hunters
2011-11-06,01:26:27,m1jcx,101,"Increasing earthquake activity and harmonic tremors on the Canary Island of El Hierro.  Residences frightened, running out of food.  Landslides happening.  Beginnings of a major eruption?",earthquake-report.com,http://earthquake-report.com/2011/09/25/el-hierro-canary-islands-spain-volcanic-risk-alert-increased-to-yellow/
2011-11-05,12:34:22,m14q4,80,"John R. Opel, Who Made I.B.M. a Colossus, Dies at 86.",nytimes.com,http://www.nytimes.com/2011/11/05/business/john-r-opel-who-made-ibm-a-colossus-dies-at-86.html?_r=1&partner=rss&emc=rss
2011-11-05,18:16:04,m1aqv,76,"Interns work – and should be paid, lawyers warn ministers. Government legal advice suggests employers are breaking law by not following national minimum wage rules",guardian.co.uk,http://www.guardian.co.uk/money/2011/nov/04/interns-work-paid-lawyers
2011-11-05,01:48:38,m0in7,74,"A one-month old baby, said to hold a diploma, was on the Nigerian government payroll, officials have discovered, exposing the levels to which corruption runs in Africa's most populous country.",google.com,http://www.google.com/hostednews/afp/article/ALeqM5iYJ2Jhq4-SwoDMbOy-V_wh-6i76Q?docId=CNG.118b849be09553f14492ba9a716d016b.3f1
2011-11-06,04:26:45,m1p3v,62,"24 Hours at Fukushima, A blow-by-blow account of the worst nuclear accident since Chernobyl",spectrum.ieee.org,http://spectrum.ieee.org/energy/nuclear/24-hours-at-fukushima
2011-11-05,22:10:14,m1e6c,63,European Union: we'll make UK cut bank bonuses,independent.co.uk,http://www.independent.co.uk/news/world/europe/eu-well-make-uk-cut-bank-bonuses-6257548.html
2011-11-05,15:30:16,m18j1,63,"Ireland closes its Vatican mission following sex scandals, filling its luxurious Vatican embassy with Italian ambassadorial staff instead.",guardian.co.uk,http://www.guardian.co.uk/world/2011/nov/04/ireland-closure-vatican-embassy-catholic?newsfeed=true
2011-11-05,12:52:14,m156e,56,Farc leader Alfonso Cano killed,abc.net.au,http://www.abc.net.au/news/2011-11-05/alfonso-cano-killed-in-colombia/3637296?section=justin
2011-11-05,18:03:28,m1al7,44,Bedouin battle to stay in their villages ends in rubble,smh.com.au,http://www.smh.com.au/world/bedouin-battle-to-stay-in-their-villages-ends-in-rubble-20111104-1mzzf.html
2011-11-06,00:01:26,m1gwc,46,"Contingency plan --- If Syria was serious when it signed an agreement with the Arab League to call off its troops and enter into negotiations with the opposition, it has a funny way of showing it.

Already since Wednesday, 40 pro-democracy protesters have died at the hands of security forces

",dailystar.com.lb,http://www.dailystar.com.lb/Opinion/Editorial/2011/Nov-05/153219-contingency-plan.ashx#axzz1cpgIzkSv
2011-11-05,19:28:11,m1bop,45,"Swimming Naked In China --- 
""It’s obvious that high economic growth has concealed many high-risk and illegal activities and practices that may have bolstered growth, but also sowed the seeds for financial mass destruction"". Here's what China has been hiding",the-diplomat.com,http://the-diplomat.com/2011/11/03/swimming-naked-in-china/?all=true
2011-11-05,08:01:33,m0wm4,34,"Pakistan lies. It hosted Osama bin Laden. Its government is barely functional. It hates the democracy next door. It is home to both radical jihadists and a large and growing nuclear arsenal. Its intelligence service sponsor attacks on American troops. With a friend like this, who needs enemies?",theatlantic.com,http://www.theatlantic.com/magazine/archive/2011/12/the-ally-from-hell/8730/?single_page=true#
2011-11-05,23:17:24,m1fpl,30,"Greece prepares for departure of George Papandreou:  Greece's new leader is likely to be Evangelos Venizelos, who has been reassuring eurozone leaders on bailout crisis",guardian.co.uk,http://www.guardian.co.uk/world/2011/nov/05/greece-papandreou-likely-resignation
2011-11-06,00:45:24,m1i44,29,BBC News - Nigeria Boko Haram attack kills 63 in Damaturu,bbc.co.uk,http://www.bbc.co.uk/news/world-africa-15605041
2011-11-06,03:21:53,m1n16,23,The Privileges of China’s Elite Include Purified Air,nytimes.com,http://www.nytimes.com/2011/11/05/world/asia/the-privileges-of-chinas-elite-include-purified-air.html?_r=1
2011-11-05,23:51:03,m1glu,23,Anonymous says Facebook attack was never real.,news.cnet.com,http://news.cnet.com/8301-27080_3-57319073-245/anonymous-says-facebook-attack-was-never-real/
2011-11-05,12:10:21,m143b,22,Saudi Arabia marks first day of Hajj - Security becomes logistical challenge as millions of Muslims make pilgrimage to Islam's holiest site.,english.aljazeera.net,http://english.aljazeera.net/video/middleeast/2011/11/2011114115513210198.html
2011-11-05,11:38:21,m134y,20,Top Farc rebel leader Alfonso Cano killed in Colombia according to security forces,bbc.co.uk,http://www.bbc.co.uk/news/world-15604456
2011-11-05,23:29:44,m1g0w,16,The Hajj 2011 in pictures,globalpost.com,http://www.globalpost.com/photo-galleries/planet-pic/5680337/hajj-2011-muslims-pilgrimage-mecca-photos
2011-11-06,03:14:51,m1mtz,16,Industry rights groups tell British Telecom to block access to The Pirate Bay,bbc.co.uk,http://www.bbc.co.uk/news/technology-15598438
2011-11-05,15:16:36,m18ag,18,Several people reported dead in crash involving 27 cars on the M25 in England,bbc.co.uk,http://www.bbc.co.uk/news/uk-england-somerset-15603124
2011-11-05,18:39:31,m1b0t,15,"Multiple explosions hit Nigerian cities: Several people injured during series of suicide attacks and car bombs in Maiduguri, Damaturu and Potiskum.",english.aljazeera.net,http://english.aljazeera.net/news/africa/2011/11/201111475740257828.html
