2011-08-25,15:54:05,jtsth,741,Syrian Army shooting live rounds at civilian homes proving a blatant disregard for civilians.,youtube.com,http://www.youtube.com/watch?v=3l0S-dMKPO8
2011-08-25,09:18:22,jth1k,297,"Some 12 million people around the world do not have citizenship of any country, and are being denied basic human rights as a result, the UN has warned.",bbc.co.uk,http://www.bbc.co.uk/news/world-14654066
2011-08-25,03:13:44,jt3us,290,Strong 6.8 magnitude earthquake shakes central Peru,reuters.com,http://www.reuters.com/article/2011/08/24/us-peru-quake-idUSTRE77N5SS20110824
2011-08-26,03:52:30,juanc,166,Colombia Supreme Court decriminalizes drugs for personal use,colombiareports.com,http://colombiareports.com/colombia-news/news/18557-colombian-supreme-court-decriminalizes-drugs-for-personal-use.html
2011-08-25,11:52:28,jtm4f,152,"300,000 anti-dengue mosquitoes released in Australia in effort to block spread of the disease",newscientist.com,http://www.newscientist.com/article/dn20827-antidengue-mosquitoes-released-in-australia.html
2011-08-26,00:45:17,ju41z,149,Syrian cartoonist's hands broken as 'warning' ,msnbc.msn.com,http://www.msnbc.msn.com/id/44271873/ns/world_news-mideast_n_africa/
2011-08-25,18:15:38,jtv8v,134,British SAS leads hunt for Gaddafi.,telegraph.co.uk,http://www.telegraph.co.uk/news/worldnews/africaandindianocean/libya/8721291/Libya-SAS-leads-hunt-for-Gaddafi.html
2011-08-25,11:27:02,jtl9m,130,"Paypal founder now looking to create start-up ""countries"" ",techcocktail.com,http://techcocktail.com/paypal-founder-funds-startup-micro-nations-2011-08
2011-08-25,22:17:58,jtzhj,115,"Libyan rebels say Muammar Gaddafi surrounded - ""he man who led Libya for four decades was hiding in the buildings with some of his sons.""",reuters.com,http://www.reuters.com/article/2011/08/25/us-libya-compound-gaddafi-idUSTRE77O42920110825
2011-08-25,19:49:49,jtwop,96,Syrian forces beat up political cartoonist Ali Ferzat,guardian.co.uk,http://www.guardian.co.uk/world/2011/aug/25/syria-cartoonist-ali-ferzat-beaten
2011-08-26,04:27:59,jubxo,77,Gaddafi's Fleeing Mercenaries Describe the Collapse of the Regime,time.com,"http://www.time.com/time/world/article/0,8599,2090205,00.html"
2011-08-25,19:03:11,jtvxo,69,China proposes banning torture testimony; new law will not explicitly forbid physical maltreatment,chinadaily.com.cn,http://www.chinadaily.com.cn/china/2011-08/25/content_13184732.htm#
2011-08-25,12:52:28,jto26,51,North-west Africa’s minority: Springtime for them too? -- The Berbers join the Arab revolt,economist.com,http://www.economist.com/node/21525925
2011-08-26,01:52:51,ju6f3,56,"A fresh abuse scandal shocked Austrians on Thursday when police revealed that a father in a small village had allegedly held his daughters prisoner for more than 40 years, sexually abusing them repeatedly. The case came to light only by chance, and the alleged perpetrator has been arrested.",spiegel.de,"http://www.spiegel.de/international/europe/0,1518,782467,00.html"
2011-08-25,08:10:57,jtetg,46,Google to pay $500m over Canadian drug adverts,telegraph.co.uk,http://www.telegraph.co.uk/finance/newsbysector/mediatechnologyandtelecoms/digital-media/8721118/Google-to-pay-500m-over-Canadian-drug-adverts.html
2011-08-26,02:37:48,ju7zj,42,"Arctic sea routes open as ice melts: Two major Arctic shipping routes have opened as summer sea ice melts, European satellites have found.",bbc.co.uk,http://www.bbc.co.uk/news/science-environment-14670433
2011-08-25,22:59:25,ju0nh,39,Mexican terrorists target nanotech researchers with package bombs,timesunion.com,http://www.timesunion.com/local/article/Mexican-terrorists-target-nanotech-researchers-2138343.php
2011-08-25,22:31:25,jtzua,37,Tripoli Fighting: Rebels 'Corner Gaddafi' in apartments,news.sky.com,http://news.sky.com/home/world-news/article/16056406
2011-08-26,02:30:41,ju7qm,37,"Visa and MasterCard credit cards are no longer valid 
in Syria under new U.S. sanctions (AP)",boston.com,http://www.boston.com/business/articles/2011/08/25/visa_other_cards_not_valid_under_syria_sanctions/
2011-08-26,00:38:11,ju3t8,35,"Indian lawmakers agreed to discuss stringent anti-corruption law proposed by reform activist, Anna Hazare, whose eight-day fast demanding the legislation has drawn burgeoning support and tested the scandal-tainted gov't",news.yahoo.com,http://news.yahoo.com/govt-discuss-law-proposed-fasting-activist-144151653.html
2011-08-26,05:43:58,juekb,32,Ukraine turns nuclear missile base into a museum ,bbc.co.uk,http://www.bbc.co.uk/news/world-europe-14671046
2011-08-26,00:12:49,ju2zl,33,CNN: Rebels believe they have surrounded Gadhafi near compound,cnn.com,http://www.cnn.com/2011/WORLD/africa/08/25/libya.war/index.html?hpt=hp_t2
2011-08-25,03:02:00,jt3fx,33,China says Google has not sought approval on Motorola bid ,reuters.com,http://www.reuters.com/article/2011/08/24/us-china-google-motorola-idUSTRE77N0PP20110824
2011-08-25,20:52:55,jtxqp,30,Scotland Yard paid John Yates's legal bills to restrain The Guardian from reporting on the hacking scandal.,guardian.co.uk,http://www.guardian.co.uk/uk/2011/aug/25/met-yates-legal-bills
2011-08-25,23:12:53,ju12g,21,UK Treasury strikes tax evasion deal with Switzerland to recoup unpaid cash: Switzerland to make a one-off deduction from all existing account holders who are liable for British taxes but have not paid them,guardian.co.uk,http://www.guardian.co.uk/business/2011/aug/24/switzerland-does-tax-deal-with-treasury
2011-08-26,03:39:14,jua62,26,"NATO nations set to reap spoils of Libya war - "" It does the flow of Arab uprisings a disservice to now glorify NATO's mission. A liberal intervention for humanitarian ends may be the comfortable hook; but securing assets and resources, as usual, is the real goal.""",english.aljazeera.net,http://english.aljazeera.net/indepth/opinion/2011/08/201182511546451332.html
2011-08-25,23:45:41,ju25d,20,"Evidence of 'mass execution' in Tripoli
",english.aljazeera.net,http://english.aljazeera.net/news/africa/2011/08/2011825124849190250.html?utm_content=automateplus&utm_campaign=Trial5&utm_source=SocialFlow&utm_term=tweets&utm_medium=MasterAccount
2011-08-25,10:09:54,jtio1,19,"Libyan rebels announce amnesty and cash reward for anyone in Col Gaddafi's ""inner circle"" who captures or kills him",bbc.co.uk,http://www.bbc.co.uk/news/world-africa-14658902
2011-08-25,23:16:25,ju16v,19,"Christine Lagarde on 'returning the IMF to its roots': ""How should ordinary people cope?"" ""It takes courage.""",forbes.com,http://www.forbes.com/sites/mahaatal/2011/08/24/it-takes-courage-christine-lagarde/
2011-08-25,23:25:21,ju1ik,18,"Market crash 'could hit within weeks', warn bankers",telegraph.co.uk,http://www.telegraph.co.uk/finance/financialcrisis/8721151/Market-crash-could-hit-within-weeks-warn-bankers.html
