2011-12-24,20:38:43,np3fl,1406,Why America's Death Penalty Just Got Us  -- The European Union is now blocking importation of lethal injection technology into the United States ,theatlantic.com,http://www.theatlantic.com/international/archive/2011/12/why-americas-death-penalty-just-got-us-sanctioned-by-europe/250324/
2011-12-24,14:31:40,now9i,1314,Awkward silence as nations boycott Kim-Jong-Il tribute in united nations. ,smh.com.au,http://www.smh.com.au/world/mass-boycott-leads-to-awkward-silence-at-un-kim-tribute-20111223-1p8la.html
2011-12-24,10:55:54,nop67,1149,"Girl's baptism banned by judge after court battle - ""the father was not religious and believed a decision about baptism should be left until the girl was older so that she could have proper input""",news.com.au,http://www.news.com.au/national/mum-loses-biblical-row/story-e6frfkvr-1226229754277?sv=ca240be5cb80b5fc68ff35d6a2779f69#.TvRywRbp7-4.twitter
2011-12-24,17:51:39,np0w6,576,$25 Computer About to Go Into Production in Britain - The bare bones Raspberry Pi PC will be sold in 2 configurations. Model A for $25 (£16) lacks a network connector & Model B for $35 (£22) has an Ethernet socket.,bbc.co.uk,http://www.bbc.co.uk/news/technology-16316439
2011-12-25,00:33:54,np81x,543,Kim Jong Il's death could prompt North Korean elite to flee,latimesblogs.latimes.com,http://latimesblogs.latimes.com/world_now/2011/12/north-korean-elite-may-flee-in-light-of-kim-jong-ils-death.html
2011-12-24,19:50:35,np2p6,485,"Thousands take to Moscow streets, calling for fair elections",edition.cnn.com,http://edition.cnn.com/2011/12/24/world/europe/russia-protests/index.html?hpt=hp_t2
2011-12-24,20:04:58,np2x8,354,"'Russia will be free': Huge rally increases pressure on Vladimir Putin 
",msnbc.msn.com,http://www.msnbc.msn.com/id/45782810/ns/world_news-europe/
2011-12-24,17:16:53,np0ap,324,"Turkey accuses France of genocide in Algeria: Prime Minister Erdogan ramps up diplomatic spat, saying French killed 15% of Algeria's population during postwar occupation",guardian.co.uk,http://www.guardian.co.uk/world/2011/dec/23/turkey-accuses-france-genocide-algeria
2011-12-24,09:16:51,noltp,262,"Cuba to release 2,900 prisoners as goodwill gesture",bbc.co.uk,http://www.bbc.co.uk/news/world-latin-america-16324331
2011-12-24,23:44:55,np6tt,210,"CIA has suspended drone attacks in Pakistan, U.S. officials say
",latimes.com,"http://www.latimes.com/news/nationworld/world/la-fg-pakistan-cia-drone-20111224,0,4561079.story"
2011-12-24,10:32:39,nooed,154,"A huge explosion at a gasoline and diesel pipeline in Colombia killed 11 people, injured nearly 100, and destroyed dozens of homes",reuters.com,http://www.reuters.com/article/2011/12/24/us-colombia-pipeline-idUSTRE7BN01O20111224?feedType=RSS&feedName=worldNews&utm_source=feedburner&utm_medium=feed&utm_campaign=Feed%3A+reuters%2FworldNews+%28News+%2F+US+%2F+International%29
2011-12-24,17:21:35,np0dm,142,Iraq's Vice-President Tariq al-Hashemi has said Iraq's government was behind Thursday's series of bombings that killed nearly 70 people in Baghdad,bbc.co.uk,http://www.bbc.co.uk/news/world-middle-east-16325282
2011-12-25,00:26:08,np7ub,116,"Is Egypt Flying Apart at the Seams? --- Ten months after the revolution, Egyptians are mired in frustration. The supreme council is less and less popular, and everyone — election winners and losers alike — fears the future.",nytimes.com,http://www.nytimes.com/2011/12/24/opinion/is-egypt-flying-apart-at-the-seams.html?_r=1
2011-12-24,11:58:20,nora1,102,"Russians still nostalgic for Soviet comforts. ""To many Russians of the previous generation, their memories of the Soviet Union are like a fairy tale of a golden age...""",globaltimes.cn,http://www.globaltimes.cn/NEWS/tabid/99/ID/689602/Russians-still-nostalgic-for-Soviet-comforts.aspx
2011-12-24,04:41:10,nob8f,96,"Kim Jong Eun, the new leader of North Korea, will be the youngest person ever to have authority over a nuclear arsenal.",washingtonpost.com,http://www.washingtonpost.com/world/asia_pacific/in-north-korea-young-kim-jong-eun-will-test-age-old-reliance-on-old-age/2011/12/21/gIQAz9DDCP_story.html?tid=pm_lifestyle_pop
2011-12-24,00:31:17,no1d0,86,"North Korea: ""Grave consequences"" if South Korea doesn't allow citizens to attend Kim Jong-Il's funeral",guardian.co.uk,http://www.guardian.co.uk/world/2011/dec/23/north-korea-kim-jong-il-funeral
2011-12-24,22:06:35,np4t7,85,"Best Of 2011: Hitler vs. Stalin: Who Was Worse? --- 


Brilliant essay that asks history's most loaded question, and answers it with meticulous balance sheet. Stalin was first with ethnic killing campaigns; murdered more people than Hitler; but fewer than we used to think",nybooks.com,http://www.nybooks.com/blogs/nyrblog/2011/jan/27/hitler-vs-stalin-who-was-worse/
2011-12-24,03:56:41,no9ea,80,Turkish Prime Minister Recep Tayyip Erdogan on Friday accused France of committing genocide in Algeria more than 60 years ago. He said French colonialists massacred 15 percent of Algeria's population starting in 1945.,blogs.voanews.com,http://blogs.voanews.com/breaking-news/2011/12/23/turkey-accuses-france-of-committing-genocide/
2011-12-24,23:01:01,np5ts,77,"Thousands take to Moscow streets, calling for fair elections ",edition.cnn.com,http://edition.cnn.com/2011/12/24/world/europe/russia-protests/index.html?hpt=wo_c2
2011-12-25,00:31:14,np7z7,74,Something fishy in Pyongyang,theage.com.au,http://www.theage.com.au/world/something-fishy-in-pyongyang-20111224-1p95q.html
2011-12-24,04:32:00,noauy,66,Canada's TD Bank played ‘critical' role in $1.2 billion Ponzi scheme,thestar.com,http://www.thestar.com/business/article/1106394--td-bank-played-critical-role-in-ponzi-scheme-rothstein-says
2011-12-25,04:18:04,npfc3,69,"Syrian city besieged by military tanks under orders of President Bashar al-Assad, killing more than a dozen civilians and destroying buildings",globalpost.com,http://www.globalpost.com/dispatch/news/regions/middle-east/111224/homs-syrian-city-under-attack-military-tanks
2011-12-24,12:33:07,nosfd,65,"China has announced a currency swap with Pakistan in the latest step to gradually expand use of the tightly controlled Chinese currency abroad.
",news.yahoo.com,http://news.yahoo.com/china-announces-currency-swap-pakistan-040458122.html
2011-12-24,02:37:32,no62p,57,China's Real Estate Woes as the Bubble Bursts,foreignaffairs.com,http://www.foreignaffairs.com/articles/136963/patrick-chovanec/chinas-real-estate-bubble-may-have-just-popped?cid=nlc-this_week_on_foreignaffairs_co-122211-chinas_real_estate_bubble_may_3-122211
2011-12-24,21:23:44,np452,48,Mass rally in Moscow raises pressure on Putin,almasryalyoum.com,http://www.almasryalyoum.com/en/node/566356
2011-12-24,18:25:23,np1gt,48,"Christchurch Suburbs Turn Liquid - Residents want their neighborhood condemned, as liquefaction occurs after earthquake. Soil liquefaction is a phenomenon whereby saturated soil loses strength due to stress.  ""We've had enough. We can't keep doing this. This will happen again & again.""",smh.com.au,http://www.smh.com.au/environment/weather/christchurch-suburbs-turn-liquid-20111224-1p96h.html
2011-12-24,21:44:44,np4g0,41,How India’s ‘untouchable’ entrepreneurs use capital to fight caste,theglobeandmail.com,http://www.theglobeandmail.com/news/world/how-indias-untouchable-entrepreneurs-use-capital-to-fight-caste/article2282858/
2011-12-25,03:04:22,npctl,46,Israel’s New House Rules: Deepening Authoritarianism,english.al-akhbar.com,http://english.al-akhbar.com/content/israel%E2%80%99s-new-house-rules-deepening-authoritarianism
2011-12-24,09:01:15,nol9p,32,"President Raul Castro announced on Friday that his country would pardon 2,900 prisoners",miamiherald.com,http://www.miamiherald.com/2011/12/23/2559854/cuba-to-grant-amnesty-to-2900.html
2011-12-25,01:38:19,np9zu,32,Syrian city of Homs 'under siege' by army,aljazeera.com,http://www.aljazeera.com/news/middleeast/2011/12/20111224162027521407.html
