2011-03-23,20:59:03,g9o73,671,Israel passes new Nakba Law to punish public institutions for any reference to the Israeli occupation of Palestine in 1948 as a catastrophe or 'Nakba',english.ahram.org.eg,http://english.ahram.org.eg/NewsContent/2/8/8412/World/Region/Israel-passes-new-Nakba-Law.aspx
2011-03-23,09:23:49,g9cxd,317,Japanese man dons scuba suit and swims through tsunami to rescue wife,theaustralian.com.au,http://www.theaustralian.com.au/heros-solo-swim-to-save-beloved/story-fn84naht-1226023561529
2011-03-23,22:59:02,g9qr6,200,Women not allowed to vote in Saudi elections,globalpost.com,http://www.globalpost.com/dispatch/news/regions/middle-east/saudi-arabia/110323/saudi-arabia-election-women-votes
2011-03-23,23:15:50,g9r59,138,Gaddafi's air force 'defeated' - BBC,bbc.co.uk,http://www.bbc.co.uk/news/world-africa-12837330
2011-03-23,21:04:13,g9oa6,136,WikiLeaks: How the Organization of the Islamic Conference took over the UN Human Rights Council,wikileaks.ch,http://wikileaks.ch/cable/2008/04/08GENEVA256.html
2011-03-23,15:27:39,g9jnt,133,"Syrian forces raid mosque and open fire on protesters, kill 6 people",english.aljazeera.net,http://english.aljazeera.net/news/middleeast/2011/03/20113231127592364.html
2011-03-24,03:37:58,g9xlw,125,First photos of so-called Fukushima Fifty– the crew working around the clock to prevent a meltdown ,dailymail.co.uk,http://www.dailymail.co.uk/news/article-1369216/Fukushima-Fifty-First-pictures-emerge-inside-Japans-stricken-nuclear-power-plant.html
2011-03-24,05:16:23,g9zyd,98,Portuguese Prime Minister Resigns,bbc.co.uk,http://www.bbc.co.uk/news/world-europe-12841492
2011-03-23,06:13:17,g98zv,101,That news about the 6 Libyan villagers shot during the rescue of the downed US pilots? Confirmed by the BBC and witnesses. FWIW Channel 4 News is a highly credible source and has been for decades.,channel4.com,http://www.channel4.com/news/third-night-of-bombing-in-libya?v=2
2011-03-23,21:59:01,g9pc9,96,Neutron beam observed 13 times at crippled Fukushima nuke plant -- so it means chain reaction was observed?,english.kyodonews.jp,http://english.kyodonews.jp/news/2011/03/80539.html
2011-03-23,09:34:33,g9d4u,93,There is a small war starting along Gaza border,haaretz.com,http://www.haaretz.com/blogs/mess-report/there-is-a-small-war-starting-along-gaza-border-1.351223
2011-03-23,21:25:55,g9ooh,95,"Bahrain protest crackdown defended by European Union envoy —
EU foreign policy adviser Robert Cooper downplays violence against pro-democracy protesters saying 'accidents happen' — Hypocrite much?",guardian.co.uk,http://www.guardian.co.uk/world/2011/mar/23/bahrain-protest-crackdown-eu-envoy
2011-03-23,09:54:05,g9dk1,69,Canadians Protest in Ottawa Demanding Immediate Actions Against The Violation of Human Rights in Bahrain,youtube.com,http://www.youtube.com/watch?v=8Yc6Z0KFfEE
2011-03-23,15:59:47,g9k2b,65,"The Path of Protest: Ever since a man in Tunisia burnt himself to death in December 2010 in protest at his treatment by police, pro-democracy rebellions have erupted across the Arab world.",guardian.co.uk,http://www.guardian.co.uk/world/interactive/2011/mar/22/middle-east-protest-interactive-timeline?CMP=twt_gu
2011-03-24,01:14:57,g9tzj,57,Germany weaning itself from nuclear power for good in the wake of Japan’s disaster,washingtonpost.com,http://www.washingtonpost.com/business/germany-weaning-itself-from-nuclear-power-for-good-in-the-wake-of-japans-disaster/2011/03/23/ABTfFCIB_story.html
2011-03-23,12:21:46,g9goy,53,Syrian forces 'open fire on protesters',english.aljazeera.net,http://english.aljazeera.net//news/middleeast/2011/03/20113231127592364.html
2011-03-23,18:51:02,g9m8b,48,"Japan's Quake Damage May Swell to $309 Billion, Four Katrinas",bloomberg.com,http://www.bloomberg.com/news/2011-03-23/japan-sees-quake-damage-bill-of-up-to-309-billion-almost-four-katrinas.html
2011-03-24,00:07:13,g9sct,43,"LIBYA: Libya Rebels give Gadhafi supporters 24 hours to hand over weapons. ""Homes were raided, neighbors dragged off, suspects executed. They were accused of being reactivated by Gadhafi, like al-Qaida activates sleeper cells.""",spiegel.de,"http://www.spiegel.de/international/world/0,1518,752580,00.html"
2011-03-24,07:10:47,ga2o6,42,"Massacre in Daraa,Syria unknown number dead",youtube.com,http://www.youtube.com/watch?v=MoL9wFAYUuQ
2011-03-24,04:52:00,g9zdb,36,"Following the Libyan money trail, they expected millions but found billions",washingtonpost.com,http://www.washingtonpost.com/investigations/sanctions-in-72-hours-how-the-us-pulled-off-a-major-freeze-of-libyan-assets/2011/03/11/ABBckxJB_story.html
2011-03-23,09:52:12,g9dig,37,A Neo-Nazi from Victoria has been working as a private military contractor in Afghanistan.,theage.com.au,http://www.theage.com.au/national/victorian-neonazi-used-as-medic-in-afghanistan-20110322-1c58u.html
2011-03-24,02:22:57,g9vpt,34,"New law: Cambodian women can't marry broke, older men - A foreign ministry officials explains the government wants to stamp out ""fake marriages and human trafficking"" and cites cases of Cambodian women ""used as slaves"" abroad.",globalpost.com,http://www.globalpost.com/dispatches/globalpost-blogs/the-rice-bowl/over-50-make-less-31k-year-no-cambodian-wife-you
2011-03-23,21:50:45,g9p6h,36,"As Ivory Coast heads for civil war, thousands seek safety in Liberia.",globalpost.com,http://www.globalpost.com/dispatch/news/regions/africa/110322/ivory-coast-refugees-liberia-ouattara-gbagbo
2011-03-23,14:57:25,g9jh5,28,Tokyo water supply deemed unsafe for consumption by children after radioactive iodine exceeds limits,telegraph.co.uk,http://www.telegraph.co.uk/news/worldnews/asia/japan/8399928/Japan-nuclear-crisis-Tokyo-water-unsafe-for-children.html
2011-03-24,06:57:45,ga2dw,26,"Protesters in front of the Saudi Embassy in Ottawa demanding it halts the killing of the innocent including children, nurses, and doctors, and demanding it to leave Bahrain. (2nd Video)",youtube.com,http://www.youtube.com/watch?v=ylJxSjQMeuk
2011-03-24,03:09:16,g9wxf,21,University of Johannesburg (RSA) severs ties with Ben Gurion University over (amongst other things) IDF links,mg.co.za,http://mg.co.za/article/2011-03-23-uj-severs-ties-with-israels-ben-gurion
2011-03-23,18:14:08,g9lr3,21,Libya has declared gold reserves worth more than $6bn,bbc.co.uk,http://www.bbc.co.uk/news/business-12824137
2011-03-24,02:07:41,g9vcd,19,Japan deploys robots at Fukushima reactors to measure radiation,pcworld.com,http://www.pcworld.com/article/222947/radiation_detector_robot_deployed_in_fukushima.html
2011-03-24,01:53:21,g9uyr,19,"Egyptian Foreign Minister Nabil Elaraby ""asked Israel to exercise self restraint and warned it against rushing into a military operation in Gaza"".
He also warned others -- an apparent reference to Palestinian groups -- from giving Israel any excuse to use violence",af.reuters.com,http://af.reuters.com/article/egyptNews/idAFWEA045220110323
2011-03-23,13:03:59,g9hj6,17,"Chernobyl cleanup survivor has advice for people affected by Fukushima. ""Run away as quickly as possible.""",aolnews.com,http://www.aolnews.com/2011/03/22/chernobyl-cleanup-survivors-message-for-japan-run-away-as-qui/?icid=maing|main5|dl3|sec1_lnk3|51283
