2011-08-12,00:05:32,jfqmv,1640,"""If the UK government restricts social networking in answer to the riots, what separates it from the Arab tyrannies and China?""",guardian.co.uk,http://www.guardian.co.uk/commentisfree/2011/aug/11/social-media-riots
2011-08-12,09:07:58,jg8pj,1349,"""If we don't want our young people to tear apart our communities then don't let people in power tear apart the values that hold our communities together."" - A nice little take on the riots",guardian.co.uk,http://www.guardian.co.uk/uk/2011/aug/11/london-riots-davidcameron
2011-08-12,10:26:22,jgawx,687,"Going Godless - Non-believers are often more educated, more tolerant and know more about God than the pious. A new wave of research is trying to figure out what goes on in the minds of an ever-growing group of people known as the ""Nones"".",spiegel.de,"http://www.spiegel.de/international/spiegel/0,1518,777281,00.html"
2011-08-12,19:03:17,jgn03,596,"'Fishermen in slavery' in NZ waters: Indonesian seafarers are being beaten, raped and forced to eat rotten food in slum-like conditions aboard Korean-owned fishing boats, according to a New Zealand study.

",theaustralian.com.au,http://www.theaustralian.com.au/news/world/modern-slavery-on-korean-fishing-boats/story-e6frg6so-1226113886388
2011-08-12,03:48:44,jfy5v,469,Police arrest 20 y.o. man for robbery of Malaysian student,bbc.co.uk,http://www.bbc.co.uk/news/uk-england-london-14497763
2011-08-12,18:23:21,jgmdn,350,Pakistani soldier filmed shooting dead unarmed man in a Karachi park is sentenced to death ,bbc.co.uk,http://www.bbc.co.uk/news/world-south-asia-14503708
2011-08-12,14:44:05,jgi13,280,Sentencing begins for UK rioters: student with no previous gets 6 months for stealing £3.50 of bottled water from Lidl. 4 months for using threatening language to a policeman. Law student denies involvement and is refused bail.,guardian.co.uk,http://www.guardian.co.uk/uk/2011/aug/11/uk-riots-courtrooms-country?CMP=twt_gu
2011-08-12,08:05:31,jg6vo,216,"Surprise in UK as many accused looters turn out to be middle class, employed ",edition.cnn.com,http://edition.cnn.com/2011/WORLD/europe/08/11/ukriots.accused/index.html?hpt=hp_c1
2011-08-12,11:40:20,jgd2r,194,Japan considers canning whaling program,abc.net.au,http://www.abc.net.au/news/2011-08-12/japan-fisheries-flags-whaling-end-am/2836118
2011-08-12,22:05:23,jgq3y,192,"""Marx was right: capitalism can self-destruct"". Economist Nouriel Roubini says the risk of a global recession is greater than 50%, and the next 2 to 3 months will reveal the economy's direction. Roubini also says he's putting his money in cash. ""This is not the time to be in risky assets,"" he says.",online.wsj.com,http://online.wsj.com/video/roubini-warns-of-global-recession-risk/C036B113-6D5F-4524-A5AF-DF2F3E2F8735.html
2011-08-12,10:13:27,jgak5,140,Japan's nuclear agency hides radiation results,abc.net.au,http://www.abc.net.au/news/2011-08-11/japan27s-nuclear-watchdog-deletes-radiation-results/2835502/?site=melbourne
2011-08-13,00:35:34,jgu4h,121,Iran offers to send peacekeeper troops to UK,news.az,http://www.news.az/articles/iran/42338
2011-08-12,12:22:07,jgea2,109,Africa Rising - Africa Taking its self out of Poverty (A story I have waited years for) ,english.aljazeera.net,http://english.aljazeera.net/programmes/witness/2011/08/2011810113949471720.html
2011-08-12,14:00:35,jggxw,87,"It's a Pattern: Oddly enough, English rioters not looting bookstores",theatlanticwire.com,http://www.theatlanticwire.com/global/2011/08/its-pattern-london-rioters-are-leaving-bookstores-untouched/41142/
2011-08-13,03:09:08,jgzbv,84,Dutch stamp collector goes missing in North Korea.  Winds up in newspaper praising elections.,newkerala.com,http://www.newkerala.com/news/2011/worldnews-45812.html
2011-08-12,09:41:23,jg9n1,80,"China pushes US oil giant, ConocoPhillips, to get to work cleaning up massive oil spill &, while they're at it, to issue a public apology for missing its deadline ",physorg.com,http://www.physorg.com/news/2011-08-china-urges-oil-giant-hasten.html
2011-08-13,06:14:45,jh599,73,Shell fighting oil leak off Scottish coast,washingtonpost.com,http://www.washingtonpost.com/business/shell-says-it-is-fighting-a-leaking-flow-line-in-north-sea-off-scottish-coast/2011/08/12/gIQAQ7YWBJ_story.html
2011-08-12,05:01:45,jg0ru,69,"Having followed the debates on religion and freedom of expression at the United Nations over the last several years, I have become accustomed to passing on bad news. Now that there is some good news, almost no one has noticed.",religiondispatches.org,http://www.religiondispatches.org/archive/politics/4985/united_nations_affirms_the_human_right_to_blaspheme/
2011-08-12,20:57:17,jgor4,68,Ed Miliband Links Riots to Banking and Expenses Scandals.,guardian.co.uk,http://www.guardian.co.uk/politics/2011/aug/12/ed-miliband-links-riots-scandals
2011-08-12,10:50:24,jgbod,52,"Drug Dealing, Counterfeiting, Smuggling: How North Korea Makes Money",npr.org,http://www.npr.org/blogs/money/2011/08/11/139556457/drug-dealing-counterfeiting-smuggling-how-north-korea-makes-money
2011-08-12,13:34:08,jggaq,52,David Cameron is widely ridiculed for suggesting social media blocks,smh.com.au,http://www.smh.com.au/technology/technology-news/london-riot-social-media-blocks-totalitarian-20110812-1iq0o.html
2011-08-12,14:01:18,jggyl,51,"New leukemia treatment 'exceeds expectations' - 
turns HIV variant into cancer-killer",msnbc.msn.com,http://www.msnbc.msn.com/id/44090512/
2011-08-12,18:21:40,jgmc8,43,Japan ignored own radiation forecasts,google.com,http://www.google.com/hostednews/ap/article/ALeqM5i7E9XVq0Bdxm46U5k2ht0KiAEVNA?docId=23ebbb28add7428dba55f97db16f3d43
2011-08-12,23:26:23,jgs57,47,The Pakistani paramilitary soldier who shot an innocent and unarmed man on video and watched him bleed to death is sentenced to be executed.,globalpost.com,http://www.globalpost.com/dispatch/news/regions/asia-pacific/pakistan/110812/pakistan-paramilitary-shahid-zafar-shot-dead-kara
2011-08-12,20:54:34,jgop9,40,"Citizen group tracks down Japan's radiation. Amid contradictory government statistics, a volunteer group has recorded 500,000 radiation points across the country.",english.aljazeera.net,http://english.aljazeera.net/news/asia-pacific/2011/08/2011810142915166342.html
2011-08-12,20:40:39,jgohu,42,"Vladimir Putin scuba dives in Black Sea - 
Wearing a wetsuit and showing off his scuba diving skills Vladimir Putin collects ancient artefacts from the bottom of the Black Sea as he continues to portray an action man image to the Russian public. ",telegraph.co.uk,http://www.telegraph.co.uk/news/newstopics/howaboutthat/8696038/Vladimir-Putin-scuba-dives-in-Black-Sea.html
2011-08-12,22:17:17,jgqdj,44,"Lone woman stands up to London rioters: ""...get it real black people... If we're fighting for a cause, let's fight for a cause... But we're not all gathering together and fighting for a cause... We're running down Footlocker and thieving shoes...""",youtube.com,http://www.youtube.com/watch?v=4T0rn6G0zw0&feature=related
2011-08-12,10:32:24,jgb3r,40,"New Zealand has announced plans to rebuild the centre of the quake-damaged city of Christchurch as a safe, sustainable ""city in a garden"".
",bbc.co.uk,http://www.bbc.co.uk/news/world-asia-pacific-14487723
2011-08-12,19:04:26,jgn0u,35,Rhino horn gang strikes again in Belgium,abc.net.au,http://www.abc.net.au/news/2011-08-12/rhino-horn-gang-strikes-again-in-belgium/2835958
2011-08-13,04:06:13,jh182,28,Protesters clash with police in Cairo square,hosted2.ap.org,http://hosted2.ap.org/APDEFAULT/cae69a7523db45408eeb2b3a98c0c9c5/Article_2011-08-12-ML-Egypt/id-9d69de859960447a8ef07a816e8d9522
