2011-06-06,20:20:43,hsrm8,838,German cabinet approves a plan to shut down all its 17 nuclear power plants by 2022; eight reactors will be shut down immediately.,dw-world.de,"http://www.dw-world.de/dw/article/0,,15134028,00.html"
2011-06-06,20:24:33,hsrny,541,"Bahraini doctors and nurses charged with ""plotting to overthrow the monarchy"" for treating protestors; protests & violence continue.",english.aljazeera.net,http://english.aljazeera.net/news/middleeast/2011/06/20116674812696776.html
2011-06-06,00:16:21,hs56j,430,Noted professors launch new college: A group of the world's leading academics have launched a new British university which they hope will rival Oxford and Cambridge.,guardian.co.uk,http://www.guardian.co.uk/uk/feedarticle/9680970
2011-06-07,04:17:29,ht2rs,371,Video of Bashar al-Assad's forces planting weapons on civilians after massacring them on the way to aiding people in Daraa [NSFW],youtube.com,http://www.youtube.com/watch?v=rYKUZFL5qVA
2011-06-06,18:26:43,hsq00,234,Bribery in India: A website for whistleblowers,bbc.co.uk,http://www.bbc.co.uk/news/world-south-asia-13616123
2011-06-06,21:56:56,hst5s,234,Mexico's 'Holy Death' cult rapidly growing,bbc.co.uk,http://www.bbc.co.uk/news/world-latin-america-13663803
2011-06-06,10:19:06,hshis,196,"Hello, my name is Nikolay, I am 24 years old and I died serving in the Russian army. The bullet hit me right between the eyes; I died instantly.",bbc.co.uk,http://www.bbc.co.uk/news/technology-13480908
2011-06-06,23:42:52,hsvdg,174,"Australian climate scientists receive death threats.
Universities move staff into safer accommodation after a large number of threatening emails and phone calls
",guardian.co.uk,http://www.guardian.co.uk/environment/2011/jun/06/australia-climate-scientists-death-threats
2011-06-06,21:42:19,hssx1,141,US Missile Strikes Kill 16 in Pakistan,time.com,"http://www.time.com/time/world/article/0,8599,2075882,00.html"
2011-06-06,23:24:05,hsuwx,115,Love in a time of torture - how a girl's note got a Syrian protestor through a month of sadistic torture,english.aljazeera.net,http://english.aljazeera.net/indepth/features/2011/06/20116611297528598.html
2011-06-06,09:39:21,hsgns,104,"The Arab uprising you most likely haven't heard about, Morocco's Arab Spring",english.aljazeera.net,http://english.aljazeera.net/indepth/features/2011/06/20116512125272326.html
2011-06-06,03:06:41,hs8c3,89,"German-grown bean sprouts are the most likely cause of the deadly E.coli outbreak that has killed 22 people and made more than 2,000 ill across Europe, officials said last night. ",telegraph.co.uk,http://www.telegraph.co.uk/health/healthnews/8558132/Bean-sprouts-to-blame-for-E.coli-outbreak.html
2011-06-06,21:26:54,hssno,71,"Greece Back on the Brink --- Greece needs even more money -- EU officials estimate that a new bailout will cost over 100 billion euros rather than the previously assumed 60 billion.  The economy is shrinking, and ambitious privatization plans are illusory.",spiegel.de,"http://www.spiegel.de/international/europe/0,1518,766809,00.html"
2011-06-07,03:46:13,ht1x8,70,Egyptian 10-year-old expelled for ‘inciting a revolution’ in Kuwait,english.ahram.org.eg,http://english.ahram.org.eg/News/13548.aspx
2011-06-06,19:46:36,hsr40,67,"Humala claims victory in tight Peru poll - Americas - Al Jazeera English (8 out of 10 South American countries now left-leaning)
",english.aljazeera.net,http://english.aljazeera.net/news/americas/2011/06/201166462945584.html
2011-06-06,14:11:40,hsm2r,68,"The Revolution Blows Up --- 
Egypt’s stock market is tanking and its rich are taking their money to Zurich. Will an economic plunge ruin the Arab Spring?",newsweek.com,http://www.newsweek.com/2011/06/05/egypt-the-revolution-blows-up.html
2011-06-07,00:18:41,hsw9j,59,"3 nuclear reactors melted down after quake, Japan confirms",cnn.com,http://www.cnn.com/2011/WORLD/asiapcf/06/06/japan.nuclear.meltdown/index.html
2011-06-06,15:56:56,hsnyh,49,Turkish police opens fire on peaceful Armenian protestors and arrests dozens,times.am,http://times.am/2011/06/05/turkish-government-arrests-hamshen-armenians/
2011-06-07,03:56:13,ht27i,49,Tokyo office workers are starting work early to exploit daylight hours and save power. ,guardian.co.uk,http://www.guardian.co.uk/environment/2011/jun/06/tokyo-work-early-power
2011-06-06,14:33:16,hsmh9,43,"Fukushima Radiation Jumps To Record Levels, As Tepco Warns That Heavy Rain Will Cause Toxic Pools to overflow",businessinsider.com,http://www.businessinsider.com/fukushima-radiation-record-levels-2011-6
2011-06-07,03:45:37,ht1wl,39,The Knesset will examine possible legalization of marijuana ,translate.google.com,http://translate.google.com/translate?js=n&prev=_t&hl=en&ie=UTF-8&layout=2&eotf=1&sl=iw&tl=en&u=http%3A%2F%2Fnews.walla.co.il%2F%3Fw%3D%252F1%252F1829923&act=url
2011-06-06,21:23:46,hsslq,37,"Oxfam report: Food prices 'could double' by 2030
",english.aljazeera.net,http://english.aljazeera.net//news/europe/2011/05/2011531143949529754.html
2011-06-06,22:09:55,hstf3,29,BBC News - Chile judge orders Pablo Neruda death probe,bbc.co.uk,http://www.bbc.co.uk/news/world-latin-america-13634042
2011-06-06,20:07:48,hsrfn,28,Iraqi government cracks down on protests as reform pressure builds,dw-world.de,"http://www.dw-world.de/dw/article/0,,15128250,00.html"
2011-06-06,19:11:27,hsqky,26,"12th Day of Protests In Greece, Asking ""Where Did Our Money Go?""",zerohedge.com,http://www.zerohedge.com/article/biggest-protest-athens-under-way-tens-thousands-ask-where-did-our-money-go-demand-no-more-au
2011-06-07,06:44:38,ht6tr,28,Libyan Rebels Retake Western Mountain Town,voanews.com,http://www.voanews.com/english/news/Libyan-Rebels-Push-Into-Gadhafi-Held-West---123220313.html
2011-06-07,00:41:30,hswu8,25,Syria says 40 police dead in ambush in tense north,google.com,http://www.google.com/hostednews/ap/article/ALeqM5j39sxs648fSQ-SIy1XJv7OITYK3g?docId=4862ce87c4b441d896d67f1da9e53fa6
2011-06-07,01:40:38,hsyey,20,"Pot, kettle, blackletter: Spain to claim compensation over E. Coli smear",ft.com,http://www.ft.com/cms/s/0/7862542c-8fa6-11e0-954d-00144feab49a.html?ftcamp=rss
2011-06-07,06:56:10,ht74j,22,Bank of Ireland to Impose Up to 90% Losses on Bondholders.,bloomberg.com,http://www.bloomberg.com/news/2011-05-31/bank-of-ireland-imposes-90-losses-on-bondholders-in-cash-or-equity-deal.html
2011-06-07,03:34:17,ht1l6,20, Bahrain puts medical staff on trial for treating injured protesters,guardian.co.uk,http://www.guardian.co.uk/world/2011/jun/06/bahrain-puts-medics-on-trial
