2011-10-14,16:20:48,lbtoq,2036,The Oslo terrorist attacks didn't change anything: Norwegian police maintain their stance of not bearing arms,newsinenglish.no,http://www.newsinenglish.no/2011/10/13/police-dont-want-to-bear-arms/
2011-10-14,19:08:19,lbws3,1084,"Spanish cooperation buids a solar plant in Palestinia, provides electricity to 40 families of Emnaizel, a school and a medical center. Israel decides to demolish it in two weeks.",translate.google.com,http://translate.google.com/translate?sl=es&tl=en&js=n&prev=_t&hl=en&ie=UTF-8&layout=2&eotf=1&u=http%3A%2F%2Finternacional.elpais.com%2Finternacional%2F2011%2F10%2F13%2Factualidad%2F1318520149_459011.html
2011-10-14,04:33:27,lb604,782,"A series of corruption scandals has shaken Austria. Entrepreneurs have allegedly received multi-million commissions for non-existent services, and there are reports of cash-stuffed plastic bags changing hands in Vienna's back alleys. The population is losing faith in the political establishment. ",spiegel.de,"http://www.spiegel.de/international/europe/0,1518,791113,00.html"
2011-10-14,08:26:27,lbet3,619,This Is What Millions Of Young People In China And India Are REALLY Thinking,businessinsider.com,http://www.businessinsider.com/united-nations-supports-ispeak-china-india-adrian-fisk-2011-10
2011-10-14,21:50:03,lbzu0,331,"Third Iranian nuclear scientist shot dead, likely assassinated.",timeslive.co.za,http://www.timeslive.co.za/thetimes/2011/07/27/third-iranian-nuclear-scientist-shot-dead
2011-10-15,03:16:02,lcbh4,301,Violent crime plunged in London after summer rioters were locked up in jail,thisislondon.co.uk,http://www.thisislondon.co.uk/standard/article-23998258-violent-crime-plunged-after-summer-rioters-were-locked-up-in-jail.do
2011-10-14,21:10:41,lbyy9,178,Reuters: Wall Street sit-in goes global Saturday,reuters.com,http://www.reuters.com/article/2011/10/14/us-wallstreet-global-idUSTRE79D1UM20111014
2011-10-14,19:09:39,lbwst,121,Key shareholder group calls for Rupert Murdoch's eviction from News Corp board at annual meeting ,reuters.com,http://www.reuters.com/article/2011/10/14/us-newscorp-hermes-idUSTRE79D1FA20111014?feedType=RSS&feedName=businessNews&utm_source=dlvr.it&utm_medium=twitter&dlvrit=56943
2011-10-14,00:22:17,lawab,104,Kurds take their struggle online: Many accuse the Turkish Prime Minister of doublespeak on Palestinians' rights versus Turkey's own Kurdish issues.,stream.aljazeera.com,http://stream.aljazeera.com/story/kurds-go-online-raise-awareness
2011-10-15,04:55:56,lcfbm,92,"Oil Spill Disaster on New Zealand Shoreline: Salvage teams are racing to offload as much remaining oil as possible while cleanup crews are hard at work, coping with New Zealand's worst environmental disaster in decades [pic]",theatlantic.com,http://www.theatlantic.com/infocus/2011/10/oil-spill-disaster-on-new-zealand-shoreline/100169/
2011-10-14,18:24:40,lbw0t,79,"14 Shamans Murdered in Peru -- Fourteen traditional healers have been brutally murdered in Peru in the past 20 months, allegedly at the urging of a local mayor; Protestant Sect Members Suspected; Irrecoverable Loss",disinfo.com,http://www.disinfo.com/2011/10/14-shamans-murdered-in-peru/
2011-10-14,23:44:14,lc37f,77,S. Korea Creating Task Force for U.S. Troop Crimes,defensenews.com,http://defensenews.com/story.php?i=7945303&c=AME&s=TOP
2011-10-14,23:54:42,lc3ke,78,‘Free Syrian Army’ poses growing threat to Assad:  Significant soldier defections have cast attention on the anti-regime “Free Syrian Army”. But the fledgling rebel force is still far from being a match for the Syrian regular army. ,france24.com,http://www.france24.com/en/20111014-free-syria-army-opposition-bashar-al-assad-exile-turkey-batallion
2011-10-14,21:47:08,lbzrg,69,Mexicans demand international human rights investigation,chron.com,http://www.chron.com/news/houston-texas/article/Mexicans-demand-international-human-rights-2217770.php
2011-10-15,00:22:20,lc4kn,66,UK Defence Secretary Fox resigns,reuters.com,http://www.reuters.com/article/2011/10/14/us-uk-fox-idUSTRE79D3ME20111014
2011-10-15,01:04:48,lc64o,58,Head of India's poorest state (the shoe/statue lady) opens £10 million theme park,telegraph.co.uk,http://www.telegraph.co.uk/news/worldnews/asia/india/8827368/Head-of-Indias-poorest-state-opens-10-million-theme-park-dedicated-to-her-family.html
2011-10-15,05:13:20,lcfxw,52,"EFF: In conjunction with the Christian organization Mothers' Union, UK PM David Cameron enacts plan with major ISPs - BT, TalkTalk, Virgin, and Sky - to block access to pornography, gambling, self-harm, and other blacklisted websites",eff.org,https://www.eff.org/2011/october/uk-enacts-filtering-porn-gambling-and-other-content
2011-10-14,17:38:28,lbv83,47,Iceland's New Constitution,icelandreview.com,"http://icelandreview.com/icelandreview/daily_life/Lesson_Learned,_Now_Let%E2%80%99s_Move_Forward_%28ESA%29_0_382495.news.aspx"
2011-10-14,21:09:16,lbyx3,40,"Norwegian extremist Anders Behring Breivik, who has confessed to twin attacks in July that killed 77 people, says there are ""up to 80 cells"" in Europe engaged in anti-Islam crusades like his",thelocal.no,http://www.thelocal.no/page/view/police-doubt-breiviks-claim-of-80-cells-in-europe
2011-10-14,19:41:45,lbxcn,34,"Syria uprising: UN says protest death toll hits 3,000",bbc.co.uk,http://www.bbc.co.uk/news/world-middle-east-15304741
2011-10-14,21:53:31,lbzwo,28,Spain credit rating downgraded ahead of G20 meeting:  Standard & Poor's has downgraded the eurozone's fourth largest economy by one notch,guardian.co.uk,http://www.guardian.co.uk/business/blog/2011/oct/14/spain-credit-rating-downgrade-g20
2011-10-14,11:55:22,lbm11,30,"Tokyo radiation hotspot 'not linked to Fukushima':  Elevated levels of radiation found in a residential area of Tokyo are almost certainly not connected to the stricken Fukushima nuclear plant, say officials.",bbc.co.uk,http://www.bbc.co.uk/news/world-asia-pacific-15285843
2011-10-14,09:02:41,lbg2a,30,"Financial loss after Fukushima disaster estimated at $74 billion
",en.rian.ru,http://en.rian.ru/world/20111013/167664981.html
2011-10-14,21:50:36,lbzuh,28,"Berlusconi survives a confidence vote, barely holding onto power",nytimes.com,http://www.nytimes.com/2011/10/15/world/europe/berlusconi-holds-onto-power-in-italy-but-barely.html
2011-10-14,08:05:12,lbe2j,27,Scientists to explore buried Antarctica lake ,english.aljazeera.net,http://english.aljazeera.net/video/europe/2011/10/20111013191513556504.html
2011-10-15,02:16:36,lc8ya,27,"UK Energy firms' profits per customer rise 733%, says Ofgem",guardian.co.uk,http://www.guardian.co.uk/money/2011/oct/14/energy-firms-profits-rise-ofgem
2011-10-14,19:15:33,lbwwl,24,UK taxpayer nursing huge losses on RBS and Lloyds: Three years on from the bailouts and - instead of the profits expected - market meltdown and bank regulation mean the taxpayer is sitting on a £32bn paper loss,guardian.co.uk,http://www.guardian.co.uk/business/blog/2011/oct/13/taxpayer-losses-rbs-lloyds-shares
2011-10-15,06:22:43,lcigk,18,British officials are preparing to ban Iran's English-language Press TV,boston.com,http://www.boston.com/ae/tv/articles/2011/10/14/irans_press_tv_claims_it_is_being_banned_in_uk/
2011-10-15,02:20:19,lc93s,19,Italian town bans any new kebab shops or other 'ethnic food' - Telegraph,telegraph.co.uk,http://www.telegraph.co.uk/foodanddrink/foodanddrinknews/8827721/Italian-town-bans-any-new-kebab-shops-or-other-ethnic-food.html
2011-10-15,01:39:32,lc7g5,18,"OccupyWallStreet is going global. Citizens from 951 cities in 82 countries will be protesting tomorrow, Saturday, October 15th, 2011",blogs.marketwatch.com,http://blogs.marketwatch.com/specialreport/2011/10/14/web-site-notes-global-plans-for-occupy-movement/
