2011-03-01,10:46:10,furh3,2224,Anonymous Open letter To The World [Time to make the world what it should be!],anonnews.org,http://www.anonnews.org/?p=press&a=item&i=619
2011-03-01,23:09:03,fv2rm,2197,Wikileaks among nominees for 2011 Nobel Peace Prize,reuters.com,http://www.reuters.com/article/2011/03/01/us-norway-nobel-idUSTRE7202ZS20110301
2011-03-01,20:51:00,fv0i8,305,Tony Blair used his final foreign trip as prime minister to sign a confidential deal with Muammar Gaddafi to train Libyan special forces and supply him with Nato secrets. ,telegraph.co.uk,http://www.telegraph.co.uk/news/worldnews/africaandindianocean/libya/8353501/Libya-Tony-Blair-agreed-to-train-Gaddafis-special-forces-in-deal-in-the-desert.html
2011-03-01,18:32:36,fuyxz,269,German Defence Minister Karl-Theodor zu Guttenberg has stepped down after he was found to have copied large parts of his university doctorate,bbc.co.uk,http://www.bbc.co.uk/news/world-europe-12608083
2011-03-01,01:38:53,fuf4q,204,"Afghanistan, February 2011 [pics]",theatlantic.com,http://www.theatlantic.com/infocus/2011/02/afghanistan-february-2011/100017/
2011-03-02,00:37:26,fv4pm,182,"Tens of thousands of anti-government protesters took to the streets today in Yemen, calling for the end of President Ali Abdullah Saleh's 32-year rule.",aolnews.com,http://www.aolnews.com/2011/03/01/yemens-day-of-rage-thousands-pour-into-streets/
2011-03-01,21:06:41,fv0pr,83,"Saudi Arabia sends tanks to Bahrain - Witnesses said that the causeway was blocked as ""15 tank carriers carrying two tanks each were heading towards Bahrain""",milaz.info,http://milaz.info/en/news.php?id=5311
2011-03-02,03:29:07,fv8pi,81,Saudi Arabia Ripe for Revolution.,foreignpolicy.com,http://www.foreignpolicy.com/articles/2011/02/28/yes_it_could_happen_here
2011-03-01,19:42:47,fuzq5,65,Al-Arabiya Director-General: Where Was All This Bold Criticism of Al-Qadhafi during the 40 Years of His Tyranny?,memri.org,http://www.memri.org/report/en/0/0/0/0/0/0/5048.htm
2011-03-02,01:46:50,fv6dd,60,"Why I dont give money to Africa: Dictator's son orders a $380 million luxury yacht, with a cost of almost three times more than his country spends annually on health and education",aolnews.com,http://www.aolnews.com/2011/02/28/teodorin-obiang-african-dictators-son-orders-380-million-lux/
2011-03-01,05:35:12,fukqi,61,"Right after the Israeli film “Strangers No More”— a documentary film that focuses foreign children wins an Oscar, Israel is planning a mass expulsion of these children",mondoweiss.net,http://mondoweiss.net/2011/02/israel-preparing-to-deport-refugees-celebrated-in-oscar-winning-doc-strangers-no-more.html?wut
2011-03-01,21:53:38,fv1ec,61,Son of Equatorial Guinea's dictator had plans drawn up for $380m superyacht - that's three times the worth Equatorial Guinea's health and education bill,mg.co.za,http://mg.co.za/article/2011-03-01-dictators-son-had-plans-drawn-up-for-380m-superyacht
2011-03-01,23:06:49,fv2q0,53,"BREAKING: Iran forces fire teargas, clash with protesters!",reuters.com,http://www.reuters.com/article/2011/03/01/us-iran-opposition-forces-idUSTRE7203DJ20110301
2011-03-02,05:21:02,fvb86,49,"Is NATO trying to silence reports on civilian casualties in Kunar? - A crisis is brewing over alleged civilian casualties in northeastern Afghanistan, while US forces temporarily detain journalists covering the incident.",globalpost.com,http://www.globalpost.com/dispatch/news/regions/asia-pacific/afghanistan/110228/nato-afghanistan-war-civilian-casualties-kunar
2011-03-01,21:34:28,fv13n,43,Ice Age Child Found in Prehistoric Alaskan Home ,news.nationalgeographic.com,http://news.nationalgeographic.com/news/2011/02/110224-ice-age-child-cremation-human-remains-alaska-science/
2011-03-01,19:29:54,fuzkv,41,"Westerners, be careful the company you keep - If Western governments want to have any credibility in the post-revolutionary Arab world, they need to stop hiring people, even as ""envoys,"" who are already in the pay of current or former Arab dictators. ",washingtonpost.com,http://www.washingtonpost.com/wp-dyn/content/article/2011/02/28/AR2011022805283.html
2011-03-01,10:00:07,fuqj4,39,"Iran is threatening a boycott of the 2012 olympics because it says the logo is ""racist.""",sports.espn.go.com,http://sports.espn.go.com/oly/news/story?id=6167220
2011-03-01,14:16:19,fuvk7,33,Israel vows to raze all illegal outposts built on private Palestinian land,haaretz.com,http://www.haaretz.com/print-edition/news/israel-vows-to-raze-all-illegal-outposts-built-on-private-palestinian-land-1.346329
2011-03-01,08:59:14,fupbi,33,"With Russia's $650 billion rearmament plan, the bear sharpens its teeth:  If Russia can reduce reliance on its aging Soviet-era nuclear missile deterrent, analysts say it could create a 'whole new ball game.'",csmonitor.com,http://www.csmonitor.com/World/Europe/2011/0228/With-Russia-s-650-billion-rearmament-plan-the-bear-sharpens-its-teeth
2011-03-02,05:53:45,fvc0y,31,FAKE Jasmin revolution in China...,zonaeuropa.com,http://www.zonaeuropa.com/20110226_1.htm
2011-03-01,23:54:21,fv3pn,32,Israeli settlers hit back after army demolishes their West Bank homes: Call for a 'day of rage' as hardliners attack Palestinian villages and block roads in Jerusalem,guardian.co.uk,http://www.guardian.co.uk/world/2011/mar/01/israeli-settlement-west-bank-demolished
2011-03-01,22:24:08,fv1w9,30,"Gaddafi ""delusional,"" unleashes more jets to bombard pro-democracy activists",globalpost.com,http://www.globalpost.com/dispatch/news/regions/africa/110301/libya-muammar-gaddafi-un-susan-price
2011-03-02,01:25:28,fv5vq,26,"Libya: Russia, China join France in opposing military action by foreign countries against Gaddafi ",telegraph.co.uk,http://www.telegraph.co.uk/news/worldnews/africaandindianocean/libya/8354737/Libya-Russia-China-join-France-in-opposing-military-action-against-Gaddafi.html
2011-03-01,12:21:00,futf7,27,Son of African dictator builds 380 million dollar yacht... yeah that seems legit.,theglobeandmail.com,http://www.theglobeandmail.com/news/world/africa-mideast/son-of-african-strongman-plans-380-million-yacht/article1924211/
2011-03-01,08:00:18,fuo1t,23,"Saddi Gaddafi is ""bothered with traveling issue"" regarding new sanctions because he ""spent most of his life traveling"": ""I have some hobbies after I quit football. I do some hunting, I go to safari. In Libya there is no safari, so I got to go to safari, I got to hire a lawyer.""",youtube.com,http://www.youtube.com/watch?v=-UZ0bloIOk4
2011-03-02,02:48:43,fv7t1,22,"Enforcing a no-fly zone over Libya would first require bombing the north African nation's air defense systems, warns top US commander General James Mattis",timesofmalta.com,http://www.timesofmalta.com/articles/view/20110301/local/libya-no-fly-zone-would-require-bombing-raids-us
2011-03-01,20:45:18,fv0fq,20,Saudi youth push ahead with demands,aljazeera.com,http://aljazeera.com/news/articles/34/Saudi-youth-push-ahead-with-demands.html
2011-03-01,15:50:44,fux0y,22,Chavez says he won't condemn Libya's Gadhafi,msnbc.msn.com,http://www.msnbc.msn.com/id/41841136
2011-03-01,23:15:43,fv2w6,20,Tunisian ministers continue to quit: Three more ministers resign,english.aljazeera.net,http://english.aljazeera.net//news/africa/2011/03/201131134458332348.html
2011-03-01,16:03:27,fux6z,21,ಠ_ಠ... no. HA HA HA HA HA !!!,youtube.com,http://www.youtube.com/watch?v=cFcaTnl-Skk
