2011-12-04,09:10:55,mz9ht,903,"45,000 evacuated in Germany to defuse WWII-era bomb found in Rhine",washingtonpost.com,http://www.washingtonpost.com/world/europe/german-city-to-evacuate-45000-as-it-defuses-massive-british-wwii-era-bomb/2011/12/03/gIQArHvAOO_story.html
2011-12-04,00:52:19,myt7c,562,"At last! Bank Boss Told to Pay Back Bonus - 
Lloyds plans to strip former chief Eric Daniels of £1.5m payout",independent.co.uk,http://www.independent.co.uk/news/business/news/at-last-bank-boss-told-to-pay-back-bonus-6271540.html
2011-12-04,05:59:11,mz366,516,France withdraws embassy staff from Iran,bbc.co.uk,http://www.bbc.co.uk/news/world-middle-east-16018000
2011-12-04,18:44:34,mznnr,263,Egypt's Islamists win 65% in first round of legislative elections,france24.com,http://www.france24.com/en/breaking/20111204-egypts-islamists-win-65-first-round-legislative-elections-poll-official
2011-12-04,01:25:46,myu6d,222,"Big 6 Energy Firms Face Fresh Accusations of Profiteering - 
Household electricity bills have soared beyond wholesale cost fluctuations – Lack of transparency in power company costs & prices make it very hard to judge what is going on",guardian.co.uk,http://www.guardian.co.uk/business/2011/dec/02/energy-firms-accusations-profiteering-electricity
2011-12-04,14:01:05,mzi8c,216,Most Britons believe children will have worse lives than their parents ,guardian.co.uk,http://www.guardian.co.uk/society/2011/dec/03/britons-children-lives-parents-poll
2011-12-04,13:30:15,mzhgi,201,"Least corrupt place? New Zealand. Worst? Somalia, North Korea",edition.cnn.com,http://edition.cnn.com/2011/12/03/world/corruption-perceptions-index/index.html
2011-12-04,23:50:31,mzsud,165,Bahraini doctors who gave medical care to anti-government protesters have received prison sentences of five to fifteen years. ,aljazeera.com,http://www.aljazeera.com/indepth/features/2011/09/2011930135645882741.html
2011-12-04,16:03:18,mzkwi,163,"Pakistan friendly fire deaths were due to ""errors"" by US officers",telegraph.co.uk,http://www.telegraph.co.uk/news/worldnews/asia/pakistan/8933566/Pakistan-friendly-fire-deaths-were-due-to-errors-by-US-officers.html#.TtspMXsLGiU.reddit
2011-12-04,21:26:55,mzpy4,157,"D.E.A. Launders Mexican Profits of Drug Cartels: The agents handled shipments of illegal cash across borders to identify how criminal organizations move their money, where they keep their assets and, most important, who their leaders are",nytimes.com,https://www.nytimes.com/2011/12/04/world/americas/us-drug-agents-launder-profits-of-mexican-cartels.html?_r=1
2011-12-05,02:13:33,mzxb1,141,Russian Elections: Vladimir Putin's United Russia Could Lose The Majority Of Seats,news.sky.com,http://news.sky.com/home/world-news/article/16123645
2011-12-05,07:52:54,n0bhk,122,Vladimir Putin set to lose majority amid complaints of electoral violations,guardian.co.uk,http://www.guardian.co.uk/world/2011/dec/04/vladimir-putin-majority-complaints-violations
2011-12-04,00:59:39,myten,117,Sweden only country vetoing EU sanctions against Syria,thelocal.se,http://www.thelocal.se/37720/20111203/
2011-12-04,12:24:14,mzfi4,111,Latin America launches new economic alliance - Latin American leaders have met in Caracas to launch a new alliance that some hope will help them stand up to the United States. But finding common ground could prove difficult. ,dw-world.de,"http://www.dw-world.de/dw/article/0,,15575835,00.html"
2011-12-04,05:06:12,mz1d5,96,"In Russia, ultra-nationalists turn on Putin: They openly mock him and his fellow leader Dmitry Medvedev with almost the same vigor as they do migrants.",reuters.com,http://www.reuters.com/article/2011/12/01/us-russia-nationalism-newspro-idUSTRE7B025420111201
2011-12-04,22:21:16,mzquu,94,"Independent Russian Websites Hacked, Disabled On Election Day",rferl.org,http://www.rferl.org/content/russia_duma_vote_hackers_websites_attacked/24411046.html
2011-12-04,15:54:31,mzkq6,93,China's poverty line: Life at the bottom of the middle kingdom,economist.com,http://www.economist.com/blogs/freeexchange/2011/12/chinas-poverty-line
2011-12-04,21:20:56,mzpv1,83,Iran - US war: A clash of imaginations,english.alarabiya.net,http://english.alarabiya.net/views/2011/12/04/180779.html
2011-12-05,05:37:35,n05g2,72,New centre-left party takes surprise victory in Slovenia,mobile.france24.com,http://mobile.france24.com/en/20111204-slovenia-legislative-elections-jansa-slovenian-democratic-party
2011-12-04,09:08:31,mz9eo,52,Another Asian wake-up call - A drop in external demand means Asia must focus on its own 3.5bn consumers.,aljazeera.com,http://www.aljazeera.com/indepth/opinion/2011/11/2011112983237829984.html
2011-12-05,02:15:32,mzxdg,48,"Putin party suffers setback in Russia vote: Exit polls show United Russia with less than 50% of votes, as leader claims victory in legislative election.",aljazeera.com,http://www.aljazeera.com/news/europe/2011/12/2011124173124116260.html
2011-12-05,07:50:10,n0bcw,47,Israel's right wing frenzy: Conservatives propose new bills to take on citizenship and leftist aid groups,globalpost.com,http://www.globalpost.com/dispatch/news/regions/middle-east/israel-and-palestine/111202/israel-benjamin-netanyahu-right-wing
2011-12-04,13:59:44,mzi78,48,Australia's Labor party backs uranium sales to India,bbc.co.uk,http://www.bbc.co.uk/news/world-asia-16021428
2011-12-05,00:52:00,mzuj6,42,"South African satirical ad about African dictators 
pulled",abc.net.au,http://www.abc.net.au/news/2011-12-03/dictators-political-parody-sparks-boycott-calls/3711108
2011-12-04,18:56:57,mzntl,43,Iran says oil would go over $250 if exports banned,reuters.com,http://www.reuters.com/article/2011/12/04/us-iran-sanctions-oil-idUSTRE7B305L20111204
2011-12-05,06:02:04,n06kl,33,Sacom uncovers terrible working conditions for Chinese factory workers.,guardian.co.uk,http://www.guardian.co.uk/world/2011/dec/04/chinese-toy-factories-christmas-disney
2011-12-05,05:03:55,n041a,20,Is Saudi Arabia Next for the Arab Spring?,theatlantic.com,http://www.theatlantic.com/international/archive/2011/12/is-saudi-arabia-next/249419/
2011-12-05,03:27:30,n003q,16,"Revolt against US hegemony — Latin and Caribbean leaders form a new bloc that excludes the U.S. and Canada. Some hope the CELAC will replace the Organization of American States.
",miamiherald.com,http://www.miamiherald.com/2011/12/03/2530158/latin-and-caribbean-leaders-forge.html
2011-12-05,03:55:15,n019i,17,"Pictures: The Chinese women about to be executed for drug smuggling

",dailymail.co.uk,http://www.dailymail.co.uk/news/article-2069844/Chinese-execution-pictures-Women-executed-drug-smuggling.html#ixzz1fb6wVern
2011-12-05,05:18:58,n04nh,17,Russian Elections Are 'Neither Free nor Fair',dw-world.de,"http://www.dw-world.de/dw/article/0,,15563678,00.html"
