2011-09-18,08:48:30,kj2r4,1124,"The Titanic disaster meant a life of shame for its CEO. Not so BP's Tony Hayward - 
'Moving on' from the Gulf of Mexico catastrophe, he's now set to make millions from a Kurdistan oil deal",guardian.co.uk,http://www.guardian.co.uk/commentisfree/2011/sep/16/bp-tony-hayward-deepwater-horizon
2011-09-18,20:51:55,kjggk,945,"""I found it peculiar that, even though the Americans have significantly worse fundamental data than the euro zone, that they tell us what we should do,"" said Maria Fekter, finance minister of Austria. ""I had expected that, when he [Mr. Geithner] tells us how he sees the world, that he would listen""",nytimes.com,http://www.nytimes.com/2011/09/17/business/global/europeans-struggle-to-clear-hurdles-to-latest-euro-rescue-plan.html?pagewanted=all
2011-09-18,21:08:55,kjgna,784,A 39-yr-old father has been arrested on murder charge for apparently knifing one of two burglars who broke into his home,telegraph.co.uk,http://www.telegraph.co.uk/news/8771809/Father-arrested-on-murder-charge-for-knifing-burglar.html
2011-09-19,01:00:57,kjkoe,344,First Results - Pirate Party: 8.5% in Berlin state elections,wahlarchiv.tagesschau.de,http://wahlarchiv.tagesschau.de/flash/?wahl=2011-09-18-LT-DE-BE
2011-09-18,12:33:56,kj88d,314,"Matt Taibbi: The $2 Billion UBS Incident - 'There is much hand-wringing in the financial press as the UBS incident has reminded the whole world that all of the banks were almost certainly lying their asses off over the last three years, when they all pledged to pull back from risky prop trading.'",commondreams.org,https://www.commondreams.org/view/2011/09/15-8
2011-09-18,19:01:07,kjf74,240,Tony Blair made secret visits to Muammar Gaddafi,news.com.au,http://www.news.com.au/breaking-news/world/tony-blair-made-secret-visits-to-muammar-gaddafi/story-e6frfkui-1226140295757
2011-09-18,02:19:02,kis51,204,Turkey: We don't need U.S. mediation to end crisis with Israel,haaretz.com,http://www.haaretz.com/news/diplomacy-defense/turkey-we-don-t-need-u-s-mediation-to-end-crisis-with-israel-1.385040
2011-09-19,02:57:12,kjnqu,185,Australia Recognizes Third Gender on Passports,cbc.ca,http://www.cbc.ca/strombo/show-news/australia-recognizes-third-gender-on-passports.html
2011-09-18,20:01:25,kjfw9,99,Berlusconi wiretaps reveal boast of spending night with eight women.Conversations show that Italian PM resented meetings with the Pope and world leaders interfering with his partying,guardian.co.uk,http://www.guardian.co.uk/world/2011/sep/18/silvio-berlusconi-wiretaps-sex-parties
2011-09-18,22:09:40,kjhgo,86,6.8 earthquake hits North-East India at around 12:40 GMT; No reports of casualties or damages yet.,earthquake.usgs.gov,http://earthquake.usgs.gov/earthquakes/recenteqsww/Quakes/usc0005wg6.php
2011-09-18,18:32:52,kjeu2,84,Siemens to quit nuclear industry.,bbc.co.uk,http://www.bbc.co.uk/news/business-14963575
2011-09-18,19:31:14,kjfjl,70,"Netanyahu tells weekly cabinet meeting that he's not worried about General Assembly: ""It is possible to pass any resolution there""; says he's convinced US veto will ensure bid stops in Security Council.",jpost.com,http://www.jpost.com/DiplomacyAndPolitics/Article.aspx?id=238388
2011-09-19,06:11:05,kjt53,70,Egypt and Israel:  Feeling the heat of isolation - Egyptians relish Israel’s growing discomfiture in the region. But they do not want another war,economist.com,http://www.economist.com/node/21529055
2011-09-18,15:21:23,kjc2x,66,"Germany has called for the eurozone to go it alone if necessary and implement a financial tax despite opposition from the US and UK. EU finance ministers, meanwhile, called for European banks to be strengthened. ",dw-world.de,"http://www.dw-world.de/dw/article/0,,15396214,00.html"
2011-09-18,03:34:51,kiu72,59,London Symphony Orchestra suspends four musicians who signed a letter opposing Israeli musicians' concert in London. ,guardian.co.uk,http://www.guardian.co.uk/music/2011/sep/16/london-philharmonic-orchestra-suspends-four-musicians
2011-09-18,23:02:41,kji9b,55,"Caving to the Kremlin --- Alexander Litvinenko died a horrible, painful death in London five years ago. The suspect, whom Britain wants to extradite, sits in Moscow. But is the British prime minister giving up the chase in favour of business and trade?",nybooks.com,http://www.nybooks.com/blogs/nyrblog/2011/sep/16/caving-kremlin/
2011-09-19,01:11:04,kjkxk,49,"Chinese villagers vent fury outside solar plant: Hundreds of Chinese villagers have spent three days camped in protest outside a solar panel plant, accusing it of dumping toxic waste into a river.",globalpost.com,http://www.globalpost.com/dispatch/news/regions/asia-pacific/china/110918/china-villagers-protest-jinko-solar-zhejiang
2011-09-19,00:41:13,kjk89,46,"Indonesian women stage ""skirt protest"" over rape remarks",bbc.co.uk,http://www.bbc.co.uk/news/world-asia-pacific-14964956
2011-09-18,20:14:48,kjg1l,44,"Nick Clegg's Liberal Democrats vowed to fight ""ruthless"" and ""extreme"" forces in the Tory party to protect the British people from right-wing policies that would widen inequality and benefit the rich",guardian.co.uk,http://www.guardian.co.uk/politics/2011/sep/17/liberal-democrats-tory-righwing-policies
2011-09-18,22:48:22,kji10,37,Gay British Muslims seek marriage ,bbc.in,http://bbc.in/pHHWR8
2011-09-18,22:53:16,kji3y,32,"Bahrain Boils Under The Lid Of Repression --- 
The inconvenient Arab uprising. For the US, at least, which keeps its Fifth Fleet in the island Gulf state and has been conspicuously quiet about brutal suppression of anti-government protests",nytimes.com,http://www.nytimes.com/2011/09/16/world/middleeast/repression-tears-apart-bahrains-social-fabric.html?_r=3&hp=&pagewanted=all
2011-09-18,14:53:32,kjbia,28,"Pakistan may block Google, Youtube to deny terrorists communication source",tribune.com.pk,http://tribune.com.pk/story/254562/pakistan-may-block-google-youtube-to-deny-terrorists-communication/
2011-09-18,06:00:17,kiycc,27,Gaddafi loyalists launch counter-attack,skynews.com.au,http://www.skynews.com.au/world/article.aspx?id=662924&vId=2710527
2011-09-18,11:44:01,kj70f,25,Britain plans to introduce same-sex marriage,abc.net.au,http://www.abc.net.au/news/2011-09-18/britain-plans-to-introduce-same-sex-marriage/2904534
2011-09-19,00:09:01,kjjhe,26,Strong earthquake hits northeastern India,cbc.ca,http://www.cbc.ca/news/world/story/2011/09/18/india-earthquake.html
2011-09-19,00:46:45,kjkcd,26,"Hugh Grant criticizes The Met for attempting to get 
Guardian's sources",guardian.co.uk,http://www.guardian.co.uk/uk/2011/sep/18/met-police-worrying-hugh-grant
2011-09-19,03:40:13,kjour,28,The ailing euro is part of a wider crisis: Our capitalist system is near meltdown. A 1930s-style crash threatens us and our financial partners. Collective action is the only solution,guardian.co.uk,http://www.guardian.co.uk/commentisfree/2011/sep/18/euro-crisis-recession-europe
2011-09-18,21:29:27,kjgxh,21,Swedish security police raid mosque in Goteborg,news.yahoo.com,http://news.yahoo.com/swedish-security-police-raid-mosque-goteborg-093601152.html
2011-09-18,18:08:02,kjejk,23,Suu Kyi sees 'positive' change in Myanmar: Democracy hero says Arab Spring-style revolt is not the answer because there are finally signs of freedom in Myanmar.,english.aljazeera.net,http://english.aljazeera.net/news/asia/2011/09/20119184468282395.html
2011-09-18,11:56:25,kj7bb,22,"In South China Sea, a dispute over energy: When China’s largest offshore petroleum producer launched a $1 billion oil rig this summer from Shanghai, Lt. Gen. Juancho Sabban, the commander of Philippine military forces 1,500 miles away in the South China Sea, began preparing for trouble.",washingtonpost.com,http://www.washingtonpost.com/world/asia-pacific/in-south-china-sea-a-dispute-over-energy/2011/09/07/gIQA0PrQaK_story.html
