2011-06-26,22:18:04,i9j2y,2080,"Haiti: Leaked cables expose new details on how Fruit of the Loom, Hanes and Levi’s worked with US to block increase in minimum wage and how the country's elite used police force as own private army",democracynow.org,http://www.democracynow.org/2011/6/24/haiti_leaked_cables_expose_us_suppression
2011-06-26,10:57:40,i99vo,1020,All MPs under 30 in India's Parliament are children of MPs. ,online.wsj.com,http://online.wsj.com/article/SB10001424052702303936704576398121009169908.html?KEYWORDS=lok+sabha
2011-06-26,03:10:16,i914m,977,"""One million Iraqi civilians lost their lives. Somebody should be accountable. How will people have trust in international law if it applies only to the poor and weak-the Milosevics and Kim Jong Ils or whoever-and not to the strong and powerful?"" ~ Nobel Peace Prize Winner ElBaradei",openthemagazine.com,http://www.openthemagazine.com/article/international/we-are-lucky-not-to-have-seen-a-dirty-bomb
2011-06-26,17:44:47,i9gat,293,Suicide bomber kills 25 in attack on Afghan maternity ward. This is what rock bottom looks like.,telegraph.co.uk,http://www.telegraph.co.uk/news/worldnews/asia/afghanistan/8598465/Suicide-bomber-kills-25-in-attack-on-Afghan-maternity-ward.html
2011-06-27,02:49:41,i9no3,143,Bolivia prepares to withdraw from UN Single Convention on Narcotic Drugs to protest its classification of coca leaves as an illegal drug,stopthedrugwar.org,http://stopthedrugwar.org/chronicle/2011/jun/24/bolivia_quit_united_nations_drug
2011-06-26,20:06:13,i9hpo,135,"Global mining company Rio Tinto caused war in Papua New Guinea, supplying helicopters and troops: Sir Michael Somare, Prime Minister of PNG",theage.com.au,http://www.theage.com.au/national/rio-tinto-caused-war-somare-20110625-1gkow.html
2011-06-26,10:05:12,i98yh,116,Germany’s season of angst: why a prosperous nation is turning on itself,theglobeandmail.com,http://www.theglobeandmail.com/news/world/europe/germanys-season-of-angst-why-a-prosperous-nation-is-turning-on-itself/article2075253/?utm_medium=feed&utm_source=feedburner&utm_content=Google+Reader&utm_campaign=Feed%3A+TheGlobeAndMail-International+%28The+Globe+and+Mail+-+World+News%29
2011-06-26,21:42:09,i9in3,90,At least one Australian ISP is wavering on plans to begin blocking illegal websites next month because of fear of reprisals from “internet vigilantes.”,censorshipinamerica.com,http://censorshipinamerica.com/2011/06/25/hacktivists-force-pause-in-australian-net-censorship/
2011-06-26,12:04:07,i9b2x,84,"DR Congo mass rape in Fizi: '170 attacked': The number of reported victims of a recent mass rape campaign by gunmen in eastern Democratic Republic of Congo has risen to about 170, the UN says.",bbc.co.uk,http://www.bbc.co.uk/news/world-africa-13910875
2011-06-27,01:31:16,i9m42,79,Hugo Chavez in 'critical' condition in Cuban hospital,telegraph.co.uk,http://www.telegraph.co.uk/news/worldnews/southamerica/venezuela/8599613/Hugo-Chavez-in-critical-condition-in-Cuban-hospital.html
2011-06-26,01:33:45,i8z4s,60,Most Greeks say they have little confidence in a political class that they see as corrupt and unaccountable.,nytimes.com,http://www.nytimes.com/2011/06/26/world/europe/26greece.html
2011-06-26,11:59:08,i9ayx,50,"""This is no time for gloating, neither for Americans nor for Europeans. For both sides are in deep economic trouble, only in different ways.""",tnr.com,http://www.tnr.com/print/article/economy/90539/european-union-greece-bankruptcy-us-unemployment
2011-06-26,22:26:29,i9j6t,42,Fukushima: Boric acid being added to No.3 reactor fuel pool,nhk.or.jp,http://www3.nhk.or.jp/daily/english/26_11.html
2011-06-26,07:23:12,i963p,39,"Report: Hezbollah moves missiles from Syria to Lebanon, fearing fall of Assad regime",haaretz.com,http://www.haaretz.com/news/diplomacy-defense/report-hezbollah-moves-missiles-from-syria-to-lebanon-fearing-fall-of-assad-regime-1.369586
2011-06-26,23:28:16,i9k1h,36,Ethiopia Court Jails Over 500 Muslims for Mass Church Burnings,bosnewslife.com,http://www.bosnewslife.com/17270-ethiopia-court-jails-over-500-muslims-for-mass-church-burnings
2011-06-27,00:34:16,i9l1z,35,Syria: a cornered Assad is losing his marbles --- Assad can’t offer “amnesty” to the Syrian people; they’ll decide whether or not to offer amnesty to Assad.,blogs.telegraph.co.uk,http://blogs.telegraph.co.uk/news/michaelweiss/100093772/syria-a-cornered-assad-is-losing-his-marbles/
2011-06-26,22:40:43,i9je3,36, The secret scandal of Britain's caste system --- Why isn't the Equality and Human Rights Commission taking action against this prejudice?,guardian.co.uk,http://www.guardian.co.uk/commentisfree/2011/jun/26/nick-cohen-trevor-phillips-caste-discrimination?INTCMP=SRCH
2011-06-27,06:11:53,i9ryz,28,"Parents getting their baby girls 'surgically converted into boys' [Madhya Pradesh, India]",hindustantimes.com,http://www.hindustantimes.com/Docs-turn-baby-girls-into-boys/H1-Article1-713863.aspx
2011-06-26,21:34:35,i9ik4,20,"Peru halts Canadian company's mining project after deadly protests by anti-mining activists, mostly local Aymara Indian farmers. At least 5 activists were killed when riot police fired tear gas and live ammunition at protesters",news.yahoo.com,http://news.yahoo.com/s/afp/20110625/bs_afp/peruboliviacanadamining_20110625200638
2011-06-26,15:57:23,i9f0o,18,BBC News - Syria send more troops to Turkey and Lebanon borders,bbc.co.uk,http://www.bbc.co.uk/news/world-middle-east-13917291
2011-06-27,02:54:50,i9nsx,18,Sunflowers to clean radioactive soil in Japan,independent.co.uk,http://www.independent.co.uk/environment/sunflowers-to-clean-radioactive-soil-in-japan-2303086.html
2011-06-27,07:49:34,i9tz1,15,French troop's withdrawal from Afghanistan stirs mixed reaction,news.xinhuanet.com,http://news.xinhuanet.com/english2010/world/2011-06/27/c_13951086.htm
2011-06-27,02:56:38,i9nu5,16,China and Vietnam to ease maritime tensions: Pledge to resolve dispute over oil- and gas- rich South China Sea comes after high-level talks between the two nations.,english.aljazeera.net,http://english.aljazeera.net/news/asia-pacific/2011/06/201162610193480905.html
2011-06-27,05:59:25,i9rpc,14,Mourners 'shot dead' at Syria funeral,english.aljazeera.net,http://english.aljazeera.net/news/middleeast/2011/06/20116265942652597.html
2011-06-26,09:32:10,i98dh,13,Hundreds of Syrians flee to Lebanon: Exodus from Syria continues a day after 20 people are reportedly killed in anti-government protests.,english.aljazeera.net,http://english.aljazeera.net/news/middleeast/2011/06/201162593534638336.html
2011-06-27,02:35:36,i9ndo,13,Karzai accuses Pakistan of firing 470 rockets into Afghanistan over 3 weeks; 36 killed,washingtonpost.com,http://www.washingtonpost.com/world/asia-pacific/suicide-car-bomber-strikes-clinic-in-eastern-afghanistan-killing-at-least-35-people/2011/06/26/AGcFCqlH_story.html?utm_source=twitterfeed&utm_medium=twitter
2011-06-27,04:41:12,i9q49,14,Ethnic cleansing of black Libyans,blackstarnews.com,http://www.blackstarnews.com/news/135/ARTICLE/7478/2011-06-21.html
2011-06-27,01:58:28,i9mnf,12,"Libya's national football team defects
",cbsnews.com,http://www.cbsnews.com/stories/2011/06/26/501364/main20074459.shtml
2011-06-27,04:01:59,i9p8w,10,Burqa-clad Taliban kill 10 police in Pakistan siege,dawn.com,http://www.dawn.com/2011/06/25/three-dead-in-pakistan-police-station-attack.html
2011-06-26,15:33:57,i9epz,10,Hackers claim breach of Tony Blair's personal details,edition.cnn.com,http://edition.cnn.com/2011/WORLD/europe/06/25/uk.blair.hacked.report/index.html?hpt=hp_t2
