2011-03-06,16:56:26,fybyh,814,"Libyan government claims: ""Everything is safe. Tripoli is 100 per cent under control. What you are hearing is celebratory fireworks. People are in the streets, dancing in the square."" He warned, however: ""I would like to advise not to go there for your safety.""",abc.net.au,http://www.abc.net.au/news/stories/2011/03/06/3156441.htm?section=world
2011-03-07,02:03:34,fyhf4,523,"Women on the Frontlines in Bahrain ""Sixty percent of the protestors are women,” she says. “The reason for this is that a lot of men are in jail or dead and 15-year-old boys are just picked off the street and tortured.”",truthout.org,http://www.truthout.org/content/women-frontlines-bahrain
2011-03-06,01:49:04,fxza7,477,Banksy bailed out Russian dissident graffiti artists from horrific St Petersburg prison,bbc.co.uk,http://www.bbc.co.uk/news/world-europe-12645902
2011-03-06,21:56:52,fye9c,327,WikiLeaks cables recount how U.S. pressured allies,sfgate.com,http://www.sfgate.com/cgi-bin/article.cgi?f=/c/a/2011/03/05/IN251HEQIP.DTL
2011-03-06,16:55:59,fybyd,290,The government of Mexico has formally asked the United States for details of the ATF operation “Fast and Furious”,mexico.vg,http://www.mexico.vg/crime/mexico-atf-fast-and-furious/3096
2011-03-06,11:54:49,fy8ha,233,"Volunteers Heading Unarmed to Take On Gaddafi: ""It's a trip we may not return from, but there's no turning back now. Revolution or death."" ",ipsnews.net,http://www.ipsnews.net/news.asp?idnews=54722
2011-03-07,00:08:00,fyfpm,222,"During Egyptian revolution, police abandoned their posts protecting St. Catherine's Monastery (which maintains a mosque on its grounds). Bedouins stepped in to protect the monks and the monastery.",02varvara.wordpress.com,http://02varvara.wordpress.com/2011/03/04/news-from-st-catherine%E2%80%99s-monastery-in-the-sinai-the-muslim-bedouins-came-out-and-protected-the-monastery-fie-on-all-hate-filled-teabaggers/
2011-03-06,05:21:46,fy2qs,188,"Libyan rebels declare Republic of Libya has been created, Mustafa Abdul Jaleel is president, Abdul Hafid Abdul Qader Ghoga is deputy president",alive.in,http://alive.in/libya/2011/03/05/a-translation-of-the-declaration-of-a-temporary-council-in-libya/
2011-03-06,10:21:08,fy77t,144,Al Jazeera speaks with Anonymous,english.aljazeera.net,http://english.aljazeera.net/video/americas/2011/03/201135165517786219.html
2011-03-07,06:02:49,fylos,133,"""Thugs"" continue to attack protestors in Cairo:  While Egyptians rally for reform of social services, plainclothes thugs attack them with machetes and bricks. ",rawstory.com,http://www.rawstory.com/rs/2011/03/06/thugs-continue-to-attack-protestors-in-cairo/
2011-03-06,13:36:16,fy9rr,123,Libyan rebels reported to have captured 8 members of the elite SAS and a British diplomat.,bbc.co.uk,http://www.bbc.co.uk/news/world-middle-east-12658054
2011-03-06,22:32:34,fyeld,105,HSBC threatens to move HQ from London to Hong Kong if Government does not go easy on bankers.,bbc.co.uk,http://www.bbc.co.uk/news/business-12658880
2011-03-07,00:44:24,fyg7t,83,"China has mounted a huge security operation in the capital in response to renewed online calls for protests. 

",bbc.co.uk,http://www.bbc.co.uk/news/world-asia-pacific-12658963
2011-03-06,05:57:59,fy3cb,73,Germany's new Interior Minister: Islam not part of Germany,ynetnews.com,"http://www.ynetnews.com/articles/0,7340,L-4037768,00.html"
2011-03-07,03:25:24,fyiwp,73,Afghan president rejects US apology over killings,msnbc.msn.com,http://www.msnbc.msn.com/id/41933789/ns/world_news-south_and_central_asia/
2011-03-06,21:16:02,fydvp,61,"""Since the warming of relations between Libya and Britain, officers travelled frequently to Tripoli between 2008 and 2009 to train police, and Britain has authorised the export of tear gas, crowd-control ammunition, small-arms ammunition and door-breaching projectile launchers.""",independent.co.uk,http://www.independent.co.uk/news/world/politics/how-britain-taught-arab-police-forces-all-they-know-2219270.html
2011-03-07,02:21:12,fyhpw,53,London imam subjected to death threats for supporting evolution,guardian.co.uk,http://www.guardian.co.uk/world/2011/mar/06/usama-hasan-london-imam-death-threats-evolution
2011-03-06,21:25:14,fydyv,42,"Former French President Jacques Chirac to stand trial
",independent.co.uk,http://www.independent.co.uk/news/world/europe/former-french-president-chirac-to-stand-trial-2233991.html
2011-03-06,11:37:35,fy88h,41,Official: France to recognize Palestinian state in September,news.xinhuanet.com,http://news.xinhuanet.com/english2010/world/2011-03/06/c_13763075.htm
2011-03-07,06:07:15,fyls8,38,"Karzai Rejects U.S. Apology for Deaths of 9 Boys
",nytimes.com,http://www.nytimes.com/2011/03/07/world/asia/07afghanistan.html
2011-03-07,04:08:49,fyjo1,39,Thousands gather outside Bahrain palace,telegraph.co.uk,http://www.telegraph.co.uk/news/worldnews/middleeast/bahrain/8364617/Thousands-gather-outside-Bahrain-palace.html
2011-03-06,22:53:53,fyeux,38,"SAUDI ARABIA: Protests 'contradict' Islamic law and are banned, Interior ministry declares [Updated]",latimesblogs.latimes.com,http://latimesblogs.latimes.com/babylonbeyond/2011/03/saudi-arabia-government-bans-protests-says-demonstrations-are-against-islamic-law.html?cid=6a00d8341c630a53ef014e8686f8ca970d
2011-03-06,20:21:52,fydgf,34,Here is what Gadhafi's son told CNN about what's going on in Libya.,youtube.com,http://www.youtube.com/watch?v=VAZMEM2_m7I
2011-03-07,04:39:30,fyk84,31,"Marine Le Pen more popular than President Sarkozy, says French poll",guardian.co.uk,http://www.guardian.co.uk/world/2011/mar/06/marine-le-pen-nicolas-sarkozy
2011-03-06,15:51:00,fybdc,31,"Lastest pictures from the Eastern Front line toward West, in Libya",blogs.denverpost.com,http://blogs.denverpost.com/captured/2011/03/05/news-frontline-libya/2793/
2011-03-07,01:42:21,fyh36,27,Syria’s Love Revolution - Syria uprising to be led by women unable to find economically independent husbands,ynetnews.com,"http://www.ynetnews.com/articles/0,7340,L-4037644,00.html"
2011-03-06,11:26:06,fy837,29,British special forces team captured by Libyan rebels!,msnbc.msn.com,http://www.msnbc.msn.com/id/41921215/ns/world_news-mideastn_africa/
2011-03-06,21:09:46,fydti,26,8 British troops captured in Libya,presstv.ir,http://www.presstv.ir/detail/168409.html
2011-03-07,01:19:37,fygrm,26,Afghan president rejects U.S. apology ,usatoday.com,http://www.usatoday.com/news/world/2011-03-06-karzai-us_N.htm
2011-03-06,12:42:10,fy92q,25,"Saudi Arabia is lying about excess oil capacity - ""Saudi Aramco just hiked prices on oil to customers in Asia and Europe up substantially, instead of simply increasing their export volume""",zerohedge.com,http://www.zerohedge.com/article/saudi-arabia-which-allegedly-hiked-output-just-raises-crude-export-prices-asia-and-europe
