2011-04-08,10:01:10,gl6c3,1016,"""A human skull dated to about 2,684 years ago with an 'exceptionally preserved' human brain still inside of it was recently discovered in a waterlogged U.K. pit...The brain is the oldest known intact human brain from Europe and Asia...it's one of the best-preserved ancient brains in the world.""",news.discovery.com,http://news.discovery.com/archaeology/preserved-brain-bog-england-110406.html
2011-04-08,03:31:26,gkxd2,797,"Russia reveals plans for base on the moon - Russia has announced that it intends to build a base on the moon within 20 years, which it plans to use as a staging post for a manned mission to Mars.",montrealgazette.com,http://www.montrealgazette.com/Russia+reveals+plans+moon+base/4576304/story.html
2011-04-08,23:32:01,glh05,749,"UN finds more than 100 dead bodies in the Ivory Coast, some of which were burned alive",english.aljazeera.net,http://english.aljazeera.net/news/africa/2011/04/20114810165360520.html
2011-04-08,23:44:23,glhdw,374,UNICEF: Snipers targeting children in Libya city,cbsnews.com,http://www.cbsnews.com/stories/2011/04/08/world/main20052040.shtml
2011-04-09,03:24:28,gln9w,355,"Thousands of protesters have left Cairo's Tahrir Square headed to the Israeli embassy, demanding the flag be taken down and the gas supply from Egypt to Israel to be blocked",blogs.aljazeera.net,http://blogs.aljazeera.net/live/middle-east/live-blog-friday-protests-across-middle-east
2011-04-08,14:12:35,glbme,212,Poland Edges Toward Drug Decriminalization,stopthedrugwar.org,http://stopthedrugwar.org/chronicle/2011/apr/07/poland_edges_toward_drug_decrimi
2011-04-09,04:36:18,glp52,211,Banker goes to prison [Iceland].,icenews.is,http://www.icenews.is/index.php/2011/04/07/first-iceland-bank-crash-prison-sentence-handed-down/
2011-04-08,23:04:38,glg8v,128,German newspaper publishes the original NRC Assessment about Fukushima concluding that Tepco made mistakes and the situation is worse than they are letting on.,tagesspiegel.de,http://www.tagesspiegel.de/downloads/4037602/1/NRC%20Assessment
2011-04-08,18:14:21,glfa9,115,Russian artists Voina who drew 210-foot penis on St. Petersburg drawbridge get award from Ministry of Culture,nytimes.com,http://www.nytimes.com/2011/04/09/world/europe/09russia.html
2011-04-09,04:12:47,glok3,72,Climate talks stall over rich-poor rifts: Poorer nations condemn US stubbornness at UN summit,globalpost.com,http://www.globalpost.com/dispatch/news/green/global-warming/110408/climate-change-united-nations
2011-04-09,00:14:29,gli80,60,"""A Royal Navy officer was killed and another is fighting for their life after a shooting on board a top nuclear submarine [HMS Astute]. A sailor...was arrested after the incident earlier today [8 April 2011]. Both victims were officers serving on the state-of-the art submarine...""",thesun.co.uk,http://www.thesun.co.uk/sol/homepage/news/3517058/Two-shot-on-top-Brit-nuke-sub.html
2011-04-08,23:19:46,glgo2,52,Ethnically motivated killings in Ivory Coast.,guardian.co.uk,http://www.guardian.co.uk/world/2011/apr/08/ivory-coast-deaths-ethnic-tensions
2011-04-08,09:11:04,gl5bl,43,Canada Changes Position On GM Wheat! GM varieties are NOT contemplated at this time.,rense.com,http://www.rense.com/general93/gmo.htm
2011-04-08,01:32:53,gku8e,45,Israeli missile defense system intercepts Hamas rocket,ynetnews.com,"http://www.ynetnews.com/articles/0,7340,L-4053837,00.html"
2011-04-09,07:34:59,glt9k,39,Old man stranded in Japanese town since the tsunami/earthquake.  Just 12 miles from the Fukushima Dai-ichi nuclear plant.,news.yahoo.com,http://news.yahoo.com/s/ap/20110408/ap_on_re_as/as_japan_earthquake_stranded_alone
2011-04-08,17:25:03,gleo9,42,Milk poisoning kills children in China,guardian.co.uk,http://www.guardian.co.uk/world/2011/apr/08/tainted-milk-china-kills-three
2011-04-08,15:40:29,gld3x,33,"Heads Up, Mexico: You May be Next ",freedominourtime.blogspot.com,http://freedominourtime.blogspot.com/2011/04/heads-up-mexico-you-may-be-next.html
2011-04-09,06:33:15,glryc,32,"Egypt protesters demand Mubarak trial - Thousands gather in Cairo's Tahrir Square, calling for prosecution of the ousted president and his regime. ",english.aljazeera.net,http://english.aljazeera.net/news/middleeast/2011/04/20114875513229751.html
2011-04-09,02:31:25,gllvp,31,Iceland is voting tomorrow to reject the Icesave bill. It´s goal is to enslave the Icelandic population third world style with huge debt followed by austerity measures and prostitution of our natural resources. ,guardian.co.uk,http://www.guardian.co.uk/commentisfree/2011/apr/08/iceland-referendum-conspiracy-financiers
2011-04-08,03:02:18,gkwm6,28,British High Courts award damages to a man wrongfully caught up in the Operation Ore child porn investigation: many of the accused were nothing more than victims of credit-card fraud,pcpro.co.uk,http://www.pcpro.co.uk/news/366526/high-court-awards-damages-to-operation-ore-accused
2011-04-09,02:06:26,gll8v,28,Japan earthquake and tsunami debris floats across the Pacific toward the US west coast.,telegraph.co.uk,http://www.telegraph.co.uk/news/picturegalleries/worldnews/8437846/Japan-earthquake-and-tsunami-debris-floats-across-the-Pacific-toward-the-US-west-coast.html
2011-04-09,07:27:35,glt40,29,Five Russian journalists kidnapped by Libyan rebels today... and released several hours later,en.rian.ru,http://en.rian.ru/world/20110408/163440480.html
2011-04-08,09:20:27,gl5hy,28,Brazilian gunman kills 11 children...,cbc.ca,http://www.cbc.ca/news/world/story/2011/04/07/brazil-school-shooting.html
2011-04-08,23:09:33,glgdy,26,News of the World to admit phone hacking liability,bbc.co.uk,http://www.bbc.co.uk/news/uk-13014161
2011-04-08,03:48:15,gkxs2,24,"India, a nuclear nightmare on the horizon. Critics say India is unprepared to handle the world's largest nuclear plant.",globalpost.com,http://www.globalpost.com/dispatch/news/regions/asia-pacific/india/110406/shive-rules-nuclear-power
2011-04-08,13:49:03,glb6l,25,Support for Greens surges in Germany,dw-world.de,"http://www.dw-world.de/dw/article/0,,14969895,00.html"
2011-04-09,03:38:26,glnn6,24,"News Corp- proprietor of Fox News and major British newspapers The Times, The Sun and the News of The World- admits liability for phone hacking scandal.",guardian.co.uk,http://www.guardian.co.uk/media/2011/apr/08/news-corp-phone-hacking
2011-04-09,01:26:15,glk5j,20,At least 15 deaths reported as more protesters are killed in Syrian town of Daraa,english.aljazeera.net,http://english.aljazeera.net/news/middleeast/2011/04/201148131548860250.html
2011-04-08,05:01:39,gkzmw,20,Over 4 Million Hectares of Land Nationalised by Venezuelan Government in 12 Years,venezuelanalysis.com,http://venezuelanalysis.com/news/6111
2011-04-09,05:02:19,glps3,21,Israeli retaliates for a damaged chicken coup by launching air-strikes on Gaza killing 10 Palestinians (5 civilians + 5 militants.),haaretz.com,http://www.haaretz.com/news/diplomacy-defense/palestinians-9-killed-in-idf-air-strikes-on-gaza-1.354827
