2011-09-17,00:41:23,khq93,1329,A glimpse of North Korea - The Big Picture,boston.com,http://www.boston.com/bigpicture/2011/09/north_korea.html
2011-09-17,08:37:54,ki6t5,1179,"Women's ""sex strike"" ends fighting in Philippine villages",abs-cbnnews.com,http://www.abs-cbnnews.com/nation/regions/09/15/11/womens-sex-strike-ends-fighting-mindanao-villages-unchr
2011-09-17,23:11:27,kinqe,1163,The end of Israel as we know it: Israel now finds itself isolated like no other time in the past 35 years. ,globalpost.com,http://www.globalpost.com/dispatch/news/regions/middle-east/israel-and-palestine/110917/the-end-israel-we-know-it
2011-09-17,03:07:39,khvnl,593,"Amazon pollution victims ask New York judge to award $8 billion in Chevron money & to oust judge who blocked their claim - 
Ecuador's Secoya people, whose health was allegedly damaged by polluted water dumped by the oil giant, take fight to courts",guardian.co.uk,http://www.guardian.co.uk/environment/2011/sep/16/amazon-pollution-chevron-money
2011-09-17,03:03:29,khvhp,332,"Famine Ravages Somalia in a World Less Likely to Intervene - Is the world about to watch 750,000 Somalis starve to death?",nytimes.com,http://www.nytimes.com/2011/09/16/world/africa/famine-hits-somalia-in-world-less-likely-to-intervene.htm?_r=1
2011-09-17,22:41:55,kin7p,234,"Belgian Company Leads the Way In Landfill Mining - 
seeks waste for recycling and energy generation, 
while reclaiming land",triplepundit.com,http://www.triplepundit.com/2011/09/belgian-company-leads-landfill-mining/
2011-09-17,07:42:27,ki57f,210,Greek man sets himself on fire because bank will not refinance his mortgage.  ,reuters.com,http://www.reuters.com/news/pictures/slideshow?articleId=USRTR2REV6#a=1
2011-09-17,15:14:06,kigv6,189,"In China, what you eat tells who you are -- In a nation reeling from tainted-food scandals, organic products are mostly reserved for the rich and political elite. Chinese government officials have exclusive suppliers, who do not advertise.",latimes.com,"http://www.latimes.com/news/nationworld/world/la-fg-china-elite-farm-20110917,0,7521747,full.story"
2011-09-17,12:16:07,kicou,138,"Catholic bishops criticize opposition plans to boycott pope: Germany's political opposition plans to boycott a speech by the pope to parliament out of concern that it violates state neutrality. Catholic bishops, meanwhile, have criticized the move as unjustifiable.",dw-world.de,"http://www.dw-world.de/dw/article/0,,15388884,00.html"
2011-09-17,21:01:19,kilro,83,Appeals court cast doubt of the jurisdiction claimed by NY federal judge who prevented Ecuadorean natives from enforcing an $18.2B verdict against Chevron for dumping billions of gallons of toxic oil waste into Ecuador's water supply,courthousenews.com,http://www.courthousenews.com/2011/09/16/39851.htm
2011-09-18,04:04:23,kiv18,76,"Is the world about to watch 750,000 Somalis starve to death? ",nytimes.com,http://www.nytimes.com/2011/09/16/world/africa/famine-hits-somalia-in-world-less-likely-to-intervene.html?_r=2&hp
2011-09-17,23:23:39,kinyk,72,"Former Premier Of China Speaks --- 
Newly published speeches show Zhu Rongji to have been smart, forceful, sceptical when running China's economy a decade ago. His was the genius that kept the economy growing without overheating. Successors pale by comparison",theatlantic.com,http://www.theatlantic.com/international/archive/2011/09/a-former-premier-of-china-speaks/244957/
2011-09-17,04:59:57,khzt5,64,Military whistleblower tells of 'indiscriminate' Israeli attacks: Israeli troops fired tear gas during a curfew in a West Bank village to stop peaceful demonstrations,independent.co.uk,http://www.independent.co.uk/news/world/middle-east/military-whistleblower-tells-of-indiscriminate-israeli-attacks-2355436.html?print
2011-09-18,05:09:52,kiwvt,60,"Social democrats oust the Liberal-Conservative 
government in Denmark",cphpost.dk,http://www.cphpost.dk/news/politics/90-politics/52161-social-dems-did-it.html
2011-09-18,07:07:50,kj04v,44,"Berlusconi is caught describing himself as ""prime minister in my spare time""",bbc.co.uk,http://www.bbc.co.uk/news/world-europe-14960214
2011-09-18,00:06:39,kiosv,40,"The Depressing Tale Of Johann Hari --- 
There’s a lot of media talk about Johann Hari, who admitted to stealing quotes from other journalists and passing them off as his own. And using a fake identity to attack journalists on Wikipedia. ",economist.com,http://www.economist.com/blogs/bagehot/2011/09/unethical-journalism
2011-09-18,01:58:20,kirky,38,Libya's rebels given seat on UN,independent.co.uk,http://www.independent.co.uk/news/world/politics/libyas-rebels-given-seat-on-un-2356372.html
2011-09-17,12:14:46,kicnf,38,In Egypt protesters call for an end to the widely despised Emergency Law that allows civilians to be tried in state security courts and detained indefinitely,nytimes.com,https://www.nytimes.com/aponline/2011/09/16/world/middleeast/AP-ML-Egypt.html?_r=1
2011-09-17,18:29:29,kijx3,38,"Turkey ""may act with Iran against PKK in Iraq""",ca.reuters.com,http://ca.reuters.com/article/topNews/idCATRE78F2GJ20110916
2011-09-18,05:02:02,kiwoh,22,Wiretaps: Berlusconi resented world leader meetings; enjoyed having sex with 8 girls a night much more. Putin speaks out in support.,guardian.co.uk,http://www.guardian.co.uk/world/2011/sep/18/silvio-berlusconi-wiretaps-sex-parties?CMP=twt_fd
2011-09-17,23:27:59,kio1l,26,"Tiny Burkina Faso Confronts Gadhafi's Enormous Legacy --- 
A window on former Libyan leader's influence in Africa. Probably a bumpy road ahead as Libya's new leadership reels in his extensive aid, investment and patronage networks across the continent",mcclatchydc.com,http://www.mcclatchydc.com/2011/09/15/124242/tiny-burkina-faso-confronts-gadhafis.html
2011-09-18,07:21:14,kj0hd,22,"Europe on Brink of 1930’s-Style Economic Catastrophe: Gordon Brown
",ibtimes.com,http://www.ibtimes.com/articles/215535/20110917/gordon-brown-dalian-forum-eurozone-debt-crisis-economy-banking.htm
2011-09-17,10:08:09,ki9b4,18,Ant-Gaddaffi forces pushed back,bbc.co.uk,http://www.bbc.co.uk/news/world-africa-14955463
2011-09-18,06:47:33,kizmr,16,"Finland's FM admitted last night's crisis meeting of European finance ministers was unlikely to resolve the dispute over her country's demand for collateral before extending loans to Greece - adding to fears over whether the eurozone will be able to get on top of its crippling debt woes. 
",theaustralian.com.au,http://www.theaustralian.com.au/news/world/finland-holds-out-for-loan-security-as-euro-crisis-talks-stumble/story-e6frg6so-1226139337672
2011-09-17,10:17:27,ki9kg,13,"Moscow destroys central mosque: Some longtime Muscovites, Muslim and not, were unconvinced, saying it was a historic monument that should have been preserved ",washingtonpost.com,http://www.washingtonpost.com/world/moscow-destroys-central-mosque/2011/09/15/gIQAokRBVK_story.html
2011-09-18,01:39:32,kir2l,14,Ethiopia: Crackdown on Dissent Intensifies,hrw.org,http://www.hrw.org/news/2011/09/16/ethiopia-crackdown-dissent-intensifies
2011-09-17,16:20:24,kii37,13,North Korea’s GPS Jammer Brigade ,globalpost.com,http://www.globalpost.com/dispatch/news/regions/asia-pacific/110916/north-korea%E2%80%99s-gps-jammer-brigade-spy-plane
2011-09-18,02:02:17,kirpj,13,"Gaddafi claims Nato air strikes have killed 354+ and 
injured hundreds more in Sirte - Nato denies it. ",guardian.co.uk,http://www.guardian.co.uk/world/2011/sep/17/gaddafi-claims-nato-airstrikes-kill-hundreds
2011-09-18,00:28:31,kipc2,10,Greek PM George Papandreou cancels US visit,bbc.co.uk,http://www.bbc.co.uk/news/world-europe-14960216
2011-09-18,04:35:53,kivvc,12,Palestinian leader ignores US warnings on UN statehood bid,guardian.co.uk,http://www.guardian.co.uk/world/2011/sep/16/palestinian-leader-ignores-us-statehood
