2011-12-16,13:43:15,neul8,2751,Christopher Hitchens dies at 62,belfasttelegraph.co.uk,http://www.belfasttelegraph.co.uk/news/world-news/british-author-christopher-hitchens-dies-at-62-16091902.html
2011-12-16,00:29:03,ndwxd,2290,Police include Occupy movement on ‘terror’ list - Yahoo!,uk.news.yahoo.com,http://uk.news.yahoo.com/police-include-occupy-movement-on-%E2%80%98terror%E2%80%99-list.html
2011-12-16,19:46:00,nf30j,913,Dutch report finds thousands of children were sexually abused in Catholic institutions,rnw.nl,http://www.rnw.nl/english/article/dutch-rc-church-knew-about-abuse
2011-12-16,20:09:13,nf3g1,583,Moscow airport police find 18 canisters of nuclear sodium destined for Iran,google.com,http://www.google.com/hostednews/ap/article/ALeqM5i7a3f5ZT-NbEcUyHxKc1y595WOFA?docId=550c37cdc6974645b7e11dad5191577b
2011-12-16,23:35:53,nf8ko,458,"Julian Assange can appeal against extradition: The supreme court says the WikiLeaks founder's appeal raises questions of general public importance on extradition law
",guardian.co.uk,http://www.guardian.co.uk/media/2011/dec/16/julian-assange-appeal-extradition-court?newsfeed=true
2011-12-16,22:39:06,nf6ro,262,Gaddafi's death may be war crime: ICC prosecutor,news.yahoo.com,http://news.yahoo.com/gaddafis-death-may-war-crime-icc-prosecutor-024309691.html
2011-12-16,22:46:49,nf6zp,265,The Secret City:  The pope’s pornographic bathroom,slate.com,http://www.slate.com/articles/life/welltraveled/features/2011/vatican_inside_the_secret_city/vatican_guide_the_pope_s_pornographic_bathroom.html
2011-12-16,18:02:10,nf12h,239,Victoria's shameful secret: Luxury underwear is made from  cotton picked by 'abused child slaves’,dailymail.co.uk,http://www.dailymail.co.uk/femail/article-2074278/Victorias-Secret-Luxury-underwear-cotton-picked-abused-child-slaves.html
2011-12-16,18:52:59,nf20p,204,Brazil Now Seeking ‘Permanent’ Ban on Chevron - after oil spill impedes offshore drilling at a time the country wants to up its output ,fuelfix.com,http://fuelfix.com/blog/2011/12/15/chevron-oil-spill-lawsuit-would-reduce-brazil-offshore-drilling/
2011-12-16,21:28:30,nf4zw,171,"Officials in the Netherlands for decades failed to protect thousands of children who suffered sexual abuse in Dutch Catholic institutions, an independent inquiry has found",globalpost.com,http://www.globalpost.com/dispatch/news/regions/europe/benelux/111216/inquiry-thousands-dutch-catholic-children-abused/?reddit
2011-12-16,18:46:51,nf1wp,138,End of anonymity in Chinese microblogging - Weibo users will be forced to register with real names,bbc.co.uk,http://www.bbc.co.uk/news/world-asia-china-16212578
2011-12-16,23:44:42,nf8wm,110,BBC News - Russia becomes WTO member after 18 years of talks,bbc.co.uk,http://www.bbc.co.uk/news/business-16212643
2011-12-17,06:32:20,nfou3,86,Assange Granted Appeal Against Extradition,time.com,"http://www.time.com/time/world/article/0,8599,2102665,00.html"
2011-12-17,02:59:52,nfg7w,85,"Oil Leaks From Cargo Ship Beached on French Coast - It ran aground off Erdeven beach, a huge nature preserve of dunes & wildlife - People  are warned to stay indoors as rescuers pumped fuel from the hold  (With Photo)",guardian.co.uk,http://www.guardian.co.uk/environment/2011/dec/16/fuel-leak-cargo-ship-france
2011-12-16,02:15:59,ne1h2,83,Iran official: We tricked the U.S. surveillance drone to land intact,haaretz.com,http://www.haaretz.com/news/middle-east/iran-official-we-tricked-the-u-s-surveillance-drone-to-land-intact-1.401641
2011-12-16,21:52:25,nf5iy,74,"Russia supports Canada's withdrawal from Kyoto protocol - 


Russia's foreign ministry has reaffirmed that Moscow will not take on new commitments",guardian.co.uk,http://www.guardian.co.uk/environment/2011/dec/16/russia-canada-kyoto-protocol
2011-12-16,10:04:12,nelxr,64, Inside China's protest village Wukan in Guangdong. A revolt against corruption breaks out and holds out against government forces.,bbc.co.uk,http://www.bbc.co.uk/news/world-asia-china-16206780
2011-12-17,03:49:08,nfi4a,66,BBC News - Thousands abused in Dutch Catholic institutions,bbc.co.uk,http://www.bbc.co.uk/news/world-europe-16217077
2011-12-16,22:01:37,nf5s2,63,Israel announces new 'depth' command for long-range (far from Israel's borders) military operations,haaretz.com,http://www.haaretz.com/news/diplomacy-defense/israel-announces-new-depth-command-for-long-range-military-operations-1.401643
2011-12-17,04:53:33,nfksr,60,"Skeptics cast doubt on Fukushima status, even as Japan declares nuclear reactors 'stable' ",csmonitor.com,http://www.csmonitor.com/World/Global-News/2011/1216/Skeptics-cast-doubt-on-Fukushima-status-even-as-Japan-declares-nuclear-reactors-stable
2011-12-16,08:12:41,neh90,54,"ICC prosecutor says there are ""serious suspicions"" Moammar Gadhafi’s death was a war crime",washingtonpost.com,http://www.washingtonpost.com/world/middle-east/icc-prosecutor-says-there-are-serious-suspicions-moammar-gadhafis-death-was-a-war-crime/2011/12/15/gIQAVqXjwO_story.html
2011-12-16,16:54:10,nezph,51,Japan declares crippled nuke plant stable,usatoday.com,http://www.usatoday.com/news/world/story/2011-12-16/japan-nuclear-crisis/52002024/1
2011-12-16,18:57:36,nf23v,46,"Deaths from Indian toxic alcohol poisoning rise to 160, with hundreds more critically ill",bbc.co.uk,http://www.bbc.co.uk/news/world-asia-india-16212537
2011-12-17,03:00:50,nfg95,35,"Victoria's Secret: Child Slaves Forced to Pick Organic ""Fair Trade"" Cotton",bloomberg.com,http://www.bloomberg.com/news-media/clarisse-kambire-victorias-secret-child-labor-cotton-picker/
2011-12-16,11:17:16,neoxb,26,Former Libyan leader Muammar Gaddafi death may be war crime: ICC prosecutor,old.news.yahoo.com,http://old.news.yahoo.com/s/nm/20111216/wl_nm/us_libya_icc
2011-12-17,05:54:45,nfnax,23,Russia seizes radioactive material bound for Iran ,news.com.au,http://www.news.com.au/world/russia-seizes-radioactive-material-bound-for-iran/story-e6frfkyi-1226224476224?sv=7dd94d2a7827ca59cc1d1eaa4ee1caf9
2011-12-17,01:25:39,nfcm6,25,Russia seizes radioactive material bound for Iran,theaustralian.com.au,http://www.theaustralian.com.au/news/breaking-news/russia-seizes-radioactive-material-bound-for-iran/story-fn3dxity-1226224455562
2011-12-16,18:55:50,nf22r,18,Revolution in Kazhastan can begin any minute now.,translate.google.ru,http://translate.google.ru/translate?hl=ru&sl=auto&tl=en&u=http%3A%2F%2Frespublika-kaz.info%2Fnews%2Fpolitics%2F19341%2F
2011-12-16,16:41:06,nezg6,16,Vladimir Putin calls Russia's protesters 'paid agents of the west',guardian.co.uk,http://www.guardian.co.uk/world/2011/dec/15/vladimir-putin-russian-protesters-tv
2011-12-16,16:41:42,nezgg,17,'Cold shutdown': Japan reactor now stable,worldnews.msnbc.msn.com,http://worldnews.msnbc.msn.com/_news/2011/12/16/9485735-cold-shutdown-japan-reactor-now-stable-pm-says
