2011-03-11,14:02:57,g1qpy,3139,Massive 7.9 earthquake in northeastern Japan. Someone post links please? Many domestic sites are crashing. Tsunami warning for Sendai.,disaster.yahoo.co.jp,http://disaster.yahoo.co.jp/1299823325/meteo.yahoo.co.jp/weather/jp/tsunami/index.html
2011-03-11,07:19:22,g1j03,1015,"Danish artist Nadia Plesner paints an African child holding a bag and a chihuahua, resembling Paris Hilton. Louis Vuitton sues her and wins in court. ",translate.google.com,http://translate.google.com/translate?hl=sv&sl=sv&tl=en&u=http%3A%2F%2Fwww.dn.se%2Fekonomi%2Fmalade-en-vaska--ska-bota-1820000
2011-03-11,22:49:44,g1y9h,807,Video of tsunami hitting japan. Devastating.,youtube.com,http://www.youtube.com/watch?v=SQTJy5mWejA&feature=player_embedded#at=12
2011-03-11,01:07:33,g1aiw,301,"Putin proposes scrapping visas between Russia, US",news.yahoo.com,http://news.yahoo.com/s/afp/20110310/wl_afp/usrussiadiplomacyeconomyvisas_20110310120551
2011-03-11,23:57:29,g1zop,238,Stunning Photos of Japan's earthquake and Tsunami (19 images),theglobeandmail.com,http://www.theglobeandmail.com/news/world/asia-pacific/stunning-photos-of-japans-earthquake-and-tsunami/article1938282/
2011-03-11,14:31:37,g1r80,207,"Magnitude 8.8 quake near the east coast of Honshu, Japan",earthquake.usgs.gov,http://earthquake.usgs.gov/earthquakes/eqinthenews/2011/usc0001xgp/
2011-03-11,23:49:58,g1zjo,192,Japan earthquake shifted Earth's axis by 10cm (about 4 inches),translate.google.it,http://translate.google.it/translate?u=http%3A%2F%2Fit.reuters.com%2Farticle%2FtopNews%2FidITMIE72A0GB20110311&sl=it&tl=en&hl=&ie=UTF-8
2011-03-12,02:17:43,g2313,159,"""Why is it being described as a civil war when people are united, and the government and its hired forces are killing us?""",bbc.co.uk,http://www.bbc.co.uk/news/world-africa-12707359
2011-03-11,16:19:05,g1szx,151,Google releases japan earthquake person finder to help find loved ones affected by the qake,japan.person-finder.appspot.com,http://japan.person-finder.appspot.com/?lang=en
2011-03-12,04:26:28,g25zy,143,The containment building at Fukushima Unit 1 is overpressurized with radioactive steam and will be vented to atmosphere.,news.yahoo.com,http://news.yahoo.com/s/ap/20110311/ap_on_bi_ge/as_japan_quake_power_plant
2011-03-11,20:40:14,g1wad,136,Indonesia volcano erupts,independent.co.uk,http://www.independent.co.uk/news/world/asia/indonesia-volcano-erupts-2239167.html
2011-03-12,02:47:04,g23p5,88,New Scientist: Japan's quake updated to magnitude 9.0,newscientist.com,http://www.newscientist.com/blogs/shortsharpscience/2011/03/powerful-japan-quake-sparks-ts.html
2011-03-12,07:36:11,g29u6,82,"""The earth's axis has reportedly shifted 10 inches as a result of the earthquake. The force was so strong that it moved the island of Honshu 8 feet to the east""  USGS geophysicist Ken Hundnut said.",stltoday.com,http://www.stltoday.com/article_4f326ad6-4c32-11e0-a5d0-0017a4a78c22.html
2011-03-12,02:21:39,g234o,76,"
Entire Japanese City On Fire After Earthquake: ""The city of Kesennuma in northern Japan is completely engulfed in flames following the biggest earthquake in the country on record.""",telegraph.co.uk,http://www.telegraph.co.uk/news/worldnews/asia/japan/8376945/Entire-Japanese-city-on-fire-after-earthquake.html
2011-03-11,15:30:00,g1s9d,75,Impressive video of the tsunami in Tokio after the 8.9 earthquake,youtube.com,http://www.youtube.com/watch?v=8eIVp8EwG5Y&feature=player_embedded
2011-03-12,03:34:03,g24s3,77,"A truly brave Cameraman films the intense fighting in Misratah, Libya on the 10th March",libyafeb17.com,http://www.libyafeb17.com/2011/03/shocking-cameraman-on-the-front-line-in-misratah-gun-battles/
2011-03-12,07:14:57,g29g3,71,Judge orders Twitter to give up data on Wikileaks,breitbart.com,http://www.breitbart.com/article.php?id=CNG.3dd45eb241c8502e6bdf77a2885cc060.771&show_article=1
2011-03-11,17:14:47,g1tsz,56,4.5 Earthquake just hit Hawaii,earthquake.usgs.gov,http://earthquake.usgs.gov/earthquakes/recenteqsus/Maps/HI10/15.25.-162.-152.php
2011-03-11,16:19:32,g1t07,57,Raw Video: Tsunami Slams Northeast Japan [VID],youtube.com,http://www.youtube.com/watch?v=k4w27IczOTk
2011-03-11,19:54:00,g1vne,56,Japan declares 'nuclear emergency' after quake,guardian.co.uk,http://www.guardian.co.uk/world/2011/mar/11/japan-declares-nuclear-emergency-quake
2011-03-11,17:02:58,g1tn2,56,"Japan's 8.9 magnitude earthquake triggers tsunami: TV pics show vast wall of water carrying debris and even fires across a large swathe of coastal farmland near Japanese city of Sendai, with a population of 1 million",guardian.co.uk,http://www.guardian.co.uk/world/video/2011/mar/11/japan-earthquake-tsunami-video
2011-03-11,18:09:20,g1uhn,48,Huge whirlpool created after Japan quake [video],bbc.co.uk,http://www.bbc.co.uk/news/world-asia-pacific-12709856
2011-03-12,02:27:52,g23a0,48,"REPORT: 88,000 People Are Missing In Japan",businessinsider.com,http://www.businessinsider.com/japan-missing-people-2011-3#ixzz1GJU2VUy2
2011-03-12,07:18:20,g29i5,48,Reports now indicate cooling system has failed at Fukushima No. 2 Plant; temperature of coolant water has topped 100 C,e.nikkei.com,http://e.nikkei.com/e/fr/tnks/Nni20110312D12JF371.htm
2011-03-11,09:03:48,g1l4w,46,Amazing photos from Libya as rebels flee Ras Lanouf (pics),blogs.denverpost.com,http://blogs.denverpost.com/captured/2011/03/10/captured-gadhafi-troops-shell-rebels/2810/
2011-03-12,00:52:26,g20z7,36,State Dept. spokesperson says US treatment of Manning is 'ridiculous and counterproductive and stupid',bbc.co.uk,http://www.bbc.co.uk/news/world-us-canada-12717275
2011-03-11,14:47:00,g1rie,37,"Magnitude 8.8 Earthquake Rattles Japan, Tsunami Warning Issued!",abcnews.go.com,http://abcnews.go.com/International/wireStory?id=13110884
2011-03-12,02:11:38,g22vs,31,Sendai earthquake and tsunami:  The Big Picture,boston.com,http://www.boston.com/bigpicture/2011/03/massive_earthquake_hits_japan.html
2011-03-11,13:52:58,g1qjv,31,"Not sure if this belongs here or in r/WTF: former Royal Bank of Scotland CEO gets a ""superinjunction"" in order to get the press to stop calling him a banker.",guardian.co.uk,http://www.guardian.co.uk/business/2011/mar/10/fred-goodwin-superinjunction-banking
2011-03-11,11:56:28,g1off,28,Team of researchers may have found lost city of Atlantis off the coast of Spain,ctnow.com,"http://www.ctnow.com/news/hc-atlantis-national-geographic-20110311,0,6899827.story"
