2011-01-09,11:20:24,eys36,1708,"WARNING: all 637,000 @wikileaks followers are a target of US gov subpoena against Twitter, under section 2. B",zdnet.com,http://www.zdnet.com/blog/igeneration/us-subpoenas-wikileaks-tweets-and-why-this-could-affect-you/7610
2011-01-09,10:14:50,eyr8y,316,"BBC asks: ""If confidential details of overseas Twitter users are disclosed to the US authorities, how keen will an international audience be to trust this or other American social networks in future?"" Should social networks give up data to help in legal proceedings? ",bbc.co.uk,http://www.bbc.co.uk/blogs/haveyoursay/2011/01/should_social_networks_release.html
2011-01-10,02:15:21,ez1qm,155,A new country is about to be born. Lets all hope South Sudan finally becomes free. ,self.worldnews,https://www.reddit.com/r/worldnews/comments/ez1qm/a_new_country_is_about_to_be_born_lets_all_hope/
2011-01-09,18:14:12,eywz1,99,"WikiLeaks: Brazil did not see Chavez as a threat, refused US offers to share intelligence ",wikileaks.ch,http://www.wikileaks.ch/cable/2005/03/05BRASILIA715.html
2011-01-09,22:15:28,eyypx,64,"""When the hearing went ahead after five hours, no public prosecutor turned up because of fears for their safety""",guardian.co.uk,http://www.guardian.co.uk/commentisfree/2011/jan/08/pakistan-moral-collapse-nation-pakistan
2011-01-09,10:09:38,eyr5w,53,Sound familiar? Chinese teams teaching Taliban how to use man portable SAM's for use against NATO forces,aviationweek.com,http://www.aviationweek.com/aw/generic/story_generic.jsp?channel=awst&id=news/awst/2010/12/13/AW_12_13_2010_p25-275120.xml
2011-01-09,09:34:35,eyqob,36,Meanwhile in Denmark... 46% of expat foreigners don’t feel wanted or welcome in Denmark.,worktrotter.dk,http://www.worktrotter.dk/blog/2010/10/03/6-danesopen.html
2011-01-10,07:16:38,ez6mk,37,"My telephone conversation with David Pitchford, 
the guy who is suing Julian Assange, Jan 9th.",superkuh.com,http://superkuh.com/mytelephoneconversationwithdavidpitchford.html
2011-01-09,22:52:12,eyz3k,32,"U.S. Defense Secretary Robert Gates: "". . . my general line for those both at home and around the world who think the US is in decline is that history's dustbins are filled with countries that underestimated the resilience of the United States.""",theaustralian.com.au,http://www.theaustralian.com.au/news/world/gates-warns-china-not-to-underestimate-us-power/story-e6frg6so-1225984639589
2011-01-10,01:38:40,ez159,26,Hamas urges armed factions in Gaza to halt rocket attacks,jpost.com,http://www.jpost.com/MiddleEast/Article.aspx?id=202833&R=R3
2011-01-10,06:48:18,ez65k,22,"Bulldozers begin work for Jewish settlement in East Jerusalem - Bulldozers began tearing down a former hotel building Sunday to make way for a Jewish housing development in an Arab neighborhood of East Jerusalem, pushing ahead with a contentious project that has raised concerns in Washington.",washingtonpost.com,http://www.washingtonpost.com/wp-dyn/content/article/2011/01/09/AR2011010903304.html
2011-01-10,00:03:35,eyzux,22,Africa's Hour - Laurent Gbagbo's refusal to give up power isn't just a crisis for the Ivory Coast -- it's a moment of truth for the whole continent.,foreignpolicy.com,http://www.foreignpolicy.com/articles/2011/01/07/africas_hour
2011-01-10,05:08:00,ez4i9,18,Pakistan rally backs blasphemy law ,english.aljazeera.net,http://english.aljazeera.net/news/asia/2011/01/201119131549923392.html
2011-01-09,12:08:56,eysp9,17,"Hackers celebrate North Korea heir's birthday
| Reuters",reuters.com,http://www.reuters.com/article/idUSTRE7080N720110109
2011-01-10,06:52:36,ez687,16,"The 1,700-year-old Christian monastery hidden deep in Egypt's desert",edition.cnn.com,http://edition.cnn.com/2011/WORLD/meast/01/07/orthodox.christian.monastery.egypt/index.html?hpt=Mid
2011-01-10,00:49:40,ez0gv,16,"""Modern China is determined to become the world's leading knowledge innovator. This has been planned for decades and will inevitably start to happen - very soon. Innovation is a Chinese tradition.""",opinion.globaltimes.cn,http://opinion.globaltimes.cn/commentary/2011-01/609381.html
2011-01-09,08:33:07,eypsf,15,German secret service knew where Adolf Eichmann was hiding since 1952 (use Google translate),spiegel.de,"http://www.spiegel.de/panorama/0,1518,738465,00.html"
2011-01-09,18:58:53,eyxaq,13,Israel demolishes historic hotel to make way for new settlement ,english.aljazeera.net,http://english.aljazeera.net/news/middleeast/2011/01/2011198260555362.html
2011-01-09,09:58:07,eyqzz,11,"After demolishing home by mistake, occupation soldier had to ""go back and tear down the other house""",palestinevideo.blogspot.com,http://palestinevideo.blogspot.com/2010/12/israeli-soldier-recounts-home.html
2011-01-09,21:52:43,eyyhd,8,Thousands head south for Sudan vote - Africa - Al Jazeera English,english.aljazeera.net,http://english.aljazeera.net/news/africa/2011/01/201117131529838380.html
2011-01-09,14:26:47,eyufx,10,Four killed in fresh clashes in Tunisia,presstv.ir,http://www.presstv.ir/detail/159282.html
2011-01-10,02:14:49,ez1qd,8,German minister urges tough action over dioxins scandal,bbc.co.uk,http://www.bbc.co.uk/news/world-europe-12147681
2011-01-10,00:58:57,ez0l9,10,Chinese troops enter Indian territory again,ndtv.com,http://www.ndtv.com/article/india/chinese-troops-enter-indian-territory-again-report-78166?utm_source=feedburner&utm_medium=feed&utm_campaign=Feed%3A+ndtv%2FLsgd+%28NDTV+News+-+India%29
2011-01-09,11:01:50,eyru5,9,"Tomorrow, Sudan will vote on a referendum for Southern independence from the North",telegraph.co.uk,http://www.telegraph.co.uk/news/worldnews/africaandindianocean/sudan/8246617/Sudan-referendum-key-dates-in-recent-history.html
2011-01-10,00:11:51,eyzyp,8,New Subreddit to aggregate all news on the ongoing Tunisian Revolt.  Please help the story of the Tunisian people get more exposure! ,reddit.com,http://www.reddit.com/r/OperationTunisia/
2011-01-09,18:43:24,eyx6r,6,"Israelis raze al-Quds hotel illegally - Israeli bulldozers have destroyed a hotel compound in East al-Quds (Jerusalem) to build 20 new settler units on the occupied Palestinian land, defying international calls for putting an end to Tel Aviv's demolitions",presstv.ir,http://www.presstv.ir/detail/159308.html
2011-01-10,01:43:35,ez18b,6,IranAir flight crashes,msnbc.msn.com,http://www.msnbc.msn.com/id/40989648/ns/world_news-mideast/n_africa/
2011-01-09,08:21:27,eypmh,8,"Israel’s Hope Kindergarten - Truthdig - In a biting bit of Israeli comedy, this video shows an Israeli kindergarten class that learns, for example, the perils of disillusioned leftism and the proper way to describe an Arab (“Sorry, I meant demographic threat ... ”).",truthdig.com,http://www.truthdig.com/avbooth/item/israels_hope_kindergarten_20110108/
2011-01-09,14:54:44,eyuvg,6,US imperialist aggression in the early 21st century,links.org.au,http://links.org.au/node/2088
2011-01-10,04:32:09,ez3y6,6,Setting the Record Straight on Venezuela and Hugo Chavez | Center for Research on Globalization,globalresearch.ca,http://globalresearch.ca/index.php?context=va&aid=22704
