2011-08-30,01:45:03,jy3lt,1750,Chinese doctors to call for bear farms to be closed,telegraph.co.uk,http://www.telegraph.co.uk/news/worldnews/asia/china/8727071/Chinese-doctors-to-call-for-cruel-bear-farms-to-be-closed.html
2011-08-30,11:04:08,jyllp,1534,Japanese breakthrough will make wind power cheaper than nuclear,mnn.com,http://www.mnn.com/green-tech/research-innovations/blogs/japanese-breakthrough-will-make-wind-power-cheaper-than-nuclea
2011-08-30,22:08:27,jz0q5,583,News Corp. Hunkers Down: Murdochs to Testify Under Oath -- A British High Court will hear the testimonies of top News Corp. executives in October,theatlanticwire.com,http://www.theatlanticwire.com/global/2011/08/rupert-and-james-murdoch-wil-testify-under-oath/41872/#.TlzgxNuOwr4.reddit
2011-08-30,21:33:53,jyztc,194,Futuristic 'airships' planned for North,cbc.ca,http://www.cbc.ca/news/technology/story/2011/08/26/nwt-discovery-airship.html
2011-08-30,07:37:45,jyf8c,140,"Blair and Bush planned Iraq war without second UN vote, letter shows",guardian.co.uk,http://www.guardian.co.uk/politics/2011/aug/29/tony-blair-iraq-un-resolution
2011-08-30,20:55:26,jyz15,108,"Israeli military arms settlers in preparation for Palestinian protests. West Bank settlers are given training before protests predicted to coincide with a Palestinian petition for UN recognition
",guardian.co.uk,http://www.guardian.co.uk/world/2011/aug/30/israeli-military-arms-settlers-protests
2011-08-31,06:30:13,jzgx0,51,"Homelessness could spread to middle class in the UK, Crisis study warns",guardian.co.uk,http://www.guardian.co.uk/society/2011/aug/30/homelessness-middle-class-crisis-study
2011-08-31,06:23:56,jzgpa,34,6 die as 'trashslide' buries houses in Philippines,english.cntv.cn,http://english.cntv.cn/program/newsupdate/20110830/116723.shtml
2011-08-31,00:41:31,jz4zz,32,"Israel Sends Two More Warships to Red Sea Egyptian Border - ""part of a military reinforcement there following warnings that militants are planning another attack on southern Israel from Egyptian soil"" ",hosted.ap.org,http://hosted.ap.org/dynamic/stories/M/ML_ISRAEL_PALESTINIANS?SITE=AP&SECTION=HOME&TEMPLATE=DEFAULT&CTIME=2011-08-30-10-23-23
2011-08-31,00:42:42,jz51i,31,China Struggles to Protect Dwindling Panda Population,theatlantic.com,http://www.theatlantic.com/international/archive/2011/08/china-struggles-to-protect-dwindling-panda-population/244153/
2011-08-30,12:15:08,jynxd,26,"Suspect says Mexico casino fire set over unpaid extortion money: Five are arrested in the deadly Monterrey arson as public outrage mounts, with some calls for the president and state governor's resignation over the rising toll from the bloody drug war.",latimes.com,"http://www.latimes.com/news/nationworld/world/la-fg-mexico-casino-arrests-20110830,0,7809172.story"
2011-08-31,00:01:49,jz3rk,29,"Strauss-Kahn returns to IMF, gets warm applause",reuters.com,http://www.reuters.com/article/2011/08/30/us-imf-strausskahn-idUSTRE77S6J920110830?feedType=RSS&feedName=worldNews&utm_source=feedburner&utm_medium=feed&utm_campaign=Feed%3A+reuters%2FworldNews+%28News+%2F+US+%2F+International%29&utm_content=Google+Feedfetcher
2011-08-31,00:29:05,jz4lk,26,"Suspected North Korean cyberattack on a bank raises fears for S. Korea, allies",washingtonpost.com,http://www.washingtonpost.com/world/national-security/suspected-north-korean-cyber-attack-on-a-bank-raises-fears-for-s-korea-allies/2011/08/07/gIQAvWwIoJ_story.html
2011-08-31,06:27:23,jzgtl,25,"Russia and China's Energy Dispute and the Struggle for Eurasian Dominance - ""Russia is prepared to return to China the $10 billion received in 2009 and to stop transporting Russian oil to China, unilaterally abrogating the 20-year contract.""",oilprice.com,http://oilprice.com/Energy/Energy-General/Russia-and-China-s-Energy-Dispute-and-the-Struggle-for-Eurasian-Dominance.html
2011-08-30,22:28:47,jz191,19,BBC journalist killed during Taliban attack 'may have been shot by US forces'. ,guardian.co.uk,http://www.guardian.co.uk/world/2011/aug/26/bbc-journalist-taliban-us-forces
2011-08-30,09:43:13,jyiyq,18,"Big oil companies may have to give up Iraq gas: Many of the world's biggest energy companies may have to surrender most of the gas from Iraq's vast southern oilfields to a processing and export project led by Shell, a final draft contract between Baghdad and Europe's biggest company",reuters.com,http://www.reuters.com/article/2011/08/29/us-iraq-gas-exclusive-idUSTRE77S1TO20110829
2011-08-30,19:07:29,jyx98,15,Nato fighter in mid-air collision with Lithuanian plane,bbc.co.uk,http://www.bbc.co.uk/news/world-europe-14715235
2011-08-30,09:02:09,jyhqo,15,Indian government victim of major targeted malware attack,daily.bhaskar.com,http://daily.bhaskar.com/article/NAT-TOP-indias-key-ministries-face-largest-strategically-targeted-cyber-attack-2369300.html?HT3=
2011-08-30,18:38:32,jywt9,16,Foreign Firms Helped Gadhafi Spy on Libyans,online.wsj.com,http://online.wsj.com/article/SB10001424053111904199404576538721260166388.html?mod=WSJ_hp_LEFTTopStories
2011-08-30,21:46:27,jz04s,13,Syrian protesters 'killed' after Eid prayers: Seven people reportedly shot dead by security forces at the start of the Muslim Eid al-Fitr holiday.,english.aljazeera.net,http://english.aljazeera.net/news/middleeast/2011/08/20118306512172831.html
2011-08-30,04:03:26,jy87y,10,"Turkish airstrike campaign 'killed 160 Kurdish rebels' -- Turkish jets bombed Kurdish rebel bases in northern Iraq in a series of air strikes last week which killed up to 160 rebels, Turkish officials say.",bbc.co.uk,http://www.bbc.co.uk/news/world-europe-13498040
2011-08-30,21:42:58,jz01o,9,Julius Malema supporters clash with South Africa police:South African police have fired stun grenades at supporters of controversial ANC Youth League leader Julius Malema ahead of his disciplinary hearing.,bbc.co.uk,http://www.bbc.co.uk/news/world-africa-14709570
2011-08-30,15:15:44,jyszi,10,"Libyan Rebels Reportedly Used Tiny Canadian Drone 
- NYTimes.com",nytimes.com,http://www.nytimes.com/2011/08/25/world/africa/25canada.html?_r=1&ref=americas
2011-08-30,09:11:53,jyi03,8,"Medvedev sets date for Russian vote: Russians to elect new Duma chamber on December 4, but opposition parties have concerns over whether vote will be fair.",english.aljazeera.net,http://english.aljazeera.net/news/europe/2011/08/2011829171745480470.html
2011-08-30,09:51:36,jyj85,8,"PA condemns Tel Aviv terror attack.  This may not seem like a big deal, but it is.",haaretz.com,http://www.haaretz.com/news/diplomacy-defense/palestinian-authority-condemns-tel-aviv-terror-attack-1.381364
2011-08-30,15:10:03,jysua,8,Banks responsible for over a third of UK economic slump - Telegraph,telegraph.co.uk,http://www.telegraph.co.uk/finance/newsbysector/banksandfinance/8729589/Banks-responsible-for-over-a-third-of-UK-economic-slump.html
2011-08-31,03:53:56,jzbn9,8,"Greenpeace: Fukushima schools unsafe after clean-up, showing radiation readings as much as 70 times internationally accepted levels",reuters.com,http://www.reuters.com/article/2011/08/29/us-japan-schools-greenpeace-idUSTRE77S1GX20110829
2011-08-30,01:50:18,jy3rg,9,"4 held in Namibia for nuke material theft - Namibian authorities have arrested four people they suspect of stealing drums of radioactive material from a mine in the country that is a major exporter of uranium, officials said on Monday.",news24.com,http://www.news24.com/Africa/News/4-held-in-Namibia-for-nuke-material-theft-20110829
2011-08-31,04:27:54,jzcsm,8,Libya conflict: Zimbabwe expels envoy Taher Elmagrahi -- Zimbabwe has expelled Libya's ambassador who last week abandoned Col Muammar Gaddafi and backed the rebels.,bbc.co.uk,http://www.bbc.co.uk/news/world-africa-14722534
2011-08-30,14:05:49,jyr7g,7,Storm causes garbage avalanche in the Philippines,sunstar.com.ph,http://www.sunstar.com.ph/baguio/local-news/2011/08/30/total-shutdown-baguio-dump-pressed-176193
