2011-07-09,01:13:24,ik4db,1894,First fully lab grown organ successfully transplanted.,theatlanticwire.com,http://www.theatlanticwire.com/global/2011/07/first-fully-lab-grown-organ-successfully-transplanted/39733/
2011-07-09,06:17:02,ikdms,1318,South Sudan becomes an independent nation,bbc.co.uk,http://www.bbc.co.uk/news/world-africa-14089843
2011-07-09,16:36:41,ikrkp,677,"One-arm man arrested for clapping, mute person for shouting in Belarus; sadly not an Onion article.",msnbc.msn.com,http://www.msnbc.msn.com/id/43690734/ns/world_news-christian_science_monitor/
2011-07-09,02:49:00,ik74b,452,"Government documents reveal Canada's Net Neutrality enforcement failure: Rogers throttled bandwidth for many protocols, including World of Warcraft; Bell Canada throttled traffic from Hotfile.com",michaelgeist.ca,http://www.michaelgeist.ca/content/view/5918/159/
2011-07-09,15:36:28,ikqlv,407,Malaysia: Hundreds detained over banned rally - Malaysian police have detained more than 440 people as they tried to assemble for a banned protest in the capital Kuala Lumpur.,bbc.co.uk,http://www.bbc.co.uk/news/world-asia-pacific-14076424
2011-07-09,14:47:29,ikpq3,329,Prime Minister of Australia (Julia Gillard) Stops same sex couples from getting married in New York,novafm.com.au,http://www.novafm.com.au/nova969/article_gillard-stops-aussies-from-marrying-in-new-york_109267
2011-07-09,10:46:50,ikkcz,173,BP wants future spill claims limited,reuters.com,http://www.reuters.com/article/2011/07/08/oil-spill-bp-idUSN1E7671PL20110708
2011-07-10,00:02:44,ikx99,144,At least 17 killed in northern Mexico bar massacre,chron.com,http://www.chron.com/disp/story.mpl/ap/latinamerica/7645934.html
2011-07-10,01:17:52,ikyqi,123,"Thousands Fill Egypt's Tahrir Square: Demanding faster reforms and prosecution of Mubarak era officials, protesters gather to put pressure on military rulers",commondreams.org,http://www.commondreams.org/headline/2011/07/08
2011-07-09,16:12:32,ikr7n,103,US summons Syria’s ambassador after receiving alarming reports of Syrian diplomats conducting video and photographic surveillance of people participating in protests in the United States.,bbc.co.uk,http://www.bbc.co.uk/news/world-us-canada-14090905?r
2011-07-09,22:06:46,ikvgf,79,"When Sweden Rules The World --- ""Sweden, this anomalous oblong nation of 9 million, wedged as comfortably as an axe into Europe’s forehead, has enriched the world with a wildly disproportionate number of creations. Some nutty, some mythical, some not even Swedish""",creativesocialblog.com,http://www.creativesocialblog.com/advertising/when-sweden-rules-the-world
2011-07-09,17:04:12,ikrzd,80,Berlusconi firm fined $982 million in bribery appeal,news.asiaone.com,http://news.asiaone.com/News/AsiaOne%2BNews/World/Story/A1Story20110709-288289.html
2011-07-09,23:56:25,ikx5n,77,In Pictures: Protests suppressed in Malaysia,english.aljazeera.net,http://english.aljazeera.net/indepth/inpictures/2011/07/201179124249763194.html
2011-07-09,18:41:15,ikt4c,69,Is the age of the Murdoch establishment nearly over?,independent.co.uk,http://www.independent.co.uk/news/uk/politics/is-the-age-of-the-murdoch-establishment-nearly-over-2309495.html
2011-07-09,08:40:35,ikhf0,57,FRANCE: Israel extends a no fly ban to European activists. Airlines are denying boarding for European passengers. Mandatory interrogation prior embarking. ,euronews.net,http://www.euronews.net/2011/07/08/israel-s-no-fly-ban-for-european-activists/
2011-07-09,03:26:27,ik8a3,50,United Nations: Texas' execution of Mexican national broke international law because he was not granted consular access,cnn.com,http://www.cnn.com/2011/WORLD/americas/07/08/mexico.execution.un/index.html
2011-07-10,07:15:31,il6gh,51,Freedom flotilla ship heads to Gaza,english.aljazeera.net,http://english.aljazeera.net/news/europe/2011/07/20117917568553516.html
2011-07-09,20:00:39,iktyz,37,Israel blocks pro-Palestinian 'flytilla' activists,bbc.co.uk,http://www.bbc.co.uk/news/world-middle-east-14084547
2011-07-10,02:31:01,il09t,39,"Human Rights Watch releases testimonies of Syrian military defectors who say they were ""ordered to shoot to kill"" when cracking down on protesters",english.aljazeera.net,http://english.aljazeera.net/news/middleeast/2011/07/201179132942963909.html
2011-07-10,04:01:09,il26o,38,Mafia's toxic dumping 'increases cancer rates',independent.co.uk,http://www.independent.co.uk/news/world/europe/mafias-toxic-dumping-increases-cancer-rates-2309527.html
2011-07-09,20:03:57,iktzy,38,Japan's nuclear industry credibility crumbles amid email scandal,newsonjapan.com,http://newsonjapan.com/html/newsdesk/article/90790.php
2011-07-09,21:53:19,ikv8l,36,Rebekah Brooks: The Queen of Willful Blindness --- If you want to learn about one discredited woman’s job being saved at the expense of the biggest selling newspaper in the English-speaking world then read this,huffingtonpost.co.uk,http://www.huffingtonpost.co.uk/margaret-heffernan-/news-corps-rebecca-brooks_b_891074.html?ir=UK
2011-07-10,05:15:27,il3q3,33,Ukranian city of Odessa is a sex trafficking trade hub for countries across the northern hemisphere,guardian.co.uk,http://www.guardian.co.uk/law/2011/jul/02/odessa-ukraine-sex-trafficking-investigation
2011-07-09,09:37:50,ikiov,29,Murdoch heads to UK after third hacking arrest,abc.net.au,http://www.abc.net.au/news/stories/2011/07/09/3265373.htm
2011-07-10,03:56:23,il22x,26,Israel detains 120 foreign activists,theglobeandmail.com,http://www.theglobeandmail.com/news/world/africa-mideast/israel-detains-120-foreign-activists-government-official-says/article2092434/
2011-07-09,22:16:14,ikvlr,26,"The German parliament has granted its approval for testing carbon capture and storage technology, which enables coal-fired power plants to liquify their pollutants and store them underground. Critics claim the potential dangers of the technology have been inadequately addressed.",spiegel.de,"http://www.spiegel.de/international/germany/0,1518,773196,00.html"
2011-07-10,02:37:26,il0eu,20,Argentina singer Facundo Cabral shot dead,bbc.co.uk,http://www.bbc.co.uk/news/world-latin-america-14093876
2011-07-09,20:08:44,iku1q,21,Police use tear gas and arrest more than 600 in Malaysia as thousands rally in Kuala Lumpur to demand electoral reforms.,english.aljazeera.net,http://english.aljazeera.net/news/asia-pacific/2011/07/20117973119168783.html
2011-07-10,05:29:39,il41o,17,Twelve pro-Palestinian Britons 'detained' in Israel,bbc.co.uk,http://www.bbc.co.uk/news/uk-14095375
2011-07-09,17:13:32,iks3k,18,Why China may worry about North Korea just as much as America does,economist.com,http://www.economist.com/node/18897395
