2011-06-03,10:22:28,hqeim,1459,MI6 attacks al-Qaeda in 'Operation Cupcake': British intelligence hacked into an al-Qaeda online magazine and replaced bomb-making instructions with a recipe for cupcakes,telegraph.co.uk,http://www.telegraph.co.uk/news/uknews/terrorism-in-the-uk/8553366/MI6-attacks-al-Qaeda-in-Operation-Cupcake.html
2011-06-03,22:56:18,hqs0s,727,Biomass map of popularly eaten fish populations in 1900 versus 2000 - they're practically extinct now!,guardian.co.uk,http://www.guardian.co.uk/news/datablog/2011/jun/03/fish-stocks-information-beautiful#
2011-06-04,06:00:12,hr1s5,447,"UN report: ""three strikes"" Internet laws violate human rights",arstechnica.com,http://arstechnica.com/tech-policy/news/2011/06/un-free-speech-watchdog-blasts-three-strikes-rules.ars
2011-06-03,21:29:25,hqq9z,412,European racism and xenophobia against immigrants on the rise,english.aljazeera.net,http://english.aljazeera.net/indepth/features/2011/05/2011523111628194989.html
2011-06-03,00:24:12,hpz1j,401,Italy's top seismologist charged with manslaughter for failing to predict 2009 earthquake,whatsondalian.com,http://whatsondalian.com/news-931-italy-s-top-seismologist-enzo-boschi-faces-trial-for-failing-to-predict-2009-quake.html
2011-06-03,05:50:42,hq7k3,203,"Nepal census recognizes 'third gender', believed to be a world first",articles.cnn.com,http://articles.cnn.com/2011-05-31/world/nepal.census.gender_1_gender-identity-citizenship-first-openly-gay-lawmaker?_s=PM:WORLD
2011-06-04,06:22:53,hr2d4,198,"Australia raises the minimum wage to us $16.50 
per hour... any young people in the USA interested 
in a ""working holiday""?",stuff.co.nz,http://www.stuff.co.nz/business/world/5097951/Australia-raises-minimum-wage
2011-06-04,01:16:11,hqvjr,197,Facebook shuts down account of Ukrainian opposition civil journalist,world.maidan.org.ua,http://world.maidan.org.ua/2011/facebook-shuts-down-account-of-opposition-civil-journalist
2011-06-03,08:55:08,hqcb6,185,"Brazil has launched a welfare scheme to lift millions out of extreme poverty by 2014, which President Dilma Rousseff calls her government's key priority.",bbc.co.uk,http://www.bbc.co.uk/news/world-latin-america-13626951
2011-06-03,23:23:48,hqsna,169,"In South Africa, Wal-Mart refuses to buy local, threatens WTO action, and wins ",commondreams.org,http://www.commondreams.org/view/2011/06/02-7
2011-06-03,14:34:14,hqkh0,151,The IMF itself should be on trial,independent.co.uk,http://www.independent.co.uk/opinion/commentators/johann-hari/johann-hari-the-imf-itself-should-be-on-trial-2292270.html
2011-06-03,21:35:22,hqqdu,132,Bahraini begins trial of Shiite woman arrested for insulting the Sunni ruling family through a poem she read out during a wave of anti-regime protests,news.yahoo.com,http://news.yahoo.com/s/afp/20110602/wl_mideast_afp/bahrainpoliticsunresttrial
2011-06-03,23:12:37,hqse9,128,Bahrain Formula 1 race reinstated,formula1.com,http://www.formula1.com/news/headlines/2011/6/12132.html
2011-06-03,21:18:12,hqq3b,113,"An Argentine court has ruled that the heirs to the country's main media group must submit to DNA-testing, to see if they were born to left-wing prisoners killed by the military in the 1970s.",bbc.co.uk,http://www.bbc.co.uk/news/world-latin-america-13634035
2011-06-03,21:56:19,hqqs6,74,Yemen's President Saleh 'wounded in palace attack',telegraph.co.uk,http://www.telegraph.co.uk/news/worldnews/middleeast/yemen/8554795/Yemens-President-Saleh-wounded-in-palace-attack.html
2011-06-03,19:41:20,hqorv,70,"Terrorist in Chile blinded, has hands amputated after accidentally detonating bomb he was planting

",nydailynews.com,http://www.nydailynews.com/news/world/2011/06/02/2011-06-02_terrorist_in_chile_blinded_has_hands_amputated_after_accidentally_detonating_bom.html
2011-06-03,10:07:59,hqe59,66,"Hundreds attend faith healing schools linked to fundamentalist Bethal Church - A WAVE of ""supernatural"" schools that claim to teach people how to heal the sick and even raise the dead are netting tens of thousands of dollars for fundamentalist Christian church coffers.",couriermail.com.au,http://www.couriermail.com.au/news/queensland/hundreds-attend-faith-healing-schools-linked-to-fundamentalist-bethal-church/story-e6freoof-1226064378133
2011-06-03,23:11:33,hqsd9,64,"China: The Economics of Killing Someone—In a streak of hit-and-run cases, the driver has returned to intentionally kill the victim.",globalpost.com,http://www.globalpost.com/dispatch/news/regions/asia-pacific/china/110603/china-economy-car-accidents
2011-06-04,06:28:55,hr2hz,59,Israel government 'reckless and irresponsible' says ex-Mossad chief,guardian.co.uk,http://www.guardian.co.uk/world/2011/jun/03/israel-government-reckless-mossad-chief
2011-06-03,23:44:37,hqt6b,38,Russia bans European vegetable imports,rt.com,http://rt.com/politics/vegetables-ban-russia-putin-eu/
2011-06-03,21:16:34,hqq1w,32,German E. coli outbreak is a killer hybrid ,newscientist.com,http://www.newscientist.com/article/dn20541-german-e-coli-outbreak-is-a-killer-hybrid.html
2011-06-03,19:56:30,hqoyf,33,China calls US culprit in global 'Internet war',physorg.com,http://www.physorg.com/news/2011-06-china-culprit-global-internet-war.html
2011-06-04,00:26:35,hqu9m,31,"Syrian forces kill 27 in Hama, ""crackdown"" intensifies",reuters.com,http://www.reuters.com/article/2011/06/03/us-syria-idUSLDE73N02P20110603
2011-06-03,22:23:40,hqrbw,28,The president of Yemen Ali Abdullah Saleh and many senior government officials reportedly injured in shelling of presidential palace.,english.aljazeera.net,http://english.aljazeera.net/news/middleeast/2011/06/201163125916642890.html
2011-06-03,22:57:06,hqs1c,23,"For Arab despots, the skies are limited --- Arab despots are realizing, to their horror, that the future may hold little different for them than what it held for Ratko Mladic. Will this alter the behavior of leaders in the Middle East? It should",nowlebanon.com,http://www.nowlebanon.com/NewsArticleDetails.aspx?ID=277794
2011-06-04,00:03:13,hqtn7,27,150 boat migrants die off Tunisia,bbc.co.uk,http://www.bbc.co.uk/go/rss/int/news/-/news/world-africa-13641275
2011-06-03,09:52:27,hqdqv,23,"Iran sparks diplomatic row with Germany for suddenly closing its airspace to Angela Merkel's plane, forcing it to circle for two hours over Turkey. ",telegraph.co.uk,http://www.telegraph.co.uk/news/worldnews/middleeast/iran/8547882/Iran-sparks-diplomatic-row-with-Germany-closing-airspace-to-Angela-Merkel.html
2011-06-04,04:54:36,hqzwm,24,Syrian Authorities Shut Down The Internet,arabcrunch.com,http://arabcrunch.com/2011/06/breaking-syrian-authorities-shuts-down-the-internet-in-the-country.html
2011-06-03,10:57:07,hqfck,24,"Greece has 50:50 chance of defaulting, says ratings agency Moody's | Business | guardian.co.uk",guardian.co.uk,http://www.guardian.co.uk/business/2011/jun/02/greece-50percent-chance-default
2011-06-04,06:02:08,hr1um,24,Ex-Mossad chief says Israel will not attack Iran and that Israel should accept 2002 Arab Peace Initiative,usatoday.com,http://www.usatoday.com/news/world/2011-06-02-israel-iran-peace_n.htm?csp=34news&utm_source=feedburner&utm_medium=feed&utm_campaign=Feed%3A+UsatodaycomWorld-TopStories+%28News+-+World+-+Top+Stories%29&utm_content=Google+Reader
