2011-12-02,12:37:45,mx4vm,2409,"A win-win on drugs? Fighting gangs by legalizing pot: Copenhagen voted overwhelmingly to remove its cannabis prohibition.  
",globalpost.com,http://www.globalpost.com/dispatch/news/regions/europe/111201/win-win-drugs-fighting-gangs-legalizing-pot
2011-12-02,20:33:58,mxgib,1301,"One of Britain's biggest unions has demanded that the BBC sack popular ""Top Gear"" host Jeremy Clarkson for saying public sector workers on strike should be executed in front of their families",globalpost.com,http://www.globalpost.com/dispatches/globalpost-blogs/weird-wide-web/jeremy-clarkson-top-gear-muammar-gaddafi-execution-bbc-video
2011-12-02,23:24:01,mxkud,1049,"2 days before the parliament elections in Russia Livejournal is shut down by the government. It's like Reddit for the Russian opposition, so it is a big blow",themoscowtimes.com,http://www.themoscowtimes.com/news/article/media-pressured-before-elections/449095.html
2011-12-02,04:12:34,mwirf,629,Anti-piracy group BREIN is caught up in a huge copyright scandal in the Netherlands,torrentfreak.com,https://torrentfreak.com/copyright-corruption-scandal-surrounds-anti-piracy-campaign-111201/
2011-12-03,03:59:00,mxvvx,605,Syria bans iPhones from country due to protest footage,globalpost.com,http://www.globalpost.com/dispatch/news/regions/middle-east/111202/syria-bans-iphones-due-protest-footage-online-reports-video
2011-12-02,22:03:27,mxigo,191,The moment protesters found a plain-clothes cop in their midst - Crime - UK - The Independent,independent.co.uk,http://www.independent.co.uk/news/uk/crime/the-moment-protesters-found-a-plainclothes-cop-in-their-midst-6270908.html?fb_action_ids=992701975490&fb_action_types=news.reads&fb_source=other_multiline#access_token=AAADWQ6323IoBAGOvuxZBgIov8ktm4gl4j0l9ecA4Tamq2wZCZA5OzUKXLqZA2kZAPUorLZCP3kvBhbZCOxrgm9tSOqlxAjL6BFFy96AbDIJ0AZDZD&expires_in=5339
2011-12-02,20:41:21,mxgn0,187,"In UK, eight policemen accused of perverting the course of justice over wrongful conviction of 3 men for the murder of prostitute Lynette White in 1988 walked free after a ""serious error""... investigators destroyed files of documents
",independent.co.uk,http://www.independent.co.uk/news/uk/crime/police-accused-of-orchestrating-miscarriage-of-justice-walk-free-6270922.html
2011-12-02,20:56:02,mxgxp,180,Pakistan military ordered to return fire if attacked by Nato forces,guardian.co.uk,http://www.guardian.co.uk/world/2011/dec/02/pakistan-military-return-fire-nato
2011-12-03,01:31:30,mxpon,132,Legendary natural history documentary maker Sir David Attenborough has spoken out about the dangers of climate change.,bbc.co.uk,http://www.bbc.co.uk/news/science-environment-15994284
2011-12-03,02:08:41,mxr7e,98,"Italian TV bans mention of condoms on World Aids Day, claims newspaper. The alleged ban was the result of a request from Italy's ministry of health. ",guardian.co.uk,http://www.guardian.co.uk/society/2011/dec/02/italian-tv-condoms-world-aids-day
2011-12-02,10:27:57,mwzdr,77,BBC News - New Icelandic volcano eruption could have global impact,bbc.co.uk,http://www.bbc.co.uk/news/world-europe-15995845
2011-12-02,03:40:36,mwhdn,70,Syria now in state of civil war says United Nations as death toll passes 4000 mark,telegraph.co.uk,http://www.telegraph.co.uk/news/worldnews/middleeast/syria/8929186/Syria-now-in-state-of-civil-war-says-United-Nations-as-death-toll-passes-4000-mark.html
2011-12-02,13:25:26,mx6ns,59,Putin prepares the Russian empire to strike back ,guardian.co.uk,http://www.guardian.co.uk/commentisfree/2011/dec/01/putin-prepares-russian-empire?newsfeed=true
2011-12-02,10:53:58,mx0ik,55,Moderate Egyptians haunted by rising prospect of Islamist rule,theglobeandmail.com,http://www.theglobeandmail.com/news/world/moderate-egyptians-haunted-by-rising-prospect-of-islamist-rule/article2256771/
2011-12-03,02:32:31,mxs8h,40, Attack on UK embassy in Iran 'had support of the state',bbc.co.uk,http://www.bbc.co.uk/news/uk-16010547
2011-12-02,21:08:52,mxh7b,38,BBC News - Kremlin accused of trying to gag election monitors,bbc.co.uk,http://www.bbc.co.uk/news/world-europe-16000541
2011-12-02,21:00:08,mxh12,33,Chevron's South American Headaches Continue; Brazil Shuts Down Oil Well,forbes.com,http://www.forbes.com/sites/kenrapoza/2011/12/01/chevrons-south-american-headaches-continue-brazil-shuts-down-oil-well/?feed=rss_home
2011-12-02,13:41:24,mx78s,29,Pakistan Chief Of Army suspends 'chain of command' system to thwart Nato's aggression,dunyanews.tv,http://dunyanews.tv/index.php?key=Q2F0SUQ9MiNOaWQ9NTI4OTA=
2011-12-03,04:05:57,mxw7h,29,"Syrian army defectors are targeting military convoys sent to reinforce President Bashar al-Assad's crackdown on popular unrest, a senior rebel said, increasingly taking the fight to Assad's forces in response to what he called state brutality.",reuters.com,http://www.reuters.com/article/2011/12/02/us-syria-defectors-idUSTRE7B10UH20111202
2011-12-03,00:39:24,mxnme,21,"For Long-Suppressed Libyan Minority, New Freedom Brings an Identity Crisis - 
After centuries of being told their culture is forbidden, can Berbers figure out what it means to be Amazigh today?",theatlantic.com,http://www.theatlantic.com/international/archive/2011/11/for-long-suppressed-libyan-minority-new-freedom-brings-an-identity-crisis/249101/
2011-12-02,10:56:25,mx0mk,23,"The Kremlin's Dangerous Flirtation with Nationalism:  Ahead of Russia's parliamentary elections on Sunday, the pro-Kremlin parties are using nationalist rhetoric in a bid to exploit growing right-wing sentiment in the country. But it's a dangerous game, they could pose a threat to Vladimir Putin.",spiegel.de,"http://www.spiegel.de/international/world/0,1518,800468,00.html"
2011-12-03,04:02:39,mxw1x,21,"Syrian crackdown should be referred to International Criminal Court, UN human rights chief says ",theglobeandmail.com,http://www.theglobeandmail.com/news/world/syrian-crackdown-should-be-referred-to-icc-un-human-rights-chief-says/article2258014/
2011-12-03,05:00:38,mxyg0,17,EU Parliament approved Croatian entry into the EU,bloomberg.com,http://www.bloomberg.com/news/2011-12-01/croatia-clears-last-european-union-hurdle-to-membership-in-bloc.html
2011-12-03,00:46:17,mxnvr,15,Norway's Wise Ways on Aid: Norway appears to have a knack of aligning itself with some of the more progressive voices in international development – and long may it continue to do so,guardian.co.uk,http://www.guardian.co.uk/global-development/poverty-matters/2011/dec/01/norway-progressive-ways-on-aid
2011-12-03,05:29:59,mxzp5,13,Syrians Say They Are Feeling the Grip of Economic Sanctions,nytimes.com,http://www.nytimes.com/2011/12/03/world/middleeast/syrians-say-they-are-feeling-grip-of-economic-sanctions.html
2011-12-02,12:03:02,mx3g3,15,"Tobacco Companies Think Their Trademarks Are More Important Than Your Health: 'EU Health Commissioner will face legal action if he tries to reproduce Australia's plain-packaging proposals for cigarettes in Europe, a tobacco industry representative warned'",techdirt.com,http://www.techdirt.com/articles/20111121/11560516864/tobacco-companies-think-their-trademarks-are-more-important-than-your-health.shtml
2011-12-03,03:27:21,mxui5,14,Pakistan's top military commander has issued orders to the country's troops to return fire should they come under attack again from U.S.-led coalition forces in a move likely to increase tensions after last week's American-led raid on two border outposts that killed 24 Pakistani soldiers.,miamiherald.com,http://www.miamiherald.com/2011/12/02/2528243/pakistan-orders-troops-to-return.html#ixzz1fOFGbf8f
2011-12-03,03:33:28,mxusa,14,Nandos ad ridiculing Mugabe is removed after threats from youth groups,bbc.co.uk,http://www.bbc.co.uk/news/world-africa-16000522
2011-12-02,21:17:19,mxhd3,12,Jailed Afghan rape victim wins pardon after agreeing to marry attacker,latimesblogs.latimes.com,http://latimesblogs.latimes.com/world_now/2011/12/jailed-afghan-rape-victim-wins-pardon-after-agreeing-to-marry-attacker.html
2011-12-02,17:26:54,mxd88,12,Russia 'delivers missiles to Syria',news.yahoo.com,http://news.yahoo.com/russia-delivers-missiles-syria-170047738.html
