2011-02-08,00:01:51,fgwn2,1367,The Church of Scientology is Under Investigation for Slave Labor,thesuperficial.com,http://www.thesuperficial.com/the-church-of-scientology-is-under-investigation-for-slave-labor-02-2011
2011-02-08,12:55:37,fhas8,848,Shocking 'Egypt images' emerge - Middle East - Al Jazeera English,english.aljazeera.net,http://english.aljazeera.net/video/middleeast/2011/02/201127184024139962.html
2011-02-08,10:16:37,fh86t,502,Louis Theroux: The Ultra Zionists,youtube.com,http://www.youtube.com/watch?v=sTszskhUrd0
2011-02-08,22:07:01,fhhw0,313,"Egyptian President Hosni Mubarak may be the world's richest man with an estimated fortune of $70 billion dollars, according to reports.",globalpost.com,http://www.globalpost.com/dispatch/egypt/110208/mubarak-world-richest-man-billionaire
2011-02-08,23:32:00,fhjjz,221,The Last POW - story of a Japanese man who has been in Soviet Union since he was captured during WWII.,japansubculture.com,http://www.japansubculture.com/2011/02/the-last-japanese-man-remaining-in-kazakhstan-a-kafkian-tale-of-the-plight-of-a-japanese-pow-in-the-soviet-union/
2011-02-08,12:21:29,fha84,198,Wikileaks Releases Cables On Egypt VP Omar Suleiman's Connections With Israel,businessinsider.com,http://www.businessinsider.com/wikileaks-omar-suleiman-2011-2
2011-02-09,01:15:11,fhlwb,176,"6000 Workers Sit In, As The First Suez Canal Strike Has Begun",businessinsider.com,http://www.businessinsider.com/6000-workers-sit-in-as-the-first-suez-canal-strike-has-begun-2011-2
2011-02-08,22:06:07,fhhve,162,"Mass demonstrations continue in Cairo: The release of Wael Ghonim, a cyber activist and Google executive, rallied protesters in Cairo.",globalpost.com,http://www.globalpost.com/dispatch/egypt/110208/wael-ghonim-cairo-protests-tahrir-square-mubarak
2011-02-09,00:03:52,fhk8r,156,Syria set to remove firewall that bans Facebook and YouTube.,guardian.co.uk,http://www.guardian.co.uk/world/2011/feb/08/syria-facebook-unbanned-people
2011-02-08,22:52:18,fhiq3,105,"'Sheik al-Torture' is now a democrat
(Pepe Escobar) ""The Egyptian revolution is being dissolved right in front of the world's eyes by an optical illusion...""",atimes.com,http://www.atimes.com/atimes/Middle_East/MB09Ak01.html
2011-02-09,03:51:04,fhpcd,101,52% of Americans have heard little or nothing about the demonstrations in Egypt.,worldblog.msnbc.msn.com,http://worldblog.msnbc.msn.com/_news/2011/02/08/6011468-egypt-crisis-flying-under-americans-radar
2011-02-08,21:36:45,fhhgf,57,Assange Extradition Trial  Day II |Live Updates|,guardian.co.uk,http://www.guardian.co.uk/media/blog/2011/feb/08/julian-assange-extradition-hearing-live?intcmp=239
2011-02-08,18:35:13,fhfip,57,Suspected U.S. spy drone crashes in Yemen; witnesses say al-Qaida carried wreckage away,google.com,http://www.google.com/hostednews/afp/article/ALeqM5h95MtnhYnXUe-umPi0xey05sqDVQ
2011-02-08,12:57:21,fhate,53,Tony Blair's sister-in-law thinks Blair should be tried for war crimes.,socialistworker.org,http://socialistworker.org/blog/couldnt-make-it-up/2011/02/06/a-call-to-jail-blair
2011-02-08,23:17:25,fhj95,47,"Swedish PM slams Julian Assange's claims  --  ""I can only defend what everyone in Sweden already knows: that we have an independent, non-coerced judiciary"".",swedishwire.com,http://www.swedishwire.com/politics/8437-swedish-pm-slams-julian-assanges-claims-
2011-02-08,13:05:39,fhayf,43,Egyptian Ex-Interior Minister Habib el-Adly under investigation for masterminding Coptic church bombing on New Year's Eve.,alarabiya.net,http://www.alarabiya.net/articles/2011/02/07/136723.html
2011-02-09,00:19:25,fhkmi,40,Egypt's new VP Suleiman: The CIA's man in Cairo,english.aljazeera.net,http://english.aljazeera.net/indepth/opinion/2011/02/201127114827382865.html
2011-02-08,12:38:24,fhaeu,29,Scientology fury at FBI ‘probe’,belfasttelegraph.co.uk,http://www.belfasttelegraph.co.uk/news/world-news/scientology-fury-at-fbi-lsquoprobersquo-15076617.html
2011-02-09,05:34:54,fhqxx,35,"Normally cited as an example of good governance, Sweden is now fending off attacks from Assange's lawyers who charge the country is pursuing their client at the behest of the US for leaking classified government and military documents.",csmonitor.com,http://www.csmonitor.com/World/Europe/2011/0208/In-Julian-Assange-extradition-case-spotlight-turns-on-Swedish-law
2011-02-08,15:02:08,fhczi,31,Al Jazeera English correspondent reports on his detention; military roughed up protesters whom they detained.,youtube.com,http://www.youtube.com/watch?v=UBNLYet_NEQ
2011-02-09,00:07:31,fhkc4,26,"Wael Ghonim, one of the instigators of the Jan25 movement and a Google executive, gave his first interview last night after 12 days in detention. This writer calls it ""one of the most moving moments of television"" he has ever seen.",arabist.net,http://www.arabist.net/blog/2011/2/8/wael-ghonim-relaunches-the-revolution.html
2011-02-08,22:37:21,fhife,24,"Violence against medical staff and increased levels of mental illness are taking a toll on Juarez...A gritty border town with about 1.3 million residents, Juarez is the most violent city in Mexico - with more than 3,100 murders in 2010.",english.aljazeera.net,http://english.aljazeera.net/indepth/features/2011/01/2011112104019202753.html#
2011-02-08,08:37:51,fh75b,22,"Still No Water Or Electricity In Iraq 8 Years After 'Liberation' By American Empire - ""It is a tragedy. Even during the Middle Ages, people were not living in this situation,"" said engineer Furat al-Janabi. ",reuters.com,http://www.reuters.com/article/2011/02/06/us-iraq-protests-idUSTRE7151B020110206
2011-02-09,04:27:26,fhpzv,19,"Secret texts 'key to Julian Assange case': Texts indicate the women expected to be paid, intended to get ""revenge"" and wanted to contact newspapers to ""blast"" his client's reputation.",independent.co.uk,http://www.independent.co.uk/news/uk/crime/secret-texts-key-to-julian-assange-case-2208008.html
2011-02-08,12:53:34,fhaqj,20,Blogger's release 'reignites' Egypt - Middle East - Al Jazeera English,english.aljazeera.net,http://english.aljazeera.net/news/middleeast/2011/02/20112722535988460.html
2011-02-08,18:56:46,fhfr1,19,Wael Ghonim DreamTV interview playlist - part 1 intro - parts 2+3 interview - subtitled (use CC),youtube.com,http://www.youtube.com/view_play_list?p=A90B1900FE67C0F5
2011-02-09,00:05:49,fhkae,16,"Egypt - Wael Ghonim, a Google employee, is freed from detention and energizes/inspires the protesters.",apnews.myway.com,http://apnews.myway.com/article/20110208/D9L8ME280.html
2011-02-09,01:32:36,fhmaj,13,"20 Paris airport bag handlers held - Twenty baggage handlers were arrested on Tuesday on suspicion of stealing from travellers' suitcases at Roissy-Charles de Gaulle airport in Paris, airport officials said.",news24.com,http://www.news24.com/World/News/20-Paris-airport-bag-handlers-held-20110208
2011-02-09,03:15:02,fhohr,15,Sudan Leader to Accept Secession of South,nytimes.com,http://www.nytimes.com/2011/02/08/world/africa/08sudan.html?src=twrhp
2011-02-08,20:41:18,fhgsr,13,The Despot Dilemma: Germany Divided over How to Deal with Dictators,spiegel.de,"http://www.spiegel.de/international/world/0,1518,744148,00.html"
