2011-01-17,22:16:26,f3slz,1454,"Swiss whistleblower to hand over data on hundreds of offshore bank account holders to WikiLeaks
",reuters.com,http://www.reuters.com/article/idUSTRE70F0TF20110117?feedType=RSS&feedName=topNews&utm_source=feedburner&utm_medium=feed&utm_campaign=Feed%3A+reuters%2FtopNews+%28News+%2F+US+%2F+Top+News%29
2011-01-17,00:49:49,f3bgh,763,"53% of Germans feel they have ""no special responsibility"" towards Israel because of their history",spiegel.de,"http://www.spiegel.de/international/germany/0,1518,551423,00.html"
2011-01-17,07:47:36,f3hko,732,South Sudan vote backs secession. We're about to witness the creation of a new nation here folks.,abc.net.au,http://www.abc.net.au/news/stories/2011/01/17/3114185.htm?section=world
2011-01-17,09:30:07,f3iyv,402,"No judicial independence in Venezuela: Hugo Chavez has judge imprisoned for 30 years for ""spiritual corruption"" after she grants bail to a man illegally held without trial for three years",guardian.co.uk,http://www.guardian.co.uk/world/2011/jan/14/chavez-prisoner-maria-lourdes-afiuni
2011-01-17,10:35:04,f3jwx,398,"Israeli officials fear a 'domino effect': 
Guyana follows 7 Latin American countries in backing Palestinian state.",ipsnews.net,http://www.ipsnews.net/news.asp?idnews=54146
2011-01-18,02:24:41,f3x6x,158,International arrest warrant issued for Qatari Royal family member convicted of sexually abusing girls under 15.... Good luck finding this news in any arab papers,ceskapozice.cz,http://www.ceskapozice.cz/en/news/foreign-affairs/czechs-issue-warrant-qatari-royal-convicted-sexual-abuse
2011-01-17,17:02:23,f3pei,157,"Tunisian president's wife fled the country with 1,5 TON GOLD (Le monde, french press)",lemonde.fr,http://www.lemonde.fr/afrique/article/2011/01/16/la-famille-ben-ali-se-serait-enfuie-de-tunisie-avec-1-5-tonne-d-or_1466365_3212.html
2011-01-18,07:05:54,f42mk,120,Arrested Pirate Party Member Becomes Tunisian Minister  ,torrentfreak.com,http://torrentfreak.com/arrested-pirate-party-member-becomes-tunisian-minister-110117/
2011-01-17,01:55:21,f3cbw,109,"Th Palestinian Authority is determined to ask the United Nations to declare the settlements illegal, despite USA opposition",jpost.com,http://www.jpost.com/MiddleEast/Article.aspx?id=203848&R=R3
2011-01-17,18:15:02,f3q5t,103,Why did we never know how rotten Tunisia was? ,thefirstpost.co.uk,"http://www.thefirstpost.co.uk/73801,news-comment,news-politics,why-did-we-never-know-how-rotten-tunisia-was"
2011-01-17,14:38:50,f3nm8,99,Berlusconi's harem of 14 women revealed,belfasttelegraph.co.uk,http://www.belfasttelegraph.co.uk/news/world-news/silvio-berlusconis-harem-of-14-women-revealed-15056251.html
2011-01-18,04:55:59,f4072,59,"Four Years On, Rupert Murdoch Phone-Hacking 
Scandal Is Still Growing",guardian.co.uk,http://www.guardian.co.uk/media/2011/jan/16/glenn-mulcaire-andy-coulson-sienna
2011-01-17,20:28:11,f3rdg,56,"Burnings spread to Egypt, Algeria in Tunisia echo
| Reuters",reuters.com,http://www.reuters.com/article/idUSTRE70G26420110117
2011-01-17,09:14:03,f3iqh,45,"Massive protests in Jordan, government on high alert for fears of becoming another Tunisia",latimesblogs.latimes.com,http://latimesblogs.latimes.com/babylonbeyond/2011/01/jordan-protests-food-prices-muslim-brotherhood-tunisia-strike-thousands-government.html
2011-01-17,22:24:06,f3sqa,33,Killings of newborn babies on the rise in Pakistan,news.yahoo.com,http://news.yahoo.com/s/afp/20110117/lf_afp/pakistanchildreninfanticide
2011-01-17,21:16:35,f3rvb,27,The Economist's Lexington on the Arab protests.,economist.com,http://www.economist.com/blogs/lexington/2011/01/arabs_and_tunisias_revolution
2011-01-18,04:22:31,f3zk9,26,"Undercover police do sleep with the people they are spying on, and I should know, says one woman",guardian.co.uk,http://www.guardian.co.uk/uk/2011/jan/17/i-also-slept-with-a-spy
2011-01-17,01:38:55,f3c36,26,Russia warns of ‘Iranian Chernobyl',telegraph.co.uk,http://www.telegraph.co.uk/news/worldnews/europe/russia/8262853/Russia-warns-of-Iranian-Chernobyl.html
2011-01-17,18:14:28,f3q5m,23,Venezuela has overtaken Saudi Arabia as the world leader in oil reserves,cnbc.com,http://www.cnbc.com/id/41101601
2011-01-17,17:18:29,f3pkh,23,Stuxnet virus attack: Russia warns of 'Iranian Chernobyl',telegraph.co.uk,http://www.telegraph.co.uk/news/worldnews/europe/russia/8262853/Stuxnet-virus-attack-Russia-warns-of-Iranian-Chernobyl.html
2011-01-17,14:15:45,f3na5,19,"Mexican ""Zetas"" drug cartel is quietly spreading a reign of terror virtually unchallenged, all the way to the Mexican border with Guatemala -- and across it. ",news.yahoo.com,http://news.yahoo.com/s/ap/lt_drug_war_mexico_s_other_front;_ylt=Ar_iVXu57G.9lb2J9_hxWvtzfNdF
2011-01-17,23:01:58,f3tbk,16,Haiti: Jean-Claude 'Baby Doc' Duvalier Returns from Exile - As if things weren’t bad enough.,time.com,"http://www.time.com/time/world/article/0,8599,2042762,00.html?xid=rss-fullworld-yahoo"
2011-01-18,03:55:47,f3z0r,16,"Ecuador sends Venezuela 5,000 metric tons of crude palm oil using the new ""Sucre""  Virtual Currency",laht.com,http://www.laht.com/article.asp?ArticleId=383777&CategoryId=14089
2011-01-18,01:00:07,f3vmd,17,WikiLeaks: Turkey allowed US 'extraordinary rendition' - Some 24 CIA flights landed at İncirlik airport in southern Turkey between 2002 and 2006 with the knowledge of the Turkish military.,hurriyetdailynews.com,http://www.hurriyetdailynews.com/n.php?n=wikileaks-turkey-allowed-us-extraordinary-rendition-2011-01-17
2011-01-17,10:50:20,f3k4s,16,Former dictator 'Baby Doc' back in Haiti after 25 years,rawstory.com,http://www.rawstory.com/rs/2011/01/baby-doc-haiti-25-years/
2011-01-18,01:39:33,f3wcm,14,"USA stopped Swedish companies in Iran - Two Swedish companies have helped Iran to build its nuclear programme. Secret documents from American embassies, which have been leaked to Wikileaks, reveals that this co-operation was halted after strong pressure from the USA.",stockholmnews.com,http://www.stockholmnews.com/more.aspx?NID=6591
2011-01-17,14:04:31,f3n44,14,North Korea plans to host world golf tournament,abc.net.au,http://www.abc.net.au/news/stories/2011/01/13/3112423.htm
2011-01-17,18:28:22,f3qav,14,Google to fight Spanish demands to remove 'libelous' links,guardian.co.uk,http://www.guardian.co.uk/technology/2011/jan/16/google-court-spain-privacy
2011-01-18,07:12:10,f42qy,10,"Barak quits Israel's Labour party, forms new party",english.aljazeera.net,http://english.aljazeera.net/news/middleeast/2011/01/201111772831319356.html
2011-01-17,22:14:25,f3sky,13,WikiLeaks data gives fresh impetus to Pat Finucane inquiry campaign,guardian.co.uk,http://www.guardian.co.uk/uk/2011/jan/17/wikileaks-pat-finucane-inquiry
