2011-07-24,01:39:07,ixqa2,2444,"At about 2:08 and 3:00, Norwegian PM Stoltenberg says, ‎""Tomorrow we will show the world that Norway's democracy grows stronger when it is challenged … and that the answer to violence is even more democracy, even more humanity, but never naïveté."" ",youtube.com,http://www.youtube.com/watch?v=Bb2fTQO31GQ
2011-07-24,19:32:05,iyasx,1174,S. Korea enacts 'chemical castration' law for pedophiles,world-news.newsvine.com,http://world-news.newsvine.com/_news/2011/07/24/7152629-s-korea-enacts-chemical-castration-law-for-pedophiles
2011-07-24,22:08:53,iych1,818,"Norway PM quotes young survivor in memorial speech: ""If one man can show this much hate, think how much love we can show together""",translate.google.com,http://translate.google.com/translate?js=n&prev=_t&hl=en&ie=UTF-8&layout=2&eotf=1&sl=no&tl=en&u=http%3A%2F%2Farbeiderpartiet.no%2FAktuelt%2FNyhetsarkiv%2FPartiet%2FTale-ved-Statsminister-Jens-Stoltenberg-i-Oslo-Domkirke&act=url
2011-07-24,15:09:22,iy7m5,604,"Why I'm taking the UK police to court for kettling me: I'm 16 and went to protest peacefully with my friends about our future, but we were held for 10 hours without food or water",guardian.co.uk,http://www.guardian.co.uk/commentisfree/libertycentral/2011/jul/05/police-kettling-children
2011-07-24,22:08:04,iycgr,593,"Norwegians defy gunman by sticking to open, tolerant society",theglobeandmail.com,http://www.theglobeandmail.com/news/world/europe/norwegians-defy-gunman-by-sticking-to-open-tolerant-society/article2107826/
2011-07-25,06:04:19,iylm7,450,Private detectives employed by News International are even now compiling dossiers for future use on politicians who attack Murdoch,guardian.co.uk,http://www.guardian.co.uk/media/2011/jul/24/phone-hacking-scandal-bullying-intimidation
2011-07-25,03:30:01,iyi7x,377,This Murdoch scandal has exposed the scale of elite corruption: “lifted the lid on how power is really exercised in 21st-century Britain – in which the unreformed City and its bankers play a central part.”,guardian.co.uk,http://www.guardian.co.uk/commentisfree/2011/jul/20/scandal-exposed-scale-elite-corruption
2011-07-24,02:37:40,ixrth,256,I'm starting to think that the Left might actually be right - Telegraph,telegraph.co.uk,http://www.telegraph.co.uk/news/politics/8655106/Im-starting-to-think-that-the-Left-might-actually-be-right.html
2011-07-24,17:14:27,iy9cw,208,Norwegian killer made this video (confirmed by Norwegian media),liveleak.com,http://www.liveleak.com/view?i=093_1311453213
2011-07-24,10:43:50,iy2l4,154,Violent clashes erupt in Egyptian capital: At least 231 injured after knife-wielding men attack pro-reform protesters marching to defence ministry in Cairo.,english.aljazeera.net,http://english.aljazeera.net/news/middleeast/2011/07/20117231893185389.html
2011-07-24,05:27:50,ixvso,145,Norwegian terrorist sent manifesto to Finnish politicians just before attacks,translate.google.no,http://translate.google.no/translate?hl=no&sl=no&tl=en&u=http%3A%2F%2Fwww.vg.no%2Fnyheter%2Finnenriks%2Foslobomben%2Fartikkel.php%3Fartid%3D10080671
2011-07-25,02:16:49,iyglb,126,"The Taliban executed an 8-year-old boy, by hanging, in southern Afghanistan...",edition.cnn.com,http://edition.cnn.com/2011/WORLD/asiapcf/07/24/afghanistan.militants.hang.boy/
2011-07-24,21:55:34,iycb6,75,Norway attacks: We can no longer ignore the far-right threat ,guardian.co.uk,http://www.guardian.co.uk/commentisfree/2011/jul/24/norway-bombing-attack-far-right
2011-07-25,03:29:49,iyi7r,74,"Corrupt police officers should be locked up and the key ""thrown away""",bbc.co.uk,http://www.bbc.co.uk/news/uk-14266893
2011-07-25,00:06:12,iye42,68,Norway's killer describe 8 robbery attempts by muslims as his reason for his hatred,translate.google.com,http://translate.google.com/translate?hl=da&sl=da&tl=en&u=http%3A%2F%2Fwww.bt.dk%2Fudland%2Fsaadan-begyndte-hans-had-til-muslimer
2011-07-24,15:03:09,iy7i1,59,"Phone hacking: 7/7 victims fear police passed 
numbers to News of the World",guardian.co.uk,http://www.guardian.co.uk/media/2011/jul/23/phone-hacking-police-news-world
2011-07-25,04:57:51,iyk5q,48,The Demand For Water Will Increase Five Times By 2050,blogs.forbes.com,http://blogs.forbes.com/robertlenzner/2011/07/23/the-demand-for-water-will-increase-five-times-by-2050/
2011-07-24,11:54:39,iy40m,52,"Oslo attacker says attacks were ""gruesome but 
necessary""",bbc.co.uk,http://www.bbc.co.uk/news/world-europe-14265094
2011-07-25,03:56:46,iyite,43,2000 y/o bell found in ancient Jerusalem sewer,washingtonpost.com,http://www.washingtonpost.com/world/middle-east/in-jerusalem-a-tiny-golden-bell-found-in-a-sewer-plays-a-sound-unheard-for-2-millennia/2011/07/24/gIQAfr9dWI_story.html?wprss=rss_world
2011-07-24,10:43:31,iy2kw,46,What did the Oslo killer want? | FP Passport,blog.foreignpolicy.com,http://blog.foreignpolicy.com/posts/2011/07/23/what_did_the_oslo_killer_want
2011-07-24,23:40:41,iydp5,38,"Man Blamed For Norway Attacks ""Wanted A Revolution""; Called Massacre ""Ultimate Love Gift""",npr.org,http://www.npr.org/2011/07/24/138652836/lawyer-norway-suspect-wanted-a-revolution
2011-07-25,02:32:48,iygya,40,"Faced with inhumanity, we must be more human - Opinion - Al Jazeera English (must Read)
",english.aljazeera.net,http://english.aljazeera.net/indepth/opinion/2011/07/201172463425438291.html?utm_content=automateplus&utm_campaign=Trial5&utm_source=SocialFlow&utm_medium=MasterAccount&utm_term=tweets
2011-07-24,23:57:52,iydyy,45,"A Conversation With The Dalai Lama --- 
Charming interview with Tibetan spiritual leader. Got on well with Mao, valued his leadership advice, was then casually told ""religion is poison"". Says today's CCP leaders should do like him and retire. Cheerful discussing own death",rollingstone.com,http://www.rollingstone.com/politics/news/a-conversation-with-the-dalai-lama-20110721
2011-07-25,01:43:16,iyfyo,37,"Kenyan Mau Mau survivors to sue British government: London court rules that elderly Kenyans can sue British government for abuse.
",globalpost.com,http://www.globalpost.com/dispatch/news/regions/africa/kenya/110723/kenya-mau-mau-british-reparations
2011-07-24,01:30:28,ixq2c,35,Belgian ban on full veils comes into force,bbc.co.uk,http://www.bbc.co.uk/news/world-europe-14261921
2011-07-24,23:15:18,iydcu,32,Vince Cable launches attack on 'right wing nutters',independent.co.uk,http://www.independent.co.uk/news/uk/politics/vince-cable-launches-attack-on-right-wing-nutters-2319748.html
2011-07-24,12:00:45,iy45a,32,"Latvia looks set to dissolve parliament: Almost 95 per cent of those who voted support dissolution, following earlier attempt by ex-president to curb corruption.",english.aljazeera.net,http://english.aljazeera.net/news/europe/2011/07/2011723215535185126.html
2011-07-24,16:24:48,iy8q3,28,"The man who murdered 80 in Norway was also an avid WoW veteran. Here's a forum started by him (not relating to the bombings), and some reactions to his recent crime are posted here as well. ",eu.battle.net,http://eu.battle.net/wow/en/forum/topic/927077585?page=1
2011-07-24,23:00:16,iyd52,29,Norwegian mass murderer copied large parts of text from the Unabomber's manifesto.,translate.google.se,http://translate.google.se/translate?js=n&prev=_t&hl=sv&ie=UTF-8&layout=2&eotf=1&sl=no&tl=en&u=http%3A%2F%2Fwww.nrk.no%2Fnyheter%2Fnorge%2F1.7725223
2011-07-24,23:26:36,iydim,22,"Pakistan spies spread all around the world, influencing a pro-Pakistan view",nytimes.com,http://www.nytimes.com/2011/07/24/world/asia/24isi.html
