2011-09-11,02:55:00,kbae0,1528,"Egypt’s military has arrested 12,000 civilians & tried them by military tribunal, eclipsing Mubarak's 30 yr total",hrw.org,http://www.hrw.org/news/2011/09/10/egypt-retry-or-free-12000-after-unfair-military-trials
2011-09-11,17:38:03,kbx5t,1291,"Syrian soldiers executed for refusing to fire on protestors—defectors increase, but no senior officers. ",guardian.co.uk,http://www.guardian.co.uk/world/2011/sep/09/syrian-soldiers-executed-damascus-barracks
2011-09-11,18:52:02,kby66,372,The Decade of 9/11: War Without End,english.aljazeera.net,http://english.aljazeera.net/indepth/opinion/2011/09/2011910151711228528.html
2011-09-11,23:10:27,kc1or,259,"Israel approves plan to relocate 30,000 Bedouin from unrecognized villages",haaretz.com,http://www.haaretz.com/news/national/israel-approves-plan-to-relocate-30-000-bedouin-from-unrecognized-villages-1.383772
2011-09-11,10:03:06,kbmnm,124,Egyptian commandos save 6 Israelis in embassy attack,boston.com,http://www.boston.com/news/world/middleeast/articles/2011/09/10/egypt_commandos_save_6_israelis_in_embassy_attack/
2011-09-11,11:21:52,kbor4,105,"With its Cairo embassy ransacked, its ambassador to Turkey expelled and the Palestinians seeking statehood recognition at the United Nations, Israel found itself on Saturday increasingly isolated.",msnbc.msn.com,http://www.msnbc.msn.com/id/44471596/ns/world_news-mideast_n_africa/#.TmwaaOyvvkg
2011-09-12,06:24:36,kcdwl,82,Shots fired from Egypt toward IDF vehicle on Israel border,haaretz.com,http://www.haaretz.com/news/diplomacy-defense/shots-fired-from-egypt-toward-idf-vehicle-on-israel-border-1.383832
2011-09-11,22:33:42,kc12q,76,Taliban 'offered bin Laden trial before 9/11',english.aljazeera.net,http://english.aljazeera.net/news/asia/2011/09/20119115334167663.html#.Tmy4qbjaoTo.reddit
2011-09-11,21:12:11,kbzvg,76,77 US troops wounded and 2 Afghans killed in attack on NATO outpost. Blast reportedly leaves 20-foot hole in the wall.,msnbc.msn.com,http://www.msnbc.msn.com/id/44474315/ns/world_news-south_and_central_asia/#.TmylJd2SdqI
2011-09-12,05:50:46,kccuk,67,"Mexican mother presses the case of her missing police officer son vanishing on his way to help police a violent town.
",latimes.com,"http://www.latimes.com/news/nationworld/world/la-fg-mexico-vanished-cops-20110902,0,1106087.story?obref=obinsite"
2011-09-11,11:28:41,kboxk,60,"Spanish warship rescues hostage from pirates: Troops from a Spanish warship stormed a pirate skiff in the Gulf of Aden and rescued a French hostage missing from her yacht but found no trace of her husband, the EU anti-piracy mission said.",abc.net.au,http://www.abc.net.au/news/2011-09-11/spanish-warship-rescues-french-hostage-from-pirates/2880136
2011-09-12,05:09:17,kcbmn,55,Gaddafi's son caught in Niger,guardian.co.uk,http://www.guardian.co.uk/world/2011/sep/11/gaddafi-son-saadi-niger
2011-09-11,04:14:32,kbcre,47,"Greece on verge of default as doubt grows over €8bn bailout
",guardian.co.uk,http://www.guardian.co.uk/world/2011/sep/10/greece-verge-default-bailout-doubt
2011-09-12,06:06:49,kcdd3,36,Libyans Find Mass Grave of Slain Detainees - TIME,time.com,"http://www.time.com/time/world/article/0,8599,2092676,00.html"
2011-09-12,02:31:36,kc6xv,39,Germany's Euro question,economist.com,http://www.economist.com/node/21528639
2011-09-11,05:46:19,kbffw,33,"US tells Israel, Turkey to 'cool it' amid tensions (AP)",boston.com,http://www.boston.com/news/nation/washington/articles/2011/09/09/us_tells_israel_turkey_to_cool_it_amid_tensions/
2011-09-11,17:23:59,kbwy7,23,Indian police have detained two people in connection with a bomb blast that killed 14 people outside a New Delhi court house last week,reuters.com,http://www.reuters.com/article/2011/09/11/us-india-bomb-detention-idUSTRE78A0NQ20110911
2011-09-11,10:55:11,kbo17,24,Angry crowd attacks journalists reporting on embassy attack in Egypt,cnn.com,http://www.cnn.com/2011/WORLD/meast/09/10/egypt.journalists.targeted/
2011-09-11,21:03:10,kbzqf,23,Trying to lock away carbon dioxide in Iceland,sfgate.com,http://www.sfgate.com/cgi-bin/article.cgi?f=/c/a/2011/09/11/MNSF1KRUQM.DTL
2011-09-11,16:02:04,kbvkc,18,"NATO military base in central Afghanistan attacked with significant injuries
    ",news.xinhuanet.com,http://news.xinhuanet.com/english2010/world/2011-09/11/c_131132643.htm
2011-09-11,17:31:28,kbx2c,19,"Egyptian Prime Minister Offers to Resign in Wake of Cairo Riots
",ibtimes.com,http://www.ibtimes.com/articles/211716/20110910/cairo-riots-prime-minister-ruling-council-israel-embassy-us.htm
2011-09-11,23:20:46,kc1wh,19,Muslim protesters burn US flag outside embassy in London,telegraph.co.uk,http://www.telegraph.co.uk/news/worldnews/september-11-attacks/8755834/911-anniversary-Muslim-protesters-burn-US-flag-outside-embassy-in-London.html
2011-09-11,16:22:16,kbvwx,17,Japan marks six months since disasters: Ceremonies take place in Japan to commemorate six months since northeast coastline was devastated by quake and tsunami.,english.aljazeera.net,http://english.aljazeera.net/news/asia-pacific/2011/09/20119115266277747.html
2011-09-12,04:55:53,kcb7m,19,"Libyan conflict: Gaddafi's son Saadi 'arrives in Niger' - One of the sons of the fugitive Libyan leader, Col Muammar Gaddafi, has arrived in neighbouring Niger.",bbc.co.uk,http://www.bbc.co.uk/news/world-africa-14876028
2011-09-11,20:11:59,kbz4s,13,Four terror suspects arrested in Sweden,globalpost.com,http://www.globalpost.com/dispatch/news/regions/europe/110911/sweden-terror-four-arrested-911
2011-09-12,06:17:49,kcdog,14,Fighters frustrated as Gadhafi loyalists resist assault on Bani Walid,edition.cnn.com,http://edition.cnn.com/2011/WORLD/africa/09/10/libya.bani.walid.scene/index.html?hpt=hp_t2
2011-09-11,09:22:09,kblmi,14,Sailors feared worst as submarine HMAS Farncomb sank,theaustralian.com.au,http://www.theaustralian.com.au/national-affairs/defence/sailors-feared-worst-as-submarine-hmas-farncomb-sank/story-e6frg8yo-1226133528725
2011-09-11,20:39:45,kbzfy,8,Japan’s new trade minister Yoshio Hachiro has resigned after making a joke about radiation six months after a tsunami caused the Fukushima Daiichi nuclear plant to melt down,globalpost.com,http://www.globalpost.com/dispatch/news/regions/asia-pacific/japan/110910/japan-trade-minister-resigns-joke-yoshio-hachiro-fukushima-radiation
2011-09-12,07:25:02,kcfpk,7,A Somali talks about Somalia,theglobeandmail.com,http://www.theglobeandmail.com/news/video/video-how-somalia-views-canada-and-the-world/article2161298/
2011-09-12,01:44:11,kc5io,7,Angry crowd turns on journalists reporting embassy attack in Egypt - CNN.com,cnn.com,http://www.cnn.com/2011/WORLD/meast/09/10/egypt.journalists.targeted/index.html?hpt=hp_t2
