2011-11-19,18:26:25,mhyif,1824,"New video footage captured by a tuna industry whistleblower has been released by Greenpeace, which reveals the routine slaughter of other marine species, including whale sharks, rays and whales",guardian.co.uk,http://www.guardian.co.uk/environment/video/2011/nov/18/footage-tuna-industry-slaughter-video
2011-11-19,21:56:39,mi15f,1382,"Chinese poet Liao Yiwu recently moved to Germany, where his books are best-sellers. His self-imposed exile has allowed him to finally publish his memoir, which reveals the abuses and torture he suffered during his years in prison. The book is a shocking indictment of the Chinese justice system.",spiegel.de,"http://www.spiegel.de/international/world/0,1518,797833,00.html"
2011-11-19,14:16:00,mhu05,978,Chinese Fund Managers Sentenced to Death,thechinamoneyreport.com,http://www.thechinamoneyreport.com/2011/11/10/chinese-fund-managers-sentenced-to-death-after-cheating-investors-out-of-1-billion-usd/
2011-11-19,06:46:08,mhgbp,833,Europe bans 'naked' airport scanners over cancer fears,dailymail.co.uk,http://www.dailymail.co.uk/travel/article-2062646/Naked-airport-X-ray-body-scanners-banned-Europe-cancer-fears.html
2011-11-19,11:42:11,mhprq,482,"  Chinese Fund Managers Sentenced to Death after 
Cheating Investors out of 1 Billion USD  ",nwotruth.com,http://nwotruth.com/chinese-fund-managers-sentenced-to-death-after-cheating-investors-out-of-1-billion-usd/
2011-11-19,22:34:31,mi1tv,377,"Agent Orange --- Photo gallery from Vietnam. The war ended in 1975 but children are still being born with birth defects, allegedly as a result of the US military's use of Agent Orange during the conflict",invisiblephotographer.asia,http://invisiblephotographer.asia/2011/11/18/photoessay-agentorange-lamyikfei/
2011-11-19,17:10:55,mhxfa,251,"In a blunt warning amid an escalating crisis, the Harper government declared Friday that Canada stands ready to join with other nations in preventing Iran from acquiring a nuclear weapon.",theglobeandmail.com,http://www.theglobeandmail.com/news/politics/canada-ready-to-take-action-on-iran-if-needed-harper-says/article2242178/
2011-11-19,19:31:45,mhzag,194,'Gaddafi's son captured' in Libya,bbc.co.uk,http://www.bbc.co.uk/news/world-middle-east-15804299
2011-11-19,02:09:59,mh5as,120,"China bristles at US troop build up in Australia:  US decision to send 2,500 troops to Australia has not gone over well in China.
",globalpost.com,http://www.globalpost.com/dispatch/news/regions/asia-pacific/china/111118/china-us-troop-build-up-australia
2011-11-19,07:29:03,mhhuy,112,Shoplifters caught stealing from a Dollar Store in northern Sweden can avoid being reported to police if they agree to wear full-body sign outing them as a thief.,thelocal.se,http://www.thelocal.se/37438/20111118/
2011-11-19,23:26:21,mi2wp,77,"Spain’s brain drain pain: young talent heads abroad for a better future, with 21 percent unemployment, the brightest flee to Germany, the US and even Brazil.
",globalpost.com,http://www.globalpost.com/dispatch/news/regions/europe/spain/111118/spain%E2%80%99s-brain-drain-pain-young-talent-heads-abroad-better-
2011-11-19,15:16:42,mhvde,75,"Turkey and Jordan, backed by Western and Arab powers, are preparing to set up two ""safe zones"" for civilians inside Syria if President Bashar Assad did not sign on to an Arab plan aimed at ending a bloody crackdown on anti-regime protesters by Saturday. ",dailystar.com.lb,http://www.dailystar.com.lb/News/Middle-East/2011/Nov-18/154477-turkey-jordan-to-set-up-safe-zones-in-syria-diplomats.ashx#axzz1e8HhgbYF
2011-11-19,13:46:06,mhta0,65,"Neutrinos still faster than light --- The Italian Institute for Nuclear Physics (INFN), which runs the Gran Sasso lab, has just confirmed the earlier result based on a re-examination of the old data. Crucially, it also replicated the finding with an all-new batch of neutrinos.",economist.com,http://www.economist.com/blogs/babbage/2011/11/neutrinos
2011-11-20,02:12:41,mi7e7,50,Ethiopian troops 'cross border into Somalia',bbc.co.uk,http://www.bbc.co.uk/news/world-africa-15807215
2011-11-19,15:55:07,mhw6b,48,Britain's 'most wanted' killed in a CIA drone attack in Pakistan,telegraph.co.uk,http://www.telegraph.co.uk/news/uknews/terrorism-in-the-uk/8900443/Britains-most-wanted-killed-in-drone-attack.html
2011-11-19,00:08:38,mh0kj,48,"Otaku Culture And Cultural Soft Power --- 
Japan's economic collapse offset by boom in Internet-driven youth and marginal cultures—manga, cinema etc—which sent Japan's national cool quotient soaring. Lost status as industrial power, gained status as cultural superpower",ethanzuckerman.com,http://www.ethanzuckerman.com/blog/2011/11/16/mimi-ito-on-otaku-culture-and-cultural-soft-power/
2011-11-20,07:40:35,mihnw,43,Masked gunmen attack Brazilian Indian leader in shock execution - Survival International,survivalinternational.org,http://www.survivalinternational.org/news/7887
2011-11-19,12:01:44,mhqc2,40,"China's Green Growth Potential ""Could Create 9.5 Million New Jobs' - 
There's a  ""Jeckyl & Hyde"" nature to the environmental situation in China, which can claim both the world's biggest investment in new energy & the most dangerous levels of pollution",guardian.co.uk,http://www.guardian.co.uk/environment/2011/nov/18/china-green-growth-jobs?intcmp=122
2011-11-20,04:42:06,mic49,42,Norway: an Eden with wifi,ft.com,http://www.ft.com/cms/s/2/5749fbb8-100d-11e1-a468-00144feabdc0.html#axzz1e9fRYOFZ
2011-11-20,01:39:58,mi6fb,42,"Violence Erupts in Cairo, Even as Military Cedes Political Ground",nytimes.com,http://www.nytimes.com/2011/11/20/world/middleeast/violence-erupts-in-cairo-as-egypts-military-cedes-political-ground.html
2011-11-19,21:49:53,mi11o,39,Hidden in Plain Sight - Facts and Myths about Germany's Far-Right Extremists,spiegel.de,"http://www.spiegel.de/international/germany/0,1518,798682,00.html"
2011-11-20,01:30:25,mi64p,27,"China won't be riding to the rescue any time soon --- There are risks involved trillions of dollars stashed in China, and trillions in debt accumulating on the other side, all waiting to tip into disarray. ",theglobeandmail.com,http://www.theglobeandmail.com/news/world/doug-saunders/china-wont-be-riding-to-the-rescue-any-time-soon/article2241892/
2011-11-19,09:38:39,mhm2x,28,Peruvian Government Accused Of Secretly Sterilizing Thousands Of Women,jezebel.com,http://jezebel.com/5860756/peruvian-government-accused-of-secretly-sterilizing-thousands-of-women
2011-11-20,07:23:46,mih4u,26,Syrian President Bashar al-Assad said the crackdown on anti-government unrest in his country would continue in the face of pressure from the Arab League to end it.,af.reuters.com,http://af.reuters.com/article/egyptNews/idAFL5E7MJ13S20111119
2011-11-19,11:46:08,mhpvt,25,"""Nobody"" leads polls ahead of Greek election",reuters.com,http://www.reuters.com/article/2011/11/18/us-greece-politics-parties-idUSTRE7AH0V820111118
2011-11-19,22:09:07,mi1dc,22,"Pakistan bans 'obscene' words from text messages. Like ""taxi."" Also, ""monkey crotch.""",cnn.com,http://www.cnn.com/2011/11/19/world/asia/pakistan-banned-words/index.html
2011-11-20,07:01:41,migha,19,Bahrain teenager killed by police vehicle: Sixteen-year-old dies days before release of report on social conflict that has left more than 30 people dead.,aljazeera.com,http://www.aljazeera.com/news/middleeast/2011/11/20111119155730885124.html
2011-11-20,01:42:26,mi6i3,17,Syrian Troops Attack Despite Arab Peace Plan,time.com,"http://www.time.com/time/world/article/0,8599,2099891,00.html"
2011-11-19,19:53:21,mhzjx,15,Saif al-Islam Gaddafi captured in Libya: Interim Tripoli government says son of Gaddafi was arrested while attempting to flee to neighbouring Niger,guardian.co.uk,http://www.guardian.co.uk/world/2011/nov/19/saif-al-islam-gaddafi-captured
2011-11-19,20:57:22,mi0a3,15," Russian Warships Entering Syrian Waters to Inhibit 
Foreign Invasion as Opposition Calls For No-Fly 
Zone  ",theintelhub.com,http://theintelhub.com/2011/11/18/russian-warships-entering-syrian-waters-to-inhibit-foreign-invasion-as-opposition-calls-for-no-fly-zone/
