2011-10-28,19:09:13,ls1yj,1837,"Britain's top directors condemned as ""elite greedy pigs"" after a 49% pay rise last year, while average workers failed even to keep up with inflation",independent.co.uk,http://www.independent.co.uk/news/business/news/business-as-usual-top-directors-get-49-per-cent-pay-rise-2376929.html
2011-10-28,02:53:17,lr6yf,1722,"Colombian President Juan Manuel Santos says he would support worldwide legalization of ""softer drugs"" such as marijuana ""provided everyone does it at the same time."" ",reason.com,http://reason.com/blog/2011/10/27/colombias-president-wants-to-g
2011-10-28,03:13:19,lr7r7,1019,Canada’s homicide rate hits 44-year low,theglobeandmail.com,http://www.theglobeandmail.com/news/national/canadas-homicide-rate-hits-44-year-low/article2214035/
2011-10-28,14:33:54,lrwst,808,"Over 200 Cambodian workers fainted this week in a factory which manufacturers clothes for Swedish fashion giant H&M.
",thelocal.se,http://www.thelocal.se/37006/20111028/
2011-10-28,01:36:04,lr3zs,546,Paris police have arrested around 20 Christian fundamentalists who burst into a theatre and threw stink bombs to protest against a play featuring the face of Christ drizzled with fake excrement.,thelocal.fr,http://www.thelocal.fr/1594/20111027/
2011-10-28,19:17:30,ls22y,331,Gaddafi killer faces prosecution,guardian.co.uk,http://www.guardian.co.uk/world/2011/oct/27/gaddafi-killers-face-prosecution-libya
2011-10-28,18:50:46,ls1pd,227,UK royal succession laws changed - daughters to have equal rights as sons,bbc.co.uk,http://www.bbc.co.uk/news/uk-15492607
2011-10-28,21:11:32,ls3wv,228,How can I be proud of my China if we are a nation of 1.4bn cold hearts?,guardian.co.uk,http://www.guardian.co.uk/commentisfree/2011/oct/22/china-nation-cold-hearts?fb=native&CMP=FBCNETTXT9038
2011-10-29,01:57:52,lscxs,213,"In the fifth year of a terrible war in Mexico that has exhausted the military, consumed the presidency of Felipe Calderon and left more than 43,000 dead in drug violence, Joaquin “El Chapo” Guzman, the founder of the Sinaloa cartel, reigns supreme",washingtonpost.com,http://www.washingtonpost.com/world/americas/el-chapo-wanted-drug-lord-grows-stronger-in-mexicos-sierra-madre/2011/10/14/gIQAfcUDNM_story.html
2011-10-28,17:18:55,ls0ax,180,"Fukushima released 'twice as much' radioactive material as first thought. Far more radioactive caesium released into the atmosphere than previously estimated, according to study",guardian.co.uk,http://www.guardian.co.uk/world/2011/oct/28/fukushima-released-double-radioactive-material
2011-10-28,08:41:54,lrklm,164,Police chiefs 'authorised undercover police officers to give false evidence in court'.,telegraph.co.uk,http://www.telegraph.co.uk/news/uknews/law-and-order/8837724/Police-chiefs-authorised-undercover-police-officers-to-give-false-evidence-in-court.html
2011-10-28,18:57:36,ls1si,130,"Helsinki Court orders Finnish ISP Elisa to block subscriber access to The Pirate Bay. The ISP has to block the domain names and IP addresses of the world’s most-visited torrent site by end of next month or face 100,000 euro fine",torrentfreak.com,https://torrentfreak.com/finnish-isp-ordered-to-block-the-pirate-bay-111026/
2011-10-28,19:10:13,ls1z7,121,Rape being used to cure Lesbians.,edition.cnn.com,http://edition.cnn.com/2011/10/27/world/wus-sa-rapes/index.html
2011-10-28,12:10:54,lrs6j,108,"Singing Geneva banker: 'The global economy is about to crash'
",thelocal.ch,http://www.thelocal.ch/1592/20111027/
2011-10-29,05:50:43,lslks,106,"Thousands of protesters gathered in Cairo's Tahrir Square Friday to press the ruling army to speed up the transfer of power to civilian rule, and an Islamist leader said his followers would stage a sit-in if the army does not respond.",reuters.com,http://www.reuters.com/article/2011/10/28/us-egypt-islamists-army-idUSTRE79R4HS20111028
2011-10-28,07:30:20,lrhxj,103,Iranian grand Chess master Maghami was expelled from an international chess tournament after refusing to play an Israeli,jpost.com,http://www.jpost.com/MiddleEast/Article.aspx?id=243355&R=R3
2011-10-29,00:58:57,lsasd,87,Bangkok Flooding: Putting Pets Before People [pics],globalpost.com,http://www.globalpost.com/photo-galleries/planet-pic/5679556/bangkok-flooding-putting-pets-people
2011-10-29,02:58:57,lsf83,70,German flag burned on the streets as Greeks react angrily to historic Eurozone deal,dailymail.co.uk,http://www.dailymail.co.uk/news/article-2054779/The-Greeks-revolting-German-flag-burned-streets-react-angrily-historic-Eurozone-deal.html
2011-10-28,12:40:34,lrt85,71,Church of England shaken to its foundations as row over anti-capitalism protest escalates.,independent.co.uk,http://www.independent.co.uk/news/uk/home-news/church-shaken-to-its-foundations-as-row-over-anticapitalism-protest-escalates-2376930.html
2011-10-29,04:18:36,lsi55,64,6.9 Magnitude Earthquake Near the Coast of Central Peru,earthquake.usgs.gov,http://earthquake.usgs.gov/earthquakes/recenteqsww/Quakes/usb0006fv2.html
2011-10-29,00:31:23,ls9rd,47,"Syrian forces 'kill dozens' in Homs and Hama: Activists say at least 36 people killed, mainly in Homs and Hama, as protesters call for no-fly zone to protect them.",english.aljazeera.net,http://english.aljazeera.net/news/middleeast/2011/10/20111028134443538582.html
2011-10-28,08:22:57,lrjvi,29,"Another Container Ship Hits Rocks in New Zealand - ""They're saying the damage to the ship has been superficial but they're getting that seen to right now.""",nzherald.co.nz,http://www.nzherald.co.nz/nz/news/article.cfm?c_id=1&objectid=10762252
2011-10-29,03:21:51,lsg1b,30,Egyptians march to Tahrir Square in solidarity with #OccupyOakland,rawstory.com,http://www.rawstory.com/rs/2011/10/28/egyptians-march-in-solidarity-with-occupy-oakland/#.TqrsMNhKG68.reddit
2011-10-28,09:47:16,lrmza,27,Gaddafi's chemical weapons were hidden despite pledge to Tony Blair ,mailonsunday.co.uk,http://www.mailonsunday.co.uk/news/article-2053988/Gaddafis-chemical-weapons-hidden-despite-pledge-Tony-Blair.html
2011-10-29,02:30:51,lse7q,27,Warning for China's Economy: Wenzhou's cutthroat network of private credit came tumbling down this spring.,globalpost.com,http://www.globalpost.com/dispatch/news/regions/asia-pacific/china/111020/china-economy-wenzhou-private-lending-credit
2011-10-28,18:44:53,ls1my,22,FTSE 100 directors' earnings rose by 49% last year,guardian.co.uk,http://www.guardian.co.uk/business/2011/oct/28/ftse-100-directors-earnings-rose-by-almost-half
2011-10-28,23:53:09,ls8f5,24,4-year-old Palestinian girl is rendered quadriplegic by Israeli military training in occupied West Bank,imemc.org,http://www.imemc.org/article/62371?2
2011-10-29,07:59:27,lspqv,21,Germany finds extra 55bn euros after accounting error,bbc.co.uk,http://www.bbc.co.uk/news/business-15503097
2011-10-29,05:53:36,lslok,19,"Israeli prisoner swap may be prelude to attack on Iran - ""Netanyahu may see Iran as an opportunity to achieve his Churchillian moment""",washingtontimes.com,http://www.washingtontimes.com/news/2011/oct/28/israeli-prisoner-swap-may-be-prelude-attack-iran/
2011-10-29,03:36:08,lsgjc,20,Germany's Longest Subway: Billions Upon Billions for Berlin-Munich Bullet Train,spiegel.de,"http://www.spiegel.de/international/germany/0,1518,794125,00.html"
