2011-08-01,23:51:11,j5px5,1026,Murdoch's News International ordered tech firm to mass-deleted emails.,guardian.co.uk,http://www.guardian.co.uk/media/2011/aug/01/phone-hacking-news-international-emails
2011-08-01,20:21:02,j5lfj,879,"HSBC posts $11.5 billion profit, announces plan to slash 25,000 more jobs",msnbc.msn.com,http://www.msnbc.msn.com/id/43968434/ns/business-world_business/
2011-08-02,00:50:10,j5rkv,804,Murdoch Hacked Us Too --- Excoriating attack on News Corp. Not just a UK issue. And there's a lot more to it than mere tabloid vulgarity and right-wing attack-dog politics,nymag.com,http://nymag.com/print/?/news/frank-rich/murdoch-scandal-2011-8/
2011-08-01,18:31:06,j5jzw,787,GETTING BIN LADEN: What happened that night in Abbottabad,newyorker.com,http://www.newyorker.com/reporting/2011/08/08/110808fa_fact_schmidle
2011-08-01,21:15:57,j5mbv,239,Chinese government censors all reports on railway crash amid unrest,nytimes.com,http://www.nytimes.com/2011/08/01/world/asia/01crackdown.html?_r=1
2011-08-01,10:47:40,j59pb,230,"EU fishing fleets discarded £2.7bn (2.1m) of dead or dying cod to avoid breaking regulations, claims report, fueling  bitter debate
",guardian.co.uk,http://www.guardian.co.uk/environment/2011/aug/01/eu-fleets-discard-tonnes-of-cod
2011-08-01,00:13:01,j4uvr,227,"Israel struggles with free speech issues. ""public support for free-speech rights is declining in Israel and that more than one in three Israelis now say there is 'too much' free speech.""",latimes.com,"http://www.latimes.com/news/nationworld/world/la-fg-israel-free-speech-20110731,0,7912613.story"
2011-08-01,13:08:25,j5d9q,129,"Doubting Assurances, Japanese Find Radioactivity on Their Own",nytimes.com,http://www.nytimes.com/2011/08/01/world/asia/01radiation.html
2011-08-01,14:13:56,j5ez8,64,"North Korea 'keen' for six-party nuclear talks: North Korea says it is eager to resume six-party talks on its nuclear programme ""at an early date"" and ""without preconditions"".",bbc.co.uk,http://www.bbc.co.uk/news/world-asia-pacific-14361567
2011-08-02,07:17:18,j63g6,60,"In a dramatic policy shift, Israel's prime minister has agreed to negotiate the borders of a Palestinian state based on the pre-1967 cease-fire line.",boston.com,http://www.boston.com/news/world/middleeast/articles/2011/08/01/doctor_israeli_troops_kill_2_palestinians/?s_campaign=8315
2011-08-01,19:51:58,j5l1t,54,The Rise of the Macro-Nationalists,nytimes.com,http://www.nytimes.com/2011/07/31/opinion/sunday/the-rise-of-the-macro-nationalists.html?_r=1
2011-08-01,08:28:07,j56aj,48,Venezuela plans 'to release 40% of prisoners',bbc.co.uk,http://www.bbc.co.uk/news/world-latin-america-14361079
2011-08-01,00:43:04,j4vfa,47,"China’s $2 Trillion Hole ---              
The US debt negotiation ceilings are going to the wire. China, the biggest holder of Treasury debt, is watching on helplessly as it gets taken to the financial cleaners.",the-diplomat.com,http://the-diplomat.com/2011/07/31/china%E2%80%99s-2-trillion-hole/
2011-08-01,18:21:01,j5ju6,44,"Banking giant HSBC has said it will cut 25,000 jobs by 2013 and exit operations in 20 countries",bbc.co.uk,http://www.bbc.co.uk/news/business-14362471
2011-08-02,05:59:42,j615q,40,"Norway PM Jens Stoltenberg warns against 'witch hunt': Norway's Prime Minister, Jens Stoltenberg, has warned his compatriots not to launch a ""witch hunt"" following the deadly attacks of 22 July.",bbc.co.uk,http://www.bbc.co.uk/news/world-europe-14365695
2011-08-01,10:30:33,j599f,36,Civilians killed as protesters chide 'silent' West,france24.com,http://www.france24.com/en/20110729-civilians-killed-syrian-protesters-chide-west-inaction-bashar-al-assad
2011-08-01,22:29:44,j5nwl,31,"A deadly weekend attack in China's restive Xinjiang region was masterminded by ""terrorists"" trained in Pakistan",old.news.yahoo.com,http://old.news.yahoo.com/s/afp/20110801/wl_afp/chinaunrestxinjianggovernment
2011-08-01,17:41:46,j5j7u,35,Syrian Army Kills Dozens in Assaults on Restive Cities - NYTimes.com,nytimes.com,http://www.nytimes.com/2011/08/01/world/middleeast/01syria.html?tntemail1=y&_r=1&emc=tnt&pagewanted=all
2011-08-01,21:53:50,j5n22,32,"Syrian forces have killed nearly 142 people, including at least 100 when the army stormed the flashpoint protest city of Hama to crush dissent on the eve of Ramadan",english.aljazeera.net,http://english.aljazeera.net/news/middleeast/2011/08/20118153040657423.html
2011-08-01,22:54:52,j5oi5,29,"Ritual killings and even cannibalism flare up in Liberia's election campaigns.
",globalpost.com,http://www.globalpost.com/dispatch/news/regions/africa/110728/ritual-killing-liberia-elections-politics
2011-08-02,03:40:43,j5wsy,23,"A War Without Corpses: In Colombia's most violent city, crime statistics get better even as the situation gets worse",theatlantic.com,http://www.theatlantic.com/international/archive/2011/08/a-war-without-corpses/242775/
2011-08-02,07:24:04,j63nf,26,Jordan's King Abdullah II Gets a Star Trek Theme Park,theatlanticwire.com,http://www.theatlanticwire.com/global/2011/08/jordans-trekkie-king-gets-star-trek-theme-park/40682/#.TjciiQIC_g8.reddit
2011-08-01,16:00:40,j5hcm,22,Lebanese Army opens fire on Israel-Lebanon border.  One soldier hurt.,jpost.com,http://www.jpost.com/Defense/Article.aspx?id=231879
2011-08-01,10:40:43,j59j5,21,Ramadan Massacre: Videos Show Horror of Syria's Deadliest Day,theatlanticwire.com,http://www.theatlanticwire.com/global/2011/07/ramadan-massacre-videos-show-horror-syrias-deadliest-day/40632/
2011-08-01,22:57:48,j5okk,18,"The EU has announced new sanctions against Syrians involved in the violent crackdown against anti-regime protesters. Protests and violence continued on Monday, a day after Syrian forces killed at least 80 people.",dw-world.de,"http://www.dw-world.de/dw/article/0,,15279657,00.html"
2011-08-01,10:32:05,j59b4,15,Ali Younes: Obama should exercise courage against Assad. The US is fast losing credibility among Arabs,english.alarabiya.net,http://english.alarabiya.net/views/2011/08/01/160292.html
2011-08-01,21:21:50,j5mfg,19,"IRIN Asia | SRI LANKA: More than two years after Sri Lanka's decades-long conflict officially ended, the whereabouts of 630 children are unknown, according to a government database. ",irinnews.org,http://www.irinnews.org/report.aspx?reportid=93381
2011-08-02,01:06:11,j5s2z,16,Fukushima Dai-Ichi back in the news: Radiation detectors max out at 10 Sieverts/hour at the base of the ventilation stack of reactors 1 and 2.,bloomberg.com,http://www.bloomberg.com/news/2011-08-01/tepco-says-highest-radiation-yet-is-detected-at-fukushima-dai-ichi.html
2011-08-01,22:28:03,j5nv8,17,Egyptian army deploys troops to Cairo's Tahrir Square to disperse pro-democracy protesters,english.aljazeera.net,http://english.aljazeera.net/news/middleeast/2011/08/2011811355629619.html
2011-08-01,21:12:55,j5m9q,18,"Egypt: In order to stop the movement of the working class, the pseudo-left groups went so far as to ally with the Islamists",wsws.org,http://www.wsws.org/articles/2011/aug2011/egyp-a01.shtml
