2011-12-17,09:09:02,nfuef,1622,"The founder of a Russian newspaper that investigated government corruption has been shot dead in the North Caucasus region, in what an international watchdog called ""a lethal blow to press freedom""",ca.news.yahoo.com,http://ca.news.yahoo.com/newspaper-founder-killed-russias-dagestan-152632387.html
2011-12-17,18:27:22,ng8pz,1450,"UK Police sued by women who were ""duped into forming long term relationships with undercover policemen""",guardian.co.uk,http://www.guardian.co.uk/uk/2011/dec/16/lovers-undercover-officers-sue-police
2011-12-18,00:44:00,ngfj8,680,"Egyptian soldiers charge Tahrir Square, beating protesters and burning tents",haaretz.com,http://www.haaretz.com/news/middle-east/egyptian-soldiers-charge-tahrir-square-beating-protesters-and-burning-tents-1.401944
2011-12-18,01:26:10,nggrw,561,Tunisia unveils statue to honor the man whose self-immolation started the Jasmine Revolution,bbc.co.uk,http://www.bbc.co.uk/news/world-africa-16230773
2011-12-17,19:03:19,ng97v,543,Israeli prisons are being refilled with almost exactly the number of Palestinians that were released in October's prisoner exchange.  The 470 arrested since then include 70 children and 11 women.,addameer.org,http://www.addameer.org/etemplate.php?id=423
2011-12-17,09:46:46,nfvob,481,"'Alliance between banks and governments at the heart of eurozone crisis':  The 'monstrous irresponsibility' of European banks contributed to the current euro crisis, says Edmund Phelps. But at its core lies a fatal collusion between governments and banks, argues the Nobel Winner in Economics. ",dw-world.de,"http://www.dw-world.de/dw/article/0,,15607643,00.html"
2011-12-18,00:35:53,ngfba,400,Tens of millions of dollars in diamond profits are said to be bypassing the treasury of Zimbabwe and ending up with President Robert Mugabe and his supporters,nytimes.com,http://www.nytimes.com/2011/12/17/world/africa/experts-say-diamonds-help-fill-mugabe-coffers.html?hp
2011-12-17,19:36:31,ng9na,348,Uk bankers' secret meetings with ministers: Fears are growing that banks are successfully thwarting Govt's plans to overhaul the British banking system and Treasury is weakening some of the key reforms due to intense lobbying,independent.co.uk,http://www.independent.co.uk/news/uk/politics/revealed-bankers-secret-meetings-with-ministers-6277778.html
2011-12-17,19:31:44,ng9l0,319,Iran Says It Has Arrested Suspected US Spy,nytimes.com,http://www.nytimes.com/aponline/2011/12/17/world/middleeast/AP-ML-Iran-US.html
2011-12-18,01:00:09,ngg0g,256,Philippine Floods Kills More Than 400,usatoday.com,http://www.usatoday.com/weather/floods/story/2011-12-17/philippines-flood-storm/52018720/1
2011-12-17,05:05:04,nfla9,238,"Iran gained control of the drone by overwhelming the GPS signal that was guiding the aircraft with an Iranian signal, an Iranian engineer told The Christian Science Monitor on condition of anonymity",csmonitor.com,http://www.csmonitor.com/USA/Military/2011/1216/Did-Iran-hijack-the-beast-US-experts-cautious-about-bold-claims.-Video
2011-12-18,00:57:52,ngfy2,119,"Arab Spring anniversary: how a lost generation found its voice -- It started with a death in Tunisia, spread to Egypt, Libya, Bahrain and Syria. But one year on, the youth revolt has gone truly global
",guardian.co.uk,http://www.guardian.co.uk/world/2011/dec/16/arab-spring-year-of-protest
2011-12-17,19:50:21,ng9ug,100,"Bhagavad Gita faces 'extremist' branding, ban in Russia",timesofindia.indiatimes.com,http://timesofindia.indiatimes.com/world/europe/Bhagavad-Gita-faces-extremist-branding-ban-in-Russia/articleshow/11143014.cms
2011-12-17,16:24:59,ng6pq,100,Chinese Protesters Take Over Their Town: Why Beijing Should Expect More  -- Eventually the siege will end but the fundamental challenge to Beijing will not,theatlantic.com,http://www.theatlantic.com/international/archive/2011/12/chinese-protesters-take-over-their-town-why-beijing-should-expect-more/250088/
2011-12-18,05:46:23,ngoyn,94,"Boat sinks off Indonesia coast, hundreds missing ... boat carrying 380 migrants, most of them from the Middle East, sank off the coast of east Java in Indonesia and hundreds are still missing",reuters.com,http://www.reuters.com/article/2011/12/17/indoesia-boat-idUSL3E7NH0A020111217?feedType=RSS&feedName=industrialsSector&rpc=43
2011-12-18,05:44:12,ngow4,75,"Tonga revealed to be hub in global drug trade: Tongan Speaker of Parliament met with Columbian kingpin last year, and recently took a bribe to allow drugs to move through Tonga ",smh.com.au,http://www.smh.com.au/national/exposed-drug-pipeline-20111216-1oyvn.html
2011-12-17,23:13:19,ngd7v,66,India : Rich nations cannot hold ‘hostage' interests of majority,thehindu.com,http://www.thehindu.com/business/article2723819.ece
2011-12-18,00:56:59,ngfx0,65,"Cesaria Evora dies, age 70",bbc.co.uk,http://www.bbc.co.uk/news/entertainment-arts-16232543
2011-12-18,00:24:09,ngf0a,57,Former Tunisian Regime Goes Beyond Spying On Internet Traffic... To Rewriting Emails & More,techdirt.com,http://www.techdirt.com/articles/20111213/11181117066/former-tunisian-regime-goes-beyond-spying-internet-traffic-to-rewriting-emails-more.shtml
2011-12-17,10:39:58,nfxb2,48,"Germany's alleged witches have been largely forgotten. But thanks to efforts by a small group of activists, a number of German cities have begun absolving women, men and children who were wrongly accused of causing plagues, storms and bad harvests.",spiegel.de,"http://www.spiegel.de/international/germany/0,1518,804288,00.html"
2011-12-17,21:26:39,ngbah,46,"The Bioterrorist Next Door --- 
Eye-opening detail on scientists who have engineered a killer bird-flu: ""I can't think of another pathogenic organism that is as scary as this. I don't think anthrax is scary at all compared to this."" Should governments stop them?",foreignpolicy.com,http://www.foreignpolicy.com/articles/2011/12/14/the_bioterrorist_next_door?page=full
2011-12-17,14:11:20,ng3no,43,Russian journalist gunned down in violent republic of Dagestan ... Masked killer fired 14 rounds at Khadzhimurad Kamalov as he left his newspaper's office in Makhachkala,guardian.co.uk,http://www.guardian.co.uk/world/2011/dec/16/russian-journalist-gunned-down-dagestan
2011-12-17,09:31:01,nfv6f,41,Brazil dam company wins Belo Monte appeal: A judge in Brazil has revoked a decision which had halted work on the Belo Monte dam in the Amazon region. ,bbc.co.uk,http://www.bbc.co.uk/news/world-latin-america-16228680
2011-12-17,15:09:09,ng547,37,"At least seven people were killed and hundreds injured in Cairo on Friday when Egyptian security forces attempted to forcibly clear a camp of protesters calling for an end to military rule, just a day after historic parliamentary elections. ",france24.com,http://www.france24.com/en/20111217-egypt-bloody-cairo-clashes-army-forcibly-drives-out-protesters-parliamentary-polls
2011-12-17,23:51:38,nge47,35,Supplies reach ship stranded in the Antarctic ,news.sky.com,http://news.sky.com/home/world-news/article/16132357
2011-12-17,20:40:54,ngajp,28,"Russian Court set to legally ban the holy book of Hindus for being ""extremist""",economictimes.indiatimes.com,http://economictimes.indiatimes.com/news/news-by-industry/et-cetera/Bhagvad-Gita-faces-extremist-branding-legal-ban-in-Russia/articleshow/11140890.cms
2011-12-18,02:22:05,ngihi,26,Death Toll Rises From Clashes in Cairo: Egyptian army soldiers assault and arrest protesters,nytimes.com,http://www.nytimes.com/2011/12/18/world/middleeast/egypt-death-toll-rises-from-clashes-in-cairo.html?_r=1&ref=global-home
2011-12-17,09:54:27,nfvxe,27,China Sentences Missing Human Rights Lawyer to 3 More Years,nytimes.com,http://www.nytimes.com/2011/12/17/world/asia/missing-chinese-lawyer-given-new-prison-term.html
2011-12-17,23:47:57,nge1i,21,"Syrian refugees give firsthand account of slide into bloodshed:  Armed forces raided villages, detaining people and later returning bodies, say Sunni families sheltering in northern Lebanon, some of whom recognized Alawite neighbors among the militiamen.",latimes.com,"http://www.latimes.com/news/nationworld/world/la-fg-syria-refugees-20111217,0,4846330,full.story"
2011-12-17,11:25:07,nfypa,19,Many dead in Kazakhstan clashes:  Ten people killed after striking oil workers and police clash at a ceremony marking the country's independence.,aljazeera.com,http://www.aljazeera.com/news/asia/2011/12/20111216142138298156.html
