2011-06-19,16:48:43,i3grv,1091,"
	Missing Iraq cash 'as high as $18 billion' - Middle East - Al Jazeera English
",english.aljazeera.net,http://english.aljazeera.net/news/middleeast/2011/06/201161962910765678.html
2011-06-20,00:09:18,i3ljt,900,"Ban upheld on anti-abortion activists approaching pregnancy centre visitors - A German court has told anti-abortion campaigners they must not speak to women near a pregnancy advice centre in Freiburg, in the conclusion of a months-long conflict. ",thelocal.de,http://www.thelocal.de/society/20110616-35709.html?=shamelessrepost
2011-06-19,11:04:43,i3b2d,651,Japan is dangerously contaminated by radioactivity over a  far larger area than previously reported. New data shows  radioactive contamination exceeds safety standards at a distance of 90 to 125 miles from Fukushima.,dailykos.com,http://www.dailykos.com/story/2011/06/16/985938/-eSci:-Unsafe-Radiation-Found-Near-Tokyo%2C-Vast-Area-of-Japan-Contaminated?via=siderec
2011-06-19,14:00:16,i3ed5,594,"Vancouver riot participant, Nathan Kotylak, apologizes. (The guy that was lighting the rag in the police car.)",youtube.com,http://www.youtube.com/watch?v=ZPQOQsLUW60
2011-06-19,14:35:54,i3ewx,191,"UN Human Rights Council passed ""historic"" resolution that seeks equal rights for all regardless of sexual orientation",news.yahoo.com,http://news.yahoo.com/s/afp/20110617/wl_afp/unrightsgaysvote
2011-06-20,04:32:05,i3qqg,181,The E. coli outbreak in Germany has been passed from human to human for the first time,bbc.co.uk,http://www.bbc.co.uk/news/world-europe-13826537
2011-06-20,07:37:13,i3une,158,NATO airstrikes accidentally kill rebels again,nytimes.com,http://www.nytimes.com/2011/06/19/world/africa/19libya.html
2011-06-19,02:11:28,i30sg,92,(Reuters) Mexican teenage girls train as drug cartel killers,reuters.com,http://www.reuters.com/article/2011/06/17/us-mexico-drugs-teenagers-idUSTRE75G5F820110617
2011-06-19,14:39:55,i3ez0,67,"

Germany confirms human E. coli transmission",english.aljazeera.net,http://english.aljazeera.net/news/europe/2011/06/201161941630620984.html
2011-06-19,05:59:07,i35ep,51,"Russia: Large population decline (20% expected by 2050) is described by Putin as Russia's ""most acute problem."" Causes are high death rate related to alcoholism, low birth rate, and high rate of abortions.",geography.about.com,http://geography.about.com/od/obtainpopulationdata/a/russiapop.htm
2011-06-19,17:47:15,i3hfn,44,"Pensioner faces '£500,000 bill' to challenge bank. Bank of Ireland's refusal to waive legal costs threatens to deny justice to bond-holders",independent.co.uk,http://www.independent.co.uk/news/business/news/pensioner-faces-500000-bill-to-challenge-bank-2299572.html
2011-06-19,18:48:41,i3hz3,48,"Greeks revolt, polls show majority population opposed to austerity program",reuters.com,http://www.reuters.com/article/2011/06/19/us-greece-idUSTRE75E0ZS20110619?feedType=RSS&feedName=worldNews&utm_source=feedburner&utm_medium=feed&utm_campaign=Feed%3A+reuters%2FworldNews+%28News+%2F+US+%2F+International%29&utm_content=Google+Feedfetcher
2011-06-19,15:01:59,i3fbr,39,Western Governments Blamed for Asia's Shortage of Women - Accused of exporting sex selection technology,theatlanticwire.com,http://www.theatlanticwire.com/global/2011/06/are-western-governments-blame-asias-shortage-women/38978/
2011-06-19,17:22:04,i3h6h,44,"Cost of metals used in hi-tech devices soars as China limits supplies:   Europium oxide, used in energy-saving lightbulbs, plasma TVs and smart phones, has leaped from $1,260 a kg to $3,400
",guardian.co.uk,http://www.guardian.co.uk/business/2011/jun/19/rare-earth-minerals-china
2011-06-20,07:21:28,i3uc6,36,"Further protests in Athens, protesting at Syntagma Square",guardian.co.uk,http://www.guardian.co.uk/world/2011/jun/19/athens-protests-syntagma-austerity-protests
2011-06-19,23:52:46,i3lat,32,Libyan rebels running out of money. The economy is in shambles.,news.yahoo.com,http://news.yahoo.com/s/nm/20110618/ts_nm/us_libya%3B_ylt%3DAgP8AqAq9eARKEoUhs5g4Zqs0NUE%3B_ylu%3DX3oDMTNkOWlxcmFrBGFzc2V0A25tLzIwMTEwNjE4L3VzX2xpYnlhBGNjb2RlA21vc3Rwb3B1bGFyBGNwb3MDMTAEcG9zAzcEcHQDaG9tZV9jb2tlBHNlYwN5bl9oZWFkbGluZV9saXN0BHNsawNsaWJ5YW5yZWJlbHM-
2011-06-20,02:04:53,i3nnf,30,One Million Solar-Powered Homes in Bangladesh,ecogeek.org,http://ecogeek.org/component/content/article/3534
2011-06-19,16:09:48,i3gaa,35,"Exposed 500,000 face big offshore tax penalties",moneymarketing.co.uk,http://www.moneymarketing.co.uk/offshore/exposed-500000-face-big-offshore-tax-penalties/1032558.article
2011-06-20,04:52:02,i3r4w,35,"Syrian forces 'prevent refugees from fleeing': Government troops sweep through northwestern border region to stem an exodus of refugees to Turkey, activists say.",english.aljazeera.net,http://english.aljazeera.net/news/middleeast/2011/06/201161918155641645.html
2011-06-19,09:34:06,i39gj,28,South Korean marines fire at civilian jetliner after mistaking it for North Korean military,washingtonpost.com,http://www.washingtonpost.com/world/asia-pacific/report-south-korean-military-fires-at-civilian-plane-near-tense-border-with-north-korea/2011/06/18/AGCzvjZH_story.html
2011-06-19,21:52:51,i3jp9,29,Reputed drug cartel associate 'El Zucaritas' arrested,elpasotimes.com,http://www.elpasotimes.com/news/ci_18308117?source=most_viewed
2011-06-19,18:02:43,i3hli,20,Libyan documents implicating Gaddafi in war crimes found,guardian.co.uk,http://www.guardian.co.uk/world/2011/jun/18/muammar-gaddafi-war-crimes-files
2011-06-19,17:43:25,i3hea,20,A Scotland Yard officer will appear in court tomorrow accused of killing Ian Tomlinson at the G20 protests. ,independent.co.uk,http://www.independent.co.uk/news/uk/crime/tomlinson-death-officer-in-court-2299822.html
2011-06-19,15:56:41,i3g4e,19,"The sad, painful truth about the Vancouver rioters'  true identities",theglobeandmail.com,http://www.theglobeandmail.com/news/national/british-columbia/gary_mason/the-sad-painful-truth-about-the-vancouver-rioters-true-identities/article2066321/
2011-06-19,08:40:49,i38gd,15,Bilderberg Believers Are Mental Says BBC,youtube.com,http://www.youtube.com/watch?v=4lzQML1O0aw
2011-06-20,07:59:17,i3v2w,17,"My ally, my enemy: Pakistan arrests those who helped get Osama bin Laden",economist.com,http://www.economist.com/node/18836800?story_id=18836800&fsrc=scn/tw/te/rss/pe
2011-06-20,03:14:51,i3p2z,14,"Greek Protesters Are Better Economists Than the European Authorities: Without sovereign control of their country's debt, the Greek people are being punished with extortion by the ECB and IMF",commondreams.org,http://www.commondreams.org/view/2011/06/18-6
2011-06-19,15:30:06,i3fqy,14,Egyptian court Saturday suspended its order to remove the names of former President Hosni Mubarak and his wife Suzanne from public institutions.,reuters.com,http://www.reuters.com/article/2011/06/18/us-egypt-mubarak-name-idUSTRE75H1I720110618
2011-06-19,08:06:37,i37vd,16,"Franco-era monument remains divisive for Spain: a monument conceived by dictator Francisco Franco is at the center of heated debate. The government wants to turn the ""Valley of the Fallen"" into a place of reconciliation, but achieving that aim won't be easy.",dw-world.de,"http://www.dw-world.de/dw/article/0,,15163473,00.html"
2011-06-20,01:46:17,i3na4,12,"Nato says Libyan leader Col Muammar Gaddafi is using mosques and children's parks as shields

",bbc.co.uk,http://www.bbc.co.uk/news/world-africa-13823947
