2011-08-26,00:14:02,ju311,1830,"In the ruins of Gadhafi's lair, rebels find album filled with photos of his 'darling' Condoleezza Rice",photoblog.msnbc.msn.com,http://photoblog.msnbc.msn.com/_news/2011/08/25/7470058-in-the-ruins-of-gadhafis-lair-rebels-find-album-filled-with-photos-of-his-darling-condoleezza-rice
2011-08-26,03:59:09,juaw1,539,"""Most important of all, the United States should support the Palestinians' bid for recognition as a state at the United Nations. Israel has demanded for decades that the Palestinians drop violence and turn to diplomacy to achieve their goals. That is what going to the United Nations is. Diplomacy.""",english.aljazeera.net,http://english.aljazeera.net/indepth/opinion/2011/08/201182112748521518.html
2011-08-26,08:56:52,jukis,394,"Grenade attack at Casino Royale in Monterrey, Mexico. 8 confirmed dead, 12 injured and over 40 trapped. ",washingtonpost.com,http://www.washingtonpost.com/world/americas/8-dead-12-injured-in-grenade-attack-on-casino-in-northern-mexico/2011/08/25/gIQAXO3ceJ_story.html
2011-08-26,08:42:34,juk3w,364,"How Israel takes its revenge on boys who throw 
stones",independent.co.uk,http://www.independent.co.uk/news/world/middle-east/how-israel-takes-its-revenge-on-boys-who-throw-stones-2344037.html
2011-08-26,15:43:05,juw2j,354,"Saudi beheading accomplishments-""The beheading of Ruyati  —executed in June for her killing of an allegedly abusive Saudi employer — stirred such revulsion",washingtonpost.com,http://www.washingtonpost.com/world/asia-pacific/saudi-beheading-fuels-backlash-in-indonesia/2011/07/17/gIQAc7OU3I_story.html
2011-08-26,19:18:05,juzoc,239,"Explosion hits UN building in Abuja, Nigeria",bbc.co.uk,http://www.bbc.co.uk/news/world-africa-14677957
2011-08-27,04:09:16,jveip,177,Libyan activist freed from prison after 14 years of virtual isolation. He had no idea of the uprising occurring in his country and thought that the rattling of gunfire and thuds of explosions this past week were God’s trumpets heralding the moment of his death.,washingtonpost.com,http://www.washingtonpost.com/world/middle-east/libyans-find-freedom-at-moammar-gaddafis-abu-salim-prison-in-tripoli/2011/08/26/gIQAvY9SgJ_story.html
2011-08-26,08:28:06,jujpt,131,"2,730 Bodies Found in Unmarked Graves in Jammu and Kashmir",hrw.org,http://www.hrw.org/news/2011/08/24/india-investigate-unmarked-graves-jammu-and-kashmir
2011-08-26,23:08:47,jv4cu,119,A suspected meteorite has been caught on film soaring across the sky over the Peruvian city of Cusco (Video),telegraph.co.uk,http://www.telegraph.co.uk/science/space/8724019/Meteorite-soars-over-Peru.html
2011-08-26,20:13:38,jv0je,121,Evidence suggests Gadaffi's daughter did not die in 1986 bombing as claimed,irishtimes.com,http://www.irishtimes.com/newspaper/world/2011/0826/1224303001756.html
2011-08-26,11:55:01,jupwr,120,"Mexican gunmen set casino on fire, killing 32 and injuring dozens more",msnbc.msn.com,http://www.msnbc.msn.com/id/44281066/ns/world_news-americas/
2011-08-26,09:39:17,julta,111,"Dangerous cybercrime treaty pushes surveillance and secrecy worldwide: Canada and Australia are using the controversial Council of Europe Convention on Cybercrime treaty to introduce new invasive online surveillance laws, many of which go beyond the Convention's intended levels of intrusiveness",activepolitic.com,http://activepolitic.com:82/blog/2011-08-25a/Dangerous_Cybercrime_Treaty_Pushes_Surveillance_and_Secrecy_Worldwide.html
2011-08-26,02:21:46,ju7fc,103,WikiLeaks: US diplomat posed as Korean tourist in undercover visit to China tiger farm,guardian.co.uk,http://www.guardian.co.uk/environment/2011/aug/25/us-diplomat-china-tiger-farm
2011-08-26,18:12:35,juyny,105,"The Lap of Luxembourgery --- ""In the dark heart of Europe lies a nation rotten to the core. A secret banking haven. Where democracy is a joke."" We're talking Luxembourg. World's highest per capita GDP. Just as well. Also highest debt: $3.76m per capita",foreignpolicy.com,http://www.foreignpolicy.com/articles/2011/08/15/the_lap_of_luxembourgery?page=full
2011-08-26,18:36:14,juz1h,87,"The Kingdom of Magical Thinking - Widely assumed to be a fabulously wealthy welfare state, Saudi Arabia is in fact an economic basket case waiting to happen. ",foreignpolicy.com,http://www.foreignpolicy.com/articles/2011/08/25/the_kingdom_of_magical_thinking
2011-08-26,21:13:01,jv1ir,84,Blast Hits U.N. Building in Nigeria ,nytimes.com,http://www.nytimes.com/aponline/2011/08/26/world/africa/AP-AF-Nigeria-Explosion.html
2011-08-26,23:35:18,jv57o,68,China and Russia boycott sanctions against Syria,globalpost.com,http://www.globalpost.com/dispatch/news/regions/middle-east/110825/china-russia-boycott-sanctions-syria
2011-08-26,20:39:38,jv0x3,64,"Pakistani slain governor Salman Taseer's son abducted: The son of assassinated Punjab governor Salman Taseer, who was killed in January for opposing the blasphemy law, has been abducted, Pakistan police say.",bbc.co.uk,http://www.bbc.co.uk/news/world-south-asia-14677190
2011-08-26,23:39:58,jv5d8,58,Dangerous Cybercrime Treaty Pushes Surveillance & Secrecy Worldwide,commondreams.org,http://www.commondreams.org/view/2011/08/26-3
2011-08-26,20:10:57,jv0hx,56,The Crimes of Col. Qaddafi - By Christopher Hitchens,slate.com,http://www.slate.com/id/2302410/pagenum/all/
2011-08-26,14:49:08,juute,49,Gaddafi feared full US invasion.. attempted to enlist a Left-wing US congressman to travel to Libya as part of a stop the war lobbying campaign,telegraph.co.uk,http://www.telegraph.co.uk/news/worldnews/africaandindianocean/libya/8723533/Libya-Col-Gaddafi-feared-full-US-invasion.html
2011-08-26,21:14:01,jv1jj,45,Teen shot in Chile anti-Pinera protest dies. Local radio said witnesses blamed police for firing the shots.,reuters.com,http://www.reuters.com/article/2011/08/26/chile-politics-strike-death-idUSN1E77P04020110826
2011-08-27,01:06:02,jv83e,40,European farmers buying knock-off pesticides containing solvent the EU banned because it's a huge problem for pregnant women,online.wsj.com,http://online.wsj.com/article/SB10001424053111904787404576528324089426558.html?mod=googlenews_wsj
2011-08-27,00:25:03,jv6qu,36,"As Venezuela’s crime rate soars, devotion to a very particular group of saints known as the “Santos Malandros” (Thug Saints) is becoming widespread. ",observers.france24.com,http://observers.france24.com/content/20110822-venezuela-thugs-worshipped-saints-today-crime-violence-religion
2011-08-26,19:18:50,juzok,38,"Kim Jong-il: Tactical genius --- ""To survive as a fierce little dinosaur in a world of mammals entails not only sharp venomous fangs to snarl at everyone, but also animal cunning. Keep 'em scared, and then outwit them. """,atimes.com,http://atimes.com/atimes/Korea/MH26Dg01.html
2011-08-26,11:51:28,jupt3,25,32 dead in attack on casino in northern Mexico,chron.com,http://www.chron.com/news/article/32-dead-in-attack-on-casino-in-northern-Mexico-2141829.php
2011-08-26,23:12:05,jv4fw,24,India's parliament set for corruption debate,english.aljazeera.net,http://english.aljazeera.net/news/asia/2011/08/201182673840905375.html
2011-08-27,05:20:27,jvgv5,24,Number of police officers investigating Rupert Murdoch's newspapers surges ,independent.co.uk,http://www.independent.co.uk/news/uk/crime/more-than-120-police-investigate-murdoch-empires-operations-2344108.html
2011-08-27,07:48:48,jvlma,20,How Iran Keeps Assad in Power in Syria --- Tehran is sparing no expense to help the murderous Assad regime to fend off popular protests,foreignaffairs.com,http://www.foreignaffairs.com/articles/68230/geneive-abdo/how-iran-keeps-assad-in-power-in-syria
2011-08-26,21:12:43,jv1ih,18,Map of Food Inflation Riots Around The World,businessinsider.com,http://www.businessinsider.com/maps-du-jour-food-inflation-riots-and-the-libyan-politics-2011-8
