2011-04-09,20:57:45,gm4fe,666,Man goes on killing spree in Dutch shopping mall. At least 5 to 10 people killed. ,nrc.nl,http://www.nrc.nl/nieuws/2011/04/09/meerdere-doden-bij-schietpartij-alphen-aan-de-rijn/
2011-04-09,08:19:11,glu4a,585,People power finally takes Govt. of India by surprise. Agrees on a stronger anti-corruption bill.,timesofindia.indiatimes.com,http://timesofindia.indiatimes.com/city/mumbai/Centre-failed-to-grasp-gravity/articleshow/7921658.cms
2011-04-09,04:42:51,glpb2,488,Dutch government cutting more than one in six of all military jobs as part of spending cuts aimed at balancing the budget.,mercurynews.com,http://www.mercurynews.com/nation-world/ci_17801983?nclick_check=1
2011-04-09,11:23:04,glxf4,282,"Egyptian military beats protesters, fires shots in Cairo's Tahrir Square",reuters.com,http://www.reuters.com/article/2011/04/09/us-egypt-protest-idUSTRE73754M20110409?WT.tsrc=Social%20Media&WT.z_smid=twtr-reuters_%20com&WT.z_smid_dest=Twitter
2011-04-09,19:40:46,gm3th,278,Egyptian soldiers attack protesters in Tahrir square.,guardian.co.uk,http://www.guardian.co.uk/world/2011/apr/09/egyptian-soldiers-tahrir-square-protesters
2011-04-09,23:54:14,gm6fi,132,A redditor's pics of Cairo's Tahrir Square being cleared out by the military last night.,incendiaryimage.com,http://www.incendiaryimage.com/sketchbook/tahrir-cleared-by-army-police-with-violence/
2011-04-09,12:34:33,glyne,90,"Egypt: Gunfire reported as soldiers storm Cairo's Tahrir Square, where protesters had been joined by army officers.",english.aljazeera.net,http://english.aljazeera.net/news/middleeast/2011/04/20114921821599558.html
2011-04-09,00:29:03,glimi,77,"Russia's FSB (domestic security service) proposes to enhance control, possibly ban communication providers like Skype, Gmail and Hotmail. Kremlin assures there are no such plans at the moment.",reuters.com,http://www.reuters.com/article/2011/04/08/russia-internet-idUSLDE7371LJ20110408
2011-04-09,15:24:19,gm15n,78,Over one million protesters in Cairo's Liberation square demand military rulers lift the blockade on Gaza.,presstv.ir,http://www.presstv.ir/detail/173769.html
2011-04-09,11:15:20,glx9s,76,[VIDEO] Gaddafi honestly can't say they are not firing at anyone and then not expect this. NATO watches tank fire shell and then responds.,telegraph.co.uk,http://www.telegraph.co.uk/news/worldnews/africaandindianocean/libya/libya-video/8437848/Tank-destroyed-by-Nato-warplane-in-Libya.html
2011-04-10,00:27:00,gm6vx,67,WikiLeaks: Yemen tricked Saudis into nearly bombing president's rival,guardian.co.uk,http://www.guardian.co.uk/world/2011/apr/08/yemen-told-saudis-bomb-mohsen
2011-04-10,05:35:02,gmc5y,70,Japan's mafia aid effort.,independent.co.uk,http://www.independent.co.uk/news/world/asia/mobsters-on-a-mission-how-japans-mafia-launched-an-aid-effort-2264031.html
2011-04-09,21:56:10,gm505,66,"A total of 72 bodies have been found in mass graves in northeastern Mexico, believed to have been migrants kidnapped from a bus headed to the U.S. border.",globalpost.com,http://www.globalpost.com/dispatch/news/regions/americas/mexico/110408/mexico-drug-gang-mass-grave
2011-04-09,19:41:04,gm3tl,58,TEPCO contractors reject higher radiation dose limit for workers,english.kyodonews.jp,http://english.kyodonews.jp/news/2011/04/84251.html
2011-04-10,06:01:13,gmclk,47,Stranded and alone: 75-year-old man found alive at his devastated farmhouse four weeks after Japan earthquake and tsunami,dailymail.co.uk,http://www.dailymail.co.uk/news/article-1375239/Japan-Man-75-stranded-alive-weeks-earthquake-tsunami.html
2011-04-09,23:51:01,gm6e1,42,"Japan's government has announced it will ban farmers from planting rice in soil contaminated by radiation from the tsunami-flooded nuclear power plant, adding another food central to Japanese culture to the list of items raising concerns.",apnews.excite.com,http://apnews.excite.com/article/20110409/D9MG0R700.html
2011-04-09,18:00:51,gm2xm,35,Germany: Freak sandstorm causes deadly motorway pile-up,bbc.co.uk,http://www.bbc.co.uk/news/world-europe-13023407
2011-04-09,21:23:45,gm4o5,36,Mass murder and rape in Ivory Coast.,guardian.co.uk,http://www.guardian.co.uk/world/2011/apr/09/ivory-coast-rebels-kill-hundreds
2011-04-10,01:47:16,gm83z,34,USA to fund $20m Pakistani remake of Sesame Street ,bbc.co.uk,http://www.bbc.co.uk/news/world-south-asia-13015768
2011-04-10,00:25:21,gm6v1,34,Britain's defense ministry has confirmed that a Royal Navy officer was shot dead by a fellow sailor aboard a nuclear powered submarine.,news.yahoo.com,http://news.yahoo.com/s/ap/20110409/ap_on_re_eu/eu_britain_submarine
2011-04-09,20:51:33,gm4d2,31,"A year after crash of polish plane in Smolensk, 
Russians changed text on a memorial plate.",translate.googleusercontent.com,http://translate.googleusercontent.com/translate_c?hl=pl&ie=UTF-8&sl=pl&tl=en&u=http://www.wiadomosci24.pl/artykul/prowokacja_czy_bezmyslnosc_rosjanie_zmienili_tablice_ofiar_190004.html&prev=_t&rurl=translate.google.pl&usg=ALkJrhhgW1-9McsWvO8Ydfijyb7_JSaS3w
2011-04-09,11:45:42,glxsp,28,Rebels repel assault on Misurata ,english.aljazeera.net,http://english.aljazeera.net//news/africa/2011/04/201148235838844127.html
2011-04-09,17:07:28,gm2e1,28,"Rage on: The lavish lifestyle of Teodorin, son of Equatorial Guinea's dictator and US friend",foreignpolicy.com,http://www.foreignpolicy.com/articles/2011/04/07/how_many_investigators_does_it_take_to_catch_a_kleptocrat?page=full&sms_ss=reddit&at_xt=4da013625527bd74%2C0
2011-04-10,01:14:30,gm7lj,25,A Syrian shot dead by security while he was in a funeral for another Syrian shot at by the regime's security,ara.reuters.com,http://ara.reuters.com/news/pictures/articleslideshow?articleId=ARACAE7380GL20110409&channelName=topNews#a=1
2011-04-10,02:17:09,gm8n1,23,"Sesame Street heads to Pakistan: US government aid agency sponsors $20m Pakistani remake of the American kids' TV show
",guardian.co.uk,http://www.guardian.co.uk/world/2011/apr/07/sesame-street-pakistan
2011-04-09,09:59:39,glvyq,21,Syrian protests turn deadly; 32 reported killed,hosted2.ap.org,http://hosted2.ap.org/APDefault/*/Article_2011-04-08-ML-Syria/id-5c4d0c629b8f47ff98339449191fbf7c
2011-04-09,16:42:28,gm24l,19,"Stop drones, Pakistan tells US",nation.com.pk,http://nation.com.pk/pakistan-news-newspaper-daily-english-online/Politics/08-Apr-2011/Stop-drones-Pakistan-tells-US
2011-04-09,08:18:47,glu41,22,Russia wants 'red button' rights for US missile defence system ,telegraph.co.uk,http://www.telegraph.co.uk/news/worldnews/europe/russia/8438045/Russia-wants-red-button-rights-for-US-missile-defence-system.html
2011-04-09,23:45:38,gm6b4,18,"Netherlands shooting: Gunman kills five in Dutch mall - A gunman in the Netherlands killed five people and wounded 11 before taking his own life, officials say.",bbc.co.uk,http://www.bbc.co.uk/news/world-europe-13024785
2011-04-09,22:59:46,gm5pc,18,"Japanese perplexed by slow quake response - In a nation known for speed and efficiency, people wonder why it took so long for the government to mobilize relief for the areas devastated by the earthquake and tsunami.",latimes.com,"http://www.latimes.com/news/nationworld/world/la-fg-japan-quake-supplies-20110409,0,4855454.story"
