2011-11-02,17:52:12,lxjey,2009,Wikileaks' Julian Assange loses extradition appeal,bbc.co.uk,http://www.bbc.co.uk/news/uk-15549985
2011-11-02,23:45:54,lxs0c,1138,"In anticipation of a coup, Greece's prime minister fires all head military leadership",telegraph.co.uk,http://www.telegraph.co.uk/finance/financialcrisis/8863728/Greek-military-leadership-changes-spark-opposition-outcry.html
2011-11-02,03:55:44,lwsei,1073,New Documents Shows News Corp. Approved $1.2 Million Payoff After Learning of ‘Fatal’ Evidence,thinkprogress.org,http://thinkprogress.org/media/2011/11/01/358677/new-documents-shows-news-corp-approved-12-million-payoff-after-learning-of-fatal-evidence/
2011-11-02,00:17:51,lwjmt,725,Plane carrying 230 passengers crash lands in Warsaw,bbc.co.uk,http://www.bbc.co.uk/news/world-europe-15543315
2011-11-02,03:46:48,lws1h,508,Israel rushes settlement growth after Unesco accepts Palestinians,guardian.co.uk,http://www.guardian.co.uk/world/2011/nov/01/israel-settlement-growth-unesco-vote-palestinians
2011-11-02,14:30:33,lxftv,407,"Paris offices of French magazine which published edition 'edited by Prophet Muhammad' damaged by petrol bomb
 ",bbc.co.uk,http://www.bbc.co.uk/news/world-europe-15550350
2011-11-02,13:17:54,lxduv,207,"Julian Assange will on wednesday learn the verdict in his fight against his extradition to Sweden
",ndtv.com,http://www.ndtv.com/article/world/assange-extradition-case-judgment-today-145957
2011-11-02,06:12:17,lwxvd,184,Canada cuts its 10M$ yearly contribution to UNESCO,npr.org,http://www.npr.org/templates/story/story.php?storyId=141913190
2011-11-02,01:19:01,lwm13,130,India plans 'safer' nuclear plant powered by thorium,guardian.co.uk,http://www.guardian.co.uk/environment/2011/nov/01/india-thorium-nuclear-plant
2011-11-02,11:57:58,lxbe1,134,"Netanyahu trying to persuade cabinet to support attack on Iran
",haaretz.com,http://www.haaretz.com/print-edition/news/netanyahu-trying-to-persuade-cabinet-to-support-attack-on-iran-1.393214?localLinksEnabled=false&utm_source=feedburner&utm_medium=feed&utm_campaign=Feed%3A+haaretz%2FLBao+%28Haaretz.com+headlines+RSS%29
2011-11-03,04:24:25,ly3b4,130,Japanese MP nervously drinks Fukushima water under pressure from journalists,guardian.co.uk,http://www.guardian.co.uk/world/2011/nov/01/japanese-mp-drinks-water-fukushima?newsfeed=true
2011-11-02,21:47:16,lxo34,129,Israel PM Benjamin Netanyahu Considers Pre-Emptive Attack On Iran To Prevent Nuclear Capability | World News | Sky News,news.sky.com,http://news.sky.com/home/world-news/article/16101552
2011-11-03,04:51:06,ly4c4,106,Hacker Group Backs Away From Threat To Mexican Cartel,npr.org,http://www.npr.org/blogs/thetwo-way/2011/11/02/141942029/hacker-group-backs-away-from-threat-to-mexican-cartel?ft=1&f=1001&sc=tw&utm_source=twitterfeed&utm_medium=twitter
2011-11-03,01:01:04,lxuxt,93,Canada Freezes Voluntary Contributions to UNESCO After Palestine Vote,montrealgazette.com,http://www.montrealgazette.com/news/Canada+axes+voluntary+funding+UNESCO/5641117/story.html
2011-11-02,09:21:57,lx5b9,83,"Israel to speed up settlement construction in Jerusalem, West Bank - CNN.com",cnn.com,http://www.cnn.com/2011/11/01/world/meast/israel-settlements/index.html?hpt=hp_t2
2011-11-02,15:22:37,lxgxw,84,"The Archbishop of Canterbury, Rowan Williams, has thrown his weight behind the St Paul’s Cathedral anti-capitalist protesters as he called for a new tax on banks. - Telegraph",telegraph.co.uk,http://www.telegraph.co.uk/news/religion/8863794/Archbishop-of-Canterbury-Rowan-Williams-calls-for-new-tax-on-bankers.html
2011-11-02,21:23:27,lxng4,82,Anonymous retreats from Mexico drug cartel confrontation,guardian.co.uk,http://www.guardian.co.uk/technology/2011/nov/02/anonymous-zetas-hacking-climbdown?CMP=twt_gu
2011-11-02,08:39:38,lx3os,52,Greek Prime Minister George Papandreou insists that a referendum on a EU bailout will go ahead despite turmoil on world markets and stunned reactions from other eurozone countries.,bbc.co.uk,http://www.bbc.co.uk/news/world-europe-15549352
2011-11-02,22:45:06,lxpva,51,"French magazine attacked after it portrays Mohammed
| Reuters

",reuters.com,http://www.reuters.com/article/2011/11/02/us-france-fire-magazine-idUSTRE7A117N20111102?feedType=RSS&feedName=worldNews&utm_source=feedburner&utm_medium=feed&utm_campaign=Feed%3A+reuters%2FworldNews+%28News+%2F+US+%2F+International%29
2011-11-03,01:38:07,lxwdk,51,Libya: Al Qaeda flag flown above Benghazi courthouse,telegraph.co.uk,http://www.telegraph.co.uk/news/worldnews/africaandindianocean/libya/8861608/Libya-Al-Qaeda-flag-flown-above-Benghazi-courthouse.html
2011-11-02,20:53:55,lxmp2,46,"Arab League set to announce plan to end Syrian uprising:   President Bashar al-Assad's government has reportedly agreed to a plan to end the Syrian uprising. Leaked details include the release of all political prisoners, a new constitution, and free elections.",csmonitor.com,http://www.csmonitor.com/World/terrorism-security/2011/1102/Arab-League-set-to-announce-plan-to-end-Syrian-uprising
2011-11-02,08:49:44,lx42x,48,"Kyrgyzstan's election winner says US air base poses risk, must shut by 2014 after lease ends",washingtonpost.com,http://www.washingtonpost.com/world/asia-pacific/kyrgyzstans-election-winner-says-us-air-base-poses-risk-must-shut-by-2014-after-lease-ends/2011/11/01/gIQApDEibM_story.html
2011-11-02,20:49:33,lxmkz,44,Fukushima suffers setback as officials detect signs of nuclear fission. Traces of radioactive gas are detected at Fukushima's No 2 reactor – one of three that suffered core meltdown.,guardian.co.uk,http://www.guardian.co.uk/world/2011/nov/02/fukushima-setback-signs-nuclear-fission
2011-11-03,00:24:47,lxtjm,40,Israel test fires missile; Iran in crosshairs,cbsnews.com,http://www.cbsnews.com/8301-202_162-20129011/israel-test-fires-missile-iran-in-crosshairs/
2011-11-02,13:17:38,lxdui,43,Israel 'punishes' Palestinians over UNESCO,google.com,http://www.google.com/hostednews/afp/article/ALeqM5hnlhIpGPh9JMt7epEG2lK2i0_-mQ?docId=CNG.d4b30578e8a49c8ec0ad0ca4de91d278.211
2011-11-03,00:38:56,lxu1t,30,"Two Iranian soccer players could face public lashing after victory groping on National television
",feeds.washingtonpost.com,http://feeds.washingtonpost.com/click.phdo?i=deb47a89962e8eab0d303349e378ee00
2011-11-02,20:27:55,lxm3n,31,China's crackdown grows as Tibetan self-immolations increase - CSMonitor.com,csmonitor.com,http://www.csmonitor.com/World/Asia-Pacific/2011/1102/China-s-crackdown-grows-as-Tibetan-self-immolations-increase
2011-11-03,01:07:56,lxv81,30,Egyptian activist Alaa Abd El Fattah accuses army of hijacking revolution: Letter smuggled out of jail says military were behind protest deaths and little has changed since Hosni Mubarak's rule,guardian.co.uk,http://www.guardian.co.uk/world/2011/nov/02/egyptian-activist-alaa-accuses-army
2011-11-02,23:45:41,lxs03,30,UK military officials consider contingency options to back up a possible US action as fears mount over Tehran's nuclear enrichment programme,guardian.co.uk,http://www.guardian.co.uk/world/2011/nov/02/uk-military-iran-attack-nuclear
2011-11-03,01:32:40,lxw5i,26,High-tech deciphering of illegible 80-page diary reveals David Livingstone's uncensored account of historic massacre that ended the east Africa slave trade,newscientist.com,http://www.newscientist.com/article/dn21115-paper-scans-unmask-livingstones-fury-at-slave-killing.html?DCMP=OTC-rss&nsref=online-news
