2011-01-14,02:23:59,f1p10,974,"Haiti reconstruction firms only get $1.60 for every $100, rest goes back to American companies.",24.media.tumblr.com,http://24.media.tumblr.com/tumblr_lez3mpIr3p1qz80pso1_500.jpg
2011-01-14,19:12:23,f25xk,928,BREAKING: Italian Prime Minister Silvio Berlusconi formally under investigation for using teenage prostitute and abusing his position as PM,self.worldnews,https://www.reddit.com/r/worldnews/comments/f25xk/breaking_italian_prime_minister_silvio_berlusconi/
2011-01-14,13:00:54,f21as,178,"Afghan Taliban ""end opposition to educating girls""",bbc.co.uk,http://www.bbc.co.uk/news/uk-12188517
2011-01-15,02:13:25,f2cje,117,PM replaces Tunisia president - Africa - Al Jazeera English,english.aljazeera.net,http://english.aljazeera.net/news/africa/2011/01/2011114172228117723.html
2011-01-15,04:36:49,f2fmy,111,"A nice primer explaining what's happening in Tunisia, for idiots like me who need a tl;dr version of everything",motherjones.com,http://motherjones.com/mojo/2011/01/whats-happening-tunisia-explained
2011-01-14,15:14:26,f23dw,68,Guyana becomes 6th South American state to recognize Palestinian independence ,haaretz.com,http://www.haaretz.com/news/diplomacy-defense/guyana-becomes-6th-south-american-state-to-recognize-palestinian-independence-1.336944
2011-01-15,04:36:20,f2fmk,61,"Police to review evidence of phone hacking by Rupert Murdoch flagship British paper, the News of the World, despite attempts by Murdoch's corporation to stop details of hacking becoming public",guardian.co.uk,http://www.guardian.co.uk/media/2011/jan/14/dpp-news-of-the-world-phone-hacking
2011-01-15,05:17:21,f2gg5,59,Third undercover police spy unmasked as scale of undercover police network within the UK environment protest movement emerges,guardian.co.uk,http://www.guardian.co.uk/uk/2011/jan/14/third-undercover-police-spy-cardiff
2011-01-14,19:35:15,f264j,46,Israel demolishes homes and classroom in West Bank village,guardian.co.uk,http://www.guardian.co.uk/world/view-from-jerusalem-with-harriet-sherwood/2011/jan/14/palestinian-territories-israel
2011-01-14,12:47:06,f2125,47,The news half of Australia has been waiting for - Flood poses no risk to beer supplies ,abc.net.au,http://www.abc.net.au/news/stories/2011/01/14/3112913.htm
2011-01-15,00:58:01,f2azc,39,Emergency rule imposed in Tunisia,english.aljazeera.net,http://english.aljazeera.net/news/africa/2011/01/201111410345507518.html
2011-01-15,01:59:32,f2c9h,43,Norwegian Foreign Minister Jonas Gahr Støre in the West Bank: Norway considering recognizing an independent Palestinian state in September this year - will depend on progress made by then.,pagef30.com,http://www.pagef30.com/2011/01/foreign-minister-store-norway-might-be.html
2011-01-14,19:50:20,f269p,38,Silvio Berlusconi investigated in teenage prostitution case,guardian.co.uk,http://www.guardian.co.uk/world/2011/jan/14/berlusconi-investigated-teenage-prostitution-case
2011-01-15,05:35:12,f2gtt,38,The fall of Tunisia’s president marks the first time that protests have overthrown an Arab leader,nytimes.com,http://www.nytimes.com/2011/01/15/world/africa/15region.html?hp
2011-01-14,01:28:16,f1nvk,36,Palestinian Foreign Minister says that the Goal of gaining greater international recognition of the Palestinian State will help to get Israel back to negotiations,jpost.com,http://www.jpost.com/MiddleEast/Article.aspx?id=203465&R=R3
2011-01-14,15:08:13,f23am,34,"Japan's military, citing worries about North Korean belligerence and an increasingly aggressive China, wants to cooperate in unprecedented ways with the United States",washingtonpost.com,http://www.washingtonpost.com/wp-dyn/content/article/2011/01/13/AR2011011306438.html
2011-01-15,00:17:19,f2a59,29,"Dramatic changes may be coming in Israel: Demographers now estimate about a third of last year's Jewish babies were born into the ultra-Orthodox community, an insular and devout minority that has long been at loggerheads with the rest of the increasingly modern and prosperous country.",huffingtonpost.com,http://www.huffingtonpost.com/2011/01/14/israel-ultraorthodox-jews_n_809003.html
2011-01-14,08:48:15,f1wz2,27,Tunisia riots: US warns Middle East to reform or be overthrown,telegraph.co.uk,http://www.telegraph.co.uk/news/worldnews/africaandindianocean/tunisia/8258077/Tunisia-riots-US-warns-Middle-East-to-reform-or-be-overthrown.html
2011-01-15,06:25:23,f2hsd,21,Pirates operating off the Somali coast have kidnapped six crew from a Danish ship thought to have been transporting weapons in the Gulf of Aden.,bbc.co.uk,http://www.bbc.co.uk/news/world-africa-12191589
2011-01-14,18:49:43,f25q8,22,A brave little Australian hero. A teenager who was scared of water drowned in the Queensland floods after begging rescuers to save his younger brother first. ,cnn.com,http://www.cnn.com/2011/WORLD/asiapcf/01/13/flood.teenager/index.html?hpt=C2
2011-01-15,03:50:26,f2em1,20,"Russian officials told to learn languages after ""Institute of Protein Research"" mistranslated as ""Squirrel Institute""",guardian.co.uk,http://www.guardian.co.uk/world/2011/jan/14/russian-officials-must-speak-foreign-language
2011-01-15,03:37:28,f2ebk,17,Arab bloggers cheer on Tunisia's Revolution and expressed hope that their own nations might follow this example,thelede.blogs.nytimes.com,http://thelede.blogs.nytimes.com/2011/01/14/arab-bloggers-cheer-on-tunisias-revolution/
2011-01-15,04:44:02,f2fs1,19,Tunisia protests: 'The fear has gone … I've been waiting 20 years for today',guardian.co.uk,http://www.guardian.co.uk/world/2011/jan/14/tunisia-protests-tunis-ben-ali
2011-01-15,04:33:32,f2fkq,20,"The Tunisian president and dictator, Ben Ali, flees the country after protests",guardian.co.uk,http://www.guardian.co.uk/world/2011/jan/14/tunisian-president-flees-country-protests
2011-01-14,23:07:21,f28tk,18,"Glenn Beck - the Hate Preacher (german article, translated with Google)",translate.google.de,http://translate.google.de/translate?js=n&prev=_t&hl=de&ie=UTF-8&layout=2&eotf=1&sl=de&tl=en&u=http://www.zeit.de/politik/ausland/2011-01/glenn-beck-fox%3Fpage%3Dall
2011-01-15,05:45:18,f2h1b,17,Uncommented video from the ongoing Tunisia revolution,spiegel.de,http://www.spiegel.de/video/video-1103501.html
2011-01-14,19:40:44,f266e,18,West Bank protester has jail term extended,guardian.co.uk,http://www.guardian.co.uk/world/view-from-jerusalem-with-harriet-sherwood/2011/jan/11/palestinian-territories-israel
2011-01-15,00:49:53,f2at9,13,"Aussie PM orders new probe on Mamdouh Habib detention - Julia Gillard requested the new probe amid dramatic claims of Australian government complicity in his 2001 CIA rendition to Egypt, where he was detained and tortured.",theaustralian.com.au,http://www.theaustralian.com.au/news/nation/gillard-orders-new-probe-on-habib-detention/story-e6frg6nf-1225988027776
2011-01-14,19:41:33,f266s,12,"Parole board fired after releasing three-life-sentence man who then killed cop

",boston.com,http://www.boston.com/news/local/breaking_news/2011/01/governor_announ_2.html?p1=News_links
2011-01-15,03:44:29,f2ehd,10,Guyana recognizes Palestinian state,presstv.ir,http://www.presstv.ir/detail/160087.html
