2011-12-05,21:58:21,n13bg,1661,Julian Assange wins the right to take his case against extradition to the UK supreme court.,guardian.co.uk,http://www.guardian.co.uk/media/2011/dec/05/julian-assange-extradition-supreme-court1
2011-12-05,22:09:05,n13ku,1449,"Iceland arrests failed bank CEO, a top trader and a broker",americablog.com,http://www.americablog.com/2011/12/iceland-arrests-failed-bank-ceo-and-top.html
2011-12-05,07:10:05,n09nr,1314,"Pile-up on Japanese expressway claims 14 luxury cars, including eight Ferraris and a Lamborghini, in what may be the most expensive car wreck of all time.",mirror.co.uk,http://www.mirror.co.uk/news/top-stories/2011/12/04/the-most-expensive-car-crash-ever-eight-ferraris-in-supercar-pile-up-115875-23610157/
2011-12-05,08:30:46,n0d3d,1247,"A humanitarian worker was raped after being stopped at a security checkpoint in Egypt. She contacted the British embassy in Cairo for help, but diplomatic staff failed to offer any assistance and says they insisted she travel alone to report the incident to Egypt's security forces",guardian.co.uk,http://www.guardian.co.uk/world/2011/nov/17/foreign-office-admits-mistakes-alleged-rape-egypt?CMP=twt_gu
2011-12-05,21:00:31,n120v,1030,"English riots were 'a sort of revenge' against the police. Rioters interviewed for our study say they sought retribution for what they saw as police abuse of power in their communities
",guardian.co.uk,http://www.guardian.co.uk/uk/2011/dec/05/riots-revenge-against-police
2011-12-05,23:50:06,n16t5,914,Fukushima: Inside the Exclusion Zone [pics],theatlantic.com,http://www.theatlantic.com/infocus/2011/12/fukushima-inside-the-exclusion-zone/100202/
2011-12-05,03:25:31,n0012,666,Chinese government cites self immolation as an act of terrorism,examiner.com,http://www.examiner.com/political-buzz-in-wilmington/chinese-government-cites-self-immolation-as-an-act-of-terrorism
2011-12-05,22:45:17,n14ii,659,Evidence of electoral fraud in Russia: turnout of 146% in some areas and 99.48% support for united russia in Chechnya,guardian.co.uk,http://www.guardian.co.uk/world/2011/dec/05/russian-elections-vladimir-putin-party
2011-12-05,07:53:48,n0bjc,567,"The young protesters who toppled President Mubarak wanted freedom, but instead they are getting Islamic radicals who want to introduce a strict new moral regime.",telegraph.co.uk,http://www.telegraph.co.uk/news/worldnews/africaandindianocean/egypt/8933537/Aboud-al-Zumour-Islamic-Jihad-mastermind-of-Sadats-murder-comes-in-from-the-cold-after-Egypt-election.html
2011-12-05,21:22:17,n12gv,426,Britain's top secret invasion plans stolen in Iranian embassy attack... good job they were for invading France in 1943,guardian.co.uk,http://www.guardian.co.uk/world/julian-borger-global-security-blog/2011/dec/05/julian-borger-security-iran
2011-12-06,01:28:03,n1aiu,258,Antarctic's hidden world revealed - Ever wondered what Antarctica would look like without all that ice?,bbc.co.uk,http://www.bbc.co.uk/news/science-environment-15735625
2011-12-05,16:55:35,n0xji,248,South Korea has launched an internet television channel to inform its young people about North Korea and the potential consequences of reunification,bbc.co.uk,http://www.bbc.co.uk/news/world-asia-15537467
2011-12-06,02:00:12,n1bu6,220,"More than 100,000 Vietnamese have been killed or injured by land mines or other abandoned explosives since the Vietnam War ended nearly 40 years ago, and clearing all of the country will take decades more",news.yahoo.com,http://news.yahoo.com/vietnam-100-000-killed-hurt-abandoned-weapons-064422143.html
2011-12-06,07:06:28,n1pe3,201,Occupy the Kremlin: Russia's Election Lets Loose Public Rage,time.com,"http://www.time.com/time/world/article/0,8599,2101569,00.html"
2011-12-06,00:12:54,n17mf,169,China is experiencing the worst crackdown since 1989 with a rising number of enforced disappearances of activists,ipsnews.net,http://www.ipsnews.net/news.asp?idnews=106092
2011-12-06,04:44:03,n1iz6,122,"The hidden ""cold war"" between Tehran and its enemies, especially longtime foe Saudi Arabia, is escalating fast, bringing with it wider risk of conflict",reuters.com,http://www.reuters.com/article/2011/12/05/us-iran-coldwar-idUSTRE7B41GC20111205
2011-12-05,21:16:11,n12c3,80,"OECD urges raising taxes on high earners: 'average income of the richest 10% of the population in developed economies is now 9 times that of the poorest 10%, having been 5 times as large in the 1980s.'",marketwatch.com,http://www.marketwatch.com/story/oecd-urges-raising-taxes-on-high-earners-2011-12-05
2011-12-05,13:49:49,n0ruv,71,Germans ask: Why doesn't eurozone like us? -- Images of Greek protesters waving signs of German Chancellor Merkel in Nazi uniform have troubled Germans. Many in struggling eurozone countries resent Merkel's hard line.,csmonitor.com,http://www.csmonitor.com/World/Europe/2011/1204/Germans-ask-Why-doesn-t-eurozone-like-us
2011-12-05,18:12:37,n0z2h,59,"Obituary: Socrates --- 


Footballer. Named after philosopher. Trained as doctor. Captained Brazil's much-admired World Cup team in 1982. Drank and smoked far too much. Died at 57. “Beauty comes first. Victory is secondary. What matters is joy”",telegraph.co.uk,http://www.telegraph.co.uk/news/obituaries/sport-obituaries/8934498/Socrates.html
2011-12-06,00:20:39,n17w7,48,"Why ""conflict diamonds"" are so controversial: 'A major international environmental group pulls out of the process to guarantee that diamonds do not come from conflict zones, saying the Kimberley Process had refused ""to evolve and address the clear links between diamonds, violence and tyranny.'",edition.cnn.com,http://edition.cnn.com/2011/12/05/world/africa/conflict-diamonds-explainer/index.html?hpt=hp_c1
2011-12-05,16:52:38,n0xhs,45,Pakistan seeks Australia uranium after India ban lifted,bbc.co.uk,http://www.bbc.co.uk/news/world-asia-16027509
2011-12-05,15:53:37,n0w5p,50,"Argentina is quietly reaching out to Iran, worrying key Western powers and Israel as they try to tighten Tehran's international isolation over its nuclear program, U.N. diplomats",old.news.yahoo.com,http://old.news.yahoo.com/s/nm/20111205/wl_nm/us_iran_argentina
2011-12-05,10:21:15,n0i83,42,Israeli ministers have hit back Hillary Clinton after the top American diplomat was quoted expressing concern over the future of Israel's democracy and the rights of women,aljazeera.com,http://www.aljazeera.com/news/middleeast/2011/12/201112502744931902.html
2011-12-06,00:46:16,n18vx,45,"UK's DPM, Nick Clegg threatened to introduce new laws to clamp down on executive pay; warns the private sector must take its share of the pain in the ""age of austerity""",independent.co.uk,http://www.independent.co.uk/news/uk/politics/new-laws-to-clamp-down-on-executive-pay-pledged-6272330.html
2011-12-05,13:37:13,n0rae,39,Explosion Seen as Big Setback to Iran’s Missile Program,nytimes.com,http://www.nytimes.com/2011/12/05/world/middleeast/blast-leveling-base-seen-as-big-setback-to-iran-missiles.html
2011-12-05,15:58:48,n0wab,36,Assange seeks extradition hearing in UK Supreme Court - CNN.com,edition.cnn.com,http://edition.cnn.com/2011/12/05/world/europe/uk-wikileaks-assange/index.html?hpt=hp_t1
2011-12-05,15:48:56,n0w1f,38,"Chinese reporter writes in opinion piece that inciting self-immolation is ""terroristic behavior"" - not quite as good flame-bait as Western media's spin, is it?",chinadaily.com.cn,http://www.chinadaily.com.cn/opinion/2011-11/25/content_14159552.htm
2011-12-06,01:46:15,n1b9e,30,Israel to forcibly remove bedouin communities in settlements push,guardian.co.uk,http://www.guardian.co.uk/world/2011/dec/05/israel-forcibly-remove-bedouin-west-bank
2011-12-05,22:52:25,n14qe,29,Eurozone: France and Germany call for tougher Europe treaty,bbc.co.uk,http://www.bbc.co.uk/news/world-europe-16037425
2011-12-05,08:14:17,n0ceh,24,Rioters say anger with police fuelled summer unrest,guardian.co.uk,http://www.guardian.co.uk/uk/2011/dec/05/anger-police-fuelled-riots-study?CMP=twt_fd
