2011-05-25,19:01:16,hjo79,1717,Egypt finds 17 lost pyramids: A satellite survey used infra-red images to detect underground buildings,globalpost.com,http://www.globalpost.com/dispatch/news/regions/middle-east/egypt/110525/egypt-finds-17-lost-pyramids
2011-05-25,08:49:28,hjbrb,1106,"What a difference a year makes: in 2010, France was trying to sell Libya the Rafale aircraft. In 2011, France is bombing Libya with the Rafale.",af.reuters.com,http://af.reuters.com/article/topNews/idAFJOE66M06Q20100723
2011-05-25,04:15:30,hj4ot,970,"Amazon rainforest activist shot dead: José Cláudio Ribeiro da Silva killed in ambush in the Brazilian Amazon, six months after predicting his own murder
",guardian.co.uk,http://www.guardian.co.uk/world/2011/may/24/amazon-rainforest-activist-killed
2011-05-25,21:27:33,hjq9s,335,"Chevron face shareholders after huge $18bn Ecuador fine. An Ecuadorian tribal leader: ""The court, which Chevron chose, found them guilty of poisoning our rainforest, and our families. ..  [we] demand that Chevron cease its lies and pay to clean up the contamination that is choking our communities.""",guardian.co.uk,http://www.guardian.co.uk/environment/2011/may/25/chevron-heads-shareholders-huge-fine?intcmp=122
2011-05-25,19:25:08,hjoii,142,Head of Afghan girls' school killed by Taliban ,guardian.co.uk,http://www.guardian.co.uk/world/2011/may/25/taliban-kill-head-girls-school
2011-05-25,18:36:53,hjnu0,98,Denmark bans marmite,theregister.co.uk,http://www.theregister.co.uk/2011/05/25/marmite_ban/
2011-05-26,04:16:09,hk0mi,93,"Norway plans billion-dollar clean energy initiative for poor. Norway wants to channel billions of dollars to renewable energies in developing nations, building on a scheme to protect tropical forests to which Oslo has been the biggest donor.",reuters.com,http://www.reuters.com/article/2011/05/24/us-climate-norway-idUSTRE74N3KO20110524
2011-05-25,01:13:16,hizl6,92,"Netanyahu Address Congress: No right of return for Palestinians, No dividing Jerusalem, and tells Fatah to tear up historic deal with Hamas",bbc.co.uk,http://www.bbc.co.uk/news/world-us-canada-13528158
2011-05-25,13:51:50,hjizr,77,Egyptian pyramids found by infra-red satellite images,bbc.co.uk,http://www.bbc.co.uk/news/world-13522957
2011-05-26,06:18:17,hk40k,66,US and IAEA officials knew that the Fukushima nuclear power plant suffered a nuclear meltdown within 3.5 hours of the Japan earthquake and subsequently hid it from the public.,theintelhub.com,http://theintelhub.com/2011/05/25/us-and-iaea-knew-fukushima-had-meltdown-within-hours-of-japan-earthquake-and-hid-it-from-the-public/
2011-05-25,23:56:35,hjtjg,61,"Former head of Pakistan's ISI is ""100 per cent sure"" a Taliban attack on a major naval air base in Karachi was an ""American operation"".",channel4.com,http://www.channel4.com/news/karachi-attack-a-us-operation-claims-ex-pakistan-general
2011-05-25,11:18:33,hjfbi,60,French group calls for large demonstration in Paris this weekend to show solidarity with tens of thousands of youth demonstrating against austerity programs in Spain,commondreams.org,http://www.commondreams.org/headline/2011/05/24-8
2011-05-26,03:20:09,hjz2c,62,Three Months of Civil War in Libya [pics],theatlantic.com,http://www.theatlantic.com/infocus/2011/05/three-months-of-civil-war-in-libya/100074/
2011-05-26,04:18:04,hk0ow,52,Assange: 'Dramatic Increase' in Whistle-Blowers Despite Bradley Manning Case,abcnews.go.com,http://abcnews.go.com/Politics/wikileaks-julian-assange-bradley-manning-case-deterred-whistle/story?id=13684870
2011-05-26,06:43:08,hk4nj,42,"Israel's PM received a rapturous reception from Congress, but US Jewish opinion at large is frustrated with his intransigence.",guardian.co.uk,http://www.guardian.co.uk/commentisfree/cifamerica/2011/may/25/israel-binyamin-netanyahu
2011-05-26,06:47:09,hk4rb,39,Six Italian seismologists and one government official will be tried for the manslaughter of those who died in an earthquake that struck the city of L'Aquila on 6 April 2009.,blogs.nature.com,http://blogs.nature.com/news/2011/05/italian_seismologists_to_be_tr.html
2011-05-26,03:10:28,hjyqw,36,"Egypt is to open the Rafah border crossing into Gaza permanently to Palestinians from Saturday, Egyptian state news agency Mena has said.",bbc.co.uk,http://www.bbc.co.uk/news/world-middle-east-13552685
2011-05-26,02:47:40,hjy3k,35,Atomic agency outs Iran's nuke warhead project,blogs.nature.com,http://blogs.nature.com/news/2011/05/atomic_agency_outs_irans_nuke.html?utm_source=feedburner&utm_medium=twitter&utm_campaign=Feed%3A+news%2Frss%2Fthe_great_beyond+%28The+Great+Beyond+-+Blog+Posts%29&utm_content=Twitter&WT.mc_id=TWT_NatureNews
2011-05-26,04:39:26,hk19t,32,"Libyan parents hope for long-sought answers in HIV mystery -- More than 400 children were infected with the AIDS virus at a children's hospital in the 1990s. Moammar Kadafi called it a deliberate act by foreign workers, but some now openly question his role.",latimes.com,"http://www.latimes.com/news/nationworld/world/la-fg-libya-aids-20110525,0,7011360,full.story"
2011-05-25,08:05:34,hjapy,31,Anti-abortion group drafted in as sexual health adviser to UK government,guardian.co.uk,http://www.guardian.co.uk/society/2011/may/24/abortion-sexual-health-coalition
2011-05-26,02:16:47,hjx76,34,"Iran is considering imposing sanctions on U.S. officials for “human rights violations,” attempting to turn the tables after years of sanctions imposed by the West.",weaselzippers.us,http://weaselzippers.us/2011/05/24/iran-says-it-may-impose-sanctions-on-u-s-officials-for-human-rights-violations/
2011-05-25,13:38:35,hjiq8,29,"Indian Maoists 'kill and dismember' 10 policemen -- Ten policemen, including one senior officer, have been killed and dismembered by Maoist rebels in India's Chhattisgarh state, police say",bbc.co.uk,http://www.bbc.co.uk/news/world-south-asia-13515997
2011-05-25,15:12:35,hjkos,26,"""The greatest Amazon River disaster in history""",practicalfishkeeping.co.uk,http://www.practicalfishkeeping.co.uk//content.php?sid=3329
2011-05-26,03:17:42,hjyz1,23,"In Israel, Netanyahu Seen as Stalling Peace Talks",nytimes.com,http://www.nytimes.com/2011/05/26/world/middleeast/26mideast.html
2011-05-26,03:11:29,hjyry,18,Ash cloud reaches Germany ,english.aljazeera.net,http://english.aljazeera.net//news/europe/2011/05/201152543346167838.html
2011-05-25,11:37:32,hjfti,21,UN report: Site reportedly bombed by Israel in 2007 was a nuclear reactor,haaretz.com,http://www.haaretz.com/news/diplomacy-defense/un-report-site-reportedly-bombed-by-israel-in-2007-was-a-nuclear-reactor-1.363935
2011-05-26,00:05:50,hjts4,20,Obama and Cameron back multibillion-dollar plans to help Egypt and Tunisia,guardian.co.uk,http://www.guardian.co.uk/world/2011/may/24/obama-cameron-egypt-tunisia
2011-05-26,01:02:02,hjv9n,16,"25 children among the dead in Syrian uprising - ""More than 25 children, some of them tortured, are among the victims of the Syrian government's deadly crackdown on an uprising that has killed more than 1,000 people over the past two months""",google.com,http://www.google.com/hostednews/ap/article/ALeqM5jLTEi0PcYVVGXbzQclH8Lst7pxZg?docId=f3cdd6221368463bb5c7aee4981d2359
2011-05-26,06:57:37,hk512,15,Yemen locked in power struggle as escalation of fighting leaves 38 dead.,guardian.co.uk,http://www.guardian.co.uk/world/2011/may/24/yemen-saleh-ahmar-capital-fighting
2011-05-25,15:27:09,hjkyu,15,Russia re-emerges as a foreign aid donor,guardian.co.uk,http://www.guardian.co.uk/global-development/2011/may/25/russia-foreign-aid-report-influence-image
