2011-08-28,19:34:05,jwx0p,1256,"Sweden's Moderate Party has announced that it will not stand in the next church elections which take place in 2013, signalling an intention to cut political ties with the Church of Sweden.",thelocal.se,http://www.thelocal.se/35786/20110826/
2011-08-28,06:04:17,jwext,887,Human slaughterhouse discovered in Tripoli - Telegraph,telegraph.co.uk,http://www.telegraph.co.uk/news/worldnews/africaandindianocean/libya/8727498/Human-slaughterhouse-discovered-in-Tripoli.html
2011-08-28,02:00:28,jw7sj,418,"UK doctors prepare to challenge the Govt's decision not to order an inquest into the death of weapons expert Dr David Kelly; accuse Govt of being ""complicit in a determined and concerted cover-up""",guardian.co.uk,http://www.guardian.co.uk/uk/feedarticle/9818085
2011-08-28,11:04:31,jwnc8,252,Libya: Torture was rife in Gaddafi’s prisons but to execute detainees days before they would have been freed is a sickening low in the government’s behavior,hrw.org,http://www.hrw.org/news/2011/08/28/libya-gaddafi-forces-suspected-executing-detainees
2011-08-28,09:55:42,jwlgw,221,"53 bodies discovered in southern Tripoli, apparently 
executed by retreating Gaddafi forces.",news.sky.com,http://news.sky.com/home/world-news/article/16057724
2011-08-28,04:12:58,jwbix,210,India’s Parliament Gives In to Protests on Corruption Bill,nytimes.com,http://www.nytimes.com/2011/08/28/world/asia/28india.html
2011-08-28,19:42:32,jwx3u,199,Egypt’s Muslim Brotherhood declares war on the bikini,allheadlinenews.com,http://www.allheadlinenews.com/articles/90058045#ixzz1W9YNoAbH
2011-08-29,05:24:58,jx9cn,117,"Eight killed, six missing as typhoon ravages Manila",gulfnews.com,http://gulfnews.com/news/world/philippines/eight-killed-six-missing-as-typhoon-ravages-north-1.858354
2011-08-28,15:35:09,jwtvk,92,"Libyan leader Col Muammar Gaddafi is ready to begin talks to transfer power, according to his spokesman",bbc.co.uk,http://www.bbc.co.uk/news/world-africa-14698388
2011-08-28,19:37:49,jwx20,72,Malta strips Gaddafi of his honours,timesofmalta.com,http://www.timesofmalta.com/articles/view/20110827/local/malta-strips-gaddafi-of-his-honours.382070
2011-08-29,02:29:15,jx4ey,63,In Iran an alleged Israeli assassin has been sentenced to death for killing nuclear scientist.,bbc.co.uk,http://www.bbc.co.uk/news/world-middle-east-14702096
2011-08-29,03:35:13,jx6a9,40,"Libya rebels fear for Gaddafi prisoners.  Up to 50,000 prisoners are unaccounted for.",bbc.co.uk,http://www.bbc.co.uk/news/world-africa-14702853
2011-08-28,21:10:39,jwy2k,41,Norwegian police arrest man with weapons and explosives cache,telegraph.co.uk,http://www.telegraph.co.uk/news/worldnews/europe/norway/8727960/Norwegian-police-arrest-man-with-weapons-and-explosives-cache.html
2011-08-29,00:58:30,jx21x,41,"I.M.F. Chief Chastises Policymakers:  Trichet: ""Income inequality is ultimately a threat to society.""",nytimes.com,http://www.nytimes.com/2011/08/28/business/global/international-monetary-fund-chief-chastises-policymakers.html
2011-08-28,08:41:01,jwjfr,42,"Libyan capital Tripoli faces water, power crisis: Living conditions in Tripoli are becoming increasingly desperate, with most of Libya's capital without water, electricity or proper sanitation.",bbc.co.uk,http://www.bbc.co.uk/news/world-africa-14691061
2011-08-28,02:36:10,jw8sr,36,Al-Qaida's No. 2 (Atiyah Abd al-Rahman) killed in Pakistan,seattletimes.nwsource.com,http://seattletimes.nwsource.com/html/politics/2016031844_apusalqaidaleaderkilled.html
2011-08-28,14:39:47,jwssp,32,"Areas near Japan nuclear plant may be off limits for 
decades",reuters.com,http://www.reuters.com/article/2011/08/27/us-japan-nuclear-uninhabitable-idUSTRE77Q17U20110827
2011-08-29,07:04:56,jxc89,32,"Ken Loach: 'the ruling class are cracking the whip'.
The leftwing film director talks about the riots, his early work on television",guardian.co.uk,http://www.guardian.co.uk/film/2011/aug/28/ken-loach-class-riots-interview
2011-08-28,00:29:56,jw5im,26,Iran warns of regional crisis if Syria falls (AP),ajc.com,http://www.ajc.com/news/nation-world/iran-warns-of-regional-1147319.html
2011-08-28,11:17:17,jwnos,23,"Arab League recognises Libyan NTC: The regional bloc re-admits Libya's membership, turning over the country's seat to the rebels' political leadership.",english.aljazeera.net,http://english.aljazeera.net/news/africa/2011/08/2011827223817990105.html
2011-08-28,15:04:53,jwtbr,22,Anna Hazare: India campaigner ends hunger strike,bbc.co.uk,http://www.bbc.co.uk/news/world-south-asia-14698071
2011-08-28,21:53:16,jwym7,21,"UK Home Secretary Theresa May banned all marches in Tower Hamlets, east London, and four neighbouring boroughs for a 30-day period",news.sky.com,http://news.sky.com/home/uk-news/article/16057558
2011-08-28,10:30:09,jwmf5,18,"Spain follows Germany, France and writes debt ceiling in constitution - Spain is to amend the constitution to enshrine a public debt ceiling in the constitution, following similar measures in Germany and France. The government also set out labor reforms to combat high unemployment.",dw-world.de,"http://www.dw-world.de/dw/article/0,,15346991,00.html"
2011-08-29,05:46:02,jx9z8,16,"Libya Rebels Say Qaddafi Uses Human Shields to Defend Sirte
",businessweek.com,http://www.businessweek.com/news/2011-08-28/libya-rebels-say-qaddafi-uses-human-shields-to-defend-sirte.html
2011-08-29,01:02:37,jx250,18,"Hiroshima, Mon Ami: ""History's Most Awkward Handshake""",fpif.org,http://www.fpif.org/blog/hiroshima_mon_ami_historys_most_awkward_handshake#share
2011-08-28,18:39:50,jwwgc,14,Rebels wreak revenge on dictator's men,independent.co.uk,http://www.independent.co.uk/news/world/africa/rebels-wreak-revenge-on-dictators-men-2345261.html
2011-08-28,11:45:06,jwofc,16,Bolivia: Morales accuses US of plotting a coup,globalpost.com,http://www.globalpost.com/dispatches/globalpost-blogs/que-pasa/bolivia-takes-us
2011-08-29,04:45:56,jx88q,14,"Turkish beach blast injures 15
",en.rian.ru,http://en.rian.ru/world/20110828/166248833.html
2011-08-28,12:48:51,jwq3m,13,Tony Tan elected President of Singapore,thehindu.com,http://www.thehindu.com/news/international/article2404075.ece
2011-08-28,18:02:07,jww0j,13,"Iran sees fresh hope in nuclear inspections: The ""Lavrov plan"" calls on Iran to expand its cooperation with the IAEA in return for the international community granting Iran limited concessions, such as freezing some of the sanctions imposed on it.
",atimes.com,http://www.atimes.com/atimes/Middle_East/MH27Ak01.html
