2011-01-16,08:36:30,f31kn,1658,Swiss whistleblower Rudolf Elmer plans to hand over offshore banking secrets of the rich and famous to WikiLeaks,guardian.co.uk,http://www.guardian.co.uk/media/2011/jan/16/swiss-whistleblower-rudolf-elmer-banks
2011-01-17,07:59:31,f3hr2,276,"Tunisia: the first Arab popular revolution, rather than euphemism for a coup
",guardian.co.uk,http://www.guardian.co.uk/commentisfree/2011/jan/16/tunisia-first-arab-revolution-ben-ali
2011-01-16,08:19:26,f31c3,171,Joint U.S.- Israeli Project Created Stuxnet Worm Used Against Iran,nytimes.com,http://www.nytimes.com/2011/01/16/world/middleeast/16stuxnet.html?_r=1
2011-01-16,18:16:03,f37uw,154,"Berlusconi paid to sleep with Ruby when she was 17, and subsequently had her freed from a Milan police station – where she was being held on suspicion of theft – by fooling officers into thinking she was the granddaughter of the Egyptian president.",guardian.co.uk,http://www.guardian.co.uk/world/2011/jan/16/silvio-berlusconi-sex-case
2011-01-17,07:21:42,f3h6b,88,Tunisia:`All Arab dictators are shaking on their thrones' -- Left and Arab voices on the insurrection,links.org.au,http://links.org.au/node/2101
2011-01-17,00:02:19,f3auo,78,"Algerian man douses himself with gasoline and burns to death , echoing trigger that toppled the leader of neighboring Tunisia.",arabnews.com,http://arabnews.com/middleeast/article236278.ece
2011-01-17,01:52:36,f3can,68,Thousands of Israelis rally in defence of human and civil rights - Tel Aviv sees largest demonstration in years as people protest against parliamentary investigation into funding of rights groups,guardian.co.uk,http://www.guardian.co.uk/world/2011/jan/16/thousands-israelis-rally-rights-organisations
2011-01-16,08:52:12,f31r8,52,Stuxnet Worm Used Against Iran Was Tested in Israel (NY Times),nytimes.com,http://www.nytimes.com/2011/01/16/world/middleeast/16stuxnet.html?_r=2&partner=rss&emc=rss&src=igw
2011-01-16,22:58:06,f3a52,47,Quebec: Muslim immigration consultant arrested for helping hundreds in Middle East collect benefits from Canada,nationalpost.com,http://www.nationalpost.com/Quebec+immigration+consultant+arrested+fraud+ring/4070879/story.html
2011-01-17,07:37:09,f3heo,28,"Former dictator ""Baby Doc"" Duvalier returns to Haiti ",globalpost.com,http://www.globalpost.com/breaking-news/global/former-dictator-baby-doc-duvalier-returns-haiti
2011-01-16,18:49:27,f383a,22,Early results from Southern Sudan's referendum indicate the region has voted overwhelmingly to split from the north and form a new country.,bbc.co.uk,http://www.bbc.co.uk/news/world-africa-12201063
2011-01-16,09:46:28,f32h8,20,"The Taliban is to drop its opposition to the education of girls in Afghanistan, the country's education minister has told British media.",google.com,http://www.google.com/hostednews/afp/article/ALeqM5jgoFCz4tBUwwWrcq645tM3-CnhsA?docId=CNG.68d10e317090f970e7649ddbb01a4e2c.1c1
2011-01-16,14:59:03,f369x,21,Another harsh blow to Mexican authorities.  Police commander abducted in Veracruz.,bbc.co.uk,http://www.bbc.co.uk/news/world-latin-america-12200635
2011-01-16,22:25:40,f39s6,20,Chinese Mothers...in Hong Kong react to  the “Why Chinese Mothers Are Superior” essay ,blogs.wsj.com,http://blogs.wsj.com/scene/2011/01/14/chinese-mothersin-hong-kong/
2011-01-17,06:00:40,f3fzk,17,Spain demands US clears earth from site of 1966 nuclear bomb mishap ,guardian.co.uk,http://www.guardian.co.uk/world/2011/jan/16/spain-palomares-nuclear-earth-removal
2011-01-16,19:15:42,f38b9,17,Man sentenced to death in Egypt over Copt killings,bbc.co.uk,http://www.bbc.co.uk/news/world-middle-east-12201318
2011-01-16,09:16:36,f323s,15,NY Times reveals what everyone assumed. Stuxnet worm was tested in Israel. ,nytimes.com,http://www.nytimes.com/2011/01/16/world/middleeast/16stuxnet.html
2011-01-17,07:42:01,f3hh3,15,"Iran to display shot down U.S. drones, top Iranian official says",rawstory.com,http://www.rawstory.com/rs/2011/01/iran-display-drones-shot-top-iranian-commander/
2011-01-16,03:30:54,f2x93,12,YouTube - Massive Protests in Tunisia Push President to Flee,youtube.com,http://www.youtube.com/watch?v=ws84S4L1m1E
2011-01-17,04:54:35,f3ezo,11,"French President Sarkozy’s New Year’s resolution: to catch 10,000 illegal downloaders a day ",france24.com,http://www.france24.com/en/20110113-sarkozy-new-year-resolution-catch-10000-illegal-downloaders-day-hadopi-law-france
2011-01-16,22:01:46,f39jp,9,Cables From American Diplomats Portray U.S. Ambivalence on Tunisia,nytimes.com,http://www.nytimes.com/2011/01/16/world/africa/16cables.html?_r=1&ref=world
2011-01-16,10:13:15,f32tt,8,Continuing riots in Tunisia- new president sworn in as the former flees,npr.org,http://www.npr.org/2011/01/15/132956296/unrest-engulfs-tunisia-president-flees
2011-01-17,00:28:38,f3b62,9,Europe's biggest far-right parties -- country-by-country,swedishwire.com,http://www.swedishwire.com/politics/8086-europes-biggest-far-right-parties
2011-01-17,06:56:09,f3gs9,8,Violence in Tunisia as Ben Ali loyalists carry on fight,guardian.co.uk,http://www.guardian.co.uk/world/2011/jan/16/tunisia-gun-battle-army-tunis
2011-01-16,22:46:14,f3a00,6,Presidents-for-Life Going Out of Fashion ,guardian.co.uk,http://www.guardian.co.uk/commentisfree/2011/jan/16/observer-editorial-tunisia-support-arabs
2011-01-16,23:46:01,f3anx,6,"""Hello ? It it me you're looking for ?? "" North & South Korea restore cross-border communications channel for the first time since the shelling incident in November ",english.aljazeera.net,http://english.aljazeera.net/news/asia-pacific/2011/01/201111261739636565.html
2011-01-16,09:41:38,f32em,8,"Kerala , India : 3 cops on duty for 300,000 people at religious festival where 102 people died in the stampede ",indianexpress.com,http://www.indianexpress.com/news/kerala-govt-put-3-cops-on-duty-for-3-lakh-pilgrims/738081/
2011-01-17,07:50:57,f3hmo,5,"Germany shuts 934 bird farms, piggeries after food scare",physorg.com,http://www.physorg.com/news/2011-01-germany-bird-farms-piggeries-food.html
2011-01-17,06:08:19,f3g3u,7,Irish Premier Won’t Quit Over Ireland Debt Crisis,nytimes.com,http://www.nytimes.com/aponline/2011/01/16/world/europe/AP-EU-Ireland-Politics.html
2011-01-16,12:20:07,f34fg,5,BBC News - Sudanese diaspora in Europe vote for secession,bbc.co.uk,http://www.bbc.co.uk/news/world-africa-12200794
