2011-08-08,02:37:11,jbnkr,1243,"NHS among developed world's most efficient health systems, says study, the United States healthcare system was among the least efficient and effective.",guardian.co.uk,http://www.guardian.co.uk/society/2011/aug/07/nhs-among-most-efficient-health-services
2011-08-09,07:36:25,jcve6,352,Shit's going down in Chile. Protesting students are demanding the government hold a national referendum on solving the country’s educational problems.,washingtonpost.com,http://www.washingtonpost.com/world/americas/chiles-protesting-students-demanding-national-referendum-on-solving-education-problems/2011/08/08/gIQAvMc92I_story.html
2011-08-08,17:25:41,jc8ha,243,Official: Rebekah Brooks has NOT resigned from News International,nodpi.org,https://nodpi.org/2011/08/07/official-rebekah-brooks-has-not-resigned-from-news-international/
2011-08-09,02:54:09,jclv6,186,Before and after pictures from the Tottenham riots,guardian.co.uk,http://www.guardian.co.uk/uk/interactive/2011/aug/08/tottenham-riots-before-after-pictures
2011-08-08,20:28:19,jcb61,130,Iran cracks down on “forbidden” water pistol fights: Authorities in southern Iran arrested 17 boys and girls who took part in a water pistol fight at a seaside park. They could face charges of publicly committing “haram” – a forbidden act – after they splashed water on each other,worldnewspapers.co,http://www.worldnewspapers.co/index.php?option=com_content&view=article&id=2231&Itemid=1230
2011-08-09,03:21:54,jcmv1,116,EFF: Spanish Court Rules That Linking to Potential Copyright Infringing Material Is Not Copyright Infringement,eff.org,https://www.eff.org/deeplinks/2011/08/spanish-court-rules-linking-potential-copyright
2011-08-08,21:31:39,jcc7d,109,A torture camp run by Zimbabwe's security forces is operating in the country's rich Marange diamond fields,bbc.co.uk,http://www.bbc.co.uk/news/world-africa-14445087
2011-08-08,06:57:25,jbtr6,102,"
Saudi king demands end to Syrian crackdown 
",english.aljazeera.net,http://english.aljazeera.net/news/middleeast/2011/08/201187214519816815.html
2011-08-08,10:55:33,jbzh4,102,"
Deforestation in Brazil's Amazon accelerated in June, with 300 sq km destroyed, a 17% increase over May",independent.co.uk,http://www.independent.co.uk/environment/amazon-deforestation-on-the-rise-again-in-brazil-2333336.html
2011-08-09,05:57:54,jcs55,90,"The famine in Somalia has killed more than 29,000 children under the age of five",google.com,http://www.google.com/hostednews/ap/article/ALeqM5hK9hiMpCZp6GAiO8HBQAxT_O1Jmw?docId=93b79e4575dd43b2a71486e26d474a20
2011-08-08,00:16:32,jbknv,90,Top Gear lies about electric cars,guardian.co.uk,http://www.guardian.co.uk/environment/georgemonbiot/2011/aug/05/top-gear-bbc
2011-08-09,04:58:30,jcq2v,75,London riots - BBC live coverage,bbc.co.uk,http://www.bbc.co.uk/news/uk-14449675
2011-08-08,20:47:26,jcbge,73,"Rice Futures Trading Halted in Tokyo as Radiation Fears Cause a 40% Surge, Triggering Circuit Breakers",bloomberg.com,http://www.bloomberg.com/news/2011-08-08/rice-in-tokyo-gains-after-seven-decade-halt.html
2011-08-09,07:50:16,jcvtx,68,"North Korea turns to online game hacking to raise cash - 
Crushed by antinuclear weapons sanctions the regime is hacking computer games to make money",newscientist.com,http://www.newscientist.com/blogs/onepercent/2011/08/desperate-north-korean-dictato.html
2011-08-08,23:43:16,jcfdz,61,"Saudi Arabia, Kuwait and Bahrain have all recalled their ambassadors from Syria",bbc.co.uk,http://www.bbc.co.uk/news/world-middle-east-14448016
2011-08-09,04:57:23,jcq1g,54,Remaining countries with AAA credit ratings. Australia leads a small group whose ability to pay isn't questioned,msnbc.msn.com,http://www.msnbc.msn.com/id/44020687/ns/business-world_business/
2011-08-08,23:44:53,jcffu,48,Bayer threatens to quit Germany over nuclear shutdown: German companies may relocate production to countries with lower energy costs,guardian.co.uk,http://www.guardian.co.uk/world/2011/aug/07/bayer-quit-germany-nuclear-shutdown
2011-08-08,13:09:57,jc334,46,Bayer threatens to leave Germany over high electricity costs: German chemical giant Bayer has warned that it may be forced to leave the country because of a rise in energy prices. The firm is already looking at increasing its foothold in emerging economies such as China.,dw-world.de,"http://www.dw-world.de/dw/article/0,,15300384,00.html"
2011-08-08,20:29:45,jcb6u,44,"Bahrain protests to Qatar over al-Jazeera film: 
Doha-based news channel under fire over 
documentary showing how Facebook was used to 
target pro-democracy activists",guardian.co.uk,http://www.guardian.co.uk/world/2011/aug/07/bahrain-protests-qatar-aljazeera-film
2011-08-09,03:58:39,jco5n,41,Five days of war. Looking back at the Russia-Georgia conflict 3 years ago.,theatlantic.com,http://www.theatlantic.com/international/archive/2011/08/5-days-of-war-a-bitter-conflict-with-no-heroes/243220/
2011-08-08,22:58:12,jce48,43,Oil hits eight-month low after S&P downgrades U.S. credit rating,fuelfix.com,http://fuelfix.com/blog/2011/08/08/oil-prices/
2011-08-08,19:36:39,jcaf6,40,"Australia's Antarctic claim 'at risk' - It holds the largest claim to Antarctica, but risks losing it in any race to unlock the frozen continent's potentially vast mineral & energy resources",physorg.com,http://www.physorg.com/news/2011-08-australia-antarctic.html
2011-08-08,11:20:17,jc045,37,The Somali Army has captured Mogadishu,nation.co.ke,http://www.nation.co.ke/News/africa/Somalia+army+declares+Mogadishu+free+after+al+Shabaab+flight/-/1066/1214802/-/qjm7bcz/-/index.html
2011-08-08,12:52:51,jc2mu,34,War heroine Nancy Wake dies,abc.net.au,http://www.abc.net.au/news/2011-08-08/world-war-ii-heroine-nancy-wake-dies/2828854
2011-08-08,21:34:18,jcc95,34,"After Fukushima, Japan's 'authority myth' is crumbling.",guardian.co.uk,http://www.guardian.co.uk/commentisfree/2011/aug/08/fukushima-japan-authority-myth
2011-08-09,02:46:24,jclla,35,"Beyond debt woes, a wider crisis of globalization?",reuters.com,http://www.reuters.com/article/2011/08/08/us-analysis-debt-crisis-idUSTRE77726Z20110808
2011-08-08,23:17:11,jcelv,29,Mossad's Miracle Weapon - Stuxnet Virus Opens New Era of Cyber War,spiegel.de,"http://www.spiegel.de/international/world/0,1518,778912,00.html"
2011-08-08,12:42:35,jc2cq,25,"Israel agrees to negotiate over pre-1967 lines: In a dramatic policy shift, Israel's prime minister has agreed to negotiate the borders of a Palestinian state based on the cease-fire line that marks off the West Bank",news.yahoo.com,http://news.yahoo.com/tv-israel-agrees-negotiate-over-pre-67-lines-185815284.html
2011-08-08,08:18:14,jbvmp,24," Syrian military defied growing condemnation and deployed dozens of tanks into the restive city of Deir al-Zour, killing at least 20 people, activists said. ",nytimes.com,http://www.nytimes.com/2011/08/08/world/middleeast/08syria.html?hp
2011-08-09,06:07:11,jcsg8,25,Where the riots in the UK are happening right now,londonriotsmap.appspot.com,http://londonriotsmap.appspot.com/
