2011-01-10,00:15:45,ez00q,1122,"Russia's Murrow moment - Leonid Parfyonov's stunning speech to Russian TV executives in November was ignored by Russian state television, but you can watch it on YouTube. His audience listened in deadpan shock as Parfyonov said out loud what everyone in Russia knows to be the truth.",globalpost.com,http://www.globalpost.com/dispatch/worldview/110107/russia-media-edward-murrow-leonid-parfyonov
2011-01-10,08:18:41,ez7k2,487,"US forces have fired so many bullets in Iraq and Afghanistan - 250,000 for every insurgent killed - that US ammunition-makers cannot keep up with demand. As a result the US is having to import supplies from Israel",belfasttelegraph.co.uk,http://www.belfasttelegraph.co.uk/news/world-news/us-forced-to-import-bullets-from-israel-as-troops-use-250000-for-every-rebel-killed-15050027.html
2011-01-10,10:05:10,ez989,250,"Sodomy is punishable by death in Saudi Arabia, but gay life flourishes there. Why it is “easier to be gay than straight” in a society where everyone, homosexual and otherwise, lives in the closet",theatlantic.com,http://www.theatlantic.com/magazine/print/2007/05/the-kingdom-in-the-closet/5774/
2011-01-10,02:06:08,ez1kw,227,Plane carrying 105 people crashes in Iran,bbc.co.uk,http://www.bbc.co.uk/news/world-middle-east-12147872
2011-01-10,11:20:06,ezagt,202,"500 lawyers have signed up to defend Pakistan Governor Taseer's killer, but his wife cannot find a single criminal lawyer for prosecution",guardian.co.uk,http://www.guardian.co.uk/commentisfree/2011/jan/08/ahmed-rashid-taseer-pakistan-precipice/print
2011-01-10,03:07:28,ez2kw,197,"The Royal Family is to be granted absolute protection from public scrutiny in a controversial legal reform. Letters, emails and documents relating to the monarch, her heir and the second in line to the throne will no longer be disclosed even if they are in the public interest. ",independent.co.uk,http://www.independent.co.uk/news/uk/home-news/royal-family-granted-new-right-of-secrecy-2179148.html
2011-01-11,07:49:27,ezuzc,110,A trial against six environmental activists has been suddenly dropped after an undercover police officer switched allegiance and offered to testify on their behalf. ,telegraph.co.uk,http://www.telegraph.co.uk/news/uknews/crime/8249734/Trial-against-environmental-activists-dropped-after-undercover-Met-police-officer-switches-sides.html
2011-01-10,19:34:31,ezgzj,91,BBC - Spain's Basque rebels Eta call 'permanent truce',bbc.co.uk,http://www.bbc.co.uk/news/world-europe-12151597
2011-01-10,19:57:05,ezh7s,86,McCarthyism sweeps through Israel: Israeli lawmakers set up committee to investigate human rights groups for un-Israeli activity.,globalpost.com,http://www.globalpost.com/dispatch/israel-and-palestine/110109/israel-mccarthyism-knesset-palestinians
2011-01-10,15:02:31,ezdzp,67,"Good News for Peace: Muslim and Christian, Egyptians stand together against violence",boingboing.net,http://www.boingboing.net/2011/01/09/muslim-and-christian.html?utm_source=feedburner&utm_medium=feed&utm_campaign=Feed%3A+boingboing%2FiBag+%28Boing+Boing%29&utm_content=FaceBook
2011-01-10,17:04:07,ezfgh,58,"Car getting effortlessly washed down the street as a result of the flooding in Queensland, Australia [vid]",youtube.com,http://www.youtube.com/watch?v=D7HLvwPmles
2011-01-10,11:55:13,ezb1p,44,"60 Minutes Video: ""Bribes or Death in Mexico"": murder of the mayor of a Mexican city, where powerful drug gangs seem to be giving authorities a choice of ""silver or lead"" - join us and we will pay you or don't and we'll kill you.

",cbsnews.com,http://www.cbsnews.com/video/watch/?id=7228446n
2011-01-10,13:38:31,ezcq6,39,"""WikiLeaks cables confirm US knowledge of Indonesian military’s crimes"" - Leaked US embassy cables demonstrate that Washington was well aware of ongoing human rights abuses in Papua even as it pursued closer ties with the TNI.",wsws.org,http://wsws.org/articles/2011/jan2011/wpap-j10.shtml
2011-01-11,00:46:57,ezlmb,37,Brazil has warned that the world is on course for a full-blown “trade war” as it stepped up its rhetoric against exchange rate manipulation.,theglobeandmail.com,http://www.theglobeandmail.com/report-on-business/trade-war-looming-warns-brazil/article1863761/
2011-01-11,00:10:51,ezkvq,36,"""In Zimbabwe it's literally cheaper to print on money than paper. So that's exactly what we did.""",tbwa.com,http://tbwa.com/#lsi121ci5b0q
2011-01-10,17:05:30,ezfh5,36,"Incredible footage - At least two dead, others missing after Queensland's floods dramatically intensify.",abc.net.au,http://www.abc.net.au/news/stories/2011/01/10/3109846.htm
2011-01-10,23:41:17,ezkbk,33,"David Burgess: the extraordinary life and death of a human rights lawyer - ""On an autumn evening last October, a slight, pretty woman with a mass of curly hair fell underneath a tube train"". Except that she was a man. One of Britain's finest lawyers. And she was pushed. Amazing, compelling story",guardian.co.uk,http://www.guardian.co.uk/uk/2011/jan/09/david-burgess-sonia-lawyer-death?CMP=twt_gu
2011-01-10,23:46:43,ezkfr,34,New laser to dazzle pirates on the high seas,newscientist.com,http://www.newscientist.com/article/dn19930-new-laser-to-dazzle-pirates-on-the-high-seas.html?DCMP=OTC-rss&nsref=online-news
2011-01-11,07:40:01,ezurz,30,"Massacre in Tunisie Jan, 1 2011",youtube.com,http://www.youtube.com/watch?v=i-X_ORi1i_k&feature=player_embedded
2011-01-11,06:44:12,eztoo,27,Dozens missing in Toowoomba floods - amazing video of cars washing down streets,dailytelegraph.com.au,http://www.dailytelegraph.com.au/news/swept-to-death-by-a-raging-force-in-toowoomba/story-e6freuy9-1225985287973
2011-01-10,23:37:34,ezk8v,30,Pope says sex education an 'attack on religious freedom' ,abc.net.au,http://www.abc.net.au/news/stories/2011/01/11/3110101.htm?section=justin
2011-01-11,04:09:51,ezq3f,25,Tunisia closes schools and universities following riots,bbc.co.uk,http://www.bbc.co.uk/news/world-africa-12155670
2011-01-10,18:28:06,ezgcb,23,"Floods continue to batter Australia - 
One person killed and others trapped in cars as Queensland continues to deal with worst flooding in decades",guardian.co.uk,http://www.guardian.co.uk/world/2011/jan/10/flash-floods-north-east-australia
2011-01-10,15:35:07,ezegf,18,German investigators have found excessive levels of cancer-causing dioxin in eggs and some chicken meat.,belfasttelegraph.co.uk,http://www.belfasttelegraph.co.uk/news/world-news/germany-to-probe-dioxin-contamination-scandal-15050176.html?service=Print
2011-01-11,02:47:53,ezo6n,17,"""One of China's top generals said Monday [January 10, 2011] that it was up to the United States to change its policies if it wanted better ties with China's military, and offered a lukewarm endorsement of U.S. programs designed to bring the two sides closer together.""",washingtonpost.com,http://www.washingtonpost.com/wp-dyn/content/article/2011/01/10/AR2011011001368.html
2011-01-10,19:41:20,ezh22,20,Rop Gonggrijp On the Twitter court order. Gonggrijp is one of the 4 people mentioned in the DoJ court order to Twitter regarding Wikileaks,rop.gonggri.jp,http://rop.gonggri.jp/?p=448
2011-01-10,22:58:14,ezjku,15,Iceland and Twitter square up to US WikiLeaks probe,thefirstpost.co.uk,"http://www.thefirstpost.co.uk/73519,news-comment,news-politics,iceland-and-twitter-stand-up-to-us-wikileaks-probe"
2011-01-10,14:46:56,ezdri,15,Another earthquake hits Chile - 5.9 recorded off coast,earthquake.usgs.gov,http://earthquake.usgs.gov/earthquakes/recenteqsww/Quakes/usc000117m.php
2011-01-10,12:29:45,ezblk,16,Occupation of the Territories: Israeli Soldiers’ Testimonies 2000-2010 is an unprecedented first-hand account by over one hundred Israeli soldiers of their experiences while serving in the IDF,nybooks.com,http://www.nybooks.com/blogs/nyrblog/2011/jan/09/no-one-wants-to-know-israeli-soldiers-occupation/
2011-01-10,12:33:53,ezbny,15,Undercover officer spied on green activists: Guardian investigation reveals details of PC Mark Kennedy's infiltration of dozens of protest groups,guardian.co.uk,http://www.guardian.co.uk/uk/2011/jan/09/undercover-office-green-activists
