2011-12-12,11:08:10,n96ro,988,A South Korean coastguard was stabbed to death by a Chinese fisherman Monday in an operation to apprehend a Chinese vessel operating illegally near South Korean waters,reuters.com,http://www.reuters.com/article/2011/12/12/us-korea-china-idUSTRE7BB03Z20111212
2011-12-13,00:44:44,n9s5p,708,"As Canada's govt attempts to drag the country back into the last century with its drug and crime policies, a new drug reform umbrella group - Canadian Drug Policy Coalition (CDPC) - emerges to fight for smart, sensible, evidence-based alternatives",stopthedrugwar.org,http://stopthedrugwar.org/chronicle/2011/dec/07/new_canadian_drug_reform_coaliti
2011-12-12,23:33:02,n9pnj,583,Man throws shoes at Iranian president Ahmadinejad,independent.co.uk,http://www.independent.co.uk/news/world/middle-east/man-throws-shoes-at-iranian-president-ahmadinejad-6275967.html
2011-12-12,20:56:28,n9lta,577,UK police to test laser that 'blinds rioters':  The shoulder-mounted laser emits a blinding wall of light capable of repelling rioters,telegraph.co.uk,http://www.telegraph.co.uk/news/uknews/crime/8949060/Police-to-test-laser-that-blinds-rioters.html
2011-12-12,09:02:00,n91rb,364,Burning for Freedom: Self-Immolation in China -  Tibetan Buddhists have been burning themselves alive in China as an act of political protest,theatlantic.com,http://www.theatlantic.com/international/archive/2011/12/burning-for-freedom-self-immolation-in-china/249773/
2011-12-13,01:58:43,n9v0i,321,"Poland ""Treatment Not Jail"" Drug Law Now in Effect",stopthedrugwar.org,http://stopthedrugwar.org/chronicle/2011/dec/09/poland_treatment_not_jail_drug_l
2011-12-12,20:45:00,n9lkp,289,"'Cleansed' Libyan Town Spills Its Terrible Secrets --- 


A few months ago, Tawergha in northern Libya was a town of 30,000 inhabitants. Now it lies empty. What happened to the people who lived there? And what does it say about reconciliation in post-Gaddafi Libya?",bbc.co.uk,http://www.bbc.co.uk/news/magazine-16051349
2011-12-12,20:35:37,n9le3,274,Israel agrees to further expand major Israeli settlement in the West Bank.,haaretz.com,http://www.haaretz.com/print-edition/news/idf-agrees-to-expansion-of-west-bank-settlement-1.400876
2011-12-12,08:02:43,n8zk4,219,"Could the desert sun power the world? Green electricity generated by Sahara solar panels is being hailed as a solution to the climate change crisis
",guardian.co.uk,http://www.guardian.co.uk/environment/2011/dec/11/sahara-solar-panels-green-electricity
2011-12-12,18:52:07,n9jji,183,Zimbabwe thinks about using Chinese yuan,globalpost.com,http://www.globalpost.com/dispatch/news/regions/africa/zimbabwe/111211/zimbabwe-forget-the-us-dollar-what-about-the-chinese-yu
2011-12-13,00:01:33,n9qkn,158,Russian Billionaire (and NBA owner) Mikhail Prokhorov to Challenge Putin for Russia's Presidency,bloomberg.com,http://www.bloomberg.com/news/2011-12-12/russian-billionaire-prokhorov-to-challenge-putin-in-presidential-election.html
2011-12-12,20:43:57,n9ljq,138,"Mysterious explosion kills 7, injures 16 in Iran",jpost.com,http://www.jpost.com/IranianThreat/News/Article.aspx?id=249105
2011-12-12,22:40:51,n9o5c,119,"Salafist party vows to ban alcohol, beach tourism in Egypt",english.ahram.org.eg,http://english.ahram.org.eg/News/29141.aspx
2011-12-12,22:21:45,n9no7,102,"Cambodia: prison labor concerns -- A new law legalizes the use of prison labor by private companies, putting Cambodia's ""sweatshop-free"" reputation on the line.
",globalpost.com,http://www.globalpost.com/dispatch/news/regions/asia-pacific/111206/cambodia-prison-labor-garments-exports-ILO
2011-12-13,06:33:40,na6c4,103,"Britain is ruled by the banks, for the banks.

Is David Cameron's kid-glove treatment of the City remotely justified, when it neither pays its way nor lends effectively?
",guardian.co.uk,http://www.guardian.co.uk/business/2011/dec/12/britain-ruled-by-banks
2011-12-12,22:20:26,n9nn0,98,"Member of the Iranian parliament's National Security Committee said on Monday that the military was set to practice its ability to close the Gulf to shipping at the narrow Strait of Hormuz, the most important oil transit channel in the world, but there was no official confirmation.",reuters.com,http://www.reuters.com/article/2011/12/12/us-iran-hormuz-idUSTRE7BB0PH20111212
2011-12-13,06:22:45,na5sz,91,Canada to withdraw from Kyoto Protocol,bbc.co.uk,http://www.bbc.co.uk/news/world-us-canada-16151310
2011-12-13,00:44:28,n9s5c,90,"The Web vs. Putin: Taking on Russia's Old Guard with New Technology  -- The Kremlin seems powerless to stop the online activists as Russians lose their fear. For the first time, Vladimir Putin seems vulnerable.",spiegel.de,"http://www.spiegel.de/international/world/0,1518,803164,00.html"
2011-12-13,00:44:37,n9s5m,85,New Canadians will now have to show their faces when swearing the oath of citizenship,news.nationalpost.com,http://news.nationalpost.com/2011/12/12/niqabs-burkas-must-be-removed-during-citizenship-ceremonies-jason-kenney/
2011-12-12,16:47:41,n9hqb,79,"Super-Rich Israelis No Longer Ashamed To Flaunt Their Wealth: ""Israel, despite socialist roots, now has a huge income gap. Displays of riches, such as a $2-million wedding and a 'Real Housewives'-style show, draw awe and contempt.""",latimes.com,"http://www.latimes.com/news/nationworld/world/la-fg-israel-rich-20111210,0,2643448,full.story"
2011-12-12,03:32:11,n8pfg,80,BBC journalist killed in New Zealand street attack  - Telegraph,telegraph.co.uk,http://www.telegraph.co.uk/news/worldnews/australiaandthepacific/newzealand/8949588/BBC-journalist-killed-in-New-Zealand-street-attack.html
2011-12-12,22:36:45,n9o25,72,Al-Qaeda fighters tunnel out of Yemen jail,aljazeera.com,http://www.aljazeera.com/news/middleeast/2011/12/20111212103410459112.html
2011-12-12,09:09:30,n9222,57,"""It’s very likely China will see a trade deficit in the next quarter,” said Shen, who previously worked at the International Monetary Fund and the European Central Bank.",bloomberg.com,http://www.bloomberg.com/news/2011-12-11/china-s-shrinking-trade-surplus-may-trigger-cuts-in-banks-reserve-ratios.html
2011-12-12,23:34:00,n9poe,54,Putin dismisses election anullment,ibtimes.com,http://www.ibtimes.com/articles/265446/20111212/russia-putin-spokesman-dismisses-new-election.htm
2011-12-12,14:29:35,n9e8q,42,"A Chinese man accused of rioting in Guangdong province dies in police custody, with analysts saying his death could stoke tensions.
",bbc.co.uk,http://www.bbc.co.uk/news/world-asia-pacific-16135013
2011-12-12,12:16:11,n99di,30,"Boosted by Putin, Russia’s Middle Class Turns on Him - A decade of growth under Vladimir V. Putin, now Russia’s prime minister, has created a class of wealthy urban professionals who are not afraid to express their political frustration. ",nytimes.com,http://www.nytimes.com/2011/12/12/world/europe/huge-moscow-rally-suggests-a-shift-in-public-mood.html?_r=1&hp
2011-12-12,23:26:09,n9pg2,31,Clash of Civilizations: The Confusion of Being a Chinese Student in America,theatlantic.com,http://www.theatlantic.com/international/archive/2011/12/clash-of-civilizations-the-confusion-of-being-a-chinese-student-in-america/249787/
2011-12-12,20:52:22,n9lqe,32,Saudi woman beheaded for 'sorcery' ,timesofindia.indiatimes.com,http://timesofindia.indiatimes.com/world/middle-east/Saudi-woman-beheaded-for-sorcery/articleshow/11081842.cms
2011-12-12,16:33:52,n9hg2,27,Mass protests in Russia put Putin under pressure (BBC News),bbc.co.uk,http://www.bbc.co.uk/news/world-europe-16135999
2011-12-13,01:18:21,n9tew,25,"As tensions mount in the Middle East an Iranian 
legislator declares ""Soon we will hold a military 
manoeuvre on how to close the Strait of Hormuz. If 
the world wants to make the region insecure, we 
will make the world insecure.""",af.reuters.com,http://af.reuters.com/article/energyOilNews/idAFL6E7NC2B520111212
