2011-07-22,22:38:19,iwsj7,3887,Huge explosion in downtown Oslo,translate.google.com,http://translate.google.com/translate?js=n&prev=_t&hl=en&ie=UTF-8&layout=2&eotf=1&sl=no&tl=en&u=http%3A%2F%2Fwww.dagbladet.no%2F2011%2F07%2F22%2Fnyheter%2Finnenriks%2Feksplosjon%2F17411344%2F
2011-07-22,19:32:39,iwpbi,753,LulzSec claims to have 4GB of News International emails,guardian.co.uk,http://www.guardian.co.uk/technology/2011/jul/21/lulzsec-emails-news-international?CMP=twt_gu
2011-07-22,09:29:54,iwcme,655,"James Murdoch lied to parliament, according to former News International executives.",nytimes.com,http://www.nytimes.com/2011/07/22/world/europe/22murdoch.html?_r=1&hp
2011-07-22,22:50:42,iwstp,449,"A whole block just exploded in Oslo, Norway.  Initial reports say it is a terrorist attack.",aftenposten.no,http://www.aftenposten.no/nyheter/iriks/article4180673.ece
2011-07-22,23:41:01,iwu5r,352,"Posted last week, but buried beneath the bigger stories: ""Why Does Al-Qaeda Have a Problem With Norway?""",theatlantic.com,http://www.theatlantic.com/international/archive/2010/07/why-does-al-qaeda-have-a-problem-with-norway/59649/
2011-07-22,22:59:17,iwt14,298,BBC News - Norway: Major blast near prime minister's office in Oslo,bbc.co.uk,http://www.bbc.co.uk/news/world-europe-14252515
2011-07-22,00:08:19,ivvik,227,"Canada's crime rate at lowest level in almost 
40 years",theglobeandmail.com,http://www.theglobeandmail.com/news/politics/canadas-crime-rate-at-lowest-level-in-almost-40-years-statscan/article2104745/
2011-07-22,22:39:12,iwsjt,128,"Huge explosion i Norwegian capital, windows blown out in area surrounding government buildings",tv2.no,http://www.tv2.no/nyheter/innenriks/eksplosjon-i-oslo-sentrum-3544362.html
2011-07-22,00:42:22,ivwj4,120,"Ghana Calls For Arrest of All Gays, Officials Warn Lynching Could Follow",ghanaweb.com,http://www.ghanaweb.com/GhanaHomePage/NewsArchive/artikel.php?ID=211415
2011-07-22,15:20:25,iwldi,102,East Africa's famine: Millions of human beings are starving.,economist.com,http://www.economist.com/node/18989213?story_id=18989213
2011-07-22,23:06:19,iwt7j,96,"Oslo, just a few minutes after the terror attack.",twitvid.com,http://www.twitvid.com/RQNBF
2011-07-22,10:11:10,iwdp1,89,"The Bin Laden Vaccine: Yes, vaccinations are a CIA plot",economist.com,http://www.economist.com/blogs/democracyinamerica/2011/07/bin-laden-vaccine
2011-07-23,01:21:35,iwx3e,82,Shooting at Norwegian Social Democratic Youth (AUF) summer camp,translate.google.com,http://translate.google.com/translate?js=n&prev=_t&hl=en&ie=UTF-8&layout=2&eotf=1&sl=auto&tl=en&u=http%3A%2F%2Fwww.aftenposten.no%2Fnyheter%2Firiks%2Farticle4180789.ece
2011-07-23,07:35:32,ix7p0,80,James Murdoch Accused of Lying to Parliament,blogs.voanews.com,http://blogs.voanews.com/breaking-news/2011/07/22/james-murdoch-accused-of-lying-to-parliament/
2011-07-23,01:38:16,iwxk4,76,"More violence in Norway as a man, dressed as a police officer, has entered a AUF (youth) camp outside Oslo and started shooting. ",translate.google.com,http://translate.google.com/translate?hl=en&sl=no&tl=en&u=http%3A%2F%2Fgo.dagbladet.no%2Fgo%2Fe%2Fartright%3Bafu%3Dwww.dagbladet.noa472011a4707a4722a47nyhetera47innenriksa47eksplosjona4717411344%2Fhttp%3A%2F%2Fwww.dagbladet.no%2F2011%2F07%2F22%2Fnyheter%2Futoya%2Fterror%2Foslo%2F17415425%2F&anno=2
2011-07-22,10:49:01,iweou,59,"Egypt's military rulers ban foreign election observers: Egypt's ruling military council said foreigners won't be allowed to monitor Egyptian elections, scheduled for November. That has some local activists worried about the credibility of the vote. ",csmonitor.com,http://www.csmonitor.com/World/Middle-East/2011/0721/Egypt-s-military-rulers-ban-foreign-election-observers
2011-07-23,06:25:59,ix5xm,58,"Speaker of The House says UK ""parliament has rediscovered its balls"" over Murdoch hacking affiair",guardian.co.uk,http://www.guardian.co.uk/politics/2011/jul/22/john-berkow-parliament-phone-hacking
2011-07-23,06:45:20,ix6g9,53,The 'For Neville' email: two words that could bring down Murdoch,guardian.co.uk,http://www.guardian.co.uk/media/2011/jul/22/for-neville-email-empire?CMP=twt_fd
2011-07-22,23:07:28,iwt8o,56,Large explosion in Oslo at Prime ministers office. Many people hurt.,reuters.com,http://www.reuters.com/article/2011/07/22/us-norway-blast-idUSTRE76L2VI20110722
2011-07-22,09:51:30,iwd6e,51,Greece defaults... selectively. ,blogs.reuters.com,http://blogs.reuters.com/felix-salmon/2011/07/21/greece-defaults/
2011-07-22,21:37:54,iwr84,46,"James Murdoch knew of phone hacking, former News executives say
",globalpost.com,http://www.globalpost.com/dispatch/news/regions/europe/united-kingdom/110722/james-murdoch-knew-phone-hacking-former-news-exec
2011-07-22,02:44:09,iw0et,46,"Al Shabaab kidnaps, interrogates new Somali minister for women within hours of her appointment being announced",af.reuters.com,http://af.reuters.com/article/commoditiesNews/idAFL6E7IL20G20110721
2011-07-22,20:43:51,iwqaz,46,"UN report claims North Korea and Iran are exchanging illicit missile technology, using China as a transit hub.",english.aljazeera.net,http://english.aljazeera.net/programmes/insidestory/2011/05/201151686167357.html
2011-07-22,08:01:35,iwaa0,43,"James Murdoch contradicted by his legal manager
",news.yahoo.com,http://news.yahoo.com/james-murdoch-contradicted-legal-manager-212632849.html;_ylt=A2KLJzUtrShOWxQA72NtzwcF;_ylu=X3oDMTNyZ3N1Y2ZhBGNjb2RlA3JkdG9wMjAwcG9vbARwa2cDMWYxNzkxZjMtYTYxYS0zNThmLWJjNWMtZmMyYzIwYWViZGNiBHBvcwM5BHNlYwNuZXdzX2Zvcl95b3UEdmVyAzk1NTZlMTIwLWIzZTAtMTFlMC1iZTdhLWVhMzQwOGIxNjhiYQ--;_ylg=X3oDMTJsaW5obzNwBGludGwDdXMEbGFuZwNlbi11cwRwc3RhaWQDYjA4ZjU2MDAtZjM2MC0zYmFlLTk1MTYtYmNiZTk2NjFmYWU2BHBzdGNhdAN1cwRwdANzdG9yeXBhZ2U-;_ylv=3
2011-07-23,01:16:43,iwwy5,39,"Eleven killed during mass protests in Syria

",reuters.com,http://www.reuters.com/article/2011/07/22/us-syria-idUSTRE76L1P720110722
2011-07-22,22:30:41,iwsco,39,"Indian Government Blocks Leading File-Sharing Services - RapidShare, MegaUpload, MediaFile, HotFile and many more are blocked at ISP level
",torrentfreak.com,http://torrentfreak.com/indian-government-blocks-leading-file-sharing-services-110721/
2011-07-22,18:58:04,iwov6,34,Australia: Forklift mishap destroys $1m of shiraz wine,bbc.co.uk,http://www.bbc.co.uk/news/world-asia-pacific-14247551
2011-07-22,23:21:40,iwtmm,39,Explosion rocks Norwegian PM's office,english.aljazeera.net,http://english.aljazeera.net/news/europe/2011/07/2011722135232705239.html
2011-07-22,15:08:46,iwl4s,31,The Japanese government estimates it will need to spend $291 billion in the next decade to rebuild areas destroyed by the March 11 earthquake and tsunami.,telegraph.co.uk,http://www.telegraph.co.uk/news/worldnews/asia/japan/8653667/Japan-eyes-291-billion-for-reconstruction.html
2011-07-23,01:43:22,iwxq1,26,Gunmen open fire at a youth camp in Oslo right after explosions...,telegraph.co.uk,http://www.telegraph.co.uk/news/worldnews/europe/norway/8655175/Oslo-explosion-live-coverage.html
