2011-10-08,01:04:42,l48eb,1643,"Women in 27 Bangladeshi villages, where drinking water is generally scooped from a river or canal, were taught to cover the urns they used for fetching water with an old sari folded in 4. Over the next 18 months the rate of cholera in these villages dropped by about 50% (x-post from /r/water)",nytimes.com,http://www.nytimes.com/2011/09/27/health/27sari.html?_r=2
2011-10-08,20:17:49,l518j,868,Ten Years in Afghanistan - German General Says NATO Mission Has 'Failed',spiegel.de,"http://www.spiegel.de/international/world/0,1518,790539,00.html"
2011-10-08,21:23:57,l5234,736,"New Zealand facing one of its largest ecological disasters as authorities forecast a ""significant"" oil spill from a big container ship grounded off Tauranga Harbour  - Bad weather is now threatening an already complicated salvage operation of the ship, which hit Astrolabe Reef Wednesday morning",nzherald.co.nz,http://www.nzherald.co.nz/nz/news/article.cfm?c_id=1&objectid=10757462
2011-10-08,22:37:19,l5357,437,Physicist languishes in French prison for two years without trial: French intelligence services say he is a dangerous terrorist... family members and colleagues argue that he is a brilliant young physicist singled out because of his academic background,nature.com,http://www.nature.com/news/2011/111007/full/news.2011.584.html
2011-10-08,11:33:32,l4s83,365,British PM supports gay marriage in the UK,americablog.com,http://www.americablog.com/2011/10/british-pm-supports-gay-marriage-in-uk.html
2011-10-08,20:41:02,l51is,340,Netherlands to classify high-potency cannabis as hard drug,guardian.co.uk,http://www.guardian.co.uk/world/2011/oct/07/netherlands-potency-cannabis-hard-drug
2011-10-08,21:34:58,l5286,326,Kidnapped my boy? You're forgiven,cbc.ca,http://www.cbc.ca/news/canada/british-columbia/story/2011/10/07/bc-hebert-interview.html
2011-10-08,13:24:09,l4uta,234,2 Tibetans Set Selves on Fire in Latest Protest ,nytimes.com,http://www.nytimes.com/aponline/2011/10/07/world/asia/AP-AS-China-Tibet-Self-Immolation.html
2011-10-08,00:39:29,l47jy,197,"New Danish Minister of the Economy & Interior favors bicycles over freeways - ""I rather invest in cycle tracks than freeways."" -  In Copenhagen, 80% of commuters already bicycle to work every day, even in winter. ",grist.org,http://www.grist.org/list/2011-10-07-i-will-rather-invest-in-cycle-tracks-than-freeways-says-danish-p
2011-10-08,23:15:32,l53sy,200,"Yemen president 'to step down'
",english.aljazeera.net,http://english.aljazeera.net//news/middleeast/2011/10/2011108135330805611.html
2011-10-08,19:14:10,l50jy,202,"UK Pensions have lost a third of value in three years -
  ",independent.co.uk,http://www.independent.co.uk/news/uk/home-news/pensions-have-lost-a-third-of-value-in-three-years-2367348.html
2011-10-09,07:20:56,l5goy,179,U.S. soldiers accused of raping teenage girls in South Korea,globalpost.com,http://www.globalpost.com/dispatch/news/regions/americas/united-states/111008/us-soldiers-accused-raping-teenage-girls-south-k
2011-10-08,12:23:45,l4tev,83,Russia calls on Syria's Assad to reform or stand down,bbc.co.uk,http://www.bbc.co.uk/news/world-middle-east-15225090
2011-10-08,11:30:14,l4s5k,56,Massive corruption scandal continues to broil the Islamic Republic,iranpolitik.com,http://www.iranpolitik.com/2011/10/08/news/massive-corruption-scandal-continues-broil-islamic-republic/
2011-10-08,18:44:31,l507o,59,Pakistan doctor faces treason charges over U.S. vaccine ruse,latimes.com,"http://www.latimes.com/news/nationworld/world/la-fg-pakistan-treason-20111008,0,6117996.story?track=rss"
2011-10-09,01:22:49,l56om,42,Yemen president says ready to quit after Nobel Peace Prize given to Yemeni leading woman activist Tawakkul Karman,google.com,http://www.google.com/hostednews/afp/article/ALeqM5gMgjsnd-VOE2ENoWoTovJqPXNjcw?docId=CNG.bb3cd41d4b2ea96e4e7e77288066d52d.541
2011-10-08,08:13:40,l4mtv,40,"Australian boy, 14, held in Bali for buying marijuana",independent.co.uk,http://www.independent.co.uk/news/world/asia/australian-boy-14-held-in-bali-for-buying-marijuana-2367380.html
2011-10-09,03:25:01,l59yu,42,"Muslim, Christian graves in Jaffa defaced with racist slogans in suspected 'Price Tag' attack",haaretz.com,http://www.haaretz.com/news/diplomacy-defense/muslim-christian-graves-in-jaffa-defaced-with-racist-slogans-in-suspected-price-tag-attack-1.388822
2011-10-09,01:52:19,l57fe,35,"Syrian forces fire on Kurdish funeral, two dead",news.yahoo.com,http://news.yahoo.com/syrian-forces-kill-eight-protesters-activists-122642743.html
2011-10-09,04:12:08,l5bdd,32,"Germany intends to step up its assistance in Libya by offering visas for medical treatment to those wounded in the civil war. The visas are to be issued with minimal bureaucracy, according to German officials. ",dw-world.de,"http://www.dw-world.de/dw/article/0,,15446581,00.html"
2011-10-09,06:26:25,l5f6n,29,Christian fears rise as Islamists grow more assertive in post-Mubarak Egypt - The Washington Post,washingtonpost.com,http://www.washingtonpost.com/world/middle-east/christian-fears-rise-as-islamists-grow-more-assertive-in-post-mubarak-egypt/2011/10/08/gIQA3BdgVL_story.html?wprss=rss_world
2011-10-08,19:56:44,l510b,27,The other side of Nobel-prize winning Ellen Johnson Sirleaf. How she's seen in Liberia. (The Independent),independent.co.uk,http://www.independent.co.uk/news/world/africa/feted-on-the-international-stage-but-accused-of-hollow-promises-at-home-2367498.html
2011-10-09,07:43:00,l5hbu,26,"In case of necessity Turkey is prepared to break out war with Syria, said Ahmet Davutoglu, Turkey's foreign minister ...",en.trend.az,http://en.trend.az/regions/met/turkey/1941740.html
2011-10-09,06:20:34,l5f0m,23,Arms Dealers And Loan Peddlers Took Down Greece,thestar.com,http://www.thestar.com/opinion/editorialopinion/article/1066121--arms-dealers-and-loan-peddlers-took-down-greece
2011-10-08,22:11:21,l52qq,21,"Mad Hatter's tea party that is the eurozone crisis --- 
Alice in Wonderland has nothing on the absurd world of Europe's financial policymakers",guardian.co.uk,http://www.guardian.co.uk/business/2011/oct/02/economics-debt-crisis
2011-10-09,07:59:15,l5hqz,22,Google breaks South African embargo on Dalai Lama,theregister.co.uk,http://www.theregister.co.uk/2011/10/08/google_breaks_embargo_dalai_lama/
2011-10-08,14:36:12,l4wd4,19,Moody's cuts rating on 12 UK banks: the full report,telegraph.co.uk,http://www.telegraph.co.uk/finance/newsbysector/banksandfinance/8812911/Moodys-cuts-rating-on-12-UK-banks-the-full-report.html
2011-10-08,09:51:08,l4pjt,17,"14 Shamans have been killed in Peru, over 20 months.",peruviantimes.com,http://www.peruviantimes.com/05/report-14-shamans-killed-in-loreto-region/13843/
2011-10-09,04:31:45,l5by0,14,"Talks between bitter rivals Georgia and Russia over Moscow's bid to join the World Trade Organization ended without agreement on Saturday, and Georgia said it would block Russian accession unless Moscow's position changes.",reuters.com,http://www.reuters.com/article/2011/10/08/us-wto-russia-georgia-idUSTRE7971P120111008
2011-10-08,11:01:19,l4rh9,15,"Shanghai subway crash 'was human error':  A Shanghai subway train crash that injured more than 280 passengers was caused by negligence and human error, safety officials have said. ",bbc.co.uk,http://www.bbc.co.uk/news/world-asia-pacific-15211362
