2011-11-04,20:11:48,m06y8,1292,"China to phase out incandescent lightbulbs:  Energy-inefficient lightbulbs will be phased out in five years in a bid to save energy and curb climate change
",guardian.co.uk,http://www.guardian.co.uk/environment/2011/nov/04/china-phase-out-incandescent-lightbulbs
2011-11-04,11:07:53,lzue2,1276,Honduras arrests 176 police in corruption purge,bbc.co.uk,http://www.bbc.co.uk/news/world-latin-america-15586060
2011-11-04,00:37:29,lz4wx,1201,French paper reprints Mohammad cartoon after firebomb,feeds.reuters.com,http://feeds.reuters.com/~r/reuters/worldNews/~3/9KxMxTuTEX8/us-france-fire-magazine-idUSTRE7A24G720111103
2011-11-04,20:21:00,m074z,862,"'15,000 strong' army gathers to take on Syria: An insurgent army which claims to be up to 15,000 strong is being coordinated from Turkey to take on President Bashar al-Assad of Syria, which risks plunging the region into open warfare.
",telegraph.co.uk,http://www.telegraph.co.uk/news/worldnews/middleeast/syria/8868027/15000-strong-army-gathers-to-take-on-Syria.html
2011-11-04,04:07:38,lzdh4,455,New figures for 2010 mean that levels of greenhouse gases are higher than the worst case scenario outlined by climate experts just four years ago.,hosted.ap.org,http://hosted.ap.org/dynamic/stories/U/US_SCI_CARBON_EMISSIONS?SITE=AP&SECTION=HOME&TEMPLATE=DEFAULT
2011-11-04,20:24:44,m078a,229,"Girl, 3, eats leftovers for 2 days after mom dies",msnbc.msn.com,http://www.msnbc.msn.com/id/45160396/ns/world_news-asia_pacific/t/girl-eats-leftovers-days-after-mom-dies/#.TrPZevSE2ME
2011-11-04,01:15:29,lz6hr,188,"How the Rise of Islamic Banking is Changing Turkey - Islamic banks do not charge interest, & share the profit & loss risks of their customers",theatlantic.com,http://www.theatlantic.com/international/archive/2011/11/how-the-rise-of-islamic-banking-is-changing-turkey/247823/
2011-11-05,04:28:49,m0p6b,178,News Corp. Journalist Arrested As Hacking Scandal Widens,reuters.com,http://www.reuters.com/article/2011/11/04/newscorp-hacking-idUSL6E7M42UV20111104
2011-11-04,08:39:36,lzomh,167,"Fadel Soliman, a Muslim, gets kicked out of a Norwegian plane because ""He was behaving suspiciously."". Only he was, in fact, a Muslim scholar on his way to give a lecture about terrorism.",translate.google.com,http://translate.google.com/translate?hl=en&sl=auto&tl=en&u=http%3A%2F%2Fwww.vg.no%2Fnyheter%2Finnenriks%2Fartikkel.php%3Fartid%3D10031126
2011-11-04,23:35:12,m0d9v,138,Israeli navy boards Gaza-bound vessels,english.aljazeera.net,http://english.aljazeera.net/news/middleeast/2011/11/201111414120219661.html
2011-11-04,10:09:58,lzs44,124,BBC News - Tibetan Buddhist nun burns herself to death in China,bbc.co.uk,http://www.bbc.co.uk/news/world-asia-15571017
2011-11-04,04:25:00,lze98,96,Fukushima residents' urine now radioactive,japantimes.co.jp,http://www.japantimes.co.jp/text/nn20110627a2.html?fb_ref=article_japantimes
2011-11-05,07:09:31,m0uyd,77,Greece PM Papandreou wins confidence vote,bbc.co.uk,http://www.bbc.co.uk/news/world-europe-15586673
2011-11-05,03:19:33,m0mfd,76,The 29 Global Banks That Are Too Big To Fail according to the G-20,forbes.com,http://www.forbes.com/sites/afontevecchia/2011/11/04/the-worlds-29-most-systemically-important-banks/
2011-11-04,04:57:50,lzfm5,70,"Israeli army test-fires missile and practices evacuations, raising fears it may be planning an attack on Iran",english.aljazeera.net,http://english.aljazeera.net/video/middleeast/2011/11/2011113195014966564.html
2011-11-04,11:40:49,lzvl8,60,"Nature Studies by Michael McCarthy: Exhausted, deforested landscapes show the truth about over-population
",independent.co.uk,http://www.independent.co.uk/environment/nature/nature_studies/nature-studies-by-michael-mccarthy-exhausted-deforested-landscapes-show-the-truth-about-overpopulation-6256947.html
2011-11-05,02:25:00,m0k74,59,"Tibet is burning: What compels a Buddhist nun to burn herself alive?
",globalpost.com,http://www.globalpost.com/dispatch/news/regions/asia-pacific/111028/tibet-china-buddhist-monks-self-immolations-kirti-monastery
2011-11-04,18:33:56,m058i,60,Chinese hospital staff dispose of live baby ,globalpost.com,http://www.globalpost.com/dispatch/news/regions/asia-pacific/china/111104/chinese-dispose-live-baby-video
2011-11-04,22:07:24,m0a0v,54,"'If justice doesn't start now, Libya will become a second Afghanistan' - As Libyans begin to enjoy their new-found freedom, the country faces a myriad of problems in the months ahead. A former exiled Libyan tells Deutsche Welle about the dangers of Libya turning into the next Afghanistan.",dw-world.de,"http://www.dw-world.de/dw/article/0,,15505381,00.html"
2011-11-04,22:07:16,m0a0q,48,The infant mortality rate in India's capital city and its environs rose 18.5% between 2009 and 2010 due to a collapse of the public health system.,globalpost.com,http://www.globalpost.com/dispatches/globalpost-blogs/the-rice-bowl/delhi-infant-mortality-nearly-20
2011-11-04,09:21:12,lzq88,50,"Chinese mine owners exploit Zambian workers, says rights group:  Human Rights Watch accuses Chinese owners of endangering Zambian miners.
",globalpost.com,http://www.globalpost.com/dispatch/news/regions/africa/111103/zambia-news-chinese-bad-employers-zambia-alleges-report
2011-11-04,21:18:48,m08jm,49,Greece's Leader Kills Referendum ,online.wsj.com,http://online.wsj.com/article/SB10001424052970203804204577016213985874218.html?mod=WSJEurope_hpp_LEFTTopStories
2011-11-05,06:17:22,m0t42,46,Pakistan Carts Its Nukes Around In Delivery Vans,wired.com,http://www.wired.com/dangerroom/2011/11/pakistan-nukes-delivery-vans/
2011-11-04,23:39:02,m0df1,37,Piracy is NOT Theft: Problems of a Nonsense Metaphor,torrentfreak.com,https://torrentfreak.com/piracy-is-not-theft-111104/
2011-11-04,09:02:33,lzpha,41,"Ugandan journalist fights for gay rights: Homosexuals in Uganda risk being discriminated against, beaten up and raped. Lillian is a Ugandan journalist, who has been granted asylum in Germany. She was lucky, as many asylum applications are denied. ",dw-world.de,"http://www.dw-world.de/dw/article/0,,6644779,00.html"
2011-11-04,21:16:20,m08hf,27,China cries foul on US economic espionage report,arstechnica.com,http://arstechnica.com/business/news/2011/11/china-cries-foul-on-us-economic-espionage-report.ars
2011-11-05,02:34:37,m0klf,19,"Man shoots and kills his own daughter after mistaking her for a 
burglar",telegraph.co.uk,http://www.telegraph.co.uk/news/worldnews/africaandindianocean/southafrica/8870186/Father-shot-dead-teenage-daughter-he-thought-was-a-burglar.html
2011-11-04,13:39:09,lzzkc,20,Organ Gangs Force Poor to Sell Kidneys for Desperate Israelis,bloomberg.com,http://www.bloomberg.com/news/2011-11-01/organ-gangs-force-poor-to-sell-kidneys-for-desperate-israelis.html
2011-11-04,08:48:14,lzoxs,18,The Bedouin vs Israel's bulldozers,independent.co.uk,http://www.independent.co.uk/news/world/middle-east/the-bedouin-vs-israels-bulldozers-6256918.html
2011-11-05,01:14:56,m0h89,19,Iranian Police Seizing Dissidents Get Aid Of Western Companies - Bloomberg,bloomberg.com,http://www.bloomberg.com/news/2011-10-31/iranian-police-seizing-dissidents-get-aid-of-western-companies.html
