2011-02-13,05:38:41,fk8dc,221,Egypt: Hosni Mubarak used last 18 days in power to secure his fortune,telegraph.co.uk,http://www.telegraph.co.uk/news/worldnews/africaandindianocean/egypt/8320912/Egypt-Hosni-Mubarak-used-last-18-days-in-power-to-secure-his-fortune.html?sms_ss=reddit&at_xt=4d56fdd3499502c5%2C0
2011-02-12,19:59:29,fk104,189,Egypt : done. Next stop : Algeria,afrik-news.com,http://www.afrik-news.com/article18940.html
2011-02-13,03:32:24,fk6g0,66,"Algeria, 3000 protesters meet 30,000 police.",cnn.com,http://www.cnn.com/2011/WORLD/africa/02/12/algeria.protest/index.html?hpt=T2
2011-02-13,00:42:26,fk3ty,60,Some very good pics of the clean-up in Cairo's Tahrir Square,bbc.co.uk,http://www.bbc.co.uk/news/world-middle-east-12440015
2011-02-12,21:46:44,fk1so,47,Police in Algiers clubbed demonstrators down,translate.googleusercontent.com,"http://translate.googleusercontent.com/translate_c?hl=de&ie=UTF-8&sl=de&tl=en&u=http://www.spiegel.de/politik/ausland/0,1518,745175,00.html&prev=_t&rurl=translate.google.de&usg=ALkJrhgunHZISQ4oQlhKeOefuIhDuimhtg"
2011-02-12,02:11:58,fjl5i,41,Tahrir Square reacts to resignation,youtube.com,http://www.youtube.com/watch?v=Z06GVWJgTWU&feature=feedu
2011-02-12,11:43:06,fjvu0,44,"""By dumping Hosni Mubarak, America's closest and most important Arab ally, [U.S. President] Barack Obama has signalled to Muslims throughout the Middle East that repressive rulers can no longer rely on Washington and are vulnerable to ouster by uprising.""",theglobeandmail.com,http://www.theglobeandmail.com/news/world/crisis-in-egypt/obamas-message-an-unnerving-one-for-arab-rulers/article1904771/
2011-02-13,02:10:04,fk55q,36,"Anonymous claims to be in possession of Stuxnet 
Virus",blogs.forbes.com,http://blogs.forbes.com/chrisbarth/2011/02/11/anonymous-claims-possession-of-insidious-stuxnet-virus/
2011-02-12,11:38:15,fjvrj,33,Police in Algeria are deployed ahead of a democracy rally which has been banned by the government,bbc.co.uk,http://www.bbc.co.uk/news/world-middle-east-12438015
2011-02-12,10:43:34,fjuz3,31,(Xpost - Videos) Raw video of Egyptian Army announcing Mubarack resignation,youtube.com,http://www.youtube.com/watch?v=GllCUkxkEn0
2011-02-12,21:45:07,fk1s6,26,Police and protestors clash in Algeria,youtube.com,http://www.youtube.com/watch?v=HltzgRQYjgM
2011-02-12,11:44:36,fjvup,24,Corrupt cops being arrested in Brazil,bbc.co.uk,http://www.bbc.co.uk/news/world-latin-america-12436213
2011-02-13,05:55:58,fk8mb,24,Egypt: Hosni Mubarak used last 18 days in power to secure his fortune,telegraph.co.uk,http://www.telegraph.co.uk/news/worldnews/africaandindianocean/egypt/8320912/Egypt-Hosni-Mubarak-used-last-18-days-in-power-to-secure-his-fortune.html
2011-02-12,12:07:59,fjw64,19,"CIA officials learned of Egyptian military's plan to remove Mubarak, but Egyptian president decided at the last minute to change the ending. ",jpost.com,http://www.jpost.com/MiddleEast/Article.aspx?id=207888&R=R3
2011-02-12,23:19:18,fk2tr,19,Egypt military promises to abide by Israel peace deal,jpost.com,http://www.jpost.com/MiddleEast/Article.aspx?id=207917
2011-02-12,10:12:56,fjuih,20,A Revolution Co-opted By The Regime It Opposes - Egypt is returning to the 1952 model of ruling the state via a council of army officers - Have the Egyptian people been outflanked and had the clock turned back half a century on them to the very system that produced Mubarak in the first place?,antemedius.com,http://antemedius.com/content/egypt-revolution-co-opted-regime-it-opposes
2011-02-12,23:22:21,fk2uw,16,214 high quality shots of Tel Aviv graffiti --most awesome,flickr.com,http://www.flickr.com/photos/cleland/sets/72157625900932575/
2011-02-12,11:40:05,fjvsn,15,The domino effect: Is there more to come in the Middle Eastern Arab world ?,edition.cnn.com,http://edition.cnn.com/2011/WORLD/meast/02/11/egypt.protests.region/index.html
2011-02-12,16:11:15,fjz82,15,"	

Israel unprepared for Mubarak's fall: 
Critics say Israeli leaders were 'in denial' and now have few options. ",latimes.com,"http://www.latimes.com/news/nationworld/world/la-fg-egypt-israel-faultlines-20110211,0,403589.story?track=rss"
2011-02-13,07:09:34,fk9r6,13,Egypt military pledges transition to civilian rule,bbc.co.uk,http://www.bbc.co.uk/news/world-middle-east-12441771
2011-02-12,22:48:28,fk2gr,13,China bids to ease drought with $1bn emergency water aid. World's biggest wheat producer resorts to desperate measures in attempt to protect harvest from worst drought in 60 years,guardian.co.uk,http://www.guardian.co.uk/environment/2011/feb/11/china-drought-emergency-water-aid
2011-02-13,01:22:37,fk4fc,12,A new civilian spirit in Cairo - volunteers cleaning streets this morning,youtube.com,http://www.youtube.com/watch?v=4uN3-luYKvw&feature=player_embedded
2011-02-12,12:06:18,fjw5b,11,The Stuxnet virus was aimed at five distinct industrial facilities in Iran,nytimes.com,http://www.nytimes.com/2011/02/13/science/13stuxnet.html
2011-02-13,06:52:22,fk9gg,10,Musharraf Wanted In Connection With Bhutto's Death  ,npr.org,http://www.npr.org/2011/02/12/133706606/state-tv-pakistans-musharraf-wanted-for-arrest
2011-02-13,04:00:06,fk6vm,9,Armed Yemeni government supporters break up protest.,reuters.com,http://www.reuters.com/article/2011/02/12/us-yemen-protests-idUSTRE71B10R20110212
2011-02-13,01:06:53,fk470,12,"Smart Yemen: Yemen's ruling party has set up tents in Yemen's Tahrir, or ""Liberation,"" Square to prevent anti-government protesters from taking over the area.",voanews.com,http://www.voanews.com/english/news/Clashes-in-Yemen-as-Thousands-Rally-Against-Government-116078554.html
2011-02-12,23:30:41,fk2xt,9,Algieria. Police brutality starts. Let's spread this to help them get same exposure as Egypt!,youtube.com,http://www.youtube.com/watch?v=74JTaQ5Eh98&feature=share
2011-02-12,21:29:01,fk1nb,6,Algeria police stifle Egypt-inspired protest,independent.co.uk,http://www.independent.co.uk/news/world/africa/algeria-police-stifle-egyptinspired-protest-2212728.html
2011-02-13,06:03:32,fk8q8,9,Tehran will bar opposition rally,reuters.com,http://www.reuters.com/article/2011/02/12/us-egypt-iran-protest-idUSTRE71B2IY20110212
2011-02-13,03:46:30,fk6ny,8,Algeria: Thousands turn out for pro-reform protest,ynetnews.com,"http://www.ynetnews.com/articles/0,7340,L-4027401,00.html"
