2011-03-02,23:59:28,fvui5,1736,The problem with Google Earth: people will get mad when they see the scale of your huge palace next to insanely crowded slums. Just ask the King of Bahrain...,businessinsider.com,http://www.businessinsider.com/bahrain-google-earth-2011-3#
2011-03-03,00:56:49,fvvts,1062,"My father recieved Non Hodgkin's Lymphona cancer after serving in the Bosnian war, and now after 25+ years peacekeeping for his country they deny him a pension. Please help get the word out, VAC is taking my dad's last days away from him.
(chronicle herald article included) ",thechronicleherald.ca,http://www.thechronicleherald.ca/NovaScotia/1230836.html
2011-03-02,20:16:51,fvqrb,384,"Libya's Bankers Exposed: Goldman, JP Morgan And Citi",zerohedge.com,http://www.zerohedge.com/article/libyas-bankers-exposed-goldman-jp-morgan-and-citi
2011-03-02,10:37:02,fvhwk,325,A summary of what WikiLeaks has uncovered so far. Staggering.,opendemocracy.net,http://www.opendemocracy.net/ryan-gallagher/what-has-wikileaks-ever-taught-us-read-on
2011-03-02,15:00:05,fvmxl,189,Pakistani Minister for Minority Affairs Assassinated ,bbc.co.uk,http://www.bbc.co.uk/news/world-south-asia-12617562
2011-03-03,03:39:51,fvztl,159,"Veteran Israeli diplomat resigns in protest to Israeli foreign policy: ""blaming global anti-Israeli occupation views on anti-Semitism is simplistic and artificial""",ynetnews.com,"http://www.ynetnews.com/articles/0,7340,L-4036889,00.html"
2011-03-02,10:51:58,fvi8l,150,"Democracy Virus Has Dictators Fretting: First it was Ben Ali in Tunisia, then Mubarak in Egypt. Now Libya's Gadhafi is under pressure. From Cuba to China, dictators are watching events in the Arab world with alarm, with full knowledge that ideas are spreading to their populations via the Internet",spiegel.de,"http://www.spiegel.de/international/world/0,1518,748354,00.html"
2011-03-02,16:23:54,fvo47,108,"Bank of England governor blames spending cuts on bank bailouts. 'The price of this financial crisis is being borne by people who absolutely did not cause it'
",guardian.co.uk,http://www.guardian.co.uk/business/2011/mar/01/mervyn-king-blames-banks-cuts
2011-03-02,23:44:44,fvu67,107,"China wants ALL trades settled in Yuan.  Does not 
hide intention to challenge other reserve currencies 
(namely the Dollar).",ibtimes.com,http://www.ibtimes.com/articles/117991/20110302/china-yuan-trade-reserve-currency.htm
2011-03-02,16:50:48,fvofs,83,Zimbabwean army helping Gaddafi in Libya ,thezimbabwean.co.uk,http://www.thezimbabwean.co.uk/index.php?option=com_content&view=article&id=37590:zimbabwean-army-helping-gaddafi-in-libya-&catid=31:weekday-top-stories&Itemid=30
2011-03-02,23:46:15,fvu7d,83,"Two shot dead at Frankfurt Airport - ""a bus at Terminal 2 used by the US military was targeted. The bus driver and one US soldier are thought to have been killed in the shooting.""",thelocal.de,http://www.thelocal.de/national/20110302-33473.html
2011-03-02,10:34:23,fvhu9,82,TIL that you're not allowed to broadcast false or misleading news in Canada.  I also learned that some people want to change this.,theglobeandmail.com,http://www.theglobeandmail.com/news/politics/crtc-plan-to-lift-ban-on-false-news-prompts-political-investigation/article1898147/
2011-03-02,13:29:10,fvldi,82,"I'm not even religious, but God speed you tough bastards.",english.aljazeera.net,http://english.aljazeera.net/news/africa/2011/03/20113242554921501.html
2011-03-03,04:21:20,fw0um,62,Violent suppression of protest at Toronto's G20 - CBC documentary [video],boingboing.net,http://www.boingboing.net/2011/03/01/violent-suppression.html?utm_source=feedburner&utm_medium=feed&utm_campaign=Feed:+boingboing/iBag+%28Boing+Boing%29&utm_content=Google+Reader
2011-03-02,11:49:38,fvjem,58,Canada sends warship to Libya,thechronicleherald.ca,http://www.thechronicleherald.ca/Front/9020024.html
2011-03-03,02:21:26,fvxzk,51,"Gorbachev tells Putin not to run for president - He said the ""vertical of power"" that the Kremlin has built to oversee the country's politics and economics ""has rotted to its core"" and issued a direct challenge to the country's de-facto leader, Putin, to step aside.",mg.co.za,http://mg.co.za/article/2011-03-02-gorbachev-tells-putin-not-to-run-for-president
2011-03-02,21:04:10,fvrae,45,Zimbabwe: More Activists Arrested As Mugabe Hits Panic Button,allafrica.com,http://allafrica.com/stories/201103010963.html
2011-03-03,01:50:41,fvx87,46,US soldiers shot and killed at German airport,english.aljazeera.net,http://english.aljazeera.net/news/europe/2011/03/201132154234681931.html
2011-03-02,18:09:20,fvpe4,41,SAS Ready To Seize Col Gaddafi's Stores Of Mustard Gas ,telegraph.co.uk,http://www.telegraph.co.uk/news/worldnews/africaandindianocean/libya/8355955/Libya-SAS-ready-to-seize-Col-Gaddafis-stores-of-mustard-gas.html
2011-03-02,22:35:36,fvsol,43,"Declaration Of Cyber-War - 
Intimate history of Stuxnet computer virus, apparently designed to paralyse Iranian nuclear centrifuges. Does excellent job of explaining with minimal jargon why this virus was so innovative, complex, devastating",vanityfair.com,http://www.vanityfair.com/culture/features/2011/04/stuxnet-201104
2011-03-02,22:31:58,fvslz,33,Can you guess the most censored countries? ,counterwording.org,http://counterwording.org/wp-content/uploads/2010/05/InternetCensorshipMAP-big.jpg
2011-03-02,14:16:47,fvm6l,32,UPDATE: Sudan youth group calls for mass demonstrations on March 21st; Members of ruling party already urging Bashir to bring about immediate reforms. [xpost /r/Sudan],sudantribune.com,"http://www.sudantribune.com/Sudanese-youth-group-call-for,38140"
2011-03-02,22:21:16,fvsfj,26,Social networking causes problematically-large street parties in Brazil,web1.globalpost.com,http://web1.globalpost.com/globalpost-blogs/bric-yard
2011-03-02,08:05:11,fvev7,25,"UN suspends Libya from Human Rights Council - Libya has become the first country to be suspended from the UN Human Rights Council, after the rest of the world condemned the Gaddafi regime's ""gross and systematic violations"" of the rights of its people.",telegraph.co.uk,http://www.telegraph.co.uk/news/worldnews/africaandindianocean/libya/8356106/UN-suspends-Libya-from-Human-Rights-Council.html
2011-03-02,05:04:27,fvauf,24,German unemployment down to 7.9%,euronews.net,http://www.euronews.net/2011/03/01/german-unemployment-falls-further-in-february/
2011-03-02,10:23:13,fvhmc,24,"A ragtag army of opponents to Gadhafi moves  toward Tripoli, and two US warships sail to Mediterranean Sea, as the prospect of a protracted war looms over Libya",online.wsj.com,http://online.wsj.com/article/SB10001424052748704506004576173831133467692.html?mod=WSJAsia__LEFTTopStories
2011-03-02,15:42:16,fvnkm,22,Pakistan minorities minister killed ,english.aljazeera.net,http://english.aljazeera.net/news/asia/2011/03/20113271659294319.html
2011-03-02,15:19:13,fvn7t,20,Finally! Lybian Rebel Army Prepares for War.,english.aljazeera.net,http://english.aljazeera.net//news/africa/2011/03/20113242554921501.html
2011-03-02,18:20:26,fvpis,20,Libya: Gaddafi forces 'seize eastern town Brega',telegraph.co.uk,http://www.telegraph.co.uk/news/worldnews/africaandindianocean/libya/8356390/Libya-Gaddafi-forces-seize-eastern-town-Brega.html
2011-03-02,14:28:36,fvme4,19,UN suspends Libya from Human Rights Council,breakingnewsonline.net,http://www.breakingnewsonline.net/world/7191-un-suspends-libya-from-human-rights-council-.html
