2011-08-09,04:02:58,jcob8,2425,This is serious Reddit - London riots spreading.   Looting and violence in three London areas in broad daylight - more expected. Birmingham too.,guardian.co.uk,http://www.guardian.co.uk/uk/blog/2011/aug/08/london-riots-third-night-live
2011-08-09,21:13:28,jdem4,454,"The Loud Awakening of Israel's Secular Middle Class -- In the largest protests in the country's history, more than 300,000 people demanded economic reform and help from the government ",theatlantic.com,http://www.theatlantic.com/international/archive/2011/08/the-loud-awakening-of-israels-secular-middle-class/243263/
2011-08-09,08:42:51,jcxh6,331,There is a context to London's riots that can't be ignored,guardian.co.uk,http://www.guardian.co.uk/commentisfree/2011/aug/08/context-london-riots
2011-08-09,22:09:18,jdfwh,270,"David Cameron announces recall of parliament over riots. Prime minister also says number of police officers on streets of London will be increased by 10,000 to 16,000. ",guardian.co.uk,http://www.guardian.co.uk/uk/2011/aug/09/david-cameron-announces-recall-parliament
2011-08-09,23:13:14,jdho2,117,Tottenham's young people are rioting as they see no future,guardian.co.uk,http://www.guardian.co.uk/society/joepublic/2011/aug/09/tottenham-young-people-riot-future
2011-08-09,22:58:18,jdh9f,110,"Devastating pictures of before and after of the London riots. If you're in the city, stay safe. ",bbc.co.uk,http://www.bbc.co.uk/news/uk-14461868
2011-08-09,05:53:22,jcrzi,109,"UK Riots have spread to new areas of London and looting has erupted in the cities of Birmingham and Leeds, as Britain's worst clashes in decades extended into the third night.",english.aljazeera.net,http://english.aljazeera.net/news/europe/2011/08/2011881845588629.html
2011-08-09,20:36:16,jddwp,96,Anger in Japan Over Withheld Radiation Forecasts,nytimes.com,http://www.nytimes.com/2011/08/09/world/asia/09japan.html?_r=1&pagewanted=all
2011-08-09,12:32:48,jd3p0,97,"Libyan rebels retake Bir al-Ghanam, which puts them only 85 km from the capital Tripoli",cnn.com,http://www.cnn.com/2011/WORLD/africa/08/08/libya.war/index.html
2011-08-10,05:30:55,jdunv,90,"Google will fund Bletchley Park restoration project: Bletchley Park is where Alan Turing, the father of Computer Science, and his team broke German ciphers and likely shortened World War II by 2 years",telegraph.co.uk,http://www.telegraph.co.uk/technology/google/8683638/Google-backs-Bletchley-Park-restoration-project.html
2011-08-09,07:28:30,jcv5h,74,"A list of all the websites Rupert Murdoch owns, and  two browser add-ons to block them.",chris-coltrane.livejournal.com,http://chris-coltrane.livejournal.com/409613.html
2011-08-09,09:57:02,jczrf,74,"Riots have broken out in Liverpool, UK.",liverpoolecho.co.uk,http://www.liverpoolecho.co.uk/liverpool-news/local-news/2011/08/09/liverpool-riots-see-police-attacked-and-cars-set-on-fire-gallery-video-100252-29202979/
2011-08-09,20:45:25,jde1k,62,Last Australians troops depart Iraq ,news.com.au,http://www.news.com.au/breaking-news/last-australians-troops-depart-iraq/story-e6frfku0-1226111837950
2011-08-10,07:42:10,jdz6z,59,"London riots: police 'prepare to use plastic bullets' if violence continues.  Previously, British security forces using the “non-lethal” projectiles killed fourteen people, including nine children. ",telegraph.co.uk,http://www.telegraph.co.uk/news/uknews/crime/8691215/London-riots-police-prepare-to-use-plastic-bullets-if-violence-continues.html
2011-08-09,21:22:32,jdet0,54,Video: London riots: Woman confronts rioters in Hackney - Telegraph,telegraph.co.uk,http://www.telegraph.co.uk/telegraphtv/8690275/London-riots-Woman-confronts-rioters-in-Hackney.html
2011-08-10,01:49:04,jdmq0,56,"Sales Of Aluminum Bats On Amazon.uk Are Up Over 5,000% As Riots Continue
",businessinsider.com,http://www.businessinsider.com/sales-of-aluminum-bats-on-amazonuk-up-over-5000-as-riots-continue-2011-8
2011-08-09,19:15:24,jdcjw,52,Britain's Home Minister says water cannon and the army will not be called in to handle riots,bbc.co.uk,http://www.bbc.co.uk/news/uk-14456057
2011-08-09,10:30:54,jd0ta,49,Riots: the underclass lashes out,telegraph.co.uk,http://www.telegraph.co.uk/news/uknews/law-and-order/8630533/Riots-the-underclass-lashes-out.html
2011-08-10,03:08:03,jdpk7,50,"Interesting development in the UK: IPCC determines that Mark Duggan actually didn't shoot at police before they killed him, the police really did overrespond perhaps",guardian.co.uk,http://www.guardian.co.uk/uk/2011/aug/09/mark-duggan-police-ipcc
2011-08-09,23:57:39,jdj07,45,Australia’s Aborigines forced off of their land by government ,rawstory.com,http://www.rawstory.com/rs/2011/08/09/australias-aborigines-forced-off-land-by-government/
2011-08-09,09:49:52,jczje,33,Al-Jazeera: London Burning day 3 in pictures,english.aljazeera.net,http://english.aljazeera.net/indepth/inpictures/2011/08/201188233856953939.html?utm_content=automateplus&utm_campaign=Trial5&utm_source=SocialFlow&utm_medium=MasterAccount&utm_term=tweets
2011-08-09,17:18:09,jdapa,36,"'Special US commandos are deployed in about 75 countries around the world'...""An almost industrial-scale counterterrorism killing machine"".",english.aljazeera.net,http://english.aljazeera.net/indepth/opinion/2011/08/20118485414768821.html
2011-08-09,09:13:12,jcye9,32,"
After Attack, Reclusive Amazon Tribe Feared Missing",livescience.com,http://www.livescience.com/15460-attack-reclusive-amazon-tribe-feared-missing.html
2011-08-09,21:32:28,jdf1v,25,Saudi beheading fuels backlash in Indonesia ,washingtonpost.com,http://www.washingtonpost.com/world/asia-pacific/saudi-beheading-fuels-backlash-in-indonesia/2011/07/17/gIQAc7OU3I_story.html?hpid=z3
2011-08-09,19:32:02,jdcu6,25, London riots: Police use armoured vehicles to clear streets,guardian.co.uk,http://www.guardian.co.uk/uk/2011/aug/09/london-riots-police-armoured-vehicles
2011-08-09,19:11:47,jdci5,19,Police in Indian-administered Kashmir have arrested a number of army personnel & policemen,bbc.co.uk,http://www.bbc.co.uk/news/world-south-asia-14458074
2011-08-09,10:50:05,jd1do,19,"The brother of the Mark Duggan who was shot by police triggering the London Riots appealed for people to stop rioting as early as yesterday. ""Please don't make this about my brothers life""",dailyrecord.co.uk,http://www.dailyrecord.co.uk/news/uk-world-news/2011/08/08/tottenham-riot-brother-of-shooting-victim-mark-duggan-pleads-for-an-end-to-trouble-86908-23329106/
2011-08-09,21:00:06,jdeby,18,Large protests grip Israel as hundreds of thousands demand a new era of social justice,globalpost.com,http://www.globalpost.com/dispatch/news/regions/middle-east/israel-and-palestine/110806/large-protests-israel-call-new-era-soc
2011-08-09,11:17:11,jd283,18,Reason for London riots a mystery to all; even the rioters,theglobeandmail.com,http://www.theglobeandmail.com/news/world/reason-for-london-riots-a-mystery-to-all-even-the-rioters/article2123444/
2011-08-10,06:55:48,jdxox,16,Citi Cards Japan suffers massive info leak,search.japantimes.co.jp,http://search.japantimes.co.jp/cgi-bin/nn20110807a8.html
