2011-06-27,08:46:38,i9v7o,1985,"Video smuggled out of North Korea. Children begging, army starving. More evidence of famine within the secretive State. ",abc.net.au,http://www.abc.net.au/news/stories/2011/06/27/3253979.htm
2011-06-27,22:07:48,iaali,1302,"In Zurich, tram operators can change traffic lights in their favor with a touch of a button and make cars wait for them.  Just one way Europe is making driving less convenient to encourage mass transit, cycling and walking.",nytimes.com,http://www.nytimes.com/2011/06/27/science/earth/27traffic.html?hp
2011-06-27,08:13:45,i9uhl,150,Israel warns foreign journalists: Joining Gaza flotilla is illegal,haaretz.com,http://www.haaretz.com/news/diplomacy-defense/israel-warns-foreign-journalists-joining-gaza-flotilla-is-illegal-1.369684
2011-06-28,00:09:57,iadnm,140,"“The melted nuclear fuel is sinking toward water under the ground...underground barrier needed"" - TEPCO says ""wait.”",mdn.mainichi.jp,http://mdn.mainichi.jp/perspectives/news/20110627p2a00m0na004000c.html
2011-06-28,03:49:08,iak8s,126,Serengeti Highway Canned: Victory for Animals!,care2.com,http://www.care2.com/greenliving/serengeti-highway-canned-victory-for-animals.html
2011-06-27,13:34:50,ia1xm,102,Journalist Robert Fisk faces libel action for pointing out Bahrain-Saudi alliance,wsws.org,http://wsws.org/articles/2011/jun2011/fisk-j27.shtml
2011-06-27,20:42:31,ia98h,77,"'The German Government Will Pay Up' - Leading German economist Stefan Homburg argues that euro-zone members should not bail out Greece, who is making a profit from the crisis and explains why he himself is buying Greek bonds. ""I believe in the boundless stupidity of the German government."" ",spiegel.de,"http://www.spiegel.de/international/europe/0,1518,770673,00.html"
2011-06-27,21:44:23,iaa7z,68,Fantastic photos from the German invasion of Poland and the Winter War,theatlantic.com,http://www.theatlantic.com/infocus/2011/06/world-war-ii-the-invasion-of-poland-and-the-winter-war/100094/
2011-06-28,03:35:16,iajte,59,"Google chairman warns of censorship after Arab Spring: The use of the web by Arab democracy movements could lead to some states cracking down harder on internet freedoms, Google's chairman says.",bbc.co.uk,http://www.bbc.co.uk/news/world-us-canada-13935470
2011-06-27,11:27:39,i9yvv,62,"Please Hacker Don't Hurt Us: The Media's Coverage 
Of LulzSec Has Been Cowardly and Pathetic",techcrunch.com,http://techcrunch.com/2011/06/26/the-lion-that-squeaked/
2011-06-27,18:48:52,ia7oq,61,"Flotilla will be allowed to unload cargo at port of El-Arish in Egypt, where it will be checked and then transferred to Gaza via land.",haaretz.com,http://www.haaretz.com/news/diplomacy-defense/report-israel-egypt-agree-gaza-flotilla-can-unload-cargo-at-el-arish-1.369840/
2011-06-27,12:25:35,ia0ai,49,"4 top Khmer Rouge leaders face trial for first time - Charges include genocide & 'crimes against humanity' over deaths of up to 2,000,000 Cambodians under Pol Pot's regime, 1975-79",bbc.co.uk,http://www.bbc.co.uk/news/world-asia-pacific-13922564
2011-06-28,03:08:05,iaj0q,46,Bill Gates puts his money to work in the developing world,arstechnica.com,http://arstechnica.com/science/news/2011/06/bill-gates-talks-science-health-and-the-gates-foundation.ars
2011-06-28,03:48:35,iak85,42,"Bolivia moves to end dependence on foreign seed firms: Bolivian President Evo Morales, has signed a new law which aims to ensure food security for his country. ",bbc.co.uk,http://www.bbc.co.uk/news/world-latin-america-13923732
2011-06-27,11:15:29,i9ykw,36,"Enter the dragon 'to save the euro’: It is in the interest of cash-rich China to help resolve the eurozone debt crisis, but Chinese premier Wen Jiabao, who is visiting Britain and Continental Europe, will want a share of the West’s buying power in return",telegraph.co.uk,http://www.telegraph.co.uk/finance/china-business/8598998/Enter-the-dragon-to-save-the-euro.html
2011-06-27,10:38:09,i9xnj,29,Arab kings: How to keep your crown -- The kings of Morocco and Jordan have made some shrewd pre-emptive moves ,economist.com,http://www.economist.com/node/18836448?story_id=18836448
2011-06-27,23:44:40,iacxx,33,"Saudi Arabian Torment Of Migrant Workers --- ""I worked from 5am to 1am, almost every day. I got up to make the children breakfast, got them ready to go to school, cleaned the house all day, and in the evening my employers would go out and come back at midnight and want dinner""",guardian.co.uk,http://www.guardian.co.uk/world/2011/jun/25/saudi-arabia-migrant-mistreatment
2011-06-27,14:22:45,ia31k,28,"After sustaining a 10cm long open chest wound while trimming her horse’s mane, Sweden’s emergency response services refused to send an ambulance, suggesting the 11-yr-old girl take aspirin instead",thelocal.se,http://www.thelocal.se/34548/20110624/
2011-06-28,03:06:15,iaiyj,27,French banks agree to defer Greek loans ,english.aljazeera.net,http://english.aljazeera.net/news/europe/2011/06/2011627111335297545.html
2011-06-27,21:06:55,ia9l3,25,ICC (International Criminal Court) issues Gadhafi arrest warrant ,theglobeandmail.com,http://www.theglobeandmail.com/news/world/africa-mideast/icc-issues-gadhafi-arrest-warrant/article2076653/?utm_medium=feed&utm_source=feedburner&utm_content=Google+Reader&utm_campaign=Feed%3A+TheGlobeAndMail-International+%28The+Globe+and+Mail+-+World+News%29
2011-06-27,08:24:54,i9uq2,25,Fierce fighting south-west of Tripoli: Rebels have been engaged in fierce firefights with government forces in mountain plains about 80km (50 miles) south-west of Tripoli.,bbc.co.uk,http://www.bbc.co.uk/news/world-africa-13921665
2011-06-28,01:53:35,iagpt,24,Activists: Israeli pressuring Greece to stall Gaza flotilla,msnbc.msn.com,http://www.msnbc.msn.com/id/43545491/ns/world_news-mideast_n_africa/
2011-06-27,11:04:13,i9yad,20,Peru revokes licence of Canadian mining firm Bear Creek,theglobeandmail.com,http://www.theglobeandmail.com/news/world/americas/peru-revokes-licence-of-canadian-mining-firm-bear-creek/article2076459/?utm_medium=feed&utm_source=feedburner&utm_content=Google+Reader&utm_campaign=Feed%3A+TheGlobeAndMail-National+%28The+Globe+and+Mail+-+National+News%29
2011-06-28,00:10:08,iadny,21,"Russia to privatize state airline Aeroflot - Russia will sell almost its entire stake in the state-owned airline Aeroflot as part of a national programme to get the government out of business, a senior official said Monday.",monstersandcritics.com,http://www.monstersandcritics.com/news/business/news/article_1647838.php/Russia-to-privatize-state-airline-Aeroflot
2011-06-28,02:19:28,iahhf,19,"11 days and counting, Inmates of el rodeo II Prison in venezuela still control the complex.",guardian.co.uk,http://www.guardian.co.uk/world/2011/jun/24/venezuela-prison-siege-el-rodeo
2011-06-28,03:14:47,iaj79,19,"Greek unions urge huge anti-austerity strike turnout - Air traffic, buses, trains, postal services and hospitals are all expected to be hit, while police in Athens were also preparing to handle big demonstrations in Syntagma Square.",reuters.com,http://www.reuters.com/article/2011/06/27/greece-strikes-idUSLDE75Q1HY20110627
2011-06-28,02:10:26,iah77,18,"Swedish preschool bans use of ""him"" and ""her"".",heraldsun.com.au,http://www.heraldsun.com.au/lifestyle/the-other-side/pc-preschool-bans-words-him-and-her/story-e6frfhk6-1226082516997
2011-06-27,08:22:23,i9uo4,18,Tipping Point For The European Union? ,npr.org,http://www.npr.org/2011/06/26/137404302/tipping-point-for-the-european-union
2011-06-27,22:13:15,iaapu,18,"Knox killed roommate Kercher, appeal hears",bbc.co.uk,http://www.bbc.co.uk/news/world-europe-13930073
2011-06-27,12:27:43,ia0cf,18,Turkey police disperse pro-Kurdish protesters: Protest in Istanbul turns violent when riot police began using tear gas.,english.aljazeera.net,http://english.aljazeera.net/news/europe/2011/06/2011626214739144330.html
