2011-09-26,02:49:21,kqzjf,1239,Cancer drug trial halted in UK for being too successful: Doctors at the Royal Marsden Hospital in London concluded that it would have been unethical not to offer it to all 922 cancer patients on the trial after the drug was shown to ease pain and cause only minor side-effects,news.com.au,http://www.news.com.au/world/cancer-drug-trial-halted-in-uk-for-being-too-successful/story-e6frfkyi-1226145901409
2011-09-26,22:17:14,krsca,1146,"Barcelona Holds its Very Last Bullfight - Fans mourn, opponents cheer",in.reuters.com,http://in.reuters.com/article/2011/09/26/us-spain-bullfight-idINTRE78O2TX20110926
2011-09-26,23:53:22,krv1j,1141,Britain's Lib Dems overwhelmingly adopted a resolution supporting the decriminalization of drug possession and the regulated distribution of marijuana...,stopthedrugwar.org,http://stopthedrugwar.org/chronicle/2011/sep/21/british_lib_dems_call_sweeping_d
2011-09-26,15:40:01,krlml,579,UK bans marching for 30 days,rt.com,http://rt.com/news/uk-marching-ban-rights-343/
2011-09-26,19:58:00,krpu3,269,"RIP Wangari Maathai, Africa's first female Nobel Laureate & renowned environmentalist",guardian.co.uk,http://www.guardian.co.uk/world/2011/sep/26/wangari-maathai-nobel-winner-dies
2011-09-26,20:40:44,krqhy,228,Saudi Arabia to give women right to vote,guardian.co.uk,http://www.guardian.co.uk/world/video/2011/sep/26/saudi-arabia-women-vote-video?newsfeed=true
2011-09-26,08:53:19,kra04,213,Saffron could displace opium poppies as Afghans’ cash crop of choice - The Globe and Mail,theglobeandmail.com,http://www.theglobeandmail.com/news/world/saffron-could-displace-opium-poppies-as-afghans-cash-crop-of-choice/article2179615/
2011-09-26,06:09:03,kr5aa,161,"Greek students interrupt state TV news programme. The youths held up a banner reading ""Stop watching and get out onto the streets""",news.ph.msn.com,http://news.ph.msn.com/business/article.aspx?cp-documentid=5313218
2011-09-26,20:45:13,krqkm,152,"You Were Expecting Statehood? --- 
As the Palestinians learned last week, the U.N. serves the interests of great powers. Just as it was meant to.",thedailybeast.com,http://www.thedailybeast.com/newsweek/2011/09/25/palestinian-fail-the-u-n-wasn-t-designed-to-rectify-injustices.html
2011-09-27,03:23:14,ks1zo,118,Two Tibetan Monks Set Themselves On Fire In China,npr.org,http://www.npr.org/blogs/thetwo-way/2011/09/26/140811102/two-tibetan-monks-set-themselves-on-fire-in-china
2011-09-26,22:07:47,krs4l,113,"Online activists hack official Syrian sites:  Several government websites defaced by Anonymous, as crackdown on protests in Homs and elsewhere continues.",english.aljazeera.net,http://english.aljazeera.net/news/middleeast/2011/09/201192644557937157.html
2011-09-27,04:17:23,ks3ru,107,"HRW urge the Canadian gov't to ""be prepared"" to bring criminal charges against former U.S. vice-president Dick Cheney when he visits Vancouver on his book tour next week",cbc.ca,http://www.cbc.ca/news/world/story/2011/09/24/cheney-memoir-canada.html
2011-09-27,04:35:11,ks3w9,89,"A mass grave with the remains of 1,700 prisoners killed during a notorious crackdown by Muammar Gaddafi's regime has been found, the country's new rulers say.",english.aljazeera.net,http://english.aljazeera.net//news/africa/2011/09/20119251823889148.html
2011-09-26,04:25:03,kr28h,90,Greece prepares to default within the euro,blogs.telegraph.co.uk,http://blogs.telegraph.co.uk/news/danielhannan/100107054/greece-prepares-to-default-within-the-euro-the-worst-of-all-possible-worlds/
2011-09-26,08:14:51,kr8wf,76,"Iran, Russia, and China are considering a joint missile shield in response to a NATO missile shield",tehrantimes.com,http://www.tehrantimes.com/index.php/politics/2888-iran-russia-china-mulling-joint-missile-shield-
2011-09-26,23:34:10,krue0,77,"BRICS plan to revive the global economy —
Brazil, Russia, India, China and South Africa are worried about the world economy and they want fundamental reforms.",english.aljazeera.net,http://english.aljazeera.net/indepth/opinion/2011/09/201192292011236419.html
2011-09-26,20:38:34,krqgl,53,"Will The IMF Save The World? --- 
""A potential recession in the eurozone and a weak recovery in the United States does not make for a world crisis. Beware people who demand that the world be saved – usually they are making the case for a bailout of some kind""",baselinescenario.com,http://baselinescenario.com/2011/09/25/will-the-imf-save-the-world/
2011-09-26,11:42:33,krf3a,53,"Zambian election results check Chinese influence in Africa:  The election victory of ""King Cobra"" Michael Sata is a blow to Beijing.
",globalpost.com,http://www.globalpost.com/dispatch/news/regions/africa/110924/zambian-election-results-check-chinese-influence-africa
2011-09-27,00:44:46,krwol,48,"Iran, India, Pakistan, & Mongolia have most polluted cities in the world - 
World Health Organisation's 1st global survey of fine particle pollutants says Canadian & US towns among cleanest",guardian.co.uk,http://www.guardian.co.uk/environment/2011/sep/26/iran-india-pakistan-mongolia-polluted-cities
2011-09-26,05:28:49,kr41t,43,Prime Minister Benjamin Netanyahu Proved Israel Doesn't Want Peace,haaretz.com,http://www.haaretz.com/print-edition/opinion/netanyahu-proved-israel-doesn-t-want-peace-1.386558
2011-09-26,10:46:00,krddn,45,Sarkozy aide's wife claims he handled 'bags of cash' for illegal political funds - Europe - Independent.co.uk,independent.co.uk,http://www.independent.co.uk/news/world/europe/sarkozy-aides-wife-claims-he-handled-bags-of-cash-for-illegal-political-funds-2360916.html
2011-09-26,23:56:13,krv45,43,Woman decapitated in Mexico for web posting...,hosted.ap.org,http://hosted.ap.org/dynamic/stories/L/LT_DRUG_WAR_MEXICO?SITE=AP&SECTION=HOME&TEMPLATE=DEFAULT&CTIME=2011-09-24-23-25-46
2011-09-26,13:50:22,kriz6,33,UN Security Council to consider Palestinian membership,bbc.co.uk,http://www.bbc.co.uk/news/world-middle-east-15056141
2011-09-26,22:39:49,krsut,37,Israel and Palestine give up on America,globalpost.com,http://www.globalpost.com/dispatch/news/regions/middle-east/israel-and-palestine/110926/israel-and-palestine-are-giving-americ
2011-09-26,18:26:06,kroey,29,Turkey 'hunts down' Israeli commandos on Facebook,ynetnews.com,"http://www.ynetnews.com/articles/0,7340,L-4127645,00.html#.ToBFE6WSmYM.reddit"
2011-09-26,11:13:07,kre78,32,"Chinese Try Placating Rioters Over Farmland - China promises to investigate land sales in attempt to end days of large, sometimes violent protests by villagers who say they're being pushed off farmland for property development",guardian.co.uk,http://www.guardian.co.uk/world/2011/sep/25/china-landgrab-inquiry-wukan-protests?2
2011-09-26,23:53:55,krv29,31,Thousands in Morocco demonstrate for major political reform,alarabiya.net,http://www.alarabiya.net/articles/2011/09/26/168775.html
2011-09-26,22:41:22,krsw7,27,"Libyan rebels find Qaddafi's yellowcake uranium
",cbsnews.com,http://www.cbsnews.com/stories/2011/09/26/501364/main20111540.shtml
2011-09-27,04:45:48,ks4bs,27,Roma in the Czech provinces are the butt of racism—and respond violently,economist.com,http://www.economist.com/node/21530170
2011-09-26,10:31:38,krcyr,24,Sarkozy's conservative government has lost its majority in the Senate for the first time in recent French history,bbc.co.uk,http://www.bbc.co.uk/news/world-europe-15055729
