2011-03-14,23:26:02,g3pmx,1599,"While my heart aches at what is happening in Japan, I feel that we have a responsibility to not let the world forget about what is happening in Libya. Help keep Libya on the homepage.",libya-watanona.com,http://www.libya-watanona.com/
2011-03-14,22:00:07,g3om0,800,"Yemeni Government forces have opened fire on unarmed demonstrators with poison gas, teargas and live bullets; there is however no international outcry.",presstv.ir,http://www.presstv.ir/detail/169720.html
2011-03-15,02:42:10,g3u7g,756,"Japan: An elderly man trapped in his house was rescued after three days. He says in a strong voice, ""I am fine. I experienced the 1960 tsunami so I am fine. Let's rebuild again!""",youtube.com,http://www.youtube.com/watch?feature=player_embedded&v=2zeroCZSrjo
2011-03-14,10:25:52,g3fke,494,"0221: Urgent: Explosion at Reactor 3

0220: Sea level has dropped five metres off Fukushima, confirming imminent arrival of tsunami - Japanese TV.",bbc.co.uk,"http://www.bbc.co.uk/news/world-middle-east-12307698?>,>"
2011-03-14,06:24:48,g3bgh,453,"Tokyo didn't go dark. But it dimmed itself, a VOLUNTARY POWER-CONSERVATION measure in the wake of Friday's catastrophic earthquake. ",latimes.com,"http://www.latimes.com/news/nationworld/world/la-fg-japan-quake-tokyo-20110314,0,4028855.story"
2011-03-14,11:48:17,g3h54,355,2000 Bodies Found on Japanese Shore ,reuters.com,http://www.reuters.com/article/2011/03/14/idUSL3E7EE09320110314
2011-03-15,00:25:01,g3r0n,349,Japan Earthquake Swarm Animation (every second=1 hour),youtube.com,http://www.youtube.com/watch?v=xylDxj6-9dY&hd=1
2011-03-15,06:41:34,g3yt8,320,Libyan Rebels Recapture Brega,english.aljazeera.net,http://english.aljazeera.net/news/africa/2011/03/2011313211520579451.html
2011-03-14,19:19:04,g3n1r,272,Saudi Troops Arrive In Bahrain To Suppress Protests,businessinsider.com,http://www.businessinsider.com/saudi-troops-bahrain-2011-3
2011-03-15,06:58:05,g3z5o,240,WikiLeaks: U.S. State Department estimates 50% of mexican police works for drug cartels,neglectedwar.com,http://neglectedwar.com/blog/archives/3595
2011-03-14,12:37:23,g3i1n,178,"China requests compensation from New Zealand due to deaths of its citizens in recent earthquake, citing 'loss of future breadwinners' for families",sbs.com.au,http://www.sbs.com.au/news/article/1499817/China-asks-NZ-for-extra-quake-compensation--
2011-03-14,11:23:09,g3gnt,153,Fresh footage of huge tsunami waves smashing town in Japan,youtube.com,http://www.youtube.com/watch?v=TRDpTEjumdo&feature=share
2011-03-15,04:08:59,g3w7e,151,Japan - Vast Devastation [pics],boston.com,http://www.boston.com/bigpicture/2011/03/japan_-_vast_devastation.html
2011-03-14,13:58:05,g3jgx,135,"By the time the outside world agrees on a response to Libyan leader Muammar Gaddafi’s bloody onslaught against a popular revolt, it could all be over.",warincontext.org,http://warincontext.org/2011/03/13/the-fight-for-libya-9/
2011-03-14,21:12:06,g3o8q,127,REPORT: Nuclear fuel rods are now fully exposed at Japan reactor,reuters.com,http://www.reuters.com/article/2011/03/14/us-japan-quake-rods-idUSTRE72D34S20110314
2011-03-14,10:47:11,g3fzd,92,US aircraft carrier Ronald Reagan passed through radioactive cloud from stricken Japanese nuclear power plant; crew received one month's worth of radiation in one hour; US helicopters flying 60 miles north of plants also became coated with particulate radiation,nytimes.com,https://www.nytimes.com/2011/03/14/world/asia/14plume.html
2011-03-14,20:21:44,g3nso,95,Bahrain protestor shot TWICE by police in point blank range with a tear gas gun [NSFW],youtube.com,http://www.youtube.com/watch?v=D9W_-0uGN1E&skipcontrinter=1
2011-03-14,02:28:22,g37cr,88,Libyan Rebels Warn: Gaddafi's Army Will Kill Half A Million,care2.com,http://www.care2.com/causes/politics/blog/libyan-rebels-warn-gaddafis-army-will-kill-half-a-million/
2011-03-14,10:55:15,g3g49,82,Second hydrogen explosion at Fukushima nuclear plant Reactor 3. (Last explosion was Reactor 1),bbc.co.uk,http://www.bbc.co.uk/news/world-asia-pacific-12729138
2011-03-14,11:37:29,g3gyy,82,"Can the United States feed China? --- China is at war. It is not invading armies but expanding deserts. As old deserts grow, as new ones form and as more and more irrigation wells go dry, Beijing is losing a long battle to feed its growing population",washingtonpost.com,http://www.washingtonpost.com/wp-dyn/content/article/2011/03/11/AR2011031106993.html
2011-03-15,07:19:38,g3zn1,77,"The Revolution in Egypt did not come out of nowhere and did not take only 18 days, it was years in the making.  Check out this cool PBS Documentary on the Egyptian Revolution.",video.pbs.org,http://video.pbs.org/video/1810338755/
2011-03-14,19:45:09,g3nd4,68,"Every Dutch national should hand over a sample of their dna for inclusion in a national data bank to help solve crime says Rotterdam police chief Frank Pauw. ‘If you want to make the world safer, there is a price to pay,’ Pauw is quoted as saying. ",dutchnews.nl,http://www.dutchnews.nl/news/archives/2011/03/we_need_a_national_dna_data_ba.php
2011-03-14,11:25:08,g3gpk,59,Saudi Arabian forces prepare to enter Bahrain after day of clashes,guardian.co.uk,http://www.guardian.co.uk/world/2011/mar/14/saudi-arabian-forces-bahrain-protests?CMP=twt_fd
2011-03-14,21:42:42,g3ogm,55,"LONDON: International powers should consider arming Libyan rebels and need to take swift action to prevent Muammar Gaddafi's forces from crushing a rebellion, Foreign Secretary William Hague said on Monday.",nytimes.com,http://www.nytimes.com/reuters/2011/03/14/world/africa/international-us-libya-britain.html?ref=world
2011-03-14,18:15:55,g3mf2,40,BBC News - Libya: Rebels say Brega re-taken from Gaddafi troops,bbc.co.uk,http://www.bbc.co.uk/news/world-africa-12731079
2011-03-14,21:21:52,g3ob9,33,Saudi troops 'sent into Bahrain',english.aljazeera.net,http://english.aljazeera.net/news/middleeast/2011/03/2011314124928850647.html
2011-03-15,07:42:49,g405f,27,"Third Explosion, Possible Cracked Containment at Daiichi Unit 2 of the Fukushima Nuclear Station",my.firedoglake.com,http://my.firedoglake.com/scarecrow/2011/03/14/japan-nuclear-watch-third-explosion-possible-cracked-containment-at-unit-2/
2011-03-14,11:25:50,g3gq2,30,Reactor 3 Explosion - First Video Footage,educatedearth.net,http://www.educatedearth.net/video.php?id=4736
2011-03-14,10:16:03,g3fde,23,"Saudi forces are preparing to intervene in neighbouring Bahrain, after a day of clashes between police and protesters who mounted the most serious challenge to the island's royal family since demonstrations began a month ago.",guardian.co.uk,http://www.guardian.co.uk/world/2011/mar/14/saudi-arabian-forces-bahrain-protests
2011-03-14,23:24:54,g3plq,24,Official: Rods likely melting in Japanese reactors,news.yahoo.com,http://news.yahoo.com/s/ap/as_japan_earthquake_nuclear_crisis;_ylt=AtysIqmY9ZFvfvBiQgC.s.Ss0NUE;_ylu=X3oDMTQybnZqN2NzBGFzc2V0A2FwLzIwMTEwMzE0L2FzX2phcGFuX2VhcnRocXVha2VfbnVjbGVhcl9jcmlzaXMEY2NvZGUDbW9zdHBvcHVsYXIEY3BvcwMxBHBvcwMyBHB0A2hvbWVfY29rZQRzZWMDeW5fdG9wX3N0b3J5BHNsawNvZmZpY2lhbHJvZHM-
