2011-07-30,01:07:57,j3bbv,920,"Norwegians provoked by Fox News' coverage of 
terrorism",translate.google.com,http://translate.google.com/translate?hl=en&sl=no&tl=en&u=http%3A%2F%2Fwww.aftenposten.no%2Fnyheter%2Firiks%2Farticle4183971.ece
2011-07-30,06:18:40,j3lhe,813,"""Linking is not a crime"": Czech Pirate Party declares war on Big Content",arstechnica.com,http://arstechnica.com/tech-policy/news/2011/07/linking-is-not-a-crime-czech-pirate-party-declares-war-on-anti-piracy-unionlinking-is-not-a-crime-czech-pirate-party-declares-war-on-big-content.ars
2011-07-30,19:52:20,j41y7,573," How Germany plans to succeed in a nuclear free, low-carbon economy",guardian.co.uk,http://www.guardian.co.uk/environment/2011/jul/29/nuclearpower-energy
2011-07-30,21:53:47,j43bp,254,"Relatives of banana-plantation workers, political and social activists, and other civilians killed by Colombian paramilitary forces may sue Chiquita over claims of torture, extrajudicial killings, war crimes and crimes against humanity, a federal judge ruled",courthousenews.com,http://www.courthousenews.com/2011/07/29/38588.htm
2011-07-30,09:11:53,j3q3v,120,5 metric tons of cocaine discovered aboard sunken narcosub off Honduras,reuters.com,http://www.reuters.com/article/2011/07/29/us-honduras-drugs-submarine-idUSTRE76S0HL20110729
2011-07-30,20:30:06,j42ck,109,"Peter Svaar from Norway's broadcaster NRK was one of the first reporters at the scene of the Oslo bomb blast, and describes finding out that it was a former classmate who carried out the attacks",news.bbc.co.uk,http://news.bbc.co.uk/2/hi/programmes/from_our_own_correspondent/9550635.stm
2011-07-30,00:47:10,j3ape,104,Japan considers end to Antarctic whaling.,news.discovery.com,http://news.discovery.com/animals/japan-considers-end-to-antarctic-whaling-110729.html#mkcpgn=rssnws1
2011-07-30,22:08:52,j43jm,89,Belarus Law Prohibits People From Standing and Doing Nothing - NYTimes.com,nytimes.com,http://www.nytimes.com/2011/07/30/world/europe/30belarus.html?_r=1&ref=global-home
2011-07-30,18:50:18,j41bc,79,All of Turkey's top military commanders resign in protest,globalpost.com,http://www.globalpost.com/dispatch/news/regions/europe/turkey/110730/turkey-top-military-commanders-resign
2011-07-30,14:20:32,j3x8j,81,Future of Egypt thrown into uncertainty,theglobeandmail.com,http://www.theglobeandmail.com/news/world/africa-mideast/in-post-revolution-egypt-islamists-threaten-to-outmanoeuvre-secularists-evoking-iran-in-1979/article2115197/singlepage/#articlecontent
2011-07-30,16:49:32,j3zua,58,Mexican police arrest more than 1000 in human trafficking raids,thecnnfreedomproject.blogs.cnn.com,http://thecnnfreedomproject.blogs.cnn.com/2011/07/25/mexican-police-arrest-more-than-1000-in-human-trafficking-raids/
2011-07-30,20:51:05,j42la,42,Plane crashes at Guyana airport - 150 people onboard,bbc.co.uk,http://www.bbc.co.uk/news/world-latin-america-14353610
2011-07-30,20:47:24,j42jg,41,Mubarak to be tried in Cairo,telegraph.co.uk,http://www.telegraph.co.uk/news/worldnews/africaandindianocean/egypt/8668294/Hosni-Mubaraks-to-be-tried-in-Cairo.html
2011-07-30,16:27:33,j3zhp,41,"Vietnam shoe plant fire kills 17: At least 17 people have been killed in a fire at a shoe factory in northern Vietnam, police and local media say.",bbc.co.uk,http://www.bbc.co.uk/news/world-asia-pacific-14352275
2011-07-30,22:07:25,j43iu,37,"Phone-hacking: British police widen investigations to 
computers",news.yahoo.com,http://news.yahoo.com/british-police-widen-hacking-investigations-computers-211303202.html
2011-07-30,22:02:16,j43g3,36,Norway shooting: 'The Anders Breivik I knew',news.bbc.co.uk,http://news.bbc.co.uk/1/hi/programmes/from_our_own_correspondent/9550635.stm
2011-07-30,23:33:13,j44sd,37,World population to hit 7 billion this year,cnn.com,http://www.cnn.com/2011/US/07/27/world.population.growth/index.html
2011-07-30,15:10:46,j3y77,30,Turkish Military Chiefs Step Down En Masse,bloomberg.com,http://www.bloomberg.com/news/2011-07-29/turkey-s-top-four-generals-resign-amid-dispute-with-erdogan-lira-weakens.html
2011-07-31,03:15:35,j4973,34,"Thousands march in Israel, demanding social change",ynetnews.com,"http://www.ynetnews.com/articles/0,7340,L-4102005,00.html"
2011-07-31,06:11:00,j4d2a,27,"Syrian forces shot dead at least 20 civilians in attacks on pro-democracy demonstrations across the country Friday, the Syrian human rights organization Sawasiah said.",reuters.com,http://www.reuters.com/article/2011/07/30/us-syria-idUSTRE76T02020110730
2011-07-30,14:36:23,j3xjc,25,Growing Evidence That Libyan Rebels Killed Their Military Chief,theatlanticwire.com,http://www.theatlanticwire.com/global/2011/07/growing-evidence-libyan-rebels-killed-their-military-chief/40608/
2011-07-30,21:04:05,j42qk,18,"Hinckley C nuclear power station: Work on the UK's first nuclear power station to be built in 20 years has got the green light, but there is still strong opposition
",guardian.co.uk,http://www.guardian.co.uk/commentisfree/2011/jul/29/hinkley-c-nuclear-power-station
2011-07-31,06:21:01,j4da1,17,Two Indian soldiers killed in Kashmir border clash,news.yahoo.com,http://news.yahoo.com/two-indian-soldiers-killed-kashmir-border-clash-173308594.html
2011-07-30,21:56:52,j43db,18,Killed top Libyan Rebel killed by lieutenants ,bbc.co.uk,http://www.bbc.co.uk/news/world-africa-14352662
2011-07-30,11:55:34,j3tyn,16,"Nations race to harvest metals from the ocean floor: Germany has secured a piece of the Pacific Ocean floor with the intention of harvesting natural resources from it. As of 2021, it can start collecting copper, nickel and cobalt, which must otherwise be imported.",dw-world.de,"http://www.dw-world.de/dw/article/0,,15265097,00.html"
2011-07-31,05:30:08,j4c60,17,Earthquake jolts north-east Japan - no tsunami warning: No abnormalities at Japanese nuclear plants,bbc.co.uk,http://www.bbc.co.uk/news/world-asia-pacific-14354844
2011-07-30,16:48:56,j3zty,17,"Honduras finds 13.8 tons of cocaine on submarine: 
The ship originated in Colombia",globalpost.com,http://www.globalpost.com/dispatch/news/regions/americas/110730/honduras-cocaine-submarine
2011-07-30,18:25:49,j411m,14,Scotland Yard seeking to interview Guantanamo detainees to investigate allegations of torture (ITV NEWS) ,ht.ly,http://ht.ly/5R0Yu
2011-07-30,19:18:35,j41mt,14,"Libyan rebel commander, Abdel Fattah Younes, killed.",english.aljazeera.net,http://english.aljazeera.net/news/africa/2011/07/201172920356337186.html
2011-07-30,14:33:49,j3xhq,12,Libya conflict: Nato targets TV satellite dishes,bbc.co.uk,http://www.bbc.co.uk/news/world-africa-14351951
