2011-09-04,15:09:39,k463t,1411,Doctors Without Borders: Somalia can't be helped,guardian.co.uk,http://www.guardian.co.uk/global-development/2011/sep/03/charity-aid-groups-misleading-somalia
2011-09-04,21:34:22,k4bi2,1335,"War and corruption are responsible for famines, not droughts  ",theglobeandmail.com,http://www.theglobeandmail.com/news/world/africa-mideast/somalia/war-and-corruption-are-responsible-for-famines-not-droughts/article2152432/
2011-09-04,07:38:31,k3vaw,1069,UN Soldiers Caught On Video Raping A Haitian Teenager,guardian.co.uk,http://www.guardian.co.uk/commentisfree/cifamerica/2011/sep/03/minustah-un-haiti-abuse
2011-09-04,08:08:30,k3w2d,334,"Over 35,000 people convicted of ""terrorism"" in the ten years since 9/11",breakallchains.blogspot.com,http://breakallchains.blogspot.com/2011/09/35000-worldwide-convicted-for-terror.html
2011-09-04,01:32:45,k3lmc,313,Turkey decides to challenge the Gaza blockade at International Court of Justice,guardian.co.uk,http://www.guardian.co.uk/world/2011/sep/03/turkey-challenge-israel-gaza-blockade
2011-09-04,16:35:11,k47nk,229,"The appearance of one new ""legal high"" a week makes ban policy ""ridiculous""
",guardian.co.uk,http://www.guardian.co.uk/politics/2011/sep/03/legal-highs-ban-policy-ridiculous
2011-09-04,00:57:23,k3kqf,137,China offered Gaddafi huge stockpiles of arms - Memos found in Tripoli reveal ,theglobeandmail.com,http://www.theglobeandmail.com/news/world/africa-mideast/china-offered-gadhafi-huge-stockpiles-of-arms-libyan-memos/article2152875/
2011-09-04,12:07:34,k41ya,110,"""General Vo Nguyen Giap, who led the Vietminh against France and the People’s Army of Vietnam against the United States, is 100 today.""",lrb.co.uk,http://www.lrb.co.uk/blog/2011/08/25/the-editors/giap-at-100/
2011-09-04,22:43:12,k4cmz,87,"More Afghan soldiers deserting the army, NATO statistics show  ",washingtonpost.com,http://www.washingtonpost.com/world/asia-pacific/more-afghan-soldiers-deserting-the-army/2011/08/31/gIQABxFTvJ_story.html
2011-09-04,21:32:57,k4bhb,86,"Iran's Bushehr nuclear plant connected to national grid: Iran's first nuclear power station has been connected to the country's electricity grid, state news reports.",bbc.co.uk,http://www.bbc.co.uk/news/world-middle-east-14779227
2011-09-04,11:47:05,k41fc,83,New Wikileaks Docs Show Canadian Ex-Minister Bernier Offered To Leak Copyright Bill to US ,michaelgeist.ca,http://www.michaelgeist.ca/content/view/5986/135/
2011-09-04,08:13:53,k3w70,80,"Gaddafi son near Tripoli, meeting tribal leaders and preparing to retake the Libyan capital: spokesman",af.reuters.com,http://af.reuters.com/article/topNews/idAFJOE78204B20110903?pageNumber=1&virtualBrandChannel=0
2011-09-05,04:07:42,k4kwg,77,"Canada’s Severed-Feet Mystery - 
Since 2007, 11 human feet have washed up on the shore near British Columbia—& no one knows why. The spooky case that has authorities grimacing",thedailybeast.com,http://www.thedailybeast.com/articles/2011/09/04/human-feet-washing-up-on-shore-in-british-columbia-canada.html
2011-09-05,00:19:04,k4eo9,78,The CIA reportedly worked with the intelligence services of Gaddafi's regime,globalpost.com,http://www.globalpost.com/dispatch/news/regions/africa/110903/libya-cia-gaddafi-regime
2011-09-04,02:20:16,k3mvw,56,Racism on the rise in Europe,english.aljazeera.net,http://english.aljazeera.net/indepth/opinion/2011/09/201192182426183450.html
2011-09-04,07:29:26,k3v2i,54,Report: Turkey navy to escort aid ships to Palestinians in Gaza - Haaretz Daily Newspaper | Israel News,haaretz.com,http://www.haaretz.com/news/diplomacy-defense/report-turkey-navy-to-escort-aid-ships-to-palestinians-in-gaza-1.382305/#.TmKqNRODB5l.reddit
2011-09-05,06:05:47,k4o9v,50,Germany's CDU suffers losses in regional poll: Opposition Social Democrats celebrate gains over conservatives in Chancellor Merkel's home state.,english.aljazeera.net,http://english.aljazeera.net/news/europe/2011/09/201194184743128352.html
2011-09-04,21:22:49,k4bcs,45,WikiLeaks: Hezbollah uses scare tactics on journalists,ynetnews.com,"http://www.ynetnews.com/articles/0,7340,L-4117600,00.html"
2011-09-04,23:58:02,k4e6t,36,"African Union peacekeepers shot and killed Malaysian journalist covering the famine in Somalia, while a new burst of violence erupted in the central part of the country",nytimes.com,https://www.nytimes.com/2011/09/04/world/africa/04somalia.html?_r=2&ref=world
2011-09-05,00:18:38,k4enu,36,"Israel promises reform after massive protests, but will it deliver?",globalpost.com,http://www.globalpost.com/dispatch/news/regions/middle-east/israel-and-palestine/110904/israel-mass-protests
2011-09-05,07:43:40,k4r2a,36,Libya rebel commander wants MI6 and CIA apologies,bbc.co.uk,http://www.bbc.co.uk/news/world-africa-14783071
2011-09-04,04:22:12,k3q6t,33,"Canadians feel ""pity"" instead of ""envy"" for America in light of economic downturn",theglobeandmail.com,http://www.theglobeandmail.com/news/national/canadians-attitude-toward-us-shifts-from-envy-to-sympathy-poll-shows/article2152751/
2011-09-05,07:10:10,k4q3z,31,"2 Mexicans deny terrorism, face 30 years for tweet",salon.com,http://www.salon.com/wires/allwires/2011/09/04/D9PHR5C00_lt_mexico_twitter_terror/index.html
2011-09-04,14:30:06,k4591,29,Libyan intelligence documents show ties to CIA,news.yahoo.com,http://news.yahoo.com/libyan-intelligence-documents-show-ties-cia-102850383.html
2011-09-05,06:57:08,k4pqr,28,India Says No to $80 Toilet Paper,online.wsj.com,http://online.wsj.com/article/SB10001424053111904716604576544740553600386.html?mod=WSJ_hp_us_mostpop_read
2011-09-05,00:30:20,k4eyu,32,Wikileaks: Guardian journalist negligently published password to unredacted cables (Update: Guardian denies),boingboing.net,http://boingboing.net/2011/08/31/wikileaks-guardian-journalist-negligently-published-password-to-unredacted-cables.html
2011-09-04,21:38:01,k4bk4,29,Spanish health ministry asks Twitter to delete profiles that promote anorexia,elpais.com,http://www.elpais.com/articulo/english/Health/ministry/asks/Twitter/to/delete/profiles/that/promote/anorexia/elpepueng/20110904elpeng_2/Ten
2011-09-04,11:15:48,k40nn,28,Obama team in last-ditch diplomacy to head off Palestinians' efforts to seek statehood recognition at UN,nytimes.com,http://www.nytimes.com/2011/09/04/world/middleeast/04mideast.html
2011-09-04,23:50:56,k4e02,20,"Hundreds of thousands marched Saturday for lower living costs in the largest such rally in Israel's history, bolstering a social change movement and mounting pressure on Prime Minister Benjamin Netanyahu to take on economic reform.",reuters.com,http://www.reuters.com/article/2011/09/03/us-israel-economy-protests-idUSTRE7821OS20110903
2011-09-05,02:59:01,k4it2,20,"Ste Maxime, the poor neighbour of St Tropez, plans a traffic revolt - 
The medieval town on the French Riviera is fed up with jams caused by cars heading for its glamorous neighbour",guardian.co.uk,http://www.guardian.co.uk/world/2011/sep/03/ste-maxime-the-poor-neighbour
