2011-09-15,10:09:22,kfzpt,1228,US tycoon Donald Trump's plea to Scotland's first minister over 'ugly' wind farm to be built near his luxury golf resort,guardian.co.uk,http://www.guardian.co.uk/world/2011/sep/14/donald-trump-plea-alex-salmond
2011-09-15,18:33:21,kgcwv,741,Dutch Doctors campaign against 'risky and painful' circumcision of boys ,dutchnews.nl,http://www.dutchnews.nl/news/archives/2011/09/doctors_campaign_against_risky.php
2011-09-15,20:59:05,kgfbs,703,India to Give 6.8 million free Laptops to School children.,globalpost.com,http://www.globalpost.com/dispatch/news/regions/asia-pacific/india/110915/laptop-children-india
2011-09-15,22:47:23,kghx4,575,Taliban and Nato engage in online flamewar on Twitter,guardian.co.uk,http://www.guardian.co.uk/world/2011/sep/14/taliban-nato-isaf-twitter
2011-09-15,15:41:39,kg9u9,494,"Driver refuses to let Australian Prime Minister on bus with other leaders, tells her to get on the spouses' bus instead",stuff.co.nz,http://www.stuff.co.nz/national/politics/5624963/Bus-driver-makes-Gillard-gaffe
2011-09-16,01:39:33,kgnjv,354,Did anyone else miss the news that Egypt revived its emergency laws last week?,english.ahram.org.eg,http://english.ahram.org.eg/NewsContent/1/64/20868/Egypt/Politics-/Egypts-minister-of-information-Emergency-law-reviv.aspx
2011-09-15,22:52:37,kgi2f,296,"Psychological Profile Of Anonymous Leadership --- Leaked FBI document. Looks real. Anonymous ""a potential threat to national security"". Leaders include Sabu, who ""shows compulsive behavior"" by correcting spelling on chat logs; Kayla, who ""claims to be a girl"", but probably isn't",cryptome.org,http://cryptome.org/0005/fbi-anon-psycho.pdf
2011-09-15,22:57:23,kgi7t,268,"Exposed After Eight Years --- 
More revelations on privacy breaches by UK media. Lead investigator from 2003 inquiry says authorities knew about vast scale of industry's illegal acts for past eight years. But they were too ""frightened"" to question journalists",independent.co.uk,http://www.independent.co.uk/news/uk/crime/exposed-after-eight-years-a-private-eyes-dirty-work-for-fleet-street-2354360.html
2011-09-15,16:35:57,kgaz4,192,BBC News - New Australian passports allow third gender option,bbc.co.uk,http://www.bbc.co.uk/news/world-asia-pacific-14926598
2011-09-16,06:26:14,kgxyh,163,Today Denmark got its first female prime minister. Helle Thorning-Shmidt! (article not quite updated),france24.com,http://www.france24.com/en/20110915-denmark-centre-left-opposition-heading-victory-helle-thorning-schmid
2011-09-16,00:17:04,kgko5,148,Egypt's Military rulers activate Mubarak’s repressive media policies,almasryalyoum.com,http://www.almasryalyoum.com/en/node/495805
2011-09-15,17:57:58,kgcd7,131,"Rogue trader costs UBS $2bn

Shares in the Swiss bank dropped 10% after it reported the 'unauthorised trading' loss – which could push it into the red
",guardian.co.uk,http://www.guardian.co.uk/business/2011/sep/15/ubs-2bn-unauthorised-trading
2011-09-15,02:12:50,kfj6f,129,"West Bank villagers' daily battle with Israel over water

Al-Amniyr villagers in the West Bank face a catch-22: if they obey the law they cannot collect water. But if they fail to water the land, they lose it anyway
",guardian.co.uk,http://www.guardian.co.uk/environment/2011/sep/14/west-bank-villagers-battle-water
2011-09-15,19:06:02,kgdfj,130,BBC News - China losing edge as low-cost manufacturer. Indonesia and Bangladesh are benefiting most as rising costs in China force firms to switch production,bbc.co.uk,http://www.bbc.co.uk/news/business-14926728
2011-09-15,23:09:52,kgikz,101,Welsh miners trapped after colliery tunnel collapses 300ft underground,telegraph.co.uk,http://www.telegraph.co.uk/news/uknews/wales/8765123/Welsh-miners-trapped-after-colliery-tunnel-collapses-300ft-underground.html
2011-09-15,10:14:47,kfzvd,70,"China has called for major strategic concessions from Europe before agreeing to rescue the eurozone, chilling hopes for immediate purchases of Italian bonds. ",telegraph.co.uk,http://www.telegraph.co.uk/finance/china-business/8761805/China-states-price-for-Italian-rescue.html
2011-09-15,10:29:12,kg0d6,75,Hungarian toxic chemical sludge spill firm fined:  An aluminium producer in Hungary has been fined 472m euros ($646m) over a spillage of toxic sludge last year.,bbc.co.uk,http://www.bbc.co.uk/news/world-europe-14922301
2011-09-16,06:14:59,kgxk3,50,"Malaysia to scrap strict security laws: Two controversial laws which allowed indefinite detention without trial will be abolished, prime minister says.",english.aljazeera.net,http://english.aljazeera.net/news/asia-pacific/2011/09/2011915175316820968.html
2011-09-15,23:43:33,kgjl2,50,Poland warns of war 'in 10 years' as EU leaders scramble to contain panic,euobserver.com,http://euobserver.com/18/113625
2011-09-15,23:07:04,kgii5,35,"Ahmadinejad's Impotence --- 

""The paradox of today's Iran is that it is the ruling elites who have rendered the president politically irrelevant, not the protesters demonstrating in downtown Tehran. For many Iranians, this is a blessing and also a tragedy""",mideast.foreignpolicy.com,http://mideast.foreignpolicy.com/posts/2011/09/14/ahmadinejads_impotence
2011-09-16,06:16:13,kgxm4,37,Syrian opposition unites in new council: Syrian National Council of about 140 people to present united front against government following talks in Istanbul.,english.aljazeera.net,http://english.aljazeera.net/news/middleeast/2011/09/2011915141543350254.html
2011-09-15,20:04:51,kgee5,33,BBC News - UK taking legal action against European Central Bank,bbc.co.uk,http://www.bbc.co.uk/news/business-14923544
2011-09-15,23:16:03,kgir3,28,"The Eurozone Debt Crisis: Is This A Banking Problem? --- 
 ""Europe has built a monetary union with an inherent flaw – the absence of a sovereign safety net, since the debts accumulated by member states have been incurred in a currency that none controls""",voxeu.org,http://www.voxeu.org/index.php?q=node/6970
2011-09-15,12:54:41,kg5be,27,A Slow-Motion Bank Run In Europe  ,npr.org,http://www.npr.org/blogs/money/2011/09/14/140464797/a-slow-motion-bank-run-in-europe
2011-09-15,11:34:05,kg2lg,28,"Swissair crash near Peggy's Cove, NS may not have been an accident: ex-RCMP",cbc.ca,http://www.cbc.ca/news/canada/story/2011/09/14/swissair-investigation.html?cmp=rss
2011-09-16,04:33:28,kgtvd,20,"Palestinians Vow to Pursue Statehood at UN
",voanews.com,http://www.voanews.com/english/news/middle-east/israel-and-palestinians/Palestinians-Plan-to-Submit-UN-Bid-Next-Week-129876843.html
2011-09-15,19:42:41,kge1b,20,"Sarkozy, Cameron in ""victory lap"" visit to Libya: As fighting continues in the last loyalist strongholds of Libya, the French and British leaders visit the country to congratulate the rulers they helped install.",globalpost.com,http://www.globalpost.com/dispatch/news/regions/africa/110915/libya-tripoli-benghazi-visit-cameron-sarkozy
2011-09-15,21:09:58,kgfj8,18,"Dutch state liable over Indonesia massacre (But have said that survivors claimed compensation too late)
	",aljazeera.com,http://aljazeera.com/news/asia-pacific/2011/09/2011914132145205737.html
2011-09-15,12:12:53,kg3wm,15,Authorities in the southern Indian state of Tamil Nadu are to start handing out the first of an estimated 6.8 million free laptops to schoolchildren.,bbc.co.uk,http://www.bbc.co.uk/news/world-south-asia-14925510
2011-09-15,20:57:30,kgfan,13,China sentences four to death over Xinjiang attacks,bbc.co.uk,http://www.bbc.co.uk/news/world-asia-pacific-14926413
