2011-09-13,02:40:24,kd9o1,1708,"Japan Earthquake, Six Months Later [Pics]",theatlantic.com,http://www.theatlantic.com/infocus/2011/09/japan-earthquake-six-months-later/100146/
2011-09-13,19:04:42,ke2vv,771,Iran president: US hikers to be freed 'in 2 days',msnbc.msn.com,http://www.msnbc.msn.com/id/44497867/ns/world_news-mideast_n_africa/
2011-09-13,20:30:17,ke47p,493,UN recognition of a Palestinian state receives public approval in Europe,guardian.co.uk,http://www.guardian.co.uk/world/2011/sep/12/recognising-palestinian-state-public-approval
2011-09-13,05:24:29,kdfki,250,"Israel watches its old alliances crumble
",telegraph.co.uk,http://www.telegraph.co.uk/news/worldnews/middleeast/israel/8757614/Israel-watches-its-old-alliances-crumble.html
2011-09-13,21:48:05,ke5tb,215,"Israel Fears Complete Isolation - Israel's relations with Turkey are ruined, the Palestinians plan to seek UN recognition for their own state, the embassy in Cairo was stormed: Jerusalem is under massive pressure. Even hard-line Prime Minister Benjamin Netanyahu is starting to sound conciliatory.",spiegel.de,"http://www.spiegel.de/international/world/0,1518,785845,00.html?repost=youbetcha"
2011-09-14,00:05:25,ke9jz,196,"Britain is set to change its financial laws. Officials say it's an attempt to prevent taxpayers from ever again having to spend tens of billions of dollars to save banks from collapse. Among other things, banks would be required to set aside more money as a cushion against possible losses.",npr.org,http://www.npr.org/2011/09/13/140424284/british-banks-face-most-radical-overhaul-in-decades
2011-09-13,10:16:14,kdpnb,190,Japanese Seniors: Send Us To Damaged Nuclear Plant. The Skilled Veterans Corps for Fukushima consists of more than 500 seniors who have signed up for a job that has been called courageous — and suicidal.,npr.org,http://www.npr.org/2011/09/12/140402430/japanese-seniors-send-us-to-damaged-nuclear-plant
2011-09-13,18:31:52,ke2dg,140,Chinese language learning to be compulsory in Pakistani Schools from 2013,nation.com.pk,http://www.nation.com.pk/pakistan-news-newspaper-daily-english-online/Karachi/05-Sep-2011/Chinese-learning-to-be-compulsory-from-2013
2011-09-13,09:23:36,kdnwn,137,"How China dominates solar power - 
Huge loans from the Chinese Development Bank are helping Chinese solar companies push American solar firms out of the market",guardian.co.uk,http://www.guardian.co.uk/environment/2011/sep/12/how-china-dominates-solar-power?intcmp=122
2011-09-13,21:58:31,ke628,105,The woman who wants to be Egypt's first female president,edition.cnn.com,http://edition.cnn.com/2011/09/13/world/meast/egypt-bothaina-kamel/
2011-09-13,22:12:38,ke6e4,97,As much as half of North Korea's army is starving as food shortages that were previously affecting only the civilian population worsen and begin to affect institutions tasked with protecting Kim Jong-Il's regime. ,telegraph.co.uk,http://www.telegraph.co.uk/news/worldnews/asia/northkorea/8759125/Half-of-North-Koreas-army-starving.html
2011-09-14,06:02:30,kem7x,91,Church of Scientology in Australia facing back-pay claims: Global consequences.,abc.net.au,http://www.abc.net.au/news/2011-09-14/church-of-scientology-facing-back-pay-claims/2897982
2011-09-14,00:27:56,keacb,93,"Indonesia: An estimated 30,000 mentally ill people suffer in chains and cages due to stigma and lack of access to treatment",globalpost.com,http://www.globalpost.com/dispatch/news/regions/asia-pacific/indonesia/110907/indonesia-mental-health-schizophrenia
2011-09-14,06:49:23,kenwl,91,No end in sight for oil in the Gulf of Mexico - Features - Al Jazeera English,english.aljazeera.net,http://english.aljazeera.net/indepth/features/2011/09/2011912175412109550.html#.Tm_P00qZsOk.reddit
2011-09-13,09:30:00,kdo3w,69,Shin Bet: Israel's extreme rightists organizing into terror groups - Peace Now activist targeted with threatening graffiti in latest settler 'price tag' attack. ,haaretz.com,http://www.haaretz.com/print-edition/news/shin-bet-israel-s-extreme-rightists-organizing-into-terror-groups-1.384099
2011-09-14,07:54:08,kepz8,66,"Why some Egyptians see military rulers as worse than Mubarak: Egypt's military rulers this weekend broadened the use of the country's emergency law, a despised tool of Mubarak's regime, instead of lifting as they had promised to do.",csmonitor.com,http://www.csmonitor.com/World/Middle-East/2011/0913/Why-some-Egyptians-see-military-rulers-as-worse-than-Mubarak
2011-09-13,08:59:52,kdn2y,50,"Swarm Troopers --- 
""In Brazil, an army is being unleashed. It is an army like no other: The soldiers' mission is to copulate rather than fight."" And the troops are mosquitoes and caterpillars. Genetically modified to destroy their own kind ",newscientist.com,http://www.newscientist.com/article/mg21128291.700-swarm-troopers-mutant-armies-waging-war-in-the-wild.html?full=true
2011-09-13,13:20:01,kdvqn,50,"Egypt plans to revive emergency law: Egyptian security forces said they will protect government buildings with live ammunition.
",globalpost.com,http://www.globalpost.com/dispatches/globalpost-blogs/the-casbah/egypts-continued-state-emergency
2011-09-13,20:33:15,ke49c,50,"Suicide bombers, gunmen attack U.S. embassy, NATO headquarters in Kabul",washingtonpost.com,http://www.washingtonpost.com/world/asia-pacific/suicide-bombers-gunmen-launch-coordinated-attack-in-kabul/2011/09/13/gIQAsHu1OK_story.html?fb_ref=NetworkNews&fb_source=home_oneline
2011-09-13,21:29:08,ke5d3,45,Australia Navy cadet filmed rape 'to be accepted',bbc.co.uk,http://www.bbc.co.uk/news/world-asia-pacific-14879975
2011-09-14,04:18:24,keikb,35,You've Been Trumped: Tycoon's ruthless efforts to build Scottish golf resort - How potential environmental damage has been disregarded because of the perceived benefits to the local economy,guardian.co.uk,http://www.guardian.co.uk/environment/blog/2011/sep/13/youve-been-trumped-scotland-golf-course?intcmp=122
2011-09-13,10:19:15,kdpqf,25,Euro-Zone Exit Scenarios:  Germany Plans for Possible Greek Default  - The rest of the euro zone is losing patience with Greece. German Finance Minister Wolfgang Schäuble is no longer convinced that Athens can be saved from bankruptcy.,spiegel.de,"http://www.spiegel.de/international/europe/0,1518,785690,00.html"
2011-09-13,13:23:23,kdvus,24,"Italian government 'in bond buying talks with China': China's largest sovereign wealth fund is considering buying Italian assets, according to a report in the Financial Times. ",bbc.co.uk,http://www.bbc.co.uk/news/business-14892553
2011-09-13,14:41:39,kdy39,21,Missing: Tons of US-Supplied Nuclear Weapons Material,motherjones.com,http://motherjones.com/mojo/2011/09/usa-lost-tons-nuclear-weapon-uranium
2011-09-13,20:42:55,ke4gn,23,"Dalai Lama: ""Mexico is not so violent,"" blames media for reporting the crisis",globalpost.com,http://www.globalpost.com/dispatches/news/regions/americas/mexico/dalai-lama-mexico-not-so-violent
2011-09-14,00:05:54,ke9ki,22,James Murdoch to Be Recalled in British Hacking Inquiry - NYTimes.com,nytimes.com,http://www.nytimes.com/2011/09/14/world/europe/14hacking.html?_r=1
2011-09-13,15:52:09,kdzou,18,"Turkey's Erdogan heads to Egypt, unnerving an embattled Israel",csmonitor.com,http://www.csmonitor.com/World/terrorism-security/2011/0912/Turkey-s-Erdogan-heads-to-Egypt-unnerving-an-embattled-Israel
2011-09-13,18:48:23,ke2ng,16,Afghan gunfight: Explosions and firing rock Kabul,bbc.co.uk,http://www.bbc.co.uk/news/world-south-asia-14897358
2011-09-14,04:52:37,kejpf,13,Greece bankrupcy expected soon: what Happens If Greece Quits The Euro,businessinsider.com,http://www.businessinsider.com/citis-buiter-greek-exit-from-the-eurozone-will-be-disaster-for-entire-world-2011-9
2011-09-13,22:26:53,ke6qj,15,"How Fast Can China Go? --- Evocative account of maiden journey on China's new needle-nosed CRH380A supertrain. Reveals why ""to Westerners, who have to endure regulatory tedium and budget delays, what is happening in China simply beggars belief""",vanityfair.com,http://www.vanityfair.com/business/features/2011/10/china-201110
