2011-06-25,21:24:02,i8vco,1447,"Can Matt Damon Bring Clean Water To Africa? --- 
 Surprising for such a high profile celebrity. No wasting cash or backing out when problems start, just clever innovation, hard work and measurable results. Could it be ""a big idea done right""?",fastcompany.com,http://www.fastcompany.com/magazine/157/can-this-man-save-this-girl
2011-06-26,07:15:43,i95y5,425,"EU refuses to back down on placing pollution tax on airlines, despite China putting Airbus order on ice  & growing U.S. discontent ",physorg.com,http://www.physorg.com/news/2011-06-eu-firm-polluting-tax-row.html
2011-06-25,13:59:10,i8pg2,189,Wealth of world’s richest rose nearly 10 percent in 2010,wsws.org,http://wsws.org/articles/2011/jun2011/rich-j25.shtml
2011-06-25,19:48:35,i8uc0,92,What makes Russians happy,en.rian.ru,http://en.rian.ru/infographics/20110625/164727065.html
2011-06-25,12:01:05,i8n0g,75,Video shows part of man's hellish 11-hour Toronto G20 arrest ordeal,thestar.com,http://www.thestar.com/news/torontog20summit/article/1014327--video-shows-part-of-man-s-hellish-11-hour-g20-arrest-ordeal?bn=1#.TgVPDi_dYus.reddit
2011-06-26,07:24:37,i964r,55,"British hacker Ryan Cleary refused bail, diagnosed with autism",physorg.com,http://www.physorg.com/news/2011-06-british-hacker-bail-autism.html
2011-06-25,13:08:47,i8ogh,52,Everything You Think You Know About the Collapse of the Soviet Union Is Wrong,foreignpolicy.com,http://www.foreignpolicy.com/articles/2011/06/20/everything_you_think_you_know_about_the_collapse_of_the_soviet_union_is_wrong?page=full
2011-06-25,22:44:09,i8war,45,"What the Arab revolts leave unanswered --- There is nothing sacred or permanent about the borders of any country, especially Arab countries that were mostly created by the handiwork of European colonial officers.  ",dailystar.com.lb,http://www.dailystar.com.lb/Opinion/Columnist/2011/Jun-25/What-the-Arab-revolts-leave-unanswered.ashx#axzz1QHoDjpN1
2011-06-25,21:38:04,i8vig,45,"'I Fear the Net Will Soon Become a War Zone' ---Kaspersky is one of Russia's top Internet virus hunters and IT entrepreneurs. He discusses a raft of recent hacker attacks on multinationals, the ""total professionals"" behind the Stuxnet virus and his fear of both personal and widespread cyber violence",spiegel.de,"http://www.spiegel.de/international/world/0,1518,770191,00.html"
2011-06-25,13:52:04,i8pai,46,"Saab faces bankruptcy, can't pay employees.",smh.com.au,http://www.smh.com.au/business/saab-faces-bankruptcy-20110624-1gjje.html
2011-06-26,01:09:14,i8ymr,40,Colombian women on sex strike until road is paved,channel6newsonline.com,http://channel6newsonline.com/2011/06/colombian-women-on-sex-strike-until-road-is-paved/
2011-06-25,19:30:21,i8u69,46,The head of Hezbollah has said two of the Lebanese Islamist group's members have confessed to working for the CIA.,bbc.co.uk,http://www.bbc.co.uk/news/world-middle-east-13912456
2011-06-26,04:06:35,i929z,43,Mexican artist's painting reported for breaking Irish blasphemy laws,thejournal.ie,http://www.thejournal.ie/file-may-be-sent-to-the-dpp-over-blasphemous-ucc-exhibition-163550-Jun2011/
2011-06-25,19:22:52,i8u3l,35,"On Facebook page of Netanyahu's son, a parade of anti-Islamic remarks",english.alarabiya.net,http://english.alarabiya.net/articles/2011/06/25/154724.html
2011-06-25,09:13:48,i8jbu,40,Goldman Vet Named Euro Central Bank Chief,rollingstone.com,http://www.rollingstone.com/politics/blogs/taibblog/goldman-vet-named-euro-central-bank-chief-20110624
2011-06-25,22:05:28,i8vtx,26,"China to remain long-term investor in Europe's debt
| Reuters

",reuters.com,http://www.reuters.com/article/2011/06/25/us-hungary-china-idUSTRE75O0UD20110625?feedType=RSS&feedName=topNews&utm_source=feedburner&utm_medium=feed&utm_campaign=Feed%3A+reuters%2FtopNews+%28News+%2F+US+%2F+Top+News%29
2011-06-25,10:20:22,i8krd,25,"
	Hezbollah 'captures CIA spies' - Middle East - Al Jazeera English
",english.aljazeera.net,http://english.aljazeera.net/news/middleeast/2011/06/201162418573358725.html
2011-06-26,00:43:32,i8y5h,24,"Syrian protesters killed in massive demonstrations, as EU expands sanctions",globalpost.com,http://www.globalpost.com/dispatch/news/regions/middle-east/110624/syria-protesters-killed-eu-increases-sanctions
2011-06-26,03:51:11,i91yk,27,Security Forces Makes Mass Arrests Across Syria,nytimes.com,http://www.nytimes.com/2011/06/26/world/middleeast/26syrians.html
2011-06-25,21:30:06,i8vez,23,Uncontacted Amazon Tribe of 200 Indians Discovered [Images/Video] ,onenewspage.com,http://www.onenewspage.com/news/World/20110625/23508792/Uncontacted-Amazon-Tribe-Discovered.htm
2011-06-25,22:53:20,i8wfv,24,Human Trafficking in the middle east: Manola’s story,worldcrunch.com,http://www.worldcrunch.com/human-trafficking-middle-east-manola-s-story/3343
2011-06-26,07:43:00,i96hb,23,"While Germany, Italy, & Switzerland reject nuclear power, developing countries & Middle Eastern oil economies are forging ahead, with Egypt most likely to rise above others in nuclear power ",newscientist.com,http://www.newscientist.com/article/mg21028184.400-dozens-of-countries-queue-up-to-go-nuclear.html
2011-06-26,07:25:17,i965b,22,Pakistan’s thriving customization industry has turned highways into a panorama of color - creating magical buses and trucks,nytimes.com,http://www.nytimes.com/slideshow/2011/06/26/automobiles/26pakistan-slideshow.html
2011-06-25,21:42:49,i8vk5,19,BBC News - Egypt drops plans for IMF loan amid popular distrust,bbc.co.uk,http://www.bbc.co.uk/news/world-middle-east-13914410
2011-06-26,03:15:46,i918e,18,Report: Hugo Chávez in Critical Condition In Cuban Hospital,latino.foxnews.com,http://latino.foxnews.com/latino/news/2011/06/25/report-hugo-chavez-in-critical-condition-in-cuba/
2011-06-25,12:48:26,i8o0q,17,"The World's Most Dangerous Borders --- Far removed from the pie-in-the-sky talk of a borderless planet, the real world boasts hundreds of national borders -- many of them contested and some of them deadly",foreignpolicy.com,http://www.foreignpolicy.com/articles/2011/06/24/the_worlds_most_dangerous_borders?page=full
2011-06-26,01:58:05,i8zn3,12,"Iran accuses US of promoting terrorism, citing drone attacks in Pakistan, Afghanistan",washingtonpost.com,http://www.washingtonpost.com/world/middle-east/iran-accuses-us-of-promoting-terrorism-citing-drone-attacks-in-pakistan-afghanistan/2011/06/25/AG9SzKkH_story.html?utm_source=twitterfeed&utm_medium=twitter
2011-06-25,08:35:40,i8ii2,13,Fukushima Meltdown Mitigation Aims to Prevent Radioactive Flood,scientificamerican.com,http://www.scientificamerican.com/article.cfm?id=fukushima-meltdown-radioactive-flood
2011-06-25,23:07:19,i8wml,13,Heirs to Argentine Clarin media group take DNA test: The adopted heirs to Argentina's main media group have given DNA samples hoping to quell suspicions they were stolen as babies during military rule.,bbc.co.uk,http://www.bbc.co.uk/news/world-latin-america-13912780
2011-06-25,09:52:40,i8k4r,11,Hezbollah says CIA recruited members to spy,miamiherald.com,http://www.miamiherald.com/2011/06/24/2282962/hezbollah-us-embassy-in-lebanon.html
