2011-06-10,01:24:33,hvm5o,1599,"More than 300 Tibetan monks have disappeared after being rounded up by Chinese security forces at a monastery for ""re-education.""",in.reuters.com,http://in.reuters.com/article/2011/06/09/idINIndia-57602120110609
2011-06-10,06:18:11,hvuim,982,"One Thatcher ally told the Guardian: ""Lady Thatcher will not be seeing Sarah Palin. That would be belittling for Margaret. Sarah Palin is nuts.""",guardian.co.uk,http://www.guardian.co.uk/world/2011/jun/09/margaret-thatcher-sarah-palin-meeting
2011-06-10,17:10:51,hw8cs,953,Spanish police says that they have arrested the leaders of Anonymous in Spain,winnipegfreepress.com,http://www.winnipegfreepress.com/world/breakingnews/123602479.html
2011-06-10,11:33:37,hw22q,413,Formula One race in Bahrain officially cancelled by Grand Prix organisers amid accusations of human rights abuses in government crackdown on protesters,english.aljazeera.net,http://english.aljazeera.net/news/middleeast/2011/06/201161014923933196.html
2011-06-10,11:19:46,hw1q5,242,"Goldman Sachs investigated for $50m bribe of 
Libyan official after loosing 98% of Libya's $1.3bn 
sovereign wealth fund.",independent.co.uk,http://www.independent.co.uk/news/business/news/goldman-investigated-over-16331m-libyan-bribe-2295344.html
2011-06-10,21:31:52,hwbrj,188,"The World Is Consuming More Oil Than It Produces, And Survived 2010 By Drawing Down Reserves",businessinsider.com,http://www.businessinsider.com/2010-oil-story-drawing-down-the-inventories-2011-6
2011-06-10,22:11:07,hwcjf,144,The man who screwed an entire country ,economist.com,http://www.economist.com/node/18805327?story_id=18805327&fsrc=rss
2011-06-10,16:18:39,hw7ma,130,Leaked cables reveal Israel's plan to battle UN recognition of a Palestinian state,haaretz.com,http://www.haaretz.com/print-edition/news/haaretz-exclusive-secret-cables-show-israel-s-battle-plan-over-palestinian-un-bid-1.366852
2011-06-10,21:31:08,hwbr1,110,Hacker group Anonymous takes down government website in Turkey to protest censorship,mashable.com,http://mashable.com/2011/06/10/anonymous-turkey/
2011-06-10,16:09:23,hw7gv,105,"Heads of state, CEOs and NATO officials are gathering at the top secret Bilderberg conference this week in Switzerland.With these meetings perhaps shaping the future of the globe, All Media  is being shutout from covering the event.",youtube.com,http://www.youtube.com/watch?v=zb-RBGQdYLs&feature=feedu
2011-06-10,11:40:39,hw27v,91,A U.N. resolution has justified the targeting of Libyan leader Moammar Gadhafi and a made him legitimate target.,edition.cnn.com,http://edition.cnn.com/2011/WORLD/africa/06/09/libya.gadhafi/index.html
2011-06-11,07:06:48,hwqaf,80,Full List Of 2011 Bilderberg Conference Attendees,zerohedge.com,http://www.zerohedge.com/article/full-list-2011-bilderberg-conference-attendees
2011-06-10,15:08:52,hw6gw,70,High levels of radioactive cesium detected in Japan's Tea,nhk.or.jp,http://www3.nhk.or.jp/daily/english/10_01.html
2011-06-11,04:09:32,hwlsl,67,Somali interior minister Abdishakur Sheikh Hassan killed in suicide blast; the bomber was his niece,english.aljazeera.net,http://english.aljazeera.net//news/africa/2011/06/20116101840424538.html
2011-06-11,00:31:01,hwft6,59,"Scientists in Argentina have cloned the world's first transgenic cow, using human genes that will allow the animal to produce the equivalent of mothers' milk.",globalpost.com,http://www.globalpost.com/dispatch/news/business-tech/science/110610/clone-cow-human-genes-milk-transgenic-argentina
2011-06-10,16:17:05,hw7lb,54,Hackers warn British NHS over security,bbc.co.uk,http://www.bbc.co.uk/news/technology-13712377
2011-06-10,13:15:27,hw4ab,53,"Bilderberg 2011 security fence, or 'a massive white fence of embarrassment'?: ""Suppose Rockefeller, Kissinger, and the Queen of the Netherlands have the interests of the general public written in big red letters at the top of their conference agenda. Then why the fence?"" ",guardian.co.uk,http://www.guardian.co.uk/world/blog/2011/jun/09/bilderberg-2011-curtains-drawn
2011-06-10,19:49:45,hwab5,50,BBC News - Croatia cleared for EU membership in 2013,bbc.co.uk,http://www.bbc.co.uk/news/world-europe-13725558
2011-06-10,12:31:28,hw3cw,48,China warns neighbors: Stop oil search in Spratlys,news.yahoo.com,http://news.yahoo.com/s/ap/20110609/ap_on_re_as/as_philippines_disputed_islands
2011-06-10,13:13:59,hw48z,35,"Russia has halved electricity supplies to Belarus over unpaid bills, piling on pressure for it to privatise lucrative assets.",bbc.co.uk,http://www.bbc.co.uk/news/world-europe-13717679
2011-06-10,04:27:22,hvrhb,31,"Shrek, a renegade Merino sheep that hid in caves to avoid being sheared, became a national icon in New Zealand, a country said to have more sheep than people.",globalpost.com,http://www.globalpost.com/dispatch/news/offbeat/110608/new-zealand-shrek-sheep-dead-merino-wool-video
2011-06-10,19:35:32,hwa5d,28,"Gates blasts NATO, questions future of alliance",hosted.ap.org,http://hosted.ap.org/dynamic/stories/E/EU_GATES_NATO_DOOMED?SITE=MSJAD&SECTION=HOME&TEMPLATE=DEFAULT
2011-06-11,03:09:07,hwk6b,26,"Chinese Official died during interrogation for bribery, triggering protests.",zonaeuropa.com,http://www.zonaeuropa.com/201104a.brief.htm#033
2011-06-11,03:10:42,hwk7z,27,American-Sourced Weapons Account for 70% of Seized Firearms in Mexico: ATF,online.wsj.com,http://online.wsj.com/article/SB10001424052702304259304576375961350290734.html?mod=WSJ_World_MIDDLENews
2011-06-10,23:16:09,hwdv7,24,"The mightiest military alliance in history is only eleven weeks into an operation..... yet many allies are beginning to run short of munitions, requiring the U.S., once more, to make up the difference",nytimes.com,http://www.nytimes.com/2011/06/11/world/europe/11gates.html?_r=1&hp
2011-06-10,15:51:40,hw774,25,Radiology experts find up to 45 microsieverts/hour near school zone — 90 times higher than Chernobyl,search.japantimes.co.jp,http://search.japantimes.co.jp/cgi-bin/nn20110610a6.html
2011-06-11,00:59:53,hwgm4,23,"OPEC says oil supply gap looms later this year

",reuters.com,http://www.reuters.com/article/2011/06/10/us-opec-idUSTRE75924U20110610
2011-06-10,16:23:03,hw7oh,23,Syrian army starts crackdown in northern town.,english.aljazeera.net,http://english.aljazeera.net/news/middleeast/2011/06/201161064328691559.html
2011-06-11,00:03:51,hwf3p,20,Tensions rising in Southeast Asia: Vietnam to hold naval drill amid rift with China,english.aljazeera.net,http://english.aljazeera.net//news/asia-pacific/2011/06/2011610135419729313.html
2011-06-11,05:10:00,hwnf0,20,The European Commission on Friday recommended that the EU bloc permit Croatia as its 28th member.,globalpost.com,http://www.globalpost.com/dispatch/news/regions/europe/110610/croatia-eu-member-bloc-video
