2011-07-07,08:54:37,iijzq,1346,12 year old girl ends life to donate eyes to dad & a kidney to her brother,articles.timesofindia.indiatimes.com,http://articles.timesofindia.indiatimes.com/2011-07-04/india/29735331_1_kidney-transplant-eye-surgery-girl-ends-life
2011-07-07,20:57:46,iiygp,1264,"What The Papers Won’t Say --- 
On Britain's phone-hacking scandal. Obviously, News of the World and News International are to blame. But so are politicians of both sides, for being frightened of Rupert Murdoch. And other newspapers, for keeping quiet about it",spectator.co.uk,http://www.spectator.co.uk/essays/7075673/what-the-papers-wont-say.thtml
2011-07-07,05:10:35,iie8q,812,Powerful 7.8 earthquake hits New Zealand,reuters.com,http://www.reuters.com/article/2011/07/06/quake-pacific-idUSN1E7651IT20110706
2011-07-08,06:44:12,ijflu,486,"For The Moment, Visa And MasterCard Reopen Payments To WikiLeaks",blogs.forbes.com,http://blogs.forbes.com/andygreenberg/2011/07/07/for-the-moment-visa-and-mastercard-re-open-payments-to-wikileaks/
2011-07-07,21:10:52,iiyog,411,NYT supports UN report that warned against overzealous attempts by democratic states to  censor the Internet. Nobody should be banned from the Internet. It is a fundamental tool for enabling free speech,nytimes.com,https://www.nytimes.com/2011/07/04/opinion/04mon3.html?_r=2&src=recg
2011-07-07,05:23:23,iiemd,393,"More Advertisers Boycott News Of The World: Ford, Mitsibushi, The Co-operative Group, Vauxhall, Lloyds Banking Group and Virgin Holidays have suspended adverts in the News Of The World over phone hacking claims",news.sky.com,http://news.sky.com/skynews/Home/Business/Companies-Boycott-News-Of-The-World-Ford-Vauxhall-Lloyds-Co-op-Mitsibushi-And-Virgin-Holidays/Article/201107116024924
2011-07-07,18:36:39,iiwig,95,North Korea paid Pakistan for nuclear weapons technology,cbc.ca,http://www.cbc.ca/news/world/story/2011/07/07/nuclear-pakistan-nkorea.html?ref=rss
2011-07-07,22:30:26,ij0cm,90,The Royal British Legion has cut ties with the News of the World as its campaigning partner amid claims the paper may have hacked into the mobile phones of bereaved military families.,bbc.co.uk,http://www.bbc.co.uk/news/uk-14061557
2011-07-07,00:00:32,ii5dz,78,EU parliament backs national bans on GM crops,bbc.co.uk,http://www.bbc.co.uk/news/world-europe-14045365
2011-07-08,01:46:15,ij62p,65,Now London Police probe the 'The Sun',independent.co.uk,http://www.independent.co.uk/news/uk/crime/now-met-police-probes-the-sun-after-union-chief-raises-concerns-2208670.html
2011-07-07,11:52:36,iiobo,62,"While a bit dated, this shows that the wikileaks cables paint a far more nuanced picture of American diplomacy than simply one of nefarious manipulation",guardian.co.uk,http://www.guardian.co.uk/world/2011/may/27/us-pressurised-saudis-let-women-drive
2011-07-07,16:36:45,iiuoo,59,"The ""Big Three"" rating agencies can determine the fate of entire countries. Now Portugal is under pressure after Moody's downgraded its debt to junk status. European politicians want to create an alternative, even though they helped give so much power to the agencies in the first place.",spiegel.de,"http://www.spiegel.de/international/business/0,1518,772733,00.html"
2011-07-08,05:03:06,ijccw,58,"Just so you don't think that 'News of the World' was a one time thing, here are the Top 10 NewsCorp scandals",thedailybeast.com,http://www.thedailybeast.com/galleries/2011/02/25/top-10-news-corp-scandals.html
2011-07-07,22:54:34,ij0xy,55,David Cameron is in the sewer: The disgusting revelations concerning his friends and associates from Rupert Murdoch’s News International has permanently and irrevocably damaged his reputation,blogs.telegraph.co.uk,http://blogs.telegraph.co.uk/news/peteroborne/100095686/david-cameron-is-in-the-sewer-because-of-his-news-international-friends/
2011-07-07,21:06:52,iiylo,51,Rupert Murdoch Meets His Ahab,slate.com,http://www.slate.com/id/2298439/pagenum/all/#p2
2011-07-07,08:38:17,iijkv,46,"Murdoch's  ""News of the World""  investigator targeted families of dead soldiers.

Relatives of members of armed forces killed in combat told their details appear in Glenn Mulcaire's notebooks
",guardian.co.uk,http://www.guardian.co.uk/media/2011/jul/06/news-world-investigator-families-dead-soldiers
2011-07-08,04:06:25,ijali,42,Former News of the World editor Andy Coulson to be arrested over phone hacking,guardian.co.uk,http://www.guardian.co.uk/media/2011/jul/07/andy-coulson-arrest-phone-hacking
2011-07-08,04:37:15,ijbiu,31,Today Kenya becomes the first country in Africa to launch a national open data initiative. ,whiteafrican.com,http://whiteafrican.com/2011/07/07/africas-first-national-open-data-initiative-kenya/
2011-07-08,04:33:57,ijbfb,32,"Another priest, more victims of predatory sexual behavior, but this time in a country basically run by the Vatican. (They only reopened the case after the Vatican found the priest guilty.) Extra points for guessing the country before reading. ",santiagotimes.cl,http://www.santiagotimes.cl/chile/human-rights-a-law/21885-chilean-priest-to-face-accusers-in-sex-abuse-scandal
2011-07-08,07:42:22,ijh7x,32,South Sudan: the birth of a new republic,guardian.co.uk,http://www.guardian.co.uk/world/2011/jul/07/south-sudan-independence-interviews
2011-07-08,05:00:52,ijcae,30,Last Wild Camels in China Could be Saved with Embryonic Transfer Technique Perfected in U.A.E.,scientificamerican.com,http://www.scientificamerican.com/blog/post.cfm?id=last-wild-camels-in-china-could-be-2011-07-07
2011-07-07,21:30:25,iiz25,30,Iraq abuse ruling by European court says UK failed human rights role | World news | guardian.co.uk ,guardian.co.uk,http://www.guardian.co.uk/world/2011/jul/07/iraq-abuse-european-court-ruling
2011-07-07,20:23:13,iixyg,29, Pakistan Expands Nuke Arsenal,npr.org,http://www.npr.org/2011/07/07/137651918/as-pakistan-expands-nuke-arsenal-u-s-fears-grow
2011-07-08,06:02:08,ijea4,30,Is Murdoch free to destroy tabloid's records? | Reuters MediaFile,blogs.reuters.com,http://blogs.reuters.com/mediafile/2011/07/07/is-murdoch-free-to-destroy-tabloids-records/
2011-07-07,09:55:25,iilg6,26,Portugal Celebrates 10 Year Anniversary of Decriminalizing Drugs ,alternet.org,http://www.alternet.org/drugs/151546/portugal_celebrates_10_year_anniversary_of_decriminalizing_drugs_by_tony_newman?utm_source=feedblitz&utm_medium=FeedBlitzRss&utm_campaign=alternet_all
2011-07-07,22:57:56,ij112,21,"South African advertising and media watchdog rules that Israel can be called an ""apartheid"" state",middleeastmonitor.org.uk,http://www.middleeastmonitor.org.uk/news/africa/2580-south-african-advertising-and-media-watchdog-rules-that-israel-can-be-called-an-qapartheidq-state
2011-07-07,23:08:06,ij1ar,23,EU Upset by Microsoft Warning About US Access to EU Cloud: Members of European Parliament demand to know what lawmakers intend to do about the conflict between the EU's Data Protection Directive and the US Patriot Act,pcworld.com,http://www.pcworld.com/article/235041/eu_upset_by_microsoft_warning_about_us_access_to_eu_cloud.html
2011-07-07,08:44:58,iijqx,22,How Ecuador sold itself to China,blogs.reuters.com,http://blogs.reuters.com/felix-salmon/2011/07/05/how-ecuador-sold-itself-to-china/
2011-07-07,14:11:30,iirrj,19,Last Chance to See Orbiting Shuttle With Naked Eyes,news.nationalgeographic.com,http://news.nationalgeographic.com/news/2011/07/110707-shuttle-launch-atlantis-last-chance-see-space-science/
2011-07-07,08:47:26,iijth,19,"Israeli officials are reportedly boycotting a UN official in Lebanon after he wrote a report criticising Israel's response as ""not commensurate to the threat to Israeli soldiers,"" from a border incursion by Palestinian protesters in May.",bbc.co.uk,http://www.bbc.co.uk/news/world-middle-east-14051618
