2011-04-25,06:35:51,gwj13,1641,Syrian Forces Open Fire On Demonstrators (NSFW),liveleak.com,http://www.liveleak.com/view?i=224_1303590464
2011-04-25,17:31:17,gwvaw,1551,"Russia - How crooked officials pulled off a massive scam, spent millions on Dubai real estate, and killed my partner when he tried to expose them.",foreignpolicy.com,http://www.foreignpolicy.com/articles/2011/04/20/russia_s_crime_of_the_century
2011-04-25,00:01:05,gwblj,632,Bahraini student in UK lost his scholarship and was threatened after participating in peaceful protest in UK,guardian.co.uk,http://www.guardian.co.uk/commentisfree/2011/apr/20/bahrain-student-protest-threats?INTCMP=SRCH
2011-04-25,02:01:14,gwdou,553,"A crowd of officers then surrounds a young woman who is holding hands with a little girl aged about six. The child shouts out ""freedom"" and punches one tiny fist into the air. She is grabbed by police, starts to cry, and is pushed with the woman into a police car. ",bbc.co.uk,http://www.bbc.co.uk/news/world-europe-13136598
2011-04-25,00:13:35,gwbt3,172,Chinese police detained up to 40 Christians who tried to converge at the site of a banned Easter service Sunday and placed 500 more under house arrest.,voanews.com,http://www.voanews.com/english/news/China-Cracks-Down-on-Would-be-Easter-Congregants-120566439.html
2011-04-25,21:06:26,gwxqa,159,Hundreds of Taliban inmates use tunnel to escape from Kandahar prison,guardian.co.uk,http://www.guardian.co.uk/world/2011/apr/25/taliban-tunnel-jail-afghan-kandahar
2011-04-25,18:27:25,gwvww,131,UK to sign tax disclosure deal with Switzerland: UK citizens will have to hand over millions of pounds in backdated taxes on secret bank accounts,telegraph.co.uk,http://www.telegraph.co.uk/finance/newsbysector/banksandfinance/8471279/UK-nears-Swiss-tax-deal.html
2011-04-25,10:38:55,gwnun,114,"How to treat monopolies: Mexico agency confirms $1B fine for (world's richest man, Carlos) Slim's company",hosted.ap.org,http://hosted.ap.org/dynamic/stories/L/LT_AMERICA_MOVIL?SITE=AP&SECTION=HOME&TEMPLATE=DEFAULT
2011-04-25,12:19:47,gwpz6,95,Hundreds of Taliban members 'escape prison': Afghan government officials confirm that some 540 Taliban members have escaped from Kandahar prison.,english.aljazeera.net,http://english.aljazeera.net/news/asia/2011/04/201142525410649746.html
2011-04-25,21:59:54,gwyjb,90,"Thousands of Syrian troops backed by tanks swept into the town of Daraa on Monday, firing on residents and leaving bodies lying in the streets, witnesses said",english.ahram.org.eg,http://english.ahram.org.eg/~/NewsContent/2/8/10741/World/Region/Bodies-in-streets-as-Syrian-troops-sweep-into-Dara.aspx
2011-04-25,20:53:26,gwxkq,84,"Protesters in Saudi Arabia: ""Down with the Khalifas, Down with Israel, Down with Wahhabism!""",mrzine.monthlyreview.org,http://mrzine.monthlyreview.org/2011/sharqiyah220411.html
2011-04-25,21:48:55,gwydb,61,Russian police on Sunday freed the son of software tycoon Eugene Kaspersky,smh.com.au,http://www.smh.com.au/technology/security/russian-antivirus-tycoon-in-fiveday-kidnap-ordeal-20110425-1dta3.html
2011-04-25,22:59:35,gwzke,54,"Second computer worm 'hits Iran'
",news.yahoo.com,http://news.yahoo.com/s/afp/20110425/tc_afp/iraninternetvirusstuxnet_20110425113814
2011-04-25,20:22:55,gwx8i,34,Delhi Commonwealth Games chief Suresh Kalmadi arrested on corruption charges,bbc.co.uk,http://www.bbc.co.uk/news/world-south-asia-13186190
2011-04-25,19:04:48,gwwb4,34,"Syrian Army Storms Town Where Uprising Began: tanks enter Dara'a, at least five confirmed killed, more bodies lay in the streets. ",nytimes.com,http://www.nytimes.com/2011/04/26/world/middleeast/26syria.html?hp=&adxnnl=1&adxnnlx=1303725662-DsprtWRVtiJxT6TVqZddLg
2011-04-25,08:21:07,gwl38,35,Thousands of anti-government protesters are standing their ground in the capital of Yemen,bbc.co.uk,http://www.bbc.co.uk/news/world-middle-east-13184427
2011-04-25,12:43:16,gwqja,27,NATO air strike hits Gaddafi compound. Reuters reports it was an attempt on Gaddafi's life.,english.aljazeera.net,http://english.aljazeera.net/news/africa/2011/04/201142521716965313.html
2011-04-26,03:05:30,gx4ns,25,25th anniversary of the Chernobyl disaster [pics],boston.com,http://www.boston.com/bigpicture/2011/04/chernobyl_disaster_25th_annive.html
2011-04-26,02:48:06,gx474,27,Here we go again!! Real IRA makes threat to PSNI officers,bbc.co.uk,http://www.bbc.co.uk/news/uk-13189404
2011-04-25,20:34:24,gwxd2,26,"At least 18 said killed as Syrian forces in tanks, APCs fire on protesters --- 
Following weeks of protests, Syrian security forces appear to planning major security operation; all land border crossings with neighboring Jordan closed.",haaretz.com,http://www.haaretz.com/news/international/at-least-18-said-killed-as-syrian-forces-in-tanks-apcs-fire-on-protesters-1.357973
2011-04-25,22:40:37,gwz7i,23,"Death toll reaches 14,358 from the Great Quake-Tsunami in Japan",news.xinhuanet.com,http://news.xinhuanet.com/english2010/world/2011-04/25/c_13845359.htm
2011-04-25,21:39:15,gwy7g,23,"Behind front-lines, Libyan rebels escalate media war",reuters.com,http://www.reuters.com/article/2011/04/25/us-libya-media-idUSTRE73O2ID20110425
2011-04-25,21:16:55,gwxvb,22,"Tanks and snipers in Daraa, Syria. [Video]",youtube.com,http://www.youtube.com/watch?v=u7e4fsf-_CY&feature=player_embedded
2011-04-25,21:44:20,gwyab,23,"In shift, US considers sanctions against Syria's Assad regime",csmonitor.com,http://www.csmonitor.com/World/terrorism-security/2011/0425/In-shift-US-considers-sanctions-against-Syria-s-Assad-regime
2011-04-25,08:32:40,gwlao,22,Kuwait pledges $181 million to Libyan rebels,noir.bloomberg.com,http://noir.bloomberg.com/apps/news?pid=20601087&sid=aQAbIAlmYFSQ&pos=8
2011-04-26,04:09:17,gx6d1,21,Italy 'to join attacks in Libya': Italian PM Silvio Berlusconi has approved the use of his country's air force in Nato's Libya mission. ,bbc.co.uk,http://www.bbc.co.uk/news/world-africa-13188951
2011-04-25,09:34:00,gwmgl,19,"Nigerian Constitution must be set aside for Sharia, says Boko-Haram
",independentngonline.com,http://www.independentngonline.com/DailyIndependent/Article.aspx?id=32684
2011-04-25,21:25:05,gwxz9,18,"""Thirty years ago we used to think Japan was the number one fishing country in the world, with the best catching and processing methods, but that's really no longer the case,"" Ryosuke Sato, chairman of the Kesennuma Fisheries Cooperative Association, said . . . ""We've been in terminal decline.""",bloomberg.com,http://www.bloomberg.com/news/2011-04-24/tsunami-speeds-terminal-decline-of-japan-s-fishing-industry.html
2011-04-25,09:55:47,gwmy7,18,Powerful blasts shake Tripoli,bbc.co.uk,http://www.bbc.co.uk/news/world-africa-13184594
2011-04-25,22:34:04,gwz3q,19,"Mexico ignored clues as mass graves filled. 
Passengers were snatched from interstate buses, tortured and slaughtered. Women were raped and some victims were burned alive, according to accounts from survivors.
",latimes.com,"http://www.latimes.com/news/nationworld/world/la-fg-mexico-mass-graves-20110425,0,3171055.story"
