2011-10-19,04:45:47,lgmg3,2435,We now have an effective vaccine for Malaria,reuters.com,http://www.reuters.com/article/2011/10/18/us-malaria-vaccine-scientist-idUSTRE79H59220111018
2011-10-19,21:29:58,lhet2,1730,"Shark massacre reported in Colombian waters: Environmental authorities say up to 2,000 hammerhead, Galápagos and whale sharks were slaughtered for their fins
",guardian.co.uk,http://www.guardian.co.uk/environment/2011/oct/19/shark-massacre-colombia
2011-10-19,21:32:38,lheuy,429,French Court Orders ISPs to Block Access to Site That “Allow[s] Civilians to Post Videos of Alleged Police Misconduct”,jurist.org,http://jurist.org/paperchase/2011/10/france-court-orders-block-on-copwatch-website.php
2011-10-20,05:32:41,lhvk9,314,"Switzerland sold arms and ammunition to long-term clients Egypt and Bahrain during the ""Arab spring"" protests, according to a report by Amnesty International.",thelocal.ch,http://www.thelocal.ch/1518/20111019/
2011-10-19,22:32:09,lhgf1,162,"Dalai Lama's prayers for Tibetans is 'terrorism in disguise', says China
",guardian.co.uk,http://www.guardian.co.uk/world/2011/oct/19/dalai-lama-prayers-tibetans-terrorism
2011-10-19,22:57:50,lhh5i,120,"In the largest protest seen in decades, hundreds of thousands of citizens have thronged the centre of Athens and other cities on the first day of a 48-hour general strike.",athensnews.gr,http://www.athensnews.gr/portal/9/49240
2011-10-20,01:08:43,lhlma,99,"Chávez opponent can run for president, but can't take office, says court:  Venezuela's Supreme Court said that opposition leader Leopoldo López can't take office, even if he beats Hugo Chávez in next year's presidential race, despite an international court ruling otherwise.",csmonitor.com,http://www.csmonitor.com/World/Americas/2011/1019/Chavez-opponent-can-run-for-president-but-can-t-take-office-says-court
2011-10-20,00:39:43,lhkjp,106,Report: Turkey launches incursion into Iraq - USATODAY.com,usatoday.com,http://www.usatoday.com/news/world/story/2011-10-19/turkey-kurdish-rebel-attacks/50821552/1
2011-10-20,00:56:35,lhl7a,86,China hails woman who rescued bleeding toddler left for dead,edition.cnn.com,http://edition.cnn.com/2011/10/19/world/asia/china-toddler-rescued/index.html?hpt=hp_t2
2011-10-19,21:28:02,lherr,84,"Turkish forces are reported to have launched airstrikes and sent ground troops into northern Iraq, in pursuit of Kurdish PKK rebels who killed at least 26 Turkish soldiers.
",globalpost.com,http://www.globalpost.com/dispatch/news/regions/europe/turkey/111019/turkey-military-incursion-iraq-pkk-rebels-soldiers
2011-10-19,16:07:39,lh94n,72,At least 21 Turkish soldiers have been killed in clashes with Kurdish rebels at several police and army posts in southeast Turkey,bbc.co.uk,http://www.bbc.co.uk/news/world-europe-15363865
2011-10-20,01:37:06,lhmno,70,"'New Stuxnet' worm targets companies in Europe: ""Although the virus appears to have been spying on the systems it infiltrates - rather than attempting to vandalise them - experts say its code is so similar to the Stuxnet worm that attacked Iran, that it may have been engineered by the same people.""",guardian.co.uk,http://www.guardian.co.uk/technology/2011/oct/19/stuxnet-worm-europe-duqu
2011-10-19,21:22:42,lhenk,57,Russian Prime Minister Vladimir Putin was due on Wednesday to push for closer ex-Soviet integration after the surprise announcement of a free-trade zone being created in the former communist bloc.,telegraph.co.uk,http://www.telegraph.co.uk/news/worldnews/europe/russia/8836284/Vladimir-Putin-pushes-for-closer-ex-Soviet-Union.html
2011-10-19,19:17:19,lhcls,57,Somali kidnappers say French woman dead,abc.net.au,http://www.abc.net.au/news/2011-10-19/kidnapped-frenchwoman-dead-in-somalia/3580026
2011-10-19,14:18:41,lh6qg,43,"As the Arctic sea ice nears record lows, the Northeast Passage opens up",nytimes.com,http://www.nytimes.com/2011/10/18/business/global/warming-revives-old-dream-of-sea-route-in-russian-arctic.html?_r=1&pagewanted=all
2011-10-20,02:59:35,lhpur,39,"Japan says it needs to clear 2,419 square kilometres of radiation-contaminated land—an area larger than greater Tokyo. ",economist.com,http://www.economist.com/node/21531522
2011-10-19,22:54:51,lhh2o,37,Researchers warn of new Stuxnet worm,bbc.co.uk,http://www.bbc.co.uk/news/technology-15367816
2011-10-20,05:10:33,lhurd,34,Kenyan and pro-Somali government forces claim to have captured a key al-Shabab base and killed 75 of its fighters.,english.aljazeera.net,http://english.aljazeera.net/news/africa/2011/10/2011101942627768243.html
2011-10-19,21:23:24,lheo2,28,Social network sites may be changing people's brains as well as their social life,bbc.co.uk,http://www.bbc.co.uk/news/health-15353397
2011-10-20,01:11:44,lhlpo,30,"The disease killing Europe's plane trees
",bbc.co.uk,http://www.bbc.co.uk/news/magazine-15305048
2011-10-19,18:34:56,lhbwd,27,Kurdish rebels kill 24 Turkish soldiers  - Telegraph,telegraph.co.uk,http://www.telegraph.co.uk/news/worldnews/europe/turkey/8835817/Kurdish-rebels-kill-24-Turkish-soldiers.html
2011-10-19,22:38:39,lhglu,22,"Hanoi hotel's secret bunker used by anti-war activist  Jane Fonda found after 40 years, Bomb shelter uncovered by workmen at historic Metropole.",guardian.co.uk,http://www.guardian.co.uk/world/2011/oct/19/vietnam-hanoi-metropole-bunker-discovered
2011-10-19,13:39:51,lh5kj,20,"Palestinian militants vow to abduct a 'new Gilad Shalit'
",telegraph.co.uk,http://www.telegraph.co.uk/news/worldnews/middleeast/israel/8834887/Palestinian-militants-vow-to-abduct-a-new-Gilad-Shalit.html
2011-10-19,09:35:09,lgwv8,17,BBC News - In pictures: Worldwide protests over economic crisis,bbc.co.uk,http://www.bbc.co.uk/news/in-pictures-15320678
2011-10-19,19:20:19,lhcnj,17,"Reports of more deaths in Yemeni protest:   Witnesses say forces loyal to President Saleh fired on protesters, killing at least seven in the capital, Sanaa.",english.aljazeera.net,http://english.aljazeera.net/news/middleeast/2011/10/2011101811132991846.html
2011-10-19,13:13:39,lh4p3,13,Small acts of free enterprise attest to reform looming large in Cuba ,theglobeandmail.com,http://www.theglobeandmail.com/news/world/americas/small-acts-of-free-enterprise-attest-to-reform-looming-large-in-cuba/article2205850/
2011-10-20,01:13:46,lhls1,15,Canadian Supreme Court rules that linking to defamatory material online does not constitute publishing the defamatory material itself ,cbc.ca,http://www.cbc.ca/news/politics/story/2011/10/19/pol-scoc-hyperlink.html?cmp=rss
2011-10-19,14:17:32,lh6pa,13,Assad forces fight deserters across Syria; 3rd day of offensive on Homs’ old districts,english.alarabiya.net,http://english.alarabiya.net/articles/2011/10/19/172502.html
2011-10-19,19:04:24,lhcea,12,25 soldiers killed in attack in Turkey. Rockets were launched at security forces and military sites in the town of Cukurca..,edition.cnn.com,http://edition.cnn.com/2011/10/19/world/meast/turkey-attack/index.html?hpt=hp_t1
2011-10-19,13:22:24,lh4ze,10,UN urges ban on solitary confinement,bbc.co.uk,http://www.bbc.co.uk/news/world-us-canada-15362896
