2011-12-23,22:05:28,nnx6r,2766,BBC News - Volkswagen turns off work email after work hours for staff. Wants to reduce the blurring of lines between home and work.,bbc.co.uk,http://www.bbc.co.uk/news/technology-16314901
2011-12-23,09:18:52,nncp2,1270,"Quake of 5.9 magnitude strikes New Zealand's Christchurch
",reuters.com,http://www.reuters.com/article/2011/12/23/us-newzealand-quake-idUSTRE7BM03820111223
2011-12-23,16:59:27,nnrni,854,'Blue bra girl' rallies Egypt's women vs. oppression ,edition.cnn.com,http://edition.cnn.com/2011/12/22/opinion/coleman-women-egypt-protest/index.html?hpt=wo_c2
2011-12-23,04:36:53,nn17v,597,"British bankers prepare to sue for bonuses: Bankers seem to have an expectation that they are entitled to a bonus under almost any circumstances, which has been fed by over 20 years of high bonus rounds.""",americablog.com,http://www.americablog.com/2011/12/british-bankers-prepare-to-sue-for.html
2011-12-23,11:50:01,nni9g,453,Mysterious metal ball from space falls in Namibia,news.blogs.cnn.com,http://news.blogs.cnn.com/2011/12/22/mysterious-metal-ball-from-space-falls-in-namibia/?hpt=hp_c2
2011-12-23,01:54:58,nmu6p,305,French lawmakers passed a measure on Thursday to make it a crime to deny the mass killing of Armenians in 1915 by Ottoman Turks was a genocide,globalpost.com,http://www.globalpost.com/dispatch/news/regions/europe/france/111222/france-passes-genocide-law-armenians
2011-12-23,10:30:40,nnf9p,240,"Online speed camera warnings to be banned, people who reveal the location of Swiss speed cameras on the internet face fines of up to 10,000 francs ($10,700), under new laws.


",thelocal.ch,http://www.thelocal.ch/2100/20111222/
2011-12-24,04:21:44,noag6,165,Kremlin Nervous As Protesters Return To Streets of Russia,guardian.co.uk,http://www.guardian.co.uk/world/2011/dec/23/kremlin-protesters-russia
2011-12-23,15:03:56,nnork,149,The End of the Chinese Dream ---  China's 1% are even more obnoxious than America's,foreignpolicy.com,http://www.foreignpolicy.com/articles/2011/12/21/end_of_the_chinese_dream
2011-12-23,13:21:41,nnljv,141,Bill that could 'break the Internet' delayed until 2012,money.cnn.com,http://money.cnn.com/2011/12/22/technology/sopa_vote/index.htm?hpt=hp_t2
2011-12-23,22:05:53,nnx75,107,"Another Soyuz rocket launch fails, Russia's recent poor launch record has continued with yet another Soyuz rocket failure.",bbc.co.uk,http://www.bbc.co.uk/news/science-environment-16317099
2011-12-23,09:59:54,nne79,102,"Argentine government takes control of newsprint in an effort to ""improve the quality of information and the plurality of opinions"" ",hosted.ap.org,http://hosted.ap.org/dynamic/stories/L/LT_ARGENTINA_MEDIA_CONTROL?SITE=AP&SECTION=HOME&TEMPLATE=DEFAULT&CTIME=2011-12-22-18-19-05
2011-12-24,02:45:10,no6de,93,Iran announces it will soon hold massive war games in international waters near the Strait of Hormuz,news.xinhuanet.com,http://news.xinhuanet.com/english/world/2011-12/22/c_131322300.htm
2011-12-24,06:12:11,noetx,90,"Bruised but defiant: Mona Eltahawy on her assault by Egyptian security forces

Mona Eltahawy's tweets about her assault in Cairo made global headlines. Here she tells her full, extraordinary story for the first time
",guardian.co.uk,http://www.guardian.co.uk/world/2011/dec/23/mona-eltahawy-assault-egyptian-forces
2011-12-23,01:55:12,nmu73,94,"When Kim Jong Il died, the holiest mountain in North Korea glowed red, according to state media stories that serve to bookend the tale of Kim's sacred birth at Mount Paektu.",globalpost.com,http://www.globalpost.com/dispatches/globalpost-blogs/weird-wide-web/north-korea-news-natural-wonders-kim-jong-il-personality-cult
2011-12-23,20:46:47,nnvmo,93,Outrage after Chinese Tiananmen activist jailed for nine years,abc.net.au,http://www.abc.net.au/news/2011-12-23/outrage-after-chinese-activist-jailed-for-nine-years/3746270
2011-12-24,05:15:17,nocly,83,"Royal Dutch Shell's Nigerian oil spill, the largest in the African nation since 1998, highlights the different world responses to oil spills.",reuters.com,http://www.reuters.com/article/2011/12/23/us-shell-nigeria-leak-idUSTRE7BM1BZ20111223
2011-12-23,10:11:54,nnemj,60,A Spanish company is suing the city of Hamburg for more than €2 million after its cucumbers were wrongly blamed for a deadly E.coli outbreak last spring,thelocal.de,http://www.thelocal.de/national/20111222-39679.html
2011-12-23,19:52:08,nnunf,55,Mikhail Gorbachev slams Vladimir Putin and Dmitry Medvedev over response to protests | The Australian,theaustralian.com.au,http://www.theaustralian.com.au/news/world/mikhail-gorbachev-slams-vladimir-putin-and-dmitry-medvedev-over-response-to-protests/story-e6frg6so-1226229682338
2011-12-23,14:18:59,nnnfk,52,North Korea Warns South to Show ‘Respect’ for Kim Jong-il,nytimes.com,http://www.nytimes.com/2011/12/24/world/asia/north-korea-warns-south-to-show-respect-for-kim-jong-il.html
2011-12-23,21:46:48,nnws4,48,Russian Oil Rig Sinking Casts Doubt on Arctic Plan - The sinking of a rig that left over 50 crew dead or missing is intensifying fears that Russian companies searching for oil in remote areas are unprepared for emergencies — & could cause a disastrous spill in the pristine waters of the Arctic.,fuelfix.com,http://fuelfix.com/blog/2011/12/23/russian-oil-rig-sinking-casts-doubt-on-arctic-plan/
2011-12-24,02:02:04,no4o8,35,"BBC News - Ex-councillor 
Robert Payne jailed for 
killing kittens",bbc.co.uk,http://www.bbc.co.uk/news/uk-england-leeds-16321416
2011-12-23,10:22:58,nnezd,33,"Selling used goods as new appears endemic in the electronics retailing industry in Australia, with Harvey Norman & JB Hi-Fi stores regularly engaging in the practice, sparking investigation by NSW Fair Trading - Buyers are finding previous owners' photos, pirated movies & porn on 'new' devices.

",smh.com.au,http://www.smh.com.au/digital-life/computers/new-goods-scandal--more-stores-accused-20111223-1p80h.html
2011-12-24,05:59:13,noeb9,34,Canada rejects 'comical' al-Qaeda link to Damascus blasts,news.nationalpost.com,http://news.nationalpost.com/2011/12/23/canada-rejects-comical-al-qaeda-link-to-syria-blasts-as-40-die-in-suicide-attacks/
2011-12-23,22:03:22,nnx4y,28,"A Chinese court sentenced a veteran activist to nine years in prison for inciting subversion, in what appears to be the most severe punishment handed down in a crackdown to prevent the spread of Arab Spring-style democratic uprisings.",npr.org,http://www.npr.org/2011/12/23/144176801/china-jails-rights-activist-for-9-years?ft=1&f=1001
2011-12-23,16:56:18,nnrl6,21,"The Pentagon expressed ""deepest regret"" and ""sincere condolences"" to Pakistan as the US conceded for the first time it bears significant responsibility for the Nato airstrike that killed 24 Pakistani soldiers.",telegraph.co.uk,http://www.telegraph.co.uk/news/worldnews/asia/pakistan/8973532/Pentagon-expresses-regret-over-Nato-airstrike-that-killed-Pakistan-soldiers.html
2011-12-24,01:25:51,no3bm,21,Privatising Margaret Thatcher's funeral would be a fitting tribute to her legacy,guardian.co.uk,http://www.guardian.co.uk/commentisfree/2011/dec/22/privatising-thatchers-funeral-fitting-tribute-legacy
2011-12-23,19:18:00,nnu2v,21,"Sunlight-powered 'bulbs' made from plastic bottles light up homes - 

The Liter of Light project, launched to combat the rising cost of electricity in the Philippines, aims to provide 1 million homes with light",guardian.co.uk,http://www.guardian.co.uk/environment/2011/dec/23/sunlight-bulbs-plastic-bottles-light
2011-12-23,10:03:27,nnebp,22,"5.8 earthquake hits Christcurch, NZ",bbc.co.uk,http://www.bbc.co.uk/news/world-asia-16312041
2011-12-23,22:22:32,nnxki,17,"Talking to self not evidence, court rules",thelocal.de,http://www.thelocal.de/society/20111223-39695.html
