2011-12-28,13:54:20,nt9u6,1649,BBC News - Why Irish soldiers who fought Hitler hide their medals,bbc.co.uk,http://www.bbc.co.uk/news/uk-16287211
2011-12-28,23:38:33,ntnmn,1382,"The U.S. Fifth Fleet said it will not allow any disruption of traffic in the Strait of Hormuz, after Iran threatened to stop ships moving through the strategic oil route.",reuters.com,http://www.reuters.com/article/2011/12/28/us-iran-us-hormuz-idUSTRE7BR0OE20111228
2011-12-28,10:55:27,nt30l,965,Uruguay Senate backs bill to allow abortions,chicagotribune.com,"http://www.chicagotribune.com/sns-rt-uruguay-abortionl1e7nr0sa-20111227,0,4727855.story"
2011-12-28,04:00:36,nsm1g,523,Thirty war graves of Muslim soldiers who fought in World War I have been attacked and defaced in French city Carcassonne.,thelocal.fr,http://www.thelocal.fr/2130/20111227/
2011-12-28,20:10:40,ntir1,330,"Anonymous activist Barrett Brown: ""We're in a state of conflict with the Government. Either we are going to jail or we're going to win.""",theaustralian.com.au,http://www.theaustralian.com.au/news/world/anonymous-hackers/story-e6frg6so-1226231714054
2011-12-28,10:36:27,nt29o,275,Afghan police have rescued a teenage girl who was beaten and locked up in a toilet for over five months after she defied her in-laws who tried to force her into prostitution.,google.com,http://www.google.com/hostednews/afp/article/ALeqM5jOs900IEBGM_dQP3Qm7xcfke3tQA?docId=CNG.bdb91d2535f07200376abcf8e50a44f2.271
2011-12-28,01:07:25,nsf11,266,Israel to rally against Jewish extremism,globalpost.com,http://www.globalpost.com/dispatch/news/regions/middle-east/israel-and-palestine/111227/israel-beit-shemesh-rally-jewish-extremism?fullpage
2011-12-28,09:10:15,nsyzm,226,Japan leads the way in sexless love,guardian.co.uk,http://www.guardian.co.uk/commentisfree/2011/dec/27/japan-men-sexless-love
2011-12-28,12:24:57,nt6g2,183,"The World's Worst Human Rights Observer --- As Arab League monitors work to expose President Bashar al-Assad's crackdown, the head of the mission is a Sudanese general accused of creating the fearsome ""janjaweed,"" which was responsible for the worst atrocities during the Darfur genocide",foreignpolicy.com,http://www.foreignpolicy.com/articles/2011/12/27/the_worlds_worst_human_rights_observer?page=full
2011-12-28,20:44:00,ntjcx,137,"China bullet train crash 'caused by design flaws':  A bullet train crash which killed 40 people in China in July was caused by design flaws and sloppy management, the Chinese government says.",bbc.co.uk,http://www.bbc.co.uk/news/world-asia-china-16345592
2011-12-29,03:45:25,ntxfj,128,"India's Techies Angered Over Internet Censorship Plan
",npr.org,http://www.npr.org/2011/12/28/143600310/indias-techies-angered-over-internet-censorship-plan
2011-12-29,02:03:58,ntszp,107,Afghan child bride kept locked in toilet for 5 months for defying in-laws who tried to force her into prostitution,globalpost.com,http://www.globalpost.com/dispatch/news/regions/asia-pacific/afghanistan/111227/child-bride-abuse-toilet-afghanistan-mother-in-law
2011-12-29,06:48:39,nu56l,102," Venezuela is offering free surgeries for women to remove faulty ""French-made"" breast implants, the country's top health official said.",bbc.co.uk,http://www.bbc.co.uk/news/world-latin-america-16345171
2011-12-28,23:41:13,ntnpi,92,Cyprus announces major natural gas find,ekathimerini.com,http://www.ekathimerini.com/4dcgi/_w_articles_wsite2_1_28/12/2011_420183
2011-12-29,04:19:05,ntyvv,56,Sea Shepherd Ship Severely Damaged by Rogue Wave,seashepherd.org,http://www.seashepherd.org/news-and-media/2011/12/28/sea-shepherd-ship-severely-damaged-by-rogue-wave-1300
2011-12-28,21:35:57,ntkcz,57,What Really Frightens the Oil-Rich Arab Monarchies,bloomberg.com,http://www.bloomberg.com/news/2011-12-28/what-really-frightens-the-oil-rich-arab-monarchies-noe-raad.html
2011-12-29,01:55:06,ntsll,57,Egypt: Muslim Brotherhood vows to protect churches ,news.msn.co.nz,http://news.msn.co.nz/worldnews/8395962/egypt-islamists-vow-to-protect-churches
2011-12-29,00:16:18,ntow2,50,A powerful political group led by the anti-US cleric Muqtada al-Sadr has called for Iraq's parliament to be dissolved and early elections to be held.,smh.com.au,http://www.smh.com.au/world/powerful-cleric-defies-iraqi-government-20111227-1pbn0.html
2011-12-28,21:07:27,ntjru,49,"Seven hurt as bomb hits Arabic school in Nigeria -- Assailants threw a crude homemade bomb into an Arabic school in southern Nigeria's Delta state overnight, police said, wounding seven people and escalating tensions between Muslims and Christians after a spate of church bombings across the nation.",reuters.com,http://www.reuters.com/article/2011/12/28/us-nigeria-school-bomb-idUSTRE7BR0CM20111228
2011-12-29,07:36:02,nu74h,47,Venezuela's Chavez asks: Could U.S. have technology to cause cancer?,theglobeandmail.com,http://www.theglobeandmail.com/news/world/venezuelas-chavez-asks-could-us-have-technology-to-cause-cancer/article2285495/?utm_medium=feed&utm_source=feedburner&utm_content=Google+Reader&utm_campaign=Feed%3A+TheGlobeAndMail-International+%28The+Globe+and+Mail+-+World+News%29
2011-12-28,22:19:03,ntlci,46,"For Somali Women, Pain of Being a Spoil of War",nytimes.com,http://www.nytimes.com/2011/12/28/world/africa/somalia-faces-alarming-rise-in-rapes-of-women-and-girls.html?_r=1&ref=world
2011-12-28,13:58:02,nt9za,26,"Russian court is to decide whether a religious text central to the global Hare Krishna movement is “extremist’ and should be banned, in a case that has angered Hindus around the world",washingtonpost.com,http://www.washingtonpost.com/world/europe/russian-court-to-consider-ban-on-key-text-of-hare-krishna-movement/2011/12/28/gIQA1GUgLP_story.html?wprss=rss_world
2011-12-29,02:26:31,nttyd,22,BBC News - US warns Iran over threat to block oil route,bbc.co.uk,http://www.bbc.co.uk/news/world-middle-east-16348633
2011-12-29,05:12:45,nu17g,22,"8-Year-Old Inspires Protests After Radical Jews Call Her a ‘Whore,’ Spit on Her - Yahoo! News",news.yahoo.com,http://news.yahoo.com/8-old-inspires-protests-radical-jews-call-her-142610765.html
2011-12-29,02:12:57,nttck,23,"Turkey has given permission for the South Stream gas pipeline to be built across its territories, giving the project a clear run into the lucrative energy markets of Europe.",bbc.co.uk,http://www.bbc.co.uk/news/business-16348360
2011-12-28,23:16:35,ntmxm,20,"The Perils of Journalism in Pakistan: Living in Fear of Intelligence Agents --- Reporters Without Borders has named Pakistan the most deadly country in the world for journalists. The biggest threat is not terrorists, but the intelligence service, a prominent talk show moderator alleges. ",spiegel.de,"http://www.spiegel.de/international/world/0,1518,805639,00.html"
2011-12-28,18:48:50,nthbw,18,"""Most citizens regard war as a car crash, a random, irrational event that just happens. They do not see it as the outcome of a political process to which as democrats they are party""",guardian.co.uk,http://www.guardian.co.uk/commentisfree/2011/dec/27/britain-imperial-echoes-ruinous-wars
2011-12-28,21:30:57,ntk9l,19,Fear and money laundering in Costa Rica: Drug cartels have found Costa Rica to be a prime spot for washing and stashing illicit cash,globalpost.com,http://www.globalpost.com/dispatch/news/regions/americas/costa-rica/111221/costa-rica-drug-cartels-money-laundering-part-one
2011-12-28,21:46:09,ntkk1,14,Leading Aussies victims of Stratfor hacking: credit card details of millionaire MP Malcolm Turnbull and billionaire businessman David Smorgon have been published on the internet,theaustralian.com.au,http://www.theaustralian.com.au/national-affairs/leading-aussies-victims-of-stratfor-hacking/story-fn59niix-1226232233475
2011-12-28,14:23:28,ntav0,17,"Argentinian president, Cristina Kirchner to be treated for thyroid cancer",guardian.co.uk,http://www.guardian.co.uk/world/2011/dec/28/cristina-kirchner-thyroid-cancer
