2011-01-15,01:33:24,f2bpj,2211,"Current Tunisian govt in State of Emergency after days of protests by students due to unemployment, limited freedoms, inflation. Live rounds fired at protesters. 'Revolution' started after an unemployed student burned himself to death in an act of protest. Lets get this story more air time.",english.aljazeera.net,http://english.aljazeera.net/news/africa/
2011-01-15,22:11:44,f2t00,361,Australian floods: Why were we so surprised? Meteorologists warned Australians six months ago to prepare for a soaking. And nobody did a thing ...,guardian.co.uk,http://www.guardian.co.uk/environment/2011/jan/15/australian-floods-queensland-germaine-greer
2011-01-16,00:07:49,f2ubg,336,"Chinese authorities begin to implement new controls on the content of phone text messages ...  lists emerge showing hundreds of banned keywords, including ""democracy"", ""human rights,"" and ""telling the truth"" ",rfa.org,http://www.rfa.org/english/news/china/controls-01062011123855.html
2011-01-16,00:12:50,f2uei,249,A wounded fox shot its would be killer in Belarus by pulling the trigger on the hunter's gun as the pair scuffled,telegraph.co.uk,http://www.telegraph.co.uk/news/newstopics/howaboutthat/8258540/Fox-shoots-hunter-in-Belarus.html
2011-01-15,13:13:04,f2nyv,216,This is how we do it in Australia.,abc.net.au,http://www.abc.net.au/news/stories/2011/01/15/3113452.htm?section=justin
2011-01-15,14:29:20,f2oz8,142,"From Algeria to Tunisia to Jordan, the Arab world's discontent is turning into REVOLT! Don't ignore them! ",thehindu.com,http://www.thehindu.com/opinion/op-ed/article1087646.ece
2011-01-15,16:08:57,f2q38,138,A new danger is stalking Australian flood victims - bull Sharks are swimming the city streets,theblaze.com,http://www.theblaze.com/stories/aggressive-sharks-pose-new-danger-for-australian-flood-victims/
2011-01-15,11:23:09,f2mgd,122,"In India, 96.5% kids go to school - a big step towards universal elementary education",timesofindia.indiatimes.com,http://timesofindia.indiatimes.com/india/In-India-965-kids-go-to-school-Survey/articleshow/7288637.cms
2011-01-16,05:09:04,f2yp6,91,Report: Belarusian mobile operators ratted out demonstrators to police - Gave geo locations,boingboing.net,http://www.boingboing.net/2011/01/15/report-belarusian-mo.html
2011-01-15,03:51:46,f2enb,90,The Wikileak that made Tunisians so upset...,businessinsider.com,http://www.businessinsider.com/tunisia-wikileaks-2011-1
2011-01-15,23:43:36,f2u0d,90,Berlusconi now placed under official legal investigation on suspicion of sex with underage prostitute and of abusing his position to pressure the police. Potential sentence: 15 years in jail. ,guardian.co.uk,http://www.guardian.co.uk/world/2011/jan/14/berlusconi-under-investigation-underage-prostitute
2011-01-15,09:05:19,f2khh,94,"This WikiLeaked cable helped spark Tunisia's revolution, yet U.S. vice president calls Assange a terrorist",guardian.co.uk,http://www.guardian.co.uk/world/us-embassy-cables-documents/218324
2011-01-15,09:32:03,f2kvi,82,"Tonight we are all Tunisians. It was the final 
testament to the brutality of a dictator who has had 
the support of European leaders and various 
presidents of the United States.",foreignpolicyjournal.com,http://www.foreignpolicyjournal.com/2011/01/15/tonight-we-are-all-tunisians/
2011-01-16,02:43:27,f2wkk,64,Israel has it's own Rally to restore sanity.,haaretz.com,http://www.haaretz.com/news/national/thousands-protest-in-tel-aviv-against-knesset-probe-of-ngos-1.337188
2011-01-16,04:45:31,f2yc6,44,In peril -  the Arab status quo - A dictator’s fall in Tunisia resounds in a region full of governments that don’t work.,nytimes.com,http://www.nytimes.com/2011/01/16/weekinreview/16shadid.html
2011-01-15,21:44:34,f2spx,47,Bangladesh arrests leader behind 'beggar amputees',thehimalayantimes.com,http://www.thehimalayantimes.com/fullNews.php?headline=Bangladesh+arrests+leader+behind+%27beggar+amputees%27&NewsID=273205
2011-01-16,03:33:28,f2x9z,34,"Jordanians march against inflation: Thousands vent anger in Amman and other cities against government's
inability to rein in prices and poverty.",english.aljazeera.net,http://english.aljazeera.net/news/middleeast/2011/01/20111141219337111.html
2011-01-16,03:33:43,f2xa8,25,Tunisia: Will revolt spread in North Africa?,globalpost.com,http://www.globalpost.com/dispatch/egypt/110114/tunisia-will-revolt-spread-north-africa
2011-01-16,02:40:40,f2wj5,25,Iraqi soldier guns down two US troops in Mosul drill,bbc.co.uk,http://www.bbc.co.uk/news/world-middle-east-12199578
2011-01-16,00:49:10,f2uvi,28,"Google criminally charged for illegally collecting private information
",newswithviews.com,http://www.newswithviews.com/Kouri/jim122.htm
2011-01-16,02:33:31,f2weo,21,More censorship in Venezuela,bbc.co.uk,http://www.bbc.co.uk/news/world-latin-america-12198502
2011-01-15,10:20:45,f2lku,18,The Dalits of india are building a temple in the honor of English language: they believe it can liberate them from the oppressions of the caste system,guardian.co.uk,http://www.guardian.co.uk/education/2011/jan/11/learning-english-india-dalits-rahman
2011-01-15,18:48:25,f2rdo,21,"Tunisia’s president toppled by Twitter Revolution (and he fled into the arms of The House of Saud, never ones to turn their back on a maleficent despot in need, like Idi Amin, who spent the remainder of his years in Jedda after a career that featured slaying 100,000 Ugandans)",examiner.com,http://www.examiner.com/geopolitics-in-national/tunisia-s-president-toppled-by-twitter-revolution-photos-video
2011-01-16,01:57:49,f2vun,18,Ghana : 600 Liberian women refugees stage Naked protest to express their unwillingness to integrate into the Ghanaian society...demand resettlement into US and $1000 instead of the $100 given to them by the UN refugee agency HCR,afrik-news.com,http://www.afrik-news.com/article12873.html
2011-01-15,11:53:42,f2mw7,15,BP and Russia strike up an Arctic oil deal.,bbc.co.uk,http://www.bbc.co.uk/news/business-12195576
2011-01-15,17:52:50,f2qz0,14,A new account of the gruesome death of a village leader fighting for better compensation for seized land is renewing suspicions of police involvement and adding to a growing credibility issue for China's government. ,guardian.co.uk,http://www.guardian.co.uk/world/feedarticle/9452546
2011-01-15,19:48:02,f2rti,13,Britain & France lead European condemnation of Abdallah Abu Rahma’s sentencing,972mag.com,http://972mag.com/england-and-france-lead-european-condemnation-of-abdallah-abu-rahmha’s-sentencing/
2011-01-15,19:08:05,f2rj2,11,Ben Ali ousted: Tunisian constitution council,news.xinhuanet.com,http://news.xinhuanet.com/english2010/world/2011-01/15/c_13692325.htm
2011-01-16,03:33:49,f2xab,12,"""The War on WikiLeaks"" by John Pilger",original.antiwar.com,http://original.antiwar.com/pilger/2011/01/14/the-war-on-wikileaks/
2011-01-15,21:25:39,f2sk8,9,EU to ban Icelandic mackerel as dispute over 'excessive' catches intensifies; Row over threat to commercial stocks & fishermen's livelihoods may harm Reykjavik's bid to join European Union,guardian.co.uk,http://www.guardian.co.uk/world/2011/jan/14/eu-european-union-iceland-mackerel
