2011-07-01,09:49:35,idrth,244,"""Being told to kill peaceful civilians is the most brutal thing that ever happened to me,"" says defected former sniper.",english.aljazeera.net,http://english.aljazeera.net/indepth/features/2011/06/20116288467948423.html??
2011-07-01,02:40:53,idfmg,114,A Incredible Rare Look At Life In North Korea [pics],businessinsider.com,http://www.businessinsider.com/life-in-north-korea-photos-2011-6?op=1
2011-07-01,22:53:31,ie78h,112,"Hama, Syria: thousands of anti-government 
protesters unfurl a mile-long flag. Today is dubbed 
""the Friday of Go Away"" by Syrian activists.",youtube.com,http://www.youtube.com/watch?v=NlgF3CZbQBU
2011-07-01,21:38:45,ie5of,94,Danish company restricts death penalty drug,irishtimes.com,http://www.irishtimes.com/newspaper/breaking/2011/0701/breaking17.html
2011-07-01,21:38:22,ie5o8,87,Bahrain orders citizens living abroad to spy on other expats and sign 'loyalty pledges',msnbc.msn.com,http://www.msnbc.msn.com/id/43590958
2011-07-01,22:08:25,ie69e,70,12 people killed in Juárez in less than 24 hours,elpasotimes.com,http://www.elpasotimes.com/ci_18384226?source=most_viewed
2011-07-01,12:00:44,idv67,68,Hugo Chavez admits cancerous tumor.,english.aljazeera.net,http://english.aljazeera.net/news/americas/2011/07/201171204137510.html
2011-07-01,09:57:14,idrzo,67,"Germany - When advisers working for a bank recommend a particular stock or bond to an investor, as of July 1 they will also have to hand over a leaflet laying out how the particular financial instrument will work, what risks are involved and how market fluctuations can affect future yields.  ",dw-world.de,"http://www.dw-world.de/dw/article/0,,15202535,00.html"
2011-07-01,17:37:49,ie28l,51,"Marathon length:
China celebrates opening of the world's longest sea bridge - supported by 5,200 pillars",onenewspage.com,http://www.onenewspage.com/news/Asia-Pacific/20110701/23667442/China-celebrates-opening-of-the-world-longest.htm
2011-07-02,06:01:32,ieivm,49,"A group set up to counter lobbying from the Banking 
sector was officially launched today",ft.com,http://www.ft.com/cms/s/0/be181a02-a387-11e0-8990-00144feabdc0.html#axzz1QtCA2T00
2011-07-01,20:37:35,ie4ph,35,"Massive anti-government protest in Qaboun, suburb 
of Damascus, today (Friday July 1, 2011). Activists 
claim more than 30,000 people in attendance in 
Qaboun alone. The Syrian government's promises 
of ""dialogue"" have done nothing to keep protesters 
off the street.",youtube.com,http://www.youtube.com/watch?v=A23pOZJuGBw
2011-07-02,03:35:03,ief0h,37,The abuses of austerity: A new plan to cut Greece’s debt looks doomed to fail,economist.com,http://www.economist.com/node/18897415
2011-07-01,15:24:02,idzv7,36,"Rebels in Libya's west gain ground: Aided by NATO airstrikes, they move within 50 miles of the capital. But they sense a bloodbath coming, with civilians caught in the crossfire.",latimes.com,"http://www.latimes.com/news/nationworld/world/la-fg-libya-rebels-20110701,0,3175715.story"
2011-07-01,21:03:34,ie52o,37,"Greece to Receive Up to $124 Billion in New EU, IMF Financing ",bloomberg.com,http://www.bloomberg.com/news/2011-07-01/greece-to-receive-up-to-124-billion-in-new-aid.html
2011-07-01,11:04:21,idto0,30,Dominique Strauss-Kahn Will Be The Next President Of France,businessinsider.com,http://www.businessinsider.com/dominique-strauss-kahn-will-be-the-next-president-of-france-2011-6
2011-07-02,07:11:26,iekjr,27,Gaza-bound boat: Greek commandos forced us back,ynetnews.com,"http://www.ynetnews.com/articles/0,7340,L-4089905,00.html"
2011-07-01,18:21:45,ie2xb,25,Danish drugmaker seeks to prevent use of drug it makes in American executions,france24.com,http://www.france24.com/en/20110701-danish-firm-prevent-use-drug-executions
2011-07-01,09:25:16,idr9p,26,"Fukushima children test positive for internal radiation exposure
",guardian.co.uk,http://www.guardian.co.uk/world/2011/jun/30/fukushima-children-radiation-tests-caesium
2011-07-01,13:18:10,idx2m,24,Morocco to vote on King Mohammed's reforms: Moroccans are preparing to head to the polls to vote on a series of constitutional amendments and reforms.,bbc.co.uk,http://www.bbc.co.uk/news/world-africa-13976480
2011-07-02,00:44:56,iea7y,21,Venezuelan President Hugo Chavez reveals he has been stricken with cancer and has undergone surgery in Cuba,washingtonpost.com,http://www.washingtonpost.com/world/chavez-allies-urge-calm-as-he-battles-cancer/2011/07/01/AG7ZqZtH_story.html
2011-07-01,23:26:07,ie824,20,"It's All Greek to Them --- 
What Europeans just don't get about Greece. Hint: Despite appearances, they're not all lazy anarchists.",foreignpolicy.com,http://www.foreignpolicy.com/articles/2011/06/30/its_all_greek_to_them
2011-07-01,22:36:51,ie6vd,20,"China arrests 36 for fraud on Alibaba and other sites: Chinese police have arrested 36 people connected with operating an online fraud on Alibaba.com and other websites, the company has said.",bbc.co.uk,http://www.bbc.co.uk/news/business-13986308
2011-07-01,18:21:36,ie2x8,18,"China's communists mark 90th, hail party's success",msnbc.msn.com,http://www.msnbc.msn.com/id/43602973/ns/world_news-asia_pacific/
2011-07-02,05:46:18,ieihf,16,"For three months in a row, deforestation rates in the Amazon have risen as much as 400% compared with same months last year",blogs.nature.com,http://blogs.nature.com/news/2011/07/deforestation_rises_in_the_ama.html
2011-07-02,05:43:52,ieif7,18,"New Moroccan constitution guarantees the rights of women and minorities, and increases the powers of the parliament and judiciary, ostensibly at the expense of the kings.",guardian.co.uk,http://www.guardian.co.uk/world/2011/jul/01/morocco-voters-bac-king-constitution
2011-07-01,10:57:10,idtib,15,Strauss-Kahn Case Seen as in Jeopardy - Maybe the French media was right - DSK may have been set-up-ed,nytimes.com,http://www.nytimes.com/2011/07/01/nyregion/strauss-kahn-case-seen-as-in-jeopardy.html?_r=1&hp
2011-07-02,03:51:43,iefgd,15,Cuba to allow people to buy and sell their cars and homes,bbc.co.uk,http://www.bbc.co.uk/news/world-latin-america-13998167
2011-07-01,16:53:00,ie1j8,16,Dominique Strauss-Kahn: 'Doubts' over maid's credibility,bbc.co.uk,http://www.bbc.co.uk/news/world-us-canada-13986970
2011-07-01,16:29:05,ie14i,13,How people connected to Japan used Twitter after the March tsunami/quake,flickr.com,http://www.flickr.com/photos/twitteroffice/5885172082/
2011-07-02,04:32:50,iegkd,13,"Gaddafi Threatens Europe's ""homes, offices, families"" unless Nato stops its campaign.",bbc.co.uk,http://www.bbc.co.uk/news/world-africa-13997322
