2011-05-23,01:34:21,hhdl5,1551,Egypt sentences Police Officer to death for killing protesters ,reuters.com,http://www.reuters.com/article/2011/05/22/us-egypt-police-death-idUSTRE74L1XX20110522
2011-05-23,22:59:16,hi1jt,1236,"The war on drugs in Mexico, decreed by Calderón, part-funded by millions of dollars in U.S. govt aids, has not only failed to curb the trade but intensified horrific violence, corruption and human-rights abuses - 37,000 Mexicans have been murdered, often tortured and brutalized before their deaths",seattletimes.nwsource.com,http://seattletimes.nwsource.com/html/opinion/2015108756_peirce22.html
2011-05-23,22:39:42,hi165,421,"South African rapture believers stuck with huge hotel bill. Instead of going to heaven, a group of South Africans who checked into a Johannesburg hotel to await the end of the world now have a big bill to pay.",globalpost.com,http://www.globalpost.com/dispatch/news/offbeat/110523/rapture-judgment-day-south-africa-johannesburg-hotel-bill
2011-05-23,06:48:29,hhjuv,247,Pakistani naval base under attack - At least four killed as special forces continue to battle armed men who attacked naval aviation facility in Karachi.,english.aljazeera.net,http://english.aljazeera.net/news/asia/2011/05/201152218582675282.html
2011-05-23,23:58:22,hi2tl,218,[Wikileaks] Saudi Arabia and UAE spending $100 million annually in Pakistan on religious organizations.,tribune.com.pk,http://tribune.com.pk/story/173813/saudi-king-abdullah-vows-to-help-Pakistan/
2011-05-23,03:13:51,hhfhi,180,"Byron Sonne: Canadian security geek jailed for taunting G20 security theatre; who lost everything - his marriage, his home, his livelihood - because he couldn't figure out how to contain or express his disgust with the state's increasing encroachment on personal liberty",boingboing.net,http://www.boingboing.net/2011/05/21/byron-sonne-canadian.html
2011-05-23,19:31:16,hhyav,176,Israel approves 294 more illegal settlements in the West Bank,jpost.com,http://www.jpost.com/DiplomacyAndPolitics/Article.aspx?id=221739
2011-05-24,06:21:31,hicrc,173,Cisco sued for helping China monitor Internet,physorg.com,http://www.physorg.com/news/2011-05-cisco-sued-china-internet.html
2011-05-23,05:50:58,hhioq,160,"Prison in Norway with Rapists, murders and drug dealers, has no walls, no bars, and no locks. Also lacking are murders and suicides. ",theweek.com,http://theweek.com/article/index/212738/prison-without-punishment
2011-05-23,07:15:13,hhked,116, Iranian President Mahmoud Ahmadinejad Accuses the Europeans of Emptying the Clouds So That Iran Would Have No Rain,memritv.org,http://www.memritv.org/clip/en/2945.htm
2011-05-23,10:23:37,hhoc5,105,NSFW  A child girl shot in the eye by Syrian security forces.,liveleak.com,http://www.liveleak.com/view?i=2f7_1306113091
2011-05-23,16:13:04,hhvhp,93,US ran 'secret terror hunt' in Sweden: report,thelocal.se,http://www.thelocal.se/33920/20110523/
2011-05-24,00:53:31,hi46a,85,China detains 300 Tibetan monks for 'legal education' after a monk set himself on fire,guardian.co.uk,http://www.guardian.co.uk/world/2011/may/23/tibetan-monks-detained-china-sichuan
2011-05-23,23:20:38,hi1yx,67,New autopsy to determine cause of death of former Chilean President Salvador Allende. Allende died during the 1973 coup that brought Pinochet to power.,english.aljazeera.net,http://english.aljazeera.net/news/americas/2011/05/201152303453146372.html
2011-05-23,23:20:35,hi1yv,67,"US intensifies drone attacks in Pakistan: Despite death of Osama bin Laden, drone attacks continue to pound North Waziristan",globalpost.com,http://www.globalpost.com/dispatch/news/regions/asia-pacific/pakistan/110520/al-qaeda-osama-bin-laden-north-waziristan
2011-05-23,23:13:18,hi1tc,57,"Unbelievable: Syrian security forces open fire on a women protest, killing four.",liveleak.com,http://www.liveleak.com/view?i=dc4_1306155093
2011-05-23,02:21:26,hhefg,54,AFP: Israel 'approves new West Bank settler homes',google.com,http://www.google.com/hostednews/afp/article/ALeqM5jp2aqdC4bIfjOi3cM3TYPT5X1HaQ?docId=CNG.2961e630fcbff1b543b086131b6b10f5.a31
2011-05-24,06:02:51,hicam,58,"Into the Fire, Documentary on the Toronto G20 Riots.",youtube.com,http://www.youtube.com/watch?v=zejD0UkMGGY&feature=feedwll&list=WL
2011-05-24,00:56:22,hi49f,47,EGYPT: Hosni Mubarak reportedly may go to court within 72 hours,latimesblogs.latimes.com,http://latimesblogs.latimes.com/babylonbeyond/2011/05/egypt-controversial-newspaper-reports-mubarak-may-go-to-court-1.html?cid=6a00d8341c630a53ef014e889c4f79970d
2011-05-23,10:30:26,hhohq,45,Ambulances on stand by at Ben Gurion Airport (Tel Aviv) for emergency landing of a plane w/ 279 ppl on board. [pic],twitpic.com,http://twitpic.com/51bbop/full
2011-05-24,06:31:00,hid1f,34,"U.K. Soldiers Can't Die in Iraq Anymore: Eight years and 179 dead after arriving, final British troops pull out",thechronicleherald.ca,http://thechronicleherald.ca/World/1244791.html
2011-05-23,17:11:43,hhwdi,30,The Real Reason for NATO Attacking Libya,youtube.com,http://www.youtube.com/watch?v=O35_Ai6EsMU&feature=player_embedded
2011-05-24,00:35:18,hi3qf,28,"Nato has been bombarding pro-Gaddafi forces in Libya since 31 March 2011 in Operation ""Unified Protector."" Here is an interactive/unfolding map of targets by the day they were reported. ",guardian.co.uk,http://www.guardian.co.uk/news/datablog/interactive/2011/may/23/libya-nato-bombing-no-fly-zone
2011-05-24,05:27:29,hibcg,25,"Saudi woman drives, goes to jail",csmonitor.com,http://www.csmonitor.com/World/Backchannels/2011/0523/Saudi-woman-drives-goes-to-jail
2011-05-23,17:16:07,hhwfe,22,Reports of Mullah Omar’s death are greatly exaggerated,examiner.com,http://www.examiner.com/afghanistan-headlines-in-national/reports-of-mullah-omar-s-death-are-greatly-exaggerated
2011-05-23,10:57:13,hhp2i,23,"Sudan's seizure of key border town reignites concerns of civil war: According to South Sudanese leaders, the seizure of the strategic, oil-rich town of Abyei was a declaration of war by the northern government.",csmonitor.com,http://www.csmonitor.com/World/Africa/2011/0522/Sudan-s-seizure-of-key-border-town-reignites-concerns-of-civil-war
2011-05-23,19:47:14,hhyi2,23,Pakistani forces end naval base attack,english.aljazeera.net,http://english.aljazeera.net//news/asia/2011/05/20115238375948314.html
2011-05-24,05:45:29,hibuz,15,Preliminary Findings Suggest Pilot Error in Air France 447 Crash,online.wsj.com,http://online.wsj.com/article/SB10001424052702304066504576341631579541512.html?mod=e2tw
2011-05-24,04:00:37,hi8yo,17,"France, UK to Deploy Attack Helicopters in Libya",news.yahoo.com,http://news.yahoo.com/s/nm/20110523/wl_nm/us_libya
2011-05-24,05:48:08,hibxv,12,"Hatred of India arising from Pakistan's defeat in the 1971 war drove him to the terror outfit Lashkar-e-Taiba, David Coleman Headley, the Pakistani expatriate who involved in the 26/11 Mumbai terror attack told a Chicago court",timesofindia.indiatimes.com,http://timesofindia.indiatimes.com/world/us/Implicating-ISI-in-terror-Headley-says-hatred-of-India-after-1971-war-drove-him-to-LeT/articleshow/8541662.cms
