2011-10-09,05:30:11,l5dkq,1470,"(German hacker club) CCC reverse engineers German government trojan found in the wild, builds GUI for it",ccc.de,http://www.ccc.de/en/updates/2011/staatstrojaner
2011-10-09,21:27:34,l5yiz,1411,"Occupy Wall Street-style protests spreading to Britain - “People are not stakeholders in democracy, in the workings of the nation anymore.""",worldblog.msnbc.msn.com,http://worldblog.msnbc.msn.com/_news/2011/10/09/8234525-occupy-wall-street-style-protests-spread-to-britain
2011-10-09,19:19:01,l5wtx,591,"""Palestinian officials urge Blair to quit"" as he is accused of using his position to further business interests while lobbying against Palestine",english.aljazeera.net,http://english.aljazeera.net//news/middleeast/2011/10/201110971547747750.html
2011-10-09,12:10:20,l5og9,480,Hugo Chavez condemns ‘horrible repression’ of Wall Street protests,theglobeandmail.com,http://www.theglobeandmail.com/news/world/hugo-chavez-condemns-horrible-repression-of-wall-street-protests/article2195735/
2011-10-09,08:59:18,l5jcg,187,"A manager at a South Pole research station is campaigning for her own evacuation, accusing 'big business and big government'"" of stranding her in Antarctica after she suffered a stroke.",telegraph.co.uk,http://www.telegraph.co.uk/news/worldnews/antarctica/8815404/Trouble-at-South-Pole-Get-me-out-of-here-urges-manager-who-suffered-a-stroke.html
2011-10-09,21:23:58,l5yhc,185,"'Bridenapping' – a growing hidden crime: In at least 17 countries around the world, young girls are being abducted, raped and forced into marriage",independent.co.uk,http://www.independent.co.uk/news/world/politics/bridenapping-ndash-a-growing-hidden-crime-2367811.html
2011-10-09,23:01:08,l606z,160,"TIL the UN has a World Intellectual Property Organization, and naturally they feel the Web would have been better if it was patented and its users had to pay license fees",boingboing.net,http://boingboing.net/2011/10/08/wipo-boss-the-web-would-have-been-better-if-it-was-patented-and-its-users-had-to-pay-license-fees.html
2011-10-10,06:04:02,l6c4n,149,At least 19  killed as death toll climbs in clashes between Copts and Egypt’s security forces,english.alarabiya.net,http://english.alarabiya.net/articles/2011/10/09/170992.html
2011-10-10,02:54:02,l6693,128,"Riots erupt as Christians protest in Cairo, 1 dead",hosted.ap.org,http://hosted.ap.org/dynamic/stories/M/ML_EGYPT?SITE=AP&SECTION=HOME&TEMPLATE=DEFAULT&CTIME=2011-10-09-13-27-33
2011-10-09,10:45:41,l5m7o,98,"Saudi beheading of eight Bangladesh workers condemned:  The public execution of eight Bangladeshi migrant workers in Saudi Arabia has been condemned by a leading human rights group in Bangladesh, Ain O Salish Kendra. ",bbc.co.uk,http://www.bbc.co.uk/news/world-south-asia-15228607
2011-10-10,03:41:03,l67o0,90,Bilderberg 2011: The opposition steps up,guardian.co.uk,http://www.guardian.co.uk/world/blog/2011/jun/11/bilderberg-switzerland
2011-10-09,22:23:47,l5zg9,76,"Crime Lords Of Tokyo --- 
Great pictures of Yakuza members, associates, and—especially—their tattoos. With some nice snippets of text, including a gang boss's apologia for his work: ""There are affairs in this society that no one can handle. No one but us""",channel.nationalgeographic.com,http://channel.nationalgeographic.com/channel/ng-investigates/crime-lords-of-tokyo-pictures/
2011-10-10,01:28:21,l63qd,64,UK Protesters against NHS reforms occupy Westminster Bridge,guardian.co.uk,http://www.guardian.co.uk/uk/2011/oct/09/anti-nhs-reforms-protest-block-bridge?newsfeed=true
2011-10-10,04:44:42,l69m4,59,Unicef criticises Britain for jailing children over riots,guardian.co.uk,http://www.guardian.co.uk/uk/2011/oct/09/unicef-britain-riots-children-jailed
2011-10-09,23:40:34,l611r,56,Egypt’s ruling Supreme Council of the Armed Forces (SCAF) says it will not allow the country’s next president the constitutional authority to appoint the armed forces’ chief.,almasryalyoum.com,http://www.almasryalyoum.com/en/node/503127
2011-10-09,22:34:01,l5znn,58,"Climate Change And The End of Australia --- 
Rivers are drying up. Reefs are dying. Fires, floods, droughts and locust plagues are ravaging the continent. Australia is one of the world's most intensive users of fossil fuels. Now the climate gods are taking their revenge",rollingstone.com,http://www.rollingstone.com/politics/news/climate-change-and-the-end-of-australia-20111003
2011-10-09,09:08:50,l5jmd,53,"Arab graves vandalized in Israeli city. Some were smashed, others were spray painted with ""death to all Arabs.""",cnn.com,http://www.cnn.com/2011/10/08/world/meast/israel-graves-vandalized/index.html
2011-10-09,22:08:46,l5z6g,41,Man with girl in car escapes Saudi religious police in 140-km chase,emirates247.com,http://www.emirates247.com/news/region/man-escapes-religious-police-in-140-km-chase-2011-10-09-1.422530
2011-10-10,00:44:41,l62ig,37,Coming Soon: The Drone Arms Race,nytimes.com,http://www.nytimes.com/2011/10/09/sunday-review/coming-soon-the-drone-arms-race.html
2011-10-09,06:09:52,l5eqf,43,"""Greece is near bankruptcy and must give up part of its sovereignty to obtain the large debt forgiveness it needs to survive, a leading conservative member of German parliament was quoted as saying on Saturday [8 October 2011].""",reuters.com,http://www.reuters.com/article/2011/10/08/greece-germany-paper-idUSL5E7L80AX20111008
2011-10-09,14:09:35,l5rjh,40,2 Tibetan former monks set themselves on fire in latest protest against China,washingtonpost.com,http://www.washingtonpost.com/world/asia-pacific/2-tibetan-former-monks-set-themselves-on-fire-in-latest-protest-against-china/2011/10/07/gIQA1QmCUL_story.html
2011-10-10,00:46:39,l62k5,35,China has signed off a set of rules for its small but booming wealth management sector to temper rapid growth and prevent banks from exploiting loopholes to beat regulation.,nytimes.com,http://www.nytimes.com/reuters/2011/10/09/business/business-us-china-wealth-management.html
2011-10-09,05:18:52,l5da4,30,"In response to sagging popularity ratings Italian PM Silvio Berlusconi suggests his party change its name to ""Go Pussy"" ",guardian.co.uk,http://www.guardian.co.uk/world/2011/oct/07/berlusconi-go-pussy-quip-outrage?CMP=twt_gu
2011-10-09,21:32:43,l5ylq,32,The way forward? Prague may become the new Amsterdam with its lenient drug laws,globalpost.com,http://www.globalpost.com/dispatch/czech-republic/101127/marijuana-laws
2011-10-10,02:29:43,l65j5,29,Protesters attack Tunis TV station over film Persepolis,bbc.co.uk,http://www.bbc.co.uk/news/world-africa-15233442
2011-10-10,04:20:44,l68wg,27,Soldiers and civilians killed after a protest in the Egyptian capital Cairo against an attack on a Coptic Christian church.,bbc.co.uk,http://www.bbc.co.uk/news/world-middle-east-15235212
2011-10-10,02:22:53,l65bu,28,Anti-Assad activists storm Syrian embassies in Europe,jpost.com,http://www.jpost.com/MiddleEast/Article.aspx?id=241052
2011-10-09,15:42:42,l5tj1,29,"Czechs plan to heavily expand nuclear power, angering anti-nuke neighbors",washingtonpost.com,http://www.washingtonpost.com/business/industries/czechs-plan-to-heavily-expand-nuclear-power-angering-anti-nuke-neighbors/2011/10/08/gIQApNClUL_story.html
2011-10-09,09:43:11,l5kiy,21,"Iraq, siding with Iran, sends essential aid to Syria’s Assad",washingtonpost.com,http://www.washingtonpost.com/world/national-security/iraq-siding-with-iran-sends-lifeline-to-assad/2011/10/06/gIQAFEAIWL_story.html
2011-10-10,06:55:54,l6dnn,20,"Massive clashes that drew in Christians angry over a recent church attack, Muslims, and Egyptian security forces rage over a large section of downtown Cairo, leaving at least 19 people dead and more than 150 injured",news.yahoo.com,http://news.yahoo.com/riots-over-church-attack-egypt-kill-19-193024648.html;_ylt=ArrCNa36WU8P898DDn2ZjdKs0NUE;_ylu=X3oDMTNtMG9ldDJ1BG1pdANKdW1ib3Ryb24gRlAEcGtnAzZjY2Y5YjYxLTAyMzEtM2QzMi1hYjhlLTE5NDRiZWI4NzVkZgRwb3MDMQRzZWMDanVtYm90cm9uBHZlcgNiYjJlMGNlMC1mMmIzLTExZTAtYWZmYS04OGJmOGU4ZWEzMmU-;_ylg=X3oDMTFpNzk0NjhtBGludGwDdXMEbGFuZwNlbi11cwRwc3RhaWQDBHBzdGNhdANob21lBHB0A3NlY3Rpb25z;_ylv=3
