2011-03-05,03:19:44,fxgb9,2120,ATF Agent Admits To Reporter That He Was Ordered To Let Guns Cross Into Mexico On Orders From The Justice Dept.,cbsnews.com,http://www.cbsnews.com/video/watch/?id=7358389n
2011-03-05,18:35:21,fxuh5,1045,Anti-govt. protests held in Saudi Arabia,aljazeera.com,http://aljazeera.com/news/articles/34/Anti-govt-protests-held-in-Saudi-Arabia.html
2011-03-05,21:46:15,fxw2o,737,Saudi Arabia bans all protest and marches,reuters.com,http://www.reuters.com/article/2011/03/05/us-saudi-protests-idUSTRE72419N20110305?feedType=RSS&feedName=topNews&WT.tsrc=Social%20Media&WT.z_smid=twtr-reuters_TopNews&WT.z_smid_dest=Twitter
2011-03-06,05:05:03,fy2hj,263,"Happening now on Twitter:  Egyptian protester raid of State Security HQ reveals a huge cache of intelligence, including sex tapes and documents relating to rendition.",self.worldnews,https://www.reddit.com/r/worldnews/comments/fy2hj/happening_now_on_twitter_egyptian_protester_raid/
2011-03-05,22:46:37,fxwot,162,Britain seizes Libya-bound ship carrying £100m cash.,independent.co.uk,http://www.independent.co.uk/news/world/africa/britain-seizes-libyabound-ship-carrying-163100m-cash-2232934.html
2011-03-05,12:23:31,fxq6a,157,"Ilan Baruch, Israeli Diplomat: ""I can no longer represent Israel.""",axisoflogic.com,http://axisoflogic.com/artman/publish/Article_62433.shtml?utm_source=feedburner&utm_medium=feed&utm_campaign=Feed%3A+axisoflogic%2FAxisFeed+%28axisoflogic.com%29
2011-03-05,06:17:12,fxk7y,101,"20-year-old female police chief flees Mexico, may apply for asylum in US.",msnbc.msn.com,http://www.msnbc.msn.com/id/41904784/ns/world_news-americas/?GT1=43001
2011-03-05,18:32:53,fxugf,97,Jordan rejects constitutional monarchy,aljazeera.com,http://aljazeera.com/news/articles/34/Jordan-rejects-constitutional-monarchy.html
2011-03-06,07:54:26,fy54v,82,"Saudi Arabia activists warned that ban on protests will be enforced —
In a sign that the ultraconservative kingdom is growing nervous about discontent in its midst and on its borders, Saudi Arabia's Interior Ministry warns that public demonstrations are a violation of Sharia law.",latimes.com,"http://www.latimes.com/news/nationworld/world/la-fg-saudi-protest-20110306,0,3128624.story"
2011-03-05,01:49:19,fxedd,60,"China plans to track Beijing citizens through their mobiles. Government claims technology will ease transport congestion, but experts warn it could be used to control dissent
",guardian.co.uk,http://www.guardian.co.uk/world/2011/mar/04/china-tracking-beijing-citizens-mobiles
2011-03-06,04:15:19,fy1og,57,Three schools blown up in northwest Pakistan,dawn.com,http://www.dawn.com/2011/03/05/two-schools-destroyed-in-northwest-pakistan.html
2011-03-05,21:50:25,fxw45,54,Human Right Groups are warning that innocent black civilians are being raped and murdered by rebels in the eastern part of Libya,somalilandpress.com,http://somalilandpress.com/libya-rebels-execute-black-immigrants-while-forces-kidnap-others-20586
2011-03-06,00:19:10,fxxwc,46,"Indian nurses in Libya refuse to return home, say economic crisis back home is worse than the political turmoil in Libya",tehelka.com,http://www.tehelka.com/story_main49.asp?filename=Ws050311LIBYA.asp
2011-03-05,05:50:49,fxjpr,49,"China sees over 100,000 protests per year.  Perhaps the reason that the Jasmine Revolution failed there is b/c the police are just too ""good"" at suppression.",ibtimes.com,http://www.ibtimes.com/articles/119076/20110304/china-jasmine-revolution-port.htm
2011-03-05,08:22:24,fxmiv,44,Saudis mobilise thousands of troops to quell growing revolt - Robert Fisk,independent.co.uk,http://www.independent.co.uk/news/world/middle-east/saudis-mobilise-thousands-of-troops-to-quell-growing-revolt-2232928.html
2011-03-06,06:38:53,fy40z,42,Gaddafi's 'tanks fire at residential areas' ,telegraph.co.uk,http://www.telegraph.co.uk/news/worldnews/africaandindianocean/libya/8363260/Libya-Fierce-battle-for-Zawiyah-amid-claims-Gaddafis-tanks-fired-on-residential-areas.html
2011-03-05,13:45:44,fxrf4,36,CBC News - Libyan rebels suffer heavy casualties: reports,cbc.ca,http://www.cbc.ca/news/world/story/2011/03/04/libya-east-rebels.html
2011-03-05,11:39:38,fxpj5,40,"In Egypt, crowd cheers newly appointed prime minister Essam Sharaf",washingtonpost.com,http://www.washingtonpost.com/wp-dyn/content/article/2011/03/04/AR2011030406364.html
2011-03-05,20:43:36,fxvhw,37,"British Battalion ""The Black Watch"", On Stand-By to Deploy to Libya",telegraph.co.uk,http://www.telegraph.co.uk/news/worldnews/africaandindianocean/libya/8363012/Libya-British-Army-ready-for-mission-at-24-hours-notice.html
2011-03-05,18:29:56,fxufh,36,"Mexican president Calderon says WikiLeaks caused ""severe damage"" to US-Mexico relations",globalpost.com,http://www.globalpost.com/dispatch/news/regions/americas/mexico/110303/wikileaks-us-mexico-calderon-obama
2011-03-06,00:25:45,fxxzw,37,"Tortured By Al Qaeda In Pakistan --- 
Former Afghan consul general in Peshawar recounts 26 months of captivity after being kidnapped. Hours of torture, and ""hundreds of questions"" about CIA, Blackwater and ""the center of the drones."" Eventually let go",nytimes.com,http://www.nytimes.com/2011/03/03/world/asia/03kidnap.html?_r=1&ref=global-home&amp;pagewanted=all
2011-03-05,23:30:30,fxx8l,35,Gaddafi's son in total denial,english.aljazeera.net,http://english.aljazeera.net/video/africa/2011/03/20113455019719972.html
2011-03-06,05:15:13,fy2nd,32,People on Twitter troll PRC security forces into closing popular shopping malls to shutdown phantom protests,latimes.com,"http://www.latimes.com/news/nationworld/world/la-fg-china-jasmine-revolution-20110305,0,4166735.story"
2011-03-06,06:23:01,fy3r5,28,A Middle East Without Borders?,english.aljazeera.net,http://english.aljazeera.net/indepth/opinion/2011/03/201134154351741689.html
2011-03-05,15:55:47,fxt0e,27,Az Zawiyah rebels are slaughtered right now. I'm speechless.,blogs.aljazeera.net,http://blogs.aljazeera.net/live/africa/live-blog-libya-march-5
2011-03-05,18:43:56,fxujv,24,British queen to make first-ever state visit to Ireland ,usatoday.com,http://www.usatoday.com/news/world/2011-03-04-queen-ireland-visit_N.htm?sms_ss=reddit&at_xt=4d72113887102718%2C0
2011-03-06,04:35:41,fy20m,17,"Arabs Rise, Tehran Trembles",nytimes.com,http://www.nytimes.com/2011/03/06/opinion/06sadjapour.html?src=twrhp
2011-03-06,00:26:26,fxy05,19,"From the newly released Freedom of Information Act NIST VIDEO ARCHIVE: ""As The Bombs Were Going ..... I Sat And Watched A Few Of Them Explode"".  (Remember:  This was interview was recorded minutes after the collapse took place.)",youtube.com,http://www.youtube.com/watch?v=SjWLHVxLJas
2011-03-06,04:20:17,fy1rd,18,Palestinian house inside cage in Jewish settlement,photoblog.msnbc.msn.com,http://photoblog.msnbc.msn.com/_news/2011/02/23/6115591-palestinian-house-inside-cage-in-jewish-settlement
2011-03-06,04:12:54,fy1n7,17,Iranian opposition calls for protests on International Women's Day,payvand.com,http://www.payvand.com/news/11/mar/1045.html
