2011-02-04,04:37:00,feqc0,2791,Horrific video of 20+ Egyptian citizens being run over by a diplomatic vehicle in the streets of Cairo Jan 28.,youtube.com,http://www.youtube.com/watch?v=_cWOK0Lfh7w
2011-02-04,00:32:09,fekqu,1847,Vodafone admits that the Egyptian government forced it to send text messages to help organize the Pro-Mubarak demonstrations,news.yahoo.com,http://news.yahoo.com/s/ap/20110203/ap_on_hi_te/eu_egypt_cell_phones
2011-02-04,17:06:01,ff3l2,1609,Demand Al Jazeera in the US!,english.aljazeera.net,http://english.aljazeera.net/demandaljazeera/?utm_source=twitter&utm_medium=trend&utm_campaign=demand
2011-02-04,12:29:28,fezlt,701,"One of my professors (Egyptian, and Egyptian History Expert) wrote this article detailing the situation there for outsiders. There seems to be a lot of you who would like to know more, so I hope this helps. (small .pdf warning)",blogs.colgate.edu,http://blogs.colgate.edu/khanegyptprimer.pdf
2011-02-05,07:11:27,ffhqw,239,First ever aerial footage of uncontacted Amazon tribe released,uncontactedtribes.org,http://www.uncontactedtribes.org/brazilfootage
2011-02-04,23:09:36,ff7uo,201,Egypt's neighbors are getting nervous - Algerian government has agreed to end its 19-year state of emergency.,slatest.slate.com,http://slatest.slate.com/id/2283915/entry/11/
2011-02-04,12:36:49,fezpr,189,"Mubarak's family has an estimated net worth of $50 - $70 BILLION dollars, a portion of which happens to have been invested in Vodafone.",abcnews.go.com,http://abcnews.go.com/Business/egypt-mubarak-family-accumulated-wealth-days-military/story?id=12821073&page=2
2011-02-04,19:41:26,ff53c,180,"Egypt's 'final push' protests begin as Protesters flood Tahrir Square, for 'Day of Departure': ""The feel here is that today is the final day for Mubarak, it's time for him to go""",english.aljazeera.net,http://english.aljazeera.net/news/middleeast/2011/02/20112452027527827.html
2011-02-04,23:26:13,ff85y,144,WikiLeaks cables: Britain 'refused to speak with doomed British hostage',telegraph.co.uk,http://www.telegraph.co.uk/news/worldnews/wikileaks/8303489/WikiLeaks-cables-FCO-refused-to-speak-with-doomed-British-hostage.html
2011-02-05,04:14:09,ffedz,114,Remember when Vodafone handed the Egyptian government protesters' data in 2009? They won't deny they're doing it again right now.,blogs.forbes.com,http://blogs.forbes.com/andygreenberg/2011/02/04/as-egyptians-reconnect-their-government-will-be-watching/
2011-02-04,10:03:34,fewvt,108,"Australian Prime Minister Julia Gillard demonstrates misunderstanding of key issues concerning Mr Assange, the Australian citizen facing extradition proceedings, and the actions of WikiLeaks.",abc.net.au,http://www.abc.net.au/unleashed/43620.html
2011-02-04,21:16:49,ff63a,108,"Somali man convicted of terrorism for breaking into the home of a Danish cartoonist who had caricatured the Prophet Muhammad, triggering violent protests across the Muslim world, has been sentenced to nine years in prison",news.yahoo.com,http://news.yahoo.com/s/ap/20110204/ap_on_en_ot/eu_denmark_cartoonist
2011-02-05,00:36:36,ff9oh,100,"TIL the pope cannot be an organ donor because he has saintly giblets: ""If papal organs were donated, they would become relics in other bodies if he were eventually made a saint.""",news.yahoo.com,http://news.yahoo.com/s/nm/us_pope_organs
2011-02-04,19:58:58,ff597,90,Mubarak's Hired Thugs - Rural Poor Paid to Attack Opposition Supporters,spiegel.de,"http://www.spiegel.de/international/world/0,1518,743537,00.html"
2011-02-05,06:54:54,ffhgs,64,"Amid mass protests, 'Anonymous' topples Egypt gov't websites",rawstory.com,http://www.rawstory.com/rs/2011/02/tunisian-members-anonymous-target-egyptian-government/
2011-02-05,00:40:20,ff9rh,60,"Egyptian Protester: ""If we can’t bring this to an end, we’re going to all be in the slammer by June.""",nytimes.com,http://www.nytimes.com/2011/02/05/world/middleeast/05egypt.html?pagewanted=2&_r=1&hp
2011-02-04,20:42:53,ff5qi,57,"Berlusconi calls Mubarak wise man, urges continuity",af.reuters.com,http://af.reuters.com/article/egyptNews/idAFLDE7130VU20110204
2011-02-04,23:45:16,ff8k4,52,"Chinese use honeytraps to spy on French companies, intelligence report claims",telegraph.co.uk,http://www.telegraph.co.uk/news/worldnews/europe/france/8296423/Chinese-use-honeytraps-to-spy-on-French-companies-intelligence-report-claims.html
2011-02-04,21:15:34,ff62o,49,Human Rights Watch urges EU and United States to cut aid to the Palestinian Authority after security forces broke up up a pro-Egypt rally on the West Bank,eubusiness.com,http://www.eubusiness.com/news-eu/egypt-politics.8gl
2011-02-04,16:36:50,ff3aa,41,Hosni Mubarak’s net worth estimated at USD 40 to 70 Billion,thehindu.com,http://www.thehindu.com/news/international/article1155628.ece
2011-02-04,13:45:02,ff0y3,39,Fidel Castro: 'Mubarak's fate is sealed',links.org.au,http://links.org.au/node/2140
2011-02-05,01:36:06,ffayi,40,New anti-government protests in Albania,ajc.com,http://www.ajc.com/news/nation-world/new-anti-government-protests-827867.html
2011-02-04,18:07:15,ff46o,42,"""We all helped suppress the Egyptians. So how do we change?""",independent.co.uk,http://www.independent.co.uk/opinion/commentators/johann-hari/johann-hari-we-all-helped-suppress-the-egyptians-so-how-do-we-change-2203579.html
2011-02-04,09:34:30,fewb0,39,"The Obama administration is discussing with Egyptian officials a proposal for President Hosni Mubarak to resign immediately, turning over power to a transitional government headed by Vice President Omar Suleiman",nytimes.com,http://www.nytimes.com/2011/02/04/world/middleeast/04diplomacy.html?_r=2
2011-02-05,06:32:00,ffh2u,36,Egyptian Population Density,upload.wikimedia.org,http://upload.wikimedia.org/wikipedia/commons/6/64/Egypt_2010_population_density1.png
2011-02-05,02:13:17,ffbqy,38,"In this English town, two protests are happening tomorrow: the far right ""English Defence League"" and the liberal ""Unite Against Fascism"", at opposite ends of the high street.  What could possibly go wrong?",bbc.co.uk,http://www.bbc.co.uk/news/uk-england-beds-bucks-herts-12365365
2011-02-04,16:12:18,ff30u,29,"Egyptians rally to defend cultural heritage: As petrol bombs fly near the Egyptian Museum, citizens and army mobilize against looters",nature.com,http://www.nature.com/news/2011/110203/full/news.2011.72.html
2011-02-05,03:44:41,ffdq0,28,Protesters in Tahrir Square break into song ,youtube.com,http://www.youtube.com/watch?v=ahCwBBndlVY
2011-02-04,22:58:58,ff7nn,30,"Awal Gul, Guantanamo detainee, dead at 48",globalpost.com,http://www.globalpost.com/dispatch/america-and-the-world/110203/awal-gul-guantanamo-detainee-dead
2011-02-04,11:38:22,feynv,22,Julian Assange awarded Sydney peace medal,brisbanetimes.com.au,http://www.brisbanetimes.com.au/technology/technology-news/julian-assange-awarded-sydney-peace-medal-20110202-1adeu.html
