2011-04-24,09:19:46,gw0pa,851,"Al Jazeera's Beirut Bureau Chief resigns in part due to ""scant coverage of the bloodshed in Bahrain"".",mrzine.monthlyreview.org,http://mrzine.monthlyreview.org/2011/furuhashi230411.html
2011-04-24,23:33:41,gwb6j,149,"In Rome, 150 Roma whose camp had been dismantled took refuge in one of this city’s ancient basilicas, creating a standoff on Saturday with city officials",nytimes.com,http://www.nytimes.com/2011/04/24/world/europe/24roma.html
2011-04-24,23:05:36,gwatc,140,"Yemen: President agrees to step down, but protesters reject conditions for his resignation, which included immunity",globalpost.com,http://www.globalpost.com/dispatch/news/regions/middle-east/110424/yemen-protests-saleh
2011-04-25,04:11:11,gwg97,124,"At least 500 dead in Nigeria election riots
",google.com,http://www.google.com/hostednews/ap/article/ALeqM5jAmg2RNENqTjbhfcWh9DQFxypnHA?docId=595b04d5f9274ea0b65fe407713d4214
2011-04-24,16:16:46,gw73i,100,Royal wedding invitation to crown prince of Bahrain draws criticism,guardian.co.uk,http://www.guardian.co.uk/uk/2011/apr/23/royal-wedding-invitation-prince-bahrain
2011-04-24,15:43:12,gw6om,99,Higher Education: Is it really the next bubble?,economist.com,http://www.economist.com/blogs/lexington/2011/04/higher_education?fsrc=scn/tw/te/bl/isitreallythenextbubble
2011-04-24,17:40:43,gw7wz,91,"For Ireland's hardcore dissidents, 'the Queen is a legitimate target'",guardian.co.uk,http://www.guardian.co.uk/uk/2011/apr/23/ireland-dissidents-queen-legitimate-target
2011-04-24,08:27:37,gvzsb,90,Massive two-day anti-U.S. protest begins in NW Pakistan,news.xinhuanet.com,http://news.xinhuanet.com/english2010/world/2011-04/23/c_13842844.htm
2011-04-24,18:09:30,gw85v,73,In Burma a small army of NGO volunteers are inoculating 3.4 million children from a rare strain of the polio virus that has re-emerged three years after the country was declared polio free,ipsnews.net,http://ipsnews.net/news.asp?idnews=55354
2011-04-24,10:22:37,gw1r4,73,"In a bid to curb childhood obesity, Malaysian students will be graded on their weight.",msnbc.msn.com,http://www.msnbc.msn.com/id/42639860/ns/health/
2011-04-24,08:38:23,gvzz6,61,"Nigeria's 580million dollar innovative investment for its 2011 elections reduced voter fraud to an all-time low, marking what might be a history of rigged elections in African countries",economist.com,http://www.economist.com/node/18560577?story_id=18560577
2011-04-24,14:51:25,gw5zf,58,A growing number of French farmers reach the breaking point : Financial problems are thought to have been behind the suicides of more than 300 French farmers last year. Despite receiving the highest subsidies in the EU,dw-world.de,"http://www.dw-world.de/dw/article/0,,15025264,00.html"
2011-04-25,06:03:53,gwids,58,Iraqis rally against extending U.S. troops presence,reuters.com,http://www.reuters.com/article/2011/04/24/us-iraq-protests-idUSTRE73N21C20110424
2011-04-24,17:08:35,gw7m7,40,"Israeli Minister's Nephew killed, 4 wounded from Palestinian Police gunfire in Nablus",jpost.com,http://www.jpost.com/NationalNews/Article.aspx?id=217700
2011-04-25,00:15:51,gwbuc,37,"Security forces raided homes across Syria, arresting regime opponents, as funerals were held on Sunday for protesters and mourners killed in a bloody crackdown which activists said cost 120 lives.",news.smh.com.au,http://news.smh.com.au/breaking-news-world/syria-rounds-up-opponents-after-120-dead-20110424-1dt4a.html
2011-04-25,07:58:52,gwko2,30,"10,000 Protesters march the streets of Casablanca protesting for a ""New Morocco""",newsdaily.com,http://www.newsdaily.com/stories/tre73n13t-us-morocco-protest/
2011-04-24,11:09:45,gw2je,35,Brazil hit by deadly floods and landslides: Landslides and floods triggered by torrential rain have killed at least 10 people in southern Brazil.,bbc.co.uk,http://www.bbc.co.uk/news/world-latin-america-13179706
2011-04-25,00:14:26,gwbth,30,Libya rebels: Dozens dead in Misrata fighting. 'The last 24 hours have been one of the hardest and saddest days in the last 65 days',msnbc.msn.com,http://www.msnbc.msn.com/id/42737249/ns/world_news-mideastn_africa/
2011-04-24,22:54:45,gwaoh,31,Japan to launch massive search for quake bodies,chron.com,http://www.chron.com/disp/story.mpl/ap/world/7534966.html
2011-04-24,08:12:01,gvzib,29,Yemeni president agrees to step down,latimes.com,"http://www.latimes.com/news/la-fg-yemen-saleh-20110424,0,7851406.story"
2011-04-24,08:16:08,gvzl8,28,Bahrain opposition says authorities demolished Shiite mosques as part of crackdown on dissent,washingtonpost.com,http://www.washingtonpost.com/world/bahrain-opposition-says-authorities-demolished-shiite-mosques-as-part-of-crackdown-on-dissent/2011/04/23/AFNjirVE_story.html
2011-04-24,10:30:21,gw1vw,29,Bosnia's future: Divided and unruled,economist.com,http://www.economist.com/node/18561237
2011-04-25,03:15:52,gwf57,21,Syrian President Bashar al-Assad faces indictment by the International Criminal Court,telegraph.co.uk,http://www.telegraph.co.uk/news/worldnews/middleeast/syria/8471338/Syria-President-Bashar-al-Assad-faces-indictment-by-the-International-Criminal-Court.html
2011-04-25,05:05:48,gwhai,16,"TIL Peru had an election, the lefty won. Will face Fujimori's daughter in runoff. ",english.aljazeera.net,http://english.aljazeera.net/indepth/opinion/2011/04/2011415125824610341.html
2011-04-24,18:01:46,gw83q,12,"Saudi Arabia revives plans for municipal vote:  Voter registration opens in long-delayed local government elections, but officials again ban women from voting.",english.aljazeera.net,http://english.aljazeera.net/news/middleeast/2011/04/201142320134356901.html
2011-04-25,01:04:11,gwcmj,12,"Israelis shot in West Bank tried to break through Palestinian roadblock, probe shows",haaretz.com,http://www.haaretz.com/news/diplomacy-defense/israelis-shot-in-west-bank-tried-to-break-through-palestinian-roadblock-probe-shows-1.357885
2011-04-25,07:38:53,gwkb2,13,Nigeria election violence 'left more than 500 dead' - BBC,bbc.co.uk,http://www.bbc.co.uk/news/world-africa-13184298
2011-04-24,21:49:20,gw9yb,12,"How 'rebel' phone network evaded shutdown: ""Telecoms engineers in eastern Libya have managed to outwit government moves to sever the region's communications.""",english.aljazeera.net,http://english.aljazeera.net/indepth/features/2011/04/20114233530919767.html
2011-04-24,13:05:36,gw4fn,12,"In the wake of NATO's imposition of the 'no-fly zone' over Libya on 31 March, there is serious scepticism around the United States Pentagon's denial of the use of depleted uranium (DU)",allafrica.com,http://allafrica.com/stories/printable/201104220220.html
2011-04-25,01:19:09,gwcvt,9,Thousands call for Assad overthrow at Syria funeral,reuters.com,http://www.reuters.com/article/2011/04/24/us-syria-idUSLDE73N02P20110424
