2011-07-10,03:27:06,il1g2,1213,James Murdoch Could Be Prosecuted In Phone-Hacking Scandal - News Corp Succession Plan Suddenly In Doubt,businessinsider.com,http://www.businessinsider.com/james-murdoch-prosecuted-phone-hacking-scandal-2011-7
2011-07-10,22:05:54,ilkmz,678,"Murdoch's Watergate? --- 
""Too many of us have winked in amusement at the salaciousness without considering the larger corruption of journalism and politics on both sides of the Atlantic."" Powerful critique of Murdoch empire with a sting in the tail",newsweek.com,http://www.newsweek.com/2011/07/10/murdoch-s-watergate.html
2011-07-10,02:10:46,ikzug,500,"Before South Sudan was even officially recognized as a country, it became host to one of the continent's largest land deals - a 49-year lease of 600,000 hectares of land to US-based firm NTD. For around $25,000, NTD has full rights to exploit all natural resources in the land during this period.",pambazuka.org,http://www.pambazuka.org/en/category/features/74664
2011-07-10,10:59:57,ilazu,407,"Over more than three decades, no one dared question the perversion of politics by and for Rupert Murdoch",guardian.co.uk,http://www.guardian.co.uk/commentisfree/2011/jul/10/rupert-murdoch-phone-hacking-cameron?utm_source=feedburner&utm_medium=feed&utm_campaign=Feed%3A+theguardian%2Fcommentisfree%2Frss+%28Comment+is+free%29
2011-07-10,11:06:55,ilb58,344,"Strong earthquake rocks northeastern Japan, Tsunami warnings for the coast: happening now",ndtv.com,http://www.ndtv.com/article/world/strong-earthquake-rocks-northeastern-japan-118064
2011-07-10,22:58:07,illcv,294,"British leader of the opposition who called for Rebekah Brookes to be sacked was threatened by News International: ""You have made it personal about Rebekah, so we'll make it personal about you.""",guardian.co.uk,http://www.guardian.co.uk/commentisfree/2011/jul/08/ed-miliband-broken-omerta-old-monster
2011-07-10,19:25:49,ilizn,283,A 13 year old boy in India jumps the fence into Army quarters to pluck almonds. An annoyed retired army officer shoots and kills him,sify.com,http://www.sify.com/news/retired-army-officer-held-for-chennai-boy-s-killing-news-national-lhkn4geebeg.html
2011-07-10,20:16:26,iljj0,247,"Roman-era shipwreck reveals ancient medical secrets: A first-aid kit found on a 2,000-year-old shipwreck has provided a remarkable insight into the medicines concocted by ancient physicians to cure sailors of dysentery and other ailments",telegraph.co.uk,http://www.telegraph.co.uk/news/worldnews/europe/italy/8627715/Roman-era-shipwreck-reveals-ancient-medical-secrets.html
2011-07-11,01:43:35,ilo9h,184,Taiwan to bar fishermen from killing sharks for fins,monstersandcritics.com,http://www.monstersandcritics.com/news/asiapacific/news/article_1650295.php/Taiwan-to-bar-fishermen-from-killing-sharks-for-fins
2011-07-10,13:58:57,ilehv,139,Portugal Celebrates 10 Year Anniversary of Decriminalizing Drugs,alternet.org,http://www.alternet.org/world/151546/portugal_celebrates_10_year_anniversary_of_decriminalizing_drugs_by_tony_newman/
2011-07-10,05:46:14,il4gz,125,"The closing of UK tabloid ""The News of the World"" was in the works for at least four months and was as much an effort to shed jobs to save money and to shift resources to broadcasting as it was a response to the outcry over the phone hacking scandal",nytimes.com,https://www.nytimes.com/2011/07/09/world/europe/09murdoch.html?ref=world
2011-07-10,22:35:43,ill0z,110,Los Zetas Kingpin: We Bought Guns Directly From U.S. Government,propagandamatrix.com,http://propagandamatrix.com/articles/july2011/080711_los_zetas.htm
2011-07-10,21:49:13,ilkgt,101,Celebrating 100 years since Machu Picchu's Rediscovery --- Wonderul collection of photographs taken at the ruins of Machu Pichu taken in July 1911. Other explorers had visited before but American Hiram Bingham was first person to reveal the 'lost city of the Incas' to the world,bbc.co.uk,http://www.bbc.co.uk/news/world-us-canada-14057296
2011-07-10,19:31:47,ilj2a,98,Middle classes are Britain's new homeless: State safety nets are gone ,independent.co.uk,http://www.independent.co.uk/news/uk/home-news/middle-classes-are-britains-new-homeless-state-safety-nets-are-gone-2309902.html
2011-07-10,14:49:56,ilfei,79,"""Life is a precious gift. We are born to live, and we can only live in love."" The Troubadour de Las Pampas, Facundo Cabral, has been assasinated.",latimes.com,"http://www.latimes.com/news/nationworld/world/la-fg-guatemala-singer-killed-20110710,0,7242292.story"
2011-07-10,12:10:03,ilcdg,66,Protest singer Ibrahim Kashoush had his throat cut by the Syrian  Mukhabarat (Warning Gruesome Images),freemuse.org,http://www.freemuse.org/sw42577.asp
2011-07-10,16:07:30,ilgoc,65,Australia plans to impose carbon tax on their worst polluters,bbc.co.uk,http://www.bbc.co.uk/news/world-asia-pacific-14096750
2011-07-10,19:39:08,ilj4x,57,Malaysian Protests in Pictures. This really needs more attention.,straitstimes.com,http://www.straitstimes.com/BreakingNews/SEAsia/Story/STIStory_689154.html
2011-07-11,01:25:14,ilnw3,55,European cities make car use expensive and just plain miserable enough to tilt drivers toward more environmentally friendly modes of transportation,nytimes.com,https://www.nytimes.com/2011/06/27/science/earth/27traffic.html?_r=3&pagewanted=1&exprod=myyahoo
2011-07-10,16:45:43,ilh7k,42,Syria's 'secret doctors' risk their own lives to treat injured civilians at secret clinics.,cnn.com,http://www.cnn.com/2011/WORLD/meast/07/07/syria.secret.doctors/?r
2011-07-11,06:29:30,iluq2,33,"Over more than three decades, no one dared question 
the perversion of politics by and for Rupert Murdoch",guardian.co.uk,http://www.guardian.co.uk/commentisfree/2011/jul/10/rupert-murdoch-phone-hacking-cameron
2011-07-10,22:53:39,illaj,38,"Australia to introduce carbon tax ($25 for every metric tonne) on country's 500 largest polluters, as it unveils largest such scheme outside Europe",english.aljazeera.net,http://english.aljazeera.net/news/asia-pacific/2011/07/20117104423651839.html
2011-07-10,19:19:47,ilixi,35,"South Korea's pupils going paperless by 2015 - 

Education ministry to spend $2 billion digitising all textbooks",newscientist.com,http://www.newscientist.com/article/mg21128203.400-south-koreas-pupils-to-go-paperless-by-2015.html
2011-07-11,05:44:38,iltow,25,BBC News - News of the World: What was it like on the inside? The NoW was different. Journalists were both feared and loathed. ,bbc.co.uk,http://www.bbc.co.uk/news/magazine-14078182
2011-07-10,13:56:33,ilege,26,Scientists in Scotland decode potato genome,bbc.co.uk,http://www.bbc.co.uk/news/science-environment-14096485
2011-07-10,21:01:40,ilk01,23,Australia’s internet industry association claims that  80-90% of Australians would have their internet connections filtered for child pornography this year,delimiter.com.au,http://delimiter.com.au/2011/06/27/most-isps-will-filter-interpol-list-this-year-iia/
2011-07-11,03:36:38,ilqr7,22,Charlie Brooker on last ed of NotW: nestled amongst front pages – JACKO'S DEATHBED: a photo of the rumpled sheets on which Michael Jackson died... At least they didn't include a little collectible square of his skin,guardian.co.uk,http://www.guardian.co.uk/commentisfree/2011/jul/10/charlie-brooker-news-of-the-world
2011-07-10,19:45:30,ilj7r,21,"Cholera Returns to Haiti - It's sickened at least 370,000 people & killed over 5,500 since October",dailykos.com,"http://www.dailykos.com/story/2011/07/09/993034/-Cholera-Returns-To-Haiti-Too-often,-Haitians-die-without-reasons-and-without-consequences?via=spotlight"
2011-07-11,04:28:07,ilrzb,19,"Egyptians push for faster reforms as thousands camp in Cairo's main square against government's failure to bring change, five months after Mubarak's removal",english.aljazeera.net,http://english.aljazeera.net//video/middleeast/2011/07/2011710174015220840.html
2011-07-10,09:17:46,il8z2,19,"At Least 40 Killed in 3 Mexican Cities in 24-Hr Period, as Zetas & Other Cartels Battle it Out",abcnews.go.com,http://abcnews.go.com/International/wireStory?id=14033027
