2011-07-05,20:12:11,ih34r,1138,"Oil spill off China coast will hurt fishing industry, causing 
 long-term environmental damage - Spill was kept hidden from public for weeks 









",physorg.com,http://www.physorg.com/news/2011-07-china-oil-long-term-impact.html
2011-07-05,07:04:42,igozd,854,A law passed this morning allows Australian police officers to remove the burqa (or any head coverings) or face 12 months in prison,smh.com.au,http://www.smh.com.au/nsw/police-given-broad-powers-to-remove-facial-coverings-20110704-1gzer.html
2011-07-05,10:17:08,igsuk,250,‪Putin: Who gave NATO right to kill Gaddafi?‬‏,youtube.com,http://www.youtube.com/watch?v=Iw5Ij_RFJ1Q&sns=fb
2011-07-05,07:17:52,igp9m,243,Mexican police arrest Zetas 'cartel boss',english.aljazeera.net,http://english.aljazeera.net/news/americas/2011/07/201174191048378110.html
2011-07-05,21:26:44,ih49v,244,Pakistan spy agency behind death of reporter who wrote embarrassing reports suggesting militants had infiltrated the country's military,cbsnews.com,http://www.cbsnews.com/8301-503543_162-20076781-503543.html?utm_medium=twitter&utm_source=twitterfeed
2011-07-05,02:20:16,igibv,225,Ontario Court to rule on whether law that makes public nudity criminal is unconstitutional ,theglobeandmail.com,http://www.theglobeandmail.com/news/national/ontario/court-to-rule-on-whether-law-that-makes-public-nudity-criminal-is-unconstitutional/article2085613/
2011-07-05,08:19:12,igqho,192,Hidden treasure unearthed at Indian temple valued at $22-billion,theglobeandmail.com,http://www.theglobeandmail.com/news/world/asia-pacific/hidden-treasure-unearthed-at-indian-temple-valued-at-22-billion/article2085658/?utm_medium=feed&utm_source=feedburner&utm_content=Google+Reader&utm_campaign=Feed%3A+TheGlobeAndMail-International+%28The+Globe+and+Mail+-+World+News%29
2011-07-05,14:58:44,igyfs,162,Horn of Africa hit by worst drought in 60 years,bbc.co.uk,http://www.bbc.co.uk/news/world-africa-14020452
2011-07-05,14:31:25,igxx5,158,North Korean military's morale 'Weakening'.  An increasing number of North Korean military officers and soldiers are caught watching South Korean films or soap operas in barracks,english.chosun.com,http://english.chosun.com/site/data/html_dir/2011/07/05/2011070500529.html
2011-07-06,04:01:44,ihehu,145,"Homosexuality a ""disease,"" says India health minister at AIDS conference",msnbc.msn.com,http://www.msnbc.msn.com/id/43637195/
2011-07-05,20:57:06,ih3tf,135, Egypt clashes after police released on bail. Riots erupt in Cairo court after seven police officers accused of killing protesters during uprising are freed ,guardian.co.uk,http://www.guardian.co.uk/world/2011/jul/05/egypt-clashes-police-released
2011-07-06,05:24:24,ihh3w,90," Met police kettled pupils aged 11 during fee protests, court told | UK news | The Guardian ",guardian.co.uk,http://www.guardian.co.uk/uk/2011/jul/05/met-police-kettling-children-high-court
2011-07-06,02:04:50,ihayh,71,"A Syrian soldier speaks: At great personal risk, a soldier inside Syria tells it like it is.
",globalpost.com,http://www.globalpost.com/dispatch/news/regions/middle-east/110701/syria-soldier-hama-protests
2011-07-06,04:19:11,ihf20,73,"More than 1,100 people have been shot dead in political violence in the Pakistani city of Karachi since the start of the year.",bbc.co.uk,http://www.bbc.co.uk/news/world-south-asia-14032082
2011-07-05,10:46:30,igted,69,There has been an alarming rise in clashes between settlers and Palestinians in West Bank,haaretz.com,http://www.haaretz.com/print-edition/news/alarming-rise-in-clashes-between-settlers-and-palestinians-in-west-bank-1.371473?localLinksEnabled=false
2011-07-05,19:04:01,ih27s,67,Britain's richest man to build giant Arctic iron ore mine,guardian.co.uk,http://www.guardian.co.uk/environment/2011/jul/04/lakshmi-mittal-arctic-iron-ore
2011-07-05,09:18:23,igrmp,71,How Obama's views turned from criticism of US policy towards the Palestinian-Israeli conflict to preventing Americans from participating in the Gaza flotilla.,english.aljazeera.net,http://english.aljazeera.net/indepth/opinion/2011/06/201163015241434959.htmlaab
2011-07-06,00:56:29,ih8z7,59,"Pakistan's powerful spy agency ISI ordered the killing of a Pakistani journalist who had written scathing reports about the infiltration of militants in the country's military, according to American officials",nytimes.com,https://www.nytimes.com/2011/07/05/world/asia/05pakistan.html?_r=1&ref=world
2011-07-05,23:01:03,ih648,57,"Hama under attack, again. Syrian tanks, soldiers, 
and snipers are descending on the ""liberated city"" 
which only days ago witnessed the largest anti-
government protests seen since the beginning of 
the uprising.",english.aljazeera.net,http://english.aljazeera.net/news/middleeast/2011/07/20117411471745647.html
2011-07-05,19:47:58,ih2st,49,Gaddafi would go in exchange for security: Report,reuters.com,http://www.reuters.com/article/2011/07/05/us-libya-russia-idUSTRE7640WA20110705
2011-07-06,00:37:32,ih8h8,46,Five things you can do to demand Murdoch owned News of the World tabloid be fully investigated before News International buy a controlling stake of BSkyB,guardian.co.uk,http://www.guardian.co.uk/media/greenslade/2011/jul/05/newsoftheworld-milly-dowler
2011-07-05,10:00:35,igsj0,39,"Mexico captures alleged Zetas gang founder 'El Mamito', Jesus Rejon Aguilar, a Mexican army deserter
",latimes.com,"http://www.latimes.com/news/nationworld/world/la-fg-mexico-arrest-20110705,0,7397652.story?track=rss&utm_source=feedburner&utm_medium=feed&utm_campaign=Feed%3A+latimes%2Fmostviewed+%28L.A.+Times+-+Most+Viewed+Stories%29"
2011-07-05,09:33:08,igrwo,42,"British MPs are alarmed by £6.3bn of ""missing""  defence assets",bbc.co.uk,http://www.bbc.co.uk/news/uk-politics-14018288
2011-07-06,02:26:09,ihbkr,40,"UN President: ""We Won't Accept Regimes Who Kill Their People""",policymic.com,http://www.policymic.com/articles/un-pres-we-won-t-accept-regimes-who-kill-their-people
2011-07-05,16:52:23,ih0fg,38,Zimbabwe: Man sentenced to 189 years in jail for cattle theft. ,newzimbabwe.com,http://www.newzimbabwe.com/news-5498-Cattle%20thief%20jailed%20for%20189%20years/news.aspx#news
2011-07-05,19:02:02,ih26m,37,"Dutch state ruled liable for Srebrenica massacre by 
the Dutch High Court, overturning decision of lower 
court. Ordered to pay damages to families of 
victims.",rnw.nl,http://www.rnw.nl/english/bulletin/dutch-state-ruled-liable-srebrenica
2011-07-05,21:33:34,ih4dy,32,Missing: 163 Million Women - Ever wonder what happens when societies favor boys over girls?,motherjones.com,http://motherjones.com/politics/2011/07/sex-selection-abortion-mara-hvistendahl
2011-07-05,22:58:49,ih62n,32,'Underwater volcano' erupts near Japanese island,news.bbc.co.uk,http://news.bbc.co.uk/2/hi/asia-pacific/8497736.stm
2011-07-05,20:37:28,ih3ij,34,Japanese Rapist & Murderer DIY plastic surgery to run from the FEDS,telegraph.co.uk,http://www.telegraph.co.uk/news/worldnews/asia/japan/8282651/Tatsuya-Ichihashi-wishes-murdered-Briton-Lindsay-Ann-Hawker-would-come-back-to-life.html
2011-07-05,18:36:04,ih1tv,33,Tests show 45% kids in Japan's nuke disaster area exposed to thyroid radiation,news.xinhuanet.com,http://news.xinhuanet.com/english2010/world/2011-07/05/c_13967084.htm
