2011-08-07,13:27:56,jbbnn,1103,London riot intensifying ,thelede.blogs.nytimes.com,http://thelede.blogs.nytimes.com/2011/08/06/shops-and-cars-burn-in-anti-police-riot-in-london/
2011-08-07,21:55:39,jbik1,998,"Phone hacking: Rebekah Brooks of News Intl. may have resigned her position, but ""she remains on the company payroll.""",telegraph.co.uk,http://www.telegraph.co.uk/news/8684463/Phone-hacking-Rupert-Murdoch-tells-Rebekah-Brooks-to-travel-the-world.html
2011-08-07,06:29:59,jb2d3,906,Riot breaks out and police cars set on fire in Tottenham after a father of four was shot dead by police.,bbc.co.uk,http://www.bbc.co.uk/news/uk-england-london-14434318
2011-08-07,01:15:10,jauo3,469,"
	US special forces killed in Afghanistan crash - Central & South Asia - Al Jazeera English
",english.aljazeera.net,http://english.aljazeera.net/news/asia/2011/08/20118662233672861.html
2011-08-07,01:46:06,jave4,369,"31 U.S. troops, 7 Afghans killed in Taliban attack on NATO helicopter: In a rare event, Taliban insurgents shoot down a Chinook helicopter with a rocket-propelled grenade near Kabul. It's the largest single-incident loss of military lives since the war's start.",latimes.com,"http://www.latimes.com/news/nationworld/world/la-fgw-afghan-chopper-20110806,0,7091814.story"
2011-08-07,22:35:16,jbj3i,295,"Italian bond market, the world's 3rd largest, is teetering on collapse - the European Central Bank votes whether or not to bail them out at noon EST today.",in.reuters.com,http://in.reuters.com/article/2011/08/07/idINIndia-58657620110807
2011-08-07,17:41:50,jbfwx,235,Japanese people start hoarding last year's rice for fear that this year's crop may be radioactive,search.japantimes.co.jp,http://search.japantimes.co.jp/cgi-bin/nn20110806a3.html
2011-08-08,06:11:15,jbslz,103,"London regroups after 'worst riots in years': Authorities call for calm in aftermath of riots that former police chief called ""a glimpse into the abyss"".",english.aljazeera.net,http://english.aljazeera.net/news/europe/2011/08/201187172316764387.html
2011-08-07,00:13:56,jatfc,69,Internet-savvy Chinese are using social networking to share their complaints about extravagant government spending. Even the state-controlled media are starting to grumble. ,washingtontimes.com,http://www.washingtontimes.com/news/2011/aug/4/chinas-tea-party-grumbles-over-government-waste/
2011-08-07,21:09:46,jbi2b,67,Fukushima City resorts to secret dumping to deal with piles of radioactive dirt,ajw.asahi.com,http://ajw.asahi.com/article/0311disaster/fukushima/AJ201108055290
2011-08-08,07:06:55,jbtzi,70,"Doubts emerge over fatal shooting of Mark Duggan, which sparked two days of rioting.",guardian.co.uk,http://www.guardian.co.uk/uk/2011/aug/07/police-attack-london-burns
2011-08-07,21:34:18,jbib0,64,"According to police estimates, 300,000 protesters took to the streets across Israel in what constitutes the largest-ever protest in the country’s history.",dailykos.com,"http://www.dailykos.com/story/2011/08/06/1003707/-Massive-Protests-Rocking-Israel-as-Over-300,000-(4-Population)-Angrily-March-%7C-AnalysisLiveBlog"
2011-08-07,09:59:09,jb725,57,"Torture efficiency, western style: Under UK's secret torture policy, intelligence officers were instructed to weigh value of information sought against pain inflicted.",guardian.co.uk,http://www.guardian.co.uk/politics/2011/aug/04/uk-allowed-interrogate-tortured-prisoners?INTCMP=SRCH
2011-08-08,01:13:34,jblrx,59,"In Afghanistan, the rise and fall of ""Little America""",washingtonpost.com,http://www.washingtonpost.com/opinions/in-afghanistan-the-rise-and-fall-of-little-america/2011/08/02/gIQAWHfqwI_story.html
2011-08-07,23:29:50,jbjw2,52,"On The Trail Of George Orwell’s Outcasts --- 


80 years ago Orwell published his famous work Down and Out in Paris and London. Could the same poverty and destitution he described still exist today? Retracing his steps reveals some awkward truths.",bbc.co.uk,http://www.bbc.co.uk/news/world-europe-14372195
2011-08-08,04:23:03,jbq2f,45,Initial ballistics tests of bullet that hit police officer's radio in Mark Duggan killing show it was a police issue round,guardian.co.uk,http://www.guardian.co.uk/uk/blog/2011/aug/07/tottenham-riots-police-duggan-live#block-44#block-44
2011-08-07,23:25:14,jbjtl,33,Cuba opening to private enterprise spurs service sector start-ups,latimes.com,"http://www.latimes.com/news/nationworld/world/la-fg-cuba-entrepreneurs-20110807,0,7604565.story"
2011-08-07,14:00:51,jbcby,27,"Germany has requested that the U.N. Security Council meet on Monday to discuss the worsening violence in Syria, a spokesman for the German mission at the United Nations said.",reuters.com,http://www.reuters.com/article/2011/07/31/us-syria-un-idUSTRE76U2SQ20110731
2011-08-07,14:12:52,jbckc,29,Angry crowds have attacked riot police in north London following a protest at the fatal shooting of a man by armed officers earlier in the week.,english.aljazeera.net,http://english.aljazeera.net/news/europe/2011/08/201186235719474885.html
2011-08-07,08:53:49,jb5mr,28,Syrian tanks roll out in force - Residents flee tank assaults on Deir ez-Zor and Homs even as government promises free general elections by year's end.,english.aljazeera.net,http://english.aljazeera.net/news/middleeast/2011/08/20118613846890458.html
2011-08-07,13:29:01,jbbok,23,"
      Germany doubts larger fund can rescue Italy: report

",reuters.com,http://www.reuters.com/article/2011/08/07/us-crisis-germany-idUSTRE77604K20110807
2011-08-07,13:21:40,jbbj2,24,"Somalia famine: Rebels leave Mogadishu - 
Islamic extremist rebels withdraw from Somalia capital, food distribution to improve.",globalpost.com,http://www.globalpost.com/dispatches/globalpost-blogs/africa-emerges/somalia-famine-rebels-leave-mogadishu
2011-08-08,01:44:11,jbmfg,23,"Students Pressure Chile to Reform Education System through ""Kissing Protests"" and Hunger Strikes",nytimes.com,http://www.nytimes.com/2011/08/05/world/americas/05chile.html?src=recg
2011-08-08,06:23:48,jbsxg,20,"France, Germany 'committed' to saving euro - RTÉ News",rte.ie,http://www.rte.ie/news/2011/0807/economy.html
2011-08-08,06:13:25,jbso7,19,Arab League calls on Syria to halt violence as more than 60 die in latest Assad crackdown: Activists say casualties escalating by the hour as security forces launch attack on the city of Homs; Arab League chief says Syria government must expedite steps toward reform.,haaretz.com,http://www.haaretz.com/news/middle-east/arab-league-calls-on-syria-to-halt-violence-as-more-than-60-die-in-latest-assad-crackdown-1.377461
2011-08-08,02:33:59,jbni6,18,"""NATO is planning a military campaign against Syria to help overthrow the regime of President Bashar al-Assad with a long-reaching goal of preparing a beachhead for an attack on Iran, Russia's envoy to NATO Dmitry Rogozin said.""",en.rian.ru,http://en.rian.ru/world/20110805/165570384.html
2011-08-08,02:12:22,jbn1h,19,"News Corp has made more than $200,000 in payments to police officers from The News of the World to assist with and covering up phone hacking",nytimes.com,https://www.nytimes.com/2011/08/03/world/europe/03hacking.html?_r=1
2011-08-07,17:04:52,jbfgv,19,"More than 300,000 protestors hit streets in Israel",kuna.net.kw,http://www.kuna.net.kw/NewsAgenciesPublicSite/ArticleDetails.aspx?id=2183825&Language=en
2011-08-07,08:31:10,jb53y,17,Police cars ablaze in London riot,abc.net.au,http://www.abc.net.au/news/2011-08-07/riot-breaks-out-in-london/2827852
2011-08-07,02:48:57,jax0j,14,"Saudi stock market plunges over 5% following US credit downgrade - ""The Saudi market was the first to react globally to the S&P statement late on Friday, with the start of the trading week in Saudi Arabia, while all other markets remained shut for the weekend.",telegraph.co.uk,http://www.telegraph.co.uk/finance/financialcrisis/8686045/Saudi-stock-market-first-to-plunge-on-SandP-downgrade.html
