2011-11-22,02:01:02,mkdam,2380,Voice of Russia: The US and the West have long criticized China for stifling dissent and for censorship but now they are not only joining China but they are taking censorship even further and attempting to censor the whole world,english.ruvr.ru,http://english.ruvr.ru/2011/11/19/60671123.html
2011-11-22,21:07:27,mlepw,727,"Pope Benedict XVI backtracks, says AIDS is an ethical problem that needs medical solution, and NOT spread by condoms.",aljazeera.com,http://www.aljazeera.com/news/africa/2011/11/2011111915113554633.html
2011-11-22,21:18:59,mleyt,457,South Korean Legislator Sets Off Tear Gas Bomb in the National Assembly,theatlanticwire.com,http://www.theatlanticwire.com/global/2011/11/south-korean-legislator-sets-tear-gas-bomb-national-assembly/45283/
2011-11-23,04:34:45,mlv32,343,The Anti-Counterfeiting Trade Agreement (ACTA) provisions are so vague that it will go against fundamental freedoms and lead to privatized online censorship!,edri.org,http://www.edri.org/stopacta
2011-11-22,19:51:17,mlddw,243,Swedish man bursts into flames while waiting for train,nzherald.co.nz,http://www.nzherald.co.nz/world/news/article.cfm?c_id=2&objectid=10767966
2011-11-22,09:49:30,mkwbe,184,Occupy Vancouver complies with eviction notice and moves one-block away,ctv.ca,http://www.ctv.ca/CTVNews/TopStories/20111121/occupy_toronto_vancouver_111121/
2011-11-22,21:49:09,mlfpg,143,"Rich nations 'give up' on new climate treaty until 2020:  Ahead of critical talks and despite pledge for new treaty by 2012, biggest economies privately admit likelihood of long delay
",guardian.co.uk,http://www.guardian.co.uk/environment/2011/nov/20/rich-nations-give-up-climate-treaty
2011-11-23,02:00:58,mlomk,135,"Egyptians Confront Police Violence, Forced Virginity Tests, & Torture to Save Their Revolution",alternet.org,http://www.alternet.org/world/153173/egyptians_confront_police_violence%2C_forced_virginity_tests%2C_and_torture_to_save_their_revolution?page=entire
2011-11-22,03:22:36,mkgjv,123,Egyptian government resigns,washingtonpost.com,http://www.washingtonpost.com/world/middle_east/violent-clashes-in-egypt-prompt-candidates-to-halt-campaigns/2011/11/21/gIQADrbMhN_story.html?wpisrc=al_national
2011-11-22,17:30:25,mlaz8,121,China Sentences to Death Tycoon in Real Estate Funding Scam--To Restore Consumer Confidence,globaltimes.cn,http://www.globaltimes.cn/NEWS/tabid/99/ID/682998/Tycoon-sentenced-to-death-in-real-estate-funding-scam.aspx
2011-11-22,18:43:22,mlc8n,120,Extent of injuries to children in private UK jails revealed,guardian.co.uk,http://www.guardian.co.uk/society/2011/nov/22/childprotection-prisons-and-probation
2011-11-22,14:10:18,ml60u,117,Tibetan Monks/Nuns Burning Selves over Chinese Occupation of Tibet,reuters.com,http://www.reuters.com/article/2011/11/20/us-china-tibetans-idUSTRE7AJ04H20111120
2011-11-22,20:57:17,mlejc,108,South African state secrecy bill is passed.,seattlepi.com,http://www.seattlepi.com/news/article/South-Africa-Lawmakers-adopt-secrets-bill-2281700.php
2011-11-22,20:43:31,mle9a,94,"Archbishop Tutu condemns South Africa 'secrecy bill':  Nobel Peace laureate Archbishop Desmond Tutu has strongly condemned a new media law, which South African MPs are set to vote on shortly.",bbc.co.uk,http://www.bbc.co.uk/news/world-africa-15822105
2011-11-23,02:10:47,mlp1g,65,"Egyptian calling for ""Second Revolution"" as death toll rises",nzherald.co.nz,http://www.nzherald.co.nz/health/news/article.cfm?c_id=204&objectid=10768062
2011-11-23,01:21:19,mln0c,63,"Egypt's Military Accepts Cabinet's Resignation, Sets Elections for Next Year - 

The ruling military council in Egypt has accepted the resignation of the country's entire cabinet in the face of demonstrations that have increased in fervor over the last 4 days, & offered to end its rule by July 2012.",theatlanticwire.com,http://www.theatlanticwire.com/global/2011/11/egypts-military-accepts-cabinets-resignation-sets-elections-next-year/45309/
2011-11-22,20:59:39,mlekx,69,"British firm loses at least $19,500 after being swamped with orders. 102,000 cupcakes! Small bakery burned by Groupon.",msnbc.msn.com,http://www.msnbc.msn.com/id/45398235/ns/world_news-europe/#.TsucS2Pvy_w
2011-11-23,02:44:33,mlqf9,63,"Facebook, taking its cue from China apparently, censors Ai Weiwei photos featuring nude artist + women",huffingtonpost.com,http://www.huffingtonpost.com/alison-klayman/ai-weiwei-pornography-investigation_b_1107425.html
2011-11-23,00:00:11,mljus,58,"South African National Assembly passes Protection of State Information Bill, which allows any organ of state to classify any document, with jailtime for whistleblowers.",mg.co.za,http://mg.co.za/article/2011-11-22-black-tuesday-secrecy-bill-passed-by-parliament
2011-11-22,17:36:51,mlb3w,56,"Egypt activists call for 'million-man' rally Tuesday, demand transition to civilian government ",aljazeera.com,http://www.aljazeera.com/news/middleeast/2011/11/2011112253021787298.html
2011-11-22,00:10:32,mk92b,53,"Final Qaddafi Regime Kingpin Captured - 
The last major figure from the ousted regime has been caught: Intelligence chief Abdullah Senussi.",theatlanticwire.com,http://www.theatlanticwire.com/global/2011/11/final-qaddafi-regime-kingpin-captured/45239/
2011-11-23,00:22:48,mlkq4,41,Egypt military 'agrees new government',bbc.co.uk,http://www.bbc.co.uk/news/world-middle-east-15843425
2011-11-22,17:29:53,mlayx,36,"Israeli rape crisis centers get record number of calls following Katsav verdict
42 percent of calls dealt with rape or attempted rape, 23.4 percent with incest, 10.4 percent reported indecent act, 7.9 percent over sexual harassment at work. ",haaretz.com,http://www.haaretz.com/print-edition/news/israeli-rape-crisis-centers-get-record-number-of-calls-following-katsav-verdict-1.396693?localLinksEnabled=false
2011-11-23,04:28:20,mluta,36,"Budget Cuts Threaten Denmark's Renown Science Assessment Body - The world leader at involving the public in science policy is on the chopping block.  ""It's a loss for the person in the street."" Its demise will save 6m Danish kroner (less than €1m) now & €1.3m each year. ""We were sacrificed.""",news.sciencemag.org,http://news.sciencemag.org/scienceinsider/2011/11/budget-cuts-threaten-denmarks.html?ref=hp
2011-11-23,00:42:32,mllhh,32,Crowds In Tahrir Immediately reject Offer for July Exit of Ruling Military Council,hosted.ap.org,http://hosted.ap.org/dynamic/stories/M/ML_EGYPT?SITE=AP&SECTION=HOME&TEMPLATE=DEFAULT&CTIME=2011-11-22-11-15-24
2011-11-22,18:53:02,mlcdl,29,""": ""If parents can't see anything wrong in dressing up their children in 'Future Wag' T-shirts and letting them wear make-up, high heels and 'mini-me' sexy clothing, then something is intensely wrong in our society.""",bbc.co.uk,http://www.bbc.co.uk/news/education-15819369
2011-11-23,03:58:22,mltio,25,Former Philippine president Gloria Arroya hit with massacre lawsuit for arming and supporting alleged murderers,aljazeera.com,http://www.aljazeera.com/news/asia-pacific/2011/11/2011112211500949728.html
2011-11-23,05:37:38,mlxnz,22,Three US students arrested in Cairo protests,bbc.co.uk,http://www.bbc.co.uk/news/world-us-canada-15842651
2011-11-22,19:52:17,mldeh,19,Blind to Extremism - Over 140 people have died as a result of far-right violence in Germany since reunification in 1990. But the German public has been largely blind to the threat from the right. The revelations about the Zwickau terror cell may now act as a wake-up call.,spiegel.de,"http://www.spiegel.de/international/germany/0,1518,798935,00.html?=repost"
2011-11-22,18:45:52,mlc9u,21,Former French first lady Danielle Mitterrand - who help lead the Resistance during the war - dies aged 87,globalpost.com,http://www.globalpost.com/dispatch/news/regions/europe/france/111122/former-french-first-lady-danielle-mitterrand-dies
