2011-09-12,12:06:47,kco5t,1828,Star of Spartacus blood and sand - dies aged 39,news.com.au,http://www.news.com.au/spartacus-star-andy-whitfield-39-dies-in-sydney/story-e6frfmq9-1226134662983
2011-09-12,01:06:04,kc4fd,1432,"Egypt security forces raid Al Jazeera channel, arresting its staff
",reuters.com,http://www.reuters.com/article/2011/09/11/egypt-aljazeera-idUSL5E7KB0LT20110911
2011-09-12,01:40:46,kc5ej,584,The head of Britain's biggest union has urged a campaign of strikes and civil disobedience,bbc.co.uk,http://www.bbc.co.uk/go/rss/int/news/-/news/uk-politics-14870772
2011-09-12,19:27:41,kcxy0,546,Taliban release statement on 10th anniversary of 9/11 attacks -- categorically deny any involvement in 9/11,theunjustmedia.com,http://theunjustmedia.com/Afghanistan/Statements/sep11/Statement%20of%20the%20Islamic%20Emirate%20on%20the%20Tenth%20Anniversary%20of%209-11.htm
2011-09-12,01:58:16,kc5y2,320,Chile: the other 9/11 anniversary,guardian.co.uk,http://www.guardian.co.uk/commentisfree/2010/sep/11/chile-coup-anniversary-pinochet
2011-09-13,00:58:43,kd65j,312,"Lloyd's insurance says the Kingdom of Saudi Arabia and its banks and charities, which sponsored al Qaeda, should pay the more than $215 million the insurer has spent on insurance settlements to families of the victims of 9/11",courthousenews.com,http://www.courthousenews.com/2011/09/12/39682.htm
2011-09-12,09:13:55,kciww,247,Pope marks 9/11 by warning that religion cannot justify violence,globalpost.com,http://www.globalpost.com/dispatch/news/regions/americas/united-states/110911/pope-benedict-xvi-911-flight-93-national-memorial
2011-09-12,08:32:33,kchnl,185,Five arrested after police rescue 24 men kept as slaves on travellers' site,news.sky.com,http://news.sky.com/home/uk-news/article/16067172
2011-09-12,22:50:45,kd22b,121,BBC News - EU extends music copyright to 70 years,bbc.co.uk,http://www.bbc.co.uk/news/entertainment-arts-14882146
2011-09-12,12:28:49,kcova,101,Poisonous Rhinos Discourage Poachers,news.discovery.com,http://news.discovery.com/animals/poisonous-rhinos-discourage-poachers-110911.html
2011-09-12,21:50:48,kd0k6,103,"
      Turkish PM saw Gaza raid as grounds for war
with Israel | Reuters

",reuters.com,http://www.reuters.com/article/2011/09/12/us-turkey-erdogan-raid-idUSTRE78B2O320110912
2011-09-12,23:31:07,kd363,83,"Parents say Indian hospital infected 23 kids with HIV
",globalpost.com,http://www.globalpost.com/dispatches/globalpost-blogs/the-rice-bowl/parents-say-indian-hospital-infected-23-kids-hiv
2011-09-12,22:39:27,kd1qq,82,More Than 60 People Have Burnt To Death After A Petrol Pipeline Exploded In Kenya,news.sky.com,http://news.sky.com/home/world-news/article/16067685
2011-09-12,07:28:07,kcfsn,73,German minister advises colleagues to shun Facebook,physorg.com,http://www.physorg.com/news/2011-09-german-minister-colleagues-shun-facebook.html
2011-09-12,23:02:15,kd2e8,59,New Evidence of Pakistan's Hand in the Death of a Journalist,theatlanticwire.com,http://www.theatlanticwire.com/global/2011/09/new-evidence-pakistans-hand-death-journalist/42341/
2011-09-12,20:55:35,kcze0,46,"Nuclear power plant explosion in France, radiation leaks feared.",myfoxatlanta.com,http://www.myfoxatlanta.com/dpps/news/france-nuclear-plant-explosion-dpgonc-20110912-fc_14980443
2011-09-12,19:30:40,kcxzz,46,David Cameron has raised the Alexander Litvinenko case at the start of his bridge-building visit to Russia.,bbc.co.uk,http://www.bbc.co.uk/news/uk-politics-14877439
2011-09-12,08:13:39,kch4d,42,"Arab Spring Over, Islamists, Generals and Old Regimes Battle for Power From Tunisia to Syria --- Winter is coming ",globalspin.blogs.time.com,http://globalspin.blogs.time.com/2011/09/11/the-arab-spring-is-over-from-tunisia-to-syria-the-struggle-is-now-between-islamists-generals-and-the-old-regime/
2011-09-13,01:55:53,kd833,48,Former French President Jacques Chirac and former Prime Minister Dominique de Villepin received an estimated $20 million in illegal cash from West African leaders,news.yahoo.com,http://news.yahoo.com/frances-chirac-faces-corruption-accusations-121003247.html;_ylt=AryeGaihBLMl0eI2gTr0iJhvaA8F;_ylu=X3oDMTNlMjB2bDluBG1pdAMEcGtnAzVlMWQ2MDMxLTllNzUtMzA1MC1iNWQ1LWZiNmMwNjUwN2VlNwRwb3MDMQRzZWMDbG5fRXVyb3BlX2dhbAR2ZXIDZTMxOGY0OTAtZGQ1Zi0xMWUwLWI4ZTctNTRkYzcwNWJhOWVm;_ylv=3
2011-09-12,20:46:45,kcz89,39,"Explosion at French Nuclear Plant, risk for radioactive leak.",bbc.co.uk,http://www.bbc.co.uk/news/world-europe-14883521
2011-09-12,22:01:27,kd0th,37,"Turkish Prime Minister apparently saw the Gaza flotilla raid of last year as ""grounds for war"" between Israel and Turkey. ",startribune.com,http://www.startribune.com/world/129643738.html
2011-09-12,20:43:31,kcz6j,33,"Home of Israeli left-wing activist defaced in latest 'price tag' act: ""Death to Traitors""",haaretz.com,http://www.haaretz.com/news/national/home-of-israeli-left-wing-activist-defaced-in-latest-price-tag-act-1.383966
2011-09-12,10:16:45,kckuw,33,"Ten Years After September 11 - Terrorism is an affront to the human rights movement.Yet all too often, those leading the counterterrorism charge adopted the ends-justify-the-means logic of the terrorists, thus further eroding the value of human rights",hrw.org,http://www.hrw.org/news/2011/09/08/ten-years-after-september-11
2011-09-13,01:10:54,kd6jv,38,British Parliament Invites Former IRA Supporter Peter King To Testify About Muslim Radicalization: King will reportedly be the first member of Congress to ever address a committee of Parliament,thinkprogress.org,http://thinkprogress.org/security/2011/09/12/316539/uk-parliament-ira-peter-king/
2011-09-13,07:51:28,kdksa,32,150 Kenyans Incinerated While Gathering Gasoline From a Leaking Pipeline (With Video),treehugger.com,http://www.treehugger.com/files/2011/09/to-be-incinerated-gathering-gasoline-leaking-pipeline.php
2011-09-13,01:36:07,kd7e2,27,Key military witness fails to show up at trial of Mubarak,scotsman.com,http://www.scotsman.com/world/Key-military-witness-fails-to.6834643.jp
2011-09-12,10:12:09,kckqe,25,"EU diplomats: Abbas won't turn to UN Security Council for Palestinian statehood - Abbas realizes that U.S. will exercise veto power at Security Council, has instead decided to turn to UN General Assembly to seek support of European Union member states in the vote.",haaretz.com,http://www.haaretz.com/print-edition/news/eu-diplomats-abbas-won-t-turn-to-un-security-council-for-palestinian-statehood-1.383841
2011-09-12,20:31:56,kcyza,21,"The Afghan government has responded to the insurgency by reactivating militias that threaten the lives of ordinary Afghans. New report documents serious abuses, such as killings, rape, arbitrary detention, abductions, and forcible land grabs.",hrw.org,http://www.hrw.org/news/2011/09/12/afghanistan-rein-abusive-militias-and-afghan-local-police
2011-09-12,21:02:00,kczim,18,U.S.-backed Afghan police force accused of human rights abuses,globalpost.com,http://www.globalpost.com/dispatch/news/regions/asia-pacific/110912/united-states-afghan-police-human-rights-abuses
2011-09-12,10:41:06,kclm0,19,Greece Will Raise Taxes to Avoid Default - But will it be enough to secure more Euro aid?,theatlanticwire.com,http://www.theatlanticwire.com/business/2011/09/greece-will-raise-taxes-avoid-default/42332/
