2011-11-01,20:50:05,lwd2i,1578,"Israel to shift tax burden to the rich and corporations: Israel's protest movement celebrates its first tangible success.
",globalpost.com,http://www.globalpost.com/dispatch/news/regions/middle-east/israel-and-palestine/111031/israel-occupy-wall-street-tax-corporations-rich
2011-11-01,09:00:48,lvvog,629,S. Korea Plans $50B Fund for Reunification,bloomberg.com,http://www.bloomberg.com/news/2011-10-31/s-korea-plans-50b-fund-for-reunification.html
2011-11-01,15:49:47,lw85a,555,China to assemble a permanent space station in ten years!,english.aljazeera.net,http://english.aljazeera.net/news/asia-pacific/2011/10/2011103122199397339.html
2011-11-02,05:18:37,lwvof,325,Israel punishes Palestinians for Unesco membership: Withholding tax revenues and accelerating settlement construction - But it's Palestines bid for membership that will kill peace talks.,telegraph.co.uk,http://www.telegraph.co.uk/news/worldnews/middleeast/israel/8863542/Israel-punishes-Palestinians-for-Unesco-move.html
2011-11-02,02:25:27,lwopo,227,Palestinians hit by cyber-attack following success at UNESCO,guardian.co.uk,http://www.guardian.co.uk/world/2011/nov/01/palestinians-hit-cyber-attack-unesco?newsfeed=true
2011-11-01,19:51:19,lwbw3,211,US soldier jailed for raping South Korean teenager,globalpost.com,http://www.globalpost.com/dispatch/news/regions/asia-pacific/south-korea/111101/us-soldier-jailed-rape-korean-teenager
2011-11-02,03:47:43,lws2x,194,Hacking Update: ‘News Of the World’ Lawyer Warned Email Was ‘Fatal To Our Case’ Ahead Of Crucial James Murdoch Meeting  ,deadline.com,http://www.deadline.com/2011/11/hacking-update-%e2%80%98news-of-the-world%e2%80%99-lawyer-warned-email-was-%e2%80%98fatal-to-our-case%e2%80%99-ahead-of-crucial-james-murdoch-meeting/
2011-11-01,22:52:42,lwgkv,190,Syria has been planting landmines along the country's border with Lebanon as Syrian refugees leave the country to escape the government's crackdown against protesters,globalpost.com,http://www.globalpost.com/dispatch/news/regions/middle-east/111101/syria-mining-lebanon-border
2011-11-01,18:14:37,lwaci,132,"China 'targeted 48 chemical and military companies in hacking attack':   Attacks are latest in a long line of internet hacks aimed at industrial and military targets traced back to China
",guardian.co.uk,http://www.guardian.co.uk/technology/2011/nov/01/china-hacking-chemical-military-companies
2011-11-01,22:22:29,lwfka,113,The father of a girl who narrowly escaped Norway's summer massacre is campaigning for the country to ban Call of Duty. ,thelocal.no,http://www.thelocal.no/page/view/father-crusades-against-call-of-duty
2011-11-01,20:11:18,lwc98,113,"A 5-Year-Old Girl Is Dying in Brazil Because Insurance Refuses to Pay for US$10,000 Surgery ",brazzilmag.com,http://www.brazzilmag.com/component/content/article/103-october-2011/12743-a-5-year-old-girl-is-dying-in-brazil-because-insurance-refuses-to-pay-for-us-10000-surgery.html
2011-11-01,22:55:38,lwgo7,84,"Inflation grips China.  The $600 billion stimulus launched in 2008 is all but spent. They've stopped paying migrant workers, with more cuts on the way.",economist.com,http://www.economist.com/node/21534838
2011-11-02,03:20:56,lwqyc,80,"Nearly half of China's wealthiest citizens are considering emigrating, with the United States and Canada the most popular destinations, according to a new report from the authors of China's rich list.",news.yahoo.com,http://news.yahoo.com/almost-half-chinas-richest-want-emigrate-survey-063620562.html
2011-11-02,03:15:52,lwqrc,73,Displacement of Palestinians 'a war crime',english.aljazeera.net,http://english.aljazeera.net/news/middleeast/2011/10/2011103121391523605.html
2011-11-02,07:37:30,lx19u,69,BBC News - Israel to speed up settler homes after Unesco vote,bbc.co.uk,http://www.bbc.co.uk/news/world-middle-east-15548585
2011-11-01,20:41:40,lwcwt,68,Markets Slide After Surprise Referendum Is Set by Greece,nytimes.com,http://www.nytimes.com/2011/11/02/world/europe/markets-tumble-as-greece-plans-referendum-on-latest-europe-aid-deal.html
2011-11-01,21:02:56,lwdde,66,Occidental Petroleum Corp. gave millions of dollars to the Colombian army unit that carried out the cold-blooded murder of three union activists,courthousenews.com,http://www.courthousenews.com/2011/11/01/41089.htm
2011-11-01,11:26:13,lw14j,54,"Libya elects little-known scientist new prime minister
| Reuters

",reuters.com,http://www.reuters.com/article/2011/11/01/us-libya-idUSTRE79S34620111101?feedType=RSS&feedName=worldNews&utm_source=feedburner&utm_medium=feed&utm_campaign=Feed%3A+reuters%2FworldNews+%28News+%2F+US+%2F+International%29
2011-11-01,22:54:06,lwgmk,55,Law firm documents add to heat on James Murdoch,reuters.com,http://www.reuters.com/article/2011/11/01/idUSL4E7M12QN20111101
2011-11-01,16:37:34,lw8wj,49,Japanese MP drinks decontaminated water,abc.net.au,http://www.abc.net.au/news/2011-11-01/japanese-official-drinks-purified-water/3613416
2011-11-02,01:58:20,lwnmu,46,Protesters gather in southern France for G20:  Security tightened in city of Nice as anti-capitalism activists rally on eve of gathering of top world leaders.,english.aljazeera.net,http://english.aljazeera.net/news/europe/2011/11/2011111143818860489.html
2011-11-02,00:38:17,lwkeg,45,Live coverage of significant new evidence about the News of the World phone-hacking scandal that is emerging from a tranche of documents published by the culture select committee,guardian.co.uk,http://www.guardian.co.uk/media/blog/2011/nov/01/phone-hacking-live
2011-11-01,18:57:18,lwazb,40,European shares tumble on Greek referendum news,globalpost.com,http://www.globalpost.com/dispatch/news/regions/europe/111101/european-markets-fall-greek-referendum
2011-11-01,16:38:35,lw8x7,36,Ai Weiwei ordered to pay $2.2m in taxes,abc.net.au,http://www.abc.net.au/news/2011-11-01/ai-wei-wei-ordered-to-pay-back-taxes/3613402
2011-11-02,01:40:18,lwmux,38,Israel approves ground operations in Gaza,hosted.ap.org,http://hosted.ap.org/dynamic/stories/M/ML_ISRAEL_PALESTINIANS?SITE=AP&SECTION=HOME&TEMPLATE=DEFAULT&CTIME=2011-11-01-12-24-54
2011-11-02,01:54:06,lwngt,36,Governments turn to hacking techniques for surveillance of citizens: Surveillance firms that recently attended a US conference are accused of offering their services to repressive regimes,guardian.co.uk,http://www.guardian.co.uk/technology/2011/nov/01/governments-hacking-techniques-surveillance
2011-11-02,01:46:13,lwn43,34,Occupy London: St Paul's Cathedral suspends legal action to evict protestors,globalpost.com,http://www.globalpost.com/dispatch/news/regions/europe/united-kingdom/111101/occupy-london-st-pauls-cathedral-suspends-legal-a
2011-11-01,18:55:40,lway7,33,Video: Eagle brings down parachutist over Himalayas ,telegraph.co.uk,http://www.telegraph.co.uk/earth/wildlife/8861852/Eagle-brings-down-parachutist-over-Himalayas.html?utm_source=dlvr.it&utm_medium=twitter
2011-11-02,07:44:14,lx1jo,31,Israel closes down Yitzhar yeshiva due to violent acts against Palestinians,haaretz.com,http://www.haaretz.com/news/diplomacy-defense/israel-closes-down-yitzhar-yeshiva-due-to-violent-acts-against-palestinians-1.393210
2011-11-01,21:12:45,lwdlh,30,Greece sets surprise bailout referendum,globalpost.com,http://www.globalpost.com/dispatches/globalpost-blogs/europa/greeks-get-gift-europe-gets-surprise-referendum-bail-out
