2011-12-22,00:48:08,nleb4,1247,"Canada ""honor killings"" on trial: An Afghan immigrant allegedly killed his daughters. ""They betrayed everything.""",globalpost.com,http://www.globalpost.com/dispatch/news/regions/americas/canada/111220/canada-honor-killings-trial
2011-12-22,19:50:28,nmj4a,283,"Bankers Are Using the Eurozone Crisis to Wage Warfare on Working People & Seize Control of Governments - 
Wages & living standards are to be scaled back & political power shifted from elected government to technocrats governing on behalf of big banks & financial institutions",alternet.org,http://www.alternet.org/world/153516/bankers_are_using_the_eurozone_crisis_to_wage_warfare_on_working_people_and_seize_control_of_governments?page=entire
2011-12-22,13:52:36,nmaig,199,"In Pictures: Fire Destroys ""Temple of Knowledge"" in Egypt",news.nationalgeographic.com,http://news.nationalgeographic.com/news/2011/12/pictures/111220-egypt-cairo-protests-fire-scientific-complex-world-science/
2011-12-22,21:33:34,nmlab,179," Brazil's Great Untold Environmental Disaster -
Cerrado, the world's largest savannah, contains 5% of the world's biodiversity, but is being destroyed at an incredible rate to make way for monocultures with devastating long-term effects ",guardian.co.uk,http://www.guardian.co.uk/environment/audioslideshow/2011/dec/22/cerrado-brazil-audio-slideshow?intcmp=122
2011-12-22,19:59:27,nmja3,171,Pakistani girl burned by US drone looks for new life,cnn.com,http://www.cnn.com/2011/12/21/us/texas-drone-strike-victim/index.html?hpt=hp_c1
2011-12-22,13:54:28,nmal5,145,Iraq bombs kill at least four in Baghdad,bbc.co.uk,http://www.bbc.co.uk/news/world-middle-east-16297707
2011-12-22,08:43:22,nlyie,124,"Mexico Disbands Entire Police Force In Veracruz
",npr.org,http://www.npr.org/2011/12/21/144097054/mexico-disbands-entire-police-force-in-veracruz?ft=1&f=1001
2011-12-22,23:56:38,nmpik,101,"NATO Forced to Admit Airstrikes Killed Dozens of Libyan Civilians, Contradicting Initial Denials.",democracynow.org,http://www.democracynow.org/2011/12/22/nato_forced_to_admit_airstrikes_killed
2011-12-22,13:14:06,nm93e,98,"Vietnamese Investors Sink Savings Into Golf Memberships - 
Some are investing in golf-club memberships in a last-gasp bid to protect their savings from being ravaged by soaring inflation & a fading currency",online.wsj.com,http://online.wsj.com/article/SB10001424052970203802204577066091227404700.html?mod=WSJ_World_RIGHTTopCarousel_1
2011-12-22,20:32:18,nmjx8,84,"""An Indonesian girl who was thought to have died when a huge tsunami devastated the island of Sumatra in December 2004, has been found alive and reunited with her parents, local media reported on Thursday [22 December 2011].""",channel6newsonline.com,http://channel6newsonline.com/2011/12/indonesian-girl-swept-away-by-2004-tsunami-found-alive/
2011-12-22,21:33:26,nmla3,80,Polish secret police 'conspired to prevent Lech Walesa winning Nobel Prize': Poland's communist secret police organised an elaborate ruse to trick the Nobel Peace Prize committee into thinking Lech Walesa was a collaborator in an attempt to stop the Solidarity activist receiving the honour. ,telegraph.co.uk,http://www.telegraph.co.uk/news/worldnews/europe/poland/8972863/Polish-secret-police-conspired-to-prevent-Lech-Walesa-winning-Nobel-Prize.html
2011-12-22,22:06:34,nmm3i,80,Turkey recalls its ambassador to France after French Parliament makes it a crime to deny the WWI-era Armenian genocide,google.com,http://www.google.com/hostednews/ap/article/ALeqM5jwR5BVHv1BSofO30ARYDxpOSN_uw?docId=99463311e72e4b83ac0e6a649418a8c1
2011-12-22,12:31:28,nm7fu,71,Protests in a small town in China appear to have escalated with residents smashing cars and hurling bricks even though officials sought to calm tempers by suspending a plan to build a power plant,reuters.com,http://www.reuters.com/article/2011/12/22/us-china-protest-power-idUSTRE7BL09M20111222?feedType=RSS&feedName=worldNews&utm_source=feedburner&utm_medium=feed&utm_campaign=Feed%3A+reuters%2FworldNews+%28News+%2F+US+%2F+International%29
2011-12-22,18:19:16,nmhcs,61," ‘Medieval’ Economy is Kim Jong Il’s Legacy as Minerals Untapped - North Korea’s leader inherits an economy that was outstripped by South Korea in the 1970s, shrank after the collapse of communism in Europe, & now struggles under its stated policy of self-reliance",businessweek.com,http://www.businessweek.com/news/2011-12-22/-medieval-economy-is-kim-jong-il-s-legacy-as-minerals-untapped.html
2011-12-22,23:55:19,nmpgo,45,US admits fault for the killing of 24 Pakistan soldiers.,bbc.co.uk,http://www.bbc.co.uk/news/world-asia-16302197
2011-12-23,05:49:46,nn4em,47,Raul Castro expected to end decades-old travel ban for Cuban Citizens,rawstory.com,http://www.rawstory.com/rs/2011/12/22/communist-cuba-set-to-end-travel-restrictions/
2011-12-22,16:14:09,nmerb,44,Sectarian violence erupts in Baghdad ,guardian.co.uk,http://www.guardian.co.uk/world/2011/dec/22/iraq-bombings-baghdad-coordinated
2011-12-22,13:08:41,nm8vp,40,Violence in Zhanaozen threatens Nazarbayev legacy (Video of police firing on Kazakh protesters),eurasianet.org,http://www.eurasianet.org/node/64745
2011-12-23,05:15:43,nn2wc,29,"Italy finalizes severe austerity budget with a vote of 257 to 41, new budget includes tax hikes, pension delays, spending cuts, changes to employment law and more, aims to balance Italy's budget by 2013",latimesblogs.latimes.com,http://latimesblogs.latimes.com/world_now/2011/12/italian-senate-votes-through-austerity-package.html
2011-12-22,23:33:48,nmoq4,27,"Iraq: What Remains --- Many Americans continue to see in Iraq a reflection of their own country’s ideals and contradictions. They will remember Iraq as an American trauma. But it was, above all, an Iraqi trauma.",nybooks.com,http://www.nybooks.com/blogs/nyrblog/2011/dec/21/iraq-what-remains/
2011-12-22,09:14:45,nlzon,21,"In Tunisia, how to build a democracy",latimes.com,"http://www.latimes.com/news/opinion/la-oe-chayes-tunisia-20111221,0,3521787.story"
2011-12-22,20:14:08,nmjk6,20,"A New Zealand cargo plane flew to Antarctica & parachuted sea pumps & hull patches to a leaking Russian ship crippled after striking ice last week. Rescue ships are still days away.  Crew include 15 Russians, 16 Indonesians & 1 Ukrainian.  A S. Korean ice-breaker may arrive by Dec 25.",huffingtonpost.com,http://www.huffingtonpost.com/2011/12/21/sparta-russia-ship_n_1162600.html
2011-12-22,22:18:29,nmmfx,21,"Twins born in Brazil with two heads, one heart",bbc.co.uk,http://www.bbc.co.uk/news/health-16300314
2011-12-22,21:41:58,nmlhl,20,"Noam Chomsky asks Hugo Chavez to free judge Maria Lourdes Afiuni, who has been jailed since 2009",globalpost.com,http://www.globalpost.com/dispatch/news/regions/americas/venezuela/111221/chomsky-chavez-free-maria-lourdes
2011-12-22,19:30:57,nmipy,19,"Medvedev urges bold political reforms:  Russia's President Dmitry Medvedev has proposed reinstating direct elections of regional governors, in a far-reaching plan for political reform.",bbc.co.uk,http://www.bbc.co.uk/news/world-europe-16299093
2011-12-23,00:36:06,nmr0n,20,"The dragon goes shopping in South America - China is buying commodities and fuelling economic growth, but some worry the communist giant is creating dependency.",aljazeera.com,http://www.aljazeera.com/indepth/features/2011/12/20111212162113350425.html
2011-12-23,01:59:26,nmudk,17,Kim Jong Un's new administration,foreignaffairs.com,http://www.foreignaffairs.com/articles/136980/ken-gause/meet-kim-jong-uns-new-team?page=show
2011-12-22,08:12:12,nlx97,17,Mexico disbands police force in top port Veracruz,msnbc.msn.com,http://www.msnbc.msn.com/id/45756364/ns/world_news-americas/t/mexico-disbands-entire-police-force-top-port-veracruz/
2011-12-22,23:17:50,nmo6w,18,Woman lies upside down for three months to avoid miscarriage - Telegraph,telegraph.co.uk,http://www.telegraph.co.uk/health/healthnews/8969543/Woman-lies-upside-down-for-three-months-to-avoid-miscarriage.html
2011-12-22,21:34:03,nmlan,18," Pakistan Army Wants Zardari Out But Not a Coup -- ""Pakistan's powerful army is fed up with unpopular President Asif Ali Zardari and wants him out of office, but through legal means and without a repeat of the coups that are a hallmark of the country's 64 years of independence.""",reuters.com,http://www.reuters.com/article/2011/12/22/us-pakistan-military-idUSTRE7BL0K820111222
