2011-10-20,20:21:02,lil4d,2219,Libyan forces 'capture Gaddafi' - local TV reports.,bbc.co.uk,http://www.bbc.co.uk/news/world-middle-east-15385955
2011-10-20,14:59:31,lifjl,861,Whistleblowers murdered in India illustrate the fatal hazards of exposing corruption,bloomberg.com,http://www.bloomberg.com/news/2011-10-19/whistleblowers-face-deadly-hazards-in-india.html
2011-10-20,00:11:17,lhjha,472,Canada Supreme court rules that people cannot be held liable for how they use hyperlinks on websites,cbc.ca,http://www.cbc.ca/news/politics/story/2011/10/19/pol-scoc-hyperlink.html
2011-10-20,09:28:15,li48v,421,"Report into undercover police delayed, allegations that police chiefs had authorised undercover police officers to give false evidence in court.",guardian.co.uk,http://www.guardian.co.uk/uk/2011/oct/20/undercover-police-inquiry-delayed
2011-10-20,11:42:39,li9cb,356,Russia is pressing for a UN resolution aimed at keeping thousands of shoulder-fired surface-to-air missiles purchased by former Libyan leader Moammar Gadhafi from getting into the hands of armed groups and terrorists.,theglobeandmail.com,http://www.theglobeandmail.com/news/world/africa-mideast/russia-presses-un-resolution-to-keep-libyan-missiles-from-fighters-terrorists/article2207183/
2011-10-21,04:05:36,lj0n6,308,"“It’s time for the UN to formally apologize for having legitimized Gaddafi’s regime by electing Libya to its Human Rights Council last year, to the Security Council in 2008-2009, and as General Assembly president in 2009,”",blog.unwatch.org,http://blog.unwatch.org/index.php/2011/10/20/un-should-apologize-for-legitimizing-gaddafi-with-key-posts/
2011-10-20,21:16:18,lim7a,286,Muammar Gaddafi killed,mg.co.za,http://mg.co.za/article/2011-10-20-muammar-gaddafi-captured-as-sirte-falls-to-libyan-forces/
2011-10-19,23:36:49,lhia8,287,"From South Africa, a faster and easier way to apply condoms",springwise.com,http://www.springwise.com/health_wellbeing/south-africa-faster-easier-apply-condoms/
2011-10-20,12:10:51,liac1,218,"At 105, Celebrated Chinese Linguist Now A Dissident: Zhou Youguang --""Ordinary people no longer believe in the Communist Party. ... People ask me if there's hope for China. I'm an optimist. I didn't even lose hope during the Japanese occupation and World War II.""",npr.org,http://www.npr.org/2011/10/19/141503738/at-105-celebrated-chinese-linguist-now-a-dissident
2011-10-20,19:23:43,likfm,186,"A Jew Of No Religion --- 
Yoram Kaniuk, novelist, 81, wins court victory in Israel. He can be Jewish by nationality, but an atheist by religion. Sounds like progress. But raises new questions about church and state relations, and what it means to be Jewish",prospect.org,http://prospect.org/cs/articles?article=a_jew_of_no_religion
2011-10-20,09:38:05,li4m2,110,"In Syria, protests mutate to armed resistance amid economic meltdown",cnn.com,http://www.cnn.com/2011/10/19/world/meast/syria-armed-resistance/
2011-10-20,23:39:38,liqf8,96,"GM crops fail to increase yield but vastly increased  use of chemicals and the growth of ""superweeds"": The study accuses Monsanto of controlling 95% of the Indian cotton seed market and massively pushing up prices",guardian.co.uk,http://www.guardian.co.uk/environment/2011/oct/19/gm-crops-insecurity-superweeds-pesticides
2011-10-21,01:01:44,lit6r,81,"Libya: The End of Qaddafi and the Fall of Sirte [pics]
",theatlantic.com,http://www.theatlantic.com/infocus/2011/10/libya-the-end-of-qaddafi-and-the-fall-of-sirte/100173/
2011-10-21,07:20:44,lj869,77,Authorities knew that Rupert Murdoch's News of the World tabloid had hacked into the phone of murdered teenager Milly Dowler nine years before the scandal over the practice exploded.,huffingtonpost.com,http://www.huffingtonpost.com/2011/10/20/uk-police-admit-knowing-a_n_1022344.html
2011-10-21,04:13:17,lj0y1,70,Gaddafi removed from truck apparently alive - video,guardian.co.uk,http://www.guardian.co.uk/world/video/2011/oct/20/gaddafi-removed-truck-alive-video
2011-10-20,14:33:22,lievp,71,"Bolivian natives triumphantly enter La Paz after a 2-month march from the Amazon opposing construction of a highway through their homeland -  The road is to be built through the pristine Isiboro Secure National Park & Indigenous Territory  inhabited by 50,000 native people ",physorg.com,http://www.physorg.com/news/2011-10-bolivian-natives-la-paz-amazon.html
2011-10-20,22:18:46,lins0,64,"Police spies unit 'crossed the line', says Lord Macdonald: Former director of public prosecutions accuses Metropolitan police of 'monumental misjudgment' in allowing undercover officers to give false evidence
",guardian.co.uk,http://www.guardian.co.uk/uk/2011/oct/20/police-spies-crossed-line-macdonald
2011-10-21,05:37:40,lj4b8,59,"""With injuries to the leg, torso and head, the former dictator was found alone in the drain pipe, surrounded by the bodies of his guards who had been shot as they fled Sirte from the west.""",globalpost.com,http://www.globalpost.com/dispatches/globalpost-blogs/the-casbah/gaddafi-dead-video-gaddafi-killed-exclusive
2011-10-21,05:29:47,lj41a,53,Mainstream Press Account In Australia Makes The Case For Why 'Piracy' Is Not The Problem,techdirt.com,http://www.techdirt.com/articles/20111020/03551916430/mainstream-press-account-australia-makes-case-why-piracy-is-not-problem.shtml
2011-10-20,09:30:58,li4d1,43,"The Venezuelan Supreme Court today basically belongs to President Chávez. Ever since his supporters packed the court in 2004, its rulings have repeatedly sought to protect the president’s political agenda, not to uphold basic human rights. ",hrw.org,http://www.hrw.org/news/2011/10/18/venezuela-supreme-court-disregards-rights-election-case
2011-10-21,00:47:09,lisme,42,Benjamin Netanyahu is ridiculed in Israel for his attempts to capitalize on the release of Gilad Shalit,globalpost.com,http://www.globalpost.com/dispatch/news/regions/middle-east/israel-and-palestine/111019/gilad-shalit-benjamin-netanyahu-forrest-gump
2011-10-21,02:42:05,lix1u,35,Ratings agency forecasts are throwing entire countries into financial crises by driving up interest rates on bonds. Now the EU is considering a ban on ratings for countries that are in the process of negotiating economic bailout packages.,spiegel.de,"http://www.spiegel.de/international/europe/0,1518,792970,00.html"
2011-10-21,02:52:45,lixia,32,Basque group ETA ends armed independence campaign,msnbc.msn.com,http://www.msnbc.msn.com/id/44977523/ns/world_news-europe/t/basque-group-eta-ends-armed-independence-campaign/#.TqBf5f5qTYs.reddit
2011-10-20,13:45:13,lidhp,30,Mexican police: Head of shelter charged with prostituting women residents - CNN.com,cnn.com,http://www.cnn.com/2011/10/19/world/americas/mexico-prostitution-arrest/index.html?eref=mrss_igoogle_cnn
2011-10-21,05:35:16,lj47y,32,"The Rise and Fall of Muammar Gaddafi [pics]
",globalpost.com,http://www.globalpost.com/photo-galleries/planet-pic/5678669/photos-the-rise-and-fall-muammar-gaddafi
2011-10-21,07:24:18,lj8aw,34,"Qaddafi's death leaves a Libya that must build itself from scratch:  Muammar Qaddafi's government was one of a kind, with no independent institutions. That means Libya's new government has nothing, good or bad, to build on.",csmonitor.com,http://www.csmonitor.com/World/Backchannels/2011/1020/Qaddafi-s-death-leaves-a-Libya-that-must-build-itself-from-scratch
2011-10-21,03:46:21,liztb,29,"Canada's Supreme Court rules that hyperlinks on websites the link to defamatory content do not constitute publication, shielding content sharers from liability, should they inadvertently post links to libelous material",courthousenews.com,http://www.courthousenews.com/2011/10/20/40775.htm
2011-10-20,22:22:25,linw7,25,"Gaddafi has been killed, NTC official has confirmed the body is being taken to a ""secret location"".",reuters.com,http://www.reuters.com/article/2011/10/20/us-libya-gaddafi-body-idUSTRE79J3CA20111020
2011-10-20,10:42:11,li73r,27,Japan still considering total nuclear power pullout,eco-business.com,http://www.eco-business.com/news/japan-still-considering-total-nuclear-power-pullout/
2011-10-20,23:32:00,liq5p,21,"Sorry States --- 


France tells Turkey to apologise to Armenians. So when will France apologise to Algerians? Repentance is not a sign of weakness. On the contrary, it can be good diplomacy, the sign of a nation at ease with itself and its neighbours",project-syndicate.org,http://www.project-syndicate.org/commentary/moisi72/English
