2011-02-21,20:07:59,fpigd,2024,"Thousands of Tunisians marched through the capital on Saturday demanding the separation of mosque and state in one of the largest demonstrations since the overthrow of Mr. Ben Ali. Protesters held up signs saying, “Politics ruins religion and religion ruins politics.” Hamdullah!",nytimes.com,http://www.nytimes.com/2011/02/21/world/africa/21tunisia.html
2011-02-21,23:24:17,fpl51,1441,Gaddafi burns his soldiers in their barracks for refusing to shoot protesters – VERY GRAPHIC Video of the aftermath,libyafeb17.com,http://www.libyafeb17.com/?p=1402
2011-02-21,00:18:03,fp0id,497,"Auschwitz survivor Hajo Meyer labeled ""anti-Semitic"" for condemning Zionist atrocities.",loonwatch.com,http://www.loonwatch.com/2011/02/holocaust-survivors-planned-talk-angers-jewish-leaders/
2011-02-21,22:59:47,fpkph,279,Libyan Air Force bombs protestors!,theyeshivaworld.com,http://www.theyeshivaworld.com/news/General+News/84734/Libya-Spirals-Out-Of-Control%3B-Air-Force-Bombs-Protestors-.html
2011-02-22,03:53:40,fpqyo,246,My favorite protest sign of Libya,english.aljazeera.net,http://english.aljazeera.net/mritems/Images/2011/2/21/2011221152727362140_20.jpg
2011-02-21,11:29:51,fpbe1,201,"Protesters in Libya have overrun army bases, seized weapons, and taken control of Benghazi. The protesters reportedly now have tanks, and ""intense gunfire"" is being reported from Tripoli. Ghadafi's son is warning of a civil war.",centredaily.com,http://www.centredaily.com/2011/02/20/2532917/libyan-city-falls-to-gadhafis.html
2011-02-22,00:28:45,fpmeq,196,"IRAN: Tens of thousands of mourn the deaths of slain protesters, gather in public areas Sunday calling for the end of Iran's ""religious dictatorship"", are met by ""an extraordinary number"" of security forces and Basij militia who beat, shoot, and gas them",online.wsj.com,http://online.wsj.com/article/SB10001424052748703498804576156041487406056.html
2011-02-21,23:29:59,fpl8u,102,Decentralizing the Internet So Big Brother Can’t Find You,nytimes.com,http://www.nytimes.com/2011/02/16/nyregion/16about.html?_r=1
2011-02-22,03:25:48,fpqbb,98,Mikhail Gorbachev lambasts Vladimir Putin's 'sham' democracy,guardian.co.uk,http://www.guardian.co.uk/world/2011/feb/21/gorbachev-birthday-putin-democracy-russia
2011-02-21,19:25:03,fphy5,80,"Protests in Jordan are also getting short shrift in the media. By the type Mubarak had stepped down in Egypt after 18 days of protests, Jordan had it's sixth Friday in a row of protests for political reform.",bbc.co.uk,http://www.bbc.co.uk/news/world-middle-east-12507937
2011-02-22,07:40:37,fpvte,70,"Al Jazeera Arabic reports that adverts in Geni and Nigeria asking for mercenaries, offering up to US $2000 dollars per day. From AJE liveblog at 1.20 AM.",self.worldnews,https://www.reddit.com/r/worldnews/comments/fpvte/al_jazeera_arabic_reports_that_adverts_in_geni/
2011-02-21,18:57:20,fphn5,58,Gaddafi son: 'We will eradicate them all',guardian.co.uk,http://www.guardian.co.uk/world/2011/feb/21/gaddafi-son-muammar-libya
2011-02-22,01:46:24,fpo4k,55,Libyan planes defect to Malta to avoid bombing own citizens,monstersandcritics.com,http://www.monstersandcritics.com/news/africa/news/article_1620929.php/Libyan-jets-believed-to-be-defecting-land-in-Malta-Roundup
2011-02-21,15:55:06,fpfno,46,Japan to excavate WWII human experimentation site,bbc.co.uk,http://www.bbc.co.uk/news/world-asia-pacific-12521395
2011-02-21,22:32:05,fpk8k,49,"Anyone else getting sick of this type of BS coming from the UK and the US regarding Egypt. They're the ones that supported Mubarak for 30 years, now they're scrambling to look like the nice guys. ",bloomberg.com,http://www.bloomberg.com/news/2011-02-21/cameron-arrives-in-egypt-to-urge-army-to-complete-transition-to-democracy.html
2011-02-21,11:33:55,fpbgf,41,"Libya's second largest city, Benghazi, has fallen to anti-government forces after a crack army unit defected to the opposition.",news.smh.com.au,http://news.smh.com.au/breaking-news-world/libyan-city-falls-to-antigoverment-forces-20110221-1b1yg.html
2011-02-21,22:53:28,fpklq,39,"Qaddafi Son Warns of 'Rivers of Blood' as Libya Revolt Spreads — ""Instead of weeping over 84 dead people, we will weep over hundreds of thousands of dead,"" Saif al-Islam Qaddafi said on state television. ""Rivers of blood will flow.""",sfgate.com,http://www.sfgate.com/cgi-bin/article.cgi?f=%2Fg%2Fa%2F2011%2F02%2F20%2Fbloomberg1376-LGXV531A74E901-6M9OP8JNLGTIGC9MUULG80M4R5.DTL
2011-02-21,10:33:37,fpaeo,39,"Chancellor Angela Merkel’s Christian Democratic Union suffers major defeat on Sunday in Hamburg election, Social Democrats make big gains and will form new government",nytimes.com,http://www.nytimes.com/2011/02/21/world/europe/21hamburg.html
2011-02-21,13:46:15,fpdrv,35,"Chinese police crush online call for Middle East-style revolution
",belfasttelegraph.co.uk,http://www.belfasttelegraph.co.uk/news/world-news/chinese-police-crush-online-call-for-middle-eaststyle-revolution-15090932.html
2011-02-21,16:13:44,fpfw4,33,"Studies using a submersible found a layer, as much as 10cm thick in places, of dead animals and oil (gulf oil spill)",bbc.co.uk,http://www.bbc.co.uk/news/science-environment-12520630
2011-02-21,08:21:33,fp8a5,33,Military bases and tanks seized in Libya,msnbc.msn.com,http://www.msnbc.msn.com/id/41689225/ns/world_news-mideastn_africa/
2011-02-22,04:54:13,fps9p,25,"What's going on in Bahrain and why? Some facts, some history, and my own views as a Bahraini.",ali-aj.blogspot.com,http://ali-aj.blogspot.com/2011/02/whats-going-on-in-bahrain-and-why.html
2011-02-22,03:03:15,fppto,26,FROM A LIBYAN AMERICAN:  WHERE IS THE INTERNATIONAL COMMUNITY?,self.worldnews,https://www.reddit.com/r/worldnews/comments/fppto/from_a_libyan_american_where_is_the_international/
2011-02-21,09:33:28,fp9fx,29,"Gaddafi leaves Libya - Libya's Muammar Gaddafi has left his country for Venezuela or Brazil, as protests calling on him to step down have turned violent, a report says. ",presstv.ir,http://www.presstv.ir/detail/166231.html
2011-02-22,05:52:12,fptkt,24,"For Sale: Two gently used Libyan Mirage F1 fighters. Never used to bomb civilians. For pickup only in Malta. Must sell, will take best offer.",boingboing.net,http://www.boingboing.net/2011/02/21/mystery-behind-two-l.html
2011-02-22,07:46:18,fpvxt,26,Zimbabweans arrested viewing Mideast news ,upi.com,http://www.upi.com/Top_News/World-News/2011/02/21/Zimbabweans-arrested-viewing-Mideast-news/UPI-86431298329185/
2011-02-22,03:02:09,fppsw,23,Libya warplanes bombing Tripoli,uk.reuters.com,http://uk.reuters.com/article/2011/02/21/uk-libya-protests-jets-idUKTRE71K3X220110221
2011-02-21,15:43:16,fpfii,18,"South Korean ""super gun"" packs hi-tech killing power",reuters.com,http://www.reuters.com/news/video/story?videoId=187406842&videoChannel=2602
2011-02-22,01:55:36,fpocg,19,PIC of mercenary troops entering Tripoli.  Al Jazeera reports of hospital attacked by them. Staff and patients being shot inside.,yfrog.com,http://yfrog.com/h46h4oyj
2011-02-22,01:24:42,fpnn4,17,"Chinese court imprisons US citizen for ""betraying state secrets""",english.aljazeera.net,http://english.aljazeera.net/news/asia-pacific/2011/02/201121834345959195.html
