2011-06-24,22:59:30,i82ci,1438,"Amsterdam fights for your right to smoke pot: The proposed ban on allowing foreigners to purchase cannabis will increase crime, Amsterdam officials say.",globalpost.com,http://www.globalpost.com/dispatch/news/regions/europe/benelux/110623/amsterdam-coffee-shops-marijuana-cannabis
2011-06-24,19:56:41,i7z58,1039,A former Rwandan women's minister has been sentenced to life in prison for her role in the genocide and the rape of Tutsi women and girls.,bbc.co.uk,http://www.bbc.co.uk/news/world-africa-13507474
2011-06-24,19:56:14,i7z51,261,Hospital director in Japan paid gang member 10 million yen to find him a kidney donor,yomiuri.co.jp,http://www.yomiuri.co.jp/dy/national/T110623005217.htm
2011-06-24,08:56:33,i7n08,253,Cannibalism Comes To North Korea,globalpost.com,http://www.globalpost.com/dispatches/globalpost-blogs/the-rice-bowl/cannibalism-north-korea-world-hunger
2011-06-24,08:05:35,i7lqq,242,"""Jews and Israelis, or passengers carrying any non-Islamic article of faith, will not be able to fly code-share flights from the U.S. to Saudi Arabia under Delta Air Line's new partnership with Saudi Arabian Airlines that is set to begin in 2012...Religious items such as Bibles that are not related""",religionnews.com,http://www.religionnews.com/index.php?/rnstext/jews_not_able_to_fly_on_delta_flights_to_saudi_arabia/
2011-06-24,22:58:13,i82bg,125,Seized bin Laden cellphone provides link to Pakistani spy agency,csmonitor.com,http://www.csmonitor.com/World/terrorism-security/2011/0624/Seized-bin-Laden-cellphone-provides-possible-link-to-Pakistani-spy-agency
2011-06-24,11:17:28,i7qh5,116,"Cellphone Offers Clues of Bin Laden’s Pakistan Ties: Osama bin Laden, the former Al Qaeda leader, used the militant group Harakat-ul-Mujahedeen, which has links to Pakistani intelligence, as part of his support network.",nytimes.com,http://www.nytimes.com/2011/06/24/world/asia/24pakistan.html?emc=na#
2011-06-24,22:28:22,i81ny,94,"Muslim Tory minister says Pakistan's treatment of women fails Islam. Lady Warsi says women are being denied rights granted 1,400 years ago in Qur'an",guardian.co.uk,http://www.guardian.co.uk/politics/2011/jun/23/warsi-says-pakistan-fails-islam-over-women
2011-06-24,18:18:47,i7xua,73,South Africa now on a trajectory to Zimbabwehood. Top ANC cadres making exit plans as the Rainbow Nations dream spirals down the drain.,thedailymaverick.co.za,http://www.thedailymaverick.co.za/article/2011-06-23-open-letter-dear-anc-why-not-nationalise-the-government
2011-06-24,14:47:48,i7ue9,66,A top army officer in Zimbabwe has accused Prime Minister Morgan Tsvangirai of being a security threat.,bbc.co.uk,http://www.bbc.co.uk/news/world-africa-13888810
2011-06-24,08:50:42,i7mv4,65,Flash flood hits Beijing,beijingdaze.com,http://beijingdaze.com/general/2011/06/23/massive-flash-flood-hit-beijing-during-the-worst-of-rush-hour/
2011-06-24,19:51:44,i7z2n,58,HIV/AIDS: Anal sex HIV risk misunderstood among heterosexuals,trust.org,http://www.trust.org/alertnet/news/hivaids-anal-sex-hiv-risk-misunderstood-among-heterosexuals/
2011-06-24,20:49:27,i7zwm,55,"More mass rape in Congo, say aid groups and local media",trust.org,http://www.trust.org/trustlaw/news/more-mass-rape-in-congo-say-aid-groups-and-local-media/
2011-06-24,14:45:18,i7ucg,52,"Report faults Romanian legal system for Roma housing discrimination: Amnesty International finds that the Roma minority in Romania lacks legal protection from forced evictions, and that Roma families are often left in sub-standard housing conditions",dw-world.de,"http://www.dw-world.de/dw/article/0,,15185257,00.html"
2011-06-25,06:05:39,i8ewc,50,Croatia gets green light to join EU.,english.aljazeera.net,http://english.aljazeera.net/news/europe/2011/06/201162415159534282.html
2011-06-24,22:24:25,i81ko,47,Greece granted €120bn EU bailout,guardian.co.uk,http://www.guardian.co.uk/world/2011/jun/24/greece-eu-bailout-david-cameron
2011-06-24,20:32:09,i7zmw,45,GM marijuana problem growing in Colombia - Farmers say the enhanced plants are more powerful & profitable,physorg.com,http://www.physorg.com/news/2011-06-gm-marijuana-problem-colombia.html
2011-06-24,19:47:18,i7z0e,47,David Cameron wins battle to keep Britain out of second EU bail-out for Greece ,telegraph.co.uk,http://www.telegraph.co.uk/news/politics/david-cameron/8595806/David-Cameron-wins-battle-to-keep-Britain-out-of-second-EU-bail-out-for-Greece.html
2011-06-25,07:59:52,i8hpf,32,Mexico Replaces Police With Soldiers In Border Area : NPR,npr.org,http://www.npr.org/2011/06/24/137393901/mexico-replaces-police-with-soldiers-in-border-area?ft=1&f=1004
2011-06-25,04:02:48,i8b9w,26,Mexican Congress Says No To ACTA,techdirt.com,http://www.techdirt.com/articles/20110622/16200014814/mexican-congress-says-no-to-acta.shtml
2011-06-25,01:21:13,i8680,25,"Syria protesters 'shot outside mosque': Reports of 15 deaths in protests across country, including six said to have been shot as they left a mosque in Damascus.",english.aljazeera.net,http://english.aljazeera.net/news/middleeast/2011/06/2011624133653746255.html
2011-06-24,10:57:45,i7pyo,28,"An ally of Iranian President Mahmoud Ahmadinejad has been arrested, according to Iran's state media.",bbc.co.uk,http://www.bbc.co.uk/news/world-middle-east-13898232
2011-06-25,02:39:31,i88ko,23,"How does one say ""doubleplusgood"" in Chinese?",nytimes.com,http://www.nytimes.com/2011/06/24/world/asia/24china.html?_r=1&pagewanted=print
2011-06-24,23:29:02,i833u,20,Leaked IRC logs identify LulzSec members and show a disorganised group obsessed with its media coverage and suspicious of other hackers,guardian.co.uk,http://www.guardian.co.uk/technology/2011/jun/24/inside-lulzsec-chatroom-logs-hackers
2011-06-25,01:02:44,i85nz,18,"Syrian forces fire on protesters, at least 12 dead",usatoday.com,http://www.usatoday.com/news/world/2011-06-24-Syria-protests-regime-Turkey_n.htm
2011-06-25,02:10:38,i87pu,19,"Special report on Japan's ""throwaway"" nuclear workers: ""I can only think that to the power companies, contract workers are just disposable pieces of equipment"" ",reuters.com,http://www.reuters.com/article/2011/06/24/us-japan-nuclear-idUSTRE75N18A20110624
2011-06-25,06:10:28,i8f18,13,No evidence of Libya Viagra rape claims. But war crimes? Plenty.,csmonitor.com,http://www.csmonitor.com/World/Backchannels/2011/0624/No-evidence-of-Libya-Viagra-rape-claims.-But-war-crimes-Plenty
2011-06-24,20:43:31,i7ztb,13,"Global oil stocks have taken a battering in recent months as the conflict in Libya rages, pushing nearly 30 nations including Germany to release portions of their emergency oil reserves on Thursday.",dw-world.de,"http://www.dw-world.de/dw/article/0,,15185614,00.html"
2011-06-24,19:43:16,i7yyk,14,The Bank of England's new financial policy committee calls for an audit of UK banks' exposure to the eurozone debt crisis. ,bbc.co.uk,http://www.bbc.co.uk/news/business-13901685
2011-06-24,22:59:49,i82cw,14,Juárez Police Chief Julian Leyzaola survives assassination attempt,elpasotimes.com,http://www.elpasotimes.com/ci_18339667?source=most_viewed
