2011-06-28,20:49:37,ib7y4,1249,France to invest one billion euros in nuclear power ,telegraph.co.uk,http://www.telegraph.co.uk/earth/energy/nuclearpower/8601594/France-to-invest-one-billion-euros-in-nuclear-power.html
2011-06-28,00:10:08,iadnx,1208,French president says post-Fukushima abandonment of nuclear 'makes no sense' as he announces push for new technology.,guardian.co.uk,http://www.guardian.co.uk/world/2011/jun/27/nicolas-sarkozy-france-nuclear-power
2011-06-28,09:45:48,iau8b,786,Canadians Win Battle to Keep Asbestos Off of Hazardous Materials List (?!),cbc.ca,http://www.cbc.ca/news/canada/montreal/story/2011/06/24/pol-harper-asbestos.html
2011-06-28,19:28:25,ib6px,429,"Hackers are being radicalised by government policy
",guardian.co.uk,http://www.guardian.co.uk/commentisfree/2011/jun/28/radical-hackers-lulzsec-governments
2011-06-28,17:01:54,ib4i2,220,Afghans build super-cheap internet out of rubbish,techeye.net,http://www.techeye.net/internet/afghans-build-super-cheap-internet
2011-06-28,09:05:31,iat78,160,Israeli forces attack clown demonstrators,youtube.com,http://www.youtube.com/watch?v=KieHEoWewtY&feature=player_detailpage#t=60s
2011-06-28,18:00:34,ib5fm,129,Scandinavian activists in the Gaza-bound flotilla say someone sabotaged their ship's propeller while the vessel was docked in a Greek port,google.com,http://www.google.com/hostednews/ap/article/ALeqM5gx-0W6Oct-CDcvx2sk9trkuP5wXw?docId=38c9d8d8870744feaec517995a715a36
2011-06-28,15:01:20,ib26f,101,General Strike brings Greece to a halt,english.aljazeera.net,http://english.aljazeera.net/news/europe/2011/06/20116285656386285.html
2011-06-28,22:45:04,iba9q,92,"Egyptian policeman sentenced to death for killing protesters
",latimes.com,"http://www.latimes.com/news/nationworld/world/la-fg-egypt-cop-20110628,0,7859799.story"
2011-06-28,20:46:04,ib7w7,77,Greek Police Using Teargas On Protesters And Riots Are Breaking Out At Syntagma Square,businessinsider.com,http://www.businessinsider.com/greek-police-use-teargas-on-protesters-2011-6
2011-06-28,19:47:14,ib701,74,China told to reduce food production or face 'dire' water levels: Food must be imported and water use tightly regulated to protect dwindling supply,guardian.co.uk,http://www.guardian.co.uk/environment/2011/jun/28/china-food-water
2011-06-29,02:47:50,ibhjx,69,Stunning photographs floods in China ,bigpicture.ru,http://bigpicture.ru/?p=168565
2011-06-28,12:09:09,iay0a,49,Water use in China & the Middle East is an environmental Ponzi scheme,guardian.co.uk,http://www.guardian.co.uk/environment/damian-carrington-blog/2011/jun/27/water-shortage-china-middle-east?intcmp=122
2011-06-28,19:52:53,ib73b,52,"'We May Be Naive, But We Are Not Idiots' - He built Pakistan's nuclear bomb and is accused of having sold his knowledge to Libya and Iran. In an e-mail interview, he now explains why he accepted sole blame for the accusations at the time and points a finger at the Pakistani army. ",spiegel.de,"http://www.spiegel.de/international/world/0,1518,770746,00.html"
2011-06-29,06:18:38,ibo6l,50,World Bank appoints Lehman's Risk Officer 2002 - 2007 as Treasurer ,blogs.reuters.com,http://blogs.reuters.com/columns/2011/06/23/why-the-world-bank-is-hiring-lehmans-ex-risk-boss/
2011-06-29,06:57:27,ibpct,45,"The Country Where Slavery Is Still Normal: How a perfect storm of ethnic divisions, natural disaster, and political turmoil made Mauritania a 21st-century slave state",theatlantic.com,http://www.theatlantic.com/international/archive/2011/06/the-country-where-slavery-is-still-normal/241148/
2011-06-28,09:38:08,iau16,44,UN ratifies Venezuela for sixth consecutive year as a territory free of illicit drug cultivation,venezuelanalysis.com,http://venezuelanalysis.com/news/6303
2011-06-28,08:44:20,iaso9,44,TEPCO halts cooling water circulation due to leaks in the 4km-long pipe system. NHK TV also reported that TEPCO started the system without checking it for leaks first -- it only ran for 90 minutes.,nhk.or.jp,http://www3.nhk.or.jp/daily/english/27_31.html
2011-06-28,19:50:35,ib71p,43,Germany has agreed to supply bomb components and other military ordnance to NATO forces involved in the Libya conflict. Berlin originally abstained from a UN Security Council vote to back the intervention.,dw-world.de,"http://www.dw-world.de/dw/article/0,,15193528,00.html"
2011-06-28,22:54:23,ibahg,39,Greek protests turn violent,cnn.com,http://www.cnn.com/2011/WORLD/europe/06/28/greece.strike/index.html?hpt=hp_t1
2011-06-29,05:59:20,ibnjo,35,South Korea braced for North Korean 'provocation' as tension mounts,guardian.co.uk,http://www.guardian.co.uk/world/2011/jun/28/south-korea-north-korea-tension
2011-06-28,09:40:28,iau2s,31,"City of Sydney officially declares 1788 settlement of Australia an invasion |
			News.com.au",news.com.au,http://www.news.com.au/national/city-of-sydney-officially-declares-1788-settlement-of-australia-an-invasion/story-e6frfkvr-1226083184986
2011-06-28,10:32:49,iavg8,28,"The Truth about 88 --- Openly Nazi symbols such as the swastika are banned in Germany, so neo-Nazis get around the law by using coded combinations of letter and numbers. A new book explains the meaning of such codes, and reveals that far-right style is becoming increasingly diverse and hard to spot.",spiegel.de,"http://www.spiegel.de/international/germany/0,1518,770820,00.html"
2011-06-28,19:25:07,ib6o6,28,"48-hour general strike has left Athens at a standstill - A 48-hour general strike has begun in Greece, bringing public transport and services to a halt. As protesters gather in Athens, the Greek government continues to debate a fresh round of austerity plans.",dw-world.de,"http://www.dw-world.de/dw/article/0,,15193371,00.html"
2011-06-28,10:18:09,iav1b,28,"Officials in Uruguay say the country's President, Jose Mujica, will remove obstacles that have prevented courts from investigating alleged human rights abuses committed under military rule. ",bbc.co.uk,http://www.bbc.co.uk/news/world-latin-america-13937023
2011-06-28,23:54:55,ibc5v,24,"Germany pledges to dramatically boost trade with China - German Chancellor Angela Merkel has announced plans for a major increase in trade with China, as Chinese Premier Wen Jiabao concludes his European tour in Berlin. Multibillion euro business deals have also been secured.",dw-world.de,"http://www.dw-world.de/dw/article/0,,15194186,00.html"
2011-06-29,02:44:09,ibhgi,21,International Space Station crew in debris scare,bbc.co.uk,http://www.bbc.co.uk/news/science-environment-13949956
2011-06-29,06:38:53,ibot6,22,Greece Explodes as Global Capitalists Force Austerity: Police Greeted the Crowds With Rubber bullets and tear gas,newsjunkiepost.com,http://newsjunkiepost.com/2011/06/28/greece-explodes-as-global-capitalists-force-austerity-police-violence-greets-the-crowds/
2011-06-29,01:21:56,ibern,23,"Cambodian tribunal set to try Khmer Rouge leaders - Now old and infirm, four of the top surviving members of the Khmer Rouge’s ruling elite are about to face justice, decades after their plans for a Communist utopia in Cambodia left an estimated 1.7 million people dead...",arabnews.com,http://arabnews.com/world/article462336.ece
2011-06-28,13:18:40,iazrb,20,Iran to send monkey into space,english.aljazeera.net,http://english.aljazeera.net/news/middleeast/2011/06/201162812040876380.html
