2011-05-10,21:28:30,h82bx,1722,Japan Prime Minister will give up his salary until the nuclear crisis is over. ,cnn.com,http://www.cnn.com/2011/WORLD/asiapcf/05/10/japan.nuclear/index.html
2011-05-10,03:08:15,h7hkj,1230,"Tony Blair used 400,000 pounds from a fund for disadvantaged children to set up an office in a five-star hotel in West Asia",economictimes.indiatimes.com,http://economictimes.indiatimes.com/news/news-by-industry/et-cetera/tony-blair-used-childrens-cash-to-set-up-office-report/articleshow/8204203.cms
2011-05-10,11:25:45,h7tb0,459,Microsoft closing in on $7 billion deal to buy Skype.  ,online.wsj.com,http://online.wsj.com/article/SB10001424052748703730804576313932659388852.html
2011-05-10,01:22:14,h7f8u,169,"As the Arab Spring proves, Bin Laden had already lost: By the time he was killed, bin Laden had already lost the battle for the hearts and minds of a new generation of Arabs.",globalpost.com,http://www.globalpost.com/dispatch/news/opinion/columnists/110507/the-arab-spring-proves-bin-laden-had-already-lost
2011-05-10,23:55:53,h85h4,137,Indian Supreme Court:  'Honour' killers should hang,bbc.co.uk,http://www.bbc.co.uk/news/world-south-asia-13348414
2011-05-10,00:46:32,h7ed3,124,"'Being gay is a sin': Swedish Salvation Army - Leading members of the Salvation Army in Sweden told an undercover journalist that “homosexual sex is a sin” and offered to ask God to help ""free"" the reporter from the condition.",thelocal.se,http://www.thelocal.se/33656/20110509/
2011-05-10,10:25:15,h7rxy,94,Christians in Egypt say they are under organized attack. ,telegraph.co.uk,http://www.telegraph.co.uk/news/worldnews/africaandindianocean/egypt/8503887/Egyptian-Christians-say-they-are-under-organised-attack.html
2011-05-10,20:28:14,h81f3,80," How An Italian Pilot Began The Air War Era --- 
In Libya, almost exactly a century ago, a young Italian pilot carried out the first ever air raid. His extraordinary letters home begin: ""Today two boxes of bombs arrived. We are expected to throw them from our planes""",bbc.co.uk,http://www.bbc.co.uk/news/world-europe-13294524
2011-05-11,05:56:14,h8esk,69,"SYRIA: Amateur video said to show government agents crushing protest
",latimesblogs.latimes.com,http://latimesblogs.latimes.com/babylonbeyond/2011/05/syria-video-protest-security-crackdown-arnoos-square.html
2011-05-10,21:21:40,h8287,62,UK police trained secret terror squads,guardian.co.uk,http://www.guardian.co.uk/world/2011/may/10/bangladeshi-force-trained-uk-police
2011-05-10,08:28:57,h7pa2,58,Tripoli finally beginning to rise up against Gadaffi!,blogs.aljazeera.net,http://blogs.aljazeera.net/live/africa/libya-live-blog-0
2011-05-10,09:57:54,h7r99,58,"Indian women were subjected to ""virginity tests"" in the 1970s before being allowed entry into the United Kingdom",timesofindia.indiatimes.com,http://timesofindia.indiatimes.com/world/uk/UK-files-reveal-virginity-tests-on-Indian-women-in-1970s/articleshow/8211856.cms
2011-05-11,03:35:38,h8b4k,53,"Dozens of academics have called for the ""immediate reinstatement"" of a Nottingham University lecturer, who was suspended for writing an article criticising the university's treatment of a student arrested by anti-terror police in 2008",bbc.co.uk,http://www.bbc.co.uk/go/rss/int/news/-/news/uk-england-nottinghamshire-13350702
2011-05-10,21:24:22,h829h,55,"Blindfolded, beaten and tortured: grim new testimony reveals fate of Bahrain's persecuted doctors",independent.co.uk,http://www.independent.co.uk/news/world/middle-east/blindfolded-beaten-and-tortured-grim-new-testimony-reveals-fate-of-bahrains-persecuted-doctors-2281616.html
2011-05-11,03:20:33,h8aq2,45,Russia considers chemical castration for sex offenders. ,bbc.co.uk,http://www.bbc.co.uk/news/world-europe-13348779
2011-05-10,23:22:52,h84ph,46,"Six orphan girls aged between 12 and 18 have been flogged in Saudi Arabia after being convicted of ""acts of mischief"" and ""attacking"" the head of their orphanage",guardian.co.uk,http://www.guardian.co.uk/world/2011/may/10/saudi-arabia-flogs-orphan-girls
2011-05-10,09:55:50,h7r7h,35,"The Indian Supreme Court warned that perpetrators of 'honour killings' could face death penalty, saying that the crime meets the ""rarest-of-rare"" criterion laid down by it to award capital punishment. ",timesofindia.indiatimes.com,http://timesofindia.indiatimes.com/india/Perpetrators-of-honour-killings-should-be-ready-for-gallows-SC/articleshow/8212061.cms
2011-05-10,11:34:42,h7tig,33,Bosnia facing a serious crisis.,english.aljazeera.net,http://english.aljazeera.net/news/europe/2011/05/201159193434661514.html
2011-05-10,15:21:08,h7yba,30,13 killed in clash on Mexico-U.S. border lake,cnn.com,http://www.cnn.com/2011/CRIME/05/09/mexico.violence/?hpt=T2
2011-05-11,05:37:40,h8eau,29,"At least 82 dead in southern Sudan, including women and children, as rebels continue attacks ahead of region's independence in July",english.aljazeera.net,http://english.aljazeera.net/news/africa/2011/05/2011510154218920615.html
2011-05-10,21:35:09,h82gn,23,EU slaps sanctions on top Syrians including president's brother,cnn.com,http://www.cnn.com/2011/WORLD/meast/05/10/syria.unrest/index.html?hpt=T2
2011-05-10,20:34:18,h81hn,21,"The Coming Euro Crack-Up --- 
""The European project won’t go quietly into the night. But it might go noisily into the ashcan of history if the Germans decide they can't convert the Greeks into hard-working, tax-paying euro-citizens worthy of continuing handouts""",weeklystandard.com,http://www.weeklystandard.com/articles/coming-euro-crack_558504.html?nopager=1
2011-05-11,05:54:11,h8eqy,22,"""Some observers allege that the sudden emergence of Salafis is orchestrated by Saudi Arabia, which seeks to abort the Egyptian revolution for fear that the same revolutionary model would be reproduced on its soil.""",almasryalyoum.com,http://www.almasryalyoum.com/en/node/431100
2011-05-10,23:03:28,h84ac,20,Japan Scraps Plan for New Nuclear Plants,nytimes.com,http://www.nytimes.com/2011/05/11/world/asia/11japan.html?partner=rss&emc=rss
2011-05-10,23:12:32,h84hz,21,"Rights group: More than 750 killed, 9,000 people detained in Syria government crackdown on dissent ",msnbc.msn.com,http://www.msnbc.msn.com/id/42971849/ns/world_news-mideastn_africa/?ocid=twitter
2011-05-10,11:43:20,h7tqb,17,Glencore (The world's largest commodities trader) is Profiteering from hunger and chaos,english.aljazeera.net,http://english.aljazeera.net/indepth/features/2011/05/20115723149852120.html
2011-05-10,12:44:33,h7v3y,15,"Eman al-Obeidy, who received global attention for her allegations, fled to Tunisia in a military car on Thursday helped by a defecting officer ",mirror.co.uk,http://www.mirror.co.uk/news/top-stories/2011/05/10/libyan-rape-victim-eman-al-obeidy-flees-to-tunisia-115875-23119546/
2011-05-10,22:44:55,h83ul,17,Video: Al-Jazeera calls for Syria to release American journalist Dorothy Parvaz,youtube.com,http://www.youtube.com/watch?v=PEEjayTd6Lk&feature=share
2011-05-11,02:47:17,h89to,17,"Documents detailing how Mau Mau Kenyan detainees were castrated, beaten and sexually abused while in British camps, should now be made public: Foreign Secretary.",independent.co.uk,http://www.independent.co.uk/news/world/africa/mau-mau-torture-files-were-guilty-secret-2281456.html
2011-05-11,01:42:40,h8870,16,"Mexico - Mexican military patrolling the Falcon Lake reservoir along the Texas border killed 12 presumed Zeta drug gang members in a gunbattle that erupted after they discovered a drug encampment on an island, the Mexican navy said Monday",chron.com,http://www.chron.com/disp/story.mpl/metropolitan/7557644.html
