2011-05-27,04:45:30,hkwl7,1490,Agribusiness wins and Brazil does away with laws to protect large swaths of rainforest ,telegraph.co.uk,http://www.telegraph.co.uk/news/worldnews/southamerica/brazil/8537162/Brazil-does-away-with-laws-to-protect-large-swaths-of-rainforest.html
2011-05-27,19:09:48,hlepo,760,Spanish police is charging tough against pacifist protesters in Barcelona!,focus-fen.net,http://www.focus-fen.net/index.php?id=n250766
2011-05-27,22:52:18,hli6x,390,Spanish police beating peaceful protestors in the Plaça Catalunya in Barcelona [Vid],irishtimes.com,http://www.irishtimes.com/newspaper/breaking/2011/0527/breaking32.html
2011-05-27,02:14:12,hksh1,344,Category 5 Typhoon Heading For Japan.,news.blogs.cnn.com,http://news.blogs.cnn.com/2011/05/26/super-typhoon-churns-through-pacific-threatens-okinawa/
2011-05-27,22:47:37,hli31,218,"Thousands of Egyptians are gathered on Cairo's Tahrir Square for a so-called ""second revolution""",voanews.com,http://www.voanews.com/english/news/africa/north/Egyptian-Activists-Stage-Second-Revolution-Rally-122716064.html
2011-05-28,00:58:38,hllag,136,"Thousands return to Tahrir Square for ""day of anger"" demonstrations, pressing military rulers for speedier reforms.",english.aljazeera.net,http://english.aljazeera.net/news/middleeast/2011/05/201152711313435236.html
2011-05-28,01:50:47,hlmmt,120,"Italy: Seven seismologists being tried for manslaughter for failing to predict 2009 L'Aquila earthquake, which killed about 300 people",google.com,http://www.google.com/hostednews/ap/article/ALeqM5iH2KWb3f5bwajaliBgE_p6TmfpvA?docId=dd12dbeab3624377bb25af2d512d322e
2011-05-28,01:02:00,hlldc,93,"Russia agrees to mediate Gaddafi exit; Moscow changes tack at the G8 meeting in France, saying Gaddafi has 'forfeited legitimacy' to rule Libya",english.aljazeera.net,http://english.aljazeera.net/news/africa/2011/05/2011527114252533477.html
2011-05-28,00:43:55,hlkwg,89,Fukushima's tsunami plan was a single page: Document reveals TEPCO had ruled out the possibility of a tsunami large enough to knock the plant offline ,salon.com,http://www.salon.com/news/feature/2011/05/27/as_japan_earthquake_tsunami_risk
2011-05-27,16:50:03,hlcud,67,Europe's Web of Debt [pic],nytimes.com,http://www.nytimes.com/interactive/2010/05/02/weekinreview/02marsh.html
2011-05-27,12:18:15,hl7kh,50,"Rwanda genocide mastermind arrested: Bernard Munyagishari, a former Hutu militia leader wanted on charges of murder and rape in connection with the Rwanda genocide, is caught in Democratic Republic of Congo after 17 years",globalpost.com,http://www.globalpost.com/dispatch/news/regions/africa/110526/rwanda-genocide-suspect-arrested-democratic-republic-congo
2011-05-28,00:12:22,hlk2v,50,Juárez police captain gunned down at home,elpasotimes.com,http://www.elpasotimes.com/news/ci_18151159?source=most_viewed
2011-05-27,15:15:33,hlb92,51,"Greece ""cheated"" to join Euro through deception former European Central Bank Chief Economist Otmar Issing said. ",bloomberg.com,http://www.bloomberg.com/news/2011-05-26/greece-cheated-to-join-euro-sanctions-since-were-too-soft-issing-says.html
2011-05-27,20:10:17,hlfgg,50,"The price of protesting in Syria: ""there was the welcome party before the interrogation. They pushed us to the floor, security forces stood on our back and jumped hard. Five or six of them. One jumps, finishes his turn, and the next one takes over,"" ",reuters.com,http://www.reuters.com/article/2011/05/27/us-g8-syria-communique-idUSTRE74Q18820110527
2011-05-28,00:13:25,hlk3q,45,Egyptians Gather for Second 'Day of Anger': Thousands gather in Cairo's Tahrir Square to protests against the military's handling of the post-revolution phase,commondreams.org,http://www.commondreams.org/headline/2011/05/27-0
2011-05-27,14:54:39,hlaw4,39,"Radioactive water appears to be leaking from a waste disposal building at Fukushima nuclear complex, says operator Tepco",ca.news.yahoo.com,http://ca.news.yahoo.com/leak-feared-stricken-japan-nuclear-plant-071027708.html
2011-05-27,20:18:19,hlfk7,38,AF447: Description of the Air France crash chronology from the BEA (Must read!),bea.aero,http://www.bea.aero/fr/enquetes/vol.af.447/point.enquete.af447.27mai2011.en.pdf
2011-05-27,10:20:40,hl4vz,34,"Outrage over Syria's shoot-to-kill policy/
Amnesty International says government should be put on trial for killing protesters. [Title of video]",english.aljazeera.net,http://english.aljazeera.net/video/middleeast/2011/05/2011526172014724260.html
2011-05-28,00:06:17,hljxi,32,Protesters 'shot dead' by Syrian forces: More deaths reported as several towns witness fresh demonstrations against president Assad's one-party rule. ,english.aljazeera.net,http://english.aljazeera.net/news/middleeast/2011/05/201152791250989274.html
2011-05-28,05:32:53,hlsi0,31,"G8 summit: laws apply on Internet just like ""everywhere else""",arstechnica.com,http://arstechnica.com/tech-policy/news/2011/05/g8-summit-laws-apply-on-internet-just-like-everywhere-else.ars
2011-05-28,00:53:03,hll4a,24,Video: Police brutality in Spain,20minutos.tv,http://www.20minutos.tv/video/bmuvFKLO-brutalidad-en-la-plaza-de-cataluna/0/
2011-05-27,10:53:24,hl5mx,24,"As of this Sunday, crossing the Egypt-Palestine border will be permitted without a visa",almasryalyoum.com,http://www.almasryalyoum.com/en/node/452916
2011-05-27,19:12:41,hleqx,27,"BBC News - ""Sri Lanka President Rajapaksa defends military's role"" but ""The UN-commissioned report said that tens of thousands of civilians died in the final phase of the war - most of them killed in shelling by government forces.""",bbc.co.uk,http://www.bbc.co.uk/news/world-south-asia-13570810
2011-05-28,02:58:10,hlohw,24,Harper blocks mention of 1967 border in G8 Mideast statement ,theglobeandmail.com,http://www.theglobeandmail.com/news/politics/harper-blocks-mention-of-1967-border-in-g8-mideast-statement/article2037144/
2011-05-28,03:11:15,hlout,25,Greek PM fails to win opposition support for austerity measures again,news.xinhuanet.com,http://news.xinhuanet.com/english2010/world/2011-05/28/c_13897898.htm
2011-05-28,02:22:09,hlnhe,24,"President Hu Jintao of China praised North Korea and its ailing leader, Kim Jong-il, for giving “top priority to improving people’s lives.” ",nytimes.com,http://www.nytimes.com/2011/05/27/world/asia/27korea.html?ref=world
2011-05-27,18:36:31,hle8z,22,"Former Guantanamo Bay detainee Mamdouh Habib is no longer a security risk and has been granted a passport, Australia's spy agency has confirmed.
",abc.net.au,http://www.abc.net.au/news/stories/2011/05/27/3229323.htm?section=justin
2011-05-28,04:49:58,hlrgl,21,Islamic militants seize coastal town in Yemen,news.yahoo.com,http://news.yahoo.com/s/ap/20110527/ap_on_re_mi_ea/ml_yemen
2011-05-28,05:17:38,hls5e,17,"150,000 flee violence in Abyei: Oil-producing region in the crosshairs of yet another Sudanese civil war",gulfnews.com,http://gulfnews.com/news/region/sudan/150-000-flee-violence-in-abyei-1.813766
2011-05-27,17:08:39,hld3m,18,Brazil does away with laws to protect large swathes of rainforest.,telegraph.co.uk,http://www.telegraph.co.uk/news/worldnews/southamerica/brazil/8537162/Brazil-does-away-with-laws-to-protect-large-swathes-of-rainforest.html
