2011-02-25,05:36:19,fs31m,2486,protests spread to North Korea,asianews.it,http://www.asianews.it/news-en/First-public-protests-against-the-Kims%E2%80%99-regime-20861.html
2011-02-25,21:32:43,fsj0o,1310,Merkel rebukes Israeli PM Netanyahu for failing to advance peace. 'You haven't made a single step',guardian.co.uk,http://www.guardian.co.uk/world/2011/feb/25/merkel-rebukes-netanyahu-peace-israel
2011-02-25,22:50:52,fsk9y,927,Vatican: Priests in 23 countries have been sexually abusing and raping nuns for years,independent.co.uk,http://www.independent.co.uk/news/world/europe/vatican-confirms-report-of-sexual-abuse-and-rape-of-nuns-by-priests-in-23-countries-688261.html?r=1
2011-02-25,11:54:44,fsawe,446,"South Korea drops leaflets into North about democracy protests in Egypt, Libya & the Middle East.",reuters.com,http://www.reuters.com/article/2011/02/25/us-korea-north-campaign-idUSTRE71O0SM20110225?WT.tsrc=Social%20Media&WT.z_smid=twtr-reuters_%20com&WT.z_smid_dest=Twitter
2011-02-25,18:43:37,fsgzy,443,Al-Jazeera in Talks With Comcast Over U.S. Distribution,wired.com,http://www.wired.com/epicenter/2011/02/al-jazeera-comcast
2011-02-25,00:17:26,frvgc,307,South Korea's Internet To Be 200 Times Faster Than In U.S.,huffingtonpost.com,http://www.huffingtonpost.com/2011/02/23/south-korea-gigabit-internet-2012_n_827145.html
2011-02-25,21:45:11,fsj7c,207,All diplomats at the Libyan embassy in New Delhi have now defected. Not just the ambassador but the entire embassy Al Jazeera has learned. This is an excerpt of the press release sent to Al Jazeera.,blogs.aljazeera.net,http://blogs.aljazeera.net/sites/default/files/imagecache/FeaturedImagePost/images/680_28.jpg
2011-02-25,21:53:59,fsjbb,190,South Korea floods North Korea with balloons telling them of Middle East protests,businessinsider.com,http://www.businessinsider.com/north-korea-balloons-protests-2011-2
2011-02-26,01:18:54,fsnla,146,"Saudi youths call for rally in Jeddah - A group calling itself Jeddah Youth for Change has distributed printed statements, calling on the people to join a demonstration near al-Beia Square in Jeddah on Friday.",aljazeera.com,http://www.aljazeera.com/news/articles/34/Saudi-youths-call-for-rally-in-Jeddah.html
2011-02-25,08:43:21,fs72u,104,Holy shit. This is what revolution and conflict sounds like. NPR talking with a man on via phone as you can hear the army attack a square full of protesters. Protesters are able to fight them off and commandeer a tank. ,npr.org,http://www.npr.org/2011/02/24/134034859/Militias-In-Libya-Attack-Protesters?ft=1&f=1004
2011-02-26,00:13:50,fsm04,94,Protesters set fire to Gaddafi family palace,rawstory.com,http://www.rawstory.com/rawreplay/2011/02/protesters-torch-gaddafi-family-palace/
2011-02-25,13:45:55,fsczu,88,A Day in High School Hell - Diary of a Chinese Student,chinahush.com,http://www.chinahush.com/2011/02/21/a-day-in-the-high-school-of-hell/#more-8027
2011-02-26,06:30:13,fsuco,80,"100,000 people pack Tunis to demand Prime Minister Ghannouchi step down",allafrica.com,http://allafrica.com/stories/201102250896.html
2011-02-26,02:02:49,fsolb,69,45 Zimbabweans arrested and charged with treason for watching a video of the Egyptian revolution,allafrica.com,http://allafrica.com/stories/201102241108.html
2011-02-25,05:58:11,fs3j4,65,Taliban walk into Afghan bank and massacre scores of customers (Video),youtube.com,http://www.youtube.com/watch?v=cELRYVoj1jI&feature=player_embedded
2011-02-25,15:29:39,fsepn,61,Egypt: Thank You World Media!,youtube.com,http://www.youtube.com/watch?v=SSpZJMTT_WM
2011-02-25,11:24:35,fsabq,49,"S.Korea drops leaflets into North about Egypt, Libya",af.reuters.com,http://af.reuters.com/article/egyptNews/idAFTOE71O01F20110225
2011-02-26,02:58:18,fspt9,47,No to Military Intervention in Libya - We should not repeat the mistake of Iraq. The United States -- or Europe -- should not send troops to Libya...,fpif.org,http://www.fpif.org/articles/no_to_military_intervention_in_libya
2011-02-25,19:17:09,fshcd,47,"Raymond Davis, the American spook arrested for murdering two people in Pakistan, may have been the acting head of CIA there",telegraph.co.uk,http://www.telegraph.co.uk/news/worldnews/asia/pakistan/8340999/Raymond-Davis-was-acting-head-of-CIA-in-Pakistan.html
2011-02-26,03:42:15,fsqsn,38,"Ugh...More Libyan bloodshed could prompt U.S., NATO intervention",cnn.com,http://www.cnn.com/2011/WORLD/africa/02/24/libya.military.intervention/index.html
2011-02-26,06:23:31,fsu7t,35,"BAGHDAD — Demonstrations turned violent across Iraq on Friday, as protesters burned buildings and security forces fired on the crowds.",nytimes.com,http://www.nytimes.com/2011/02/26/world/middleeast/26iraq.html?_r=1
2011-02-25,12:54:40,fsc1b,36,"The ""New Libyan Army"" as the rebels are calling themselves, are planning for a major offensive to liberate Tripoli from Gadhafi!",npr.org,http://www.npr.org/2011/02/24/134034855/In-Libya-Defectors-Organize-In-Benghazi
2011-02-26,05:53:55,fstns,37,Why N.Koreans Are Starving,english.chosun.com,http://english.chosun.com/site/data/html_dir/2011/02/25/2011022501275.html
2011-02-25,09:14:46,fs7pc,31,Mercenaries gather in Tripoli for final battle,independent.co.uk,http://www.independent.co.uk/news/world/africa/mercenaries-gather-in-tripoli-for-final-battle-2225168.html
2011-02-25,15:30:53,fseqb,25,Helium balloons to be floated to North Korea will carry propaganda leaflets with news of the popular uprisings sweeping the Middle East,english.chosun.com,http://english.chosun.com/site/data/html_dir/2011/02/25/2011022501269.html
2011-02-25,19:08:34,fsh97,27,UN Human Rights Commission meets in special session for first time ever - says Libyan violence escalating and 1000's now dead. ,bbc.co.uk,http://www.bbc.co.uk/news/world-africa-12576427
2011-02-25,10:28:12,fs957,22,Iraq braces for largescale protests,english.aljazeera.net,http://english.aljazeera.net/news/middleeast/2011/02/2011224192028229471.html
2011-02-26,02:15:42,fsov0,21,Gaddafi arming people against protesters.,english.aljazeera.net,http://english.aljazeera.net/news/africa/2011/02/2011225165641323716.html?arming
2011-02-25,08:15:11,fs6ht,20,Libyan soldiers executed for mutiny NSFL [youtube],youtube.com,http://www.youtube.com/watch?v=lPB6l1QsPro
2011-02-25,18:02:16,fsgk9,19,"More Libyan bloodshed could prompt U.S., NATO intervention",cnn.com,http://www.cnn.com/2011/WORLD/africa/02/24/libya.military.intervention/
