2011-09-16,00:43:35,kglk6,1937,Iran blocks Tor; Tor releases same-day fix,blog.torproject.org,https://blog.torproject.org/blog/iran-blocks-tor-tor-releases-same-day-fix
2011-09-16,12:55:48,kha4t,1304,"It took three years, but the music industry has finally won. The Council of the European Union, where the various member state governments all have a say, voted without discussion to increase the copyright term in sound recordings from 50 to 70 years!",arstechnica.com,http://arstechnica.com/tech-policy/news/2011/09/no-beatles-for-you-eu-adds-20-years-to-music-copyrights.ars
2011-09-16,09:23:16,kh3pw,871,Praying in Paris streets outlawed,telegraph.co.uk,http://www.telegraph.co.uk/news/worldnews/europe/france/8766169/Praying-in-Paris-streets-outlawed.html
2011-09-16,00:32:03,kgl5i,847,"Berlusconi calls German Chancellor Merkel an ""unfuckable lard-arse""",thefirstpost.co.uk,"http://www.thefirstpost.co.uk/84568,people,news,italian-pm-silvio-berlusconi-called-angela-merkel-an-unfuckable-lard-arse"
2011-09-16,23:52:18,khog9,366,Phone hacking: Met Police use Official Secrets Act to force Guardian to reveal sources,guardian.co.uk,http://www.guardian.co.uk/media/2011/sep/16/phone-hacking-met-court-order
2011-09-16,23:30:25,khnoy,247,Egypt Protesters Call for End to 'Emergency Law',nytimes.com,http://www.nytimes.com/aponline/2011/09/16/world/middleeast/AP-ML-Egypt.html
2011-09-16,20:10:07,khj02,249,Anti-Roma Protests Turn Violent in the Czech Republic - For weeks there have been riots between Czech locals and newly settled Roma in northern Bohemia. What started as a series of brutal but isolated fights has grown into a popular movement in small towns along the eastern German border.,spiegel.de,"http://www.spiegel.de/international/europe/0,1518,786495,00.html"
2011-09-16,23:02:01,khmt0,234,"There aren't many doctors in the village of Hari Ke Kalan, in the Punjab region of northern India. But for $1, residents can get an appointment in a health clinic with a physician appearing on a large-screen TV beamed in over broadband Internet",technologyreview.com,https://www.technologyreview.com/business/38482/?p1=BI
2011-09-17,04:05:20,khxts,235,Russian officials try to keep quiet the reporting of a toxic cloud in Chelyabinsk.  ,observers.france24.com,http://observers.france24.com/content/20110909-russia-officials-smelly-toxic-cloud-downplay-smoke-bromine-train-chelyabinsk
2011-09-16,21:43:13,khkou,220,Chinese netizens angered by “princelings” — spoiled children of the rich and powerful,boingboing.net,http://boingboing.net/2011/09/16/chinese-netizens-angered-by-princelings-spoiled-children-of-the-rich-and-powerful.html
2011-09-16,20:42:11,khji4,179,A U.S. firm is planning a massive oil palm plantation in Cameroon. But critics argue that the project would destroy some of the key remaining forests in the West African nation and threaten species-rich reserves,e360.yale.edu,http://e360.yale.edu/feature/huge_oil_palm_plantation_puts_africa_rainforest_at_risk/2441/
2011-09-17,03:01:03,khve8,117,Mexico: Bodies of two people found hanging with sign warning websites from reporting on drug-related violence,english.aljazeera.net,http://english.aljazeera.net/news/americas/2011/09/201191652758301668.html
2011-09-16,03:19:36,kgr9e,112,The $2 Billion Swiss banking giant UBS Incident: 'Rogue Trader' My Ass,rollingstone.com,http://www.rollingstone.com/politics/blogs/taibblog/the-2-billion-ubs-incident-rogue-trader-my-ass-20110915
2011-09-16,22:13:37,khlgi,96,Drug cartels now extorting teachers in Acapulco,examiner.com,http://www.examiner.com/drug-cartel-in-national/cartels-now-extorting-teachers-killing-schoolchildren-mexico
2011-09-16,20:55:03,khjqj,92,"WikiLeaks disclosures upset Mugabe:  Cables from Harare embassy show even Mugabe's allies want him to go.
",globalpost.com,http://www.globalpost.com/dispatch/news/regions/africa/zimbabwe/110915/zimbabwe-wikileaks-disclosures-upset-mugabe
2011-09-16,15:28:54,khe3q,83,China Consolidates Grip on Rare Earths: By closing or nationalizing dozens of the producers of rare earth metals - which are used in energy-efficient bulbs and many other green-energy products - China temporarily shuts down most of the industry and crimping the global supply of the vital resources,nytimes.com,https://www.nytimes.com/2011/09/16/business/global/china-consolidates-control-of-rare-earth-industry.html?_r=1&pagewanted=all
2011-09-16,14:59:39,khdfj,83,Swiss Catholic Church reveals scale of sex abuse by priests,swissinfo.ch,http://www.swissinfo.ch/eng/swiss_news/Catholic_Church_reveals_scale_of_sex_abuse.html?cid=31149684
2011-09-16,19:07:22,khi1x,74,"Bring back the cane to improve pupil discipline, say parents in UK",telegraph.co.uk,http://www.telegraph.co.uk/education/educationnews/8766021/Bring-back-the-cane-to-improve-pupil-discipline-say-parents.html
2011-09-17,02:54:13,khv58,70,Spain revives wealth tax to tackle debt - Spain’s Socialist govt has approved the re-introduction of a tax on the country’s wealthiest as part of efforts to tackle its budget deficit. The govt had scrapped a previous wealth tax in 2008. ,france24.com,http://www.france24.com/en/20110916-spain-socialists-reintroduce-wealth-tax-debt-crisis
2011-09-17,03:07:41,khvnr,47,Pakistan companies ejected from London arms fair for 'promoting cluster bombs',guardian.co.uk,http://www.guardian.co.uk/world/2011/sep/16/ejected-arms-fair-cluster-bombs
2011-09-16,10:25:55,kh5j4,44,Eight charged with supplying prostitutes to Berlusconi,bbc.co.uk,http://www.bbc.co.uk/news/world-europe-14940557
2011-09-17,00:46:22,khqf0,34,Abbas lays out Palestine UN bid,english.aljazeera.net,http://english.aljazeera.net/news/middleeast/2011/09/2011916153555794711.html
2011-09-17,00:30:41,khpuh,28,"Vladimir Putin: Berlusconi's Critics Are Just Jealous Of His Womanizing
",google.com,http://www.google.com/hostednews/afp/article/ALeqM5jBG2g-HAN3nQSH3UqWyFFGWBTL3A?docId=CNG.56854cdbd320a7ecfd0611cb00c203c0.3c1
2011-09-16,14:29:53,khcpa,32,The situation seems to be worsening: Bodies hanging from bridge in Mexico are warning to social media users - CNN.com,edition.cnn.com,http://edition.cnn.com/2011/WORLD/americas/09/14/mexico.violence/
2011-09-16,16:50:30,khfur,25,S Korea holds North defector 'in poison-needle plot',bbc.co.uk,http://www.bbc.co.uk/news/world-asia-pacific-14943345
2011-09-16,22:44:39,khmaq,25,A Victim of Its Own Success - Berlin Drowns in Tourist Hordes and Rising Rents,spiegel.de,"http://www.spiegel.de/international/germany/0,1518,786392,00.html"
2011-09-17,03:28:25,khwfr,25,"Prison doesn't achieve anything, says  UK Justice Secretary, speaking ahead of official figures, published yesterday, which showed that the prison population has hit another record high. ",telegraph.co.uk,http://www.telegraph.co.uk/news/uknews/law-and-order/8768492/Prison-doesnt-achieve-anything-says-Ken-Clarke.html
2011-09-16,20:56:06,khjr5,25,"Syrian army defector Hussein Harmoush in TV 'confession':  A top Syrian officer who defected from the army and fled to Turkey has turned up in Damascus, retracting key claims about the uprising in a TV interview.",bbc.co.uk,http://www.bbc.co.uk/news/world-middle-east-14945690
2011-09-16,18:57:02,khhvu,23,"Burma's repressive govt allows access to banned news websites for the first time in years, including several operated by exiled dissidents",independent.co.uk,http://www.independent.co.uk/news/world/asia/burma-unblocks-some-banned-websites-2355726.html
2011-09-16,23:46:11,kho8m,22,"UN investigator says medical waste mostly unregulated, often dumped illegally, risks ignored: nations pay “too little attention” to their tons of waste each year - waste that contains pathogens, blood, low levels of radioactivity, discarded needles, syringes, scalpels, expired drugs and vaccines",washingtonpost.com,http://www.washingtonpost.com/world/un-investigator-says-medical-waste-mostly-unregulated-often-dumped-illegally-risks-ignored/2011/09/14/gIQALQrVRK_story.html
