2011-04-11,22:00:06,gnd0h,2045,Anti-porn MP caught surfing sex websites during parliament,belfasttelegraph.co.uk,http://www.belfasttelegraph.co.uk/news/world-news/antiporn-mp-caught-on-sex-websites-15140980.html
2011-04-11,12:40:07,gn4af,887,MIT NSE Nuclear Information Hub - this is the only source I've seen re:Fukushima that seems at all reliable.  Please upvote so everyone can see.,mitnse.com,http://mitnse.com/?r=s
2011-04-11,04:40:01,gmune,874,Canada's New Democratic Party promises national broadband and net neutrality,boingboing.net,http://www.boingboing.net/2011/04/10/canadas-new-democrat-1.html
2011-04-11,20:00:13,gnb9u,439,French police arrested two veiled women just hours after the country's new ban on wearing the burka in public came into force,telegraph.co.uk,http://www.telegraph.co.uk/news/worldnews/europe/france/8442622/French-burka-ban-police-arrest-two-veiled-women.html
2011-04-11,04:21:45,gmuek,352,Ghost cities in China: so surreal ,io9.com,http://io9.com/5790596/watch-jarring-footage-of-chinas-massive-ghost-towns
2011-04-11,17:42:19,gn9jc,332,Another earthquake in Japan at 7.1 magnitude,earthquake.usgs.gov,http://earthquake.usgs.gov/earthquakes/recenteqsww/Quakes/usc0002n9v.html
2011-04-12,05:11:37,gnn83,220,"""All countries, including Ireland, should hold a referendum on bank bailouts. The reckless lending of private financial institutions in Ireland is being turned into public debt without a public debate…"" - Interview with Icelandic MP",politico.ie,http://politico.ie/latest/politics/7424-mosesdottirr-ireland-should-draw-on-icelandic-dissent
2011-04-11,11:16:22,gn2fi,168,Legal scholars attack 'degrading' treatment of WikiLeaks soldier,independent.co.uk,http://www.independent.co.uk/news/world/americas/legal-scholars-attack-degrading-treatment-of--wikileaks-soldier-2266189.html
2011-04-11,18:16:59,gna01,146,France starts implementing burka ban,euronews.net,http://www.euronews.net/2011/04/10/france-starts-implementing-burka-ban/
2011-04-12,01:02:54,gngy8,122,"An explosion has ripped through a subway station in the centre of the Belarusian capital, Minsk",aljazeera.com,http://www.aljazeera.com/news/europe/2011/04/2011411152554670120.html
2011-04-11,10:53:34,gn1yu,116,"Rupert Murdoch's flagship tabloid ""British Sunday"" admits to hacking phones of royal family's household staff, politicians, celebrities, athletes",cnn.com,http://www.cnn.com/2011/WORLD/europe/04/10/uk.phonehacking/index.html
2011-04-11,17:44:53,gn9ki,75,Dubai Police came to take him at 3:30am,emarati.katib.org,http://emarati.katib.org/2011/04/08/%D8%AC%D8%A7%D8%A4%D9%88%D8%A7-%D9%84%D8%A7%D8%B9%D8%AA%D9%82%D8%A7%D9%84%D9%8A-%D8%A7%D9%84%D9%8A%D9%88%D9%85-%D8%A7%D9%84%D8%B3%D8%A7%D8%B9%D8%A9-350-%D8%B5%D8%A8%D8%A7%D8%AD%D8%A7%D9%8B-they-came/
2011-04-11,21:55:04,gncx2,73,Arab League to ask UN to implement no-fly zone over Gaza,digitaljournal.com,http://www.digitaljournal.com/article/305545#ixzz1JDWdyaqG
2011-04-12,07:25:01,gnqe7,72,Roundup-Ready Crops May Be Causing Animal Miscarriages and Infertility,farmandranchfreedom.org,http://farmandranchfreedom.org/gmo-miscarriages
2011-04-11,14:31:14,gn6k8,69,"Former rugby player who took an axe to the men who ""gangraped his daughter"" doesn't actually have a daughter",eyewitnessnews.co.za,http://www.eyewitnessnews.co.za/articleprog.aspx?id=63407
2011-04-11,22:36:02,gndoo,65,Ivory Coast: French soldiers 'hand Gbagbo to rebels',bbc.co.uk,http://www.bbc.co.uk/news/world-africa-13039825
2011-04-12,02:06:22,gnijn,60,UN rights expert denied WikiLeaks suspect visit,miamiherald.com,http://www.miamiherald.com/2011/04/11/2162049_un-rights-expert-denied-wikileaks.html#storylink=addthis
2011-04-11,11:12:30,gn2cs,52,Voters in Iceland rejected deal to repay Britain and the Netherlands $5-billion for their citizens' deposits in failed online bank.,theglobeandmail.com,http://www.theglobeandmail.com/report-on-business/economy/icelanders-reject-bank-deal-spark-row/article1978947/
2011-04-11,12:49:19,gn4hg,46,"From Moscow to Mecca: As this part of Russia’s empire frays, fundamentalist Islam takes a stronger hold ",economist.com,http://www.economist.com/node/18527550
2011-04-11,17:12:08,gn96j,39,Vancouver radiation tests show iodine-131 in rainwater at almost 100 times above US drinking water limit.,enenews.com,http://enenews.com/recent-radioactivy-testing-vancouver-canada-shows-iodine-131-rainwater-almost-100-times-above-drinking-water-limit
2011-04-11,20:06:36,gnbcz,35,Indonesia anti-porn MP quits for watching porn,bbc.co.uk,http://www.bbc.co.uk/news/world-asia-pacific-13032128
2011-04-12,03:17:19,gnkbx,36,"FBI destroyed thousands of UFO reports, 1949 memo reveals",guardian.co.uk,http://www.guardian.co.uk/world/2011/apr/11/fbi-destroys-ufo-reports
2011-04-12,02:16:48,gniu6,35,"Radiation risks from Fukushima ""no longer negligible"".",euractiv.com,http://www.euractiv.com/en/health/radiation-risks-fukushima-longer-negligible-news-503947
2011-04-11,11:12:31,gn2ct,33,Japan Fails to Stop Radioactive Discharge Into Ocean,cnbc.com,http://www.cnbc.com/id/42525096
2011-04-12,01:40:28,gnhug,29," African Union leaders 'mobbed' in Benghazi, while the huge crowd fly the rebel,US and French flags",youtube.com,http://www.youtube.com/watch?v=CNG44bf-ITQ&feature=player_embedded
2011-04-11,20:08:50,gnbe0,30,"One month after the Japanese tsunami, the world's biggest reserve of plutonium waste is reaching crisis point. It was meant to be reprocessed and sold – but now no nation will take it. So where is this vast stockpile? Not Fukushima, but Sellafield, Cumbria",independent.co.uk,http://www.independent.co.uk/news/science/governments-doomed-6bn-plan-to-dispose-of-nuclear-waste-2266047.html
2011-04-11,19:00:54,gnalf,28,Japan to expand evacuation areas near crippled nuclear plant,english.kyodonews.jp,http://english.kyodonews.jp/news/2011/04/84604.html
2011-04-11,22:32:18,gndma,26,Ivory Coast dictator Gbagbo arrested by French special forces (reuters.fr link in body),democraticunderground.com,http://www.democraticunderground.com/discuss/duboard.php?az=view_all&address=102x4809068
2011-04-11,21:05:47,gnc5a,23,"Muammar Gaddafi accepted the African Union’s peace plan Sunday, hours after his military was bombarded by NATO air strikes. The delegation of African leaders will now put their plan to the rebels, who argue that the Gaddafi regime must be deposed.",france24.com,http://www.france24.com/en/20110411-gaddafi-accepts-african-union-plan-end-libya-conflict
2011-04-12,02:44:25,gnjhw,22,No end in sight for Fukushima disaster as bureaucrats battle the laws of physics.,naturalnews.com,http://www.naturalnews.com/032035_Fukushima_physics.html
