2011-06-04,04:48:08,hqzp1,2412,"WIKILEAKS: U.S. Fought To Lower Minimum Wage In Haiti 
So Hanes And Levis Would Stay Cheap",businessinsider.com,http://www.businessinsider.com/wikileaks-haiti-minimum-wage-the-nation-2011-6
2011-06-04,22:54:17,hrhv6,1278,"“We’ve Never Seen Such Horror” --- Human Rights Watch --- Shocking report on crimes against humanity committed by Syrian security forces in past two months. Details of systematic killings, beatings, electroshock torture and detention of people seeking medical care (54-page PDF)",b.rw,http://b.rw/lhkmsL
2011-06-04,17:22:12,hrefs,984,"Lone British soldier is surrounded by 30 Taliban soldiers and fights them all off, with limited supplies/ammo.",news.yahoo.com,http://news.yahoo.com/s/afp/20110602/wl_uk_afp/britainmilitaryafghanistannepalaward;_ylt=Agt7xCGst9IlNfMBum6XHeltzwcF;_ylu=X3oDMTE1ZmprcnFlBHBrZwNpZC05Njk2NwRwb3MDNQRzZWMDTWVkaWFIQ00EdmVyAzc-;_ylg=X3oDMTJyOW5xY3N0BGludGwDdXMEbGFuZwNlbi11cwRwc3RhaWQDZDUyNjk1ZWQtMzNlNy0zMzM4LWJiODgtMzBiZGRhY2U5NDFkBHBzdGNhdAN1cwRwdANzdG9yeXBhZ2UEdGVzdAM-;_ylv=3
2011-06-05,04:27:19,hrnu8,566,Julian Assange claims FBI tried to bribe Wikileaks staff,telegraph.co.uk,http://www.telegraph.co.uk/culture/hay-festival/8556856/Hay-Festival-2011-Julian-Assange-claims-FBI-tried-to-bribe-Wikileaks-staff.html?sms_ss=reddit&at_xt=4dea86f1a7b1ca65%2C0
2011-06-04,00:24:40,hqu7j,528,"Tiananmen protesters still jailed in China, 22 years on",trust.org,http://www.trust.org/trustlaw/news/tiananmen-protesters-still-jailed-in-china-22-years-on
2011-06-04,15:42:21,hrd7k,409,"French President Sarkozy, on behalf of the G8, says that the Internet should be controlled by government because governments are the only legitimate representatives of the will of the people. [Hitler, Stalin, and Mao would totally agree.]""",huffingtonpost.com,http://www.huffingtonpost.com/don-tapscott/we-need-more-internet-not_b_868162.html
2011-06-04,14:04:57,hrbm4,344,"France bans the words - 'Facebook' and 'Twitter' - from TV, radio",news.yahoo.com,http://news.yahoo.com/s/digitaltrends/20110603/tc_digitaltrends/francebansfacebookandtwitterfromtvradio
2011-06-05,04:29:00,hrnvk,307,"Activism of all stripes is increasing on a worldwide scale via a mass awakening in the (still) free market of ideas to be found on the Internet.  Many of the deceptions that formerly took years to expose, are now routinely uncovered by alternative media in a matter of weeks or even days.",activistpost.com,http://www.activistpost.com/2011/06/worldwide-freedom-is-being-hacked.html#more
2011-06-04,22:47:48,hrhsb,227,"Nobody is coming to Sony's defense as it continues to be attacked. That says a lot about how the public sees Sony, but is Sony getting the message?",pcmag.com,"http://www.pcmag.com/article2/0,2817,2386378,00.asp?kc=PCRSS03079TX1K0000585"
2011-06-05,01:10:24,hrk01,148,"Chiquita failed to halt multi-million-dollar compensation cases being brought by 4,000 Colombians who claim they or their relatives were tortured or killed in banana-growing areas by paramilitaries paid by the company",bbc.co.uk,http://www.bbc.co.uk/news/world-latin-america-13650770
2011-06-04,14:17:33,hrbur,125,"French court rules that merely having the word ""torrent"" in your domain means you are encouraging infringement",techdirt.com,http://www.techdirt.com/articles/20110603/04094514543/french-court-says-merely-having-word-torrent-your-domain-means-you-are-encouraging-infringement.shtml
2011-06-05,04:08:59,hrng5,83,Greece agrees to more cuts and tax rises as price of next bailout. Fury on streets.,guardian.co.uk,http://www.guardian.co.uk/business/2011/jun/02/greece-debt-crisis-austerity-bailout
2011-06-04,18:53:27,hrfdk,81,US strike 'kills' key Pakistan militant Ilyas Kashmiri (considered by some to be a possible Osama bin Laden successor),bbc.co.uk,http://www.bbc.co.uk/news/world-south-asia-13653324?utm_source=twitterfeed&utm_medium=twitter
2011-06-05,01:34:25,hrkge,78,Air radiation at Fukushima I #1 hits highest recorded level so far,search.japantimes.co.jp,http://search.japantimes.co.jp/member/member.html?mode=getarticle&file=nn20110604x1.html
2011-06-05,03:47:47,hrmz6,77,"Hackers have broken into the networks of both the Iranian and the Dubai governments, stealing more than 10,000 email messages as well as system usernames and passwords and releasing them online.",blogs.independent.co.uk,http://blogs.independent.co.uk/2011/06/03/anonymous-strikes-again-iranian-and-uae-governments-hacked/
2011-06-05,04:06:46,hrne5,74,"Wikileaks: no bloodshed inside Tiananmen Square, cables claim",telegraph.co.uk,http://www.telegraph.co.uk/news/worldnews/wikileaks/8555142/Wikileaks-no-bloodshed-inside-Tiananmen-Square-cables-claim.html
2011-06-04,23:17:30,hri6l,69,"'US drone kills Pakistan al-Qaeda leader': Ilyas Kashmiri, thought to be mastermind of several deadly attacks, reportedly killed in strike in South Waziristan.",english.aljazeera.net,http://english.aljazeera.net/news/middleeast/2011/06/20116495720875573.html
2011-06-04,22:33:09,hrhld,52,France bans any promotional mentions of 'Facebook' and 'Twitter' from TV & Radio news,news.yahoo.com,http://news.yahoo.com/s/digitaltrends/20110603/tc_digitaltrends/francebansfacebookandtwitterfromtvradio;_ylt=AsObeLGTl2TPpxxaxLm.5KCs0NUE;_ylu=X3oDMTFpaHFkdHI2BHBvcwMzNQRzZWMDYWNjb3JkaW9uX21vc3RfcG9wdWxhcgRzbGsDZnJhbmNlYmFuc2Zh
2011-06-04,14:18:58,hrbvo,47,Syria appears to have begun shutting off internet links to the rest of the world. Approximately two-thirds of all Syrian networks became unreachable by Friday afternoon as part of a process that began early in the morning.,uruknet.com,http://uruknet.com/?p=m78325&hd=&size=1&l=e
2011-06-05,05:29:48,hrp29,47,Julian Assange says Wikileaks may take out a superinjunction to protect sources - Telegraph,telegraph.co.uk,http://www.telegraph.co.uk/culture/hay-festival/8556856/Hay-Festival-2011-Julian-Assange-claims-FBI-tried-to-bribe-Wikileaks-staff.html
2011-06-04,10:21:07,hr7g9,48,Syrians poured into the streets despite the shutdown of much of Syria’s Internet network: Protesting the authoritarian rule of President Bashar al-Assad fueled by escalating anger over the torture and killing of a 13-yr-old boy,nytimes.com,https://www.nytimes.com/2011/06/04/world/middleeast/04syria.html?_r=1
2011-06-04,18:12:08,hrezx,42,Global Commission on Drug Policy: legalise cannabis and ecstasy.,independent.co.uk,http://www.independent.co.uk/news/world/politics/calls-to-legalise-cannabis-and-ecstasy-2292485.html
2011-06-05,02:30:58,hrlig,36,"Radiation in No. 1 reactor building at highest level yet. Tokyo Electric Power Co. said Saturday it has detected radiation of up to 4,000 millisieverts per hour in the building housing the No. 1 reactor at the Fukushima No. 1 nuclear plant.",search.japantimes.co.jp,http://search.japantimes.co.jp/cgi-bin/nn20110605a3.html
2011-06-05,03:55:52,hrn5j,34,United Nations Declares Internet Access a Basic Human Right: The report comes the same day that a monitoring firm found two-thirds of Syria's Internet access has been shut down without notice,theatlantic.com,http://www.theatlantic.com/technology/archive/2011/06/united-nations-declares-internet-access-a-basic-human-right/239911/
2011-06-04,22:48:04,hrhsf,34,"Despite strong objections of indigenous groups, activists and environmentalists, Brazil approves huge hydroelectric power plant along the Xingu river in Amazon rainforest",news.yahoo.com,http://news.yahoo.com/s/afp/20110601/sc_afp/brazilenvironmentenergy
2011-06-05,05:40:30,hrp8l,34,"
      Peace caravan crossing Mexico to protest drug war
| Reuters

",reuters.com,http://www.reuters.com/article/2011/06/04/us-mexico-drugs-idUSTRE7532AV20110604
2011-06-04,15:22:20,hrcwv,36,"Pakistan's Officials secretly supported covert US military action in their county, leaked diplomatic cables reveal",english.aljazeera.net,http://english.aljazeera.net/indepth/features/2011/06/201161134142800785.html
2011-06-04,14:55:54,hrci0,32,"Protesters took over the Finance Ministry building in Athens on Friday, hanging a giant banner from the roof calling for a general strike.",hurriyetdailynews.com,http://www.hurriyetdailynews.com/n.php?n=protesters-take-over-finance-ministry-in-athens-2011-06-03
2011-06-04,23:36:35,hrigl,31,"A criminal court in Cairo sentenced former Egyptian finance minister, to 30 years in prison on corruption charges",english.aljazeera.net,http://english.aljazeera.net/news/africa/2011/06/201164115437667338.html
2011-06-05,05:55:10,hrphg,27,"Syria again rocked by largest anti-government demonstrations, killings:  Unarmed protesters shot down by Assad troops in several cities.
",globalpost.com,http://www.globalpost.com/dispatch/news/regions/middle-east/110604/syria-rocked-largest-anti-government-demonstrations-killing
