2011-04-03,02:42:09,gh6nn,892,And India wins the Cricket World Cup,espncricinfo.com,http://www.espncricinfo.com/icc_cricket_worldcup2011/content/story/509121.html
2011-04-03,14:36:18,ghhyl,484,"Mexican Documentary: banning it has resulted in even more people seeing it 
",economist.com,http://www.economist.com/node/18483267?story_id=18483267
2011-04-03,03:46:11,gh7su,251,"More than 1,000 civilians have been killed in a western Ivory Coast town",sfgate.com,http://www.sfgate.com/cgi-bin/article.cgi?f=/n/a/2011/04/02/international/i025845D60.DTL&tsp=1
2011-04-04,00:29:53,gho34,221,"Hundreds under house arrest in China and dozens ""disappear"" in the past few weeks in what democracy activists say is the worst crackdown in a decade.",the-diplomat.com,http://the-diplomat.com/china-power/2011/04/03/ai-weiwei-held-in-crackdown/
2011-04-03,11:10:19,ghffj,206,"Scientists have created genetically modified cattle that produce ""human"" milk in a bid to make cows' milk more nutritious.",telegraph.co.uk,http://www.telegraph.co.uk/earth/agriculture/geneticmodification/8423536/Genetically-modified-cows-produce-human-milk.html
2011-04-03,10:52:41,ghf5a,196,Israel wants UN to bury Gaza crimes report: Calls for shelving Goldstone Report that said it had committed war crimes during its 2008-2009 Gaza offensive,english.aljazeera.net,http://english.aljazeera.net//news/middleeast/2011/04/201142231017418.html
2011-04-04,00:39:49,gho8m,190,Mubarak has left Egypt,english.aljazeera.net,http://english.aljazeera.net/news/middleeast/2011/04/20114314425936365.html
2011-04-03,10:15:02,gheiq,189,Anonymous takes on NASDAQ OMX Group and Sweden's Elite Wallenberg Family Corporations.,scribd.com,http://www.scribd.com/doc/52118691/Anonymous-takes-on-NASDAQ-OMX-Group-and-Sweden-s-Elite-Wallenberg-Family-Corporations
2011-04-03,05:02:49,gh9bi,149,"Fukushima Workers Muzzled. Distortions, lies, “message control”, and misinformation from TEPCO. Outrage rising in Japan.",climatecrocks.com,http://climatecrocks.com/2011/04/02/cnn-fukushima-workers-muzzled/
2011-04-04,06:23:28,ghuk6,149,"Koch Industries Registers To Lobby Alberta Canada 
Gov't ",canadianbusinessjournal.ca,http://www.canadianbusinessjournal.ca/business_news/canadian_business_news/24_03_koch_industries_registers_to_lobby_alberta_gov_t_11.html
2011-04-03,17:32:44,ghjw7,108,List of people killed in Bahrain since 14th February 2011 | Bahrain Center for Human Rights,bahrainrights.org,http://www.bahrainrights.org/en/node/3864
2011-04-04,06:38:28,ghuuo,66,The European Union has found a solution to the problem of radioactive contamination in food. The radiation limits for fish from Japan have been raised 20-fold.[Video],youtube.com,http://www.youtube.com/watch?v=nJxigAjfBms
2011-04-03,19:17:02,ghkus,62,"Head of Religious police in district of Meccah fired for claiming mixing of sexes is permitted and congregational prayer is not obligatory,  under Islam.",arabnews.com,http://arabnews.com/saudiarabia/article340948.ece
2011-04-03,18:54:48,ghkmu,57,Bahrain bans main opposition newspaper,aljazeera.com,http://aljazeera.com/news/middleeast/2011/04/2011438401186997.html
2011-04-03,15:57:29,ghiyh,48,"""German utility RWE AG says it has filed a lawsuit against the government's decision to take older nuclear power plants temporarily off the grid in the wake of Japan's Fukushima disaster.""",businessweek.com,http://www.businessweek.com/ap/financialnews/D9MAS9Q00.htm
2011-04-04,06:25:23,ghuln,35,6.7 Magnitude Earthquake strikes near Indonesia,cnn.com,http://www.cnn.com/2011/WORLD/asiapcf/04/03/indonesia.quake/index.html?hpt=T2
2011-04-03,17:35:39,ghjx0,30,Chinese police detain artist Ai Weiwei,guardian.co.uk,http://www.guardian.co.uk/world/2011/apr/03/china-ai-weiwei-detained-police-beijing
2011-04-03,23:30:21,ghn9f,32,A 64-year-old cabbage farmer from Fukushima prefecture killed himself one day after the government imposed restrictions on the sale of produce from the region. (Translated),translate.google.com,http://translate.google.com/translate?js=n&prev=_t&hl=en&ie=UTF-8&layout=2&eotf=1&sl=ja&tl=en&u=http%3A%2F%2Fwww.asahi.com%2Fnational%2Fupdate%2F0328%2FTKY201103280468.html
2011-04-03,20:58:54,ghlpu,31,Head of U.N. Panel Regrets Saying Israel Intentionally Killed Gazans,nytimes.com,http://www.nytimes.com/2011/04/03/world/middleeast/03goldstone.html?_r=1&ref=world
2011-04-04,01:58:40,ghpmd,33,Moscow cops confiscate copies of book outing corrupt authorities,boingboing.net,http://www.boingboing.net/2011/04/03/moscow-cops-confisca.html
2011-04-03,19:09:16,ghks4,26,French forces take over Abidjan (Ivory Coast) airport...,bbc.co.uk,http://www.bbc.co.uk/news/world-12950467
2011-04-03,02:29:10,gh6em,20,Crack under japanese nuclear reactor leaking radioactive materials into Pacific Ocean,youtube.com,http://www.youtube.com/watch?v=HkioOLvRq74&feature=player_embedded
2011-04-03,22:34:22,ghmls,17,"Dozens of people helped create an autonomous zone in Trafalgar square this evening, pitching eleven tents and establishing a planned 24-hour occupation to campaign against government cuts and to show solidarity with arrestees at last week's protests [pics]",london.indymedia.org,http://london.indymedia.org/articles/8624
2011-04-03,08:57:39,ghd9g,18,Libyan rebels say airstrike killed 13 of their own,seattlepi.com,http://www.seattlepi.com/news/article/Libyan-rebels-say-airstrike-killed-13-of-their-own-1314077.php
2011-04-03,19:36:18,ghl16,17,"War crime: Gadhafi forces attack hospital in Libyan city of Misrata, killing and injuring many",cnn.com,http://www.cnn.com/2011/WORLD/africa/04/03/libya.war/index.html
2011-04-03,23:38:00,ghncu,17,Turkish nuclear plans on Mediterranean raise fears,physorg.com,http://www.physorg.com/news/2011-04-turkish-nuclear-mediterranean.html
2011-04-04,06:52:06,ghv4n,17,"FRONTLINE's tells story of Ai WeiWei, Chinese global art star and political activist, currently detained since Apr 3rd by Chinese police",video.pbs.org,http://video.pbs.org/video/1862488102
2011-04-03,14:25:39,ghhsw,19,Israel calls on UN to bury Gaza crimes report: Israel calls for shelving Goldstone Report that said it had committed war crimes during its 2008-2009 Gaza offensive.,english.aljazeera.net,http://english.aljazeera.net/news/middleeast/2011/04/201142231017418.html
2011-04-03,12:55:17,ghh2l,15,Crack discovered in pit at No.2 Fukushima reator,reuters.com,http://www.reuters.com/article/2011/04/03/us-japan-quake-idUSTRE72A0SS20110403
2011-04-03,22:06:32,ghmbt,13,"Chemical, sawdust, newspaper mix used to plug leak at nuclear plant",edition.cnn.com,http://edition.cnn.com/2011/WORLD/asiapcf/04/03/japan.nuclear.reactors/?hpt=T2
