2011-09-19,01:00:50,kjkoa,1229,"First projections see German Pirate Party at 8,5 % in Berlin state elections",spiegel.de,"http://www.spiegel.de/politik/deutschland/0,1518,786376,00.html"
2011-09-19,04:25:53,kjq4c,1064,Pirate Party enters Berlin parliament after historical election win: With an estimated 9% of the total vote they exceeded the 5% floor needed to enter the Berlin parliament; they will get 15 seats,torrentfreak.com,https://torrentfreak.com/pirate-party-enters-berlin-parliament-after-historical-election-win-110918/
2011-09-19,08:17:11,kjwo0,681,"Britain's junior partner in government calls for criminal penalties for personal possession to be scrapped, introduction of regulated market in cannabis",guardian.co.uk,http://www.guardian.co.uk/politics/2011/sep/13/liberal-democrats-drugs-decriminalisation
2011-09-19,04:54:52,kjqx0,637,"China's State Run Newspaper: ""If the US chooses to fly in the face of world opinion and block the Palestine UN bid next week, not only will Israel become more isolated but tensions in the region will be heightened even more."" ",news.yahoo.com,http://news.yahoo.com/china-paper-warns-us-against-palestinian-un-veto-073727408.html?print
2011-09-19,00:46:46,kjkce,578,Norway FM: We will recognize Palestinian state,haaretz.com,http://www.haaretz.com/news/diplomacy-defense/norway-fm-we-will-recognize-palestinian-state-1.385141#article_comments
2011-09-19,01:10:00,kjkwo,441," In Chile, a 23-year-old woman has been leading student protests against the government. Her actions pose a serious challenge to the government and may lead to a significant overhaul of the country's education system.",search.japantimes.co.jp,http://search.japantimes.co.jp/cgi-bin/eo20110916cc.html
2011-09-19,04:54:54,kjqx1,384,"IKEA founder pledges to double charitable spending following revelations that at the age of 17 he had been an active recruiter and a registered member of the Svensk Socialistisk Samling (SSS), the successor to the Swedish Nazi party. 

",telegraph.co.uk,http://www.telegraph.co.uk/news/worldnews/europe/sweden/8772007/IKEA-founder-pledges-1bn-to-charity-following-Nazi-past-revelations.html
2011-09-19,10:15:05,kjzyw,265,Saudi Arabia sued over 9/11 attacks,belfasttelegraph.co.uk,http://www.belfasttelegraph.co.uk/news/world-news/insurance-firm-sues-saudi-arabia-for-funding-911attacks-16051682.html
2011-09-20,07:08:33,kkxg3,220,OPEC Plows Billions in Profits into Quieting Arab Masses - Saudi Arabia spends $43 billion on poorer citizens & religious institutions. Kuwaitis gets free food for a year. Algerian civil servants receive 34% pay rise. Desert cities in United Arab Emirates to get uninterrupted electricity. ,fuelfix.com,http://fuelfix.com/blog/2011/09/19/opecs-1-trillion-cash-quiets-poor-on-longest-ever-100-oil/
2011-09-20,03:09:37,kkp5b,139,"Mideast riddle: Strange stone structures caught on camera. They stretch from Syria to Saudi Arabia, can be seen from the air but not the ground, and are virtually unknown to the public",cbsnews.com,http://www.cbsnews.com/stories/2011/09/15/scitech/main20106680.shtml?tag=re1.channel
2011-09-19,11:29:13,kk28k,136,The navigator of the Tu-134 plane that crashed in June 2011 in northern Russia killing 47 people was drunk,en.rian.ru,http://en.rian.ru/russia/20110918/166942953.html
2011-09-19,09:15:59,kjy9u,109,Police in Brazil say they have arrested two men suspected in the killings of two Amazon activists earlier this year.,boston.com,http://www.boston.com/news/world/latinamerica/articles/2011/09/18/brazil_police_arrest_suspects_in_amazon_killings/
2011-09-20,07:19:35,kkxsy,83,US and European negotiators have urged Israel to refrain from taking punitive measures against the Palestinians if they press ahead with their bid to win recognition of a home state at the United Nations. ,guardian.co.uk,http://www.guardian.co.uk/world/2011/sep/19/israel-punishing-palestinians-un-campaign
2011-09-19,01:36:49,kjlm3,67,"Chinese villagers accuse police of suppressing solar panel factory protest - 
Riot police disperse protesters accusing firm of dumping toxic waste in Haining",guardian.co.uk,http://www.guardian.co.uk/world/2011/sep/18/chinese-solar-panel-factory-protest
2011-09-19,23:37:52,kki3t,69,"Over 5000 killed in Syria: A new report more than doubles the death toll in Syria, rights groups launch charter for the recording of civilian casualties in conflict.",globalpost.com,http://www.globalpost.com/dispatch/news/regions/middle-east/110919/more-5000-killed-syria-report-says
2011-09-19,22:39:07,kkghr,57,"Israeli PM says Palestine UN bid 'will fail'. Netanyahu tells cabinet meeting PLO attempt to become full UN member cannot succeed, saying talks are the only solution. ",english.aljazeera.net,http://english.aljazeera.net/news/middleeast/2011/09/201191816583436163.html
2011-09-19,09:55:56,kjzfo,53,Sweden hit by 'substantial' oil spill ,swedishwire.com,http://www.swedishwire.com/politics/11277-swedens-west-coast-hit-by-substantial-oil-spill
2011-09-19,13:07:50,kk59n,52,China and India Making Inroads in Biotech Drugs: Chinese and Indian drug makers have taken over much of the global trade in medicines and now manufacture more than 80 percent of the active ingredients in drugs sold worldwide.,nytimes.com,http://www.nytimes.com/2011/09/19/health/policy/19drug.html?pagewanted=all
2011-09-20,02:51:25,kkohr,43,Archeologists unearth evidence of zombie scare in medieval Ireland,cbsnews.com,http://www.cbsnews.com/stories/2011/09/16/scitech/main20107552.shtml?tag=cbsnewsSectionContent.10
2011-09-19,22:11:58,kkftn,37,Italy seeks Chinese bailout: Beijing’s role highlights the speed of U.S. decline and rise of BRICs,globalpost.com,http://www.globalpost.com/dispatch/news/regions/europe/110918/analysis-china-aids-the-sick-man-called-europe
2011-09-19,08:25:54,kjwuz,37,Experts: Possibility of evacuating parts of Tokyo can no longer be ignored — Fukushima ‘worse’ than Chernobyl ,english.aljazeera.net,http://english.aljazeera.net/video/asia-pacific/2011/09/201191845015428149.html
2011-09-19,22:42:44,kkglg,36,"The end of an era in Iran --- “This year, we have elections at the end of the year . . . everyone should be vigilant and attentive in order to guard the elections as a gift of God.” ",washingtonpost.com,http://www.washingtonpost.com/opinions/the-end-of-an-era-in-iran/2011/09/16/gIQAc5sYdK_story.html
2011-09-20,05:07:09,kktdi,31,"In Arab world, support for UN gambit close to unanimous - Poll shows 8 of 10 Palestinians support unilateral statehood declaration.",jpost.com,http://www.jpost.com/MiddleEast/Article.aspx?id=238609
2011-09-19,23:45:36,kkiby,29,Turkey threatened on Monday to give naval escorts to Turkish exploration vessels off Cyprus unless the Greek Cypriot government halted plans for a U.S. oil company to start drilling for natural gas. ,reuters.com,http://www.reuters.com/article/2011/09/19/turkey-cyprus-idUSL5E7KJ11H20110919
2011-09-20,05:19:28,kktrn,27,"Yemen protesters storm elite military base; 50 die
",google.com,http://www.google.com/hostednews/ap/article/ALeqM5jy8WoQpFxtzXhsZ1FhGECPvEZZtQ?docId=d09950acfc6249f1ba46143929e3bf80
2011-09-20,00:58:43,kkknf,28,"Europe's Dilemma: More Integration Or Less? The people who came up with the idea of a eurozone stopped halfway. The participating countries would use a common currency, but they wouldn't have common tax and spending policies — a monetary union but not a fiscal union.",npr.org,http://www.npr.org/2011/09/19/140582447/europes-dilemma-more-integration-or-less
2011-09-20,07:24:00,kkxy9,23,Dutch budget exposed early by enterprising student,thejournal.ie,http://www.thejournal.ie/dutch-budget-exposed-early-by-enterprising-student-230370-Sep2011/
2011-09-20,03:21:46,kkpky,25,"Silvio Berlusconi faces growing pressure to resign, after new wiretaps of the Italian prime minister boasting about having sex with eight women in one night were released.",globalpost.com,http://www.globalpost.com/dispatch/news/regions/europe/italy/110919/silvio-berlusconi-italy-sex-parties-drugs-prostitutes-old-men-young-women
2011-09-19,21:42:04,kkf7x,25,Gunmen Kill at Least 36 in Burundi,nytimes.com,http://www.nytimes.com/reuters/2011/09/19/world/africa/international-us-burundi-attack.html
2011-09-19,12:59:06,kk4zt,19,"Quake Hits Northeastern India, Nepal - WSJ.com",online.wsj.com,http://online.wsj.com/article/SB10001424053111904106704576578620956670048.html
