2011-10-22,02:09:31,lk3rx,1976,Obama: All U.S. troops out of Iraq by Dec. 31. The war will finally be over - Lynn Sweet,blogs.suntimes.com,http://blogs.suntimes.com/sweet/2011/10/obama_all_us_troops_out_of_ira.html
2011-10-22,21:52:51,lkykk,1927,"German Pirate Party hit double digits in the polls for the national elections: With one in ten Germans embracing the ideas of the young party, the Pirates are on course to gain serious influence in one of the world’s major political arenas",torrentfreak.com,https://torrentfreak.com/german-pirate-party-riding-the-wave-of-success-111022/
2011-10-22,13:19:16,lkq27,181,U.S. official: Saudi Crown Prince dies,edition.cnn.com,http://edition.cnn.com/2011/10/22/world/meast/saudi-arabia-prince-dead/
2011-10-23,00:24:49,ll1wf,155,Rupert Murdoch and sons re-elected to News Corp. board,globalpost.com,http://www.globalpost.com/dispatch/news/business-tech/111021/rupert-murdoch-news-corp-board
2011-10-23,07:37:16,llfnq,134,"University of Wales, the second-largest university in the country with a 120-year history has been abolished following a visa scandal.",telegraph.co.uk,http://www.telegraph.co.uk/education/educationnews/8843200/University-of-Wales-abolished-after-visa-scandal.html
2011-10-22,22:08:15,lkyt2,125,"BitTorrent Throttling ISPs Exposed: Comcast was slowing down in 2008, but only 3% last year. In Canada, Rogers has the worst track record as it systematically throttles more than three-quarters of all BitTorrent traffic",torrentfreak.com,https://torrentfreak.com/bittorrent-throttling-internet-providers-exposed-111020/
2011-10-22,14:49:15,lks9k,110,"Like many newly emerging democracies, Libya didn't overthrow Qaddafi when it was bulging with youth. It toppled Qaddafi after its youth bulge matured.",csmonitor.com,http://www.csmonitor.com/Business/new-economy/2011/1021/Behind-Qaddafi-s-death-demographics
2011-10-22,13:53:25,lkqx5,108,"As Libya takes stock, Moammar Kadafi's hidden riches astound: New estimates of the former leader's assets — more than $200 billion — are called 'staggering.' If they prove true, he would rank among the world's most rapacious leaders.",latimes.com,"http://www.latimes.com/news/nationworld/world/la-fg-kadafi-money-20111022,0,5740812.story?track=rss"
2011-10-23,03:39:58,ll7wj,104,Qaddafi Was Worth More Than $200 Billion — By Far The Richest Person In The World,businessinsider.com,http://www.businessinsider.com/qaddafi-200-billion-richest-2011-10
2011-10-22,20:22:48,lkxda,68,More than one in five people in Spain live below poverty line ,elpais.com,http://www.elpais.com/articulo/english/More/than/one/in/five/people/in/Spain/live/below/poverty/line/elpepueng/20111020elpeng_7/Ten
2011-10-23,05:13:22,llazq,64,"Tunisians prepare for the election tomorrow, the first in the Arab Spring",globalpost.com,http://www.globalpost.com/dispatch/news/regions/middle-east/111022/arab-springs-first-election-tunisia
2011-10-23,01:04:53,ll30d,65,'Unwanted' Indian girls get new start in name ceremony,bbc.co.uk,http://www.bbc.co.uk/news/world-south-asia-15414796
2011-10-22,13:53:57,lkqxr,45,Heir to Saudi throne Crown Prince Sultan bin Abdul-Aziz Al Saud has died.,english.aljazeera.net,http://english.aljazeera.net/news/middleeast/2011/10/2011102235021833.html#.TqJMGlGgkts.reddit
2011-10-23,06:20:22,lld9i,49,Shareholders deal blow to Murdoch,guardian.co.uk,http://www.guardian.co.uk/media/2011/oct/22/murdoch-mulcaire-news-corp-shareholder
2011-10-22,21:35:22,lkyce,39,Facebook to give German state privacy exemption,thelocal.de,http://www.thelocal.de/sci-tech/20111021-38357.html
2011-10-23,01:04:52,ll30c,40,UK government rejects renewed call from Advisory Council on the Misuse of Drugs to decriminalize drug possession,stopthedrugwar.org,http://stopthedrugwar.org/chronicle/2011/oct/19/uk_government_rejects_advisors_d
2011-10-22,04:17:24,lk90d,42,Dominique Strauss-Kahn has been implicated in a police probe into pimping at a French luxury hotel which has uncovered evidence that he attended sex soirees with prostitutes paid for by businessmen.,thelocal.fr,http://www.thelocal.fr/1543/20111021/
2011-10-22,15:58:54,lktps,40,Hugo Chavez cancer claim doctor flees Venezuela:  A doctor who said Venezuelan President Hugo Chavez had only two years to live has fled the country saying he fears for his life.,bbc.co.uk,http://www.bbc.co.uk/news/world-latin-america-15413115
2011-10-22,23:35:07,ll0mf,32,"Occupy protesters vow to stay at St Paul's cathedral, demonstrators say they are prepared to stay at London landmark until government changes direction",guardian.co.uk,http://www.guardian.co.uk/uk/2011/oct/22/st-pauls-cathedral-protesters-stay
2011-10-23,04:53:36,llab6,36,"Turkish forces have killed at least 49 Kurdish militants in two days during clashes near the Iraqi border, the country's military says.",bbc.co.uk,http://www.bbc.co.uk/news/world-europe-15414346
2011-10-22,20:51:58,lkxq0,36,"Hashish Harvest in Bekaa: The People Behind the 
Plant | Al Akhbar English",english.al-akhbar.com,http://english.al-akhbar.com/photoblogs/hashish-harvest-bekaa-people-behind-plant
2011-10-23,03:18:26,ll76f,29,Iran's Ahmedinejad criticizes the killings in Syria.,bbc.co.uk,http://www.bbc.co.uk/news/world-middle-east-15416410
2011-10-22,23:19:34,ll089,26,"St Paul's Cathedral in London is losing £16,000 a day because of protest camp ",bbc.co.uk,http://www.bbc.co.uk/news/uk-15415105
2011-10-22,22:59:34,lkzry,24,Clues to Gaddafi's death concealed from public view,reuters.com,http://www.reuters.com/article/2011/10/22/us-libya-gaddafi-finalhours-idUSTRE79L0QG20111022?feedType=RSS&feedName=topNews
2011-10-23,05:20:12,llb8c,25,"
 Germany arrests two Russians for spying since Cold War
| Reuters

",reuters.com,http://www.reuters.com/article/2011/10/22/us-germany-russia-spies-idUSTRE79L11720111022
2011-10-22,04:41:26,lk9v2,26,Saudi: 3 million expats to be required to leave to provide jobs for locals,arabnews.com,http://arabnews.com/saudiarabia/article521256.ece
2011-10-22,14:39:43,lks1q,24,Tunisia elections this weekend face unexpected obstacle: youth apathy,csmonitor.com,http://www.csmonitor.com/World/Middle-East/2011/1021/Tunisia-elections-face-unexpected-obstacle-youth-apathy
2011-10-22,15:57:14,lktom,24,Storm death toll rises in Central America:  Pleas for humanitarian aid as more than 100 people are killed in flooding and landslides provoked by days of heavy rain.,english.aljazeera.net,http://english.aljazeera.net/news/americas/2011/10/2011102241527998644.html
2011-10-22,04:55:23,lkaf8,19,Bolivia's Evo Morales scraps Amazon road project: Bolivia's President Evo Morales has scrapped plans for a road project in the Amazon that had triggered protests by indigenous people.,bbc.co.uk,http://www.bbc.co.uk/news/world-latin-america-15409447
2011-10-23,00:54:55,ll2qj,17,Turkey presses ahead with PKK offensive,english.aljazeera.net,http://english.aljazeera.net/news/middleeast/2011/10/201110221411345914.html
