2011-01-13,13:19:20,f1ddp,1585,"Aussie here: Just want everyone to know that Brazil and Sri Lanka are suffering flooding too, and probably need more aid than we do. (120,000 homeless, hundreds dead)",english.aljazeera.net,http://english.aljazeera.net/news/asia/2011/01/201111242731596589.html
2011-01-13,09:16:26,f195f,232,Wikileaks volunteer detained by U.S. agents,boingboing.net,http://www.boingboing.net/2011/01/12/wikileaks-volunteer-1.html
2011-01-14,00:48:31,f1n02,195,Italy's Constitutional Court Thursday struck down key parts of a law that would protect Prime Minister Silvio Berlusconi from prosecution.,edition.cnn.com,http://edition.cnn.com/2011/WORLD/europe/01/13/italy.berlusconi.immunity/
2011-01-13,14:18:38,f1eaq,150,"Pregnant Al Jazeera reporter objects to 'humiliating' Israeli security checks: 'When I was told to take off my bra, that was enough for me'
",belfasttelegraph.co.uk,http://www.belfasttelegraph.co.uk/news/world-news/pregnant-al-jazeera-reporter-objects-to-humiliating-israeli-security-checks-15053119.html
2011-01-14,05:32:44,f1t47,114,The Rise of the New Global Elite: Why the world's super-rich are a nation unto themselves,theatlantic.com,http://www.theatlantic.com/magazine/archive/2011/01/the-rise-of-the-new-global-elite/8343/
2011-01-14,00:36:32,f1mqf,83,WikiLeaks Exposes the Danger of Pakistan’s Nukes,truthdig.com,http://www.truthdig.com/report/item/wikileaks_exposes_the_danger_of_pakistans_nukes_20110113/
2011-01-13,23:40:56,f1ll2,76,WikiLeaks contributes to Bradley Manning defence fund: honours pledge to help pay legal fees,guardian.co.uk,http://www.guardian.co.uk/world/2011/jan/13/wikileaks-bradley-manning-defence-fund
2011-01-13,23:57:34,f1lxr,68,"Gay slur in lyrics disqualifies Dire Straits hit from Canadian radio play 
",theglobeandmail.com,http://www.theglobeandmail.com/news/arts/music/faggot-lyric-disqualifies-dire-straits-hit-from-canadian-radio-play/article1868052/
2011-01-13,12:38:12,f1cp0,62,"Mexican official: 34,612 drug-war deaths in 4 yrs",google.com,http://www.google.com/hostednews/ap/article/ALeqM5ghl3iripv4QMFJzOybolWHXUvmzA?docId=0c49e87368a148229e9ed7c7d5a7cb01
2011-01-14,04:36:20,f1rxe,50,"Tunisia president not to run again, vows to broaden political freedoms and allow freedom of speech",english.aljazeera.net,http://english.aljazeera.net/news/africa/2011/01/2011113192110570350.html
2011-01-13,13:41:58,f1dq2,51,Youth under 18 banned from using tanning beds in Victoria BC.,vancouversun.com,http://www.vancouversun.com/health/Victoria+area+youths+banned+from+tanning+beds/4100478/story.html
2011-01-13,22:59:52,f1krs,44,Toy Salesman Admits Raping 96 Boys,cbsnews.com,http://www.cbsnews.com/stories/2011/01/13/world/main7241822.shtml?tag=stack
2011-01-13,21:35:03,f1jcw,34,Demand For Quinoa A Boon For Bolivian Farmers,npr.org,http://www.npr.org/2011/01/13/132878264/demand-for-quinoa-a-boon-for-bolivian-farmers
2011-01-14,05:17:51,f1ss8,34,South Sudan vote passes threshold - Celebrations erupt as turnout of registered voters exceeds necessary 60 per cent in South Sudan referendum,english.aljazeera.net,http://english.aljazeera.net/news/africa/2011/01/2011113171554423996.html
2011-01-13,14:42:58,f1ene,31,A Boat Ride through Brisbane - A much closer look at the floods.,youtube.com,http://www.youtube.com/watch?v=mANvEa5v-mM
2011-01-14,04:28:01,f1rqo,33,Shocking documentary about the genocide of white Africans in Robert Mugabe's Zimbabwe. (netflix),movies.netflix.com,http://movies.netflix.com/WiMovie/Mugabe_and_the_White_African/70119673?trkid=2430625
2011-01-14,03:34:40,f1ql9,28,China snubs US: Why did China test its J-20 stealth fighter while Secretary Gates was in town?,globalpost.com,http://www.globalpost.com/dispatch/china/110113/china-military-robert-gates-secretary-defense
2011-01-14,00:57:38,f1n6i,21,"Magnitude 7.3 - LOYALTY ISLANDS
2011 January 13 16:16:41 UTC 
",earthquake.usgs.gov,http://earthquake.usgs.gov/earthquakes/recenteqsww/Quakes/usc00012cx.php
2011-01-14,02:28:17,f1p4c,24,"Violent clashes spread to centre of Tunisian capital - The latest clashes in anti-government protests that began nearly a month ago were taking place a short distance from the central bank building in the city's main commercial area, also the location of the main bus and tram station.",mg.co.za,http://www.mg.co.za/article/2011-01-13-violent-clashes-spread-to-centre-of-tunisian-capital
2011-01-14,04:26:13,f1rp8,21,Acid tanker capsizes on Rhine,news.yahoo.com,http://news.yahoo.com/video/world-15749633/acid-tanker-capsizes-on-rhine-23837186
2011-01-13,08:48:19,f18ow,20,"Thailand: 60,000 Red Shirt protesters bring Bangkok to a standstill",links.org.au,http://links.org.au/node/2096
2011-01-13,22:35:08,f1kb2,20,UN: Israeli settlement expansion illegal,presstv.ir,http://www.presstv.ir/detail/159576.html
2011-01-13,13:39:57,f1dos,19,"Poll: 35 percent of East Jerusalem Palestinians would prefer Israeli citizenship
In new survey, 40 percent of East Jerusalem Palestinians say they will move elsewhere in Israel if their neighborhoods become part of a future Palestinian State.",haaretz.com,http://www.haaretz.com/news/diplomacy-defense/poll-35-percent-of-east-jerusalem-palestinians-would-prefer-israeli-citizenship-1.336758
2011-01-14,01:38:11,f1o2d,19,Israel Kidnaps Eight Palestinians In the West Bank,imemc.org,http://imemc.org/article/60405
2011-01-14,03:30:41,f1qhr,16,UNESCO awards Venezuela for providing free access to internet,venezuelanalysis.com,http://venezuelanalysis.com/news/5931
2011-01-13,22:19:00,f1k08,16,"Tokyo, Seoul, Washington: alliance in the making",globalpost.com,http://www.globalpost.com/dispatch/japan/110112/tokyo-seoul-washington-robert-gates-alliance
2011-01-14,02:41:46,f1pfk,16,"South Sudan vote passes threshold, region looks set for nationhood.",english.aljazeera.net,http://english.aljazeera.net//news/africa/2011/01/2011113171554423996.html
2011-01-14,01:19:43,f1non,12,Israel demolishes Palestinian village,presstv.ir,http://www.presstv.ir/detail/159961.html
2011-01-14,02:54:42,f1pq2,12,South Korea buries 1.4 million domestic pigs alive after an outbreak of foot-and-mouth disease.,huffingtonpost.com,http://www.huffingtonpost.com/2011/01/12/south-korea-buries-pigs-alive_n_808119.html?ir=Food
2011-01-14,03:07:03,f1q0s,12,How come this is not getting any coverage while the events in Iran were getting 24hr coverage on all news channels ?,guardian.co.uk,http://www.guardian.co.uk/world/tunisia
