2011-07-11,22:49:15,imeeo,837,"US suspends Pakistan military aid, withholding $800m as diplomatic relations reach a standstill",guardian.co.uk,http://www.guardian.co.uk/world/2011/jul/10/us-suspends-pakistan-military-aid/?reddit
2011-07-11,23:37:51,imfm1,599,"ISPs, academics, and citizens oppose EU anti-piracy legislation: It threatens basic human rights while stifling innovation",torrentfreak.com,http://torrentfreak.com/isps-academics-and-citizens-oppose-eu-anti-piracy-legislation-110711/
2011-07-11,08:56:59,ily7v,446,"Huge demand for fish empties British waters in just 6 months - 
Britain's coastal waters are so overfished that they can supply the nation's chip shops, restaurants & kitchens for little more than 6 months of every year",independent.co.uk,http://www.independent.co.uk/environment/nature/huge-demand-for-fish-empties-british-waters-in-just-six-months-2311656.html
2011-07-12,04:41:36,imolo,429,"A married couple from Pakistan have filed a lawsuit against American Airlines, alleging that, after their plane was diverted following a fake hijacking threat, they were singled out and escorted from the plane in handcuffs for no reason other than their names.",consumerist.com,http://consumerist.com/2011/07/couple-sues-american-airlines-following-hijacking-hoax.html
2011-07-12,02:38:23,imkqm,223,Shareholders sue News Corp. over British hacking scandal. The lawsuit accuses News Corp. of large-scale governance failures.,washingtonpost.com,http://www.washingtonpost.com/business/technology/shareholders-sue-news-corp-over-british-hacking-scandal/2011/07/11/gIQArtK58H_story.html
2011-07-11,22:45:02,imeb8,184,Protesters in cities throughout Egypt threaten to bring the country to a standstill,globalpost.com,http://www.globalpost.com/dispatches/globalpost-blogs/the-casbah/strikes-and-sit-ins-the-pressure-egypt-government
2011-07-11,11:53:52,im2kw,175,Two Chinese miners found alive after a week underground,globalpost.com,http://www.globalpost.com/dispatch/news/regions/asia-pacific/china/110710/chinese-miners-found-alive-after-week-underground
2011-07-11,23:52:11,img0o,167, News International papers targeted Gordon Brown ,guardian.co.uk,http://www.guardian.co.uk/media/2011/jul/11/phone-hacking-news-international-gordon-brown
2011-07-12,02:14:49,imk20,88,News Corp. begins to turn against Rupert Murdoch,guardian.co.uk,http://www.guardian.co.uk/media/2011/jul/11/news-corp-shareholders-attack-murdoch
2011-07-11,23:54:37,img2t,90,"Mexican Army Frees Kidnap Victims - 
20 people held for ransom in a tiny shack in Monterrey  freed by soldiers",bbc.co.uk,http://www.bbc.co.uk/news/world-latin-america-14101268
2011-07-12,00:01:49,img9v,89,"Israeli government c'tee approves bill outlawing boycotts on Israel: The bill makes publicly calling for a boycott that could harm Israel “economically, culturally or academically” a civil violation.",jpost.com,http://www.jpost.com/DiplomacyAndPolitics/Article.aspx?id=226865
2011-07-11,22:48:16,imedn,88,Nick Clegg calls for Murdoch to drop BSkyB deal ,guardian.co.uk,http://www.guardian.co.uk/media/2011/jul/11/bskyb-deal-clegg-calls-murdoch
2011-07-12,05:19:00,impro,86,"Canada is withdrawing from a UN nuclear disarmament conference in protest of North Korea's presidency of the body, the Canadian foreign minister has said.",bbc.co.uk,http://www.bbc.co.uk/news/world-us-canada-14115925
2011-07-12,04:03:32,imneg,78, CIA organised fake vaccinations to obtain Osama bin Laden's family DNA | World news | The Guardian ,guardian.co.uk,http://www.guardian.co.uk/world/2011/jul/11/cia-fake-vaccinations-osama-bin-ladens-dna
2011-07-12,07:38:23,imu0m,83,Revelations that hundreds of US Customs and Border Patrol agents may be involved in systemic corruption by taking bribes from Mexican drug cartels are straining relationships on the border ,globalpost.com,http://www.globalpost.com/dispatch/news/regions/americas/mexico/110708/us-border-agents-cartels-corruption
2011-07-12,01:46:33,imj99,80,"Phone Hacking Scandal Widens: News International Targeted Gordon Brown, BSkyB Bid Delayed - Many Murdoch Properties Implicated in Crimes.",huffingtonpost.com,http://www.huffingtonpost.com/2011/07/11/news-international-murdoch-gordon-brown-hacking_n_894588.html
2011-07-11,20:51:57,imc3k,70,Police Officer sold royal family contact details to NOTW,bbc.co.uk,http://www.bbc.co.uk/news/business-14105225
2011-07-11,13:38:00,im54u,69,101 missing after boat sinks in Russia - The Boston Globe,boston.com,http://www.boston.com/news/world/europe/articles/2011/07/11/101_missing_after_boat_sinks_in_russia/
2011-07-11,23:51:20,imfzv,67,Former British PM Gordon Brown to announce he was a victim of phone hacking,independent.co.uk,http://www.independent.co.uk/news/uk/crime/im-a-hacking-victim-too-gordon-brown-to-say-2311980.html
2011-07-11,23:40:36,imfo3,61,"Assad loyalists storm US and French embassies in Damascus --- Large crowds break into US Embassy while French guards manage to hold off attack using live fire; Washington to summon Syrian diplomat over ""slow response,"" says Syria failed to protect US diplomats.",jpost.com,http://www.jpost.com/LandedPages/PrintArticle.aspx?id=228846
2011-07-11,15:40:56,im7rp,51,BBC News - Cyprus: Eight dead in blast near Zygi naval base,bbc.co.uk,http://www.bbc.co.uk/news/world-europe-14102253
2011-07-11,00:05:57,ilmff,47,"Vigilantes Attack Speed Cameras in Australia, France, UK",thenewspaper.com,http://www.thenewspaper.com/news/35/3522.asp
2011-07-11,09:31:03,ilz12,43,"The “contagion” that has forced Greece, Ireland and Portugal to seek bailouts from the rest of Europe now is threatening Italy, as investors demand ever-higher interest rates on Italian government bonds.",latimesblogs.latimes.com,http://latimesblogs.latimes.com/money_co/2011/07/italy-debt-crisis-bonds-yields-greece-portugal-ireland-ecb-eu.html
2011-07-11,23:50:02,imfyd,41,"World's Biggest Sleaze Mogul Also Getting Rich from Christian Moralizers: In addition to being a phone-hacking Darth Vader, Rupert Murdoch is also one of the leading religion publishers in the world. ",alternet.org,http://www.alternet.org/belief/151585/why_rupert_murdoch_love%24_god%3A_world%27s_biggest_sleaze_mogul_also_getting_rich_from_christian_moralizers/
2011-07-11,15:33:26,im7mb,42,"Deadly blasts at Cyprus military base - Europe - Al Jazeera English
",english.aljazeera.net,http://english.aljazeera.net/news/europe/2011/07/201171152713324991.html
2011-07-11,19:10:31,imavl,36,Breaking the Power of the 'Big Three' - German Firm Wants to Set Up New Rating Agency,spiegel.de,"http://www.spiegel.de/international/europe/0,1518,773549,00.html"
2011-07-12,07:36:11,imtxw,37,Cyprus: Navy chief killed by base munitions blast,bbc.co.uk,http://www.bbc.co.uk/news/world-europe-14115103
2011-07-12,03:03:15,imli0,37,"Brazil to start enriching Uranium on 2012 - Will Build Nuclear Ships, to also protect its new Sea Oil  Real State",npsglobal.org,http://npsglobal.org/eng/news/139-peaceful-uses/412-brazil-to-start-enriching-uranium-at-resende-.html
2011-07-11,10:35:56,im0md,36,"The German government has defended its controversial decision to deliver tanks to the Saudi regime, as the deal continues to come under harsh criticism from both opposition and coalition parties.",dw-world.de,"http://www.dw-world.de/dw/article/0,,15224834,00.html"
2011-07-12,05:37:28,imqdp,31,Israel passes law banning boycotts of its West Bank settlements,bbc.co.uk,http://www.bbc.co.uk/news/world-middle-east-14111925
