2011-09-29,23:22:24,kvahl,1539,"Denmark taxes fatty products - Denmark is to impose the world's first ""fat tax"" in a drive to slim its population and cut heart disease.",telegraph.co.uk,http://www.telegraph.co.uk/health/healthnews/8796522/Denmark-taxes-fatty-products.html
2011-09-29,05:15:25,kug3q,901,Saudi King Abdullah has revoked a sentence of 10 lashes imposed on a woman for breaking the ban on women driving in the conservative kingdom,news.yahoo.com,http://news.yahoo.com/saudi-king-revokes-woman-drivers-lashing-sentence-190901906.html
2011-09-29,12:48:07,kuvzu,818,Christian Pastor sentenced to death in Iran,google.com,http://www.google.com/hostednews/afp/article/ALeqM5gB_1jWX3ee88PoTA_P9xcHEmcnJA?docId=CNG.3b50dcc9998e8925e24bacefb0b1b856.941
2011-09-29,19:36:43,kv5d3,797,A court in Bahrain jails 20 medics who treated protesters for up to 15 years,bbc.co.uk,http://www.bbc.co.uk/news/world-middle-east-15105270
2011-09-29,09:55:13,kupza,317,"Just 60 babies a year adopted in England - 
Thousands of children are being held in limbo in care homes, secure units & temporary fostering",independent.co.uk,http://www.independent.co.uk/news/uk/home-news/just-60-babies-a-year-adopted-in-england-2362687.html
2011-09-29,15:02:47,kv07a,288,Australian women will be allowed to serve in front-line combat roles after the government said it was dropping all gender restrictions for the military,msnbc.msn.com,http://www.msnbc.msn.com/id/44681754/ns/world_news-asia_pacific/t/australia-opens-front-line-military-roles-women/
2011-09-29,22:53:52,kv9l7,256,"I Can Find An Indicted Warlord --- 
His name is Bosco Ntaganda. He owns a bar, a farm and a mansion in Goma, eastern Congo. And the ICC has a warrant out for him. So why isn't he in jail? Because his gang pretty much runs Goma. If you cross him, he kills you. Or worse",motherjones.com,http://motherjones.com/politics/2011/09/bosco-ntaganda-congo-warlord
2011-09-29,17:14:56,kv31w,184,France threatens military action against Iran,rt.com,http://rt.com/news/military-strike-iran-france-567/
2011-09-29,10:21:02,kuqx5,179,Fracking & Drilling Coming to the Famous Waters of Bath - There's great concern the shale boom will ruin the deep water sources that supply the natural hot springs,guardian.co.uk,http://www.guardian.co.uk/environment/2011/sep/28/shale-boom-bath-pollute-water
2011-09-29,09:28:36,kup10,108,MEXICO: Supreme Court ruling says life begins at conception ,latimesblogs.latimes.com,http://latimesblogs.latimes.com/world_now/2011/09/mexico-legalize-abortion-supreme-court-baja-california-state-constitution.html
2011-09-29,12:54:27,kuw6q,109,Japan 'scared' of telling truth to Fukushima evacuees: A former adviser to the Japanese cabinet has revealed the government has known for months that thousands of evacuees from around the Fukushima nuclear plant will not be able to return to their homes.,abc.net.au,http://www.abc.net.au/news/2011-09-28/fukushima-residents-unable-to-return-home/3026496?section=world
2011-09-30,00:48:03,kvdhk,76,"Be afraid -- Unless politicians act more boldly, the world economy will keep heading towards a black hole",economist.com,http://www.economist.com/node/21530986
2011-09-30,04:36:13,kvm3g,66,"Egyptian security forces have stormed the offices of Al-Jazeera Egypt, confining its journalists to one room and confiscating equipment.",france24.com,http://www.france24.com/en/20110929-egypt-police-raid-al-jazeera-office
2011-09-29,22:07:38,kv898,63,Saudis export anti-Christian and anti-Jewish textbooks across the world : Report,life.nationalpost.com,http://life.nationalpost.com/2011/09/28/saudis-export-anti-christian-and-anti-jewish-textbooks-across-the-world-report/
2011-09-29,18:34:47,kv4dd,61,The human cost of chocolate,thecnnfreedomproject.blogs.cnn.com,http://thecnnfreedomproject.blogs.cnn.com/2011/09/19/the-human-cost-of-chocolate/
2011-09-29,23:02:01,kv9ua,61,"In Africa, an Election Rejects Chinese Involvement",theatlantic.com,http://www.theatlantic.com/international/archive/2011/09/in-africa-an-election-rejects-chinese-involvement/245832/#.ToR6TM6FKos.reddit
2011-09-29,22:44:14,kv9af,59,"Nokia to axe another 3,500 jobs",guardian.co.uk,http://www.guardian.co.uk/technology/2011/sep/29/nokia-axe-3500-jobs
2011-09-29,23:08:38,kva1e,51,Japan tsunami: 10m yen donation found in Tokyo toilet,bbc.co.uk,http://www.bbc.co.uk/news/world-asia-pacific-15110090
2011-09-29,23:48:23,kvbdv,37,Water supply nearing limit for food production,calgaryherald.com,http://www.calgaryherald.com/health/Water+supply+nearing+limit+food+production/5453168/story.html
2011-09-29,20:12:35,kv5w9,36,"just to relax, here's a little game: how much do you know about italian Prime Minister Silvio Berlusconi?",bbc.co.uk,http://www.bbc.co.uk/news/magazine-15095153
2011-09-29,13:22:22,kux6l,36,Palestinian statehood bid kicked into committee by UN security council,guardian.co.uk,http://www.guardian.co.uk/world/2011/sep/28/palestinian-statehood-bid-un-committee
2011-09-29,23:38:00,kvb1k,35,"Rampant cheating at Chinese games exposed: The Chinese desire to win at all costs has created a culture of rampant cheating among athletes, including one team of men who donned wigs to compete in a female dragon boat race, according to a report by sports officials.",telegraph.co.uk,http://www.telegraph.co.uk/news/worldnews/asia/china/8796527/Rampant-cheating-at-Chinese-games-exposed.html
2011-09-29,14:41:06,kuzmo,31,Western governments shy about defending human rights; liberty declined for the fifth year in a row. ,economist.com,http://www.economist.com/node/21529019
2011-09-29,09:50:18,kupt5,32,"

Al Jazeera correspondent Gabriel Elizondo paints a shocking portrait of life in the Brazilian Amazon through the story of a couple who lived & died for the rainforest",guardian.co.uk,http://www.guardian.co.uk/environment/video/2011/sep/28/al-jazera-correspondent-crying-forest-video
2011-09-29,10:01:18,kuq7l,30,Syria slips towards civil war as sanctions bid fails:  UN resolution diluted after veto threat from China and Russia,independent.co.uk,http://www.independent.co.uk/news/world/middle-east/syria-slips-towards-civil-war-as-sanctions-bid-fails-2362632.html
2011-09-29,08:51:42,kunrp,23,"Bolivia highway protests spread, paralysing La Paz:  Tens of thousands of demonstrators in Bolivia have brought traffic to a standstill in central La Paz. ",bbc.co.uk,http://www.bbc.co.uk/news/world-latin-america-15101253
2011-09-29,23:34:27,kvax6,23,German parliament approves expanded bailout fund,washingtonpost.com,http://www.washingtonpost.com/world/europe/german-parliament-approves-bailout-fund/2011/09/29/gIQATrGl6K_story.html
2011-09-29,19:31:39,kv5al,22,Bahrain sentences medics with 15 years in prison,english.aljazeera.net,http://english.aljazeera.net/news/middleeast/2011/09/20119298364868205.html
2011-09-30,01:19:58,kveny,15,"French lunch breaks fall to just 22 minutes - Despite the widely-held view that French workers while away long lunch hours over three-course lunches with wine, a new survey shows that most grab lunch in just over 20 minutes.",thelocal.fr,http://www.thelocal.fr/1329/20110929/
2011-09-29,23:22:53,kvai2,16,Thai school's Nazi-themed parade sparks outrage,cnn.com,http://www.cnn.com/2011/09/28/world/asia/thailand-nazi-parade/index.html?hpt=hp_bn4
