2011-01-07,22:22:31,exwea,2027,"Egypt's Muslims attend Coptic Christmas mass, serving as ""human shields""",english.ahram.org.eg,http://english.ahram.org.eg/News/3365.aspx
2011-01-07,20:43:02,exv1t,1269,Too far. The UK government is about to sell the country's forests to timber companies.,independent.co.uk,http://www.independent.co.uk/opinion/commentators/johann-hari/johann-hari-for-sale--camerons-green-credentials-2177929.html
2011-01-07,09:29:21,exm0o,1204,"Wikileaks: Companies including Coca Cola, Hewlett Packard & Motorola complained of widespread corruption by Israeli officials at Gaza crossing; trucks stalled if firms did not pay bribes.",rawstory.com,http://www.rawstory.com/rs/2011/01/israelis-demanded-bribes-gaza-crossing/
2011-01-07,00:50:47,exbq1,1047,WikiLeaks: Secret whaling deal plotted by US and Japan | Environment | guardian.co.uk,guardian.co.uk,http://www.guardian.co.uk/environment/2011/jan/06/wikileaks-secret-whaling-deal?CMP=twt_gu
2011-01-07,21:15:38,exvg8,1016,"Israeli soldiers break into an apartment at dawn and execute the WRONG man with many bullets to the head and chest WHILE HE WAS A SLEEP, then they simply decide to arrest the right man from the floor below and leave. ",english.aljazeera.net,http://english.aljazeera.net/news/middleeast/2011/01/20111775441287850.html
2011-01-07,15:55:40,exs3v,465,Spain rejects 'US influenced' copyright bill,the1709blog.blogspot.com,http://the1709blog.blogspot.com/2010/12/spain-rejects-us-influenced-copyright.html
2011-01-07,14:35:28,exr1c,185,"Czech doctors resign en masse, saying that being paid lower wages than a mechanic or waiter isn't OK any more.",bbc.co.uk,http://www.bbc.co.uk/news/world-europe-12128729
2011-01-08,07:43:54,ey70b,153,"Birgitta Jonsdottir tweets: ""usa government wants to know about all my tweets and more since november 1st 2009. do they realize i am a member of parliament in iceland?""",twitter.com,https://twitter.com/birgittaj/status/23471614335123456
2011-01-07,11:11:46,exnr9,95,"The Real Drugs Crisis: The top secret database worth $35,000,000,000 in blood money, that you didn’t even know existed",neurobonkers.com,http://neurobonkers.com/?p=494
2011-01-08,04:58:09,ey435,57,"Israeli soldiers shot and killed an unarmed, 65-y.o. Palestinian man in his bedroom, in what appeared to be a case of mistaken identity. The man’s wife said he was sleeping and she was praying when soldiers burst into the apt before dawn, entered the bedroom and immediately opened fire. ",nytimes.com,http://www.nytimes.com/2011/01/08/world/middleeast/08mideast.html?_r=1&src=twr
2011-01-08,07:51:31,ey74x,51,Is Wikileaks About to Release Its Bank Cache?,cnbc.com,http://www.cnbc.com/id/40966333
2011-01-07,08:31:43,exl18,43,World on brink of social unrest over food prices - Violence in Algeria could be the start of protests over rising costs of essential commodities such as grain and meat.,gulfnews.com,http://gulfnews.com/business/economy/world-on-brink-of-social-unrest-over-food-prices-1.742319
2011-01-07,08:47:04,exlaw,42,More Turks leaving Germany than coming in. More Turkish Germans are heading back to their home country - motivated by factors like better job opportunities in Turkey and not wanting to feel like a foreigner.,marketplace.publicradio.org,http://marketplace.publicradio.org/display/web/2011/01/06/pm-more-turks-leaving-germany-than-coming-in/
2011-01-07,09:28:53,exm0j,42,More than 30 women raped and beaten in DR Congo attack,guardian.co.uk,http://www.guardian.co.uk/world/2011/jan/07/congo-women-raped-beaten
2011-01-07,10:11:27,exmp6,39,Shift of Earth's Magnetic North Pole Impacts Tampa Airport,sott.net,http://www.sott.net/articles/show/221015-Shift-of-Earth-s-Magnetic-North-Pole-Impacts-Tampa-Airport
2011-01-07,23:57:40,exy2l,26,Pirate Party Slams Anti-Piracy Outfit for Filing ‘Illegal’ Complaints,torrentfreak.com,http://torrentfreak.com/pirate-party-slams-anti-piracy-outfit-for-filing-illegal-complaints-110107/
2011-01-07,15:39:55,exrwo,29,Cables released by WikiLeaks reveal how the British government provides training to a Bangladeshi government paramilitary force specialising in executing political opponents.,wsws.org,http://wsws.org/articles/2011/jan2011/bang-j07.shtml
2011-01-07,15:29:26,exrrc,27,Palestinians are hoping for a United Nations vote next week condeming ongoing Israeli settlements in Palestinian territory (Will the USA abstain or veto it ?),haaretz.com,http://www.haaretz.com/news/diplomacy-defense/pa-seeks-un-vote-next-week-on-resolution-condemning-west-bank-settlements-1.335716
2011-01-08,00:42:17,exyxb,27,The Last Stand of General Sanchez: Why the commander who was in charge of all troops in Iraq thinks some of his superiors should go to hell,theatlantic.com,http://www.theatlantic.com/magazine/archive/2011/01/the-last-stand-of-ricardo-sanchez/8334/
2011-01-08,01:16:09,exzmg,22,Columbia Journalism Review calls out journalists on not even being able to report the number of WikiLeaks cables correctly.,cjr.org,http://www.cjr.org/behind_the_news/cable_access.php?page=all
2011-01-07,22:44:01,exwrf,19,"Family of dead Palestinian woman rebut IDF claims that she wasn't killed by tear gas, saying it's a smear campaign",guardian.co.uk,http://www.guardian.co.uk/world/2011/jan/06/abu-rahma-teargas-death-west-bank
2011-01-07,08:02:32,exki3,21,Israeli pilot describes a 'good strike' that killed 15 Gazans as part of the assassination of a Hamas military leader in 2002 - (that included 8 children and 3 women),haaretz.com,http://www.haaretz.com/print-edition/news/israeli-pilot-describes-good-strike-that-killed-15-gazans-in-2002-1.335660
2011-01-07,10:43:18,exn9w,22,"The Man Who Spilled the Secrets | Vanity Fair on collaboration between mainstream media, especially the Guardian, and Wikileaks. Portrays Julian Assange as prima donna. Lots of new detail, and a good read",vanityfair.com,http://www.vanityfair.com/politics/features/2011/02/the-guardian-201102
2011-01-08,04:00:58,ey2wy,19,"Chinese Foreign Ministry spokesman Hong Lei ""says the Chinese government has pledged never to be the first country to use nuclear weapons - at any time or under any circumstances. He says reports that China is considering changing the policy are 'groundless and out of ulterior motives.'""",voanews.com,http://www.voanews.com/english/news/asia/China--No-Changes-to-No-First-Nuclear-Strike-Policy--112997794.html
2011-01-07,09:36:42,exm5c,20,Food riots break out in Algeria,arabnews.com,http://arabnews.com/middleeast/article230412.ece
2011-01-07,15:19:07,exrmj,18,"More than 4,700 German farms have been closed after large amounts of animal feed were found to be contaminated with dioxin, a poisonous chemical.",bbc.co.uk,http://www.bbc.co.uk/news/world-europe-12133361
2011-01-07,11:24:30,exnzt,13,Cruise ships welcomed again in Cuba,bbc.co.uk,http://www.bbc.co.uk/news/world-latin-america-12133640
2011-01-08,05:55:45,ey55m,14,"Beijing Places a Quota on Car Registrations To Tackle Traffic, Pollution. You can now only register a car if your number comes up in a lottery.",greencarreports.com,http://www.greencarreports.com/blog/1053207_bijing-limits-car-regisrations-to-tackle-traffic-pollution
2011-01-07,12:48:06,expdd,14,Israeli forces hit Gaza with air strikes. The air strikes occurred at about 11:30 p.m. in two open areas and an empty training field used by the Hamas military wing.,edition.cnn.com,http://edition.cnn.com/2011/WORLD/meast/01/06/gaza.air.strikes/index.html?hpt=T2
2011-01-07,21:33:54,exvop,11,"Meanwhile in Thailand: 21,000 arrested in drugs crackdown",abc.net.au,http://www.abc.net.au/news/stories/2011/01/07/3108754.htm
