2011-09-06,00:01:50,k5dfl,1918,Wikileaks: The chief minister of India's Uttar Pradesh state sent an empty private jet to get a pair of sandals from Mumbai.,bbc.co.uk,http://www.bbc.co.uk/news/world-south-asia-14784228
2011-09-06,19:36:09,k6ahe,1373,Turkish PM suspends all ties with Israel,english.aljazeera.net,http://english.aljazeera.net/news/middleeast/2011/09/2011969483323665.html
2011-09-06,00:59:39,k5f6d,814,Giant crocodile captured alive in Philippines. ,news.yahoo.com,http://news.yahoo.com/giant-crocodile-captured-alive-philippines-134625838.html
2011-09-07,06:00:33,k6sum,463,Nigeria shifting currency reserves from US dollars to Chinese yuan,csmonitor.com,http://www.csmonitor.com/World/Africa/Africa-Monitor/2011/0906/West-Africa-Rising-Nigeria-shifting-currency-reserves-from-dollars-to-Chinese-yuan
2011-09-06,21:01:30,k6by3,426,"Swiss National Bank says it will buy all other currencies in unlimited quantities, causing the Franc to drop 8% instantaneously.",reuters.com,http://www.reuters.com/article/2011/09/06/us-swiss-snb-idUSTRE7851LV20110906
2011-09-06,08:35:08,k5ttn,381,"Libya: Newly found documents in Tripoli show that on July 16, state-controlled Chinese arms companies offered to sell $200 million worth of rocket launchers, antitank missiles, portable surface-to-air missiles designed to bring down aircraft, and other weapons and munitions to Gaddafi.",nytimes.com,http://www.nytimes.com/2011/09/05/world/africa/05libya.html?_r=1
2011-09-06,16:42:29,k67jq,321,"Indian politician(yes, statue/sandal jet lady) calls Julian Assange 'mentally ill' and offers to house him in an insane assylum after the leaked US embassy cables described her as ""a first-rate egomaniac"".",timesofindia.indiatimes.com,http://timesofindia.indiatimes.com/india/WikiLeaks-founder-Assange-should-be-sent-to-mental-asylum-Mayawati/articleshow/9881921.cms
2011-09-06,18:46:54,k69nk,286,"China is acquiring the means to “win without fighting” — to establish itself as Asia’s dominant power by eroding the credibility of America’s security guarantees, hollowing out its alliances and eventually easing it out of the region. ",nytimes.com,http://www.nytimes.com/2011/09/05/opinion/chinas-challenge-at-sea.html?partner=rss&emc=rss
2011-09-06,13:11:24,k62da,159,The French Interior minister has admitted that the secret service spied on a journalist from the newspaper Le Monde to trace the source of a leak that embarrassed President Nicolas Sarkozy’s party.,irishtimes.com,http://www.irishtimes.com/newspaper/world/2011/0902/1224303347533.html
2011-09-06,00:16:41,k5dv1,119,"Peak of Insanity?
Dutch Dream of Building Artificial Mountain",spiegel.de,"http://www.spiegel.de/international/zeitgeist/0,1518,784085,00.html"
2011-09-06,10:47:53,k5xu3,75,"Reluctantly, Europe Inches Closer to a Fiscal Union - ""The idea is to create a central financial authority [...] that could eventually turn the euro zone into something resembling a United States of Europe.""",nytimes.com,http://www.nytimes.com/2011/09/06/business/global/reluctantly-europe-inches-closer-to-a-fiscal-union.html?_r=1&hp
2011-09-07,03:25:18,k6nm1,68,Taiwan Developing New Air-To-Surface Missile: Lawmaker - Designed to Stop a Chinese Invasion as it is Being Staged,defensenews.com,http://defensenews.com/story.php?i=7600533&c=ASI&s=LAN
2011-09-06,23:35:56,k6fls,61,The African Union and the famine: Look the other way ,economist.com,http://www.economist.com/node/21528308
2011-09-06,05:52:30,k5oqz,58,The government in Pakistan's Sindh province has decided to make the Chinese language a compulsory subject in schools.,ndtv.com,http://www.ndtv.com/article/world/chinese-to-be-made-compulsory-in-sindh-schools-131404
2011-09-06,00:51:43,k5exm,53,Does hard work pay off? Ask the Mexicans ,theglobeandmail.com,http://www.theglobeandmail.com/news/opinions/opinion/does-hard-work-pay-off-ask-the-mexicans/article2152478/
2011-09-07,05:11:05,k6qxk,55,"U.N. study savages U.S., European economic policy - The pursuit of austerity measures and deficit cuts is pushing the world economy toward disaster in a misguided attempt to please global financial markets, the annual report of the United Nations economic thinktank UNCTAD said on Tuesday.


",reuters.com,http://www.reuters.com/article/2011/09/06/us-economy-un-report-idUSTRE7852Y120110906
2011-09-06,22:07:41,k6dce,51,Phone hacking: James Murdoch 'told of hacking email',bbc.co.uk,http://www.bbc.co.uk/news/uk-14797365
2011-09-06,19:25:23,k6aak,46,Turkey threatens naval action over Cyprus drilling,famagusta-gazette.com,http://famagusta-gazette.com/turkey-threatens-naval-action-over-cyprus-drilling-p12883-69.htm
2011-09-06,23:38:14,k6fov,36,Woman severs tongue of would-be rapist,thelocal.se,http://www.thelocal.se/35968/20110906/
2011-09-06,13:40:49,k6376,33,"Man 'seizes child hostage' outside Sydney court: A man with a suspicious backpack - possibly a bomb - is holding a child at a courthouse in a suburb of Sydney in Australia, local media say.",bbc.co.uk,http://www.bbc.co.uk/news/world-asia-pacific-14798594
2011-09-06,17:09:08,k681p,32,"In a SPIEGEL interview, former German Chancellor Gerhard Schröder, 67, discusses the German government's learning curve in the euro crisis and his idea of a United States of Europe. He also addresses allegations that his government helped set the stage for the current common currency woes.",spiegel.de,"http://www.spiegel.de/international/europe/0,1518,784357,00.html"
2011-09-06,16:54:56,k67sg,33,Libyan army convoy in Niger may be Gaddafi deal | Reuters,reuters.com,http://www.reuters.com/article/2011/09/06/us-libya-idUSTRE7810I820110906
2011-09-06,23:27:02,k6fda,28,News Corp. Announces Layoffs as Phone Hacking Testimony Begins,theatlanticwire.com,http://www.theatlanticwire.com/global/2011/09/news-corp-announces-layoffs-phone-hacking-testimony-begins/42116/#.TmYtlT_QXjE.reddit
2011-09-06,19:22:52,k6a91,26,Turkey to impose more sanctions against Israel: Turkish PM Recep Tayyip Erdogan has said his country will implement further sanctions against Israel.,bbc.co.uk,http://www.bbc.co.uk/news/world-europe-14800305
2011-09-07,05:42:28,k6s5c,30,Libyan army convoys flee across Sahara carrying looted cash and gold,guardian.co.uk,http://www.guardian.co.uk/world/2011/sep/06/libya-army-convoys-looted-gold
2011-09-06,22:22:00,k6dob,24,"The cost of doing business in Mexico now involves bribing drug cartels.
",globalpost.com,http://www.globalpost.com/dispatch/news/regions/americas/mexico/110905/mexico-drug-war-extortion-felipe-calderon
2011-09-06,11:03:54,k5ydp,20,"UBS Quantifies Costs Of Euro Break Up, Warns Of Collapse Of Banking System And Civil War",zerohedge.com,http://www.zerohedge.com/news/bring-out-your-dead-ubs-quantifies-costs-euro-break-warns-collapse-banking-system-and-civil-war
2011-09-06,00:15:36,k5dth,22,Cambridge tops league table of world's best universities,guardian.co.uk,http://www.guardian.co.uk/education/2011/sep/05/cambridge-tops-league-table-universities
2011-09-07,05:55:46,k6sog,25,"Since the election of President Viktor Yanukovych in 2010, Ukraine has experienced a significant and alarming deterioration in its democratic framework. ",europeanvoice.com,http://www.europeanvoice.com/article/2011/august/ukraine-loses-its-way/71932.aspx
2011-09-06,14:18:19,k6490,16,German hikers missing in Afghanistan found dead,guardian.co.uk,http://www.guardian.co.uk/world/2011/sep/05/german-hikers-afghanistan-found-dead
