2011-11-13,21:28:05,map13,1858,Shark fin soup disappearing from the menu at Chinese weddings: Couples marrying in Hong Kong and mainland China swayed by conservation groups' campaign to ban shark trade,guardian.co.uk,http://www.guardian.co.uk/world/2011/nov/10/shark-fin-soup-off-chinese-menu
2011-11-13,20:23:14,mao3k,448,"Israel has refused to reassure President Barack Obama that it would warn him in advance of any pre-emptive strike on Iran's nuclear capabilities, raising fears that it may be planning a go-it-alone attack",telegraph.co.uk,http://www.telegraph.co.uk/news/worldnews/middleeast/israel/8886543/Israel-refuses-to-tell-US-its-Iran-intentions.html
2011-11-13,09:36:41,maaxi,160,Arab spring + European autumn = Mediterranean crisis.   Almost all the countries round the Med are gripped by instability or uncertainty; one of the oldest and most fruitful nurseries of human progress in history.,guardian.co.uk,http://www.guardian.co.uk/business/blog/2011/nov/10/arab-spring-european-autumn-mediterranean-crisis
2011-11-13,20:49:17,maofq,92,"“If we don’t change direction soon, we’ll end up where we’re heading,” warns International Energy Agency - Unless dramatic action is taken by 2017, so many additional billions of tons of emissions will be “locked in” that a temperature increase exceeding 2 degrees will become inevitable. 
",newyorker.com,http://www.newyorker.com/online/blogs/comment/2011/11/two-degrees-of-disaster.html
2011-11-14,04:59:17,mb11d,85,"Cigarette Clampdown - 
Australia passes law to make packets even off-putting - Australians are already confronted by graphic images of death & disease on cigarettes packs.  But come Dec, warnings will be bigger, more gruesome & on a monochrome paper backing.",nature.com,http://www.nature.com/news/cigarette-clampdown-1.9349
2011-11-14,02:56:10,mawtf,80,"Brazilian Forces Invade Rio's Largest Slum - 
Brazil sent 3,000 troops into Rocinha, the hillside shanty town overlooking Rio de Janeiro, to drive out crime & violence in advance of the 2014 World Cup",theatlanticwire.com,http://www.theatlanticwire.com/global/2011/11/brazilian-forces-invade-rios-largest-slum/44921/
2011-11-13,11:42:51,maefv,74,"Swiss Muslims outraged after pig carcass, swine heads, litres of blood found at proposed mosque site.  Flyer: This ""was done to protest against the growing expansion of Islam in Switzerland"".  Police: ""We can't say yet it is a hate crime in those words, but it could've been done to stop the mosque""",edition.cnn.com,http://edition.cnn.com/2011/11/12/world/europe/switzerland-mosque/index.html
2011-11-14,03:57:30,mayvr,69,"Egypt Elections To Be Monitored by Occupy Wall Street: GA approved $29,000 to send 20 observers, to ""work to protect and support the civilian monitoring efforts of Egyptian activists on the ground and constitutes a concrete stand against the use of American weapons against peaceful demonstrators.""",theatlanticwire.com,http://www.theatlanticwire.com/global/2011/11/occupy-wall-street-plans-egyptian-expedition/44890/
2011-11-14,07:44:58,mb6ta,63,UK Drugs policy advisor under fire over links to pharmaceutical company,independent.co.uk,http://www.independent.co.uk/news/uk/home-news/drugs-policy-advisor-under-fire-over-links-to-pharmaceutical-company-6261736.html
2011-11-13,23:29:57,mar44,68,Emirates to buy 50 Boeing 777s worth $18 billion,msnbc.msn.com,http://www.msnbc.msn.com/id/45276044/ns/business-world_business/#.Tr_hxsNJNCA
2011-11-13,19:38:59,mankw,58,"After former Indian President Abdul Kalam boarded his plane in JFK, US security personnel forced crew to open doors, checked his jacket and boots for explosives. [xpost from /r/WTF]",thehindu.com,http://www.thehindu.com/news/national/article2624194.ece
2011-11-13,08:32:07,ma918,53,"Staring into the abyss: The euro crisis might wake Europe up. But more likely, argues Edward Carr, it will lead to compromise and decline",economist.com,http://www.economist.com/node/21536872
2011-11-14,07:11:19,mb5oq,50,The eBay ambulance that went to Libya....so he bought an ambulance for the rebels and drove it from his house in Manchester to his home country,guardian.co.uk,http://www.guardian.co.uk/uk/2011/nov/13/ambulance-manchester-to-libya
2011-11-14,06:41:45,mb4mr,46,"'Naked marriages' on rise in China - 
As costs soar in the cities, more couples in China are opting for 'naked marriages' - those without the once-required trappings of a house, a car, & other goods",csmonitor.com,http://www.csmonitor.com/World/Asia-Pacific/2011/1112/Naked-marriages-on-rise-in-China
2011-11-13,10:26:12,macb2,39,Video: Activist reports of killings in Syria,ac360.blogs.cnn.com,http://ac360.blogs.cnn.com/2011/11/12/video-activist-reports-of-killings-in-syria/?hpt=ac_mid
2011-11-13,20:59:54,maok8,27,Geist: US could claim millions of Canadian domain names in piracy battle,thestar.com,http://www.thestar.com/article/1085837--geist-u-s-could-claim-millions-of-canadian-domain-names-in-piracy-battle
2011-11-14,04:18:22,mazm2,27,"Sudan rebels form alliance to oust president: Rebels in Darfur, Blue Nile and South Kordofan say they want to replace Bashir's government with democratic system.",aljazeera.com,http://www.aljazeera.com/news/africa/2011/11/2011111313442277256.html
2011-11-13,21:16:56,maouo,24,"Libya: Fighters clash near Tripoli, several dead",jpost.com,http://www.jpost.com/MiddleEast/Article.aspx?id=245336
2011-11-14,05:29:47,mb22h,22,Another Iranian nuclear scientist murdered in Tehran,haaretz.com,http://www.haaretz.com/print-edition/news/another-iranian-nuclear-scientist-murdered-in-tehran-1.374898
2011-11-14,03:17:45,maxk6,25,"Iran says Duqu malware under 'control' - The virus takes advantage of a previously unknown vulnerability in a Windows font-parsing engine to plant malicious code.
Similarities between Duqu & Stuxnet have prompted speculation that the same culprits might be involved.",physorg.com,http://www.physorg.com/news/2011-11-iran-duqu-malware.html
2011-11-14,04:44:52,mb0ji,24,"How Greece Exposed Europe's Potemkin Democracy - 
It’s not surprising that  Greece’s proposed referendum elicited such outrage. Europe doesn’t work like that.",thenation.com,http://www.thenation.com/article/164498/how-greece-exposed-europes-potemkin-democracy
2011-11-13,10:12:16,mabxe,20,Demonstrators return to protest against financial markets: Demonstrators showed up in force in two of Germany's major cities to protest against the influence of the global financial markets over the political process. The protests came as the eurozone faces an uncertain future.,dw-world.de,"http://www.dw-world.de/dw/article/0,,15528914,00.html"
2011-11-13,08:27:33,ma8vv,21,"Legends of the Euro Fail -- Paul Krugman




",nytimes.com,http://www.nytimes.com/2011/11/11/opinion/legends-of-the-fail.html?src=me&ref=general
2011-11-13,21:16:53,maoum,20,India: The World's Secret Silicon Valley - a key cog in the global innovation machine is hiding in plain sight in the world's largest democracy,theatlantic.com,http://www.theatlantic.com/business/archive/2011/11/india-the-worlds-secret-silicon-valley/248341/
2011-11-13,14:54:23,maj9i,20,"Topless Ukrainian Activist Detained in Vatican After Protesting Under Pope's Balcony - 
Feminists take their fight for women's rights to the Holy See",alternet.org,http://www.alternet.org/reproductivejustice/153039/topless_ukrainian_activist_detained_in_vatican_after_protesting_under_pope%27s_balcony?page=entire
2011-11-14,05:25:57,mb1y8,16,Japan Funds 3 Projects to Clean Up Fukushima  so Evacuees Can Return to Home -  Details of the projects have been kept surprisingly quiet ,nature.com,http://www.nature.com/news/japan-funds-projects-to-clean-up-fukushima-1.9351
2011-11-14,02:46:04,mawi2,16,"Mubarak Should've Read His Photographer's Novel - 
If he had, the Egyptian dictator might have noticed the simmering rage that eventually drove him from power",theatlanticwire.com,http://www.theatlanticwire.com/global/2011/11/mubarak-should-have-read-his-photographers-novel/44924/
2011-11-13,21:28:06,map14,20,"Ayatollah For A Day --- 
What happens if Israel attacks Iran's nuclear facilities? ""Would the Iranian regime be strengthened or weakened internally? Would it respond with fury or restraint?"" Writer takes part in simulation exercise to find out",foreignpolicy.com,http://www.foreignpolicy.com/articles/2011/11/10/ayatollah_for_a_day?page=full
2011-11-13,13:15:32,magvb,17,Portugal's soldiers hold rare protest against cuts:  A protest against unprecedented cuts in the pay and benefits of members of the military has been staged in Portugal's capital Lisbon.,bbc.co.uk,http://www.bbc.co.uk/news/world-europe-15709836
2011-11-13,18:27:17,mamqa,16,Deadly clashes erupt in Libyan city,aljazeera.com,http://www.aljazeera.com/news/africa/2011/11/2011111341559598501.html
