2011-12-29,19:15:38,nutny,1848,PERU has banned GM crops production for 10 years,farmersguardian.com,http://www.farmersguardian.com/home/latest-news/gm-crops-banned-in-peru/43842.article
2011-12-29,09:06:26,nuaq5,1536,Protester 'banned' from flight home for Christmas after he was found carrying anarchist literature.,independent.co.uk,http://www.independent.co.uk/travel/news-and-advice/occupy-protester-banned-from-flight-home-for-christmas-6282555.html
2011-12-29,19:45:38,nuu6j,733,"Japan Way Ahead in Global Plastic Recycling Race - 

At 77%, country's plastic recycling rate is about twice that of the UK, & well above the 20% figure for the US",guardian.co.uk,http://www.guardian.co.uk/environment/2011/dec/29/japan-leads-field-plastic-recycling
2011-12-29,13:19:08,nukl6,692,Saudi women no longer need male OK to vote or seek office,content.usatoday.com,http://content.usatoday.com/communities/ondeadline/post/2011/12/saudi-women-no-longer-need-male-ok-to-vote-or-seek-office/1
2011-12-30,00:36:19,nv1fr,557,Nuclear submarine on fire in northern Russia.,reuters.com,http://www.reuters.com/article/2011/12/29/us-russia-submarine-fire-idUSTRE7BS0MJ20111229
2011-12-29,01:25:19,ntrez,471,"France approves soda tax:France's top constitutional body on Wednesday approved a new tax on sugary drinks that aims to fight obesity while giving a boost to state coffers.

",medicalxpress.com,http://medicalxpress.com/news/2011-12-france-soda-tax.html
2011-12-29,18:21:44,nusqy,187,Kim Jong Un declared N. Korea's 'supreme leader',msnbc.msn.com,http://www.msnbc.msn.com/id/45813667/ns/world_news-asia_pacific/
2011-12-29,20:23:06,nuutq,111,China Lays Out 5-Year Space Plans,google.com,http://www.google.com/hostednews/ap/article/ALeqM5jEkERY4W_Tcn1BiCen-KMjUbE5xA?docId=d993b24eace648378c9774ad7fd9ed11
2011-12-29,20:21:28,nuusf,104,There Will Be No Friday This Week In Samoa,npr.org,http://www.npr.org/blogs/thetwo-way/2011/12/28/144385201/there-will-be-no-friday-this-week-in-samoa?ft=1&f=1001
2011-12-29,14:56:31,nunwq,106,"Iran Plans to Test Advanced Missiles, Intelligent Torpedoes",tribune-news.com,http://tribune-news.com/2011/12/28/iran-plans-to-test-advanced-missiles-intelligent-torpedoes/
2011-12-30,00:39:36,nv1k8,98,Egypt police raid U.S.-based pro-democracy groups,reuters.com,http://www.reuters.com/article/2011/12/29/us-egypt-groups-idUSTRE7BS0PT20111229
2011-12-29,12:04:39,nuhtf,55,Israel denies immigrant status to Jews suffering from psychiatric problems ,haaretz.com,http://www.haaretz.com/print-edition/news/israel-denies-immigrant-status-to-jews-suffering-from-psychiatric-problems-1.404237?localLinksEnabled=false
2011-12-30,02:04:49,nv4w8,54,"Either Your Phone Plays Taliban Ringtones, or You Die -  Vendors in Kabul are doing a brisk trade in Taliban ringtones. Because Afghans report that the Taliban kill travelers at clandestine checkpoints if they don’t hear one of their messages on someone’s phone.",wired.com,http://www.wired.com/dangerroom/2011/12/taliban-ringtone/
2011-12-29,21:10:28,nuvox,53,"The Plane That Would Bomb Iran: ""Any adversary knows that the B-2 can enter relatively unseen with the power and accuracy to destroy. Merely by having the B-2, we can better influence the decision-making process in rogue nations..[it's] a diplomatic instrument as much as it is a military instrument""",theatlantic.com,http://www.theatlantic.com/magazine/archive/2007/09/the-plane-that-would-bomb-iran/6133/?single_page=true
2011-12-30,05:39:42,nvcyb,46,A judge in Chile has closed the case on the death of President Salvador Allende after an authoritative autopsy confirmed it was suicide,nytimes.com,http://www.nytimes.com/aponline/2011/12/29/world/americas/AP-LT-Chile-Allende.html
2011-12-29,20:39:25,nuv4c,45,All Eyes on German Renewable Energy Efforts - This tiny village of 37 gray homes & farm buildings clustered along the main road in a wind-swept corner of rural eastern Germany seems an unlikely place for a revolution,npr.org,http://www.npr.org/templates/story/story.php?storyId=144417399
2011-12-29,10:31:04,nue26,34,Appears Japanese Tsunami Debris Already Hitting B.C. Shores -  Beachcombers are noticing a significant uptick in debris of Japanese origin — a sign that items swept out to sea by the tsunami has found their way here earlier than expected,vancouversun.com,http://www.vancouversun.com/news/Japanese+tsunami+debris+hitting+shores+already/5920496/story.html
2011-12-29,22:10:16,nuwxb,26,McDonald’s Closes All Their Restaurants in Bolivia ,upsidedownworld.org,http://upsidedownworld.org/main/news-briefs-archives-68/3375-mcdonalds-closes-all-their-restaurants-in-bolivia
2011-12-29,11:44:00,nugzx,25,"Western companies provide spy software to authoritarian regimes, the software has been used to track political opponents.",dw-world.de,"http://www.dw-world.de/dw/article/0,,15631359,00.html?maca=en-rss-en-all-1573-rdf"
2011-12-29,23:25:37,nuyxz,27,Turkey confirms 35 people killed in airstrikes were mistaken for Kurdish rebels,globalpost.com,http://www.globalpost.com/dispatch/news/regions/europe/turkey/111229/turkey-accused-kill-kurdish-civilians-air-strike-iraq
2011-12-29,10:23:23,nudqk,29,"UK Doctors Sued for Creating 'Valium Addicts' - 
Patients take legal action after being damaged by over-prescription of drugs.  A report estimated in 2009 there were 1.5 million involuntary tranquilliser addicts in the UK.",independent.co.uk,http://www.independent.co.uk/life-style/health-and-families/health-news/doctors-sued-for-creating-valium-addicts-6282542.html
2011-12-30,00:43:22,nv1ow,18,Debris from the Japan tsunami arrives in Canada,bbc.co.uk,http://www.bbc.co.uk/news/world-us-canada-16345970
2011-12-29,10:36:29,nuean,20,"In Russia, a new badge of honor for Putin critics: a jail term -- The frequent arrests of one veteran anti-Kremlin activist, Sergei Udaltsov, have gained him a broader base of support among Russia's opposition than he could previously claim. ",csmonitor.com,http://www.csmonitor.com/World/Europe/2011/1228/In-Russia-a-new-badge-of-honor-for-Putin-critics-a-jail-term
2011-12-29,20:28:20,nuuwj,15,Syrian forces open fire on protestors in Damascus,telegraph.co.uk,http://www.telegraph.co.uk/news/worldnews/middleeast/syria/8982471/Syrian-forces-open-fire-on-protesters-in-Damascus.html
2011-12-30,01:49:48,nv4aq,15,Syrians Fire On Protesters Despite Presence Of Monitors,foxnews.com,http://www.foxnews.com/world/2011/12/29/syrians-fire-on-protesters-kill-at-least-4/
2011-12-29,21:08:57,nuvo4,13,Samoa leaping into future with dateline switch ,france24.com,http://www.france24.com/en/20111229-samoa-leaping-future-with-dateline-switch
2011-12-29,22:24:13,nux8l,10,Russian caviar found stashed in St Petersburg morgue,bbc.co.uk,http://www.bbc.co.uk/news/world-europe-16355007
2011-12-30,05:29:08,nvcem,10,"Behind the music: What mattered in the music industry in 2011 - ""Some UK label executives have told me their setting their hopes on the Stop Online Piracy Act,""",guardian.co.uk,http://www.guardian.co.uk/music/musicblog/2011/dec/29/music-industry-adele-emi-simon-cowell?newsfeed=true
2011-12-30,03:28:14,nv8mc,12,Iran tracks US aircraft carrier amid Strait of Hormuz tension,worldnews.msnbc.msn.com,http://worldnews.msnbc.msn.com/_news/2011/12/29/9803654-iran-tracks-us-aircraft-carrier-amid-strait-of-hormuz-tension
2011-12-29,23:00:47,nuy7f,8,Thousands to attend public meeting after Russian government bans protest in support of Sergei Udaltsov,guardian.co.uk,http://www.guardian.co.uk/world/2011/dec/29/russians-protest-support-jailed-leader?newsfeed=true
