2011-04-23,20:38:15,gvokl,1480,Germany expels openly homophobic imam - Authorities in Germany have ordered the expulsion of a visiting Islamic preacher who argues that homosexuals should be condemned to death. The move comes after Bilal Philips gave an open-air address in Frankfurt.,dw-world.de,"http://www.dw-world.de/dw/article/0,,6510494,00.html"
2011-04-23,03:07:12,gv73h,557,"Berlusconi tells joke on tape:

""Look I am getting old. This morning I was chasing my secretary to do her on the table and she said: 'Prime Minister we only did it two hours ago.' So you see my memory is going.""",dailymail.co.uk,http://www.dailymail.co.uk/news/article-1379661/Silvio-Berlusconi-filmed-telling-lewd-joke-doing-secretary-table.html#ixzz1KHCiXd6H
2011-04-24,03:02:14,gvu1j,213,NSFW: CNN's Amber Lyon reports on the slaughtering and violent crackdown on activists in Bahrain. ,thelibertyunderground.net,http://www.thelibertyunderground.net/2011/04/what-you-didnt-know-about-bahrain.html
2011-04-23,16:43:50,gvmdv,141,What happens when you try to leave the Church of Scientology?,guardian.co.uk,http://www.guardian.co.uk/world/2011/apr/23/try-to-leave-church-scientology-lawrence-wright?intcmp=122
2011-04-24,05:38:12,gvwru,131,Five women brutally murdered in Mexico beach resort,reuters.com,http://www.reuters.com/article/2011/04/23/us-mexico-crime-idUSTRE73M27S20110423
2011-04-24,01:09:47,gvs2a,95,Thousands march in Hong Kong to demand release of China's Ai,reuters.com,http://www.reuters.com/article/2011/04/23/us-china-dissident-hongkong-idUSTRE73M18L20110423
2011-04-24,07:39:00,gvyxi,93,Yemen's President Accepts Deal To Step Down,npr.org,http://www.npr.org/2011/04/23/135660023/yemeni-president-agrees-to-step-down&sc=fb&cc=fp
2011-04-23,08:19:36,gvcb9,82,"""Former chief U.N. nuclear inspector Mohamed ElBaradei suggests in a new memoir that Bush administration officials should face international criminal investigation for the 'shame of a needless war' in Iraq.""",seattlepi.com,http://www.seattlepi.com/news/article/ElBaradei-suggests-war-crimes-probe-of-Bush-team-1348666.php
2011-04-23,20:28:37,gvoi4,73,"Nearly 300 Roma women and children fled their homes in northeastern Hungary on Friday as members of a far-right paramilitary group arrived for what was being billed as a three-day ""training camp""",mg.co.za,http://mg.co.za/article/2011-04-22-roma-flee-hungarian-paramilitary-training-camp/
2011-04-23,13:12:19,gvj3y,51,Spanish court bans atheists protest on Holy Thursday because it might offend Spanish Catholics,scienceblogs.com,http://scienceblogs.com/dispatches/2011/04/spain_bans_atheist_protest.php
2011-04-24,01:27:54,gvsdz,50,Yemeni President Ali Abdullah Saleh Accepts Deal to Step Down,online.wsj.com,http://online.wsj.com/article/SB10001424052748703434004576281002312641410.html
2011-04-23,20:39:45,gvol2,46,"Turkish-German woman's Playboy cover stirs controversy - The first Turkish-German woman to appear on the cover of the German Playboy described the photos as an ""act of liberation"" from her strict upbringing. The story has reignited the debate on integration, Islam and gender.",dw-world.de,"http://www.dw-world.de/dw/article/0,,15021188,00.html"
2011-04-24,01:28:38,gvsed,45,"Libyan rebels claim to have taken back Misurata: ""Misurata is free, the rebels have won. Of Gaddafi's forces, some are killed and others are running away""",english.aljazeera.net,http://english.aljazeera.net/news/africa/2011/04/20114231251998645.html
2011-04-23,23:59:42,gvqxq,48,Austrian turning dirt in his back yard stumbled onto 650-yr-old buried treasure — hundreds of pieces of jewelry and other precious objects,news.yahoo.com,http://news.yahoo.com/s/ap/eu_austria_buried_treasure
2011-04-23,03:49:40,gv781,46,Pakistan: 25 killed in massive drone attack in North Waziristan,timesofindia.indiatimes.com,http://timesofindia.indiatimes.com/world/pakistan/25-killed-in-drone-attack-in-North-Waziristan/articleshow/8058022.cms
2011-04-23,08:19:24,gvcaz,40,Venezuela's Chavez Hikes Windfall Tax on Oil Firms,af.reuters.com,http://af.reuters.com/article/energyOilNews/idAFN2212275020110422
2011-04-24,02:29:49,gvth7,36,"Libyan children suffering rape, aid agency reports",guardian.co.uk,http://www.guardian.co.uk/world/2011/apr/23/libyan-children-suffering-rape
2011-04-24,07:36:02,gvyvb,34,"Foreign investors land-grabbing in Ethiopia - ""In Ethiopia, we have had hundreds of foreign investors grabbing fertile land at incredibly low cost. The scale of the spree is unprecedented. Investors are describing the deal as ‘green gold’.""",pambazuka.org,http://pambazuka.org/en/category/features/72721
2011-04-23,08:11:36,gvc1y,35,Third day of Shanghai strike threatens China exports,reuters.com,http://www.reuters.com/article/2011/04/22/uk-china-strike-idUSLNE73K05M20110422
2011-04-24,01:17:09,gvs7b,30,"Sony's Ohga, credited with developing CD, dies",msnbc.msn.com,http://www.msnbc.msn.com/id/42730332/ns/world_news-asiapacific/
2011-04-23,16:11:13,gvlyz,26,British Girls Leading The Way In Britishness,guardian.co.uk,http://www.guardian.co.uk/society/2011/apr/22/british-girls-biggest-binge-drinkers
2011-04-24,04:06:19,gvv8x,28,Syria uprising: 'We will continue until the fall of the regime',telegraph.co.uk,http://www.telegraph.co.uk/news/worldnews/middleeast/syria/8469937/Syria-uprising-We-will-continue-until-the-fall-of-the-regime.html
2011-04-24,07:17:32,gvyhs,30,Deadly drone raid sparks Pakistan protest - Central & South Asia - Al Jazeera English,english.aljazeera.net,http://english.aljazeera.net/news/asia/2011/04/201142311178240290.html
2011-04-24,04:30:57,gvvp2,25,Holy shit! 85.32 percent turnout for state elections in India. I did not know that was possible.,timesofindia.indiatimes.com,http://timesofindia.indiatimes.com/assembly-elections-2011/west-bengal/8532-turnout-in-2nd-phase-of-West-Bengal-assembly-polls/articleshow/8066386.cms
2011-04-23,15:17:27,gvl9e,24,British National Party faces meltdown at polls ,guardian.co.uk,http://www.guardian.co.uk/politics/2011/apr/22/bnp-faces-local-election-meltdown
2011-04-23,09:01:41,gvdje,24,Human Rights Journal says Chinese artist Ai Weiwei confessed to tax evasion charges after being tortured.,theepochtimes.com,http://www.theepochtimes.com/n2/china/ai-weiwei-confessed-under-torture-article-says-55167.html
2011-04-23,23:36:15,gvqm9,24,Syria protests: Security forces open fire on crowds gathered at funerals for killed anti-government protesters,latimes.com,"http://www.latimes.com/news/nationworld/world/la-fgw-syria-crackdown-20110424,0,5846655.story"
2011-04-23,08:05:29,gvbuy,24,"Syrian forces kill 72 at 'Good Friday' protests
",news.yahoo.com,http://news.yahoo.com/s/afp/20110422/wl_afp/syriapoliticsunrest_20110422201414;_ylt=Al.29J5yQu7arcbbbZeGXduFOrgF;_ylu=X3oDMTJxMGpuNzFtBGFzc2V0A2FmcC8yMDExMDQyMi9zeXJpYXBvbGl0aWNzdW5yZXN0BHBvcwMxBHNlYwN5bl9wYWdpbmF0ZV9zdW1tYXJ5X2xpc3QEc2xrA3N5cmlhbmZvcmNlcw--
2011-04-23,09:49:49,gveq7,21,Dozens killed as Syrian forces fire on protesters - The Washington Post,washingtonpost.com,http://www.washingtonpost.com/world/syrian-security-forces-open-fire-on-demonstrators/2011/04/22/AFNhCmOE_story.html?hpid=z1
2011-04-23,08:54:05,gvdba,18,After 25 years there is no clear consensus about how many have and will die because of the Chernobyl debacle.,newscientist.com,http://www.newscientist.com/article/dn20403-25-years-after-chernobyl-we-dont-know-how-many-died.html
