2011-09-27,00:36:21,krwei,1510,"Egypt's revolution has become a military coup: Egypt's army, which continues to cement — and flaunt — its grip on power, appears to have hijacked the revolution",globalpost.com,http://www.globalpost.com/dispatch/news/regions/middle-east/egypt/110926/was-egypts-revolution-just-military-coup
2011-09-27,21:03:37,ksuxr,1447,"Turkey's PM asks: Why are UN sanctions promoted as a means of dealing with Iran and Sudan, but taboo with regards to Israel?",haaretz.com,http://www.haaretz.com/news/diplomacy-defense/erdogan-un-sanctions-on-israel-could-aid-mideast-peace-process-1.387007
2011-09-27,01:27:48,kry2t,1333,"BBC Speechless As Trader Tells Truth: ""The Collapse Is Coming...And Goldman Rules The World""",zerohedge.com,http://www.zerohedge.com/news/bbc-speechless-trader-tells-truth-collapse-comingand-goldman-rules-world
2011-09-27,20:20:11,ksu6d,411,Iraq to buy US warplanes worth $3 billion,msnbc.msn.com,http://www.msnbc.msn.com/id/44681548/ns/world_news-mideast_n_africa/#.ToGxWd2Sd20
2011-09-27,11:05:24,ksh56,240,Blast destroys Egyptian gas pipeline supplying Israel and Jordan,channelnewsasia.com,http://www.channelnewsasia.com/stories/afp_world/view/1155743/1/.html
2011-09-27,22:51:06,ksxgt,222,Saudi woman to be lashed for defying driving ban.,bbc.co.uk,http://www.bbc.co.uk/news/world-middle-east-15079620
2011-09-28,04:42:50,kt9s6,226,"Share Traders More Reckless Than Psychopaths, Study Shows",spiegel.de,"http://www.spiegel.de/international/zeitgeist/0,1518,788462,00.html"
2011-09-28,01:40:39,kt32y,201,"Ireland tortured its children, says Amnesty - The abuse of thousands of innocent children in state- and church-run institutions in Ireland amounted to torture, a scathing report from Amnesty has found.",thescotsman.scotsman.com,http://thescotsman.scotsman.com/world/Ireland-tortured-its-children-says.6843188.jp
2011-09-27,22:51:32,ksxh4,137,"The Watchtower, the magazine for Jehovah's Witnesses, is under investigation by British police, after complaints that it is in breach of religious hatred laws
",globalpost.com,http://www.globalpost.com/dispatches/globalpost-blogs/weird-wide-web/jehovahs-witnesses-investigated-illegal
2011-09-27,06:54:09,ks8z6,133,"Mikhail Gorbachev, the man who presided over the break-up of the Soviet Union, has warned Russia risks ""six lost years"" if Vladimir Putin returns to the presidency.",abc.net.au,http://www.abc.net.au/news/2011-09-27/gorbachov-slams-putin-return-to-power/2945480?section=world
2011-09-27,05:07:34,ks540,112,"""Two thousand years after they were written and decades after they were found in desert caves, some of the world-famous Dead Sea Scrolls went online for the first time on Monday [26 September 2011] in a project launched by Israel's national museum and the web giant Google.""",seattlepi.com,http://www.seattlepi.com/news/article/2-000-year-old-Dead-Sea-Scrolls-go-online-2188961.php
2011-09-28,02:24:45,kt4rc,82,The 'Worm' That Could Bring Down The Internet : NPR,npr.org,http://www.npr.org/2011/09/27/140704494/the-worm-that-could-bring-down-the-internet?sc=fb&cc=fp
2011-09-28,01:02:55,kt1rq,65,BBC denies market trader who earlier claimed he 'dreamed of another recession' was a member of the 'yes men' hoax group,guardian.co.uk,http://www.guardian.co.uk/media/2011/sep/27/trader-goldman-sachs-bbc-hoax
2011-09-27,11:53:11,ksis5,66,An explosion destroyed an Egyptian pipeline in Sinai that supplies Israel and Jordan with gas.,in.reuters.com,http://in.reuters.com/article/2011/09/27/egypt-pipeline-idINL5E7KR00B20110927
2011-09-27,12:50:24,kskol,51,"Mutilated woman, slain brother become symbols of Syria's pain - CNN.com",edition.cnn.com,http://edition.cnn.com/2011/09/26/world/meast/syria-mutilated-body/
2011-09-28,00:04:15,kszri,49,"French police round up Roma people in 
Marseille",news.asiaone.com,http://news.asiaone.com/News/AsiaOne%2BNews/World/Story/A1Story20110927-301831.html
2011-09-27,15:36:00,ksp8w,49,Powerful Typhoon Nesat hits Philippines,bbc.co.uk,http://www.bbc.co.uk/news/world-asia-pacific-15070550
2011-09-28,03:57:46,kt86k,42,World's Engineers Say They've Solved Carbon Crisis,cbc.ca,http://www.cbc.ca/strombo/world/worlds-engineers-say-theyve-solved-carbon-crisis.html
2011-09-28,00:02:52,kszq9,38,Brazilian cops arrested in judge assassination probe,cnn.com,http://www.cnn.com/2011/09/27/world/americas/brazil-arrests/index.html
2011-09-27,15:25:29,ksozi,36,UK Liberal Democrats Overwhelmingly Back Overhaul of Drug Laws,420deku.blogspot.com,http://420deku.blogspot.com/2011/09/uk-liberal-democrats-overwhelmingly.html
2011-09-28,05:40:55,ktbvq,36,SAUDI ARABIA: Woman sentenced to flogging for driving,latimesblogs.latimes.com,http://latimesblogs.latimes.com/world_now/2011/09/saudi-women-driving-sentence.html
2011-09-28,01:48:31,kt3dn,24,Young Iranians risk police raids to party together,bbc.co.uk,http://www.bbc.co.uk/news/world-middle-east-15080402
2011-09-27,21:01:18,ksuw0,27,"Strauss-Kahn seeks dismissal of assault case, claiming diplomatic immunity - Former IMF chief Dominique Strauss-Kahn has filed for a civil case against him to be dropped on the grounds of diplomatic immunity. He said the ""false"" sexual assault claims had hampered efforts to right the economy.",dw-world.de,"http://www.dw-world.de/dw/article/0,,15418040,00.html"
2011-09-28,07:54:47,ktgfb,25,Dalai Lama made to wait for South African visa - Delay in granting visit visa to Tibetan spiritual leader triggers speculation that Beijing is pressuring Pretoria.,english.aljazeera.net,http://english.aljazeera.net/news/africa/2011/09/20119279547125715.html
2011-09-28,02:49:29,kt5or,24,"Ireland Printing Its Old Currency, Just in Case - Ireland's central bank reportedly is printing Ireland's old currency in case the country leaves the eurozone.",moneynews.com,http://www.moneynews.com/StreetTalk/Ireland-Print-Currency-euro/2011/09/27/id/412431
2011-09-27,20:33:52,ksufc,23,Chinese government foot the £3m bill for the marriage of the country's most famous television presenter,independent.co.uk,http://www.independent.co.uk/news/world/asia/chinese-authorities-foot-the-1633m-bill-for-stars-wedding-day-2361473.html
2011-09-27,20:08:41,kstzp,22, Greece prime minister makes plea for German support,bbc.co.uk,http://www.bbc.co.uk/news/business-15072025
2011-09-27,23:13:53,ksy3k,19,"Tibetans face up to China's economic juggernaut: In the wild and isolated Diqing region of China's Yunnan province, the lives of ethnic Tibetan mountain farmers are pretty much the same as they have been for centuries.",abc.net.au,http://www.abc.net.au/news/2011-09-27/mcdonell-tibet/2956270?section=world
2011-09-27,13:12:39,kslcx,16,"China, Russia pledge to further military cooperation",news.xinhuanet.com,http://news.xinhuanet.com/english2010/china/2011-09/24/c_131156687.htm
2011-09-27,10:31:02,ksfy0,17,"In a North Korean port city, foreign investment starts to flow",washingtonpost.com,http://www.washingtonpost.com/world/asia-pacific/in-a-north-korean-port-city-foreign-investment-starts-to-flow/2011/09/24/gIQAM4R8yK_story.html
