2011-02-27,23:15:32,ftpon,1386,Tunisia's Prime Minister Resigns!,seattlepi.com,http://www.seattlepi.com/national/1105ap_af_tunisia_prime_minister_resigns.html
2011-02-27,02:47:01,fta59,1244,"Shit hits the fan in Croatia - riots spread to the popular Europe's resort country, demanding the resignation of corrupt prime minister Kosor's government",youtube.com,http://www.youtube.com/watch?v=0U9GrOw3lsg&feature=player_detailpage
2011-02-27,06:24:02,ftdqf,500,Small Girl Shot In Head with 14.5mm Bullet in Libya [NSFW],youtube.com,http://www.youtube.com/watch?v=GrvFYvtXsY0
2011-02-28,00:55:41,ftr2r,437,"Egyptian prison guards are gunning down inmates
-- at least 200 prisoners have been killed",latimes.com,"http://www.latimes.com/news/nationworld/world/la-fg-egypt-prisons-20110227,0,5740880.story?track=rss&utm_source=feedburner&utm_medium=feed&utm_campaign=Feed%3A+latimes%2Feurope+%28L.A.+Times+-+Europe%29"
2011-02-27,09:31:01,ftgjw,376,"UN Security Council unanimously orders sanctions against Libya, and refers Muammar Gaddafi to the International Criminal Court for crimes against humanity.",bbc.co.uk,http://www.bbc.co.uk/news/world-africa-12589434
2011-02-27,03:37:16,ftaz9,289,Libyan army taking people to alleys and executing them.,aljazeera.net,http://aljazeera.net/NR/exeres/E3CF8121-6F2E-427E-B71D-D9A5B2C3F0BF.htm?GoogleStatID=9
2011-02-27,00:06:24,ft7ox,257,"Hugo Chavez interviewed by the BBC. ""democracy is impossible in a capitalist system. Capitalism is the realm of injustice and a tyranny of the richest against the poorest.  Only the rule of law sets you free. The only way to save the world is through democratic socialism.""",youtube.com,http://www.youtube.com/watch?v=c8JDnEH4AuA&feature=related
2011-02-27,10:20:57,fthak,227,"Over 600 Videos and COUNTING of the Protests in Libya. We need people to see this. [WARNING: MANY VIDEOS ARE HIGHLY GRAPHIC.]
",piratenpad.de,http://piratenpad.de/uXB3mitz0c
2011-02-27,17:02:48,ftmep,217,"""Crowded into an empty classroom which was stinking of unwashed bodies and reeking of fear, Colonel Muammar Gaddafi's defeated mercenary killers awaited their fate.""",telegraph.co.uk,http://www.telegraph.co.uk/news/worldnews/africaandindianocean/libya/8349414/African-mercenaries-in-Libya-nervously-await-their-fate.html
2011-02-28,00:02:13,ftq8n,158,Study: 60% of Saudi men financially exploit their wives - Some Saudi men use wives’ salaries to marry again,alarabiya.net,http://www.alarabiya.net/articles/2011/02/25/139213.html
2011-02-28,05:10:13,ftvjz,151,"William Hague, United Kingdom Foreign Secretary: ""...I signed a directive revoking his [Muammar Gaddafi] diplomatic immunity in the United Kingdom but also the diplomatic immunity of his sons, his family, his household. So it is very clear where we stand on his status as the head of state.""",guardian.co.uk,http://www.guardian.co.uk/world/2011/feb/27/gaddafi-diplomatic-immunity-revoked-uk
2011-02-27,13:12:12,ftjpm,133,Egypt Revolution not over: Cairo's Tahrir Square was again the scene for bloody violence as the Egyptian army moved to quash continued protests for civilian rule.,globalvoicesonline.org,http://globalvoicesonline.org/2011/02/26/egypt-revolutions-not-over-army-attacks-protestors/
2011-02-28,00:12:42,ftqef,131,"""Government scientists have released research that millions of acres of Chinese agricultural land and over 12 million tons of Chinese grain are contaminated by toxic metal pollution, according to...the China Economic Weekly, a state-run magazine.""",ecocentric.blogs.time.com,http://ecocentric.blogs.time.com/2011/02/23/heavy-metal-millions-of-tons-of-chinese-rice-contaminated/
2011-02-27,22:45:43,ftpbj,81,"China locks down over ""Jasmine"" protests. Bloomberg reporter ""beaten up badly by thugs"" thought to be plainclothes Chinese police.",21cb.net,http://www.21cb.net/wangfujing-jasmine/
2011-02-27,23:37:45,ftpy1,86,Tunisian Prime Minister Resigns,english.aljazeera.net,http://english.aljazeera.net/news/africa/2011/02/201122715234442377.html
2011-02-27,13:20:20,ftjtd,71,"As so many people are struggling for freedom around the world, we should be mindful of what Eisenhower said fifty years ago.",vimeo.com,http://vimeo.com/15849753
2011-02-28,05:11:54,ftvld,52,Saudi intellectuals call for sweeping reforms,news.yahoo.com,http://news.yahoo.com/s/ap/20110227/ap_on_bi_ge/ml_saudi_reforms
2011-02-27,11:56:12,ftioy,49,"North Korea threatens to attack South over military 
drills, propoganda balloons",washingtonpost.com,http://www.washingtonpost.com/wp-dyn/content/article/2011/02/26/AR2011022604127.html
2011-02-28,04:51:10,ftv6x,48,Libyan militias prepare to join forces before assault on Tripoli,guardian.co.uk,http://www.guardian.co.uk/world/2011/feb/27/libyan-militias-prepare-assault-tripoli
2011-02-28,00:05:58,ftqb0,48,"ZAWIYA, Libya (AP) - Hundreds of armed anti-government forces backed by rebel troops who control the city closest to the capital Tripoli prepared Sunday to repel an expected offensive by forces loyal to Moammar Gadhafi surrounding Zawiya.",m.apnews.com,http://m.apnews.com/ap/db_260818/contentdetail.htm?contentguid=2YBgutDx
2011-02-28,04:12:21,ftufg,43,"The price of food is at the heart of this wave of 
revolutions",independent.co.uk,http://www.independent.co.uk/news/world/africa/the-price-of-food-is-at-the-heart-of-this-wave-of-revolutions-2226896.html
2011-02-28,02:03:30,fts6v,38,Map of current status of cities in Libya,guardian.co.uk,http://www.guardian.co.uk/world/interactive/2011/feb/27/libya-tripoli-unrest-gaddafi-map
2011-02-27,08:29:57,ftfm6,37,"Gadhafi faces another damaging desertion. His ""voluptuous'"" blond Ukrainian nurse Galyna Kolotnytska is going home.",online.wsj.com,http://online.wsj.com/article/SB10001424052748703796504576168200000273160.html?mod=wsj_share_twitter
2011-02-28,06:22:04,ftwsa,34,RAF C130 shot at taking off in Libya,bbc.co.uk,http://www.bbc.co.uk/news/uk-12592919
2011-02-27,10:59:52,fthvi,35,North Korea Warns of Military Response Against South Over Leaflet Drops - Bloomberg,bloomberg.com,http://www.bloomberg.com/news/2011-02-27/north-korea-warns-of-military-response-against-south-over-leaflet-drops.html
2011-02-27,21:36:26,ftomg,34,"Banking Mega-greed: The Irish people have suffered enough. ""The Irish have delivered a savage verdict on those who turned their country from the envy of the world into an object of pity."" ",guardian.co.uk,http://www.guardian.co.uk/commentisfree/2011/feb/27/editrial-ireland-eu-election-debt
2011-02-28,05:57:22,ftwco,35,Libya: Barack Obama calls on Col Gaddafi to step down,telegraph.co.uk,http://www.telegraph.co.uk/news/worldnews/africaandindianocean/libya/8350246/Libya-Barack-Obama-calls-on-Col-Gaddafi-to-step-down.html
2011-02-27,20:03:12,ftnue,30,Charlie Brooker on Gadaffi,youtube.com,http://www.youtube.com/watch?v=ySvcdXZH6KQ
2011-02-27,22:27:14,ftp3q,28,Oman police clash with stone-throwing protesters,montrealgazette.com,http://www.montrealgazette.com/news/Oman+police+clash+with+stone+throwing+protesters/4355188/story.html
2011-02-27,09:30:06,ftgjk,24,One needs only to contrast the treatment meted out to Assange to that afforded to Chilean dictator Augusto Pinochet to understand how politically motivated Britain’s actions have been.,wsws.org,http://www.wsws.org/articles/2011/feb2011/pers-f26.shtml#
