2011-03-18,20:41:58,g6ecj,1254,Libya Calls Immediate Ceasefire,guardian.co.uk,http://www.guardian.co.uk/world/blog/2011/mar/18/libya-military-action-live-updates#block-8
2011-03-18,04:36:20,g5xnh,717,Power cable reaches Japan nuclear plant,bbc.co.uk,http://www.bbc.co.uk/news/world-asia-pacific-12779512
2011-03-18,22:54:22,g6gt4,491,"""Gaddafi is a liar"" and ceasefire a sham as Misurata attacked",allvoices.com,http://www.allvoices.com/contributed-news/8514493-gadaffi-is-a-liar-ceasefire-a-sham
2011-03-19,03:04:07,g6mfq,413,GOOD NEWS FROM JAPAN: Tokyo Electric Power Co has connected the external transmission line with the stricken Daiichi nuclear power plant and confirmed that electricity can be supplied,reuters.com,http://www.reuters.com/article/2011/03/18/us-japan-quake-nuclear-idUSTRE72H6Y420110318?WT.tsrc=Social+Media&WT.z_smid=twtr-reuters_+com&WT.z_smid_dest=Twitter
2011-03-19,04:14:40,g6nz5,348,"At least 5 of the 50 'heroes' working at the japanese reactors are already dead, with half the others seriously injured...",newsonjapan.com,http://newsonjapan.com/html/newsdesk/article/88094.php
2011-03-19,04:18:06,g6o23,255,"Saudi Arabia's King Abdullah attempts to prevent protests, gives $66.7 billion to build 500,000 housing units and $4.3 billion for more hospitals; also gives another two months' wages for all govt workers and two extra payments for university students, raises minimum wage, gives more to unemployed",english.aljazeera.net,http://english.aljazeera.net//news/middleeast/2011/03/2011318174117916648.html
2011-03-18,06:41:21,g612v,211,Sandra Bullock donates $1 million for Japan relief,scoop.today.com,http://scoop.today.com/_news/2011/03/17/6288676-sandra-bullock-donates-1-million-for-japan-relief
2011-03-18,06:36:46,g60za,163,"UN passes resolution for intervention in Libya. 10 in favor, none against, five abstain.",blogs.aljazeera.net,http://blogs.aljazeera.net/live/africa/libya-live-blog-march-17
2011-03-19,01:46:55,g6knk,158,Japan: One week later [pics],boston.com,http://www.boston.com/bigpicture/2011/03/japan_one_week_later.html
2011-03-18,12:07:38,g67l8,149,"Resilient Japan: An 8.9 earthquake, a 33-foot tsunami, crises at their battered nuclear plants - the people of Japan have withstood the last week with admirable tenacity",reason.com,http://reason.com/archives/2011/03/16/resilient-japan
2011-03-18,19:33:05,g6den,135,"
The Saudi King Just Unveiled A Big List Of Bribes So That His Citizens Don't Revolt",businessinsider.com,http://www.businessinsider.com/the-saudi-king-just-unveiled-a-big-list-of-bribes-so-that-his-citizens-dont-revolt-2011-3
2011-03-18,20:55:23,g6eji,97,Bahrain police shooting at independent cameraman filming,youtube.com,http://www.youtube.com/watch?v=1QjoEMKJCc8#t=01m38s
2011-03-18,04:38:34,g5xqr,85,Japanese workers successfully connect power cable to crippled reactor,hken.ibtimes.com,http://hken.ibtimes.com/articles/124064/20110317/japan.htm
2011-03-18,17:44:09,g6c58,79,Fukushima nuclear alert level raised to 5,bbc.co.uk,http://www.bbc.co.uk/news/world-12783832
2011-03-18,08:42:03,g63k4,75,"Wall Street Journal: ""Egypt is arming Libya rebels""",online.wsj.com,http://online.wsj.com/article/SB10001424052748704360404576206992835270906.html#articleTabs%3Darticle
2011-03-19,00:27:00,g6ivp,68,"China shutters 130,000 Internet cafes as part of its ongoing efforts to control how citizens access the Internet and what content will be available to them.",digitaltrends.com,http://www.digitaltrends.com/computing/china-shutters-130000-internet-cafes/
2011-03-18,19:40:09,g6dis,55,Prime Minister David Cameron has announced that British Tornado and Typhoon aircraft are being deployed immediately to enforce a United Nations no-fly zone in Libya.,news.sky.com,http://news.sky.com/skynews/Home/World-News/Gaddafi-Closes-Air-Space-Over-Libya-As-Britain-Send-Tornado-Aircraft-To-Enforce-No-Fly-Zone/Article/201103315954839?lpos=World_News_Carousel_Region_0&lid=ARTICLE_15954839_Gaddafi_Closes_Air_Space_Over_Libya_As_Britain_Send_Tornado_Aircraft_To_Enforce_No-Fly_Zone
2011-03-18,23:21:16,g6hdn,49,Gaddafi's forces still shelling cities. 'Ceasefire' seems to be only words..,edition.cnn.com,http://edition.cnn.com/2011/WORLD/africa/03/18/libya.civil.war/index.html?hpt=T1
2011-03-19,00:48:09,g6jd0,50,Japan crisis is much worse than Three Mile Island ,reuters.com,http://www.reuters.com/article/2011/03/18/us-japan-quake-threemileisland-idUSTRE72H57Y20110318
2011-03-18,20:02:54,g6dtc,45,U.S. Drone Attacks Resume in Pakistan After Acquittal of CIA Operative Raymond Davis for Double-Murder. This is like something out of really bad movie.,theatlanticwire.com,http://www.theatlanticwire.com/global/2011/03/us-drone-attacks-resume-after-release-cia-contractor/35908/
2011-03-18,15:51:26,g6axs,42,Military strikes on Libya within hours: France,abc.net.au,http://www.abc.net.au/news/stories/2011/03/18/3168059.htm?section=justin
2011-03-18,22:28:31,g6gaa,43,Syria is Officially in full Revolution mode - March 18 - The regime most capable of matching Gdog's brutality,youtube.com,http://www.youtube.com/watch?v=x3zskvlbMMw
2011-03-18,10:09:57,g65d3,34,Tokyo passengers set off radiation detectors at O’Hare,suntimes.com,http://www.suntimes.com/4368976-417/tokyo-passengers-set-off-radiation-detectors-at-ohare.html
2011-03-19,07:35:14,g6rpz,36,Driver videos the moment the Tsunami engulfed his car ,carnewsbreak.com,http://www.carnewsbreak.com/blog/1057043_in-car-ideo-car-swept-off-road-by-japans-tsunami
2011-03-18,21:25:01,g6f2r,35,Gaddafi says he will retaliate against foreign military intervention with attacks on passenger airplanes,globalpost.com,http://www.globalpost.com/dispatch/news/regions/africa/110318/libya-air-strikes-gaddafi-un
2011-03-18,16:43:36,g6bho,31,French judge files preliminary manslaughter charges Thursday against Airbus over the 2009 crash of an Air France jet from Brazil to France; opens rare criminal investigation against corporate powerhouse,forbes.com,http://www.forbes.com/feeds/ap/2011/03/17/general-industrials-eu-france-brazil-plane-crash_8361367.html
2011-03-18,20:34:30,g6e8x,29,Japanese authorities are considering literally encasing Fukushima in concrete if they can't appropriately deal with the nuclear reactors,theatlanticwire.com,http://www.theatlanticwire.com/global/2011/03/latest-fukushima-updates-authorities-weigh-burying-plant/35916/
2011-03-18,23:13:14,g6h7d,27,"CLINTON: Qaddafi could stay in power, we just want to stop the violence",businessinsider.com,http://www.businessinsider.com/hillary-clinton-friday-march-18-2011-3
2011-03-19,02:53:39,g6m6x,28,Reports: Protests Erupt Across Syria,npr.org,http://www.npr.org/2011/03/18/134659362/reports-protests-erupt-across-syria
2011-03-19,02:15:29,g6lal,22,At Least 40 Protesters Are Killed in Yemen,nytimes.com,http://www.nytimes.com/2011/03/19/world/middleeast/19yemen.html?src=mv
