2011-03-20,01:28:53,g74wu,1469,"Really sad news. Mohammed Nabbous (the guy in the video), founder of Libya AlHurra TV, who has been hosting a livestream from Benghazi has been shot dead. He leaves behind a young wife and unborn child.",livestream.com,http://www.livestream.com/libya17feb/video?clipId=pla_69f41fc7-0a8c-4d21-bcda-c628fa738785&utm_source=lslibrary&utm_medium=ui-thumb
2011-03-20,16:52:05,g7iax,784,Wyclef Jean shot in Haiti,english.aljazeera.net,http://english.aljazeera.net/news/americas/2011/03/201132053557241155.html
2011-03-20,11:18:18,g7ed5,533,"BBC - Why is US backing force in Libya but not Bahrain, Yemen?",bbc.co.uk,http://www.bbc.co.uk/news/world-us-canada-12792637
2011-03-20,22:14:45,g7ksm,445,"The Arab League on Sunday criticized Western military strikes on Libya, a week after urging the United Nations to slap a no-fly zone on the oil-rich North African state.",canada.com,http://www.canada.com/news/Arab+League+criticizes+Western+strikes+Libya/4473587/story.html
2011-03-20,21:18:16,g7k87,337,"Woman 80, grandson 16 found under rubble in Japan after 9 days.",msnbc.msn.com,http://www.msnbc.msn.com/id/42176977/ns/world_news-asiapacific/?gt1=43001
2011-03-20,07:24:48,g7avp,298,"""Working overnight into Sunday, engineers have successfully restored power to cooling pumps in two reactors at the disabled Fukushima Daiichi nuclear power plant""",latimes.com,"http://www.latimes.com/news/science/la-sci-japan-reactor-damage-20110319,0,6212176.story"
2011-03-20,03:56:36,g77em,172,US Fires Cruise Missiles at Libyan Air Defenses!,wireupdate.com,http://wireupdate.com/wires/15994/u-s-navy-fires-missiles-at-libyan-air-defenses-obama-to-speak-shortly/
2011-03-21,05:59:47,g7s9c,143,Google accuses China of interfering with Gmail email system,guardian.co.uk,http://www.guardian.co.uk/technology/2011/mar/20/google-gmail
2011-03-20,16:35:47,g7i6b,140,Gadafi supporter vow to be human shield for him...until phone start ringing telling them of UN missile attack really happened. After that they slowly run away...,latimes.com,"http://www.latimes.com/news/nationworld/world/la-fg-libya-kadafi-20110320,0,3713774.story"
2011-03-21,01:53:50,g7nyb,141,Gaddafi forces are in ruins after air strikes,reuters.com,http://www.reuters.com/news/video?videoId=197380494
2011-03-20,22:35:16,g7l0z,128,Protesters in libya drive through town with pile of dead mercenary's on the hood of their vehicle [NSFW] Gore,youtube.com,http://www.youtube.com/watch?v=utHdXuEmq_k
2011-03-20,11:05:18,g7e6u,78,"While the Libyan revolution holds on by a thread, with hopes bolstered by international intervention, the movements for democratic change in Bahrain and Yemen have already been brutally put down.",thinkprogress.org,http://thinkprogress.org/2011/03/19/no-coverage-yemen-bahrain/
2011-03-20,01:35:24,g750i,64,WAR: French plane opens fire in Libya,bbc.co.uk,http://www.bbc.co.uk/news/world-africa-12795971?repost
2011-03-20,23:45:36,g7m17,52,"Opsss.. Syria, the country that 'expert' says less likely to revolt is catching democracy Flu, Thousand of people now is rising up against goverment... ",bbc.co.uk,http://www.bbc.co.uk/news/world-middle-east-12794882
2011-03-21,04:19:34,g7qjv,48,Now Saudis take to the streets to demand the release of prisoners held without trial,dailymail.co.uk,http://www.dailymail.co.uk/news/article-1368078/Middle-East-protests-Now-Saudis-streets-demand-release-prisoners-held-trial.html
2011-03-21,00:56:07,g7n1s,52,"Bahrain and Yemen declare war on their protesters: With 42 killed in Sanaa, regimes show they will keep power at any cost",independent.co.uk,http://www.independent.co.uk/news/world/middle-east/bahrain-and-yemen-declare-war-on-their-protesters-2247066.html
2011-03-20,13:39:38,g7gch,50,Fallout from Wikileaks: Carlos Pascual resigns as U.S. ambassador to Mexico.,mexico.vg,http://www.mexico.vg/government/carlos-pascual-resigns-ambassador-to-mexico/3680
2011-03-21,00:41:55,g7mul,48,Bahraini medics recount hospital horror,youtube.com,http://www.youtube.com/watch?v=5pr6rbhv80c
2011-03-20,17:58:59,g7itb,46,Penalties for Forced Marriage: Berlin Passes New Integration Measures,spiegel.de,"http://www.spiegel.de/international/germany/0,1518,751740,00.html"
2011-03-20,21:46:54,g7khy,40,"In Bahrain, home of a US Naval fleet, hospitals are under siege as US-trained Saudi soldiers maintain Manama crackdown.",guardian.co.uk,http://www.guardian.co.uk/world/2011/mar/20/bahrain-hospitals-under-siege-manama
2011-03-20,10:55:40,g7e1o,38,"Global economic forecasting company IHS Global Insight reported this week that China has now become the world leader in manufacturing output, ending America’s 110-year-long run as the world’s biggest manufacturer, according to published reports. ",freep.com,http://www.freep.com/article/20110317/BLOG24/110316059/Mike-Thompson-China-is-now-the-world-s-biggest-manufacturer?odyssey=mod|newswell|img|FRONTPAGE|p
2011-03-21,01:37:53,g7npa,35,Fears of a 'counter-revolution' in Egypt. Activist says he is one of many beaten and tortured by police one month after Mubarak's ousting. ,english.aljazeera.net,http://english.aljazeera.net/indepth/opinion/2011/03/201132071452793639.html
2011-03-20,15:25:06,g7hk2,34,Venezuela's Chavez Denounces Military Action in Libya,af.reuters.com,http://af.reuters.com/article/commoditiesNews/idAFN1920808220110319
2011-03-20,16:17:22,g7i19,28,Libya: why Col Gaddafi will fight to the bitter end,telegraph.co.uk,http://www.telegraph.co.uk/news/worldnews/africaandindianocean/libya/8392957/Libya-why-Col-Gaddafi-will-fight-to-the-bitter-end.html
2011-03-20,09:09:54,g7cfv,23,'Fukushima Fifty' cut off from family (concern: more about information than radiation leaks) ,telegraph.co.uk,http://www.telegraph.co.uk/news/worldnews/asia/japan/8393018/Japan-nuclear-crisis-Fukushima-Fifty-cut-off-from-family.html
2011-03-20,22:40:58,g7l3g,21,"Arab unrest spreads to Syria, thousands march --- 
Protests enter third day; four killed this week; authorities to free children held over protest graffiti",emirates247.com,http://www.emirates247.com/news/world/arab-unrest-spreads-to-syria-thousands-march-2011-03-20-1.370629
2011-03-20,11:38:51,g7enj,20,Tepco Reactors May Have Turned Corner As Some Cooling Functions Apparently Restored,e.nikkei.com,http://e.nikkei.com/e/fr/tnks/Nni20110320D20JF479.htm
2011-03-20,23:27:30,g7lrf,20,"Describing fortifications that have been created to protect Gaddafi and his family: ""It's something straight out of a bad James Bond movie""
",time.com,"http://www.time.com/time/world/article/0,8599,2060437,00.html"
2011-03-20,23:41:45,g7lzb,19,"Russia “regrets” military action, calls for ceasefire in Libya",rt.com,http://rt.com/news/libya-intervention-russian-reaction/
2011-03-20,20:12:33,g7joj,19,"Wikileaks fallout: US ambassador to Mexico resigns; weeks ago, Mexican president Calderon said leaked cables, which criticized Mexico's effort to fight drug gangs, damaged bilateral ties",msnbc.msn.com,http://www.msnbc.msn.com/id/42173167/ns/world_news-americas/
