2011-01-19,20:04:31,f5259,1569,"Several thousand Israelis protested in Tel Aviv waving the Israeli flag and Palestinian ones: ""We came to protest against the government's policies and the lack of democracy in our country""",bbc.co.uk,http://www.bbc.co.uk/news/world-middle-east-12202203
2011-01-19,19:12:20,f51mh,1189,"The fact is that Amsterdam's heroin-addict population has been stable or falling for two decades. That's even though, since 2002, the Dutch authorities have been doing something even more radical than Portugal's for heroin users: they've been giving them free heroin.",economist.com,http://www.economist.com/blogs/democracyinamerica/2011/01/harm_reduction
2011-01-19,15:34:20,f4z91,970,Venezuela will connect Cuba to a high-speed fiber optic cable next month undermining US sanctions,ca.reuters.com,http://ca.reuters.com/article/technologyNews/idCATRE70H5ZZ20110118
2011-01-20,02:58:36,f59t1,477,Swiss banker who gave Wikileaks details of rich tax evaders has been found guilty of breaching Switzerland's strict bank secrecy laws.,bbc.co.uk,http://www.bbc.co.uk/news/business-12231036
2011-01-19,20:36:56,f52j3,445,Vatican letter told Ireland's Catholic bishops not to report child abuse,guardian.co.uk,http://www.guardian.co.uk/world/2011/jan/18/vatican-irish-bishops-child-abuse
2011-01-19,18:49:54,f51fk,335,Musicians killed after not playing encore. Mexico is really getting weird now.,newser.com,http://www.newser.com/story/110052/mexican-musicians-killed-after-encore-refused.html
2011-01-20,00:53:33,f570k,182,An uprising in Tunisia [pics],boston.com,http://www.boston.com/bigpicture/2011/01/an_uprising_in_tunisia.html
2011-01-20,04:15:10,f5bie,154,"Russian WikiLeaks under attack after photos allegedly reveal Putin's private, $1 billion 'palace'",rawstory.com,http://www.rawstory.com/rs/2011/01/russian-official-praised-assange-russia-blocks-wikileaks-photos-putins-mansion/
2011-01-19,18:12:33,f512o,153,"This guy was arrested for blogging in his country, and is now in charge of their internet.",guardian.co.uk,http://www.guardian.co.uk/world/2011/jan/18/tunisia-dissident-blogger-minister
2011-01-20,00:32:28,f56j6,144,"Goldman Sachs bankers to receive $15.3bn in pay 
and bonuses | Business | guardian.co.uk",guardian.co.uk,http://www.guardian.co.uk/business/2011/jan/19/goldman-sachs-bankers-pay-bonuses
2011-01-20,05:11:54,f5cqw,119,25 Tons of Bombs Wipes Afghan Town Off the Map: “It’s hard to understand how turning an entire village into dust fits into America’s counterinsurgency strategy”,wired.com,http://www.wired.com/dangerroom/2011/01/25-tons-of-bombs-wipes-afghan-town-off-the-map/
2011-01-19,10:26:37,f4tve,114,"WikiLeaks: US advised to sabotage Iran nuclear sites 
by German thinktank | World news | The Guardian",guardian.co.uk,http://www.guardian.co.uk/world/2011/jan/18/wikileaks-us-embassy-cable-iran-nuclear
2011-01-20,03:28:31,f5afu,80,"Bolivia is on a mission to legalize the chewing of coca leaves. The United States, one of the world's biggest cocaine consumer, is not convinced.",globalpost.com,http://www.globalpost.com/dispatch/bolivia/110118/bolivia-coca-ban
2011-01-19,19:25:27,f51qt,42,In Dutch News: mentally disabled 18 year old spend his life mostly chained to a wall and hasn't been outside since 2007; case will be discussed in parliament today,dutchnews.nl,http://www.dutchnews.nl/news/archives/2011/01/mps_shocked_by_youth_tied_to_w.php
2011-01-20,03:30:55,f5ahr,35,"Noam Chomsky asks Iran to release detained Americans: “I hope that they’ll be released without a trial. If there is one, I’d be happy to testify on their good record and their dedication to worthy and important causes.”",thelede.blogs.nytimes.com,http://thelede.blogs.nytimes.com/2011/01/19/noam-chomskys-video-plea-to-iran-on-behalf-of-detained-americans/
2011-01-20,06:17:57,f5e77,35,Bolivia energises campaign to legalise coca leaf,guardian.co.uk,http://www.guardian.co.uk/world/2011/jan/19/bolivia-coca-leaf-evo-morales-legalise
2011-01-19,19:04:08,f51jw,35,"Pirates hijacked record number of ships in 2010. Ransoms paid to Somali pirates averaged $5.4 million last year, compared with $150,000 in 2005. A total of $238 million was paid out.",noir.bloomberg.com,http://noir.bloomberg.com/apps/news?pid=20601087&sid=acX7_weAjZCI&pos=9
2011-01-19,22:08:11,f53ss,31,"Two more people in Algeria set themselves on fire, bringing the total number of attempted public suicides to seven",rawstory.com,http://www.rawstory.com/rs/2011/01/seventh-algerian-sets-fire/
2011-01-20,04:17:34,f5bko,29,Video: Man Steals Tunisian President's Ferrari Using a Forklift ,motorauthority.com,http://www.motorauthority.com/blog/1053905_video-man-steals-ousted-tunisian-presidentserrari-599-using-forklift
2011-01-19,04:58:43,f4nra,23,"A 7.4 magnitude earthquake hits South West Pakistan. In 2005, a 7.6 magnitude earthquake took 70,000 lives...",bbc.co.uk,http://www.bbc.co.uk/news/world-south-asia-12222081
2011-01-20,04:40:57,f5c1s,22,Swiss bank whistleblower just got arrested for handing documents to Wikileaks,businessinsider.com,http://www.businessinsider.com/the-swiss-bank-whistleblower-just-got-arrested-for-handing-documents-to-wikileaks-2011-1
2011-01-19,12:14:42,f4vwv,18,'Baby Doc' Duvalier charged with corruption in Haiti ,guardian.co.uk,http://www.guardian.co.uk/world/2011/jan/18/haiti-baby-doc-duvalier-court
2011-01-19,09:53:28,f4t9p,16,"Canadian tourist accuses Mexican police of raping her

",cbc.ca,http://www.cbc.ca/world/story/2011/01/17/mexico-alleged-rape-assault.html
2011-01-19,21:58:52,f53mu,18,"As a symbolic gesture, Palestinians on Tuesday raised their flag for the first time over the PLO diplomatic mission in Washington.",arabnews.com,http://arabnews.com/middleeast/article237653.ece
2011-01-20,04:09:51,f5be3,15,"Spying on protest groups has gone badly wrong, police chiefs say",guardian.co.uk,http://www.guardian.co.uk/uk/2011/jan/19/protest-groups-undercover-mark-kennedy
2011-01-20,00:08:36,f560f,14,HAITI - Baby Doc's Warm Welcome Turns Frigid: Human rights groups urging Haitian authorities to seize former dictator Duvalier and prosecute him for the atrocities committed during his 15-year reign,ipsnews.net,http://ipsnews.net/news.asp?idnews=54167
2011-01-19,12:07:02,f4vro,13,"Many are optimistic that, after decades of living under an autocratic cleptocracy, the future is bright. But the new government in Tunis has gotten off to a rocky start.",spiegel.de,"http://www.spiegel.de/international/world/0,1518,740227,00.html"
2011-01-20,03:43:43,f5arx,13,China vows to improve human rights,bbc.co.uk,http://www.bbc.co.uk/news/world-us-canada-12230982
2011-01-20,00:26:10,f56e2,14,Swiss whistleblower found guilty of breaching bank secrecy. ,swedishwire.com,http://www.swedishwire.com/global-news/8149-whistleblower-guilty-of-breaching-bank-secrecy
2011-01-19,23:58:33,f55t3,13,"A Response from the Office of Israel's Prime Minister, Benjamin Netanyahu - TIME",time.com,"http://www.time.com/time/world/article/0,8599,2043016,00.html"
