2011-06-16,00:23:35,i0d0b,1380,Canada to legalize prostitution? Ontario court case could make prostitution and brothels legal. ,globalpost.com,http://www.globalpost.com/dispatch/news/regions/americas/canada/110615/canada-legalize-prostitution
2011-06-16,12:35:54,i0wwr,1183,Vancouver Canuck fans riot after Stanley Cup loss. (Live),abclocal.go.com,http://abclocal.go.com/kgo/livenow?id=8193381
2011-06-16,01:12:22,i0ecj,1119,Japan: three months after the quake,boston.com,http://www.boston.com/bigpicture/2011/06/japan_three_months_after_the_q.html
2011-06-16,22:50:19,i17mt,495,"Obituary: Mietek Pemper --- 

Polish Jew, born 1920. Friend of Oskar Schindler. Secretary to commandant of Plaszow labour camp, Amon Goeth. Persuaded Schindler to save Jews from Auschwitz by employing them to build arms for Nazis. Drew up ""Schindler's List""",telegraph.co.uk,http://www.telegraph.co.uk/news/obituaries/8578020/Mietek-Pemper.html
2011-06-16,00:20:46,i0cxi,214,Angry youths hurled petrol bombs at Greece's Finance Ministry and tens of thousands of protesters marched on parliament to oppose govt efforts to pass new austerity laws,reuters.com,http://www.reuters.com/article/2011/06/15/us-greece-idUSTRE75E0ZS20110615
2011-06-16,21:02:11,i15ka,154,Sri Lanka: Killing Fields video evidence 'builds case for war crimes' - Channel 4 News,channel4.com,http://www.channel4.com/news/killing-fields-video-evidence-builds-case-for-war-crimes
2011-06-17,03:38:03,i1fru,130,"For The First Time Ever A Woman Is Running For The President Of Egypt.   They call her ""the woman who is like a hundred men."" She calls herself ""a girl of the revolution.""",thegrindstone.com,http://thegrindstone.com/role-models/for-the-first-time-ever-a-woman-is-running-for-the-president-of-egypt/
2011-06-17,03:35:45,i1fp8,113,Thousands of Vancouverites volunteer to clean up the city after last nights riots.,thestar.com,http://www.thestar.com/sports/article/1009816--thousands-volunteer-online-to-clean-up-vancouver-s-riot-mess?bn=1
2011-06-17,03:47:46,i1g1z,73, Brazil says pro-marijuana rallies are legal  ,seattletimes.nwsource.com,http://seattletimes.nwsource.com/html/nationworld/2015337242_apltbrazilmarijuanarallies.html#.TfpPosynJR0;reddit
2011-06-16,15:33:53,i10z2,60,The magical realism of body counts ,aljazeera.com,http://www.aljazeera.com/indepth/opinion/2011/06/2011613931606455.html
2011-06-16,16:42:53,i128a,48,6.6 earthquake hits Papua new guinea,earthquake.usgs.gov,http://earthquake.usgs.gov/earthquakes/recenteqsww/Quakes/usc00048pr.php
2011-06-16,20:13:15,i14st,48,China and allies back Russia against U.S. missile shield,reuters.com,http://www.reuters.com/article/2011/06/15/us-security-usa-missiles-idUSTRE75E2JZ20110615?feedType=RSS&feedName=topNews
2011-06-16,22:07:28,i16q6,48,Egypt's al-Karama party wants to cancel peace treaty with Israel ,haaretz.com,http://www.haaretz.com/news/diplomacy-defense/report-egypt-s-al-karama-party-wants-to-cancel-peace-treaty-with-israel-1.368011
2011-06-16,06:01:56,i0my1,48,June 17 is “I will drive the car myself day” in Saudi Arabia. Correspondent Caryle Murphy finds out what's it like driving while female in Saudi Arabia.,globalpost.com,http://www.globalpost.com/dispatch/news/regions/middle-east/saudi-arabia/110615/saudi-womens-rights-driving-rights
2011-06-17,01:18:25,i1bmu,43,Police commander and his wife slain in Juárez,elpasotimes.com,http://www.elpasotimes.com/ci_18274437?source=most_viewed
2011-06-16,14:57:26,i105a,43,"In Greece, we see democracy in action.  Thousands of people come together daily in Syntagma to discuss the next steps. The parallels with the classical Athenian agora, which met a few hundred metres away, are striking.",guardian.co.uk,http://www.guardian.co.uk/commentisfree/2011/jun/15/greece-europe-outraged-protests
2011-06-16,21:55:59,i16hu,37,Video provides evidence that undercover police provoked the violence at Barcelona parliament demonstration.,youtube.com,http://www.youtube.com/watch?v=YcmvzRvsf8g&feature=player_embedded#at=26
2011-06-16,16:13:43,i11r4,35,Turkey says it will do everything can to help people fleeing Syria.,news.xinhuanet.com,http://news.xinhuanet.com/english2010/video/2011-06/16/c_13933535.htm
2011-06-16,23:37:16,i18tx,37,"A powerful explosion has hit the Nigerian police headquarters in the capital, Abuja, officials say.",bbc.co.uk,http://www.bbc.co.uk/news/world-africa-13793266
2011-06-16,12:12:34,i0w9n,31,"Syrians vow to overcome violent crackdown by Assad's troops, ""The violence is keeping many at home but it is not breaking the movement' – demonstrators refuse to bow to government pressure""",guardian.co.uk,http://www.guardian.co.uk/world/2011/jun/15/syrians-vow-to-overcome-assad-violence
2011-06-16,13:31:07,i0y82,32,"India: A famous yoga instructor, who has a TV show with 30 million viewers, began a hunger strike to oppose government corruption and was joined by tens of thousands.",radioaustralia.net.au,http://www.radioaustralia.net.au/connectasia/stories/201106/s3238845.htm
2011-06-16,21:49:23,i16dn,29,Europe Faces ‘Lehman Moment’ as Greece Unravels,bloomberg.com,http://www.bloomberg.com/news/2011-06-16/europe-s-lehman-moment-looms-as-greek-debt-unravels-markets-euro-credit.html
2011-06-16,17:36:03,i12y8,28,The world's most dangerous countries for women,reuters.com,http://www.reuters.com/article/2011/06/15/us-women-danger-factbox-idUSTRE75E32A20110615
2011-06-17,01:53:01,i1coi,25,"Photos: Riots, fire, destruction after Vancouver's loss",nationalpost.com,http://www.nationalpost.com/m/blog.html?b=news.nationalpost.com/2011/06/16/photos-riots-fire-destruction-after-vancouvers-loss&amp;s=Opinion
2011-06-16,11:42:08,i0vid,22,Wooly mammoth tusks among items seized by Russia customs,globalpost.com,http://www.globalpost.com/dispatch/news/regions/europe/russia/110615/wooly-mammoth-exotic-wildlife-siberia-russia-smuggling
2011-06-16,21:54:20,i16gn,25,EU and IMF agree Greek debt deal,ft.com,http://www.ft.com/cms/s/0/d2702e02-980d-11e0-85e9-00144feab49a.html
2011-06-17,00:35:16,i1adf,20,"New sources of oil and natural gas -- much of it from the Americas -- will expand supply over the next five years, but growth in demand -- particularly from China -- will outpace it",money.cnn.com,http://money.cnn.com/2011/06/16/news/international/iea_oil_gas/
2011-06-16,10:51:01,i0u8h,19,Ambulance call denied: woman 'was still talking' ,thelocal.se,http://www.thelocal.se/34338/20110614/
2011-06-16,08:20:55,i0qn6,18,"EU commissioners have a ""profound sense of foreboding"" about Greece and the future of the eurozone, a leaked account of a meeting has suggested.",bbc.co.uk,http://www.bbc.co.uk/news/business-13781390
2011-06-16,22:28:11,i175h,18,"Fukushima: It's much worse than you think
",english.aljazeera.net,http://english.aljazeera.net/indepth/features/2011/06/201161664828302638.html
