2011-10-27,01:36:52,lpuid,1927,Bangkok Underwater [Pics],theatlantic.com,http://www.theatlantic.com/infocus/2011/10/bangkok-underwater/100178/
2011-10-27,20:28:29,lquja,973,"Wife-sharing haunts Indian villages as girls decline

",uk.reuters.com,http://uk.reuters.com/article/2011/10/27/uk-india-women-exploitation-idUKTRE79Q1WJ20111027
2011-10-27,01:19:27,lptth,617,"Remember that high speed train accident in China in July? Within hours of the incident, local officials began burying the wreckage. Video showed bodies still inside the carriages as they were shoved by backhoes into newly dug slit trenches.",telegraph.co.uk,http://www.telegraph.co.uk/news/worldnews/asia/china/8658959/Anger-in-China-as-bodies-fall-from-carriages-during-train-crash-clean-up.html
2011-10-27,19:27:08,lqtjh,570,Israel rejects Palestinian lawsuit over IDF missile that struck family home,haaretz.com,http://www.haaretz.com/news/diplomacy-defense/israel-rejects-palestinian-lawsuit-over-idf-missile-that-struck-family-home-1.392286
2011-10-28,04:09:01,lr9zu,285,N. Korea nationals who witnessed Arab Spring forbidden to return home. ,lawyersgunsmoneyblog.com,http://www.lawyersgunsmoneyblog.com/2011/10/you-dont-know-how-lucky-you-are-boy-back-in-the-dprk
2011-10-27,19:43:02,lqtsn,274,South Sudan will change the language of schooling to English,capitalfm.co.ke,http://www.capitalfm.co.ke/news/2011/10/s-sudan-moves-to-end-arabic-schooling/
2011-10-27,11:29:42,lqho0,215,"The European Union has reached a ""three-pronged"" agreement it says is vital to resolving the Greek debt crisis.  As part of the deal, banks have agreed to take a 50% loss on Greek debt.",bbc.co.uk,http://www.bbc.co.uk/news/world-europe-15472547
2011-10-27,21:42:50,lqvzs,158,"Russia: Putin advances Eurasian Union - As the West stumbles, Putin aggressively forges ahead with a new “Soviet-style” union.",globalpost.com,http://www.globalpost.com/dispatch/news/regions/europe/russia/111026/russia-putin-advances-eurasian-union
2011-10-27,22:22:08,lqx0m,153,"Irish See Opportunity in Greece’s Debt Hole - “Why is it acceptable to write down Greek debt, when the Irish pay private bankers’ debts?” ",bloomberg.com,http://www.bloomberg.com/news/2011-10-26/irish-spy-reward-opportunity-in-greece-s-debt-hole-euro-credit.html
2011-10-27,00:41:35,lpsdb,148,Saif al-Islam is proposing voluntarily handing himself in to the International Criminal Court,globalpost.com,http://www.globalpost.com/dispatch/news/regions/africa/111026/gaddafis-son-hand-himself-icc-report
2011-10-27,05:07:02,lq32e,132,French government 'banning vegetarianism' in school canteens,guardian.co.uk,http://www.guardian.co.uk/lifeandstyle/wordofmouth/2011/oct/26/french-government-banning-vegetarianism-schools
2011-10-28,00:31:16,lr1e9,131,"Hugo Chávez announces 50% pay raise for the military - Chávez said that the salary increase for military officers would be ""retroactive to September."" ""They deserve it for the hard work done,"" in our country.",eluniversal.com,http://www.eluniversal.com/nacional-y-politica/111027/chavez-announces-50-pay-raise-for-the-military
2011-10-27,23:26:48,lqz2w,116,Sub-Saharan Africa is being sold misguided agricultural policies based on flawed Chinese farming tactics.,english.aljazeera.net,http://english.aljazeera.net/indepth/opinion/2011/10/201110241502249406.html
2011-10-28,03:31:44,lr8hw,88,Pope expresses 'great shame' for violence in God's name ,msnbc.msn.com,http://www.msnbc.msn.com/id/45063037/ns/world_news-europe/#.TqmjZrIg9yY
2011-10-27,08:32:49,lqb38,78,"UK to introduce ""two strikes and you're out"" mandatory life sentences for serious crimes",guardian.co.uk,http://www.guardian.co.uk/uk/2011/oct/26/kenneth-clarke-jail-sentences-knife-crime
2011-10-27,19:20:19,lqtg1,75,Eurozone crisis: banks agree 50% reduction on Greece's debt,guardian.co.uk,http://www.guardian.co.uk/world/2011/oct/27/eurozone-crisis-banks-50-greece
2011-10-27,20:18:21,lquct,73,Uncharted submarine wreck found off PNG,abc.net.au,http://www.abc.net.au/news/2011-10-27/uncharted-submarine-wreck-found-off-png/3604744
2011-10-28,02:03:05,lr501,62,Syrian army defectors are growing and becoming more organized,economist.com,http://www.economist.com/node/21534827
2011-10-27,23:27:49,lqz4d,60,St. Paul's Chancellor Quits Over Plans to Remove Protesters,dealbook.nytimes.com,http://dealbook.nytimes.com/2011/10/27/st-puals-chancellor-resigns-over-plans-to-remove-protesters/
2011-10-27,01:03:50,lpt6w,61,Brazil rejects Europe debt purchase plan,uk.reuters.com,http://uk.reuters.com/article/2011/10/26/uk-brazil-economy-mantega-idUKTRE79P03G20111026
2011-10-27,04:21:29,lq15g,48,"Hundreds of Yemeni women have set fire to a pile 
of female face and body veils on a main street in 
Sanaa to protest the government's brutal 
crackdown against the country's popular uprising.",news.yahoo.com,http://news.yahoo.com/yemen-women-burn-face-veils-protest-attacks-103638246.html
2011-10-27,10:01:19,lqec8,39,"If the Libyan war was about saving lives, it was a catastrophic failure",guardian.co.uk,http://www.guardian.co.uk/commentisfree/2011/oct/26/libya-war-saving-lives-catastrophic-failure#start-of-comments
2011-10-28,05:35:26,lrdid,41,"More than 2,000 people marched Thursday through Johannesburg to demand jobs and a greater share of South Africa's riches",news.yahoo.com,http://news.yahoo.com/south-africa-jobs-protest-draws-2-000-100038027.html;_ylt=Ap6yzFIxM6o5pzWR5_TYOdVvaA8F;_ylu=X3oDMTNlbXBrdXVuBG1pdAMEcGtnAzkwM2QxODAwLTYwYmYtM2MxMS1hNmFhLWIyYzgyMWYwNzU4OARwb3MDMgRzZWMDbG5fQWZyaWNhX2dhbAR2ZXIDYTgxYjhjNzAtMDBkNC0xMWUxLWFkZWQtMDk3ZTA0ZWFjMzkw;_ylv=3
2011-10-27,23:42:32,lqzlx,28,"Hundreds of migrants protest tax dispute in east China, blocking roads, torching vehicles",feeds.washingtonpost.com,http://feeds.washingtonpost.com/click.phdo?i=e8828386c34dc26d6e5cb02686531ec7
2011-10-27,14:39:51,lqo4h,19,The Breivik Interrogations: Norway Massacre Suspect Reveals All But Motive,spiegel.de,"http://www.spiegel.de/international/spiegel/0,1518,793923,00.html"
2011-10-27,11:29:52,lqho6,19,"Hamas boosting anti-aircraft arsenal with looted Libyan missiles
",haaretz.com,http://www.haaretz.com/print-edition/news/hamas-boosting-anti-aircraft-arsenal-with-looted-libyan-missiles-1.392186?localLinksEnabled=false&utm_source=feedburner&utm_medium=feed&utm_campaign=Feed%3A+haaretz%2FLBao+%28Haaretz.com+headlines+RSS%29
2011-10-28,01:25:12,lr3kv,15,North Korea bans citizens working in Libya from returning home,telegraph.co.uk,http://www.telegraph.co.uk/news/worldnews/asia/northkorea/8852120/North-Korea-bans-citizens-working-in-Libya-from-returning-home.html
2011-10-28,03:48:44,lr96e,14,U.N. ends mandate for NATO mission in Libya ,cnn.com,http://www.cnn.com/2011/10/27/world/africa/un-libya/index.html
2011-10-28,02:54:35,lr70b,12,"Once one of Syria’s closest allies, Turkey is hosting an armed opposition group waging an insurgency against the government of President Bashar al-Assad",nytimes.com,http://www.nytimes.com/2011/10/28/world/europe/turkey-is-sheltering-antigovernment-syrian-militia.html?_r=1&smid=tw-nytimes
2011-10-27,11:10:13,lqgyd,12,12 Agents Get Life For Argentina Dirty War Crimes : NPR,npr.org,http://www.npr.org/templates/story/story.php?storyId=141742890
