2011-08-29,09:17:46,jxfyq,1918,"Luxury, horror lurk in Gadhafi family compound",cnn.com,http://www.cnn.com/2011/WORLD/africa/08/28/libya.gadhafi.nanny/index.html?iref=NS1
2011-08-29,15:42:11,jxqwj,1531,Disney's best-selling Cars toys are being made in a factory in China that uses child labour and forces staff to do three times the amount of overtime allowed by law,guardian.co.uk,http://www.guardian.co.uk/law/2011/aug/27/disney-factory-sweatshop-suicide-claims
2011-08-29,23:33:16,jxzi1,542,"Chinese artist Ai Weiwei remained largely silent after 81 days of imprisonment and a government order to not speak out after his release. He has just written a scathing critique calling Beijing ""a constant nightmare""",thedailybeast.com,http://www.thedailybeast.com/newsweek/2011/08/28/ai-weiwei-on-beijing-s-nightmare-city.html
2011-08-29,08:31:17,jxen4,319,A story missing from our media: Iceland's on-going revolution,newsnetscotland.com,http://www.newsnetscotland.com/index.php/scottish-news/3057-a-story-missing-from-our-media-icelands-on-going-revolution.html
2011-08-30,02:50:02,jy5ri,267,African Union says Libyan rebels may be indiscriminately killing black people,cbsnews.com,http://www.cbsnews.com/stories/2011/08/29/501364/main20098777.shtml
2011-08-30,00:52:35,jy1wh,206,"Germany and Greece plan biggest solar panel array 
ever: 10GW of generating capacity",renewableenergyworld.com,http://www.renewableenergyworld.com/rea/news/article/2011/08/germany-greece-in-talks-over-massive-solar-project
2011-08-29,04:37:13,jx80g,198,"The Baltic miracle continues: The economies of Estonia, Latvia and Lithuania surge ahead 20 years after their independence from the Soviet Union.",globalpost.com,http://www.globalpost.com/dispatch/news/regions/europe/110826/baltic-economy-european-union-estonia-latvia-lithuania
2011-08-29,16:39:24,jxs2d,170,"Al-Jazeera Network demands Israeli authorities immediately release Samer Allawi, Al-Jazeera’s Afghanistan Bureau Chief. Mr Allawi was arrested by Israeli official without reason while on vacation with his family in the occupied West Bank.",english.aljazeera.net,http://english.aljazeera.net/indepth/spotlight/freesamerallawi/
2011-08-29,16:45:29,jxs5w,156,"US misused our intel to justify Iraq War, says German ex-spy chief",intelligencenews.wordpress.com,http://intelligencenews.wordpress.com/2011/08/29/01-805/
2011-08-30,02:39:14,jy5do,95,Gaddafi's wife and three children in Algeria,english.aljazeera.net,http://english.aljazeera.net//news/africa/2011/08/2011829171617807937.html
2011-08-30,04:37:56,jy9dv,87,Catholic clergy 'abused children for decades in County Donegal'. Report is expected to claim police were complicit in cover-up of sexual abuse by priests and lay members of the church.,guardian.co.uk,http://www.guardian.co.uk/world/2011/aug/29/catholic-clergy-children-donegal-report
2011-08-29,22:55:11,jxyi1,57,Thai censorship critic strikes back at snitch Web host,arstechnica.com,http://arstechnica.com/web/news/2011/08/thai-dissident-strikes-back-at-snitch-web-host.ars
2011-08-29,22:23:55,jxxom,47,"China's biggest relocation project yet:  Plans to move 3 million people and reroute the Yangtze River are underway.
",globalpost.com,http://www.globalpost.com/dispatch/news/regions/asia-pacific/china/110825/china-relocation-shaanxi-province-development-economy
2011-08-30,07:33:28,jyf3l,44,"Tax us more, say wealthy Europeans",guardian.co.uk,http://www.guardian.co.uk/world/2011/aug/29/tax-us-more-say-wealthy-europeans
2011-08-29,23:25:39,jxzac,42,"One of Taiwan's best regarded hospitals mistakenly transplanted HIV-infected organs into five patients after a hospital staffer misheard the donor's test results by telephone.



",sfexaminer.com,http://www.sfexaminer.com/news/health/2011/08/taiwan-hospital-transplants-5-hiv-infected-organs
2011-08-29,23:24:51,jxz9f,37,Scared Mexicans try under-the-skin tracking devices - The Washington Post,washingtonpost.com,http://www.washingtonpost.com/world/americas/scared-mexicans-try-under-the-skin-tracking-devices/2011/08/14/gIQAtReNUJ_story.html?hpid=z3
2011-08-29,15:15:33,jxq97,36,"Gaddafi's girl executioner: Nisreen, 19, admits shooting 11 rebel prisoners, now she is shackled to hospital bed awaiting justice",dailymail.co.uk,http://www.dailymail.co.uk/news/article-2031197/Gaddafis-girl-executioner-Nisreen-19-admits-shooting-11-rebel-prisoners-shackled-hospital-bed-awaiting-justice.html?ITO=1490
2011-08-29,22:04:04,jxx7y,29,"Nigeria: Too Big to Fail -- From corruption to sectarian division to terrorism, Africa's most populous country (and one of its most oil-rich) could find itself spiraling out of control",theatlantic.com,http://www.theatlantic.com/international/archive/2011/08/nigeria-too-big-to-fail/244264/#.TluOPe1PUh4.reddit
2011-08-30,04:05:29,jy8ab,26,Bird flu fear as strain mutates,bbc.co.uk,http://www.bbc.co.uk/news/world-asia-pacific-14709024
2011-08-29,20:45:07,jxvp5,27,"Syria forces surround town after 'defections': Troops backed by tanks deployed around Rastan after ""tens of soldiers"" from the area reportedly defected.",english.aljazeera.net,http://english.aljazeera.net/news/middleeast/2011/08/20118296562914805.html
2011-08-29,01:07:01,jx291,22,Nepal elects Maoist leader as new prime minister,wireupdate.com,http://wireupdate.com/wires/19737/nepal-elects-maoist-leader-as-new-prime-minister/
2011-08-29,14:07:12,jxog5,26,Labour seeks law change to stop News Corp renewing BSkyB bid,guardian.co.uk,http://www.guardian.co.uk/media/2011/aug/28/labour-law-stop-bskyb-bid
2011-08-29,14:39:08,jxpbd,23,The daughter also rises --- Women are storming emerging-world boardrooms | The Economist,economist.com,http://www.economist.com/node/21526872
2011-08-29,15:05:34,jxpzo,20,Taiwan hospital transplants 5 HIV-infected organs,sfgate.com,http://www.sfgate.com/cgi-bin/article.cgi?f=/n/a/2011/08/28/international/i213751D99.DTL&tsp=1
2011-08-29,19:30:55,jxumq,21,Libya: Stench of dead bodies and garbage fills streets ,globalpost.com,http://www.globalpost.com/dispatch/news/regions/africa/110827/libya-tripoli-stench-dead-bodies-garbage
2011-08-29,21:16:41,jxw8o,20,"Mexican federal police reportedly beat, threaten Juárez police spokesman",elpasotimes.com,http://www.elpasotimes.com/ci_18776407?source=most_viewed
2011-08-30,03:13:11,jy6ho,16,"The Fog of Mexico's Drug War - After one of the worst attacks on civilians ever, President Felipe Calderón shows exactly why he can't win the war he started. ",foreignpolicy.com,http://www.foreignpolicy.com/articles/2011/08/26/the_fog_of_mexicos_drug_war
2011-08-30,02:25:33,jy4xy,18,Gadhafi's family fled to Algeria | ajc.com,ajc.com,http://www.ajc.com/news/nation-world/gadhafis-family-fled-to-1150320.html
2011-08-29,11:29:07,jxju0,18,"French Socialists project 'caring and sharing' in bid to beat Nicolas Sarkozy:  Candidates seeks to buck Europe-wide trend away from left and reassure voters of party's economic nous ahead of 2012 election
",guardian.co.uk,http://www.guardian.co.uk/world/2011/aug/28/french-socialists-candidates-hollande-aubry
2011-08-29,13:32:32,jxnh4,17,"Father seeks to sell himself, under China's one-child policy
",upi.com,http://www.upi.com/Top_News/World-News/2011/08/29/Father-seeks-to-sell-himself-under-Chinas-one-child-policy/UPIU-9291312823531/
