2011-12-21,13:44:55,nkxfw,1734,"Assad losing control as 10,000 soldiers desert Syrian military",haaretz.com,http://www.haaretz.com/print-edition/news/assad-losing-control-as-10-000-soldiers-desert-syrian-military-1.402625
2011-12-21,07:13:09,nkhrv,1224,US targeted over failure to condemn Israel: frustrated members of the U.N. Security Council pointed a finger at the United States for blocking any condemnation of Israel's accelerated settlement construction in Palestinian territory,hosted.ap.org,http://hosted.ap.org/dynamic/stories/U/UN_UN_PALESTINIANS_ISRAEL?SITE=NJMOR&SECTION=HOME&TEMPLATE=DEFAULT
2011-12-21,23:00:58,nlagk,1135,In Finland 69 Patriot missiles found in a ship destined to South Korea,yle.fi,http://yle.fi/uutiset/news/2011/12/missile_shipment_confirmed_aboard_detained_vessel_3120008.html
2011-12-21,21:17:39,nl7rd,800,"A Chinese village protest that tested the ruling Communist Party for over a week ended on Wednesday after officials offered concessions over seized farmland and the death of a village leader, in a rare spectacle of the government backing down to mobilized citizens.",reuters.com,http://www.reuters.com/article/2011/12/21/us-china-unrest-idUSTRE7BK06720111221
2011-12-21,22:10:54,nl911,261,"S Korea launches 
propaganda balloons over the border",bbc.co.uk,http://www.bbc.co.uk/news/world-asia-16287324
2011-12-21,07:34:25,nkin7,225,Canada bans face veils at citizenship ceremonies,montrealgazette.com,http://www.montrealgazette.com/life/Ottawa+bans+face+veils+citizenship+ceremonies/5849615/story.html
2011-12-21,21:56:55,nl8o2,177,North Korea moves to collective government,reuters.com,http://www.reuters.com/article/2011/12/21/us-korea-north-exclusive-idUSTRE7BK0FX20111221?feedType=RSS&feedName=topNews&utm_source=feedburner&utm_medium=feed&utm_campaign=Feed%3A+reuters%2FtopNews+%28News+%2F+US+%2F+Top+News%29&utm_content=Google+Feedfetcher
2011-12-21,22:33:00,nl9nf,173,North Korean heir expected to share power,cbc.ca,http://www.cbc.ca/news/world/story/2011/12/21/korea-power-sharing.html
2011-12-21,15:47:58,nl19c,145,Chinese Atheists Lured to Find Jesus at U.S. Christian Schools,bloomberg.com,http://www.bloomberg.com/news/2011-12-20/chinese-atheists-lured-to-find-jesus-at-u-s-schools.html
2011-12-21,16:58:40,nl2ur,109,South American states ban Falklands vessels from ports,bbc.co.uk,http://www.bbc.co.uk/news/uk-16280613
2011-12-22,07:03:34,nluhz,81,Moody's affirms Australia's AAA rating,abc.net.au,http://www.abc.net.au/news/2011-12-22/moody27s-affirms-australia-rating/3743656
2011-12-21,22:29:44,nl9jr,58,"Five Polish soldiers killed by Afghanistan bomb:  A roadside bomb has killed five Polish soldiers in a Nato convoy in eastern Afghanistan, Poland's heaviest single loss of life since the mission began.",bbc.co.uk,http://www.bbc.co.uk/news/world-europe-16285730
2011-12-21,19:52:52,nl60c,48,Kim Jong-un issued military order before announcement of father's death,english.yonhapnews.co.kr,http://english.yonhapnews.co.kr/northkorea/2011/12/21/6/0401000000AEN20111221006200315F.HTML
2011-12-21,10:18:20,nkph7,42,Wives of missing Russian rig workers criticize company officials:  The wife of the Russian oil rig's captain says towing the Kolskaya platform through icy waters was a suicidal mission. Thirty-nine workers are missing.,latimes.com,"http://www.latimes.com/news/nationworld/world/la-fg-russia-oil-rig-20111221,0,6011005.story"
2011-12-21,21:18:42,nl7s3,37,No Ordinary Counterfeit - New York Times,nytimes.com,http://www.nytimes.com/2006/07/23/magazine/23counterfeit.html?sq=kim%20jong-il%20magazine&st=cse&scp=5&pagewanted=all
2011-12-21,13:41:21,nkxax,31,Qaddafi Son Seif al-Islam Is Alive and Held by Rebels,nytimes.com,http://www.nytimes.com/2011/12/21/world/africa/qaddafi-son-seif-al-islam-is-alive-and-held-by-rebels-rights-group-says.html
2011-12-22,00:27:39,nldj1,29,Egyptian Women Rally Around “The Girl in the #BlueBra” Dragged Away by Army,alternet.org,http://www.alternet.org/newsandviews/?id=751426&t=egyptian_women_rally_around_%E2%80%9Cthe_girl_in_the_%23bluebra%E2%80%9D_dragged_away_by_army
2011-12-21,21:50:17,nl8ht,34,"Iran: Despite rising rhetoric among officials, Iranians don't think war is likely.",globalpost.com,http://www.globalpost.com/dispatch/news/regions/middle-east/111220/iran-war-israel
2011-12-21,19:12:08,nl5aj,27,"Canada hunts for rare earth metals as China cuts back - 
A steep decline in Chinese exports of rare earth metals used in hi-tech gadgets has started a global search for metals & hopes are high for major finds in Canada.  The Japanese are desperately searching all over, as well as Europe. ",physorg.com,http://www.physorg.com/news/2011-12-canada-rare-earth-metals-china.html
2011-12-21,19:19:09,nl5f7,28,"Hungary's constitutional court has overruled sections of a new media law, claiming it interferes with press freedom. It is the latest challenge to what many see as an undemocratic consolidation of government power.",dw-world.de,"http://www.dw-world.de/dw/article/0,,15613786,00.html"
2011-12-22,03:14:45,nlkgu,26,Five Iranian technicians kidnapped in Syria's Homs,haaretz.com,http://www.haaretz.com/news/middle-east/five-iranian-technicians-kidnapped-in-syria-s-homs-1.402760
2011-12-21,18:36:48,nl4o3,24,BBC News - The 'Iranian Schindler' who saved Jews from the Nazis,bbc.co.uk,http://www.bbc.co.uk/news/magazine-16190541
2011-12-21,15:21:18,nl0i8,21,Mass breast implant recall in France,euronews.net,http://www.euronews.net/2011/12/20/mass-breast-implant-recall-in-france/
2011-12-21,18:45:33,nl4th,20,Syria crisis: Almost 200 people have died in two days of clashes,bbc.co.uk,http://www.bbc.co.uk/news/world-middle-east-16274529
2011-12-21,12:33:48,nkute,17,"North Korea 'pledge' to Kim Jong-un, son of Kim Jong-il
",bbc.co.uk,http://www.bbc.co.uk/news/world-asia-16277960
2011-12-21,19:21:11,nl5g7,15,"Philippines Flood (Death) Toll Hits 1,000",cbsnews.com,http://www.cbsnews.com/8301-202_162-57345965/philippines-flood-toll-hits-1k-many-missing/
2011-12-22,05:38:24,nlqv9,17,"Syrian soldiers massacred village, activists say",cbc.ca,http://www.cbc.ca/news/world/story/2011/12/21/syria-.html
2011-12-21,17:19:36,nl3a1,16,BBC News - Swedish journalists found guilty in Ethiopia,bbc.co.uk,http://www.bbc.co.uk/news/world-africa-16283332
2011-12-21,19:24:19,nl5id,16,Bird Flu appears again in Hong Kong.,nytimes.com,http://www.nytimes.com/2011/12/22/world/asia/hong-kong-culls-chickens-after-bird-flu-is-found.html?_r=1&smid=tw-nytimes&seid=auto
2011-12-22,00:05:09,nlcoy,15,"North Korea Military Backs Kim Jong-un, starting ""collective rule"" First Time in Decades",ca.news.yahoo.com,http://ca.news.yahoo.com/exclusive-n-korea-military-backs-kim-heir-share-065017037.html
