2011-07-02,03:31:22,ieeww,2793,Portugal drug law show results ten years on - Health experts in Portugal said Friday that Portugal's decision 10 years ago to decriminalise drug use and treat addicts rather than punishing them is an experiment that has worked.,france24.com,http://www.france24.com/en/20110701-portugal-drug-law-show-results-ten-years-experts-say
2011-07-02,14:17:14,iesux,1858,"WikiLeaks and Datacell to sue Visa & MasterCard for engaging in an unlawful, U.S. influenced, financial blockade",wlcentral.org,http://wlcentral.org/node/1973
2011-07-03,01:55:13,if2nx,386,"Greece arrests captain of US Gaza-bound boat over ship's ""seaworthiness"" and for ""jeopardizing passengers' safety""
",english.aljazeera.net,http://english.aljazeera.net/news/middleeast/2011/07/201172143643709749.html
2011-07-02,21:38:11,ieyi3,340,The Least Free Places on Earth in 2011  ,foreignpolicy.com,http://www.foreignpolicy.com/articles/2011/07/01/the_least_free_places_on_earth_2011?page=full
2011-07-02,12:56:58,ierak,194,"Brown University Study: US wars leave 225,000 dead, cost $4.4 trillion.",google.com,http://www.google.com/hostednews/afp/article/ALeqM5jQ2t22_Eoei8X9FC_4Eg_M5fCdtQ?docId=CNG.e740b6d0077ba8c28f6d1dd931c6f679.b11
2011-07-03,00:38:30,if143,156,A world with too much freedom is better than one with not enough,guardian.co.uk,http://www.guardian.co.uk/commentisfree/2011/jul/01/suzanne-moore-privacy-hacking-social-media
2011-07-02,12:10:33,ieqes,127,Propaganda exposed:  Official Israeli government websites were forced to remove a video clip of a man claiming to be an American gay rights activist who was banned from participating in the flotilla to Gaza after it was revealed to be a hoax. ,telegraph.co.uk,http://www.telegraph.co.uk/news/worldnews/middleeast/israel/8607194/Israeli-actor-behind-hoax-video-of-gay-activist.html
2011-07-02,01:08:00,ieaw4,124,China's President Hu Jintao has warned the Communist Party that corruption could cost it the support of the people - in a speech marking 90 years since the party was founded.,bbc.co.uk,http://www.bbc.co.uk/news/world-asia-pacific-13985359
2011-07-02,14:44:08,ietbc,119,The Church of England is reviewing its policy towards same-sex relationships & considering allowing gay clergy to be ordained as bishops,bbc.co.uk,http://www.bbc.co.uk/news/uk-13999683
2011-07-02,20:42:09,iexv8,117,Gaddafi threatens to strike Europe  ,independent.co.uk,http://www.independent.co.uk/news/world/africa/gaddafi-threatens-to-strike-europe-2305749.html
2011-07-02,23:46:34,if071,101,"Jellyfish keep UK nuclear plant shut. An invasion of jellyfish into a cooling water pool at a Scottish nuclear power plant kept its nuclear reactors offline on Wednesday, a phenomenon which may grow more common in future.",reuters.com,http://www.reuters.com/article/2011/06/29/us-britain-nuclear-jellyfish-idUSTRE75S56D20110629
2011-07-03,00:01:51,if0gl,98,"New Internet Filtering in Pakistan: ISP Mobilink now requires all users add proxy 10.215.2.32 port 3128 to browse Internet, with censorship of some political keywords and also web pages hosting news related to Balochistan",opennet.net,http://opennet.net/blog/2011/06/new-internet-filtering-pakistan
2011-07-03,01:01:54,if1iw,101,"Hours after search giant Google unveiled networking service Google+, the Chinese govt got the service blocked in the country",ibtimes.com,http://www.ibtimes.com/articles/172051/20110630/cold-blooded-internet-censorship-why-is-china-afraid-of-google-facebook-google-twitter-flickr-censor.htm
2011-07-02,21:28:32,ieyea,94,"Kim Jong-il's half-brother placed under house arrest in Pyongyang because his resemblance to his father and founder of the nation, Kim Il-sung, could derail the transfer of power to the Dear Leader's son",telegraph.co.uk,http://www.telegraph.co.uk/news/worldnews/asia/northkorea/8610967/Kim-Jong-ils-half-brother
2011-07-02,21:42:42,ieyk3,82,Japan's desperate 'nuclear gypsies'. Rights groups say country's poorest people are being exploited to repair Fukushima plant.,english.aljazeera.net,http://english.aljazeera.net/video/asia/2011/06/2011630173015833205.html
2011-07-02,20:59:08,iey16,69,"300,000 protest in Syrian town of Hama. Assad fires local Governor.",usatoday.com,http://www.usatoday.com/news/topstories/2011-07-02-1985581070_x.htm
2011-07-02,20:06:20,iexh2,73,More than 500 slaves rescued from brick kilns ,thecnnfreedomproject.blogs.cnn.com,http://thecnnfreedomproject.blogs.cnn.com/2011/06/29/more-than-500-slaves-rescued-from-brick-kilns/
2011-07-02,12:14:51,ieqhn,69,"Gaddafi threatens attacks in Europe against  ""homes, offices, families,"" unless NATO halts its campaign of airstrikes against his regime in Libya",americablog.com,http://www.americablog.com/2011/07/gaddafi-threatens-attacks-on-europe-if.html
2011-07-03,04:35:17,if61r,70,"British farmers forced to pay the cost of supermarket price wars - 
As profits soar at the supermarkets, food producers say they are being forced out of business by unfair buying practices",guardian.co.uk,http://www.guardian.co.uk/environment/2011/jul/02/british-farmers-supermarket-price-wars
2011-07-02,21:24:54,ieycd,61,French Government Plans to Extend Internet Censorship,opennet.net,http://opennet.net/blog/2011/06/french-government-plans-extend-internet-censorship
2011-07-03,01:03:55,if1ki,60,"China has its controversial one-child policy. But in India, health officials are taking a different steer on population control, offering prizes - including a car - for sterilization.",globalpost.com,http://www.globalpost.com/dispatches/globalpost-blogs/weird-wide-web/indias-sex-drive-solution-population-explosion
2011-07-03,07:35:55,if9m5,54,"Hotel maid who accused Dominique Strauss-Kahn of raping her was reportedly ""doing double duty as a prostitute, collecting cash on the side from male guests.""",globalpost.com,http://www.globalpost.com/dispatches/globalpost-blogs/weird-wide-web/hookers-prostitutes-callgirls-sex-assault-dominique-strau
2011-07-02,11:14:08,iepdo,43,Mexican marines kill 15 cartel suspects in battle,usatoday.com,http://www.usatoday.com/news/world/2011-07-01-mexico-drug-war-zetas_n.htm
2011-07-02,23:14:55,iezp1,41,"Moroccans overwhelmingly approved constitutional reforms aimed at addressing demands for greater democracy. Members of the ""February 20"" protest movement, however, say the king still retains too much power.
 ",dw-world.de,"http://www.dw-world.de/dw/article/0,,15205712,00.html"
2011-07-02,23:08:16,iezll,38,"The Danish parliament in Copenhagen moved on Friday to reintroduce limited border controls in the country by deploying additional customs agents starting Tuesday. In Germany and Brussels, politicians believe the country could be violating the Schengen Agreement on passport-free European travel. ",spiegel.de,"http://www.spiegel.de/international/europe/0,1518,771888,00.html"
2011-07-03,07:59:47,ifa2d,38,What Really Happened at Fukushima?,theatlanticwire.com,http://www.theatlanticwire.com/global/2011/07/meltdown-what-really-happened-fukushima/39541/
2011-07-03,01:30:46,if248,34,African Union calls on member states to disregard ICC arrest warrant against Libya’s Gadhafi,washingtonpost.com,http://www.washingtonpost.com/world/middle-east/african-union-calls-on-member-states-to-disregard-icc-arrest-warrant-against-libyas-gadhafi/2011/07/02/AGzj88uH_story.html?utm_source=twitterfeed&utm_medium=twitter
2011-07-02,20:34:15,iexs9,38,Saudi Arabia's clerics challenge King Abdullah's reform agenda - tensions grow as clergy oppose incremental moves away from conservative Islam,guardian.co.uk,http://www.guardian.co.uk/world/2011/jul/01/saudi-arabi
2011-07-02,10:03:17,ienyx,38,"24 civilians killed by Syrian forces, backed by tanks and helicopters, storming villages.",reuters.com,http://www.reuters.com/article/2011/07/01/columns-us-syria-idUSTRE75J0AV20110701
2011-07-02,19:35:17,iex5o,32,"United Nations peacekeepers from Nepal brought the strain of cholera to Haiti responsible for an epidemic that has killed 5,500 people, according to a study published by the US Centers for Disease Control and Prevention.",radioaustralianews.net.au,http://www.radioaustralianews.net.au/stories/201107/3258243.htm
