2011-11-18,16:36:27,mgqv7,2060,Neutrinos still faster than light in latest version of experiment,guardian.co.uk,http://www.guardian.co.uk/science/2011/nov/18/neutrinos-still-faster-than-light?newsfeed=true
2011-11-18,01:32:58,mfv13,1730,Bill would make wearing masks during riots a crime,cbc.ca,http://www.cbc.ca/news/politics/story/2011/11/17/pol-private-members-bill-masks.html
2011-11-18,22:53:44,mgy2f,1581,"""By my calculations, at least 10 times as many girls are now trafficked into brothels annually as African slaves were transported to the New World in the peak years of the trans-Atlantic slave trade.""",nytimes.com,http://www.nytimes.com/2011/11/17/opinion/kristof-the-face-of-modern-slavery.html?_r=1&hp
2011-11-18,20:06:35,mguc4,813,Indian activist who fought mining companies brutally murdered by a mob of 25-30 men,theglobeandmail.com,http://www.theglobeandmail.com/news/world/asia-pacific/activist-nun-who-fought-indian-mining-companies-brutally-murdered/article2240513/
2011-11-19,03:17:50,mh828,632,"President Santos of Colombia is very brave, because any political leader who advocates the legalization of narcotic drugs will become a prime target of the prohibition industry. He has chosen to do it anyway",commondreams.org,https://www.commondreams.org/view/2011/11/18
2011-11-18,00:06:26,mfrvp,581,EU Parliament Massively Commits to Net Neutrality and Open Internet,laquadrature.net,https://www.laquadrature.net/en/eu-parliament-massively-commits-to-net-neutrality-and-open-internet
2011-11-18,17:25:47,mgrqu,508,"European parliament opposes Us's anti-piracy law.
""The integrety of the global internet and communication must be protected by not taking unilateral decisions regarding taking down ip-adressess or domains""",europarl.europa.eu,http://www.europarl.europa.eu/sides/getDoc.do?type=MOTION&reference=P7-RC-2011-0577&language=EN
2011-11-18,22:10:50,mgwt9,465,"In Egypt, tens of thousands of protesters on Friday gathered in Cairo and Alexandria for a mass rally to push the county's military rulers to hand over power to a civilian government",globalpost.com,http://www.globalpost.com/dispatch/news/regions/middle-east/egypt/111118/egyptians-mass-rallies-against-military-rulers/?reddit
2011-11-18,14:11:42,mgni4,245,Goldman Sachs conquers Europe ,independent.co.uk,http://www.independent.co.uk/news/business/analysis-and-features/what-price-the-new-democracy-goldman-sachs-conquers-europe-6264091.html
2011-11-18,22:08:23,mgwqt,182,"Occupy London Stock Exchange protestors say they have ""repossessed"" empty offices in east London belonging to Swiss bank UBS.
",globalpost.com,http://www.globalpost.com/dispatch/news/regions/europe/united-kingdom/111118/occupy-london-protesters-repossess-empty-ubs-bank
2011-11-18,23:00:49,mgy9s,157,"Slaves freed after CNN documentary
",thecnnfreedomproject.blogs.cnn.com,http://thecnnfreedomproject.blogs.cnn.com/2011/11/17/scores-freed-after-cnn-documentary/
2011-11-18,20:32:46,mgurq,124,Report: Russia warships to enter Syria waters in bid to stem foreign intervention,haaretz.com,http://www.haaretz.com/news/middle-east/report-russia-warships-to-enter-syria-waters-in-bid-to-stem-foreign-intervention-1.396359
2011-11-18,21:14:12,mgvjz,118,Neutrino experiment repeat at Cern finds same result,bbc.co.uk,http://www.bbc.co.uk/news/science-environment-15791236
2011-11-18,17:18:41,mgrma,98,Israel effectively annexes Palestinian land near Jordan Valley,haaretz.com,http://www.haaretz.com/print-edition/news/israel-effectively-annexes-palestinian-land-near-jordan-valley-1.396225
2011-11-18,12:14:32,mgjmu,94,Vietnam plans to pour $600 million into building Southeast Asia's most advanced space center,globalpost.com,http://www.globalpost.com/dispatches/globalpost-blogs/the-rice-bowl/vietnam-were-going-space
2011-11-19,05:34:10,mhdfz,92,Being 'Out' in Saint Petersburg Could Soon be Illegal for Gays,technorati.com,http://technorati.com/lifestyle/article/being-out-in-saint-petersburg-could1/#ixzz1e5xWyUpd
2011-11-18,13:14:34,mglq6,69,"Thousands of Kuwaitis storm Parliament, demand resignation of corrupt Prime Minister. ",time.com,"http://www.time.com/time/photogallery/0,29307,2099630,00.html"
2011-11-18,08:20:28,mgbeb,55,Russian military chief warns of nuclear war,start.toshiba.com,http://start.toshiba.com/news/read.php?rip_id=%3CD9R2I9200%40news.ap.org%3E&ps=921
2011-11-18,22:41:11,mgxog,55,"Privatisation, But No Private Property --- 
Who owns Russia's wealth? In the end, nobody. Law doesn't protect property rights. State seizes, extorts whatever it can. Yet the state is itself a mass of competing mafias. Economy is a permanent struggle for control",opendemocracy.net,http://www.opendemocracy.net/od-russia/andrei-zaostrovtsev/privatisation-but-no-private-property
2011-11-18,18:25:04,mgsrc,51,Eurozone debt web: Who owes what to whom? interactive Pie graph ,bbc.co.uk,http://www.bbc.co.uk/news/business-15748696
2011-11-18,23:02:42,mgycb,51,"Dozens hurt as Coptic Christians demanding justice for October massacre are attacked in Cairo, Egypt",news.yahoo.com,http://news.yahoo.com/dozens-hurt-christian-march-attacked-cairo-164014310.html
2011-11-18,19:07:07,mgtfu,47,Wave Of Suicides Among Indian Farmers,news.sky.com,http://news.sky.com/home/world-news/article/16112805
2011-11-19,00:17:44,mh0wo,49,Tens of thousands protest in Egypt: Rally called by both Islamist and secular groups aimed at pressing military rulers to hand power to civilian government.,aljazeera.com,http://www.aljazeera.com/news/middleeast/2011/11/2011111881959573228.html
2011-11-18,23:05:01,mgyf0,42,"Crisis in Europe, Transformation in China:  Chinese leaders know that, with Europe and the U.S. struggling, they can't rely on exports forever. China's future may hinge on whether its leaders can make the necessary changes in time.",theatlantic.com,http://www.theatlantic.com/international/archive/2011/11/crisis-in-europe-transformation-in-china/248662/
2011-11-19,04:00:58,mh9t4,36,"Nepal begins reintegration of Maoist fighters:  Thousands of former fighters will be asked whether they want to join army or accept up to $11,500 to start new lives.",aljazeera.com,http://www.aljazeera.com/news/asia/2011/11/20111118171652882539.html
2011-11-18,22:30:00,mgxd7,37,"How Egypt's Muslim Brotherhood Is Already Winning
",theatlantic.com,http://www.theatlantic.com/international/archive/2011/11/how-egypts-muslim-brotherhood-is-already-winning/248642/
2011-11-18,11:13:28,mghhv,25,Brazil police probe Rio de Janeiro Chevron oil spill:  Brazilian police are investigating an oil spill in an offshore field operated by Chevron. ,bbc.co.uk,http://www.bbc.co.uk/news/world-latin-america-15783171
2011-11-19,02:08:18,mh58j,24,France says too late for Syrian regime; Turkey warns of civil war,english.alarabiya.net,http://english.alarabiya.net/articles/2011/11/18/177843.html
2011-11-18,22:16:40,mgx00,25,"Syria military defectors taking active role in revolt
",latimes.com,"http://www.latimes.com/news/nationworld/world/la-fg-syria-rebel-army-20111118,0,7399927.story"
2011-11-18,13:13:08,mglo8,24,"Burning for the Cause --- From Tunisia to Tibet, self-immolation is now -- tragically -- back in vogue as a dramatic means of protest. But does it really work?",foreignpolicy.com,http://www.foreignpolicy.com/articles/2011/11/17/self_immolation_protest
