2011-09-09,04:24:22,k95bo,1637,Turkish Prime Minister: Turkish navy will escort any aid vessel to Gaza.,ynetnews.com,"http://www.ynetnews.com/articles/0,7340,L-4119865,00.html"
2011-09-09,06:48:29,k9ap8,903,"Vancouver lawyer Gail Davidson seeks Dick Cheney's arrest - The cofounder of the Lawyers Against the War wants Canada either to bar the [Cheney] from entering the country or, if he’s allowed in, to arrest and prosecute him for torture, war offences, and crimes against humanity.",straight.com,http://www.straight.com/article-450786/vancouver/lawyer-seeks-cheney-arrest
2011-09-10,04:49:55,kadui,410,"Magnitude 6.7 Quake Hits Vancouver Island, Canada",earthquake.usgs.gov,http://earthquake.usgs.gov/earthquakes/recenteqsww/Quakes/pt11252000.php
2011-09-09,01:34:04,k8ynh,185,Nato-led forces killed BBC reporter in Afghanistan,bbc.co.uk,http://www.bbc.co.uk/news/world-south-asia-14840998
2011-09-09,22:39:31,ka0n6,174,A U.S. military plane was forced down by a North Korean electronic attack in March,myfoxny.com,http://www.myfoxny.com/dpp/news/us-military-plane-forced-down-by-north-korean-electronic-attack-20110909-ncx
2011-09-10,03:24:34,kaamy,171,"Food Emergency: How the World Bank & IMF Have Made African Famine Inevitable - 
Lending policies pushed by the World Bank & IMF transformed a self-sufficient, food-producing Africa into a continent vulnerable to food emergencies & famine ",alternet.org,http://www.alternet.org/food/152335/food_emergency%3A_how_the_world_bank_and_imf_have_made_african_famine_inevitable_/?page=entire
2011-09-09,23:19:07,ka1ta,165,"Australopithecus sediba skeletons found at the Cradle of Humankind site in South Africa are dated at 2 million years old, suggesting that the hominid species could be a missing link between apes and humans. ",theaustralian.com.au,http://www.theaustralian.com.au/higher-education/found-mankinds-missing-link/story-e6frgcjx-1226133167039
2011-09-09,16:38:04,k9tm2,110,European Union tells Turkey to back off,cyprus-mail.com,http://www.cyprus-mail.com/eu/eu-tells-ankara-back/20110909
2011-09-09,09:20:23,k9g4v,101,Turkish forces to escort aid to Gaza.,english.aljazeera.net,http://english.aljazeera.net/news/europe/2011/09/201198225646614806.html
2011-09-09,22:38:29,ka0m9,83,"""Red Alert"" arrest warrant for Colonel Gaddafi and his son Saif Al-Islam issued by Interpol",news.sky.com,http://news.sky.com/home/world-news/article/16066071
2011-09-09,12:54:21,k9nj7,76,"In Shift, Iran’s President Calls for End to Syrian Crackdown: President Ahmadinejad of Iran became the most recent, and perhaps the most unexpected, world leader to call for President Assad to end his violent crackdown of an uprising challenging his authoritarian rule in Syria. ",nytimes.com,http://www.nytimes.com/2011/09/09/world/middleeast/09iran.html
2011-09-10,05:59:57,kaggm,71,"Gaddafi forces threw detainees in metal containers with little water and air on a brutally hot day, and refused to let them out despite cries for help. 19 Suffocated",hrw.org,http://www.hrw.org/news/2011/09/09/libya-19-suffocated-gaddafi-detention
2011-09-10,04:13:43,kacj0,69,Miss Colombia admonished for not wearing underwear,indianexpress.com,http://www.indianexpress.com/news/miss-colombia-admonished-for-not-wearing-underwear/842990/
2011-09-09,08:04:43,k9dh8,63,"In Fukushima, students face up to realities of nuclear disaster",asahi.com,http://www.asahi.com/english/TKY201109070229.html
2011-09-09,09:31:21,k9ghy,57,Germany: The state of Mecklenburg-Western Pomerania has allowed neo-Nazism to fester in its rural areas by neglecting the needs of local people and failing to confront xenophobia head-on,spiegel.de,"http://www.spiegel.de/international/germany/0,1518,784686,00.html"
2011-09-09,20:04:05,k9x8d,57,Russia pins Soyuz failure to production line defect,bbc.co.uk,http://www.bbc.co.uk/news/world-europe-14852534
2011-09-09,21:16:44,k9ymr,58,"Anti-Israel sentiment high in Egypt: But now, some Egyptians are also turning on their own government’s handling of the diplomatic row. 
",globalpost.com,http://www.globalpost.com/dispatch/news/regions/middle-east/egypt/110908/egypt-anti-israeli-hosni-mubarak-middle-east-protests
2011-09-09,22:54:22,ka139,48,S&P raises Israel's credit rating from A to A+ ,jpost.com,http://www.jpost.com/Business/BusinessNews/Article.aspx?id=237342
2011-09-09,22:43:15,ka0rp,41,Francs for nothing: The Swiss drive down the value of their currency,economist.com,http://www.economist.com/node/21528631
2011-09-09,09:47:26,k9h12,39,"WikiLeaks cables reveal Australian 'middle power diplomacy' on green issues - 
Documents show a country under Kevin Rudd pulled in different directions by the US, China & Japan",guardian.co.uk,http://www.guardian.co.uk/environment/2011/sep/08/wikileaks-australia-environmental-relations
2011-09-10,00:48:38,ka4r5,36,The European Central Bank's chief economist has resigned. Jürgen Stark's decision to step down was reportedly due to a disagreement over the bank's policy of buying up EU sovereign debt to try to calm the markets.,dw-world.de,"http://www.dw-world.de/dw/article/0,,15377172,00.html"
2011-09-09,22:12:02,k9zwm,36,"Heat-Seeking Missiles Are Missing From Libyan Arms 
Stockpile - NYTimes.com",nytimes.com,http://www.nytimes.com/2011/09/08/world/africa/08missile.html?src=me&ref=world
2011-09-09,10:02:23,k9hii,40,"Fukushima nuclear disaster: PM at the time feared Japan would collapse - 
Naoto Kan said that Tepco considered abandoning plant after it was hit by tsunami",guardian.co.uk,http://www.guardian.co.uk/world/2011/sep/08/fukushima-nuclear-disaster-pm-japan
2011-09-09,13:58:42,k9phl,30,Abbas urged to reconsider Palestinian statehood bid: Abbas says Palestinian statehood recognition request reaches point of no return.,haaretz.com,http://www.haaretz.com/print-edition/news/u-s-envoys-urge-abbas-to-reconsider-palestinian-statehood-bid-1.383329
2011-09-09,23:47:50,ka2pa,22,China to build world's biggest airport,telegraph.co.uk,http://www.telegraph.co.uk/news/worldnews/asia/china/8752665/China-to-build-worlds-biggest-airport.html
2011-09-09,22:27:56,ka0ap,20,Human Rights Watch says Sri Lanka still using abusive detention - The Boston Globe,boston.com,http://www.boston.com/news/world/asia/articles/2011/09/09/human_rights_watch_says_sri_lanka_still_using_abusive_detention/
2011-09-09,11:00:13,k9jjm,21,"Gaddafi rails at 'rats and scumbags' in 4am TV call:  Deposed Libyan leader vowed 'never to leave the land of his ancestors', denying claims he had already fled to Niger
",guardian.co.uk,http://www.guardian.co.uk/world/2011/sep/08/gaddafi-rails-rats-scumbags-libya
2011-09-09,12:13:23,k9m4z,18,"Libyan Health Minister: At Least 30,000 Killed and 50,000 Wounded in Libyan Uprising",tripolipost.com,http://tripolipost.com/articledetail.asp?c=1&i=6862
2011-09-09,13:02:16,k9nt0,18,China's war on terror widens Xinjiang's ethnic divide,reuters.com,http://www.reuters.com/article/2011/09/09/us-china-xinjiang-idUSTRE7880CE20110909
2011-09-10,01:40:04,ka6nt,16,Egyptian activists trying to demolish Israel embassy wall,af.reuters.com,http://af.reuters.com/article/topNews/idAFJOE7880KE20110909
