2011-02-11,04:51:50,fizz3,2242,BREAKING NEWS: Mubarak will NOT step down. Will NOT bow to foreign pressure.,cnn.com,http://cnn.com
2011-02-12,00:04:07,fjhyf,169,"BREAKING: Mubarak steps down, military council to run Egypt",self.worldnews,https://www.reddit.com/r/worldnews/comments/fjhyf/breaking_mubarak_steps_down_military_council_to/
2011-02-11,12:51:35,fj91v,102,Muslim Brotherhood rejects Khamenei calls for Iran-style Islamic state ,eurasiareview.com,http://www.eurasiareview.com/world-news/africa/muslim-brotherhood-rejects-khamenei-calls-for-iran-style-islamic-state-05022011/
2011-02-12,00:04:24,fjhyn,93,Hosni Mubarak has announced he is stepping down as President and has transferred control of Egypt's affairs to the high council of the armed forces.,self.worldnews,https://www.reddit.com/r/worldnews/comments/fjhyn/hosni_mubarak_has_announced_he_is_stepping_down/
2011-02-11,10:45:26,fj6ut,77,French President says multiculturalism has failed,news.yahoo.com,http://news.yahoo.com/s/afp/20110210/wl_afp/francepoliticsimmigrationsociety_20110210231042
2011-02-12,06:49:23,fjr2t,75,Names and faces of killed Egyptian protesters (crosspost from /r/Egypt),1000memories.com,http://1000memories.com/egypt?q=verified
2011-02-12,01:43:50,fjkhm,76,Swiss freeze Mubarak assets,reuters.com,http://www.reuters.com/article/2011/02/11/us-swiss-mubarak-idUSTRE71A58R20110211
2011-02-11,19:36:28,fje4e,69,"Someone seems to have hacked the site of the Cairo NDP, Hosni Mubarak's ruling party",cairondp.org,http://www.cairondp.org/new/
2011-02-11,12:31:10,fj8pn,65,"With the economy projected to grow 3 percent this year, Iceland’s decision to let the banks fail is looking smart -- and may prove to be a model for others. ",bloomberg.com,http://www.bloomberg.com/news/2011-02-01/iceland-proves-ireland-did-wrong-things-saving-banks-instead-of-taxpayer.html
2011-02-12,07:56:31,fjs97,60,Reports from Iran say several opposition activists have been arrested and international broadcasters are being jammed.,bbc.co.uk,http://www.bbc.co.uk/news/world-middle-east-12433758
2011-02-11,22:43:54,fjgc1,57,The International Monetary Fund issues report calling for replacement for the dollar as the world's reserve currency.,money.cnn.com,http://money.cnn.com/2011/02/10/markets/dollar/index.htm
2011-02-12,01:53:33,fjkqn,55,"Algeria prepares for day of protests: 
Pro-democracy alliance expected to defy ban on demonstrations. ",guardian.co.uk,http://www.guardian.co.uk/world/2011/feb/11/algeria-prepares-day-of-protests
2011-02-11,10:40:23,fj6rz,50,"""I think the Mubarak regime is trying to bait the crowd in Tahrir Square""  --Fareed Zakaria",news.blogs.cnn.com,http://news.blogs.cnn.com/2011/02/10/zakaria-mubarak-baiting-protesters/
2011-02-11,20:17:52,fjeij,40,"Many Egyptians are placing their trust in the army. But then there's blogger Kareem Amer, just released from prison after 3 days, who tells of the brutality and torture he witnessed there.",thedailybeast.com,http://www.thedailybeast.com/blogs-and-stories/2011-02-10/torture-in-an-egyptian-prison/
2011-02-11,23:42:02,fjhgo,40,"Tanks guarding the presidential palace in Cairo turned their turrets away from approaching demonstrators, eliciting a huge cheer from the crowd.
",news.blogs.cnn.com,http://news.blogs.cnn.com/2011/02/11/egypt-unrest-protesters-begin-18th-day-of-demonstrations/
2011-02-11,08:06:15,fj41s,34,"Witnesses: Egyptian army withdraws from positions near presidential palace ... ""the withdrawal of the troops could be a warning to the president that the army may not be able to protect him if protesters decided to march towards the palace""",almasryalyoum.com,http://www.almasryalyoum.com/en/news/witnesses-egyptian-army-withdraws-positions-near-presidential-palace
2011-02-11,16:38:45,fjcdp,34,15 Egypt army officers join protesters,news24.com,http://www.news24.com/Africa/News/15-Egypt-army-officers-join-protesters-20110211
2011-02-12,00:04:01,fjhya,34,HOSNI MUBARAK HAS STEPPED DOWN!,self.worldnews,https://www.reddit.com/r/worldnews/comments/fjhya/hosni_mubarak_has_stepped_down/
2011-02-12,02:08:02,fjl2q,25,Egypt: the wait [pics],boston.com,http://www.boston.com/bigpicture/2011/02/egypt_the_wait.html
2011-02-12,02:19:00,fjlbr,26,"Iran takes credit for the Egyptian revolution. Stay classy, Iran.",globalpost.com,http://www.globalpost.com/dispatch/egypt/110211/iran-egypt-mubarak-ahmadinejad-islamic-revolution
2011-02-11,11:07:01,fj78q,21,One of the most startling tales from the past few years of North Korean history concerned the North's leader Kim Jong-il bringing in Italian pizza chefs while his people foraged for scraps of food ,independent.co.uk,http://www.independent.co.uk/opinion/commentators/clifford-coonan-a-leader-who-imports-his-own-chefs-in-a-time-of-famine-2211241.html
2011-02-11,14:11:11,fjafl,22,"Protest leaders decide to head to Presidential Palace today. Also, more than 10,000 protesters surround Egypt State TV building",english.aljazeera.net,http://english.aljazeera.net/news/middleeast/2011/02/201121125158705862.html
2011-02-12,04:32:57,fjo92,21,"This is just the beginning:  protests continue to ripple across Mideast, North Africa",edition.cnn.com,http://edition.cnn.com/2011/WORLD/africa/02/10/africa.mideast.protests/
2011-02-12,02:55:49,fjm6a,21,Mubarak assets frozen by Swiss government,money.cnn.com,http://money.cnn.com/2011/02/11/news/international/swiss_banks_mubarak/
2011-02-12,01:19:30,fjjwm,14,Winners of the World Press Photo Contest 2011 [pics],theatlantic.com,http://www.theatlantic.com/infocus/2011/02/world-press-photo-contest-2011/100008/
2011-02-11,23:29:19,fjh7k,11,Mubarak 'leaves Cairo': Egyptian diplomats are briefing that he has indeed relinquished power,guardian.co.uk,http://www.guardian.co.uk/world/blog/2011/feb/11/egypt-hosni-mubarak-left-cairo
2011-02-12,03:33:44,fjn16,11,Mubarak assets frozen by Swiss government,money.cnn.com,http://money.cnn.com/2011/02/11/news/international/swiss_banks_mubarak/index.htm?section=money_latest&utm_source=twitterfeed&utm_medium=twitter
2011-02-11,15:14:31,fjbec,10,"Ready to die for Revolution 2.0, says Google executive, Wael Ghonim: ""It is no longer the time to negotiate"" with the Egyptian government",ndtv.com,http://www.ndtv.com/article/world/ready-to-die-for-revolution-2-0-says-google-executive-84694
2011-02-11,11:25:22,fj7kw,11,"Mubarak's full speech, with translation",youtube.com,http://www.youtube.com/watch?v=CS7RBGvKyyM
2011-02-11,22:23:38,fjfzj,10,Rights groups: prominent Chinese activist and wife beaten,cnn.com,http://www.cnn.com/2011/WORLD/asiapcf/02/11/china.activists.beaten/index.html?hpt=T2
