2011-05-09,13:15:37,h734m,950,"Mexico's failed war against the drug gangs - Mexicans are calling for an end to the battle against organised crime that has cost 40,000 lives",guardian.co.uk,http://www.guardian.co.uk/commentisfree/2011/may/08/mexico-failed-war-drugs-call-for-end
2011-05-09,14:01:53,h73zz,855,Ecuador bans 500-yr-old tradition of bullfighting; voters in a referendum held on Saturday also outlawed cockfighting and casino gambling,irishtimes.com,http://www.irishtimes.com/newspaper/world/2011/0509/1224296491068.html
2011-05-09,22:57:50,h7bwc,608,Coastal cities in Japan now flood at high tide due to shifting by quake,news.yahoo.com,http://news.yahoo.com/s/ap/20110509/ap_on_re_as/as_japan_earthquake_changing_terrain
2011-05-09,13:40:01,h73me,482,The Pakistan government has decided not to conduct an inquiry of any kind at any level whatsoever about the Abbottabad incident to find those responsible for intelligence failure and violation of Pakistani borders and sovereignty.,thenews.com.pk,http://www.thenews.com.pk/TodaysPrintDetail.aspx?ID=45852&Cat=6&dt=5/9/2011
2011-05-09,09:39:01,h6ygi,467,Malawi expels UK diplomat after UK remarks that the country doesn't tolerate criticism.,bbc.co.uk,http://www.bbc.co.uk/news/world-africa-13327013
2011-05-09,00:40:03,h6oaw,258,Muslims attack church in Egypt: 6 killed and 120 injured,cnn.com,http://www.cnn.com/2011/WORLD/africa/05/07/egypt.clashes/?hpt=T2
2011-05-09,21:05:32,h79vq,129,"Nato units left 61 African migrants to die of hunger and thirst. Boat trying to reach Lampedusa was left to drift in Mediterranean for 16 days, despite alarm being raised.",guardian.co.uk,http://www.guardian.co.uk/world/2011/may/08/nato-ship-libyan-migrants?CMP=twt_fd
2011-05-09,12:14:53,h71t6,118,"In the ancient Bahraini village of Aali, where some graves date to 2000 B.C., a mosque had stood for more than 400 years - one of the handsomest Shiite Muslim mosques in this small island nation. Today, only bulldozer tracks remain",commondreams.org,http://www.commondreams.org/headline/2011/05/08-2
2011-05-09,14:56:09,h74z2,116,"Wikileaked Gitmo interrogations reveal Pakistani ISI sent terrorists to India where they bombed, kidnaped and killed Kashmiri people.",thehindu.com,http://www.thehindu.com/news/international/article2001848.ece
2011-05-09,23:08:36,h7c5s,102,Pakistan spy agency's alleged role in Mumbai terrorist attacks to be revealed,guardian.co.uk,http://www.guardian.co.uk/world/2011/may/09/pakistan-spy-agency-mumbai-terrorist
2011-05-10,03:16:12,h7ht4,103,"Concerted Media Efforts To Smear UK Tax Protesters; the group's core argument, that the state could save billions by pursuing corporate tax avoidance instead of cutting public services, is gaining ground.",independent.co.uk,http://www.independent.co.uk/opinion/commentators/laurie-penny-fight-for-your-right-to-be-heard-2281185.html
2011-05-10,02:02:29,h7g2c,90,A ship carrying up to 600 migrants trying to flee Libya has sunk just off the coast of the North African country,msnbc.msn.com,http://www.msnbc.msn.com/id/42959226/ns/world_news-mideastn_africa/
2011-05-09,14:13:44,h7486,65,It gets worse. Pakistan maybe headed to a military coup after the ISI outed the identity of the CIA station chief.,theaustralian.com.au,http://www.theaustralian.com.au/us-spy-in-pakistan-unmasked-as-white-house-demands-intelligence-from-osama-bin-laden-raid/story-fn8ljzlv-1226052320426
2011-05-09,22:20:07,h7b3k,60,The Taliban released a video of a Canadian man captured this year in a volatile province of central Afghanistan and said he would be put on trial for spying unless Canada's government accepted unspecified demands for his release.,ca.reuters.com,http://ca.reuters.com/article/topNews/idCATRE7470MD20110508
2011-05-09,12:44:00,h72gj,51,"Osama Bin Laden Aided by Rogue or Retired Elements of Pakistani Intelligence, Government Official Says",abcnews.go.com,http://abcnews.go.com/International/osama-bin-laden-aided-rogue-elements-pakistani-intelligence/story?id=13555983
2011-05-10,03:14:01,h7hqx,51,Japan Earthquake: Two Months Later,theatlantic.com,http://www.theatlantic.com/infocus/2011/05/japan-earthquake-two-months-later/100062/
2011-05-09,21:52:16,h7ali,50,"Oil Wealth, U.S. Backing Enables Saudi Arabia to Crush Dissent in Bahrain and at Home",democracynow.org,http://www.democracynow.org/2011/5/6/oil_wealth_us_backing_enables_saudi
2011-05-09,13:17:51,h7360,47,"Tens of thousands of Mexicans march for peace, demand end to violence - They called for Public Security Secretary Genaro Garcia Luna to resign",news.xinhuanet.com,http://news.xinhuanet.com/english2010/world/2011-05/09/c_13865045.htm
2011-05-09,10:59:42,h705y,45,Libyan gang-rape victim Eman al-Obeidy flees to Tunisia,rawstory.com,http://www.rawstory.com/rs/2011/05/08/libyan-gang-rape-victim-eman-al-obeidy-flees-to-tunisia/
2011-05-09,05:42:01,h6tsi,44,"The Royal Navy’s latest £1.2 billion nuclear submarine, HMS Astute, has been towed back to base after it suffered “a technical issue with hydraulics”,  a malfunction which could have killed the entire crew.",heraldscotland.com,http://www.heraldscotland.com/news/home-news/jinxed-nuclear-submarine-s-malfunction-could-have-killed-its-entire-crew-1.1100208
2011-05-09,08:25:25,h6wzm,37,"Muslim mobs in military-ruled Egypt set churches on fire, 12 killed overnight. ",salon.com,http://www.salon.com/news/egyptian_protests/index.html?story=/news/feature/2011/05/08/ml_egypt_sectarian_clashes_1
2011-05-09,13:57:24,h73y2,32,Japan and US plan to jointly build nuclear waste  storage facility in Mongolia,reuters.com,http://www.reuters.com/article/2011/05/09/energy-nuclear-mongolia-idUSL3E7G80HD20110509
2011-05-10,04:09:54,h7j1p,32,"Osama bin Laden must have had Pakistan support network, says Obama",guardian.co.uk,http://www.guardian.co.uk/world/2011/may/08/osama-bin-laden-pakistan-obama
2011-05-10,00:32:57,h7e0k,27,Rio's innovative solution for getting rid of it's slums for the Olympics: removing them from Google Maps,translate.google.com,http://translate.google.com/translate?hl=en&sl=auto&tl=en&u=http%3A%2F%2Foglobo.globo.com%2Frio%2Fmat%2F2011%2F04%2F25%2Fgoogle-modificara-seus-mapas-sobre-rio-924320620.asp
2011-05-09,23:22:09,h7cfk,32,"A military crackdown on Syria’s seven-week uprising escalated Sunday, with reinforcements sent to two cities, more forces deployed in a southern town and nearly all communications severed to besieged locales",nytimes.com,http://www.nytimes.com/2011/05/09/world/middleeast/09syria.html?_r=1&smid=tw-nytimes&seid=auto
2011-05-10,03:20:27,h7hwt,31,"TONY Blair received £400,000 from a fund for disadvantaged children to set up an office in a five-star hotel.",express.co.uk,http://www.express.co.uk/posts/view/245508/Tony-Blair-used-children-s-cash-to-set-up-office-
2011-05-09,21:47:59,h7aip,23,"Heavy gunfire has been heard in a western suburb of the Syrian capital of Damascus, after the army cordoned off the area",bbc.co.uk,http://www.bbc.co.uk/news/world-middle-east-13330069
2011-05-09,13:23:18,h73a2,23,Mexicans march against war on drugs which has killed tens of thousands,youtube.com,http://www.youtube.com/watch?v=4euMri-Q7OY&feature=feedu
2011-05-10,05:55:28,h7ljn,22,25 of Ahmadinejad's  government officials were arrested for witchcraft. Rift between Ahmadinejad and Khomeini turns into open antagonism.,newspepper.su,http://newspepper.su/news/2011/5/6/ahmadinejad39s-supporters-were-arrested-for-witchcraft/
2011-05-10,03:30:11,h7i4g,25,"In a startling statement, the chairman of the Israeli Knesset's Foreign Affairs and Defence Committee has threatened to assassinate the head of the political bureau of Hamas.",middleeastmonitor.org.uk,http://www.middleeastmonitor.org.uk/news/middle-east/2321-meshaal-told-to-choose-between-committing-to-quartets-conditions-and-bin-ladens-fate
