2011-02-19,06:23:36,fo662,1675,So much for that.  US VETOES U.N. resolution condeming Israeli settlements,reuters.com,http://www.reuters.com/article/2011/02/18/us-palestinians-israel-un-vote-idUSTRE71H6W720110218?feedType=RSS&feedName=topNews
2011-02-19,07:00:50,fo6v7,1531,Police gunning down protestors in Bahrain - video,youtube.com,http://www.youtube.com/watch?v=fwnUQcKXmMM
2011-02-19,22:32:21,foi11,1238,1000s Of Protesters Retake Bahrain Square,english.aljazeera.net,http://english.aljazeera.net/news/middleeast/2011/02/201121914336940622.html
2011-02-19,12:56:46,foc9l,638,Libya is off the Internet.,renesys.com,http://www.renesys.com/blog/2011/02/libyan-disconnect-1.shtml
2011-02-19,16:50:22,fof4x,335,Libyan students in the US told by embassy to attend pro-Ghaddafi rallies in DC or risk having their scholarship money revoked ,english.aljazeera.net,http://english.aljazeera.net/news/africa/2011/02/2011217184949502493.html
2011-02-19,22:05:05,fohr9,316,Shit is really hitting the fan in the Middle East... Guardian Live Updates,guardian.co.uk,http://www.guardian.co.uk/world/blog/2011/feb/19/libya-bahrain-protests-live-updates
2011-02-19,21:46:22,fohky,222,Lybia: 84 people killed in past three days during rallies calling for ousting of Muammar Gaddafi,english.aljazeera.net,http://english.aljazeera.net/news/africa/2011/02/2011219811665897.html
2011-02-19,23:19:19,foim3,198,"Bahrain police retreat, protesters reoccupy Pearl Square",haaretz.com,http://www.haaretz.com/news/international/bahrain-police-retreat-protesters-reoccupy-pearl-square-1.344405
2011-02-20,07:17:49,foptk,120,Libya machine gunning protestors and launching mortars at them. ,bbc.co.uk,http://www.bbc.co.uk/news/world-africa-12516156
2011-02-20,03:16:17,fom6p,100,"Protesters reoccupy Bahrain's Central Square: ""I don't care whether I die or live, but if I die I'll bring you freedom. If I live, I'll live the freedom with you""",voanews.com,http://www.voanews.com/english/news/Anti-Government-Protesters-Storm-Bahrains-Central-Square-116531153.html
2011-02-19,19:11:13,fogc4,64,Israeli bulldozers raze Palestinian land in Jerusalem.,imemc.org,http://www.imemc.org/article/60669
2011-02-19,21:45:59,fohkv,61,Report: Helicopters fire on Libya protesters,news.blogs.cnn.com,http://news.blogs.cnn.com/2011/02/19/report-helicopters-fire-on-libya-protesters/
2011-02-19,16:06:15,foeoz,66,"""The international community is watching...why isn't anyone helping us?""",nytimes.com,http://www.nytimes.com/2011/02/19/world/africa/19libya.html?_r=1&ref=world
2011-02-19,17:27:07,fofgw,58,"Human Rights Watch claims that Libyan security forces have killed 84 people over the past three days.
",hrw.org,http://www.hrw.org/node/96622
2011-02-19,10:42:37,foadu,36,Bahrain massacre: They didn't run away. They faced the bullets head-on,belfasttelegraph.co.uk,http://www.belfasttelegraph.co.uk/news/world-news/bahrain-massacre-they-didnt-run-away-they-faced-the-bullets-headon-15089708.html
2011-02-20,01:07:18,fok6p,34,Delirious Joy in Bahrain,kristof.blogs.nytimes.com,http://kristof.blogs.nytimes.com/2011/02/19/delirious-joy-in-bahrain/
2011-02-20,00:41:22,fojsm,36,"Bahrain military withdraws; protesters swarm landmark, Protesters in Bahrain retake Pearl Roundabout",cnn.com,http://www.cnn.com/2011/WORLD/meast/02/19/bahrain.protests/index.html?hpt=T1
2011-02-20,03:24:24,fombn,33,"Libyan protesters risk 'suicide' by army hands —
Gaddafi confronts the most serious challenge to his 42-year rule by unleashing army on unarmed demonstrators",guardian.co.uk,http://www.guardian.co.uk/world/2011/feb/19/libyan-protesters-gaddafi-suicide-army
2011-02-20,05:36:03,foo9c,32,"LIBYA: African mercenaries imported by Kadafi to quash protests, Al Arabiya reports",latimesblogs.latimes.com,http://latimesblogs.latimes.com/babylonbeyond/2011/02/libya-protests-2.html
2011-02-19,19:32:23,foghg,27,Israeli army demolishes mosque.,imemc.org,http://www.imemc.org/article/60667
2011-02-19,11:00:18,foamg,30,"Libyan security forces has killed least 46 protestors:  Gaddafi has ""permitted use lethal force against unarmed protesters calling for political change"" ",reuters.com,http://www.reuters.com/article/2011/02/18/us-libya-protests-amnesty-idUSTRE71H73620110218
2011-02-20,05:23:48,foo2n,23,Bahrain Police shooting at unarmed women demonstrators,youtube.com,http://www.youtube.com/watch?v=6KxccpD7EcI
2011-02-20,02:47:33,folsh,21,Israeli President Peres calls Palestinian President Abbas to discuss peace process in wake of failed UN settlement resolution,haaretz.com,http://www.haaretz.com/news/diplomacy-defense/peres-calls-abbas-to-discuss-peace-process-in-wake-of-failed-un-settlement-resolution-1.344446
2011-02-19,16:26:02,foevu,17,"Palestinian envoy: U.S. veto at UN 'encourages Israeli intransigence' on settlements
",haaretz.com,http://www.haaretz.com/news/diplomacy-defense/palestinian-envoy-u-s-veto-at-un-encourages-israeli-intransigence-on-settlements-1.344364
2011-02-19,21:10:51,foh8k,18,"""But you know, the people in Bahrain have changed. They didn't want to run away. They faced the bullets with their bodies."" ",independent.co.uk,http://www.independent.co.uk/news/world/middle-east/robert-fisk-in-bahrain-they-didnt-run-away-they-faced-the-bullets-headon-2219267.html
2011-02-19,08:16:16,fo872,16,"Obama vetoes UN resolution condemning Israeli settlements which he thinks will ""improve relation with Muslim world""",bbc.co.uk,http://www.bbc.co.uk/news/world-middle-east-12512732
2011-02-19,11:35:23,fob52,16,Jordan protest turns violent: Anti-government protests become routine on Fridays in Jordan since popular uprisings swept Egypt and Tunisia. ,english.aljazeera.net,http://english.aljazeera.net/news/middleeast/2011/02/201121821116689870.html
2011-02-19,08:26:16,fo8d1,17,Where they're protesting and why: Unrest in the Middle East and North Africa -- country by country,cnn.com,http://www.cnn.com/2011/WORLD/meast/02/18/mideast.africa.unrest/index.html?hpt=C1
2011-02-19,09:57:34,fo9rq,16,"Bahrain, Libya and Yemen try to crush protests with violence | World news | The Guardian",guardian.co.uk,http://www.guardian.co.uk/world/2011/feb/18/bahrain-libya-yemen-protests-violence
2011-02-20,02:31:25,foljr,13,The United States Stands Alone with Israel in the UN Security Council (or How Honest is the Honest Broker?,richardfalk.wordpress.com,http://richardfalk.wordpress.com/2011/02/19/the-united-states-stands-alone-with-israel-in-the-un-security-council-or-how-honest-is-the-honest-broker/
