2011-08-02,06:13:43,j61m6,311,Israel agrees to negotiate over pre-'67 lines,msnbc.msn.com,http://www.msnbc.msn.com/id/43976427/ns/world_news-mideast_n_africa/
2011-08-02,21:21:23,j6mmq,219,Fatal Radiation Levels At Fukushima Now 'Off The Scale',businessinsider.com,http://www.businessinsider.com/fatal-radiation-levels-at-fukushima-now-off-the-scale-2011-8
2011-08-02,11:13:02,j6a3n,207,"It's not just Apple and Ikea, China also fakes these stores: Disney, Nike, D&G, McDonald's, Starbucks and more",businessinsider.com,http://www.businessinsider.com/china-fake-stores-2011-8?op=1
2011-08-02,11:34:05,j6aqa,189,Japanese officials are shocked after finding a new record high of radiation at Fukushima contrary to their expectations.,abc.net.au,http://www.abc.net.au/news/2011-08-02/radiation-levels-spike-at-fukushima-nuclear-power/2820930?section=world
2011-08-03,07:58:51,j75qo,95,"The people of Iceland have now twice voted not to repay international debts incurred by banks, and bankers, for which the whole island is being held responsible. With the present turmoil in European capitals, could this be the way forward for other economies?",mondediplo.com,http://mondediplo.com/2011/08/02iceland
2011-08-02,08:38:08,j65pt,87,Swede busted for building a nuclear reactor in his kitchen,translate.google.com,http://translate.google.com/translate?js=n&prev=_t&hl=en&ie=UTF-8&layout=2&eotf=1&sl=sv&tl=en&u=http%3A%2F%2Fhd.se%2Fangelholm%2F2011%2F08%2F01%2Fforsokte-bygga-karnreaktor-i%2F
2011-08-02,08:36:07,j65no,76,Chinese newspapers defy government ban on negative coverage of bullet train crash,irishtimes.com,http://www.irishtimes.com/newspaper/world/2011/0802/1224301719198.html
2011-08-02,09:50:14,j67ox,69,Korean journalist predicts collapse of North,washingtontimes.com,http://www.washingtontimes.com/news/2011/aug/1/korean-journalist-predicts-collapse-of-north/#.TjdJq7jYhqQ.reddit
2011-08-02,00:22:59,j5qsl,61,Major retail chain in Norway will stop selling violent video games after massacre,techland.time.com,http://techland.time.com/2011/08/01/norway-retail-chain-pulling-violent-video-games-in-wake-of-breivik-killings/
2011-08-02,13:48:22,j6ej6,59, News International ordered mass deletion of emails nine times ,guardian.co.uk,http://www.guardian.co.uk/media/2011/aug/01/news-international-ordered-email-mass-deletions?CMP=twt_fd
2011-08-02,20:38:02,j6lwh,50,Phone-hacking scandal: Key figure at News International arrested,guardian.co.uk,http://www.guardian.co.uk/media/2011/aug/02/phone-hacking-scandal-new-arrest
2011-08-02,21:09:33,j6mew,48,"key figure at News International, has been arrested on suspicion of conspiring to intercept communications and corruption.",bbc.co.uk,http://www.bbc.co.uk/news/uk-14375688
2011-08-03,02:03:11,j6uft,38,Italy Burqa Ban: Muslim Veil Law Passes Parliamentary Commision,huffingtonpost.com,http://www.huffingtonpost.com/2011/08/02/italy-muslim-burqa-ban_n_916104.html
2011-08-02,13:15:12,j6dm8,36,Syrian protesters demand action to halt killings by Bashar al-Assad regime:  Activists appeal to international community to increase pressure as condemnation mounts over escalating bloodshed,guardian.co.uk,http://www.guardian.co.uk/world/2011/aug/01/syria-demands-action-assad-killings
2011-08-03,00:12:44,j6qvr,36,Israeli high court finds in favor of Palestinian property rights.,jpost.com,http://www.jpost.com/NationalNews/Article.aspx?id=232107
2011-08-02,13:12:09,j6dj6,31,Norway Withdraws Jets from Libya Ops,defensenews.com,http://www.defensenews.com/story.php?i=7264257&c=EUR&s=AIR
2011-08-02,22:51:06,j6olw,31,"Israel's supreme court ordered the evacuation of a hilltop outpost where some 250 Jewish settlers live without further delay, upholding a petition made by Palestinians and an anti-settler group over five years ago",reuters.com,http://www.reuters.com/article/2011/08/02/us-palestinians-israel-outpost-idUSTRE7712YY20110802?feedType=RSS&feedName=topNews&dlvrit=59363
2011-08-02,12:57:55,j6d4o,29,Japan Nuclear Crisis: Record High Radiation at Crippled Japan Nuke Plant ,commondreams.org,http://www.commondreams.org/headline/2011/08/01-5
2011-08-03,00:33:42,j6ria,25,Murdoch cream-pie thrower gets 6 weeks in jail,msnbc.msn.com,http://www.msnbc.msn.com/id/43985396/ns/world_news-europe/
2011-08-02,09:32:39,j6778,21,Egypt army breaks up protest in Cairo’s Tahrir Square ,theglobeandmail.com,http://www.theglobeandmail.com/news/world/africa-mideast/egypt-army-breaks-up-protest-in-cairos-tahrir-square/article2116266/
2011-08-02,21:54:25,j6n98,25,"The Shabab Islamist insurgent group, which controls much of southern Somalia, is blocking starving people from fleeing the country and setting up a cantonment camp where it is imprisoning displaced people who were trying to escape Shabab territory",nytimes.com,http://www.nytimes.com/2011/08/02/world/africa/02somalia.html?_r=1&hp
2011-08-02,11:00:56,j69r3,19,"China Aims To Renew Status As Scientific Superpower. China was probably the world's earliest technological superpower, inventing the plow, the compass, gunpowder and block printing. Then, science in the Middle Kingdom languished for centuries.",npr.org,http://www.npr.org/2011/08/01/138837512/china-aims-to-renew-status-as-scientific-superpower
2011-08-03,06:00:27,j727c,20,Philippine capital hit by massive floods,cbc.ca,http://www.cbc.ca/news/world/story/2011/08/02/world-philippines-floods.html
2011-08-02,21:04:19,j6mbc,17,"Turkey’s Generals Resign --- 
Good analysis of tension between the military and governing AKP. Problem is that the healthy process of asserting civilian control is being undertaken by a party that's intolerant of dissent and has been politicising the bureaucracy",juancole.com,http://www.juancole.com/2011/08/eissenstat-turkeys-generals-resign.html
2011-08-03,06:57:50,j73z7,18,Report: Lebanon bombing was attempted hit on Hezbollah chief,haaretz.com,http://www.haaretz.com/news/middle-east/report-lebanon-bombing-was-attempted-hit-on-hezbollah-chief-1.376574
2011-08-02,22:28:01,j6o1c,15,"Top prosecutors in Mexico resign en masse.  Senior federal prosecutors in 21 of the country's 31 states and federal district step down, and it's not clear if they were forced out or quit in rebellion.
",latimes.com,"http://www.latimes.com/news/nationworld/world/la-fg-mexico-prosecutors-20110802,0,5475234.story"
2011-08-02,09:19:02,j66tp,14,Teenage 'hacker' appears in court – and creates a new bestseller,independent.co.uk,http://www.independent.co.uk/news/uk/crime/teenage-hacker-appears-in-court-ndash-and-creates-a-new-bestseller-2330256.html
2011-08-02,21:04:59,j6mbr,11,"Phone-hacking scandal: Key figure at News International arrested: Unnamed man, believed to be former NoW managing editor Stuart Kuttner, taken into custody for questioning.",guardian.co.uk,http://www.guardian.co.uk/media/2011/aug/02/phone-hacking-scandal-new-arrest?CMP=SOCNETTXT6966
2011-08-02,21:30:21,j6msg,13,Former News of the World managing editor arrested over phone hacking; his role included signing off on payments to private detectives,mediaspy.org,http://www.mediaspy.org/report/2011/08/02/police-arrest-former-news-of-the-world-managing-editor/
2011-08-03,04:23:58,j6z2n,13,Gaddafi forces launch Zlitan offensive,english.aljazeera.net,http://english.aljazeera.net/news/africa/2011/08/201182125438296541.html
