2011-05-17,09:41:22,hcz9q,791,"Gadhafi's new weapon: Fill an inflatable boat with explosives, put mannequins in it, and send it out to sea in search of a humanitarian aid ship to destroy",wired.com,http://www.wired.com/dangerroom/2011/05/gadhafis-new-weapon-floating-bombs-filled-with-dummies/
2011-05-17,15:09:01,hd6dg,654,"Saudi woman drives her own car for four days, world doesn't implode.",google.com,http://www.google.com/hostednews/afp/article/ALeqM5gvGDHKR6WNHRMODi-n8JsNRBoB5g
2011-05-17,19:02:29,hd9jr,260,Cooling system of Fukushima plant's No. 1 reactor was not functioning before tsunami,mdn.mainichi.jp,http://mdn.mainichi.jp/mdnnews/news/20110517p2a00m0na008000c.html
2011-05-17,10:56:09,hd0zh,219,The good news:  Thailand jungles mask surprise rise in tiger numbers,guardian.co.uk,http://www.guardian.co.uk/environment/2011/may/17/thailand-jungles-rising-hopes-tiger
2011-05-18,00:32:43,hdf90,203,Where is Khaled? Saudi man goes missing after giving interview to the foreign press.,youtube.com,http://www.youtube.com/watch?v=mxinAxWxXo8
2011-05-17,08:14:05,hcxc8,186,Italy upgrades palestinian delegation in Rome to embassy status,english.wafa.ps,http://english.wafa.ps/index.php?action=detail&id=16144
2011-05-17,23:17:44,hddj8,156,Pakistani troops open fire on ISAF helicopters at Afghan border,longwarjournal.org,http://www.longwarjournal.org/archives/2011/05/pakistan_fires_on_tw.php
2011-05-17,01:35:32,hcmyz,145,"McDonald’s Replaces Cashiers with Touch-Screens:
European restaurants test self-checkout model",investorplace.com,http://www.investorplace.com/41160/mcdonalds-nyse-mcd-touch-screen-menu-ordering/
2011-05-17,09:22:59,hcyv6,128,All 17 German nuclear reactors now look set to close by 2022 at the latest.,utilityweek.co.uk,http://www.utilityweek.co.uk/news/news_story.asp?id=195414&title=Fukushima+fucks+up+nuclear+industry
2011-05-17,16:53:41,hd7z8,125,UK government's terrorism watchdog has warned police not to misuse anti-terror laws to round up innocent people - particularly in the run-up to the Olympics,independent.co.uk,http://www.independent.co.uk/news/uk/crime/police-warned-not-to-misuse-antiterror-laws-to-round-up-innocent-people-2284994.html
2011-05-17,11:59:09,hd2g1,112,"World in the Throes of a Human Rights Revolution, Says Amnesty International",ipsnews.net,http://www.ipsnews.net/news.asp?idnews=55626
2011-05-17,01:39:21,hcn1z,113,TEPCO admits nuclear meltdown occurred at Fukushima reactor 16 hours after quake,mdn.mainichi.jp,http://mdn.mainichi.jp/mdnnews/news/20110516p2a00m0na028000c.html
2011-05-17,16:19:47,hd7ij,102,Bomb found on bus in Ireland ahead of queens visit,nytimes.com,http://www.nytimes.com/aponline/2011/05/16/world/europe/AP-EU-Ireland-Queens-Visit.html?_r=1&smid=tw-nytimes&seid=auto
2011-05-17,08:58:06,hcybb,89,Palestinians test tactic of unarmed mass marches,msnbc.msn.com,http://www.msnbc.msn.com/id/43050231/ns/world_news-mideastn_africa/
2011-05-17,09:42:12,hcza8,81,"Guatemala: 27 massacred, decapitated in Petén by paramilitary drug gang Los Zetas",boingboing.net,http://www.boingboing.net/2011/05/16/guatemala-27-massacr.html
2011-05-18,00:01:28,hdeiv,70,"Six weeks after Chinese authorities scooped him up at the Beijing airport to be held on vague charges, acclaimed international artist Ai Weiwei was finally permitted to see his wife on Sunday. It marked the first time anyone from the outside world had seen Ai since his detention.",takepart.com,http://www.takepart.com/news/2011/05/16/ai-weiweis-wife-finally-gets-to-see-him
2011-05-17,02:44:31,hcomq,66,"US to deploy troops if Pak nukes come under threat - US troops will be deployed in Pakistan if the nation's nuclear installations come under threat from terrorists out to avenge the killing of Osama bin Laden, the Sunday Express can reveal.",paktribune.com,http://www.paktribune.com/news/index.shtml?239334
2011-05-18,00:35:34,hdfc1,63,Tanks storm southern city as Syria denies mass grave,reuters.com,http://www.reuters.com/article/2011/05/17/us-syria-idUSLDE73N02P20110517
2011-05-18,03:34:33,hdk6h,52,"Denmark wants the North Pole - The Danish government is planning to officially announce that it is to lay claim to the North Pole, according to a draft Danish-Faroese-Greenland strategy which Information has obtained.",politiken.dk,http://politiken.dk/newsinenglish/ECE1284208/denmark-wants-the-north-pole/
2011-05-17,17:20:43,hd8bl,54,Fukushima Daiichi cooling system was shutdown manually ahead of Tsunami possibly to prevent damage to the reactors. Japanese gov will urge TEPCO to explain how and why the measure was taken.,japantoday.com,http://www.japantoday.com/category/politics/view/edano-caught-off-guard-by-new-pre-tsunami-nuclear-plant-info#comments
2011-05-17,09:21:03,hcytu,51,Japanese Officials Ignored or Concealed Dangers,nytimes.com,http://www.nytimes.com/2011/05/17/world/asia/17japan.html?_r=1&hp
2011-05-17,21:04:30,hdb1r,49,Syrian mass grave found near Deraa,guardian.co.uk,http://www.guardian.co.uk/world/2011/may/17/syrian-mass-grave-deraa-residents
2011-05-17,20:21:52,hdaiw,47,"Illegal Trade in Bear Bile Flourishes throughout Asia: its used in traditional medicine is rampant throughout 12 Asian countries, despite national and international laws banning or limiting the practice",scientificamerican.com,http://www.scientificamerican.com/blog/post.cfm?id=vile-illegal-trade-in-bear-bile-flo-2011-05-12
2011-05-17,22:59:57,hdd5j,49,President of Guatemala delcares state of emergency over massacre.,english.aljazeera.net,http://english.aljazeera.net/video/americas/2011/05/2011517103516680111.html
2011-05-17,18:21:53,hd92z,41,"TEPCO documents reveal chaos at Fukushima nuke plant after quake, tsunami",mdn.mainichi.jp,http://mdn.mainichi.jp/mdnnews/news/20110517p2a00m0na010000c.html
2011-05-17,20:26:42,hdal7,38,Nato 'attacked' Pakistan army post,independent.co.uk,http://www.independent.co.uk/news/world/asia/nato-attacked-pakistan-army-post-2285176.html
2011-05-17,23:05:54,hdda3,39,"German paper: Iran is building rocket launch bases in Venezuela
",hotair.com,http://hotair.com/archives/2011/05/16/german-paper-iran-is-building-rocket-launch-bases-in-venezuela/
2011-05-18,00:25:06,hdf1r,42,Libyan oil minister Shokri Ghanem 'defects',english.aljazeera.net,http://english.aljazeera.net/news/africa/2011/05/20115171257877670.html
2011-05-17,23:25:59,hddqx,35,The Odd French Reaction To The Arrest Of Dominique Strauss-Kahn,outsidethebeltway.com,http://www.outsidethebeltway.com/the-odd-french-reaction-to-the-arrest-of-dominique-strauss-kahn/
2011-05-17,01:54:47,hcng3,28,"IMF chief being probed for 2nd sex assault
",cbc.ca,http://www.cbc.ca/news/world/story/2011/05/16/strauss-kahn-imf.html
