2011-03-13,22:12:28,g33ql,2083,Google you're awesome,google.com,http://www.google.com/crisisresponse/japanquake2011.html
2011-03-13,05:44:15,g2ruj,1582,crazy video of the ground shifting during the quake ,youtube.com,http://www.youtube.com/watch?feature=player_embedded&v=-LPGzzaSsbU
2011-03-13,03:17:35,g2pg1,1055,Groundbreaking New UN Report on How to Feed the World's Hungry: Ditch Corporate-Controlled Agriculture,alternet.org,http://www.alternet.org/story/150158/groundbreaking_new_un_report_on_how_to_feed_the_world%27s_hungry:_ditch_corporate-controlled_agriculture?akid=6651.14038.mo6v73&rd=1&t=18
2011-03-13,15:09:33,g3004,540,Japan: Earthquake from the 22nd floor of an office building shaking for a whole 5 minutes (Video),vimeo.com,http://vimeo.com/20927606
2011-03-14,00:54:31,g35wa,456,"This jaw-dropping, breathtaking, stunning picture was taken by Mainichi Shimbun on 11 March 2011 in Miyako, Japan.",cdn.theatlantic.com,http://cdn.theatlantic.com/static/infocus/jpq031311/j01_RTR2JTXO.jpg
2011-03-13,20:39:59,g32v7,430,Why you don't have to fear the Japanese nuclear plant,morgsatlarge.wordpress.com,http://morgsatlarge.wordpress.com/2011/03/13/why-i-am-not-worried-about-japans-nuclear-reactors/
2011-03-13,23:45:33,g34wq,325,Japan tsunami survivor found clinging to roof 10 miles out at sea,guardian.co.uk,http://www.guardian.co.uk/world/2011/mar/13/japan-tsunami-survivor-shinkawa-rescued-fukushima
2011-03-13,23:05:10,g34dh,255,Nonviolent Bahraini Protester Shot Point Blank by Riot Police Mar 13 [NSFW] ,youtube.com,http://www.youtube.com/watch?v=zimPBcVa084&feature=youtu.be
2011-03-13,08:45:37,g2um6,248,"When Japanese officials decided to vent radioactive steam from a severely overheated reactor vessel they knew a hydrogen explosion could occur, and it did. The decision still trumped the worst-case alternative - total nuclear meltdown... At least for the time being.",google.com,http://www.google.com/hostednews/ap/article/ALeqM5iM7SAc-6HKpSc0cHhRuTdQiwpabw?docId=1bb45fb635744b92b6eae8ff2e446565
2011-03-13,18:44:13,g31yr,205,"Death toll in Japan exceeds 10,000 in one state alone; millions of survivors left without drinking water, electricity and proper food",news.yahoo.com,http://news.yahoo.com/s/ap/20110313/ap_on_bi_ge/as_japan_earthquake
2011-03-13,21:06:00,g332l,180,Head of the Whistleblowing Airline Employees Association Goes Missing,examiner.com,http://www.examiner.com/homeland-security-in-los-angeles/head-of-the-whistleblowing-airline-employees-association-captain-dan-hanley
2011-03-14,06:53:00,g3bxc,167,Stop spreading FUD about the Fukushima reactors. PLEASE READ THIS: Fukushima Nuclear Accident – a simple and accurate explanation,theenergycollective.com,http://theenergycollective.com/barrybrook/53461/fukushima-nuclear-accident-simple-and-accurate-explanation
2011-03-13,15:37:39,g30ak,162,Photo of a large boat teetering on top of a building.,desmond.yfrog.com,http://desmond.yfrog.com/Himg620/scaled.php?tn=0&server=620&filename=va0gx.jpg&xsize=640&ysize=640
2011-03-13,13:41:44,g2ywy,141,Amazing ground video of the tsunami!,youtube.com,http://www.youtube.com/watch?v=sF4gQZjzAkI&feature=youtu.be
2011-03-13,21:37:53,g33ch,138,"Satellite Photos of Japan, Before and After the Quake and Tsunami",nytimes.com,http://www.nytimes.com/interactive/2011/03/13/world/asia/satellite-photos-japan-before-and-after-tsunami.html
2011-03-13,13:58:10,g2z4g,95,Japan's earthquake now upgraded to 9.0 magnitude.,cbsnews.com,http://www.cbsnews.com/8301-503543_162-20042549-503543.html
2011-03-14,07:15:09,g3ca4,88,The Gaddafi regime has taken back significant chunks of territory from the anti-government rebels. ,washingtonpost.com,http://www.washingtonpost.com/world/gaddafi-forces-push-deeper-into-rebel-held-territory/2011/03/12/ABFTwhS_story.html
2011-03-13,23:47:20,g34xl,79,"""A Japanese man who was swept 15 kilometres out to sea in the tsunami was plucked to safety yesterday [13 Mar 2011] after being spotted clinging to wreckage, officials said. A Maritime Self-Defence Force destroyer rescued Hiromitsu Shinkawa, 60, after discovering him floating on a piece of roof...""",smh.com.au,http://www.smh.com.au/world/man-floating-at-sea-on-wreckage-20110313-1bt2o.html
2011-03-13,22:33:20,g33zc,80,Volcano erupts in southwestern Japan,ndtv.com,http://www.ndtv.com/article/world/volcano-erupts-in-southwestern-japan-91393
2011-03-13,14:31:42,g2zjk,71,"Share this with your friends:  Fukushima situation as explained by a PhD, PE nuclear engineer",cnn.com,http://www.cnn.com/video/data/2.0/video/world/2011/03/12/nr.sjoden.no.meltdown.cnn.html
2011-03-14,02:27:28,g37c1,65,"As if Japan didn't have enough to deal with: ""Shinmoedake volcano in southwestern Japan erupted Sunday sending ash and rocks up to four kilometers into the air""",youtube.com,http://www.youtube.com/watch?v=04HPOmJ8vfE&feature=player_embedded
2011-03-14,00:01:59,g354i,57,"Mall ground full of people shifting during Japan quake, looks like macabre Disney ride",youtube.com,http://www.youtube.com/watch?v=JfB4Bia69Sk&hd=1
2011-03-13,12:07:24,g2xnv,54,Japanese officials operating under assumption that nuclear meltdown is now underway at two plants,cnn.com,http://www.cnn.com/2011/WORLD/asiapcf/03/12/japan.quake/index.html?hpt=T1&iref=BN1
2011-03-14,04:22:33,g39cm,57,"New dramatic video: Tsunami wave spills over seawall, smashes boats, cars",youtube.com,http://www.youtube.com/watch?v=5-zfCBCq-8I
2011-03-13,10:50:40,g2wib,57,"1:20 PM Australian EST (about 30 minutes ago)
Japan nuke plant operator says top of fuel rods three metres above water.

(Kyodo)",abc.net.au,http://www.abc.net.au/news/events/japan-quake-2011/
2011-03-13,21:24:30,g337s,40,Japan nuclear crisis worsens as country braces for second huge earthquake,guardian.co.uk,http://www.guardian.co.uk/world/2011/mar/13/japan-earthquake-tsunami-nuclear-crisis
2011-03-13,21:51:52,g33ho,37,Croatia - modern mafia state,washingtontimes.com,http://www.washingtontimes.com/news/2010/sep/30/a-modern-mafia-state/
2011-03-13,11:09:43,g2wt9,29,Japan on high nuclear alert after another reactor's cooling system fail,english.aljazeera.net,http://english.aljazeera.net//news/asia-pacific/2011/03/20113130540539552.html
2011-03-13,19:31:36,g32ce,32,Israel approves hundreds of new homes in the occupied West Bank,guardian.co.uk,http://www.guardian.co.uk/world/2011/mar/13/israel-netanyahu-settlers-murder-response
2011-03-13,06:26:56,g2sij,29,Japanese Government Confirms Meltdown,stratfor.com,http://www.stratfor.com/analysis/20110312-japanese-government-confirms-meltdown?utm_source=redalert&utm_medium=email&utm_campaign=110312%286%29&utm_content=readmore&elq=22ba213a197449acbe8e13d44e9c9af4
