2011-04-06,03:10:42,gj9me,1394,"Julian Assange: ""WikiLeaks is the intelligence agency of the people""",newstatesman.com,http://www.newstatesman.com/blogs/the-staggers/2011/04/assange-wikileaks-radical
2011-04-06,22:56:32,gjwm4,1213,Japan: Radioactive leak plugged!,bbc.co.uk,http://www.bbc.co.uk/news/world-asia-pacific-12981243
2011-04-06,12:13:37,gjmao,1025,"Video of police assault on Ian Tomlinson, who died at the London G20 protest in 2009: It shows Tomlinson, who was not part of the demonstration, being assaulted from behind and pushed to the ground by baton-wielding police",youtube.com,http://www.youtube.com/watch?v=HECMVdl-9SQ&feature=player_embedded
2011-04-07,05:31:12,gk6lk,329,75 Year old Georgian Woman shuts down Armenian internet for 12 hours.,engadget.com,http://www.engadget.com/2011/04/06/elderly-georgian-lady-disconnects-armenian-internet-for-half-a-d/
2011-04-07,05:18:51,gk69q,218,Wikileaks: Afghan School Success A Myth - Confidential documents give a bleak picture of Afghan schools supported by the West.,politiken.dk,http://politiken.dk/newsinenglish/ECE1246577/wiki-afghan-school-success-a-myth/
2011-04-06,17:53:14,gjs7o,217,International Energy Agency says peak oil happened in 2006,news.nationalgeographic.com,http://news.nationalgeographic.com/news/energy/2010/11/101109-peak-oil-iea-world-energy-outlook/
2011-04-07,05:05:18,gk5xl,215,Portugal calls for EU financial bail-out,bbc.co.uk,http://www.bbc.co.uk/news/business-12993318
2011-04-06,12:29:42,gjmp7,205,"The cop who pushed Ian Tomlinson to the ground during the G20 protests told an inquest into the newspaper seller's death that he had been ""in fear for my life""",guardian.co.uk,http://www.guardian.co.uk/uk/2011/apr/04/ian-tomlinson-inquest-simon-harwood
2011-04-06,15:50:10,gjqj8,164,David Cameron: Britain caused many of the world's problems,telegraph.co.uk,http://www.telegraph.co.uk/news/politics/david-cameron/8430899/David-Cameron-Britain-caused-many-of-the-worlds-problems.html?sms_ss=reddit&at_xt=4d9c0d0ed6a3304d%2C0
2011-04-06,09:56:24,gjj60,161,"New Israeli-Palestinian peace proposal presented 
and endorsed by Mossad and Shin Bet chief, among 
others. Sovereign Palestine, 1967 borders, return 
fo the Golan Heights to Syria",ynetnews.com,"http://www.ynetnews.com/articles/0,7340,L-4052347,00.html"
2011-04-06,23:23:16,gjx6e,150,"In post-Mubarak Egypt, abductions of women have become a phenomenon spread against the background of lawlessness",translate.google.com,http://translate.google.com/translate?u=http%3A%2F%2Fwww.fpnp.net%2Far%2Fnews%2F72288_%25D8%25AA%25D8%25B2%25D8%25A7%25D9%258A%25D8%25AF_%25D8%25A7%25D8%25AE%25D8%25AA%25D8%25B7%25D8%25A7%25D9%2581_%25D8%25A7%25D9%2584%25D9%2581%25D8%25AA%25D9%258A%25D8%25A7%25D8%25AA_%25D8%25A8%25D8%25B9%25D8%25AF_%25D8%25A7%25D9%2584%25D8%25AB%25D9%2588%25D8%25B1%25D8%25A9_%25D8%25A7%25D9%2584%25D9%2585%25D8%25B5%25D8%25B1%25D9%258A%25D8%25A9.html&sl=ar&tl=en&hl=&ie=UTF-8
2011-04-06,08:10:01,gjgwp,146,"English surgeons protest long wait times for major operations that keep patients in severe pain for months & other surgeries being outright denied in order to save money for the National Health Service. ""GPs were told not so send as many patients to hospital[...]""",bbc.co.uk,http://www.bbc.co.uk/news/health-12964360
2011-04-07,01:25:26,gk05q,91,Japan’s tsunami-ravaged towns forgot wisdom left by their ancestors centuries ago,washingtonpost.com,http://www.washingtonpost.com/world/japans_tsunami_ravaged_towns_forgot_wisdom_left_by_their_ancestors_centuries_ago/2011/04/06/AFiivHpC_story.html?wprss=rss_world
2011-04-06,02:10:45,gj7y3,55,NHK: Radioactivity at Fukushima Daiichi No. 1-3 exceeds capacity of monitoring devices,nhk.or.jp,http://www3.nhk.or.jp/daily/english/05_38.html
2011-04-06,01:08:18,gj68p,55,"Japan is ""very sorry"" about irradiating the ocean without prior notice, and promises never to do it again.",english.kyodonews.jp,http://english.kyodonews.jp/news/2011/04/83353.html
2011-04-06,23:54:11,gjxul,51,Military and medical experts call on doctors to use their position of trust in society to build support for action on climate change.,guardian.co.uk,http://www.guardian.co.uk/environment/2011/apr/05/doctors-climate-change-leadership
2011-04-06,19:28:52,gjtew,43,"Ai Weiwei's detention suggests the bad old days are returning in China --- 
A brutal crackdown on dissenters seems to signal a return to totalitarian repression",telegraph.co.uk,http://www.telegraph.co.uk/news/worldnews/asia/china/8430169/Ai-Weiweis-detention-suggests-the-bad-old-days-are-returning-in-China.html
2011-04-07,04:18:55,gk4p6,43,"First mention in a Chinese newspaper of the detention of Ai Weiwei:  ""Ai Weiwei chooses to have a different attitude from ordinary people toward law. However, the law will not bend for mavericks just because of the Western media's criticism."" ",online.wsj.com,http://online.wsj.com/article/SB10001424052748703280904576246733527850332.html
2011-04-06,10:54:06,gjkem,41,"Tokyo Electric Power Company ""called the initial offer 'payment for their troubles,' and would not detail how much money is being offered to each community. But Kousei Negishi, who is the manager of general affairs for Namie, said that it was..about $12 for each of Namie's roughly 20,000 residents.""",cnn.com,http://www.cnn.com/2011/WORLD/asiapcf/04/05/japan.nuclear.money/index.html
2011-04-06,08:00:27,gjgow,40,Sweden With Entitlements & Health Care Surpasses America Economically,freakoutnation.com,http://freakoutnation.com/2011/04/05/sweden-with-entitlements-health-care-surpasses-america-economically/
2011-04-07,03:39:39,gk3pe,33,"Gadhafi, in letter, asks Obama to end air strikes - Yahoo! News",news.yahoo.com,http://news.yahoo.com/s/ap/20110406/ap_on_re_us/us_us_libya
2011-04-06,21:24:12,gjuvv,30,Sudan accuses Israel over Port Sudan air strike: The Sudanese government says Israel carried out an air strike on a car near the city of Port Sudan on the Red Sea coast which killed its two passengers.,bbc.co.uk,http://www.bbc.co.uk/news/world-12986864
2011-04-07,04:44:28,gk5d0,30,"Syria's only casino has been shut down and a ban on teachers wearing the Islamic veil reversed, in an effort to reach out to conservative Muslims.",globalpost.com,http://www.globalpost.com/dispatch/news/regions/middle-east/110406/syria-casino-veil-ban-muslim-unrest
2011-04-06,10:26:07,gjjtj,28,"""Academic researchers worldwide, including veterans of research on the Chernobyl accident, are poring over releases of data on population exposure rates to radioactive fallout from the Fukushima nuclear disaster. But they are finding that making any sense of the data is proving very difficult.""",blogs.nature.com,http://blogs.nature.com/news/thegreatbeyond/2011/04/fukushima_update_data_data_eve.html
2011-04-06,22:03:23,gjvk5,26,Over a barrel: Oil could hit $200-$300 on Saudi unrest,af.reuters.com,http://af.reuters.com/article/energyOilNews/idAFLDE7340MU20110405
2011-04-06,16:39:06,gjr9l,29,Phone-hacking inquiry: Trollface arrested!,bbc.co.uk,http://www.bbc.co.uk/news/world-12974401
2011-04-06,22:33:13,gjw4w,23,Dam construction in Brazil is once again destroying ancient cultural ways of life for traditional Brazilian tribal peoples. ,tinygreenbubble.com,http://www.tinygreenbubble.com/eco/world-news-reports/item/1738-dam-projects-in-brazil-killing-off-ancient-tribal-rituals
2011-04-06,10:47:50,gjk90,21,"Libyan rebels 'disappointed' by NATO - Rebel commander says coalition forces are not doing enough to protect civilians, as Gaddafi's forces take key oil town.",english.aljazeera.net,http://english.aljazeera.net/news/africa/2011/04/201145191641347449.html
2011-04-07,00:37:06,gjywy,23,"Houses, cars and tractor trailers washed out to sea by a 8.5m tsunami are clogging shipping lanes off Japan, posing a bigger challenge to US navy vessels and commercial lines than radiation from a leaking nuclear plant. 

",iol.co.za,http://www.iol.co.za/business/international/floating-debris-more-risky-than-radiation-1.1053139
2011-04-07,06:39:53,gk87x,22,Yemen protesters hold firm: Talks over Saleh's exit continue as thousands return to the streets for another day.,english.aljazeera.net,http://english.aljazeera.net/video/middleeast/2011/04/201146173025215266.html
