2011-06-15,05:12:20,hzox4,1518,"US, Canada, New Zealand, Sweden, and others at UN condemn ""three strikes"" Internet laws, say the laws violate human rights",arstechnica.com,http://arstechnica.com/tech-policy/news/2011/06/us-nz-sweden-others-condemn-three-strikes-internet-laws.ars
2011-06-15,10:31:49,hzx2c,1187,"A 300-acre luxury hotel, villa, golf course, & an airport funded by British taxpayers are to be built for the rich on one of the most remote inhabited places in the world, the Atlantic island of St Helena - Plans don't bode well for it's wildlife, flora & fauna, that astonished even Charles Darwin",guardian.co.uk,http://www.guardian.co.uk/travel/2011/jun/12/st-helena-fears-mass-tourism
2011-06-15,20:43:25,i0891,708,"""Sri Lanka's Killing Fields"" is disturbing, revolting, horrific, and without question one of the best pieces of TV journalism on conflict. Channel 4 has brilliantly captured this story in all its horror. I strongly recommend you brace yourself and watch it while you still can. ",andrewstroehlein.com,http://www.andrewstroehlein.com/2011/06/sri-lankas-killing-fields-channel-4.html
2011-06-15,06:38:45,hzrch,611,Yet another Amazon activist killed execution style.,guardian.co.uk,http://www.guardian.co.uk/world/feedarticle/9695525
2011-06-15,15:25:50,i03mf,456,Incredible pictures of Libyan Rebels' armaments.,theatlantic.com,http://www.theatlantIc.com/infocus/2011/06/diy-weapons-of-the-libyan-rebels/100086/?repost=digg
2011-06-15,09:04:37,hzuz7,263,"Anonymous declares phase one of ""the plan."" The people vs. the system.",youtube.com,http://www.youtube.com/watch?v=j_9T1SPJXRI&feature=youtu.be
2011-06-15,14:58:58,i033c,174,"Road Rage in Russia --- 
Moscow's elite has decided it doesn't need to follow the traffic laws.",foreignpolicy.com,http://www.foreignpolicy.com/articles/2011/06/14/road_rage_in_russia
2011-06-15,01:33:43,hzim9,177,"In controversial move, BBC airs assisted suicide on TV ",worldblog.msnbc.msn.com,http://worldblog.msnbc.msn.com/_news/2011/06/14/6856510-in-controversial-move-bbc-airs-assisted-suicide-on-tv-?GT1=43001
2011-06-16,05:38:43,i0m8w,78,"South Korea building a ""utopian"" metropolis from scratch 40 miles from Seoul",scinet.cc,http://scinet.cc/2011/06/15/south-koreas-city-of-the-future-songdo-ibd-aerotropolis-2/
2011-06-15,14:37:07,i02oa,83,Pakistan reported to have arrested five people for allegedly giving information to the Central Intelligence Agency before the raid that killed Osama bin Laden,english.aljazeera.net,http://english.aljazeera.net/news/asia/2011/06/201161535118453117.html
2011-06-15,10:01:48,hzwbt,70,"Bahrain to sue British newspaper The Independent 
over reporting by Robert Fisk",independent.co.uk,http://www.independent.co.uk/news/media/press/bahrain-to-sue-over-independent-reporting-2297590.html
2011-06-15,23:28:08,i0bi5,64,Nigeria's pastors 'as rich as oil barons',bbc.co.uk,http://www.bbc.co.uk/news/world-africa-13763339
2011-06-16,00:32:14,i0d93,61,'Falklands sovereignty is not negotiable. Period!’ UK's Cameron,buenosairesherald.com,http://www.buenosairesherald.com/article/70156/falklands-sovereignty-is-not-negotiable-period!’-uks-cameron
2011-06-16,06:44:31,i0o4p,50,Greek state starting to lose grip on functions of state,bbc.co.uk,http://www.bbc.co.uk/news/world-13783420
2011-06-16,00:39:51,i0dgp,47,"Drug War: 500 Cops Raid Mohawk Communities In Canada In Search Of Pot, Coke and XTC - Police won't disclose the quantity of drugs seized, Lino Maurizio noted, given ""these people don't keep a lot of drugs in their residences for a long time."" ",cbc.ca,http://www.cbc.ca/news/canada/montreal/story/2011/06/14/police-operation-kanesatake.html
2011-06-15,18:16:58,i067s,44,Wave of Unrest Rocks China,online.wsj.com,http://online.wsj.com/article/SB10001424052702304665904576383142907232726.html
2011-06-16,01:03:12,i0e3c,42,EU ministers seek to ban creation of 'hacking tools',networkworld.com,http://www.networkworld.com/news/2011/061511-eu-ministers-seek-to-ban.html
2011-06-15,16:40:11,i04wd,41,Indian anti-corruption activist dies,bbc.co.uk,http://www.bbc.co.uk/go/rss/int/news/-/news/world-south-asia-13773208
2011-06-15,12:01:21,hzz7f,37,"""Pakistan's top military spy agency has arrested some of the Pakistani informants who fed information to the Central Intelligence Agency in the months leading up to the raid that led to the death of Osama bin Laden, according to American officials.""",nytimes.com,http://www.nytimes.com/2011/06/15/world/asia/15policy.html?pagewanted=all
2011-06-16,03:20:03,i0i2n,39,"China has been accused of trying to cover up the extent of lead poisoning among children, and of blocking effective testing and treatment",bbc.co.uk,http://www.bbc.co.uk/news/world-asia-pacific-13779404
2011-06-15,20:50:39,i08db,31,"Live streaming of riots and protests outside the Parliament in Athens Greece. Inside, MPs will vote on new austerity measures.",zouzouniblog.blogspot.com,http://zouzouniblog.blogspot.com/2011/06/live_15.html
2011-06-15,16:16:19,i04ip,34,More German self-employed on Hartz IV welfare - Even those whose companies are busy enough to employ staff are coming out with so little at the end of the month that they qualify for the basic welfare benefits.,thelocal.de,http://www.thelocal.de/money/20110614-35633.html
2011-06-16,06:30:32,i0nqt,35,Governor's bodyguards found dismembered in Mexico,alternet.org,http://www.alternet.org/rss/breaking_news/616289/governor%27s_bodyguards__found_dismembered_in_mexico/
2011-06-15,20:20:03,i07wx,31,"Afghanistan worst place in the world for women, but India in top five
",guardian.co.uk,http://www.guardian.co.uk/world/2011/jun/15/worst-place-women-afghanistan-india?CMP=twt_gu
2011-06-15,19:49:10,i07i3,32,Japan's Fukushima Nuclear Plant Had An Earlier Alert - WSJ.com,online.wsj.com,http://online.wsj.com/article/SB10001424052702303654804576348910944570204.html?mod=WSJ_World_MIDDLENewsIntl
2011-06-15,10:15:00,hzwml,29,Hike Naked: Germany Opens New Nude-Friendly Nature Trails,time.com,"http://www.time.com/time/world/article/0,8599,2076783,00.html"
2011-06-15,22:49:13,i0alf,22,"Khmer Rouge tribunal: UN rebuffs Cambodian criticism - The UN has defended its Khmer Rouge tribunal in Cambodia, amid claims that a case against genocide suspects has been dropped without proper inquiries. ",bbc.co.uk,http://www.bbc.co.uk/news/world-asia-pacific-13774963
2011-06-15,09:04:53,hzuzc,28,A previously unpublished diary by the Argentine-born revolutionary Ernesto Che Guevara has been unveiled in Cuba. ,bbc.co.uk,http://www.bbc.co.uk/news/world-latin-america-13770865
2011-06-15,11:38:42,hzynd,24,Pakistan Arrests C.I.A. Informants in Bin Laden Raid,nytimes.com,http://www.nytimes.com/2011/06/15/world/asia/15policy.html?_r=1&smid=tw-nytimes&seid=auto
2011-06-16,03:59:08,i0j8k,19,Czechs pull out of U.S. missile shield plan,cbsnews.com,http://www.cbsnews.com/stories/2011/06/15/501364/main20071250.shtml#ixzz1PNA8378C
