2011-04-28,23:05:28,gzb5z,2759,"World-famous and beloved Chinese artist Ai Weiwei has been ""disappeared"" by China's state security forces. Every trace of Ai's life and art have been erased from the Chinese internet, and his only hope may be a global outcry for his release. ",avaaz.org,http://www2.avaaz.org/en/artists_for_ai_weiwei/?cl=1040996014&v=8972/
2011-04-28,16:13:53,gz4tt,1386,Iceland Declares Independence from International Banks,netrightdaily.com,http://netrightdaily.com/2011/04/iceland-declares-independence-from-international-banks/
2011-04-28,06:54:08,gyrf2,922,"A Filipino Catholic bishop says a pending bill's supporters are no better than ""terrorists."" A former mayor of Manila believes the bill is ""worse than martial law."" -- the bill is in support of condoms",globalpost.com,http://www.globalpost.com/dispatches/globalpost-blogs/the-rice-bowl/philippine-condom-supporters-labeled-terrorists
2011-04-28,19:04:02,gz78w,191,North Korean leader Kim Jong-il is willing to hold talks with South Korea or with the United States or with the six powers on any subject any time and without any preconditions,reuters.com,http://www.reuters.com/article/2011/04/28/us-korea-north-carter-idUSTRE73R22Y20110428
2011-04-29,05:57:48,gzm3y,142,"Christiania, hippy freetown in the middle of Copenhagen since 1971, faces last stand",guardian.co.uk,http://www.guardian.co.uk/world/2011/apr/28/christiania-copenhagen-squat-last-stand
2011-04-29,02:09:18,gzfvt,110,Iranian parliament starts preparing for Ahmadinejad impeachment,guardian.co.uk,http://www.guardian.co.uk/world/2011/apr/27/iran-president-supreme-leader-rift
2011-04-28,20:47:01,gz8mt,85,Four Bahrain protesters sentenced to death.,bbc.co.uk,http://www.bbc.co.uk/news/world-middle-east-13221574
2011-04-28,17:09:24,gz5om,57,"In Shenyang, China a Fund is Established for Japanese man who sacrificed himself to save 20 Chinese trainees from the tsunami",asahi.com,http://www.asahi.com/english/TKY201104270131.html
2011-04-29,07:32:17,gzohq,41,"In Philippines, MILF orders its rogue commander to stop staging rebellion and immediately return to their fold",philstar.com,http://www.philstar.com/Article.aspx?articleId=680620&publicationSubCategoryId=200
2011-04-28,22:17:21,gza5s,42,Bahraini trainee pilots suspended from UK flying school after attending protests.,guardian.co.uk,http://www.guardian.co.uk/world/2011/apr/28/bahraini-trainee-pilots-suspended
2011-04-28,21:26:36,gz999,36,Blast Hits Main Square in Marrakech,bbc.co.uk,http://www.bbc.co.uk/news/world-africa-13226117
2011-04-28,20:17:20,gz87f,32,"Hundreds quit Syria's ruling party to protest crackdown

AP

Thursday, 28 April 2011

    Share
More than 200 members have quit Syria's ruling Baath party to protest at President Bashar Assad's brutal crackdown on opponents",independent.co.uk,http://www.independent.co.uk/news/world/middle-east/hundreds-quit-syrias-ruling-party-to-protest-crackdown-2275953.html
2011-04-28,04:08:09,gymcu,23,China risks getting old before it gets rich - The Economic Times,economictimes.indiatimes.com,http://economictimes.indiatimes.com/news/international-business/china-risks-getting-old-before-it-gets-rich/articleshow/8099749.cms
2011-04-29,06:09:41,gzmf9,23,New Venezuelan taxes on windfall oil revenue will let socialist President Hugo Chavez boost spending on popular social programs by billions of dollars ahead of his re-election bid next year.,reuters.com,http://www.reuters.com/article/2011/04/26/us-venezuela-oil-idUSTRE73P6Z920110426
2011-04-29,03:40:14,gzie0,21,Almost one in five British businesses admit using interns as cheap labour,guardian.co.uk,http://www.guardian.co.uk/money/2011/apr/28/businesses-interns-cheap-labour
2011-04-28,21:15:43,gz930,22,AL Jaz: Syrian military turn on their own,youtube.com,http://www.youtube.com/watch?v=IIeEY2topAU
2011-04-29,04:12:09,gzj92,20,Turkish government bans websites with URLs containing words like 'free' 'hot' 'gay' 'animal' 'pic' and the number '31'. ,hurriyetdailynews.com,http://www.hurriyetdailynews.com/n.php?n=turkey-forbids-8216forbidden8217-from-internet-domain-names-2011-04-28
2011-04-28,21:04:05,gz8ww,21,"Recurrent attacks on Copts has Egypt slated for US religious freedom blacklist: ""Violence against Coptic Christians and other religious minorities continues unabated without the government bringing the perpetrators to justice""",english.ahram.org.eg,http://english.ahram.org.eg/NewsContent/1/64/10941/Egypt/Politics-/Recurrent-attacks-on-Copts-has-Egypt-slated-for-US.aspx
2011-04-28,15:57:27,gz4jm,19,French riot police protest ban on drinking on the job,latimes.com,"http://www.latimes.com/news/nationworld/world/la-fg-french-police-20110427,0,1185500.story"
2011-04-29,05:23:34,gzl78,20,Saudi-backed Bahraini military court sentenced several protesters to death...inciting more protests.,youtube.com,http://www.youtube.com/watch?v=LJkE7wK05Bw
2011-04-28,14:11:11,gz2in,19,"""Our program does not include negotiations with Israel or recognizing it.  It will not be possible for the interim national government to participate or bet on or work on the peace process with Israel.""",ynetnews.com,"http://www.ynetnews.com/articles/0,7340,L-4061540,00.html"
2011-04-28,10:40:59,gyxcx,19,"Doctor at the scene says Yemeni forces opened fire on a massive anti-government demonstration in the capital Sanaa, killing 12 protesters and wounding some 190 others",news.yahoo.com,http://news.yahoo.com/s/ap/20110427/ap_on_re_mi_ea/ml_yemen
2011-04-28,21:10:06,gz902,18,Hundreds of Syrians flee unrest into northern Lebanon,nowlebanon.com,http://www.nowlebanon.com/NewsArticleDetails.aspx?ID=265330
2011-04-28,09:38:56,gyvt1,18,"Mubarak's son: ""I was going to run for president""",almasryalyoum.com,http://www.almasryalyoum.com/en/node/415512
2011-04-29,03:42:08,gzig4,15,Should Britain save money by cutting off the royal family?,blogs.reuters.com,http://blogs.reuters.com/columns/2011/04/28/britains-royal-family-is-an-affordable-indulgence/
2011-04-29,02:00:47,gzfo3,17,Le Pen expels Front National member for Nazi salute - And skinheads and young men wearing combat gear will be banned from the party’s annual demonstration to honour Joan of Arc on May Day.,english.rfi.fr,http://www.english.rfi.fr/france/20110427-le-pen-expels-front-national-member-nazi-salute
2011-04-29,04:59:58,gzklj,17,Syrian army units clash with each other over crackdown: Reports say army units exchanged fire after one refused to shoot at protesters in restive city of Deraa,english.aljazeera.net,http://english.aljazeera.net/news/middleeast/2011/04/2011428182333234775.html
2011-04-28,20:25:08,gz8az,17,Tehran squirms as crackdown by ally Syria creates global uproar,latimesblogs.latimes.com,http://latimesblogs.latimes.com/babylonbeyond/2011/04/iran-syria-uprising-responses-violence-human-rights-.html?utm_source=feedburner&utm_medium=feed&utm_campaign=Feed%3A+BabylonBeyond+%28Babylon+%26+Beyond+Blog%29
2011-04-28,23:25:39,gzblu,15,"Japan's industrial output declined by a record level of 15.3% in March due to the 2011 Tōhoku earthquake and tsunami.
",bbc.co.uk,http://www.bbc.co.uk/news/13218449?utm_medium=twitter&utm_source=twitterfeed
2011-04-29,05:55:54,gzm29,15,Egypt FM: Gaza border crossing to be permanently opened,haaretz.com,http://www.haaretz.com/news/diplomacy-defense/egypt-fm-gaza-border-crossing-to-be-permanently-opened-1.358690
