2011-06-23,03:45:52,i6fa4,1516,LEAKED: UK copyright lobby holds closed-door meetings with gov't to discuss national Web-censorship regime,boingboing.net,http://www.boingboing.net/2011/06/22/leaked-uk-copyright.html
2011-06-23,21:29:23,i73oc,1300,"Taiwan Blogger Imprisoned For Negative Restaurant Review. Fined and jailed for contending the food was ""too salty""",taipeitimes.com,http://www.taipeitimes.com/News/taiwan/archives/2011/06/23/2003506487
2011-06-23,07:34:40,i6m7i,662,Japan has issued a tsunami alert after a 6.7 magnitude earthquake,theaustralian.com.au,http://www.theaustralian.com.au/news/world/japan-has-issued-a-tsunami-alert-after-a-67-magnitude-earthquake/story-e6frg6so-1226080367615
2011-06-23,01:29:02,i6b12,519,"World's wealthiest people now richer than before the credit crunch, says study",guardian.co.uk,http://www.guardian.co.uk/business/2011/jun/22/worlds-wealthiest-people-now-richer-than-before-the-credit-crunch
2011-06-24,01:10:03,i79ab,413,"The Dutch have passed a law prohibiting internet providers from slowing down traffic unless it's to ease congestion, preserve security or block spam.",theregister.co.uk,http://www.theregister.co.uk/2011/06/23/netherlands_net_neutrality/
2011-06-23,11:56:16,i6sy6,408,"Toronto police will never again use the controversial crowd control technique known as kettling, which was employed during last year’s G20 summit",thestar.com,http://www.thestar.com/news/article/1012959--exclusive-toronto-police-swear-off-g20-kettling-tactic?bn=1
2011-06-24,04:55:41,i7g9d,380,"Somali man, who tried to kill the Danish cartoonist who drew a cartoon about the Prophet Muhammad, sentenced to 10 years. ",foxnews.com,http://www.foxnews.com/world/2011/06/23/somali-man-sentenced-to-prison-in-murder-attempt-danish-cartoonist/
2011-06-23,21:20:58,i73iy,305,Dutch Lawmakers Adopt Net Neutrality Law,nytimes.com,http://www.nytimes.com/2011/06/23/technology/23neutral.html?_r=2&ref=business&pagewanted=all
2011-06-23,17:49:57,i70j8,293,"Ryan Cleary, arrested LulzSec member, threatens to kill self if comp taken away",telegraph.co.uk,http://www.telegraph.co.uk/technology/facebook/8593500/Essex-hacker-Ryan-Clearys-mother-tells-of-suicide-threat.html
2011-06-23,19:38:07,i720w,244,Nuclear experts killed in Russia plane crash helped design Iran facility,haaretz.com,http://www.haaretz.com/news/diplomacy-defense/nuclear-experts-killed-in-russia-plane-crash-helped-design-iran-facility-1.369226/
2011-06-23,17:49:59,i70ja,200,Rightwing Geert Wilders cleared of hate [anti-Islamic] charges by Netherlands court,guardian.co.uk,http://www.guardian.co.uk/world/2011/jun/23/geert-wilders-cleared-anti-islam
2011-06-23,11:25:38,i6s4a,146,"Nazi hunting - How France first ""civilized"" the Internet: The online world is looking nervously at Europe, whose leaders are about to join force to bring ""civility"" to the Internet. France leads the cheering squad",arstechnica.com,http://arstechnica.com/tech-policy/news/2011/06/how-france-proved-that-the-internet-is-not-global.ars
2011-06-23,11:59:12,i6t0s,137,"While we are all consumed by the politics of the day, our oceans are dying faster than scientists have previously thought.",cbsnews.com,http://www.cbsnews.com/stories/2011/06/20/scitech/main20072805.shtml?tag=newsvine
2011-06-23,23:40:47,i76m9,115,"How European Elites Lost a Generation --- The European Union is in bad shape. Not only is the common currency in a shambles and the economies of many member states moribund, but young Europeans no longer see how the EU helps them. Millions of them are taking to the streets to demand a future. ",spiegel.de,"http://www.spiegel.de/international/europe/0,1518,769831,00.html"
2011-06-23,21:59:39,i748t,111,"Grid of straw squares turns Chinese sand to soil - China has struggled to keep the deserts that cover more than a quarter of the country from gaining ground, but soil stabilization and sustainable livestock-farming are beginning to slow rates of desertification.",dw-world.de,"http://www.dw-world.de/dw/article/0,,15182754,00.html"
2011-06-23,23:32:20,i76ez,109,"North Korea's Meth Export - On rapid rise of crystal meth addiction in China and its likely source, North Korea. Horrendous that poverty in Kim Jong-Il's kingdom forces people to ""take it for things like cancer. This drug is their sole form of medication""",newsweek.com,http://www.newsweek.com/2011/06/19/north-korea-s-meth-export.html
2011-06-23,10:04:45,i6q07,105,"The daughter of Muammar Gaddafi has launched a lawsuit for murder following the death in April of four members of her family, including her 4-month old daughter, during a Nato air strike. Legal papers were submitted to the prosecutor's office in Brussels on Tuesday by a French lawyer.",guardian.co.uk,http://www.guardian.co.uk/world/2011/jun/07/gaddafi-daughter-sues-nato-air-strike
2011-06-24,05:16:30,i7gxr,77,"A German Internet platform has been awarded a prize for its role in uncovering plagiarism that forced the popular former defense minister Karl-Theodor zu Guttenberg to step down. More than 1,000 users collaborated on GuttenPlag Wiki. ",dw-world.de,"http://www.dw-world.de/dw/article/0,,15184413,00.html"
2011-06-23,23:45:10,i76qg,77,Danish Police want to ID you to use the Internet,boingboing.net,http://www.boingboing.net/2011/06/23/danish-police-propos.html?utm_source=feedburner&utm_medium=feed&utm_campaign=Feed%3A+boingboing%2FiBag+%28Boing+Boing%29
2011-06-23,22:23:10,i74pq,67,"""Sri Lanka’s bloody secret - If what Sri Lanka’s Killing Fields shows doesn’t constitute crimes against humanity, nothing does"" - Views - livemint.com",livemint.com,http://www.livemint.com/2011/06/23013644/Sri-Lanka8217s-bloody-secre.html?h=D
2011-06-23,13:34:52,i6vgc,57,Staples breached Canadian privacy law by not wiping customer data off laptops and storage devices before reselling them,cbc.ca,http://www.cbc.ca/news/technology/story/2011/06/21/technology-staples-business-depot-privacy-commissioner.html
2011-06-23,22:53:30,i75ft,54," About 100 women have been sexually assaulted and many more injured in the latest mass rape by suspected rebels in eastern Democratic Republic of Congo, international aid workers and local media reported Thursday.",msnbc.msn.com,http://www.msnbc.msn.com/id/43507143/ns/world_news-africa/t/reports-rebels-rape-women-congo/
2011-06-23,12:29:20,i6ttu,48,"New concerns emerge over North Korea's nuclear program:  Satellite images show fresh construction at the Yongbyon nuke site.
",globalpost.com,http://www.globalpost.com/dispatch/north-korea-nuclear-weapons-satellite-images
2011-06-23,23:13:49,i75xd,44,Syrians flee as troops mass on Turkish border: Hundreds of Syrian refugees reportedly crossing the border as troops and tanks approach their makeshift camps.,english.aljazeera.net,http://english.aljazeera.net/news/middleeast/2011/06/201162385846898145.html
2011-06-23,18:36:39,i7179,42,"""Uncontacted"" Amazon tribe found. I don't know if this is a good thing, or a bad thing. (for them).",english.aljazeera.net,http://english.aljazeera.net/video/americas/2011/06/20116234014231943.html
2011-06-23,10:07:40,i6q2u,34," If I were a Greek, I would be out on the streets too ",guardian.co.uk,http://www.guardian.co.uk/commentisfree/2011/jun/21/eurozone-greece-debt-crisis
2011-06-24,05:28:23,i7hbr,33,Bahrain player Mohammed Hubail jailed for protesting government - ESPN,espn.go.com,http://espn.go.com/sports/soccer/news/_/id/6696991/bahrain-player-mohammed-hubail-jailed-protesting-government
2011-06-23,21:54:06,i744u,31,The Right to Criticize Islam - A Dutch court on Thursday acquitted controversial right-wing populist politician Geert Wilders on all charges relating to anti-Islamic statements he made in his films and on the Internet. The court said Wilders' comments had been part of a legitimate public debate. ,spiegel.de,"http://www.spiegel.de/international/europe/0,1518,770045,00.html"
2011-06-23,13:08:16,i6utv,28,"Israel marks record defense exports in 2010 - $7.2 billion, making Israel one of the world's top four exporters of arms",jpost.com,http://www.jpost.com/Defense/Article.aspx?id=225183
2011-06-23,20:40:16,i72vi,28,Dutch court acquits lawmaker Geert Wilders of Muslim hate speech charges,msnbc.msn.com,http://www.msnbc.msn.com/id/43505888/ns/world_news-europe/
