2011-06-21,20:31:05,i568z,1059,19-year-old suspected of being mastermind behind computer hacking group LulzSec arrested in UK,content.met.police.uk,http://content.met.police.uk/News/eCrime-unit-arrest-man/1260269113895/1257246745756
2011-06-21,17:49:12,i53uq,489,"The cores at Fukushima are laying on the concrete and melting THROUGH the foundations of the reactors. The government wants to build an subterranean dam, but TEPCO is fighting against it.",mdn.mainichi.jp,http://mdn.mainichi.jp/perspectives/column/archive/news/2011/06/20110620p2a00m0na005000c.html
2011-06-21,12:41:41,i4xrh,339,"The British Are Now Preparing For Greece To Go Bust, And The End Of The Euro.",businessinsider.com,http://www.businessinsider.com/british-drawing-up-plans-if-the-euro-goes-bust-2011-6
2011-06-21,21:47:13,i57m0,180," Dutch parliament set to approve bill that, if passed, will set an example in Europe as the strongest ""net neutrality"" law on record",physorg.com,http://www.physorg.com/news/2011-06-dutch-parliament-voting-mobile-net.html
2011-06-21,14:42:16,i50km,95,"As the world becomes more interconnected, it becomes harder to stand up for human rights. But, says Germany's Deputy Foreign Minister, it becomes all the more important.",dw-world.de,"http://www.dw-world.de/dw/article/0,,15174639,00.html"
2011-06-21,22:44:40,i58sm,73,2011 Failed State Index,fundforpeace.org,http://www.fundforpeace.org/global/?q=fsi-grid2011
2011-06-21,05:10:17,i4m3t,61,Bank of Canada unveils new plastic bills.,ctv.ca,http://www.ctv.ca/CTVNews/TopStories/20110620/boc-money-unveiling-110620/
2011-06-21,19:54:11,i55pb,58,"""Video footage of a Tamil journalist apparently executed in the final stages of Sri Lanka's bloody civil war underscores the need for an urgent international inquiry, the Committee to Protect Journalists said today.""  - CPJ",cpj.org,http://www.cpj.org/2011/06/tamil-journalist-bound-shot-during-sri-lankan-civi.php
2011-06-22,07:28:49,i5now,54,Report: Mexico catches top leader of La Familia drug cartel‎ ,mexico.vg,http://www.mexico.vg/mexicos-drug-cartels/el-chango-mendez-la-familia-michoacana-arrested/5395
2011-06-22,01:26:06,i5d1n,52,Vancouver: After the Riot [pics],theatlantic.com,http://www.theatlantic.com/infocus/2011/06/vancouver-after-the-riot/100091/
2011-06-21,21:10:42,i56xd,47,Hong Kong declares scarlet fever outbreak - Thousands infected  in the city & elsewhere in China,physorg.com,http://www.physorg.com/news/2011-06-hong-kong-declares-scarlet-fever.html
2011-06-21,20:26:53,i566w,45,The UK government may have lost the 2011 census to Lulzsec,theregister.co.uk,http://www.theregister.co.uk/2011/06/21/uk_census_lost/
2011-06-22,04:53:57,i5j3n,49,"Syrian security forces have shot dead seven people after government supporters and opponents clashed in three cities, activists say.",english.aljazeera.net,http://english.aljazeera.net/news/middleeast/2011/06/201162115512111728.html
2011-06-22,00:17:16,i5b6c,46,Chilean court blocks plan to build five dams and hydroelectric plants in the country’s Patagonia region,nytimes.com,https://www.nytimes.com/2011/06/21/world/americas/21chile.html?partner=rss&emc=rss
2011-06-21,16:47:31,i52y3,45,Australia's two major airports face 48 hour shut down as Chilean ash cloud drifts across the south of the country,bbc.co.uk,http://www.bbc.co.uk/news/world-asia-pacific-13852885
2011-06-22,07:00:11,i5mxj,43,Greek government wins confidence vote,business.financialpost.com,http://business.financialpost.com/2011/06/21/greek-government-wins-confidence-vote/
2011-06-21,22:18:02,i587c,41,"Time wars --- 
How a huge new clock in Mecca is reviving a century-old clash over what time it is",articles.boston.com,http://articles.boston.com/2011-06-19/bostonglobe/29677482_1_largest-clock-prime-meridian-greenwich-royal-observatory
2011-06-21,18:03:08,i542o,35,NATO airstrike in Libya kills 19 civilians,english.aljazeera.net,http://english.aljazeera.net/news/africa/2011/06/2011620214646273991.html
2011-06-21,19:29:30,i55bp,32,"A Map without Israel - Swatiskas intertwined in the Star of David, a map of the Middle East with Israel missing, boycotts of Israeli products: Germany's far-left Left Party, many feel, has a growing anti-Semitism problem. The issue threatens to divide the party.",spiegel.de,"http://www.spiegel.de/international/germany/0,1518,769487,00.html"
2011-06-21,16:45:04,i52wh,29,Running out of money for food? Buy riot gear! --North Korea,bbc.co.uk,http://www.bbc.co.uk/news/world-asia-pacific-13853213
2011-06-21,16:11:08,i52bp,28,"Palestinian President Abbas says that Palestinians will not turn to the UN if they are given an alternative solution from Israel, US and Europe
",haaretz.com,http://www.haaretz.com/news/diplomacy-defense/abbas-palestinians-will-not-turn-to-un-if-given-alternative-solution-1.368892
2011-06-21,17:31:19,i53m4,26,Industrial Strength Censorship : What Sarkozy’s ‘Civilised Internet’ Looks Like,ppuk.eu,http://ppuk.eu/1x
2011-06-22,07:25:59,i5nmk,31,Germany frees last Red Army faction activist,thelocal.de,http://www.thelocal.de/national/20110621-35807.html
2011-06-22,06:15:35,i5lmu,22,Indian and Russian Nuclear designers killed in plane crash,timesofindia.indiatimes.com,http://timesofindia.indiatimes.com/world/europe/Designer-of-Indian-N-reactor-killed-in-Russian-plane-crash/articleshow/8943539.cms
2011-06-21,20:31:25,i5694,19,New British missile three times as fast as current weapons ,telegraph.co.uk,http://www.telegraph.co.uk/news/uknews/defence/8587357/New-British-missile-three-times-as-fast-as-current-weapons.html
2011-06-21,12:14:30,i4x2d,18,"Muslim woman escapes jail by remaining behind her burqa |
			thetelegraph.com.au",dailytelegraph.com.au,http://www.dailytelegraph.com.au/news/sydney-nsw/beating-the-law-by-virtue-of-a-burqa/story-e6freuzi-1226078800517
2011-06-21,17:06:16,i5399,18,The Poor Will Inherit the Earth ,foreignpolicy.com,http://www.foreignpolicy.com/articles/2011/06/20/the_poor_will_inherit_the_earth
2011-06-22,07:58:20,i5ohg,19,Belfast violence flares again as police attacked,bbc.co.uk,http://www.bbc.co.uk/news/uk-northern-ireland-13869210
2011-06-21,15:15:22,i5196,17,"
      Greek PM faces confidence vote, fights to avert default
| Reuters

",reuters.com,http://www.reuters.com/article/2011/06/21/us-eurozone-idUSTRE75J04R20110621
2011-06-22,06:19:17,i5lr3,18,"Syria's cultural revolution - ""In their peaceful uprising, young people have found art, comedy and music to be weapons Assad fears""",guardian.co.uk,http://www.guardian.co.uk/commentisfree/2011/jun/21/syria-cultural-revolution-art-comedy
