2011-02-01,06:37:48,fco8l,2277,"For Egypt protests, Google has enabled feature to post to Twitter with just a voice connection",googleblog.blogspot.com,http://googleblog.blogspot.com/2011/01/some-weekend-work-that-will-hopefully.html
2011-02-01,17:05:35,fczcm,617,Al Jazeera Offers Up Egypt Coverage To Anyone Who Wants To Use It Under Creative Commons License,techdirt.com,http://www.techdirt.com/articles/20110131/03253212891/al-jazeera-offers-up-egypt-coverage-to-anyone-who-wants-to-use-it-under-creative-commons-license.shtml
2011-02-01,21:59:53,fd2m5,509,The King Of Jordan just dismissed his government in an attempt to not be the next Egypt,businessinsider.com,http://www.businessinsider.com/jordans-king-dismisses-his-government-2011-2
2011-02-01,21:22:42,fd225,383,Al Jazeera is reporting two million people have showed up in Cairo and hundreds of thousands of protesters are marching in other cities.,youtube.com,http://www.youtube.com/aljazeeraenglish
2011-02-01,15:56:09,fcykt,294,Julian Assange running for Nobel Peace Prize ,swedishwire.com,http://www.swedishwire.com/business/8304-julian-assange-running-for-nobel-peace-prize
2011-02-01,21:59:43,fd2m0,269,"Turkish Prime Minister Recep Erdogan: ""No government can survive against the will of its people. The era of governments persisting on pressure and repression is over. . . . We are all passing, and will be judged on what we leave behind.""",latimes.com,"http://www.latimes.com/news/nationworld/world/la-fg-egypt-crowd-20110202,0,7829932.story"
2011-02-02,06:53:09,fdekw,264,"Al Jazeera: ""If we have to use Flip cams in Egypt, we will. If we have to use online in the US, we will.""",english.aljazeera.net,http://english.aljazeera.net/indepth/opinion/2011/02/201121121041735816.html
2011-02-01,21:21:20,fd219,160,A video interview with a well-spoken protester in Tahir Square,youtube.com,http://www.youtube.com/watch?v=RtLJpzUp2Z8&feature=player_embedded#
2011-02-01,13:21:40,fcw5n,156,Nobody is hearing about protests Sudan because the Government is heavily censoring the press,sudantribune.com,"http://www.sudantribune.com/Sudan-tightens-press-gag-after,37830"
2011-02-01,09:24:03,fcrkm,153,"New cables released by Wikileaks reveal that the U.S. government has been quietly anticipating as well as cultivating Omar Suleiman, the Egyptian spy chief, as the top candidate to take over the country should anything happen to President Hosni Mubarak.",wikileaks.ch,http://wikileaks.ch/U-S-intelligence-collaboration.html
2011-02-01,23:28:04,fd49p,157,Human Rights Watch: Looters included undercover Egyptian police,washingtonpost.com,http://www.washingtonpost.com/wp-dyn/content/article/2011/02/01/AR2011020100903.html
2011-02-01,17:19:18,fczhx,120,"Report: Huge ISPs want per-GB payments from Netflix, YouTube... as well from end users",arstechnica.com,http://arstechnica.com/tech-policy/news/2011/01/huge-isps-want-per-gb-payments-from-netflix-youtube.ars
2011-02-01,16:57:07,fcz9n,109,Egyptian army vows not to use force on protesters - says their demands are legitimate,bbc.co.uk,http://www.bbc.co.uk/news/world-middle-east-12331520
2011-02-01,20:55:17,fd1qg,86,Hamas blocks Egypt solidarity demonstrations in Gaza; Human Rights Watch reports that Gazan police thwarted local efforts to protest Egyptian President Hosni Mubarak.,haaretz.com,http://www.haaretz.com/news/international/hamas-blocks-egypt-solidarity-demonstrations-in-gaza-says-rights-group-1.340549
2011-02-02,03:52:27,fdaeu,80,Prominent Muslims joined Jews and Christians in prayer at Auschwitz on Tuesday in a gesture of interfaith solidarity,alarabiya.net,http://www.alarabiya.net/articles/2011/02/01/135917.html
2011-02-01,23:58:55,fd4xa,62,"""Stirrings of popular dissent are already underway in Yemen and Jordan too. All the other US-backed monarchies and pseudo-democracies across the region are feeling the heat. The US empire in the region is crumbling.""",commondreams.org,http://www.commondreams.org/view/2011/02/01-4
2011-02-01,18:32:20,fd093,56,"Impoverished Indian families caught in deadly spiral of microfinance debt: Small loan schemes devastate the lives of millions of poor people and reveal the dark side of India's economic boom
",guardian.co.uk,http://www.guardian.co.uk/world/2011/jan/31/india-microfinance-debt-struggle-suicide
2011-02-01,23:03:24,fd3qj,54,"Fears that Egypt's uprising may set off escalating protests in the tense Shia region of Saudi Arabia, home to the world's richest oilfields. ",telegraph.co.uk,http://www.telegraph.co.uk/finance/comment/ambroseevans_pritchard/8294187/Mid-East-contagion-fears-for-Saudi-oil-fields.html
2011-02-01,13:32:00,fcwca,40,Egyptian Girl leaves message for all outside of Egypt. 'I am not scared this time'. ,saynow.com,http://www.saynow.com/playMsg.html?ak=TkxFNENGTHVQQzdTdVE4N0xILzlLdz09
2011-02-01,15:50:46,fcyic,36,"Iran began 2011 by hanging 8 accused drug traffickers on New Year's Day and that was just day one. By the end of January, Iran had executed at least 56 drug offenders",stopthedrugwar.org,http://stopthedrugwar.org/chronicle/2011/jan/31/iran_drug_offender_execution_fre
2011-02-02,05:13:35,fdcaf,43,Mubarak gives a statement on state television saying he will stand down at the next elections in September,bbc.co.uk,http://www.bbc.co.uk/news/world-middle-east-12340923
2011-02-01,12:14:12,fcuu1,39,"100 dogs in Vancouver, Canada killed after business slows after 2010 Winter Olympics",vancouversun.com,http://www.vancouversun.com/news/RCMP+investigates+report+sled+dogs+killed+following+tourism+lull/4197883/story.html
2011-02-01,19:09:47,fd0lz,21,"""To the great people of Egypt, your armed forces, acknowledging the legitimate rights of the people,"" stress that ""they have not and will not use force against the Egyptian people,"" said the statement.",english.aljazeera.net,http://english.aljazeera.net//news/middleeast/2011/01/20111311965695371.html
2011-02-01,23:18:55,fd42n,20,"Egyptian author Ahdaf Souief on Jan 24 in India, ""It's all young people... And it's all really without a leadership, but it's there, it's keeping the streets alive, we've never had as much civil unrest in Egypt as we've had in the last 5 years... And that is good""",youtube.com,http://www.youtube.com/watch?v=hWpln1-sWzs
2011-02-02,06:25:07,fddxj,20,"""The terminals are full of panicking people. The ground staff is disappearing, and at the gate, just before entering, we all together had to collect $2,000 for a policeman at the door... He would not let us pass without paying.""",news.yahoo.com,http://news.yahoo.com/s/ap/20110201/ap_on_re_eu/egypt_evacuations
2011-02-02,04:47:52,fdbnn,21,Nails the immediate future of Egypt. [Comic],timesfreepress.com,http://www.timesfreepress.com/news/2011/feb/01/egypt/
2011-02-02,06:25:59,fddyl,18,Clashes between pro-Mubarak and anti-Mubarak troops now breaking out in Alexandria,businessinsider.com,http://www.businessinsider.com/uh-oh-now-violent-clashes-are-breaking-out-in-egypt-2011-2
2011-02-01,14:40:09,fcxgm,20,Anonymous declares war on British Government ,belfasttelegraph.co.uk,http://www.belfasttelegraph.co.uk/news/local-national/uk/anonymous-declare-war-on-british-government-15069684.html
2011-02-01,21:29:17,fd25s,17,"In Egypt, Mubarak Offers to Negotiate With Opposition ",online.wsj.com,http://online.wsj.com/article/SB10001424052748703439504576115531467289692.html
2011-02-01,21:27:48,fd24v,16,BREAKING: Jordan's King Abdullah Dismisses Government.,huffingtonpost.com,http://www.huffingtonpost.com/2011/02/01/new-jordan-government-king-abdullah-ii_n_816755.html
