2011-07-27,19:23:25,j11gh,1283,UK Bans Make-Up Advertisements for being Misleading,bbc.co.uk,http://www.bbc.co.uk/news/uk-14304802
2011-07-27,02:21:07,j0blr,870,"""If you devote your life to spewing anti-Islamic hatred, you should not be surprised if someone comes along and kills in the name of that hatred. In fact, you should expect it.""",religion.blogs.cnn.com,http://religion.blogs.cnn.com/2011/07/26/my-take-christians-should-denounce-norways-christian-terrorist/
2011-07-27,05:48:54,j0i2x,704,Anonymous launches operation to turn Breivik into ‘a joke’,thestar.com,http://www.thestar.com/news/world/article/1030743--hacker-group-anonymous-launches-operation-to-turn-breivik-into-a-joke?bn=1#article
2011-07-27,09:44:12,j0omw,598,"If convicted, Anders Behring Breivik could be sent to this Norwegian prison, the most humane in the world",time.com,"http://www.time.com/time/photogallery/0,29307,1989083,00.html"
2011-07-28,00:59:52,j18yn,582,A New Way to Fight Mexico's Vicious Cartels: Legalizing Marijuana,time.com,"http://www.time.com/time/world/article/0,8599,2084224,00.html"
2011-07-27,12:13:26,j0sop,547,"North Korea has forced 100,000 college students into construction labor without proper meals, even though there is no manpower shortage.",english.chosun.com,http://english.chosun.com/site/data/html_dir/2011/07/26/2011072600937.html
2011-07-27,16:52:31,j0z6b,511,Bravo UK! L'Oréal's Julia Roberts and Christy Turlington ad campaigns banned for excessive airbrushing  ,guardian.co.uk,http://www.guardian.co.uk/media/2011/jul/27/loreal-julia-roberts-ad-banned
2011-07-28,02:18:13,j1bc9,446,Norway’s prime minister said extremist views are legitimate but violence is not. ,nytimes.com,http://www.nytimes.com/2011/07/28/world/europe/28norway.html
2011-07-27,18:28:10,j10ol,376,Star Wars prop maker wins copyright battle with Lucas,bbc.co.uk,http://www.bbc.co.uk/news/uk-12910683
2011-07-27,13:00:46,j0ty3,268,North Korea demands peace treaty with the US,news.yahoo.com,http://news.yahoo.com/north-korea-demands-peace-treaty-us-032306308.html
2011-07-27,22:27:37,j14wf,158,Buddhists arm themselves against Thailand's Islamic insurgency,globalpost.com,http://www.globalpost.com/dispatch/news/regions/asia-pacific/thailand/110721/buddhists-arms-introduction
2011-07-27,08:30:52,j0mow,154,"For five years to 2008, the Fukushima plant was rated the most hazardous nuclear facility in Japan for worker exposure to radiation and one of the five worst nuclear plants in the world on that basis.",reuters.com,http://www.reuters.com/article/2011/07/26/us-fukushima-hazardous-idUSTRE76P73920110726
2011-07-27,09:09:02,j0nqm,151,UN recognises global body for homosexuals: Gays and lesbians granted consultative status at world body amid opposition from African and Islamic countries,english.aljazeera.net,http://english.aljazeera.net//news/europe/2011/07/201172620495856669.html
2011-07-27,02:11:51,j0bbq,134,Main Lesson From The Murdoch Scandal? “Corporate conglomerate power run unregulated causes great public harm and lacks the checks and balances required for there to be any accountability.”,guardian.co.uk,http://www.guardian.co.uk/commentisfree/cifamerica/2011/jul/26/news-corporation-joel-klein
2011-07-27,22:54:08,j15jn,103,Japanese police practice arresting protesters to prepare for town’s upcoming dolphin hunts,washingtonpost.com,http://www.washingtonpost.com/world/asia-pacific/japanese-police-hold-security-drill-to-prepare-for-protests-during-dolphin-hunting-season/2011/07/27/gIQAvPwXcI_story.html?wprss=rss_world
2011-07-27,23:52:57,j172a,99,Ex-Berlusconi minister defends Anders Behring Breivik.  Northern League member says Norwegian killer's ideas are in defence of western civilisation,guardian.co.uk,http://www.guardian.co.uk/world/2011/jul/27/ex-berlusconi-minister-defends-breivik
2011-07-28,01:37:58,j1a4n,91,"A 19-year-old man has been arrested in the Shetland Islands as part of an investigation into hacking groups, Anonymous and LulzSec.",bbc.co.uk,http://www.bbc.co.uk/news/uk-14315442
2011-07-27,11:10:59,j0qvz,83,UK:Murdoch given secret defence briefings had meetings with gov. ministers in current cabinet over 60 times.,independent.co.uk,http://www.independent.co.uk/news/uk/politics/murdochs-were-given-secret-defence-briefings-2326517.html
2011-07-27,20:27:23,j12gh,70,Ally of Berlusconi says Norway killer had 'some excellent ideas',news.google.com,http://news.google.com/news/url?sa=t&ct2=us%2F0_0_s_0_0_t&usg=AFQjCNFbBf42pSYlKBMNEQ0xjDM5MVmINw&did=965b0c7a1568a371&cid=17593925387338&ei=tPUvTpGjOIewtAaRxfB1&rt=SEARCH&vm=STANDARD&url=http%3A%2F%2Fwww.dailymail.co.uk%2Fnews%2Farticle-2019283%2FNorway-Shooting-Silvio-Berlusconi-ally-Borghezio-praises-Anders-Behring-Breivik.html%3Fito%3Dfeeds-newsxml
2011-07-27,19:39:22,j11ox,71,Piers Morgan Admits Dodgy Journalistic Practices in 2009 BBC Interview.,thedailybeast.com,http://www.thedailybeast.com/articles/2011/07/26/piers-morgan-admits-dodgy-journalistic-practices-in-2009-bbc-interview.html
2011-07-27,18:16:18,j10il,69,Chinese police have quelled a mass riot sparked by rumours that a disabled fruit seller had been beaten to death by local officials.,bbc.co.uk,http://www.bbc.co.uk/news/world-asia-pacific-14305484
2011-07-27,23:59:32,j179d,65,"Lawrence Summers On The Euro Crisis --- 
""There is no politician who will ignore the laws of physics when building a bridge. But there is a tendency in politics in every country to suppose that the laws of economics are flexible and can be adjusted to political necessity""",spiegel.de,"http://www.spiegel.de/international/world/0,1518,776670,00.html"
2011-07-27,01:53:03,j0aps,58,Japan: angry Fukushima citizens confront government (video),boingboing.net,http://boingboing.net/2011/07/25/japanese-gov-unsure-of-fukushima-citizens-right-to-live-radiation-free-lives-video.html?utm_source=feedburner&utm_medium=email&utm_campaign=Feed%3A+boingboing%2FiBag+%28Boing+Boing%29
2011-07-27,08:44:33,j0n1x,54,Islamophobes attempt distance themselves from Oslo perpetrator,english.aljazeera.net,http://english.aljazeera.net/indepth/opinion/2011/07/201172611337853373.html
2011-07-28,04:02:13,j1elu,46,"Anders Breivik’s embrace of Israel is the latest sign of a shift among reactionaries in Europe—with fascism and Zionism going hand in hand, fueled by Islamophobia, says Michelle Goldberg. ",thedailybeast.com,http://www.thedailybeast.com/articles/2011/07/25/norway-shooter-anders-breivik-s-zionism-in-line-with-pro-israel-european-right.html
2011-07-27,12:39:34,j0tcv,44,North Korea Demands Peace Treaty With US,nytimes.com,http://www.nytimes.com/aponline/2011/07/26/world/asia/AP-AS-NKorea-Armistice.html
2011-07-27,14:42:16,j0whr,38,Kosovo tense after deadly clash on Serbian border: International concern has been raised over a Kosovo police bid to take over two border crossings in the ethnic Serb north in which one officer was killed.,bbc.co.uk,http://www.bbc.co.uk/news/world-europe-14303165
2011-07-28,03:53:32,j1ecv,37,Flying high for the Sinaloa drug cartel,latimes.com,"http://www.latimes.com/news/local/cartel/la-me-cartel-20110727,0,6478850.story"
2011-07-28,00:40:22,j18f8,34,"An Italian MEP, Mario Borghezio, backs the ideas of Norway's self-confessed mass killer, Anders Behring Breivik, as ""good"" and in some cases ""excellent"".",bbc.co.uk,http://www.bbc.co.uk/news/world-europe-14315108
2011-07-28,05:22:22,j1hch,22,AFP: International Space Station to be sunk by Russians after 2020,google.com,http://www.google.com/hostednews/afp/article/ALeqM5iItAVtj_n_MG8_1UfGh8so3JSAIQ?docId=CNG.feed6fbd2ac38e43959fb0e115a20f82.841
