2011-11-21,03:25:06,mj8jx,2266,"Egypt - Pile of bodies spotted in Tahrir Square, surrounded by police.",twitpic.com,http://twitpic.com/7h0ewk
2011-11-21,07:21:03,mjgph,1660,"This is How Terrifying Cairo is Tonight - 
Horrifying video & images are emerging of Egyptian security forces beating protesters in Cairo, as reports of military units firing into the crowds continue to spread.",theatlanticwire.com,http://www.theatlanticwire.com/global/2011/11/how-terrifying-cairo-tonight/45215/
2011-11-21,19:50:06,mk2k6,1366,"Pakistani government orders all text messages sent from mobile phones that contain any of a list of over 1000 ""obscene"" words be censored. Phone networks struggling to cope.  ",abc.net.au,http://www.abc.net.au/news/2011-11-21/pakistan-text-message-ban/3683154
2011-11-21,18:18:20,mk12q,779,"Tragically, widespread newspaper abuse has become so endemic, it has crippled the country's ability to conduct a sensible debate about the ""war on drugs"" - Charlie Brooker/The Guardian",guardian.co.uk,http://www.guardian.co.uk/commentisfree/2010/mar/22/charlie-brooker-newspapers-dangerous-drug?mobile-redirect=false
2011-11-21,20:44:59,mk3hc,671,Latest update on Egypt unrest: 22 dead and 1500 injured,aljazeera.com,http://www.aljazeera.com/news/middleeast/2011/11/2011112173443755445.html
2011-11-21,20:01:28,mk2py,608,Israeli right wing group mapping Jerusalem businesses that employ Arabs: The goal of Hebrew Labor project is 'to warn the public' against buying from businesses that employ Arabs.,haaretz.com,http://www.haaretz.com/print-edition/news/right-wing-group-mapping-jerusalem-businesses-that-employ-arabs-1.396686?print
2011-11-21,10:26:44,mjnk0,184,Violence in Cairo may be leading toward a second uprising,sltrib.com,http://www.sltrib.com/sltrib/world/52955790-68/elections-protesters-military-council.html.csp
2011-11-21,14:47:11,mjwp7,126,Russian Martial Arts Fans Boo Putin at Televised Event,guardian.co.uk,http://www.guardian.co.uk/world/2011/nov/20/putin-booed-moscow-martial-arts-fans
2011-11-22,00:10:28,mk927,112,BBC News - UK's debts 'biggest in the world' It's five times more than the value of everything we produce.,bbc.co.uk,http://www.bbc.co.uk/news/business-15820601
2011-11-21,20:46:30,mk3ik,100,Chevron takes full responsibility for oil spill off the coast of Brazil. ,bbc.co.uk,http://www.bbc.co.uk/news/world-latin-america-15813671
2011-11-21,09:43:38,mjlum,95,"Right-wing group mapping Jerusalem businesses that employ Arabs - Meir Ettinger, a resident of the West Bank settlement of Yitzhar, says goal of Hebrew Labor project is 'to warn the public' against buying from businesses that employ Arabs.",haaretz.com,http://www.haaretz.com/print-edition/news/right-wing-group-mapping-jerusalem-businesses-that-employ-arabs-1.396686
2011-11-21,21:23:46,mk47y,96,"Egypt's Military Takes Off the Mask  -- ""The military justice system should never be used to investigate or prosecute civilians. Military courts are fundamentally unfair, as they deprive defendants of basic fair trial guarantees.""",japantimes.co.jp,http://www.japantimes.co.jp/text/eo20111121cc.html
2011-11-21,21:42:54,mk4o4,82,"Report: Hezbollah captures U.S. spies in Lebanon, Iran",haaretz.com,http://www.haaretz.com/news/middle-east/report-hezbollah-captures-u-s-spies-in-lebanon-iran-1.396840
2011-11-21,05:19:17,mjcgv,65,"Spanish socialists hit record low in Spanish elections, conservatives obtain absolute majority.",guardian.co.uk,http://www.guardian.co.uk/world/2011/nov/20/spain-election-polls-rajoy-victory
2011-11-22,00:40:11,mka5r,60,Deadly New Clashes in Egypt's Tahrir Square [pics],theatlantic.com,http://www.theatlantic.com/infocus/2011/11/deadly-new-clashes-in-egypts-tahrir-square/100192/
2011-11-22,03:24:11,mkgm8,50,Egypt’s Civilian Government Submits Offer to Resign,nytimes.com,http://www.nytimes.com/2011/11/22/world/middleeast/facing-calls-to-give-up-power-egypts-military-battles-crowds.html?_r=1&hp
2011-11-21,13:17:23,mjtqs,51,A Credit Crisis in China's Most Enterprising City Is Making the Country Nervous,time.com,"http://www.time.com/time/magazine/article/0,9171,2099675,00.html"
2011-11-22,02:56:21,mkfhl,46,"Globally, Aids-related deaths are at the lowest level since their 2005 peak, down 21%, figures from UNAids suggest.",bbc.co.uk,http://www.bbc.co.uk/news/health-15816813
2011-11-22,00:23:03,mk9im,47,U.S. spy rings busted in devastating blow. Iran and Hezbollah round up more than a dozen CIA spies after what some are calling major tactical blunders.,gma.yahoo.com,http://gma.yahoo.com/exclusive-cia-spies-caught-fear-execution-middle-east-233819159.html
2011-11-22,04:27:12,mkj66,44,"Turkey warns Assad against ruling through violence: ""You can remain in power with tanks and cannons only up to a certain point,"" Turkish PM Erdogan said. ",france24.com,http://www.france24.com/en/20111121-turkish-prime-minister-erdogan-warns-assad-holding-power-violence-syria-crackdown
2011-11-21,20:25:37,mk34r,41,Turkish bus ambushed by Syrian gunmen,aljazeera.com,http://www.aljazeera.com/news/middleeast/2011/11/2011112110155730765.html
2011-11-22,00:41:31,mka7j,43,Bahrain has charged 20 members of its security forces with abusing protesters during recent anti-government demonstrations,globalpost.com,http://www.globalpost.com/dispatch/news/regions/middle-east/111121/bahrain-20-security-forces-charged-abuse-protesters
2011-11-22,04:13:34,mkime,36,"In Tahrir Square, unmoved by cabinet resignation, tens of thousands of people chanting: 'The people want the downfall of the Field Marshal (Scaf head Mohamed Hussein Tantawi).",guardian.co.uk,http://www.guardian.co.uk/world/middle-east-live/2011/nov/21/egyptian-cabinet-resigns-live-coverage
2011-11-21,09:40:07,mjlpo,36,Bangladesh war crimes trial begins in Dhaka:  A leader of a Bangladesh Islamist party has gone on trial accused of crimes against humanity during the country's independence struggle against Pakistan.,bbc.co.uk,http://www.bbc.co.uk/news/world-south-asia-15811848
2011-11-22,02:26:29,mkeai,34,"The New Wild West: West Africa’s Petroleum Act,  guided by agreements with oil companies, was rushed through as an emergency bill, & few people were consulted. Oil should be an economic boon for the country, but watchdog groups fear devastating impact on humans & environment",alternet.org,http://www.alternet.org/environment/153143/the_new_wild_west%3A_will_citizens_and_the_environment_suffer_as_an_oil_rush_engulfs_west_africa?page=entire
2011-11-21,16:10:21,mjyss,29,Modern day temple built by secret society --- 8th wonder of the world! ,dailymail.co.uk,http://www.dailymail.co.uk/news/article-495538/Eighth-wonder-world-The-stunning-temples-secretly-carved-ground-paranormal-eccentric.html
2011-11-21,14:53:19,mjww2,24,"Violent protests in Egypt prompt worry about election:  Egyptian security forces and protesters fought pitched battles Sunday, the second day of deadly clashes that plunged the country into a political crisis that could imperil Egypt’s first post-revolt elections, just a week away.",washingtonpost.com,http://www.washingtonpost.com/world/second-day-of-clashes-in-egypt-could-lead-to-second-revolt/2011/11/20/gIQA1nvJeN_story.html
2011-11-22,02:59:42,mkfml,21,"Development, Weak Regulatory Oversight & Lack of Scientific Monitoring are Seriously Threatening the Gulf - Projects, from desalination plants to artificial islands, between Arabian Peninsula & Iran are changing the coastline. It's urgent. The region has lost 70% of its coral reefs. 

",nature.com,http://www.nature.com/news/gulf-ecology-hit-by-coastal-development-1.9374
2011-11-21,09:58:33,mjmft,20,"India’s dynastic politics:  Must it be a Gandhi?  - Whatever the young heir’s merits, modern India surely needs a broader choice for its effective ruler",economist.com,http://www.economist.com/node/21538757
2011-11-21,08:31:02,mjj6l,21,Is Israel preparing an assault against Iran?,aljazeera.com,http://www.aljazeera.com/indepth/opinion/2011/11/20111116124813378449.html
