2011-12-31,01:31:32,nwfh9,1819,"Ultra-Orthodox Jewish groups in Israel would like to see gender separation in public, and some have stooped to harassing women to get their way. With thousands of Israelis protesting against the growing influence of the super-religious, the rift in Israeli society is getting deeper.",spiegel.de,"http://www.spiegel.de/international/world/0,1518,806386,00.html"
2011-12-31,17:00:17,nxdcg,1041,Ukraine Sends Yulia Tymoshenko to Remote Prison Camp,nytimes.com,http://www.nytimes.com/2011/12/31/world/europe/ukraine-sends-tymoshenko-to-remote-prison.html
2011-12-31,23:34:27,nxjyb,961,"Britain Plagued by Epidemic of Metal Theft -  Manhole covers, lead from church roofs, electric cables, even memorial statues & plaques with the names of war dead are vanishing in the face of rising demand from Asia & a recycling industry that pays in cash and asks no questions",rawstory.com,http://www.rawstory.com/rs/2011/12/30/britain-plagued-by-baffling-epidemic-of-metal-theft/
2011-12-31,13:34:00,nx7iu,699,France approves soda tax,france24.com,http://www.france24.com/en/20111228-france-approves-soda-tax
2011-12-31,20:17:12,nxgi2,590,"Another Shady Land Deal in Africa, This One Assisted by the U.S. Ambassador to Tanzania - It'll displace over 160,000 people & commercially develop the site—which includes lands serving as refugee resettlement areas since 1972—for large-scale crop cultivation, beef, & poultry, & biofuel production",treehugger.com,http://www.treehugger.com/economics/another-shady-land-deal-africa-one-assisted-us-ambassador-tanzania.html
2011-12-31,04:15:03,nwmcw,505,Kim Jong-Un Just Issued His First Threat Of War Against South Korea,businessinsider.com,http://www.businessinsider.com/north-korea-hideous-crimes-morning-period-2011-12
2011-12-31,11:31:58,nx34w,363,"Is Egypt's military worse than Mubarak? -- After a violent raid on rights groups, some say Egypt's military has gone too far.
",globalpost.com,http://www.globalpost.com/dispatch/news/regions/middle-east/egypt/111230/egypt-military-raid-mubarak-samira
2011-12-31,16:23:10,nxciw,313,North Korea officially names Kim Jong Un Supreme Commander of its 1.2 million-strong military,washingtonpost.com,http://www.washingtonpost.com/world/asia-pacific/north-korea-officially-names-kim-jong-un-supreme-commander-of-its-12-million-strong-military/2011/12/30/gIQAoChLRP_story.html
2011-12-31,12:28:25,nx56z,160,UAE to buy U.S. missile-defense system for $3.48B,edition.cnn.com,http://edition.cnn.com/2011/12/30/us/uae-defense-system/
2011-12-31,23:05:57,nxjax,106,"500,000 march in Syria as Arab League spots pro-Assad snipers ",americablog.com,http://www.americablog.com/2011/12/500000-march-in-syria-as-arab-league.html
2011-12-31,15:51:46,nxbt1,96,"How the 'Year of the Protester' played out in Europe - 
The protests in the Middle East & US may have garnered more attention, but 2011 was just as much a year of awakening in southern Europe, where young people are worried about their future. ",csmonitor.com,http://www.csmonitor.com/World/Global-News/2011/1230/How-the-Year-of-the-Protester-played-out-in-Europe
2012-01-01,07:01:32,nxzzb,69,"""Hounded by the economic crisis that shows no signs of letting up and by political leaders of all stripes, Portugal's conservative Prime Minister Pedro Passos Coelho sent out an unprecedented message to his fellow citizens: Emigrate.""",aljazeera.com,http://www.aljazeera.com/indepth/features/2011/12/20111230137979968.html
2012-01-01,04:44:11,nxume,65,Moscow rally halted amid arrests:  Russian police have arrested protesters trying to attend a Moscow rally.,bbc.co.uk,http://www.bbc.co.uk/news/world-europe-16374186
2011-12-31,22:20:05,nxie8,69,Iran said it had delayed promised long-range missile tests in the Gulf on Saturday and signaled it was ready for fresh talks with the West on its disputed nuclear program,nytimes.com,http://www.nytimes.com/reuters/2011/12/31/world/middleeast/news-us-iran-drill-missile.html
2011-12-31,15:32:34,nxbai,65,Iran test-fires missiles in international waters,bbc.co.uk,http://www.bbc.co.uk/news/world-middle-east-16372141
2012-01-01,00:58:22,nxmch,53,"Riot police, protesters are clashing in Bahrain in one of the most widespread days of protest in months",hosted.ap.org,http://hosted.ap.org/dynamic/stories/M/ML_BAHRAIN?SITE=AP&SECTION=HOME&TEMPLATE=DEFAULT
2012-01-01,05:32:32,nxwia,52,Brazil gears up for new freedom of information law,bbc.co.uk,http://www.bbc.co.uk/news/world-latin-america-16292843
2011-12-31,16:41:43,nxcys,46,"The spectre of 1932: How a loss of faith in politicians and democracy could make 2012 the most frightening year in living memory
",dailymail.co.uk,http://www.dailymail.co.uk/news/article-2080534/Will-2012-new-Dark-Age.html
2012-01-01,01:35:46,nxniy,47,Twenty elections that could change the world in 2012,foreignpolicy.com,http://www.foreignpolicy.com/articles/2011/12/30/2012_global_elections?page=full
2011-12-31,18:19:44,nxeqn,41,Russia hands over Nerpa nuclear sub to India,khaleejtimes.com,http://www.khaleejtimes.com/DisplayArticle08.asp?xfile=data/international/2011/December/international_December1151.xml&section=international
2011-12-31,15:22:19,nxb04,41,"Most of the deaths caused by Cyclone Thane in S India were due to collapsing walls, electrocution, drowning, & severe cold. Up to 1.2 million people live in the affected area, with almost 80,000 in low-lying coastal land.",timesofindia.indiatimes.com,http://timesofindia.indiatimes.com/city/chennai/Cyclone-Thane-batters-Puducherry-TN-33-dead/articleshow/11309942.cms
2012-01-01,00:57:55,nxmbw,30,Syria: Arab League observers witness government snipers in Deraa,globalpost.com,http://www.globalpost.com/dispatch/news/regions/middle-east/111231/syria-arab-league-observers-government-snipers-deraa
2012-01-01,00:10:31,nxkuv,31,"China's Shaky Economic Foundation --- Beijing’s success in quelling daily unrest fails to address the fundamental problem: a development path built on an eroding foundation of unjust land grabs, environmental destruction and  social polarization ",nytimes.com,http://www.nytimes.com/2011/12/31/opinion/chinas-shaky-economic-foundation.html?_r=1
2012-01-01,04:25:53,nxtvx,30,US to sell $3.5b in missile technology to the United Arab Emirates,globalpost.com,http://www.globalpost.com/dispatch/news/regions/americas/united-states/111231/us-uae-iran-anti-missile-defense-thaad
2012-01-01,02:53:35,nxqfj,25,Nigeria declares State of Emergency in the Northern region due to recent spasm of violence from Islamist insurgency.  All borders are closed.  ,telegraph.co.uk,http://www.telegraph.co.uk/news/worldnews/africaandindianocean/nigeria/8986415/Nigeria-declares-state-of-emergency-in-northern-regions.html
2011-12-31,11:24:47,nx2vd,25,"Hunt for Gas Hits Fragile Soil, and South Africans Fear Risks:  A plan to drill for natural gas in Karoo, South Africa, would use millions of gallons of water in a drought-stricken region.",nytimes.com,http://www.nytimes.com/2011/12/31/world/south-african-farmers-see-threat-from-fracking.html?pagewanted=all
2011-12-31,19:47:56,nxg2t,24,Chinese bus driver infected with H5N1 bird flu dies in city bordering Hong Kong,washingtonpost.com,http://www.washingtonpost.com/world/asia-pacific/china-suspects-bus-driver-infected-with-bird-flu-in-southern-city-bordering-hong-kong/2011/12/30/gIQA78NWRP_story.html
2011-12-31,18:10:54,nxem7,24,"Israeli Education Ministry blasts Israeli Arab school for taking students to human rights march: 'The students carried signs against racism, house demolitions, etc., which violates the director general's circular [i.e. ministry regulations],' ministry tells school",haaretz.com,http://www.haaretz.com/print-edition/news/education-ministry-blasts-israeli-arab-school-for-taking-students-to-human-rights-march-1.404479
2011-12-31,09:17:23,nwydk,25,Samoa jumps forward 24 hours ,stuff.co.nz,http://www.stuff.co.nz/world/south-pacific/6203866/Samoa-jumps-forward-24-hours
2012-01-01,04:32:59,nxu6o,21,"Iran delays planned missile tests, indicates willingness for fresh talks about its nuclear program",news.nationalpost.com,http://news.nationalpost.com/2011/12/31/iran-delays-planned-missile-tests-indicates-willingness-for-fresh-talks-about-its-nuclear-program/
