2011-11-24,20:33:08,mnuah,2617,EU court rules that ISP can't be forced to block file sharing,businessweek.com,http://www.businessweek.com/news/2011-11-24/belgacom-isp-can-t-be-told-to-block-file-sharing-eu-court-says.html
2011-11-24,06:47:42,mn8uh,1150,Brazil suspends Chevron's drilling rights,reuters.com,http://www.reuters.com/article/2011/11/23/us-chevron-brazil-anp-idUSTRE7AM2G420111123
2011-11-24,10:31:19,mng03,429,"Slavery thrives in Chinese prisons, selling products to the West",aljazeera.com,http://www.aljazeera.com/video/asia/2011/11/2011112322513549768.html
2011-11-24,14:22:47,mnn4q,429,"Israeli Prime Minister Benjamin Netanyahu condemns international supporters of Arab pro-democracy protests, expresses nostalgia for Mubarak regime.",haaretz.com,http://www.haaretz.com/news/netanyahu-arab-world-moving-backward-not-forward-1.397353
2011-11-24,16:37:00,mnqee,333,Iran 'arrests 12 CIA agents',guardian.co.uk,http://www.guardian.co.uk/world/2011/nov/24/iran-claims-arrests-of-cia-agents
2011-11-24,12:55:43,mnkkk,215,Saleh steps down,online.wsj.com,http://online.wsj.com/article/SB10001424052970204630904577055520418084162.html
2011-11-24,10:47:19,mngi3,197,"The Axis of No:  How the Arab Spring made accidental allies out of Moscow and Beijing. 
",foreignpolicy.com,http://www.foreignpolicy.com/articles/2011/11/23/the_axis_of_no?page=full
2011-11-24,12:58:03,mnkn5,124,"Video shows Egypt's Central Security Forces unilaterally breaking a two-hour old truce with protesters unprepared for the latest wave of tear gas attacks.  Crowds were chanting ""peaceful, peaceful"" and ""Whoever loves Egypt, doesn't wreck Egypt"".",english.ahram.org.eg,http://english.ahram.org.eg/NewsContent/1/64/27421/Egypt/Politics-/Video-shows-police-breaking-truce.aspx
2011-11-24,22:26:37,mnwd9,78,Russia reminds the U.S. it still has nuclear missiles.,theatlanticwire.com,http://www.theatlanticwire.com/global/2011/11/russias-medvedev-reminds-us-he-still-has-nuclear-missiles/45349/
2011-11-24,10:52:01,mngok,74,"The Global Fund to Fight AIDS, Tuberculosis and Malaria, which underwrites AIDS treatment for about half the people getting it in developing countries, announced Wednesday that it will make no new grants for the next two years because of the worldwide economic downturn.",washingtonpost.com,http://www.washingtonpost.com/national/health-science/fund-halts-new-grants-for-aidstb-and-malaria-treatment-in-poor-countries/2011/11/23/gIQAPZdspN_story.html
2011-11-24,23:13:59,mnxfw,73,The Iranian Threat by Noam Chomsky,aljazeera.com,http://www.aljazeera.com/indepth/opinion/2011/11/20111122142555908626.html
2011-11-24,19:51:21,mntlr,48,"Frustrated Delhi man slaps one of India's most (allegedly) corrupt politicians: Sharad Pawar – The actual video, interview with the man & reactions from India's top level leaders",istream.com,http://www.istream.com/news/video.html?id=8802
2011-11-24,20:31:41,mnu9r,50,"Cameroon jails men over gay sex. A court in Cameroon sentences three men to five years in prison for homosexual acts, which are illegal in the central African nation",bbc.co.uk,http://www.bbc.co.uk/news/world-africa-15871386
2011-11-24,14:20:07,mnn1r,52,"Libyan rebels detaining thousands illegally, Ban Ki-moon reports",guardian.co.uk,http://www.guardian.co.uk/world/2011/nov/24/libya-illegal-detentions-un-report
2011-11-24,22:21:50,mnw8s,48,Mona Eltahawy: I was sexually assaulted by Egypt police,worldblog.msnbc.msn.com,http://worldblog.msnbc.msn.com/_news/2011/11/24/8994058-us-citizen-mona-eltahawy-i-was-sexually-assaulted-by-egypt-police
2011-11-25,01:02:55,mo0hh,52,Egyptian Military Using Nerve Gas on Protesters,newsmax.com,http://www.newsmax.com/Newsfront/egyptian-military-nerve-gas/2011/11/23/id/418927
2011-11-24,22:48:25,mnwui,38,Report: U.S. carrier sent to Syrian coast as tensions flare,dailycaller.com,http://dailycaller.com/2011/11/23/report-u-s-carrier-sent-to-syrian-coast-as-tensions-flare/
2011-11-24,12:49:03,mnkd8,39,European debt crisis rattles Germany,thestar.com,http://www.thestar.com/business/article/1091780--european-debt-crisis-rattles-germany?bn=1
2011-11-24,08:26:36,mnc5u,35,"Libyan government holding 7,000 prisoners, UN says",telegraph.feedsportal.com,http://telegraph.feedsportal.com/c/32726/f/568301/s/1a582918/l/0L0Stelegraph0O0Cnews0Cworldnews0Cafricaandindianocean0Clibya0C89115240CLibyan0Egovernment0Eholding0E70A0A0A0Eprisoners0EUN0Esays0Bhtml/story01.htm
2011-11-24,16:32:08,mnqak,33,Portugal braces for general strike against austerity cuts,bbc.co.uk,http://www.bbc.co.uk/news/world-europe-15867149
2011-11-25,06:36:48,moam4,29,Swiss grapple with history of forced child labor,hosted2.ap.org,http://hosted2.ap.org/APDEFAULT/cae69a7523db45408eeb2b3a98c0c9c5/Article_2011-11-24-EU-Switzerland-Stolen-Childhood/id-de9062ebe7bc445e8ef346a49a1c1cbc
2011-11-24,23:37:03,mny1r,27,"The decadence of the West --- China’s governing class has its eye on history. Ours has its eye on the next election and next quarter’s earnings. If the time horizons remain this different, and the stewardship gap this huge, who’s a better bet to come out stronger in the decades ahead?",washingtonpost.com,http://www.washingtonpost.com/opinions/the-decadence-of-the-west/2011/11/23/gIQAI7anoN_story.html
2011-11-24,19:45:09,mnti9,25,"Jailed Afghan rape victim has sentence reduced, remains in jail.",cnn.com,http://www.cnn.com/2011/11/23/world/meast/afghan-rape-victim/index.html?hpt=wo_c2
2011-11-24,22:11:39,mnw1q,25,"Twelve suspected CIA agents have been arrested in Iran, according to an Iranian politician. They were allegedly working with Israeli's intelligence service, the Mossad",globalpost.com,http://www.globalpost.com/dispatch/news/regions/middle-east/111124/iran-claims-arrest-12-cia-agents
2011-11-24,12:47:50,mnkbp,20,"Mubarak’s Playbook:  Rambling and self-justifying speeches, promised concessions—the Supreme Council’s tactics seem familiar…",newyorker.com,http://www.newyorker.com/online/blogs/wendell-steavenson/2011/11/mubaraks-playbook-again.html
2011-11-24,20:20:42,mnu3h,20,Australia inquiry after wrong twin foetus terminated,bbc.co.uk,http://www.bbc.co.uk/news/world-asia-15870161
2011-11-24,12:38:23,mnk0d,21,"France, EU say ready to talk with Syria’s opposition as death toll mounts",english.alarabiya.net,http://english.alarabiya.net/articles/2011/11/24/178868.html
2011-11-24,17:48:00,mnrq0,17,Brussels pushes for radical shift in budget powers AWAY from parliaments,euobserver.com,http://euobserver.com/19/114372
2011-11-24,19:35:26,mntdt,17,BBC News - Egypt has its credit rating cut,bbc.co.uk,http://www.bbc.co.uk/news/business-15871107
2011-11-25,06:26:25,moab6,16,Journalists sexually assaulted covering Egypt unrest,france24.com,http://www.france24.com/en/20111124-journalists-sexually-assaulted-covering-egypt-unrest
