2011-10-03,18:11:23,kz7du,1580,"In praise of chaos:
Governments’ attempts to control the internet 
should be resisted",economist.com,http://www.economist.com/node/21531011
2011-10-03,13:11:39,kz0xj,595,Wall Street occupation spreads to Canada,theglobeandmail.com,http://www.theglobeandmail.com/news/national/canadian-version-of-wall-street-occupation-planned/article2187950/
2011-10-03,12:41:46,kyzzq,487,"Hole 5 times the size of Germany found in ozone above Arctic,  allowing more ultraviolet radiation to hit Canada, Europe & Russia this spring",independent.co.uk,http://www.independent.co.uk/environment/climate-change/giant-ozone-hole-found-above-arctic-2364849.html
2011-10-03,12:42:07,kz002,408,British Reporter Says He’ll Name Names in Phone Hacking Scandal.,nytimes.com,http://www.nytimes.com/2011/10/01/world/europe/reporter-threatens-to-disclose-who-ordered-phone-hacking-at-british-paper.html?_r=3
2011-10-03,19:50:34,kz8ub,402,"The Nobel Prize in Physiology or Medicine has been awarded to Bruce A Beutler, Jules A Hoffmann and Ralph M Steinman, for 'revolutionising our understanding of the immune system'",nobelprize.org,http://www.nobelprize.org/nobel_prizes/medicine/laureates/2011/press.html
2011-10-04,03:10:42,kzkvl,297,Official Chinese Newspaper Calls for War Against Vietnam and the Philippines to Secure Natural Resources in the South China Sea,upi.com,http://www.upi.com/Top_News/Analysis/Walker/2011/10/03/Walkers-World-War-in-South-China-Sea/UPI-23491317637140/
2011-10-03,21:26:50,kzaf2,241,"""The Russian secret service authorised the 'elimination' of individuals living overseas who were judged to be enemies of the state and ordered the creation of special units to conduct such operations, according to a document passed to The Daily Telegraph.""",telegraph.co.uk,http://www.telegraph.co.uk/news/worldnews/europe/russia/8802732/PIC-AND-PUB-PLS-Leaked-document-reveals-plans-to-eliminate-Russias-enemies-overseas.html
2011-10-03,09:40:17,kyuaf,225,Shell accused of fuelling violence in Nigeria by paying rival militant gangs,guardian.co.uk,http://www.guardian.co.uk/world/2011/oct/03/shell-accused-of-fuelling-nigeria-conflict
2011-10-03,02:22:30,kygz7,204,"In most places around the globe, violence has stopped making sense ",theglobeandmail.com,http://www.theglobeandmail.com/news/opinions/opinion/in-most-places-around-the-globe-violence-has-stopped-making-sense/article2186573/
2011-10-04,00:57:07,kzg6d,159,Activists throughout Canada set to show solidarity with Wall Street protesters: Organizers in Toronto and several other Canadian cities say they plan to follow the New York example,theglobeandmail.com,https://www.theglobeandmail.com/news/world/americas/activists-throughout-canada-set-to-show-solidarity-with-wall-street-protesters/article2188341/
2011-10-03,23:08:52,kzcty,125,Mosque Set on Fire in Northern Israel,nytimes.com,http://www.nytimes.com/2011/10/04/world/middleeast/mosque-set-on-fire-in-northern-israel.html?_r=1&hp
2011-10-03,05:05:35,kyls8,102,Dutch city bans foreign tourists from cannabis coffee shops,thejournal.ie,http://www.thejournal.ie/dutch-city-maastricht-bans-foreign-tourists-from-cannabis-coffee-shops-242404-Oct2011/
2011-10-04,01:16:37,kzguf,100,Thousands of Spanish newborns were taken at birth and sold to childless couples from 1960 to 1989,globalpost.com,http://www.globalpost.com/dispatch/news/regions/europe/spain/110930/spain%25E2%2580%2599s-stolen-baby-scandal-photo
2011-10-03,21:12:55,kza5q,71,Lengthy jail terms for Bahrain protesters - Thirty-six people given prison sentences of between 15 and 25 years for taking part in anti-government rallies.,english.aljazeera.net,http://english.aljazeera.net/news/middleeast/2011/10/2011103104321505207.html
2011-10-03,23:07:15,kzcsk,65,Muslim Mob Torches Coptic Church in Egypt,aina.org,http://www.aina.org/news/20110930204413.htm
2011-10-03,22:08:13,kzb8d,58,"Avoiding Taxation: Greeks Turn To Barter Networks   - While eurozone toys with self-destruction and Greece's economy spirals out of control, more and more Greeks are turning to an ancient form of commerce. Barter. “We’re in an uncharted area. Maybe it's the beginning of the future""",nytimes.com,http://www.nytimes.com/2011/10/02/world/europe/in-greece-barter-networks-surge.html?_r=1&pagewanted=all
2011-10-03,13:06:02,kz0qy,45,"Iran ""totally rejects"" Palestine U.N. statehood bid",news.yahoo.com,http://news.yahoo.com/iran-totally-rejects-palestine-u-n-statehood-bid-112758446.html
2011-10-03,04:22:44,kykif,46,"Hamas PM: Only armed resistance will liberate Palestine - 
Haniyeh tells Tehran conference two-state solution, as proposed by the United States, European Union will fail, and that negotiations with Israel are a ""mirage.""",jpost.com,http://www.jpost.com/MiddleEast/Article.aspx?id=240237
2011-10-03,13:22:21,kz19w,27,"Israel risks Middle East isolation, warns US official",bbc.co.uk,http://www.bbc.co.uk/news/world-middle-east-15146202
2011-10-04,02:33:13,kzjjw,24,Merkel and the Euro: Is Germany's Finance Minister Going Rogue?  Criticism of Finance Minister Wolfgang Schäuble is growing within the government parties. Some believe that Schäuble wants to exploit the crisis to push through his vision of a United States of Europe,spiegel.de,"http://www.spiegel.de/international/europe/0,1518,789661,00.html"
2011-10-04,05:13:49,kzphn,19,Today a Tibetan Monk set himself on fire over Chinese occupation.,nytimes.com,http://www.nytimes.com/2011/10/04/world/asia/fourth-tibetan-monk-self-immolates-in-anti-china-protest.html
2011-10-03,13:18:57,kz159,20,"Denmark Passes World's 1st Fat Tax, Making Food Sin Taxes a Reality in Europe",bbc.co.uk,http://www.bbc.co.uk/news/world-europe-15137948?2
2011-10-03,10:21:18,kyviz,18,"Japan's big manufacturers expect conditions to improve in the next three months, according to the Bank of Japan's Tankan survey.",bbc.co.uk,http://www.bbc.co.uk/news/business-15146246
2011-10-03,16:58:22,kz69h,16,Putin and Medvedev,economist.com,http://www.economist.com/node/21531049
2011-10-03,15:09:22,kz449,17,Greece to miss deficit targets despite austerity,reuters.com,http://www.reuters.com/article/2011/10/03/us-greece-idUSTRE7900SU20111003
2011-10-03,22:24:32,kzblo,17,"""The tiny Pacific island nation of Tuvalu has declared a state of emergency due to a severe shortage of fresh water, with officials saying Monday [3 October 2011] that some parts of the country may only have a two-day supply.""",seattlepi.com,http://www.seattlepi.com/news/article/Tiny-nation-Tuvalu-declares-fresh-water-emergency-2199679.php
2011-10-03,19:11:47,kz8a0,13,14 killed in PNG tribal massacre ,abc.net.au,http://www.abc.net.au/news/2011-10-03/tribesmen-killed-in-png-massacre/3207270
2011-10-03,22:08:48,kzb8u,14,Cyprus President Christofias blamed for navy base blast:  The president of Cyprus has been blamed by an official investigator for negligence leading to a huge explosion that killed 13 people in July.,bbc.co.uk,http://www.bbc.co.uk/news/world-europe-15150755
2011-10-04,05:44:15,kzqmj,13,"Denmark levies world's first fat tax - Denmark Saturday became the first country in the world to impose a fat tax after a week in which consumers hoarded butter, pizza, meat and milk to avoid the immediate effects.",montrealgazette.com,http://www.montrealgazette.com/health/Denmark+imposes+world+first/5488375/story.html
2011-10-04,04:39:28,kzo6y,11,"Canadian Nobel winner can keep prize, officials decide: Dr. Steinman died three days before it was announced this morning that he was one of three laureates sharing the prize. ",theglobeandmail.com,http://www.theglobeandmail.com/news/national/canadian-nobel-winner-can-keep-prize-officials-decide/article2188491/
