2011-12-03,09:20:44,my8d3,2336,Swiss Government Declares Downloading for Personal Use Legal,webpronews.com,http://www.webpronews.com/swiss-government-declares-downloading-for-personal-use-legal-2011-12
2011-12-03,21:50:09,myp8d,1604,"Rebecca Coriam: Lost At Sea --- 
An amazing look at how a young woman disappeared from a Disney crew ship - a shockingly common occurrence. This story could be told as a simple unsolved crime, but the reporter unearths a much larger narrative",guardian.co.uk,http://www.guardian.co.uk/uk/2011/nov/11/rebecca-coriam-lost-at-sea?CMP=twt_gu
2011-12-03,01:52:49,mxqkc,1330,Swiss Govt: Downloading Movies and Music Will Stay Legal,torrentfreak.com,https://torrentfreak.com/swiss-govt-downloading-movies-and-music-will-stay-legal-111202/
2011-12-03,20:11:54,mynvg,749,"The Pirate Party Effect: Threatened by the rise of the Pirates, the German Greens Party scrambles to draw up digital policies to hold on to voters ",techdirt.com,http://www.techdirt.com/articles/20111202/04293316952/pirate-party-effect-german-greens-scramble-to-draw-up-digital-policies-to-hold-to-voters.shtml
2011-12-03,12:05:46,mydpd,662,Australia’s Ruling Party Endorses Gay Marriage ,salon.com,http://www.salon.com/2011/12/03/australias_ruling_party_endorses_gay_marriage/singleton/
2011-12-03,22:40:18,myq41,426,"UK High Street banks are charging ""eye-watering"" rates of interest on overdrafts: A customer borrowing £100 for 28 days without the consent of Santander would repay £200, for example...  an annualised percentage rate (APR) of 819,100%",bbc.co.uk,http://www.bbc.co.uk/news/business-16002022
2011-12-03,23:47:28,myrgz,316,"New 'Super-Earth' Found With Fine-Tuned Telescope Readings: ""NASA's orbiting Kepler probe initially detected the super-Earth - a distant rocky planet about the size of the Earth - in our Milky Way galaxy about 350 light years from our solar system.""",voanews.com,http://www.voanews.com/english/news/science-technology/Bizarre-New-Super-Earth-Found-with-Fine-tuned-Telescope-Readings-134958933.html
2011-12-04,01:06:50,mytlw,267,"Student Bay Admin Prosecuted in Sweden: After a process lasting more than 3yrs, the 23-yr-old man from Sweden has finally been prosecuted for his role in the operations of Student Bay, a site dedicated to the sharing of textbooks",torrentfreak.com,https://torrentfreak.com/student-bay-admin-prosecuted-in-sweden-111203/
2011-12-03,23:50:55,myrjz,67,Saudi report claims women at wheel will have sex,elpasotimes.com,http://www.elpasotimes.com/ci_19462883?source=rss_viewed
2011-12-04,04:11:01,myziq,69,British soldier has been jailed for stabbing a 10-year-old Afghan boy with a bayonet for no reason,msnbc.msn.com,http://www.msnbc.msn.com/id/45534829/ns/world_news-south_and_central_asia/t/british-soldier-jailed-stabbing-afghan-boy/#.TtqAm5wCBTQ.reddit
2011-12-03,20:55:02,myof0,69,"How Assad Stayed In Power --- Russia has blocked UN action. It sees Syria as buffer against Turkey, ally against US, and base for projecting power into Middle East. Danger comes from Turkey—which has been slow to back Syrian rebels, but is doing so now",foreignaffairs.com,http://www.foreignaffairs.com/articles/136707/tony-badran/how-assad-stayed-in-power%E2%80%94and-how-hell-try-to-keep-it?page=show
2011-12-03,20:19:24,mynyy,67,Iceland Arrests Former CEO Of Failed Bank,articles.businessinsider.com,http://articles.businessinsider.com/2011-12-01/europe/30461990_1_glitnir-bank-icelandic-usd#ixzz1fK4q3BiO
2011-12-03,17:33:00,myllw,64,Myanmar approves first peaceful protest law,thehindu.com,http://www.thehindu.com/news/international/article2683900.ece#.TtnsseoYJro.reddit
2011-12-04,05:59:01,mz35z,64,"At least 23 people were reported killed in Syria on Saturday as violence intensified in the eighth month of unrest against President Bashar al-Assad, pushing the death toll close to 4,600, according to a leading activist group.",reuters.com,http://www.reuters.com/article/2011/12/03/us-syria-idUSTRE7AM0QA20111203
2011-12-04,01:53:40,myv06,68,Fukushima worse than previously thought: Tepco data shows Japanese nuclear plant narrowly averted bigger catastrophe,globalpost.com,http://www.globalpost.com/dispatch/news/regions/asia-pacific/japan/111202/fukushima-daiichi-tepco-nuclear-meltdown
2011-12-03,03:44:07,mxv7u,58,US not invited as Hugo Chávez launches Latin group,guardian.co.uk,http://www.guardian.co.uk/world/2011/dec/02/us-not-invited-chavez-latin-group
2011-12-03,20:03:52,mynqz,54,Islamists and secularists clash in Tunisia,aljazeera.com,http://www.aljazeera.com/news/africa/2011/12/2011122181127485895.html
2011-12-03,11:31:46,mycma,53,The corruption map,guardian.co.uk,http://www.guardian.co.uk/news/datablog/interactive/2011/dec/01/world-corruption-index-transparency-international-map
2011-12-03,10:32:02,myaoz,42,Vietnam police use fishing nets to capture motorbike street racers,telegraph.co.uk,http://www.telegraph.co.uk/news/worldnews/asia/vietnam/8931216/Vietnam-police-use-fishing-nets-to-capture-motorbike-street-racers.html
2011-12-04,02:31:49,myw6m,45,Russia’s election watchdog head detained before vote ,theglobeandmail.com,http://www.theglobeandmail.com/news/world/russias-election-watchdog-head-detained-before-vote/article2259323/
2011-12-04,00:38:56,myst6,39,North Mexico wilts under worst drought on record,oaoa.com,http://www.oaoa.com/news/water-76855-million-mexico.html
2011-12-04,02:08:54,myvft,37,"Riot Police Block Most Affected by Climate Change from Entering Climate Conference in South Africa: ""We are the ones who suffer most of the consequences of climate change. We look after families. So why are we not there in the conference?""",commondreams.org,https://www.commondreams.org/headline/2011/12/02-6
2011-12-03,10:11:36,mya1i,32,Canadians raise $36.6M for Movember,ctvbc.ctv.ca,http://www.ctvbc.ctv.ca/servlet/an/local/CTVNews/20111201/bc_movember_fundraiser_111201/20111201/?hub=BritishColumbiaHome
2011-12-04,01:13:40,mytso,31,"Europe's new rules will be mostly ""Made in Germany"" ",latimes.com,"http://www.latimes.com/news/nationworld/world/la-fg-europe-germany-20111203,0,2842329.story"
2011-12-03,20:20:43,mynzm,35,"Activist: Blood can run, but Syrian people won't back down",edition.cnn.com,http://edition.cnn.com/2011/12/02/world/meast/syrian-activist/index.html?hpt=hp_c1
2011-12-03,08:09:20,my5uw,31,Brazil suspends Chevron's drilling activities - Americas - Al Jazeera English,aljazeera.com,http://www.aljazeera.com/news/americas/2011/11/201111240404468280.html
2011-12-04,05:37:35,mz2fe,30,The German Pirate Party just included basic income guarantee and minimum wage into their party platform at the federal party convent.,translate.google.com,http://translate.google.com/translate?hl=en&sl=de&tl=en&u=http%3A%2F%2Fwww.piratenpartei.de%2FPressemitteilung%2Fpiraten-sprechen-sich-f%25C3%25BCr-bedingungsloses-grundeinkommen-und-mindestlohn-aus
2011-12-03,04:40:59,mxxnc,31,The environment in 2017: a polluted wasteland hit by floods and droughts -- Pollution and climate change create misery with petrol and energy prices at record levels and flooding rife,guardian.co.uk,http://www.guardian.co.uk/environment/2011/dec/02/environment-2017-pollution-division-exclusion
2011-12-03,23:44:30,myred,26,"Canada May Miss $6.7 Billion Carbon Offset Bill by Exiting Kyoto Protocol
",bloomberg.com,http://www.bloomberg.com/news/2011-12-02/canada-may-escape-6-7-billion-bill-by-exiting-kyoto-protocol.html
2011-12-03,14:27:20,myhw5,25,BBC News - Sacked Wiltshire police sergeant to be reinstated,bbc.co.uk,http://www.bbc.co.uk/news/uk-england-wiltshire-16007845
