2011-06-01,16:58:41,hox0i,2120,The elderly of Japan want to help their country one last time with the nuclear crisis,cnn.com,http://www.cnn.com/2011/WORLD/asiapcf/05/31/japan.nuclear.suicide/index.html?hpt=hp_t2
2011-06-01,02:33:26,hod8p,1485,"Syria's sadistic regime:  13 year old 'Rebel', shot, kneecapped and had genitals removed before being killed.  Family arrested for making this public.",istyosty.com,http://istyosty.com/b/?u=Oi8vd3d3LmRhaWx5bWFpbC5jby51ay9uZXdzL2FydGljbGUtMTM5MjY4NC9IYW16YS1jaGlsZC1tYXJ0eXItdG9ydHVyZWQtZGVhdGgtU3lyaWFuLXNvbGRpZXJzLmh0bWw%3D&b=0&f=norefer
2011-06-01,04:39:36,hogo5,822,"A senior member of the Church of Scientology in Australia has been charged by police for intimidating a young girl who wanted to report sexual abuse allegations within the church. 
",theaustralian.com.au,http://www.theaustralian.com.au/news/nation/scientologist-charged-for-intimidating-alleged-sex-abuse-victim/story-e6frg6nf-1226066045613
2011-06-01,03:06:01,hoe4e,448,"Chiquita sued over Colombian paramilitary payments: ""A company that pays a terrorist organization that kills thousands of people should get the capital punishment of civil liability and be put out of business by punitive damages.""",miamiherald.com,http://www.miamiherald.com/2011/05/30/2242250/chiquita-sued-over-colombian-paramilitary.html#ixzz1NuZ6naV6
2011-06-01,02:46:14,hodkw,226,Pak Journalist Who Wrote Of Terrorist Link To Navy Found Murdered -- A Pakistani journalist who had written about alleged links between the nation’s navy and the al-Qaeda terrorist network was found dead in an abandoned car near the capital city of Islamabad,ibtimes.com,http://www.ibtimes.com/articles/155051/20110531/pakistan-intelligence-al-qaeda-shazad.htm
2011-06-02,00:06:24,hp43j,218,Monkey accused of witchcraft burned alive by South African mob,globalpost.com,http://www.globalpost.com/dispatch/news/regions/africa/south-africa/110601/south-africa-wildlife-animal-welfare-monkey-witch-burned
2011-06-01,20:03:35,hozgu,160,A Western businessman who has had the rare chance to travel throughout North Korea has sent these images of daily life to the BBC News website. These are his observations from within the normally secretive state.,news.bbc.co.uk,http://news.bbc.co.uk/2/shared/spl/hi/picture_gallery/05/asia_pac_unseen_north_korea/html/1.stm
2011-06-02,07:51:43,hpg7y,111,Belgium Church sex abuse plaintiffs to sue Vatican: Dozens of Belgians who say they were abused as children by Roman Catholic priests have announced the launch of a legal case against the Vatican.,bbc.co.uk,http://www.bbc.co.uk/news/world-europe-13621325
2011-06-02,06:23:53,hpe24,105,Massive Gmail phishing uncovered by Google. Signs point to China.,bloomberg.com,http://www.bloomberg.com/news/2011-06-01/google-says-it-uncovered-attempt-to-steal-users-gmail-account-passwords.html
2011-06-01,02:38:57,hoddh,90,"As China’s Workers Get a Raise, Companies Fret",nytimes.com,http://www.nytimes.com/2011/06/01/business/global/01wages.html
2011-06-01,02:24:09,hocz8,87,"15 dead in Germany from a virulent E. Coli outbreak. 
The first ever outbreak of this particular strain.",spiegel.de,"http://www.spiegel.de/international/germany/0,1518,765777,00.html"
2011-06-01,08:47:08,hompc,76,"Libyan government gave $1.3bn to Goldman Sachs 
for investment. Less than 1 year later 98% of it was 
gone.",independent.co.uk,http://www.independent.co.uk/news/business/news/how-goldmans-cost-gaddafi-a-13bn-fortune-2291506.html
2011-06-01,12:59:58,hosma,68,"Australia proposes anti-swearing law: Gold Logie winner Karl Stefanovic tweeted his outrage. ""Just [heard] the government wants to fine people for swearing. That's bullshit.""",theage.com.au,http://www.theage.com.au/opinion/society-and-culture/the-curse-of-the-foullanguage-law-20110531-1fepo.html
2011-06-01,06:51:15,hok0r,68,Raiding a Brothel in India - NYTimes.com,nyti.ms,http://nyti.ms/l4x1fb
2011-06-01,12:00:18,hor6j,65,"Japan Nuclear Crisis: Stricken Fukushima Nuke Plant now Leaking Oil: Oil was leaking into the sea from heavy oil tanks for reactors 5 and 6 at the Fukushima No. 1 nuclear plant, Tokyo Electric Power Co. said Tuesday, adding the spill may have been ongoing since the March 11 quake and tsunami. ",commondreams.org,http://www.commondreams.org/headline/2011/05/31-6
2011-06-02,01:21:21,hp5xx,55,"
Iran's parliament voted on Wednesday to take Mahmoud Ahmadinejad to court over his takeover of the country's vital oil ministry.",washingtonexaminer.com,http://washingtonexaminer.com/news/world/2011/06/iran-parliament-votes-send-ahmadinejad-court
2011-06-01,23:17:42,hp2wk,59,"Atheism in the land of a thousand gods
A scrappy group of young Indians takes on karma — and dogma",globalpost.com,http://www.globalpost.com/dispatch/news/regions/asia-pacific/india/110531/india-atheism-religion-non-believer
2011-06-02,06:24:04,hpe2a,51,"Assad's general amnesty offer looks like too little, too late, especially now that Syrian protesters have are rallying in memory of a martyr -- and he was just 13 years old when security thugs killed him.",theweek.com,http://theweek.com/article/index/215818/can-a-general-amnesty-save-syrias-assad
2011-06-01,15:19:26,hovf8,50,The Sordid Sexual History of Dominique Strauss-Kahn - A conspiracy to keep DSK’s true identity out of the spotlight.,inthesetimes.com,http://www.inthesetimes.com/article/7326/the_sordid_sexual_history_of_dominique_strauss-kahn/
2011-06-01,21:22:39,hp0lb,45,Iranian opposition activist Haleh Sahabi has died after scuffles with security forces at her father's funeral,bbc.co.uk,http://www.bbc.co.uk/news/world-middle-east-13613032
2011-06-01,23:16:36,hp2vo,42,"Fuck this; fines for swearing in VIC, Australia.",skynews.com.au,http://www2.skynews.com.au/offbeat/article.aspx?id=619886&vId=2448724&cId=Offbeat
2011-06-02,03:46:38,hp9w7,43,"Billions of dollars of food are lost every year in the post-harvest phase in Africa. - ""land, water and non-renewable resources such as fertilizer and energy are used to produce, process, handle and transport food that no one consumes.",google.com,http://www.google.com/hostednews/afp/article/ALeqM5hVF2nFOjl6FUwBGnIeO8CVNdIAbg?docId=CNG.1fd0708a234708869809ecba5fc0c618.861
2011-06-02,06:19:23,hpdxt,38,Europe's Slow-Motion Financial Collapse,motherjones.com,http://motherjones.com/kevin-drum/2011/06/europes-slow-motion-financial-collapse
2011-06-01,17:29:41,hoxgd,39,Syrian regime killed 30 kids. “The use of live ammunition against demonstrators has reportedly left at least 30 children dead. UNICEF has not been able to independently verify the number of the victims and the circumstances of their death.,unicef.org,http://www.unicef.org/media/media_58707.html
2011-06-01,12:59:40,hoslv,36,"Teenage victim becomes a symbol for Syria's revolution: Mutilated body of Hamza al-Khatib given to family as state TV says injuries were faked by conspirators
",guardian.co.uk,http://www.guardian.co.uk/world/2011/may/31/syria-unrest-teenage-victim-hamza
2011-06-01,15:33:28,hovnz,33,Murdering the Messenger - Anna Politkovskaya’s death raises an important question,inthesetimes.com,http://www.inthesetimes.com/article/7350/murdering_the_messenger
2011-06-01,08:30:08,hombr,35,"During five weeks spent filming undercover, a reporter captured footage of vulnerable patients being repeatedly pinned down, slapped, dragged into showers while fully clothed, taunted and teased ",bbc.co.uk,http://www.bbc.co.uk/news/uk-13548222
2011-06-01,09:04:59,hon3b,31,Hundreds beat up by cops in Spain during non-violent protest. This cop sucker hit a girl at 0:31!!!,youtube.com,http://www.youtube.com/watch?v=PtaNg8c8OtU
2011-06-01,18:39:43,hoydw,28,"Journalists and thinkers in Bahrain are being blacklisted, arrested, or going into hiding",english.aljazeera.net,http://english.aljazeera.net/indepth/features/2011/05/20115318046839411.html
2011-06-01,19:00:16,hoync,26,"Reuters - ""A U.N. envoy said on Tuesday the international community as well as Sri Lanka should further investigate horrific footage apparently showing summary executions of naked men and women during Sri Lanka's civil war.""",in.reuters.com,http://in.reuters.com/article/2011/05/31/idINIndia-57403020110531
