2011-08-24,20:26:56,jsrkj,1667,Brazilian Wind Power Now Cheaper Than Natural Gas,businessgreen.com,http://www.businessgreen.com/bg/news/2103849/brazilian-wind-power-cheaper-natural-gas
2011-08-24,23:12:47,jsvf2,1640,"To save €2.4bn a year, Spain's socialist government has passed a law forcing doctors and pharmacies to prescribe generic drugs rather than the more expensive brand names sold by pharmaceutical companies",guardian.co.uk,http://www.guardian.co.uk/world/2011/aug/23/spanish-doctors-cheaper-generic-drugs
2011-08-24,20:44:30,jsrut,616,"A new era in U.S. foreign policy: ""The Libya intervention is so significant precisely because it did not follow the traditional pattern of U.S.-led interventions..."" --Fareed Zakaria",globalpublicsquare.blogs.cnn.com,http://globalpublicsquare.blogs.cnn.com/2011/08/23/a-new-era-in-u-s-foreign-policy/
2011-08-24,14:34:20,jskzi,376,"UN: 13-year-old Palestinian boy killed by Israeli fire last weekend, was actually killed by a Palestinian rocket that misfired.",ochaopt.org,http://www.ochaopt.org/documents/ocha_opt_protection_of_civilians_weekly_report_2011_08_21_english.pdf
2011-08-24,01:28:42,jrtcg,254,Overpopulation isn't causing the famine in the Horn of Africa.  It's the political economy.,english.aljazeera.net,http://english.aljazeera.net/indepth/opinion/2011/08/20118178844125460.html
2011-08-24,05:23:01,js354,155,Venezuelan President Hugo Chavez said on Tuesday he will only recognize a Libyan government led by his friend and ally Muammar Gaddafi and accused the United States of inciting the country's civil war.,reuters.com,http://www.reuters.com/article/2011/08/23/us-libya-venezuela-chavez-idUSTRE77M7MP20110823
2011-08-24,09:37:55,jsbu1,135,349 Cable Leaks from Libya were released,wikileaks.org,http://wikileaks.org/tag/LY_0.html
2011-08-25,00:32:58,jsy4y,133,"Facebook 'Like' button declared illegal in German state: Data protection comm's office ordered website owners to ""immediately stop the passing on of user data to Facebook in the USA by deactivating the respective services"" and threatened to take legal action if they fail to comply",huffingtonpost.com,http://www.huffingtonpost.com/2011/08/19/facebook-like-button-illegal-germany_n_931652.html?1313782963&ncid=edlinkusaolp00000008
2011-08-25,03:30:52,jt4gr,126,"Five years after journalist Anna Politkovskaya was murdered in Moscow, Russian police now believe the contract killing may have been organized by one of their own. A retired officer was arrested on Tuesday on suspicion of being involved in the murder.",spiegel.de,"http://www.spiegel.de/international/europe/0,1518,782084,00.html"
2011-08-24,23:14:56,jsvho,125,Clooney’s satellite project shows new evidence of mass burials in Sudan,globalpost.com,http://www.globalpost.com/dispatch/news/regions/africa/110823/sudan-new-allegations-mass-killings-and-graves-south-kordofan-pr
2011-08-24,19:45:36,jsquk,78,Palestinian elections postponed again.  This time indefinitely.,google.com,http://www.google.com/hostednews/afp/article/ALeqM5jyOBl52cEigoeQsewzbtwn9VdZdw?docId=CNG.5fad70b189faefe5cb9ec67dccce6c25.971
2011-08-25,00:08:07,jsxao,63,Captive journalists walk free from Tripoli hotel,edition.cnn.com,http://edition.cnn.com/2011/WORLD/africa/08/24/libya.trapped.journalists/
2011-08-24,19:30:06,jsqlz,64,"Japan: Fukushima robot operator publishes tell-all diaries and videos, now offline",boingboing.net,http://boingboing.net/2011/08/23/japan-fukushima-robot-operator-publishes-whistleblower-diaries-on-blog-which-promptly-disappears.html
2011-08-24,08:09:17,js90j,62,"Israel-Gaza Ceasefire Lasts an Entire Day - ""At least one Palestinian is killed and others are injured after a rocket fired from an Israeli drone hit a civilian vehicle in west Rafah, in south Gaza Strip, medical sources said""",blogs.aljazeera.net,http://blogs.aljazeera.net/liveblog/gaza-aug-24-2011-0156
2011-08-25,06:58:28,jtc3t,54,Brazil's plans to extract an unprecedented 30 billion barrels of oil from reserves locked in deepwater sub-salt fields 60 miles off the coast & up to 5 miles underwater.  It's spending $226 billion to reach it -- $127 billion will be spent on exploration & production alone.,treehugger.com,http://www.treehugger.com/files/2011/08/brazil-offshore-city-harvest-oil-deep-sea.php
2011-08-25,03:47:32,jt53u,54,"Japan gets downgraded amid great challenges - Japan's credit rating has been downgraded days before the nation was due to see its sixth new leader in five years, with Prime Minister Naoto Kan set to resign over his handling of the March 11 disasters.",dw-world.de,"http://www.dw-world.de/dw/article/0,,6603289,00.html"
2011-08-25,05:03:06,jt7w5,49,"North Korea 'ready to impose nuclear moratorium', declares Kim Jong-il",telegraph.co.uk,http://www.telegraph.co.uk/news/worldnews/asia/northkorea/8720053/North-Korea-ready-to-impose-nuclear-moratorium-declares-Kim-Jong-il.html
2011-08-25,03:17:44,jt402,32,"Gaddafi vows no surrender after rebels overrun Tripoli compound: Libyan strongman Muammar Gaddafi vowed ""martyrdom or victory"" in an audio message delivered from hiding.",globalpost.com,http://www.globalpost.com/dispatch/news/regions/africa/110823/gaddafi-libya-tripoli-radio-message-surrender
2011-08-25,00:45:09,jsyk6,26,The UN and Red Cross confirm being attacked by the Israeli military during the 2008 war on Gaza,wikileaks.org,http://wikileaks.org/cable/2009/01/09JERUSALEM100.html
2011-08-25,01:43:17,jt0mr,20,Russia: Cargo rocket crashes in Siberia ,cnn.com,http://www.cnn.com/2011/WORLD/europe/08/24/russia.rocket/index.html
2011-08-24,10:55:47,jsed9,21,"Moody's cuts Japan's debt rating on deficit concerns: Rating agency Moody's has cut Japan's long-term sovereign debt rating, citing concerns about the size of the country's deficit and borrowing levels.",bbc.co.uk,http://www.bbc.co.uk/news/business-14625969
2011-08-25,03:36:32,jt4o0,20,Turkey prepares for ground assault on Kurdish rebels in Iraq - Turkish forces have begun massing on the Iraqi border ahead of an expected attack on Kurdish rebels in the neighboring country's mountainous northern region. The attack would follow days of airstrikes on the area.,dw-world.de,"http://www.dw-world.de/dw/article/0,,15342116,00.html"
2011-08-24,20:59:47,jss5f,18,"A Defiant Qaddafi Speaks to a Tripoli Radio Station -- Qaddafi says residents must ""cleanse"" Tripoli of rebels",theatlanticwire.com,http://www.theatlanticwire.com/global/2011/08/qaddafi-gives-speech-over-tripoli-radio-station/41646/#.TlTnrA1jhak.reddit
2011-08-25,01:28:48,jt03s,20,CIA is helping New York Police to spy on Muslim communities in th US,google.com,http://www.google.com/m/url?client=safari&ei=GSVVTvjDBoTKqQOxhOR6&hl=en&oe=UTF-8&q=http://www.google.com/hostednews/ap/article/ALeqM5iiwl_LiP3l8NwLPoSRUULZWhDPTg?docId%3D68e74ec21cb6481ebff3a063dc4ca2ba&te=10&ved=0CBQQqQIwAA&usg=AFQjCNH3Ez0-XtqQ8zqj03JHcVpuj7QMQQ
2011-08-25,01:45:54,jt0qa,17,The One Billion Dollar Question: Who Are the Libyan Rebels?,democracynow.org,http://www.democracynow.org/2011/8/24/the_1_billion_dollar_question_who
2011-08-24,17:58:31,jsp6t,15,Zimbabwean farmers grow Nigeria's green revolution,bbc.co.uk,http://www.bbc.co.uk/news/world-africa-14528642
2011-08-24,08:29:28,js9md,15,Gallery: Libyan Rebels Storm Qaddafi Compound - In Focus,theatlantic.com,http://www.theatlantic.com/infocus/2011/08/libyan-rebels-storm-qaddafi-compound/100134/
2011-08-25,06:42:14,jtbjw,14,Libya: Gaddafi's Fleeing Mercenaries Describe the Collapse of the Regime,time.com,"http://www.time.com/time/world/article/0,8599,2090205,00.html?r"
2011-08-25,05:41:37,jt9ak,14,"Jailed for Tweeting in Kuwait, more Middle East tweets than any other country in the region",hrw.org,http://www.hrw.org/news/2011/08/24/kuwait-jailed-tweeting
2011-08-24,23:29:40,jsvy2,13,India presently holds membership both at the UN Security Council and HRC. Its silence on Syria is deafening.,hrw.org,http://www.hrw.org/news/2011/08/24/road-damascus
