2011-09-21,11:38:30,kmaut,2053,Al Jazeera news director resigns after WikiLeaks disclosure reveals that the network edited its coverage of the Iraq war because of pressure by the US government,globalpost.com,http://www.globalpost.com/dispatch/news/regions/middle-east/iraq/110920/al-jazeera-wadah-khanfar-resigns
2011-09-21,04:37:38,klwdi,1652,"Mexican President Calderón Hints at Drug Legalization Again - “[If] the consumption of drugs cannot be limited, then decision-makers must seek more solutions—including market alternatives—in order to reduce the astronomical earnings of criminal organizations.”",cato-at-liberty.org,http://www.cato-at-liberty.org/calderon-hints-at-drug-legalization-again/
2011-09-21,01:24:42,klpmw,1028,Italy puts 7 scientists on trial for manslaughter for failing to predict earthquake that killed 300.,boston.com,http://www.boston.com/news/world/europe/articles/2011/09/20/trial_opens_against_scientists_for_italy_quake/
2011-09-21,16:39:19,kmj1y,250,35 bodies found on a road in peak hour traffic in Mexico...,cnn.com,http://www.cnn.com/2011/09/21/world/americas/mexico-bodies/index.html?eref=mrss_igoogle_cnn
2011-09-21,15:51:33,kmi4d,179,"Palestinian foreign minister says he was ""amazed"" by US efforts to persuade other countries not to support the membership effort",english.aljazeera.net,http://english.aljazeera.net/news/middleeast/2011/09/20119210543812752.html
2011-09-22,06:13:16,kn5pq,180,The world's first unauthorized autobiography: A draft of Julian Assange's book will be published after he backed out but didn't return the money.,guardian.co.uk,http://www.guardian.co.uk/media/2011/sep/21/julian-assange-autobiography-published-canongate
2011-09-22,00:44:26,kmtkb,151,Iran Has Released Jailed Americans,npr.org,http://www.npr.org/blogs/thetwo-way/2011/09/21/140660084/developing-iran-has-released-jailed-americans-state-tv-says
2011-09-21,09:31:26,km6nj,145,Website of Iraqi Ministry of Higher Education gets hacked (NSFW),mohesr.gov.iq,http://www.mohesr.gov.iq
2011-09-22,00:20:47,kmsr2,115,"Saudi Arabia executes man convicted of ""sorcery""",amnesty.org,https://www.amnesty.org/en/news-and-updates/saudi-arabia-executes-man-convicted-sorcery-2011-09-20
2011-09-21,08:53:36,km5dh,101,"Who Are the Pirates from Berlin? --- 
They are handy with computers and are interested in issues relating to the Internet. Is that all? Many Berliners have been scratching their heads about the true identity of Germany's youngest political party. But the answer is simple: They're the new Greens.",spiegel.de,"http://www.spiegel.de/international/germany/0,1518,787417,00.html"
2011-09-21,14:26:40,kmg0j,92,Turkey has come up with a radical solution for tackling crowd violence at soccer matches - ban the men and let only women and children in.,theaustralian.com.au,http://www.theaustralian.com.au/news/sport/men-banned-from-turkey-soccer-grounds-in-bid-to-stop-violence/story-e6frg7mf-1226142614442
2011-09-22,05:52:29,kn4xm,65,Could the Pirate party's German success be repeated in Britain?,guardian.co.uk,http://www.guardian.co.uk/commentisfree/2011/sep/20/pirate-party-german-berlin-elections
2011-09-22,03:41:27,kn01m,60,"UK Government considering removing living allowance from terminally ill people. Oh, and sending them worrying letters about it BEFORE it goes into law. Because if you're terminally ill, you need the extra stress.  ",bbc.co.uk,http://www.bbc.co.uk/news/uk-politics-14999755
2011-09-22,07:34:06,kn8nd,58,Explosion in Amsterdam,reuters.com,http://www.reuters.com/article/2011/09/21/us-dutch-court-idUSTRE78K17S20110921
2011-09-22,00:56:33,kmtyl,55,Turkey bombs Kurdish rebels in Iraq,guardian.co.uk,http://www.guardian.co.uk/world/2011/sep/21/turkey-bombs-kurdish-rebels-iraq
2011-09-22,00:27:42,kmszn,41,Typhoon heads towards Fukushima. Storm leaves four dead in central Japan as 130mph winds threaten to cause damage at nuclear plant.,guardian.co.uk,http://www.guardian.co.uk/world/2011/sep/21/typhoon-roke-hits-japan
2011-09-22,04:25:09,kn1mz,38,Al Jazeera head quits after CIA links row,gulf-daily-news.com,http://www.gulf-daily-news.com/NewsDetails.aspx?storyid=313863
2011-09-21,21:29:25,kmnvm,34,"Al Jazeera's Wadah Khanfar on why he quit. In an interview with Al Jazeera, Khanfar discusses his decision to resign and dispelled suspicions that it was linked to political pressures: There have always been pressures, but our editorial policy has never been swayed.",english.aljazeera.net,http://english.aljazeera.net/video/middleeast/2011/09/2011921101015412291.html
2011-09-22,07:20:36,kn85v,30,"Palestinian refugees will not become citizens of a new Palestinian state, according to Palestine’s ambassador to Lebanon",dailystar.com.lb,http://www.dailystar.com.lb/News/Politics/2011/Sep-15/148791-interview-refugees-will-not-be-citizens-of-new-state.ashx?axzz1Ya5JM3af%20
2011-09-21,20:11:08,kmmex,27,China's Railways Ministry - world’s 4th-largest employer - refuses to compensate high-speed crash victims,nytimes.com,http://www.nytimes.com/2011/09/21/world/asia/anger-and-suspicion-as-survivors-await-chinese-crash-report.html
2011-09-21,12:15:37,kmc4b,27,Mexico: 35 bodies dumped on busy roadway by gunmen as motorists watched in horror,globalpost.com,http://www.globalpost.com/dispatch/news/regions/americas/mexico/110920/mexico-35-bodies-highway-veracruz
2011-09-22,06:46:54,kn6zc,23,Thirteen killed or missing as typhoon hits Japan,rt.com,http://rt.com/news/line/2011-09-22/#id18775
2011-09-21,13:26:29,kmeck,26,'Hell on earth': Detailed satellite photos show death camps North Korea still deny even exist,dailymail.co.uk,http://www.dailymail.co.uk/news/article-2039542/North-Korea-Satellite-photos-death-camps-deny-exist.html
2011-09-21,18:29:13,kmkt8,19,"BBC News - India: Half a dollar a day 'adequate', says panel",bbc.co.uk,http://www.bbc.co.uk/news/world-south-asia-14998248
2011-09-21,15:40:58,kmhwb,23,New Zealand teen banned from the internet after making bomb threats against the government in a Youtube video.,3news.co.nz,http://www.3news.co.nz/YouTube-threat-teen-banned-from-the-internet/tabid/423/articleID/226704/Default.aspx
2011-09-21,20:47:27,kmn1m,21,Nepal's acting PM prays future quakes would hit US,timesofindia.indiatimes.com,http://timesofindia.indiatimes.com/world/south-asia/Foot-in-mouth-Nepals-acting-PM-prays-future-quakes-would-hit-US/articleshow/10064845.cms
2011-09-22,00:43:46,kmtjm,20,The girl effect,globalpublicsquare.blogs.cnn.com,http://globalpublicsquare.blogs.cnn.com/2011/09/19/the-girl-effect/
2011-09-21,09:22:15,km6c8,20,"Al-Jazeera's Director announces resignation following a release by Wikileaks, purporting to show he had close ties with the U.S. and agreed to remove some content in response to American objections.",nytimes.com,http://www.nytimes.com/aponline/2011/09/20/world/middleeast/AP-ML-Qatar-Al-Jazeera.html?_r=3&ref=world
2011-09-21,01:24:31,klpmn,17,Venezuela publishes law nationalizing gold,hurriyetdailynews.com,http://www.hurriyetdailynews.com/n.php?n=venezuela-publishes-law-nationalizing-gold-2011-09-20
2011-09-21,12:55:21,kmdfv,16,"
Bones Tell Tale of Suffering Before Bosnian Genocide (With Photo)",livescience.com,http://www.livescience.com/16140-bones-bosnian-genocide-victims.html
