2011-02-14,22:58:20,fl561,2447,Breaking: Anti-Government Protests Spread to Iran.  Thousands march together today.,washingtonpost.com,http://www.washingtonpost.com/wp-dyn/content/article/2011/02/14/AR2011021400848.html?hpid=topnews
2011-02-14,08:49:40,fkth7,1392,Citizens of Algeria vow to hold a protest every Saturday until the government falls,english.aljazeera.net,http://english.aljazeera.net/news/africa/2011/02/201121319501679639.html
2011-02-15,05:35:27,fldsl,155,Chevron Fined $8.2 Billion in Ecuador Pollution Case,bloomberg.com,http://www.bloomberg.com/news/2011-02-14/chevron-to-appeal-adverse-judgment-in-ecuador-pollution-case.html
2011-02-15,01:33:04,fl81n,155,"Mubarak and family amassed $70 billion: He may be the richest man and they the richest family on Earth. All this happened when millions of Egyptians lost their farms, while more than 40% live on less than $2 a day",commondreams.org,http://www.commondreams.org/view/2011/02/14-2
2011-02-14,22:03:30,fl4cv,147,Protests spread to Iran and Bahrain in 'day of rage',guardian.co.uk,http://www.guardian.co.uk/world/blog/2011/feb/14/middleeast-unrest
2011-02-14,17:57:32,fl1u0,134,"With signs reading “Enough!” and “We want a country that respects women,” thousands took to the streets across Italy on Sunday in coordinated demonstrations against Prime Minister Silvio Berlusconi, but their outpouring of frustration did not look poised to bring about political change. ",nytimes.com,http://www.nytimes.com/2011/02/14/world/europe/14italy.html?_r=1&partner=rss&emc=rss
2011-02-14,13:27:12,fky0r,60,Shame of Britain's Muslim schools: Secret filming shows pupils beaten  | Mail Online,dailymail.co.uk,http://www.dailymail.co.uk/news/article-1356361/Shame-Britains-Muslim-schools-Secret-filming-shows-pupils-beaten.html#ixzz1DpIT5bce
2011-02-15,04:59:10,flcym,59,"Tunisia Style: Iranians defy government ban to join rally in Tehran, with demonstrations and street clashes in Bahrain and Yemen",guardian.co.uk,http://www.guardian.co.uk/world/2011/feb/14/middle-east-iran-bahrain-yemen
2011-02-15,06:39:11,flf79,48,Revealed: how energy firms spy on environmental activists,guardian.co.uk,http://www.guardian.co.uk/environment/2011/feb/14/energy-firms-activists-intelligence-gathering
2011-02-15,06:57:07,flfmj,46,"Egypt Echoes Across Region: Iran, Bahrain, Yemen",npr.org,http://www.npr.org/templates/story/story.php?storyId=133754176
2011-02-14,23:58:29,fl6c1,49,Iran praises Egyptian protests one day and cracks down on its own people's protests soon after.,cnn.com,http://www.cnn.com/2011/WORLD/meast/02/14/iran.protests/index.html
2011-02-15,06:30:22,flf0d,42,2/14:  Bahrain (Islamic island nation) protesters terrorized by rampaging firing police force (video). ,youtube.com,http://www.youtube.com/watch?v=R3LazFJ0wa4&feature=player_embedded
2011-02-14,09:02:00,fktnz,43,Peak oil: We are asleep at the wheel - Saudis have overstated their oil reserves,guardian.co.uk,http://www.guardian.co.uk/environment/cif-green/2011/feb/10/peak-oil-saudi-reserves
2011-02-14,08:05:43,fksr9,31,"Bahrain Now Bracing For Its Own Day Of Rage After Giving Every Family $2,660 Fails",businessinsider.com,http://www.businessinsider.com/bahrain-day-of-rage-2011-2
2011-02-14,22:51:35,fl51t,36,France calls for new global finance system,rte.ie,http://www.rte.ie/news/2011/0214/g20-business.html
2011-02-15,04:10:12,flbvm,32,Taliban war crimes: Human rights groups finally notice,slate.com,http://www.slate.com/id/2285025/
2011-02-14,23:48:15,fl64m,31,"An estimated one MILLION women protested in 280 cities in Italy on Sunday, to demand action against Berlusconi over the latest scandals and for fair opportunities for women at work",ipsnews.net,http://www.ipsnews.net/news.asp?idnews=54463
2011-02-14,14:36:32,fkz73,33,"""The Iranian leaders who cheered the popular overthrow of an Egyptian strongman last week have promised to crush an opposition march planned for Monday in solidarity with the Egyptian people.""",nytimes.com,http://www.nytimes.com/2011/02/14/world/middleeast/14iran.html?hp
2011-02-15,05:55:59,fle9a,28,Ecuador court orders Chevron to pay $8 billion,reuters.com,http://www.reuters.com/article/2011/02/14/us-ecuador-chevron-idUSTRE71D5V920110214
2011-02-15,06:33:43,flf34,32,Egypt opposition leader escapes assassination attempt  ,youtube.com,http://www.youtube.com/watch?v=IPmrtNN9-Os
2011-02-15,00:46:11,fl79e,32,Egypt: Now police demonstrate - Cairo policemen march to demand higher wages and more respect.,globalpost.com,http://www.globalpost.com/dispatch/egypt/110214/egypt-now-police-demonstrate
2011-02-15,03:55:36,flbie,32,Amateur film of Iranian protests. From BBC News,bbc.co.uk,http://www.bbc.co.uk/news/world-middle-east-12459970
2011-02-14,19:15:42,fl2om,23,"Julian Assange, Swedish Prime Minister Reinfeldt and Karl Rove: interview with Brian Palmer, voted 2002 Best Lecturer by the student body of Harvard University. 'Sweden has become somewhat of a voluntary vassal state of the USA.'",rixstep.com,"http://rixstep.com/1/1/20110214,00.shtml"
2011-02-14,22:09:56,fl4gj,21,"Thousands of Italian women march in protest of Berlusconi in particular, and degradation of Italian women in general.",guardian.co.uk,http://www.guardian.co.uk/world/2011/feb/13/silvio-berlusconi-protests-italian-women
2011-02-14,12:07:45,fkwua,22,Egyptians and Tunisians collaborated to shake Arab history - A two-year collaboration of dissidents gave birth to a new force — a pan-Arab youth movement dedicated to spreading democracy in a region without it.,nytimes.com,http://www.nytimes.com/2011/02/14/world/middleeast/14egypt-tunisia-protests.html
2011-02-14,12:56:05,fkxeu,17,A POLICE force has been criticised for the way it handled a complaint received after officers failed to respond to 10 emergency calls from a takeaway owner who was being attacked by around 20 men armed with baseball bats and golf clubs,heraldscotland.com,http://www.heraldscotland.com/news/home-news/police-999-failure-is-slated-1.1084957
2011-02-14,12:21:31,fkx1w,19,Egypt's military rejects swift transfer of power and will rule by decree,guardian.co.uk,http://www.guardian.co.uk/world/2011/feb/13/egypt-military-rejects-swift-power-handover
2011-02-14,11:39:10,fkwbi,17,Thousands of demonstrators have left Cairo's Tahrir Square after Egypt's new military rulers said they would dissolve parliament and suspend the constitution.,bbc.co.uk,http://www.bbc.co.uk/news/world-middle-east-12445192
2011-02-14,21:03:39,fl3tq,18,"Mubarak in a coma, I know I know - it's serious",businessinsider.com,http://www.businessinsider.com/mubarak-coma-2011-2
2011-02-14,13:30:43,fky3b,16,Japan's economy slips to third in world (and China's economy is growing fast),edition.cnn.com,http://edition.cnn.com/2011/BUSINESS/02/13/japan.economy.third/index.html
