2011-12-14,14:24:25,nc3s6,2568,"""For the first time on record, the Chinese Communist party has lost all control, with the population of 20,000 in this southern fishing village now in open revolt.""  Wukan denizens clash with Chinese police and run all Party officials out of their town.",telegraph.co.uk,http://www.telegraph.co.uk/news/worldnews/asia/china/8954315/Inside-Wukan-the-Chinese-village-that-fought-back.html
2011-12-14,22:16:40,ncdwm,1097,"It is on in China: A dispute between farmers and Communist Party officials exploded into open rebellion; villagers chased away government leaders, set up roadblocks and began arming themselves with homemade weapons",nytimes.com,http://www.nytimes.com/2011/12/15/world/asia/chinese-village-locked-in-rebellion-against-authorities.html?hp
2011-12-14,10:26:28,nbucn,905,Mexico: Violent clash between student demonstrators and police. Two students shot dead.,channel6newsonline.com,http://channel6newsonline.com/2011/12/two-students-shot-dead-during-protest-in-southwestern-mexico/
2011-12-14,13:45:27,nc2e6,683,7.3 Earthquake strikes Paupa New Guinea.,earthquake.usgs.gov,http://earthquake.usgs.gov/earthquakes/recenteqsww/Quakes/usc00076e5.php
2011-12-14,01:03:56,nb5uh,538,"IRAN: ""If the world wants to make the region insecure, we will make the world insecure""",scotsman.com,http://www.scotsman.com/news/international/military_to_practise_blocking_straits_of_hormuz_1_2005512
2011-12-15,00:37:08,ncinu,365,Armed gang steals millions from Dubai royal family,news.yahoo.com,http://news.yahoo.com/blogs/sideshow/armed-gang-steals-millions-dubai-royal-family-143315536.html
2011-12-14,02:34:46,nb9oo,352,"Iran rejects calls to return US spy drone, saying it is now their property and demands apology for invading Iranian airspace",guardian.co.uk,http://www.guardian.co.uk/world/2011/dec/13/iran-rejects-us-spy-drone
2011-12-14,09:12:22,nbr5s,330,"
Britain's fledgling shale gas industry could be stopped in its tracks after dramatic new evidence established a link between fracking & water pollution",independent.co.uk,http://www.independent.co.uk/news/business/news/poisoning-link-threatens-future-of-fracking-6276590.html
2011-12-14,10:07:32,nbtir,265,2 Leaders in Russian Media Fired After Election Articles,nytimes.com,http://www.nytimes.com/2011/12/14/world/europe/russian-journalists-at-kommersant-vlast-axed-after-tough-election-coverage.html
2011-12-15,00:31:27,ncig6,235,"Witness to an Uprising: What I Saw in Bahrain — An English instructor living in Manama saw a would-be revolution brutally repressed outside his window, so he tried to document it on video, and that's when his troubles started",theatlantic.com,http://www.theatlantic.com/international/archive/2011/12/witness-to-an-uprising-what-i-saw-in-bahrain/249977/
2011-12-14,12:28:08,nbze2,204,"Norway’s tax office risks facing pimping charges if it insists on taxing a 29-year-old Lithuanian prostitute, the woman’s lawyer has said.
",thelocal.no,http://www.thelocal.no/page/view/norway-a-pimp-for-my-prostitute-client
2011-12-14,10:15:14,nbtvb,169,Shock as retreat of Arctic sea ice releases deadly greenhouse gas - Russian research team astonished after finding 'fountains' of methane bubbling to surface.,independent.co.uk,http://www.independent.co.uk/environment/climate-change/shock-as-retreat-of-arctic-sea-ice-releases-deadly-greenhouse-gas-6276134.html?print
2011-12-15,02:43:50,nco1n,134,Putin Ally Resigns as Speaker of Parliament after election fraud is exposed,nytimes.com,http://www.nytimes.com/2011/12/15/world/europe/putin-ally-boris-gryzlov-resigns-as-speaker-of-russia-parliament.html
2011-12-14,19:13:06,nca28,117,Prices Spike as Butter Shortage Spreads in Norway - A seller auctioned 500 gm (1.1 lbs) of butter for 30 times the normal price.  A Russian was caught smuggling 90 kg (200 lbs) of butter from Germany into Norway. Authorities warn not to buy butter from strangers.,cnn.com,http://www.cnn.com/2011/12/13/world/europe/norway-butter-shortage/index.html?hpt=hp_t3
2011-12-14,23:13:20,ncfmo,115,How Do You Prove Someone's a Witch in Saudi Arabia? --- Call the religious police's Anti-Witchcraft Unit and get them to set up a sting operation.,foreignpolicy.com,http://www.foreignpolicy.com/articles/2011/12/13/how_do_you_prove_witchcraft_saudi_arabia
2011-12-15,03:30:32,ncq46,79,"Social scientist Wilhelm Heitmeyer has been publishing studies on German attitudes for a decade. In a SPIEGEL interview, he discusses his latest results, which show that Germans' relationship to minorities and the disadvantaged has become increasingly hostile. ",spiegel.de,"http://www.spiegel.de/international/germany/0,1518,803521,00.html"
2011-12-14,23:04:30,ncfc9,71,BBC News - French colonel 'killed himself in pro-Hmong protest',bbc.co.uk,http://www.bbc.co.uk/news/world-asia-pacific-16145598
2011-12-15,05:53:01,ncwmq,72,Satellite spots China's first aircraft carrier at sea,photoblog.msnbc.msn.com,http://photoblog.msnbc.msn.com/_news/2011/12/14/9447273-satellite-spots-chinas-first-aircraft-carrier-at-sea
2011-12-14,11:44:20,nbxkg,60,"Two File-Sharers from Finland Fined Total of $725,000, Others Asked To Pay Thousands
",torrentfreak.com,http://torrentfreak.com/two-file-sharers-fined-total-of-725000-others-asked-to-pay-thousands-111213/
2011-12-15,00:13:08,nchr0,55,Jailed Afghan rape victim freed,bbc.co.uk,http://www.bbc.co.uk/news/world-asia-16179236
2011-12-14,11:55:34,nby16,47,"Hong Kong is the world's most developed financial market, according to a World Economic Forum report, overtaking the US and the UK for the first time.",bbc.co.uk,http://www.bbc.co.uk/news/business-16172457
2011-12-14,13:44:25,nc2cq,36,China's abandoned 'Wonderland' theme park,theatlantic.com,http://www.theatlantic.com/infocus/2011/12/chinas-abandoned-wonderland/100207/
2011-12-14,02:39:30,nb9wj,32,"""God helped us trap and capture the US surveillance and targetting drone. We have nearly finished decrypting its information and will use that information to mass produce an even better version of it. No, we're not giving it back."" - Senior Iranian Official, Parviz Sorouri",jpost.com,http://www.jpost.com/IranianThreat/News/Article.aspx?id=249100
2011-12-14,15:40:23,nc5yz,31,European parliamentarian challenges EU Commissioner to a prune-eating contest after committee ruled that prunes do not have a laxative effect,telegraph.co.uk,http://www.telegraph.co.uk/foodanddrink/8955046/Sir-Graham-Watson-calls-for-review-of-EU-ruling-on-laxative-effects-of-prunes.html#.TuhSm7O3r8o.reddit
2011-12-14,22:25:00,nce5s,30,"How Big Is The North Korean Army? --- 


It's a secret. Or it would be, if the government hadn't kindly published two sets of census data, one national and one local. The national one shows about 700,000 people who aren't captured locally. About right for an army",voxeu.org,http://www.voxeu.org/index.php?q=node/7415
2011-12-14,22:31:09,ncecj,30,Desperate British students turning to prostitution,timesofindia.indiatimes.com,http://timesofindia.indiatimes.com/world/uk/Desperate-British-students-turning-to-prostitution/articleshow/11108802.cms
2011-12-14,19:28:38,ncac8,23,"Home prices and sales plunge in China, some recent buyers stage demonstrations, destroy real estate offices and demand refunds of up to 40%.",latimes.com,"http://www.latimes.com/business/la-fi-china-housing-bubble-20111213,0,3429813.story"
2011-12-15,02:48:08,nco95,23,Chinese Village in Rebellion Against Authorities,nytimes.com,http://www.nytimes.com/2011/12/15/world/asia/chinese-village-locked-in-rebellion-against-authorities.html
2011-12-14,20:10:41,ncb3x,23,"Police arrest punks in Indonesia, shave their heads, then force them to wash in a lake â in pictures | World news | guardian.co.uk",guardian.co.uk,http://www.guardian.co.uk/world/gallery/2011/dec/14/police-arrest-punks-indonesia
2011-12-14,20:29:25,ncbgx,22,"Israeli Mayor Bans Christmas Trees
",theatlanticwire.com,http://www.theatlanticwire.com/global/2010/12/israeli-mayor-bans-christmas-trees/18141/#.TuiQHQVbg5c.facebook
