2011-06-29,00:31:02,ibd8m,1662,Netherlands bans kosher and halal animal slaughter,timesofindia.indiatimes.com,http://timesofindia.indiatimes.com/world/europe/Dutch-approve-ban-kosher-and-halal-animal-slaughter/articleshow/9028454.cms
2011-06-29,11:44:19,ibx6r,1022,North Korea slashes food rations to 150 grams of rice per day.  One hundred grams of rice produces about 250-350 calories,google.com,http://www.google.com/hostednews/afp/article/ALeqM5j8ZIuaQwriWK5FnaeHGc9oLSDOnA?docId=CNG.bed48949978a3cf59e6ed8638cc60a46.591
2011-06-29,19:38:24,ic6vg,909,BBC News- Stabbing burglars 'will be legal',bbc.co.uk,http://www.bbc.co.uk/news/uk-politics-13957587
2011-06-29,17:57:44,ic5fi,453,Russia cuts off power to Belarus,usatoday.com,http://www.usatoday.com/news/world/2011-06-29-belarus-financial-crisis_n.htm
2011-06-30,07:36:15,icpo2,186,"Police forces can no longer put anyone out on bail for more than 96 hours without either being in a position to charge or release them.

After the four days is up, officers can no longer question suspects and can only re-arrest them if they have new evidence, the ruling says.  - UK",independent.co.uk,http://www.independent.co.uk/news/uk/crime/bizarre-bail-ruling-stuns-police-2304250.html
2011-06-30,06:31:01,icnuu,172,Protesters turn Athens into war zone after vote in favor of austerity bill ,dw-world.de,"http://www.dw-world.de/dw/article/0,,15197576,00.html"
2011-06-30,02:14:41,icglt,153,Almost 40 million Brazilians climbed to middle class in the last eight years,en.mercopress.com,http://en.mercopress.com/2011/06/28/almost-40-million-brazilians-climbed-to-middle-class-in-the-last-eight-years
2011-06-29,00:03:08,ibcej,133,North Korea shuts down universities for 10 months ,telegraph.co.uk,http://www.telegraph.co.uk/news/worldnews/asia/northkorea/8602525/North-Korea-shuts-down-universities-for-10-months.html
2011-06-30,00:58:55,ice5h,114," Five Saudi women drivers arrested, says activist. For the past two weeks Saudi women have been driving through the capital, Riyadh, and other cities in a challenge to the ban.",guardian.co.uk,http://www.guardian.co.uk/world/2011/jun/29/saudi-women-drivers-arrested-jiddah
2011-06-30,00:53:14,icdzg,104,France confirms arming Libyan rebels,english.aljazeera.net,http://english.aljazeera.net/news/africa/2011/06/201162913557645830.html
2011-06-29,20:07:47,ic79c,73,Fresh clashes in Cairo's Tahrir Square: 590 injured as police fire tear gas at thousands frustrated by slow pace of change since Egypt's revolution,english.aljazeera.net,http://english.aljazeera.net/news/middleeast/2011/06/20116297580725806.html
2011-06-29,15:00:46,ic23t,71,Bin Laden was detached from al Qaida's new generation of commanders and buying and selling gold before he died,mcclatchydc.com,http://www.mcclatchydc.com/2011/06/28/116666/at-end-bin-laden-wasnt-running.html
2011-06-29,17:51:49,ic5c0,68,"Part of The Think Tank Google Ideas, Google has invited former extremists — gang members, religious radicals and neo-Nazis — to meet with activists, survivors, academics and public sector officials in Dublin to discuss ways of ""de-radicalizing"" violent extremists using modern technology. ",npr.org,http://www.npr.org/2011/06/28/137480114/former-extremists-discuss-de-radicalization
2011-06-29,23:33:51,icbj4,61,Two French journalists who were kidnapped by the Taliban in Afghanistan have been freed after more than 500 days in captivity.,france24.com,http://www.france24.com/en/20110629-french-journalists-kidnapped-taliban-have-been-freed#
2011-06-29,08:57:24,ibsqi,59,Libya rebels capture Gaddafi arms bunker near Zintan: Libyan rebels have captured a major complex of underground weapons bunkers from Col Muammar Gaddafi's forces in the west of the country. ,bbc.co.uk,http://www.bbc.co.uk/news/world-africa-13948984
2011-06-30,07:43:17,icpux,57,Protesters in Cairo call for resignation of military council chief Gen Mohamed Tantawi,bbc.co.uk,http://www.bbc.co.uk/news/world-middle-east-13959155
2011-06-29,10:11:00,ibukq,53,"Sony shareholders, at annual meeting, demand senior management resign, citing the company's destroyed reputation in the aftermath of repeated security breaches",nhk.or.jp,http://www3.nhk.or.jp/daily/english/28_25.html
2011-06-30,02:27:37,ich1v,48,"Dublin Dr Pepper oldest and original bottler sued by Dr Pepper Snapple group.. Give it a read if you've ever tried the stuff
          ",nbcdfw.com,http://www.nbcdfw.com/the-scene/food-drink/Dr-Pepper-Sues-Dr-Pepper-124675289.html
2011-06-29,22:44:07,ica80,39,More than 500 slaves rescued,thecnnfreedomproject.blogs.cnn.com,http://thecnnfreedomproject.blogs.cnn.com/2011/06/29/more-than-500-slaves-rescued-from-brick-kilns/?&hpt=hp_c2
2011-06-30,06:55:35,icohs,36,Moldovan police seize enriched uranium,abc.net.au,http://www.abc.net.au/news/stories/2011/06/30/3257100.htm
2011-06-30,04:06:54,ick50,33,Clinton Stirs Controversy At African Union Summit By Saying African Economies Would Fail Without Women’s Toil,bloomberg.com,http://www.bloomberg.com/news/2011-06-28/clinton-tells-envoys-africa-economies-would-fail-without-the-toil-of-women.html
2011-06-29,12:55:05,ibz3d,34,"Battle breaks out in Tahir Square, once again",guardian.co.uk,http://www.guardian.co.uk/world/2011/jun/29/egypt-battle-tahir-square-tear-gas
2011-06-29,21:08:31,ic88v,32,"Is free speech on the way out?  India faces new threats to freedom of speech as technology advances and citizens gain more access to information.
",globalpost.com,http://www.globalpost.com/dispatch/news/regions/asia-pacific/india/110628/india-free-speech-internet-laws
2011-06-30,04:55:36,iclrs,31, Six Moldovan 'uranium smugglers' arrested,bbc.co.uk,http://www.bbc.co.uk/news/world-europe-13968903
2011-06-30,00:17:27,iccwe,28,China’s ruling Communist Party will face a challenge in 2012 from a record number of independent candidates running in local elections without the party’s direct approval.,washingtontimes.com,http://www.washingtontimes.com/news/2011/jun/28/independents-to-challenge-communists/
2011-06-29,10:14:24,ibuoa,30,Japan's newly appointed cabinet minster in charge of the Fukushima nuclear accident proposes shrinking the evacuation zone by mid-July pending improvement in reactor cooling operations,nhk.or.jp,http://www3.nhk.or.jp/daily/english/28_21.html
2011-06-29,12:15:37,iby22,26,"A 16-yr-old website owner from Liberec, faces years in prison for linking to copyrighted material after being caught by Czech Anti-Piracy Union",zeropaid.com,http://www.zeropaid.com/news/93974/1-year-old-faces-four-years-in-prison-for-linking-to-copyrighted-material/
2011-06-29,03:31:43,ibixl,29," Debt-laden Greece finds no buyers in 'fire sale' of national assets Up for sale are 39 airports, 850 ports, railways, motorways, sewage works, a couple of energy companies, banks, defence groups, thousands of acres of land for development......",guardian.co.uk,http://www.guardian.co.uk/business/2011/jun/28/greeces-fire-sale-shunned
2011-06-30,06:39:23,ico14,23,Right vs. Left - Arson and Stabbings in Berlin as Extremist Groups Clash,spiegel.de,"http://www.spiegel.de/international/germany/0,1518,771329,00.html"
2011-06-30,01:36:44,icfby,21,Australia's internet industry claimed that 80-90% of Australians would have their internet connections filtered for child pornography this year,zdnet.com.au,http://www.zdnet.com.au/most-isps-will-filter-interpol-list-this-year-iia-339317482.htm
