2011-01-26,23:37:06,f9e9z,1303,Cairo residents in Egypt remove passwords from their wi-fi routers so protesters can communicate with the world,globalvoicesonline.org,http://globalvoicesonline.org/2011/01/26/egypt-night-falls-after-day-of-rage/
2011-01-26,00:10:17,f8qus,665,An Egyptian protester faces a water canon vehicle solo. ,youtube.com,http://www.youtube.com/watch?v=kWr6MypZ-JU&feature=player_detailpage#t=77s
2011-01-27,07:50:05,f9o6h,490,"Mahmoud Saad, a talk show host in the Egyptian state-run TV, has announced that he will no longer appear on TV starting tonight after he came under pressure from top government officials to defame protestors as rioters “destroying the country.”",lobelog.com,http://www.lobelog.com/egypt-government-shows-nervousness/
2011-01-26,00:59:18,f8s1f,368,"Woman mayor shows her horrific scars after surviving two assassination attempts by Mexican gangs

",dailymail.co.uk,http://www.dailymail.co.uk/news/article-1350323/Mayor-Maria-Santos-Gorrostietas-scars-2-attempted-assassinations-Mexican-gangs.html
2011-01-26,23:04:26,f9dlm,297,"Jack Shenker, the Guardian's reporter in Cairo, was beaten and arrested alongside protesters in the capital last night. He made this remarkable recording while locked in the back of a security forces truck next to dozens of protesters. ",guardian.co.uk,http://www.guardian.co.uk/world/2011/jan/26/egypt-protests?CMP=twt_gu
2011-01-27,01:17:02,f9gdg,247,"Google, YouTube, Twitter and Facebook now all reported blocked in Egypt",thenextweb.com,http://thenextweb.com/me/2011/01/26/google-youtube-twitter-and-facebook-now-all-blocked-in-egypt/
2011-01-26,14:18:16,f97ru,86,Egyptian President's family and likely successor have fled to London.,adnkronos.com,http://www.adnkronos.com/IGN/Aki/English/Security/Egypt-Presidents-son-and-family-have-fled-to-the-UK_311591050596.html
2011-01-26,22:31:09,f9d01,84,"How the Tunisian government was stealing the entire country's Facebook passwords, and how Facebook responded",theatlantic.com,http://www.theatlantic.com/technology/archive/2011/01/the-inside-story-of-how-facebook-responded-to-tunisian-hacks/70044/%3E
2011-01-27,04:48:03,f9kg4,75,Guardian reporter beaten and arrested in Cairo: 'People are being hauled out by police and beaten',source.ly,http://www.source.ly/10CgM
2011-01-27,03:23:29,f9j3b,75,"Insane footage from protests in Egypt as protesters climb on top of water cannon as it speeds through a crowd, running over people",liveleak.com,http://www.liveleak.com/view?i=85d_1296036872
2011-01-26,21:24:04,f9c21,58,The Guardian's detailed live updates on the growing protests in Egypt,guardian.co.uk,http://www.guardian.co.uk/world/blog/2011/jan/26/egypt-protests
2011-01-27,04:19:37,f9k1s,51,Protesters Just Torched A Government Building In Egypt,businessinsider.com,http://www.businessinsider.com/protesters-suez-building-torched-2011-1
2011-01-26,11:13:48,f94mo,52,"Egypt president's son, family flee to Britain",sify.com,http://www.sify.com/news/egypt-president-s-son-family-flee-to-britain-news-international-lb0hEggfhgg.html
2011-01-27,07:03:57,f9ncs,49,Anonymous ‘hacktivists’ attack Egyptian websites ,msnbc.msn.com,http://www.msnbc.msn.com/id/41280813/ns/technology_and_science-security/
2011-01-26,08:16:29,f91f4,35,A dam breaking in Egypt,csmonitor.com,http://www.csmonitor.com/World/Backchannels/2011/0125/A-dam-breaking-in-Egypt
2011-01-26,18:52:54,f9aml,38,Egypt Protests: Riot police fight back,globalpost.com,http://www.globalpost.com/dispatch/egypt/110125/egypt-protests-updates-photos-videos
2011-01-27,04:41:01,f9k8y,29,El Baradei to fly to Egypt on Thursday,monstersandcritics.com,http://www.monstersandcritics.com/news/middleeast/news/article_1614813.php/Sources-ElBaradei-expected-in-Egypt-Extra
2011-01-26,20:38:13,f9bkl,28,"""The people of Tunisia shouldn't have had to wait for Wikileaks to learn that the U.S. saw their country just as they did. It's time that the gulf between what American diplomats know and what they say got smaller.""",foreignpolicy.com,"http://www.foreignpolicy.com/articles/2011/01/25/whispering_at_autocrats?page=0,0"
2011-01-26,23:16:01,f9duc,22,"Guardian reporter beaten, detained at Egypt protests; records audio throughout",guardian.co.uk,http://www.guardian.co.uk/world/audio/2011/jan/26/egypt-violence-jack-shenker-arrest-audio
2011-01-27,02:27:54,f9hun,20,Britain rolls back some unpopular post-9/11 security rules,rawstory.com,http://www.rawstory.com/rs/2011/01/britain-rolls-unpopular-post911-security-restrictions/
2011-01-26,08:27:29,f91m1,18,Robert Fisk: A new truth dawns on the Arab world,independent.co.uk,http://www.independent.co.uk/opinion/commentators/fisk/robert-fisk-a-new-truth-dawns-on-the-arab-world-2194488.html
2011-01-26,10:04:16,f93bq,21,What's Happening in Egypt Explained,motherjones.com,http://motherjones.com/mojo/2011/01/whats-happening-egypt-explained
2011-01-26,22:47:33,f9d9z,18,Tunisia seeks arrest of ex-leader for theft and currency offences,english.aljazeera.net,http://english.aljazeera.net//news/africa/2011/01/20111261396505578.html
2011-01-27,06:31:03,f9mp1,18,"The Arab crisis: food, energy, water, justice ",opendemocracy.net,http://www.opendemocracy.net/vicken-cheterian/arab-crisis-food-energy-water-justice
2011-01-26,08:45:40,f91wq,17,Suzanne Mubarak of Egypt has fled to Heathrow airport in London,ibtimes.com,http://www.ibtimes.com/articles/104960/20110125/suzanne-mubarak-of-egypt-has-fled-to-heathrow-airport-in-london-unconfirmed-reports.htm
2011-01-26,20:43:10,f9blz,18,"Uneasy calm prevails in Egypt: More anti-Mubarak protests planned after clashes across the nation leave three people, including a police officer, dead.",english.aljazeera.net,http://english.aljazeera.net/news/middleeast/2011/01/201112663450547321.html
2011-01-27,06:33:39,f9mqq,16,Clinton calls for reform in Egypt - Middle East - Al Jazeera English,english.aljazeera.net,http://english.aljazeera.net/news/middleeast/2011/01/201112617427113878.html
2011-01-26,18:59:55,f9ap6,15,Egypt protests face net clampdown,bbc.co.uk,http://www.bbc.co.uk/news/technology-12284649
2011-01-26,16:38:50,f99f5,16,"Mohamed ElBaradei on Democracy in Egypt
'There Is No Turning Back Now'",spiegel.de,"http://www.spiegel.de/international/world/0,1518,741322,00.html"
2011-01-26,08:33:47,f91q5,15,VIDEO: Protesters Chasing Egyptian Riot Police In Unfolding Situation.,businessinsider.com,http://www.businessinsider.com/video-egypt-protester-vehicle-2011-1
