2011-10-24,06:04:52,lmd01,572,"
Deal struck to stop poor nations becoming West's toxic waste dump - UN accelerates global ban on export of hazardous waste, including old electronics, discarded computers, & mobile phones, from developed to developing countries",independent.co.uk,http://www.independent.co.uk/environment/green-living/un-close-to-ban-on-wests-toxic-waste-exports-2374685.html
2011-10-24,22:00:48,ln2au,333,BBC News - WikiLeaks suspends publication of classified US files,bbc.co.uk,http://www.bbc.co.uk/news/world-europe-15434493
2011-10-24,19:55:55,ln007,271,Good News Everyone. India 'close to wiping out polio',bbc.co.uk,http://www.bbc.co.uk/news/world-south-asia-15425852
2011-10-24,16:46:48,lmwqv,241,Former Irish leader made all decisions in a pub as economy collapsed,irishcentral.com,http://www.irishcentral.com/news/Former-Irish-leader-made-all-decisions-in-a-pub-as-economy-collapsed-132400863.html
2011-10-25,00:48:16,ln7h5,111,"In South Korea, too many college grads, too few jobs",washingtonpost.com,http://www.washingtonpost.com/opinions/in-south-korea-too-many-college-grads-too-few-jobs/2011/10/21/gIQANu7eAM_story.html
2011-10-24,09:53:37,lmkqa,107,"Skype and Sensibility: Estonia Lives the European Dream --- The Estonians, with little debt, an enthusiastic attitude toward Europe and a stoic approach to austerity measures, are a model EU nation in the midst of a crisis",spiegel.de,"http://www.spiegel.de/international/0,1518,790293,00.html"
2011-10-24,21:49:13,ln21t,83,Cristina Kirchner re-elected as Argentina's president in landslide: One of country's biggest ever electoral victories makes Kirchner first woman in Latin America to retain top office,guardian.co.uk,http://www.guardian.co.uk/world/2011/oct/24/cristina-kirchner-win-argentina-elections
2011-10-24,11:53:37,lmoli,82,At least 32 people have died and more than 100 injured after a bridge collapsed at a political event in the Indian tea-producing region of Darjeeling.,bbc.co.uk,http://www.bbc.co.uk/news/world-south-asia-15420088
2011-10-24,20:58:54,ln12p,61,BBC News - Berlin police arrest man for torching 100 luxury cars,bbc.co.uk,http://www.bbc.co.uk/news/world-europe-15429744
2011-10-24,23:01:31,ln3yd,57,"Don't Force Statehood On Somalia --- 
""The model for Somalia is Switzerland. Don't laugh!"" Here's why a decentralised confederation system would work. And, for some counterarguments, read the four heavy-duty responses to the article",africanarguments.org,http://africanarguments.org/2011/10/20/don%E2%80%99t-force-statehood-on-somalia-by-richard-dowden/
2011-10-24,11:29:35,lmnto,54,A cyber attack on Japan's biggest defense contractor likely netted military data on warplanes and information on nuclear power plants,reuters.com,http://www.reuters.com/article/2011/10/24/us-mitsubishi-heavy-cyberattack-idUSTRE79M3XS20111024?feedType=RSS&feedName=worldNews&utm_source=feedburner&utm_medium=feed&utm_campaign=Feed%3A+reuters%2FworldNews+%28News+%2F+US+%2F+International%29
2011-10-24,18:01:36,lmy58,46,Rights group: Bodies of 53 apparent Gadhafi loyalists found in Libyan hotel,cnn.com,http://www.cnn.com/2011/10/24/world/africa/libya-main/
2011-10-24,16:36:01,lmwj9,48,Norways annual telethon - approx. 38M$ raised for clearing landmines,norwaypost.no,http://www.norwaypost.no/news/the-nrk-telethon-norwegian-peoples-aid-work-against-landmines-25878-25878-25878-25878-25878.html
2011-10-25,01:55:12,ln9xh,32,Video footage shows 'Gaddafi's killer',english.aljazeera.net,http://english.aljazeera.net/news/africa/2011/10/2011102411136222705.html
2011-10-25,01:43:05,ln9h2,32,State govt in Australia seeks to issue up to $12k fines if you insult its gaming minister Michael O'Brien,techdirt.com,http://www.techdirt.com/articles/20111018/12115016403/state-government-australia-seeks-to-issue-12k-fines-if-you-insult-its-gaming-minister-michael-obrien.shtml
2011-10-24,21:13:11,ln1bn,30,Scouts Canada takes a page from the Vatican regarding management of pedophilia hush money. Get your kids raped and earn big! ,cbc.ca,http://www.cbc.ca/news/canada/story/2011/10/23/scouts-canada-settlements-secrecy.html
2011-10-25,05:04:04,lnhib,34,Photos: Hundreds Dead In Turkey Earthquake,globalpost.com,http://www.globalpost.com/photo-galleries/planet-pic/5679023/photos-hundreds-dead-turkey-earthquake
2011-10-24,19:03:43,lmz5o,31,UK riots analysis reveals gangs did not play pivotal role,guardian.co.uk,http://www.guardian.co.uk/uk/2011/oct/24/riots-analysis-gangs-no-pivotal-role
2011-10-24,01:57:04,lm4vc,28,"
China makes single largest grain donation to Africa: official
",news.xinhuanet.com,http://news.xinhuanet.com/english2010/china/2011-10/23/c_122188537.htm
2011-10-24,23:07:53,ln456,28,Sri Lankan President accused of War Crimes in Australian court ,theage.com.au,http://www.theage.com.au/world/sri-lankan-president-accused-in-australian-court-20111024-1mgea.html
2011-10-25,03:19:01,lnd3r,24,'Occupy' Now a Banned Search Term in China,good.is,http://www.good.is/post/occupy-now-a-banned-search-term-in-china
2011-10-25,00:50:36,ln7kg,27,"Despite a rise in the xenophobic Swiss People's Party, more moderate candidates won in Switzerland's parliamentary elections Sunday",globalpost.com,http://www.globalpost.com/dispatch/news/regions/europe/111024/swiss-election-moderate-parties-win
2011-10-24,08:03:06,lmgy5,19,Tunisia Casts Historic Vote,nytimes.com,http://www.nytimes.com/2011/10/24/world/africa/tunisians-cast-historic-votes-in-peace-and-hope.html?pagewanted=1&_r=1
2011-10-25,00:14:00,ln66h,14,Vatican Calls for “Central World Bank”: Catholic Church calls for “supranational authority” to replace national sovereignty. ,cnbc.com,http://www.cnbc.com/id/45013499
2011-10-25,03:21:48,lnd8a,13,Libya will investigate Gaddafi's death: New Libyan president Mustafa Abdel Ja­lil announced an investigation of Gaddafi's death,globalpost.com,http://www.globalpost.com/dispatch/news/regions/middle-east/111024/libya-will-investigate-gaddafis-death
2011-10-25,03:04:09,lncj2,13,"Investors staging record numbers of pay revolts. 
Shareholders of 15 FTSE 100 firms have protested already this year – up from seven in 2010",independent.co.uk,http://www.independent.co.uk/news/business/news/investors-staging-record-numbers-of-pay-revolts-2375159.html
2011-10-24,15:01:56,lmuck,14,"No civil rights thanks, we're Australian: Man threatened with 12 months jail if he enters Perth CBD during CHOGM. ",au.news.yahoo.com,http://au.news.yahoo.com/thewest/a/-/breaking/10816976/jail-threat-for-protester-during-chogm/
2011-10-25,05:51:06,lnjdc,14,"20th Consecutive Year: the UN General Assembly will vote tomorrow against the U.S.-imposed blockade on Cuba that has been maintained for almost 5 decades. Last year, 187 countries supported the resolution, with only two opposing and three abstentions.",huffingtonpost.com,http://www.huffingtonpost.com/sarah-stephens/the-un-the-us-embargo_b_1023828.html
2011-10-24,14:36:42,lmtpa,15,Expensive Autonomy: Europe's Overpriced Navi System Heads for Space,spiegel.de,"http://www.spiegel.de/international/europe/0,1518,793035,00.html"
2011-10-24,16:07:59,lmvxz,11,"In China, self-immolations add radical bent to Tibetan protests",latimes.com,"http://www.latimes.com/news/nationworld/world/la-fg-china-tibet-20111023,0,840542.story"
