2011-04-05,00:06:10,gicqg,522,it' time - the global initiative for drug policy reform,beckleyfoundation.org,http://www.beckleyfoundation.org/2011/03/21/the-global-initiative-for-drug-policy-reform/
2011-04-05,02:31:27,gigga,337,Pro-Palestinian Jewish Activist Shot Dead in Jenin by Palestinian Terrorists,haaretz.com,http://www.haaretz.com/news/national/israeli-actor-juliano-mer-khamis-shot-dead-in-jenin-1.354044
2011-04-05,22:57:39,gj3iq,264,Germany to phase out nuclear power,reuters.com,http://www.reuters.com/article/2011/04/04/us-germany-energy-nuclear-idUSTRE73330H20110404
2011-04-06,07:46:38,gjge9,161,Japan stops radioactive leaks into sea from reactor,reuters.com,http://www.reuters.com/article/2011/04/05/us-japan-idUSTRE72A0SS20110405
2011-04-05,23:51:38,gj4d2,103,"ElBaradei: If Israel Attacks Gaza, Egypt Will Strike Back
",businessinsider.com,http://www.businessinsider.com/elbaradei-if-israel-attacks-gaza-egypt-will-strike-back-2011-4
2011-04-06,01:47:07,gj7a3,92,Ciudad Juarez has experienced a 4-day murder spree resulting in 41 dead within 96 hours,edition.cnn.com,http://edition.cnn.com/2011/WORLD/americas/04/05/mexico.juarez.killings/index.html
2011-04-06,01:59:53,gj7n1,77,"Ecuador has ""declared the U.S. ambassador to the country 'persona non grata' over Wikileaks cables and wants the envoy to leave immediately",theatlanticwire.com,http://www.theatlanticwire.com/global/2011/04/ecuador-wants-kick-out-us-ambassador-over-wikileaks/36360/
2011-04-05,21:42:14,gj2ig,74,Japan's ocean radiation hits 7.5 million times legal limit: High readings in fish prompt the government to establish a maximum level for safe consumption,latimes.com,"http://www.latimes.com/news/nationworld/world/la-fg-japan-nuclear-20110406,0,2697428.story"
2011-04-05,20:45:42,gj1oe,72,"Radioactive iodine-131 readings taken from seawater near the water intake of the Fukushima No. 1 nuclear plant's No. 2 reactor reached 7.5 million times the legal limit, Tokyo Electric Power Co. admitted Tuesday",search.japantimes.co.jp,http://search.japantimes.co.jp/cgi-bin/nn20110405x1.html
2011-04-05,21:46:26,gj2ka,62,Al Jazeera demands the immediate release of one correspondent and two cameramen still detained by Gaddafi's forces.,english.aljazeera.net,http://english.aljazeera.net/indepth/spotlight/freethefour/2011/04/201143102835195364.html
2011-04-06,05:18:50,gjd0c,44,Tapes emerge a day before Berlusconi goes on trial for allegedly paying for sex with an underage prostitute and using his office to cover it up.,globalpost.com,http://www.globalpost.com/dispatch/news/regions/europe/italy/110405/wiretaps-catch-berlusconi-discussing-age-prostitute-video
2011-04-05,13:38:57,giw0i,45,"Palestinian human rights group condemned hamas for building, storing, and operating rockets in densely populated areas",nytimes.com,http://www.nytimes.com/2011/03/31/world/middleeast/31gaza.html?_r=2&src=tptw
2011-04-06,00:48:28,gj5ns,39,Concern for missing Chinese artist Ai Weiwei - Acclaimed artist's apparent detention draws international condemnation while his whereabouts remains a mystery.,english.aljazeera.net,http://english.aljazeera.net/news/asia-pacific/2011/04/20114565222165221.html
2011-04-06,07:37:27,gjg6r,39,Leading Israelis push for two-state solution with new peace initiative,guardian.co.uk,http://www.guardian.co.uk/world/2011/apr/05/israelis-push-two-state-solution
2011-04-06,05:18:05,gjczn,41,Oil could hit $200-$300 on Saudi unrest-Yamani,uk.reuters.com,http://uk.reuters.com/article/2011/04/05/yamani-idUKLDE7340MU20110405
2011-04-06,07:50:00,gjggp,36,Mystery plane kills two in Sudan air raid,abc.net.au,http://www.abc.net.au/news/stories/2011/04/06/3183306.htm?section=justin
2011-04-05,20:51:14,gj1ra,35,Phone hacking: Two senior Murdoch press journalists arrested in the UK,guardian.co.uk,http://www.guardian.co.uk/media/2011/apr/05/phone-hacking-affair-now-journalists-arrested?CMP=twt_gu
2011-04-06,06:04:47,gje5m,34,"Iman al-Obeidi, Libya Woman Who Claimed Rape, Speaks With CNN Anderson Cooper (VIDEO)",huffingtonpost.com,http://www.huffingtonpost.com/2011/04/05/iman-al-obeidi-libya-woman-rape_n_845119.html
2011-04-05,22:05:49,gj2qv,29,The world's worst human rights abusers continue to get pass from UN Human Rights Council,soc.li,http://soc.li/Auvog9i
2011-04-06,00:44:21,gj5j8,29,Saudi Arabian Haia officers get training to combat black magic,arabnews.com,http://arabnews.com/saudiarabia/article344101.ece
2011-04-05,21:03:01,gj1x5,24,British PM tells Pakistan elite: 'Many of your richest people are getting away without paying much tax at all – and that's not fair',guardian.co.uk,http://www.guardian.co.uk/politics/2011/apr/05/david-cameron-pakistan-raise-taxes-rich
2011-04-05,08:48:50,gipqq,23,"Support for a federation between Spain and Portugal continues to rise in both countries, with 31% in Spain and 45.6% in Portugal in favor. In contrast, in 2006 only 25% of those in Portugal supported a federation.",pagef30.com,http://www.pagef30.com/2011/04/support-for-union-between-spain-and.html
2011-04-06,06:17:26,gjehj,22,David Cameron: Britain caused many of the world's problems,telegraph.co.uk,http://www.telegraph.co.uk/news/politics/david-cameron/8430899/David-Cameron-Britain-caused-many-of-the-worlds-problems.html
2011-04-05,08:55:54,gipvr,23,15 people killed as Yemeni troops fire on protesters ,usatoday.com,http://www.usatoday.com/news/world/2011-04-04-yemen-violence_N.htm?sms_ss=reddit&at_xt=4d9a5a5b86484c95%2C0
2011-04-06,04:09:39,gjb75,20,Veteran Police Officer in Toronto Jailed for 90 Days for Breaking Prisoner's Arm. ,thestar.com,http://www.thestar.com/news/crime/article/969261--90-days-in-jail-for-police-officer-who-broke-prisoner-s-arm
2011-04-06,01:59:39,gj7mv,17,41 die in four days in Juarez killing spree,edition.cnn.com,http://edition.cnn.com/2011/WORLD/americas/04/05/mexico.juarez.killings/index.html?eref=rss_world&utm_source=feedburner&utm_medium=feed&utm_campaign=Feed:+rss/cnn_world+(RSS:+World)&utm_content=Google+Reader
2011-04-06,01:32:52,gj6x4,19,"Chaos reigns as Anonymous attacks toilet paper, Sweden, itself",arstechnica.com,http://arstechnica.com/tech-policy/news/2011/03/chaos-as-anonymous-attacks-toilet-paper-your-mom-itself.ars
2011-04-05,09:29:49,giqn2,19,U.N. and France Strike Leader’s Forces in Ivory Coast,nytimes.com,http://www.nytimes.com/2011/04/05/world/africa/05ivory.html
2011-04-06,06:55:35,gjfcv,16,"TEPCO Offers “Apology Money” over Fukushima Nuclear Disaster: $12 a Head
",allvoices.com,http://www.allvoices.com/contributed-news/8688126-tepco-offers-apology-money-12-bucks-a-head
2011-04-05,21:07:08,gj1z3,15,Libya: Rebels set to export first oil shipment - The first export of oil from rebel-held areas of eastern Libya for almost three weeks is due to begin later.,bbc.co.uk,http://www.bbc.co.uk/news/business-12969004
