2011-02-18,11:11:52,fnn5h,1117,Senior officers in Iran's Revolutionary Guards have written a letter to their commanding officer demanding assurances that they will not be required to open fire on anti-government demonstrators. ,telegraph.co.uk,http://www.telegraph.co.uk/news/worldnews/middleeast/iran/8331625/Irans-Revolutionary-Guard-pledges-to-hold-fire.html
2011-02-18,22:27:38,fnwbz,821,Egyptian flock to buy previously banned books,alarabiya.net,http://www.alarabiya.net/articles/2011/02/17/138095.html
2011-02-18,23:28:43,fnxel,587,"Bahrain Forces open on hundreds of mourners, sending people running away in panic amid the boom of concussion grenades (!)",nytimes.com,https://www.nytimes.com/2011/02/19/world/middleeast/19bahrain.html?_r=1&hp
2011-02-19,03:41:15,fo2tk,515,"""We are calling for help. We are calling for all the countries in the world. We call for help here in Bahrain.""",youtube.com,http://www.youtube.com/watch?v=dJtapAw5HbQ
2011-02-18,13:51:05,fnpwc,354,"Thug Life - 
Think Mubarak was bad? Kosovo's leaders are accused of being organ-smuggling, drug-dealing goons -- and the West is looking the other way.",foreignpolicy.com,http://www.foreignpolicy.com/articles/2011/02/17/thug_life
2011-02-18,13:47:34,fnpun,260,"Google Inc. Chief Executive Eric Schmidt said the company was ""very proud"" of employee Wael Ghonim, a leader in the antigovernment protests that toppled Egyptian President Hosni Mubarak last week.",online.wsj.com,http://online.wsj.com/article/SB10001424052748704409004576146420160584418.html?mod=WSJ_article_MoreIn_Management
2011-02-18,22:22:32,fnw8v,212,Yemen holds 'Friday of Fury' as thousands of demonstrators mass in cities across the country,english.aljazeera.net,http://english.aljazeera.net/news/middleeast/2011/02/2011218111854417798.html
2011-02-18,12:57:32,fnp1e,198,Secret plan to destroy WikiLeaks revealed,belfasttelegraph.co.uk,http://www.belfasttelegraph.co.uk/news/world-news/bank-of-america-and-the-secret-plan-to-destroy-wikileaks-15088535.html
2011-02-18,08:34:40,fnkbq,158,Group plans to beam free Internet across the globe from space.,rawstory.com,http://www.rawstory.com/rs/2011/02/10/group-plans-provide-internet-access-entire-world/
2011-02-18,22:08:21,fnvzx,138,Glenn Greenwald: US Justice v World ,salon.com,http://www.salon.com/news/opinion/glenn_greenwald/2011/02/18/justice/index.html
2011-02-19,05:55:22,fo5lx,136,Libya now blocking internet access amidst revolts and protests,neosmart.net,http://neosmart.net/blog/2011/as-arabia-protests-libya-blocks-internet-access/
2011-02-18,21:46:25,fnvn8,101,German Defense minister relinquishes Ph.D. over plagiarism charges,dw-world.de,"http://www.dw-world.de/dw/article/0,,14850899,00.html"
2011-02-18,21:32:57,fnvfq,84,"Fresh protests hit Iraqi cities: Thousands turn out across country, demanding better service delivery and jobs from government.",english.aljazeera.net,http://english.aljazeera.net/news/middleeast/2011/02/2011218104510878522.html
2011-02-19,06:04:30,fo5sc,81,"Why Germany Must End its Deployment in Afghanistan - The war in Afghanistan is based on four lies, including the premise that NATO allies are there to fight international terrorism, writes conservative ex-parliamentarian Jürgen Todenhöfer.",spiegel.de,"http://www.spiegel.de/international/world/0,1518,744866,00.html"
2011-02-19,00:38:58,fnyxb,71,Bahrainis' anger turns on US-backed royal family - Thousands of mourners called for the downfall of Bahrain's ruling monarchy as burials began Friday after a deadly assault on pro-reform protesters that has brought army tanks into the streets of one of the most strategic Western allies in the Gulf.,thenational.ae,http://www.thenational.ae/news/worldwide/middle-east/bahrainis-anger-turns-on-royal-family
2011-02-19,03:29:43,fo2lm,66,Iranian lawmakers—including former supporters—have moved to impeach President Mahmoud Ahmadinejad for law violations that could land him in prison.,thedailybeast.com,http://www.thedailybeast.com/blogs-and-stories/2010-11-23/iranian-lawmakers-move-to-impeach-president-mahmoud-ahmadinejad/1full/
2011-02-18,23:36:30,fnxk5,56,Soldiers fire on protestors in Bahrain crackdown. ,guardian.co.uk,http://www.guardian.co.uk/world/blog/2011/feb/18/middle-east-protests-live-updates
2011-02-19,01:04:24,fnzid,52,Deadly Attacks Against Protesters in Bahrain [pics],theatlantic.com,http://www.theatlantic.com/infocus/2011/02/deadly-attacks-against-protesters-in-bahrain/100011/
2011-02-19,07:44:33,fo7nc,52,"Hilary Clinton chides Israels settlements as illegitimate while in the same breath, the US vetoes a UN resolution on condemning those same settlements as illegal. 14 to 1 against",abcnews.go.com,http://abcnews.go.com/Politics/hillary-clinton-israeli-settlements-illegitimate/story?id=12952834
2011-02-18,14:11:07,fnq85,50,"Egytian Military practicing the same injustices that Mubarak was ousted for?  Three innocent protesters arrested and detained (among hundreds of others).  ""They were beaten, whipped, exposed to electric shocks and suspended from the door frames of their cells.""",nytimes.com,http://www.nytimes.com/2011/02/18/world/middleeast/18missing.html?pagewanted=1&_r=1&ref=global-home
2011-02-19,02:32:32,fo1e0,42,Helen Thomas: Jews didn't have to leave Europe following Holocaust,haaretz.com,http://www.haaretz.com/jewish-world/helen-thomas-jews-didn-t-have-to-leave-europe-following-holocaust-1.344196
2011-02-19,01:12:20,fnzo3,43,Bahrain troops and helicopters open deadly fire on hundreds of fleeing funeral mourners and journalists amid the boom of concussion grenades,nytimes.com,http://www.nytimes.com/2011/02/19/world/middleeast/19bahrain.html
2011-02-18,09:12:49,fnkzh,38,Scenes from Hospital in Bahrain difficult to watch,english.aljazeera.net,http://english.aljazeera.net/news/middleeast/2011/02/2011217191751611489.html
2011-02-18,22:55:19,fnwtb,35,"An inside look into the growing protests in Bahrain. What the US, Israel and Al-Qaeda has to do with it.",english.aljazeera.net,http://english.aljazeera.net/indepth/opinion/2011/02/201121882356449949.html
2011-02-19,02:03:09,fo0s3,27,Another Arab country erupts in protest: Djibouti: Thousands protests calling for the President to step down ,bbc.co.uk,http://www.bbc.co.uk/news/world-africa-12510799
2011-02-18,10:58:07,fnmvw,28,Egypt's revolution vindicates Gene Sharp's theory of nonviolent activism,scientificamerican.com,http://www.scientificamerican.com/blog/post.cfm?id=egypts-revolution-vindicates-gene-s-2011-02-11&WT.mc_id=SA_WR_20110217
2011-02-19,03:52:12,fo32d,24,Barclays bank forced to admit it paid just £113m in corporation tax in 2009,guardian.co.uk,http://www.guardian.co.uk/business/2011/feb/18/barclays-bank-113m-corporation-tax
2011-02-19,06:33:50,fo6da,24,"So I know that protests are heating up in Jordan, Libya, Yemen, and Bahrain, but why is no one talking about Morocco???",guardian.co.uk,http://www.guardian.co.uk/world/2011/feb/18/morocco-demonstrations-test-regime
2011-02-18,13:16:38,fnpde,25,Canada Hit by Cyberattack From China,nytimes.com,http://www.nytimes.com/2011/02/18/world/americas/18canada.html?_r=1&partner=rss&emc=rss
2011-02-19,03:59:05,fo375,25,20 reported dead in Libya as thousands take to streets,cnn.com,http://www.cnn.com/2011/WORLD/africa/02/18/libya.protests/index.html?hpt=T2
