2011-06-13,22:33:40,hyhks,1421,"Mexican drug cartels have taken cruelty up a notch, says one drug trafficker: kidnapping bus passengers for gladiatorlike fights to the death",chron.com,http://www.chron.com/disp/story.mpl/topstory/7607122.html
2011-06-13,03:20:03,hxw4n,1065,"Andersen Cooper exposes the onslaught by the Syrian government in the most complete manner we have seen yet - elderly getting beaten up, children tortured and brutalized, and soldiers defecting and escaping.",youtube.com,http://www.youtube.com/watch?v=MxlIPMravg4&feature=youtu.be
2011-06-13,10:35:51,hy56y,895,Christchurch hit by 5.5 earthquake,nzherald.co.nz,http://www.nzherald.co.nz/nz/news/article.cfm?c_id=1&objectid=10731968&ref=reddit
2011-06-13,22:59:00,hyi3r,472,BBC News - Germany recognises Libya rebels as sole government,bbc.co.uk,http://www.bbc.co.uk/news/world-europe-13753422
2011-06-14,00:21:58,hyk6n,340,"Despite the Berlusconi-controlled media encouraging voters to stay home, 57% of Italians turn out to vote in national referendum: 95% of those vote to maintain public, non-profit water services, to repeal nuclear development initiatives, and to block trial immunity for ranking government officials.",guardian.co.uk,http://www.guardian.co.uk/world/2011/jun/13/italy-referendum-berlusconi-nuclear-energy
2011-06-13,10:56:44,hy5n5,290,"King Abdullah of Jordan has bowed to demands for reform, saying future cabinets will be formed according to an elected parliamentary majority. ",bbc.co.uk,http://www.bbc.co.uk/news/world-middle-east-13744640
2011-06-13,04:46:22,hxy06,247,Gay girl in Damascus is really a guy in Turkey,damascusgaygirl.blogspot.com,http://damascusgaygirl.blogspot.com/2011/06/apology-to-readers.html
2011-06-13,14:37:08,hyagx,221,British fear 'American-style' healthcare system,latimes.com,"http://www.latimes.com/health/la-fg-britain-health-care-20110613,0,1237142.story"
2011-06-13,12:19:58,hy7ib,143,"6.0 and 5.5 Earthquakes hit Christchurch, New Zealand in quick succession ",stuff.co.nz,http://www.stuff.co.nz/the-press/news/christchurch-earthquake-2011/5136644/Powerful-earthquakes-rock-Christchurch
2011-06-14,01:15:03,hylni,136,Third day of riots in China,guardian.co.uk,http://www.guardian.co.uk/world/2011/jun/13/china-riots-enter-third-day
2011-06-13,22:36:25,hyhmm,110,New setback for Berlusconi. Referendum in Italy cancels nuclear power projects and privileges for prime minister,sfgate.com,http://www.sfgate.com/cgi-bin/article.cgi?f=/n/a/2011/06/10/international/i033623D81.DTL&type=business
2011-06-13,10:57:47,hy5nw,108,China's 'Wealth Drain': New Signs That Rich Chinese Are Set on Emigrating,time.com,"http://www.time.com/time/world/article/0,8599,2077139,00.html"
2011-06-13,19:15:57,hyeqf,93,Chinese migrant workers have clashed with police for a third consecutive night outside the southern city of Guangzhou. ,bbc.co.uk,http://www.bbc.co.uk/news/world-asia-pacific-13746989
2011-06-13,12:04:07,hy75g,81,"A prototype airport checkpoint has been revealed, designed to help passengers get to their boarding gate with dignity",economist.com,http://www.economist.com/blogs/gulliver/2011/06/aviation-security?fsrc=scn/tw/te/bl/thecheckpointofthefuture
2011-06-13,08:29:55,hy2md,82,China to begin operating new 300 km/hr bullet train between Shanghai and Beijing,scinet.cc,http://scinet.cc/2011/06/12/new-300-kmh-beijing-shanghai-bullet-train-to-begin-service/
2011-06-13,10:50:45,hy5in,65,Belgium goes a year from elections without government,bbc.co.uk,http://www.bbc.co.uk/news/world-europe-13725277
2011-06-13,15:59:14,hyc0p,53,Syria Gay Girl in Damascus blog a hoax by US man,bbc.co.uk,http://www.bbc.co.uk/news/world-middle-east-13744980
2011-06-13,14:30:02,hyabj,50,Israel plans to destroy 35 villages; angers residents who have lived in the Negev for years.,english.aljazeera.net,http://english.aljazeera.net/video/middleeast/2011/06/201161342514591915.html
2011-06-13,23:32:22,hyivp,47,The Japanese city of Hiroshima has pulled out of the bidding to host the 2020 Olympic Games.,news.bbc.co.uk,http://news.bbc.co.uk/sport2/hi/olympics/13746363.stm
2011-06-13,19:27:04,hyeut,35,BBC News - US Navy 'stopped North Korean vessel bound for Burma',bbc.co.uk,http://www.bbc.co.uk/news/world-asia-pacific-13747912
2011-06-13,21:47:23,hygq1,39,Jordan Protesters have pelted the motorcade  of the King with stones and bottles,bbc.co.uk,http://www.bbc.co.uk/news/world-middle-east-13751299
2011-06-13,21:32:28,hyggm,32,The response to Fukushima was marked by crippling mistrust,nytimes.com,http://www.nytimes.com/2011/06/13/world/asia/13japan.html?_r=1&pagewanted=print
2011-06-14,05:08:25,hysea,34,Germany's Nuclear Phaseout - Irate Power Companies to Sue Berlin For Damages,spiegel.de,"http://www.spiegel.de/international/business/0,1518,768201,00.html"
2011-06-13,11:27:48,hy6br,31,"Two years after Iran's marred election, hard-liners anything but triumphant: President Mahmoud Ahmadinejad, who was declared the 2009 winner by a landslide, and his aides have been dismissed by conservative rivals and clerics as a ""deviant current"" in Iran's theocracy",csmonitor.com,http://www.csmonitor.com/World/Middle-East/2011/0612/Two-years-after-Iran-s-marred-election-hard-liners-anything-but-triumphant
2011-06-14,03:14:56,hyp36,23,Syrian troops detain hundreds of villagers: Assad has launched a retribution attack on village of Jisr al-Shughour after deaths of troops,globalpost.com,http://www.globalpost.com/dispatch/news/regions/middle-east/110613/syria-assad-turkey-erdogan-un-video
2011-06-14,05:40:10,hyt9n,25,"Libyan rebels have broken out toward Tripoli from the opposition-held port of Misrata, cracking a government siege as fighters across the country mounted a resurgence in their revolt against Muammar Gaddafi.",belfasttelegraph.co.uk,http://www.belfasttelegraph.co.uk/news/world-news/libyan-rebels-break-through-siege-16011440.html
2011-06-13,10:21:16,hy4uz,22,Turkey's ruling AKP wins third term,english.aljazeera.net,http://english.aljazeera.net/news/europe/2011/06/2011612234318956351.html
2011-06-13,14:47:46,hyaoq,22,Dubai's financial crisis laid bare as 217 new properties axed,telegraph.co.uk,http://www.telegraph.co.uk/finance/newsbysector/constructionandproperty/8571414/Dubais-financial-crisis-laid-bare-as-217-new-properties-axed.html
2011-06-14,07:44:48,hywhu,23,"Europe Braces for Serious Crop Losses & Blackouts - Record dry spring could drive up wheat prices, & lack of water may force nuclear reactors to shut down",scientificamerican.com,http://www.scientificamerican.com/article.cfm?id=europe-braces-for-serious-crop-losses
2011-06-13,13:21:10,hy8vj,21,Taiwan destroys 2.3 tons of beverages believed to be tainted with a dangerous chemical - China & a dozen other countries have banned a long list of Taiwanese products feared contaminated,physorg.com,http://www.physorg.com/news/2011-06-taiwan-chemical-tainted.html
