2011-02-07,19:02:42,fgsou,909,Einstein was right - honey bee collapse threatens global food security  - Telegraph,telegraph.co.uk,http://www.telegraph.co.uk/finance/comment/ambroseevans_pritchard/8306970/Einstein-was-right-honey-bee-collapse-threatens-global-food-security.html
2011-02-07,10:45:47,fgllu,430,"California-based Boeing subsidiary, Narus, sells deep-packet inspection to Egypt to track social media use",youtube.com,http://www.youtube.com/watch?v=uODOBCgNhZc
2011-02-07,21:09:14,fgtyn,374,Assange Extradition Trial Begins,english.aljazeera.net,http://english.aljazeera.net/news/europe/2011/02/20112791540339907.html?asid=f8e97e32
2011-02-07,02:17:33,fgda0,325,Shocking videos emerge from Egypt showing civilians shot by snipers and police,english.aljazeera.net,http://english.aljazeera.net/news/middleeast/2011/02/201126145542683316.html
2011-02-07,21:34:02,fgu9m,280,The Netherlands has withdrawn its ambassador to Iran in protest of a Dutch-Iranian woman's death at the hands of Iranian authorities. The move came amid revelations she may have died during torture.,dw-world.de,"http://www.dw-world.de/dw/article/0,,14822453,00.html"
2011-02-07,16:16:46,fgqwm,226,WikiLeaks founder Julian Assange threatens to sue 'The Guardian' newspaper for libel,belfasttelegraph.co.uk,http://www.belfasttelegraph.co.uk/news/local-national/uk/wikileaks-founder-julian-assange-threatens-to-sue-the-guardian-newspaper-for-libel-15075809.html
2011-02-08,02:29:18,fgzu1,207,"Jerusalem council set to approve Jewish housing in Arab neighborhood - ""it will be necessary to evict a number of Palestinian families living on the site in order for construction to commence""",haaretz.com,http://www.haaretz.com/print-edition/news/jerusalem-council-set-to-approve-jewish-housing-in-arab-neighborhood-1.341693
2011-02-07,13:06:06,fgo04,157,Journalist shot and killed by police in Cairo,english.aljazeera.net,http://english.aljazeera.net/indepth/spotlight/anger-in-egypt/2011/02/201126201341479784.html
2011-02-07,22:48:04,fgvcf,155,"Talks fail to end Egypt protests - pro-democracy protests continue at Tahrir Square: ""This is not a revolution made by the parties. The parties have been there for 30 years and they've done nothing. This is the people's revolution.""",english.aljazeera.net,http://english.aljazeera.net/news/middleeast/2011/02/20112764216497806.html
2011-02-07,09:18:59,fgk43,147,"In 2011, there are 100 uncontacted tribes worldwide",independent.co.uk,http://www.independent.co.uk/news/world/americas/in-2011-there-are-100-uncontacted-tribes-worldwide-2205746.html
2011-02-07,15:34:58,fgqf0,142,Leaked files show details of Julian Assange rape allegations ,swedishwire.com,http://www.swedishwire.com/component/content/article/2-politics/8396-leaked-files-show-details-of-assange-allegations
2011-02-07,19:05:49,fgsps,71,"ElBaradei: The Israelis Have A Peace Treaty With Mubarak, Not With The Egyptian People",spiegel.de,"http://www.spiegel.de/international/world/0,1518,743825,00.html"
2011-02-07,22:10:55,fguqy,61,"REPORT: Mubarak To Leave Egypt, Go To Germany For ""Health Check"" And Hand Over Power",businessinsider.com,http://www.businessinsider.com/hosni-mubarak-resign-germany-2011-2
2011-02-07,10:52:13,fglot,60,Leaked cables reveal anger at regime may make Libya the next Arab domino to fall.,theaustralian.com.au,http://www.theaustralian.com.au/news/world/leaked-cables-reveal-anger-at-regime-may-make-libya-the-next-arab-domino-to-fall/story-e6frg6so-1226001055031
2011-02-07,02:01:22,fgd13,52,BBC News - Rock guitarist Gary Moore dies at 58,bbc.co.uk,http://www.bbc.co.uk/news/uk-northern-ireland-12377862
2011-02-07,19:40:19,fgt1l,55,"South African President: When you vote for the ANC, you are also choosing to go to heaven. When you don't vote for the ANC you should know that you are choosing that man who carries a fork...",news24.com,http://www.news24.com/SouthAfrica/Politics/Zumas-heaven-remark-no-earthly-good-20110207
2011-02-08,04:16:17,fh1zo,50,Iran's 'Day of Rage' - Green Movement leaders embarass Iranian regime by proposing demonstration in support of Egyptian and Tunisian revolts,rferl.org,http://www.rferl.org/content/day_of_rage_blog/2299873.html
2011-02-08,02:51:01,fh0be,35,Al Jazeera Hopes Reports From Egypt Open Doors in US,nytimes.com,http://www.nytimes.com/2011/02/07/business/media/07aljazeera.html?_r=1&hp
2011-02-07,08:13:24,fgj3v,34,Perth surrounded by flames as fires rage out of control ,news.com.au,http://www.news.com.au/national/more-than-100-flee-perth-bushfire/story-e6frfkxi-1226000957393
2011-02-08,02:22:19,fgzop,37,"Jesus, the Economist gets it wrong AGAIN, saying Egypt's situation affirms George Bush's Arab ""freedom agenda."" Actually, a lot of Egyptians HATE the U.S. now because we supported Mubarak for so long, just like Saudis and Iranians hate us for supporting their past or current authoritarian regimes.",economist.com,http://www.economist.com/node/18063852
2011-02-07,09:10:47,fgjxe,27,"Tunisia's former governing party is to be suspended and its offices closed, the interior ministry has announced.",bbc.co.uk,http://www.bbc.co.uk/news/world-africa-12378006
2011-02-07,23:43:57,fgwbc,33,Bashir accepts Sudan vote to secede,english.aljazeera.net,http://english.aljazeera.net/news/africa/2011/02/20112714264792774.html
2011-02-07,14:27:49,fgphe,24,US envoy's business link to Egyptian dictator Hosni Mubarak revealed,belfasttelegraph.co.uk,http://www.belfasttelegraph.co.uk/news/world-news/us-envoys-business-link-to-egypt-dictator-hosni-mubarak-revealed-15075746.html
2011-02-07,12:06:57,fgmx7,25,"Egypt: Mubarak has changed his Facebook status to ""it's complicated""",globalvoicesonline.org,http://globalvoicesonline.org/2011/02/05/egypt-mubarak-has-changed-his-facebook-status-to-its-complicated/
2011-02-07,15:40:24,fgqhn,18,"Journalists leaving Egypt --  ""The atmosphere has been constantly worsening and journalists have become targets,"" a Finnish photographer said.",swedishwire.com,http://www.swedishwire.com/component/content/article/2-politics/8397-many-swedish-journalists-leaving-egypt
2011-02-07,10:50:48,fglo3,16,Iraqis Demonstrate Over Lack of Basic Services,commondreams.org,http://www.commondreams.org/headline/2011/02/06-2
2011-02-07,15:55:43,fgqno,17,Japan's Prime Minister leads large rally demanding return of islands held by Russia since the end of World War II calling recent visit  by Russia's president an outrage. The islands are surrounded by rich fishing grounds and believed to have offshore oil/natural gas reserves/gold/silver deposits.,guardian.co.uk,http://www.guardian.co.uk/world/feedarticle/9487906
2011-02-07,12:49:20,fgnp7,17,Leaked US cables raise questions over whether vice-president can be honest broker in any talks with Muslim Brotherhood,english.aljazeera.net,http://english.aljazeera.net//news/middleeast/2011/02/20112620314460519.html
2011-02-08,00:08:00,fgwrp,16,"Former Swedish judge accuses Assange prosecutor of bias against men: “I honestly cannot understand her attitude here, it looks malicious.”",independent.co.uk,http://www.independent.co.uk/news/uk/crime/assange-prosecutor-is-antimen-2206650.html
2011-02-07,21:47:29,fgufj,14,"""Perhaps the most revealing window into America’s media-fed isolation from this crisis...is the default assumption that the Egyptian uprising...must be powered by the twin American-born phenomena of Twitter and Facebook.""",nytimes.com,http://www.nytimes.com/2011/02/06/opinion/06rich.html?src=me&ref=general
