2011-02-17,23:34:09,fn8v3,1702,"In a dramatic departure from longstanding policy, the United States intends to support a United Nations Security Council resolutions censuring Israel for building settlements in Palestinian territory.",rawstory.com,http://www.rawstory.com/rs/2011/02/17/in-dramatic-turnaround-us-to-censure-israel-in-security-council-report/
2011-02-17,10:27:32,fmwng,1418,"Killing two people and injuring many, Bahrain police carry out a surprise, nighttime attack on square where protesters camp out.",english.aljazeera.net,http://english.aljazeera.net/news/middleeast/2011/02/201121714223324820.html
2011-02-17,02:08:10,fmm48,385,"A ""loosely organised"" group of hackers has been targeting oppressive regimes and has said this is just the beginning.",english.aljazeera.net,http://english.aljazeera.net/indepth/opinion/2011/02/201121321487750509.html
2011-02-17,10:17:12,fmwfs,288,An unprecedented cyber attack on the Canadian government from China has given foreign hackers access to highly classified federal information.,cbc.ca,http://www.cbc.ca/politics/story/2011/02/16/pol-weston-hacking.html
2011-02-17,23:44:41,fn91d,263,Libya murdered 16 protesters,cnn.com,http://www.cnn.com/2011/WORLD/africa/02/17/libya.protests/
2011-02-17,20:43:37,fn5ta,236,"Belgians mark 'no-government world record' with nude protests, free beer and chips",bbc.co.uk,http://www.bbc.co.uk/news/world-europe-12492872
2011-02-17,22:25:55,fn7fr,231,"Belgium's 250 days without a national government, a world record previously held by Iraq",guardian.co.uk,http://www.guardian.co.uk/commentisfree/2011/feb/17/belgium-elect-government-split
2011-02-18,03:19:08,fnduu,198,"”If you live in a democracy, and don’t have freedom of information, it’s not a democracy. And people have to understand that if you don’t have freedom of information online, it’s not going to be offline, either.” ",grapevine.is,http://grapevine.is/Features/ReadArticle/information-without-borders
2011-02-17,20:45:27,fn5ub,134,Protests banned in Bahrain,bbc.co.uk,http://www.bbc.co.uk/news/world-middle-east-12495733
2011-02-17,19:13:44,fn4r3,99,A map of world alcohol consumption,theatlantic.com,http://www.theatlantic.com/business/archive/2011/02/map-of-the-day-this-is-what-global-alcohol-consumption-looks-like/71366/
2011-02-17,16:16:03,fn2sl,79,British forests saved after huge backlash from public,guardian.co.uk,http://www.guardian.co.uk/environment/2011/feb/16/forests-sell-off-cameron-uturn
2011-02-17,09:47:13,fmvv0,59,Update: Bahrain protesters violently dispersed from the center square.,bbc.co.uk,http://www.bbc.co.uk/news/world-middle-east-12490286
2011-02-17,05:24:17,fmqf7,62,"""As long as they (Iranians) are not conducting some sort of belligerent operation I think they would have a right to go through the canal like any other country,"" said James Kraska, professor of international law at the US Naval War College.",english.aljazeera.net,http://english.aljazeera.net/news/middleeast/2011/02/201121618533618622.html
2011-02-17,08:43:05,fmun1,54,Only nine percent of investigations into Israeli citizen violence against Palestinians and their property result in indictments.,jpost.com,http://www.jpost.com/NationalNews/Article.aspx?id=208578&R=R2
2011-02-18,07:48:46,fnjge,51,"Argentina is accusing the US military of attempting to smuggle arms, drugs and spy equipment into the country under the pretext of a police training course.",rt.com,http://rt.com/usa/news/usa-military-argentina-smuggling/
2011-02-17,04:33:46,fmpab,43,Why Are Food Prices Going Crazy?,npr.org,http://www.npr.org/blogs/money/2011/02/16/133744524/why-are-food-prices-going-crazy
2011-02-18,07:54:40,fnjkk,35,The authorities in Egypt have arrested three ex-ministers for corruption,bbc.co.uk,http://www.bbc.co.uk/news/world-middle-east-12500968
2011-02-17,23:48:23,fn94c,38,Bloody crackdown in Bahrain: Four killed as police raid Tahrir-style protest in capital.,globalpost.com,http://www.globalpost.com/dispatch/egypt/110217/bahrain-protest-egypt-yemen-libya-tunisia-persian-gulf-gaddafi
2011-02-17,10:41:47,fmwx1,38,Riot police in Bahrain sweep in on sleeping protesters with tear gas in attempt to clear a main square.,msnbc.msn.com,http://www.msnbc.msn.com/id/41632742/ns/world_news-mideastn_africa/
2011-02-17,23:59:25,fn9dl,25,Baghdad wants U.S. to pay $1 billion for damage to city,reuters.com,http://www.reuters.com/article/2011/02/17/us-iraq-usa-damages-idUSTRE71G2T820110217
2011-02-18,05:49:11,fnh2j,25,"The former Egyptian interior minister has been arrested for corruption, he is widely blamed for the brutality used by riot police during recent protests",jpost.com,http://www.jpost.com/MiddleEast/Article.aspx?id=208756&R=R3
2011-02-18,01:41:37,fnbjh,21,This is cloak and dagger stuff: an American employed by US Embassy in Lahore shoots two Pakistani citizens.,bbc.co.uk,http://www.bbc.co.uk/news/world-south-asia-12491288
2011-02-18,04:46:59,fnfq8,22,Bahrain: terror as protesters shot. Live updates,guardian.co.uk,http://www.guardian.co.uk/global/blog/2011/feb/17/middle-east-protests-live-updates
2011-02-17,22:49:40,fn7xb,19,"Our attention spans are too short, scope too small... any follow up on what's happening in Cote d'Ivoire? ",self.worldnews,https://www.reddit.com/r/worldnews/comments/fn7xb/our_attention_spans_are_too_short_scope_too_small/
2011-02-17,14:15:04,fn11k,22,"In sharp reversal, U.S. agrees to rebuke Israel in Security Council - By Colum Lynch | Turtle Bay",turtlebay.foreignpolicy.com,http://turtlebay.foreignpolicy.com/posts/2011/02/16/in_major_reversal_us_to_rebuke_israel_in_security_council?sms_ss=reddit&at_xt=4d5cbce0332e3d7f%2C0
2011-02-17,21:28:48,fn6fv,20,The bold men and the sea: Seventy-two Indian Fishermen have been shot by the Sri Lankan Navy in the past six months. Yet they keep going back to the same strip of sea.,tehelka.com,http://www.tehelka.com/story_main48.asp?filename=Ne260211THE_BOLD.asp
2011-02-17,08:14:09,fmu3p,18,Bahrain protesters hold ground - Middle East - Al Jazeera English,english.aljazeera.net,http://english.aljazeera.net/news/middleeast/2011/02/201121635518925202.html
2011-02-17,22:23:27,fn7ee,17,Canada hit by cyberattack from China,reuters.com,http://www.reuters.com/article/2011/02/17/us-cyberattack-idUSTRE71G0RG20110217
2011-02-17,21:26:03,fn6ef,15,Bahrain Army Moves to Quell Protests Demanding Government Quit,sfrbroadcasting.com,http://sfrbroadcasting.com/world/bahrain-army-moves-to-quell-protests-demanding-government-quit
2011-02-17,09:33:23,fmvl0,16,U.S. pushing Palestinians to drop UN resolution on settlement construction,haaretz.com,http://www.haaretz.com/news/diplomacy-defense/u-s-pushing-palestinians-to-drop-un-resolution-on-settlement-construction-1.343825
