2011-09-07,14:50:00,k7akv,1950,"WikiLeaks: Every law proposal, every ordinance, and every govt report hostile to the net, youth, and civil liberties in Sweden in recent years have been commissioned by the US govt and industry interests",falkvinge.net,http://falkvinge.net/2011/09/05/cable-reveals-extent-of-lapdoggery-from-swedish-govt-on-copyright-monopoly/
2011-09-07,23:37:25,k7mba,1861,43 die as Russian jet carrying KHL hockey team crashes after takeoff,thestar.com,http://www.thestar.com/news/world/article/1050242--43-die-as-russian-jet-carrying-khl-hockey-team-crashes-after-takeoff?bn=1
2011-09-07,11:52:02,k754b,1026,Three Men Hanged For Having Gay Sex In Iran,huffingtonpost.com,http://www.huffingtonpost.com/2011/09/06/gay-men-hanged_n_951162.html
2011-09-08,07:56:58,k84lt,400,China Increasingly Making Dissidents Disappear,nytimes.com,http://www.nytimes.com/2011/09/03/world/asia/03china.html?_r=2&scp=1&sq=china+dissidents&st=cse
2011-09-07,23:11:19,k7lhe,402,After 9/11: airports 'wasting billions' on needless security checks for passengers,guardian.co.uk,http://www.guardian.co.uk/world/2011/sep/07/airports-wasting-billions-needless-security
2011-09-08,01:26:53,k7pzi,332,"Remember the Indian Chief Minister who used a private jet to fly a pair of sandals? She's lashing out against the allegations and is calling Julian Assange ""insane"". Wikileaks diplomatic cables from refer to her as ""corrupt and paranoid""",globalpost.com,http://www.globalpost.com/dispatches/globalpost-blogs/weird-wide-web/assange-mayawati-wikileaks-india-corruption
2011-09-08,00:04:36,k7n6d,232,"Safe nuclear does exist, and China is leading the way with thorium - Telegraph",telegraph.co.uk,http://www.telegraph.co.uk/finance/comment/ambroseevans_pritchard/8393984/Safe-nuclear-does-exist-and-China-is-leading-the-way-with-thorium.html
2011-09-08,01:18:41,k7ppk,199,James Murdoch Is Toast as Ex-Employees Say He Knew Payoff Implications  ,thedailybeast.com,http://www.thedailybeast.com/articles/2011/09/07/james-murdoch-may-be-toast-as-ex-employees-say-he-knew-payoff-implications.html
2011-09-08,02:15:19,k7rtr,160,Cuba launches world's first vaccine against lung cancer ,news.xinhuanet.com,http://news.xinhuanet.com/english2010/health/2011-09/07/c_131111574.htm
2011-09-07,15:46:42,k7c05,122,At least 45 people were injured and nine dead in a blast this morning outside one of the entry gates to the Delhi High Court complex crowded with visitors seeking entry into the premises. Internal security secretary said it was a medium to high intensity blast. Delhi has been put on high alert.,hindustantimes.com,http://www.hindustantimes.com/News-Feed/newdelhi/Blast-outside-Delhi-High-Court-4-dead--many-injured/Article1-742586.aspx
2011-09-08,03:22:20,k7u9f,93,Turkey set to sign military pact with Egypt after cutting trade ties with Israel.,haaretz.com,http://www.haaretz.com/print-edition/news/turkey-set-to-sign-military-pact-with-egypt-after-cutting-trade-ties-with-israel-1.382955
2011-09-07,12:22:48,k764v,67,"Politics in emerging markets:  The new middle classes rise up - 
Marx’s revolutionary bourgeoisie finds its voice again",economist.com,http://www.economist.com/node/21528212
2011-09-07,20:25:23,k7hcq,63,"BBC News - Swiss move to make its safe-haven less attractive. ""I'm quoting it at length, because it's unlike any press release you're likely to have seen from a major central bank""",bbc.co.uk,http://www.bbc.co.uk/news/business-14813825
2011-09-07,21:34:29,k7is9,55,Pro-democracy uprisings are continuing in the Middle East and the Palestinians could soon declare statehood. SPIEGEL spoke with Arab League General Secretary Nabil Elaraby about the Syrian regime's use of violence and how the US has failed to force Israel to negotiate in good faith.,spiegel.de,"http://www.spiegel.de/international/world/0,1518,784815,00.html"
2011-09-08,01:24:31,k7pwx,44,UK abortion amendment defeated in the House of Commons,guardian.co.uk,http://www.guardian.co.uk/world/2011/sep/07/nadine-dorries-abortion-amendment-defeated
2011-09-08,07:19:04,k83b1,41,"China's state-owned firms profited $313 billion in 2010, but only handed in 5% to treasury; lavish spending out of control",google.com,http://www.google.com/hostednews/afp/article/ALeqM5gLUnMPLxtFLyR4BcqM1lHQ7crjHA?docId=CNG.4ecd62b490d0f49529b2cfb2c331d332.5c1
2011-09-07,21:34:15,k7is0,32,Death of a Syrian Doctor,abc.net.au,http://www.abc.net.au/news/2011-09-06/agius-death-of-a-syrian-doctor/2873514
2011-09-08,07:13:01,k833a,34,Why China wants a G3 world,nytimes.com,http://www.nytimes.com/2011/09/08/opinion/08iht-edkhanna08.html
2011-09-07,13:46:37,k78sf,28,Jesus thumbs-up ad 'disrespectful',guardian.co.uk,http://www.guardian.co.uk/uk/feedarticle/9833770
2011-09-07,14:58:55,k7ati,26,"EFF: In South Korea, the Only Thing Worse Than Online Censorship is Secret Online Censorship",eff.org,https://www.eff.org/deeplinks/2011/08/south-korea-only-thing-worse-online-censorship
2011-09-07,11:33:57,k74he,26,"India and Bangladesh sign pact on border demarcation, ending a 4-decade old dispute.",ibnlive.in.com,http://ibnlive.in.com/news/indiabangladesh-sign-pact-on-border-demarcation/181937-3.html
2011-09-07,22:21:12,k7k08,25,"Israeli settlers vandalize IDF vehicles, apparently in retribution for demolition of three illegal homes in Migron",haaretz.com,http://www.haaretz.com/news/diplomacy-defense/israeli-settlers-council-condemns-marginal-group-behind-vandalism-at-idf-base-1.383089
2011-09-07,23:35:54,k7m9k,26,"Libyan fighters say Gaddafi 'surrounded': Military council official says toppled leader trapped within 60km radius and will be captured or killed soon.
",english.aljazeera.net,http://english.aljazeera.net/news/africa/2011/09/201197104730208737.html
2011-09-07,20:03:36,k7gwn,21,Swedish artist plunges to his death in Germany,thelocal.se,http://www.thelocal.se/35954/20110905/
2011-09-08,05:17:29,k7yrg,18,The Swedish car maker Saab Automobile files for bankruptcy in a self-managed reconstruction process.,forbes.com,http://www.forbes.com/feeds/ap/2011/09/07/business-specialized-consumer-services-eu-sweden-saab_8662184.html
2011-09-07,12:01:25,k75g7,18,"Government-run drug detention centers, mandated to “treat” and ”rehabilitate” drug users, are forced labor camps where drug users work six days a week and are subject to torture.",hrw.org,http://www.hrw.org/news/2011/09/07/vietnam-torture-forced-labor-drug-detention
2011-09-07,00:51:50,k6i4o,16,Major setback for agrobusiness: European Court of Justice stops honey that contains traces of pollen from genetically modified crops ,thenewstribune.com,http://www.thenewstribune.com/2011/09/06/1811433/eu-court-puts-limits-on-modified.html
2011-09-07,15:29:11,k7bkd,16,Blast Outside Delhi High Court in India,online.wsj.com,http://online.wsj.com/article/SB10001424053111904900904576555690461844986.html
2011-09-07,22:13:48,k7js3,14,EU bans GM-contaminated honey from general sale. Bavarian beekeepers forced to declare their honey as genetically modified because of contamination from nearby Monsanto crops.,guardian.co.uk,http://www.guardian.co.uk/environment/2011/sep/07/europe-honey-gm
2011-09-08,02:06:41,k7rfx,11,Switzerland sparked fears of a new currency war on Tuesday after it pegged the Swiss franc against the euro in an attempt to protect its economy from the European debt crisis.,guardian.co.uk,http://www.guardian.co.uk/business/2011/sep/06/switzerland-pegs-swiss-franc-euro
