2011-07-23,11:00:10,ixc94,900,"""You won’t destroy us. You won't destroy our democracy. We are a small but proud nation. No one will bomb us to silence."" - Norwegian PM",bbc.co.uk,http://www.bbc.co.uk/news/world-europe-14257910
2011-07-23,18:15:48,ixjze,805,"Deadly famine in Horn of Africa. NBC is making this a top news priority, kudos to them for getting the word out. ",msnbc.msn.com,http://www.msnbc.msn.com/id/3032619/ns/nightly_news/#43861612
2011-07-23,23:22:53,ixnnf,440,China bullet train derails; coaches fall off bridge,channelnewsasia.com,http://www.channelnewsasia.com/stories/afp_asiapacific/view/1142644/1/.html
2011-07-23,11:08:36,ixcgf,436,At least 80 killed at Norway youth conference ,washingtonpost.com,http://www.washingtonpost.com/world/europe/norways-capital-shaken-by-bomb-blast/2011/07/22/gIQABA6dTI_story.html
2011-07-24,02:43:35,ixrza,169,Phone hacking was rife under Piers Morgan when he was editor of a UK tabloid claims ex reporter. ,guardian.co.uk,http://www.guardian.co.uk/media/2011/jul/23/phone-hacking-piers-morgan-mirror
2011-07-24,01:56:28,ixqqh,168,Canada deported China’s most wanted man on Friday after dismissing his arguments that he could be tortured or executed if he was returned home.,theglobeandmail.com,http://www.theglobeandmail.com/news/national/british-columbia/canada-deports-chinese-fugitive-lawyer-says/article2107446/
2011-07-23,11:13:18,ixck6,158,Norway police now saying: 'Eighty killed' in island shooting,bbc.co.uk,http://www.bbc.co.uk/news/world-europe-14259356
2011-07-24,06:44:01,ixxjh,127,"10 year old boy to Utøya shooter: ""You've killed my dad. Leave us alone.""",translate.google.com,http://translate.google.com/translate?js=n&prev=_t&hl=no&ie=UTF-8&layout=2&eotf=1&sl=no&tl=en&u=http://www.varden.no/nyheter/10-aring-skrek-na-har-du-drept-pappa-la-oss-vere-i-fred-1.6380922
2011-07-23,19:35:53,ixksj,102,Norwegian spree killer has EDL links,libcom.org,http://libcom.org/blog/norwegian-spree-killer-had-edl-links-23072011
2011-07-23,20:58:08,ixlr7,97,Palestinian president says Israel's refusal to halt settlement building has forced his people to seek recognition at UN,english.aljazeera.net,http://english.aljazeera.net/news/middleeast/2011/07/201172310330622851.html
2011-07-24,07:58:34,ixz3w,85,"Man killed in Iran shooting was student, not nuclear scientist: A mix-up over names apparently led to initial reports that the man slain in Tehran was a scientist involved in the country's nuclear program.",latimes.com,"http://www.latimes.com/news/la-fgw-iran-nuclear-scientist-20110723,0,3627601.story"
2011-07-23,13:30:46,ixfh8,86,Norwegian mass murderer shares his thoughts,translate.google.com,http://translate.google.com/translate?js=n&prev=_t&hl=en&ie=UTF-8&layout=2&eotf=1&sl=no&tl=en&u=http%3A%2F%2Fwww.document.no%2Fanders-behring-breivik%2F
2011-07-23,20:02:29,ixl3e,81,UK: Female genital mutilation laws to be toughened against families,guardian.co.uk,http://www.guardian.co.uk/lifeandstyle/2011/jul/22/female-genital-mutilation-laws-families
2011-07-24,02:26:05,ixri4,64,"""SlutWalk"", a protest against a Canadian police officer who advised women to “avoid dressing like sluts” to avoid rape, changed in India: ""even if we are covered head to toe in a sari or a burqa, we get molested and raped""",washingtonpost.com,http://www.washingtonpost.com/world/asia-pacific/indian-women-tweak-their-slutwalk/2011/07/21/gIQAlY9JTI_story.html?wprss=rss_world
2011-07-23,21:17:19,ixlz4,45,"This Is Iraq --- 
Photo essay from Iraq, framed around work of the Red Cross. Shows decrepit nature of basic infrastructure, struggles of those maimed or widowed. Not always comfortable viewing. Some very well-conceived shots",reportagebygettyimages.com,http://www.reportagebygettyimages.com/features/this-is-iraq/
2011-07-24,00:02:32,ixo9y,43,"Libya rebels claim strike on regime officials: Rebels say rare RPG attack hit meeting in Tripoli attended by Gaddafi's son, intelligence chief and prime minister.",english.aljazeera.net,http://english.aljazeera.net/news/africa/2011/07/20117238472925170.html
2011-07-23,10:59:04,ixc82,35,"At least 80 people killed in Utøya massacre outside Oslo, Norway",translate.google.com,http://translate.google.com/translate?js=n&prev=_t&hl=en&ie=UTF-8&layout=2&eotf=1&sl=auto&tl=en&u=http%3A%2F%2Fwww.aftenposten.no%2Fnyheter%2Firiks%2Farticle4180985.ece
2011-07-23,09:30:35,ixad6,36,Anders Behring Breivik (32) arrested after Utøya shooting and explosions in Oslo (picture in article).,translate.google.com,http://translate.google.com/translate?js=n&prev=_t&hl=en&ie=UTF-8&layout=2&eotf=1&sl=auto&tl=en&u=http%3A%2F%2Fwww.vg.no%2Fnyheter%2Finnenriks%2Fartikkel.php%3Fartid%3D10080610&act=url
2011-07-23,11:21:36,ixcqc,31,"80 people now confirmed dead in Norway shooting, number expected to rise.",nrk.no,http://www.nrk.no/nyheter/norge/1.7723555
2011-07-24,02:36:43,ixrsi,30,"Britain's phone hacking scandal: for some, News of the World was not the only culprit",washingtonpost.com,http://www.washingtonpost.com/world/europe/britains-phone-hacking-scandal-for-some-news-of-the-world-was-not-the-only-culprit/2011/07/23/gIQAvXqvUI_story.html?wprss=rss_world
2011-07-23,23:42:08,ixnxy,24,First photos from Bullet Train crash in China,news.sina.com.cn,http://news.sina.com.cn/c/2011-07-23/215622864868.shtml
2011-07-24,01:42:18,ixqd6,25,Iran nuclear scientist assassinated,presstv.ir,http://www.presstv.ir/detail/190414.html
2011-07-24,03:18:16,ixss6,25,Belgium bans full facial veils in public. Offenders can receive fines and up to a week in jail.,bbc.co.uk,http://www.bbc.co.uk/go/rss/int/news/-/news/world-europe-14261921
2011-07-23,23:03:37,ixndh,26,British Scientists Have Secretly Created More Than 150 Human-Animal Hybrids,businessinsider.com,http://www.businessinsider.com/scientists-creating-human-animal-hybrid-embryos-2011-7
2011-07-24,06:49:54,ixxnk,20,"Taliban hang 8-year-old boy in Afghanistan
",channel6newsonline.com,http://channel6newsonline.com/2011/07/taliban-hang-8-year-old-boy-in-southern-afghanistan/
2011-07-23,11:37:39,ixd2q,19,"China makes nuclear power breakthrough: China said Friday it had hooked its first so-called ""fourth generation"" nuclear reactor to the grid, a breakthrough that could eventually reduce its reliance on uranium imports ",physorg.com,http://www.physorg.com/news/2011-07-china-nuclear-power-breakthrough.html
2011-07-23,09:38:47,ixaj3,21,"Mass Syrian protest against Assad regime adds to death toll: Hundreds of thousands demonstrate as security forces kill at least 11 people with president rumoured to call elections
",guardian.co.uk,http://www.guardian.co.uk/world/2011/jul/22/mass-syrian-protest-assad-deaths
2011-07-24,07:07:29,ixy1b,18,"A young Norwegian used her blog to describe being caught up in the Utoya massacre: "" Fear. I decided to get up. I had been lying on top of a dead body. Two dead bodies lay on me. I had a guardian angel.""",telegraph.co.uk,http://www.telegraph.co.uk/news/worldnews/europe/norway/8656963/Norway-shooting-politician-describes-witnessing-Utoya-massacre-on-her-blog.html
2011-07-24,00:17:16,ixoj7,16,Iran: Nuclear scientist 'shot dead' in Tehran,bbc.co.uk,http://www.bbc.co.uk/news/world-middle-east-14263126
2011-07-23,23:03:29,ixnd9,16,"Customers angry, staff defiant at China's fake Apple Store",reuters.com,http://www.reuters.com/article/2011/07/22/us-china-apple-fakestore-idUSTRE76L20U20110722
