2011-02-15,18:35:41,flr7n,1261,Italian PM Silvio Berlusconi to stand trial on charges of paying for sex with an underage girl and abuse of power.,bbc.co.uk,http://www.bbc.co.uk/news/world-europe-12083491
2011-02-15,13:51:00,flno9,594,"Wikileaks, Bank of America and Glenn Greenwald: ""It was the DOJ that recommended HB Gary to Bank of America. And their actions fit the DOJ's agenda to destroy WikiLeaks. The DOJ will conveniently look the other way.""",scienceblogs.com,http://scienceblogs.com/dispatches/2011/02/bank_of_america_and_glenn_gree.php
2011-02-15,21:21:51,flt0n,535,Defector admits to WMD lies that triggered Iraq war,guardian.co.uk,http://www.guardian.co.uk/world/2011/feb/15/defector-admits-wmd-lies-iraq-war?CMP=twt_gu
2011-02-16,04:37:18,fm25b,382,Bahraini Protestors take the main square!,msnbc.msn.com,http://www.msnbc.msn.com/id/41597335/ns/world_news-mideastn_africa/
2011-02-15,05:18:56,fldee,343,"In a case that has dragged on for nearly two decades, Chevron has been fined by an Ecuadorian court for dumping billions of gallons of toxic materials into the amazon",bbc.co.uk,http://www.bbc.co.uk/news/world-latin-america-12460333
2011-02-15,15:57:09,flpid,319,Dalai Lama's nephew killed on Florida walk for Tibet,guardian.co.uk,http://www.guardian.co.uk/world/2011/feb/15/dalai-lama-nephew-death-florida
2011-02-15,23:53:27,flvqc,180,"Egypt: Is The Revolution Being Co-Opted? - ""We still have the same cabinet appointed by Mubarak. The emergency state is still enforced. Old detainees are still in detention and new ones since the 25th of January remain missing. There is no public apology for the killings.""",antemedius.com,http://antemedius.com/content/egypt-revolution-being-co-opted
2011-02-15,20:54:54,flsp3,169,Yemenis Trying To Oust Leader Protest For 5th Day,npr.org,http://www.npr.org/templates/story/story.php?storyId=133176069
2011-02-15,03:23:46,flap6,148,The inside story of Egyptian soldiers refusing orders to massacre people in Tahrir Square,axisoflogic.com,http://axisoflogic.com/artman/publish/Article_62275.shtml
2011-02-15,21:04:41,flstf,138,"""Day of Rage"" protests across Iran, Algeria, Bahrain and Yemen. [Videos]",aolnews.com,http://www.aolnews.com/2011/02/14/day-of-rage-updates-from-iran-algeria-bahrain-and-yemen-vid/
2011-02-15,10:12:53,fljn1,135,"Emboldened by the successes in Tunisia and Egypt, Gabon's people took to the streets this weekend to demand the resignation of President Ali Bongo",csmonitor.com,http://www.csmonitor.com/World/Africa/Africa-Monitor/2011/0212/Now-that-Egypt-s-Mubarak-is-out-could-Gabon-s-Bongo-be-next
2011-02-16,04:07:32,fm1ix,116,"In Bahrain, protesters bridge Sunni-Shiite divide to challenge monarchy.",csmonitor.com,http://www.csmonitor.com/World/Middle-East/2011/0215/In-Bahrain-protesters-bridge-Sunni-Shiite-divide-to-challenge-monarchy
2011-02-15,19:06:42,flri4,83,"Bahraini police fire at protesters, at least 1 killed",english.aljazeera.net,http://english.aljazeera.net/news/middleeast/2011/02/201121571645551445.html
2011-02-15,13:57:44,flnsh,73,"Jordan: King's Bodyguards Shoot Protesters, not mentioned in the MSN news",hudson-ny.org,http://www.hudson-ny.org/1889/jordan-king-bodyguards-shoot-protesters
2011-02-15,16:19:14,flpr8,59,$2m drug submarine seized by Colombian navy,bbc.co.uk,http://www.bbc.co.uk/news/world-latin-america-12461089
2011-02-16,06:44:56,fm4up,57,"BBC News - FBI ""overstated"" evidence used in anthrax letters case",bbc.co.uk,http://www.bbc.co.uk/news/world-us-canada-12475920
2011-02-16,03:18:56,fm0g5,47,Unrest Grows in Bahrain as Police Kill a 2nd Protester ,nytimes.com,http://www.nytimes.com/2011/02/16/world/middleeast/16bahrain.html?_r=1&hp
2011-02-15,13:14:34,fln0h,49,King Tut Statues Stolen From Egypt Museum,news.discovery.com,http://news.discovery.com/archaeology/king-tut-statues-stolen-from-egypt-museum.html
2011-02-16,02:11:31,flyx4,46,"Another admitted liar on the ""Iraq had WMDs"" team. ""Janabi holds little regrets on what he did, admitting that he is comfortable despite the 100,000-person civilian death toll and thousands of soldiers killed.""",jpost.com,http://www.jpost.com/International/Article.aspx?id=208367
2011-02-16,04:04:47,fm1gx,43,According to eye witnesses - Saudi Armed forces go through King Fahad Bridge towards Bahrain.  (Link in Arabic).  This could get ugly for the protestors,rasid.com,http://www.rasid.com/artc.php?id=42877
2011-02-15,13:43:20,flnjr,40,"In Canada, 26 record labels have secretly filed a massive lawsuit against isoHunt, BEFORE the Canadian DMCA was introduced.",michaelgeist.ca,http://www.michaelgeist.ca/content/view/5636/135/
2011-02-15,14:47:32,flold,42,Argentina accuses US of trying to smuggle weapons into country,guardian.co.uk,http://www.guardian.co.uk/world/2011/feb/15/argentina-us-weapons-country
2011-02-15,15:21:07,flp2l,39,Hilary Clinton says she supports Iranian protestors: ,bbc.co.uk,http://www.bbc.co.uk/news/world-middle-east-12460170
2011-02-15,08:07:28,flh4o,39,"Beijing looks warily at Egypt uprising
",latimes.com,"http://www.latimes.com/news/nationworld/world/la-fg-china-egypt-20110213,0,3391862.story"
2011-02-15,08:53:17,fli20,34,Syria jails schoolgirl blogger for 5 years,af.reuters.com,http://af.reuters.com/article/tunisiaNews/idAFLDE71D26I20110214?pageNumber=1&virtualBrandChannel=0
2011-02-16,05:17:10,fm30m,36,"Egyptian Newspaper Elbashayer: sources said that Hosni Mubarak passed away this Tuesday, and that it will be revealed to the public later on tomorrow.",elbashayer.com,http://www.elbashayer.com/news-128813.html
2011-02-16,04:29:27,fm1ym,21,"Google CEO Says ""very, very proud"" of Egyptian Employee and protest-organizer Wael Ghonim",abcnews.go.com,http://abcnews.go.com/Technology/wireStory?id=12923112http://abcnews.go.com/Technology/wireStory?id=12923112
2011-02-16,04:12:27,fm1mo,17,"A string of small but persistent and violent protests in Yemen is putting fresh pressure on President Ali Abdullah Saleh, who only last week appeared to have outmaneuvered political opponents by dialing back popular unrest.",online.wsj.com,http://online.wsj.com/article/SB10001424052748704409004576146112503641854.html
2011-02-15,21:01:09,flsrw,16,Berlusconi ordered to stand trial: Italian PM is to go on trial over claims he paid for sex with an underage girl and abused his position to cover it up.,english.aljazeera.net,http://english.aljazeera.net/news/europe/2011/02/201121510218280935.html
2011-02-16,03:51:38,fm160,16,"The former IAEA chief reports that Iran's Ahmadinejad wanted direct nuclear talks with U.S. but was blocked
",haaretz.com,http://www.haaretz.com/news/international/former-iaea-chief-ahmadinejad-wanted-direct-nuclear-talks-with-u-s-1.343593
