2010-12-21,22:34:20,epc4r,1222,Reporters without borders to host mirror site of Wikileaks,journalism.co.uk,http://www.journalism.co.uk/news/reporters-without-borders-to-host-mirror-site-for-wikileaks/s2/a542061/
2010-12-21,09:26:40,ep2kz,1067,"Assange: ""Our technology means we don't know who is submitting us materials. But the name Bradley Manning was first heard by us when we read an article about his arrest in Wired magazine."" ",cbsnews.com,http://www.cbsnews.com/stories/2010/12/17/eveningnews/main7161070.shtml
2010-12-21,16:57:19,ep8oj,321,"When I was in Iraq, something happened to me that I can only explain by saying that I
lost my mind. At some point while I was in Iraq, I stopped seeing Iraqi's as good and
bad, as men, women, and children. I started seeing them all as one, and evil, and less
than human.",i.cdn.turner.com,http://i.cdn.turner.com/cnn/2009/images/05/28/statement.pdf
2010-12-21,10:04:53,ep34p,293,"Assange lost tooth, was housed with child killers in prison. WikiLeaks founder says he has enough material to make major US bank head resign",rawstory.com,http://www.rawstory.com/rs/2010/12/assange-child-killers-prison/?hl=en
2010-12-21,13:58:38,ep6go,291,Pope’s child porn 'normal' claim sparks outrage among victims,belfasttelegraph.co.uk,http://www.belfasttelegraph.co.uk/news/world-news/popersquos-child-porn-normal-claim-sparks-outrage-among-victims-15035449.html
2010-12-21,22:06:51,epbru,288,"Apple confirms its culture of censorship and joins Bank of America, Paypal, Mastercard, Visa, Amazon and others to be Boycotted! Freedom of Information prevails!",guardian.co.uk,http://www.guardian.co.uk/media/pda/2010/dec/21/apple-wikileaks-app
2010-12-21,21:20:47,epb8c,235, China bans English words in media. China's state press and publishing body said such words were sullying the purity of the Chinese language.,bbc.co.uk,http://www.bbc.co.uk/news/world-asia-pacific-12050067
2010-12-21,08:14:04,ep1hu,216,Wikileaks: US threatened ‘retaliation’ to bully EU into accepting biotech crops,rawstory.com,http://www.rawstory.com/rs/2010/12/us-retaliation-list-gm-crops-cablegate/
2010-12-21,21:59:11,epbo8,177,"UN drops 'sexual orientation' from protected minorites list: ""Even if those [Arab and African] countries do not support gay rights, you would think they would support our right not to be killed.""",americablog.com,http://www.americablog.com/2010/12/un-drops-sexual-orientation-from.html
2010-12-21,02:21:56,eovpe,152,Harry Potter actress was 'beaten and branded a prostitute by her family after dating man who was not a Muslim'  ,dailymail.co.uk,http://www.dailymail.co.uk/news/article-1340222/Harry-Potter-actress-beaten-branded-prostitute-family-dating-man-Muslim.html#ixzz18fWQXgdF
2010-12-22,06:02:25,epjvu,151,"WikiLeaks cables: Bangladeshi 'death squad' trained by UK government - Rapid Action Batallion, accused of hundreds of extra-judicial killings, received training from UK officers, cables reveal.
",guardian.co.uk,http://www.guardian.co.uk/world/2010/dec/21/wikileaks-cables-british-police-bangladesh-death-squad
2010-12-21,08:32:27,ep1sa,109,Israel's not so subtle ethnic cleansing:  Israel encourages building in settlements while refusing building permits in Palestinian areas.  This and other tricks have led to 31% of Palestinians being pushed out of some areas according to Human Rights Watch,juancole.com,http://www.juancole.com/2010/12/hrw-on-israeli-racial-discrimination-in-west-bank.html?tacos=hellyea
2010-12-22,02:11:18,epfut,105,Assange: People affiliated with Wikileaks have already been assassinated,rawstory.com,http://www.rawstory.com/rs/2010/12/assange-people-affiliated-organization-assassinated/
2010-12-21,18:29:12,ep9m0,72,RAcist rally in Israel against rending properties to Arabs spills over into rally about ethnic purity in everything... again,haaretz.com,http://www.haaretz.com/print-edition/news/bat-yam-residents-rightists-rally-to-protect-city-from-arab-suitors-1.331718
2010-12-21,07:35:38,ep0xe,62,"ABBAS Asked ISRAEL to attack Hamas, WikiLeaks cables show.",rawstory.com,http://www.rawstory.com/rs/2010/12/abbas-asked-israel-attack-hamas/
2010-12-22,02:02:52,epfp7,57,White phosphorus fired against human targets in broad daylight - Afghanistan,boston.com,http://www.boston.com/bigpicture/2010/12/afghanistan_november_2010.html?r#photo21
2010-12-22,00:46:10,epeaz,54,"Former German Chancellor Helmut Schmidt slams 'foolish' US pursuit of Wikileaks - “That seems like revenge and it is,” Schmidt told weekly Die Zeit’s magazine in an interview to be published Thursday.",thelocal.de,http://www.thelocal.de/national/20101221-31947.html
2010-12-21,12:06:56,ep4wa,58,"WikiLeak cables to Spanish newspaper El Pais confirm that the US bullies Spain into proposed controversial website blocking law, and unleashing the fury of Spanish Internet users",eff.org,https://www.eff.org/deeplinks/2010/12/not-so-gentle-persuasion-us-bullies-spain-proposed
2010-12-21,14:29:49,ep6wk,55,Israel orders ambassadors abroad to immediately begin public relations campaigns to combat increasing support and recognition of the Palestinian state by S. American and EU states,haaretz.com,http://www.haaretz.com/print-edition/news/jerusalem-scrambles-as-european-states-move-to-upgrade-ties-with-palestinians-1.331706
2010-12-21,11:08:57,ep429,42,"Assange on time in prison: lost tooth, was housed with child killers; police so concerned he would be assassinated they cut short a press conference after four minutes.",rawstory.com,http://www.rawstory.com/rs/2010/12/assange-child-killers-prison/
2010-12-21,23:21:10,epcuj,44,Vince Cable 'declares war' on Murdoch takeover in secret tapes,bbc.co.uk,http://www.bbc.co.uk/news/uk-politics-12053656
2010-12-22,01:43:01,epfby,42,Freedom of press just died in Hungary today,blogs.wsj.com,http://blogs.wsj.com/new-europe/2010/12/21/hungary-passes-controversial-media-law/
2010-12-21,04:30:43,eoxzq,33,Magnitude 6.3 earthquake hits southern Iran,reuters.com,http://www.reuters.com/article/idUSLDE6BJ1YJ20101220
2010-12-22,03:11:38,epgz7,32,UK Business Secretary Vince Cable stripped of responsibilities related to media and telecoms by PM David Cameron for daring to investigate Rupert Murdoch's News Corp,guardian.co.uk,http://www.guardian.co.uk/media/2010/dec/21/vince-cable-news-corp-bid
2010-12-21,14:27:06,ep6v6,26,"
Israeli security officials suggest promoting Arab integration as a means of stopping radicalization",haaretz.com,http://www.haaretz.com/news/national/shin-bet-integrating-arabs-into-israeli-society-might-stop-radicalization-1.331617#article_comments
2010-12-22,06:59:34,epku4,22,Spanish Congress shoots down law that would have allowed closing of copyright infringing sites.,elmundo.es,http://www.elmundo.es/elmundo/2010/12/21/navegante/1292966844.html
2010-12-22,04:00:28,ephu8,23,A magnitude 7.4 Quake near Japanese islands triggers tsunami warning,cnn.com,http://www.cnn.com/2010/WORLD/asiapcf/12/21/japan.earthquake/index.html?eref=mrss_igoogle_cnn
2010-12-21,09:11:32,ep2cv,20,"Iranian filmmaker sentenced to 7 years in prison, silenced and forbidden to make films for 20 years.",avclub.com,"http://www.avclub.com/articles/iranian-director-jafar-panahi-sentenced-to-six-yea,49281/?_r=true"
2010-12-22,01:03:33,epemn,17,Bat Yam rally: Death to Jewish women who date Arabs,ynetnews.com,"http://www.ynetnews.com/articles/0,7340,L-4002085,00.html"
2010-12-22,02:54:25,epgnh,17,Iranians reluctantly accept huge gasoline price rise as petrol price quadruples overnight,af.reuters.com,http://af.reuters.com/article/energyOilNews/idAFLDE6BI02Y20101219?sp=true
