2010-04-25,07:17:49,bvnsa,574,"The Radical ""Muslim"" Group That Threatened South Park Creators Was Founded and Run by Joseph Cohen, a Former Israeli Radical Who Used to Live in a Settlement in the West Bank ",willyloman.wordpress.com,http://willyloman.wordpress.com/2010/04/23/the-radical-muslim-group-the-threatened-south-park-creators-was-run-by-joseph-cohen-a-former-israeli-radical-who-used-to-live-in-a-settlement-in-the-west-bank/
2010-04-25,10:24:43,bvp58,367,Israelis shoot Maltese photographer as she films Gaza demonstration,mondoweiss.net,http://mondoweiss.net/2010/04/israelis-shoot-maltese-photographer-as-she-films-gaza-demonstration.html
2010-04-25,21:59:30,bvtp2,322,The rootless world of the super-rich.,telegraph.co.uk,http://www.telegraph.co.uk/culture/culturenews/3652957/The-rootless-world-of-the-super-rich.html
2010-04-26,05:55:04,bvy7d,158,Defense geeks: Free PDF of RAND's exhaustive 270 page study of 89 insurgencies and how they ended!,rand.org,http://www.rand.org/pubs/monographs/MG965/
2010-04-25,18:37:25,bvsgd,149,Lebanese to stage march for secularism,news.bbc.co.uk,http://news.bbc.co.uk/2/hi/middle_east/8642385.stm
2010-04-26,06:50:09,bvyq8,109,"China to build dam on Brahmaputra River - a river of extreme importance for agriculture, transportation and industry for millions in India and Bangladesh ",asianews.it,"http://www.asianews.it/news-en/China-builds-world%27s-highest-dam,-India-fears-water-theft-18230.html"
2010-04-25,22:29:44,bvtxh,97,"South Korea’s sunken warship 
- 
If North Korea did deliberately destroy a South Korean warship, what next?",economist.com,http://www.economist.com/world/asia/displayStory.cfm?story_id=15959459&source=features_box3
2010-04-25,21:43:46,bvtkn,56,"Young Arab women are undergoing ""hymenoplasty"" surgery to hide any sign of sexual activity before marriage which, if found out, they risk being ostracised or even murdered ",news.bbc.co.uk,http://news.bbc.co.uk/2/hi/middle_east/8641099.stm
2010-04-26,04:36:09,bvxft,50,"For nations living the good life, the party's over, IMF says",washingtonpost.com,http://www.washingtonpost.com/wp-dyn/content/article/2010/04/23/AR2010042305258.html
2010-04-25,17:45:23,bvs5r,43,Japanese island set for mass rally against US bases,france24.com,http://www.france24.com/en/20100425-japanese-island-set-mass-rally-against-us-bases
2010-04-25,03:51:47,bvm4a,36,PAKISTAN: A young Hindu girl is detained and forcibly converted by a Madrassa; police refuse to act,ahrchk.net,http://www.ahrchk.net/ua/mainfile.php/2010/3431/
2010-04-25,20:00:44,bvsx1,31,Afghanistan: drug addiction growing,humanrights-geneva.info,http://www.humanrights-geneva.info/spip.php?article7873
2010-04-26,06:05:05,bvyav,31,Breaking News:  Danish sex education to actually educate Danes about sex!,cphpost.dk,http://cphpost.dk/news/national/88-national/48800-sex-ed-classes-supplemented-with-orgasm-info.html
2010-04-25,22:31:57,bvtxz,28,"If they were crooks, wouldn't they be richer? 
Millions of poor Indians are considered criminal by tradition. Most are nothing of the sort",economist.com,http://www.economist.com/world/asia/displayStory.cfm?story_id=15955530&source=features_box1
2010-04-25,10:06:36,bvp0z,26,Never Seen Footage of the Mumbai Terrorist Attacks,metacafe.com,http://www.metacafe.com/watch/4487927/never_seen_footage_of_mumbai_attack/
2010-04-26,03:58:55,bvx1y,22,"Egyptian foreign minister calls Israel ""Enemy"" in Lebanon. Says Egypt will stand by Lebanon and Syria if they are attacked.",ynetnews.com,"http://www.ynetnews.com/articles/0,7340,L-3880665,00.html"
2010-04-26,02:20:44,bvw13,20,Afghan schoolgirls poisoned by Taliban?,msnbc.msn.com,http://www.msnbc.msn.com/id/36766873/ns/world_news-south_and_central_asia/
2010-04-26,04:18:29,bvx9h,23,"Demonstrators gather at rally in Okinawa, Japan, to protest against a US military air base on the island",english.aljazeera.net,http://english.aljazeera.net/news/asia-pacific/2010/04/201042554723575134.html
2010-04-25,14:51:29,bvr4b,19,UK's leading actors urge voters to protect licence fee and keep BBC safe ,guardian.co.uk,http://www.guardian.co.uk/media/2010/apr/25/stars-bid-voters-safeguard-bbc
2010-04-26,02:30:22,bvw4j,18,Lebanese march in Beirut to demand secularism,news.bbc.co.uk,http://news.bbc.co.uk/1/hi/world/middle_east/8642385.stm
2010-04-25,20:12:11,bvszg,14,New York: UN press corps revolts,humanrights-geneva.info,http://www.humanrights-geneva.info/spip.php?article7887
2010-04-25,21:37:44,bvtjc,15,Afghan spy chief: 'I told MI5 that prisoners were being tortured',guardian.co.uk,http://www.guardian.co.uk/world/2010/apr/25/afghan-mi5-prisoners-tortured
2010-04-26,02:10:34,bvvx6,14,Hamas security forces break up Gaza Strip`s first major hip-hop concert.,haaretz.com,http://www.haaretz.com/hasen/spages/1165205.html
2010-04-25,01:56:58,bvl0c,14,"Tony Blair, Very Close to being Indicted for War Crimes in Malaysia
",globalresearch.ca,http://www.globalresearch.ca/index.php?context=viewArticle&code=CHO20100424&articleId=18838
2010-04-25,17:52:13,bvs6x,14,Bangkok on the brink as peace offer spurned,independent.co.uk,http://www.independent.co.uk/news/world/asia/bangkok-on-the-brink-as-peace-offer-spurned-1953599.html
2010-04-25,23:07:01,bvu7h,10,The Chinese laboratories where scientists are already at work on the new 'meow meow'.,dailymail.co.uk,http://www.dailymail.co.uk/home/moslive/article-1267582/The-Chinese-laboratories-scientists-work-new-meow-meow.html
2010-04-25,19:53:39,bvsve,11,Sanctions on Iran's gasoline imports? That's war talk.,csmonitor.com,http://www.csmonitor.com/Commentary/the-monitors-view/2010/0423/Sanctions-on-Iran-s-gasoline-imports-That-s-war-talk
2010-04-25,18:11:36,bvsap,10,Indonesian Policemen barred from getting penis enlargements,reuters.com,http://www.reuters.com/article/idUSTRE63M3LF20100423
2010-04-25,09:23:58,bvopb,12,"British foreign office: During his visit to UK, Pope 
should open an abortion clinic, bless a gay 
marriage and launch a range of Benedict-branded 
condoms",guardian.co.uk,http://www.guardian.co.uk/world/2010/apr/25/pope-benedict-condom-gaffe
2010-04-25,09:31:56,bvorj,11,"BBC Headline: ""Duke of Edinburgh hurts ankle in Windsor as ponies bolt."" In other news, some scallywags knocked over a dustbin in Shaftsbury.",news.bbc.co.uk,http://news.bbc.co.uk/2/hi/uk_news/8641244.stm
