2010-10-31,01:29:47,dyr6b,762,"""Jon Stewart's ""Rally to Restore Sanity"" in Washington has sparked more than 1,160 mini-rallies in 84 countries, morphing into something of a global political happening.""",csmonitor.com,http://www.csmonitor.com/World/Global-Issues/2010/1029/Jon-Stewart-s-Rally-to-Restore-Sanity-energizes-expats-from-Paris-to-Prague
2010-10-31,20:41:14,dz1rp,367,Amazing Landslide - Brazil,youtube.com,http://www.youtube.com/watch?v=VJcJVxxAFvY&feature=player_embedded
2010-10-31,22:36:06,dz2r0,293,"In Quest for a 'Legal High,' Chemists Outfox the Law - Eye-opening report on ""laboratory-adept European entrepreneurs"" who make and sell synthetic recreational drugs, such as mephedrone, Nopaine. When governments ban a particular drug, makers just change the formula",online.wsj.com,http://online.wsj.com/article/SB10001424052748704763904575550200845267526.html
2010-10-31,22:06:21,dz2h8,220,"Vietnam has agreed to help supply Japan with rare earths, as Tokyo tries to reduce its dependence on China.
",bbc.co.uk,http://www.bbc.co.uk/news/world-asia-pacific-11661330
2010-10-31,04:50:42,dytk3,212,"India: A movement spreads to stop rape survivors from being subjected to the indignity of the ""finger test"".",globalpost.com,http://www.globalpost.com/dispatch/india/101029/rape-laws-health-finger-test-women
2010-10-31,10:04:27,dyx80,149,Yemen says UPS planes never take off or land in it,sabanews.net,http://www.sabanews.net/en/news227621.htm
2010-11-01,03:48:37,dz674,126,Iraqi Catholics saved from extremists by Muslim police force.,reuters.com,http://www.reuters.com/article/idUSLDE69U0HO20101031
2010-11-01,04:19:20,dz6kv,107,Only 2 survivors remain from Nazi camp Treblinka - They are believed to be the last two survivors of the most chillingly efficient killing machine of the Nazi Holocaust: the Treblinka extermination camp in occupied Poland.,statesman.com,http://www.statesman.com/news/nation/only-2-survivors-remain-from-nazi-camp-treblinka-1010833.html
2010-10-31,19:33:12,dz1cn,106,"New Zealand, Denmark and Singapore have the cleanest governments. Iraq and Afghanistan rank near rock-bottom out of 178 countries where nearly three-quarters of the countries surveyed showed serious corruption problems",ipsnews.net,http://ipsnews.net/news.asp?idnews=53340
2010-10-31,07:19:06,dyven,107,"Outcasts — inmates of the Black Eagle | Glimpse inside maximum-security Russian prison colony for murderers, in Sverdlovsk. Fantastic detail, colour, prisoners' stories. ""She was drunk, she started insulting me, and I poked a knife in her""",opendemocracy.net,http://www.opendemocracy.net/od-russia/ekaterina-loushnikova/outcasts-%E2%80%94-inmates-of-black-eagle
2010-10-31,17:51:05,dz0u1,92,"10-31-10 Updates: 449 Dead, 270 Injured, 96 Missing after 7.7 Earthquake,Tsunami, Two Volcano Eruptions, In Indonesia | Videos | Photos",current.com,http://current.com/news/92747748_updates-449-dead-270-injured-96-missing-after-7-7-earthquake-triggers-tsunami-followed-by-two-volcano-eruptions-in-indonesia-videos-photos.htm
2010-11-01,02:43:42,dz5hq,77,"""woman busted in Yemen for role in cargo plane bomb plot, was 'set up'""",nydailynews.com,http://www.nydailynews.com/news/world/2010/10/31/2010-10-31_hanan_al_samawi_yemen_woman_busted_in_mailbomb_plot_was_set_up_lawyer.html
2010-11-01,01:06:55,dz4co,71,"Life in Hell: Mogadishu mayor works amidst gunfire, struggles to remove garbage and provide lights to a city torn apart by war",globalpost.com,http://www.globalpost.com/dispatch/africa/101029/somalia-mayor-mogadishu
2010-10-31,18:10:53,dz0xu,39,Suicide bomber wounds 15 in Istanbul,guardian.co.uk,http://www.guardian.co.uk/world/feedarticle/9337366
2010-10-31,20:12:29,dz1lj,43,"Queen's English still rules: We say tomato... as does most of the world, says 10 year study",independent.co.uk,http://www.independent.co.uk/news/uk/this-britain/queens-english-still-rules-we-say-tomato-as-does-most-of-the-world-2121215.html
2010-10-31,06:59:21,dyv5u,39,"Top hacker retires; experts brace for his return - Anonymous Russia-based programer created malicious software used to steal $100m this year. He sold the spyware to criminal gangs, offered 24/7 support. Now he says he's retiring",reuters.com,http://www.reuters.com/article/idUSTRE69S54Q20101029?pageNumber=1
2010-10-31,11:32:12,dyy4d,35,"Supporting Palestinian rights on your campus may be labeled ""discrimination"" in the near future",muzzlewatch.com,http://www.muzzlewatch.com/2010/10/29/the-zionist-organization-of-americas-effort-to-criminalize-campus-activism-through-federal-civil-rights-legislation/?utm_source=feedburner&utm_medium=feed&utm_campaign=Feed%3A+Muzzlewatch+%28MuzzleWatch%29
2010-10-31,06:34:49,dyuw9,26,"Iran, Saudi Arabia expected to join new U.N. agency on women",latimes.com,"http://www.latimes.com/news/nationworld/world/la-fg-1031-rights-women-20101031,0,5279652.story"
2010-10-31,08:51:55,dywfo,18,Yemen Bomb Plot: Key Questions Raised,telegraph.co.uk,http://www.telegraph.co.uk/news/uknews/terrorism-in-the-uk/8099344/Yemen-bomb-plot-key-questions-raised.html
2010-10-31,08:06:50,dyvxx,21,"Mohammed al-Shaibah, Air Cargo Director for Yemenia Airways said to Yemen Post, “No UPS cargo plane left Yemeni lands over the land 48 hours. These accusations are false and baseless.”",prisonplanet.com,http://www.prisonplanet.com/suspicious-package-to-u-s-not-from-yemen-yemenia-air-cargo-director.html
2010-10-31,11:03:32,dyxu6,21,Rescue crews find 135 missing people after Indonesia quake - CNN.com,edition.cnn.com,http://edition.cnn.com/2010/WORLD/asiapcf/10/30/indonesia.tsunami/?hpt=T2
2010-10-31,09:23:54,dywsk,17,Flooding in Central and West Africa has killed over 300 people and displaced hundreds of thousands more.,allafrica.com,http://allafrica.com/stories/201010300003.html
2010-10-31,15:28:31,dz014,16,"The two sites ""are an integral part of the occupied Palestinian territories and that any unilateral action by the Israeli authorities is to be considered a violation of international law, the UNESCO Conventions and the United Nations and Security Council resolutions."" - UNESCO",haaretz.com,http://www.haaretz.com/news/diplomacy-defense/israel-slams-absurd-unesco-decision-on-jerusalem-west-bank-holy-sites-1.321868
2010-11-01,06:07:10,dz7w3,15,"Honduras: Return of Death Squads Killing Opposition Activists, and Teachers ",prensa-latina.cu,http://www.prensa-latina.cu/index.php?option=com_content&task=view&id=233289&Itemid=1
2010-11-01,06:33:07,dz86x,14,"Dilma Rousseff, Lula's successor, elected first female President of Brazil",nytimes.com,http://www.nytimes.com/reuters/2010/10/31/world/international-us-brazil-election.html
2010-10-31,17:18:15,dz0o2,13,"Haiti nine months after the quake: Poor tell West, ‘Nothing! Nothing! We’ve seen nothing!’",links.org.au,http://links.org.au/node/1969
2010-11-01,04:51:24,dz6xu,8,Trouble is brewing in Greenland!,uk.nanoq.gl,http://uk.nanoq.gl/Emner/News/News_from_Government/2010/10/corruption.aspx
2010-11-01,02:13:07,dz54x,8,WikiLeaks and the myth of a “Lebanonized” Hezbollah ,nowlebanon.com,http://www.nowlebanon.com/NewsArticleDetails.aspx?ID=211872
2010-10-31,22:19:27,dz2l9,9,Qatar Airways say parcel containing mail bomb found in Dubai traveled on 2 passenger planes ,newser.com,http://www.newser.com/article/d9j6lhn80/qatar-airways-say-parcel-containing-mail-bomb-found-in-dubai-traveled-on-2-passenger-planes.html
2010-10-31,21:19:28,dz21i,7,German far right emerges from shadows to join Cologne campaign against mosque ,guardian.co.uk,http://www.guardian.co.uk/world/2010/oct/31/cologne-mosque-german-far-right
