2010-08-12,06:36:29,d03qv,848,Big surprise: Pope decides priests who protect pedophiles should keep their jobs.,irishcentral.com,http://www.irishcentral.com/news/Pope-Benedict-rejects-Irish-bishops-resignation-100430894.html
2010-08-12,15:02:46,d08tv,416,"Yakuza 3 reviewed by Yakuza - Crime reporter invites three Japanese gangsters to rate new Yakuza video-game. ""I like that you can grab ashtrays or billboards and beat the crap out of the punks bothering you""",boingboing.net,http://www.boingboing.net/2010/08/10/yakuza-3-review.html#more
2010-08-12,22:24:38,d0cme,145,"
Top-Earning Sportsman Of All Time - 
And it's not Tiger Woods. A Lusitanian Spaniard named Gaius Appuleius Diocles earned the equivalent of $15bn in the course of a 24-year career as chariot-racer in ancient Rome
",laphamsquarterly.org,http://www.laphamsquarterly.org/roundtable/roundtable/greatest-of-all-time.php
2010-08-12,03:27:44,d0177,91,"Russia: In a new twist to the situation, officials have confirmed that some forests that were contaminated with radiation from the Chernobyl nuclear disaster have now burned (w/pics from Boston Big Picture)",boston.com,http://www.boston.com/bigpicture/2010/08/continuing_russian_wildfires.html
2010-08-13,00:03:51,d0dxa,69,Ecuador hit by 6.9-magnitude earthquake,bbc.co.uk,http://www.bbc.co.uk/news/world-latin-america-10954788
2010-08-12,12:49:34,d07hs,40,The deadly fires have exposed a key problem in today's Russia: No one knows what's going on.,slate.com,http://www.slate.com/id/2263423/?from=rss
2010-08-12,10:57:29,d06dm,39,"How a Nigerian criminal created an empire, cost Shell $30 Billion and changed the game of insurgency worldwide",globalguerrillas.typepad.com,http://globalguerrillas.typepad.com/globalguerrillas/2008/02/henry-okah.html
2010-08-12,21:39:39,d0c4v,32,Car bombers again stalk Belfast as a new breed of anti-British republicans is acting to reignite tensions in Northern Ireland,globalpost.com,http://www.globalpost.com/dispatch/ireland/100811/ira-politics
2010-08-12,23:38:21,d0dkl,27,"Rare 2,200-year-old gold coin found in Israel",cnn.com,http://www.cnn.com/2010/WORLD/meast/08/12/israel.rare.coin/index.html?hpt=C2
2010-08-12,12:38:39,d07d4,27,Almost half [China's] doctors have no better than a high school degree... Many village doctors did not make it past junior high school.,nytimes.com,http://www.nytimes.com/2010/08/12/world/asia/12hospital.html?ref=global-home
2010-08-12,16:55:28,d09tt,24,Vietnam to observe 2nd annual Agent Orange Day,vietnamreportingproject.org,http://www.vietnamreportingproject.org/blog/vietnam-observe-2nd-annual-agent-orange-day
2010-08-12,23:36:02,d0djh,22,Shocking Images of Dead Kurdish Fighters: Turkey Accused of Using Chemical Weapons against PKK,spiegel.de,"http://www.spiegel.de/international/world/0,1518,711536,00.html"
2010-08-12,13:03:45,d07ns,23,Doctors brace for more cases as Indian superbug hits Canada,theglobeandmail.com,http://www.theglobeandmail.com/life/health/superbug-from-india-found-in-canada/article1669006
2010-08-12,21:57:23,d0cc0,20,"China's air defense system will be impregnable to regional air forces, and mostly impregnable to US naval air power. The only US Air Force B-2A Spirit and F-22 Raptor aircraft will be capable of penetrating a post-2015 PLA air defense network.",the-diplomat.com,http://the-diplomat.com/2010/08/11/china%E2%80%99s-eyes-in-the-skies/#
2010-08-12,14:34:25,d08jc,22,Kim Jong-il cleans house - The Globe and Mail,theglobeandmail.com,http://www.theglobeandmail.com/news/opinions/kim-jong-il-cleans-house/article1668448/
2010-08-12,17:18:56,d0a1j,23,Chinese Hospitals Are Battlegrounds of Discontent,nytimes.com,http://www.nytimes.com/2010/08/12/world/asia/12hospital.html?_r=1&partner=rss&emc=rss
2010-08-12,05:34:36,d02yq,16,What Happens If (When) Israel Bombs Iran,outsidethebeltway.com,http://www.outsidethebeltway.com/what-happens-if-when-israel-bombs-iran/
2010-08-12,19:38:15,d0b2s,16,Israeli terrorist suspected of Palestinian killings 'freed',google.com,http://www.google.com/hostednews/afp/article/ALeqM5gQlWDEYOc6okfNliEt-jedXpmvaw
2010-08-13,03:14:31,d0gh7,15," Sanctions helping Tehran, says top dissident ",smh.com.au,http://www.smh.com.au/world/sanctions-helping-tehran-says-top-dissident-20100812-121ke.html
2010-08-12,14:17:11,d08dq,11,Do not be alarmed if South Africans announce that they were held up by robots.,visitbritain.org,http://www.visitbritain.org/mediaroom/pressreleases/welcome.aspx
2010-08-13,01:27:48,d0f1d,12,"With Washington determined to stick to its timetable for a pullout, an Iraqi general has called into question whether his troops are ready to defend Iraq against a stubborn insurgency and external threats.",reuters.com,http://www.reuters.com/article/idUSTRE67B3LS20100812
2010-08-13,07:49:02,d0k0n,10,Moscow 'hiding heatstroke cases' after death rate jumps,bbc.co.uk,http://www.bbc.co.uk/news/world-europe-10959046
2010-08-12,22:31:10,d0cp8,10,"Colombia - Car bomb explodes in Bogotá in front of private radio station, injuring nine.",bbc.co.uk,http://www.bbc.co.uk/news/world-latin-america-10953545
2010-08-13,01:32:23,d0f3d,11,India rejects UK scientists' 'superbug' claim: Is this just another game by the medical tourism industry?,bbc.co.uk,http://www.bbc.co.uk/news/world-south-asia-10954890
2010-08-12,11:20:08,d06la,10,Lord's Resistance Army rebel group is abducting civilians in central Africa and forcing them to join,bbc.co.uk,http://www.bbc.co.uk/news/world-africa-10947791
2010-08-13,05:11:11,d0i1o,8,Huge Oil Deposit Discovered in Northern Afghanistan,tolonews.com,http://www.tolonews.com/en/afghanistan/278-huge-oil-deposit-discovered-in-northern-afghanistan
2010-08-13,04:41:20,d0hmo,9,"""Billionaire Blingmobiles"" (The term the British Media uset to refer to Abu Dhabi billionaires and their supercars) torment London neighborhoods late at night",thecarconnection.com,http://www.thecarconnection.com/marty-blog/1048171_middle-eastern-supercar-hoodlums
2010-08-12,09:58:16,d05t5,7,UN tribunal investigating the murder of Lebanon's former PM has called for the submission of evidence that might implicate Israel in the killing.,english.aljazeera.net,http://english.aljazeera.net/news/middleeast/2010/08/201081182021140457.html
2010-08-12,11:45:43,d06u8,6,Scientists find new superbug spreading from India,reuters.com,http://www.reuters.com/article/idUSTRE67A0YU20100811?utm_source=feedburner&utm_medium=feed&utm_campaign=Feed%3A+reuters%2FtopNews+%28News+%2F+US+%2F+Top+News%29&utm_content=Google+Reader
2010-08-12,18:39:10,d0alv,6,Russian master carder BadB arrested in France - check out his home-made promotional video.,wired.com,http://www.wired.com/threatlevel/2010/08/badb/
