2010-08-03,05:49:24,cwk08,812,"Hey reddit, just a reminder: as of this weekend, Iran has now imprisoned three hikers for a year to use as international political bargaining chips. It's unjust, and no one seems to care anymore. I don't really know how to help them, but here's their story.",kstp.com,http://kstp.com/article/stories/S1677545.shtml?cat=0
2010-08-03,02:56:08,cwhlq,461,ISRAEL will expel 400 native-born children of non-Jewish foreign workers to help safeguard the country's Jewish identity.,theage.com.au,http://www.theage.com.au/world/israel-to-expel-400-children-20100802-1139p.html
2010-08-03,17:32:36,cwr6y,383,"Germany’s constitutional court in Karlsruhe ruled on Tuesday that the law denying unwed fathers custody rights to their children without the mother’s permission is unconstitutional, opening the way for automatic dual custody.",thelocal.de,http://www.thelocal.de/national/20100803-28909.html
2010-08-03,19:28:20,cws40,127,"Israel, Lebanon forces exchange fire on border",haaretz.com,http://www.haaretz.com/news/diplomacy-defense/report-idf-lebanon-forces-exchange-fire-on-northern-border-1.305734
2010-08-03,20:36:43,cwsop,113,"South Africa's former police commissioner, the former head of interpol, has been sentenced to 15 years imprisonment.",news.iafrica.com,http://news.iafrica.com/sa/2564620.htm
2010-08-03,21:49:42,cwtel,89,"Christopher Hitchens: I know Hugo Chavez and, yes, he’s truly insane	",slate.com,http://www.slate.com/id/2262520/pagenum/all/
2010-08-03,22:45:06,cwu0w,74,Mexico's Drug Cartels Use Force To Silence Media,npr.org,http://www.npr.org/templates/story/story.php?storyId=128929784
2010-08-04,00:49:15,cwvmu,56,"Ayatollah Ali Khamenei: ""Although music is halal, promoting and teaching it is not compatible with the highest values of the sacred regime of the Islamic Republic.""",guardian.co.uk,http://www.guardian.co.uk/world/2010/aug/02/iran-supreme-leader-music-islam
2010-08-03,18:16:01,cwrj6,48,"Mongolian neo-Nazis: Anti-Chinese sentiment fuels rise of ultra-nationalism - Alarm sounds over rise of extreme groups such as Tsagaan Khass who respect Hitler and reject foreign influence
",guardian.co.uk,http://www.guardian.co.uk/world/2010/aug/02/mongolia-far-right?=shamelessrepost
2010-08-04,07:34:23,cx0u5,35,"Mexican government allows marriage between gay couples in Mexico City, and they are about to allow adoption to them!",eluniversal.com.mx,http://www.eluniversal.com.mx/notas/699392.html
2010-08-03,22:31:13,cwtvd,37,Iran says the Brazilian president did not have enough information when he offered refuge to an Iranian woman sentenced to death by stoning.,bbc.co.uk,http://www.bbc.co.uk/news/world-latin-america-10854204
2010-08-04,03:37:53,cwxzg,33,Wheat prices have doubled over the last two months. Experts predict that bread prices may skyrocket as a result causing another food crisis.,irinnews.org,http://www.irinnews.org/Report.aspx?ReportId=90055
2010-08-03,20:20:42,cwsjn,30,Israel-Lebanon troops exchange fire.,english.aljazeera.net,http://english.aljazeera.net/news/middleeast/2010/08/20108310240207599.html??
2010-08-03,22:40:33,cwtyy,29,Jordan: Proof that rockets fired from Egypt ,hosted.ap.org,http://hosted.ap.org/dynamic/stories/M/ML_JORDAN_ISRAEL_EXPLOSION?SITE=AP&SECTION=HOME&TEMPLATE=DEFAULT
2010-08-03,20:37:01,cwsou,22,It's Time for Germany to Change Its Immigration Laws,spiegel.de,"http://www.spiegel.de/international/business/0,1518,709916,00.html"
2010-08-03,20:31:40,cwsn0,23,"Russian rapper jailed for insulting police - ""Forget it, swallow it, be silent""",irishtimes.com,http://www.irishtimes.com/newspaper/breaking/2010/0803/breaking26.html
2010-08-04,04:28:47,cwyos,23,How does stoning work in Iran? - By Christopher Beam - Slate Magazine,slate.com,http://www.slate.com/id/2262540/
2010-08-04,00:39:28,cwvij,22,Germany gave hit list to secret US unit,rawstory.com,http://rawstory.com/rs/2010/0803/germany-gave-assassination-list-secret-unit/
2010-08-04,01:39:03,cwwcx,19,"British city wants to buy all its councilors an iPad, claiming it will save around £90,000.  Here's the kicker.  The council plans to axe 1,000 jobs if it can't find £100mil to slash by 2015.",bbc.co.uk,http://www.bbc.co.uk/news/uk-england-leicestershire-10855348
2010-08-03,17:47:34,cwrbc,21,"Hamas denies any involvement with the rocket attacks that struck near Eilat, the Red Sea, and Jordan Monday, killing a Jordanian and wounding three more at the Intercontinental Hotel in Aqaba",jpost.com,http://www.jpost.com/Israel/Article.aspx?id=183476&reddit=wn
2010-08-03,23:20:38,cwuhb,16,"Geert Wilders, whose anti-immigration party doubled its vote in June's elections, is set to play a key role in the new government. His party is to join the Netherland's first minority coalition since World War II.",dw-world.de,"http://www.dw-world.de/dw/article/0,,5858573,00.html"
2010-08-03,12:26:20,cwods,15,Price for a potential Israeli strike on Iran? A Palestinian state. ,csmonitor.com,http://www.csmonitor.com/Commentary/Opinion/2010/0802/Price-for-a-potential-Israeli-strike-on-Iran-A-Palestinian-state
2010-08-03,16:54:00,cwqw9,15,"In a bid to increase revenues, the Greek authorities are employing all kinds of clever tricks to crack down on tax cheats, including using Google Earth to find undeclared swimming pools. But efforts by the government to liberalize markets could unleash a wave of civil unrest.",spiegel.de,"http://www.spiegel.de/international/europe/0,1518,709703,00.html"
2010-08-03,22:23:40,cwts4,9,"Bubonic plague breaks out in Peru.  1 dead, 31 infected. ",sfgate.com,http://www.sfgate.com/cgi-bin/article.cgi?f=/n/a/2010/08/02/international/i151615D95.DTL
2010-08-04,04:39:59,cwyun,8,If We Cared About The Women And Children Of The World: ...It would be far better to spend $100 billion per year granting them political asylum and paying for their transport and relocation to the US than invading their countries and caressing them with our freedom bombs.,bradblog.com,http://www.bradblog.com/?p=7970
2010-08-03,10:22:10,cwn1l,8,Sanctions Give China an Advantage in Iran Chinese analysts predict a wealth of new geopolitical and business opportunities with Iran.,patriotforums.net,http://patriotforums.net/index.php?topic=628.0
2010-08-04,00:00:45,cwuz8,8,2 IDF soldiers wounded; 4 Lebanese dead in border clashes,jpost.com,http://www.jpost.com/Israel/Article.aspx?id=183525&reddit=wn
2010-08-03,23:40:10,cwuq8,6,BBC News - Deadly Israel-Lebanon border clash - Three Lebanese soldiers and a reporter killed,bbc.co.uk,http://www.bbc.co.uk/news/world-middle-east-10851692
2010-08-04,01:03:23,cwvty,6,Outraged Web users come to the rescue of humiliated Chinese prostitutes ,observers.france24.com,http://observers.france24.com/en/content/20100802-web-comes-rescue-humiliated-prostitutes-china-paraded-shame
2010-08-03,17:45:13,cwrao,5,The dichotomy of Wikileaks,abc.net.au,http://www.abc.net.au/unleashed/stories/s2972261.htm
