2010-01-05,09:39:35,allan,1144,New airport scanners break child porn laws,guardian.co.uk,http://www.guardian.co.uk/politics/2010/jan/04/new-scanners-child-porn-laws
2010-01-05,19:49:07,alr4g,300,The president of Iceland refuses to sign a legislation to reimbuse nearly $5.7bn lost by British and Dutch savers in the failed Icelandic banks.,nytimes.com,http://www.nytimes.com/reuters/2010/01/05/business/business-us-iceland-icesave.html
2010-01-06,03:13:24,alwjg,224,"87% are illiterate, 1 in 3 experience physical, psychological or sexual violence, 44 yrs is the average life expectancy rate, 70 - 80% face forced marriages... Afghan women",afghan-web.com,http://www.afghan-web.com/woman/
2010-01-06,01:27:17,alv57,175,"Russia follows the EU in rejecting US poultry imports because of chlorine washing, and may not allow a current 30,000 tonne import into the country. That's a lot of meat.",reuters.com,http://www.reuters.com/article/idUSTRE5BU3MH20091231
2010-01-05,22:27:34,alssx,165,Teenager who killed his girlfriend by dousing her in petrol and setting her alight has been sentenced to at least 21 years behind bars,news.bbc.co.uk,http://news.bbc.co.uk/1/hi/scotland/tayside_and_central/8441100.stm
2010-01-05,12:25:32,almwf,78,Sweden allows wolf hunting after 45 year because having 237 wolves in the entire nation is a few too many,treehugger.com,http://www.treehugger.com/files/2010/01/sweden-allows-wolf-hunting-after-45-year-ban.php
2010-01-06,05:10:46,alxy0,75,BBC News staff photographer accosted by police for... taking a picture... of a sunset... at one of Londons biggest tourist attractions. Bloody cretins.,news.bbc.co.uk,http://news.bbc.co.uk/1/hi/uk_politics/8384972.stm
2010-01-06,02:18:03,alvtn,70,"Another New Year’s Eve, another round of car torchings in France. And another wave of reader complaints that we don’t brand these arsonists as Muslims. What echoes through these comments is the force of conviction without proof.",blogs.reuters.com,http://blogs.reuters.com/faithworld/2010/01/05/were-they-french-or-muslims-torching-cars-on-new-years-eve/
2010-01-06,00:32:21,aludo,64,Why Are We So Blind to the True Horrors of War?,alternet.org,http://www.alternet.org/world/144929/why_are_we_so_blind_to_the_true_horrors_of_war?page=entire
2010-01-05,13:25:48,alnix,61,"she was pinned down in a guava orchard and raped by a farmhand who wanted to cure her of her attraction to girls. She said that she was impregnated and infected with H.I.V., but that her grandmother’s reaction was simply, “ ‘You are too stubborn.’ ”",nytimes.com,http://www.nytimes.com/2010/01/04/world/africa/04uganda.html?nutty=xians
2010-01-05,11:21:39,alm92,52,"Canada Goes After Yes Men For Copenhagen Parody, Knocks Out 4500 Websites",treehugger.com,http://www.treehugger.com/files/2010/01/canada-goes-after-yes-men.php?campaign=th_rss_science
2010-01-05,16:21:36,alpby,47,Israel okays four new Jewish residences in East Jerusalem funded by an American millionaire.,haaretz.com,http://haaretz.com/hasen/spages/1140057.html
2010-01-05,02:16:43,algr1,52,"Burma to hold first elections in 20 years, Burmese told by dictator to make ""correct choices."" The last election was ruled ""invalid"" after the military overwhelmingly lost.",guardian.co.uk,http://www.guardian.co.uk/world/2010/jan/04/burma-calls-election
2010-01-05,12:38:00,aln0m,52,Shell is embroiled in major row with World Bank and green energy companies for refusing to honour warranties on solar power systems sold to Sri Lanka,guardian.co.uk,http://www.guardian.co.uk/business/2010/jan/03/shell-sri-lanka-solar-warranty-row
2010-01-05,19:15:07,alqtb,47,Icelandic president refuses to sign bill approved by congress about paying back IceSave account holders in Britain and Holland. The bill will now be subject to a national vote.,self.worldnews,https://www.reddit.com/r/worldnews/comments/alqtb/icelandic_president_refuses_to_sign_bill_approved/
2010-01-06,03:59:22,alx2o,37,"Iran bans contact with foreign organisations, including the BBC ",guardian.co.uk,http://www.guardian.co.uk/world/2010/jan/05/iran-bans-contacts-foreign-organisations
2010-01-05,10:03:21,allie,38,"Photographs of Afghan children - no matter where in the world, kids are just kids",slate.com,http://www.slate.com/id/2238283/
2010-01-06,00:40:59,aluhy,32,Italy class-action suit planned against Microsoft seeking compensation for Windows software pre-installed on computers for people who did not want it.,reuters.com,http://www.reuters.com/article/idCNLDE6041GJ20100105
2010-01-05,10:38:12,allua,23,"CIA Blast Blamed on Double Agent """"It looks like an al Qaeda double agent... It's very sophisticated for a terrorist group that's supposedly on the run.""",online.wsj.com,http://online.wsj.com/article/SB126264256099215443.html?mod=WSJ_hpp_sections_world
2010-01-06,00:56:35,alupt,22,"""Russia has completed a new oil pipeline and port complex that sets Russia up to become a more powerful oil exporter than Saudi Arabia. The ramifications for Europe and Asia are profound: The shape of the global economy—and the global balance of power—will be altered forever.""",thetrumpet.com,http://www.thetrumpet.com/index.php?q=6872.5382.0.0
2010-01-06,04:46:24,alxmz,19,Magazine Report Angers Politicians: Did the CIA Plot to Kill German Citizen?,spiegel.de,"http://www.spiegel.de/international/germany/0,1518,670196,00.html"
2010-01-06,02:37:51,alw3n,19,Gulf countries face water shortages. The region's rapid population growth and accelerated socio-economic development have increases water demands from less than 5 billion cubic metres in 1970 to more than 32 in 2005.,zawya.com,http://www.zawya.com/Story.cfm/sidZAWYA20091231040750/Gulf%20Eco%202010%20Symposium%20to%20focus%20on%20GCC%27s%20sustainable%20water%20resources
2010-01-05,23:51:28,altu6,15,"Bolivia refuses to be U.S. slave: VP
",news.xinhuanet.com,http://news.xinhuanet.com/english/2010-01/05/content_12757492.htm
2010-01-06,02:36:56,alw38,15,Even Al Jazeera Sees It Coming,blog.thomashardman.com,http://blog.thomashardman.com/2009/12/even-al-jazeera-sees-it-coming.html
2010-01-06,01:16:09,aluzt,13,Slovakian security forces use unsuspecting civilian to carry explosives on international flight. Poor bugger gets arrested in another country!,rte.ie,http://www.rte.ie/news/2010/0105/dorset.html
2010-01-06,06:43:13,alyyf,14,Iranian diplomat in Norway resigns in protest of the treatment of demonstrators (google translate),translate.google.com,http://translate.google.com/translate?js=y&prev=_t&hl=no&ie=UTF-8&layout=1&eotf=1&u=http%3A%2F%2Fwww.nrk.no%2Fnyheter%2Fverden%2F1.6932825&sl=no&tl=en
2010-01-05,00:37:19,alfi3,13,The Muslim couples are expected to be charged with the offence of close proximity,news.bbc.co.uk,http://news.bbc.co.uk/2/hi/asia-pacific/8439899.stm
2010-01-05,22:24:02,alsrb,8,So now if you repeatedly insult your wife or husband you can find yourself in court under the charge of 'psychological violence' (France) ,news.bbc.co.uk,http://news.bbc.co.uk/1/hi/world/europe/8440199.stm
2010-01-05,11:02:08,alm2i,8,5 American terror suspects appear in Pakistan court,cnn.com,http://www.cnn.com/2010/WORLD/asiapcf/01/04/pakistan.terror.charges/index.html
2010-01-05,10:49:59,allye,5,Source: Jordanian double-agent killed 7 CIA officers in suicide blast,cnn.com,http://www.cnn.com/2010/US/01/04/bombing.cia/index.html
