2010-02-24,18:23:14,b5uti,3028,"Italian thugs upload youtube video showing them beating up an autistic kid. Youtube takes video down within hours. 4 google employees charged, 3 found guilty. WTF?!",googleblog.blogspot.com,http://googleblog.blogspot.com/2010/02/serious-threat-to-web-in-italy.html?utm_source=feedburner&utm_medium=feed&utm_campaign=Feed%3A+blogspot%2FMKuf+%28Official+Google+Blog%29&utm_content=Google+Reader
2010-02-25,04:31:56,b62rd,142,"Spain has approved a sweeping new law that eases restrictions on abortion, declaring the practice a woman's right and doing away with the threat of imprisonment, in part of a drive toward liberal policies that has angered conservatives and the Catholic Church.",buffalonews.com,http://www.buffalonews.com/2010/02/24/967728/spanish-senate-approves-new-abortion.html
2010-02-24,12:17:48,b5qwg,100,Rupert Murdoch's media giant News International could face a judicial inquiry after a highly critical parliamentary report today accuses senior executives of concealing the truth about the extent of illegal phone hacking by its journalists,guardian.co.uk,http://www.guardian.co.uk/media/2010/feb/24/phone-hacking-scandal-mps-report
2010-02-24,21:21:44,b5wjv,45,"The son of one of Hamas' founders served as a top informant for Israel for more than a decade, providing top-secret intelligence that helped prevent dozens of suicide bombings and other attacks against Israelis",news.yahoo.com,http://news.yahoo.com/s/ap/20100224/ap_on_re_mi_ea/ml_israel_hamas_spy
2010-02-24,23:28:55,b5y9x,42,"Russia will not support ""crippling"" sanctions against Iran, including any that may be slapped on the Islamic Republic's banking or energy sectors",reuters.com,http://www.reuters.com/article/idUSTRE61N3AU20100224
2010-02-24,08:25:13,b5ok1,41,Afghan President Karzai Approves Removal of Foreign Observers from Electoral Watch Panel That Exposed Massive Fraud in Last Election,rebelnews.org,http://www.rebelnews.org/politics/asia-pacific/189835-karzai-acts-to-remove-foreign-election-observers
2010-02-24,14:53:21,b5spy,33,"International Intellectual Property Alliance is 
putting countries on a piracy watchlist because they 
use open source software",guardian.co.uk,http://www.guardian.co.uk/technology/blog/2010/feb/23/opensource-intellectual-property
2010-02-24,10:13:14,b5plk,31,Haaretz exclusive: Hamas founder's son worked for Shin Bet for years  ,haaretz.com,http://www.haaretz.com/hasen/spages/1151941.html
2010-02-24,14:17:13,b5sag,30,I don't want my fourteen-year-old learning about Napoleon as he's too young to invade Italy,independent.co.uk,http://www.independent.co.uk/opinion/commentators/mark-steel/mark-steel-you-can-teach-birth-control-but-youll-end-in-hell-if-you-do-it-1908334.html
2010-02-25,01:53:52,b60l7,29,Greek row with Germany over debt turns nasty as Mayor of Athens demands 70 billion in World War II reparations,thelocal.de,http://www.thelocal.de/politics/20100224-25487.html
2010-02-24,08:33:42,b5omy,25,Iran arrests Jundullah terror group leader Abdolmalek Rigi - allege he was returning from an American base in Afghanistan,telegraph.co.uk,http://www.telegraph.co.uk/news/worldnews/middleeast/iran/7300767/Iran-arrests-most-wanted-man-after-police-board-civilian-flight.html
2010-02-24,11:04:29,b5q4f,27,"""Israel has a publicly-stated policy of violating the sovereignty of any and all countries in order to kill or abduct its opponents.""",dissidentvoice.org,http://dissidentvoice.org/2010/02/mossad%e2%80%99s-murderous-reach-the-larger-political-issues/
2010-02-25,06:15:19,b63zp,23,The US deliberately enticed the Soviet Union into invading Afghanistan in 1979. (Interview excerpt from 1998; link to original interview unavailable as near as I can tell) ,j-bradford-delong.net,http://www.j-bradford-delong.net/Active_Clippings/brzezinsky_muj.html
2010-02-25,01:42:19,b60f7,18,"Royal Bank of Scotland set to announce £5bn loss. That's just great, we bailed them out",news.bbc.co.uk,http://news.bbc.co.uk/1/hi/business/8534694.stm
2010-02-25,02:40:59,b61a2,17,Dubai identifies 15 new suspects in Hamas killing,news.bbc.co.uk,http://news.bbc.co.uk/2/hi/8534303.stm
2010-02-24,21:24:10,b5wkm,14,Six more British passports used in Dubai assassination of Mahmoud al-Mabhouh,timesonline.co.uk,http://www.timesonline.co.uk/tol/news/world/middle_east/article7039272.ece
2010-02-24,22:51:26,b5xqb,12,Israel's 'miracle' anti-rocket defense plan raises anxieties,latimes.com,"http://www.latimes.com/news/nation-and-world/la-fg-iron-dome24-2010feb24,0,4619774.story"
2010-02-24,22:17:17,b5x9s,12,Top Turkish officers charged over 'coup plot' after more than 40 officers were arrested on Monday in the continuing power struggle between the Turkish government and military. (4 coups since 1960),news.bbc.co.uk,http://news.bbc.co.uk/2/hi/in_depth/8531486.stm
2010-02-24,22:54:17,b5xrv,11,Jailed Cuban dissident dies after prolonged hunger strike,cnn.com,http://www.cnn.com/2010/WORLD/americas/02/23/cuba.dissident/index.html?hpt=Sbin
2010-02-24,09:54:18,b5pdx,14,Australia to face-scan visitors from 'terror-risk' countries,google.com,http://www.google.com/hostednews/afp/article/ALeqM5h7FYLqi2gsDEWEOIOoGGHU0mRAUg
2010-02-24,17:40:26,b5ud8,12,"Iran Says Capture of Rebel Is Blow to U.S. (Actually, they said terrorist)",nytimes.com,http://www.nytimes.com/2010/02/24/world/middleeast/24insurgent.html
2010-02-25,00:10:30,b5yyp,11,Putin warns power utilities controlled by four billionaires they face fines unless investment commitments are met,bloomberg.com,http://www.bloomberg.com/apps/news?pid=20601072&sid=ayle_3G.u0zY
2010-02-24,22:49:47,b5xpg,12,China imposes new rules for personal websites. Applicants will have to verify their identities with regulators and have their photographs taken. A government ministry will review the requests,latimes.com,"http://www.latimes.com/business/la-fi-china-internet25-2010feb25,0,1247575.story"
2010-02-24,13:30:00,b5rp7,13,UN: Aboriginal program violates human rights,news.yahoo.com,http://news.yahoo.com/s/ap/20100224/ap_on_re_as/as_australia_aborigines
2010-02-25,04:25:34,b62no,13,"Twelve officers charged over Turkey coup plot
",reuters.com,http://www.reuters.com/article/idUSTRE61N5J820100224
2010-02-25,01:24:42,b604s,11,Credit cards implicate Mossad in Dubai hit,reuters.com,http://www.reuters.com/article/idUSTRE61J14O20100220?loomia_ow=t0:s0:a49:g43:r1:c0.152364:b31048558:z0
2010-02-24,22:13:23,b5x7x,7,"Dubai identifies 15 new suspects in Hamas killing,bringing the total number of people believed involved in the death to 26. Damn Israel, how many people does it take to kill a dude?",reuters.com,http://www.reuters.com/article/idUSTRE61N2WX20100224
2010-02-24,09:42:36,b5p98,10,"Report: Canadian women's rights in decline due to ""elimination of funding for advocacy groups, the scrapping of a national child-care program and a widening wage gap between men and women""",thestar.com,http://www.thestar.com/news/canada/article/769954--canadian-women-s-rights-in-decline-report-says?bn=1
2010-02-24,17:05:57,b5u1j,7,Iran to reveal evidence of terrorist ties with US,presstv.ir,http://www.presstv.ir/detail.aspx?id=119341&sectionid=351020101
2010-02-24,09:50:31,b5pcc,7,Turkey army issues warning after 'coup plot' arrests,news.bbc.co.uk,http://news.bbc.co.uk/1/hi/in_depth/8531486.stm
