2010-07-25,08:35:47,ctcnb,1004,"Female circumcision will be inflicted on up to 2,000 British schoolgirls during the summer holidays – leaving brutal physical and emotional scars. Yet there have been no prosecutions against the practice",guardian.co.uk,http://www.guardian.co.uk/society/2010/jul/25/female-circumcision-children-british-law
2010-07-25,02:57:46,cta3t,248,"At least 15 people trampled to death at Loveparade in Duisburg, Germany",dw-world.de,"http://www.dw-world.de/dw/article/0,,5834737,00.html"
2010-07-25,16:58:55,ctfno,132,"An Arab Israeli convicted of 'rape by deception' of a Jewish woman, gives his side of the story in an exclusive interview",guardian.co.uk,http://www.guardian.co.uk/world/2010/jul/25/saber-kushour-rape-deception-charge
2010-07-25,23:22:30,cthfh,63,Putin sings patriotic songs with expelled Russian spies and says those who betrayed them will end up in gutter,cnn.com,http://www.cnn.com/2010/WORLD/europe/07/25/russia.spy.swap/
2010-07-26,01:36:07,ctil3,57,"When women’s rights activist Wajiha Al-Huwaidar flew out of Saudi Arabia last week for a holiday in Italy with her family, she was hoping for a brief respite from what she describes as the ‘gender apartheid kingdom.’

She wasn’t so lucky.",jpost.com,http://www.jpost.com/International/Article.aspx?id=182543
2010-07-25,01:29:16,ct9b5,60,10 killed and 15 injured in mass panic at Germany's Love Parade,washingtonpost.com,http://www.washingtonpost.com/wp-dyn/content/article/2010/07/24/AR2010072401363.html
2010-07-26,06:35:27,ctl3n,53,Wikileaks obtained and multiple sources are now reporting on a huge cache of documents related to the US war in Afghanistan. ,nytimes.com,http://www.nytimes.com/interactive/world/war-logs.html
2010-07-26,00:02:34,cthsf,50,"At least 1,100 people dead or missing in Chinese floods",english.aljazeera.net,http://english.aljazeera.net//news/asia-pacific/2010/07/20107254308147780.html
2010-07-26,06:01:39,ctktl,50,"A hedge fund manager named Anthony Ward has all but cornered the market in cocoa. By one estimate, he has bought enough to make more than five billion chocolate bars.",nytimes.com,http://www.nytimes.com/2010/07/25/business/global/25chocolate.html
2010-07-26,00:00:56,cthrn,46,"Ecuador president, Rafael Correa, imposes oil nationalization law",businessweek.com,http://www.businessweek.com/ap/financialnews/D9H5LVA00.htm
2010-07-26,05:17:59,ctkh1,28,Britain Plans to Decentralize National Health Care,nytimes.com,http://www.nytimes.com/2010/07/25/world/europe/25britain.html
2010-07-25,21:21:32,ctgqf,29,Chavez: US and Colombia plan to attack Venezuela,chavezcode.com,http://www.chavezcode.com/2010/07/chavez-us-and-colombia-plan-to-attack.html
2010-07-25,23:49:41,cthni,27,"A global network of lobby groups has spent nearly $100 million to push use of deadly asbestos, a known carcinogen, in developing nations ",mcclatchydc.com,http://www.mcclatchydc.com/2010/07/21/97625/lobbyists-push-use-of-deadly-asbestos.html
2010-07-26,03:22:39,ctjhm,24,UK Diplomat claims his Iraq Inquiry evidence was blocked,bbc.co.uk,http://www.bbc.co.uk/news/uk-politics-10754105
2010-07-26,02:10:18,ctivi,25,Australian Senate censors print link to cartoon,theregister.co.uk,http://www.theregister.co.uk/2010/07/25/oz_senate_censors_cartoon/
2010-07-25,18:19:18,ctfzc,22,"""something snapped"" after the Gaza assault, in which about 1,400 Palestinians were killed. ""It released Israel from the last of its humanitarian constraints,"" she says. ""Now everything is possible.""",guardian.co.uk,http://www.guardian.co.uk/commentisfree/2010/jul/23/israel-turns-upon-its-own?utm_source=twitterfeed&utm_medium=twitter
2010-07-25,12:42:26,cte8t,21,"Great Britain appoints man who works ""to create an Islamic state under sharia law in Europe"" as the Muslim community's liaison to police",telegraph.co.uk,http://www.telegraph.co.uk/journalists/andrew-gilligan/7908273/Police-Muslim-forum-headed-by-Islamic-extremist.html
2010-07-26,04:53:32,ctka1,18,Blood on the Tracks - The dangerous journey to El Norte.,foreignpolicy.com,http://www.foreignpolicy.com/articles/2010/07/23/blood_on_the_tracks
2010-07-26,06:10:15,ctkw3,17,"WikiLeaks strikes again! ""Massive leak of secret files exposes truth of occupation of Afghanistan."" ",guardian.co.uk,http://www.guardian.co.uk/world/2010/jul/25/afghanistan-war-logs-military-leaks
2010-07-25,18:18:10,ctfz9,18,The 'bomb magnet' soldier blown up 15 times in Afghanistan,telegraph.co.uk,http://www.telegraph.co.uk/news/newstopics/onthefrontline/7908478/The-bomb-magnet-soldier-blown-up-15-times.html
2010-07-25,16:05:38,ctfec,16,China's huge Three Gorges dam threatens to overflow ,english.rfi.fr,http://www.english.rfi.fr/asia-pacific/20100723-three-gorges-dam-threatens-overflow
2010-07-25,09:44:28,ctd2t,10,You've heard what has happened in Fallujah. Perhaps the world is now ready to hear the full horrifying truth. ,davidrothscum.blogspot.com,http://davidrothscum.blogspot.com/2010/04/evidence-that-depleted-uranium-is.html?
2010-07-25,10:27:38,ctdd1,13,China: Uighur blogger sentenced to 15 year imprisonment for “endangering national security”,advocacy.globalvoicesonline.org,http://advocacy.globalvoicesonline.org/2010/07/24/china-uighur-blogger-sentenced-to-15-year-imprisonment/
2010-07-25,11:19:18,ctdpg,14,Taliban captures two U.S. soldiers,stuff.co.nz,http://www.stuff.co.nz/world/middle-east/3955525
2010-07-25,22:27:49,cth3e,13,"Love Parade is never happen again ""the event will be discontinued in the future ""out of respect"" for those who lost their lives in yesterday's stampede""",bbc.co.uk,http://www.bbc.co.uk/news/world-europe-10754800
2010-07-25,22:59:23,ctha1,12,KGB man has evidence that British scientist did not commit suicide: MI5 agent told me that Dr. David Kelly had been ‘exterminated',dailymail.co.uk,http://www.dailymail.co.uk/news/article-1297444/MI5-agent-told-Kelly-exterminated.html#ixzz0ugqYlGtj
2010-07-26,00:11:48,cthvc,12,A Russian milestone: 1st black elected to office,news.yahoo.com,http://news.yahoo.com/s/ap/20100725/ap_on_re_eu/eu_russia_black_politician
2010-07-25,11:37:18,ctdtc,11,"""I don't believe God would have called me to run in this seat if he didn't expect me to win.""",news.com.au,http://www.news.com.au/features/federal-election/revealed-liberal-candidate-david-barkers-anti-muslim-campaign/story-fn5taogy-1225896534232
2010-07-26,06:29:44,ctl1s,10,Ancient shipwrecks found with cargo intact,uk.news.yahoo.com,http://uk.news.yahoo.com/22/20100725/tsc-life-us-italy-archaeology-011ccfa.html
2010-07-25,22:59:21,cth9z,8,"ANKARA, Turkey — Iran might hold talks on the country's nuclear program with the European Union in early September, after the end of the Muslim holy month of Ramadan, Turkey's Foreign Minister Ahmet Davutoglu said on Sunday.",jpost.com,http://www.jpost.com/IranianThreat/News/Article.aspx?id=182545&reddit=s1007253
