2010-03-09,05:58:44,baug5,648,Soldier throws back grenade,news.bbc.co.uk,http://news.bbc.co.uk/2/hi/south_asia/8556665.stm
2010-03-09,20:41:18,bb3yr,324,"(Nigeria) Over five-hundred Christians, mostly women and children, are hacked to death by Muslim raiders with machetes in a night-time attack on their village. The killers yelled 'Allah Akbar,' as they chopped.",online.wsj.com,http://online.wsj.com/article/SB20001424052748704869304575109962258328770.html
2010-03-09,23:16:20,bb5rt,222,Germany Is Tired of Paying Europe's Bills,slate.com,http://www.slate.com/id/2247257/
2010-03-10,00:35:29,bb6zv,164,"Israel 'approves' 1600 homes in occupied East Jerusalem homes - just as 'peace talks' start, whilst the US vice president is visiting, following on from the 100+ new homes in the occupied West Bank.  No doubt it will again be the fault of the Palestinians the peace process fails?",haaretz.com,http://haaretz.com/hasen/spages/1155171.html
2010-03-09,16:04:30,bb14o,68,Europe bars Wall Street banks from government bond sales ,guardian.co.uk,http://www.guardian.co.uk/business/2010/mar/08/us-banks-european-bond-trading
2010-03-09,22:33:50,bb55v,67,Seven people have been arrested in the Irish Republic over an alleged plot to kill a Swedish cartoonist for depicting the Prophet Muhammad,news.bbc.co.uk,http://news.bbc.co.uk/2/hi/europe/8558022.stm
2010-03-09,09:30:20,bawpd,60,"A dozen previously unknown shipwrecks, some of them believed to be up to 1,000 years old, have been discovered in the Baltic Sea",news.yahoo.com,http://news.yahoo.com/s/afp/20100308/lf_afp/swedenhistoryshippingwreckgaspipeline
2010-03-09,16:13:58,bb17s,52,Brazil slaps trade sanctions on US over illegal US subsidies for cotton,news.bbc.co.uk,http://news.bbc.co.uk/2/hi/americas/8556920.stm
2010-03-09,15:26:59,bb0qz,42,"Pope's brother Georg Ratzinger linked to child abuse claims
",belfasttelegraph.co.uk,http://www.belfasttelegraph.co.uk/news/world-news/popes-brother-georg-ratzinger-linked-to-child-abuse-claims-14711806.html
2010-03-10,00:40:24,bb72o,41,"Joe Biden coming to Israel to jump start peace talks. Israel tells Biden to f*ck off and approves the building of 1,600 new homes in occupied East Jerusalem.",news.bbc.co.uk,http://news.bbc.co.uk/2/hi/middle_east/8558347.stm
2010-03-09,08:58:45,bawdu,37,"Baden-Powel, founder of The Scouts, held talks with senior Nazis in 1937 to foster closer ties with The Hitler Youth, newly declassified documents reveal.",rawstory.com,http://rawstory.com/2010/03/scouts-founder-held-talks-nazis-uk-secret-files/
2010-03-10,03:28:25,bb9kp,34,France's disneyland couple Nicolas Sarkozy and Carla Bruniare apparently both having affairs,globalpost.com,http://www.globalpost.com/dispatch/france/100308/sarkozy-bruni-rumors-affairs
2010-03-10,06:23:43,bbbt6,32,Chile: Nine Days Later,boston.com,http://www.boston.com/bigpicture/2010/03/chile_nine_days_later.html
2010-03-09,23:30:04,bb5zb,27,Dutch Pirate Party has decided to join the national elections,torrentfreak.com,http://torrentfreak.com/dutch-pirate-party-joins-election-race-100308/
2010-03-09,23:19:48,bb5tk,25,"At first, it seemed like an isolated incident of abuse at one Catholic school in Berlin. But now, in little over a month, it has ballooned into a massive scandal",spiegel.de,"http://www.spiegel.de/international/germany/0,1518,682576,00.html#ref=rss"
2010-03-10,05:11:15,bbayp,24,How paedophile priest was allowed to evade justice,news.bbc.co.uk,http://news.bbc.co.uk/2/hi/programmes/newsnight/8556659.stm
2010-03-09,19:09:43,bb302,17,"The biggest offensive of the Afghanistan War against what it was told was a ""city of 80,000 people"", Marjah, this picture obediently reported by major news media is one of the clearest and most dramatic pieces of misinformation of the entire war",original.antiwar.com,http://original.antiwar.com/porter/2010/03/08/fiction-of-marjah-as-city/
2010-03-09,10:02:43,bax1b,14,Crackdown on dangerous dogs in the UK to make microchips compulsory for all.  New plans also require compulsory third-party insurance.,guardian.co.uk,http://www.guardian.co.uk/world/2010/mar/09/dangerous-dogs-microchips-insurance
2010-03-09,13:29:26,bazev,14,LIFE and Google bring us 10 million historic images,boingboing.net,http://boingboing.net/2008/11/18/life-and-google-brin.html
2010-03-09,08:14:25,bavz9,14,Indonesia defies doomsayers to become a surprise success story ,smh.com.au,http://www.smh.com.au/opinion/politics/indonesia-defied-doomsayers-to-become-a-surprise-success-story-20100308-psm9.html
2010-03-10,07:14:46,bbcdh,15,"One American official recently conceded that Somalia’s “best hope” was the government’s new military chief, a 60-year-old former artillery officer who, until a few months ago, was assistant manager at a McDonald’s in suburban Germany.",nytimes.com,http://www.nytimes.com/2010/03/10/world/africa/10somalia.html
2010-03-09,14:45:11,bb086,12,"Women and girls rejoice at the retreat of the 
Taliban in the Swat Valley in Pakistan... time for a 
new beginning",youtube.com,http://www.youtube.com/watch?v=bmsr281-5lA&feature=youtube_gdata
2010-03-09,22:26:57,bb526,10,"Israel, Syria announce intent to develop nuclear power",latimes.com,"http://www.latimes.com/news/la-fgw-nuclear-mideast10-2010mar10,0,2078802.story"
2010-03-10,06:26:40,bbbur,9,"UNICEF estimates that more than 20,000 children lost their parents in the Jan. 12 quake and its aftermath. Relatives or neighbors are caring for many of these children. Others, such as a group of boys in a Port-au-Prince park, are fending for themselves. ",npr.org,http://www.npr.org/templates/story/story.php?storyId=124464928
2010-03-10,01:24:04,bb7so,7,Japan confirmed for the first time Tuesday the existence of once-secret Cold War-era pacts with the U.S. that tacitly allowed nuclear-armed warships to enter Japanese ports in violation of Tokyo's postwar principles.,washingtonpost.com,http://www.washingtonpost.com/wp-dyn/content/article/2010/03/09/AR2010030900183.html?hpid=moreheadlines
2010-03-10,01:45:47,bb84p,8,Irish police arrest seven over 'plot to kill Swedish cartoonist',news.bbc.co.uk,http://news.bbc.co.uk/1/hi/world/europe/8558022.stm
2010-03-10,01:55:55,bb8a3,8,"Waterboarding for dummies: how to ensure that detainees ""who vomit and then aspirate the emesis,"" who might get pneumonia from all the water forced into them, suffer for longer.",salon.com,http://www.salon.com/news/torture/index.html?story=/news/feature/2010/03/09/waterboarding_for_dummies
2010-03-09,19:24:31,bb363,9,Slovak village builds wall to keep Gypsies out,news.bbc.co.uk,http://news.bbc.co.uk/2/hi/europe/8548417.stm
2010-03-09,22:07:42,bb4yz,7,Put a sock on it,guardian.co.uk,http://www.guardian.co.uk/education/2010/mar/09/improbable-research-icy-socks-over-shoes
2010-03-09,15:36:59,bb0uy,7,In Romania drunk pedestrians hit drivers.,ananova.com,http://www.ananova.com/News/story/sm_3705747.html
