2010-05-28,19:37:04,c9049,756,"China ""will not protect"" whoever sank a South Korean warship",news.bbc.co.uk,http://news.bbc.co.uk/2/hi/world/asia_pacific/10181527.stm
2010-05-28,08:10:29,c8umv,278,"If, as the Japanese claim, they are hunting whales for scientific purposes why is Peter Bethune being charged for 'obstructing business'?",stuff.co.nz,http://www.stuff.co.nz/world/asia/3749056/Anti-whaler-Bethune-expects-fair-trial
2010-05-28,09:27:10,c8va1,160,"""Don’t you just wish you lived in Gaza? Don’t you just envy those people who get to raise their kids amid such abundance? Look at all the stuff they’ve got"" - ""SO WHO are these goddamn Jew-haters and their boats""",jpost.com,http://www.jpost.com/Opinion/Columnists/Article.aspx?id=176618
2010-05-29,05:20:17,c96bp,87,"The Israeli Navy also sets off to confront the 
international flotilla carrying 10,000 tons of 
humanitarian aid as hundreds of people on board 
attempt to break the Israeli blockade of the Gaza 
Strip.",guardian.co.uk,http://www.guardian.co.uk/world/2010/may/28/israeli-navy-activists-gaza-blockade
2010-05-28,20:14:29,c90cz,67,"UK Children as young as four ""to be fingerprinted to borrow school books from library"" with a system developed by Microsoft",telegraph.co.uk,http://www.telegraph.co.uk/education/educationnews/7771112/Children-as-young-as-4-to-be-fingerprinted-to-borrow-school-books.html
2010-05-28,18:22:12,c8zm8,55,Oil leak shown on Spillcam is not the only leak.  Some now allege that there is a much larger leak BP isn't showing us. [vid],msnbc.msn.com,http://www.msnbc.msn.com/id/21134540/vp/37363529#37363529
2010-05-28,10:37:48,c8vuz,51,Berlin court rules Muslim student may not pray at school.  Overturned earlier ruling requiring school to provide him a private prayer room.,palibandaily.com,http://www.palibandaily.com/2010/05/27/berlin-court-rules-muslim-student-cannot-pray-at-school/
2010-05-29,05:16:57,c96a2,42,"Contributions from Belgium, Canada, Finland, 
France, Germany, Ireland, Italy, Japan, the 
Netherlands, Norway, Spain, Sweden and 
Switzerland allow the World Bank to cancel $36 
million in Haiti's remaining debt following January 
2010 devastating earthquake.",english.aljazeera.net,http://english.aljazeera.net/news/americas/2010/05/201052815164722306.html
2010-05-28,10:49:10,c8vyn,48,UK PhD student specializing in 19th century homicides accused of murdering three prostitutes.  With a crossbow. And dismembering them. ,nytimes.com,http://www.nytimes.com/2010/05/28/world/europe/28ripper.html
2010-05-28,23:09:04,c91zo,40,"Once Upon a Time in Afghanistan... | Photo-essay on Afghan life in 1960s, with illustrations from contemporary guide book. Amazing, chastening, to see Westernised country with well-functioning factories, unveiled women, hospitals, buses, telecommunications",foreignpolicy.com,http://www.foreignpolicy.com/articles/2010/05/27/once_upon_a_time_in_afghanistan?page=full
2010-05-29,02:37:41,c94c0,44,TEDTalks: Inside a school for suicide bombers,ted.com,http://www.ted.com/talks/sharmeen_obaid_chinoy_inside_a_school_for_suicide_bombers.html
2010-05-29,02:08:47,c940j,38,"Israel's Gaza blockade baffles residents: ""Frozen salmon — we never had it before the blockade,"" said perplexed salesman Abed Nasser, examining a frozen chunk of fish",news.yahoo.com,http://news.yahoo.com/s/ap/20100528/ap_on_re_mi_ea/ml_israel_baffling_blockade
2010-05-29,03:53:06,c9577,36,Israel allows Palestinians on highway 443 to Ramallah – but blocks the exit,csmonitor.com,http://www.csmonitor.com/World/Middle-East/2010/0528/Israel-allows-Palestinians-on-highway-443-to-Ramallah-but-blocks-the-exit
2010-05-29,01:23:51,c93ib,25,"Israeli FM Lieberman: Gaza aid convoy ""is violent propaganda against Israel. There is no humanitarian crisis in the Gaza Strip. We respond in the most humane way possible”",haaretz.com,http://www.haaretz.com/news/diplomacy-defense/lieberman-gaza-aid-convoy-is-violent-propaganda-against-israel-1.292789
2010-05-28,19:00:10,c8zux,20,Toronto police get 'sound cannons' for G20: Long-range acoustic devices can be used for crowd control,thestar.com,http://www.thestar.com/news/gta/torontog20summit/article/815061--toronto-police-get-sound-cannons-for-g20
2010-05-28,19:29:45,c902d,17,A complete ban on digitally distributed pornography is being considered by the South African government.,news.bbc.co.uk,http://news.bbc.co.uk/2/hi/technology/10180937.stm
2010-05-28,16:41:30,c8yxu,18,Israel's new 'best friend'?,english.aljazeera.net,http://english.aljazeera.net/focus/2010/05/2010527184439863164.html
2010-05-28,23:13:52,c921e,19,"Britain communications regulator, Ofcom, publishes their plan to curb piracy. ",news.bbc.co.uk,http://news.bbc.co.uk/1/hi/technology/10183820.stm
2010-05-28,09:10:42,c8v4k,18,Toll from Jamaica violence climbs to 73 ,reuters.com,http://www.reuters.com/article/idUSTRE64Q6BP20100527
2010-05-28,19:13:38,c8zxl,13,"Bad cop, no Donut: ""Their bulletproof vests squeeze like corsets, their gun belts lie hidden under rolls of fat. Mexico’s police officers may not catch as many criminals as they should, but they have the reputation of rarely missing a taco stand.""",nytimes.com,http://www.nytimes.com/2010/05/28/world/americas/28mexicocity.html
2010-05-29,04:32:28,c95qs,12,"Piracy is still piracy, even if it's carried out by a state called Israel",blogs.aljazeera.net,http://blogs.aljazeera.net/middle-east/2010/05/27/piracy-still-piracy-even-if-its-carried-out-state
2010-05-28,15:07:42,c8y7k,12,China joins talks on Korea crisis,news.bbc.co.uk,http://news.bbc.co.uk/2/hi/world/asia_pacific/10179179.stm
2010-05-29,00:22:53,c92tw,9,David and Goliath style plan to break the Israeli blockade of the Gaza Strip: Israel Defence Force to stop the entrance of the aid flotilla into Gaza,euronews.net,http://www.euronews.net/2010/05/28/israel-angry-as-activists-try-to-take-aid-to-gaza/
2010-05-28,10:53:26,c8vzv,8,Japan plans $2 billion robot moon base by 2020,news.cnet.com,http://news.cnet.com/8301-17938_105-20006075-1.html?tag=reddit2
2010-05-28,23:46:59,c92f4,10,Suspected sabotage derails train in India; 71 dead,news.yahoo.com,http://news.yahoo.com/s/ap/20100528/ap_on_re_as/as_india_train_blast
2010-05-28,13:17:41,c8xba,9,"Australia to bring case to International Court of Justice against Japan over ""scientific"" whaling",businessweek.com,http://www.businessweek.com/news/2010-05-27/australia-takes-legal-action-against-japan-on-whaling-update1-.html
2010-05-28,20:56:37,c90ne,9,Jamaica: 73 killed in hunt for alleged drug lord,seattlepi.com,http://www.seattlepi.com/national/1102ap_cb_jamaica_slum_standoff.html?source=mypi
2010-05-28,13:21:04,c8xch,6,World music's great visa fear.,guardian.co.uk,http://www.guardian.co.uk/music/2010/may/27/visa-border-agency-world-music
2010-05-28,22:28:18,c91jt,6,Russia lashes out at Iran,latimes.com,"http://www.latimes.com/news/nationworld/world/la-fg-russia-iran-20100528,0,6907830.story"
2010-05-28,19:25:15,c901a,8,"By some estimates, about 40 percent of the cases in the Central African court system are witchcraft prosecutions.",theatlantic.com,http://www.theatlantic.com/magazine/archive/2010/06/hex-appeal/8103/
