2010-04-09,19:17:56,bokyn,960,"I don't know about you, but I can't trust Reddit to be my aggregator of political/world news.",self.worldnews,https://www.reddit.com/r/worldnews/comments/bokyn/i_dont_know_about_you_but_i_cant_trust_reddit_to/
2010-04-09,14:09:33,bohje,190,"Iraq War Vet: ""We Were Told to Just Shoot People, and the Officers Would Take Care of Us""",truthout.org,http://www.truthout.org/iraq-war-vet-we-were-told-just-shoot-people-and-officers-would-take-care-us58378
2010-04-10,00:19:03,bop0o,87,The 'Full Version' of The Wikileaks Video Is Missing 30 Minutes of Footage,gawker.com,http://gawker.com/5513068/the-full-version-of-the-wikileaks-video-is-missing-30-minutes-of-footage
2010-04-10,00:48:26,bophs,55,bottled water - its a racket,guardian.co.uk,http://www.guardian.co.uk/lifeandstyle/wordofmouth/2010/apr/09/suckers-bottled-water
2010-04-09,18:03:33,bok75,46,Yemen child bride 'bleeds to death',news.bbc.co.uk,http://news.bbc.co.uk/1/hi/world/middle_east/8610491.stm
2010-04-10,00:41:53,bopdu,42,"U.S. woman returns adopted son to Russia by putting him on a plane with a letter reading, in part, ""I no longer wish to parent this child""",cbc.ca,http://www.cbc.ca/world/story/2010/04/09/russia-adoption-tennessee.html
2010-04-09,21:33:50,bomma,39,Two British policemen jailed for cruelty against woman in custody,guardian.co.uk,http://www.guardian.co.uk/uk/2010/apr/08/police-jailed-cruelty-woman
2010-04-09,10:06:58,boevl,40,Israeli PM says he won't go to Nuclear Summit ,cnn.com,http://www.cnn.com/2010/WORLD/meast/04/08/us.israel.netanyahu/index.html?hpt=T2
2010-04-09,15:25:38,boih7,36,"Man goes to Dubai, poses as a top U.S. plastic surgeon and proceeds to perform numerous botched ""kitchen table"" cosmetic surgeries.  Now he has been arrested.  This is Dubai we're talking about.  I just wonder what part do you get cut off for this offense?",latimesblogs.latimes.com,http://latimesblogs.latimes.com/babylonbeyond/2010/04/dubai-bogus-hollywood-doctor-who-performed-surgeries-on-kitchen-table-arrested-in-dubai.html
2010-04-10,07:41:39,bouxz,30,"The copyright battle now concerns us all. ""Draft text confirms reports of world body to oversee copyright, intellectual property""",montrealgazette.com,http://www.montrealgazette.com/technology/Contentious+trade+pact+surfaces/2777959/story.html
2010-04-09,22:15:48,bon4f,22,"Bangladesh, High Court: You can not impose the veil on women",asianews.it,"http://www.asianews.it/news-en/Bangladesh,-High-Court:-You-can-not-impose-the-veil-on-women-18100.html"
2010-04-10,04:33:29,bossw,19,"Bishop in the Catholic Church admits the church has an archive of abusive priests. Says he is considering sharing it with the police but reminds us that the church is above the law. Reason for not coming forward sooner? It was said under ""confession""..",translate.google.com,http://translate.google.com/translate?js=y&prev=_t&hl=no&ie=UTF-8&layout=1&eotf=1&u=http%3A%2F%2Fwww.vg.no%2Fnyheter%2Finnenriks%2Fartikkel.php%3Fartid%3D596072&sl=auto&tl=en
2010-04-09,15:54:33,boita,18,"As democracy unravels at home, the west thuggishly exports it elsewhere",guardian.co.uk,http://www.guardian.co.uk/commentisfree/2010/apr/08/democracy-iraq-afghanistan-britain-us
2010-04-09,23:44:37,boog9,17,"Legal fight over Plumpy'nut, the hunger wonder-product ",news.bbc.co.uk,http://news.bbc.co.uk/1/hi/world/europe/8610427.stm
2010-04-09,22:02:42,bomyl,15,Al Qaeda threatens to attack World Cup Football finals,story.argentinastar.com,http://story.argentinastar.com/index.php/ct/9/cid/c4cdc9be967f45f9/id/621772/cs/1/
2010-04-10,01:07:52,bopt1,14,"Israeli PM Benjamin Netanyahu has cancelled a visit to the US where he was to attend a summit on nuclear security, Israeli officials say.",news.bbc.co.uk,http://news.bbc.co.uk/1/hi/world/middle_east/8610595.stm
2010-04-10,05:46:26,botpl,12," 	

Ratzinger 'stalled pedophile case': 
AP obtains letter signed by future Pope discouraging action against priest.",abcnews.go.com,http://abcnews.go.com/US/wireStory?id=10332336
2010-04-09,12:16:48,bogb4,11,"Wikileaks predicted it would be accused of editorializing for calling the Apache footage murder; take a closer look at the Orwell quote that opens the edited version; it's from an Orwell essay entitled ""Politics and the English Language""",mtholyoke.edu,http://www.mtholyoke.edu/acad/intrel/orwell46.htm
2010-04-09,13:07:03,bogut,9,"Digital Economy Bill:  ""tell the rightsholders we'll see them in court."" - Talk Talk (UK ISP)",boingboing.net,http://www.boingboing.net/2010/04/08/uk-isp-talktalk-will.html
2010-04-09,18:27:49,bokfz,9,Thailand's red-shirt protesters occupy TV station ,news.bbc.co.uk,http://news.bbc.co.uk/1/hi/world/asia-pacific/8610740.stm
2010-04-09,19:18:13,bokyt,10,"After a two-year battle that has killed more than 5,000 people, Mexico's most powerful kingpin now controls the coveted trafficking routes through Ciudad Juarez. That conclusion by U.S. intelligence adds to evidence that Joaquin ""El Chapo"" Guzman's Sinaloa cartel is winning Mexico's drug war.",news.yahoo.com,http://news.yahoo.com/s/ap/20100409/ap_on_re_la_am_ca/lt_drug_war_mexico
2010-04-09,09:05:46,boe9h,8,Kyrgyzstan: a Russian revolution? - Russian prime minister Vladimir Putin moved quickly today to recognise the new powers-that-be in Kyrgyzstan while disavowing any role in the overthrow of President Kurmanbek Bakiyev's regime.,guardian.co.uk,http://www.guardian.co.uk/commentisfree/2010/apr/08/kyrgyzstan-vladimir-putin-barack-obama
2010-04-09,21:44:16,bomqk,9,The True Inside Story of the Catastrophic Mexican Drug Wars,alternet.org,http://www.alternet.org/drugs/146370/the_true_inside_story_of_the_catastrophic_mexican_drug_wars
2010-04-09,15:17:23,boid3,8,"Family found living in a filthy two-storey house with 600 free roaming rabbits, a cat and dog. Nearly all of the rabbits have been euthanized so far.",edmontonsun.com,http://www.edmontonsun.com/news/edmonton/2010/04/07/13501106.html
2010-04-10,05:12:10,botbg,7,Japan's debt problem: Sleepwalking toward disaster,economist.com,http://www.economist.com/opinion/PrinterFriendly.cfm?story_id=15868024
2010-04-10,02:25:05,bor15,9,"70 years since Nazi invasion of Norway - Today, April 9th, it is 70 years since Norway was invaded by German forces at the beginning of World War II. Early that morning the German cruiser ""Blücher"" was sunk at Drøbak in the Oslo Fjord.",norwaypost.no,http://www.norwaypost.no/culture/70-years-since-invasion-of-norway.html
2010-04-09,09:03:53,boe8r,6,"Should a revolutionary humanitarian food product be protected by commercial patent, when lifting restrictions might save millions of starving children?

",news.bbc.co.uk,http://news.bbc.co.uk/2/hi/europe/8610427.stm
2010-04-09,16:07:02,boiym,9,China Is Eager to Bring High-Speed Rail Expertise to the U.S.,nytimes.com,http://www.nytimes.com/2010/04/08/business/global/08rail.html
2010-04-09,14:01:28,bohfq,4,13-yr-old Yemeni bride dies of severe genital bleeding four days after arranged marriage,sfgate.com,http://www.sfgate.com/cgi-bin/article.cgi?f=/n/a/2010/04/08/international/i070538D05.DTL#ixzz0kYuzlDX6
2010-04-10,02:10:07,boqsj,6,Iran unveils new centrifuge which officials say will enrich uranium much faster than existing models,reuters.com,http://www.reuters.com/article/idUSTRE6382WO20100409
