2010-06-07,16:01:03,cc86m,952,"After over two decades in Indian courts, the Bhopal disaster chemical executives have been found guilty",edition.cnn.com,http://edition.cnn.com/2010/WORLD/asiapcf/06/07/india.bhopal.verdict/index.html
2010-06-07,03:02:35,cc1yy,549,"Israeli students plan counter-flotilla
Flotilla organized to aid Turkey's oppressed Kurds, Armenians; to show up world's hypocrisy ",ynetnews.com,"http://www.ynetnews.com/articles/0,7340,L-3899835,00.html"
2010-06-07,02:00:34,cc1hx,406,Egypt to strip men married to Israeli women (of Jewish descent) of their citizenship.  Children of such marriages will also no longer be citizens.,news.yahoo.com,http://news.yahoo.com/s/afp/20100605/wl_mideast_afp/egyptisraelmarriagecitizenshiptrial_20100605151410
2010-06-08,02:31:54,cceds,167,"""Israel get the hell of Palestine. This people are occupied. Is their land. Go back to Poland, Germany, USA, wherever"" (yeah included Israel) - Helen Thomas",google.com,http://www.google.com/hostednews/ap/article/ALeqM5g9FqmkSIqEpKuY9GW2lAfQkFUp_QD9G6IDHO0
2010-06-08,00:32:14,cccrr,140,"North Korea holds a rare second session of its 
parliament, with Choe Yong-rim appointed to 
replace Kim Yong-il as Premier.",news.bbc.co.uk,http://news.bbc.co.uk/2/hi/world/asia_pacific/10252477.stm
2010-06-08,02:18:59,cce8n,133,"US cruise missile parts found in Yemeni village where 52 died - A US cruise missile armed with cluster ammunition was used in an attack in Yemen in December which resulted in the deaths of 52 people, more than half of them women and children, according to AI.
				Middle East, World - The Independent",independent.co.uk,http://www.independent.co.uk/news/world/middle-east/us-cruise-missile-parts-found-in-yemeni-village-where-52-died-1993253.html
2010-06-08,06:06:47,cch3q,83,Israel's siege mentality is actually making the country weaker ,economist.com,http://www.economist.com/node/16274081/print
2010-06-07,14:38:07,cc7k8,69,Nigeria: Marriage of Muslim senator to 13-year-old girl sets up showdown between civil and Sharia law,google.com,http://www.google.com/hostednews/ap/article/ALeqM5jLblNs3s4jk_xGFP5ut23lEMLphQD9G4H3L01
2010-06-08,00:53:58,ccd39,63,"Lesbian couple weds in Portugal's 1st gay marriage - Teresa Pires and Helena Paixao, divorced Portuguese mothers in their 30s who have been together since 2003, married in a 15-minute ceremony at a Lisbon registry office.",statesman.com,http://www.statesman.com/news/nation/lesbian-couple-weds-in-portugals-1st-gay-marriage-731533.html
2010-06-07,22:05:42,ccb1i,63,"Israelies think that artists that canceled shows are supporting terror: ""Cultural terror against the State of Israel and against art in general""",ynetnews.com,"http://www.ynetnews.com/articles/0,7340,L-3901461,00.html"
2010-06-08,02:18:25,cce8h,60,"Remembering D-Day, 66 years ago - The Big Picture",boston.com,http://www.boston.com/bigpicture/2010/06/remembering_d-day_66_years_ago.html
2010-06-08,06:44:56,cchjx,52,Reuters edited Flotilla photos,blogs.reuters.com,http://blogs.reuters.com/gbu/2010/06/07/cropped-photos/
2010-06-07,19:42:26,cc9qy,43,"China's 'cancer villages' reveal dark side of economic 
boom",guardian.co.uk,http://www.guardian.co.uk/environment/2010/jun/07/china-cancer-villages-industrial-pollution
2010-06-07,13:06:33,cc6s7,39,"Mexico: 6 bodies found in a cavern near a tourist resort of Cancun. 3 had their hearts cut out and the letter ""Z"" carved on their abdomens, a possible reference to the Zetas drug gang.",google.com,http://www.google.com/hostednews/ap/article/ALeqM5gMi5B2USfJStXxfqgWWr2xjRYpOgD9G66ES00
2010-06-08,00:15:48,ccclv,30,"Bhopal convictions ‘too little, too late’. Seven former employees of Union Carbide in India face up to two years in jail after being convicted of causing “death by negligence” over the Bhopal disaster of 1984.",thisislondon.co.uk,http://www.thisislondon.co.uk/standard/article-23841913-bhopal-convictions-too-little-too-late.do
2010-06-07,23:15:26,ccbun,31,"FAIR calls out NYT, WPost, LATimes, AssocPress for ignoring the facts and believing Israel's spin.",fair.org,http://www.fair.org/index.php?page=4081Reporting
2010-06-08,01:41:56,ccdqk,27,"WHO suicide rates per 100,000 people per country.  Oh man, Lithuania and Belarus, what is going on with your men?  :(",who.int,http://www.who.int/mental_health/prevention/suicide/suiciderates/en/
2010-06-07,15:45:42,cc826,26,Israel has confiscated and censored all video evidence recorded by passengers during the military raid.  Can this be seen as anything but an admission of guilt?,promisedlandblog.com,http://www.promisedlandblog.com/?p=2909
2010-06-07,23:02:44,ccbp5,30,South African Bill to block all porn: Tier-one filtering on internet and mobile smut!,theregister.co.uk,http://www.theregister.co.uk/2010/06/07/south_africa_smut_bill/
2010-06-07,15:36:56,cc7zr,28,4 Palestinian divers killed near Gaza by Israeli Navy. ,nytimes.com,http://www.nytimes.com/2010/06/08/world/middleeast/08gaza.html?hp
2010-06-07,17:14:17,cc8p0,25,Israeli navy kills 4 Palestinian divers off Gaza coast,news.xinhuanet.com,http://news.xinhuanet.com/english2010/world/2010-06/07/c_13337302.htm
2010-06-07,09:01:00,cc4qn,27,GDP vs National debt  by country,visualeconomics.com,http://www.visualeconomics.com/gdp-vs-national-debt-by-country/
2010-06-08,03:08:52,cceuc,22,"Egypt: Gaza blockade a failure, border stays open",news.yahoo.com,http://news.yahoo.com/s/ap/gaza_blockade
2010-06-08,05:30:00,ccgoh,28,Radical Cutbacks: German Government Agrees on Historic Austerity Program,spiegel.de,"http://www.spiegel.de/international/germany/0,1518,699229,00.html"
2010-06-08,02:03:24,cce0n,27,Troubled teens 'sent to Siberia',news.bbc.co.uk,http://news.bbc.co.uk/2/hi/world/europe/10252405.stm
2010-06-07,18:25:37,cc96z,25,"North Korea: Kim Jong-il sacks PM, promotes brother",abc.net.au,http://www.abc.net.au/news/stories/2010/06/07/2920701.htm?section=justin
2010-06-07,21:25:33,ccaor,20,"Measures are needed to stop brain scans being 
misused by courts, insurers and employers, experts 
have warned",news.bbc.co.uk,http://news.bbc.co.uk/1/hi/health/8722182.stm
2010-06-08,06:14:37,cch7b,17,'Roman gladiators' linked to York skeleton find,news.bbc.co.uk,http://news.bbc.co.uk/2/hi/england/york_and_north_yorkshire/10253483.stm
2010-06-07,17:51:58,cc8yn,14,Iran Red Crescent to send 2 aid ships to Gaza,ynetnews.com,"http://www.ynetnews.com/articles/0,7340,L-3900886,00.html"
2010-06-07,20:59:28,ccag8,16,BP buys several phrases on search engines so that the first result that shows up directs information seekers to the company's official website! ,abcnews.go.com,http://abcnews.go.com/Technology/Broadcast/bp-buys-search-engine-phrases-redirecting-users/story?id=10835618
