2010-07-12,17:57:32,cokcp,393,BANGLADESH: A man dies in police custody after refusing to pay bribes; his relatives are warned not to pursue the case,ahrchk.net,http://www.ahrchk.net/ua/mainfile.php/2010/3502/
2010-07-13,00:15:01,conq2,187,North Korean soldiers defect to China fuelling fears of imminent military clash,telegraph.co.uk,http://www.telegraph.co.uk/news/worldnews/asia/northkorea/7885642/North-Korean-soldiers-defect-to-China-fuelling-fears-of-imminent-military-clash.html
2010-07-12,19:50:26,col4u,182,"Terrorists target World Cup fans in Uganda, watching final game : At least 64 killed",reuters.com,http://www.reuters.com/article/idUSTRE66A2B120100712
2010-07-12,22:30:32,comhi,146,"Anger in Costa Rica over deal to 'invite' 46 US warships —   Opposition leaders in Costa Rica are furious over an agreement that allows 46 US warships and 7,000 US Marines to enter the country as part of an anti-drug effort.",rawstory.com,http://rawstory.com/rs/2010/0711/anger-costa-rica-deal-invite-us-warships/
2010-07-12,21:48:41,com3z,65,Swiss authorities reject US extradition of Polanski,news.bbc.co.uk,http://news.bbc.co.uk/2/hi/entertainment_and_arts/10601930.stm
2010-07-13,00:24:00,conuc,45,Israel and the lobby are pushing us to war with Iran.,mondoweiss.net,http://mondoweiss.net/2010/07/leveretts-shout-israel-and-the-lobby-are-pushing-us-to-war-with-iran.html
2010-07-12,18:32:28,coklz,33,Al Qaeda group bombs Ugandan World Cup parties: death toll now 65 (Photos),examiner.com,http://www.examiner.com/examiner/x-4454-Geopolitics-Examiner~y2010m7d12-Al-Qaeda-group-bombs-Ugandan-World-Cup-parties-death-toll-now-65-Photos
2010-07-13,06:32:41,cosfu,30,Ireland to block EU-Israel data transfer,theregister.co.uk,http://www.theregister.co.uk/2010/07/12/ireland_israel_passport/
2010-07-13,00:47:43,coo5p,29,Facebook installs 'panic button' for children,news.yahoo.com,http://news.yahoo.com/s/afp/20100712/tc_afp/usbritaininternetfacebookchild
2010-07-12,20:07:05,col94,26,"Oil companies complicit in Sudan civil war, report alleges. ""A recent report by a group of NGOs alleges that an oil consortium led by Swedish firm Lundin Petroleum may have been complicit in 'war crimes and crimes against humanity' in Sudan.""",wsws.org,http://www.wsws.org/articles/2010/jul2010/suda-j12.shtml
2010-07-12,14:30:57,coirz,21,No freedom flotilla for the people of Darfur.  Sudan government incited violence kills 221 in June,reuters.com,http://www.reuters.com/article/idUSTRE66A1D820100711
2010-07-12,09:59:51,cogfm,19,Conroy and Gillard delay controversial web filtering plan.  The Australian government has succumbed to pressure and delayed the introduction of its mandatory internet filtering scheme.,theaustralian.com.au,http://www.theaustralian.com.au/australian-it/labor-delays-controversial-isp-filtering-plan/comments-e6frgakx-1225889769969
2010-07-13,01:15:55,cooiq,20,"Former Cuban leader Fidel Castro will appear on Cuban television and radio on Monday evening to discuss his theory that the world is on the verge of nuclear war, the Communist Party newspaper Granma said in its Monday online edition.",reuters.com,http://www.reuters.com/article/idUSTRE66B1OP20100712
2010-07-12,19:36:14,col18,17,Two men who organised a controversial art exhibition showing in Moscow in 2007 have been found guilty by a Russian court of inciting hatred.,news.bbc.co.uk,http://news.bbc.co.uk/2/hi/world/europe/10595903.stm
2010-07-12,08:33:52,cofr7,18,Syrian troops overwhelmed by diarrhea epidemic!,worldtribune.com,http://www.worldtribune.com/worldtribune/WTARC/2010/me_gulf0629_07_08.asp
2010-07-12,13:47:05,coifo,16,BBC News - Twin blasts in Uganda capital Kampala kill at least 64,news.bbc.co.uk,http://news.bbc.co.uk/2/hi/world/africa/10593771.stm
2010-07-12,16:58:30,cojxx,13,"Iran Air is now forbidden from landing most of its airplanes in Europe, due to ""safety concerns""",edition.cnn.com,http://edition.cnn.com/2010/WORLD/europe/07/06/europe.air.restrictions/
2010-07-12,14:39:45,coivb,12,"26 Year Old Woman Raped and Murdered by Basij Members for 'Bad Hijab' - The intentions of the savage Basij members was to put a stop to the ""improper"" way women in society dressed",persian2english.com,http://persian2english.com/?p=12659
2010-07-13,07:56:26,cotbg,12,Will Brazil be able to successfully host the 2014 World Cup? Al-Jazeera reports that maybe they won't.,youtube.com,http://www.youtube.com/watch?v=v5SCkqUG-kY
2010-07-12,19:26:45,cokz1,13,Gaza farmers risk being shot by Israeli patrols: Foreigners acts as human shield to protect Palestinians,youtube.com,http://www.youtube.com/watch?v=FYS5EYEb91s&feature=player_embedded#!
2010-07-12,20:07:37,col99,11,Israel's military probe into the attack on the Gaza aid convoy has found Israeli forces guilty of serious errors,presstv.ir,http://www.presstv.ir/detail.aspx?id=134428&sectionid=351020202
2010-07-12,11:43:03,cohcf,11,'Shining India' makes its poor pay price of hosting Commonwealth Games,guardian.co.uk,http://www.guardian.co.uk/world/2010/jul/11/slum-school-india-commonwealth-games
2010-07-12,20:20:43,coldk,8,China: New government transparency rules strike chord with public,news.xinhuanet.com,http://news.xinhuanet.com/english2010/china/2010-07/12/c_13396165.htm
2010-07-12,19:22:43,cokxx,7,"Creating Order in the Euro Zone - Fearing a lasting burden on taxpayers, the German government is preparing a set of insolvency rules for countries in the euro zone. It would require private investors to bear some of the financial burden and force the affected countries to give up some sovereignty.",spiegel.de,"http://www.spiegel.de/international/europe/0,1518,705959,00.html"
2010-07-12,12:01:02,cohjg,6,Palestinians in Hebron have their doors welded shut to protect Jewish settlers.,youtube.com,http://www.youtube.com/watch?v=AbVslfvT9Ss&feature=player_embedded
2010-07-13,01:44:18,coowz,6,"Dubai: full body scanners at airports violate ""personal privacy"" and may have side effects on passengers.",thenational.ae,http://www.thenational.ae/apps/pbcs.dll/article?AID=/20100706/NATIONAL/707059821/0/NATIONAL
2010-07-12,21:50:52,com4t,7,"Come up with 'Everybody Draw Mohammed Day'? Yep, that's a fatwa.",seattlepi.com,http://www.seattlepi.com/local/423203_cartoonist11.html
2010-07-12,22:57:52,comtc,8,'Tense calm' reported in Panama city where protests left 1 dead - CNN.com,edition.cnn.com,http://edition.cnn.com/2010/WORLD/americas/07/09/panama.deadly.strike/
2010-07-12,12:43:59,cohwy,6,Kraft factory (illegally) fires 168 people in an Argentine factory. ,laht.com,http://laht.com/article.asp?ArticleId=345493&CategoryId=14093
2010-07-12,17:02:05,cojyx,8,Deported activist blasts NZ whaling stance,abc.net.au,http://www.abc.net.au/news/stories/2010/07/12/2951378.htm
