2010-06-08,17:51:21,ccnjy,666,"Reuters under fire for removing weapons, blood from images of Gaza flotilla - Haaretz ",haaretz.com,http://www.haaretz.com/news/diplomacy-defense/reuters-under-fire-for-removing-weapons-blood-from-images-of-gaza-flotilla-1.294780
2010-06-08,06:16:32,cch7z,353,Museum stops exhibition about homosexuality in religion - The museum of World Cultures in Gothenburg cancels a planned exhibition about homosexuality in religion in order to avoid disturbing religious groups.,stockholmnews.com,http://www.stockholmnews.com/more.aspx?NID=5439
2010-06-08,18:12:30,ccnpj,242,China claims North Korean Border Guards kill three people on the Chinese side of the border.,news.bbc.co.uk,http://news.bbc.co.uk/2/hi/world/asia_pacific/10263325.stm
2010-06-08,20:05:54,ccojn,85,Bilderberg 2010: Help us identify the delegates ,guardian.co.uk,http://www.guardian.co.uk/world/blog/2010/jun/08/charlie-skelton-bilderberg-2010-delegates
2010-06-09,00:52:56,ccrqq,64,"Russian Soldiers 'looted Polish crash dead' - 
Four Russian soldiers have been charged with stealing bank cards from the wreckage of the plane crash that killed Polish President Lech Kaczynski and 95 others.",belfasttelegraph.co.uk,http://www.belfasttelegraph.co.uk/breaking-news/world/soldiers-looted-polish-crash-dead-14833784.html
2010-06-09,02:10:52,ccsqp,52,"Amnesty links US to Yemen attack - ""A US cruise missile carrying cluster bombs was used in an attack in Yemen that killed 55 people, most of them civilians, Amnesty International has said.""",smh.com.au,http://www.smh.com.au/world/amnesty-links-us-to-yemen-attack-20100607-xqv4.html
2010-06-08,13:32:30,cclgd,47,Van der Sloot confesses to Peru slaying - Americas- msnbc.com,msnbc.msn.com,http://www.msnbc.msn.com/id/37542848/ns/world_news-americas/
2010-06-09,00:38:46,ccrkq,46,"Cop sees landscape artist with Tourette's punching himself in the face. Cop calls man ""retard,"" handcuffs him on phony theft rap.",thestar.com,http://www.thestar.com/news/gta/crime/police/article/820382--lawsuit-claims-opp-officer-accused-retards-of-lawn-mower-theft?bn=1
2010-06-08,01:22:49,ccdgu,45,"Canadian soldier killed in Afghanistan - 
Sgt. Martin Goudreault, 35, died Sunday while on foot patrol roughly 15 kilometres southwest of the city of Kandahar, Brig.-Gen. Jon Vance said.",cbc.ca,http://www.cbc.ca/world/story/2010/06/07/afghanistan-gaudreault.html
2010-06-09,04:59:29,ccv0e,38,Turkey to cancel defense agreements with Israel after flotilla attack,uruknet.com,http://uruknet.com/?p=m66774&hd=&size=1&l=e
2010-06-08,16:46:02,ccn33,35,Roman gladiator cemetery found in England,cnn.com,http://www.cnn.com/2010/WORLD/europe/06/07/england.roman.cemetery/index.html?hpt=C1
2010-06-09,02:50:00,cct90,33,Human Gene Patent Challenged In Australian Court,abc.net.au,http://www.abc.net.au/news/stories/2010/06/08/2920908.htm
2010-06-09,03:28:18,cctt8,31,"The Israeli flotilla attack:  victimhood, aggression and tribalism - Glenn Greenwald - Salon.com",salon.com,http://www.salon.com/news/opinion/glenn_greenwald/2010/06/03/israel/index.html
2010-06-09,07:19:29,ccwo8,29,It Takes 26 Years After Thousands Die To Give Union Carbide Execs A Slap On The Wrist,latimes.com,"http://www.latimes.com/news/nationworld/world/la-fg-bhopal-verdict-20100608,0,2008744.story"
2010-06-09,07:05:28,ccwie,24,Shell has been spilling oil in Nigeria for years with impunity,youtube.com,http://www.youtube.com/watch?v=a7xumdcz_vw
2010-06-08,21:35:04,ccpb4,25,"Lost WWII battlefield discovered in jungles of New Guinea, including remains of dead where they fell.",news.blogs.cnn.com,http://news.blogs.cnn.com/2010/06/07/lost-wwii-battlefield-found-war-dead-included
2010-06-09,02:01:11,ccslf,20,Former CIA analyst alleges China-Saudi nuclear missile deal,blog.washingtonpost.com,http://blog.washingtonpost.com/spy-talk/2010/06/former_cia_officer_alleges_chi.html
2010-06-09,01:43:43,ccscw,21,Cocaine worth $1bn seized in The Gambia - headed for Europe.,news.bbc.co.uk,http://news.bbc.co.uk/1/hi/world/africa/10268510.stm
2010-06-09,02:45:34,cct6w,20,International Subsidies for Oil Equal $557 BILLION; “[Cutting Subsidies] This is the only single policy item that could make such a major change in the global energy and climate-change game.” ,businessweek.com,http://www.businessweek.com/news/2010-06-07/ending-fossil-fuel-aid-will-cut-oil-demand-iea-says-update1-.html
2010-06-08,22:20:09,ccpqc,22,"""Since I was abducted and brought to the US I was heavily tortured and pressured by US intelligence"" - Iranian nuclear scientist who ""defected"" to US",news.bbc.co.uk,http://news.bbc.co.uk/2/hi/middle_east/10264193.stm
2010-06-09,07:17:19,ccwn9,18,"NZ student tasers pregnant woman - A New Zealand medical student who used a Taser to repeatedly shock a nine-month pregnant woman, causing her to go into labour, has been charged with attempted first-degree murder in the United States.",nzherald.co.nz,http://www.nzherald.co.nz/world/news/article.cfm?c_id=2&objectid=10650601
2010-06-09,03:56:09,ccu7w,16,"One year after Tehran erupted in protest, ""nothing has changed, but everything has changed.""",globalpost.com,http://www.globalpost.com/dispatch/worldview/100607/iran-democracy-protest-anniversary-green-movement
2010-06-08,03:30:06,ccf4s,16,"Turkish Prez Erdogan: Israel Will Pay For Flotilla Raid - A week after the Israeli commando raid on a Gaza-bound Turkish ship, which left nine people dead, Turkish Prime Minister Recep Tayyip Erdogan said he would ""no longer be silent on Gaza becoming a giant prison.""",ynetnews.com,"http://www.ynetnews.com/articles/0,7340,L-3901623,00.html"
2010-06-09,03:00:04,cctdu,14,"Spanish Youth Part of the Lost Generation - At almost 20 percent, Spain suffers the second-highest unemployment rate in the European Union. But the rate for those just entering the job market is twice as high.",spiegel.de,"http://www.spiegel.de/international/europe/0,1518,699467,00.html"
2010-06-08,18:24:01,ccnsh,15,"World Peace Index 2010 released - USA 85th out of 149 countries, New Zealand most peaceful.",visionofhumanity.org,http://www.visionofhumanity.org/gpi-data/#/2010/scor
2010-06-09,02:14:54,ccssc,12,"Mexico mass grave highlights gruesome drug war - Authorities say a Mexico mass grave, in which 55 bodies were found in an abandoned silver mine, is the work of the narcotraffickers involved in the country's brutal drug war.",csmonitor.com,http://www.csmonitor.com/World/Americas/2010/0608/Mexico-mass-grave-highlights-gruesome-drug-war
2010-06-09,03:53:16,ccu6a,11,"Israel is on its way to economic suicide - One day, during one military operation or another, the markets will stop believing that we can honor our enormous debt.",haaretz.com,http://www.haaretz.com/print-edition/opinion/the-highway-to-economic-hell-1.294832
2010-06-09,04:59:42,ccv0j,11,"Never mind the 'Freedom Flotilla.' Is Israel's Gaza blockade legal? - for most Western governments the question is not so much the legality of Israel’s action. Rather, European countries are focusing on the broader legal context of Israel’s blockade of the Gaza Strip.",csmonitor.com,http://www.csmonitor.com/World/Middle-East/2010/0608/Never-mind-the-Freedom-Flotilla.-Is-Israel-s-Gaza-blockade-legal
2010-06-08,23:02:37,ccqbc,11,Darfur death toll rises to two-year high in Sudan,news.bbc.co.uk,http://news.bbc.co.uk/2/hi/world/africa/10259604.stm
2010-06-09,05:58:44,ccvrv,8,Mystery over Iran nuclear scientist deepens - kidnap of defection?,news.bbc.co.uk,http://news.bbc.co.uk/1/hi/world/middle_east/10264193.stm
