2010-06-29,06:35:13,cjwic,708,"Iceland legalizes gay marriage, allowing the prime minister to finally marry her partner ",mail.com,http://www.mail.com/Article.aspx/world/0/APNews/General-World-News/20100628/U_EU-Iceland-Gay-Marriage?pageid=1
2010-06-29,18:56:38,ck362,653,Mexican Candidate for Governor Is Assassinated,nytimes.com,http://www.nytimes.com/2010/06/29/world/americas/29mexico.html?src=mv
2010-06-29,21:04:27,ck44f,257,"The Bishop of Bayeux went to jail rather than give 
authorities information about a priest who had 
raped a minor. ""I congratulate you for not turning 
in a priest to the civil administration...I am 
delighted to have a colleague...who...has 
preferred prison to turning in his son-priest.""",independent.co.uk,http://www.independent.co.uk/opinion/faith/made-in-his-own-image--the-catholic-church-faces-another-scandal-2012093.html
2010-06-30,02:12:55,ck7u6,138,BP in the Persian Gulf: How an Oil Company Helped Destroy Democracy in Iran,commondreams.org,http://www.commondreams.org/view/2010/06/29-5
2010-06-29,23:39:56,ck5rr,132,Egypt: The law that gives police limitless power sparks massive protests after the violent death of blogger Khaled Said at the hands of police,globalpost.com,http://www.globalpost.com/dispatch/egypt/100628/egypt-public-protests-government-brutality
2010-06-29,12:29:54,cjzz2,75,Australia's new Prime Minister an atheist,abc.net.au,http://www.abc.net.au/news/stories/2010/06/29/2939879.htm
2010-06-29,04:46:51,cjvu4,68,Turkey bars Israeli plane from using airspace,news.yahoo.com,http://news.yahoo.com/s/afp/20100628/wl_afp/israelconflictgazaturkeyarmyairspace
2010-06-29,22:21:49,ck4vb,55,"Trader gets drunk. Buys 7 million barrels of crude 
oil. Artificially pushes up price of oil. Hilarity ensues. ",guardian.co.uk,http://www.guardian.co.uk/business/2010/jun/29/drunk-oil-trader-banned-fsa
2010-06-29,06:38:19,cjwja,53,FBI arrests 10 Russian Spies in U.S.,cbsnews.com,http://www.cbsnews.com/stories/2010/06/28/world/main6627393.shtml?tag=contentMain;contentBody
2010-06-29,08:45:27,cjxx1,52,FBI breaks up alleged Russian spy ring in deep cover,guardian.co.uk,http://www.guardian.co.uk/world/2010/jun/29/fbi-breaks-up-alleged-russian-spy-ring-deep-cover
2010-06-30,04:54:09,ck9wf,41,26 Indian police killed in Maoist ambush,rawstory.com,http://rawstory.com/news/afp/26_Indian_police_killed_in_Maoist_a_06292010.html
2010-06-29,13:55:12,ck0rj,39,"UK police claim they don't need law to stop teenage photographer taking pictures
",belfasttelegraph.co.uk,http://www.belfasttelegraph.co.uk/news/local-national/police-claim-they-dont-need-law-to-stop-photographer-taking-pictures-14858522.html
2010-06-29,22:29:49,ck4yx,42,"Turkish Jews used by Israeli navy as translators give most even-handed account so far of raid on Gaza flotilla. Debunks wilder accusations about incident, suggests Turks, Israelis both to blame.",zeek.forward.com,http://zeek.forward.com/articles/116822/aboard-the-mavi-marmara-an-analysis-of-turkish-israeli-relations/
2010-06-29,17:45:50,ck2p8,29,"Israel may have eased its blockade of the Gaza Strip in response to international pressure, but life for many of the Palestinians living there has so far changed little. Even hardliners in Israel are starting to recognize that the blockade only helps to strengthen Hamas.",spiegel.de,"http://www.spiegel.de/international/world/0,1518,703239,00.html"
2010-06-29,23:38:36,ck5r3,27,Chinese companies 'rent' white foreigners as fake employees or business partners,edition.cnn.com,http://edition.cnn.com/2010/BUSINESS/06/29/china.rent.white.people/index.html?iref=NS1&fbid=Sct1pTfWovt
2010-06-29,17:29:25,ck2le,28,"China and Taiwan have signed a historic trade pact, seen as the most significant agreement since civil war split the two governments 60 years ago.",news.bbc.co.uk,http://news.bbc.co.uk/2/hi/world/asia_pacific/10442557.stm
2010-06-30,05:03:13,cka0l,18,"For the first time, Asia's millionaires have more money than Europe's millionaires",npr.org,http://www.npr.org/blogs/money/2010/06/23/128047942/more-money-moving-east-asia-s-wealthiest-rise-above-europe-s-for-the-first-time
2010-06-30,07:33:41,ckboe,14,"Tibetan monk regrets uprising after going through Chinese ""re-education""",nytimes.com,https://www.nytimes.com/2010/06/30/world/asia/30tibet.html
2010-06-29,23:44:24,ck5u1,17,"Russia rejects US spy allegations - Moscow says allegations of a Russian spy ring in the US are baseless, as an 11th suspect is arrested in Cyprus.",news.bbc.co.uk,http://news.bbc.co.uk/2/hi/world/us_and_canada/10445353.stm
2010-06-29,19:29:09,ck3e5,15,"She heard what sounded like a crack, and the last words she heard her mother utter were: 'Neena, your father is killing me' ",news.iafrica.com,http://news.iafrica.com/worldnews/2508403.htm
2010-06-29,23:24:32,ck5ks,16,That [Afghans] attack occupying forces and the govts those forces support means nothing more than that they want to rid their land of foreign troops. That doesn’t make them anti-American terrorists. It makes them Afghans. Let’s leave their country to them.,fff.org,http://www.fff.org/comment/com1006h.asp
2010-06-29,16:32:33,ck25p,13,Barred from Jerusalem for being Palestinian,belfasttelegraph.co.uk,http://www.belfasttelegraph.co.uk/news/world-news/barred-from-jerusalem-for-being-palestinian-14858479.html
2010-06-29,19:33:52,ck3fh,11,Billions flown out of Kabul in suitcases,nationalpost.com,http://www.nationalpost.com/news/world/Billions+flown+Kabul+suitcases/3213440/story.html
2010-06-29,23:56:25,ck5yw,10,Dr David Kelly: The damning new evidence that points to a cover-up by Tony Blair's government,dailymail.co.uk,http://www.dailymail.co.uk/news/article-1289692/Dr-David-Kelly-The-damning-new-evidence-points-cover-Tony-Blairs-government.html
2010-06-29,11:42:17,cjzj8,10,Rig survivor: 'It was a crematorium',news.bbc.co.uk,http://news.bbc.co.uk/panorama/hi/front_page/newsid_8751000/8751392.stm
2010-06-29,15:53:22,ck1u6,9,"Erdogan: Israel must apologize for Gaza flotilla, blockade  - Haaretz Daily Newspaper",haaretz.com,http://www.haaretz.com/news/diplomacy-defense/erdogan-israel-must-apologize-for-gaza-flotilla-blockade-1.298932
2010-06-29,09:56:12,cjyij,8,Canada spends $1 billion to arrest a deaf man,allisonkilkenny.wordpress.com,http://allisonkilkenny.wordpress.com/2010/06/28/canada-spends-1-billion-to-arrest-a-deaf-man/
2010-06-29,08:32:48,cjxsb,10,Fiji moves to close Rupert Murdoch's News Limited paper,abc.net.au,http://www.abc.net.au/news/stories/2010/06/28/2939242.htm
2010-06-29,08:23:54,cjxoy,10,"Artillery drills spark asbestos fears.  Australian Defence Force (ADF) has been importing dummy charge bags containing white chrysotile asbestos from the United States for the last 46 years.

It was thought the material was safe for soldiers to use, but that view has now changed.",abc.net.au,http://www.abc.net.au/news/stories/2010/06/29/2939489.htm
2010-06-29,21:15:10,ck489,8,"South Africa - Deputy Police Minister's house robbed. Mr ""Shoot the bastards"" finds out no one is exempt from crime. Not much sympathy in the comments.",mg.co.za,http://www.mg.co.za/article/2010-06-29-deputy-police-ministers-house-burgled
