2010-08-15,14:16:23,d1bgk,385,South Korean president proposes plan to reunite with North Korea,edition.cnn.com,http://edition.cnn.com/2010/WORLD/asiapcf/08/15/south.korea.reunification/?hpt=T1#fbid=skPGlVNLQ9t&wom=false
2010-08-16,03:56:54,d1gdq,163,WikiLeaks to apply for Swedish licence in order to guarantee that the website is covered by Swedish whistleblower protection laws. ,thelocal.se,http://www.thelocal.se/28380/20100815/
2010-08-15,18:16:49,d1cnb,111,"Afghanistan finds 1.8 billion barrel oilfield: 
Afghanistan says it has discovered an oilfield with 
an estimated 1.8 billion barrels in the north of the 
war-ravaged country.",reuters.com,http://www.reuters.com/article/idUSTRE67E0AA20100815
2010-08-15,06:54:56,d18hw,103,"Mexico - Drug cartel blocks off 13 major roads in Monterrey, dragging drivers out of vehicles.",bbc.co.uk,http://www.bbc.co.uk/news/world-latin-america-10977501
2010-08-15,23:39:42,d1ea3,86,Israel to purchase F-35I fighters,google.com,http://www.google.com/hostednews/ap/article/ALeqM5iru4tfF-ELwqZpfvGEsqQeesPb-QD9HJUA700
2010-08-15,09:55:45,d19r1,68,"Rally held to bring back ‘Jinnah’s Pakistan’, purge the country of religious extremism",dailytimes.com.pk,http://www.dailytimes.com.pk/default.asp?page=2010\08\12\story_12-8-2010_pg13_3
2010-08-15,11:31:49,d1ad7,68,Israel destroying oldest Muslim cemetery in East Jerusalem,religion.blogs.cnn.com,http://religion.blogs.cnn.com/2010/08/14/muslims-oppose-israeli-construction-at-islamic-cemetery/?hpt=T2
2010-08-15,22:37:52,d1dus,70,Julian Assange interview in Stockholm from Saturday Aug 14th,youtube.com,http://www.youtube.com/watch?v=QgtOtrFVGPg
2010-08-15,12:55:37,d1ay3,62,Police were called to a beach at Anzio south of Rome by a furious mother who said the way the “attractive” sunbather was rubbing lotion on her body had “troubled her sons aged 14 and 12.”,news.com.au,http://www.news.com.au/travel/news/topless-sunbather-accused-of-sensuously-rubbing-in-sun-cream/story-e6frfq80-1225904452174
2010-08-16,00:40:34,d1eqk,64,"U.N. chief Ban Ki-moon: Pakistan floods worse he has ever seen, urges faster foreign aid. Only a quarter of the $459 million aid needed for initial relief has arrived, contrasting with the $1 billion the US gave them in military aid last year.",msnbc.msn.com,http://www.msnbc.msn.com/id/38711745
2010-08-15,17:12:48,d1cdu,38,Russia bans grain exports.  Prices of bread (especially pita bread) expected to rise at least 20%.,bbc.co.uk,http://www.bbc.co.uk/news/business-10977955
2010-08-15,08:59:03,d19eg,28,21 Faces of The Pakistan Flood,abubakarjamil.com,http://www.abubakarjamil.com/pakistan-flood-2010/
2010-08-16,04:31:28,d1go4,24,"""I will never forget the destruction and suffering I have witnessed today.""",bbc.co.uk,http://www.bbc.co.uk/news/world-south-asia-10981230
2010-08-15,18:25:58,d1cor,17,Lebanon 'kills Fatah al-Islam militant leader',arezz.byethost3.com,http://arezz.byethost3.com/?p=390
2010-08-15,20:24:54,d1d6p,19,"8 dead, 12 hurt at off-road race in Calif. desert",arezz.byethost3.com,http://arezz.byethost3.com/?p=396
2010-08-15,13:13:01,d1b2b,17,Russia wildfires: NASA satellite image shows over 360 'hot spots',examiner.com,http://www.examiner.com/geopolitics-in-national/russia-wildfires-nasa-satellite-image-shows-over-360-hot-spots
2010-08-16,05:41:37,d1h9s,16,"
France urged to repay Haiti billions paid for its independence: 

Leading activists write to Nicolas Sarzoky urging president to repay more than €17bn to help earthquake-hit country rebuild
",guardian.co.uk,http://www.guardian.co.uk/world/2010/aug/15/france-haiti-independence-debt
2010-08-15,17:16:51,d1ceo,11,"30 more Seals found with 'Corkscrew' wounds, any educated guesses Reddit about cause?",bbc.co.uk,http://www.bbc.co.uk/news/uk-scotland-10976201
2010-08-15,12:56:24,d1ayh,12,Suspected Mossad agent lands in Israel after released in Germany,haaretz.com,http://www.haaretz.com/print-edition/news/suspected-mossad-agent-lands-in-israel-after-released-in-germany-1.308057
2010-08-15,18:37:41,d1cqn,9,Asia stops to remember end of World War II,washingtonpost.com,http://www.washingtonpost.com/wp-dyn/content/article/2010/08/15/AR2010081500599.html
2010-08-15,23:42:42,d1eax,11,"Peacekeepers abducted in Darfur
",english.aljazeera.net,http://english.aljazeera.net/news/africa/2010/08/201081564614531197.html
2010-08-15,17:32:16,d1chd,7,Cambodia seeks help to avoid 'armed conflict' in Thai border spat,news.asiaone.com,http://news.asiaone.com/News/Latest%2BNews/Asia/Story/A1Story20100814-232085.html
2010-08-16,03:37:44,d1g7n,7,"Goldberg's War: Goldberg himself has never, as far as I can tell, acknowledged that he may have been mistaken in some of his earlier assessments, or questioned his own reporting. ",harpers.org,http://www.harpers.org/archive/2006/06/sb-goldbergs-war-1151687978
2010-08-15,13:45:06,d1bad,4,Pawning spurs gold market,arabnews.com,http://arabnews.com/saudiarabia/article102430.ece
2010-08-16,03:37:32,d1g7i,6,Venezuela: Photo of Bodies Stacked in Caracas Morgue Sparks Controversy,laht.com,http://www.laht.com/article.asp?ArticleId=363127&CategoryId=10717
2010-08-15,10:10:46,d19u6,5,Yo! Putin! You might want to pay a little bit of attention to the Pavlovsk Bank!,seminal.firedoglake.com,http://seminal.firedoglake.com/diary/65156
2010-08-15,12:52:35,d1axl,5,"Elderly man with walker robs bank, makes slow getaway",montrealgazette.com,http://www.montrealgazette.com/news/Elderly+with+walker+robs+bank+makes+slow+getaway/3400590/story.html
2010-08-15,23:04:25,d1e0u,5,Bomb threat hits Lourdes pilgrims.,bbc.co.uk,http://www.bbc.co.uk/news/world-europe-10980157
2010-08-15,22:35:49,d1dub,4,"Valuable water rights and hydro power could give India and Pakistan something new to squabble over, or power Kashmiri independence…",csmonitor.com,http://www.csmonitor.com/World/Asia-South-Central/2010/0811/The-other-Kashmir-problem-India-and-Pakistan-tussle-over-water
2010-08-15,23:29:51,d1e77,4,"Russian wildfires: In a village left to burn, anger grows at the Kremlin",telegraph.co.uk,http://www.telegraph.co.uk/news/worldnews/europe/russia/7945887/Russian-wildfires-In-a-village-left-to-burn-anger-grows-at-the-Kremlin.html
