2010-12-15,19:18:49,em64b,2519,The inhumane detention conditions of Bradley Manning - Glenn Greenwald - Salon.com,salon.com,http://www.salon.com/news/opinion/glenn_greenwald/2010/12/14/manning/index.html
2010-12-15,10:58:44,elzrp,1662,Iceland Considers Revoking Visa/MasterCard Licenses For Wikileaks Ban,techdirt.com,http://www.techdirt.com/articles/20101214/11124912272/iceland-considers-revoking-visamastercard-licenses-wikileaks-ban.shtml
2010-12-16,06:06:49,emgft,374,"British police tactic ""kettling"" challenged on 
multiple breaches of the European Convention on 
Human Rights including: Article 5 - the right not 
to be unlawfully detained; Article 10 - the right to 
freedom of expression; and Article 11 - the right 
to freedom of assembly",google.com,http://www.google.com/hostednews/ukpress/article/ALeqM5hK97JtRIOOeKUxESqXRLSeUDBTJw?docId=B39208111292330372A000
2010-12-15,21:00:16,em73z,320,"My name is Jody McIntyre and I didn’t begin fighting for equality on the 9th December, the night that I was thrown from my wheelchair and dragged across the road by a riot police officer.",blogs.independent.co.uk,http://blogs.independent.co.uk/2010/12/15/jody-mcintyre-who%E2%80%99s-apathetic-now/
2010-12-15,16:34:41,em4ir,236,WikiLeaks: Swedish government 'hid' anti-terror operations with America from Parliament,telegraph.co.uk,http://www.telegraph.co.uk/news/worldnews/wikileaks/8202745/WikiLeaks-Swedish-government-hid-anti-terror-operations-with-America-from-Parliament.html?sms_ss=reddit&at_xt=4d087d957142a68d%2C0
2010-12-15,07:17:49,elw85,205,Palestinian firefighters who helped put out Israeli forest fire denied permits to attend ceremony in their honor,haaretz.com,http://www.haaretz.com/news/national/technical-error-prevented-palestinian-firefighters-from-entering-israel-for-ceremony-1.330616
2010-12-16,01:56:50,embvj,124,Bloggers Under Fire Worldwide - an emerging pattern of internet censorship and repression against those who speak out online,truth-out.org,http://www.truth-out.org/bloggers-under-fire65961
2010-12-16,06:41:58,emh3e,98,Wikileaks cable from Ghana reveals that Ghanaian officials avoid arresting drug barons and that smugglers may actually be moving cocaine through President Mills' private lounge at Kotoka airport,guardian.co.uk,http://www.guardian.co.uk/world/2010/dec/14/wikileaks-corrupt-ghana-police-drugs
2010-12-15,22:30:04,em89m,96,"The city of Juarez, Mexico has just had its 3000th murder this year.  In 2007, the number of homicides was 300.",edition.cnn.com,http://edition.cnn.com/2010/WORLD/americas/12/15/mexico.juarez.homicides/index.html?hpt=T2
2010-12-16,00:18:43,ema2d,96,UK may ban further student marches should the levels of violence which have marred the recent protests continue,independent.co.uk,http://www.independent.co.uk/news/uk/crime/student-protests-may-be-banned-altogether-if-violence-continues-2160620.html
2010-12-15,01:39:46,elqk1,88,Julian Assange denied freedom - bail ruling is being appealed. Another 48 hours in custody,australiantimes.co.uk,http://www.australiantimes.co.uk/in-the-uk/Assange-granted-bail-now-faces-an-appeal
2010-12-16,01:44:25,embmy,77,"European Commission demands Britain justifies the widespread fingerprinting of children in schools because of ""significant concerns"" that the policy breaks EU privacy laws",telegraph.co.uk,http://www.telegraph.co.uk/news/worldnews/europe/eu/8202076/Europe-tells-Britain-to-justify-itself-over-fingerprinting-children-in-schools.html
2010-12-15,13:55:26,em2j6,52,Prime Minister of Kosovo may have been leader in a black market organ-smuggling ring,bbc.co.uk,http://www.bbc.co.uk/news/world-europe-11997272
2010-12-15,08:22:38,elx9l,36,"Halliburton Offers Nigeria $250 Million in Exchange for Dropping Charges Against Cheney, Company",truth-out.org,http://www.truth-out.org/halliburton-offers-nigeria-250-million-exchange-dropping-charges-against-cheney-company65957
2010-12-15,13:12:48,em1v3,34,S. Korea stages largest-scale civil defense drill amid tension with N. Korea,english.yonhapnews.co.kr,http://english.yonhapnews.co.kr/news/2010/12/15/0200000000AEN20101215004300315.HTML
2010-12-15,18:22:23,em5ld,31,Worldwide sexual abuse network unveiled after Norwegian police followed up on a lead about a ex-police officer under investigation for attempted sexual abuse of a minor. ,translate.google.com,http://translate.google.com/translate?js=n&prev=_t&hl=no&ie=UTF-8&layout=2&eotf=1&sl=no&tl=en&u=http%3A%2F%2Fwww.dagbladet.no%2F2010%2F12%2F15%2Fnyheter%2Futenriks%2Fovergrep%2Fpedofili%2F14718698%2F
2010-12-15,08:58:11,elxti,31,"Russia: Frost At The Core - 
""The tensions between the declining performance of the Russian economy, the expectations of the population and the corruption of the bureaucracy will erode the system, whoever is president""",economist.com,http://www.economist.com/node/17674075
2010-12-16,00:29:29,emaai,27,RBS 'blocks FSA publication of bank investigation',bbc.co.uk,http://www.bbc.co.uk/news/business-12001243?utm_source=twitterfeed&utm_medium=twitter
2010-12-15,23:38:53,em9dd,29,"Ten Biggest Africa Stories of 2010 - Unless we live there, or have some professional interest, most of us probably couldn't name even one Africa story from 2010  - The New Yorker",newyorker.com,http://www.newyorker.com/online/blogs/newsdesk/2010/12/africa.html
2010-12-16,06:24:26,emgqm,27,Red Cross says Afghan conditions worst in 30 years,trust.org,http://www.trust.org/alertnet/news/red-cross-says-afghan-conditions-worst-in-30-years/
2010-12-15,19:17:55,em63u,23,Leaked Cable: Hike food prices to boost GM crop approval in Europe,thepeoplesvoice.org,http://www.thepeoplesvoice.org/TPV3/Voices.php/2010/12/14/leaked-cable-hike-food-prices-to-boost-g
2010-12-16,00:42:36,emaj3,19,Prime Minister of Kosovo is head of organ harvesting and drug ring in Eastern Europe: report,nydailynews.com,http://www.nydailynews.com/news/world/2010/12/15/2010-12-15_prime_minister_of_kosovo_is_head_of_organ_harvesting_and_drug_ring_in_eastern_eu.html?r=news
2010-12-16,05:24:38,emfog,19,27 asylum seekers die as boat sinks off Australia,news.yahoo.com,http://news.yahoo.com/s/ap/20101215/ap_on_re_as/as_australia_boat_sinks
2010-12-15,23:07:36,em8ua,18,"Cuba has launched its own online encyclopedia, similar to Wikipedia, with the goal of presenting
its version of the world and history.",english.aljazeera.net,http://english.aljazeera.net/news/americas/2010/12/20101215425691693.html
2010-12-15,18:04:30,em5eo,20,American ambassador says Norwegians are self-righteous moralists and calls the country a loose cannon,translate.google.com,http://translate.google.com/translate?js=n&prev=_t&hl=en&ie=UTF-8&layout=2&eotf=1&sl=auto&tl=en&u=http://www.vg.no/nyheter/utenriks/wikileaks/artikkel.php%3Fartid%3D10020498
2010-12-15,09:05:09,elxxr,17,Old and Wise: Why Do Smarter People Live Longer? - Intelligent people live longer—the correlation is as strong as that between smoking and premature death.,scientificamerican.com,http://www.scientificamerican.com/article.cfm?id=old-and-wise
2010-12-15,19:30:48,em681,17,"Bangladesh police shoot striking garment workers. ""Police mobilised by the Awami League gov't killed four garment workers and injured at least 150 after opening fire with live bullets and tear gas shells on striking workers in Bangladesh last Sunday.""",wsws.org,http://www.wsws.org/articles/2010/dec2010/lead-d15.shtml
2010-12-15,13:41:08,em2ba,15,Boatload of asylum seekers shipwrecked off Christmas Island in Australia.. At least 30 people missing..,theaustralian.com.au,http://www.theaustralian.com.au/news/dozens-feared-dead-in-christmas-island-asylum-seeker-boat-crash/story-e6frg6n6-1225971549420
2010-12-15,23:29:38,em97w,13,"The Inequality That Matters - People assume, by and large, that the rich earn their wealth. But bankers no longer do. They have ""tapped a hole in the social till"" and they're sucking out money. A big problem. Maybe an insoluble one",the-american-interest.com,http://www.the-american-interest.com/article-bd.cfm?piece=907
2010-12-15,23:14:27,em8y3,12,New evidence that Rupert Murdoch's News of the World hacked celebrity cell phones while David Cameron's head of communications was editor,guardian.co.uk,http://www.guardian.co.uk/media/2010/dec/15/phone-hacking-sienna-miller-evidence
