2010-02-25,13:01:18,b686m,911,"The British PoW who broke into Auschwitz — and survived: In 1944, Denis Avey swapped identities with a Jewish prisoner in Auschwitz. Now, at 91, he reveals why he did it",women.timesonline.co.uk,http://women.timesonline.co.uk/tol/life_and_style/women/the_way_we_live/article7039572.ece
2010-02-25,16:32:57,b6adn,192,Australian web-filter minister caught censoring his own site.,news.com.au,http://www.news.com.au/technology/conroys-website-removes-references-to-filter/story-e6frfro0-1225834474153
2010-02-25,13:49:01,b68pb,115,"Tel Aviv, Israel introduces Municipal program to prevent Arab boys from dating Jewish girls",coteret.com,http://coteret.com/2010/02/24/tel-aviv-presents-municipal-program-to-prevent-arab-boys-from-dating-jewish-girls/
2010-02-25,15:41:13,b69xp,93,Royal Bank of Scotland announces £3.6bn of losses. RBS is expected to pay £1.3bn in bonuses to its staff.,news.bbc.co.uk,http://news.bbc.co.uk/2/hi/business/8534694.stm
2010-02-25,08:18:21,b659j,48,Australia warns Israel on Dubai assassination plot,smh.com.au,http://www.smh.com.au/national/australia-warns-israel-on-dubai-assassination-plot-20100225-p4cj.html
2010-02-25,18:56:50,b6brr,39,"Berlin Takes On Washington - German Foreign Minister Guido Westerwelle has been vocal in his demands that the US remove its nuclear weapons from German soil. Now he is calling for NATO to discuss the issue at an upcoming meeting, despite outspoken American opposition to his proposal",spiegel.de,"http://www.spiegel.de/international/germany/0,1518,680174,00.html"
2010-02-26,06:25:04,b6kbq,29,"Libyan leader Muammar Gaddafi called on Thursday for a ""jihad"" or armed struggle against Switzerland, saying it was an infidel state that was destroying mosques.",reuters.com,http://www.reuters.com/article/idUSTRE61O53820100225
2010-02-26,05:58:33,b6k1e,22,European Union high court said Thursday the disputed area is not part of Israel and Israeli goods made there are subject to EU import duties. ,haaretz.com,http://www.haaretz.com/hasen/spages/1152380.html
2010-02-25,08:32:01,b65et,21,NATO admits false intelligence lead to deaths of 8 boys,timesonline.co.uk,http://www.timesonline.co.uk/tol/news/world/afghanistan/article7040166.ece
2010-02-25,22:23:03,b6dw2,22,"UN takes conservative line against Latin America's growing drug reform movement - The U.N. body says it is particularly concerned by a 2009 law in Mexico that decriminalizes possession of small amounts of cannabis, cocaine, heroin and other drugs.",globalpost.com,http://www.globalpost.com/dispatch/mexico/100223/latin-america-decriminalizing-drugs-united-nations
2010-02-25,10:39:50,b66pj,14,Hooded gunmen kill 13 in southern Mexico,news.bbc.co.uk,http://news.bbc.co.uk/2/hi/americas/8535750.stm
2010-02-25,14:12:46,b68z6,15,Israeli writer Alon Hilu's acclaimed historical novel tackles the most sensitive of Zionist taboos head-on,guardian.co.uk,http://www.guardian.co.uk/world/2010/feb/24/palestine-catastrophe-foreshadowed-ian-black
2010-02-25,16:12:52,b6a82,14,"Six more Britons, including a 23-year-old woman, have discovered their identities were stolen by an alleged Mossad hit squad in the murder of a Hamas leader last month. ",telegraph.co.uk,http://www.telegraph.co.uk/news/worldnews/middleeast/dubai/7309501/Six-more-Britons-had-identities-stolen-by-Mossad-assassins.html
2010-02-25,11:57:07,b67i9,12,Gordon Brown to Tony Blair: YOU RUINED MY LIFE,guardian.co.uk,http://www.guardian.co.uk/politics/2010/feb/24/gordon-brown-rant-tony-blair
2010-02-25,22:22:48,b6dvx,13,Vancouver faces a  $1 billion hangover From the Olympic party,nytimes.com,http://www.nytimes.com/2010/02/25/sports/olympics/25vancouver.html?hp
2010-02-25,09:52:55,b667t,10,Hospital left patients 'sobbing and humiliated',news.bbc.co.uk,http://news.bbc.co.uk/1/hi/health/8531441.stm
2010-02-26,06:37:37,b6kgr,11,"Communism has lost the capacity to inspire the Chinese. As the dominant political tradition in China, Confucianism is the obvious alternative.",csmonitor.com,http://www.csmonitor.com/Commentary/Global-Viewpoint/2010/0224/China-s-alternative-to-Communism-and-democracy
2010-02-25,22:44:53,b6e60,10,A former Rwandan military officer accused of ordering the killing of up to 50 people has been jailed for 25 years by a U.N. court trying masterminds of the country's 1994 genocide. Six months for each person killed...,reuters.com,http://www.reuters.com/article/idUSTRE61O2UW20100225
2010-02-25,23:49:48,b6f47,10,Patient is called back to the hospital after Mastectomy... Good news and bad. The good; You don't have cancer.,cbc.ca,http://www.cbc.ca/canada/windsor/story/2010/02/24/windsor-second-mastectomy-100224.html?ref=rss
2010-02-25,09:05:50,b65qg,8,Argentina steps up pressure on Falklands,independent.co.uk,http://www.independent.co.uk/news/world/americas/argentina-steps-up-pressure-on-falklands-1909917.html
2010-02-25,08:47:41,b65jr,11,Sudan's President Omar al-Bashir says the seven-year conflict in his country's Darfur region is over.,news.google.com,http://news.google.com/news/url?sa=t&ct2=us%2F1_0_s_2_0_t&ct3=MAA4AUgCUABqAnVzegF3&usg=AFQjCNGtjwXHT6EiMVpziQ3GOHVyOWjC6A&cid=8797504293621&ei=YMiFS8_SMInylQSx0dkS&rt=HOMEPAGE&vm=STANDARD&url=http%3A%2F%2Fwww1.voanews.com%2Fenglish%2Fnews%2Fafrica%2FBashir-Darfur-War-Is-Over-85242722.html
2010-02-25,19:26:28,b6c23,8,Acquittal at Retrial - The Anti-terrorist Special Criminal Court ruled that the police had failed to collect sufficient evidence against the man.,nytimes.com,http://www.nytimes.com/2010/02/25/world/europe/25briefs-ireland.html
2010-02-25,21:16:09,b6d4i,6,"Hamas commander assassinated in Dubai, used the same tradecraft -- fraudulent passports and disguises -- as his killers during secret missions to procure arms for the group",news.yahoo.com,http://news.yahoo.com/s/nm/20100225/wl_nm/us_emirates_assassination_hamas
2010-02-25,11:32:27,b678z,8,"A 11 year old boy was sexually abused, bound, gagged and beaten, prodded with a fork, whipped with a wire, sprayed down with vinegar and forced to eat chilli peppers as well as his own vomit by two sisters a court in Leicester has heard.",news.bbc.co.uk,http://news.bbc.co.uk/2/hi/uk_news/england/leicestershire/8535304.stm
2010-02-25,10:50:31,b66t1,8,Was Mossad on a fantastic adventure in Dubai?,haaretz.com,http://www.haaretz.com/hasen/spages/1152244.html
2010-02-25,23:02:44,b6eej,8,"From now on, the Iranian government has announced, any airline which refers to the waterway between Iran and Arab states as the Arabian Gulf rather than the Persian Gulf will be banned from its airspace. ",guardian.co.uk,http://www.guardian.co.uk/world/2010/feb/22/iran-airlines-persian-gulf
2010-02-25,23:52:50,b6f5u,7,French President Sarkozy admitted France’s “error of judgment” but stopped short of an apology in connection with the Rwandan 1994 genocide ,france24.com,http://www.france24.com/en/20100225-sarkozy-rwanda-first-visit-france-rwanda-diplomacy
2010-02-25,23:52:39,b6f5q,7,"Deputy Foreign Minister Danny Ayalon said ""Israel intends to increase the aid it sends to South American and Latin American states, but in return it expects support from them in the UN.""... but isn't this just aid that Israel has received from the US? ",ynetnews.com,"http://www.ynetnews.com/articles/0,7340,L-3853832,00.html"
2010-02-25,16:59:26,b6alh,8,A good explanation of why the Google legal representatives in Italy were prosecuted,blog.quintarelli.it,http://blog.quintarelli.it/quintas_weblog_in_english/2009/02/ridiculous-criminal-trial-of-google-execs-begins-in-italy-techdirt.html
2010-02-25,17:23:03,b6aub,8,"They've used biologically-infected chocolate, silencer-fitted pistols and bombs concealed in mobile telephones. Who would have thought the latest weapon of choice of Israel's assassins would be the humble hotel pillow?",abc.net.au,http://www.abc.net.au/news/stories/2010/02/23/2828041.htm?site=thedrum
