2010-10-26,06:48:24,dwaaz,1418,Iceland turns from banks to freedom of speech. Iceland wants companies from around the world to set up their servers there and publish material online without the fear of ruinous lawsuits or censorship.,marketplace.publicradio.org,http://marketplace.publicradio.org/display/web/2010/10/25/am-iceland-turns-from-banks-to-freedom-of-speech-/
2010-10-26,16:07:49,dwi0h,289,"WikiLeaks Files Show Torture, Civilian Deaths and Contractor Abuses",truthdig.com,http://www.truthdig.com/avbooth/item/wikileaks_files_show_torture_civilian_deaths_and_contractor_abuses_20101025/
2010-10-26,19:03:23,dwjm2,210,[Commentary] Sarkozy's Perfect Storm - The French are not just protesting to stop the retirement age from being raised. They are also fighting to save their country from government sleaze and the dismantling of democracy.,spiegel.de,"http://www.spiegel.de/international/europe/0,1518,725250,00.html"
2010-10-26,23:00:38,dwmc9,59,"Venezuelan President Hugo Chavez ordered a 
government takeover of the local unit of U.S.- 
owned glass manufacturer Owens-Illinois Inc.",bloomberg.com,http://www.bloomberg.com/news/2010-10-26/venezuela-s-chavez-orders-government-takeover-of-owens-illinois-local-unit.html
2010-10-26,23:47:33,dwn38,55,Tariq Aziz sentenced to death by hanging,youtube.com,http://www.youtube.com/watch?v=jCq_EalGr3k
2010-10-26,12:20:43,dwf4l,52,"The British military has been training interrogators in techniques that include threats, sensory deprivation and enforced nakedness in breach of the Geneva conventions",guardian.co.uk,http://www.guardian.co.uk/uk/2010/oct/25/uk-military-interrogation-manuals
2010-10-26,20:28:05,dwkfs,49,Iran loads fuel into its first nuclear reactor,bbc.co.uk,http://www.bbc.co.uk/news/world-middle-east-11625058
2010-10-27,04:12:09,dwrpa,47,"Henry Morgentaler, a physician and Auschwitz survivor, ran a decades-long campaign to legalize abortion in Canada. After prison, persecution and death threats, he won.",theglobeandmail.com,http://www.theglobeandmail.com/report-on-business/25/the-25/henry-morgentaler-fought-a-long-battle-to-decriminalize-abortion-in-canada/article1771980/
2010-10-26,20:40:50,dwkk0,37,Film Of What Is Reported To Be Settlers Setting Fire To Palestinian Vehicles In Qusra,liveleak.com,http://www.liveleak.com/view?i=374_1288026589
2010-10-26,19:27:40,dwjuq,35,Sherpa Who Scaled Mt. Everest 19 Times Is Feared Dead After Hit by Avalanche | Updates as of 10/26/2010,current.com,http://current.com/news/world/92744466_sherpa-who-scaled-mt-everest-19-times-is-feared-dead-after-hit-by-avalanche-updates-as-of-10-26-2010.htm
2010-10-27,05:51:14,dwtcc,38,"112 Dead, 500 Missing after 7.7 Earthquake Triggers Tsunami in Indonesia | Videos | Photos",current.com,http://current.com/news/92747748_112-dead-500-missing-after-7-7-earthquake-triggers-tsunami-in-indonesia-videos-photos.htm
2010-10-26,23:47:36,dwn3b,32,"Former British PM, Tony Blair, 'to be called back' to Iraq war inquiry to answer questions about 'gaps' in his evidence",dailymail.co.uk,http://www.dailymail.co.uk/news/article-1323798/Tony-Blair-called-Iraq-war-inquiry-explain-gaps-evidence.html?ito=feeds-newsxml#ixzz13SWY9Bse
2010-10-27,05:08:43,dwsn6,34,"Israel is relieved not to be the only war criminal - The voice of joy, the voice of rejoicing is heard in Israel: The Americans and British have also committed for war crimes, not only us.
",haaretz.com,http://www.haaretz.com/print-edition/opinion/israel-is-relieved-not-to-be-the-only-war-criminal-1.321188
2010-10-26,14:42:35,dwh0i,29,Wikileaks’ Iraq War Logs: Obama Administration Handed Over Detainees Despite Reports of Torture,zeroanthropology.net,http://zeroanthropology.net/2010/10/26/wikileaks-iraq-war-logs-obama-administration-handed-over-detainees-despite-reports-of-torture/
2010-10-27,07:59:18,dwvcn,24,"Syrian Prez: US creates chaos in every place it enters - ""Is Afghanistan stable? Is Somalia stable? Did they bring stability to Lebanon in 1983?"" Assad asked, referring to US intervention in Lebanon's 15-year civil war that ended in 1990.",jpost.com,http://www.jpost.com/International/Article.aspx?id=192896
2010-10-27,00:11:17,dwnhl,23,At least 103 people were killed and 150 others were missing after a 7.7-magnitude earthquake struck off Sumatra on Monday and triggered a tsunami,edition.cnn.com,http://edition.cnn.com/2010/WORLD/asiapcf/10/26/indonesia.quake/index.html?iref=NS1
2010-10-26,19:00:05,dwjki,22,"Report: War-torn states (Afghanistan, Iraq, Somalia) are still the most corrupt in the world. Some countries have become more corrupt in the past year, particularly, Hungary, Italy and the US.",bbc.co.uk,http://www.bbc.co.uk/news/business-11625623
2010-10-26,19:40:33,dwjyq,18,Powerful earthquake in Indonesia. Tsunami strikes village,australiantimes.co.uk,http://www.australiantimes.co.uk/news/Nine-Australians-missing-after-Indon-quake
2010-10-27,04:50:36,dwsc2,18,Scottish citizens finally have the right to legal counsel before being questioned by police. ,bbc.co.uk,http://www.bbc.co.uk/news/uk-scotland-11622138
2010-10-26,19:41:16,dwjyx,17,"Tariq Aziz, Saddam Hussein's former deputy prime minister, has been sentenced to death for role in ""eliminating religious parties""",telegraph.co.uk,http://www.telegraph.co.uk/news/worldnews/middleeast/iraq/8087155/Tariq-Aziz-sentenced-to-death.html
2010-10-26,15:49:53,dwhto,14,Students aim to bolster French protests,bbc.co.uk,http://www.bbc.co.uk/news/world-europe-11624615
2010-10-27,02:05:00,dwphy,15,Russia's military could be drawn back into Afghanistan for the first time since the Red Army was forcibly expelled by US-backed mujahideen fighters in 1989,guardian.co.uk,http://www.guardian.co.uk/world/2010/oct/26/nato-afghanistan-russia-military
2010-10-26,20:43:49,dwkl3,12,"British Gov to relax immigration laws to attract top talent, will likely decimate the UK IT industry.",techeye.net,http://www.techeye.net/business/uk-big-business-exploits-visa-loophole-to-decimate-it-jobs
2010-10-26,08:14:12,dwbk7,11,U.N. urged to freeze climate geo-engineering projects,reuters.com,http://www.reuters.com/article/idUSTRE69K18320101021
2010-10-26,12:17:46,dwf38,10,"More than 9.8 million people are held in penal
institutions throughout the world. Almost half of these are in the US (2.29m), Russia (0.89m) or China (1.57m) [pdf]",kcl.ac.uk,http://www.kcl.ac.uk/depsta/law/research/icps/downloads/wppl-8th_41.pdf
2010-10-27,04:09:14,dwrnf,6,Slovenia elects its first black mayor,thestate.com,http://www.thestate.com/2010/10/24/1528285/slovenia-elects-its-1st-black.html
2010-10-26,17:01:54,dwijd,6,Repeated intrusions at Belgian nuclear base stoke worries about nuclear weapons safety. ,gsn.nti.org,http://gsn.nti.org/gsn/nw_20101022_7567.php
2010-10-27,07:52:40,dwv7l,4,"One Quarter of French Gas Stations Without Fuel Amid Strikes, Blockades - Bloomberg",bloomberg.com,http://www.bloomberg.com/news/2010-10-24/one-quarter-of-french-gas-stations-without-fuel-amid-strikes-blockades.html
2010-10-27,00:15:06,dwnjv,4,Russian bears treat graveyards as 'giant refrigerators' ,guardian.co.uk,http://www.guardian.co.uk/world/2010/oct/26/russia-bears-eat-corpses-graveyards
2010-10-26,08:29:02,dwbr5,4,Iraq Through Night-Vision Goggles - By Christopher Hitchens - Slate Magazine,slate.com,http://www.slate.com/id/2272246/
