2010-07-29,10:47:59,cuvyr,768,UN declares clean water a 'fundamental human right',bbc.co.uk,http://www.bbc.co.uk/news/world-us-canada-10797988
2010-07-29,19:51:10,cv0wu,179,Leaked documents from the Afghanistan war appear to confirm that Australian forces are backing a local war lord who has been extorting money from NATO convoys carrying supplies to Coalition forces.,abc.net.au,http://www.abc.net.au/news/stories/2010/07/29/2968040.htm
2010-07-30,04:01:25,cv6uh,139,"Anti-US Protestors Arrested At Base In Sweden - ""The USA is the world's biggest and most aggressive fighting country in the world... When Sweden allows the US Air Force to come here and train, we make ourselves accessories to the USA's war crimes,"" activist Maja Backlund said.",thelocal.se,http://www.thelocal.se/28082/20100729/
2010-07-29,16:40:29,cuzho,129,Is Israel a liability for the US?,blogs.aljazeera.net,http://blogs.aljazeera.net/imperium/2010/07/28/israel-liability-us
2010-07-30,00:48:22,cv44z,123,Life Inside A Colombian Prison...w/ pictures,good.is,http://www.good.is/post/picture-show-inside-a-colombian-prison/
2010-07-29,18:18:42,cv088,101,The publication of the war logs by WikiLeaks has sparked a new debate about Germany's involvement in the conflict. The Social Democrats are threatening to withhold support for an extension of the mission's mandate if the government does not provide answers about alleged wrongdoings.,spiegel.de,"http://www.spiegel.de/international/germany/0,1518,708880,00.html"
2010-07-29,15:46:23,cuyxf,88,"Man shows up in court to face G20 ‘five-metre’ charges, discovers they don’t exist: Toronto Police Chief said, “the five-metre zone around the fence is for the protection of the security barrier.” When the summit ended, Chief Blair said there never was a five-metre law!",theglobeandmail.com,http://www.theglobeandmail.com/news/national/toronto/man-shows-up-to-face-g20-five-metre-charges-discovers-they-dont-exist/article1655049/
2010-07-30,00:00:31,cv3go,87,"Russia's FSB can now officially ""warn"" citizens about to commit a crime by detaining them for up to 15 days.",bbc.co.uk,http://www.bbc.co.uk/news/world-europe-10801029
2010-07-29,21:01:24,cv1ho,82,Morocco's Marijuana economy goes up in smoke as authorities clamp down on a culture that was previously acceptable,globalpost.com,http://www.globalpost.com/dispatch/morocco/100719/morocco-cannabis-growers-complain-corruption
2010-07-29,14:00:20,cuxxe,63,"About Wikileaks:  There is no doubt that Obama himself, his top aides in the White House and Pentagon and the leading circles in the media were well aware of these atrocities. That makes all the more criminal the president’s decision to escalate the war in Afghanistan",wsws.org,http://www.wsws.org/articles/2010/jul2010/afgh-j28.shtml
2010-07-29,09:56:40,cuvg6,44,British Prime Minister David Cameron: We cannot allow Pakistan to look both ways and promote the export of terror to India,bbc.co.uk,http://www.bbc.co.uk/news/world-south-asia-10791182
2010-07-29,08:41:59,cuupg,40,"A boy, aged five, who was wrongly accused by a supermarket of stealing a bag of crisps has won €7,500 in damages for defamation of character",independent.co.uk,http://www.independent.co.uk/news/uk/home-news/boy-5-cleared-of-theft-gets-1636300-2037991.html
2010-07-29,03:40:39,cur1s,40,"Wikileaks recent release of military documents included a list of afghan informants, hundreds of names, their location, and their father's names.  ",cbsnews.com,http://www.cbsnews.com/8301-503543_162-20011886-503543.html
2010-07-29,13:33:40,cuxpj,38,Business reporter in China is wanted by the police after he exposed insider trading in a listed firm.,chinadaily.com.cn,http://www.chinadaily.com.cn/china/2010-07/29/content_11063544.htm
2010-07-30,07:10:55,cv96x,37,Lindsey Graham Is Considering Bill That Would End Birthright Citizenship,newscastmedia.com,http://newscastmedia.com/lindseygraham.htm
2010-07-29,22:28:16,cv2c8,34,"An 80-year-old Roman Catholic priest was found stabbed to death in his church in the city of Oaxaca, in southern Mexico",cnn.com,http://www.cnn.com/2010/WORLD/americas/07/29/mexico.priest.killed/index.html?hpt=Sbin
2010-07-30,05:20:02,cv7x0,26,Why The Shaming Of The North Korean Soccer Team Is Actually A Really Big Story,businessinsider.com,http://www.businessinsider.com/why-the-shaming-of-the-north-korean-soccer-team-is-actually-a-really-big-story-2010-7
2010-07-29,08:52:42,cuuti,27,Infographic: Where Did the Money to Rebuild Iraq Go? ,good.is,http://www.good.is/post/infographic-where-did-the-money-to-rebuild-iraq-go/?utm_source=feedburner&utm_medium=feed&utm_campaign=Feed%3A+good%2Flbvp+%28GOOD+Main+RSS+Feed%29
2010-07-29,20:16:37,cv13g,24,Couple in custody after 8 dead babies found in plastic bags,msnbc.msn.com,http://www.msnbc.msn.com/id/38462248/ns/world_news-europe/
2010-07-29,21:24:16,cv1ov,22,Russia boosts secret service powers,english.aljazeera.net,http://english.aljazeera.net/news/europe/2010/07/20107291013454667.html
2010-07-30,03:04:07,cv63r,16,Ireland prepares for a fire sale of national assets to pay debts.,globalpost.com,http://www.globalpost.com/dispatch/ireland/100726/ireland-economy-sale
2010-07-29,13:42:06,cuxrt,17,Kim Jong-il on the way out? He has started transferring his personal wealth to his youngest son and anointed successor.,abc.net.au,http://www.abc.net.au/news/stories/2010/07/29/2967741.htm?section=justin
2010-07-30,03:54:26,cv6r7,18,"""Made in China - but for how long?"" the looming decline of low end manufacturing in China from the Chinese perspective",chinadaily.com.cn,http://www.chinadaily.com.cn/bizchina/2010-07/19/content_10125806.htm
2010-07-30,04:50:53,cv7i1,16,Afghan Women Fear Their Fate Amid Taliban Negotiations,time.com,"http://www.time.com/time/world/article/0,8599,2007238,00.html"
2010-07-29,12:50:38,cuxah,13,Chinese get oiled to clean oil spill,boston.com,http://www.boston.com/bigpicture/2010/07/cleaning_dalian_harbor.html
2010-07-30,02:24:28,cv5iz,15,Rains trigger landslide in China (amazing pic),english.aljazeera.net,http://english.aljazeera.net/news/asia-pacific/2010/07/201072855412982142.html
2010-07-29,14:43:19,cuyc8,13,Israel cracks down on dissent,english.aljazeera.net,http://english.aljazeera.net/video/middleeast/2010/07/201072816515308172.html
2010-07-30,00:16:28,cv3p3,14,Arab man convicted of rape petitions Israeli High Court,ynetnews.com,"http://www.ynetnews.com/articles/0,7340,L-3926911,00.html"
2010-07-29,08:53:38,cuutw,11,Most Israelis have been brainwashed to the point where they are beyond reason and prefer to live with the fear of annihilation (fear planted and nourished in them by Zionist propaganda) rather than the comfort of peace and security.,informationclearinghouse.info,http://www.informationclearinghouse.info/article26035.htm
2010-07-30,04:00:04,cv6u2,7,"Spain pursues US troops over Iraq death: 
Warrants for US soldiers involved in cameraman's death issued in Spain.",cnn.com,http://www.cnn.com/2010/CRIME/07/29/spain.us.troops/index.html
