2010-09-08,00:13:06,dan5i,674,Two redditors are climbing Mt. Kilimanjaro for charity and will do your bidding at the peak. Don't squander this opportunity to let your upvotes do something awesome.,youtube.com,http://www.youtube.com/watch?v=G8hPQbK6mpY#bacon
2010-09-08,13:07:52,daxtq,628,"""For them, there is no safe place. They are raped when harvesting crops; when going to market; when fetching water and firewood; when carrying their babies; when in their homes at night, among their loved ones.""",cnn.com,http://www.cnn.com/2010/WORLD/africa/09/07/congo.rapes.un/index.html
2010-09-09,01:18:49,db5st,461,Prison break: 680 have escaped.,edition.cnn.com,http://edition.cnn.com/2010/WORLD/africa/09/08/nigeria.prison.break/index.html?eref=edition#fbid=2w6nqXoIpK-&wom=false
2010-09-08,10:12:33,davjn,224,Al Jazeera English documentary: A look at how the swell of Chinese globalisation is having an impact on the coast of Africa.,youtube.com,http://www.youtube.com/watch?v=bz0bhb5m3pQ
2010-09-08,20:29:59,db1z6,203,"A tradition in Masonry is to crave the faces of Masons into the Gargoyles, this time the Mason was a Muslim and the project was a Catholic Church.  Rightist groups are now accusing Islam of taking over their Churches.",bbc.co.uk,http://www.bbc.co.uk/news/world-europe-11210513
2010-09-08,18:58:35,db16m,183,"As students around the world head back to school, many of the lessons they're learning are not only false -- they're dangerous",foreignpolicy.com,http://www.foreignpolicy.com/articles/2010/09/07/the_worlds_worst_textbooks?page=full
2010-09-08,22:47:13,db3hi,108,Book: 'Racist' Churchill let millions of Indians starve to death,rawstory.com,http://www.rawstory.com/rs/2010/09/book-claims-churchill-deliberately-millions-indians-starve-death/
2010-09-08,19:04:30,db18n,97,Israel worried by America's proposal for international force in Palestinian territory,jpost.com,http://www.jpost.com/Israel/Article.aspx?id=187516
2010-09-08,23:45:13,db4bl,84,"A now-discharged US sergeant who served in Iraq secretly planted grenades in the cars of Iraqis at check points, for a prank. He's caused controversy because he filmed himself and the reaction of drivers as a joke, and posted it on YouTube.",youtube.com,http://www.youtube.com/watch?v=J8FfQRVktq4
2010-09-09,05:04:41,db9ck,76,Report: Castro says Cuban model doesn't work,news.yahoo.com,http://news.yahoo.com/s/ap/20100908/ap_on_re_la_am_ca/cb_cuba_fidel_castro_5
2010-09-08,16:21:39,daztj,71,Beware of Greeks Bearing Bonds.  Excellent Vanity Fair article about the problems of Greece,vanityfair.com,http://www.vanityfair.com/business/features/2010/10/greeks-bearing-bonds-201010?currentPage=all
2010-09-08,01:07:52,danz0,59,"59% of Israeli teens don’t want Arab students in their class - The survey...also revealed that 59% of teens aged 15 to 18 believe that Arab students should not have equal rights in schools.     
    
	- Arab News",arabnews.com,http://arabnews.com/middleeast/article128582.ece
2010-09-08,20:42:58,db23f,51,"Brazil has conducted its latest census 100% digitally, using 150,000 smartphones",pbahra.com,http://pbahra.com/2010/08/29/brazils-smartphone-census/
2010-09-09,06:05:44,dbacp,38,Ironic update in the Assange case: There's a leak in the police dept.,translate.google.com,http://translate.google.com/translate?u=http%3A%2F%2Fwww.dn.se%2Fnyheter%2Fsverige%2Fassangeforhor-pa-vift-utreds-1.1167110&sl=sv&tl=en&hl=&ie=UTF-8
2010-09-08,20:41:50,db22t,32,China blacks out towns to meet energy goal ,finance.yahoo.com,http://finance.yahoo.com/news/China-blacks-out-towns-to-apf-2687568039.html?x=0&sec=topStories&pos=5&asset=&ccode=
2010-09-09,02:11:52,db6pk,28,Trapped in a Chilean mine - moving photos [pics],boston.com,http://www.boston.com/bigpicture/2010/09/trapped_in_a_chilean_mine.html
2010-09-08,10:50:27,daw1s,21,"The Menacing Nature Of The Herd Mentality - Comradeship is usually a good thing. Crowds are often fun. But in politics (and on reddit) they are dangerous. They encourage simplicity and selfishness, override individual conscience. Crowd easily becomes mob ",tnr.com,http://www.tnr.com/blog/foreign-policy/77460/the-unwisdom-crowds
2010-09-08,23:52:11,db4fx,20,Fidel Castro criticises Mahmoud Ahmadinejad,bbc.co.uk,http://www.bbc.co.uk/news/world-us-canada-11226158
2010-09-09,03:39:01,db83b,19,N.Korea prepares for leader succession with first congress of ruling party in 30 years,time.com,"http://www.time.com/time/world/article/0,8599,2016724,00.html"
2010-09-08,16:07:56,dazpe,16,"A diplomatic row has intensified
between China and Japan after
collisions between two
Japanese patrol boats and a
Chinese trawler on Tuesday.",bbc.co.uk,http://www.bbc.co.uk/news/world-asia-pacific-11225522
2010-09-08,22:25:47,db37a,18,Palestinian militants fired a mortar round from the Gaza Strip on Wednesday narrowly missing a kindergarten in a kibbutz in southern Israel,google.com,http://www.google.com/hostednews/afp/article/ALeqM5gqtqFao4oAVqHfSQvk1Nji_6tTDA
2010-09-08,12:10:35,dax4r,14,Lone Chinese dissident decries an era of mediocrity,theaustralian.com.au,http://www.theaustralian.com.au/news/opinion/lone-dissident-decries-an-era-of-mediocrity/story-e6frg6zo-1225914022873
2010-09-09,03:15:30,db7pn,13,Film industry hires cyber hitmen to take down internet pirates,smh.com.au,http://www.smh.com.au/technology/technology-news/film-industry-hires-cyber-hitmen-to-take-down-internet-pirates-20100907-14ypv.html
2010-09-09,05:21:26,db9mw,14,"""I'm a Roman Catholic... I don't know if I've ever seen a Roman Catholic cut anybody's head off, slice somebody's throat or abuse women."" Really???",usatoday.com,http://www.usatoday.com/news/religion/2010-09-08-quran-burning-florida_N.htm
2010-09-09,06:02:23,dbaau,13,"Clinton sees drug ""insurgency"" in Mexico - Government has lost control to cartels",abcnews.go.com,http://abcnews.go.com/International/wireStory?id=11587246
2010-09-09,00:44:27,db57c,11,Leader of Faroe Islands Christian-Conservative party refuses to dine with Iceland's gay prime minister. ,pinknews.co.uk,http://www.pinknews.co.uk/2010/09/07/faroe-islands-mp-refuses-to-dine-with-icelands-gay-prime-minister-and-her-partner/
2010-09-08,19:58:05,db1ow,9,"The Man Responsible for Saving the Euro.
 Klaus Regling has been tasked with saving
Europe's common currency. At his disposal are a
dozen employees and 440 billion euros. He has
spent recent weeks preparing for the worst.",spiegel.de,"http://www.spiegel.de/international/business/0,1518,716108,00.html"
2010-09-08,16:37:13,dazyu,11,"Lobbyists behind the rightwing Tea Party group
in the US will arrive in London today to spread
their message of low taxes and small
government at an event organised by the UK's
controversial Taxpayers' Alliance.",guardian.co.uk,http://www.guardian.co.uk/world/2010/sep/07/tea-party-london-low-tax
2010-09-08,10:18:56,davmj,12,Tens of thousands homeless in Mexico after weeks of flooding rain,news.yahoo.com,http://news.yahoo.com/s/ap/20100908/ap_on_re_la_am_ca/lt_mexico_flooding
2010-09-08,22:44:54,db3gg,7,U.N. puts Congo sex attacks at more than 500,edition.cnn.com,http://edition.cnn.com/2010/WORLD/africa/09/07/congo.rapes.un/index.html
