2010-07-21,07:25:46,crsxr,1329,"A Palestinian man has been convicted of rape after having consensual sex with an Israeli woman who believed he was Jewish because he introduced himself as ""Daniel"".",telegraph.co.uk,http://www.telegraph.co.uk/news/worldnews/middleeast/israel/7901025/Palestinian-jailed-for-rape-after-claiming-to-be-Jewish.html
2010-07-21,21:01:11,cs06e,207,Germany sets up suicide bomber hotline for Islamic radicals who want help to quit extremism,usatoday.com,http://www.usatoday.com/news/world/2010-07-19-germany-extremists-islamic_N.htm
2010-07-21,08:58:23,crtur,201,Everyone knows designer sunglasses are a rip-off. But did you know they're all made by the same company?,online.wsj.com,http://online.wsj.com/article/SB10001424052748704518904575365362932852610.html?KEYWORDS=sunglasses
2010-07-21,21:35:26,cs0i9,94,"Israel to buy 19 advanced F-35 warplanes in a $3 billion deal from US, that would give it a significant military advantage",israelnationalnews.com,http://www.israelnationalnews.com/News/News.aspx/138709
2010-07-21,21:36:23,cs0ik,100,"""A degree is a degree, whether it's fake or real"" - Pakistani Politician. ",time.com,"http://www.time.com/time/world/article/0,8599,2005254,00.html?xid=rss-topstories"
2010-07-21,20:52:26,cs03y,93,Google pledges to obey China censorship laws and stop automatically switching mainland users to its unfiltered Hong Kong site,washingtonpost.com,http://www.washingtonpost.com/wp-dyn/content/article/2010/07/20/AR2010072001136.html
2010-07-22,07:34:27,cs88y,88,"In Israel, a convicted Jewish terrorist gets IDF guard for his vineyard in the occupied West Bank",haaretz.com,http://www.haaretz.com/print-edition/news/idf-guarding-hebron-vineyard-of-former-jewish-militant-1.303096
2010-07-21,18:46:40,crz6y,58,Former MI5 chief demolishes Blair's defence of the Iraq war,independent.co.uk,http://www.independent.co.uk/news/uk/politics/former-mi5-chief-demolishes-blairs-defence-of-the-iraq-war-2031289.html
2010-07-22,01:44:42,cs3sp,52,Hundreds of dead penguins wash ashore in Brazil.  Scientists say flightless birds likely starved to death but unsure why,msnbc.msn.com,http://www.msnbc.msn.com/id/38330746
2010-07-21,21:48:14,cs0o0,49,China oil spill after pipe blast 'worse than thought',bbc.co.uk,http://www.bbc.co.uk/news/world-asia-pacific-10708375
2010-07-22,01:46:25,cs3ti,45,China police 'mistakenly beat boss's wife',bbc.co.uk,http://www.bbc.co.uk/news/world-asia-pacific-10713681
2010-07-22,07:36:48,cs8a8,39,"Palestinian man to appeal rape-by-deception conviction.  Lawyer says, ""There was a short foreplay a few minutes before; during the foreplay, the guy tells a few lies, the lady tells a few lies. They both have one goal, and that is to go to bed together."" ",cnn.com,http://www.cnn.com/2010/WORLD/meast/07/21/israel.rape.by.deception/
2010-07-22,04:16:59,cs5v0,32,"We warned Iraq invasion would raise terror attack risk, says ex-MI5 chief - THE invasion of Iraq triggered a massive upsurge in terrorist activity against the UK, the former head of MI5 said yesterday.",thescotsman.scotsman.com,http://thescotsman.scotsman.com/politics/We-warned-Iraq-invasion-would.6430135.jp
2010-07-21,13:02:01,crwcr,28,China rushes to keep oil from international waters,google.com,http://www.google.com/hostednews/ap/article/ALeqM5hnRc-COAnkwXl4pq3IR3420c9jQQD9H359604
2010-07-21,08:02:05,crt7v,26,"One man's quest for peace, one school at a time, has become required reading for the US military. ""Al-Qaida and the Taliban are looking at [Afghanistan]  over generations, ... and we're looking at it in terms of annual fiscal cycles and presidential elections.""",guardian.co.uk,http://www.guardian.co.uk/world/2010/jul/19/greg-mortenson-us-army-afghanistan-pakistan
2010-07-22,02:12:09,cs45g,21,"Toxic Spill at Chinese Copper Mine Kills Nearly 1,900 Tons of Fish",physorg.com,http://www.physorg.com/news198827712.html
2010-07-21,09:03:21,crtwm,22,Growing Old Alone- Cleanup after unnoticed death now a growing industry,search.japantimes.co.jp,http://search.japantimes.co.jp/cgi-bin/nn20100721f3.html
2010-07-21,19:15:36,crzee,19,"Israel: We will restrict use of white phosphorus munitions and seek to limit civilian casualties in future wars by deploying with troops a ""humanitarian affairs officer""",google.com,http://www.google.com/hostednews/afp/article/ALeqM5jtI3k2bjD1V4_FNgPRethKisLyAw
2010-07-22,03:40:58,cs5dd,19,British PM David Cameron flew on a regularly scheduled commercial British Airways jet to DC in order to save money,thesun.co.uk,http://www.thesun.co.uk/sol/homepage/news/3060952/David-Camerons-flight-saves-200k.html
2010-07-21,19:08:48,crzcy,15,"Israeli UN Ambassador: Israel is “the most isolated, lonely country in the world,” and the biggest threat to its existence is not Iranian nuclear proliferation",jpost.com,http://www.jpost.com/International/Article.aspx?id=182060
2010-07-22,00:28:38,cs2q4,13,"24-Yr Old Canadian Soldier Killed In Afghanistan - 
Sapper Brian Collier was killed by a bomb in Afghanistan Tuesday. Collier was killed while on a foot patrol in the village of Nakhonay, in the eastern part of Panjwaii District.",cbc.ca,http://www.cbc.ca/world/story/2010/07/20/afghanistan-cdn-soldier-killed.html
2010-07-22,07:11:09,cs80f,13,The Pentagon Announced That Inmates At Guantanamo Are Being Shipped To Africa,newscastmedia.com,http://www.newscastmedia.com/guantanamo.htm
2010-07-21,22:33:22,cs16d,15,Israel plans to have anti-missile system operational in 4 months,cnn.com,http://www.cnn.com/2010/WORLD/meast/07/20/israel.defense/index.html?hpt=Sbin
2010-07-21,21:59:54,cs0s3,11,US announces new sanctions against North Korea,bbc.co.uk,http://www.bbc.co.uk/news/world-asia-pacific-10710296
2010-07-22,03:44:43,cs5fd,10,Participants in a regular UK YouGov survey were recently confronted with an odd request to download software that would track users' surfing habits,theregister.co.uk,http://www.theregister.co.uk/2010/07/21/yougov_tracking_request/
2010-07-21,12:45:44,crw6x,12,Depressing news: millions facing hunger in Niger,edition.cnn.com,http://edition.cnn.com/2010/WORLD/africa/07/20/niger.hunger/index.html?hpt=C1#fbid=YKrkvUG6UNd
2010-07-22,00:43:02,cs2y6,10,"Britain Could Start Afghanistan Pull-Out In 2011 - Britain could start withdrawing troops from Afghanistan next year, Prime Minister David Cameron told BBC radio on July 21, after talks with U.S. President Barack Obama.",defensenews.com,http://www.defensenews.com/story.php?i=4717290&c=EUR&s=LAN
2010-07-21,14:13:04,crwzm,10,Record Floods Test China's Three Gorges Dam: Big Pic,news.discovery.com,http://news.discovery.com/earth/china-flooding-three-gorges-dam-photo.html
2010-07-22,04:23:33,cs5yb,7,China's oil spill continues to worsen,news.yahoo.com,http://news.yahoo.com/s/ap/20100721/ap_on_bi_ge/as_china_pipeline_explosion
2010-07-21,22:14:54,cs0xz,8,Kurdish autonomy campaign puts Obama between Iraq and a hard place,dw-world.de,"http://www.dw-world.de/dw/article/0,,5819233,00.html"
