2010-05-05,22:13:56,c0cp0,171,"Greeks Struggle with Sick-Man Status - They've emptied their bank accounts, abandoned vacations and started taking the bus. Now, they fear for their jobs: The Greeks bemoan the difficult crisis that has taken over their country. Above all, they feel humiliated by Germany.",spiegel.de,"http://www.spiegel.de/international/europe/0,1518,693115,00.html"
2010-05-05,21:26:15,c0c3p,56,At least three people have been killed in the Greek capital as protesters set fire to a bank during a general strike over planned austerity measures.,news.bbc.co.uk,http://news.bbc.co.uk/2/hi/europe/8661385.stm
2010-05-05,05:51:58,c03s9,26,This was news to me: apparently Nick Clegg speaks Dutch fluenty - Arjen van der Horst interviews Nick Clegg in Dutch [video],nos.nl,http://nos.nl/video/155003-arjen-van-der-horst-interviewt-nick-clegg-in-het-nederlands.html
2010-05-05,22:13:55,c0coz,27,Three dead in Greek riots.,news.yahoo.com,http://news.yahoo.com/s/ap/20100505/ap_on_bi_ge/eu_greece_financial_crisis
2010-05-05,17:20:11,c09kz,17,Greece brought to halt by general strike over cuts,news.bbc.co.uk,http://news.bbc.co.uk/1/hi/world/europe/8661385.stm
2010-05-06,00:41:35,c0emk,13,Argentina passes gay marriage bill including adoption of children,in.reuters.com,http://in.reuters.com/article/entertainmentNews/idINIndia-48251120100505
2010-05-06,00:09:38,c0e6v,11,I'm in Athens this week. Here are my photos from today's protest/riot at Parliament.,alexisohanian.com,http://alexisohanian.com/athens-was-a-riot-today-literally-here-are-ph
2010-05-05,08:03:56,c05bw,9,"""Child pornography is great. It is great because politicians understand child pornography. By playing that card, we can get them to act, and start blocking sites. And once they have done that, we can get them to start blocking file sharing sites"".",boingboing.net,http://www.boingboing.net/2010/04/28/music-industry-spoke.html
2010-05-06,04:21:12,c0h4d,8,"Kirsan Ilyumzhinov, President of Russia's Kalymkia region, says in TV interview he has met ET's and had been on their spaceship.",news.bbc.co.uk,http://news.bbc.co.uk/2/hi/europe/8662822.stm
2010-05-06,03:06:48,c0gf4,7,Video of SWAT Raid on Missouri Family,reason.com,http://reason.com/blog/2010/05/05/video-of-swat-raid-on-missouri
2010-05-05,13:27:27,c076o,7,"Greek general strike halts flights, trains, ferries and paralyzes public services as unions protest spending cut.",news.smh.com.au,http://news.smh.com.au/breaking-news-world/greece-hit-by-antiausterity-general-strike-20100505-u98q.html
2010-05-05,19:49:53,c0b1s,7,"Woman in burqa puts flight, airport on alert  ",ibnlive.in.com,http://ibnlive.in.com/news/kolkata-passengers-say-hijack-flight-grounded/114624-3.html?from=tn
2010-05-05,18:05:14,c0a1i,5,BBC News - India Supreme court says truth drug test 'illegal',news.bbc.co.uk,http://news.bbc.co.uk/2/hi/south_asia/8661408.stm
2010-05-05,23:55:27,c0e0n,6,Massive Riots in Greece Against Harsh Financial Cuts: Three Reported Killed,youtube.com,http://www.youtube.com/watch?v=rshdJZruH_0&feature=player_embedded
2010-05-05,22:15:22,c0cpz,5,"What do the oil slick in the Gulf of Mexico and the Greek crisis have in common? Both are man-made disasters. But while BP plans to shoulder the costs of the catastrophe it has caused, the financial wizards behind the euro crisis are not being held to account.",spiegel.de,"http://www.spiegel.de/international/world/0,1518,692320,00.html"
2010-05-06,01:54:15,c0fj3,5,"Greece riots: 100,000 fight against harsh cuts in Athens financial crisis protests ",youtube.com,http://www.youtube.com/watch?v=rshdJZruH_0
2010-05-05,17:58:45,c09z3,3,All university educated Prime Ministers who have won an election since 1935 went to Oxford,timesonline.typepad.com,http://timesonline.typepad.com/schoolgate/2010/05/the-real-reason-cameron-might-win-hint-its-education-again.html
2010-05-05,20:31:04,c0bh2,4,Sudan: Fresh Clashes Erupt in Darfur,allafrica.com,http://allafrica.com/stories/201005041117.html
2010-05-05,20:38:47,c0bka,3,Eyjafjallajokull is back: Flights grounded as volcanic ash cloud returns,youtube.com,http://www.youtube.com/watch?v=YMHI7KmS0qA&feature=player_embedded
2010-05-05,22:42:28,c0d1x,4,Sir Elton John has been banned from performing in Egypt over his views on homosexuality and religion,new.uk.music.yahoo.com,http://new.uk.music.yahoo.com/blogs/pop_gossip/216/egypt-bans-sir-elton/
2010-05-05,23:46:49,c0dwq,5,"""Numerous groups of pirates are currently holding more than 350 hostages as well as about 20 ships at various bases around the country""",worldpress.org,http://www.worldpress.org/feed.cfm?http://news.bbc.co.uk/go/rss/-/2/hi/africa/8661816.stm
2010-05-06,00:05:52,c0e5b,2,Tracking the Oil Spill - Interactive spill tracker,edition.cnn.com,http://edition.cnn.com/2010/US/04/29/interactive.spill.tracker/index.html?eref=rss_topstories&utm_source=feedburner&utm_medium=feed&utm_campaign=Feed:+rss/cnn_topstories+(RSS:+Top+Stories)
2010-05-05,20:22:44,c0bds,3,"Settlers intend to vandalize mosques, defense 
officials learn ",haaretz.com,http://www.haaretz.com/print-edition/news/settlers-intend-to-vandalize-mosques-defense-officials-learn-1.288292?localLinksEnabled=false
2010-05-05,21:59:29,c0cjf,3,"The Crime of Surviving - Lithuania tries to obscure role in Holocaust by arguing for ""double genocide"": Nazis killed Jews, communists killed Lithuanians. Some Holocaust survivors prosecuted as Soviet agents",tabletmag.com,http://www.tabletmag.com/news-and-politics/32432/the-crime-of-surviving/
2010-05-05,21:18:02,c0c05,3,China: Shoot-To-Kill Order Given After Spate Of Stabbing Sprees,abc.net.au,http://www.abc.net.au/news/stories/2010/05/04/2890259.htm
2010-05-05,22:18:46,c0crf,3,"Job interviews for imams in Israel are
conducted by the Shin Bet, Israel’s secret
police, not senior clerics ",thenational.ae,http://www.thenational.ae/apps/pbcs.dll/article?AID=/20100504/FOREIGN/705039936&SearchID=73389674098604
2010-05-05,21:13:48,c0by4,3,Molotov cocktail are being thrown at the Greek parliament. Demonstrators are trying to get in and stop the vote.,abc.net.au,http://www.abc.net.au/news/stories/2010/05/05/2891441.htm?section=justin
2010-05-05,21:54:20,c0cgs,3,Screaming man causes mass panic at Dutch war memorial,news.bbc.co.uk,http://news.bbc.co.uk/2/hi/europe/8662060.stm
2010-05-06,01:41:52,c0fd7,3,A Russian MP has asked President Dmitry Medvedev to investigate claims by a regional president that he has met aliens on board a spaceship.,news.bbc.co.uk,http://news.bbc.co.uk/1/hi/world/europe/8662822.stm
2010-05-06,03:33:51,c0gln,3,"Somali pirates hijack Russian oil tanker with 23 
people on board. Russian warship is hurrying to 
save them.",news.bbc.co.uk,http://news.bbc.co.uk/2/hi/africa/8661816.stm
