2010-07-26,06:37:34,ctl49,2680,Wikileaks+Guardian.co.uk: Afghanistan: The war logs. Massive leak of secret files exposes truth of occupation. Includes interview with Wikileaks' Julian Assange.,guardian.co.uk,http://www.guardian.co.uk/warlogs
2010-07-27,01:17:41,ctusd,642,"Prisoners in a northern Mexico  jail were allowed out at night to carry out murder-for-hire jobs using jail guards’ weapons and vehicles, revealing a level of corruption that is stunning even in a country where prison breakouts are common as guards look the other way.",nytimes.com,http://www.nytimes.com/2010/07/26/world/americas/26mexico.html
2010-07-26,22:20:53,ctsi3,271,"Wikileaks: Pakistan state spy services meet directly with the Taliban to organize networks of militant groups against American soldiers in Afghanistan and assassinate Afghan leaders, all to ensure their US war on terror funding.",nytimes.com,http://www.nytimes.com/2010/07/26/world/asia/26isi.html?_r=2&hp
2010-07-27,04:46:43,ctxh2,205,No one who's been paying attention should be surprised by the WikiLeaks documents about the war in Afghanistan. By Fred Kaplan ,slate.com,http://www.slate.com/id/2261780/
2010-07-26,22:30:01,ctslo,96,Wyclef Jean is going to run for President of Haiti,nationalpost.com,http://www.nationalpost.com/news/world/Wyclef+Jean+Haitian+presidency+report/3321587/story.html
2010-07-27,03:25:33,ctwhe,92,"United Students Against Sweatshops forces Nike to pay $1.54 million to help 1,800 workers in Honduras  who lost their jobs when two subcontractors closed their factories",nytimes.com,http://www.nytimes.com/2010/07/27/business/global/27nike.html?src=busln
2010-07-26,19:20:54,ctqy8,64,"Wikileaks Afghanistan files: every IED attack and roadside bomb, with co-ordinates",guardian.co.uk,http://www.guardian.co.uk/world/datablog/2010/jul/26/wikileaks-afghanistan-ied-attacks
2010-07-26,00:44:57,cti5n,63,"Yet again Formula 1 cheats fans and proves it is not a genuine competition, as race leader Massa is forced to give way to Ferrari team mate, Alonso. Sadly, F1 is little more than a series of formation laps pretending to be a race",telegraph.co.uk,http://www.telegraph.co.uk/sport/motorsport/formulaone/7909119/German-Grand-Prix-Felipe-Massa-gives-way-for-Fernando-Alonso-to-win.html
2010-07-26,17:30:30,ctq7z,61,Oliver Stone: Jewish control of the media is preventing free Holocaust debate,haaretz.com,http://www.haaretz.com/jewish-world/oliver-stone-jewish-control-of-the-media-is-preventing-free-holocaust-debate-1.304108
2010-07-26,20:59:49,ctrnw,55,Wikileaks founder Julian Assange live news conference. Now.,bbc.co.uk,http://www.bbc.co.uk/news/world-us-canada-10761476
2010-07-27,05:56:23,ctycd,52,Former KGB Agent: Weapons Expert David Kelly Did Not Commit Suicide,crooksandliars.com,http://crooksandliars.com/susie-madrak/former-kgb-agent-weapons-expert-david
2010-07-27,05:50:49,ctya0,45,Afghanistan war logs: How US marines sanitised record of bloodbath after killing 19 civilians.,guardian.co.uk,http://www.guardian.co.uk/world/2010/jul/26/afghanistan-war-logs-us-marines
2010-07-27,03:43:15,ctwph,39,"Whatever happens, Israel can always count on U.S. evangelicals - Thousands of Christian activists descended on Washington this week in a show of strength by America's pro-Israel Christians.",haaretz.com,http://www.haaretz.com/blogs/focus-u-s-a/focus-u-s-a-whatever-happens-israel-can-always-count-on-u-s-evangelicals-1.303452
2010-07-26,21:16:51,ctrtl,35,"WikiLeaks Founder Julian Assange on the Afghanistan war logs: ""I Enjoy Crushing Bastards""",spiegel.de,"http://www.spiegel.de/international/world/0,1518,708518,00.html"
2010-07-27,04:50:05,ctxih,28,"Pakistan’s military spy service has guided the Afghan insurgency with a hidden hand, even as Pakistan receives more than $1 billion a year from Washington for its help combating militants",nytimes.com,http://www.nytimes.com/2010/07/26/world/asia/26isi.html?_r=1
2010-07-27,02:10:54,ctvi9,25,As many as 200 women are tortured and lynched every year in India after being accused of practising witchcraft.,heraldsun.com.au,http://www.heraldsun.com.au/news/breaking-news/witches-killed-in-india-each-year-report/story-e6frf7jx-1225897181523
2010-07-26,20:57:09,ctrmx,25,"""These leaked documents against me are fiction and nothing else"" said Pakistan Intelligence officer",washingtonpost.com,http://www.washingtonpost.com/wp-dyn/content/article/2010/07/26/AR2010072601521.html
2010-07-26,22:50:03,ctstn,22,"In Disclosing Secret Documents, WikiLeaks Seeks ‘Transparency’: It operates from servers in several countries, including Sweden and Belgium, where laws provided more protection for its disclosures",nytimes.com,https://www.nytimes.com/2010/07/26/world/26wiki.html?_r=1&pagewanted=all
2010-07-26,21:24:45,ctrxk,19,"WikiLeaks founder says the release of U.S. military documents is like opening the files of East Germany's secret Stasi police and that ""appears to be evidence of war crimes""",washingtonpost.com,http://www.washingtonpost.com/wp-dyn/content/article/2010/07/26/AR2010072601636.html?hpid=topnews
2010-07-26,22:28:51,ctsl7,21,Brazilian tribes took 100 workers hostage at construction site of hydroelectric plant in southern Amazon which they say was built on ancient burial site,commondreams.org,http://www.commondreams.org/headline/2010/07/26
2010-07-26,19:55:05,ctr61,19,Chile Reject Catholic Church's call to pardon dozens of imprisoned military officials convicted of human rights violations,nytimes.com,http://www.nytimes.com/2010/07/26/world/americas/26chile.html
2010-07-27,03:16:39,ctwdj,20,Palestinian doctor still has hope even after IDF killed 3 of his daughters and a niece when they fired a shell into their bedroom.,haaretz.com,http://www.haaretz.com/print-edition/features/dr-izzeldin-abuelaish-do-you-still-have-hope-after-the-idf-killed-your-daughters-and-niece-in-gaza-1.304056
2010-07-26,15:01:19,ctp34,14,Strange bedfellows? Mossad chief reportedly visited Saudi Arabia for talks on Iran.,haaretz.com,http://www.haaretz.com/print-edition/news/mossad-chief-reportedly-visited-saudi-arabia-for-talks-on-iran-1.304032
2010-07-27,00:59:58,ctujw,15,"Guards and officials at a prison in northern Mexico let inmates out, lent them guns and sent them off in official vehicles to carry out drug-related killings, including the massacre of 17 ",telegraph.co.uk,http://www.telegraph.co.uk/news/worldnews/centralamericaandthecaribbean/mexico/7910206/Convicts-used-as-hit-squad-by-Mexican-prison-governor.html
2010-07-26,12:08:48,ctnls,10,US-South Korea military exercises begin: All eyes are on Pyongyang as the US leads maneuvers in the Sea of Japan.,globalpost.com,http://www.globalpost.com/dispatch/japan/100725/north-korea-u.s.-military
2010-07-26,22:03:22,ctsbz,11,interview with Wikileaks founder Julian Asange,therealnews.com,http://www.therealnews.com/t2/index.php?option=com_content&task=view&id=31&Itemid=74&jumival=5424&updaterx=2010-07-26+00:44:01
2010-07-26,09:45:07,ctmg4,9,"The Squalor Of War - ""What we haven't seen previously is all those individual deaths,"" said Julian Assange, 'One man's death is a tragedy, a million dead is a statistic.' So, we've seen the statistic.""",cnn.com,http://www.cnn.com/2010/TECH/web/07/25/wikileaks.afghanistan/index.html?hpt=T1
2010-07-26,19:49:57,ctr4r,10,Task Force 373 and Targeted Assassinations: US Elite Unit Could Create Political Fallout for Berlin,spiegel.de,"http://www.spiegel.de/international/germany/0,1518,708407,00.html"
2010-07-26,22:53:39,ctsv2,11,"The family of Ziad Jilani, a Palestinian-American man shot deadby an Israeli police officer, are pressing charges against the authorities for murder.",english.aljazeera.net,http://english.aljazeera.net/video/middleeast/2010/07/201072655014703363.html
2010-07-26,08:02:53,ctlrk,11,Venezuela head threatens US oil cut over Colombia row,bbc.co.uk,http://www.bbc.co.uk/news/world-latin-america-10757064
