2010-10-11,10:30:06,dpi9w,934,"""The 33 trapped Chilean miners have moved to stop any individual from profiting at the expense of the group, drawing up a legal contract to share the proceeds from the story of their ordeal.""",telegraph.co.uk,http://www.telegraph.co.uk/news/worldnews/southamerica/chile/8054069/Chilean-miners-draw-up-contract-to-share-proceeds-of-story.html
2010-10-12,04:06:35,dpu3k,190,Pentecostal churches in Uganda pressuring HIV-positive youths to stop taking their ARVs,irinnews.org,http://www.irinnews.org/Report.aspx?ReportID=90704
2010-10-11,19:53:48,dpnq8,177,"Mr Liu's wife has apparently been placed under house arrest after he dedicated the award to the ""martyrs"" of Tiananmen Square in 1989.",bbc.co.uk,http://www.bbc.co.uk/news/world-asia-pacific-11512775
2010-10-11,22:33:43,dppcd,175,French Constitutional Court Decision Upholds Ban on Wearing Veils in Public Places because it puts women in a “condition of exclusion and inferiority manifestly incompatible with the constitutional principles of liberty and equality.” ,volokh.com,http://volokh.com/2010/10/11/french-constitutional-court-decision-upholds-ban-on-wearing-veils-in-public-places/?utm_source=feedburner&utm_medium=feed&utm_campaign=Feed%3A+volokh%2Fmainfeed+%28The+Volokh+Conspiracy%29&utm_content=Google+Reader
2010-10-12,00:36:41,dpqtv,98,Norway says China has canceled a ministerial meeting apparently in response to the award of the Nobel peace prize to Chinese dissident Liu Xiaobo,bbc.co.uk,http://www.bbc.co.uk/news/world-asia-pacific-11517069
2010-10-11,21:04:12,dpod3,51,Far right rioters attack Serbian gay pride march,youtube.com,http://www.youtube.com/watch?v=IBoCNKrG96A&feature=player_embedded
2010-10-12,06:08:19,dpvxb,44,Afghan tribal leaders tried to negotiate for the British aid worker's release.  Coalition bombings turned away their mission.  They implored that only negotiation would secure her freedom.  They were ignored.  A military rescue operation was chosen instead.  The hostage is now dead.,bbc.co.uk,http://www.bbc.co.uk/news/uk-11517014
2010-10-11,19:50:58,dpnpc,44,"PA adopts textbook, banned in Israel, offering both sides' narratives - Palestinian Education Ministry's adoption of book marks first time Israeli position is presented to West Bank schoolchildren - still banned from use by the Israeli Education Ministry",haaretz.com,http://www.haaretz.com/print-edition/news/pa-adopts-textbook-banned-in-israel-offering-both-sides-narratives-1.318307
2010-10-11,18:47:14,dpn71,44,"German minister warns of reverse discrimination - In the country's ongoing integration debate, Germany's federal Minister for Family Affairs, Kristina Schroeder, has now warned that many Germans have been subjected to growing reverse discrimination by immigrants.",dw-world.de,"http://www.dw-world.de/dw/article/0,,6098636,00.html"
2010-10-12,01:05:30,dprax,39,"Iranian separatist group claims kidnapping of nuclear scientist, threatens release of state secrets",english.aljazeera.net,http://english.aljazeera.net/video/middleeast/2010/10/2010101016024116222.html
2010-10-11,20:53:29,dpoa0,33,"Americans Peter Diamond and Dale Mortensen and Christopher Pissarides, a British and Cypriot citizen, won the 2010 Nobel economics prize Monday for developing theories that help explain how economic policies can affect unemployment.",online.wsj.com,http://online.wsj.com/article/SB10001424052748703794104575545653486167846.html?mod=djemalertNEWS
2010-10-11,19:02:30,dpnb5,29,Israel Declares for Ethnic Nationalism Oath: Persons applying for Israeli citizenship to affirm the “Jewish and democratic” character of Israel,juancole.com,http://www.juancole.com/2010/10/israel-declares-for-ethnic-nationalism.html
2010-10-11,08:13:52,dpgv1,26,Serbia riots leave scores injured,english.aljazeera.net,http://english.aljazeera.net/news/europe/2010/10/2010101015466495888.html
2010-10-11,23:19:24,dppv6,24,Greek policeman gets life in prison for murder that sparked riots ,dw-world.de,"http://www.dw-world.de/dw/article/0,,6101015,00.html"
2010-10-12,07:18:58,dpwxy,19,"African leaders in human albino trade - A lobby group says politicians are involved in the trade of human albino body parts in Africa and use them as charms to bring them good fortune.
",news24.com,http://www.news24.com/Africa/News/African-leaders-in-human-albino-trade-20101011
2010-10-12,02:45:12,dpsul,16,"Young woman British aid worker who was alleged to have been killed by her Taliban captors may have ""accidentally"" died in a grenade attack by U.S. forces during a botched rescue operation",commondreams.org,http://www.commondreams.org/headline/2010/10/11-0
2010-10-11,22:18:45,dpp69,16,"A kidnapped British aid worker may have been killed by her American rescuers, rather than her Taliban captors, officials said Monday.",washingtonpost.com,http://www.washingtonpost.com/wp-dyn/content/article/2010/10/11/AR2010101101584.html
2010-10-12,02:33:56,dpsny,15,"Hungarian police arrested the managing director of the company at the center of a toxic sludge disaster, as the body of the last missing person was recovered, bringing the death toll to eight",commondreams.org,http://www.commondreams.org/headline/2010/10/11
2010-10-12,01:46:01,dprwo,13,"Death by stoning case: Iran arrests son, lawyer, and journalists ",msnbc.msn.com,http://www.msnbc.msn.com/id/39615002/ns/world_news-mideastn_africa/
2010-10-11,16:16:07,dplzm,12,India to get UN Security Council seat as a non permanent member,timesofindia.indiatimes.com,http://timesofindia.indiatimes.com/india/India-to-get-UN-Security-Council-seat/articleshow/6728550.cms
2010-10-11,08:13:27,dpgup,12,"A man accused of the slaughter of 15 young people at a Ciudad Juarez birthday party, the killing of a U.S. Air Force sergeant and the assassination of a Mexican reporter targeted for his organized crime coverage, says his confessions were false and extracted through torture.",upi.com,http://www.upi.com/Top_News/World-News/2010/10/10/Confessed-Mexican-hit-man-claims-torture/UPI-32881286748076/
2010-10-12,02:14:16,dpsd7,11,The Miners are finally going to get out tomorrow night.,reuters.com,http://www.reuters.com/article/idUSTRE69A3EJ20101011
2010-10-12,04:07:48,dpu4b,11,"""Israel's economy is widely seen as a high-tech success story. Yet to many Israelis the real players in their economy are not programmers or venture capitalists. Rather, they are the 20 or so Israeli families who control banks, supermarkets, telecoms, real estate, gas stations, and utilities . . .""",businessweek.com,http://www.businessweek.com/magazine/content/10_42/b4199010761878.htm
2010-10-11,21:10:07,dpofa,9,"European populism focuses on Islam and immigration, but it may be mobilising a wider rage against elites expressed by people who feel unrepresented, or fear being left behind economically. They share a feeling of losing their sense of national, social, or religious belonging. ",guardian.co.uk,http://www.guardian.co.uk/commentisfree/2010/oct/11/geert-wilders-anti-muslim-populists
2010-10-11,23:40:13,dpq3h,9,"Fearing civil war, Lebanese citizens arm themselves",haaretz.com,http://www.haaretz.com/blogs/mess-report/mess-report-fearing-civil-war-lebanese-citizens-arm-themselves-1.318287
2010-10-11,18:29:29,dpn1m,10,Officer guilty of boy's murder that sparked Greek riots,bbc.co.uk,http://www.bbc.co.uk/news/world-europe-11513309
2010-10-12,07:56:56,dpxh3,8,"Liu Xiaobo's wife detained. Blogger goes ape, mostly in China's own words.",brisbanetimes.com.au,http://www.brisbanetimes.com.au/opinion/blogs/blunt-instrument/the-nobel-peace-prize-as-it-was/20101011-16fxy.html
2010-10-12,05:17:23,dpv6l,6,Double Pay for Betrayal - The Palestinian Workers Who Build Israel's Settlements,spiegel.de,"http://www.spiegel.de/international/world/0,1518,722424,00.html"
2010-10-12,05:23:41,dpv9q,5,Iran said on Monday it has arrested two foreigners thought to be Germans. Tehran claimed they were posing as journalists to interview the son of a woman facing execution by stoning in a case that has triggered international condemnation.,thelocal.de,http://www.thelocal.de/national/20101011-30421.html
2010-10-11,20:33:44,dpo3b,6,"Photo essay: Bangkok, 10-10-10 -- Red Shirts mass around Democracy Monument",links.org.au,http://links.org.au/node/1934
