2010-04-15,01:52:12,bqv9e,1075,"After finding two groups of males the force  executed all of them using silenced weapons.  Unfortunately, it appears that the Special Ops team had not entered the sleeping quarters of an IED cell, but the dormitory of a private school for boys.
",theantipress.blogspot.com,http://theantipress.blogspot.com/2010/04/media-waits-four-months-on-and-still-no.html
2010-04-15,18:33:48,br7mu,603,All London flights grounded as volcanic ash from Iceland closes UK airports,thisislondon.co.uk,http://www.thisislondon.co.uk/standard/article-23824710-flights-grounded-as-ash-from-icelandic-volcano-closes-uk-airports.do
2010-04-15,21:39:00,br9qj,216,Zionists groups have banned Justice Richard Goldstone from his own grandson's bar mitzvah as punishment for his role in the UN fact finding mission that found evidence of Israeli and Hamas war crimes.,haaretz.com,http://www.haaretz.com/hasen/spages/1163335.html
2010-04-15,15:34:53,br5jw,148,From a Veteran to the Freedom Fighter Who Shot Me,veteranarchy.blogspot.com,http://veteranarchy.blogspot.com/2010/04/to-freedom-fighter-who-shot-me.html
2010-04-15,16:29:45,br6dv,88,This is why your UK flight has been cancelled. Volcanic ash spreading above the UK and Nordic areas. [PIC],metoffice.gov.uk,http://www.metoffice.gov.uk/aviation/vaac/data/VAG_1271309704.png
2010-04-16,04:52:33,brge8,86,H(.)(.)ters in China: The massive contradictions that are busting out in a sexually repressed society... they're just huge.,articles.latimes.com,http://articles.latimes.com/2010/apr/09/world/la-fg-china-hooters10-2010apr10
2010-04-16,05:46:58,brh51,79,"Russia shuts plutonium arms plant:  The closure of the reactor came after Mr Obama and Mr Medvedev signed a nuclear disarmament treaty, described by both sides as a major step towards improving strained US-Russian relations. ",news.bbc.co.uk,http://news.bbc.co.uk/2/low/europe/8622631.stm
2010-04-15,13:35:38,br45o,60,"Legalize It: 22,000 Dead in 3-year Mexican Drug War ",topix.com,http://www.topix.com/forum/toparts/mexico/TVIQK6ED1PVJKH05E
2010-04-15,08:47:26,br11b,36,"There he was, five decades later, the priest who had raped Joe Callander in Massachusetts. The photo in the Roman Catholic newsletter showed him with a smile across his wrinkled face, near-naked Amazon Indian children in his arms and at his feet.",news.yahoo.com,http://news.yahoo.com/s/ap/20100414/ap_on_re_la_am_ca/lt_predator_priests
2010-04-16,04:43:44,brg9w,31,"US adoptions of Russian children have been halted, a week after a Russian boy was rejected by his adoptive mother in the American state of Tennessee.",news.bbc.co.uk,http://news.bbc.co.uk/1/hi/world/europe/8621896.stm
2010-04-15,13:41:01,br47u,31,Six-figure salaries the norm at top charities ,theglobeandmail.com,http://www.theglobeandmail.com/news/national/six-figure-salaries-the-norm-at-top-charities/article1533823/?cmpid=rss1
2010-04-16,06:24:55,brhpw,27,So UK redditers who do you think won the first election debate? ,self.worldnews,https://www.reddit.com/r/worldnews/comments/brhpw/so_uk_redditers_who_do_you_think_won_the_first/
2010-04-16,05:12:36,brgo6,25,Australia faces huge locust plague,timesonline.co.uk,http://www.timesonline.co.uk/tol/news/world/article7098057.ece#cid=OTC-RSS&attr=797093
2010-04-15,11:29:40,br2sb,18,"The Digital Economy Bill has betrayed the young: 
Positive engagement with the digital generation 
interests the political classes only when they want 
something from us",newstatesman.com,http://www.newstatesman.com/blogs/the-staggers/2010/04/digital-generation-young
2010-04-15,16:52:07,br6lq,18,Gay outrage over cardinal's child abuse comment,cnn.com,http://www.cnn.com/2010/WORLD/europe/04/14/vatican.homosexuality.pedophilia/index.html?hpt=T1
2010-04-16,00:39:47,brcgx,16,"Africans combine Islam, Christianity and paganism without batting an eye.",news.bbc.co.uk,http://news.bbc.co.uk/2/hi/africa/8621916.stm
2010-04-15,15:37:50,br5l9,13,"Volcano ash alert hits UK flights (TIL there's a ""Volcanic Ash Advisory Centre"")",news.bbc.co.uk,http://news.bbc.co.uk/1/hi/uk/8621407.stm
2010-04-16,02:11:58,bre0q,14,"Charity that sued UK Ministry of Defence has named two men who ended up in the infamous ""dark prison"" at Bagram in Afghanistan after being handed to US forces by members of the SAS",guardian.co.uk,http://www.guardian.co.uk/world/2010/apr/15/terror-suspects-afghanistan-bagram
2010-04-16,02:21:27,bre6b,13,Syria: Israel's Scud accusation may be pretense for attack,haaretz.com,http://www.haaretz.com/hasen/spages/1163279.html
2010-04-15,21:18:20,br9hd,12,Russia suspends U.S. adoptions,cnn.com,http://www.cnn.com/2010/WORLD/europe/04/15/russia.adoptions/?hpt=Sbin
2010-04-16,00:48:58,brcly,12,Goldstone banned by SA Zionists,english.aljazeera.net,http://english.aljazeera.net/news/africa/2010/04/2010415145423264829.html
2010-04-16,04:55:53,brgfu,12,Russian security forces release hitlist of 'black widow terrorists',telegraph.co.uk,http://www.telegraph.co.uk/news/worldnews/europe/russia/7594749/Russian-security-forces-release-hitlist-of-black-widow-terrorists.html
2010-04-15,13:46:33,br49z,12,A Catholic priest is one of eight men police arrested during a prostitution sting.,nashuatelegraph.com,http://www.nashuatelegraph.com/news/705031-196/vicar-among-eight-men-arrested-in-prostitution.html?i=1
2010-04-15,19:41:14,br8d4,12,Desperate battle to shore up Chinese quake dam,independent.co.uk,http://www.independent.co.uk/news/world/asia/desperate-battle-to-shore-up-quake-dam-1945227.html
2010-04-15,15:52:03,br5qm,12,"A huge ash cloud is moving over the UK 
- 90% of flights cancelled!",news.bbc.co.uk,http://news.bbc.co.uk/1/mobile/uk/8621407.stm
2010-04-15,23:03:09,braw5,11,Protests flare on Cairo streets - Poor health of President Mubarak and discontent over the economy spark clashes,globalpost.com,http://www.globalpost.com/dispatch/turkey/100414/egypt-protest-cairo-mubarak
2010-04-16,05:09:55,brgmp,10,Former NSA Official is indicted on charges of leaking info to newspaper reporter.,nytimes.com,http://www.nytimes.com/2010/04/16/us/16indict.html?hp
2010-04-15,08:07:12,br0m3,10,"7.1-magnitude earthquake hits Qinghai, China 
killing at least 589",chinadaily.com.cn,http://www.chinadaily.com.cn/china/2010-04/14/content_9728383.htm
2010-04-16,01:38:30,brdfi,8,How The Church Shuffled Predator Priests Around The Globe,huffingtonpost.com,http://www.huffingtonpost.com/2010/04/14/how-the-church-shuffled-p_n_538010.html
2010-04-15,23:10:49,braz8,7,  Scandinavian countries shut airspace  --- it's just chaos all over Europe,swedishwire.com,http://www.swedishwire.com/component/content/article/12-nordic/3840-scandinavian-countries-shut-airspace
