2010-07-23,10:17:51,csouu,545,I am a Chinese web user. Today is a very happy day for me.,3news.co.nz,http://www.3news.co.nz/Porn-now-available-to-Chinese-web-users/tabid/417/articleID/167070/Default.aspx
2010-07-23,23:17:05,csvtm,394,"The Vietnam war ended 35 years ago, but children are still being born with birth defects from chemical poisoning from Agent Orange, contaminated with deadly dioxin, sprayed by the US forces",commondreams.org,http://www.commondreams.org/headline/2010/07/23-2
2010-07-23,14:07:40,csr2x,335,"Australian government 'releases' Internet snooping proposal with 90% of the document blacked out so as not to cause ""premature and unnecessary debate"".",smh.com.au,http://www.smh.com.au/technology/technology-news/no-minister-90-of-web-snoop-document-censored-to-stop--premature-unnecessary-debate-20100722-10mxo.html?autostart=1
2010-07-23,23:42:54,csw5d,268,"UK acts to prevent arrest of Pope: Gov't worried over plans by Dawkins and Hitchens to have Pope arrested for crimes against humanity, because of his alleged cover-up  of priestly assaults on children",digitaljournal.com,http://www.digitaljournal.com/article/295022
2010-07-24,01:11:48,csxcd,139,"Chronicling the Holocaust from Inside the Ghetto - Roughly 50 men and women in the Warsaw Ghetto chose a special form of resistance. In a secret archive, they documented their path to doom for future generations, chronicling the Nazis' crimes as they were being perpetrated.",spiegel.de,"http://www.spiegel.de/international/europe/0,1518,707506,00.html"
2010-07-23,22:29:58,csv6z,104,Catholic sex scandal as undercover reporter 'films priests at gay clubs and having casual flings',dailymail.co.uk,http://www.dailymail.co.uk/news/worldnews/article-1297083/Gay-priest-sex-scandal-undercover-Berlusconi-reporter-films-clerics-gay-clubs.html
2010-07-24,07:50:56,ct21x,41,A magnitude 7.3 quake has hit the Moro Gulf in the Philippines.,earthquake.usgs.gov,http://earthquake.usgs.gov/earthquakes/recenteqsww/Quakes/us2010zbbz.php
2010-07-23,20:15:27,cstyj,30,"A top court in Germany has ruled that the country's domestic intelligence agency may monitor the far-left Left Party. Commentators on Thursday argue that the party may have many failings, but a desire to overthrow democracy isn't one of them.",spiegel.de,"http://www.spiegel.de/international/germany/0,1518,707888,00.html"
2010-07-23,13:34:47,csqt6,28,War On Drugs Helps Spread AIDS (and no one in power cares),nytimes.com,http://www.nytimes.com/2010/07/23/health/23aids.html
2010-07-24,00:05:24,cswfz,27,"Jordan River Too Polluted for Baptisms: The site of Jesus' baptism is dangerously contaminated, urges tourists to stay out of the river's waters",news.discovery.com,http://news.discovery.com/earth/jordan-river-baptism-pollution.html
2010-07-23,10:02:56,csop7,21,Hugo Chavez severs ties with Colombia,bbc.co.uk,http://www.bbc.co.uk/news/world-latin-america-10734117
2010-07-23,08:13:09,csnom,16,"Afraid for their jobs, Venezuelan workers protect factory from being stormed",npr.org,http://www.npr.org/templates/story/story.php?storyId=128695640&ft=1&f=2
2010-07-23,22:00:28,csuvy,17,France to sell two Mistral-class warships to Russia,bbc.co.uk,http://www.bbc.co.uk/news/world-europe-10740291
2010-07-23,21:31:57,csul4,18,Israel to release Turkey ships seized during Gaza flotilla raid,haaretz.com,http://www.haaretz.com/news/diplomacy-defense/israel-to-release-turkey-ships-seized-during-gaza-flotilla-raid-1.303622
2010-07-23,21:24:38,csuic,12,UK: Health inequality as severe as during the great depression,guardian.co.uk,http://www.guardian.co.uk/uk/2010/jul/23/uk-health-gap-widest-ever
2010-07-23,21:16:06,csufr,11,China’s Dangerous Arrogance | An increasingly assertive China is creating its own Monroe Doctrine for Asia’s seas—and threatening longstanding freedoms.,the-diplomat.com,http://the-diplomat.com/2010/07/23/china%E2%80%99s-dangerous-arrogance/
2010-07-24,07:45:50,ct206,11,Remember that controversial agreement so the US could use seven Colombian military bases? The Colombian Constitutional Court might declare it unconstitutional next month.,colombiareports.com,http://colombiareports.com/colombia-news/news/10975-colombian-judge-claims-us-bases-unconstitutional.html
2010-07-23,13:50:05,csqxh,9,Porn suddenly available in China,google.com,http://www.google.com/hostednews/ap/article/ALeqM5iW65syZvR0I2Rl3PVkSZKPsurD2AD9H4A8600
2010-07-23,22:36:15,csva0,8,India unveils $35 computer for students,cnn.com,http://www.cnn.com/2010/WORLD/asiapcf/07/23/india.thirty.five.dollar.laptop/index.html?hpt=T2
2010-07-23,20:08:17,cstwn,8,"Parody of the Jay-Z Alicia Keys song, New York, based around the very unromantic Welsh town of Newport, becomes internet sensation. Includes video",telegraph.co.uk,http://www.telegraph.co.uk/culture/music/music-news/7905737/Newport-parody-of-Empire-State-of-Mind-becomes-online-hit.html
2010-07-24,01:51:19,csxu3,7,Turkey: Political reform falters as violence spreads at a rapid pace,globalpost.com,http://www.globalpost.com/dispatch/turkey/100722/turkey-violence-escalates
2010-07-23,17:37:14,csssc,6,Australian government blocks out 90% of document on web-spying plans,theage.com.au,http://www.theage.com.au/technology/technology-news/no-minister-90-of-web-snoop-document-censored-to-stop--premature-unnecessary-debate-20100722-10mxo.html
2010-07-23,19:28:09,cstmw,5,BBC News - Trafigura found guilty of exporting toxic waste,bbc.co.uk,http://www.bbc.co.uk/news/world-africa-10735255
2010-07-24,07:18:45,ct1rc,4,Engineer Testimony: Deepwater Horizon Alarm ‘Inhibited’ - Gotta love BP and Transocean ,rightvsleft.com,http://rightvsleft.com/2010/07/23/engineer-testimony-deepwater-horizon-alarm-inhibited/
2010-07-23,17:15:02,cssnd,7,Venezuela breaks off diplomatic ties with Colombia,news.xinhuanet.com,http://news.xinhuanet.com/english2010/world/2010-07/23/c_13410864.htm
2010-07-23,16:01:06,css3u,8,Britain's secret rendition programme ,belfasttelegraph.co.uk,http://www.belfasttelegraph.co.uk/news/local-national/britains-secret-rendition-programme-14886665.html
2010-07-23,15:47:24,csrzc,6,"When Hillary Clinton, the US secretary of state, visited Vietnam on Thursday she extolled the country's ""unlimited potential"" and strong trade relations with the US. But the words must have rung hollow for Ngyuen Ngoc Phuong, who has seen his potential destroyed by American chemical poisoning. ",english.aljazeera.net,http://english.aljazeera.net/focus/2010/2010/07/201072302826665260.html
2010-07-23,16:03:46,css4j,7,Sanity at last? Pentagon Faces Political and Economic Pressures to Cut Budget,nytimes.com,http://www.nytimes.com/2010/07/23/us/politics/23budget.html?_r=1&hp
2010-07-23,20:06:37,cstw1,4,"Fiji's interim prime Minister Frank Bainimarama says he has the backing of a several Pacific Island leaders, despite a rift with Vanuatu over his leadership of the Melanesian Spearhead Group.",abc.net.au,http://www.abc.net.au/news/stories/2010/07/23/2962895.htm
2010-07-23,22:11:21,csv04,2,Is anybody else thinking how appropriate it is that the world's 2 biggest energy guzzling nations both have oil dirtying their shores. ,self.worldnews,https://www.reddit.com/r/worldnews/comments/csv04/is_anybody_else_thinking_how_appropriate_it_is/
