2010-04-30,19:54:29,byagu,651,Belgium's lower house of parliament has voted for a law that would ban women from wearing the full Islamic face veil in public. No-one voted against it,news.bbc.co.uk,http://news.bbc.co.uk/2/hi/europe/8652861.stm
2010-04-30,19:30:18,bya7a,397,US threatens Israel with not protecting it with UN veto if settlements building goes ahead,guardian.co.uk,http://www.guardian.co.uk/world/2010/apr/29/israel-settlement-building-peace-talks/print
2010-04-30,20:49:17,byb0z,227,"The White Woman’s Burden | Disarmingly candid account of what it's like to be a white woman, married to an Indian, in India. ""My husband is neither loudspoken, nor imposing. As a result, he often gets mistaken as my guide""",openthemagazine.com,http://www.openthemagazine.com/article/true-life/the-white-woman-s-burden
2010-05-01,06:39:08,byirq,148,Rescuing girls from sex slavery ,cnn.com,http://www.cnn.com/2010/LIVING/04/29/cnnheroes.koirala.nepal/
2010-05-01,02:10:32,byfbu,52,China said Friday that a Chinese diplomat in the U.S. was beaten and injured by Houston police and urged an investigation to ensure diplomatic practices are not violated.,google.com,http://www.google.com/hostednews/ap/article/ALeqM5jIDKVxZXFXrQKGCi_Wl4wf8uN9ZAD9FDE4000
2010-04-30,16:59:19,by7um,35,Improving the quality of content at /r/worldnews (we need your help),self.worldnews,https://www.reddit.com/r/worldnews/comments/by7um/improving_the_quality_of_content_at_rworldnews_we/
2010-05-01,06:49:50,byiv9,24,Gonorrhea Could Become Untreatable,pbs.org,http://www.pbs.org/newshour/rundown/2010/04/who-gonorrhea-could-become-untreatable.html
2010-04-30,22:17:13,byc1k,19,China lifts travel ban on people with HIV and Aids ,news.xinhuanet.com,http://news.xinhuanet.com/english2010/world/2010-04/30/c_13272971.htm
2010-04-30,23:17:19,byctn,14,Not just the Catholic Church: Sexual abuse scandal rocks Boy Scouts of America after $18.5m payout,guardian.co.uk,http://www.guardian.co.uk/world/2010/apr/29/boy-scouts-sexual-abuse-dykes
2010-04-30,08:06:03,by2nb,13,"Geopolitically optimised map of Europe. What if countries were moved to other parts of the continent where they would be happier, among friends?",economist.com,http://www.economist.com/world/europe/displayStory.cfm?story_id=16003661
2010-04-30,20:36:26,byaw5,12,"The Pakistani military, long reluctant to heed American urging that it attack Pakistani militant groups in their main base in North Waziristan, is coming around to the idea that it must do so, in its own interests.",nytimes.com,http://www.nytimes.com/2010/04/30/world/asia/30pstan.html?ref=world
2010-04-30,21:55:32,bybrq,12,"Betrayer and Betrayed: New Documents Reveal Truth on NATO's 'Most Damaging' Spy - For years, from his senior position in Estonia's Defense Ministry, Herman Simm leaked highly sensitive NATO intelligence and the names of Western spies to Russia's foreign intelligence service",spiegel.de,"http://www.spiegel.de/international/europe/0,1518,691817,00.html"
2010-04-30,10:03:59,by3sb,8,Brazilian street vendors are hawking a video of an elderly priest molesting an altar boy. Dom Phillips reports from Brazil on the pope’s brewing crisis in South America.,thedailybeast.com,http://www.thedailybeast.com/blogs-and-stories/2010-04-26/priest-sex-tape-horror/?cid=bsa:mostpopular2
2010-04-30,08:35:50,by2yy,8,"A Russian company is marketing a devastating new cruise missile system which can be hidden inside a shipping container, giving any merchant vessel the capability to wipe out an aircraft carrier.",reuters.com,http://www.reuters.com/article/idUSTRE63P2XB20100426
2010-04-30,20:41:48,byaxy,9,"Official investigation into Icelandic banks' collapse finds evidence of mismanagement, possibly fraud. Banks lent heavily to controlling shareholders and legislators, ramped up share prices",voxeu.org,http://www.voxeu.org/index.php?q=node/4965
2010-04-30,22:28:45,byc6m,7,What Russia gets from the Ukraine gas deal (Hint: It's not just a place to dock its Black Sea Fleet.),globalpost.com,http://www.globalpost.com/dispatch/russia/100429/ukraine-gas-viktor-yanukovych
2010-04-30,11:39:55,by4xo,6,"Palestinians who throw rocks from hundreds of meters away as a symbolic protest are shot at by the IDF, Israeli 'settler' fires on group of Palestinian  and Israeli protesters and the IDF join in.",btselem.org,http://www.btselem.org/English/Video/20100626_CDP_Settler_shoot_at_demonstraotor_in_Asira_al_Qibliya.asp
2010-04-30,22:50:18,bycgr,7,Man attacks preschool children with hammer in China.(WTF?),cnn.com,http://www.cnn.com/2010/WORLD/asiapcf/04/30/china.school.attack/index.html?hpt=T2
2010-05-01,05:12:17,byhpt,3,Greece plans tough new austerity measures,cbc.ca,http://www.cbc.ca/money/story/2010/04/30/greece-debt.html
2010-05-01,04:36:22,byh87,6,Ghost estates testify to Irish boom and bust,news.bbc.co.uk,http://news.bbc.co.uk/1/hi/world/europe/8653949.stm
2010-04-30,21:56:59,bybse,5,Fears of Euro Zone Domino Effect - Will Greek Contagion Bring Portugal Down?,spiegel.de,"http://www.spiegel.de/international/europe/0,1518,692251,00.html"
2010-05-01,03:33:32,bygef,6,"Three Houston police officers have been restricted to desk duty after they followed a Chinese diplomat into the parking garage of the Chinese Consulate, arrested the man and injured him.",msnbc.msn.com,http://www.msnbc.msn.com/id/36873803/ns/us_news-crime_and_courts/
2010-05-01,02:49:20,byftz,5,GET KONY: How an American biker-turned-orphanage-running preacher is hunting down the head of the death-dealing Lord’s Resistance Army in Africa,vanityfair.com,http://www.vanityfair.com/politics/features/2010/04/christian-vigilante-201004?printable=true
2010-05-01,00:19:05,bydo9,3,"Security officials in Ghana are cracking down on migrant Fulani herdsmen, accusing them of rape, vandalism, destruction of farms and armed robbery, but conflict resolution specialists say the herdsmen are being manipulated and the government must abide by regional right-of-passage laws.",irinnews.org,http://www.irinnews.org/Report.aspx?ReportId=88957
2010-05-01,02:33:48,byflr,4,International POV of the Arizona Law,spiegel.de,"http://www.spiegel.de/international/world/0,1518,692119,00.html"
2010-04-30,23:24:45,bycxl,5,26 basic questions about Iran with answers that might surprise you,alternet.org,http://www.alternet.org/story/146673/super_surprising_facts_about_%27our_enemy%27_iran_remind_us_that_we_don%27t_know_squat
2010-05-01,06:13:57,byihx,2,Chinese Activist Gao Zhisheng Disappears Again Weeks After Release,nytimes.com,http://www.nytimes.com/2010/05/01/world/asia/01gao.html?partner=rss&emc=rss
2010-04-30,20:05:25,byakq,3,Poor conditions mean double jeopardy for Zambian inmates,plusnews.org,http://www.plusnews.org/Report.aspx?ReportId=88972
2010-05-01,04:22:35,byh1o,2,Taliban splinter group executes Pakistani spy turned jihadi,guardian.co.uk,http://www.guardian.co.uk/world/2010/apr/30/jihadi-activist-executed-taliban-group
2010-04-30,10:45:42,by48u,3,Profiles in courage: Nigerian scholar Issah Tikumah who wrote The Misuse of Niqab: The Abuse of Islam and the Dormancy of Islamic Scholars. He is now under siege for his work.,open.salon.com,http://open.salon.com/blog/judy_mandelbaum/2010/04/28/profiles_in_blogging_courage_nigerian_scholar_issah_tikumah
