2010-10-13,12:26:53,dqi03,1345,First Miner hoisted to freedom in Chile,nytimes.com,http://www.nytimes.com/2010/10/13/world/americas/13chile.html?_r=1&hp
2010-10-13,21:52:15,dqngr,179,A Mexican police commander investigating the reported shooting of an American tourist on a border lake was decapitated and his head was found in a suitcase outside a Mexican Army base,elpasotimes.com,http://www.elpasotimes.com/ci_16319784?source=most_viewed
2010-10-13,16:56:34,dqkux,52,Chinese communist elders issue free speech appeal,news.yahoo.com,http://news.yahoo.com/s/ap/20101013/ap_on_re_as/as_china_free_speech
2010-10-13,23:05:32,dqoe9,48,Four teenagers charged on hate crime against beating a Muslim kid who they called a terrorist.,dailymail.co.uk,http://www.dailymail.co.uk/news/article-1320088/Four-teenagers-hate-crime-charge-accused-beating-Muslim-classmate-called-terrorist.html
2010-10-14,04:21:34,dqt3r,50,"Goodbye Great Recession. Hello bedlam: As 2010 ends, global security is nosediving",globalpost.com,http://www.globalpost.com/dispatch/asia/101012/goodbye-great-recession-hello-bedlam
2010-10-13,18:57:23,dqlvg,45,"Mass protests shake French government. ""Over three million workers marched against unpopular pension cuts Tuesday, as the political establishment fears a radicalization of workers’ struggles that could escape the control of the trade unions.""",wsws.org,http://www.wsws.org/articles/2010/oct2010/fran-o13.shtml
2010-10-13,21:03:26,dqmyu,42,Former KGB officer says Britain should stop trying to extradite him for Alexander Litvinenko's poisoning,guardian.co.uk,http://www.guardian.co.uk/world/2010/oct/12/andrei-lugovoi-interview-alexander-litvinenko-poisoning
2010-10-13,15:31:31,dqk3k,40,38 tigers and 134 leopards have been killed this year in India by poachers,tehelka.com,http://www.tehelka.com/story_main47.asp?filename=Ne161010SANSAR.asp
2010-10-14,01:05:04,dqq8a,27,Right-Wing Attitudes On the Rise in Germany,spiegel.de,"http://www.spiegel.de/international/germany/0,1518,722868,00.html"
2010-10-13,23:12:06,dqohe,31,"Iraq vet who rescued the wounded children after the Wikileaks ""Collateral Murder"" incident was denied mental counselling by commanding officers. ",youtube.com,http://www.youtube.com/watch?v=a_ZUzPcrO8c
2010-10-14,02:13:21,dqr6j,25,"A Mexican police commander investigating the disappearance of an American tourist on a border lake plagued by pirates was killed, U.S. and Mexican officials said Tuesday. The San Antonio Express-News is reporting that Rolando Flores' head was delivered to the Mexican military in a suitcase.",cbsnews.com,http://www.cbsnews.com/stories/2010/10/12/world/main6951481.shtml?tag=strip
2010-10-13,16:34:46,dqknx,29,Chinese Scientists behaving badly | Recent events show China needs to clean up its scientific act,economist.com,http://www.economist.com/node/17199386
2010-10-14,05:29:32,dqu3s,23,"The rescued miners may stand to make a tidy sum from book and newspaper deals, but no-one has profited more from their ordeal than Chile’s president, Sebastian Pinera. ",telegraph.co.uk,http://www.telegraph.co.uk/news/worldnews/southamerica/chile/8062354/Chile-miners-rescue-Presidents-popularity-soars.html
2010-10-14,06:47:19,dqv9l,21,Italy to combat prostitution by cutting trees.,guardian.co.uk,http://www.guardian.co.uk/world/2010/oct/12/italy-prostitution-cutting-trees
2010-10-14,04:04:07,dqstx,22,"India to help Vietnam enhance, upgrade its armed forces",economictimes.indiatimes.com,http://economictimes.indiatimes.com/news/politics/nation/India-to-help-Vietnam-enhance-upgrade-its-armed-forces/articleshow/6740243.cms
2010-10-13,08:43:43,dqf2f,17,India Adds Economic Power to Security Council Bloc With Brazil,bloomberg.com,http://www.bloomberg.com/news/2010-10-12/india-adds-economic-power-to-un-bloc-skeptical-over-u-s-pressure-on-iran.html
2010-10-13,23:43:38,dqoz6,18,"43 die after bus ignores warning, collides with train in Ukraine",msnbc.msn.com,http://www.msnbc.msn.com/id/39626546/ns/world_news-europe/
2010-10-14,05:30:54,dqu4h,14,Suspected US missiles strikes kill 11 in Pakistan,rawstory.com,http://www.rawstory.com/rs/2010/10/suspected-missiles-strikes-kill-11-pakistan/
2010-10-14,00:22:17,dqpkt,13,"Three-year-old Iraqi child saved in Israel: Following life-saving surgery for inborn heart defect, child's mother says: We love Israel, not afraid to return to Iraq",ynetnews.com,"http://www.ynetnews.com/articles/0,7340,L-3968830,00.html"
2010-10-13,11:38:47,dqhdw,7,Rescuer Descends Into Chile Mine Shaft - NYT,nytimes.com,http://www.nytimes.com/2010/10/13/world/americas/13chile.html?_r=1&hp=&pagewanted=print
2010-10-13,09:23:50,dqfm3,6,"Nazi Re-enactor Just Tip of the Iceberg: The GOP’s 
Long History with Nazi Allies",blogs.alternet.org,http://blogs.alternet.org/speakeasy/2010/10/12/nazi-re-enactor-just-tip-of-the-iceberg-the-gops-long-history-with-nazi-allies/
2010-10-13,01:28:04,dq91g,7,"The bizarre trial of Dutch political leader Geert Wilders, for having allegedly insulted Islam and incited hatred against Muslims, may have major long term repercussions on Europe.  You may not agree with his politics, but his trial will be a watershed for European democracy.",aish.com,http://www.aish.com/ci/s/104696844.html
2010-10-13,11:30:41,dqha7,3,"Governor demands businesses that have foreign names change their signs within six months
      
    
	- Arab News",arabnews.com,http://arabnews.com/saudiarabia/article157733.ece
2010-10-13,14:59:28,dqjsm,3,Pension Reform Protest - Third Wave of Strikes Shuts Down France,spiegel.de,"http://www.spiegel.de/international/europe/0,1518,722713,00.html"
2010-10-13,18:09:47,dqlgf,5,"Pushed to alleviate security concerns before the city’s double-billing on the international stage, Rio officials have embarked on an ambitious plan to wrest control of the slums, such as City of God, from ruthless drug gangs who ruled for years with big guns and abject terror.",nytimes.com,http://www.nytimes.com/2010/10/11/world/americas/11brazil.html?_r=1
2010-10-13,22:55:12,dqo8x,4,Qatar Airways pilot dies in mid-air ,english.aljazeera.net,http://english.aljazeera.net/news/asia-pacific/2010/10/20101013125418819383.html
2010-10-14,04:45:02,dqtff,4,Ahmadinejad: Lebanon is a university for Jihad,jpost.com,http://www.jpost.com/IranianThreat/News/Article.aspx?id=191280
2010-10-13,18:06:49,dqlfq,3,UK: Navy to get aircraft carriers despite defence cuts ,guardian.co.uk,http://www.guardian.co.uk/uk/2010/oct/12/navy-aircraft-carriers-defence-cuts
2010-10-13,20:34:38,dqmp3,5,Muslims taking over Paris,downloads.cbn.com,http://downloads.cbn.com/cbnnewsplayer/cbnplayer.swf?aid=17933
2010-10-13,20:49:58,dqmtq,3,Chilean Miner Choose to Meet Mistress over Wife when he Escapes Mine,dailymail.co.uk,http://www.dailymail.co.uk/news/article-1320112/Chilean-miner-Yonni-Barrios-extra-marital-affair-exposed-trapped.html
