2010-11-26,03:14:33,ebqlp,1105,"""I didn't understand quite how bad things had become in this country until I saw armed cops being deployed against schoolchildren in the middle of Whitehall.""",newstatesman.com,http://www.newstatesman.com/blogs/laurie-penny/2010/11/children-police-kettle-protest
2010-11-26,19:41:12,ec0w7,912,"Pregnant woman survives after being stabbed 24 times, shot in the leg, and dumped in a ravine.  Oh and the baby made it as well.",iol.co.za,http://www.iol.co.za/news/world/pregnant-woman-stabbed-24-times-1.877635
2010-11-26,21:34:19,ec1up,513,"Iceland allowed it's banks to fail - and is doing all 
the better for it",bloomberg.com,http://www.bloomberg.com/news/2010-11-26/iceland-faring-much-better-after-permitting-banks-to-fail-grimsson-says.html
2010-11-26,22:25:01,ec2ce,401,Video footage shows mounted police charging a crowd of UK student protesters during this week's tuition fees demonstration. Met police issue denial but witnesses tell of terrifying ordeal,guardian.co.uk,http://www.guardian.co.uk/uk/2010/nov/26/police-student-protests-horses-charge
2010-11-26,15:08:50,ebyhs,308,'Artillery fire' heard near South Korea island [11/26],telegraph.co.uk,http://www.telegraph.co.uk/news/worldnews/asia/northkorea/8161433/Artillery-fire-heard-near-South-Korea-island.html
2010-11-27,00:51:47,ec41v,274,Russia finally admits Stalin did order massacre of Polish officers,news.com.au,http://www.news.com.au/breaking-news/russia-finally-admits-stalin-did-order-massacre-of-polish-officers/story-e6frfku0-1225961773212
2010-11-26,23:09:10,ec2tv,147,Student protests: video shows mounted police charging London crowd,guardian.co.uk,http://www.guardian.co.uk/uk/2010/nov/26/police-student-protests-horses-charge?CMP=NECNETTXT766
2010-11-27,06:57:31,ec8q9,136,Iceland to elect citizens' panel to rewrite constitution,guardian.co.uk,http://www.guardian.co.uk/world/2010/nov/26/iceland-elect-citizens-rewrite-constitution
2010-11-26,04:58:38,ebrvq,130,"'Wikileaks documents show Turkey helped al-Qaida' - Wikileaks is planning to release files that show Turkey has helped al-Qaida in Iraq, according to London-based daily Al-Hayat. The newspaper also reported that the US helped the PKK, a Kurdish rebel organization.",jpost.com,http://www.jpost.com/International/Article.aspx?id=196752
2010-11-26,04:10:25,ebrbh,86,"The IMF riot is painfully predictable. When a nation is, ""down and out, [the IMF] takes advantage and squeezes the last pound of blood out of them.",gregpalast.com,http://www.gregpalast.com/the-globalizer-who-came-in-from-the-cold/
2010-11-27,03:18:33,ec5wq,83,Russian Parliament finally admits Stalin ordered Katyn Massacre,rt.com,http://rt.com/news/parliament-stalin-katyn-massacre/
2010-11-26,20:40:10,ec1ec,83,"""If the eurozone falls apart, it will be because Germany did not do enough to save it. If the eurozone is saved, it will be thanks to Germany. This is the greatest challenge to German statecraft since the country was peacefully united 20 years ago.""",guardian.co.uk,http://www.guardian.co.uk/commentisfree/2010/nov/24/germany-european-debt-euro-ireland
2010-11-26,08:14:17,ebtwu,83,"""If Germany realizes that it faces never-ending, and ever-rising, costs to keep the euro zone intact, and that the victim states will not ditch the euro of their own volition, it might be pushed into a radical move: Remove itself from the euro zone and put the mark back into action.""",theglobeandmail.com,http://www.theglobeandmail.com/report-on-business/commentary/eric-reguly/the-good-ship-euro-is-sinking/article1812409/
2010-11-27,02:36:40,ec5df,78,"Dear Reddit, I've never hated my country or its people more than I do today.",timesofindia.indiatimes.com,http://timesofindia.indiatimes.com/city/lucknow/Rape-accused-abduct-girl-rape-her-again/articleshow/6991554.cms
2010-11-26,18:49:37,ec0g5,69,"Is anyone else getting a little nervous about the horrible timing of this Korea situation and the Wikileaks release, said to be damning to the US?",self.worldnews,https://www.reddit.com/r/worldnews/comments/ec0g5/is_anyone_else_getting_a_little_nervous_about_the/
2010-11-26,11:44:33,ebw4k,65,Israeli soldiers who made Palestinian boy search 'bomb' bags are freed,belfasttelegraph.co.uk,http://www.belfasttelegraph.co.uk/news/world-news/israeli-soldiers-who-made-palestinian-boy-to-search-bomb-bags-are-freed-15014136.html
2010-11-26,16:32:06,ebzbs,66,"""We're going to have a system where the middle classes are discouraged from breeding because it's jolly expensive … But for those on benefits, there is every incentive. Well, that's not very sensible.""",guardian.co.uk,http://www.guardian.co.uk/politics/2010/nov/25/david-cameron-howard-flight-breeding
2010-11-27,07:42:40,ec97x,65,"Mass Exodus From Finnish Church: During a recent live televised debate church representatives called homosexuality a ""sin"" and questioned gay couples’ ability to raise a family",alternet.org,http://www.alternet.org/newsandviews/article/359219/mass_exodus_from_finnish_church_after_church%27s_anti-gay_screed/#paragraph3
2010-11-27,04:49:49,ec737,59,Iceland elects ordinary folk to draft constitution,boston.com,http://www.boston.com/news/world/europe/articles/2010/11/26/iceland_elects_ordinary_folk_to_draft_constitution/?s_campaign=8315
2010-11-26,22:38:07,ec2hj,55,"Flying in Europe? Don't fear a pat-down, as European Union governments take different approach than US to airport security",globalpost.com,http://www.globalpost.com/dispatch/european-union/101125/airport-security-pat-down
2010-11-26,22:43:23,ec2jk,42,"The Pirate Bay Appeal Verdict: Sadly, Guilty Again!",torrentfreak.com,http://torrentfreak.com/the-pirate-bay-appeal-verdict-101126/
2010-11-26,11:45:01,ebw4t,43,N. Korea warns planned U.S.-S. Korea exercises bring peninsula 'closer to brink of war' as Seoul names new defense chief ,reuters.com,http://www.reuters.com/article/idUSTRE6AP08F20101126
2010-11-26,21:20:39,ec1qk,38,"The costs and consequences of the single 
European currency falling apart are too high for it 
to be allowed to happen",guardian.co.uk,http://www.guardian.co.uk/business/marketforceslive/2010/nov/25/banks-lower-euro-worries
2010-11-27,00:47:13,ec3zv,37,Italian students swarmed the Colosseum in Rome and the Leaning Tower of Pisa as part of nationwide protests against proposed budget cuts in the university system,smh.com.au,http://www.smh.com.au/travel/travel-news/tourists-evacuated-as-students-swarm-colosseum-tower-of-pisa-20101126-189nt.html
2010-11-26,07:01:06,ebt6p,31,South Korea defense minister quits,news.yahoo.com,http://news.yahoo.com/s/nm/20101125/wl_nm/us_korea_north1;_ylt=Ahs6jd6jTZ_NscI9pVA4TpRvaA8F;_ylu=X3oDMTJndnViazRxBGFzc2V0A25tLzIwMTAxMTI1L3VzX2tvcmVhX25vcnRoMQRjcG9zAzEEcG9zAzIEc2VjA3luX3RvcF9zdG9yeQRzbGsDc291dGhrb3JlYWRl
2010-11-27,01:59:07,ec4uv,31,S. Korean Military Knew of N.Korean Artillery Move Before Attack,english.chosun.com,http://english.chosun.com/site/data/html_dir/2010/11/26/2010112600954.html
2010-11-26,00:54:48,ebota,31,"As a young mother faces death, her daughters and husband face death threats and are forced to flee. ",youtube.com,http://www.youtube.com/watch?v=_BH7zg9ep_k
2010-11-27,07:18:55,ec8ys,27,Iceland elects ordinary people to draft constitution,news.yahoo.com,http://news.yahoo.com/s/ap/20101126/ap_on_re_eu/eu_iceland_election
2010-11-26,19:46:59,ec0y6,28,"""Canadians need to make some hard choices to tackle the key structural problems challenging the country's future prosperity, including soaring health-care costs and a tax system that is unfair to lower-income earners, says the head of Toronto-Dominion Bank.""",theglobeandmail.com,http://www.theglobeandmail.com/report-on-business/economy/hard-economic-choices-ahead-for-canadians-tds-clark/article1813651/
2010-11-27,03:51:19,ec6bk,27,"Third Aussie Soldier Charged Over Afghan Civilian Slaughter - Six people, including four children..., were killed when the Australian commandos attacked a compound in Uruzgan province in February 2009.",abc.net.au,http://www.abc.net.au/news/stories/2010/11/26/3077928.htm
