2010-06-06,19:08:42,cbz1f,1004,Pixies cancel Israel concert - Cancellation comes on the heels of cancellations by Klaxons and Gorillaz Sound System in wake of Gaza flotilla raid.,haaretz.com,http://www.haaretz.com/news/national/pixies-cancel-israel-concert-1.294451
2010-06-06,05:33:51,cbub9,546,Report: Turkish PM May Sail to Gaza Himself,news.antiwar.com,http://news.antiwar.com/2010/06/05/report-turkish-pm-may-go-to-gaza-himself/
2010-06-06,10:51:12,cbw73,312,"IDF Admits It Doctored Flotilla Audio Clip! Media people, time to correct your stories...",maxblumenthal.com,http://maxblumenthal.com/2010/06/idf-admits-it-doctored-flotilla-audio-clip-washington-posts-kessler-must-retract/
2010-06-06,20:26:40,cbzcu,275,Israel under fire for apparently doctoring flotilla recordings,maannews.net,http://www.maannews.net/eng/ViewDetails.aspx?ID=289874
2010-06-06,08:30:23,cbvbq,162,Looks like we are growing a pair: EU to propose lifting Israeli blockade of Gaza,hindustantimes.com,http://www.hindustantimes.com/europe/EU-to-propose-lifting-Israeli-blockade-of-Gaza-Spain/553616/H1-Article1-553748.aspx
2010-06-06,20:18:45,cbzbl,116,"Pixies pull out of gig in Israel
The group was to have performed a single gig in Tel Aviv on Wednesday, but pulled out just days after a deadly Israeli naval raid on an international aid flotilla, which has provoked a huge international backlash.",abc.net.au,http://www.abc.net.au/news/stories/2010/06/06/2919568.htm?section=justin
2010-06-06,17:41:13,cbynx,89,Turkish Newspaper releases photos of Israeli commandos on Flotilla,fotogaleri.hurriyet.com.tr,http://fotogaleri.hurriyet.com.tr/GaleriDetay.aspx?P=9&cid=36575&rid=2
2010-06-07,06:12:11,cc3hh,86,Shot Australian says Israelis left him to bleed after a bullet hit an artery in his leg,abc.net.au,http://www.abc.net.au/news/stories/2010/06/07/2919698.htm?section=justin
2010-06-06,04:12:26,cbtr9,72,An Irish-American activist has been hospitalised after allegedly suffering beatings at the hands of Israeli security forces.,channel4.com,http://www.channel4.com/news/articles/politics/international_politics/gaza activist aposbeaten in israeli jailapos/3669527
2010-06-06,09:33:32,cbvoi,64,BBC- Egyptian court rules that men married to Israelis should have citizenship stripped,news.bbc.co.uk,http://news.bbc.co.uk/2/hi/world/africa/10247437.stm
2010-06-06,11:09:37,cbwbv,59,Russia proposes global fund to insure against large-scale environmental disasters like the Gulf of Mexico oil spill,reuters.com,http://www.reuters.com/article/idUSLDE65408R20100605?type=marketsNews
2010-06-06,09:29:38,cbvo0,51,"Who's running Reykjavik? Anarcho-surrealists. ""Nobody needs to be frightened of the Best Party because it's the best. And we only want what is best—if we didn't, we'd be called the Worst Party or the Bad Party.""",independentpoliticalreport.com,http://www.independentpoliticalreport.com/2010/06/anarcho-surrealist-comic-party-wins-big-in-reykjavik-election/
2010-06-07,06:14:44,cc3i5,47,Gaza blockade: Iran offers escort to next aid convoy | World news | The Guardian,guardian.co.uk,http://www.guardian.co.uk/world/2010/jun/06/gaza-blockade-iran-aid-convoy
2010-06-07,07:05:42,cc3wp,48,"Gaza convoy tapes edited, Israel acknowledges",edition.cnn.com,http://edition.cnn.com/2010/WORLD/meast/06/06/gaza.flotilla.recordings/index.html
2010-06-07,02:17:18,cc1mt,43,São Paulo: The City That Said No To Advertising,businessweek.com,http://www.businessweek.com/innovate/content/jun2007/id20070618_505580.htm
2010-06-06,13:07:51,cbx45,42,Australian Internet provider denies supporting censorship,smh.com.au,http://www.smh.com.au/technology/technology-news/internet-provider-denies-supporting-conroys-filter-20100605-xlrj.html
2010-06-06,23:51:04,cc0gm,36,Israel's ambassador to the U.S. says his country rejects the idea of a having an international commission look into Israel's deadly raid on a Gaza-bound aid flotilla.,salon.com,http://www.salon.com/wires/us/2010/06/06/D9G5QJ300_us_us_israel/index.html
2010-06-06,23:42:30,cc0en,29,"In Vietnam, cluster bombs still plague countryside: At the present rate, UXO clearance will take 300years.",globalpost.com,http://www.globalpost.com/dispatch/vietnam/100602/cluster-bombs-landmines-demining-quang-tri
2010-06-06,09:02:46,cbvif,25,Greenpeace Activist Harpooned by French Fisherman,treehugger.com,http://www.treehugger.com/files/2010/06/greenpeace-activist-harpooned-by-french-fisherman-video.php
2010-06-06,01:54:20,cbsra,20,What are the Bilderberg Group really doing in Spain?,independent.co.uk,http://www.independent.co.uk/news/world/europe/what-are-the-bilderberg-group-really-doing-in-spain-1991021.html
2010-06-06,18:10:09,cbysd,16,Kidnapped by Israel and abandoned by Britain ,independent.co.uk,http://www.independent.co.uk/news/world/middle-east/kidnapped-by-israel-and-abandoned-by-britain-1992518.html
2010-06-06,20:08:42,cbza2,16,Think we'd be better off without a government? BBC News article on how that worked out for Somalia,news.bbc.co.uk,http://news.bbc.co.uk/2/hi/4017147.stm
2010-06-06,19:08:30,cbz1d,15,"1,500 revellers took part in a water fight event organised in central london, ended with six people were arrested, another was taken to hospital and one of London's busiest shopping areas was closed after a mass water fight got out of hand.
",news.sky.com,http://news.sky.com/skynews/Home/UK-News/Three-Arrested-And-Another-Person-Injured-In-Mass-Water-Fight-In-London/Article/201006115644025
2010-06-06,20:37:11,cbzeq,15,S.Korea Refers N.Korea to UN Security Council,english.chosun.com,http://english.chosun.com/site/data/html_dir/2010/06/05/2010060500346.html
2010-06-07,04:35:43,cc2p4,15,WTF: IDF admits doctoring audio of flotilla raid,rawstory.com,http://rawstory.com/rs/2010/0606/idf-admits-doctoring-audio-gaza-flotilla/
2010-06-07,01:45:43,cc1di,11,"Israel rejects UN chief's proposal to create an 
international committee of inquiry into the raid on 
Gaza flotilla raid; committee members would 
include representatives from the United States, 
Turkey and Israel.",news.bbc.co.uk,http://news.bbc.co.uk/2/hi/middle_east/10250354.stm
2010-06-06,18:20:18,cbytz,10,"One year ago, President Barack Obama delivered a powerful address in Cairo aimed at improving America's relations with the Muslim world. Dalia Mogahed, who helped draft that speech, speaks about its impact, Obama's waning support in the Arab world and the difference between words and action.",spiegel.de,"http://www.spiegel.de/international/world/0,1518,698640,00.html"
2010-06-06,21:37:42,cbzpd,9,"Israel flotilla raid needs international inquiry, says UN chief",guardian.co.uk,http://www.guardian.co.uk/world/2010/jun/06/israel-flotilla-inquiry-un-chief
2010-06-07,05:27:59,cc34u,8,Deadly floods hit eastern Europe,euronews.net,http://www.euronews.net/2010/05/17/deadly-floods-hit-eastern-europe/
2010-06-07,03:17:58,cc237,9,China's looming woman shortage: 5 possible consequences,theweek.com,http://theweek.com/article/index/201797/Chinas_looming_woman_shortage_5_possible_consequences
