2010-09-30,18:45:08,dkxjt,796,Less than 2% of websites on Scandinavia's child porn internet filter is actually child porn,boingboing.net,http://www.boingboing.net/2010/09/30/only-17-of-sites-blo.html
2010-09-30,04:21:56,dkn80,712,"U.N. rights body backs critique of Gaza flotilla raid. United States is the only country voting ""No""",af.reuters.com,http://af.reuters.com/article/worldNews/idAFTRE68S4DN20100929
2010-09-30,19:46:17,dky1r,176,"Bishops threaten Philippine president with Excommunication for offering birth control to married couples. ""Birth control is Abortion!"" says Church.",newsinfo.inquirer.net,http://newsinfo.inquirer.net/breakingnews/nation/view/20100930-295226/Bishop-threatens-Aquino-with-excommunication-over-birth-control
2010-09-30,19:43:36,dky0s,144,New bank bail out increases the deficit of Ireland from 12% to 32% of GDP. When will banks stop stealing our money?,bbc.co.uk,http://www.bbc.co.uk/news/business-11441473
2010-10-01,02:09:35,dl33t,130,Pakistan has just closed the most important border crossing for trucks supplying NATO troops in Afghanistan,nytimes.com,http://www.nytimes.com/2010/10/01/world/asia/01peshawar.html
2010-10-01,04:58:30,dl5vc,124,"Ecuador declares emergency as police protest, president is attacked",edition.cnn.com,http://edition.cnn.com/2010/WORLD/americas/09/30/ecuador.violence/?hpt=T1
2010-09-30,23:43:47,dl0t9,66,Pakistan has banned NATO supply convoys to Afghanistan after fighting between NATO troops and militants led to the killing of three Pakistani soldiers,edition.cnn.com,http://edition.cnn.com/2010/WORLD/asiapcf/09/30/pakistan.military.post.attack/?hpt=T2
2010-10-01,05:49:09,dl6np,52,Dubai police chief says Mossad threatened him over Hamas killing - Dubai's police chief says he received death threats from the Israeli spy agency Mossad linked to his investigation into the January assassination of a senior Hamas leader.,france24.com,http://www.france24.com/en/20100930-dubai-police-chief-mossad-threatened-hamas-killing-spy
2010-09-30,20:41:24,dkyk0,52,World's first 'cyber superweapon' attacks China,physorg.com,http://www.physorg.com/news205050403.html
2010-09-30,18:38:57,dkxid,29,Jordan deliberately jammed al-Jazeera World Cup coverage,guardian.co.uk,http://www.guardian.co.uk/world/2010/sep/29/al-jazeera-world-cup-coverage-jordan
2010-09-30,16:32:47,dkwil,27,"More than 7,000 complaints lodged against UK banks every day",telegraph.co.uk,http://www.telegraph.co.uk/finance/personalfinance/consumertips/banking/8033799/More-than-7000-complaints-lodged-against-banks-every-day.html
2010-09-30,23:07:44,dl09g,30,"Man, sons convicted of stoning El Paso woman to death",elpasotimes.com,http://www.elpasotimes.com/ci_16207208?source=most_viewed
2010-09-30,19:24:47,dkxuk,27,Anglo Irish Bank failure would 'bring down' Ireland,guardian.co.uk,http://www.guardian.co.uk/business/2010/sep/30/anglo-irish-bank-bailout
2010-10-01,03:35:19,dl4iq,21,"Researchers believe at least 58 million children in China are growing up without one or both parents, who have left to find work.",latimes.com,"http://www.latimes.com/news/la-fg-china-left-behind-20100930,0,3115732.story"
2010-09-30,11:16:21,dksvr,20,Why the US doesn't talk to Iran ,atimes.com,http://www.atimes.com/atimes/Middle_East/LI30Ak02.html
2010-10-01,03:30:53,dl4g4,21,UFOs in Montreal? Strange sights reported in my city,cbc.ca,http://www.cbc.ca/canada/montreal/story/2010/09/30/mystery-ufo-sighting-montreal.html
2010-09-30,10:24:00,dks7t,19,Tour de France champion Alberto Contador tests positive,abc.net.au,http://www.abc.net.au/news/stories/2010/09/30/3025876.htm
2010-09-30,10:11:44,dks27,18,"""Sometimes, for a day or two we don't even have bread, nor flour to make bread. There's a store nearby that, when we are truly desperate, lets us take a bag of bread on credit. I owe them a lot of money...""-- Hungry in Gaza",commondreams.org,http://www.commondreams.org/headline/2010/09/29-2
2010-09-30,22:55:25,dl03n,17,"Stuxnet origin may be, oh surprise, Israel",nytimes.com,https://www.nytimes.com/2010/09/30/world/middleeast/30worm.htm?_r=2
2010-09-30,19:52:30,dky43,16,Sri Lanka's president has confirmed a two-and-a-half-year jail term for former army chief Sarath Fonseka.,abc.net.au,http://www.abc.net.au/news/stories/2010/09/30/3026427.htm?section=justin
2010-10-01,01:52:50,dl2ue,12,Pakistan Cuts Off NATO Supply Route: Lorries prevented from crossing into Afghanistan in apparent retaliation for recent deadly cross-border NATO raid,english.aljazeera.net,http://english.aljazeera.net/news/asia/2010/09/2010930941789673.html
2010-09-30,19:11:05,dkxqe,13,BT embroiled in ACS:Law porn list breach,bbc.co.uk,http://www.bbc.co.uk/news/technology-11434809
2010-09-30,23:48:00,dl0vr,11,Eight Germans and two British brothers are at the heart of an al-Qaida-linked terror plot against European cities,news.yahoo.com,http://news.yahoo.com/s/ap/20100930/ap_on_re_as/europe_terror_threat
2010-10-01,05:20:07,dl670,11,"German Conservative Parties Agree To End Conscription - Both parties want to keep conscription as a part of Germany's constitution, the Grundgesetz, leaving open the option for its return in the future.",defensenews.com,http://www.defensenews.com/story.php?i=4811876&c=EUR&s=LAN
2010-09-30,11:25:41,dkt0h,12,Roma Expulsions Row: EU to Launch Legal Action Against France,spiegel.de,"http://www.spiegel.de/international/europe/0,1518,720311,00.html"
2010-10-01,06:05:09,dl6wx,12,Ecuador in Turmoil as President Denounces 'Coup Attempt',commondreams.org,http://www.commondreams.org/headline/2010/09/30-5
2010-09-30,23:47:58,dl0vp,12,Attacks on Baghdad Green Zone Surge - Mission Accomplished?,nytimes.com,http://www.nytimes.com/2010/09/30/world/middleeast/30iraq.html?_r=1
2010-09-30,19:41:22,dkxzm,13,Israeli-linked organ dealers busted,presstv.com,http://www.presstv.com/detail/143002.html
2010-10-01,04:27:17,dl5ct,10,"Stuxnet hits its next target, China.",google.com,http://www.google.com/hostednews/afp/article/ALeqM5iFRHUmI2w6HaAFZq-wUNre813wcA?docId=CNG.f6fba55ad8f5e329c0c25bad9aa7b8d3.651
2010-09-30,17:46:25,dkx3o,7,"EU proposes fines for budget deficit abusers - Nearly every EU nation is in violation of the Stability and Growth Pact that limits national debt. In order for countries to get debt under control, the European Commission has proposed penalties for debt violators.",dw-world.de,"http://www.dw-world.de/dw/article/0,,6058589,00.html"
