2010-03-05,21:11:17,b9mrc,128,Poland Looks Inward After Film Puts ‘Mall Girl’ Culture on View,nytimes.com,http://www.nytimes.com/2010/03/05/world/europe/05iht-mall.html?ref=global-home&pagewanted=all
2010-03-05,19:03:51,b9lgp,115,Rats that find land mines are saving lives in Africa. This is how they are trained,apopo.org,http://www.apopo.org/mine_detection.php
2010-03-05,16:33:48,b9k19,70,Jewish settlers in East Jerusalem celebrate massacre of 29 Palestinians by Jewish terrorist,ynetnews.com,"http://www.ynetnews.com/articles/0,7340,L-3857671,00.html"
2010-03-05,04:59:11,b9chs,41,Two dead as giant waves hit cruise ship...WOW,news.bbc.co.uk,http://news.bbc.co.uk/1/hi/world/europe/8550622.stm
2010-03-05,21:24:19,b9mwa,38,Jews praying at Western Wall pelted with rocks following an Islamic sermon on a recent Israeli decision to include two West Bank shrines on a list of national heritage sites,news.yahoo.com,http://news.yahoo.com/s/ap/20100305/ap_on_re_mi_ea/ml_israel_palestinians
2010-03-06,04:22:28,b9sdd,37,Man executed by firing squad for using cell phone,guardian.co.uk,http://www.guardian.co.uk/world/2010/mar/04/north-korea-human-rights-execution
2010-03-06,00:42:18,b9pgu,31,"Tobacco giant, Philip Morris, files lawsuit against Uruguay, charging that new health measures involving cigarette packaging amount to unfair treatment of the company!",truthout.org,http://www.truthout.org/philip-morris-vs-uruguay57389
2010-03-05,21:36:26,b9n0x,33,Japan's Princess Aiko 'bullied at school',news.bbc.co.uk,http://news.bbc.co.uk/2/hi/asia-pacific/8551868.stm
2010-03-06,00:50:02,b9pkt,31,Mexican gov't official fired for painting teen's buttocks as punishment for graffiti tagging,cbc.ca,http://www.cbc.ca/cp/Oddities/100304/K030408AU.html
2010-03-05,00:32:49,b98rp,27,"Unemployed Woman with 11 Children from 5 Different Fathers Enjoys $60,000 salary from British Taxpayers",thisislondon.co.uk,http://www.thisislondon.co.uk/standard/article-23811226-the-dispossessed-mother-of-11-lives-on-just-pound-7-a-day-per-child.do
2010-03-05,21:20:37,b9mup,25,Priest gets suspended sexual assault sentence,rte.ie,http://www.rte.ie/news/2010/0305/bennettr.html
2010-03-05,08:43:01,b9ezr,23,Respected Danish journalist admits 'I was a Mossad agent',haaretz.com,http://www.haaretz.com/hasen/pages/ShArtVty.jhtml?sw=Herbert+Pundik&itemNo=1153850
2010-03-06,04:18:59,b9sc6,21,"""All that the Pakistani Taliban wanted was money and that's all they talked about. They were not religious men. We did not see any one of them offering prayers even once."" - A rescued hostage",timesofindia.indiatimes.com,http://timesofindia.indiatimes.com/world/pakistan/All-the-Taliban-wanted-was-money-Rescued-Sikh/articleshow/5648940.cms
2010-03-06,00:54:50,b9pnu,20,Airline pilot arrested in Amsterdam for flying 13 years with bogus licence,ottawacitizen.com,http://www.ottawacitizen.com/Airline+pilot+arrested+Amsterdam+flying+years+with+bogus+licence/2644873/story.html
2010-03-05,16:58:05,b9k9a,16,The unlelected house is the only one with any sense: House of Lords makes moves to scrap bill clause which would let the government and corporations  spy on us all,news.bbc.co.uk,http://news.bbc.co.uk/1/hi/uk_politics/8549112.stm
2010-03-05,23:19:58,b9oby,14,Japan will not comply if a ban on international trade in Atlantic bluefin tuna is imposed,stuff.co.nz,http://www.stuff.co.nz/world/asia/3411353/Japan-won-t-wear-bluefin-tuna-ban
2010-03-06,00:26:39,b9p8c,14,Maoists plan to overthrow Indian government ,hindustantimes.com,http://www.hindustantimes.com/Maoists-want-to-overthrow-Indian-state-by-2050-Pillai/H1-Article3-515563.aspx
2010-03-06,01:29:03,b9q5i,13,"""I am sorry for what I did and hope that my 
daughter does not suffer any more in heaven""- girl 
dies after parents become obsessed with raising 
virtual baby while their real daughter lay abandoned 
and unfed",guardian.co.uk,http://www.guardian.co.uk/world/2010/mar/05/korean-girl-starved-online-game
2010-03-05,15:24:04,b9jg3,12,"A proposal to remove donor organs from patients who are dying before they are actually dead, published today in the Dutch medical journal Medisch Contact, has met with fierce criticism.",noonehastodietomorrow.com,http://www.noonehastodietomorrow.com/eugenics/population/2060
2010-03-05,12:30:46,b9hhd,11,Germany convicts 4 'Sauerland group' bomb plotters (with help from the CIA),english.aljazeera.net,http://english.aljazeera.net//news/europe/2010/03/20103412615232918.html
2010-03-05,14:27:34,b9iu4,10,"Papal aide, Vatican men's choir in gay prostitution ring",gaynewswatch.com,http://www.gaynewswatch.com/Page.cfm?PageID=22&SID=7864
2010-03-05,18:27:50,b9l5d,9,"Dozens of ships that had been trapped in ice in the Baltic Sea off Stockholm, some for several days, have been freed",news.bbc.co.uk,http://news.bbc.co.uk/2/hi/world/europe/8550687.stm
2010-03-06,01:39:04,b9qai,7,"Dubai police chief: Israeli killers should undergo DNA tests - ""I call on Israel to bring the suspects for DNA tests, so it can be compared to DNA found at the scene,"" Tamim told the Al-Halij newspaper published in the UAE. ""If the results don't match, I will resign from my post.""",haaretz.com,http://www.haaretz.com/hasen/spages/1154398.html
2010-03-05,23:35:19,b9oix,9,Irish foreign minister speaks out against Gaza blockade in I.H.T. Op-ed.,nytimes.com,http://www.nytimes.com/2010/03/05/opinion/05iht-edmartin.html
2010-03-06,00:35:48,b9pcw,8,"Gordon Brown says Iraq war was 'right', that Iraq threatened the 'new world order' they were trying to create, and that breaching of UN resolutions was the 'main issue'. Only Iraq breaches UN resolutions?",news.bbc.co.uk,http://news.bbc.co.uk/1/hi/uk_politics/8550779.stm
2010-03-05,16:58:55,b9k9n,7,"James Joyce's 'Finnegans Wake' to be reprinted with 9,000 corrections.",independent.ie,http://www.independent.ie/entertainment/books/readers-rejoyce--finnegan-brought-right-back-to-life-2089611.html
2010-03-06,00:06:35,b9oxx,8,Thailand refuses visa to Dalai Lama's sister under pressure from China,news.bbc.co.uk,http://news.bbc.co.uk/2/hi/asia-pacific/8551258.stm
2010-03-06,06:30:42,b9too,6,French warship team destroys pirate boats,cnn.com,http://www.cnn.com/2010/WORLD/africa/03/05/eu.pirates/index.html?hpt=T2
2010-03-05,22:21:50,b9nkg,6,Here's a first: Nation's only princess bullied at school!,news.bbc.co.uk,http://news.bbc.co.uk/1/hi/world/asia-pacific/8551868.stm
2010-03-05,17:22:12,b9kh0,7,Germany says Greece should sell islands to reduce debt,telegraph.co.uk,http://www.telegraph.co.uk/news/worldnews/europe/greece/7372594/Germany-says-Greece-should-sell-islands-to-reduce-debt.html
