2010-07-30,23:40:19,cvi30,655,"North Korea World Cup team shamed in six-hour grilling in front of 400 government officials, students and journalists. Coach punished for ""betraying"" Kim Jong-un. But they got off lightly apparently...",telegraph.co.uk,http://www.telegraph.co.uk/news/worldnews/asia/northkorea/7918468/North-Korean-football-team-shamed-in-six-hour-public-inquiry-over-World-Cup.html
2010-07-30,01:26:46,cv4q4,567,Israeli settlers throw out a Palestinian family from their home of 70 years,guardian.co.uk,http://www.guardian.co.uk/world/2010/jul/29/israeli-settlers-jerusalem-palestinian-eviction
2010-07-30,14:43:40,cvddo,111,Leader of Mexico's Sinaloa drug cartel killed,telegraph.co.uk,http://www.telegraph.co.uk/news/worldnews/centralamericaandthecaribbean/mexico/7917901/Leader-of-Mexicos-Sinaloa-drug-cartel-killed.html
2010-07-30,20:57:36,cvgco,97,"Fueled by the minerals that are used in phones and computers, war and rebellion have ravaged the Congo for 12 years. The UK government is now being sued for failing to hold accountable the firms who purchase these 'conflict minerals.'   ",guardian.co.uk,http://www.guardian.co.uk/world/2010/jul/26/global-witness-congo-conflict-minerals
2010-07-30,22:17:54,cvh4t,74,U.N. rights body tells Israel to end Gaza blockade,globalpost.com,http://www.globalpost.com/breaking-news/global/un-rights-body-tells-israel-end-gaza-blockade
2010-07-30,12:13:54,cvc05,54,"Exclusive: Google, CIA Invest in ‘Future’ of Web Monitoring",wired.com,http://www.wired.com/dangerroom/2010/07/exclusive-google-cia/
2010-07-30,20:03:07,cvfxz,48,Brazil faces uphill struggling curtailing lucrative trade in underage sex ,bbc.co.uk,http://www.bbc.co.uk/news/world-10764371
2010-07-30,22:06:45,cvh0o,46,July is deadliest month of Afghan war for US - Boston.com,boston.com,http://www.boston.com/news/world/asia/articles/2010/07/30/july_is_deadliest_month_of_afghan_war_for_us/?p1=News_links
2010-07-30,20:19:10,cvg1h,43,The world is insanely unprepared for germ warfare,foreignpolicy.com,http://www.foreignpolicy.com/articles/2010/07/29/biohazard
2010-07-31,00:50:24,cvj0w,38,"Russia Exported $50 Million In Diamonds To Guinea Late Last Year, But No One Can Explain Who Bought Them Or Why",businessinsider.com,http://www.businessinsider.com/russia-diamond-exports-2010-7
2010-07-30,21:11:09,cvgha,22,Beijing Wary Of Rising Tide Of Veterans' Discontent,npr.org,http://www.npr.org/templates/story/story.php?storyId=128852968
2010-07-30,23:12:52,cvhri,18,"The video showed the five staff being made to kneel and forced to eat food which had apparently been urinated on by one of the students.

",bbc.co.uk,http://www.bbc.co.uk/news/world-africa-10815571
2010-07-30,10:50:05,cvb7o,18,Military kills Mexican drug lord Ignacio Coronel,bbc.co.uk,http://www.bbc.co.uk/go/rss/int/news/-/news/world-latin-america-10812877
2010-07-30,23:56:30,cvi9e,18,"President Sarkozy looks into stripping French citizenship from anyone of foreign origin who ""threatened the life of a police officer""!",france24.com,http://www.france24.com/en/20100730-sarkozy-looks-strip-citizenship-threaten-security-forces-french-immigration
2010-07-31,01:24:24,cvji3,15,"After the leaking of 92,000 classified documents, the Taliban has now confirmed it is poring through them, and intends to hunt down and punish any suspected spies named.",newsweek.com,http://www.newsweek.com/2010/07/30/taliban-says-it-will-target-names-exposed-by-wikileaks.html
2010-07-31,04:55:37,cvm8z,14,"Gaza children set new kite flying world record: 7,202 children fly as many kites to enter Guinness Book of World Records as part of UN-run summer camp",haaretz.com,http://www.haaretz.com/news/features/gaza-children-set-new-kite-flying-world-record-1.304873
2010-07-31,00:50:45,cvj17,13,Chernobyl zone shows decline in biodiversity,bbc.co.uk,http://www.bbc.co.uk/news/science-environment-10819027
2010-07-30,21:16:40,cvgj2,10,India: No Country For Old People?,npr.org,http://www.npr.org/templates/story/story.php?storyId=128196971
2010-07-31,01:21:15,cvjgm,8,"Ethnic cleansing in the Israeli Negev. ""The razing of a Bedouin village by Israeli police shows how far the state will go to achieve its aim of Judaising the Negev region.""",guardian.co.uk,http://www.guardian.co.uk/commentisfree/2010/jul/28/ethnic-cleansing-israeli-negev
2010-07-30,16:47:03,cvegh,8,Dutch troops to leave Afghanistan soon,google.com,http://www.google.com/hostednews/afp/article/ALeqM5j6E-E2Wmju_Im3M1xqdvg2WpHUag
2010-07-31,01:36:21,cvjo2,8,"Having found Duch guilty of the worst cruelty and thousands of the most gruesome murders ever recorded, they handed down a sentence that is roughly what mid-level drug dealers have received in courts in Thailand.",bangkokpost.com,http://www.bangkokpost.com/news/local/188182/duch-verdict-disappoints
2010-07-31,02:48:17,cvkn5,7,"Ashtiani, a 43-year-old mother of two, said that she thinks of nothing other than hugging her children – which she described as her ""only hope"" – and that she was mentally broken when authorities flogged her 99 times in front of her then 17-year-old son, Sajad",guardian.co.uk,http://www.guardian.co.uk/world/2010/jul/30/iran-stoning-sentence-mohammadi-ashtani
2010-07-30,23:16:54,cvht9,8,Afghanistan's Other War: Army vs. Police,motherjones.com,http://motherjones.com/mojo/2010/07/afghanistan-wikileaks-friendly-fire-ana-anp
2010-07-31,00:50:34,cvj12,6,At least 23 people are now reported to have died in forest fires which are raging in central Russia as a heatwave grips much of the country,bbc.co.uk,http://www.bbc.co.uk/news/world-europe-10815176
2010-07-31,01:09:08,cvja3,7,"China disapproves of EU sanctions against Iran
",google.com,http://www.google.com/hostednews/afp/article/ALeqM5igUeabJFfPDD2xzynyY2t_zuqP4Q
2010-07-30,20:21:40,cvg25,7,"Pakistan's Prisons Are an Extremist Factory: One of the men who killed WSJ reporter Daniel Pearl, is housed here, along with the extremists who attacked the U.S consulate in Karachi in 2006",foreignpolicy.com,http://www.foreignpolicy.com/articles/2010/07/29/Imprisoned_Beliefs?page=full
2010-07-31,03:25:29,cvl4i,7,Rocket From Gaza Hits Israeli City,nytimes.com,http://www.nytimes.com/2010/07/31/world/middleeast/31mideast.html
2010-07-31,03:07:26,cvkwb,8,FT.com / Afghanistan war secrets - Leaks highlight Pakistan’s Afghan quest – Pakistan knows something the US still won't admit: The US will leave Afghanistan and the Taliban will return to power.,ft.com,http://www.ft.com/cms/s/0/e8d7b84c-9bf9-11df-a7a4-00144feab49a.html
2010-07-30,17:17:36,cvep3,8,Afghanistan war logs: interactive map projection of 300 most significant incidents | guardian.co.uk,guardian.co.uk,http://www.guardian.co.uk/world/datablog/interactive/2010/jul/25/afghanistan-war-logs-events
2010-07-30,22:21:00,cvh63,6,Environmental Accidents Doubled in China Over the Last Six Months,bloomberg.com,http://www.bloomberg.com/news/2010-07-28/china-s-environment-accidents-double-as-growth-spurs-demand-for-metal-oil.html
