2010-07-06,03:33:17,cm7m1,712,"To check mates claim, chess champion Bobby Fischer is exhumed in Iceland.",news.bbc.co.uk,http://news.bbc.co.uk/2/hi/world/europe/10513941.stm
2010-07-05,13:22:50,cm15b,510,"British Medical Association labels gay conversion therapy harmful, discredited",secularnewsdaily.com,http://www.secularnewsdaily.com/2010/07/04/british-medical-association-labels-gay-conversion-therapy-harmful-discredited/?utm_source=feedburner&utm_medium=email&utm_campaign=Feed%3A+paliban%2FRDkF+%28Secular+News+Daily%29
2010-07-05,01:06:07,clw53,451,"What was happening at G20 in Toronto, Canada - Police surround and attack small group of protesters at Queen and Spadina  ",youtube.com,http://www.youtube.com/watch?v=CSJ2xtTKF9s
2010-07-06,04:44:49,cm8cw,219,"‘Why do you hate us?’ [the US officer asked], ‘Because you blow down our doors, enter our houses, pull our women by the hair and kick our children. We cannot accept this. We will fight back, and we will break your teeth, and when your teeth are broken you will leave...It is just a matter of time.’”",harpers.org,http://www.harpers.org/archive/2010/07/hbc-90007341
2010-07-05,20:28:34,cm3rt,189,"An ugly paradox of the 21st century is that some of our elegant symbols of modernity — smartphones, laptops and digital cameras — are built from minerals that seem to be fueling mass slaughter and rape in Congo.",nytimes.com,http://www.nytimes.com/2010/06/27/opinion/27kristof.html?partner=rssnyt&emc=rss
2010-07-06,02:29:42,cm6yp,182,Iranian mother of two to be stoned to death,edition.cnn.com,http://edition.cnn.com/2010/WORLD/meast/07/05/iran.stoning/index.html?hpt=T1&fbid=ZSaPZxp9JHL
2010-07-06,03:29:07,cm7km,106,"Police at G20: ""There is no civil rights here in Ontario, how many times do you need to be told that?"" (4:55) - repost from /r/canada",youtube.com,http://www.youtube.com/watch?v=RjVtsuoPlzk
2010-07-05,22:49:44,cm4sf,89,Consensus on ACTA Transparency Breaks Down: U.S. Opposing Release of Secret Copyright Treaty,michaelgeist.ca,http://www.michaelgeist.ca/content/view/5168/125/
2010-07-05,23:16:07,cm50i,84,"Taser abuse covered up by police: Report shows Police used tasers far too often and in a dangerous manner.
 ",smh.com.au,http://www.smh.com.au/nsw/taser-abuse-covered-up-by-police-20100705-zxoz.html
2010-07-05,21:12:34,cm41c,63,Turkey: Hundreds of Kurdish children jailed on terror charges,alertnet.org,http://www.alertnet.org/thenews/newsdesk/LDE6640UY.htm
2010-07-05,03:40:50,clxdv,47,The power of nightmares: China’s proposed sale of nuclear reactors to Pakistan will intensify nuclear rivalry with India. But the damage will go far wider ,economist.com,http://www.economist.com/node/16426072?story_id=16426072&source=most_commented
2010-07-06,03:10:03,cm7eh,42,Leaked Luntz Poll: Majority of Americans don’t support Israeli flotilla raid,thinkprogress.org,http://thinkprogress.org/2010/07/05/flotilla-pics/
2010-07-05,20:52:35,cm3x3,43,The European Union has agreed to new rules limiting banker's bonuses in an effort to curtail short-sighted investments. It is the latest EU effort to apply the lessons learned from the financial crisis.,spiegel.de,"http://www.spiegel.de/international/europe/0,1518,704046,00.html"
2010-07-05,21:13:57,cm41i,38,"Airports in England, Germany, the UAE have refused to give fuel to Iranian planes",google.com,http://www.google.com/hostednews/afp/article/ALeqM5ijLhMoJB3BBcBPdy3qZ3QTSLkSxg
2010-07-06,01:56:00,cm6lg,33,"BREAKING: Israel drops all restrictions on the free 
flow of consumer goods into the Gaza Strip, 
restricting only a short blacklist of weapons and 
construction materials which could be used by 
militants.",google.com,http://www.google.com/hostednews/ap/article/ALeqM5ioi_0jtO9RjMwPNRoXNCndRPRq3gD9GOVIGO3
2010-07-06,07:10:24,cm9o8,23,"Billions of dollars are being secreted out of Kabul to help well-connected Afghans buy luxury villas in Dubai. Amid concerns that the money could be the result of corruption, American politicians have temporarily cut off aid to the Afghan government.",spiegel.de,"http://www.spiegel.de/international/world/0,1518,704665,00.html"
2010-07-05,22:06:22,cm4fc,22,Lockerbie Bomber Not Dying After All,outsidethebeltway.com,http://www.outsidethebeltway.com/lockerbie-bomber-not-dying-after-all/?utm_source=twitterfeed&utm_medium=twitter&utm_campaign=Feed%3A+OTB+%28Outside+The+Beltway+%7C+OTB%29&utm_content=Twitter
2010-07-05,17:58:53,cm2x3,16,BBC News - China jails US geologist for stealing state secrets,news.bbc.co.uk,http://news.bbc.co.uk/1/hi/world/asia_pacific/10505350.stm
2010-07-05,14:34:34,cm1mp,14,"BP boss building £1.3m Spanish villa to ""escape"" oil spill mess",news.oneindia.in,http://news.oneindia.in/2010/07/04/bpboss-building-13m-spanish-villa-to-escape-oil-spill.html
2010-07-05,21:56:22,cm4cr,13,Thousands Arrested in Fuel Price Protests in India,nytimes.com,http://www.nytimes.com/2010/07/06/business/global/06rupee.html
2010-07-06,03:32:07,cm7lm,8,Racism in Mexico rears its ugly head: Are Mexicans Racist?,latimes.com,"http://www.latimes.com/news/nationworld/world/la-fg-mexico-racism-20100705,0,1962746.story?"
2010-07-06,06:53:17,cm9iv,11,Russia's emergency ministry says nearly 300 people drowned in the country last week trying to beat high temperatures.,abc.net.au,http://www.abc.net.au/news/stories/2010/07/05/2945426.htm
2010-07-05,18:14:46,cm30j,9,"INDIA Kerala, hand severed of Christian Professor accused of blasphemy",asianews.it,"http://www.asianews.it/news-en/Kerala,-hand-severed-of-Christian-Professor-accused-of-blasphemy-18843.html"
2010-07-05,12:08:16,cm0n4,9,Swiss close to deciding on extradition of Roman Polanski,variety.com,http://www.variety.com/article/VR1118021350.html?categoryId=22&cs=1
2010-07-06,06:30:01,cm9b5,9,Iraq: female genital mutilation continues in Kurdish Iraq,guardian.co.uk,http://www.guardian.co.uk/world/2010/jul/05/female-genital-mutilation-kurdish-iraq
2010-07-06,01:47:58,cm6i8,8,Was a Swedish Oil Company Complicit in Sudan's Civil War?,time.com,"http://www.time.com/time/world/article/0,8599,2001197,00.html"
2010-07-05,18:57:59,cm3ak,9,Indian born UK terror suspect sues Australian government,australiantimes.co.uk,http://www.australiantimes.co.uk/news/Alleged-UK-terrorist-suspect-sues-Australian-government-
2010-07-05,23:32:25,cm551,6,Business Lobby Groups Demand Removal of Protection Against iPod Searching Border Guards,michaelgeist.ca,http://www.michaelgeist.ca/content/view/5166/196/
2010-07-05,20:54:14,cm3xi,9,Pakistan Army Finds Taliban Tough to Root Out,nytimes.com,http://www.nytimes.com/2010/07/05/world/asia/05waziristan.html?ref=world
2010-07-05,17:07:26,cm2na,6,Israelis kidnap children from their homes....to torture them later,desertpeace.wordpress.com,http://desertpeace.wordpress.com/2010/07/05/seven-year-old-palestinians-confront-israeli-soldiers/
