2010-01-18,11:49:39,aqucv,2036,Terrorism has killed fewer people in the last 30 years than Americans with handguns in the last eight months.  Meanwhile:  More people will die in Haiti this week than Hiroshima. Our perspective of events is warped.,abc.net.au,http://www.abc.net.au/unleashed/stories/s2794660.htm
2010-01-19,02:29:20,ar3ys,578,"Pennies for Haiti, Billions for Israel",cbsnews.com,http://www.cbsnews.com/blogs/2010/01/16/blogs/coopscorner/entry6102995.shtml
2010-01-19,02:35:45,ar41t,203,French government minister accused the Americans of trying to occupy Haiti instead of helping it,timesonline.co.uk,http://www.timesonline.co.uk/tol/news/world/us_and_americas/article6992809.ece
2010-01-19,00:08:17,ar1xv,160,"Earthquake Magnitude 6.0 hits Guatemala
",earthquake.usgs.gov,http://earthquake.usgs.gov/earthquakes/recenteqsww/Quakes/us2010rqb3.php
2010-01-18,18:48:48,aqyex,102,"Amnesty International: Israel ""collectively punishing"" Gaza by restricting the entry of food, medical supplies, educational equipment and building materials",google.com,http://www.google.com/hostednews/afp/article/ALeqM5gA4-cOVVjF_SBP9HRc5pw-QzpOlQ
2010-01-18,12:00:22,aqugh,74,BBC News - Mauritania fatwa bans female genital mutilation,news.bbc.co.uk,http://news.bbc.co.uk/2/hi/africa/8464671.stm
2010-01-18,18:59:27,aqyiu,64,"Not the Onion: IDF saves one baby in Haiti, prevents scores of Palestinians from reaching Hospital in Gaza",uruknet.info,http://www.uruknet.info/index.php?p=61939
2010-01-19,02:05:39,ar3o0,57,Cuba's Rescue Effort in Haiti,huffingtonpost.com,http://www.huffingtonpost.com/murray-fromson/cubas-rescue-effort-in-ha_b_426631.html
2010-01-19,04:42:12,ar5ni,50,Worst modern earthquake happened in China with over 242k dead in 1976. They then refused all aid.,history.com,http://www.history.com/this-day-in-history.do?action=Article&id=6972
2010-01-18,11:04:25,aqtzg,47,Monsanto strikes again! Indian government approves commercial release of genetically modified brinjal or aubergine (Bt brinjal). Storm of protests from activists and farmers' groups,guardian.co.uk,http://www.guardian.co.uk/environment/2010/jan/14/india-gm-food-crop
2010-01-18,08:00:33,aqsho,46,"Haiti -- No, Mister! You Cannot Share My Pain!",jamaicaobserver.com,http://www.jamaicaobserver.com/columns/Maxwell-Jan-17
2010-01-19,07:03:09,ar797,39,"UK has ""no doubts"" about its claim to the Falkland Islands. A recent law passed in Argentina, with whom the UK fought a war in 1982, begs to differ.",online.wsj.com,http://online.wsj.com/article/SB10001424052748704541004575011493155037532.html
2010-01-19,05:33:29,ar68u,37,"Islamic Solidarity Games, due to be held in Iran, called off because of a dispute with Arab countries over what to call the Gulf",news.bbc.co.uk,http://news.bbc.co.uk/1/hi/world/middle_east/8465235.stm
2010-01-19,01:23:38,ar31b,27,A brief history of US involvement in Haiti. From the coup against Aristide to the US occupation of Haiti from 1915 to 1934.,zmag.org,http://www.zmag.org/zspace/commentaries/4113
2010-01-18,10:43:57,aqtss,23,"90-year old Canada history magazine changes name. What was wrong with ""The Beaver""?",news.yahoo.com,http://news.yahoo.com/s/nm/us_magazine
2010-01-18,18:31:28,aqy96,23,We can't defeat Taliban with the military: UK Army chief,belfasttelegraph.co.uk,http://www.belfasttelegraph.co.uk/breaking-news/uk-ireland/we-cant-defeat-taliban-army-chief-14637586.html
2010-01-18,11:53:28,aque1,20,"Haiti's elite spared from much of the devastation: ""But we did okay here. We have everything cleaned up inside. We are ready to open. We just need some security. So send in the Marines, okay?"" WTF?!",washingtonpost.com,http://www.washingtonpost.com/wp-dyn/content/article/2010/01/17/AR2010011702941.html
2010-01-18,13:36:04,aqvfz,14,"Unlike Qatar, Iran and Jordan, Saudi Arabia is not providing any assistance at all to the people of Haiti.",latimesblogs.latimes.com,http://latimesblogs.latimes.com/babylonbeyond/2010/01/saudi-arabia-unlike-qatar-iran-and-jordan-kingdom-fails-to-cough-up-haiti-cash.html
2010-01-19,07:57:23,ar7st,13,Haiti: ‘we don’t need soldiers … there’s no war here’,web.overland.org.au,http://web.overland.org.au/?p=3223
2010-01-18,19:03:27,aqyk2,11,"Charlie Brooker: Years ago, I had an idea for a futuristic pair of goggles that visually transformed homeless people into lovable animated cartoon characters.",guardian.co.uk,http://www.guardian.co.uk/commentisfree/2010/jan/18/augmented-reality-on-its-way
2010-01-19,01:45:54,ar3d0,12,Among those who need to be subpoenaed are the former president and vice-president of the United States.,andrewsullivan.theatlantic.com,http://andrewsullivan.theatlantic.com/the_daily_dish/2010/01/not-three-suicides-at-gitmo-three-homocides-in-a-gitmo-black-site.html
2010-01-18,19:36:13,aqyuv,12,"Chinese Snowstorm: over 100,000 homes damaged or destroyed in Xinjiang",chinadaily.com.cn,http://www.chinadaily.com.cn/china/2010-01/18/content_9332749.htm
2010-01-18,10:31:47,aqtoz,12,Chavez orders takeover of French hypermarket chain,news.yahoo.com,http://news.yahoo.com/s/ap/20100117/ap_on_bi_ge/lt_venezuela_expropriation
2010-01-18,09:16:51,aqt1s,9,"A bit of honesty from a politician: British MP: Israel and Egypt's blockade of Gaza is 'evil'. ""Israeli officials who authorized the use of white phosphorous in densely
populated Gaza should be tried for war crimes, a British Labour Party
legislator said Friday...""",haaretz.com,http://www.haaretz.com/hasen/spages/1142941.html
2010-01-19,06:36:30,ar6yt,12,Somali pirates collect $5.5-7 million ransom -- and are almost immediately attacked by another band of pirates.,online.wsj.com,http://online.wsj.com/article/SB10001424052748703626604575011271343497274.html
2010-01-18,20:21:07,aqzan,10,Casper the commuting cat killed by hit-and-run driver,guardian.co.uk,http://www.guardian.co.uk/world/2010/jan/18/casper-commuting-cat-killed-plymouth
2010-01-19,01:23:16,ar314,10,BBC: Do the bodies in Haiti pose a health risk?,news.bbc.co.uk,http://news.bbc.co.uk/1/hi/magazine/8465464.stm
2010-01-18,17:24:38,aqxlj,9,British supermarkets at root of vegetable supply problem ,guardian.co.uk,http://www.guardian.co.uk/environment/2010/jan/15/carrots-vegetable-shortage-predicted-supermarkets
2010-01-19,02:23:47,ar3wb,6,"Palestinians are offering donations and financial support for the victims of Haiti's devastating earthquake: ""We feel for them the most because we were exposed to our own earthquake during Israel's war on Gaza""",haaretz.com,http://www.haaretz.com/hasen/spages/1143436.html
2010-01-18,10:36:10,aqtql,11,The company ran into serious problems with its drilling and faced accusations from scientists and local residents that it had not been forthcoming enough about the earthquake risk,nytimes.com,http://www.nytimes.com/2010/01/16/science/earth/16alta.html
