2010-05-21,20:02:17,c6nap,269,"South African newspaper, Mail & Guardian, challenged in court over intention to publish Muhammad cartoon by veteren satirist Zapiro; M & G win, and the cartoon is on newstands today.",mg.co.za,http://www.mg.co.za/article/2010-05-21-uproar-over-mg-prophet-muhammad-cartoon
2010-05-21,20:44:28,c6nla,53,Palestinians make surprisingly large land offer to Israel: Giving up twice the West Bank territory,haaretz.com,http://www.haaretz.com/news/diplomacy-defense/wall-street-journal-palestinians-make-surprisingly-large-land-offer-to-israel-1.291453
2010-05-21,13:38:43,c6kmi,49,"Australian Scientology president's daughter slams ""toxic"" church",youtube.com,http://www.youtube.com/watch?v=RATcvTJ2SsA&feature=player_embedded
2010-05-22,03:27:50,c6s3v,35,S. Korea Says North Will 'Pay' For Ship Sinking,voanews.com,http://www1.voanews.com/english/news/asia/South-Korea-Says-North-Will-Pay-For-Ship-Sinking-94573639.html
2010-05-22,04:50:59,c6t10,30,"Israeli Soldiers Settle Dispute With Bedouin By Killing His Camel - Following an argument that lasted several minutes, the soldiers left the tent, but one of them kneeled down and fired at the camel.",ynetnews.com,"http://www.ynetnews.com/articles/0,7340,L-3892395,00.html"
2010-05-22,04:39:19,c6sw0,32,Child-witch hunting Pentecostal preacher Helen Ukpabio: perhaps one of the most horrid people in the world.,nytimes.com,http://www.nytimes.com/2010/05/22/us/22beliefs.html
2010-05-21,08:31:09,c6hv9,27,Lithuania court rules swastikas are part of the country's cultural identity,jurist.org,http://jurist.org/paperchase/2010/05/lithuania-court-rules-swastikas-are-part-of-historic-legacy.php
2010-05-21,23:02:19,c6ou7,26,7 big oil accidents waiting to happen,huffingtonpost.com,http://www.huffingtonpost.com/2010/05/21/oil-accidents-waiting-to_n_582470.html
2010-05-22,02:01:03,c6r3v,26,"Foxconn, the Chinese company that makes iPods and iPads, has had another employee suicide bringing them to total of 8 this year",nytimes.com,http://www.nytimes.com/2010/05/22/technology/22suicide.html?src=mv
2010-05-22,01:20:33,c6qkb,23,London 2012 Olympic mascots soon to be terrifying children everywhere,telegraph.co.uk,http://www.telegraph.co.uk/sport/picturegalleries/7740806/In-pictures-London-2012-Olympic-mascots-Wenlock-and-Mandeville-are-launched.html
2010-05-21,10:17:57,c6ira,21,Rape case defendants to be given anonymity - Times Online  (and other measures of the new UK government),timesonline.co.uk,http://www.timesonline.co.uk/tol/news/politics/article7132498.ece
2010-05-21,21:34:40,c6nzi,18,Nun excommunicated after approving life-saving abortion at Catholic hospital.,npr.org,http://www.npr.org/templates/story/story.php?storyId=126985072
2010-05-21,23:26:12,c6p45,16,Report: PA willing to have NATO forces in future state,ynetnews.com,"http://www.ynetnews.com/articles/0,7340,L-3891416,00.html"
2010-05-22,01:25:46,c6qmr,13,Russian politics have gotten so weird that now the Kremlin is executing raids against the Russian chess federation to install the right chess master at its head,trueslant.com,http://trueslant.com/juliaioffe/2010/05/21/kremlin-seizes-russian-chess-federation-offices-no-pawn-pun-intended/
2010-05-21,22:17:59,c6oex,12,"Palestinians mark 'Nakba' with tears and questions.Claudette Habesch stood at the gate of what had once been her family house, tears in her eyes as she pointed to the garden shaded by a large date palm.",news.bbc.co.uk,http://news.bbc.co.uk/2/hi/middle_east/8687623.stm
2010-05-21,09:59:24,c6ilr,8,Brazil-Turkey Deal with Iran Undermines Big Power Politics,original.antiwar.com,http://original.antiwar.com/deen/2010/05/19/brazil-turkey-deal-with-iran-undermines-big-power-politics/
2010-05-21,12:45:04,c6k53,7,North Korea says South pushing towards war,reuters.com,http://www.reuters.com/article/idUSTRE64I26F20100521
2010-05-21,15:28:07,c6lin,5,North Korea warns of war amid evidence of torpedo attack in March,english.aljazeera.net,http://english.aljazeera.net/news/asia-pacific/2010/05/201052133549575225.html
2010-05-21,11:31:00,c6jgb,6,Dubai gets a massive restructuring plan for it's massive debt,news.bbc.co.uk,http://news.bbc.co.uk/2/hi/business/10129958.stm
2010-05-22,01:12:08,c6qge,6,"The U.S. Begins Massive Military Build Up Around Iran, Sending Up To 4 New Carrier Groups In Region",infowars.com,http://www.infowars.com/us-begins-massive-military-build-up-around-iran-sending-up-to-4-new-carrier-groups-in-region/
2010-05-21,11:18:35,c6jbu,6,"Converting to Catholicism to teach - ""Unemployed, non-religious educators are turning to Catholicism in an attempt to secure a coveted teaching position""",ca.news.yahoo.com,http://ca.news.yahoo.com/s/capress/100509/national/teachers_converting_catholic
2010-05-22,05:30:49,c6tgj,5,Iran to hand nuclear deal letter to IAEA on Monday,reuters.com,http://www.reuters.com/article/idUSTRE64K5LT20100521
2010-05-21,11:06:02,c6j7m,4,The 8 most hated financial products,uk.biz.yahoo.com,http://uk.biz.yahoo.com/20052010/389/10-most-hated-financial-products.html
2010-05-21,13:57:25,c6ks2,3,UK family shot dead in eastern Pakistan,news.bbc.co.uk,http://news.bbc.co.uk/2/hi/uk_news/8696188.stm
2010-05-22,03:54:13,c6sf3,5,Historical Levels of flooding coming to Warsaw,thenews.pl,http://www.thenews.pl/national/artykul131964_flood-wave-threatens-warsaw-.html
2010-05-22,02:35:22,c6rja,3,Hotel guilty of discriminating against a guest who was participating at a conference on ethnic discrimination at the time. ,thelocal.se,http://www.thelocal.se/26780/20100521/
2010-05-21,08:14:50,c6hpx,3,"In Tibet, China Aims for Control of ‘Copy’ Button",nytimes.com,http://www.nytimes.com/2010/05/21/world/asia/21tibet.html?hpw
2010-05-21,09:05:31,c6i5l,3,Australian police search for leaders of Christian doomsday cult that stockpiled weapons and explosives,smh.com.au,http://www.smh.com.au/national/search-for-leaders-of-doomsday-cult-20100521-vv5y.html
2010-05-22,02:14:09,c6ra7,4,7 July inquests to investigate role of MI5 and police,guardian.co.uk,http://www.guardian.co.uk/uk/2010/may/21/7-july-bombers-victims-inquests
2010-05-22,03:42:58,c6s9x,4,"Before watching the movie, Right-wing politicians and French veterans protest over Algeria film 'Hors la Loi' at Cannes",news.bbc.co.uk,http://news.bbc.co.uk/2/hi/world/europe/10139215.stm
