2010-01-23,03:58:06,aszlr,2629,Haiti 360°....AMAZING!,cnn.com,http://www.cnn.com/interactive/2010/01/world/haiti.360/index.html?hpt=C1
2010-01-24,04:21:06,atcg9,516,"Ex-wife lies about child sex abuse during custody battle. Although acquitted, husband loses kids, house and job while fighting allegations and decides to charge her for perjury.  Ex-wife threatens to Kill Bill.",news.com.au,http://www.news.com.au/national/sex-abuse-accused-dad-fights-back/story-e6frfkvr-1225822899736
2010-01-24,04:46:52,atco7,264,"Somali ‘Pirates’ want to send loot confiscated from rich countries to Haiti: ""The humanitarian aid to Haiti can not be controlled by the United States and European countries; they have no moral authority to do so. They are the ones pirating mankind for many years""",revleft.com,http://www.revleft.com/vb/haiti-somali-pirates-t127665/index.html
2010-01-23,18:03:54,at7be,181,UK Terror level raised to 'severe': So...is there an election coming up?,guardian.co.uk,http://www.guardian.co.uk/uk/2010/jan/22/terror-level-uk-raised-severe
2010-01-23,08:38:40,at2mt,79,"Orwell has nothing on this: CCTV in the sky - police forces in the UK planning on using military-style spy drones for ""routine monitoring"" of civilians. ",guardian.co.uk,http://www.guardian.co.uk/uk/2010/jan/23/cctv-sky-police-plan-drones
2010-01-23,22:26:21,at995,69,"China's absolute levels of poverty and illiteracy have doubled since 2000. In India, they've been halved. The urban-rural income gap has steadily declined since the early '90s. Over the past decade, economic growth in rural India has outpaced growth in urban areas by almost 40%.",economictimes.indiatimes.com,http://economictimes.indiatimes.com/articleshow/5489003.cms
2010-01-23,15:48:47,at6aw,65,I was a British Ambassador at the time of the events covered by the Iraq Inquiry. I know many of the witnesses and a great deal of the background. I can therefore see right through the smooth presentation. Jack Straw was the smoothest of all - but he told lie after lie. ,craigmurray.org.uk,http://www.craigmurray.org.uk/archives/2010/01/jack_straws_big.html
2010-01-23,17:24:44,at6z9,48,Venezuelan oil could be double that of Saudi Arabia,news.bbc.co.uk,http://news.bbc.co.uk/1/hi/world/americas/8476395.stm
2010-01-24,05:09:25,atcup,43,"Hamas ""Will not recognize Israel""",english.aljazeera.net,http://english.aljazeera.net/news/middleeast/2010/01/20101230202291283.html
2010-01-24,03:38:59,atc35,36,"Despite the fact China is facing fast aging and sex ratio imbalance, the country will continue its low-birth policy due to the pressure of population growth.
",digitaljournal.com,http://www.digitaljournal.com/article/286044
2010-01-23,09:26:34,at30k,35,"Iraq littered with contamination: Over 40 sites with radiation or dioxins linked to cancer, birth defects, ill health.",guardian.co.uk,http://www.guardian.co.uk/world/2010/jan/22/iraq-nuclear-contaminated-sites
2010-01-23,16:29:24,at6ka,19,Legal row as social networkers escape in suicide machine,technology.timesonline.co.uk,http://technology.timesonline.co.uk/tol/news/tech_and_web/the_web/article6999245.ece
2010-01-24,02:41:42,atbl8,15,"""Almost a third of the runners who finished in the top 100 have since been disqualified for cheating in the race in the southern port city of Xiamen.""",guardian.co.uk,http://www.guardian.co.uk/world/2010/jan/21/disqualified-chinese-marathon
2010-01-24,03:01:39,atbrh,14,The number of people surviving on less than $1 a day shrank rapidly in the decades leading up to 2006,voxeu.org,http://www.voxeu.org/index.php?q=node/4508
2010-01-23,08:04:32,at2d3,16,"Haitian woman, aged 84, found alive in quake rubble after 10 days",news.bbc.co.uk,http://news.bbc.co.uk/2/hi/americas/8475835.stm
2010-01-23,14:05:04,at5gb,14,"
Israelis protest over 'fascist' Jerusalem settlements",independent.co.uk,http://www.independent.co.uk/news/world/middle-east/israelis-protest-over-fascist-jerusalem-settlements-1876417.html
2010-01-24,03:37:20,atc2p,11,"Found this great and simple live news ticker, thought Reddit might like it! ",livenewsticker.net,http://www.livenewsticker.net/?ref=reddit
2010-01-23,21:18:53,at8qj,10,The Iraqi government has spent over $80 million on useless teched-up dowsing rods to detect bombs.,technology.timesonline.co.uk,http://technology.timesonline.co.uk/tol/news/tech_and_web/article6935574.ece
2010-01-23,02:19:46,asyd1,10,China vs. Google: Beijing fights back,globalpost.com,http://www.globalpost.com/dispatch/china-and-its-neighbors/100122/google-beijing-fight
2010-01-23,12:02:06,at4bm,10,"Choose between veil and right to vote, rules SC of India.",ibnlive.in.com,http://ibnlive.in.com/news/choose-between-veil-and-right-to-vote-rules-sc/109084-3.html?from=tn
2010-01-23,23:42:19,at9w9,10,US Marines End Role in Iraq as Attention Shifts to Afghanistan,news.yahoo.com,http://news.yahoo.com/s/ap/20100123/ap_on_re_mi_ea/ml_iraq
2010-01-23,09:52:40,at389,8,"Haiti's suffering is a result of calculated impoverishment. ""Haiti's poverty is treated as some ­baffling quirk of history...when in reality it is the direct ­consequence of a uniquely brutal
­relationship with the outside world — notably the US, France and Britain —
stretching back centuries.""",guardian.co.uk,http://www.guardian.co.uk/commentisfree/cifamerica/2010/jan/20/haiti-suffering-earthquake-punitive-relationship
2010-01-23,21:47:01,at8ye,8,"The IMF has made a loan of $100 million to Haiti. It's interest-free, but that's not good enough. Haiti needs grants, not loans. They say they are working to cancel all Haitian debt, but we need to hold them accountable.",thenation.com,http://www.thenation.com/blogs/notion/519364/imf_clarifies_terms_of_haiti_s_loan
2010-01-23,13:32:23,at550,6,"Nearly 80 percent of the 300,000 conflict-related deaths in Darfur were due to diseases like diarrhea, not violence, Belgian scientists said on Friday.",reuters.com,http://www.reuters.com/article/idUSTRE60L55Y20100122
2010-01-23,23:37:27,at9uq,6,Belarus Calls Russia's Oil Export Duties Illegal - NYTimes.com,nytimes.com,http://www.nytimes.com/reuters/2010/01/23/world/international-uk-belarus-russia-oil.html
2010-01-23,10:14:26,at3f8,5,Live news as it comes in. Listens to story updates from different sources and updates the page as they're received!,livenewsticker.net,http://www.livenewsticker.net/
2010-01-24,02:18:04,atbe0,5,Not even my title: Nazi descendent Goering has herself sterilised,news.ninemsn.com.au,http://news.ninemsn.com.au/world/1002695/goering-descendent-sterilised-to-stop-passing-nazi-genes
2010-01-23,09:25:03,at30b,6,"Kiev’s Court of Appeals has found Josef Stalin and other Bolshevik leaders guilty of genocide against the Ukrainians during the famine, or “Holodomor” as it is called in Ukraine, of 1932-33.",rt.com,http://rt.com/Politics/2010-01-14/holodomor-famine-stalin-ukraine.html?fullstory
2010-01-23,23:11:29,at9m9,3,Haiti’s roller-coaster public image,globalpost.com,http://www.globalpost.com/dispatch/worldview/100122/haiti-public-image
2010-01-23,08:31:24,at2kv,4,Israel Agrees to Pay UN $10.5 Million for Gaza War Damage,myantiwar.org,http://www.myantiwar.org/view/194601.html
