2010-08-11,08:00:22,czp6d,770,"Germany's super-rich have rejected an invitation by Bill Gates and Warren Buffett to join their 'Giving Pledge' to give away most of their fortune. The pledge has been criticized in Germany, with millionaires saying donations shouldn't replace duties that would be better carried out by the state.",spiegel.de,"http://www.spiegel.de/international/germany/0,1518,710972,00.html"
2010-08-11,03:30:52,czls1,506,Putin puts out two wildfires in central Russia (!),en.rian.ru,http://en.rian.ru/russia/20100810/160145818.html
2010-08-11,23:02:21,czxle,267,"US engineer sold military secrets to China, Including Stealth Technology",bbc.co.uk,http://www.bbc.co.uk/news/world-asia-pacific-10922531
2010-08-12,05:58:53,d039m,248,"A man, helped by Israeli and international activists, can be seen in the video trying to dismantle his own house before the bulldozers got to it – in order to save the materials from destruction – but was prevented from doing so by Israeli police. Reference: Bedouin village razed for the third time.",youtube.com,http://www.youtube.com/watch?v=q1LndzmluqY&feature=player_embedded
2010-08-11,07:34:49,czow1,148,Swedish Pirate Party: Cartoons are not child porn,thelocal.se,http://www.thelocal.se/28198/20100805/
2010-08-12,06:28:21,d03nf,101,Man grows pea plant inside lung,bbc.co.uk,http://www.bbc.co.uk/news/world-us-canada-10945050
2010-08-11,23:59:21,czydz,97,Chinese general says China must embrace democratic reform.,atimes.com,http://www.atimes.com/atimes/China/LH12Ad01.html
2010-08-11,20:12:23,czvyg,84,FIFA investigate North Korea punishment claims,irishtimes.com,http://www.irishtimes.com/sports/soccer/2010/0811/1224276579521.html
2010-08-11,22:16:27,czx2s,71,New 'superbug' hits UK hospitals,bbc.co.uk,http://www.bbc.co.uk/news/health-10925411
2010-08-12,01:54:51,czzwx,60,North Korea offers to pay off Czech debt with ginseng,csmonitor.com,http://www.csmonitor.com/World/Europe/2010/0811/North-Korea-offers-to-pay-off-Czech-debt-with-Korean-ginseng
2010-08-11,18:10:30,czuzj,57,China Bans Reporting on Deadly Mudslide,scoop.co.nz,http://www.scoop.co.nz/stories/WO1008/S00166/china-bans-reporting-on-deadly-mudslide.htm
2010-08-11,15:38:55,cztma,54,"Delhi Govt takes away $1.5 billion from wages, pension, metro development funds to pay for Commonwealth Games 2010",tehelka.com,http://www.tehelka.com/story_main46.asp?filename=Ne140810Metro.asp
2010-08-11,23:17:33,czxt3,40,Britain and Iceland go to war over the mackerel,independent.co.uk,http://www.independent.co.uk/news/world/europe/now-britain-and-iceland-go-to-war-over-the-mackerel-2049099.html
2010-08-11,18:03:45,czuxl,42,"Australia appears before a UN panel, accused of human rights violations against Aboriginal people and asylum seekers",abc.net.au,http://www.abc.net.au/news/stories/2010/08/11/2979620.htm?section=justin
2010-08-11,22:25:24,czx61,34,Russia deploys S-300 air defense system in Abkhazia,news.xinhuanet.com,http://news.xinhuanet.com/english2010/world/2010-08/11/c_13440545.htm
2010-08-11,22:36:18,czxa8,33,Iran offers to support Lebanese army if U.S. withholds military aid,haaretz.com,http://www.haaretz.com/news/diplomacy-defense/iran-offers-to-support-lebanese-army-if-u-s-withholds-military-aid-1.307192
2010-08-11,20:00:07,czvvh,19,Spain's electric car sales off target: just 16 have been sold.,bbc.co.uk,http://www.bbc.co.uk/news/business-10931064
2010-08-11,21:30:16,czwmj,20,"Human trafficking racket busted in India for selling over 200 children in West Asia, including Saudi Arabia",timesofindia.indiatimes.com,http://timesofindia.indiatimes.com/city/lucknow/Two-held-racket-in-human-trafficking-busted/articleshow/6289962.cms
2010-08-11,23:11:37,czxq2,18,In Ukraine we got cows exploding,translate.google.com.ua,http://translate.google.com.ua/translate?u=http://korrespondent.net/ukraine/events/1105835&sl=ru&tl=en&hl=&ie=UTF-8
2010-08-12,01:52:54,czzvy,14,Interview with Architect Albert Speer: 'Calamity of Postwar Construction Came from Rejecting History',spiegel.de,"http://www.spiegel.de/international/germany/0,1518,702213,00.html"
2010-08-11,09:27:06,czq1b,14,Colombia and Venezuela to restore diplomatic ties after 4 hour meeting in Santa Marta between Chávez and Santos.,google.com,http://www.google.com/hostednews/ap/article/ALeqM5hCIKDzMk3thB2iiP8uhH7lXThSCQD9HGU9MG0
2010-08-11,16:54:23,czub9,12,Thailand: Freedom of speech is a severe danger to the ruling class,links.org.au,http://links.org.au/node/1836
2010-08-12,00:02:30,czyfp,11,Mutant superbug threatens to spread worldwide,abc.net.au,http://www.abc.net.au/news/stories/2010/08/11/2980463.htm?section=justin
2010-08-12,01:59:07,czzz2,12,"Hold onto your hats. A new version of the Zeus trojan, called Zeus3, has wreaked havoc on thousands of bank accounts worldwide, stealing just over $1 million. The best part? There’s pretty much no way to detect the trojan if it’s on your system. Hooray for humanity, right?",crunchgear.com,http://www.crunchgear.com/2010/08/11/new-sophisticated-trojan-which-is-undetectable-has-emptied-bank-accounts-worldwide/
2010-08-12,00:58:10,czz5t,11,IDF troops beat up Haaretz reporter,ynetnews.com,"http://www.ynetnews.com/articles/0,7340,L-3934322,00.html"
2010-08-11,21:31:58,czwn8,11,Israel Is Getting Ready To Bomb Iran,theatlantic.com,http://www.theatlantic.com/magazine/archive/1969/12/the-point-of-no-return/8186/
2010-08-11,21:01:22,czwdm,11,Tatarstan Announces Dramatic Drop In Grain Harvest,rferl.org,http://www.rferl.org/content/Tatarstan_Announces_Dramatic_Drop_In_Grain_Harvest/2124626.html
2010-08-12,01:54:36,czzwt,11,"
Fears Russian wildfires could send Chernobyl waste to Moscow",guardian.co.uk,http://www.guardian.co.uk/world/2010/aug/11/russia-wildfires-chernobyl-radiation
2010-08-11,19:25:48,czvld,6,Body Scanners Going Unused At Nigerian Airports,cbs5.com,http://cbs5.com/wireapnational/Body.scanners.going.2.1853978.html
2010-08-11,14:34:47,czt10,6,Australian arm of Ed Hardy in voluntary administration,smh.com.au,http://www.smh.com.au/small-business/ed-hardy-in-voluntary-administration-20100811-11z98.html
