2010-01-19,18:41:29,arec3,1015,"Syria's Mufti: Islam commands us to protect Judaism--""If the Prophet Mohammed had asked me to deem Christians or Jews heretics, I would have deemed Mohammed himself a heretic""",haaretz.com,http://haaretz.com/hasen/spages/1143660.html
2010-01-19,09:27:41,ar8q4,334,Hard to argue that it's not a holy war when Christian extremists are all too happy to provide some dogma into the mix: U.S. Military Weapons Inscribed With Secret 'Jesus' Bible Codes because Killing people and quoting the bible makes Jesus dance,abcnews.go.com,http://abcnews.go.com/Blotter/us-military-weapons-inscribed-secret-jesus-bible-codes/story?id=9575794&page=1
2010-01-19,18:30:35,are8c,262,China bans Avatar for being subversive,entertainment.timesonline.co.uk,http://entertainment.timesonline.co.uk/tol/arts_and_entertainment/film/article6992685.ece?print=yes&randnum=1263896902164
2010-01-19,08:04:55,ar7vm,116,Costa Rican sugar exports blocked after Legislative Assembly rejects US-led copyright reform  ,techdirt.com,http://techdirt.com/articles/20100115/1549467778.shtml
2010-01-20,00:36:41,arie6,72,"Nigerian Muslims and Christians unite side by side to promote peace on earth and raise loads of money for the Haiti disaster.  No, just kidding, at least 149 people have been killed during two days of violence.",news.bbc.co.uk,http://news.bbc.co.uk/2/hi/africa/8468456.stm
2010-01-20,03:57:45,arl8h,39,"The trial of the century starts tomorrow against Dutch parliamentarian Geert Wilders. His free speech is our free speech. Netherlands, the world is watching!",internationalfreepresssociety.org,http://www.internationalfreepresssociety.org/2010/01/the-trial-of-geert-wilders-a-symposium/
2010-01-20,00:25:17,ari80,40,China to save its oldest cliff Buddha from collapse ,news.bbc.co.uk,http://news.bbc.co.uk/2/hi/asia-pacific/8465658.stm
2010-01-19,10:51:53,ar9mj,33,"Iran has arrested 19 activists from the Women's Movement, Women Journalists and Civil Activists ",payvand.com,http://www.payvand.com/news/10/jan/1131.html
2010-01-19,21:49:48,arg4j,31,"For once, a piece praising Americans for their effort 
in the aftermath of the Haiti earthquake.",timesonline.co.uk,http://www.timesonline.co.uk/tol/comment/columnists/david_aaronovitch/article6992963.ece
2010-01-19,23:24:51,arhbe,16,"Cell phone minerals fuel Congo conflict - Sales of coltan, used in cell phones, fund groups that brutalize eastern Congo",globalpost.com,http://www.globalpost.com/dispatch/kenya/100118/congo-conflict-minerals-mining
2010-01-19,13:07:51,arazk,17,"Look! In the sky! It's a bird! It's a plane! No, it's Superman! NO! It's ANDERSON COOPER!",ac360.blogs.cnn.com,http://ac360.blogs.cnn.com/2010/01/18/anderson-in-the-midst-of-looting-chaos/?utm_source=feedburner&utm_medium=feed&utm_campaign=Feed:+rss/cnn_ac360blog+(Blog:+AC360)&utm_content=Twitter
2010-01-20,01:36:31,arjbe,16,European Navy Watches As Pirates Slaughter Each Other Over Ransom Money,businessinsider.com,http://www.businessinsider.com/european-navy-watches-as-pirates-kill-each-other-over-ransom-money-paid-2010-1
2010-01-19,13:11:13,arb0t,16,"GoDaddy Donates $500,000 To Haiti",dzinerfusion.com,http://dzinerfusion.com/godaddy-donates-to-haiti/
2010-01-20,06:48:35,arnap,12,"Nigerian Army ordered in as 200 die in Christian-
Muslim riots.",timesonline.co.uk,http://www.timesonline.co.uk/tol/news/world/africa/article6994356.ece
2010-01-19,23:05:13,arh1a,16,"2,000-year-old temple dedicated to Cat goddess found in Egypt",gulfnews.com,http://gulfnews.com/news/region/egypt/2-000-year-old-temple-dedicated-to-cat-goddess-found-in-egypt-1.570467
2010-01-19,23:54:29,arhru,14,"Guantanamo triple-suicide victims were suffocated, claims magazine ",belfasttelegraph.co.uk,http://www.belfasttelegraph.co.uk/news/world-news/guantanamo-bay-triplesuicide-victims-were-suffocated-claims-magazine-14640466.html
2010-01-20,02:17:54,arjvq,11,UN Afghanistan survey points to huge scale of bribery,news.bbc.co.uk,http://news.bbc.co.uk/2/hi/south_asia/8466915.stm
2010-01-19,18:02:12,ardxz,12,"The entire premise of combating al-Qaeda as though it were an enemy army, using the Pentagon as the lead agency, while simultaneously militarizing the CIA, needs to be questioned",juancole.com,http://www.juancole.com/2010/01/top-counter.html
2010-01-20,00:19:03,ari4q,10,BBC: Suddenly The Afghan Security Realize What They're Looking At & Run For Their Lives! [vid],youtube.com,http://www.youtube.com/watch?v=WRxscVcIDlA
2010-01-20,05:54:04,armos,10,"Haiti: ""There are no security issues,"" says Dr. Evan Lyon of Partners in Health, in Port-Au-Prince. Reports of violence in the city have been overblown by the media and have affected the delivery of aid and medical services",democracynow.org,http://www.democracynow.org/2010/1/19/doctor_misinformation_and_racism_have_frozen
2010-01-19,23:09:19,arh3h,10,China jails senior judge for life for taking bribes,news.bbc.co.uk,http://news.bbc.co.uk/2/hi/asia-pacific/8467064.stm
2010-01-20,03:34:32,arkwp,9,"Israel is arresting a growing number of prominent opponents to its policies toward the Palestinians, say critics who are accusing the government of trying to crush legitimate dissent.",news.yahoo.com,http://news.yahoo.com/s/ap/20100119/ap_on_re_mi_ea/ml_israel_arresting_activists
2010-01-19,23:24:34,arhb9,10,"Message From Ecuador to Chevron CEO John Watson: ""We don't want to continue dying of cancer."" [vid]",commondreams.org,http://www.commondreams.org/video/2010/01/18-0
2010-01-20,03:55:11,arl7c,8,"As Yemen ratchets up a military offensive against al Qaeda, Saudi Arabia is quietly pressing a surprisingly costly battle of its own against rebels along Yemen's northern border. ""Of course we expected casualties in a guerilla war in a mountainous terrain, but this is a large number.""
",online.wsj.com,http://online.wsj.com/article/SB10001424052748704561004575012792068180742.html
2010-01-20,05:27:18,armc8,7,"Despite Downplaying By The Media, Things Are Not Improving In Afghanistan",downwithtyranny.blogspot.com,http://downwithtyranny.blogspot.com/2010/01/despite-downplaying-by-media-things-are.html
2010-01-19,22:42:40,args0,7,"Orphanage, Collapsed, Carries on in Street. Dozens of Children are Missing and Likely Dead; But a Woman Carries on for the 78 Who Survived",cbsnews.com,http://www.cbsnews.com/stories/2010/01/18/eveningnews/main6112912.shtml?tag=cbsContent;cbsCarousel
2010-01-19,10:23:50,ar9b5,7,Cuban doctors in Haiti: `The worst tragedy is not being able to do more',links.org.au,http://links.org.au/node/1469
2010-01-19,18:33:38,are9e,7,Iraqis authorize government to sue Blackwater,wire.antiwar.com,http://wire.antiwar.com/2010/01/18/iraqis-authorize-government-to-sue-blackwater-2/
2010-01-20,00:11:15,ari08,4,'Deaths mounting' in Nigeria riot ,kbc.co.ke,http://www.kbc.co.ke/story.asp?ID=61988
2010-01-19,20:58:20,arflz,6,Rich Nations Call for Haiti Full Debt Relief,nytimes.com,http://www.nytimes.com/2010/01/20/world/americas/20debt.html
