2010-07-11,23:03:30,cob85,920,It was a helluva run: Colton Harris-Moore arrested in Bahamas,guardian.co.uk,http://www.guardian.co.uk/world/2010/jul/11/barefoot-bandit-arrested-the-bahamas
2010-07-11,01:38:05,co36u,353,"Al Jazeera found that stoplights that lead to Jewish settlements and neighbourhoods stay green for an average of a minute and a half. In Palestinian areas, it's 20 seconds. One light in predominantly Arab East Jerusalem is green for less than 10 seconds",english.aljazeera.net,http://english.aljazeera.net/focus/2010/07/20107101335494763.html
2010-07-12,06:09:29,coek6,183,18 terabytes of uncut rushes put together by Phil Goodwin who has worked for 14 years as a cameraman for the BBC in Afghanistan,bbc.co.uk,http://www.bbc.co.uk/blogs/adamcurtis/2010/07/terabytes_afghanistan_i_have_j.html
2010-07-11,09:17:44,co6pz,111,"An academic backlash has erupted in Israel over 
proposed new laws, backed by the government of 
Binyamin Netanyahu, to criminalise a handful of 
Israeli professors who openly support a campaign 
against the continuing occupation of the West Bank.",guardian.co.uk,http://www.guardian.co.uk/world/2010/jul/11/israel-academics-bds-boycott
2010-07-12,03:35:48,codf0,107,Ireland seeks to block Israel access to data on EU citizens,haaretz.com,http://www.haaretz.com/print-edition/business/ireland-seeks-to-block-israel-access-to-data-on-eu-citizens-1.301180
2010-07-11,18:40:39,co9zo,37,The Country that Hates Everyone,foreignpolicy.com,http://www.foreignpolicy.com/articles/2010/07/09/pakistans_suspicious_public
2010-07-11,17:13:33,co9md,29,4 Arrested in South Africa Trying to Sell Nuclear Device,voanews.com,http://www1.voanews.com/english/news/africa/4-Arrested-in-South-Africa-Trying-to-Sell-Nuclear-Device-98163834.html
2010-07-12,06:40:24,coeuj,15,"Report: At least 33 dead after two explosions hit Kampala, Uganda",wireupdate.com,http://wireupdate.com/wires/7503/report-at-least-33-dead-after-two-explosions-hit-kampala-uganda/
2010-07-11,19:51:29,coaak,16,Haunting Images of the Massacre That Shamed Europe and the UN,foreignpolicy.com,http://www.foreignpolicy.com/articles/2010/07/09/the_shadows_of_srebrenica
2010-07-11,09:23:51,co6rh,14,Hamas vows to punish collaborators with Israel as remorse ultimatum is over,news.xinhuanet.com,http://news.xinhuanet.com/english2010/world/2010-07/11/c_13393780.htm
2010-07-12,02:46:29,cocz9,15,Threatening World Order: US and Israel Quietly Announce Plans to Reconstitute Their Nuclear Stockpiles,truth-out.org,http://www.truth-out.org/threatening-world-order-us-and-israel-quietly-announce-plans-reconstitute-their-nuclear-stockpiles61
2010-07-12,04:22:55,codql,11,Guatemala's navy captured a makeshift submarine loaded with five metric tons of cocaine bound for the United States.,msnbc.msn.com,http://www.msnbc.msn.com/id/38191413
2010-07-12,06:46:33,coewc,10,Israel says won't let Libyan aid ship reach Gaza,reuters.com,http://www.reuters.com/article/idUSTRE66A0SX20100711?feedType=RSS&feedName=topNews&utm_source=feedburner&utm_medium=feed&utm_campaign=Feed:+reuters/topNews+(News+/+US+/+Top+News)&utm_content=FriendFeed+Bot
2010-07-11,22:38:27,cob2y,9,"“With nonviolent struggle, we can win the media battle.  They always used to say that Palestinians are killers. With nonviolence, we can show that we are victims, that we are not against Jews but are against occupation.”",nytimes.com,http://www.nytimes.com/2010/07/11/opinion/11kristof.html?hp
2010-07-11,20:47:08,coaj5,10,"New pictures show Castro in rare public appearance 
",news.bbc.co.uk,http://news.bbc.co.uk/2/hi/world/latin_america/10588949.stm
2010-07-11,16:20:10,co9d5,9,Pyramid Construction Supervisor's Tomb Found : Discovery News,news.discovery.com,http://news.discovery.com/archaeology/pyramid-construction-supervisors-tomb-found.html?utm_content=Google+Feedfetcher#mkcpgn=rssnws1
2010-07-12,03:21:55,codba,5,Sri Lanka war crimes rift with U.N. widens over protests ,globalpost.com,http://www.globalpost.com/breaking-news/global/sri-lanka-war-crimes-rift-un-widens-over-protests
2010-07-11,10:13:02,co72r,7,Cuba 'starts freeing dissidents' after hunger strike,news.bbc.co.uk,http://news.bbc.co.uk/1/hi/world/latin_america/10588732.stm
2010-07-12,04:37:21,codv2,6,Afghanistan’s Qal’ah-ye Zal District Governor killed after bomb detonates inside car,wireupdate.com,http://wireupdate.com/wires/7493/afghanistans-qalah-ye-zal-district-governor-killed-after-bomb-detonates-inside-car/
2010-07-11,23:51:29,cobka,6,Libyan ship: We're going to Gaza ,jpost.com,http://www.jpost.com/International/Article.aspx?id=181068
2010-07-11,16:09:49,co9ba,2,"Of course Rupert Murdoch's evil, but that doesn't mean he's wrong ",guardian.co.uk,http://www.guardian.co.uk/commentisfree/2010/jul/11/rupert-murdoch-guardian-paywalls
2010-07-12,02:39:13,cocws,2,Physicists' research casts doubt on idea that North Korean torpedo downed vessel,nature.com,http://www.nature.com/news/2010/100708/full/news.2010.343.html?s=news_rss
2010-07-11,20:49:19,coaja,4,"In Haiti, the Displaced Are Left Clinging to the Edge",nytimes.com,http://www.nytimes.com/2010/07/11/world/americas/11haiti.html?src=me
2010-07-12,04:31:07,codsy,4,Galloway sums up the israel palestine conflict in an interview,youtube.com,http://www.youtube.com/watch?v=LgzqQfJw6sQ
2010-07-11,14:22:24,co8p3,0,Germans are calling for a public roasting of the oracle octopus who correctly picked the winner of ALL SIX of their national soccer team's World Cup matches.,washingtonpost.com,http://www.washingtonpost.com/wp-dyn/content/article/2010/07/08/AR2010070802495.html?wpisrc=nl_most
2010-07-11,20:01:31,coabx,0,"Pakistan: Hindu boy drinks from water cooler near mosque; outraged Muslims drive Hindus into cattle pen - Illiteracy: sure that explains everything. If there had just been proper signage on the water cooler -- say, ""No Dhimmis"" -- and people who could read it, all would be well.",news.rediff.com,http://news.rediff.com/report/2010/jul/09/hindus-hounded-into-karachi-cattle-pen.htm
2010-07-11,18:48:36,coa13,0,"Half the truth that’s fit to print - 
Foreign money's influence on Israeli politics.",jpost.com,http://www.jpost.com/Opinion/Op-EdContributors/Article.aspx?id=181028
2010-07-11,21:21:02,coans,0,Wanted -  Jihadists to Marry Widows,nytimes.com,http://www.nytimes.com/2010/07/11/weekinreview/11WILLIAMS.html?ref=world&pagewanted=all
2010-07-11,16:16:11,co9c9,0,Hollywood star shows how aid can help Haiti.Sean Penn's tent city for victims of January's quake is no publicity stunt.,independent.co.uk,http://www.independent.co.uk/news/world/americas/hollywood-star-shows-how-aid-can-help-haiti-2023810.html
2010-07-11,16:46:06,co9hd,0,"I come from near future, in the World Cup final Netherlands beat Spain 2-1. -- Baidu message from a MONTH ago.",tieba.baidu.com,http://tieba.baidu.com/f?z=797481906&ct=335544320&lm=0&sc=0&rn=30&tn=baiduPostBrowser&word=2012&pn=0
