2010-07-17,09:13:56,cqho9,704,"Israeli PM Netanyahu: 'the only way to deal with the Palestinians is to ""beat them up, not once but repeatedly, beat them up so it hurts so badly, until it's unbearable...America is a thing you can move very easily""",tabletmag.com,http://www.tabletmag.com/scroll/39692/fibi-netanyahu/
2010-07-17,00:30:09,cqbp2,659,"Our biggest gadget makers—including HP and Apple—may get their raw ingredients from genocidal militias in Congo. A new movement has begun to trace rare metals to the “conflict mines” they come from, and it won its first major victory this week.",newsweek.com,http://www.newsweek.com/2010/07/16/the-genocide-behind-your-smart-phone.html
2010-07-17,23:09:03,cqmzd,219,"The Iranian Regime's Numbered Days - 
The country's conservative and influential merchant class is on strike. This does not bode well for Ahmadinejad's government.",forbes.com,http://www.forbes.com/2010/07/16/iran-fleet-ahmadinejad-opinions-columnists-melik-kaylan.html
2010-07-17,17:12:03,cql2h,83,Conservative MP refuses to hold meetings with Muslim women wearing full Islamic dress at his constituency surgery unless they lift their face veil,independent.co.uk,http://www.independent.co.uk/news/uk/politics/champion-of-uk-burka-ban-declares-war-on-veilwearing-constituents-2028669.html
2010-07-18,07:18:40,cqqr1,81,The Polish Catholic church is losing its members in droves due to the recent spate of pedophile priest-related  sex scandals and increasing secularism amongst Polish youth,globalpost.com,http://www.globalpost.com/dispatch/poland/100712/poland-church-sex-scandals
2010-07-18,00:36:42,cqno4,76,"Once allies, Turkey may soon be severing its ties with Israel",globalpost.com,http://www.globalpost.com/dispatch/turkey/100717/will-turkey-sever-ties-israel
2010-07-18,00:47:59,cqnr3,72,Germans Deaf to U.S. `Nonsense' as Exports Power Growth ,bloomberg.com,http://www.bloomberg.com/news/2010-07-07/hamburg-deaf-to-u-s-nonsense-as-german-recovery-reliant-on-port-exports.html
2010-07-17,09:28:03,cqhsc,70,Majority of Brits want burkas banned,abc.net.au,http://www.abc.net.au/news/stories/2010/07/17/2956506.htm?section=justin
2010-07-17,19:43:25,cqlsr,64,Charlie Brooker: The news,guardian.co.uk,http://www.guardian.co.uk/tv-and-radio/2010/jul/17/charlie-brooker-screen-burn
2010-07-17,19:30:10,cqlr4,60,Tony Blair Directly Involved: US Sought Rendition of British Nationals to Guantánamo.,counterpunch.org,http://www.counterpunch.org/worthington07152010.html
2010-07-17,20:30:51,cqm0l,32,Divers find oldest champagne in Baltic wreck,abc.net.au,http://www.abc.net.au/news/stories/2010/07/17/2956759.htm
2010-07-17,16:29:06,cqksh,24,Palestine's dying keffiyah industry - an iconic symbol dies as it becomes a global fashion accessory,youtube.com,http://www.youtube.com/watch?gl=GB&hl=en-GB&v=srKwguAYRT4
2010-07-17,20:52:35,cqm4r,19,Persian Isolation - A Quiet Axis Forms Against Iran in the Middle East,spiegel.de,"http://www.spiegel.de/international/world/0,1518,706445,00.html"
2010-07-17,11:15:37,cqikp,17,"Roma oppression in Kosovo. ""After the destruction of their homes and forced expulsion from South Mitrovica in Kosovo in 1999, the Roma people were displaced to temporary UN camps at the foot of mountains of toxic lead waste. Ten years later, families are still there suffering...""",guardian.co.uk,http://www.guardian.co.uk/world/video/2010/jul/15/lead-refugees-mitrovica-kosovo
2010-07-17,19:27:45,cqlqr,12,Australian PM calls for elections on Aug' 21,english.aljazeera.net,http://english.aljazeera.net/news/asia-pacific/2010/07/20107172215810629.html
2010-07-17,10:00:07,cqi1l,13,"More than a thousand civilians have been killed in the war in Afghanistan this year alone, an Afghan rights group has reported.",english.aljazeera.net,http://english.aljazeera.net/news/asia/2010/07/2010716135511780796.html
2010-07-17,20:16:40,cqlyb,13,Skeleton of Simon Bolivar exhumed in Venezuela,edition.cnn.com,http://edition.cnn.com/2010/WORLD/americas/07/17/venezuela.bolivar.exhumed/index.html?hpt=T2&fbid=OI1HpmHrYkb
2010-07-17,16:36:14,cqku7,13,"Israeli settlements have been dumping untreated waste directly into a sewage canal running through occupied West Bank, affecting Palestinian villages. Israelhas banned plans by the Palestinian Authority to  build pipes & pumps to treat and divert wastewater away from the affected villages.",english.aljazeera.net,http://english.aljazeera.net/video/middleeast/2010/07/201071731516628999.html
2010-07-18,04:26:41,cqphj,9,North Korean Propaganda Posters,calitreview.com,http://calitreview.com/875
2010-07-18,01:52:18,cqo96,8,A new armed group is threatening to launch a violent campaign for the reunification of Somalia.,english.aljazeera.net,http://english.aljazeera.net/video/africa/2010/07/20107178513916507.html
2010-07-17,23:38:09,cqn7e,7,Three British soldiers killed in Afghanistan - The deaths follow a particularly difficult few weeks for Nato forces in the country.,telegraph.co.uk,http://www.telegraph.co.uk/news/worldnews/asia/afghanistan/7896344/Three-British-soldiers-killed-in-Afghanistan.html
2010-07-17,17:59:39,cqlbq,9,"CNN fires journalist for expressing regret at the death 
of Lebanese cleric",independent.co.uk,http://www.independent.co.uk/opinion/commentators/fisk/robert-fisk-theyre-all-grovelling-and-you-can-guess-the-reason-2028720.html
2010-07-17,17:00:00,cqkzw,8,India unveils new rupee symbol,guardian.co.uk,http://www.guardian.co.uk/world/2010/jul/16/india-rupee-symbol
2010-07-17,17:14:25,cql30,8,"Police detains 40 after Iran mosque bombing
",google.com,http://www.google.com/hostednews/ap/article/ALeqM5jUk-kfTBv2neyZOL-oHJWj6Vs88wD9H0LJN02
2010-07-18,02:58:26,cqors,7,"Iran Guards warn U.S. of ""fallout"" over bomb attack",reuters.com,http://www.reuters.com/article/idUSTRE66G0NT20100717
2010-07-17,15:12:44,cqkdd,7,"Israel set to force all citizens to swear oath to Jewish 
state",independent.co.uk,http://www.independent.co.uk/news/world/middle-east/israel-set-to-force-all-citizens-to-swear-oath-to-jewish-state-2028696.html
2010-07-17,14:25:24,cqk0e,4,Beginning of the End - Iran’s President Now Aims at Rivals Among Conservatives - NYTimes.com,nytimes.com,http://www.nytimes.com/2010/07/17/world/middleeast/17rift.html?_r=1&ref=world
2010-07-18,02:28:54,cqoj9,4,Gays march in deeply Catholic Poland,news.yahoo.com,http://news.yahoo.com/s/afp/20100717/lf_afp/polandrightsgaydemo_20100717160849
2010-07-18,02:33:14,cqoka,5,Haiti's Gingerbread Houses,time.com,"http://www.time.com/time/photogallery/0,29307,2004148,00.html"
2010-07-18,02:05:40,cqocq,2,Car bomb in Mexican drug war changes ground rules.,msnbc.msn.com,http://www.msnbc.msn.com/id/38271096/ns/world_news-americas/
