2010-02-03,02:14:53,ax7pr,1279,Internet uprising overturns Australian censorship law,arstechnica.com,http://arstechnica.com/tech-policy/news/2010/02/internet-uprising-overturns-australian-censorship-law.ars?utm_source=microblogging&utm_medium=arstch&utm_term=Main%20Account&utm_campaign=microblogging
2010-02-03,04:46:11,ax9pd,395,Scientologists land in Haiti - screw everything up.,gawker.com,http://gawker.com/5462117/scientologists-in-haiti-a-firsthand-account?skyline=true&s=i
2010-02-02,22:29:10,ax4ku,178,"""FBI and Pakistani police have tortured us."" read a scrap of toilet paper tossed by one of the suspects from the window of the vehicle.",dawn.com,http://www.dawn.com/wps/wcm/connect/dawn-content-library/dawn/news/pakistan/18-us-militant-suspects-claim-set-up-in-pakistan-am-01
2010-02-02,01:06:57,awqrs,162,"Afghanistan, one of the world's poorest countries, is sitting on mineral and petroleum reserves worth an estimated one trillion dollars.",news.yahoo.com,http://news.yahoo.com/s/afp/20100131/wl_sthasia_afp/afghanistaneconomyenergyminerals_20100131124906
2010-02-02,14:26:03,awzlz,145,China warns Obama not to meet Dalai Lama,news.bbc.co.uk,http://news.bbc.co.uk/2/hi/asia-pacific/8492608.stm
2010-02-02,14:43:02,awzst,92,"Twenty years ago today, FW de Klerk addressed South Africa's Parliament – and stunned the world.",independent.co.uk,http://www.independent.co.uk/news/world/africa/fw-de-klerk-and-the-end-of-apartheid-1886128.html
2010-02-02,13:45:29,awz5s,73,United Kingdom to block air travelers who refuse nude scan,rawstory.com,http://rawstory.com/2010/02/uk-air-travelers-refuse-body-scans-blocked-flying/
2010-02-02,22:02:23,ax48m,55,Iran to hang nine more over election unrest ,khaleejtimes.com,http://www.khaleejtimes.com/DisplayArticle09.asp?xfile=data/middleeast/2010/February/middleeast_February44.xml&section=middleeast
2010-02-02,16:59:22,ax12w,40,What the hell is going on in Australia these days? -South Australia's Attorney-General has defended tougher laws on political comment made on the internet. - ABC News ,abc.net.au,http://www.abc.net.au/news/stories/2010/02/02/2807584.htm?section=justin
2010-02-03,01:52:21,ax7dx,39,"As details from the Sept. 4 bombing in Kunduz, Afghanistan continue to emerge, it has become more apparent that German commanders both disregarded NATO rules of engagement and misled the US pilots who carried out the attack. One pilot says he would have refused to attack had he been told the truth.",spiegel.de,"http://www.spiegel.de/international/germany/0,1518,675229,00.html"
2010-02-02,22:28:11,ax4ke,31,"McDonald's abroad outsources its food supply chains to private industry. Today, 20 years after the first McDonald's in Russia, private industry has taken over the last import ingredient: hamburger buns. McDonald's Russian hamburgers are now 100% Russian.",msnbc.msn.com,http://www.msnbc.msn.com/id/35193568/ns/business-the_new_york_times/
2010-02-03,06:39:14,axb14,30,Russia Faces Neo-Nazi Threat: Country's Extremists Killed 71 People Last Year,news.sky.com,http://news.sky.com/skynews/Home/World-News/Russia-Faces-Neo-Nazi-Threat-Countrys-Extremists-Killed-71-People-Last-Year/Article/201002115540122?lpos=World_News_Top_Stories_Header_2&lid=ARTICLE_15540122_Russia_Faces_Neo-Nazi_Threat%3A_Countrys_Extremists_
2010-02-02,18:55:18,ax26k,23,Berlusconi: Bring Israel into the EU,washingtonpost.com,http://www.washingtonpost.com/wp-dyn/content/article/2010/02/01/AR2010020101855.html
2010-02-03,01:27:30,ax71i,21,"European Union must stop letting Israeli spies use its passports to carry out ""targeted assassination"": Hamas",euobserver.com,http://euobserver.com/9/29383
2010-02-02,22:38:11,ax4p1,23,"Israel slaps wrists of officers in charge of white phosphorous shelling of a Gaza UN compound, claims: ""The most important thing that... we have absolutely nothing to hide.""  ",telegraph.co.uk,http://www.telegraph.co.uk/news/worldnews/middleeast/israel/7131841/Israel-punishes-officers-over-Gaza-shelling.html
2010-02-02,12:00:07,awy1d,19,Britain's secret plan to oust Saddam Hussein drawn up two years before Iraq invasion,belfasttelegraph.co.uk,http://www.belfasttelegraph.co.uk/news/local-national/secret-plan-to-oust-saddam-hussein-drawn-up-two-years-before-iraq-invasion-14662150.html
2010-02-02,12:27:44,awyb0,16,Why does the Catholic church think that being a paedophile preist is OK but being gay isn't. Pope Benedict attacks government over Equality Bill,news.bbc.co.uk,http://news.bbc.co.uk/1/hi/uk/8492597.stm
2010-02-02,20:02:58,ax2vu,14,"Haitian parents that gave kids to U.S. Baptist missionaries arrested too: They promised schooling, soccer fields and even a swimming pool in a ""better place""",cnn.com,http://www.cnn.com/2010/WORLD/americas/02/02/haiti.border.arrests/index.html?hpt=C1
2010-02-02,22:39:17,ax4pj,12,"During the final months of the war between the Sri Lankan government and the LTTE, the government confined nearly 300,000 people in what the government called ""welfare camps"" in the north. Since early 2008 virtually all civilians fleeing the fighting had been confined in these camps.",hrw.org,http://www.hrw.org/en/news/2010/01/29/sri-lanka-end-indefinite-detention-tamil-tiger-suspects
2010-02-02,20:45:40,ax3b0,10,Naked man pursues Google,jp.dk,http://jp.dk/uknews/article1966818.ece
2010-02-02,14:58:02,awzy9,13,Israel feels under siege. Like a victim. An underdog ,independent.co.uk,http://www.independent.co.uk/opinion/commentators/fisk/robert-fisk-israel-feels-under-siege-like-a-victim-an-underdog-1886332.html
2010-02-02,20:44:25,ax3ag,12,"An Indonesian man has been given compensation after a cigarette he was smoking exploded, taking out six teeth.",news.bbc.co.uk,http://news.bbc.co.uk/1/hi/world/asia-pacific/8493288.stm
2010-02-02,12:57:48,awym2,12,"I interviewed John Lennon, and he was no ultra-left radical",guardian.co.uk,http://www.guardian.co.uk/commentisfree/2010/feb/02/lennon-lost-interview-radical-left
2010-02-03,07:09:51,axbcc,10,Vaccine-Autism Study Is Retracted,nytimes.com,http://www.nytimes.com/aponline/2010/02/02/health/AP-EU-Britain-Medical-Journal.html?_r=1&hp
2010-02-02,19:42:47,ax2nh,9,Israel attack in flour mill confirmed by UN report: Carried out for the purpose of denying food to the civilian population in direct violation of the Geneva Convention and customary international law,haaretz.com,http://www.haaretz.com/hasen/spages/1146968.html
2010-02-03,01:19:33,ax6y2,9,"After Minarets, the Germans: The Swiss Populists' New Enemy No. 1 - Having succeeded in its referendum campaign against minarets in Switzerland, the populist SVP is now focusing on a different threat -- this time from the north.",spiegel.de,"http://www.spiegel.de/international/europe/0,1518,675309,00.html"
2010-02-03,01:06:36,ax6rm,7,"""'We wanted to give them lives of joy and dignity in God’s love.' ...At least one of the children, an 8-year-old girl, told workers, 'I am not an orphan.'""",nytimes.com,http://www.nytimes.com/2010/02/02/world/americas/02orphans.html
2010-02-03,00:41:54,ax6eg,6,Ex-UK minister says Blair lied over Iraq war ,globalpost.com,http://www.globalpost.com/breaking-news/general/ex-uk-minister-says-blair-lied-over-iraq-war
2010-02-02,17:11:36,ax16j,5,Israeli denials of air strike on Gaza flour mill disputed by United Nations,belfasttelegraph.co.uk,http://www.belfasttelegraph.co.uk/news/world-news/israeli-denials-of-air-strike-on-gaza-flour-mill-disputed-by-un-14662233.html
2010-02-02,17:57:32,ax1n4,5,Haiti earthquake: voodoo high priest claims aid monopolised by Christians  - Telegraph,telegraph.co.uk,http://www.telegraph.co.uk/news/worldnews/centralamericaandthecaribbean/haiti/7119572/Haiti-earthquake-voodoo-high-priest-claims-aid-monopolised-by-Christians.html
