2010-10-16,09:48:27,drvl2,1209,"Meanwhile, in China 1261 people died in coal mines in the first half of 2010.  It's not as glamorous as the Chilean rescue?",cbc.ca,http://www.cbc.ca/world/story/2010/10/07/china-mine-bosses-safety.html
2010-10-16,12:18:42,drx2h,391,"Ten years ago, Portugal became the first Western nation to pass full-scale, nationwide decriminalization. That law abolished criminal sanctions for all narcotics - not just marijuana but also “hard drugs”. By any metric, Portugal’s drug-decriminalization scheme has been a resounding success",politico.com,http://www.politico.com/news/stories/1010/43544.html
2010-10-17,04:05:03,ds4sv,137,Merkel says German multicultural society has failed,bbc.co.uk,http://www.bbc.co.uk/news/world-europe-11559451
2010-10-16,22:59:05,ds1oe,92,"Iran infuriated by stoning film, just fine with real stoning",news.sky.com,http://news.sky.com/skynews/Article/201010115758315
2010-10-16,22:22:35,ds1eo,82,"During Fujimori's regime, Peru engaged in systemic sterilisation of poor, indigenous, rural women in a program of coercion and deceit under the guise of an anti-poverty plan. Health authorities were given 'quotas' to meet, and all the victims belonged to the same indigenous ethnic group",ipsnews.net,http://www.ipsnews.net/news.asp?idnews=53177
2010-10-17,04:02:32,ds4ra,32,"""we learned that USAID, part of the Department of State, was supplying fertilizer for opium production."" - Afghanistan",veteranstoday.com,http://www.veteranstoday.com/2010/10/16/gordon-duff-when-will-the-crimes-of-911-end/
2010-10-17,02:48:55,ds3xb,21,UK companies selling pensions take 80 percent in fees and commissions. ,wsws.org,http://wsws.org/articles/2010/oct2010/pens-o16.shtml
2010-10-16,19:56:36,ds0hx,24,Paris' Charles de Gaulle ITL could run out of fuel supplies as early as this Monday due to 10 out of 12 refineries and depots being blockaded by pension strikers,bbc.co.uk,http://www.bbc.co.uk/news/world-europe-11557240
2010-10-17,07:42:51,ds739,22,WikiLeaks Iraq - To Upstage Afghanistan? ,usawtfm.com,http://www.usawtfm.com/2010/10/superbombs-and-secret-jails-what-to.html
2010-10-16,21:31:00,ds12m,22,A Dissident Defends Us All - NYTimes.com,nytimes.com,http://www.nytimes.com/2010/10/16/opinion/16iht-edsharansky.html?_r=1&ref=global
2010-10-16,09:16:21,drv9v,20,A straight-talking engineer was behind Chile's mine rescue operation,google.com,http://www.google.com/hostednews/ap/article/ALeqM5jYV6lQyTY2dp_mpDAEuOs6y39zGA
2010-10-16,17:07:55,drzg1,18,Turkey schools flout hijab ban,globalpost.com,http://www.globalpost.com/dispatch/turkey/101014/hijab-ban-turkey-universities
2010-10-16,23:59:50,ds26y,14,"Arabs object to Israeli settlements: 
Israel permits new construction, threatening viability of peace talks.",haaretz.com,http://www.haaretz.com/news/diplomacy-defense/egypt-new-israeli-building-permits-are-a-sign-that-talks-could-collapse-1.319392
2010-10-16,20:22:49,ds0no,11,China mine blast kills 20 and leaves 17 trapped,bbc.co.uk,http://www.bbc.co.uk/news/world-asia-pacific-11557581
2010-10-16,19:10:39,ds07k,11,"The development of Germany’s renewable energy sources will mean record green electricity surcharges for consumers in 2011, increasing power bills by up to €112 per year, according to industry experts.",thelocal.de,http://www.thelocal.de/money/20101015-30513.html
2010-10-17,06:03:52,ds61l,10,Mine blast in China traps 16. Not THIS again!,washingtonpost.com,http://www.washingtonpost.com/wp-dyn/content/article/2010/10/16/AR2010101600637.html?hpid=moreheadlines
2010-10-16,12:03:19,drwx6,10,"China: Awarding Nobel Peace Prize to human rights activist, imprisoned dissident Liu Xiabo, encourages crime",americablog.com,http://www.americablog.com/2010/10/china-awarding-nobel-peace-prize-to.html
2010-10-17,07:04:35,ds6p0,9,"Just a year ago, Reynosa — a dusty, sprawling city of half a million people across the border from McAllen, Texas — was a relatively peaceful part of the country. Now it’s one of the most dangerous places in Mexico.",npr.org,http://www.npr.org/templates/story/story.php?storyId=130592600
2010-10-16,11:09:03,drwds,8,The Russian Masterpiece You've Never Heard of - Vasily Grossman's Life and Fate has more to say about human freedom than any other Russian novel of the century. That's probably why it was locked up for so long.,foreignpolicy.com,http://www.foreignpolicy.com/articles/2010/10/11/the_russian_masterpiece_youve_never_heard_of?page=full
2010-10-16,18:45:03,ds01s,7,"China - Henan, 20 miners killed and 17 trapped after a collapse",asianews.it,"http://www.asianews.it/news-en/Henan,-20-miners-killed-and-17-trapped-after-a-collapse-19739.html"
2010-10-16,09:00:09,drv42,8,BBC News - China's leaders meet to discuss the next five-year plan for its economy. Rumour has it that political reform may even be on the agenda.,bbc.co.uk,http://www.bbc.co.uk/news/world-asia-pacific-11548789
2010-10-17,00:24:53,ds2g6,5,"France replies to EU executive on its expulsion of Roma, to give assurances that it will fall in line with EU laws on free movement or face legal action",google.com,http://www.google.com/hostednews/afp/article/ALeqM5i7ntI6q-EJUQtE84id52by53M5LQ?docId=CNG.d4436e9f04d08331279fb14066d6d028.5e1
2010-10-16,09:31:30,drvex,5,Australian Government to release children asylum seekers from mandatory detention,abc.net.au,http://www.abc.net.au/news/stories/2010/10/16/3040170.htm
2010-10-16,11:38:28,drwp4,3,"Russia and Venezuela staunchly support the creation of modern and fair world order, so that our future does not depend on the will and the liking of just one country, its welfare and mood",english.aljazeera.net,http://english.aljazeera.net/news/europe/2010/10/201010151473529461.html
2010-10-17,00:05:00,ds28e,4,"In Rough Slum, Brazil’s Police Try Soft Touch",nytimes.com,http://www.nytimes.com/2010/10/11/world/americas/11brazil.html?adxnnl=1&adxnnlx=1287241363-SctOV1RcwpWS1yBOVRnIiQ&pagewanted=all
2010-10-16,18:19:19,drzvj,2,"
Explosion in Chinese coal mine kills at least 20 miners and traps more than 30 in central Henan province
",guardian.co.uk,http://www.guardian.co.uk/world/2010/oct/16/chinese-miners-trapped-blast-kills
2010-10-16,14:35:49,drybf,5,Fuel to Paris reduced as French protests escalate,reuters.com,http://www.reuters.com/article/idUSTRE69E43320101015
2010-10-17,01:22:11,ds306,3,Universities in Britain Brace for Cuts in Subsidies,nytimes.com,http://www.nytimes.com/2010/10/16/world/europe/16britain.html
2010-10-16,16:32:59,drz7x,2,"French Police Unblock Fuel Depots as Refinery, Port Strikes Cut Supplies",bloomberg.com,http://www.bloomberg.com/news/2010-10-15/french-police-unblock-fuel-depots-as-refinery-port-strikes-cut-supplies.html
2010-10-16,23:53:05,ds24v,3,"Chilean miners ""said the soothing voice of nurse Marcela Zuniga calmed them...'For the three weeks I was the only woman to talk with the miners, and it surprised me when they told psychologists they dreamed about my voice at night,' Zuniga, a middle-aged woman with shoulder-length black hair...said.",reuters.com,http://www.reuters.com/article/idAFN1521905320101015?sp=true
