2010-01-16,23:05:33,aqdw9,1335,Sandra Bullock gives $1 million to Haiti relief,news.yahoo.com,http://news.yahoo.com/s/ap/20100116/ap_on_en_mo/us_people_madonna_haiti
2010-01-16,01:05:15,aq2cn,1311,France Calls for Cancellation of Haiti's Debt,voanews.com,http://www1.voanews.com/english/news/europe/France-Calls-for-Cancellation-of-Haitis-Debt-81710787.html
2010-01-17,05:01:28,aqgzj,408,Photoshop Disaster [featuring FBI],news.bbc.co.uk,http://news.bbc.co.uk/2/hi/americas/8463657.stm
2010-01-17,01:21:29,aqf4x,141,"Australia is safe once again. ""Female Ejaculation Films To Be Banned In Australia"" - Thank you, you fucking fundamentalist christian lunatics that have nothing better to do. That is all. ",msnaughty.com,http://www.msnaughty.com/blog/2010/01/15/female-ejaculation-films-to-be-banned-in-australia/
2010-01-16,19:35:55,aqcd2,68,Hate crime increases in areas with BNP councillors.,guardian.co.uk,http://www.guardian.co.uk/politics/2010/jan/15/hate-crime-bnp-local-council-elections
2010-01-17,02:05:56,aqfio,60,British Legislator: Israelis who authorized the use of white phosphorous in densely populated Gaza should be tried for war crimes,kawther.info,http://www.kawther.info/wpr/2010/01/16/israel-should-be-tried-for-war-crimes
2010-01-16,15:31:38,aqaok,33,"Just what is China? Pretty strong opinion piece on the country, its practices economic and political, and its essential nature.",tapsns.com,http://www.tapsns.com/blog/index.php/2010/01/what-is-china/
2010-01-17,02:03:44,aqfhs,32,"Businessman Mirko Fischer sues British Airwars 'for 
treating men like perverts'",dailymail.co.uk,http://www.dailymail.co.uk/news/article-1243625/Businessman-Mirko-Fischer-sues-British-Airwars-treating-men-like-perverts.html
2010-01-16,11:39:22,aq8tr,18,6 Years Ago Haiti asked for Reparations.  A call for $21 billion from France aims to lift Haiti's bicentennial blues.,boston.com,http://www.boston.com/news/globe/ideas/articles/2004/01/04/reparation_day/
2010-01-16,20:35:15,aqcr5,19,Bahá'ís in Iran face execution,bahairights.org,http://www.bahairights.org/
2010-01-17,01:31:17,aqf7y,13,Canada to give immigration priority to Haiti earthquake survivors,theglobeandmail.com,http://www.theglobeandmail.com/news/national/canada-to-give-immigration-priority-to-haiti-earthquake-survivors/article1433706/
2010-01-16,21:00:09,aqcww,16,Desperation grows: Mass grave found outside Port-au-Prince ,edition.cnn.com,http://edition.cnn.com/2010/WORLD/americas/01/15/haiti.earthquake/index.html?hpt=T2
2010-01-16,08:54:03,aq7i1,13,Prominent Chinese civil rights lawyer Gao Zhisheng has 'disappeared' while in the custody of the Beijing Public Security Bureau.  They claim not to know where he is.,nytimes.com,http://www.nytimes.com/2010/01/16/world/asia/16china.html
2010-01-16,15:18:41,aqakd,11,"Haiti says 200,000 may be dead, tensions rise",alertnet.org,http://www.alertnet.org/thenews/newsdesk/N16131440.htm
2010-01-17,06:05:03,aqhh3,9,Iraq erasing Jewish heritage sites; plan to build mosque atop tomb of Ezekiel,jpost.com,http://www.jpost.com/servlet/Satellite?cid=1263147896786&pagename=JPost%2FJPArticle%2FShowFull
2010-01-16,22:43:31,aqdpp,10,Alibaba says Yahoo 'reckless' on Google stance,news.yahoo.com,http://news.yahoo.com/s/ap/20100116/ap_on_hi_te/as_china_yahoo_alibaba
2010-01-16,09:01:22,aq7ks,8,"Jeremy Scahill - The poor are left to suffer and die, and the Rich bring in their mercenaries. Blackwater was paid 950$ per man per day by the Department of Homeland security at a time when the average people in New Orleans were dying of starvation",youtube.com,http://www.youtube.com/watch?v=H5JLR3Tlb_E
2010-01-17,00:21:28,aqel6,6,"Had they truncheoned the civilian who filmed them to the ground, the unwritten police form book suggests they might have expected tight-lipped support from their superiors",guardian.co.uk,http://www.guardian.co.uk/commentisfree/2010/jan/15/police-sledging-coppers-dour-justicebot
2010-01-16,18:29:11,aqbw8,7,Amazing footage of a baby rescued after being buried in Rubble for 3 days in Haiti [Vid],youtube.com,http://www.youtube.com/watch?v=WKAKaKmUlFI
2010-01-17,04:24:02,aqgpp,3,"Haiti earthquake: With an eye to both short and long-term needs, IFRC increases appeal to 100 million USD",ifrc.org,http://www.ifrc.org/Docs/News/pr10/0310.asp
2010-01-17,01:14:23,aqf2f,6,Hope for Haiti - Solar Powered Rural Health Hospitals Saving Lives Now,dailykos.com,http://www.dailykos.com/story/2010/1/16/825511/-Hope-for-HaitiSolar-Powered-Rural-Health-Hospitals-Saving-Lives-Now
2010-01-16,08:02:28,aq73j,7,Fidel Castro: The lesson of Haiti,links.org.au,http://links.org.au/node/1464
2010-01-17,07:25:09,aqi1h,5,Iranian Women's Rights Activists Noushin Ebadi and Mourning Mothers Released From Prison,feminist.org,http://www.feminist.org/news/newsbyte/uswirestory.asp?id=12174
2010-01-16,19:51:02,aqcgz,2,Operation Pierre Pan May Start at Miami Hospitals ,nbcmiami.com,http://www.nbcmiami.com/news/local-beat/Operation-Pierre-Pan-Starts-at-Miami-Hospitals-81767767.html
2010-01-16,12:33:15,aq98x,1,Helping the Victims of the Haiti Earthquake--Comprehensive list of disaster relief links - Day 4 with bonus $10K matching funds,dailykos.com,http://www.dailykos.com/story/2010/1/15/825601/-Helping-the-Victims-of-the-Haiti-EarthquakeDay-4-with-bonus-$10K-matching-funds
2010-01-16,09:05:10,aq7lu,2,Haiti's Earthquake Destruction: TIME Exclusive Photographs ,time.com,"http://www.time.com/time/photogallery/0,29307,1954087_2024929,00.html"
2010-01-16,22:43:58,aqdps,4,"Israeli ultra-orthodox rail against net use - Sensing a threat, the rabbis have forced the closure of several ultra-orthodox websites.",globalpost.com,http://www.globalpost.com/dispatch/israel-and-palestine/100110/jewish-crackdown-internet
2010-01-17,04:23:20,aqgpj,4,Red Cross Red Crescent aid continues to arrive in Haiti,ifrc.org,http://www.ifrc.org/Docs/News/10/10011601/index.asp
2010-01-16,23:29:08,aqe3p,3,The Russia-Belarus Oil Dispute and Western Oil Supplies,theoildrum.com,http://www.theoildrum.com/node/6131
2010-01-17,07:07:11,aqhwo,0,"No new Iran sanctions, for now: Meeting of world powers ends with no agreement on sanctions.",rawstory.com,http://rawstory.com/news/afp/Major_powers_fail_to_agree_on_new_I_01162010.html
