2010-01-29,19:28:05,avmm3,3084,We raised $100K for haiti without breaking a sweat. Wikileaks has shutdown due to lack of funds. Let's fix this.,guardian.co.uk,http://www.guardian.co.uk/media/2010/jan/29/wikileaks-temporarily-closes-lack-funds
2010-01-29,14:39:56,avjtm,228,Israel has assassinated a senior Hamas military commander in Dubai,washingtonpost.com,http://www.washingtonpost.com/wp-dyn/content/article/2010/01/29/AR2010012900371.html
2010-01-29,04:19:56,avdmd,142,11 Iranian Protesters sentenced to Death,edition.cnn.com,http://edition.cnn.com/2010/WORLD/meast/01/28/iran.protest.sentences/index.html
2010-01-29,19:58:54,avmvv,120,"Bills Gates pledges $10 *billion* to vaccine research, largest donation in history",timesonline.co.uk,http://www.timesonline.co.uk/tol/life_and_style/health/article7007734.ece
2010-01-30,02:12:26,avrnx,101,"Supreme Court of Canada ruled on that the interrogation of the only Canadian citizen, 15 years old, held at the Guantánamo Bay violated his rights",nytimes.com,http://www.nytimes.com/2010/01/29/world/americas/30canada.html
2010-01-29,09:31:56,avgl4,57,"Medical students routinely practice doing internal 
pelvic examinations while surgery patients are 
unconscious, and without getting specific consent",theglobeandmail.com,http://www.theglobeandmail.com/life/health/time-to-end-pelvic-exams-done-without-consent/article1447337/
2010-01-29,17:42:40,avllh,46,LIVE: Tony Blair Faces Iraq Inquiry (0930 GMT to 1700 GMT),news.bbc.co.uk,http://news.bbc.co.uk/1/hi/uk_politics/8486631.stm
2010-01-30,04:52:28,avtk6,44,BBC website readers air their views on Tony Blair and the war in Iraq and the consensus seems to be that he should be tried for war crimes.,newsforums.bbc.co.uk,http://newsforums.bbc.co.uk/nol/thread.jspa?sortBy=2&forumID=7455&edition=1&ttl=20100129204921&#paginator
2010-01-29,20:42:16,avndn,35,"The Hamas leader that Israel apparently killed in Dubai? Well, yeah, Hamas says he died of cancer in the Palestinian media...",maannews.net,http://www.maannews.net/eng/ViewDetails.aspx?ID=255640
2010-01-29,21:09:04,avnnl,28,Blackwater's Youngest Victim: Nine-year-old Ali Kinani died from a gunshot wound to the head in the Nisour Square massacre. His father may be the one man standing between Blackwater and total impunity.,alternet.org,http://www.alternet.org/world/145469/blackwater%27s_youngest_victim
2010-01-29,22:23:47,avoik,25,"Families of Iraq war dead voice anger at Blair: ""I would simply like Tony Blair to look me in the eye and say he was sorry. Instead, he is in there smirking""",guardian.co.uk,http://www.guardian.co.uk/uk/2010/jan/29/tony-blair-iraq-war-inquiry1
2010-01-29,14:21:34,avjmv,21,"Russia unveils Fifth Generation Fighter - PAK FA 
[VID]",youtube.com,http://www.youtube.com/watch?v=mp0yd6no7B4
2010-01-29,13:15:59,aviws,16,"The Taliban has won the war in Afghanistan, now the coalition of the willing is negotiating the terms of its surrender which it will present to the Taliban, it involves over half a billion dollars in payment in exchange for an end to hostilities.",news.com.au,http://www.news.com.au/world/west-backs-afghan-security-pledges-taliban-plan/story-e6frfkyi-1225824545177
2010-01-30,00:36:14,avqda,14,Blind faith in a mere mortal brought too many parents to jail. Meet Dr. C. Smith; quack pathologist and head of Canada's largest children's hospital.,cbc.ca,http://www.cbc.ca/canada/story/2009/12/07/f-charles-smith-goudge-inquiry.html
2010-01-30,05:53:11,avu94,12,"65 years after the Holocaust ended, many Jews are asking: Is its memory being abused? Does Israel use Holocaust as a blackmail weapon? Norman Finkelstein and Israel W. Charny debate. [video]",youtube.com,http://www.youtube.com/watch?v=Q9lNkXiCP0I&feature=player_embedded
2010-01-29,21:14:17,avnpj,9,Tony Blair opened himself up to a charge of misleading Parliament today when he told the Iraq Inquiry that the threat posed by Saddam Hussein's WMD programme had not increased after 9/11. Jail liar Tony Blair!!,timesonline.co.uk,http://www.timesonline.co.uk/tol/news/world/iraq/article7007886.ece
2010-01-29,17:13:30,avlbf,8,"People who administer bone-crushing handshakes to prove the strength of their personalities should be charged with assault, says a Labour MP.",news.bbc.co.uk,http://news.bbc.co.uk/1/hi/wales/8485784.stm
2010-01-29,23:47:24,avpow,9,Former British Prime Minister Tony Blair denies he made a secret deal with Bush about Iraq,globalpost.com,http://www.globalpost.com/notebook/united-kingdom/100129/blair-testifies-iraq-again
2010-01-30,06:10:15,avuff,8,Argentine President  says Bacon Is Better Than Viagra,cnbc.com,http://www.cnbc.com/id/35148562
2010-01-29,16:35:31,avkya,7,"Eat Indian, love Indians: campaign in Australia",ibnlive.in.com,http://ibnlive.in.com/news/eat-indian-love-indians-campaign-in-australia/109377-19.html?from=tn
2010-01-29,22:25:49,avojj,7,Russian police this week raided the offices of a prominent environmental group that had protested government plans to reopen a controversial paper mill on the shores of Siberia's Lake Baikal.,online.wsj.com,http://online.wsj.com/article/SB10001424052748703389004575032900695535416.html
2010-01-30,00:22:47,avq6b,6,Italy opens first prison for transsexuals!,telegraph.co.uk,http://www.telegraph.co.uk/news/worldnews/europe/italy/7092137/Italy-opens-first-prison-for-transsexuals.html
2010-01-29,22:41:04,avoq6,6,"Ireland has embarked on “the most difficult public art commission in the history of the state"" -- a monument to those abused for decades at schools and orphanages run by religious orders; even more difficult now because one group of victims says the funds should instead be donated to Haiti.",blogs.reuters.com,http://blogs.reuters.com/faithworld/2010/01/28/irish-clergy-abuse-victims-torn-between-dublin-monument-and-haiti-aid/
2010-01-29,21:47:06,avo2g,6,"All countries chip in for the Haiti relief effort: Ghana ($3 million); Democratic Republic of Congo ($2.5 million pledge); and Sierra Leone ($100,000). Others are Cambodia ($50,000); Liberia ($50,000) and Senegal ($1 million)",reliefweb.int,http://www.reliefweb.int/rw/rwb.nsf/db900sid/VVOS-825R4N?OpenDocument&RSS20&RSS20=FS
2010-01-29,23:43:54,avpmw,6,Homeopathy protesters to take 'mass overdose' outside Boots (sort of a reminder),guardian.co.uk,http://www.guardian.co.uk/lifeandstyle/2010/jan/29/sceptics-homeopathy-mass-overdose-boots
2010-01-29,10:52:18,avhfn,5,France's attack on the veil is a huge blunder ,guardian.co.uk,http://www.guardian.co.uk/commentisfree/belief/2010/jan/26/proposed-veil-ban-in-france
2010-01-30,00:24:06,avq71,7,"Israel approved the immigration of 7,000 members of a “lost Jewish” to place them in West Bank settlements in a bid to foil agreement to a temporary freeze of settlement growth",original.antiwar.com,http://original.antiwar.com/cook/2010/01/28/lost-tribe-on-fast-track-to-israel/
2010-01-29,10:01:05,avguw,7,WHO Scientist: Swine Flu Pandemic Was “Completely Exaggerated”,infowars.com,http://www.infowars.com/who-scientist-swine-flu-pandemic-was-completely-exaggerated/
2010-01-30,02:02:04,avrjb,5,Three cheetahs spare tiny antelope's life... and play with him instead.,dailymail.co.uk,http://www.dailymail.co.uk/news/article-1246886/Pictured-Three-cheetahs-spare-tiny-antelopes-life--play-instead.html
2010-01-30,00:00:50,avpva,4,Bin Laden blasts US for climate change,washingtonpost.com,http://www.washingtonpost.com/wp-dyn/content/article/2010/01/29/AR2010012901463.html?referrer=reddit
