2010-02-18,04:33:19,b3ae4,1026,Dude arrested for lighting a cigarette on the olympic torch,youtube.com,http://www.youtube.com/watch?v=6FsmYwcbNeM
2010-02-18,19:50:17,b3k1d,563,The community of ultra-Orthodox Jews in Israel is half a million strong and growing. They live in a parallel universe cut off from the modern world in tight-knit communities where everything revolves around religion. Only a few dare to abandon this life -- and the price for doing so is high.,spiegel.de,"http://www.spiegel.de/international/world/0,1518,678264,00.html?"
2010-02-18,00:42:50,b37c9,460,"Hired and armed by the CIA in the 1960s, the Hmong remain trapped in enemy jungle, forgotten by America and the world",independent.co.uk,http://www.independent.co.uk/news/world/asia/the-secret-army-still-fighting-vietnam-war-1901755.html
2010-02-19,02:59:54,b3pvc,285,"What could have been another tragedy at Vancouver has turned into a dream of olympic glory for Slovenian XC skier Petra Majdič. She fell down a unprotected 9 foot drop during warm up, broke 4 ribs and pierced her lung - but then won bronze in agonizing pain.",washingtonpost.com,http://www.washingtonpost.com/wp-dyn/content/article/2010/02/18/AR2010021800556.html
2010-02-19,01:36:02,b3on8,154,"IDF bans 45,000 Palestinians from using major road built on their land to please 150 'settlers', High Court rules the IDF cannot do that, so the IDF caves in and allows Palestinians to use the road, except Palestinians are still banned from using the roads during Sabbath. Israel? Secular?",botlbrush.com,http://botlbrush.com/blog/?p=1234
2010-02-18,23:50:46,b3n2y,113,"Coup Attempt Under Way in Niger, Official Says -- Smoke was seen rising from the presidential palace amid heavy gunfire in Niger's capital, Niamey.",nytimes.com,http://www.nytimes.com/reuters/2010/02/18/world/international-niger-gunfire.html?partner=rss&emc=rss
2010-02-19,00:29:02,b3nmr,89,"A N Korean woman's account of what life is like in N Korea. She said, ""People in N Korea were merely breathing, they were not living.""  ",youtube.com,http://www.youtube.com/watch?v=xwBM-epaKhk
2010-02-19,01:37:26,b3oo0,61,INTERPOL has issued Red Notices for 11 internationally-wanted individuals who have been charged by UAE authorities with co-ordinating and committing the murder of Hamas commander Mahmoud al-Mabhouh in Dubai.,interpol.int,http://www.interpol.int/Public/ICPO/PressReleases/PR2010/PR011.asp
2010-02-19,00:17:37,b3nh1,60,George Will Mocks GOP Obsession With Sarah Palin - Sarah Palin...is not going to be president and will not be the Republican nominee unless the party wants to lose at least 44 states.,realclearpolitics.com,http://www.realclearpolitics.com/articles/2010/02/18/mutual_loathing_society_104450.html
2010-02-18,20:00:17,b3k5d,55,Swiss prostitutes armed with defibrillators,theregister.co.uk,http://www.theregister.co.uk/2010/02/18/defibrillation_service/
2010-02-19,01:29:37,b3oj0,50,Dubai police call on Interpol to help arrest Mossad head - things are hotting up ,guardian.co.uk,http://www.guardian.co.uk/world/2010/feb/18/dubai-police-certain-mossad-killing
2010-02-18,20:52:10,b3kpg,37,UK 'determined' over Israeli secret service assassination row,news.bbc.co.uk,http://news.bbc.co.uk/1/hi/world/middle_east/8521246.stm
2010-02-19,06:22:56,b3sd9,38,"In the US they are called the military industrial complex.  In Iran they are called Pasdaran.  Whatever name you call it, in whatever historic context, the results are always the same.",guardian.co.uk,http://www.guardian.co.uk/world/2010/feb/15/financial-power-revolutionary-guard
2010-02-19,02:38:04,b3pjh,38,"British government releases tons of UFO documents; 6,000 pages of sightings",nydailynews.com,http://www.nydailynews.com/news/world/2010/02/18/2010-02-18_british_government_releases_ufo_documents_6000_pages_of_sightings_reports.html
2010-02-18,14:54:33,b3gyw,26,British threat to Israel over Dubai Hamas assassination,telegraph.co.uk,http://www.telegraph.co.uk/news/worldnews/middleeast/israel/7258631/British-threat-to-Israel-over-Dubai-Hamas-assassination.html
2010-02-18,17:56:54,b3iue,27,India Worries as China Builds Ports in South Asia,nytimes.com,http://www.nytimes.com/2010/02/16/business/global/16port.html
2010-02-19,01:31:23,b3okc,21,"Plane crashes into Northwest Austin office building, man was possibly targeting IRS",statesman.com,http://www.statesman.com/blogs/content/shared-gen/blogs/austin/blotter/entries/2010/02/18/austin_police_say_a_plane.html
2010-02-18,09:31:57,b3dlk,23,BT cotton is causing suicides to skyrocket in India.,permaculture.org.au,http://permaculture.org.au/2010/01/26/farmer-suicides-and-bt-cotton-nightmare-unfolding-in-india/
2010-02-18,20:02:32,b3k67,17,"Government Trojans, Orwellian Doublespeak and 'A Serious Threat to Internet Neutrality' - The lower house of the French parliament has approved a draft bill that will allow the state unprecedented control over the Internet",spiegel.de,"http://www.spiegel.de/international/europe/0,1518,678508,00.html?"
2010-02-18,19:00:37,b3jjq,12,'Dubai police chief 99% sure Israel behind Hamas killing',haaretz.com,http://www.haaretz.com/hasen/spages/1150754.html
2010-02-18,16:57:35,b3i7t,14,Saudi royal held over aides murder in London hotel,telegraph.co.uk,http://www.telegraph.co.uk/news/newstopics/politics/lawandorder/7258514/Saudi-royal-aide-suffered-earlier-attack-two-weeks-before-murder.html
2010-02-18,23:47:13,b3n0w,12,"More than two dozen words are banned for non-Muslims by a law that ostensibly seeks to prevent them from trying to convert Malaysia’s Muslims. But in a country where religion and ethnic politics intertwine, many people see the issue as a reflection of the country’s persistent political turmoil.",nytimes.com,http://www.nytimes.com/2010/02/19/world/asia/19iht-letter.html
2010-02-19,07:28:26,b3t1s,11,Latest Drone Strike Targets Haqqani. The death of Haqqani would mark another in a stunning series of successes against the Taliban leadership in Pakistan timed with the U.S. offensive across the border in southern Afghanistan.,blog.newsweek.com,http://blog.newsweek.com/blogs/declassified/archive/2010/02/18/latest-drone-strike-targets-haqqani-officials-say-it-s-not-clear-if-powerful-taliban-leader-was-hit.aspx
2010-02-18,22:18:31,b3lrb,12,"Haiti ""restavek"" tradition called child slavery ",globalpost.com,http://www.globalpost.com/breaking-news/general/haiti-restavek-tradition-called-child-slavery
2010-02-18,14:09:36,b3gf7,11,UK calls in Israeli ambassador as Dubai killing row escalates,guardian.co.uk,http://www.guardian.co.uk/world/2010/feb/17/uk-israeli-ambassador-dubai-killing
2010-02-18,22:58:55,b3may,11,China has much to lose from Iran sanctions,ynetnews.com,"http://www.ynetnews.com/articles/0,7340,L-3850326,00.html"
2010-02-18,11:52:14,b3exj,8,"We need judges to investigate our spies, not spies to berate our judges",guardian.co.uk,http://www.guardian.co.uk/commentisfree/2010/feb/17/torture-spies-judges-secret-services
2010-02-19,02:33:40,b3phc,10,"Stratford Gazette, a Canadian Paper out of Ontario with a circulation of almost 20,000, provides exceptional coverage on 9/11 Truth Groups in the area",stratfordgazette.com,http://www.stratfordgazette.com/stratford/article/86274
2010-02-18,17:40:18,b3io7,10,"South Africa: 20 years after Mandela's release, class apartheid continues",links.org.au,http://links.org.au/node/1515
2010-02-18,21:37:50,b3l8t,8,Colombia Mimes CIA: Students as Spies. Colombia’s president Uribe announced his goal of putting a thousand spies in college classrooms.,counterpunch.org,http://www.counterpunch.org/hylton02162010.html
