2010-09-21,18:11:47,dgrj6,1359,Germany is planning a direct rail link between Frankfurt and London: Journey time under 4 hours.,guardian.co.uk,http://www.guardian.co.uk/travel/2010/sep/20/frankfurt-city-break-guide
2010-09-21,00:09:29,dgdst,1202,"Wounded in action: An infantry unit fights its way out of an ambush in Kunar Province, Afghanistan (Holy hell. One of the soldiers takes a bullet to the helmet, but survives--it's all caught on camera.)",globalpost.com,http://www.globalpost.com/dispatch/afghanistan/100917/location-firefight-kunar-province
2010-09-21,01:03:11,dgemq,981,Oktoberfest 2010 - The Big Picture [pics],boston.com,http://www.boston.com/bigpicture/2010/09/oktoberfest_2010.html
2010-09-21,20:58:28,dgt1h,374,Vatican Bank investigated over money-laundering,bbc.co.uk,http://www.bbc.co.uk/news/world-europe-11380628
2010-09-22,03:51:21,dgz9b,137,Kim Jong-il dictatorship could end within days,telegraph.co.uk,http://www.telegraph.co.uk/news/worldnews/asia/northkorea/8015979/Kim-Jong-il-dictatorship-could-end-within-days.html
2010-09-21,11:42:21,dgne6,110,"In Sicily, Defying the Mafia - Organised public resistance to Sicily's Cosa Nostra now possible, even successful. Confiscated Mafia assets used for social projects. ",smithsonianmag.com,http://www.smithsonianmag.com/people-places/In-Sicily-Defying-the-Mafia.html
2010-09-21,20:41:21,dgsvj,54,"In his recent autobiography, Tony Blair expresses regret at introducing a freedom of information regime, saying there is ""no description of stupidity, no matter how vivid, that is adequate."" That should be enough to convince anybody that it was a good idea.",cfoi.org.uk,http://www.cfoi.org.uk/blairarticle060910.html
2010-09-21,12:33:44,dgo22,49,Why It's OK To Negotiate With the IRA but Not Hamas? ,slate.com,http://www.slate.com/id/2267658/
2010-09-21,17:08:05,dgr15,36,"Oil jackpot in Greenland. A sad day for sustainable energy and the environment in general, since this heralds a golden age for Arctic offshore drilling.",politiken.dk,http://politiken.dk/newsinenglish/1064488/oil-jackpot-in-greenland/
2010-09-21,22:07:49,dgtv8,34,Delhi Commonwealth Games Village Leaves Competitors `Shocked' - Bloomberg,bloomberg.com,http://www.bloomberg.com/news/2010-09-21/commonwealth-games-village-in-new-delhi-leaves-competitors-shocked-.html
2010-09-21,16:34:54,dgqpx,29,Persecuted journalists in Mexico vow to continue covering the drug violence,washingtonpost.com,http://www.washingtonpost.com/wp-dyn/content/article/2010/09/20/AR2010092006228.html
2010-09-21,22:38:43,dgu9h,26,India: Commonwealth Games bridge collapses,edition.cnn.com,http://edition.cnn.com/2010/WORLD/asiapcf/09/21/india.bridge.collapse/?hpt=Sbin
2010-09-22,05:43:42,dh0wp,25,Vatican Bank Tied to Money Laundering Scandal,nytimes.com,http://www.nytimes.com/2010/09/22/world/europe/22vatican.html?partner=rss&emc=rss
2010-09-22,03:27:41,dgyvo,25,"Reform On The Range: Cubans Heed The Call To Farm - ""Having this land, you realize how productive it can be,"" Pena says. ""When you're growing your own food, you have independence, and that gives you a sense of security.""",npr.org,http://www.npr.org/templates/story/story.php?storyId=129757511
2010-09-22,01:33:05,dgwzr,21,Vatican ‘perplexed’ by money laundering probe,msnbc.msn.com,http://www.msnbc.msn.com/id/39287000/ns/business-world_business/
2010-09-21,21:12:04,dgt6e,20,"The Seven-Headed President: 
Switzerland Celebrates Europe's Strangest System of Government",spiegel.de,"http://www.spiegel.de/international/europe/0,1518,718573,00.html"
2010-09-22,02:42:21,dgy58,18,South Korea Considering Underwater High-Speed Rail Tunnels to China and Japan ,2point6billion.com,http://www.2point6billion.com/news/2010/09/21/south-korea-considering-high-speed-rail-tunnels-to-china-japan-7293.html
2010-09-21,21:55:10,dgtpv,12,India's Unfolding Intifada in Kashmir,thehindu.com,http://www.thehindu.com/opinion/lead/article738603.ece
2010-09-21,15:20:45,dgpzk,12,"Nine Nato troops killed in helicopter crash. Nine Nato troops have died in a helicopter crash, making 2010 the deadliest year yet for coalition troops in Afghanistan. ",telegraph.co.uk,http://www.telegraph.co.uk/travel/destinations/asia/afghanistan/8014971/Nine-Nato-troops-killed-in-helicopter-crash.html
2010-09-21,10:45:24,dgmop,10,North Korea to Hold Party Congress to Choose Leaders Next Week,bloomberg.com,http://www.bloomberg.com/news/2010-09-20/north-korea-to-hold-party-congress-next-week-kim-may-name-son-successor.html
2010-09-22,00:46:41,dgw8a,10,"Cliches of the Century: 
Ten easy ways to illustrate China vs. India -- and miss the point entirely",foreignpolicy.com,http://www.foreignpolicy.com/articles/2010/09/20/cliches_of_the_century?page=full
2010-09-21,23:26:54,dguy1,10,"""Afghan families have many reasons for pretending their girls are boys, including economic need, social pressure to have sons, and in some cases, a superstition that doing so can lead to the birth of a real boy.""",nytimes.com,http://www.nytimes.com/2010/09/21/world/asia/21gender.html?_r=1&hp
2010-09-21,08:52:03,dgllp,10,UK Proposes All Paychecks Go to the State First - Everybody should just work at their job and the government should just give everyone what allowance they feel they deserve to get.,cnbc.com,http://www.cnbc.com/id/39265847
2010-09-21,23:02:20,dgulj,7,280 crocodiles escape ,straitstimes.com,http://www.straitstimes.com/BreakingNews/World/Story/STIStory_581269.html
2010-09-21,11:17:25,dgn28,7,Nothing sexy about Amsterdam's Red Light district ,smh.com.au,http://www.smh.com.au/travel/nothing-sexy-about-amsterdams-red-light-district-20100920-15it2.html
2010-09-21,21:52:32,dgtob,6,"Kremlin vs. Moscow Mayor - 
Dirty Power Struggle Could Backfire on Medvedev",spiegel.de,"http://www.spiegel.de/international/world/0,1518,718596,00.html"
2010-09-21,22:56:52,dguim,7,China tells U.S. to keep out of South China Sea dispute,news.yahoo.com,http://news.yahoo.com/s/nm/us_china_seas
2010-09-22,04:50:03,dh04i,8,U.N. Seeks To Re-energize Fight Against Poverty ,npr.org,http://www.npr.org/templates/story/story.php?storyId=130021378
2010-09-21,21:29:38,dgtdm,7,"Fijian dictatorship declares opposition party's website to be a ""media organisation"", and therefore subject to the strict censorship regime. Press releases posted to the website must first be approved by government censors.",coupfourandahalf.com,http://www.coupfourandahalf.com/2010/09/illegal-aussie-censorship-chief-demands.html
2010-09-22,02:32:49,dgy05,5,U.S. to license export of ‘human execution’ equipment--thumbscrews still ineligible.  I'm not making this up.,gsnmagazine.com,http://www.gsnmagazine.com/article/21076/us_license_export_%E2%80%98human_execution%E2%80%99_equipment
