2010-05-08,00:39:20,c144h,731,"Lib Dems get 80% the number of votes Labour have, yet 20% the number of seats. Care about electoral reform? Let's do something about it.",labs.38degrees.org.uk,http://labs.38degrees.org.uk/wall/reform
2010-05-08,00:51:06,c14bz,170,"Israel does not accept U.N. proposal for a Middle East free of Atomic Weapons: US will reassess its 40-year-old ""don't ask, don't tell"" policy toward Israeli nuclear arsenal",reuters.com,http://www.reuters.com/assets/print?aid=USTRE6463DS20100507
2010-05-09,01:47:29,c1i2g,142,"Australia burka armed robbery sparks burka ban debate - As Australian senator observed, the garb ""represents the repressive domination of men over women which has no place in our society and compromises some of the most important aspects of human communication."" ",news.bbc.co.uk,http://news.bbc.co.uk/2/hi/asia-pacific/8667330.stm
2010-05-09,01:33:49,c1hxu,92,"Israeli: This settlement is unauthorized and should not be developed any further, claims it will stop settlement construction and provide a clear timeline. Does not do so and instead authorizes settlers to loot as much as they can from the Palestinians",btselem.org,http://www.btselem.org/English/Settlements/20100505_License_for_looting_in_Derekh_Haavot_outpost.asp
2010-05-08,19:22:06,c1ev9,86,General Election 2010: Lib Dems may demand Gordon Brown's exit ,telegraph.co.uk,http://www.telegraph.co.uk/news/election-2010/7694676/General-Election-2010-Lib-Dems-may-demand-Gordon-Browns-exit.html
2010-05-08,01:48:52,c156a,59,BREAKING:  Russia probably killed all 10 pirates they arrested,news.yahoo.com,http://news.yahoo.com/s/ap/20100507/ap_on_re_eu/eu_piracy
2010-05-08,19:55:55,c1f35,56,"Brazil has signed the Nuclear Nonproliferation Treaty, but experts suspect it may be working on a nuclear bomb. The country is allowed to legally enrich uranium for its nuclear submarines, but nobody knows what happens to the fuel once it is on restricted military bases.",spiegel.de,"http://www.spiegel.de/international/world/0,1518,693336,00.html"
2010-05-08,22:06:38,c1g11,37,"New BBC report from Iraq: At least under Saddam Hussein, Mustafa said, Iraq was the safest country on earth. ",news.bbc.co.uk,http://news.bbc.co.uk/1/hi/programmes/from_our_own_correspondent/8667752.stm
2010-05-08,18:56:09,c1eo5,27,A report by the Australian Maritime Safety Authority said Japan had refused to answer any questions and seized navigation information from the whaling ship as part of its own inquiry.,abc.net.au,http://www.abc.net.au/news/stories/2010/05/08/2893999.htm
2010-05-09,01:37:58,c1hz4,26,"Turkish legislators approve constitutional changes said to strengthen position of Islamist ruling party - 
Opposition parties allege that the amendments ""designed to give the Islamic-rooted government leverage over the largely secular judiciary""",google.com,http://www.google.com/hostednews/ap/article/ALeqM5hqO5y-_RFvu-rwYi6sfFm1WiPfpAD9FHVCPO0
2010-05-09,00:50:40,c1hih,13,"What it's like in Baghdad after 'liberation' - The litany of Iraq's current problems is too long to list, but it starts with virtually non-existent basic services like electricity supply, and ends with the continuing violence which claims the lives of hundreds of Iraqis every month.",news.bbc.co.uk,http://news.bbc.co.uk/2/hi/programmes/from_our_own_correspondent/8667752.stm
2010-05-08,08:13:30,c19ft,10,"Romania braces for austerity. ""Austerity"" is banker-speak for ""loot the people and give it all to us"". ",straitstimes.com,http://www.straitstimes.com/BreakingNews/Money/Story/STIStory_523829.html
2010-05-09,00:46:49,c1hh5,9,Clegg speaks to pro-PR protesters in London,news.bbc.co.uk,http://news.bbc.co.uk/1/hi/uk_politics/election_2010/8670068.stm
2010-05-09,03:39:27,c1j5o,10,"Pope accepts German Bishop's resignation for beating children, pedophilia probe underway.",rawstory.com,http://rawstory.com/rs/2010/0508/pope-benedict-accepts-resignation-bishop-beating-children-pedophilia-probe/
2010-05-08,19:17:37,c1eu2,9,"  The Need For Speed - Fantastic piece of crime reporting. Has everything: drugs, beatings, motorcycle gang called the Nomads, whistleblower whose wife was gang-boss's ""nanny, cleaner, and tester of amphetamines""
",smh.com.au,http://www.smh.com.au/nsw/the-need-for-speed-20100507-ujon.html
2010-05-09,01:31:52,c1hxb,7,Palestinians agree to new peace talks with Israel ,globalpost.com,http://www.globalpost.com/breaking-news/general/palestinians-agree-new-peace-talks-israel
2010-05-09,07:11:52,c1kzq,6,"South Korea finds North sank ship, paper says",sfgate.com,http://www.sfgate.com/cgi-bin/article.cgi?file=/c/a/2010/05/08/MNVO1DB4GS.DTL
2010-05-09,00:36:49,c1hdj,5,Train operators accused of 'astronomical' fare rises,self.worldnews,https://www.reddit.com/r/worldnews/comments/c1hdj/train_operators_accused_of_astronomical_fare_rises/
2010-05-09,07:40:42,c1l7o,3,"Yesterday, on May 7, Canada's Supreme Court held that a journalist's right to keep sources confidential is not absolute but must be balanced with other public interest rights.",news.suite101.com,http://news.suite101.com/article.cfm/supreme-court-of-canada-limits-medias-rights-to-protect-sources-a234842
2010-05-09,01:05:59,c1hnf,5,"""I knew they wouldn't suspect an under-18 for voting Tory,"" he said.",news.bbc.co.uk,http://news.bbc.co.uk/1/hi/uk_politics/election_2010/england/8670022.stm
2010-05-09,01:39:44,c1hzr,5,"Ash cloud closes 19 Spanish airports, could spread",reuters.com,http://www.reuters.com/article/idUSTRE6470MB20100508
2010-05-08,08:03:25,c19cz,2,Vladimir Putin snubs Britain and US over VE Day celebrations ,guardian.co.uk,http://www.guardian.co.uk/world/2010/may/07/putin-snub-west-war-celebrations
2010-05-08,20:03:14,c1f4p,3,"The earthquake in Qinghai - 
From whence cometh my help",economist.com,http://www.economist.com/world/asia/displayStory.cfm?story_id=16010325
2010-05-09,04:43:38,c1jqg,4,Palestinian Leaders Approve Peace Talks With Israel,voanews.com,http://www1.voanews.com/english/news/middle-east/Palestinian-Leaders-Approve-Peace-Talks-With-Israel-93187459.html
2010-05-08,13:42:42,c1c8w,2,Violence raises tensions as Thai protests drag on,reuters.com,http://www.reuters.com/article/idUSTRE64662P20100508
2010-05-09,01:49:00,c1i30,2,Iran mulls uranium exchange,jpost.com,http://www.jpost.com/IranianThreat/News/Article.aspx?id=175019
2010-05-09,05:56:00,c1kds,0,Pyongyang and Rome: no one knows the fate of the bishops of North Korea,asianews.it,http://www.asianews.it/news-en/Pyongyang-and-Rome:-no-one-knows-the-fate-of-the-bishops-of-North-Korea-18355.html
2010-05-08,18:13:58,c1ed8,0,World Briefing - Middle East - 5 More Suspects Identified in Dubai Killing ,nytimes.com,http://www.nytimes.com/2010/05/07/world/middleeast/07briefs-dubai.html
2010-05-09,04:00:18,c1jcb,0,I am sick of your shit Iceland,telegraph.co.uk,http://www.telegraph.co.uk/travel/travelnews/7696861/Icelandic-volcano-will-disrupt-more-European-flights-over-weekend.html
2010-05-09,03:13:31,c1iwo,1,"Chavez denies trying to influence the Colombian elections, threatens to completely end trade with Colombia if Santos is elected.",colombiareports.com,http://colombiareports.com/colombia-news/2010-elections/9615-chavez-ready-to-turn-page-but-not-with-santos.html
