2010-07-01,19:49:34,ckvx4,452,"UK government launches ""Your Freedom"" - seeks public's opinion on which laws should be repealed (Digital Economy Bill seems to have quite a few detractors already...)",yourfreedom.hmg.gov.uk,http://yourfreedom.hmg.gov.uk
2010-07-01,06:39:00,ckp7x,347,Blair to receive US peace medal (not the Onion),news.bbc.co.uk,http://news.bbc.co.uk/2/hi/politics/10470914.stm
2010-07-01,20:16:26,ckw4l,320,"May I introduce Germany's new first lady! 
And yes that is a real tattoo.  ",polpix.sueddeutsche.com,http://polpix.sueddeutsche.com/polopoly_fs/1.967846.1277900596!/image/image.jpg_gen/derivatives/860x860/image.jpg
2010-07-02,02:21:19,cl04s,260,UK Iraq Whistleblower 'Was Too Weak To Have Killed Himself’ - Dr David Kelly was found dead in woodland near his home in Oxfordshire in 2003 after he was exposed as the source of a BBC report that questioned the govt's case for war in Iraq.,thefirstpost.co.uk,"http://www.thefirstpost.co.uk/65284,news-comment,news-politics,david-kelly-could-not-have-killed-himself"
2010-07-01,11:33:57,ckryj,252,NinjaVideo and many other streaming video sites shut down in the past hours...by the Dept of Homeland Security? ,latimes.com,"http://www.latimes.com/business/la-fi-ct-piracy-20100701,0,2871905.story"
2010-07-01,21:27:55,ckwq7,228,Seven years after we liberated them the citizens of Baghdad get less than five hours of electricity per day.  What was it like before we delivered democracy?,news.bbc.co.uk,http://news.bbc.co.uk/2/hi/world/middle_east/10437279.stm
2010-07-02,00:30:15,ckyqh,105,"Icelandic leader in milestone gay marriage - Iceland's prime minister made history last week when she wed her girlfriend, becoming the world's first head of government to enter a gay marriage.",wire.antiwar.com,http://wire.antiwar.com/2010/07/01/icelandic-leader-in-milestone-gay-marriage-4/
2010-07-01,15:35:59,cku5o,62,Australia to ban ultra-skinny models,dailytelegraph.com.au,http://www.dailytelegraph.com.au/news/national/australia-to-ban-ultra-skinny-models/story-e6freuzr-1225884746665
2010-07-01,05:39:28,ckohz,51,"Without US aid, Israeli state would fail – “Israel is a regional superpower with solid economy and strong army, but if the American administration decides to stop military, financial, economic and political aid, any Israeli government would fall to its knees.”",rt.com,http://rt.com/Politics/2010-06-30/israel-palestine-assad-rahma.html
2010-07-02,03:22:32,cl0xl,53,"""Palestinian leader gives interview to Israel; Israeli Prime Minister announces agreement to release 1,000 Palestinian prisoners in exchange for the 1 IDF soldier held captive by Hamas."" Looks like progress is being made. :D",msnbc.msn.com,http://www.msnbc.msn.com/id/38038088/ns/business-media_biz/?ocid=twitter
2010-07-02,01:16:21,ckzat,31,Children beaten by Bangladeshi police as they join garment workers' strikes,guardian.co.uk,http://www.guardian.co.uk/world/2010/jun/30/bangladesh-strikes-children-beaten-police
2010-07-01,03:19:00,ckmri,30,"Iran declares boycott on Coca Cola, Intel and 'Zionists' ",ynetnews.com,"http://www.ynetnews.com/articles/0,7340,L-3913247,00.html"
2010-07-01,20:54:19,ckwg4,34,Amnesty International Calls For Public Inquiry Into G20 Policing ,amnesty.ca,http://www.amnesty.ca/blog_post2.php?id=1813
2010-07-02,04:57:21,cl22z,32,Somalia in the Good Old Days,news.bbc.co.uk,http://news.bbc.co.uk/2/hi/world/africa/10465527.stm
2010-07-01,20:58:09,ckwh8,30,Two sentenced to death in Iran for killing demonstrators in custody,uk.reuters.com,http://uk.reuters.com/article/idUKTRE65T5FL20100630
2010-07-01,21:10:31,ckwkx,27,More men seek help with forced marriages,guardian.co.uk,http://www.guardian.co.uk/world/2010/jul/01/men-help-forced-marriages-rise
2010-07-01,09:45:09,ckqz7,23,G20 cops ‘threatened women with rape’,rawstory.com,http://rawstory.com/rs/2010/0630/g20-cops-threatened-women-rape/
2010-07-01,19:29:52,ckvs2,22,China strike wave continues ,english.aljazeera.net,http://english.aljazeera.net//news/asia-pacific/2010/07/2010718392208352.html
2010-07-02,02:00:51,ckzv2,14,"Sweden Ends Compulsory Military Service - Sweden on July 1 ended 109 years of obligatory military service, setting the Scandinavian nation on the way to becoming a fully professional army.",defensenews.com,http://www.defensenews.com/story.php?i=4694162&c=EUR&s=TOP
2010-07-01,20:53:22,ckwfl,14,Ryanair to sell £5 tickets for standing-room only flights ,telegraph.co.uk,http://www.telegraph.co.uk/travel/travelnews/7864921/Ryanair-to-sell-5-tickets-for-standing-room-only-flights.html
2010-07-02,01:45:51,ckzog,10,Finland has become the first country in the world to make broadband internet access a legal right for all citizens.,cnn.com,http://www.cnn.com/2010/TECH/web/07/01/finland.broadband/index.html?eref=igoogle_cnn
2010-07-01,22:45:32,ckxi9,10,"France is embarking on a grand experiment — how to diversify the overwhelmingly white “grandes écoles,” the elite universities that have produced French leaders in every walk of life ",nytimes.com,http://www.nytimes.com/2010/07/01/world/europe/01ecoles.html?ref=world
2010-07-01,19:07:23,ckvmc,11,Deaths in Turkey clashes with Kurds ,english.aljazeera.net,http://english.aljazeera.net/news/europe/2010/07/20107185021714110.html
2010-07-01,10:18:12,ckr9v,8,"UN summer camp in Gaza attacked - ""Two dozen masked men have vandalised a UN summer camp for children in Gaza, burning and slashing tents, toys and a plastic swimming pool.""",telegraph.co.uk,http://www.telegraph.co.uk/news/worldnews/middleeast/israel/7858673/UN-summer-camp-in-Gaza-attacked.html
2010-07-02,02:30:29,cl08f,6,"""‘If I had come here 10 years ago, what would have happened to me?’ He said, ‘We would have eaten you.’ But he knew it was funny, and we both laughed at that.” --At Ease in the Stone Age, on travel writing by William Zinsser ",theamericanscholar.org,http://www.theamericanscholar.org/at-ease-in-the-stone-age/
2010-07-01,15:06:46,cktwk,8,"How Britain's Attorney General Lord Goldsmith changed advice on legality of Iraq war
",belfasttelegraph.co.uk,http://www.belfasttelegraph.co.uk/news/local-national/how-lord-goldsmith-changed-advice-on-legality-of-iraq-war-14860463.html
2010-07-02,03:32:38,cl129,8,Taliban rules out peace talks: Why should we quit when you’re leaving?,dailymail.co.uk,http://www.dailymail.co.uk/news/worldnews/article-1291080/Taliban-rule-talks-Nato-Why-winning.html?ITO=1490
2010-07-01,20:24:54,ckw6v,8,Marihuana Law: Legalising v decriminalising pot,economist.com,http://www.economist.com/blogs/democracyinamerica/2010/06/marijuana_law
2010-07-02,03:00:05,cl0mb,5,Pakistan and Iran 'backing Afghan attacks on British troops' ,telegraph.co.uk,http://www.telegraph.co.uk/news/worldnews/asia/afghanistan/7865973/Pakistan-and-Iran-backing-Afghan-attacks-on-British-troops.html
2010-07-01,23:25:27,ckxyo,5,"UK to repatriate kids to war-torn homes: Amid immigration stresses, Britain plans to turn asylum-seekers away",globalpost.com,http://www.globalpost.com/dispatch/united-kingdom/100625/britain-children-immigration-deportation
