2010-12-20,01:09:20,eocz5,2158,"Visa, Mastercard and PayPal all enable donations to be made to US-registered groups funding illegal Israeli settlements in the West Bank in defiance of international law.",crikey.com.au,http://www.crikey.com.au/2010/12/13/funding-illegal-israeli-settlements-priceless/
2010-12-20,01:05:54,eocxk,471,All Internet porn “To be blocked” in the UK - Customers would have to request to get porn turned on,thenextweb.com,http://thenextweb.com/uk/2010/12/19/all-internet-porn-to-be-blocked-in-the-uk/
2010-12-20,08:57:10,eoiu9,191,"Assange: ""We have clearly stated motives, but they are not antiwar motives. We are not pacifists. We are transparency activists who understand that transparent government tends to produce just government. And that is our sort of modus operandi... to get out suppressed information into the public""",campaignforliberty.com,http://www.campaignforliberty.com/article.php?view=1245&discuss=1
2010-12-20,23:52:22,eot1s,146,"""Sweden gave us a home, treated us well, and offered us things that others, Arabs, non-Arabs, Muslims and non-Muslims, refrained from doing.""",washingtonpost.com,http://www.washingtonpost.com/wp-dyn/content/article/2010/12/17/AR2010121703606.html
2010-12-20,15:08:40,eonfl,122,WikiLeaks: India 'systematically torturing civilians in Kashmir',telegraph.co.uk,http://www.telegraph.co.uk/news/worldnews/wikileaks/8208084/WikiLeaks-India-systematically-torturing-civilians-in-Kashmir.html?sms_ss=reddit&at_xt=4d0f00dd5416ad31%2C0
2010-12-20,22:07:36,eorii,119,"Repression of Italian student protests: The specter of a police-state. ""Protests against education ""reform"" and Prime Minister Silvio Berlusconi's government last Tuesday in Rome were met with brutal force by Italian police and paramilitary units.""",wsws.org,http://www.wsws.org/articles/2010/dec2010/ital-d20.shtml
2010-12-20,23:52:58,eot23,96,"WikiLeaks cables: Diplomatic dispatches reveal world of smugglers, ex-military fixers and radioactive materials found in unlikely locations.",guardian.co.uk,http://www.guardian.co.uk/world/2010/dec/19/wikileaks-cables-us-nuclear-threat
2010-12-20,11:04:38,eokh1,51,John Pilger - The War You Don't See,vimeo.com,http://vimeo.com/17886210
2010-12-20,22:29:20,eorsz,51,Wikileaks:  Former UN secretary-general Kofi Annan offered Mr Robert Mugabe a lucrative retirement package in an overseas haven if he stood down as Zimbabwe's president,allafrica.com,http://allafrica.com/stories/201012200005.html
2010-12-20,04:19:28,eofdl,50,"Meanwhile in Belarus: Lukashenko wins, thousands protest, Nieklajeu beaten up (literally).",tiny.cc,http://tiny.cc/0pmj8
2010-12-20,08:23:54,eoify,52,South Korea island residents told to move to bunkers,reuters.com,http://www.reuters.com/article/idUSTRE6BI2AP20101220
2010-12-20,13:37:00,eom8b,43,(URGENT) S. Korea begins live-fire artillery drills from island near N. Korea,english.yonhapnews.co.kr,http://english.yonhapnews.co.kr/news/2010/12/20/0200000000AEN20101220001700315.HTML
2010-12-21,05:18:29,eoypu,46,"We all owe Israel's racist rabbis a vote of thanks - Rabbis who signed a ruling against leasing to Arabs have put an end to the notion of rabbinic authority and have freed us to be Jews on our own terms.
",haaretz.com,http://www.haaretz.com/blogs/a-special-place-in-hell/we-all-owe-israel-s-racist-rabbis-a-vote-of-thanks-1.330565
2010-12-20,19:00:26,eopqd,40,"HRW Report: “Palestinians face systematic discrimination because of their race, ethnicity, and national origin, depriving them of electricity, water, schools, and access to roads, while Jewish settlers enjoy all of these benefits”",juancole.com,http://www.juancole.com/2010/12/hrw-on-israeli-racial-discrimination-in-west-bank.html
2010-12-21,02:51:08,eow8n,35,British tuition hike: Jody McIntyre: 'What the government are trying to do is to widen the gap between the rich and the poor',guardian.co.uk,http://www.guardian.co.uk/commentisfree/video/2010/dec/20/jody-mcintyre-student-protest
2010-12-21,03:24:10,eowu8,35,Pope Says Sexual Abuse Scandal Has Hit Unimaginable Dimension,nytimes.com,http://www.nytimes.com/2010/12/21/world/europe/21pope.html?ref=world
2010-12-20,03:20:34,eoelp,34,10th human foot washes up on BC coast.,vancouversun.com,http://www.vancouversun.com/news/Tenth+severed+human+foot+found+Pacific+Northwest+beach/3982981/story.html
2010-12-20,10:03:28,eojon,32,"Former UK drug minister and Defense Minister Bob Ainsworth calls for all illegal drugs, including cocaine and heroin, to be legalized!!",stopthedrugwar.org,http://stopthedrugwar.org/chronicle/2010/dec/19/former_british_drug_czar_says_le
2010-12-20,17:17:49,eooto,29,India: The government cracks down on sex-selective abortions and proposes a cash-incentive plan to encourage families to have girls,globalpost.com,http://www.globalpost.com/dispatch/india/101216/female-feticide-sex-selective-abortions-gender-ratio
2010-12-20,20:07:09,eoqa3,26,"Officially, Belarus dictator Alexander Lukashenko won re-election with almost 80 percent of the vote on Sunday. The opposition, though, is accusing his government of massive fraud. Protesters in Minsk were savagely beaten and at least four opposition candidates have been arrested.",spiegel.de,"http://www.spiegel.de/international/europe/0,1518,735633,00.html#ref=rss"
2010-12-20,09:06:58,eoixz,23,Swedish government 'hid' anti-terror operations with America from Parliamentary Scrutiny,telegraph.co.uk,http://www.telegraph.co.uk/news/worldnews/wikileaks/8202745/WikiLeaks-Swedish-government-hid-anti-terror-operations-with-America-from-Parliament.html
2010-12-21,06:09:34,eozkn,19,"Cablegate: MPAA, RIAA, BSA weighed in on France’s Internet disconnection law | Raw Story",rawstory.com,http://www.rawstory.com/rs/2010/12/cablegate-mpaa-bsa-lobbied-frances-harsh-internet-law-very-important-key-copyright-fight/
2010-12-21,03:03:54,eowh4,19,Wikileaks: Sudan’s President Bashir ‘stole billions’ | NewsBreakingOnline.com,newsbreakingonline.com,http://newsbreakingonline.com/news/wikileaks-sudans-president-bashir-stole-billions.html
2010-12-20,17:14:37,eoos4,21,"In a clear violation of UN Sanctions, Chevron discussed oil project with Iran LAST YEAR!",guardian.co.uk,http://www.guardian.co.uk/world/2010/dec/15/wikileaks-chevron-iran-iraq-oilfield-claim
2010-12-20,22:01:26,eorfm,19,Europe Turns against Germany,spiegel.de,"http://www.spiegel.de/international/europe/0,1518,735604,00.html"
2010-12-20,19:16:10,eopvg,21,"28 killed in Mexico pipeline blast. ""Bodies were found ... but authorities didn't know if the dead were involved ... or just there by coincidence."" Seriously, how fucked is Mexico?",google.com,http://www.google.com/hostednews/ukpress/article/ALeqM5gPvUMFtC-cVKYPeZc8qqukE_OPLg?docId=N0230401292780491340A
2010-12-21,07:21:44,ep0px,18,"""Father of Great Firewall"" in China signs up for China's twitter-esque microblog site. Comments forced it to be taken down 3 hours later.",chinadigitaltimes.net,http://chinadigitaltimes.net/2010/12/netizens-force-fan-binxing-father-of-the-gfw-off-of-sina-microblog/
2010-12-20,16:01:42,eoo21,17,Raul Castro: `Socialism is the only guarantee Cuba will continue to be free and independent',links.org.au,http://links.org.au/node/2058
2010-12-20,22:55:14,eos5o,19,"A Silver Lining: North Korea agrees to let UN inspectors in to assess nuclear program, after SKorea's live-fire drills",globalpost.com,http://www.globalpost.com/dispatch/south-korea/101220/north-korea-nuclear-tensions-yeongpyeong
2010-12-20,08:44:45,eoioi,17,Chavez warns likely new US ambassador will be detained and put on the next flight home if he sets foot in Venezuela.,independent.co.uk,http://www.independent.co.uk/news/world/americas/chavez-would-expel-us-ambassador-2164860.html
