2010-02-16,13:30:45,b2js3,666,Human bones could reveal truth of Japan's 'Unit 731' experiments,telegraph.co.uk,http://www.telegraph.co.uk/news/worldnews/asia/japan/7236099/Human-bones-could-reveal-truth-of-Japans-Unit-731-experiments.html
2010-02-16,15:53:03,b2lak,329,"British Columnist : ""We not only have a right to use torture, we have a duty."" The arrogant bastard goes on to suggest and justify torturing the ""wife and children"". ",independent.co.uk,http://www.independent.co.uk/opinion/commentators/bruce-anderson/bruce-anderson-we-not-only-have-a-right-to-use-torture-we-have-a-duty-1899555.html
2010-02-16,19:48:22,b2nio,251,"This is fucking terrifying: the man who led the 
peaceful demonstration against the Mohammad 
cartoons in Oslo last Friday says that gays deserve 
to be stoned to death. (Article inside)",self.worldnews,https://www.reddit.com/r/worldnews/comments/b2nio/this_is_fucking_terrifying_the_man_who_led_the/
2010-02-16,20:54:05,b2o5b,118,CCTV shows 'international hit squad' at work in Dubai,youtube.com,http://www.youtube.com/watch?v=rRZdoIaNoXU&feature=player_embedded
2010-02-17,00:35:57,b2qw2,95,BBC presenter Ray Gosling admits on live television that he killed AIDS-stricken lover.,mediaite.com,http://www.mediaite.com/online/bbc-news-presenter-shocking-on-air-confession-i-killed-someone-once/
2010-02-16,23:27:54,b2pvt,80,"Dubai names suspects wanted for killing of Hamas commander: Arrest warrants for 11 ""Israeli agents with European passports""",news.bbc.co.uk,http://news.bbc.co.uk/2/hi/middle_east/8516901.stm
2010-02-17,01:27:51,b2rm2,52,The government seems intent on pressing ahead with the use of body scanners without addressing any of the privacy concerns and safeguard issues raised.  The commission is right to suggest that security measures cannot simply be introduced without due respect for the rule of law.,news.bbc.co.uk,http://news.bbc.co.uk/2/hi/uk_news/8516574.stm
2010-02-17,05:44:18,b2uxl,49,Icelandic resolution could legally make the country a haven for protection of freedoms of expression and information.  ,immi.is,http://www.immi.is/
2010-02-17,01:32:57,b2ro7,50,"""Amnesty International has lost sight of its original purpose ... It's now incumbent on any member who takes the original charter seriously to withdraw funding until Begg is cut loose ... and until Sahgal has been reinstated.""",slate.com,http://www.slate.com/id/2244802
2010-02-16,14:26:56,b2ke3,46,European hit squad killed Hamas leader,independent.co.uk,http://www.independent.co.uk/news/world/middle-east/european-hit-squad-killed-hamas-leader-1900557.html
2010-02-17,01:05:14,b2rb2,45,Suspected killers of Hamas official Mahmoud al-Mabhouh were travelling on fake passports. Includes passport photos.,news.bbc.co.uk,http://news.bbc.co.uk/2/hi/middle_east/8518481.stm
2010-02-17,03:33:42,b2t9u,38,"Seeds of discontent: the 'miracle' crop that has failed to deliver---A new 'ethical' biofuel is damaging the impoverished people it was supposed to help
",independent.co.uk,http://www.independent.co.uk/environment/green-living/seeds-of-discontent-the-miracle-crop-that-has-failed-to-deliver-1899530.html
2010-02-16,18:15:12,b2mky,34,British sources: Three Irish passport-holders accused of taking part in the assassination of a Hamas commander in Dubai were most likely Mossad agents carrying false documentation,haaretz.com,http://www.haaretz.com/hasen/spages/1150127.html
2010-02-17,07:23:42,b2w0q,34,Dubai Hamas assassination: a smiling killer and mystery of forged UK passports,telegraph.co.uk,http://www.telegraph.co.uk/news/worldnews/middleeast/dubai/7253413/Dubai-Hamas-assassination-a-smiling-killer-and-mystery-of-forged-UK-passports.html
2010-02-16,22:34:46,b2p7m,29,French authorities deliberately exposed soldiers to nuclear testing in the Sahara,news.bbc.co.uk,http://news.bbc.co.uk/2/hi/europe/8518348.stm
2010-02-16,21:13:19,b2obt,30,I recently discovered the War Nerd.  I wish this guy was still around.  Good article on the strategy of the Iraq War.,exile.ru,http://exile.ru/articles/detail.php?ARTICLE_ID=18297&IBLOCK_ID=35
2010-02-17,06:01:10,b2v56,29,"Yet another plot twist to the Dubai assassination: at least 5 Israelis share names with assassins, but photos don't match, and they still have their passports. ",haaretz.com,http://www.haaretz.com/hasen/spages/1150184.html
2010-02-17,05:40:04,b2uvx,23,Argentina has said any boat sailing between it and the Falkland Islands will now need a government permit.,news.bbc.co.uk,http://news.bbc.co.uk/2/hi/business/8518982.stm
2010-02-16,13:59:59,b2k3m,16,"Top Taliban commander captured, U.S. official says",cnn.com,http://www.cnn.com/2010/WORLD/asiapcf/02/16/taliban.commander.captured/index.html?hpt=T1
2010-02-17,01:12:24,b2red,15,Soldiers take time out from war to treat 7-year-old caught in crossfire,today.msnbc.msn.com,http://today.msnbc.msn.com/id/35408016/ns/world_news-south_and_central_asia/?ns=world_news-south_and_central_asia
2010-02-16,18:23:53,b2mo9,14,US Marines and Afghan troops are bogged down by sniper fire and home-made bombs on the third day of their biggest offensive since the overthrow of the Taleban in 2001,timesonline.co.uk,http://www.timesonline.co.uk/tol/news/world/afghanistan/article7028205.ece
2010-02-17,00:44:34,b2r05,19,"New Delhi, India known as ""rape capital"" of South Asia as the practice of ""Eve Teasing"" continues unabated, or why some Indian men can't take a hint. ",globalpost.com,http://www.globalpost.com/dispatch/india/100212/love-sex-india
2010-02-16,05:50:10,b2fct,13,Iran Defends Human Rights Record Before U.N. Council ,nytimes.com,http://www.nytimes.com/2010/02/16/world/middleeast/16geneva.html
2010-02-16,17:28:55,b2m4n,9,'Iran Won't Simply Sit There and Accept an Attack',spiegel.de,"http://www.spiegel.de/international/world/0,1518,677837,00.html"
2010-02-17,02:40:51,b2sk1,10,An 11-person team of trained killers with European passports carried out the assassination of a senior Hamas official in a Dubai hotel.,nytimes.com,http://www.nytimes.com/2010/02/16/world/middleeast/16briefs-Dubai.html
2010-02-17,00:33:51,b2quv,8,"""I picked up the pillow and smothered him until he was dead."" A TV presenter's on-air confession that he killed his ailing lover is to be investigated by Nottinghamshire Police.",news.bbc.co.uk,http://news.bbc.co.uk/2/hi/uk_news/england/nottinghamshire/8517800.stm
2010-02-16,05:11:38,b2eye,11,Switzerland to Gadaffi: You are not welcome here. Gadaffi to most of Europe: You are not welcome HERE,af.reuters.com,http://af.reuters.com/article/idAFJOE61E0DR20100215
2010-02-16,21:13:28,b2obu,7,"Team of 11 Europeans killed senior Hamas leader, claims Dubai police chief",dailymail.co.uk,http://www.dailymail.co.uk/news/worldnews/article-1251260/Team-11-Europeans-killed-senior-Hamas-leader-claims-Dubai-police-chief.html
2010-02-17,06:07:58,b2v78,10,"Dear Worldnews, I submit to you photos/videos/stories of a Google-mapped trip along the longest railroad in the world: the Trans-Siberian Railroad.",google.ru,http://www.google.ru/intl/ru/landing/transsib/en.html
2010-02-16,18:58:16,b2n1n,10,Iran: US acting as military dictatorship in the Middle East,presstv.ir,http://www.presstv.ir/detail.aspx?id=118729&sectionid=351020101
