2010-03-11,06:03:39,bbsi6,1543,"I know it has been said before, but Al Jazeera English is one of the best news outlets out there.  It's a shame most Americans think they're in cahoots with terrorists.",self.worldnews,https://www.reddit.com/r/worldnews/comments/bbsi6/i_know_it_has_been_said_before_but_al_jazeera/
2010-03-11,23:09:41,bc3fz,628,Breaking: Second Earthquake Strikes Chile - Magnitude 7.2,earthquake.usgs.gov,http://earthquake.usgs.gov/earthquakes/recenteqsww/Quakes/us2010tsa6.php
2010-03-11,18:50:54,bc0lk,330,50-year french mystery of the 'cursed bread' solved: CIA spiked the bread with LSD as part of an experiment,telegraph.co.uk,http://www.telegraph.co.uk/news/worldnews/europe/france/7415082/French-bread-spiked-with-LSD-in-CIA-experiment.html
2010-03-11,22:30:45,bc2yt,310,"A new government commercial currently running on one of Britain’s most popular radio stations is selling one thing – fear – by encouraging Londoners to report their neighbors as terrorists if they use cash, enjoy their privacy, or even close their curtains.",prisonplanet.com,http://www.prisonplanet.com/use-cash-and-enjoy-privacy-youre-a-terrorist.html
2010-03-11,01:02:29,bboih,101,"This photos are taken in the mental institution, and you will get to see that most of the people are with some physical disability too. The conditions are terrible and this people don’t get the proper medical care.",stellasmagazine.com,http://www.stellasmagazine.com/black-and-white-photos-of-a-mental-institution-in-kosovo/
2010-03-11,17:19:51,bbzpm,67,"""The Devil resides in the Vatican"" says Vatican Chief Exorcist.",telegraph.co.uk,http://www.telegraph.co.uk/news/worldnews/europe/vaticancityandholysee/7416458/Chief-exorcist-says-Devil-is-in-Vatican.html
2010-03-11,20:53:21,bc1vh,47,Facebook may sue the Daily Mail - Awesome! ,guardian.co.uk,http://www.guardian.co.uk/media/2010/mar/11/facebook-daily-mail
2010-03-11,09:41:05,bbuto,26,Joe Biden: Israel undermining peace effort,english.aljazeera.net,http://english.aljazeera.net/news/middleeast/2010/03/2010310124817810475.html
2010-03-11,12:47:00,bbwwj,28,"Poll asked ""Should whether Arab citizens should be granted rights equal to that of Jews in Israel?"" 49.5% of Israeli high school students answered NO.",haaretz.com,http://www.haaretz.com/hasen/spages/1155627.html
2010-03-11,21:11:29,bc22a,24,(France) Teacher Sprayed with Gas after Denouncing al-Qaeda...,iol.co.za,http://www.iol.co.za/index.php?set_id=1&click_id=24&art_id=nw20100309221735216C819697
2010-03-12,04:00:05,bc7i2,23,"The human rights situation in Iran has rapidly degenerated into government-led ""killings of election protesters and acts of politically motivated torture, beatings and rape""",nytimes.com,http://www.nytimes.com/2010/03/12/world/12rights.html?src=twt&twt=nytimes
2010-03-11,15:57:12,bbyxt,17,Israel's Labor Party may quit the governing coalition over settlement decision.,france24.com,http://www.france24.com/en/20100311-labour-party-may-quit-ruling-coalition-over-settlement-decision-israel
2010-03-11,12:16:05,bbwjc,13,"Behold! The World's Most Traveled Man: 806 ""countries"" in ten years.",guardian.co.uk,http://www.guardian.co.uk/theobserver/2010/feb/28/charles-veley-most-travelled-person
2010-03-12,03:49:08,bc7cp,12,Morocco says it will take a tough line on proselytizing -- two days after 20 Christians are expelled for trying to convert children,news.bbc.co.uk,http://news.bbc.co.uk/2/hi/africa/8563111.stm?flv=1
2010-03-12,06:50:07,bc9lq,11,8 reporters kidnapped in Mexican city,sfgate.com,http://www.sfgate.com/cgi-bin/article.cgi?f=/n/a/2010/03/10/international/i212004S57.DTL&tsp=1#ixzz0hqvHT1a4
2010-03-11,19:17:31,bc0uc,12,China now has more billionaires than any other country besides the United States,news.bbc.co.uk,http://news.bbc.co.uk/2/hi/asia-pacific/8561433.stm
2010-03-12,07:32:41,bca3o,9,Palestinian Loss of Land: 1946-2000,andrewsullivan.theatlantic.com,http://andrewsullivan.theatlantic.com/.a/6a00d83451c45669e20120a92772f6970b-popup
2010-03-11,19:33:37,bc104,11,Murdoch(jnr): illegal downloading no different from stealing a handbag ,guardian.co.uk,http://www.guardian.co.uk/media/2010/mar/10/murdoch-illegal-dowloading-stealing-handbag
2010-03-11,08:21:27,bbtzf,11,Hungary criminalises holocaust denial - Truth needs no 'law' to protect it.,independent.co.uk,http://www.independent.co.uk/news/world/europe/hungary-criminalises-holocaust-denial-1907713.html
2010-03-11,09:10:28,bbuhv,12,Iran unveils new cruise missile,english.aljazeera.net,http://english.aljazeera.net/news/middleeast/2010/03/201037133643451414.html
2010-03-12,01:26:51,bc5dv,12,"7 Years After Killing, Family of Slain US Peace Activist Rachel Corrie Heads to Israel for Wrongful Death Suit Against Israeli Gov’t",democracynow.org,http://www.democracynow.org/2010/3/10/family_of_slain_us_peace_activist
2010-03-11,20:19:41,bc1hm,7,Nationwide strike brings Greece to a standstill ,france24.com,http://www.france24.com/en/20100311-greece-nationwide-strike-unions-ground-flights-government-spending-cuts-papandreou
2010-03-11,23:27:33,bc3oy,9,"""Angry China blasts Dalai Lama's speech"" -> what are your views on the Tibet issue?",af.reuters.com,http://af.reuters.com/article/worldNews/idAFTRE62A0Z020100311
2010-03-12,06:59:47,bc9pp,9,Battle Ground Athens: second general strike leads to pitched battles | libcom.org,libcom.org,http://libcom.org/news/battle-ground-athens-second-general-strike-leads-pitched-battles-11032010
2010-03-12,04:58:42,bc8ap,5,"Why the Greeks are protesting: Cuts in ""bonus pay"" bite into income that civil servants rely on",globalpost.com,http://www.globalpost.com/dispatch/europe/100311/greece-economy-civil-servant-pay
2010-03-12,04:37:53,bc809,6,"ANC defends 'Kill the Boer' song - The ruling ANC defended youth leader Julius Malema for singing, ""shoot the boers, they are rapists"", saying the lyrics of the song had been quoted out of context.",timeslive.co.za,http://www.timeslive.co.za/local/article350207.ece
2010-03-11,09:35:19,bburm,7,"Climate change is a fact, says China",abc.net.au,http://www.abc.net.au/news/stories/2010/03/11/2842415.htm
2010-03-11,09:48:13,bbuwt,6,PM Berlusconi's party has been excluded from taking part in upcoming regional polls after missing a deadline to submit candidates because the responsible was 'eating a sandwich'. A furious Berlusconi blames the fiasco on judges and the opposition.,dw-world.de,"http://www.dw-world.de/dw/article/0,,5340129,00.html"
2010-03-12,07:18:07,bc9xq,5,World's oldest dram unveiled in Scotland,abc.net.au,http://www.abc.net.au/news/stories/2010/03/12/2843786.htm
2010-03-11,20:58:46,bc1xl,4,NATO liberated a 'city' that doesn't exist,counterfire.org,https://www.counterfire.org/index.php/news/82-stop-the-war/4085-nato-liberated-a-city-that-doesnt-exist
