2010-07-18,10:42:10,cqrzv,467,"On Monday, The Washington Post (c/o Wikileaks) is going to publish an interactive website exposing Top Secret Federal government contractor details",washingtontimes.com,http://www.washingtontimes.com/blog/watercooler/2010/jul/16/put-content-here/
2010-07-18,22:15:44,cqvsp,336,EU Authorities announces that implementation of Net Surveillance Directive is unlawful: Directive compels all ISPs and telecos in Europe to retain telecom and internet traffic data of their customers,eff.org,http://www.eff.org/deeplinks/2010/07/eu-authorities
2010-07-18,03:21:07,cqoyp,207,"""My project has saved BP 
so far no recognition "" - Les Goldstein, the plumber who invented the cap. (translated article)",translate.google.com,http://translate.google.com/translate?js=y&prev=_t&hl=en&ie=UTF-8&layout=1&eotf=1&u=http://www.lastampa.it/redazione/cmsSezioni/esteri/201007articoli/56795girata.asp&sl=it&tl=en
2010-07-18,22:54:44,cqw05,180,In October Scotland’s new Sexual Offences Act will come into force: It will be illegal to communicate with someone sexually – either in writing or in speech – without obtaining their consent...,opendemocracy.net,http://www.opendemocracy.net/ourkingdom/reuben-bard-rosenberg/%E2%80%9Cdo-i-have-your-permission-to-say-something-sexual%E2%80%9D-%E2%80%93-scotland%E2%80%99s-ne
2010-07-18,15:47:13,cqtxz,155,Britain will not introduce law banning women from wearing the burka - such a move would be “rather un-British”,telegraph.co.uk,http://www.telegraph.co.uk/news/newstopics/politics/7896751/Burka-ban-ruled-out-by-immigration-minister.html
2010-07-18,10:11:45,cqrve,97,Details of techniques used to inflict pain deliberately on children in privately run jails have been revealed for the first time.,guardian.co.uk,http://www.guardian.co.uk/society/2010/jul/18/guide-punishing-jailed-youths
2010-07-18,23:39:25,cqwaa,75,"How Iron Maiden Can Save The World - ""[Iron Maiden] and the fans, we're like one big family,"" said Bruce Dickinson, echoing the words of amazement an Egyptian friend of mine uttered when we first saw the scene in Dubai. ""Finally, a real community,"" he said with an almost palpable feeling of joy.",english.aljazeera.net,http://english.aljazeera.net/focus/2010/07/20107141228294465.html
2010-07-18,12:35:27,cqsrg,70,Uzbek women accuse state of mass sterilizations,washingtonpost.com,https://www.washingtonpost.com/wp-dyn/content/article/2010/07/17/AR2010071702694.html
2010-07-18,21:03:21,cqvdz,62,"Why States Should Never Enforce Religious Law: Israeli police arrested woman for reading the Torah at the Western wall, which orthodox Jews say is forbidden by the Bible",scienceblogs.com,http://scienceblogs.com/dispatches/2010/07/why_states_should_never_enforc.php
2010-07-18,21:37:27,cqvkp,55,"Hamas are banning women from smoking water pipes in cafes, claiming it violates tradition and leads to divorce.",google.com,http://www.google.com/hostednews/ap/article/ALeqM5jpga-7RV1tcIeMVBC4ic-N09aKvQD9H1BGE00
2010-07-18,18:04:49,cqun6,51,"Defying Church, Argentina Legalizes Gay Marriage: President Cristina Fernández staked her political reputation on passing the law, deepening her often bitter feud with the country's Catholic hierarchy",time.com,"http://www.time.com/time/world/article/0,8599,2004036,00.html"
2010-07-18,16:26:01,cqu5q,52,Wanted by the CIA: The man who keeps no secrets (Julian Assange tells Matthew Bell why governments fear Wikileaks),independent.co.uk,http://www.independent.co.uk/news/media/online/wanted-by-the-cia-the-man-who-keeps-no-secrets-2029083.html
2010-07-18,08:02:13,cqr1l,39,Car bomb in Mexican drug war changes ground rules,google.com,http://www.google.com/hostednews/ap/article/ALeqM5gMi5B2USfJStXxfqgWWr2xjRYpOgD9H12AUG0
2010-07-18,01:50:41,cqo8h,31,Chinese oil pipeline explodes,telegraph.co.uk,http://www.telegraph.co.uk/news/worldnews/asia/china/7896176/Chinese-oil-pipeline-explodes.html
2010-07-18,16:02:19,cqu1g,27,Literal Blowback: Weapons Sent To Central American Fascists During The Cold War Are Now Being Used By Drug Cartels Against Local Governments And American DEA Agents,balloon-juice.com,http://www.balloon-juice.com/2010/07/17/blowback-literally/
2010-07-18,12:24:46,cqsp3,27,Child prison secret restraint tactics 'revealed',bbc.co.uk,http://www.bbc.co.uk/news/uk-10675034
2010-07-18,16:15:57,cqu3u,23,"Unicef report: Rise in African children accused of witchcraft. Some as young as eight have been been burned, beaten and even killed as punishment",bbc.co.uk,http://www.bbc.co.uk/news/world-africa-10671790
2010-07-18,23:04:02,cqw23,21,South Korea counts the cost of being the most wired nation on earth ,theage.com.au,http://www.theage.com.au/world/south-korea-counts-the-cost-of-being-the-most-wired-nation-on-earth-20100717-10fcu.html
2010-07-18,20:25:17,cqv7x,18,"Listening to Global Voices - Ethan Zuckerman TED talk, about the global flow of news and information.",ted.com,http://www.ted.com/talks/ethan_zuckerman.html
2010-07-18,20:36:01,cqv9s,14,"The mother of a German soldier killed while on duty in Afghanistan is trying to sue the government over his death, accusing the army of having sent his unit into danger without sufficient equipment or backup.",thelocal.de,http://www.thelocal.de/national/20100718-28581.html
2010-07-18,08:10:49,cqr3k,15,The Saudi succession: When kings and princes grow old ,economist.com,http://www.economist.com/node/16588422
2010-07-18,11:18:19,cqs9d,12,Iran Says Pakistan Is Harboring Rebels,nytimes.com,http://www.nytimes.com/2010/07/18/world/middleeast/18mosque.html
2010-07-19,06:48:09,cqzvi,12,Hurricane drowns Mexico's economy - Destruction could be costliest in country's history,globalpost.com,http://www.globalpost.com/dispatch/mexico/100717/hurricane-mexican-economy
2010-07-18,22:32:01,cqvvd,12,Why Venezuela's Chavez Dug Up Bolivar's Bones?,time.com,"http://www.time.com/time/world/article/0,8599,2004526,00.html"
2010-07-18,20:17:24,cqv6r,10,"Baghdad suicide bomber kills at least 43 people and injured 40 more....Meanwhile, there are fears that the political uncertainty could hinder the planned withdrawal of all US combat troops from Iraq .",bbc.co.uk,http://www.bbc.co.uk/news/world-middle-east-10675723
2010-07-18,13:33:15,cqt4s,9,Pakistan: Losing lives to form trade unions,links.org.au,http://links.org.au/node/1796
2010-07-18,08:34:52,cqr9g,11,Hundreds killed in Darfur fighting ,english.aljazeera.net,http://english.aljazeera.net/news/africa/2010/07/2010717104036168749.html
2010-07-18,01:51:11,cqo8p,9,Chinese port burns for 15 hours after pipeline blasts,edition.cnn.com,http://edition.cnn.com/2010/WORLD/asiapcf/07/17/china.port.fire/?fbid=R4fnYO-2e02
2010-07-18,19:16:36,cquxf,8,Tonga overturns British judge's flogging sentence ,independent.co.uk,http://www.independent.co.uk/news/world/australasia/tonga-overturns-british-judges-flogging-sentence-2029421.html
2010-07-18,20:03:42,cqv4k,8,Suicide bombers target Iraq militia - A suicide bomber has killed at least 43 people and wounded another 40 in western Baghdad,english.aljazeera.net,http://english.aljazeera.net/news/middleeast/2010/07/20107187948524335.html
