2010-07-09,03:31:33,cndxh,461,Iran: woman 'adulterer' will not face stoning,channel4.com,http://www.channel4.com/news/articles/politics/international_politics/appeals+to+stop+iran+stoning+woman+aposadultererapos/3703682
2010-07-09,00:40:33,cnbmk,447,PROMISES BROKEN: Hundreds of fishermen don’t get their BP checks,perilousnation.com,http://www.perilousnation.com/promises-broken-hundreds-of-fishermen-dont-get-their-bp-checks/
2010-07-09,22:30:39,cnowh,390,"BP has 24 hours to give answers on oil well, US government says",news.bbc.co.uk,http://news.bbc.co.uk/2/hi/business/10556039.stm
2010-07-09,02:36:21,cnd54,247,Companies brace for end of cheap made-in-China era,finance.yahoo.com,http://finance.yahoo.com/news/Companies-brace-for-end-of-apf-2437567795.html?x=0&sec=topStories&pos=3&asset=&ccode=
2010-07-09,12:30:54,cnk1e,147,Australian Government Temporarily Backs Down on the Internet Filter Issue.,theage.com.au,http://www.theage.com.au/technology/technology-news/conroy-backs-down-on-net-filters-20100709-10381.html
2010-07-09,07:29:02,cngxs,143,"""In all [last week], the Chinese military awoke to find as many as 462 new Tomahawks deployed by the U.S. in its neighborhood.""",news.yahoo.com,http://news.yahoo.com/s/time/08599200237800
2010-07-10,03:13:21,cnsmv,135,Iran to U.S.: No talks until you clarify stance on Israel nukes - Iranian President Mahmoud Ahmadinejad said on Thursday that the United States must make its position on Israel's nuclear strategy clear before talks on Tehran's atomic program could resume.,haaretz.com,http://www.haaretz.com/news/diplomacy-defense/iran-to-u-s-no-talks-until-you-clarify-stance-on-israel-nukes-1.300926
2010-07-09,19:22:50,cnnab,73,"
STOP BUYING FOOD PRODUCTS MADE IN CHINA...

Chinese authorities have seized 64 tonnes of milk powder and products laced with the same deadly toxic additive that sparked an uproar in 2008.",abc.net.au,http://www.abc.net.au/news/stories/2010/07/09/2949786.htm?section=justin
2010-07-09,13:44:33,cnkq5,70,"Russian-built submersibles would be able to cap the oil leak in the Gulf of Mexico, the captain of one of the vessels has said",news.bbc.co.uk,http://news.bbc.co.uk/1/hi/science_and_environment/10564798.stm
2010-07-09,23:13:45,cnpfb,26,China renews Google's license,wired.com,http://www.wired.com/epicenter/2010/07/china-renews-googles-license/?utm_source=feedburner&utm_medium=feed&utm_campaign=Feed:+wired/index+(Wired:+Index+3+(Top+Stories+2))&utm_content=Google+Reader
2010-07-10,01:35:08,cnrao,25,"Poverty within white South Africa, in pictures",boston.com,http://www.boston.com/bigpicture/2010/07/poverty_within_white_south_afr.html
2010-07-10,06:43:47,cnv6f,19,"Here is the cached post the UK and US don't want any body to see. Fadelalah was a decent man, from  the  lady who knew/met him several times, he is no spiritual leader of Hizbulah.",webcache.googleusercontent.com,http://webcache.googleusercontent.com/search?q=cache:TFmI-tgOGuoJ:blogs.fco.gov.uk/roller/guy/entry/the_passing_of_decent_men+Frances+Guy
2010-07-09,13:06:57,cnkcq,20,BBC News - Iran woman escapes stoning death for adultery,news.bbc.co.uk,http://news.bbc.co.uk/2/hi/world/middle_east/10565103.stm
2010-07-10,04:13:33,cntg0,18,"things are getting hot : UK deletes a blog post made by their ambassador in lebanon (Frances Guy) that praises late Grand Ayatollah Mohammed Hussein Fadlallah, Lebanon's top Shiite cleric",salon.com,http://www.salon.com/wires/allwires/2010/07/09/D9GRF5L82_eu_britain_lebanon_fadlallah/index.html
2010-07-10,00:02:54,cnq10,18,Italian journalists strike over Berlusconi wiretap bill,news.bbc.co.uk,http://news.bbc.co.uk/2/hi/world/europe/10568331.stm
2010-07-09,21:37:46,cnob7,18,PAKISTAN: A trade union leader and his brother are murdered during strike negotiations,ahrchk.net,http://www.ahrchk.net/ua/mainfile.php/2010/3500/
2010-07-09,19:55:02,cnnht,17,"Haryana, the caste barrier is broken. A Dalit elected head of an Indian village",asianews.it,"http://www.asianews.it/news-en/Haryana,-the-caste-barrier-is-broken.-A-Dalit-elected-head-of-an-Indian-village-18889.html"
2010-07-09,11:18:06,cnj9q,15,Bookstore CEO and wife of billionaire saves Iranian woman from stoning.,theglobeandmail.com,http://www.theglobeandmail.com/news/world/africa-mideast/heather-reisman-spearheads-11th-hour-bid-to-save-iranian-woman-from-stoning/article1633348/
2010-07-09,19:50:11,cnngo,14,Japan increases its airspace at the expense of Taiwan,asianews.it,http://www.asianews.it/news-en/Japan-increases-its-airspace-at-the-expense-of-Taiwan-18890.html
2010-07-10,05:47:45,cnuk8,10,Israel is still bitching against anyone who mourns the Lebanese deceased cleric,news.bbc.co.uk,http://news.bbc.co.uk/1/hi/world/middle_east/10572025.stm
2010-07-09,22:43:46,cnp26,16,Well-known human rights organization denounces CNN's firing of Mideast editor,ynetnews.com,"http://www.ynetnews.com/articles/0,7340,L-3917467,00.html"
2010-07-09,11:28:31,cnjds,13,"This kid can't catch a break: horrible name, horrible father, horrible timing to commit a horrible act and now a horrible time in prison. ",news.com.au,http://www.news.com.au/national/pizza-delivery-boys-jail-nightmare/story-e6frfkvr-1225889662902
2010-07-09,22:36:36,cnozh,13,Deep Throat - The depravity of Major League Eating. ,slate.com,http://www.slate.com/id/2259695
2010-07-09,21:03:27,cno0g,13,BBC News - UK envoy's praise for Lebanon cleric draws Israel anger,news.bbc.co.uk,http://news.bbc.co.uk/2/hi/world/middle_east/10572025.stm
2010-07-10,03:45:31,cnt2p,8,Eighth Mexican Journalist Murdered since Beginning of Year,freemedia.at,http://www.freemedia.at/press-room/public-statements/press-releases/singleview/5041/
2010-07-09,21:51:01,cnofq,10,"CNN fires British ambassador for praising deceased 
Lebanon cleric",news.bbc.co.uk,http://news.bbc.co.uk/2/hi/middle_east/10572025.stm
2010-07-09,22:48:45,cnp52,10,Suicide Attack Kills At Least 56 in Pakistani Tribal Village,voanews.com,http://www1.voanews.com/english/news/asia/Bombings-Kills-More-Than-50-in-Northwest-Pakistan-98098719.html
2010-07-09,22:47:58,cnp4k,10,UFO in China has 'military connection': Official,timesofindia.indiatimes.com,http://timesofindia.indiatimes.com/World/China/UFO-in-China-has-military-connection-Official/articleshow/6146544.cms
2010-07-09,21:25:21,cno70,7,Suicide blasts kill more than 55 in Pakistan tribal region,latimes.com,"http://www.latimes.com/news/nationworld/world/la-fgw-pakistan-blasts-20100710,0,7026300.story"
2010-07-10,01:30:16,cnr8d,7,Venezuela arrests two for spreading false rumors about the country's banking system on Twitter.,msnbc.msn.com,http://www.msnbc.msn.com/id/38157658
