2010-04-29,00:51:45,bxazn,641,China has lost a 2000 Olympics bronze medal because the gymnast was proven to have been underage.,news.bbc.co.uk,http://news.bbc.co.uk/sport2/hi/other_sports/gymnastics/8649850.stm
2010-04-29,23:02:13,bxub3,371,Women flock to Senegal for sex,globalpost.com,http://www.globalpost.com/dispatch/senegal/100428/senegal-news-sex-tourism
2010-04-29,17:55:11,bxowt,294,"When Palestinians violently react to Israels criminal behavior they're murdered by Israel, when they peacefully react they're murdered by Israel but with much less coverage",btselem.org,http://www.btselem.org/English/Gaza_Strip/20100426_Demonstrator_shot_to_Death_In_Gaza.asp
2010-04-29,11:26:55,bxjf9,299,"To people bitching about CNN, it sucks, so just stop watching it and checking their site.",self.worldnews,https://www.reddit.com/r/worldnews/comments/bxjf9/to_people_bitching_about_cnn_it_sucks_so_just/
2010-04-29,22:51:52,bxu25,276,"  Can You Disappear In Surveillance Britain?

Briton shocked by government data-gathering, angered by ubiquitous closed-circuit television, tries to disappear for a month, pays detectives to track him down. Publicity stunt, but revealing
",women.timesonline.co.uk,http://women.timesonline.co.uk/tol/life_and_style/women/the_way_we_live/article7096105.ece
2010-04-29,05:14:19,bxf3z,208,Israeli Soldier Sprays Pepper Spray Directly Into The Eyes Of Handcuffed Palestinean Youth (PIC) ,saudigazette.com.sa,http://www.saudigazette.com.sa/index.cfm?method=home.regcon&contentID=2010042870683
2010-04-29,19:25:40,bxql0,162,Taliban leader has been killed seven times by US,news.antiwar.com,http://news.antiwar.com/2010/04/28/report-hakimullah-mehsud-still-basically-ok/
2010-04-30,00:35:27,bxw2q,80,"Many observers assign a large part of the blame for the 2008 financial crisis to the ""big three"" credit rating agencies, which gave their AAA seal of approval to worthless investments. Now those same agencies are helping to bring the euro zone to its knees -- and no one is trying to stop them",spiegel.de,"http://www.spiegel.de/international/business/0,1518,692007,00.html"
2010-04-29,21:53:09,bxt7i,69,"""The precepts of any one religion – any belief system – cannot, by force of their religious origins, sound any louder in the general law than the precepts of any other. If they did, those out in the cold would be less than citizens..."" UK Law keeps religion at bay - hooray!",guardian.co.uk,http://www.guardian.co.uk/uk/2010/apr/29/court-dismisses-christian-employment-appeal
2010-04-29,21:53:22,bxt7o,66,Newest Israeli Tourism Map wipes away West Bank. ,daoudkuttab.com,http://www.daoudkuttab.com/?p=621
2010-04-29,01:15:41,bxbdo,44,"Spain downgraded, Europe debt crisis widens",finance.yahoo.com,http://finance.yahoo.com/news/Spain-debt-downgraded-by-apf-1816859080.html?x=0&.v=27
2010-04-29,10:22:11,bxip8,34,Drone pilots could be tried for war crimes.,wired.com,http://www.wired.com/dangerroom/2010/04/drone-pilots-could-be-tried-for-war-crimes-law-prof-says/
2010-04-29,08:17:15,bxhee,38,Israeli soldiers Wednesday opened fire on a group on non-violent protesters in Gaza killing a 20-year old Palestinian.,haaretz.com,http://www.haaretz.com/hasen/spages/1166006.html
2010-04-29,07:41:44,bxh0v,30,"""The so-called Vatican City, a political nonentity covering about 0.17 square miles of Rome, was created by Benito Mussolini in 1929 as part of his sweetheart deal between fascism and the papacy.  ... Its bogus claim to statehood is now being used to give asylum to men like Cardinal Law.""",newsweek.com,http://www.newsweek.com/id/236934
2010-04-29,17:56:30,bxoxk,30,"Gaza tunnel deaths: 4 die in smuggling tunnel after toxic gas pumped in, then dynamite used to blow it up.",english.aljazeera.net,http://english.aljazeera.net/news/middleeast/2010/04/201042951936560680.html
2010-04-30,01:10:26,bxwp1,29,Bishop: Priests think child abuse 'doesn't break celibacy',trueslant.com,http://trueslant.com/allisonkilkenny/2010/04/29/bishop-priests-think-child-abuse-doesnt-break-celibacy/
2010-04-29,23:43:34,bxv5d,26,"Report: Afghan violence up 90% | 
Defense officials see 'encouraging trends' even with 240% spike in IED's.",afghanistan.blogs.cnn.com,http://afghanistan.blogs.cnn.com/2010/04/29/report-violence-up-90-percent-in-last-year/?hpt=T2
2010-04-29,21:23:14,bxsls,19,Flocking eastern European here. Just sayin' - Wrong reaction to Brown.,guardian.co.uk,http://www.guardian.co.uk/commentisfree/2010/apr/29/gillian-duffy-eastern-european
2010-04-30,05:42:34,by10s,18,Burka banned in Belgium..,news.bbc.co.uk,http://news.bbc.co.uk/1/hi/world/europe/8652861.stm
2010-04-29,16:02:11,bxmwm,15,Top secret space plane has America’s enemies scared. Is it a ‘space bomber’? That’s what the Iranians are asking - and they have every reason to be spooked,thefirstpost.co.uk,"http://www.thefirstpost.co.uk/62593,news-comment,news-politics,top-secret-space-bomber-has-america-enemies-scared-china-shenlong-x-37b"
2010-04-29,18:10:29,bxp6y,14,Australian Prime Minister launches double attack on smokers,abc.net.au,http://www.abc.net.au/worldtoday/content/2010/s2885701.htm
2010-04-29,13:02:54,bxkm3,12,"Australia Bans Logos, Branding From Cigarette Packs",news.smh.com.au,http://news.smh.com.au/breaking-news-world/australia-plans-first-plain-cigarette-packets-20100429-ttw1.html
2010-04-30,07:36:41,by2bp,14,ID cards required to use public internet - UAE gov't,arabianbusiness.com,http://www.arabianbusiness.com/587014-id-cards-required-to-use-public-internet---uae-govt
2010-04-29,13:30:14,bxkxe,10,Space balloon wipes out car [Video],abc.net.au,http://www.abc.net.au/news/video/2010/04/29/2885724.htm
2010-04-29,15:56:07,bxmsa,12,"A man armed with a knife went on a slashing and stabbing rampage in a kindergarten in southern China this morning, injuring 28 children, two teachers and a caretaker. ",timesonline.co.uk,http://www.timesonline.co.uk/tol/news/world/asia/article7111259.ece
2010-04-30,03:35:18,bxz53,9,Harsh realities in Mexico,mediacoop.ca,http://www.mediacoop.ca/story/3330
2010-04-30,04:58:33,by0em,8,"Greece is just the ‘tip of the iceberg’, Nouriel Roubini warns ",telegraph.co.uk,http://www.telegraph.co.uk/finance/economics/7648775/Greece-is-just-the-tip-of-the-iceberg-Nouriel-Roubini-warns.html
2010-04-30,00:42:41,bxw72,7,Teacher Peter Harvey cleared of attempting to kill boy,news.bbc.co.uk,http://news.bbc.co.uk/1/hi/england/nottinghamshire/8652243.stm
2010-04-29,14:26:25,bxllt,9,Canadian Government Labels George Galloway a Terrorist for Aiding Palestinians,infowars.com,http://www.infowars.com/canadian-government-labels-galloway-a-terrorist-for-aiding-palestinians/
2010-04-30,04:29:37,bxzzg,6,Egyptian kills four Palestinians by pumping poisonous gas into a cross-border smuggling tunnel,news.yahoo.com,http://news.yahoo.com/s/afp/20100429/wl_mideast_afp/mideastconflictgazaegypthamas
