2010-08-30,23:54:12,d78t8,1161,"Mexico fires 3,200 (9%) of it's federal police.",cnn.com,http://www.cnn.com/2010/WORLD/americas/08/30/mexico.federal.police.fired/index.html
2010-08-31,00:50:39,d79pn,708,"Largest world's plant DNA collection in Pavlovsk, Russia is about to be bulldozed after court decision ",bbc.co.uk,http://www.bbc.co.uk/news/science-environment-10899318
2010-08-30,13:13:45,d72op,481,"100 Russian skinheads  Attack Crowd of 3,000, Kill 14-Year-Old",gawker.com,http://gawker.com/5625042/skinheads-attack-crowd-of-3000-kill-14+year+old
2010-08-30,03:26:32,d6x0i,372,"Graduates in the UK warned of a record 70 applicants for every job, some sectors have over 200 applicants for every available job",guardian.co.uk,http://www.guardian.co.uk/education/2010/jul/06/graduates-face-tougher-jobs-fight
2010-08-31,02:49:02,d7bhg,83,Vladimir Putin says 'unsanctioned' protesters can expect police brutality,guardian.co.uk,http://www.guardian.co.uk/world/2010/aug/30/vladimir-putin-protesters-police-brutality
2010-08-30,11:48:38,d71up,56,"U.S. staff move kids out of Mexico City: 
U.S. consulate workers in Monterrey told to relocate children as drug war rages.",reuters.com,http://www.reuters.com/article/idUSTRE67Q5ZR20100827
2010-08-30,14:38:03,d73j4,53,Net Nutrality is now law in Chile,archiver.mailfighter.net,http://archiver.mailfighter.net/nnsquad/2010/August/29/0002.html
2010-08-30,23:59:37,d78w4,44,"More than 3,000 Mexican federal police fired for failing to do their work or being linked to corruption",cnn.com,http://www.cnn.com/2010/WORLD/americas/08/30/mexico.federal.police.fired/?hpt=T2
2010-08-31,03:16:08,d7bx5,26,"Syrian man dies at the age of 125 - According to his personal identity card, Othman Ebrahim Ahmad was born in 1885. He had a good memory up to his death, Mohammad, one of his sons said in Saadiya.",gulfnews.com,http://gulfnews.com/news/region/syria/syrian-man-dies-at-the-age-of-125-1.675362
2010-08-31,01:50:30,d7alz,23,Iran media call French first lady 'prostitute',news.yahoo.com,http://news.yahoo.com/s/ap/20100830/ap_on_re_mi_ea/ml_iran_bruni_2
2010-08-30,11:49:15,d71v0,25,"S. Korea's incoming PM abruptly quits: 
S. Korean prime minister-designate Kim Tae-ho resigns amid probe.",cnn.com,http://www.cnn.com/2010/WORLD/asiapcf/08/29/south.korea.resignations/index.html
2010-08-31,02:03:37,d7at0,25,Drunk baboons plague Cape Town's exclusive suburbs  ,telegraph.co.uk,http://www.telegraph.co.uk/news/worldnews/africaandindianocean/southafrica/7969313/Drunk-baboons-plague-Cape-Towns-exclusive-suburbs.html
2010-08-30,22:52:36,d77xs,20,"Interview With Iran's Foreign Minister -  Spiegel plays hardball. Great questions. Begins with stoning, then on to election-rigging, corruption, nuclear weapons. Mottaki dodges, blusters. All interviews should be like this ",spiegel.de,"http://www.spiegel.de/international/world/0,1518,714513,00.html"
2010-08-31,04:05:18,d7cqx,21,Labour's New Message? Tax The Rich - Ed Miliband has called on Labour to propose raising taxes for the better-off and impose a £5bn-a-year tax on the banks as he marks out a new dividing line with his elder brother David.,independent.co.uk,http://www.independent.co.uk/news/uk/politics/ed-miliband-lsquowe-need-to-raise-taxes-for-the-betteroffrsquo-2065549.html
2010-08-30,16:35:24,d74l5,18,Australia prepares for locust plague,english.cntv.cn,http://english.cntv.cn/program/newsupdate/20100830/101195.shtml
2010-08-30,19:38:19,d761t,18,"At least 6 people dead, 13 wounded in shooting near Bratislava (Slovakia). Gunman is believed to be 15 years old. What. The. Fuck.",translate.google.com,http://translate.google.com/translate?js=y&prev=_t&hl=sk&ie=UTF-8&layout=1&eotf=1&u=http%3A%2F%2Fbratislava.sme.sk%2Fc%2F5526340%2Fpo-strelbe-v-devinskej-novej-vsi-zostalo-sest-mrtvych.html&sl=sk&tl=en
2010-08-31,06:33:55,d7f0g,18,Not guilty. Israeli captain who emptied his rifle into a 13-year-old Palestinain schoolgirl | An IDF officer who claimed he would have done the same even if she had been three years old was acquitted on all charges by a military court yesterday.,guardian.co.uk,http://www.guardian.co.uk/world/2005/nov/16/israel2
2010-08-31,00:49:02,d79oo,14,Obama to Widen Sanctions on North Korea for S.Korean boat attack,abcnews.go.com,http://abcnews.go.com/International/wireStory?id=11514687
2010-08-31,04:14:16,d7cvq,14,Japan colonial presence felt 100 years on: Seoul and Korea must put aside differences in the face of unpredictable North Korea,globalpost.com,http://www.globalpost.com/dispatch/japan/100829/korean-peninsula-colonial-anniversary
2010-08-31,06:22:47,d7eui,10,Sarkozy's crackdown on Roma camps adds fuel to criticism at home and abroad,washingtonpost.com,http://www.washingtonpost.com/wp-dyn/content/article/2010/08/30/AR2010083002968.html
2010-08-30,09:06:31,d709d,11,Rebels attack Chechen leader's home and have bloody clash with his personal security guards,english.aljazeera.net,http://english.aljazeera.net/news/europe/2010/08/2010829204657724509.html
2010-08-31,00:52:32,d79qm,14,Korea and Japan: A 100-year war of words ,economist.com,http://www.economist.com/blogs/asiaview/2010/08/japan_and_south_korea
2010-08-31,02:55:45,d7blk,7,"""The group of about a dozen Japanese men gathered in front of the school gate, using bullhorns to call the students cockroaches and Korean spies.""",nytimes.com,http://www.nytimes.com/2010/08/29/world/asia/29japan.html?_r=2&hp=&adxnnlx=1283076267-3ePeC/x%20tXDXENFIATrBdQ&pagewanted=print
2010-08-31,01:43:14,d7ahy,7,China: Rumors of the Central Bank Chief's Defection | STRATFOR,stratfor.com,http://www.stratfor.com/analysis/20100830_china_rumors_central_bank_chiefs_defection?utm_source=GWeekly&utm_medium=email&utm_campaign=100830&utm_content=GIRtitle&elq=a99af7b5e31f45678aed307225fe7500
2010-08-31,05:57:38,d7egu,7,Phillipines Solicitor General loses marriage anulment appeal... for relying on Wikipedia as an authority,newsinfo.inquirer.net,http://newsinfo.inquirer.net/breakingnews/infotech/view/20100828-289290/Solgen-loses-case-for-relying-on-Wikipedia-as-an-authority
2010-08-31,02:20:12,d7b1c,7,Indonesian Volcana Erupts Again,hosted2.ap.org,http://hosted2.ap.org/apdefault/eee902782ea04602823f92b22b67c045/Article_2010-08-30-AS-Indonesia-Volcano-Erupts/id-f2d74214566f433da58070ad09b14091
2010-08-30,13:02:44,d72k6,7,"Report: Israel plans Syria attack - Kuwaiti newspaper Al Rai quotes US, EU sources in predicting Israeli strike.",haaretz.com,http://www.haaretz.com/news/diplomacy-defense/report-israel-planning-to-attack-hezbollah-arms-depots-in-syria-1.310655
2010-08-30,11:05:19,d71fd,6,Netherlands: Today Islamophobia is the main form taken by racism,links.org.au,http://links.org.au/node/1865
2010-08-31,03:14:48,d7bw8,6,"Netanyahu: Only Likud can forge lasting peace with Palestinians - ""I am not naïve, but I believe that a permanent peace agreement is an attainable goal,"" said Netanyahu.",haaretz.com,http://www.haaretz.com/news/national/netanyahu-only-likud-can-forge-lasting-peace-with-palestinians-1.311118
2010-08-31,00:56:18,d79t1,5,"Britain facing home-grown terrorist threat, report says",cnn.com,http://www.cnn.com/2010/WORLD/europe/08/27/uk.home.grown.terrorists/
