2010-04-17,00:00:04,brupp,916,U.S. Accuses Goldman Sachs of Fraud,nytimes.com,http://www.nytimes.com/2010/04/17/business/17goldman.html?hp
2010-04-17,15:32:38,bs6b8,340,"That bloody volcano has trapped Sir David Attenborough 
in the Arctic circle. At the age of 83 is assuredly the most 
awesome person of our lifetime.",news.ninemsn.com.au,http://news.ninemsn.com.au/entertainment/1041367/volcano-traps-attenborough-in-frozen-arctic
2010-04-17,19:15:16,bs8gy,211,Extramarital sex fuels earthquakes: Senior Iran cleric,timesofindia.indiatimes.com,http://timesofindia.indiatimes.com/world/middle-east/Extramarital-sex-fuels-earthquakes-Senior-Iran-cleric/articleshow/5824736.cms
2010-04-17,14:27:26,bs5lk,177,It is now illegal to possess “non-photographic visual depictions of child sexual abuse” in England and Wales. ,backlash-uk.org.uk,http://www.backlash-uk.org.uk/wp/?page_id=547
2010-04-18,03:53:35,bsdqa,112,The Vatican's second-highest authority says sex scandals haunting the Roman Catholic Church are linked to homosexuality and not celibacy among priests,cbsnews.com,http://www.cbsnews.com/stories/2010/04/12/world/main6389019.shtml
2010-04-18,04:26:44,bse30,107,Bombers dressed in burkas kill 41 in Pakistan,msnbc.msn.com,http://www.msnbc.msn.com/id/36612266/ns/world_news-south_and_central_asia/
2010-04-17,22:43:56,bsabr,99,Planes or Volcano?.... Information Is Beautiful,informationisbeautiful.net,http://www.informationisbeautiful.net/2010/planes-or-volcano/
2010-04-18,00:30:49,bsbef,93,Benazir Bhutto 'left to mercy of assassins by security chief',telegraph.co.uk,http://www.telegraph.co.uk/news/worldnews/asia/pakistan/7594792/Benazir-Bhutto-left-to-mercy-of-assassins-by-security-chief.html
2010-04-18,00:40:47,bsbiw,76,Judge may be kept from his grandson’s bar mitzvah for authoring UN report critical of Israel (and Hamas.),nytimes.com,http://www.nytimes.com/2010/04/17/world/middleeast/17goldstone.html?hp
2010-04-18,05:06:52,bsegg,60,"While we are on the topic, let's not forget this.",independent.co.uk,http://www.independent.co.uk/news/world/europe/vatican-confirms-report-of-sexual-abuse-and-rape-of-nuns-by-priests-in-23-countries-688261.html
2010-04-17,11:31:38,bs3nt,63,Israel seizes 4 water pumps in Jordan Valley,maannews.net,http://www.maannews.net/eng/ViewDetails.aspx?ID=276982
2010-04-18,03:09:50,bsd8e,48,Gen McChrystal: No Proof Iran Sending Fighters or Weapons to Afghanistan,news.antiwar.com,http://news.antiwar.com/2010/04/16/gen-mcchrystal-no-proof-iran-sending-fighters-or-weapons-to-afghanistan/
2010-04-17,16:58:38,bs79z,38,"270 Palestinians kids -under the age of 18, are currently held in Israeli prisons ",news.yahoo.com,http://news.yahoo.com/s/afp/20100416/wl_mideast_afp/mideastconflictpalestinianprisoners
2010-04-17,12:59:14,bs4m3,34,The next Olympics could possibly be fucked ,news.bbc.co.uk,http://news.bbc.co.uk/2/hi/europe/8624894.stm
2010-04-17,17:27:30,bs7iw,35,Experts: No end to volcano ash in sight,edition.cnn.com,http://edition.cnn.com/2010/WORLD/europe/04/16/volcano.weather/index.html
2010-04-17,17:50:30,bs7qs,30,Live feed from the Eyjafjallajökull eruption in Iceland.,eldgos.mila.is,http://eldgos.mila.is/eyjafjallajokull-fra-valahnjuk/
2010-04-18,00:31:16,bsbem,30,China's grim irony: The huge magnitude of Mao’s crimes is sometimes cited as a reason for forgetting those crimes. If this society ever allowed itself to talk about who suffered what –and who did what–it would open itself to an explosion of recrimination and revenge,frumforum.com,http://www.frumforum.com/chinas-long-march-to-capitalism
2010-04-17,17:47:07,bs7pc,27,Brothers in Arms: Israel's relationship with apartheid South Africa,guardian.co.uk,http://www.guardian.co.uk/world/2006/feb/07/southafrica.israel
2010-04-18,02:53:28,bsd2k,18,President of Iran calls on UN Sec'y Gen'l to investigate 9/11 and the resulting invasions of Iraq and Afghanistan.,voltairenet.org,http://www.voltairenet.org/article164974.html
2010-04-18,01:57:01,bsce6,20,Bubble Jet from Torpedo 'Likely' Cause of South Korean Shipwreck,english.chosun.com,http://english.chosun.com/site/data/html_dir/2010/04/16/2010041601024.html
2010-04-18,07:00:32,bsfk4,16,Get ready for decades of Icelandic fireworks,newscientist.com,http://www.newscientist.com/article/dn18786-get-ready-for-decades-of-icelandic-fireworks.html?DCMP=OTC-rss&nsref=online-news
2010-04-18,07:16:25,bsfow,12,"Benazir Bhutto's murder mystery - 
A UN report on the killing of Benazir Bhutto makes awkward reading for Pakistan’s army",economist.com,http://www.economist.com/world/asia/displayStory.cfm?story_id=15927123&source=features_box_main
2010-04-18,02:39:54,bscvo,11,Airport Crisis Spreads as Ash Moves East,nytimes.com,http://www.nytimes.com/2010/04/18/world/europe/18ash.html?hp
2010-04-18,05:11:08,bsei5,10,"AN OPEN LETTER OF RECONCILIATION & RESPONSIBILITY TO THE IRAQI PEOPLE 
From Current and Former Members of the U.S. Military - We write to you, your family, and your community with awareness that our words and actions can never restore your losses...",org2.democracyinaction.org,https://org2.democracyinaction.org/o/5966/p/dia/action/public/?action_KEY=2724
2010-04-17,16:10:56,bs6rs,12,Iran to open nuclear summit,english.aljazeera.net,http://english.aljazeera.net/news/middleeast/2010/04/201041623302176311.html
2010-04-18,03:40:53,bsdkm,11,"Inside the arms markets of Darra, Pakistan, where the area's holy warriors come to stock up on guns handmade by men who live in caves (VIDEO)",vbs.tv,http://www.vbs.tv/watch/the-vice-guide-to-travel/the-gun-markets-of-pakistan
2010-04-17,19:10:36,bs8fo,8,Iceland Volcano Ash Plume Prompts Health Worries,news.nationalgeographic.com,http://news.nationalgeographic.com/news/2010/04/100416-iceland-volcano-ash-plume-health-europe
2010-04-17,08:20:01,bs1v4,8,"Coca Colla Goes on Sale in Bolivia--Made from the coca leaf and named after Bolivia's indigenous Colla people, the soda is the latest attempt by Bolivia to expand legal markets for coca products.",alternet.org,http://www.alternet.org/module/printversion/146500
2010-04-17,11:14:58,bs3hm,9,Reformist former president Khatami banned from leaving Iran before he can travel to a nuclear disarmament conference,news.bbc.co.uk,http://news.bbc.co.uk/2/hi/americas/8624956.stm
2010-04-17,19:07:50,bs8et,6,"Corruption, Cronyism Fuel Greek Debt Mess ",online.wsj.com,http://online.wsj.com/article/SB10001424052702303828304575179921909783864.html
