2010-04-20,21:43:50,btk83,2023,Burials in Tibet. NOT FOR SENSITIVE SOULS! [pics],mbvtravel.com,http://mbvtravel.com/burials-in-tibet-not-for-sensitive-souls
2010-04-20,08:59:41,btbvy,979,Now we know the truth. The financial meltdown wasn't a mistake – it was a con,guardian.co.uk,http://www.guardian.co.uk/business/2010/apr/18/goldman-sachs-regulators-civil-charges
2010-04-21,04:14:05,btqlc,80,Google now publicly displaying government requests to remove data from their sites.,google.com,http://www.google.com/governmentrequests/overview.html
2010-04-20,01:36:37,bt5tm,63,"Iraqi secret prison revealed, a torture and holding cell for minority Sunni leadership.",latimes.com,"http://www.latimes.com/news/nationworld/world/middleeast/la-fg-iraq-prison19-2010apr19,0,7841354.story"
2010-04-20,13:55:32,btf2u,57,"Goldman Sachs: A great vampire squid wrapped around the face of humanity, relentlessly jamming its blood funnel into anything that smells like money",guardian.co.uk,http://www.guardian.co.uk/commentisfree/cifamerica/2010/apr/19/goldman-sachs-civil-suit-feds
2010-04-21,01:55:29,btoau,47,Sherpa team plans to clean Everest's death zone ,hosted.ap.org,http://hosted.ap.org/dynamic/stories/A/AS_NEPAL_CLEANING_EVEREST?SITE=CAANG&SECTION=HOME&TEMPLATE=DEFAULT
2010-04-20,18:06:42,bthv2,35,China just pricked its housing bubble. First-home buyers must pay no less than 30 percent of the the property price if the area is above 90 square meters. 2nd-home has to pay 50% down payment.,news.xinhuanet.com,http://news.xinhuanet.com/english2010/china/2010-04/15/c_13253001.htm
2010-04-21,05:22:09,btrmk,33,Goldman Sach's wasn't the only company behind the con.,thisamericanlife.org,http://www.thisamericanlife.org/radio-archives/episode/405/inside-job
2010-04-21,04:54:39,btr8r,29,"Dozens protest over Egyptian MP's statement ""No need to use water cannons to disperse demonstrators; they must open fire at them with live bullets.""",google.com,http://www.google.com/hostednews/afp/article/ALeqM5irEpFoUlDpNnJeO_JHSPBRgnyenw
2010-04-20,12:33:36,bte67,19,"Iraq: Secret torture jail? Hey look over there, we just killed two senior al Qaida leaders!",trueslant.com,http://trueslant.com/level/2010/04/19/iraq-nevermind-our-secret-torture-jail-we-killed-al-qaida-leaders/
2010-04-21,00:17:56,btmp1,20,"Secret prison revealed in Baghdad, held hundreds of Sunni men at the facility. The U.S. fears that the news will stoke instability. (Q: Didn't the US support Saddam Hussein when he was doing the same thing?)",latimes.com,"http://www.latimes.com/news/nationworld/world/middleeast/la-fg-iraq-prison19-2010apr19,0,2391429,print.story"
2010-04-21,07:16:42,btt6h,19,Secret prison revealed in Baghdad,latimes.com,"http://www.latimes.com/news/nationworld/world/la-fg-iraq-prison19-2010apr19,0,5706408.story"
2010-04-21,00:49:22,btn8r,19,"Zimbabwe's Mugabe bashes gays again: ""Those that engage in such acts are insane. We cannot tolerate this, otherwise the dead will rise against us.""",globalpost.com,http://www.globalpost.com/dispatch/zimbabwe/100415/mugabe-bashes-gays-again
2010-04-20,15:20:39,btg2i,15,I hate my country!!!,news24.com,http://www.news24.com/SouthAfrica/News/House-set-alight-with-family-inside-20100419
2010-04-20,19:21:16,btinv,14,UK going after Goldman Sachs too. The Financial Services Authority (FSA) is starting a formal enforcement investigation into Goldman Sachs in relation to recent fraud allegations.,news.bbc.co.uk,http://news.bbc.co.uk/2/hi/business/8631722.stm
2010-04-20,08:37:34,btbnt,12,How an Icelandic volcano helped spark the French Revolution,guardian.co.uk,http://www.guardian.co.uk/world/2010/apr/15/iceland-volcano-weather-french-revolution
2010-04-20,19:09:29,btijd,9,"No deal with Cameron after the election, say Lib Dem voters. ",independent.co.uk,http://www.independent.co.uk/news/uk/politics/no-deal-with-cameron-after-the-election-say-lib-dem-voters-1948796.html
2010-04-20,20:35:45,btjfy,12,The volcano eruption in Iceland has strengthened and a new ash cloud is spreading south and east towards the UK,nytimes.com,http://www.nytimes.com/2010/04/21/world/europe/21cloud.html
2010-04-21,04:06:00,btqhe,12, IMF proposes two big new bank taxes to fund bail-outs,news.bbc.co.uk,http://news.bbc.co.uk/1/hi/business/8633455.stm
2010-04-20,19:55:14,btj0j,10,"Al-Qaeda Chief In Iraq: Captured, Killed, Never Actually Existed, Re-Captured, Now Killed Again",uruknet.info,http://uruknet.info/index.php?p=m65224
2010-04-21,04:48:14,btr59,9,UK airports set to reopen,news.bbc.co.uk,http://news.bbc.co.uk/1/hi/uk/8633597.stm
2010-04-20,10:03:41,btcja,6,Bishop of Tenerife blames child abuse on the children,typicallyspanish.com,http://www.typicallyspanish.com/news/publish/article_14332.shtml
2010-04-20,17:25:15,bthgd,7,Catholic Church in Latin America finally uncovers its pedophile priests,news.yahoo.com,http://news.yahoo.com/s/ap/20100420/ap_on_re_la_am_ca/lt_brazil_church_sex_scandal;_ylt=AliMgkYBpaoxI14sZMpgNp8Eq594;_ylu=X3oDMTNocDFzazNvBGFzc2V0A2FwLzIwMTAwNDIwL2x0X2JyYXppbF9jaHVyY2hfc2V4X3NjYW5kYWwEY2NvZGUDbW9zdHBvcHVsYXIEY3BvcwM2BHBvcwM2BHNlYwN5bl90b3Bfc3RvcmllcwRzbGsDY2h1cmNocGVkb3Bo
2010-04-20,11:31:38,btdih,7,Costa Rican election result hides complex reality,links.org.au,http://links.org.au/node/1624
2010-04-20,21:13:52,btju3,6,Promiscuous women are responsible for earthquakes.  It's a price worth paying.,news.bbc.co.uk,http://news.bbc.co.uk/2/hi/middle_east/8631775.stm
2010-04-20,14:49:42,btfq4,5,Water aerobics class halted by croc in pool,abc.net.au,http://www.abc.net.au/news/stories/2010/04/20/2878021.htm?section=justin
2010-04-20,20:54:00,btjma,6,"Lebanese Prime Minister: ""Threats that Lebanon now has Scud missiles are similar to what they used to say about weapons of mass destruction in Iraq.  These are weapons that they did not find and they are still searching for.""",haaretz.com,http://www.haaretz.com/hasen/spages/1164161.html
2010-04-20,21:38:43,btk52,5,Bidding for contracts to build a huge hydroelectric dam on a tributary of the Amazon in Brazil has been stopped for a second time.,news.bbc.co.uk,http://news.bbc.co.uk/2/hi/americas/8631711.stm
2010-04-20,08:30:07,btbkn,5,Help! I’m stranded! In Paris! For days! Can you imagine the horror?,theage.com.au,http://www.theage.com.au/travel/travel-news/the-horror-trapped-in-beautiful-paris-20100419-soww.html?rand=1271661289817
2010-04-20,20:37:31,btjgj,7,"Rather than trying to figure out how to stop Iran from building a nuke, perhaps we should focus instead on getting Iran not to want one",thedailybeast.com,http://www.thedailybeast.com/blogs-and-stories/2010-04-18/stop-talking-down-to-iran/
