2010-07-15,19:08:16,cpto1,979,Argentina Senate approves same-sex marriage. First country in Latin America to grant same-sex marriages all the rights of heterosexual unions,cbc.ca,http://www.cbc.ca/world/story/2010/07/15/argentina-same-sex-marriage.html
2010-07-15,09:34:11,cpof7,933,"How about some *real* world news? Sudan is preparing for referendums that could lead to southern Sudanese independence, and possibly a stop to the bloodshed",english.aljazeera.net,http://english.aljazeera.net/news/africa/2010/07/201071417321497730.html
2010-07-16,07:54:46,cq2wb,194,"Vatican offends both women and victims of pedophile priests, by saying pedophelia is pretty much at the level of sin of ordaining a woman priest.  A twofer!",nytimes.com,http://www.nytimes.com/2010/07/16/world/europe/16vatican.html?_r=1&hp
2010-07-16,02:50:06,cpyzn,150,"BP Admits It Lobbied British for Libyan ""Pan Am Flight 103 bomber"" Transfer, While seeking a billion dollar oil exploration deal with Libya",nbcnewyork.com,http://www.nbcnewyork.com/news/local-beat/Blood-For-Oil-BP-Denies-It-Wanted-Pan-Am-103-Bomber-Set-Free-98520589.html
2010-07-16,04:24:37,cq0a2,132,You ever have one of those days where every single thing you read in the news just makes you feel hopeless for the future of the world?,self.worldnews,https://www.reddit.com/r/worldnews/comments/cq0a2/you_ever_have_one_of_those_days_where_every/
2010-07-15,22:49:53,cpvo9,109,"Hugo Chavez: ""The pope, who despite what they say is no ambassador on earth for Christ. Christ is in the people"" ",bbc.co.uk,http://www.bbc.co.uk/news/world-latin+america-10646504
2010-07-16,00:05:01,cpwo9,88,"""The Vatican today made the ""attempted ordination"" of women one of the gravest crimes under church law, putting it in the same category as clerical sex abuse of minors, heresy and schism.""",guardian.co.uk,http://www.guardian.co.uk/world/2010/jul/15/vatican-attempted-ordination-women-grave-crime
2010-07-16,00:38:48,cpx6r,62,"India has a new symbol for its currency following a public contest with 3,000 submissions",nytimes.com,http://www.nytimes.com/2010/07/16/business/global/16rupee.html?_r=1&ref=global-home
2010-07-15,09:09:15,cpo5j,62,U.S based terrorist who was involved in the 2008 Mumbai attacks in which 166 people were killed confesses that Pakistan's intelligence agency ISI orchestrated the attacks. ,reuters.com,http://www.reuters.com/article/idUSTRE66D11720100714
2010-07-15,20:26:29,cpu8x,62,Israel approves initial reading of bill that will make it illegal for Israelis to openly support anti-occupation boycott,haaretz.com,http://www.haaretz.com/news/national/israelis-inciting-anti-israel-boycotts-could-soon-be-forced-to-pay-dearly-1.301968
2010-07-16,06:53:46,cq296,58,"SHOCK! Billions of pounds 'wasted' trying to help Afghanistan - BILLIONS of pounds blown on trying to rid Afghanistan of opium and most of the military's cash-for-work projects have been a complete waste of time and money, Afghanistan's finance minister said.",thescotsman.scotsman.com,http://thescotsman.scotsman.com/world/Billions-of-pounds-39wasted39-trying.6420753.jp
2010-07-16,03:48:30,cpzrb,53,Ukraine says No to NATO | Ukraine’s President Viktor Yanukovich has signed a decree that cancels the country’s previous plans to join the North Atlantic alliance.,rt.com,http://rt.com/Politics/2010-07-15/ukraine-says-no-nato.html
2010-07-15,23:29:52,cpw6r,55,"Argentina legalizes gay marriage in historic vote - Argentina early Thursday legalized same-sex marriages to become the first country in an overwhelmingly Catholic region, Latin America, to grant same-sex couples the same rights as heterosexual couples.",washingtonpost.com,http://www.washingtonpost.com/wp-dyn/content/article/2010/07/15/AR2010071501119.html?hpid=moreheadlines
2010-07-15,22:41:54,cpvkr,44,"Countries promised $5.3 billion to Haiti, so far only 2% of that has been handed over, by 4 countries: Norway, Australia, Brazil and Estonia - CNN",edition.cnn.com,http://edition.cnn.com/2010/WORLD/americas/07/14/haiti.donations/index.html?fbid=EiT78cJ9uyx
2010-07-15,08:45:29,cpnwu,46,"South Korea has deployed sentry robots capable of detecting and killing intruders along the heavily-fortified border with North Korea, officials said on Tuesday.",cryptogon.com,http://cryptogon.com/?p=16404
2010-07-15,19:38:51,cptwj,40,Healthcare crisis in North Korea forces Kim Jong Il to use his touching healing powers ,bbc.co.uk,http://www.bbc.co.uk/news/world-asia+pacific-10633584
2010-07-16,04:26:05,cq0as,30,Rwandan opposition party leader found beheaded,allafrica.com,http://allafrica.com/stories/201007150033.html
2010-07-16,01:55:04,cpy7e,24,"Arab autocracy: Thank you and goodbye - 
For good or ill, change is coming to Egypt and Saudi Arabia soon ",economist.com,http://www.economist.com/node/16591002
2010-07-15,14:23:55,cpra1,16,"Iranian scientist Shahram Amiri returns home, says US kidnapped him and subjected him to ""the harshest mental and physical torture""",bbc.co.uk,http://www.bbc.co.uk/news/world-middle+east-10643278
2010-07-15,08:05:01,cpnhf,18,"Threat to peace talks as Israelis demolish home - Israeli bulldozers razed six buildings in East Jerusalem, including three Palestinian homes, marking the end of Israeli efforts to refrain from contentious demolitions that could undermine peace talks.",independent.co.uk,http://www.independent.co.uk/news/world/middle-east/threat-to-peace-talks-as-israelis-demolish-home-2025820.html
2010-07-16,02:42:16,cpyvr,17,Guantanamo torture lawsuits against Britain get green light - A High Court judge has ruled that former Gitmo detainees can proceed with lawsuits accusing Britain of complicity in torture overseas. The UK govt had sought a suspension of the lawsuits to allow an independent inquiry to begin its work.,france24.com,http://www.france24.com/en/20100715-guantanamo-torture-lawsuits-against-britain-will-go-ahead-court-rules
2010-07-15,20:51:17,cpugo,18,"""Jewish terrorist"" arrested in Israel",jpost.com,http://www.jpost.com/Israel/Article.aspx?id=181501
2010-07-16,02:46:09,cpyxo,17,A Kingdom Divided: How 9/11 led a preeminent scholar to challenge the House of Saud's teachings on Islam,globalpost.com,http://www.globalpost.com/dispatch/saudi-arabia/100714/house-at-war-bla-bla-bla
2010-07-15,08:09:08,cpnj3,15,"Israeli Driver: 'No black Ethiopians on my bus' - The driver added: ""All of these kushim [a derogatory term for Africans] should be sent back to Ethiopia. You are a stupid nation, and you damage our land.""",jpost.com,http://www.jpost.com/Israel/Article.aspx?id=181420
2010-07-16,07:24:24,cq2l3,16,Outspoken Chinese blogs shut down,cbc.ca,http://www.cbc.ca/technology/story/2010/07/15/china-blog-shutdown.html?ref=rss
2010-07-16,07:07:39,cq2es,15,Israelis convicted in shooting - An Israeli military court has convicted a former Israeli commander and one of his soldiers over the shooting of a bound and blindfolded Palestinian demonstrator.,english.aljazeera.net,http://english.aljazeera.net/news/middleeast/2010/07/201071513582326911.html
2010-07-16,01:47:40,cpy3m,14,"Denmark Debates a Lower Minimum Wage for Immigrants - A Danish politician has suggested paying immigrants half the current minimum wage. The idea has gone down well with center-right parties, but it's opposed by the left -- and the far right.",spiegel.de,"http://www.spiegel.de/international/europe/0,1518,706762,00.html"
2010-07-16,07:40:11,cq2qi,11,"Tests have found natural gas resources off the New South Wales coast north of Sydney Australia could be double the size first thought, rivalling the massive gas reserve in the Bass Strait.",abc.net.au,http://www.abc.net.au/news/stories/2010/07/16/2955296.htm?section=justin
2010-07-16,03:35:00,cpzko,12,And now another reason to hate BP...,msnbc.msn.com,http://www.msnbc.msn.com/id/38256677/
2010-07-15,08:55:02,cpo04,13,"""So we have an Act of Parliament which expressly grants to the Treasury power to disapply ... any rule of law"" - Lord Chief Justice criticises UK's authoritarian laws",guardian.co.uk,http://www.guardian.co.uk/law/2010/jul/14/lord-igor-judge-henry
