2010-03-16,15:58:29,bdy5z,1027,Australia gets rid of the death penalty for good,heraldsun.com.au,http://www.heraldsun.com.au/news/national/death-penalty-dead-and-buried-as-parliasment-bans-it-for-good/story-e6frf7l6-1225839834244
2010-03-16,08:29:45,bdtqa,244,China to connect its High Speed Rail all the way to Europe.,inhabitat.com,http://www.inhabitat.com/2010/03/15/china-to-connect-its-high-speed-rail-all-the-way-to-europe/
2010-03-16,09:08:44,bdu33,217,Study finds 55 percent of newspaper stories are placed,boingboing.net,http://www.boingboing.net/2010/03/15/study-finds-55-perce.html?utm_source=feedburner&amp;amp;utm_medium=feed&amp;amp;utm_campaign=Feed%3A+boingboing%2FiBag+%28Boing+Boing%29
2010-03-17,06:46:01,be9cd,186,US backs down as per usual in row with Israel.,news.bbc.co.uk,http://news.bbc.co.uk/2/hi/middle_east/8571143.stm
2010-03-16,14:55:35,bdxlm,122,"Mother who killed 6 babies tells court ""I won't do it again""",nationalpost.com,http://www.nationalpost.com/news/world/story.html?id=2686612
2010-03-17,00:17:07,be3zq,106,"While Finland declares that Internet Access is a fundamental right, Canada is cutting funding for community Internet access sites",cbc.ca,http://www.cbc.ca/canada/nova-scotia/story/2010/03/16/ns-cap-funding-internet.html
2010-03-16,10:52:02,bdv6y,64,Monsanto admits their technology doesn’t work!,datensatz.de,http://www.datensatz.de/monsanto-admits-their-technology-doesnt-work.html
2010-03-16,11:06:56,bdvc8,50,"As 100,000+ protesters gather in Bangkok, Thai Prime Minister rejects a demand from protesters to resign and call elections.",news.bbc.co.uk,http://news.bbc.co.uk/2/hi/asia-pacific/8567406.stm?rss/newsonline_world_edition/asia-pacific
2010-03-16,23:49:05,be3ku,40,Israel is not only doing the Islamic Resistance Movement's bidding - Washington is beginning to relate to the Netanyahu government as if it were Hamas,haaretz.com,http://www.haaretz.com/hasen/spages/1156827.html
2010-03-16,19:42:26,be0cn,41,Obama's patience wearing thin with Israel,independent.co.uk,http://www.independent.co.uk/news/world/middle-east/obama-runs-out-of-patience-with-israel-1921812.html
2010-03-16,08:27:09,bdtp6,39,Remember Rachel Corrie,links.org.au,http://links.org.au/node/1568
2010-03-17,00:33:23,be48o,31,"Thai protesters have splashed hundreds of litres of their own blood outside government headquarters in a ""sacrifice for democracy""",english.aljazeera.net,http://english.aljazeera.net/news/asia-pacific/2010/03/2010316115955404901.html
2010-03-16,03:10:59,bdq6l,25,"The world's shortest man, He Pingping, has died at the age of 21, a Guinness World Records spokesman said. ",telegraph.co.uk,http://www.telegraph.co.uk/news/worldnews/asia/china/7450343/Worlds-shortest-man-dies-aged-21.html
2010-03-16,15:03:44,bdxom,19,The short sad life of whites in Africa,economist.com,http://www.economist.com/culture/displaystory.cfm?story_id=15603730&fsrc=rss
2010-03-16,17:32:44,bdyzt,16,"Russian oligarch and ex- KGB agent Alexander Lebedev to buy British paper The Independent. The “Indy,” created in 1986 by 3 journalists from the Telegraph, attracted staff from Murdoch broadsheets and challenging The Guardian for centre-left readers, and The Times as a newspaper of record. ",bbc.co.uk,http://www.bbc.co.uk/blogs/thereporters/robertpeston/2010/03/independent_it_is_are_the_new.html
2010-03-16,23:47:26,be3jw,15,"Hamas calls for ""intifada"": ""Martyrs by the millions, onwards to Jerusalem""",news.smh.com.au,http://news.smh.com.au/breaking-news-world/hamas-calls-for-intifada-20100316-qcf0.html
2010-03-16,19:43:57,be0d6,15,Booming Business: Germany Now World's Third Largest Arms Exporter,spiegel.de,"http://www.spiegel.de/international/germany/0,1518,683598,00.html"
2010-03-17,00:04:35,be3tt,14,Lieberman who do you really work for?  Obvious not the health of the American people since you oppose healthcare reform.  And obviously not for our Troops beacuse you're endangering them by our blind support for Isreal.  ,apnews.myway.com,http://apnews.myway.com/article/20100316/D9EFDS500.html
2010-03-16,10:50:52,bdv6f,13,How Your Twitter Account Could Land You in Jail in the U.S.,commondreams.org,http://www.commondreams.org/view/2010/03/11-6
2010-03-16,13:54:49,bdx01,10,Saakashvili ‘Staged’ TV Report of Russian Invasion  - BusinessWeek,businessweek.com,http://www.businessweek.com/news/2010-03-15/saakashvili-staged-tv-report-of-russian-invasion-update1-.html
2010-03-16,11:51:28,bdvsb,11,"Krugman to China's Currency Appeasers -  ""The respectful thing would be to assume that everything (China's Leaders) say in public about the issue is a lie""",krugman.blogs.nytimes.com,http://krugman.blogs.nytimes.com/2010/03/15/curveball/
2010-03-16,11:47:23,bdvqu,13,"In a break from the usual atmosphere in the 
worldnews reddit, I present possible GOOD news 
from Sri Lanka.",en.wikinews.org,http://en.wikinews.org/wiki/Tamil_party_drops_commitment_to_independence_from_Sri_Lanka?dpl_id=163913
2010-03-17,07:53:14,bea22,11,Australian families have made serious allegations of corruption within Australia's inter-country adoption program with Ethiopia.,abc.net.au,http://www.abc.net.au/news/stories/2010/03/16/2846806.htm
2010-03-16,12:05:32,bdvwv,10,"Michael Foot, dead at 96, was a class act. An erudite party rebel famed for rousing oratory, he ended up with the ""magnificent and hopeless"" quest of leading a split Labour party in the dark 80s. ""The crowd of mourners were mostly grey–old socialists saying farewell to a dream that never came true.""",independent.co.uk,http://www.independent.co.uk/news/uk/politics/aristocracy-of-the-left-turns-out-for-foot-1921814.html
2010-03-16,21:52:44,be1va,10,Shark fin - A multi-billion dollar trade,blogs.aljazeera.net,http://blogs.aljazeera.net/middle-east/2010/03/15/shark-fin-multi-billion-dollar-trade
2010-03-17,06:28:06,be94r,10,TV news chief kidnapped in Venezuela,knightcenter.utexas.edu,http://knightcenter.utexas.edu/blog/?q=en/node/6689
2010-03-17,06:12:26,be8z7,6,"Loved Hamlet, gripped by Macbeth, overwhelmed by Romeo and Juliet? Now prepare to be thrilled by . . . Double Falsehood. A few centuries late, it's the lost blockbuster from William Shakespeare",guardian.co.uk,http://www.guardian.co.uk/culture/2010/mar/15/shakespeare-lost-play-double-falsehood
2010-03-16,12:41:46,bdw9t,5,"Masterpieces threaten Obama visit to Australia - politicians flooding to Canberra for Barack Obama's visit can't get a room, for love nor Monet",abc.net.au,http://www.abc.net.au/news/stories/2010/03/16/2847387.htm?section=justin
2010-03-16,19:10:02,bdzzg,7,"The German government has discovered the Internet and data privacy as a political issue. The new debate over who should control the online world reveals a clash of two cultures, with the American ideal of freedom contrasting with the European desire for privacy.",spiegel.de,"http://www.spiegel.de/international/business/0,1518,682790,00.html?"
2010-03-16,00:38:58,bdo2c,6,South Africa’s ANC Won’t Bar Song About Killing White Farmers,businessweek.com,http://www.businessweek.com/news/2010-03-14/south-africa-s-anc-won-t-bar-song-about-killing-white-farmers.html
