2010-02-01,19:11:41,awmol,668,Israel admits using white phosphorus: Punishes top officials on attack in a UN compound,newsvote.bbc.co.uk,http://newsvote.bbc.co.uk/mpapps/pagetools/print/news.bbc.co.uk/2/hi/middle_east/8490646.stm?ad=1
2010-02-01,08:44:59,awgw6,501,Terry Pratchett ready to be test case for suicide law,news.bbc.co.uk,http://news.bbc.co.uk/2/hi/uk_news/8490062.stm
2010-02-01,00:07:37,awco1,457,"BBC Panorama - A Walk In The Park was left out of the US media. Shocking, I know. It also can't be viewed on BBC's website from the US.",youtube.com,http://www.youtube.com/watch?v=WC1xG4j5kdA
2010-02-01,17:28:35,awlp7,151,"If Italy gets stuck with recent fertility levels, and fails to top up with foreign migrants, it will lose 86% of its population by the end of the century, falling to 8 million compared with today's 56 million. Spain will lose 85%, Germany 83% and Greece 74%.",guardian.co.uk,http://www.guardian.co.uk/world/2010/feb/01/population-crash-fred-pearce
2010-02-02,00:54:24,awqma,147,"Plan to oust Saddam drawn up two years before 
the invasion",independent.co.uk,http://www.independent.co.uk/news/uk/politics/plan-to-oust-saddam-drawn-up-two-years-before-the-invasion-1885155.html
2010-02-01,22:04:53,awog4,66,Chinese reactions to USA's arms sales to Taiwan (in translation from Chinese web forums),chinasmack.com,http://www.chinasmack.com/stories/america-taiwan-arms-sales-chinese-netizen-reactions/
2010-02-02,00:48:46,awqji,59,Haitian PM: Arrested US Baptists are 'kidnappers',rawstory.com,http://rawstory.com/2010/02/haitian-pm-baptists-kidnappers/
2010-02-01,20:30:10,awnfl,51,Israel admits white phosphorus use - reprimands top officers,news.bbc.co.uk,http://news.bbc.co.uk/1/hi/world/middle_east/8490646.stm
2010-02-01,15:56:52,awkuz,46,"Wow, what a great university: 30% of ADMITTED 
students can't pass an English proficiency exam at 
the minimum level",ctv.ca,http://www.ctv.ca/servlet/ArticleNews/story/CTVNews/20100131/twitter_school_100131/20100131?hub=TorontoNewHome
2010-02-01,16:30:23,awl6b,41,"Here in Italy, this is the iPhone TOP TEN apps. Yes, a lot of people around here are buying that one.",mantellini.it,http://www.mantellini.it/wp-content/uploads/2010/01/schermata-2010-01-31-a-231904.jpg
2010-02-01,18:09:58,awm3y,29,Ahmadinejad: 'Iran will deliver telling blow to global powers on Feb. 11' ,presstv.ir,http://www.presstv.ir/detail.aspx?id=117545&sectionid=351020101
2010-02-02,00:05:08,awpy1,31,"As food distribution improves, Haitians want U.S to 'take over'.",washingtonpost.com,http://www.washingtonpost.com/wp-dyn/content/article/2010/01/31/AR2010013102725.html?nav=hcmodule
2010-02-02,00:13:02,awq1x,30,Wells Fargo's Awesome Refusal to Waive Haiti Donation Fees: Goalposts of Greed Moved Back,gawker.com,http://gawker.com/5460500/wells-fargos-awesome-refusal-to-waive-haiti-donation-fees-goalposts-of-greed-moved-back
2010-02-01,21:39:07,awo5v,27,"Iraq to sue US, Britain over use of 2,000 tonnes of depleted uranium in bombs",presstv.ir,http://www.presstv.ir/detail.aspx?id=117557&sectionid=351020201
2010-02-02,00:06:39,awpyx,27,Alarm at Mumbai's teenage suicide trend,news.bbc.co.uk,http://news.bbc.co.uk/2/hi/south_asia/8473515.stm
2010-02-01,21:48:44,awo9t,24,Woman forced into hiding by Britain's worst stalker attacks police failures,guardian.co.uk,http://www.guardian.co.uk/uk/2010/feb/01/britains-worst-stalker-police-failings
2010-02-02,00:33:15,awqcj,21,"Idahoans' rescue effort strikes nerves in Haiti: An orphanage says some supposed orphans had families, who had been told their children were going on holiday.",idahostatesman.com,http://www.idahostatesman.com/eyepiece/story/1063480.html
2010-02-01,23:41:42,awpmx,23,"Israel closes probe of shooting of US protester - ""No crime"" - Big surprise",uk.news.yahoo.com,http://uk.news.yahoo.com/18/20100201/twl-israel-closes-probe-of-shooting-of-u-3cd7efd.html
2010-02-01,09:58:31,awhfi,18,"Japanese protest US military presence: 
Activists gather in Tokyo to protest Marine base on Okinawa.",wire.antiwar.com,http://wire.antiwar.com/2010/01/30/protest-held-in-tokyo-against-us-military-presence-2/
2010-02-02,05:26:01,awu6o,18,Leaked climate change emails scientist 'hid' data flaws - Key study by professor Phil Jones was based on suspect figures,guardian.co.uk,http://www.guardian.co.uk/environment/2010/feb/01/leaked-emails-climate-jones-chinese
2010-02-02,01:28:25,awr20,16,Spanish judge to probe Guantanamo torture claims.,rawstory.com,http://rawstory.com/2010/02/spanish-judge-probe-guantanamo-torture-claims/
2010-02-02,02:13:44,awrog,17,The 'explosive admission' in Israel's Gaza report,news.bbc.co.uk,http://news.bbc.co.uk/2/hi/middle_east/8491444.stm
2010-02-01,03:06:16,awe7w,19,Ed Miliband declares war on climate change skeptics,guardian.co.uk,http://www.guardian.co.uk/environment/2010/jan/31/ed-miliband-climate-change-scepticism
2010-02-01,08:25:58,awgr1,14,10 US Baptists detained trying to take 33 children from quake zone across border,hosted.ap.org,http://hosted.ap.org/dynamic/stories/C/CB_HAITI_AMERICANS_DETAINED?SITE=TXMID&SECTION=HOME&TEMPLATE=DEFAULT
2010-02-01,10:24:15,awhmy,13,"China targeting Sikorsky, Lockheed-Martin, Raytheon and Boeing in US arms deal sanctions",chinadaily.com.cn,http://www.chinadaily.com.cn/bizchina/2010-02/01/content_9405516.htm
2010-02-01,21:36:42,awo4q,13,At least 41 people have been killed and 106 injured by a female suicide bomber in north-east Baghdad,news.bbc.co.uk,http://news.bbc.co.uk/2/hi/middle_east/8490819.stm
2010-02-01,18:27:58,awmae,13,"US predators carried out a record number of 12 deadly missile strikes in Pakistan in January, of which 10 went wrong and failed to hit their targets, killing 123 civilians. The remaining two successful drone strikes killed only three al-Qaeda leaders",thenews.com.pk,http://www.thenews.com.pk/daily_detail.asp?id=221847
2010-02-01,23:10:36,awp95,9,Chinese 'iPad' Maker Threatens to Sue Apple for 'Plagiarism',wired.com,http://www.wired.com/gadgetlab/2010/02/chinese-ipad-maker-threatens-to-sue-apple-for-plagiarism/
2010-02-01,22:12:04,awoje,9,"Jewish Star in Gaza field causes stir. ""Someone"" drew it during Cast Lead, and now it's finally been exposed (actually, the Goldstone report mentioned it, but there was a tiny cover up)",jpost.com,http://www.jpost.com/Israel/Article.aspx?id=167458
2010-02-01,10:09:58,awhiz,11,Kremlin takes its revenge on the oligarchs,independent.co.uk,http://www.independent.co.uk/news/world/europe/kremlin-takes-its-revenge-on-the-oligarchs-1884355.html
