2010-05-20,00:52:43,c5ylv,568,Crackdown in Bangkok [pics],boston.com,http://www.boston.com/bigpicture/2010/05/crackdown_in_bangkok.html
2010-05-19,14:07:12,c5stn,341,"Scientology president's daughter slams 'toxic' church, describes lonely childhood of forced separation from parents",youtube.com,http://www.youtube.com/watch?v=RATcvTJ2SsA
2010-05-19,23:44:32,c5xng,220,Top Italian policemen get up to five years for violent attack on G8 protesters ,guardian.co.uk,http://www.guardian.co.uk/world/2010/may/19/g8-italian-police-sentenced
2010-05-19,08:10:47,c5pqs,124,"""How can I disturb social order? What happens in my house is a private matter.""  -- Swingers on trial in China. ",google.com,http://www.google.com/hostednews/ap/article/ALeqM5hdYzBxaDDQG6Kv-B9PwgJbTWzkLgD9FPBEQ82
2010-05-20,00:56:29,c5yn8,90,Germany bans naked short selling and the trading of naked credit default swaps involving euro zone debt. The bans target two types of speculative trading that have been blamed for exacerbating the financial crisis and Europe's sovereign debt crisis.,spiegel.de,"http://www.spiegel.de/international/europe/0,1518,695679,00.html"
2010-05-19,19:10:37,c5v1r,62, Non-crew in cockpit in Polish president's plane crash,news.bbc.co.uk,http://news.bbc.co.uk/2/hi/europe/10125435.stm
2010-05-20,05:40:34,c6205,56,"Abu Dhabi woman reports gang rape and is charged with illegal sex. The court's reasoning: She had agreed to be in a car with a man, so she had agreed to sex.",thenational.ae,http://www.thenational.ae/apps/pbcs.dll/article?AID=/20100518/NATIONAL/705179850/1010
2010-05-20,04:42:11,c619v,46,"Former ministers: legalise all drugs! - ‘Save the country, legalise drugs’. Under this striking banner, two former Dutch government ministers (for Foreign Affairs and Health) are launching their revolutionary plan.",rnw.nl,http://www.rnw.nl/english/article/former-ministers-legalise-all-drugs
2010-05-20,03:29:21,c60fy,39,"Experts feared that it would happen -- and now it has. The devastating oil spill in the Gulf of Mexico has come in contact with a strong ocean current. As a result, the oil could end up further afield, with unforeseen and potentially devastating consequences.[+gallery]",spiegel.de,"http://www.spiegel.de/international/world/0,1518,695610,00.html"
2010-05-19,19:22:52,c5v50,36,"Brazil wants Iran sanctions dropped: ""I think that ignoring this agreement would be despising a peaceful solution""",presstv.ir,http://www.presstv.ir/detail.aspx?id=126972&sectionid=351020104
2010-05-19,19:16:29,c5v3c,31,Britain rejects Falkland Islands talks with Argentina,guardian.co.uk,http://www.guardian.co.uk/uk/2010/may/18/falkland-islands-sovereignty-britain-argentina
2010-05-19,17:56:04,c5ujc,32,"I did not know that boycotting your occupier's goods, the ones that are produced on your stolen land, is an ""act of hate""!",haaretz.com,http://www.haaretz.com/news/national/settlers-palestinian-boycott-is-an-act-of-hate-1.290947
2010-05-20,00:39:19,c5yej,32,"World's fish stocks may vanish in 40 years - More than 20 million people employed in the fishing industry may need to be retrained for other work over the next 40 years if the final collapse of fish stocks in the world's oceans is to be avoided, the UN has warned.",smh.com.au,http://www.smh.com.au/world/worlds-fish-stocks-may-vanish-in-40-years-20100518-vcb4.html
2010-05-20,04:05:34,c60ul,21,President of France's cabinet approves bill to ban full Islamic veil ,guardian.co.uk,http://www.guardian.co.uk/world/2010/may/19/nicolas-sarkozy-defends-veil-ban
2010-05-19,12:04:24,c5rt1,15,White House okays missile defense aid for Israel,worldtribune.com,http://www.worldtribune.com/worldtribune/WTARC/2010/ss_israel0424_05_18.asp
2010-05-20,04:24:57,c612q,9,WikiLeaks founder has his passport confiscated,salon.com,http://www.salon.com/news/opinion/glenn_greenwald/2010/05/19/wikileaks
2010-05-19,13:17:45,c5sfm,11,BREAKING VIDEO: Troops move in on Red Shirts camp,youtube.com,http://www.youtube.com/watch?v=LOJpleYQTPA
2010-05-19,19:44:45,c5var,13,Pakistan will block Facebook because of 'Draw Muhammad Day'.,dawn.com,http://www.dawn.com/wps/wcm/connect/dawn-content-library/dawn/news/pakistan/03-lhc-orders-block-of-facebook-over-caricatures-ss-02
2010-05-19,12:13:12,c5rw8,11,Refugee advocates say at least nine asylum seekers returned to Sri Lanka by the Howard government were killed and those sent back in past year have been held in police custody and some assaulted.,abc.net.au,http://www.abc.net.au/news/stories/2010/05/19/2903429.htm
2010-05-19,12:45:07,c5s5r,12,Euro drops to new four-year low against US dollar,news.bbc.co.uk,http://news.bbc.co.uk/2/hi/business/10124179.stm
2010-05-19,14:21:28,c5syd,11,Tensions getting high on University of Victoria campus after police intervene between pro- and anti-bunny factions.,vancouversun.com,http://www.vancouversun.com/technology/Police+intervene+clash+between+university+rabbit+lovers/3044427/story.html
2010-05-20,01:51:23,c5z8j,7,Facebook is a major influence on girls: 40% of girls identified Facebook as one of the most important things in their lives - compared with 6% of boys.,news.bbc.co.uk,http://news.bbc.co.uk/2/hi/uk_news/education/10121931.stm
2010-05-19,23:39:08,c5xki,6,New photocopy rules in Tibet city,news.bbc.co.uk,http://news.bbc.co.uk/go/rss/-/2/hi/asia-pacific/8692558.stm
2010-05-19,23:55:29,c5xsy,5,"Based on investigations of the wreckage, South Korea will formally blame North Korea for sinking one of its navy vessels in March.",english.aljazeera.net,http://english.aljazeera.net/news/asia-pacific/2010/05/201051924943232742.html
2010-05-20,01:53:13,c5z9f,4,"Italian Journalist Reported Killed, at least Three Other Journalists Injured, as Riots Sweep Bangkok ",freemedia.at,http://www.freemedia.at/press-room/public-statements/press-releases/singleview/4949/
2010-05-19,23:42:11,c5xm3,6,"Africa’s middle class: striving to develop a continent.  50 years after Africa's independence boom, middle class drives economic growth, democracy. ",globalpost.com,http://www.globalpost.com/dispatch/africa/100514/africa%E2%80%99s-middle-class-striving-develop-continent
2010-05-19,17:44:34,c5uga,3,Police to get more powers over charging crime suspects,news.bbc.co.uk,http://news.bbc.co.uk/2/hi/uk_news/8691043.stm
2010-05-20,03:14:39,c60a5,3,"The European Court of Human Rights has ruled that German laws on preventive detention is a violation of their human rights. Now Germany will be forced to release almost 200 felons, including convicted rapists and multiple murderers. The first offender has already been released.",spiegel.de,"http://www.spiegel.de/international/germany/0,1518,695737,00.html"
2010-05-19,20:04:23,c5vfs,5,Syrian and Israeli bloggers try to resolve their differences online. Until trolls show up and start WW3,guardian.co.uk,http://www.guardian.co.uk/world/2010/may/19/syria-israel-bloggers-online-peace/print
2010-05-19,15:09:12,c5tdb,4,Thai troops enter red-shirt protest camp in Bangkok,news.bbc.co.uk,http://news.bbc.co.uk/1/hi/world/asia_pacific/10124369.stm
