2010-10-02,21:44:04,dlvqa,1014,"The Flotilla Attack may bring major consequences says UN Expert: Because Israel attacked in international waters a ship that was populated and flagged by a signatories of the ICC Rome Statute, it is now possible that Israel will be brought before the International Criminal Court to face charges.",france24.com,http://www.france24.com/en/20100928-icc-can-examine-aid-flotilla-case-un-expert
2010-10-02,00:45:19,dljcv,495,"US infected Guatemalans with syphilis in 1940s - A college professor has discovered that the US govt in the 1940s infected Guatemalans with sexually transmitted diseases in an experiment conducted without the knowledge of the 1,500 men and women - some of them patients in a mental hospital.",boston.com,http://www.boston.com/news/health/blog/2010/10/us_infected_gua.html?p1=News_links
2010-10-02,08:10:21,dlpn7,341,US medical tests in Guatemala 'crime against humanity',bbc.co.uk,http://www.bbc.co.uk/news/world-us-canada-11457552
2010-10-02,01:52:48,dlkfv,157,"U.N. Report finds Israel ""summarily executed"" U.S. citizen on flotilla",salon.com,http://www.salon.com/news/opinion/glenn_greenwald/2010/10/01/flotilla/index.html
2010-10-02,07:30:50,dlp6p,77,We often make the mistake of believing that Americans were better behaved 50 or so years ago.,msnbc.msn.com,http://www.msnbc.msn.com/id/39463624/ns/health-health_care/
2010-10-03,01:16:10,dlxg9,48,CIA Escalates Campaign in Pakistan - The U.S. military is secretly diverting aerial drones and weaponry from the Afghan battlefront to significantly expand the CIA's campaign against militants in their Pakistani havens.,online.wsj.com,http://online.wsj.com/article/SB10001424052748704029304575526270751096984.html
2010-10-03,02:20:40,dly3n,45,The EU is taking the UK government to court for invasion of internet privacy. This is what the EU is for.,guardian.co.uk,http://www.guardian.co.uk/technology/2010/oct/01/eu-online-privacy?showallcomments=true#end-of-comments
2010-10-02,23:46:48,dlwmt,42," A bumpier but freer road - India's growth should soon outstrip China's, because India has a younger population and a freer economy. But can India can stay ahead, given its poor infrastructure, low skills, bad schools, patchy government?",economist.com,http://www.economist.com/node/17145035
2010-10-03,01:25:26,dlxj2,37,Foxconn raises pay rates by two third at Chinese factory to combat low morale,guardian.co.uk,http://www.guardian.co.uk/world/2010/oct/01/foxconn-raises-salaries-chinese-plant
2010-10-02,11:48:00,dlrqp,33,Egypt's new political dawn: The emergence of Mohamed ElBaradei as a political player has led Egyptians to dream of a more democratic society. ,english.aljazeera.net,http://english.aljazeera.net/indepth/opinion/2010/09/201093011464564228.html
2010-10-03,00:24:42,dlwyu,32,"A new computer game where players assume the roles of border guards and shoot people trying to escape from communist East Germany has unleashed a storm of controversy in Germany. The game's creator says he wanted to teach young people about history, but he has been accused of glorifying violence.",spiegel.de,"http://www.spiegel.de/international/germany/0,1518,720467,00.html"
2010-10-02,19:46:37,dlv1g,29,"US apologises for '40s syphilis study in Guatemala - Enough said, now move along. If you say you're sorry that is the main thing isn't it?",independent.co.uk,http://www.independent.co.uk/news/world/americas/us-apologises-for-40s-syphilis-study-in-guatemala-2095794.html
2010-10-02,23:40:47,dlwko,24,"North Korea's New Collective Leadership - Clear, brisk interview with foreign-policy expert, on Kim Jong-Il's succession strategy. Which consists of putting country in hands of an untested 26-year-old, his alcoholic aunt, and her husband, the army boss",cfr.org,http://www.cfr.org/publication/23050/north_koreas_new_collective_leadership.html
2010-10-02,10:27:00,dlr0x,24,"The battle over the rebuilding of the central train station in Stuttgart, Germany, has escalated massively. Angela Merkel has pushed strongly for the project this week, and the harsh response by police to protesters could come back to haunt both the chancellor and her party.",spiegel.de,"http://www.spiegel.de/international/germany/0,1518,720807,00.html"
2010-10-02,10:27:45,dlr18,12,"In spite of the upswing in their country's fortunes under President Lula da Silva, many Brazilians continue to leave their home in search of a better life in the United States. Yet Mexico's drug war represents a dangerous hurdle in the path of many illegal migrants.",spiegel.de,"http://www.spiegel.de/international/world/0,1518,720485,00.html"
2010-10-02,08:19:45,dlpqy,14,UN report says DR Congo killings may be genocide,bbc.co.uk,http://www.bbc.co.uk/news/world-africa-11457290
2010-10-02,20:48:11,dlve0,12,"Nokia runs all the way to the bank with  bankless money transfer by phone, aimed at people living on under $2 a day",theregister.co.uk,http://www.theregister.co.uk/2010/10/01/nokia/
2010-10-03,01:19:27,dlxh7,10,Afghan insurgents caused Canadian chopper crash - An investigation by Canadian military officials has confirmed that insurgents in Afghanistan were responsible for forcing down a Chinook helicopter in August.,thestar.com,http://www.thestar.com/news/world/article/869733--afghan-insurgents-caused-canadian-chopper-crash-military?bn=1
2010-10-02,11:29:51,dlrk0,10,Former Pakistani military ruler Musharraf launches new political party ,theglobeandmail.com,http://www.theglobeandmail.com/news/world/former-pakistani-military-ruler-musharraf-launches-new-political-party/article1737521/
2010-10-02,22:11:55,dlvx1,9,Travel Advisory: China Warns Nationals Against Travel to Japan Following Right Wing Attack on Chinese Tour Bus,accidentaltravelwriter.net,http://www.accidentaltravelwriter.net/?p=4829
2010-10-03,02:08:20,dlxzi,7,Iran 'detains western spies' after cyber attack on nuclear plant,guardian.co.uk,http://www.guardian.co.uk/world/2010/oct/02/iran-western-spies-cyber-attack
2010-10-02,14:06:24,dlsxi,7,BBC News - Druidry to be classed as religion by Charity Commission,bbc.co.uk,http://www.bbc.co.uk/news/uk-11457795
2010-10-03,04:17:59,dlz8n,4,China Launches Moon Probe ,frequency.com,http://www.frequency.com/video/china-launches/306613?embed=true
2010-10-02,22:46:53,dlw6g,5,Indonesian train crash kills at least 36,guardian.co.uk,http://www.guardian.co.uk/world/2010/oct/02/indonesian-train-crash-kills-dozens
2010-10-03,05:12:45,dlzsa,3,Chinese Spring for $6K Toilets - China’s surging economy has created a new middle class leading to a demand for fancy toilets,latimes.com,"http://www.latimes.com/business/la-fi-china-toilets-20101002,0,5444049.story"
2010-10-02,20:35:04,dlvbf,4,"Pakistan floods: 'When the children come running, it makes my heart drop'",guardian.co.uk,http://www.guardian.co.uk/world/2010/oct/01/pakistan-floods-us-military
2010-10-03,07:56:10,dm1ax,3,China Makes Greece An Offer They Can't Refuse,newscastmedia.com,http://newscastmedia.com/greecedebt.htm
2010-10-02,15:06:46,dltdx,1,Egyptian women taking the wheel in male-dominated taxi industry,edition.cnn.com,http://edition.cnn.com/2010/WORLD/africa/10/01/egypt.female.taxi.driver/index.html?hpt=C2
2010-10-03,04:20:54,dlz9o,0,"TheUSA, between 1946 and 1948, infected 1,500 Guatemalans with injections of syphilis and gonorrhea without their consent.",worldmeets.us,http://worldmeets.us/sigloveintiuno000007.shtml#axzz11ENC5azR
2010-10-02,22:01:23,dlvud,1,Panda's death intensifies diplomatic spat between China and Japan... Will we have the First Panda War?,msnbc.msn.com,http://www.msnbc.msn.com/id/39165953/ns/world_news-asiapacific/
