2010-09-18,21:02:33,dflxn,469,"Netanyahu: ""Within three to five years, we can assume that Iran will...produce a nuclear bomb. [The nuclear threat] must be uprooted by an international front headed by the US."" 2010? Nope, try 1995. ",highbeam.com,http://www.highbeam.com/doc/1P1-5980406.html
2010-09-19,02:27:06,dfonv,74,"""I do not mind dying if it helps to improve the situation of my people"": Interview with a female Afghan candidate for parliament",dw-world.de,"http://www.dw-world.de/dw/article/0,,6009126,00.html"
2010-09-18,16:30:57,dfk94,72,Robert Mugabe's darkest secret: An £800bn blood diamond mine run with China's Red Army,dailymail.co.uk,http://www.dailymail.co.uk/news/worldnews/article-1313123/Robert-Mugabes-darkest-secret-An-800bn-blood-diamond-run-Chinas-Red-Army.html
2010-09-18,16:36:57,dfkas,40,Communists lured to their deaths by MI6 with promise of sex - Telegraph,telegraph.co.uk,http://www.telegraph.co.uk/news/newstopics/politics/defence/8010063/Communists-lured-to-their-deaths-by-MI6-with-promise-of-sex.html
2010-09-18,15:06:30,dfjjv,24,How right wing extremists could hold Sweden to ransom ,guardian.co.uk,http://www.guardian.co.uk/world/2010/sep/18/swedish-elections-far-right
2010-09-18,21:29:08,dfm3r,19,"Pope in London: ""Sorry about touching all those little boys. God will forgive us"" ",cnn.com,http://www.cnn.com/2010/WORLD/europe/09/18/uk.pope.visit/index.html?hpt=C1
2010-09-19,07:34:43,dfrnw,18,Tony Blair Defends the Iraq War: ‘What I Thought I Had to Do’,newsweek.com,http://www.newsweek.com/2010/09/18/tony-blair-defends-the-iraq-war.html
2010-09-19,04:18:59,dfpsn,15,Pope apologizes on abuse as thousands protest in London ,globalpost.com,http://www.globalpost.com/breaking-news/global/pope-start-uk-trip-amid-new-diplomatic-hiccup
2010-09-19,01:53:26,dfob5,14,Bomb suspect 'targeted' Danish paper Jyllands-Posten - Danish police think a man hurt in a blast was making a letter bomb to use against a newspaper which published cartoons of the Prophet Muhammad. ,bbc.co.uk,http://www.bbc.co.uk/news/world-europe-11345887
2010-09-18,16:49:39,dfkds,14,"John Freeborn, British Fighter Pilot, Dies at 90 ",nytimes.com,http://www.nytimes.com/2010/09/17/world/europe/17freeborn.html?_r=1&src=me&ref=world
2010-09-18,09:53:53,dfgl0,14,"Rumours about Abu Ghraib-like photos stemming 
from a Danish Afghanistan deployment in 2002",dr.dk,http://www.dr.dk/Nyheder/Andre_sprog/English/2010/09/15/093649.htm
2010-09-18,21:45:53,dfm7s,12,"Dominican Republic or Bust - Postcard from Haiti's other half, ""an oasis of heaving bosoms, tropical breezes, brightly colored birds, salty food, beer, merengue, and the happiest-looking German sex tourists I’ve ever seen"" ",city-journal.org,http://www.city-journal.org/2010/20_3_diarist-dominican-republic.html
2010-09-18,12:31:19,dfi3z,8,Waughnabes - The return of snobbery in Cameron's Britain,foreignpolicy.com,http://www.foreignpolicy.com/articles/2010/09/16/waughnabes?page=full
2010-09-18,23:03:30,dfmr3,10,"Pope Benedict XVI has expressed his ""deep sorrow"" for the ""unspeakable crimes"" of child abuse within the Catholic Church.",bbc.co.uk,http://www.bbc.co.uk/news/uk-11354357
2010-09-19,07:23:23,dfrkj,11,"Thailand: Sept 19 coup, four years on... bloodbath at Ratchaprasong, four months later",links.org.au,http://links.org.au/node/1899
2010-09-19,03:27:51,dfpag,7,Robert Mugabe's real darkest secret - he's a chicken,iol.co.za,http://www.iol.co.za/index.php?set_id=1&click_id=84&art_id=vn20100914042415603C991729
2010-09-19,00:16:07,dfncx,10,Africa leads fall in HIV infections,english.aljazeera.net,http://english.aljazeera.net/news/africa/2010/09/20109188292312932.html
2010-09-19,05:34:25,dfqi9,7,Venezuela's economy: Disappearing dollars ,economist.com,http://www.economist.com/node/17043041
2010-09-19,02:55:58,dfoyk,5,"Arab League rejects ""Jewish state""",elderofziyon.blogspot.com,http://elderofziyon.blogspot.com/2010/09/arab-league-rejects-jewish-state.html
2010-09-18,08:47:21,dffw6,6,German foreign minister marries gay partner,expatica.com,http://www.expatica.com/de/news/german-news/german-foreign-minister-marries--gay-partner-report_97137.html
2010-09-19,01:38:52,dfo5u,6,Tens of thousands protest in Berlin against government's proposed extension of the lifespans of Germany's atomic reactors,dw-world.de,"http://www.dw-world.de/dw/article/0,,6018507,00.html"
2010-09-19,01:56:18,dfoc0,4,Teenage girls can change the world - The Globe and Mail,theglobeandmail.com,http://www.theglobeandmail.com/news/opinions/teenage-girls-can-change-the-world/article1712789/
2010-09-18,15:04:45,dfjj5,6,Thailand: Thousands demand release of political prisoners (+ photo essay),links.org.au,http://links.org.au/node/1898
2010-09-19,02:51:19,dfowy,3,Surviving leaders of the Khmer Rouge indicted,dw-world.de,"http://www.dw-world.de/dw/article/0,,6011520,00.html"
2010-09-19,07:53:25,dfrtz,0,Radical Islam on rise in Balkans,washingtonpost.com,http://www.washingtonpost.com/wp-dyn/content/article/2010/09/18/AR2010091801831.html
2010-09-19,05:15:03,dfqbt,0,Air India bomb-maker convicted of perjury  ,theglobeandmail.com,http://www.theglobeandmail.com/news/national/british-columbia/air-india-bomb-maker-convicted-of-perjury/article1713332/
2010-09-18,11:11:26,dfhay,0,"Win some, lose some - 
The more they are understood, the more mysterious they become | The Economist",economist.com,http://www.economist.com/node/17035953
2010-09-18,12:18:29,dfhz9,0,The airbrushing of Middle East history,spectator.co.uk,http://www.spectator.co.uk/melaniephillips/6271419/the-airbrushing-of-middle-east-history.thtml
2010-09-18,11:27:11,dfhh7,0,"On Saturday, Afghan voters will again head to the voting booth, this time to elect members to the Afghan National Assembly, known as the Wolesi Jirga. This election, the second in the history of the legislative body, was initially scheduled for late May",fivethirtyeight.blogs.nytimes.com,http://fivethirtyeight.blogs.nytimes.com/2010/09/17/complex-formulas-governing-the-afghan-elections/
