2010-10-30,21:11:12,dyo4e,1222,"Facing $113 Billion in Potential Damages, Chevron Lawyers Seek Any Opportunity to Delay: “The evidence clearly shows Chevron used illegal practices that resulted in the massive destruction of the rainforest in Ecuador and the decimation of indigenous groups and other local residents”",businesswire.com,http://www.businesswire.com/news/home/20101029005858/en/Amazon-Defense-Coalition-Chevron-Lawyers-Sanctioned-Obstructing
2010-10-30,04:16:33,dye8e,629,Former Mexican President Vicente Fox on California marijuana legalization: 'May God let it pass',rawstory.com,http://www.rawstory.com/rs/2010/10/mexican-president-california-marijuana-legalization-may-god-pass/
2010-10-30,08:36:03,dyhsb,64,"When devastating floods hit Pakistan, the world rushed to help. But while the horror has slipped from our TV screens, millions remain stranded",guardian.co.uk,http://www.guardian.co.uk/world/2010/oct/30/pakistan-floods-aftermath
2010-10-30,14:28:07,dylcw,33," If Roman Polanski wanted to make a film in New Zealand, the government would be more than happy to lower the age of consent to 13.",guardian.co.uk,http://www.guardian.co.uk/commentisfree/2010/oct/29/the-hobbit-new-zealand-actors-union
2010-10-30,22:59:22,dyoy5,27,"MEXICO CITY (AP) - The director of a maximum-security federal prison notorious for the escape of Mexico's top kingpin was arrested for alleged ties to drug gangs, authorities said Friday",elpasotimes.com,http://www.elpasotimes.com/ci_16469077?source=most_viewed
2010-10-30,11:51:16,dyjus,25,"""Young people here are changing their minds and attitudes. No one is harassing us to think one way. Religion is available, and I worship God, but people who are praying and going to the mosque are also playing billiards and going to the coffee shops.”",nytimes.com,http://www.nytimes.com/2010/10/30/world/middleeast/30sadrcity.html
2010-10-30,11:43:29,dyjrw,25,"Intercepted device likely a cell phone, photo analysis shows  ",cnn.com,http://www.cnn.com/2010/US/10/29/security.concern.device/index.html?hpt=T1
2010-10-30,18:06:43,dymzg,19,Yemen astonished at explosives link,thisislondon.co.uk,http://www.thisislondon.co.uk/standard/article-23892994-yemen-astonished-at-explosives-link.do
2010-10-30,23:02:24,dyoys,16,"In this land of cotton and alfalfa fields, residents live terrified by the drug cartels. People living in Juárez y Reforma have gotten used to seeing killings, kidnappings, houses and shops on fire, and the constant presence of the Mexican army",elpasotimes.com,http://www.elpasotimes.com/news/ci_16463808?source=most_viewed
2010-10-31,05:21:02,dytz0,14,Turkish document defines Israel as 'central threat',jpost.com,http://www.jpost.com/MiddleEast/Article.aspx?id=193322
2010-10-30,21:59:49,dyoh5,12,Arundhati Roy's controversial speech on the Indian state and the insurgencies across India (crosspost from /r/India),youtube.com,http://www.youtube.com/watch?v=YVAcud2ESaM
2010-10-31,02:08:19,dyrlt,7,New North Korea sanctions imposed by Canadian Government,examiner.com,http://www.examiner.com/canada-government-in-canada/new-north-korea-sanctions-imposed-by-canadian-government
2010-10-30,22:24:05,dyoo8,7,"Hondurans Denounce Return of Death Squads. ""Death squads have reappeared in
Honduras since the June 28, 2009 military coup, and they are targeting
teachers, human rights activist Berta Oliva charged...""",redantliberationarmy.wordpress.com,http://redantliberationarmy.wordpress.com/2010/10/30/hondurans-denounce-return-of-death-squads/
2010-10-30,23:24:26,dyp6m,5,"""Apparently it is more important to save the Greeks and liberated countries than the Indians and there is reluctance either to provide shipping or to reduce stocks in this country,""",bbc.co.uk,http://www.bbc.co.uk/blogs/thereporters/soutikbiswas/2010/10/how_churchill_starved_india.html
2010-10-30,08:43:31,dyhvp,3,"Italian Prime Minister's ""bunga bunga"" parties",vancouversun.com,http://www.vancouversun.com/life/Girl+tells+Berlusconi+bunga+bunga+party/3741817/story.html
2010-10-30,18:34:12,dyn6r,4,Australian Prime Minister Julia Gillard is having a brief meeting with United States secretary of state Hillary Clinton at the East Asia summit in Vietnam.,abc.net.au,http://www.abc.net.au/news/stories/2010/10/30/3052811.htm
2010-10-30,13:37:05,dykw0,2,"Playboy's Power Games - Colourful, chatty profile of Mikhail Prokhorov, Russian billionaire buyer of New Jersey Nets basketball team. Shows him as super-fit, super-smart, modest, funny. Good read—especially for Prokhorov himself!",nytimes.com,http://www.nytimes.com/2010/10/31/magazine/31prokhorov-t.html?_r=3&amp;src=twt&amp;twt=nytimes&amp;pagewanted=all
2010-10-30,09:49:13,dyilt,3,"President Obama grants waivers to Chad, the Congo, Sudan, and Yemen, which use child soldiers but are strategically important to the US. The waivers mean military aid will continue.",csmonitor.com,http://www.csmonitor.com/USA/Foreign-Policy/2010/1029/Obama-waives-sanctions-for-four-countries-that-use-child-soldiers
2010-10-31,02:35:13,dyrxs,2,"Honduras, August: pro-government forces shut down opposition radio, beat journalists, torture and assassinate teachers and members of resistance.",quixote.org,http://quixote.org/cofadeh-report-august-2010-deadly-month-honduras
2010-10-30,12:48:50,dykfg,2,"The head of Britain's Secret Intelligence Service, popularly known as MI6, has criticized the leaking of secret information. John Sawers also praised his staff for the dangerous and important work they do and said it was important for people to understand why secrecy is ""not a dirty word.""",npr.org,http://www.npr.org/templates/story/story.php?storyId=130895422
2010-10-31,05:39:18,dyu73,0,Pak PM: Nationalization of educational institutions was blunder - PM Gilani declared that Pakistan Peoples Party had made a blunder in its first government in 1972 by nationalizing tens of thousands of schools and colleges in the country.,news.dawn.com,http://news.dawn.com/wps/wcm/connect/dawn-content-library/dawn/news/pakistan/12-nationalization+of+educational+institutions+was+blunder+pm--bi-03
2010-10-31,04:09:19,dyt1q,0,Egyptian Chronicles: AUC Workers Follow Up : And The Strike Goes On,egyptianchronicles.blogspot.com,http://egyptianchronicles.blogspot.com/2010/10/auc-workers-follow-up-and-strike-goes.html?utm_source=feedburner&utm_medium=twitter&utm_campaign=Feed%3A+EgyptianChronicles+%28Egyptian+chronicles%29&utm_content=Twitter
2010-10-31,03:15:50,dysf6,1,"Yemen Arrests Woman for Sending Mail Bombs - CBS 
News",cbsnews.com,http://www.cbsnews.com/stories/2010/10/30/world/main7006883.shtml
2010-10-30,22:11:37,dyoks,0,Haneda Airport Reopens to International Flights Sunday,accidentaltravelwriter.net,http://www.accidentaltravelwriter.net/?p=5242
2010-10-31,06:54:31,dyv42,0,"Palestinians, left-wing activists documented while sawing trees in bid to accuse settlers",ynetnews.com,"http://www.ynetnews.com/articles/0,7340,L-3976976,00.html"
2010-10-30,21:21:39,dyo7a,0,"The EU presents “a depressing example of what the United States might turn into: a federation that is prepared to sacrifice prosperity for the sake of uniformity.” Until recently, the United States offered a pretty clear alternative to Europe. But, possibly not for much longer!",weeklystandard.com,http://www.weeklystandard.com/articles/it-can-happen-here_513320.html
2010-10-31,01:57:11,dyrgo,0,"Turkish Flotilla ""Peace"" Group Visits Terrorists and Plays At War",rubinreports.blogspot.com,http://rubinreports.blogspot.com/2010/10/turkish-flotilla-peace-group-visits.html
2010-10-31,01:58:26,dyqu7,0,"For redditors outside the US, here's a link to C-SPAN's live coverage of the Rally to Restore Sanity and/or Fear. (Mods, please forgive this one transgression of the ""no US politics"" rule. Everyone wins if Sanity comes back to the US.)",c-span.org,http://www.c-span.org/Special/Live-Social.aspx
2010-10-30,23:42:33,dypcf,0,The Führer in the Making - WSJ.com,online.wsj.com,http://online.wsj.com/article/SB10001424052748703673604575550730579575058.html
2010-10-30,23:34:28,dyp9q,0,Where to Celebrate Halloween in Hong Kong « Accidental Travel Writer,accidentaltravelwriter.net,http://www.accidentaltravelwriter.net/?p=5083
