2010-08-23,02:49:31,d44d3,714,Wikileaks founder says Australian intelligence warned him on August 11 to expect personal attacks.,english.aljazeera.net,http://english.aljazeera.net/news/europe/2010/08/2010822135529927326.html
2010-08-23,03:47:06,d44wu,234,Four Israeli warplanes and one spy drone have illegally flown over Lebanon's airspace in the third day of provocative violations of the country's sovereignty.,presstv.ir,http://www.presstv.ir/detail/139561.html
2010-08-23,05:08:20,d45n2,203,33 trapped Chilean miners alive after 17 days ,msnbc.msn.com,http://www.msnbc.msn.com/id/38807555/ns/world_news-americas/
2010-08-24,07:54:12,d4lwb,122,"A few months before South Sudan's referendum, the North, to prevent local shortages, changes the oil revenue stream from US dollars to local currency violating the peace agreement and causing... no one's going to read this article, are they?",bbc.co.uk,http://www.bbc.co.uk/news/world-africa-11063460
2010-08-23,19:52:51,d4daa,69,Former cop takes tourist bus hostage in Philippines,edition.cnn.com,http://edition.cnn.com/2010/WORLD/asiapcf/08/23/philippines.bus.hostages/index.html?hpt=T2#fbid=MdZmoQirlS-&wom=false
2010-08-23,13:23:07,d4a3o,44,The Taliban was in secret peace talks with Afghan govt. until Pakistan arrested their peace envoy with CIA help,nytimes.com,https://www.nytimes.com/2010/08/23/world/asia/23taliban.html
2010-08-24,02:33:27,d4hru,35,"Cannabis electric car being made in Canada - 
The car's body will be made of an impact-resistant composite material produced from mats of hemp, a plant from the cannabis family.",cbc.ca,http://www.cbc.ca/technology/story/2010/08/23/cannabis-hemp-electric-car-kestrel-motive.html
2010-08-23,18:37:26,d4cq2,24,Germany slapping RFID tags on its populace for the sake of brisker bureaucracy,engadget.com,http://www.engadget.com/2010/08/23/germany-slapping-rfid-tags-on-its-populace-for-the-sake-of-brisk/
2010-08-24,07:18:27,d4li1,20,Human trafficking victims tell stories of modern-day slavery,dw-world.de,"http://www.dw-world.de/dw/article/0,,5935051,00.html"
2010-08-24,00:39:16,d4g8a,19,Norwegian government divests from 2 firms that help build Israeli settlements.,norwatch.no,http://www.norwatch.no/201008231448/english/fund/government-fund-divests-from-settlement-companies.html
2010-08-23,09:07:35,d47rl,18,"Afghan President Hamid Karzai renewed his demand that private security firms in Afghanistan disband by year’s end, saying they are a source of corruption that’s undermining support for the war against the Taliban insurgency.",bloomberg.com,http://www.bloomberg.com/news/2010-08-22/karzai-says-corrupt-private-security-firms-are-undermining-afghanistan-war.html
2010-08-24,07:55:01,d4lwq,16,Whites-only fund fights to stay white - A high court ruling which made an educational fund for poor white girls available to girls from all races was disputed in the Supreme Court of Appeal.,timeslive.co.za,http://www.timeslive.co.za/local/article618768.ece/Whites-only-fund-fights-to-stay-white
2010-08-23,22:41:27,d4eu5,14,"Bodies hung from bridge in Cuernavaca, Mexico",bbc.co.uk,http://www.bbc.co.uk/news/world-latin-america-11054730
2010-08-23,21:47:54,d4eao,15,The driver of a bus seized by a heavily armed gunman in the Philippine capital says all remaining hostages inside the bus have been killed.,english.aljazeera.net,http://english.aljazeera.net/news/asia-pacific/2010/08/201082312315581853.html
2010-08-23,23:26:14,d4faa,12,"Bloody end to bus hostage drama
",abc.net.au,http://www.abc.net.au/news/stories/2010/08/23/2991267.htm?section=justin
2010-08-23,18:22:47,d4clf,12,NZ raises legal age for buying alcohol,abc.net.au,http://www.abc.net.au/news/stories/2010/08/23/2991076.htm?section=justin
2010-08-23,22:43:35,d4euw,12,"Indonesian government sits idly by as Islamic Defender's Front, called thugs by most, runs amok with ""vigilante justice""",globalpost.com,http://www.globalpost.com/dispatch/indonesia/100822/fpi-islam-vigilante-justice
2010-08-24,01:56:46,d4haw,11,"French soldiers killed in Afghanistan - Two French soldiers were killed and three more have been wounded in fighting in Afghanistan, President Nicolas Sarkozy's office has said.",bbc.co.uk,http://www.bbc.co.uk/news/world-south-asia-11060742
2010-08-23,23:27:46,d4fb1,9,Report: Water supplied in Gaza unfit for drinking; Israel prevents entry of materials needed to repair system,btselem.org,http://www.btselem.org/English/Gaza_Strip/20100823_Gaza_water_crisis.asp
2010-08-24,07:03:52,d4lcs,9,Increased export of Norwegian arms - The value of Norwegian arms export has trebled over the last five years. The partly state-owned Kongsberg Group and Nammo alone have exported arms and ammunition worth NOK 12.5 billion since 2004.,norwaypost.no,http://www.norwaypost.no/genbus/increased-export-of-norwegian-arms.html
2010-08-23,21:20:36,d4e0o,10,"South Africa: ANC government uses police, army and courts against strikers. ""Strikers at Chris Hani Baragwanath Hospital in Soweto and Helen Joseph hospital in Johannesburg were attacked by South African police using water cannon and rubber bullets last week.""",wsws.org,http://www.wsws.org/articles/2010/aug2010/safr-a23.shtml
2010-08-23,02:46:57,d44cd,11,Wycleaf Jean disqualified from Haitian Presidential Election,nbcchicago.com,http://www.nbcchicago.com/entertainment/celebrity/NATL-Wyclef-Jean-Disqualified-from-Haiti-Election--101207504.html
2010-08-23,19:06:38,d4cxu,7,Germany to roll out ID cards with embedded RFID,ibtimes.com,http://www.ibtimes.com/articles/44536/20100821/identity-cards-with-rfid-chip-on-track-in-germany.htm
2010-08-23,12:20:09,d49kh,10,Trapped Chilean miners found alive after 17 days,edition.cnn.com,http://edition.cnn.com/2010/WORLD/americas/08/22/chile.miners/index.html
2010-08-24,02:44:48,d4hy6,8,"Israel police: Former PM Olmert should stand trial
",google.com,http://www.google.com/hostednews/ap/article/ALeqM5ic6RWeorIMHJ_dmXOp7pIN3VWKiwD9HP80NO0
2010-08-23,23:25:33,d4fa3,9,Spanish hostages 'freed by al-Qaeda in North Africa',bbc.co.uk,http://www.bbc.co.uk/news/world-africa-11060789
2010-08-23,22:32:56,d4eqv,8,North Korea looking for friends on Facebook,skunkpost.com,http://skunkpost.com/news.sp?newsId=3027
2010-08-23,08:07:20,d479g,6,"British Support for Afghan War Falls - According to Angus Reid only 33% of UK citizens support the war in Afghanistan while 57% oppose it. Support for the mission has fallen since June, when 38% of British respondents said they supported the effort.",realclearworld.com,http://www.realclearworld.com/blog/2010/08/british_support_for_afghan_war.html
2010-08-24,07:01:25,d4lbn,7,"Miners in Chile could be trapped for months, must overcome severe mental trauma (Video)",examiner.com,http://www.examiner.com/geopolitics-in-national/miners-chile-could-be-trapped-for-months-must-overcome-severe-mental-trauma-video
2010-08-23,20:14:13,d4dg6,5,UN official attacks international response to Pakistan floods crisis ,guardian.co.uk,http://www.guardian.co.uk/world/blog/2010/aug/23/pakistan-floods-response-united-nations
