2010-06-12,09:58:06,ce4vd,594,Saudi will shut down air defenses to allow Israel to bomb Iranian Nuclear facilities,timesonline.co.uk,http://www.timesonline.co.uk/tol/news/world/middle_east/article7148555.ece
2010-06-12,02:11:25,ce0br,357,Scenes from the Gulf of Mexico - The Big Picture,boston.com,http://www.boston.com/bigpicture/2010/06/scenes_from_the_gulf_of_mexico.html
2010-06-12,09:49:33,ce4tl,273,Australia getting more Big Brother every day: now plans to log all your online activity and access it without a warrant.,theage.com.au,http://www.theage.com.au/technology/technology-news/big-brother-wants-all-your-bits-and-bytes-20100611-y3p3.html
2010-06-12,08:11:04,ce428,99,Public prosecutors in Germany are looking into a war crimes complaint filed against Israel by two members of parliament with the far-left Left Party and a human rights activist who were on board the Mavi Marmara when Israeli troops stormed it 11 days ago.,spiegel.de,"http://www.spiegel.de/international/world/0,1518,700127,00.html"
2010-06-12,09:08:29,ce4iy,57,BREAKING: Cultures of Resistance releases full 1 HR RAW footage from the Mavi Marmara,youtube.com,http://www.youtube.com/watch?v=vwsMJmvS0AY
2010-06-13,02:29:40,ceb6y,60,Israeli agent involved in Dubai assassination arrested in Poland on German arrest warrant,news.bbc.co.uk,http://news.bbc.co.uk/1/hi/world/asia_pacific/10302022.stm
2010-06-12,13:24:03,ce6bc,57,"Video footage has been released that shows a US 
border patrol agent shooting dead a 15-year-old 
Mexican boy. ",news.sky.com,http://news.sky.com/skynews/Home/World-News/Mexico-Border-Shooting-TV-Station-Airs-Mobile-Footage-Of-US-Border-Agent-Apparently-Shooting-Teen/Article/201006215647790?lid=ARTICLE_15647790_Mexico_Border_Shooting%3A_TV_Station_Airs_Mobile_Footage_Of_US_Border_Agent_Apparently_Shooting_Teen&lpos=World_News_First_World_News_Article_Teaser_Region_0
2010-06-13,02:35:42,ceb8w,37,"""If you grew in these circumstances,faced with these choices,would you choose to live in this world,or in the glorious afterlife?"". Inside a School of Suicide Bombers [TEDTalk]",ted.com,http://www.ted.com/talks/lang/eng/sharmeen_obaid_chinoy_inside_a_school_for_suicide_bombers.html
2010-06-13,03:54:21,cebus,33,Finland considers legalizing use of unsecured Wi-Fi citing lack of harm caused,theregister.co.uk,http://www.theregister.co.uk/2010/06/12/finland_unsecured_wifi/
2010-06-12,01:47:44,ce00d,40,A Booming Business in Illegal Cannabis Plantations in Germany - German cannabis plantations are now edging imports from Morocco and Afghanistan out of the market. The trend began after the Dutch government began driving growers out of the country.,spiegel.de,"http://www.spiegel.de/international/germany/0,1518,700108,00.html"
2010-06-12,16:52:02,ce7l1,34,Kyrgyzstan declares state of emergency,guardian.co.uk,http://www.guardian.co.uk/world/kyrgyzstan
2010-06-13,03:42:37,cebrx,31,"  Mao’s Secret Famine Exposed  Behind Paywall - 
Yang Jisheng used position as official journalist to research and publish truth about China's ""Great Leap Forward"" in 1958-61. Perhaps 40m died in world's worst man-made famine
",ft.com,http://www.ft.com/cms/s/2/6a148d26-7432-11df-87f5-00144feabdc0.html
2010-06-13,05:11:46,cecf1,23,Chairman of Goldman Sachs International Was - Until Last Year - Also Chairman of BP,clipmarks.com,http://clipmarks.com/clipmark/6F1A16D9-7DAA-45C3-B53F-10D9F8BC27B0
2010-06-13,00:08:57,ce9zs,22,Vladimir Putin Hints At Return To Russian Presidency In 2012,outsidethebeltway.com,http://www.outsidethebeltway.com/vladimir-putin-hints-at-return-to-russian-presidency-in-2012/
2010-06-12,18:53:19,ce8ap,24,"In preparation of a new report on Bloody Sunday to be published Tuesday (and about to change history), here's a summary of the events of that day",news.bbc.co.uk,http://news.bbc.co.uk/1/hi/northern_ireland/foyle_and_west/10283900.stm
2010-06-13,00:06:12,ce9z4,18,Cape Town runs out of earplugs following deafening Vuvuzela onslaught,newkerala.com,http://www.newkerala.com/news/fullnews-125672.html
2010-06-12,23:02:32,ce9jh,20,Bangladesh 'Eve teasing' craze takes a terrible toll.,news.bbc.co.uk,http://news.bbc.co.uk/1/hi/world/south_asia/10220920.stm
2010-06-12,11:23:59,ce5gx,15,Israeli Official Threatens to Kill Turkish PM,globalresearch.ca,http://www.globalresearch.ca/index.php?context=viewArticle&code=NIM20100610&articleId=19661
2010-06-12,16:18:09,ce7da,16,North Korea warns it will launch a military strike on South Korean loudspeakers,wireupdate.com,http://wireupdate.com/wires/6341/north-korea-says-it-will-launch-military-strike-on-south-korean-loudspeakers-2/
2010-06-12,17:47:59,ce7xl,16,"To save Africa, reject the legitimacy of its states.",nytimes.com,http://www.nytimes.com/2010/06/12/opinion/12englebert.html
2010-06-12,12:00:05,ce5pm,15,Venezuela orders arrest of anti-Chavez TV boss ,globalpost.com,http://www.globalpost.com/breaking-news/global/venezuela-orders-arrest-anti-chavez-tv-boss
2010-06-12,16:31:31,ce7gh,16,"Rebel group in Congo kills 102 civilians per month, abducts children for soldiers, porters, and sex slaves – UN",wireupdate.com,http://wireupdate.com/wires/6345/rebel-group-in-congo-kills-102-civilians-per-month-abducts-children-for-soldiers-porters-and-sex-slaves-un/
2010-06-13,05:30:13,cecjh,14,"7.7 quake hits west of Indian islands - ""The Pacific Tsunami Warning Center issued a tsunami watch for India, Indonesia, Sri Lanka, Myanmar, Thailand and Malaysia.""",msnbc.msn.com,http://www.msnbc.msn.com/id/37661442/ns/world_news-south_and_central_asia/
2010-06-12,18:19:32,ce83m,13,"OECD's much-watched set of broadband metrics: S. Korea has the lowest cost at $1.76, UK - $1.98, Japan - $2.33...",arstechnica.com,http://arstechnica.com/tech-policy/news/2010/06/us-broadband-still-expensive-underwhelming.ars
2010-06-12,14:09:58,ce6ii,10,Austrailia Determined To Lead Way On Internet Snooping,orwellsdreams.wordpress.com,http://orwellsdreams.wordpress.com/2010/06/11/aussies-face-10-year-browsing-lock-up-super-store-of-emails-sites-visited/
2010-06-12,17:11:39,ce7ox,13,Silvio Berlusconi's attack on a free press belongs to the Mussolini age,blogs.telegraph.co.uk,http://blogs.telegraph.co.uk/news/adrianmichaels/100043181/silvio-berlusconis-attack-on-a-free-press-belongs-to-the-mussolini-age/
2010-06-12,22:52:03,ce9h9,9,Afghan Leader Doesn’t Believe West Can Defeat Taliban,outsidethebeltway.com,http://www.outsidethebeltway.com/afghan-leader-doesnt-believe-west-can-defeat-taliban/?utm_source=twitterfeed&utm_medium=twitter&utm_campaign=Feed%3A+OTB+%28Outside+The+Beltway+%7C+OTB%29
2010-06-13,04:15:05,cec0g,11,"Report: Saudi court convicts man, sentences him to prison, 90 lashes for kissing woman in mall",startribune.com,http://www.startribune.com/world/96045299.html?elr=KArksLckD8EQDUoaEyqyP4O:DW3ckUiD3aPc:_Yyc:aUUsA
2010-06-13,06:13:00,cecv2,10,"I know this is old news, but in light of the media screaming that Abby Sunderland should have never been off on her own, I wanted to point out just how much trust children have lost over the years.",dailymail.co.uk,http://www.dailymail.co.uk/news/article-462091/How-children-lost-right-roam-generations.html
2010-06-13,02:11:07,ceb1a,9,Russia won't send troops to Kyrgyzstan,msnbc.msn.com,http://www.msnbc.msn.com/id/37636067
