2010-05-17,17:56:24,c51v9,532,"Chomsky said the interrogators had told him he had written things that the Israeli government did not like. ""I suggested they find any government in the world that likes anything I say,"" he said.",youtube.com,http://www.youtube.com/watch?v=s0vvaNM9J0U
2010-05-17,23:59:47,c55zq,209,"Hamas destroys dozens of homes in southern Gaza... wait, what?
      
    
	- Arab News",arabnews.com,http://arabnews.com/middleeast/article54490.ece
2010-05-18,01:20:22,c5763,191,Protests turn deadly in Thailand [pics],boston.com,http://www.boston.com/bigpicture/2010/05/protests_turn_deadly_in_thaila.html
2010-05-18,02:01:26,c57rh,103,"""It's the greatest bank robbery in world history, and the BANKS ARE DOING THE ROBBING!""",youtube.com,http://www.youtube.com/watch?v=qSorw9DnNO8&feature=player_embedded
2010-05-18,01:02:46,c56xc,87,Heterosexual couple in court battle for their right to the civil union 'partnership' homosexual couples are allowed...,news.bbc.co.uk,http://news.bbc.co.uk/1/hi/world/europe/8687064.stm
2010-05-17,19:13:37,c52mu,83,Israel's apartheid road: Israeli army still banning Palestinians from using highway 443. It's bare-faced segregation,guardian.co.uk,http://www.guardian.co.uk/commentisfree/2010/may/17/israel-palestine-highway-443-segregation/print
2010-05-17,13:13:56,c4z4s,64,Teen's murder sparks Facebook privacy plea,abc.net.au,http://www.abc.net.au/news/stories/2010/05/17/2901537.htm
2010-05-17,20:22:41,c53cv,51,London gets a new bus - 'new Routemaster' design unveiled,news.bbc.co.uk,http://news.bbc.co.uk/1/hi/england/london/8685486.stm
2010-05-18,02:46:09,c58d2,36,"""It's over"" in Iran: One year after pro-democracy protests, residents whisper the regime has won.",globalpost.com,http://www.globalpost.com/dispatch/worldview/100513/iran-democracy-ahmadinejad-green-movement
2010-05-17,10:53:33,c4xqw,34,"""[T]he chances of a successful succession from the first-generation dictator to his son are roughly one in four, and no grandson of a first-generation dictator has ever succeeded in taking over a regime and consolidating his power.""",the-diplomat.com,http://the-diplomat.com/2010/05/12/get-ready-for-dprk-collapse/
2010-05-17,19:20:29,c52pw,35,"Robert Fisk: ""We know all about Guantanamo"". I was wrong. Prisoners could be threatened with ""nightmarish scenarios"" like rendition to Egypt or Israel where, ""they would disappear""",independent.co.uk,http://www.independent.co.uk/opinion/commentators/fisk/robert-fisk-silenced-for-speaking-the-truth-about-guantanamo-1973989.html
2010-05-17,08:50:41,c4wr0,28,BP's Oil Spill is Latest Crime in a History of Plunder,globalresearch.ca,http://www.globalresearch.ca/index.php?context=viewArticle&code=MAJ20100516&articleId=19196
2010-05-17,22:20:40,c54pz,21,G.M. Posts Its First Profit in 3 Years as Sales Rise 40 Percent,nytimes.com,http://www.nytimes.com/2010/05/18/business/18auto.html?hp
2010-05-17,21:57:00,c54fm,17,There is a new proposal in Sydney where developers have the right to bulldoze ecologically sensitive land as long as they protect land somewhere else.,news.smh.com.au,http://news.smh.com.au/breaking-news-national/biobanking-land-purchase-to-go-ahead-20100517-v6me.html
2010-05-17,11:08:50,c4xwh,16,Thai government is preparing a massacre.,theglobeandmail.com,http://www.theglobeandmail.com/news/world/after-days-of-bloodshed-thai-military-poised-to-put-its-foot-down/article1570445/
2010-05-17,11:17:33,c4xz8,18,'Honor killings' aimed at suppressing castes in India,search.japantimes.co.jp,http://search.japantimes.co.jp/print/eo20100517gb.html
2010-05-17,21:01:08,c53rh,17,"Iran Accepts Shipping Uranium to Turkey: 1,200 kilograms, of low enriched uranium to be stored for one year, then they would have the right to receive 120 kilograms of material enriched to 20 percent from Russia and France",nytimes.com,http://www.nytimes.com/2010/05/18/world/middleeast/18iran.html
2010-05-17,10:03:14,c4xas,17,Senior Mexican politician goes missing,youtube.com,http://www.youtube.com/watch?v=reKtePgu6qA
2010-05-17,10:04:56,c4xbe,16,Death in Dubai: Suspect in Mabhouh killing 'had genuine British passport',belfasttelegraph.co.uk,http://www.belfasttelegraph.co.uk/news/local-national/death-in-dubai-suspect-in-mabhouh-killing-had-genuine-british-passport-14810368.html
2010-05-17,15:33:16,c50i1,18,"Retired man spends 7 years on 5,000-piece jigsaw puzzle only to discover one piece is missing",dailymail.co.uk,http://www.dailymail.co.uk/news/article-1278837/Pensioner-spends-seven-years-doing-5-000-piece-jigsaw-puzzle--finds-ONE-bit-missing.html
2010-05-18,00:24:29,c56cd,17,Chavez asks Venezuelans to use Twitter to blow the whistle on currency speculators,google.com,http://www.google.com/hostednews/ap/article/ALeqM5iIXmfBNJajSjTSALM0NN3kO2JB2QD9FO69H03
2010-05-17,14:42:57,c4zzn,15,"After 18 hours of negotiations, Turkey and Brazil seal nuclear fuel swap deal with Iran, details awaited",reuters.com,http://www.reuters.com/article/idUSTRE64F29P20100516
2010-05-17,19:57:27,c533a,14,How Liverpool docks became a hub of Europe's deadly cocaine trade,guardian.co.uk,http://www.guardian.co.uk/world/2010/may/16/liverpool-cocaine-mexico-cartels
2010-05-17,22:23:32,c54re,14,'Many dead' in India bus attack by Maoists,news.bbc.co.uk,http://news.bbc.co.uk/2/hi/south_asia/8687317.stm
2010-05-18,01:59:30,c57qb,15,A Message from Argentina: Our Sympathies to the People of Greece! ,voltairenet.org,http://www.voltairenet.org/article165415.html
2010-05-17,11:52:22,c4yc4,14,Thai authorities ask women & children to leave the protest site. This cannot end well..,voanews.com,http://www1.voanews.com/english/news/asia/Thai-Authorities-Ask-Women-Children-to-Leave-Protest-Site-93897884.html
2010-05-17,22:09:47,c54ks,12,Iran signs nuclear fuel-swap deal with Turkey,news.bbc.co.uk,http://news.bbc.co.uk/2/hi/middle_east/8685846.stm
2010-05-18,02:44:54,c58ce,10,Shepherd whose sheep were grazing on his private property is chased off by man with gun (who proceeds to hit the sheep),youtube.com,http://www.youtube.com/watch?v=6pd4WCf-JTo&feature=related
2010-05-17,19:01:10,c52hz,11,India successfully tests nuclear-capable missile with a 2000-km range. ,timesofindia.indiatimes.com,http://timesofindia.indiatimes.com/India/Nuclear-capable-Agni-II-missile-test-fired-successfully/articleshow/5939276.cms
2010-05-17,10:15:18,c4xdv,12,"Thai protests: Eyewitness accounts ""My fear is that they are going to set [the tyres] alight and try to choke us"" - Foreigner in an apartment block",news.bbc.co.uk,http://news.bbc.co.uk/2/hi/asia-pacific/8684405.stm
