2010-02-07,23:47:36,az4r5,1636,Chevron hires twelve public relations firms to discredit indigenous Indians in Ecuador...in response to $27 billion lawsuit filed against the oil giant for dumping billions of gallons of toxic waste in the Amazon between 1964 and 1990,naturalnews.com,http://www.naturalnews.com/028108_Chevron_Ecuador.html
2010-02-07,05:28:41,ayxp3,507,"With tears in her eyes, she said, ""My husband hired three men and got me raped in front of him because I was tired of his abuse and demanded the divorce that Islam gave me a right to. He didn't even respect me as the mother of his children...I just want justice in the name of God.''",commondreams.org,http://www.commondreams.org/view/2010/02/06-5
2010-02-07,05:24:35,ayxnp,290,G7 nations to cancel Haiti's debt,news.bbc.co.uk,http://news.bbc.co.uk/2/hi/americas/8502567.stm
2010-02-07,20:15:50,az3c7,223,A woman has been tortured by her neighbours for two days and forced to eat human waste before she finally gave in and confessed to practising witchcraft.,abc.net.au,http://www.abc.net.au/news/stories/2010/02/07/2812480.htm
2010-02-08,01:46:26,az5x3,50,"Large explosion at a power plant in Connecticut, US causing mass casualties - 'gas pipeline exploded'",news.bbc.co.uk,http://news.bbc.co.uk/1/hi/world/americas/8503142.stm
2010-02-07,23:00:59,az4dc,47,China’s hawks demand cold war on the US,timesonline.co.uk,http://www.timesonline.co.uk/tol/news/world/asia/article7017951.ece
2010-02-07,15:00:42,az1mi,29,Is America Waging a covert war in Pakistan? [TimesOnline],timesonline.co.uk,http://www.timesonline.co.uk/tol/news/world/middle_east/article7017929.ece
2010-02-07,11:47:53,az0di,30,Why Costa Rica scores well on the happiness index,news.bbc.co.uk,http://news.bbc.co.uk/2/hi/americas/8498456.stm
2010-02-07,20:22:10,az3dk,25,Rape on the rise in Haiti's camps ,independent.co.uk,http://www.independent.co.uk/news/world/americas/rape-on-the-rise-in-haitis-camps-1891514.html
2010-02-07,19:01:05,az2yg,22,Police seize 1.5 tonnes of explosives in ETA Portugal cache,rawstory.com,http://rawstory.com/news/afp/Police_seize_1_5_tonnes_of_explosiv_02062010.html
2010-02-08,04:27:04,az7dy,20,US of Who? Why China is no longer interested in following America's lead.,newsweek.com,http://www.newsweek.com/id/233183
2010-02-07,20:09:51,az3b4,18,The US Department of Justice has said that it is still not satisfied with a deal that would allow search giant Google to build a vast digital library.,news.bbc.co.uk,http://news.bbc.co.uk/2/hi/technology/8500022.stm
2010-02-07,20:22:47,az3dq,16,Blogger describes Xinjiang as an 'internet prison',news.bbc.co.uk,http://news.bbc.co.uk/2/hi/asia-pacific/8492224.stm
2010-02-08,05:41:59,az81b,17,"Our society is afraid of unpopular truths that accurately 
but controversially describe why we're in such a big 
mess. Most people don't want any trouble, so they keep 
quiet.",corrupt.org,http://www.corrupt.org/act/philosophy
2010-02-07,22:52:57,az4bc,13,Chile safeguards its food export success,globalpost.com,http://www.globalpost.com/dispatch/chile/100204/fruit-exports
2010-02-08,03:01:10,az6mo,14,"Annual immigration must be slashed by three-quarters if the UK population is not to reach 70 million by 2030, a senior MP warned today.
",independent.co.uk,http://www.independent.co.uk/news/uk/politics/mp-urges-huge-immigration-cut-to-limit-population-growth-1886828.html
2010-02-07,19:57:59,az392,12,A 47-year-old tribesman gathering food in a north Malaysian forest has fought off a tiger attack armed only with a rock.,abc.net.au,http://www.abc.net.au/news/stories/2010/02/07/2812502.htm
2010-02-07,17:25:42,az2fq,14,Veiled Threats Directed against Russia: U.S. Expands Missile Shield Into Black Sea,roguegovernment.com,http://www.roguegovernment.com/Veiled_Threats_Directed_against_Russia%3A_U.S._Expands_Missile_Shield_Into_Black_Sea/19387/0/18/18/Y/M.html
2010-02-07,13:38:34,az138,12,Uganda gay bill 'will be changed',news.bbc.co.uk,http://news.bbc.co.uk/2/hi/africa/8499798.stm
2010-02-07,11:59:16,az0g7,9,Haitian lawyer for jailed Americans fired - Group’s other attorney says attempt was made to bribe their way out,msnbc.msn.com,http://www.msnbc.msn.com/id/35277307/ns/world_news-haiti_earthquake/
2010-02-07,15:01:34,az1mn,10,Hitchens Has No Clothes: A response to ‘Vidal Loco’,independent.co.uk,http://www.independent.co.uk/arts-entertainment/books/features/hitchens-has-no-clothes-a-response-to-lsquovidal-locorsquo-1891507.html
2010-02-07,09:25:17,ayzdt,9,Bleak Portrait of Haiti Orphanages Raises Fears,nytimes.com,http://www.nytimes.com/2010/02/07/world/americas/07trafficking.html?hp=&pagewanted=all
2010-02-08,03:03:09,az6n7,7,Two Swedish military officers and a local interpreter killed in Afghanistan,thelocal.se,http://www.thelocal.se/24844/20100207/
2010-02-07,16:48:15,az28f,4,My theoretical grasp of the workings of the universe makes voodoo sound like an evidence-based discipline.,heraldscotland.com,http://www.heraldscotland.com/comment/ian-bell/an-inconvenient-truth-about-scientists-1.1004270
2010-02-07,19:11:10,az30u,6,Foreign student visas to be cut by UK,news.bbc.co.uk,http://news.bbc.co.uk/1/hi/uk/8502640.stm
2010-02-08,03:04:19,az6nh,4,"Singing ""My Way"" in a Filipino karaoke bar can get you killed. Frank would of loved that.",nytimes.com,http://www.nytimes.com/2010/02/07/world/asia/07karaoke.html?ref=world
2010-02-08,00:50:54,az5br,4,From a Calcutta brothel to a New York university,news.bbc.co.uk,http://news.bbc.co.uk/2/hi/south_asia/8456643.stm
2010-02-08,01:54:59,az60j,4,Iran’s President Moves Ahead on Uranium Processing,nytimes.com,http://www.nytimes.com/2010/02/08/world/middleeast/08iran.html?hp
2010-02-08,03:05:30,az6nu,4,Iran moves closer to confrontation with West over uranium,telegraph.co.uk,http://www.telegraph.co.uk/news/worldnews/middleeast/iran/7181952/Iran-moves-closer-to-confrontation-with-West-over-uranium.html
2010-02-07,22:30:04,az45e,3,Netanyahu's approval rating declines,politico.com,http://www.politico.com/blogs/laurarozen/0210/Netanyahus_approval_rating_declines.html
