2010-10-23,23:57:00,dvbrk,129,Why is Saudi Arabia stockpiling US weapons?,globalpost.com,http://www.globalpost.com/dispatch/saudi-arabia/101022/why-saudi-arabia-stockpiling-us-weapons
2010-10-23,15:54:44,dv8kh,41,"Open for business: the brothel with 1,800 prostitutes -""I give the girls breakfast, lunch and dinner and they get to keep whatever they make. Do you call that exploitation?"" ",independent.co.uk,http://www.independent.co.uk/news/world/europe/open-for-business-the-brothel-with-1800-prostitutes-2114265.html
2010-10-23,23:54:13,dvbqn,35,"Another crash, this time in the currency markets occurred after hours on Friday - ""DXZ Flash Crash Detonates Entire Currency Complex""",zerohedge.com,http://www.zerohedge.com/article/dxy-flash-crash-detonates-entire-currency-complex
2010-10-23,23:30:46,dvbiz,31,BBC News - Excerpts: Wikileaks Iraq war logs,bbc.co.uk,http://www.bbc.co.uk/news/world-middle-east-11611935
2010-10-24,03:49:24,dve9r,32,"Mexico: Gunmen Kill 13, Wound 15, at Party in Ciudad Juarez",businessweek.com,http://www.businessweek.com/news/2010-10-23/mexico-gunmen-kill-13-wound-15-at-party-in-juarez.html
2010-10-23,11:48:27,dv66a,28,"France Shut-down Over Retirement Age Battle - 
Workers are enraged that Sarkozy is re-neging on his campaign promise to not raise retirement age. ",alternet.org,http://www.alternet.org/story/148571/france_shut-down_over_retirement_age_battle
2010-10-23,10:22:29,dv5bf,17,A UN human rights rapporteur says continued settlement construction will probably make Israel's occupation of Palestinian land irreversible.,bbc.co.uk,http://www.bbc.co.uk/news/world-middle-east-11611658
2010-10-23,22:13:17,dvaxq,19,"The European extreme right is peddling Islamic hatred from France to Denmark, from Italy to Sweden.",alternet.org,http://www.alternet.org/world/148589/islamaphobia_rapidly_spreads_through_europe_/?page=entire
2010-10-23,11:11:56,dv5t4,17,Iraq war logs: US spy balloons blew towards Iran | World news | guardian.co.uk,guardian.co.uk,http://www.guardian.co.uk/world/2010/oct/22/iraq-war-logs-spy-balloons-iran
2010-10-23,13:27:36,dv78n,16,"Under pressure from the government, the French Senate voted Friday to raise the retirement age from 60 to 62, a victory for President Nicolas Sarkozy after days of street rage, acrimonious debate and strikes that dried up the supply of gasoline across the country.",huffingtonpost.com,http://www.huffingtonpost.com/2010/10/22/french-senate-passes-retirement-age-raise_n_772781.html
2010-10-23,12:35:54,dv6pr,17,Haiti is in trouble again: deadly cholera outbreak has killed 196 already,bbc.co.uk,http://www.bbc.co.uk/news/world-latin-america-11608551
2010-10-23,12:55:44,dv6x4,12,Is Turkey turning its back on the West?  No. But it might if Europe and America cannot come to terms with its success ,economist.com,http://www.economist.com/node/17309065
2010-10-24,02:15:17,dvd96,8,"This October Has 5 Fridays, Saturdays, & Sundays, But That Happens Way More Often Than “Once Every 823 Years”",geekosystem.com,http://www.geekosystem.com/5-fridays-saturdays-sundays-not-823-years/
2010-10-23,17:00:11,dv90b,9,Cuba unveils new tax code for small business,cubaupdate-english.blogspot.com,http://cubaupdate-english.blogspot.com/2010/10/cuba-unveils-new-tax-code-for-small.html
2010-10-24,03:45:53,dve8q,6,"WikiLeaks Founder on the Run, Chased by Turmoil (an interesting New York Times article on Julian Assange).",nytimes.com,https://www.nytimes.com/2010/10/24/world/24assange.html
2010-10-23,14:14:59,dv7pe,9,Dark-skinned Swedes live in fear of racist gunman,thefirstpost.co.uk,"http://www.thefirstpost.co.uk/70495,news-comment,news-politics,dark-skinned-swedes-live-in-fear-of-racist-gunman"
2010-10-23,13:16:14,dv74k,4,"The European Court of Human Rights ruled Thursday that Russia had violated the rights of gay activists by refusing to allow them to openly protest, and ordered the government to pay a fine and damages amounting to about $40,000.",forumbiodiversity.com,https://www.forumbiodiversity.com/showthread.php?t=10260
2010-10-23,11:49:21,dv66m,2,BBC News - Child contact vetting system set for major review,bbc.co.uk,http://www.bbc.co.uk/news/uk-11605868
2010-10-23,18:28:35,dv9j0,3,Brazil Enjoying a Growing Number of Potential Housing Buyers,wp.me,http://wp.me/pyozf-y3
2010-10-24,06:27:05,dvfxw,3,Death toll rises from Haitian cholera outbreak,cnn.com,http://www.cnn.com/2010/WORLD/americas/10/23/haiti.cholera/index.html?hpt=T1
2010-10-23,11:21:18,dv5wb,4,Europe Spending Itself to Death - Nicolas Sarkozy's problems in France are a foretaste of fundamental challenges to Western democracies: the inability to govern with growing sovereign debt.,realclearworld.com,http://www.realclearworld.com/articles/2010/10/22/europe_spending_itself_to_death_99244.html
2010-10-24,01:19:29,dvckl,2,BBC News - Mexico gunmen kill 12 young people at party,bbc.co.uk,http://www.bbc.co.uk/news/world-latin-america-11613382
2010-10-23,14:38:57,dv7xn,4,"Not as much a war as an attempt to keep control over a playground where the bullies have automatic weapons and high explosives.  Does anyone see any way that this situation can be ""won""?",nytimes.com,http://www.nytimes.com/interactive/2010/10/22/world/middleeast/22casualties.html
2010-10-23,21:39:32,dvap8,0,NATO is apparently flying and escorting Taliban leaders from their sanctuaries in Pakistan to Kabul for talks with Karzai's government,theglobeandmail.com,http://www.theglobeandmail.com/news/national/time-to-lead/military/taliban-feel-political-power-within-grasp/article1768042/
2010-10-23,18:29:11,dv9j8,1,Real Estate Collapse Spells Havoc in Dubai,wp.me,http://wp.me/pyozf-wk
2010-10-23,23:41:51,dvbmm,0,Buffon cerca casa... a Manchester,wp.me,http://wp.me/pyozf-Dh
2010-10-24,01:44:10,dvcve,0,Mexico: 12 dead in massacre at Ciudad Juarez party,chron.com,http://www.chron.com/disp/story.mpl/ap/top/all/7260830.html
2010-10-23,18:26:47,dv9il,1,News from New York Real Estate,wp.me,http://wp.me/pyozf-AA
2010-10-23,18:09:41,dv9f4,0,Leonardo Di Caprio cerca villa nel veronese,wp.me,http://wp.me/pyozf-CX
2010-10-24,02:03:28,dvd3h,0,North Korea's nuclear family business ,chinapost.com.tw,http://www.chinapost.com.tw/commentary/the-china-post/peter-brookes/2010/10/23/277152/N-Koreas.htm
