2010-07-14,16:15:59,cpdac,424,"2010 Hottest Year on Record so far according to NASA.  That's right.  The Earth has never been hotter than it is right now, at least since we've been keeping records.",sustainabilityninja.com,http://www.sustainabilityninja.com/eco-news/2010-hottest-year-on-record-so-far-82100/
2010-07-14,02:12:28,cp49r,374,"South Korea, which derives 40% of its electricity from nuclear power, wants to reprocess the waste into usable fuel. The US says no way.",nytimes.com,http://www.nytimes.com/2010/07/14/world/asia/14seoul.html?_r=1&partner=rss&emc=rss
2010-07-14,18:19:41,cpe6z,304,"Politicians in Pakistan have been left red-faced after an investigation found dozens of MPs have fake university degrees.
The chief minister of Balochistan Province, Nawab Muhammad Aslam Raisani, told the press: ""A degree is a degree, whether it is fake or genuine.""",abc.net.au,http://www.abc.net.au/news/stories/2010/07/14/2953777.htm
2010-07-15,06:13:08,cpm5c,129,900-year-old Song dynasty drains save Chinese city from deadly floods,telegraph.co.uk,http://www.telegraph.co.uk/news/worldnews/asia/china/7889838/900-year-old-Song-dynasty-drains-save-Chinese-city-from-deadly-floods.html
2010-07-14,23:47:39,cph9k,121,"India considers a ""sterilization first"" policy as population spirals out of control",globalpost.com,http://www.globalpost.com/dispatch/india/100713/population-growth-sterilization-millennium-development-goals
2010-07-14,18:25:11,cpe8n,116,"Britain's actually almost £4 trillion in debt, about 4 x higher than previously acknowledged",independent.co.uk,http://www.independent.co.uk/news/uk/politics/britainrsquos-debt-the-untold-story-2025979.html
2010-07-15,02:05:44,cpj8w,36,"BBC report on the UK's premier scientific bodies ""cease and desist"" letter to EXXON asking them to stop funding groups distorting their views on Global warming.   ",youtube.com,http://www.youtube.com/watch?v=fubJLYm4JJk
2010-07-14,18:44:50,cpee9,28,Chinese factories now compete to woo laborers,chinadaily.com.cn,http://www.chinadaily.com.cn/opinion/2010-07/14/content_10106637.htm
2010-07-14,09:23:15,cp9ey,28,"Chile approves net neutrality (google translation from a spanish blog, sorry about that)",translate.google.com,http://translate.google.com/translate?hl=en&ie=UTF-8&sl=es&tl=en&u=http://www.neutralidadsi.org/2010/07/13/camara-de-diputados-aprueba-el-proyecto-de-ley-de-neutralidad-en-la-red/&prev=_t
2010-07-14,23:53:51,cphcq,27,"Half a million Israelis live on stolen West Bank land. ""A report finds an estimated 300,000 living in 121 official settlements, plus 100,000 in smaller unofficial 'outposts'. The remainder in 12 neighbourhoods annexed to Jerusalem.""",wsws.org,http://www.wsws.org/articles/2010/jul2010/isra-j14.shtml
2010-07-15,03:04:57,cpjxm,22,Interesting BBC piece revealing Japan's bizarre high tech / low tech cultural juxtaposition,bbc.co.uk,http://www.bbc.co.uk/news/10543126
2010-07-14,21:01:56,cpfbl,25,"Iranian nuclear scientist Shahram Amiri, who defected to the US, is now on his way back home to Tehran after a very messy and public re-defection",abcnews.go.com,http://abcnews.go.com/Blotter/shahram-amiri-iranian-nuke-scientist-en-route-iran/story?id=11156542
2010-07-14,20:31:29,cpf2r,21,Four West Australian police officers are being investigated over allegations they misused Tasers on colleagues during an apparent initiation ritual.,abc.net.au,http://www.abc.net.au/news/stories/2010/07/14/2953808.htm
2010-07-15,00:07:59,cphjr,18,The Taliban is training monkey soldiers for Jihad. Makes sense: you don't want to mess with a monkey with an AK-47.,theatlanticwire.com,http://www.theatlanticwire.com/features/view/feature/Taliban-Training-Monkey-Soldiers-for-Jihad-1580
2010-07-14,08:08:42,cp8q2,14,The organisers of a Libyan aid ship bound for Gaza say it's been confronted by an Israeli military vessel and ordered to change its course for Egypt. They also say the boat - called 'Hope' - is refusing to alter its destination and will continue to head to the Palestinian territory. ,youtube.com,http://www.youtube.com/watch?v=jU2Ztsy5DGs
2010-07-14,20:59:11,cpfas,18,French MPs vote to ban Islamic full veil in public,bbc.co.uk,http://www.bbc.co.uk/news/10611398
2010-07-14,16:14:26,cpda3,14,Two more journalists shot and killed in Mexico,knightcenter.utexas.edu,http://knightcenter.utexas.edu/blog/?q=en/node/7824
2010-07-14,20:42:40,cpf65,10,Australian drunk survives attempt to ride crocodile,bbc.co.uk,http://www.bbc.co.uk/news/10611973
2010-07-14,16:01:49,cpd6s,14,"Amy Goodman: Haiti, Six Months After the Earthquake - Truthdig-July 12 marked the six month anniversary of the devastating earthquake in Haiti that killed as many as 300,000 people and left much of the country in ruins.
",truthdig.com,http://www.truthdig.com/report/item/haiti_six_months_after_the_earthquake_20100713/
2010-07-15,04:52:17,cpl8p,11,Classified documents reveal UK's role in abuse of its own citizens,guardian.co.uk,http://www.guardian.co.uk/law/2010/jul/14/torture-classified-documents-disclosed
2010-07-14,22:28:15,cpg8b,10,German policeman wins extra week of holiday for time spent getting dressed,telegraph.co.uk,http://www.telegraph.co.uk/news/worldnews/europe/germany/7889572/German-policeman-wins-extra-week-of-holiday-for-time-spent-getting-dressed.html
2010-07-14,20:06:18,cpex8,10,Anti-Semitic Alliance - The Shared Extremism of Neo-Nazis and Migrant Youth in Germany,spiegel.de,"http://www.spiegel.de/international/germany/0,1518,706245,00.html"
2010-07-14,23:35:45,cph3t,8,"Casual labour on the rise in Germany. ""According to a study published at the end of June, nearly half of the new jobs recently created in Germany are of the low-wage, casual labour type.""",wsws.org,http://www.wsws.org/articles/2010/jul2010/labo-j14.shtml
2010-07-14,01:55:46,cp40v,7,Israel paves the way for killing by remote control,thenational.ae,http://thenational.ae/apps/pbcs.dll/article?AID=/20100713/FOREIGN/707129834/1002
2010-07-15,04:31:22,cpl08,6,"Religion is a cancer. No really, the Vatican is giving people cancer.",bbc.co.uk,http://www.bbc.co.uk/news/world-europe-10634977
2010-07-15,05:10:23,cplg2,5,Classified documents reveal UK's role in abuse of its own citizens,guardian.co.uk,http://www.guardian.co.uk/law/2010/jul/14/torture-classified-documents-disclosed?CMP=twt_gu
2010-07-15,00:44:41,cpi4b,5,Questions raised over Korean torpedo claims ,nature.com,http://www.nature.com/news/2010/100714/full/466302b.html
2010-07-14,08:10:11,cp8qg,6,"Fox News' surprising report: ""Why Palestinians Can't Buy Land in Jerusalem.""",mondoweiss.net,http://mondoweiss.net/2010/07/surprisingly-truthful-fox-news-report-on-jerusalem.html
2010-07-14,22:19:52,cpg4u,8,The French parliament moved on Tuesday to ban the burqa across the country. A similiar law was passed earlier this year in Belgium and others could soon be considered in other European countries. Human rights groups warn it could be a huge setback for women's rights.,spiegel.de,"http://www.spiegel.de/international/europe/0,1518,706446,00.html"
2010-07-14,18:19:54,cpe71,4,"""Abducted"" Iranian scientist flies home: report",news.xinhuanet.com,http://news.xinhuanet.com/english2010/world/2010-07/14/c_111952166.htm
