2010-07-27,10:39:18,cu1bi,1134,"""There's a wide discrepancy, and we need to know."" Canadian military: The loss of four Canadian soldiers in September 2006 was the result of insurgent activity. Newly released WikiLeaks document: The Canadian soldiers weren't killed by the Taliban but rather by friendly fire from U.S. forces.",cbc.ca,http://www.cbc.ca/canada/story/2010/07/26/wikileak-afghanistan-canada-soldiers.html
2010-07-28,00:50:54,cu9jp,289,"British Prime Minister David Cameron calls Gaza a ""prison camp"", a blunt description from a major Western leader about the besieged Palestinian territory.",cnn.com,http://www.cnn.com/2010/WORLD/europe/07/27/cameron.gaza/index.html
2010-07-27,19:33:26,cu5zr,72,How ISI paid Taliban to hit Indians - Wikileaks,news.in.msn.com,http://news.in.msn.com/international/article.aspx?cp-documentid=4200244
2010-07-27,04:23:02,ctx6g,54,Church children beaten and branded for ‘witchcraft’ by preachers in the UK,digitaljournal.com,http://www.digitaljournal.com/article/295134
2010-07-28,00:18:42,cu95t,52,"Cameron: ""Gaza cannot and must not be allowed to remain a prison camp.""",haaretz.com,http://www.haaretz.com/news/international/british-pm-cameron-gaza-must-not-remain-a-prison-camp-1.304393
2010-07-27,23:18:24,cu8cj,44,WikiLeaks fallout: The Taliban and the ISI -- Pakistani intelligence fooled only those who didn't pay attention.,globalpost.com,http://www.globalpost.com/dispatch/worldview/100726/pakistan-ISI-wikileaks
2010-07-28,03:09:47,cube5,40,UK soldier: Jail better than Afghan war - A former British soldier who was previously jailed for refusing to fight in Afghanistan has told an anti-war rally that every second he spent behind bars was worth his decision.,presstv.ir,http://www.presstv.ir/detail.aspx?id=136427&sectionid=351021806
2010-07-27,22:20:57,cu7jy,39,Nobel Peace Prizes 'are being awarded illegally'. Norwegian author claims the committee behind the coveted award routinely violates the terms of Alfred Nobel's will.,independent.co.uk,http://www.independent.co.uk/news/world/europe/nobel-peace-prizes-are-being-awarded-illegally-2034970.html
2010-07-28,02:36:31,cuaxs,32,"The daily newspaper Hankyoreh reported yesterday that Russia has concluded the sinking of the South Korean warship Cheonan was a sea mine accident, not a torpedo attack by North Korea.",joongangdaily.joins.com,http://joongangdaily.joins.com/article/view.asp?aid=2923819
2010-07-27,22:13:35,cu7gj,27,"Bin Laden among latest Wikileaks Afghan revelations - New details, including reports on Osama Bin Laden dating from 2006, have emerged from 90,000 US military files leaked to the Wikileaks website.",bbc.co.uk,http://www.bbc.co.uk/news/world-south-asia-10774419
2010-07-27,21:32:22,cu70o,23,"Pakistan Taliban: ""India is our domain, and we will attack to take possession of it...whether they are Hindus or Jews, they all are the same""",news.rediff.com,http://news.rediff.com/special/2010/jul/26/three-thousand-terrorists-for-india-battle-pak-taliban.htm
2010-07-28,05:51:12,cudij,27,"Cameron backs Turkey's bid to join EU:  ""I believe it is just wrong to say that Turkey can guard the camp but not be allowed to sit in the tent.” ",nytimes.com,http://www.nytimes.com/2010/07/28/world/europe/28iht-britain.html?partner=rss&emc=rss
2010-07-27,18:42:46,cu5l1,23,A clear majority of Danes support the idea of injection cabins for addicts.,politiken.dk,http://politiken.dk/newsinenglish/article1023796.ece
2010-07-27,08:03:37,ctzr2,23,"VIDEO: He may by now be one of the most well known whistleblowers of all time. He publicly makes enemies of those who probably have no compunctions about ordering his assassination. Julian Assange, about how WikiLeaks operates, what it has accomplished, and about what drives him.",antemedius.com,http://www.antemedius.com/content/julian-assange-why-world-needs-wikileaks
2010-07-27,14:32:54,cu3ku,16,It's No Secret: Afghanistan Is a Quagmire - The most shocking thing about the “War Diary” may be that it fails to shock. The documents illustrate how futile—and tragically wasteful—it is to send more young men and women to fight and die in Afghanistan.,truthdig.com,http://www.truthdig.com/report/item/its_no_secret_afghanistan_is_a_quagmire_20100726/
2010-07-28,07:50:02,cuexn,20,Wiki points to Australian cover-up - CLASSIFIED US Defence Department documents leaked to the WikiLeaks website this week suggest the Australian Defence Force covered up the killing of an Afghan policeman by Australian troops.,smh.com.au,http://www.smh.com.au/technology/wiki-points-to-australian-coverup-20100727-10uat.html?autostart=1
2010-07-27,14:22:51,cu3hj,16,Mock Trial; How America is helping to whitewash the Cambodian genocide.,tnr.com,http://www.tnr.com/article/politics/76574/america-whitewash-cambodian-genocide
2010-07-27,10:24:01,cu159,17,Wikileaks founder Julian Assange is 'a hacker fighting for the freedom of information',belfasttelegraph.co.uk,http://www.belfasttelegraph.co.uk/lifestyle/features/wikileaks-founder-julian-assange-is-a-hacker-fighting-for-the-freedom-of-information-14889466.html
2010-07-27,22:14:16,cu7gr,14,Israel demolishes Bedouin village,english.aljazeera.net,http://english.aljazeera.net/news/middleeast/2010/07/201072774211397266.html
2010-07-28,07:09:58,cueht,13,"Four reasons to believe in Brazil, according to The Economist",economist.com,http://www.economist.com/blogs/newsbook/2010/07/brazils_prospects?fsrc=scn/fb/l/bl/believeinbrazil
2010-07-28,05:36:45,cudbm,13,"India kills 200 ""witches"" a year",timesofindia.indiatimes.com,http://timesofindia.indiatimes.com/articleshow/6214183.cms
2010-07-28,06:58:40,cuecz,12,WikiLeaks Has 3 Times More Documents on Iraq Than It Just Released on Afghanistan,newsweek.com,http://www.newsweek.com/blogs/declassified/2010/07/27/wikileaks-iraq-cache-three-times-bigger.html
2010-07-27,15:23:11,cu415,9,"Toxic legacy of US assault on Fallujah 'worse than Hiroshima'
",belfasttelegraph.co.uk,http://www.belfasttelegraph.co.uk/news/world-news/toxic-legacy-of-us-assault-on-fallujah-worse-than-hiroshima-14889476.html
2010-07-28,07:32:01,cueqa,7,New Oil Spill In Battle Creek Michigan This Time By Canadian Company,newscastmedia.com,http://newscastmedia.com/michiganoilspill.htm
2010-07-27,10:45:38,cu1dc,6,Wikileaks 'source' bradass87 - the former army analyst facing 52 years in prison,belfasttelegraph.co.uk,http://www.belfasttelegraph.co.uk/news/world-news/wikileaks-source-bradass87--the-former-army-analyst-facing-52-years-in-prison-14889474.html
2010-07-28,07:45:52,cuew0,7,Black Sea challenge by U.S. set to keep Russia on edge,search.japantimes.co.jp,http://search.japantimes.co.jp/cgi-bin/eo20100726a2.html
2010-07-28,01:49:30,cuabx,7,"British PM, David Cameron, urged Israel to lift the blockade of the Gaza Strip, slamming the current state of the Palestinian enclave as a ""prison camp.""",commondreams.org,http://www.commondreams.org/headline/2010/07/27-3
2010-07-27,20:51:27,cu6n3,8,"The whistleblowing organization WikiLeaks, which posted the Afghanistan war logs this week, has made publishing government secrets its mission. Many see founder Julian Assange as a hero, but others, including the Pentagon, consider him a threat to national security.",spiegel.de,"http://www.spiegel.de/international/world/0,1518,708632,00.html"
2010-07-27,23:47:38,cu8q0,6,"The Chinese government has called for an end to the public shaming of criminal suspects, a time-honored cudgel of Chinese law enforcement but one that has increasingly rattled the public.",nytimes.com,http://www.nytimes.com/2010/07/28/world/asia/28china.html?hp
2010-07-27,23:13:28,cu89o,8,Ian Tomlinson death: police officer faces disciplinary hearing ,guardian.co.uk,http://www.guardian.co.uk/uk/2010/jul/27/ian-tomlinson-death-paul-stephenson
