2010-03-02,18:26:59,b85ye,1316,"BREAKING NEWS: German Federal Constitutional
Court rules against internet and telephone data storage! Fuck yeah!",spiegel.de,"http://www.spiegel.de/netzwelt/netzpolitik/0,1518,681122,00.html"
2010-03-02,05:32:38,b7xxn,158,Massive head of pharaoh unearthed in Egypt,news.yahoo.com,http://news.yahoo.com/s/ap/20100228/ap_on_re_mi_ea/ml_egypt_antiquities
2010-03-02,09:28:52,b80gu,157,"Chile's massive earthquake has likely altered the distribution of the Earth's overall mass, scientists from NASA say. As a result, the length of a day is now a little shorter than it was before Saturday's magnitude 8.8 earthquake.
",aolnews.com,http://www.aolnews.com/world/article/nasa-chile-quake-shifted-earths-axis-shortened-day/19378491
2010-03-03,01:27:19,b8bde,114,12-year-old Palestinian Child To Be Prosecuted As An Adult By An Israeli Military Court,imemc.org,http://www.imemc.org/index.php?obj_id=53&story_id=58094
2010-03-03,01:13:19,b8b5e,95,Muslim scholar issues unequivocal condemnation of suicide bombers acting in the name of Islam,google.com,http://www.google.com/hostednews/ukpress/article/ALeqM5i4mcTQkiGE5uct9pG9k3M88Gp8OA
2010-03-02,13:33:25,b830k,85,"Over-protected children missing out on ""dangerous"" childhood",nationalpost.com,http://www.nationalpost.com/news/story.html?id=2629380
2010-03-02,15:37:53,b84aj,51,"So, in short, the BBC have decided to bend over and take it in the Ass from James Murdoch et al.",news.bbc.co.uk,http://news.bbc.co.uk/1/hi/entertainment/8544150.stm
2010-03-02,04:41:25,b7xbf,50,Chinese police forced to resign amid allegations of torture and prisoner abuse. ,news.bbc.co.uk,http://news.bbc.co.uk/2/hi/asia-pacific/8543744.stm
2010-03-02,19:14:41,b86f3,42,"Fatwa to condemn terrorism to be issued: ""Suicide bombings and attacks against civilian are not only condemned by Islam, in other words, render them to be unbelievers destined for hell""",telegraph.co.uk,http://www.telegraph.co.uk/news/uknews/terrorism-in-the-uk/7350741/Fatwa-to-condemn-terrorism-to-be-issued.html
2010-03-02,09:06:20,b809d,42,"The Other Africa: The usual image of Africa as a continent mired in conflict and squalor is unfair and misleading. Yes, African has some failed states, but most of its 53 countries are mostly peaceful, agreeable places.",project-syndicate.org,http://www.project-syndicate.org/commentary/mibrahim1/English
2010-03-02,22:00:02,b88du,36,Israel is recording details of Israelis who protest with Palestinians rights activist in an effort to block these Israelis at checkpoints.,haaretz.com,http://www.haaretz.com/hasen/spages/1153275.html
2010-03-03,07:27:29,b8g4c,34,Dubai seeks arrest of Israeli prime minister and Mossad chief over murder of Hamas leader,rawstory.com,http://rawstory.com/2010/03/dubai-seeks-israeli-prime-ministers-arrest-murder-hamas-militant/
2010-03-02,14:25:00,b83jt,31,"Dubai will identify Israelis by ""physical features and the way they speak""",online.wsj.com,http://online.wsj.com/article/SB10001424052748703429304575095124162751164.html
2010-03-03,00:32:47,b8aj9,18,"Former Serbian leader Karadžić denies the Srebrenica genocide, calls war ""just and holy""",english.aljazeera.net,http://english.aljazeera.net/news/europe/2010/03/20103194824561962.html
2010-03-02,10:53:20,b81cf,15,Irish town representatives voted to remove a page signed by the Israeli ambassador from its guestbook in protest at Israel's diplomatic record.,news.bbc.co.uk,http://news.bbc.co.uk/2/hi/europe/8544642.stm
2010-03-02,20:20:14,b8783,16,"Chilean Army fails to regain control from looters, sends 10.000 soldiers to the earthquake region",timesonline.co.uk,http://www.timesonline.co.uk/tol/news/world/us_and_americas/article7046315.ece
2010-03-03,00:19:36,b8acv,16,Chile Update: Worse than originally thought. ,nytimes.com,http://www.nytimes.com/2010/03/03/world/americas/03chile.html?pagewanted=1
2010-03-02,20:33:06,b87e6,16,France announced yesterday that it has entered into ‘exclusive negotiations’ on the sale of four of its sophisticated Mistral-class assault ships to Russia. If completed it would be the first major arms sale of a Western nation to Russia since World War 2.,washingtonpost.com,http://www.washingtonpost.com/wp-dyn/content/article/2010/02/02/AR2010020203508.html
2010-03-03,00:20:18,b8ad4,14,"200 Russian tanks found abandoned in forest: ""It is like you can sit behind the wheel, start up the engine and drive off and nobody would notice!""",telegraph.co.uk,http://www.telegraph.co.uk/news/worldnews/europe/russia/7338097/200-Russian-tanks-found-abandoned-in-forest.html
2010-03-03,00:32:33,b8aj3,13,Ex U.S. army colonel to make anti-war speech at major Canadian University,ctv.ca,http://www.ctv.ca/servlet/ArticleNews/story/CTVNews/20100302/UofT_peaceactivist_100302/20100302?hub=Canada
2010-03-03,02:45:13,b8chm,15,EWG: Uzbekistan authorities have instructed health workers to surgically sterilize women as part of a government campaign to reduce the birth rate in the authoritarian ex-Soviet nation.,buffalonews.com,http://www.buffalonews.com/2010/03/02/974204/activists-uzbekistan-orders-forced.html
2010-03-03,01:29:42,b8bf2,15,The Taliban made life unbearable for non-islamic minorities causing migrations within Pakistan,timesofindia.indiatimes.com,http://timesofindia.indiatimes.com/india/Sikhs-in-Pakistan-Citizen-Alien/articleshow/5631542.cms
2010-03-02,22:17:01,b88mc,11,"Plainclothes police broke into Mr Panahi's family home and arrested him, his wife and daughter and 15 other guests",news.bbc.co.uk,http://news.bbc.co.uk/2/hi/middle_east/8545505.stm
2010-03-02,05:10:46,b7xok,12,Chinese model ready to sick authorities on her ex-boyfriend who posted explicit video,chinadaily.cn,http://www.chinadaily.cn/metro/2010-02/26/content_9507077.htm
2010-03-02,20:20:41,b878b,11,India hosts the largest gathering of women ever seen on the planet: 10-day event with 3 million women. Fifty portable toilets were also provided,news.bbc.co.uk,http://news.bbc.co.uk/2/hi/south_asia/8544038.stm
2010-03-02,15:10:50,b8412,9,"Martin Ssempa, Ugandan minister with close ties to Rick Warren and a supporter of the bill to put homosexuals to death in that country, is showing gay porn during church services to get people all fired up to kill the gays",scienceblogs.com,http://scienceblogs.com/dispatches/2010/03/ssempa_showing_gay_porn_in_chu.php
2010-03-02,21:06:58,b87q3,10,"Greece: ""the government, big capital and its international agents are asking us to sacrifice our lives to guarantee the interest payments to the capitalists""",marxist.com,http://www.marxist.com/greece-not-sacrifice-lives-pay-interest-to-lenders.htm
2010-03-02,18:29:29,b85z4,10,Two killed as Indian newspaper sparks Muslim riots,alertnet.org,http://www.alertnet.org/thenews/newsdesk/SGE6210C4.htm
2010-03-02,19:45:55,b86si,6,Etched ostrich eggs illustrate human sophistication,news.bbc.co.uk,http://news.bbc.co.uk/2/hi/science/nature/8544332.stm
2010-03-03,03:14:47,b8cx0,9,"BBC 6 Music and Asian Network face axe in shake-up. 
Half of the BBC's websites will also be closed.",news.bbc.co.uk,http://news.bbc.co.uk/2/hi/entertainment/8544150.stm
