2010-10-14,09:57:35,dqxpe,1204,33rd miner rescued!  Is anyone else absolutely astounded at how they've managed to pull off this entire operation?,nytimes.com,http://www.nytimes.com/2010/10/14/world/americas/14chile.html?hp
2010-10-14,17:42:10,dr2w3,1057,"""Before we can recognize Israel as a Jewish state you must present us with a map that clearly shows the bordes of the state you want us to recognize."" Booyakasha!",imemc.org,http://www.imemc.org/article/59622
2010-10-14,05:13:59,dqttv,454,"""This is our cry for help"" - In Congo where 300 women and 4 boys were gang-raped by Congolese/Rwandan Rebels",guardian.co.uk,http://www.guardian.co.uk/world/2010/oct/12/congo-unitednations
2010-10-14,21:09:13,dr4j5,289,"Israeli columnist argues: Israel's new law that requires all new citizens swear loyalty to Israel as a ""Jewish state"" is another sign that Israel is turning away from the liberal and secular values of modern Western civilization.",haaretz.com,http://www.haaretz.com/blogs/strenger-than-fiction/strenger-than-fiction-loyalty-oath-is-not-about-arabs-it-s-about-hatred-of-liberal-values-1.318406
2010-10-14,16:45:59,dr2f8,153,"Rape 'impossible' in marriage, says Muslim cleric in the UK",independent.co.uk,http://www.independent.co.uk/news/uk/home-news/rape-impossible-in-marriage-says-muslim-cleric-2106161.html
2010-10-14,15:07:13,dr1h6,117,That couple on trial in Australia for abortion? Found not guilty after less than an hour of jury deliberation.,theage.com.au,http://www.theage.com.au/national/abortion-couple-not-guilty-20101014-16kv0.html
2010-10-15,03:21:01,dr9mq,101,"Rinderpest virus has been wiped out, scientists say, If confirmed, rinderpest would become only the second viral disease - after smallpox - to have been eliminated by humans.",bbc.co.uk,http://www.bbc.co.uk/news/science-environment-11542653
2010-10-14,21:24:30,dr4o9,82,"""Did you turn out the lights? Fellow mine rescuers hail unsung hero who was FIRST down the shaft and the LAST man up."" Ladies and gentlemen, meet mine rescue expert Manuel Gonzalez!",dailymail.co.uk,http://www.dailymail.co.uk/news/article-1320378/Chilean-miners-rescue-expert-Manuel-Gonzalez-San-Jose-shaft.html
2010-10-15,02:33:30,dr8xn,74,"Zhao Fei was awaiting trial in China for killing his former Norwegian girlfriend. He turned himself in and admitted to the murder. However, the same day the Nobel Peace price was awarded he was released, free of all charges.",vg.no,http://www.vg.no/nyheter/utenriks/kina/artikkel.php?artid=10033851
2010-10-14,20:39:01,dr4a5,72,Police to tweet every incident they're involved in for a day. In Manchester. There's going to be a helluva lot of tweeting ,telegraph.co.uk,http://www.telegraph.co.uk/news/uknews/law-and-order/8063148/Police-to-report-every-incident-on-Twitter-for-a-day.html
2010-10-14,20:27:07,dr46p,51,Europe's Capital of Anti-Semitism - Budapest survived fascism and communism and blossomed after the fall of the Iron Curtain. Now the Hungarian capital is experiencing a rebirth of anti-Semitism. The far-right Jobbik party is part of the government and Jews are being openly intimidated.,spiegel.de,"http://www.spiegel.de/international/europe/0,1518,722880,00.html"
2010-10-14,18:28:45,dr39t,50,"When the CIA swooped in and took him, they badly damaged Italy’s work against terrorists. The case, in other words, looked like a good example of how the “war on terror” made the West less safe from terrorists",harpers.org,http://www.harpers.org/archive/2010/10/hbc-90007598
2010-10-15,01:03:43,dr7m5,40,"World Financial System Not Sustainable: No sovereign government should ever, under any circumstances, give over democratic control of its money supply to bankers.",infowars.com,http://www.infowars.com/world-financial-system-not-sustainable/
2010-10-14,17:49:32,dr2yj,20,"On Friday, the German History Museum is opening postwar Germany's first-ever comprehensive exhibition on Adolf Hitler. Curators went out of their way to avoid creating an homage -- yet they are still concerned about attracting cheering neo-Nazis and angry protesters.",spiegel.de,"http://www.spiegel.de/international/germany/0,1518,722612,00.html"
2010-10-14,17:12:41,dr2n5,20,Nobel prize; Japan says release of China's Liu Xiaobo 'desirable' ,bbc.co.uk,http://www.bbc.co.uk/news/world-asia-pacific-11539333
2010-10-14,21:56:36,dr50d,19,"Belgian Cardinal Léonard writes a book : ""AIDS is an immanent justice"" (sorry, google translated link; better translation follows in comments)",translate.google.com,http://translate.google.com/translate?sl=nl&tl=en&u=http%3A%2F%2Fwww.deredactie.be%2Fcm%2Fvrtnieuws%2Fbinnenland%2F101014_Leonardboek
2010-10-14,23:53:34,dr6lz,19,Russia refuses route for NATO supplies,nation.com.pk,http://www.nation.com.pk/pakistan-news-newspaper-daily-english-online/Politics/13-Oct-2010/Russia-refuses-route-for-NATO-supplies
2010-10-14,20:17:15,dr445,18,"Syria, Hezbollah and Iran: An Alliance in Flux | STRATFOR",stratfor.com,http://www.stratfor.com/weekly/20101013_syria_hezbollah_iran_alliance_flux?utm_source=SWeekly&utm_medium=email&utm_campaign=101014&utm_content=readmore&elq=ce7f370d151c4519957f776f4494d045
2010-10-15,00:05:23,dr6rs,15,CCTV captures Mafia handing out beating. Don't mess with the Camorra ,thesun.co.uk,http://www.thesun.co.uk/sol/homepage/news/3179862/CCTV-captures-Mafia-beating.html
2010-10-15,05:09:04,drb5r,14,Some of The Most Emotional Moments of the San Jose Miners Rescue (62 Photos),bembeo.com,http://bembeo.com/the-most-emotional-moments-of-the-san-jose-miners-rescue/
2010-10-15,01:35:01,dr829,12,"Afghans allege prison abuse: 
Report claims Afghan detainees abused at secret US detention center.",rawstory.com,http://www.rawstory.com/rs/2010/10/report-afghans-allege-abuse-secret-jail/
2010-10-14,08:35:35,dqwob,12,China's Wind Power To Grow Five-Fold In Next Decade,news.yahoo.com,http://news.yahoo.com/s/afp/20101013/wl_asia_afp/chinaenergyalternativewind
2010-10-14,22:23:47,dr5cr,11,Greek police storm Acropolis unpaid wages and lay-offs protesters,bbc.co.uk,http://www.bbc.co.uk/news/world-europe-11539758
2010-10-14,14:49:20,dr19v,11,Palestinian negotiator denies official request for border map of Israel,news.xinhuanet.com,http://news.xinhuanet.com/english2010/world/2010-10/13/c_13556178.htm
2010-10-14,20:13:30,dr435,11,German president Wulff gets worms in salad at Kremlin dinner,youtube.com,http://www.youtube.com/watch?v=LHhXa-dl80Q&feature=player_embedded
2010-10-14,11:34:36,dqyx4,10,In today's technological age - is heavy manual labour disappearing or is it just becoming invisible?,english.aljazeera.net,http://english.aljazeera.net/programmes/general/2010/10/2010101113656323582.html
2010-10-14,13:33:28,dr0er,9,BBC News - China's trade surplus falls to $16.9bn,bbc.co.uk,http://www.bbc.co.uk/news/business-11530198
2010-10-14,20:29:57,dr47i,8,John Pilger: Chile's ghosts not being rescued,greenleft.org.au,http://www.greenleft.org.au/node/45702
2010-10-15,03:28:08,dr9ql,6,"Half-naked man rampages through school with knife shouting ""bitch"" over and over again. ",swns.com,http://swns.com/half-naked-man-rampages-through-school-with-knife-141348.html
2010-10-14,13:32:29,dr0eg,8,Two million US PCs recruited to botnets,bbc.co.uk,http://www.bbc.co.uk/news/technology-11531657
