2010-12-12,23:48:40,ekip3,1382,"In 2005, Bush and Blair discussed bombing Al-Jazeera's news headquarters.",english.aljazeera.net,http://english.aljazeera.net/indepth/opinion/2010/12/2010121171837329108.html
2010-12-12,02:37:13,ek5qv,1302,"One person has been killed and at least one other hurt as two explosions rocked the centre of the Swedish capital, Stockholm, reports say.",bbc.co.uk,http://www.bbc.co.uk/news/world-europe-11977524
2010-12-12,14:20:16,ekej7,618,Police officers 'tried to stop hospital staff treating injured protester',guardian.co.uk,http://www.guardian.co.uk/uk/2010/dec/12/police-injured-protester-hospital
2010-12-12,08:00:23,eka14,407,Worldwide protests call for release of Julian Assange,rawstory.com,http://www.rawstory.com/rs/2010/12/worldwide-demonstrations-support-wikileaks-founder-julian-assange/
2010-12-13,02:06:06,ekkfl,240,"Some areas of the world have a 20% child mortality rate due to lack of basic medicines, but have access to Coca-Cola.  This org wants to use their distribution channels to solve this problem.",colalife.org,http://www.colalife.org/
2010-12-12,14:17:17,ekei0,190,"Being kettled was a shocking experience: “the 
media should scrutinise police tactics in 
contravening our basic rights” ",guardian.co.uk,http://www.guardian.co.uk/commentisfree/2010/dec/10/kettled-shocking-experience
2010-12-12,11:27:46,ekcmi,177,"A village in China where through community 
ownership and cooperative investment, everybody 
has at least a car, a house, and $250,000usd in the 
bank.",youtube.com,http://www.youtube.com/watch?v=xJl0cLNptDs
2010-12-13,00:58:23,ekjja,153,Wikileak cables reveal the background of pro-dictator U.S. policy,commondreams.org,http://www.commondreams.org/view/2010/12/08-5
2010-12-12,13:40:02,eke3u,132,Mexican Police Kill Head of La Familia cartel,english.aljazeera.net,http://english.aljazeera.net/news/americas/2010/12/20101210203815165773.html
2010-12-12,08:31:18,ekaft,54,"WikiLeaks backlash: The first global cyber war has begun, claim hackers",guardian.co.uk,http://www.guardian.co.uk/media/2010/dec/11/wikileaks-backlash-cyber-war
2010-12-12,20:19:22,ekh6r,50,"Swedish police say Stockholm attacks were terrorism  -- One man dead and two injured after attack in central Stockholm, as witnesses describe suicide bomber blowing himself up",guardian.co.uk,http://www.guardian.co.uk/world/2010/dec/12/swedish-police-investigate-terrorist-attack
2010-12-12,13:58:35,ekeal,47,Iranian students burn Koran,youtube.com,http://www.youtube.com/watch?v=Zv4r_zKVTVo
2010-12-12,12:37:24,ekdf7,44,The 'Real Jew' Debate - NYTimes.com : A level of vitriol previous reserved for the Samaritans and Arabs is now directed at Jews that dare to criticize the direction of Israel,nytimes.com,http://www.nytimes.com/2010/12/10/opinion/10iht-edcohen.html?_r=2&emc=eta1
2010-12-13,05:59:54,ekntz,40,Canada faces a flood of heroin and addicts - Treatment centres in cities around Canada are struggling to cope with a surge of addicts — many younger than ever before,montrealgazette.com,http://www.montrealgazette.com/news/HEROIN+CRISIS+LOOMS/3963602/story.html
2010-12-12,20:40:54,ekhbq,32,UN stifled report on Ivory Coast ‘death squads’ that now run rampant,examiner.com,http://www.examiner.com/geopolitics-in-national/un-stifled-report-on-ivory-coast-death-squads-that-now-run-rampant?sms_ss=reddit&at_xt=4d04c2c3cb75ffbb%2C0
2010-12-13,02:42:42,ekkzr,28,"Redefining Corruption: Greece is “corrupt”, but Western European and US-style “cronyism” is far more efficient at separating the yokels from their money.",motherjones.com,http://motherjones.com/kevin-drum/2010/12/defining-corruption-down
2010-12-13,05:24:45,ekncg,27,China’s Army of Graduates Struggles for Jobs,nytimes.com,http://www.nytimes.com/2010/12/12/world/asia/12beijing.html
2010-12-12,20:16:19,ekh65,28,"Someone's serious concerns about legal action due to 
flotilla massacre",hybridstates.com,http://www.hybridstates.com/2010/12/israels-serious-concerns-about-legal-action-due-to-flotilla-massacre/
2010-12-12,19:28:02,ekgvx,23,China’s army of graduates is struggling,msnbc.msn.com,http://www.msnbc.msn.com/id/40626200/ns/world_news-the_new_york_times/
2010-12-12,09:29:32,ekb55,24,"Man sentenced to be blinded with acid by Iranian court |  IRAN'S supreme court has upheld a sentence of blinding with acid for a man who blinded his lover's husband, under the Islamic ""eye-for-an-eye"" justice code, a government daily said.",heraldsun.com.au,http://www.heraldsun.com.au/news/world/man-sentenced-to-be-blinded-with-acid-by-iranian-court/story-e6frf7lf-1225969498354
2010-12-12,11:30:10,ekcng,19,Pro-free-speech rallies held in several international cities to protest the arrest of WikiLeaks founder Julian Assange,edition.cnn.com,http://edition.cnn.com/2010/WORLD/europe/12/11/wikileaks.assange.protests/
2010-12-12,10:35:00,ekc0j,17,"Lockerbie: The scandal of the decade? --- 
The WikiLeaks cables offer more evidence the British government was complicit in the release of the Pan Am bomber",theweek.com,http://theweek.com/bullpen/column/210291/lockerbie-the-scandal-of-the-decade
2010-12-13,03:19:46,eklj7,17,"British Police Look to Water Cannons to ""Deal With Protesters""after rioters attacked officers with metal poles, smashed windows and even vandalised a car carrying the Prince of Wales and Duchess of Cornwall during protests against rises in university fees",commondreams.org,http://www.commondreams.org/headline/2010/12/12
2010-12-13,01:36:06,ekk0r,14,"Being born a poster child for the Third Reich - How is it discovering you’re the product of a Nazi breeding scheme, Heinrich Himmler’s godson and the bastard child of a war criminal?",thelocal.de,http://www.thelocal.de/society/20101129-31483.html
2010-12-12,00:03:06,ek3rj,14,Assange's only request while in jail - access to a computer,huffingtonpost.com,http://www.huffingtonpost.com/2010/12/11/assanges-lawyer-hes-upbea_n_795323.html
2010-12-13,07:37:32,ekp8z,11,Japan to Shift Its Military Toward Threats From China,nytimes.com,http://www.nytimes.com/2010/12/13/world/asia/13japan.html?_r=1&hp
2010-12-12,08:28:07,ekaea,14,Venezuelan President Hugo Chavez plans to govern temporarily from a tent given him by Libyan leader Muammar Gaddafi after inviting families made homeless by recent torrential rains to live in his palace.,msnbc.msn.com,http://www.msnbc.msn.com/id/40142326/ns/world_news-americas/
2010-12-12,15:16:09,ekf4c,10,"The focus of attention at Nobel ceremony in Oslo was not a proud laureate, it was his empty chair! Liu Xiaobo is currently serving an 11-yr jail term in China",reuters.com,http://www.reuters.com/article/idUSTRE6B948720101210
2010-12-13,02:07:52,ekkgn,9,Afghan police crisis threatens British withdrawal as thousands quit force,guardian.co.uk,http://www.guardian.co.uk/world/2010/dec/12/afghan-police-crisis-threatens-british-withdrawal
2010-12-13,01:12:16,ekjpp,9,"Reality Check - Tom Friedman criticizes Israeli and Palestinian leaderships over deadlocked peace talks, says American aid 'a hallucinogenic drug that enables them each to think they can defy the laws of history, geography and demography. It is long past time that we stop being their crack dealers'",nytimes.com,http://www.nytimes.com/2010/12/12/opinion/12friedman.html
