2010-12-28,20:15:56,esir4,1830,"The Paper That Finally Changed The Law on Drugs: Published in The Lancet, the paper demonstrates  clear scientific evidence that opposes UK drugs policy. The Government respond by removing from law the need to have a scientist on the Advisory Council for the Misuse of Drugs!",neurobonkers.com,http://neurobonkers.com/?p=1032
2010-12-28,01:32:01,es4ed,1004,"Portugal's drug policy pays off: US which has been  waging a 40-yr, $1 trillion war on drugs, is looking for answers in tiny Portugal",washingtonpost.com,https://www.washingtonpost.com/wp-dyn/content/article/2010/12/26/AR2010122600610.html
2010-12-28,02:53:39,es5ou,805,"For six months, Wired's Senior Editor Kevin Poulsen possessed but refuses to publish the key evidence in the arrest of Bradley Manning for allegedly acting as WikiLeaks' source. Adrian Lamo - an informant - gave Poulsen the full chat logs between Manning and Lamo. Wired was free to publish them",salon.com,http://www.salon.com/news/opinion/glenn_greenwald/2010/12/27/wired/index.html
2010-12-28,03:39:19,es6fb,523,Wikileaks will be the death of big business and big government: The Wikileaks revolution isn’t only about airing secrets and transacting information. It’s about dismantling large organizations - from corporations to government bureaucracies. It may well lead to their extinction,tnr.com,"http://www.tnr.com/article/politics/80481/game-changer?page=0,0"
2010-12-28,10:52:48,escgr,295,Britain's banks attempt to suppress student's exposé of chip and pin ATM security,belfasttelegraph.co.uk,http://www.belfasttelegraph.co.uk/news/local-national/uk/britains-banks-attempt-to-suppress-students-expos-of-chip-and-pin-15040457.html
2010-12-28,12:23:57,esdp5,199,WikiLeaks: Swedish government 'hid' anti-terror operations with America from Parliament,telegraph.co.uk,http://www.telegraph.co.uk/news/worldnews/wikileaks/8202745/WikiLeaks-Swedish-government-hid-anti-terror-operations-with-America-from-Parliament.html?sms_ss=reddit&at_xt=4d1966565eca4e63%2C0
2010-12-29,06:42:59,esrn5,176,Britain risks Israeli anger by extending diplomatic recognition to Palestinians  ,independent.co.uk,http://www.independent.co.uk/news/world/middle-east/britain-risks-israeli-anger-by-extending-diplomatic-recognition-to-palestinians-2170413.html
2010-12-28,02:05:24,es4xt,132,6 Million Fish Dead in Bolivian Ecological Disaster,travelstar1.com,http://www.travelstar1.com/6-million-fish-dead-bolivian-ecological-disaster/
2010-12-29,06:47:09,esrpi,114,George Clooney launches satellite project to monitor Sudan and prevent civil war,globalpost.com,http://www.globalpost.com/dispatch/africa/101228/sudan-hollywood-george-clooney
2010-12-28,20:14:11,esiqq,112,New Venezuelan law makes foreign financing of political organisations illegal,venezuelanalysis.com,http://venezuelanalysis.com/news/5894
2010-12-28,14:46:17,esfly,84,"Israeli warplanes violate Lebanon's airspace several times, considered a violation of the peace treaty of the Israeli-Lebanese war of 2006. ",haaretz.com,http://www.haaretz.com/news/diplomacy-defense/lebanon-army-says-iaf-jets-violated-country-s-airspace-1.333366
2010-12-28,23:05:12,eske0,63,BBC News - Bank bonuses in global disclosure call - banks will soon have to show (in detail) how much their top managers are making.,bbc.co.uk,http://www.bbc.co.uk/news/business-12084371
2010-12-28,11:43:47,esd5h,60,"17,368 Indian farmers committed suicide in 2009!",thehindu.com,http://www.thehindu.com/opinion/columns/sainath/article995824.ece
2010-12-29,03:01:46,eso0h,41,"45 years ago, a joint Indo-US espionage mission lost 5 kilograms of plutonium in the Himalayas. It’s still missing.",caravanmagazine.in,http://www.caravanmagazine.in/Story.aspx?Storyid=628&StoryStyle=FullStory
2010-12-28,10:18:53,esc0m,37,"South Korean president ramps up aggressive stance towards North  - South Korea's armed forces will ""respond relentlessly"" if they are attacked again by North Korea",telegraph.co.uk,http://www.telegraph.co.uk/news/worldnews/asia/southkorea/8227042/South-Korean-president-ramps-up-aggressive-stance-towards-North.html
2010-12-28,14:26:07,esfdl,36,"No Israel apology on Turkish ship raid: Netanyahu
| Reuters",reuters.com,http://www.reuters.com/article/idUSTRE6BQ3E420101227
2010-12-29,03:50:25,esos7,27,"Iraq Wants the U.S. Out: Prime Minister, in Interview, Says Troops Must Leave Next Year as Planned",online.wsj.com,http://online.wsj.com/article/SB10001424052970204685004576045700275218580.html?mod=wsj_share_reddit
2010-12-29,07:00:16,esrwz,24,"German airports are considering assigning passengers to risk categories based on age and ethnicity, and checking them accordingly. Critics say the move would foment racism, breach anti-discrimination laws and fail to boost security. ",spiegel.de,"http://www.spiegel.de/international/germany/0,1518,736886,00.html"
2010-12-28,08:28:13,esajo,24,Christmas bomb plot: nine men remanded over plan to 'blow up Big Ben and Westminster Abbey',telegraph.co.uk,http://www.telegraph.co.uk/news/uknews/terrorism-in-the-uk/8227193/Christmas-bomb-plot-nine-men-remanded-over-plan-to-blow-up-Big-Ben-and-Westminster-Abbey.html?sms_ss=reddit&at_xt=4d192f169a678ef0%2C0
2010-12-29,07:00:33,esrx7,22,"Law on Internet to prosecute rumormongers 'unconstitutional' - A law that provided the legal grounds to indict “Minerva,” a well-known Internet commentator, for spreading “misleading” information on the Internet was ruled unconstitutional, Tuesday.",koreatimes.co.kr,http://www.koreatimes.co.kr/www/news/nation/2010/12/117_78782.html
2010-12-29,05:38:43,esql2,22, Why is the north magnetic pole racing toward Siberia?,scientificamerican.com,http://www.scientificamerican.com/blog/post.cfm?id=why-is-the-north-magnetic-pole-raci-2010-12-24
2010-12-28,10:00:40,esbrf,18,"WSJ obtains Wikileaks financial data: spending up, donations down - Boing Boing",boingboing.net,http://www.boingboing.net/2010/12/24/wsj-obtains-wikileak.html
2010-12-29,04:05:07,esp0h,19,Did Pfizer Bribe Its Way Out of Criminal Charges in Nigeria?,theatlantic.com,http://www.theatlantic.com/international/archive/2010/12/did-pfizer-bribe-its-way-out-of-criminal-charges-in-nigeria/68495/
2010-12-28,14:44:24,esfl6,20,Bolivian Bus drivers announce a strike in response to the 83% increase in the price of gasoline and the 73% increase in the price of diesel fuel ,english.aljazeera.net,http://english.aljazeera.net/news/americas/2010/12/20101227235829302953.html
2010-12-28,10:23:12,esc2q,16,Memri - source of a lot of bad US journalism based on out of context inflammatory quotes on Arabic language television.,youtube.com,http://www.youtube.com/watch?v=ZGEyOe2_fAE&t=680s
2010-12-28,14:11:43,esf6l,16,Iran hangs man convicted of being Israeli Mossad spy.,msnbc.msn.com,http://www.msnbc.msn.com/id/40825661/ns/world_news-mideastn_africa/
2010-12-29,06:35:47,esrii,15,Iran Hangs Man Convicted Of Spying For Israel,npr.org,http://www.npr.org/2010/12/28/132414101/iran-hangs-man-convicted-of-spying-for-israel?ft=1&f=1001
2010-12-28,14:07:46,esf4t,17,A 3rd US Carrier heading to Korean waters,beforeitsnews.com,http://beforeitsnews.com/story/327/585/UPDATE_U.S._Sending_3rd_Carrier_To_Korean_Waters---Inviting_A_Nuclear_War_Chinese_General_by_Elijah..html
2010-12-29,03:48:50,esor9,14,European anarchists growing more violent after decades out of the spotlight.,msnbc.msn.com,http://www.msnbc.msn.com/id/40830288/ns/world_news-europe/
2010-12-28,17:48:11,eshjy,13,"Iran has hanged a man found guilty of working as a ""spy"" for Israeli intelligence service Mossad, state media say. Espionage is punishable by death under Iranian law.",france24.com,http://www.france24.com/en/20101228-iran-hangs-mossad-spy-state-media-israel-evin-prison-siadat
