2010-02-12,19:25:12,b17vj,589,"Indians are being urged to hand over a note worth zero rupees when asked for a bribe, in a bid to stamp out corruption among officials.",abc.net.au,http://www.abc.net.au/news/stories/2010/02/12/2818002.htm
2010-02-12,11:00:46,b13dc,404,"Saying that body scanners violate Islamic law, Muslim-American groups are supporting a “fatwa” – a religious ruling – that forbids Muslims from going through the scanners at airports.",freep.com,http://www.freep.com/apps/pbcs.dll/article?AID=/20100211/NEWS05/100211044/1318/Airport-body-scanners-violate-Islamic-law-Muslims-say&template=fullarticle
2010-02-12,19:24:12,b17v6,286,Iraq asks France to return 895 million U. S. dollars for undelivered jet fighters that Saddam Hussein payed,reuters.com,http://www.reuters.com/article/idUSLDE61A1RS20100211
2010-02-12,22:22:28,b19qb,208,The damage done to Israel's image by allegations of Gaza war crimes in a UN report has ignited a war between the right and left in the Jewish state,af.reuters.com,http://af.reuters.com/article/worldNews/idAFTRE61B2GN20100212?sp=true
2010-02-13,05:00:08,b1f8r,188,Olympic luger dies after crashing,news.bbc.co.uk,http://news.bbc.co.uk/go/rss/-/sport2/hi/olympic_games/vancouver_2010/luge/8513595.stm
2010-02-12,11:00:32,b13d9,157,"RIP Frisbee inventor guy - never had a patent and never got rich, but Wham-O voluntarily paid him a modest royalty.",ksl.com,http://www.ksl.com/?nid=148&sid=9656969
2010-02-12,12:12:35,b141i,124,"""Asked whether China's treatment of dissidents might negatively affect its image overseas, Foreign Ministry spokesman Ma Zhaoxu responded, 'There are no dissidents in China.'""",washingtonpost.com,http://www.washingtonpost.com/wp-dyn/content/article/2010/02/11/AR2010021104491.html
2010-02-13,02:22:32,b1d7b,77,Iceland aims to become haven for investigative journalism.,guardian.co.uk,http://www.guardian.co.uk/media/greenslade/2010/feb/12/iceland-investigative-journalism
2010-02-12,23:14:12,b1agl,65,"The right-wing Canadian government doesn't tolerate criticism of Israel: cuts $2.1 million in funding to NGO that suggested in a policy newspaper that there should be a ""one-state solution"" where both Israelis and Palestinians have equal rights.",mondoweiss.net,http://mondoweiss.net/2010/02/canadian-ngo-is-iced-for-publishing-one-state-argument.html#comments
2010-02-12,20:58:59,b18t3,67,Chilean mint issues coins with 'Chile' spelled wrongly.  No one notices.,news.bbc.co.uk,http://news.bbc.co.uk/1/hi/world/americas/8511910.stm
2010-02-12,12:30:48,b148i,50,"Plane seat safety tests faked - Discovered : ""After a company employee blew the whistle""",abc.net.au,http://www.abc.net.au/news/stories/2010/02/12/2818146.htm?section=justin
2010-02-12,19:47:02,b1835,47,China decries Barack Obama's plan to meet Dalai Lama,news.bbc.co.uk,http://news.bbc.co.uk/2/hi/asia-pacific/8511912.stm
2010-02-13,00:19:33,b1bh2,43,The 73-year-old had apparently been concerned about the frequent theft of potatoes from his farm. He was arrested after an intruder set off one of the tripwire-style mines in August and was injured in the blast. ,news.bbc.co.uk,http://news.bbc.co.uk/1/hi/world/europe/8512173.stm
2010-02-12,13:33:00,b14vc,34,The torture memos show how illegal wars turn even the nicest people bad,guardian.co.uk,http://www.guardian.co.uk/commentisfree/2010/feb/11/miliband-mi5-terrorism-war-chilcot
2010-02-12,12:59:49,b14i8,30,"Goldman Sachs suspected of foul play on ""Robin Hood Tax"" poll | The Guardian",guardian.co.uk,http://www.guardian.co.uk/business/2010/feb/11/goldman-sachs-tobin-tax
2010-02-13,02:11:06,b1d19,22,"Mud Volcano Was Man-Made, New Evidence Confirms",wired.com,http://www.wired.com/wiredscience/2010/02/mudvolcano/
2010-02-12,22:47:29,b1a2z,11,Dalai Lama: Blackballed from Thailand,globalpost.com,http://www.globalpost.com/dispatch/thailand/100211/dalai-lama-blackballed-thailand
2010-02-13,06:49:27,b1ggl,12,Journalists harassed while attempting to enter Canada from the United States to cover protests and other events related to the Olympic Games.,cpj.org,http://cpj.org/2010/02/on-way-to-olympic-protests-reporters-stopped-at-ca.php
2010-02-13,01:18:58,b1cad,10,"Yemen has announced a truce with northern Shi’ite rebels, aimed at ending a war that has raged on-and-off since 2004 and that drew in neighbouring Saudi Arabia. Here is some background about the rebels.",blogs.reuters.com,http://blogs.reuters.com/faithworld/2010/02/12/factbox-roots-of-yemens-conflict-with-northern-shiite-rebels/
2010-02-13,06:51:05,b1gh6,10,"Ahead of Olympics, Vancouver assaults civil liberties ",rawstory.com,http://rawstory.com/2010/02/olympics-vancouver-civil-liberties/
2010-02-13,05:44:24,b1fsp,8,"Angela Merkel, the German chancellor, mounted stiff resistance tonight to any swift bailout of Greece, as a rift opened up between European capitals over how best to tackle the risks posed to the euro.",guardian.co.uk,http://www.guardian.co.uk/theguardian/2010/feb/11/germany-greece-merkel-bailout-euro
2010-02-12,20:10:46,b18ch,7," 
Police investigate claims Prince Andrew hit a police officer with his car while driving into Buckingham Palace",news.bbc.co.uk,http://news.bbc.co.uk/2/hi/uk_news/england/london/8512279.stm
2010-02-12,21:02:29,b18ul,6,"""Letting poor people vote is dangerous.""",sptimes.ru,http://www.sptimes.ru/index.php?action_id=2&story_id=30803
2010-02-12,20:02:09,b188x,5,How the Iranian Regime Checkmated the Opposition on a Crucial Day,juancole.com,http://www.juancole.com/2010/02/how-iranian-regime-checkmated-green.html
2010-02-12,13:52:12,b152i,7,Britain 'faces fuel shortages and dearer food by 2015',news.scotsman.com,http://news.scotsman.com/uk/Britain-faces--fuel-shortages.6062152.jp
2010-02-13,01:36:49,b1cjn,4,"China alarmed that the West - particularly the United States - is using e-cards and Twitter to weaken it militarily, create political dissent and to ""sow chaos"".",nytimes.com,http://www.nytimes.com/2010/02/12/world/asia/12cyberchina.html?th=&emc=th&pagewanted=all
2010-02-12,19:17:24,b17sm,3,People in PNG's Southern Highlands province have been told they have until May 11 to drink or sell their alcohol.,abc.net.au,http://www.abc.net.au/news/stories/2010/02/12/2818231.htm
2010-02-12,21:39:13,b198u,4,Inside Somalia: Under fire in Mogadishu,globalpost.com,http://www.globalpost.com/dispatch/kenya/100201/inside-somalia-under-fire-in-mogadishu
2010-02-13,00:38:58,b1brh,3,"Saudi Arabia rehab program for Islamic terrorists has inspired governments to launch similar programs for neo-Nazis, far-right militants and narcoterrorists",foreignpolicy.com,http://www.foreignpolicy.com/articles/2010/01/27/they_tried_to_make_mohammad_al_awfi_go_to_rehab
2010-02-12,20:28:23,b18ie,4,World Press Photo Awards 2010 Winner: Women in Tehran shout from a rooftop in protest against the regime,worldpressphoto.org,http://www.worldpressphoto.org/index.php?option=com_photogallery&task=view&id=1715&Itemid=257&bandwidth=high
