2010-10-03,12:33:29,dm3jq,683,China offers to buy Greek debt.,english.aljazeera.net,http://english.aljazeera.net/business/2010/10/2010102195730121409.html
2010-10-03,21:13:32,dm6s2,555,"Hundreds of girls are being forced by UK's Islamic schools to wear the Islamic veil. Move is heavily criticised by mainstream Muslims as setting ""dangerous precedent"" and that children attending such schools were being ""brainwashed""",telegraph.co.uk,http://www.telegraph.co.uk/education/educationnews/8038820/British-schools-where-girls-must-wear-the-Islamic-veil.html
2010-10-03,04:45:35,dlzil,476,"U.N. Report finds Israel ""summarily executed"" U.S. citizen on flotilla",salon.com,http://www.salon.com/news/opinion/glenn_greenwald/2010/10/01/flotilla
2010-10-03,22:48:17,dm7fl,307,"Afghanistan has formally banned eight foreign private security firms, including the controversial company formerly called Blackwater, a spokesman for Afghan president Hamid Karzai said.",abc.net.au,http://www.abc.net.au/news/stories/2010/10/04/3028381.htm
2010-10-03,12:36:48,dm3kq,118,Has anyone else heard of the labour strikes in China?,english.aljazeera.net,http://english.aljazeera.net/news/asia-pacific/2010/10/2010101101538473547.html
2010-10-03,22:25:41,dm78l,113,"Seven out of 10 teachers want to quit, (UK survey)",independent.co.uk,http://www.independent.co.uk/news/education/education-news/seven-out-of-10-teachers-want-to-quit-survey-shows-2096257.html
2010-10-03,02:10:37,dly09,100,BBC's map of Israeli settlements in the West Bank. Holy shit. How can anyone possibly believe they're going to give any of these back?,news.bbcimg.co.uk,http://news.bbcimg.co.uk/media/images/49266000/gif/_49266031_west_bank_464.gif?t=1
2010-10-03,13:26:26,dm3yw,87,"Airbus, the world's biggest aeroplane maker, will carry out a greater proportion of engineering work in India in the future as a direct result of a dearth of qualified engineers in the UK, Germany and France.",telegraph.co.uk,http://www.telegraph.co.uk/finance/newsbysector/industry/8038768/Airbus-looks-to-India-to-bridge-skills-gap.html
2010-10-03,23:28:56,dm7s2,73,"Syrian Actress, Igraa, Tests Boundaries Again - After 15 years of self-imposed seclusion, she has returned as a ferocious critic of the Islamist wave sweeping the Middle East, and her courage has drawn the admiration of a younger and more constrained generation of actors and filmmakers.",nytimes.com,http://www.nytimes.com/2010/10/02/world/middleeast/02actress.html?_r=1&src=me&ref=world
2010-10-03,12:56:50,dm3qh,63,Ireland's young are on the march again. The financial meltdown is turning it into a land of emigrants once more.,independent.co.uk,http://www.independent.co.uk/news/world/europe/irelands-young-are-on-the-march-again-2096269.html
2010-10-03,20:45:25,dm6mj,56,"France to take Roma fingerprints: Despite criticism over its Roma deportations, France is moving to prevent those who leave the country from returning",english.aljazeera.net,http://english.aljazeera.net/news/europe/2010/10/201010210568598174.html
2010-10-04,06:03:16,dmbqa,42,A glimpse of the unbridled sadism that pervades the IDF: An IDF unit prevents bleeding pregnant woman from going to the hospital... listen to the commander cooing as he tells the ambulance to turn around and go the way it came,youtube.com,http://www.youtube.com/watch?v=2Jd6eewcj9E
2010-10-03,15:56:28,dm52a,34,Australia's dark heart,guardian.co.uk,http://www.guardian.co.uk/world/2010/oct/03/alice-spring-murder-racism
2010-10-04,00:44:53,dm8g5,28,20 kidnapped in Mexican resort city of Acapulco,elpasotimes.com,http://www.elpasotimes.com/ci_16236166?source=most_viewed
2010-10-03,11:14:21,dm2v5,27,"The Japan Syndrome - China's teetering on the verge of its own lost decade, and a meltdown in Beijing would make Japan's economic malaise look like child's play.",foreignpolicy.com,http://www.foreignpolicy.com/articles/2010/09/30/the_japan_syndrome
2010-10-03,20:26:56,dm6ja,22,CIA backed by drones in Pakistan,washingtonpost.com,http://www.washingtonpost.com/wp-dyn/content/article/2010/10/02/AR2010100203887.html?hpid%3Dtopnews&sub=AR
2010-10-03,15:38:25,dm4wv,21,"""Betrayal"" - Excellent Canadian documentary about the effects of child abuse in the Catholic Church.",cbc.ca,http://www.cbc.ca/fifth/2010-2011/betrayal/
2010-10-03,03:25:11,dlyqv,19,"Ireland: At economic ""ground zero""",globalpost.com,http://www.globalpost.com/dispatch/ireland/101002/irish-economy-crisis
2010-10-03,08:04:59,dm1d7,17,France to Take Roma Fingerprints - Truthdig,truthdig.com,http://www.truthdig.com/eartotheground/item/france_to_take_roma_fingerprints_20101002/
2010-10-03,22:44:42,dm7ee,14,9/11 conspiracy theories rife in Muslim world AP ,911blogger.com,http://911blogger.com/news/2010-10-02/911-conspiracy-theories-rife-muslim-world-ap-oct-2
2010-10-04,07:02:52,dmce0,17,"Taxpayer money funneled to Taliban: USAID report finds Afghan subcontractors were likely paying a ""protection tax"" to local insurgents, including the Taliban.",globalpost.com,http://www.globalpost.com/dispatch/afghanistan/100930/taliban-usaid-taxpayer-dollars
2010-10-03,21:51:13,dm6zu,16,France v the world: How the Romani row has dented France’s international standing ,economist.com,http://www.economist.com/node/17103993
2010-10-03,14:22:12,dm4dc,15,"Hizbullah have turned a Lebanese bunker into a theme park of wars against Israel, complete with tanks and rocket launchers.",independent.co.uk,http://www.independent.co.uk/news/world/middle-east/hezbollah-theme-park-draws-the-crowds-2052895.html
2010-10-03,17:10:33,dm5j9,9,Fiji military regime arrests opposition leader: reports ,abc.net.au,http://www.abc.net.au/news/stories/2010/10/03/3028239.htm?section=justin
2010-10-03,12:03:50,dm3an,6,China accused of invading disputed islands,edition.cnn.com,http://edition.cnn.com/2010/WORLD/asiapcf/10/02/japan.anti.china.protest/index.html
2010-10-03,23:21:35,dm7pw,5,Commonwealth Games open in Delhi with security tight,bbc.co.uk,http://www.bbc.co.uk/news/mobile/world-south-asia-11460568
2010-10-03,09:56:13,dm29b,6,Brazil's presidential election: The handover | The Economist,economist.com,http://www.economist.com/node/17147658
2010-10-04,00:43:30,dm8fz,4,"In recovery: Amid violence, Juรกrez enjoys an increase in factory production - El Paso Times",elpasotimes.com,http://www.elpasotimes.com/business/ci_16237084
2010-10-03,15:49:19,dm50c,5,"$5,000,000,000,000: The cost each year of vanishing 
rainforest ",independent.co.uk,http://www.independent.co.uk/environment/climate-change/5000000000000-the-cost-each-year-of-vanishing-rainforest-2096367.html
2010-10-04,01:22:37,dm8tg,5,Asia's New Cold War,time.com,"http://www.time.com/time/magazine/article/0,9171,2022546,00.html"
