2010-09-19,16:52:32,dfw54,1116,"Just in case you haven’t noticed, Germany’s foreign secretary has married his boyfriend last week.",spiegel.de,"http://www.spiegel.de/panorama/leute/0,1518,718174,00.html"
2010-09-19,11:09:11,dfti0,285,UK Police chief issues call to decriminalise cannabis and redirect resources,guardian.co.uk,http://www.guardian.co.uk/society/2010/sep/18/police-chief-decriminalise-cannabis
2010-09-20,00:34:29,dfz6v,230,"Soldiers 'killed Afghans for sport': 
Unprovoked killing last winter started 'months-long shooting spree.'",rawstory.com,http://rawstory.com/news/afp/US_soldiers_accused_of_killing_Afgh_09192010.html
2010-09-20,07:09:37,dg357,194,Sweden's lost innocence - far-right party voted into hung parliament,thelocal.se,http://www.thelocal.se/29118/20100919/
2010-09-19,13:27:38,dfuoq,146,Sales assistant tried to steal 72 year old's $15 million winning lottery ticket,news.ninemsn.com.au,http://news.ninemsn.com.au/world/7963779/sales-assistant-stole-winning-lottery-ticket
2010-09-20,05:38:55,dg27i,106,5 Jaw-Dropping Stories in Wikileaks' Archives Begging for National Attention,alternet.org,http://www.alternet.org/media/148063/5_jaw-dropping_stories_in_wikileaks%27_archives_begging_for_national_attention
2010-09-19,13:00:34,dfuh3,73,'The Roma Are a European Problem',spiegel.de,"http://www.spiegel.de/international/europe/0,1518,718043,00.html"
2010-09-20,02:31:13,dg0c6,51,Gunmen torch a Gaza beach club shuttered by Hamas. Hamas shut down the park because it had hosted parties in which men and women mingled.,google.com,http://www.google.com/hostednews/afp/article/ALeqM5jDblV3atUSJnUtMzkDDINQ_QWltQ
2010-09-19,15:58:05,dfvrt,42,BBC News - Niger facing catastrophic hunger crisis,bbc.co.uk,http://www.bbc.co.uk/news/world-africa-11312019
2010-09-20,07:33:27,dg3e2,38,"""Islamophobia"" in Holland down; Jew-hatred up - anti-semitic incidents ballooned by 48%, the number of anti-Muslim incidents in 2009 went down by 17%, from 116 to 96. An average Jew in Holland is more than 450 times likely to be the victim of a hate crime than the average Muslim",elderofziyon.blogspot.com,http://elderofziyon.blogspot.com/2010/09/islamophobia-in-holland-down-jew-hatred.html
2010-09-19,16:31:53,dfw0e,29,Abducted Mexico police found dead,bbc.co.uk,http://www.bbc.co.uk/news/world-latin-america-11360197
2010-09-19,22:02:26,dfxyq,23,"China has said it is temporarily
suspending top-level exchanges with
Japan over a Chinese ship captain's
detention following a collision near
disputed islands.",bbc.co.uk,http://www.bbc.co.uk/news/world-asia-pacific-11363024
2010-09-19,13:06:42,dfuiq,21,Armed men kidnap 9 Mexican police officers; 2 officers found dead as manhunt begins,newser.com,http://www.newser.com/article/d9ianl100/armed-men-kidnap-9-mexican-state-lawmen-2-officers-found-dead-as-police-troops-hunt-for-them.html
2010-09-20,03:12:48,dg0r0,15,"Gaza water park burned down after shut down by Hamas - gunmen set fire to ""Crazy Water"" park closed for allowing mixed bathing; witnesses say at least 25 assailants took part.",jpost.com,http://www.jpost.com/MiddleEast/Article.aspx?id=188560
2010-09-19,23:52:39,dfyrn,17,China suspends ministerial-level exchanges with Japan  ,theglobeandmail.com,http://www.theglobeandmail.com/news/world/asia-pacific/china-suspends-ministerial-level-exchanges-with-japan/article1713589/
2010-09-20,07:13:28,dg36u,18,"In what is set to become a historic election in Sweden, a non-socialist government appeared headed for re-election to a second term, a first in the country's political history.",cnn.com,http://www.cnn.com/2010/WORLD/europe/09/19/sweden.election/index.html
2010-09-19,23:33:16,dfymk,14,Sizing up China's cities | The Economist,economist.com,http://www.economist.com/node/17043174
2010-09-19,07:39:39,dfrpe,13,"Obama's Envoy Holbrook To Pak Army: Stop Focusing On Flood Relief, Start Killing More Pashtuns - Richard Holbrooke said that his country would not accept any “slackness” on part of the Pakistan Army in the fight agst the Taliban due their engagement in flood relief efforts.",dailytimes.com.pk,http://www.dailytimes.com.pk/default.asp?page=2010\09\18\story_18-9-2010_pg1_4
2010-09-20,01:02:43,dfzgy,9,"Mike: 'Shameful' Canada Not What it Used to Be | ""This country was so generous to those of my generation who did not want to kill Vietnamese and opened the doors."" – Michael Moore today in Toronto",michaelmoore.com,http://www.michaelmoore.com/words/mike-in-the-news/filmmaker-michael-moore-calls-canada-shameful-us-war-dodgers
2010-09-19,10:52:45,dftd1,13,"Ballot-stuffing in Afghan election: 
'Widescale fraud' casts doubt on legitimacy of Afghan democracy.",csmonitor.com,http://www.csmonitor.com/World/Asia-South-Central/2010/0918/Ballot-stuffing-witnessed-amid-troubled-Afghanistan-vote
2010-09-19,11:10:11,dftie,9,Interpol chief's (FaceBook) identity stolen,stuff.co.nz,http://www.stuff.co.nz/technology/digital-living/4143834/Interpol-chiefs-identity-stolen
2010-09-19,21:30:21,dfxqv,7,What has the Pope's UK visit achieved?,bbc.co.uk,http://www.bbc.co.uk/news/uk-11361749
2010-09-20,00:36:59,dfz7q,9,Iran denies seizing U.S. troops at Pakistan border,rawstory.com,http://www.rawstory.com/rs/2010/09/iran-denies-troops-pakistan-border/
2010-09-20,06:01:05,dg2fm,8,"China-Japan Tensions Escalate, As China Breaks Off High Level Contacts, Japanese Flag Burned In Protest",zerohedge.com,http://www.zerohedge.com/article/china-japan-tensions-escalate-china-breaks-high-level-contacts-japanese-flag-burned-protest
2010-09-20,00:58:54,dfzfj,7,ECB Stepped In To Rescue Ireland,zerohedge.com,http://www.zerohedge.com/article/ecb-stepped-rescue-ireland
2010-09-20,00:37:29,dfz82,7,China-Japan relations in chaos after maritime collision,rawstory.com,http://www.rawstory.com/rs/2010/09/china-japan-relations-chaos/
2010-09-20,07:15:08,dg37j,9,9/11: The mother of all coincidences - Tehran Times - Iran's Leading International Daily,911blogger.com,http://911blogger.com/news/2010-09-17/911-mother-all-coincidences
2010-09-20,04:48:44,dg1pa,7,"A short speech president Lula of Brazil gave in geneva, at the International Labour Organization. He makes a strong defense of the Welfare State and of a high tax burden. A translation of the speech follows in the comments.",youtube.com,http://www.youtube.com/watch?v=2d_KNywN6IU
2010-09-19,10:02:01,dfsw5,4,"Taiwan is bracing for Typhoon Fanapi, with forecasters predicting it will make landfall early Sunday. Three deaths have been blamed on the storm.",edition.cnn.com,http://edition.cnn.com/2010/WORLD/asiapcf/09/18/taiwan.typhoon/index.html?hpt=T1
2010-09-20,04:13:16,dg1bm,1,Israeli-linked organ dealers busted,presstv.ir,http://www.presstv.ir/detail/143002.html
