2010-08-16,23:20:28,d1q36,468,NASA satellite view of the extent of the massive flooding in Pakistan (before vs. after),earthobservatory.nasa.gov,http://earthobservatory.nasa.gov/NaturalHazards/view.php?id=45239
2010-08-16,21:34:36,d1p1p,207,"Superb Aljazeera documentary on the issues involved in any possible Israeli-Iran War, the politics, the weapons, the likely routes of attack and the likelihood of wider escalation. Well worth your time. [VID]",youtube.com,http://www.youtube.com/watch?v=bZqFqFeA6UI&feature=related
2010-08-16,01:05:07,d1exv,183,See if you find honest reporting of this in the US corporate mass media: Arrests of Guatemalan Police Death Squads reveal connection to organized crime and CIA.,rightsaction.org,http://www.rightsaction.org/articles/Guat_Impunity_crack_072810.html
2010-08-16,17:22:56,d1n2u,166,"""Like Mr bin Laden, Mr Gingrich is apparently still relitigating the victories and defeats of religious wars fought in Europe and the Middle East centuries ago. He should rejoin the modern world, before he does real harm.""",economist.com,http://www.economist.com/node/16743239?story_id=16743239
2010-08-17,01:14:39,d1rhh,155,"British kickboxer picks fight with U.S. marine, gets ""humiliated"" in Muay Thai bar fight, follows marine to hotel and stabs him to death. ",news.yahoo.com,http://news.yahoo.com/s/ap/20100816/ap_on_re_as/as_thailand_american_killed
2010-08-16,22:58:35,d1pub,88,Egypt seizes explosives on ship coming from Israel,english.people.com.cn,http://english.people.com.cn/90001/90777/90855/7106286.html
2010-08-16,11:42:50,d1k8k,90,Muslim countries ditch Pakistan in hour of need; US leading all relief efforts,dailytimes.com.pk,http://www.dailytimes.com.pk/default.asp?page=2010\08\16\story_16-8-2010_pg7_22
2010-08-17,05:14:04,d1ulj,84, Barack Obama personally warned Turkish Prime Minster Recep Tayyip Erodgan that the US will not sell weapons to Turkey if it does not change its position towards Israel,jpost.com,http://www.jpost.com/International/Article.aspx?ID=184891
2010-08-16,19:18:41,d1nxh,80,"Over 15,000 likely dead in Russian heat wave",wunderground.com,http://www.wunderground.com/blog/JeffMasters/comment.html?entrynum=1571&tstamp=
2010-08-17,03:20:05,d1t6e,76,Female Israeli officer poses for Facebook in front of blindfolded Palestinian prisoners - The photos...show the uniformed officer smiling and posing next to bound and blindfolded Palestinian soldiers. ,observers.france24.com,http://observers.france24.com/en/content/20100816-female-officer-poses-facebook-front-palestinian-prisoners
2010-08-17,01:31:18,d1rpa,63,Journalist Exposes How Private Investigation Firm Hired by Chevron Tried to Recruit Her as a Spy to Undermine $27B Suit in Ecuadorian Amazon,democracynow.org,http://www.democracynow.org/2010/8/16/journalist_exposes_how_private_investigation_firm
2010-08-17,05:04:16,d1ugx,37,Storm over Israeli abuse photos   - Middle East - Al Jazeera English,english.aljazeera.net,http://english.aljazeera.net/news/middleeast/2010/08/2010816164542801123.html
2010-08-17,02:06:58,d1s7o,36,Russia: Loss of 25 percent of Russian wheat crop worries international grain markets,globalpost.com,http://www.globalpost.com/dispatch/russia/100813/economy-fires-wheat
2010-08-17,02:11:38,d1s9u,38,"Almost everywhere else in Europe, returning Jews found their homes had been broken into, and everything of value stolen. When the Danish Jews returned , they discovered that their homes, pets, gardens and personal belongings were cared for by their neighbors.",auschwitz.dk,http://www.auschwitz.dk/denmark.htm
2010-08-16,23:28:28,d1q6f,27,French Thieves Use Their Breasts to Distract Victims ,wordsaboutthings.co.uk,http://www.wordsaboutthings.co.uk/french-thieves-use-their-breasts-to-distract-victim/
2010-08-17,03:52:56,d1tl8,25,Afghan Couple Stoned to Death on Taliban Orders Upon Sharia Law,nytimes.com,http://www.nytimes.com/2010/08/17/world/asia/17stoning.html?_r=1&src=twt&twt=nytimes
2010-08-16,10:48:11,d1jqk,23,North Korea vows 'merciless counterblow' to U.S. and South Korea.,edition.cnn.com,http://edition.cnn.com/2010/WORLD/asiapcf/08/15/north.korea.threat/index.html
2010-08-16,10:59:24,d1ju8,24,Is Africa still being looted? World Bank dodges its own research,links.org.au,http://links.org.au/node/1843
2010-08-16,10:38:48,d1jnc,22,China Passes Japan to Become No. 2 Economy - NYTimes.com,nytimes.com,http://www.nytimes.com/2010/08/16/business/global/16yuan.html?_r=1&src=busln
2010-08-17,05:50:06,d1v1z,23,"Israeli IDF solider poses next to abused prisoners, and post images on Facebook",gawker.com,http://gawker.com/5614131/israels-own-military-prisoner-photo-scandal-on-facebook
2010-08-17,06:14:55,d1ve1,21,North Korea succession: Kim Jong Il appoints Jang Song Taek caretaker for Kim Jong Eun,washingtonpost.com,https://www.washingtonpost.com/wp-dyn/content/article/2010/08/15/AR2010081503356_pf.html
2010-08-16,08:52:45,d1ise,19,"N.Korea warns of 'severest punishment' over war games - ""The North's army and people will ""deal a merciless counterblow"" to the allies """,news.yahoo.com,http://news.yahoo.com/s/afp/20100815/wl_asia_afp/skoreankoreausmilitarydrill
2010-08-17,05:48:39,d1v1h,18,President Barack Obama has warned the Turkish prime minister that Ankara's position on Israel and Iran could lessen its chances of obtaining US weapons,google.com,http://www.google.com/hostednews/afp/article/ALeqM5gkiffAX666da2CwVPPVrTUrHC7hA
2010-08-16,18:22:33,d1nix,18,Assange hired for Swedish tabloid Aftonbladet in hopes of gaining WikiLeaks journalistic protections,mathaba.net,http://mathaba.net/news/?x=624311
2010-08-17,02:45:29,d1sq5,17,Canadian Cities Declare War on Cars,politicsandcars.com,http://www.politicsandcars.com/blog/1048331_canadian-cities-declare-war-on-cars
2010-08-16,22:02:40,d1pap,16,"Iran Opposition: Sanctions Helping Ahmadinejad --   News from Antiwar.com — Two candidates from last year’s Iranian Presidential Election, Mehdi Karroubi and Mir-Hossein Moussavi issued a joint letter today warning that the various sanctions against Iran are actually helping Ahmadinejad.",news.antiwar.com,http://news.antiwar.com/2010/08/15/iran-opposition-sanctions-helping-ahmadinejad/
2010-08-16,02:49:25,d1fr6,10,"Indian Prime Minster appeals to Maoists, warns Pakistan on terror ",timesofindia.indiatimes.com,http://timesofindia.indiatimes.com/india/PM-appeals-to-Maoists-warns-Pakistan-on-terror/articleshow/6315708.cms
2010-08-16,22:15:14,d1pen,11,Pakistan floods: On the brink of a 'second wave of death' (photos),examiner.com,http://www.examiner.com/geopolitics-in-national/pakistan-floods-on-the-brink-of-a-second-wave-of-death-photos-1
2010-08-17,05:47:59,d1v13,11,"Israel plans new road to West Bank settlement
",google.com,http://www.google.com/hostednews/ap/article/ALeqM5ioi_0jtO9RjMwPNRoXNCndRPRq3gD9HKNSTO3
2010-08-17,05:08:14,d1uiy,9,Russia's Corruption Generates Equivalent Of 50% GDP - Watchdog,nasdaq.com,http://www.nasdaq.com/aspx/stock-market-news-story.aspx?storyid=201008020916dowjonesdjonline000169&title=russias-corruption-generates-equivalent-of-50gdp-watchdog
