2010-02-15,19:42:08,b2849,1549,Anonymous planning large anti-censorship nation-wide protests across Australia [PIC],images.encyclopediadramatica.com,http://images.encyclopediadramatica.com/images/4/40/Fixedfreeweb.png
2010-02-16,03:33:06,b2dtg,146,"My father rode a camel, I drive a Mercedes, my son drives a Land Rover, his son will drive a Land Rover, but his son will ride a camel (Rashid bin Saeed Al Maktoum): Peak Oil forecast for 2015. ",csmonitor.com,http://www.csmonitor.com/World/Europe/2010/0215/Virgin-s-Richard-Branson-takes-on-peak-oil
2010-02-16,00:49:31,b2bs2,88,Three quarters women said if a victim got into bed with the assailant before a rape they should accept some responsibility.,news.bbc.co.uk,http://news.bbc.co.uk/2/hi/uk_news/8515592.stm?referrer=al-qaeda_and_satan
2010-02-15,20:59:36,b28xb,72,As Israeli soldiers we hang our heads in shame over Gaza ,guardian.co.uk,http://www.guardian.co.uk/commentisfree/2010/feb/15/hamas-gaza-israel-palestinians
2010-02-15,23:59:56,b2b35,65,"Two Greenpeace activists are on trial in Japan after trying to expose alleged embezzlement in the whaling fleet, which is heavily government subsidised.",news.bbc.co.uk,http://news.bbc.co.uk/1/hi/world/asia-pacific/8515674.stm
2010-02-15,19:53:40,b288t,63,"U.S. congressman Brian Baird says U.S. should break Israel Gaza blockade: ""roll-off ships and roll them right to the beach and bring the relief supplies in, in our version of the Berlin airlift""",google.com,http://www.google.com/hostednews/ap/article/ALeqM5jw6c6W7D_lf3F_aBJvrojp0NKUWQD9DSE4Q00
2010-02-15,12:25:27,b23yw,55,Mexicans march against drug war and Mexican officials are beginning to agree with them.,rawstory.com,http://rawstory.com/2010/02/mexicans-juarez-streets-march-anger-drug-war/
2010-02-15,11:13:34,b23ce,51,"Legal Advisor for Haiti ""Adoption"" Case Implicated in El Salvadorian Child Prostitution Ring",smh.com.au,http://www.smh.com.au/world/haiti-case-adviser-linked-to-child-prostitution-20100214-nzer.html
2010-02-15,23:15:43,b2afx,47,Incredible Pictures of Israeli Attack in Gaza: Operation Cast Lead (Warning:Graphic),worldpressphoto.org,http://www.worldpressphoto.org/index.php?option=com_photogallery&task=view&id=1716&Itemid=257&type=&selectedIndex=2&bandwidth=high
2010-02-15,18:11:28,b277z,39,Brussels train crash: at least 20 people feared dead ,telegraph.co.uk,http://www.telegraph.co.uk/news/worldnews/europe/belgium/7241482/Brussels-train-crash-at-least-20-people-feared-dead.html
2010-02-16,03:04:11,b2dgk,41,"In Taiwan, fetching young women in outrageous outfits sell betel nuts. Is this a tourist draw, or national shame? ",globalpost.com,http://www.globalpost.com/dispatch/china-and-its-neighbors/100208/betel-nut-taiwan-asian-girls
2010-02-15,14:39:57,b258u,17,Canada looks to China to exploit oil sands rejected by US,guardian.co.uk,http://www.guardian.co.uk/business/2010/feb/14/canada-china-investment-oil-sands
2010-02-16,04:08:47,b2e7z,18,Arrest warrant issued for disgraced American cyclist Landis - Accused of hacking into a French drug-testing laboratory!,abc.net.au,http://www.abc.net.au/news/stories/2010/02/16/2820506.htm?section=justin
2010-02-15,01:33:35,b1yvu,12,How widespread is the opposition to Iranian government?,guardian.co.uk,http://www.guardian.co.uk/commentisfree/2010/feb/12/iran-revolution-31st-anniversary
2010-02-16,05:49:44,b2fcj,13,Assassins of Hamas chief 'used British passports',timesonline.co.uk,http://www.timesonline.co.uk/tol/news/world/middle_east/article7028123.ece
2010-02-16,05:51:48,b2fdh,10,Male 'Pill' on trial,telegraph.co.uk,http://www.telegraph.co.uk/science/science-news/7239347/Male-Pill-on-trial.html
2010-02-15,16:09:31,b264a,8,Anti-whaling activists face trial in Japan | World news | guardian.co.uk,guardian.co.uk,http://www.guardian.co.uk/world/2010/feb/14/sato-suzuki-trial-japan-whaling?utm_source=twitterfeed&utm_medium=twitter
2010-02-15,18:47:59,b27li,8,Russian Northern fleet vessel continues pirate hunt ,barentsobserver.com,http://www.barentsobserver.com/northern-fleet-vessel-continues-pirate-hunt.4746620.html
2010-02-15,19:44:25,b2850,11,"UK Parliament opens its doors for anyone to get married there, including gay couples",telegraph.co.uk,http://www.telegraph.co.uk/news/newstopics/politics/7222695/Members-of-the-public-can-get-married-in-Parliament-for-first-time-under-new-reforms.html
2010-02-16,02:14:13,b2ct3,8,"""...while indigenous peoples make up around 370 million (5%) of the world’s population, they constitute around one-third of the world’s 900 million extremely poor rural people.""",truthout.org,http://www.truthout.org/indigenous-peoples-grapple-with-effects-climate-change56916
2010-02-15,10:13:11,b22v5,6,Teenage domestic violence tackled by advert campaign; study suggested a quarter of girls aged 13 to 17 had experienced physical violence from a boyfriend and a third had been pressured into sexual acts they did not want.,news.bbc.co.uk,http://news.bbc.co.uk/2/hi/uk_news/8515601.stm
2010-02-15,11:13:19,b23ca,7,"Pope summons Ireland's bishops: 
Group of 24 called to Vatican to discuss revelations of pedophilia.",english.aljazeera.net,http://english.aljazeera.net/news/europe/2010/02/201021420236176854.html
2010-02-15,18:13:26,b278s,9,Spotlight proves too much for the 7 year-old samba queen at Rio carnival,timesonline.co.uk,http://www.timesonline.co.uk/tol/news/world/us_and_americas/article7027216.ece
2010-02-16,00:42:14,b2bo1,7,"Black police organisation must be scrapped, say white officers",guardian.co.uk,http://www.guardian.co.uk/uk/2010/feb/14/scrap-black-police-body-call
2010-02-15,16:17:15,b266n,6,BNP changes all-white constitution and ejects reporter from meeting,timesonline.co.uk,http://www.timesonline.co.uk/tol/news/uk/article7026702.ece
2010-02-15,09:36:23,b22l9,3,"Israeli Deputy Foreign Minister Daniel Ayalon suggests land exchange with future Palestinian state; says: 'Why give them empty land in Negev, why not land full of residents', referring to Triangle region of Israeli Arab towns.",ynetnews.com,"http://www.ynetnews.com/articles/0,7340,L-3848369,00.html"
2010-02-15,19:16:53,b27vi,3,Belgian train crash kills twenty people,independent.co.uk,http://www.independent.co.uk/news/world/europe/belgian-train-crash-kills-at-least-twenty-1899889.html
2010-02-15,19:27:18,b27z0,5,NATO suspends the use of rocket system because the killing of 12 civilians as it missed the target in Afghanistan,telegraph.co.uk,http://www.telegraph.co.uk/news/worldnews/asia/afghanistan/7240750/Afghanistan-Operation-Moshtarak-continues-amid-rocket-ban-over-12-civilian-deaths.html
2010-02-16,03:28:23,b2drf,4,Should treason still be a crime?,news.bbc.co.uk,http://news.bbc.co.uk/2/hi/uk_news/politics/8511120.stm
2010-02-15,09:43:47,b22my,4,Nato rockets kill 12 Afghan civilians. Off-target rockets in Nad Ali deal blow to hopes of minimising civilian casualties in largest western-led operation of war.,guardian.co.uk,http://www.guardian.co.uk/world/2010/feb/14/nato-rockets-kill-afghan-civilians
