2010-12-31,01:45:24,etqgi,916,Julian Assange Threatens To Name Arab Leaders With CIA Ties,businessinsider.com,http://www.businessinsider.com/julian-assange-threatens-to-name-arab-leaders-with-cia-ties-2010-12
2010-12-31,15:55:33,eu2x9,628,"When I hear someone say that soldiers “defend our freedom,” my immediate response is to gag. But I can think of one exception. If there’s a soldier anywhere in the world who’s fought and suffered for my freedom, it’s Pfc. Bradley Manning",c4ss.org,http://c4ss.org/content/5587
2010-12-31,22:53:36,eu6bl,487,"An area of Australia larger than France and Germany combined is currently underwater in the worst flooding in recorded history. 200,000 people are currently cut off with water levels still rising. More links in comments.",nytimes.com,http://www.nytimes.com/aponline/2010/12/30/world/asia/AP-AS-Australia-Flooding.html
2011-01-01,01:13:57,eu81l,420,"'Dancing Boy' Scandal Taints Both Americans and Afghans - To win over Afghan locals, American contractor DynCorp bankrolled 'bacha bazi' parties -- the culturally accepted practice of pedophilia by men against boys.",alternet.org,http://www.alternet.org/investigations/149352/%27dancing_boy%27_scandal_taints_both_americans_and_afghans/
2011-01-01,00:25:22,eu7ds,332,"The Bradley Manning ""soldiers defend our freedom"" article was plagiarised from this Independent story. I thought it was great, but you should read about the other under-appreciated heroes of 2010, too.",independent.co.uk,http://www.independent.co.uk/opinion/commentators/johann-hari/johann-hari-the-underappreciated-heroes-of-2010-2168227.html?????
2010-12-31,22:25:20,eu61w,184,"India: High-profile human rights activist gets life for treason, exposing cracks in justice system",globalpost.com,http://www.globalpost.com/dispatch/india/101230/india-human-rights-binayak-sen-arundhati-roy-justice
2010-12-31,22:45:20,eu68v,152,"Gunmen have kidnapped a 28-year-old woman who was the last police officer in the town of Guadalupe, Mexico. About 10 unidentified gunmen set fire to the home of Erika Gandara and torched both cars parked outside for good measure before abducting her...",tokeofthetown.com,http://www.tokeofthetown.com/2010/12/mexico_gunmen_kidnap_last_police_officer_in_guadal.php
2010-12-31,20:29:06,eu576,136,"Unexpected events largely ignored in Western media: In Tunisia, unthinkable public unrest saw thousands demonstrate against the regime of President Zine el Abidine Ben Ali(!)",ipsnews.net,http://www.ipsnews.net/news.asp?idnews=54010
2010-12-31,12:57:47,eu0pi,108,Survey: 53% of Jewish-Israelis oppose full equal-rights for Israeli-Arabs ,haaretz.com,http://www.haaretz.com/print-edition/news/survey-israel-yet-to-grasp-concept-of-democracy-1.9976
2010-12-31,17:34:06,eu3wk,76,"A strike is taking place across Pakistan to protest against possible changes to the blasphemy laws, which carry mandatory death sentence for anyone who insults Islam. ",bbc.co.uk,http://www.bbc.co.uk/news/world-south-asia-12097687
2010-12-31,10:50:05,etyzt,74,China makes Skype illegal,telegraph.co.uk,http://www.telegraph.co.uk/technology/internet/8231444/China-makes-Skype-illegal.html?sms_ss=reddit&at_xt=4d1d44bf810c8f73%2C0
2011-01-01,04:37:30,euatu,70,A thousand people took to the streets of Buenos Aires to celebrate a year of marijuana activism and call for the right to grow their own plants,stopthedrugwar.org,http://stopthedrugwar.org/chronicle/2010/dec/28/thousand_march_marijuana_buenos
2010-12-31,16:20:34,eu36x,58,"Wikileaks: The chief of the Revolutionary Guard angrily slapped Iranian President Ahmadinejad in early 2010, as Tehran was still dealing with the fallout from last year's election!",timeslive.co.za,http://www.timeslive.co.za/world/article830805.ece/Wikileaks--Iranian-president-slapped-by-top-Revolutionary-Guard
2011-01-01,01:12:12,eu80u,55,"Lebanon is staring into the abyss - 
Whatever the tribunal into the death of Rafik Hariri decides, it will pour petrol on Lebanon's raging fire",guardian.co.uk,http://www.guardian.co.uk/commentisfree/2010/dec/31/lebanon-brink-rafik-hariri-tribunal-hezbollah
2010-12-31,08:54:55,etxgg,47,"War Nerd: Market Lessons from the Pashtun - ""If all these neocons who worship the Ancient Greeks really want to know what their precious Greeks were like, they should go live in a Pashtun village.""",exiledonline.com,http://exiledonline.com/the-war-nerd-market-lessons-from-the-pashtun/
2011-01-01,00:56:38,eu7t8,48,Macedonia Faiths Unite Against Gay Marriage - Leaders of five main religious communities demand constitutional changes to rule out same-sex marriage and gay adoption.,balkaninsight.com,http://www.balkaninsight.com/en/article/macedonian-clerics-attempt-curbing-same-sex-marriages
2011-01-01,00:40:42,eu7l5,47,"Estonia adopts the euro tomorrow, amidst fear from much of the public.",english.aljazeera.net,http://english.aljazeera.net/news/europe/2010/12/2010123110615856182.html
2010-12-31,11:00:31,etz4h,39,Homeless man who squatted in apartment to avoid arctic weather conditions over Christmas then left it as he found it is jailed...,belfasttelegraph.co.uk,http://www.belfasttelegraph.co.uk/news/local-national/northern-ireland/homeless-man-who-squatted-in-apartment-to-avoid-cold-weather-is-jailed-15042069.html
2011-01-01,02:06:13,eu8t7,34,"Cuba cuts subsidy for toiletries - President Raul Castro says monthly ration book will also be slashed to overhaul economy and prevent financial crisis.
",guardian.co.uk,http://www.guardian.co.uk/world/2010/dec/31/cuba-cuts-toiletries-subsidy
2010-12-31,08:05:36,etwt6,31,A Litany Of Wikileaks Evidence That US Behaves Like Rogue State And The Spanish Case Against American War Criminals Is Alive And Well.,lecafpolitiquedecamusdecaf.blogspot.com,http://lecafpolitiquedecamusdecaf.blogspot.com/2010/12/litany-of-wikileaks-evidence-that-us.html
2011-01-01,00:38:09,eu7jm,28,"200,000 Austalian citizens have been affected flood waters. In Northeastern Australia military aircraft dropped supplies to towns cut off by floods. 200,000 people have been affected by waters covering an area larger than Texas and Montana combined.",marketplace.publicradio.org,http://marketplace.publicradio.org/display/web/2010/12/31/200000-am-austalian-citizens-have-been-affected-floor-waters/
2010-12-31,18:57:12,eu4ki,31,"South African poultry industry accused of racism for taking out-of-date frozen chicken returned to suppliers , washing them in chlorine , injecting them with flavoring  , repackaging them with new expiry date and selling them to smaller family run businesses",telegraph.co.uk,http://www.telegraph.co.uk/news/worldnews/africaandindianocean/southafrica/8232457/South-African-poultry-industry-accused-of-racism.html
2010-12-31,13:50:55,eu1em,33,"EFF's 2010 Trend Watch Update on Global Internet Censorship: ""Wikileaks has been subject to an astonishing amount of informal government pressure, which convinced a string of Internet hosting companies to drop the site. These are troubling developments.""",eff.org,https://www.eff.org/deeplinks/2010/12/2010-trend-watch-update-global-internet-censorship
2011-01-01,01:14:19,eu81v,28,"The Lucrative Business of Polluting - The Kyoto Protocols allows companies to continue polluting at home by assisting in emissions reductions abroad. If its critics are right, however, the system is being massively abused and actually discourages reductions that might otherwise be made.",spiegel.de,"http://www.spiegel.de/international/business/0,1518,736801,00.html"
2011-01-01,04:57:06,eub37,29,"Albino boy killed in Burundi, witchcraft suspected - Albino hunters kill their victims and use their blood and body parts for potions. Witchdoctors tell their clients that the body parts will bring them luck in love, life and business.",msnbc.msn.com,http://www.msnbc.msn.com/id/40861535/ns/world_news-africa/
2011-01-01,01:19:38,eu84k,24,"WikiLeaks: Mugabe seen as isolated, ""surreal"" ",globalpost.com,http://www.globalpost.com/dispatch/zimbabwe/101228/mugabe-zimbabwe-wikileaks
2011-01-01,05:24:21,eubf2,25,Saying Goodbye: Ten of the World’s Most Endangered Species in 2010,wp.me,http://wp.me/pH76q-2X3
2010-12-31,15:07:42,eu2eb,22,Bankers fail to censor thesis exposing loophole in bank card security,guardian.co.uk,http://www.guardian.co.uk/science/2010/dec/30/bankers-thesis-bank-card-security
2011-01-01,02:31:49,eu95b,20,"France braces for annual New Year's car torchings
",news.yahoo.com,http://news.yahoo.com/s/nm/20101231/wl_nm/us_france_newyear
2010-12-31,14:46:52,eu25b,18,"Europe's confidence that it need not follow the US in adopting rules to ensure fair Internet access may be short-lived, as competition between mobile operators and service providers like Skype intensifies",reuters.com,http://www.reuters.com/article/idUSTRE6BL2IY20101222
