2010-08-08,19:30:23,cypix,853,Roald Dahl's darkest hour ,telegraph.co.uk,http://www.telegraph.co.uk/culture/books/biographyandmemoirreviews/7930233/Roald-Dahls-darkest-hour.html
2010-08-08,06:02:13,cykfj,444,Finalist dies at World Sauna event in Finland!!,bbc.co.uk,http://www.bbc.co.uk/news/world-europe-10904691
2010-08-08,21:28:33,cyq1r,310,This video is creating a large controversy in France right now.  Look for the part starting at the two-minute mark.,youtube.com,http://www.youtube.com/watch?v=UFewVLSW0tU
2010-08-09,06:20:36,cyubg,191,President Karzai Calls for Ban on Private Security Companies in Afghanistan. ,online.wsj.com,http://online.wsj.com/article/SB10001424052748704268004575417293032620332.html?mod=wsj_share_reddit
2010-08-08,19:56:07,cypmu,138,"Pope acts against incest priest's group. The Legionaries of Christ, the Roman Catholic group that combines an estimated £21bn fortune with intense moral turpitude and extreme conservatism, is facing its nemesis this month.",independent.co.uk,http://www.independent.co.uk/news/world/americas/pope-acts-against-incest-priests-group-2046517.html
2010-08-08,11:51:02,cyn24,118,"Iran set to execute 18-year-old on false charge of sodomy on the basis of ""judge's knowledge"", a legal loophole that allows for subjective judicial rulings where there is no conclusive evidence
",guardian.co.uk,http://www.guardian.co.uk/world/2010/aug/08/iran-mohammad-mostafaei-rights-lawyer
2010-08-09,00:58:11,cyrjj,109,"The groom unleashed a volley of rapid aerial shots with an AK-47 rifle to celebrate his nuptials, but quickly lost control of the weapon and accidentally raked the guests with bullets",vancouversun.com,http://www.vancouversun.com/news/Groom+accidentally+kills+three+Turkish+wedding+report/3374396/story.html
2010-08-08,20:27:48,cyprp,114,North Korea seizes South Korean fishing boat.,news.yahoo.com,http://news.yahoo.com/s/ap/20100808/ap_on_re_as/as_koreas_tension
2010-08-09,05:28:51,cytv5,108,Lawyer in Iran stoning case asks for asylum in Norway (the guy escaped to Turkey on horseback - what a ninja),bbc.co.uk,http://www.bbc.co.uk/news/world-middle-east-10909556
2010-08-08,19:41:31,cypkn,91,"WikiLeaks: Lack of Swedish publishing license means it does not enjoy constitutional source protection, experts say",thelocal.se,http://www.thelocal.se/28236/20100807/
2010-08-09,01:20:30,cyrpj,65,Taliban issues press release to counter TIME magazine's cover photo of mutilated girl.,motherjones.com,http://motherjones.com/mojo/2010/08/taliban-press-release-spin-time-cover-photo-aisha-women-rights
2010-08-08,20:11:39,cypoy,57,Detained Belarusian Investigator of KGB Corruption Hospitalized - at KGB Hospital,rferl.org,http://www.rferl.org/content/Detained_Belarusian_Investigator_Hospitalized/2120927.html
2010-08-08,20:27:56,cyprq,43,"Mexican federal police protest in Juarez, accuse commanders of corruption",elpasotimes.com,http://www.elpasotimes.com/juarez/ci_15705214
2010-08-08,23:30:25,cyqtn,35,"Iran will offer full support to Lebanon and Syria in the event of an Israeli attack, said Iranian Foreign Minister Manouchehr Mottaki ",jpost.com,http://www.jpost.com/MiddleEast/Article.aspx?id=184074&reddit=wn
2010-08-08,22:23:31,cyqck,34,Kick-ass Helicopter Pilot in Pakistan,boston.com,http://www.boston.com/bigpicture/2010/08/severe_flooding_in_pakistan.html#photo17
2010-08-08,05:57:09,cyke2,35,"'If attacked, Iran will annihilate US'",presstv.ir,http://www.presstv.ir/detail.aspx?id=137805&amp;sectionid=351020101
2010-08-08,13:23:08,cynls,30,Russian troops dug a five-mile canal to protect nuclear arms site from wildfires caused by record heatwave,guardian.co.uk,http://www.guardian.co.uk/world/2010/aug/08/russia-nuclear-base-wildfires
2010-08-09,00:16:55,cyr69,29,Taliban response to TIME magazine cover of girl with her nose cut off,longwarjournal.org,http://www.longwarjournal.org/threat-matrix/archives/2010/08/taliban_disses_time_magazine_c.php
2010-08-08,19:29:04,cypim,21,"Massive ice island breaks off Greenland. A piece of ice four times the size of Manhattan island has broken away from an ice shelf in Greenland, according to scientists in the U.S.",edition.cnn.com,http://edition.cnn.com/2010/WORLD/americas/08/07/greenland.ice.island/index.html?hpt=C2#fbid=y8118CYT0r5&wom=false
2010-08-08,23:55:55,cyr0d,22,"Cuba has told one-fifth of its government workers that communism hasn't worked out for them and they'll have to find jobs in the ""private"" sector.
",koreatimes.co.kr,http://www.koreatimes.co.kr/www/news/opinon/2010/08/137_71080.html
2010-08-08,12:49:11,cyndf,20,Video of forced eviction in Paris suburb prompts shock reactions from French politicians as well as advocates for immigrants and housing rights,france24.com,http://www.france24.com/en/20100730-video-forced-evacuation-paris-suburb-provokes-shock-tent-women-police-children
2010-08-08,17:34:55,cyp18,19,Speed camera switch-off sees fewer accidents,telegraph.co.uk,http://www.telegraph.co.uk/motoring/news/7931842/Speed-camera-switch-off-sees-fewer-accidents.html
2010-08-09,07:23:11,cyuu4,16,Green MP Caroline Lucas has joined the campaign to force US tycoon Donald Trump to change his plans to build a luxury golf course on the Aberdeenshire coast.,guardian.co.uk,http://www.guardian.co.uk/politics/2010/aug/08/caroline-lucas-donald-trump-golf
2010-08-08,20:35:36,cypsy,13,NKorea seizes SKorean fishing boat amid tension‎,bbc.co.uk,http://www.bbc.co.uk/news/world-asia-pacific-10907074
2010-08-08,22:58:49,cyql0,14,127 killed as mudslides devastate China town ,telegraph.co.uk,http://www.telegraph.co.uk/news/worldnews/asia/china/7932801/127-killed-as-mudslides-devastate-China-town.html
2010-08-09,04:04:23,cyt4f,13,Hundreds of Mexican federal police officers clash over allegations of corruption; a three-day protest turns into a riot.,edition.cnn.com,http://edition.cnn.com/2010/WORLD/americas/08/08/mexico.federal.police/index.html
2010-08-09,05:49:18,cyu25,9,7 Baha'i in Irans sentenced to 20 years each for what?????,news.bahai.org,http://news.bahai.org/story/786
2010-08-08,02:45:44,cyitg,11,Castro addresses Cuba's parliament for first time in years,edition.cnn.com,http://edition.cnn.com/2010/WORLD/americas/08/07/cuba.fidel.castro/
2010-08-09,05:42:55,cyu04,10,Hundreds missing in China landslide ,english.aljazeera.net,http://english.aljazeera.net/news/asia-pacific/2010/08/2010881446366388.html
2010-08-08,23:23:10,cyqrm,9,Italy fears a boozy invasion of its exclusive beaches: New laws by Berlusconi's government allows beachfront premises to stage drink-and-dance parties seven days a week,guardian.co.uk,http://www.guardian.co.uk/world/2010/aug/08/italy-fears-boozy-beaches
