2010-08-27,18:46:43,d62tn,442,City of Toronto first in North America to formally endorses harm reduction on drug use,theglobeandmail.com,http://www.theglobeandmail.com/news/national/toronto/toronto-formally-endorses-harm-reduction-on-drug-use/article1686999/
2010-08-28,03:10:50,d68qt,326,Found: BP's Missing Oil,motherjones.com,http://motherjones.com/rights-stuff/2010/08/found-bps-supposedly-missing-oil
2010-08-27,21:00:47,d63yq,210,"Westerners vs. the World - Western social science relies on behavioural studies using Western participants. But in matters such as fairness, individualism, conformism, Westerners are outliers by world standards ",nationalpost.com,http://www.nationalpost.com/Westerners+World+weird+ones/3427126/story.html
2010-08-27,10:37:15,d5yc8,160,Israeli education ministry approves new 'whites-only' settlement school.,imemc.org,http://www.imemc.org/article/59331
2010-08-27,21:39:12,d64cp,134,"Decoding of wheat genome hailed as most significant breakthrough in wheat production in 10,000 years",independent.co.uk,http://www.independent.co.uk/news/science/genome-breakthrough-heralds-new-dawn-for-agriculture-2063308.html
2010-08-27,11:42:26,d5yzc,121,"The clock has run out on Facebook to revamp its privacy rules to avoid a public showdown with Canada's privacy czar over how it protects personal information
",montrealgazette.com,http://www.montrealgazette.com/technology/Time+Facebook+privacy+concerns/3438121/story.html
2010-08-27,17:47:17,d62em,115,Newsweek asking the tough questions: Is WikiLeaks Too Full of Itself?,newsweek.com,http://www.newsweek.com/blogs/declassified/2010/08/26/is-wikileaks-too-full-of-itself.html
2010-08-28,01:41:09,d67hi,101,Israeli Actors Boycott Theater in an Illegal Settlement,thelede.blogs.nytimes.com,http://thelede.blogs.nytimes.com/2010/08/26/israeli-actors-boycott-theater-in-settlement/
2010-08-27,19:12:00,d630q,93,Iran issues fatwa against pets: “Many people in the West love their dogs more than their wives and children”,telegraph.co.uk,http://www.telegraph.co.uk/news/worldnews/middleeast/iran/7966326/Iran-issues-fatwa-against-pets.html
2010-08-27,20:22:45,d63ky,76,Flooding has displaced an additional 1 million people in Pakistan in the past 48 hours: 17 million affected,cnn.com,http://www.cnn.com/2010/WORLD/asiapcf/08/27/pakistan.floods/
2010-08-27,22:18:02,d64rq,59,"Way braver than me.  Video of the upbeat Chilean miners trapped deep underground for at least weeks, if not months.",thelede.blogs.nytimes.com,http://thelede.blogs.nytimes.com/2010/08/27/video-messages-from-trapped-chilean-miners/
2010-08-28,05:44:56,d6azi,43,Passengers mistakingly told to prepare for a crash landing,news.nationalpost.com,http://news.nationalpost.com/2010/08/27/passengers-told-to-prepare-for-a-crash-landing-by-mistake/
2010-08-27,09:01:53,d5xeq,43,"Australian commandos face likely charges over child deaths during ""capture or kill"" mission",smh.com.au,http://www.smh.com.au/world/diggers-face-likely-charges-on-child-deaths-20100826-13u8h.html
2010-08-27,08:52:39,d5xbr,42,Brazil has revolutionised its own farms. Can it do the same for others?,economist.com,http://www.economist.com/node/16886442?story_id=16886442&fsrc=rss
2010-08-27,20:43:37,d63sj,40,"Police in Japan have arrested
the daughter and
granddaughter of a centenarian
believed to be Tokyo's oldest
man whose mummified
remains were found last month.",bbc.co.uk,http://www.bbc.co.uk/news/world-asia-pacific-11107798
2010-08-27,19:43:02,d639v,20,"Police in the central Indian state
of Madhya Pradesh say they are
investigating the disappearance
of several hundred tonnes of
explosives.",bbc.co.uk,http://www.bbc.co.uk/news/world-south-asia-11106287
2010-08-27,10:32:53,d5yah,20,"""How Much Does It Cost To Run A Failed State?""",blog.foreignpolicy.com,http://blog.foreignpolicy.com/posts/2010/08/26/1000_to_be_central_banker_of_somalia
2010-08-28,01:12:43,d673d,21,U.K. think tank says foreign policy will cause domestic terrorism,msnbc.msn.com,http://www.msnbc.msn.com/id/38877163/
2010-08-27,14:01:42,d60h3,19,"Burqa Bans, Halal Debate: Are the French Taking Secularism Too Far? What say you?",time.com,"http://www.time.com/time/world/article/0,8599,2012558,00.html"
2010-08-28,03:34:04,d693j,12,Prosecutor in Mexico Massacre Feared Dead,online.wsj.com,http://online.wsj.com/article/SB10001424052748704147804575455663134960250.html?mod=wsj_share_reddit
2010-08-28,06:40:21,d6bss,15,Denmark Turns Down Obama's Request for F-16s - Denmark has turned down a NATO request to send F-16 fighters to Afghanistan as it believes it has done enough for the international military mission there.,defensenews.com,http://www.defensenews.com/story.php?i=4757963&c=EUR&s=AIR
2010-08-28,01:58:55,d67qc,12,Spain Rethinks Afghanistan After Shooting,military.com,http://www.military.com/news/article/spain-rethinks-afghanistan-after-shooting.html?col=1186032310810
2010-08-28,01:37:23,d67fx,9,"George Mitchell, told Lebanese Army chief of staff Jean Kahwaji that Israel was ready to implement a plan to destroy within four hours all Lebanese military infrastructure, including army bases and offices",jpost.com,http://www.jpost.com/MiddleEast/Article.aspx?id=186197
2010-08-27,19:51:22,d63ce,9,Tornado hits Essex as forecasters give hope of sunshine for Bank Holiday weekend,telegraph.co.uk,http://www.telegraph.co.uk/topics/weather/7967448/Tornado-hits-Essex-as-forecasters-give-hope-of-sunshine-for-Bank-Holiday-weekend.html
2010-08-28,07:04:31,d6c43,9,Congo and Rwanda: Accusations against Rwanda,economist.com,http://economist.com/blogs/baobab/2010/08/congo_and_rwanda
2010-08-28,07:36:17,d6cjp,9,Fidel Castro: Osama bin Laden a 'subordinate' of George W. Bush,rawstory.com,http://www.rawstory.com/rs/2010/0827/castro-bin-laden-agent/
2010-08-27,12:10:24,d5zau,9,"Is Israel's Left in denial?  Leftists focus on technical issues, dodge religious aspect of Israeli-Palestinian conflict",ynetnews.com,"http://www.ynetnews.com/articles/0,7340,L-3944498,00.html"
2010-08-27,20:35:01,d63pl,8,"If It's September, It Must Be Time for Peace Talks: 
Israeli-Palestinian direct talks and the art of low expectations - Slate Magazine",slate.com,http://www.slate.com/id/2265073/
2010-08-27,14:02:59,d60hf,7,"EU has publicly criticised Israel, over the conviction of a human rights activist from the West Bank town of Bilin.",english.aljazeera.net,http://english.aljazeera.net/news/middleeast/2010/08/2010826191055385630.html
2010-08-28,03:18:38,d68vg,5,"Fresh Pakistan flooding forces 175,000 more to flee ",morningstaronline.co.uk,http://morningstaronline.co.uk/index.php/news/content/view/full/94576
