2010-05-29,12:57:34,c99wj,451,"The war is over!

",irishexaminer.com,http://www.irishexaminer.com/ireland/kfcwauqlqlid/rss2/
2010-05-29,07:50:15,c97tr,284,"Who else is scared that in the coming days they will open reddit and on the front page it's going to say ""North and South Korea are at full scale war, Missiles have been launched!"" ",self.worldnews,https://www.reddit.com/r/worldnews/comments/c97tr/who_else_is_scared_that_in_the_coming_days_they/
2010-05-29,08:17:05,c981e,121,Brazilian Police Chief Shot Dead Live On The Air During Radio Interview,guardian.co.uk,http://www.guardian.co.uk/world/2010/may/26/brazil-police-chief-shot-interview
2010-05-29,22:53:18,c9db8,109,Malawi gay couple recently sentenced to 14 years in prison given Presidential pardon,news.bbc.co.uk,http://news.bbc.co.uk/1/hi/world/africa/10190653.stm
2010-05-29,03:33:05,c94z2,73,Russia wants '100% proof' N.Korea sunk ship,news.yahoo.com,http://news.yahoo.com/s/afp/20100527/wl_afp/skoreankoreamilitaryrussia
2010-05-29,12:24:04,c99o3,67,"Chinese environmental whistleblower imprisoned, tortured",articles.sfgate.com,http://articles.sfgate.com/2010-05-12/world/20894871_1_prison-china-pollution
2010-05-29,13:08:05,c99zg,62,Attacks on two mosques packed with worshippers from a minority sect in Pakistan. At least 80 people were killed and dozens wounded.,nydailynews.com,http://www.nydailynews.com/news/world/2010/05/28/2010-05-28_gunman_with_grenades_in_pakistan_attack_mosques_kill_20_worshippers_held_hostage.html
2010-05-29,18:46:52,c9bzd,61,Police Use Ice Cream Music to Breakup Teen Rioters,irishcentral.com,http://www.irishcentral.com/news/Police-use-ice-cream-music-to-embarrass-teen-rioters-in-Belfast-95103964.html
2010-05-29,11:29:23,c99be,44,Big volcanic eruptions in Guatemala & Ecuador,news.yahoo.com,http://news.yahoo.com/s/ap/20100529/ap_on_re_la_am_ca/lt_guatemala_volcano
2010-05-30,00:58:24,c9e6u,43,"Can Erdogan slay Turkey's zombies? - Three letters: W,Q and X absent from the Turkish alphabet but part of the minority Kurdish language, are still officially illegal to utter or print in Turkey, despite the fact a sixth of the population, or 12 million people, are Kurds.  ",theglobeandmail.com,http://www.theglobeandmail.com/news/opinions/can-erodogan-slay-turkeys-zombies/article1585101/
2010-05-30,00:35:20,c9e0h,20,"European Muslims' Jewish Friend, Job Cohen, leader of the Dutch Labor Party.",nytimes.com,http://www.nytimes.com/2010/05/30/magazine/30Mayor-t.html
2010-05-30,01:56:03,c9emv,14,Israel rejects Middle East nuclear talks,news.bbc.co.uk,http://news.bbc.co.uk/2/hi/world/middle_east/10191339.stm
2010-05-30,04:14:30,c9fvn,15,"""EU foreign policy chief Catherine Ashton on Friday called for an immediate end to Israel’s Gaza blockade, as an aid flotilla prepared to set sail for the enclave despite the embargo.""",mondoweiss.net,http://mondoweiss.net/2010/05/eu-calls-for-immediate-end-to-israel%E2%80%99s-siege-of-gaza.html
2010-05-29,18:29:44,c9bw1,16,"Israeli official describes agreement calling for a Mid-East nuclear-free zone as 'hypocrisy' ... US President Barack Obama backed the deal but said he was ""strongly opposed"" to Israel being singled out ... Hint to Obama: Israel is the only ME country that didn't sign the NPT.",news.bbc.co.uk,http://news.bbc.co.uk/1/hi/world/us_and_canada/10185256.stm
2010-05-30,05:52:59,c9gm6,11,Chinese workers go on strike!  Honda workers shut down production,businessweek.com,http://www.businessweek.com/news/2010-05-28/honda-aims-to-resolve-china-strike-soon-as-possible-update2-.html
2010-05-29,19:22:49,c9c63,8,Water begins flowing from Pakistani lake ,reuters.com,http://www.reuters.com/article/idUSTRE64S0KZ20100529?feedType=RSS&feedName=environmentNews
2010-05-29,18:45:24,c9byz,10,Botticelli's Venus and Mars 'high on drugs' ,guardian.co.uk,http://www.guardian.co.uk/artanddesign/jonathanjonesblog/2010/may/28/botticelli-venus-mars-drug
2010-05-29,11:54:12,c99gw,10,Russian Parliament Voting Scandal (Video),news.bbc.co.uk,http://news.bbc.co.uk/1/hi/world/europe/8709517.stm
2010-05-29,12:17:10,c99mf,9,"Israel's navy to enforce bizarre list of 100s of approved and disapproved items as international aid flotilla attempts Gaza landing.  A long list of items are banned ""just because"" including concrete, cilantro, margarine, jam, and fresh meat.",guardian.co.uk,http://www.guardian.co.uk/world/feedarticle/9101028
2010-05-30,01:01:57,c9e7q,5,Taliban capture Afghan district on Pakistan border,rawstory.com,http://rawstory.com/news/afp/Taliban_capture_Afghan_district_on__05292010.html
2010-05-29,13:59:49,c9aca,6,BBC News - Rwanda arrests US lawyer Erlinder for genocide denial,news.bbc.co.uk,http://news.bbc.co.uk/2/hi/world/africa/10187580.stm
2010-05-29,08:11:18,c9804,5,Drawn from the shadows- An interview with Banksy.,smh.com.au,http://www.smh.com.au/entertainment/art-and-design/drawn-from-the-shadows-wanted-man-comes-out-to-play-20100528-wlcx.html
2010-05-30,07:16:52,c9h67,8,"The Freedom Flotilla sailing to the Gaza Strip is exposing the partisan nature of the response of the United Nations and the international community to Israel's three-year siege on Gaza. The siege -- enforced by land, air and sea",uruknet.info,http://www.uruknet.info/?p=m66433&hd=&size=1&l=e
2010-05-29,19:32:56,c9c7u,5,Israels response  = When hell freezes over... ,news.bbc.co.uk,http://news.bbc.co.uk/2/hi/world/us_and_canada/10185256.stm?????
2010-05-29,18:37:39,c9bxr,7,Jail for Korean parents who played games instead of feeding their kid. Another kid on the way.,news.bbc.co.uk,http://news.bbc.co.uk/1/hi/world/asia_pacific/10188394.stm
2010-05-30,05:12:56,c9gcd,5,"Israeli air strikes target factory, tunnel in Gaza",globalpost.com,http://www.globalpost.com/breaking-news/general/israeli-air-strikes-target-factory-and-tunnel-gaza
2010-05-29,22:24:46,c9d5a,6,Thousands of people have been forced to flee their homes as two volcanos erupted in Guatemala and Ecuador.,news.bbc.co.uk,http://news.bbc.co.uk/1/hi/world/latin_america/10189054.stm
2010-05-30,02:39:37,c9ezv,6,"Pakistan, Iran sign major gas pipeline pact",dailytimes.com.pk,http://www.dailytimes.com.pk/default.asp?page=2010\05\29\story_29-5-2010_pg7_12
2010-05-30,03:33:18,c9fiq,3,"Thailand's men in black, ""These were the secretive and heavily armed agent provocateurs whose connections, by their own admission, run to the top of the UDD""",atimes.com,http://www.atimes.com/atimes/Southeast_Asia/LE29Ae02.html
2010-05-30,04:34:41,c9g1o,5,New video suggests Apache killed Iraqi farmer ploughing field,youtube.com,http://www.youtube.com/watch?v=Q5zzMIRznDk
