2010-08-19,02:23:41,d2npg,1250,Israel Places Order For 20 Joint Strike Fighters; U.S. Taxpayers Pick Up The Tab,defensetech.org,http://defensetech.org/2010/08/16/israel-places-order-for-20-f-35-jsf-u-s-picks-up-the-tab/
2010-08-20,00:00:53,d31kw,202,"A huge trove of newly declassified documents subpoenaed during a 1962-1964 Senate investigation reveals how Israel’s lobby pitched, promoted, and paid to have content placed in America’s top news magazines with overseas funding",pulsemedia.org,http://pulsemedia.org/2010/08/18/illegal-israeli-pr-in-america-declassified/
2010-08-19,19:49:27,d2ysg,101,North Korea: Pyongyang on its knees - only potatoes to stave off famine,asianews.it,http://www.asianews.it/news-en/Pyongyang-on-its-knees:-only-potatoes-to-stave-off-famine-19229.html
2010-08-19,20:37:40,d2z8i,84,"Israel barring Gazans' access to farms, fishing zones, has leveled farmland and destroyed personal property situated in restricted areas in efforts to keep Palestinians out",haaretz.com,http://www.haaretz.com/news/diplomacy-defense/un-report-idf-barring-gazans-access-to-farms-fishing-zones-1.309022
2010-08-19,08:50:06,d2sig,80,Palestinian acheives the impossible: bringing Israeli soldiers to justice for the shooting of his 10yr old daughter. ,independent.co.uk,http://www.independent.co.uk/news/world/middle-east/bassam-aramins-search-for-justice-2055355.html
2010-08-19,19:30:52,d2ynk,35,"How would you feel if I roughed up your mom/dad/sister/brother, blindfolded and tied them, and then took a photo next to them in such a state while making a duck face and acting as if they were simply an irrelevant part of the background? Would it be perfectly ok for me to do that to your family?",monotonous.org,http://monotonous.org/2010/08/18/nation-of-misguided-teenagers/
2010-08-20,01:48:00,d331t,25,"Iraq war was illegal repeats Clegg - Deputy PM Nick Clegg has restated his view that the Iraq War was illegal, saying: ""I don't think the legality of that invasion has been proven.""",belfasttelegraph.co.uk,http://www.belfasttelegraph.co.uk/news/local-national/uk/iraq-war-was-illegal-repeats-clegg-14918011.html
2010-08-19,21:36:51,d2zt9,25,Philip K. Dick And Orwell Predictions Coming To Life,fastcompany.com,http://www.fastcompany.com/1683302/iris-scanners-create-the-most-secure-city-in-the-world-welcomes-big-brother?partner=yahoobuzz
2010-08-20,00:59:42,d32dx,20,"Scores die in Baghdad bombings.  ""I was soaked with blood from the body parts and wounded and dead people falling over and beside me.""",english.aljazeera.net,http://english.aljazeera.net/news/middleeast/2010/08/20108183304894446.html
2010-08-20,00:54:58,d32bx,21,Visualizing the Wikileaks War Logs -- An Animated Map of Afghanistan,bits.blogs.nytimes.com,http://bits.blogs.nytimes.com/2010/08/18/visualizing-the-wikileaks-war-logs/
2010-08-20,03:37:07,d34ic,16, A Saudi judge has asked several hospitals in the country whether they could damage a man's spinal cord as punishment,news.yahoo.com,http://news.yahoo.com/s/ap/20100819/ap_on_re_mi_ea/ml_saudi_justice
2010-08-19,18:02:13,d2xwh,15,Finland: a country of extremes. Newsweek has proclaimed Finland the best country in the world. But some Finns disagree,guardian.co.uk,http://www.guardian.co.uk/world/2010/aug/18/finland-newsweek-best-country
2010-08-20,04:11:10,d34yq,17,French aid group Help Doctors accuses Hamas of closing down health clinic and seizing medical equipment.,google.com,http://www.google.com/hostednews/afp/article/ALeqM5jAHAgQN6_CmFoLTe3Px1I2TpnrbQ
2010-08-20,03:53:09,d34q0,12,"Gaza: UN urges lifting of Israeli restrictions on access to land and sea
",un.org,http://www.un.org/apps/news/story.asp?NewsID=35668&Cr=Gaza&Cr1=
2010-08-19,17:49:03,d2xrs,14,Indian poor starve while grain rots in depots,rt.com,http://rt.com/Top_News/2010-08-11/india-hunger-grain-depot.html?fullstory
2010-08-20,03:02:15,d341s,12,"India’s government-run hospitals provide low-cost treatment to the poor, but there are increasing claims that patients are being used as guinea pigs in drug trials for western pharmaceuticals without their knowledge.",rt.com,http://rt.com/Top_News/2010-08-19/india-drug-trial-pharma.html?fullstory
2010-08-19,17:20:13,d2xjh,12,"Fewer than half of Americans think Netanyahu 
government wants peace: Poll",haaretz.com,http://www.haaretz.com/print-edition/news/poll-less-than-half-of-americans-think-netanyahu-gov-t-wants-peace-1.308866
2010-08-20,03:36:51,d34ia,12,"Koreans want ACTA to include ""Internet morality"" language. What could possibly go wrong?",arstechnica.com,http://arstechnica.com/tech-policy/news/2010/08/negotiators-confirm-acta-not-really-a-counterfeiting-treaty.ars
2010-08-19,22:00:32,d301w,10,"""If I weren’t a journalist and if writing was not an act of defiance, I know I’d be throwing stones in the streets of Kashmir""",tehelka.com,http://www.tehelka.com/story_main46.asp?filename=Ne280810Iamapracifist.asp
2010-08-19,22:37:11,d30ic,9,How Russia's FSB Colonized Abkhazia ,newsweek.com,http://www.newsweek.com/2010/08/18/how-russia-s-fsb-colonized-abkhazia.html
2010-08-19,15:47:40,d2wqw,7,"Brazil is booming and brimming with business opportunities—like the ""US in the 1950s”—according to billionaire businessman Sam Zell. He said if Brazil continues on the same course, he predicts that the ""fiscally conservative"" nation will soon be one of the top two countries in terms of growth. ",cnbc.com,http://www.cnbc.com/id/38758907
2010-08-20,02:10:32,d33cz,10,All-woman Lebanese aid ship to set sail for Gaza Sunday,haaretz.com,http://www.haaretz.com/news/diplomacy-defense/organizers-all-woman-lebanese-aid-ship-to-set-sail-for-gaza-sunday-1.309029
2010-08-19,17:25:10,d2xkv,6,Outrage in Philippines over police torture video,news.asiaone.com,http://news.asiaone.com/News/Latest%2BNews/Asia/Story/A1Story20100818-232711.html
2010-08-19,16:02:20,d2wwn,4,'North Korean jet' crashes in China - Asia-Pacific - Al Jazeera English,english.aljazeera.net,http://english.aljazeera.net/news/asia-pacific/2010/08/201081812052604284.html
2010-08-20,00:36:24,d322a,6,Women reportedly recruited as cartel assassins - El Paso Times,elpasotimes.com,http://www.elpasotimes.com/ci_15808549?source=most_viewed
2010-08-19,19:29:38,d2yn4,5,Pakistan flood homeless toll put at over 4 million,reuters.com,http://www.reuters.com/article/idUSSGE67I05N._CH_.2400
2010-08-19,12:54:43,d2v2y,5,France will begin expelling Roma in police crackdown,bbc.co.uk,http://www.bbc.co.uk/news/world-europe-11020429
2010-08-19,10:16:38,d2tc2,5,The Iraq war is over! ,english.aljazeera.net,http://english.aljazeera.net/news/middleeast/2010/08/201081818840122963.html
2010-08-19,22:05:42,d3048,5,How to Ensure that Your Help Actually Reaches the Pakistan Flood Victims,abubakarjamil.com,http://www.abubakarjamil.com/help-pakistan-flood-victims/
2010-08-19,23:58:02,d31jv,6,In just a few years the Palestinian campaign to boycott Israeli goods has become truly global writes Omar Barghouti for The Guardian,bdsmovement.net,http://bdsmovement.net/?q=node/764
