2010-02-27,15:05:33,b7453,1158,"Earthquake with a magnitude of 8.5 reported near Concepcion, Chile ",earthquake.usgs.gov,http://earthquake.usgs.gov/earthquakes/recenteqsww/Quakes/at00725245.php
2010-02-27,03:35:44,b6xv4,1078,"Hey Canada, we want to say something to you: Stay classy. Except this time we're not being sarcastic (sorry about that): ""The Canadian crowd raised a chant of ""U-S-A!"" while the players got their bouquets.""",nbcolympics.com,http://www.nbcolympics.com/news-features/news/newsid=447401.html
2010-02-27,22:40:44,b7735,135,"Hawaii - Tsunami Warning has been issued - will arrive @ about 11:19 HST Sat Feb 27, 2010",prh.noaa.gov,http://www.prh.noaa.gov/ptwc/
2010-02-28,07:17:26,b7bgd,116,"Its enormous need for water is on course to make the capital, Sana'a, the first in the world to die of thirst. ",guardian.co.uk,http://www.guardian.co.uk/environment/2010/feb/26/yemen-qat-water-drought
2010-02-27,16:31:18,b74qn,72,Track Chilean 8.8 Earthquake Tsunami Size in Real Time,ndbc.noaa.gov,http://www.ndbc.noaa.gov/
2010-02-27,15:47:07,b74gt,36,Massive earthquake of 8.3 magnitude strikes Chile!,news.bbc.co.uk,http://news.bbc.co.uk/1/hi/world/americas/8540289.stm
2010-02-28,05:55:01,b7atv,33,I'd like to remind reddit that the Taliban used to destroy opium crops. ,news.bbc.co.uk,http://news.bbc.co.uk/2/hi/europe/8540726.stm
2010-02-28,00:32:59,b7818,35,"Life is elsewhere - In Germany, the United Kingdom and the Netherlands, more and more people are choosing to emigrate to other continents in a quest for better living conditions.
",presseurop.eu,http://www.presseurop.eu/en/content/article/193061-life-elsewhere
2010-02-28,05:51:38,b7ass,31,Disaster pictures from Chile [The Big Picture set],boston.com,http://www.boston.com/bigpicture/2010/02/earthquake_in_chile.html
2010-02-27,05:25:43,b6z5c,22,"Imagine the surprise of international inspectors almost two weeks ago when they watched as Iran moved nearly its entire stockpile of low-enriched nuclear fuel to an above-ground plant. It was as if, one official noted, a bulls-eye had been painted on it.",nytimes.com,http://www.nytimes.com/2010/02/27/world/middleeast/27iran.html?partner=rss&emc=rss
2010-02-28,06:38:46,b7b5w,13,"Tsunami Model for Chilean earthquake - Earthquake Research Institute, Tokyo",outreach.eri.u-tokyo.ac.jp,http://outreach.eri.u-tokyo.ac.jp/wordpress/wp-content/uploads/2010/02/ChileTsunami_1.gif
2010-02-28,04:22:14,b7a2e,12,Chile Earthquake: Tsunami Hits New Zealand ,telegraph.co.uk,http://www.telegraph.co.uk/news/worldnews/southamerica/chile/7332468/Chile-earthquake-tsunami-hits-New-Zealand.html
2010-02-27,10:26:00,b71s7,11,"Egypt's Nuclear Option: President El Baradei? ""For someone like myself to be unable to run for president, this is a disaster. How can a constitution bar 99 percent of the people from running?""",counterpunch.org,http://www.counterpunch.org/amiri02262010.html
2010-02-27,16:50:14,b74vc,12,Internet Not Working in Chile - all sites with .cl are dead at the moment,chileangovernment.cl,http://www.chileangovernment.cl/
2010-02-27,10:42:09,b71xm,7,Israelis rush to join Mossad after Mahmoud al-Mabhouh killing,timesonline.co.uk,http://www.timesonline.co.uk/tol/news/world/middle_east/article7043239.ece
2010-02-28,05:59:08,b7av3,10,UK Troops to remain in Afghanistan for '5 more years',timesonline.co.uk,http://www.timesonline.co.uk/tol/news/world/afghanistan/article7043687.ece
2010-02-27,17:10:53,b7507,7,Mystery of dead Briton and the right-wing cult,independent.co.uk,http://www.independent.co.uk/news/world/europe/mystery-of-dead-briton-and-the-rightwing-cult-1912336.html
2010-02-28,05:47:21,b7aro,8,Live feed of Coconut Island in Hilo (where tsunami is supposed to hit first),hawaiinewsnow.com,http://www.hawaiinewsnow.com/Global/category.asp?C=176904&nav=menu55_1_5
2010-02-28,02:17:39,b78z3,6,"""I thought I'd blown a tire ... but then I saw the highway moving like it was a piece of paper and I realized it was something much worse""",news.yahoo.com,http://news.yahoo.com/s/nm/20100227/ts_nm/us_quake_chile
2010-02-28,01:34:11,b78lj,6,"Hawaii Tsunami Warning Information.  (Wave arrival estimates: 11:05 a.m. Hilo, 11:20 a.m. Maui, 11:35 a.m. Oahu, 11:50 a.m. Kauai, 9-12 ft. surge estimates.)",hitsunami.info,http://hitsunami.info/
2010-02-28,00:09:22,b77u3,4,"Hawaii prepares evacuations ahead of tsunami (Sat Feb 27, 2010 10:04am)",reuters.com,http://www.reuters.com/article/idUSTRE61Q1A720100227
2010-02-27,22:07:48,b76uf,5,'Israel pressing U.S. not to send new envoy to Syria' ,haaretz.com,http://www.haaretz.com/hasen/spages/1152617.html
2010-02-27,08:37:43,b70wn,5,"Syria’s population control strategy under scrutiny - Damascus government accused of failing to encourage contraception to deal with soaring birth rate.
",middle-east-online.com,http://www.middle-east-online.com/english/?id=37293
2010-02-28,04:19:12,b7a1g,2,"Live feed of Chile-related twitpic images, updated every 2 minutes. May be NSFW",workbench.cadenhead.org,http://workbench.cadenhead.org/twitpic/
2010-02-27,19:36:58,b75x2,4,Italian oil slick reaches key farm center of Parma,news.yahoo.com,http://news.yahoo.com/s/ap/20100225/ap_on_bi_ge/eu_italy_oil_spill
2010-02-27,22:09:35,b76uy,5,"
UK troops to remain in Afghanistan 'for five years'
",news.bbc.co.uk,http://news.bbc.co.uk/1/hi/uk/8540402.stm
2010-02-28,04:47:09,b7a9i,3,"CrisisWiki - The goal of the wiki is to create a Yellow Pages of resources responding to natrual disasters ie. Haiti and Chile earthquakes - charities involved in relief efforts, news sources, etc.  Can you help?",crisiswiki.org,http://crisiswiki.org/Main_Page
2010-02-28,05:25:08,b7akl,4,Civil Defence monitoring tsunami wave as it hits New Zealand,tvnz.co.nz,http://tvnz.co.nz/national-news/tsunami-wave-makes-landfall-mainland-3384488
2010-02-27,16:35:41,b74s2,3,Russia Angered By US Missile Defense Plan,huffingtonpost.com,http://www.huffingtonpost.com/2010/02/26/russia-angered-by-us-miss_n_478770.html
2010-02-28,00:57:59,b789k,3,Danish newspaper became the first in the country to apologise for offending Muslims over a Prophet Mohammed cartoon,telegraph.co.uk,http://www.telegraph.co.uk/news/worldnews/europe/denmark/7325915/Danish-newspaper-apologises-over-Prophet-Mohammed-cartoon.html
