2010-02-04,20:16:44,axz4s,824,"Islamic justice: 16-year-old girl lashed 101 times for conceiving after rape, while the rapist was pardoned",newsblaze.com,http://newsblaze.com/story/20100202162339reye.nb/topstory.html
2010-02-04,07:12:40,axrg9,334,Australian ISP iiNet wins copyright court case against major film and TV studios,zdnet.com.au,"http://www.zdnet.com.au/news/communications/soa/iiNet-wins-copyright-court-case/0,130061791,339300820,00.htm"
2010-02-04,23:41:36,ay1qj,293,"As Generose lay bleeding near her husband’s corpse, the soldiers cut up the amputated leg, cooked the pieces...and ordered her children to eat their mother’s flesh. One son refused. “If you kill me, kill me,” he told the soldiers, as his mother remembers it. “But I will not eat a part of my mother.”",nytimes.com,http://www.nytimes.com/2010/02/04/opinion/04kristof.html?ref=opinion
2010-02-04,14:40:04,axvun,157,"Dr. Aafia disappeared with her children in 2003 while visiting her parents in Pakistan. CIA listed her as a secret detainee in 2007. In 2008, she was found to be in FBI's custody in Afghanistan. With one child believed to be dead, she has now been found guilty of attempted murder of US soldiers.",guardian.co.uk,http://www.guardian.co.uk/world/2010/feb/04/pakistan-neuroscientist-united-states-afghanistan
2010-02-04,09:21:02,axsov,76,"50% of the Dutch want pot legalized, vs. 25% in favor of prohibition, poll shows (Dutch link)",nu.nl,http://www.nu.nl/binnenland/2176891/helft-nederland-wil-wiet-legaal.html
2010-02-05,00:56:32,ay2rx,52,Last speaker of ancient language of Bo dies in India,news.bbc.co.uk,http://news.bbc.co.uk/2/hi/south_asia/8498534.stm
2010-02-05,02:53:37,ay4ar,53,Australian 'nude photos' banker gains web support,news.bbc.co.uk,http://news.bbc.co.uk/2/hi/asia-pacific/8498564.stm
2010-02-04,17:17:49,axxcu,52,Swift (processing transaction for over 8000 banks) refuses to hand over European bank transaction details to the USA. (Dutch link),standaard.be,http://www.standaard.be/artikel/detail.aspx?artikelid=DMF20100203_053
2010-02-04,02:29:58,axo3k,36,British Muslims are forgoing legal marriages in favor of religious ones. This allows the husbands to simply change the locks on the house one day with the wife having no recourse.,news.bbc.co.uk,http://news.bbc.co.uk/2/hi/uk_news/8493660.stm
2010-02-05,01:44:43,ay3e3,29,"Uganda's proposed anti-homosexuality bill - life in prison for homosexual acts, death penalty for 'serial offenders'...",news.bbc.co.uk,http://news.bbc.co.uk/2/hi/africa/8498836.stm
2010-02-04,13:34:05,axv5s,26,"India: ""Anyone exposing the illegal actions of the police — the rapes and killings of adivasis over the last five years — has been targeted. Himanshu Kumar, a Gandhian, has been evicted from the area; Dr Binayak Sen was jailed.""",southasiarev.wordpress.com,http://southasiarev.wordpress.com/2010/02/03/indias-war-on-maoists-is-backed-by-a-parallel-war-on-rights-activists/
2010-02-05,03:15:08,ay4kr,25,"In Mexico, drug cartels are starting to run the rehab clinics.",washingtonpost.com,http://www.washingtonpost.com/wp-dyn/content/article/2010/02/04/AR2010020402632.html
2010-02-05,01:25:57,ay35i,21,"Boa Sr, 85 years old, and the last speaker of the Andamanese language “Bo” dies, adding another language to list of extinct human languages. ",survivalinternational.org,http://www.survivalinternational.org/news/5509
2010-02-04,22:27:00,ay0ni,18,"Yemen to Soon Have the World’s First Waterless Capital
",greenprophet.com,http://www.greenprophet.com/2010/01/31/16708/yemen-water/
2010-02-04,11:32:14,axtzg,14,"Israel accused of not being serious about peace, wants to push for war. ",washingtonpost.com,http://www.washingtonpost.com/wp-dyn/content/article/2010/02/03/AR2010020302709.html
2010-02-04,22:02:04,ay0c9,13,"Exclave's 10,000-strong protest rocks Russian politics ",globalpost.com,http://www.globalpost.com/breaking-news/general/exclaves-10000-strong-protest-rocks-russian-politics
2010-02-04,10:13:05,axt7f,10,Huge blazing fireball sighted in sky above Ireland,belfasttelegraph.co.uk,http://www.belfasttelegraph.co.uk/news/local-national/huge-blazing-fireball-sighted-in-sky-above-ireland-14665311.html
2010-02-05,05:34:36,ay66u,9,"Video shows plane with US missionaries shot down in CIA operation in Peru, killing a baby and the mother",telegraph.co.uk,http://www.telegraph.co.uk/news/worldnews/northamerica/usa/7159274/Video-shows-plane-with-US-missionaries-shot-down-in-CIA-operation-in-Peru.html
2010-02-05,01:31:22,ay389,11,Sinn Fein believes it has basis for Northern Ireland deal ,globalpost.com,http://www.globalpost.com/breaking-news/general/sinn-fein-believes-has-basis-nireland-deal
2010-02-04,18:13:08,axxww,11,"Sophisticated Taliban Bombing Kills 3 US Troops, Embarrasses Pakistan Gov. by Revealing US Troop Presence on Ground",juancole.com,http://www.juancole.com/2010/02/sophisticated-taliban-bombing-deaths-of.html
2010-02-04,14:06:26,axvir,9,Pakistan president is a little superstitious.,dailytelegraph.com.au,http://www.dailytelegraph.com.au/news/breaking-news/pakistan-president-slaughters-one-black-goat-every-day/story-e6freuyi-1225824267776
2010-02-04,09:47:05,axsyg,9,Gen. Petraeus says strike on Iran could spark nationalism. So don't push it Israel.,article.wn.com,http://article.wn.com/view/2010/02/03/Petraeus_says_strike_on_Iran_could_spark_nationalism/?section=TopStoriesWorldwide&template=worldnews/index.txt
2010-02-04,05:14:26,axq6u,7,"Why are ""anti-fascists"" trying to stop people from 
speaking at a debate?",thenorthernecho.co.uk,http://www.thenorthernecho.co.uk/news/4887367.BNP_invite_to_debate_sparks_concerns/
2010-02-05,02:05:56,ay3ns,8,Truth over delusion: Hugo Chavez did not accuse the U.S. of causing the Haitian earthquake,venezuelanalysis.com,http://www.venezuelanalysis.com/analysis/5117
2010-02-04,20:09:35,axz1z,7,The US-Germany divide on Iran: Will the two allies stick together in imposing sanctions on the Islamic Republic?,globalpost.com,http://www.globalpost.com/dispatch/germany/100203/us-germany-iran-sanctions
2010-02-04,10:22:06,axtay,6,Soldiers ‘could fight terrorism on Britain's streets’,belfasttelegraph.co.uk,http://www.belfasttelegraph.co.uk/news/local-national/soldiers-lsquocould-fight-terrorism-on-britains-streetsrsquo-14665451.html
2010-02-04,13:14:03,axuyh,7,"Iran sends a rat, two turtles and worms into space. ",nytimes.com,http://www.nytimes.com/2010/02/04/world/middleeast/04iran.html?ref=global-home
2010-02-05,05:52:10,ay6e1,5,Porn star Veronica Daniels: I don't want my face on Tiger Woods balls,belfasttelegraph.co.uk,http://www.belfasttelegraph.co.uk/news/world-news/porn-star-veronica-daniels-i-dont-want-my-face-on-tiger-woods-balls-14665606.html
2010-02-05,00:54:32,ay2r0,6,"This has been kept very quiet.... India currently has ""at least 1000 troops"" deployed in Afghanistan.",corner.nationalreview.com,http://corner.nationalreview.com/post/?q=ZmFiMzA2OGMwMmFmYmQxNWUxYjY2ZWNjNWYyZmViNzc=
2010-02-05,00:16:52,ay28f,5,China hits back at Obama's claims that yuan is undervalued,guardian.co.uk,http://www.guardian.co.uk/world/2010/feb/04/barack-obama-china-yuan
