2010-05-26,00:19:12,c7xvz,822,North Korea Severs All Ties with South Korea,news.bbc.co.uk,http://news.bbc.co.uk/2/hi/world/asia_pacific/10156834.stm
2010-05-26,22:54:56,c8aef,609,"Charges dropped against former Attorney General who struck and dragged a cyclist, killing him.",thestar.com,http://www.thestar.com/news/gta/crime/article/813872
2010-05-26,21:49:30,c89rr,176,Catholic Church admits to 100 cases of sex abuse by priests in 10 yrs for Italy,google.com,http://www.google.com/hostednews/ap/article/ALeqM5j8J_ZQy2Ttux-lpPy9gEA4hp13AQD9FU47J00
2010-05-26,09:45:39,c845g,125,I was just watching the live feed from the spill site and it looked like something collapsed.,self.worldnews,https://www.reddit.com/r/worldnews/comments/c845g/i_was_just_watching_the_live_feed_from_the_spill/
2010-05-26,22:07:00,c89xv,105,"The Rothschild banking family is pushing for the privatization of the UK’s motorway network that would force Brits, who already pay road tax, to enrich the coffers of private corporations intimately tied in with the Rothschilds by means of road tolls and pay-by-mile schemes.",prisonplanet.com,http://www.prisonplanet.com/rothschilds-engineer-fire-sale-of-uk-infrastructure-to-offshore-corporations.html
2010-05-26,20:42:54,c897e,94,Voting in the Russian Parliament. A physically fit MP is able to cast 9 votes during each round. ,youtube.com,http://www.youtube.com/watch?v=3-gVSKARKPM&
2010-05-27,07:42:23,c8gsc,70,Russian BitTorrent site admin kidnapped and beaten at gunpoint,torrentfreak.com,http://torrentfreak.com/bittorrent-site-admin-kidnapped-beaten-at-gunpoint-100525/
2010-05-26,19:12:08,c88ih,49,Turkish Govenment calls on the Israelis to lift their siege of Gazan civilians and warns them not to block the aid flotilla,juancole.com,http://www.juancole.com/2010/05/mercy-flotilla-for-gaza-about-to-set-off-israelis-threaten-to-block-it-with-war-ships.html
2010-05-27,06:01:48,c8fls,47,"The Corporate Stranglehold: How BP Will Make out Like Bandits from Its Massive, Still Gushing Oil Disaster-The existing $75 million cap on damages for offshore drilling companies is a bailout every bit as disgusting as those recently bestowed upon Wall Street",alternet.org,http://www.alternet.org/module/printversion/146999
2010-05-26,23:58:00,c8b3w,41,Canadian Government Introduces Patriot Act-style Privacy Law Reforms,michaelgeist.ca,http://www.michaelgeist.ca/content/view/5059/125/
2010-05-27,05:06:05,c8eyc,36,"Women lacked the authority to stand for a local election community post of local secretary, and they must only be heard through their husbands ... says the chief Rabbi of a West Bank settlement",news.bbc.co.uk,http://news.bbc.co.uk/1/hi/world/middle_east/10161713.stm
2010-05-26,19:24:16,c88lk,26,"Shouldn’t the world welcome the actions of two significant, responsible and democratic states to intervene and help check the foolishnesses of decades of US policy on Iran?",csmonitor.com,http://www.csmonitor.com/Commentary/Global-Viewpoint/2010/0524/Former-CIA-officer-on-Iran-Brazil-and-Turkey-are-vital-checks-and-balances
2010-05-27,00:38:56,c8bjw,27,"Palestinian Authority President Mahmoud Abbas came out against Iran on Wednesday, calling his people ""hijacked, at the hands of the Iranians."" ",jpost.com,http://www.jpost.com/MiddleEast/Article.aspx?id=176514
2010-05-27,05:17:43,c8f3x,19,"Palestinians complain of 'tree massacre' - Residents of Nahlin told Ynet that dozens of soldiers in jeeps and bulldozers raided the village. In total, 500 plants, including olive trees, fig trees, prickly pear cactus plants, almond trees and grape vines, some hundreds of years old, were uprooted.",ynetnews.com,"http://www.ynetnews.com/articles/0,7340,L-3894689,00.html"
2010-05-26,14:04:24,c86c3,20,Ask a Korean: What you need to know about and what to think about on the Korean tensions,askakorean.blogspot.com,http://askakorean.blogspot.com/2010/05/roks-cheonan-what-you-need-to-know-what.html
2010-05-26,19:42:14,c88qx,18,German bank 'blown up by robbers in botched raid',news.bbc.co.uk,http://news.bbc.co.uk/1/hi/world/europe/10161486.stm
2010-05-27,00:27:03,c8bey,20,Laura Ling reveals details about the human trafficking story she and producer Euna Lee were investigating before being apprehended and then held in North Korea,current.com,http://current.com/shows/vanguard/92443219_captive-in-north-korea.htm
2010-05-26,22:01:27,c89vz,12,Culture Minister wants creationist views on the origin of the universe to be represented in national museum.,news.bbc.co.uk,http://news.bbc.co.uk/1/hi/northern_ireland/10159667.stm
2010-05-27,02:23:31,c8ct6,14,Flood Of Frogs Shuts Down Major Greek Highway,npr.org,http://www.npr.org/templates/story/story.php?storyId=127132100
2010-05-26,19:32:58,c88oh,10,Monsanto: The Corporation Poisoning Our Environment.,environmentalgraffiti.com,http://www.environmentalgraffiti.com/business/news-monsanto-multi-national-manipulator-1
2010-05-26,12:36:11,c85m8,11,A schoolboy threw a plastic bottle at President Nicolas Sarkozy during a visit to discuss violence in French schools,english.rfi.fr,http://www.english.rfi.fr/france/20100525-sarkozy-got-bottle-absenteeism-schools
2010-05-27,02:42:08,c8d1u,10,"A Yemeni airstrike targeting al Qa’eda missed its mark today and killed a mediator by mistake, prompting members of his tribe to blow up a crude oil pipeline in clashes that followed",thenational.ae,http://www.thenational.ae/apps/pbcs.dll/article?AID=/20100525/FOREIGN/705259998/1002
2010-05-27,04:09:55,c8e88,11,France's Phony Secularism: Secularists should leave Muslim women and their clothes alone,reason.com,http://reason.com/archives/2010/05/25/frances-phony-secularism
2010-05-27,06:49:19,c8g9e,9,"""If there is no reduced deforestation, we will not pay. If there is reduced deforestation, we will pay,"" Mr Stoltenberg told the press conference.",abc.net.au,http://www.abc.net.au/news/stories/2010/05/27/2910410.htm
2010-05-27,05:11:24,c8f0t,10,B'nai Brith leader pleads guilty to child porn charges.,montreal.ctv.ca,http://montreal.ctv.ca/servlet/an/local/CTVNews/20100526/mtl_surkis_100526/20100526/?hub=MontrealHome
2010-05-27,01:33:18,c8c6w,8,"Iranian President Ahmadinejad blasts Russian 
President Dmitry Medvedev for supporting United 
Nations sanctions over its nuclear program.",reuters.com,http://www.reuters.com/article/idUSLDE64P0VV20100526
2010-05-26,12:30:02,c85kf,8,Rothschild plan would see privatization of Britain’s massive public motorway,rawstory.com,http://rawstory.com/rs/2010/0525/uk-plan-privatization-britains-massive-public-motorway/
2010-05-27,01:49:27,c8ced,8,"Israel has launched two night-time air strikes on 
the Gaza Strip which has left a number of people 
wounded, Palestinian medical sources said.",news.bbc.co.uk,http://news.bbc.co.uk/2/hi/world/middle_east/10160892.stm
2010-05-26,20:48:23,c898r,9,  Inside Story - Behind the Korean crisis ,youtube.com,http://www.youtube.com/watch?v=Hd9EFFDNPso
2010-05-27,03:57:44,c8e2j,7,Dark side of Japan’s pet boom - the euthanasia treatment for unwanted dogs,blogs.reuters.com,http://blogs.reuters.com/kim-kyung-hoon/2010/03/29/dark-side-of-japans-pet-boom/
