2010-12-11,00:40:52,ejm0q,1930,London tuition fee protest [pics],boston.com,http://www.boston.com/bigpicture/2010/12/london_tuition_fee_protest.html
2010-12-11,23:31:57,ek3fm,312,"Something is Rotten: The Strange Case of Interpol's Red Alert on Assange, and the US Attack on WikiLeaks",thiscantbehappening.net,http://www.thiscantbehappening.net/node/337
2010-12-11,01:29:09,ejmya,222,WikiLeaks founder Julian Assange 'to be charged with spying by the US',dailymail.co.uk,http://www.dailymail.co.uk/news/article-1337554/WikiLeaks-founder-Julian-Assange-charged-spying-US.html?ito=feeds-newsxml
2010-12-12,07:01:56,ek99r,160,WikiRebels - The Documentary,youtube.com,http://www.youtube.com/watch?v=NhTfOL9_HBE&feature=&p=6D8EE2E0B836F096&index=0&playnext=1
2010-12-11,20:37:18,ek1xd,155,Cables Show Ireland ceded to Vatican pressure to grant immunity to Church Officals is sex abuse scandal,google.com,http://www.google.com/hostednews/ap/article/ALeqM5i_GXdub34VCz5Deiq3s52q4L5IFQ?docId=c1ef34ff867b4f048918320d1c6ce20a
2010-12-12,03:15:22,ek69d,136,"Charlie Stross: Invaders from Mars - Why do we feel politically powerless? Because power in society has been ceded to corporate entities, whose priorities are not those of human beings. ""We are living in the aftermath of an alien invasion""",antipope.org,http://www.antipope.org/charlie/blog-static/2010/12/invaders-from-mars.html
2010-12-11,06:05:55,ejs3f,99,WikiLeaks cables: Pope wanted Muslim Turkey kept out of EU,guardian.co.uk,http://www.guardian.co.uk/world/2010/dec/10/wikileaks-pope-turkey-eu-muslim
2010-12-11,11:11:29,ejwil,85,"PayPal, Amazon.com, Visa and MasterCard may have instantly crumbled under government pressure to drop WikiLeaks but other companies, some of them small, independent start-ups, haven't wussed out and are helping to keep WikiLeaks afloat by providing funding sources and hosting the site",alternet.org,http://www.alternet.org/economy/149142/6_companies_that_haven%27t_wussed_out_of_working_with_wikileaks/
2010-12-11,15:35:10,ejzlo,48,"Academics are calling the Ontario government's condemnation of a university student thesis an attack on scholarly freedom, but those offended by the controversial paper insist they won't let ""hate"" hide behind the veil of academia.
 ",nationalpost.com,http://www.nationalpost.com/todays-paper/Thesis+Jewish+privilege+rebuked+sparking/3949150/story.html
2010-12-12,01:26:40,ek4t6,49,Bankers' bonuses to face strict limits in Europe,bbc.co.uk,http://www.bbc.co.uk/news/business-11967012
2010-12-11,20:49:29,ek20d,47,"Corruption In America Increases By The 4 Largest Amount In The World (Right Behind Cuba, Dominica And Burkina Faso!)",businessinsider.com,http://www.businessinsider.com/transparency-corruption-increased-2010-12#
2010-12-12,00:54:37,ek4ep,32,"John Pilger speaks out on charges against Julian Assange ""The importance of WikiLeaks cannot be overestimated.""",wsws.org,http://wsws.org/articles/2010/dec2010/pilg-d11.shtml
2010-12-11,12:31:16,ejxgs,33,WikiLeaks Can Still Get Cash – Thanks To Pirate Bay’s Co-Founder - via flattr.com,blogs.forbes.com,http://blogs.forbes.com/parmyolson/2010/12/07/wikileaks-can-still-get-cash-thanks-to-pirate-bays-co-founder/?boxes=Homepagechannels
2010-12-11,11:03:33,ejwee,31,"China and the Nobel peace prize: The empty chair - China expected comparisons with the Soviet Union, which responded similarly when Andrei Sakharov won in 1975. It is unlikely they fully realised that their behaviour would be equated even more prominently with that of Nazi Germany | The Economist",economist.com,http://www.economist.com/blogs/asiaview/2010/12/china_and_nobel_peace_prize
2010-12-12,05:51:47,ek8cj,24,The Japanese government plans to boost its deployment of Patriot Advanced Capability-3 interceptor missiles at air bases across Japan to counter the threat of North Korea's ballistic missiles ...,mdn.mainichi.jp,http://mdn.mainichi.jp/mdnnews/news/20101211p2g00m0dm009000c.html
2010-12-12,06:18:27,ek8q0,27,"Russia was tracking the assassins of dissident spy 
Alexander Litvinenko before he was poisoned but 
was warned off by Britain, which said the situation 
was ""under control""",guardian.co.uk,http://www.guardian.co.uk/world/2010/dec/11/wilileaks-cables-litvinenko-murder
2010-12-11,21:15:21,ek26l,24,MEXICO — The eccentric leader of the brutal La Familia drug cartel was killed in a shootout during two days of fighting between federal police and gunmen,chron.com,http://www.chron.com/disp/story.mpl/ap/top/all/7334599.html
2010-12-11,10:30:09,ejvy6,18,Why Toronto Top Cop Bill Blair should be FIRED for G20 fiasco,theglobeandmail.com,http://www.theglobeandmail.com/news/politics/adam-radwanski/blairs-conduct-during-g20-not-sinister-just-inept/article1832286/
2010-12-12,06:06:58,ek8k1,18,"Suicide bomber blows up car in a crowded street in Stockholm, Sweden ",english.aljazeera.net,http://english.aljazeera.net/news/europe/2010/12/20101211182932945423.html
2010-12-11,22:03:52,ek2kn,19,Wikileaks: Brazil President Lula backs Julian Assange,bbc.co.uk,http://www.bbc.co.uk/news/world-latin-america-11966193
2010-12-12,01:58:50,ek58p,14,"The Haitian cholera strain carries a mutation that makes it more intense and could allow it to spread further, U.S. researchers say.",upi.com,http://www.upi.com/Science_News/2010/12/10/Haitian-cholera-strain-called-deadlier/UPI-54411292028303/
2010-12-11,22:47:48,ek2zr,12,"UK Police must not be seen as arm of the state, warns top officer. ""Repeated clashes with demonstrators risks damaging reputation of police force""",guardian.co.uk,http://www.guardian.co.uk/uk/2010/dec/10/police-tuition-fees-protests-orde
2010-12-12,05:19:13,ek7wm,12,"Bankers outraged as ""European regulation of 
banking pay is now set to be the most stringent in 
the world""",independent.co.uk,http://www.independent.co.uk/news/business/news/city-outrage-as-europe-stands-firm-on-bankers-cash-bonuses-2157462.html
2010-12-12,06:23:13,ek8sm,11,Vladimir Putin Sings Blueberry Hill in front of cheering American glitterati.   ,youtube.com,http://www.youtube.com/watch?v=IV4IjHz2yIo&feature=player_embedded
2010-12-12,07:59:35,eka0w,9,Mexican military kills leader of powerful 'La Familia' cartel,rawstory.com,http://www.rawstory.com/rs/2010/12/mexican-forces-kill-la-familia-drug-cartel-boss/
2010-12-11,13:14:17,ejxzz,10,Wikileaks: Pope wants Muslim Turkey out of EU,news.oneindia.in,http://news.oneindia.in/2010/12/11/pope-wants-muslim-turkey-out-of-eu-wikileaks.html
2010-12-11,22:28:19,ek2sf,9,Curbing Candidacy in Drift to One-Party Rule - Elections in Siberia Show Russia’s Drift to Single Party,nytimes.com,http://www.nytimes.com/2010/12/11/world/europe/11impunity.html?_r=1&ref=world
2010-12-11,08:46:31,ejujf,11,"""The Vatican is suffering from 'muddled messaging' partly as a result of cardinals' technophobia and 'ignorance about 21st century communications,' America's deputy chief of mission to the Holy See reported.""",guardian.co.uk,http://www.guardian.co.uk/world/2010/dec/10/wikileaks-cables-pope-mobile-phobia
2010-12-12,07:40:24,ek9rt,8,Video: Stockholm explosions suicide attack ,swedishwire.com,http://www.swedishwire.com/politics/7623-video-stockholm-explosions-suicide-attack
2010-12-11,19:10:28,ek1d8,6,Bolivia lowers retirement age ,english.aljazeera.net,http://english.aljazeera.net/news/americas/2010/12/2010121135142432606.html
