2010-01-14,00:14:55,ap5kz,1223,Please go to www.redcross.org and donate at least $10 to help out the people of haiti. I know the reddit community can make a difference!,redcross.org,http://www.redcross.org/en/
2010-01-14,22:49:38,apkkp,691,"Haiti: how your donation could hurt - After every major disaster, misguided donations actually worsen the suffering",globalpost.com,http://www.globalpost.com/dispatch/haiti/100113/haiti-earthquake-aid
2010-01-14,18:00:32,aphp3,233,"China gives first response to Google threat: Internet is ""open"" to business ""according to the law""",news.bbc.co.uk,http://news.bbc.co.uk/2/hi/asia-pacific/8458462.stm
2010-01-14,01:58:57,ap73j,205,"""Holy shit. We just saw a gigantic shark eat what looked like a person in front of our house, that shark was huge. Like dinosaur huge.""",guardian.co.uk,http://www.guardian.co.uk/world/2010/jan/13/cape-town-giant-shark-attack
2010-01-14,23:24:18,apl17,169,Researchers identify command servers behind Google attack,arstechnica.com,http://arstechnica.com/security/news/2010/01/researchers-identify-command-servers-behind-google-attack.ars
2010-01-14,22:33:51,apkdf,150,British cops videotaped sledding on their riot shields,ottawacitizen.com,http://www.ottawacitizen.com/British+cops+videotaped+sledding+their+riot+shields/2440773/story.html
2010-01-14,19:04:10,api9t,130,"Russia's government has launched a crusade against alcohol abuse, describing it as a ""national disaster""",en.rian.ru,http://en.rian.ru/russia/20100114/157541676.html
2010-01-14,20:00:10,apirb,94,US editor banned from entering Israel,news.bbc.co.uk,http://news.bbc.co.uk/2/hi/middle_east/8458566.stm
2010-01-15,06:10:41,apqgu,83,Family shut out of their home by squatters who moved in over Christmas. Now risk becoming homeless because they cannot afford both the mortgage and rent for another property. Police tells them are 'racist' for questioning the squatters' right to live in Britain on benefits.,dailymail.co.uk,http://www.dailymail.co.uk/news/article-1242682/Family-shut-dream-home-gang-gipsies-moved-Christmas.html
2010-01-15,00:48:28,apm9c,55,Fleet of rogue jet aircraft regularly crisscrossing the Atlantic Ocean linked to Al Qaeda,reuters.com,http://www.reuters.com/article/idUSTRE60C3E820100113
2010-01-14,19:47:39,apinh,57,'Israel is losing the media war to Al Jazeera' ,haaretz.com,http://www.haaretz.com/hasen/spages/1142507.html
2010-01-15,03:55:58,apoum,51,"Two men who ""showed no mercy"" to their own grandfather as they tortured him in south London have been jailed for life for his murder.",news.bbc.co.uk,http://news.bbc.co.uk/1/hi/england/london/8460274.stm
2010-01-14,09:53:58,apcut,50, Israel restricts Palestinian lawyers' access to West Bank detainees,haaretz.com,http://www.haaretz.com/hasen/spages/1142515.html
2010-01-14,11:27:29,apdsk,43,Haiti 'cursed by pact with devil' says US evangelical broadcaster Pat Robertson,belfasttelegraph.co.uk,http://www.belfasttelegraph.co.uk/breaking-news/world/haiti-cursed-by-pact-with-devil-14634874.html
2010-01-14,04:41:01,ap9be,43,Pat Robertson Cites Haiti’s Earthquake As What Happens When You ‘Swear A Pact To The Devil’ -true story...,thinkprogress.org,http://thinkprogress.org/2010/01/13/robertson-haiti/
2010-01-14,21:52:39,apjw6,37,Haiti: the land where children eat mud. This was *before* the earthquake.,timesonline.co.uk,http://www.timesonline.co.uk/tol/news/world/us_and_americas/article6281614.ece
2010-01-15,07:53:52,aprie,19,"Arctic permafrost leaking methane at record levels, figures show",guardian.co.uk,http://www.guardian.co.uk/environment/2010/jan/14/arctic-permafrost-methane
2010-01-14,20:36:38,apj4o,19,BBC News - Should we be free to criticise serving soldiers?,news.bbc.co.uk,http://news.bbc.co.uk/1/hi/magazine/8457885.stm
2010-01-15,07:57:25,aprjl,14,Clerics threaten to declare holy war if foreign troops land on Yemeni soil,timesonline.co.uk,http://www.timesonline.co.uk/tol/news/world/middle_east/article6988720.ece
2010-01-14,23:52:53,aplgi,15,Remember the Lawyer that recorded a video posted in youtube saying that the president of Guatemala was going to kill him and then was killed? International investigation finds that the murder was actually planned by himself. WTF,nytimes.com,http://www.nytimes.com/2010/01/14/world/americas/14guatemala.html
2010-01-14,11:12:57,apdnn,10,"Partners in Health, a major nonprofit based in Haiti's Central Plateau, is currently absorbing and providing care for much of the flow out of Port-au-Prince.  Here is their page on the situation.",pih.org,http://www.pih.org/inforesources/news/Haiti_Earthquake.html
2010-01-15,07:56:11,aprja,9,Israeli travel to Turkey dropped 44% in 2009,jpost.com,http://www.jpost.com/servlet/Satellite?cid=1263147896401&pagename=JPost%2FJPArticle%2FShowFull
2010-01-14,18:36:40,api0v,9,Turkey warns Lebanon that Israel may be planning attack,haaretz.com,http://www.haaretz.com/hasen/spages/1142639.html
2010-01-14,12:53:13,apeod,10,"University Prof Tim Lang forecasts ""a perfect storm"" as population growth, diminishing resources and climate change that will create shortages in food, water and energy.",telegraph.co.uk,http://www.telegraph.co.uk/earth/earthcomment/geoffrey-lean/6952912/Its-time-to-get-back-to-the-land.html
2010-01-14,23:13:53,apkwi,8,"Since zebras are too expensive to bring in to Gaza, the owner of a local zoo has painted his white donkeys, to the delight of local children.",reuters.com,http://www.reuters.com/article/idUSTRE5973NV20091008
2010-01-14,08:03:58,apbpg,8,A man who was trying to help a woman get back her stolen purse stabbed to death: Unbelievable: robbers killed a man for a handbag!,news.bbc.co.uk,http://news.bbc.co.uk/2/hi/uk_news/england/london/8458167.stm
2010-01-14,12:55:56,apeph,6,"Pakistan is fast moving from being a water-stressed country to a water-scarce country, mainly due to its high population growth and water is becoming a key development issue.",thenews.com.pk,http://www.thenews.com.pk/daily_detail.asp?id=217810
2010-01-15,06:11:56,apqh7,5,"Haiti scams are spreading: experts. (If you know of any, or have useful information for others, here might be a good place to post them)",ottawasun.com,http://www.ottawasun.com/news/haiti/2010/01/14/12467836.html
2010-01-14,16:47:24,aph0i,5,"""The sin of Google is it makes you know what you want to know."" Google drama stokes online nationalism, regret in China",news.yahoo.com,http://news.yahoo.com/s/nm/20100114/tc_nm/us_google_china_internet
2010-01-15,04:24:54,app73,3,"Haiti Earthquake: Tragedy Beyond Imagination, Witnesses described the blood running channels and children sleeping among piles of corpses [Pics + Videos]",rockingfacts.com,http://www.rockingfacts.com/haiti-earthquake-tragedy-beyond-imagination-pics-videos/
