2010-01-11,17:03:55,ao41s,412,A pilot's life: exhausting hours for meagre wages ,guardian.co.uk,http://www.guardian.co.uk/world/2010/jan/11/pilot-exhausting-hours-wages
2010-01-11,23:27:27,ao8as,384,"Israelis use clever 'Catch-22' ruse to put thousands of Palestinians between a rock and a hard place, then destroy their homes and schools to make room for an Israeli Military 'training area' in an 'occupied territory' outside of Israel's own border.",haaretz.com,http://www.haaretz.com/hasen/spages/1141553.html
2010-01-11,22:07:23,ao78a,156,"The Russian commander of the 40th army in Afghanistan, and the current Ambassador to NATO make some interesting points in this op-ed.",nytimes.com,http://www.nytimes.com/2010/01/12/opinion/12iht-edrogozin.html?ref=global
2010-01-11,23:58:23,ao8px,77,"Emirates' sadistic sheikh who used 'an automatic rifle, whips, electric cattle prods, wooden planks with protruding nails and even his Mercedes SUV to torture his victim.' [Video extracts warning: the images may be disturbing] ",observers.france24.com,http://observers.france24.com/fr/content/20090505-uae-abu-dhabi-sheikh-issa-torture-video-nablusi
2010-01-12,02:58:58,aob9t,71,A teenager who poured bleach over a woman at a restaurant in Leeds has been detained for 12 months.,news.bbc.co.uk,http://news.bbc.co.uk/1/hi/england/west_yorkshire/8451749.stm
2010-01-11,21:42:33,ao6xf,56,Skewed China birth rate to leave 24 million men single,news.yahoo.com,http://news.yahoo.com/s/afp/20100111/hl_afp/chinapopulationmenmarriage_20100111110320/print
2010-01-12,07:20:33,aoefi,56,Bolivian Government To Produce “Coca Colla” — It’s The Real Thing From Coca Leaves,foolocracy.com,http://foolocracy.com/2010/01/bolivian-government-to-produce-coca-colla-its-the-real-thing-from-coca-leaves/
2010-01-12,07:25:43,aoehw,51,Avatar audience is being depressed because the Pandora world is unachievable.,cnn.com,http://www.cnn.com/2010/SHOWBIZ/Movies/01/11/avatar.movie.blues/index.html
2010-01-12,02:15:48,aoanv,52,"Italians cheer as police move hundreds of African immigrants out of town after clashes with locals that leave scores injured
",guardian.co.uk,http://www.guardian.co.uk/world/2010/jan/10/calabria-mafia-africa-immigration
2010-01-12,02:29:31,aoaup,36,Mexican woman tells of ordeal with cross-border child traffickers,guardian.co.uk,http://www.guardian.co.uk/world/2010/jan/11/mexican-woman-border-child-traffic
2010-01-11,23:00:26,ao7wp,21,Tijuana reels amid a surge of violence,latimes.com,"http://www.latimes.com/news/nation-and-world/la-fg-tijuana-violence11-2010jan11,0,5013056.story"
2010-01-11,19:29:22,ao5ib,21,Poverty and despair - life on the Pine Ridge Indian reservation,guardian.co.uk,http://www.guardian.co.uk/global/2010/jan/11/native-americans-reservations-poverty-obama
2010-01-12,01:42:23,aoa61,21,More than 24 million Chinese men of marrying age could find themselves without spouses by 2020.,news.bbc.co.uk,http://news.bbc.co.uk/2/hi/asia-pacific/8451289.stm
2010-01-12,06:50:14,aoe3n,19,"Israeli media defending the murder of children because of ""rockets""",youtube.com,http://www.youtube.com/watch?v=i5I--kw_ebA
2010-01-11,10:47:19,ao02k,13,"The sex scandal that has transfixed Northern Ireland in recent days has a cinematic echo: a 60-year-old ""Mrs. Robinson"" who was caught in an affair with a man who was 19 at the time.",nytimes.com,http://www.nytimes.com/2010/01/10/world/europe/10ulster.html?th&emc=th
2010-01-11,12:06:35,ao0vd,13,"""The lucky ones are brutally interrogated and released. Some turn up dead, their bodies bearing the marks of torture. Other families face the anguish of never knowing the fate of a father, brother or son.""  Families of muslim North Caucasus region are pointing fingers at Moscow.",washingtonpost.com,http://www.washingtonpost.com/wp-dyn/content/article/2010/01/10/AR2010011000470.html
2010-01-11,13:25:48,ao1pi,10,British troops 'tortured Iraqi woman' - Body Dumped by Roadside in a British-issue Body Bag,abc.net.au,http://www.abc.net.au/news/stories/2010/01/11/2789613.htm?section=justin
2010-01-11,12:19:53,ao11c,12,Israel has approved plans to erect a wall along part of Israel's border with Egypt. ,english.aljazeera.net,http://english.aljazeera.net/news/middleeast/2010/01/201011123810649163.html
2010-01-11,17:27:30,ao4a0,11,Take that England... Chinese reaction to Akmal Shaikh's execution,chinasmack.com,http://www.chinasmack.com/stories/british-akmal-shaikh-executed-chinese-netizen-reactions/
2010-01-11,20:15:28,ao5zn,6,A cross-party group of MPs and peers have called on the main parties to make a manifesto pledge not to allow the UK's population to exceed 70 million.,news.bbc.co.uk,http://news.bbc.co.uk/2/hi/uk_news/politics/8442662.stm
2010-01-12,01:01:11,ao9lh,6,Could the Pakistani Government Fall over Karachi Violence? What would it Mean for Obama's War on al-Qaeda?,juancole.com,http://www.juancole.com/2010/01/could-pakistani-government-fall-over.html
2010-01-11,18:17:43,ao4sg,6, Inside the insular and secretive Eritrea,ft.com,"http://www.ft.com/cms/s/2/8a70d442-a324-11de-ba74-00144feabdc0,dwp_uuid=a712eb94-dc2b-11da-890d-0000779e2340.html"
2010-01-11,20:16:34,ao607,4,Solomon Islands - Doctors at the Honiara’s National Referral Hospital (NRH) are worried about the population increase in the country.,solomonstarnews.com,http://www.solomonstarnews.com/news/national/1681-docs-worry-at-population-growth
2010-01-12,00:58:14,ao9jn,6,Jeremy Clarkson Last hurrahs of the petrol age review,timesonline.co.uk,http://www.timesonline.co.uk/tol/driving/jeremy_clarkson/article6980936.ece
2010-01-11,10:28:27,anzvx,6,All but one of the 17 families who lost relatives in Baghdad's Nusoor Square killings have agreed to settle their claims against the security contractor formerly known as Blackwater,cnn.com,http://www.cnn.com/2010/WORLD/meast/01/10/iraq.blackwater.killings/
2010-01-12,07:22:04,aoeg6,4,UK Ambassador Warns Of Military Coup In Iraq,foolocracy.com,http://foolocracy.com/2010/01/uk-ambassador-warns-of-military-coup-in-iraq/
2010-01-11,13:22:29,ao1oh,5,"Chernobyl nuclear accident: At the children's cancer hospital in Minsk, Belarus, and in eastern Ukraine, doctors are seeing highly unusual rates of cancers, mutations and blood diseases linked to the accident that happened 24 yrs ago",guardian.co.uk,http://www.guardian.co.uk/environment/2010/jan/10/chernobyl-nuclear-deaths-cancers-dispute
2010-01-11,12:33:57,ao16v,6,British soldiers 'tortured and executed Iraqi grandmother',belfasttelegraph.co.uk,http://www.belfasttelegraph.co.uk/news/world-news/british-soldiers-tortured-and-executed-iraqi-grandmother-14630651.html
2010-01-11,08:42:25,anz0e,5,"Jurist Josipovic wins Croatia presidential election
",reuters.com,http://www.reuters.com/article/idUSTRE60924820100111
2010-01-11,22:42:15,ao7p5,3,"Afghans more optimistic for future, survey shows",news.bbc.co.uk,http://news.bbc.co.uk/2/hi/south_asia/8448930.stm
