2010-01-28,10:09:52,av0k5,1086,"Howard Zinn, arguably one of the most important scholars of our time, is dead. ",wickedlocal.com,http://www.wickedlocal.com/newton/topstories/x985826939/Howard-Zinn-historian-and-Newton-resident-dead-at-87
2010-01-28,20:49:09,av7gu,822,Danish Bank wont invest in Israeli companies who's reportedly been involved in construction of Jewish settlements and the Apartheid Wall in the West Bank.,cphpost.dk,http://www.cphpost.dk/component/content/48048.html?task=view
2010-01-29,03:07:48,avcqe,372,"[Video] Dr Finkelstein responds to crocodile tears of a zionist: ""If you had any heart in you, you would be crying for the Palestinians""",mpacuk.org,http://www.mpacuk.org/story/270110/if-you-had-heart-youd-cry-palestine.html
2010-01-28,22:48:50,av8u2,130,"Howard Zinn (RIP) & Noam Chomsky discuss The Lord of the Rings ""One of the problems with the perspective offered by the Man-Elf coalition is that you have to try so hard to get at the truth of the conflict, at what is really going on; it's so obscured by their propaganda and relentless militarism.""",mcsweeneys.net,http://www.mcsweeneys.net/2003/04/23fellowship.html
2010-01-28,20:36:14,av7bu,49,Watch all of Democracy Now!'s excellent reports from Haiti. See what the main stream media isn't showing you.,democracynow.org,http://www.democracynow.org/tags/haiti
2010-01-28,23:05:24,av93t,47,"Agriculture in much of India is dying. The village economy is in crisis, assailed by migration to the cities, decades of ecological neglect, and the growing unsustainability of farming. According to a recent report, almost 200,000 farmers committed suicide between 1997 and 2009.",nytimes.com,http://www.nytimes.com/2010/01/29/world/asia/29iht-letter.html?partner=rss&emc=rss
2010-01-28,23:36:22,av9j2,28,"Street vendors openly sell U.S.-donated rice by the cupful from bags marked ""not for resale.""",news.yahoo.com,http://news.yahoo.com/s/ap/20100127/ap_on_re_la_am_ca/cb_haiti_earthquake_459
2010-01-29,00:24:05,ava76,22,"Two former prisoners of Auschwitz are suing the 
Bush family for their part in Hitler's rise to power",guardian.co.uk,http://www.guardian.co.uk/world/2004/sep/25/usa.secondworldwar
2010-01-28,18:45:14,av67o,18,Israel Defence Minister says the conflict with Palestinians poses a greater threat to Israel than Iran's nuclear program,theaustralian.com.au,http://www.theaustralian.com.au/news/world/ehud-barak-defies-benjamin-netanyahu-on-threat-to-israel/story-e6frg6so-1225824120520
2010-01-28,14:25:38,av3k5,20,The construction of a museum of tolerance in Jerusalem – on the site of an ancient Arab cemetery – has involved mass exhumations.,newstatesman.com,http://www.newstatesman.com/middle-east/2010/01/jerusalem-site-israel-cemetery
2010-01-28,23:20:22,av9ap,18,"The way Britain is governed has gone wrong and is in urgent need of reform, a group of former Whitehall chiefs has warned",news.bbc.co.uk,http://news.bbc.co.uk/2/hi/uk_news/politics/8481943.stm
2010-01-28,09:30:55,av03j,12,North Korea fires artillery towards South for second day in a row. Doesn't this worry anyone?,news.smh.com.au,http://news.smh.com.au/breaking-news-world/n-korea-fires-into-south-for-second-day-20100128-n08u.html
2010-01-28,13:19:42,av2sx,12,Is google back in China? Wait... Goojje?,news.bbc.co.uk,http://news.bbc.co.uk/2/hi/technology/8483597.stm
2010-01-29,01:07:09,avar8,10,Hans Rosling: World development (TED),youtube.com,http://www.youtube.com/watch?v=hVimVzgtD6w
2010-01-28,12:04:26,av1tv,9,India plans to launch its first manned space mission in 2016.,ibtimes.com,http://www.ibtimes.com/articles/20100127/india-moves-put-man-space.htm
2010-01-28,09:59:03,av0gh,8,Sarkozy: US Dollar Should No Longer be Primary Reserve Currency,noonehastodietomorrow.com,http://www.noonehastodietomorrow.com/agenda/economy/1937
2010-01-29,04:54:31,ave21,10,"“‘If I sign then that means I am selling my birthrights away’.”  Wape said later, “the police came with their gun”.
",greenleft.org.au,http://www.greenleft.org.au/2010/823/42321
2010-01-29,00:14:44,ava27,6,HRW claim Hamas 'DID target civilians in Gaza war',google.com,http://www.google.com/hostednews/afp/article/ALeqM5i7UO11YmuyN_5f4qrqvYNjYdfeuw
2010-01-29,00:44:04,avagr,9,"UK's migrant workers oppression, Dubai is heaven in comparison but the tabloids are British ",women.timesonline.co.uk,http://women.timesonline.co.uk/tol/life_and_style/women/the_way_we_live/article6995570.ece
2010-01-28,18:23:06,av5yj,5,Low-slung teen fad switches to armpit huggers by fifth decade,guardian.co.uk,http://www.guardian.co.uk/lifeandstyle/2010/jan/27/trousers-waistband-age-debenhams
2010-01-28,23:59:09,av9uq,7,"Human Predators Stalk Haiti's Vulnerable Kids, becoming victims of sexual trafficking
",time.com,"http://www.time.com/time/specials/packages/article/0,28804,1953379_1953494_1957160,00.html?xid=rss-topstories"
2010-01-28,17:28:54,av5fd,8,Media and politicians 'fuel rise in hate crimes against Muslims',guardian.co.uk,http://www.guardian.co.uk/uk/2010/jan/28/hate-crimes-muslims-media-politicians
2010-01-28,09:55:55,av0ex,7,"German Homeschoolers Granted Political Asylum
",noonehastodietomorrow.com,http://www.noonehastodietomorrow.com/resistance/home-school/1936
2010-01-29,01:21:39,avayu,6,"Traffickers targeting Haiti’s children, human organs, PM says",infowars.com,http://www.infowars.com/traffickers-targeting-haitis-children-human-organs-pm-says/
2010-01-29,00:58:09,avan2,7,"Egypt's poor turn to booze - ""Bouza"" is cheap and nasty, but popular alcohol frowned upon by the authorities",globalpost.com,http://www.globalpost.com/dispatch/egypt/100114/cairo-homebrew-liquor-moonshine
2010-01-28,19:34:07,av6o8,4,Smirking digger driver crushes taxi after row over fare,independent.ie,http://www.independent.ie/national-news/smirking-digger-driver-crushed-taxi-after-row-over-fare-2034296.html
2010-01-29,02:35:33,avc89,6,Russia official: No obstacles over Iran arms deal,washingtonpost.com,http://www.washingtonpost.com/wp-dyn/content/article/2010/01/28/AR2010012800667.html
2010-01-29,00:02:48,av9we,5,"One year after “Operation Cast Lead” concluded, a look back at its aftermath: Nearly 1,400 Palestinians were killed, and more than 5,000 injured",inthesetimes.com,http://inthesetimes.com/article/5478/slideshow_glimpses_of_gaza
2010-01-28,20:17:53,av755,4,Afghan Tribe to burn down the home of any Afghan who harbored Taliban guerrillas in return for aid,nytimes.com,http://www.nytimes.com/2010/01/28/world/asia/28tribe.html
2010-01-28,08:01:57,auz9f,1,Haiti girl rescued after 15 days,news.bbc.co.uk,http://news.bbc.co.uk/1/hi/world/americas/8484317.stm
