2010-08-06,03:07:29,cxsry,1720,"Pentagon demands return of the 90,000 documents from Wikileaks.  Methinks the pentagon doesn't understand how the internet works.",news.yahoo.com,http://news.yahoo.com/s/ap/20100805/ap_on_go_ca_st_pe/us_pentagon_wikileaks
2010-08-06,17:54:17,cy1u2,96,Calling Gaza a prison camp is an understatement,guardian.co.uk,http://www.guardian.co.uk/commentisfree/2010/aug/05/gaza-prison-camp-understatement
2010-08-06,22:19:57,cy438,78,"'The Kremlin's Central Control Is the Real Disaster' - Moscow is engulfed in smog, 500 fires are still blazing across Russia and the deadly wildfires could pose a nuclear threat. The German press on Friday says the overcentralization of power is partly to blame for the disaster.",spiegel.de,"http://www.spiegel.de/international/europe/0,1518,710499,00.html"
2010-08-06,21:33:50,cy3k9,49,"For the first time since the dark days of the Taliban, 29 women have been recruited to serve in the Afghan army ",telegraph.co.uk,http://www.telegraph.co.uk/news/worldnews/asia/afghanistan/7926376/Force-for-change-the-women-of-the-new-Afghan-army.html
2010-08-07,06:03:53,cy9vj,48,"NORTH KOREA About 23 Christians arrested, 3 executed",asianews.it,"http://www.asianews.it/news-en/About-23-Christians-arrested,-3-executed-19142.html"
2010-08-06,22:00:23,cy3vc,36,Video: British troops in Afghanistan: 'We try to help them ... but it just seems pointless',guardian.co.uk,http://www.guardian.co.uk/world/video/2010/aug/06/afghanistan-taliban
2010-08-07,06:46:33,cyacn,34,"Sean Penn has questioned the motives of Wyclef Jean's bid for the Haitian presidency and criticised his ""obscene demonstration"" of wealth. ",telegraph.co.uk,http://www.telegraph.co.uk/news/worldnews/centralamericaandthecaribbean/haiti/7930869/Sean-Penn-questions-Wyclef-Jeans-Haiti-presidential-aspirations.html
2010-08-06,10:38:44,cxxw0,32,Wyclef Jean Officially Running For President Of Haiti After Filing Papers,huffingtonpost.com,http://www.huffingtonpost.com/2010/08/05/wyclef-jean-officially-running-haiti-president_n_672763.html
2010-08-06,10:23:22,cxxpz,31,Kenyans vote 'yes' for birth of a second republic,examiner.com,http://www.examiner.com/x-4454-Geopolitics-Examiner~y2010m8d5-Kenyans-vote-yes-for-birth-of-a-second-republic
2010-08-06,23:36:16,cy4yt,25,"Hiroshima 65 years later: US attends ceremony, but offers no apology: “It’s good they’ve come, but why has it taken 65 years?”",csmonitor.com,http://www.csmonitor.com/World/Asia-Pacific/2010/0806/Hiroshima-65-years-later-US-attends-ceremony-but-offers-no-apology
2010-08-06,19:55:32,cy2r7,28,Chinese poor locked up at night,english.aljazeera.net,http://english.aljazeera.net/news/asia-pacific/2010/08/20108674513850688.html
2010-08-07,03:32:33,cy84e,20,"The Internet Generation Prefers the Real World. 
They may have been dubbed the ""Internet generation,"" but young people are more interested in their real-world friends than Facebook. New research shows that the majority of children and teenagers are not the Web-savvy digital natives of legend.",spiegel.de,"http://www.spiegel.de/international/zeitgeist/0,1518,710139,00.html"
2010-08-06,19:24:56,cy2j9,17,UAE confirms oil tanker attack,english.aljazeera.net,http://english.aljazeera.net/news/middleeast/2010/08/20108683953783853.html
2010-08-06,19:15:59,cy2gk,14,Australians about to revolt - Riots in the streets... :),abc.net.au,http://www.abc.net.au/news/stories/2010/08/06/2975364.htm
2010-08-06,21:24:22,cy3h7,14,[AHRC Open Letter] MYANMAR: Request to intervene on complaint of severe torture by police,ahrchk.net,http://www.ahrchk.net/statements/mainfile.php/2010statements/2719/
2010-08-06,22:48:38,cy4du,14,"The number of fires in Russia grow, death toll reaches 50",itar-tass.com,http://itar-tass.com/eng/level2.html?NewsID=15378022&PageNum=0
2010-08-06,19:22:11,cy2ig,9,Vietnam: Writers Honored for Commitment to Free Speech,hrw.org,http://www.hrw.org/en/news/2010/08/03/vietnam-writers-honored-commitment-free-speech
2010-08-06,23:01:48,cy4jq,8,A bomb explosion at Zamboanga airport in the southern Philippines has killed two people and injured 24.,bbc.co.uk,http://www.bbc.co.uk/news/world-asia-pacific-10889355
2010-08-06,17:17:20,cy1kf,8,40 US billionaires pledge half of wealth to charity,rawstory.com,http://rawstory.com/rs/2010/0804/40-billionaires-pledge-wealth-charity/
2010-08-06,22:12:44,cy405,8,Activists clash with Taiwan police over China envoy,news.asiaone.com,http://news.asiaone.com/News/Latest%2BNews/Asia/Story/A1Story20100805-230730.html
2010-08-07,01:58:38,cy6ue,6,BBC News - North Korea hit by severe flooding as a result of ongoing torrential rain.,bbc.co.uk,http://www.bbc.co.uk/news/world-asia-pacific-10813197
2010-08-06,10:37:11,cxxvf,7,Disease and regret weigh on atomic-bomb survivors,search.japantimes.co.jp,http://search.japantimes.co.jp/cgi-bin/eo20100806a1.html
2010-08-06,22:15:00,cy417,5,Security forces clash with Maoists in central India,news.asiaone.com,http://news.asiaone.com/News/Latest%2BNews/Asia/Story/A1Story20100804-230559.html
2010-08-07,06:46:46,cyacp,7,"Leh flash floods: 100 killed, over 350 injured.",ndtv.com,http://www.ndtv.com/article/india/leh-flash-floods-50-dead-many-missing-42357
2010-08-06,21:37:22,cy3lp,6,"Mexico: Calderon considers debate on legalizing drugs after 28,000 people have been killed in drug violence since he launched a crackdown against cartels in 2006",google.com,http://www.google.com/hostednews/ap/article/ALeqM5gMi5B2USfJStXxfqgWWr2xjRYpOgD9HCE3380
2010-08-06,10:57:15,cxy33,4,"Mexico looks to legalisation as drug war murders hit 28,000",guardian.co.uk,http://www.guardian.co.uk/world/2010/aug/04/mexico-legalisation-debate-drug-war
2010-08-06,22:09:01,cy3yk,4,Moscow heat beats previous record,itar-tass.com,http://itar-tass.com/eng/level2.html?NewsID=15379671&PageNum=0
2010-08-06,17:45:21,cy1rm,7,"Case studies: Child workers in Gaza
- Interesting real life stories inside",bbc.co.uk,http://www.bbc.co.uk/news/world-middle-east-10878970
2010-08-06,23:30:34,cy4vv,4,Indonesia denies plan to ban BlackBerry services,physorg.com,http://www.physorg.com/news200201133.html
2010-08-07,04:20:03,cy8nx,4,"Israeli Police Claim Video of Crying Palestinian Boy Was Staged ""To Make Israel Look Bad""",thelede.blogs.nytimes.com,http://thelede.blogs.nytimes.com/2010/08/05/israeli-police-claim-video-of-crying-palestinian-boy-was-staged/
