2010-11-12,19:08:31,e52td,948,"Cyber attack on Nobel peace prize website launched. Stay classy, China.",csmonitor.com,http://www.csmonitor.com/World/Europe/2010/1027/Was-China-behind-cyber-attack-on-Nobel-Peace-Prize-website
2010-11-12,08:04:11,e4v1b,386,Neglected ruins of Pompeii declared a 'disgrace to Italy' ,guardian.co.uk,http://www.guardian.co.uk/world/2010/nov/11/the-second-fall-pompeii
2010-11-13,04:51:27,e5b5c,282,"""Under international law, the former President's admission to having authorized
acts that amount to torture are enough to trigger the USA's obligations to
investigate his admissions and if substantiated, to prosecute him.""
– Claudio Cordone, Amnesty International ",amnesty.org,http://www.amnesty.org/en/news-and-updates/us-must-begin-criminal-investigation-torture-following-bush-admission-2010-11-10
2010-11-13,07:02:22,e5d1j,120,The Danish People’s Party wants pictures of bare breasts in an introduction film to scare away fundamentalists,politiken.dk,http://politiken.dk/newsinenglish/ECE1108054/parties-battle-over-bare-breasts/?feed
2010-11-12,16:54:07,e51np,72,Assertive Chinese Held in Mental Wards ,nytimes.com,http://www.nytimes.com/2010/11/12/world/asia/12psych.html?_r=1&partner=rss&emc=rss
2010-11-12,22:47:57,e5514,66,"Topless feminists in Kiev, Ukraine protest against Iranian stoning sentence.",metro.co.uk,http://www.metro.co.uk/news/847028-topless-feminists-protest-against-iranian-stoning-sentence
2010-11-12,19:51:43,e5363,64,Aung San Suu Kyi release: Burma's military rulers are reportedly on the verge of releasing the country's pro-democracy leader from house arrest.,guardian.co.uk,http://www.guardian.co.uk/world/2010/nov/12/burma-aung-san-suu-kyi-release
2010-11-12,13:34:49,e4zhn,56,European Commissioner Lambasts ‘Copyright Middlemen’,torrentfreak.com,http://torrentfreak.com/european-commissioner-lambasts-copyright-middlemen-101110/
2010-11-12,21:38:50,e544w,55,How the mittelstand drive Germany's economy: A surging German economy gives it little reason to cooperate with US at G20 summit,globalpost.com,http://www.globalpost.com/dispatch/germany/101111/mittelstand-german-economy-manufacturing
2010-11-12,14:26:16,e504n,41,Disney world in which Chinese children 'toil for 76 hours a week',independent.co.uk,http://www.independent.co.uk/news/world/politics/disney-world-in-which-chinese-children-toil-for-76-hours-a-week-2130870.html
2010-11-12,14:39:22,e50am,31,Pakistan sentences Christian woman to death for blasphemy ,public.dawn.com,http://public.dawn.com/2010/11/12/christian-woman-sentenced-to-death-in-blasphemy-case-2.html
2010-11-12,14:42:34,e50c3,26,Photos showing brutal massacre of Tamils by the Sri Lankan army have been obtained by Al Jazeera,english.aljazeera.net,http://english.aljazeera.net/video/asia/2010/11/2010111010021857352.html
2010-11-12,15:55:17,e5138,16,BREAKING: Burma generals sign Aung San Suu Kyi release order ,bbc.co.uk,http://www.bbc.co.uk/news/world-asia-pacific-11740798
2010-11-12,22:43:40,e54yg,15,"Canadian Universities: ""Too Asian"" - White Canadian students—as interviewed here—steer clear of universities with high Asian enrolment. Too much academic competition, not enough fun. Same situation in CA UC system.  Reasonable viewpoint, or thinly-veiled racism?",macleans.ca,http://www2.macleans.ca/2010/11/10/too-asian/
2010-11-12,19:01:40,e52rc,15,Aung San Suu Kyi 'could be released later today' ,guardian.co.uk,http://www.guardian.co.uk/world/2010/nov/12/aung-san-suu-kyi-burma-release
2010-11-13,06:36:06,e5cnx,11,'I Am Spartacus:' Man Convicted For Tweet; Virtual Protest Erupts,npr.org,http://www.npr.org/blogs/thetwo-way/2010/11/12/131269198/-i-am-spartacus-man-convicted-for-tweet-virtual-protest-erupts
2010-11-13,00:41:06,e56yl,8,Chilean government supports Muslim school girl use of ‘hijab’,en.mercopress.com,http://en.mercopress.com/2010/11/11/chilean-government-supports-muslim-school-girl-use-of-hijab
2010-11-12,18:34:27,e52j6,7,"In Haiti, residents of the capital's largest slum have been demonstrating over the cholera outbreak. The protesters say the government and the UN have failed to protect them and vent their anger at NGO's in the country. ",youtube.com,http://www.youtube.com/watch?v=RNznc9dMUTw
2010-11-12,23:25:46,e55mw,9,Costa Rica Gives Nicaragua Another 24 Hours (to remove it's troops),insidecostarica.com,http://www.insidecostarica.com/dailynews/2010/november/12/costarica10111201.htm
2010-11-12,10:59:17,e4xfm,8,A Chinese vase discovered during a routine clear-out of a bungalow in northwest London has sold at auction for a record £43million!,news.sky.com,http://news.sky.com/skynews/Home/UK-News/Vase-Sold-For-Record-43m-At-Auction-In-Northwest-London---Item-Found-In-Bungalow-Clear-Out/Article/201011215800929?lpos=UK_News_News_Your_Way_Region_8&lid=NewsYourWay_ARTICLE_15800929_Vase_Sold_For_Record_%3F43m_At_Auction_In_Northwest_London_-_Item_Found_In_Bungalow_Clear-Out
2010-11-13,00:40:26,e56y4,7,Haiti cholera outbreak prompts fresh UN aid plea,bbc.co.uk,http://www.bbc.co.uk/news/world-latin-america-11743629
2010-11-12,21:02:47,e53qz,6,"ANCYL threatens to close down Twitter, South African internet users respond in the time-honoured traditions of the internet",news24.com,http://www.news24.com/SciTech/News/Julius-Malema-Day-on-Twitter-20101112
2010-11-12,21:18:41,e53vu,6,"""What kind of mentality is that? I can't believe that I need to listen to this in the year 2010 in a Europe that is supposed to be the centre of tolerance and human rights. Others learned these values from you and now you're turning your backs on these values.""",guardian.co.uk,http://www.guardian.co.uk/world/2010/nov/11/austria-treats-turks-like-virus-ambassador-claims
2010-11-13,00:29:47,e56rb,4,"Croatia Considers VAT on Food and Medicine - In an effort to meet int'l debt obligations and bring the national budget closer to balance, the government of Jadranka Kosor is considering the introduction of VAT on items such as milk, bread and medicines.",balkaninsight.com,http://www.balkaninsight.com/en/article/croatia-considers-vat-on-food-and-medicine
2010-11-13,02:01:34,e58ev,4,"Since Time magazine instituted it’s “Man of the Year” issue in 1927, there have been many embarrassing moments. What is the history of this accolade and why have the editors of the magazine insisted so often on getting it wrong?",thedailymaverick.co.za,http://www.thedailymaverick.co.za/article/2010-11-12-person-of-the-year-time-to-get-it-right
2010-11-12,15:46:47,e50zy,3,A PR department for Mexico's narcos,globalpost.com,http://www.globalpost.com/dispatch/worldview/101026/mexico-drug-war-cartels-newspapers
2010-11-13,03:25:57,e59om,2,"If the G-20 is going to be nothing more than a talking shop on economic issues, they ought to at least talk about the economic problems that really matter",cepr.net,http://www.cepr.net/index.php/op-eds-&-columns/op-eds-&-columns/g-20-barking-up-the-wrong-tree
2010-11-13,01:02:44,e57dw,1,Palestinian jailed for logging on to Facebook as 'God' to criticize Islam,haaretz.com,http://www.haaretz.com/news/international/palestinian-jailed-for-logging-on-to-facebook-as-god-to-criticize-islam-1.324302
2010-11-13,02:43:14,e595e,1,"Two weeks after the extremist-backed politician, Lutfur Rahman, became mayor of Tower Hamlets, his council has placed CDs of sermons by an extremist Islamic preacher who supports wife-beating in its Town Hall.",blogs.telegraph.co.uk,http://blogs.telegraph.co.uk/news/andrewgilligan/100062902/lutfur-rahman-council-promotes-extremist-preacher-who-supports-wife-beating/
2010-11-12,21:58:49,e54dn,2,Qianlong Chinese porcelain vase sold for £43m,bbc.co.uk,http://www.bbc.co.uk/news/uk-england-london-11739781
