2010-11-21,22:13:41,e9hgc,1417,An amsterdam artist overlayed modern photos of the city with WW2-time pictures she found at a flea market,howtobearetronaut.com,http://www.howtobearetronaut.com/2010/03/the-ghosts-of-amsterdam/
2010-11-21,02:14:34,e96de,608,Pope Benedict says condom use justified - for male prostitutes,thestar.com,http://www.thestar.com/article/894235--pope-says-condoms-ok-to-use-in-some-cases#article
2010-11-21,07:29:51,e9a8b,339,UN removes sexual orientation from list of discriminatory grounds for executions - OKs executing gays.,news.pinkpaper.com,http://news.pinkpaper.com/NewsStory/4319/18/11/2010/countries-vote-to-accept-execution-of-gays.aspx
2010-11-21,12:37:34,e9dfg,290,Rights group Amnesty International: The U.S must prosecute former President George W. Bush for torture if his admission in a memoir that he authorized waterboarding holds true,reuters.com,http://www.reuters.com/article/idUSTRE6A957O20101110
2010-11-21,19:35:21,e9gie,222,Israeli court-martial passed suspended jail sentences to two soldiers who forced a Palestinian boy to search for suspected booby-traps on their behalf during the Gaza Strip war.. basically they would go free,uk.news.yahoo.com,http://uk.news.yahoo.com/22/20101121/tpl-uk-palestinians-israel-courtmartial-43a8d4f.html
2010-11-21,08:44:50,e9b1j,106,"So what would a better security system look like for our airports? Some suggest ""Israelification"" - a 6-layer security protocol Israel uses: no nudie-scanner, not looking for liquids, your shoes, they just look at you, your face, your eyes",motherjones.com,http://motherjones.com/kevin-drum/2010/11/israelification
2010-11-21,14:51:42,e9eoi,64,Intelligence documents used to argue that Iran had a covert R&D nuclear weapons programme in 2003 had a fatal flaw: the drawings showed the wrong missile warhead ,ipsnews.net,http://www.ipsnews.net/news.asp?idnews=53616
2010-11-21,22:10:32,e9hfa,37,Wrongly deported Iranian was tortured: Aland Salimi says police in Baghdad beat and starved him after he was flown to Iraq from Britain,guardian.co.uk,http://www.guardian.co.uk/uk/2010/nov/21/iranian-deported-baghdad-torture-allegations
2010-11-21,21:24:42,e9h51,31,Indonesian government steps up heat on S. Arabia over worker abuse,thejakartapost.com,http://www.thejakartapost.com/news/2010/11/20/govt-steps-heat-s-arabia-over-worker-abuse.html
2010-11-21,14:59:51,e9er5,35,"Monsoon, the fashion retailer, pioneered ethical shopping but internal audits reveal its suppliers used child labour and underpaid workers",guardian.co.uk,http://www.guardian.co.uk/business/2010/nov/21/monsoon-child-labour-india
2010-11-21,21:39:00,e9h83,28,Report: North Korea claims it is enriching uranium at new plant,cnn.com,http://www.cnn.com/2010/WORLD/asiapcf/11/21/north.korea.nuclear/index.html?hpt=T1
2010-11-21,13:40:10,e9e11,27,BBC News - Flock of 500 sheep vanishes in eastern Georgia,bbc.co.uk,http://www.bbc.co.uk/news/world-europe-11785013
2010-11-22,06:18:47,e9mou,20,Ireland asks for 70bn EU bailout to rescue banks,guardian.co.uk,http://www.guardian.co.uk/business/2010/nov/21/ireland-asks-70bn-eu-bailout
2010-11-21,08:49:17,e9b3e,19,"Honor Killing in Iraqi Kurdistan -  More than 12,000 women were killed in the name of honor in Kurdistan from 1991 to 2007",nytimes.com,http://www.nytimes.com/2010/11/21/world/middleeast/21honor.html?_r=1&ref=world
2010-11-22,06:21:20,e9mpt,17,Now Britain's Men-Only Clubs Have to Let in the Ladies,time.com,"http://www.time.com/time/world/article/0,8599,2031777,00.html"
2010-11-21,16:02:55,e9f89,13,Rise of the robots and the future of war,guardian.co.uk,http://www.guardian.co.uk/technology/2010/nov/21/military-robots-autonomous-machines
2010-11-21,15:35:42,e9f0j,16,Cougar hires Nigerians to kill young rugby player who has spurned her love....picks the wrong Nigerians,news24.com,http://www.news24.com/SouthAfrica/News/Cougar-wanted-Bulls-player-killed-20101119
2010-11-21,16:21:24,e9fc8,13,"When the U.N. ranked the Least Developed Countries (LDCs) in 1971, there were only 25 nations. Now there 50 with the dubious distinction of being the ""poorest of the world's poor"" -- what happened?",ipsnews.net,http://ipsnews.net/news.asp?idnews=53598
2010-11-21,08:52:46,e9b51,13,"Mideast politics: Egypt on the brink
",thestar.com,http://www.thestar.com/news/world/article/892980--mideast-politics-egypt-on-the-brink
2010-11-21,11:53:40,e9czl,13,U.S. expert saw hundreds of centrifuges in North Korea.,uk.reuters.com,http://uk.reuters.com/article/idUSTRE6AK06520101121
2010-11-21,13:50:30,e9e4c,9,"India, China buying U.S. coal mines, shale gas fields",grist.org,http://www.grist.org/article/2010-11-18-india-china-buying-u.s.-coal-mines-shale-gas-fields
2010-11-22,04:49:02,e9lhu,11,Japan plans troop deployment near disputed islands: Nikkei,chinapost.com.tw,http://www.chinapost.com.tw/asia/japan/2010/11/21/280791/Japan-plans.htm
2010-11-21,14:58:40,e9eqq,11,British mercenaries hired to take on the Somali pirates ,telegraph.co.uk,http://www.telegraph.co.uk/news/worldnews/piracy/8148600/Paul-and-Rachel-Chandler-British-mercenaries-hired-to-take-on-the-Somali-pirates.html
2010-11-21,23:29:09,e9i4r,10,"The endgame for the peace process: Future historians will argue over the precise moment when the Arab-Israeli peace process died.
 
",english.aljazeera.net,http://english.aljazeera.net/indepth/2010/11/20101120114435124111.html
2010-11-22,04:52:55,e9ljf,8,N. Korea builds new nuclear facility: scientist,chinapost.com.tw,http://www.chinapost.com.tw/asia/korea/2010/11/22/280869/N-Korea.htm
2010-11-22,00:13:58,e9ilz,8,Burmese Opposition Leader Suu Kyi:  'Anyone Can Be Arrested at Any Time',spiegel.de,"http://www.spiegel.de/international/world/0,1518,730239,00.html"
2010-11-22,00:48:52,e9j0p,9,"In India everyone is for sale. Corporates, Politicials, Journalists, media. PS. Who will media the media?",outlookindia.com,http://www.outlookindia.com/article.aspx?268071
2010-11-22,00:37:27,e9ivv,7,"Patrick Cockburn: Be under no illusion, Nato is in no shape to make progress in this graveyard of empires",independent.co.uk,http://www.independent.co.uk/opinion/commentators/patrick-cockburn-be-under-no-illusion-nato-is-in-no-shape-to-make-progress-in-this-graveyard-of-empires-2139191.html
2010-11-21,12:20:51,e9d9m,7,NATO planning integral role in enforcing Mideast peace deal,haaretz.com,http://www.haaretz.com/print-edition/news/nato-planning-integral-role-in-enforcing-mideast-peace-deal-1.325778
2010-11-21,17:31:11,e9frw,9,North Korea showed a visiting American nuclear scientist a vast new facility it secretly and rapidly built to enrich uranium,nytimes.com,https://www.nytimes.com/2010/11/21/world/asia/21intel.html
