2010-03-26,23:15:29,bimad,804,"S.Korean naval ship sinking with 100 on board, North Korean torpedo attack suspected!",vancouversun.com,http://www.vancouversun.com/entertainment/Korean+ship+sinking+with+board+North+attack+suspected/2729623/story.html
2010-03-27,01:45:16,bioms,594,"WIKILEAKS(PDF) CIA ""public apathy enables leaders to ignore voters"" Cia details how to get war support.",file.wikileaks.org,http://file.wikileaks.org/file/cia-afghanistan.pdf
2010-03-26,07:22:05,bibgj,384,"Not exactly the bitch slap Israel needs from the US, but it's a start.",timesonline.co.uk,http://www.timesonline.co.uk/tol/news/world/us_and_americas/article7076431.ece
2010-03-26,18:14:44,biieo,266,"Fidel Castro: ""Truly unusual that 234 years after the Declaration of Independence in 1776, that the U.S. government has passed [a law for] medical attention for the vast majority of its citizens, something that Cuba achieved for its entire population half a century ago""",granma.cu,http://www.granma.cu/ingles/2010/marzo/juev25/Reflections-24march.html
2010-03-26,03:00:36,bi83n,175,"73% of Russians view US as ""an aggressor trying to take control"" of all countries in the world. ",presstv.ir,http://www.presstv.ir/detail.aspx?id=121584&sectionid=351020602
2010-03-26,20:20:57,bijs3,44,The Vatican has attacked the media over charges that the Pope failed to act against a US priest accused of abusing up to 200 deaf boys two decades ago.,news.bbc.co.uk,http://news.bbc.co.uk/1/hi/world/europe/8588294.stm
2010-03-26,23:05:51,bim4k,33,"For years, Dutch law enforcement officials have been listening in on conversations between lawyers and their clients. The prosecutor’s office itself now wants to put an end to the practice.",nrc.nl,http://www.nrc.nl/international/article2508880.ece/Dutch_law_enforcement_stops_tapping_lawyers_phones
2010-03-26,21:45:06,bikub,22,UK police asks Internet cafes to monitor customers ,independent.co.uk,http://www.independent.co.uk/life-style/gadgets-and-tech/news/uk-police-asks-internet-cafes-to-monitor-customers-1928322.html
2010-03-26,04:04:31,bi90a,20,"Ciudad Juárez is one of the fastest growing cities in the world, in spite of the fact that it is ""the most violent zone in the world outside of declared war zones.",stellasmagazine.com,http://www.stellasmagazine.com/ciudad-juarez-a-true-drug-war-zone/
2010-03-27,06:24:54,bis6r,21,Police chief beheaded in north Mexico,rawstory.com,http://rawstory.com/news/afp/Police_chief_beheaded_in_north_Mexi_03262010.html
2010-03-26,18:43:22,biipl,23,China overtook the US during 2009 to become the leading investor in renewable energy technologies.,news.bbc.co.uk,http://news.bbc.co.uk/2/hi/science/nature/8587319.stm
2010-03-26,10:33:24,bidfr,18,Owner of the only remaining TV station in Venezuela critical of Hugo Chavez has been arrested.,hosted.ap.org,http://hosted.ap.org/dynamic/stories/L/LT_VENEZUELA_NEWS_MEDIA
2010-03-26,20:05:16,bijle,18,CIA prepared birthday cake for double agent who bombed Afghan base and killed seven CIA employees,guardian.co.uk,http://www.guardian.co.uk/world/2010/mar/25/cia-birthday-cake-afghanistan-bomber
2010-03-27,00:00:27,bin03,9,Israel and Hamas forces 'clash on Gaza border': Arab media reports two Israeli troops have been killed east of Khan Younis,news.bbc.co.uk,http://news.bbc.co.uk/1/hi/world/middle_east/8589529.stm
2010-03-26,21:26:17,bikla,9,"
Beijing to sweeten stench of rubbish crisis with giant deodorant guns",guardian.co.uk,http://www.guardian.co.uk/environment/2010/mar/26/beijing-rubbish-deodorant
2010-03-26,17:16:45,bihu0,9,Times and Sunday Times websites to charge from June,news.bbc.co.uk,http://news.bbc.co.uk/2/hi/business/8588432.stm
2010-03-27,01:00:23,binwl,5,"Israel and Hamas forces 'clash on Gaza border': Two Israeli troops killed, retaliation expected",news.bbc.co.uk,http://news.bbc.co.uk/2/hi/middle_east/8589529.stm
2010-03-27,06:30:38,bis8x,7,A cloud of smog hovers over Mongolia’s capital,asianews.it,http://www.asianews.it/news-en/A-cloud-of-smog-hovers-over-Mongolia%E2%80%99s-capital-17986.html
2010-03-27,01:16:32,bio6m,4,This author's whole life was building towards this moment... (check his name),timesonline.co.uk,http://www.timesonline.co.uk/tol/comment/faith/article7065824.ece
2010-03-27,01:10:30,bio2m,6,"'Misleading' police advert banned: The ASA said the advertisement broke its rules on being ""legal, decent, honest, truthful"". The advertiser? The UK Government ...",news.bbc.co.uk,http://news.bbc.co.uk/2/hi/uk_news/8588640.stm
2010-03-26,23:32:44,biml1,6,Leading Russian liberals have come under attack in a smear campaign reminiscent of Soviet-era tactics against those who went against the grain of official thought,globalpost.com,http://www.globalpost.com/dispatch/russia/100324/smear-campaign-viral-videos
2010-03-27,02:52:37,bipo6,5,US and Russia seal deal to slash nuclear arsenals by a third - Telegraph,telegraph.co.uk,http://www.telegraph.co.uk/news/worldnews/northamerica/usa/7528841/US-and-Russia-seal-deal-to-slash-nuclear-arsenals-by-a-third.html
2010-03-26,23:02:26,bim2h,4,Russian bombers 'intercepted in British airspace' ,edition.cnn.com,http://edition.cnn.com/2010/WORLD/europe/03/25/russia.uk.intercepts/index.html?eref=ft
2010-03-26,13:09:33,bif5t,3,"Nearly 300 members of Congress signed declaration reaffirming their commitment to US-Israel bond, in wake of Obama admin tensions with Israel. ",haaretz.com,http://www.haaretz.com/hasen/spages/1159159.html?
2010-03-26,16:43:20,bihhi,3,Palestinian student: Israel Border Police beat me for hours ,haaretz.com,http://haaretz.com/hasen/spages/1159294.html
2010-03-27,00:08:35,bin4f,3,Saudi arrests boost threat to oil industry,upi.com,http://www.upi.com/Science_News/Resource-Wars/2010/03/25/Saudi-arrests-boost-threat-to-oil-industry/UPI-48451269536571/
2010-03-26,23:44:35,bimqn,4,Gulf of Tonkin / U.S.S Maine 2.0 or the real deal ?,alertnet.org,http://www.alertnet.org/thenews/newsdesk/SGE62P0GW.htm
2010-03-26,13:29:39,bifdy,2,China Attempts To Set Censorship Rules For Media (aka DO NOT go in favor of Google),canadiantechblogger.com,http://canadiantechblogger.com/2010/03/25/china-attempts-to-set-censorship-rules-for-media/
2010-03-26,22:57:19,bim00,4,That's Convenient: Only God Can Fire Pope Benedict After Scandals,abcnews.go.com,http://abcnews.go.com/Blotter/pope-benedict-fired-growing-sex-abuse-cover-ups/story?id=10200682
2010-03-26,13:29:23,bifdw,1,Separate and Unequal in Israel. Our tax dollars support this racist bullshit. (video),vimeo.com,http://vimeo.com/10302596
