2010-05-09,04:07:01,c1je9,805,Polish pop star faces two years' prison for blasphemy; made negative statement about the Bible in TV interview.,palibandaily.com,http://www.palibandaily.com/2010/05/08/polish-pop-star-faces-two-years-prison-for-blasphemy/
2010-05-09,23:20:30,c1r9l,193,Whistleblowing Swedish model sought by Indian police,thelocal.se,http://www.thelocal.se/26544/20100509/
2010-05-10,06:58:08,c1vbg,62,2nd blast hits Russian mine - contact lost with rescuers...,english.aljazeera.net,http://english.aljazeera.net/news/europe/2010/05/2010590345574291.html
2010-05-10,06:33:41,c1v4l,50,Man arrested at Karachi airport with batteries and electrical circuit found in shoes.,news.bbc.co.uk,http://news.bbc.co.uk/2/hi/south_asia/8671483.stm
2010-05-10,01:27:24,c1sdr,49,"12 dead, 83 trapped in Russia mine after blasts",cnn.com,http://www.cnn.com/2010/WORLD/europe/05/09/russia.mine.blast/?hpt=T2
2010-05-10,00:34:51,c1rx6,41,"I find it really hard to believe the japanese govt.: ""We hunt whales for Science!"" when I see articles like this.. ",news.yahoo.com,http://news.yahoo.com/s/ap/20100509/ap_en_mo/as_japan_dolphin_hunt_mercury
2010-05-09,15:20:12,c1oeq,34,Israel's 'security measures' - don't make me laugh  - ,haaretz.com,http://www.haaretz.com/print-edition/opinion/israel-s-security-measures-don-t-make-me-laugh-1.289150
2010-05-09,18:14:11,c1pg8,34,Tory-Lib Dem coalition threatened by secret hardline memo on Europe,guardian.co.uk,http://www.guardian.co.uk/politics/2010/may/09/liberal-democrat-tory-coalition-threatened-eurosceptic
2010-05-09,15:35:12,c1oih,30,Strong Earthquake Hits off Coast of Sumatra (again),mediacaffeine.com,http://mediacaffeine.com/perspectives/environmental/strong-earthquake-hits-off-coast-of-sumatra-again/
2010-05-10,05:47:44,c1ur6,25,Chinese workers exposed to hazardous chemicals while working on iPhones. Apple to blame?,theage.com.au,http://www.theage.com.au/technology/technology-news/chinese-workers-poisoned-while-making-your-latest-gadget-20100508-ul00.html
2010-05-09,19:15:26,c1pqn,27,Costa Rica inaugurates new president: Laura Chinchilla,news.yahoo.com,http://news.yahoo.com/s/ap/20100509/ap_on_re_la_am_ca/lt_costa_rica_inauguration
2010-05-09,11:30:07,c1mta,22,"Hey reddit, don't forget to celebrate Nazi defeat tonight! The Moscow Victory Day (День Победы) Parade begins at 2AM EST. Includes foreign contingents, ICBM launchers, Vintage tanks, planes, and a horse.",rt.com,http://rt.com/Top_News/2010-05-09/victory-parade-international-live.html
2010-05-09,08:13:17,c1lg6,24,Pope accepts resignation of German bishop in sex probe | Reuters,reuters.com,http://www.reuters.com/article/idUSTRE6470UU20100508
2010-05-10,07:04:59,c1vdn,19,Mossad agent in Dubai assassination also wanted in New Zealand,intelligencenews.wordpress.com,http://intelligencenews.wordpress.com/2010/05/07/02-311/
2010-05-09,10:00:04,c1m6i,14,"Questions about the UK election aftermath from an ""ignorant American""",self.worldnews,https://www.reddit.com/r/worldnews/comments/c1m6i/questions_about_the_uk_election_aftermath_from_an/
2010-05-10,07:57:56,c1vr5,15,Philippines faces election failure,links.org.au,http://links.org.au/node/1673
2010-05-09,15:25:49,c1og5,15,"Magnitude 7.4 earthquake hits near Indonesia's Aceh, tsunami alert issued",news.bbc.co.uk,http://news.bbc.co.uk/1/hi/world/asia-pacific/8670593.stm
2010-05-09,13:45:00,c1nqa,13,Five headless bodies found near Acapulco ,news.blogs.cnn.com,http://news.blogs.cnn.com/2010/05/08/five-headless-bodies-found-near-acapulco/?hpt=T2
2010-05-09,12:15:24,c1n5a,13,"The blast “took out all of the interior walls where everyone was hanging out having -- I am not making this up -- a party to celebrate seven years of accident-free work on this rig,” the transcript said.",theglobeandmail.com,http://www.theglobeandmail.com/news/world/americas/rig-survivors-recall-deadly-blast/article1561647/
2010-05-09,09:10:42,c1lun,11,Chavez rockets to No. 1 on Twitter in Venezuela,google.com,http://www.google.com/hostednews/ap/article/ALeqM5hSnzResMqLJ2qB_g3x8VJ8iXfrDAD9FIQD7O1
2010-05-09,18:36:04,c1pka,8,Man stabs eight to death in latest China killings,independent.co.uk,http://www.independent.co.uk/news/world/asia/man-stabs-eight-to-death-in-latest-china-killings-1969792.html
2010-05-09,18:33:26,c1pjw,8,Air travel hit as volcano hurls up new ash cloud.  It has forced the closure of airports in Spain and Portugal.,timesonline.co.uk,http://www.timesonline.co.uk/tol/travel/news/article7120697.ece
2010-05-10,02:34:40,c1szw,9,Britain last had a hung parliament in March 1974 -- This is how The Economist greeted its arrival,economist.com,http://www.economist.com/displayStory.cfm?story_id=16082531&source=hptextfeature
2010-05-09,12:32:47,c1n9r,10,"Coal mine explosion in Russia kills 12, traps dozens",edition.cnn.com,http://edition.cnn.com/2010/WORLD/europe/05/08/russia.mine.blast/?hpt=T2
2010-05-09,19:58:57,c1py4,7,"NADINE DORRIES, the Conservative MP, faces the first expenses complaint of the new parliament after a row about a £10,000 claim she paid to a friend’s company.",timesonline.co.uk,http://www.timesonline.co.uk/tol/news/politics/article7120750.ece
2010-05-09,17:09:14,c1p2y,8,An Expatriate Filipino Writes of a Parallel Life ,nytimes.com,http://www.nytimes.com/2010/05/09/world/asia/09syjuco.html?hp
2010-05-09,11:28:51,c1mt3,6,UK Election 2010 - Made in Taiwan,news.bbc.co.uk,http://news.bbc.co.uk/2/hi/programmes/newsnight/8670297.stm
2010-05-09,10:36:19,c1mfl,4,"They were only too prepared to live well at someone else’s expense. They did not understand, or did not want to understand, that if there were justice in the world, they would be worse rather than better off.",city-journal.org,http://www.city-journal.org/printable.php?id=6188
2010-05-10,05:29:50,c1ulw,4,Cuba suffers exodus of the best and the brightest as economy remains in the doldrums,guardian.co.uk,http://www.guardian.co.uk/world/2010/may/09/cuba-raul-castro-emigration
2010-05-09,22:20:36,c1qta,3,Why Pakistan Produces Jihadists - the Pan-Islamist agenda. ,online.wsj.com,http://online.wsj.com/article/SB10001424052748703866704575223832888768098.html#articleTabs%3Darticle
