2010-07-08,07:24:52,cn1zq,805,CNN Drops 20-year-veteran news editor after twitter post mourning the death of pro-women's rights Hezbollah leader.,mediadecoder.blogs.nytimes.com,http://mediadecoder.blogs.nytimes.com/2010/07/07/cnn-drops-editor-after-hezbollah-comments/?hp
2010-07-08,08:39:06,cn2sq,599,"With 6 countries imposing the death penalty on gay people and 80 making gay sex illegal, British judges say gay refugees must get asylum",guardian.co.uk,http://www.guardian.co.uk/world/2010/jul/07/gay-refugees-asylum-seekers
2010-07-08,17:01:41,cn7cn,108,"Irish block EU plan to allow data transfer to Israel - 
The Irish Times - Thu, Jul 08, 2010",irishtimes.com,http://www.irishtimes.com/newspaper/world/2010/0708/1224274266971.html
2010-07-09,07:07:53,cngpq,71,"Obama orders investigation of Turkish aid foundation after Israeli peace activist slaughter - The United States is investigating whether to add the Turkish Humanitarian Relief Foundation, or İHH, to its official list of terrorist organizations.",hurriyetdailynews.com,http://www.hurriyetdailynews.com/n.php?n=us-to-examine-turkish-aid-foundation-2010-07-08
2010-07-09,02:08:50,cncre,53,"UK treasure hunter finds 52,000 Roman coins",news.yahoo.com,http://news.yahoo.com/s/ap/20100708/ap_on_re_eu/eu_britain_roman_coins
2010-07-09,01:02:12,cnbwh,40,A penguin has been found wandering the streets of Dublin after she was stolen from the zoo in a suspected prank.,news.bbc.co.uk,http://news.bbc.co.uk/1/hi/northern_ireland/10560178.stm
2010-07-08,22:30:57,cna2g,35,BBC News - Three held in Norway 'al-Qaeda bomb plot',news.bbc.co.uk,http://news.bbc.co.uk/2/hi/world/europe/10554523.stm
2010-07-09,00:43:49,cnbo6,29,"As many of you may know, The Pirate Bay is down, here is the reason.",dailytech.com,http://www.dailytech.com/Pirate+Bay+Hacked+4+Million+User+Records+Looted+Site+Is+Down/article18978.htm
2010-07-08,21:40:29,cn9is,25,"4,300-year-old tombs found in Egypt",jpost.com,http://www.jpost.com/MiddleEast/Article.aspx?id=180825&reddit=jpost
2010-07-09,02:41:26,cnd7l,25,Controversy over South Korea's sunken ship - Physicists' research casts doubt on idea that North Korean torpedo downed vessel,nature.com,http://www.nature.com/news/2010/100708/full/news.2010.343.html
2010-07-08,23:15:33,cnals,20,"AARP on Iran's health care system: ""That system has eliminated
health disparities between rural and urban populations over the last 30
years, reducing infant mortality in rural areas by tenfold.""",aarp.org,http://www.aarp.org/health/doctors-hospitals/info-06-2010/iranian_cure_for_thedeltas_blues.print.html
2010-07-09,00:47:54,cnbqb,22,"If Earth stopped spinning, how would land, water reconfigure in absence of centrifugal force? Computer simulation supplies answer: one equatorial megacontinent, two great polar oceans",esri.com,http://www.esri.com/news/arcuser/0610/nospin.html
2010-07-09,01:47:55,cncic,21,Chinese Firm Drops Local IQ Standards for U.S. Hires,dailytech.com,http://www.dailytech.com/article.aspx?newsid=18974
2010-07-09,03:53:15,cne8r,17,Iranian woman condemned to be stoned receives reprieve.,guardian.co.uk,http://www.guardian.co.uk/world/2010/jul/08/iran-halts-woman-death-stoning
2010-07-09,04:40:53,cneva,17,Fox Plans Arabic News Channel,theatlanticwire.com,http://www.theatlanticwire.com/features/view/feature/Fox-Plans-Arabic-News-Channel-1558
2010-07-08,19:39:01,cn8ic,19,"Poverty among Holocaust victims in Israel is something of a dirty secret and there's a sense of bitterness and betrayal: ""We helped found the state of Israel and built it. They should make our final years better""",kansascity.com,http://www.kansascity.com/2010/07/07/2068004/in-israel-some-holocaust-survivors.html
2010-07-09,00:30:21,cnbi0,13,"Britain condemns planned stoning to death for adultery of a woman in Iran: ""stoning is a medieval punishment that has no place in the modern world""",google.com,http://www.google.com/hostednews/afp/article/ALeqM5hjVdkvkzicGeInqw2R10rCKrqs3A
2010-07-09,05:55:24,cnfvw,13,"Afghanistan: Now it's America's war - There is little doubt that the new British Government would like to bring the troops back from a war it has inherited, and one which is proving increasingly costly in both human and financial terms.",independent.co.uk,http://www.independent.co.uk/news/uk/home-news/afghanistan-now-its-americas-war-2021218.html
2010-07-09,04:24:36,cnen7,14,"Iran halts woman's death by stoning - but she could still face death penalty, and 12 other women still face death by stoning",guardian.co.uk,http://www.guardian.co.uk/world/2010/jul/08/iran-halts-woman-death-stoning?utm_source=twitterfeed&utm_medium=twitter
2010-07-09,00:47:18,cnbpy,12,"The Corruption Hunter Network form club: Sounds like a band of comic-book superheroes, but they are real  prosecutors and investigators who fight governmental and institutional wrongdoing world-wide",online.wsj.com,http://online.wsj.com/article/SB10001424052748704067504575305200456314876.html
2010-07-08,21:26:53,cn9dr,12,European Parliament approves sending European citizens' financial data to U.S. authorities as part of the Terrorist Finance Tracking Program,pcworld.com,http://www.pcworld.com/businesscenter/article/200684/europe_votes_to_send_secret_bank_data_to_us_authorities.html
2010-07-08,10:59:27,cn45m,11,Cuba Releasing 1/3 of Country's Political Prisoners!,nytimes.com,http://www.nytimes.com/2010/07/08/world/americas/08cuba.html?_r=1&hp
2010-07-08,23:46:52,cnayk,8,Russia Frees Scientist in Exchange for the Russian spy Anna Chapman,nytimes.com,http://www.nytimes.com/2010/07/09/world/europe/09russia.html?src=mv
2010-07-09,03:26:54,cndv4,9,U.S. Contractors Are Failing To Pay Afghans And 'Fueling The Insurgency',huffingtonpost.com,http://www.huffingtonpost.com/2010/07/08/us-contractors-are-failin_n_639470.html
2010-07-08,11:17:55,cn4bw,9,Former Australian police commissioner says there is little reason to protect the privacy of young people because they do not care about it themselves.,theage.com.au,http://www.theage.com.au/technology/a-victory-for-privacy-over-world-of-surveillance-20100706-zz70.html?s=unleashed26
2010-07-08,20:32:46,cn8xy,9,How Kim Jong-il Ruined World Cup Propaganda Push for Heir,english.chosun.com,http://english.chosun.com/site/data/html_dir/2010/07/08/2010070801134.html
2010-07-09,05:08:04,cnfab,6,"I just read a National Geographic article about the inherent dangers of using oil, which is not only limited and running out, but which is mainly found in the Middle East and under the sea floor. It was written in 1974.",self.worldnews,https://www.reddit.com/r/worldnews/comments/cnfab/i_just_read_a_national_geographic_article_about/
2010-07-09,03:09:18,cndlg,6,"'Near-riot' in the sky as delayed flyers miss World Cup semifinal - Aircraft unable to land at Durban because of private planes clogging King Shaka airport - Paris Hilton: ""Back in Johannesberg [sic] already. Shortest flight ever. Only 15 minutes.""",guardian.co.uk,http://www.guardian.co.uk/football/2010/jul/08/world-cup-passengers-plane-riot
2010-07-09,04:19:14,cnekg,7,Brawl breaks out in Taiwan parliament,news.bbc.co.uk,http://news.bbc.co.uk/1/hi/world/asia_pacific/10557861.stm
2010-07-09,05:15:23,cnfe0,9,West Papua's fighters—struggling for independence from Indonesian colonizers and American mining companies,economist.com,http://www.economist.com/node/16524650
