2010-09-24,21:27:34,diak1,449,British Queen 'tried to use state poverty fund to heat Buckingham Palace',independent.co.uk,http://www.independent.co.uk/news/uk/home-news/queen-tried-to-use-state-poverty-fund-to-heat-buckingham-palace-2088179.html
2010-09-24,05:33:28,di0bj,286,"Ahmadinejad gives controversial UN speech, stating that some saw the 9/11 terrorist attacks as part of a US conspiracy to protect Israel. Result: US and other Western delegations walk out in protest.",bbc.co.uk,http://www.bbc.co.uk/news/world-middle-east-11402101
2010-09-24,20:52:28,dia89,215,"Israeli navy kills Gaza fisherman: As the Palestinian fisherman's boat approached the limits of waters where Israel permits Palestinian maritime traffic (as a result of Israel's naval blockade of Gaza), an Israel military boat open fire on the small fishing vessel.",haaretz.com,http://www.haaretz.com/news/diplomacy-defense/israeli-navy-kills-gaza-fisherman-palestinians-say-1.315489
2010-09-24,06:25:54,di14n,195,The US and other Western delegations at the UN General Assembly walk out in protest as Iranian President Mahmoud Ahmadinejad questions the events of 9/11.,wn.com,http://wn.com/President_Mahmoud_Ahmadinejad_At_The_UN
2010-09-24,06:31:54,di17y,194,"5 die in Mozambique drinking contest - The deaths occurred ""in the different stages"" of a competition to see who could finish off five bottles of brandy fastest, reported Noticias newspaper.
",news24.com,http://www.news24.com/Africa/News/5-die-in-Mozambique-drinking-contest-20100923
2010-09-24,22:25:09,dib8x,166,France Starts Reporting 'Millions' of File-Sharers,torrentfreak.com,http://torrentfreak.com/france-starts-reporting-millions-of-file-sharers-100921/
2010-09-24,21:28:20,diak8,121,"Is Gideon Levy the most hated man in Israel or just the most heroic? - For three decades, the writer and journalist Gideon Levy has been a lone voice, telling his readers the truth about what goes on in the Occupied Territories.",independent.co.uk,http://www.independent.co.uk/news/world/middle-east/is-gideon-levy-the-most-hated-man-in-israel-or-just-the-most-heroic-2087909.html
2010-09-25,01:30:26,die0y,116,Scenes from China - The Big Picture [pics],boston.com,http://www.boston.com/bigpicture/2010/09/scenes_from_china.html
2010-09-25,00:14:45,dict1,85,"Half of Romanians 'Yearn for Communist Past' - Forty-nine per cent said their life was better before December 1989, with a higher standard of living and job security being given as the main arguments, according to the poll.",balkaninsight.com,http://www.balkaninsight.com/en/main/news/30738/
2010-09-25,00:36:08,did5b,73,Voters tried to use SQL-injection to sabotage Swedish election.,translate.google.se,http://translate.google.se/translate?js=n&prev=_t&hl=en&ie=UTF-8&layout=2&eotf=1&sl=sv&tl=en&u=http://svt.se/2.128339/1.2162040/forsokte_hacka_valet_med_rostsedlar
2010-09-24,10:28:36,di493,68,Handyman jailed for planting child pornography on his boss's computer in an attempt to get him fired and get a promotion,bbc.co.uk,http://www.bbc.co.uk/news/uk-england-london-11397515
2010-09-25,00:59:59,didjc,49,Iranian president: 9/11 was a U.S. conspiracy,voices.washingtonpost.com,http://voices.washingtonpost.com/checkpoint-washington/2010/09/iranian_president_911_was_a_us.html?sid=ST2010092305731
2010-09-24,11:55:39,di56p,44,"While Nicaragua was on holiday, the Sandinista government of Daniel Ortega reprinted the Constitution. It now includes a law that was left dead 20 years ago.",csmonitor.com,http://www.csmonitor.com/World/Americas/2010/0921/Nicaragua-wakes-up-to-Daniel-Ortega-s-new-Sandinista-Constitution
2010-09-25,01:27:06,didzd,42,"DR Congo mass rape ""defies belief"", says UN",bbc.co.uk,http://www.bbc.co.uk/news/world-africa-11407180
2010-09-25,06:42:32,diing,38,Breaking News: Toddler killed by tear gas in East Jerusalem,maannews.net,http://www.maannews.net/eng/ViewDetails.aspx?ID=317702
2010-09-25,04:51:38,dih4y,35,"Will the meeting in Rome result in action against food speculation?  The idea that speculating on food prices has become a way for western financial institutions to make money at the cost of lives is abhorrent
",guardian.co.uk,http://www.guardian.co.uk/global-development/poverty-matters/2010/sep/24/food-speculation-olivier-de-schutter
2010-09-24,17:18:59,di8gz,27,China denies ban on rare earth metals to Japan.,chinadaily.com.cn,http://www.chinadaily.com.cn/bizchina/2010-09/24/content_11340506.htm
2010-09-25,02:58:52,difi4,22,"Mexican Journalists Flee Drug War, Seek Asylum - The war has claimed more than 28,000 lives and has become one of the most dangerous stories in the world. Some journalists have taken the ultimate step: fleeing to the US to seek political asylum.",npr.org,http://www.npr.org/templates/story/story.php?storyId=130087939
2010-09-24,15:54:36,di7qz,16,"King Abdullah II of Jordan on TheDaily Show with Jon Stewart | ""If peace talks fail, expect war by the end of the year.""",thedailyshow.com,http://www.thedailyshow.com/full-episodes/thu-september-23-2010-king-abdullah-ii-of-jordan
2010-09-25,01:39:04,die5t,16,"Thursday  September 23, 2010's editition of The Daily Show the had  King Abdullah II of Jordan
King Abdullah II of Jordan believes Iran has taken away the moderate voice by hijacking the Israeli-Palestinian issue. ",thedailyshow.com,http://www.thedailyshow.com/watch/thu-september-23-2010/king-abdullah-ii-of-jordan
2010-09-25,01:10:48,didqa,14,"Playing Beethoven in Kinshasa - In the Congolese capital Kinshasa, just surviving is hard enough. But one group of people spends hours traveling across town to sit in a sweltering compound and practice Handel.",spiegel.de,"http://www.spiegel.de/international/world/0,1518,719276,00.html"
2010-09-24,09:56:57,di3vr,14,What could possibly go wrong?,bbc.co.uk,http://www.bbc.co.uk/news/world-11381773
2010-09-24,18:44:22,di96q,13,Australians will finally get to hear from David Hicks in a tell-all memoir despite the possible imposition of proceeds of crime laws.,abc.net.au,http://www.abc.net.au/news/stories/2010/09/24/3021506.htm
2010-09-25,07:35:16,dij8f,14,"Revealing Wilde letters sold for £30,000",independent.co.uk,http://www.independent.co.uk/news/people/news/revealing-wilde-letters-sold-for-30000-2088751.html
2010-09-25,06:26:05,diifv,11,"The Pirates Are Winning! - Pirate economy so big, entrenched, popular, that it would have captured the state, if only there were a state in Somalia to be captured 

 by Jeffrey Gettleman | The New York Review of Books",nybooks.com,http://www.nybooks.com/articles/archives/2010/oct/14/pirates-are-winning/?pagination=false
2010-09-25,05:03:55,dihbf,11,"Colombian President: ""As long as yuppies on Fifth Avenue continue to snort coke, we will have problems.""",pbs.org,http://www.pbs.org/newshour/rundown/2010/09/colombia.html
2010-09-25,00:26:48,diczw,9,Debacle in New Delhi,foreignpolicy.com,http://www.foreignpolicy.com/articles/2010/09/22/debacle_in_new_delhi?page=full
2010-09-25,02:22:18,dievu,8,US-Vietnam nuclear deal has experts divided,dw-world.de,"http://www.dw-world.de/dw/article/0,,6042549,00.html"
2010-09-25,06:40:00,diim9,8,Rampant market speculation of food commodities leading to a new world food crisis,guardian.co.uk,http://www.guardian.co.uk/environment/2010/sep/24/food-crisis-un-emergency-meeting-rome
2010-09-25,03:13:33,difph,8,Rising suicide rate baffles Greenland,blogs.aljazeera.net,http://blogs.aljazeera.net/europe/2010/09/23/rising-suicide-rate-baffles-greenland
