2010-06-24,08:38:23,cicew,787,First female Prime Minister of Australia,smh.com.au,http://www.smh.com.au/national/gillard--to-become-australias-first-female-prime-minister-as-rudd-stands-aside-20100624-yzvw.html?autostart=1
2010-06-24,18:59:44,cihqr,631,"Cash-strapped North Korea has demanded the United States pay almost $US65 trillion ($75 trillion) in compensation for six decades of hostility.

LMAO...",abc.net.au,http://www.abc.net.au/news/stories/2010/06/24/2936414.htm
2010-06-24,22:21:03,cijg8,117,"How Canadian Heritage Minister Lied About Calling DMCA Critics ""Radical Extremists""",michaelgeist.ca,http://www.michaelgeist.ca/content/view/5142/125/
2010-06-25,06:24:28,cipjt,69,"Early Britons, 16,000 years ago, were cannibals, using sophisticated butchering techniques to strip flesh from the bones of men, women and children ",guardian.co.uk,http://www.guardian.co.uk/science/2010/jun/20/ice-age-cannibals-britain-earliest-settlers
2010-06-25,07:16:32,ciq3z,65,"Why the Irish Support Palestine: Once upon a time, Ireland was a huge supporter of Jewish aspirations in the Promised Land. What happened?",foreignpolicy.com,http://www.foreignpolicy.com/articles/2010/06/23/why_the_irish_support_palestine
2010-06-24,21:15:29,ciiru,65,"""One reason why Israel is singled out for so much attention is because its supporters are so very vociferous, pushing their agenda at every opportunity...Another reason for my disproportionate interest in this conflict is that I feel I have been lied to",guardian.co.uk,http://www.guardian.co.uk/commentisfree/2010/jun/22/obsession-israel-palestinians-conflict?
2010-06-24,19:19:29,cihvu,39,Why Palestinians are second-class citizens in Lebanon,guardian.co.uk,http://www.guardian.co.uk/commentisfree/2010/jun/24/middleeast-palestinian-territories
2010-06-25,05:16:42,cios7,36,"And this is why I sometimes give up hope on the human race. We love eating tuna, so we will kill the tuna.",nytimes.com,http://www.nytimes.com/2010/06/27/magazine/27Tuna-t.html
2010-06-24,22:31:11,cijkn,27,European MPs to Israel: Lift Gaza blockade completely,haaretz.com,http://www.haaretz.com/news/diplomacy-defense/european-mps-to-israel-lift-gaza-blockade-completely-1.298107
2010-06-24,22:45:40,cijqa,25,French Strike Over Plans to Raise Retirement Age,nytimes.com,http://www.nytimes.com/aponline/2010/06/24/world/europe/AP-EU-France-Retirement-Strike.html?_r=1&partner=rss&emc=rss
2010-06-25,01:34:17,cilup,27,"North Korean leader, Kim Jong Il, blamed for Cup loss",upi.com,http://www.upi.com/Top_News/US/2010/06/23/North-Korean-leader-blamed-for-Cup-loss/UPI-96271277345977/
2010-06-25,04:48:38,ciofg,19,"Police raid the headquarters of the Catholic Church in Belgium - ""police sources say church has been withholding information from its independent inquiry into sex abuse scandal.""",guardian.co.uk,http://www.guardian.co.uk/world/2010/jun/24/belgium-catholic-church-sex-claims
2010-06-24,20:28:58,ciiel,16,Police raided the headquarters of the Belgian Catholic church following accusations of pedophilia involving Church figures,timesofindia.indiatimes.com,http://timesofindia.indiatimes.com/world/europe/Police-raid-Belgian-Catholic-church-HQ-in-paedophile-probe-/articleshow/6086522.cms
2010-06-24,16:57:51,cigw2,17,"Venezuela says to nationalize 11 oil drills belonging to U.S. company, says minister",news.xinhuanet.com,http://news.xinhuanet.com/english2010/world/2010-06/24/c_13367023.htm
2010-06-25,00:00:36,ciknq,15,"Kyrgyzstan: Is the West worried enough?
",globalpost.com,http://www.globalpost.com/dispatch/100622/kyrgyzstan-bishkek-referendum
2010-06-25,03:58:19,cinrm,12,Report: U.S. hikers seized by Iranian police in Iraqi territory ,cnn.com,http://www.cnn.com/2010/WORLD/meast/06/24/iran.hikers/
2010-06-24,13:44:21,cifbx,13,"ACTA treaty would interfere with citizens' fundamental rights and liberties, increase border searches and disconnect people from the Internet",wcl.american.edu,http://www.wcl.american.edu/pijip/go/acta-communique
2010-06-24,20:22:39,ciicq,8,For all those who don’t know what BP did to Planet Earth.,livesecureteam.com,http://livesecureteam.com/for-all-those-who-don%E2%80%99t-know-what-bp-did-to-planet-earth/
2010-06-24,21:43:52,cij0w,8,"4 More British soldiers die, in Afghan crash",abc.net.au,http://www.abc.net.au/news/stories/2010/06/24/2936516.htm?section=justin
2010-06-24,11:36:54,cie2p,6,Spanish train kills 12 festival goers crossing the tracks near Barcelona. At least 13 others were injured.,news.bbc.co.uk,http://news.bbc.co.uk/1/hi/world/europe/10399126.stm
2010-06-24,22:24:19,cijhp,7,Five Americans Found Guilty In Pakistan Of Terrorism,npr.org,http://www.npr.org/templates/story/story.php?storyId=128074475
2010-06-24,21:47:19,cij22,5,"Does Germany's savings plan threaten to disrupt the fragile economic recovery in Europe and elsewhere in the world? On Thursday morning, German Chancellor Angela Merkel said she had rejected such criticism from US President Barack Obama. -""I don't think we should relent""",spiegel.de,"http://www.spiegel.de/international/germany/0,1518,702579,00.html"
2010-06-25,03:34:18,cingi,6,"Israeli Prof Amitai Etzioni Urges Obama To Bomb Iran - He maintains that President Obama's attempts at dialogue have failed, and drastic steps must be taken to prevent the U.S. losing its Middle East dominance to Tehran.",haaretz.com,http://www.haaretz.com/blogs/focus-u-s-a/focus-u-s-a-the-u-s-will-have-to-confront-iran-or-give-up-the-middle-east-1.297931
2010-06-24,23:29:28,cika2,8,Belgian Catholic offices raided in sex abuse probe,news.bbc.co.uk,http://news.bbc.co.uk/2/hi/world/europe/10403961.stm
2010-06-25,00:35:47,cil2m,7,Kyrgyzstan's security agency says Islamist groups were behind recent peace activism,google.com,http://www.google.com/hostednews/ap/article/ALeqM5hbaJ4FKRgvRUjqmBoyfYUmpG0vJgD9GHL4V00
2010-06-25,00:06:14,cikq3,6,"Venezuelan Land Law Reform Promises ""Land for Those Who Work on It"". ""The Venezuelan Nat'l Assembly passed a reform to the Land Law which increases the ability of landless tenant farmers to obtain land and strengthens the state’s power to convert large, idle estates into food producers.""",venezuelanalysis.com,http://venezuelanalysis.com/news/5432
2010-06-25,04:01:34,cinsz,5,"Pakistan has sentenced five American citizens to up 
to 10 years for contacting anti-government fighters 
and plotting attacks in the country.",english.aljazeera.net,http://english.aljazeera.net/news/asia/2010/06/201062483033147176.html
2010-06-24,09:16:10,cicrx,5,"Le Monde has run out of cash.  It will close in a few weeks. 

",mondaynote.com,http://www.mondaynote.com/2010/06/20/le-monde-on-the-brink/?utm_source=feedburner&utm_medium=feed&utm_campaign=Feed%3A+monday-note+%28Monday+Note%29
2010-06-24,15:56:44,cigeh,4,New Australian PM announces her cabinet. Retains pro-censorship communications minister.,self.worldnews,https://www.reddit.com/r/worldnews/comments/cigeh/new_australian_pm_announces_her_cabinet_retains/
2010-06-25,04:36:38,cio9u,3,[Toronto] Man arrested in G20 traffic zone with weapons including a chainsaw and crossbow as well as fuel canisters.,thestar.com,http://www.thestar.com/news/gta/torontog20summit/article/828039--man-53-arrested-in-g20-traffic-zone-with-chainsaw-crossbow?bn=1
