2010-03-08,08:55:39,bagco,953,"Almost four in five people worldwide see internet 
access as fundamental right",news.bbc.co.uk,http://news.bbc.co.uk/2/hi/technology/8548190.stm
2010-03-08,19:23:36,bameb,566,"Japan says won't comply with bluefin tuna ban
",reuters.com,http://www.reuters.com/article/idUSTRE62329620100304
2010-03-08,11:29:39,bahpa,79,"Nigeria: Muslims Attack Christian Village, 300 Hacked to Death Including Women and Children With Machetes...",reuters.com,http://www.reuters.com/article/idUSTRE6260X420100307
2010-03-09,00:06:26,bapqb,64,Muslim herdsmen armed with guns and machetes attacked three Christian villages outside Jos. More than 120 dead,latimes.com,"http://www.latimes.com/news/nation-and-world/la-fg-nigeria-violence8-2010mar08,0,838349.story?track=rss&utm_source=feedburner&utm_medium=feed&utm_campaign=Feed%3A+latimes%2Fmostviewed+%28L.A.+Times+-+Most+Viewed+Stories%29"
2010-03-08,04:46:21,baedp,61,Muslim leader calls for elements of sharia family law to be introduced in Australia,smh.com.au,http://www.smh.com.au/national/muslim-leader-wants-elements-of-sharia-in-australia-20100307-pqlo.html
2010-03-09,06:26:15,bausp,57,"Iceland voters reject debt deal with Britain and the Netherlands. ""I voted no. We have to send a message that these countries are not going to profit from this situation."" ",news.yahoo.com,http://news.yahoo.com/s/ap/20100306/ap_on_bi_ge/eu_iceland_financial_crisis
2010-03-09,05:34:02,bau8z,55,"Revealed: Nazi spy duped by failed actor in ‘Monty’s Double’ hoax - In 1944 a washed-up, boozy Australian actor named Meyrick Clifton James experienced one of the oddest career revivals in history...",timesonline.co.uk,http://www.timesonline.co.uk/tol/news/uk/article7053190.ece
2010-03-09,02:50:27,bas6a,45,"Here in the UK we have the worlds largest DNA database, with 1 in 10 of the population included in it. That must be quite effective I hear you say. Well actually fewer than one in every 1,300 crimes is solved using it, I would have to reply.",telegraph.co.uk,http://www.telegraph.co.uk/news/newstopics/politics/lawandorder/7398316/Just-one-in-1300-crimes-solved-with-individual-DNA-profiles.html
2010-03-08,16:41:23,baku9,39,Five-Hundred People Slaughter in Religious Clashes in Nigeria,news.bbc.co.uk,http://news.bbc.co.uk/2/hi/africa/8555018.stm
2010-03-08,12:16:26,bai6c,34,"A tribe in India is going through similar oppression to the Na'vi in Avatar... and they've appealed to James Cameron for help because ""he will understand.""",guardian.co.uk,http://www.guardian.co.uk/business/2010/feb/08/dongria-kondh-help-stop-vedanta
2010-03-08,01:23:59,bacio,34,"On the same day that Gordon Brown insisted that the illegal Iraq war was the ""right"" thing to do, Lance Corporal Joe Glenton was sentenced to nine months imprisonment for refusing to return to Afghanistan to fight a war he believed to be unjustified and a senseless loss of life",stopwar.org.uk,http://stopwar.org.uk/content/view/1772/1/
2010-03-09,00:51:58,baqep,28,Turkey earthquake kills 51; scientists say earthquake frequency not rising,csmonitor.com,http://www.csmonitor.com/World/Global-News/2010/0308/Turkey-earthquake-kills-51-scientists-say-earthquake-frequency-not-rising
2010-03-09,01:56:44,barc9,24,"Israel is expected to unveil plans this week to build a nuclear power plant, reports say.",news.bbc.co.uk,http://news.bbc.co.uk/1/hi/world/middle_east/8556266.stm
2010-03-09,00:47:34,baqcs,25,Germany's ARD TV drama sparks Scientology's ire,thelocal.de,http://www.thelocal.de/society/20100308-25733.html
2010-03-08,16:59:02,bal02,20,"Turkish earthquake kills dozens
At least 38 people dead after magnitude 6 earthquake strikes east of country in early hours of morning",guardian.co.uk,http://www.guardian.co.uk/world/2010/mar/08/earthquake-turkey-okcular
2010-03-08,23:48:04,bapez,16,Vancouver man to sue makers of Academy Award-nominee Avatar,theprovince.com,http://www.theprovince.com/Vancouver+makers+Academy+Award+nominee+Avatar/2652801/story.html
2010-03-09,04:45:25,batps,16,"U.S. Eases Software Export Restrictions to Iran, Cuba and the Sudan",news.bbc.co.uk,http://news.bbc.co.uk/2/hi/americas/8556341.stm
2010-03-08,19:05:57,bam86,12,"The US sends two peace envoys, Israel sticks up two fingers.",guardian.co.uk,http://www.guardian.co.uk/world/2010/mar/08/israel-construction-settlement-west-bank
2010-03-09,03:30:17,basr7,14,BBC News - Mapping the growth of the internet,news.bbc.co.uk,http://news.bbc.co.uk/2/hi/technology/8552410.stm
2010-03-08,18:00:43,balju,12,"Turkey: ""homosexuality is a disease"", says Minister",ilmediterraneo.it,http://www.ilmediterraneo.it/english/news/human-rights/turchia-gli-omosessuali-malati-da-curare-0002972
2010-03-09,07:23:09,bavg9,11,Bad things happen when empires fall apart,timesonline.co.uk,http://www.timesonline.co.uk/tol/comment/columnists/guest_contributors/article7053138.ece
2010-03-09,07:01:58,bav7z,12,It's terror check chaos as dozens miss US flights,dailymail.co.uk,http://www.dailymail.co.uk/news/article-1255990/Its-terror-check-chaos-dozens-miss-US-flights.html
2010-03-09,01:59:59,bare1,11,"Buddhist Thailand: Islamists open fire on a father and his three daughters, killing him and a 7-year-old.",mysinchew.com,http://www.mysinchew.com/node/35801
2010-03-08,16:20:39,baknm,11,Third Hong Kong acid attack in six months,independent.co.uk,http://www.independent.co.uk/news/world/asia/third-hong-kong-acid-attack-in-six-months-1918054.html
2010-03-08,12:41:30,baifd,9,Blood Rubies: Are Your Dollars Propping Up Burma's Junta? ,motherjones.com,http://motherjones.com/politics/2010/03/burma-exploited-resources
2010-03-08,09:54:12,bagu7,10,Australia and NZ clash on whaling,abc.net.au,http://www.abc.net.au/news/stories/2010/03/08/2839188.htm?section=justin
2010-03-09,06:04:22,bauiv,10,"It never ends, does it? The United States and Iran, whose relations are fraught over Tehran's nuclear programme, have held a rare meeting where Washington said it was happy to work with Tehran on fighting drugs.",globalpost.com,http://www.globalpost.com/breaking-news/general/us-says-happy-work-iran-tackling-drugs
2010-03-08,23:59:09,baplu,9,The dollar loses ground versus euro as Sarkozy indicates  Greece's euro-zone partners ready to provide help if needed to avoid default. ,news.morningstar.com,http://news.morningstar.com/newsnet/ViewNews.aspx?article=/DJ/201003080720DOWJONESDJONLINE000153_univ.xml
2010-03-09,06:31:21,bauv2,7,Afghanistan to set up own Internet filter,ibtimes.com.au,http://ibtimes.com.au/articles/20100306/afghanistan-set-own-internet-filter-says-minister.htm
2010-03-08,15:40:13,bak9s,6,"Somali President writes to international community: ""Somalia is not a failed state""",guardian.co.uk,http://www.guardian.co.uk/commentisfree/2010/mar/07/somalia-failed-state-al-qaida
