2010-11-27,07:30:13,ec934,586,"Taliban: ""...[The Americans] have no right to tell us about democracy and human rights. That's an Afghan issue and it will be decided by the Afghans.
The Americans behave with arrogance ...They don't belong here. They are foreigners, outsiders.""",guardian.co.uk,http://www.guardian.co.uk/world/2010/nov/26/taliban-afghanistan-occupation
2010-11-27,08:20:01,ec9nw,239,"""In what could be a crucial development, state-owned newspapers in China have blamed North Korea for this week's attack; one even editorialised that North Korea could be a country without a future. The North may have gone too far this time. . . .""",abc.net.au,http://www.abc.net.au/news/stories/2010/11/27/3078142.htm
2010-11-28,06:19:54,ecm7j,156,"Nigeria raids Halliburton, arrest 12 in bribery case.",reuters.com,http://www.reuters.com/article/idUSTRE6AQ1SX20101127
2010-11-27,18:38:04,ecfq6,131,"Hitchens defeats Blair in religion debate: ""Is it good for the world to worship a deity that takes sides in wars and human affairs, to appeal to our fear and to our guilt - is it good for the world?""",independent.co.uk,http://www.independent.co.uk/opinion/faith/hitchens-defeats-blair-in-canadian-religion-debate-2145268.html
2010-11-27,21:32:12,ecgrl,126,"Canadian Senate pass government's crime bill, S-10, which institutes mandatory minimum sentences for a number of non-violent drug offenses, including a six-month sentence for growing five pot plants ",stopthedrugwar.org,http://stopthedrugwar.org/chronicle
2010-11-27,11:31:59,ecbsb,128,"""The segregation of Jews and Arabs in Israel of 2010 is almost absolute. For those of us who live here, it is something we take for granted. But visitors from abroad cannot believe their eyes: segregated education, segregated businesses, separate entertainment venues…""",haaretz.com,http://www.haaretz.com/print-edition/opinion/segregation-of-jews-and-arabs-in-2010-israel-is-almost-absolute-1.321728
2010-11-27,23:51:55,echv5,105,Thousands protest against Irish bailout | World news | guardian.co.uk,guardian.co.uk,http://www.guardian.co.uk/world/2010/nov/27/ireland-bailout-angry-demonstrators-dublin
2010-11-28,05:46:20,eclt2,91,"Former Miss Universe tweeted ""Tonight I want to ask you to join me in a prayer for peace, that these attacks between the Chinas do not make our situation worse.""",siliconrepublic.com,http://siliconrepublic.com/new-media/item/19270-backlash-prompts-former/
2010-11-27,23:20:35,echkm,71,China warns U.S. to stay out of it's economic zone. ,theage.com.au,http://www.theage.com.au/world/beijing-mute-as-korean-tensions-rise-20101127-18bb5.html
2010-11-27,19:27:58,ecg0c,66,The freeze being negotiated between the US and Israel is ultimately designed to legitimise illegal Jewish settlements.,english.aljazeera.net,http://english.aljazeera.net/indepth/2010/11/20101122111027298820.html
2010-11-27,19:16:15,ecfy4,62,"UK Police wants the power to shutdown websites: Lawyer ""deeply concerned"" about this proposal if it meant police could act before a conviction had been secured",bbc.co.uk,http://www.bbc.co.uk/news/technology-11845961
2010-11-28,04:43:08,ecl3k,55,From the classified disasters diverted file: Libya tried to blackmail the world with weapons-grade uranium last year. ,theatlantic.com,http://www.theatlantic.com/international/archive/2010/11/a-nuclear-standoff-with-libya/67076/
2010-11-27,20:58:46,ecgj9,33,Mining below Johannesburg left huge pit now rapidly filling with blood red water. Millions of gallons of the toxic water is rising at rate of 50 ft a month,latimes.com,"http://www.latimes.com/news/nationworld/world/la-fg-south-africa-water-20101126,0,807151.story"
2010-11-27,11:31:05,ecbrt,38,"US Diplomats say the person responsible for leaking the cables to Wikileaks has been arrested, according to Italy's Foreign Minister.
",vancouversun.com,http://www.vancouversun.com/news/World+braces+WikiLeaks+flood+cables/3888036/story.html
2010-11-27,18:44:18,ecfrg,28,South Korea Marines vow 'thousand-fold' revenge as protesters demand tougher response,gulfnews.com,http://gulfnews.com/news/world/other-world/south-korea-marines-vow-thousand-fold-revenge-1.719175
2010-11-27,20:05:24,ecg8a,29,North Korea accused South Korea of using civilians as human shields around artillery positions on an island attacked by the North,news.yahoo.com,http://news.yahoo.com/s/ap/20101127/ap_on_re_as/as_koreas_clash;_ylt=AhHaUp7rmCQE6kOCJiEboUlv24cA;_ylu=X3oDMTNpbTlyOGdnBGFzc2V0Ay9zL2FwLzIwMTAxMTI3L2FwX29uX3JlX2FzL2FzX2tvcmVhc19jbGFzaARjY29kZQNtcF9lY184XzEwBGNwb3MDMgRwb3MDMgRzZWMDeW5fdG9wX3N0b3JpZXMEc2xrA25rb3JlYWFjY3VzZQ--
2010-11-27,08:44:10,ec9xd,27,Study: More than 1 in 3 South African men admit to rape,android.usatoday.mlogic.mobi,http://android.usatoday.mlogic.mobi/detail.jsp?key=2218972&amp;rc=news
2010-11-27,21:48:10,ecgvq,24,"Reddit, can you help spread the news of this protest event to the US before December 7th? It´s pretty big in Europe but we need you guys in as well!",youtube.com,http://www.youtube.com/watch?v=onHDoF-jVaA&feature=player_embedded
2010-11-27,09:10:44,eca83,23,"Missing radioactive rods found by FedEx
",latimes.com,"http://www.latimes.com/news/nationworld/nation/la-na-fedex-radiation-20101127,0,3533320.story"
2010-11-27,08:43:36,ec9x4,22,Ipsos Reid poll: The world is deeply divided on the question of whether religion is a force for good in the world - Saudis agree but not the Swedish,cbc.ca,http://www.cbc.ca/canada/story/2010/11/26/religion-good-evil-poll-hitchens-blair.html
2010-11-28,04:12:29,eckqc,20,Chinese pupils trash dinner hall in protest at cost of meals ,guardian.co.uk,http://www.guardian.co.uk/world/2010/nov/26/chinese-pupils-trash-hall-protest-cost-meals
2010-11-27,08:45:22,ec9xy,20,Brazil police 'retake' Rio slum,english.aljazeera.net,http://english.aljazeera.net/news/americas/2010/11/2010112635513755848.html
2010-11-27,22:16:12,ech1t,15,"Portugal passes austerity budget as speculative attack on Spain intensifies. ""The European debt crisis intensified Friday, as speculators continued their latest attacks on Spain and Portugal. Meanwhile tensions rose between Germany and European officials over...""",wsws.org,http://www.wsws.org/articles/2010/nov2010/euro-n27.shtml
2010-11-27,16:58:08,ecf0x,14,US expecting 'worst case' Wikileaks release,self.worldnews,https://www.reddit.com/r/worldnews/comments/ecf0x/us_expecting_worst_case_wikileaks_release/
2010-11-27,09:31:33,ecag7,14,Rising food prices in China may indicate inflation. Even rice prices have skyrocketed in the China. Economists suspect that the Chinese government is not publicly recognizing inflation to avoid dealing with uneven income distribution in the country.,marketplace.publicradio.org,http://marketplace.publicradio.org/display/web/2010/11/26/pm-rising-food-prices-in-china-may-indicate-inflation/
2010-11-27,23:24:21,echli,14,"Haiti spirals into violence: Campaign teams attacked, journalists ambushed and murders have spiked ahead of Haiti elections",globalpost.com,http://www.globalpost.com/dispatch/the-americas/101124/haiti-election-violence
2010-11-28,07:54:57,ecnf3,13,Israeli police launch drive to fill ranks with settlers.,jkcook.net,http://www.jkcook.net/Articles3/0527.htm#Top
2010-11-27,23:11:46,echhj,11,Thousands protest against Irish bail out - Telegraph,telegraph.co.uk,http://www.telegraph.co.uk/news/worldnews/europe/ireland/8164714/Thousands-protest-against-Irish-bail-out.html
2010-11-27,23:28:21,echmr,12,Christopher Hitchens defeats Tony Blair: Staunch atheist wins over audience in debate with Catholic convert over whether religion is a force for good in the world,guardian.co.uk,http://www.guardian.co.uk/world/2010/nov/27/christopher-hitchens-tony-blair-debate
2010-11-27,23:00:35,eche0,8,North Korea accuses South of using 'human shields',bbc.co.uk,http://www.bbc.co.uk/news/world-asia-pacific-11853905
