2010-08-24,19:40:55,d4so1,1122,"There's a traffic jam in China that's 60 miles long and has already been going on for 10 days. ""It could last for weeks""",uk.asiancorrespondent.com,http://uk.asiancorrespondent.com/breakingnews/china-s-massive-traffic-jam-could-l.htm
2010-08-25,07:12:35,d50uy,709,"The Facebook list threatened 69 people with death if they didn't leave town.  In the past ten days, three teenagers on that list have been murdered.",cnn.com,http://www.cnn.com/2010/WORLD/americas/08/24/colombia.facebook.killings/?hpt=T2
2010-08-24,17:01:40,d4r9w,466,"The 72-Hour Expert - ""If you spend 72 hours in a place you’ve never been, talking to people whose language you don’t speak, and you come back as the world’s biggest know-it-all, you’re a reporter"" ",weeklystandard.com,http://weeklystandard.com/articles/72-hour-expert
2010-08-25,02:26:22,d4x52,129,Arabic to become compulsory in Israeli schools,bbc.co.uk,http://www.bbc.co.uk/news/world-middle-east-11075326
2010-08-24,00:09:49,d4ful,112,"On the Beijing-Tibet Expressway, a traffic jam began on August 14th.  It hasn't ended yet, and is now over 100 kilometers long.",china.globaltimes.cn,http://china.globaltimes.cn/society/2010-08/566070.html
2010-08-24,10:39:39,d4nmc,112,It's official: OIL companies cannot be held accountable (protected by the UN),guardian.co.uk,http://www.guardian.co.uk/environment/2010/aug/22/shell-niger-delta-un-investigation
2010-08-24,16:27:58,d4qzz,108,"Hong Kong has expressed angry
shock at the Philippines after
the deaths of eight of its
tourists in a bus hijack,
cancelling all travel to the
country.",bbc.co.uk,http://www.bbc.co.uk/news/world-asia-pacific-11067310
2010-08-24,20:08:15,d4suy,98,"The police, the Catholic Church and the government conspired to cover up a priest's role in one of the worst atrocities of terrorism in Northern Ireland Troubles",bbc.co.uk,http://www.bbc.co.uk/news/uk-northern-ireland-11061296
2010-08-25,00:18:09,d4ve2,45,"Illegal Israeli Settlers Raid Palestinian House, Terrorize the Family, Burn Crops in Tulkarem and Nablus
",abna.ir,http://abna.ir/data.asp?lang=3&id=200651
2010-08-24,21:42:59,d4tmr,35,"Israel is not cooperating with the UN Human Rights Council's probe of May's deadly raid on a Gaza-bound aid flotilla, and it was unclear if investigators will be able to speak with Israeli soldiers involved",jpost.com,http://www.jpost.com/International/Article.aspx?id=185806&4
2010-08-24,22:39:52,d4u6y,34,"Somali militants storm hotel, 31 reported dead ",globalpost.com,http://www.globalpost.com/breaking-news/global/somali-gunmen-storm-hotel-15-mps-reported-killed
2010-08-24,10:17:25,d4ncu,35,"Germany plans major restructuring of military - reducing the armed forces from 250,000 to 163,000",nytimes.com,http://www.nytimes.com/2010/08/24/world/europe/24iht-germany.html
2010-08-25,02:35:06,d4x9t,31,Ten things the Philippines bus siege police got wrong,bbc.co.uk,http://www.bbc.co.uk/news/world-asia-pacific-11069616
2010-08-24,21:28:47,d4thp,27,"Malaysian activists on Tuesday applauded a decision by Norway's state pension fund to blacklist timber firm Samling Global, which is accused of rampant environmental destruction in Borneo.",swedishwire.com,http://www.swedishwire.com/component/content/article/12-nordic/5893-malaysian-activists-applauds-norways-oil-fund
2010-08-24,17:22:59,d4rfz,22,"Megacities - Over the next two decades, the world will see a burst of urban expansion at a speed and on a scale never before witnessed in human history. But not all the world will take part. When you hear about the coming urban age, it's really a story about rising Asia",foreignpolicy.com,http://www.foreignpolicy.com/articles/2010/08/16/prime_numbers_megacities?page=full
2010-08-24,19:37:26,d4sn4,23,A 63cm-wide rocket hand-built by two self-employed engineers will next week herald the unlikely arrival of a new breed of space pioneers – the Danonauts,independent.co.uk,http://www.independent.co.uk/news/science/russia-the-us-china-now-denmark-to-send-man-into-space-2060140.html
2010-08-24,00:51:21,d4ge7,18,"Japanese Mayor Defends ""Cove"" Dolphin Hunts",cbsnews.com,http://www.cbsnews.com/stories/2010/08/23/world/main6797606.shtml?tag=cbsContent;cbsCarousel
2010-08-24,16:42:40,d4r4z,13,"In porn, a story of Iraq's politics",jpost.com,http://www.jpost.com/MiddleEast/Article.aspx?ID=185777&utm_source=twitterfeed&utm_medium=twitter
2010-08-25,07:30:06,d511l,11,BBC News - Plane crash kills 42 in north-eastern China,bbc.co.uk,http://www.bbc.co.uk/news/world-asia-pacific-11076816
2010-08-24,07:35:11,d4loh,11,"India and China:A Himalayan rivalry -- Asia’s two giants are still unsure what to make of each other. But as they grow, they are coming closer—for good and bad ",economist.com,http://www.economist.com/node/16843717
2010-08-25,05:52:14,d4zwb,10,Iran unveils two assault boats,english.cntv.cn,http://english.cntv.cn/program/newsupdate/20100824/101931.shtml
2010-08-24,05:58:15,d4kir,10,"Ahmadinejad: Israel is too weak to attack Iran's nuclear facilities - ""Israel is too weak to face up to Iran militarily,"" the Iranian president said, adding that Jerusalem did not have ""the courage to do it... and I do not think its threat is serious.""",haaretz.com,http://www.haaretz.com/news/diplomacy-defense/ahmadinejad-israel-is-too-weak-to-attack-iran-s-nuclear-facilities-1.309553
2010-08-25,01:47:56,d4wlh,10,BBC News - Manila police admit bungling deadly bus siege,bbc.co.uk,http://www.bbc.co.uk/news/world-asia-pacific-11076735
2010-08-24,14:22:56,d4pv6,7,Shunning of scans jars anti-abortion lobbyist,times-age.co.nz,http://www.times-age.co.nz/local/news/shunning-of-scans-jars-anti-abortion-lobbyist/3920130/
2010-08-25,00:13:33,d4vbu,7,"According to the Jerusalem municipality education budget for 2008-9, an average of 2,372 shekels (£400) was spent on each child in the Jewish elementary school system, compared with 577 shekels on each child in the Arab elementary system",guardian.co.uk,http://www.guardian.co.uk/world/2010/aug/24/palestinians-east-jerusalem-education
2010-08-24,20:55:04,d4t7w,6,Inside story on WikiLeaks | Al Jazeera,youtube.com,http://www.youtube.com/watch?v=BqDzuVvwtRU
2010-08-24,08:16:11,d4m4m,9,"Over 800,000 youngsters have left Venezuela in 10 years - In one decade only, more than 800,000 Venezuelans, mostly young people, have left the country going in quest of new projects of living, shooed by insecurity, violence, unemployment, low wages and lack of opportunities.",english.eluniversal.com,"http://english.eluniversal.com/2010/08/23/en_pol_esp_over-800,000-youngst_23A4372411.shtml"
2010-08-24,13:26:02,d4pbl,4,"GroundTruth: a dynamic map of the occupation
",groundtruth.media.mit.edu,http://groundtruth.media.mit.edu/
2010-08-25,03:10:36,d4xsd,7,China's Massive Traffic Jam Could Last For Weeks  ,npr.org,http://www.npr.org/templates/story/story.php?storyId=129395326
2010-08-24,22:21:04,d4tzw,5,Israel PM snubs UN atomic watchdog chief: newspaper,news.google.com,http://news.google.com/news/search?pz=1&cf=all&ned=us&hl=en&q=israeli&cf=all&start=10
