2010-07-28,20:13:01,culf9,1085,Catalonia bans bullfighting in landmark Spain vote,bbc.co.uk,http://www.bbc.co.uk/news/world-europe-10784611
2010-07-28,11:20:21,cugvg,314,US cannot account for $8.7B in Iraqi funds,news.yahoo.com,http://news.yahoo.com/s/ap/20100727/ap_on_re_mi_ea/ml_iraq
2010-07-28,04:29:31,cucft,208,Israel demolishes Bedouin village leaving 300 Bedouins homeless | Al Jazeera English,english.aljazeera.net,http://english.aljazeera.net//news/middleeast/2010/07/201072774211397266.html
2010-07-28,15:16:19,cuj50,118,New York Times caught white-washing the wikileaks story.,huffingtonpost.com,http://www.huffingtonpost.com/eric-michael-johnson/analysis-of-civilian-casu_b_660273.html
2010-07-29,02:52:39,cuqd5,83,Apathetic Canadians have allowed their government to trample freedoms -- but opposition is mounting.,ottawacitizen.com,http://www.ottawacitizen.com/opinion/op-ed/less+proud+country/3330366/story.html
2010-07-28,19:09:50,cukz8,82,"Remote-controlled drones are supposed to be the miracle weapon of the Afghanistan conflict, taking out Taliban fighters with precision missiles and protecting Western forces. But the WikiLeaks war logs files show that system failures, computer glitches and human errors are plaguing drone missions.",spiegel.de,"http://www.spiegel.de/international/world/0,1518,708729,00.html"
2010-07-29,04:16:37,curk5,63,"BBC News - Lawyer defending woman sentenced to death in Iranian adultery case goes missing after being called to prison for ""questioning""",bbc.co.uk,http://www.bbc.co.uk/news/world-middle-east-10791424
2010-07-28,21:01:13,culu8,53,Catalonia bans 'outdated and cruel' sport of bullfighting.,thisislondon.co.uk,http://www.thisislondon.co.uk/standard/article-23860841-catalonia-bans-outdated-and-cruel-sport-of-bullfighting.do
2010-07-29,02:38:44,cuq5o,35,"France to dismantle illegal Gypsy camps, deport Roma to Romania and Bulgaria",focus-fen.net,http://www.focus-fen.net/index.php?id=n226757
2010-07-28,23:50:28,cunvd,28,Guy buys photos at a garage sale for $45. Turns out they're worth $200m,independent.co.uk,http://www.independent.co.uk/arts-entertainment/art/news/bought-at-a-garage-sale-for-45-the-photographs-worth-more-than-200m-2036902.html
2010-07-28,21:58:21,cumf9,27,UK's NHS plans to shame obese people into fitness by calling them fat.,bbc.co.uk,http://www.bbc.co.uk/news/uk-10789553
2010-07-28,17:40:38,cukam,23,"Israeli High Court of Justice scratches its head at violent, sexist segregation on buses, forced and implemented by religious nuts",jpost.com,http://www.jpost.com/Israel/Article.aspx?id=182850&news=reddit
2010-07-28,14:51:08,cuix6,22,Plane crashes in Pakistan capital on flight from Turkey,bbc.co.uk,http://www.bbc.co.uk/news/world-10784971
2010-07-28,22:09:32,cumk3,21,Oil Tanker Ship Hit in Apparent Attack Near Strait of Hormuz,joc.com,http://joc.com/maritime/mol-tanker-hit-apparent-attack
2010-07-28,21:48:38,cumbk,22,"China's Three Gorges dam close to maximum capacity as heavy rains persist: Chinese officials for years have boasted the dam could withstand floods so severe they come only once every 10,000 years!",guardian.co.uk,http://www.guardian.co.uk/world/2010/jul/28/china-dam-rain-floods
2010-07-29,03:28:14,cuqvu,16,"'Scores die' in Afghan village raid: ""A Nato rocket attack on a village in Afghanistan last week killed 52 civilians, including women and children [...]""",english.aljazeera.net,http://english.aljazeera.net/news/asia/2010/07/2010726143021529494.html
2010-07-28,16:34:38,cujsk,14,ISI paid blood money to attack Indians - Wikileaks,news.in.msn.com,http://news.in.msn.com/international/article.aspx?cp-documentid=4201894
2010-07-29,01:05:09,cuovm,15,"Israel is gradually relinquishing the rule of law and becoming a tribe: ""The killing of an Arab is immediately associated with ""the Middle Eastern reality."" A demand for restraint becomes ""living in a bubble."" [...]",haaretz.com,http://www.haaretz.com/print-edition/opinion/you-may-not-1.304298
2010-07-29,02:03:30,cupmq,12,"Iran stoning case woman fainted on hearing sentence, says cellmate",guardian.co.uk,http://www.guardian.co.uk/world/2010/jul/27/iran-stoning-case-woman-cellmate
2010-07-28,13:13:03,cui1b,14,"Israel's sex trade booming | Human trafficking in Israel rakes in more than USD billion a year, findings in annual parliamentary survey show.",ynetnews.com,"http://www.ynetnews.com/articles/1,7340,L-3062297,00.html"
2010-07-29,01:58:31,cupke,12,"Was Saddam Hussein a danger to the world? No, says Hans Blix (Chilcot Inquiry)",thefirstpost.co.uk,"http://www.thefirstpost.co.uk/66424,news-comment,news-politics,was-iraq-leader-saddam-hussein-a-danger-to-the-world-no-says-blix"
2010-07-28,15:00:42,cuj0g,12,Pakistan plane crashes in Islamabad - CENTRAL/S. ASIA - Al Jazeera English,english.aljazeera.net,http://english.aljazeera.net/news/asia/2010/07/201072853559915460.html
2010-07-28,15:05:48,cuj1q,6,Russia's YouTube cop,nytimes.com,http://www.nytimes.com/2010/07/28/world/europe/28russia.html?hp
2010-07-28,21:25:29,cum2h,8,Russia rails at Georgian minister's 'stripper' photos,independent.co.uk,http://www.independent.co.uk/news/world/europe/russia-rails-at-georgian-ministers-stripper-photos-2036921.html
2010-07-28,22:01:22,cumgn,8,"International research organizations rank Russia as having the world’s most corrupt large economy, in part because of bribery linked to law enforcement personnel. But senior Russian officials have long seemed to view the loyalty of police officers as more important than their integrity.",nytimes.com,http://www.nytimes.com/2010/07/28/world/europe/28russia.html?_r=1&th&emc=th
2010-07-29,02:18:29,cupu7,6,"Greek Villas Get 45% Markdowns as Crisis Devalues Island Homes - Greek island homes, long coveted by millionaires and Hollywood stars such as Tom Hanks, are being marked down by as much as 45 percent as the country’s debt crisis destroys demand for holiday getaways.",noir.bloomberg.com,http://noir.bloomberg.com/apps/news?pid=20601109&sid=a_v_XZaZ9UqM&pos=15
2010-07-28,16:20:42,cujp0,5,Hit list draws fire in wake of leaked US documents,rawstory.com,http://rawstory.com/rs/2010/0727/hit-list-draws-fire-wake-leaked-documents/
2010-07-28,23:55:03,cunxw,4,14 year old Laura Dekker given permission to try sailing challenge around world,bbc.co.uk,http://www.bbc.co.uk/news/world-europe-10784383
2010-07-28,18:41:11,cukrs,7,"Woman claiming to be a ""witch from another planet"" turns out to be dangerously nutty. Who'd have thought?",heraldsun.com.au,http://www.heraldsun.com.au/news/victoria/witch-eilish-de-avalon-drags-cop-200m-at-high-speed-after-claiming-earth-laws-dont-apply/story-e6frf7kx-1225897391236
2010-07-29,07:49:50,cuu5l,6,Many killed by Norwegian troops - An examination of the Wikileaks documents by Norwegian public broadcaster NRK shows that at least 40 insurgents have been killed by Norwegian troops on 44 missions in Afghanistan.,norwaypost.no,http://www.norwaypost.no/news/many-killed-by-norwegian-troops.html
