2010-04-03,15:04:26,blwis,476,"Outrage at anti-Semitism comparison by Pope preacher: ""They're sitting in the papal palace, they're experiencing a little discomfort, and they're going to compare themselves to being rounded up or lined up and sent in cattle cars to Auschwitz?"" said Peter Isely. ""You cannot be serious."" ",news.bbc.co.uk,http://news.bbc.co.uk/2/hi/europe/8601389.stm
2010-04-03,15:17:28,blwn0,169,"Catholic Church abuse hotline in Germany melts down on first day as 4,000 people phone in...",dailymail.co.uk,http://www.dailymail.co.uk/news/worldnews/article-1263108/Abuse-hotline-set-Catholic-Church-Germany-melts-day-4-000-people-phone-in.html?
2010-04-04,00:45:08,bm11j,120,This is going to go down like a bomb in USA! Russia and Venezuela announce nuclear union,telegraph.co.uk,http://www.telegraph.co.uk/news/worldnews/southamerica/venezuela/7549639/Russia-and-Venezuela-announce-nuclear-union.html
2010-04-04,05:57:34,bm3qo,38,The heroin epidemic advancing on Russia,news.bbc.co.uk,http://news.bbc.co.uk/1/hi/programmes/from_our_own_correspondent/8600847.stm
2010-04-03,22:56:44,bm06x,36,Iraqi artists denied entry to Britain for their own exhibition,independent.co.uk,http://www.independent.co.uk/news/uk/home-news/iraqi-artists-denied-entry-to-britain-for-their-own-exhibition-1934726.html
2010-04-03,12:06:07,blv0d,31,New Zealand government suspends democracy until 2013,stuff.co.nz,http://www.stuff.co.nz/the-press/news/3526047/ECan-councillors-to-be-replaced
2010-04-03,13:57:48,blvye,26,"Vatican waited years to defrock Arizona priest: ""There's no doubt that Ratzinger delayed the defrocking process of dangerous priests who were deemed 'satanic' by their own bishop.""",news.yahoo.com,http://news.yahoo.com/s/ap/20100402/ap_on_re_us/us_church_abuse_arizona
2010-04-04,06:33:20,bm409,22,S Africa far-right leader Terreblanche 'killed',news.bbc.co.uk,http://news.bbc.co.uk/1/hi/world/africa/8602347.stm
2010-04-04,04:57:10,bm38v,22,Hugo Chávez arrests critics; locks up judges who give unfavorable opinions.  ,nytimes.com,http://www.nytimes.com/2010/04/04/world/americas/04venez.html
2010-04-03,15:15:24,blwm1,23,UK Government drugs advisor quits over criminalisation of mephedrone. He is the 7th to resign since David Nutt was sacked.,news.bbc.co.uk,http://news.bbc.co.uk/2/hi/uk_news/8601315.stm
2010-04-03,18:32:40,bly5m,23,"Church in Ireland ‘has lost all its credibility’, says Archbishop of Canterbury",timesonline.co.uk,http://www.timesonline.co.uk/tol/comment/faith/article7086328.ece
2010-04-04,05:58:44,bm3r4,15,Muslims & Christians Take Turns at Slaughter in Nigeria,articles.latimes.com,http://articles.latimes.com/2010/mar/17/world/la-fg-nigeria-jos17-2010mar17
2010-04-03,10:56:18,blue8,17,"Even in France, which is mulling banning the burka, many see the step as a curtailment of religion. Others see it as speaking to fears of Islamic radicalism.",articles.latimes.com,http://articles.latimes.com/2009/dec/01/world/la-fg-france-muslims1-2009dec01
2010-04-03,16:13:53,blx4n,13,Rescuers Enter Chinese Mine Where 153 Are Trapped,abcnews.go.com,http://abcnews.go.com/International/wireStory?id=10275612
2010-04-04,06:37:34,bm41f,13,"Iranian president Mahmoud Ahmadinejad on Saturday warned Israel against launching a fresh assault on the Gaza Strip, saying such action would bring it ""closer to certain death"".",timesofindia.indiatimes.com,http://timesofindia.indiatimes.com/world/middle-east/Israel-closer-to-death-if-it-attacks-Gaza/articleshow/5758541.cms
2010-04-03,09:11:54,bltlr,11,"Pakistan parliament degrades presidential powers, strengthening its democracy",news.bbc.co.uk,http://news.bbc.co.uk/2/hi/south_asia/8600447.stm
2010-04-03,23:58:37,bm0o7,9,The Niqab(Burka) Obsession ,thestar.com,http://www.thestar.com/news/canada/article/786141--siddiqui-quebec-s-witch-hunt-against-niqabi-minority
2010-04-03,00:48:54,blo17,9,Israel arrests soldier and gags media in militant assassination cover-up ,timesonline.co.uk,http://www.timesonline.co.uk/tol/news/world/middle_east/article7085675.ece#cid=OTC-RSS&attr=2015164
2010-04-03,23:58:23,bm0o2,11,"In post-Google China, censorship is unfazed",news.cnet.com,http://news.cnet.com/8301-27080_3-20001212-245.html
2010-04-04,02:24:02,bm1xd,10,Chinese male-female disparity? No problem... Just go to Vietnam! (Chinadaily),chinadaily.com.cn,http://www.chinadaily.com.cn/life/2010-03/31/content_9666346.htm
2010-04-04,06:58:07,bm46d,8,"Instead of facing trial, war criminal lives like king",telegraph.co.uk,http://www.telegraph.co.uk/news/uknews/7547835/Tony-Blair-has-blighted-Buckinghamshire-village.html
2010-04-03,22:33:20,blzzp,9,"Japanese district mayor in Tokyo, goes on paternity leave - the first local government leader ever to do so! ",news.bbc.co.uk,http://news.bbc.co.uk/2/hi/asia-pacific/8601360.stm
2010-04-04,03:46:45,bm2nr,7,"WaPo Wants Immunity for War Crimes - Attacking another country... is the most serious crime on the books. If, as all serious studies suggest, over a million people have been killed by the invasion and occupation of Iraq, then there have been over a million murders.",antemedius.com,http://www.antemedius.com/content/wapo-wants-immunity-war-crimes
2010-04-04,00:42:18,bm10z,7,"Mugabe and Tsvangirai reject rights for gay people in new Zimbabwe Charter. Mugabe says gays ""worse than cats and dogs"", and it seems as if Tsvangirai tacitly agrees.",mg.co.za,http://www.mg.co.za/article/2010-03-26-mugabe-tsvangirai-reject-gay-rights-for-zim-charter
2010-04-03,10:09:02,blu1i,6,Did Hezbollah Kill Hariri? | A new tribunal is digging up old secrets about the Lebanese prime minister's assassination. And no one is likely to be happy with the results.,foreignpolicy.com,http://www.foreignpolicy.com/articles/2010/04/01/did_hezbollah_kill_hariri
2010-04-04,07:03:16,bm47o,6,Putin deepens ties with Chavez on Venezuela visit...,breitbart.com,http://www.breitbart.com/article.php?id=D9ER46KG2&show_article=1
2010-04-03,10:51:55,blucy,7,"You say Lwów, I say Lviv - 
A guide to Eastern Europe's most tedious arguments",economist.com,http://www.economist.com/world/europe/displayStory.cfm?story_id=15810902
2010-04-04,03:58:16,bm2r3,6," Iraq gunmen 'execute' villagers
Iraqi gunmen disguised as soldiers kill at least 25 people, believed to be al-Qaeda opponents, in a Sunni village, police say. ",news.bbc.co.uk,http://news.bbc.co.uk/2/hi/middle_east/8601421.stm
2010-04-03,19:06:49,blyfz,3,"Archbishop of Canterbury: Irish Catholic church has lost all credibility
				UK news |
				guardian.co.uk",guardian.co.uk,http://www.guardian.co.uk/uk/2010/apr/03/archbishop-canterbury-ireland-catholic-credibility
2010-04-03,16:24:58,blx7t,3,"Gunmen in army uniforms stormed three houses at dawn and shot dead 20 men and five women from families linked to an anti-Al Qaeda militia in a village south of Baghdad, officials said.",abc.net.au,http://www.abc.net.au/news/stories/2010/04/03/2863611.htm
