2010-11-08,03:36:44,e2l0j,1973,"If you knowingly make false statements about your 
opponent in an election in the UK, you risk the 
election being ruled void after you win.",bbc.co.uk,http://www.bbc.co.uk/news/uk-politics-11705995
2010-11-08,21:46:41,e2wkq,1065,"Chilean tourist severely beaten by Jewish extremists 
in Jerusalem, mistaken for Arab.",english.pnn.ps,http://english.pnn.ps/index.php?option=com_content&task=view&id=9100
2010-11-09,07:51:40,e36d8,304,World famous British drugs counsellor caught smoking crystal meth with Thai hooker in Bangkok hotel,andrew-drummond.com,http://www.andrew-drummond.com/2010/11/07/exposed-high-on-ice-thai-rehab-boss-drugs-therapist-to-the-stars/
2010-11-08,19:42:04,e2vrz,110,"Leading Israeli playwrights, actors and artists say they will not cross the ""Green Line"" - Israel's frontier before it captured the West Bank in 1967 - to perform in the new theater in Ariel, an Israeli enclave of 19,000 people.",washingtonpost.com,http://www.washingtonpost.com/wp-dyn/content/article/2010/11/08/AR2010110800939.html
2010-11-08,23:37:49,e2y62,89,Obama backs India's quest for U.N. permanent seat,reuters.com,http://www.reuters.com/article/idUSTRE6A24UN20101108
2010-11-08,01:44:18,e2jnx,83,"UK Conservative Party: ""Make long-term unemployed do manual labour""",bbc.co.uk,http://www.bbc.co.uk/news/uk-politics-11706545
2010-11-08,19:59:52,e2vx6,63,"A fresh report from the Danish Actionaid Denmark, Greenpeace and Noah organisations among others suggests that biofuel produced from maize or palm kernels causes two-and-a-half times as much CO2 emissions as traditional fuel. ",politiken.dk,http://politiken.dk/newsinenglish/ECE1103875/report-biofuel-is-a-two-edged-catastrophe/
2010-11-08,20:44:39,e2wca,36,"Irish Banks: Worse To Come - 
Ireland bust. Government can't afford to cover guarantees to banks. Mortgage crisis just beginning. Attempts to cut other spending like ""rearranging deckchairs, when the iceberg of bank debt will sink us""",irishtimes.com,http://www.irishtimes.com/newspaper/opinion/2010/1108/1224282865400.html
2010-11-08,20:35:55,e2w8w,30," Red Guards Apologize Forty-four Years Later -  At Beijing school reunion, Red Guards in their 60s apologise to teachers in their 80s for Cultural Revolution hooliganism. But no ceremony for teachers killed: ""inconsistent with harmonious mood""",zonaeuropa.com,http://zonaeuropa.com/20101107_1.htm
2010-11-08,22:15:07,e2x09,30,Last week's blowout of an engine on an Airbus A380 after taking off from Singapore has raised fresh concerns about the superjumbo aircraft and cast doubt on the quality of the Rolls-Royce engines that some of them are equipped with.,spiegel.de,"http://www.spiegel.de/international/world/0,1518,727810,00.html#ref=rss"
2010-11-08,08:48:22,e2ovb,25,British Navy sonar blamed for 33 whale deaths in Ireland,belfasttelegraph.co.uk,http://www.belfasttelegraph.co.uk/news/local-national/republic-of-ireland/naval-sonar-blamed-for-33-whale-deaths-in-donegal-14998168.html
2010-11-09,01:27:49,e2zxw,29,"Israel announces 1,300 illegal settler homes for East Jerusalem as Netanyahu starts US visit.",af.reuters.com,http://af.reuters.com/article/worldNews/idAFTRE6A737C20101108
2010-11-09,02:16:11,e30ug,24,A currency war is brewing between the EU and the US - and Britain is caught in the middle,guardian.co.uk,http://www.guardian.co.uk/commentisfree/2010/nov/08/currency-war-europe-america-george-osborne
2010-11-08,15:42:53,e2tue,25,"Drug Lord's Death Brings Hope, Fear To Mexican City ",npr.org,http://www.npr.org/templates/story/story.php?storyId=131146378
2010-11-09,03:50:36,e32ha,17,"Servicemen at 'UK's Abu Ghraib' may be guilty of war crimes, court hears | UK news | The Guardian",guardian.co.uk,http://www.guardian.co.uk/uk/2010/nov/08/servicemen-uk-abu-ghraib-court-iraq
2010-11-09,03:12:00,e31u0,20,MEXICO: Violence erupts in Juarez after alleged hit man was slain,elpasotimes.com,http://www.elpasotimes.com/juarez/ci_16552140?source=most_viewed
2010-11-09,06:38:09,e3571,16,Israel to build more homes in East Jerusalem - The announcement comes as Prime Minister Benjamin Netanyahu meets with Obama administration officials about stalled peace talks with the Palestinians.,latimes.com,"http://www.latimes.com/news/nationworld/world/la-fg-israel-housing-20101109,0,3305680.story"
2010-11-08,20:23:57,e2w4m,15,"10,000 Burma refugees flee border fighting",abc.net.au,http://www.abc.net.au/news/stories/2010/11/08/3060706.htm?section=world
2010-11-08,08:06:03,e2oc6,14,"Israeli police demolish mosque in the Negev where Arabs live in villages that are unrecognized by the government, without municipal services like water and electricity.",english.aljazeera.net,http://english.aljazeera.net/news/middleeast/2010/11/201011716263863880.html
2010-11-08,22:11:58,e2wyl,12,"For Afghan Wives, a Desperate, Fiery Way Out - NYTimes.com",nytimes.com,http://www.nytimes.com/2010/11/08/world/asia/08burn.html?pagewanted=1&_r=1
2010-11-09,07:51:14,e36d0,8,"A bush bargain? Remote Australian town offers houses for next-to-nothing to lure families ; DIY skills essential, just A$1 a week,",guardian.co.uk,http://www.guardian.co.uk/world/2010/nov/08/australia-trundle-new-south-wales
2010-11-08,13:38:27,e2si4,7,Decent countries: individuals with dual citizenship from certain countries like Spain are being asked to sign a document in the IDF in which they declare their understanding that their service in the army may result in loss of their foreign citizenship,jpost.com,http://www.jpost.com/Headlines/Article.aspx?id=194312
2010-11-08,18:08:13,e2v25,7,"Emerging from hell, the dust-caked and bloodied survivors of Mount Merapi's worst eruption yet (w/pics)",dailymail.co.uk,http://www.dailymail.co.uk/news/article-1326979/Mount-Merapi-volcano-Emerging-hell-dust-caked-bloodied-survivors.html
2010-11-09,02:41:21,e31am,8,Bar graph: Which countries have the world's highest standard of living (HDI)?,toomuchonline.org,http://www.toomuchonline.org/art_charts_2010/nov08_united_nations.png
2010-11-09,03:13:48,e31v8,5,Official: 18 people killed in Ciudad Juarez - CNN.com,edition.cnn.com,http://edition.cnn.com/2010/WORLD/americas/11/07/mexico.violence/
2010-11-09,03:57:57,e32lc,5,"Canada To Keep 1,000 Combat Soldiers In Afghanistan After It 'Withdraws' In 2011 - They would remain in Afghanistan until no later than 2014.",cbc.ca,http://www.cbc.ca/politics/story/2010/11/08/afghanistan-extension-reaction.html
2010-11-08,21:55:13,e2wpt,5,Foreign visitors banned from taking tours of Big Ben amid security fears,dailymail.co.uk,http://www.dailymail.co.uk/travel/article-1327685/Foreigners-barred-Big-Ben-security-fears.html?ito=feeds-newsxml
2010-11-09,02:03:13,e30lr,6,"Synagogue leader: We were not target of parcel bomb plot - Lilli Kornblum, co-president of Or Chadash, said that despite earlier reports, an FBI agent informed her that her synagogue was not one of the intended destinations in the foiled bomb plot that originated in Yemen.",articles.cnn.com,http://articles.cnn.com/2010-11-03/us/illinois.synagogue_1_synagogue-leader-bomb-plot-parcel-bomb?_s=PM:US
2010-11-08,19:02:26,e2vhe,5,"China tightens grip on rare earth resources, and pushes prices up. ",techeye.net,http://www.techeye.net/business/china-tightens-rare-earth-stranglehold
2010-11-09,07:27:39,e360h,6,"The Arabs' worst enemy: themselves - Progress in the Arab world will come from self-reflection, not blaming Israel.",csmonitor.com,http://www.csmonitor.com/Commentary/Walter-Rodgers/2010/1108/The-Arabs-worst-enemy-themselves
