2010-06-02,03:15:11,cablz,1276,"Ireland to Israel: ""If any harm comes to any of our citizens, it will have the most serious consequences.”",irishtimes.com,http://www.irishtimes.com/newspaper/breaking/2010/0601/breaking33.html
2010-06-02,20:51:39,cal81,1175,"Member of the Israeli parliament who was on board the international flotilla corroborate the videotape showing that Israeli forces were firing  before they boarded: “They wanted many deaths to terrorise us""",story.birminghamstar.com,http://story.birminghamstar.com/index.php/ct/9/cid/b8de8e630faf3631/id/642270/cs/1/
2010-06-02,04:09:44,cac9m,1058,The United States has blocked demands at the UN security council for an international inquiry into Israel's assault on the Turkish ship carrying aid to Gaza that left nine pro-Palestinian activists dead,guardian.co.uk,http://www.guardian.co.uk/world/2010/jun/01/israel-investigation-attack-gaza-flotilla-us?
2010-06-02,21:33:23,callp,177,"BBC News - Gunman kills several in west Cumbria, UK",news.bbc.co.uk,http://news.bbc.co.uk/1/hi/england/10214661.stm
2010-06-02,15:59:11,caj2i,170,And thus Glenn Greenwald destroyed an Israel lobby lapdog [vid],pulsemedia.org,http://pulsemedia.org/2010/06/01/and-thus-glen-greenwald-destroyed-an-israel-lobby-lapdog/?utm_source=feedburner&utm_medium=feed&utm_campaign=Feed:+pulsemedia+(P+U+L+S+E)
2010-06-02,18:21:50,cak1t,145,Nicaragua suspends diplomatic ties with Israel,english.sina.com,http://english.sina.com/world/2010/0601/322605.html
2010-06-02,16:22:51,caj9m,145,"It took its time, but... TOP OFFICIALS from several Government departments and the Garda have recommended the expulsion of an Israeli embassy security officer after concluding that Israel forged Irish passports used by suspects in the murder of a Hamas official in Dubai.",irishtimes.com,http://www.irishtimes.com/newspaper/frontpage/2010/0602/1224271678155.html
2010-06-03,04:48:18,caqve,124,It has long been known that German civilians fell victim to Czech excesses immediately following the Nazi surrender at the end of World War II. But a newly discovered video shows one such massacre in brutal detail. And it has come as a shock to the Czech Republic.,spiegel.de,"http://www.spiegel.de/international/europe/0,1518,698060,00.html"
2010-06-02,21:29:00,calk6,117,"A half-century ago, Afghan women pursued careers in medicine; men and women mingled casually at movie theaters and university campuses in Kabul",foreignpolicy.com,http://www.foreignpolicy.com/articles/2010/05/27/once_upon_a_time_in_afghanistan?sms_ss=reddit
2010-06-02,22:10:49,calzv,109,"UK Redditors, if you haven't already done so please sign this petition to lobby the government to push for an *international* investigation into the flotilla attacks",38degrees.org.uk,http://www.38degrees.org.uk/page/s/flotillattacks#petition
2010-06-02,10:06:39,cafud,60,"Turkish PM : ""It is no longer possible to cover up or ignore Israel's lawlessness. This bloody massacre by Israel on ships that were taking humanitarian aid to Gaza deserves every kind of curse.""",guardian.co.uk,http://www.guardian.co.uk/world/2010/jun/01/gaza-flotilla-raid-turkey-prime-minister-israel
2010-06-02,10:25:38,cag17,58,Japan PM to step down for failing to move US base on Okinawa,news.bbc.co.uk,http://news.bbc.co.uk/2/hi/world/asia_pacific/10211314.stm
2010-06-02,03:47:13,cac0t,57,"First reports from flotilla activists: witnesses from two other vessels report being attacked with tear gas, rubber bullets, and stun guns.",guardian.co.uk,http://www.guardian.co.uk/world/2010/jun/01/gaza-flotilla-eyewitness-accounts-gunfire?
2010-06-02,08:10:29,caet6,53,"World War Two bomb explodes in Germany, three dead",uk.reuters.com,http://uk.reuters.com/article/idUKTRE6506KF20100601
2010-06-02,21:33:21,callo,49,Nutmeg is coming to destroy Israel,allisonkilkenny.wordpress.com,http://allisonkilkenny.wordpress.com/2010/06/02/nutmeg-is-coming-to-destroy-israel/
2010-06-02,23:34:45,camzx,47,Barney Frank: people are “howling for Israel to pay a price that don’t seem disturbed that North Koreans killed 46 South Koreans by torpedoing a South Korean boat. I think we have a right to ask for some consistency.”,bostonherald.com,http://bostonherald.com/news/politics/view/20100602barney_frank_calls_for_probe_of_gaza_raid/srvc=home&position=also
2010-06-03,01:27:43,caofi,43,"Israel will respond ""in like"" with the same commando units with the same level of force, and are willing to take further criticism regarding their response towards future convoys.",npr.org,http://www.npr.org/templates/story/story.php?storyId=127361754
2010-06-03,02:16:13,cap1h,43,Toxicology tests have reportedly found that two teenagers who were thought to have died as a result of taking mephedrone – leading to a successful campaign to ban it – had not taken the drug.,guardian.co.uk,http://www.guardian.co.uk/society/2010/may/28/mephedrone-cleared-teenage-uk-deaths
2010-06-02,10:30:18,cag36,42,"Think S. Korea is free? Police are investigating Internet users for expressing dissenting opinions about the warship incident online. ""If found guilty, they could be jailed for up to five years or fined.""",news.yahoo.com,http://news.yahoo.com/s/afp/20100601/tc_afp/skoreankoreamilitaryinternet
2010-06-02,21:32:08,call3,36,"Why is Gaza under blockade? What's the impact? Israel says there is no humanitarian crisis in the Gaza Strip, UN strongly disagrees.",reliefweb.int,http://www.reliefweb.int/rw/rwb.nsf/db900SID/SNAA-8624SF?OpenDocument
2010-06-02,14:27:29,caibn,29,McDonald's New Gay Friendly Ad,popscreen.com,http://www.popscreen.com/v/5TMLQ/Gay_McDonalds_ad_in_France#mainContent
2010-06-02,23:03:05,camm1,33,"A heatwave strikes India and South Asia, reaching 
53°C and is reported to have killed many hundreds 
of people.",guardian.co.uk,http://www.guardian.co.uk/world/2010/jun/01/pakistan-record-temperatures-heatwave
2010-06-03,00:30:29,canpa,31,UN report says CIA drone strikes in Pakistan 'illegal',channel4.com,http://www.channel4.com/news/articles/world/americas/un report says cia drone strikes in pakistan aposillegalapos/3667127
2010-06-03,00:29:50,canp5,26,"In the 62 years of its existence, Israel has never been at peace and continues to be surrounded by enemies even today. ""A perpetual paranoid State.""",spiegel.de,"http://www.spiegel.de/international/world/0,1518,698033,00.html"
2010-06-02,14:30:20,caicj,21,Turkey likens Israeli raid on aid ship to 9/11 attacks,vancouversun.com,http://www.vancouversun.com/news/Turkey+likens+Israeli+raid+ship+attacks/3096529/story.html
2010-06-03,00:30:06,canp7,19,Oil spotted 10 miles from Florida panhandle,palmbeachpost.com,http://www.palmbeachpost.com/news/state/oil-could-hit-florida-panhandle-by-wednesday-720986.html
2010-06-03,02:46:55,capfu,16,Either Israel is at war with Turkey or the commandos should be handed over for trial for murder,craigmurray.org.uk,http://www.craigmurray.org.uk/archives/2010/05/the_legal_posit.html
2010-06-02,13:16:12,cahq3,14,Five women presenters have resigned from the Arabic news channel Al-Jazeera after being accused of not dressing modestly enough.,telegraph.co.uk,http://www.telegraph.co.uk/news/worldnews/middleeast/7790478/Al-Jazeera-presenters-quit-over-modesty-dress-comments.html
2010-06-03,06:44:52,casav,13,"The next time you consider voicing opposition to the illegal bombardment of Pakistan with drone delivered U.S. missiles, consider this – the drones are effective. So effective, in fact, that they can kill terrorists who have already previously been killed.",infowars.com,http://www.infowars.com/al-qaeda-number-3-killed%e2%80%a6-again/
2010-06-03,01:18:48,caob5,12,"Rich Brits are worried about a rollback in BP's stock dividends, which now account for an amazing 12% ""of the entire UK dividend""",economist.com,http://www.economist.com/blogs/buttonwood/2010/06/dividends_and_bp
