2010-02-23,22:33:43,b5h3a,1455,This is why we (the U.S.) can't have nice things.,static.globalissues.org,http://static.globalissues.org/i/military/09/country-distribution-2008.png
2010-02-23,15:38:36,b5cx2,108,New immigration law in Austria requires prospective immigrants to have a basic proficiency in German,pagef30.com,http://www.pagef30.com/2010/02/prospective-immigrants-to-austria-must.html
2010-02-23,18:24:59,b5eig,74,Latin American and Caribbean nations have backed Argentina's claim of sovereignty to the Falkland Islands in a dispute with Britain over plans to drill for oil off the islands in the Atlantic,telegraph.co.uk,http://www.telegraph.co.uk/news/worldnews/southamerica/falklandislands/7296721/Latin-America-backs-Argentina-in-Falkland-Islands-drilling-dispute-with-Britain.html
2010-02-23,13:09:21,b5b9d,76,How Birthrate Is Turning Modern Conventional Warfare on Its Head,alternet.org,http://www.alternet.org/story/86451/
2010-02-23,21:47:13,b5giv,61,Mossad Under Suspicion: EU Demands Israeli Cooperation over Dubai Killing,spiegel.de,"http://www.spiegel.de/international/europe/0,1518,679735,00.html"
2010-02-23,23:43:15,b5hyy,39,It's illegal for migrant workers in Israel to have children.,news.bbc.co.uk,http://news.bbc.co.uk/2/hi/middle_east/8524723.stm
2010-02-24,03:44:33,b5lid,26,A Mossad Operation Gone Awry? - The assassination Mahmoud al-Mabhouh is widely believed to have been the work of the Mossad. But why would Israel's legendary intelligence service allow the identity of its agents to be compromised? (extensive and insightful),spiegel.de,"http://www.spiegel.de/international/world/0,1518,679764,00.html"
2010-02-23,04:19:31,b55hq,30,Slavery isn’t Sexy: A Hard Look at the Underbelly of the Olympics ,vancouverobserver.com,http://www.vancouverobserver.com/olympics/2010/02/16/slavery-isn%E2%80%99t-sexy-hard-look-underbelly-olympics
2010-02-23,20:14:37,b5fk1,25,China tells schools to ban Oxfam,guardian.co.uk,http://www.guardian.co.uk/world/2010/feb/23/china-tells-schools-ban-oxfam
2010-02-24,01:08:44,b5j9e,22,Americas bloc excluding US and Canada is proposed,news.bbc.co.uk,http://news.bbc.co.uk/2/hi/americas/8531266.stm
2010-02-24,02:42:41,b5kom,21,Head of UK anti-bullying charity turns out to be a bully,mirror.co.uk,http://www.mirror.co.uk/news/top-stories/2010/02/23/national-bullying-helpline-chief-executive-christine-pratt-screamed-and-intimidated-workers-115875-22063243/
2010-02-23,19:10:57,b5eys,20,"Iran 'arrests Sunni militant' - Terrorist leader ""Mr Rigi had been in a US military base 24 hours before his capture""",news.bbc.co.uk,http://news.bbc.co.uk/2/hi/middle_east/8529625.stm
2010-02-23,07:48:52,b57um,21,Palestinians are rioting to stop Israel from stealing their Heritage.,news.bbc.co.uk,http://news.bbc.co.uk/2/hi/middle_east/8528231.stm
2010-02-23,18:52:42,b5es5,21,“Colonel Imam” a battle-creased Pakistani officer who wears a British paratrooper’s jacket: ‘I have the Green Beret but the Taleban beret is better’,timesonline.co.uk,http://www.timesonline.co.uk/tol/news/world/asia/article7036961.ece
2010-02-23,23:50:25,b5i2r,16,Palestinian president and Hamas leader: Israeli declaration of heritage sites on occupied land is a serious provocation that will ignite War,ynetnews.com,"http://www.ynetnews.com/articles/0,7340,L-3853485,00.html"
2010-02-23,23:38:45,b5hwp,15,A Swedish man went into a police station to lodge a complaint that his hash turned his girlfriend into a dolphin.,politiken.dk,http://politiken.dk/newsinenglish/article908112.ece
2010-02-24,05:42:53,b5n0o,15,Israeli politician Tzipi Livni applauds Dubai Hamas killing,news.bbc.co.uk,http://news.bbc.co.uk/2/hi/middle_east/8532009.stm
2010-02-24,01:01:31,b5j61,12,"A massive car bomb has exploded outside a courthouse in Northern Ireland, the first such attack in the province for over a decade.",english.aljazeera.net,http://english.aljazeera.net/news/europe/2010/02/2010223124238513868.html
2010-02-24,00:39:05,b5is7,12,NATO commander makes televised apology to Afghans,news.yahoo.com,http://news.yahoo.com/s/ap/as_afghanistan
2010-02-24,00:48:40,b5iyc,12,China tightens Internet controls,news.bbc.co.uk,http://news.bbc.co.uk/2/hi/asia-pacific/8530378.stm
2010-02-23,18:08:08,b5ecy,10,Dalai Lama: China denies problem in Tibet,cnn.com,http://www.cnn.com/2010/WORLD/asiapcf/02/22/tibet.dalai.lama.lkl/index.html?hpt=C1
2010-02-24,07:54:23,b5o8z,11,"Nearly 25% of all mortgages are underwater - Feb. 23, 2010",money.cnn.com,http://money.cnn.com/2010/02/23/real_estate/underwater_rates_rise/index.htm?section=money_topstories&utm_source=feedburner&utm_medium=feed&utm_campaign=Feed:+rss/money_topstories+(Top+Stories)
2010-02-23,23:34:42,b5hup,12,"Europe has demilitarized too much, underfunded defense budgets are ""directly impacting operations"" in Afghanistan, says US",reuters.com,http://www.reuters.com/article/idUSTRE61M3MR20100223
2010-02-23,19:36:08,b5f6z,10,BBC News - Burma's Kachin army prepares for civil war,news.bbc.co.uk,http://news.bbc.co.uk/2/hi/asia-pacific/8528985.stm
2010-02-23,22:36:38,b5h4u,11,"Mexican druglord El Chapo Guzman (he made forbes' 2009 billionaire list) gave orders that no kidnappings, or extorsion should occur in the state were he ruled (from him or other cartels).",eluniversal.com.mx,http://www.eluniversal.com.mx/primera/34475.html
2010-02-24,03:37:39,b5lf2,11,Belarus declares Rammstein an enemy of the state,thelocal.de,http://www.thelocal.de/society/20100223-25443.html
2010-02-23,19:57:32,b5fen,9,The people who sack people,news.bbc.co.uk,http://news.bbc.co.uk/2/hi/uk_news/magazine/8524042.stm
2010-02-23,21:49:17,b5gjw,10,Mr and Mrs Jihad: Wife of German Homegrown Terrorist Arrested over Fundraising Activities,spiegel.de,"http://www.spiegel.de/international/germany/0,1518,679723,00.html"
2010-02-24,00:15:23,b5ig1,9,"Iran says any fuel swap must be on its territory
| Reuters",reuters.com,http://www.reuters.com/article/idUSHAF34328820100223
2010-02-23,20:32:57,b5fql,9,Dragon Watch: Taiwan's rusty air defenses,globalpost.com,http://www.globalpost.com/dispatch/china-and-its-neighbors/100222/china-military-taiwan
