2010-11-14,11:22:30,e5tpm,1178,"Deadly terrorism existed before 9/11: We've been dealing with the same threats for decades. But we used to be a lot calmer about it, less self-defeating ",salon.com,http://www.salon.com/technology/ask_the_pilot/2010/11/10/airport_security/index.html
2010-11-15,04:42:11,e61ku,393,"‘Under the guise of developing ""climate-ready"" crops, the world’s largest seed and agrochemical corporations are pressuring governments to allow what could become the broadest and most dangerous patent claims in intellectual property history.’",pambazuka.org,http://pambazuka.org/en/category/features/68643
2010-11-14,22:31:40,e5y0l,250,Singer James Blunt 'stopped World War 3' -- refused order from US General to attack Russian troops,bbc.co.uk,http://www.bbc.co.uk/news/uk-politics-11753050
2010-11-15,07:16:12,e63fc,55,Haiti cholera death toll passes 900,cnn.com,http://www.cnn.com/2010/WORLD/americas/11/14/haiti.cholera/index.html
2010-11-14,23:14:27,e5y7g,52,"The world's best pound-for-pound fighter, the Philippine congressman Manny Pacquiao, wins his eighth world boxing title in eight weight divisions. It's never been done before and probably won't ever be again",latimes.com,"http://www.latimes.com/sports/la-sp-dwyre-pacquiao-margarito-20101114,0,2290515,full.column"
2010-11-15,03:22:55,e60n0,27,France has a new anti-hero: bank robber Tony Musulin. French join up to fan club after security guard pulls audacious robbery without a shot fired,thefirstpost.co.uk,"http://www.thefirstpost.co.uk/55825,news-comment,news-politics,france-has-a-new-anti-hero-bank-robber-tony-musulin"
2010-11-14,11:06:48,e5tjt,27,Forget GDP: These Are the Most Advanced Countries in the World - Norway is number one! ,theatlantic.com,http://www.theatlantic.com/business/archive/2010/11/forget-gdp-these-are-the-most-advanced-countries-in-the-world/66460/
2010-11-15,02:11:33,e5zre,24,Sinn Féin leader Gerry Adams to run for election in the Irish Republic ,rte.ie,http://www.rte.ie/news/2010/1114/adamsg.html
2010-11-15,01:42:32,e5zdd,25,"Israel, the world leader in water recycling, has developed a billion dollar industry of exporting its waste water reuse technologies and expertise",af.reuters.com,http://af.reuters.com/article/commoditiesNews/idAFLDE6A01DQ20101114
2010-11-14,17:08:23,e5wfj,21,"Capitalism's tough reality for many Russians: 'Churchill famously described Russia as a riddle, wrapped in a mystery, inside an enigma...'",news.bbc.co.uk,http://news.bbc.co.uk/2/hi/programmes/from_our_own_correspondent/9184718.stm
2010-11-14,21:27:07,e5xr3,18,Experts argue that Ireland will need a bailout from other members of the eurozone,globalpost.com,http://www.globalpost.com/dispatch/ireland/101112/irish-economy-bailout
2010-11-14,22:29:10,e5y04,17,BBC News - Muslim cleric Omar Bakri Muhammad arrested in Lebanon,bbc.co.uk,http://www.bbc.co.uk/news/world-africa-11579274
2010-11-14,09:48:11,e5sqg,16,Lauren Booth: I'm now a Muslim. Why all the shock and horror? ,guardian.co.uk,http://www.guardian.co.uk/world/2010/nov/03/lauren-booth-conversion-to-islam
2010-11-15,00:10:14,e5ygc,12,Netanyahu Agrees to Push for Freeze in Settlements,nytimes.com,http://www.nytimes.com/2010/11/14/world/middleeast/14mideast.html?partner=rss&emc=rss
2010-11-15,04:43:05,e61l6,11,"'Slaughter the Jews!!' -- 40 Angry Palestinians with knives try to beat up a single Israeli student at an Italian University
",ynetnews.com,"http://www.ynetnews.com/articles/0,7340,L-3984097,00.html"
2010-11-15,02:17:09,e5zu2,9,Aung San Suu Kyi 'willing to meet Burma's generals',bbc.co.uk,http://www.bbc.co.uk/news/world-asia-pacific-11752993
2010-11-14,20:00:30,e5xdo,10,"Hassan Nasrallah gave Lebanon Thursday one last chance to “save the country,” otherwise his party will ""cut off the hand"" of anyone who tries to arrest any of its members. What kind of superiority could make anyone that condescending? ",nowlebanon.com,http://www.nowlebanon.com/NewsArticleDetails.aspx?ID=216079
2010-11-14,18:15:42,e5wt9,8,General Sir David Richards: Why we cannot defeat al-Qaeda ,telegraph.co.uk,http://www.telegraph.co.uk/news/newstopics/politics/defence/8131217/General-Sir-David-Richards-Why-we-cannot-defeat-al-Qaeda.html
2010-11-14,14:56:21,e5vht,8,Somali pirates free British couple,english.aljazeera.net,http://english.aljazeera.net/news/africa/2010/11/20101111124312222755.html
2010-11-14,21:13:16,e5xou,9,Is humanitarian aid bad for Africa? - Most of us believe that humanitarian aid is a morally pure way to respond to suffering in the world. But what if our good intentions are just a newer version of colonialism?,theglobeandmail.com,http://www.theglobeandmail.com/news/opinions/opinion/is-humanitarian-aid-bad-for-africa/article1797413/
2010-11-15,03:53:13,e611l,6,A more pragmatic take on Aung San Suu Kyi,iconicphotos.wordpress.com,http://iconicphotos.wordpress.com/2010/11/13/aung-san-suu-kyi/
2010-11-14,11:37:45,e5tue,9,Memoirs Trigger New Row Over Iraq: Bush Made Empty Promises to Schröder,spiegel.de,"http://www.spiegel.de/international/world/0,1518,728973,00.html"
2010-11-14,12:30:32,e5ubh,7,"The West can only contain not defeat militant groups such as al-Qaeda, the head of the UK's armed forces has said",bbc.co.uk,http://www.bbc.co.uk/news/world-middle-east-11751888
2010-11-14,16:48:46,e5wbn,6,"After Suu Kyi’s Release, Dangerous Time Sets In: ""There is no rule of law in Burma,""...""[They're] not releasing her out of respect that she has an important role to play in Burma’s political process and national reconciliation."" ",ipsnews.net,http://www.ipsnews.net/news.asp?idnews=53554
2010-11-14,18:16:10,e5wtf,6,French Prime Minister Francois Fillon Tenders His Resignation,current.com,http://current.com/groups/world-politics/92797014_french-prime-minister-francois-fillon-tenders-his-resignation.htm
2010-11-15,02:25:15,e5zxn,3,Bangladesh - More violence over Dhaka eviction,english.aljazeera.net,http://english.aljazeera.net/news/asia/2010/11/201011144385918519.html
2010-11-14,15:11:00,e5vlw,4,Aung San Suu Kyi's release: Into a bigger prison,economist.com,http://www.economist.com/blogs/banyan/2010/11/aung_san_suu_kyis_release
2010-11-14,18:17:52,e5wtr,3,Benin battles rising seas - More homes are at risk as rising sea levels swallow up West African country's coastline.,english.aljazeera.net,http://english.aljazeera.net/video/africa/2010/11/20101113145520527363.html
2010-11-14,11:08:49,e5tkn,2,"Experts, Intelligence Agencies Question a Defector’s Claims About Burma’s Nuclear Ambitions",propublica.org,http://www.propublica.org/article/experts-intel-agencies-question-a-defectors-claims-about-burmas-nuclear
2010-11-15,03:36:08,e60t4,0,"Poor? Disadvantaged? Pull the other one... The rich, rioting students are unmasked",dailymail.co.uk,http://www.dailymail.co.uk/news/article-1329510/Poor-Disadvantaged-Pull--The-rich-rioting-students.html
