2010-11-13,01:52:13,e588a,539,"Poll: Wikileaks Assange leading Time 'Person of the Year' - Assange, an Australian who has become a thorn in the side of the Pentagon with his releases of secret US military documents about the wars in Iraq and Afghanistan, had received 21,736 votes as of Friday.",france24.com,http://www.france24.com/en/20101112-wikileaks-assange-leading-time-person-year-poll
2010-11-13,04:54:30,e5b74,350,A Jewish surgeon refuses to operate on a patient and walks out of the operating room after discovering a nazi tattoo on the patient's arm.,thelocal.de,http://www.thelocal.de/national/20101112-31129.html
2010-11-13,09:04:03,e5egt,137,World Battles Naked Body Scanners: People from all walks of life are rejecting the mass implementation of radiation spewing airport body imaging machines and fighting back against the molestation and groping that women and children are being subjected to at the hands of TSA officials.,prisonplanet.com,http://www.prisonplanet.com/world-battles-the-invasion-of-the-naked-body-scanners.html
2010-11-13,23:19:37,e5lv3,130,"The Shadow Scholar - Ghost-writer of college papers tells all. ""It's not implausible to write a 75-page paper in two days. It's just miserable. I don't need much sleep, and when I get cranking, I can churn out four or five pages an hour""",chronicle.com,http://chronicle.com/article/article-content/125329/
2010-11-14,04:46:02,e5piq,106,Drug expert told police Iraq whistleblower David Kelly was 'murdered',rawstory.com,http://www.rawstory.com/rs/2010/11/drug-expert-told-police-iraq-whistleblower-david-kelly-murdered/
2010-11-13,22:54:22,e5lnc,82,"Spanish priest arrested over '21,000 child porn images'",bbc.co.uk,http://www.bbc.co.uk/news/world-europe-11748428
2010-11-13,10:53:33,e5fqy,72,"New Zealand pro-cannabis protesters bomb police station with cart full of burning marijuana. Activists demonstrate outside parliament in ""one of the happiest protests the political precinct had seen in a long time."" ",rawstory.com,http://www.rawstory.com/rs/2010/11/protesters-bomb-police-station-cart-full-burning-cannabis/
2010-11-14,02:53:37,e5oa0,56,"This man is facing trial in Venezuela just for showing a Tshirt that states ""I shit in your revolution"" (Spanish inside)",noticias24.com,http://www.noticias24.com/actualidad/noticia/180429/enjuiciaran-a-hombre-que-ofendio-a-jefes-de-gobierno-con-mensaje-en-franela/
2010-11-14,03:24:11,e5omx,52,Heart Attack: McDonald's and PepsiCo to help write UK health policy ,guardian.co.uk,http://www.guardian.co.uk/politics/2010/nov/12/mcdonalds-pepsico-help-health-policy
2010-11-13,23:59:29,e5m7v,49,"Thailand may dump the dollar: 
Thai leader calls for country to use China's Yuan instead of US Dollar.",bangkokpost.com,http://www.bangkokpost.com/news/local/206142/abhisit-calls-on-asia-to-use-yuan-in-trade
2010-11-13,19:18:53,e5k3t,43,Cambodia's first gay town -- Make no mistake: This is not a place to celebrate sexuality. This is a place for survival.,globalpost.com,http://www.globalpost.com/dispatch/asia/101110/cambodia-homosexual-gay-rights
2010-11-13,21:17:18,e5kxq,36,Vietnam: The Legacy of Agent Orange,breadpig.com,http://breadpig.com/2010/11/11/vietnam-the-legacy-of-agent-orange/?utm_source=feedburner&utm_medium=email&utm_campaign=Feed%3A+breadpig+%28the+breadpig+blog%29
2010-11-13,10:16:01,e5fcd,29,"A mysterious blogger who set off an uproar in the Arab world by claiming he was God and hurling insults at the Prophet Muhammad is now behind bars — caught in a Facebook sting.  The case of the unlikely apostate, a shy barber from a West Bank town, is highlighting the limits of tolerance of the PA",msnbc.msn.com,http://www.msnbc.msn.com/id/40143564/ns/world_news-mideastn_africa/?
2010-11-14,04:40:53,e5pgo,23,Christian woman sentenced to death in Pakistan 'for blasphemy',telegraph.co.uk,"http://www.telegraph.co.uk/news/newstopics/religion/8120142/Christian-woman-sentenced-to-death-in-Pakistan-for-blasphemy.html?sms_ss=reddit&at_xt=4cdef7c78e34aba2,0"
2010-11-13,12:30:20,e5gtv,22,"Teaching the love of death and war: ""Cuba has condemned the release of a new video game in which United States special forces try to kill a young Fidel Castro. State-run media said the game, Call of Duty: Black Ops, attempted to legitimise murder and assassination in the name of entertainment.""",bbc.co.uk,http://www.bbc.co.uk/news/mobile/world-latin-america-11731120
2010-11-14,07:59:01,e5rlx,18,"The new head of Britain's armed forces, Gen Sir David Richards, has warned that the West cannot defeat al-Qaeda and militant Islam.",telegraph.co.uk,http://www.telegraph.co.uk/news/worldnews/asia/afghanistan/8131651/Britains-top-soldier-says-al-Qaeda-cannot-be-beaten.html
2010-11-13,19:15:54,e5k36,19,Myanmar activist Aung San Suu Kyi finally released,news.blogs.cnn.com,http://news.blogs.cnn.com/2010/11/13/myanmar-activist-aung-san-suu-kyi-released/
2010-11-13,11:57:28,e5gg3,15,Kosovo 'organ trafficking' exposed,english.aljazeera.net,http://english.aljazeera.net/news/europe/2010/11/2010111213418735183.html
2010-11-13,19:41:46,e5k9p,13,Why on Earth Would Americans Vote the Old Bush-Cheney Agenda Back into Power? Europeans Are Perplexed,alternet.org,http://www.alternet.org/world/148841/why_on_earth_would_americans_vote_the_old_bush-cheney_agenda_back_into_power_europeans_are_perplexed/
2010-11-13,23:34:58,e5lzz,12,'Fort Madness:' Britain's Bizarre Sea Defense Against the Germans - ,spiegel.de,"http://www.spiegel.de/international/zeitgeist/0,1518,728754,00.html"
2010-11-14,02:22:40,e5nwq,12, The dog that didn't bark | The curious silencing of China’s prime minister and his views on political reform,economist.com,http://www.economist.com/node/17461050
2010-11-13,23:49:35,e5m4o,11,"Hey, Reddit, don’t get spun…before you celebrate, you might want to read this: “Why it isn't necessarily good news that Burma's most famous dissident may be released.”",globalpost.com,http://www.globalpost.com/dispatch/asia/101112/aung-san-suu-kyi-burma-myanmar
2010-11-13,10:03:03,e5f74,10,China jails mild scandal activist who campaigned for compensation for victims,france24.com,http://www.france24.com/en/20101110-china-jails-milk-scandal-activist
2010-11-13,23:13:24,e5lsz,8,"""In 2006, a priest was kidnapped, then found 
beheaded and dismembered; 15 churches have 
been bombed and many other priests killed. Iraqi 
refugees tell me that Christian women have 
suffered kidnap and rape""",guardian.co.uk,http://www.guardian.co.uk/commentisfree/2010/nov/12/backfiring-of-bush-crusade
2010-11-14,04:20:07,e5p8u,11,"Prominent film, television artists join boycott of West Bank arts center",haaretz.com,http://www.haaretz.com/news/national/prominent-film-television-artists-join-boycott-of-west-bank-arts-center-1.324471
2010-11-13,11:19:30,e5g1i,7,'Weapons of War': Germany Considers Loosening Arms Export Controls,spiegel.de,"http://www.spiegel.de/international/germany/0,1518,728844,00.html"
2010-11-13,13:37:12,e5hix,10,"Defying Trend, Canada Lures More Migrants",nytimes.com,http://www.nytimes.com/2010/11/13/world/americas/13immig.html?partner=rss&emc=rss&src=igw&pagewanted=all
2010-11-13,23:21:11,e5lvo,9,"THIS quiet, orderly man, who lives in a quiet, orderly house, in a very quiet tree-lined neighborhood has caused a huge public stir here with his volatile book",nytimes.com,http://www.nytimes.com/2010/11/13/world/europe/13sarrazin.html?_r=1&partner=rss&emc=rss
2010-11-13,23:43:17,e5m2l,8,"Saudi Arabia blocks Facebook - 
 Facebook's content had ""crossed a line"" with the kingdom's conservative morals, but that blocking the site is a temporary measure. ",ynetnews.com,"http://www.ynetnews.com/articles/0,7340,L-3983845,00.html"
2010-11-13,09:11:35,e5ejy,9,Haiti cholera death toll approaches 800 with rapid increase feared,guardian.co.uk,http://www.guardian.co.uk/world/2010/nov/12/haiti-cholera-epidemic-death-toll
