2010-05-06,17:01:02,c0hxc,638,How China and India Sabotaged the UN Climate Summit - Secret recordings obtained by SPIEGEL reveal how China and India prevented an agreement on tackling climate change at the crucial meeting. The powerless Europeans were forced to look on as the agreement failed.,spiegel.de,"http://www.spiegel.de/international/world/0,1518,692861,00.html"
2010-05-06,17:34:54,c0ica,101,"Russian special forces storm oil tanker, free ship",msnbc.msn.com,http://www.msnbc.msn.com/id/36979447/ns/world_news-africa/
2010-05-06,17:13:41,c0i2u,66,A Russian MP has asked President Dmitry Medvedev to investigate claims by a regional president that he has met aliens on board a spaceship,news.bbc.co.uk,http://news.bbc.co.uk/1/hi/world/europe/8662822.stm
2010-05-07,00:38:32,c0mu2,52,Icelandic bank former CEO arrested - is this only the beginning?,translate.google.com,http://translate.google.com/translate?hl=is&sl=is&tl=en&u=http%3A%2F%2Fwww.dv.is%2Ffrettir%2F2010%2F5%2F6%2Fhreidar-mar-sigurdsson-handtekinn%2F
2010-05-06,18:31:47,c0j04,37,BNP Candidate gets in a fist-fight with some constituents.,news.bbc.co.uk,http://news.bbc.co.uk/1/hi/uk_politics/election_2010/england/8663681.stm
2010-05-06,18:00:08,c0ini,35,"Kasab (caught Pakistani terrorist) gets death sentence on 4 counts, life on 5 counts for attack on Mumbai in 2008",ndtv.com,http://www.ndtv.com/news/india/kasab-gets-death-sentence-in-2611-trial-23477.php
2010-05-06,19:33:43,c0jm7,31,Meet the 92 year-old teacher finally calling it a day,news.bbc.co.uk,http://news.bbc.co.uk/2/hi/south_asia/8664333.stm
2010-05-07,07:12:11,c0sb9,35,Can someone please explain the British election?,self.worldnews,https://www.reddit.com/r/worldnews/comments/c0sb9/can_someone_please_explain_the_british_election/
2010-05-06,02:51:58,c0g7o,33,Dutch try to ban pot sales to foreigners. Coffee shop owners argue the ban is against free trade regulations. Can free trade save stoners?,spiegel.de,"http://www.spiegel.de/international/europe/0,1518,693161,00.html"
2010-05-06,17:32:06,c0ib5,25,"The UK Election, Live on the BBC.",news.bbc.co.uk,http://news.bbc.co.uk/2/shared/election2010/liveevent/
2010-05-07,06:33:53,c0rvt,32,"Believe it or not, there are people in the world who find this picture obscene.",guardian.co.uk,http://www.guardian.co.uk/world/2010/may/06/saudi-king-abdullah-women-photo
2010-05-06,17:55:55,c0ilo,23,President of Nigeria Dies After Long Illness  - NYTimes.com(Expect emails if your related),nytimes.com,http://www.nytimes.com/2010/05/06/world/africa/06nigeria.html
2010-05-07,02:30:10,c0oei,21,"Tall girls, more cattle: A Sudanese tribal chief explains one of the realities of his village, where daughters are still traded for longhorns.",latimes.com,"http://www.latimes.com/news/nationworld/world/la-fg-tall-short-20100505,0,111620.story"
2010-05-06,19:31:10,c0jld,15,Mumbai attack gunman Qasab sentenced to death ,news.bbc.co.uk,http://news.bbc.co.uk/2/hi/south_asia/8664179.stm
2010-05-07,00:12:40,c0mdo,14,"Catholic Brazilian archbishop said adolescents are ""spontaneously homosexual"" and that ""society today is pedophile, that is the problem. So, people easily fall into it""",google.com,http://www.google.com/hostednews/ap/article/ALeqM5i6T2FZuW588xFahgyr8KUJFK1TJAD9FH00GO2
2010-05-06,17:14:10,c0i32,13,The Italian island of…unemployment,observers.france24.com,http://observers.france24.com/en/content/20100505-italian-island-of-unemployment-asinara-vilnys-factory-redundancies-movement
2010-05-07,01:18:38,c0ngr,15,Former CEO of Iceland’s failed Kaupthing Bank arrested,icelandreview.com,http://www.icelandreview.com/icelandreview/daily_news/?cat_id=16539&ew_0_a_id=361896
2010-05-07,02:34:25,c0oh2,11,"Brazilian archbishop said adolescents are ""spontaneously homosexual"" and in need of guidance",telegraph.co.uk,http://www.telegraph.co.uk/news/worldnews/southamerica/brazil/7686292/Brazilian-archbishop-all-teenagers-are-spontaneously-homosexual.html
2010-05-07,05:35:09,c0r2z,13,"France more dangerous than Greece for EU economy - The French economy is in deep trouble as well, and the importance of such an economic giant within the eurozone is far and far greater.",rnw.nl,http://www.rnw.nl/english/video/france-more-dangerous-greece-eu-economy
2010-05-06,17:35:28,c0icg,13,Magnitude 6.4 quake hits southern Peru,msnbc.msn.com,http://www.msnbc.msn.com/id/36978262/ns/world_news-americas/
2010-05-07,07:03:36,c0s7v,13,"U.K. is broke.  Call in the IMF to tell us how bad it really is. - 
The next government needs the backing of the big boys to drive through cuts. It’s much worse than we think",timesonline.co.uk,http://www.timesonline.co.uk/tol/comment/columnists/camilla_cavendish/article7117391.ece
2010-05-06,23:49:19,c0lwu,10,The Mother of All Bubbles: Huge National Debts Could Push Euro Zone into Bankruptcy,spiegel.de,"http://www.spiegel.de/international/europe/0,1518,693317,00.html"
2010-05-06,22:17:37,c0kvi,12,"Paraguay orders company to stop bulldozing forest that is home to a group of Ayoreo-Totobiegosode, ""the last group of uncontacted Indians outside the Amazon basin""",survivalinternational.org,http://www.survivalinternational.org/news/5918
2010-05-06,19:15:32,c0jf6,11,Settlers clash with Israeli forces razing West Bank homes - Haaretz Daily Newspaper | Israel News,haaretz.com,http://www.haaretz.com/news/diplomacy-defense/settlers-clash-with-israeli-forces-razing-west-bank-homes-1.288671
2010-05-07,00:10:09,c0mbs,11,'We Want to Get the Budget Under Control' - Fears are mounting that Portugal could become the euro zone's next major problem as ratings agencies downgrade the country's debt. Labor Minister Helena André tells how the country plans to ward off the crisis.,spiegel.de,"http://www.spiegel.de/international/europe/0,1518,693322,00.html"
2010-05-07,03:50:53,c0pkq,10,The French navy has closed in on the black boxes of an Air France jet that crashed in the Atlantic nearly a year ago raising hope that light will be shed on the disaster that left 228 dead.,telegraph.co.uk,http://www.telegraph.co.uk/news/worldnews/europe/france/7686125/Brazil-Air-France-crash-black-boxes-found.html
2010-05-06,19:35:29,c0jmu,10,"What would happen to these people in the USA? A family of Bulgarian pickpockets who stole more than £100,000 from Tube and bus passengers across London are set to be sent home at taxpayers' expense to spend their profits.

",thisislondon.co.uk,http://www.thisislondon.co.uk/standard/article-23830666-tube-pickpocket-family-sent-pound-100000-home-to-bulgaria.do
2010-05-07,02:11:13,c0o5o,11,Iceland arrests ex-chief of collapsed bank Kaupthing,news.bbc.co.uk,http://news.bbc.co.uk/2/hi/europe/8665880.stm
2010-05-07,06:14:00,c0rml,10,UK election results 2010 - live coverage {Hung Parliament on exit polling},guardian.co.uk,http://www.guardian.co.uk/politics/2010/may/06/uk-election-results-2010-live
2010-05-06,17:19:30,c0i61,8,"Fraud and the British Election: Election fraud is not a problem confined to distant countries. Lax rules on postal voting make it possible to rig British elections, too.",economist.com,http://www.economist.com/world/britain/displayStory.cfm?story_id=16055848
