2010-12-23,21:17:18,eqf54,1649,UN's top torture official now investigating WikilLeaker Cpl. Brad Manning's pre-trial prison conditions.  USA may soon be labelled a nation that engages in torture.,salon.com,http://www.salon.com/news/opinion/glenn_greenwald/2010/12/23/manning/index.html
2010-12-23,21:37:01,eqfc4,343,Bomb explodes at Swiss embassy in Rome,reuters.com,http://www.reuters.com/article/idUSTRE6BM1DP20101223?feedType=RSS&feedName=topNews&utm_source=twitterfeed&utm_medium=twitter&utm_campaign=Feed:+reuters/topNews+(News+/+US+/+Top+News)&utm_content=Google+Feedfetcher
2010-12-23,19:32:52,eqe56,194,"Wikileaks: All 250,000 cables reported leaked in Norway",boingboing.net,http://www.boingboing.net/2010/12/22/wikileaks-all-250000.html
2010-12-23,22:31:49,eqg0f,153,WikiLeaks to release Israel documents in six months,thepeninsulaqatar.com,http://www.thepeninsulaqatar.com/qatar/136564-wikileaks-to-release-israel-documents-in-six-months.html
2010-12-24,06:37:30,eqnh8,107,"The ""Capitalist"" United States vs ""Socialist"" Germany: Guess who has the second highest trade surplus in the world?",benjamindavidsteele.wordpress.com,http://benjamindavidsteele.wordpress.com/2010/08/27/capitalist-us-vs-socialist-germany/
2010-12-23,08:03:09,eq5m2,105,Bolivia formally recognizes Palestine as independent state ,haaretz.com,http://www.haaretz.com/news/diplomacy-defense/bolivia-formally-recognizes-palestine-as-independent-state-1.332262?localLinksEnabled=false
2010-12-23,13:14:58,eq9zg,88,WikiLeaks strategy: Bank of America buys up hundreds of abusive domain names for its senior executives and board members as a defensive strategy against the future publication of damaging insider info from WikiLeaks,finextra.com,http://www.finextra.com/news/fullstory.aspx?newsitemid=22124
2010-12-24,01:09:26,eqiio,76,Sad end to story of a mother who sought justice for her murdered daughter in Mexico: she herself has been killed ,online.wsj.com,http://online.wsj.com/article/SB10001424052748703814804576035791419284246.html?mod=e2tw
2010-12-24,00:01:59,eqhdl,69,Assange warns of 'digital McCarthyism' - msnbc interview,msnbc.msn.com,http://www.msnbc.msn.com/id/40785454/ns/us_news-wikileaks_in_security
2010-12-23,22:02:27,eqfn0,52,UN changes its mind. It's not okay to kill gay people anymore.,chron.com,http://www.chron.com/disp/story.mpl/ap/top/all/7349719.html
2010-12-23,09:05:52,eq6hs,52,"Gay rights advocates score hard-fought victory: U.N. restores reference to sexual orientation, dropped last month from a resolution opposing the unjustified killing of minority groups",ca.news.yahoo.com,http://ca.news.yahoo.com/us-moves-restore-reference-sexual-orientation-resolution-unjustified-20101221-140820-125.html
2010-12-24,05:13:48,eqmam,39,"A Nation Descends into Violence - The Mexican government has been using the army to fight the nation's drug cartels for about four years. It isn't working. Some critics say the army is part of the problem, even if the occasional mission removes a kingpin. Felipe Calderón has no one else to trust.",spiegel.de,"http://www.spiegel.de/international/world/0,1518,735865,00.html"
2010-12-23,20:17:25,eqek1,41,WikiLeaks: Call of Duty,english.aljazeera.net,http://english.aljazeera.net/indepth/opinion/2010/12/2010129102245193184.html
2010-12-23,19:29:26,eqe3v,27,How Wikileaks killed Spain's anti-P2P law,arstechnica.com,http://arstechnica.com/tech-policy/news/2010/12/how-wikileaks-killed-spains-anti-p2p-law.ars
2010-12-24,06:48:25,eqnnk,26,"John Pilger's excellent video: ""The War You Don't See""",willyloman.wordpress.com,http://willyloman.wordpress.com/2010/12/23/john-pilger-the-war-you-dont-see/
2010-12-23,21:35:44,eqfbn,29,Sir David Frost Interviews Julian Assange Upon Release from Jail,openculture.com,http://www.openculture.com/2010/12/sir_david_frost_interviews_julian_assange.html
2010-12-23,08:40:06,eq64l,28,"Ex-Bush strategist Karl Rove likely plays lead role in Sweden's effort to prosecute Assange: Swedish PM has a friendship with Rove for 10 years, reportedly asked him to help with his 2010 re-election in Sweden and ""hired Karl when he got thrown out of the White House.""",legalschnauzer.blogspot.com,http://legalschnauzer.blogspot.com/2010/12/is-karl-rove-driving-effort-to.html
2010-12-23,10:59:47,eq82y,25,"U.S. ambassador to Australia in Op-Ed asserts that WikiLeaks damages free expression by choking private talks. (A commenter calls it ""a scarily Orwellian piece attacking one of Australia's most famous heroes, Julian Assange."") ",smh.com.au,http://www.smh.com.au/opinion/politics/wikileaks-damages-free-expression-by-choking-private-talks-20101222-195hv.html
2010-12-23,05:54:35,eq3ly,25,"One trader owns 80-90% of the copper in London Metal Exchange warehouses; or, about half the worldwide exchange-registered copper stockpile.",online.wsj.com,http://online.wsj.com/article/SB10001424052748704118504576034083436931412.html?mod=googlenews_wsj
2010-12-24,03:47:15,eql72,19,"WikiLeaks to publish 'sensitive' Israel cables - ""Sensitive and classified documents"" on Israel's 2006 war on Lebanon and January's assassination in Dubai of Hamas militant Mahmud al-Mabhuh would be released, Assange said.",hurriyetdailynews.com,http://www.hurriyetdailynews.com/n.php?n=wikileaks-to-publish-sensitive-israel-cables-2010-12-23
2010-12-23,10:13:56,eq7g4,21,Ex-Argentina leader jailed for life - Former military dictator Jorge Videla convicted of murder of at least 31 political prisoners during 1970s' Dirty War.,english.aljazeera.net,http://english.aljazeera.net/news/americas/2010/12/2010122221316602539.html
2010-12-24,00:39:28,eqhzw,20,New Zealand Discloses Military UFO Files (Link to Original Documents),stuff.co.nz,http://www.stuff.co.nz/national/4486327/Original-files-NZs-UFO-sightings
2010-12-23,22:15:40,eqft1,20,"Putin reinforces Russian nationalism: Prime minister's words, actions in the wake of race riots strengthen ideology.",globalpost.com,http://www.globalpost.com/dispatch/russia/101222/vladimir-putin-russian-nationalism
2010-12-23,16:11:36,eqc90,12,Web filtering: Why a Great British Firewall will be useless. Ed Vaizey's plan to block pornography online is doomed to fail because it simply won't work,guardian.co.uk,http://www.guardian.co.uk/technology/2010/dec/20/web-filtering-will-not-work
2010-12-24,07:55:51,eqolh,12,"""South Korean Army's K-9 self-propelled guns fire live rounds during military exercises early today [December 23, 2010] on the Seungjin Fire Training Field, 20 miles (30 kilometers) from the Koreas' heavily fortified border."" Photo credit: Park Ji-ho / Yonhap",media.cleveland.com,http://media.cleveland.com/world_impact/photo/south-korea-tanksjpg-ffa1b32bfd256a8d.jpg
2010-12-23,20:25:39,eqemk,12,Belarus presidential candidate denied visit by lawyers in jail | World news | guardian.co.uk,guardian.co.uk,http://www.guardian.co.uk/world/2010/dec/23/belarus-election-detainee-denied-lawyers
2010-12-23,17:29:45,eqd0p,13,Lufthansa plans to acquire Scandinavian airline SAS ,swedishwire.com,http://www.swedishwire.com/business/7835-lufthansa-plans-to-acquire-sas
2010-12-23,21:40:54,eqfdm,10,U.N. to investigate treatment of Bradley Manning,salon.com,http://www.salon.com/news/wikileaks/index.html?story=/opinion/greenwald/2010/12/23/manning
2010-12-23,10:34:17,eq7q7,11,"'I didn't think of Iraqis as humans,' says ex-101st Airborne soldier serving five life terms for raping  14-yr-old Iraqi girl and killing her and her family",dailymail.co.uk,http://www.dailymail.co.uk/news/article-1340207/I-didnt-think-Iraqis-humans-says-U-S-soldier-raped-14-year-old-girl-killing-her-family.html
2010-12-23,05:12:09,eq2up,12,"Truffle thief shot dead by French farmer - The 32-year-old told police he was guarding his truffle patch in the town of Grignan when he took fright after seeing the intruder, and shot him in the legs and head with a hunting rifle.",irishtimes.com,http://www.irishtimes.com/newspaper/breaking/2010/1222/breaking53.html
