2010-04-21,17:12:59,btzyl,811,"Explicit mention of religion is seen as ""un-British"", a bit ""American"" and a ""turn-off"" to the electorate.",news.bbc.co.uk,http://news.bbc.co.uk/1/hi/uk_politics/election_2010/8607964.stm
2010-04-21,20:28:49,bu23a,343,"Yesterday, Israel delivered demolition warrants to Palestinians in Halhul village in the West Bank, informing that their homes and water reservoir will be destroyed.",mondoweiss.net,http://mondoweiss.net/2010/04/let-the-american-media-and-politicians-and-jewish-leadership-blind-themselves-to-this-too.html
2010-04-21,19:57:49,bu1px,69,"Argentina's former military President has been sentenced to 25 years for human rights abuses: Guilty of involvement in 56 cases of murder, torture and kidnappings",news.bbc.co.uk,http://news.bbc.co.uk/2/hi/americas/8633823.stm
2010-04-22,02:31:15,bu7m2,49,Experts Warn of Impending Phosphorus Crisis,spiegel.de,"http://www.spiegel.de/international/world/0,1518,690450,00.html"
2010-04-22,02:44:28,bu7tl,48,France to put forward a bill to ban the wearing of Islamic veils in public places,nytimes.com,http://www.nytimes.com/2010/04/22/world/europe/22france.html?src=twt&twt=nytimes
2010-04-22,01:49:29,bu6yx,48,"'South Park' creators warned: Poking fun at Muhammed could invite deadly Muslim rage
",nydailynews.com,http://www.nydailynews.com/entertainment/tv/2010/04/21/2010-04-21_south_park_creators_warned_poking_fun_at_muhammed_could_invite_deadly_muslim_rag.html
2010-04-21,23:33:44,bu4s5,45,"Filmed deep underground on the border between Gaza and Egypt, the mobile phone footage obtained by the BBC is conclusive proof of what has been rumored in Gaza since last year - the tunnelling operation is now so advanced that entire brand new cars are now being smuggled into Gaza.",news.bbc.co.uk,http://news.bbc.co.uk/2/hi/8608376.stm
2010-04-21,19:30:32,bu1f8,40,UK Generals: Britain should be prepared to scrap its nuclear deterrent,timesonline.co.uk,http://www.timesonline.co.uk/tol/comment/columnists/guest_contributors/article7103196.ece
2010-04-21,20:17:35,bu1y7,42,Iran Facts vs. Iran Hype,walt.foreignpolicy.com,http://walt.foreignpolicy.com/posts/2010/04/20/more_hype_about_iran
2010-04-21,18:32:25,bu0sx,42,Brazil priest *DETAINED* after pedophilia accusation,google.com,http://www.google.com/hostednews/ap/article/ALeqM5gDc-ZGlINGW1q-9loLMQZVnMIBHgD9F6C7T80
2010-04-21,16:26:31,btzf7,28,"Brazil, US, UK lead number of requests to Google for user data and censorship",news.bbc.co.uk,http://news.bbc.co.uk/1/hi/technology/8633642.stm
2010-04-22,03:36:39,bu8lo,30,"Top Russian judge Eduard Chuvashov 'assassinated in revenge attack' after sentencing gangs of racist murderers, and while investigating corrupt FSB men ",timesonline.co.uk,http://www.timesonline.co.uk/tol/news/world/europe/article7095245.ece
2010-04-21,23:29:10,bu4p8,27,"Hitachi claims they ""didn't know"" that the 25% shareholder of Hitachi South Africa is a front company for the ruling party (which awarded a $5bn tender to Hitachi South Africa).",dispatch.co.za,http://www.dispatch.co.za/article.aspx?id=396079
2010-04-21,12:47:46,btwui,26,Two North Korean assassins arrested in South Korea,english.chosun.com,http://english.chosun.com/site/data/html_dir/2010/04/21/2010042100455.html
2010-04-22,06:24:12,buawx,24,Those naughty Germans,scienceblogs.com,http://scienceblogs.com/pharyngula/2010/04/those_naughty_germans.php
2010-04-21,23:53:16,bu53b,23,Draft of Secretive International Copyright Treaty Leaked -- Confirms Fears About Internet Freedom,alternet.org,http://www.alternet.org/media/146533/draft_of_secretive_international_copyright_treaty_leaked_--_confirms_fears_about_internet_freedom
2010-04-21,23:13:32,bu4h5,20,"North Korea 'plotted to kill high profile defector' . Two North Koreans, said to have been posing as defectors themselves, have been arrested on suspicion of being on a mission to kill Hwang Jang-yop.",news.bbc.co.uk,http://news.bbc.co.uk/2/hi/asia-pacific/8633913.stm
2010-04-21,16:42:50,btzlt,21,Global bank tax urged by IMF,cbc.ca,http://www.cbc.ca/world/story/2010/04/21/bank-tax-imf-g20-robin-hood.html?ref=rss
2010-04-22,03:35:41,bu8l4,17,Airlines - led by Ryanair (oh surprise) - say they'll defy European regulations on covering 'passenger care' costs,news.bbc.co.uk,http://news.bbc.co.uk/1/hi/business/8635474.stm
2010-04-22,03:58:32,bu8x6,16,Australians (in 1919) edit film of Gallipoli showing Irish and New Zealand soldiers fighting so that it looks like Australian soldiers instead ,nzherald.co.nz,http://www.nzherald.co.nz/nz/news/article.cfm?c_id=1&objectid=10639980
2010-04-22,06:35:26,bub1w,17,"German troops in Afghanistan call on Angela Merkel to explain why they're at war - 'They want the Chancellor, their ultimate boss, to finally find the clear words to put the war against the Taliban into black and white,' Bild Zeitung, Germany’s biggest daily paper, said today.",dailymail.co.uk,http://www.dailymail.co.uk/news/worldnews/article-1267802/German-troops-Afghanistan-Angela-Merkel-explain-theyre-war.html
2010-04-22,05:36:27,buabi,15,Afghan Snipers Using Old Rifles Issued by CIA,allgov.com,http://www.allgov.com/Top_Stories/ViewNews/Afghan_Snipers_Using_Old_Rifles_Issued_by_CIA_100421
2010-04-22,02:00:29,bu755,15,Is the Aral Sea coming back from the dead?,news.nationalgeographic.com,http://news.nationalgeographic.com/news/2010/04/100402-aral-sea-story/
2010-04-22,03:01:21,bu827,16,'Truth Is Often The First Casualty Of War' - Germany's defense minister is set to testify about his knowledge of a deadly attack in Afghanistan that resulted in civilian deaths. German commentators say the inquiry into whether politicians lied is essential.,spiegel.de,"http://www.spiegel.de/international/germany/0,1518,690380,00.html"
2010-04-21,23:18:15,bu4jp,13,The World Bank releases all its collected statistics for free,data.worldbank.org,http://data.worldbank.org/
2010-04-22,02:27:07,bu7jm,12,Pope Benedict XVI promised in Rome today that the Vatican will take 'action' against sexual abuse of children by Catholic priests...,csmonitor.com,http://www.csmonitor.com/World/Europe/2010/0421/Pope-Benedict-vows-action-on-sexual-abuse-of-children-by-priests
2010-04-21,09:48:52,btut4,12,"The economic crisis could be entering a ""new phase"" with rising public debt threatening to undermine the stability of the global financial system, the International Monetary Fund warned Tuesday.",rawstory.com,http://rawstory.com/rs/2010/0420/global-economic-crisis-shifting-new-phase-imf-ominously-warns/
2010-04-22,04:13:50,bu95l,11,10-year-old's pregnancy fuels Mexican abortion debate ,cnn.com,http://www.cnn.com/2010/WORLD/americas/04/19/mexico.abortion/index.html?hpt=Sbin
2010-04-21,19:16:24,bu19k,11,Two convicted sex offenders have won the right to challenge their inclusion on the UK's sex offenders register.,news.bbc.co.uk,http://news.bbc.co.uk/1/hi/uk/8634239.stm
2010-04-22,01:55:11,bu71t,11,Argentina former ruler Bignone jailed for 25 years,news.bbc.co.uk,http://news.bbc.co.uk/1/hi/world/americas/8633823.stm
