2010-07-03,15:15:49,clk3x,1246,"“I was told I was going to be raped, I was told I was going to be gangbanged, I was told that they were going to make sure that I was never going to want to act as a journalist again.”",thestar.com,http://www.thestar.com/news/gta/torontog20summit/article/829921--i-will-not-forget-what-they-have-done-to-me
2010-07-03,06:42:25,clga2,137,"Netanyahu: No apology, no compensation to Turkey over Gaza flotilla - ""Israel cannot apologize for our soldiers being forced to defend themselves against the mob that almost slaughtered them,"" Netanyahu said during an interview with Israel's Channel 1.",haaretz.com,http://www.haaretz.com/news/diplomacy-defense/netanyahu-no-apology-no-compensation-to-turkey-over-gaza-flotilla-1.299749
2010-07-03,08:56:01,clhg5,74,"On March 21, 2010, the Syrian security forces opened fire with live ammunition on a crowd of 5,000 in the northern Syrian town of al-Raqqah. The crowd had gathered to celebrate the Kurdish festival of Nowruz. Three people, including a 15-year-old girl, were killed. Did you know about this?",jpost.com,http://www.jpost.com/Features/FrontLines/Article.aspx?id=180186
2010-07-04,00:23:25,cln31,60,"Swedish 'sex purchase law' very effective - A Swedish law punishing the purchase -- not sale -- of sex, has been so effective it has slashed street prostitution in half.",swedishwire.com,http://www.swedishwire.com/politics/5261-swedish-sex-purchase-law-very-effective
2010-07-04,01:53:42,clnur,56,The three richest men in the world have more money than the poorest 48 countries.,commondreams.org,http://www.commondreams.org/headline/2010/07/02-6
2010-07-04,07:53:59,clqkz,44,Hitler Film Reveals India's Nazi Fascination - CBS News,cbsnews.com,http://www.cbsnews.com/stories/2010/07/02/ap/strange/main6639745.shtml
2010-07-04,04:37:25,clp6q,40,"Brazilian taskforce frees more than 4,500 slaves after record number of raids on remote farms.",guardian.co.uk,http://www.guardian.co.uk/world/2009/jan/03/brazil-slavery-poverty-farm-workers
2010-07-04,00:11:05,clmzs,28,China 'jails Tibet activist for five years' for publishing a pro-Dalai Lama article on his website,news.bbc.co.uk,http://news.bbc.co.uk/2/hi/world/asia_pacific/10498734.stm
2010-07-04,07:27:06,clqey,31,"DEA, Ecuadoran officials seize real drug submarine",chron.com,http://www.chron.com/disp/story.mpl/chronicle/7093154.html
2010-07-03,23:07:09,clmkt,24,"Palestinian PM gives Israeli PM concrete proposal for final borders: gives control over Jewish Quarter, Western Wall to Israel, allows for land swaps of 2.5% of West Bank (for annexation of Israeli settlements) and a land corridor between West Bank and Gaza.",haaretz.com,http://www.haaretz.com/news/diplomacy-defense/report-abbas-agrees-to-israeli-control-over-western-wall-1.299798
2010-07-04,07:18:05,clqcm,29,Iran remembers victims of airliner shot down by US,wfaa.com,http://www.wfaa.com/news/world/97726399.html
2010-07-04,03:45:26,clouf,25,"250 dead in oil explosion and no one cares since it 
happened in the Congo. ",ibtimes.com,http://www.ibtimes.com/articles/32470/20100703/congo-in-mourning-as-oil-tanker-explosion-leaves-250-dead-over-100-injured.htm
2010-07-04,02:37:38,clo97,25,A person criticises the the Thailand government on Facebook. The next day he is arrested and jailed for 2 months pending trial. ,bangkokpost.com,http://www.bangkokpost.com/tech/techscoop/184681/govt-cracks-down-on-social-networking-forums
2010-07-03,16:48:27,clkn3,26,"100 people feared dead after oil tanker exploded, setting fire to a village in DR Congo",news.bbc.co.uk,http://news.bbc.co.uk/2/hi/world/10497716.stm
2010-07-04,02:42:20,cloay,17,"Kenya: Christian preachers exploit the sick, 
promising miracle cures for the terminally ill at a 
price (vid)",english.aljazeera.net,http://english.aljazeera.net/news/africa/2010/07/2010731565750630.html
2010-07-04,02:53:36,cloek,17,"No spending please, we're German - Berlin has been portrayed by Washington as the selfish bogeyman of the global recession. But Germans aren't being cheap: They're being themselves.",foreignpolicy.com,http://www.foreignpolicy.com/articles/2010/07/01/stinginess_is_cool
2010-07-04,02:48:04,clock,16,"Iran: Ahmadinejad calls new US sanctions against 
Iran ""pathetic"", warning ""they would regret their 
bullying"".",reuters.com,http://www.reuters.com/article/idUSTRE66211K20100703
2010-07-04,02:03:05,clnxy,14,"When oil began to spill from the overturned tanker, local residents attempted to collect the oil. One was smoking a cigarette, causing the tanker to explode",cnn.com,http://www.cnn.com/2010/WORLD/africa/07/03/dr.congo.explosion/index.html?hpt=T1
2010-07-04,02:30:54,clo6y,12,Buffett donates $1.93bn in shares to five charities.,news.bbc.co.uk,http://news.bbc.co.uk/2/hi/world/us_and_canada/10499124.stm
2010-07-04,04:46:15,clp92,13,Algerians seek damages for France for the 17 nuclear tests France conducted in the 1960s.,etaiwannews.com,http://www.etaiwannews.com/etn/news_content.php?id=1308890&lang=eng_news
2010-07-04,02:37:01,clo8z,11,"Congo: 270 feared dead after an oil tanker 
overturned and exploded, setting fire to a village ",news.bbc.co.uk,http://news.bbc.co.uk/2/hi/10497716.stm
2010-07-03,20:53:45,clluf,12,Goldman Sachs: The Pirates of Poison in the Gulf,activistpost.com,http://www.activistpost.com/2010/06/goldman-sachs-pirates-of-poison-in-gulf.html
2010-07-03,18:16:59,cll3y,10,"Ethnic Turks Encounter 'Kültürschock' - More ethnic Turks are now moving out of Germany than in. As the German economy lags, a Western education helps professional Turkish Germans find work in a booming Muslim nation. But they aren't always welcomed ""home.""",spiegel.de,"http://www.spiegel.de/international/world/0,1518,703805,00.html"
2010-07-03,20:45:44,cllsv,10,Campaign for Iranian woman facing death by stoning ,guardian.co.uk,http://www.guardian.co.uk/world/2010/jul/02/iranian-woman-stoning-death-penalty
2010-07-03,13:11:30,clj8t,10,"A warm welcome to guardian.co.uk for all former readers of the Times - On the day that Rupert Murdoch's London Times puts up its online pay wall, the still-free Guardian sets out its stall to new readers, and sticks a few stilettos in the Times's back along the way",guardian.co.uk,http://www.guardian.co.uk/news/blog/2010/jul/02/welcome-to-guardian-co-uk-for-former-times-readers
2010-07-04,06:28:23,clpyx,10,General Motors now sells more cars in China than in the USA.  How long before it's a Chinese car company with an American subsidiary?,detnews.com,http://www.detnews.com/article/20100703/AUTO01/7030329/1148/GM-sales-in-China-surge-48.5--in-first-half--top-U.S.-sales-for-first-time
2010-07-03,13:08:07,clj86,6,"""Former Argentine dictator Jorge Rafael Videla went on trial Friday, facing the first of a wave of human rights charges that have accumulated against him since the Supreme Court struck down his presidential pardon in 2007."" Just in time to distract ARG as they play tomorrow. ",msnbc.msn.com,http://www.msnbc.msn.com/id/38051587/ns/world_news-europe/?ocid=twitter
2010-07-03,15:14:06,clk3j,5,Tory backbenchers and shadow justice secretary Jack Straw may derail Nick Clegg's referendum,guardian.co.uk,http://www.guardian.co.uk/politics/2010/jul/02/conservatives-labour-bid-disrupt-voting-reform
2010-07-04,00:01:37,clmx1,5,"Lebanon : Villagers disarmed a French patrol of UN peacekeepers and attacked them with sticks, rocks and eggs",google.com,http://www.google.com/hostednews/afp/article/ALeqM5jHZaSTCwwzNql-lA5Ezwh5CldQ_g
2010-07-03,22:47:47,clmh4,6,Why West Lost Afghan War ,the-diplomat.com,http://the-diplomat.com/2010/07/01/why-west-lost-afghan-war/
