2010-09-13,20:07:39,dd5ae,1672,"Should the Pope face charges?
A renowned lawyer makes the case that the Pope should have his day in court for harbouring pedophiles",macleans.ca,http://www2.macleans.ca/2010/09/11/should-the-pope-face-charges/
2010-09-13,00:31:32,dctw9,887,Canadian pot activist Marc Emery gets five years in U.S. prison,rawstory.com,http://www.rawstory.com/rs/2010/09/famed-canadian-pot-activist-marc-emery-sentenced-years-prison/
2010-09-13,10:59:31,dd07w,165,British soldiers are smuggling heroin out of Afghanistan ... MoD launches probe,belfasttelegraph.co.uk,http://www.belfasttelegraph.co.uk/news/world-news/british-soldiers-suspected-of-smuggling-heroin-out-of-afghanistan-into-uk-14947146.html
2010-09-14,07:35:27,ddemk,120,"Mandela 'breathed fire' over Iraqi war - Nelson Mandela was so upset over Britain invading Iraq in 2003 that he called a government minister and ""virtually breathed fire"" about why it was a mistake, reveals the ex-minister.",timeslive.co.za,http://www.timeslive.co.za/world/article656666.ece/Mandela-breathed-fire-over-Iraqi-war
2010-09-14,04:07:08,ddbpc,108,There are 4 million kg of whale meat stockpiled in Japan,search.japantimes.co.jp,http://search.japantimes.co.jp/cgi-bin/fe20100912rh.html
2010-09-13,05:13:51,dcwqm,96,Pakistan's enemy is not America or India or any other external power. It is Pakistan's own culture of hypocrisy.,dawn.com,http://www.dawn.com/wps/wcm/connect/dawn-content-library/dawn/the-newspaper/op-ed-contributor/confronting-hypocrisy-090
2010-09-13,23:02:03,dd78p,85,The Web Braces for Biggest Wikileaks Dump to Date,theatlanticwire.com,http://www.theatlanticwire.com/opinions/view/opinion/The-Web-Braces-for-Biggest-Wikileaks-Dump-to-Date-4992/
2010-09-13,23:28:42,dd7lf,83,Remember 9/11? Remember the Saudi Arabia link? Barack Obama to authorise record $60bn Saudi arms sale,guardian.co.uk,http://www.guardian.co.uk/world/2010/sep/13/us-saudi-arabia-arms-deal
2010-09-14,06:11:32,dddj9,63,"UK: History is “disappearing” from state schools as growing numbers of head teachers view it as a worthless subject""",telegraph.co.uk,http://www.telegraph.co.uk/education/educationnews/7994502/History-disappearing-from-schools.html
2010-09-13,14:01:04,dd26u,39,"Mexican marines have captured Sergio Villarreal Barragan, a presumed leader of the embattled Beltran Leyva cartel",google.com,http://www.google.com/hostednews/ukpress/article/ALeqM5jQ2IQPz2k9KPCHzOblXbFneabCLw
2010-09-14,01:16:21,dd95d,39,"Thousands 'tortured, held without trial in Iraq'",rawstory.com,http://rawstory.com/news/afp/Thousands_held_without_trial_in_Ira_09132010.html
2010-09-14,03:33:34,ddb6c,34,"Cuba to cut 500,000 gov't workers; reform salaries - Cuba announced Monday it will cast off at least half a million state employees by mid-2011 and reduce restrictions on private enterprise to help them find new jobs.",denverpost.com,http://www.denverpost.com/nationworld/ci_16063870
2010-09-14,02:37:16,ddad7,31,"In the largest US arms deal ever, Obama plans to offer advanced aircraft to Saudi Arabia worth up to $60 billion, as part of policy aimed at shoring up Arab allies against Iran",news.yahoo.com,http://news.yahoo.com/s/afp/20100913/wl_mideast_afp/ussaudiweaponstrade_20100913060123
2010-09-14,00:17:52,dd8aa,15,Animal massacre to kick off Euro 2012: Call for boycott over plan to kill stray animals.,globalpost.com,http://www.globalpost.com/dispatch/europe/100901/animal-rights-ukraine-peta-yanukovych
2010-09-14,04:42:46,ddc7e,17,"Cuba to lay off 500,000 in 6 months, allow private jobs",cnn.com,http://www.cnn.com/2010/WORLD/americas/09/13/cuba.economy/index.html
2010-09-13,20:54:17,dd5qq,16,"Woerthgate affair: Main French newspaper files complaint against counter-intelligence agency which, under presidential orders, tried to illegally shut a newspaper source on the multiple corruption affairs of the Employment minister, Eric Woerth",translate.google.com,http://translate.google.com/translate?hl=en&sl=fr&tl=en&u=http%3A%2F%2Fwww.lemonde.fr%2Fpolitique%2Farticle%2F2010%2F09%2F13%2Faffaire-woerth-le-monde-va-deposer-une-plainte-contre-x-pour-violation-du-secret-des-sources_1410327_823448.html%23ens_id%3D1373579
2010-09-14,02:11:17,dd9z9,13,"Kosovo Winemakers Face Bitter Harvest - Growers have accumulated the equivalent of 16 million unsold bottles, owing to the Serbian blockade on Kosovo products and the overall economic crisis.",balkaninsight.com,http://www.balkaninsight.com/en/main/analysis/30398/
2010-09-14,04:20:23,ddbw3,12,Local Sweden Democrat: 'ban' practicing Muslims,thelocal.se,http://www.thelocal.se/28928/20100911/
2010-09-13,21:16:14,dd5x7,12,Asylum for gay Saudi diplomat? ,msnbc.msn.com,http://www.msnbc.msn.com/id/39118941/ns/world_news-mideastn_africa
2010-09-13,18:52:58,dd4no,13,Chinese submarine plants flag two-miles deep at the bottom of the South China Sea,english.cntv.cn,http://english.cntv.cn/program/china24/20100827/101280.shtml
2010-09-13,08:38:23,dcyu5,11,"""By some estimates, the quake left about 33 million cubic yards of debris in Port-au-Prince -- more than seven times the amount of concrete used to build the Hoover Dam. So far, only about 2 percent has been cleared, which means the city looks pretty much as it did a month after the Jan. 12 quake.""",thestate.com,http://www.thestate.com/2010/09/11/1460150/just-2-percent-of-quake-debris.html
2010-09-14,00:52:12,dd8t0,11,Plane crashes in eastern Venezuela with 47 people on board.,bbc.co.uk,http://www.bbc.co.uk/news/world-latin-america-11289500
2010-09-14,02:29:16,dda8l,10,"Canada's military won't probe heroin allegations - 
The military was reacting to reports in the Sunday Times and the BBC that Canadian and British troops have been sending large quantities of heroin out of Afghanistan on military aircraft taking troops back to Britain.",cbc.ca,http://www.cbc.ca/canada/story/2010/09/13/afghanistan-heroin-smuggling-canadian-britain-soldiers.html
2010-09-13,00:11:09,dctpd,12,"Chavez's obsession with past turns creepy -- and he's not alone
",miamiherald.com,http://www.miamiherald.com/2010/09/11/v-fullstory/1820499/chavezs-obsession-with-past-turns.html
2010-09-13,17:21:01,dd3xe,11,Putin Stunts Hint At Another Presidency Bid,news.sky.com,http://news.sky.com/skynews/Home/World-News/Russias-Prime-Minister-Vladimir-Putins-Hardman-Stunts-Drop-Heavy-Hints-He-Will-Run-For-President/Article/201009215725825?f=rss
2010-09-13,20:11:10,dd5bq,11,"Youths run riot in anti-Asian protest
By Papua New Guinea correspondent Liam Fox",abc.net.au,http://www.abc.net.au/news/stories/2010/09/13/3010578.htm?section=justin
2010-09-14,00:47:35,dd8q8,10,"Amnesty: Iraq holds up to 30,000 detainees without trial",cnn.com,http://www.cnn.com/2010/WORLD/meast/09/13/iraq.detainees/
2010-09-13,11:29:17,dd0kb,10,Chinese Remake the ‘Made in Italy’ Fashion Label ,nytimes.com,http://www.nytimes.com/2010/09/13/world/europe/13prato.html?ref=world
2010-09-14,04:52:34,ddccq,7,"Obama may believe Netanyahu, but no one else does - Likud's hawks are not getting upset by his speeches, nor are his coalition partners hastening to part company from him. Apparently they don't believe him.",haaretz.com,http://www.haaretz.com/print-edition/opinion/happy-is-he-who-believes-1.313488
2010-09-13,15:53:06,dd37o,4,Christian worshippers attacked in Indonesia __ suspicion immediately falls on Islamic hard-liners ,hosted.ap.org,http://hosted.ap.org/dynamic/stories/A/AS_INDONESIA_CHRISTIANS_ATTACKED?SITE=AP&SECTION=HOME&TEMPLATE=DEFAULT&CTIME=2010-09-13-01-10-02
