2010-11-25,15:51:17,ebjhs,1022,Three teenage boys have been rescued after drifting in the Pacific Ocean for 50 days in a small boat. The boys had started drinking seawater and had eaten just one seagull during their ordeal.,smh.com.au,http://www.smh.com.au/world/boys-alive-after-50-days-adrift-in-pacific-20101125-188lc.html
2010-11-25,10:25:14,ebfja,599,Chinese villagers 'descended from Roman soldiers',telegraph.co.uk,"http://www.telegraph.co.uk/news/worldnews/asia/china/8154490/Chinese-villagers-descended-from-Roman-soldiers.html?sms_ss=reddit&at_xt=4cedc8fb39e0e671,0"
2010-11-25,23:13:53,ebnjy,265,Georgian Delegation Hires 80 Prostitutes during Lisbon NATO summit,interpressnews.ge,http://www.interpressnews.ge/en/politics/22269-georgian-delegation-hires-80-prostitutes-in-lisbon-portuguese-media.html
2010-11-25,23:59:47,ebo47,99,Erdogan: Turkey will not remain silent if Israel attacks Lebanon,haaretz.com,http://www.haaretz.com/news/diplomacy-defense/erdogan-turkey-will-not-remain-silent-if-israel-attacks-lebanon-1.326844
2010-11-25,23:06:33,ebngt,79,Pressure mounts on Pakistan's president to pardon Christian woman sentenced to death for blasphemy,globalpost.com,http://www.globalpost.com/dispatch/pakistan/101124/pakistan-death-sentence-blasphemy
2010-11-25,22:53:29,ebnc6,61,"Chief Ministers for 20 years have been giving away prime real estate to relatives, servants, drivers, maids! Each property costs more than US$ 440,000!",tehelka.com,http://www.tehelka.com/story_main48.asp?filename=Ne041210Servants_Drivers.asp
2010-11-25,13:55:37,ebi5o,54,South Korea to bolster troops against Pyongyang,bbc.co.uk,http://www.bbc.co.uk/news/world-asia-pacific-11836194
2010-11-26,06:54:18,ebt44,52,Armoured carriers enter Brazil slum as security forces prepare to take on drug gangs.,english.aljazeera.net,http://english.aljazeera.net/news/americas/2010/11/2010112517548384962.html
2010-11-26,00:01:12,ebo4y,41,"Former President charged with raping former employee while serving as tourism minister, sexually assaulting two others as president, and obstructing justice",haaretz.com,http://www.haaretz.com/news/national/katsav-to-receive-rape-trial-verdict-before-end-of-year-1.326851
2010-11-25,11:49:45,ebgla,38,"North Korea warned of additional military attacks if South Korea makes ""reckless military provocations again""",reuters.com,http://www.reuters.com/article/idUSL3E6MN0SQ20101125
2010-11-26,05:57:58,ebsir,37,"Israeli activists say Jerusalem police are kidnapping children, interrogating kids as young as 8 years old",rawstory.com,http://www.rawstory.com/rs/2010/11/israel-police-fire-abusing-children/
2010-11-25,19:43:53,eblkr,28,Boys alive after 50 days adrift in Pacific,abc.net.au,http://www.abc.net.au/news/stories/2010/11/25/3076634.htm
2010-11-25,19:50:45,ebln8,21,South Korean Defence Minister Resigns ,gmanews.tv,http://www.gmanews.tv/story/206902/south-korea-defense-miniser-resigns
2010-11-25,08:08:17,ebdsn,20,Europe's debt contagion could spread from Ireland to Portugal — and then Spain,globalpost.com,http://www.globalpost.com/dispatch/portugal/101124/portuguese-economy-debt-crisis-bailout
2010-11-25,09:06:48,ebeif,18,Worse than Fritzl: Argentine fathers 10 children with his daughter,theage.com.au,http://www.theage.com.au/world/argentine-fathers-10-children-with-daughter-20101125-1881k.html
2010-11-25,20:40:18,ebm20,18,"This week, an international commission is meeting to determine the fate of the Atlantic bluefin. Experts estimate the Atlantic bluefin population has declined up to 85% from its original numbers ",alternet.org,http://www.alternet.org/food/148927/bluefin_tuna%27s_high_price_tag_%28up_to_%24100%2C000%29_means_they%27ve_been_fished_to_the_brink_--_can_we_save_them/
2010-11-25,08:59:35,ebef6,15,"Obama's humiliating offer to Netanyahu: it was made thanks to Dennis Ross (the President's top Middle East adviser), who seems to think that an ""all carrots, no sticks"" policy is the best way to deal with Bibi. He's wrong.",tpmcafe.talkingpointsmemo.com,http://tpmcafe.talkingpointsmemo.com/2010/11/24/obamas_humiliating_offer_to_netanyahu/#more
2010-11-25,08:44:53,ebe8h,15,"BRIC leaders discuss ""multipolar"" world order, including alternatives to the U.S. dollar as global reserve currency",upi.com,http://www.upi.com/Top_News/Special/2010/04/15/BRIC-leaders-aim-for-multipolar-world-order/UPI-67801271342782/
2010-11-25,22:16:59,ebmxw,16,Mexico drugs baron admits tourist deaths mistake,bbc.co.uk,http://www.bbc.co.uk/news/world-latin-america-11834379
2010-11-25,11:50:06,ebglc,14,"Looked at the picture. Read the quote, ""I will never let you go when I see your soul in the afterlife."" Stop, tears. Stop.",news.yahoo.com,http://news.yahoo.com/s/afp/20101031/wl_asia_afp/nkoreaskoreapoliticsreunions
2010-11-26,01:18:34,ebp44,14,"Ireland to rise again, with or without the euro.",theglobeandmail.com,http://www.theglobeandmail.com/report-on-business/economy/economy-lab/carl-mortished/ireland-will-rise-again---with-or-without-the-euro/article1812975/
2010-11-26,03:36:42,ebqw1,15,"Brazil Marines join slum battles, 30 people killed",reuters.com,http://www.reuters.com/article/idUSTRE6AO3R220101125
2010-11-25,23:04:05,ebnfp,16,"Superbug reported in DK

An NDM-1 infection has been seen for the first time in Denmark.",politiken.dk,http://politiken.dk/newsinenglish/ECE1124496/superbug-reported-in-dk/
2010-11-26,02:28:17,ebq0t,14,"News Corps paywall around ""the Times"" is paying off wonderfully. Readership has dropped by 99.9% and most of those get it free with a print subscription.",guardian.co.uk,http://www.guardian.co.uk/technology/blog/2010/nov/25/times-paywall-cory-doctorow
2010-11-25,17:07:08,ebk6o,14,North Korea threatens more attacks on South ,telegraph.co.uk,http://www.telegraph.co.uk/news/worldnews/asia/northkorea/8158799/North-Korea-threatens-more-attacks-on-South.html
2010-11-25,10:59:19,ebfzc,11,"  Haiti 'facing cholera treatment shortages'.Haiti needs at least 1,000 more nurses and 100 doctors to stem deaths from its cholera epidemic, the UN's top humanitarian official has said.",bbc.co.uk,http://www.bbc.co.uk/news/world-latin-america-11835859
2010-11-25,10:32:43,ebfn8,11,Iranian Lawmakers Move to Impeach President Mahmoud Ahmadinejad - The Daily Beast,thedailybeast.com,http://www.thedailybeast.com/blogs-and-stories/2010-11-23/iranian-lawmakers-move-to-impeach-president-mahmoud-ahmadinejad/
2010-11-26,06:43:14,ebszs,10,"One in three South African men admit to rape, survey finds",guardian.co.uk,http://www.guardian.co.uk/world/2010/nov/25/south-african-rape-survey
2010-11-26,06:07:08,ebslr,10,"Belgium joins Portugal, Spain and Italy on the hit list of countries that may be heading for financial crisis",guardian.co.uk,http://www.guardian.co.uk/world/2010/nov/24/belgium-financial-markets-hit-list
2010-11-26,06:13:03,ebsnt,8,"Turkey vows reaction to Israeli threat | PressTV - ""Does (Israel) think it can enter Lebanon with the most modern aircraft and tanks to kill women and children, and destroy schools and hospitals, and then expect us to remain silent?"" AFP quoted him as saying in the Lebanese capital of Beirut.",presstv.ir,http://www.presstv.ir/detail/152617.html
