2010-08-26,03:01:25,d5d93,111,Criminalization of drug use is spreading HIV,scientificamerican.com,http://www.scientificamerican.com/article.cfm?id=a-failed-war-on-drugs
2010-08-25,21:05:16,d58oy,100,BBC News - Fort Carson soldiers' killing spree after Iraq combat,bbc.co.uk,http://www.bbc.co.uk/news/world-us-canada-11057430
2010-08-25,04:58:50,d4z8y,85,Former Swedish chief prosecutor demands explanation for Assange arrest order,skandinaviflorida.com,http://www.skandinaviflorida.com/web/sif.nsf/d6plinks/JEIE-88KHYT
2010-08-25,09:42:43,d52d7,80,Catholic priest behind 1972 IRA bombing was protected by church and government officials,dw-world.de,"http://www.dw-world.de/dw/article/0,,5938994,00.html"
2010-08-25,22:26:12,d59jv,61,Wikileaks Releasing CIA Paper Today [CNN],cnn.com,http://www.cnn.com/2010/US/08/25/wikileaks.cia.release/index.html?hpt=T2
2010-08-25,11:09:28,d539l,52,Russia returns to Afghanistan to fight drug war and smuggling with U.S. approval,time.com,"http://www.time.com/time/world/article/0,8599,2012440,00.html"
2010-08-25,19:05:07,d57mh,50,Marines find 72 bodies in northern Mexico,catastrophemonitor.com,http://catastrophemonitor.com/public_html/article.php?story=20100824235255363
2010-08-25,18:37:18,d57e1,39,UK: MI6 worker found murdered in London flat,guardian.co.uk,http://www.guardian.co.uk/world/2010/aug/25/mi6-worker-murdered-london-flat
2010-08-26,02:25:37,d5cs6,40,"Pakistan is a failed state, not because of Zardari, and not because of America.",tribune.com.pk,http://tribune.com.pk/story/42158/pakistan&rsquo;s-human-cockroaches/
2010-08-26,00:46:07,d5bdk,42,The European Union's top diplomat has slammed Israel for convicting a Palestinian activist who leads protests against the West Bank separation barrier,google.com,http://www.google.com/hostednews/ap/article/ALeqM5iAh0N-uwaXA_qHwldlCOBmlimzmwD9HQILG82
2010-08-26,06:43:45,d5g4z,39,The biggest megalopolis you’ve never heard of hides in the fog,wired.com,http://www.wired.com/rawfile/2010/08/chongqing/?pid=93
2010-08-25,10:49:31,d531r,15,"Nearly 600 Israelis have signed up for a campaign of civil disobedience, vowing to risk jail to smuggle Palestinian women and children into Israel for a brief taste of life outside the occupied West Bank",thenational.ae,http://www.thenational.ae/apps/pbcs.dll/article?AID=/20100824/FOREIGN/708239920/1040/FRONTIERS
2010-08-25,23:31:55,d5ae3,14,"The Anarchic Republic of Pakistan | ""Deep state"" of military and intelligence officials, supported by US, is nourishing terrorism, ruining country. Civilians helpless, politicians corrupt. ""A creeping coup d’état by the forces of darkness"" ",nationalinterest.org,http://nationalinterest.org/article/anarchic-republic-pakistan-3917
2010-08-26,07:37:41,d5gti,9,Iran: Blogger May Face Charge of ‘Waging War Against God’,advocacy.globalvoicesonline.org,http://advocacy.globalvoicesonline.org/2010/08/25/iran-blogger-may-face-charge-of-%e2%80%98waging-war-against-god/
2010-08-26,03:42:42,d5dua,11,Finland Suspends Swine Flu Shots After Vaccine Linked With Neurological Disorder: Finland’s National Institute for Health and Welfare (THL) has suspended the use of the H1N1 vaccine over fears that the shot is linked with narcolepsy.,infowars.com,http://www.infowars.com/finland-suspends-swine-flu-shots-after-vaccine-linked-with-neurological-disorder/
2010-08-25,16:16:43,d566g,11,"Hamas: Exiled leader Meshaal deems Abbas too weak in upcoming talks (""fatal blow"" to the Palestinian cause), urges Egypt and Jordan to boycott",english.aljazeera.net,http://english.aljazeera.net/news/middleeast/2010/08/2010824202513336792.html
2010-08-25,15:53:13,d55zl,9,British spy found murdered in London flat,telegraph.co.uk,http://www.telegraph.co.uk/news/uknews/crime/7963082/British-spy-found-murdered-in-London-flat.html
2010-08-25,22:13:04,d59e3,10,"Avigdor Lieberman, told Israel Radio: he realized that resuming settlement construction would antagonize both the U.S. and the Palestinians. But he said that maintaining tight restrictions on building would ""punish"" tens of thousands of people in the settlement",google.com,http://www.google.com/hostednews/canadianpress/article/ALeqM5gMtKUTOCP6F_eOpcPx9Bqb0l3A0w
2010-08-26,03:01:41,d5d9a,8,Iran Test-Fires New Version of Fateh Missle To Add To Its Growing Arsenal ,cnn.com,http://www.cnn.com/2010/WORLD/meast/08/25/iran.missile.testing/index.html?hpt=Sbin
2010-08-25,23:25:57,d5abb,9,"Hair Today, Prime Minister Tomorrow - Funny piece, serious point. Working-class Turkish men have moustaches. Politicians must do same, to get votes. Opposition party doing much better after dumping clean-shaven leader for man with whiskers
",washingtoninstitute.org,http://www.washingtoninstitute.org/templateC06.php?CID=1501
2010-08-26,02:31:27,d5cv3,8,Devastating series of attacks across Iraq kill 55 ,news.yahoo.com,http://news.yahoo.com/s/ap/20100825/ap_on_re_mi_ea/ml_iraq
2010-08-26,03:27:01,d5dmm,7,Mexican president says violence is progress in drug war,news.scotsman.com,http://news.scotsman.com/world/Bloodshed-set-to-intensify-in.6492408.jp
2010-08-25,22:50:22,d59ui,8,Bolivian killing of Irish national allegedly linked to CIA.,irishcentral.com,http://www.irishcentral.com/news/Bolivian-Killing-of-Irish-national-allegedly-linked-to-CIA-101251639.html
2010-08-26,02:44:45,d5d19,7,"Bodies of 72 People Found in Mass Grave in Northern 
Mexico After Shootout",bloomberg.com,http://www.bloomberg.com/news/2010-08-25/bodies-of-72-people-found-in-mass-grave-in-northern-mexico-after-shootout.html
2010-08-26,03:44:55,d5dvc,6," 	

Canada intercepts Russian bombers: 
Russia resumes Soviet-style flights over North America as struggle for artic heats up.",rawstory.com,http://www.rawstory.com/rs/2010/0825/canada-intercepts-russian-bombers/
2010-08-26,03:45:21,d5dvk,8,"France in Afghanistan 'As Long As Necessary' - ""France will remain engaged in Afghanistan, with its allies, for as long as necessary and for as long as the Afghan people wish,"" said President Nicolas Sarkozy.",defensenews.com,http://www.defensenews.com/story.php?i=4756854&c=EUR&s=TOP
2010-08-25,21:04:14,d58ok,4,Mudslide Danger on Mont Blanc,spiegel.de,"http://www.spiegel.de/international/europe/0,1518,713669,00.html"
2010-08-26,05:59:22,d5fky,5,How The Chilean Minors Survived on 2 Days Worth of Food For Over 2 Weeks,news.yahoo.com,http://news.yahoo.com/s/ap/20100824/ap_on_bi_ge/lt_chile_mine_collapse
2010-08-26,00:18:07,d5az5,6,Aussie Tax Office Bans Crocodile Dundee From Leaving Australia - Actor Paul Hogan has been involved in a five year court case with the ATO over an alleged multi-million-dollar unpaid tax bill. ,abc.net.au,http://www.abc.net.au/news/stories/2010/08/25/2993558.htm
2010-08-26,06:59:00,d5gco,4,Italy's German-Speaking Province Escapes the Crisis,spiegel.de,"http://www.spiegel.de/international/europe/0,1518,713438,00.html"
