2010-11-28,23:33:13,ecvj0,1431,"Saudi Male Guardianship = Slavery. Year after year, the 42-year-old Saudi surgeon remains single, against her will. Her father keeps turning down marriage proposals, and her hefty salary keeps going directly to his bank account.",news.yahoo.com,http://news.yahoo.com/s/ap/20101127/ap_on_re_mi_ea/ml_saudi_women_s_rights%3B_ylt%3DAmn14HGx_hjhWG70T_eNHOus0NUE%3B_ylu%3DX3oDMTFpdmtuNW80BHBvcwMzOQRzZWMDYWNjb3JkaW9uX21vc3RfcG9wdWxhcgRzbGsDc2F1ZGl3b21lbnN1
2010-11-28,10:52:50,ecpdh,714,"Here we go again... Explosion sounds of artillery fire heard on Yeonpyeong Island, S. Korean official says",english.yonhapnews.co.kr,http://english.yonhapnews.co.kr/northkorea/2010/11/28/47/0401000000AEN20101128001900320F.HTML
2010-11-28,01:36:07,eciz1,669,"Der Spiegel: Wikileaks to release 251,287 cables and 8,000 diplomatic directives, 1966-present, none classified as ""top secret"", only ""secret""",wlcentral.org,http://wlcentral.org/node/358
2010-11-28,09:19:36,ecodm,194,Chanos vs. China - The influential short-seller is betting that China's economy is about to implode in a spectacular real estate bust. A lot of people are hoping that Chanos - who called Enron right - is wrong this time.,finance.fortune.cnn.com,http://finance.fortune.cnn.com/2010/11/17/chanos-vs-china/
2010-11-29,02:28:26,ecxkj,186,Wikileaks: Guardian coverage,guardian.co.uk,http://www.guardian.co.uk/world/the-us-embassy-cables
2010-11-29,02:30:30,ecxll,160,Wikileaks: The whole release is here,guardian.co.uk,http://www.guardian.co.uk/world/series/us-embassy-cables-the-documents
2010-11-28,08:31:36,ecnui,111,"North Korea's undercover journalists reveal misery of life in dictatorship: ""With its ruthless dictator, network of forced labour camps and iron grip of its ruling party, North Korea is the last country one might expect to see a middle-aged woman berating a policeman for demanding a bribe.""",telegraph.co.uk,http://www.telegraph.co.uk/news/worldnews/asia/southkorea/8165274/North-Koreas-undercover-journalists-reveal-misery-of-life-in-dictatorship.html
2010-11-29,00:55:32,ecwdk,83,"Wikileaks release: in Russia, fear of damage to future US relations ",csmonitor.com,http://www.csmonitor.com/World/Europe/2010/1126/Wikileaks-release-in-Russia-fear-of-damage-to-future-US-relations
2010-11-29,07:59:21,ed1st,79,"Wikileaks documents show that China was indeed behind attacks on Gmail, US and SK have been talking about a collapsed NK, US has been bargaining with other countries for Guantánamo prisoners, Saudi remains the chief donors of terrorist groups, US clashed with Europe over human rights, and more!",nytimes.com,http://www.nytimes.com/2010/11/29/world/29cables.html?_r=1&pagewanted=all
2010-11-29,02:21:38,ecxgz,80,US embassy cables: Saudi king urges US strike on Iran ,guardian.co.uk,http://www.guardian.co.uk/world/us-embassy-cables-documents/150519
2010-11-29,06:42:09,ed0sl,62,"WikiLeaks Archive - North Korea gave Iran powerful mid-range missiles capable of hitting Moscow; Obama gets China, Russia on board with much stricter Iranian sanctions",nytimes.com,http://www.nytimes.com/2010/11/29/world/middleeast/29iran.html
2010-11-29,07:54:40,ed1qo,55,"WikiLeaked cable from Bob Gates: “Russian 
democracy has disappeared and the government 
was an oligarchy run by the security services”",thecable.foreignpolicy.com,"http://thecable.foreignpolicy.com/posts/2010/11/28/wikileaked_cable_from_bob_gates_russian_democracy_has_disappeared?sms_ss=reddit&at_xt=4cf2eb8334f302a1,0"
2010-11-28,16:29:42,ecsps,54,this page is operated by the North Korean government,uriminzokkiri.com,http://www.uriminzokkiri.com/newspaper/english/main.php
2010-11-28,19:45:08,ectxi,50,Oops: S. Korean artillery mistakenly fired on DMZ,english.yonhapnews.co.kr,http://english.yonhapnews.co.kr/national/2010/11/28/63/0301000000AEN20101128005100315F.HTML
2010-11-28,12:00:59,ecq3t,42,South African government wants to use UAVs to hunt rhino poachers,timeslive.co.za,http://www.timeslive.co.za/local/article784374.ece/Drone-to-hunt-poachers
2010-11-29,02:16:41,ecxe9,40,Wikileaks: Saudi Arabia urges US attack on Iran,guardian.co.uk,http://www.guardian.co.uk/world/2010/nov/28/us-embassy-cables-saudis-iran
2010-11-29,02:32:26,ecxmr,32,WikiLeaks Archive — Cables Uncloak U.S. Diplomacy - NYTimes.com,nytimes.com,http://www.nytimes.com/2010/11/29/world/29cables.html?ref=world
2010-11-29,03:15:44,ecy7f,31,WikiLeaks 'to highlight Putin and Berlusconi's special relationship' ,telegraph.co.uk,http://www.telegraph.co.uk/news/worldnews/europe/italy/8166090/WikiLeaks-to-highlight-Putin-and-Berlusconis-special-relationship.html
2010-11-28,12:25:05,ecqcg,31,"Cuba to send medical reinforcements to Haiti. ""The new delegation brings the number of Cuban medical workers in the country to 1,300.""",edition.cnn.com,http://edition.cnn.com/2010/WORLD/americas/11/27/cuba.haiti.aid/index.html
2010-11-29,02:15:52,ecxdu,32,Wikileaks: US spying on UN leadership,guardian.co.uk,http://www.guardian.co.uk/world/2010/nov/28/us-embassy-cables-spying-un
2010-11-28,14:26:12,ecrmp,27,New WikiLeaks files 'to reveal American criticism of Mandela',dailymail.co.uk,http://www.dailymail.co.uk/news/article-1333723/New-WikiLeaks-files-reveal-American-criticism-Mandela.html
2010-11-28,21:12:36,ecuf6,27,"""As prophesied, the boy priest grew up to become one of Liberia's most notorious warlords: General Butt Naked.""",dailymail.co.uk,http://www.dailymail.co.uk/news/article-1333465/Liberias-General-Butt-Naked-The-evil-man-world.html#ixzz16aAdHEiM
2010-11-29,04:25:50,ecz43,24,Wikileaks: Israel urged US to attack Iran,haaretz.com,http://www.haaretz.com/news/diplomacy-defense/report-wikileaks-claims-u-s-dismissed-israel-s-warnings-about-iran-bomb-1.327453??
2010-11-28,17:48:04,ect8l,25,China wants to resume talks aimed at denuclearizing North Korea amid rising military tensions surrounding the Korean Peninsula.,koreaherald.com,http://www.koreaherald.com/national/Detail.jsp?newsMLId=20101128000418
2010-11-28,11:31:59,ecps1,20,Japan spots Chinese vessels near disputed islands: report,news.yahoo.com,http://news.yahoo.com/s/nm/20101128/wl_nm/us_japan_china_islands
2010-11-28,21:52:12,ecuol,22,N. Korea naval bases and artillery deployments in the Yellow Sea.  [infographic/map],app.yonhapnews.co.kr,http://app.yonhapnews.co.kr/YNA/Basic/ArticleEnglish/ArticleGraphic/YIBW_GraphicView.aspx?contents_id=GYH20101124000600320
2010-11-28,21:30:23,ecujh,20,Hitchens defeats Tony Blair in debate on whether religion is a force for good,telegraph.co.uk,http://www.telegraph.co.uk/news/newstopics/politics/tony-blair/8164552/Tony-Blair-defends-religious-faith.html
2010-11-29,02:31:53,ecxmi,15,"That “bailout” for Ireland mostly seems to be about the government imposing even more pain on its people, in exchange for a credit line. ",nytimes.com,http://www.nytimes.com/2010/11/26/opinion/26krugman.html?_r=1&src=me&ref=general
2010-11-28,11:45:01,ecpx7,16,North Korea deploys missiles near South border as naval exercises get underway.,abc.net.au,http://www.abc.net.au/news/stories/2010/11/28/3078612.htm
2010-11-28,14:12:44,ecrgz,16,Turkey suspends three senior officers over coup plot,bbc.co.uk,http://www.bbc.co.uk/news/world-europe-11839789
