2010-09-22,10:53:26,dh4ty,256,"""what you have is evidence about what real aggression is, which is the President of the United States is always insinuating that we reserve the right, at any moment, at any time, at our will, to go on to military attack on Iran, even if they don’t attack us.""",democracynow.org,http://www.democracynow.org/2010/9/21/glenn_greenwald_on_iran_tea_party
2010-09-22,18:54:28,dh9sa,78,"China's crackdown on human trafficking frees 16,517 abducted women and children",news.xinhuanet.com,http://news.xinhuanet.com/english2010/china/2010-09/20/c_13520175.htm
2010-09-23,04:13:17,dhhbs,66,Bill Clinton: Russian immigrants in Israel are an obstacle to peace,haaretz.com,http://www.haaretz.com/news/diplomacy-defense/bill-clinton-russian-immigrants-in-israel-are-an-obstacle-to-peace-1.315244
2010-09-22,21:15:44,dhaz1,65,Al Jazeera has called on the International Security Assistance Force (Isaf) to immediately release two of its cameramen arrested in Afghanistan over the last 72 hours.,youtube.com,http://www.youtube.com/watch?v=Ti7JkPuZ81Q
2010-09-23,02:10:00,dhfbu,50,Mexico building a wall on part of the border with Guatemala.,ipsnews.net,http://ipsnews.net/news.asp?idnews=52838
2010-09-22,15:36:25,dh83g,47,"Some Afghan Boys Are Girls - 
Fascinating, quirky feature on Afghan obsession with sons. Parents with a string of daughters can elect to dress and raise one as a boy, in the hope of getting a son next. Schools and society turn a blind eye
",nytimes.com,http://www.nytimes.com/2010/09/21/world/asia/21gender.html?_r=1&ref=homepage&amp;src=me&amp;pagewanted=all
2010-09-23,07:47:03,dhkh3,44,UN finds Israel broke international law in attack on Gaza-bound flotilla ,examiner.com,http://www.examiner.com/world-news-in-national/un-finds-israel-broke-international-law-attack-on-gaza-bound-flotilla
2010-09-22,17:52:30,dh99w,33,Indias commonwealth games are finished before they ever started,abc.net.au,http://www.abc.net.au/news/stories/2010/09/22/3019228.htm
2010-09-23,01:48:26,dheyg,34,Bombing at Military Parade in Iran kills 12,latimes.com,"http://www.latimes.com/news/nationworld/world/la-fg-iran-bombing-20100923,0,3835675.story"
2010-09-22,20:51:57,dhaq8,31,Israel Rules Out Signing Nuclear Non-Proliferation Treaty | Official: Asking Israel to Sign NPT Violates International Law,news.antiwar.com,http://news.antiwar.com/2010/09/21/israel-rules-out-signing-nuclear-non-proliferation-treaty/
2010-09-22,19:15:29,dh9y0,35,A Palestinian has been killed after a Jewish settlement guard opened fire at a group of men in an Arab neighbourhood of East Jerusalem.,english.aljazeera.net,http://english.aljazeera.net/news/middleeast/2010/09/201092272213929692.html
2010-09-22,21:28:01,dhb3o,20,"With the country suffering from a drought, the Fijian dictatorship tries to stop tourism declines by banning the Met Service from reporting on the weather",fijitimes.com,http://www.fijitimes.com/story.aspx?id=156109
2010-09-23,03:45:57,dhgxo,17,11 accused of rhino poaching in S African court today. - On World Rhino Day.,news24.com,http://www.news24.com/SouthAfrica/News/Relief-as-alleged-poachers-get-bail-20100922
2010-09-22,22:11:14,dhbmc,16,"Report: India to be the fourth most powerful nation/bloc in the world after the United States, China, and the European Union",timesofindia.indiatimes.com,http://timesofindia.indiatimes.com/india/From-Third-World-country-to-third-most-powerful-nation/articleshow/6603835.cms
2010-09-23,07:09:07,dhjxw,15,Chinese mine bosses circumvent law saying they have to work in the mines like a boss,guardian.co.uk,http://www.guardian.co.uk/world/2010/sep/21/china-mine-bosses-stand-ins
2010-09-22,22:49:29,dhc6l,15,Riots Erupt Near Temple Mount of Shot Palestinian,haaretz.com,http://www.haaretz.com/news/diplomacy-defense/riots-in-temple-mount-western-wall-area-after-palestinian-shot-dead-by-israeli-guard-1.315190
2010-09-22,08:42:08,dh3b5,14,High speed rail network extends into central China,chinadaily.com.cn,http://www.chinadaily.com.cn/sports/2010-09/21/content_11334537.htm
2010-09-23,01:53:52,dhf1u,11,Israeli police storm Jerusalem mosque compound ,msnbc.msn.com,http://www.msnbc.msn.com/id/39307598/ns/world_news-mideastn_africa/
2010-09-22,22:24:41,dhbu4,10,False ceiling collapses at Commonwealth Games venue,timesofindia.indiatimes.com,http://timesofindia.indiatimes.com/sports/events-tournaments/commonwealth-games/top-stories/False-ceiling-collapses-at-Commonwealth-Games-venue/articleshow/6605975.cms
2010-09-23,06:58:53,dhjtq,11,Rabid vampire bats kill five children,abc.net.au,http://www.abc.net.au/news/stories/2010/09/23/3019496.htm?section=justin
2010-09-22,09:03:06,dh3ko,9,Train crash kills 21 in India.,chinadaily.com.cn,http://www.chinadaily.com.cn/world/2010-09/21/content_11331096.htm
2010-09-23,07:59:25,dhkko,8,UN experts: Israel flotilla raid broke int'l law,news.yahoo.com,http://news.yahoo.com/s/ap/20100922/ap_on_re_eu/un_un_israel_flotilla_report
2010-09-22,19:56:05,dha9u,6,"France at 'imminent' risk of terrorist attack, intelligence indicates",france24.com,http://www.france24.com/en/20100920-intelligence-france-imminent-risk-terrorist-attack-hortefeux-qaeda-islamic-maghreb-aqim
2010-09-23,01:05:39,dhe8x,7,Women take majority in Swiss cabinet for first time,reuters.com,http://www.reuters.com/article/idUSLDE68L0ZO20100922
2010-09-22,15:16:05,dh7vu,7,"Titanic sunk by steering blunder, new book claims.  
It was always thought the Titanic sank because its crew were sailing too fast and failed to see the iceberg before it was too late.
",telegraph.co.uk,http://www.telegraph.co.uk/culture/books/booknews/8016752/Titanic-sunk-by-steering-blunder-new-book-claims.html
2010-09-22,11:31:41,dh5ah,7,BBC under fire after removing video of Greek shoe protest from its website,guardian.co.uk,http://www.guardian.co.uk/media/2010/sep/21/bbc-under-fire-video-shoe-protest
2010-09-22,22:20:41,dhbrf,7,"Charges on South Africa 'kidney trafficking syndicate': ""[...] Netcare's hospital in Durban allegedly conducted more than 100 operations in 2001-03 in which poor Brazilians and Romanians were paid to donate kidneys to wealthy Israelis [...]""",bbc.co.uk,http://www.bbc.co.uk/news/world-africa-11328018
2010-09-22,19:47:39,dha7c,6,"Two strangers who gassed themselves in a car had met for the first time just hours before they died after making a suicide pact on the internet, police believe. ",telegraph.co.uk,http://www.telegraph.co.uk/news/uknews/8017532/Suicide-pact-strangers-met-on-the-internet.html
2010-09-22,14:01:41,dh73s,6,Can Soldiers Be Sentenced to Death for Killing Civilians? ,foreignpolicy.com,http://www.foreignpolicy.com/articles/2010/09/21/can_soldiers_be_sentenced_to_death_for_killing_civilians
2010-09-23,02:19:18,dhfhb,7,Privatizing electricity puts Nigeria on the right track - The chief economist for the International Energy Agency says oil-rich Nigeria has the capacity to extend electricity to all its 150 million citizens.,csmonitor.com,http://www.csmonitor.com/World/Africa/2010/0922/Privatizing-electricity-puts-Nigeria-on-the-right-track-IEA-economist
