2010-03-17,22:22:41,beji4,998,"Spanish music rights organization SGAE brings link site to court. Outcome: ""if an individual uses P2P networks like eDonkey or BitTorrent to obtain copyright material for non-profit reasons, the act is completely legal"". Whoops!",torrentfreak.com,http://torrentfreak.com/file-sharing-and-link-sites-declared-legal-in-spain-100315/
2010-03-17,08:29:33,beaey,739,Pepsi to pull drinks from schools worldwide,mcclatchydc.com,http://www.mcclatchydc.com/2010/03/16/90500/pepsi-to-pull-drinks-from-schools.html
2010-03-18,05:49:08,bepzo,576,"The New York Times again refers to settlements as ""suburbs"" and ""neighborhoods,"" omitting the fact that they are illegal under the Geneva Convention, as ruled upon by the World Court. Orwell was right, the biggest lie of all is omission.",nytimes.com,http://www.nytimes.com/2010/03/17/world/middleeast/17mideast.html?ref=todayspaper
2010-03-17,15:34:27,beets,397,Israel virtually destroyed a school in Gaza and now they refuse to allow it to be repaired. I guess Israels policy is to deny Palestinians education then mock them for being uneducated.,btselem.org,http://www.btselem.org/English/testimonies/20100214_School_damaged_in_Cast_lead_Operation_still_unreparied_witness_Saed_Sultan.asp
2010-03-17,22:55:02,bek0i,119,A great read from 1982 when Ronald Reagan threatened to impose sanctions on Israel for the Siege of Beirut.,time.com,"http://www.time.com/time/magazine/article/0,9171,950716,00.html"
2010-03-18,02:50:56,benm8,80,"To prove how tolerant they are of ethnic minorities, Turkey threatens to expel 100,000 Armenians",news.bbc.co.uk,http://news.bbc.co.uk/2/hi/europe/8572934.stm
2010-03-18,06:34:04,beqhf,79,"Dubai jail 2 Indians for sending text messages.  Judge says SMS showed they planned to ""commit sin"" i.e have extra-marital sex.",news.bbc.co.uk,http://news.bbc.co.uk/2/hi/middle_east/8573565.stm
2010-03-17,16:46:02,befje,73,"Israeli Army Policy: We will allow Palestinians to record stuff, because you know, we don't do anything that is bad, Reality: IDF soldiers attempt to prevent filming for fear they will be caught doing something bad. Official Policy vs. Reality strikes again in Israel",btselem.org,http://www.btselem.org/english/Video/20100225_Soldiers_obstruct_btselem_photographers.asp
2010-03-18,02:17:46,ben6g,61,Does Israel's settlement expansion have the support of the American people?  Short Answer: NO.,blogs.ajc.com,http://blogs.ajc.com/jay-bookman-blog/2010/03/17/poll-by-2-1-u-s-voters-oppose-west-bank-settlements/?cxntfid=blogs_jay_bookman_blog
2010-03-18,02:21:12,ben83,34,U.S. general Petraeus: Israel-Palestinian conflict foments anti-U.S. sentiment,haaretz.com,http://www.haaretz.com/hasen/spages/1157108.html
2010-03-17,20:46:02,bei5o,29," Game show contestants turn torturers in a new psychological experiment for French television, zapping a man with electricity until he cries for mercy -- then zapping him again until he seems to drop dead.",news.yahoo.com,http://news.yahoo.com/s/afp/20100316/ts_afp/francetelevisionpsychologyentertainment
2010-03-17,09:43:23,beb52,25,"In a Desert in China, a Trove of 4,000-Year-Old European Mummies",nytimes.com,http://www.nytimes.com/2010/03/16/science/16archeo.html?ref=science
2010-03-17,10:44:12,bebq0,22,Construction workers for the 2014 Sochi Winter Olympics have gone unpaid since December. Many are without food and forced to quit the job.,sptimes.ru,http://www.sptimes.ru/index.php?action_id=2&story_id=30978
2010-03-18,01:11:26,bem5f,20,Chile: Why were new buildings prone to destruction? Apartment owners are turning to legal action after their homes collapsed.,globalpost.com,http://www.globalpost.com/dispatch/chile/100315/building-codes-earthquake
2010-03-18,01:44:25,bemnq,16,"Brazil president steps between Israel and Iran: ""The world leaders I spoke to believe that we must act quickly, otherwise Israel will attack Iran""",atimes.com,http://www.atimes.com/atimes/Middle_East/LC18Ak03.html
2010-03-17,22:52:32,bejzb,20,Pakistani court charges 5 Americans with terrorism,news.yahoo.com,http://news.yahoo.com/s/ap/20100317/ap_on_re_as/as_pakistan_us_arrests
2010-03-18,03:54:13,beoj2,14,Playboy accidentally played out on children's TV,news.bbc.co.uk,http://news.bbc.co.uk/2/hi/entertainment/8571798.stm
2010-03-17,23:51:52,bekuw,14," Riots rock Jerusalem as Hamas calls for new 'intifada'. ""Hundreds of Palestinians clashed with Israeli security forces across east
Jerusalem on Tuesday in the worst rioting in years as a senior Hamas leader
called for a new 'intifada,' or uprising.""",smh.com.au,http://www.smh.com.au/world/riots-rock-jerusalem-as-hamas-calls-for-new-intifada-20100317-qcyn.html?autostart=1
2010-03-18,01:29:57,bemfp,14,Germany's Chancellor Angela Merkel says she wants the eurozone to be able to exclude one of its members in future if that is necessary to avert a crisis.,news.bbc.co.uk,http://news.bbc.co.uk/1/hi/world/europe/8572257.stm
2010-03-17,10:48:53,bebrm,13,The children of Sialkot now toil in the local brickworks,spiegel.de,"http://www.spiegel.de/international/world/0,1518,683873,00.html"
2010-03-17,21:46:24,beiz8,13,Mexico urges US help in drug war ,english.aljazeera.net,http://english.aljazeera.net/news/americas/2010/03/201031733120810322.html
2010-03-17,22:12:57,bejcj,12,"Turkey PM says the country could deport up to 100,000 Armenians",globalpost.com,http://www.globalpost.com/breaking-news/general/turkey-pm-says-could-deport-100000-armenians
2010-03-17,10:17:55,bebgo,12,"Mexico's President Calderon seeks US help on drugs war
",news.bbc.co.uk,http://news.bbc.co.uk/2/hi/americas/8571529.stm
2010-03-17,12:59:19,bed5y,10,Afghanistan Enacts Law That Gives War Criminals Blanket Immunity,truthout.org,http://www.truthout.org/afghanistan-enacts-law-giving-blanket-immunity-war-criminals57746
2010-03-17,21:41:55,beix5,8,Taking turns at slaughter in Nigeria,latimes.com,"http://www.latimes.com/news/nation-and-world/more/la-fg-nigeria-jos17-2010mar17,0,4783086.story?track=rss&utm_source=feedburner&utm_medium=feed&utm_campaign=Feed%3A+latimes%2Fmostviewed+%28L.A.+Times+-+Most+Viewed+Stories%29"
2010-03-18,06:55:36,beqpy,9,Jogger dies as plane crashed on him,mirror.co.uk,http://www.mirror.co.uk/news/weird-world/2010/03/16/jogger-dies-as-plane-crash-lands-on-him-115875-22116392/?utm_source=twitterfeed&utm_medium=twitter
2010-03-17,22:24:07,bejiv,7,"Sales of lazy foods such as peeled potatoes, chopped carrots and diced onions are on the rise. But is there anything wrong with us taking a culinary shortcut?",news.bbc.co.uk,http://news.bbc.co.uk/1/hi/magazine/8572009.stm
2010-03-17,15:07:30,beeke,7,In pictures: Bangkok bloody protests [Graphic],news.bbc.co.uk,http://news.bbc.co.uk/2/hi/in_pictures/8571359.stm
2010-03-18,00:39:19,belle,7,America’s remarkably close relationship with Israel is now in trouble and this situation will only get worse.,lrb.co.uk,http://www.lrb.co.uk/blog/2010/03/17/john-mearsheimer/taking-sides/
2010-03-18,05:26:03,beppk,6,"Two Emirates airlines cabin crew have been ordered jailed for three months in Dubai over sexually explicit text messages, the latest in a string of indecency cases against foreigners.",nytimes.com,http://www.nytimes.com/reuters/2010/03/17/world/international-uk-emirates-sex.html?_r=1
