2010-09-10,06:56:39,dbst3,1441,"Weary of drug war, Mexico debates legalization - 
A debate about legalizing marijuana and possibly other drugs — once a taboo suggestion — is percolating in Mexico, a nation exhausted by runaway violence and a deadly drug war.",mcclatchydc.com,http://www.mcclatchydc.com/2010/09/08/100271/weary-of-drug-war-mexico-debates.html#storylink=omni_popular
2010-09-10,02:08:32,dbobd,189,Beyond Hiroshima: The non-reporting of Falluja's cancer catastrophe,dissidentvoice.org,http://dissidentvoice.org/2010/09/beyond-hiroshima-the-non-reporting-of-fallujahs-cancer-catastrophe/#more-21649
2010-09-10,20:07:39,dc16b,157,Qur'an burning: Nato troops shoot at Afghan protesters,guardian.co.uk,http://www.guardian.co.uk/world/2010/sep/10/quran-burning-nato-troops-shoot
2010-09-10,21:00:14,dc1kx,143,"Arab regimes' autocratic nature masks their vulnerability - Arab regimes have ""an almost insatiable urge to control"", but aren't very good at it. They work against society, not with it. Violence, autocracy, should be seen as symptoms of weakness ",guardian.co.uk,http://www.guardian.co.uk/commentisfree/2010/sep/09/arab-regimes-autocratic-nature-disguises-vulnerability
2010-09-10,23:25:57,dc37t,63,"Three-hour wave of Juarez slayings may be tied to abduction of child - 24 people were reported slain in a wave of multiple killings that shook Juárez over a three-hour period Thursday night,",elpasotimes.com,http://www.elpasotimes.com/news/ci_16034349
2010-09-10,20:41:05,dc1f4,57,Economist's views on Muslims spark controversy in Germany,washingtonpost.com,https://www.washingtonpost.com/wp-dyn/content/article/2010/09/09/AR2010090903264.html
2010-09-11,05:29:11,dc8n8,49,Scandal knocks at No. 10 Downing Street: A prime minister's aide is intimately linked to the furor over high-profile phone tappings,globalpost.com,http://www.globalpost.com/dispatch/united-kingdom/100909/rupert-murdoch-news-new-york-times-british-scandal-celebrities
2010-09-11,05:20:18,dc8ip,49,Ahmadinejad: Koran burning will bring about Israel's annihilation - Iran president calls U.S. pastor's plan to burn copies of Koran on Sept. 11 anniversary a violation of the teachings of all religions.,haaretz.com,http://www.haaretz.com/news/international/ahmadinejad-koran-burning-will-bring-about-israel-s-annihilation-1.313189
2010-09-11,07:03:06,dc9wv,40,Iraqi prank TV show :  Planting fake IEDs in celebrity cars. ,telegraph.co.uk,http://www.telegraph.co.uk/news/worldnews/middleeast/iraq/7988631/Iraqi-prank-television-show-condemned-for-fake-bomb-stunts.html
2010-09-10,18:48:34,dc0k1,35,Koran-burning protests sweep Afghanistan - BBC News,bbc.co.uk,http://www.bbc.co.uk/news/world-south-asia-11258739
2010-09-11,07:26:43,dca68,29,Ramadan 2010 through the eyes of the Boston.com readers,boston.com,http://www.boston.com/bigpicture/2010/09/ramadan_2010_-_your_images.html
2010-09-11,07:42:41,dcadb,24,Narcotics war reaps nothing but killing fields - Two human heads left in a cooler box on the plaza? A mystery. The 18 houses burned in a single night? An enigma. The doctor and his family who disappeared? A rumour. ,mg.co.za,http://www.mg.co.za/article/2010-09-10-narcotics-war-reaps-nothing-but-killing-fields
2010-09-11,00:21:07,dc424,23,The incredible shrinking président - When Sarkozy first burst into the French political consciousness he was unlike any other recent leader the country had known. He dared to tell the French what they did not care to hear. What a shrunken version of that politician now occupies the presidency.,economist.com,http://www.economist.com/node/16990664
2010-09-10,08:19:11,dbtxl,19,"Truck full of pig manure explodes in Germany - The manure had become too warm, creating too much pressure in the tank and eventually bursting a glass panel, local fire officials said. The manure was sprayed over a large area.",en.rian.ru,http://en.rian.ru/society/20100909/160536963.html
2010-09-11,00:01:46,dc3ro,15,Good news and bad news on the Castro front,washingtonpost.com,http://www.washingtonpost.com/wp-dyn/content/article/2010/09/09/AR2010090907098.html
2010-09-10,11:50:45,dbwi7,13,"Israeli Air Force strikes Gaza Strip targets - 
Hamas' Gaza headquarters reportedly bombed; Strike response to rocket fire",ynetnews.com,"http://www.ynetnews.com/articles/0,7340,L-3952114,00.html"
2010-09-10,15:09:22,dbypt,11,Philippines: Police torture five men inside their headquarters,ahrchk.net,http://www.ahrchk.net/ua/mainfile.php/2010/3542/
2010-09-11,07:58:49,dcak6,9,Denmark best country in the world to do business in.,forbes.com,http://www.forbes.com/lists/2010/6/best-countries-10_Best-Countries-for-Business_Rank.html
2010-09-11,07:08:50,dc9ze,11,"Top ranking Chinese official to the UN gets drunk and says ""I really don't like him: he's an American and I really don't like Americans""",dailymail.co.uk,http://www.dailymail.co.uk/news/worldnews/article-1310810/Chinese-UN-diplomat-Sha-Zukang-apologises-Ban-Ki-moon-drunken-rant.html
2010-09-10,22:39:26,dc2ko,8,Struggle in Poland over Jewish war diaries,globalpost.com,http://www.globalpost.com/dispatch/poland/100831/poland-auschwitz-ss-germany-world-war-2
2010-09-11,00:42:54,dc4dh,8,"Suspected bomber
apprehended in 
copenhagen [ongoing] ",politiken.dk,Http://politiken.dk/newsinenglish/1057111/suspected-bomber-apprehended/
2010-09-11,07:31:21,dca81,6,"Why Do Terrorists Blow Themselves Up? - The genesis of suicide bombings is rooted in intractable asymmetrical conflicts pitching the state against non-state actors over political entitlements, territorial occupation and dispossession.",realclearworld.com,http://www.realclearworld.com/articles/2010/09/10/why_do_terrorists_blow_themselves_up_99169.html
2010-09-11,07:49:24,dcafx,5,"""Iranian secret nuclear site disclosed"" Is this real or a phony excuse for war like ""Iraq WMD""?",cnn.com,http://www.cnn.com/2010/WORLD/meast/09/09/iran.nuclear.site/index.html
2010-09-11,07:56:30,dcaj5,7,"Sarrazin's Truths: Political Correctness Is Silencing an Important Debate. ""It is clear that intimidation from the politically correct thought police of the media ... no longer work.""",spiegel.de,"http://www.spiegel.de/international/germany/0,1518,716648,00.html"
2010-09-10,23:24:44,dc370,6,Mudslide in Italian village caught on camera,bbc.co.uk,http://www.bbc.co.uk/news/world-europe-11258737
2010-09-10,11:46:17,dbwg1,5,"Thilo Sarrazin, German Banker, To Quit After Remarks About Jews, Muslims",huffingtonpost.com,http://www.huffingtonpost.com/2010/09/09/thilo-sarrazin-german-cen_n_711358.html
2010-09-11,04:28:02,dc7px,5,"U.N. goals to slash poverty, hunger achievable",reuters.com,http://www.reuters.com/article/idUSTRE68855D20100909?utm_source=feedburner&utm_medium=feed&utm_campaign=Feed%3A+reuters%2FtopNews+%28News+%2F+US+%2F+Top+News%29&utm_content=Google+Reader
2010-09-11,07:16:33,dca2l,3,Tax increase due to aging population? - Several financial experts have concluded that Norwegian taxes must be raised by up to 12 percent to counter the costs of the nation's increasingly aging population.,norwaypost.no,http://www.norwaypost.no/financial/tax-increase-due-to-aging-population.html
2010-09-11,07:18:47,dca3d,4,Yemen edging towards revolution as South demands split from North,dw-world.de,"http://www.dw-world.de/dw/article/0,,5986866,00.html"
2010-09-11,02:29:39,dc5wg,4,Britain considers its future as a waning military power,economist.com,http://www.economist.com/node/16994358
