2010-11-16,15:50:46,e6ukr,2088,"While you're getting groped by the TSA, here's a reminder of how it's done in Israel: High security, little bother",thestar.com,http://thestar.com/news/world/article/744199---israelification-high-security-little-bother/
2010-11-16,04:16:58,e6k2g,301,Second squadron of 20 F-35s is ‘an offer hard to refuse’ say Israeli defense officials considering it will be free,jpost.com,http://www.jpost.com/Israel/Article.aspx?id=195342
2010-11-16,09:29:33,e6p6a,248,"R. Congresswoman Ros-Lehtinen opposes transfer of $150M in aid promised to Palestine; ""as long as the Palestinian leaders receive unconditional aid they have no reason to change their ways and be committed to peace.""",ynetnews.com,"http://www.ynetnews.com/articles/0,7340,L-3983543,00.html"
2010-11-16,09:46:39,e6pfj,223,"McDonald's, KFC, PepsiCo & Mars Invited to Write UK Policy on Diet & Health",alternet.org,"http://www.alternet.org/newsandviews/article/335460/mcdonald's,_kfc,_pepsico_and_mars_invited_to_write_uk_policy_on_diet_and_health/#paragraph4"
2010-11-17,06:12:30,e76xy,162,Death sentence for migrant worker - Reddit! I think we should give this news some priority.,english.aljazeera.net,http://english.aljazeera.net/indepth/2010/11/2010111512046151716.html
2010-11-16,16:10:18,e6ure,148,"Preparing for 2016 Olympics, Brazil invades slums, which are so dense & dangerous it's like attacking a foreign country",theatlantic.com,http://www.theatlantic.com/magazine/archive/2010/12/the-battle-of-rio/8297/
2010-11-16,08:49:27,e6oky,144,Guantánamo Bay detainees to be paid millions in compensation for alleged UK complicity in torture and extraordinary rendition.,guardian.co.uk,http://www.guardian.co.uk/world/2010/nov/16/guantanamo-bay-compensation-claim
2010-11-16,10:08:21,e6pr9,59,"Haitians riot, blame UN troops for cholera: Protesters hurl rocks, set fire to police station",msnbc.msn.com,http://www.msnbc.msn.com/id/40199016/ns/world_news-haiti_earthquake/
2010-11-17,00:35:27,e70vh,44,"Mexican paper reports drug war, despite threats",articles.sfgate.com,http://articles.sfgate.com/2010-09-22/news/24042221_1_el-diario-drug-war-drug-violence
2010-11-17,06:50:43,e77k3,38,My eyes are sweating: Hero dog who survived the Afghan war is mistakenly put down at an animal shelter.,dailymail.co.uk,http://www.dailymail.co.uk/news/article-1330088/Afghanistan-dog-hero-mistake-Arizona-animal-shelter.html
2010-11-17,00:43:08,e710z,38,Haiti rioters attack UN troops - Anti-UN riots spread to several Haitian cities as protesters blaming foreign peacekeepers for a deadly outbreak of cholera exchanged gunfire with soldiers.,belfasttelegraph.co.uk,http://www.belfasttelegraph.co.uk/news/world-news/haiti-rioters-attack-un-troops-15005908.html
2010-11-16,11:14:23,e6qr0,33,More and more Irish people are leaving the stricken country,dw-world.de,"http://www.dw-world.de/popups/popup_single_mediaplayer/0,,6229725_type_video_struct_1431_contentId_6233614,00.html"
2010-11-16,22:59:59,e6z6i,24,Mexico's $80M boom industry: Bulletproof cars,usatoday.com,http://www.usatoday.com/news/world/2010-11-15-bulletproof15_ST_N.htm
2010-11-16,12:38:50,e6s20,21,"The toll in the collapse of a five-story residential building in the India capital, New Delhi, climbed to 55 killed and at least 70 injured",cnn.com,http://www.cnn.com/2010/WORLD/asiapcf/11/15/india.building.collapse/index.html?hpt=T2
2010-11-16,10:10:57,e6psj,17,"How I Became An Oligarch - 
Speech from Russia's third-richest man. Life story, reflections on business environment, what it takes to get ahead. ""Of all the types of human activity, entrepreneurship is in some sense the closest to war""",opendemocracy.net,http://www.opendemocracy.net/od-russia/mikhail-fridman/fridman-how-i-became-oligarch
2010-11-16,23:27:57,e6zn6,16,The difference between life and death in Haiti is now an ordinary bar of soap.,washingtonpost.com,http://www.washingtonpost.com/wp-dyn/content/article/2010/11/15/AR2010111507230.html
2010-11-17,03:30:08,e742j,15,Pakistan vs. Haiti - Which Received More Aid? (Raw Image),awesome.good.is,http://awesome.good.is/transparency/web/1011/pakistan-vs-haiti/flat.html
2010-11-16,18:25:38,e6w24,14,Extradition of 'arms dealer' Viktor Bout goes ahead,bbc.co.uk,http://www.bbc.co.uk/news/world-asia-pacific-11763221
2010-11-16,22:13:20,e6ygx,12,Bunga-Bunga Nation: Berlusconi's Italy Hurts Women ,newsweek.com,http://www.newsweek.com/2010/11/15/bunga-bunga-nation-berlusconi-s-italy-hurts-women.html?from=rss
2010-11-16,13:39:47,e6szo,11,"While the US government is entertaining mind boggling deficits, a crises plagued economy and printing money like a tin-pot dictatorship. It is more than happy to fund others colonisation enterprises.",haaretz.com,http://www.haaretz.com/print-edition/features/u-s-taxpayers-are-paying-for-israel-s-west-bank-occupation-1.324941
2010-11-17,05:05:10,e75u3,11,UK government settles out of court with 16 Guantanamo detainees who were held by US forces,bbc.co.uk,http://www.bbc.co.uk/news/uk-11769509
2010-11-16,22:42:09,e6ywg,9,"Sultan of the Muslim World | Modern Turkey born as Muslim state. Secular nationalism guided foreign policy for decades. But no more. AKP has exploited post 9/11 geopolitics to restore Muslim identity, bid for leadership of Muslim world",foreignaffairs.com,http://www.foreignaffairs.com/articles/67009/soner-cagaptay/sultan-of-the-muslim-world?page=show
2010-11-16,19:08:02,e6wfo,9,UK: London Metropolitan Police force closes down anti-police blog on the authority of a single police officer.,guardian.co.uk,http://www.guardian.co.uk/world/2010/nov/16/student-anti-police-website-closed
2010-11-17,03:49:22,e74fi,8,"Google says China is breaking net laws: 
Company says China violates WTO rules by limiting net access.",nytimes.com,http://www.nytimes.com/2010/11/17/technology/17google.html?src=busln
2010-11-17,04:02:47,e74ok,6,Thailand extradites alleged arms dealer,abc.net.au,http://www.abc.net.au/news/stories/2010/11/16/3068152.htm
2010-11-16,14:31:53,e6tp8,10,Ireland isn't working: Celtic Tiger becomes sick man of Europe,independent.co.uk,http://www.independent.co.uk/news/world/europe/ireland-isnt-working-celtic-tiger-becomes-sick-man-of-europe-2134991.html
2010-11-16,15:20:01,e6u9f,7,"""Thailand extradites Bout to US""",english.aljazeera.net,http://english.aljazeera.net/news/asia-pacific/2010/11/201011165574110120.html
2010-11-16,10:35:43,e6q6h,6,Militants kidnap 7 from Exxon platform off Nigeria ,globalpost.com,http://www.globalpost.com/breaking-news/global/nigerian-state-arrests-400-over-kidnappings
2010-11-16,17:36:26,e6vmt,8,Toy pig banned in case it upsets Muslim and Jewish parents  ,thesun.co.uk,http://www.thesun.co.uk/sol/homepage/news/3229529/Toy-store-goes-PC-mad-with-pig-ban.html
2010-11-16,22:22:08,e6yl1,6,China is a huge taker which does little to contribute to global prosperity and security and this is likely to get worse,moneyweb.co.za,http://www.moneyweb.co.za/mw/view/mw/en/page492379?oid=516520&sn=2009+Detail&pid=287226
