2010-04-28,01:50:37,bwtpd,625,Not Even in South Park? ,nytimes.com,http://www.nytimes.com/2010/04/26/opinion/26douthat.html?bl
2010-04-29,05:53:58,bxfp2,270,WTF CNN? Compare CNN to *real* world news with this new mashup.,wtfcnn.com,http://wtfcnn.com
2010-04-28,17:01:50,bx51l,236,"Israel transferring people from West Bank to Gaza, splitting families and disregarding international law",maannews.net,http://www.maannews.net/eng/ViewDetails.aspx?ID=280080
2010-04-28,20:36:04,bx7c4,188,Amateur model known as 'Katya' revealed as Russian honeytrap bait,independent.ie,http://www.independent.ie/world-news/europe/amateur-model-known-as-katya-revealed-as-russian-honeytrap-bait-2155816.html
2010-04-28,21:26:49,bx7xp,112,"Russia’s President Dmitry Medvedev,has ordered Soviet files concerning the massacre of some 22,000 Polish officers, intellectuals and priests in the Katyn woods to be opened.",politiken.dk,http://politiken.dk/newsinenglish/article958965.ece
2010-04-28,15:14:13,bx3pd,50,"Routine torture, including electric shocks and sexual abuse, was inflicted on detainees held in a secret prison in Baghdad",news.bbc.co.uk,http://news.bbc.co.uk/2/hi/middle_east/8648059.stm
2010-04-28,02:02:43,bwtvz,49,German tabloids campaign for Greece to leave the euro,timesonline.co.uk,http://www.timesonline.co.uk/tol/news/world/europe/article7109519.ece#cid=OTC-RSS&attr=797093
2010-04-28,21:49:10,bx87c,50,"Israel has given itself the right to forcefully move Palestinians out of the West Bank who don't have a permit. 'Permit' is not defined at all, it can be anything the person in charge wants it to be. This is setting precedent to force thousands of Palestinians to move to Gaza",btselem.org,http://www.btselem.org/English/Deportation/20100422_Deportation_order.asp
2010-04-28,20:36:54,bx7cc,47,"Prime Minister Gordon Brown has been caught on microphone describing a voter he had just spoken to in Rochdale as a ""bigoted woman"".",news.bbc.co.uk,http://news.bbc.co.uk/1/hi/uk_politics/election_2010/8649012.stm
2010-04-29,02:15:53,bxcel,48,"It would “impossible” to reveal secret MI5 files about the 7/7 London terror attacks, a court has been told.",news.bbc.co.uk,http://news.bbc.co.uk/2/hi/uk_news/england/london/8649577.stm
2010-04-29,04:27:49,bxegk,36,"Okinawans say the U.S. military has been responsible 
for a number of blights in Okinawa, from serious 
crimes like rape and drunken driving, to 
environmental and noise pollution.",cnn.com,http://www.cnn.com/2010/WORLD/asiapcf/04/26/japan.okinawa.base/index.html?hpt=Sbin
2010-04-29,04:43:03,bxeno,26,Rating Agencies Strike Again - First they were off about how good U.S. mortgage securities were. Now they're causing havoc in the EU by downgrading the bond ratings of several countries.,theatlantic.com,http://www.theatlantic.com/business/archive/2010/04/rating-agencies-strike-again/39633/
2010-04-28,15:54:23,bx48n,23,Shell profits surge by 49%....always great to hear big oil doing so well,independent.co.uk,http://www.independent.co.uk/news/business/news/shell-profits-surge-by-49-1956477.html
2010-04-28,23:53:14,bxa07,27,Ireland's bombed head shops spark debate over Irish drug policy. ,globalpost.com,http://www.globalpost.com/dispatch/ireland/100427/head-shops-teenage-drug-abuse
2010-04-28,17:53:50,bx5m5,21,’Greece infection’ spreads as stricken nation’s debt is rated junk,business.timesonline.co.uk,http://business.timesonline.co.uk/tol/business/economics/article7109943.ece
2010-04-29,02:18:37,bxcgc,17,"Greece might need up to 120 Billion Euros, according to German parliamentarians.",theglobeandmail.com,http://www.theglobeandmail.com/report-on-business/economy/greece-needs-up-to-120-billion/article1549560/
2010-04-29,05:51:22,bxfns,19,"EU on the edge of the abyss - If the Greek crisis is not addressed, Portugal will come under intense pressure, contagion might then spread to Ireland, Italy or Spain, the other euro-area countries with some mixture of big budget deficits, poor growth prospects and high debts.  ",economist.com,http://www.economist.com/business-finance/displaystory.cfm?story_id=16003202&source=features_box_main
2010-04-28,21:29:45,bx7z3,18,Israeli Law Enforcement Cracks Down on Alleged Political Corruption - Former Israeli Prime Minister Ehud Olmert could be sent to prison if he is convicted in a high-profile corruption trial,spiegel.de,"http://www.spiegel.de/international/world/0,1518,691493,00.html"
2010-04-28,18:07:57,bx5s4,17,Suntanned women to be arrested under Islamic dress code ,telegraph.co.uk,http://www.telegraph.co.uk/news/worldnews/middleeast/iran/7639728/Suntanned-women-to-be-arrested-under-Islamic-dress-code.html
2010-04-28,22:05:01,bx8ef,20,"Freedom of the press in Turkey further under 
attack: Journalist faces prison threat for reporting 
on judiciary crisis in Turkey",hurriyetdailynews.com,http://www.hurriyetdailynews.com/n.php?n=public-interest-versus-the-secrecy-of-investigation-2010-04-27
2010-04-28,09:48:15,bwzxt,14,"Lawmakers in Ukraine scuffled with each other, throwing punches and eggs, as parliament met Tuesday to ratify a treaty with Russia that extends the latter's navy presence in the Ukraine's Crimean peninsula until 2042.",cnn.com,http://www.cnn.com/2010/WORLD/europe/04/27/ukraine.punchup/index.html
2010-04-29,00:21:05,bxagt,14,"The Argentinian Supreme Court overturned pardons of a dictatorship-era president and economy minister, paving the way for them to be tried for kidnapping and extortion.",nytimes.com,http://www.nytimes.com/2010/04/28/world/americas/28briefs-Argentina.html
2010-04-29,07:24:10,bxgsf,15,Kim Jong Il’s new plan may be to attack and occupy Seoul,globalpost.com,http://www.globalpost.com/dispatch/south-korea/100427/north-korea-threat-north-korea-nuclear
2010-04-28,17:57:17,bx5nn,13,"Greece bans short-selling as panic spreads, Shares tumble across Britain, Europe and Asia after the cost of insuring Greek debt against default hits a 14-year high ",business.timesonline.co.uk,http://business.timesonline.co.uk/tol/business/economics/article7110108.ece
2010-04-28,17:30:26,bx5cx,13,"A US Coast Guard official says if leaks from an oil well in the Gulf of Mexico are not stemmed soon, they could cause one of the worst spills in US history.",news.bbc.co.uk,http://news.bbc.co.uk/2/hi/americas/8648004.stm
2010-04-29,06:12:27,bxfxs,11,"Venezuelan government moves to halt illegal gold mining, protect rivers",venezuelanalysis.com,http://venezuelanalysis.com/news/5312
2010-04-28,22:09:11,bx8gy,10,"   Russia to release files on Polish massacre  --  ""we owe it to the world"", Dmitry Medvedev said.",swedishwire.com,http://www.swedishwire.com/nordic/4179-russia-to-release-files-on-polish-massacre
2010-04-28,11:51:12,bx1e2,10,Women Spreading Political Wings With Help of India's Quota System,nytimes.com,http://www.nytimes.com/2010/04/28/world/asia/28iht-quotas.html
2010-04-28,22:36:51,bx8vh,8,"Tony Blair lobbied Colonel Muammar Gaddafi on behalf of Shell in a letter written for him in draft form by the oil company, documents obtained by The Times reveal. ",business.timesonline.co.uk,http://business.timesonline.co.uk/tol/business/industry_sectors/natural_resources/article7108957.ece
2010-04-28,18:41:08,bx64g,7,BBC News - Russia publishes Katyn massacre archives,news.bbc.co.uk,http://news.bbc.co.uk/2/hi/europe/8648275.stm
