2010-03-04,06:31:40,b8wo6,99,"Investigation reveals the 1985 Live Aid and Band Aid which raised $250 million, had 95% of that money diverted to support Ethiopian rebels and to buy weapons.",abc.net.au,http://www.abc.net.au/news/stories/2010/03/04/2835942.htm
2010-03-04,02:11:37,b8t7q,71,"Because a number of you have asked about my post-reddit life, here's my first entry as a Kiva Fellow in Armenia",fellowsblog.kiva.org,http://fellowsblog.kiva.org/2010/03/03/ararat-me-one-armenians-return-to-the-homeland/
2010-03-04,03:00:46,b8twp,57,Irish Catholic Bishop Asks Parishioners to Help Cover Costs of Sex Abuse Lawsuits; Parishioners and abuse victims disgusted.  So am I.,palibandaily.com,http://www.palibandaily.com/2010/03/03/catholic-church-asks-parishioners-to-cover-costs-of-sex-abuse-lawsuits/
2010-03-03,11:53:20,b8j0x,48,The night when the lights when out in Chile.,liveleak.com,http://www.liveleak.com/view?i=689_1267534289
2010-03-03,16:26:09,b8m0r,26,Victory for freedom of expression in New Zealand: court rules that naked bicycle riding is legal,stuff.co.nz,http://www.stuff.co.nz/dominion-post/local/3394859/Naked-cyclist-not-offensive-judge-rules/
2010-03-03,21:13:51,b8ov3,21,New U.S. Embassy In London To Cost $1 Billion (PHOTOS),huffingtonpost.com,http://www.huffingtonpost.com/2010/02/24/us-embassy-in-london-to-c_n_474465.html
2010-03-04,03:08:47,b8u0s,19,Australia plans to dump toxic waste on tribal lands,news.bbc.co.uk,http://news.bbc.co.uk/2/hi/asia-pacific/8546690.stm
2010-03-04,02:11:40,b8t7r,13,"All of the 4 arrested had been trained by the CIA and, possibly, Israel.",veteranstoday.com,http://www.veteranstoday.com/2010/01/30/senate-burglary-cia-domestic-black-op-team-arrested/
2010-03-04,06:11:19,b8wga,13,"On Feb. 20, four Muslim women took a conspicuous step to protest gender segregation in Muslim mosques by refusing to relegate themselves to a cordoned-off prayer zone for women and instead worshiped with the men at the Islamic Center of Washington, D.C. ",truthdig.com,http://www.truthdig.com/eartotheground/item/muslim_women_protest_through_prayer_at_dc_mosque_20100301/
2010-03-04,03:57:55,b8uph,12,Two people have been killed and six injured as giant waves slammed into a cruise ship in the Mediterranean,news.bbc.co.uk,http://news.bbc.co.uk/2/hi/europe/8548547.stm
2010-03-03,20:25:50,b8obb,13,Two Thirds of Afghan Police Drop Out Before Training Completed: It would take another 82 years to have a properly trained police force,news.antiwar.com,http://news.antiwar.com/2010/03/02/two-thirds-of-afghan-police-drop-out-before-training-completed/
2010-03-03,12:21:17,b8jc0,13,Pakistan reveals the Taliban’s secret underground cave network,nationalpost.com,http://www.nationalpost.com/news/story.html?id=2634159
2010-03-04,03:01:51,b8txk,14,"'Son of Hamas' who spied for Israel: ""I have gone from being a prince in my country to the lowest possible level, of being a traitor""",news.bbc.co.uk,http://news.bbc.co.uk/2/hi/middle_east/8548360.stm
2010-03-04,03:45:41,b8ujc,13,Giant Rogue Waves hit cruise ship; 2 passengers killed when 26 foot waves hit off the French port of Marseille,cnn.com,http://www.cnn.com/2010/WORLD/europe/03/03/cruise.ship.wave/index.html
2010-03-03,08:24:24,b8gro,13,"Dear Reddit: The past 8 months have been hell for us Iranians abroad. So I just wanted to say that we are very proud to have won this award, and I want to share it with you. ",sociarts.com,http://www.sociarts.com/content/yar-e-dabestani-e-man-my-grade-school-friend
2010-03-03,11:29:55,b8irj,14,Ethiopia aid 'spent on weapons',news.bbc.co.uk,http://news.bbc.co.uk/2/hi/africa/8535189.stm
2010-03-04,07:09:50,b8x3f,12,Shades of Watts: Italy has been hit by a new outbreak of race riots after an Egyptian man was stabbed to death in Milan. ,telegraph.co.uk,http://www.telegraph.co.uk/news/worldnews/europe/italy/7237019/Milan-riots-after-Egyptian-stabbed-to-death.html
2010-03-04,04:07:42,b8uv9,8,How the settlers backed by the IDF and Israeli government have created an apartheid state in Israel.  13 minute clip from 60 minutes really puts the Palestinians hell on earth into perspective,warincontext.org,http://warincontext.org/2010/03/03/the-impossibility-of-a-two-state-solution-and-the-reality-of-the-israeli-apartheid-state/
2010-03-04,06:51:38,b8wvn,10,"Saudi woman senteced to 300 lashes and jailed for 18 months for appearing in court without a male.
",smh.com.au,http://www.smh.com.au/world/saudi-woman-senteced-to-300-lashes-20100304-pjfp.html
2010-03-03,10:56:00,b8ieh,6,"Uganda’s environment dilemma as the country’s forest cover dwindles
",monitor.co.ug,http://www.monitor.co.ug/News/National/-/688334/869462/-/winodt/-/
2010-03-03,23:25:48,b8qo2,10,Chas Freeman: This time apartheid has western complicity,mondoweiss.net,http://mondoweiss.net/2010/03/chas-freeman-this-time-apartheid-has-western-complicity.html
2010-03-03,23:19:03,b8ql0,7,Dubai seeks Israeli PM's arrest over hotel murder. ,aolnews.com,http://www.aolnews.com/world/article/dubai-seeks-arrest-of-israeli-pm-benjamin-netanyahu-for-hotel-murder/19380878
2010-03-03,20:27:34,b8oc7,5,"U.S. commanders Unsure Who's Behind Iraq Attacks: ""The big-time players aren't there anymore. The organized terrorists aren't there anymore.""",online.wsj.com,http://online.wsj.com/article/SB10001424052748704486504575097030576529578.html?mod=WSJ_latestheadlines
2010-03-03,23:52:22,b8r29,6,A former MI6 spy stole top secret files on intelligence gathering techniques and offered to sell them for 2 million pounds ($2.9-million U.S.) to unspecified foreign government.,theglobeandmail.com,http://www.theglobeandmail.com/news/world/former-mi6-worker-arrested-for-trying-to-sell-top-secret-files/article1487823/
2010-03-03,22:22:16,b8pqn,5,Michael Foot is dead!,news.bbc.co.uk,http://news.bbc.co.uk/1/hi/uk_politics/8547228.stm
2010-03-04,07:40:11,b8xfs,6,Former Gitmo detainee now leading Taliban into battle against U.S. soldiers,news.yahoo.com,http://news.yahoo.com/s/ap/20100303/ap_on_re_as/as_from_gitmo_to_battle
2010-03-03,09:03:52,b8h6l,5,Landslide kills more than 100 in Uganda,news.bbc.co.uk,http://news.bbc.co.uk/2/hi/africa/8546548.stm
2010-03-03,13:29:24,b8k3g,4,Cocaine use on the rise as real life becomes five times worse than ten years ago,newsarse.com,http://newsarse.com/2010/03/02/cocaine-use-on-the-rise-as-real-life-becomes-five-times-worse-than-ten-years-ago/
2010-03-04,04:04:05,b8ut3,5,Dubai assassination: Dubai wants Israel Prime Minister Netanyahu behind bars,csmonitor.com,http://www.csmonitor.com/World/Middle-East/2010/0303/Dubai-assassination-Dubai-wants-Israel-Prime-Minister-Netanyahu-behind-bars
2010-03-03,21:09:02,b8ot9,6,"Spain busts global ""botnet"" masterminds",reuters.com,http://www.reuters.com/article/idUSTRE6214ST20100303
