2010-12-09,21:25:18,eiwqd,1546,"WikiLeaks payment firm to sue Visa, MasterCard",cbc.ca,http://www.cbc.ca/world/story/2010/12/09/wikileaks-credit-card-129.html
2010-12-09,21:09:13,eiwjn,344,"Popular US television shows including Friends and Desperate Housewives have done more to stifle Islamic extremism in Saudi Arabia than hundreds of millions of dollars spent on propaganda, according to a leaked diplomatic cable.",telegraph.co.uk,http://www.telegraph.co.uk/news/worldnews/wikileaks/8187935/WikiLeaks-Desperate-Housewives-stifles-Islamic-extremism.html
2010-12-10,03:39:20,ej3ks,315,"Russia calls for WikiLeaks founder Julian Assange to be given the Nobel Peace Prize - A source from inside president Dmitry Medvedev's office told Russian news agencies: 'Public and non-governmental organisations should think of how to help him. 'Maybe, nominate him as a Nobel Prize laureate.'",dailymail.co.uk,http://www.dailymail.co.uk/news/article-1337212/WikiLeaks-hackers-Operation-Payback-cyber-war-targets-Swedish-Government.html
2010-12-09,13:55:17,eirlg,204,In other news..Indian Ambassador to US singled out and received 'pat down' from TSA because she was wearing 'sari' and Indian traditional dress,timesofindia.indiatimes.com,http://timesofindia.indiatimes.com/world/us/Indian-Ambassador-to-US-patted-down-at-Jackson-airport/articleshow/7069178.cms
2010-12-10,02:20:39,ej208,112,"Dutch ""high tech crime team"" arrests 16 year old boy as the main suspect for the attacks on Paypal and Mastercard.",nakedsecurity.sophos.com,http://nakedsecurity.sophos.com/2010/12/09/dutch-boy-arrested-for-wikileaks-related-ddos-attacks-on-mastercard-and-paypal/
2010-12-09,22:22:07,eixj8,111,"Scott Adams, Dilbert Creator, on Sweden -  ""If your condom breaks, that's jail time. What I'm saying is that the Club Med in Sweden is a nervous place""",dilbert.com,http://dilbert.com/blog/entry/sweden/
2010-12-09,23:25:41,eiymw,68,"WikiLeaks to Sydney Morning Herald and Melbourne Age, provide extraordinary evidence of Washington’s direct involvement in the anti-democratic coup against former PM Kevin Rudd last June",wsws.org,http://www.wsws.org/articles/2010/dec2010/aust-d09.shtml
2010-12-09,19:15:31,eivdx,66,Anonymous - Operation Payback - WikiLeaks ACTA Laws Message ,youtube.com,http://www.youtube.com/watch?v=ub4bPZy376Y
2010-12-09,20:29:20,eiw4j,59,Can Topless Women Keep Muslim Extremists Out of Denmark?,theatlanticwire.com,http://www.theatlanticwire.com/opinions/view/opinion/Can-Topless-Women-Keep-Muslim-Extremists-Out-of-Denmark-6100
2010-12-09,16:39:57,eitsk,54,Assange's attorney: Swiss violating their reputation for banking secrecy; Assange contacted Scotland Yard about US action,english.ruvr.ru,http://english.ruvr.ru/2010/12/08/36470921.html
2010-12-09,23:18:56,eiyil,52,Student protests in London on higher tuition fees; live coverage by The Guardian,guardian.co.uk,http://www.guardian.co.uk/education/blog/2010/dec/09/student-protests-live-coverage
2010-12-10,04:13:49,ej49g,49,"Irish government seeks 90% bank bonus tax - 
Irish Finance Minister Brian Lenihan said on Thursday he would impose a 90% tax on bankers’ bonuses, in a move to try to silence critics who have said the banking sector drove Ireland into the ground.",financialpost.com,http://www.financialpost.com/news/Irish+government+seeks+bank+bonus/3953096/story.html
2010-12-09,22:33:51,eixql,48,"US dispatches have cleared up one of the most baffling weapons affairs of the recent past. In 2008, pirates hijacked a ship full of tanks and other military hardware. Kenya apparently intended to send the materiel on to Southern Sudan. But they were unprepared for the US reaction.",spiegel.de,"http://www.spiegel.de/international/world/0,1518,733775,00.html"
2010-12-09,10:23:50,eio26,43,"Anon described as ""a loose band of people who share the same kind of ideals and wish to be a force for chaotic good."" Lightning Bolt.",guardian.co.uk,http://www.guardian.co.uk/media/2010/dec/08/anonymous-4chan-wikileaks-mastercard-paypal?CMP=twt_gu
2010-12-09,18:01:06,eiumz,36,"There is no bigger waste of money than nuclear weapons. When we buy them, they just sit there getting dusty and rusty. When they do work, they destroy the entire planet, thus making the investment in the project a waste of time and money anyways.",rt.com,http://rt.com/politics/russia-america-start-treaty/
2010-12-09,10:10:27,einw9,36,"WikiLeaks vs The Machine - US government tells 
firms to pull plug on whistleblowing website as 
Hackers cause chaos with revenge attacks on 
Assange's 'enemies'",independent.co.uk,http://www.independent.co.uk/news/world/americas/wikileaks-vs-the-machine-2155031.html
2010-12-09,14:46:21,eisc1,31,"World is getting more corrupt, says transparency poll",bbc.co.uk,http://www.bbc.co.uk/news/world-11954667
2010-12-09,10:30:24,eio68,31,The EU Is Going to Destroy Ireland ,spiegel.de,"http://www.spiegel.de/international/europe/0,1518,733522,00.html"
2010-12-10,04:35:42,ej4of,29,"148 states call for transparency over depleted 
uranium use in UN vote - UK, US, Israel and France 
voted against",bandepleteduranium.org,http://www.bandepleteduranium.org/en/a/364.html
2010-12-10,05:53:16,ej63u,26,The CIA's El-Masri Abduction: Cables Show Germany Caved to Pressure from Washington,spiegel.de,"http://www.spiegel.de/international/germany/0,1518,733860,00.html"
2010-12-10,04:12:12,ej48n,31,Russian official: WikiLeaks’ Julian Assange should receive Nobel prize,rawstory.com,http://www.rawstory.com/rs/2010/12/russia-wikileaks-julian-assange-nobel-prize/
2010-12-09,20:50:11,eiwb7,29,"""Austria is not the 51st state of the US.""",spiegel.de,"http://www.spiegel.de/international/europe/0,1518,733536,00.html"
2010-12-10,07:17:55,ej7oj,24,Iranian woman sentenced to stoning has been freed,huffingtonpost.com,http://www.huffingtonpost.com/2010/12/09/sakineh-mohammadi-ashtian_4_n_794589.html
2010-12-09,21:04:25,eiwh8,26,"North Korea issued a statement that claimed possession of all waters around South Korea-controlled Yeonpyeong Island, clarifying for the first time that its Nov. 23 attack of the island was motivated by a different view of the inter-Korean maritime boundary in the Yellow Sea than is widely held.",online.wsj.com,http://online.wsj.com/article/SB10001424052748704447604576008183284284532.html?mod=WSJ_hp_MIDDLENexttoWhatsNewsSecond
2010-12-10,03:29:24,ej3da,21,"Govt to take over all mines in Zimbabwe - Zimbabwe is in the cusp of a sweeping change in its mining policy with the government set to take over all the alluvial diamond deposits and mining of gold, platinum and other metals.",commodityonline.com,http://www.commodityonline.com/news/Govt-to-take-over-all-mines-in-Zimbabwe-34360-3-1.html
2010-12-10,02:56:34,ej2qe,19,"Afghanistan: “still blighted by forced marriages, the giving away of infant girls to future husbands to settle disputes, honour killings and desperate women resorting to death by self-immolation.”",guardian.co.uk,http://www.guardian.co.uk/world/2010/dec/09/afghan-women-abuse-united-nations
2010-12-10,01:10:48,ej0mf,19,The UN representative for freedom of opinion and expression says he doesn't think that the US Government will be able to make a case against Julian Assange. But he warns it would set a very bad example for free speech if it did take action against him,abc.net.au,http://www.abc.net.au/worldtoday/content/2010/s3089025.htm
2010-12-10,01:41:58,ej182,17,A G20 protester changed his last name for the pun value. Toronto police weren't amused.,globalpost.com,http://www.globalpost.com/dispatch/canada/101207/g20-toronto-adam-nobody
2010-12-10,02:25:29,ej23q,19,"Latin American drug laws, like USA drug laws, complete failure",bbc.co.uk,http://www.bbc.co.uk/news/world-latin-america-11957750
2010-12-10,03:56:25,ej3x5,15,"Tito's Murder Squads Operated in West Germany - Between 1970 and 1989, 22 Croatian exiles were killed in the former West Germany at the behest of the late Yugoslav leader Josip Tito and his country's communist party.",spiegel.de,"http://www.spiegel.de/international/europe/0,1518,733636,00.html"
