2010-02-17,19:15:10,b333z,690,"Student is arrested for giving South African president's motorcade the finger, and for swearing. Minister of Police says ""No individual is permitted to use foul language [or] swear"". What the fuck, now we can't swear at public figures?",news24.com,http://www.news24.com/Content/SouthAfrica/News/1059/df9164ca3f3f47a69f87f47558e96ec1/16-02-2010-02-17/Ministry_Student_swore_at_Zuma
2010-02-17,00:30:07,b2qsa,604,Hamas military leader assassinated in Dubai by a group of professionals wearing disguises.,telegraph.co.uk,http://www.telegraph.co.uk/news/worldnews/middleeast/dubai/7250217/Dubai-Hamas-assassination-Irish-citizens-not-involved-Ireland-says.html
2010-02-17,18:55:00,b32wl,173,Dubai assassins stole identities of six UK citizens living in Israel,guardian.co.uk,http://www.guardian.co.uk/world/2010/feb/17/dubai-assassins-stolen-british-identities
2010-02-17,22:11:01,b350i,64,"Israel makes life very hard for Palestinians, says ICRC",news.bbc.co.uk,http://news.bbc.co.uk/1/hi/world/middle_east/8519921.stm
2010-02-18,04:54:05,b3aog,48,Israeli settlers disobey the order to stop building,news.bbc.co.uk,http://news.bbc.co.uk/1/hi/world/middle_east/8516223.stm
2010-02-17,19:06:22,b330f,46,"Rocket strike that killed 12 Afghan civilians was not a ""rogue missile"" but hit its intended target, according to the British commander",telegraph.co.uk,http://www.telegraph.co.uk/news/worldnews/asia/afghanistan/7254661/Operation-Moshtarak-missiles-that-killed-civilians-hit-correct-target.html
2010-02-17,21:28:11,b34he,42,Egyptian police seized more than three tonnes of explosives set to be smuggled into the Palestinian Gaza Strip,news.yahoo.com,http://news.yahoo.com/s/afp/20100217/wl_mideast_afp/egyptgazasmugglingweapons
2010-02-17,19:21:46,b3369,36,"70 journalists were killed in 2009, making it the worst year since records began 30 years ago",news.bbc.co.uk,http://news.bbc.co.uk/2/hi/in_depth/8519204.stm
2010-02-18,02:34:25,b38w7,30,Not satisfied with having screwed up the US economy Goldman Sachs branches out to screw up Greece too...,bloomberg.com,http://www.bloomberg.com/apps/news?pid=20601087&sid=aJrGri9YgQX0
2010-02-17,18:42:51,b32sp,23,"France used soldiers as guinea pigs in nuclear tests in the 1960s, deliberately exposing them to radiation from atomic blasts to test the effects.",google.com,http://www.google.com/hostednews/afp/article/ALeqM5hJBIrqAZBz13cC3kepgRCHoMrH4Q
2010-02-17,18:14:25,b32is,23,Japan's foreign minister says an anti-whaling activist being held onboard a Japanese whaling vessel in the Antarctic Ocean will be taken to Tokyo and will not be released to a third country.,abc.net.au,http://www.abc.net.au/news/stories/2010/02/17/2821922.htm
2010-02-17,18:50:29,b32v4,19,Electric prod marks suggest Al-Mabhouh was tortured before he was assassinated. How unprofessional.,cnn.com,http://www.cnn.com/2010/WORLD/meast/02/16/dubai.hamas.killing/index.html?hpt=T2
2010-02-18,04:39:45,b3ah0,20,Argentina will ‘take measures’ to stop British oil drilling off Falklands,timesonline.co.uk,http://www.timesonline.co.uk/tol/news/world/us_and_americas/article7031163.ece
2010-02-17,17:21:32,b31zr,17,Is Argentina looking for another Falkland conflict? ,timesonline.co.uk,http://www.timesonline.co.uk/tol/news/world/us_and_americas/article7029609.ece
2010-02-17,18:44:37,b32ta,17,Britons had passport stolen by ‘Mossad death squad’ used to assassinate a Hamas leader in Dubai,timesonline.co.uk,http://www.timesonline.co.uk/tol/news/world/middle_east/article7029553.ece
2010-02-17,22:02:54,b34wn,13,Murder arrest over Ray Gosling's BBC confession,news.bbc.co.uk,http://news.bbc.co.uk/1/hi/england/nottinghamshire/8519681.stm
2010-02-17,22:06:08,b34ya,10,Russian S-300 delivery to Iran delayed  ,jpost.com,http://www.jpost.com/IranianThreat/News/Article.aspx?id=168934
2010-02-17,23:02:04,b35qw,12,Africa's first high-speed train: South Africa's new Gautrain to launch for World Cup 2010.,globalpost.com,http://www.globalpost.com/dispatch/south-africa/100216/johannesburg-gautrain
2010-02-17,17:31:12,b322y,10,UK ferry company allowed to carry on destroying marine life ,news.bbc.co.uk,http://news.bbc.co.uk/1/hi/england/hampshire/8518029.stm
2010-02-17,18:18:04,b32kl,8,Obama Administration will not rule out attacking Iran over its decision to enrich uranium to 20 percent. Same as Bush.,news.antiwar.com,http://news.antiwar.com/2010/02/16/white-house-wont-rule-out-attacking-iran/
2010-02-17,13:38:53,b2zrs,11,British nationals named among suspects deny role in murder of Hamas official,guardian.co.uk,http://www.guardian.co.uk/world/2010/feb/16/dubai-killers-identities-uk-citizens
2010-02-17,22:23:41,b356i,7,"Israel smokescreens world community about the killing of Mahmoud al-Mabhouh in Dubai: ""Israel never responds, never confirms and never denies,"" Mr. Lieberman said. ""There is no reason for Israel to change this policy.""",news.bbc.co.uk,http://news.bbc.co.uk/2/hi/middle_east/8520247.stm
2010-02-17,19:44:24,b33ew,8,"Dubai Hamas assassination: how it was planned, according to the Telegraph",telegraph.co.uk,http://www.telegraph.co.uk/news/worldnews/middleeast/dubai/7251960/Dubai-Hamas-assassination-how-it-was-planned.html
2010-02-18,03:06:54,b39bp,8,"Afghanistan Taliban 'using human shields', attempting to draw NATO fire to areas with high levels of civilians",news.bbc.co.uk,http://news.bbc.co.uk/2/hi/south_asia/8519507.stm
2010-02-18,06:01:27,b3bhf,6,3 Tesla workers die in E. Palo Alto plane crash,sfgate.com,http://www.sfgate.com/cgi-bin/article.cgi?f=/c/a/2010/02/17/BA391C32O5.DTL
2010-02-17,10:35:50,b2xxb,7,Employees assume control of Total refinery,libcom.org,http://libcom.org/news/total-refinery-dunkerque-occupied-16022010
2010-02-18,06:13:41,b3bn7,6, 'Never nice for children' - life in a British detention centre,news.bbc.co.uk,http://news.bbc.co.uk/1/hi/education/8518742.stm
2010-02-18,06:26:30,b3bso,4,Far from Freedom: Iraqi refugees in Jordan,abc.net.au,http://www.abc.net.au/news/stories/2010/02/18/2823058.htm
2010-02-18,06:12:44,b3bmt,4,Hamas official accused of helping Mossad hit squad,guardian.co.uk,http://www.guardian.co.uk/world/2010/feb/17/hamas-official-accused-mossad-murder
2010-02-17,06:27:31,b2vfs,5,Decapitated bodies of 5 men are found in front of a Mexican school,ajc.com,http://www.ajc.com/news/nation-world/western-mexico-5-decapitated-307138.html
