2010-01-31,18:35:01,awaj1,660,"Game Changer: China Plans to Open Military Bases Worldwide - It has been speculated upon in open-source intelligence circles for years. So, there is little surprise for the rest of the world when it hears of China’s first major foray in its new role as a Superpower.",antemedius.com,http://www.antemedius.com/content/game-changer-china-plans-open-military-bases-worldwide
2010-01-31,14:53:07,aw9d9,130,"Orphaned, Raped and Ignored: Congo's forgotten war, possibly the most lethal conflict since World War II",nytimes.com,http://www.nytimes.com/2010/01/31/opinion/31kristof.html
2010-02-01,00:19:21,awcrq,95,"there are things which we just don't face in our society, things we're not willing to talk about. With respect to Afghanistan, one of the things that we don't want to face and talk about is the presence of drug trafficking in the plans of the CIA for controlling remote areas of this world.",antemedius.com,http://www.antemedius.com/content/deep-state-powerless-president-cia-afghanistan-and-heroin
2010-01-31,23:04:53,awc3e,76,Thousands protest in Tokyo against U.S. military presence in Japan,dailymail.co.uk,http://www.dailymail.co.uk/news/worldnews/article-1247281/Thousands-protest-Tokyo-U-S-military-presence-Japan.html
2010-01-31,23:27:15,awcat,48,China threatens sanctions over $6 billion US arms sale to Taiwan,latimes.com,"http://www.latimes.com/news/nation-and-world/la-fg-china-taiwan31-2010jan31,0,6742255.story"
2010-02-01,03:34:45,awehi,39,Israel ‘poisoned Hamas leader’,timesonline.co.uk,http://www.timesonline.co.uk/tol/news/world/middle_east/article7009625.ece#cid=OTC-RSS&attr=797093
2010-02-01,02:13:31,awdq8,37,Firefighters clash with police in Northern Spain during a protest against privatization of the emergency services,liveleak.com,http://www.liveleak.com/view?i=afd_1264918848
2010-02-01,05:25:43,awfej,36,"Gunmen murder a dozen teens, 2 adults, injure many more at house party in Mexico. ""The men drove up in four SUVs, went into the house and shot at everyone""",news.bbc.co.uk,http://news.bbc.co.uk/2/hi/americas/8490366.stm
2010-01-31,23:43:45,awcgj,31,Israel's remarkable new steps to solve its organ shortage,slate.com,http://www.slate.com/id/2242791/
2010-01-31,11:16:19,aw7wc,32,"Haitian police have arrested 10 United States citizens caught trying to take 33 children out of the earthquake-stricken country in a suspected illicit adoption scheme, authorities say.",abc.net.au,http://www.abc.net.au/news/stories/2010/01/31/2805914.htm
2010-02-01,05:39:31,awfi9,23,Switzerland to hold referendum on whether animals are entitled to lawyers to protect them from abuse.,telegraph.co.uk,http://www.telegraph.co.uk/news/worldnews/europe/switzerland/7120931/Switzerland-to-hold-referendum-on-lawyers-for-animals.html
2010-02-01,05:35:36,awfgy,25,Petition to bring Tony Blair to trial for war crimes,petitiononline.com,http://www.petitiononline.com/BWCF/
2010-01-31,10:50:03,aw7qc,20,"Reddit worldnews, I am shocked at what the comments on the post about Bill Moyers revealed today.",self.worldnews,https://www.reddit.com/r/worldnews/comments/aw7qc/reddit_worldnews_i_am_shocked_at_what_the/
2010-01-31,21:28:38,awbfs,18,Last reel for Miramax as Disney closes studio,guardian.co.uk,http://www.guardian.co.uk/business/2010/jan/29/weinsteins-miramax-studio-closed-disney
2010-02-01,05:30:04,awffl,16,"Japan's whalers are at sea again, harvesting meat that few will eat ",independent.co.uk,http://www.independent.co.uk/news/world/asia/japans-whalers-are-at-sea-again-harvesting-meat-that-few-will-eat-1884359.html
2010-01-31,15:49:17,aw9p2,10,"If someone was a suspect in a murder in a first world country one would expect the suspect to be given a fair trial, in a country with no modern justice system one would expect the suspect to be killed by thugs. In Israel the thugs wear uniforms and work for the government.",btselem.org,http://www.btselem.org/English/Firearms/20100127_Killing_of_Fatah_members_in_Nablus_suspicious.asp
2010-02-01,02:21:26,awdsn,11,"Israel denies Gaza war crimes in report to UN, but refuses an independent investigation. I wonder why ?",guardian.co.uk,http://www.guardian.co.uk/world/2010/jan/31/israel-war-crimes-un-report
2010-02-01,07:53:16,awgih,10,Two IDF officers disciplined for using white phosphorous in Gaza offensive ,haaretz.com,http://www.haaretz.com/hasen/spages/1146638.html
2010-01-31,14:36:24,aw98u,10,"""I would simply like Tony Blair to look me in the eye and say he was sorry. Instead, he is in there smirking."" – Theresea Evans of North Wales, whose 24-year-old son, Llywelyn, was killed in Iraq.",michaelmoore.com,http://www.michaelmoore.com/words/latest-news/families-iraq-war-dead-voice-anger-smirking-blair
2010-01-31,18:11:49,awaf0,12,The rise of 'the African Taliban',guardian.co.uk,http://www.guardian.co.uk/world/2010/jan/31/shabaab-somalia-islamic-militia-refugees
2010-01-31,22:57:54,awc1b,10,"In Iran, a few shadowy men guarantee the regime's increasingly shaky grip on power. Will they stay loyal?",foreignpolicy.com,http://www.foreignpolicy.com/articles/2010/01/29/irans_bubble_boys
2010-02-01,05:44:16,awfjk,9,Russia to sell almost 2 billion in arms to Libya.,cnn.com,http://www.cnn.com/2010/WORLD/europe/01/30/russia.libya.arms/?hpt=T2
2010-02-01,01:28:11,awdc3,10,Moscow police break up anti-Kremlin protest,alertnet.org,http://www.alertnet.org/thenews/newsdesk/LDE60U0E3.htm
2010-01-31,15:15:49,aw9i9,8,"Local police hold 10 Americans, including a pastor suspected of trafficking Haitian children ",france24.com,http://www.france24.com/en/20100131-haiti-earthquake-police-arrest-child-trafficking?autoplay=
2010-01-31,14:28:31,aw96n,10,"Iceland President Accuses England, Holland of Financial “Bullying” [CNN]",infowars.com,http://www.infowars.com/iceland-president-accuses-england-holland-of-financial-bullying/
2010-01-31,21:12:40,awbcf,5,U.S. finishes white-washing Honduras coup,news.xinhuanet.com,http://news.xinhuanet.com/english2010/world/2010-01/30/c_13156653.htm
2010-01-31,18:43:53,awakj,6,"Vietnam, dissident Pham Thanh Nghien sentenced to 7 years",asianews.it,"http://www.asianews.it/news-en/Vietnam,-dissident-Pham-Thanh-Nghien-sentenced-to-7-years-17492.html"
2010-01-31,22:12:39,awbq2,6,"Censored in Indonesia: No porn, no gore, no sensitive politics. Has Big Brother moved back to Jakarta?",globalpost.com,http://www.globalpost.com/dispatch/indonesia/100127/politics-censorship-press
2010-01-31,14:58:01,aw9ef,5,"New U.S. air strategy in Afghanistan: First, do no harm",mcclatchydc.com,http://www.mcclatchydc.com/226/story/83332.html
2010-02-01,07:15:45,awg8p,4,"In a SPIEGEL interview, Afghan President Hamid Karzai, 52, discusses prospects for reconciliation with the Taliban, his difficult relationship with Washington and the Germans' role in the country following the deadly September bombing near Kunduz that caused numerous civilian deaths.",spiegel.de,"http://www.spiegel.de/international/world/0,1518,675140,00.html"
