2010-06-30,07:45:15,ckbsh,427,South Korea's parliament votes to legalize chemical castration as punishment for convicted child sex offenders,mail.com,http://www.mail.com/Article.aspx/science/0/APNews/Science/20100629/U_AS-SKorea-Chemical-Castration?pageid=1
2010-06-30,22:06:07,ckix9,223,"Pope rebukes cardinal who exposed abuse: 
Public dressing down for man praised for criticism of church abuse cover-ups.",sfgate.com,http://www.sfgate.com/cgi-bin/article.cgi?file=/c/a/2010/06/29/MNRF1E68UI.DTL
2010-06-30,11:05:57,ckdpp,171,"This depression is similar to the Great Panic of 1873; The US and Europe are heading towards deflation, tens of millions will never work again. ""It is the victory of an orthodoxy [..] whose main tenet is that imposing suffering on other people is how you show leadership in tough times.""",nytimes.com,http://www.nytimes.com/2010/06/28/opinion/28krugman.html?asdf
2010-07-01,02:20:38,ckm02,122,"The Niger Delta has experienced oil spills on par with the Exxon Valdez disaster every year for the past half-century, according to one report. But it has never received the attention being paid to the U.S. Gulf Coast",cnn.com,http://www.cnn.com/2010/WORLD/africa/06/29/nigeria.oil/index.html?hpt=C1
2010-07-01,06:27:10,ckp2g,85,"G20 Toronto - So Black Block get green light to rampage, yet innocent people get the shit beat out of them",youtube.com,http://www.youtube.com/watch?v=p5G7aCgXtWg&
2010-07-01,00:11:43,ckkav,82,"Half of Afghanistan’s 476 women prisoners were detained for “moral crimes”—e.g., refusing to marry, or attempted adultery.",news.bbc.co.uk,http://news.bbc.co.uk/2/hi/programmes/newsnight/8771605.stm
2010-07-01,03:44:13,ckn3x,48,"The German economy is rapidly improving, with many manufacturers struggling to keep up with demand. But not all are happy with the country's recovery. Many say that Germany's export gains are coming at the expense of its trading partners.",spiegel.de,"http://www.spiegel.de/international/business/0,1518,703617,00.html"
2010-07-01,07:06:17,ckpi5,44,Two Egyptian police officers charged with brutal death of blogger/activist,rawstory.com,http://rawstory.com/rs/2010/0630/egyptian-police-officers-charged-brutal-death-bloggeractivist/
2010-06-30,23:30:40,ckjtx,40,Russia sending armoured vehicles to West Bank,presstv.ir,http://www.presstv.ir/detail.aspx?id=132634&sectionid=351020202
2010-07-01,06:41:28,ckp8m,35,Police Lied About Law Demanding G20 Protesters Show ID,prisonplanet.com,http://www.prisonplanet.com/police-lied-about-law-demanding-g20-protesters-show-id.html
2010-07-01,01:37:09,cklf5,36,"Afghanistan, June, 2010, in pictures",boston.com,http://www.boston.com/bigpicture/2010/06/afghanistan_june_2010.html
2010-06-30,11:08:43,ckdqo,34,"""The Karzai government is crumbling before our eyes, and if we delude ourselves that this is not the case, we could yet face a replay of 1842."" --Why the Taliban is winning in Afghanistan",newstatesman.com,http://www.newstatesman.com/international-politics/2010/06/british-afghanistan-government
2010-06-30,12:07:09,cke9k,35,"Today, a Mafia hit in Montreal. A journalist is threatened against photographing mafia members at the scene. ""Blood flows soon like a smashed head on a dashboard.""",montrealgazette.com,http://www.montrealgazette.com/Wild+shootout+L%C3%A9onard/3217132/story.html
2010-07-01,06:03:08,ckoss,25,Greek anger over austerity measures spills on to Athens streets - thousands of bewildered tourists being stranded,guardian.co.uk,http://www.guardian.co.uk/business/2010/jun/29/emu-greece
2010-06-30,21:55:17,ckits,23,"War by other means: By paying local police, the US may be funding the Taliban by another name",globalpost.com,http://www.globalpost.com/dispatch/afghanistan/100625/us-aid-afghanistan-taliban-3-qaeda
2010-07-01,02:50:20,ckme9,24,G20: Jailed female protesters say they were strip searched and threatened ,lfpress.com,http://www.lfpress.com/news/g20/2010/06/28/14547166.html
2010-07-01,06:53:55,ckpdf,19,"Journalist couple gunned down in Mexico, motive not yet established",en.rsf.org,"http://en.rsf.org/mexico-journalist-couple-gunned-down-in-30-06-2010,37845.html"
2010-07-01,05:23:04,ckobu,19,Greece bombings: groups of southern European anarchists with unclear aims and tenuous links are blamed,globalpost.com,http://www.globalpost.com/dispatch/europe/100629/greece-anarchists-bomb
2010-06-30,08:31:35,ckc8c,17,"In a bid to maintain its presence in mainland China, Google to stop redirecting users in China to uncensored site",latimes.com,"http://www.latimes.com/business/la-fi-china-google-20100630,0,7917119.story"
2010-07-01,06:53:14,ckpd2,19,UK firm paid bribes to sell Iraqis toxic fuel additive,guardian.co.uk,http://www.guardian.co.uk/business/2010/jun/30/octel-petrol-iraq-lead
2010-06-30,18:47:07,ckhg3,16,"Airport body scanners deliver radiation dose 20 times higher than first thought, warns expert.",dailymail.co.uk,http://www.dailymail.co.uk/health/article-1290527/Airport-body-scanners-deliver-radiation-dose-20-times-higher-thought.html
2010-07-01,05:38:30,ckohk,17,"BBC News - Russian spy suspect missing in Cyprus, say police - why you don't let a suspected spy out on bail",news.bbc.co.uk,http://news.bbc.co.uk/2/hi/world/europe/10470198.stm
2010-07-01,00:21:35,ckkfr,16,"Hundreds Die in New Darfur Clashes, Nobody Notices",newsweekparentsguide.com,http://www.newsweekparentsguide.com/2010/06/10/hundreds-die-in-darfur-clashes-nobody-notices.html
2010-07-01,01:47:20,cklke,14,Iraq inquiry: secret documents showing Tony Blair's frustration published (Lord Goldsmith personally handed Mr Blair a draft legal note warning that he did not accept that prior UN Security Council resolutions relating to Iraq could be used to justify war. ),telegraph.co.uk,http://www.telegraph.co.uk/news/worldnews/middleeast/iraq/7863912/Iraq-inquiry-secret-documents-showing-Tony-Blairs-frustration-published.html
2010-06-30,16:25:17,ckgge,17,Apartheid loves apartheid: Israel's secret relationship with racist South Africa revealed,english.aljazeera.net,http://english.aljazeera.net/focus/2010/06/201062274848326213.html
2010-06-30,20:09:29,cki0e,15,"Well, that's alright then!  Ireland Officially Exits Recession - WSJ.com",online.wsj.com,http://online.wsj.com/article/SB10001424052748703426004575338433422665358.html?mod=googlenews_wsj
2010-06-30,14:30:11,ckfiz,13,West Bank poverty 'worse than Gaza',english.aljazeera.net,http://english.aljazeera.net/news/middleeast/2010/06/201062916845576597.html
2010-07-01,05:07:45,cko5b,14,"Hundreds of treasure hunters from around the world are digging in an Austrian forest where a convicted mafia figure supposedly buried 5,000,000 Euros.",austriantimes.at,http://austriantimes.at/news/General_News/2010-06-29/24636/Forest_madness_over_hidden_%805mn_suspicion
2010-07-01,05:12:00,cko72,13,Kiwi PM Balks At Request To Send More Troops To Afghanistan - Prime Minister John Key revealed yesterday that New Zealand recently rebuffed a bid by Australia to form an Anzac training unit in Uruzgan province in Afghanistan.,nzherald.co.nz,http://www.nzherald.co.nz/nz/news/article.cfm?c_id=1&objectid=10655619
2010-06-30,11:44:35,cke2a,10,Living the US dream. But allegedly spying for Russia,belfasttelegraph.co.uk,http://www.belfasttelegraph.co.uk/news/world-news/living-the-us-dream-but-allegedly-spying-for-russia-14859404.html
