2010-10-05,09:19:39,dmuwf,934,"In Israel, a chief education official was fired after denying evolution and global warming.",ynetnews.com,"http://www.ynetnews.com/articles/0,7340,L-3964117,00.html"
2010-10-05,19:48:20,dn1c9,348,An Israeli military court on Sunday convicted two soldiers of using a Palestinian child as a human shield by forcing him to check for booby traps during the 2008-2009 Gaza war.,rawstory.com,http://www.rawstory.com/rs/2010/10/israeli-court-soldiers-palestinian-boy-human-shield/
2010-10-05,22:56:46,dn3by,184,"The worst-ever chemical accident in Hungary: ""It's an ecological catastrophe""",english.aljazeera.net,http://english.aljazeera.net/news/europe/2010/10/2010105122242999996.html
2010-10-05,08:05:12,dmtvy,145,"French women cause a stir in niqab and daisy duke shorts in anti-burka ban protest, aka ""the NiqaBitches""",telegraph.co.uk,http://www.telegraph.co.uk/news/newsvideo/8036686/French-women-cause-a-stir-in-niqab-and-hot-pants-in-anti-burka-ban-protest.html
2010-10-05,08:18:17,dmu1w,132,"""Congo is the U.N.’s crowning failure, If the women being raped were the daughters or wives or mothers of the power elites, I can promise you this war would have ended about 12 years ago.""",nytimes.com,http://www.nytimes.com/2010/10/04/world/africa/04congo.html?_r=2&hp
2010-10-05,21:48:01,dn2i0,90,Bangladesh court rules against compelling women to wear burqa,news.xinhuanet.com,http://news.xinhuanet.com/english2010/world/2010-10/04/c_13542349.htm
2010-10-05,19:11:10,dn11e,79,Graphene yeilds a nobel prize in physics.,nobelprize.org,http://nobelprize.org/
2010-10-05,17:44:21,dn0bq,67,Former Societe Generale trader Jerome Kerviel was found guilty of breach of trust by a Paris court on Tuesday for his role in a trading scandal that cost the bank close to 5 billion euros ($7 billion).,reuters.com,http://www.reuters.com/article/idUSTRE69414220101005
2010-10-05,04:12:45,dmqmy,45,"""An Israeli military court convicted two soldiers on Sunday of using a 9-year-old Palestinian boy as a human shield by forcing him to check bags for explosives...""",nytimes.com,http://www.nytimes.com/2010/10/04/world/middleeast/04mideast.html?_r=1&hpw
2010-10-06,06:06:21,dn9rn,34,Video showing an Israeli soldier belly-dancing next to a woman who is a blindfolded and handcuffed,maannews.net,http://www.maannews.net/eng/ViewDetails.aspx?ID=321042
2010-10-05,22:45:10,dn36k,27,"Well, thank god for the European Parliament",euractiv.com,http://www.euractiv.com/en/infosociety/lawmakers-call-halt-acta-deal-news-498442
2010-10-06,03:13:22,dn7aa,31,Lost Language Found In Use in India,video.nationalgeographic.com,http://video.nationalgeographic.com/video/player/news/culture-places-news/enduring-voices-koro-vin.html?source=link_tw20101005lostlanguage
2010-10-05,11:18:23,dmwd6,20,"U.S. drones kill German citizens: 
Militants in Pakistan allegedly training for Mumbai-style attacks.",rawstory.com,http://www.rawstory.com/rs/2010/10/drone-strike-killed-5-german-militants-training-pakistan-officials/
2010-10-05,19:42:08,dn1af,20,"In the aftermath of the flotilla incident, Turkey's trade relations with Israel grew by over 40% - wait what?",hurriyetdailynews.com,http://www.hurriyetdailynews.com/n.php?n=turkish-israeli-trade-volume-8216impressive8217-embassy-says-2010-09-21
2010-10-06,07:46:01,dnb34,21,"Stay classy, IDF",smh.com.au,http://www.smh.com.au/world/belly-dancing-israeli-soldier-video-provokes-furious-response-20101005-166bk.html
2010-10-05,18:54:33,dn0ws,20,"A ""rogue trader"" must pay back 4.9 billion euros in damage for illicit trading to his former employer, the French bank Société Générale... A perfect scapegoat was found, I guess we can all go grab our sticks and pitchfork and start blaming traders again...",france24.com,http://www.france24.com/en/20101005-societe-generale-rogue-trader-kerviel-found-guilty-five-years-jail-damages-court-paris
2010-10-05,19:17:58,dn137,20,Nobel prize for Physics goes to team from University of Manchester for work on graphene,bbc.co.uk,http://www.bbc.co.uk/news/world-11476301
2010-10-05,19:56:02,dn1ej,16,Parisian flat containing €2.1 million painting lay untouched for 70 years,telegraph.co.uk,http://www.telegraph.co.uk/news/worldnews/europe/france/8042281/Parisian-flat-containing-2.1-million-painting-lay-untouched-for-70-years.html
2010-10-06,06:14:27,dn9vx,14,Money Is Power - A Inside View of the IMF's Massive Global Influence - Extensive Article on the Growing Influence of the International Monetary Fund,spiegel.de,"http://www.spiegel.de/international/world/0,1518,721158,00.html"
2010-10-05,16:58:19,dmzzi,13,The Philippine House of Representatives has approved a bill criminalising the improper singing of the country's national anthem.,bbc.co.uk,http://www.bbc.co.uk/news/world-asia-pacific-11473753
2010-10-05,09:56:15,dmvc6,14,"Car bomb explodes near Londonderry shopping centre, Northern Ireland",bbc.co.uk,http://www.bbc.co.uk/news/uk-northern-ireland-foyle-west-11473586
2010-10-05,23:49:17,dn44u,12,The slow scamper of the black squirrel,bbc.co.uk,http://www.bbc.co.uk/news/magazine-11444893
2010-10-05,22:56:48,dn3bz,12,"European soldiers are training 2,000 Somalis to 
help build a national army to defend a weak, 
Western-backed government in Mogadishu, Somalia",npr.org,http://www.npr.org/templates/story/story.php?storyId=130326384
2010-10-05,19:11:31,dn11k,11,BBC News - Deadly sludge escape kills three in western Hungary,bbc.co.uk,http://www.bbc.co.uk/news/world-europe-11475361
2010-10-06,03:44:02,dn7rn,12,"Australia police say 13 Taser shocks were too much - Police say a graphic video of an unarmed man Tasered 13 times shows an unacceptable misuse of stun guns, as questions are raised about how much the devices are used in Australia.",suntimes.com,"http://www.suntimes.com/news/world/2773854,austraila-taser-debate-100510.article"
2010-10-06,06:46:39,dnab7,8,"Smokers in public places face 100,000 won fine - The Seoul Metropolitan Council said Tuesday it plans to pass an ordinance this year to slap a fine of up to 100,000 won on those who smoke at bus stops and other public places legally designated as non-smoking areas.",koreatimes.co.kr,http://www.koreatimes.co.kr/www/news/nation/2010/10/117_74040.html
2010-10-05,19:43:01,dn1ap,10,Indonesia's president has cancelled a trip to the Netherlands citing a court case launched by Malukan separatists who want him arrested over human rights abuses.,abc.net.au,http://www.abc.net.au/news/stories/2010/10/05/3030310.htm
2010-10-05,20:51:40,dn1wh,10,Israel Considers 60-Day Settlement Freeze,haaretz.com,http://www.haaretz.com/news/diplomacy-defense/netanyahu-urges-top-ministers-to-extend-settlement-freeze-1.317164
2010-10-05,18:50:43,dn0vq,9,Interview with former Pakistani President Pervez Musharraf - 'Pakistan is Always Seen as the Rogue',spiegel.de,"http://www.spiegel.de/international/world/0,1518,721110,00.html"
2010-10-05,23:57:32,dn497,7,"Approximately 8,000 people demonstrated outside the Icelandic parliament Monday night, the largest protest ever in the history of Iceland.",therightperspective.org,http://www.therightperspective.org/2010/10/05/thousands-protest-outside-iceland-parliament/
