2010-06-22,22:17:39,chpwx,454,Arrest of an alleged Mossad agent in Warsaw could adversely affect German-Israeli relations. Berlin Officials say the Mossad went too far in obtaining a German passport for alleged use in the murder of a Hamas official - especially as they apparently used a fake story of Nazi persecution to get it.,spiegel.de,"http://www.spiegel.de/international/world/0,1518,701826,00.html"
2010-06-22,19:21:28,chody,375,Postcards from Hell: The world's most failed states,foreignpolicy.com,http://www.foreignpolicy.com/articles/2010/06/21/postcards_from_hell?page=full
2010-06-22,16:45:01,chn92,317,"North Korean players may face ""re-education"" on their return home, exiles suggest ",news.bbc.co.uk,http://news.bbc.co.uk/1/hi/world/asia_pacific/10371350.stm
2010-06-22,19:38:18,choig,245,"Israel's 'Prisoner X': ""He is simply a person without a name and without an identity who has been placed in total and utter isolation from the outside world""",telegraph.co.uk,http://www.telegraph.co.uk/news/worldnews/middleeast/israel/7844607/Israel-gripped-by-identity-of-Prisoner-X.html
2010-06-22,02:34:46,chemx,217,Top Vatican priest sexually abused not only young seminarians under his control but also abused his own children,abcnews.go.com,http://abcnews.go.com/Blotter/top-vatican-priest-accused-sexually-abusing-sons/story?id=10968647
2010-06-22,22:05:21,chprv,208,"Some 98% of climate scientists that publish research on the subject support the view that human activities are warming the planet, a study suggests. It added there was little disagreement among the most experienced scientists. ",news.bbc.co.uk,http://news.bbc.co.uk/2/hi/science_and_environment/10370955.stm
2010-06-22,11:36:40,chkii,120,"50 years on, Belgians face trial for Congo war crimes",news.scotsman.com,http://news.scotsman.com/news/50-years-on-Belgians-face.6375103.jp
2010-06-22,18:14:38,chnwl,81,"Google targeted by BPI for linking to illegal 
downloads - British Recording industry association 
sends cease-and-desist order to search engine, 
asking it to remove links to infringing websites",guardian.co.uk,http://www.guardian.co.uk/music/2010/jun/22/google-bpi
2010-06-22,22:06:17,chps7,60,"Norway's foreign minister has described the G20, which will meet this weekend in Toronto, as the ""greatest setback"" for the international community since World War II. In an interview Jonas Gahr Støre explains why the organization won't function in the long run.",spiegel.de,"http://www.spiegel.de/international/europe/0,1518,702104,00.html"
2010-06-22,21:30:29,chpfr,57,"Doctor confronts another doctor at a medical conference: ""Why are you still practicing . . . You are incompetent, you are a convicted killer"" See video from 0:30 secs",channel4.com,http://www.channel4.com/news/articles/uk/gp+challenged+by+sons+of+killed+pensioner/3686972
2010-06-22,10:39:58,chjxs,48,"Mainland China to become world's top manufacturer, ending America's 110-year reign",dailymail.co.uk,http://www.dailymail.co.uk/news/worldnews/article-1288497/China-worlds-manufacturer-ending-Americas-110-year-reign.html
2010-06-23,07:05:18,chwoo,46,"Sweden condemns pig cannibalism - In Sweden, Scan and other large meat producers have agreed not to use blood or animal fat in animal feed for pigs, among others.",thelocal.se,http://www.thelocal.se/27392/20100622/
2010-06-22,03:18:46,chf6e,46,"Combat engineer Canada’s 148th military death in Afghanistan - Sgt. James MacNeil, 28, of Glace Bay, N.S., was killed Monday morning while on a foot patrol in Nakhoney, about 20 kilometres southwest of Kandahar.",financialpost.com,http://www.financialpost.com/news/Canadian+soldier+killed+Afghanistan/3182190/story.html
2010-06-23,03:25:53,chtzm,38,"Reddit helps campaign to raise enough money to build a water well in Africa! Meet Maggie Moran, the sixteen year old that made this happen.",charitywater.org,http://www.charitywater.org/blog/ctw06222010/
2010-06-22,18:13:17,chnw5,40,The world would love to be Canadian ,theglobeandmail.com,http://www.theglobeandmail.com/news/world/g8-g20/news/the-world-would-love-to-be-canadian/article1612707/?cmpid=rss1&utm_source=feedburner&utm_medium=feed&utm_campaign=Feed:+TheGlobeAndMail-Front+(The+Globe+and+Mail+-+Latest+News)
2010-06-22,12:08:47,chkuc,34,Israel asks UN to shelve aid ship raid inquiry,news.bbc.co.uk,http://news.bbc.co.uk/1/hi/world/middle_east/10372283.stm
2010-06-22,22:09:00,chpth,36,BPI Wants Google To Stop Linking To The Pirate Bay,torrentfreak.com,http://torrentfreak.com/ifpi-wants-google-to-stop-linking-to-the-pirate-bay-100622/?utm_source=feedburner&utm_medium=feed&utm_campaign=Feed%3A+Torrentfreak+%28Torrentfreak%29
2010-06-23,06:07:54,chw0v,25,"Road shipments to Gaza begin :Lorries bring goods allowed under Israel's ""liberalised"" policy to Palestinian enclave.",english.aljazeera.net,http://english.aljazeera.net//news/middleeast/2010/06/2010622143623545662.html
2010-06-22,17:52:27,chnqf,24,"The Known Unknowns - Rumsfeld's not the only one to encounter this epistemological puzzle: Known unknowns are everywhere, waiting to trip us up. Here are a few of the most enigmatic.",foreignpolicy.com,http://www.foreignpolicy.com/articles/2010/06/21/the_list_the_known_unknowns
2010-06-23,07:20:26,chwuc,22,"The Associated Press: Saudi convicts 15 men, women for mingling at party",google.com,http://www.google.com/hostednews/ap/article/ALeqM5icglvuTNHJm49KQ73dtZNUzj4LtQD9GGEALG0?ie=loc
2010-06-23,06:46:19,chwh2,19,Israel launches spy satellite,ynetnews.com,"http://www.ynetnews.com/articles/0,7340,L-3909270,00.html"
2010-06-23,07:21:22,chwun,20,Philippines: Three journalists killed in a week,indexoncensorship.org,http://www.indexoncensorship.org/2010/06/philippines-three-journalists-killed/
2010-06-23,04:01:28,chugd,25,"Judicial officials say a Saudi court has convicted four women and 11 men for mingling at a party and sentenced them to flogging and prison terms.
The fourth woman, a minor, was sentenced to 80 lashes and was not sent to prison.",google.com,http://www.google.com/hostednews/ap/article/ALeqM5icglvuTNHJm49KQ73dtZNUzj4LtQD9GGEALG0
2010-06-23,05:20:42,chvfj,19,Bailout cash 'will not be returned' - Taoiseach Brian Cowen has admitted that taxpayers will never get back the 22 billion euro pumped into Anglo Irish Bank.,independent.ie,http://www.independent.ie/breaking-news/national-news/bailout-cash-will-not-be-returned-2230623.html
2010-06-23,06:46:13,chwh1,18,"Pakistan PM Gilani: Pakistan not bound by US sanctions against Iran - Pakistan will go ahead with a plan to import natural gas from Iran even if the US levies additional sanctions on the country, Prime Minister Yousuf Raza Gilani said.",dawn.com,http://www.dawn.com/wps/wcm/connect/dawn-content-library/dawn/news/pakistan/04-gilani-iran-deal-us-sanctions-qs-12
2010-06-22,22:08:55,chptf,17,"""It is outrageous that the two women have a jail term hanging over their heads for wearing orange dresses in a football stadium,"" ",news.bbc.co.uk,http://news.bbc.co.uk/2/hi/africa/10377074.stm
2010-06-23,03:51:25,chubi,18,Ehud Barak criticises plans to demolish Palestinian homes  - Telegraph,telegraph.co.uk,http://www.telegraph.co.uk/news/worldnews/middleeast/israel/7846642/Ehud-Barak-criticises-plans-to-demolish-Palestinian-homes.html
2010-06-23,06:30:52,chwb2,12,"BREAKING: Gen. McChrystal submits his resignation - 
Time magazine's Joe Klein told CNN this afternoon that McChrystal, citing an unnamed source, has decided to step down.",nypost.com,http://www.nypost.com/p/news/national/gen_mcchrystal_summoned_to_white_xHmVhiwFYQzlWRit3vQ56O
2010-06-23,02:54:50,chtib,13,"And what of all the other deaths? The decision to indict Staff Sgt. S. for killing two women during Cast Lead has caused a stir. But his lawyer will rightly ask, 'Why him, and not all the others who killed civilians?' ",haaretz.com,http://www.haaretz.com/print-edition/opinion/and-what-of-all-the-other-deaths-1.297363
2010-06-23,02:26:47,cht4e,12,Wanted WikiLeaks founder Julian Assange breaks cover in Brussels,thefirstpost.co.uk,"http://www.thefirstpost.co.uk/64828,people,news,wanted-wikileaks-founder-julian-assange-breaks-cover-in-brussels-pentagon"
