2010-12-27,16:45:01,eryzu,1953,"Al Jazeera has put out their Top 10 stories of 2010.  I think it's more deserving of our traffic and attention than Time's Bogus Person of the Year gag, not to mention all the other pointless polls people try to influence.  ",english.aljazeera.net,http://english.aljazeera.net/indepth/spotlight/aljazeeratop102010/
2010-12-27,14:13:48,erxdz,1842,"WikiLeaks has not been convicted of a crime. The US Justice Department has not even pressed charges. Nonetheless, the financial industry is trying to shut it down! This decisions came after Assange said it will release data revealing corruption in the financial industry",nytimes.com,https://www.nytimes.com/2010/12/26/opinion/26sun3.html?_r=1
2010-12-27,02:58:12,erpdt,1545,PirateBay Take-down and Changes to Swedish Intellectual Property/Civil Liberties Legislation Exposed to be Heavily Influenced by the American Government According to WikiLeak Cables Released to the Swedish Piracy Party (Google Translate),translate.google.com,http://translate.google.com/translate?js=n&prev=_t&hl=en&ie=UTF-8&layout=2&eotf=1&sl=auto&tl=en&u=http%3A%2F%2Frickfalkvinge.se%2F2010%2F12%2F25%2Fdet-kom-en-julklapp%2F
2010-12-28,04:52:35,es7gw,526,"For more than six months, Wired's Senior Editor Kevin Poulsen has refused to publish key evidence in the arrest of U.S. Army PFC Bradley Manning for allegedly acting as WikiLeaks' source.  Wired is owned by Conde Nast, owners of reddit.com",salon.com,http://www.salon.com/news/opinion/glenn_greenwald/2010/12/27/wired
2010-12-27,18:09:31,erzrd,107,"Wikileaks: The DEA has been transformed into a global intelligence organization with a reach that extends far beyond narcotics, and uses eavesdropping operations against world politicians",nytimes.com,http://www.nytimes.com/2010/12/26/world/26wikidrugs.html?_r=1
2010-12-28,03:39:21,es6fd,87,"""The government of Syria was active in organizing the 2006 riots that erupted across the Arab world following the publication of controversial cartoons of the Prophet Mohammed, Oslo daily Aftenposten reported Monday [December 27, 2010], quoting US diplomatic cables released by website WikiLeaks.""",haaretz.com,http://www.haaretz.com/news/international/syria-helped-orchestrate-2006-mohammed-cartoon-riots-wikileaks-cables-reveal-1.333386
2010-12-27,20:25:10,es0un,55,How did the media miss this? Wikileaks cable exposes secret ninja contract killers in Iran ,cablesearch.org,http://cablesearch.org/cable/view.php?id=09BAKU687&hl=ninja
2010-12-28,04:20:11,es700,47,Today Khodorkovsky was convicted once more - because he dared to oppose Russian Prime Minister Putin. Here is the trancript of his closing statement: A moving and powerful plea for democracy. Worth a read.,americanrhetoric.com,http://www.americanrhetoric.com/speeches/mikhailkhodorkovskyclosingtrialstatement.htm
2010-12-27,22:36:26,es21t,41,"Syrian support for attack on Danish embassy 
[WikiLeaks]",translate.google.com,http://translate.google.com/translate?js=n&prev=_t&hl=da&ie=UTF-8&layout=2&eotf=1&sl=da&tl=en&u=http%3A%2F%2Fpolitiken.dk%2Fudland%2FECE1152765%2Fsyrien-stoettede-angreb-paa-dansk-ambassade%2F
2010-12-27,09:47:58,ertv9,36,"WikiLeaks cyber warriors, a virtual game of dominoes that was set off by WikiLeaks and Julian Assange and is being carried on by global media, free speech activists and cyber warriors who want access to the information that only WikiLeaks is willing to share, plus a still life 2009 retrospective.",english.aljazeera.net,http://english.aljazeera.net/programmes/listeningpost/2010/12/2010121892746977467.html
2010-12-28,04:25:45,es72v,32,German prosecutors are investigating whether two Russian dissidents living in Berlin have been poisoned,bbc.co.uk,http://www.bbc.co.uk/news/world-europe-12082742
2010-12-27,19:44:42,es0jq,22,"More than 1,500 stage protest in central Moscow against xenophobia following the deadly shooting of a Russian football fan",english.aljazeera.net,http://english.aljazeera.net/news/europe/2010/12/2010122613366662630.html
2010-12-28,01:07:56,es40y,18,Nigerian Muslims Slaughter 38 Christians ,youtube.com,http://www.youtube.com/watch?v=wNAqRvQc2PI
2010-12-28,04:07:34,es6tf,20,South Korean President Lee Myung-bak has told his nation it must unite in the face of military aggression from the North.,bbc.co.uk,http://www.bbc.co.uk/news/world-asia-pacific-12081666
2010-12-28,00:37:04,es3ld,17,Khodorkovsky verdict lays bare Russian injustice,globalpost.com,http://www.globalpost.com/dispatch/russia/101227/khodorkovsy-verdict-guilty
2010-12-27,14:47:20,erxt0,17," Fred Hargesheimer, a World War II Army pilot whose rescue by Pacific islanders led to a life of giving back as a builder of schools and a teacher, died here Thursday. He was 94.",nytimes.com,http://www.nytimes.com/2010/12/24/world/24harg.html?_r=1
2010-12-28,05:43:49,es871,14,Cuban medics in Haiti put the world to shame (UK Independent),links.org.au,http://links.org.au/node/2067
2010-12-27,21:10:14,es17s,15,Merkel Government Split ahead of Mandate Vote - Most in Germany would like to see their troops return home from Afghanistan ASAP -- and Foreign Minister Westerwelle has adopted the position as his own. But many in the Merkel government disagree and Westerwelle has powerful detractors.,spiegel.de,"http://www.spiegel.de/international/germany/0,1518,736653,00.html"
2010-12-28,04:11:29,es6vk,12,WikiLeaks: rule of law in Mikhail Khodorkovsky trial merely 'gloss'. US dismisses Russian efforts to show due process in tycoon's trial as 'lipstick on a political pig',guardian.co.uk,http://www.guardian.co.uk/world/2010/dec/27/wikileaks-russia-mikhail-khodorkovsky-trial
2010-12-27,09:53:14,ertxv,9,Afghan police part of the problem--Corruption in the law-enforcement service has become so endemic that a provincial governor has decided to speak out.,rawa.org,http://www.rawa.org/police-3.htm
2010-12-28,02:34:17,es5ee,7,"Opposition to the Euro Grows in Germany - The number of grassroots initiatives against the common currency is increasing, and political observers say a Tea Party-style anti-euro movement could do well.",spiegel.de,"http://www.spiegel.de/international/germany/0,1518,736680,00.html"
2010-12-27,16:16:37,eryqi,9,Train Carrying Gifts for N. Korea's Heir Derailed.,rnw.nl,http://www.rnw.nl/english/bulletin/train-carrying-gifts-nkoreas-heir-derails-0
2010-12-27,06:03:21,errc6,9,"Britain's big freeze death toll hits 300 every day: Nearly 300 more people a day died when freezing temperatures hit at the start of this month, new figures show.",metro.co.uk,http://www.metro.co.uk/news/851254-britains-big-freeze-death-toll-hits-300-every-day#ixzz19G2szV8i
2010-12-28,00:46:15,es3q1,10,"Rabbi threatens civil war at rally: ""There will be a civil war and the creation of a new, autonomous entity...should the government evacuate even the smallest West Bank settlement.""",jpost.com,http://www.jpost.com/NationalNews/Article.aspx?id=200844
2010-12-28,05:57:55,es8fa,9,WikiLeaks: US Government Fights Brazil's on AID/HIV patents claimed by Donald Rumsfeld's company Gilead Sciences,home.canadiantechonline.com,http://home.canadiantechonline.com/index.php?option=com_content&view=article&id=14220:wikileakls-us-denies-generic-hiv-drug-patent-where-urgently-needed-brazil&catid=42:blog&Itemid=56
2010-12-27,14:42:45,erxra,7,Thousands rally in Moscow against ethnic violence,indianexpress.com,http://www.indianexpress.com/news/thousands-rally-in-moscow-against-ethnic-violence/729807/
2010-12-27,09:45:34,ertu9,8,Israel uses British emergency law to banish activist - Middle East - Independent.co.uk,independent.co.uk,http://www.independent.co.uk/news/world/middle-east/israel-uses-british-emergency-law-to-banish-activist-2169416.html
2010-12-27,18:21:31,erzvg,7,Sweeping patients' rights bill planned - Hospital patients would only have to share a room with one other person and appointments with specialists would be guaranteed within three weeks under health reforms being drawn up by the German government.,thelocal.de,http://www.thelocal.de/society/20101227-32053.html
2010-12-28,01:51:22,es4p6,8,Internal United Nations maps show a marked deterioration of the security situation in Afghanistan during this year's fighting season,online.wsj.com,http://online.wsj.com/article/SB10001424052970203568004576043842922347526.html
2010-12-27,09:05:44,ertdk,7,"Industry, Trade and Labour Minister of Israel responds to Ecuador's formal recognition of Palestine as an independent state by saying that the ""entire world"" could recognise a Palestinian state in the next year.",google.com,http://www.google.com/hostednews/afp/article/ALeqM5jALNGy163NHr71YyEy3-yZ2mjzKw?docId=CNG.78e0d6ea454a7aaf3314a8dbd2c58027.841
