2010-05-22,00:45:53,c6q58,1359,Canada 'marijuana seed dealer' extradited to US - may face up to 25 years in US jail for a crime punishable by only a $200 fine in Canada,news.bbc.co.uk,http://news.bbc.co.uk/1/hi/world/us_and_canada/10134872.stm
2010-05-22,19:56:13,c6z95,485,"Russians Capture, Raid and Destroy Pirate Ship (video)",youtube.com,http://www.youtube.com/watch?v=BIVz4tZRbRE
2010-05-22,23:30:41,c70jl,246,"Hamas is set to destroy 180 Gaza houses in order to erect an Islamic religious center. Palestinian Center for Human Rights says Hamas has already destroyed 20 homes, forcing 150 people to live in tents.",haaretz.com,http://www.haaretz.com/print-edition/news/hamas-to-raze-180-gaza-houses-to-erect-islamic-religious-center-1.291347
2010-05-22,09:50:40,c6vmm,113,SAUDI ARABIA: Woman Opens Fire on Religious Police Officers,latimesblogs.latimes.com,http://latimesblogs.latimes.com/babylonbeyond/2010/05/saudi-arabia-woman-opens-fire-on-virtue-police-officers.html
2010-05-22,22:43:03,c7099,70,The secret life of Wikileaks founder Julian Assange ,smh.com.au,http://www.smh.com.au/technology/technology-news/the-secret-life-of-wikileaks-founder-julian-assange-20100521-w1um.html
2010-05-22,18:40:41,c6ywa,52,John Cleese plans 'alimony tour' to pay his ex-wife ,independent.co.uk,http://www.independent.co.uk/arts-entertainment/comedy/news/john-cleese-plans-alimony-tour-to-pay-his-exwife-1979975.html
2010-05-23,03:16:33,c728m,47,"Armed with a netbook, medical supplies and a bicycle, Bangladesh's InfoLadies are giving millions of poor people access to crucial information on their doorsteps that will improve their chances in life ",guardian.co.uk,http://www.guardian.co.uk/journalismcompetition/professional-two-wheel-triumph
2010-05-22,18:14:36,c6yrc,47,"Fijian dictator plans to ""modernise"" the country by introducing public floggings, dress codes for women",fijitimes.com,http://www.fijitimes.com/story.aspx?id=146788
2010-05-22,23:15:17,c70g7,28,"7 Abandoned Wonders of the Former Soviet Union: Deserted Cities, Buildings, Bases and More [pics]
",picm.co.tv,http://www.picm.co.tv/2010/03/7-abandoned-wonders-of-former-soviet.html
2010-05-22,23:42:35,c70m9,28,Owner of Kyrgyzstan fuel depot speaks out: Could American officials be prosecuted for corruption?,globalpost.com,http://www.globalpost.com/dispatch/asia/100521/kyrgyzstan-manas-air-base-fuel-contracts
2010-05-22,10:57:13,c6w25,20,Toyota investing $50m in electric car firm Tesla Motors,news.bbc.co.uk,http://news.bbc.co.uk/2/hi/business/10138918.stm
2010-05-22,23:12:01,c70fl,18,Pink Hitler posters provoke fury in Italy,telegraph.co.uk,http://www.telegraph.co.uk/news/worldnews/europe/italy/7746436/Pink-Hitler-posters-provoke-fury.html
2010-05-22,13:24:56,c6x2s,15,160+ dead in Air India crash,edition.cnn.com,http://edition.cnn.com/2010/WORLD/asiapcf/05/21/india.plane.crash/index.html?hpt=T1
2010-05-22,19:57:47,c6z9p,11,BBC News - How France maintains its grip on Africa,news.bbc.co.uk,http://news.bbc.co.uk/2/hi/africa/8639874.stm
2010-05-22,09:42:10,c6vkl,12,Brazil orders Polish priest arrested in abuse case,google.com,http://www.google.com/hostednews/ap/article/ALeqM5i6T2FZuW588xFahgyr8KUJFK1TJAD9FRFS2G0
2010-05-23,00:54:39,c716h,8,EU staff demand more money in the midst of debt crisis,euronews.net,http://www.euronews.net/2009/12/14/eu-staff-demand-37-percent-pay-rise/?utm_source=feedburner&utm_medium=feed&utm_campaign=Feed%3A+euronews%2Fen%2Feurope+%28euronews+-+europe+-+en%29
2010-05-23,02:18:53,c71sb,8,"In Havana, it's illegal for Cubans to migrate to Cuba",cnn.com,http://www.cnn.com/2010/WORLD/americas/05/19/cuba.illegal/index.html
2010-05-22,15:21:17,c6xu6,7,"Six survivors in the horrific plane crash in Mangalore, India",ndtv.com,http://www.ndtv.com/news/india/air-india-plane-crashes-in-mangalore-27051.php
2010-05-23,06:40:20,c73qo,7,German torpedo sank South Korea ship: report ,reuters.com,http://www.reuters.com/article/idUSTRE6460FC20100507
2010-05-22,16:57:04,c6ye5,4,AUSSIES heading to South Africa for the World Cup are in more danger of becoming a victim of violence than in Afghanistan.,theaustralian.com.au,http://www.theaustralian.com.au/travel/news/south-africa-more-violent-than-afghanistan/story-e6frg8ro-1225869445773
2010-05-22,13:35:11,c6x5b,4,Chinese gov't: All geo data about China must be stored on servers inside China,ogleearth.com,http://www.ogleearth.com/2010/05/china_officiall.html
2010-05-22,09:10:53,c6vcx,4,"According to Clinton, evidence is overwhelming in Korean warship sinking.",theglobeandmail.com,http://www.theglobeandmail.com/news/world/asia-pacific/clinton-says-evidence-overwhelming-in-korean-warship-sinking/article1576737/
2010-05-22,16:50:26,c6yd1,4,Thai government talks reconciliation,globalpost.com,http://www.globalpost.com/breaking-news/general/thai-army-move-protest-camp
2010-05-23,04:04:38,c72lu,1,Clinton Sees House She Helped Build at China Expo,nytimes.com,http://www.nytimes.com/2010/05/23/world/asia/23diplo.html
2010-05-22,14:11:58,c6xee,1,'Many dead' in India plane crash in Mangalore,news.bbc.co.uk,http://news.bbc.co.uk/2/hi/world/10141297.stm
2010-05-23,06:47:18,c73sd,0,The biggest attempt by international aid groups to break the Israeli siege on the Gaza Strip has gotten underway. Israeli State Pirates are threatening to attack the ships.,english.aljazeera.net,http://english.aljazeera.net/news/middleeast/2010/05/2010522133016818451.html?
2010-05-23,01:56:19,c71lo,1,China calls for restraint on North Korea,upi.com,http://www.upi.com/Top_News/International/2010/05/21/China-calls-for-restraint/UPI-31051274419046/
2010-05-23,04:04:04,c72lr,3,Afghan insurgents attack key Nato base in Kandahar,news.bbc.co.uk,http://news.bbc.co.uk/2/hi/world/south_asia/10135441.stm
2010-05-22,14:38:16,c6xka,0,Mexican mayor allegedly beats wife on Mother's Day,articles.sfgate.com,http://articles.sfgate.com/2010-05-12/world/20896178_1_chiapas-mother-s-day-mayor
2010-05-23,07:23:31,c741t,0,"13-year-old American climbs Everest and makes a call: 'Mom, I'm calling you from the top of the world' ",google.com,http://www.google.com/hostednews/ap/article/ALeqM5i4ztWzer4OD63WDlWxodWs8CvHgAD9FS3BUO0
