2010-10-25,23:11:15,dw2m7,727,"Afghanistan's President Karzai admits that his office receives $2 million a year in cash from Iran, which he uses for ""presidential expenses.""  Says that he expects it to continue.  He says that the US also provides him with ""bags of money.""",nytimes.com,http://www.nytimes.com/2010/10/26/world/asia/26afghan.html
2010-10-25,23:49:33,dw35w,182,Two-thirds of the West African nation of Benin - one of the poorest in the world - is under water!,bbc.co.uk,http://www.bbc.co.uk/news/world-africa-11615589
2010-10-26,04:46:56,dw8bd,149,WikiLeaks taunts Pentagon with server mirrors in USA • Hosting with Amazon AWS,theregister.co.uk,http://www.theregister.co.uk/2010/10/25/wikileaks_hosting_on_amazon_web_services/
2010-10-25,23:13:36,dw2nh,127,"IDF put a Palestinian peace activist behind bars for 9 months based on solely on the testimony of a mental disabled man (a man whom, using interrogation, contradicted himself multiple times and also confessed to crimes he obviously didn't commit.)  Once in court the charges where thrown out.",haaretz.com,http://www.haaretz.com/print-edition/news/idf-prosecutors-chided-for-using-testimony-of-mentally-disabled-palestinian-witness-1.320976?print
2010-10-25,13:52:01,dvx4a,125,"Torture, killing, children shot – and how the US tried to keep it all quiet",independent.co.uk,http://www.independent.co.uk/news/world/politics/torture-killing-children-shot-ndash-and-how-the-us-tried-to-keep-it-all-quiet-2115112.html
2010-10-25,22:23:14,dw1z8,82,Apache attack's child victims speak out: Cockpit video of gunship attack that killed 19 and gravely injured two children,guardian.co.uk,http://www.guardian.co.uk/world/2010/oct/25/wikileaks-apache-attack-iraqi-civilians
2010-10-25,19:29:59,dw085,78,Afghan leader Hamid Karzai confirms report of cash payments from Iran,bbc.co.uk,http://www.bbc.co.uk/news/world-south-asia-11618969
2010-10-26,04:41:08,dw87l,65,7.7-magnitude quake hits off Indonesia's Sumatra island,startribune.com,http://www.startribune.com/world/105679833.html
2010-10-26,02:21:58,dw5t1,64,The next emperor: China prepares for political succession; and why the west should be wary.,economist.com,http://www.economist.com/node/17308123?story_id=17308123
2010-10-25,16:04:19,dvyii,54,Sherpa Who Scaled Mt. Everest 19 Times Is Feared Dead After Hit by Avalanche,current.com,http://current.com/news/world/92744466_sherpa-who-scaled-mt-everest-19-times-is-feared-dead-after-hit-by-avalanche.htm
2010-10-25,21:52:00,dw1lf,45,Cholera outbreak spreads to Haiti capital,globalpost.com,http://www.globalpost.com/dispatch/the-americas/101024/cholera-outbreak-haiti-earthquake-united-nations
2010-10-25,23:04:09,dw2i9,46,"Iraq protester throws shoes at Australia former prime minister John Howard, live on television (incl: video)",australiantimes.co.uk,http://www.australiantimes.co.uk/news/Shoes-thrown-at-Howard-during-QandA
2010-10-25,08:21:20,dvt9u,37,Grameen Bank and `microcredit': The `wonderful story' that never happened,links.org.au,http://links.org.au/node/1955
2010-10-26,02:10:57,dw5l9,34,Nicolas Sarkozy most unpopular French president in more than 50 years,telegraph.co.uk,http://www.telegraph.co.uk/news/worldnews/europe/france/8086078/Nicolas-Sarkozy-most-unpopular-French-president-in-more-than-50-years.html
2010-10-26,07:09:11,dwamr,36,"New Zealand protests to keep ""The Hobbit"". Thousands of New Zealanders have taken to the streets to demand that two films in the ""Hobbit"" franchise continue filming in New Zealand.",marketplace.publicradio.org,http://marketplace.publicradio.org/display/web/2010/10/25/am-new-zealand-protests-to-keep-the-hobbit/
2010-10-25,21:03:08,dw128,29,"Facts don't matter, just pander to 'yellow peril' and scare the shit out of American workers.",theatlantic.com,http://www.theatlantic.com/politics/archive/2010/10/the-phenomenal-chinese-professor-ad/64982
2010-10-25,21:51:24,dw1l3,31,First rule of Afghan War: Watch where you step,globalpost.com,http://www.globalpost.com/dispatch/afghanistan/101021/afghanistan-war-photos-ied-kandahar
2010-10-25,23:48:31,dw35a,26,Iraq war logs: British blunder may have let al-Qaida kingpin Zarqawi go free ,guardian.co.uk,http://www.guardian.co.uk/world/2010/oct/23/iraq-zarqawi-alqaida-british-blunder
2010-10-25,20:48:23,dw0x7,24,"Debt, the public's burden - Once deeply in debt, Hume said, governments almost always go deeper to escape the consequences of earlier excesses. ",theglobeandmail.com,http://www.theglobeandmail.com/news/opinions/opinion/debt-the-publics-burden/article1769574/
2010-10-26,07:20:39,dwasa,19,Zambian miners shot by Chinese managers,forumbiodiversity.com,https://www.forumbiodiversity.com/showthread.php?t=10389
2010-10-26,07:34:11,dwaz9,14,"Secret Anti-Piracy Negotiations, 3 Strikes, And a Taxpayer Funded Campaign  ",torrentfreak.com,http://torrentfreak.com/secret-anti-piracy-negotiations-3-strikes-and-a-taxpayer-funded-campaign-101025/
2010-10-26,00:44:29,dw43z,12,"Massive magnitude 7.5 quake in the Kepulanuan Mentawai region, Indonesia.",earthquake.usgs.gov,http://earthquake.usgs.gov/earthquakes/recenteqsww/Quakes/usa00043nx.php
2010-10-25,12:43:36,dvwan,12,Atlantic Wire: Summary of the impact of the WikiLeaks War Logs,theatlanticwire.com,http://www.theatlanticwire.com/opinions/view/opinion/The-Impact-of-the-WikiLeaks-War-Logs-5509
2010-10-26,03:03:21,dw6j2,10,"'Child cancer skyrocketing in Iraqi city'. ""Leukemia (a type of blood cancer) among children under 15 has increased by about four times,"" said Dr. Janan Hasan of the hospital inaugurated on Thursday in the southern port city of Basra.",en.apa.az,http://en.apa.az/news.php?id=132800
2010-10-25,13:37:44,dvwye,11,Works from Iran's Underground Art Scene,spiegel.de,"http://www.spiegel.de/international/world/0,1518,724479,00.html"
2010-10-25,14:45:31,dvxq3,9,"GPS Devices Installed in African Rhinos' Horns
",treehugger.com,http://www.treehugger.com/files/2010/10/gps-devices-installed-in-african-rhinos-horns.php
2010-10-25,20:40:35,dw0u4,9,Egypt's first refusenik - Maikel Nabil Sanad claims he is Cairo's first conscientious objector,ynetnews.com,"http://www.ynetnews.com/articles/0,7340,L-3974091,00.html"
2010-10-25,21:07:52,dw13t,9,Judging the cyber war terrorist threat : The New Yorker,newyorker.com,http://www.newyorker.com/reporting/2010/11/01/101101fa_fact_hersh
2010-10-25,21:44:45,dw1hx,8,EU teams to patrol Greek border amid migrant surge,bbc.co.uk,http://www.bbc.co.uk/news/world-europe-11618094
2010-10-25,20:58:08,dw109,8,Seven Romanian child 'slaves' as young as nine found working on English farm,dailymail.co.uk,http://www.dailymail.co.uk/news/article-1323474/Seven-Romanian-child-slaves-working-Kempsey-Worcester-farm.html
