2010-07-04,12:55:58,clsei,686,"Finland's ""right to broadband"" law is all about preventing the gov't from cutting off citizens' Internet access for bullshit political reasons",telegraph.co.uk,http://www.telegraph.co.uk/technology/broadband/7865182/Finland-enshrines-legal-right-to-broadband.html
2010-07-04,11:21:04,clru3,338,"Haitian Farmers Fight Back Against Monsanto - Concerned that giant multinational corporations are attempting to gain a larger foothold in the local economy, they call on farmers to burn any Monsanto seeds already distributed, and demand that the government reject further shipments.",alternet.org,http://www.alternet.org/world/147322/haitian_farmers_fight_back_against_monsanto
2010-07-05,04:58:43,clxzk,175,Lebanon's Shia Muslim leader dies - the CIA attempted his assassination in 1985 with a car bombing that killed some 80 civilians,english.aljazeera.net,http://english.aljazeera.net/news/middleeast/2010/07/20107354240249363.html
2010-07-04,22:17:53,clv2x,159,5 yr olds & the truth - study into false sexual abuse stories,articlesaboutmen.com,http://www.articlesaboutmen.com/2010/07/04/5-yr-olds-the-truth-study-into-false-sexual-abuse-stories/
2010-07-04,19:31:14,clu9t,44,This may be Britain's Abu Ghraib - The allegations of torture by British soldiers in Iraq bear chilling comparison with America's worst excesses,guardian.co.uk,http://www.guardian.co.uk/commentisfree/2010/jul/03/abu-ghraib-baha-mousa
2010-07-04,15:11:35,clt4t,38,"US warships headed to Costa Rica in order to fight ""War on Drugs""",latamdaily.com,http://www.latamdaily.com/2010/07/03/us-warships-headed-to-costa-rica/
2010-07-05,04:20:29,clxoy,37,Jaroslaw Kaczynski has conceded defeat in Poland's presidential elections after exit polls suggested he had lost to Bronislaw Komorowski.,news.bbc.co.uk,http://news.bbc.co.uk/2/hi/world/europe/10503555.stm
2010-07-05,00:26:31,clvv0,29,"The precise compilation of western casualties contrasts with almost criminal neglect in tracking the numbers of Afghan civilians killed since 2001. If Afghanistan is the ""good war"" then why are we not demanding to be accurately told how many skeletons there are in the Afghan closet?",guardian.co.uk,http://www.guardian.co.uk/commentisfree/2010/jul/04/afghanistan-body-count-civilian-deaths
2010-07-05,07:31:15,clz2i,25,Compromise between Hong Kong’s democrats and Chinese officials will allow a majority of legislators to be elected by popular vote for the first time in Hong Kong’s history,economist.com,http://www.economist.com/node/16439175?story_id=16439175
2010-07-05,05:51:44,clydn,19,Iran 'has proof US kidnapped missing scientist',news.bbc.co.uk,http://news.bbc.co.uk/2/hi/middle_east/10501753.stm
2010-07-04,09:11:50,clr0r,17,Ecuador authorities seize 30 meter drug-smuggling sub,cnn.com,http://www.cnn.com/2010/WORLD/americas/07/03/ecuador.drug.submarine/
2010-07-05,03:10:16,clx51,16,Why does the world buy into Tony Blair? ,telegraph.co.uk,http://www.telegraph.co.uk/comment/columnists/jennymccartney/7870338/Why-does-the-world-buy-into-Tony-Blair.html
2010-07-05,03:25:31,clx9i,16,A Russian oligarch is facing the biggest divorce payment in history after his wife demanded a £3.8 billion settlement,gulfnews.com,http://gulfnews.com/business/general/man-faces-costliest-divorce-ever-1.649818?localLinksEnabled=false&utm_source=Feeds&utm_medium=RSS&utm_term=Business_RSS_feed&utm_content=1.649818&utm_campaign=Man_faces_costliest_divorce_ever
2010-07-05,07:16:22,clyzf,11,PAKISTAN: The ISI severely torture a soldier for five years on false charges of spying for India,ahrchk.net,http://www.ahrchk.net/statements/mainfile.php/2010statements/2668/
2010-07-04,10:04:26,clrd5,8,"Will Europe still be a military power in the 21st century?  

This question would seemed absurd in the 16th, 17th, 18th, 19th, or 20th centuries, all of which had their different versions of European military power. ",nytimes.com,http://www.nytimes.com/2010/07/03/opinion/03iht-eddelpech.html
2010-07-05,02:33:41,clwut,10,BBC News - Call to ban rugby scrums in schools,news.bbc.co.uk,http://news.bbc.co.uk/2/hi/scotland/10501327.stm
2010-07-04,22:23:07,clv3t,8,"This video is for all the people who were mad at the vandalism and said ""Cops are just people trying to do their job!""  Where is your outrage now that its pretty clear this was a set up? ",youtube.com,http://www.youtube.com/watch?v=7XBKOl6Q2CY
2010-07-05,06:24:22,clyn4,8,Saudi King Halts Oil Exploration to Save Wealth,zawya.com,http://www.zawya.com/Story.cfm/sidZW20100704000064/Saudi%20King:%20Halt%20To%20Oil%20Exploration%20To%20Save%20Wealth
2010-07-05,01:49:12,clwh2,6,Permission granted : Tensions flare again as Israel proposes to expand settlements,economist.com,http://www.economist.com/node/16488926?story_id=16488926&source=hptextfeature
2010-07-04,12:59:57,clsfc,7,Indonesian Islamists Threaten Christians,npr.org,http://www.npr.org/templates/story/story.php?storyId=128293115
2010-07-05,03:24:09,clx97,6,WHO: Medical equipment still banned from Gaza,uruknet.info,http://www.uruknet.info/?p=m67149&hd=&size=1&l=e
2010-07-05,07:14:17,clyyx,8,Private armies getting stronger in the Philippines,asianews.it,http://www.asianews.it/news-en/Private-armies-getting-stronger-in-the-Philippines-18837.html
2010-07-04,12:52:22,clsdo,5,1Mbps Broadband Becomes a Legal Right... in Finland,softview.co.cc,http://www.softview.co.cc/2010/07/1mbps-broadband-becomes-legal-right-in.html
2010-07-05,06:53:30,clyul,4,Israeli minister to meet Palestinian PM,newsdaily.com,http://www.newsdaily.com/stories/tre6631pp-us-palestinians-israel/
2010-07-05,06:05:30,clyhz,4,Serial killers going unnoticed in Mexican drug war violence,trutv.com,http://www.trutv.com/library/crime/serial_killers/predators/ciudad_juarez/
2010-07-05,07:24:36,clz14,3,"Good job BP, Miami  now faces up to 80% chance of BP Oil",businessweek.com,http://www.businessweek.com/news/2010-07-02/miami-faces-up-to-80-chance-of-bp-oil-u-s-says.html
2010-07-05,03:51:39,clxgz,3,Lebanon's Grand Ayatollah Mohammed Hussein Fadlallah dies at 74,guardian.co.uk,http://www.guardian.co.uk/world/2010/jul/04/ayatollah-mohammed-hussein-fadlallah-dies
2010-07-05,04:53:43,clxy6,2,Haiti's camps of despair,montrealgazette.com,http://www.montrealgazette.com/business/money/Haiti+camps+despair/3230461/story.html
2010-07-04,15:59:08,cltc8,3,"What the butler heard: Snobbery, hypocrisy, anti-semitism and greed ",independent.co.uk,http://www.independent.co.uk/news/world/europe/what-the-butler-heard-snobbery-hypocrisy-antisemitism-and-greed-2017907.html
2010-07-05,04:17:23,clxo6,2,Three Vietnamese accused rapists were let go based on testimony from a traditional medicine practitioner who claims to be able to prove virginity based on a spot on the ear. ,msnbc.msn.com,http://www.msnbc.msn.com/id/38051788/ns/world_news/?GT1=43001
