2010-08-20,17:23:32,d3d51,549,Saudi Hospitals Asked to Maim Man as Punishment: A Saudi Arabian judge has asked several hospitals in the country whether they could damage a man’s spinal cord as punishment,nytimes.com,http://www.nytimes.com/2010/08/20/world/middleeast/20saudi.html
2010-08-20,02:16:11,d33fp,431,Dutch Muslim Group Fined Over Cartoon Depicting Holocaust Denial,abcnews.go.com,http://abcnews.go.com/International/wireStory?id=11438032
2010-08-20,03:55:45,d34r7,240,"BP says a lot of the oil is gone. Well, a 22-mile-long oily plume was found near the well site today.",msnbc.msn.com,http://www.msnbc.msn.com/id/38770508/
2010-08-20,22:05:23,d3fg0,183,"U.N. study says Israel is ""devastating"" Gaza: Shifts in diet, reductions in the quantity of food consumed, poor sewage treatment and limited access to education",jta.org,http://www.jta.org/news/article/2010/08/19/2740544/un-study-israels-restrictions-on-gaza-devastating
2010-08-20,10:40:44,d39cp,172,Germany plans to legalize medical marijuana,dw-world.de,"http://www.dw-world.de/dw/article/0,,5921523,00.html"
2010-08-20,03:46:49,d34mx,142,"Palestinians learn about the Holocaust in Israel: ""If we say that the Holocaust happened, then we accept that Israelis are human just like us, we do not want to consider Jews as humans because of all the suffering that we go through""",google.com,http://www.google.com/hostednews/ap/article/ALeqM5imVrVBuIyp3mtqWHQe3tDLYpg7SQD9HMD2LO0
2010-08-20,22:01:25,d3fee,115,Pakistan's acceptance of a $5 million flood aid donation from India could be a confidence-building measure between the two long time enemies,csmonitor.com,http://www.csmonitor.com/World/Asia-South-Central/2010/0820/Pakistan-accepts-flood-aid-money-from-rival-India
2010-08-20,07:32:23,d37hg,64,France begins Roma deportations: 'They are trying to get rid of us all',guardian.co.uk,http://www.guardian.co.uk/world/2010/aug/19/france-begins-roma-deportations
2010-08-20,11:15:15,d39ok,55,"Officer held for stealing, selling Gaza flotilla laptops",haaretz.com,http://www.haaretz.com/print-edition/news/officer-held-for-stealing-selling-gaza-flotilla-laptops-1.309105
2010-08-21,05:26:18,d3l2s,43,Pakistan floods : Biggest emergency on the planet declared by UNICEF,youtube.com,http://www.youtube.com/watch?v=hQE3PYBzy6Q&feature=player_embedded#!
2010-08-20,08:54:41,d38by,28,Two Israel soldiers suspected of flotilla theft: media,news.yahoo.com,http://news.yahoo.com/s/afp/20100819/wl_mideast_afp/israelconflictgazamilitarytheft
2010-08-20,18:59:18,d3dts,31,"""The British state will soon be spending more on management consultants than on upgrading its nuclear weapons""",independent.co.uk,http://www.independent.co.uk/opinion/commentators/johann-hari/johann-hari-the-management-consultancy-scam-2057127.html
2010-08-21,06:03:49,d3li4,30,"In war there are no rules, says Israeli ex-soldier - Showing no signs of remorse, Eden Abergil, the former IDF soldier who caused a worldwide stir by posting pictures of herself posing next to blindfolded Palestinian, has defended her action by saying “in war there are no rules“.",thehindu.com,http://www.thehindu.com/news/article583838.ece
2010-08-21,00:31:45,d3h9l,24,Israel and the Palestinians to resume direct talks,bbc.co.uk,http://www.bbc.co.uk/news/world-middle-east-11042430
2010-08-20,10:33:02,d399o,24,U.S. Tells Israel That Iran's Nuclear Threat Is Not Imminent,nytimes.com,http://www.nytimes.com/2010/08/20/world/middleeast/20policy.html
2010-08-20,17:00:25,d3cyc,18,"""Never in the field of human conflict was so much owed by so many to so few."" The UK remembers the Brits, Poles, Chez, Canadians, New Zealanders, and numerous others who defended its skies during the Battle of Brittan.   ",bbc.co.uk,http://www.bbc.co.uk/news/uk-11025959
2010-08-21,01:50:29,d3ib2,16,Parents in Johannesburg renting children to beggars for $3/day.,telegraph.co.uk,http://www.telegraph.co.uk/news/worldnews/africaandindianocean/southafrica/7948764/Babies-rented-to-beggars-in-South-Africa.html
2010-08-20,10:48:26,d39fm,14,Wyclef Jean said to be out of Haiti presidential race ,theglobeandmail.com,http://www.theglobeandmail.com/news/world/americas/wyclef-jean-out-of-haiti-presidential-race/article1679059/?cmpid=tgc
2010-08-21,01:31:28,d3i2c,13,"A huge electricity power cut has
plunged Russia's second city, St
Petersburg, into darkness.",bbc.co.uk,http://www.bbc.co.uk/news/world-europe-11042744
2010-08-20,13:06:46,d3ato,8,France Driving Out The Gypsies,time.com,"http://www.time.com/time/world/article/0,8599,2011848,00.html"
2010-08-20,22:57:16,d3g2n,10,Thailand Will Extradite 'Merchant Of Death' To U.S.,npr.org,http://www.npr.org/templates/story/story.php?storyId=129318042
2010-08-21,03:22:18,d3ji2,9,Mexican museum displays 'narco bling' weaponry confiscated from drug lords,dailymail.co.uk,http://www.dailymail.co.uk/news/worldnews/article-1304465/The-men-golden-guns-Mexican-museum-displays-vulgar-array-weaponry-confiscated-drug-lords.html
2010-08-21,02:05:11,d3ihp,7,Two Films That Blew Bilderberg Wide Open: Fidel Castro’s spotlight on the Bilderberg clique is part of a global awakening,infowars.com,http://www.infowars.com/two-films-that-blew-bilderberg-wide-open/
2010-08-20,12:38:03,d3aiq,7,Afghans mark Independence Day with anti-occupation protests,links.org.au,http://links.org.au/node/1849
2010-08-21,03:57:39,d3jyd,8,2010 marks the 20th anniversary of the Human Development Report. This year the report is set to change with input from Oxford to incorporate poverty in a new way...,hdr.undp.org,"http://hdr.undp.org/en/reports/global/hdr2010/news/title,20523,en.html"
2010-08-21,00:54:41,d3hkp,3,Security concerns as Pakistan floods persist,globalpost.com,http://www.globalpost.com/dispatch/pakistan/100819/security-concerns-pakistan-floods-persist
2010-08-21,06:49:50,d3m09,6,Dutch Court Clears 14-Year-Old Sailor for Solo World Trip,english.chosun.com,http://english.chosun.com/site/data/html_dir/2010/07/28/2010072800372.html
2010-08-20,14:02:00,d3bcm,7,North Korea in consensus with China on resumption of nuclear disarmament talks,reuters.com,http://www.reuters.com/article/idUSTRE67J0EQ20100820
2010-08-20,12:01:43,d3a5r,4,Invasion of the giant rats in Bradford,thesun.co.uk,http://www.thesun.co.uk/sol/homepage/news/3102460/Invasion-of-the-giant-rats-in-Bradford.html
2010-08-20,16:19:40,d3cmx,5,Zahid Hamid - Pakistan's answer to Glenn Beck - claims the flooding in Pakistan is a weather weapon adopted by India and Afghanistan.,uk.asiancorrespondent.com,http://uk.asiancorrespondent.com/fiverupees/zaid-hamid-blames-floods-on-india-and-afghanistan-(not-a-joke-promise)
