2010-01-27,01:03:03,aue8z,1375,"Dr. Norman Finkelstein: ""Every single member of my family on both sides were exterminated...I consider nothing more dispicable then to use their suffering and their martyrdom to try to justify the torture, the brutalization, the demolition of homes that Israel daily commits against the Palestinians""",youtube.com,http://www.youtube.com/watch?v=cNQSV3BBtZ4
2010-01-27,23:30:52,aush4,591,When is a terrorist not a terrorist? When he's a rabbi firebombing a mosque,news.bbc.co.uk,http://news.bbc.co.uk/1/hi/world/middle_east/8482700.stm
2010-01-27,19:07:10,aupah,436,UN report indicates clear evidence of UK role in torture,guardian.co.uk,http://www.guardian.co.uk/world/2010/jan/27/britain-complicit-possible-torture-un
2010-01-27,05:48:25,aui24,325,Chavez Writes Off Haiti's Oil Debt to Venezuela,laht.com,http://www.laht.com/article.asp?ArticleId=351054&CategoryId=10717
2010-01-27,23:46:17,auspt,128,Shoe thrown at Israel chief judge hitting her face,news.bbc.co.uk,http://news.bbc.co.uk/2/hi/middle_east/8482958.stm
2010-01-27,21:06:59,auqky,115,A bit of insight into the warped mentality of the ultra-religious settlers in the West Bank.  People like this are the true enemies of peace.,haaretz.com,http://www.haaretz.com/hasen/spages/1145463.html
2010-01-28,06:04:45,auy0m,94,"Peru in a state of emergency: over 7,000 people are left homeless due to severe flooding and mudslides in several regions",enperublog.com,http://enperublog.com/2010/01/26/emergency-declared-in-cusco-heavy-rains-flood-the-region/
2010-01-28,07:32:44,auyye,82,Haiti girl rescued after 15 days. I can't even go without reddit for 15 hours...,news.bbc.co.uk,http://news.bbc.co.uk/2/hi/americas/8484317.stm
2010-01-27,10:06:23,auknj,64,"“Yesterday, they threw water bottles back at us and said, We don’t want your water""  Why would the Haitians do this?",irishtimes.com,http://www.irishtimes.com/newspaper/world/2010/0125/1224263036790.html
2010-01-27,09:19:04,auk94,48,BREAKING: South Korea returns artillery fire from North. Why would they shoot back? ,reuters.com,http://www.reuters.com/article/idUSTRE60Q0AX20100127
2010-01-28,05:05:12,aux92,47,Secret detention may amount to crime against humanity: UN report,rawstory.com,http://rawstory.com/news/afp/Secret_detention_may_amount_to_crim_01272010.html
2010-01-28,04:04:14,auwft,43,Canadian Surgeons go to Haiti on own accord. Now asking government to pay for their troubles.,montrealgazette.com,http://www.montrealgazette.com/health/Surgeons+request+volunteering+Haiti/2490997/story.html
2010-01-27,11:11:08,aulcw,28,"Blackwater employees indicted for murder in Afghanistan were hired after pasts of cocaine use, assault and battery, and going AWOL.",michaelmoore.com,http://www.michaelmoore.com/words/latest-news/charged-contractors-had-checkered-military-pasts
2010-01-27,11:49:28,aulsq,26,Hugo Chavez says U.S. is using earthquake as pretext for occupying Haiti,nydailynews.com,http://www.nydailynews.com/news/world/2010/01/18/2010-01-18_hugo_chavez.html
2010-01-27,07:25:12,auj2m,24,WHO 'exaggerated swine flu danger' - Who Made the Profits?,abc.net.au,http://www.abc.net.au/news/stories/2010/01/27/2802148.htm?section=justin
2010-01-27,09:08:52,auk5u,20,"Robert Fisk: The tree-lined bunkers that could change the face of the Middle
East. The border looks peaceful, but Hizbollah and Israel are preparing for war. ""This is no game. The Israeli army wants to revenge itself on the Hizbollah,
which humiliated it in 2006.""",independent.co.uk,http://www.independent.co.uk/opinion/commentators/fisk/robert-fisk-the-treelined-bunkers-that-could-change-the-face-of-the-middle-east-1874228.html
2010-01-28,00:53:21,auto6,21,Plan considered to buy off Taliban,english.aljazeera.net,http://english.aljazeera.net/news/asia/2010/01/2010127102734689234.html
2010-01-28,00:53:44,autof,21,Haiti govt gets only 1 cent of every US aid dollar,news.yahoo.com,http://news.yahoo.com/s/ap/20100127/ap_on_bi_ge/lt_haiti_us_aid
2010-01-28,05:06:23,aux9s,15,Honduras: Cesar Silva and Edwin Renán Fajardo Argueta documented government repression in 2009. This is the video Cesar and Edwin tried to share. This is the video Cesar was tortured for. This is the video Edwin died for.,quixote.org,http://quixote.org/repression-honduras
2010-01-27,21:50:49,aur2u,17,"""some object to the practice in some regions of beating dogs to death to release the blood into the meat.""",iol.co.za,http://www.iol.co.za/index.php?set_id=1&click_id=29&art_id=nw20100127122153851C865505
2010-01-28,01:07:16,autw3,12,"Canada's spin on ""homegrown"" extremism - A man plotting mass murder in Toronto sought to profit financially from his terrorism",globalpost.com,http://www.globalpost.com/dispatch/canada/100126/homegrown-extremism
2010-01-28,02:53:43,auvft,9,"Embarking on single-child policy in Bangladesh
",thedailystar.net,http://www.thedailystar.net/newDesign/news-details.php?nid=123000
2010-01-27,08:45:03,aujwn,9,"30,000,000,000 square feet of commercial real estate being constructed in China. That's one cubicle for every man, woman and child in the country.",businessinsider.com,http://www.businessinsider.com/chanos-30000000000-sq-feet-of-commercial-real-estate-being-built-in-china-2010-1
2010-01-28,05:38:49,auxof,11,"The Iraq inquiry isnt going anywhere fast, so many lies!",guardian.co.uk,http://www.guardian.co.uk/uk/2010/jan/27/lord-goldsmith-iraq-inquiry
2010-01-27,18:39:47,aup0a,7,"Supreme Leader of Iran: ""Israel poses major threat to Muslim world, one day regional nations will definitely witness the destruction of the Zionist regime""",tehrantimes.com,http://www.tehrantimes.com/Index_view.asp?code=213101
2010-01-27,23:00:05,aus1r,8,Massive new effort to end the war in Afghanistan by trying to buy off the Taliban: US$500-million for jobs and protection,nationalpost.com,http://www.nationalpost.com/story.html?id=2488015
2010-01-27,12:48:30,aumff,4,"Worst year 'since Holocaust' for antisemitism; the 
Community Security Trust recorded more 
antisemitic incidents in the first six months of 2009 
than it has done in any previous entire year",thejc.com,http://www.thejc.com/news/world-news/26446/worst-year-holocaust-antisemitism
2010-01-28,02:27:01,auv0q,5,Constituent harassed by Telegraph readers after sending email to Tory PPC,liberalconspiracy.org,http://liberalconspiracy.org/2010/01/27/constituent-harassed-by-telegraph-readers-after-sending-email-to-tory-ppc/
2010-01-27,11:54:29,aulul,4,"Romania: Challenger loses presidential election.  Challenger accuses president of black magic to aid in win.  President's people laugh it off.  Now local media is having a field day, showing president with a reputedly ""shady parapsychologist"" as part of his entourage during various campaign stops.",rferl.org,http://www.rferl.org/content/Is_Romanias_President_Dabbling_In_The_Occult/1937106.html
2010-01-28,05:06:40,aux9v,3,A West Australian tourist trapped in Peru says her group has been abandoned by their tour guide as stocks of fresh food and water in town dwindle.,abc.net.au,http://www.abc.net.au/news/stories/2010/01/28/2803138.htm
