2010-06-18,20:29:12,cgd4a,1482,What BP is doing to America is pretty much what American companies have done and are doing to the rest of the world,atimes.com,http://www.atimes.com/atimes/Global_Economy/LF19Dj01.html
2010-06-18,00:25:57,cg1k0,1264,"Haitian Farmers Commit to Burning Monsanto Hybrid Seeds:  The entry of Monsanto seeds into Haiti is ""a very strong attack on small agriculture, on farmers, on biodiversity, on Creole seeds ... and on what is left our environment in Haiti.""
Tues",truth-out.org,http://www.truth-out.org/haitian-farmers-commit-burning-monsanto-hybrid-seeds59616
2010-06-18,17:23:12,cgbu9,378,One of the largest protests in Jerusalem's history: White jews protesting the fact that they have to spend time in class with black jews. ,news.yahoo.com,http://news.yahoo.com/s/ap/20100618/ap_on_re_mi_ea/ml_israel_segregated_school
2010-06-19,05:14:48,cgj7b,350,The Ecuadorian rainforest disaster is still considered the world's largest oil-related catastrophe. Chevron dumped more than 18.5 billion gallons of toxic waste – about 4 million gallons per day for more than two decades - and the world paid almost no attention,chevrontoxico.com,http://chevrontoxico.com/news-and-multimedia/2010/0608-chevrons-27-billion-liability-in-ecuador-glaringly-low-in-light-of-bp-disaster.html
2010-06-19,01:35:27,cgggz,213,"It turns out that the ref that cost the US the game against Slovenia today has been guilty of terrible calls during clutch moments in the past, and Tunisian fans had set up a Facebook page calling for his removal",uk.eurosport.yahoo.com,http://uk.eurosport.yahoo.com/29012010/58/african-cup-nations-controversial-coulibaly-ref-final.html
2010-06-19,01:44:47,cgglc,136,Wikileaks founder fears for his life,abc.net.au,http://www.abc.net.au/news/stories/2010/06/18/2930898.htm?section=justin
2010-06-19,02:23:44,cgh3j,124,"The Council of Senior Ulema, the highest body of Muslim clerics in Saudi Arabia, has issued a fatwa against terrorism, saying that committing terrorist acts, and even funding them, was against Islamic law!!",worldjewishcongress.org,http://www.worldjewishcongress.org/en/main/showNews/id/9403
2010-06-18,20:02:01,cgcws,84,"In the first action of its kind in north African waters, Sea Shepherd activists freed hundreds of endangered bluefin tuna from a cage being towed behind Italian trawler",guardian.co.uk,http://www.guardian.co.uk/environment/2010/jun/18/sea-shepherd-release-bluefin-tuna-libya
2010-06-18,08:06:08,cg72x,78,BP Using Mercenaries To Prevent Journalists From Talking To Workers. According to video (shown) the media needs to stay at least 100 feet from BP workers. Here's one killer quote from the BP-hired security guard when the reporter asks why he's preventing people from accessing a public beach,businessinsider.com,http://www.businessinsider.com/bp-hires-mercenaries-to-prevent-reporters-from-interviewing-workers-flex-some-muscle-2010-6
2010-06-19,01:35:02,cgggu,73,Facebook founder faces death sentence in Pakistan,privacyinternational.org,http://www.privacyinternational.org/article.shtml?cmd[347]=x-347-566439
2010-06-18,13:26:48,cg9vu,74,"France bans Hamas TV for hate and violence. In other news, there was Hamas TV channel in France. WTF",youtube.com,http://www.youtube.com/watch?v=joCDauWqdkY
2010-06-18,11:25:28,cg8rh,65,On the other side of the world from the Gulf Coast in Africa they've been dealing with an oil spill that gushes the equivalent of the Exxon Valdez every year for the past 50 years... ,nytimes.com,http://www.nytimes.com/2010/06/17/world/africa/17nigeria.html?ref=global-home
2010-06-19,00:04:26,cgfb8,50,Turkey freezes billions of dollars worth of defense deals with Israel and will not send ambassador back,haaretz.com,http://www.haaretz.com/news/diplomacy-defense/turkey-reportedly-freezes-defense-deals-with-israel-1.296733
2010-06-18,17:46:49,cgc00,40,Aung San Suu Kyi -  still under house arrest in Burma - turns 65 on Saturday. ,guardian.co.uk,http://www.guardian.co.uk/world/gallery/2010/jun/17/aung-san-suu-kyi-photographs?picture=363848997
2010-06-18,16:17:25,cgbd2,42,Mexico Bans Junk Food For Children,care2.com,http://www.care2.com/causes/education/blog/mexico-bans-junk-food-for-children/
2010-06-19,07:03:24,cgkd5,42,WikiLeaks Preparing to Release Video of U.S. Massacre in Afghanistan ,abcnews.go.com,http://abcnews.go.com/Blotter/wikileaks-preparing-release-video-alleged-us-massacre-afghanistan/story?id=10954929
2010-06-18,23:06:46,cgemq,36,"Amnesty International has accused the Israeli authorities of subjecting jailed nuclear whistleblower Mordechai Vanunu to cruel, inhuman or degrading treatment by holding him in solitary confinement. ",amnesty.org,http://www.amnesty.org/en/news-and-updates/israeli-nuclear-whistleblower-returned-solitary-confinement-2010-06-18
2010-06-18,22:27:45,cge75,28,Iceland passes legislation making it the safest place in the world for freedom of expression by offering legal protection to whistle-blower Web sites like WikiLeaks,thelede.blogs.nytimes.com,http://thelede.blogs.nytimes.com/2010/06/17/victory-for-wikileaks-in-icelands-parliament/
2010-06-19,03:21:08,cghtd,25,16 crude skimming barges have been idled by the coast guard .... because there aren't enough life vests on board,abcnews.go.com,http://abcnews.go.com/WN/bp-oil-spill-gov-bobby-jindals-wishes-crude/story?id=10946379
2010-06-18,21:40:53,cgdq3,23,"Danish girls are entering puberty earlier and develop breasts a full year earlier than they did 15 years ago, according to a new study.",politiken.dk,http://politiken.dk/newsinenglish/article998340.ece
2010-06-18,16:34:31,cgbhz,21,Four North Korean players didn't show up for Brazil match - are they defecting???,hindustantimes.com,http://www.hindustantimes.com/specials/football/fifa/Four-North-Korean-players-didn-t-show-up-for-Brazil-match-Report/football/SP-Article10-559424.aspx
2010-06-18,16:45:36,cgbkf,18,"While the U.S. is watching an oil volcano, Israel is having 1960's-style segregation riots.",failedmessiah.typepad.com,http://failedmessiah.typepad.com/failed_messiahcom/2010/06/dozens-of-hasidim-assault-sefardim-456.html
2010-06-18,08:29:45,cg7ao,15,"Where is the REDDIT OUTRAGE compared with the Flotilla one?  400,000 Flee in Kyrgyzstan, U.N. Says ",nytimes.com,http://www.nytimes.com/aponline/2010/06/17/world/asia/AP-AS-Kyrgyzstan.html?_r=1&ref=world
2010-06-18,15:05:03,cgarw,16,White Jews sent to jail for refusing to let their children go to school with black Jews.,jpost.com,http://www.jpost.com/Israel/Article.aspx?id=178759
2010-06-18,20:56:38,cgdbo,15,Death toll in Kyrgyzstan clashes could be 'much higher':  Could be close to 2000.,news.bbc.co.uk,http://news.bbc.co.uk/2/hi/world/asia_pacific/10347472.stm
2010-06-19,05:44:43,cgjjm,17,"KOREA – SOUTH AFRICA Two North Korean players try to flee, perhaps punished",asianews.it,"http://www.asianews.it/news-en/Two-North-Korean-players-try-to-flee,-perhaps-punished-18713.html"
2010-06-19,04:12:37,cgih2,14,What’s going on in Australia?,orwellsdreams.wordpress.com,http://orwellsdreams.wordpress.com/2010/06/18/what%E2%80%99s-going-on-in-australia/
2010-06-18,22:23:50,cge5k,13,Jose Saramago dies at 87,news.bbc.co.uk,http://news.bbc.co.uk/2/hi/entertainment_and_arts/10352251.stm
2010-06-18,21:32:26,cgdn3,11,"José Saramago, Portuguese Nobel prize winner, died today. My sincere condolences.",publico.pt,http://publico.pt/Cultura/morreu-jose-saramago_1442478
2010-06-18,15:16:48,cgavm,11,"How The Media Misreports on Venezuela, Even When Given Full Information",southoftheborderdoc.com,http://southoftheborderdoc.com/how-the-media-misreports-on-venezuela-even-when-given-full-information/
