2010-04-06,20:40:14,bn2zo,2457,"Shouldn't we be more outraged about how we were lied to, and about how Wikileaks was almost silenced before they published this video?",self.worldnews,https://www.reddit.com/r/worldnews/comments/bn2zo/shouldnt_we_be_more_outraged_about_how_we_were/
2010-04-06,03:52:58,bmru4,512,"MSNBC Blocking Searches for ""Wikileaks""",msnbc.msn.com,http://www.msnbc.msn.com/?id=11881780&q=wikileaks&p=1&st=1&sm=user
2010-04-06,07:53:17,bmuqs,254,"Wikileaks founder on MSNBC: We have more tapes, including killing of 97 civilians in Afghanistan, will release soon",msnbc.msn.com,http://www.msnbc.msn.com/id/21134540/vp/36182090#36182090
2010-04-06,14:26:14,bmz0g,234,"Hi Reddit, I don't know how to get upvoted, but I leave you a few pictures of the 7.2 earthquake in my hometown city of Mexicali, Baja California",twitpic.com,http://twitpic.com/photos/Beam
2010-04-07,02:39:54,bn89v,68,"An independent, expert assessment of the Wikileaks footage by veteran Anthony Martinez: ""The point at which I cannot support the actions of Crazyhorse 18, at all, comes when the van arrives somewhere around 9:45 and is engaged.""",blog.ajmartinez.com,http://blog.ajmartinez.com/2010/04/05/wikileaks-collateral-murder/
2010-04-06,08:15:11,bmuza,45,"I believe you’ve killed the church, Holy Father:  Only a morally bankrupt Pope could call news of his role in a child abuse cover-up ‘petty gossip’.",timesonline.co.uk,http://www.timesonline.co.uk/tol/comment/columnists/andrew_sullivan/article7086620.ece
2010-04-07,07:51:45,bncgd,43,Magnitude 7.8 quake shakes Indonesia,reuters.com,http://www.reuters.com/article/idUSN0624770620100406?type=marketsNews
2010-04-07,01:01:38,bn6ou,40,Greenwald: Iraq slaughter not an aberration,salon.com,http://www.salon.com/news/opinion/glenn_greenwald/2010/04/06/iraq/index.html
2010-04-07,00:35:47,bn6ad,32,"On Thursday the World Bank votes on whether to grant  a South African state owned utility a $3.75bn loan, a large chunk of which is used to finance contracts with a company which is a front for the ruling ANC party.  Please help expose this corruption so that the World Bank makes the right decision.",da.org.za,http://www.da.org.za/newsroom.htm?action=view-news-item&id=8138
2010-04-06,20:33:57,bn2wz,29,70 killed as Maoists ambush Indian CRPF team - The Times of India,timesofindia.indiatimes.com,http://timesofindia.indiatimes.com/india/More-than-50-killed-as-Maoists-ambush-CRPF-team/articleshow/5765722.cms
2010-04-07,03:15:04,bn8so,29,Democracy Now: In depth coverage of Wikileaks Video,democracynow.org,http://www.democracynow.org/2010/4/6/massacre_caught_on_tape_us_military
2010-04-06,23:25:12,bn571,23,North Korean Red Star operating system details emerge,news.bbc.co.uk,http://news.bbc.co.uk/2/hi/technology/8604912.stm
2010-04-07,07:17:16,bnc22,19,Wayne Leary: Hero Father saves 10-year old daughter by pushing her away from a speeding car and dies instead,mizozo.com,http://www.mizozo.com/world/04/2010/06/wayne-leary-hero-father-saves-10-year-old-daughter....html
2010-04-06,13:33:51,bmye1,18,"Nigerian police fail at irony, kill protestors against 
cop brutality",libcom.org,http://libcom.org/news/nigerian-police-kill-protestors-against-cop-brutality-05042010
2010-04-07,04:00:25,bn9hn,19,"It took a couple of days for a reporter to find someone in El Paso to escort her to Juárez, Mexico, where drug-related crime has been raging recently. When she finally did, this is what she saw.",texastribune.org,http://www.texastribune.org/stories/2010/apr/06/two-hours-juarez/
2010-04-07,04:25:36,bn9tz,17,this really confirms what we’ve said all along: that a transparent investigation of this incident hasn’t taken place and needs to - Iraqis respond to Collateral Murder,bostonherald.com,http://www.bostonherald.com/news/international/middle_east/view.bg?articleid=1245009
2010-04-06,15:44:03,bmzvr,14,Map made by Reuters of the events leading up to the Collateral Murder video,collateralmurder.org,http://www.collateralmurder.org/file/photos/afstoumyndin.jpg.html
2010-04-06,19:48:12,bn2ew,14,At least 72 Indian soldiers killed in Maoist ambushes,news.bbc.co.uk,http://news.bbc.co.uk/1/hi/world/south_asia/8604256.stm
2010-04-07,02:23:27,bn7zq,11,The sex abuse scandal facing Catholics looks a lot like the Watergate. Is the Catholic Church on a similar pathway to the resignation of a pope?,washingtonpost.com,http://www.washingtonpost.com/wp-dyn/content/article/2010/04/04/AR2010040402726.html
2010-04-06,23:15:10,bn51z,13,Canadian researchers have uncovered a vast 'shadow network' of online espionage based in China  that used seemingly harmless means such as e-mail and Twitter to extract highly sensitive data from computers around the world. ,theglobeandmail.com,http://www.theglobeandmail.com/news/national/researchers-reveal-online-shadow-network-spy-ring/article1524228/
2010-04-06,20:25:42,bn2tl,10,Gordon Brown calls 6 May general election,news.bbc.co.uk,http://news.bbc.co.uk/1/hi/uk_politics/election_2010/8603591.stm
2010-04-06,19:48:24,bn2f3,10,"  Weird World Of Waziristan - 
Rambling but always interesting account of social change in Afghanistan, especially 1920s modernisation under King Amanullah. Historic embedded video includes Mullah Omar with prophet's cloak
",bbc.co.uk,http://www.bbc.co.uk/blogs/adamcurtis/2010/04/the_weird_world_of_waziristan.html
2010-04-06,15:02:39,bmzfg,11,US fight Taliban with heavy metal music,theaustralian.com.au,http://www.theaustralian.com.au/news/world/us-fight-taliban-with-heavy-metal-music/story-e6frg6so-1225850541317
2010-04-07,02:45:27,bn8cq,8,"Mother of children wounded in Apache attack that killed their father had to sell her home, this video shows she and her children",youtube.com,http://www.youtube.com/watch?v=BflAj2txMVQ&feature=player_embedded
2010-04-07,07:11:53,bnbzv,9,CENTCOM Releases Documents Concerning US Attack on Reuters Journalists,centcom.mil,http://www2.centcom.mil/sites/foia/rr/CENTCOM%20Regulation%20CCR%2025210/Forms/AllItems.aspx?RootFolder=%2fsites%2ffoia%2frr%2fCENTCOM%20Regulation%20CCR%2025210%2fDeath%20of%20Reuters%20Journalists&FolderCTID=&View={41BA1AAF-785A-481A-A630-12470AFCD6FD}
2010-04-06,15:39:50,bmzu5,6,"Jamal Al-Khudari, the head of the popular committee against the siege, stated Sunday that about 60 percent of Gaza children suffer from malnutrition and anemia and 35 percent of the blockade victims are children. ",palestine-info.co.uk,http://www.palestine-info.co.uk/En/default.aspx?xyz=U6Qq7k%2bcOd87MDI46m9rUxJEpMO%2bi1s7f%2bSZJSVb9sXZTJyy0zEFXIWfscV0BRsaapf%2bLzgpkSaXPc6ykI1bthfph2J9DrDjIcJcCxO4LrkyLOnTBks2DyY6p54Z7urVnxfEhZbBDbY%3d
2010-04-07,07:42:32,bncca,7,Karzai may have drug problem: Ex-UN envoy,abc.net.au,http://www.abc.net.au/news/stories/2010/04/07/2865732.htm
2010-04-06,10:20:20,bmwaf,7,"Geomagnetic Storm in Progress. Storm began at 05:55 AM EST Monday, April 5, 2010. Systems that can be affected include electric power systems, spacecraft operations, high-frequency communications, GPS, and other navigation systems.",spaceref.com,http://www.spaceref.com/news/viewsr.html?pid=33826
2010-04-06,17:06:34,bn0pg,4,"Unmarried air stewardess faces jail in Dubai for 
having baby",mirror.co.uk,http://www.mirror.co.uk/news/top-stories/2010/04/05/unmarried-air-stewardess-faces-jail-in-dubai-for-having-baby-115875-22162873/
2010-04-06,12:01:06,bmxdd,4,"Enough with the wikileak vid, this shit happens all the time, this happened an hour ago",youtube.com,http://www.youtube.com/watch?v=vGT4iNEsMMk
