2010-06-13,23:57:17,ceiw9,779,Israel’s Greatest Loss: Its Moral Imagination - Haaretz Daily Newspaper | I called a friend in Israel to inquire about the mood of the country. He told me—in a voice trembling with emotion—that the world’s outpouring of condemnation of Israel is reminiscent of the dark period of the Hitler era.,haaretz.com,http://www.haaretz.com/jewish-world/israel-s-greatest-loss-its-moral-imagination-1.295600
2010-06-13,02:15:20,ceb2q,112,"Polish authorities have arrested at the request of Germany a suspected Mossad agent thought to have played a role in the Dubai assassination of a Hamas commander, German prosecutors said.",abc.net.au,http://www.abc.net.au/news/stories/2010/06/13/2925687.htm
2010-06-13,15:07:06,ceg9b,85,"REVEALED: Flights, girls and cash buy Japan whaling votes",timesonline.co.uk,http://www.timesonline.co.uk/tol/news/uk/article7149086.ece
2010-06-13,09:35:26,cee9f,80,"""When we found this dolphin it was filled with oil. Oil was just pouring out of it. It was the saddest darn thing to look at,"" said a BP contract worker who took the Daily News on a surreptitious tour of the wildlife disaster unfolding in Louisiana.",nydailynews.com,http://www.nydailynews.com/news/national/2010/06/02/2010-06-02_the_hidden_death_in_the_gulf.html#ixzz0pnkqCnkm
2010-06-13,21:31:36,cehys,83,Mobs Slaughter Uzbeks and Burn Towns in Kyrgyzstan ,nytimes.com,http://www.nytimes.com/aponline/2010/06/13/world/asia/AP-AS-Kyrgyzstan-Unrest.html?_r=1&hp
2010-06-13,23:04:29,ceiiv,55,Iranian President says aid flotilla will carry escort of “volunteer marines” ready to “teach Israelis a lesson”,express.co.uk,http://www.express.co.uk/posts/view/180605/Sea-battle-fear-as-Iran-sends-flotilla-to-Gaza
2010-06-13,22:54:49,ceige,49,South Africa ponders vuvuzela ban,news.bbc.co.uk,http://news.bbc.co.uk/sport2/hi/football/world_cup_2010/8737455.stm
2010-06-13,22:40:42,ceidh,49,Japan Accused Of Bribing Nations To Lift Ban On Whaling,outsidethebeltway.com,http://www.outsidethebeltway.com/japan-accused-of-bribing-nations-to-lift-ban-on-whaling/
2010-06-13,22:22:31,cei9e,45,"Egyptian police brutality: young man tortured to death because he refused to be inspected in an internet cafe by non-uniformed police men. (note: a Google translate link, last  paragraph translation is a mess)",translate.google.com,http://translate.google.com/translate?js=y&prev=_t&hl=en&ie=UTF-8&layout=1&eotf=1&u=http%3A%2F%2Fwww.aljazeera.net%2FNR%2Fexeres%2F3E56CF90-6005-4ED2-9396-94D91386A337.htm&sl=auto&tl=en
2010-06-13,21:57:10,cei3v,39,Iranian ships ready to sail to Gaza,jpost.com,http://www.jpost.com/International/Article.aspx?id=178266
2010-06-13,19:39:16,cehdc,29,Poles arrest a man who allegedly faked German passport used by Mabhouh assassins,jpost.com,http://www.jpost.com/International/Article.aspx?id=178260&jpost=reddit
2010-06-13,12:50:20,ceffo,23,Saudi Arabia: We will NOT give Israel air corridor for Iran strike (London Times report was wrong),haaretz.com,http://www.haaretz.com/news/diplomacy-defense/saudi-arabia-we-will-not-give-israel-air-corridor-for-iran-strike-1.295672
2010-06-13,10:21:32,ceeiz,19,"The Reproductive Revolution; the population bomb is being defused. It is being done without draconian measures by big government, without crackdowns on our liberties - by women making their own choices.",scientificamerican.com,http://www.scientificamerican.com/article.cfm?id=the-reproductive-revoluti
2010-06-13,11:17:27,ceevz,18,Israel shakes down China,blogs.aljazeera.net,http://blogs.aljazeera.net/imperium/2010/06/10/israel-shakes-down-china
2010-06-13,14:13:40,cefyb,16,Abbas to Obama: I'm against lifting the Gaza naval blockade,haaretz.com,http://www.haaretz.com/print-edition/news/abbas-to-obama-i-m-against-lifting-the-gaza-naval-blockade-1.295771
2010-06-14,05:54:20,celm2,16,World cup: Ruthless Germany hammer Australia,news.bbc.co.uk,http://news.bbc.co.uk/sport2/hi/football/world_cup_2010/matches/match_08/default.stm
2010-06-14,00:09:11,cej04,18,"Ethnic rioting spreading across southern Kyrgyzstan, 80 dead and 1,000 wounded",blog.taragana.com,http://blog.taragana.com/politics/2010/06/13/ethnic-rioting-spreading-across-southern-kyrgyzstan-80-dead-and-1000-wounded-43064/
2010-06-13,20:07:51,cehie,17,"Nicole Johnston reports from Gaza, where it has been reported that about 14 per cent of children suffer from stunted growth due to malnutrition.",youtube.com,http://www.youtube.com/watch?v=-BTGT8tzWbY
2010-06-13,23:46:07,ceitq,14,"McChrystal Faces a ""Iraq 2006 Moment"" in Afghanistan  by Gareth Porter  -- Antiwar.com – Gen. Stanley A. McChrystal confronts the specter of a collapse of U.S. political support for the war in Afghanistan in coming months comparable to the one that occurred in the Iraq War in late 2006.",original.antiwar.com,http://original.antiwar.com/porter/2010/06/12/mcchrystal-faces-iraq-2006-moment-in-afghanistan/
2010-06-13,19:41:02,cehdr,13,"Iran: Moscow must abide by S-300 deal, Tehran warns it is capable of producing similar defense systems",jpost.com,http://www.jpost.com/IranianThreat/News/Article.aspx?id=178263&reddit=reddit
2010-06-13,09:31:17,cee8i,13,"BP's Long History Of Destroying The World.  The oil gushing into the Gulf of Mexico is a final onslaught launched from the grave of colonialism, perpetrated by a corporation that can compete with Goldman Sachs ",huffingtonpost.com,http://www.huffingtonpost.com/2010/06/08/bps-long-history-of-destr_n_604511.html
2010-06-13,12:52:31,cefg6,12,"""activists on board the aid convoy were robbed of an estimated 3.5 million dollars in cash and equipment by Israeli commandos""",presstv.ir,http://www.presstv.ir/detail.aspx?id=130050
2010-06-13,14:23:01,ceg07,11,Poland arrests alleged Mossad spy regarding hit-squad slaying of Hamas agent in Dubai,wire.antiwar.com,http://wire.antiwar.com/2010/06/12/alleged-mossad-spy-arrested-in-hit-squad-case-2/
2010-06-14,03:37:12,cekkp,9,"Up to 150,000 men of Jewish or partially Jewish heritage fought for Hitler  ",kansaspress.ku.edu,http://www.kansaspress.ku.edu/righit.html
2010-06-13,14:31:25,ceg1y,11,Japan bribed with cash and prostitutes to keep whaling,rawstory.com,http://rawstory.com/rs/2010/0612/japan-bribed-cash-prostitutes-whaling/
2010-06-14,03:35:47,cekkb,8,Kyrgyzstan erupts into ethnic war,guardian.co.uk,http://www.guardian.co.uk/world/2010/jun/13/kyrgyzstan-erupts-into-ethnic-war
2010-06-14,04:01:28,cekro,7,"FINAL New rulings at The Hague prepare the ground 
for convicting the chain of command",americablog.com,http://www.americablog.com/2010/06/final-new-rulings-at-hague-prepare.html
2010-06-13,14:34:24,ceg2d,9,Pressure on Israel to lift Gaza illegal blockade,independent.co.uk,http://www.independent.co.uk/news/world/middle-east/pressure-on-israel-to-lift-gaza-blockade-1999210.html
2010-06-14,06:24:29,celtv,7,"Israel setting up flotilla probe. Chair would be a retired Israeli Supreme Court justice. Observers would be Nobel Peace Prize laureate William David Trimble of Ireland, and former chief military prosecutor in Canada, retired Brig. Gen. Ken Watkin.",google.com,http://www.google.com/hostednews/ap/article/ALeqM5gRK6_B-quHbJyWqfNVSWxFqZ_r1gD9GAKC9G0
2010-06-13,22:10:53,cei6r,6,Polish authorities and media silent on the Dubai hit arrest; extradiction to Israel or Germany undecided.,haaretz.com,http://www.haaretz.com/news/diplomacy-defense/is-israel-losing-another-ally-because-of-dubai-hit-1.295859
