2010-08-21,16:23:57,d3qh2,719,"WikiLeaks founder Julien Assange accused of rape in Stockholm, wanted by Swedish police.",translate.google.se,http://translate.google.se/translate?js=y&prev=_t&hl=sv&ie=UTF-8&layout=1&eotf=1&u=http%3A%2F%2Fwww.expressen.se%2FNyheter%2F1.2104976%2Fwikileaks-grundare-anhallen-for-valdtakt&sl=sv&tl=en
2010-08-21,06:29:06,d3ls3,570,Wikipedia Editing for Zionists,thelede.blogs.nytimes.com,http://thelede.blogs.nytimes.com/2010/08/20/wikipedia-editing-for-zionists/
2010-08-22,00:33:17,d3tmi,49,Assange no longer wanted,aklagare.se,http://www.aklagare.se/In-English/
2010-08-21,13:16:53,d3p4e,47,Wyclef Jean Barred from Haiti Election,nytimes.com,https://www.nytimes.com/2010/08/21/world/americas/21haiti.html?hp
2010-08-22,02:02:14,d3ufm,35,Australia heads for first hung parliament since 1940,bbc.co.uk,http://www.bbc.co.uk/news/world-asia-pacific-11048968
2010-08-22,04:23:21,d3voj,24,Iran to supply Lebanon with anti-missile system,news.xinhuanet.com,http://news.xinhuanet.com/english2010/world/2010-08/22/c_13455880.htm
2010-08-21,16:19:23,d3qg4,26,Julian Assange accused of two cases of rape according to swedish newspaper,translate.google.se,http://translate.google.se/translate?js=n&prev=_t&hl=sv&ie=UTF-8&layout=2&eotf=1&sl=sv&tl=en&u=http%3A%2F%2Fwww.expressen.se%2FNyheter%2F1.2104976%2Fwikileaks-grundare-anhallen-for-valdtakt
2010-08-21,17:26:57,d3que,27,"Was Dr David Kelly, a British government expert in germ warfare, murdered in run up to Iraq war?",belfasttelegraph.co.uk,http://www.belfasttelegraph.co.uk/lifestyle/features/was-dr-david-kelly-murdered-14919706.html
2010-08-22,07:45:07,d3x9p,25,Iran hopes Russia's next step be delivery of S-300 missiles system: MP,news.xinhuanet.com,http://news.xinhuanet.com/english2010/world/2010-08/22/c_13455886.htm
2010-08-21,20:05:24,d3rpv,23,Iran to fire up first nuclear power station,reuters.com,http://www.reuters.com/article/idUSTRE67K0V020100821
2010-08-21,20:35:42,d3rwu,20,"North Korea opens a Twitter account. South Korea blocks its citizens from accessing the content, threatening offenders with jail.",washingtonpost.com,http://www.washingtonpost.com/wp-dyn/content/article/2010/08/20/AR2010082005741.html
2010-08-22,02:30:10,d3up9,18,"Chomsky: For South African sanctions, against Israeli sanctions.  For Jewish right of return, against Palestinian right of return. ""I regard myself as a supporter of Israel.”",palestinethinktank.com,http://palestinethinktank.com/2010/07/21/jeff-blankfort-chomsky-and-palestine-asset-or-liability/
2010-08-22,06:48:41,d3wvb,19,"It is reported in the media that relief operations for around 700,000 persons could not be carried out because an airbase in Jacobabad district, Sindh province, is controlled by the US forces.",reliefweb.int,http://www.reliefweb.int/rw/rwb.nsf/db900SID/SKEA-88GFWJ?OpenDocument
2010-08-21,08:32:22,d3myg,15,"The female victims of Pakistan's flood - Women face starvation, disease and sexual assault. They're also not supposed to get aid from male relief workers ",salon.com,http://www.salon.com/life/broadsheet/2010/08/20/pakistan_floods_women_victims_open2010
2010-08-21,20:48:52,d3s13,16,Australia set to vote a 20 year old into parliament,news.ninemsn.com.au,http://news.ninemsn.com.au/national/election2010/7948919/Wyatt-Roy-set-to-become-youngest-MP
2010-08-22,05:58:49,d3wgn,14,Egyptian Police Recover Stolen Van Gogh Painting Valued at $50 Million,msnbc.msn.com,http://www.msnbc.msn.com/id/38798000
2010-08-22,06:45:15,d3wu8,16,Hundreds of people protest over killing of civilian by NATO troops in Afghanistan,news.xinhuanet.com,http://news.xinhuanet.com/english2010/world/2010-08/21/c_13455844.htm
2010-08-21,21:45:45,d3sc7,16,Smear campaign suspected in Assange arrest ,news.blogs.cnn.com,http://news.blogs.cnn.com/2010/08/21/smear-campaign-suspected-in-assange-arrest/
2010-08-21,12:11:22,d3omk,15,"Venice's first female gondolier, in its 900 years history.",english.aljazeera.net,http://english.aljazeera.net/news/europe/2010/08/2010820191623193491.html
2010-08-21,17:51:16,d3qzi,12,Moscow city government’s plan to come up with a ‘Code of the Muscovite’ to instruct immigrants how to behave,eurasiareview.com,http://www.eurasiareview.com/201008207249/religious-leaders-split-if-moscow-ethnic-russian-city.html?utm_source=feedburner&utm_medium=feed&utm_campaign=Feed:+eurasiareview/VsnE+(Eurasia+Review)
2010-08-21,14:38:00,d3pq1,12,Wikicong launch Net offensive,google.com,http://www.google.com/hostednews/ap/article/ALeqM5i5ilYrYwG8bDdEmtTNGqq5aqBDRgD9HNK6VG5
2010-08-21,11:39:58,d3ocr,12,Iran to start up first nuclear reactor,bbc.co.uk,http://www.bbc.co.uk/news/world-middle-east-11045537
2010-08-21,14:38:45,d3pq6,10,"Government urged to reveal 'true' national debt of 4.8 trillion, or £78,000 for every person in the UK. ",telegraph.co.uk,http://www.telegraph.co.uk/finance/economics/7957110/Government-urged-to-reveal-true-national-debt-of-4.8trillion.html
2010-08-22,06:20:43,d3wmy,7,Floodwaters threaten city of half-million in Pakistan,cnn.com,http://www.cnn.com/2010/WORLD/asiapcf/08/21/pakistan.floods/index.html
2010-08-21,10:11:34,d3np4,8,After hearing that Fidel Castro regulary wrote a newspaper column I wanted to find it online. None of the MSM who quoted it of course provided the link so here's a direct link to the english version.,granma.cu,http://www.granma.cu/ingles/reflections-i/reflections-i.html
2010-08-21,09:21:22,d3nc4,6,"""I had a fear the whole time I was going to get hit with tear gas,"" ""I knew the way that it was used. Forget UN regulations, this is Israel, the rules don't apply here – tear gas is fired directly into crowds."" Jewish-American Emily Henochowicz recalls how she lost an eye at a protest in Israel ",guardian.co.uk,http://www.guardian.co.uk/world/2010/aug/21/emily-henochowicz-israel-gaza-protest
2010-08-21,16:28:00,d3qhs,5,WikiLeaks case : Pentagon seeks to prosecute whitstleblower site for illegally obtaining intel,examiner.com,http://www.examiner.com/afghanistan-headlines-in-national/wikileaks-case-pentagon-seeks-to-prosecute-whitstleblower-site-for-illegally-obtaining-intel
2010-08-22,00:23:55,d3tjc,4,British soldier killed in Afghanistan - His death brings the fatality toll in the Afghan campaign since 2001 to 332. His family has been informed.,telegraph.co.uk,http://www.telegraph.co.uk/news/worldnews/asia/afghanistan/7957713/British-soldier-killed-in-Afghanistan.html
2010-08-22,03:03:19,d3uzp,5,Simón Bolívar's exhumed: Venezuela’s president Chávez buries bad news by disinterring a national icon ,economist.com,http://www.economist.com/node/16646439
2010-08-22,06:17:58,d3wm8,2,"Surge in Britons exported for trial. Foreign prosecutors do not have to present evidence to the British courts, just demand the person be ""surrendered"". ",telegraph.co.uk,http://www.telegraph.co.uk/news/newstopics/politics/7958202/Surge-in-Britons-exported-for-trial.html
