2010-05-24,05:06:18,c7bmz,694,Israel offered to sell nuclear warheads to the apartheid regime,guardian.co.uk,http://www.guardian.co.uk/world/2010/may/23/israel-south-africa-nuclear-weapons
2010-05-24,21:16:09,c7io3,554,Ireland's largest ISP begins disconnecting users who are accused of piracy,boingboing.net,http://www.boingboing.net/2010/05/24/irelands-largest-isp.html
2010-05-24,03:18:43,c7auq,243,"Twenty masked gunmen in Gaza attack and burn to the ground a summer camp for children run by UNRWA for ""teaching schoolgirls fitness, dancing, and immorality.""",reuters.com,http://www.reuters.com/article/idUSTRE64M0RT20100523
2010-05-24,22:31:50,c7jb0,179,"How the South Korean ship, the Cheonan, was sunk",news.bbc.co.uk,http://news.bbc.co.uk/2/hi/world/asia_pacific/10130909.stm
2010-05-24,19:55:04,c7i4h,146,"Israel 'tried to sell nuclear weapons' - ""If Obama and co. were serious about a sustained process of nuclear diminution, an early part of that process has to be an Israel that comes out of the closet",abc.net.au,http://www.abc.net.au/news/stories/2010/05/24/2908105.htm?section=justin
2010-05-24,21:00:44,c7ik1,139,"Besides being a very unhealthy beverage, Coca-Cola has another dirty secret; the Coca-Cola Company has been involved in some kidnappings involving union leaders and organizers at its Colombia bottling facilities. Many of those kidnapped have been severely tortured and even murdered by company thugs",naturalnews.com,http://www.naturalnews.com/028844_Coca-Cola_Colombia.html
2010-05-24,12:54:44,c7f4x,83,Let's not forget how Royal Dutch Shell had Human Rights Activist Ken Saro Wiwa executed ,remembersarowiwa.com,http://remembersarowiwa.com/
2010-05-25,06:33:16,c7oke,74,4 Year Old Saved By Store Owner ,youtube.com,http://www.youtube.com/watch?v=61Z4mH3B6hg
2010-05-24,11:28:46,c7ef7,71,The Federal Government is expelling an Israeli diplomat after it found Israel faked Australian passports which were used in a hit on a top Hamas commander in Dubai.,abc.net.au,http://www.abc.net.au/news/stories/2010/05/24/2907598.htm?section=justin
2010-05-24,09:23:21,c7dl5,60,BP calls in Kevin Costner's $26m vacuum cleaners to mop up huge oil spill,belfasttelegraph.co.uk,http://www.belfasttelegraph.co.uk/news/world-news/bp-calls-in-kevin-costners-26m-vacuum-cleaners-to-mop-up-huge-oil-spill-14816376.html
2010-05-24,03:32:46,c7az2,36,"French people protest in Cannes over Algeria film, 
which made them look evil",news.bbc.co.uk,http://news.bbc.co.uk/2/hi/europe/10139215.stm
2010-05-25,03:47:04,c7msc,37,Norwegian press gives the real story about what's happening with the gulf oil cleanup... We really aren't getting the whole story here.  (Use Chrome or Google page translation),dagbladet.no,http://www.dagbladet.no/2010/05/24/nyheter/miljo/deepwater_horizon/utenriks/oljeutslipp/11837900/
2010-05-24,08:09:32,c7d1z,36,"A state of emergency has been declared in parts of 
the Jamaican capital, Kingston, after police were 
attacked by armed gangs trying to prevent the 
arrest of an alleged druglord.",news.bbc.co.uk,http://news.bbc.co.uk/2/hi/americas/8699834.stm
2010-05-25,06:31:45,c7ojl,36,Bahrain suspends al-Jazeera,indexoncensorship.org,http://www.indexoncensorship.org/2010/05/bahrain-suspends-al-jazeera/
2010-05-25,01:20:49,c7l3f,32,"Andrew Wakefield, doc who first ""linked"" vaccines and autism, is barred from practicing medicine in the UK.",news.yahoo.com,http://news.yahoo.com/s/ap/20100524/ap_on_sc/eu_britain_autism_doctor
2010-05-25,03:32:06,c7mlv,31,Israeli nuclear technician Mordechai Vanunu jailed.,news.bbc.co.uk,http://news.bbc.co.uk/2/hi/world/middle_east/10145852.stm
2010-05-24,19:21:35,c7hwy,32,South Korean President Halts Trade with North: They must pay for sinking one of our navy ships,voanews.com,http://www1.voanews.com/english/news/asia/South-Korean-President-North-Korea-Will-Pay-the-Price-for-Sinking-Southern-Ship-94710899.html
2010-05-25,07:26:55,c7p43,29,Uzbek Man Jailed for Seven Years for HIV Prevention Efforts,carnalnation.com,http://carnalnation.com/content/56253/4/uzbek-man-jailed-seven-years-hiv-prevention-efforts
2010-05-24,16:31:31,c7gqj,23,Mordechai Vanunu jailed by Israeli court for unauthorised meetings... how telling the truth can land you in prison,guardian.co.uk,http://www.guardian.co.uk/world/2010/may/23/israeli-nuclear-whistleblower-prison-sentence
2010-05-24,23:56:55,c7k5a,17,Syrian President Bashar Assad said Monday that he is willing to sign a peace agreement with Israel in exchange for the Golan Heights.,jpost.com,http://www.jpost.com/MiddleEast/Article.aspx?id=176311
2010-05-24,21:41:03,c7iul,20,Here’s to the Greeks. They know what to do when corporations pillage and loot their country. Call a general strike. Riot. Shut down the city centers. Toss the bastards out. Do not be afraid of the language of class warfare—the rich versus the poor...,truthdig.com,http://www.truthdig.com/report/item/the_greeks_get_it_20100524/
2010-05-25,04:11:21,c7n2g,15,"Satanic cult teens 'sacrificed' victims then ate them.  
Seven young members of a satanic sect have gone on trial in Russia accused of four gruesome murders in which they ""ritually sacrificed"" their victims before cooking and eating parts of them.",telegraph.co.uk,http://www.telegraph.co.uk/news/worldnews/europe/russia/7760270/Satanic-cult-teens-sacrificed-victims-then-ate-them.html
2010-05-25,02:50:35,c7m4w,14," Israel minister Lieberman 'abused trust,' say police",news.bbc.co.uk,http://news.bbc.co.uk/2/hi/world/middle_east/10150009.stm
2010-05-24,16:32:23,c7gqr,14,"Documents Confirm Israel's Nuclear Weapons. 
Israel offered to sell nuclear warheads to South Africa's apartheid regime in 1975 'for potential strikes against neighboring states'",michaelmoore.com,http://www.michaelmoore.com/words/latest-news/revealed-how-israel-offered-sell-south-africa-nuclear-weapons
2010-05-24,13:13:16,c7faz,12,Australia expels Israeli diplomat over Dubai hit,reuters.com,http://www.reuters.com/article/idUSTRE64N0EW20100524
2010-05-24,20:16:09,c7i92,9,Irish ISP Eircom will from today begin a process that will lead to cutting off the broadband service of customers found to be repeatedly sharing music online illegally.,irishtimes.com,http://www.irishtimes.com/newspaper/frontpage/2010/0524/1224271013389.html
2010-05-25,06:20:30,c7ofo,8,Jamaica Declares Emergency - Dudus Coke (real Name) Running Amok,nytimes.com,http://www.nytimes.com/reuters/2010/05/23/world/americas/international-us-jamaica-emergency.html?_r=3&partner=rss&emc=rss
2010-05-25,04:12:01,c7n2k,8,"US Patriot missile battery arrives in Poland.   Dozens of American soldiers and a battery of Patriot missiles have arrived in Poland, as the Polish military will be taught how to operate the advanced guided missile system at a base just a few miles from the Russian border.",telegraph.co.uk,http://www.telegraph.co.uk/news/worldnews/europe/poland/7760382/US-Patriot-missile-battery-arrives-in-Poland.html
2010-05-24,23:43:13,c7jzn,8,"Instant messaging was once tipped to replace e-
mail, but recent figures suggest that it has lost 
ground sharply.",news.bbc.co.uk,http://news.bbc.co.uk/1/hi/magazine/8698174.stm
2010-05-24,20:09:18,c7i7v,9,Chinese PhD student charged with 'terrorist threat' in US over dispute,china.globaltimes.cn,http://china.globaltimes.cn/society/2010-05/534597.html
