2010-01-09,12:59:59,anf8r,806,Top Imams affiliated with the Islamic Supreme Council of Canada have issued a fatwa calling those terrorists who attack the United States and Canada “evil.”,vancouverite.com,http://www.vancouverite.com/2010/01/08/top-muslim-clerics-issue-fatwa-denouncing-terror-attacks-on-canada-and-u-s/
2010-01-09,00:49:38,an7pq,270,Human sacrifices increase in Uganda; blood and body parts used in spell-casting to gain wealth,telegraph.co.uk,http://www.telegraph.co.uk/news/worldnews/africaandindianocean/uganda/6944292/Human-sacrifices-on-the-rise-in-Uganda-as-witch-doctors-admit-to-rituals.html
2010-01-09,23:12:55,anjs0,198,"Iceland says ‘Can’t pay, won’t pay’ — and it is right  -  ",timesonline.co.uk,http://www.timesonline.co.uk/tol/news/world/europe/article6981623.ece?openComment=true
2010-01-10,07:12:21,anny5,69,Bangladesh endorses one-child policy,mercatornet.com,http://www.mercatornet.com/demography/view/6337/
2010-01-09,11:45:46,anemg,63,An Indian man is in a serious condition in hospital after being set on fire in the street in Melbourne early this morning.,abc.net.au,http://www.abc.net.au/news/stories/2010/01/09/2788748.htm
2010-01-10,01:18:34,anktw,37,Muslims and Christians set fire to each others' homes and shops near the southern Egyptian town,asharq-e.com,http://www.asharq-e.com/news.asp?section=1&id=19452
2010-01-09,08:33:57,and06,34,"Putin warns Russia is prepared to go on the weapons offensive.  “In order to preserve a balance, while we aren’t planning to build a missile defence of our own, as it’s very expensive and its efficiency is not quite clear, we have to develop offensive strike systems.”",tribunemagazine.co.uk,http://www.tribunemagazine.co.uk/2010/01/07/putin-warns-russia-is-prepared-to-go-on-the-weapons-offensive/
2010-01-09,23:54:00,ank3m,35,Indian man attacked and set alight in Melbourne,news.bbc.co.uk,http://news.bbc.co.uk/2/hi/asia-pacific/8449731.stm
2010-01-09,11:52:37,aneow,34,A beauty pageant winner from Canada's east coast says she will join this year's seal hunt after an anti-hunting group altered photos of her wearing sealskin.,abc.net.au,http://www.abc.net.au/news/stories/2010/01/09/2788723.htm?section=justin
2010-01-10,00:52:46,ankll,25,Iran's hardline president has ordered the formation of a team to study the damages the country suffered from the 1941 Allied invasion in order to demand compensation.,news.smh.com.au,http://news.smh.com.au/breaking-news-world/iranian-wants-wwii-reparations-20100109-m068.html
2010-01-10,00:50:26,ankky,24,"Yemen: the mood in Sanaa - Many worry they will be collateral damage in the next front of America's ""war on terror""",globalpost.com,http://www.globalpost.com/dispatch/middle-east/100108/yemen-mood-sanaa
2010-01-10,01:47:30,anl3v,19,"""I caused a mass riot in India, leaving 185 people arrested so far, and about 100 business owned by Larry Summers’ oligarch-friends [Mukesh Ambani], smoldering in ruins."" ",alternet.org,http://www.alternet.org/blogs/peek/145045/how_an_article_on_larry_summers_caused_huge_riots_in_india/
2010-01-09,10:54:20,ane73,14,Israel launches air strikes in Gaza,uk.reuters.com,http://uk.reuters.com/article/idUKTRE6065FR20100107?sp=true
2010-01-10,02:48:22,anlp4,15,'CIA bomber' shown vowing revenge,news.bbc.co.uk,http://news.bbc.co.uk/1/hi/world/south_asia/8449789.stm
2010-01-09,09:33:21,andgw,12,Canadians give thumbs up to full body scanners at airports,vancouversun.com,http://www.vancouversun.com/travel/Poll+Canadians+support+body+scans/2419454/story.html
2010-01-10,01:01:37,ankog,13,BBC - We're all Icelanders now,bbc.co.uk,http://www.bbc.co.uk/blogs/thereporters/robertpeston/2010/01/were_all_icelanders_now.html
2010-01-10,03:31:31,anm39,10,So this is what happens when you put a major sports tournament in Angola,theglobeandmail.com,http://www.theglobeandmail.com/sports/togo-soccer-team-ambushed/article1424122/
2010-01-10,04:33:32,anmnl,12,Italy deployed extra police and evacuated migrants on Saturday from a southern town after residents violently attacked African farm workers protesting against their conditions.,canada.com,http://www.canada.com/news/world/Italians+evacuate+migrants+bring+police+after+clashes/2424798/story.html
2010-01-10,07:13:15,annyh,9,A cross-party parliamentary group has called on all the major parties to make a commitment in their manifestos for this year's general election not to allow the UK's population to reach 70 million.,google.com,http://www.google.com/hostednews/ukpress/article/ALeqM5ibzpAGraZaZ4XQLFu4w6OgOZhJ1g
2010-01-09,23:32:41,anjxm,9,Border oil dispute worsens fears about Iran's influence over Iraqi government - washingtonpost.com,washingtonpost.com,http://www.washingtonpost.com/wp-dyn/content/article/2010/01/08/AR2010010803654.html
2010-01-09,11:58:52,aner5,8,"In an instance of shocking apathy, a sub-inspector of police, brutally attacked by a gang, bled to death, as his cry for help went in vain, even after two state ministers with their convoy stopped by and saw his plight.",dailychilli.com,http://www.dailychilli.com/news/1721-two-ministers-watch-as-cop-bleeds-to-death
2010-01-09,09:51:03,andmu,9,"Abdul Majeed Zandani, A Yemen religious leader, says the growing interest in activities in Yemen is part of a plot to occupy the country.  He also has a KICK ASS beard!!",english.aljazeera.net,http://english.aljazeera.net/news/middleeast/2010/01/201018171220871889.html
2010-01-09,16:39:14,angxu,7,"Yesterday's news - Ady Gil collision from three views, including on the Ady Gil.",youtube.com,http://www.youtube.com/watch?v=xLdUISE3e8c
2010-01-09,10:03:28,andr7,6,China Is Now The World's Biggest New Car Market,downwithtyranny.blogspot.com,http://downwithtyranny.blogspot.com/2010/01/china-is-now-worlds-biggest-new-car.html
2010-01-09,13:49:21,anfnn,7,Iran reformist Mehdi Karroubi's car shot at,news.bbc.co.uk,http://news.bbc.co.uk/2/hi/middle_east/8448070.stm
2010-01-09,08:13:09,ancu3,6,"Two more arrested in suspected New York bomb 
plot (reuters)",reuters.com,http://www.reuters.com/article/idUSTRE60729D20100108
2010-01-09,09:29:33,andfm,6,"Greece’s public debt: Can't afford to keep people as healthy as before, but can still afford 10,000 riot police to attack its own people.",workers.org,http://www.workers.org/2010/world/greece_0114/
2010-01-09,09:20:39,andd3,3,UN to accept $10m in compensation from Israel for Gaza war damage,timesonline.co.uk,http://www.timesonline.co.uk/tol/news/world/middle_east/article6981539.ece
2010-01-09,09:11:55,andaz,6,"The world in 2020: China, the U.S., the global South, and the planet",grist.org,http://www.grist.org/article/2010-01-05-the-world-in-2020-china-the-u.s.-the-global-south-and-the-planet/
2010-01-09,17:50:32,anhh0,4,Slovakian police chief quits over Dublin explosives run,theregister.co.uk,http://www.theregister.co.uk/2010/01/08/slovakian_electrician_update/
