2010-12-05,03:13:08,eg7se,846,"""Reporters Without Borders condemns the blocking, cyber-attacks and political pressure being directed at cablegate.wikileaks.org""",en.rsf.org,"http://en.rsf.org/wikileaks-hounded-04-12-2010,38958.html"
2010-12-05,08:41:05,egc42,447,Assange accuses Australian Prime Minister Julia Gillard of betraying him as an Australian citizen in her eagerness to help the US attack him and his organisation,theage.com.au,http://www.theage.com.au/national/pm-has-betrayed-me-assange-20101204-18ks8.html
2010-12-05,15:26:33,eggr4,372,Plea to ban WikiLeaks in Pakistan dismissed by Court ... judge said nothing is greater than the truth.,nation.com.pk,http://www.nation.com.pk/pakistan-news-newspaper-daily-english-online/Regional/Lahore/04-Dec-2010/Plea-to-ban-WikiLeaks-in-Pakistan-dismissed
2010-12-06,00:43:53,egl4y,287,Dick Cheney Wanted in Nigeria for Halliburton Bribes - The Daily Beast,thedailybeast.com,http://www.thedailybeast.com/blogs-and-stories/2010-12-04/dick-cheney-wanted-in-nigeria-for-halliburton-bribes/
2010-12-05,23:14:03,egk7e,253,"WikiLeaks Hasn't ""Leaked"" Anything",fair.org,http://www.fair.org/blog/2010/12/01/wikileaks-hasnt-leaked-anything/
2010-12-06,06:54:36,egq6t,190,Britain is going to scrap the requirement to have scientific advisors on drugs policy.,guardian.co.uk,http://www.guardian.co.uk/politics/2010/dec/05/government-scientific-advice-drugs-policy
2010-12-05,09:19:27,egcky,144,Wikileaks to release some UFO files!,msnbc.msn.com,http://www.msnbc.msn.com/id/40491489/ns/us_news-wikileaks_in_security/
2010-12-06,00:06:39,egkpx,118,WikiLeaks: Julian Assange's lawyer denounces Swedish arrest warrant as 'political stunt',telegraph.co.uk,"http://www.telegraph.co.uk/news/worldnews/wikileaks/8182254/WikiLeaks-Julian-Assanges-lawyer-denounces-Swedish-arrest-warrant-as-political-stunt.html?sms_ss=reddit&at_xt=4cfbb8875409903c,0"
2010-12-06,02:38:23,egmn2,118,North Korea fattens up people for the family reunions between Koreas,english.chosun.com,http://english.chosun.com/site/data/html_dir/2010/12/03/2010120300922.html
2010-12-05,18:40:50,egi7t,49,BBC summary of what has been learned from the leaked US embassy cables,bbc.co.uk,http://www.bbc.co.uk/news/world-us-canada-11914040
2010-12-06,05:10:16,egoqb,47,"WikiLeaks: Australia's Kevin Rudd told the US that force might be needed to integrate China into the international community if ""everything went wrong"".",abc.net.au,http://www.abc.net.au/news/stories/2010/12/06/3085195.htm
2010-12-05,12:42:29,egeyx,42,Leaked cables show Saudi minister of petroleum helped craft toothless Copenhagen climate accord ,grist.org,http://www.grist.org/article/2010-12-01-leaked-diplomatic-cables-reveal-saudi-minister-of-petroleum-help
2010-12-05,10:30:49,egder,33,John Pilger - Wikileaks - The War You Don't See: Award winning journalist speaks about the absurdities put forward by members of the American government,informationclearinghouse.info,http://www.informationclearinghouse.info/article26992.htm
2010-12-05,19:41:10,egim3,32,"WikiLeaks's main server in France has gone offline, say Swiss supporters ",abcnews.go.com,http://abcnews.go.com/Technology/wireStory?id=12312533
2010-12-05,19:04:11,egidf,26,"The roof falls in on Ireland's Millionaires Row. Shrewsbury Road in Dublin was the sixth most expensive street in the world. Now, post-crash, homes have been abandoned and the tycoon residents have run for the hills",guardian.co.uk,http://www.guardian.co.uk/world/2010/dec/05/dublin-housing-market-crisis-bailout
2010-12-06,03:13:45,egn2y,25,"Iran tells neighbours 'We'll never use force against you' - ""We have never used our force against our neighbours and never will because our neighbours are Muslims,"" said Iran's foreign minister, Manouchehr Mottaki.",thenational.ae,http://www.thenational.ae/news/worldwide/middle-east/iran-tells-neighbours-well-never-use-force-against-you
2010-12-05,10:43:14,egdkc,25,Ex-Colombian drug smuggler relates how he piloted custom-built submersibles that can transport three-and-a-half tons of pure cocaine to  US,theatlantic.com,http://www.theatlantic.com/technology/archive/2010/12/what-its-like-to-pilot-a-colombian-narco-submarine/67500/
2010-12-05,13:31:41,egfjc,22,"Mexican troops captured a 14-year-old U.S. citizen that specialized in be-headings as an assassin for one of Mexico's most vicious drug gangs. He admits to killing four people, earning $2,500 for each murder.",chron.com,http://www.chron.com/disp/story.mpl/world/7323651.html
2010-12-06,01:09:50,eglh9,24,"KEVIN Rudd warned Hillary Clinton to be prepared to use force against China ''if everything goes wrong"" --Wikileaks Cables",theage.com.au,http://www.theage.com.au/national/explosive-wiki-rudd-cable-20101205-18lbz.html
2010-12-06,02:20:39,egme8,19,"Should We Blame the United States? No, Blame Can. . .Iran!",213.251.145.96,http://213.251.145.96/cable/2007/04/07SANAA473.html
2010-12-05,19:30:32,egijt,16,Swiss Post considers whether to close the Postfinance bank account opened by Wikileaks founder Julian Assange,swissinfo.ch,http://www.swissinfo.ch/eng/politics/Pressure_mounts_on_WikiLeaks_and_Assange.html?cid=28956246
2010-12-05,13:05:43,egf8b,20,"Pakistani cleric says if the government does not hang a Christian mother convicted of blasphemy against Islam, then his mosque will offer a reward of $6,000 to anyone who kills her",voanews.com,http://www.voanews.com/english/news/asia/Pakistan-Cleric-Offers-Reward-for-Killing-Christian-Woman--111315554.html
2010-12-05,18:43:16,egi87,16,WikiLeaks's French server goes offline,abc.net.au,http://www.abc.net.au/news/stories/2010/12/05/3085143.htm
2010-12-05,15:39:24,eggvo,16,"WikiLeaks: Leaked US cables portray China’s leadership obsessed with threat posed by the Internet to their grip on power — and by the opportunities it offered them, through hacking, to obtain secrets stored in US computers",nytimes.com,https://www.nytimes.com/2010/12/05/world/asia/05wikileaks-china.html?ref=technology
2010-12-06,00:37:48,egl2a,15,"Palestinian firefighters help Israel: ""I hope it could be a good opening for cooperation, more humanitarian assistance, and peace"" says Ibrahim Ayish, Palestinian firefighters' team leader.",npr.org,http://www.npr.org/templates/story/story.php?storyId=131751869
2010-12-06,05:54:28,egpcc,15,Julian Assange's lawyers say they are being watched.,guardian.co.uk,http://www.guardian.co.uk/media/2010/dec/05/julian-assange-lawyers-being-watched?CMP=twt_fd
2010-12-05,03:14:36,eg7tc,12,"The two sources for China's Korea unification claim: A Chinese diplomatic in Kazakhstan talking about fuzzy hopes with the US ambassador and a self-serving monologue by South Korea's vice foreign minister. Still, there is actual content in the cables on North Korea.",atimes.com,http://www.atimes.com/atimes/China/LL04Ad01.html
2010-12-05,13:34:23,egfkl,14,A record number of children in the UK are living in poverty despite the fact that one or both of their parents work,independent.co.uk,http://www.independent.co.uk/news/uk/home-news/record-levels-of-poverty-among-families-with-wages-2151711.html
2010-12-06,00:04:48,egkpe,15,WikiLeaks cables: Saudi Arabia rated a bigger threat to Iraqi stability than Iran,guardian.co.uk,http://www.guardian.co.uk/world/2010/dec/05/wikileaks-cables-saudi-meddling-iraq
2010-12-05,11:31:59,ege60,14,"We want banks that lend only the wealth they 
have. Banks that support projects that benefit 
citizens rather than the 'market'.",telegraph.co.uk,http://www.telegraph.co.uk/news/worldnews/europe/france/8180224/Eric-Cantona-can-his-protest-actually-work.html
