2010-09-15,19:24:30,de490,1115,"Joint letter opposing Pope UK state visit signed by Dawkins, Fry, Pratchett, many others",guardian.co.uk,http://www.guardian.co.uk/world/2010/sep/15/harsh-judgments-on-pope-religion
2010-09-15,06:06:00,ddv8x,896,France bans the burqa,cnn.com,http://www.cnn.com/2010/WORLD/europe/09/14/france.burqa.ban/index.html
2010-09-15,02:58:07,ddsbq,398,French Senate Passes Ban of Full Muslim Veils,abcnews.go.com,http://abcnews.go.com/International/wireStory?id=11630449
2010-09-15,09:50:00,ddy7i,314,"""French people back the burqa ban by a margin of more than four to one...Clear majorities also backed burqa bans in Germany, Britain and Spain, while two out of three Americans opposed it, the survey found.""",edition.cnn.com,http://edition.cnn.com/2010/WORLD/europe/09/14/france.burqa.ban/
2010-09-16,02:03:11,de9fe,302,"Would the Grand Ayatollah of Iran get a taxpayer funded state visit to your country? No? Then why does the Pope, who is not even the supreme leader of a country, get one to mine?",bbc.co.uk,http://www.bbc.co.uk/news/uk-11316476
2010-09-16,03:34:46,deazw,186,Hamas shoots Phosphorus shells at Israeli civilians,ynetnews.com,"http://www.ynetnews.com/articles/0,7340,L-3954896,00.html"
2010-09-15,22:21:01,de60k,158,"I know the national debt is bad, but why is the U.S. selling Saudi Arabia $60 Billion in arms? That's a MONSTROUS deal!",theatlanticwire.com,http://www.theatlanticwire.com/opinions/view/opinion/Why-Is-the-US-Selling-Saudi-Arabia-60-Billion-in-Arms-5027
2010-09-15,10:18:27,ddyle,58,"Power Struggle in Egypt - For years, Egyptian President Hosni Mubarak has used manipulated elections to remain in power. ",spiegel.de,"http://www.spiegel.de/international/world/0,1518,717355,00.html"
2010-09-15,00:37:52,ddq4x,45,"In a rare example of openness, China has set up a website for citizens to express their views to top leaders - and users have wasted little time in firing unusually blunt criticisms at the government.",ioltechnology.co.za,http://www.ioltechnology.co.za/article_page.php?iArticleId=5645866
2010-09-15,20:55:03,de52g,36,"Three hurricanes, Karl, Igor and Julia, are heading to Mexico, US, and Caribbean",catastrophemonitor.com,http://catastrophemonitor.com/public_html/article.php?story=20100915043510798
2010-09-16,05:42:26,ded0f,28,"Russia and Norway sign maritime border agreement, ending 40 year dispute over fishing and oil rights in the Barents Sea",bbc.co.uk,http://www.bbc.co.uk/news/business-11316430
2010-09-15,23:01:28,de6jq,16,"Iran's economy slide to the bottom -  there has

  

been insignificant growth in real per capita incomes over the past 30 years since the Revolution. ",atimes.com,http://atimes.com/atimes/Middle_East/LI15Ak01.html
2010-09-16,01:41:48,de92i,14,Payback: Iran reportedly donates $25 million to Turkish PM Erdogan's party,haaretz.com,http://www.haaretz.com/news/international/iran-reportedly-donates-25-million-to-turkish-pm-erdogan-s-party-1.313938
2010-09-15,10:22:03,ddynh,14,The Bordello State ,foreignpolicy.com,http://www.foreignpolicy.com/articles/2010/09/14/the_bordello_state
2010-09-16,01:36:06,de8z3,13,Pope's tour attacked in open letter,bbc.co.uk,http://www.bbc.co.uk/news/uk-11309357
2010-09-15,22:45:16,de6bw,13,"Flat-Nose, Stocky and Beautugly",lrb.co.uk,http://www.lrb.co.uk/v32/n18/james-davidson/flat-nose-stocky-and-beautugly
2010-09-15,22:57:13,de6hi,11,FP Explainer: Could Britain Arrest the Pope? ,foreignpolicy.com,http://www.foreignpolicy.com/articles/2010/09/14/could_britain_arrest_the_pope
2010-09-15,08:49:19,ddxhl,7,Fastest drill resumes work in Chile mine,bigpondnews.com,http://bigpondnews.com/articles/TrappedChileanMiners/2010/09/15/Fastest_drill_resumes_work_in_Chile_mine_513417.html
2010-09-16,01:46:50,de95y,7,Privacy Tool for Iranian Activists Disabled After Security Holes Exposed,wired.com,http://www.wired.com/threatlevel/2010/09/haystack/
2010-09-15,19:26:11,de49n,8,"Cuba announces firing of half a million state workers. ""With its announcement that over 500,000 state workers will be fired over the next six months, the Castro regime is carrying out its most sweeping attack on Cuban workers since it came to power more than half a century ago.""",wsws.org,http://www.wsws.org/articles/2010/sep2010/cuba-s15.shtml
2010-09-16,00:49:44,de89w,6,Spanish ex-premier calls for legalising drugs worldwide  ,expatica.com,http://www.expatica.com/es/news/spanish-news/spanish-ex-premier-calls-for-legalising-drugs-worldwide_96245.html
2010-09-15,23:50:15,de7ay,6,Pope's aide compares Britain to 'third world' ,guardian.co.uk,http://www.guardian.co.uk/world/2010/sep/15/popes-visit-aide-dropped
2010-09-16,06:54:51,dee4k,5,Russian official sacked for making boys kiss his feet,guardian.co.uk,http://www.guardian.co.uk/world/2010/sep/13/russian-official-sacked-kissing-feet
2010-09-16,00:03:56,de7j6,5,"'Chapo' Guzman, Sinaloa cartel taking over cocaine trade in Australia - El Paso Times",elpasotimes.com,http://www.elpasotimes.com/newupdated/ci_16077055
2010-09-15,15:26:19,de245,7,BP chief Tony Hayward to face MPs on Gulf oil spill,bbc.co.uk,http://www.bbc.co.uk/news/business-11307787
2010-09-16,02:09:10,de9jj,5,Flight lands safely in LA after bomb threat,bangkokpost.com,http://www.bangkokpost.com/news/local/195231/flight-lands-safely-in-la-after-bomb-threat
2010-09-15,21:37:01,de5hs,6,Pakistani Printers Make Fake Afghan Voting Cards,npr.org,http://www.npr.org/templates/story/story.php?storyId=129876691
2010-09-16,00:38:50,de83m,5,North Korea Abruptly Postpones Anticipated Political Convention,abcnews.go.com,http://abcnews.go.com/International/ails-north-koreas-kim-jong-il/story?id=11642876
2010-09-16,00:27:37,de7x1,3,Nobby Stiles to sell 1966 World Cup winner's medal,independent.co.uk,http://www.independent.co.uk/sport/football/news-and-comment/and-then-there-were-three-nobby-stiles-to-sell-1966-winners-medal-2079479.html
2010-09-16,01:41:29,de92e,3,NATO Invites Russia to Join Talks in Lisbon in November,abcnews.go.com,http://abcnews.go.com/International/wireStory?id=11644256
