2010-12-06,19:56:44,egzo3,2125,Razor 1911: Because of the recent efforts to close down wikileaks. We have decided to join up in the mass-mirroring of the site. For free journalism on a free internet.,wikileaks.razor1911.com,http://wikileaks.razor1911.com/
2010-12-06,02:30:11,egmiu,1406,"Just a reminder, only 837 documents out of 251,287 have been released so far by Wikileaks.",213.251.145.96,http://213.251.145.96/cablegate.html
2010-12-06,09:19:35,egs6b,1222,"""Even if you take down the server in Sweden, it's too late,"" Swiss Pirate Party VP Pascal Gloor says. ""There are hundreds of mirrors of WikiLeaks now. It's a test for Internet censorship. Can governments take something off the net? I think not.""",commondreams.org,http://www.commondreams.org/headline/2010/12/05-3
2010-12-07,06:47:21,eha7t,538,Payback: Bank That Froze Julian Assange's Bank Account Has Now Been Taken Down By Hackers,businessinsider.com,http://www.businessinsider.com/the-bank-that-froze-julian-assanges-bank-account-has-now-been-taken-down-by-hackers-2010-12
2010-12-06,16:09:47,egxm9,496,Wikileaks cables reveal that the US wrote Spain's proposed copyright law,boingboing.net,http://www.boingboing.net/2010/12/03/wikileaks-cables-rev.html
2010-12-06,18:20:53,egyqr,195,Julian Assange is top of the TIME person of the year poll! ,time.com,"http://www.time.com/time/specials/packages/article/0,28804,2028734_2028733_2028727,00.html"
2010-12-06,10:56:01,egtll,154,"""At the centre of a tightening web of death threats, sex-crime accusations and high-level demands for a treason trial, WikiLeaks founder Julian Assange threatened to unleash a 'thermonuclear device' of completely unexpurgated government files if he is forced to appear before authorities.""",theglobeandmail.com,http://www.theglobeandmail.com/news/world/assange-threatens-to-release-entire-cache-of-unfiltered-files/article1825922/
2010-12-07,00:09:02,eh2u9,94,"The Swiss Bank Post Finance today issues a press release stating that it had frozen Julian Assange's defense fund and personal assets (31K EUR) after reviewing him as a ""high profile"" individual.",twitlonger.com,http://www.twitlonger.com/show/7bg5kc
2010-12-07,02:39:15,eh5dr,80,Revenge of the Persians: Iran has methodically hunted down and killed 182 pilots who bombed Iran during the Iran-Iraq war,abcnews.go.com,http://abcnews.go.com/International/iranian-revenge-iraqi-air-force-pilots/story?id=12298641
2010-12-07,00:28:26,eh35v,74,Fresh doubts raised over how Dr Kelly is said to have killed himself after being named as the prime source of a BBC report accusing Tony Blair’s government of lying to take Britain into war. But the lack on fingerprints on the pill packets cast fresh doubt,dailymail.co.uk,http://www.dailymail.co.uk/news/article-1335961/Dr-David-Kelly-No-fingerprints-pack-pills-supposedly-overdosed-on.html#ixzz17IAlHCtt
2010-12-07,02:49:12,eh5jw,59,"China Clones, Sells Russian Fighter Jets - For almost 20 years China bought fighter planes from post-Soviet Russia. Now it's worked out how to make them better and cheaper in China. It's no longer a valued customer of Russia. It's a lethal competitor",online.wsj.com,http://online.wsj.com/article/SB10001424052748704679204575646472655698844.html?mod=WSJEUROPE_hpp_LEFTTopStories
2010-12-06,11:04:57,egtq9,55,"""Leaked diplomatic memos said that European Union President Herman Van Rompuy told America's ambassador that the EU no longer believes in success in Afghanistan, and that European troops are still there 'out of deference to the United States.'""",theglobeandmail.com,http://www.theglobeandmail.com/news/world/europe/no-one-believes-in-afghanistan-any-more-eu-leader-in-wikileaks-cable/article1825642/
2010-12-06,09:29:57,egsb3,58,WikiLeaks' Assange Calls for Obama to Resign if Shown to Have Approved UN Spying - World Watch - CBS News,cbsnews.com,http://www.cbsnews.com/8301-503543_162-20024658-503543.html
2010-12-07,07:40:54,ehb80,52,"""MasterCard pulls plug on WikiLeaks payments""",news.cnet.com,http://news.cnet.com/8301-31921_3-20024776-281.html
2010-12-06,08:10:53,egr8z,33,"Facing ""hundreds of death threats,"" Julian Assange
considering seeking asylum in Switzerland.",washingtonpost.com,http://www.washingtonpost.com/wp-dyn/content/article/2010/12/05/AR2010120500713.html?
2010-12-06,18:03:32,egym6,32,WikiLeaks will release encrypted 'doomsday file' if Assange is detained or the website is permanently removed from the internet,nypost.com,http://www.nypost.com/p/news/international/wikileaks_assange_will_release_encrypted_TMdRdOm0JfvW4Z9rjWwLQO
2010-12-06,22:27:15,eh1bj,34,"A pair of suicide bombers disguised as policemen killed 50 people Monday in an attack targeting a tribal meeting called to discuss the formation of an anti-Taliban militia in northwest Pakistan
",cbc.ca,http://www.cbc.ca/world/story/2010/12/06/pakistan-blast-northwest.html
2010-12-06,11:31:43,egu34,27,"Roughly 5,500 classified cables from the US Embassy in Baghdad paint a grim picture of why America's stunning military victory over Iraq devolved into disaster: The Americans allowed themselves to get entangled in the Sunni-Shiite conflict while being systematically outmaneuvered by the Iranians.",spiegel.de,"http://www.spiegel.de/international/world/0,1518,732977,00.html"
2010-12-07,05:35:09,eh8wl,28,"Wikileaks: China's GDP is man-made, unreliable",reuters.com,http://www.reuters.com/article/idUSTRE6B527D20101206?utm_source=feedburner&utm_medium=feed&utm_campaign=Feed:+reuters/topNews+(News+/+US+/+Top+News)
2010-12-06,09:07:54,egrzu,29,"Assange Accuser Worked with US-Funded, CIA-Tied Anti-Castro Group",informationclearinghouse.info,http://www.informationclearinghouse.info/article27005.htm
2010-12-07,01:33:23,eh4bw,28,Wikileaks: European arrest warrant for Julian Assange arrives in UK,bbc.co.uk,http://www.bbc.co.uk/news/uk-11930488
2010-12-07,07:16:53,ehaqn,24,Royal Bank of Scotland has advised clients to take out protection against the risk of a sovereign default by China as one of its top trade trades for 2011,telegraph.co.uk,http://www.telegraph.co.uk/finance/comment/ambroseevans_pritchard/8182605/Chinas-credit-bubble-on-borrowed-time-as-inflation-bites.html
2010-12-07,04:33:04,eh7no,27,"14-year Mexican Assassin is Actually American;Charged with Beheading, max penalty is 3 years- US is silent - Hispanically Speaking News",hispanicallyspeakingnews.com,http://www.hispanicallyspeakingnews.com/notitas-de-noticias/details/14-year-mexican-assassin-is-actually-american-to-be-tried-as-juvenile/3372/
2010-12-07,05:56:41,eh9cj,29,Hitchens: Julian Assange should turn himself in.,slate.me,http://slate.me/embzBb
2010-12-06,18:50:41,egz11,25,"A Paris court has said Continental Airlines was ""criminally responsible"" for the crash of a Concorde supersonic jet 10 years ago, and fined it 200,000 euros (£170,000).",bbc.co.uk,http://www.bbc.co.uk/news/world-europe-11923556
2010-12-06,08:44:53,egrpf,26,Assange Calls For Obamas Resignation If Confirmed President Approved UN Spy Ring,zerohedge.com,http://www.zerohedge.com/article/assange-calls-obamas-resignation-if-confirmed-president-approved-un-spy-ring
2010-12-06,11:49:10,egubo,23,"Assange counsel 'surveilled by security services,  accuse US State Dep't of behaving ""inappropriately, failing to respect attorney-client"" protocol.",m.guardian.co.uk,http://m.guardian.co.uk/media/2010/dec/05/julian-assange-lawyers-being-watched?cat=media&type=article
2010-12-06,23:30:13,eh251,19,South Sudan: Next country or next civil war?,globalpost.com,http://www.globalpost.com/dispatch/africa/101203/south-sudan-referendum-independence-civil-war
2010-12-06,20:24:18,egzxd,18,"""I am leaving [South Korea] because I would rather be safe than sorry. Watching an island burn that is three hours away from me and hearing a steady stream of military aircraft constantly in the air every day since the attack has made me realize the vulnerability and fragility of life and people.""",citizen-times.com,http://www.citizen-times.com/article/20101206/NEWS/312060024/1009
2010-12-07,05:23:14,eh8na,20,Calgary Police looking into possible charges after Tom Flanagan comments to ‘assassinate’ WikiLeaks founder,canada.com,http://www.canada.com/news/Calgary+looking+into+possible+charges+after+Flanagan+comments/3935132/story.html#ixzz17MvfotKe
