2010-02-08,22:34:50,azh99,1448,"The world capital of rape: ""Jeanne and other girls were regularly tied spread-eagle and gang-raped, and she soon became pregnant. The rapes continued, sometimes with sticks that tore apart her insides and left her dribbling wastes constantly.""",nytimes.com,http://www.nytimes.com/2010/02/07/opinion/07kristof.html
2010-02-08,11:58:27,azaye,146,"Father of the year waterboarded daughter, 4, because she couldn't recite alphabet",news.com.au,http://www.news.com.au/world/us-soldier-waterboarded-daughter-because-she-couldnt-recite-alphabet/story-e6frfkyi-1225827731388
2010-02-09,00:40:51,azizu,128,China has found another 170 tons of tainted milk powder in an emergency crackdown that has made it increasingly clear many products discovered in the country’s 2008 milk scandal were repackaged for sale instead of destroyed. ,winnipegsun.com,http://www.winnipegsun.com/news/world/2010/02/08/12790676.html
2010-02-08,18:45:42,azex0,120,Costa Rica elects for first time a woman for the presidency,edition.cnn.com,http://edition.cnn.com/2010/WORLD/americas/02/07/costarica.election/
2010-02-08,21:11:35,azgaa,76,"""It's revolting. After pillaging the country, they flee with their ill-gotten gains at the very mention of the word tax.""",guardian.co.uk,http://www.guardian.co.uk/world/2010/feb/07/greek-rich-pull-out-billions-debt
2010-02-08,16:20:37,azdks,65,Australian arrested for anti-Israel activities: lawyer - campaign by the Israeli government to silence pro-Palestinian foreigners,abc.net.au,http://www.abc.net.au/news/stories/2010/02/08/2813623.htm?section=justin
2010-02-08,10:46:49,azaa6,50,Tony Blair’s former spin doctor Alastair Campbell breaks down during TV interview about Iraq. Declares: People are not interested in the truth anymore,belfasttelegraph.co.uk,http://www.belfasttelegraph.co.uk/news/politics/tony-blairrsquos-former-spin-doctor-alastair-campbell-breaks-down-during-marr-tv-interview-14671852.html
2010-02-09,05:01:39,azmeo,45,Activists uncover Japanese whale meat embezzling scandal; send evidence to prosecutors. Prosecutors charge activists with theft of a cardboard box. UN finds Japanese authorities breached their human rights.,huffingtonpost.com,http://www.huffingtonpost.com/kumi-naidoo/un-japanese-authorities-b_b_453407.html
2010-02-08,19:07:11,azf4d,39,"A new documentary explores how worldwide fish stocks are shrinking, and warns that seafood might disappear entirely, Video about 4 minues",abc.net.au,http://www.abc.net.au/news/?video=featured
2010-02-08,19:08:23,azf4o,34,"Israel banned a Palestinian geographer expert on settlements from traveling abroad for six months, citing unspecified security concerns",haaretz.com,http://www.haaretz.com/hasen/spages/1148266.html
2010-02-08,22:35:53,azh9x,32,India: Widows struggle mightily after a rash of farmer suicides,globalpost.com,http://www.globalpost.com/dispatch/india/100122/farmer-suicide-wives
2010-02-09,01:09:23,azjep,21,"Blackwater-esque private security companies are chomping at the bit for huge paydays offering their ’services’ in the reshaping of Haiti, including “High Threat terminations,” and dealing with “worker unrest."" ",thenation.com,http://www.thenation.com/doc/20100201/scahill/print
2010-02-08,18:03:06,azei1,20,"Opposition leader Viktor Yanukovich claimed victory in Ukraine's presidential elections, Orange Revolution buried",reuters.com,http://www.reuters.com/article/idUSTRE61520W20100207
2010-02-08,23:09:40,azhpx,16,A devastating war between Israel & Hezbollah is on the horizon: Israel is preparing to invade Lebanon with massive ground troops,analyst-network.com,http://www.analyst-network.com/article.php?art_id=3345
2010-02-09,04:55:49,azmc5,15,"Climate scepticism on the rise, BBC poll shows ",news.bbc.co.uk,http://news.bbc.co.uk/2/hi/science/nature/8500443.stm
2010-02-08,13:22:06,azbtt,12,Iran detains 7 ’spies’ tied to US-funded radio station,rawstory.com,http://rawstory.com/2010/02/iran-detains-7-spies-tied-usfunded-radio-station/
2010-02-08,13:22:16,azbtx,11,Portuguese police foil ‘massive’ attack on Spain,euronews.net,http://www.euronews.net/2010/02/07/portuguese-police-foil-massive-attack-on-spain
2010-02-09,06:51:35,aznnc,6,"2/3 of China's $2.4 trillion currency reserves are 
held in dollars. If it dumped the US treasury bonds 
China would trigger a collapse of the dollar, world 
markets and another global recession",guardian.co.uk,http://www.guardian.co.uk/commentisfree/2010/feb/08/us-china-global-economy
2010-02-08,11:45:15,azau0,4,"Can robots fight our battles? The seductive vision, and hope, of those manufacturing and researching the future of military robotics.",news.bbc.co.uk,http://news.bbc.co.uk/2/hi/in_depth/8495946.stm
2010-02-08,17:23:22,aze3v,6,Netanyahu makes every anti-Iran effort in Russia,presstv.ir,http://www.presstv.ir/detail.aspx?id=118152
2010-02-09,04:34:46,azm1z,6,Pro-Israel lobby has been making a concerted effort to strengthen its presence in Europe,ipsnews.net,http://www.ipsnews.net/news.asp?idnews=50190
2010-02-08,19:04:29,azf3k,4,Still purchasing food made/processed in China?,abc.net.au,http://www.abc.net.au/news/stories/2010/02/08/2813422.htm
2010-02-08,09:41:50,az9rj,4,Thousands pack funerals for Pakistan bomb victims,breitbart.com,http://www.breitbart.com/article.php?id=D9DMMJ801&show_article=1
2010-02-09,04:46:00,azm7j,4,Israeli Interior Minister Yishai moves to legalize Jewish ownership of East Jerusalem building,haaretz.com,http://haaretz.com/hasen/spages/1148377.html
2010-02-08,18:52:27,azez3,6,"Iran launches production lines for unmanned planes, with a range of more than 600 miles, long enough to reach Israel",washingtonpost.com,http://www.washingtonpost.com/wp-dyn/content/article/2010/02/08/AR2010020800459.html
2010-02-09,01:58:15,azk3k,4,France has agreed to sell Russia an advanced warship and is considering a request from Moscow for three others,news.bbc.co.uk,http://news.bbc.co.uk/2/hi/europe/8504045.stm
2010-02-08,14:02:35,azc9d,4,Australian woman detained by Israeli police,abc.net.au,http://www.abc.net.au/worldtoday/content/2010/s2813142.htm
2010-02-09,02:48:22,azkpb,4,Costa Rica elects first female  president in landslide victory,guardian.co.uk,http://www.guardian.co.uk/world/2010/feb/08/costa-rica-first-woman-president
2010-02-08,15:36:32,azd78,2,Country that hasn't started a genocidal war in recent history is continuing it's nuclear program,english.aljazeera.net,http://english.aljazeera.net/news/middleeast/2010/02/20102781043694317.html
2010-02-08,20:49:28,azg39,3,"Iran to build 10 nuclear plants, new military planes, aerial drones and anti-aircraft missiles. What's up Israel?",latimes.com,"http://www.latimes.com/news/nation-and-world/la-fgw-iran-nuclear9-2010feb09,0,4196757.story"
