2010-05-04,23:55:17,bzyfz,907,"When the Soviets had leaking oil wells they couldn't seal, they nuked them",trueslant.com,http://trueslant.com/juliaioffe/2010/05/04/nuke-that-slick/
2010-05-04,08:19:55,bzmhe,126,Iran offers to help contain US oil spill,presstv.com,http://www.presstv.com/detail.aspx?id=125303&sectionid=3510203
2010-05-04,13:47:24,bzq1s,112,Europe to Lift Airplane Liquids Ban in 2013,businessweek.com,http://www.businessweek.com/globalbiz/content/apr2010/gb20100430_265233.htm
2010-05-05,00:04:09,bzykc,73,Woman becomes first in Italy to be fined £430 for wearing burqa,dailymail.co.uk,http://www.dailymail.co.uk/news/worldnews/article-1271848/Woman-Italy-fined-430-wearing-burqa.html
2010-05-04,10:34:16,bznv0,71,"Jessica Watson, 16 year old, nears the end of her solo round the world yacht journey",news.com.au,http://www.news.com.au/travel/news/end-nears-for-jessica-watson-as-pink-speck-on-horizon-heads-for-home/story-e6frfq80-1225861816970
2010-05-04,21:38:59,bzw2w,57,"British Government cannot use secret evidence in Guantánamo torture case, British appeal court rules",guardian.co.uk,http://www.guardian.co.uk/world/2010/may/04/government-secret-evidence-guantanamo-torture
2010-05-04,13:31:26,bzpvx,40,"Army to be sued for war crimes over its role in 
Fallujah attacks",independent.co.uk,http://www.independent.co.uk/news/world/asia/army-to-be-sued-for-war-crimes-over-its-role-in-fallujah-attacks-1961475.html
2010-05-04,12:32:43,bzp82,25,6.4-magnitude quake strikes Chile,abc.net.au,http://www.abc.net.au/news/stories/2010/05/04/2889569.htm
2010-05-04,10:55:35,bzo3s,17,Nepal as a country is shut down due to a Maoist strike,voanews.com,http://www1.voanews.com/english/news/asia/No-Political-Deal-in-Nepal-National-Strike-Continues-92697989.html
2010-05-05,04:34:28,c02pv,19,"""I Was Wrong About Israel""",dissidentvoice.org,http://dissidentvoice.org/2010/05/i-was-wrong-about-israel/
2010-05-04,22:30:53,bzx3m,16,Settlers torch West Bank mosque.  ARSONISTS torched a mosque in the north of the occupied West Bank before dawn local time today in an attack blamed on Jewish settlers. ,news.com.au,http://www.news.com.au/world/settlers-torch-west-bank-mosque/story-e6frfkyi-1225862195775
2010-05-05,05:15:19,c03be,13,Arab states: Israel's nuclear program is destabilizing Mideast - Haaretz Daily Newspaper | Israel News,haaretz.com,http://www.haaretz.com/news/diplomacy-defense/arab-states-israel-s-nuclear-program-is-destabilizing-mideast-1.288205
2010-05-05,07:28:41,c04y2,18,"North Korea and Israel have a lot in common. Neither is a signatory to the Nuclear Non-Proliferation Treaty (NPT), and both employ their nuclear weapons in elaborate games of peek-a-boo with the international community.",fpif.org,http://www.fpif.org/articles/the_israeli_exception
2010-05-04,10:20:00,bznpp,12,First Australian since 1952 to win world snooker championship,abc.net.au,http://www.abc.net.au/news/stories/2010/05/04/2889588.htm
2010-05-05,03:36:25,c01w4,12,European court weighs cannabis ban for foreigners - A Dutch city has banned foreigners from its cannabis-selling coffee shops. A European court will now decide whether this is legal.,rnw.nl,http://www.rnw.nl/english/article/european-court-weighs-cannabis-ban-foreigners
2010-05-04,23:21:48,bzxyv,11,"Greece's swollen bureaucracy is taking the hardest hits as the country struggles to fix its failing economy. Civil servants are responding with massive strikes. But critics say the country's public sector is inefficient, expensive and hopelessly overstaffed.",spiegel.de,"http://www.spiegel.de/international/europe/0,1518,692909,00.html"
2010-05-05,04:52:40,c02yn,11,Chaos breaks out at a dutch memorial service. ,youtube.com,http://www.youtube.com/watch?v=Wh06HdeXh5c&feature=player_embedded
2010-05-05,07:47:15,c055j,11,It looks like BP will be on the hook for the Deepwater Horizon oil spill.  Great.  That's progress.  Now lets get the Wall Street firms that engineered the financial crisis to pay for the mess they created too.,guardian.co.uk,http://www.guardian.co.uk/environment/2010/may/04/deepwater-horizon-oil-spill-backlash-bp
2010-05-04,18:47:44,bzt87,13,   Children in Sweden have best lives  ,swedishwire.com,http://www.swedishwire.com/politics/4304-children-in-sweden-have-best-lives
2010-05-04,09:12:34,bzn2h,10,Chinese Govt. restricting access and information about school attacks.,english.aljazeera.net,http://english.aljazeera.net/news/asia-pacific/2010/05/2010535281960454.html
2010-05-05,00:24:30,bzywi,10,"Russia's president, Dmitry Medvedev, today ordered an urgent inquiry into why a prisoner who died last week in custody was refused medical treatment – with doctors advising her to sleep ""standing up"".",guardian.co.uk,http://www.guardian.co.uk/world/2010/may/04/russian-prisoner-died-vera-trifonova
2010-05-05,07:38:08,c052d,9,Ahmadinejad Calls U.S. Arsenal Disclosure 'Positive',bloomberg.com,http://www.bloomberg.com/apps/news?pid=20601087&sid=aNSPbj9vZp2U
2010-05-05,07:07:47,c04q3,7,"The Myth Of The 'Greatest Generation': The History Of Allied War Crimes In WWII - The issue of war crimes is an incredibly sensitive one. But, in this case, the evidence is overwhelming.",spiegel.de,"http://www.spiegel.de/international/world/0,1518,692037,00.html"
2010-05-05,05:21:30,c03ej,9,"I hate Tories. And yes, it's tribal ",guardian.co.uk,http://www.guardian.co.uk/commentisfree/2010/may/04/why-i-hate-tories-david-cameron
2010-05-04,16:12:10,bzrm8,7,Settlers torch mosque - stay classy Israel!,theaustralian.com.au,http://www.theaustralian.com.au/news/breaking-news/settlers-torch-west-bank-mosque/story-fn3dxity-1225862188516
2010-05-04,21:44:51,bzw6y,6,United States has released $656 million to Pakistan for costs incurred last year in military operations against Taliban militants.  Great job guys.,uk.reuters.com,http://uk.reuters.com/article/idUKTRE64317O20100504
2010-05-05,05:09:51,c038t,4,Al Jazeera English launches in Canada,cbc.ca,http://www.cbc.ca/arts/media/story/2010/05/04/al-jazeera-english-launch.html
2010-05-05,03:11:41,c01io,6,"Are Saudi women on their way at last? With the king’s permission, the debate is hotting up",economist.com,http://www.economist.com/world/middle-east/displaystory.cfm?story_id=16015562&source=hptextfeature
2010-05-04,16:03:10,bzrib,5,Flights banned in Ireland and parts of UK over ash risk - Again....................,news.bbc.co.uk,http://news.bbc.co.uk/1/hi/world/europe/8658738.stm
2010-05-04,20:53:43,bzva9,6,"In his new book, Palestine Betrayed, Efraim Karsh of the University of London offers historical accuracy. With in-depth archival research and meticulous historical sensibility, Karsh argues that Palestinians decided their own destiny and bear near-total responsibility for becoming refugees.",danielpipes.org,http://www.danielpipes.org/8329/palestine-betrayed
