2010-10-20,03:50:24,dtg9u,593,"Canada's ""Most Conservative City"" elects Muslim Mayor",theglobeandmail.com,http://www.theglobeandmail.com/news/politics/calgarys-naheed-nenshi-becomes-canadas-first-muslim-mayor/article1762765/
2010-10-21,06:00:47,du1d7,209,Dead Sea Scrolls will be available online,smh.com.au,http://www.smh.com.au/technology/technology-news/dead-sea-scrolls-will-be-available-online-20101020-16uc7.html
2010-10-21,05:18:15,du0qr,165,"The UK surveillance state marches on: ""Every email, phone call and website visit is to be recorded and stored after the Coalition Government revived controversial Big Brother snooping plans""",telegraph.co.uk,http://www.telegraph.co.uk/technology/news/8075563/Every-email-and-website-to-be-stored.html
2010-10-20,12:32:48,dtnrs,137,"A major Jewish religious figure in Israel has likened non-Jews to donkeys and beasts of burden, saying the main reason for their very existence is to serve Jews",thepeoplesvoice.org,http://www.thepeoplesvoice.org/TPV3/Voices.php/2010/10/18/major-rabbi-says-non-jews-are-donkeys-cr
2010-10-21,06:58:20,du2cu,109,"Carter: Palestinians live in 'cage' - Former US President Jimmy Carter said yesterday that Palestinians are ""living in a cage"" in Gaza and that the militant group Hamas must be included in all major efforts for peace.",kuwaittimes.net,http://www.kuwaittimes.net/read_news.php?newsid=MzEwNTkwNDk5
2010-10-20,23:04:09,dtubs,95,Every email and website to be stored by UK government,telegraph.co.uk,http://www.telegraph.co.uk/technology/news/8075563/Every-email-and-website-to-be-stored-by-government.html
2010-10-21,00:57:17,dtw4p,86,Norwegians Find Perfectly Preserved Stone Age Site - A Norwegian camping ground is the site of what may become one of Europe's most significant archeological discoveries. Archeologists have found an almost perfectly preserved Stone Age settlement...,spiegel.de,"http://www.spiegel.de/international/europe/0,1518,723712,00.html"
2010-10-20,04:03:58,dtghm,72,China Said to Halt Some Mineral Shipments to U.S. and Europe as It Flexes Its New Economic Power,nytimes.com,http://www.nytimes.com/2010/10/20/business/global/20rare.html?hp=&adxnnl=1&adxnnlx=1287514967-Qlb4N3YirzuUrLdwvL1ljg
2010-10-21,06:44:59,du23t,62,"Bad parents should be sterilised - PARENTS with a history of child abuse should be forced to have sterilisations, a former Victorian ombudsman says. ",heraldsun.com.au,http://www.heraldsun.com.au/news/victoria/bad-parents-should-be-sterilised-say-former-victorian-ombudsman-norman-geschke/story-e6frf7kx-1225941418734
2010-10-21,06:29:51,du1v3,49,"Uganda newspaper publishes 'gay list,' calls for their 
hanging",edition.cnn.com,http://edition.cnn.com/2010/WORLD/africa/10/20/uganda.gay.list/?hpt=T1
2010-10-20,23:43:47,dtuwu,37,"Israeli soldier at the controls of a bulldozer that crushed to death 23-yr-old Rachel Corrie in Gaza in March 2003, is to testify anonymously. Family criticises decision to give evidence from behind screen",guardian.co.uk,http://www.guardian.co.uk/world/2010/oct/20/rachel-corrie-case-soldier-anonymous
2010-10-20,08:25:53,dtkf4,30,China has halted some shipments to the United States of rare minerals vital to industry due to anger over a US probe,google.com,http://www.google.com/hostednews/afp/article/ALeqM5iUP5p1y3_i2x_vo_NA8ke9VoI_jg?docId=CNG.d1ed550b2fc462fc20edac5d256b5591.971
2010-10-20,05:21:48,dthqo,31,Britain plans to cut its armed forces by 8% by 2015,guardian.co.uk,http://www.guardian.co.uk/politics/2010/oct/19/uk-can-no-longer-mount-military-operations-like-iraq
2010-10-21,04:16:50,dtzm6,29,"Palestinian school set on fire, vandalized with 'regards from the hills' graffiti",haaretz.com,http://www.haaretz.com/news/diplomacy-defense/palestinian-school-set-on-fire-vandalized-with-regards-from-the-hills-graffiti-1.320228
2010-10-20,20:12:13,dtsao,25,"Thousands of Tibetan students have staged protests in northwestern China, angry at being forced to study in the Chinese language",google.com,http://www.google.com/hostednews/afp/article/ALeqM5hYxAjV-OxJ1zEO63aI1VpYOsPjMw?docId=CNG.6f626669dcc738e805f26ad8400c014c.231
2010-10-20,22:49:17,dtu3z,18,"Beyond the Church's Reach - An increasing number of Polish women are travelling to Germany for abortions. Even as Poland has modernized and become more European, its laws have failed to keep pace.",spiegel.de,"http://www.spiegel.de/international/europe/0,1518,723902,00.html"
2010-10-21,01:09:24,dtwcj,20,Chinese Rare Earth Embargo Spreads ,theatlantic.com,http://www.theatlantic.com/technology/archive/2010/10/chinese-rare-earth-embargo-spreads/64851/
2010-10-21,07:04:01,du2g2,21,Carter in Syria: Israel must fully lift Gaza blockade | Former U.S. President meets with Syrian President Assad and Hamas politburo chief Meshal in Damascus.,haaretz.com,http://www.haaretz.com/news/diplomacy-defense/carter-in-syria-israel-must-fully-lift-gaza-blockade-1.320044
2010-10-20,16:02:38,dtq61,17,Tibetan students in China protest over language policy,bbc.co.uk,http://www.bbc.co.uk/news/world-asia-pacific-11581189
2010-10-21,05:07:38,du0iv,16,"Afghanistan debate drives MP to tears - INDEPENDENT MP Andrew Wilkie has broken down in tears while calling for Australian troops to come home from Afghanistan ""within months"". 
",perthnow.com.au,http://www.perthnow.com.au/news/tears-flow-as-andrew-wilkie-reads-out-names-of-the-dead-during-afghanistan-debate/story-e6frg12c-1225941253571
2010-10-21,07:00:42,du2dz,16,"Ugandan paper outs 100 'top' gays in country - Rights activists say at least four homosexuals attacked after appearing in list published by 'Rolling Stone' paper that included photos. 
",jpost.com,http://www.jpost.com/International/Article.aspx?id=192140
2010-10-20,17:29:34,dtqwc,11,"Strikes in Europe: ""Governments, whether conservative or nominally 'left,' are cutting jobs and wages and slashing social programs in complete disregard for the overwhelming opposition of the population.",wsws.org,http://wsws.org/articles/2010/oct2010/pers-o20.shtml
2010-10-21,06:54:28,du2aw,10,"Devastating budget cuts to hit Britain U.K. Finance Chief George Osborne announced a program of devastating cuts to the country's budget today, taking away hundreds of thousands of public sector jobs and billions of dollars from welfare. ",marketplace.publicradio.org,http://marketplace.publicradio.org/display/web/2010/10/20/pm-devastating-budget-cuts-to-hit-britain/
2010-10-20,11:47:45,dtn53,10,Sarkozy Stands Firm on Pension Reform as Protests Cripple France,spiegel.de,"http://www.spiegel.de/international/europe/0,1518,723972,00.html"
2010-10-20,12:06:12,dtney,12,Lebanon: the real story behind Mahmoud Ahmadinejad's visit,belfasttelegraph.co.uk,http://www.belfasttelegraph.co.uk/opinion/columnists/robert-fisk/lebanon-the-real-story-behind-mahmoud-ahmadinejads-visit-14982006.html
2010-10-20,19:14:46,dtrsb,10,Afghan officials cancel 1.3m votes — more than 20% of parliamentary election's ballots invalid after fraud investigation,english.aljazeera.net,http://english.aljazeera.net/news/asia/2010/10/2010102081458138520.html
2010-10-20,11:53:32,dtn8c,10,"Taliban’s Elite, Aided by NATO, Join Talks for Afghan Peace - NYT",nytimes.com,http://www.nytimes.com/2010/10/20/world/asia/20afghan.html?_r=1&pagewanted=all
2010-10-20,14:46:19,dtpbj,12,Nationalists Calling for 'Clean Moscow' - Planned Mosque Sparks Controversy in Russia,spiegel.de,"http://www.spiegel.de/international/world/0,1518,723799,00.html"
2010-10-20,23:13:00,dtufq,8,UN’s plea for helicopters in Congo going unheard ,theglobeandmail.com,http://www.theglobeandmail.com/news/world/africa-mideast/uns-plea-for-helicopters-in-congo-going-unheard/article1764464/
2010-10-20,17:22:59,dtquj,8,"The (cross-dressing) commander of Canada's largest air force base stalked, repeatedly raped and killed two women as they pleaded for their lives (with pics). ",iol.co.za,http://www.iol.co.za/news/world/victims-pleaded-before-being-murdered-1.687453
