2010-05-03,21:39:04,bze26,813,Christian preacher arrested for saying homosexuality is a sin,telegraph.co.uk,http://www.telegraph.co.uk/news/newstopics/religion/7668448/Christian-preacher-arrested-for-saying-homosexuality-is-a-sin.html
2010-05-03,19:53:47,bzd10,324,"Israeli documents detailing the collective punishment over Gazans revealed: Large range of goods currently forbidden to enter Gaza are jam, chocolate, wood for furniture, fruit juice, textiles, and plastic toys",news.bbc.co.uk,http://news.bbc.co.uk/2/hi/middle_east/8654337.stm
2010-05-03,22:24:39,bzely,153,Iran offers help in fighting Gulf of Mexico oil leak,alertnet.org,http://www.alertnet.org/thenews/newsdesk/DAH336324.htm
2010-05-03,23:59:24,bzfty,50,Kim Jong-il is in China trying to negotiate desperately needed food aid.,nytimes.com,http://www.nytimes.com/2010/05/04/world/asia/04korea.html?ref=asia
2010-05-04,01:24:52,bzh14,48,This is what you do with terrorists. Give them a fair trial and convict them.,english.aljazeera.net,http://english.aljazeera.net/news/asia/2010/05/20105392129575140.html
2010-05-03,21:50:38,bze7a,45,Greece erupts as men from IMF prepare to wield axe,timesonline.co.uk,http://www.timesonline.co.uk/tol/news/world/europe/article7113941.ece
2010-05-03,21:49:01,bze6b,31,Charlie Brooker: Which leader's public persona do you prefer?,guardian.co.uk,http://www.guardian.co.uk/commentisfree/2010/may/03/charlie-brooker-cameron-brown-clegg
2010-05-03,16:35:20,bzb5m,30,"Journalist freed from Gaza jail (with a ""We know where you live"") vows to fight for imprisoned journalists",guardian.co.uk,http://www.guardian.co.uk/media/2010/may/03/paul-martin-gaza-jail-press-freedom
2010-05-04,06:37:26,bzlb3,26,Ireland to re-impose flight bans,news.bbc.co.uk,http://news.bbc.co.uk/2/hi/europe/8658738.stm
2010-05-04,07:43:54,bzm33,26,Deepwater Horizon oil spill: turtle deaths soar amid fight to save wildlife (The picture accompanying this article makes me so sad...),guardian.co.uk,http://www.guardian.co.uk/environment/2010/may/03/deepwater-horizon-oil-spill-turtle-deaths-soar
2010-05-03,22:18:30,bzejf,24,"Human trafficking and sex slavery take place at the doorstep of the South African World Cup Stadiums, but FIFA looks away, says Benjamin Skinner, author of ‘A crime so monstrous’ ",depers.nl,http://www.depers.nl/slavery
2010-05-04,03:58:24,bzje2,23,Europe's Amazing Web Of Debt,nytimes.com,http://www.nytimes.com/interactive/2010/05/02/weekinreview/02marsh.html?ref=weekinreview
2010-05-03,21:27:01,bzdxd,22,"Libyan leader Moammar Gadhafi talked to the SPIEGEL about his friendship with Italian Prime Minister Silvio Berlusconi, the 'youthful exuberance' of his sons, and why he thinks Switzerland is a mafia.",spiegel.de,"http://www.spiegel.de/international/world/0,1518,692626,00.html"
2010-05-03,21:09:33,bzdqr,21,"Pakistani Man Convicted in 2008 Mumbai Attacks - in a regular court, not a military tribunal",nytimes.com,http://www.nytimes.com/2010/05/04/world/asia/04mumbai.html?hp
2010-05-03,10:26:59,bz7kl,23,Government fears Deepwater Horizon well could become unchecked gusher. ,cryptogon.com,http://cryptogon.com/?p=15113
2010-05-03,17:55:11,bzbv7,18,"The fear factor: A year after the 'green' uprising, Iranians are no closer to breaking free",independent.co.uk,http://www.independent.co.uk/news/world/middle-east/the-fear-factor-a-year-after-the-green-uprising-iranians-are-no-closer-to-breaking-free-1958568.html
2010-05-03,20:52:03,bzdk0,18,Congo Rebels Are Savages - Cut Lips From Woman For 'Talking Too Much'...,nytimes.com,http://www.nytimes.com/2010/05/02/world/02congo.html
2010-05-04,00:04:45,bzfwk,14,"Uganda To Obama: Stop Treating Us Like Your Colony - Said Tamale Mirundi: ""USA is arrogant. They think they can organize for us elections in our own country. We are an independent state. They are our business partners and not our masters.",en.afrik.com,http://en.afrik.com/article17545.html
2010-05-04,00:50:03,bzgkb,15,The Mother of All Bubbles - Huge National Debts Could Push Euro Zone into Bankruptcy - Extensive and thorough analysis of the current situation in Europe,spiegel.de,"http://www.spiegel.de/international/europe/0,1518,692666,00.html"
2010-05-04,07:04:21,bzln0,14,Islamist Insurgents Seize a Pirate Base in Somalia - NYTimes.com,nytimes.com,http://www.nytimes.com/2010/05/03/world/africa/03somalia.html?ref=world
2010-05-03,12:00:44,bz8ev,15,Iranian President Mahmoud Ahmadinejad left Sunday for the United States to take part in a conference on nuclear nonproliferation,edition.cnn.com,http://edition.cnn.com/2010/WORLD/meast/05/02/ahmadinejad.us/index.html?hpt=T2
2010-05-03,18:18:51,bzc27,12,Sole Surviving Gunman of Mumbai Attacks Has Been Convicted by an Indian Court.,news.bbc.co.uk,http://news.bbc.co.uk/2/hi/8657642.stm
2010-05-04,06:52:45,bzlhu,10,Egyptians Protest 30 Years of Emergency Law,voanews.com,http://www1.voanews.com/english/news/africa/north/Police-Activists-Clash-in-Egypt--92674264.html
2010-05-03,19:11:38,bzclx,11,"110 Billion Euro Package - European promises of solidarity with Greece were not enough. Over the weekend, euro zone finance ministers agreed on a €110 billion package for Athens in return for even more Greek austerity measures. Whether it will be enough remains open.",spiegel.de,"http://www.spiegel.de/international/europe/0,1518,692619,00.html"
2010-05-03,20:13:36,bzd75,9,Lawyers vs. Pirates ,foreignpolicy.com,http://www.foreignpolicy.com/articles/2010/04/30/lawyers_vs_pirates
2010-05-03,19:44:44,bzcxa,6,US and Russia to propose ban on WMD in Middle East.  Tough global talks ahead in review of nuclear treaty as Egypt aims to put pressure on west over Israel,guardian.co.uk,http://www.guardian.co.uk/world/2010/may/02/major-powers-propose-ban-wmds-middle-east
2010-05-04,05:56:13,bzku7,7,"Norwegian soldiers wounded in Afghanistan - Eight Norwegian soldiers were wounded in Afghanistan Sunday evening, when they came under attack by insurgents , two of them were seriously wounded and taken to hospital.     ",norwaypost.no,http://www.norwaypost.no/news/norwegian-soldiers-wounded-in-afghanistan.html
2010-05-03,08:58:51,bz6wr,7,"Translation of Chinese reactions to recent spat of school stabbings (from forums, as official media is still on blackout)",chinasmack.com,http://www.chinasmack.com/2010/stories/chinese-school-attacks-netizen-reactions-taixing.html
2010-05-04,05:56:18,bzkua,5,Ash cloud closes Irish airspace,news.bbc.co.uk,http://news.bbc.co.uk/1/hi/northern_ireland/8658613.stm
2010-05-04,05:35:25,bzkl7,5,"Elton John is banned to perform in Egypt.  Head of Egyptian Musician Union: ""How do we allow a gay, who wants to ban religions, claimed that the prophet Jesus was gay and calls for Middle Eastern countries to allow gays to have sexual freedom?""",huffingtonpost.com,http://www.huffingtonpost.com/2010/05/03/elton-john-a-gay-faces-eg_n_561480.html?
