2010-08-04,09:40:09,cx22l,506,"28,000 deaths caused by the war on drugs in Mexico. Finally, president Felipe Calderon agrees to discuss about drug legalization.",translate.google.com,http://translate.google.com/translate?hl=en&sl=es&tl=en&u=http%3A%2F%2Fwww.eluniversal.com.mx%2Fnotas%2F699378.html
2010-08-04,20:40:25,cx8gb,290,"Israeli troops south of border when Lebanon fired, U.N. says",edition.cnn.com,http://edition.cnn.com/2010/WORLD/meast/08/04/israel.lebanon.hostilities/?hpt=T2
2010-08-04,02:44:00,cwx8x,285,A photographer captures the tragic death of a firefighter in a oil spill in China over 47 photos.,chinasmack.com,http://www.chinasmack.com/2010/pictures/dalian-oil-spill-cleanup-firefighter-drowning-captured-by-photographer.html
2010-08-04,23:48:30,cxalv,189,TV cameras capture the distressing moment a 5yr-old Palestinian boy sees his father arrested for stealing water,activistnews.blogspot.com,http://activistnews.blogspot.com/2010/08/blog-post.html
2010-08-04,20:47:55,cx8ij,144,"One fine June day, the author is launching his best-selling memoir, Hitch-22. The next, he’s throwing up backstage at The Daily Show,  in a brief bout of denial, before entering the unfamiliar country—with its egalitarian spirit, martial metaphors, and hard bargains of people who have cancer.",vanityfair.com,http://www.vanityfair.com/culture/features/2010/09/hitchens-201009
2010-08-05,04:50:09,cxese,100,Peru suffers deadly outbreak of bubonic and pneumonic plague ,telegraph.co.uk,http://www.telegraph.co.uk/news/worldnews/southamerica/peru/7925151/Peru-suffers-deadly-outbreak-of-bubonic-and-pneumonic-plague.html
2010-08-05,03:18:13,cxdk4,71,Oldest university on earth is reborn after 800 years -,independent.co.uk,http://www.independent.co.uk/news/world/asia/oldest-university-on-earth-is-reborn-after-800-years-2042518.html
2010-08-04,20:24:28,cx8br,27,New Evidence About Prisoners Held in Secret CIA Prisons in Poland and Romania,truth-out.org,http://www.truth-out.org/new-evidence-about-prisoners-held-secret-cia-prisons-poland-and-romania61965
2010-08-04,22:24:11,cx9j0,21,Sudan sentences 19 young Muslim men to 30 lashes and a fine for breaking moral codes by wearing women's clothes and makeup,msnbc.msn.com,http://www.msnbc.msn.com/id/38553887
2010-08-04,19:38:52,cx7zd,22,Iran denies grenade attack on Ahmadinejad,english.aljazeera.net,http://english.aljazeera.net/news/middleeast/2010/08/2010849274672397.html
2010-08-05,03:29:51,cxdr1,22,Pakisan flooding in photos. (photo essay),pbs.org,http://www.pbs.org/newshour/multimedia/pakistan_flood/
2010-08-04,10:08:19,cx2dg,21,Six of South Africa's 13 traditional monarchies will no longer be recognized.,bbc.co.uk,http://www.bbc.co.uk/news/world-africa-10809206
2010-08-04,02:17:39,cwwvm,17,Israeli rabbis are set to ban the burka for a small group of radical Jewish women who have taken to wearing it.,thejc.com,http://www.thejc.com/node/36322
2010-08-05,04:02:48,cxe6k,18,Lebanon: We fired first at IDF unit near Israel border,haaretz.com,http://www.haaretz.com/news/diplomacy-defense/lebanon-we-fired-first-at-idf-unit-near-israel-border-1.305929
2010-08-04,22:33:56,cx9ms,14,A 26-year-old man is arrested in China following a knife attack at a school in which at least three children were killed. ,bbc.co.uk,http://www.bbc.co.uk/news/world-asia-pacific-10862175
2010-08-04,18:26:41,cx7du,19,"Iran claims to have S-300 surface-to-air missiles
",google.com,http://www.google.com/hostednews/ap/article/ALeqM5hypqn1fVhsmrjMxzTvSw6u3vaeHAD9HCHU003
2010-08-04,21:58:07,cx991,12,"DR Congo frees 11,506 children from mines",news.xinhuanet.com,http://news.xinhuanet.com/english2010/world/2010-08/04/c_13430184.htm
2010-08-04,08:51:14,cx1lo,12,Clash of civilizations in the classroom - German pupils in the minority [Documentary],youtube.com,http://www.youtube.com/watch?v=bDWs1l_N_g4
2010-08-05,03:57:58,cxe49,9,Berlusconi's Nemesis: Will Silvio Berlusconi's former ally be the one to end his reign?,globalpost.com,http://www.globalpost.com/dispatch/italy/100803/italian-politics-looking-enemies
2010-08-05,01:01:10,cxboh,11,"Israeli troops ""on own side"" in Lebanon clash, UN says",bbc.co.uk,http://www.bbc.co.uk/news/world-middle-east-10864861
2010-08-05,01:10:52,cxbsb,10,Germany Looks to Tighten Up Public Drinking Rules,spiegel.de,"http://www.spiegel.de/international/germany/0,1518,708174,00.html"
2010-08-04,21:58:45,cx99a,7,It's official: Saudi Arabia bans BlackBerries,arstechnica.com,http://arstechnica.com/gadgets/news/2010/08/its-official-saudi-arabia-bans-blackberries.ars
2010-08-04,18:21:20,cx7c7,3,Israel continues uprooting trees on Lebanon border after fatal clash,guardian.co.uk,http://www.guardian.co.uk/world/2010/aug/04/lebanon-israel-tree-border-clash
2010-08-04,16:16:49,cx6c0,8,BP says 'static kill' to stop oil leak was successful,bbc.co.uk,http://www.bbc.co.uk/news/world-us-canada-10862893
2010-08-04,23:03:59,cxa0v,6,"28,000 Killed in Mexican Drug War Since 2006. Intelligence Chief Says Drug Violence ""Still Growing""",cbsnews.com,http://www.cbsnews.com/stories/2010/08/03/world/main6740078.shtml?tag=cbsnewsSectionContent.3
2010-08-04,21:44:13,cx93a,6,BBC News - Danish politics rocked over Kinnock tax status,bbc.co.uk,http://www.bbc.co.uk/news/world-europe-10856352
2010-08-04,18:16:53,cx7aw,7,"Future army structure - an exploration of how one might structure an army for a future guided by the RUSI doctrines; Strategic Raiding primarily, Contributory secondarily, and Article 5 of NATO, and a continuance of the Strategic deterrent. ",jedibeeftrix.wordpress.com,http://jedibeeftrix.wordpress.com/2010/07/29/983/
2010-08-04,18:25:06,cx7dg,4,"Kenya votes on new constitution amid high security
",google.com,http://www.google.com/hostednews/ap/article/ALeqM5jJnz0LHWLQR0WE1dyou53bAnCcVQD9HCII0O1
2010-08-04,11:36:14,cx3dr,5,"Liberia's 'State Within a State': '""Plantation"" isn't the word for Firestone. Think ""state within a state."" Firestone originally controlled one million acres - nearly 10 percent of arable land",thenation.com,http://www.thenation.com/print/article/37199/workers-organize-firestone-liberias-state-within-state
2010-08-04,19:25:34,cx7vv,5,An Arab man convicted in Israel of rape because he pretended he was a Jew has had his prison sentence delayed. ,bbc.co.uk,http://www.bbc.co.uk/news/world-middle-east-10861904
