2010-06-16,22:08:08,cflo5,1753,Australia soon to become the first Western democracy to join Iran and China where Internet access is restricted by the state,time.com,"http://www.time.com/time/world/article/0,8599,1995615,00.html?xid=rss-world&utm_source=feedburner&utm_medium=feed&utm_campaign=Feed%3A+time%2Fworld+%28TIME%3A+Top+World+Stories%29"
2010-06-16,02:36:58,cfalc,465,Two 19 year olds were beaten with iron rods and then electrocuted to death by their own families as they belonged to different sub-castes and had 'planned' to elope,news.bbc.co.uk,http://news.bbc.co.uk/2/hi/world/south_asia/10316249.stm
2010-06-16,11:54:15,cfgj2,318,"WikiLeaks Founder Has Garani Massacre Video, 
According to New Email - The Daily Beast",thedailybeast.com,http://www.thedailybeast.com/blogs-and-stories/2010-06-15/wikileaks-founder-has-garani-massacre-video-according-to-new-email/
2010-06-17,01:21:09,cfnya,99,"Iceland passes ""Wikileaks law"". What will that mean for journalists?",niemanlab.org,http://www.niemanlab.org/2010/06/what-will-icelands-new-media-laws-mean-for-journalists/
2010-06-16,00:03:49,cf8ju,84,Canadian version of Fox News is in the works.,thestar.com,http://www.thestar.com/news/canada/article/823283--plans-for-fox-news-north-to-be-revealed-in-toronto
2010-06-16,14:17:59,cfhru,75,"Turkey's Prime Minister - ""It’s not possible for a Muslim to commit genocide.""",nytimes.com,http://www.nytimes.com/2010/06/16/opinion/16friedman.html
2010-06-17,02:05:04,cfogo,54,"Kyrgyzstan carnage: 700 feared dead as looting, riots surge",youtube.com,http://www.youtube.com/watch?v=tGfSw_9UhtY
2010-06-16,05:31:09,cfcra,46,Egypt: Israel wants to 'dump' Gaza on us. It is time for Egyptian leadership to raise to this challenge,haaretz.com,http://www.haaretz.com/news/diplomacy-defense/egypt-israel-wants-to-dump-gaza-on-us-1.296347
2010-06-16,15:05:45,cfi5t,41,Three powerful earthquakes have struck Indonesia within half an hour of each other.,news.bbc.co.uk,http://news.bbc.co.uk/2/hi/world/asia_pacific/10325814.stm
2010-06-17,00:56:49,cfnnm,37,France to raise retirement age - The French government has unveiled plans to raise the retirement age to 62 in a sweeping overhaul of the pensions system that labour unions have vowed to fight to the end.,abc.net.au,http://www.abc.net.au/news/stories/2010/06/16/2929003.htm
2010-06-16,05:26:22,cfcot,33,Was the swine flu a fake pandemic?,abc.net.au,http://www.abc.net.au/unleashed/stories/s2923981.htm
2010-06-16,18:02:00,cfjim,27,Michael Andersen: I am ashamed that European media and politicians do not understand the tragedy in Kyrgyzstan,enews.ferghana.ru,http://enews.ferghana.ru/article.php?id=2640
2010-06-17,06:55:12,cfrwm,26,'Internet a risk to nation' - INDONESIA'S communications minister said on Wednesday a celebrity sex video scandal showed the Internet was a threat to the nation and vowed to issue a decree to curb its use.,straitstimes.com,http://www.straitstimes.com/BreakingNews/SEAsia/Story/STIStory_541191.html
2010-06-16,12:07:09,cfgny,21,"""Israeli company leads charge to supply world with vuvuzelas.""   Let's see what reddit does with this.",haaretz.com,http://www.haaretz.com/print-edition/business/israeli-company-leads-charge-to-supply-world-with-vuvuzelas-1.296448
2010-06-17,00:12:32,cfn4o,21,"Matthew Simmons: The Relief Well Will Fail, And An Undersea Oil Lake May Be Covering 40% Of The Gulf",businessinsider.com,http://www.businessinsider.com/matthew-simmons-the-relief-well-will-fail-and-an-undersea-oil-lake-may-be-covering-40-of-the-gulf-2010-6
2010-06-17,01:33:24,cfo41,23,"Over the past month, heavy rainfall has caused massive amounts of flooding in Europe - Dozens have lost their lives, many thousands evacuated their homes, some repeatedly. [pics]",boston.com,http://www.boston.com/bigpicture/2010/06/european_flooding.html
2010-06-17,03:07:04,cfpa1,19,"Chilling, blunt and gruff author paints the picture of what Ciudad Juarez, Mexico, the most violent city in the world, is like",whyy.org,http://www.whyy.org/podcast/042210_110630.mp3
2010-06-16,23:55:33,cfmwm,18,"Britain Acknowledges ""Bloody Sunday"" Killings. ""A long-awaited British judicial inquiry into 'Bloody Sunday'—when British paratroopers shot dead fourteen demonstrators in Northern Ireland—has found the killings were 'unjustified' and lays heavy blame on the army.""",democracynow.org,http://www.democracynow.org/2010/6/16/bloody_sunday
2010-06-17,00:32:40,cfnbo,17,"35 year oil industry veteran cites recently gathered data to say oil leak near 120,000bpd and the oil beneath the surface has spread to potentially cover 40% of the Gulf.",clipsyndicate.com,http://www.clipsyndicate.com/video/play/1516742/simmons_says_nuclear_device_only_option_to_stop_oil_leak_video
2010-06-17,00:11:13,cfn3z,18,The Copyright Lobby's Astroturf Campaign in Support of the Canadian DMCA,michaelgeist.ca,http://www.michaelgeist.ca/content/view/5123/125/
2010-06-17,04:24:57,cfqaf,17,Was The New York Times' story on minerals in Afghanistan smart or the result of Pentagon PR?,globalpost.com,http://www.globalpost.com/dispatch/afghanistan/100616/new-york-times-james-risen-afghanistan-mineral-deposits
2010-06-16,16:52:26,cfj0y,14,WikiLeaks versus Wired: war of words continues,trueslant.com,http://trueslant.com/colinhorgan/2010/06/08/wikileaks-bradley-manning-wired-adrian-lamo-kevin-poulsen/
2010-06-16,14:46:26,cfhzp,16,"Wikileaks Commissions Lawyers to Defend Alleged 
Army Source | Threat Level | Wired.com",wired.com,http://www.wired.com/threatlevel/2010/06/wikileaks-to-lamo/?utm_source=feedburner
2010-06-16,07:18:02,cfdyi,14,"Mexico Army Fights Gang in Tourist Town, Killing as Many as 15 ",bloomberg.com,http://www.bloomberg.com/apps/news?pid=20601087&sid=a9QN9fXX5TlA
2010-06-16,17:48:42,cfjev,11,"They can't work, they can't claim benefits, they have nowhere to live. And their only means of survival is one £10 food voucher a week. ",guardian.co.uk,http://www.guardian.co.uk/uk/2010/jun/16/asylum-seekers-survive-on-streets
2010-06-16,16:21:28,cfisk,14,"Direct action gets the goods: Greek anarchists take over supermarket, burn money",youtube.com,http://www.youtube.com/watch?v=QoKyYKgaHZA
2010-06-16,21:04:20,cfl11,12,Cuba says preparing for BP oil spill,uk.reuters.com,http://uk.reuters.com/article/idUKN159671720100615?rpc=401&feedType=RSS&feedName=governmentFilingsNews
2010-06-17,05:47:08,cfr7w,10,The little-known story of Iran's other Neda Soltani and how a picture changed her life forever.,foreignpolicy.com,http://www.foreignpolicy.com/articles/2010/06/14/neda_lives?page=full
2010-06-17,00:41:55,cfng6,9,"EU Parliament Votes on Thursday: Joint motion for a resolution on the Israeli military operation against the humanitarian flotilla and the Gaza blockade - RC-B7-0345/2010 - """"",europarl.europa.eu,http://www.europarl.europa.eu/sides/getDoc.do?pubRef=-//EP//TEXT+MOTION+P7-RC-2010-0345+0+DOC+XML+V0//EN&language=EN
2010-06-17,03:56:57,cfpy0,11,IDF to charge soldier with killing two Palestinian women during Gaza war - Soldier suspected breaking rules of engagement by opening fire on 65-year-old woman and her daughter.,haaretz.com,http://www.haaretz.com/news/diplomacy-defense/idf-to-charge-soldier-with-killing-two-palestinian-women-during-gaza-war-1.296500
