2010-05-14,22:00:29,c41w9,702,Kabul rises again [pics],news.bbc.co.uk,http://news.bbc.co.uk/2/hi/south_asia/8676087.stm
2010-05-14,20:01:29,c40kn,155,Israeli settler 'kills Palestinian teenager' with a bullet in his back,english.aljazeera.net,http://english.aljazeera.net/news/middleeast/2010/05/20105147320276144.html
2010-05-14,15:23:54,c3xop,53,Can suicide bombers be funny?,news.bbc.co.uk,http://news.bbc.co.uk/2/hi/programmes/breakfast/8662493.stm
2010-05-14,19:38:30,c40ci,28,"Thai troops fire on redshirts as crisis escalates. One protester shot dead as thousands join Bangkok standoff, Photographer and journalist also shot in night of violence",guardian.co.uk,http://www.guardian.co.uk/world/2010/may/14/thai-troops-close-redshirt-protesters
2010-05-14,11:07:04,c3uvm,18,"Ten-year-old Dutch boy Ruben van Ashout will always be known as the ""lone survivor"" or ""miracle boy"" of the Afriqiyah Airways tragedy. But how do such survivors cope with life after all others have perished?",news.bbc.co.uk,http://news.bbc.co.uk/1/hi/world/africa/8680547.stm
2010-05-14,10:36:22,c3ukf,16,"Renegade Thai general shot in head, aide says",guardian.co.uk,http://www.guardian.co.uk/world/2010/may/13/gunfire-bangkok-redshirts?CMP=AFCYAH
2010-05-14,23:44:51,c43bb,15,Spanish judge who indicted Augusto Pinochet and Osama bin Laden was suspended for overstepping his jurisdiction in a probe of atrocities committed during and after Spain's ruinous civil war,google.com,http://www.google.com/hostednews/ap/article/ALeqM5gcZVM2hDtjORfElt4dGVZRobTZKwD9FMLKO83
2010-05-14,13:37:39,c3wk5,12,Leaked Russian document: Could Medvedev era tilt more pro-West?,csmonitor.com,http://www.csmonitor.com/World/Europe/2010/0513/Leaked-Russian-document-Could-Medvedev-era-tilt-more-pro-West
2010-05-14,18:49:35,c3zus,14,Bill Gates' cloud-whitening trials 'a dangerous experiment',guardian.co.uk,http://www.guardian.co.uk/environment/2010/may/14/bill-gates-cloud-whitening-dangerous
2010-05-14,08:51:49,c3tj1,14,"Fresh from Gulf disaster, BP urges Canadian legislators to drop regulations",trueslant.com,http://trueslant.com/allisonkilkenny/2010/05/13/fresh-from-gulf-disaster-bp-urges-canadian-legislators-to-drop-regulations/
2010-05-15,03:27:07,c46je,10,May 6 Meltdown trader identified,ritholtz.com,http://www.ritholtz.com/blog/2010/05/may-6th-meltdown-trader-identified-waddell-reed/
2010-05-15,00:46:17,c448e,11,"Fighting child sex trafficking in Tanzania: Poverty, broken families and social attitudes make it difficult to fight exploitation.",globalpost.com,http://www.globalpost.com/dispatch/africa/100326/child-sex-trafficking-tanzania
2010-05-14,23:51:33,c43eu,10,"For almost 400 years, the residents of Oberammergau have performed their world-famous Passion Play. But the play's avant-garde director, who is determined to erase traces of anti-Semitism from the piece, has left locals at odds over how to reconcile modern Christianity and tradition.",spiegel.de,"http://www.spiegel.de/international/zeitgeist/0,1518,694781,00.html"
2010-05-14,21:20:11,c41ec,10,Indonesia 'uncovers plot to kill president' and foreigners in a Mumbai style attack,news.bbc.co.uk,http://news.bbc.co.uk/2/hi/asia-pacific/8682822.stm
2010-05-14,22:42:35,c42g8,11,Regulators at the Minerals Management Service exempted 27 offshore drilling projects in the Gulf of Mexico from in-depth environmental analysis—after the Deepwater Horizon oil rig exploded. One of the exemptions went to BP. Deepwater Horizon had been exempted. ,propublica.org,http://www.propublica.org/ion/blog/item/oil-gulf-mexico-offshore-drilling-plans-regulators-categorical-exemption
2010-05-14,19:34:17,c40at,9,Japanese government blocks a ban on child pornography on the grounds that it would infringe individuals' freedom of expression,telegraph.co.uk,http://www.telegraph.co.uk/news/worldnews/asia/japan/7723418/Japanese-government-blocks-a-ban-on-child-pornography.html
2010-05-15,03:07:23,c469l,10,"US Pilots' Snapshots Reveal Extent of Germany's Post-War Devastation - In May 1945, US pilots embarked on hundreds of reconnaissance flights, aboard the same bombers which had razed much of Germany to the ground. Instead of launching bombs, however, they shot photographs...",spiegel.de,"http://www.spiegel.de/international/germany/0,1518,694779,00.html"
2010-05-14,13:17:32,c3wd2,9,Greek Economic Crisis: Turkish PM and delegation in Greece to discuss disarmament. Unprecedented talks on ceasing centuries of hostility. ,reuters.com,http://www.reuters.com/article/idUSTRE64C3O720100513
2010-05-14,09:30:51,c3tvk,5,"

Amnesty has condemned the executions in Iran of four Kurdish political activists and an Iranian man, all convicted of “moharebeh” (enmity against God).",ekklesia.co.uk,http://www.ekklesia.co.uk/node/12142
2010-05-15,04:14:18,c475q,6,Sick Businessman Lodges Physical Abuse Complaint Against Ryanair,corriere.it,http://www.corriere.it/International/english/articoli/2010/05/13/complaint_against_ryanair.shtml
2010-05-15,01:50:52,c4555,7,Former covert Israeli forces 'training Kurds in Iraq' ,guardian.co.uk,http://www.guardian.co.uk/world/2005/dec/02/iraq.israel
2010-05-15,03:46:55,c46su,7,"India diverts funds from poor to pay for Delhi games

",news.bbc.co.uk,http://news.bbc.co.uk/2/hi/south_asia/8683412.stm
2010-05-14,11:42:08,c3v9z,7,"Portugal to hike taxes, cut wages in austerity drive",reuters.com,http://www.reuters.com/article/idUSLDE64C0WC20100513
2010-05-15,00:34:04,c4427,6,Iraqi election commission finds no fraud in the country's election,reuters.com,http://www.reuters.com/article/idUSTRE64D3Y220100514?feedType=RSS&feedName=topNews&utm_source=feedburner&utm_medium=feed&utm_campaign=Feed%3A+reuters%2FtopNews+%28News+%2F+US+%2F+Top+News%29
2010-05-14,22:06:21,c41ye,6,"Bomb explodes inside Greek courthouse, 1 wounded",msnbc.msn.com,http://www.msnbc.msn.com/id/37146520/ns/world_news-europe/
2010-05-14,23:57:07,c43ib,4,The Earth is shaking because that bed is rocking!,news.yahoo.com,http://news.yahoo.com/s/ap/20100514/ap_on_re_mi_ea/ml_iran_earthquakes
2010-05-14,11:39:43,c3v95,6,Thai General Shot; Army Moves to Face Protesters,nytimes.com,http://www.nytimes.com/2010/05/14/world/asia/14thai.html?src=me
2010-05-14,17:47:22,c3z8f,4,Britain shuts embassy as Bangkok fears mount,independent.co.uk,http://www.independent.co.uk/news/world/asia/britain-shuts-embassy-as-bangkok-fears-mount-1973349.html
2010-05-14,13:12:27,c3waw,3,Peru town hit by 2007 quake still under rubble,edition.cnn.com,http://edition.cnn.com/2010/WORLD/americas/05/12/peru.pisco.quake.aftermath/index.html?hpt=C2
2010-05-14,22:06:06,c41yb,3,How would a 'World Reserve Bank' work?,self.worldnews,https://www.reddit.com/r/worldnews/comments/c41yb/how_would_a_world_reserve_bank_work/
