2010-05-15,14:01:23,c4cr8,550,Remember that plane crash that killed off the Polish government? Russia refuses to turn over the Polish jet's black boxes. ,washingtontimes.com,http://www.washingtontimes.com/news/2010/may/13/inside-the-ring-86422687/print/
2010-05-15,02:55:20,c463b,217,beautifully shot time lapse footage of the volcano is iceland.,vimeo.com,http://vimeo.com/11673745
2010-05-15,17:41:26,c4ek0,121,The love story begins [pic],ihwsports.com,http://ihwsports.com/cached/seven-signs-he-s-you57.htm
2010-05-15,09:57:48,c4apy,89,Google has admitted that for the past three years it has wrongly collected information people have sent over unencrypted wi-fi networks.,news.bbc.co.uk,http://news.bbc.co.uk/2/hi/technology/8684110.stm
2010-05-16,07:34:38,c4lfw,58,Mexican Head of Political Party PAN tweets that ex Presidential Candidate Diego Fernandez de C's body has been found in a military camp (translated)  ,translate.google.com,http://translate.google.com/translate?js=y&prev=_t&hl=en&ie=UTF-8&layout=1&eotf=1&u=http%3A%2F%2Fwww.eluniversal.com.mx%2Fnotas%2F680630.html&sl=auto&tl=en
2010-05-15,15:14:42,c4ded,58,16 year old Jessica Watson completes her solo circumnavigation,theage.com.au,http://www.theage.com.au/national/jessica-receives-a-heros-welcome-20100515-v54u.html
2010-05-15,08:09:33,c49p6,52,USSR planned nuclear attack on China in 1969,telegraph.co.uk,http://www.telegraph.co.uk/news/worldnews/asia/china/7720461/USSR-planned-nuclear-attack-on-China-in-1969.html
2010-05-15,12:08:38,c4bv6,25,"Turkish article on Greek crisis: ""The core problem (in Greece) seems to be the delusion that most socialists seem to believe: that governments have unlimited wealth, and the only matter is how hard can you press them to distribute it?""",hurriyetdailynews.com,http://www.hurriyetdailynews.com/n.php?n=more-socialism-will-not-save-greece-2010-05-14
2010-05-15,16:58:29,c4e7g,26,"Jewish settlers shoot dead Palestinian youth.  The body of a Palestinian teenager was found in the occupied West Bank on Friday, and Palestinian police and witnesses said he had been shot dead by Jewish settlers after he threw rocks at their car.",reuters.com,http://www.reuters.com/article/idUSTRE64D4XW20100514
2010-05-15,20:47:03,c4fxu,18,Bangkok bloodshed: 'Live fire zone' declared,edition.cnn.com,http://edition.cnn.com/2010/WORLD/asiapcf/05/15/thailand.anti-government.protests/
2010-05-16,01:44:18,c4if1,20,Roman Polanski accused of sexually assaulting British actress when she was 16 ,timesonline.co.uk,http://www.timesonline.co.uk/tol/news/world/us_and_americas/article7127164.ece
2010-05-16,04:07:55,c4jrs,18,Racial tensions mount in Greece: Greek economic crisis accelerates clashes between immigrants and locals.,globalpost.com,http://www.globalpost.com/dispatch/europe/100514/greece-immigration-economy-panteleimon
2010-05-15,17:26:25,c4efj,18,UK politician who was mocked on Reddit for thinking IP stood for intellectual protocol is stabbed in the stomach by 21-year-old woman wearing an orange headscarf and veil,thesun.co.uk,http://www.thesun.co.uk/sol/homepage/news/2974203/Stephen-Timms-MP-is-stabbed-at-constituency-surgery-in-East-London.html
2010-05-15,03:14:41,c46cu,15,Hugo Chávez's Government: The Wrecking Of Venezuela - Venezuelans are starting to fall out of love with their president. Will they be allowed to vote him out of power?,economist.com,http://www.economist.com/opinion/displayStory.cfm?story_id=16109302&source=hptextfeature
2010-05-15,08:16:48,c49rn,12,Turkey positions missiles to repulse Israeli aerial incursions,uruknet.com,http://uruknet.com/?p=m65977&hd=&size=1&l=e
2010-05-15,08:09:21,c49p3,14,"  Banknote Of Ill-Repute  -  
British police ban €500 note, used almost exclusively for money-laundering. ""You can swallow €150,000 in €500 notes, or hide €20,000 of them a cigarette packet""
",independent.co.uk,http://www.independent.co.uk/news/uk/crime/goodbye-to-the-note-of-illrepute-1972192.html
2010-05-15,21:24:44,c4g71,10,"Don't worry about that pesky oil spill in the Gulf of Mexico, it's ""relatively tiny"" - Tony Hayward, BP CEO",huffingtonpost.com,http://www.huffingtonpost.com/2010/05/14/bp-ceo-gulf-oil-spill-rel_n_576215.html
2010-05-15,09:27:59,c4af1,12,Japan sinks (even) lower on gender discrimination report,csmonitor.com,http://www.csmonitor.com/World/Asia-Pacific/2010/0511/Japan-sinks-even-lower-on-gender-discrimination-report
2010-05-16,07:34:25,c4lfr,13,Iran's Homeless Dissidents - Asylum Requests Still Pending a Year after the Green Revolution,spiegel.de,"http://www.spiegel.de/international/world/0,1518,694367,00.html"
2010-05-16,07:47:59,c4lj8,10,What happens to the Iraqis that work for the United States after the U.S. leaves?,newyorker.com,http://www.newyorker.com/online/blogs/georgepacker/2010/05/the-clocks-are-ticking.html
2010-05-16,03:09:18,c4j8o,8,Ahmadinejad 'backs Brazil plan for nuclear fuel swap',news.yahoo.com,http://news.yahoo.com/s/afp/20100505/wl_mideast_afp/irannuclearpoliticsbrazil_20100505100247
2010-05-16,05:10:30,c4kac,11,Former Mexican presidential candidate kidnapped,wireupdate.com,http://wireupdate.com/wires/4275/former-mexican-presidential-candidate-kidnapped-in-queretaro-state/
2010-05-16,01:28:14,c4ia1,6,US Embassy warns against any travel to Bangkok,alertnet.org,http://www.alertnet.org/thenews/newsdesk/SGE64E02R.htm
2010-05-16,03:15:36,c4jay,7,A Russian-Uzbek challenge to the US ,atimes.com,http://www.atimes.com/atimes/Central_Asia/LD23Ag02.html
2010-05-16,04:54:23,c4k5s,6,"bangkok street fighting continues, death toll mounts.",voanews.com,http://www1.voanews.com/english/news/asia/Bangkok-Street-Fighting-Continues-Death-Toll-Mounts-93846469.html
2010-05-15,10:47:53,c4b5b,6,Sarkozy threatened to quit euro in showdown with Germany,eubusiness.com,http://www.eubusiness.com/news-eu/france-germany-euro.4p7
2010-05-15,13:25:34,c4chi,3,"28 on a bus electrocuted in India,all dead,were carrying a steel cupboard which touched a live wire.",ndtv.com,http://www.ndtv.com/news/india/twenty-on-a-bus-electrocuted-in-madhya-pradesh-25558.php?u=1634
2010-05-15,16:57:20,c4e7a,3,"Fighting spreads in Thai capital, 16 dead.  Thai troops fired at protesters on Saturday in a third day of fighting on Bangkok's streets that has killed 16 people as soldiers struggle to isolate a sprawling encampment of demonstrators seeking to topple the government.
",reuters.com,http://www.reuters.com/article/idUSTRE64C0L620100515
2010-05-16,04:28:49,c4jyq,3,Russia plans to open naval bases in Ukraine in response to NATO's eastward expansion,globalresearch.ca,http://globalresearch.ca/index.php?context=va&aid=19164
2010-05-16,01:12:59,c4i4i,3,Palestinians turn to boycott in West Bank,washingtonpost.com,http://www.washingtonpost.com/wp-dyn/content/article/2010/05/15/AR2010051501492.html
