2010-11-29,23:13:30,edchi,1871,The hypocrisy of the media attack on Wikileaks - The traditional media has become so toothless it is reduced to attacking Wikileaks for doing its job properly.,politics.co.uk,http://www.politics.co.uk/comment/culture-media-and-sport/comment-the-hypocrisy-of-the-media-attack-on-wikileaks-$21385948.htm
2010-11-29,02:15:08,ecxdk,1238,Wikileaks cable leak: Guardian,guardian.co.uk,http://www.guardian.co.uk/world/2010/nov/28/us-embassy-cable-leak-diplomacy-crisis
2010-11-29,08:59:49,ed2in,966,WikiLeaks asked the US for help redacting potentially injurious information.  The US refused.,indexoncensorship.org,http://www.indexoncensorship.org/2010/11/wikileaks-and-state-department-correspondence/
2010-11-29,18:50:54,ed9n2,674,"""Defense Minister Kim Tae-young said Monday [November 29, 2010] that fighter jets and warships of South Korean and U.S. forces will immediately strike North Korean targets should the North launch an attack on the South's soil again.""",koreatimes.co.kr,http://www.koreatimes.co.kr/www/news/nation/2010/11/113_77157.html
2010-11-29,06:38:25,ed0qr,624,"Inside North Korea - exclusive footage  -  video obtained exclusively by The Sunday Telegraph shows harrowing images of emaciated, fearful North Koreans suffering from food shortages and government oppression.",telegraph.co.uk,http://www.telegraph.co.uk/news/newsvideo/8113817/Inside-North-Korea-exclusive-footage.html
2010-11-29,09:28:39,ed2w8,347,WikiLeaks: Red Crescent (Red Cross) smuggled weapons for Iran in Lebanon,ynetnews.com,"http://www.ynetnews.com/articles/0,7340,L-3991099,00.html"
2010-11-29,05:36:39,eczyi,334,Among the more epic stories out of the wikileaks cables - 75 year-old American escaped Iran riding a horse over a freezing Turkish mountain range,guardian.co.uk,http://www.guardian.co.uk/world/2010/nov/28/american-escape-iran-horse-turkey
2010-11-29,03:58:15,ecyrp,297,"The job of the media is not to protect power from embarrassment - It is for governments – not journalists – to guard public secrets, and there is no national jeopardy in WikiLeaks' revelations.
",guardian.co.uk,http://www.guardian.co.uk/commentisfree/2010/nov/28/us-embassy-cables-wikileaks
2010-11-29,02:26:33,ecxja,219,Wikileaks: NY Times release,nytimes.com,http://www.nytimes.com/interactive/world/statessecrets.html
2010-11-29,23:35:28,edctn,174,Survey: More than one third of South African men admit to having committed rape. That is all.,news.yahoo.com,http://news.yahoo.com/s/ap/20101126/ap_on_re_af/af_south_africa_rape
2010-11-29,21:23:12,edb1l,119,"""South Korea's President, Lee Myung-bak, has taken responsibility for failing to protect the country and said the South would abandon its longstanding policy of not responding militarily to the North's hostile acts.""",smh.com.au,http://www.smh.com.au/world/no-more-tolerance-says-south-korean-leader-20101129-18e18.html
2010-11-29,18:21:43,ed9cr,113,BBC News - Iran nuclear scientist killed in bomb attack,bbc.co.uk,http://www.bbc.co.uk/news/world-middle-east-11860928
2010-11-29,03:42:04,ecyjw,100,"Wikileaks: US says Berlusconi is ""feckless, vain, and ineffective as a modern European leader"". Surely not",guardian.co.uk,http://www.guardian.co.uk/world/2010/nov/28/wikileaks-us-embassy-cables
2010-11-29,13:05:27,ed5xm,99,"Am I the only one surprised by the fact that the Prime Minister of Turkey is beating Jon Stewart, Stephen Colbert, and Julian Assange for Person of the Year?",time.com,"http://www.time.com/time/specials/packages/article/0,28804,2028734_2029036_2029037,00.html"
2010-11-29,09:14:01,ed2on,90,"Europe OKs $112.53 billion Ireland bailout
",marketwatch.com,http://www.marketwatch.com/story/ireland-bailout-deal-near-reports-2010-11-28
2010-11-30,06:30:04,edk6v,82,WikiLeaks: Ayatollah Khameni has terminal cancer,telegraph.co.uk,http://www.telegraph.co.uk/news/worldnews/middleeast/iran/8168672/WikiLeaks-Ayatollah-Khameni-has-terminal-cancer.html
2010-11-29,15:45:21,ed7ye,75,"Iranian nuclear scientist was killed and another injured when they and their wives were attacked by ""terrorists""",uk.news.yahoo.com,http://uk.news.yahoo.com/18/20101129/twl-iran-nuclear-scientist-killed-anothe-3cd7efd.html
2010-11-29,20:39:56,edamq,73,"Asia Bibi, a Christian, has been sentenced to death after falling foul of the Pakistan's blasphemy law",guardian.co.uk,http://www.guardian.co.uk/world/2010/nov/29/pakistan-mother-charged-insulting-islam
2010-11-30,01:26:28,edepv,64,Rio's drug war [pics],boston.com,http://www.boston.com/bigpicture/2010/11/rios_drug_war.html
2010-11-30,00:45:01,eddzb,54,"France: Wikileaks Threatens Democracy - ""Authority and democratic sovereignty are threatened by such practices,"" Francois Baroin said of the WikiLeaks release of classified U.S. documents. ""If there was such a thing as a French WikiLeaks, we would have to be inflexible (in dealing with it).""",reuters.com,http://www.reuters.com/article/idUSTRE6AS1VL20101129
2010-11-29,23:15:05,edcih,48,Canadian Forces have for four years captured children accused of co-operating with the Taliban and transferred them to notorious Afghan security unit suspected of torture,theglobeandmail.com,http://www.theglobeandmail.com/news/national/canadians-handed-children-over-to-notorious-afghan-security-cbc-reports/article1816750/
2010-11-29,12:50:35,ed5pu,40,Sarkozy's war on journalism - Is the French government resorting to increasingly repressive measures to silence the press?,english.aljazeera.net,http://english.aljazeera.net/indepth/2010/11/2010112613931387798.html
2010-11-29,12:13:50,ed572,35,"China Makes Urgent Announcement: Calls For Emergency Six Nation Consultation On Korean Crisis, Says US/ROK Exercises “Bringing War” to Peninsula",beforeitsnews.com,"http://beforeitsnews.com/story/284/235/China_Urgent_Call_for_Six-Party_Talks_on_Korean_Situation,_Says_ROK-U.S._Joint_Exercises_Bringing_War_to_Korean_Peninsula.html"
2010-11-29,23:03:10,edcc4,36,"A Caucasus Wedding - 
William Burns | US Govt/Wikileaks | 
Shrewd, funny, informative account of big-money wedding in Russian Caucasus, from America's then-ambassador in Moscow. Much drinking. Many guns. Guests include Ramzan Kadyrov, Chechen president",cablegate.wikileaks.org,http://cablegate.wikileaks.org/cable/2006/08/06MOSCOW9533.html
2010-11-29,16:18:10,ed88g,27,Sweden loans €600 million to Ireland -- FinMin: “We are a small country that is very dependant on the outside world so it is in our best interest to contribute.”,swedishwire.com,http://www.swedishwire.com/economy/7398-sweden-loans-600-million-to-ireland
2010-11-29,17:18:43,ed8ro,26,WikiLeaks: Iran 'obtains North Korea missiles which can strike Europe',telegraph.co.uk,http://www.telegraph.co.uk/news/worldnews/8166848/WikiLeaks-Iran-obtains-North-Korea-missiles-which-can-strike-Europe.html
2010-11-30,04:30:38,edi6u,24,Ahmadinejad Confirms Iran Centrifuges Hurt by Malicious Software,bloomberg.com,http://www.bloomberg.com/news/2010-11-29/ahmadinejad-confirms-several-iran-centrifuges-affected-by-computer-virus.html
2010-11-30,00:07:15,eddb0,25,"NYT editors said Sunday that although the paper's reporters had been digging through WikiLeaks trove of 250,000 cables for ""several weeks,"" the online whistleblower wasn't the source of the documents. British law ""might have stopped us [The Guardian] through injunctions if we were on our own.""",news.yahoo.com,http://news.yahoo.com/s/yblog_thecutline/20101129/ts_yblog_thecutline/guardian-editor-says-they-gave-cables-to-the-ny-times
2010-11-29,13:42:24,ed6fn,22,Israel approves African migrant detention camp,irishtimes.com,http://www.irishtimes.com/newspaper/world/2010/1129/1224284370678.html
2010-11-29,23:50:18,edd0e,21,5 Biggest Revelations of WikiLeaks Release,theatlanticwire.com,http://www.theatlanticwire.com/opinions/view/opinion/5-Biggest-Revelations-of-WikiLeaks-Release-5954
