2010-11-09,15:19:31,e3coz,83,"Don't know if you noticed already, but there is some heavy anti-nuclear protest going on in Germany this weekend. (50.000+ protesters)",spiegel.de,"http://www.spiegel.de/international/germany/0,1518,727887,00.html"
2010-11-09,20:24:14,e3fed,77,World Bank head calls for monetary system linked to gold.,wsws.org,http://www.wsws.org/articles/2010/nov2010/pers-n09.shtml
2010-11-10,00:51:28,e3jeb,69,EU condemns Israeli building in east Jerusalem,mail.com,http://www.mail.com/intl/Article.aspx/world/middleeast/APNews/Middle-East/20101109/U_ML-Israel-Palestinians?pageid=1
2010-11-09,00:28:39,e2yyo,64,"Muslim woman has her veil torn off by French extremist in Paris in first recorded case of ""Burka rage""",mirror.co.uk,http://www.mirror.co.uk/news/top-stories/2010/11/05/woman-jailed-for-burka-rage-115875-22693464/
2010-11-09,09:07:55,e37hw,38,"UK English still rules the World, contrary to popular believe over American English according to International Study",improveenglishonline.com,http://improveenglishonline.com/blogs/uk-english-still-rules-world
2010-11-10,06:36:36,e3piz,38,"EU-India free trade agreement threatens access to HIV drugs - The EU is ""pushing for data exclusivity, which means Indian generics manufacturers would no longer be able to use existing studies to make identical drugs""",plusnews.org,http://www.plusnews.org/Report.aspx?ReportId=91030
2010-11-09,08:42:10,e373m,41,EU new data strategy will give consumers the “right to be forgotten” – to ask for your data to be completely removed once it has served its original purpose. Dateline 15 January 2011 for your comments to proposed legislation,ec.europa.eu,http://ec.europa.eu/news/justice/101105_en.htm
2010-11-09,08:35:00,e370e,36,"Ireland slowly locates its ""disappeared"": The body of a man killed by the IRA in 1973 is found buried on a beach",globalpost.com,http://www.globalpost.com/dispatch/ireland/101108/northern-ireland-slowly-locates-its-disappeared
2010-11-09,20:21:32,e3fd4,32,Update on the Hungarian midwife facing five years in Hungarian prison for championing home births,caboodle.hu,http://www.caboodle.hu/nc/news/news_archive/single_page/article/11/court_rules-3/
2010-11-09,14:52:47,e3cdl,31,"30,000 Dutch households to receive marijuana-scented scratch cards in a bid to uncover illegal urban cannabis plantations",bbc.co.uk,http://www.bbc.co.uk/news/world-europe-11714714
2010-11-10,02:56:29,e3lov,26,"Sweden to probe U.S. surveillance: 
U.S. embassy had a surveillance system in place since 2000.",rawstory.com,http://www.rawstory.com/rs/2010/11/sweden-opens-probe-embassy-surveillance/
2010-11-10,07:20:19,e3q7v,24,"An article about the aspects of criticizing Israel in Germany: Kristallnacht commemorations in Germany will include a speech by Alfred Grosser, a prominent Franco-German intellectual who escaped the Nazi regime in 1933 and has become a critic of Israel sparking Jewish ire",csmonitor.com,http://www.csmonitor.com/World/Europe/2010/1109/Kristallnacht-anniversary-Controversial-Jewish-speaker-sparks-Jewish-ire-in-Germany
2010-11-10,07:14:28,e3q50,23,EU threatens to block Chinese bids for public contracts - The European Union will block access for Chinese companies bidding for publicly funded contracts unless businesses from Europe get the same access in China,telegraph.co.uk,http://www.telegraph.co.uk/finance/china-business/8120564/EU-threatens-to-block-Chinese-bids-for-public-contracts.html
2010-11-09,17:26:46,e3duw,23,"Mexico, drug war: Extreme violence causing widespread social problems",latimes.com,"http://www.latimes.com/news/nationworld/world/la-fg-mexico-depravity-20101109,0,5270636.story"
2010-11-10,01:04:23,e3jnu,21,"France has offered to grant asylum to 150 Iraqi Christians, including those wounded in church attack.",english.aljazeera.net,http://english.aljazeera.net/news/europe/2010/11/201011884743146470.html
2010-11-10,05:00:57,e3nyb,19,"First lady’s handshake with conservative Muslim raises Indonesian eyebrows
",news.yahoo.com,http://news.yahoo.com/s/yblog_upshot/20101109/pl_yblog_upshot/first-ladys-handshake-with-conservative-indonesian-muslim-raises-eyebrows
2010-11-09,10:18:56,e38j9,20,Kim Jong-Un promoted to North Korean #2 position following death of National Defence Commission vice chairman.,stuff.co.nz,http://www.stuff.co.nz/marlborough-express/news/world-news/4325352/Kim-Jong-un-rises-again-in-North-Korea
2010-11-10,07:30:14,e3qdq,17,Lesbian couple in Australia banned from high school formal,smh.com.au,http://www.smh.com.au/national/education/girls-interrupted-samesex-couple-banned-from-ball-20101109-17m29.html
2010-11-09,23:47:42,e3i9r,20,Cruise ship stranded without power after fire,cnn.com,http://www.cnn.com/2010/TRAVEL/11/09/cruise.ship/index.html
2010-11-10,07:24:56,e3qav,21,"The actual shock of losing everything and having to build yourself up again has occupied people's energies for a very long time. Now, it's time to reclaim our history, our culture, our towns, our architecture, our geography before the Israelis demolish everything.
",electronicintifada.net,http://electronicintifada.net/v2/article11617.shtml
2010-11-09,11:19:46,e39h8,16,"A Swiss proposal to automatically expel criminal foreigners appears to have the backing of a majority, six weeks ahead of nationwide ballot on the issue.",swissinfo.ch,"http://www.swissinfo.ch/eng/Specials/Vote_2010-11-28/News/Anti-foreign_criminal_drive_popular,_poll_says.html?cid=28606472"
2010-11-09,21:59:11,e3gij,12,600 People Arrested For Opposing Nuclear Plant In India,circleof13.blogspot.com,http://circleof13.blogspot.com/2010/11/600-people-arrested-in-india-for.html?utm_source=feedburner&utm_medium=email&utm_campaign=Feed%3A+CircleOf13+%28Circle+of+13%29
2010-11-10,01:06:44,e3jpf,10,"Sri Lanka launches porn star man-hunt - Sri Lankan have newspapers published pictures of people police said had acted in locally produced pornographic films, part of a court-ordered crackdown and the latest sign of growing social conservatism.",abc.net.au,http://www.abc.net.au/news/stories/2010/11/10/3061916.htm
2010-11-10,00:57:17,e3jir,9,"Report: 1,000 Wild Tigers Killed in Last Decade - CBS News",cbsnews.com,http://www.cbsnews.com/stories/2010/11/09/tech/main7037377.shtml
2010-11-10,03:52:07,e3mp8,9,"The Middle East's only democracy?! ""[Israeli] Supreme Court okays Jewish-only buildings in Jaffa.""",haaretz.com,http://www.haaretz.com/print-edition/news/supreme-court-okays-jewish-only-buildings-in-jaffa-1.323474?localLinksEnabled=false&utm_source=
2010-11-10,07:00:16,e3pwt,8,Former German Chancellor:  Bush is lying in his memoirs about Iraq,vancouversun.com,http://www.vancouversun.com/news/Bush+telling+truth+memoirs+Germany+Schroeder/3801490/story.html
2010-11-10,06:20:18,e3p9x,7,This person used to be my music teacher. How do people with such evident mental issues manage to be hired by schools?,thestar.co.uk,http://www.thestar.co.uk/headlines/Paedophile-lies-of-teacher-with.6616629.jp
2010-11-09,12:41:50,e3ans,8,"Will Berlusconi Get the Boot? The Italian prime minister is infamous for his bad behavior, but his latest antics—including a bizarre underwater orgy ritual—have alienated even his allies.",thedailybeast.com,http://www.thedailybeast.com/blogs-and-stories/2010-11-07/silvio-berlusconis-bunga-bunga-parties/
2010-11-09,21:03:19,e3fsq,8,Natural History Museum expedition 'poses genocide threat' to Paraguay tribes,guardian.co.uk,http://www.guardian.co.uk/world/2010/nov/08/natural-history-museum-paraguay-tribes
2010-11-10,02:54:00,e3ln5,7,"10,000 bodies found in Colombia: 
Astonishing number of unidentified corpses discovered by tribunal.",colombiareports.com,http://colombiareports.com/colombia-news/news/12793-10000-unidentified-bodies.html
