2010-07-17,07:58:20,cqh00,111,Woman Arrested at G20 for “Assaulting” Cop with Bubbles,youtube.com,http://www.youtube.com/watch?v=PGMTm3QRwEc&feature=player_embedded
2010-07-17,00:52:05,cqbz8,66,"Israel's foreign minister wants to hand Gaza responsibility to International Forces and to lift blockade entirely: Turning it into a fully ""separate"" and ""independent"" entity",ynetnews.com,"http://www.ynetnews.com/articles/0,7340,L-3920724,00.html"
2010-07-17,05:15:58,cqfbi,45,THE SINGAPORE SOLUTION. How did a sleepy little island transform into a high-tech powerhouse in one generation? It was all in the plan.,ngm.nationalgeographic.com,http://ngm.nationalgeographic.com/2010/01/singapore/jacobson-text
2010-07-17,00:11:14,cqbg7,33,"Africa has more Serial-Killers than U.S. and Europe - Given to ritual murders and a sedentary lifestyle, African serial killers are quite peculiar.",afrik-news.com,http://www.afrik-news.com/article17961.html
2010-07-17,06:03:37,cqfvi,31,"Parents who fail to help an obese child eat and exercise could be guilty of neglect, experts say",smh.com.au,http://www.smh.com.au/world/put-obese-children-into-care-say-experts-20100716-10e80.html
2010-07-16,18:28:58,cq8b5,29,British PM David Cameron is opening up the Shetland Isles to deep-sea drilling,independent.co.uk,http://www.independent.co.uk/opinion/commentators/johann-hari/johann-hari-now-cameron-jilts-the-environment-2027550.html
2010-07-17,00:06:25,cqbef,28,"Time Magazine: US-Israeli Attack On Iran Back On The Table - ""There really wasn't a military option a year ago,"" an Israeli military source told me. ""But they've gotten serious about the planning, and the option is real now."" Israel has been brought into the planning process...",time.com,"http://www.time.com/time/nation/article/0,8599,2003921,00.html"
2010-07-17,04:56:45,cqf3g,19,"Having multiple husbands has been practiced here for centuries, but in a single generation it has all but vanished.",nytimes.com,http://www.nytimes.com/2010/07/17/world/asia/17polyandry.html
2010-07-16,14:44:25,cq6k2,20,"Scores of Russians have died in the past few weeks 
because of drinking too much vodka during a 
record-setting heatwave.  When I'm thirsty, the 
first thing I also want is vodka.",bbc.co.uk,http://www.bbc.co.uk/news/world-europe-10646106
2010-07-17,00:17:21,cqbj2,25,"Chomsky: Is the U.S. Gearing Up for the Destruction of Iran? - Iran sits at the top of US concerns about keeping control of Middle East oil-producing regions, preparing for serious violence if other means do not suffice.",alternet.org,http://www.alternet.org/world/147572/chomsky%3A_is_the_u.s._gearing_up_for_the_destruction_of_iran/
2010-07-16,22:44:19,cqaed,20,"The Murder of Natalya Estemirova -  Medvedev told  Angela Merkel that investigators have identified and are hunting for the killer of human rights activists Natalya Estemirova. Many, though, think he's wrong. For one, the primary suspect is dead. For another, no one believes he did it.",spiegel.de,"http://www.spiegel.de/international/europe/0,1518,706854,00.html"
2010-07-16,12:23:21,cq5e4,18,How would you fight against traffic hooligans in Russia?,youtube.com,http://www.youtube.com/watch?v=6FHXNBs-qWg
2010-07-16,22:06:11,cqa1h,14,"Vatican declares ordination of women a ""grave crime"" same as sex abuse",bbc.co.uk,http://www.bbc.co.uk/news/uk-10658162
2010-07-17,01:14:16,cqc9q,12,Free Mexico honeymoon for first Argentine gay newly-weds - Mexico City has offered a free honeymoon to the first gay couple to marry in Argentina under a new law.,bbc.co.uk,http://www.bbc.co.uk/news/world-latin-america-10658300
2010-07-16,10:59:00,cq4m5,15,"Osama bin Laden is alive, says son Omar",english.manoramaonline.com,http://english.manoramaonline.com/cgi-bin/MMOnline.dll/portal/ep/contentView.do?contentType=EDITORIAL&channelId=-1073753405&programId=1073750974&contentId=7549901&tabId=1&BV_ID=@@@
2010-07-16,22:09:13,cqa2n,12,Making Way for the Pipeline; A Treasure Trove in the Baltic Sea,spiegel.de,"http://www.spiegel.de/international/europe/0,1518,706704,00.html"
2010-07-17,06:40:36,cqgaw,12,"Uganda Wants Its 'Peacekeeping' Troops To Launch Military Offensive In Somalia - ""We are now going to go on the offensive and get these people,"" [Pres. Yoweri Museveni] said. Al-Shabab said the attacks had avenged the indiscriminate shelling of civilians by peacekeepers in Mogadishu. ",timeslive.co.za,http://www.timeslive.co.za/africa/article553288.ece/Uganda-aims-to-hit-back
2010-07-16,20:15:06,cq945,9,Death sentence for Israeli spy in Lebanon,arabamericannews.com,http://www.arabamericannews.com/news/index.php?mod=article&cat=Lebanon&article=3227
2010-07-17,01:54:43,cqcsj,9,Sunni Terrorist Group Strikes in Iran Killing 27,news.yahoo.com,http://news.yahoo.com/s/ap/20100716/ap_on_re_mi_ea/ml_iran_explosions
2010-07-17,04:37:48,cqevr,9,U.S. Says Scientist Was a C.I.A. Informant While Still in Iran ,nytimes.com,http://www.nytimes.com/2010/07/17/world/middleeast/17iran.html?ref=world
2010-07-16,23:59:36,cqbbu,7,"Aussie War Chief Explains Rationale For Afghan War: ""We have clearly defined goals...: to deny sanctuary to terrorists, to help stabilise Afghanistan and to support our alliance with the United States,"" he said.",abc.net.au,http://www.abc.net.au/news/stories/2010/07/16/2956228.htm
2010-07-16,23:48:54,cqb6f,9,"Red Sea: the other oil spill -- As BP caps Gulf Coast leak, Egypt wrestles with response to its own spill.",globalpost.com,http://www.globalpost.com/dispatch/egypt/100715/red-sea-the-other-oil-spill
2010-07-17,04:40:32,cqewl,8,British Government Says Release of Abdelbaset al-Megrahi was a mistake,guardian.co.uk,http://www.guardian.co.uk/world/2010/jul/16/release-abdelbaset-al-megrahi-mistake
2010-07-16,21:09:35,cq9j3,8,"On Goldman Sachs' $550m fine: ""The giant vampire squid carries on vampiring""",blogs.independent.co.uk,http://blogs.independent.co.uk/2010/07/16/too-late-for-bp-too-little-for-goldmans/
2010-07-16,09:14:58,cq3on,9,Twin Suicide Bombings Kill 20 in Southeast Iran - Sunni Muslim militant group Jundallah attack mosque as Shi'ites celebrated the birthday of the Prophet Muhammad's grandson,voanews.com,http://www1.voanews.com/english/news/Explosions-Outside-Mosque-in-Southeastern-Iran-98530969.html
2010-07-16,22:06:53,cqa1p,8,June heat wave sets global record,theglobeandmail.com,http://www.theglobeandmail.com/news/world/june-heat-wave-sets-global-record/article1642153/
2010-07-16,15:13:43,cq6tx,5,Sponsor of Flotilla Tied to Elite of Turkey - NYTimes.com,nytimes.com,http://www.nytimes.com/2010/07/16/world/middleeast/16turkey.html?_r=2&hp
2010-07-17,04:33:39,cqeu4,6,"Pressure rising in cap at BP's undersea well, a positive sign",cnn.com,http://www.cnn.com/2010/US/07/16/gulf.oil.disaster/index.html?hpt=T2
2010-07-16,22:36:29,cqabo,6,"More than 5,000 people have been arrested across Asia as part of a World Cup operation against illegal gambling",bbc.co.uk,http://www.bbc.co.uk/news/world-asia-pacific-10660322
2010-07-17,07:04:32,cqgim,6,"Will America Use Uganda Tragedy To Expand Military Ops In Africa? As it often happens, the U.S. offers condolences and expresses sadness, and then it slowly turns and transforms suffering and tragedies into military campaigns.",article.wn.com,http://article.wn.com/view/2010/07/16/AFRICOM_and_Ugandas_Dance_with_Death/
