2010-03-19,03:25:46,bf5dw,168,"UK - The Lib Dems would restore people's right to privacy which has been ""trampled"" on by the government, party leader Nick Clegg is to say.",news.bbc.co.uk,http://news.bbc.co.uk/1/hi/uk_politics/8574926.stm
2010-03-19,03:03:13,bf527,132,"In Thailand, a populist political party wins by a landslide . As PM, the party’s leader enacts policies that halve poverty. The established elites fight back, eventually staging a military coop. “We had to stop democracy to save democracy,” they say. ",lrb.co.uk,http://www.lrb.co.uk/v32/n06/joshua-kurlantzick/red-v-yellow??
2010-03-18,23:46:35,bf266,84,"Social Immobility: Report finds the U.S. ranking well below Denmark, Australia, Norway, Finland, Canada, Sweden, Germany and Spain in terms of how freely citizens move up or down the social ladder.",huffingtonpost.com,http://www.huffingtonpost.com/2010/03/17/social-immobility-climbin_n_501788.html
2010-03-19,05:10:42,bf6qn,68,A 29-year-old tourist from the Philippines has spent five days in custody after Australian Customs officials mistook iced tea for drugs.,abc.net.au,http://www.abc.net.au/news/stories/2010/03/18/2849535.htm
2010-03-18,19:53:12,beyou,70,Should flight attendants be allowed to refuse to fly with a pilot they believe to be suicidally depressed?,ottawacitizen.com,http://www.ottawacitizen.com/news/Crew+feared+suicidal+pilot+court+told/2695435/story.html
2010-03-19,02:50:26,bf4w6,59,Irish Catholic church paid child sex abuse victim to keep quiet,guardian.co.uk,http://www.guardian.co.uk/world/2010/mar/18/irish-catholic-church-child-abuse
2010-03-18,15:32:03,bevye,57,Palestine names street after Rachel Corrie,morningstaronline.co.uk,http://www.morningstaronline.co.uk/index.php/news/content/view/full/88064
2010-03-19,02:12:53,bf4eq,47,Finally - Irelands most corrupt banker arrested. ,independent.ie,http://www.independent.ie/business/irish/former-anglo-chief-fitzpatrick-arrested-by-fraud-squad-2103443.html
2010-03-18,13:24:45,beumh,46,Adolf Hitler widely admired in Pakistan.,spiegel.de,"http://www.spiegel.de/international/zeitgeist/0,1518,683966,00.html"
2010-03-18,21:39:55,bf04q,45,"Gaza fires rockets at civillians in Southern Israel, kills kibbutz worker",haaretz.com,http://www.haaretz.com/hasen/spages/1157365.html
2010-03-18,23:29:01,bf1uw,41,"A series of explosive child sex abuse scandals has hit Western Europe in recent months, sending the Catholic Church into damage-control mode. This is the list.",foreignpolicy.com,http://www.foreignpolicy.com/articles/2010/03/16/the_list_the_catholic_church_s_latest_abuse_scandals?page=full
2010-03-19,00:10:15,bf2it,33,Silvio Berlusconi in ‘protection deal with mafia’,timesonline.co.uk,http://www.timesonline.co.uk/tol/news/world/europe/article7060965.ece
2010-03-19,05:28:35,bf6yc,33,Silvio Berlusconi caught trying to stifle media,independent.co.uk,http://www.independent.co.uk/news/world/europe/silvio-berlusconi-caught-out-trying-to-stifle-media-1923147.html
2010-03-19,00:09:14,bf2i1,33,UN body rejects bluefin tuna ban,news.bbc.co.uk,http://news.bbc.co.uk/2/hi/science/nature/8574775.stm
2010-03-18,20:56:53,bezij,30,North Korean finance official blamed for currency crisis executed by firing squad,english.yonhapnews.co.kr,http://english.yonhapnews.co.kr/northkorea/2010/03/18/72/0401000000AEN20100318004400315F.HTML
2010-03-18,05:25:31,beppb,22,Briton is recognised as world's first officially genderless person.,telegraph.co.uk,http://www.telegraph.co.uk/news/newstopics/howaboutthat/7446850/Briton-is-recognised-as-worlds-first-officially-genderless-person.html
2010-03-19,03:52:19,bf5qf,22,"Retired U.S. general links Srebrenica genocide to 
gays in Dutch army",rawstory.com,http://rawstory.com/2010/03/gays-linked-to-fall-of-srebrenica/
2010-03-19,03:05:55,bf53b,22,Police or provocateurs?,guardian.co.uk,http://www.guardian.co.uk/commentisfree/2010/mar/18/undercover-police-infiltration-yre
2010-03-18,15:28:26,bevx0,24,51 Headless Vikings in English Execution Pit Confirmed,news.nationalgeographic.com,http://news.nationalgeographic.com/news/2010/03/100315-headless-vikings-england-execution-pit/
2010-03-18,10:14:09,besox,21,Fresh tensions between Canada and Russia emerged Wednesday after Russian President Dmitry Medvedev told a session of his Security Council that his country must be prepared to defend its claims to Arctic mineral riches.,cbc.ca,http://www.cbc.ca/world/story/2010/03/17/arctic-russia017.html?ref=rss
2010-03-18,22:26:24,bf0ur,19,"Paris Club forgives Afghanistan's debt, a deal worth 1 billion dollars.",reuters.com,http://www.reuters.com/article/idUSLDE62G2CY20100317
2010-03-18,23:57:48,bf2ca,15,"   Three jailed for Auschwitz sign theft   -- Two-and-a-half years in prison for stealing the infamous ""Arbeit Macht Frei"" sign from the Auschwitz death camp.",swedishwire.com,http://www.swedishwire.com/business/3380-three-jailed-for-auschwitz-sign-theft
2010-03-18,22:05:05,bf0id,17,"Vatican ends ""wall of silence"" over child abuse scandal",news.bbc.co.uk,http://news.bbc.co.uk/2/hi/programmes/from_our_own_correspondent/8572875.stm
2010-03-19,05:37:22,bf71t,16,Central Bank Gold Holdings Expand at Fastest Pace Since 1964  - Bloomberg.com,bloomberg.com,http://www.bloomberg.com/apps/news?pid=20601012&sid=amBRPzwyB9SY
2010-03-18,17:29:03,bex4p,13,North Korean finance chief executed for botched currency reform,guardian.co.uk,http://www.guardian.co.uk/world/2010/mar/18/north-korean-executed-currency-reform
2010-03-18,19:00:26,bey33,10,Web inventor calls for government data transparency,news.bbc.co.uk,http://news.bbc.co.uk/2/hi/technology/8572809.stm
2010-03-18,08:57:28,berwo,11,Australian web censors threaten to block Encyclopedia Dramatica - they've already forced Google to remove it from their search results.,smh.com.au,http://www.smh.com.au/technology/technology-news/sickipedia-bid-to-shut-offensive-encyclopedia-dramatica-20100317-qdv7.html
2010-03-18,18:05:39,bexjt,13,"Thai protest leaders say Bangkok protests to go on. Airports may close, troops on the streets.",news.bbc.co.uk,http://news.bbc.co.uk/1/hi/world/asia-pacific/8573762.stm
2010-03-19,02:56:49,bf4zc,8,Eight former members of the Vienna Boys Choir say they were sexually abused while in the choir decades ago.,nytimes.com,http://www.nytimes.com/2010/03/18/world/europe/18briefs-CHOIRFACESA_BRF.html
2010-03-19,00:49:31,bf34j,10,"U.S. sanctions Hamas bank, TV station in Gaza ",globalpost.com,http://www.globalpost.com/breaking-news/general/us-sanctions-hamas-bank-tv-station-gaza
