2010-03-28,10:09:49,bj5z0,740,"WikiLeaks to release video of civilians, journalists being murdered in airstrike",rawstory.com,http://rawstory.com/2010/03/wikileaks-release-video-civilians-journalists-murdered-airstrike/
2010-03-28,18:36:33,bj9ag,198,"Before you start mouthing off about Hitler, you'd 
better know your Nazis - David Mitchell",guardian.co.uk,http://www.guardian.co.uk/commentisfree/2010/mar/28/godwins-law-nazis-healthcare-mitchell
2010-03-28,00:51:28,bj1qq,168,Mexican Police Chief DECAPITATED By Drug Cartel,huffingtonpost.com,http://www.huffingtonpost.com/2010/03/27/mexican-police-chief-deca_n_515767.html
2010-03-29,01:38:00,bjcj3,157,"'The Pope should resign. He should offer himself up to authorities for prosecution, like the sacrificial lamb he’s supposed to represent here on earth.'",news.bostonherald.com,http://news.bostonherald.com/news/columnists/view/20100327why_pope_benedicts_got_to_go/srvc=home&position=also
2010-03-28,12:26:14,bj70s,121,The Swiss Army and the Porcupine Principle,semp.us,http://www.semp.us/publications/biot_reader.php?BiotID=367
2010-03-28,13:05:15,bj7cg,97,"Over 3,000 White farmers have been killed since 1994 in South Africa.",timesonline.co.uk,http://www.timesonline.co.uk/tol/news/world/africa/article7078730.ece
2010-03-29,06:14:32,bjf60,63,"CIA leak shows plans to market Afghan war to Europeans - A CIA expert has called for optimistic Afghans and their womenfolk to be recruited as flag-wavers for the NATO mission, to persuade sceptical Europeans to support the war, according to a document leaked on Friday",thelocal.de,http://www.thelocal.de/national/20100327-26159.html
2010-03-28,09:59:18,bj5w2,59,"Holocaust scholars on Thursday attacked a bid to include images of kissing lesbians in a monument dedicated to the thousands of homosexuals persecuted by the Nazis, saying it distorted history.",thelocal.de,http://www.thelocal.de/national/20100325-26127.html
2010-03-29,00:45:25,bjbxu,39,'What Is So Bad About Dying?',spiegel.de,"http://www.spiegel.de/international/zeitgeist/0,1518,685426,00.html"
2010-03-28,17:11:38,bj8vs,41,"The UK government needs to be ""less deferential"" towards the US and more willing to say no to Washington, a group of MPs have said.",news.bbc.co.uk,http://news.bbc.co.uk/2/hi/uk_news/8590767.stm
2010-03-29,02:59:57,bjdbj,30,The world's first zero-carbon city is being built in Abu Dhabi and is designed to be not only free of cars and skyscrapers but also powered by the sun.,news.bbc.co.uk,http://news.bbc.co.uk/2/hi/middle_east/8586046.stm
2010-03-28,10:57:26,bj6c8,29,"'Special relationship' between UK and US is over, according to British MPs",news.bbc.co.uk,http://news.bbc.co.uk/1/hi/uk/8590767.stm
2010-03-29,02:54:29,bjd9n,26,"""the youngest person to die was a three-year-old girl who was burned to death, some people were killed by having their heads smashed with axes"" - New massacre uncovered in Congo is one of their worst to date. ",english.aljazeera.net,http://english.aljazeera.net//news/africa/2010/03/20103281412779115.html
2010-03-28,14:04:27,bj7r0,29,"Depleted by an American-backed offensive and seemingly desperate for new conscripts, the Lord’s Resistance Army, one of the most infamous armed groups in Africa, has killed hundreds of villagers in this remote corner of Congo and kidnapped hundreds more, marching them off in a vast human chain.",nytimes.com,http://www.nytimes.com/2010/03/28/world/africa/28congo.html?hp
2010-03-28,22:34:06,bjarj,23,BBC News - Sunk South Korea naval ship Cheonan 'split in half',news.bbc.co.uk,http://news.bbc.co.uk/1/hi/world/asia-pacific/8591366.stm
2010-03-29,06:11:10,bjf4x,22,Following in Switzerland's Footsteps - International Right-Wingers Gather for EU-Wide Minaret Ban,spiegel.de,"http://www.spiegel.de/international/germany/0,1518,685896,00.html?"
2010-03-28,13:55:06,bj7ol,16,The IDF 'Death Zone' Policy: if a Palestinian steps within 300 meters of the Gaza/Israel border on Gaza's side the IDF is ordered to shoot at them and based on what has happened they are allowed to shoot with lethal intent,botlbrush.com,http://botlbrush.com/blog/?p=1266
2010-03-28,23:43:23,bjbd9,16,Cloud seeding brings rainfall to drought-hit SW China province,chinadaily.cn,http://www.chinadaily.cn/china/2010-03/28/content_9652977.htm
2010-03-29,06:03:30,bjf2t,14,Seoul has no evidence it was North Korea that caused South Korean warship to blow in half,smh.com.au,http://www.smh.com.au/world/warship-blown-in-half-20100327-r45k.html
2010-03-28,22:51:31,bjawa,14,"Immunization drive aims to stop polio, once thought eradicated in Guinea- UNICEF.",unicef.org,http://www.unicef.org/infobycountry/guinea_53192.html
2010-03-29,06:10:20,bjf4l,13,Church of Greece agrees to pay tax,ekathimerini.com,http://www.ekathimerini.com/4dcgi/_w_articles_politics_100006_27/03/2010_115935
2010-03-29,02:14:39,bjcvx,14,"Honduras: Two journalists gunned down in ambush, bringing media death toll in March to five",rsf.org,http://www.rsf.org/Two-journalists-gunned-down-in.html
2010-03-28,10:06:40,bj5xx,11,"Russia Bans Hitler's ""Mein Kampf"" as Extremist",nytimes.com,http://www.nytimes.com/reuters/2010/03/26/world/international-uk-russia-hitler-ban.html?_r=2
2010-03-28,22:40:43,bjatb,13,BBC News - Switzerland casino is robbed by armed gang,news.bbc.co.uk,http://news.bbc.co.uk/2/hi/europe/8591624.stm
2010-03-28,18:31:42,bj99p,9,TAKE ACTION! Help Copenhagen climate change activists falsely accused of terrorism,links.org.au,http://links.org.au/node/1583
2010-03-29,05:51:53,bjeyk,7,Drug killers of Ciudad Juárez say they're not a gang but `a union'.,timesonline.co.uk,http://www.timesonline.co.uk/tol/news/world/us_and_americas/article7078075.ece
2010-03-28,21:59:49,bjahw,10,Ugandan Lord's Resistance Army rebels butchered 290 people in DR Congo in previously unreported massacre that took place in Dec 2009,france24.com,http://www.france24.com/en/20100327-huge-lords-resistance-army-massacre-revealed-un-source-dr-congo
2010-03-29,00:40:04,bjbw8,8,It’s over: MPs say the special relationship with US is dead,timesonline.co.uk,http://www.timesonline.co.uk/tol/news/politics/article7078844.ece
2010-03-28,14:19:48,bj7ud,9,ISRO (Indian Space Agency): Himalayan glaciers shrank 16% in 50 yrs,timesofindia.indiatimes.com,http://timesofindia.indiatimes.com/home/environment/global-warming/Himalayan-glaciers-shrank-16-in-50-yrs-Isro/articleshow/5733386.cms
2010-03-29,02:06:56,bjcst,8,Russia reduces the number of its time zones to nine from 11 in bid to make the nation more manageable and to boost its economy,itar-tass.com,http://www.itar-tass.com/eng/level2.html?NewsID=14963589&PageNum=0
