2010-10-15,10:45:22,drfio,940,"WikiLeaks says Funding Has Been Blocked After Government Blacklisting: Founder Julian Assange hits out at decision by Moneybookers, which collects the whistleblowing website's donations",commondreams.org,http://www.commondreams.org/headline/2010/10/14-6
2010-10-16,03:34:52,drqtg,347,British government urges councils to stop giving tax breaks to Scientology,guardian.co.uk,http://www.guardian.co.uk/world/2010/oct/15/government-councils-tax-breaks-scientology
2010-10-15,19:58:29,drkv5,200,"Chinese Premier calls for reform and says ""democracy and freedom are irresistible"" !!",msnbc.msn.com,http://www.msnbc.msn.com/id/39682165/ns/world_news-asiapacific/#
2010-10-15,18:55:07,drkdu,140,"Israel ends settlement freeze, approves 238 new east Jerusalem homes and derails recently renewed Mideast peace talks",usatoday.com,http://www.usatoday.com/news/world/2010-10-15-israel-housing_N.htm
2010-10-16,05:05:59,drs77,126,Now in my country: Four miners trapped in a mine 150 meters deep in Ecuador.,edition.cnn.com,http://edition.cnn.com/2010/WORLD/americas/10/15/ecuador.trapped.miners/?hpt=T2
2010-10-15,18:45:09,drkb0,76,French woman faces fine for tearing niqab from tourist's face,guardian.co.uk,http://www.guardian.co.uk/world/2010/oct/14/woman-fined-tearing-niqab-tourist
2010-10-15,12:26:53,drgon,70,"In Italy, a Muslim woman has been killed by her husband for opposing her daughter's arranged marriage. The daughter was gravely injured after being attacked by her brother",freethinker.co.uk,http://freethinker.co.uk/2010/10/13/muslim-woman-killed-for-opposing-an-arranged-marriage-for-her-daughter/
2010-10-15,20:17:32,drl07,63,Swiss near breakthrough on world's longest tunnel,bbc.co.uk,http://www.bbc.co.uk/news/world-europe-11548845
2010-10-16,04:26:44,drrlo,56,"On Sept. 15 2010, the United States tested a nuclear weapon - ""Japan responded with dismay to the first U.S. subcritical nuclear test carried out under the Obama administration."" ",asahi.com,http://www.asahi.com/english/TKY201010140308.html
2010-10-16,06:57:53,drtqo,44,India plans to write its own OS,theinquirer.net,http://www.theinquirer.net/inquirer/news/1741665/india-plans-write
2010-10-15,22:06:09,drm02,41,"Two Views on Mideast Peace - 
Interesting perspective from Amos Oz: Israelis, Arabs both victims of Europe. Arabs suffered ""imperialism, colonialism, repression""; Jews, ""persecution, genocide"". Each sees in the other its former oppressor
",nybooks.com,http://www.nybooks.com/blogs/nyrblog/2010/oct/13/two-views-mideast-peace/
2010-10-16,06:43:51,drtku,38,"Over one in six Germans believe the Jews have too much influence and over one in eight Germans would welcome a 'Führer' to run the country ""with a firm hand""",csmonitor.com,http://www.csmonitor.com/World/Europe/2010/1015/Why-13-percent-of-Germans-would-welcome-a-Fuehrer
2010-10-15,22:37:07,drmde,35,Russia agrees to build nuclear plant in Venezuela,kcoy.com,http://www.kcoy.com/Global/story.asp?S=13328514
2010-10-15,22:18:54,drm5g,39,"Britain, outlier nation - Too American to fit in with Europe. Too European to share the Tea Party's radicalism. Too Western to find new allies in the BRICs. Too posh for Australia. Conservative Britain is a lonely country",economist.com,http://www.economist.com/blogs/bagehot/2010/10/britain_outlier_nation
2010-10-16,01:27:00,drot1,36,"""The US will give ~$5 million this year to aid UXO removal in Laos. Compare that to the $17 million spent every DAY for nine years on bombing Laos.""",breadpig.com,http://breadpig.com/2010/10/15/laos-visiting-mag-cope/
2010-10-15,10:04:30,drf0n,28,German study released this week indicates that xenophobic feelings are spreading from extremists at the margins of society to the middle-class heart of the European country,hurriyetdailynews.com,http://www.hurriyetdailynews.com/n.php?n=german-racism-exchanging-nazi-boots-for-ties-says-leader-of-turks-2010-10-14
2010-10-15,12:06:35,drggr,29,Israeli threatens to kill everyone on Qantas flight after not receiving free upgrade,smh.com.au,http://www.smh.com.au/travel/travel-news/upgrade-uproar-passengers-threatened-over-economy-seat-20101008-16aal.html
2010-10-15,16:42:15,drjc2,25,"The rule of law thrives best in Sweden, the Netherlands but is sorely lacking in Pakistan, Kenya, and Liberia",ipsnews.net,http://www.ipsnews.net/news.asp?idnews=53169
2010-10-15,22:14:18,drm34,22,Fresh claims US is running secret prison in Afghanistan,bbc.co.uk,http://www.bbc.co.uk/news/world-south-asia-11551409
2010-10-16,03:08:03,drqe1,25,"India's richest man builds world's first billion-dollar home - An Indian businessman has built the world's most expensive home - valued at $1 billion, with three helipads, its own air traffic control, a six-floor car park, a staff of 600, a four-storey hanging garden and a cinema.",canberratimes.com.au,http://www.canberratimes.com.au/news/world/world/general/indias-richest-man-builds-worlds-first-billiondollar-home/1970113.aspx
2010-10-15,19:02:23,drkg9,18,"Ahmadinejad says ""Zionists will disappear"" in a fiery speech two miles from Israel in Lebanon",washingtonpost.com,http://www.washingtonpost.com/wp-dyn/content/article/2010/10/14/AR2010101406561.html
2010-10-16,00:55:38,dro9o,18,Palestinians furious at Israeli plan to build more homes in east Jerusalem ,telegraph.co.uk,http://www.telegraph.co.uk/news/worldnews/middleeast/israel/8066352/Palestinians-furious-at-Israeli-plan-to-build-more-homes-in-east-Jerusalem.html
2010-10-15,20:10:06,drkyc,16,"World's s sexiest computer hacker, Kristina Svechinskaya, to appear in court in connection with multi-million dollar internet fraud scam",mirror.co.uk,http://www.mirror.co.uk/news/top-stories/2010/10/14/world-s-sexiest-computer-hacker-kristina-svechinskaya-to-appear-in-court-in-connection-with-multi-million-dollar-internet-fraud-scam-115875-22633825/
2010-10-15,12:00:31,drgel,17,"Half off! France ""fights piracy"" by subsidizing digital music",arstechnica.com,http://arstechnica.com/media/news/2010/10/france-to-fight-piracy-prop-up-music-industry-with-new-subsidy.ars
2010-10-15,09:32:05,drem5,15,'Plot' to kill Pakistan PM foiled--Police officials say they have arrested seven men and foiled a plot to kill the prime minister and other leaders.,english.aljazeera.net,http://english.aljazeera.net//news/asia/2010/10/20101014162555908781.html
2010-10-15,18:19:10,drk4h,13,Yemen: The Covert Apparatus of the American Empire,globalresearch.ca,http://globalresearch.ca/index.php?context=va&aid=21306
2010-10-15,22:55:31,drmlj,13,"Irish ""Three strikes rule"": Judge says illegal filesharing is damaging music industry, but Irish law does not allow ISPs to cut off offenders' internet",guardian.co.uk,http://www.guardian.co.uk/technology/2010/oct/11/three-strikes-filesharing-ireland
2010-10-15,13:17:25,drh9w,15,WikiLeaks accuses the U.S. of 'financial warfare',rawstory.com,http://www.rawstory.com/rs/2010/10/wikileaks-us-financial-warfare/
2010-10-15,09:46:20,dresd,14,Chile mine rescue to cost $20million,bbc.co.uk,http://www.bbc.co.uk/news/business-11541634
2010-10-15,21:20:49,drlja,14,Tony Blair in running for bad sex award ,guardian.co.uk,http://www.guardian.co.uk/books/2010/oct/15/tony-blair-bad-sex-award
