2010-06-15,11:09:16,cf1qo,1062,Breaking news: All serious crimes in the UK have been solved.,news.bbc.co.uk,http://news.bbc.co.uk/2/hi/england/london/10311890.stm
2010-06-15,01:57:31,cevpq,388,"Absolutely heartbreaking. These kids in villages across Nigeria are beaten, tortured, burned, starved, and murdered because some idiot religious figure deemed them witches ",theagitator.com,http://www.theagitator.com/2010/06/13/saving-africas-witch-children/
2010-06-15,22:55:43,cf7of,243,Awareness Of Outside World Growing In North Korea,npr.org,http://www.npr.org/templates/story/story.php?storyId=127836840
2010-06-15,20:35:16,cf68i,200,Irish to expel Israeli diplomat over Hamas killing,news.bbc.co.uk,http://news.bbc.co.uk/1/hi/world/europe/10319210.stm
2010-06-16,00:29:26,cf8vr,159,British paratroopers unlawfully killed Bloody Sunday marchers in 1972: Saville Report released,news.bbc.co.uk,http://news.bbc.co.uk/2/hi/northern_ireland/10320609.stm
2010-06-16,00:53:50,cf98a,139,"An American construction worker claiming to be 
hunting Osama bin Laden was arrested carrying a 
sword, a pistol and night-vision goggles in Northern 
Pakistan.",online.wsj.com,http://online.wsj.com/article/SB10001424052748704009804575308440143301092.html?mod=rss_Today%27s_Most_Popular
2010-06-16,04:05:29,cfbqj,53,"Here we go again...(North Korea Diplomat) ""If the Security Council releases any documents against us, condemning or pressuring us ... then myself as diplomat, I can do nothing. ... The follow-up measures will be carried out by our military forces""",edition.cnn.com,http://edition.cnn.com/2010/WORLD/asiapcf/06/15/un.north.korea/
2010-06-15,22:50:21,cf7ma,53,Ireland expels Israeli diplomat: Investigation concludes Israel responsible for forged passports used.,jpost.com,http://www.jpost.com/International/Article.aspx?id=178514&reddit=10062010
2010-06-16,01:42:27,cf9vg,35,CIA Rendition Case Reaches Top European Court,prnewswire.com,http://www.prnewswire.com/news-releases/cia-rendition-case-reaches-top-european-court-96324094.html
2010-06-15,21:49:31,cf6uj,34,BBC News - Irish to expel Israeli diplomat over Hamas killing,news.bbc.co.uk,http://news.bbc.co.uk/2/hi/world/europe/10319210.stm
2010-06-15,23:14:20,cf7x4,34,Somalia ban viewing of WC 2010: Those caught watching will be given a maximum of 30 lashes in public. Two fans killed while watching game.,africanews.com,http://www.africanews.com/site/Somalia_ban_viewing_of_WC_2010/list_messages/32718
2010-06-15,18:02:04,cf52b,25,"The Catholic Church in Germany has been hit by revelations of theft, opaque accounting and extravagance. While the grassroots faithful are being forced to make cutbacks, some bishops enjoy the trappings of the church's considerable hidden wealth.",spiegel.de,"http://www.spiegel.de/international/germany/0,1518,700513,00.html"
2010-06-16,00:41:13,cf91w,28,"Iranian aid ships head for Gaza -  Iran is sending aid ships to blockaded Gaza, state radio said Monday — a move likely to be considered provocative by Israel which accuses Tehran of arming the Palestinian enclave's Hamas rulers.",arabnews.com,http://arabnews.com/middleeast/article66301.ece
2010-06-16,02:32:27,cfaj8,23,Maybe you don't see an irony in the individual getting screwed and screwed again by the same corporations and bailed-out banks who are so forthcoming with their advice for our politicians,guardian.co.uk,http://www.guardian.co.uk/news/blog/2010/jun/14/charlie-skelton-bilderberg-2010?holdthehandthatholdsyoudown
2010-06-16,00:18:21,cf8qg,24,Bloody Sunday dead all innocent,news.bbc.co.uk,http://news.bbc.co.uk/1/hi/northern_ireland/10320609.stm
2010-06-15,10:03:29,cf17o,17,Israeli Nuclear Missile Boats Off Iranian Coast,strategypage.com,http://www.strategypage.com/dls/articles/Israeli-Nuclear-Missile-Boats-Off-Iranian-Coast-6-14-2010.asp
2010-06-15,10:28:50,cf1f2,20,Israeli intelligence agents photographed members of the Rachel Corrie aid mission before the ship left dock in Dundalk. The first mate of the vessel has claimed that during their time in Israeli custody they saw photographs of several members of the group clearly taken in Ireland. ,tribune.ie,http://www.tribune.ie/news/article/2010/jun/13/mossad-photographed-rachel-corrie-before-it-left-d/
2010-06-15,22:51:46,cf7mp,14,"Jordan is set on becoming the Middle East's newest nuclear power, Jordanian King Abdullah told the Wall Street Journal in an interview over the weekend",jpost.com,http://www.jpost.com/MiddleEast/Article.aspx?id=178500&reddit=15062010
2010-06-16,04:09:58,cfbse,17,"38 years later, a 5,000 page report costing $285M and taking 12 years results in Bloody Sunday victims all being found innocent!",english.aljazeera.net,http://english.aljazeera.net//news/europe/2010/06/2010615144034428377.html
2010-06-15,14:50:41,cf3nm,15,"A 12-year-old Indian-American activist tried to issue summons for Warren Anderson, former chief of Union Carbide over the deadliest 1984 gas disaster in Bhopal.",beta.thehindu.com,http://beta.thehindu.com/news/article456671.ece?homepage=true
2010-06-16,02:13:20,cfa9g,12,Iran to Cut Mineral Exports to Sanction Supporters,af.reuters.com,http://af.reuters.com/article/energyOilNews/idAFKAL53379520100615
2010-06-15,18:26:55,cf598,14,"""It has been revealed that the current food crisis in North Korea is so appalling that rations for the military are being distributed to the general public.""",atimes.com,http://www.atimes.com/atimes/Korea/LF15Dg01.html
2010-06-16,03:04:40,cfaze,14,N. Korea warns U.N. of military 'follow-up'  - North Korea,msnbc.msn.com,http://www.msnbc.msn.com/id/37710977/ns/world_news-asiapacific/
2010-06-15,21:18:23,cf6ke,12,"Ireland expels Israeli diplomat over Dubai killing: ""An Israeli government agency was responsible for the misuse and the manufacture of the forged Irish passports associated with the murder""",news.google.com.ar,http://news.google.com.ar/news/url?sa=t&ct2=us%2F0_0_g_0_0_a&usg=AFQjCNFeWoT4WvijjSElHgG93GS3RMHNVA&cid=17593761725322&ei=tmwXTOCDHozE8ATHpu2ZAg&rt=HOMEPAGE&vm=STANDARD&url=http%3A%2F%2Fedition.cnn.com%2F2010%2FWORLD%2Feurope%2F06%2F15%2Fireland.israel.dubai.assassination%2F%3Fhpt%3DT1
2010-06-16,01:16:18,cf9in,11,Now Ireland expels Israeli diplomat in passports row over murder of Hamas official,dailymail.co.uk,http://www.dailymail.co.uk/news/worldnews/article-1286795/Now-Ireland-expels-Israeli-diplomat-passports-row-murder-Hamas-leader-Dubai-hotel.html
2010-06-15,22:39:52,cf7hc,11,This is a bigger win than most people realize: Israeli High Court abolishes state grants for Yeshiva students.,haaretz.com,http://www.haaretz.com/news/national/high-court-abolishes-state-grants-for-yeshiva-students-1.296109
2010-06-16,06:11:39,cfd7f,8,Saville rules Bloody Sunday killings were 'unjustifiable' - Cameron apologies for Britain,irishtimes.com,http://www.irishtimes.com/newspaper/breaking/2010/0615/breaking1.html
2010-06-16,02:23:39,cfaeq,9,"UK politicians blast Obama's rhetoric against BP as ""petulance.""",globalpost.com,http://www.globalpost.com/dispatch/united-kingdom/100614/british-and-obama-are-oil-and-water
2010-06-15,12:31:53,cf2gh,11,Canada investigating US officials over torture,origin-www.thestar.topscms.com,http://origin-www.thestar.topscms.com/news/canada/article/823207--rcmp-goes-global-with-maher-arar-torture-probe
2010-06-16,07:35:28,cfe5e,10,"British Afghanistan toll nears 300 as two more die - Two British soldiers were shot dead Tuesday in southern Afghanistan, the Ministry of Defence said, taking the country’s military death toll since the US-led invasion to nearly 300.",khaleejtimes.com,http://www.khaleejtimes.com/DisplayArticle08.asp?xfile=data/international/2010/June/international_June691.xml&section=international
