2010-12-02,13:43:41,eex6t,790,"If you truly support WikiLeaks, why not support Bradley Manning, the US solider who leaked the documents in the first place?",bradleymanning.org,http://www.bradleymanning.org/
2010-12-03,03:10:00,ef5k7,612,"Monsanto GMO sugarbeets to be destroyed, court concludes USDA illegally approved biotech crop",reuters.com,http://www.reuters.com/article/idUSTRE6B00Y520101201
2010-12-02,04:28:29,eeox7,176,Wikileaks Cables Reveal That Canada Is Boring,theatlanticwire.com,http://www.theatlanticwire.com/features/view/feature/Wikileaks-Cables-Reveal-That-Canada-Is-Boring-2668
2010-12-02,02:33:37,eempo,173,Julian Assange and one of the most relevant and intelligent speeches ever...the Oslo Freedom Forum speech,oslofreedomforum.com,http://www.oslofreedomforum.com/speakers/julian-assange.html
2010-12-03,03:27:37,ef5ys,119,"Not the Onion: Nigeria to charge Dick Cheney in $180 million bribery case, issue Interpol arrest warrant ",rawstory.com,http://www.rawstory.com/rs/2010/12/nigeria-issue-arrest-warrant-dick-cheney-bribery-case/
2010-12-02,13:29:49,eewxi,102,Britain allowed USA to store cluster bombs on its territory despite international ban,bbc.co.uk,http://www.bbc.co.uk/news/world-us-canada-11894759
2010-12-03,05:33:43,ef8l5,97,"Avoiding US Censorship, Torrent Sites May Flee To China  ",torrentfreak.com,http://torrentfreak.com/avoiding-us-censorship-torrent-sites-may-flee-to-china-101202/
2010-12-02,21:04:10,ef1sp,92,"Missing The Point Of WikiLeaks - 
With or without Julian Assange, future large leaks are inevitable. The technology is out there. That's good, if we want to ""challenge the institutions that control our fate, by bringing their secrets to light""",economist.com,http://www.economist.com/blogs/democracyinamerica/2010/12/after_secrets
2010-12-03,02:47:07,ef52q,47,"Russia Below The Surface - At last, an unflinching account of corruption in Russia. Drawn from Wikileaks cables, in which diplomats say privately what no reputable source would say publicly. The crooks are the government. And vice-versa",nytimes.com,http://www.nytimes.com/2010/12/02/world/europe/02wikileaks-russia.html?hp=&amp;pagewanted=all
2010-12-02,12:18:47,eevfg,39,Cuba to gradually embrace Capitalism ,bbc.co.uk,http://www.bbc.co.uk/news/world-latin-america-11894593
2010-12-03,06:27:04,ef9kk,34,Atlantic bluefin tuna on the brink of collapse: WWF teamed up with supermarket chains and restaurants to press countries to set stricter fishing regulations for bluefin tuna,npr.org,http://www.npr.org/templates/story/story.php?storyId=131406224
2010-12-03,02:39:03,ef4wh,31,WikiLeaks cables: Alexander Litvinenko murder 'probably had Putin's OK',guardian.co.uk,http://www.guardian.co.uk/world/2010/dec/01/wikileaks-cables-alexander-litvinenko-murder?CMP=twt_gu
2010-12-03,04:10:55,ef6x2,27,"WikiLeaks an American conspiracy, Afghans say",globalpost.com,http://www.globalpost.com/dispatch/afghanistan/101201/wikileaks-american-conspiracy
2010-12-02,05:57:28,eeqnv,19, self-styled 'hacktivist for good' who claimed to have carried out the denial of service attacks which took down WikiLeaks over the weekend has been raided by police.,thinq.co.uk,http://www.thinq.co.uk/2010/12/1/wikileaks-hacker-raided-cops/
2010-12-03,01:29:59,ef3e8,23,Perhaps the reason North Korea stopped shelling is because SK bloodied their nose with its return fire.,news.yahoo.com,http://news.yahoo.com/s/afp/20101202/wl_asia_afp/nkoreaskoreamilitaryshelling_20101202084627
2010-12-02,16:22:09,eez8a,19,"WikiLeaks cables: Secret deal let Americans sidestep 
cluster bomb ban",guardian.co.uk,http://www.guardian.co.uk/world/2010/dec/01/wikileaks-cables-cluster-bombs-britain
2010-12-03,06:15:28,ef9d7,18,"Unpluggable: How WikiLeaks embarrassed and enraged America, gripped the public and rewrote the rules of diplomacy",economist.com,http://www.economist.com/node/17633606
2010-12-02,16:46:58,eezho,16,Only 17% of the public believes the Israel's self-definition as a democracy should take precedence over its self-definition as Jewish,haaretz.com,http://www.haaretz.com/print-edition/opinion/israel-can-t-be-a-democracy-with-two-classes-of-citizens-1.328330
2010-12-02,16:16:55,eez6b,15,New WikiLeaks revelations show Ireland blocking U.S. ammunition transfers to Israel after the Second Lebanon War in 2006,haaretz.com,http://www.haaretz.com/print-edition/news/new-wikileaks-revelations-show-ireland-blocking-u-s-arms-to-israel-1.328298
2010-12-02,05:34:51,eeq7z,14,"Ambassador reports Sri Lankan President responsible for ""alleged war crimes""",cablegate.wikileaks.org,http://cablegate.wikileaks.org/articles/2010/Sri-Lankan-President-s-alleged-war.html
2010-12-03,07:29:17,efal8,15,"Man killed with crossbow at Toronto library - 
The man was pronounced dead at the scene after being struck down by the projectile, known as a bolt, police told CBC News.",cbc.ca,http://www.cbc.ca/canada/toronto/story/2010/12/02/library-man-crossbow548.html
2010-12-02,20:23:20,ef1f8,11,"Julian Assange, defending our democracies (despite their owners' wishes)",antipope.org,http://www.antipope.org/charlie/blog-static/2010/12/the-nobel-peace-prize-for-2011.html
2010-12-03,01:40:48,ef3k7,13,Boss orders female staff to wear red bracelets when they are on their periods,dailymail.co.uk,http://www.dailymail.co.uk/news/article-1334400/Female-staff-Norway-ordered-wear-red-bracelets-period.html
2010-12-03,01:53:05,ef3ra,12,WikiLeaks expose ‘US tactic’ to ignite clash among Muslim nations: ex-Pak Army chief,dailyindia.com,http://www.dailyindia.com/show/411904.php
2010-12-02,15:32:25,eeyoj,9,"Afghanistan, November, 2010 - The Big Picture ",boston.com,http://www.boston.com/bigpicture/2010/12/afghanistan_november_2010.html
2010-12-02,12:12:35,eev75,10,"Putin godfather of Russian ""Mafia State""",independent.co.uk,http://www.independent.co.uk/news/world/europe/arms-deals-racketeering-ndash-putin-accused-of-running-mafia-state-2148819.html
2010-12-02,09:16:55,eeu0o,10,"Despite accusations that Julian Assange is on the run, The Independent has learnt that Scotland Yard has known his whereabouts for more than a month but has yet to receive official instructions to arrest him.",independent.co.uk,http://www.independent.co.uk/news/uk/home-news/wikileaks-chief-what-will-he-do-next-2148813.html
2010-12-03,05:25:27,ef8g5,9,Forest fire in Israel kills dozens,smh.com.au,http://www.smh.com.au/world/dozens-of-rescuers-killed-in-israel-fire-20101203-18ijj.html
2010-12-02,14:50:21,eey5t,10,"Nov. 30 TIME interview with Julian Assange (transcript with audio), via Skype from an undisclosed location",time.com,"http://www.time.com/time/world/article/0,8599,2034040,00.html"
2010-12-03,05:42:35,ef8rd,10,"How do you survive in the coldest place on Earth?  Report from Yakutsk, in Siberia, where winter temperatures can drop to -60C. To bury a body, you light a fire on the ground, thaw through a foot or two of earth, dig it out, repeat until you have a grave",bbc.co.uk,http://www.bbc.co.uk/news/world-11875131
