2010-12-14,11:55:52,elexu,1002,"Relatives of Spanish cameraman killed in Baghdad use WikiLeaks to press for justice: After years of delays, the family of a Spanish journalist killed in a 2003 US attack on a Baghdad hotel turns to WikiLeaks documents that suggest the US and Spain colluded to prevent legal action!",csmonitor.com,http://www.csmonitor.com/World/Europe/2010/1213/Relatives-of-Spanish-cameraman-killed-in-Baghdad-use-WikiLeaks-to-press-for-justice
2010-12-14,11:34:38,elel8,528,BBC reporter accuses protester with cerebral palsy of rolling threateningly towards police before he was dragged from his wheelchair.,youtube.com,http://www.youtube.com/watch?v=tXNJ3MZ-AUo
2010-12-15,06:04:39,eluw5,527,Halliburton bribes its way out of bribery charges.,rawstory.com,http://www.rawstory.com/rs/2010/12/halliburton-reportedly-agrees-pay-nigeria-250-million-drop-bribery-charges-cheney-firm/
2010-12-14,08:12:42,elb86,350,Disabled man dragged from his wheelchair by police during student protest in England,youtube.com,http://www.youtube.com/watch?v=2ssosw1OHRs
2010-12-14,07:50:23,elaud,199,Disabled protestor pulled from his wheelchair and dragged along street by police at student protests. And the media is confused why some protestors ceased to be peaceful? [Video + Story],bbc.co.uk,http://www.bbc.co.uk/news/uk-11987395
2010-12-14,20:53:58,ellop,135,Daily Kos: Why I'm Posting Bail Money for Julian Assange (Michael Moore),dailykos.com,http://www.dailykos.com/storyonly/2010/12/14/928855/-Why-Im-Posting-Bail-Money-for-Julian-Assange
2010-12-15,02:10:48,elr3p,105,"WikiLeaks: Julian Assange granted bail but remains locked up - ""They clearly will not spare any expense to keep Mr Assange in jail. This is really turning into a show trial.""",telegraph.co.uk,http://www.telegraph.co.uk/news/worldnews/wikileaks/8201718/WikiLeaks-Julian-Assange-granted-bail-but-remains-locked-up.html
2010-12-15,01:13:50,elq1p,51,Kosovon human organ harvesting ring uncovered ,guardian.co.uk,http://www.guardian.co.uk/world/2010/dec/14/kosovo-prime-minister-llike-mafia-boss
2010-12-14,08:32:04,elbjh,45,"World's Most Intelligent Man - 
William Sidis (1898–1944). Could spell in English at age 1. Typed in French and German at 4. Entered Harvard at 11. Nervous breakdown at 12. Professor at 20. Predicted black holes. ",bookride.com,http://www.bookride.com/2010/12/most-intelligent-man-in-world.html
2010-12-14,10:25:43,elddb,34,"EU shelves recognition of Palestine - Foreign ministers from European Union say they will recognise a Palestinian state ""when appropriate""",english.aljazeera.net,http://english.aljazeera.net//news/middleeast/2010/12/201012140844942770.html
2010-12-14,23:46:15,elods,37,Wikileaks founder Julian Assange granted bail,boingboing.net,http://www.boingboing.net/2010/12/14/julian-assange-grant.html
2010-12-15,00:11:56,eloux,42,Violence has erupted in Rome after PM Silvio Berlusconi survived parliamentary confidence votes.,cnn.com,http://www.cnn.com/2010/WORLD/europe/12/14/italy.politics/index.html
2010-12-14,20:36:27,ellhd,32,Silvio Berlusconi survives confidence vote in Italy's senate ,guardian.co.uk,http://www.guardian.co.uk/world/2010/dec/14/silvio-berlusconi-survives-confidence-vote
2010-12-15,07:26:19,elwcx,36,Ceremony to honour firefighters cancelled after Israel denies entry permits to Palestinians who helped battle blaze.,english.aljazeera.net,http://english.aljazeera.net/news/middleeast/2010/12/20101214151434351650.html
2010-12-14,16:41:48,elj4k,27,Wells Fargo Laundered 378.4 Billion Mexican Narco-Insurgent Dollars,beforeitsnews.com,http://beforeitsnews.com/story/308/633/Wells_Fargo_Laundered_378.4_Billion_Mexican_Narco-Insurgent_Dollars.html
2010-12-14,23:18:50,elnw6,30,"Hugo Chavez, the Venezualan president, has announced plans to pass laws by decree for the next six to 18 months.",english.aljazeera.net,http://english.aljazeera.net/news/americas/2010/12/201012146225420220.html
2010-12-14,20:17:11,ell9f,28,"Tony Blair’s ex-roommate shut down inquest
into death of Iraq whistleblower: report",rawstory.com,http://www.rawstory.com/rs/2010/12/blair-roommate-iraq-whistleblower/
2010-12-14,13:47:38,elgs6,23,Wikileaks protest march to go ahead in Sydney today despite police refusing permission,smh.com.au,http://www.smh.com.au/nsw/well-march-anyway-wikileaks-protesters-to-defy-police-20101214-18wh9.html#poll
2010-12-14,23:53:06,elohr,25,"Richard Holbrooke was right: ""You've got to stop this war in Afghanistan""",globalpost.com,http://www.globalpost.com/dispatch/afghanistan/101214/richard-holbrooke-afghanistan-war-diplomacy
2010-12-14,18:57:42,elki4,20,US Congressional Research Report into charging Wikileaks under the Espionage Act [pdf],fpc.state.gov,http://fpc.state.gov/documents/organization/152053.pdf
2010-12-14,20:08:21,ell68,17,"""Charges make me more determined"" - Assange ",news.smh.com.au,http://news.smh.com.au/breaking-news-national/charges-make-me-more-determined-assange-20101214-18wo3.html
2010-12-14,23:51:08,elogs,17,"As Berlusconi survives a confidence vote, rioters demand a change in government",globalpost.com,http://www.globalpost.com/dispatch/italy/101213/italy-silvio-berlusconi
2010-12-15,06:11:44,elv0t,19,"Billy Bragg - Student Protesters: This was supposed to be a generation of slacktivists but instead they have taken the initiative, demanding that tax avoiders take their share of the pain, too.",commondreams.org,http://www.commondreams.org/view/2010/12/14-10
2010-12-14,20:36:06,ellh8,17,Right-wing hooligans terrorize Russia: Soccer fans combine with extremists to beat and kill minorities,globalpost.com,http://www.globalpost.com/dispatch/russia/101213/soccer-hooligans-far-right-violence
2010-12-14,08:26:22,elbg7,14,"'Prepare for all-out cyber war' - UK Government sites 
braced for attack by pro-WikiLeaks 'hacktivists'",independent.co.uk,http://www.independent.co.uk/news/media/online/prepare-for-allout-cyber-war-2159567.html
2010-12-14,09:45:30,elcr9,11,Wikileaks: North Korea asked Eric Clapton to perform in Pyongyang ,telegraph.co.uk,http://www.telegraph.co.uk/news/worldnews/wikileaks/8198172/Wikileaks-North-Korea-asked-Eric-Clapton-to-perform-in-Pyongyang.html
2010-12-15,06:04:34,eluw0,12,FIFA president advises homosexual soccer fans against having sex while attending the World Cup in Qatar (Bonus: hilarious picture),guardian.co.uk,http://www.guardian.co.uk/football/2010/dec/14/fifa-boss-gay-fans-no-sex
2010-12-15,01:22:11,elq7h,12,"Wikileaks, a boon to human and civil rights",english.aljazeera.net,http://english.aljazeera.net/indepth/opinion/2010/12/20101214123952384907.html
2010-12-14,21:37:40,elm8y,13,"Jody McIntyre, manhandled to the ground from his wheelchair by police during last week's student protests in London, interviewed on BBC Breakfast 14th December 2010",youtube.com,http://www.youtube.com/watch?v=27yoGiaVAOU
2010-12-15,03:14:28,els9n,11,Jewish Surgeon Refuses to Operate on Neo-Nazi in Germany,telegraph.co.uk,http://www.telegraph.co.uk/news/worldnews/europe/germany/8199100/Jewish-surgeon-refuses-to-operate-on-patient-with-Nazi-tattoo.html
