2010-03-12,16:44:52,bcg0r,956,"A former Scientologist who says she was a ""child slave"" and alleges she saw a six-year-old boy chained up in a ship's hold is disappointed the Senate has blocked a full inquiry into the religious organisation.",abc.net.au,http://www.abc.net.au/news/stories/2010/03/12/2844150.htm
2010-03-12,12:58:19,bcdkm,244,Does anybody else find it absurd that the US and NATO have been fighting the Taliban since 2001 and still haven't won? ,self.worldnews,https://www.reddit.com/r/worldnews/comments/bcdkm/does_anybody_else_find_it_absurd_that_the_us_and/
2010-03-12,13:24:58,bcdvu,153,"Sweden Recognizes Armenian, Assyrian and Greek Genocide",aina.org,http://www.aina.org/news/20100311192620.htm
2010-03-12,11:15:10,bccfr,140,Two Israeli soldiers face up to 3 years in prison for forcing a Palestinian boy to open up suspected 'booby traps',english.aljazeera.net,http://english.aljazeera.net//news/middleeast/2010/03/201031122562342226.html
2010-03-13,02:16:46,bcmu9,58,Police State: Homeland Security Shows Us Its Mobile Mind Screening Checkpoints  ,youtube.com,http://www.youtube.com/watch?v=RNXig2uJ-NM
2010-03-13,04:43:39,bcoqp,46,Clinton warns Netanyahu that U.S.-Israeli relationship is at risk,washingtonpost.com,http://www.washingtonpost.com/wp-dyn/content/article/2010/03/12/AR2010031202615.html
2010-03-12,04:36:03,bc7z6,38,"Israel: Jewish group urges supermodel not to marry Leonardo DiCaprio, because he's not Jewish",latimesblogs.latimes.com,http://latimesblogs.latimes.com/babylonbeyond/2010/03/israel-barring-forseen-dicaprios.html?utm_source=feedburner&utm_medium=feed&utm_campaign=Feed%3A+BabylonBeyond+%28Babylon+%26+Beyond+Blog%29
2010-03-12,16:18:27,bcfrd,39,Found in a burial pit: Fifty-one Scandinavian Vikings decapitated by Anglo Saxons,news.bbc.co.uk,http://news.bbc.co.uk/2/hi/uk_news/england/dorset/8563377.stm
2010-03-12,22:56:16,bcjxj,34,Russia to build 12 nuclear reactors in India,english.aljazeera.net,http://english.aljazeera.net/news/asia/2010/03/20103121343392115.html
2010-03-12,22:38:45,bcjo7,37,"The world's billionaires saw their wealth grow by 50 percent last year, and their ranks swell to 1,011, from 793, according to the latest Forbes list of billionaires. The combined net worth of these 1,011 individuals increased to $3.6 trillion, up $1.2 trillion from the year before.",sott.net,http://www.sott.net/articles/show/204588-World-s-billionaires-grew-50-percent-richer-in-2009
2010-03-12,10:53:43,bcc7k,30,Police State: UK develops 'Intelligent CCTV',news.bbc.co.uk,http://news.bbc.co.uk/2/hi/uk_news/8561367.stm
2010-03-12,07:31:15,bca30,23,You wonder why Greece is fucked? Hairdressers have the right to retire with a full pension at age 50. ,nytimes.com,http://www.nytimes.com/2010/03/12/business/global/12pension.html?hp
2010-03-13,01:38:24,bcm8k,21,"China's oil demand increases an 'astonishing' 28% in January, says International Energy Agency",news.bbc.co.uk,http://news.bbc.co.uk/1/hi/business/8563985.stm
2010-03-12,16:23:31,bcft9,26,Israel seals off occupied West Bank,english.aljazeera.net,http://english.aljazeera.net/news/middleeast/2010/03/201031263757560264.html
2010-03-12,12:52:52,bcdi2,22,Japan arrests activist who boarded whaling ship,news.bbc.co.uk,http://news.bbc.co.uk/2/hi/asia-pacific/8563568.stm
2010-03-12,17:11:39,bcg9k,19,The practice of torture by the United States is a highly negative influence on the world.,granma.cu,http://www.granma.cu/ingles/2010/marzo/juev11/torturas.html
2010-03-13,01:00:42,bclpe,14,Greece debt: EU agrees bailout deal,guardian.co.uk,http://www.guardian.co.uk/world/2010/mar/12/eu-agrees-greece-bailout
2010-03-12,18:58:45,bchbo,11,"""Could the Israeli government make it any more obvious they have no intention of sharing the Over-Promised Land with its other inhabitants?""",independent.co.uk,http://www.independent.co.uk/opinion/commentators/johann-hari/johann-hari-palestinians-should-now-declare-their-independence-1920130.html
2010-03-12,12:10:00,bcd1p,13,"Anti-whaling activist arrives in Tokyo, is arrested by authorities",abc.net.au,http://www.abc.net.au/news/stories/2010/03/12/2844335.htm
2010-03-13,01:03:24,bclqx,12,"Lehman Brothers' former heads criticised for lapses. Yeah, because a slap on the wrist is definitely an appropriate response..",news.bbc.co.uk,http://news.bbc.co.uk/2/hi/business/8563604.stm
2010-03-13,02:50:44,bcnak,12,"UN Report says half of the food sent to Somalia is diverted to corrupt contractors, UN workers and militants",news.bbc.co.uk,http://news.bbc.co.uk/2/hi/africa/8560970.stm
2010-03-12,22:48:10,bcjtc,11,The real reason behind Greek economic problems,t-a-w.blogspot.com,http://t-a-w.blogspot.com/2010/03/real-reason-behind-greek-economic.html
2010-03-13,06:11:30,bcpsi,11,Brazilian president Lula said world leaders are afraid that Israel may attack Iran if a diplomatic solution over the country’s nuclear program is not reached “quickly.”,businessweek.com,http://www.businessweek.com/news/2010-03-12/lula-says-leaders-afraid-israel-may-attack-iran-if-talks-fail.html
2010-03-12,17:22:46,bcgdh,11,Eleven rare Siberian tigers have died at a zoo in north-eastern China.,news.bbc.co.uk,http://news.bbc.co.uk/2/hi/asia-pacific/8563673.stm
2010-03-13,02:50:01,bcna4,9,"Nuclear Smugglers Still at Work, Expert Says",gsn.nti.org,http://gsn.nti.org/gsn/nw_20100312_1208.php
2010-03-12,21:20:56,bcisi,8,"Do not marry Leonardo DiCaprio:Militant Jewish group warns Bar Refaeli that it will ""dilute the Jewish race""
",monstersandcritics.com,http://www.monstersandcritics.com/people/news/article_1540401.php/Do-not-marry-DiCaprio-Jewish-group-warns-Bar-Refaeli
2010-03-13,03:31:05,bcnu9,7,Growing fears over Muslim prison 'gangs',news.bbc.co.uk,http://news.bbc.co.uk/2/hi/uk_news/8558590.stm
2010-03-12,15:18:52,bcf69,8,Mobile / cellphone that allows bosses to snoop on staff developed,news.bbc.co.uk,http://news.bbc.co.uk/1/hi/technology/8559683.stm
2010-03-12,16:19:46,bcfru,6,"""If we delay opening any of our shops by even five minutes, clients send us text messages saying that they are waiting to buy liquor,""",news.bbc.co.uk,http://news.bbc.co.uk/2/hi/south_asia/8557215.stm
2010-03-13,01:24:28,bcm1p,7,"Another Friday in the West Bank: On Friday, Israeli police prevented young Palestinian men from praying at a holy site in Jerusalem, and Israel's military imposed a general ban on travel by Palestinians from the West Bank into Israel.",thelede.blogs.nytimes.com,http://thelede.blogs.nytimes.com/2010/03/12/israelis-block-palestinians-from-holy-site/
