2010-09-26,09:07:09,diwpm,505,Germans are leaving Catholicism in larger and larger numbers ,dw-world.de,"http://www.dw-world.de/dw/article/0,,5493641,00.html?s=rss"
2010-09-26,19:33:43,dj1gs,136,Plague breaks out in Tibet,abc.net.au,http://www.abc.net.au/news/stories/2010/09/26/3022252.htm?section=justin
2010-09-27,00:36:20,dj3l3,125,Indian authorities have arrested a computer scientist for refusing to divulge the source of an electronic voting machine that he and a team of researchers used to expose holes in the country's election system,theregister.co.uk,http://www.theregister.co.uk/2010/08/23/indian_evoting_critic_jailed/
2010-09-26,18:30:40,dj155,117,"The Pakistani minister for defence production 
resigns after accusing the military of carrying out 
assassinations, including that of Benazir Bhutto.",bbc.co.uk,http://www.bbc.co.uk/news/world-south-asia-11413511
2010-09-26,23:13:50,dj2tu,116,Israel is guilty of everything the US is accusing Iran of and accused Iraq of doing,youtube.com,http://www.youtube.com/watch?v=vR_IUZO3OA8
2010-09-26,16:18:31,dj0bu,82,Israel has never lacked enemies but now it risks losing its friends,guardian.co.uk,http://www.guardian.co.uk/commentisfree/cifamerica/2010/jul/06/israel-losing-friends-netanyahu-obama
2010-09-26,23:32:24,dj2zy,65,Global resistance has halted introduction of GM crops by biotech giants,independent.co.uk,http://www.independent.co.uk/environment/green-living/public-opinion-stopped-gm-says-campaigner-2089974.html
2010-09-27,07:11:07,dj7re,58,"Afghan 'vote-rigging videos' emerge: 
Al-Jazeera obtains video apparently showing police ignoring fraud.",english.aljazeera.net,http://english.aljazeera.net/news/asia/2010/09/201092614267602479.html
2010-09-26,14:30:31,dizjg,54,"Brazil looks likely to elect an extraordinary leader next weekend - The former guerrilla set to be the world's most powerful woman
				Americas, World - The Independent",independent.co.uk,http://www.independent.co.uk/news/world/americas/the-former-guerrilla-set-to-be-the-worlds-most-powerful-woman-2089916.html
2010-09-27,03:36:34,dj5hy,28,How the Chilean Miners Are Surviving Underground,time.com,"http://www.time.com/time/magazine/article/0,9171,2017215,00.html?iid=tsmodule"
2010-09-26,22:57:47,dj2p2,30,"Obesity spreading in China ""wherever there are fast food restaurants""",aolnews.com,http://www.aolnews.com/weird-news/article/fat-becoming-more-than-a-last-name-in-china-as-obesity-rate-increases/19539191
2010-09-26,12:23:34,diyf5,22,Chile miners: Family joy as rescue capsule arrives,bbc.co.uk,http://www.bbc.co.uk/news/world-latin-america-11412845
2010-09-27,07:38:05,dj823,19,"Jewish aid ship sails for Gaza :
Vessel manned by activists attempting to breach Israel's blockade of coastal strip set sails from northern Cyprus. ",english.aljazeera.net,http://english.aljazeera.net//news/europe/2010/09/2010926204723552186.html
2010-09-26,21:48:58,dj28h,21,"Today is the day where Israel chooses whether to continue to expand Jewish settlements in the occupied Palestinian territories.  Obama, the UN, the EU and Russia have all asked Israel to not resume building.",huffingtonpost.com,http://www.huffingtonpost.com/2010/07/06/israel-settlements-cover_n_635907.html
2010-09-26,16:20:30,dj0c7,19,"Mexican police arrest drug lord Margarito Soto Reyes aka ""The Tiger""",bbc.co.uk,http://www.bbc.co.uk/news/world-latin-america-11413360
2010-09-26,23:54:12,dj36t,20,'You may now turn over your papers' - This week those hoping to become All Souls fellows will sit 'the hardest exam in the world'. ,guardian.co.uk,http://www.guardian.co.uk/books/2010/sep/25/all-souls-fellows-general-paper
2010-09-27,03:18:00,dj5ax,18,"Ed Miliband left-wing? They’re having a laugh: ""The portrayal of Ed Miliband as a leftie shows how far to the right Britain has travelled""",thefirstpost.co.uk,"http://www.thefirstpost.co.uk/68950,news-comment,news-politics,ed-miliband-left-wing-theyre-having-a-laugh"
2010-09-27,06:03:11,dj72u,16,U.S. Gift for Iraqis Offers a Primer on Corruption,nytimes.com,http://www.nytimes.com/2010/09/26/world/middleeast/26iraq.html?hpw=&pagewanted=all
2010-09-26,12:43:36,diymc,15,UN Warned of Major New Food Crisis at Emergency Meeting in Rome,commondreams.org,http://www.commondreams.org/headline/2010/09/24-4
2010-09-26,16:07:46,dj095,13,Chile miners escape route arives,news.sky.com,http://news.sky.com/skynews/Home/World-News/Chile-Miners-Rescue-Capsule-Arrives-At-San-Jose-Mine---Man-Size-Tube-Will-Pull-Trapped-Men-Out/Article/201009415743706?lpos=World_N
2010-09-27,06:18:34,dj78e,15,Twitter feeds and blogs tell hidden story of Mexico's drug wars ,guardian.co.uk,http://www.guardian.co.uk/world/2010/sep/26/twitter-blog-mexico-drug-wars
2010-09-27,00:12:18,dj3cy,14,"Arabs claim Israeli discrimination: ""[...] Israel's declaration of independence, the equivalent of a constitution, states that all citizens are equal but the one-fifth of the population who are Palestinian, believe they are less equal than others [...]""",english.aljazeera.net,http://english.aljazeera.net/video/middleeast/2010/09/201092512523518559.html
2010-09-26,14:35:26,dizkk,11,Egypt and Thirsty Neighbors Are at Odds Over Nile ,nytimes.com,http://www.nytimes.com/2010/09/26/world/middleeast/26nile.html?hp
2010-09-26,12:21:37,diyeg,11,"Hershey's Markets To Kids But Is Likely Implicated 
In Child Labor, Trafficking And Forced Labor | 
Economy | AlterNet",alternet.org,http://www.alternet.org/economy/148244/hershey%27s_markets_to_kids_but_is_likely_implicated_in_child_labor%2C_trafficking_and_forced_labor
2010-09-26,20:28:13,dj1qj,8,Channel islanders attack Street View car. Another blow to Google's Domesday Book,theregister.co.uk,http://www.theregister.co.uk/2010/09/24/street_view_guernsey_vandal/
2010-09-27,00:26:01,dj3hn,10,Uganda: a pawn in the US's proxy African war on terror,guardian.co.uk,http://www.guardian.co.uk/commentisfree/cifamerica/2010/sep/25/ugandas-proxy-war-on-terror
2010-09-26,12:41:50,diyls,8,Peace talks deadlocked as settlement freeze nears end,haaretz.com,http://www.haaretz.com/print-edition/news/peace-talks-deadlocked-as-settlement-freeze-nears-end-1.315697
2010-09-27,04:21:26,dj5yr,6,Mahmoud Ahmadinejad Defends 9/11 Insults: Iranian president Ahmadinejad not backing down from comments made at U.N. General Assembly meeting.,video.foxnews.com,http://video.foxnews.com/v/4349181/ahmadinejad-defends-911-insults
2010-09-26,22:08:06,dj2d5,6,China's growing military clout and East Asia's future,latimes.com,"http://www.latimes.com/news/opinion/commentary/la-oe-mcmanus-column-china-militarism20100926,0,769043.column"
2010-09-27,00:02:55,dj39o,7,Ed Miliband: You thought fighting your brother was tough. That was the easy bit ,guardian.co.uk,http://www.guardian.co.uk/commentisfree/2010/sep/26/ed-miliband-new-labour-leader
