2010-03-10,10:08:56,bbe9k,1184,Holland proposes giving anyone over 70 the right to die if they have simply had enough and consider their lives complete,dailymail.co.uk,http://www.dailymail.co.uk/news/worldnews/article-1256670/Holland-proposes-giving-70s-consider-lives-complete-right-die.html
2010-03-10,18:01:00,bbjbi,848,"Love thy neighbor: Protected by the IDF, settlers destroy natural spring used by Palestinians for farming near Salfit by pouring cement into the spring. I can't for a single moment imagine how it must be to live amongst these vile people.",palsolidarity.org,http://palsolidarity.org/2010/03/11679
2010-03-10,08:05:24,bbcw1,160,India wants to give women 1/3 of legislative seats.  Vote was 186-1,google.com,http://www.google.com/hostednews/ap/article/ALeqM5hVOV-lH8PrhXVSc2OWzb0sg74tRwD9EB904O0
2010-03-10,22:33:22,bbm76,144,"Having been removed in favor of Nazis, members of the Jewish family have been sheltering this winter in a tent on the sidewalk opposite their home of more than five decades.",nytimes.com,http://www.nytimes.com/2010/03/10/world/middleeast/10jerusalem.html?hp&pagewanted=print
2010-03-10,02:16:10,bb8kw,123,"Chomsky: Aid Should Go to Haitian Popular Organizations, Not to Contractors or NGOs ",haitiaction.net,http://www.haitiaction.net/News/HA/3_6_10/3_6_10.html
2010-03-11,03:38:24,bbqp7,98,Trial begins over the death of Rachel Corrie. She was killed while she was trying to stop Palestinians' homes being demolished in Gaza.,guardian.co.uk,http://www.guardian.co.uk/world/2010/mar/10/rachel-corrie-civil-case-israel
2010-03-11,00:21:08,bbnv8,93,Is this what Israel is becoming?  Israeli Settlers (who earlier evicted Palestinians from their home) sing songs that praise mass murderer Baruch Goldstein.  [Video],andrewsullivan.theatlantic.com,http://andrewsullivan.theatlantic.com/the_daily_dish/2010/03/the-new-israel-watch.html
2010-03-10,16:09:45,bbi7u,75,"  At least 3,000 protesters, including Israelis and Palestinians, have rallied in an Arab quarter of east Jerusalem to protest the eviction of Palestinians from their homes there in favor of Jewish settlers.rally",english.aljazeera.net,http://english.aljazeera.net/news/middleeast/2010/03/2010362141312196.html
2010-03-10,08:27:01,bbd4x,76,"US Vice-President Joe Biden has condemned Israel's approval of 1,600 new homes for ultra-Orthodox Jews in East Jerusalem.",news.bbc.co.uk,http://news.bbc.co.uk/1/hi/world/middle_east/8558850.stm
2010-03-10,08:46:20,bbdc1,58,"When a tsunami crashed into an asylum in Chile, two unlikely heroines, one schizophrenic, the other mentally disabled, formed a team to save their friends' lives. With water up to their necks, they dragged other patients to safety. [video]",cnn.com,http://www.cnn.com/video/?/video/world/2010/03/09/penhaul.chile.unlikely.heroes.cnn&hpt=C1
2010-03-10,14:29:49,bbh3f,34,Muslim woman expelled from Canadian school for refusing to remove her niqab veil,cbc.ca,http://www.cbc.ca/canada/montreal/story/2010/03/09/mtl-niqab-quebec-intervenes-again.html
2010-03-10,16:43:42,bbijq,32,"Microsoft's Bing search engine is filtering out ""offensive"" words in Arab countries. Words like: gay, bisexual, lesbian and transvestite",itproportal.com,http://www.itproportal.com/portal/news/article/2010/3/9/bing-filters-out-offensive-words-arab-countries/
2010-03-10,22:59:05,bbml8,30,Billionaires and Mega-Corporations Behind Immense Land Grab in Africa | 20+ countries are selling or leasing land for intensive agriculture on a shocking scale in what may be the greatest change of ownership since the colonial era. ,alternet.org,http://www.alternet.org/world/145970/billionaires_and_mega-corporations_behind_immense_land_grab_in_africa
2010-03-10,20:22:36,bbkpy,24,I was just following a bee.,news.bbc.co.uk,http://news.bbc.co.uk/1/hi/uk_politics/8557605.stm
2010-03-10,23:23:55,bbmyl,17,Pakistani pols who refused airport body scans hailed as heroes in Pakistan,nytimes.com,http://www.nytimes.com/2010/03/10/world/asia/10pstan.html
2010-03-11,01:21:05,bbos1,14,China: 70-Year-Old Grandmother Beaten & Buried Alive By Property Developers Trying To Take Her Land,news.sky.com,http://news.sky.com/skynews/Home/World-News/China-70-Year-Old-Grandmother-Beaten--Buried-Alive-By-Property-Developers-Trying-To-Take-Her-Land/Article/201003215570079?lpos=World_News_News_Your_Way_Region_0&lid=NewsYourWay_ARTICLE_15570079_China%3A_70-Year-Old_Grandmother_Beaten__Buried_Alive_By_Property_Developers_Trying_To_Take_Her_Land
2010-03-11,03:27:11,bbqk6,13,Catholic Sex Abuse Accusations Spread Across Europe; Was Pope's brother involved in cover-ups?,palibandaily.com,http://www.palibandaily.com/2010/03/10/catholic-sex-abuse-accusations-spread-across-europe/
2010-03-11,03:00:03,bbq6q,14,A third of the world's jailed journalists are imprisoned in Iran; China is next with 24 jailed journalists followed by Cuba with 22,commondreams.org,http://www.commondreams.org/headline/2010/03/10-5
2010-03-10,18:08:43,bbje9,12,Israeli court to hear civil case over death of Rachel Corrie in Gaza,guardian.co.uk,http://www.guardian.co.uk/world/2010/mar/10/rachel-corrie-civil-case-israel?utm_source=twitterfeed&utm_medium=twitter
2010-03-10,22:44:44,bbmdf,11,Parents want Israel to answer for daughter's bulldozer death,cnn.com,http://www.cnn.com/2010/WORLD/meast/03/10/israel.bulldozer.death/index.html?hpt=T1
2010-03-11,00:10:39,bbnny,9,China's exports rise 46% from a year ago,nytimes.com,http://www.nytimes.com/2010/03/11/business/global/11yuan.html?hp
2010-03-10,21:20:28,bblaq,13,"""Jihad Jane"" Colleen LaRose from Pennsylvania recruited Muslims in Ireland to kill Swedish cartoonist, Lars Vilks",nydailynews.com,http://www.nydailynews.com/news/world/2010/03/10/2010-03-10_jihad_jane_wanted_death_for_cartoonist.html
2010-03-11,04:31:44,bbre7,11,Canada learns that foreign ownership means increased suffering for Canada's workers. ,nytimes.com,http://www.nytimes.com/2010/01/14/business/global/14inco.html?
2010-03-11,07:30:37,bbtfy,8,"Mexican Carlos Slim Huan overtakes Bill Gates as the world's richest man, according to the Forbes 'rich list'. In related news, the Mexican GDP per capita in PPP is US$10,600.",news.bbc.co.uk,http://news.bbc.co.uk/2/hi/business/8560731.stm
2010-03-10,21:21:44,bblb8,6,Palestinian-produced play in Gaza calls out Hamas and Fatah for ignoring the suffering of their people and selling out to Iran and the United States,news.yahoo.com,http://news.yahoo.com/s/afp/20100310/ts_afp/mideastpalestinianpoliticsgazatheatre
2010-03-10,11:34:11,bbf67,9,The Earthquake in Chile Moved the City 3 Metres!,thestar.com,http://www.thestar.com/news/world/article/777095--chile-quake-moved-city-3-metres-west?bn=1
2010-03-11,06:47:39,bbsyx,7,Bluefin tuna trade ban gains European Union backing,news.bbc.co.uk,http://news.bbc.co.uk/2/hi/science/nature/8560896.stm
2010-03-10,21:42:25,bblip,9,New law bars Myanmar's Aung San Suu Kyi from running in upcoming elections,news.yahoo.com,http://news.yahoo.com/s/ap/20100310/ap_on_re_as/as_myanmar_election
2010-03-10,16:33:38,bbigm,6,"An American woman known as ""Jihad Jane"" has been charged with recruiting jihadist fighters via the internet and conspiring to kill an unnamed person in Sweden.",abc.net.au,http://www.abc.net.au/news/stories/2010/03/10/2841941.htm
2010-03-10,21:33:38,bblfm,6,UK Digital Economy Bill is a threat to our right to free speech... that's one more thing then..,computerweekly.com,http://www.computerweekly.com/Articles/2010/03/10/240558/Digital-Economy-Bill-amendment-threatens-free-speech-on.htm
