2010-06-01,09:01:27,ca1yi,325,"While everyone gets caught up in the details of the IDF-Turkish flotilla incident, here's a good perspective on the bigger picture and strategic implications. Produced by Stratfor, a global intelligence company.",stratfor.com,http://www.stratfor.com/weekly/20100531_flotillas_and_wars_public_opinion?utm_source=GWeekly&utm_medium=email&utm_campaign=100531&utm_content=readmore&elq=ec0dbb5abd264ff39b3645c5d73e93b4
2010-06-01,16:21:58,ca5g4,120,"UN Security Council condemns acts in international waters, requests release of ships and civilians, full investigation ""conforming to international standards"", and unimpeded distribution of humanitarian assistance in Gaza.",news.bbc.co.uk,http://news.bbc.co.uk/2/hi/world/middle_east/10201202.stm
2010-06-01,21:23:46,ca7qi,80,"Activists Send New Boat to Challenge Gaza Blockade as Egypt Lifts Its Side of the Blockade to ""alleviate the suffering of our Palestinian brothers after the Israeli attack on the flotilla""",abcnews.go.com,http://abcnews.go.com/International/wireStory?id=10792731
2010-06-01,14:47:08,ca4q4,57,"It is a fact that it is ordinary people, activists, call them what you will, who now take decisions to change events. Our politicians are too spineless, too cowardly, to take decisions to save lives",belfasttelegraph.co.uk,http://www.belfasttelegraph.co.uk/opinion/columnists/robert-fisk/robert-fisk-has-israel-lost-it-14826907.html
2010-06-02,02:41:11,cab62,49,David Grossman writing in The Guardian - The best article I've read in a while from a moderate patriotic Israeli expressing how monday's events illustrate just how messed up Israel has become.,guardian.co.uk,http://www.guardian.co.uk/commentisfree/2010/jun/01/gaza-flotilla-attack-isral-declined
2010-06-01,23:07:35,ca8tb,48,First passenger accounts of Israeli attack on flotilla begin to emerge: IDF fired BEFORE boarding,timesonline.co.uk,http://www.timesonline.co.uk/tol/news/world/middle_east/article7141783.ece
2010-06-01,22:45:41,ca8l4,47,PAKISTAN: Women Intensify Push to Pass Law Against Acid Attacks,ipsnews.net,http://www.ipsnews.net/news.asp?idnews=51644
2010-06-01,21:50:29,ca80j,38,Australia launches legal action against Japan over whaling,australiantimes.co.uk,http://www.australiantimes.co.uk/news/Australia-launches-japan-legal-action-on-whaling
2010-06-02,02:22:13,caaxt,36,"""They're going to have to stop the blockade of Gaza, and one of the ways to do this is for us to continue to send the boats"". Two new aid ships on their way to Gaza",todayszaman.com,http://www.todayszaman.com/tz-web/news-211788-activists-send-new-boat-to-challenge-gaza-blockade.html
2010-06-02,00:10:38,ca9ir,34,"New Hungarian Government replacing hundreds of government websites with ""OMG""",fvm.gov.hu,http://fvm.gov.hu/index_en.html
2010-06-01,09:04:25,ca1zj,25,Israeli Publicity Machine Cranks Into Gear Over Raid On Mavi Marmara,guardian.co.uk,http://www.guardian.co.uk/world/2010/may/31/publicity-machine-overdrive-mavi-assault
2010-06-01,23:01:12,ca8r0,24,"Israelis haven't expressed much sympathy for Gaza freedom flotilla activists attacked in an Israeli raid Monday. But they're upset that their government walked into what they say was a trap, and botched the mission.

",csmonitor.com,http://www.csmonitor.com/World/Middle-East/2010/0601/Why-Israelis-are-upset-about-Israeli-raid-on-Gaza-freedom-flotilla
2010-06-01,13:54:43,ca4a7,22,I've had a vasectomy,guardian.co.uk,http://www.guardian.co.uk/world/2010/may/31/vasectomy-new-zealand-pm-conference
2010-06-01,21:45:41,ca7z7,20,Turkey: All options are on the table,mideast.foreignpolicy.com,http://mideast.foreignpolicy.com/posts/2010/05/31/turkey_all_options_are_on_the_table
2010-06-01,21:19:47,ca7p2,24,India's economy grows 8.6%,video.ft.com,http://video.ft.com/v/89104947001/May-31-India-s-economy-grows-8-6-
2010-06-01,19:11:13,ca6mp,19,"Israel Holds Hundreds of People Seized During Raid on Freedom Flotilla, While UN Condemns Israel “acts” and More Ships Depart Toward Gaza",nytimes.com,http://www.nytimes.com/2010/06/02/world/middleeast/02flotilla.html
2010-06-01,16:55:19,ca5ox,17,Presenting a Dutch proposal to stop the oil within days,zerohedge.com,http://www.zerohedge.com/article/presenting-dutch-proposal-stop-gom-oil-spill-within-days
2010-06-02,07:05:39,cae61,16,"It's Official - Another BP Failure - Efforts To End Flow From BP Well Are Over, Coast Guard Says",preview.bloomberg.com,http://preview.bloomberg.com/news/2010-06-01/efforts-to-end-oil-flow-from-bp-s-leaking-well-are-over-coast-guard-says.html
2010-06-01,22:37:56,ca8hn,16,Egypt opens Gaza border after Israel ship clash,reuters.com,http://www.reuters.com/article/idUSTRE6502H820100601?rpc=64
2010-06-01,16:15:44,ca5ea,14,Life inside the North Korean bubble,news.bbc.co.uk,http://news.bbc.co.uk/2/hi/programmes/newsnight/8701959.stm
2010-06-02,02:13:08,caatf,15,Israel planning massive attack on Gaza: Ahmadinejad,google.com,http://www.google.com/hostednews/afp/article/ALeqM5gB-FAyqVM9ib83vvh8_lYwz7_wzw
2010-06-02,04:26:06,cacg1,12,Swingers' case tests sexual limits in China.  A  professor is sentenced to prison for starting a sex club. Many people say he committed no crime.,latimes.com,"http://www.latimes.com/news/nationworld/world/la-afdg-china-swingers-club-20100522,0,2448982.story"
2010-06-02,02:40:05,cab5k,11,"A member of the Israeli Knesset (legislative branch of the Israeli government) on board the Marmara ship when it was ambushed by IDF troops, has told reporters that the intention of the raid was to kill as many on board as they could in order to ward off others from attempting to reach Gaza by sea. ",prisonplanet.com,http://www.prisonplanet.com/israeli-knesset-member-israel-wanted-high-number-of-fatalities.html
2010-06-02,04:43:06,cacmj,11,"Lesson: if you're willing to die for your cause, punch a soldier in the face and try to get him to shoot you.",economist.com,http://www.economist.com/blogs/democracyinamerica/2010/06/gaza_flotilla
2010-06-02,04:17:49,caccr,11,Racist couples barred from adopting children in Italy,news.com.au,http://www.news.com.au/world/racist-couples-barred-from-adopting-children-in-italy/story-e6frfkyi-1225874248977
2010-06-01,20:50:25,ca7ej,11,"Watch Propaganda at its finest. After the Turkish condemnation of the Israeli raid, the Israeli spokesman compares the Erdogan government with Islamist extremists and Hamas. Stay classy.",youtube.com,http://www.youtube.com/watch?v=Cyn0-VB5iFI
2010-06-02,01:04:38,caa2z,9,"Turkish foreign minister: Israeli raid on Gaza aid flotilla is ""psychologically, like 9/11 for Turkey"" and that NATO will investigate, because they ""were attacked by a country that was not a member of NATO""",washingtonpost.com,http://www.washingtonpost.com/wp-dyn/content/article/2010/06/01/AR2010060101506.html?hpid=topnews
2010-06-01,14:07:31,ca4ek,10,Has Israel lost lone Muslim ally Turkey?,news.bbc.co.uk,http://news.bbc.co.uk/2/hi/middle_east/8714983.stm
2010-06-01,22:42:49,ca8jr,8,"""The Gulf of Mexico is a very big ocean. The amount of volume of oil and dispersant we are putting into it is tiny in relation to the total water volume"" (BP CEO some weeks ago)",guardian.co.uk,http://www.guardian.co.uk/business/2010/may/13/bp-boss-admits-mistakes-gulf-oil-spill?
2010-06-01,21:32:01,ca7tr,9,"UK declares how many nuclear warheads it has: overall stockpile “will not exceed 225” nukes, ""operationally available will remain at 160”",blogs.nature.com,http://blogs.nature.com/news/thegreatbeyond/2010/06/uk_reveals_nuke_numbers.html
