2010-12-22,19:59:08,epul1,1873,Spanish parliament rejects anti-downloading law that would have allowed the courts to close down p2p websites. Wikileaks revealed the US bullied Spain into trying to pass this law. Rest of the world: it's your turn to stand firm against those who try to impose internet censorship. You can do it too!,monstersandcritics.com,http://www.monstersandcritics.com/news/europe/news/article_1607238.php/Spanish-Parliament-rejects-anti-downloading-law
2010-12-22,09:12:51,epmsq,1292,WikiLeaks smoking cable: Israel said it had ’secret accord’ with U.S. over expanding settlements even as Obama said in Cairo they must stop,mondoweiss.net,http://mondoweiss.net/2010/12/the-smoking-wiki-gun-israel-and-us-had-secret-accord-for-settlements-even-as-obama-promised-muslim-world-they-must-end.html
2010-12-22,07:32:05,eple6,294,Is it really happening in Europe? More than 600 in jail including five presidential candidates and nobody cares?!,guardian.co.uk,http://www.guardian.co.uk/world/2010/dec/21/600-charged-belarus-protests-lukashenko
2010-12-23,03:10:23,eq0jf,101,Russian newspaper gets unlimited access to the WikiLeaks database,bloomberg.com,http://www.bloomberg.com/news/2010-12-22/wikileaks-joins-forces-with-billionaire-lebedev-gorbachev.html
2010-12-23,06:12:41,eq3wx,86,"Julian Assange Renews Membership In Australian Journalists' Union - ACTU president Ged Kearney will present a membership card to Mr Assange's Australian lawyer, Rob Stary, at a ceremony in Melbourne on Thursday morning.",au.news.yahoo.com,http://au.news.yahoo.com/thewest/a/-/national/8554858/assange-to-become-meaa-member/
2010-12-22,13:39:10,epqkr,73,"The Secret Behind the Travel Mayhem - 
Why is five inches of snow shutting down London’s Heathrow airport? Because it’s more concerned with being a mall than plowing runways.",thedailybeast.com,http://www.thedailybeast.com/blogs-and-stories/2010-12-21/heathrow-airport-shutdown-whats-the-real-cause/?cid=hp:mainpromo2
2010-12-23,04:41:46,eq2ak,64,We now know the Tory government want to sell ALL state-owned English forest,guardian.co.uk,http://www.guardian.co.uk/environment/blog/2010/dec/22/tory-privatisation-all-state-forests
2010-12-23,03:00:01,eq0bm,62,"Julian Assange about secrets, leaks and why he will not go back to Sweden - Al Jazeera interview",english.aljazeera.net,http://english.aljazeera.net/programmes/frostovertheworld/2010/12/201012228384924314.html
2010-12-22,21:59:51,epvwf,62,"Argentina has sentenced 15 former military and police officers to life in prison for taking part in human rights violations during Argentina's ""dirty war""",abc.net.au,http://www.abc.net.au/news/stories/2010/12/22/3099790.htm?section=justin
2010-12-23,05:06:54,eq2rb,50,Nuclear Arms reduction treaty ratified by US senate,bloomberg.com,http://www.bloomberg.com/news/2010-12-21/senate-clears-way-for-ratification-of-u-s-russia-nuclear-weapons-treaty.html
2010-12-22,08:57:48,epmke,44,"Fossil hunters uncover complete 252m yr old underwater world, including plants, fish and large reptiles, in Luoping, China",guardian.co.uk,http://www.guardian.co.uk/science/2010/dec/22/luoping-fossils-discovered-china
2010-12-22,19:56:43,epuk4,39,Your tax dollars at work: Israeli to deploy new tanks to Gaza,english.aljazeera.net,http://english.aljazeera.net/news/middleeast/2010/12/20101222103714825735.html
2010-12-22,23:23:21,epx3o,38,Unknown Hemorrhagic fever outbreak that started in Abim Uganda Last month has yet to be identified.,independent.co.ug,http://www.independent.co.ug/index.php/features/features/42-features/3755-strange-killer-of-abim-
2010-12-23,00:30:57,epy79,33,Spain Rejects Proposed Legislation to Shutdown P2P Sites,torrentfreak.com,http://torrentfreak.com/spain-rejects-proposed-legislation-to-shutdown-p2p-sites-101222/
2010-12-22,18:47:51,eptyq,29,Forests size of Russia 'could be restored' ,edition.cnn.com,http://edition.cnn.com/2010/TECH/innovation/12/13/forest.restoration/index.html
2010-12-23,05:17:53,eq2xt,29,Julian Assange will be Le Monde's man of the year  according to AFP via RIA Novosti (use Google Translate),rian.ru,http://www.rian.ru/world/20101222/312198911.html
2010-12-22,09:54:46,epne9,32,Toronto G20 Police Officer Finally Charged With Assault,digitaljournal.com,http://www.digitaljournal.com/article/301661
2010-12-22,20:47:20,epv1c,28,Apple removes iPhone Wikileaks app from iTunes,bbc.co.uk,http://www.bbc.co.uk/news/technology-12059577
2010-12-22,17:33:32,eptag,22,S Korea to hold 'mega drill' ,english.aljazeera.net,http://english.aljazeera.net/news/asia-pacific/2010/12/2010122234351687271.html
2010-12-23,05:54:47,eq3m6,23,Argentina former leader Jorge Videla jailed for life,bbc.co.uk,http://www.bbc.co.uk/news/world-latin-america-12064831
2010-12-22,23:08:34,epww4,23,WikiLeaks cables: Syria believed Israel was behind sniper killing. Assassination of Syrian president's top security aide caused anxiety among the political elite,guardian.co.uk,http://www.guardian.co.uk/world/2010/dec/20/wikileaks-cables-syria-sniper-killing
2010-12-23,07:37:01,eq59f,22,UN office for torture issues in Geneva looking into Bradley Manning's treatment,miamiherald.com,http://www.miamiherald.com/2010/12/22/1985113/un-looking-into-wikileaks-suspects.html
2010-12-23,07:21:00,eq50c,20,"Ahead Of Possible Wikileaks Assault, Bank Of America Buys Insulting Domains — Live News Wire",livenewswire.org,http://livenewswire.org/2010/12/ahead-of-possible-wikileaks-assault-bank-of-america-buys-insulting-domains/
2010-12-22,17:53:26,eptgw,19,"WikiLeaks cables: Vatican vetoed Holocaust 
memorial over Pius XII row",guardian.co.uk,http://www.guardian.co.uk/world/2010/dec/21/wikileaks-cables-vatican-holocaust-pius
2010-12-22,21:06:08,epv8m,17,Israel had ’secret accord’ with U.S. over expanding settlements even as Obama said they must stop,cablesearch.org,http://cablesearch.org/?id=09PARIS827&v
2010-12-22,20:03:22,epumk,12,"Justice at last: Courts in Buenos Aires and Mar del Plata have sentenced 15 former military and police officers to life in prison for taking part in human rights violations during Argentina's ""dirty war"".",abc.net.au,http://www.abc.net.au/news/stories/2010/12/22/3099790.htm
2010-12-22,17:42:52,eptdc,11,"UK - The ""big four"" supermarkets have plans for at least 577 new stores in the next 2 years, concerns over killing off high street competition and crippling agriculture",bbc.co.uk,http://www.bbc.co.uk/news/uk-england-12039041
2010-12-23,05:23:29,eq31m,12,"""She will not bring charges against the man she says [raped her] since she may be the one who ends up in prison"" (Mauritania)",cnn.com,http://www.cnn.com/2010/WORLD/africa/12/21/mauritania.rape/index.html?iref=NS1
2010-12-23,02:54:01,eq07k,10,Julian Assange interviewed by David Frost,youtube.com,http://www.youtube.com/watch?v=U6mcSXge4Qo
2010-12-23,04:01:38,eq1it,13,"Yours Obediently, Europe - Commenting on the state of trans-Atlantic relations in 2008, Jimmy Carter argued that European Union govts are ""not our vassals"" but ""occupy an equal position with the U.S."" Documents released over the past month appear to offer a different view.",ipsnews.net,http://www.ipsnews.net/news.asp?idnews=53931
