2010-04-11,23:12:48,bpdzw,492,Muslim staff escape NHS hospital hygiene rule,telegraph.co.uk,http://www.telegraph.co.uk/news/7576357/Muslim-staff-escape-NHS-hygiene-rule.html
2010-04-11,08:08:32,bp80y,180,UN judge calls for prosecution of Pope Benedict,rawstory.com,http://rawstory.com/rs/2010/0410/judge-calls-prosecution-pope-benedict/
2010-04-11,21:32:27,bpd8c,68,New Research Sheds Light on Soviet Plans for World War III - The significance of a massive Communist-era bunker in the former East Germany. Was it to be used as a command post in the event of a Soviet invasion of Western Europe? Europe was closer to the nuclear abyss than was previously believed.,spiegel.de,"http://www.spiegel.de/international/germany/0,1518,687920,00.html"
2010-04-11,15:41:04,bpb2l,57,"Even in death, African gays are still abused",msnbc.msn.com,http://www.msnbc.msn.com/id/36376840/ns/world_news-africa
2010-04-12,06:31:22,bpia4,58,"I Was Hacked in Beijing - most foreign journalists have come to assume our phone conversations are monitored. We have learned to remove our cellphone SIM cards when meeting dissidents. At the office, we often reflexively lower our voices when discussing “politically sensitive” topics.",nytimes.com,http://www.nytimes.com/2010/04/11/weekinreview/11jacobs.html?ref=world
2010-04-11,22:57:11,bpdur,58,"'Cure' is found for skin cancer, claim scientists",telegraph.co.uk,http://www.telegraph.co.uk/health/healthnews/7576456/Cure-is-found-for-skin-cancer-claim-scientists.html
2010-04-12,07:25:32,bpiqq,48,Turkey says that the world is turning a blind eye to Israel's nuclear weapons,haaretz.com,http://www.haaretz.com/hasen/spages/1162220.html
2010-04-11,09:36:32,bp8pu,40,Road rage against self-declared VIP in Moscow ,observers.france24.com,http://observers.france24.com/en/content/20100407-driver-anger-powerful-russian-official-mercedes-noize-brazenly-flout-traffic-rules
2010-04-11,17:10:59,bpbnx,37,South Korea enforces first ban on abortions,articles.sfgate.com,http://articles.sfgate.com/2010-03-17/world/18836616_1_abortion-republic-south-korea-birth-control
2010-04-11,23:26:39,bpe4f,33,Australia to prosecute over Barrier Reef ship crash,news.bbc.co.uk,http://news.bbc.co.uk/2/hi/asia-pacific/8613890.stm
2010-04-12,05:09:15,bphjf,34,"Richard Dawkins: Ratzinger ... should remain in charge of the whole rotten edifice - the whole profiteering, woman-fearing, guilt-gorging, truth-hating, child-raping institution - while it tumbles ... about his ears.",newsweek.washingtonpost.com,http://newsweek.washingtonpost.com/onfaith/panelists/richard_dawkins/2010/03/ratzinger_is_the_perfect_pope.html
2010-04-11,18:10:26,bpc0a,26,Vladimer Putin expresses his deep feelings about the Polish tragedy.,news.bbc.co.uk,http://news.bbc.co.uk/2/hi/europe/8613176.stm
2010-04-11,18:41:59,bpc86,21,'Devil horns' grandmother now quite enjoying her horns,metro.co.uk,http://www.metro.co.uk/weird/820684-devil-horns-grandmother-now-quite-enjoying-her-horns
2010-04-11,08:03:57,bp7z7,20,Pakistan May Have Secretly Freed Captured Taliban Leaders,washingtonpost.com,http://www.washingtonpost.com/wp-dyn/content/article/2010/04/10/AR2010041002111.html?hpid=topnews
2010-04-11,19:01:14,bpccg,20,"19 dead, over 800 injured as protesters and military units clashed in Thailand",france24.com,http://www.france24.com/en/20100411-thailand-turmoil-after-19-die-bloody-clashes-0
2010-04-11,10:32:21,bp94l,16,IDF order will enable mass deportation from West Bank  - Haaretz,haaretz.com,http://www.haaretz.com/hasen/spages/1162075.html
2010-04-12,00:07:02,bpei0,11,Apartheid in Israel: tens of thousands of Palestinians to be evicted from the occupied West Bank,english.aljazeera.net,http://english.aljazeera.net/news/middleeast/2010/04/2010411113726639765.html
2010-04-11,21:10:20,bpd3p,12,"How Ironical...  Viva Palestine Hero beaten by....  ""They called me a filthy Kaffir"" said Galloway, ""and shouted that no one should shake the 'filthy Kaffir's hand' "".  ",therespectparty.net,http://www.therespectparty.net/breakingnews.php?id=858
2010-04-12,07:31:21,bpist,12,Israel's military has issued new orders that could lead to the expulsion of tens of thousands of Palestinians from the West Bank.,news.yahoo.com,http://news.yahoo.com/s/ap/20100411/ap_on_re_mi_ea/ml_israel_palestinians
2010-04-11,20:49:27,bpcz7,9,Eugenics - the newest American export,telegraph.co.uk,http://www.telegraph.co.uk/news/newstopics/politics/lawandorder/7571597/Drug-addicts-offered-cash-to-stop-reproducing.html
2010-04-12,05:57:28,bphyz,8,"Royal maids are up in arms after being roped in to work evenings, on top of their day jobs, for no extra pay.",express.co.uk,http://www.express.co.uk/posts/view/168495/Queen-s-chambermaids-walk-out
2010-04-11,20:49:32,bpcz9,8,"Israeli nuclear arsenal 100 to 300 warheads, almost equal to Britain",asianews.it,"http://www.asianews.it/news-en/Israeli-nuclear-arsenal-100-to-300-warheads,-almost-equal-to-Britain-18107.html"
2010-04-12,05:14:41,bphle,9,The Chinese government increasingly employs people to peddle its views online,mercurynews.com,http://www.mercurynews.com/breaking-news/ci_14854695
2010-04-11,22:48:10,bpds4,7,Bomb damages U.S. consulate in Mexico,theglobeandmail.com,http://www.theglobeandmail.com/news/world/bomb-damages-us-consulate-in-mexico/article1530408/?cmpid=rss1
2010-04-11,19:04:29,bpcd7,6, Slum disappears in Rio mudslide; 200 feared dead,google.com,http://www.google.com/hostednews/ap/article/ALeqM5i3lzkJbjU27HrIF8LBB2DAuM3g-gD9EV5CG03
2010-04-12,04:19:39,bph36,6,Britain's Armed Forces Crisis  - TIME,time.com,"http://www.time.com/time/world/article/0,8599,1978680,00.html"
2010-04-11,12:41:36,bpa3o,4,Israel called on to honour the 'Arab Schindler',guardian.co.uk,http://www.guardian.co.uk/world/2010/apr/11/arab-schindler-honour-israel
2010-04-11,11:13:10,bp9f7,5,Background of Events in Kyrgyzstan,hrw.org,http://www.hrw.org/en/news/2010/04/07/backgound-events-kyrgyzstan
2010-04-11,20:51:55,bpczq,5,KYRGYZSTAN New government says Bakiyev must go,asianews.it,http://www.asianews.it/news-en/New-government-says-Bakiyev-must-go-18104.html
2010-04-12,07:45:05,bpiwl,5,"FOUR Foxconn employees attempt suicide in one month.  Enjoy your cheap electronics, though!",hothardware.com,http://hothardware.com/News/Four-Foxconn-Workers-Attempt-Suicide-In-A-Month-Are-LowCost-Gadgets-The-Reason/
