2010-03-15,20:02:05,bdkh0,795,"In short, right now America has China over a barrel, not the other way around.",nytimes.com,http://www.nytimes.com/2010/03/15/opinion/15krugman.html?hp=&pagewanted=print
2010-03-15,21:41:15,bdln2,159,Israel-US ties at 'historic low',news.bbc.co.uk,http://news.bbc.co.uk/2/hi/middle_east/8567706.stm
2010-03-15,11:24:23,bdfd0,134,"We can't go round injecting our brains with Tralfamadorian grey matter, because it doesn't exist. Instead the closest thing we have is LSD, which must be pumped into the water supply",guardian.co.uk,http://www.guardian.co.uk/commentisfree/2010/mar/15/charlie-brooker-time
2010-03-15,12:07:24,bdfsu,102,"Wyclef Jean Paid His Mistress $105,000 Through His Haiti Charity",gawker.com,http://gawker.com/5492081/wyclef-jean-paid-his-mistress-105000-through-his-haiti-charity
2010-03-15,02:11:07,bdagf,81,Sweden's PM apologizes for 'genocide' vote  - Do you think the massacres of Armenians by Ottoman Turks should be labeled genocide?,swedishwire.com,http://www.swedishwire.com/politics/3308-swedens-pm-apologizes-for-genocide-vote
2010-03-16,02:29:37,bdpm6,74,Shanghai prepares for Expo 2010 [PICS],boston.com,http://www.boston.com/bigpicture/2010/03/shanghai_prepares_for_expo_201.html
2010-03-15,17:18:28,bdium,56,Israel’s apartheid: Making Palestinians pay for Hitler’s crimes,links.org.au,http://links.org.au/node/1566
2010-03-16,03:51:08,bdqoy,47,"Iran sentences 6 protesters to death. The protesters wanted to celebrate a thousand-year old annual tradition (""the Feast of Fire""), which was deemed by supreme leader Ayatollah Ali Khamenei as having, ""...no religious basis and is harmful and must be avoided.""",nytimes.com,http://www.nytimes.com/2010/03/16/world/middleeast/16iran.html?hp
2010-03-15,23:06:32,bdmr6,44,Final destination Iran? | Hundreds of powerful U.S. “bunker-buster” bombs are being shipped from California to the British island of Diego Garcia in the Indian Ocean in preparation for a possible attack on Iran.,heraldscotland.com,http://www.heraldscotland.com/news/world-news/final-destination-iran-1.1013151
2010-03-16,02:39:21,bdpqt,32,Muslim gangs imposing sharia law in British prisons,telegraph.co.uk,http://www.telegraph.co.uk/news/newstopics/politics/lawandorder/7428933/Muslim-gangs-imposing-sharia-law-in-British-prisons.html
2010-03-15,23:29:25,bdn2j,30,"General Petraeus, responsible in part for the successful surge in Iraq, asked for Israel-Palestine to be put under his regional command.",andrewsullivan.theatlantic.com,http://andrewsullivan.theatlantic.com/the_daily_dish/2010/03/petraeus-vs-netanyahu.html#more
2010-03-15,09:16:08,bde6g,27,British couple appealing Dubai kiss conviction - A man and a woman kissing is against the law. Dubai - a place to be.,timesonline.co.uk,http://www.timesonline.co.uk/tol/news/world/middle_east/article7061449.ece
2010-03-16,02:40:23,bdpra,24,Married for a Minute: Is Iran's mullah-backed system of temporary marriage a godsend for the sexually frustrated—or religious prostitution?,motherjones.com,http://motherjones.com/politics/2010/03/temporary-marriage-iran-islam
2010-03-16,04:25:13,bdr3o,24,Fathers in the UK will now be able to spend the night in the maternity ward with their new baby,guardian.co.uk,http://www.guardian.co.uk/society/2010/mar/15/fathers-can-stay-maternity-wards
2010-03-15,09:27:22,bde9n,23,Democracy proposed for Britain - Labour has plan to ditch the House of Lords ,smh.com.au,http://www.smh.com.au/world/labour-has-plan-to-ditch-the-house-of-lords-20100314-q64d.html
2010-03-15,09:19:06,bde7g,18,COMPUTER hackers linked to the Russian mafia robbed Royal Bank of Scotland customers of £6million in 12 hours.,dailyrecord.co.uk,http://www.dailyrecord.co.uk/news/business-news/2010/03/14/royal-bank-of-scotland-raiders-huge-6m-haul-in-12-hours-86908-22110087/
2010-03-15,23:05:58,bdmqt,17,"How Dubai unraveled a homicide, frame by frame — A mix of old-fashioned legwork and high-tech razzle-dazzle, scouring hundreds of hours of surveillance videos, helped police home in on suspects in a Hamas man's slaying, blamed on Israel's Mossad.",latimes.com,"http://www.latimes.com/news/nation-and-world/la-fg-dubai-investigation14-2010mar14,0,2523803,full.story"
2010-03-15,11:49:30,bdflx,16,"80pc of Chileans without power

A vast area of earthquake-hit Chile, including the capital city of Santiago, has been plunged into darkness by a massive blackout, the National Emergency Office said.",abc.net.au,http://www.abc.net.au/news/stories/2010/03/15/2846178.htm?section=justin
2010-03-15,18:57:41,bdjty,15,"Man threatens massacre at Stockholm college on 4chan, arrested.",thelocal.se,http://www.thelocal.se/25522/20100315/
2010-03-16,02:29:02,bdplo,15,"Pope's friend, a German cardinal, suspended for children sex-abuse conviction",edition.cnn.com,http://edition.cnn.com/2010/WORLD/europe/03/15/vatican.priests.sexual.abuse/
2010-03-16,00:24:47,bdnvb,14,"The White House is raising the stakes with Israel, calling it an ""insult"" and an ""affront"" that the Jewish nation would continue plans to build 1,600 new apartments",foxnews.com,http://www.foxnews.com/politics/2010/03/14/white-house-ups-ante-new-criticism-israel/?test=latestnews
2010-03-15,20:12:23,bdkky,10,"In an effort to stop growing Palestinian protests against the Wall, Israel declares the West Bank villages of Bil'in and Ni'lin a ""closed military area"" until August 17.",haaretz.com,http://www.haaretz.com/hasen/spages/1156536.html
2010-03-15,09:23:16,bde8m,8,Europe trashes ACTA as Obama praises it,arstechnica.com,http://arstechnica.com/tech-policy/news/2010/03/europe-trashes-acta-as-obama-praises-it.ars?comments=1&utm_source=rss&utm_medium=rss&utm_campaign=rss#comments-bar
2010-03-15,11:51:23,bdfmq,12,5 Reasons Why Russia Isn't China.,themoscowtimes.com,http://www.themoscowtimes.com/opinion/article/5-reasons-why-russia-isnt-china/401597.html
2010-03-15,23:05:06,bdmqa,7,Russian mafia suspects held across Europe,guardian.co.uk,http://www.guardian.co.uk/world/2010/mar/15/spain-russian-mafia-suspects-arrested
2010-03-16,01:37:33,bdoxf,7,Kafka legacy in a convoluted and endless legal battle ,news.bbc.co.uk,http://news.bbc.co.uk/2/hi/middle_east/8545157.stm
2010-03-15,21:38:21,bdllp,8,Alligator wrestling started in the Seminole tribe back when we were forced to catch them for food.,timesonline.co.uk,http://www.timesonline.co.uk/tol/news/world/us_and_americas/article7061661.ece
2010-03-15,19:49:25,bdkcd,5,Thailand's `class war': Hundreds of thousands take to the streets to demand democracy,links.org.au,http://links.org.au/node/1567
2010-03-15,08:19:39,bddq6,7,"""In addition I recalled that, out of 33 charges for violation of human rights issued by the Human Rights Council since 2006, 27 have been against Israel; the same holds true for the promotion of the ""Durban Review Conference"", theoretically against racism, but in practice against Israel""",fiammanirenstein.com,http://www.fiammanirenstein.com/articoli.asp?Categoria=5&Id=2333
2010-03-15,17:27:34,bdixw,6,"A powerful cyclone has hit Fiji, damaging homes and crops and prompting thousands of evacuations.",abc.net.au,http://www.abc.net.au/news/stories/2010/03/15/2846237.htm
