2010-11-04,09:59:50,e0xyn,1822,Canadian couple wins $11.2 million jackpot and gives away the entire thing. ,thestar.com,http://www.thestar.com/news/canada/article/885532--couple-gives-away-11-2m-in-lottery-winnings?bn=1
2010-11-04,22:00:23,e15s4,1627,Nearly 100 Toronto police officers will be disciplined for removing their badge numbers or name tags at the G20 summit,theglobeandmail.com,http://www.theglobeandmail.com/news/national/toronto/nearly-100-toronto-officers-to-be-disciplined-over-summit-conduct/article1784884/%20/
2010-11-05,07:13:00,e1fdr,280,"A court in Vinnytsya, Ukraine, ordered a trade union activist to undergo a forced psychiatric examination after prosecutors argued that he has an ""excessive awareness of his own and others' rights"" and an ""uncontrollable readiness to defend these rights in unrealistic ways.""",amnesty.org.uk,http://www.amnesty.org.uk/news_details.asp?NewsID=19069
2010-11-04,21:48:00,e15lk,111,Out of a Dan Brown novel: A mysterious organisation offers to pay off £5 billion British debt.,publications.parliament.uk,http://www.publications.parliament.uk/pa/ld201011/ldhansrd/text/101101-0003.htm?#column_1538
2010-11-05,02:13:15,e1a91,72,"WikiLeaks founder urges US to investigate alleged abuse by its troops, as US faces UN grilling over human rights record",guardian.co.uk,http://www.guardian.co.uk/media/2010/nov/04/wikileaks-founder-urges-us-investigation
2010-11-05,07:09:41,e1fbn,61,Senkaku Footage Leaked on to Internet: Shows Chinese Trawler Ramming Japanese Patrol Boat,japanprobe.com,http://www.japanprobe.com/2010/11/05/senkaku-footage-leaked-on-to-internet-shows-chinese-trawler-ramming-japanese-patrol-boat/
2010-11-04,17:57:50,e13ab,42,"The next human to plant a foot on the moon's surface is most likely to be Chinese or Indian — and that ""small step"" could happen as soon as 2020",globalpost.com,http://www.globalpost.com/dispatch/china/101027/space-race-moon
2010-11-04,21:32:35,e15d2,39,"ACAPULCO—In another grisly turn in Mexico's drug war, police have recovered 18 bodies from a mass grave . . . the victims were from a tourist group kidnapped in Acapulco a month ago",elpasotimes.com,http://www.elpasotimes.com/ci_16515367?source=most_viewed
2010-11-05,05:45:46,e1e08,36,Two gang-raped nurses expelled from hostel in Pakistan - A hospital probe committee has decided to expel from the hostel two trainee nurses who were gang-raped in this Pakistani city. The reason: The victims violated the rules.,timesofindia.indiatimes.com,http://timesofindia.indiatimes.com/world/pakistan/Two-gangraped-nurses-expelled-from-hostel-in-Pakistan/articleshow/6870709.cms
2010-11-04,12:10:06,e0zuh,30,Qantas plane (A380) makes emergency landing in Singapore - explosion reported,bbc.co.uk,http://www.bbc.co.uk/news/world-asia-pacific-11691197
2010-11-04,19:45:01,e145c,24,Burma hit by massive online attack ahead of its first election in 20 years. ,bbc.co.uk,http://www.bbc.co.uk/news/technology-11693214
2010-11-05,02:37:22,e1anv,24,Lonely carnage abounds in Japan's 'suicide forest' - CNN.com,cnn.com,http://www.cnn.com/2010/WORLD/asiapcf/11/02/vbs.suicide.forest/index.html?hpt=C2
2010-11-04,14:32:09,e11jx,18,20 tons of pot seized in an underground tunnel in California!,time.com,"http://www.time.com/time/nation/article/0,8599,2029355,00.html"
2010-11-05,04:17:36,e1ci0,21,"Sunday’s election could legitimize Burma’s military rulers, but why?  “It was Burma’s army, which gang-raped their women and forced their men into slavery.”",globalpost.com,http://www.globalpost.com/dispatch/asia/101101/myanmar-burmese-refugees-mae-la
2010-11-04,21:01:03,e14yg,18,Poor Haiti can't catch a break. Potential hurricane heads their way as millions still live in tents.,csmonitor.com,http://www.csmonitor.com/World/Americas/2010/1104/Haiti-s-tent-cities-to-bear-worst-of-potential-hurricane-Tomas
2010-11-04,12:53:51,e10f4,15,Airbus A380 plane landed in Singapore with smoke coming out of its underside after and reported mid-air air explosion.,english.aljazeera.net,http://english.aljazeera.net//news/asia-pacific/2010/11/20101144032195319.html
2010-11-04,09:44:59,e0xsx,11,BBC News - Haiti cholera deaths rise sharply,bbc.co.uk,http://www.bbc.co.uk/news/world-latin-america-11690333
2010-11-05,01:55:19,e19w4,11,"Albino candidate overcomes prejudice - Tanzania's first elected albino MP said yesterday the result was a breakthrough for albinos in the east African country, where scores have been murdered for their body parts to be used in sorcery.",timeslive.co.za,http://www.timeslive.co.za/africa/article743489.ece/Albino-candidate-overcomes-prejudice
2010-11-04,21:35:34,e15eq,9,"""Zweimal Hitler bitte""  - We feel the absence of Germany's shoulder at the European wheel ",guardian.co.uk,http://www.guardian.co.uk/commentisfree/2010/nov/03/germany-hitler-europe-distance
2010-11-05,04:03:55,e1c8c,8,Colossus: the giant Gazan prison - The blockade imposed on Gaza is a powerful psychological device aimed at wringing concessions from Gazans and Hamas.,english.aljazeera.net,http://english.aljazeera.net/indepth/opinion/2010/11/20101138294106415.html
2010-11-05,07:13:33,e1fe2,9,Why Do Christians Remain Silent About the Persecution of Christians in Muslim-Majority Societies? Why Do Feminists Remain Silent About the Persecution of Women in Muslim-Majority Societies?,rubinreports.blogspot.com,http://rubinreports.blogspot.com/2010/11/why-do-christians-remain-silent-about.html
2010-11-04,16:44:24,e12o9,8,Singapore convicts author of death penalty book,amnestyusa.org,http://www.amnestyusa.org/document.php?id=ENGNAU2010110319362&lang=e&rss=recentnews
2010-11-04,11:35:47,e0ze3,8,"Mass grave found in Mexico: Bodies of at least 18 people found in grave close to city of Acapulco, after 20 men were reported missing in September.",english.aljazeera.net,http://english.aljazeera.net/news/americas/2010/11/20101142850496681.html
2010-11-04,22:50:00,e16kz,8,Iran Tightens Security as Subsidy Cuts Loom ,online.wsj.com,http://online.wsj.com/article/SB10001424052748704506404575592302978213006.html
2010-11-04,19:57:30,e149f,8,"China: Report exposes Foxconn’s oppressive work regime. ""A report on conditions inside the Chinese factories of giant electronics manufacturer Foxconn has provided graphic details of the exploitation facing young employees.""",wsws.org,http://www.wsws.org/articles/2010/nov2010/foxn-n04.shtml
2010-11-05,00:44:37,e18nv,7,BBC News - Mexico police recover 18 bodies from mass grave,bbc.co.uk,http://www.bbc.co.uk/news/world-latin-america-11692412
2010-11-04,21:56:08,e15pi,7,"Despite all of the optimistic talk, no alternative is remotely ready to shoulder the energy burden currently borne by fossil fuels.",politiken.dk,http://politiken.dk/debat/worldviews/ECE1088252/smarter-thinking-on-climate-change/
2010-11-05,04:12:17,e1ce7,6,"Myanmar's Internet Under Cyberattack: ""Myanmar facing a DDOS attack for about a week, bringing its networks to a near standstill. It's unclear why, though the country does have elections this weekend. Elections that critics say are a sham.""",npr.org,http://www.npr.org/blogs/thetwo-way/2010/11/04/131070830/myanmar-s-internet-under-cyberattack?ft=1&f=1001
2010-11-04,16:55:52,e12s2,6,Qantas grounds A380s after engine incident,abc.net.au,http://www.abc.net.au/news/stories/2010/11/04/3057244.htm
2010-11-04,22:59:32,e16qt,5,"The End of Christianity in the Middle East? The brutal bombing of a Chaldean church in Baghdad may be the final straw for this 2,000 year old minority community",foreignpolicy.com,http://www.foreignpolicy.com/articles/2010/11/02/the_end_of_christianity_in_the_middle_east
