2010-04-16,08:02:08,briwf,523,Iceland's disruptive volcano - The Big Picture,boston.com,http://www.boston.com/bigpicture/2010/04/icelands_disruptive_volcano.html
2010-04-16,16:32:29,brosq,277,"Ultimate infographic about the volcano - it has maps, stats, jet engine schematics, volcano cross-section, mount everest, ozone layer, ...",timesonline.co.uk,http://www.timesonline.co.uk/multimedia/archive/00708/Graphic__an_unstabl_708308a.jpg
2010-04-17,05:04:43,brzkt,224,"Netanyahu's nephew: ""Israel is collectively punishing more than 1.5 million Palestinians by sealing them off in the largest open-air prison on earth.""",csmonitor.com,http://www.csmonitor.com/Commentary/Opinion/2010/0401/Peace-for-Israelis-and-Palestinians-Not-without-America-s-tough-love
2010-04-16,20:03:48,brr76,161,Sheikh to Terrorists: Go to Hell,foreignpolicy.com,http://www.foreignpolicy.com/articles/2010/04/14/sheikh_to_terrorists_go_to_hell
2010-04-16,23:05:04,brtra,59,Rape on the rise in Cambodia: Victims of rape suffer from stigma while perpetrators are rarely held accountable.,globalpost.com,http://www.globalpost.com/dispatch/asia/100413/cambodia-rape
2010-04-16,13:15:55,brmcy,54,IDF soldiers have been printing shirts bragging about shooting pregnant women and rape. IDF higher ups are pissed off but not at the soldiers for wearing them but at the shop for printing the shirts,thepeoplesvoice.org,http://www.thepeoplesvoice.org/TPV3/Voices.php/2009/03/26/we-are-the-nazis-of-our-time
2010-04-17,02:47:49,brxkc,49,"'Safer' not to defrock paedophile priests, says Catholic Church official",telegraph.co.uk,http://www.telegraph.co.uk/news/newstopics/religion/7597889/Safer-not-to-defrock-paedophile-priests-says-Catholic-Church-official.html
2010-04-16,23:18:32,brtzv,47,"A man who repeatedly disturbed his neighbours by 
shouting at political programmes on his television 
has been jailed for 16 weeks.",news.bbc.co.uk,http://news.bbc.co.uk/1/hi/england/gloucestershire/8624917.stm
2010-04-17,00:32:47,brvb5,46,"Stranded in Oslo, John Cleese takes taxi to Brussels for $5400 - class.",news.yahoo.com,http://news.yahoo.com/s/afp/20100416/en_afp/icelandvolcanoaviationentertainmentoffbeat
2010-04-17,02:59:15,brxqf,44,"Digital Economy Act: This means war. Cory Doctorow explains how banking surveillance, control and censorship into the very fabric of our networks, devices and laws is the absolute road to dictatorial hell",guardian.co.uk,http://www.guardian.co.uk/technology/2010/apr/16/digital-economy-act-cory-doctorow
2010-04-16,10:31:32,brkjc,44,The U.N. slams a deliberate failure to adequately probe the Benazir Bhutto assassination in Pakistan.,rawstory.com,http://rawstory.com/rs/2010/0415/slams-deliberate-failure-adequately-probe-bhutto-assassination/
2010-04-16,09:29:18,brjvq,46,Afghan police marksmanship with their AK-47s has always been poor - because U.S. contractors failed to train them how to adjust their sights,news.yahoo.com,http://news.yahoo.com/s/mcclatchy/20100415/wl_mcclatchy/3478920
2010-04-16,04:12:05,brfuj,42,"Animated ash plume model predictions from the Norwegian Meteorological Institute, through to Saturday 17th April 2010, 02:00",aftenposten.no,http://www.aftenposten.no/nyheter/iriks/article3608227.ece
2010-04-16,20:49:07,brrqx,35,"""75% chance that 'Monster volcano' awakens"" - Dagbladet.no via google translate",translate.googleusercontent.com,http://translate.googleusercontent.com/translate_c?hl=en&ie=UTF-8&sl=auto&tl=en&u=http://www.dagbladet.no/2010/04/16/nyheter/vulkan/utenriks/island/vulkanutbrudd/11310951/&prev=_t&rurl=translate.google.com&usg=ALkJrhj4xWkLGij-fbIrMf_qNaaFNS4rJQ
2010-04-16,22:02:30,brsqz,35,"In third incident this week, Israeli settlers torch two more Palestinian vehicles.  This time they left behind the words in spray-painted graffiti: ""Thank you God, for not making me a Gentile.""",haaretz.com,http://www.haaretz.com/hasen/spages/1163617.html
2010-04-17,05:26:59,brzvc,30,Three men have been jailed in China's Fujian province after posting material online on behalf of a woman trying to investigate her daughter's death.,news.bbc.co.uk,http://news.bbc.co.uk/2/hi/asia-pacific/8625676.stm
2010-04-17,00:19:05,brv12,33,"US Fizzes As Bolivia Produces The Real Thing - [The new Bolivian soft drink] is made from the coca leaf, a mild stimulant that wards off fatigue and hunger...Coca is also the raw ingredient of cocaine, the narcotic that is the primary target of the US-led ''war on drugs.''",smh.com.au,http://www.smh.com.au/world/us-fizzes-as-bolivia-produces-the-real-thing-20100415-shrr.html
2010-04-17,02:15:55,brx1z,24,"Death toll tops 1,100 in China quake",msnbc.msn.com,http://www.msnbc.msn.com/id/36596947/ns/world_news-asiapacific/
2010-04-16,11:10:09,brkye,23,Israel Still Not Prepared to Join Nuclear Nonproliferation Treaty,gsn.nti.org,http://gsn.nti.org/gsn/nw_20100415_5163.php
2010-04-16,11:42:06,brlbv,24,"Pope breaks his silence on child abuse, urges ""Christians"" to repent while complaining that people are picking on the church - victims groups all dismissed his comments",news.yahoo.com,http://news.yahoo.com/s/ap/20100416/ap_on_re_eu/eu_church_abuse
2010-04-17,00:35:35,brvco,17,"Bhutto assassination could have been prevented, says UN report",guardian.co.uk,http://www.guardian.co.uk/world/2010/apr/16/benazir-bhutto-assassination-un-report
2010-04-16,23:30:58,bru77,15,University degrees are a waste of time – the damning verdict of British students,independent.co.uk,http://www.independent.co.uk/news/education/education-news/university-degrees-are-a-waste-of-time-ndash-the-damning-verdict-of-british-students-807002.html
2010-04-16,23:39:31,bruc9,16,U.S. doubles special forces in Afghanistan,news.xinhuanet.com,http://news.xinhuanet.com/english2010/world/2010-04/16/c_13253424.htm
2010-04-16,13:49:19,brmqz,14,How China's unfair currency policies are exporting unemployment all over the world -- and why baby steps won't solve the problem.,foreignpolicy.com,http://www.foreignpolicy.com/articles/2010/04/14/china_the_job_killer
2010-04-16,09:01:51,brjl2,15,Black Box from Polish jet suggests possible mistakes before the crash.,nytimes.com,http://www.nytimes.com/2010/04/16/world/europe/16poland.html
2010-04-16,19:23:47,brqp4,14,Boys Aren't the Church's Only Sexual-Abuse Victims,newsweek.com,http://www.newsweek.com/id/236489
2010-04-16,21:17:47,brs3v,13,The U.S.' Iran Problem - Media commentary on foreign policy has proved as useless as financial commentary before the great Wall Street meltdown. ,forbes.com,http://www.forbes.com/2010/04/15/iran-nuclear-weapons-foreign-policy-opinions-columnists-melik-kaylan.html?feed=rss_home
2010-04-16,08:12:27,brj1e,10,BBC News - UN inquiry says Benazir Bhutto murder was 'avoidable',news.bbc.co.uk,http://news.bbc.co.uk/2/hi/south_asia/8623175.stm
2010-04-16,11:40:55,brlba,13,"The paralysis that began in London and Paris soon spread to Hong Kong then Buenos Aires, and to New York and Washington, DC. It was, by all accounts, one of the most bizarre acts of nature ever to constrict world travel, and it grounded tens of thousands of passengers internationally.",washingtonpost.com,http://www.washingtonpost.com/wp-dyn/content/article/2010/04/15/AR2010041500560_pf.html
2010-04-16,23:00:12,brtop,12,China Tries to Sterilize 10.000 Parents ,timesonline.co.uk,http://www.timesonline.co.uk/tol/news/world/asia/article7099417.ece
