2010-11-02,21:45:34,e01aq,1880,Paris girl survives six-storey fall unharmed - bounces off cafe awning into arms of passing doctor.,bbc.co.uk,http://www.bbc.co.uk/news/world-europe-11673774
2010-11-03,01:36:44,e05cg,265,"Germany bans electronic voting machines. Germany has joined 11 U.S. states, the Netherlands, and other countries which have banned electronic voting of one form or another.CIA expert: Electronic voting not secure.",examiner.com,http://www.examiner.com/us-intelligence-in-national/cia-expert-electronic-voting-not-secure-germany-bans-electronic-voting-machines
2010-11-02,11:47:01,dzuxl,196,"In Western Saraha, more than 20,000 Sahrawis have left the cities in a mass protest of Moroccan occupation. Moroccan forces have now blockaded the ""protest camps"" barring food, water, medicine and movement, effectively turning them into concentration camps.",afrol.com,http://afrol.com/articles/36845
2010-11-02,20:01:25,dzzzx,180,Israel's Deputy Prime Minister was forced to cancel a trip to London in order to avoid a lawsuit related to his role in the Israeli attack on the Gaza Aid Flotilla.,haaretz.com,http://www.haaretz.com/news/diplomacy-defense/deputy-pm-meridor-cancels-london-visit-following-lawsuit-threat-1.322328
2010-11-02,22:00:33,e01io,96,"Italian Prime Minister, Silvio Berlusconi claims: ""Better to be passionate about girls than be gay""",dailymail.co.uk,http://www.dailymail.co.uk/news/article-1325877/Silvio-Berlusconi-Better-passionate-girls-gay.html
2010-11-03,02:44:49,e06mb,74,An Iranian woman whose sentence of execution by stoning for adultery provoked a worldwide outcry will instead be hanged for murder on Wednesday,gulfnews.com,http://gulfnews.com/news/region/iran/iranian-woman-to-be-hanged-wednesday-rights-group-1.705529
2010-11-02,12:25:53,dzvh1,72,Talk to Me Like I'm Stupid: Sharia Law in the UK,theatlantic.com,http://www.theatlantic.com/national/archive/2010/11/talk-to-me-like-im-stupid-sharia-law-in-the-uk/65558/
2010-11-03,02:46:52,e06nm,55,"What the French are protesting is Sarkozy's corrupt, anti-labor, anti-democracy government",spiegel.de,"http://www.spiegel.de/international/europe/0,1518,druck-725250,00.html"
2010-11-02,19:17:30,dzzl2,51,North Korea has offered to give samples from its torpedoes to refute claims made by the US and other countries that the rogue communist nation sank the USS Cheonan.,therightperspective.org,http://www.therightperspective.org/2010/11/02/north-korea-offers-torpedo-sample/
2010-11-03,02:37:45,e06hk,49,"Britain and France sign historic 50-year defence 
agreement",guardian.co.uk,http://www.guardian.co.uk/politics/2010/nov/02/britain-france-landmark-50-year-defence-deal
2010-11-02,20:42:05,e00fo,46,"The Justinian Plague, which killed between 40-50% of the population of Eastern Roman Empire, which in turn allowed for the Arab take over of the Byzantine provinces, has been found, by geneticists, to have originated in China.",nytimes.com,http://www.nytimes.com/2010/11/01/health/01plague.html
2010-11-02,21:42:09,e019c,34,Afghan Police Unit Defects to Taliban ,nytimes.com,http://www.nytimes.com/2010/11/02/world/asia/02afghan.html?_r=1&ref=world
2010-11-03,05:16:17,e097g,27,"Malalai Joya, Afghan female member of parliament who had the courage to publicly denounce the presence of warlords in the Afghan government, now says that for Afghans, Obama is ""a second Bush.""",guardian.co.uk,http://www.guardian.co.uk/commentisfree/cifamerica/2010/nov/02/hope-ballot-box-afghanistan-gone
2010-11-02,21:46:48,e01be,29,Angela Merkel:  Germany Has a Duty to Reduce Massive Debt ,spiegel.de,"http://www.spiegel.de/international/germany/0,1518,726433,00.html"
2010-11-02,19:37:03,dzzrc,30,Kindle bypasses the Great Firewall - perfect for gaining access to blocked sites for Chinese buyers,techeye.net,http://www.techeye.net/hardware/kindle-bypasses-great-firewall-of-china
2010-11-02,21:51:54,e01e1,32,Rape in Iran's prisons: the cruellest torture - Telegraph,telegraph.co.uk,http://www.telegraph.co.uk/news/worldnews/middleeast/iran/8102358/Rape-in-Irans-prisons-the-cruellest-torture.html
2010-11-03,04:59:35,e08xs,26,New easier to pronounce Icelandic volcano may be preparing to erupt. ,spiegel.de,"http://www.spiegel.de/international/europe/0,1518,726726,00.html"
2010-11-02,15:18:37,dzxgv,18,UK and France agree to joint development and testing of nuclear warheads,bbc.co.uk,http://www.bbc.co.uk/news/uk-politics-11670247
2010-11-02,20:10:07,e002w,13,Virus breakthrough raises hope over ending common cold,bbc.co.uk,http://www.bbc.co.uk/news/health-11673034
2010-11-02,10:03:45,dztcv,10,"Saudi journalist to be lashed in public - 
Reporter accused of instigating protests at government power company",emirates247.com,http://www.emirates247.com/news/region/saudi-journalist-to-be-lashed-in-public-2010-11-01-1.311722
2010-11-03,02:09:54,e05zd,9,"In Indonesia a new law has been passed that
stipulates all babies should be exclusively
breastfed for the first six months of life. From
early next year, anyone who stands in the way
of this will be fined up to 100m rupiah (£7,000;
$11,000) and sentenced to up to a year in prison.",bbc.co.uk,http://www.bbc.co.uk/news/world-asia-pacific-11586719
2010-11-02,21:10:30,e00uc,9,"La Violencia - more on Mexico's drug wars, this time a book extract, always enthralling. ""My sons had become part of it all, they were among people who would laugh while cutting someone’s fingers off""",guernicamag.com,http://www.guernicamag.com/features/2135/vulliamy_11_1_10/
2010-11-02,18:49:58,dzzct,9,Japan recalls ambassador over Russia island row,abc.net.au,http://www.abc.net.au/news/stories/2010/11/02/3055342.htm?section=justin
2010-11-03,00:23:42,e03zn,7,"Bradistan | British Pakistani writer remembers her childhood in Bradford, northern England. ""It was obvious that we were here to stay. But that didn't mean here to integrate."" ",granta.com,http://www.granta.com/Online-Only/Bradistan
2010-11-02,21:15:08,e00wm,7,"Germany: Envio workers contaminated with both PCB and dioxin. ""The Dortmund pollution scandal has intensified with new evidence of dioxin contamination, as well as the Envio firm’s business transactions with criminal elements in Kazakhstan.""",wsws.org,http://www.wsws.org/articles/2010/nov2010/dort-n02.shtml
2010-11-02,13:51:24,dzwjw,5,Americain wins the Melbourne Cup,abc.net.au,http://www.abc.net.au/news/stories/2010/11/02/3055107.htm
2010-11-02,22:28:17,e0209,5,"Hari Prasad, India's evoting researcher, working to save Indian democracy from dirty voting machines",boingboing.net,http://www.boingboing.net/2010/11/01/hari-prasad-indias-e.html
2010-11-02,08:55:39,dzsel,3,British 13-year-olds given access to pill,abc.net.au,http://www.abc.net.au/news/stories/2010/11/02/3054774.htm
2010-11-02,22:59:38,e02ij,3,"Runway runaway: teen flees orphanage, stows away in landing gear bay",rt.com,http://rt.com/Top_News/2010-11-02/plane-boy-landing-gear.html
2010-11-03,01:55:34,e05oq,3,French call for ban on Channel swimming,independent.co.uk,http://www.independent.co.uk/news/uk/this-britain/french-call-for-ban-on-channel-swimming-2122612.html
