2010-03-29,13:49:40,bjj7v,1593,Large explosion in Moscow Subway.,self.worldnews,https://www.reddit.com/r/worldnews/comments/bjj7v/large_explosion_in_moscow_subway/
2010-03-29,01:50:21,bjcna,714,"Morally bankrupt and no longer even trying: When you read about the complete collapse of the Atlantic bluefin tuna population and its eventual extinction in a few years from now, remember that it was Canada (aside from Japan), that was responsible",straight.com,http://www.straight.com/article-298885/vancouver/morally-bankrupt-and-no-longer-even-trying-canada-opposes-ban-endangered-bluefin-tuna
2010-03-29,23:53:39,bjq3l,543,I wish Redditors would bear this in mind when submitting news links about the UK...,youtube.com,http://www.youtube.com/watch?v=5eBT6OSr1TI&feature=player_embedded#
2010-03-29,22:38:38,bjp1e,370,Did you know that for the last three years until today Israel has been completely blocking all shipments of clothes and shoes to the Gaza Strip?  Was this really necessary?,washingtonpost.com,http://www.washingtonpost.com/wp-dyn/content/article/2010/03/29/AR2010032900904.html
2010-03-29,08:39:08,bjgby,69,"Catholic Church will not be intimidated by sex abuse claims, Pope says; Insists claims are ""petty gossip""",telegraph.co.uk,http://www.telegraph.co.uk/news/worldnews/europe/vaticancityandholysee/7532954/Catholic-Church-will-not-be-intimidated-by-sex-abuse-claims-Pope-says.html
2010-03-29,19:59:18,bjn48,41,World War II Veterans Must Pay To Sing War Songs,torrentfreak.com,http://torrentfreak.com/world-war-ii-veterans-must-pay-to-sing-war-songs-100328/?utm_source=feedburner&utm_medium=feed&utm_campaign=Feed%3A+Torrentfreak+%28Torrentfreak%29
2010-03-29,12:28:46,bjiel,34,153 trapped in China coal mine!,edition.cnn.com,http://edition.cnn.com/2010/WORLD/asiapcf/03/28/china.mine/index.html
2010-03-29,18:28:49,bjm4h,28,One of Romania's most powerful criminals has warned his country must do something to stop the wave of Gypsy child crime that is sweeping Europe or face a backlash against Romanians.,abc.net.au,http://www.abc.net.au/news/stories/2010/03/29/2858403.htm
2010-03-30,07:37:23,bjwdk,19,"Jim Rogers: Greece Should Have Been Left to Die - ""The Greeks have never lived within their means, and I suspect this time they won't either, until they're forced to by either bankruptcy or by someone just refusing to give them loans,"" Rogers says.",moneynews.com,http://moneynews.com/StreetTalk/Rogers-Greece-euro-jim/2010/03/26/id/353976
2010-03-29,08:26:19,bjg8a,16,"Israel defiant Against US pressure to halt construction: ""We are the ones who have exclusive responsibility for Israel’s fate and future.""",jpost.com,http://www.jpost.com/Israel/Article.aspx?id=172023
2010-03-30,02:09:09,bjs8b,14,"French teachers walk out over violence - Since the beginning of the year, French schools have seen a string of attacks",globalpost.com,http://www.globalpost.com/dispatch/france/100327/school-violence-education-funding
2010-03-30,03:33:36,bjtez,15,James Lovelock: It may be necessary to put democracy on hold for a while [to combat climate change],guardian.co.uk,http://www.guardian.co.uk/science/2010/mar/29/james-lovelock-climate-change
2010-03-29,23:54:56,bjq42,15,"Israel allows clothes, shoes into blockaded Gaza for first time in three years",haaretz.com,http://www.haaretz.com/hasen/spages/1159929.html
2010-03-30,03:55:12,bjto2,12,Blood and Treasure: Why one of the world's richest countries is also one of its poorest.,motherjones.com,http://motherjones.com/politics/2010/02/congo-gold-adam-hochschild
2010-03-29,11:19:33,bjhp6,13,Police Chief in Mexcio beheaded,montrealgazette.com,http://www.montrealgazette.com/news/Police+chief+beheaded+north+Mexico/2731520/story.html
2010-03-29,11:29:40,bjhso,12,"Singapore's Leaders at it Again: NYT journalists Sued for ""Libel""",sg.news.yahoo.com,http://sg.news.yahoo.com/afp/20100326/tap-singapore-media-politics-rsf-nytimes-06f3cb7.html
2010-03-29,19:12:59,bjmmb,11,Interview with Turkey's Prime Minister - 'There Can be No Talk of Genocide' [against the Armenians],spiegel.de,"http://www.spiegel.de/international/world/0,1518,686131,00.html"
2010-03-30,01:34:13,bjros,9,Hardship deepens for South Africa's poor whites,blogs.reuters.com,http://blogs.reuters.com/photo/2010/03/26/hardship-deepens-for-south-africas-poor-whites/
2010-03-29,23:01:47,bjpc7,11,BBC | French students shy of real world,news.bbc.co.uk,http://news.bbc.co.uk/1/hi/world/europe/7293992.stm
2010-03-30,00:46:46,bjqy0,7,More Internet Censorship coming up in Europe?!,europeanvoice.com,http://www.europeanvoice.com/article/imported/critics-chide-commission-plans-to-fight-sexual-exploitation/67493.aspx
2010-03-29,23:57:02,bjq5i,7,Did Iraq Just Elect a Mass-Murderer?,alternet.org,http://www.alternet.org/world/146204/did_iraq_just_elect_a_mass-murderer
2010-03-29,15:03:18,bjk25,5,Pakistan: Fresh clashes kill 30 in near Afghan border,adnkronos.com,http://www.adnkronos.com/AKI/English/Security/?id=3.1.172082065
2010-03-29,22:45:28,bjp4l,3,Mine from North Korea may have sunk South Korean naval ship,google.com,http://www.google.com/hostednews/ap/article/ALeqM5jQydsIWmNQZpwRriADac51u5rx8gD9EO9ITG0
2010-03-30,06:32:32,bjvo4,4,"The climate for China's journalists is worsening.. The problem is not that the party is scrubbing the Internet to remove stories it deems negative. The problem is the corrupt network between business and government, which places unwarranted pressure on journalists and editors.",foreignpolicy.com,http://www.foreignpolicy.com/node/172081?page=full
2010-03-29,20:10:55,bjn8x,4,Colombian rebels release one of two soldiers promised this week. ,english.aljazeera.net,http://english.aljazeera.net/news/americas/2010/03/201032913929708702.html
2010-03-29,21:23:52,bjo2x,5,"Sacked Professor Nutt talks to the BBC about current UK ""meow"" hysteria. Banning does nothing to address inevitable future problems. (long article + 2min video interview)",news.bbc.co.uk,http://news.bbc.co.uk/1/hi/uk/8592103.stm
2010-03-29,15:51:25,bjkjs,2,"In Mongolia, herders appeal to Int'l Red Cross for help after bitter cold kills livestock",news.bbc.co.uk,http://news.bbc.co.uk/2/hi/asia-pacific/8592189.stm
2010-03-29,19:22:11,bjmps,3,Bangladesh sets up 1971 war crimes tribunal,news.bbc.co.uk,http://news.bbc.co.uk/1/hi/world/south_asia/8587511.stm
2010-03-29,14:57:14,bjjzj,1,BREAKING - Bombs Detonated in Moscow Subway Station - Dozens Dead,cnn.com,http://www.cnn.com/2010/WORLD/europe/03/29/russia.subway.explosion/index.html?hpt=T1
2010-03-29,14:14:55,bjjgt,5,Officials: Blast on Moscow subway kills 25,news.yahoo.com,http://news.yahoo.com/s/ap/eu_russia_subway_blast
