2010-01-07,18:52:30,ammuo,2127,"Three Americans go to Uganda and teach thousands (including police, national politicians, etc.) how gays and their agenda are trying to destroy Ugandan families and sodomize their children.  Result: a bill to impose a death sentence for homosexual behavior.",nytimes.com,http://www.nytimes.com/2010/01/04/world/africa/04uganda.html
2010-01-07,01:11:12,ambrc,825,"Soviet General, 1986: ""After seven years in Afghanistan there is not one square kilometre left untouched by the boot of a Soviet soldier. But as soon as they leave the place, the enemy returns and restores it all the way it used to be. We have lost this war.""",timesonline.co.uk,http://www.timesonline.co.uk/tol/news/world/Afghanistan/article6971683.ece?print=yes&randnum=1262797574904
2010-01-07,09:55:13,amhz8,128,"Very quietly, China has become the world's second-largest producer of scientific knowledge. If it continues at this awe-inspiring rate, China will overtake the US before 2020 and the world will look very different as a result",newscientist.com,http://www.newscientist.com/article/mg20527426.900-get-ready-for-chinas-domination-of-science.html
2010-01-08,04:46:07,amupy,110,Investor who made huge fortune off predicting Enron crash now predicting China's bubble is about to burst,nytimes.com,http://www.nytimes.com/2010/01/08/business/global/08chanos.html?hpw
2010-01-08,01:01:00,amrfs,57,"2,000 Egyptian riot policemen attacked and injured volunteers of the Viva Palestina aid convoy that were inside the port of Al Arish preparing to drive the convoy vehicles to Gaza to deliver medical and other humanitarian supplies",afterdowningstreet.org,http://www.afterdowningstreet.org/node/49021
2010-01-07,09:24:10,amhmn,43,UK government plans to implement loophole to prevent people from being prosecuted for war crimes,guardian.co.uk,http://www.guardian.co.uk/world/2010/jan/05/israel-war-crimes-warrants-britain?
2010-01-08,02:52:44,amt5y,48,"France wants tax on Google. ""We are not going to be stripped of our heritage for the benefit of a big company, no matter how friendly, big or American it is.""",telegraph.co.uk,http://www.telegraph.co.uk/technology/google/6947706/France-plans-Google-tax-on-internet-searches.html
2010-01-07,09:18:05,amhkk,36,EU website hacked. Spanish president's photo with replaced with one of Mr. Bean.,cnn.com,http://www.cnn.com/2010/TECH/01/06/government.sites.hacked/index.html
2010-01-08,03:12:47,amtgg,32,UN concludes video showing Sri Lankan soldiers apparently executing naked Tamils 'appears to be authentic'.,channel4.com,http://www.channel4.com/news/articles/world/asia_pacific/sri+lanka+video+aposappears+authenticapos/3491637
2010-01-07,10:54:10,amilx,25,"KFC accused of racism over Australian advertisement, a case of American cultural insularity - ""They have a tendency to think that their history is more important than that of other countries.""",guardian.co.uk,http://www.guardian.co.uk/business/2010/jan/06/kfc-advertisement-accused-of-racism
2010-01-08,04:39:40,amunh,21,Afghan war kills three children a day,news.yahoo.com,http://news.yahoo.com/s/afp/20100107/wl_sthasia_afp/afghanistanunrestchildren_20100107022537
2010-01-08,04:48:46,amur5,20,"A church was set on fire in Malaysia early Friday by unidentified attackers amid a growing conflict in the country over the use of the word ""Allah"" by non-Muslims",msnbc.msn.com,http://www.msnbc.msn.com/id/34640583
2010-01-08,00:58:27,amre1,18,Google is a very useful and powerful search engine but do You know how much information that You give away when You make use of it?,endtimedeception.ning.com,http://endtimedeception.ning.com/forum/topics/downside-of-using-google
2010-01-07,08:12:50,amgwz,15,A BBC investigation has cast doubt on key evidence in the case against the Libyan convicted of blowing up a US jet over the Scottish town of Lockerbie in 1988.,rawstory.com,http://rawstory.com/2009/01/bbc-probe-casts-doubt-lockerbie/
2010-01-08,06:50:12,amw56,14,"Over 1 billion people do not have access to safe, clean drinking water.",summitonthesummit.com,http://www.summitonthesummit.com/#/basecamp/.
2010-01-08,02:05:52,amsho,13,Iran to try 5 people  in connection with riots on the charge of 'moharebeh' - an Islamic term meaning warring against God - which carries the death sentence,talkingpointsmemo.com,http://www.talkingpointsmemo.com/news/2010/01/iran_to_try_five_people_over_recent_unrest.php?ref=fpb
2010-01-08,00:09:44,amqn9,14,Denmark politicians demand more stringent immigration rules after cartoonist attack... in a country that already has one of the strictest immigration policies in Western Europe!,nytimes.com,http://www.nytimes.com/2010/01/07/world/europe/07denmark.html
2010-01-07,21:56:14,amoug,11,Canadian Transport Minister John Baird confirms that Ottawa ordered airline body scanners months ago,toronto.ctv.ca,http://toronto.ctv.ca/servlet/an/local/CTVNews/20100106/airline_scanners_100106/20100106/?hub=TorontoNewHome
2010-01-08,00:47:40,amr8l,10,Burmese whistle-blowers sentenced to death,news.bbc.co.uk,http://news.bbc.co.uk/2/hi/asia-pacific/8446462.stm
2010-01-07,22:48:28,amphu,9,Ending the culture of female genital mutilation,guardian.co.uk,http://www.guardian.co.uk/commentisfree/2010/jan/07/female-genital-mutilation-sudan
2010-01-07,21:48:06,amoqx,8,1970s-style rationing as UK National Grid cuts off gas to factories ,guardian.co.uk,http://www.guardian.co.uk/business/2010/jan/07/gas-rationing-national-grid-factories
2010-01-08,06:34:53,amvyq,8,"The conspiracy theory presented in a documentary made for Iranian TV suggests that Ms. Agha-Soltan first sprayed fake blood on her own face, while pretending to have been shot, and then was later killed by the two men who seemed to be trying to save her life.",thelede.blogs.nytimes.com,http://thelede.blogs.nytimes.com/2010/01/07/iranian-tv-sees-conspiracy-in-neda-video/?partner=rss&emc=rss
2010-01-07,21:54:35,amott,6,Attack on Coptic Christians in Egypt Leaves 7 Dead,news.bbc.co.uk,http://news.bbc.co.uk/2/hi/middle_east/8445838.stm
2010-01-07,13:49:55,amkcw,8,"Palestinian Christian groups are boycotting celebrations of Orthodox Christmas in Bethlehem, accusing their Church of selling land to Israelis.",news.bbc.co.uk,http://news.bbc.co.uk/2/hi/middle_east/8443290.stm
2010-01-07,13:41:36,amk9s,10,Sudan on the brink of another civil war,news.bbc.co.uk,http://news.bbc.co.uk/2/hi/africa/8444843.stm
2010-01-07,10:12:00,ami56,5,Japan's Only Known Survivor Of Both Atomic Blasts Has Died,npr.org,http://www.npr.org/blogs/thetwo-way/2010/01/japans_only_known_survivor_of.html
2010-01-08,05:19:57,amv48,7,"""So Yemen's population has tripled since 1975 and will double again by 2035. Meanwhile, state revenue will decline to zero by 2017 and the capital city of Sanaa will run out of water by 2015 ...""",motherjones.com,http://motherjones.com/kevin-drum/2010/01/post-about-yemen
2010-01-08,00:16:39,amqrj,6,"Christopher Hitchens: 'Here's a way of throwing a progressive into a state of confusion: ask him or her if they've read the latest Al Qaeda pronouncements on the Hindu question...a billion infidels, brown-skinned, third world, and all of them deemed by fatwa as fit only for slaughter.'",michaeltotten.com,http://www.michaeltotten.com/2010/01/an-interview-with-christopher-hitchens-part-i.php
2010-01-08,00:36:15,amr3b,6,"""Atheist Ireland"" challenges Irish blasphemy law with 25 blasphemous quotes, Facebook page, and online petition.",palibandaily.com,http://www.palibandaily.com/2010/01/06/atheist-ireland-challenges-new-blasphemy-law/
2010-01-08,04:06:51,amu7b,5,"Pat-downs for Nigerians, Pakistanis ... and Cubans - Cuba is hardly a bastion of Islamic fundamentalism. So why the extra TSA security checks?",globalpost.com,http://www.globalpost.com/dispatch/cuba/100105/tsa-screening
