2010-10-28,21:15:36,dxo4x,1332,"No terror arrests in 100,000 police counter-terror searches.",guardian.co.uk,http://www.guardian.co.uk/uk/2010/oct/28/terrorism-police-stop-search-arrests
2010-10-28,13:48:16,dxjk0,449,Germany's role in the world: Will Germany now take centre stage? | The Economist,economist.com,http://www.economist.com/node/17305755
2010-10-29,05:45:38,dxwjt,225,Rebellion against 'redundant' airline security rules grows,independent.co.uk,http://www.independent.co.uk/news/uk/home-news/rebellion-against-redundant-airline-security-rules-grows-2118448.html
2010-10-28,22:23:00,dxozk,144,"The Australian government just got caughtflying  Afghan fighters allied to Matiullah Khan back to Australia for military training. Thats Matiullah Khan, the notorious warlord the Dutch forces accused of murder and extortion.",theage.com.au,http://www.theage.com.au/national/afghan-militia-visit-20101028-175pw.html
2010-10-28,09:53:19,dxgx0,106,Iraq War Logs Reveal Details of Dubious Apache Attacks,spiegel.de,"http://www.spiegel.de/international/world/0,1518,724819,00.html"
2010-10-29,06:18:49,dxx2p,99,"Israeli Rabbi: Don't Sell Housing Or Land To Non-Jews - Selling a house or land in Israel to anyone who is not Jewish is forbidden, Shas spiritual leader Rabbi Ovadia Yosef said during a Thursday morning halacha lesson.",ynetnews.com,"http://www.ynetnews.com/articles/0,7340,L-3976568,00.html"
2010-10-28,09:42:08,dxgrc,72," 	

Famed writer faces arrest for remarks: 
Arundhati Roy has expressed opinions in favor of Kashmiri separatism.",npr.org,http://www.npr.org/blogs/thetwo-way/2010/10/27/130857674/writer-arundhati-roy-may-be-arrested-for-sedition-after-kashmir-remarks?ft=1&f=1001
2010-10-28,17:14:29,dxlxq,63,"Wikileaks’ Iraq War Logs: 15,000 New Civilian Deaths Uncovered in Leaked Files",zeroanthropology.net,http://zeroanthropology.net/2010/10/28/wikileaks-iraq-war-logs-15000-new-civilian-deaths-uncovered-in-leaked-files/
2010-10-29,02:59:41,dxtnj,60,"In another life, she might be a university student or a farm girl. Here, she is a prostitute servicing Chinese men in a drug-riddled city on the China-Myanmar border.",globalpost.com,http://www.globalpost.com/dispatch/china/100928/burma-myanmar-trafficking-border
2010-10-28,19:31:27,dxn3h,38,"Almost 30,000 people have died in drug-related killings across Mexico over the past four years.",talkingpointsmemo.com,http://www.talkingpointsmemo.com/news/2010/10/hitmen_kill_at_least_13_men_at_mexican_car_wash.php
2010-10-28,20:01:30,dxndg,29,"Surging price of oil forces US military to seek 
alternative energy sources",guardian.co.uk,http://www.guardian.co.uk/environment/2010/oct/27/us-navy-biofuel-gunboat
2010-10-28,17:57:36,dxmax,26,Wikileaks’ Iraq War Logs: Hundreds of Civilians Gunned Down at Checkpoints,zeroanthropology.net,http://zeroanthropology.net/2010/10/28/wikileaks-iraq-war-logs-hundreds-of-civilians-gunned-down-at-checkpoints/
2010-10-29,03:48:30,dxukm,18,Vladimir Putin's 'black eye' sparks rumours.,telegraph.co.uk,http://www.telegraph.co.uk/news/worldnews/europe/russia/8093558/Vladimir-Putins-black-eye-sparks-rumours.html
2010-10-29,00:54:31,dxrf0,12,Why WikiLeaks and the Pentagon Papers are not the same ,economist.com,http://www.economist.com/node/17361416?story_id=17361416
2010-10-29,00:30:44,dxqzt,10,Zimbabwe: Destitution and fear among remaining White farmers - A handful of Zimbabwe’s remaining white farmers say security in the commercial farms was deteriorating at an alarming rate following the brutal murder of former Zimbabwe Tobacco Association head and top tobacco grower Jobus Joubert.,afrik-news.com,http://www.afrik-news.com/article18414.html
2010-10-28,17:06:20,dxlup,7,NZ town evacuated after dynamite find,abc.net.au,http://www.abc.net.au/news/stories/2010/10/28/3050841.htm?section=justin
2010-10-28,21:21:15,dxo6z,6,Sweden alarmed by series of 'racist' shootings,bbc.co.uk,http://www.bbc.co.uk/news/world-europe-11637909
2010-10-28,23:00:13,dxpjg,6,The Death of Former Argentine President Nestor Kirchner Opens Political Vacuum in Argentina,businessweek.com,http://www.businessweek.com/news/2010-10-28/kirchner-s-death-opens-political-vacuum-in-argentina.html
2010-10-28,10:17:20,dxh7n,5,Mohammed is now the most popular name for baby boys born in UK ahead of Jack and Harry  ,dailymail.co.uk,http://www.dailymail.co.uk/news/article-1324194/Mohammed-popular-baby-boys-ahead-Jack-Harry.html
2010-10-29,01:48:10,dxsdu,5,Somali Islamists publicly execute 2 teenager spy girls,bbc.co.uk,http://www.bbc.co.uk/news/world-africa-11643718
2010-10-28,20:34:07,dxnox,6,Foreclosure in Spain Can Mean Lifetime Debt to the Bank,nytimes.com,http://www.nytimes.com/2010/10/28/world/europe/28spain.html?hp=&pagewanted=all
2010-10-29,03:22:24,dxu2q,7,"In Icy Tip of Afghanistan, War Seems Remote - NYTimes.com",nytimes.com,http://www.nytimes.com/2010/10/28/world/asia/28wakhan.html?_r=1&hp
2010-10-28,23:27:06,dxpyq,6,Haiti cholera outbreak: Did aid organizations fail to stop a disease that has sickened thousands?,globalpost.com,http://www.globalpost.com/dispatch/the-americas/101027/haiti-cholera-outbreak
2010-10-28,23:06:06,dxpmo,6,"Unlike Obama, Argentina’s Kirchner Combatively Demanded Change: He aggressively battled business and the military, challenging the powerful corporations that “benefited from inadmissible privileges in the last decade” ",beyondchron.org,http://www.beyondchron.org/articles/Unlike_Obama_Argentina_s_Kirchner_Combatively_Demanded_Change_8627.html
2010-10-28,20:38:53,dxnqe,4,The Iron Chancellor in the Euro Trap,spiegel.de,"http://www.spiegel.de/international/europe/0,1518,725767,00.html"
2010-10-28,20:46:00,dxnsv,2,German Chancellor Merkel and French President Sarkozy have ruffled feathers ahead of this week's EU summit by hashing out a deal on their plans for reforming the Stability Pact. The proposal to remove voting rights has met with fierce opposition across Europe ,spiegel.de,"http://www.spiegel.de/international/europe/0,1518,725835,00.html"
2010-10-29,06:49:08,dxxk6,5,Italian prime minister faces new sex scandal,monstersandcritics.com,http://www.monstersandcritics.com/news/europe/news/article_1594881.php/Italian-prime-minister-faces-new-sex-scandal-Roundup
2010-10-28,19:39:05,dxn5v,3,"In East Africa, A Bright Spot Amid The Anarchy. It's called Somaliland, and in addition to holding successful democratic elections several months ago, it is trying to improve its economy and build relations with the outside world.",npr.org,http://www.npr.org/templates/story/story.php?storyId=130857899
2010-10-29,02:35:04,dxt8h,4,"Entire police force quits in Mexican town after drug cartel attack - The police headquarters in Los Ramones was hit with more than 1,000 bullets and six grenades over a period of 20 minutes.",examiner.com,http://www.examiner.com/crime-in-norfolk/entire-police-force-quits-mexican-town-after-drug-cartel-attack
2010-10-29,03:07:07,dxtsg,3,Iranian weapons shipment intercepted in Nigeria,informationnigeria.org,http://www.informationnigeria.org/2010/10/sss-others-intercept-rocket-launchers-bombs-in-lagos.html#ixzz13fTBaF7P
