2010-10-12,06:24:51,dpw63,498,"Could this be the worst piece of business in the history of the world? Last Thursday, Dublin Finance Minister Brian Lenihan handed Allied Irish Bank $4.2 billion of taxpayers' money to save it from going under. He could have bought the entire bank that morning for $832 million.",socialistworker.org,http://socialistworker.org/2010/10/11/will-the-banks-sink-ireland
2010-10-12,20:31:17,dq57x,476,"In Queensland, where abortion is still a crime, a woman is on trial for medically terminating her eight-week pregnancy, and faces a jail term of up to 7 years",smh.com.au,http://www.smh.com.au/opinion/society-and-culture/abortion-law-stuck-in-the-19th-century-20101011-16fwq.html
2010-10-12,20:33:44,dq58m,392,"The Metro Police have a couple of problems: abuse of powers, and racial discrimination within the force. However, the Commissioner has hit upon a solution, which he is lobbying the Government to adopt: make it harder to bring suits against the police.",guardian.co.uk,http://www.guardian.co.uk/uk/2010/oct/10/metropolitan-police-sir-paul-stephenson
2010-10-12,21:45:11,dq5wn,266,"Sex Crimes and the Vatican - a BBC documentary. *Warning, this might make you rage*",youtube.com,http://www.youtube.com/watch?v=x8_nlOCOKBs
2010-10-12,11:08:53,dpzp3,190,"Australian cop bashes victims while in custody, sentenced to 27 months jail and loses job. Video of assault within article.",brisbanetimes.com.au,http://www.brisbanetimes.com.au/queensland/cop-bashing-video-released-20101012-16gyh.html
2010-10-12,21:48:09,dq5xz,181,"Think Again: Global Aging - A gray tsunami is sweeping the planet -- and not just in the places you expect. How did the world get so old, so fast?",foreignpolicy.com,http://www.foreignpolicy.com/articles/2010/10/11/think_again_global_aging?page=full
2010-10-12,15:58:28,dq2zc,177,North Korea leader's eldest son 'opposes dynasty',bbc.co.uk,http://www.bbc.co.uk/news/world-asia-pacific-11520566
2010-10-12,22:03:32,dq65p,152,"Breaking the Silence nominated for EU peace prize -
documents testimony of soldiers who served in the West Bank and Gaza; right-wing group calls on parliament members not to let it win award. -- Haaretz",haaretz.com,http://www.haaretz.com/print-edition/news/breaking-the-silence-nominated-for-eu-peace-prize-1.318535
2010-10-12,01:02:23,dpr8q,75,Netherlands Antilles ceased to be a country yesterday,nrc.nl,http://www.nrc.nl/international/article2375096.ece/Netherlands_Antilles_to_cease_to_exist_as_a_country
2010-10-12,23:27:26,dq79s,59,Why the CBC banned Creative Commons music from its shows,arstechnica.com,http://arstechnica.com/media/news/2010/10/cbc-radio-fans-crabby-over-creative-commons-snub.ars
2010-10-12,09:36:50,dpymr,57,Kazakhstan Prisoners Disemboweling Themselves To Protest Prison Conditions - UN Gets Involved,ipsnews.net,http://www.ipsnews.net/news.asp?idnews=53121
2010-10-13,05:34:57,dqcp4,46,"Fishermen at the Japanese town made famous by the controversial Oscar-winning documentary ""The Cove"" shrugged off protests by animal rights activists on Tuesday to carry out their grisly annual dolphin hunt.",news.yahoo.com,http://news.yahoo.com/s/nm/us_japan_dolphins;_ylt=AoXsMGrMtoOfUYdvd9qiKRGs0NUE;_ylu=X3oDMTNtcWJuMWRiBGFzc2V0A25tLzIwMTAxMDEyL3VzX2phcGFuX2RvbHBoaW5zBGNjb2RlA21vc3Rwb3B1bGFyBGNwb3MDMTAEcG9zAzcEcHQDaG9tZV9jb2tlBHNlYwN5bl9oZWFkbGluZV9saXN0BHNsawNkb2xwaGluaHVudGc-
2010-10-12,08:01:54,dpxje,37,"Outrage over Swedish arms sales to Saudis - “We’re talking about one of the world’s worst dictatorships. We can’t send weapons to dictatorships that should be buying food instead,” Green Party defence policy spokesperson Peter Rådberg said.",thelocal.se,http://www.thelocal.se/29554/20101011/
2010-10-12,17:46:39,dq3vp,40,France hit by third national strike in a month,bbc.co.uk,http://www.bbc.co.uk/news/world-europe-11520220
2010-10-12,05:03:24,dpuza,41,"Israeli troops accused of shooting children in Gaza -At least 10 Palestinian children have been shot and wounded by Israeli troops in the past three months while collecting rubble in or near the ""buffer zone"" created by Israel along the Gaza border. ",guardian.co.uk,http://www.guardian.co.uk/world/2010/oct/11/israeli-troops-accused-children-gaza
2010-10-12,22:36:30,dq6lr,21,"BREAKING: Chile's trapped miners finally set to escape (12 Oct, 0935)",reuters.com,http://www.reuters.com/article/idUSN0925972620101012
2010-10-12,23:38:46,dq7gx,23,"After the January assassination of a top Palestinian official in Dubai, Police had lots of surveillance footage of the perps. Yet they haven't found any of the 30 suspects identified. It seems ubiquitous electronic surveillance is no match for a sufficiently advanced adversary.",online.wsj.com,http://online.wsj.com/article/SB10001424052748704652104575493883093318088.html?mod=WSJ_hps_MIDDLEThirdNews#
2010-10-13,07:45:00,dqed0,22,Chilean miners soon to be rescued ,examiner.com,http://www.examiner.com/world-news-in-national/chilean-miners-soon-to-be-rescued
2010-10-13,03:09:22,dqakx,19,Thailand military: the lovely conscripts - Thailand’s military struggles with a flood of transgender draftees.,globalpost.com,http://www.globalpost.com/dispatch/thailand/101007/military-conscription-transgender
2010-10-12,23:41:21,dq7id,15,Somali Pirates Hijack Japanese Breakbulk Ship,joc.com,http://www.joc.com/maritime/somali-pirates-hijack-japanese-breakbulk-ship
2010-10-13,03:20:18,dqarq,18,"BREAKING: Law passed to strip foreign-born criminals of French nationality in France (12 Oct, 1420)",english.rfi.fr,http://www.english.rfi.fr/node/52634
2010-10-12,21:25:01,dq5p8,15,"Two German Journalists Arrested in Iran - Two German reporters have been arrested in Iran after trying to interview the lawyer of Sakineh Mohammadi Ashtiani, who has been condemned to death by stoning. The case is likely to cause diplomatic tension between Germany and Iran.",spiegel.de,"http://www.spiegel.de/international/world/0,1518,722573,00.html"
2010-10-12,15:57:55,dq2z8,17,Tanker and container ship collide off Dutch coast,bbc.co.uk,http://www.bbc.co.uk/news/world-europe-11520820
2010-10-12,22:03:21,dq65n,17,Australian police Tasers 'used on mentally ill',bbc.co.uk,http://www.bbc.co.uk/news/world-asia-pacific-11522650
2010-10-13,07:03:19,dqdun,13,Pakistan's Rulers Have Sold Country’s Sovereignty To US: Imran - Imran Khan said blind allegiance of the rulers to the US had emboldened the Nato forces to such an extent that they now even started killing the Pakistani forces after violating the country’s geographical boundaries. ,paktribune.com,http://www.paktribune.com/news/index.shtml?232078
2010-10-13,01:06:54,dq8q9,13,Germany moves into UN Security Council,translate.google.de,http://translate.google.de/translate?u=http%3A%2F%2Fnews.google.de%2Fnews%2Furl%3Fsa%3Dt%26ct2%3Dde%252F0_0_s_0_0_t%26ct3%3DMAA4AEgAUABgAWoCZGV6AWg%26usg%3DAFQjCNE6k-WOoZVdQWToRrrAVIFI1bZ-ew%26cid%3D8797411968787%26ei%3D7oa0TIibBJW2sAaM9MhL%26rt%3DHOMEPAGE%26vm%3DSTANDARD%26url%3Dhttp%253A%252F%252Fwww.spiegel.de%252Fpolitik%252Fdeutschland%252F0%252C1518%252C722730%252C00.html&sl=de&tl=en&hl=&ie=UTF-8
2010-10-13,06:47:33,dqdnz,13,"More women soldiers in Norway - Defence Minister Grete Faremo wants more women to enter the military. She says the Defence Command's goal is that by 2015, 25% of Norwegian forces should be women.",norwaypost.no,http://www.norwaypost.no/news/more-women-soldiers.html
2010-10-12,15:56:21,dq2yl,10,Dalit couple killed for 'witchcraft' ,timesofindia.indiatimes.com,http://timesofindia.indiatimes.com/city/ranchi/Dalit-couple-killed-for-witchcraft-/articleshow/6732535.cms
2010-10-12,10:24:35,dpz5z,9,"Arrivederci, Italia: Why Young Italians Are Leaving",time.com,"http://www.time.com/time/magazine/article/0,9171,2024136,00.html"
2010-10-13,01:05:56,dq8pt,9,"SAN JOSE MINE, Chile — Chile's mining minister says the first trapped miner is expected to be lifted to the surface late Tuesday after more than two months below ground",chron.com,http://www.chron.com/disp/story.mpl/ap/top/all/7243042.html
