2010-07-10,14:45:34,cnz10,392,"France denies citizenship to Muslim immigrant who failed to ""assimilate into French society""",alarabiya.net,http://www.alarabiya.net/articles/2010/07/09/113422.html
2010-07-10,09:25:49,cnwki,291,"A Muslim immigrant who called for ""the slaughter of Jews"" in online postings has become the first person to be charged with promoting genocide in Canada",telegraph.co.uk,http://www.telegraph.co.uk/news/worldnews/northamerica/canada/7882761/Muslim-charged-with-plotting-genocide-of-Canadian-Jews.html
2010-07-10,23:41:59,co2a8,168,"Math Class in the Morning, Turning Tricks at Lunchtime - They are still children, only 12 or 13 years old. They fall in love for the first time and wind up with a pimp. Parents and police are struggling against the hold so-called loverboys have over young girls, but often it's already too late.",spiegel.de,"http://www.spiegel.de/international/europe/0,1518,705104,00.html"
2010-07-10,21:59:50,co1o8,96,Iran imposes media blackout over stoning sentence woman,guardian.co.uk,http://www.guardian.co.uk/world/2010/jul/09/iran-blackout-over-stoning-sentence-woman
2010-07-10,19:02:54,co0qa,53,South Africa black-owned farms 'failing' ,news.bbc.co.uk,http://news.bbc.co.uk/2/hi/africa/8547621.stm
2010-07-11,04:11:17,co4id,46,"Brazil moves to update its copyright law, with a twist; penalize anyone who ""hinders or impedes"" fair use rights or obstructs the use of work that has already fallen into the public domain.",arstechnica.com,http://arstechnica.com/tech-policy/news/2010/07/us-could-learn-from-brazilian-penalty-for-hindering-fair-use.ars
2010-07-11,06:00:17,co5bq,45,More than a million people are marching in Barcelona to call for greater autonomy for the Catalan region.,news.bbc.co.uk,http://news.bbc.co.uk/2/hi/world/europe/10588494.stm
2010-07-10,14:22:41,cnyuz,15,"Dubai airports nix full-body scanners ""out of respect for privacy of individuals and personal freedom""",boingboing.net,http://www.boingboing.net/2010/07/09/dubai-airports-nix-f.html?utm_source=feedburner&utm_medium=feed&utm_campaign=Feed%3A+boingboing%2FiBag+%28Boing+Boing%29
2010-07-10,14:59:36,cnz4o,13,"Drug bust at Israel airport, Hasidic Jews arrested",news.yahoo.com,http://news.yahoo.com/s/ap/20100708/ap_on_re_mi_ea/ml_israel_drug_bust
2010-07-10,08:59:28,cnwdf,10,Real-life Shaolin Soccer: Chinese monks starts soccer team,chinadaily.com.cn,http://www.chinadaily.com.cn/photo/2010-07/09/content_10085602.htm
2010-07-10,11:52:47,cnxqh,11,"For Propaganda to Work, It Must First Be Believable: The Captured Palestinian Missile Launching Garbage Truck",redactednews.blogspot.com,http://redactednews.blogspot.com/2010/07/for-propaganda-to-work-it-must-first-be.html
2010-07-11,07:34:47,co632,8,"Palestinian demographics and cross border fungibles could break down Israel's ring-fenced security, causing even more of its nervous east European-origin Jews to migrate back to their homes in Russia, Poland and elsewhere",timesofindia.indiatimes.com,http://timesofindia.indiatimes.com/home/sunday-toi/all-that-matters/Tide-of-global-opinion-turning-against-Israel/articleshow/6152892.cms
2010-07-11,03:21:51,co44j,7,More than 100 dead in blast in northwest Pakistan,english.ruvr.ru,http://english.ruvr.ru/2010/07/10/11961691.html
2010-07-11,06:27:30,co5kc,4,Chinese Naval Fighter begins roll-out.  What does it remind me of?,informationdissemination.net,http://www.informationdissemination.net/2010/07/j-15-finally-appearing.html?utm_source=twitterfeed&utm_medium=twitter&utm_campaign=Feed:+InformationDissemination+(Information+Dissemination)
2010-07-10,20:12:51,co12d,2,Painting depicting politicians at Nelson Mandela's autopsy have sparked anger in SA; ruling ANC party compares it to 'witchcraft' and call it racist,mg.co.za,http://www.mg.co.za/article/2010-07-09-fury-over-nelson-mandela-autopsy-painting
2010-07-10,16:07:34,cnzme,2,"UK fugitive kills himself to evade capture, which begs the question, why is it considered more humane to lock someone up for the rest of their life rather than execute?",guardian.co.uk,http://www.guardian.co.uk/uk/2010/jul/10/raoul-moat-cornered-police-rothbury
2010-07-10,22:57:22,co1zy,3,"The sad reality is that today’s oppressed are quite often yesterday’s oppressors, and today’s victims tomorrow’s victimizers. ",tnr.com,http://www.tnr.com/blog/foreign-policy/76050/has-liberal-interventionism-run-its-course
2010-07-10,16:20:09,cnzq9,0,Mozambique's `recolonisation',links.org.au,http://links.org.au/node/1784
2010-07-10,15:37:25,cnzey,3,The village makes the villain. ,news.bbc.co.uk,http://news.bbc.co.uk/2/hi/uk_news/10583839.stm
2010-07-10,15:02:38,cnz5f,1,Belgium Church Panel On Sex Abuse Shuts After Raid,huffingtonpost.com,http://www.huffingtonpost.com/2010/06/28/belgium-church-panel-on-s_n_627714.html
2010-07-11,07:30:51,co61v,3,"In Haiti, the Displaced Are Left Clinging to the Edge: The largest urban disaster in modern history",nytimes.com,http://www.nytimes.com/2010/07/11/world/americas/11haiti.html?_r=1&pagewanted=all
2010-07-10,20:06:50,co11i,2,Japan: Gang ties to sumo scandal grow,news.asiaone.com,http://news.asiaone.com/News/Latest%2BNews/Asia/Story/A1Story20100709-226075.html
2010-07-10,08:33:24,cnw5x,0,No newspapers from Kashmir; journalists say media gagged ,english.manoramaonline.com,http://english.manoramaonline.com/cgi-bin/MMOnline.dll/portal/ep/contentView.do?contentId=7520158&programId=1073750974&tabId=1&contentType=EDITORIAL&BV_ID=@@@
2010-07-11,02:47:36,co3to,0,Taliban’s Terrifying Army of Monkey Terrorists Effectively Ends War,nymag.com,http://nymag.com/daily/intel/2010/07/terrifying_army_of_trained_mon.html
2010-07-10,18:56:48,co0pb,0,Israel says foiled Libyan bid to break Gaza blockade,rawstory.com,http://rawstory.com/news/afp/Israel_says_foiled_Libyan_bid_to_br_07102010.html
2010-07-10,11:08:12,cnxeb,1,Global Elite Designed Sanctions to Kill and Impoverish the People of Iran,infowars.com,http://www.infowars.com/global-elite-designed-sanctions-to-kill-and-impoverish-the-people-of-iran/
2010-07-10,18:00:21,co0ey,3,"The ""Chinese military awoke [on June 28, 2010] to find as many as 462 new Tomahawks deployed by the U.S. in its neighborhood. 'There's been a decision to bolster our forces in the Pacific,' says Bonnie Glaser, a China expert . . . 'There is no doubt that China will stand up and take notice.'""",time.com,"http://www.time.com/time/nation/article/0,8599,2002378,00.html"
2010-07-11,01:17:49,co312,0,Colonialism in Africa is alive and well in Western Sahara,guardian.co.uk,http://www.guardian.co.uk/commentisfree/2010/jul/10/fishing-western-sahara-european-commission
2010-07-10,13:52:33,cnymn,0,"Experiments in Torture: Action and Media Recap | 
The Torture Papers",phrtorturepapers.org,http://phrtorturepapers.org/?p=572
2010-07-10,16:12:29,cnznx,0,Barbarous Act-Woman in Iran being Stoned to Death,younghopes.com,http://www.younghopes.com/social-issues/barbarous-act-woman-in-iran-being-stoned-to-death.html
