2010-04-12,19:29:30,bpq46,1211,"The story BCG offered me $16,000 not to tell : With a diligent enough effort, one can morally justify nearly anything.",tech.mit.edu,http://tech.mit.edu/V130/N18/dubai.html
2010-04-12,04:57:00,bphf8,1040,"Dawkins comments on Times article: ""I did NOT say 'I will arrest Pope Benedict XVI"" or anything so personally grandiloquent ... The Sunday Times is a Murdoch newspaper'.",richarddawkins.net,http://richarddawkins.net/articles/5415
2010-04-13,01:43:14,bpv66,107,"The Vatican finally decides that ""bishops and other high-ranking clerics should report such crimes to police"" , but only if required by law. The remains of anything humane has finally bled out of the Vatican.",news.yahoo.com,http://news.yahoo.com/s/ap/20100412/ap_on_re_eu/eu_church_abuse
2010-04-12,21:48:56,bprtt,81,"The man behind Wikileaks: “We have had to spread assets, encrypt everything, and move telecommunications and people around the world to activate protective laws in different national jurisdictions”",technology.timesonline.co.uk,http://technology.timesonline.co.uk/tol/news/tech_and_web/the_web/article7094231.ece
2010-04-13,06:16:51,bpz1m,80,"Ahmadinejad urges UN chief Ban Ki-moon to launch an investigation into the September 11, 2001 attacks on the United States",google.com,http://www.google.com/hostednews/afp/article/ALeqM5hrUomjMMNQDxed7xfoH3csySvrSg
2010-04-13,01:50:28,bpvac,67,Hamas is forcing other Gaza Palestinian factions to guarantee they do not launch rockets or mortar bombs at Israel,haaretz.com,http://www.haaretz.com/hasen/spages/1162472.html
2010-04-12,23:06:28,bpstr,66,What is a Zimbawe Prison like.,sokwanele.com,http://www.sokwanele.com/thisiszimbabwe/archives/3882
2010-04-12,14:00:18,bpmiv,33,Bishop 'blames Jews' for criticism of Catholic church record on abuse. I want a ringside seat!,guardian.co.uk,http://www.guardian.co.uk/world/2010/apr/11/catholic-bishop-blames-jews
2010-04-13,00:05:09,bptoh,26,"Vatican forgives Beatles for 'Satanic' messages, rather than focus on the international abuse scandal",guardian.co.uk,http://www.guardian.co.uk/music/2010/apr/12/vatican-beatles-john-lennon
2010-04-12,10:38:19,bpkct,24,Blast rocks MI5 office near Belfast,english.aljazeera.net,http://english.aljazeera.net/news/europe/2010/04/201041211326560214.html
2010-04-13,02:32:13,bpvxq,23,"Fr. Maciel was the greatest fundraiser of the modern Roman Catholic church. Behind that exalted façade, however, Maciel was a notorious pedophile, and a man who fathered several children by different women!",scienceblogs.com,http://scienceblogs.com/pharyngula/2010/04/sex_with_children_and_getting.php
2010-04-12,21:27:19,bprj7,23,Priest accused of child porn possession,foxnews.com,http://www.foxnews.com/world/2010/04/12/priest-accused-child-porn-possession/?utm_source=feedburner&utm_medium=feed&utm_campaign=Feed:+foxnews/world+%28Text+-+World%29
2010-04-13,05:26:15,bpyd2,17,2010 Pulitzer Prize winners,pulitzer.org,http://www.pulitzer.org/node/8501
2010-04-13,02:53:05,bpw8t,17,Russian leader gently snubs Bush: 'Obama is a thinker',rawstory.com,http://rawstory.com/rs/2010/0412/medvedev-bush-not-thinker/
2010-04-13,02:10:57,bpvl8,15,Poland Mourns [pics],boston.com,http://www.boston.com/bigpicture/2010/04/poland_in_mourning.html
2010-04-12,20:36:46,bpqw2,14,Tasmanian Hookers Learn Tough Side Of Supply-And-Demand Economics.,themercury.com.au,http://www.themercury.com.au/article/2010/04/11/139141_tasmania-news.html
2010-04-12,20:09:48,bpqks,11,"Afghan Civilians Attacked By NATO Troops: Four Killed, 18 Wounded In Kandahar",huffingtonpost.com,http://www.huffingtonpost.com/2010/04/12/afghan-civilians-attacked_n_533621.html
2010-04-12,19:15:27,bppxf,11,Digital Economy Act likely to increase households targeted for piracy: Fears increase that law firms may hone in on innocent web users who don't illegally download,guardian.co.uk,http://www.guardian.co.uk/media/2010/apr/12/digital-economy-bill-households-piracy
2010-04-13,06:47:54,bpzfd,12,Riots on the streets of Bangkok - 25 dead,news.bbc.co.uk,http://news.bbc.co.uk/1/hi/world/asia-pacific/8616309.stm
2010-04-12,23:06:26,bpstp,13,Obama is a great guy to deal with - Medvedev,rt.com,http://rt.com/Politics/2010-04-12/medvedev-interview-abc-obama.html
2010-04-12,10:11:21,bpk3u,9,Graffiti rules ! - The government of Venezuela is increasingly making street art a central element of its promotion of a state ideology.,nytimes.com,http://www.nytimes.com/2010/04/12/world/americas/12caracas.html
2010-04-12,18:56:55,bppq8,10,"Conviction a nurse for patients' deaths does not add up: Imagine I am firing a thousand machinegun bullets into the side of a barn. I remove my blindfold, find three bullets very close together and paint a target around them. Then I announce that I am an Olympic standard rifleman.",guardian.co.uk,http://www.guardian.co.uk/commentisfree/2010/apr/10/bad-science-dutch-nurse-case
2010-04-12,18:30:51,bppfg,9,BBC News - Apollo 13: Nasa's finest hour?,news.bbc.co.uk,http://news.bbc.co.uk/2/hi/science/nature/8613715.stm
2010-04-12,22:34:02,bpscy,8,Today the Icelandic nation gets a first hand look into the reasons why the economic collapse was so bad here....,self.worldnews,https://www.reddit.com/r/worldnews/comments/bpscy/today_the_icelandic_nation_gets_a_first_hand_look/
2010-04-12,18:07:43,bpp6c,6,Mittal climbs to No 3 in Forbes list of billionaires behind Gates and Buffett,guardian.co.uk,http://www.guardian.co.uk/business/2005/mar/11/3
2010-04-12,20:29:36,bpqsv,6,Top anti-racism judge shot dead in Moscow,abc.net.au,http://www.abc.net.au/news/stories/2010/04/12/2870774.htm?section=justin
2010-04-12,08:24:29,bpj8b,4,"Britain's BAE Systems has become the world's biggest arms dealer, ahead of US companies
",news.yahoo.com,http://news.yahoo.com/s/afp/20100411/bs_afp/swedenusbritainfrancearmsindustry
2010-04-12,21:30:43,bprky,7,Karzai threatens to block NATO offensive,timesonline.co.uk,http://www.timesonline.co.uk/tol/news/world/afghanistan/article7094217.ece
2010-04-12,23:38:09,bpt91,3,"Authorities arrest another suspect in foiled plot to bomb NYC subways.  Man was arrested and suspected of receiving al-Qaeida training in Pakistan, recipient of billions of dollars in US and world aid",msnbc.msn.com,http://www.msnbc.msn.com/id/36413756
2010-04-12,10:19:05,bpk6h,6,"The success of the Jobbik party, which has railed against “Gypsy crime” and Jews, threatens to tarnish Hungary’s international image and could undermine its economic recovery ",nytimes.com,http://www.nytimes.com/2010/04/12/world/europe/12hungary.html?ref=world
