2010-02-09,17:56:13,azuif,408,"Blair acknowledged that Israel was part of the equation on invading Iraq, and that the Israeli government was being actively consulted in the planning for the war",walt.foreignpolicy.com,http://walt.foreignpolicy.com/posts/2010/02/08/i_dont_mean_to_say_i_told_you_so_but
2010-02-09,18:47:23,azuzg,255,"Students interrupted Israel ambassador's lecture at Irving University in LA over 10 times, shouting ""killers"" and ""how many Palestinians did you kill?"" 12 arrested",haaretz.com,http://www.haaretz.com/hasen/spages/1148561.html
2010-02-09,17:44:35,azue5,128,"Goldman Sachs helped the Greek government to mask the true extent of its deficit with the help of a derivatives deal that legally circumvented the EU Maastricht deficit rules. At some point the so-called cross currency swaps will mature, and swell the country's already bloated deficit.",spiegel.de,"http://www.spiegel.de/international/europe/0,1518,676634,00.html#ref=rss"
2010-02-09,21:37:15,azwq9,106,"Shame and Fear - Inside Germany's Catholic Sexual Abuse Scandal.  Close to 100 priests and members of the laity have been suspected of abuse in recent years. After years of suppression, the wall of silence appears to be crumbling.",spiegel.de,"http://www.spiegel.de/international/germany/0,1518,676497,00.html"
2010-02-09,12:52:43,azrf5,103,Victorian Time Capsule Found in Britain.,news.bbc.co.uk,http://news.bbc.co.uk/local/lancashire/hi/people_and_places/history/newsid_8500000/8500939.stm
2010-02-09,14:40:37,azsl8,102,Haitian man found alive in rubble 4 weeks after earthquake,cnn.com,http://www.cnn.com/2010/WORLD/americas/02/08/haiti.rescue/index.html?hpt=C1
2010-02-09,15:06:36,azsus,69,"Saudi girl, 12, wants to divorce husband, 80.",timesonline.co.uk,http://www.timesonline.co.uk/tol/news/world/middle_east/article7019754.ece
2010-02-10,07:37:51,b04k3,70,Operation Titstorm: Anonymous target internet censorship in Australia bringing down government servers,smh.com.au,http://www.smh.com.au/technology/technology-news/operation-titstorm-hackers-bring-down-government-websites-20100210-nqku.html
2010-02-09,19:40:09,azvi9,37,Cows now outnumber humans in New Zealand. This sucks. Sheep jokes were much funnier. ,cnews.canoe.ca,http://cnews.canoe.ca/CNEWS/WeirdNews/2010/02/09/12798751-ap.html
2010-02-09,20:59:08,azwbs,31,China jails activist who investigated deaths of children in schools destroyed by Sichuan earthquake,guardian.co.uk,http://www.guardian.co.uk/world/2010/feb/09/china-eathquake-schools-activist-jailed?utm_source=twitterfeed&utm_medium=twitter
2010-02-09,16:43:24,aztqn,36,"When it Rains, it Pours: Toyota Recalls 437K More Worldwide, This Time Over Brake System Software Failure",toyotainthenews.com,http://www.toyotainthenews.com/toyota-brake-recall/
2010-02-10,02:40:15,b00un,31,"Blair used 'Soviet-style' propaganda: 
French govt. accused British PM of propaganda in run-up to Iraq war.",thisislondon.co.uk,http://www.thisislondon.co.uk/standard/article-23803734-french-accuse-tony-blair-of-soviet-style-propaganda-in-run-up-to-iraq-war.do
2010-02-10,06:38:04,b03xq,18,Iran has asked the UN nuclear agency to oversee it's uranium enrichment,presstv.ir,http://www.presstv.ir/detail.aspx?id=118172&sectionid=351020104
2010-02-09,18:38:11,azuwh,15,Show-off French philosopher BHL is a laughing stock after citing spoof fictional philosopher,timesonline.co.uk,http://www.timesonline.co.uk/tol/news/world/europe/article7019866.ece
2010-02-09,09:11:02,azp3w,14,"""In its attempt to fool regulators, the company is understood to have developed software that would display acceptable-looking readouts on screens whenever inspectors from the Transport Ministry came to observe the testing procedures."" - Good job developer !",theaustralian.com.au,http://www.theaustralian.com.au/business/aviation/japanese-company-admits-faking-safety-reports-on-airline-seats/story-e6frg95x-1225828123872
2010-02-09,21:52:01,azww7,14,"Indian Government not to allow cultivation of genetically modified Brinjal, for now.",ibnlive.in.com,http://ibnlive.in.com/news/govt-puts-bt-brinjal-in-cold-storage-for-now/109892-11.html?from=tn
2010-02-09,20:15:44,azvub,12,China sentences earthquake activist to five years in prison - for alleged email comments about the 1989 Tiananmen Square crackdown,english.aljazeera.net,http://english.aljazeera.net/news/asia-pacific/2010/02/201029922614882.html
2010-02-10,01:33:57,azzv5,6,"Italy says dozens of members of Iran's hardline religious Basij militia have tried to attack its embassy in Tehran, but Iranian media described the incident as a student protest and did not mention any violence.",reuters.com,http://www.reuters.com/article/idUSTRE6183OX20100209
2010-02-09,08:31:46,azop0,7,"Supreme leader Ayatollah Ali Khamenei said on Monday that Iran is set to deliver a ""punch"" that will stun world powers this week",breitbart.com,http://www.breitbart.com/article.php?id=CNG.e0b08e9e64fe15a987c1cf73dd8c5fe2.521&show_article=1
2010-02-09,19:25:32,azvcs,5,Slippery Jack Straw leaves Iraq Inquiry grasping for answers,telegraph.co.uk,http://www.telegraph.co.uk/news/worldnews/middleeast/iraq/7190316/Sketch-Slippery-Jack-Straw-leaves-Iraq-Inquiry-grasping-for-answers.html
2010-02-10,02:33:14,b00qo,5,"Supporters of the Iranian Government attacked the Italian Embassy: ""Death to Italy"", ""Death to Berlusconi""",timesonline.co.uk,http://www.timesonline.co.uk/tol/news/world/middle_east/article7020878.ece
2010-02-09,09:08:46,azp31,6,"Venezuela - ""Electricity emergency"" declared by President Chavez while inaugurating his new radio talk-show",reuters.com,http://www.reuters.com/article/idUSTRE61801720100209
2010-02-10,06:10:21,b03m5,5,"Italy said dozens of members of Iran's hardline religious Basij militia had tried to attack its embassy in Tehran on Tuesday, but Iranian media described the incident as a student protest and did not mention any violence.",reuters.com,http://www.reuters.com/article/idUSTRE6183OX20100209?feedType=RSS&feedName=worldNews&utm_source=twitterfeed&utm_medium=twitter&utm_campaign=Feed%3A+reuters%2FworldNews+%28News+%2F+US+%2F+International%29
2010-02-10,03:15:07,b01cx,5,"Hugo Chávez's new radio show will not appear on any listings and will pounce without warning, day or night, on to the airwaves: first a harp playing folk music, then a familiar voice.",guardian.co.uk,http://www.guardian.co.uk/world/2010/feb/09/suddenly-chavez-surprise-radio-show
2010-02-10,07:16:27,b04ch,4,"Political operatives of Putin's United Russia party admit to smear campaigning. ""One common stunt is to hire groups of scruffy homeless people to stage a rally supporting an opposing candidate, thus reflecting poorly on the candidate’s base."" ??",sptimes.ru,http://www.sptimes.ru/index.php?action_id=2&story_id=30770
2010-02-10,03:01:01,b0151,4,Obama considered labeling the Christmas Bomber as an Enemy Combatant,washingtonpost.com,http://www.washingtonpost.com/wp-dyn/content/article/2010/02/08/AR2010020803658.html
2010-02-09,21:07:16,azwep,5,"Cuba's public ""privatization"" debate - Communist Party newspaper has been publishing frank criticisms of Cuban socialism.",globalpost.com,http://www.globalpost.com/dispatch/cuba/100205/privatization-granma-liberalization
2010-02-10,04:00:42,b020a,2,Canadian government seeks second appeal against safe injection site,cbc.ca,http://www.cbc.ca/canada/british-columbia/story/2010/02/09/bc-supreme-court-appeal-supervised-injection-site.html
2010-02-10,05:35:34,b0385,3,Nigeria's Vice-President Jonathan assumes the duties of ailing President Yar'Adua.  I think we should all wish him you-know-what.,news.bbc.co.uk,http://news.bbc.co.uk/2/hi/africa/8507289.stm
2010-02-09,17:49:43,azufp,4,AP Article Fuels Iran War Hysteria: “Iran moves closer to nuke warhead capacity”,news.antiwar.com,http://news.antiwar.com/2010/02/08/ap-article-fuels-iran-war-hysteria/
