2010-07-02,04:23:02,cl1p5,602,   Sweden ends compulsory military service   ,swedishwire.com,http://www.swedishwire.com/politics/5236-sweden-ends-compulsory-military-service-
2010-07-02,18:12:39,cl8yn,194,Mexican gang gunfight near US border leaves 21 dead,news.bbc.co.uk,http://news.bbc.co.uk/2/hi/world/latin_america/10485228.stm
2010-07-02,21:45:05,claj5,105,Is Canadian Copyright Minister An Agent of Foreign Influence?,vancouversun.com,http://www.vancouversun.com/news/minister+agent+foreign+influence/3226752/story.html
2010-07-02,22:17:24,clavj,56,Canadian copyright astroturf site revealed as front for recording industry lobby,michaelgeist.ca,http://www.michaelgeist.ca/content/view/5164/125/
2010-07-02,23:21:56,clbkp,46,How Long Does it take for the Average Chinese Worker to Buy a Home?,chinahush.com,http://www.chinahush.com/2010/06/30/how-long-does-it-take-for-you-to-buy-this-home/
2010-07-02,19:40:04,cl9ia,52,How an MI5 'weapons dealer' tricked a Real IRA leader,news.bbc.co.uk,http://news.bbc.co.uk/1/hi/northern_ireland/10486088.stm
2010-07-03,04:19:21,clexp,34,"This is the story of how some of the richest people in the world - Goldman, Deutsche Bank, the traders at Merrill Lynch, and more - have caused the starvation of some of the poorest people in the world",commondreams.org,http://www.commondreams.org/view/2010/07/02-1
2010-07-02,19:42:51,cl9iu,32,"The former head of interpol, South Africa's former police commisioner, has been found guilty of corruption.",news.iafrica.com,http://news.iafrica.com/sa/2514402.htm
2010-07-03,00:15:58,clc7k,19,42 killed at Sufi shrine in Pakistan by two suicide bombers,news.bbc.co.uk,http://news.bbc.co.uk/2/hi/south_asia/10486925.stm
2010-07-03,02:17:11,cldko,17,"Male 'Virginity Test' Helps Free Three Men Accused Of Rape 
",huffingtonpost.com,http://www.huffingtonpost.com/2010/07/02/male-virginity-test-helps_n_633481.html
2010-07-03,05:50:01,clfsa,20,"The British, never fond of children, have lost all knowledge or intuition about how to raise them; as a consequence, they now fear them, perhaps the most terrible augury possible for a society.",city-journal.org,http://www.city-journal.org/2008/18_3_otbie-british_children.html
2010-07-02,09:49:04,cl4xh,11,Deadly blasts hit Lahore shrine: At least 41 people have been killed and hundreds injured after suicide attacks in the eastern Pakistani city of Lahore,english.aljazeera.net,http://english.aljazeera.net/news/asia/2010/07/20107118495127825.html
2010-07-03,04:03:19,clese,14,"China: Six people are killed and ten others injured 
after a space shuttle simulator ride plunged to the 
ground at an amusement park in Shenzhen",english.ntdtv.com,http://english.ntdtv.com/ntdtv_en/ns_china/2010-07-01/982929036388.html
2010-07-03,06:13:28,clfzk,12,"Germany's left has its own tales of abuse. One of the goals of the German 1968 movement was the sexual liberation of children. For some, this meant overcoming all sexual inhibitions, creating a climate in which even pedophilia was considered progressive.",spiegel.de,"http://www.spiegel.de/international/zeitgeist/0,1518,702679,00.html"
2010-07-02,23:04:56,clbe8,12,A new espionage case is putting pressure on ties between Germany and China. German prosecutors are investigating senior Chinese officials who they believe spied on Falun Gong supporters in Germany.,spiegel.de,"http://www.spiegel.de/international/world/0,1518,703411,00.html"
2010-07-02,19:14:05,cl9cf,9,"Two suicide bombers have carried out a deadly 
attack on a Sufi shrine in the eastern Pakistani city 
of Lahore, killing 42 people.",news.bbc.co.uk,http://news.bbc.co.uk/2/hi/south_asia/10483453.stm
2010-07-03,06:06:47,clfxi,11,"Many moons ago Rhodesia was having problems with terrorists based in zambia, this is a live recording of how they took out the terrorists without messing with zambians i.e.: how we should have handled Afghanistan. ",youtube.com,http://www.youtube.com/watch?v=z0ftw4bQq6g
2010-07-02,13:42:56,cl6ty,10,"Pakistan Mosque Suicide Bombers caught on CCTV: First detonates as he is being chased by security, second enters moments later(SFW)",youtube.com,http://www.youtube.com/watch?v=gyNz-9DQ3QI
2010-07-02,08:00:14,cl426,10,Russia to deliver 50 armored vehicles to Palestine,wireupdate.com,http://wireupdate.com/wires/7170/russia-to-deliver-50-armored-vehicles-to-palestine/
2010-07-03,01:47:00,cld97,8,FIFA may ban Nigeria from world football because President Goodluck Jonathan has suspended the team for two years. TIL the president of Nigeria is named Goodluck Jonathan.,news.bbc.co.uk,http://news.bbc.co.uk/sport2/hi/football/world_cup_2010/8780028.stm
2010-07-03,02:51:54,cle05,6,The Glittering Prizes: War Crime Continues to Pay - [Tony Blair's peace prize] is of course most appropriate; for there are currently in excess of one million human beings enjoying eternal peace thanks to the war of aggression that Blair was instrumental in unleashing against Iraq.,chris-floyd.com,http://www.chris-floyd.com/articles/1-latest-news/1985-the-glittering-prizes-war-crime-continues-to-pay.html
2010-07-02,22:36:11,clb2n,7,New tax doubles price of tobacco in Egypt,independent.co.uk,http://www.independent.co.uk/news/world/africa/new-tax-doubles-price-of-tobacco-in-egypt-2016303.html
2010-07-02,08:54:09,cl4im,7,Canada's brewing 'insurgency',english.aljazeera.net,http://english.aljazeera.net/focus/2010/06/20106238405246236.html
2010-07-02,13:16:08,cl6oc,7,"UN report calls for world to ditch dollar, migrate to new global currency",rawstory.com,http://rawstory.com/rs/2010/0701/report-calls-world-ditch-dollar-migrate-global-reserve-currency/
2010-07-02,08:20:27,cl48l,6,China continues persecution in Tibet.  Artist sentenced to 15 years,nytimes.com,http://www.nytimes.com/2010/06/25/world/asia/25tibet.html?_r=1
2010-07-03,00:24:34,clcb3,5,"Hamas, a threat to its own people",washingtonpost.com,http://www.washingtonpost.com/wp-dyn/content/article/2010/06/28/AR2010062803753.html?referrer=reddit
2010-07-03,06:56:15,clgf6,5,Russia set for drink-driving ban,news.bbc.co.uk,http://news.bbc.co.uk/2/hi/world/europe/10489048.stm
2010-07-02,17:02:34,cl8gk,4,"Turkey threatens to ban Israeli commercial flights over Gaza flotilla row-  Israel told Turkey during secret talks this week that it may be willing to offer apology and compensation to victims, according to Turkish media.",haaretz.com,http://www.haaretz.com/news/diplomacy-defense/report-turkey-threatens-to-ban-israeli-commercial-flights-over-gaza-flotilla-row-1.299634
2010-07-02,22:57:53,clbbg,4,"Civil Partnership Bill passes through Irish parliament, giving new legal rights to non-marital couples",rte.ie,http://www.rte.ie/news/2010/0701/gay.html
2010-07-02,08:00:06,cl424,4,At least 41 dead in suicide bombings in Pakistan,globalpost.com,http://www.globalpost.com/breaking-news/global/at-least-4-killed-three-bomb-blasts-pakistan
