2010-03-22,20:20:36,bgkfi,1360,Charlie Brooker: The most dangerous drug isn't meow meow. It isn't even alcohol...,guardian.co.uk,http://www.guardian.co.uk/commentisfree/2010/mar/22/charlie-brooker-newspapers-dangerous-drug
2010-03-22,17:07:52,bgibl,138,"This week's Economist is banned in Thailand, due to its critical, honest look at the political unrest in the country. Well worth a read.",economist.com,http://www.economist.com/displaystory.cfm?story_id=15718981
2010-03-22,09:22:15,bgd6e,59,British inquiry into Iraq war turns toward Bush,rawstory.com,http://rawstory.com/2010/03/iraq-war-inquiry-turns-bush-officials-report/
2010-03-23,03:00:11,bgqie,53,Google Pulls Out Of China,businessinsider.com,http://www.businessinsider.com/google-pulls-out-of-china-2010-3
2010-03-22,18:35:15,bgj92,42,Bushmen mark eight years without water,survivalinternational.org,http://www.survivalinternational.org/news/5676
2010-03-23,04:43:28,bgs0z,40,A policeman struck a G20 protester twice with a metal baton after mistaking a carton of orange juice in her hand for a weapon,uk.news.yahoo.com,http://uk.news.yahoo.com/21/20100322/tuk-sergeant-mistook-drink-for-weapon-6323e80.html
2010-03-23,06:13:33,bgt6p,35,Beautifully-illustrated 9-min video explaining the complexities of the world food market: How is it that 1 in 7 people go hungry?,vimeo.com,http://vimeo.com/8812686
2010-03-22,22:47:56,bgmfa,38,Nuclear physicist gone without a trace,cbc.ca,http://www.cbc.ca/canada/story/2010/03/19/f-cranswick-chalk-river-missing.html
2010-03-22,08:22:54,bgcmg,28,India successfully test-fires BrahMos supersonic cruise missile,timesofindia.indiatimes.com,http://timesofindia.indiatimes.com/india/India-successfully-test-fires-BrahMos-supersonic-cruise-missile/articleshow/5708475.cms
2010-03-23,03:08:58,bgqnm,25,Quebecers rally to put secularism on agenda,montrealgazette.com,http://www.montrealgazette.com/life/Quebecers+rally+secularism+agenda/2706835/story.html
2010-03-23,03:30:28,bgr08,27,China Says That It May Go from Giant Trade Surplus to Trade DEFICIT in March,chinadaily.com.cn,http://www.chinadaily.com.cn/china/2010-03/22/content_9619515.htm
2010-03-22,16:26:21,bghx7,25,"hey worldnews.reddit, I've spent the last week in Bangkok taking photos of the massive red shirt protests. Here are my photos & a roundup. AMA",legalnomads.blogspot.com,http://legalnomads.blogspot.com/2010/03/red-shirt-protests-in-bangkok.html
2010-03-22,06:16:26,bgbex,22,"Israeli Jews steal more land from Palestinians, says the Palestinians made them do it and it's for their own good.",haaretz.com,http://www.haaretz.com/hasen/spages/1157741.html
2010-03-22,11:54:46,bgeyd,22,"WHO finds drug-resistant TB on the rise in Russia, China, and India.",radioaustralia.net.au,http://www.radioaustralia.net.au/connectasia/stories/201003/s2852519.htm
2010-03-23,03:07:46,bgqms,21,"UN: Polluted water killing, sickening millions - ""More than half of the world's hospital beds are filled by people suffering from water-related illnesses""",washingtonpost.com,http://www.washingtonpost.com/wp-dyn/content/article/2010/03/22/AR2010032201611.html
2010-03-22,11:15:37,bgeht,17,PROTEST FAIL: Students protest tuition fee hike by destroying school property bought by the money from tuition fees,indolentindio.com,http://www.indolentindio.com/2010/03/how-to-protest-tuition-fee-hike-destroy-school-property-justify-increase/
2010-03-22,11:47:14,bgev8,13,"""Day of Wrath"" protests occur simultaneously in 20 Russian cities.",csmonitor.com,http://www.csmonitor.com/World/Europe/2010/0321/Russia-protests-Thousands-rally-in-Day-of-Wrath-against-Putin
2010-03-22,18:18:38,bgj2e,14,How the UN got scammed for millions: The peace profiteer,turtlebay.foreignpolicy.com,http://turtlebay.foreignpolicy.com/posts/2010/03/18/the_peace_profiteer
2010-03-22,23:49:32,bgnfs,12,"""We have a woman that has been shot; she needs help. Stop shooting. There is no reason to be shooting at people like this. You are in THEIR village.""",mondoweiss.net,http://mondoweiss.net/2010/03/the-shootings-and-arrests-last-friday-in-a-west-bank-village.html
2010-03-23,02:12:28,bgpsi,9,"Ireland greets pope's apology with skepticism, calling the pope's analysis flawed",globalpost.com,http://www.globalpost.com/dispatch/ireland/100322/pope-apology-ireland-clerical-abuse
2010-03-22,09:08:01,bgd1e,11,Israeli leader flies for talks with Obama as four more teenager killings raise tension in West Bank,guardian.co.uk,http://www.guardian.co.uk/world/2010/mar/21/binyamin-netanyahu-obama-west-bank-israel
2010-03-22,21:38:11,bglgi,11,A looming earthquake in Nepal could be catastrophic — worse than Haiti or Chile,globalpost.com,http://www.globalpost.com/dispatch/asia/100316/earthquake-disaster-Haiti-Chile
2010-03-22,01:28:07,bg8qy,12,War is coming - Israel to ask US for bombs in the fight against Iran's Nuclear sites ,timesonline.co.uk,http://www.timesonline.co.uk/tol/news/world/middle_east/article7069724.ece
2010-03-23,05:03:04,bgsa5,9,Berlin Divided on Greece: Merkel Takes on the EU and Her Own Finance Minister.,spiegel.de,"http://www.spiegel.de/international/germany/0,1518,684968,00.html"
2010-03-22,18:12:44,bgj07,8,The US right wing misunderstands elections as equalling democracy. What we have seen since Bush began backing neoconservative talking points is that elections in the Middle East have most often been subverted by authoritarianism and have contributed to social divisiveness,juancole.com,http://www.juancole.com/2010/03/maliki-calls-for-recount-warns-of.html
2010-03-23,02:26:36,bgq0b,9,"Germans Oppose Greek Aid, Poll Shows - Fierce German resistance to helping crisis-hit Greece has emerged in a Financial Times opinion poll that strengthens the hand of Angela Merkel, the chancellor, b/f a possible European showdown this week over financial aid for Athens.",ft.com,http://www.ft.com/cms/s/0/ee055e82-3529-11df-9cfb-00144feabdc0.html
2010-03-22,22:53:49,bgmi2,7,Research shows a third of Londoners are jobless ,independent.co.uk,http://www.independent.co.uk/news/uk/home-news/research-shows-a-third-of-londoners-are-jobless-1925193.html
2010-03-22,15:11:53,bgh7m,7,Chairs of Both the 9/11 Commission and the Joint Intelligence Inquiry into 9/11 Said That Government Minders Obstructed the 9/11 Investigation,blacklistednews.com,http://blacklistednews.com/?news_id=7910
2010-03-23,07:12:31,bgttq,6,"They call them Drug Traffickers, but these days in Mexico they are sowing traffic chaos by stealing vehicles and leaving them blocking city streets in response to government anti-drug offensives. ",nytimes.com,http://www.nytimes.com/2010/03/22/world/americas/22mexico.html
2010-03-22,21:47:51,bglku,7,Four more arrested in Juarez house party massacre,cnn.com,http://www.cnn.com/2010/CRIME/03/21/mexico.juarez.arrests/index.html?hpt=T2
