2010-12-01,22:48:18,eeikv,1419,"Noam Chomsky on declaring Wikileaks a 'terrorist organization': ""Outlandish. ... One of the major reasons for government secrecy is to protect the government from its own population.""",youtube.com,http://www.youtube.com/watch?v=bWd-pgiU4Co
2010-12-02,00:05:29,eek0p,129,And suddenly the Julian Assange rape claims reappear...,guardian.co.uk,http://www.guardian.co.uk/media/2010/dec/01/police-seek-julian-assange-rape-claims
2010-12-01,19:26:43,eeg6j,93,North Korea 'likely to attack again',bbc.co.uk,http://www.bbc.co.uk/news/world-asia-pacific-11887236
2010-12-02,01:18:15,eel5k,67,"Sweden celebrates 100 years with no capital 
punishment",swedishwire.com,http://www.swedishwire.com/politics/7344-sweden-enjoys-100-years-without-death-penalty-
2010-12-01,20:25:24,eegqm,63,"Back in 2009, Assange: We've got 5GB of Bank of America leaks",rawstory.com,http://www.rawstory.com/rs/2010/11/flashback-wikileaks-chief-5gb-dirt-bank-america/
2010-12-01,09:23:54,ee7za,55,"Iraq spent $85Mill. on a detector for guns, ammunition, drugs, truffles, bodies, and ivory. They were unpowered and worked on the same principle as a Ouija board.  Now they realize they don't work, but are still using them.",musingsoniraq.blogspot.com,http://musingsoniraq.blogspot.com/2010/11/iraqs-interior-ministry-absolves.html
2010-12-01,15:25:11,eedmf,50,Wikileaks:  Israel Overestimating Iranian Nuclear Program,ynetnews.com,"http://www.ynetnews.com/articles/0,7340,L-3991191,00.html"
2010-12-02,02:10:12,eem9h,45,The Arctic ice is melting and what are northern countries doing? Racing for resources.,english.aljazeera.net,http://english.aljazeera.net/indepth/features/2010/11/20101130181427770987.html
2010-12-01,17:05:06,eeetj,47,WikiLeaks cables: Pakistan opposition 'tipped off' Mumbai terror group,guardian.co.uk,http://www.guardian.co.uk/world/2010/dec/01/wikileaks-cables-mumbai-attacks-sanctions
2010-12-01,00:46:11,edywo,39,"(too funny:) ""Iran outraged as Star of David revealed on airport""",alarabiya.net,http://www.alarabiya.net/articles/2010/11/29/127842.html
2010-12-01,12:36:05,eeb2a,39,10 Conversations That Just Got a Little More Awkward ,foreignpolicy.com,http://www.foreignpolicy.com/articles/2010/11/30/10_conversations_that_just_got_a_little_more_awkward?page=full
2010-12-01,22:59:21,eeish,28,"China, one of the biggest Internet censors, took no chances and blocked WikiLeaks website amid embarrassing claims made in leaked U.S. diplomatic memos posted there",news.yahoo.com,http://news.yahoo.com/s/ap/20101201/ap_on_re_as/wikileaks_blocked
2010-12-02,04:59:46,eepji,27,Switzerland has voted to automatically expel foreign residents convicted of certain crimes,theage.com.au,http://www.theage.com.au/world/swiss-support-farright-plan-to-banish-foreign-criminals-20101129-18dvm.html
2010-12-01,13:57:58,eecdy,20,China Blocks UN Action Against North Korea,businessweek.com,http://www.businessweek.com/news/2010-11-30/china-blocks-un-action-against-north-korea-afp-reports.html
2010-12-01,12:28:07,eeay8,17,Moscow's Bid to Blow Up WikiLeaks,news.yahoo.com,http://news.yahoo.com/s/dailybeast/11208_moscowsbidtoblowupwikileaksrussiansplaybydifferentrules;_ylt=AjMHvCwsPx9.dktkDdje3o.s0NUE;_ylu=X3oDMTU2YjNrb3FnBGFzc2V0A2RhaWx5YmVhc3QvMjAxMDExMzAvMTEyMDhfbW9zY293c2JpZHRvYmxvd3Vwd2lraWxlYWtzcnVzc2lhbnNwbGF5YnlkaWZ
2010-12-01,23:34:19,eejg3,16,"Russia will build up forces without New START, Putin says",cnn.com,http://www.cnn.com/2010/WORLD/europe/11/30/putin.interview/index.html?hpt=T2
2010-12-02,06:03:46,eeqrr,18,"Woah, now wikileaks reveals dirt on russia - WikiLeaks cables condemn Russia as 'mafia state'",guardian.co.uk,http://www.guardian.co.uk/world/2010/dec/01/wikileaks-cables-russia-mafia-kleptocracy
2010-12-01,22:19:01,eei4n,16,"Wikileaks: ""Venezuelan Intelligence Services (DIM 
and SEBIN) are conducting HUMINT and TECH 
operations against [US] Embassy staff, as well as 
political opposition leaders and are controlled by 
the Cuban Intelligence Service operating in 
Venezuela.""",elpais.com,http://www.elpais.com/articulo/internacional/Cable/espionaje/cubano/dirige/operaciones/Venezuela/elpepuint/20101130elpepuint_39/Tes
2010-12-01,11:55:02,eeaf4,14,"It's Probably a Stretch, But Assange Should Probably Stay Out of the US and UK",guardian.co.uk,http://www.guardian.co.uk/world/2010/dec/01/wikileaks-cables-us-espionage-law
2010-12-01,22:59:05,eeis9,15,Lawyer: Assange is being persecuted in Sweden,washingtonpost.com,http://www.washingtonpost.com/wp-dyn/content/article/2010/12/01/AR2010120101876.html
2010-12-01,13:08:11,eebks,17,"Russia will have to build up its nuclear forces if the United States fails to ratify the New Strategic Arms Reduction Treaty the two countries signed this year, Russian Prime Minister Vladimir Putin ",edition.cnn.com,http://edition.cnn.com/2010/WORLD/europe/11/30/putin.interview/index.html?hpt=T1
2010-12-02,07:06:48,eerx6,16,"""A senior Spanish investigator alleged to the US that Moscow's strategy was to use 'organised crime groups to do whatever the government of Russia cannot acceptably do as a government'. Recent operations included gun-running to the Kurds 'in an attempt to destabilise Turkey' and 'arms trafficking'..",guardian.co.uk,http://www.guardian.co.uk/world/2010/dec/01/wikileaks-cable-spain-russian-mafia
2010-12-01,20:31:02,eegsg,16,"WikiLeaks Assange mother says she does not want him ""hunted down and jailed""",australiantimes.co.uk,http://www.australiantimes.co.uk/news/Assanges-mother-concerned-for-his-welfare
2010-12-02,01:31:22,eelfl,11,Hamas says it would honor a referendum on peace with Israel,reuters.com,http://www.reuters.com/article/idUSTRE6B02ND20101201
2010-12-01,18:58:02,eefwu,10,wikileaks:xMossad chief calling to use UN tribunal on the  assassination of Hariri to pressure foes to achieve Israel political goals ,cablegate.wikileaks.org,http://cablegate.wikileaks.org/cable/2007/07/07TELAVIV2280.html
2010-12-01,18:44:22,eefsq,12,Wikileaks: Pakistan rejects US fears on nuclear arms,bbc.co.uk,http://www.bbc.co.uk/news/world-us-canada-11885588
2010-12-02,02:03:56,eem4l,9,"Bagpipes 'are loved in Afghanistan' - Troops from the Royal Highland Fusiliers, 2nd Battalion The Royal Regiment of Scotland, received ""enthusiastic acclaim"" from Afghans when they played the pipes at a meeting to discuss security along a key road in Helmand Province.",belfasttelegraph.co.uk,http://www.belfasttelegraph.co.uk/news/world-news/bagpipes-are-loved-in-afghanistan-15019047.html
2010-12-02,01:00:53,eekro,9,Police assaults lecturer trying to get into university building during student protest,youtube.com,http://www.youtube.com/watch?v=ECb2a3mqdOA
2010-12-01,09:01:23,ee7mj,8,"London student university occupation at UCL reaches one week
",digitaljournal.com,http://www.digitaljournal.com/article/300896
2010-12-01,12:08:48,eeand,10,US cuts access to files as Interpol seeks Assange,news.yahoo.com,http://news.yahoo.com/s/ap/wikileaks
