2010-12-18,12:13:02,enrjl,1544,Bank of America says it won't process payments intended for WikiLeaks,kansascity.com,http://www.kansascity.com/2010/12/17/2528138/bank-of-america-says-it-wont-process.html
2010-12-18,21:31:48,enwgz,1091,"""What has WikiLeaks done, after all? . . . it has globalised the conflict between citizen and state. The argument is no longer between a few Britons and those who operate the Official Secrets Act. It is no longer about a few Americans . . . running up against the Department of Homeland Security...""",heraldscotland.com,http://www.heraldscotland.com/mobile/comment/ian-bell/assange-s-hero-status-means-keepers-of-secrets-have-lost-1.1075163
2010-12-18,11:50:44,enr9l,141,"This is why they protest in London: government plans to cut  £81bn in services over four years. Using loopholes, rich individuals and corporations will avoid paying £100bn in taxes over 4 years. ",guardian.co.uk,http://www.guardian.co.uk/commentisfree/2010/dec/03/topshop-philip-green-tax-avoidance-protest
2010-12-19,00:20:55,eny09,134,Julian Assange: My life is under threat,belfasttelegraph.co.uk,http://www.belfasttelegraph.co.uk/news/local-national/uk/assange-claims-life-under-threat-15033772.html
2010-12-18,08:10:39,enokn,102,10 days in Sweden: the full allegations against Julian Assange,guardian.co.uk,http://www.guardian.co.uk/media/2010/dec/17/julian-assange-sweden
2010-12-18,12:07:17,enrgx,52,Bolivia recognizes independent Palestinian state,en.rian.ru,http://en.rian.ru/world/20101218/161829055.html
2010-12-19,02:34:00,enzlu,50,"""[Against Wikileaks]Schroeter... gave as an example the need for secret negotiations to reach agreement on the Treaty of Versailles. But since the treaty bears substantial responsibility for the rise of Hitler and WW2, it has a fair claim to being the most disastrous peace treaty in human history.""",guardian.co.uk,http://www.guardian.co.uk/commentisfree/cifamerica/2010/dec/18/wikileaks-cables-open-democracy
2010-12-19,00:46:44,enyay,46,"UK: Burglars accidentally shot (in the dark) by farmer hunting foxes. Report incident to hospital. Police marksmen and helicopter scrambled to arrest farmer... who has a firearms license. Burglars released without charge, charges dropped against farmer 3 months later",bbc.co.uk,http://www.bbc.co.uk/news/uk-england-essex-12026796
2010-12-19,02:27:34,enzi4,41,Australia rejects Israeli ordered Media censorship on Al-Manar,veteranstoday.com,http://www.veteranstoday.com/2010/12/17/franklin-lamb-australia-rejects-israeli-ordered-media-censorship-2/
2010-12-19,04:19:26,eo0y7,45,"""First-time lawmakers of South Korea's ruling Grand National Party will have propaganda leaflets dropped on North Korea on major holidays in the North . . . The leaflets are aimed to let North Koreans know the truth about their country.""",english.donga.com,http://english.donga.com/srv/service.php3?biid=2010121816378
2010-12-18,09:47:24,enps7,33,How Ironic. ,guardian.co.uk,http://www.guardian.co.uk/world/2010/dec/17/wikileaks-cuba-banned-sicko
2010-12-18,16:21:49,enu9q,37,"Police Brutality, Western Australia - man tasered 41 times in a week",perthnow.com.au,http://www.perthnow.com.au/news/western-australia/tasering-judged-irrelevant/story-e6frg13u-1225972576648
2010-12-19,00:58:35,enyh8,28,BBC News - Bank of America stops handling Wikileaks payments,bbc.co.uk,http://www.bbc.co.uk/news/world-us-canada-12028084
2010-12-18,20:22:10,envz5,30,"The crew of a Chinese trawler and a South Korean patrol ship have clashed, leaving one fisherman dead and two missing, South Korean officials say.",bbc.co.uk,http://www.bbc.co.uk/news/world-asia-pacific-12026765
2010-12-19,05:59:31,eo272,21,Nigeria agrees to drop corruption charges against Dick Cheney and Halliburton in exchange for a $250 million settlement. ,businessweek.com,http://www.businessweek.com/news/2010-12-17/nigeria-withdraws-charges-against-cheney-halliburton.html
2010-12-18,18:35:01,env9h,21,'9/11 was an inside job': Full speech by Mahmoud Ahmadinejad at UN - Iran's president sparked a mass walk-out by US delegates yesterday after telling a UN summit that most people believe the American government was behind the 9/11 attacks.,youtube.com,http://www.youtube.com/watch?v=k4phNuwx8Hs&feature=rec-LGOUT-exp_stronger_r2-2r-1-HM
2010-12-18,20:24:55,enw02,18,South Korea stages mass evacuation drill amid tension,signonsandiego.com,http://www.signonsandiego.com/news/2010/dec/14/skorea-stages-mass-evacuation-drill-amid-tension/
2010-12-19,00:01:40,enxt9,20,"Incumbent Ivory Coast President Laurent Gbagbo has demanded that all foreign peacekeepers leave the country immediately, escalating a dispute over last month's presidential election.",bbc.co.uk,http://www.bbc.co.uk/news/world-africa-12028263
2010-12-18,17:57:24,env05,18,"WikiLeaks India: Torture in Kashmir, Hindu radicalism worse than Islamic terror",examiner.com,http://www.examiner.com/geopolitics-in-national/wikileaks-india-torture-kashmir-hindu-radicalism-worse-than-islamic-terror
2010-12-18,14:19:35,enszj,15,"WikiLeaks' revelations about RBS call into question 
the FSA's findings | Business | guardian.co.uk",guardian.co.uk,http://www.guardian.co.uk/business/2010/dec/14/nils-pratley-rbs-wikileaks
2010-12-18,20:20:47,envyr,14,"Law And The Russian System - 
Corruption in Russia. Ubiquitous, acknowledged. ""Soft legal constraints"". Laws are there to be broken—so long as you follow the unwritten rules for breaking the written rules. People know it's a bad system, but fear change",opendemocracy.net,http://www.opendemocracy.net/od-russia/kirill-rogov/switch-on-switch-off-how-law-sustains-russian-system
2010-12-19,05:42:13,eo1zk,15,WikiLeaks: UN offered Robert Mugabe a lucrative retirement overseas,guardian.co.uk,http://www.guardian.co.uk/world/2010/dec/18/tzvangirai-mdc-wikileaks-mugabe-zanu
2010-12-19,03:46:58,eo0jb,14,English Defense League (EDL) is poised to fuel the interfaith confrontation in UK,spotlightofpeace.com,http://www.spotlightofpeace.com/interfaith/the-english-defense-league-edl-is-poised-to-fuel-the-interfaith-confrontation-in-uk/
2010-12-18,12:23:21,enro7,12,"South Korea said Saturday it will go ahead with artillery drills on a border island shelled by North Korea last month despite Pyongyang's threat to retaliate again, as Russia and China expressed concerns over tension on the volatile peninsula.

",foxnews.com,http://www.foxnews.com/world/2010/12/17/nkorea-warns-skorea-stop-live-drills/
2010-12-19,07:03:23,eo31h,11,Palestinians call for state recognition without peace deal | RT,rt.com,http://rt.com/news/call-state-recognition-deal/
2010-12-18,18:19:32,env5f,11,BBC's Director General says Britain needs a Fox News,guardian.co.uk,http://www.guardian.co.uk/media/2010/dec/17/mark-thompson-bbc-fox-news
2010-12-18,23:23:11,enxdr,10,"Remember that story that Sicko was banned in Cuba? You guessed it. In reality, theaters around Cuba broad casted the film.",michaelmoore.com,http://www.michaelmoore.com/words/mike-friends-blog/viva-wikileaks
2010-12-18,19:09:47,envhi,12,Sudan's president 'stashed $9bn in UK',english.aljazeera.net,http://english.aljazeera.net/news/africa/2010/12/2010121812842138677.html
2010-12-18,18:15:50,env4k,8,Islamic council plans terror protest : Views and News from Norway,newsinenglish.no,http://www.newsinenglish.no/2010/12/15/islamic-council-plans-terror-protest/
2010-12-19,06:07:33,eo2av,10,How Arab governments tried to silence WikiLeaks,guardian.co.uk,http://www.guardian.co.uk/world/2010/dec/17/arab-governments-silenced-wikileaks
