2010-09-01,02:50:54,d7t0c,1890,Monsanto Uprooted :: Germany Bans Cultivation of GM Corn,breakthematrix.com,http://breakthematrix.com/latest/monsanto-uprooted-germany-bans-cultivation-of-gm-corn/
2010-09-01,19:00:04,d84he,650,"Sweden to reopen WikiLeaks rape case against Julian Assange: ""There is reason to believe that a crime has been committed""",edition.cnn.com,http://edition.cnn.com/2010/WORLD/europe/09/01/sweden.assange/?hpt=T1
2010-09-02,07:02:18,d8eno,376,"Castro admits 'injustice' for gays and lesbians during revolution: ""They were moments of great injustice ... if someone is responsible, it's me.""
",edition.cnn.com,http://edition.cnn.com/2010/WORLD/americas/08/31/cuba.castro.gays/index.html#fbid=ledzDz4Og19&wom=true
2010-09-01,19:50:29,d84xz,245,"""US man nabbed for blasphemy in Indonesia"", could face 5 years in jail for unplugging loudspeaker of mosque that woke him during the night.",news.smh.com.au,http://news.smh.com.au/breaking-news-world/us-man-nabbed-for-blasphemy-in-indonesia-20100830-1479p.html
2010-09-02,00:19:15,d887s,112,"Leaving Iraq, Remembering Roy - 
Remarkably moving piece of writing. US officer pays tribute to brave young interpreter who joined Americans after al-Qaeda beheaded two of his classmates. Spoiler: it doesn't end happily
",washingtonpost.com,http://www.washingtonpost.com/wp-dyn/content/article/2010/08/27/AR2010082702133.html
2010-09-01,22:04:08,d86ad,88,Oil Balls Landing on Indian Beaches,news.yahoo.com,http://news.yahoo.com/s/ap/20100901/ap_on_re_as/as_india_polluting_ship
2010-09-01,23:24:23,d87cb,43,Ian Tomlinson (protester killed at G20 in London) update: pathologist who conducted the autopsy suspended from the Home Office register of forensic pathologists for misconduct amid questions about his post-mortem examination of Mr Tomlinson,independent.co.uk,http://www.independent.co.uk/life-style/health-and-families/health-news/tomlinson-pathologist-guilty-of-misconduct-2067113.html
2010-09-01,02:00:12,d7s94,38,4 Israelis wounded in shooting attack near Hebron,haaretz.com,http://www.haaretz.com/news/diplomacy-defense/4-israelis-wounded-in-shooting-attack-near-hebron-1.311318
2010-09-01,09:24:12,d7yge,24,Sharia Justice Compassion: 90-year-old Saudi to get 100 lashes,emirates247.com,http://www.emirates247.com/news/region/90-year-old-saudi-to-get-100-lashes-2010-08-31-1.285963
2010-09-02,01:51:41,d89ob,28,At least six killed in Mozambique protests over bread prices,reuters.com,http://www.reuters.com/article/idUSWEA646620100901?loomia_ow=t0:s0:a49:g43:r1:c0.133333:b36987816:z0
2010-09-01,21:59:53,d868j,26,The Stig's identity revealed over legal battle,bbc.co.uk,http://www.bbc.co.uk/news/entertainment-arts-11151777
2010-09-02,07:00:45,d8emq,21,"""I've watched the death of too many civilians, women and children getting killed for doing nothing more than stepping out of the their house. ... Pulling troops from Iraq, they're just going to be sent to Afghanistan."" – Ethan McCord, ground troop involved in WikiLeaks video",michaelmoore.com,http://www.michaelmoore.com/words/latest-news/video-wichita-soldier-speaks-about-leaked-iraq-video
2010-09-01,16:29:40,d835r,22,"Armenian troops commit sabotage act on Azerbaijani territory, both sides have losses",en.trend.az,http://en.trend.az/news/karabakh/1743960.html
2010-09-02,00:30:32,d88e7,21,"After more than 7 years of war, Iraqis are still scrambling to forge a working government",globalpost.com,http://www.globalpost.com/dispatch/iraq/100831/the-us-army-has-left-iraq-now-what
2010-09-01,10:05:07,d7yyl,19,"Ikeshima: Goodbye to old King Coal - Beautiful, sad, photo-essay about near-deserted Japanese island, once home of country's last working coalmines. Twelve children in school built for 1,500. One restaurant. Lots, and lots, of rust  ",spikejapan.wordpress.com,http://spikejapan.wordpress.com/2010/08/31/ikeshima-goodbye-to-old-king-coal/
2010-09-02,00:59:35,d88uw,21,Next step in gradual phasing out of incandescent lightbulbs has begun in the EU. Two more years and they'll all be gone.,irishtimes.com,http://www.irishtimes.com/newspaper/frontpage/2010/0826/1224277611708.html
2010-09-02,07:34:16,d8f33,24,Ghanaian prostitutes in Nigeria on strike (somewhat NSFW),showbiz.peacefmonline.com,http://showbiz.peacefmonline.com/news/201009/77381.php
2010-09-01,14:06:44,d81qv,19, Is Germany Becoming Islamophobic?,spiegel.de,"http://www.spiegel.de/international/germany/0,1518,714643,00.html"
2010-09-02,02:42:53,d8aj5,18,"North Korea vowed to strengthen military ties with 
China on Wednesday, days after the North's leader 
Kim Jong-il finished a visit aimed at bolstering the 
bond with his isolated country's sole major 
supporter",reuters.com,http://www.reuters.com/article/idUSTRE6800UU20100901
2010-09-01,13:31:11,d81ch,18,Pakistan government air raid kills 45 militants and their families,ca.reuters.com,http://ca.reuters.com/article/topNews/idCATRE6800XG20100901?sp=true
2010-09-01,09:47:55,d7yqt,14,"Warning, getting fat may cause travel problems. Man arrested and detained by the authorities in Amsterdam on the basis that he did not resemble the person in his passport photograph.",theregister.co.uk,http://www.theregister.co.uk/2010/08/31/passport_weight_misery/
2010-09-01,10:24:03,d7z70,14,International law enforcement agencies have combined to dismantle an alleged organised child exploitation network that had been operating via the social networking site Facebook,afp.gov.au,http://www.afp.gov.au/media-centre/news/afp/2010/august/Global-investigation-cracks-child-exploitation-network.aspx
2010-09-02,05:19:24,d8d51,12,I am a refugee,jpost.com,http://www.jpost.com/Opinion/Op-EdContributors/Article.aspx?id=186742
2010-09-01,08:19:52,d7xp5,12,"Afghan Government Moves to Bailout Leading Bank - The sudden intervention by the Afghan government to shore up a deeply troubled bank sent shock waves through the capital, prompting fears among American and Afghan officials about the integrity of the country’s financial system.",nytimes.com,http://www.nytimes.com/2010/09/01/world/asia/01kabul.html?_r=1&hp
2010-09-02,00:44:49,d88mk,11,"Blasts kill up to eight in Pakistan's Lahore, 100 hurt",reuters.com,http://www.reuters.com/article/idUSTRE66T3RS20100901
2010-09-01,09:58:33,d7yvs,12,Dad Finds His Children Dead In A Freezer.,web.orange.co.uk,http://web.orange.co.uk/article/news/dad_finds_his_children_dead_in_a_freezer
2010-09-02,04:34:41,d8ceh,10,"In Mexico, chupacabras are blamed for 300 goat beheadings",io9.com,http://io9.com/5627117/in-mexico-chupacabras-are-blamed-for-300-goat-beheadings
2010-09-02,07:58:48,d8fea,9,Danish Politicians Call for Election Observers in Sweden,spiegel.de,"http://www.spiegel.de/international/europe/0,1518,715107,00.html"
2010-09-02,02:24:40,d8a7y,9,"Russia's secretive domestic spy agency has joined a Kremlin transparency drive by disclosing the incomes of its leaders, in an apparent bid to deflect claims by activists that it employs some of Russia's biggest bribe takers",reuters.com,http://www.reuters.com/article/idUSTRE67U2LS20100831
2010-09-02,05:16:56,d8d3v,8,Will Russia's Bloggers Survive Censorship Push?,spiegel.de,"http://www.spiegel.de/international/world/0,1518,714848,00.html"
