2010-06-14,16:08:30,ceq72,780,Red Cross says what no one dares: Gaza blockade is illegal,english.aljazeera.net,http://english.aljazeera.net/news/middleeast/2010/06/201061452646659588.html
2010-06-14,06:27:38,celv1,670,Iceland passes gay marriage law in unanimous vote,news.yahoo.com,http://news.yahoo.com/s/nm/20100611/wl_nm/us_iceland_gaymarriage_2
2010-06-14,23:12:10,cetlc,286,Afghan mineral deposits story is propaganda,theatlantic.com,http://www.theatlantic.com/politics/archive/2010/06/the-mineral-miracle-a-massive-information-operation/58104/
2010-06-14,21:15:58,ceseu,272,"""In nearly 50 years Don Ritchie, 84, has saved at least 160 people at The Gap, a rocky cliff at the entrance to Sydney Harbour""",independent.co.uk,http://www.independent.co.uk/news/world/australasia/suicide-watchman-saves-scores-at-death-spot-1999360.html
2010-06-14,12:45:20,ceonz,224,"According to Unicef, only two countries have not ratified the Convention on the Rights of the Child, which prohibits the use of soldiers younger than 15: the United States and Somalia. Coincidentally, Somalia is employing child soldiers with American money.",nytimes.com,http://www.nytimes.com/2010/06/14/world/africa/14somalia.html
2010-06-14,09:00:36,cemw1,151,Final minutes of Polish military flight 101 carrying many of the leaders of Polish government ,praguepost.com,http://www.praguepost.com/news/4688-region-the-final-minutes-of-flight-101.html
2010-06-15,05:54:01,ceyp9,116,"US Army to spend as much as $100 million to expand its Special Operations headquarters in northern Afghanistan. Construction is supposed to take a year. At which point, the U.S. is allegedly supposed to begin drawing down its forces in Afghanistan. Allegedly.

",wired.com,http://www.wired.com/dangerroom/2010/06/army-plans-100-mil-spec-ops-hq-in-afghanistan/
2010-06-14,14:49:20,cepmr,90,"Video Confirms, Israeli Commandos Boarded Ship Brandishing Silenced Uzi's",youtube.com,http://www.youtube.com/watch?v=0dbxxm1EhAU
2010-06-14,20:15:33,ceryk,56,Australian government to monitor all Internet usage,itwire.com,http://www.itwire.com/it-policy-news/government-tech-policy/39742-australian-government-to-monitor-all-internet-usage
2010-06-14,23:13:40,cetm2,48,Aftermath of Dubai Assassination - Israel Against Extradition of Suspected Mossad Agent to Germany,spiegel.de,"http://www.spiegel.de/international/world/0,1518,700507,00.html"
2010-06-14,19:28:39,cermj,44,"Red Cross Report: Gaza Strip is about to enter its fourth year of blockade. Gazans continue to suffer from unemployment, poverty and warfare, while the quality of health care system has reached an all-time low",icrc.org,http://www.icrc.org/web/eng/siteeng0.nsf/htmlall/palestine-update-140610
2010-06-14,11:39:37,ceo3k,38,"I listened to the survivors of the Israeli raid on the Free Gaza flotilla. Their story, which is backed by photos, clearly invalidates the narrative of the Israeli government.",hurriyetdailynews.com,http://www.hurriyetdailynews.com/n.php?n=what-really-happened-to-the-gaza-flotilla-2010-06-11
2010-06-14,19:04:51,cergg,32,"Russia gone... Constitutional? Medvedev refuses to send troops to calm ethnic riots between Kyrgyzstan and Uzbekistan because ""[i]t is an internal conflict, and so far Russia doesn't see conditions for participating in its resolution"".",latimes.com,"http://www.latimes.com/news/la-fg-kyrgyzstan-russia-20100613,0,5468252.story?track=rss"
2010-06-14,13:47:29,cep5n,23,"Gaza economy collapsing under siege 95% of factories are closed, 93% of water is polluted.",jpost.com,http://www.jpost.com/MiddleEast/Article.aspx?id=178343
2010-06-14,22:29:49,cet3h,22,Armed ethnic clashes rage in Kyrgyzstan; thousands flee ,cnn.com,http://www.cnn.com/2010/WORLD/asiapcf/06/13/kyrgyz.violence/index.html?hpt=T3
2010-06-14,13:51:43,cep6z,19,Depleted uranium used by US tanks in Iraq and Afghanistan is poisoning and disabling kids in Northern India (including the Punjab and Delhi),timesofindia.indiatimes.com,http://timesofindia.indiatimes.com/India/Uranium-affecting-mental-health-of-kids-in-Punjab/articleshow/6044774.cms
2010-06-14,15:08:22,ceprl,20,"British politician David Trimble has been asked by Israel to oversee their internal raid inquiry as one of two international observers. He previously had a report on Northern Ireland published by a UK group called ""Conservative Friends of Israel""",jpost.com,http://www.jpost.com/Home/Article.aspx?id=80012
2010-06-15,07:51:36,cf020,17,Briton Jeff Savage and Australian Conor Purcell have been held for one month without charge in a Thai jail in the wake of the Bangkok riots,bangkokpost.com,http://www.bangkokpost.com/news/local/181291/police-have-3-days-to-investigate-foreigners
2010-06-15,00:52:26,ceurs,17,Is Belgium Coming Apart?,news.bbc.co.uk,http://news.bbc.co.uk/2/hi/world/europe/10311094.stm
2010-06-14,23:25:31,cetr3,17,Stalin's harvest: What lies behind the violence in Kyrgyzstan ,economist.com,http://www.economist.com/node/16364484?story_id=16364484&source=features_box_main
2010-06-14,19:26:45,cerm2,17,Loosening Blockade of Gaza is not Enough: Most children do not even have clean water to drink,juancole.com,http://www.juancole.com/2010/06/palestinians-need-a-state-loosening-blockade-is-not-enough.html
2010-06-14,20:18:05,cerz9,14,Two police officers and an army sergeant who were held hostage by Colombia's Farc rebels for 12 years have been rescued in an operation by the country's security forces.,english.aljazeera.net,http://english.aljazeera.net/news/americas/2010/06/20106143171785167.html
2010-06-14,11:26:53,cenzj,14,"Report: Pentagon seeks WikiLeaks founder Assange, 
fearing cables will be published -",content.usatoday.com,http://content.usatoday.com/communities/ondeadline/post/2010/06/report-pentagon-seeks-wikileaks-founder-assange-fearing-cables-will-be-published/1
2010-06-14,15:09:43,ceprx,15,Belgian election win for party that wants to split nation,guardian.co.uk,http://www.guardian.co.uk/world/2010/jun/14/belgium-flemish-separatist-election-win
2010-06-14,13:34:18,cep1r,10,"The Somali government is fielding hundreds of child soldiers, some as young as 9, according to rights groups and the United Nations.",nytimes.com,http://www.nytimes.com/2010/06/14/world/africa/14somalia.html?partner=rss&emc=rss
2010-06-14,18:32:49,cer7u,10,"Japan is accused of bribery in Whaling crisis. They claim the whaling is ""for science!"" Even so, science can wait… I mean there is an entire ocean of animals for them to study. ",english.aljazeera.net,http://english.aljazeera.net/news/asia-pacific/2010/06/20106147137200555.html
2010-06-15,03:23:09,cewvm,8,World Cup workers go on strike ,english.aljazeera.net,http://english.aljazeera.net/news/africa/2010/06/2010614171457174463.html
2010-06-14,17:15:47,ceqo1,8,UN alarm over Kyrgyzstan clashes: UN Secretary General Ban Ki-moon has expressed alarm at the scale of inter-ethnic clashes in southern Kyrgyzstan. ,news.bbc.co.uk,http://news.bbc.co.uk/1/hi/world/asia_pacific/10306018.stm
2010-06-14,19:36:58,ceroe,10,"A team of U.S. geologists and Pentagon officials has discovered vast mineral wealth in Afghanistan, conceivably enough to turn the scarred and impoverished country into one of the world's most lucrative mining centers",google.com,http://www.google.com/hostednews/ap/article/ALeqM5ixbAsQE2cup3cqRFmFhi27zPVksAD9GAU6U02
2010-06-14,12:07:07,ceocl,8,Pakistani military intelligence agents 'fund and train Taleban',news.scotsman.com,http://news.scotsman.com/world/Pakistani-agents-39fund-and-train.6359229.jp
