2010-03-13,10:25:38,bcs2d,1381,"""We must start to accept that 5% of the population at any given time is bonkers. There are no steps to be taken to stamp this out and no lessons to be learnt when a man with a beard boards a plane with an exploding dog.""",timesonline.co.uk,http://www.timesonline.co.uk/tol/comment/columnists/jeremy_clarkson/article7052392.ece?
2010-03-13,22:17:52,bcxmw,319,"A great NBC piece aired during the Olympics on what happened on September 11th when 39 transatlantic flights were redirected to the small town of Gander, Newfoundland in Canada. [Vid]",vimeo.com,http://vimeo.com/9977796
2010-03-13,03:26:59,bcnsb,199,On the Spot with Kim Jong-il - The Big Picture,boston.com,http://www.boston.com/bigpicture/2010/03/on_the_spot_with_kim_jong-il.html
2010-03-14,07:01:39,bd29k,144,"Israel Punks Itself: Its new ad campaign, which claims settlements are ""restored villages"" and that most Palestinians are actually economic immigrants from other countries, is drawing ridicule at home and abroad.",foreignpolicy.com,"http://www.foreignpolicy.com/articles/2010/03/10/is_israel_fooling_itself?page=0,0"
2010-03-13,05:19:04,bcp5c,140,Eleven Siberian Tigers starve to death at Chinese Zoo,cbc.ca,http://www.cbc.ca/technology/story/2010/03/12/china-siberian-tigers-die.html
2010-03-13,23:35:30,bcyb6,125,US Secretary of State Hillary Clinton has sharply rebuked Israel over its recent decision to build new settlements in East Jerusalem.,news.bbc.co.uk,http://news.bbc.co.uk/1/hi/world/middle_east/8565455.stm
2010-03-13,20:57:16,bcx0m,95,The likelihood of a woman dying in childbirth in the US is five times greater than in Greece - WHO,guardian.co.uk,http://www.guardian.co.uk/world/2010/mar/12/amnesty-us-maternal-mortality-rates
2010-03-14,05:48:13,bd1ox,50,"Pope will struggle to survive abuse scandal - ""The latest revelations are so potentially damaging to the reputation of then-Cardinal Joseph Ratzinger that speculation was mounting last night that they could severely, perhaps even irreparably, damage his moral authority as Pope Benedict XVI.""",independent.ie,http://www.independent.ie/national-news/pope-will-struggle-to-survive-abuse-scandal-2098357.html
2010-03-13,17:20:58,bcvja,48,Google ‘99.9 Percent’ Sure to Shut Down in China (Update1) - BusinessWeek,businessweek.com,http://www.businessweek.com/news/2010-03-13/google-99-9-percent-sure-to-shut-down-in-china-ft-says.html
2010-03-13,11:54:06,bcsr0,45,China to build high speed rail lines: London to Beijing to Singapore,telegraph.co.uk,http://www.telegraph.co.uk/news/worldnews/asia/china/7397846/Kings-Cross-to-Beijing-in-two-days-on-new-high-speed-rail-network.html
2010-03-13,19:17:46,bcwb7,37,Three killed after man walks in on threesome,news.ninemsn.com.au,http://news.ninemsn.com.au/world/1026916/three-killed-after-man-walks-in-on-their-threesome
2010-03-13,18:21:37,bcvym,33,"The bankers lied. And Darling, a mere puppet on their string, knows it: Britain has paid a horrific price for allowing the City to dictate credit policy. Yet there is no inquiry, no questioning, only silence!",guardian.co.uk,http://www.guardian.co.uk/commentisfree/2010/mar/11/banks-lied-darling-puppet-city
2010-03-13,12:25:49,bct00,27,"Over 40 people have been killed in a wave of bombings in the Pakistani city of Lahore.  It is suspected that the army was the main target, though mostly civilians were killed.",english.aljazeera.net,http://english.aljazeera.net/news/asia/2010/03/2010312223319247813.html
2010-03-13,08:01:36,bcqw7,20,"""The Pope Was Drawn Directly into the Roman Catholic Sex Abuse Scandal for the First Time Tonight as News Emerged of His Part in a Decision to Send a Paedophile Priest for Therapy. The Priest Went on to Reoffend and Was Convicted of Child Abuse but Continues to Work as Priest in Upper Bavaria.""",timesonline.co.uk,http://www.timesonline.co.uk/tol/comment/faith/article7060406.ece#cid=OTC-RSS&attr=2015164
2010-03-13,18:57:13,bcw6u,19,Pope is 'shocked' to hear of abuse case in Munich while he was archbishop,guardian.co.uk,http://www.guardian.co.uk/world/2010/mar/13/pope-abuse-case-munich-vatican
2010-03-14,05:34:52,bd1kz,18,"""In Argentina, any success is viewed as suspicious, unless it is won on the football pitch."" An article describing in detail just how corrupt Argentina can be.  ",economist.com,http://www.economist.com/world/americas/displaystory.cfm?story_id=15580245
2010-03-14,02:37:49,bd00a,16,Pakistani Army Paying Pensions to Families of Lashkar-e-Taiba Operatives Who Carried out Mumbai Massacre...,timesofindia.indiatimes.com,http://timesofindia.indiatimes.com/world/us/Pak-army-may-be-paying-compensation-to-slain-26/11-terrorists-kin-US-lawmaker/articleshow/5680607.cms
2010-03-13,22:34:28,bcxrm,16,Israel seals off the occupied Palestinian territory of West Bank - no one will be allowed in or out for 48 hours,english.aljazeera.net,http://english.aljazeera.net/news/middleeast/2010/03/201031215155692341.html
2010-03-13,17:26:34,bcvkq,12,"Unique Arctic ""doomsday"" stockpile of all the world's crop seeds has reached the half-million species mark",independent.co.uk,http://www.independent.co.uk/environment/nature/arctic-seed-vault-hits-halfmillion-mark-1920307.html
2010-03-13,16:40:02,bcv7k,9,'They herded us into one place and started chopping with machetes...',independent.co.uk,http://www.independent.co.uk/news/world/africa/they-herded-us-into-one-place-and-started-chopping-with-machetes-1920702.html
2010-03-13,15:36:03,bcupd,8,Thailand braces for mass protests,english.aljazeera.net,http://english.aljazeera.net//news/asia-pacific/2010/03/2010313498778167.html
2010-03-13,20:55:37,bcx09,8,"Several dozen Palestinian women scuffled with Israeli troops today. Four arrested, none injured. Firebombs thrown. However, the settler movement still isn't getting the hint.",google.com,http://www.google.com/hostednews/ap/article/ALeqM5ioi_0jtO9RjMwPNRoXNCndRPRq3gD9EDNQ0O0
2010-03-14,04:38:18,bd13t,7,China warns Google to comply with censorship laws,news.bbc.co.uk,http://news.bbc.co.uk/1/hi/technology/8564822.stm
2010-03-14,02:24:54,bczwa,6,Rachel Corrie case stirs fresh pain and hope -- Family of activist killed by Israeli bulldozer sues in an Israeli court.,globalpost.com,http://www.globalpost.com/dispatch/israel-and-palestine/100310/palestinian-activist-rachel-corrie
2010-03-14,03:23:38,bd0gc,4,"IRAQ: Women Miss Saddam. Since Iraqis overthrew the British-installed monarchy, Iraqi women had most of the rights that Western women do. Now their Constitution states: ""Islam is the official religion of the state and is a basic source of legislation.""",ipsnews.net,http://www.ipsnews.net/news.asp?idnews=50642
2010-03-14,04:43:46,bd15s,4,"Georgia TV station pulls an Orson Welles on it's viewers, tells them Russia has invaded the country and murdered the president",youtube.com,http://www.youtube.com/watch?v=eWkCTMBACo0
2010-03-14,05:26:39,bd1ik,4,Azerbaijan: Appeal Court Leaves Bloggers in Jail,hrw.org,http://www.hrw.org/en/news/2010/03/10/azerbaijan-appeal-court-leaves-bloggers-jail
2010-03-14,04:52:31,bd18y,2,Radio reporter shot to death in Honduras,knightcenter.utexas.edu,http://knightcenter.utexas.edu/blog/?q=en/node/6663
2010-03-13,23:05:22,bcy1n,3,Sea Shepard member officially arrested by Japanese Coast Guard,news.bbc.co.uk,http://news.bbc.co.uk/2/hi/asia-pacific/8565203.stm
2010-03-13,20:09:08,bcwnz,2,"Essentially this is Top Gear for food: a jokey, blokey exercise in excessive indulgence. It's all sensation, sensation, sensation.",guardian.co.uk,http://www.guardian.co.uk/tv-and-radio/2010/mar/13/charlie-brooker-man-v-food
