2010-08-14,20:48:27,d13vt,608,60000 names and passport numbers sold on the black market by official FIFA ticket agency ,dagbladet.no,http://www.dagbladet.no/2010/08/14/nyheter/fifa/billetter/svartebors/12953681/
2010-08-14,17:08:23,d12os,108,"""A vast expansion of a program paying to keep [Germany's] workers employed, rather than dealing with them once they lost their jobs, was the most direct step taken in the heat of the crisis.""",nytimes.com,http://www.nytimes.com/2010/08/14/world/europe/14germany.html?_r=1&hp
2010-08-14,16:53:19,d12lb,69,Obama backs mosque near ground zero,arezz.byethost3.com,http://arezz.byethost3.com/?p=360
2010-08-15,02:55:30,d16ib,62,"Germany to Phase Out Conscription - Germany is planning to effectively eliminate conscription, a newspaper reported Aug. 13, as part of a major cost-cutting drive that will see troop numbers slashed and military priorities reassessed.",defensenews.com,http://www.defensenews.com/story.php?i=4745196&c=EUR&s=TOP
2010-08-15,01:19:11,d15pg,42,"WikiLeaks says it won't be threatened by Pentagon
",google.com,http://www.google.com/hostednews/ap/article/ALeqM5gKu1DQoewmBy2do5ctRqUX5efGBAD9HJA77O0
2010-08-15,01:31:05,d15tb,42,Roughly half of Niger's population--7.3 million persons--are in desperate need of food,bbc.co.uk,http://www.bbc.co.uk/news/world-africa-10976093
2010-08-14,16:39:56,d12in,41,India finally offers flood aid to Pakistan after 'baffling' delay,examiner.com,http://www.examiner.com/geopolitics-in-national/india-finally-offers-flood-aid-to-pakistan-after-baffling-delay
2010-08-15,07:34:20,d18so,33,Talk of War Crimes as Polish Troops Blow Up Afghan Home ‘for Fun’,news.antiwar.com,http://news.antiwar.com/2010/08/13/talk-of-war-crimes-as-polish-troops-blow-up-afghan-home-for-fun/
2010-08-15,01:38:23,d15vh,25,Canada offers another $31-million in aid to Pakistan  ,theglobeandmail.com,http://www.theglobeandmail.com/news/world/asia-pacific/canada-offers-another-31-million-in-aid-to-pakistan/article1673080/
2010-08-14,22:42:04,d14jj,22,"Experts call for full inquest into death of government weapons inspector David Kelly involved in Iraq weapons evaluation, dismissing the conclusion of the inquiry by Lord Hutton as ""unsatisfactory"".",guardian.co.uk,http://www.guardian.co.uk/politics/2010/aug/13/david-kelly-death-inquest
2010-08-15,00:49:34,d15ge,21,Northern Ireland - Children hurt in Lurgan explosion intended for police,bbc.co.uk,http://www.bbc.co.uk/news/uk-northern-ireland-10975548
2010-08-15,03:59:06,d173l,17,Turkish officials deny Der Spiegel's claim on use of chemical weapons  ,hurriyetdailynews.com,http://www.hurriyetdailynews.com/n.php?n=officials-deny-der-spiegel8217s-claim-on-use-of-chemical-weapons-2010-08-13
2010-08-14,16:25:32,d12fe,14,"srael's foreign diplomats have refused to work with Mossad spies ""anywhere in the world"" after agents effectively broke a strike picket line",telegraph.co.uk,http://www.telegraph.co.uk/news/worldnews/middleeast/israel/7944635/Israeli-diplomats-boycott-Mossad-spies-over-wage-dispute.html
2010-08-15,00:59:52,d15jn,14,U.S. soldiers demoralized by fight in Afghanistan,mcclatchydc.com,http://www.mcclatchydc.com/2010/08/13/99170/us-soldiers-mission-shows-afghan.html
2010-08-14,12:48:27,d10t4,13,"Landslides strike Zhouqu County, China - The Big Picture ",boston.com,http://www.boston.com/bigpicture/2010/08/landslides_strike_zhouqu_count.html
2010-08-14,10:56:51,d0zxa,13,North Korea Rattles Sabers for an Heir - NYTimes.com,nytimes.com,http://www.nytimes.com/2010/08/14/world/asia/14policy.html
2010-08-15,01:19:56,d15po,13,"PKK announces ceasefire in Turkey
",english.aljazeera.net,http://english.aljazeera.net/news/europe/2010/08/2010814131932869254.html
2010-08-15,02:40:36,d16ea,9,20 million now homeless from Pakistan floods,examiner.com,http://www.examiner.com/geopolitics-in-national/20-million-now-homeless-from-pakistan-floods
2010-08-15,07:39:37,d18ty,8,Afghan Government to Build 1680km Gas Pipeline,tolonews.com,http://www.tolonews.com/en/business/287-afghan-government-to-build-1680km-gas-pipeline-
2010-08-14,09:08:22,d0z2y,7,Russian anger at wildfire fiasco stirs echoes of 'Kursk' submarine tragedy,irishtimes.com,http://www.irishtimes.com/newspaper/world/2010/0813/1224276714890.html
2010-08-14,13:40:34,d119h,7,Hong Kong baseball athlete hit by stray bullet in Venezuela during game.,google.com,http://www.google.com/hostednews/ap/article/ALeqM5h9hDO6Yorft14peK51obeHdYA_gwD9HJ0CKO0
2010-08-14,16:12:47,d12cq,6,Ecuador finds narco-sub shipyard,colombiareports.com,http://colombiareports.com/colombia-news/news/11336-ecuador-finds-narco-sub-shipyard.html
2010-08-14,22:25:26,d14fr,5,More than one million people 'take out payday loans' in the UK...,bbc.co.uk,http://www.bbc.co.uk/news/business-10964043
2010-08-15,01:18:51,d15pc,4,At least 16 people killed in Pakistan violence,bbc.co.uk,http://www.bbc.co.uk/news/world-south-asia-10975606
2010-08-14,11:33:02,d106y,4,"Young woman beaten, raped and murdered by son of IRGC commander in Iran ",droi.wordpress.com,http://droi.wordpress.com/2010/07/13/elnaz-babazadeh-beaten-raped-and-murdered-by-son-of-irgc-commander/
2010-08-14,21:15:36,d1428,4,"Papua New Guinea government allegedly bribes 50 MPs in order to prevent the ruling coalition from collapsing, to the tune of US$37 million total - more than 60 times the GDP per capita for each MP",rnzi.com,http://www.rnzi.com/pages/news.php?op=read&id=55272
2010-08-15,01:16:14,d15oc,4,Lebanese forces shoot dead suspected militant leader ,globalpost.com,http://www.globalpost.com/breaking-news/global/lebanese-forces-shoot-dead-suspected-militant-leader
2010-08-14,22:50:35,d14lc,3,"Australian soldier dies in Afghanistan - Acting Defence Force chief Lieutenant General David Hurley named the soldier as Trooper Jason Brown, 29, a member of the Perth-based Special Air Service Regiment.",stuff.co.nz,http://www.stuff.co.nz/world/middle-east/4025365/Australian-soldier-dies-in-Afghanistan
2010-08-15,01:12:33,d15n8,5,Lebanese security forces killed a suspected leader of the militant group Fatah al-Islam on Saturday in a shootout near the border with Syria,ca.reuters.com,http://ca.reuters.com/article/topNews/idCATRE67D0Z920100814
2010-08-15,06:40:28,d18dt,1,Bomb injures 3 children in Northern Ireland,edition.cnn.com,http://edition.cnn.com/2010/WORLD/europe/08/14/northern.ireland.bomb/?hpt=T2#fbid=R4fnYO-2e02&wom=false
