2010-09-16,20:18:48,denag,248,"Israeli media sources have confirmed that an Israeli soldier shot and killed a handcuffed Palestinian youth on Tuesday morning in Tel Aviv. Soldier says that he ""was shot accidentally from his weapon."" The 18 yr old Palestinian was killed instantly as a result of the shot in the back.",middleeastmonitor.org.uk,http://www.middleeastmonitor.org.uk/news/middle-east/1515-israeli-soldiers-open-fire-on-handcuffed-palestinian
2010-09-17,02:39:49,dessn,177,Giant Cave Explored in Borneo - PICTURES!!!,news.nationalgeographic.com,http://news.nationalgeographic.com/news/2010/09/photogalleries/100916-giant-cave-formations-science-borneo-pictures/?now=2010-09-16-00:01
2010-09-17,00:55:33,der1g,151,Iraq approves $400 million settlement for Americans victimized by Saddam's regime,google.com,http://www.google.com/hostednews/ap/article/ALeqM5hwK_CSpBxsNuVUEaDuOwmSSCiqGwD9I934F80
2010-09-16,18:52:27,demi4,95,"Eikaiwa Underworld - English teacher in Japan gets Tony-Soprano-like mobster as client, hears string of stories—retold here—about running nightclubs in Tokyo, gambling in Las Vegas, dealing with Mafia ",japansubculture.com,http://www.japansubculture.com/2010/09/eikaiwa-underworld-lessons-taught-lessons-learned/
2010-09-16,23:58:47,deq3h,96,"Canada and Russia are locked in a decades-old dispute over which country owns vast stretches of the Arctic. The UN is set to decide the border dispute, and both the governments appear convinced that their claim is the strongest.",winnipeg.ctv.ca,http://winnipeg.ctv.ca/servlet/an/local/CTVNews/20100916/arctic-resources-100916/20100916/?hub=WinnipegHome
2010-09-16,11:56:33,dei23,56,Cartoonist who inspired ‘Draw Mohammed Day’ is in hiding,rawstory.com,http://www.rawstory.com/rs/2010/09/cartoonist-inspired-draw-mohammed-page-hiding/
2010-09-16,21:15:10,dento,52,"Germany is once again dreaming of a permanent presence on the UN Security Council and is hoping to secure a non-permanent seat in a vote next month. But hopes of reform seem slim, given that the current permanent members are reluctant to give up any of their influence.",spiegel.de,"http://www.spiegel.de/international/world/0,1518,717489,00.html"
2010-09-16,23:58:16,deq36,50,BBC News - Rare antelope-like mammal caught in Asia,bbc.co.uk,http://www.bbc.co.uk/news/science-environment-11328123
2010-09-16,23:30:51,depny,45,A ruthless sister risks becoming North Korea's next ruler,dailystar.com.lb,http://www.dailystar.com.lb/article.asp?edition_id=10&categ_id=5&article_id=119330#axzz0zhdjA9Wj
2010-09-16,15:25:46,deknp,39,Court: Top Khmer Rouge cadre charged with war crimes. Four of the top former surviving Khmer Rouge cadre were charged with war crimes in Cambodia by a U.N.-backed war crimes tribunal for their role in the late 1970s genocide that left nearly one-quarter of the country's population dead.,edition.cnn.com,http://edition.cnn.com/2010/WORLD/asiapcf/09/16/cambodia.khmer.rouge.top.cadre.case/index.html?hpt=T1
2010-09-17,03:29:28,detlu,29,"French President Nicolas Sarkozy has described comments by an EU commissioner about Roma deportations from France as ""outrageous"".",bbc.co.uk,http://www.bbc.co.uk/news/world-europe-11332189
2010-09-17,02:36:38,desr2,13,"Israeli Army to open probe into shooting deaths of two Palestinian farmers - State tells court family petition to investigate incident unnecessary, as probe into whether shooting was justified already scheduled to begin next month.",haaretz.com,http://www.haaretz.com/news/diplomacy-defense/idf-to-open-probe-into-shooting-deaths-of-two-palestinian-farmers-in-west-bank-1.314008
2010-09-16,09:16:07,deg3i,13,"Nicolas Sarkozy tells Luxembourg to take in Roma:
French president angered by EU justice commissioner's attack as party defends expulsion policy as 'applying EU regulations'",guardian.co.uk,http://www.guardian.co.uk/world/2010/sep/15/nicolas-sarkozy-luxembourg-roma
2010-09-17,07:51:15,dexh3,13,"South African Unions Want To Force Private School Kids Into Govt Schools - The union...says that there is an urgent need to ""eliminate the three-tiered education system...and to redistribute resources toward ordinary public schools in working-class and poor communities"".",mg.co.za,http://www.mg.co.za/article/2010-09-16-closing-private-schools-wont-solve-the-problems-in-education
2010-09-16,10:26:31,degvf,10,"A Taliban commander in northwest Pakistan:  Missile Strikes ""Incredible and Accurate"" ",cbsnews.com,http://www.cbsnews.com/8301-503543_162-20016316-503543.html
2010-09-17,00:51:04,deqyz,12,Missing journalist stokes fears of Soviet-era media crackdown in Ukraine,dw-world.de,"http://www.dw-world.de/dw/article/0,,6006286,00.html"
2010-09-16,19:31:21,demw8,11,Tea Parties of the World ,foreignpolicy.com,http://www.foreignpolicy.com/articles/2010/09/15/tea_parties_of_the_world?page=full
2010-09-17,05:36:41,devkp,9,"""Printers in this city near the Afghan border say they have produced thousands of fake voter registration cards at the request of Afghan politicians for use in that country's parliamentary elections on Saturday.""",wire.antiwar.com,http://wire.antiwar.com/2010/09/15/pakistani-printers-make-fake-afghan-voting-cards-2/
2010-09-17,01:50:08,derym,9,Cambodian garment workers call off strike,google.com,http://www.google.com/hostednews/afp/article/ALeqM5iuRxYp7hWelwSnkjMypF7uGR19Sw
2010-09-16,21:00:09,denoc,9,"Cuba may link up to Glonass system, Russia's satellite navigation system",cubaupdate-english.blogspot.com,http://cubaupdate-english.blogspot.com/2010/09/cuba-may-link-up-to-glonass-system.html?sms_ss=reddit
2010-09-17,04:00:33,deu2y,9,Life After Guantanamo: Two Former Inmates Arrive in Germany,spiegel.de,"http://www.spiegel.de/international/germany/0,1518,717911,00.html"
2010-09-16,20:52:49,denle,10,Driving out the Unwanted - Sarkozy's War Against the Roma,spiegel.de,"http://www.spiegel.de/international/europe/0,1518,717324,00.html"
2010-09-16,09:48:14,degg0,8,"Scandals cloud Pope's UK visit.  On the eve of Pope Benedict's visit to Britain, victims of child abuse at the hands of Catholic priests have demanded that the pontiff hand over all information on paedophile clergy to authorities.",abc.net.au,http://www.abc.net.au/news/stories/2010/09/16/3013082.htm
2010-09-16,08:16:47,defaz,8,Murdoch's Watergate,slate.com,http://www.slate.com/id/2267468/?from=rss
2010-09-16,09:52:52,degi3,8,Egyptian paper doctors peace talks photo in favor of Mubarak,ynetnews.com,"http://www.ynetnews.com/articles/0,7340,L-3954913,00.html"
2010-09-17,02:32:52,desok,5,10 killed in Southeast Turkey landmine blast ,hurriyetdailynews.com,http://www.hurriyetdailynews.com/n.php?n=nine-dead-in-se-turkey-mine-blast-2010-09-16
2010-09-17,03:38:50,detr8,5,Cigarette pirates in Ireland use valid tax details - CIGARETTE smugglers are 'borrowing' the tax registration details of legitimate traders to thwart customs officers' efforts to spot illicit consignments.,independent.ie,http://www.independent.ie/national-news/cigarette-pirates-use-valid-tax-details-2339340.html
2010-09-16,17:35:50,deluw,7,Thailand: Red Shirts allege military behind activist killings,links.org.au,http://links.org.au/node/1894
2010-09-17,00:42:53,dequ5,3,"Afghanistan elections: the women who gave up -- As Saturday's elections approach, female politicians lament lost opportunities.",globalpost.com,http://www.globalpost.com/dispatch/afghanistan/100915/women-human-rights-afghanistan-kabul-election
2010-09-16,08:40:26,defms,5,"The pope's visit to the UK was mired in controversy tonight when one of Benedict XVI's senior advisers dropped out of the entourage after comparing arrival in multicultural Britain to landing ""in a third-world country"".",guardian.co.uk,http://www.guardian.co.uk/world/2010/sep/15/pope-benedict-xvi-aide-remarks
