2010-11-24,12:22:38,eax4r,459,All 29 trapped New Zealand miners are believed to be dead following a second explosion in the Pike River Coal mine,reuters.com,http://www.reuters.com/article/idUSTRE6AM75O20101124
2010-11-24,18:34:22,eb1hl,387,"U.S. aircraft carrier heads for Korean waters as South Korea warns North Korea of ""enormous retaliation""",reuters.com,http://www.reuters.com/assets/print?aid=USL3E6MN0SQ20101124
2010-11-24,22:41:36,eb444,121,"Swedish cartoonist not afraid after new death threat: ""It's too cold and there is too much snow for someone to try an amateur terrorist act.""",swedishwire.com,http://www.swedishwire.com/component/content/article/2-politics/7341-lars-vilks-pretty-safe-after-new-death-treats
2010-11-24,20:44:13,eb2qb,115,It has begun—China and Russia drop U.S. Dollar in favor of their own currencies for bilateral trade.,marketwatch.com,http://www.marketwatch.com/story/china-russia-to-drop-dollar-in-bilateral-trade-2010-11-23
2010-11-24,10:10:23,eav58,84,'S. Korea may strike N. Korea's missile base',asianewsnet.net,http://www.asianewsnet.net/home/news.php?id=15675&sec=1
2010-11-24,19:11:10,eb1t9,49,British national student walkouts begin at 11:00am today,guardian.co.uk,http://www.guardian.co.uk/education/2010/nov/24/student-school-pupils-protests-walkout
2010-11-25,03:46:48,eb9nw,51,"100 years since the last Swedish execution - Today it is exactly 100 years ago since the last execution was conducted in Sweden. It was the first, and last, time a guillotine was used as a form of execution.",stockholmnews.com,http://www.stockholmnews.com/more.aspx?NID=6320
2010-11-24,03:31:35,eaomv,41,Iranian 'self-developed' S-300 anti-aircraft missiles: oil drums welded together thrown in the back of a truck,aviationweek.com,http://www.aviationweek.com/aw/blogs/defense/index.jsp?plckController=Blog&plckBlogPage=BlogViewPost&newspaperUserId=27ec4a53-dcc8-42d0-bd3a-01329aef79a7&plckPostId=Blog:27ec4a53-dcc8-42d0-bd3a-01329aef79a7Post:a372acc3-9c93-418f-b183-b084ed33837d&plckScript=blogScript&plckElementId=blogDest
2010-11-24,22:24:47,eb3vi,39,"China, Russia to stop using the US Dollar for bilateral trade",chinadaily.com.cn,http://www.chinadaily.com.cn/china/2010-11/24/content_11599087.htm
2010-11-24,15:26:46,eazo0,35,North Korea: South attacked us first,belfasttelegraph.co.uk,http://www.belfasttelegraph.co.uk/news/world-news/north-korea-south-attacked-us-first-15012189.html
2010-11-24,13:56:29,eayjc,29,"People who make large donations to political parties expect to gain influence and shape future policy, and it is ""absolutely natural and unobjectionable"" for them to do so, a major donor to the Conservative party said today",guardian.co.uk,http://www.guardian.co.uk/politics/2010/nov/23/party-funding-major-donors-influence
2010-11-24,22:33:37,eb3zv,25,Ireland unveils tough austerity plan,guardian.co.uk,http://www.guardian.co.uk/business/blog/2010/nov/24/ireland-four-year-fiscal-plan-bailout-live-blog
2010-11-24,08:07:27,eate9,25,"Can anybody tell me whether this is true or false? RT news claims S.Korea has admitted to firing the first shot; I can't find any substantiating evidence, but would like to be sure.",youtube.com,http://www.youtube.com/watch?v=O33sfN00oDk&feature=channel
2010-11-25,00:03:49,eb5f4,25,"North Korea's well-rehearsed performance: As the smoke clears, the US and South Korea scramble to respond",globalpost.com,http://www.globalpost.com/dispatch/south-korea/101124/north-korea-nuclear-program
2010-11-24,19:28:08,eb205,24,"Ten people suspected of planning terrorist attacks in Belgium were arrested in Belgium, Germany and the Netherlands on Tuesday. The raids were the culmination of months of investigation into international jihadist activities.",spiegel.de,"http://www.spiegel.de/international/europe/0,1518,730716,00.html"
2010-11-24,23:35:45,eb4xx,24,The world's first tiger summit wrapped up today with donor pledges of almost $330m aimed at making the great cat worth more alive than dead.,guardian.co.uk,http://www.guardian.co.uk/environment/2010/nov/24/tiger-summit-vladimir-putin
2010-11-24,08:08:55,eatf8,19,Saudi Employer Hacks Off Maid's Lips ,dailymail.co.uk,http://www.dailymail.co.uk/news/article-1332279/Sumiatis-injuries-Shocking-photos-Indonesian-maid-abused-Saudi-employers.html
2010-11-25,04:47:06,ebao9,17,UN General Assembly Votes To Allow Gays To Be Executed Without Cause...  ,thenewcivilrightsmovement.com,http://thenewcivilrightsmovement.com/un-general-assembly-votes-to-allow-gays-to-be-executed-without-cause/politics/2010/11/20/15449
2010-11-24,13:54:46,eayi1,16,Cool Associated Press interactive infographic about the North vs. South Korean military matchup,hosted.ap.org,http://hosted.ap.org/specials/interactives/_international/nkorea_skorea/
2010-11-24,09:51:23,eauw8,15,"Seismic change in The Vatican's stance on condoms confirmed. ""You cannot anymore raise the objection that any use of the condom is an intrinsic evil.”",nytimes.com,http://www.nytimes.com/2010/11/24/world/europe/24pope.html?src=me
2010-11-24,16:16:57,eb077,14,"Iran's parliament revealed it planned to impeach President Mahmoud Ahmadinejad but refrained under orders from Supreme Leader Ayatollah Ali Khamenei, exposing a deepening division within the regime.",online.wsj.com,http://online.wsj.com/article/SB10001424052748703904804575631093531990342.html
2010-11-24,12:52:13,eaxkx,14,29 miners confirmed dead after New Zealand mine explosion :(,cnn.com,http://www.cnn.com/2010/WORLD/asiapcf/11/23/new.zealand.coal.mine/index.html
2010-11-25,01:47:10,eb7ct,14,"Irish unveil harshest cuts, tax hikes in history ~ Preview of what is in store for the US?",news.yahoo.com,http://news.yahoo.com/s/ap/20101124/ap_on_bi_ge/eu_ireland_financial_crisis;_ylt=AuxvPGRKEocPrTuEJQTvtaas0NUE;_ylu=X3oDMTFlZ2Y2NTFtBHBvcwM5NQRzZWMDYWNjb3JkaW9uX2J1c2luZXNzBHNsawNpcmlzaHVudmVpbGg-
2010-11-24,10:30:53,eavga,12,"Putin Says Russian Yuan Trade to Start Next Month
",businessweek.com,http://www.businessweek.com/news/2010-11-23/putin-says-russian-yuan-trade-to-start-next-month.html
2010-11-25,03:32:49,eb9f3,11,"Swedish court rejects Assange appeal - A Swedish court ruled on Wednesday to reject WikiLeaks' founder Julian Assange's appeal against an arrest warrant for rape, meaning that the Australian remains wanted worldwide.",thelocal.se,http://www.thelocal.se/30408/20101124/
2010-11-24,10:10:44,eav5d,11,"China, Russia quit dollar in trade settlement",english.peopledaily.com.cn,http://english.peopledaily.com.cn/90001/90776/90883/7208831.html
2010-11-24,15:41:58,eazt3,12,"Bizarre squidworm discovered. The bizarre, newly-revealed squidworm - a free-swimming worm with up to 10 squid-like limbs - is one of a host of strange discoveries that await scientists in the vast, largely unexplored spaces of the deep ocean.",physorg.com,http://www.physorg.com/news/2010-11-bizarre-squidworm.html
2010-11-25,05:34:45,ebbi0,11,"War on drug traffickers escalates in Rio: 10 dead - Heavily-armed Brazilian security forces killed 10 more suspects Wednesday as authorities took the fight to drug gangs and traffickers holding sway in the city's violent, teeming slums.",rnw.nl,http://www.rnw.nl/english/bulletin/rio-slum-crackdown-leaves-21-dead
2010-11-25,05:42:55,ebbnb,10,'You've Got Blood On Your Hands!' Fmr Aussie PM John Howard heckled at Perth book signing -Howard laughed off hecklers as he walked into the first Perth book signing of his personal and political autobiography Lazarus Rising today.,video.perthnow.com.au,http://video.perthnow.com.au/1660853433/John-Howard-Book-Signing
2010-11-24,19:20:15,eb1wv,9,Why Kim Jong Il continues to make lunacy his principal export,rothkopf.foreignpolicy.com,http://rothkopf.foreignpolicy.com/posts/2010/11/23/why_kim_jong_il_continues_to_make_lunacy_his_principal_export
