2010-09-23,18:42:19,dhrk1,492,"How the CIA ran a secret army of 3,000 assassins",independent.co.uk,http://www.independent.co.uk/news/world/asia/how-the-cia-ran-a-secret-army-of-3000-assassins-2087039.html
2010-09-23,18:40:57,dhrjm,316,Granddaughter of Titanic's Second Officer reveals family secret about the sinking: Titanic sank because an officer steered INTO the iceberg instead of away from it as he was ordered.,bbc.co.uk,http://www.bbc.co.uk/news/uk-northern-ireland-11390144
2010-09-23,23:32:35,dhuid,308,"Vigilantes in Mexico take on kidnap gang - ""The crowd, now grown to nearly 2,000 people, exploded again. Crowd members broke into the barracks with trucks, took the two boys outside and beat them, witnesses said.""",elpasotimes.com,http://www.elpasotimes.com/news/ci_16149938
2010-09-23,17:55:10,dhr7w,168,"Ahmadinejad warns US of war with 'no limits' - ""The United States has never entered a real war, not in Vietnam, nor in Afghanistan, nor even World War II."" ",telegraph.co.uk,http://www.telegraph.co.uk/news/worldnews/middleeast/iran/8017371/Iran-leader-warns-US-of-war-with-no-limits.html
2010-09-23,20:26:57,dhsef,158,Fidel Castro: Israel has right to exist.,news.yahoo.com,http://news.yahoo.com/s/afp/20100922/wl_mideast_afp/uscubairanisraelcastropoliticsreligion
2010-09-23,05:21:12,dhied,142,UN Gaza aid probe finds 'clear evidence' against Israel,google.com,http://www.google.com/hostednews/afp/article/ALeqM5hSXPn_OYG0Pb6lTnueOrZ9yfp-Ng
2010-09-24,03:36:00,dhyin,93,"Mentally handicapped Danes lobotomised until 1983 - Many mentally handicapped Danes, including children, were lobotomised between 1947 and 1983, and many died from the operation, a historian behind a soon-to-be-published book on the topic told Danish media Thursday.",france24.com,http://www.france24.com/en/20100923-mentally-handicapped-danes-lobotomised-until-1983-historian
2010-09-23,20:51:46,dhsnl,88,A computer virus that some experts say may have been written by 'another nation state' could be targeting Iran's power-plants. ,bbc.co.uk,http://www.bbc.co.uk/news/technology-11388018
2010-09-24,06:39:43,di1bz,79,CIA operates a large attack drone spy network in addition to Counterterrorist Pursuit Teams,wired.com,http://www.wired.com/dangerroom/2010/09/cia-snitches-are-pakistan-drone-spotters/?utm_source=feedburner&utm_medium=feed&utm_campaign=Feed%3A+wired%2Findex+%28Wired%3A+Index+3+%28Top+Stories+2%29%29
2010-09-24,03:57:47,dhyvg,72,Hundreds Die of Lead Poisoning in Nigeria,ecocentric.blogs.time.com,http://ecocentric.blogs.time.com/2010/09/23/hundreds-die-of-lead-poisoning-in-nigeria/
2010-09-23,22:53:06,dhtxf,60,Colombia: No. 2 FARC commander killed,msnbc.msn.com,http://www.msnbc.msn.com/id/39323712
2010-09-23,13:38:38,dhosc,49,"Again, shame for India, and for me as an Indian..",bbc.co.uk,http://www.bbc.co.uk/news/world-south-asia-11395475
2010-09-23,23:06:30,dhu4i,47,"Italy abandons full body scanners, claiming them to be ""Slow and Ineffective."" Score one for privacy!",myfoxny.com,http://www.myfoxny.com/dpp/news/international/italy-to-abandon-airport-body-scanner-project
2010-09-24,06:02:55,di0s4,47,"New shelter constructed over Chernobyl ruins - The New Safe Confinement is a 108-meter tall sliding arch structure, which will cover the existing sarcophagus, which had been hastily built as a temporary measure after the nuclear disaster in 1986.",rt.com,http://rt.com/Top_News/2010-09-23/new-shelter-constructed-chernobyl.html?fullstory
2010-09-23,22:39:02,dhtri,40,Colombia - Government confirms the death of FARC military leader 'Mono Jojoy' [Google Translate],translate.google.com,http://translate.google.com/translate?js=n&prev=_t&hl=en&ie=UTF-8&layout=2&eotf=1&sl=auto&tl=en&u=http://www.bbc.co.uk/mundo/america_latina/2010/09/100923_colombia_farc_jojoy_az.shtml
2010-09-24,01:02:41,dhw17,30,"Dickens in Lagos - To understand life in Lagos, it helps to read Dickens, and vice-versa. The great cities of the developing world are a century or two behind the West, full of the colour and characters of 19th-century novels ",laphamsquarterly.org,http://www.laphamsquarterly.org/essays/dickens-in-lagos.php?page=all
2010-09-23,21:48:43,dht6s,28,"CWG in India: It is well known that India, and the Great Indian Bureaucracy, are extremely corrupt. But has the corruption crossed all bounds and is running amok? I don't recall any international event being managed so ineptly and with such disregard to a country's image and honor.",news.bbc.co.uk,http://news.bbc.co.uk/sport2/hi/commonwealth_games/delhi_2010/9025666.stm
2010-09-23,07:31:11,dhk9r,26,Israel rejects UN criticism of its Gaza war probe,uk.news.yahoo.com,http://uk.news.yahoo.com/18/20100922/twl-israel-rejects-un-criticism-of-its-g-3cd7efd.html
2010-09-23,15:50:46,dhq50,22,UN condemns brutality of Israeli raid on aid flotilla,independent.co.uk,http://www.independent.co.uk/news/world/middle-east/un-condemns-brutality-of-israeli-raid-on-aid-flotilla-2087046.html
2010-09-24,05:42:38,di0ga,19,Analysis: Many Israelis and Palestinians live as if peace has already arrived,globalpost.com,http://www.globalpost.com/dispatch/israel-and-palestine/100922/israel-palestine-conflict-peace-process
2010-09-24,07:28:49,di20h,21,"The U.S. delegation walked out of the U.N. speech of Iranian President Mahmoud Ahmadinejad on Thursday after he said some in the world have speculated that Americans were actually behind the Sept. 11 terror attacks, staged in an attempt to assure Israel's survival.",latimes.com,"http://www.latimes.com/news/la-fgw-iran-walk-out-092310,0,5116266.story"
2010-09-23,18:14:47,dhrdp,19,"CIA running secret army of 3,000 Afghan paramilitaries",belfasttelegraph.co.uk,http://www.belfasttelegraph.co.uk/news/world-news/woodward-book-cia-running-secret-army-of-3000-afghan-paramilitaries-14956247.html
2010-09-23,09:48:36,dhlyu,15,"Colombia - Leaked documents reveal that Colombia's intelligence agency DAS spied on anyone suspected of opposing former President Alvaro Uribe, including wiretapping government officials close to the then-president.",colombiareports.com,http://colombiareports.com/colombia-news/news/11982-new-information-in-wiretapping-scandal.html
2010-09-24,00:26:00,dhvdp,13,Four Japanese investigated in China for illegally videotaping military targets,news.xinhuanet.com,http://news.xinhuanet.com/english2010/china/2010-09/23/c_13526618.htm
2010-09-24,00:34:20,dhviy,11,No. 2 FARC Leader Killed,cnn.com,http://www.cnn.com/2010/WORLD/americas/09/23/colombia.guerrilla.leader.killed/
2010-09-23,21:20:51,dhsx3,8,CBC News - World - Canadian 'blogfather' faces Iran death penalty,cbc.ca,http://www.cbc.ca/world/story/2010/09/22/iran-hossein-derakhshan.html?ref=rss
2010-09-23,11:17:37,dhn12,9,"European Parliament adopted controversial ""Gallo report"" calling for new approaches to dealing with online copyright infringement. Consumer groups outraged at this ""stab in the back."" Culprit is a French MEP, Marielle Gallo, the ""rapporteur"" who lead the drafting of resolution regarding piracy",arstechnica.com,http://arstechnica.com/tech-policy/news/2010/09/a-stab-in-the-back-eu-tackles-online-infringement.ars
2010-09-23,08:28:57,dhkzh,10,Flood refugees threaten Pakistan's political stability,globalpost.com,http://www.globalpost.com/breaking-news/global/flood-refugees-threaten-pakistan-political-stability
2010-09-23,08:04:50,dhknn,10,India tries to save reputation and avert Commonwealth Games crisis,guardian.co.uk,http://www.guardian.co.uk/sport/blog/2010/sep/22/india-commonwealth-games
2010-09-24,05:06:47,dhzy1,7,Anytime a government promotes ideas on the Internet with the goal of subverting another country's government — even in the name of democratic reform — it should qualify as 'aggression.',npr.org,http://www.npr.org/templates/story/story.php?storyId=130052701
