2010-03-21,02:51:58,bfyrg,439,The Catholic church and paedophilia: The pope should say plainly and loudly that sexual abuse of children is not just sinful. It is criminal,economist.com,http://www.economist.com/opinion/displayStory.cfm?story_id=15720386&source=hptextfeature
2010-03-20,19:19:26,bfur2,128,Homosexuality and the Srebrenica Massacre: Dutch Leader Calls US General's Gay Remarks 'Disgraceful,spiegel.de,"http://www.spiegel.de/international/europe/0,1518,684669,00.html#ref=rss"
2010-03-21,03:02:53,bfyvz,112,Tony Blair waged an extraordinary two-year battle to keep secret a lucrative deal with a multinational oil giant which has extensive interests in Iraq. The secret is now out.,dailymail.co.uk,http://www.dailymail.co.uk/news/article-1259030/Tony-Blairs-secret-dealings-South-Korean-oil-firm-UI-Energy-Corp.html?printingPage=true
2010-03-20,23:56:38,bfx21,107,Ireland to hold referendum on removing blasphemy law from constitution,guardian.co.uk,http://www.guardian.co.uk/world/2010/mar/15/ireland-referendum-blasphemy-law
2010-03-21,00:38:19,bfxfz,77,UN chief Ban Ki-moon demands Israel settlements halt,news.bbc.co.uk,http://news.bbc.co.uk/2/hi/middle_east/8577633.stm
2010-03-20,16:43:52,bftkm,69,"""It's wrong - people telling us what we can and can't eat, foreigners eat cows. ... Catching dolphins is part of that village's tradition.""",hosted.ap.org,http://hosted.ap.org/dynamic/stories/A/AS_JAPAN_TUNA?SITE=OHCIN&SECTION=HOME&TEMPLATE=DEFAULT
2010-03-21,02:59:53,bfyur,51,"The Game of Death: The Milgram Experiment has been repeated, disguised as a French reality show. The results are still the same.",news.yahoo.com,http://news.yahoo.com/s/time/20100318/wl_time/08599197298100
2010-03-20,19:47:16,bfuyg,37,Pres. Obama addresses Iran.,youtube.com,http://www.youtube.com/watch?v=b_Qf_Ut5RYU
2010-03-20,02:15:06,bfl62,31,The German archdiocese led by the future Pope Benedict XVI ignored repeated warnings by a psychiatrist treating a priest accused of sexually abusing boys,nytimes.com,http://www.nytimes.com/2010/03/19/world/europe/19church.html
2010-03-21,02:18:41,bfyfx,31,"I'm Not the Messiah, Says Food Activist... but His Many Worshippers Do Not Believe Him | 
Members of religious group believe London-born author has come to save the world",guardian.co.uk,http://www.guardian.co.uk/world/2010/mar/19/raj-patel-colbert-report-benjamin-creme
2010-03-20,12:51:31,bfrnk,31,"Everyone knows Japan fought against the ban that would have helped save the bluefin tuna from imminent collapse, but few realize that Canada was also strongly against the ban. And Canada also opposed a proposal to ban the devastating practice of bottom trawling. WTF is wrong with Canada anyway?!",mikesanddislikes.com,http://www.mikesanddislikes.com/environment_morally_bankrupt_and_no_longer_even_caring_canada_opposes_ban_on_endangered_bluefin_tuna
2010-03-21,01:42:37,bfy2j,31,Israeli Army shoots dead stone throwing Palestinian kid [Al Jazeera],english.aljazeera.net,http://english.aljazeera.net/news/middleeast/2010/03/2010320162053153537.html
2010-03-20,00:53:31,bfjw7,31,"Turkish PM: why pressure Iran, not nuclear Israel? ""Erdogan: countries with nuclear weapons not in moral position to lecture other nations on nuclear."" (How dare he point out this hypocrisy!?!)",middle-east-online.com,http://www.middle-east-online.com/english/?id=37881
2010-03-20,17:38:11,bftzc,28,Catholic Church's sex abuse scandal goes global,edition.cnn.com,http://edition.cnn.com/2010/WORLD/europe/03/19/catholic.church.abuse/index.html
2010-03-20,16:02:08,bft8n,23,Dozens charged over Turkey 'plot': False flag terror attacks to bring down government,english.aljazeera.net,http://english.aljazeera.net/news/europe/2010/03/201031915404159998.html
2010-03-21,05:28:20,bg04y,19,Beijing has been shrouded in orange dust as a strong sandstorm blew hundreds of miles from drought-struck northern China to the nation's capital.,news.bbc.co.uk,http://news.bbc.co.uk/1/hi/world/asia-pacific/8577806.stm
2010-03-21,06:22:47,bg0kw,22,Fareed Zakaria: The Israeli Prime Minister says his nation's security is his top priority. Too bad he's undermining it.,newsweek.com,http://www.newsweek.com/id/235229
2010-03-21,06:36:46,bg0p3,17,"Orde Wingate, one of finest British commanders of WW2 was as bent as nine-bob note. Rarely washed, tried to cut his own throat, forced 40,000 Italian troops to surrender",blogs.telegraph.co.uk,http://blogs.telegraph.co.uk/news/tobyyoung/100030645/gay-dutch-soldiers-responsible-for-srebrenica-massacre-balls-one-of-the-finest-british-commanders-of-the-second-world-war-was-as-queer-as-a-three-speed-walking-stick/
2010-03-20,23:28:45,bfwt1,11,"Dr Norman Finkelstein's appearance at the University of Waterloo was a combative one with lots of heckling and cheering throughout the speech. As we've come to expect, he delivered a blistering message on Israel that was the polar opposite of the mainstream mantra. (video)",youtube.com,http://www.youtube.com/watch?v=zgzVE-PzCaY&feature=player_embedded
2010-03-20,21:10:40,bfvlr,10,"This quiet experiment in northern China appears to 
show that the Government can slow down or halt 
population growth while allowing families more 
than one child.
",timesonline.co.uk,http://www.timesonline.co.uk/tol/comment/columnists/bronwen_maddox/article7067785.ece
2010-03-20,16:43:47,bftkk,13,[North Korea Census 2008] Korean People’s Army estimated to number 700 thousand troops,english.hani.co.kr,http://english.hani.co.kr/arti/english_edition/e_northkorea/411106.html
2010-03-20,23:21:56,bfwr2,11,PAKISTAN: A Hindu teenager is told to marry her alleged rapist,ahrchk.net,http://www.ahrchk.net/ua/mainfile.php/2010/3395/
2010-03-21,04:03:10,bfzg1,10,"Russia's ""day of wrath"" - Thousands protest in largest show of discontent since Putin came to power.",globalpost.com,http://www.globalpost.com/dispatch/russia/100320/putin-protest
2010-03-20,16:07:18,bftab,9,Cambodians banned temporarily from marrying Koreans: diplomat,english.yonhapnews.co.kr,http://english.yonhapnews.co.kr/national/2010/03/19/58/0301000000AEN20100319006600315F.HTML
2010-03-21,07:33:14,bg15f,7,Moscow fire chief killed in blaze,rawstory.com,http://rawstory.com/news/afp/Moscow_fire_chief_killed_in_blaze_03202010.html
2010-03-21,05:27:46,bg04t,7,The German spy service has admitted that it employed about 200 former Nazi criminals for at least 15 years after the end of the Second World War. ,timesonline.co.uk,http://www.timesonline.co.uk/tol/news/world/europe/article7069231.ece
2010-03-20,20:19:57,bfv7d,7,   Turkey steps back from Armenian expulsion threat   -- what did the PM gain from the threats? ,swedishwire.com,http://www.swedishwire.com/politics/3406-turkey-steps-back-from-armenian-expulsion
2010-03-20,22:19:48,bfw72,8,Google removes Street View pictures of SAS Headquarters,maps.google.co.uk,"http://maps.google.co.uk/maps?q=%22British+SAS%22&hl=en&cd=1&ei=hNikS4_-Es2FjAf_rKDlBw&ie=UTF8&view=map&cid=1467587442993030898&ved=0CBYQpQY&hq=%22British+SAS%22&hnear=&ll=52.08718,-2.790849&spn=0,359.984636&t=h&z=16&iwloc=A&layer=c&cbll=52.086675,-2.79059&panoid=RoBGn_oUtPCs9Y6uGJ21ig&cbp=12,205.04,,0,5"
2010-03-20,19:43:25,bfuxc,6,"Pope Benedict called for healing, reparation and renewal in the Irish church but essentially his remedy is more prayer",news.bbc.co.uk,http://news.bbc.co.uk/1/hi/world/europe/8577740.stm
2010-03-20,23:30:49,bfwto,5,"Life for women in Gaza under Hamas, in their own words.",news.bbc.co.uk,http://news.bbc.co.uk/1/hi/world/middle_east/8557251.stm
