2010-11-11,12:00:34,e4epd,1144,"Chinese Premier says ""I believe freedom of speech is indispensable for any country"" in interview; interview then censored by gov't in China",cnn.com,http://cnn.com/video/?/video/bestoftv/2010/10/24/gps.what.world.china.blackout.cnn
2010-11-11,00:36:57,e43g3,952,China puts everyone who know Nobel Peace Prize winner Liu Xiaobo under house arrest. Still unclear who will receive the award on his behalf.,chinapost.com.tw,http://www.chinapost.com.tw/commentary/the-china-post/frank-ching/2010/11/10/279353/Petty-Chinas.htm
2010-11-11,12:03:25,e4eqp,497,Respected indigenous Colombian healer arrested at Houston Int'l Airport for possession of the traditional medicine Ayahuasca (with permission from the Colombian government). He's now facing 20 years in prison.,freetaitajuan.org,http://www.freetaitajuan.org/
2010-11-11,13:03:46,e4fiy,428,A heterosexual couple will request a civil partnership - available only to same-sex couples in the UK - to take a stand against system segregates couples according to their sexuality,guardian.co.uk,http://www.guardian.co.uk/lifeandstyle/2010/nov/08/heterosexuals-attempt-civil-partnership
2010-11-11,00:50:28,e43pq,363,Norway declines funding for mosque-building projects from Saudi Arabia due to the lack of religious freedoms in the donor country.,faithfreedom.org,http://www.faithfreedom.org/features/news/norway-refuses-millions-of-dollars-from-saudi-arabia-for-mosque-building/attachment/jonas-gahr-store/
2010-11-11,22:24:47,e4l8k,355,Russian assassin 'sent to kill double agent who betrayed Anna Chapman',guardian.co.uk,http://www.guardian.co.uk/world/2010/nov/11/kremlin-assassin-anna-chapman-traitor
2010-11-11,00:12:30,e430l,294,Thousands Of Students Protest In London Against Tuition Fees And Smash Windows And Start Fires,news.sky.com,http://news.sky.com/skynews/Home/UK-News/Thousands-Of-Students-Protest-In-London-Against-Tuition-Fees-And-Smash-Windows-And-Start-Fires/Article/201011215798223?lpos=UK_News_Carousel_Region_0&lid=ARTICLE_15798223_Thousands_Of_Students_Protest_In_London_Against_Tuition_Fees_And_Smash_Windows_And_Start_Fires_
2010-11-11,19:15:27,e4jae,103,"Israeli warplanes bombard Gaza Strip - Amid international efforts to return Israel and the Palestinian Authority (PA) to direct talks, Israeli warplanes have once again bombed Palestinian targets. ",presstv.ir,http://www.presstv.ir/detail/150547.html
2010-11-11,23:56:26,e4mqf,79,Princess Hijab is a graffiti artist who daubs hijabs and burkas on advertising posters in the Paris Metro.,guardian.co.uk,http://www.guardian.co.uk/artanddesign/2010/nov/11/princess-hijab-paris-graffiti-artist
2010-11-11,10:40:22,e4dl5,77,China Sentences Tainted Milk Powder Activist to Jail  - 2 Years For Speaking Out Against An 'Accident' That Killed 6 And Sickened 300K.,voanews.com,http://www.voanews.com/english/news/China-Sentences-Tainted-Milk-Powder-Activist-to-Jail-107026358.html
2010-11-12,05:05:39,e4s74,62,Mother of five sentenced to death for blasphemy,news.yahoo.com,http://news.yahoo.com/s/afp/20101111/wl_sthasia_afp/pakistanunrestreligionchristian;_ylt=AjwnnI12lrmdOSnisi4nkgN0fNdF
2010-11-11,20:25:44,e4jvm,51,"Gold prices break a new record, but “in this digital age, isn't basing the global economy on hefty slabs of metal a bit like promoting horse and buggies as a solution to Beijing’s traffic?” Not according to the World Bank.",globalpost.com,http://www.globalpost.com/dispatch/101110/gold-investment-robert-zoellick
2010-11-11,22:13:09,e4l3k,46,Demonstrator who threw extinguisher off roof 'should face attempted murder charge',guardian.co.uk,http://www.guardian.co.uk/uk/2010/nov/11/student-protest-demonstrator-fire-extinguisher
2010-11-11,23:11:54,e4lye,28,"El Ponchis, the gangland hitman who is terrorising Mexico.... at the age of 12",dailymail.co.uk,http://www.dailymail.co.uk/news/article-1328696/El-Ponchis-sadistic-executioner-terrorising-Mexico---age-12.html
2010-11-11,08:47:23,e4bvi,23,"Australia's High Court upholds rights of asylum seekers processed ""offshore"" by government to avoid allowing appeals",abc.net.au,http://www.abc.net.au/news/stories/2010/11/11/3063298.htm
2010-11-11,18:09:52,e4ipf,20,Pentagon says mystery plume was caused by plane,guardian.co.uk,http://www.guardian.co.uk/world/2010/nov/11/mystery-contrail-was-plane-pentagon
2010-11-11,22:09:48,e4l1v,20,"Ireland's Fate Tied to Doomed Banks - . ""The story reads like one of those epic lyric tragedies of old, where no one ever learns from their mistakes, and errors compound endlessly""",online.wsj.com,http://online.wsj.com/article/SB10001424052748704506404575592360334457040.html?mod=WSJ_hp_LEFTTopStories
2010-11-12,01:46:29,e4omf,18,China buys up the world | The Economist,economist.com,http://www.economist.com/node/17463473
2010-11-11,09:16:01,e4cb5,16,Anti-corruption campaigners have called on Western governments to follow France's lead in allowing an investigation into the assets of three African leaders accused of looting their countries to fund lavish purchases in the rich world.,independent.co.uk,http://www.independent.co.uk/news/world/africa/france-declares-war-on-african-kleptocrats-and-their-hidden-fortunes-2130794.html
2010-11-11,22:34:18,e4ldf,14,Why cocaine is the drug of choice for British youth ,blogs.telegraph.co.uk,http://blogs.telegraph.co.uk/news/andrewmcfbrown/100063325/why-cocaine-is-the-drug-of-choice-for-british-youth/
2010-11-11,22:31:18,e4lbz,10,Lines of Latitude - Lawyer issues verdict on Japan-China clash over disputed Diaoyu/Senkaku islands. Japan doubly wrong. Wrong in history to claim ownership of islands. Wrong in law to claim 200-mile zone around them,cfr.org,http://www.cfr.org/publication/23364/lines_of_latitude.html
2010-11-12,05:49:22,e4sw8,10,"South Africa, Congo close to huge land deal - The deal - part of Congo's plan to improve food security by allowing South African farmers to lease land for up to 105 years to grow maize, soya beans as well as for poultry and dairy - will be one of the biggest land agreements on the continent.",news24.com,http://www.news24.com/SouthAfrica/News/SA-Congo-close-to-huge-land-deal-20101111
2010-11-12,04:40:27,e4rro,10,"If sanctions don’t work on Iran, what would Lindsey Graham do?  ""…sink their navy, destroy their air force and deliver a decisive blow to the Revolutionary Guard. In other words, neuter that regime.""",globalpost.com,http://www.globalpost.com/dispatch/diplomacy/101106/obama-iran-engagement-sanctions
2010-11-12,05:02:01,e4s4l,8,"Analysis: German tempers fray as U.S. policy gulf widens (Calls US Policy ""Clueless"")",reuters.com,http://www.reuters.com/article/idUSTRE6A920R20101110
2010-11-11,11:39:54,e4efi,10,"The secrets of evolution unearthed in Highlands, Scotland",independent.co.uk,http://www.independent.co.uk/news/science/the-secrets-of-evolution-unearthed-in-highlands-2130786.html
2010-11-12,06:42:08,e4tqg,7,US rebukes Israel on settlements ,english.aljazeera.net,http://english.aljazeera.net/news/middleeast/2010/11/20101110151411751598.html
2010-11-12,04:28:32,e4rku,9,UK-wide student protest planned for the 24th of November,guardian.co.uk,http://www.guardian.co.uk/education/2010/nov/11/students-protests-national-24-november
2010-11-12,02:32:22,e4ph3,8,So the U.N. Thinks Saudi Arabia Is a Women's Rights Role Model?,blog.foreignpolicy.com,http://blog.foreignpolicy.com/posts/2010/11/10/iran_blocked_but_saudi_arabia_accepted_for_un_women_board
2010-11-11,20:37:53,e4jzj,5,Google offers Samaritans link-up,bbc.co.uk,http://www.bbc.co.uk/go/rss/int/news/-/news/technology-11734269
2010-11-12,00:52:05,e4npk,6,BREAKING: 15 dead 100 injured in Karachi suicide attack. ,geo.tv,http://www.geo.tv/
