2010-05-10,13:18:40,c1yhd,236,China clears murderer after 'victim' shows up alive -- 10 years later. Apparently torturing for 'confessions' with chilli water and fireworks doesn't always work.,news.bbc.co.uk,http://news.bbc.co.uk/2/hi/asia-pacific/8671577.stm
2010-05-10,03:00:57,c1t8s,178,Briton jailed for kiss in Dubai condemns Emirate's 'hypocrisy',telegraph.co.uk,http://www.telegraph.co.uk/news/worldnews/middleeast/dubai/7700437/Briton-jailed-for-kiss-in-Dubai-condemns-Emirates-hypocrisy.html
2010-05-10,09:07:32,c1w9f,172,"In Belgium, there are no national political parties, no national newspaper, no national TV channel, no common school curriculum or higher education, and no national football team. There is, however, the national debt, running at 80% of GDP.",guardian.co.uk,http://www.guardian.co.uk/world/2010/may/09/belgium-flanders-wallonia-french-dutch
2010-05-10,00:00:12,c1rm7,57,"After an election that left no party with a clear majority, the final decision over who becomes Britain's next prime minister could lie in the hands of one woman who never votes: The queen.",edition.cnn.com,http://edition.cnn.com/2010/WORLD/europe/05/07/uk.election.queen/index.html?hpt=C1
2010-05-10,13:08:58,c1ydp,34,"Iran Executes Five Activists, Sending Message to Critics",nytimes.com,http://www.nytimes.com/2010/05/10/world/middleeast/10iran.html
2010-05-11,02:05:15,c275q,31,Mali imam living in fear after backing women's rights,news.bbc.co.uk,http://news.bbc.co.uk/2/hi/africa/8672618.stm
2010-05-10,13:57:28,c1yuf,26,"The China model === The Beijing consensus is to keep quiet.  
In the West people worry that developing countries want to copy “the China model”. Such talk makes people in China uncomfortable",economist.com,http://www.economist.com/world/asia/displayStory.cfm?story_id=16059990&source=features_box_main
2010-05-11,06:55:01,c2axo,25,Journalist Assaulted for Reporting on Corruption in India,freemedia.at,http://www.freemedia.at/press-room/public-statements/press-releases/singleview/4932/
2010-05-11,00:28:47,c25si,22,"US and British troops march through Red Square for the first time, past the mausoleum of Vladimir Lenin, as Russia celebrates the 65th anniversary of the end of WW II",youtube.com,http://www.youtube.com/watch?v=uclRgCmbRh4&feature=player_embedded
2010-05-10,16:43:01,c20jd,20,"According to Australian opposition leader, the Earth was hotter when Jesus was around than it is today. Citation needed!",theage.com.au,http://www.theage.com.au/environment/climate-change/abbott-feels-heat-on-jesus-claim-20100509-ulrw.html
2010-05-11,06:49:29,c2avd,21,Ordinary Greeks angry at government and rioters: But youth see debt crisis as evidence that the capitalist system is broken.,globalpost.com,http://www.globalpost.com/dispatch/europe/100510/greek-economy-debt-crisis
2010-05-10,21:45:53,c23mw,18,"In Uganda, AIDS War Is Falling Apart ",nytimes.com,http://www.nytimes.com/2010/05/10/world/africa/10aids.html?hp
2010-05-10,16:05:02,c2057,19,"40,000 Prostitutes Ready For The World Cup",globalpost.com,"http://www.globalpost.com/dispatch/sports/100505/world-cup-sex-workers?page=0,0"
2010-05-10,16:00:33,c203u,18,Mercury high in Japanese town that hunts dolphins,news.yahoo.com,http://news.yahoo.com/s/ap/20100509/ap_on_he_me/as_japan_dolphin_hunt_mercury
2010-05-11,05:20:11,c29um,15,'It’s not a bailout for Greece. It’s a bailout for European banks',trueslant.com,http://trueslant.com/allisonkilkenny/2010/05/10/it%e2%80%99s-not-a-bailout-for-greece-it%e2%80%99s-a-bailout-for-european-banks/
2010-05-10,10:28:04,c1wuj,14,"Central Obrera Boliviana, the largest union in Bolivia and long-time ally of president Evo Morales, has called for an indefinite strike starting tomorrow asking for a bigger increase in wages than the 5% announced last week.",momento24.com,http://momento24.com/en/2010/05/08/central-obrera-boliviana-called-for-an-indefinite-strike/
2010-05-11,02:02:40,c273p,14,Mass grave find shows Serbia slowly facing up to past,news.bbc.co.uk,http://news.bbc.co.uk/2/hi/europe/8672587.stm
2010-05-10,09:29:41,c1wfh,10,Merkel coalition routed in German state voting,nytimes.com,http://www.nytimes.com/2010/05/10/world/europe/10germany.html?partner=rss&emc=rss
2010-05-11,06:33:05,c2ap4,7,EU parliament urged to investigate H1N1 outbreak,theparliament.com,http://www.theparliament.com/no_cache/latestnews/news-article/newsarticle/eu-parliament-urged-to-investigate-h1n1-outbreak/
2010-05-11,06:02:54,c2acp,9,A man in central China was freed after nearly 10 years in prison for murder after his alleged victim turned up alive ... in a case that raises concerns about police using torture to extract confessions.,cnews.canoe.ca,http://cnews.canoe.ca/CNEWS/World/2010/05/10/13890266.html
2010-05-10,23:44:23,c256j,8,"Bombings, drive-by shootings kill at least 84 across Iraq",jpost.com,http://www.jpost.com/MiddleEast/Article.aspx?id=175171
2010-05-10,23:12:47,c24rd,6,British Pagan police get right to take festivals as holiday,timesonline.co.uk,http://www.timesonline.co.uk/tol/comment/faith/article7121843.ece
2010-05-10,22:00:52,c23sr,6,"What's In a Name?  When it comes to oil spills, apparently its a lot. [WashPost]",washingtonpost.com,http://www.washingtonpost.com/wp-dyn/content/article/2010/05/05/AR2010050505022_pf.html
2010-05-10,10:47:09,c1x19,7,American and Western Troops march in Moscow's biggest Victory Day parade since the fall of Soviet Union.,cnn.com,http://www.cnn.com/2010/WORLD/europe/05/09/russia.parade/index.html
2010-05-11,03:17:48,c2896,8,WWII's Operation Mincemeat - The Germans did not realize—until it was too late—that “William Martin” was a fiction. The man they took to be a high-level courier was a mentally ill vagrant who had eaten rat poison; his body had been liberated from a London morgue...,newyorker.com,http://www.newyorker.com/arts/critics/atlarge/2010/05/10/100510crat_atlarge_gladwell
2010-05-10,16:17:38,c20a6,5,Baboon Mummies Point to the Lost Land of Punt,sfgate.com,http://www.sfgate.com/cgi-bin/article.cgi?f=/c/a/2010/05/08/MNBN1D3U74.DTL
2010-05-11,02:02:16,c2739,6,Interview with Economist Nouriel Roubini:  More crises will come and go before world leaders agree on true reform. Breaking up huge banks would be a good place to start.,spiegel.de,"http://www.spiegel.de/international/business/0,1518,693991,00.html"
2010-05-11,03:23:16,c28bp,6,"The Euro And The Death of the Welfare State - Aging populations have been promised huge health and retirement benefits, which countries haven't fully covered with taxes. The reckoning has arrived in Greece, but it awaits most wealthy societies.",newsweek.com,http://www.newsweek.com/id/237705
2010-05-10,12:03:22,c1xri,8,North Korea might have used a German torpedo to attack the South Korean warship,joongangdaily.joins.com,http://joongangdaily.joins.com/article/view.asp?aid=2920174
2010-05-10,15:13:32,c1zml,4,Russia's Victory Day parade highlights,news.bbc.co.uk,http://news.bbc.co.uk/2/hi/europe/8670774.stm
