2010-05-25,09:00:36,c7pz8,559,"Kenyan Judges rule that Islamic Courts in Kenya 
are discriminatory, unconstitutional, and illegal.",news.bbc.co.uk,http://news.bbc.co.uk/2/hi/world/africa/10150615.stm
2010-05-25,19:53:34,c7vb1,213,Journalism and 'the words of power'... how we are spoon fed thoughts and opinions without realising it,english.aljazeera.net,http://english.aljazeera.net/focus/2010/05/201052574726865274.html
2010-05-25,00:58:18,c7kuh,187,"Australia expels an Israeli diplomat after a probe 
reveals Israel was behind the forging of four 
Australian passports linked to the murder of a 
Hamas operative in Dubai. What?!",news.bbc.co.uk,http://news.bbc.co.uk/2/hi/world/asia_pacific/10145459.stm
2010-05-25,17:57:18,c7uhr,87,"Two gay rights activists arrested in Zimbabwe for hanging a letter from San Francisco mayor Willie Lewis Brown on their own office wall. The letter praised their organisation and criticised Mugabe's stance on gay rights. The charge is ""undermining the authority of the president"".",mg.co.za,http://www.mg.co.za/article/2010-05-25-zim-police-arrest-two-gay-rights-activists
2010-05-25,13:43:34,c7sjw,65,"Could this be what WikiLeaks was hinting at when they said the next few weeks would bring their ""greatest challenge""? If WikiLeaks got ahold of the same secret Petraeus order that the NYT got, it could be HUGE.",nytimes.com,http://www.nytimes.com/2010/05/25/world/25military.html
2010-05-25,23:03:55,c7wzu,53,South Korea to retaliate against North by blaring propaganda across the border,cbc.ca,http://www.cbc.ca/world/story/2010/05/25/north-korea-ship-retaliation.html
2010-05-26,07:03:21,c82oh,45,"Swedish Opposition Party Wants All U.S. Bases Removed From Foreign Countries - ""A Red-Green government will demand that the U.S. dismantle its nuclear weapons and military bases outside its borders"".",stockholmnews.com,http://www.stockholmnews.com/more.aspx?NID=5373
2010-05-25,09:50:05,c7qfh,37,UK ID card scheme will be scrapped with no refund to holders,telegraph.co.uk,http://www.telegraph.co.uk/news/newstopics/politics/7757720/ID-card-scheme-will-be-scrapped-with-no-refund-to-holders.html
2010-05-25,19:53:02,c7vau,39,N. Korea leader to Army: Prepare for war,jpost.com,http://www.jpost.com/International/Article.aspx?id=176418
2010-05-25,14:51:32,c7t3y,26,N. Korea . . . the gig is up! ,economist.com,http://www.economist.com/world/asia/displaystory.cfm?story_id=16166600&fsrc=scn/tw/te/rss/pe
2010-05-26,01:05:06,c7yfz,23,Guinness could really be good for you - A pint of the black stuff a day may work as well as a low dose aspirin to prevent heart clots that raise the risk of heart attacks. ,news.bbc.co.uk,http://news.bbc.co.uk/2/hi/health/3266819.stm
2010-05-26,01:47:49,c7yxl,19,Dozens killed in Jamaican violence on drug kingpins compound,cnn.com,http://www.cnn.com/2010/WORLD/americas/05/25/jamaica/index.html?hpt=T1&iref=BN1
2010-05-26,04:41:27,c813x,18,"Stalin blocked attempts to kill Hitler - Soviet dictator Josef Stalin blocked two attempts to kill Adolf Hiter during World War Two, fearing that his replacement as Nazi leader would make peace with the Western Allies, a top Russian general said on Tuesday.",khaleejtimes.com,http://www.khaleejtimes.com/DisplayArticle08.asp?xfile=data/international/2010/May/international_May1415.xml&section=international
2010-05-26,03:12:50,c800r,16,"Al Jazeera English talks about how N Korea has maintained ""war footing"" since 1953.",english.aljazeera.net,http://english.aljazeera.net/news/asia-pacific/2009/04/20094532144110777.html
2010-05-26,01:27:36,c7ypd,15,"UK Labour Leader: 'Iraq War Was Wrong' - ""It was an error for which we as a country paid a heavy price, and for which many people paid with their lives. Saddam Hussein was a horrible man, and I am pleased he is no longer running Iraq. But the war was wrong.""",belfasttelegraph.co.uk,http://www.belfasttelegraph.co.uk/news/politics/iraq-war-was-wrong-balls-14815207.html
2010-05-25,09:27:51,c7q84,10,Chinese engineers propose world's biggest hydro-electric project in Tibet,guardian.co.uk,http://www.guardian.co.uk/environment/2010/may/24/chinese-hydroengineers-propose-tibet-dam
2010-05-25,11:38:25,c7rf9,9,Fears grow that banks could send euro crisis global,turkishpress.com,http://www.turkishpress.com/news.asp?id=351940
2010-05-25,20:46:51,c7vpe,9,Kim Jong Il Orders Military to Prepare for Combat,businessweek.com,http://www.businessweek.com/news/2010-05-25/kim-jong-il-orders-military-to-prepare-for-combat-group-says.html
2010-05-26,05:51:13,c81x6,9,Seems Deepwater had an explosion just weeks before it was destroyed...,nola.com,http://www.nola.com/news/gulf-oil-spill/index.ssf/2010/05/gas_surge_shut_well_just_weeks.html
2010-05-25,19:19:50,c7v1m,9,"Israeli President Shimon Peres on Monday categorically denied a report that he offered nuclear warheads to South Africa in 1975, when he was defense minister.",google.com,http://www.google.com/hostednews/ap/article/ALeqM5gamEQIkjOS-FXZg9lq5CSWeMhK2wD9FTC94G0
2010-05-26,03:27:35,c807i,9,Jamaica police: 30 dead in battle with drug gang,latimes.com,"http://www.latimes.com/news/nationworld/world/la-fgw-0526-jamaica-20100526,0,6462711.story"
2010-05-25,20:20:04,c7vhr,8,Man charged with knowingly spreading HIV,abc.net.au,http://www.abc.net.au/news/stories/2010/05/25/2908964.htm
2010-05-25,22:10:27,c7wey,8,Burka ban rejected by Australian law-makers. Some saying such a law infringes on women's rights,australiantimes.co.uk,http://www.australiantimes.co.uk/news/Burqa-ban-rejected
2010-05-25,13:23:35,c7sdq,10,Japan will slaughter dozens of its top Wagyu stud bulls as a foot-and-mouth outbreak continues its rapid spread through the country's south.,abc.net.au,http://www.abc.net.au/news/stories/2010/05/25/2908339.htm
2010-05-25,16:46:01,c7u0b,8,Irish Justice Minister warns about slandering online,independent.ie,http://www.independent.ie/national-news/ahern-lays-down-the-law-on-twitter-and-facebook-lies-2192909.html
2010-05-25,17:08:05,c7u5v,9,"In response to the ridiculous anti-UK replies in the case of the rape of a 8 year old girl, heres a follow up article with some more information.",news.bbc.co.uk,http://news.bbc.co.uk/1/hi/uk/8692823.stm
2010-05-25,15:06:47,c7t90,8,A spot on analysis on why the peace negotiations in the middle east are failing!,english.aljazeera.net,http://english.aljazeera.net/focus/2010/05/20105247939594481.html
2010-05-26,00:13:55,c7xtp,8,"In drug war, Mexico seems to favor Sinaloa cartel",npr.org,http://www.npr.org/templates/story/story.php?storyId=126906809
2010-05-26,03:24:30,c8065,8,¿Do you remember the mexican politician that went missing almost two weeks ago? It is now confirmed that he was kidnapped and the government announced they would stop their probing at the family's request.,edition.cnn.com,http://edition.cnn.com/2010/WORLD/americas/05/23/mexico.politician.abduction/index.html
2010-05-25,19:45:11,c7v8g,4,"British, US forces outgunned by Taleban’s AK47s: With its light bullets the M4 and SA80A2 rifle lacks sufficient velocity and killing power in long-range firefights",timesonline.co.uk,http://www.timesonline.co.uk/tol/news/world/afghanistan/article7135496.ece
