2010-02-26,16:31:30,b6qi7,89,Gaddafi calls for jihad against Switzerland ,guardian.co.uk,http://www.guardian.co.uk/world/2010/feb/25/muammar-gaddafi-libya
2010-02-27,02:55:20,b6xcs,46,"Afghanistan, February, 2010 - The Big Picture",boston.com,http://www.boston.com/bigpicture/2010/02/afghanistan_february_2010.html
2010-02-27,00:35:33,b6vjm,34,"Born Hamas, turned Shin Bet: How the son of a Hamas founder ended up an Israeli agent.",globalpost.com,http://www.globalpost.com/dispatch/israel-and-palestine/100224/hamas-shin-bet-israel-palestine
2010-02-26,22:03:56,b6tnx,34,Say goodbye to your $1.4bn fortune... we're having that thanks. ,news.bbc.co.uk,http://news.bbc.co.uk/1/hi/world/asia-pacific/8538013.stm
2010-02-27,03:56:36,b6y4d,34,Israeli government videos portray Europeans as gullible,telegraph.co.uk,http://www.telegraph.co.uk/news/worldnews/middleeast/israel/7316401/Israeli-government-videos-portray-Europeans-as-gullible.html
2010-02-26,19:06:27,b6rwl,30,"Dubai hit squad underestimated police: expert - ""Israeli operatives badly bungled the job"" ",abc.net.au,http://www.abc.net.au/news/stories/2010/02/26/2831801.htm?section=justin
2010-02-26,11:03:22,b6nau,25,"""The Federal Reserve is examining the stratagems devised by Goldman Sachs and other big banks to help Greece mask its burgeoning debt over the last decade."" Say what?",nytimes.com,http://www.nytimes.com/2010/02/26/business/global/26greece.html?partner=rss&emc=rss
2010-02-26,23:00:36,b6ubz,21,Danish newspaper apologises in Muhammad cartoons row,guardian.co.uk,http://www.guardian.co.uk/world/2010/feb/26/danish-cartoons-muhammad-politiken-apology
2010-02-26,17:24:36,b6qz3,17,"Libya's Muammar Gaddafi has called for a jihad, or holy war, against Switzerland - ""Let us wage jihad against Switzerland, Zionism and foreign aggression"" ",news.bbc.co.uk,http://news.bbc.co.uk/1/hi/africa/8537925.stm
2010-02-26,23:09:31,b6ufx,20,Greece’s problems deepened as the Federal Reserve disclosed it was investigating Goldman Sachs and other banks that helped the country mask its debts,nytimes.com,http://www.nytimes.com/2010/02/26/business/global/26greece.html?ref=global-home
2010-02-26,22:38:20,b6u2z,16,"BBC cuts to 6Music, Asian Network, magazines, web, sport, imports. Still not enough for the Murdochs ",guardian.co.uk,http://www.guardian.co.uk/media/organgrinder/2010/feb/26/bbc-cuts-online-magazines-6music
2010-02-26,23:01:45,b6ucg,14,Lebanon arrests six suspected of spying for Israel ,globalpost.com,http://www.globalpost.com/breaking-news/general/lebanon-arrests-six-suspected-spying-israel
2010-02-26,16:47:25,b6qn0,15,The Falklands can no longer remain as Britain's expensive nuisance ,guardian.co.uk,http://www.guardian.co.uk/commentisfree/2010/feb/25/falklands-britains-expensive-nuisance
2010-02-27,01:25:24,b6w6x,13, UN debates call for Gaza probe  ,english.aljazeera.net,http://english.aljazeera.net/news/americas/2010/02/20102261554876269.html
2010-02-26,21:04:51,b6t1y,8,EU: Israeli goods made in Jewish settlements in the occupied West Bank cannot be considered Israeli,news.bbc.co.uk,http://news.bbc.co.uk/2/hi/middle_east/8538251.stm
2010-02-26,14:38:34,b6pm9,9,Violent French husbands 'may be tagged' ,news.bbc.co.uk,http://news.bbc.co.uk/2/hi/europe/8537591.stm
2010-02-27,06:42:10,b6zv6,8,Judges release criticism of MI5 agents in Binyam Mohamed case,timesonline.co.uk,http://www.timesonline.co.uk/tol/news/uk/article7043298.ece
2010-02-26,23:08:12,b6uff,6,UK court orders disclosure of spy agency criticism,news.yahoo.com,http://news.yahoo.com/s/ap/20100226/ap_on_re_eu/eu_britain_torture
2010-02-27,05:17:56,b6z2b,7,"3,000 square kilometers of iceberg breaks off Antarctica ",english.aljazeera.net,http://english.aljazeera.net/news/asia-pacific/2010/02/2010226172845639687.html
2010-02-27,01:20:38,b6w4b,6,Top judge speaks out against MI5 over Binyam Mohamed torture row ,independent.co.uk,http://www.independent.co.uk/news/uk/home-news/top-judge-speaks-out-against-mi5-over-binyam-mohamed-torture-row-1911628.html
2010-02-26,16:16:46,b6qdh,6,American Intelligence Agents to Be Embedded in Mexican Law Enforcement,noonehastodietomorrow.com,http://www.noonehastodietomorrow.com/agenda/nau/2040
2010-02-26,22:18:22,b6tua,6,Iceberg the size of Luxembourg breaks off ice shelf.,timesonline.co.uk,http://www.timesonline.co.uk/tol/news/environment/article7042428.ece
2010-02-26,19:11:00,b6ryh,5,"A former top level US intelligence official says the assassination in Dubai of a Hamas operative has all the hallmarks of the Israeli intelligence agency, Mossad.",abc.net.au,http://www.abc.net.au/news/stories/2010/02/26/2831801.htm
2010-02-27,01:25:43,b6w77,6,Iraq to Rehire Saddam-Era Army Officers,voanews.com,http://www1.voanews.com/english/news/middle-east/Iraq-to-Rehire-Saddam-Era-Army-Officers-85495102.html
2010-02-27,01:10:59,b6vzx,8,"Rising populations are at core of overseas aid issue
",irishtimes.com,http://www.irishtimes.com/newspaper/opinion/2010/0216/1224264551388.html
2010-02-27,05:17:25,b6z1x,5,"Israel trying to annex ""inseparable part of Palestinian territories"" by including Hebron sites on Jewish heritage list",jpost.com,http://www.jpost.com/Israel/Article.aspx?id=169745
2010-02-26,19:43:35,b6s9w,8,"Woman jailed after sex with 12-year-old boy, think she would have got as long a sentence if she'd looked hot?",news.bbc.co.uk,http://news.bbc.co.uk/2/hi/uk_news/england/tees/8538638.stm
2010-02-27,06:44:01,b6zw6,6,BBC radio stars hit out over 6 Music closure plans.,independent.co.uk,http://www.independent.co.uk/news/media/tv-radio/bbc-radio-stars-hit-out-over-6-music-closure-plans-1911894.html
2010-02-27,06:17:20,b6zn4,7,An Israeli planning committee has pushed forward plans for 600 new homes in Israeli-occupied East Jerusalem,news.bbc.co.uk,http://news.bbc.co.uk/2/hi/middle_east/8538791.stm
2010-02-26,20:24:38,b6sod,5,US offered Rigi 'extensive aid' for Iran attacks,presstv.ir,http://www.presstv.ir/detail.aspx?id=119481
