2010-06-03,15:51:31,caxeq,865,Israel must lift Gaza blockade immediately: UN chief,google.com,http://www.google.com/hostednews/afp/article/ALeqM5i8w7UMEJS6gcCPHJCO4vqxm3Jz_Q
2010-06-04,02:18:07,cb3dc,310,"Israel is caught in a vicious circle. The more its hawks think the outside world will always hate it, the more it tends to shoot opponents first and ask questions later, and the more it finds that the world is indeed full of enemies.",economist.com,http://www.economist.com/opinion/displayStory.cfm?story_id=16274081
2010-06-03,21:12:14,cazr8,193,"A test-run of issuing free heroin to addicts in Copenhagen appears to be successful, with initial results showing reduced crime and prostitution and improved health and life quality for those taking part in the project.",politiken.dk,http://politiken.dk/newsinenglish/article985984.ece
2010-06-03,21:35:14,cb00c,140,"Gaza flotilla: yes, Downing Street HAS dropped Israel ",blogs.telegraph.co.uk,http://blogs.telegraph.co.uk/news/richardspencer/100042018/gaza-flotilla-yes-downing-street-has-dropped-israel/
2010-06-03,09:51:18,cau4z,83,Israeli leftists denounce deadly flotilla raid,maannews.net,http://www.maannews.net/eng/ViewDetails.aspx?ID=288876
2010-06-04,05:32:10,cb5r4,75,"""They used smoke bombs followed by gas canisters. They started to descend on to the ship with helicopters.

""It [the violence] was extremely bad and brutal. The ship turned into a lake of blood. ",news.bbc.co.uk,http://news.bbc.co.uk/2/hi/middle_east/10206802.stm
2010-06-03,22:12:22,cb0ct,73,South Africa recalls Israeli ambassador over flotilla raid - CNN.com,edition.cnn.com,http://edition.cnn.com/2010/WORLD/meast/06/03/israel.safrica.ambassador/index.html?iref=allsearch
2010-06-04,02:46:47,cb3lf,56,Joran Van der Sloot arrested in Chile,edition.cnn.com,http://edition.cnn.com/2010/CRIME/06/03/peru.murder.case/
2010-06-04,05:23:53,cb5ng,47,"Egypt-Gaza border crossing opened ""indefinitely""",almasryalyoum.com,http://www.almasryalyoum.com/en/news/rafah-border-opened-indefinitely
2010-06-03,15:03:00,cawza,44,"Remember Neda, the girl we watched die on the streets of Tehran last summer? Her family just gave their first interview.",thisisforneda.com,http://www.thisisforneda.com/watch.php?lang=en
2010-06-03,01:56:27,caosb,40,Hamas stops flotilla aid delivered by Israel,cnn.com,http://www.cnn.com/2010/WORLD/meast/06/02/israel.palestinians.aid/
2010-06-03,16:03:27,caxia,37,Demands for expulsion of Israeli envoy in Ireland,independent.ie,http://www.independent.ie/national-news/demands-for-expulsion-of-envoy-2202038.html
2010-06-04,06:11:37,cb67k,35,BP pays out. (To whom? Oil pollution victims? Noooo...),guardian.co.uk,http://www.guardian.co.uk/environment/2010/jun/03/gulf-oil-spill-bp-dividend
2010-06-03,23:33:59,cb1ba,34,Robert Fisk: Western leaders are too cowardly  to help save lives,independent.co.uk,http://www.independent.co.uk/opinion/commentators/fisk/robert-fisk-western-leaders-are-too-cowardly-to-help-save-lives-1987989.html
2010-06-03,08:36:12,catfw,33,Israel had 'no other choice' over raid... Except for the other choices they had.,news.bbc.co.uk,http://news.bbc.co.uk/1/hi/world/middle_east/10219391.stm
2010-06-04,07:11:12,cb6vb,25,Korean war 'may break out at any moment': North Korea,rawstory.com,http://rawstory.com/news/afp/Korean_war_may_break_out_at_any_mom_06032010.html
2010-06-04,05:30:14,cb5qe,18,Niki Enchmarch was on the top deck standing next to a Turkish man who was holding a camera. An Israeli soldier shot him in the middle of the forehead. It blew off the back of his skull and he died. ,socialistworker.co.uk,http://www.socialistworker.co.uk/art.php?id=21438
2010-06-04,06:00:17,cb62s,21,Irish ship Rachel Corrie was sabotaged by Israeli intelligence says report,irishcentral.com,http://www.irishcentral.com/news/Irish-ship-Rachel-Corrie-was-sabotaged-by-Israeli-intelligence-says-report-95425309.html
2010-06-03,20:13:27,cazb7,20,Israel resists international probe into Gaza ship raid,reuters.com,http://www.reuters.com/article/idUSTRE65005R20100603
2010-06-03,14:22:57,cawm6,15,Osama Bin Laden Flying First Class to Washington,abcnews.go.com,http://abcnews.go.com/Travel/british-airways-terrorist-osama-bin-laden-boarding-pass/story?id=10795859
2010-06-03,09:06:05,catpn,16,"New Aid Ship Heads For Gaza, Fleet Of 3 More Ships On The Way Soon",cnn.com,http://www.cnn.com/2010/WORLD/meast/06/02/gaza.raid.activists/index.html?hpt=T3
2010-06-03,22:48:14,cb0qu,17,"The gamblers betting on Britain going bust - 
Hedge funds are wagering billions on the UK defaulting",telegraph.co.uk,http://www.telegraph.co.uk/finance/comment/edmundconway/7798450/The-gamblers-betting-on-Britain-going-bust.html
2010-06-03,08:48:53,catk3,14,"MK Hanin Zoabi, Arab member of the Israeli parliament who was on board the international flotilla told to ""Go to Gaza, Traitor""; parliament in utter chaos.",youtube.com,http://www.youtube.com/watch?v=s7ykEdzR_lM
2010-06-04,07:48:55,cb79d,15,French President Nicolas Sarkozy faces allegations on arms deal used to fund political campaigns.,news.bbc.co.uk,http://news.bbc.co.uk/2/hi/world/europe/10229538.stm
2010-06-04,00:16:41,cb1uo,19,"American-Turkish high school student was shot 4 times in the head, once in the body by the IDF during the Aid Flotilla Attacks.",abcnews.go.com,http://abcnews.go.com/WN/Media/american-killed-gaza-aid-flotilla/story?id=10814848
2010-06-03,17:52:39,cay9i,14,"Chinese newspaper prints Tiananmen Square related cartoon, pulled from net; suggests that while the government stays silent on the issue, there are those in China who want to publicly remember the incident; can anyone translate this verbatim?",img.ly,http://img.ly/1pHc
2010-06-04,05:09:44,cb5h6,11,UN chief Ban Ki-moon has demanded that Israel lift its blockade of the Gaza Strip ,news.ninemsn.com.au,http://news.ninemsn.com.au/world/1063410/un-orders-israel-to-lift-gaza-blockade
2010-06-04,07:04:13,cb6sq,13,"The Gaza Flotilla: ""Of course, they were asking for it"" (Mark Steel)",independent.co.uk,http://www.independent.co.uk/opinion/commentators/mark-steel/
2010-06-04,05:29:47,cb5q9,10,EU may monitor searches under guise of child porn prevention,arstechnica.com,http://arstechnica.com/tech-policy/news/2010/06/eu-may-monitor-searches-under-guise-of-child-porn-prevention.ars
2010-06-03,16:21:56,caxnk,12,"... said the Israeli authorities ""deprived us of food, water and sleep, and we weren't allowed to use the toilet"".",guardian.co.uk,http://www.guardian.co.uk/world/2010/jun/02/gaza-flotilla-activists-deported-jordan
