2010-06-04,08:55:26,cb7w7,810,"History repeating -- In 1947, a ship full of Jewish refugees tries to break Britain's blockade on Palestine. The Brits boarded and killed 3, wounding others. It was a PR disaster for Britain and paved the way for the founding of modern Israel.",bbc.co.uk,http://www.bbc.co.uk/blogs/adamcurtis/2010/06/21_miles_off_the_coast_of_pale.html
2010-06-04,08:36:07,cb7px,499,"Meanwhile, away from Israel: 300,000 and counting have been killed in Darfur and it's not slowing.",google.com,http://www.google.com/hostednews/afp/article/ALeqM5jkidkEyi_YiP70tf9oywwDZzy5Yg
2010-06-04,19:52:57,cbdb7,228,"Autopsies released for 9 activists who were killed by Israeli commandos, 5 died from head shot wounds, one shot at extremely close range. ",cnn.com,http://www.cnn.com/2010/WORLD/meast/06/04/gaza.raid.autopsies/
2010-06-04,07:40:33,cb766,156,"NYT: Reporters Dispute Israeli Account of Raid; activist ""shot from above""; tried to protect the video footage and photos, but all the materials of the press members were taken away",thelede.blogs.nytimes.com,http://thelede.blogs.nytimes.com/2010/06/03/reporter-disputes-israeli-account-of-raid/
2010-06-04,00:29:27,cb1zv,77,"Israel rejects world's criticism: Worldwide condemnation is an ""international offensive of hypocrisy"" because ""this wasn't a love boat, it was a hate boat"" and if we don't blockade ""there would be an Iranian port in Gaza""",theaustralian.com.au,http://www.theaustralian.com.au/news/world/israel-rejects-worlds-criticism/story-e6frg6so-1225875222802
2010-06-04,18:23:39,cbcp2,59,"""If I can't have the internet, neither can you,'' while her sister cried out, ""No Kathleen, I love you, I love you, please stop''.",heraldsun.com.au,http://www.heraldsun.com.au/news/national/kathleen-worrall-jailed-for-killing-sister/story-e6frf7l6-1225875529838
2010-06-04,08:03:14,cb7eo,38,China Freaks Out The World By Announcing Restrictions On Export Of Metals Crucial For National Defense,businessinsider.com,http://www.businessinsider.com/chinese-rare-earth-restrictions-2010-6
2010-06-05,06:10:15,cbkkg,30,"Six Giant Banks Made $51bil last year; The other 980 Lost Money; the proprietary trading operations of an oligopoly of banks, saved from disaster by Uncle Sam and subsidized with cheap money from the central bank, was the single driving force behind the renewed surge in their stock.",forbes.com,http://www.forbes.com/2010/06/03/goldman-sachs-citigroup-markets-lenzner-morgan-stanley.html?boxes=Homepagechannels
2010-06-04,22:37:15,cberz,27,Canadian Copyright Minister Rejects 3 Strikes and You're Out System,michaelgeist.ca,http://www.michaelgeist.ca/content/view/5090/125/
2010-06-04,19:52:05,cbdb1,24,Rights in Russia - Putin Pushes New Law to Curtail Opposition -Proposed legislation would allow Russia's intelligence service to imprison people for more than two weeks -- without involving the courts.,spiegel.de,"http://www.spiegel.de/international/world/0,1518,698542,00.html"
2010-06-05,00:45:47,cbgdi,25,Burma 'trying to build nuclear weapon',news.bbc.co.uk,http://news.bbc.co.uk/2/hi/world/asia_pacific/10236381.stm
2010-06-04,20:05:00,cbdea,23,Japan has a new Prime Minister,bloomberg.com,http://www.bloomberg.com/apps/news?pid=20601080&sid=acfv5jNC.8Ho
2010-06-04,19:05:18,cbczu,26,Journalist aboard the Gaza aid boat asserts that the Israelis opened fire as they were boarding which provoked an angry reaction and an attack on the commandos,juancole.com,http://www.juancole.com/2010/06/eyewitnesses-say-israelis-came-in-with-guns-blazing.html
2010-06-04,19:18:05,cbd2x,18,"Turkey suspends all infrastructure projects with Israel: No more ""talk about commercial and economic matters""",ynetnews.com,"http://www.ynetnews.com/articles/0,7340,L-3898754,00.html"
2010-06-04,22:18:05,cbekd,16,Al Qaeda has threatened to kidnap Saudi princes and ministers in order to secure the release of a female al Qaeda operative arrested by Saudi forces,reuters.com,http://www.reuters.com/article/idUSTRE6523FI20100603
2010-06-05,00:35:22,cbg8a,15,"Hungary in 'Grave' State, Official Says - “It’s clear that the economy is in a very grave situation,” Peter Szijjarto, spokesman for Prime Minister Viktor Orban, said today in Budapest. “I don’t think it’s an exaggeration at all” to talk about a default.",businessweek.com,http://www.businessweek.com/news/2010-06-04/hungary-in-grave-state-official-says-forint-falls-update4-.html
2010-06-04,18:42:10,cbcua,14,"Video of the IDF attack on one of the other ships of the flotilla. Unfortunately you cannot see much, but the audio has some value.",vimeo.com,http://vimeo.com/12285010
2010-06-05,03:24:37,cbifs,10,"French charity files legal complaint - for kidnapping, false imprisonment, armed violence, ship hijacking - after Gaza fleet raid",google.com,http://www.google.com/hostednews/afp/article/ALeqM5hqY5fO07PtfYNWqi9wZSb7oSpSgA
2010-06-05,01:04:32,cbgmt,11,"Bavarian Beer Finds Fans on the Horn of Africa - Bratwurst, beer mugs, waitresses in dirndls and folksy slogans on the wall. It sounds like a beer hall in Bavaria. But this bar is actually in Addis Ababa, where an Ethiopian brewer has built a culinary monument to his former home in Germany.",spiegel.de,"http://www.spiegel.de/international/zeitgeist/0,1518,698298,00.html"
2010-06-04,21:51:46,cbeab,11,"""Rachel Corrie"" activist ship is 150 miles from Gaza, continuing at a steady pace, with 1,000 tonnes of aid and supplies",google.com,http://www.google.com/hostednews/afp/article/ALeqM5jvnYTC6639s4qBrcEff62ju1233w
2010-06-05,00:39:42,cbga9,11,"An investigation by an anti-government Myanmar 
broadcaster has found evidence that it says shows 
the country's military regime has begun a 
programme to develop nuclear weapons.",english.aljazeera.net,http://english.aljazeera.net/news/asia-pacific/2010/06/2010642542469132.html
2010-06-05,02:55:44,cbi1p,9,International Donations Not Always Welcome in Gaza,spiegel.de,"http://www.spiegel.de/international/world/0,1518,698766,00.html"
2010-06-04,17:40:04,cbcdl,7,Israel may ease Gaza blockade after US contact,irishtimes.com,http://www.irishtimes.com/newspaper/breaking/2010/0604/breaking4.html
2010-06-05,00:01:16,cbftp,8,Turkey considers reduction of economic and defence ties with Israel,news.bbc.co.uk,http://news.bbc.co.uk/1/hi/world/middle_east/10236884.stm
2010-06-04,19:25:07,cbd4o,7,"Cough, cough, ""Made in China?",news.bbc.co.uk,http://news.bbc.co.uk/2/hi/world/us_and_canada/10235075.stm
2010-06-04,17:40:50,cbcdv,8,Philippines ready for deportation of Filipino children by Israel,news.xinhuanet.com,http://news.xinhuanet.com/english2010/world/2010-06/04/c_13333683.htm
2010-06-04,22:56:52,cbf0g,10,"Israel delivers flotilla aid to Gaza. Hamas refuses to accept it. Does anyone actually care about the suffering of the Palestinian people, or is it all about politics?",guardian.co.uk,http://www.guardian.co.uk/world/2010/jun/03/hamas-flotilla-aid-israel?view=2
2010-06-04,19:43:09,cbd90,9,"Apartment block with metal grilles on its windows and no fire escape is engulfed by fire in Bangladesh, more than 100 dead",bbc.co.uk,http://www.bbc.co.uk/worldservice/news/2010/06/100604_dhaka_fire_wt_sl.shtml
2010-06-04,23:43:05,cbfl7,8,"Life without dignity in Foxconn's electronics plant: ""We have made them live a migrant life that is rootless and helpless, where families are separated, parents have no one to support them, and children are not taken care of.""",globalpost.com,http://www.globalpost.com/dispatch/commerce/100601/china-labor-migrant-suicide-information-foxconn
2010-06-05,00:27:25,cbg4a,10,Everest team leaves blind British climber to die,independent.co.uk,http://www.independent.co.uk/news/world/asia/everest-team-forced-to-leave-sick-british-climber-to-die-1988979.html
