2010-04-02,22:29:45,blmas,666,"In inaugural Easter message, new Catholic bishop blames atheism for ""Nazism, Stalinism, Pol-Pottery, mass murder and broken relationships.""",smh.com.au,http://www.smh.com.au/national/thank-god-were-not-all-atheists-bishop-says-20100401-ri4q.html
2010-04-02,05:51:23,blcx6,582,"""Germans have to notify the government when they renounce their religion... the number of Catholics leaving the church in Munich has tripled.""",msnbc.msn.com,http://www.msnbc.msn.com/id/21134540/vp/36124879#36124879
2010-04-03,03:09:33,blpx5,255,"Vatican Says Sex Abuse in Catholic Church was Homosexual Problem, not Pedophilia.  Stop ... Does That Mean that Sexual Abuse of Young GIRLS is Okay??",lifesitenews.com,http://www.lifesitenews.com/ldn/2009/sep/09092910.html
2010-04-02,16:04:01,bliri,156,A very beautiful and majestic village in iran + 14 pics,banki.ir,http://banki.ir/akhbar/1-news/3589-kandovan
2010-04-03,02:24:04,blpap,100,"Great news, everyone! The Vatican draws parallels between Jewish persecution and criticism received over the ongoing pedophilia-laced scandal.",nytimes.com,http://www.nytimes.com/2010/04/03/world/europe/03church.html
2010-04-02,13:31:15,blhb2,80,Only known printed copy of Haiti's Declaration of Independence in 200 years discovered by Duke University graduate student in London,nytimes.com,http://www.nytimes.com/2010/04/01/world/americas/01document.html
2010-04-02,22:26:58,blm9c,74,UK Drugs Adviser resigns over mephedrone,news.bbc.co.uk,http://news.bbc.co.uk/1/hi/uk/8600911.stm
2010-04-02,09:07:09,bleto,69,"Israeli planes carry out several attacks on Gaza (Friday, 1 April) ",haaretz.com,http://www.haaretz.com/hasen/spages/1160548.html
2010-04-03,05:21:45,blrg8,60,US spends $6 billion to train police in Afghan - they sell bullets to the Taliban - it's a giant freaking free-for-all with our money,newsweek.com,http://www.newsweek.com/id/235221
2010-04-02,23:13:25,blmsi,47,Mexico drug gangs turn weapons on army,latimes.com,"http://www.latimes.com/news/nationworld/world/latinamerica/la-fg-mexico-gunbattles2-2010apr02,0,5886596.story"
2010-04-02,19:39:35,blkmk,40,Israel threatens new Gaza offensive,english.aljazeera.net,http://english.aljazeera.net/news/middleeast/2010/04/20104265845904380.html
2010-04-02,13:52:05,blhhd,37,The 'young sun paradox' proposed by Carl Sagan and George Mullen in 1972 — the Earth had liquid oceans for its first billion years even though the sun was only 70 percent as bright as it is now.,space.com,http://www.space.com/scienceastronomy/young-sun-paradox-solved-100331.html
2010-04-02,22:01:13,bllyc,40,"The Little Nukes That Got Away - From a portable tripod launcher, it could be fired at the enemy as close as 1,000 feet or up to 13,000 feet away. The Davy Crockett was a weapon for nuclear war at close range.",foreignpolicy.com,http://www.foreignpolicy.com/articles/2010/04/01/the_little_nukes_that_got_away
2010-04-03,02:04:58,blp2g,36,"Holy Week around the world, 2010 [pics]",boston.com,http://www.boston.com/bigpicture/2010/04/holy_week_2010.html
2010-04-02,11:15:49,blg01,28,Thirteen Israeli air strikes hit Gaza Strip ,news.bbc.co.uk,http://news.bbc.co.uk/2/hi/middle_east/8600285.stm
2010-04-02,22:43:14,blmgg,29,"Agent Orange and Vietnam's Forgotten Victims: ""The American airplanes came right toward me and dropped a mist in the jungle, and the next day, the trees were dead.""",truthout.org,http://www.truthout.org/agent-orange-and-vietnams-forgotten-victims58230
2010-04-02,13:44:05,blhev,28,Land activist killed in Brazilian Amazon ,news.bbc.co.uk,http://news.bbc.co.uk/2/hi/americas/8600353.stm
2010-04-02,16:10:16,blith,27,"ACLU publishes volumes of data on civilian casualties in Iraq, Afghanistan",rawstory.com,http://rawstory.com/rs/2010/0401/aclu-publicizes-volumes-data-civilian-casualties-iraq-afghanistan/
2010-04-02,17:08:23,bljdd,24,CIA given details of British Muslim students,independent.co.uk,http://www.independent.co.uk/news/uk/home-news/cia-given-details-of-british-muslim-students-1932727.html
2010-04-02,15:14:01,bli8m,24,"Man sentenced to death for being ""sorcerer"" will not be beheaded this week.",cnn.com,http://www.cnn.com/2010/WORLD/meast/04/01/saudi.arabia.sorcery/index.html?hpt=Sbin
2010-04-02,08:13:51,blebv,21,Life in 'Tin Can Town' for the South Africans worse than Apartheid,guardian.co.uk,http://www.guardian.co.uk/world/2010/apr/01/south-africa-world-cup-blikkiesdorp
2010-04-03,02:33:57,blpfu,17,In Zimbabwe police seize pictures of human rights abuses instead of arresting the perpetrators of atrocities.,globalpost.com,http://www.globalpost.com/dispatch/zimbabwe/100331/mugabe-human-rights-abuses
2010-04-03,02:06:46,blp39,14,"Afghanistan, already world's largest producer of opium, overtakes Mexico in production of hashish.. ",michaelmoore.com,http://www.michaelmoore.com/words/latest-news/un-afghanistan-worlds-top-hashish-producer
2010-04-03,07:43:41,blsw4,15,"Yes, because calling out pedophile priests and their protectors is just like anti-Semitism...",news.yahoo.com,http://news.yahoo.com/s/ap/20100402/ap_on_re_eu/eu_church_abuse
2010-04-02,22:47:02,blmi7,16,"Sea Shepard member indicted in Tokyo for illegally boarding, could spend up to 15 years in prison or pay $5,000 for anti-whaling activities ",english.aljazeera.net,http://english.aljazeera.net/news/asia-pacific/2010/04/201042114147342993.html
2010-04-02,08:16:33,blecu,14,The CIA Spy Plot to Sabotage Iran,thedailybeast.com,http://www.thedailybeast.com/blogs-and-stories/2010-03-31/americas-iranian-double-agent/?cid=bs:archive8
2010-04-02,13:47:30,blhg1,11,Palestinian PM to Haaretz: We will have a state next year ,haaretz.com,http://www.haaretz.com/hasen/spages/1160513.html
2010-04-02,14:44:19,blhxs,12,Canadian police apologised to mother of Polish man who died after being repeatedly shot with a Taser at Vancouver airport in 2007,news.bbc.co.uk,http://news.bbc.co.uk/2/hi/americas/8600264.stm
2010-04-02,14:37:27,blhvt,11,Vatican was warned about paedophile priests in 1963,belfasttelegraph.co.uk,http://www.belfasttelegraph.co.uk/news/world-news/vatican-was-warned-about-paedophile-priests-in-1963-14752905.html
2010-04-02,15:24:00,blic0,10,Ratzinger Ignored Bishop's Plea To Help Defrock Priest Over Sex Abuse,azstarnet.com,http://www.azstarnet.com/news/local/article_6fd9e4bd-fcfc-50d6-ab3f-2d14c95219fd.html
