2010-11-17,23:13:45,e7jf2,1288,"Major spy scandal as Norway, Denmark, Finland, Sweden and Iceland catch the U.S. watching their citizens",dailymail.co.uk,http://www.dailymail.co.uk/news/article-1329853/Spy-scandal-5-Scandinavian-governments-catch-US-watching-citizens.html#ixzz15Syqqe2A
2010-11-17,10:02:30,e7ac5,1211,Freedom Of Speech 1 - Police 0. British police try to take down website that advises student protestors on how to avoid arrest. More than 70 websites respond by publishing this same advice,guardian.co.uk,http://www.guardian.co.uk/education/2010/nov/16/web-advice-students-avoid-arrest
2010-11-17,01:23:06,e71r9,205,Evangelical Christians in Brazil have banned the use of USB connections after claiming the technology is the mark of Satan-worshippers.,guardian.co.uk,http://www.guardian.co.uk/science/the-lay-scientist/2010/nov/15/3
2010-11-18,05:38:46,e7qj7,105,BBC picks up the TSA touching my junk story,bbc.co.uk,http://www.bbc.co.uk/news/world-us-canada-11780253
2010-11-17,04:00:15,e74mz,91,Ireland: ANGRY protesters gathered at the home of disgraced former banker to demand he be thrown in jail,independent.ie,http://www.independent.ie/national-news/furious-protesters-march-on-fitzpatricks-home-2420255.html
2010-11-17,14:46:48,e7egw,82,"Tigers Near Extinction: The total number worldwide is fewer than 3,500. Three subspecies - Javan, Bali, and Caspian tigers - vanished during the 20th century. A fourth, the South China tiger, has not been seen in the wild for more than 25 years and is assumed to be extinct",e360.yale.edu,http://e360.yale.edu/feature/as_tigers_near_extinction_the_world_bank_and_environmental_groups_craft_last-ditch_strategy/2339/
2010-11-18,02:04:35,e7mht,78,"Canada's Senate kills climate change bill
",cbc.ca,http://www.cbc.ca/politics/story/2010/11/17/senate-climate-bill.html
2010-11-17,21:53:51,e7i88,59,Madagascar military officers claim they have taken the island in a coup,bbc.co.uk,http://www.bbc.co.uk/news/world-africa-11776570
2010-11-17,21:34:56,e7hzt,45,"Europe's corruption capital: How corruption in Greece prolongs its recession, which is pushing a continent to the brink",globalpost.com,http://www.globalpost.com/dispatch/europe/101112/greece-corruption-europe-debt-crisis
2010-11-17,17:07:13,e7fz2,38,Australia wants to censor all images of smoking on the web.Good luck with that.,techeye.net,http://www.techeye.net/internet/aussie-government-wants-to-remove-smoking-from-the-internet
2010-11-18,05:13:54,e7q3e,40,How China swallowed 15% of 'Net traffic for 18 minutes,arstechnica.com,http://arstechnica.com/security/news/2010/11/how-china-swallowed-15-of-net-traffic-for-18-minutes.ars
2010-11-17,22:57:17,e7j4t,29,"Muslims set fire to at least 10 houses belonging to Coptic Christians in a southern Egypt village over rumors that a Christian resident had an affair with a Muslim girl, security officials said.",nytimes.com,http://www.nytimes.com/2010/11/17/world/middleeast/17briefs-EGYPT.html
2010-11-18,06:33:03,e7rhj,30,China's 'Me Generation' Sends Divorce Rate Soaring  ,npr.org,http://www.npr.org/2010/11/09/131200166/china-s-me-generation-sends-divorce-rate-soaring
2010-11-17,12:13:49,e7cba,32,"""Darfur, Zimbabwe, Burma, North Korea, anywhere that the concept of human rights doesn't exist, it's always the Chinese at backstop. And always for reasons that you could write down in three words: blood for oil."" Extensive Hitchens interview",guardian.co.uk,http://www.guardian.co.uk/books/2010/nov/14/christopher-hitchens-cancer-interview
2010-11-18,02:40:23,e7n5w,24,"The suffering of Iraq's Christians - “Some call us agents of the West,” a Chaldean patriarch said. “But when the American bombs fall, they are not especially aimed at Muslims or Christians. They’re for everybody.”",theglobeandmail.com,http://www.theglobeandmail.com/news/opinions/opinion/the-suffering-of-iraqs-christians/article1801660/
2010-11-17,14:59:46,e7emy,19,Kim Jong-Un purging senior party and military officials in North Korea,channelnewsasia.com,http://www.channelnewsasia.com/stories/afp_asiapacific/view/1093995/1/.html
2010-11-17,13:12:32,e7d60,19,Sudan registers to vote to split country: Thousands line up to be able to vote on a referendum that could divide Sudan in half,globalpost.com,http://www.globalpost.com/dispatch/africa/101115/south-sudan-registration-independence-vote
2010-11-17,23:51:53,e7k32,18,Get ready to kiss goodbye to net neutrality in the UK,bbc.co.uk,http://www.bbc.co.uk/news/uk-politics-11773574
2010-11-17,15:44:45,e7f5m,16,Israeli retreat on Lebanon border may split village,bbc.co.uk,http://www.bbc.co.uk/news/world-middle-east-11772048
2010-11-17,11:26:51,e7bly,17,Organs and bones were illegally harvested from the bodies of dead nuclear industry workers at Sellafield,independent.co.uk,http://www.independent.co.uk/news/uk/home-news/how-sellafield-mutilated-its-workers-bodies-2136068.html
2010-11-18,05:40:39,e7qki,16,"Prime Minister of Madagascar vows to squash rebellion: ""I don't know what mosquito bit them, but they have broken ranks and committed an error.""",reuters.com,http://www.reuters.com/article/idUSTRE6AG2K020101117
2010-11-17,16:32:54,e7fnc,14,"World's newest nation would start almost from scratch. Doesn't even have a Treasury. ""Paychecks"" are handed out in paper bags full of cash. And that's the good news.",mcclatchydc.com,http://www.mcclatchydc.com/2010/11/16/103825/worlds-newest-nation-would-start.html
2010-11-17,22:33:26,e7isg,17,"Yemen's New Escort Service - Starved for revenue and riddled with corruption, the Yemeni navy and coast guard have adopted a novel fundraising strategy: guns for hire.",foreignpolicy.com,http://www.foreignpolicy.com/articles/2010/11/16/the_privateers_of_yemen
2010-11-17,09:21:57,e79q6,16,"Rogue Trader Jerome Kerviel, sentenced to five years in jail for losing almost 5 billion euros of his employer's money - 
'I Was Merely a Small Cog in the Machine'",spiegel.de,"http://www.spiegel.de/international/business/0,1518,729155,00.html"
2010-11-17,20:05:29,e7h3s,14,Ireland's government insists it needs no assistance -- and the euro has become highly unstable as a result. Euro-zone finance ministers were unable to persuade Dublin otherwise at Tuesday's crisis meeting in Brussels. Their half-hearted assurances of help are unlikely to calm financial markets.,spiegel.de,"http://www.spiegel.de/international/europe/0,1518,729584,00.html#ref=rss"
2010-11-18,06:09:10,e7r2b,12,Court says News of the World staff who ordered phone hack must be named,guardian.co.uk,http://www.guardian.co.uk/media/2010/nov/17/glenn-mulcaire-phone-hacking-judge
2010-11-17,12:03:42,e7c6c,11,World's military expenditures: In 2009 US defense spending was $500 billion more than China the world’s next highest military spender,secure.wikimedia.org,https://secure.wikimedia.org/wikipedia/en/wiki/List_of_countries_by_military_expenditures
2010-11-17,22:18:50,e7ikn,12,Israel to withdraw from captured half of town on Lebanese border,latimes.com,"http://www.latimes.com/news/nationworld/world/la-fgw-israel-lebanon-20101117,0,6029439.story"
2010-11-17,22:20:03,e7il7,12,Greece's Toothless Battle against Corruption - Prime Minister George Papandreou is doing his best to ward off national bankruptcy. But not all government agencies are cooperating. The country's justice system refuses to file charges in hundreds of prominent corruption cases.,spiegel.de,"http://www.spiegel.de/international/europe/0,1518,729492,00.html"
2010-11-17,22:35:20,e7it0,11,Security Theater Ripples Spread to Japan: items weighing more than 1 pound cannot be shipped to the U.S. via flight,theatlantic.com,http://www.theatlantic.com/politics/archive/2010/11/security-theater-the-ripples-spread-to-japan/66542/
