2010-10-10,01:02:16,dp0f5,347,"Hard up farmer digs up Roman helmet on his land and hopes to sell it for about 32,000 dollars. Instead it earns him about 3.67 million",mirror.co.uk,http://www.mirror.co.uk/news/top-stories/2010/10/09/farmer-eric-robinson-reaps-2-3m-from-treasure-hunter-s-helmet-find-115875-22620300/
2010-10-10,00:38:44,dp06y,342,Lightning kills entire soccer team during game.,news.bbc.co.uk,http://news.bbc.co.uk/2/hi/africa/203137.stm
2010-10-10,08:43:37,dp51a,223,"Clown elected to Brazilian congress, ""It couldn't get 
any worse. Vote for me""",google.com,http://www.google.com/hostednews/afp/article/ALeqM5imrl_6qHwYFdPbsqDwBRIX7pD4tA?docId=CNG.9169ad9303e8b3a2ca9470b5e05e2e20.b81
2010-10-10,10:07:49,dp5sl,147,"CNN streaming live from North Korean party parade - 
amazing imagery",cnn.com,http://www.cnn.com/video/flashLive/live.html?stream=stream1
2010-10-10,10:28:39,dp5z4,120,"Far-right British political parties linked with Tea Party activists: Details emerge of contacts between English Defence League and extremist US groups in a 'war on Islamification""",guardian.co.uk,http://www.guardian.co.uk/uk/2010/oct/10/english-defence-league-tea-party
2010-10-10,19:48:15,dp9xf,80,Protesters attack police at Belgrade Gay Pride parade,bbc.co.uk,http://www.bbc.co.uk/news/world-europe-11507253
2010-10-10,21:12:55,dpadk,75,"Former editor-in-chief of Playboy Indonesia began a two-year prison sentence for publishing pictures of scantily clothed women, riling free speech activists in the world's most populous Muslim nation",guardian.co.uk,http://www.guardian.co.uk/world/feedarticle/9304290
2010-10-10,17:45:58,dp9ae,71,Iran Confirms Espionage at its Nuclear Facilities,rferl.org,http://www.rferl.org/content/Iran_Confirms_Espionage_At_Its_Nuclear_Facilities/2185904.html
2010-10-11,03:23:51,dpdsc,60,Intellectuals held in mainland China crackdown after Liu Xiaobo gets Nobel peace prize,guardian.co.uk,http://www.guardian.co.uk/world/2010/oct/10/intellectuals-detained-nobel-celebration
2010-10-10,21:37:02,dpaj0,39,Hungary workers race to build dam as reservoir crack widens and threaten to unleash second torrent of toxic sludge on village of Kolontar,guardian.co.uk,http://www.guardian.co.uk/world/2010/oct/10/hungary-build-dam-crack-widens
2010-10-10,23:21:56,dpbck,35,"The English Defence League, a far-right grouping aimed at combating the ""Islamification"" of British cities, has developed strong links with the American Tea Party movement",americablog.com,http://www.americablog.com/2010/10/british-far-right-teams-up-with.html
2010-10-11,06:48:49,dpg1i,32,China detains Nobel Peace Prize winner's wife: U.S. rights group,reuters.com,http://www.reuters.com/article/idUSTRE6991I820101010
2010-10-11,04:52:57,dpes8,32,"After more than two months trapped deep in a Chilean mine, 33 miners were so giddy with confidence, they were arguing over who would be the last to take a twisting 20-minute ride to daylight and the embrace of those they love.

",dailyfinance.com,http://www.dailyfinance.com/article//trapped-chilean-miners-argue-over-whos/1204031/?cid=13
2010-10-10,23:02:15,dpb78,27,"The New Great Game -  a bitter struggle over natural resources and strategic bases between the British and Russian colonial powers, are seeing history repeat itself.",spiegel.de,"http://www.spiegel.de/international/world/0,1518,722173,00.html"
2010-10-11,05:52:28,dpffe,23,Rupert Murdoch Invades Iran,thedailybeast.com,http://www.thedailybeast.com/blogs-and-stories/2010-10-09/rupert-murdochs-invasion-of-iran/
2010-10-10,12:38:16,dp73b,17,North Korea Opens Up Internet for National Anniversary,cio.com,http://www.cio.com/article/623463/North_Korea_Opens_Up_Internet_for_National_Anniversary
2010-10-10,22:59:43,dpb6g,16,"Police clash with anti-gay protesters in Belgrade, Serbia..",b92.net,http://www.b92.net/eng/gallery/index.php
2010-10-10,17:18:56,dp94j,17,"Royal Marines have spoken for the first time of an horrific ""Black Hawk Down"" battle to save a helicopter crew trapped in enemy territory",telegraph.co.uk,http://www.telegraph.co.uk/news/worldnews/asia/afghanistan/8052760/Marines-tell-of-Black-Hawk-Down-rescue-mission.html
2010-10-11,05:29:37,dpf6i,14,Wife of Chinese Nobel winner under house arrest,ca.news.yahoo.com,http://ca.news.yahoo.com/s/afp/101010/world/nobel_peace_china_us_dissident_wife
2010-10-10,13:39:04,dp7ms,12,"Violence flares at EDL protest: A huge police operation of 2,000 officers kept rival factions apart as the English Defence League (EDL) and Unite Against Fascism (UAF) held demonstrations in Leicester",thisislondon.co.uk,http://www.thisislondon.co.uk/standard/article-23886344-violence-flares-at-edl-protest.do
2010-10-10,10:51:56,dp66w,13,OECD protest over Israeli minister's Jerusalem remarks--The Organisation for Economic Co-operation and Development has said it could cancel a conference in Jerusalem over remarks by an Israeli minister,bbc.co.uk,http://www.bbc.co.uk/news/world-middle-east-11508953
2010-10-10,20:55:33,dpaa2,8,"All hail the boy emperor -- the first sighting by foreign journalists of Kim Jong Un, who is the third son of Kim Jong Il and still in his late 20s",economist.com,http://www.economist.com/blogs/asiaview/2010/10/north_korean_dynasty
2010-10-11,02:56:40,dpdjb,9,Chinese researchers to relaunch 'Bigfoot' search,cnn.com,http://www.cnn.com/2010/WORLD/asiapcf/10/09/china.bigfoot.search/index.html?hpt=T2
2010-10-10,13:41:28,dp7nb,9,"Chancellor Angela Merkel met Turkish Prime Minister Recep Tayyip Erdogan in Berlin, with a range of agendas. Among them was the issue of integration in Germany’s Muslim minority, a much-debated topic in recent weeks.",dw-world.de,"http://www.dw-world.de/dw/article/0,,6097261,00.html"
2010-10-10,18:04:23,dp9do,5,Arab Abolitionist Movements Seek Unity: Rights activists have called for nascent abolitionist movements of the Middle East and North Africa to coordinate their efforts to press Arab regimes to end capital punishment,ipsnews.net,http://www.ipsnews.net/news.asp?idnews=53116
2010-10-10,18:08:12,dp9ef,5,New threat from Hungary reservoir,irishtimes.com,http://www.irishtimes.com/newspaper/breaking/2010/1009/breaking2.html
2010-10-11,02:40:39,dpdcc,8,Should a woman marry her rapist?,timesofindia.indiatimes.com,http://timesofindia.indiatimes.com/life-style/relationships/man-woman/Should-a-woman-marry-her-rapist/articleshow/6558340.cms
2010-10-10,09:32:28,dp5h6,6,Deadly storms flood Bangladesh,english.aljazeera.net,http://english.aljazeera.net/news/asia/2010/10/2010109182217111544.html
2010-10-10,23:07:24,dpb8s,6,Thousands Breakfast on Harbour Bridge at Sydney International Food Festival,accidentaltravelwriter.net,http://www.accidentaltravelwriter.net/?p=4900
2010-10-10,23:18:34,dpbbm,5,Bloodlands: Europe Between Hitler and Stalin ,guardian.co.uk,http://www.guardian.co.uk/books/2010/oct/09/bloodlands-stalin-timothy-snyder-review
