2010-07-20,15:16:28,cribn,77,Spider-infested ship turned back from Guam ,independent.co.uk,http://www.independent.co.uk/news/world/americas/spiderinfested-ship-turned-back-from-guam-2030587.html
2010-07-20,00:33:14,cr8r2,59,"Iran urges US to drop 'cowboy logic' over nuclear issue - ""We are for negotiations, but to do so you have to sit down like a good boy,"" Mr Ahmadinejad said, referring to the US in a speech broadcast live on state television.",bbc.co.uk,http://www.bbc.co.uk/news/world-middle-east-10683549
2010-07-21,03:23:36,crpxw,53,"BP is trying to hire top Gulf scientists.  The fine print?  The scientists would be prevented from testifying about what they find for 3 years.  It is not about them testifying for BP, it is about preventing them from testifying against BP.",rawstory.com,http://rawstory.com/rs/2010/0720/bp-contaminate-gulf-scientists-trial/
2010-07-20,23:28:34,crmli,50,Newspaper publishes investigation about clothing retailers and child labour. Article disappears.,self.worldnews,https://www.reddit.com/r/worldnews/comments/crmli/newspaper_publishes_investigation_about_clothing/
2010-07-20,11:48:11,crgd6,44,North Korea executes an ex-Cabinet official who was in charge of talks with South Korea,boston.com,http://www.boston.com/news/world/asia/articles/2010/07/19/north_korea_reportedly_executes_former_official/
2010-07-20,08:47:31,creoq,35,Syria bans full Islamic face veils at universities,google.com,http://www.google.com/hostednews/ap/article/ALeqM5jV_-6kvuvHLoKhskSm80Smyln5vAD9H2BJEG0
2010-07-20,12:17:49,crgo9,34,"Scandinavia Bubbling With Happiness :) ""One theory why is that they have their basic needs taken care of to a higher degree than other countries."" – Jim Harter, Gallup",michaelmoore.com,http://www.michaelmoore.com/words/latest-news/worlds-happiest-countries
2010-07-20,20:45:05,crkuu,28,The Swedish Pirate Party Launches The World's First Pirate ISP,torrentfreak.com,http://torrentfreak.com/worlds-first-pirate-internet-provider-launches-in-sweden-100720
2010-07-20,19:58:54,crkid,28,'One of Britain's most senior lawyers has delivered a dramatic boost to the campaign to change the law on drugs',independent.co.uk,http://www.independent.co.uk/life-style/health-and-families/health-news/bar-chairman-backs-calls-to-reconsider-drug-laws-2030335.html
2010-07-20,12:46:21,crgzy,26,Geneticists say Chinese and Tibetans were once one. Neither group likes the idea.,economist.com,http://economist.com/node/16595117
2010-07-20,15:03:56,cri7x,21,Sicilians commemorate murdered judge Paolo Borsellino - At least one Italian secret service agent reportedly knew in advance about the carefully planned murder,bbc.co.uk,http://www.bbc.co.uk/news/world-europe-10692732
2010-07-21,00:32:07,crnfr,18,"Fmr MI5 Director Understands 'Blowback', Says Iraq War 'Triggered UK Bomb Plots' - Britain's support for the war in Iraq was connected to a series of deadly bombings in London and sparked a rise in domestic attack plots that ""swamped"" security services, a former intelligence chief has said.",english.aljazeera.net,http://english.aljazeera.net/news/europe/2010/07/2010720121831261136.html
2010-07-20,16:06:20,criqo,17,North Korean official in charge of Seoul diplomacy executed,guardian.co.uk,http://www.guardian.co.uk/world/2010/jul/20/north-south-korea-official-executed
2010-07-20,22:48:32,crm4r,18,Accusations of child witchcraft on the rise in Africa,cnn.com,http://www.cnn.com/2010/WORLD/africa/07/19/africa.witchcraft.accusations/index.html?hpt=Sbin
2010-07-20,19:31:56,crkb0,16,Israeli Anti-Rocket System Is Ready: Analysts believe the system has a far-reaching impact on the big picture of arms control and global stability,news.xinhuanet.com,http://news.xinhuanet.com/english2010/indepth/2010-07/20/c_13406578.htm
2010-07-21,02:08:31,crouh,15,"Pakistan’s Elite Pay Few Taxes, Widening Gap",nytimes.com,http://www.nytimes.com/2010/07/19/world/asia/19taxes.html?_r=1&scp=10&sq=pakistan&st=Search
2010-07-21,02:41:42,crpat,14,US Taxpayers subsidizes the corrupt rich and powerful in Pakistan who refuse to pay their taxes,youtube.com,http://www.youtube.com/watch?v=dK5Gk1wvx10
2010-07-21,01:16:24,cro3y,16,Palestinians  living in East Jerusalem are now being forcefully evicted from the homes they were born and raised in because Israel says they are 'disloyal' to the Israeli state. Israel isn't even trying to make up excuses anymore.,btselem.org,http://www.btselem.org/english/jerusalem/20100718_Revocation_of_Residency_of_Hamas_MPs.asp
2010-07-20,23:40:17,crmr9,10,Floodwaters just 20m below maximum capacity on China's Three Gorge's Dam; waterflow strongest ever,bbc.co.uk,http://www.bbc.co.uk/news/world-asia-pacific-10695272
2010-07-21,04:47:53,crr23,10,South Korea is to seize property and assets from descendants of people they have identified as Japanese collaborators up to 100 years ago. ,telegraph.co.uk,http://www.telegraph.co.uk/news/worldnews/asia/southkorea/7890316/South-Korea-targets-Japanese-collaborators-descendants.html
2010-07-20,13:25:32,crhd2,11,First female Lutheran bishop resigns over mishandling of sex abuse case - looks like it's not just men!,nytimes.com,http://www.nytimes.com/2010/07/17/world/europe/17briefs-LUTHERAN.html
2010-07-20,21:24:29,crl7d,8,"Afghanistan president calls for Nato troop withdrawal by 2014: ""Our Afghan national security forces will be responsible for all military and law enforcement operations""",telegraph.co.uk,http://www.telegraph.co.uk/news/worldnews/asia/afghanistan/7899795/Hamid-Karzai-calls-for-Nato-troop-withdrawal-by-2014.html
2010-07-20,23:50:57,crmwo,10,Goldman denies links with global food crises,telegraph.co.uk,http://www.telegraph.co.uk/finance/markets/7899210/Goldman-denies-links-with-global-food-crises.html
2010-07-20,17:43:58,crjg1,8,"""The Israeli economy is one of the most 
concentrated in the Western world. Ten business 
groups control 160 public companies,"" Bank of 
Israel researcher Constantine Kosenco told “IDF 
Radio"" ",globes.co.il,http://www.globes.co.il/serveen/globes/docview.asp?did=1000575858&fid=1725
2010-07-20,18:37:33,crjva,6,"Record heat in Moscow leads denizens to take ""ill-advised dips"" in the river.  This leads to 77 people drowning...most of whom were drunk.",nytimes.com,http://www.nytimes.com/2010/07/20/world/europe/20russia.html?_r=1&hp
2010-07-20,22:45:53,crm3m,5,Iraq Inquiry:  Eliza Manningham-Buller's devastating testimony ,guardian.co.uk,http://www.guardian.co.uk/uk/2010/jul/20/iraq-inquiry-eliza-manningham-buller
2010-07-20,18:11:04,crjo6,6,Prime Minister Binyamin Netanyahu produced a map showing what borders he saw for a future Palestinian state for Egyptian President Hosni Mubarak. The map was rejected.,jpost.com,http://www.jpost.com/MiddleEast/Article.aspx?id=181992&reddit=1
2010-07-20,09:51:07,crf8q,7,Singapore arrests author who criticised death penalty,independent.co.uk,http://www.independent.co.uk/news/world/asia/singapore-arrests-author-who-criticised-death-penalty-2030347.html
2010-07-21,06:58:54,crsml,8,"Aussie Politician Proposes Race-Specific Tax Rates -PRIVATELY employed Aborigines would be given a tax holiday on incomes up to $80,000 under a policy of Nationals Senator Barnaby Joyce. ",perthnow.com.au,http://www.perthnow.com.au/news/federal-election-2010-nationals-senator-barnaby-joyce-proposes-tax-holiday-for-aborigines/story-e6frg12c-1225894843756
2010-07-20,10:00:21,crfcf,6,Lebanon: U.N. force commander denies peacekeepers being timid - (will send strongly worded letter to Hezbollah very soon),latimes.com,"http://www.latimes.com/news/nationworld/world/la-fg-lebanon-peacekeepers-20100720,0,4780720.story"
