2010-10-22,22:04:42,duv9q,1010,Crocodile on plane kills 19 passengers,news.com.au,http://www.news.com.au/travel/news/crocodile-on-a-plane-kills-19/story-e6frfq80-1225942045322
2010-10-22,04:27:22,duiy3,795,"Moon Not Only Has Water, but Lots of It",online.wsj.com,http://online.wsj.com/article/SB10001424052702303339504575566194097878552.html?mod=WSJ_hps_LEADNewsCollection
2010-10-22,23:00:13,duvz4,216,"Haiti: At least 138 people dead, 1,500 infected in its first cholera outbreak for almost a century",english.aljazeera.net,http://english.aljazeera.net/news/americas/2010/10/2010102234817850131.html
2010-10-23,05:50:57,dv1wy,179,Al Jazeera first to release WikiLeaks Iraq files: US military order not to investigate Iraqi torture.,english.aljazeera.net,http://english.aljazeera.net/news/middleeast/2010/10/20101022202210771944.html
2010-10-23,05:28:47,dv1ln,152,Vatican Banking Fraud Probe Widens: Church 'Astonished' It Must Adhere to Money Laundering Laws,activistpost.com,http://www.activistpost.com/2010/10/vatican-banking-fraud-probe-widens.html
2010-10-22,03:31:43,duhyj,119,A Belgian woman convicted of murdering her fellow skydiver and love rival by sabotaging her parachute has been jailed for 30 years.,bbc.co.uk,http://www.bbc.co.uk/news/world-europe-11592629
2010-10-23,05:35:22,dv1nw,68,"Iraq: The War Logs - Massive leak reveals serial detainee abuse and 15,000 unknown civilian deaths ",guardian.co.uk,http://www.guardian.co.uk/world/2010/oct/22/iraq-war-logs-military-leaks
2010-10-22,19:18:43,dutqd,65,"'Staggering' global wealth disparity: 
1,000 billionaires worldwide, but average income is $10,000.",alternet.org,http://www.alternet.org/economy/148549/new_tally_of_global_wealth_illuminates_staggering_disparities
2010-10-22,09:30:31,dunkk,59,"""A small airliner crashed into a house, killing a British pilot and 19 others after a crocodile smuggled into the aircraft in a sports bag escaped and started a panic.""",telegraph.co.uk,http://www.telegraph.co.uk/news/worldnews/africaandindianocean/democraticrepublicofcongo/8078612/Aircraft-crashes-after-crocodile-on-board-escapes-and-sparks-panic.html
2010-10-22,15:05:27,durln,45,Google under fire for using tax loopholes to save $3bn ,independent.co.uk,http://www.independent.co.uk/news/business/news/google-under-fire-for-using-tax-loopholes-to-save-3bn-2113290.html
2010-10-23,05:58:11,dv212,38,"Israeli Taliban Torch Palestinian Girls' School, Destroy Olive Trees -  Israeli squatters just set fire to the store room of a Palestinian girls’ school...The Israeli illegals left behind graffiti saying ‘regards from the hills.’",juancole.com,http://www.juancole.com/2010/10/israeli-taliban-torch-palestinian-girls-school-destroy-olive-trees.html
2010-10-23,07:23:48,dv39b,38,"Wikileaks' US docs include assertion that 3 US hikers 
were in Iraq when seized by Iran.",nytimes.com,http://www.nytimes.com/2010/10/23/world/middleeast/23hikers.html?_r=1
2010-10-23,03:54:28,dv07a,34,"US-trained cartel terrorises Mexico - ""Founders of the Zetas drug gang learned special forces techniques at Ft. Bragg before waging a campaign of carnage.""",english.aljazeera.net,http://english.aljazeera.net/indepth/features/2010/10/20101019212440609775.html
2010-10-22,22:35:29,duvnm,37,Enraged BBC Newsman Destroys Protester's Sign,gawker.com,http://gawker.com/5670217/enraged-bbc-newsman-destroys-protesters-sign
2010-10-23,07:52:48,dv3ng,34,Leaked Letter Exposes Sarkozy’s Repressive Anti-Piracy Agenda,torrentfreak.com,http://torrentfreak.com/leaked-letter-exposes-sarkozys-repressive-anti-piracy-agenda-101022/
2010-10-22,20:39:56,duuf3,30,"David Kelly, UK weapons inspector who was source of BBC's 'sexed up' report on Iraq WMD, died of self-inflicted wounds, previously secret files reveal",guardian.co.uk,http://www.guardian.co.uk/politics/2010/oct/22/david-kelly-postmortem-self-inflicted
2010-10-22,20:37:47,duueg,31,Nuclear submarine 'HMS Astute' runs aground ,belfasttelegraph.co.uk,http://www.belfasttelegraph.co.uk/news/local-national/uk/nuclear-submarine-runs-aground-14984214.html
2010-10-23,03:11:08,duzgm,30,Ugandan gays attacked after being 'outed' by newspaper,rawstory.com,http://www.rawstory.com/rs/2010/10/ugandan-gays-attack-outed-newspaper/
2010-10-22,18:16:16,dut9i,30,"Indonesian officials have admitted its soldiers tortured several Papuan men, after footage being circulated online showed the men being beaten and humiliated. ",abc.net.au,http://www.abc.net.au/news/stories/2010/10/22/3046185.htm?section=justin
2010-10-22,16:27:05,dused,32,"Ex-Florida State University football player may become the first American in 16 years to be caned in Singapore after he overstayed his visa

",sfgate.com,http://www.sfgate.com/cgi-bin/article.cgi?f=/n/a/2010/10/21/international/i044631D49.DTL
2010-10-22,15:58:27,dus4k,26,BBC's political editor Nick Robinson loses temper with anti-war protester - grabs his sign to stamp on it [video],belfasttelegraph.co.uk,http://www.belfasttelegraph.co.uk/news/local-national/uk/bbcs-nick-robinson-loses-temper-with-antiwar-protester-14984012.html
2010-10-22,11:57:37,dupcw,23,Watching the Watchers - Al Qaeda's bold new strategy is all about using our own words and actions against us. And it's working.,foreignpolicy.com,http://www.foreignpolicy.com/articles/2010/10/11/watching_the_watchers
2010-10-22,21:15:20,duuqw,23,"The paradox of blinking | China's rising global power has attracted relatively little opposition, mainly because China has wisely kept a low profile. Confrontation with Japan may signal a new and more reckless approach",search.japantimes.co.jp,http://search.japantimes.co.jp/cgi-bin/eo20101020a2.html
2010-10-22,09:42:34,dunql,24,"Myanmar gets new flag, official name, anthem",ca.reuters.com,http://ca.reuters.com/article/topNews/idCATRE69K2HM20101021
2010-10-22,11:28:29,dup0e,19,Britain: Con-Dem government to roll back social gains won since WWII,links.org.au,http://links.org.au/node/1951
2010-10-22,17:04:30,duspc,21,"Japanese Companies Go English-Only; Headaches, Outrage Follow ",npr.org,http://www.npr.org/blogs/thetwo-way/2010/10/21/130733615/japanese-companies-go-english-only-headaches-outrage-follow
2010-10-22,21:27:51,duuvm,21,Nuclear submarine runs aground off Scotland under sea trials,guardian.co.uk,http://www.guardian.co.uk/uk/2010/oct/22/submarine-runs-aground-scotland
2010-10-22,16:57:30,dusnb,17,China unveils its own version of Google Earth,guardian.co.uk,http://www.guardian.co.uk/world/2010/oct/22/google-earth-china-map-world
2010-10-22,22:24:13,duvic,13,"Typhoon Megi unleashes rock slides, traps 400 in Taiwan",cnn.com,http://www.cnn.com/2010/WORLD/asiapcf/10/22/china.typhoon.megi/index.html?hpt=T1
2010-10-22,19:13:13,dutov,13,"Russian Navy officers demanded the dismissial of Serdiukov already FOUR times! | According to the Russian press, the union of Professional Navy Officers has written to President Medvedev no less than 4 (four!) times to demand the dismissal of Defense Minister Serdiukov.",vineyardsaker.blogspot.com,http://vineyardsaker.blogspot.com/2010/10/revelation-russian-navy-officers.html
