2010-08-09,19:37:34,cz0xg,535,"More than 800 Russian wildfires have been reported since they first ignited nearly a week ago. The wildfires, a result of the country's worst heat wave in recorded history, have claimed 52 lives thus far and left more than 3,000 people homeless (w/pics)",foreignpolicy.com,http://www.foreignpolicy.com/articles/2010/08/06/red_dawn?page=full
2010-08-09,09:51:43,cyw10,175,Japan became rich as America's compliant vassal state. Now Japan's efforts to move on are being thwarted by the US.,guardian.co.uk,http://www.guardian.co.uk/commentisfree/cifamerica/2010/aug/08/japan-postwar-compliant-us-vassal
2010-08-09,10:26:17,cywbh,123,"Interview with Eric Morgolis: US media ignoring explosive testimony in UK.  MI5 told Blair that Iraq was no threat.  US intelligence created stories in the middle east about Iraq and when they were reported, used it to garner support.",therealnews.com,http://therealnews.com/t2/index.php?option=com_content&task=view&id=31&Itemid=74&jumival=5453&updaterx=2010-08-06+13%3A05%3A59
2010-08-09,19:04:32,cz0of,66,"Milk powder + Hormones + Girl Children developing breasts, = CHINA once again... (companies name is Synutra) + product still being sold...",abc.net.au,http://www.abc.net.au/news/stories/2010/08/09/2978058.htm?section=justin
2010-08-09,17:55:02,cz05h,62,Israel releases Mordechai Vanunu after three months in prison,guardian.co.uk,http://www.guardian.co.uk/world/2010/aug/08/mordechai-vanunu-israel-prison-release
2010-08-10,00:42:25,cz43d,54,Iran Sentences Baha'i Leaders to 20 Years in Prison,bahairights.org,http://www.bahairights.org/2010/08/08/iran-sentences-bahai-leaders-to-20-years-in-prison/
2010-08-10,07:39:21,cz8se,47,U.S. Supersizes Afghan Mega-Base as Withdrawal Date Looms ,wired.com,http://www.wired.com/dangerroom/2010/08/u-s-afghan-mega-base/?utm_source=feedburner&utm_medium=feed&utm_campaign=Feed:+WiredDangerRoom+(Blog+-+Danger+Room)
2010-08-09,18:50:38,cz0k6,47,Moscow authorities have been forced to acknowledge that the heat and smoke of the last week have doubled the city’s mortality rates,themoscowdiaries.wordpress.com,http://themoscowdiaries.wordpress.com/2010/08/09/2009/
2010-08-10,02:57:59,cz5gx,45,Oil firm wins battle to identify chatroom users,independent.co.uk,http://www.independent.co.uk/news/business/news/oil-firm-wins-battle-to-identify-chatroom-users-2047708.html
2010-08-09,10:46:37,cywhv,34,Switzerland is the small exception in a united - and ever bigger - Europe. ,bbc.co.uk,http://www.bbc.co.uk/news/world-europe-10886215
2010-08-09,10:29:07,cywci,33,"Landless and illiterate, drowned by debt, Mr. Bhuria and his ailing children have staggered into the hospital ward after falling through India’s social safety net.  His daughter, Nani, is 4 and weighs 20 pounds. His son, Jogdiya, is 2 and weighs only eight.",nytimes.com,http://www.nytimes.com/2010/08/09/world/asia/09food.html?_r=1&hp
2010-08-09,15:06:47,cyyt5,33,"South Korea uncovers explosive, flammable and corrosive automotive refrigerant from China",thecarconnection.com,http://www.thecarconnection.com/marty-blog/1048048_consumer-concern-air-conditioning-refrigerant-from-china
2010-08-09,19:30:33,cz0ve,25,U.N. to return to Somalia after 17 Years,af.reuters.com,http://af.reuters.com/article/somaliaNews/idAFLDE6770CB20100808?pageNumber=2&virtualBrandChannel=0&sp=true
2010-08-09,13:57:07,cyy5q,28,Iran To Execute 18-Year-Old Ebrahim Hamidi On False Charge Of Sodomy,huffingtonpost.com,http://www.huffingtonpost.com/2010/08/08/iran-to-execute-18-year-o_n_674739.html
2010-08-10,07:35:22,cz8qy,26,Netanyahu Says Israel Won’t Allow Panel to Question Soldiers,businessweek.com,http://www.businessweek.com/news/2010-08-09/netanyahu-says-israel-won-t-allow-panel-to-question-soldiers.html
2010-08-09,23:02:15,cz2tu,21,This Is How It Feels to Be Under a Nuclear Attack (NSFW),gizmodo.com,http://gizmodo.com/5606053/this-it-how-it-feels-to-be-under-a-nuclear-attack
2010-08-09,19:25:14,cz0u8,24,"Admission by Admiral Mullen that the U.S. has plans to attack Iran to prevent that country from acquiring nuclear weapons, is being treated with the utmost seriousness in political, intelligence and military circles in Tehran.",juancole.com,http://www.juancole.com/2010/08/abedin-the-illusion-of-a-%E2%80%98limited-war%E2%80%99-against-iran.html
2010-08-09,19:39:59,cz0y5,22,"China's Warhol Gets Dirty: ""I hate the Chinese propaganda machine so much""",foreignpolicy.com,http://www.foreignpolicy.com/articles/2010/08/04/chinas_warhol_gets_dirty?page=full
2010-08-10,05:37:10,cz7h5,19,"
Discovering Narrative: The Value Of Ignorance - 
Top journalist, author of ""Black Hawk Down"", on learning the trade. ""You would be amazed at how much more a guy will tell you with a beer in his hand""
",niemanstoryboard.us,http://niemanstoryboard.us/2010/07/30/mark-bowden-at-mayborn-conference-on-black-hawk-down-and-writing-narrative/
2010-08-09,19:47:40,cz103,18,German police shut down the Hamburg mosque where the 9/11 hijackers met before their suicide attacks on the US in 2001,bbc.co.uk,http://www.bbc.co.uk/news/world-europe-10911542
2010-08-10,00:15:12,cz3qi,18,Germany's Justice Ministry says it is looking into the possibility of jailing an 88-year-old man more than 60 years after his conviction for Nazi war crimes in the Netherlands,jpost.com,http://www.jpost.com/International/Article.aspx?id=184175&reddit=wn
2010-08-09,21:12:21,cz1oy,18,No-frills hotels arrive in the UK (it's even extra for a clean room),independent.co.uk,http://www.independent.co.uk/travel/news-and-advice/nofrills-hotels-arrive-in-the-uk-its-even-extra-for-a-clean-room-2047374.html
2010-08-09,20:05:45,cz150,12,North Korea fires artillery off west coast.,news.yahoo.com,http://news.yahoo.com/s/ap/20100809/ap_on_re_as/as_koreas_tension
2010-08-10,05:36:56,cz7h1,16,Nasrallah has implicated Israel for the murder of the former Lebanese PM -- Among the material presented was what he described as Israeli reconaissance footage intercepted by Hezbollah of areas frequented by the former PM.,english.aljazeera.net,http://english.aljazeera.net/news/middleeast/2010/08/2010891991920480.html
2010-08-09,22:33:13,cz2hz,13, German mosque used by Sept. 11 attackers shut down,google.com,http://www.google.com/hostednews/ap/article/ALeqM5iHIt9JRwyOIxxcNucgE_z7JR9I4AD9HFUTV00
2010-08-10,03:36:35,cz60m,10,Oof. Groom accidentally kills 3 of his wedding guests.,edition.cnn.com,http://edition.cnn.com/2010/WORLD/europe/08/09/turkey.wedding.shooting/?hpt=T2#fbid=9vjQ41TkUU8&wom=false
2010-08-09,11:15:43,cywqj,13,Where Is the Taliban's Mullah Omar? - No one’s heard from the Taliban leader in almost nine years. Now his absence is exposing dangerous fault lines within the insurgency.,newsweek.com,http://www.newsweek.com/2010/08/08/this-mullah-omar-show.html?from=rss
2010-08-09,14:05:38,cyy8h,11,"The Haider Diaries - Austrian far-right populist Jörg Haider is once again dominating headlines in the country. Did he have secret accounts worth 45 million euros? If so, did the money come from Saddam Hussein? Or Moammar Gadhafi? A mysterious diary may provide the answers.",spiegel.de,"http://www.spiegel.de/international/europe/0,1518,710574,00.html"
2010-08-09,13:03:16,cyxpi,12,Nagasaki marks 65th anniversary of US atomic bomb,boston.com,http://www.boston.com/news/world/asia/articles/2010/08/08/nagasaki_marks_65th_anniversary_of_us_atomic_bomb/?rss_id=Boston.com+--+Latest+news
2010-08-09,21:21:26,cz1sa,9,"Colombian Mass Grave Of More Than 2000 May Be Civilian Trade Unionists, Not Military Casualties",alternet.org,http://www.alternet.org/rights/147728/colombian_mass_grave_of_more_than_2000_may_be_civilian_trade_unionists%2C_not_military_casualties
