2010-01-20,19:37:58,arvfv,1579,Haiti Struck By Major Earthquake for 2nd Time in 8 Days,earthquake.usgs.gov,http://earthquake.usgs.gov/earthquakes/recenteqsww/Quakes/us2010rsbb.php
2010-01-20,03:22:04,arkqj,1102,"We've all seen and heard reports of complaints that Americans were ""not letting the aid in,"" and now I understand why.",crooksandliars.com,http://crooksandliars.com/susie-madrak/were-doing-lot-haiti-very-small-airpo
2010-01-21,04:37:51,as2o5,149,"'The world does not welcome the White House’s Google' -- China has signalled a change of approach to the Google crisis, with state media describing the company’s threat to pull out of the country as a political conspiracy by the US government.",theglobeandmail.com,http://www.theglobeandmail.com/report-on-business/china-accuses-google-us-of-conspiracy/article1437960/
2010-01-21,05:17:41,as360,96,Air France may bar obese passengers from flights,news.bbc.co.uk,http://news.bbc.co.uk/1/hi/business/8471451.stm
2010-01-20,19:35:37,arvf4,38,Remember the guy who was jailed in the UK in December for hitting an intruder with a cricket bat? He's been freed by appeal. ,news.bbc.co.uk,http://news.bbc.co.uk/1/hi/england/beds/bucks/herts/8469850.stm
2010-01-21,05:35:27,as3e7,27,Israel 'pushing aid groups out' of Palestinian areas,timesonline.co.uk,http://www.timesonline.co.uk/tol/news/world/middle_east/article6995812.ece
2010-01-20,20:43:55,arw5t,25,"FBI arrests 22, US, UK and Israeli weapons dealers in a massive sting operation",google.com,http://www.google.com/hostednews/afp/article/ALeqM5hBpb2Ueij0yHrQb1cOXfXp-QcCIQ
2010-01-21,00:33:27,arz7z,27,Palestinian President proposes that the Obama administration negotiate the final borders of a Palestinian state with Israel,google.com,http://www.google.com/hostednews/canadianpress/article/ALeqM5iypnLCmF1h5XrJjT7_7sLqE1VZ6A
2010-01-20,13:25:56,arrkt,24,"""Iraq war illegal,"" Tony Blair aide said: 
Aide to British PM secretly warned Iraq war would be illegal in 2002.",telegraph.co.uk,http://www.telegraph.co.uk/news/worldnews/middleeast/iraq/7025672/Lord-Goldsmith-warned-ministers-that-Iraq-war-would-be-illegal.html
2010-01-20,21:37:25,arwrg,22,"How my father went from the prison of the shah to the prison of Khamenei. Right now, he is in solitary confinement in Evin prison in Tehran",foreignpolicy.com,http://www.foreignpolicy.com/articles/2010/01/19/revolutionary_ayatollah
2010-01-20,14:40:41,arsfy,22,One in a million: the girl in a tartan dress who symbolises the orphan crisis facing Haiti.,independent.co.uk,http://www.independent.co.uk/news/world/americas/one-in-a-million-the-girl-in-a-tartan-dress-who-symbolises-the-orphan-crisis-facing-haiti-1873147.html
2010-01-20,23:12:29,ary0i,22,"Two brothers, aged 10 and 12, tortured victims aged 9 and 11. Absolutely sick. [BBC News]",news.bbc.co.uk,http://news.bbc.co.uk/1/hi/england/south_yorkshire/8469424.stm
2010-01-20,17:32:21,aru6q,19,"The NHS in England provides better value for money than elsewhere in the UK, a research group's study suggests.",news.bbc.co.uk,http://news.bbc.co.uk/2/hi/health/8467655.stm
2010-01-20,11:38:41,arqf0,17,Chinese Communist Party: The Dictactorship of Talent,nytimes.com,http://www.nytimes.com/2007/12/04/opinion/04brooks.html?_r=1
2010-01-20,17:42:08,aruaw,16,China's Baidu sues U.S. company over cyber-attack,news.xinhuanet.com,http://news.xinhuanet.com/english2010/sci/2010-01/20/c_13144173.htm
2010-01-20,17:44:00,arubs,16,An MIT urban design expert explains why devastated cities are nearly always rebuilt — but why Haiti faces special challenges to reconstruction.,web.mit.edu,http://web.mit.edu/newsoffice/2010/3q-vale-haiti-0120.html
2010-01-20,21:50:59,arwxe,14,"Toronto Hydro admits it can't control stray voltage, asks residents to tread carefully lest they or their children are stung by electricity coursing below city sidewalks... wtf?!",network.nationalpost.com,http://network.nationalpost.com/np/blogs/toronto/archive/2010/01/19/toronto-hydro-admits-it-has-little-control-over-stray-voltage-tells-parents-to-watch-children.aspx
2010-01-21,02:17:32,as0s6,13,Mexico City to punish tweets on police checkpoints,guardian.co.uk,http://www.guardian.co.uk/world/feedarticle/8904867
2010-01-20,11:09:51,arq2f,11,Iran's political winds are shifting - Is the government on the verge of collapse?,latimes.com,"http://www.latimes.com/news/opinion/la-oe-athanasiadas17-2010jan17,0,4807270.story?track=rss"
2010-01-20,20:09:59,arvsb,10,6.1-magnitude earthquake hit Haiti Wednesday morning.,cnn.com,http://www.cnn.com/2010/WORLD/americas/01/20/haiti.earthquake/index.html?hpt=C1
2010-01-21,01:22:14,arzy9,10,Mother jailed for murdering brain-damaged son - this is fucked,uk.reuters.com,http://uk.reuters.com/article/idUKTRE60J3TE20100120
2010-01-21,05:44:40,as3ic,11,Olympic ski resort in Whistler seized by lenders!!!  To be auctioned off in the middle of the freakin Olympics!!,google.com,http://www.google.com/hostednews/canadianpress/article/ALeqM5hCQ6Mua1IrTHdOAFfPxayaiOPYqw
2010-01-20,23:11:16,arxzq,8,The New York Times is to make frequent readers pay to view their content. I wonder how long that will last?,nytimes.com,http://www.nytimes.com/2010/01/21/business/media/21times.html?hp&emc=na
2010-01-21,00:50:15,arzh8,8,UNICEF warns against rushing to adopt Haitian children.,unicef.org,http://www.unicef.org/infobycountry/haiti_52524.html
2010-01-20,13:12:49,arrf4,7,Tell CNN to stop hyping fears of violence in Haiti.  For shame. | Mediahacker,mediahacker.org,http://www.mediahacker.org/2010/01/tell-cnn-to-stop-hyping-fears-of-violence-in-haiti-for-shame/
2010-01-21,00:07:08,aryt7,5,Something seems odd about the SEED Emergency Housing Shipping Containers for Haiti...,coolhunting.com,http://www.coolhunting.com/archives/2010/01/seed_emergency.php
2010-01-21,02:51:58,as19j,7,"""we move light and fast...it's why we ignored the Red Cross and self deployed and why we are first responders to six day old wounds."" TEAM RUBICON in Haiti",badgerjake.blogspot.com,http://badgerjake.blogspot.com/2010/01/what-makes-team-rubicon-different.html
2010-01-21,04:07:44,as29l,6,"ANC's “Big Sell Out”: Embraced IMF-brokered Growth Employment And Redistribution. South Africa overtaken Brazil with gap between rich, poor. Gang of 40 armed men attacked Kennedy Road shack-dweller community. Police arrested not ANC attackers but 13 members of Kennedy Road Development Committee.",libcom.org,http://libcom.org/news/new-wave-repression-south-africa-20012010
2010-01-20,20:21:52,arvwj,4,Israeli military starts monitoring soldiers on Facebook,haaretz.com,http://haaretz.com/hasen/spages/1143897.html
2010-01-20,22:22:07,arxbz,6,Flights from Yemen to be banned in anti-terror move,timesonline.co.uk,http://www.timesonline.co.uk/tol/news/uk/article6995224.ece
