2010-11-30,10:06:09,ednr1,361,"Ecuador offers WikiLeak's founder Assange residency, no questions asked.",ottawacitizen.com,http://www.ottawacitizen.com/news/Ecuador offers WikiLeak founder Assange residency questions asked/3902251/story.html
2010-11-30,05:52:55,edjlx,280,Wikileaks cables reveal China 'ready to abandon North Korea',guardian.co.uk,http://www.guardian.co.uk/world/2010/nov/29/wikileaks-cables-china-reunified-korea
2010-11-30,23:06:25,edxah,271,"Jon Stewart on Saudi Arabia: ""...we give them money for oil, that allows them to buy weapons from us with a little left over to fund terrorist groups that we must then send our military over to fight, which costs a lot of money and fuel....""",huffingtonpost.com,http://www.huffingtonpost.com/2010/11/30/jon-stewart-wikileaks-_n_789677.html?ref=tw
2010-11-30,22:50:15,edx0u,113,"A retired French electrician living on the Riviera has stunned the art world and left Picasso's heirs in ""a state of shock"" after coming forward with 271 undocumented works of Picasso....",aolnews.com,http://www.aolnews.com/world/article/legal-fight-looms-over-staggering-picasso-find/19736212?test=latestnews
2010-11-30,10:57:07,edohp,91,WikiLeaks' Next Target: Assange hints that they may soon be going after the people who torpedoed the world economy,alternet.org,http://www.alternet.org/newsandviews/article/369573/wikileaks%27_next_target%3A_american_bank/#paragraph4
2010-12-01,01:31:48,edzpw,84,"Add Iran to the list of nations with more progressive drug policies than the US. And the evidence that their policies are working is ""overwhelming.""",opinionator.blogs.nytimes.com,http://opinionator.blogs.nytimes.com/2010/11/29/an-enlightened-exchange-in-iran/?hp
2010-11-30,19:59:16,edv45,70,"Wikileaks evades hackers' DDoS with shift to 
Amazon. The US government would not be able to 
remove the diplomatic cables from the internet by 
ordering Amazon to take down the Wikileaks pages 
- partly because the cables are not actually hosted 
there.",guardian.co.uk,http://www.guardian.co.uk/technology/2010/nov/29/wikileaks-amazon-ec2-ddos
2010-11-30,09:10:11,edmw5,67,"Harpers - Despite El-Masri’s protests that he was not al-Masri, he was beaten, stripped naked, shot full of drugs, given an enema and a diaper, and flown first to Baghdad and then to the notorious “salt pit,” the CIA’s secret interrogation facility in Afghanistan.",harpers.org,http://harpers.org/archive/2010/11/hbc-90007831
2010-12-01,00:58:48,edz57,65,China blocks access to WikiLeaks,computerworld.com,http://www.computerworld.com/s/article/9198578/China_blocks_access_to_WikiLeaks?source=CTWNLE_nlt_networking_2010-11-30
2010-12-01,02:02:11,ee0aj,63,"Chinese officials confirm that they want an ""independent and peaceful reunification of the Korean peninsula"" and cannot afford to give the North Korean regime the impression it has a blank cheque to act any way it wants.",guardian.co.uk,http://www.guardian.co.uk/world/2010/nov/30/china-wants-korean-reunification
2010-12-01,02:51:46,ee16r,51,"""Yes, I'm extremely dangerous for those who want to have instability in our region. I'm extremely dangerous for those who want to create new tensions,"" - Turkish Foreign Minister referring to Wikileaks disclosure..",news.smh.com.au,http://news.smh.com.au/breaking-news-world/turkish-foreign-minister-pokes-fun-at-leak-20101201-18fkp.html
2010-11-30,11:13:41,edoqi,45,Double Kill: Two Iranian nuclear scientists assassinated by passing motorcyclists who attached magnetic bombs to their cars.,youtube.com,http://www.youtube.com/watch?v=AeV0OGIR59E
2010-12-01,04:22:27,ee2wv,40,Nasa scientist who testified at the trial of 114 activists who planned to break into a coal plant near Nottingham says their anger was justified. ,guardian.co.uk,http://www.guardian.co.uk/environment/2010/nov/29/climate-change-activists-trespass-charges
2010-11-30,20:37:20,edvh6,42,WikiLeaks boss Assange refused protection by Australian government as full investigation launched,australiantimes.co.uk,http://www.australiantimes.co.uk/news/No-Aussie-refuge-for-WikiLeaks-boss-as-govt-checks-cable-by-cable
2010-11-30,22:21:18,edwmd,42,Cambridge University students refuse to abandon sit-in,bbc.co.uk,http://www.bbc.co.uk/news/uk-england-cambridgeshire-11866419
2010-11-30,15:17:23,edsdy,40,"China 'backs Korean reunification' and 'would not stop the North's collapse,' according to leaked cable",english.aljazeera.net,http://english.aljazeera.net/news/asia-pacific/2010/11/2010113034727624560.html
2010-11-30,21:11:04,edvt3,36,BBC News - Ecuador offers Wikileaks founder Assange residency,bbc.co.uk,http://www.bbc.co.uk/news/world-latin-america-11874911
2010-12-01,00:27:46,edym4,32,Will My Breasts Blow Up this Airplane?,project-syndicate.org,http://www.project-syndicate.org/commentary/wolf30/English
2010-11-30,21:28:47,edw0f,33,"Seoul, South Korea, prepares emergency shelters ""amidst mounting tensions"" in the Korean Peninsula",ndtv.com,http://www.ndtv.com/article/world/south-korea-prepares-emergency-shelters-69600
2010-11-30,13:52:59,edr8n,32,"Iran accuses West, Israel for assassinating nuclear scientist",news.xinhuanet.com,http://news.xinhuanet.com/english2010/world/2010-11/30/c_13627565.htm
2010-11-30,00:14:42,eddg1,26,"""North Korea is a very dangerous country . . . It's like having a rattlesnake living in the corner of your living room. You don't want to go over and mess with it; but at the same time, you're not sure how to get rid of it.""",omaha.com,http://www.omaha.com/article/20101128/NEWS01/711289876/100385
2010-11-30,16:40:31,edt9n,28,Iran admits that the Stuxnet virus caused damage to their nuclear program,guardian.co.uk,http://www.guardian.co.uk/world/2010/nov/29/iranian-nuclear-scientists-attack-claims?updated
2010-12-01,00:04:57,edy83,27,"South Korean defense minister Kim Tae-young on why the South's retaliation was delayed 13 minutes and not forceful enough, ""This isn't StarCraft.""",gizmodo.com,http://gizmodo.com/5701402/south-korean-politician-on-korean-crisis-this-isnt-starcraft
2010-11-30,20:04:11,edv5q,23,Wikileaks Cablegate: Brazil frames suspected terrorists on narcotics charges,cablegate.wikileaks.org,http://cablegate.wikileaks.org/articles/2010/Cablegate-Brazil-frames-suspected.html?reddit
2010-11-30,09:02:08,edmr8,22,"Obama to Slovenia: ""I'll talk to you for 20 minutes, but only if you take these prisoners off my hands.""  You know you're a crappy country when you have to negotiate to even *talk* to the president, let alone get concessions.",nytimes.com,http://www.nytimes.com/2010/11/30/world/americas/30gitmo.html?hp
2010-11-30,10:52:15,edof2,19,The leaks as seen from France,newyorker.com,http://www.newyorker.com/online/blogs/movies/2010/11/wikileaks-as-seen-from-france.html
2010-12-01,07:32:42,ee66m,19,"A recent report  estimated that by 2030, 70 percent of India’s jobs would be created in cities, and about 590 million Indians would live in them. To provide enough housing and commercial space, it said, India must build the equivalent of the city of Chicago every year.",nytimes.com,http://www.nytimes.com/2010/12/01/world/asia/01delhi.html?_r=1&src=twr
2010-11-30,11:46:56,edp6h,16,Ecuador opening its doors to Wikileaks Julian Assange!,ottawacitizen.com,http://www.ottawacitizen.com/news/Ecuador+offers+WikiLeak+founder+Assange+residency+questions+asked/3902251/story.html
2010-11-30,21:25:53,edvz8,16,"Student protesters have fled into St James Park to avoid the risk of police ""kettling"".",guardian.co.uk,http://www.guardian.co.uk/education/blog/2010/nov/30/student-protests-live-coverage
2010-11-30,08:33:52,edmaw,15,WikiLeaks says Iran's Supreme Leader has terminal cancer,reuters.com,http://www.reuters.com/article/idUSTRE6AS1KS20101129
