2010-01-15,10:27:26,apt24,1558,"""It never ceases to amaze me that in times of amazing human suffering somebody says something that can be so utterly stupid,"" White House spokesman Robert Gibbs said about Pat Robertson's Haiti Remarks",news.yahoo.com,http://news.yahoo.com/s/ap/us_haiti_pat_robertson
2010-01-15,23:32:56,aq11w,658,"Researchers confirm that the Chinese goverment was behind the attack on Google. ""the government of China has been engaged for months in a massive campaign of industrial espionage against US companies.""",arstechnica.com,http://arstechnica.com/security/news/2010/01/researchers-identify-command-servers-behind-google-attack.ars?utm_source=rss&utm_medium=rss&utm_campaign=rss#
2010-01-15,03:30:25,apoho,354,Haiti 48 hours later - The Big Picture,boston.com,http://www.boston.com/bigpicture/2010/01/haiti_48_hours_later.html
2010-01-15,06:27:45,apqnb,285,"Political Massacre of 57 people in the Philippines: “He shot the victims as soon as they were brought to him. They were on their knees, crying and shouting for mercy.” Those killed included 30 reporters and news media workers.  ",nytimes.com,http://www.nytimes.com/2010/01/14/world/asia/14massacre.html
2010-01-16,00:50:06,aq248,244,David Nutt - the sacked drugs panel chief - start own Independent Scientific Committee on Drugs to rival governments own panel.,guardian.co.uk,http://www.guardian.co.uk/society/2010/jan/15/david-nutt-drugs-independent-committee
2010-01-16,01:04:29,aq2c7,115,"OiNK Admin Found Not Guilty, Walks Free",torrentfreak.com,http://torrentfreak.com/oink-admin-found-not-guilty-walks-free-100115/
2010-01-16,05:49:56,aq5xm,113,Naomi Klein: don't let the disaster capitalists exploit the Haiti disaster. Countries in periods of extreme crisis are desperate for any kind of aid and are not in a position to negotiate fairly the terms of that exchange.,crooksandliars.com,http://crooksandliars.com/susie-madrak/naomi-klein-dont-let-disaster-capital
2010-01-15,19:51:17,apynb,89,Remember that 'woman warned by UK police for carrying a knife in her own home' story? Guess what - it's not quite as simple as that!,guardian.co.uk,http://www.guardian.co.uk/lifeandstyle/lostinshowbiz/2010/jan/15/myleene-klass-marina-hyde
2010-01-15,21:43:45,apzpm,84,"Chinese human rights activist, Feng Zhenghu, has been camping out, sleeping on a bench and surviving on handouts at the Narita International Airport in Japan since Nov. 4, 2009.",csmonitor.com,http://www.csmonitor.com/Commentary/Opinion/2010/0113/How-exile-Feng-Zhenghu-is-taking-on-China-s-bullying-from-an-airport
2010-01-15,19:09:05,apyac,78,"Haiti ""apocalypse"": ""More doctors, fewer journalists"" man yelled angrily at a foreign media crew. Gunfire is echoing across the capital, as survivors endure a third night on the streets with little food, water or medical supplies",abc.net.au,http://www.abc.net.au/news/stories/2010/01/15/2793719.htm?section=justin
2010-01-15,07:37:02,aprc8,63,Google agrees to take down Encyclopedia Dramatica link to page about Aboriginals.,smh.com.au,http://www.smh.com.au/technology/technology-news/google-agree-to-take-down-racist-site-20100115-maxd.html
2010-01-15,03:38:03,apolg,27,"Canadians, donate money to help in Haiti and your government will match your contribution!",acdi-cida.gc.ca,http://www.acdi-cida.gc.ca/acdi-cida/ACDI-CIDA.nsf/eng/CEC-11475659-H7P
2010-01-15,20:52:52,apz77,25,"How Haiti, the most profitable French colony, became such a desperate and destitute country.",harpers.org,http://harpers.org/archive/2010/01/hbc-90006353
2010-01-16,03:03:54,aq3vb,21,Finland aims to eliminate smoking,cbc.ca,http://www.cbc.ca/health/story/2010/01/15/smoking-finland.html?ref=rss
2010-01-15,11:16:08,aptkc,18,10 Satellite Photos of Haiti Before and After the Earthquake ,wired.com,http://www.wired.com/wiredscience/2010/01/satellite-photos-of-haiti-before-and-after-the-earthquake/
2010-01-15,22:27:35,aq07t,14,"Uganda president slows anti-gay bill - President Museveni urges caution on controversial bill, citing foreign policy",globalpost.com,http://www.globalpost.com/dispatch/africa/100114/uganda-anti-gay-bill-museveni
2010-01-15,20:08:26,apyt9,12,Japan Ends Naval Support for Afghan War,nytimes.com,http://www.nytimes.com/2010/01/16/world/asia/16japan.html
2010-01-16,05:23:06,aq5m9,13,JP Morgan's $9bn payout stokes bonus fury ,guardian.co.uk,http://www.guardian.co.uk/business/2010/jan/15/jp-morgan-bonuses-profits-rise
2010-01-15,10:21:39,apszd,10,Revealed: The ghost fleet of the recession anchored just east of Singapore,dailymail.co.uk,http://www.dailymail.co.uk/home/moslive/article-1212013/Revealed-The-ghost-fleet-recession-anchored-just-east-Singapore.html?reddit
2010-01-15,10:14:40,apswl,10,"Ecuador: ""We are drawing up an inventory of all the unproductive private lands to distribute – around one and a half million hectares. This is why they are desperate to destabilise us so quickly. With an unequal distribution of income, price represents not the intensity of preference.""",links.org.au,http://links.org.au/node/1460
2010-01-15,20:10:07,apyts,11,Belgium beer dispute hits supply of Stella Artois,news.bbc.co.uk,http://news.bbc.co.uk/2/hi/europe/8460815.stm
2010-01-15,18:20:16,apxv2,9,Mongolia to abolish the death penalty,timesonline.co.uk,http://www.timesonline.co.uk/tol/news/world/asia/article6989156.ece
2010-01-16,03:13:33,aq40j,6,Zionism & Israeli 'State Terrorism' - Political Third Rail or Long Overdue Debate?,bradblog.com,http://www.bradblog.com/?p=7640
2010-01-16,04:02:05,aq4p7,7,The U.N.’s World Health Organization Wants a Tax on the Internet.,foxnews.com,"http://www.foxnews.com/story/0,2933,583127,00.html"
2010-01-15,19:42:32,apyl3,8,"It looks like some Haitians did have a pact with the Devil, after all.",alternet.org,http://www.alternet.org/world/145183/haiti_didn%27t_become_a_poor_nation_all_on_its_own_--_the_u.s%27s_hidden_role_in_the_disaster?utm_source=feedblitz&utm_medium=FeedBlitzRss&utm_campaign=alternet
2010-01-15,17:30:17,apxe5,7,"""They are starting to block the roads with bodies. It's getting ugly out there. People are fed up with getting no help,"" he told Reuters.",independent.co.uk,http://www.independent.co.uk/news/world/americas/anger-as-bottlenecks-hamper-haiti-aid-1868787.html
2010-01-15,13:25:10,apuwv,5,Desperate Haitians set up roadblocks with corpses in Port-au-Prince to demand quicker relief efforts. ,reuters.com,http://www.reuters.com/article/idUSTRE60B5IZ20100115?feedType=RSS&feedName=topNews&utm_source=feedburner&utm_medium=feed&utm_campaign=Feed:%20reuters/topNews%20(News%20/%20US%20/%20Top%20News)&utm_content=Google%20Feedfetcher
2010-01-15,11:59:10,aptzf,5,"Is Al-Qaeda winning? ""US loss of deterrence and prestige as well as trillions of dollars of military and other expenditures, al-Qaeda's top leadership remains at large; its bases/cells proliferate globally; that volunteers continue to flock into its ranks""",blogs.aljazeera.net,http://blogs.aljazeera.net/imperium/2010/01/14/al-qaeda-winning
2010-01-16,01:24:06,aq2lo,7,For anyone who wants to read a brief history of Haiti: here it is.,foreignpolicy.com,http://www.foreignpolicy.com/articles/2010/01/14/the_unluckiest_country
2010-01-15,22:45:38,aq0ez,6,"Haiti, inmates flee cells of ruined prison",ac360.blogs.cnn.com,http://ac360.blogs.cnn.com/2010/01/15/video-haitian-prison-destroyed/
