2010-11-01,22:14:08,dzi0j,1250,"Australian man saves woman from an attacking Great White by grabbing its tail. As the girl started to sink to the bottom, he grabbed her and brought her to the surface and on board the boat",bbc.co.uk,http://www.bbc.co.uk/news/world-asia-pacific-11664360
2010-11-01,20:12:07,dzgfp,160,The Danish People’s Party is looking to ban al-Jazeera and al-Arabiya. Experts says other stations are worse.,politiken.dk,http://politiken.dk/newsinenglish/ECE1098559/dpp-insists-on-call-for-arabic-tv-ban-/
2010-11-01,19:14:36,dzfxq,157,Israel's Labour party threatens to leave coalition - A senior Labour Cabinet minister has insisted that his party will leave Benjamin Netanyahu's coalition government unless the Prime Minister takes the steps necessary to resume direct peace talks with the Palestinians. ,independent.co.uk,http://www.independent.co.uk/news/world/middle-east/israels-labour-party-threatens-to-leave-coalition-2122088.html
2010-11-01,22:22:48,dzi4a,136,Surrey woman jailed for false rape claim,bbc.co.uk,http://www.bbc.co.uk/news/uk-england-surrey-11665198
2010-11-01,18:15:29,dzfh7,111,"Study: Alcohol 'most harmful drug,' followed by crack and heroin - CNN.com",cnn.com,http://www.cnn.com/2010/HEALTH/11/01/alcohol.harm/
2010-11-01,17:56:38,dzfb8,82,"The loneliest shop in the world - Mulka Store, in Australian outback. Only shop in 70,000 square miles. Run by ex-policeman turned anthropologist. Fine stock of medieval armour. Best selection of duelling pistols outside Europe",allkindsofhistory.wordpress.com,http://allkindsofhistory.wordpress.com/2010/10/30/the-loneliest-shop-in-the-world-2/
2010-11-01,22:22:36,dzi49,78,Internet users in China will soon be required to reveal their identities before they surf the web. ,futuregov.asia,http://www.futuregov.asia/articles/2010/oct/22/chinas-real-name-register-targets-improper-web-use/
2010-11-01,18:38:07,dzfoi,64,"""Exterminate Iraqi Christians"": 52 hostages and police were killed when security forces raided a Baghdad church to free more than 100 Iraqi Catholics held by al-Qaida",msnbc.msn.com,http://www.msnbc.msn.com/id/39945190/ns/world_news-mideastn_africa/
2010-11-02,06:45:03,dzqgk,59,Baghdad Catholic Massacre: Death Toll Reaches 58 (Photos / Video),examiner.com,"http://www.examiner.com/geopolitics-in-national/baghdad-catholic-massacre-death-toll-reaches-58?sms_ss=reddit&at_xt=4ccf42d6eaf65b48,0"
2010-11-01,19:58:42,dzgaq,39,UK Gov to force ISPs to police content,techeye.net,http://www.techeye.net/internet/uk-government-wants-isps-to-be-its-content-cops
2010-11-01,21:13:08,dzh4t,38,"2,000 rally in Moscow, demand freedom of assembly",washingtonpost.com,http://www.washingtonpost.com/wp-dyn/content/article/2010/10/31/AR2010103102294.html
2010-11-01,23:04:39,dzirw,37,Israeli soldier jailed over Palestinian prisoner photo,bbc.co.uk,http://www.bbc.co.uk/news/world-middle-east-11664021
2010-11-01,21:15:05,dzh5l,21,Cluster bomb ban begins to work with stockpiles already being destroyed.,bbc.co.uk,http://www.bbc.co.uk/news/world-asia-pacific-11663612
2010-11-01,11:38:37,dzbsw,19,Sex abuse victims march in Rome,abc.net.au,http://www.abc.net.au/news/stories/2010/11/01/3053610.htm
2010-11-01,23:34:23,dzj9h,17,"Just how bad is the Conservative government in Canada - ""A federal agency that oversees scientific research in polar areas, including work on climate change, has been left leaderless for more than two years by the Harper government.""",theglobeandmail.com,http://www.theglobeandmail.com/news/national/key-northern-agency-has-not-had-a-board-or-a-president-since-2008/article1780010/
2010-11-02,01:25:58,dzl9t,18,"Foreign-Funded U.S. Chamber Of Commerce 
Advocates For Weakening Law Against Bribing 
Foreign Governments",thinkprogress.org,http://thinkprogress.org/2010/10/28/foreign-funded-chamber-corruption/
2010-11-02,01:07:57,dzky3,15,'Jesus had HIV' sermon sparks South African fury,bbc.co.uk,http://www.bbc.co.uk/news/world-africa-11575773
2010-11-02,04:10:43,dzo31,14,How digital technology gets the news out of North Korea,itworld.com,http://www.itworld.com/personal-tech/125972/how-digital-technology-gets-news-out-north-korea
2010-11-01,13:11:07,dzcv8,15,How California's Pot Proposition is Agitating Latin America - TIME,time.com,"http://www.time.com/time/world/article/0,8599,2028383,00.html"
2010-11-01,10:07:56,dzaqc,13,"""Canada's Omar Khadr has been sentenced to 40 years behind bars for his war crimes, but will be free in eight because of a plea deal.""",torontosun.com,http://www.torontosun.com/news/canada/2010/10/31/15897686.html
2010-11-01,21:02:32,dzgzj,11,Mujercito the Cat Leads Chilean Internet Revolution,urlesque.com,http://www.urlesque.com/2010/11/01/mujercito-cat-chilean-internet-revolution/
2010-11-01,21:10:51,dzh3j,13,Evacuees cringed and fled for cover Monday as an erupting volcano — one of 22 showing increased activity in Indonesia — let loose booming explosions of hot gas and debris in its most powerful blast in a deadly week,chron.com,http://www.chron.com/disp/story.mpl/ap/top/all/7273185.html
2010-11-01,23:04:39,dziru,9,"HRW: The Kimberley Process should not allow the export of further shipments of diamonds from Marange until there is meaningful progress to end smuggling and abuses by the army. Without these kinds of reforms, international consumers risk purchasing ""blood diamonds.""",hrw.org,http://www.hrw.org/en/news/2010/10/29/kimberley-process-demand-end-abuses-diamond-trade
2010-11-01,08:20:57,dz9du,11,Sacked UK drugs adviser David Nutt in new report: Alcohol more harmful than heroin or crack,guardian.co.uk,http://www.guardian.co.uk/society/2010/nov/01/alcohol-more-harmful-than-heroin-crack
2010-11-01,08:46:50,dz9oc,10,"""Intelligence that helped cracked the ink bomb plot may have come from a leading member of al-Qaeda in the Arabian Peninsular who turned himself in.""",telegraph.co.uk,http://www.telegraph.co.uk/news/uknews/terrorism-in-the-uk/8100788/Ink-bomb-intelligence-came-from-the-Middle-East.html
2010-11-01,13:34:20,dzd3f,8,British police issued with 300page handbook to deal with unruly witches and ghouls (atheists even get a 9 page entry!),couriermail.com.au,http://www.couriermail.com.au/entertainment/weird/cops-get-handbook-for-dealing-with-unruly-witches-at-halloween/story-e6frep26-1225945851469
2010-11-01,13:11:08,dzcv9,7,Indonesia volcano erupts again,edition.cnn.com,http://edition.cnn.com/2010/WORLD/asiapcf/11/01/indonesia.volcano.erupts/index.html?hpt=T1
2010-11-01,09:11:14,dz9zu,6,"Broder: ‘As We Accelerate Preparations For War [With Iran], The Economy Will Improve’",thinkprogress.org,http://thinkprogress.org/2010/10/31/broder-war-iran/
2010-11-01,10:11:35,dzas8,7,Forty planes and six armoured cars: Obama visit to India the 'biggest ever by a US President',dailymail.co.uk,http://www.dailymail.co.uk/news/worldnews/article-1325075/Obama-India-visit-Biggest-US-President-40-planes-6-armoured-cars.html
2010-11-01,21:40:33,dzhij,5, Josef Fritzl 'dreams of being freed to care for wife',bbc.co.uk,http://www.bbc.co.uk/news/world-europe-11665520
