2010-05-31,12:07:30,c9rvt,2253,"BREAKING: Israel attacks aid flotilla in international waters – at least 2 people murdered, 30 injured",mondoweiss.net,http://mondoweiss.net/2010/05/israeli-ships-bear-down-on-freedom-flotilla-in-the-dark.html
2010-05-31,18:12:17,c9ugg,887,"Youtube video of the aid flotilla attack: Clearly shows gunfire and civilian casualties BEFORE Israeli troops board, despite Israeli claims of self-defence.",youtube.com,http://www.youtube.com/watch?v=pn-l_JltCB4
2010-05-31,22:09:49,c9w12,509,"Nick Clegg, UK Deputy PM (Dec 22, 2009) : ""Lift the Gaza blockade. The suffering is shocking. And nobody will benefit from the radicalism that confinement engenders.""",guardian.co.uk,http://www.guardian.co.uk/commentisfree/2009/dec/22/lift-the-gaza-blocade-nick-clegg
2010-05-31,03:10:23,c9o5f,415,"Imagine a country where your mobile phone is taken from you at the airport with no explanation or apology, where there's no access to the internet, where your minders watch every move and you're reported if you try to leave your hotel alone. And football is a state secret...",news.bbc.co.uk,http://news.bbc.co.uk/1/hi/programmes/from_our_own_correspondent/8711355.stm
2010-05-31,16:38:13,c9tus,128,"Israeli commandos kill 16 Free Gaza activists in international waters, wound at least 60 others",aljazeera.com,http://aljazeera.com/news/articles/34/Israeli-Massacres-Go-International-Commandos-Kill.html
2010-05-31,22:17:27,c9w39,124,"President of Germany resigns for this remarks he made during a surprise visit to Afghanistan: ""Military deployments are necessary in an emergency to protect our interests, for example, when it comes to trade routes""",nytimes.com,http://www.nytimes.com/2010/06/01/world/europe/01germany.html
2010-06-01,01:59:04,c9y87,101,Turkey threatens action; Israel on alert,ibnlive.in.com,http://ibnlive.in.com/news/turkey-threatens-action-israel-on-alert/116743-2.html
2010-05-31,13:16:53,c9sdy,90,Israel attacks Gaza aid fleet,english.aljazeera.net,http://english.aljazeera.net/news/middleeast/2010/05/201053133047995359.html
2010-06-01,01:47:06,c9y37,88,"Helium balloons float propaganda, DVD's, money, and small radios into North Korea",cnn.com,http://www.cnn.com/2010/WORLD/asiapcf/05/31/south.korea.message/index.html
2010-06-01,00:04:19,c9x4f,79,China issues new rules banning evidence obtained through torture in death penalty cases,cbc.ca,http://www.cbc.ca/cp/world/i33959.html
2010-05-31,19:59:59,c9v2v,72,"State of alert throughout Israel. ""Brink of war or new Intifada""",asianews.it,http://www.asianews.it/news-en/State-of-alert-throughout-Israel.-Brink-of-war-or-new-Intifada-18551.html
2010-05-31,21:54:11,c9vwc,65,"Israel defending the indefensible: ""The Israeli military's justification that its soldiers were lynched and hence were defending themselves adds insult to death.""",blogs.aljazeera.net,http://blogs.aljazeera.net/imperium/2010/05/31/israel-defending-indefensible
2010-05-31,14:14:22,c9su0,59,"Report: Israel attacks Gaza flotilla, 10 die",msnbc.msn.com,http://www.msnbc.msn.com/id/37423584/ns/world_news-mideastn_africa/
2010-05-31,13:53:45,c9sny,45,Protesters try to storm Israeli consulate in Turkey ,haaretz.com,http://www.haaretz.com/news/diplomacy-defense/protesters-try-to-storm-israeli-consulate-in-turkey-1.293172
2010-06-01,03:42:12,c9z76,43,Close-Up Footage of Mavi Marmara Passengers Attacking IDF Soldiers,youtube.com,http://www.youtube.com/watch?v=0IHb8VeV46M
2010-06-01,00:16:34,c9x8z,33,Japan plans to build robot moon base by 2020,physorg.com,http://www.physorg.com/news194274570.html
2010-06-01,06:55:08,ca0wz,30,Turkey: Future Gaza Aid Ships Will Have Military Escorts,news.antiwar.com,http://news.antiwar.com/2010/05/31/turkey-future-gaza-aid-ships-will-have-military-escorts/
2010-05-31,18:22:56,c9uik,27,As she asked him about fuel prices he suddenly poured petrol over her from a jug he was holding. He then set her alight,bbc.co.uk,http://www.bbc.co.uk/blogs/adamcurtis/2010/05/kabul_city_number_one_part_9.html
2010-05-31,10:06:33,c9r21,31,Nigeria's Agony Dwarfs the Gulf Oil Spill. The US and Europe Ignore It,commondreams.org,http://www.commondreams.org/headline/2010/05/30-0
2010-06-01,01:05:54,c9xpn,29,French President Sarkozy said Africa should be given a permanent seat on the United Nations Security Council: Lack of representation on the peacekeeping body is “unacceptable”,bloomberg.com,http://www.bloomberg.com/apps/news?pid=20601116&sid=aitEnuqR_1Zs
2010-06-01,06:53:40,ca0wl,18,No weapons on stormed Turkish ship: Report,canada.com,http://www.canada.com/saskatoonstarphoenix/weapons+stormed+Turkish+ship+Report/3092005/story.html
2010-06-01,02:03:32,c9y9u,17,"Former German Foreign Minister: ""How many bailouts will the people of the Western democracies tolerate before the crisis of the global financial system turns into a crisis of Western democracy? The answer is clear: not many more.""",project-syndicate.org,http://www.project-syndicate.org/commentary/fischer51/English
2010-06-01,00:27:38,c9xcz,16,New Zealand animal welfare advisors think animals may experience pain if their throat is cut and they bleed to death without being stunned...,odt.co.nz,http://www.odt.co.nz/news/politics/108181/minister-denies-nz-jews-a-kosher-kill
2010-05-31,09:25:51,c9qsk,14,"Al-Jazeera anchorwomen resign over being accused of not dressing ""conservatively"" enough",news.com.au,http://www.news.com.au/world/women-al-jazeera-journalists-quit-in-dress-code-row/story-e6frfkyi-1225873272327
2010-05-31,10:54:42,c9rdn,15,Much Of China's And India's Fresh Water Now Tainted By Pollution And Largely Unusable,bloomberg.com,http://www.bloomberg.com/apps/news?pid=20601091&sid=aEXJGSTKt.iM
2010-05-31,21:35:44,c9vqn,14,"Controversy Over Afghanistan Remarks - German President Horst Köhler Resigns, Rejects claims that he favored German military missions to secure economic interests",spiegel.de,"http://www.spiegel.de/international/germany/0,1518,697785,00.html"
2010-05-31,20:50:25,c9vei,14,Did Twitter censor the #flotilla hashtag following the Israel attack? - No.| guardian.co.uk,guardian.co.uk,http://www.guardian.co.uk/technology/blog/2010/may/31/twitter-censoring-flotilla-questions
2010-05-31,23:21:03,c9wpm,11,Customs officials at the Port of Antalya have denied Israeli claims that weapons were detected on a ship taking humanitarian aid to Gaza that took off from Antalya on Sunday.,todayszaman.com,http://www.todayszaman.com/tz-web/news-211621-no-guns-aboard-gaza-humanitarian-aid-ships.html
2010-06-01,04:05:38,c9zfh,12,"At least 15 people were killed when the Israeli military stormed a flotilla carrying pro-Palestinian activists on Monday. In addition to being a human tragedy, it is also a political catastrophe for Israel. It has provided its critics around the world with fresh ammunition.",spiegel.de,"http://www.spiegel.de/international/world/0,1518,697834,00.html"
2010-05-31,14:29:23,c9syb,12,The English Defence League has become the most significant far-right street movement since the National Front. [disturbing 12-min. VIDEO],guardian.co.uk,http://www.guardian.co.uk/uk/video/2010/may/28/english-defence-league-uncovered
