2010-10-24,19:53:11,dvma6,973,"Albanian Muslims saved 2,000 Jews during World War II because of a code of faith and honor called ""Besa""",religion.blogs.cnn.com,http://religion.blogs.cnn.com/2010/10/22/exhibit-albanian-muslims-saved-jews-from-nazis/?hpt=C2
2010-10-24,11:12:24,dvil2,874,Wikileaks: UN calls for US to investigate torture claims revealed in leaked reports - The United Nations has called for the US to investigate whether its officials knew about alleged torture and other ill-treatment of detainees held by Iraqi security forces.,telegraph.co.uk,http://www.telegraph.co.uk/news/worldnews/middleeast/iraq/8082544/Wikileaks-UN-calls-for-US-to-investigate-torture-claims-revealed-in-leaked-reports.html
2010-10-24,23:06:51,dvngs,316,Explicit sex books help drop Uganda's HIV rate. Local authors tell it like it is.,news.bbc.co.uk,http://news.bbc.co.uk/2/hi/programmes/from_our_own_correspondent/9117296.stm
2010-10-24,02:51:11,dvdnk,290,"What did Ireland get wrong, Rupert? For the past decade Dublin has followed all the advice proffered by neoliberal economists and wealthy businessmen like Murdoch.",blogs.independent.co.uk,http://blogs.independent.co.uk/2010/10/22/what-did-ireland-get-wrong-rupert/
2010-10-24,11:25:21,dviol,255,"Military privatisation running amok: A convoy of Blackwater guards shot up a civilian Iraqi vehicle, then fired shots over the heads of a group of US soldiers before speeding away in their armoured truck. When the dust cleared, the Iraqi driver was dead and his wife and daughter were injured...",guardian.co.uk,http://www.guardian.co.uk/commentisfree/cifamerica/2010/oct/23/iraq-war-logs-us-military
2010-10-24,20:39:08,dvmhx,160,98% of the funds donated to Netanyahu came from abroad,ynetnews.com,"http://www.ynetnews.com/articles/0,7340,L-3973366,00.html"
2010-10-25,05:42:34,dvrgs,161,"Outrage, Applause, Indifference - US Reacts to WikiLeaks Iraq Documents",spiegel.de,"http://www.spiegel.de/international/world/0,1518,724974,00.html"
2010-10-25,05:13:02,dvr5d,117,Israelis fired 308 bullets at Gaza bound aid ship ,irishtimes.com,http://www.irishtimes.com/newspaper/breaking/2010/1024/breaking11.html
2010-10-25,01:27:49,dvop0,71,"WikiLeaks Iraq war logs: Nick Clegg calls for investigation of abuse claims - Any suggestions that the rules of war have been broken or torture condoned are 'extremely serious', says deputy PM.",guardian.co.uk,http://www.guardian.co.uk/world/2010/oct/24/iraq-war-logs-nick-clegg
2010-10-24,13:48:10,dvjzb,43,"Apache helicopter (""Crazy Horse 18"") fired missiles at two ""bongo trucks"", killing 6 people and wounding one: ""Well, it's their fault for bringing their kids to a battle,"" joked a pilot after hearing that a young girl was among his victims",english.aljazeera.net,http://english.aljazeera.net/indepth/spotlight/2010/10/20101022165819333616.html
2010-10-24,09:02:01,dvhfb,42,"Iran has been giving Hamid Karzai bags, literally plastic bags, stuffed full of cash.",nytimes.com,http://www.nytimes.com/2010/10/24/world/asia/24afghan.html?hp
2010-10-25,07:59:11,dvt1j,39,"Islamophobia Spawns Crooked, Multi-Million Dollar Industry To Capitalize On Hyped-Up Fear",tennessean.com,http://www.tennessean.com/article/D4/20101024/NEWS01/101023018/Group+paid+to+research+Muslim+threats+finds+eager+audience+in+mosque+opponents
2010-10-25,02:19:47,dvp8f,37,"The Secret Iraq Files: Al Jazeera has obtained access to almost 400,000 classified American documents. Torture, claims of murder at the checkpoint - revelations that make a mockery of the rules of combat. This special programme reveals the truth about the war in Iraq",youtube.com,http://www.youtube.com/watch?v=pU718vXkrwY
2010-10-25,07:56:06,dvt09,31,A Birthday Party Is The Latest Site Of Bloodshed In Ciudad Juarez. Article Includes Picture Of The Carnage Cleanup Effort.,washingtonpost.com,http://www.washingtonpost.com/wp-dyn/content/article/2010/10/23/AR2010102303506.html
2010-10-24,22:52:18,dvncp,29,Wikileaks’ Iraq War Logs: Torture Widespread in Iraqi Detention Facilities,zeroanthropology.net,http://zeroanthropology.net/2010/10/24/wikileaks-iraq-war-logs-torture-widespread-in-iraqi-detention-facilities/
2010-10-25,00:12:46,dvo0n,21,The new slaves: Children forced to work as farm labourers,independent.co.uk,http://www.independent.co.uk/news/uk/home-news/the-new-slaves-children-forced-to-work-as-farm-labourers-2115115.html
2010-10-25,02:12:29,dvp5h,16,"Haiti cholera epidemic hits capital 
",telegraph.co.uk,http://www.telegraph.co.uk/news/worldnews/centralamericaandthecaribbean/haiti/8083983/Haiti-cholera-epidemic-hits-capital.html
2010-10-25,06:27:14,dvrz6,14,How China's Censor Machine Works,newmatilda.com,http://newmatilda.com/2010/10/21/how-machinery-censorship-works
2010-10-24,11:02:42,dvihh,16,Julian Assange awarded Sam Adams Award for Integrity,craigmurray.org.uk,http://www.craigmurray.org.uk/archives/2010/10/julian_assange_2.html
2010-10-25,07:20:15,dvsk9,13,Taiwanese woman 'will marry herself due to social pressure',metro.co.uk,http://www.metro.co.uk/weird/844933-taiwanese-woman-will-marry-herself
2010-10-25,02:21:02,dvp90,14,Rubbish riots in Naples (with fireworks!),bbc.co.uk,http://www.bbc.co.uk/news/world-europe-11615969
2010-10-24,22:36:19,dvn8n,7,Mexico: 13 dead in massacre at Ciudad Juarez party,android.usatoday.mlogic.mobi,http://android.usatoday.mlogic.mobi/detail.jsp?key=2131679&amp;rc=news
2010-10-24,08:40:48,dvh8q,6,"China manipulates currency value, world responds by promising not to retaliate.",bloomberg.com,http://www.bloomberg.com/news/2010-10-23/g-20-pledge-to-avoid-competitive-devaluations-endorse-market-driven-rates.html
2010-10-24,10:24:47,dvi5d,7,France: The movement is far from over; Olivier Besancenot defends mass mobilisations to defeat Sarkozy,links.org.au,http://links.org.au/node/1956
2010-10-25,04:55:00,dvqy1,7,Iraqi PM personally ran secret army squad,rawstory.com,http://www.rawstory.com/rs/2010/10/iraqi-pm-ran-secret-army-squad/
2010-10-24,14:10:15,dvk67,5,Angelina Jolie's controversial film divides Bosnian rape victims,guardian.co.uk,http://www.guardian.co.uk/world/2010/oct/23/angelina-jolie-bosnia-serbian-rape-camps
2010-10-25,01:48:40,dvovw,5,"‘Zero-Sum World’ - Western ideology of democracy, free markets, technology, globalisation, underwritten by US hard power, has hit a wall. Nations reverting to zero-sum, beggar-my-neighbour, foreign policies. Bleak, while it lasts",ft.com,http://www.ft.com/cms/s/2/bcfb2d80-dd62-11df-beb7-00144feabdc0.html
2010-10-24,10:44:27,dvib7,3,"For the first time, a UK teacher has banned for life for being useless.",dailymail.co.uk,http://www.dailymail.co.uk/news/article-1322989/The-teacher-banned-life-useless.html
2010-10-24,08:50:10,dvhbv,7,Gaza hardliners launch arson attack on family leisure park : Hamas government is accused of turning a blind eye to crackdown on behaviour in the city by Islamic extremists,guardian.co.uk,http://www.guardian.co.uk/world/2010/oct/24/gaza-theme-park-attack-arson
2010-10-24,11:04:14,dviia,3,First cases of cholera detected in Haiti's capital,bbc.co.uk,http://www.bbc.co.uk/news/world-latin-america-11614639
