2010-04-23,03:03:48,buqjz,1554,"A Saudi law firm claiming to represent 94,000 descendants of the ""prophet"" Mohammed sues Danish newspapers. Now a new group countersues on behalf of all the non-Muslims whom Mohammed defamed and insulted in the Koran, demanding offending passages be changed or removed.",gatesofvienna.blogspot.com,http://gatesofvienna.blogspot.com/2010/04/suing-mohammeds-heirs-for-libel.html
2010-04-23,20:10:49,bv2ge,1476,Murdoch's newspaper The Sun has been found to be discarding political poll results it has commissioned if they don't say what it wants,independent.co.uk,http://www.independent.co.uk/news/uk/politics/sun-censored-poll-that-showed-support-for-lib-dems-1951940.html?
2010-04-23,14:40:57,buyvb,128,"Rupert Murdoch's son James storms Independent newsroom, furious about declaration ""Rupert Murdoch won’t decide this election – you will""",guardian.co.uk,http://www.guardian.co.uk/media/2010/apr/22/james-murdoch-independent-dodge-city
2010-04-23,18:32:31,bv1c3,71,'Sun' censored poll that showed support for Lib Dems ,independent.co.uk,http://www.independent.co.uk/news/uk/politics/sun-censored-poll-that-showed-support-for-lib-dems-1951940.html
2010-04-23,02:02:54,bupke,58,"Belgium to ban Islamic veils in public, making it the first European country to ban the wearing of the burqa or niqab",guardian.co.uk,http://www.guardian.co.uk/world/2010/apr/22/belgium-burqa-ban
2010-04-24,02:42:59,bv85z,35,"Five Israelis, including a retired army general, charged with organ trafficking",guardian.co.uk,http://www.guardian.co.uk/world/2010/apr/22/israel-organ-trafficking-charges
2010-04-23,22:39:49,bv4d4,37,Boobquake - Purdue student using the combined force of cleavage from across the world to test Iranian cleric's claim that immodesty causes earthquakes. Spread the word!,wlfi.com,http://www.wlfi.com/dpp/news/local/Purdue-student-tests-theory-with-cleavage
2010-04-23,14:10:00,buyiz,37,Britain is a country with a large liberal-left majority.,independent.co.uk,http://www.independent.co.uk/opinion/commentators/johann-hari/johann-hari-the-forces-blocking-british-democracy-1951687.html
2010-04-24,04:29:59,bv9m9,34,Airline pilot cleared of role in 9/11 after 'nine years of hell' - Lotfi Raissi eligible for up to £2m compensation after wrongful imprisonment and damage to health,guardian.co.uk,http://www.guardian.co.uk/uk/2010/apr/23/airline-pilot-cleared-9-11-lotfi-raissi
2010-04-23,20:04:47,bv2dy,37,"Chinese premier publicly commemorate Tiananmen Square hero for the first time since 1989, subtly encourages political reform",economist.com,http://www.economist.com/world/asia/displayStory.cfm?story_id=15949249
2010-04-23,02:49:31,buqbm,25,"In yet another snub to Obama, Netanyahu: There will be no building freeze in Jerusalem",haaretz.com,http://haaretz.com/hasen/spages/1164583.html
2010-04-24,01:55:59,bv7fb,19,Netanyahu Commits to Colonizing East Jerusalem; First Palestinian Expelled under new Policy,juancole.com,http://www.juancole.com/2010/04/netanyahu-commits-to-colonizing-east-jerusalem-first-palestinian-expelled-under-new-policy.html
2010-04-23,10:21:44,buw18,15,France also bans Female Muslim tourists from wearing their veils in public,smh.com.au,http://www.smh.com.au/travel/travel-news/france-bans-muslim-tourists-from-wearing-veil-20100423-tgyc.html?autostart=1
2010-04-24,02:57:04,bv8e0,14,"Obesity in Australia: ""We'll soon be fat as Americans,"" health experts warn as obesity overtakes smoking as the biggest killer of Aussies.",globalpost.com,http://www.globalpost.com/dispatch/asia/100415/obesity-fat-australia
2010-04-23,22:00:50,bv3rj,13,"""Your only hope for rescue is the destruction of the Jews before they destroy you!"" Hitler said in a 1942 message, one of thousands broadcast across the Middle East in an attempt to woo the Arab world. ",telegraph.co.uk,http://www.telegraph.co.uk/news/newstopics/religion/7613925/Roots-of-Islamic-fundamentalism-lie-in-Nazi-propaganda-for-Arab-world-book-claims.html
2010-04-23,14:49:27,buyyj,10,The saviour of Sarajevo barred from public office for being a Jew,guardian.co.uk,http://www.guardian.co.uk/world/2010/apr/22/saviour-sarajevo-jew-jewish-barred
2010-04-23,23:51:31,bv5he,10,German bishop accused of beating children decades ago when he was a priest has resigned,nytimes.com,http://www.nytimes.com/2010/04/23/world/europe/23germany.html
2010-04-23,17:13:24,bv0jf,10,Car Bomb Explodes Outside Northern Ireland Police Station,news.bbc.co.uk,http://news.bbc.co.uk/2/hi/uk_news/northern_ireland/8638902.stm
2010-04-23,13:18:09,buxy9,10,'Ninja slug' among rainforest finds,belfasttelegraph.co.uk,http://www.belfasttelegraph.co.uk/breaking-news/offbeat/ninja-slug-among-rainforest-finds-14776093.html
2010-04-23,10:20:05,buw08,8,"Soaring unemployment, pay freezes for millions, but... Billions more for bankers",dailymail.co.uk,http://www.dailymail.co.uk/news/article-1268194/Soaring-unemployment-pay-freezes-millions--Billions-bankers.html
2010-04-23,19:42:29,bv24o,7,Stranded US citizens get a real taste of Irish hospitality,irishtimes.com,http://www.irishtimes.com/newspaper/ireland/2010/0423/1224268952560.html?via=thedoctor
2010-04-24,02:43:48,bv86i,10,Danish cartoonist Kurt Westergaard: South Park creators should voice protest.,depers.nl,http://www.depers.nl/buitenland/473713/South-Park-creators-should-voice-protest.html
2010-04-23,15:19:09,buzak,6,"Dozens of gunmen blockade the street, raid two hotels, and abduct six people after searching most of the fifth floor at 3:00 AM in Monterrey, Mexico",nytimes.com,http://www.nytimes.com/2010/04/22/world/americas/22mexico.html?ref=americas
2010-04-23,16:10:23,buzwi,7,Internet spoofs unspoofable Conservative poster,guardian.co.uk,http://www.guardian.co.uk/politics/blog/2010/apr/21/internet-spoofs-unspoofable-conservative-poster
2010-04-24,03:09:08,bv8kb,7,"The prison population in England and Wales has reached a record high, exceeding 85,000 for the first time.",news.bbc.co.uk,http://news.bbc.co.uk/1/hi/uk/8640399.stm
2010-04-24,02:16:27,bv7qj,5,Belgian Bishop Quits Over Sex Abuse,nytimes.com,http://www.nytimes.com/2010/04/24/world/europe/24vatican.html?hp
2010-04-23,11:54:10,bux19,8,"The Second Leadership Debate. Also, for some reason the volume on the BBC player goes up to 11...",news.bbc.co.uk,http://news.bbc.co.uk/2/hi/uk_news/politics/election_2010/8638864.stm
2010-04-24,01:54:38,bv7ef,6,The forces that have been blocking British democracy are becoming visible in this election,johannhari.com,http://johannhari.com//2010/04/22/the-forces-that-have-been-blocking-british-democracy-are-becoming-visible-in-this-election
2010-04-23,22:33:42,bv49o,5,Israel’s Open Secret: Nuclear Armed and Dangerous,inteldaily.com,http://www.inteldaily.com/2010/04/nuclear-israel/
2010-04-23,15:54:28,buzpm,3,UK leaders clash on foreign affairs,english.aljazeera.net,http://english.aljazeera.net/news/europe/2010/04/201042219595248413.html
