2010-12-03,16:12:17,efi01,2022,WikiLeaks vanishes from web as US company removes DNS support | Media | guardian.co.uk,guardian.co.uk,http://www.guardian.co.uk/media/blog/2010/dec/03/wikileaks-knocked-off-net-dns-everydns
2010-12-03,01:34:17,ef3gl,1065,Chinese drive their new motorcycles and cars like they are still on bikes. Disaster results. ,youtube.com,http://www.youtube.com/watch_popup?v=QESfEd180rQ
2010-12-03,03:05:40,ef5h8,717,Mexican police chief who took the job men didn’t want is shot dead,thisislondon.co.uk,http://www.thisislondon.co.uk/standard/article-23903186-mexican-police-chief-who-took-the-job-men-didnt-want-is-shot-dead.do
2010-12-03,03:19:19,ef5sa,481,Assange not actually accused of Rape. Dude just didn't use a Condom and is being busted by some random Exclusive-to-Sweeden law.,liberalconspiracy.org,http://liberalconspiracy.org/2010/12/02/no-wikileakss-julian-assange-isnt-accused-of-rape/
2010-12-04,03:40:49,efrml,435,You've heard the talking point: there's nothing we didn't know in the leaks. Well the German Foreign Minister's chief of staff was just fired because they showed he was spying for Uncle Sam.,euobserver.com,http://euobserver.com/9/31416
2010-12-03,00:27:55,ef2os,386,"Russia, Qatar win race to host World Cups",cnn.com,http://www.cnn.com/2010/SPORT/football/12/02/football.world.cup.2018.2022/index.html?hpt=T1&iref=BN1
2010-12-04,07:34:06,efvo0,376,Brazil recognizes Palestinian state - based on borders at the time of Israel's 1967 conquest of the West Bank!,washingtonpost.com,https://www.washingtonpost.com/wp-dyn/content/article/2010/12/03/AR2010120303134.html
2010-12-03,09:33:35,efci1,368,"Want to know what actually happened between Julian Assange, the women he was with, and the accusations of rape? Read this story that actually includes the police report from Sweden. Rape? No. A woman scorned? Absolutely.",dailymail.co.uk,http://www.dailymail.co.uk/news/worldnews/article-1307137/Supporters-dismissed-rape-accusations-WikiLeaks-founder-Julian-Assange--women-involved-tell-different-story.html
2010-12-04,07:20:49,efvhn,304,"Julian Assange: ""The Cable Gate archive has been spread, along with significant material from the US and other countries to over 100,000 people in encrypted form. If something happens to us, the key parts will be released automatically.""",jonslattery.blogspot.com,http://jonslattery.blogspot.com/2010/12/assange-if-something-happens-to-us-key.html
2010-12-03,05:54:18,ef8z9,259,"PM Vladimir Putin speaking English.  I don't why this was interesting to me, but it was.",youtube.com,http://www.youtube.com/watch?v=u8tnqyTVdQ4
2010-12-03,17:22:09,efiq3,209,WikiLeaks is Back in Switzerland,213.251.145.96,http://213.251.145.96/
2010-12-04,05:06:09,eft6f,196,Is it just me or does the BBC News and television network seem more neutral and less opinionated than US news networks and television?,self.worldnews,https://www.reddit.com/r/worldnews/comments/eft6f/is_it_just_me_or_does_the_bbc_news_and_television/
2010-12-04,07:26:56,efvkj,156,WikiLeaks cables reveal how US manipulated climate accord,guardian.co.uk,http://www.guardian.co.uk/environment/2010/dec/03/wikileaks-us-manipulated-climate-accord
2010-12-03,08:12:38,efbav,123,"I think Reddit needs a ""Good News"" subreddit.",self.worldnews,https://www.reddit.com/r/worldnews/comments/efbav/i_think_reddit_needs_a_good_news_subreddit/
2010-12-03,23:30:11,efmzx,119,"The British are protesting US plans to extradite Gary McKinnon, a hacker with Asperger's Syndrome who accessed Department of Defense computers.",globalpost.com,http://www.globalpost.com/dispatch/united-kingdom/101202/gary-mckinnon-extradition
2010-12-03,19:04:10,efjqn,121,"Germany accuses US over 'missing' Afghan funds, WikiLeaks cables show - Berlin claims that €50m contribution disappeared into US treasury coffers with 15% 'administrative fee' taken by army",guardian.co.uk,http://www.guardian.co.uk/world/2010/dec/02/germany-us-afghan-funds-wikileaks
2010-12-04,02:34:14,efqfm,104,"WikiLeaks cables claim first scalp as German minister's aide is sacked - Helmut Metzner admitted acting as a mole for the US embassy during negotiations to form a government.
",guardian.co.uk,http://www.guardian.co.uk/media/2010/dec/03/wikileaks-first-scalp-german-aide
2010-12-04,03:29:02,efrf2,99,South Korea to bomb the bejesus out of North Korea if they attack again. ,cnn.com,http://www.cnn.com/2010/WORLD/asiapcf/12/03/south.korea.threat/index.html?hpt=T2
2010-12-03,19:40:21,efk38,81,Live Q&A with Julian Assange (1300GMT),guardian.co.uk,http://www.guardian.co.uk/world/blog/2010/dec/03/wikileaks-julian-assange-online
2010-12-04,02:35:58,efqgs,74,"WikiLeaks: France adds to US pressure to ban website - French companies are banned from hosting websites that have been deemed ""criminal"" and ""violate the confidentiality of diplomatic relations.""",guardian.co.uk,http://www.guardian.co.uk/media/2010/dec/03/wikileaks-france-ban-website
2010-12-03,17:32:06,efitr,63,Wikileaks.org no longer exists. Domain now hosted in Switzerland as wikileaks.ch,wikileaks.ch,http://www.wikileaks.ch
2010-12-04,06:16:29,efugg,59,"A ""leading Chinese academic said the North's attack was a misjudgment for which it would pay a high price. 'The immediate cost might be military strike..the longer-term cost might be large-scale war, resulting in the disappearance of North Korea as a country,' Renmin University's Pang Zhongying said",theaustralian.com.au,http://www.theaustralian.com.au/news/world/korean-peninsula-awakes-to-new-reality/story-e6frg6so-1225965393884
2010-12-04,06:51:02,efv0a,56,"""Spain has closed almost its entire airspace after air traffic controllers called in sick en masse.""",news.sky.com,http://news.sky.com/skynews/Home/World-News/Spain-Air-Traffic-Controllers-Walk-Out-Causing-Huge-Disruption-For-Passengers/Article/201012115846805
2010-12-04,03:43:46,efroi,52,Breaking : Amazon defies western democracies.,amazon.com,http://www.amazon.com/Pentagon-Papers-George-Herring/dp/007028380X/ref=sr_1_1?ie=UTF8&qid=1291405261&sr=8-1
2010-12-04,06:23:01,efuk4,49,Lebanese Newspaper Publishes U.S. Cables Not Found on WikiLeaks,theatlantic.com,http://www.theatlantic.com/international/archive/10/12/lebanese-newspaper-publishes-us-cables-not-found-on-wikileaks/67430/
2010-12-03,01:42:56,ef3l4,38,"Star of David hidden on top of Israeli-designed Iranian airport for decades. Iranian officials ""unamused.""",dailymail.co.uk,http://www.dailymail.co.uk/news/article-1334706/Iran-outrage-Satellite-image-shows-Star-David-Tehran-airport-HQ-roof.html?ito=feeds-newsxml
2010-12-03,17:08:10,efil6,33,Cable reveals US behind airstrike that killed 21 children in Yemen,rawstory.com,http://www.rawstory.com/rs/2010/12/cable-reveals-airstrike-killed-21-children-yemen/
2010-12-03,22:04:07,efllc,27,South Korea's next defense chief vows to bomb North if it attacks again - NYPOST.com,nypost.com,"http://www.nypost.com/p/news/international/south_korea_defense_chief_attack_xLh6ayvtSjN5baknnOpnsL?sms_ss=reddit&at_xt=4cf8f8bffc16cc15,0"
2010-12-03,18:03:09,efj5n,26,DNS service has been cut. You can now access Wikileaks at http://88.80.13.160,88.80.13.160,http://88.80.13.160
2010-12-03,18:13:48,efj8q,25,"Israel, Fire: Aircraft And Firefighters From Around The World Join To Tackle Forest Infero, 40 Dead",news.sky.com,http://news.sky.com/skynews/Home/World-News/Israel-Fire-Aircraft-And-Firefighters-From-Around-The-World-Join-To-Tackle-Forest-Infero-40-Dead/Article/201012115845704?lpos=World_News_First_World_News_Article_Teaser_Region_0&lid=ARTICLE_15845704_Israel%2C_Fire%3A_Aircraft_And_Firefighters_From_Around_The_World_Join_To_Tackle_Forest_Infero%2C_40_Dead_
