2010-01-03,18:38:14,al0v3,842,"Police raid Georgian LGBT center: The women's 
group was holding a meeting when the police 
arrived. The police called them perverted, sick and 
satanists and threatened to distribute photographs 
of them and reveal their sexual orientation publicly, 
and one of the officers threatened murder.",community.feministing.com,http://community.feministing.com/2009/12/women-harassed-and-chairman-ar.html
2010-01-03,11:31:51,akydy,541,"Irish atheists intentionally break new blasphemy law, commit blasphemy by quoting: Twain, Carlin, Zappa, Christ, Dawkins, Hitchens, the Pope, and more!",blasphemy.ie,http://blasphemy.ie/2010/01/01/atheist-ireland-publishes-25-blasphemous-quotes/
2010-01-03,03:06:03,akurc,524,"IRAN: Video shows gunman opening fire on demonstrators, who fight back",latimesblogs.latimes.com,http://latimesblogs.latimes.com/babylonbeyond/2010/01/iran-video-shows-gunman-opening-fire-on-demonstrators-who-fight-back.html
2010-01-03,20:15:03,al1e2,406,"The Darwin Awards team is proud to announce the 
late, the great, the 2009 Darwin Award Winners! ",darwinawards.com,http://www.darwinawards.com/
2010-01-04,05:18:22,al5bl,117,A wealthy British Nazi ­sympathiser was behind the theft of the ­infamous sign above the Auschwitz death camp.,mirror.co.uk,http://www.mirror.co.uk/news/top-stories/2010/01/03/auschwitz-sign-was-stolen-for-wealthy-british-nazi-115875-21937555/
2010-01-03,20:10:41,al1d4,67, Gordon Brown promises full body scanners at UK airports,news.bbc.co.uk,http://news.bbc.co.uk/2/hi/uk_news/8438355.stm
2010-01-03,14:39:44,akzmh,46,Eye Hospital in India Restores Sight With Free Surgeries: Why does it look like India is doing a better job of taking care of their poor with making sure they have eye care than in the United States?,videocafe.crooksandliars.com,http://videocafe.crooksandliars.com/heather/pbs-newshour-eye-hospital-india-restores-s
2010-01-03,21:23:10,al1t9,39,Why Poland Accounts For Half of Britain’s Criminal Extraditions,economist.com,http://www.economist.com/world/britain/displaystory.cfm?story_id=15179470
2010-01-04,03:03:48,al4c2,39,"Impoverished women can be hard to reach, and even if they are given folic acid pills they sometimes won’t take them for fear that they actually are birth control pills. So micronutrients instead are often added to such common foods as salt, sugar, flour or cooking oil.",nytimes.com,http://www.nytimes.com/2010/01/03/opinion/03kristof.html
2010-01-03,14:41:19,akzmz,36,"Oil-rich Venezuela ushered in 2010 with rationing of  electricity use in malls, businesses and billboard",france24.com,http://www.france24.com/en/node/4960961
2010-01-04,01:20:24,al3j5,36,Venezuela rations water supplies,news.bbc.co.uk,http://news.bbc.co.uk/2/hi/americas/8340048.stm
2010-01-03,23:11:16,al2i3,32,Two Belgian bankrobbers have been named the Darwin Award winners of the year after killing themselves while trying to crack open a cash machine. The pair used so much dynamite that they destroyed the entire bank building ,telegraph.co.uk,http://www.telegraph.co.uk/science/science-news/6916554/You-were-only-supposed-to-blow-the-bloody-doors-off.html
2010-01-03,16:48:41,al0cb,30,"Burj Dubai, the world’s tallest building opens for business this week — if it can find any",timesonline.co.uk,http://www.timesonline.co.uk/tol/news/world/middle_east/article6974104.ece
2010-01-03,15:40:03,akzyu,28,"Prince Charles was so convinced Blair was wrong to take Britain to war in Iraq he broke Royal tradition and actively campaigned against the invasion... according to UK tabloid, News of the World",newsoftheworld.co.uk,http://www.newsoftheworld.co.uk/news/659010/Prince-Charles-tried-to-stop-Iraq-war.html
2010-01-03,08:31:16,akx6d,28,Darfuristan: How the world's campaign to stop a genocide created a quagmire,rollingstone.com,http://www.rollingstone.com/politics/story/31343773/darfuristan/print
2010-01-04,01:14:07,al3h9,22,"The idea might be hard to accept in the United States, but on a worldwide scale, the decade of the 2000's will go down as a big success.",nytimes.com,http://www.nytimes.com/2010/01/03/business/economy/03view.html?partner=rss&emc=rss
2010-01-04,01:42:18,al3pm,21,Students snowed in for two days at highest pub in UK ,guardian.co.uk,http://www.guardian.co.uk/uk/2010/jan/03/leeds-university-cross-country-pub-snowed-in
2010-01-03,09:20:37,akxhr,15,Somali pirates seize British super-freighter ,independent.co.uk,http://www.independent.co.uk/news/world/africa/somali-pirates-seize-british-superfreighter-1855943.html
2010-01-04,01:04:25,al3el,13,"Remember the shortages in the US for H1N1 vaccines a few months ago? France ""bought 94 million doses...but so far only about five million people in France are recorded as having been vaccinated since...October"" and is now trying to sell their surplus.",google.com,http://www.google.com/hostednews/afp/article/ALeqM5jWpBtiyt08M7Za5M8dABAcjf6Qww
2010-01-04,01:59:05,al3tq,12,"Tajikistan earthquake leaves 20,000 people homeless",theglobeandmail.com,http://www.theglobeandmail.com/news/world/tajikistan-earthquake-leaves-20000-people-homeless/article1417441/
2010-01-03,16:58:06,al0dv,11,Images of lethal mudslides in south-eastern Brazil,news.bbc.co.uk,http://news.bbc.co.uk/2/hi/americas/8437408.stm
2010-01-03,14:55:38,akzq2,10,"Afghan MPs snub Karzai's new cabinet, reject 17 out of 24 of his nominees",guardian.co.uk,http://www.guardian.co.uk/world/2010/jan/03/afghan-mps-snub-karzai-cabinet
2010-01-03,22:01:59,al21a,8,Iran issues ultimatum to West over nuclear fuel swap,news.xinhuanet.com,http://news.xinhuanet.com/english/2010-01/03/content_12748820.htm
2010-01-04,04:25:02,al4xm,9,"Floods and mudslides in Brazil have killed at least 76 people, including dozens buried when a hillside collapsed on a luxury beach resort.",guardian.co.uk,http://www.guardian.co.uk/world/2010/jan/03/brazil-floods-kill-scores
2010-01-04,07:53:55,al6fg,9,"Not sure how this works, but here's a suggestion for a WorldNews subreddit logo...",self.worldnews,https://www.reddit.com/r/worldnews/comments/al6fg/not_sure_how_this_works_but_heres_a_suggestion/
2010-01-04,01:31:13,al3md,8,Women-only taxis rage across Middle East,jpost.com,http://www.jpost.com/servlet/Satellite?cid=1262339376191&pagename=JPost%2FJPArticle%2FShowFull
2010-01-03,11:17:16,akyae,9,A fledgling non-violent Israeli protest movement in support of Palestinian rights is starting to form in East Jerusalem. ,tpmcafe.talkingpointsmemo.com,http://tpmcafe.talkingpointsmemo.com/2010/01/01/sheikh_jarrah_its_happening/#more
2010-01-04,01:41:21,al3p0,9,Hundreds protest Israel's Gaza policies as Sderot rally releases peace balloons,jpost.com,http://www.jpost.com/servlet/Satellite?cid=1261364566077&pagename=JPost%2FJPArticle%2FShowFull
2010-01-04,06:19:49,al5r9,5,"Yemen, Population and Failing States",blog.populationinstitute.org,http://blog.populationinstitute.org/2009/12/30/yemen-population-and-failing-states/
2010-01-04,03:03:12,al4bq,5,Somali pirates hijack second British-flagged ship,timesonline.co.uk,http://www.timesonline.co.uk/tol/news/world/africa/article6974534.ece
