2010-04-08,01:48:40,bnq0x,1841,Crisis in Kyrgyzstan [pics],boston.com,http://www.boston.com/bigpicture/2010/04/crisis_in_kyrgyzstan.html
2010-04-08,08:06:47,bnvae,157,189 to 47. Your MPs didn't give a shit. Digital Economy Bill passed.,guardian.co.uk,http://www.guardian.co.uk/technology/blog/2010/apr/07/digital-economy-bill-internet
2010-04-08,21:13:42,bo4a6,116,Six men arrested in Israel for organ traffic: IDF brigadier-general among them,palestinenote.com,http://palestinenote.com/cs/blogs/topnews/archive/2010/04/07/organ-traffickers-arrested-in-israel.aspx
2010-04-08,22:20:44,bo564,121,"Excellent overview of the Digital Economy Bill, and what it means for UK citizens. TL;DR: Yep, still fucked.",guardian.co.uk,http://www.guardian.co.uk/technology/2010/apr/08/digital-economy-bill
2010-04-08,15:43:15,bo0gj,83,UK Digital Economy Bill provokes anger at political 'stitch-up',news.bbc.co.uk,http://news.bbc.co.uk/2/hi/uk_news/politics/election_2010/8608478.stm
2010-04-08,21:55:45,bo4t2,43,"The Armenian Genocide and the Turks - The month of April marks the 95th anniversary of the start of the Armenian genocide. An unusual television documentary shows what motivated the murderers and why Germany, and other countries, remained silent.",spiegel.de,"http://www.spiegel.de/international/world/0,1518,687449,00.html"
2010-04-08,19:26:37,bo2yo,36,British Army builds fake Mosques on its firing range.,news.bbc.co.uk,http://news.bbc.co.uk/2/hi/uk_news/england/north_yorkshire/8608282.stm
2010-04-09,03:33:08,boa2e,34,Why do Finland's schools get the best results?,news.bbc.co.uk,http://news.bbc.co.uk/1/hi/programmes/world_news_america/8601207.stm
2010-04-08,22:07:14,bo4yz,34,"Nazia Quazi, a 24-year old Canadian/Indian woman with a CS degree, has been trapped against her will in Saudi Arabia by her abusive father for 2 years.",thecoast.ca,http://www.thecoast.ca/RealityBites/archives/2010/03/19/canadian-government-indifferent-to-plight-of-woman-held-captive-in-saudi-arabia
2010-04-08,21:00:43,bo444,29,"The opposition in Kyrgyzstan says it has dissolved parliament and taken power, after a bloody uprising forced the president to flee the capital",news.bbc.co.uk,http://news.bbc.co.uk/2/hi/asia-pacific/8608708.stm
2010-04-08,20:45:31,bo3wm,27,"BBC Journalist thrown out of South African press conference with the words: ""Don't come here with that white tendency, go out bastard, bloody agent."" ",news24.com,http://www.news24.com/SouthAfrica/News/Malema-kicks-out-BBC-journalist-20100408
2010-04-08,19:00:18,bo2no,31,"BBC News - US President Barack Obama and the Russian leader, Dmitry Medvedev, are due to sign a landmark nuclear arms treaty in the Czech capital, Prague.",news.bbc.co.uk,http://news.bbc.co.uk/2/hi/europe/8607985.stm
2010-04-09,01:20:15,bo80y,28,My (former) intern and (forever) friend is in the middle of the Kyrgyzstan Crisis.  Here is his report.,rvamag.com,http://rvamag.com/articles/full/7710/kyrgyz-republic-breakdown-images-words-history
2010-04-08,09:14:13,bnw1k,24,Airline considers fee for lavatory use ,edition.cnn.com,http://edition.cnn.com/2010/TRAVEL/04/07/ryanair.lavatory.fee/?hpt=T2
2010-04-08,20:43:37,bo3vw,25,"New landslip hits Rio de Janeiro: dead toll has risen to 150, dozens of people remain unaccounted for after the heaviest rains in decades",news.bbc.co.uk,http://news.bbc.co.uk/2/hi/americas/8608718.stm
2010-04-08,18:15:16,bo23z,23,"Axing came out of blue, says radio psychic",independent.ie,http://www.independent.ie/national-news/courts/axing-came-out-of-blue-says-radio-psychic-2129262.html
2010-04-08,19:17:22,bo2up,19,Israel gag order lifted: Israeli reporter is revealed to be accused of espionage for giving Haaretz newspaper top-secret information,haaretz.com,http://haaretz.com/hasen/spages/1161674.html
2010-04-09,05:37:56,bobvt,19,"Wikileaks: Excellent interview with local witnesses made the day after the 2007 attack on civilians (forward to 13:40). According to locals the man that was run over by the Bradley to the sound of chopper pilots laughing, was still alive.",democracynow.org,http://www.democracynow.org/2010/4/8/exclusive_witnesses_describe_deadly_2007_us
2010-04-09,01:24:23,bo82q,16,"“A recent example is the US air force video, which it published,” noted Hemming. “Copyright exists with the US Government, who under the Bill could, and would want to, apply to ban WikiLeaks from the UK. That provision is clearly in the Bill.” Welcome to Oceania.",torrentfreak.com,http://torrentfreak.com/digital-economy-bill-passes-file-sharing-end-soon-100608/
2010-04-09,04:03:41,boajd,11,NATO Admits U.S. Forces Killed Innocent Pregnant Women in Afghanistan,allgov.com,http://www.allgov.com/Top_Stories/ViewNews/NATO_Admits_US_Forces_Killed_Innocent_Pregnant_Women_in_Afghanistan_100406
2010-04-08,13:56:56,bnz7f,11,1963 letter shows former pope knew of abuse,google.com,http://www.google.com/hostednews/ap/article/ALeqM5h9O9pDzoOP4MhFpu2FhO326s_y8wD9EPRTI02
2010-04-08,20:41:42,bo3v5,12,"Qatari Diplomat Arrested as ""Shoe Bomber"", Causes Massive Terror Panic: in-flight air marshall grew suspicious and asked why the bathroom smelled of smoke, Modadi mockingly retorted that he was ‘trying to set his shoes on fire’",news.antiwar.com,http://news.antiwar.com/2010/04/07/in-flight-cigarette-causes-massive-terror-panic/
2010-04-08,16:54:52,bo18i,8,UK MPs: Chavs 'should not get benefits',news.bbc.co.uk,http://news.bbc.co.uk/1/hi/education/8607014.stm
2010-04-09,02:46:33,bo9ck,9,My MP (who didn't go to the DE Bill reading) is cropping Google Maps to exclude the Attribution,martinsalter.com,http://www.martinsalter.com/index.php/contact/surgeries/
2010-04-09,02:53:02,bo9fn,10,"David Schlesinger, the editor in chief of Reuters, declined to run a story by one of his own reporters containing claims that the 2007 killings of two Reuters staffers in Baghdad by U.S. troops may have been war crimes.",gawker.com,http://gawker.com/5512623/reuters-chief-shoots-down-story-on-killing-of-his-own-staffers-in-baghdad
2010-04-09,05:04:48,bobe7,11,Reuters staff unhappy by Reuters coverage of killings,gawker.com,http://gawker.com/5512623/reuters-chief-shoots-down-story-on-killing-of-his-own-staffers-in-baghdad.html
2010-04-09,02:07:49,bo8qv,10,Gold Fraud Bombshell: Canada's Only Bullion Bank Gold Vault Is Practically Empty...WTF?!,zerohedge.com,http://www.zerohedge.com/article/latest-gold-fraud-bombshell-canadas-only-bullion-bank-gold-vault-practically-empty
2010-04-08,13:39:50,bnz0t,10,Army investigation and Military bloggers claim that one of the men in the Collateral Murdered Group had an RPG-7 - Then why is it REDACTED while the AK-47 is not?,upload.wikimedia.org,http://upload.wikimedia.org/wikipedia/commons/b/b9/ArmyReport_ExhibitO.png
2010-04-08,19:39:45,bo34a,6,(Australia) A 24-year-old woman has died after her burqa got caught in a moving go-kart near the New South Wales town of Port Stephens.,abc.net.au,http://www.abc.net.au/news/stories/2010/04/08/2867849.htm?section=justin
2010-04-08,11:53:14,bnxsy,7,A Chinese official who set out to bed 800 women has become the latest Communist Party mandarin to face disgrace and possible jail because of his sexual adventures,timesonline.co.uk,http://www.timesonline.co.uk/tol/news/world/asia/article7090242.ece#cid=OTC-RSS&attr=797093
