2010-12-04,14:46:19,eg13b,1632,Paypal bans Wikileaks just before midnight Friday,boingboing.net,http://www.boingboing.net/2010/12/03/paypal-bans-wikileak.html
2010-12-04,05:38:31,eftrw,1505,"Wikileaks is not dead, only the url.  you can access 
WikiLeaks through www.wikileaks.ch or directly at 
213.251.145.96.",213.251.145.96,http://213.251.145.96
2010-12-05,02:14:27,eg6yx,503,"Wikileaks Cables - Leading Chinese politician 
ordered attacks on Google after Googling his own 
name and finding critical articles",guardian.co.uk,http://www.guardian.co.uk/technology/2010/dec/04/wikileaks-cables-google-china-hacking
2010-12-05,01:06:10,eg60k,153,UK. People invade stores in push for government to tax the rich and big companies more instead of making budget cuts,guardian.co.uk,http://www.guardian.co.uk/politics/2010/dec/04/uk-uncut-protest-topshop-vodafone
2010-12-05,04:13:23,eg8lh,100,Pakistan Judge Upholds Right of WikiLeaks to Publish Freely,dailykos.com,http://www.dailykos.com/storyonly/2010/12/4/925444/-Breaking:-Judge-Upholds-Right-of-WikiLeaks-to-Publish-Freely
2010-12-04,21:10:41,eg424,70,US army warns soldiers in Iraq against viewing WikiLeaks,france24.com,http://www.france24.com/en/20101204-us-army-warns-iraq-soldiers-against-viewing-wikileaks-legal-warning-cables
2010-12-05,01:22:23,eg67x,71,"""As part of efforts to block the release of documents obtained by WikiLeaks, there is an escalating campaign, led by the US government, to bring down the organization’s web site.""",wsws.org,http://wsws.org/articles/2010/dec2010/wiki-d04.shtml
2010-12-04,04:51:44,efsx9,52,"Russia’s Shadow War on Georgia, WikiLeaked",wired.com,http://www.wired.com/dangerroom/2010/12/russias-shadow-war-on-georgia-wikileaked/
2010-12-04,23:38:21,eg5ex,52,"Why Farmers Are Flocking to Manure - Chemical fertiliser prices are rising. Supplies of potash from Canada are dwindling. Farmers may be forced back to using ""something so repugnant that the word itself was scrubbed from polite conversation""",theatlantic.com,http://www.theatlantic.com/food/archive/2010/12/why-farmers-are-flocking-to-manure/67292/
2010-12-04,19:25:27,eg3d5,49,"""Wet work"" in Iran: Prof. Majid Shahriari, who died when his car was attacked in North Tehran Monday, Nov. 29, headed the team Iran established for combating the Stuxnet virus rampaging through its nuclear and military networks",nationalreview.com,http://www.nationalreview.com/corner/254105/curiouser-and-curiouser-iran-daniel-foster
2010-12-04,22:17:53,eg4m5,47,WikiLeaks: Gadaffi nearly caused nuclear disaster after UN tent snub,telegraph.co.uk,http://www.telegraph.co.uk/news/worldnews/wikileaks/8180688/WikiLeaks-Gadaffi-nearly-caused-nuclear-disaster-after-UN-tent-snub.html
2010-12-04,17:54:01,eg2pp,40,WikiLeaks cables: Yemen offered US 'open door' to attack al-Qaida on its soil,guardian.co.uk,http://www.guardian.co.uk/world/2010/dec/03/wikileaks-yemen-us-attack-al-qaida
2010-12-04,17:51:12,eg2oy,42,Wikileaks files show UK considered 'paranoid' by US,bbc.co.uk,http://www.bbc.co.uk/news/uk-11917398
2010-12-05,07:43:35,egbcy,37,"Why Amazon Caved - 
Harvard researcher discusses Amazon's decision to boot Wikileaks. Highlights contradiction that, whereas we think of internet as public space, it's owned by private companies, who can do what they like",cjr.org,http://www.cjr.org/the_news_frontier/why_amazon_caved_and_what_it_m.php?page=all
2010-12-05,03:06:32,eg7p6,24,"AstraZeneca raided in EC competition investigation. Europe's competition watchdog has raided a string of pharmaceutical companies including AstraZeneca over possible collusion in delaying the introduction of cheap, generic drugs.",independent.co.uk,http://www.independent.co.uk/news/business/news/astrazeneca-raided-in-ec-competition-investigation-2151127.html
2010-12-04,21:21:16,eg458,23, Irish Goverment Will Be Decimated In Election ,independent.ie,http://www.independent.ie/opinion/columnists/fionnan-sheahan/fionnan-sheahan-ffs-damage-limitation-is-now-disaster-management-2446596.html
2010-12-04,17:49:46,eg2om,17,Easter Island land dispute clashes leave dozens injured,bbc.co.uk,http://www.bbc.co.uk/news/world-latin-america-11917511
2010-12-05,01:30:17,eg6c7,16,"The next war in the Ivory Coast: World leaders have criticised a decision by Cote D'Ivoire's constitutional court to reverse the results of Sunday's vote, warning that it could plunge the country back into civil war",english.aljazeera.net,http://english.aljazeera.net/news/africa/2010/12/201012433934604328.html
2010-12-04,09:37:29,efxdd,18,"Do Ask, Must Tell - You won't believe what the Turkish military makes gay recruits do",foreignpolicy.com,http://www.foreignpolicy.com/articles/2010/12/03/do_ask_must_tell
2010-12-05,07:07:51,egavo,14,Lebanon 'gave Israel army tips' on how they might defeat Hezbollah.,english.aljazeera.net,http://english.aljazeera.net/news/middleeast/2010/12/20101246144971381.html
2010-12-04,10:58:47,efye7,14,"Carne Ross, former British Ambassador to the U.N., mocked and derided Keller (editor of NY Times) for being guided by the U.S. Government's directions on what should and should not be published",youtube.com,http://www.youtube.com/watch?v=RvMn4q4FNHg
2010-12-04,23:02:54,eg52f,11,North Korea's Kim Jong-un: Portrait of a leader in the making,theglobeandmail.com,http://www.theglobeandmail.com/news/world/asia-pacific/north-koreas-kim-jong-un-portrait-of-a-leader-in-the-making/article1825310/singlepage/
2010-12-05,07:32:21,egb7m,15,Only 51 percent of Israelis said that Jewish and Arab citizens should have equal rights. 33% supported putting Arabs in internment camps if war breaks out.,csmonitor.com,http://www.csmonitor.com/World/Middle-East/2010/1204/Q-A-Why-only-51-percent-of-Israelis-support-equal-rights-for-Arab-minority
2010-12-04,12:58:17,efzuv,12,"BBC Radio debate about what the future bodes for 
government secrecy given the Wikileaks cables - 
includes John Negroponte and a contributor to the 
Wikileaks project",bbc.co.uk,http://www.bbc.co.uk/iplayer/episode/p00chrgx/Hardtalk_Wikileaks_Open_Secret/
2010-12-04,14:04:18,eg0mj,14,"""""After almost half a century of Israeli occupation its Palestinian population has shrunk from over 200,000 to fewer than 60,000. . On a nearby wall, someone had daubed in Hebrew: “Bless God for not making me a gentile.”""",economist.com,http://www4.economist.com/node/17581571
2010-12-04,22:41:04,eg4ux,9,UK: Lead thieves use Google Earth to target churches with lead roofs,news.yahoo.com,http://news.yahoo.com/s/nm/20101202/od_nm/us_britain_church_lead%3B_ylt%3DAjxRmhX1uriBEG3bTuTQlPus0NUE%3B_ylu%3DX3oDMTFmcjhuNGxoBHBvcwMxOTUEc2VjA2FjY29yZGlvbl9vZGRfbmV3cwRzbGsDbGVhZHRoaWV2ZXN1
2010-12-05,05:39:13,eg9pc,10,"US-led troops abduct 5th Afghan journalist: 
New abduction comes days after Afghan president ordered probe of NATO.",presstv.ir,http://www.presstv.ir/detail/153853.html
2010-12-04,16:55:10,eg299,10,Iranian pilgrims killed by bomb blasts in Baghdad,english.aljazeera.net,http://english.aljazeera.net//news/middleeast/2010/12/201012481736901244.html
2010-12-04,11:07:35,efyi8,9,Chilean police have been shooting native protestors on Rapa Nui (Easter Island),thehawaiiindependent.com,http://www.thehawaiiindependent.com/story/rapanui/
2010-12-05,01:49:26,eg6lb,8,"Spanish government sends army to break air traffic controllers strike ""The wave of wage and social cuts carried out in Spain...is no longer compatible with democratic rule.""",wsws.org,http://wsws.org/articles/2010/dec2010/span-d04.shtml
