2010-04-18,20:50:58,bslw9,343,Now charlatans will know to beware the geeks ,guardian.co.uk,http://www.guardian.co.uk/commentisfree/2010/apr/18/nick-cohen-simon-singh-libel
2010-04-19,04:57:10,bsqq3,232,Priest says he was bullied into taking fall for Pope in abuse scandal,thelocal.de,http://www.thelocal.de/national/20100418-26613.html
2010-04-18,02:38:46,bscv3,77,"Charlie Brooker: ""David Cameron is like a hollow Easter egg, with no bag of sweets inside. He's nothing. He's no one.""",guardian.co.uk,"http://www.guardian.co.uk/Columnists/Column/0,,2048049,00.html"
2010-04-18,00:30:36,bsbed,78,CNN cannot grasp the concept of working remotely. - Stranded PM runs Norway remotely,edition.cnn.com,http://edition.cnn.com/video/data/2.0/video/world/2010/04/16/intv.norwegian.pm.cnn.html
2010-04-18,16:42:26,bsk9b,63,Air chaos to last weeks as even more volcanic ash belches out,independent.co.uk,http://www.independent.co.uk/travel/news-and-advice/air-chaos-to-last-weeks-as-even-more-volcanic-ash-belches-out-1947854.html
2010-04-19,02:38:20,bsp9a,56,"Goldman Sachs to announce $4bn profit row (50%+ y/y) on the back of the strength in its fixed income division, the very division which the fraud charges stem from",telegraph.co.uk,http://www.telegraph.co.uk/finance/newsbysector/banksandfinance/7602217/Goldman-Sachs-faces-4bn-profit-row.html
2010-04-18,20:33:45,bslrr,51,"Cuba's most famous cigar maker, Alejandro Robaina, has died aged 91.",news.bbc.co.uk,http://news.bbc.co.uk/2/hi/americas/8627864.stm
2010-04-19,01:45:02,bsomm,45,Ahmadinejad calls for U.S. to destroy its nuclear arsenal first,washingtonpost.com,http://www.washingtonpost.com/wp-dyn/content/article/2010/04/17/AR2010041702780.html
2010-04-19,00:48:00,bso0x,41,"Christopher Hitchens re-reads Animal Farm | Brilliant throughout. Commentary on the text well worth reading: why is there no Lenin-pig? But the second half of the piece, history of the book immediately after publication, is the must-read",guardian.co.uk,http://www.guardian.co.uk/books/2010/apr/17/christopher-hitchens-re-reads-animal-farm
2010-04-18,18:15:17,bskvo,38,EU test flights to assess impact of volcanic ash on aircraft,english.people.com.cn,http://english.people.com.cn/90001/90777/90853/6954668.html
2010-04-18,14:31:21,bsjaz,30,"The image Microsoft doesn't want you to see: Too tired to stay awake, the Chinese workers earning just 34p an hour",dailymail.co.uk,http://www.dailymail.co.uk/news/article-1266643/Microsofts-Chinese-workforce-tired-stay-awake.html
2010-04-18,14:04:42,bsj40,26,New Canadian studies suggest seasonal flu shot increased H1N1 risk,healthfreedoms.org,http://healthfreedoms.org/2010/04/07/new-canadian-studies-suggest-seasonal-flu-shot-increased-h1n1-risk/
2010-04-19,06:40:31,bsrs0,31,"The volcanic ash hanging over Europe has mushroomed into a dark 1.5 billion dollar cloud over the airlines and other travel industry sectors, with no hope of a silver lining, analysts warned.
",news.yahoo.com,http://news.yahoo.com/s/afp/20100418/bs_afp/icelandvolcanoaviationeconomy
2010-04-19,03:25:39,bspr2,23,Finnish fighter jets damaged by volcanic cloud,canada.com,http://www2.canada.com/topics/news/story.html?id=2914603
2010-04-19,03:53:10,bsq2b,24,Aussie government cans Human Rights Act as election looms,smh.com.au,http://www.smh.com.au/national/human-rights-act-canned-as-election-looms-20100418-smng.html
2010-04-19,00:20:31,bsnpn,24,"Venezuela Secures $20 Billion Loan From China, Chavez Says",businessweek.com,http://www.businessweek.com/news/2010-04-17/venezuela-secures-20-billion-loan-from-china-chavez-says.html
2010-04-18,21:06:21,bslzw,23,Ash cloud will last for another week: Now layer of fine dust is settling on top of the ash cloud and volcano is still erupting  (excellent pics) ,dailymail.co.uk,http://www.dailymail.co.uk/news/article-1266852/Ash-cloud-week--Now-layer-fine-dust-settling-ash-cloud--volcano-erupting.html
2010-04-18,19:30:44,bslel,23,  Air traffic disruption: country-by-country  ,swedishwire.com,http://www.swedishwire.com/component/content/article/12-nordic/3892-air-traffic-disruption-country-by-country-
2010-04-18,20:10:35,bsln0,18,"Volcano chaos could continue for months  --  
The Icelandic volcano causing travel chaos across Europe could go on erupting for months, geologists have warned.",telegraph.co.uk,http://www.telegraph.co.uk/travel/travelnews/7601701/Volcano-chaos-could-continue-for-months.html
2010-04-19,00:33:10,bsnvf,14,Brazil's Chamber of Deputies approves bill granting access to public information,knightcenter.utexas.edu,http://knightcenter.utexas.edu/blog/?q=en/node/6940
2010-04-19,01:35:24,bsoir,12,Brazil secures Chinese pledge for heavy investment,upi.com,http://www.upi.com/Top_News/Special/2010/04/16/Brazil-secures-Chinese-pledge-for-heavy-investment/UPI-48141271427342/
2010-04-19,03:01:50,bspio,11,Europe cut off from the UK. Gordon Brown calls meeting. ,news.bbc.co.uk,http://news.bbc.co.uk/2/hi/uk_news/8628605.stm
2010-04-18,15:57:49,bsjwf,11,So it's shagging that has brought all this disaster. Those dang Icelandics must be a frisky little lot then?,news.oneindia.in,http://news.oneindia.in/2010/04/17/extramarital-sex-leads-to-earthquakes-iran-cleric.html
2010-04-19,06:34:54,bsrqj,11,"""European airlines on Sunday stepped up pressure to reopen the skies by carrying out passenger-free test flights despite the layer of volcanic ash that kept most planes across the continent grounded for a fourth day."" (Glad I'm not one of the crew members)",latimes.com,"http://www.latimes.com/news/nationworld/world/europe/la-fg-volcano-flights19-2010apr19,0,4943982.story"
2010-04-19,01:06:39,bso8i,10,FBI agent dismisses CIA spy’s claim of Iran ties to Pan Am 103 bomb,blog.washingtonpost.com,http://blog.washingtonpost.com/spy-talk/2010/04/fbi_agent_dismisses_cia_spys_c.html
2010-04-19,01:21:36,bsod7,11,Return to the Hotel Rwanda: Famed Hotel des Milles Collines reflects the struggles and progress of Rwandan nation.,globalpost.com,http://www.globalpost.com/dispatch/africa/100414/hotel-rwanda-genocide-kigali
2010-04-18,18:12:27,bskuz,9,"Thai army says will ""punish"" protesters",alertnet.org,http://www.alertnet.org/thenews/newsdesk/SGE63H014.htm
2010-04-19,06:20:42,bsrkr,8,New Zealand man gets genitals caught in flying fox (SFW),heraldsun.com.au,http://www.heraldsun.com.au/news/world/safety-checks-after-new-zealand-man-gets-genitals-caught-in-flying-fox/story-e6frf7lf-1225854591077
2010-04-18,12:05:29,bsi4m,9,Australian television interview with Barack Obama,abc.net.au,http://www.abc.net.au/news/video/2010/04/15/2874197.htm
2010-04-18,16:47:05,bskad,8,I saw the earth explode: How a photographer shooting outdoor clothing camped on Iceland's volcano and witnessed the eruption that closed Europe.,dailymail.co.uk,http://www.dailymail.co.uk/news/worldnews/article-1266824/I-saw-earth-explode-How-photographer-shooting-outdoor-clothing-camped-Iceland-s-volcano--witnessed-eruption-closed-Europe-.html
