2010-12-08,06:51:05,ehxcq,1733,Wikileaks: May I remind you that the same collective now being persecuted as a 'terrorist organisation recently received Amnesty International's New Media Award for reports on human rights abuses in Kenya.,editorsweblog.org,http://www.editorsweblog.org/newsrooms_and_journalism/2009/06/wikileaks_receives_amnesty_international.php
2010-12-07,08:47:18,ehceb,1243,I'm going to be very unhappy if they capture Julian Assange without so much as a single snowmobile chase.,nzherald.co.nz,http://www.nzherald.co.nz/world/news/article.cfm?c_id=2&objectid=10692660&ref=rss
2010-12-07,00:29:26,eh36i,956,Wikileaks: Swiss bank closes Julian Assange's account,bbc.co.uk,http://www.bbc.co.uk/news/world-11929034
2010-12-07,15:42:02,ehj9w,346,"Facebook issues statement saying that it will NOT ban content from WikiLeaks: ""[It] does not violate our content standards nor have we encountered any material posted on the page that violates our policies.""",news.cnet.com,http://news.cnet.com/8301-13577_3-20024810-36.html?tag=mncol
2010-12-07,23:30:19,ehoxs,287,WikiLeaks founder Julian Assange has been denied bail by a judge after surrendering to British authorities over a Swedish arrest warrant,cbsnews.com,http://www.cbsnews.com/stories/2010/12/07/world/main7124779.shtml?tag=breakingnews
2010-12-07,17:45:13,ehkld,230,Live with the WikiLeakable world or shut down the net. It's your choice,guardian.co.uk,http://www.guardian.co.uk/commentisfree/cifamerica/2010/dec/06/western-democracies-must-live-with-leaks
2010-12-07,22:35:16,ehnzu,217,"Dianne Feinstein: Prosecute Assange Under the 1917 US Espionage Act - 1st Amendment would not apply. In other news, US law is now de-facto worldwide law and anyone, anywhere can be held to it even if they aren't US citizens and weren't in the US when the ""crime"" was committed. ",online.wsj.com,http://online.wsj.com/article/SB10001424052748703989004575653280626335258.html
2010-12-07,02:28:19,eh56j,167,"Julian Assange Vows ""Poison Pill"" Release Of Damaging Secrets If Arrested Or Killed",tpmlivewire.talkingpointsmemo.com,http://tpmlivewire.talkingpointsmemo.com/2010/12/julian-assange-vows-poison-pill-release-of-damaging-secrets-if-arrested-or-killed.php?ref=fpblg
2010-12-08,07:07:15,ehxoa,130,Icelandic Journalist takes over for Julian Assange because of arrest.,blogs.forbes.com,http://blogs.forbes.com/andygreenberg/2010/12/07/meet-the-new-public-face-of-wikileaks-kristinn-hrafnsson/
2010-12-07,12:41:24,ehgkq,97,"In this sewer, we reptiles of British journalism hold our heads high: As WikiLeaks has shown, power loathes truth revealed. Disclosure is all we have when politicians are cowed, lawyers fall silent and audit is polluted... the press is the last best hope when democratic oversight fails",guardian.co.uk,http://www.guardian.co.uk/commentisfree/2010/dec/02/world-cup-british-journalism-wikileaks
2010-12-07,22:18:38,ehnqi,85,More state secrets leaked! Except this time it's by a former Iranian diplomat about North Korea so I guess we are cool with it.,usatoday.com,http://www.usatoday.com/news/world/2010-12-07-iran-defector_N.htm
2010-12-07,09:31:11,ehd57,81,"Indigenous Peruvian won appeal in landmark human rights and environmental lawsuit against U.S. oil giant Occidental Petroleum for contaminating Amazon rainforest, poisoning communities - case will be heard in LA!",send2press.com,http://www.send2press.com/newswire/2010-12-1206-003.shtml
2010-12-07,21:40:11,ehn48,71,WikiLeaks to keep releasing cables despite Assange arrest,guardian.co.uk,http://www.guardian.co.uk/media/2010/dec/07/wikileaks-cables-julian-assange-arrest
2010-12-08,02:50:01,ehsto,59,"""As far as I can see, [Assange] hasn't broken any Australian law, nor does it appear he has broken any American laws.""",theaustralian.com.au,http://www.theaustralian.com.au/news/breaking-news/julia-gillard-fails-to-name-law-broken-by-wikileaks-or-julian-assange/story-fn3dxity-1225966858960
2010-12-07,18:29:34,ehl1m,52,Julian Assange arrested by British police,news.com.au,http://www.news.com.au/breaking-news/julian-assange-arrested-by-british-police/story-e6frfku0-1225967231782
2010-12-07,23:59:10,ehpgx,46,"19 Countries to Miss Nobel Peace Prize Ceremony - Beijing has pressed for a boycott of the event, which will recognize the imprisoned Chinese dissident Liu Xiaobo",nytimes.com,http://www.nytimes.com/2010/12/08/world/08nobel.html?_r=1&partner=rss&emc=rss
2010-12-07,11:22:48,ehf51,44,"Kenyan Prime Minister orders a nationwide crackdown on homosexuals. While gay men face 5 to 14 years in prison, the law does not extend to homosexual women",humanrightsfirst.org,http://www.humanrightsfirst.org/2010/11/29/a-nationwide-crackdown-on-homosexuals-ordered-in-kenya/
2010-12-07,20:09:52,ehm3u,41,"Julian Assange has been arrested for having unprotected sex with two women. It's call ""sex by surprise"" in Sweden. The fine is about $715.",aolnews.com,http://www.aolnews.com/world/article/sex-by-surprise-at-heart-of-assange-criminal-probe/19741444
2010-12-08,03:33:56,ehtse,36,"UN peacekeepers were the most likely source of the cholera epidemic sweeping Haiti, according to a leaked report by a French disease expert. ",bbc.co.uk,http://www.bbc.co.uk/news/world-latin-america-11943902
2010-12-07,21:06:52,ehmpo,38,"Assange lawyer: WikiLeaks will unleash a ""thermonuclear device"" of government files containing the names of spies, sources and informants if he's killed or brought to trial. Will they push the button?",aolnews.com,http://www.aolnews.com/world/article/with-assange-arrest-will-wikileaks-go-thermonuclear/19749541
2010-12-08,01:46:06,ehrk2,23,The income of a medieval English worker is double that of today’s workers in Zaire and Burundi.,sciencedaily.com,http://www.sciencedaily.com/releases/2010/12/101205234308.htm
2010-12-07,15:47:52,ehjc8,22,Julian Assange is going to be prosecuted by the US not only under the Espionage Act,guardian.co.uk,http://www.guardian.co.uk/world/2010/dec/06/wikileaks-cables-founder-julian-assange?intcmp=239
2010-12-07,17:14:02,ehkaz,24,'Nineteen countries' shun Nobel: China and 18 other countries say they will not attend Friday's Nobel Peace Prize...,bbc.co.uk,http://www.bbc.co.uk/news/world-europe-11935230
2010-12-07,08:19:05,ehbw2,25,Argentina announced Monday that it recognizes the Palestinian territories as a free and independent state within their 1967 borders,news.yahoo.com,http://news.yahoo.com/s/ap/20101206/ap_on_re_la_am_ca/lt_argentina_palestinians
2010-12-07,23:20:46,ehosx,22,Hugo Chavez blames heavy rain on Capitalism. I think he might be redditor. ,uk.reuters.com,http://uk.reuters.com/article/idUKN0517626320101205
2010-12-08,00:19:52,ehpru,19,WikiLeaks Founder Julian Assange Denied Bail,mashable.com,http://mashable.com/2010/12/07/julian-assange-denied-bail/?utm_source=feedburner&utm_medium=feed&utm_campaign=Feed:+Mashable+(Mashable)
2010-12-07,00:54:30,eh3mt,19,Air passengers will be able to carry liquids in their hand luggage again after the Government announced it would phase out the ban by 2013. 3 years?!?!,telegraph.co.uk,http://www.telegraph.co.uk/travel/travelnews/8181948/Airport-liquid-ban-to-be-phased-out-from-April.html
2010-12-07,19:16:06,ehll3,16,"Chinese 15 year olds strongest in Maths, Science, Reading in worldwide study.",oecd.org,"http://www.oecd.org/document/12/0,3343,en_21571361_44315115_46623628_1_1_1_1,00.html"
2010-12-08,01:18:34,ehr00,17,Argentina recognizes Palestine pre-1967 borders,news.yahoo.com,http://news.yahoo.com/s/nm/20101207/wl_nm/us_argentina_palestine_1
2010-12-07,18:31:44,ehl2l,13,Julian Assange arrested in UK.,reuters.com,http://www.reuters.com/article/idUSTRE6B61PX20101207?utm_source=feedburner&utm_medium=feed&utm_campaign=Feed:+reuters/topNews+(News+/+US+/+Top+News)
