2010-06-23,19:22:31,ci30l,591,“As Jews we should stand as a beacon for human rights not as an internationally known perpetrator of atrocities.”,orwellsdreams.wordpress.com,http://orwellsdreams.wordpress.com/2010/06/23/as-jews-we-should-stand-as-a-beacon-for-human-rights-not-as-an-internationally-known-perpetrator-of-atrocities/
2010-06-23,22:28:21,ci4p7,284,Hamas: We won't let Red Cross visit Shalit  ,haaretz.com,http://www.haaretz.com/news/diplomacy-defense/hamas-we-won-t-let-red-cross-visit-shalit-1.297859
2010-06-23,06:07:21,chw0i,258,"Canadian Heritage Minister Calls Opponents of Canadian DMCA ""Radical Extremists""",michaelgeist.ca,http://www.michaelgeist.ca/content/view/5137/125/
2010-06-23,04:48:29,chv0y,140,World's rich got richer amid '09 recession,finance.yahoo.com,http://finance.yahoo.com/news/Worlds-rich-got-richer-amid-rb-2551769401.html?x=0
2010-06-24,02:01:08,ci79j,55,"Boy of 10 tries to take his life 10 times. ""We're walking on eggshells,"" says his mom. ""He's angry . . . and every day he tells me 'I wish I was dead""",mirror.co.uk,http://www.mirror.co.uk/news/top-stories/2010/06/23/elliott-is-gorgeous-and-clever-but-every-day-he-says-he-wants-to-die-115875-22352923/
2010-06-23,21:32:56,ci44o,50,"Australian Prime Minister likely to be voted out at ballot tomorrow, Australia may have its first female Prime Minister",news.com.au,http://www.news.com.au/features/federal-election/labor-figures-plot-to-dump-kevin-rudd/story-e6frfllr-1225883383543
2010-06-23,09:43:08,chy68,39,Uproar in Israel over top secret prisoner ,smh.com.au,http://www.smh.com.au/world/uproar-in-israel-over-top-secret-prisoner-20100622-yvok.html
2010-06-23,11:47:10,chzc1,38,Is Kyrgyzstan the next Rwanda?  [Article from Foreign Policy],foreignpolicy.com,http://www.foreignpolicy.com/articles/2010/06/22/its_not_too_late_to_save_kyrgyzstan_by_james_traub
2010-06-24,03:06:14,ci8c1,37,Spanish senate narrowly votes to support ban of Islamic body veil,dw-world.de,"http://www.dw-world.de/dw/article/0,,5724242,00.html"
2010-06-24,03:56:35,ci94d,25,"Canada's economy is suddenly the envy of the world: No financial meltdowns here, Canada boasts, and world leaders want in on the secret ",finance.yahoo.com,http://finance.yahoo.com/news/Canadas-economy-is-suddenly-apf-807130582.html?x=0
2010-06-24,00:09:56,ci5uw,24,"Workers at Swedish docks launched a week-long boycott of Israeli ships and cargo on Wednesday, to protest Israel's recent raid on a Gaza-bound flotilla",jpost.com,http://www.jpost.com/International/Article.aspx?id=179278&reddit=news23062010
2010-06-23,22:38:55,ci4ty,24,How a clunky old Soviet rocket outlasted the space shuttle.,foreignpolicy.com,http://www.foreignpolicy.com/articles/2010/06/21/the_peoples_capsule
2010-06-23,20:35:10,ci3l1,24,"Whaling 'peace deal' falls apart: ""It legitimises scientific whaling in the Southern Ocean (by Japan), and does not substantially reduce catches""",news.bbc.co.uk,http://news.bbc.co.uk/2/hi/science_and_environment/10389638.stm
2010-06-24,07:45:39,cibwi,20,"Underwater collision forces BP to remove containment cap. Meanwhile, a boat captain working on oil disaster clean up, died of a gunshot wound. Wait, what?!",cnn.com,http://www.cnn.com/2010/US/06/23/gulf.oil.disaster/index.html
2010-06-23,20:59:42,ci3sy,15,BP oil spill fallout: Britain has doubled rig inspections. Bulgaria scrapped plans for a new oil pipeline. Chinese and French oil giants are upgrading equipment and procedures designed to prevent spills,google.com,http://www.google.com/hostednews/ap/article/ALeqM5jEXHhvqTkq9PaHlVC4eS1Pp-ejYAD9GF87I00
2010-06-23,21:58:00,ci4dy,13,Canadian Heritage Minister Calls for Confrontation Against Critics of Canadian DMCA,michaelgeist.ca,http://www.michaelgeist.ca/content/view/5138/125/
2010-06-23,15:08:43,ci133,11,"McDonald's marketing has the effect of conscripting America's children into an unpaid drone army of word-of-mouth marketers, causing them to nag their parents to bring them to McDonald's.",news.yahoo.com,http://news.yahoo.com/s/ap/20100622/ap_on_bi_ge/us_mcdonald_s_lawsuit_toys
2010-06-23,23:38:11,ci5i4,9,"Soros says Germany could cause Euro collapse: ""If the Germans don't change their policy, their exit from the currency union would be helpful for the rest of Europe""",reuters.com,http://www.reuters.com/article/idUSTRE65M1C920100623
2010-06-24,02:49:55,ci818,11,"WWI Postcard Reaches Bosnia After Century of Traveling Around the Globe - Edhem Bicakcic used a photo of his army unit resting somewhere in Hungary during World War I as a postcard for his family in Sarajevo, but the loving message took nearly a century to reach its destination. ",balkaninsight.com,http://www.balkaninsight.com/en/main/news/28905/
2010-06-24,00:23:31,ci60k,12,Egyptian President Hosni Mubarak dismissed Israel's recent lifting of restrictions on the Gaza Strip,jpost.com,http://www.jpost.com/MiddleEast/Article.aspx?id=179285&reddit=news23062010
2010-06-23,10:14:03,chyg9,9,"Brazil floods kill dozens and leave 1,000 people missing",guardian.co.uk,http://www.guardian.co.uk/world/2010/jun/22/brazil-floods-kill-dozens?CMP=AFCYAH
2010-06-23,11:00:00,chywd,9,Hitler fails to shut Wikileaks,youtube.com,http://www.youtube.com/watch?v=P_k7WPv2EvY
2010-06-24,05:14:52,cia4x,9,Netanyahu to human rights activists: Sail to Tehran,haaretz.com,http://www.haaretz.com/news/diplomacy-defense/netanyahu-to-human-rights-activists-sail-to-tehran-1.297914
2010-06-23,17:01:46,ci20d,9,Malaysia seeks emergency UN session on Gaza flotilla deaths - Haaretz ,haaretz.com,http://www.haaretz.com/news/diplomacy-defense/malaysia-seeks-emergency-un-session-on-gaza-flotilla-deaths-1.297814
2010-06-23,16:36:11,ci1t3,7,He reminded the jury prosecutors say Patel ignored surgical restrictions imposed on him by US medical authorities and launched into major operations at Bundaberg seven weeks after he arrived in 2003.,abc.net.au,http://www.abc.net.au/news/stories/2010/06/23/2934735.htm
2010-06-23,21:37:24,ci46a,8,"Oil companies may face tighter restrictions in Brazil, too",allvoices.com,http://www.allvoices.com/contributed-news/6137792-oil-companies-may-face-tighter-restrictions-in-brazil-too
2010-06-24,06:58:39,cibek,6,"Merkel Rejects Obama's Call for German Govt to Spend - German chancellor rebuffs pressure to boost domestic demand, not exports; warns Europe's crisis is far from over.",online.wsj.com,http://online.wsj.com/article/SB10001424052748703900004575324941614808602.html?mod=WSJ_hps_MIDDLESecondNews
2010-06-23,09:55:26,chyae,7,The sculptor who created 'The Angel of the North' has unveiled his first project in Scotland - a group of life-sized figures standing in or near the Waters of Leith in Edinburgh,news.bbc.co.uk,http://news.bbc.co.uk/1/hi/entertainment_and_arts/10374309.stm
2010-06-24,03:03:49,ci8am,6,Fears of Witch Hunt against Iraqi Gays after Police Raid on Karbala Safe House [graphic],ukgaynews.org.uk,http://ukgaynews.org.uk/Archive/10/Jun/2203.htm
2010-06-23,21:18:29,ci3z4,7,Five men loose extradition battle after violently attacking a footballer in Crete. I am ashamed to say I went to school with some of these men...they were dicks then as well! I hope they rot in a Greek jail...,news.bbc.co.uk,http://news.bbc.co.uk/1/hi/england/10389626.stm
