2010-12-25,22:56:09,erauk,1180,"Assange said that his website is due to release thousands of documents related to Israel, particularly dealing with the Mabhouh assassination in Dubai and the Second Lebanon War",haaretz.com,http://www.haaretz.com/news/diplomacy-defense/wikileaks-to-publish-israel-cables-on-second-lebanon-war-dubai-assassination-1.332416
2010-12-25,04:37:29,er1ng,818,"Indian pediatrician, dedicated life to helping sick children in tribal India, arrested by ""democratic"" regime for treason.  Reddit, let's bring attention to this injustice!",thehindu.com,http://www.thehindu.com/news/national/article974301.ece
2010-12-25,15:48:42,er85r,348,Bradley Manning's Holiday Statement,armycourtmartialdefense.info,http://www.armycourtmartialdefense.info/2010/12/mannings-holiday-statement.html
2010-12-25,19:45:19,er9o7,157,"WikiLeaks reveals true face of Israel: Military intelligence chief sought Hamas takeover to declare Strip as hostile entity, turning it into a large prison camp by blocking it from land, air and sea",ynetnews.com,"http://www.ynetnews.com/articles/0,7340,L-4002043,00.html"
2010-12-25,09:41:41,er4r5,107,Ireland is using the National Pension Reserve Fund to bailout unstable Irish Banks. Somehow this seems like a bad idea to me. ,telegraph.co.uk,http://www.telegraph.co.uk/finance/financetopics/financialcrisis/8222888/Allied-Irish-effectively-under-state-control-after-3.7bn-bail-out.html
2010-12-25,23:07:09,eraxr,78,"Tsunami warning issued after quake in Pacific - A warning has been issued for Vanuatu, New Caledonia & Fiji following a 7.6 magnitude earthquake below the Pacific seabed",in.reuters.com,http://in.reuters.com/article/idINTRE6BO0MM20101225
2010-12-25,22:50:17,erast,64,"""On September 6, 2007, Israel destroyed the nuclear reactor built by Syria secretly, apparently with North Korea's help,"" wrote former US secretary of state Condoleezza Rice",hindustantimes.com,http://www.hindustantimes.com/Israel-destroyed-Syria-nuclear-reactor-WikiLeaks/Article1-642335.aspx
2010-12-25,21:48:25,eradm,38,Indian spacy agency ISRO's GSLV rocket explodes in mid air  :-(,youtube.com,http://www.youtube.com/watch?v=KYirFgCd8RU
2010-12-26,05:59:14,erets,33,"Female bomber kills 45 at Pakistan food center
",washingtontimes.com,http://www.washingtontimes.com/news/2010/dec/25/female-bomber-kills-43-food-center-pakistan/
2010-12-25,15:03:26,er7tp,31,"Venezuela's new laws: Penalties for spreading political dissent on the Internet, grant decree powers to Chávez and prevent legislators from breaking with his political movement",nytimes.com,https://www.nytimes.com/2010/12/25/world/americas/25venez.html?hp
2010-12-26,01:22:12,erc5n,28,The murder mystery of Pakistan's former prime minister Benazir Bhutto has taken a new turn as recently arrested police officials have disclosed the names of the ISI officials who could be connected to her assassination. ,dw-world.de,"http://www.dw-world.de/dw/article/0,,6373605,00.html"
2010-12-26,06:41:15,erf8t,31,"Ecuador recognizes Palestine state —  Ecuador formally recognized Palestine as an independent state on Friday, following the lead of its neighbors Bolivia, Brazil, Argentina and Uruguay earlier this month.",news.yahoo.com,http://news.yahoo.com/s/afp/20101225/wl_afp/palestinianisraeldiplomacyecuador
2010-12-25,14:18:03,er7dt,26,"10,500 square meter crater opens up in Romanian town",actmedia.eu,"http://www.actmedia.eu/2010/12/24/top+story/over+10,500+square+metres,+area+of+ocna+mures+crater+/31356"
2010-12-25,23:54:38,erbb7,25,Einstein's theory is proved - and it is bad news if you own a penthouse ,independent.co.uk,http://www.independent.co.uk/news/science/einsteins-theory-is-proved-ndash-and-it-is-bad-news-if-you-own-a-penthouse-2088195.html
2010-12-26,04:10:16,erdu2,29,The under-appreciated heroes of 2010 (by Johann Hari of the Independent) ,independent.co.uk,http://www.independent.co.uk/opinion/commentators/johann-hari/johann-hari-the-underappreciated-heroes-of-2010-2168227.html
2010-12-25,08:09:22,er3xm,26,"The demolition of press freedom in Hungary. ""Without any significant protest from the EU or the European press, Hungary’s Fidesz party has won overwhelming parliamentary support to pass a new media law that will effectively deprive the country of freedom of the press.""",wsws.org,http://www.wsws.org/articles/2010/dec2010/hung-d24.shtml
2010-12-25,22:37:01,erapw,23,Immigration in Canada: A smaller welcome mat | The Economist,economist.com,http://www.economist.com/node/17733061
2010-12-25,11:00:29,er5fs,20,"The End Of Men --- US parents prefer daughters over sons. Even Asia following suit. Why? Because women outperform men in advanced, post-industrial economies. More productive, more employable, better educated",theatlantic.com,http://www.theatlantic.com/magazine/archive/2010/07/the-end-of-men/8135/
2010-12-25,12:55:52,er6j3,16,"Afghanistan is seeing higher levels of violence this year than last year at this time, with 20% more civilians killed and the number of ""security incidents"" up by 66%, the United Nations says in a new report.",cnn.com,http://www.cnn.com/2010/WORLD/asiapcf/12/24/afghanistan.security/index.html
2010-12-25,21:43:02,erac4,17,43 killed outside World Food Programme distribution area in Pakistan,cnn.com,http://www.cnn.com/2010/WORLD/asiapcf/12/25/pakistan.blast/index.html?hpt=T2
2010-12-26,00:35:41,erboh,8,Global flu warning after UK hit,bbc.co.uk,http://www.bbc.co.uk/news/health-12074786
2010-12-26,00:48:56,erbsz,9,New strain of MRSA superbug found in Isle of Man,bbc.co.uk,http://www.bbc.co.uk/news/world-europe-isle-of-man-12072292
2010-12-25,09:49:11,er4tp,8,KASHMIR: Academia Under Attack. Is the idea to suppress scientific facts and rationality?,opinion-maker.org,http://www.opinion-maker.org/2010/12/kashmir-state-and-academia-at-loggerheads/
2010-12-25,20:25:45,er9vr,8,Holiday Statement from Bradley Manning,crushingbastards.org,http://crushingbastards.org/blog/2010/12/24/holiday-statement-from-bradley-manning/
2010-12-25,09:13:27,er4hf,9,"Australia says it's ""unfortunate"" that Denmark has cancelled plans to receive & destroy 1,000s of tons of hazardous waste, blaming Denmark's decision on politics rather than safety concerns",physorg.com,http://www.physorg.com/news/2010-12-australia-denmark-ship-u-turn-unfortunate.html
2010-12-25,12:58:06,er6jx,9,The Dire State of the US Economy,alternativeright.com,http://www.alternativeright.com/main/blogs/malinvestments/the-coming-muni-disaster/
2010-12-26,00:18:36,erbi5,4,China's central bank raised interest rates today for the 2nd time in just over 2 months in attempt to rein in inflation,reuters.com,http://www.reuters.com/article/idUSTRE6BO09H20101225
2010-12-25,18:01:49,er93g,5,Spanish Police: Thieves Scrap $1M Sculpture for $40,aolnews.com,http://www.aolnews.com/2010/12/23/spanish-police-thieves-scrap-1-million-sculpture-for-40/
2010-12-26,01:21:03,erc5a,6,"Former Ukrainian prime minister Yulia Tymoshenko could face 10 years in prison. The opposition leader faces new charges of embezzlement, which she claims are the instrument of a conspiracy to boot her out of politics.",dw-world.de,"http://www.dw-world.de/dw/article/0,,14735703,00.html"
2010-12-25,09:20:18,er4jl,5,"Crisis in Côte d'Ivoire: Access blocked to possible mass grave, says UN",news.yahoo.com,http://news.yahoo.com/s/ap/20101224/ap_on_re_eu/ivory_coast
