2010-01-10,22:39:16,antui,1172,"Chevron could face damages of $27.3bn, the biggest environmental lawsuit in history because ""from the mid-1960s until the early 1990s, Texaco (now Chevron) dumped 18 billion gallons of toxic waste and formation water directly into streams, rivers, and the jungle floor"" of the Ecuadorian Amazon ",independent.co.uk,http://www.independent.co.uk/environment/green-living/who-will-pay-for-amazons-chernobyl-1863284.html
2010-01-11,01:47:30,anvih,319,"Israel rejects US ""Loan Threat"", saying they don't really need the money",news.bbc.co.uk,http://news.bbc.co.uk/2/hi/middle_east/8450715.stm
2010-01-10,01:58:26,anl7s,315,"Chávez ordered two F-16 jets to intercept a U.S. military plane that twice violated Venezuelan airspace, in what he called the latest provocation in Venezuela's skies",online.wsj.com,http://online.wsj.com/article_email/SB126300260041422661-lMyQjAxMTIwNjAzOTAwMDkyWj.html
2010-01-11,00:56:42,anv05,272,"There have been more attacks on churches in Malaysia, in a growing dispute over the use of the word Allah by non-Muslims",news.bbc.co.uk,http://news.bbc.co.uk/2/hi/asia-pacific/8450713.stm
2010-01-10,08:08:58,anocq,268,Plane packed with 35 tonnes of North Korean arms to Iran intercepted. New Zealand company suspected of foul play.,guardian.co.uk,http://www.guardian.co.uk/world/2009/dec/14/thailand-impounds-plane-arms-korea
2010-01-11,01:29:45,anvc7,249,'Career women make bad mothers' billboards pulled,guardian.co.uk,http://www.guardian.co.uk/media/2010/jan/06/outdoor-advertising-career-women-billboards
2010-01-11,03:28:26,anwfb,138,"Iranian state television has made a documentary about the death of Neda Agha Soltan, a young Iranian woman who was shot dead during the June postelection protests in Tehran, suggesting she was an agent of the United States and Britain who staged her own death. ...",opinion.latimes.com,http://opinion.latimes.com/opinionla/2010/01/another-sign-of-desperation-in-tehran-nedas-killing-was-staged-.html
2010-01-11,01:22:42,anv9e,129,"Remember the UAE Sheikh videod running over and torturing a guy over some missing grain - well surprise surprise he got off since ""he was drugged and unaware of his actions""",news.bbc.co.uk,http://news.bbc.co.uk/1/hi/world/middle_east/8450722.stm
2010-01-10,11:10:17,anpob,80,Young Malaysians of various races and professions got together at the Malaysian capitol and handed out flowers to passers-by in a gesture of goodwill in the wake of the recent religiously-motivated arson attacks on four churches,thestar.com.my,http://thestar.com.my/news/story.asp?file=/2010/1/10/nation/5445027&sec=nation
2010-01-11,04:52:43,anx6h,68,Looks like Mexico did not fall apart after they decriminalized possession of small amounts of drugs,azcentral.com,http://www.azcentral.com/news/articles/2010/01/10/20100110mex-drugs.html
2010-01-11,01:07:41,anv48,70,"My husband, a school teacher and farmer from the Palestinian village of Bilin, jailed for protesting Israel's apartheid wall",commondreams.org,http://www.commondreams.org/view/2010/01/10-2
2010-01-10,15:37:09,anrda,35,Socialist Party of Malaysia: `No more racism! Freedom of religion to all! ,parti-sosialis.org,http://www.parti-sosialis.org/posts/1516/attack-on-churches-najib-and-hisham-must-take-full-responsibility/
2010-01-10,22:30:23,antru,24,China becomes the world's largest exporter,news.bbc.co.uk,http://news.bbc.co.uk/2/hi/business/8450434.stm
2010-01-10,11:19:16,anpqj,27,"""in other times, when they brought me to the roadblock the entire village chased me and beat me, and nearly killed me. I prefer to sit in prison than to go back."" ",haaretz.com,http://www.haaretz.com/hasen/spages/1141428.html
2010-01-10,23:49:39,anuf2,21,Canadian spared beheading by Saudi court. ,ottawacitizen.com,http://www.ottawacitizen.com/Montreal+spared+beheading+fatal+school+fight+Saudi+Arabia/2424774/story.html
2010-01-11,01:03:13,anv2k,23,Germany investigates whether CIA deployed a Blackwater hit team in the country,commondreams.org,http://www.commondreams.org/headline/2010/01/09-6
2010-01-10,23:53:49,anug7,17,China pressures Indonesian economy - A new regional trade deal raises tensions between two rising economic powers,globalpost.com,http://www.globalpost.com/dispatch/indonesia/100108/economy-free-trade-Asean
2010-01-10,22:17:55,antoj,16,Crime lord's fake penis falls off during a raid. Attached to it was his street cred.,news.com.au,http://www.news.com.au/breaking-news/world/crime-lords-fake-penis-falls-off-in-raid/story-e6frfkui-1225817860385
2010-01-11,04:51:03,anx5x,16,"Hugo Chavez ordered soldiers to seek out businesses that raise prices after a sharp devaluation of the bolivar currency last week, saying his government will not tolerate price speculation.",theglobeandmail.com,http://www.theglobeandmail.com/report-on-business/chavez-warns-business-after-venezuela-devaluation/article1425896/
2010-01-10,23:16:29,anu4j,12,"'We Regret Driving Out the British,' Say Yemenis...",timesonline.co.uk,http://www.timesonline.co.uk/tol/news/world/middle_east/article6981556.ece
2010-01-10,19:49:14,ansqd,13,Over 200 dead in India's cold snap,earthtimes.org,"http://www.earthtimes.org/articles/show/302928,over-200-dead-in-indias-cold-snap.html"
2010-01-11,04:36:56,anx1a,11,Ahmadinejad: Iran and Syria will create a 'New World Order' ,federaljack.com,http://www.federaljack.com/?p=13532
2010-01-10,22:20:11,antp5,8,Sale of Land to Israel Threatens to Split Church,ipsnews.net,http://www.ipsnews.net/news.asp?idnews=49921
2010-01-10,22:14:05,antnp,8,10 Israeli cops suspected of abusing Palestinian detainee,haaretz.com,http://www.haaretz.com/hasen/spages/1141551.html
2010-01-10,10:49:12,anpix,8,"Czech Catholic Cardinal: Atheists causing ""Islamization"" of Europe.",palibandaily.com,http://www.palibandaily.com/2010/01/09/catholic-cardinal-blames-islamization-of-europe-on-atheists/
2010-01-10,22:47:50,antwk,9,"Israeli security firm are at the crux of an international investigation in recent days, as experts try to pinpoint the reasons for the security failure that enabled Umar Abdulmutallab to board Northwest flight 253 & attempt to set alight explosives hidden in his underwear.",haaretz.com,http://www.haaretz.com/hasen/spages/1141434.html
2010-01-10,21:19:26,ant9d,8,Afghan blast kills Sunday Mirror correspondent,news.bbc.co.uk,http://news.bbc.co.uk/2/hi/uk_news/8450603.stm
2010-01-11,06:30:36,anxxx,5,Hockey Stick' Creator Michael Mann: 'A bounty has been offered to anyone who can link him to fraud' -- 'whistle-blower could make up to $12 million'',philly.com,http://www.philly.com/philly/news/homepage/81058187.html?viewAll=y
2010-01-11,02:40:59,anw0t,7,Venezuela Faces Risk of Devastating Power Collapse,nytimes.com,http://www.nytimes.com/aponline/2010/01/09/world/AP-LT-Venezuela-Electricity.html?_r=1
2010-01-10,08:15:44,anoea,5,India and Pakistan exchange rocket fire: media stories conflict,examiner.com,http://www.examiner.com/x-4454-Geopolitics-Examiner~y2010m1d9-India-and-Pakistan-exchange-rocket-fire-media-stories-conflict
