2014-06-06,07:40:54,27f8eb,5766,"Quebec passes 'dying with dignity' bill, allows terminally ill patients be given the choice to end their lives.",cbc.ca,http://www.cbc.ca/news/canada/montreal/quebec-passes-dying-with-dignity-bill-1.2665834
2014-06-06,13:15:58,27g0fc,3381,Gunman who killed three RCMP officers and wounded two others in Moncton has been captured by police,theglobeandmail.com,http://www.theglobeandmail.com/news/national/witnesses-describe-terror-in-moncton-shooting-suspect-still-at-large/article18998875/#dashboard/alerts
2014-06-06,19:22:16,27gjsi,3221,Irish government now seemingly caught in the act of tapping thousands of phones,irishtimes.com,http://www.irishtimes.com/business/sectors/technology/thousands-of-requests-made-to-secretly-track-irish-phone-calls-1.1822930
2014-06-06,00:39:17,27e0x3,2982,"After 16 hours, gunman who killed three Canadian cops still on the loose, city in lockdown",news.nationalpost.com,http://news.nationalpost.com/2014/06/05/moncton-shooting-manhunt-continues-as-city-remains-under-siege-with-gunman-on-the-loose/
2014-06-06,21:07:03,27goyu,2702,Vodafone admits governments use 'secret cables' to tap citizens' phones,telegraph.co.uk,http://www.telegraph.co.uk/technology/internet-security/10880208/Vodafone-admits-governments-use-secret-cables-to-tap-citizens-phones.html
2014-06-06,22:16:36,27gtgk,2474,"Internet users cannot be sued for browsing the web, ECJ rules",theguardian.com,http://www.theguardian.com/technology/2014/jun/05/internet-users-cannot-be-sued-for-browsing-the-web-ecj-rules
2014-06-06,22:09:03,27gsvp,1063,"(Reuters) – An 18-year-old Pakistani has survived being shot and thrown in a canal by her family for marrying the man she loved, police said, weeks after the “honor killing” of another woman drew worldwide condemnation",reuters.com,http://www.reuters.com/article/2014/06/05/us-pakistan-woman-idUSKBN0EG1XM20140605?feedType=RSS&feedName=worldNews
2014-06-06,16:41:38,27gcxb,904,"Thai military leader: ""I want to tell any offenders on social media that police will come get you"" for criticizing them.",washingtonpost.com,http://www.washingtonpost.com/world/asia_pacific/thai-police-well-get-you-for-junta-criticism/2014/06/06/1678dd1e-ed4d-11e3-8a8a-e17c08f80871_story.html
2014-06-06,20:32:35,27gn37,737,German intelligence agency confesses to spy stations,theguardian.com,http://www.theguardian.com/world/2014/jun/06/german-intelligence-agency-confesses-spy-stations
2014-06-06,19:30:33,27gk5x,491,Brazil transit strike hits a week before World Cup,cbc.ca,http://www.cbc.ca/news/world/brazil-transit-strike-hits-a-week-before-world-cup-1.2666825
2014-06-06,14:08:41,27g41f,449,"""Bill C-24 promises to shred the passports of Canadians who the Minister of Immigration deems terrorists—and deport them to countries they may have never seen before.""",vice.com,http://www.vice.com/en_ca/read/the-canadian-government-is-introducing-new-legislation-to-exile-and-banish-its-citizens
2014-06-06,08:06:38,27fau7,426,Vodafone reveals existence of secret wires that allow state surveillance,theguardian.com,http://www.theguardian.com/business/2014/jun/06/vodafone-reveals-secret-wires-allowing-state-surveillance
2014-06-06,03:21:00,27ehhk,379,CIA drone strikes: embarrassment for US as Pakistan court orders murder investigation - Telegraph,telegraph.co.uk,http://www.telegraph.co.uk/news/worldnews/asia/pakistan/10876994/CIA-drone-strikes-embarrassment-for-US-as-Pakistan-court-orders-murder-investigation.html
2014-06-06,21:06:21,27goxl,363,Twelve injured in sword fight between rival Sikhs rowing over who should speak first,independent.co.uk,http://www.independent.co.uk/news/world/asia/violent-clashes-at-indias-golden-temple-at-amritsar-leave-12-injured-as-rival-sikh-groups-raise-swords-over-who-speaks-first-at-memorial-9498146.html
2014-06-06,21:12:12,27gpas,329,Russian President Vladimir Putin meets Ukrainian President-elect Petro Poroshenko for first time since election,bbc.com,http://www.bbc.com/news/world-europe-27735180#TWEET1149463
2014-06-06,18:46:47,27gi6d,275,Israel navy fires on Gaza fishing boats,en.trend.az,http://en.trend.az/news/arisc/2282376.html
2014-06-06,05:17:06,27etsu,257,The Canadian government is expanding its surveillance of public activities to include all known demonstrations across the country,news.nationalpost.com,http://news.nationalpost.com/2014/06/05/federal-agency-seeks-to-widen-surveillance-beyond-idle-no-more-to-any-demonstrators-in-canada/
2014-06-06,14:12:56,27g4bd,200,Fishermen's clip proves China's Lied,thanhniennews.com,http://thanhniennews.com/society/fishermens-clip-proves-chinas-inhumane-action-26939.html
2014-06-06,13:19:49,27g0pi,194,North Korea has announced that a third American has been arrested and is in state custody.,bbc.com,http://www.bbc.com/news/world-asia-27727492
2014-06-06,01:06:24,27e3p9,199,"Anti-American Sentiment On The Rise In Russia. Forty percent of respondents said their opinion about the United States was ""generally negative,"" while 31 percent said it was ""very negative.""",rferl.mobi,http://www.rferl.mobi/a/anti-american-sentiment-on-the-rise-in-russia/25411700.html
2014-06-06,20:22:09,27gmkf,163,Ukraine says 15 rebels killed in border clash. Government aide says armed men came from Russia in trucks and an infantry vehicle and tried to cross eastern boundary.,aljazeera.com,http://www.aljazeera.com/news/europe/2014/06/ukraine-says-15-rebels-killed-border-clash-2014667936400443.html
2014-06-06,21:59:35,27gs90,122,German spy agency comes clean on secret sites,theguardian.com,http://www.theguardian.com/world/feedarticle/11381498
2014-06-06,04:57:11,27erog,124,"Hundreds of Scientists to Canada Prime Minister Stephen Harper: Pipeline report ""deeply flawed"" - Blasts federal review recommending approval of Northern Gateway tar sands pipeline as biased. He'll decide whether to approve $7b pipeline from Alberta to British Columbia this month.",america.aljazeera.com,http://america.aljazeera.com/articles/2014/6/4/canada-northern-gateway.html
2014-06-06,20:01:53,27glm9,90,"Big blast hits Kosovo power station near Pristina: A loud explosion has been reported at a coal-fired power station outside Kosovo's capital Pristina, causing a number of casualties.",bbc.co.uk,http://www.bbc.co.uk/news/world-europe-27734312
2014-06-06,22:40:11,27gvbv,84,"China Praises Germany, Slams Japan on D-Day Anniversary",voanews.com,http://www.voanews.com/content/china-praises-germany-slams-japan-on-d-day-anniversary-reu/1931017.html
2014-06-06,00:45:44,27e1ka,75,Russia and North Korea switching to trade in rubles,rt.com,http://rt.com/business/163932-russia-nkorea-trade-deal/
2014-06-06,12:44:41,27fy2o,61,"Canada introduces new sex trade law that will make it legal to sell sex privately, but illegal to buy it",wctv.tv,http://www.wctv.tv/home/headlines/Canada-government-introduces-new-sex-trade-law-262025611.html
2014-06-06,02:24:58,27ebrc,54,"Climate change ""off the G20 agenda"" as Australia prepares to abolish carbon price",theguardian.com,http://www.theguardian.com/environment/southern-crossroads/2014/jun/05/g20-climate-change-agenda-obama-abbott
2014-06-06,20:18:55,27gmf3,50,"Don't touch my feet, India's Modi tells BJP MPs - Hitting out at the culture of sycophancy, Prime Minister Narendra Modi asks BJP MPs to shun the practice of touching his feet & that of other leaders.",timesofindia.indiatimes.com,http://timesofindia.indiatimes.com/india/PM-Narendra-Modi-to-BJP-MPs-Stop-touching-feet-be-regular-in-Parliament/articleshow/36144302.cms
2014-06-06,09:15:31,27fguo,51,"New Zealand's Green Party calls for abortion to be decriminalised: “By keeping abortion a crime, New Zealand has created an unnecessary stigma around abortion that has led to delays, erratic access to terminations depending on where you are in the country, and unnecessarily late terminations.""",scoop.co.nz,http://www.scoop.co.nz/stories/PA1406/S00073/green-party-to-decriminalise-abortion.htm
