2014-08-27,22:21:13,2eq0yd,19904,"Australian Prime Minister, Tony Abbott, to go ahead with $244 million program that introduces religious chaplains to state schools and keeps secular workers out.",smh.com.au,http://www.smh.com.au/federal-politics/political-news/tony-abbott-to-keep-secular-workers-out-of-school-chaplaincy-program-20140827-1091u0.html
2014-08-27,07:40:01,2eo6kg,6923,Terror suspects may lose Norwegian citizenship: The government is considering withdrawing Norwegian citizenship from individuals taking part in terror activities and wars abroad.,thelocal.no,http://www.thelocal.no/20140825/norway-to-revoke-citizenship-of-terror-warriors-fighting-abroad
2014-08-27,14:55:27,2epaa6,3729,"North Korea calls US a ""human rights graveyard"" over Ferguson.",channelnewsasia.com,http://www.channelnewsasia.com/mobile/asiapacific/n-korea-calls-us-human/1332212.html?cid=TWTCNA
2014-08-27,02:52:48,2enah9,2133,American Douglas McAuthur McCain Killed Fighting for ISIS in Syria,mideastfaces.com,http://www.mideastfaces.com/trending/american-douglas-mcauthur-mccain-killed-fighting-isis-syria/
2014-08-27,08:41:39,2eocsg,1702,Irreversible Damage Seen From Climate Change in UN Leak,bloomberg.com,http://www.bloomberg.com/news/2014-08-26/irreversible-damage-seen-from-climate-change-in-un-leak.html
2014-08-27,16:26:18,2epfqi,1306,"Great Barrier Reef: Australian MP Says He ""Got it Wrong"" on Dredging Spoil - Admits he was wrong to support dumping of 5m tons of sediment into the Reef's marine park. Writes open letter, saying he's looking at options to dump dredging spoil on land.",theguardian.com,http://www.theguardian.com/environment/2014/aug/27/barrier-reef-government-mp-says-he-got-it-wrong-on-dredging-spoil-support
2014-08-27,19:34:27,2eppo5,1061,All schools in Nigeria have been ordered to remain shut until 13 October as part of measures to prevent the spread of the deadly Ebola virus. The new academic year was due to start on Monday.,bbc.com,http://www.bbc.com/news/world-africa-28950347
2014-08-27,12:40:58,2eozpn,959,"Rotherham sex abuse scandal: 1,400 children exploited by Asian gangs while authorities turned a blind eye - Telegraph",telegraph.co.uk,http://www.telegraph.co.uk/news/uknews/crime/11057647/Rotherham-sex-abuse-scandal-1400-children-exploited-by-Asian-gangs-while-authorities-turned-a-blind-eye.html
2014-08-27,02:18:09,2en6h1,913,The Argentine government says it is revoking the operating license of a U.S. bank that has played a central role in the dispute that recently pushed the country into default,abcnews.go.com,http://abcnews.go.com/International/wireStory/argentina-us-based-bny-mellon-25131992
2014-08-27,02:11:19,2en5nj,884,Nato plans east European bases to counter Russian threat,theguardian.com,http://www.theguardian.com/world/2014/aug/26/nato-east-european-bases-counter-russian-threat
2014-08-27,13:22:09,2ep3ab,726,Astronomers: ‘First Evidence’ Of Water Clouds Discovered Outside Solar System,washington.cbslocal.com,http://washington.cbslocal.com/2014/08/26/astronomers-first-evidence-of-water-clouds-discovered-outside-solar-system/
2014-08-27,19:22:15,2epp1f,643,London Metropolitan Police chief apologises for officer's unlawful use of CS spray on protesters - Sir Bernard Hogan-Howe admits officer used excessive force when he sprayed teargas into faces of UK Uncut protesters,theguardian.com,http://www.theguardian.com/uk-news/2014/aug/27/met-chief-apologises-officers-unlawful-cs-spray-protesters
2014-08-27,22:16:00,2eq0ie,639,"NATO Plans More Visible Presence in Eastern Europe: “It is safe to say that nobody had expected Russia to grab land by force. We also saw a remarkable change in the Russian military approach and capability since, for instance, the Georgian war in 2008.”",nytimes.com,http://www.nytimes.com/2014/08/28/world/europe/nato-plans-more-visible-presence-in-eastern-europe.html?_r=0
2014-08-27,08:25:01,2eob29,565,"The U.S. Coast Guard fired at an Iranian fishing dhow in the Persian Gulf after the Iranian boat pointed a machine gun at the American crew, the Navy said on Tuesday.",cnn.com,http://www.cnn.com/2014/08/26/world/u-s-coast-guard-iran-incident/index.html?hpt=hp_t2
2014-08-27,16:48:36,2eph09,516,Egypt's Sisi says Qatar and Turkey are spending millions to spread chaos in Arab lands,jpost.com,http://www.jpost.com/Middle-East/Egypts-Sisi-says-Qatar-and-Turkey-are-spending-millions-to-spread-chaos-in-Arab-lands-372332
2014-08-27,05:11:41,2enqga,507,"16% of French Citizens Support ISIS, Poll Finds",newsweek.com,http://www.newsweek.com/16-french-citizens-support-isis-poll-finds-266795
2014-08-27,20:59:16,2epuou,429,"The Ukrainian military said on Wednesday that more Russian soldiers had crossed the border into eastern Ukraine, entering the small town of Amvrosiyivka in five armoured infantry carriers and a truck.",reuters.com,http://www.reuters.com/article/2014/08/27/uk-ukraine-crisis-russians-idUKKBN0GR0XA20140827?feedType=RSS&feedName=topNews
2014-08-27,07:35:20,2eo65m,427,Saudi Arabia busts cell of ISIS recruiters,english.alarabiya.net,http://english.alarabiya.net/en/News/middle-east/2014/08/26/Saudi-Interior-Ministry-to-announce-arrest-of-a-cell-of-inciters-.html
2014-08-27,02:48:40,2ena0p,415,"Iran to military intervene in Iraq ""with no restrictions"" if ISIS captures holy Shiite cities of Karbala and Najaf",en.trend.az,http://en.trend.az/news/politics/2305588.html
2014-08-27,21:01:31,2epuu9,385,China Said to Consider $16 Billion Electric Vehicle-Charging Fund - China’s central government last month set a target for electric cars to make up at least 30 percent of government vehicle purchases by 2016.,bloomberg.com,http://www.bloomberg.com/news/2014-08-26/china-said-to-consider-16-billion-ev-charging-funding.html
2014-08-27,19:30:05,2eppfk,292,Syrian rebels take over border crossing with Israel | i24news,i24news.tv,http://www.i24news.tv/en/news/israel/diplomacy-defense/41617-140827-two-israeli-soldiers-wounded-on-syrian-border
2014-08-27,20:53:49,2epucq,209,Advertising Standards Authority rules Peabody’s ‘clean coal’ ad misleading,theguardian.com,http://www.theguardian.com/sustainable-business/2014/aug/26/advertising-standards-authority-rules-peabodys-clean-coal-ad-misleading
2014-08-27,19:17:26,2eposr,187,Ukraine's PM says Russia has plans to block gas flows to Europe,reuters.com,http://www.reuters.com/article/2014/08/27/us-ukraine-crisis-gas-idUSKBN0GR0W120140827?feedType=RSS&feedName=worldNews
2014-08-27,07:41:28,2eo6pd,157,"Iranian General Threatens Surprise Attack on Israel; wants to ""air its grievances with Israel on the 'battlefield' """,freebeacon.com,http://freebeacon.com/national-security/iranian-general-threatens-surprise-attack-on-israel/
2014-08-27,22:40:56,2eq2qe,158,IMF Chief Christine Lagarde Under Investigation Over Fraud Charges,newseveryday.com,http://www.newseveryday.com/articles/683/20140827/imf-chief-christine-lagarde-under-investigation-over-fraud-charges.htm
2014-08-27,02:03:20,2en4pf,148,"Italy wants EU-US trade talks made public: The letter was co-signed by the European Commissioner for Trade, Karel de Gucht. Italy currently holds the presidency of the Council of the European Union.",globalpost.com,http://www.globalpost.com/dispatch/news/afp/140825/italy-wants-eu-us-trade-talks-made-public
2014-08-27,08:14:25,2eoa0a,142,"Iceland volcano: Magma moving towards new volcanic system - ""It's moving at about 4km a day towards Askja, and if it keeps going it will get there in a few days""",bbc.com,http://www.bbc.com/news/science-environment-28943708
2014-08-27,00:19:26,2emt8c,131,Two teenage girls – 15 and 17 years old – have been arrested in France on accusations of criminal conspiracy for allegedly being in contact with a 14-year-old girl who left the country to fight in Syria.,pangeatoday.com,http://www.pangeatoday.com/france-worried-about-teenage-jihad-fighters/?orderBy=popular
2014-08-27,23:23:57,2eq6t4,126,A seven-year-old Indian girl who was allegedly buried alive by relatives in the northern state of Uttar Pradesh has been rescued by a villager.,bbc.com,http://www.bbc.com/news/world-asia-india-28948296
2014-08-27,06:13:02,2enxeu,111,"U.N. helicopter shot down in South Sudan, three killed, Russian owner says",mobile.reuters.com,http://mobile.reuters.com/article/worldNews/idUSKBN0GQ1PF20140826?irpc=932
