2014-07-30,05:24:01,2c2qb6,38071,Malaria vaccine discovered,m.bbc.com,http://m.bbc.com/news/health-28541939
2014-07-30,03:32:37,2c2dh3,6270,"US unable to account for $626 million worth of weapons in Afghanistan | The Department of Defense cannot account for 747,000 weapons and auxiliary military equipment.",thediplomat.com,http://thediplomat.com/2014/07/us-unable-to-account-for-626-million-worth-of-weapons-in-afghanistan/?utm_source=feedburner&utm_medium=feed&utm_campaign=Feed%3A+the-diplomat+%28The+Diplomat+RSS%29
2014-07-30,21:09:32,2c4uj0,16518,Israel bombs another UN school despite them telling Israel 17 times that the school housed civilians,m.bbc.com,http://m.bbc.com/news/world-middle-east-28558433
2014-07-30,01:01:06,2c1wcu,4358,Israeli Official To Obama: ‘Leave Us Alone’ - CBS DC,washington.cbslocal.com,http://washington.cbslocal.com/2014/07/29/israeli-official-to-obama-leave-us-alone/
2014-07-30,16:14:52,2c4ecq,10496,Diabetic ex soldier dies with £3.44 to his name because his unemployment benefits were cut for missing an appointment. Corner says there was no food in his stomach.,mirror.co.uk,http://www.mirror.co.uk/news/uk-news/killed-benefits-cuts-starving-soldier-3923771
2014-07-30,22:31:22,2c50xb,1904,South Korea sends chocolate snacks into North Korea via balloon,telegraph.co.uk,http://www.telegraph.co.uk/news/worldnews/asia/northkorea/10999802/South-Korea-sends-chocolate-snacks-into-North-Korea-via-balloon.html
2014-07-30,04:34:28,2c2kj2,1836,"Top virologist doctor, Sheik Umar Khan, dies of ebola virus aged 39",independent.co.uk,http://www.independent.co.uk/news/world/africa/ebola-virus-top-sierra-leone-doctor-shek-umar-dies-of-disease-9636406.html
2014-07-30,06:41:27,2c2yvd,1551,"Gaza Crisis: Far-Right Israelis Chant 'There's No School Tomorrow, There's No Children Left in Gaza!'",ibtimes.co.uk,http://www.ibtimes.co.uk/gaza-crisis-far-right-israelis-chant-theres-no-school-tomorrow-theres-no-children-left-1458797
2014-07-30,19:03:27,2c4nab,1479,"World Faces ""Insurmountable"" Water Crises by 2040 - “There will be no water by 2040 if we keep doing what we’re doing today.” Wind, solar power increase needed to avoid global drought",america.aljazeera.com,http://america.aljazeera.com/articles/2014/7/29/water-electricitydroughts.html
2014-07-30,18:49:03,2c4mi2,1144,"The World's Tigers—There are Only 3,200 Left in the Wild",news.nationalgeographic.com,http://news.nationalgeographic.com/news/2014/07/pictures/140729-tigers-conservation-cubs-hunting-environment-science/
2014-07-30,22:16:55,2c4zlh,1088,"Fear of Ebola Breeds a Terror of Physicians - ""Villagers flee at the sight of a Red Cross truck. When a Westerner passes, villagers cry out, 'Ebola, Ebola!' and run away.""",nytimes.com,http://www.nytimes.com/2014/07/28/world/africa/ebola-epidemic-west-africa-guinea.html?ref=africa&_r=0
2014-07-30,12:45:32,2c3z0o,1030,Hamas threatening journalists in Gaza who expose abuse of civilians,timesofisrael.com,http://www.timesofisrael.com/hamas-threatening-journalists-in-gaza-who-expose-abuse-of-civilians?toi
2014-07-30,10:02:50,2c3jgb,863,U.N. says more rockets found at one of its Gaza schools,af.reuters.com,http://af.reuters.com/article/egyptNews/idAFL6N0Q45TO20140729
2014-07-30,22:27:16,2c50js,815,Moscow Stock Exchange Suspends Trading,finance.yahoo.com,https://finance.yahoo.com/news/moscow-exchange-suspends-share-trading-121325700.html
2014-07-30,01:04:57,2c1wpp,804,Belgium calls for clear labelling of goods from Israeli settlements,theguardian.com,http://www.theguardian.com/world/2014/jul/29/belgium-clear-labelling-goods-israeli-settlements
2014-07-30,02:47:48,2c2866,687,The space race for Mars is heating up. Russia confirms green light for super heavy lift rocket amid nuclear treaty talks.,spaceindustrynews.com,http://spaceindustrynews.com/the-space-race-for-mars-is-heating-up-russia-confirms-green-light-for-super-heavy-lift-rocket-amid-nuclear-treaty-talks/4266/
2014-07-30,08:18:52,2c398g,665,WikiLeaks publishes 'unprecedented' secret Australian court suppression order,smh.com.au,http://www.smh.com.au/national/wikileaks-publishes-unprecedented-secret-australian-court-suppression-order-20140730-zyc6m.html
2014-07-30,11:23:46,2c3rfw,635,Over 90% of Jewish Israelis say Gaza op justified,timesofisrael.com,http://www.timesofisrael.com/over-90-of-jewish-israelis-say-gaza-op-justified/
2014-07-30,19:48:02,2c4pr0,526,Regulators want bankers to accept criminal liability under new plans,theguardian.com,http://www.theguardian.com/business/2014/jul/30/regulators-want-bankers-to-accept-criminal-liability
2014-07-30,23:16:37,2c551j,527,Poll Says Around 60 Percent Russians not in Favor of Military Interference in Ukraine,newseveryday.com,http://www.newseveryday.com/articles/152/20140730/poll-around-60-percent-russians-favor-military-interference-ukraine.htm
2014-07-30,01:24:18,2c1ytq,442,"Pressure is mounting on France to ban a far-right Jewish group, described as violent and extreme by critics, following its involvement in clashes at a pro-Palestinian protest in Paris and the jailing of two of its supporters over a bomb plot",france24.com,http://www.france24.com/en/20140729-calls-mount-ban-france-violent-jewish-defence-league/
2014-07-30,12:11:46,2c3vyj,439,Palestinians accuse Hamas of executing Palestinians,mobile.wnd.com,http://mobile.wnd.com/2014/07/palestinians-accuse-hamas-of-executing-its-own-people/
2014-07-30,02:56:48,2c296x,338,CNN: Ukrainian government uses ballistic missiles against rebels,cnn.com,http://www.cnn.com/2014/07/29/world/europe/ukraine-crisis/index.html
2014-07-30,07:41:58,2c35i1,328,"Rockets found in UNRWA school, for third time.",timesofisrael.com,http://www.timesofisrael.com/rockets-found-in-unrwa-school-for-third-time/
2014-07-30,18:00:46,2c4k1h,324,UK government will allow driverless cars on the road by 2015,bbc.co.uk,http://www.bbc.co.uk/news/technology-28551069
2014-07-30,00:37:33,2c1tt1,281,Hamas declares that Israel's recent military operations has only reached a fraction of their tunnels.,jpost.com,http://www.jpost.com/Operation-Protective-Edge/Hamas-spokesman-Israel-has-reached-only-a-fraction-of-the-tunnels-369157
2014-07-30,17:35:01,2c4ioy,277,Gaza: '100 Palestinians Killed In One Day',news.sky.com,http://news.sky.com/story/1309208/gaza-100-palestinians-killed-in-one-day
2014-07-30,01:11:45,2c1xfl,218,Thai junta unamused by comedian John Oliver's royal jibes. British performer and host considered a threat by government for 'undermining the royal institution' with jokes about prince.,theguardian.com,http://www.theguardian.com/tv-and-radio/2014/jul/29/thai-junta-comedian-john-oliver-royal-jibes
2014-07-30,03:13:42,2c2b89,206,Ebola fears hit close to home: the Liberian official that died of Ebola in Nigeria was on his way to America,cnn.com,http://www.cnn.com/2014/07/29/health/ebola-outbreak-american-dies/
2014-07-30,16:16:40,2c4ehc,202,"Israeli Shells Said to Hit School in Gaza, Killing 15",nytimes.com,http://www.nytimes.com/2014/07/31/world/middleeast/israel-gaza.html
