2014-05-11,01:19:27,257qzn,3347,"100,000 'yes' ballots for referendum intercepted in Sloviansk",kyivpost.com,http://www.kyivpost.com/content/ukraine/100000-yes-ballots-for-referendum-intercepted-2-347222.html
2014-05-11,11:17:00,2593ph,3018,"US Marines, Satellite locate missing girls in Sambisa forest",theheraldng.com,http://www.theheraldng.com/us-marines-satellite-locate-missing-girls-sambisa-forest-bringbackourgirls/
2014-05-11,21:34:03,259y0m,2702,Full-scale large military drone operations will start shortly in Japan and its nearby airspace to monitor Chinese military activities and North Korea’s nuclear and missile development.,the-japan-news.com,http://the-japan-news.com/news/article/0001272516
2014-05-11,21:32:03,259xx4,1963,Some Ukraine voters seen voting twice in pro-Russian separatist poll,cnn.com,http://www.cnn.com/2014/05/11/world/europe/ukraine-crisis/index.html?hpt=hp_t2
2014-05-11,00:36:35,257njo,1634,China may build an undersea train to America,washingtonpost.com,http://www.washingtonpost.com/blogs/worldviews/wp/2014/05/09/china-may-build-an-undersea-train-to-america/
2014-05-11,02:07:41,257uvq,888,Russian deputy PM tweets threat to fly over Romania in strategic bomber,theguardian.com,http://www.theguardian.com/world/2014/may/10/russian-deputy-pm-bomber-tweet-romania-dmitry-rogozin
2014-05-11,07:23:09,258lep,863,Austria wins Eurovision song contest,telegraph.co.uk,http://www.telegraph.co.uk/culture/tvandradio/eurovision/10811351/Eurovision-Song-Contest-2014-live.html
2014-05-11,03:33:37,25828v,836,"Europeans Are Getting Fatter, Just Like Americans.",npr.org,http://www.npr.org/blogs/health/2014/05/09/311116522/europeans-are-getting-fatter-just-like-americans
2014-05-11,02:00:33,257ucp,725,"As Italy gears up to become EU president, Italian PM Renzi vows to push for ""United States of Europe""",euractiv.com,http://www.euractiv.com/sections/eu-elections-2014/italian-pm-vows-push-united-states-europe-during-presidency-302048
2014-05-11,00:21:37,257mgd,561,Swiss company agrees to pay $4.4m fine for helping US tax dodgers • US thanks Swisspartners for 'extraordinary cooperation' • Credit Suisse expected to face big fine and criminal charges.,theguardian.com,http://www.theguardian.com/world/2014/may/10/swiss-company-fine-us-tax-dodgers
2014-05-11,23:52:40,25a66g,518,Russia Claims Ukraine’s Black Sea Oil And Gas Bounty,oilprice.com,http://oilprice.com/Energy/Energy-General/Russia-Claims-Ukraines-Black-Sea-Oil-And-Gas-Bounty.html
2014-05-11,03:13:35,2580kf,487,"A 12,000-year-old tomb made of rock in the southern province of Mersin’s Silifke district has been blown up with dynamite by treasure hunters.",hurriyetdailynews.com,http://www.hurriyetdailynews.com/treasure-hunters-destroy-tomb.aspx?pageID=238&nID=65958&NewsCatID=375
2014-05-11,19:27:22,259t0j,261,"Iran will not accept 'nuclear apartheid', says President Hassan Rohani",ibtimes.co.uk,http://www.ibtimes.co.uk/iran-will-not-allow-nuclear-apartheid-says-hassan-rohani-1448078
2014-05-11,17:53:54,259pv6,245,Ukraine: referendum for self-rule in eastern regions begins - live updates,theguardian.com,http://www.theguardian.com/world/2014/may/11/ukraine-referendum-for-self-rule-in-eastern-regions-begins-live-updates
2014-05-11,01:24:17,257rer,233,The lawyer defending a Pakistani doctor jailed after helping the CIA find Osama bin Laden is quitting the case because of death threats and alleged U.S. interference in the trial,thestar.com.my,http://www.thestar.com.my/News/World/2014/05/10/Lawyer-for-Pakistan-doctor-jailed-over-bin-Laden-hunt-quits-amid-threats/
2014-05-11,23:00:16,25a2nv,198,Saudi Arabia warns of MERS risk from camels as cases rise,reuters.com,http://www.reuters.com/article/2014/05/11/us-health-saudi-camels-idUSKBN0DR06520140511
2014-05-11,02:09:47,257v29,184,France and Germany have threatened Russia with further sanctions if Ukraine's presidential election on 25 May fails to go ahead.,bbc.com,http://www.bbc.com/news/world-europe-27355085
2014-05-11,21:22:22,259xhn,170,Israeli ministers approve bid to block Palestinian prisoner releases,reuters.com,http://www.reuters.com/article/2014/05/11/us-palestinian-prisoners-idUSBREA4A04Q20140511?feedType=RSS&feedName=topNews&utm_source=dlvr.it&utm_medium=twitter&dlvrit=992637
2014-05-11,20:44:22,259vwd,177,Philippines Jails Chinese Sailors in Fish Dispute,nytimes.com,http://www.nytimes.com/2014/05/11/world/asia/raising-stakes-in-fight-with-china-philippines-jails-fishermen.html?src=twr&_r=0
2014-05-11,08:10:35,258pah,157,Budget-strapped Israeli military banks on future US aid,reuters.com,http://www.reuters.com/article/2014/05/09/us-israel-usa-defence-idUSBREA4807A20140509
2014-05-11,08:41:07,258rrx,144,North Korea Says It Will Defend Its Dignity With Another Nuclear Test,news.yahoo.com,http://news.yahoo.com/north-korea-says-defend-dignity-another-nuclear-test-142700113.html
2014-05-11,04:16:21,2585xl,139,Mexico legalizes vigilantes fighting drug cartel,theglobeandmail.com,http://www.theglobeandmail.com/news/world/mexico-legalizes-vigilantes-fighting-drug-cartel/article18596451/
2014-05-11,06:54:29,258j2e,137,Nigeria Refused Help to Search for Kidnapped Girls,abcnews.go.com,http://abcnews.go.com/International/wireStory/nigeria-refused-search-kidnapped-girls-23668433
2014-05-11,23:44:32,25a5lx,115,Young Gurkha slays Pak militant in fierce hand-hand-combat long LoC in Jammu and Kashmir,indiatoday.intoday.in,http://indiatoday.intoday.in/story/prem-bahadur-roka-magar-gurkha-regiment-line-of-control-hand-to-hand-combat/1/360159.html
2014-05-11,00:46:11,257ob2,115,China is reportedly thinking about building a bullet train that reaches America,qz.com,http://qz.com/208119/china-is-reportedly-thinking-about-building-a-bullet-train-that-reaches-america/
2014-05-11,13:40:58,259dm6,79,Brazil deploys troops to secure borders for World Cup,reuters.com,http://www.reuters.com/article/2014/05/10/brazil-worldcup-security-idUSL2N0NW0GR20140510
2014-05-11,19:23:46,259sw1,74,British Foreign Office pays female staff less than men,independent.co.uk,http://www.independent.co.uk/news/uk/politics/foreign-office-pays-female-staff-less-than-men-9349922.html
2014-05-11,22:21:01,25a0fc,68,"Climate change key issue as sea threatens Sundarbans. ""Climate change is responsible for all this as sea levels are rising. We are the first victims,"" says Sahadeb Guru, a farmer in Pathar Pratima block. At least four islands have already been washed away",m.economictimes.com,http://m.economictimes.com/industry/et-cetera/climate-change-key-issue-as-sea-threatens-sundarbans/articleshow/34968374.cms
2014-05-11,23:43:52,25a5jc,74,"Militants in Iraq launched an audacious attack on a military barracks in a remote area in the country's north and killed 20 troops overnight, including some who had been bound and shot at close range, authorities said Sunday as other attacks killed 14",bigstory.ap.org,http://bigstory.ap.org/article/militants-kill-20-troops-northern-iraq
2014-05-11,18:38:25,259res,65,"Yuhang District in Hangzhou, China: Protests over proposed construction of huge waste incinerator turn violent",reuters.com,http://www.reuters.com/article/2014/05/11/us-china-protests-idUSBREA4904320140511
