2014-05-26,16:06:33,26i719,3384,"China to take 5 million old cars off road in 2014 in anti-pollution push: China plans to take more than 5 million ageing vehicles off its roads this year in a bid to improve air quality, with 330,000 cars set to be decommissioned in Beijing alone, the gov't said in a policy document published Monday",reuters.com,http://www.reuters.com/article/2014/05/26/us-china-pollution-idINKBN0E60AZ20140526?feedType=RSS&feedName=worldNews
2014-05-26,17:08:25,26ia8c,2960,Afghanistan says illegal monitoring of telephone calls by the NSA is a violation of national sovereignty of Afghanistan and a violation of human rights,newsweekpakistan.com,http://newsweekpakistan.com/afghanistan-hits-out-at-u-s-spying-allegations/
2014-05-26,16:29:02,26i878,2810,Australian senator smuggles fake 'pipe bomb' into Parliament House to mock the new security rules,abc.net.au,http://www.abc.net.au/news/2014-05-26/bill-heffernan-fake-pipe-bomb-parliament-house-security-concerns/5477468
2014-05-26,03:22:47,26glhn,2499,The French far-right party gets 25% of the votes in European elections,chicagotribune.com,"http://www.chicagotribune.com/news/sns-rt-us-eu-election-france-20140525,0,4666937.story"
2014-05-26,22:55:04,26irdz,1177,Ukraine’s new president Petro Poroshenko says he will push for EU integration,euronews.com,http://www.euronews.com/2014/05/26/ukraine-s-new-president-petro-poroshenko-says-he-will-push-for-eu-integration/
2014-05-26,06:23:24,26h0e0,1111,Far right Neo-Nazi party Golden Dawn wins seats in EU parliament after 10% vote in Greek elections,telegraph.co.uk,http://www.telegraph.co.uk/news/worldnews/europe/greece/10855840/Greeces-far-right-Golden-Dawn-set-to-join-European-Parliament.html
2014-05-26,02:14:23,26gfwz,1079,Chocolate tycoon Petro Poroshenko has won outright victory in Ukraine's presidential election,bbc.com,http://www.bbc.com/news/world-europe-27569057
2014-05-26,19:22:26,26ig8x,1010,Bailiff seizes $800m cruise liner: A Norwegian bailiff has impounded one of the world's biggest cruise ships because of unpaid pilot fees.,bbc.com,http://www.bbc.com/news/blogs-news-from-elsewhere-27538764
2014-05-26,16:17:32,26i7lc,796,North Korea Executes Four Engineers For Pyongyang Apartment Collapse,english.chosun.com,http://english.chosun.com/site/data/html_dir/2014/05/26/2014052600929.html
2014-05-26,02:05:03,26gf3b,712,"Sudan faces mounting condemnation over pregnant woman's death sentence | Calls grow for release of Meriam Yahya Ibrahim and her toddler son and for her sentence, including 100 lashes, to be rescinded",theguardian.com,http://www.theguardian.com/world/2014/may/25/sudan-pregnant-woman-death-sentence-meriam-yahya-ibrahim-toddler
2014-05-26,00:55:10,26g9gw,707,Poverty in Venezuela swells from 21.2% to 27.3% in one year.,english.eluniversal.com,http://english.eluniversal.com/economia/140523/poverty-in-venezuela-swells-from-212-to-273-in-one-year
2014-05-26,23:57:47,26ivya,496,Chinese ship sinks Vietnamese fishing vessel,en.vietnamplus.vn,http://en.vietnamplus.vn/Home/Chinese-ship-sinks-Vietnamese-fishing-vessel/20145/50641.vnplus
2014-05-26,14:55:55,26i2vk,451,"China opens first environmental court as the country looks for new ways to tackle crippling air, water and soil pollution",reuters.com,http://www.reuters.com/article/2014/05/23/us-china-environment-idUSKBN0E30PY20140523?feedType=RSS&feedName=environmentNews
2014-05-26,00:34:47,26g7up,352,"In a goodwill gesture, Pakistan's Prime Minister Nawaz Sharif has ordered the release of 151 Indian fishermen and 57 boats, a day ahead of the visit of his visit to India to attend the swearing-in ceremony of Prime Minister-designate Narendra Modi.",economictimes.com,http://economictimes.com/news/politics-and-nation/pakistan-frees-151-indian-fishermen-ahead-of-nawaz-sharifs-delhi-visit/articleshow/35606887.cms
2014-05-26,03:52:44,26gnvc,337,China's state-owned sector told to cut ties with U.S. consulting firms.,reuters.com,http://www.reuters.com/article/2014/05/25/us-china-cybercrime-consulting-idUSBREA4O0AH20140525?
2014-05-26,12:50:26,26huhl,256,"The left-wing opposition Syriza party has succeeded in capturing first place in Greece's election for the European Parliament, leading the conservative New Democracy party by about 3.5 percent",bigstory.ap.org,http://bigstory.ap.org/article/left-opposition-leads-greece-euro-vote-poll-shows
2014-05-26,22:39:24,26iqax,215,China says Vietnam claims to disputed islets 'ridiculous',dailyzone.com,http://www.dailyzone.com/articles/670/20140526/china-says-vietnam-claims-to-disputed-islets-ridiculous.htm
2014-05-26,21:54:57,26inl7,192,Narendra Modi Sworn in as 15th Prime Minister of India (Live scenes from Rashtrapati Bhavan),ndtv.com,http://www.ndtv.com/blog/show/narendra-modi-sworn-in-as-15th-prime-minister-of-india-482300?curl=1401108699
2014-05-26,18:55:34,26if2p,194,Top Nigerian Islamic cleric calls for unity against Boko Haram,english.alarabiya.net,http://english.alarabiya.net/en/News/africa/2014/05/25/Top-Nigerian-Islamic-cleric-calls-for-unity-against-Boko-Haram-.html
2014-05-26,15:44:07,26i5su,188,"""Dracula's castle"" for sale in Transylvania, Romania",smithsonianmag.com,http://www.smithsonianmag.com/smart-news/draculas-castle-sale-180951499/?no-ist
2014-05-26,13:48:08,26hym6,175,"Chinese Fighter Jets Flew Within Meters Of Japanese Fighter Jets, Japan Says",businessinsider.com,http://www.businessinsider.com/r-china-fighters-within-meters-of-japan-military-planes-minister-2014-24
2014-05-26,06:57:24,26h37o,169,"Karzai offended by Obama's request to meet at Bagram Air Base, doesn't show up. Says ""Afghanistan government is ready to welcome Obama at the presidential palace, but not at Bagram military base""",au.news.yahoo.com,https://au.news.yahoo.com/thewest/world/a/23840026/karzai-refused-to-meet-obama-at-bagram-air-base-says-us-official/
2014-05-26,22:22:09,26ip7s,160,Thai military leader: Junta will hold power ‘indefinitely’,washingtonpost.com,http://www.washingtonpost.com/world/thai-military-leader-junta-will-hold-power-indefinitely/2014/05/26/0a15dea3-8cc4-4410-8930-f906d59a9d5e_story.html?wprss=rss_world
2014-05-26,02:00:06,26geo4,149,"Al-Shabaab Islamists in Somalia have attacked the country's parliament building with a multi-pronged strike involving a car bomb, a suicide bomber and gunmen on foot - at least 7 killed",bbc.co.uk,http://www.bbc.co.uk/news/world-africa-27554498
2014-05-26,01:59:55,26gene,133,Thailand coup: Protests continue despite army warning,bbc.com,http://www.bbc.com/news/world-asia-27563615
2014-05-26,16:30:20,26i89g,123,"Eurosceptic parties storm EU elections: France National Front storm win 25%, UKIP in first place, with 27%, In Germany the Neo-Nazi party won its first seat and the Alternative für Deutschland party set for 7% of the German Vote",bbc.co.uk,http://www.bbc.co.uk/news/world-europe-27559714
2014-05-26,03:33:47,26gmdn,113,Photos of Jewish Museum shooter released as Belgium launches manhunt for suspect who killed four,news.nationalpost.com,http://news.nationalpost.com/2014/05/25/photos-of-jewish-museum-shooter-released-as-belgium-launches-nationwide-manhunt-for-suspect-who-killed-four/
2014-05-26,18:42:14,26ieho,106,Jihadi Workplace Accident: Suicide Belt Detonates At Terrorist Pre-Party,madworldnews.com,http://madworldnews.com/jihadi-workplace-accident-suicide-belt-detonates-terrorist-pre-party/
2014-05-26,21:28:50,26im43,95,Far-right takes victory in Danish European elections | Danish People's party won nearly 27% of the vote and has doubled its number of MEPs,theguardian.com,http://www.theguardian.com/world/2014/may/25/danish-peoples-party-triumphant-in-european-elections
2014-05-26,15:53:39,26i6d1,86,Two members of popular Japanese pop group AKB48 were injured after a fan attacked them with a saw.,bbc.com,http://www.bbc.com/news/world-asia-27572723
