2014-03-16,06:14:34,20idk4,3531,"Russian troops invade Kherson Oblast, Ukrainians declare right to fight back",kyivpost.com,http://www.kyivpost.com/content/ukraine/russian-troops-invade-kherson-oblast-ukrainians-declare-right-to-fight-back-339509.html
2014-03-16,15:19:15,20jes8,3389,"30,000 Australians hit the streets in protest of government policies.",m.theage.com.au,http://m.theage.com.au/federal-politics/political-news/tens-of-thousands-gather-for-march-in-march-protest-20140316-34v1x.html
2014-03-16,07:08:38,20iht7,2796,"Anti-police brutality march declared illegal, broken up",cbc.ca,http://www.cbc.ca/news/canada/montreal/anti-police-brutality-march-declared-illegal-broken-up-1.2574163
2014-03-16,00:20:32,20hkd4,2647,Russian forces have seized a village in mainland Ukraine.,translate.google.com,http://translate.google.com/translate?sl=auto&tl=en&js=n&prev=_t&hl=en&ie=UTF-8&u=http%3A%2F%2Fwww.unian.net%2Fpolitics%2F896888-mid-nazyivaet-vyisadku-rossiyskogo-desanta-na-hersonschine-voennyim-vtorjeniem-rf-v-ukrainu.html&act=url
2014-03-16,09:01:19,20iqgr,2304,"“I am afraid that I am interested in a cold war with the West,” said Mr. Prokhanov, 76, in a lull between interviews on state-controlled television and radio. “I was very patient. I waited for 20 years. I did everything I could so that this war would begin. I worked day and night.”",nytimes.com,http://www.nytimes.com/2014/03/16/world/europe/foes-of-america-in-russia-crave-rupture-in-ties.html?hp&_r=0
2014-03-16,11:18:31,20j0p6,2221,Thousands of Australian protesters take to the streets against Abbott Government policies.,abc.net.au,http://www.abc.net.au/news/2014-03-16/protesters-march-in-march-across-australia-against-govt-policies/5324048
2014-03-16,11:34:59,20j1ui,1887,"MH370 is now thought to be near Perth,Australia",bloomberg.com,http://www.bloomberg.com/news/2014-03-15/malaysia-sets-new-search-zone-as-flight-deliberately-diverted.html
2014-03-16,20:17:16,20jp8p,1513,"North Korea fires 10 short-range missiles toward Sea of Japan, the latest in a series of launches that have provoked criticism from Seoul and Washington",aljazeera.com,http://www.aljazeera.com/news/asia-pacific/2014/03/north-korea-fires-rockets-into-into-sea-201431611225230404.html
2014-03-16,21:45:14,20jtgj,1414,Viral Facebook posts claiming the missing Malaysia Airlines MH370 has been found are used by hackers to spread malware,independent.co.uk,http://www.independent.co.uk/life-style/gadgets-and-tech/news/missing-malaysia-airlines-flight-mh370-plane-found-in-bermuda-triangle-facebook-links-are-profiting-hackers-9194660.html
2014-03-16,21:33:56,20jsw1,863,"112,000 protest in Aus over 'no confidence' in current government.",news.com.au,http://www.news.com.au/national/thousands-turn-out-around-australia-for-march-in-march-against-federal-governments-policies/story-fncynjr2-1226856233099
2014-03-16,01:25:09,20hpgx,837,Belarus Mobilizes Its Military,pjmedia.com,http://pjmedia.com/tatler/2014/03/14/russias-lackey-belarus-mobilizes-its-military/
2014-03-16,05:45:09,20ib6j,814,U.S. Prepares for Russian Retaliation,news.yahoo.com,https://news.yahoo.com/wh-preps-russian-retaliation-094500155--politics.html?soc_src=mediacontentstory
2014-03-16,23:26:05,20jzj3,786,Nigeria Navy destroys 260 illegal oil refineries,lompocrecord.com,http://www.lompocrecord.com/news/world/nigeria-navy-destroys-illegal-oil-refineries/article_3a300466-21f2-5461-995e-e0df869839a2.html
2014-03-16,13:57:18,20jary,754,A letter from Guantanamo: 'Nobody can truly understand how we suffer',aljazeera.com,http://www.aljazeera.com/indepth/opinion/2014/03/letter-from-guantanamo-nobody-c-201431385642747154.html
2014-03-16,09:47:55,20itwk,668,Radar data show that missing Malaysian jet flew directly over Malaysia and was visible on military air defense rader without being noticed or reported by on-duty crew,nytimes.com,http://www.nytimes.com/2014/03/16/world/asia/series-of-errors-by-malaysia-mounts-complicating-the-task-of-finding-flight-370.html
2014-03-16,21:30:30,20jsq5,610,"A BRITISH Muslim couple have been jailed after posting videos on YouTube saying it was “a brilliant day” when Fusilier Lee Rigby was murdered. Royal Barnes, 23, and his wife, Rebekah Dawson, 22, pleaded guilty to three counts of disseminating a terrorist publication last month",dailystar.co.uk,http://www.dailystar.co.uk/news/latest-news/369676/Couple-face-jail-after-gloating-about-Lee-Rigby-murder-in-shocking-videos-on-YouTube
2014-03-16,03:15:00,20hyow,595,Mapped: The 634 runways where missing Malaysia Airlines plane could have landed,mirror.co.uk,http://www.mirror.co.uk/news/world-news/malaysia-airlines-plane-634-runways-3245824
2014-03-16,01:00:11,20hnfz,520,Russian Forces Move Outside of Crimea - Natural Gas Plant Seized,bostonherald.com,http://bostonherald.com/news_opinion/international/europe/2014/03/ukraine_says_russian_forces_move_outside_crimea
2014-03-16,21:14:06,20jrvy,498,2 times as many teenagers are admitted to hospital with self-harm injuries compared to 10 years ago,cbc.ca,http://www.cbc.ca/news/canada/canadian-hospitals-stretched-as-self-harming-teens-seek-help-1.2574316
2014-03-16,06:20:25,20ie0w,467,"US regulator sues 16 banks, incl. Bank of America, Citigroup, Credit Suisse, Deutsche Bank, HSBC, JPMorgan Chase, Barclays, HSBC, and Royal Bank of Scotland, for engaging in manipulation of the Libor rate, a measure of how freely banks lend to each other, in order to protect their revenue streams",bbc.com,http://www.bbc.com/news/business-26584942
2014-03-16,00:52:05,20hms9,451,"Turkish PM accuses dead 15 yr old Berkin Elvan, who spent 9 months in a coma before dying, of having links to terrorism",bbc.com,http://www.bbc.com/news/world-europe-26594922
2014-03-16,04:12:21,20i3jr,400,Ukraine's president fears Russia could invade: Kremlin is behind turmoil in eastern Ukraine and there is 'real danger' Moscow could seize more territory,theguardian.com,http://www.theguardian.com/world/2014/mar/15/ukraine-russia-invade-crimea-referendum
2014-03-16,17:11:52,20jiwu,364,Australia abolishes Carbon Tax,environment.gov.au,http://www.environment.gov.au/topics/cleaner-environment/clean-air/repealing-carbon-tax
2014-03-16,23:12:56,20jyo2,351,"Revelation suggests person who delivered 'All right, good night' message from missing plane knew system had been shut down.",theguardian.com,http://www.theguardian.com/world/2014/mar/16/flight-mh370-last-message-communications-disabled-malaysia
2014-03-16,22:02:23,20jue9,338,Last satellite signal from MH370 'may have been sent while missing jet was on the ground',mirror.co.uk,http://www.mirror.co.uk/news/world-news/missing-malaysia-airlines-plane-live-3248148
2014-03-16,17:41:51,20jjut,229,"Son of Warren Buffett pledges $24m to combat 'overwhelming' rhino poaching - The initiative in South Africa’s Kruger national park will use US border security techniques to tackle ""overwhelming"" problem",theguardian.com,http://www.theguardian.com/environment/2014/mar/15/rhino-poaching-son-warren-buffett-pledges-24m
2014-03-16,00:06:09,20hja4,199,Ron Paul slams US on Crimea crisis and says Russia sanctions are 'an act of war'. Paul tells Guardian change in Ukraine is US-backed coup.,theguardian.com,http://www.theguardian.com/world/2014/mar/15/ron-paul-crimea-russia-sanctions-act-of-war
2014-03-16,13:12:56,20j8a2,189,"Ukrainian Jews Refute Russia's ""Neo-Nazi"" Claims",digitaljournal.com,http://digitaljournal.com/news/world/ukraine-jews-refute-russia-s-neo-nazi-claims/article/376569
2014-03-16,09:52:56,20iuax,173,"Pilot was 'obsessed' with Anwar Ibrahim, Malaysian PM said to be resigning",malaysia-chronicle.com,http://www.malaysia-chronicle.com/index.php?option=com_k2&view=item&id=244482:shock-political-twist-after-days-of-secretly-holding-pilots-laptop-is-msian-pm-out-to-blame-anwar?&Itemid=2
2014-03-16,08:33:43,20ioh3,165,Russia locks down Crimea with land mines ahead of referendum,nypost.com,http://nypost.com/2014/03/11/russia-locks-down-crimea-with-land-mines-ahead-of-referendum/
