2014-05-18,10:36:16,25tzdi,3525,"Brazil will not make good on its commitment to clean up Rio de Janeiro's sewage-filled Guanabara Bay by the 2016 Olympic Games, state environmental officials acknowledged in a letter obtained Saturday by The Associated Press.",thenewstribune.com,http://www.thenewstribune.com/2014/05/17/3200014/rio-official-water-pollution-targets.html?sp=/99/261/
2014-05-18,18:20:51,25upck,2992,Thousands across Australia flock to the March in May protests in opposition of the Abbott Government and its economic policies.,abc.net.au,http://www.abc.net.au/news/2014-05-18/march-in-may-rallies-thousands-gather-to-protest-against-budget/5460482
2014-05-18,22:20:31,25uzc1,2447,"Britain has tried to block release of US 'torture files' that could prove Blair Government was complicit in ill-treatment of terror suspects, it is claimed",dailymail.co.uk,http://www.dailymail.co.uk/news/article-2631607/Britain-tried-block-release-US-torture-files-prove-Blair-Government-complicit-ill-treatment-terror-suspects-claimed.html
2014-05-18,02:22:58,25swp4,2133,"China has built a prototype testing platform for a near-vacuum high-speed maglev train that is theoretically capable of reaching speeds up to 1,800 mph.",businessinsider.com,http://www.businessinsider.com/train-capable-of-reaching-1800-mph-2014-5
2014-05-18,22:50:07,25v111,1875,Switzerland 'rejects world's highest minimum wage',bbc.com,http://www.bbc.com/news/business-27459178
2014-05-18,09:42:18,25tvhc,1609,ISIS Destroys 3000 Year-Old Assyrian Artifacts In Syria,aina.org,http://www.aina.org/news/20140517025551.htm
2014-05-18,23:27:38,25v3d6,1330,"Britains Wealthiest Now Worth £519Billion. ""Britains richest have doubled their wealth in the last 5 years""",thisismoney.co.uk,http://www.thisismoney.co.uk/money/news/article-2631817/The-rich-richer-Britains-wealthiest-worth-519billion.html?ito=feeds-newsxml
2014-05-18,14:27:26,25uf0c,1025,Childhood vaccinations will no longer be free in Australia.,dailytelegraph.com.au,http://www.dailytelegraph.com.au/vaccinations-will-cost-7-no-exceptions/story-e6freuy9-1226921357440
2014-05-18,00:47:39,25sp1o,934,Africa leaders declare 'war' on Nigerian Boko Haram,bbc.co.uk,http://www.bbc.co.uk/news/world-africa-27451966
2014-05-18,09:47:58,25tvwy,790,"North Korea said a ""serious"" accident last week at a construction site in the capital, Pyongyang, claimed casualties and triggered a major rescue operation but no death toll was mentioned.",bigstory.ap.org,http://bigstory.ap.org/article/n-korea-reports-serious-construction-accident
2014-05-18,04:10:33,25t5ir,607,"In Taking Crimea, Putin Gains a Sea of Fuel Reserves: When Russia seized Crimea on March 18, it acquired not just the Crimean landmass but also a maritime zone some three and a half times its size with the rights to underwater resources potentially worth trillions of dollars",nytimes.com,http://www.nytimes.com/2014/05/18/world/europe/in-taking-crimea-putin-gains-a-sea-of-fuel-reserves.html
2014-05-18,11:55:12,25u50j,482,Russian Space Program Gets $52 Billion Boost,themoscowtimes.com,http://www.themoscowtimes.com/business/article/russian-space-program-gets-52bln-boost/500157.html
2014-05-18,21:19:07,25uwb3,465,Balkan Floods Offer New Threat: Loosened Land Mines,abcnews.go.com,http://abcnews.go.com/International/balkan-flood-offers-threat-loosened-land-mines/story?id=23767228
2014-05-18,09:48:31,25tvyf,411,Syrian Girls Forced To Marry ISIS Jihadists,usnews.com,http://www.usnews.com/news/articles/2014/05/14/syrian-girls-forced-to-marry-isis-fighters
2014-05-18,09:59:48,25twro,347,"Devastating floods in Serbia and Bosnia, spreading to Croatia. People are dead, and more flooding is expected tomorrow.",reuters.com,http://www.reuters.com/article/2014/05/18/us-balkans-flood-idUSBREA4G03P20140518?feedType=RSS&feedName=topNews&utm_source=dlvr.it&utm_medium=twitter&dlvrit=992637
2014-05-18,03:05:39,25t04i,341,Mastermind behind al Qaeda’s first attack on U.S. now a security official in Yemen,washingtontimes.com,http://www.washingtontimes.com/news/2014/may/16/mastermind-behind-al-qaedas-first-attack-us-now-se/
2014-05-18,00:51:06,25spb8,257,São Paulo Streets Burn as Brazil’s Protesters Promise ‘Fighting’ Ahead of World Cup,news.vice.com,https://news.vice.com/article/so-paulo-streets-burn-as-brazils-protesters-promise-fighting-ahead-of-world-cup
2014-05-18,22:09:49,25uyrp,250,"U.S.-Russia Tension Could Affect Space Station, Satellites: ""In the aftermath of the Cold War, the two superpowers set aside their mistrust and agreed to build a massive orbiting outpost as a symbol of a new era of cooperation in space exploration. But now that partnership is under serious strain.""",latimes.com,http://www.latimes.com/science/la-na-space-station-dispute-20140517-story.html
2014-05-18,23:29:54,25v3it,195,Nigeria kidnapped schoolgirls: Boko Haram 'prepared to begin release of up to half of the girls,telegraph.co.uk,http://www.telegraph.co.uk/news/worldnews/africaandindianocean/nigeria/10839033/Nigeria-kidnapped-schoolgirls-Boko-Haram-prepared-to-begin-release-of-up-to-half-of-the-girls.html
2014-05-18,20:15:17,25utju,191,White House lawyers unable to find critical Iraq letter from Tony Blair telling George Bush I'm with you whatever.,independent.co.uk,http://www.independent.co.uk/news/uk/home-news/white-house-lawyers-unable-to-find-critical-iraq-letter-from-tony-blair-telling-george-bush-im-with-you-whatever-9391787.html
2014-05-18,12:49:39,25u8rl,101,Boko Haram attacks Chinese workers in Cameroon,theglobeandmail.com,http://www.theglobeandmail.com/news/world/frances-hollande-says-boko-haram-threat-to-all-west-central-africa/article18737808/
2014-05-18,15:18:01,25uhqh,78,Serbian Suburb almost entirely submerged under water while neighbouring towns have met a similar fate,voiceofrussia.com,http://voiceofrussia.com/news/2014_05_18/Serbia-floods-turn-into-unprecedented-disaster-govt-official-8464/
2014-05-18,02:34:49,25sxle,59,Bosnia and Serbia floods: Bodies pulled from rivers,bbc.com,http://www.bbc.com/news/world-europe-27454669
2014-05-18,23:54:14,25v55a,51,Israeli police vows to protect pope against extremists during upcoming visit,i24news.tv,http://www.i24news.tv/en/news/israel/diplomacy-defense/140518-israel-vows-to-protect-pope-against-extremists
2014-05-18,05:41:39,25td4s,48,British-born Boko Haram ringleader was radicalized at UK university,telegraph.co.uk,http://www.telegraph.co.uk/news/worldnews/africaandindianocean/nigeria/10836250/British-born-Boko-Haram-ringleader-was-radicalised-at-UK-university.html
2014-05-18,23:15:17,25v2jv,39,"Heavy gunfire in Libya's capital, target unclear",reuters.com,http://www.reuters.com/article/2014/05/18/us-libya-violence-idUSBREA4G04A20140518
2014-05-18,22:12:16,25uywb,36,"China’s state-run newspaper backs ‘non-peaceful’ steps against Vietnam, “Many people believe that a forced war would convince some countries of China’s sincerely peaceful intentions”",scmp.com,http://www.scmp.com/news/asia/article/1513297/pla-general-blames-vietnam-unrest-says-china-will-not-lose-inch-disputed
2014-05-18,21:19:48,25uwc3,32,"Boko Haram gunmen kill Chinese road worker, kidnap 10 others in Cameroon attack",japantimes.co.jp,http://www.japantimes.co.jp/news/2014/05/17/world/boko-haram-gunmen-kill-chinese-road-worker-kidnap-10-others-cameroon-attack/
2014-05-18,00:37:16,25so9l,33,"British Military Develops ""Quantum Compass"" to Navigate without Satellites - It Improves Submarine Tracking and Is Immune to Interference",dailymail.co.uk,http://www.dailymail.co.uk/sciencetech/article-2629088/MoD-quantum-compass-GPS-without-satellites.html
2014-05-18,21:33:12,25uwxz,35,Putin heads to China as ties with West sink,manilatimes.net,http://www.manilatimes.net/putin-heads-to-china-as-ties-with-west-sink/97462/
