2014-05-12,14:19:28,25c5u3,3587,Govt to axe Australian Renewable Energy Agency,ferret.com.au,http://www.ferret.com.au/articles/news/govt-to-axe-australian-renewable-energy-agency-n2514228
2014-05-12,11:33:27,25btfh,3522,"Russia blogger bill authorized today, requires bloggers to publicize identity, all posts will be inspected by government officials and any ""terrorist or propagating posts"" are subject to fines and imprisonment.",rt.com,http://rt.com/politics/155580-russia-internet-blogger-bill/
2014-05-12,17:57:17,25cgtt,3194,Japanese whalers have restarted operations in the north-west Pacific only weeks after the United Nation's highest court banned Japan's so-called scientific whaling program in the Antarctic,abc.net.au,http://www.abc.net.au/lateline/content/2014/s4001987.htm
2014-05-12,23:25:11,25cztc,3062,"Brazil Police warn visitors, 'Don't scream if robbed'",bbc.com,http://www.bbc.com/news/blogs-news-from-elsewhere-27373457
2014-05-12,02:30:24,25airq,3061,"Cocaine use in Britain so high it has contaminated our drinking water, report shows",independent.co.uk,http://www.independent.co.uk/news/uk/home-news/cocaine-use-in-britain-so-high-it-has-contaminated-our-drinking-water-report-shows-9350477.html
2014-05-12,00:53:45,25aaov,2920,"Calls are mounting for hardline Jewish settlers to be classified as terrorists after a spate of attacks on Palestinian property in the West Bank and Israel, and threats of violence towards Israeli soldiers",theguardian.com,http://www.theguardian.com/world/2014/may/11/calls-classify-far-right-jewish-settlers-attacks-soldiers-amos-oz-neo-nazis
2014-05-12,23:21:03,25czgv,1909,"Over 540 million people (66.4% of electorate) just finished voting in India's month-long general election, the largest democratic exercise in the world to date",bbc.com,http://www.bbc.com/news/world-asia-india-27337829
2014-05-12,18:52:28,25cj9q,1522,The Pirate Bay to be Blocked by Australian Government,au.ibtimes.com,http://au.ibtimes.com/articles/551214/20140506/pirate-bay-blockade-australia.htm#.U3CYrvmSx8F
2014-05-12,16:49:59,25cdvp,1473,IEA: Decarbonising the economy will save $71 trillion by 2050,rtcc.org,http://www.rtcc.org/2014/05/12/iea-decarbonising-the-economy-will-save-71-trillion-by-2050/
2014-05-12,17:45:37,25cgae,1010,"2,000 tons of whale meat arrives in Japan from Iceland",japandailypress.com,http://japandailypress.com/2000-tons-of-whale-meat-arrives-in-japan-from-iceland-1248303/
2014-05-12,11:26:19,25bst0,994,Lost Vincent van Gogh painting found in bank safe,cbc.ca,http://www.cbc.ca/news/arts/lost-vincent-van-gogh-painting-found-in-bank-safe-1.2638538
2014-05-12,19:51:31,25clz2,956,Photos of dead turtles in Chinese ship anger Filipinos,philstar.com,http://www.philstar.com/headlines/2014/05/12/1322282/photos-dead-turtles-chinese-ship-anger-filipinos
2014-05-12,19:39:31,25cldz,687,Nereus deep sea sub 'implodes' 10km-down,bbc.com,http://www.bbc.com/news/science-environment-27374326
2014-05-12,00:37:10,25a9fk,621,"Mexico legalises vigilantes, handing weapons to farmers in bid to fight drug cartel Knights Templar",mobile.abc.net.au,http://mobile.abc.net.au/news/2014-05-11/mexico-legalises-vigilantes-fighting-drug-cartel-knights-templar/5444654
2014-05-12,08:05:56,25bbvs,542,David Cameron: Taxes will rise unless we can raid bank accounts,telegraph.co.uk,http://www.telegraph.co.uk/finance/personalfinance/consumertips/tax/10819885/David-Cameron-Taxes-will-rise-unless-we-can-raid-bank-accounts.html
2014-05-12,01:02:11,25abco,318,400 US mercenaries 'deployed on ground' in Ukraine military op,rt.com,http://rt.com/news/158212-academi-blackwater-ukraine-military/
2014-05-12,01:14:22,25acbt,264,One billion people still defecate in public despite health risks-UN,reuters.com,http://www.reuters.com/article/2014/05/08/us-health-defecation-idUSKBN0DO1BK20140508
2014-05-12,23:59:48,25d2vd,248,France to redraw nation’s map to save money,washingtonpost.com,http://www.washingtonpost.com/world/europe/france-to-redraw-nations-map-to-save-money/2014/05/12/825ec3d8-d9c3-11e3-a837-8835df6c12c4_story.html
2014-05-12,22:34:18,25cvn3,225,"Ukrainian troops open artillery fire at village of Adreyevka, Donetsk region - headquarters of Donetsk region's self-defense forces",interfax.com,http://www.interfax.com/newsinf.asp?pg=7&id=503886
2014-05-12,12:49:52,25bzjg,223,Obama aims oil weapon at Putin but will he pull the trigger? Oil prices heading for major correction after Russia's attempt to use crude as a weapon to bully Western powers backfires,telegraph.co.uk,http://www.telegraph.co.uk/finance/commodities/10823349/Obama-aims-oil-weapon-at-Putin-but-will-he-pull-the-trigger.html
2014-05-12,23:33:52,25d0kn,214,Brazil Built The World's Second-Most Expensive Soccer Stadium In A City With No Pro Team,businessinsider.com,http://www.businessinsider.com/brazils-world-cup-problems-with-corruption-2014-5#ixzz31VnUjYOw
2014-05-12,23:02:51,25cxz2,216,"Court orders Turkey to pay Cyprus over invasion: Europe’s top human rights court on Monday ordered Turkey to pay 90 million euros ($123 million) to Cyprus over the 1974 invasion of the island and its subsequent division, in one of the largest judgments in its history.",washingtonpost.com,http://www.washingtonpost.com/world/europe/court-orders-turkey-to-pay-cyprus-over-invasion/2014/05/12/0de86996-d9dc-11e3-a837-8835df6c12c4_story.html?tid=rssfeed
2014-05-12,16:27:50,25cct2,201,Russian officials(Rogozin) attempted to ‘smuggle’ lists calling on independence of Transnistria. The lists were confiscated by Moldavian officers.,moldova.org,http://www.moldova.org/russian-officials-attempted-smuggle-lists-calling-independence-transnistria/
2014-05-12,11:41:32,25bu3u,201,Mexico: A Zetas founder among 6 dead in shootout,usatoday.com,http://www.usatoday.com/story/news/world/2014/05/11/zetas-founder-killed/8984223/
2014-05-12,15:41:39,25cajb,193,Girl who escaped Boko Haram abduction speaks publicly about ordeal,abc.net.au,http://www.abc.net.au/news/2014-05-12/nigerian-girl-who-escaped-boko-haram-speaks-publicly-of-ordeal/5446168
2014-05-12,03:30:20,25ao08,181,Ukraine crisis: National guardsmen fire into crowd - World,cbc.ca,http://www.cbc.ca/news/world/ukraine-crisis-national-guardsmen-fire-into-crowd-1.2638607
2014-05-12,11:40:21,25btzz,136,How a Single Tweet Could Land a Japanese Nuclear Activist in Jail,news.vice.com,https://news.vice.com/article/how-a-single-tweet-could-land-a-japanese-nuclear-activist-in-jail
2014-05-12,09:05:24,25bgue,130,"China on Sunday signed a deal to build a $3.8 billion rail link between Kenya's Indian Ocean port of Mombasa and Nairobi, the first stage of a line that will eventually link Uganda, Rwanda, Burundi and South Sudan.",news.malaysia.msn.com,http://news.malaysia.msn.com/top-stories/china-signs-mega-east-africa-rail-deal-3
2014-05-12,09:30:44,25bj42,90,Ukraine crisis: Tens of thousands vote in regional referendum dubbed 'a criminal farce organised by Russia',independent.co.uk,http://www.independent.co.uk/news/world/europe/ukraine-crisis-tens-of-thousands-vote-in-regional-referendum-dubbed-a-criminal-farce-organised-by-russia-9352604.html
2014-05-12,13:26:43,25c2av,78,The European Union claims US technology giants from Google to Facebook are too big to be left in the hands of individual national privacy watchdogs.,irishtimes.com,http://www.irishtimes.com/business/sectors/technology/us-tech-giants-too-big-for-national-watchdogs-1.1791306
