2014-05-24,18:43:04,26d7fq,4542,Deutsche Bank refuses to fund coal port expansion near Great Barrier Reef,in.reuters.com,http://in.reuters.com/article/2014/05/23/australia-coal-deutsche-bank-idINKBN0E30OG20140523
2014-05-24,03:18:25,26besi,3252,"EU Considering A Ban On Russian Vodka, Furs, Diamonds, And Caviar",businessinsider.com,http://www.businessinsider.com/ban-on-russian-vodka-furs-diamonds-and-caviar-2014-5
2014-05-24,19:22:01,26d8wq,3202,"Pope Francis is touring the Middle-East accompanied by a rabbi and an imam - friends from his native Argentina - and hopes to improve relations between Christians, Muslims and Jews in the Holy Land",bbc.co.uk,http://www.bbc.co.uk/news/world-middle-east-27551843
2014-05-24,10:58:19,26ci2v,1766,Facebook user to be jailed in India for post speaking out against new Prime Minister,firstpost.com,http://www.firstpost.com/politics/facebook-user-faces-jail-for-anti-modi-holocaust-remark-1538499.html
2014-05-24,03:35:42,26bgec,1591,Russia Today hits back at Prince Charles' Putin-Hitler comparison: 'If anyone knows real Nazis it’s the Royal Family',independent.co.uk,http://www.independent.co.uk/news/world/europe/russia-today-hits-back-at-prince-charles-putinhitler-comparison-if-anyone-knows-real-nazis-its-the-royal-family-9426524.html
2014-05-24,07:50:41,26c3so,815,Uruguay to sell marijuana tax-free to undercut drug traffickers,interaksyon.com,http://www.interaksyon.com/article/87259/uruguay-to-sell-marijuana-tax-free-to-undercut-drug-traffickers
2014-05-24,03:52:23,26bi09,774,EU bans import of Israeli settler poultry produce,globalpost.com,http://www.globalpost.com/dispatch/news/afp/140522/eu-bans-import-israeli-settler-poultry-produce
2014-05-24,21:46:13,26df20,627,Trillions of plastic pieces found in Arctic ice,usatoday.com,http://www.usatoday.com/story/news/world/2014/05/23/arctic-ice-trapped-plastic/9507653/?utm_source=dlvr.it&utm_medium=twitter&dlvrit=206567
2014-05-24,03:21:55,26bf3j,593,Packed minibus filled with boiling water after geyser bursts through Siberian street,siberiantimes.com,http://siberiantimes.com/other/others/features/packed-minibus-filled-with-boiling-water-after-geyser-bursts-through-siberian-street/#.U3-RtWVbHoQ.reddit
2014-05-24,05:06:18,26bp1o,375,German court rules ex-lovers must delete explicit photos of partners after a break-up,independent.co.uk,http://www.independent.co.uk/news/world/europe/german-court-rules-exlovers-must-delete-explicit-photos-of-partners-after-a-breakup-9419009.html
2014-05-24,03:39:04,26bgpc,374,Deadliest day for Ukraine troops: 16 slain in raid,washingtonpost.com,http://www.washingtonpost.com/world/europe/russian-trains-planes-move-army-away-from-ukraine/2014/05/22/25cf7894-e178-11e3-9442-54189bf1a809_story.html
2014-05-24,11:04:57,26cik1,376,Deaths Related To Air Pollution Increase 68% In Australia,businessinsider.com.au,http://www.businessinsider.com.au/report-deaths-related-to-air-pollution-increase-68-in-australia-2014-5
2014-05-24,06:44:07,26by19,311,A Japanese drink company is putting the first billboard on the moon in 2015,theverge.com,http://www.theverge.com/2014/5/15/5719758/can-of-pocari-sweat-going-to-moon-in-2015
2014-05-24,02:58:02,26bcr0,258,Church of England dioceses approve female bishops,news.yahoo.com,http://news.yahoo.com/church-england-dioceses-approve-female-bishops-163830754.html;_ylt=AwrBEiHven9TxkUA96PQtDMD
2014-05-24,06:06:33,26bum3,258,'Go and vote in your own country': Evidence of non-British EU citizens turned away at the polls despite being on electoral roll,independent.co.uk,http://www.independent.co.uk/news/uk/politics/go-and-vote-in-your-own-country-evidence-of-nonbritish-eu-citizens-turned-away-at-the-polls-despite-being-on-electoral-roll-9427571.html
2014-05-24,22:20:54,26dgyn,256,"In historic move, Pakistan's prime minister to visit India for PM Modi's swearing in ceremony.",dawn.com,http://www.dawn.com/news/1108346/pm-accepts-indias-invite-to-modis-oath-taking
2014-05-24,18:57:52,26d80p,227,Earthquake rocks Turkey and Greece,google.org,http://www.google.org/publicalerts/alert?aid=47a1448ffe70e98b
2014-05-24,19:22:57,26d8xn,181,Massive Flooding May Have Redistributed Tens of Thousands of Land Mines in Bosnia,slate.com,http://www.slate.com/blogs/the_slatest/2014/05/23/bosnia_flooding_land_mines_moved_in_natural_disaster.html
2014-05-24,22:08:35,26dg9r,151,Top Taiwanese scientist Chen Kun-shan defects to China,wantchinatimes.com,http://www.wantchinatimes.com/news-subclass-cnt.aspx?id=20140524000026&cid=1103
2014-05-24,08:02:43,26c4sw,112,Mystery behind Origin of New Zealand’s Iconic Flightless Bird Kiwi Solved,universityherald.com,http://www.universityherald.com/articles/9564/20140523/mystery-origins-new-zealand-flightless-bird-kiwi-adelaide.htm
2014-05-24,20:46:18,26dc9j,103,Iran hangs key figure in banking scandal,m.washingtonpost.com,http://m.washingtonpost.com/world/iran-hangs-key-figure-in-banking-scandal/2014/05/24/0655fb6a-05d6-4ac1-9e8b-267dc3ad6e47_story.html
2014-05-24,00:01:36,26aw68,87,A Human Rights Watch investigation alleges not only that Zimbabwean families were commandeered as a form of cheap labor to serve President Robert Mugabe's energy business interests – but that the flood that displaced them was artificially created.,csmonitor.com,http://www.csmonitor.com/World/2014/0522/Did-Robert-Mugabe-fake-a-flood-in-Zimbabwe-this-February-video
2014-05-24,17:28:09,26d4l8,55,A group of conservative students have requested the flogging of Iranian actress Leila Hatami for her on-the-cheek kiss with the president of the Cannes Film Festival during the opening ceremony,english.alarabiya.net,http://english.alarabiya.net/en/News/asia/2014/05/23/Leila-hatami.html
2014-05-24,16:58:09,26d3ez,54,"In new warehousing suit, Goldman, JPMorgan sued over zinc | Reuters",reuters.com,http://www.reuters.com/article/2014/05/24/us-usa-zinc-lawsuit-idUSBREA4N00D20140524?feedType=RSS&feedName=businessNews
2014-05-24,12:02:31,26cmja,46,"Gunmen open fire inside bus in El Salvador, killing 6, including 3 law enforcers",montrealgazette.com,http://www.montrealgazette.com/news/world/Gunmen+open+fire+inside+Salvador+killing+including/9872652/story.html
2014-05-24,11:10:28,26ciy1,46,"Guantanamo prisoner can be force-fed, judge says",usatoday.com,http://www.usatoday.com/story/news/world/2014/05/23/guantanamo-hunger-strike/9487123/
2014-05-24,00:59:38,26b1lp,39,Congo warlord sentenced to 12 years,bbc.co.uk,http://www.bbc.co.uk/news/world-africa-27531534
2014-05-24,01:43:16,26b5my,43,NAFTA Body Recommends Full Investigation of Canada’s Failure to Protect Wild Salmon From Industrial Fish Farms,westcoastnativenews.com,http://westcoastnativenews.com/nafta-body-recommends-full-investigation-of-canadas-failure-to-protect-wild-salmon-from-industrial-fish-farms/
2014-05-24,03:03:16,26bdb3,44,"U.S. Sends Guided Missile Cruiser to Black Sea, 2 NATO Ships in Region",news.usni.org,http://news.usni.org/2014/05/23/u-s-sends-guided-missile-cruiser-black-sea-2-nato-ships-region
2014-05-24,13:48:39,26ctpv,38,China identifies suspects of suicide bombing attack in Xinjiang - Xinhua,in.reuters.com,http://in.reuters.com/article/2014/05/24/us-china-xinjiang-idINKBN0E401P20140524
