2014-01-15,16:19:18,1v9h13,3692,WikiLeaks releases long sought Trans-Pacific Partnership (TPP) Environment draft,wikileaks.org,http://wikileaks.org/tpp-enviro/
2014-01-15,05:51:05,1v81tl,3021,"New Memo: Kissinger Gave the ""Green Light"" for Argentina's Dirty War. ""That resulted in the disappearance�that is, deaths�of an estimated 30,000 people.""",motherjones.com,http://www.motherjones.com/mojo/2014/01/new-memo-kissinger-gave-green-light-argentina-dirty-war
2014-01-15,18:35:26,1v9mag,1587,Urn containing Sigmund Freud's ashes smashed in raid on London crematorium,standard.co.uk,http://www.standard.co.uk/news/london/urn-containing-sigmund-freuds-ashes-smashed-in-raid-on--golders-green-crematorium-9060792.html
2014-01-15,05:04:35,1v7x29,1496,Why the DEA Let the World's Tech-Savviest Drug Cartel Do As It Pleased for 12 Years,motherboard.vice.com,http://motherboard.vice.com/blog/why-the-dea-let-the-worlds-tech-savviest-drug-cartel-do-as-it-pleased-for-12-years
2014-01-15,06:52:36,1v87x2,1377,"As per newly declassified documents, in 1984, Britain assisted in the desecration and destruction of the Golden Temple, Sikhism's holiest shrine.",timesofindia.indiatimes.com,http://timesofindia.indiatimes.com/india/British-help-for-Operation-Blue-Star-stirs-Punjab-parties/articleshow/28797476.cms
2014-01-15,05:46:09,1v81ba,1338,Man tries to self-immolate (set himself on fire) after tribal council [jirga] tells him to wed his underage daughters to the sons of a policeman. PAKISTAN,tribune.com.pk,http://tribune.com.pk/story/658666/man-tries-to-self-immolate-after-jirga-tells-him-to-wed-underage-daughters/
2014-01-15,01:49:04,1v7dwg,1273,Japan to test 'magnetic net' that can fish out floating space junk,scmp.com,http://www.scmp.com/lifestyle/technology/article/1405386/japan-test-magnetic-net-can-fish-out-floating-space-junk
2014-01-15,16:16:18,1v9gw9,1253,"Danish tourist robbed, beaten and gang-raped in India.",usatoday.com,http://www.usatoday.com/story/news/world/2014/01/15/india-rape-danish-tourist/4487395/
2014-01-15,18:17:13,1v9lmw,1197,"Iranian born former US air defense contractor caught smuggling boxes of secret documents to Iran, including 'thousands of pages contained in dozens of manuals/binders relating' to F-35 fighter jet",ynetnews.com,"http://www.ynetnews.com/articles/0,7340,L-4477054,00.html"
2014-01-15,23:32:47,1va2ey,1071,Starvation reported at Palestinian camp in Syria. Disturbing images of emaciated children and elderly people who appear to have died of hunger are emerging from a Palestinian refugee camp on the edge of Damascus.,washingtonpost.com,http://www.washingtonpost.com/world/middle_east/starvation-reported-at-palestinian-camp-in-syria/2014/01/14/9ff8105c-7d66-11e3-97d3-b9925ce2c57b_story.html
2014-01-15,09:45:53,1v8o9c,1046,Report: NSA uses radio pathways to access computers even when machines are not connected to the internet.,nytimes.com,http://www.nytimes.com/2014/01/15/us/nsa-effort-pries-open-computers-not-connected-to-internet.html
2014-01-15,03:02:39,1v7l1c,975,Insane Photos Show Mexican Vigilantes Battling A Drug Cartel For Control Of A City,businessinsider.com.au,http://www.businessinsider.com.au/mexican-vigilantes-battle-drug-cartel-photos-2014-1
2014-01-15,22:21:28,1v9x4i,910,Saudi Arabian women's rights: Govt will no longer text a woman's male guardian if she leaves the country,arabnews.com,http://www.arabnews.com/news/508841
2014-01-15,00:46:54,1v780n,792,"Sickened Fukushima Worker: Employees beaten, threatened with death for speaking out (VIDEO)",enenews.com,http://enenews.com/tv-fukushima-employees-beaten-threatened-with-death-for-speaking-out-sickened-worker-tepco-is-god-we-are-slaves-video?utm_source=twitterfeed&utm_medium=twitter
2014-01-15,21:12:30,1v9szv,682,Vatican To Be Grilled By UN On Allegations It Enabled Rape Of Children,talkingpointsmemo.com,http://talkingpointsmemo.com/news/vatican_un_child_protection?utm_source=feedburner&utm_medium=feed&utm_campaign=Feed%3A+tpm-news+%28TPMNews%29
2014-01-15,01:25:07,1v7blb,645,"Canada's carbon emissions projected to soar by 2030. Tar sands expected to help drive 38% increase in emissions. ""We in Canada are living an Orwellian nightmare when it comes to our government and climate."" (x-post /r/everythingscience)",theguardian.com,http://www.theguardian.com/environment/2014/jan/14/canada-carbon-emissions-2030-tar-sands?
2014-01-15,17:47:46,1v9kju,495,"US physically hacks 100,000 foreign computers",aljazeera.com,http://www.aljazeera.com/news/americas/2014/01/us-physically-hacks-100000-foreign-computers-20141154313871671.html
2014-01-15,22:16:46,1v9wsp,471,The $8 Million Mayor: 'My Wealth Comes From God'. Indonesian anti-corruption investigators are not so sure.,thejakartaglobe.com,http://www.thejakartaglobe.com/news/the-10m-mayor-my-wealth-comes-from-god/254346/
2014-01-15,19:22:56,1v9o12,451,Man caught with pipe bomb at Edmonton airport allowed to fly anyway.,cbc.ca,http://www.cbc.ca/1.2496528
2014-01-15,12:11:37,1v91au,424,"Frontline: Secret State of North Korea. Footage smuggled out by a network of journalists and defectors offers an unprecedented look inside the Hermit Kingdom. ""At least in China, they have free speech,"" said one North Korean in her Pyongyang apartment.",pbs.org,http://www.pbs.org/wgbh/pages/frontline/secret-state-of-north-korea/
2014-01-15,03:37:29,1v7oe0,386,Mexican army shooting unarmed civilians; trying to take down the Autodefensas,borderlandbeat.com,http://www.borderlandbeat.com/2014/01/army-opened-fire-on-unarmed-civilians.html
2014-01-15,08:09:32,1v8fch,354,"China's young are following in Jack Kerouac's footsteps: Chafing under social expectations, they fantasize about travelling to exotic places and leaving work or school far behind",thestar.com,http://www.thestar.com/news/world/2014/01/05/chinas_young_are_following_in_jack_kerouacs_footsteps.html
2014-01-15,00:47:23,1v7828,255,Palestinians starve to death in South Damascus,hurryupharry.org,http://hurryupharry.org/2014/01/14/palestinians-starve-to-death-in-south-damascus/
2014-01-15,18:23:14,1v9lu7,213,"Indonesian Maids are Hong Kong's ""Modern-Day Slaves""",world.time.com,http://world.time.com/2014/01/15/beaten-and-exploited-indonesian-maids-are-hong-kongs-modern-day-slaves/
2014-01-15,22:24:12,1v9xb7,199,Chinese Doctor Who Sold Newborns to Human Traffickers Sentenced to Death,thediplomat.com,http://thediplomat.com/2014/01/chinese-doctor-who-sold-newborns-to-human-traffickers-sentenced-to-death/
2014-01-15,18:35:30,1v9mak,188,Burma military 'using rape as weapon',bbc.co.uk,http://www.bbc.co.uk/news/world-asia-25730758
2014-01-15,04:51:42,1v7vr2,180,Actor Ian McKellen and 27 Nobel laureates have written an open letter urging Russia's president to repeal an anti-gay law,bigstory.ap.org,http://bigstory.ap.org/article/nobel-laureates-pen-open-letter-putin
2014-01-15,21:44:58,1v9uso,159,Syria's Assad slams Saudi ideology as 'threat to world',hurriyetdailynews.com,http://www.hurriyetdailynews.com/syrias-assad-slams-saudi-ideology-as-threat-to-world.aspx?pageID=238&nID=61082&NewsCatID=352
2014-01-15,06:15:27,1v849i,134,"Study shows that the happiest countries are rich, but not too rich",washingtonpost.com,http://www.washingtonpost.com/blogs/worldviews/wp/2014/01/14/the-bliss-point-the-happiest-countries-are-rich-but-not-too-rich/
2014-01-15,15:09:41,1v9dq8,97,Australian Navy personnel exempted from obligations to treat asylum seekers safely and given legal immunity for criminal acts committed by government order,smh.com.au,http://www.smh.com.au/federal-politics/political-news/navy-sailors-now-on-war-footing-to-turn-back-boats-20140114-30t47.html
