2014-07-17,05:45:23,2aw4ks,44351,"German footballer Mesut Ozil donated his €300,000 World Cup victory bonus to pay for surgery of 23 children in Brazil",espnfc.com,http://www.espnfc.com/fifa-world-cup/story/1952293/mesut-ozil-uses-world-cup-bonus-to-pay-for-brazilian-kids-operations
2014-07-17,21:03:02,2ay45p,14011,Mexico is going to war on the nation's obesity epidemic by banning television ads for soda and high-calorie foods,articles2.factspocket.com,http://articles2.factspocket.com//2014/07/mexico-bans-soda-tv-ads.html#.U8e7Ig53yrE.reddit
2014-07-17,10:41:57,2awyav,12443,Australia becomes the first country in the world to go backwards on climate policy by removing a price on carbon,smh.com.au,http://www.smh.com.au/federal-politics/political-news/carbon-tax-is-gone-repeal-bills-pass-the-senate-20140717-3c2he.html?utm_source=twitter&utm_medium=social&utm_campaign=nc&eid=socialn%3Atwi-13omn1677-edtrl-other%3Annn-17%2F02%2F2014-edtrs_socialshare-all-nnn-nnn-vars-o%26sa%3DD%26usg%3DALhdy28zsr6qiq
2014-07-17,03:53:24,2avrry,5289,"The U.S. Should Not Prosecute Edward Snowden, U.N. Official Says",newsweek.com,http://www.newsweek.com/us-should-not-prosecute-edward-snowden-un-official-says-259159
2014-07-17,00:57:41,2av86m,8332,"Israeli naval ship 'bombs Palestinian children on Gaza beach', killing four... A journalist who saw the incident said some of the children who survived were running away when another shell seemed to be aimed at them.",telegraph.co.uk,http://www.telegraph.co.uk/news/worldnews/middleeast/israel/10971306/Israeli-naval-ship-bombs-Palestinian-children-on-Gaza-beach-killing-four.html
2014-07-17,08:26:29,2awldl,646,Russian missile launchers filmed firing across the border into Ukraine,pravda.com.ua,http://www.pravda.com.ua/news/2014/07/16/7032104/
2014-07-17,18:08:51,2axv1r,629,Rockets fired from Gaza two hours into temporary truce - Diplomacy and Defense,haaretz.com,http://www.haaretz.com/news/diplomacy-defense/1.605590
2014-07-17,01:51:04,2avdpg,442,Report: Hamas proposes 10-year cease-fire in return for conditions being met,jpost.com,http://www.jpost.com/Operation-Protective-Edge/What-are-Hamass-conditions-for-a-cease-fire-363011
2014-07-17,04:04:05,2avt0f,442,Met Police detective says he was taken off probe into child abuse claims after revealing he planned to investigate senior politicians,standard.co.uk,http://www.standard.co.uk/news/crime/met-officer-claims-scotland-yard-moved-him-from-child-abuse-probe-over-suspect-names-9608524.html
2014-07-17,03:48:14,2avr6t,399,Russia to reopen spy base in Cuba as relations with US continue to sour - Decision to reopen signals intelligence facility south of Havana follows Russia forgiving 90% of Cuba's unpaid Soviet-era debts,theguardian.com,http://www.theguardian.com/world/2014/jul/16/russia-reopening-spy-base-cuba-us-relations-sour
2014-07-17,02:21:42,2avh3a,397,Banned anal exam ‘akin to torture’ still being used by police in Lebanon to determine if people are gay,independent.co.uk,http://www.independent.co.uk/news/world/middle-east/banned-anal-exam-akin-to-torture-still-being-used-by-police-in-lebanon-to-determine-if-people-are-gay-9610309.html
2014-07-17,00:19:28,2av4az,351,Julian Assange: Swedish judge rules on lifting of arrest warrant – live,theguardian.com,http://www.theguardian.com/media/2014/jul/16/julian-assange-swedish-judge-rules-arrest-warrant-live#block-53c6962ae4b00bd3ef823df0
2014-07-17,22:53:24,2aycb2,348,UNRWA investigates after rockets found in Gaza school - Channel NewsAsia,channelnewsasia.com,http://www.channelnewsasia.com/news/world/unrwa-investigates-after/1269508.html
2014-07-17,19:49:50,2ay04p,342,"The controversial Data Retention and Investigatory Powers Bill, which extends government and security services' surveillance powers, has been overwhelmingly passed in the House of Commons with all-party support",computing.co.uk,http://www.computing.co.uk/ctg/news/2355606/government-surveillance-bill-passed-438-51-in-the-house-of-commons
2014-07-17,07:12:29,2awdxy,318,US Congress approves $351m in aid to Israel's Iron Dome,middleeastmonitor.com,https://www.middleeastmonitor.com/news/americas/12837-us-congress-approves-351m-in-aid-to-israels-iron-dome
2014-07-17,06:06:28,2aw6xl,213,US widens sanctions against Russia,bbc.com,http://www.bbc.com/news/world-europe-28338897
2014-07-17,21:19:13,2ay56a,211,Israeli military takes out 13 Hamas terrorists who crossed into Israel from Gaza via underground tunnel,jpost.com,http://www.jpost.com/Operation-Protective-Edge/IDF-thwarts-13-Gaza-terrorists-from-attempted-infiltration-into-Israel-363133
2014-07-17,14:37:35,2axitd,203,Massive tunnel infiltration into Israel from Gaza thwarted.,timesofisrael.com,http://www.timesofisrael.com/tunnel-infiltration-thwarted-near-kibbutz-sufa/
2014-07-17,01:20:48,2aval7,185,"Reports: Israel Accepts Egypt’s Cease-Fire Plan, Hamas Rejects",time.com,http://time.com/2984308/reports-hamas-armed-wing-rejects-egypts-ceasefire-plan/
2014-07-17,04:38:19,2avwuo,132,Israel declares 'humanitarian truce',bbc.com,http://www.bbc.com/news/world-middle-east-28334219
2014-07-17,01:42:32,2avcub,125,Julian Assange Arrest Warrant Upheld,ibtimes.co.uk,http://www.ibtimes.co.uk/julian-assange-arrest-warrant-rape-allegations-upheld-1456957
2014-07-17,10:18:20,2aww3p,90,Australia repeals its price on carbon emissions,sbs.com.au,http://www.sbs.com.au/news/article/2014/07/17/carbon-tax-repealed
2014-07-17,19:25:24,2axyvv,76,"France 'bans pro-Palestinian rallies' as tensions increasingly mirror Israel-Gaza animosity: Thousands protested in Paris this week against rising Palestinian death toll in Israeli strikes, now French authorities reportedly imposed full ban on pro-Palestinian marches in several cities",rt.com,http://rt.com/news/173412-france-palestinian-israel-protest/
2014-07-17,21:49:58,2ay782,67,China to roll out climate policy by early 2015 - World's biggest polluter looking to future low-carbon economy.,upi.com,http://www.upi.com/Business_News/Energy-Resources/2014/07/16/China-at-work-on-climate-protection-plans/5461405517220/?spt=hts&or=12
2014-07-17,05:30:43,2aw2yk,60,Obama Widens Sanctions Against Russia. Targeting a series of large banks and energy and defense firms in what officials described as the most punishing measures to date for Moscow’s intervention in Ukraine.,nytimes.com,http://www.nytimes.com/2014/07/17/world/europe/obama-widens-sanctions-against-russia.html
2014-07-17,02:28:41,2avhwe,56,Russia 'to reopen Cold War Cuban listening post used to spy on America',dailymail.co.uk,http://www.dailymail.co.uk/news/article-2694468/Russia-reopen-Cold-War-Cuban-listening-post-used-spy-America.html
2014-07-17,10:17:10,2awvzi,53,"Chile suspends free trade agreement negotiations with Israel, condemns Israel's actions in Gaza",hispantv.com,http://hispantv.com/detail.aspx?id=280406
2014-07-17,00:50:58,2av7hk,46,Belgian town blasts music to drive Roma away,in.reuters.com,http://in.reuters.com/article/2014/07/16/us-belgium-roma-idINKBN0FL1FY20140716
2014-07-17,21:25:56,2ay5mn,44,Scientists Take Issue With Rupert Murdoch’s Remarks on Climate Change - Murdoch's comments about climate change on Sunday bear little resemblance to what’s going on in the scientific journals,bloomberg.com,http://bloomberg.com/news/2014-07-16/scientists-take-issue-with-rupert-murdoch-s-remarks-on-climate-change.html
2014-07-17,00:29:23,2av5c2,45,BBC defends coverage of Israeli air strikes in Gaza after bias accusations,theguardian.com,http://www.theguardian.com/media/2014/jul/16/bbc-defends-coverage-israeli-airstrikes-gaza-palestinian
