2014-07-07,10:30:00,2a0fiz,27190,"BBC staff ordered to stop giving equal air time to climate deniers: The network will stop airing ""debates"" featuring members of the anti-science fringe",salon.com,http://www.salon.com/2014/07/06/bbc_staff_ordered_to_stop_giving_equal_air_time_to_climate_deniers/?utm_source=facebook&utm_medium=socialflow
2014-07-07,23:43:29,2a1v79,1535,"63 abducted women, girls escape from Boko Haram",cnn.com,http://www.cnn.com/2014/07/07/world/africa/nigeria-boko-haram-women-escape/index.html?sr=reddit
2014-07-07,00:54:47,29z2e9,941,"Egypt to increase tax on cigarettes to 50%, alcohol will rise to 200%",egyptianstreets.com,http://egyptianstreets.com/2014/07/06/egypt-to-increase-tax-on-cigarettes-by-50-alcohol-will-rise-to-200/
2014-07-07,05:10:59,29zo2z,801,Dalai Lama urges halt to Buddhist violence against Muslims,news.yahoo.com,http://news.yahoo.com/dalai-lama-urges-buddhists-halt-muslim-violence-144732124.html
2014-07-07,16:45:43,2a16ij,796,"Poverty-stricken Filipino parents are increasingly getting their children to perform live sex shows on camera for Australian paedophiles, it has been revealed, as a Victorian man was today one of the first to be jailed for his involvement",heraldsun.com.au,http://www.heraldsun.com.au/news/law-order/justice-minister-michael-keenan-vows-to-crackdown-on-live-webcam-sex-shows/story-fni0fee2-1226980323025
2014-07-07,20:37:46,2a1hrs,741,"Magnitude 7.1 earthquake rocks southern Mexico, Guatemala - USGS",earthquake.usgs.gov,http://earthquake.usgs.gov/earthquakes/eventpage/at00n8caby#summary
2014-07-07,22:17:11,2a1o24,539,Pope apologizes for 'sacrilegious cult' of Church's sexual abuse,reuters.com,http://www.reuters.com/article/2014/07/07/us-pope-abuse-idUSKBN0FC15J20140707
2014-07-07,05:39:04,29zqj5,365,Japan picks Israel as first research & development cooperation agreement partner,jpost.com,http://www.jpost.com/Business/Business-Features/Japan-picks-Israel-as-first-research-and-development-cooperation-agreement-partner-361668
2014-07-07,08:24:28,2a0522,355,"Tebbit hints at sex abuse cover-up as pressure over missing files intensifies: Thatcher's administration hid officials, MPs and peers all implicated in child sex abuse, including one Conservative MP at the time who was reportedly found with child pornography but subsequently released by the police",theguardian.com,http://www.theguardian.com/uk-news/2014/jul/06/norman-tebbit-theresa-may-cover-up-child-abuse-dossier
2014-07-07,08:18:20,2a04hv,317,TSA targets mobile phones and electronics in new security policies: direct flights to US will require passengers to show cellphones to security as authorities work to counter threat of explosives,theguardian.com,http://www.theguardian.com/world/2014/jul/06/tsa-cellphones-explosives-security-flights-us-bound
2014-07-07,08:14:17,2a045t,274,More than 60 women and girls escape Islamist abductors in Nigeria,au.news.yahoo.com,https://au.news.yahoo.com/thewest/news/a/24398374/more-than-60-women-girls-escape-islamist-abductors-in-nigeria/
2014-07-07,04:27:42,29zkay,258,A court in Saudi Arabia has sentenced a prominent human rights lawyer to 15 years imprisonment and barred him from traveling for another 15 years after that on charges related to his activism,bigstory.ap.org,http://bigstory.ap.org/article/saudi-rights-lawyer-sentenced-15-years-prison
2014-07-07,03:26:47,29zew9,244,US Restricts Uncharged Electronic Devices On Planes,news.sky.com,http://news.sky.com/story/1296197/us-restricts-electronic-devices-on-planes
2014-07-07,12:47:18,2a0r00,216,Spain to charge tax of 0.03 percent on bank deposits,reuters.com,http://www.reuters.com/article/2014/07/04/spain-tax-deposits-idUSL6N0PF2SF20140704
2014-07-07,19:47:17,2a1f50,176,Cursed Warship Revealed With Treasure Onboard,news.nationalgeographic.com,http://news.nationalgeographic.com/news/2014/07/140707-mars-shipwreck-warship-baltic-sea-archaeology-science/?google_editors_picks=true
2014-07-07,08:53:17,2a07k4,160,"KGB defector's cold war secrets are revealed at last - Vasili Mitrokhin's demand granted 20 years on as 2,000 pages of notes he made from KGB archives begin to be made public",theguardian.com,http://www.theguardian.com/world/2014/jul/07/kgb-defector-cold-war-vasil-mitrokhin-notes-public
2014-07-07,01:48:30,29z6mh,144,UK report: Anti-Muslim hate crime rising,aljazeera.com,http://www.aljazeera.com/indepth/features/2014/07/uk-report-anti-muslim-hate-crime-rising-20147512135922796.html
2014-07-07,08:10:53,2a03vb,131,"Okinawa within the path of Category 5 ""Super Typhoon"" Neoguri.",weather.com,http://www.weather.com/news/weather-hurricanes/typhoon-neoguri-okinawa-japan-pacific-20140705
2014-07-07,19:43:22,2a1eyv,125,Australian High Court injunction blocks potential handover of 153 asylum seekers to Sri Lanka by Australian Government,abc.net.au,http://www.abc.net.au/news/2014-07-07/high-court-injunction-halts-handover-of-asylum-seekers/5579726
2014-07-07,01:51:16,29z6v5,115,Syrian militant leader preaches jihad with ‘Hello Kitty notepad’,english.alarabiya.net,http://english.alarabiya.net/en/variety/2014/07/06/Preaching-jihad-with-a-Hello-Kitty-notepad-.html
2014-07-07,20:48:01,2a1id5,100,Thousands march in Bust the Budget rallies across Australia to oppose Abbott Government’s budget cuts,news.com.au,http://www.news.com.au/national/thousands-march-in-bust-the-budget-rallies-across-australia-to-oppose-abbott-governments-budget-cuts/story-fncynjr2-1226979562419
2014-07-07,13:40:53,2a0v3v,98,Pyongyang calls for Koreas’ federalization & reunification without outside interference,rt.com,http://rt.com/news/170816-korea-federalization-reunification-proposal/
2014-07-07,06:28:36,29zusj,90,Christian leader jailed for 12 years amid Chinese church crackdown,telegraph.co.uk,http://www.telegraph.co.uk/news/worldnews/asia/china/10945422/Christian-leader-jailed-for-12-years-amid-Chinese-church-crackdown.html?utm_content=buffer5d181&utm_medium=social&utm_source=twitter.com&utm_campaign=buffer
2014-07-07,10:38:44,2a0g73,88,Iraqi Premier Maliki Removes Key Army Chiefs -Appoints Own Son To Be Supreme Commander Of The Armed Forces,ekurd.net,http://ekurd.net/mismas/articles/misc2014/7/govt2320.htm
2014-07-07,01:03:45,29z33x,59,World Bank email leaks reveal internal row over 'light touch' $50bn loans. Leaked emails show more money could be made available for 'damaging' power and mining projects,theguardian.com,http://www.theguardian.com/business/2014/jul/06/activists-alarm-world-bank-leak-easier-loans/
2014-07-07,06:31:46,29zv2d,45,"Violent clashes resume across Israel today - protestors are throwing stones and firebombs at police forces in Eastern Jerusalem, meanwhile riots continue in Northern and Southern Israel and multiple highways have been closed in those regions.",timesofisrael.com,http://www.timesofisrael.com/spate-of-riots-erupt-in-northern-israel/
2014-07-07,05:50:46,29zrhi,40,UK ministers push for new law to track phone usage.,theguardian.com,http://www.theguardian.com/law/2014/jul/06/track-phone-usage-law-snoopers-charter
2014-07-07,22:30:20,2a1p2d,39,"Dark Snow: from the Arctic to the Himalayas, the phenomenon that is accelerating glacier melting",theguardian.com,http://www.theguardian.com/environment/2014/jul/05/dark-snow-speeding-glacier-melting-rising-sea-levels
2014-07-07,22:39:45,2a1prr,40,"Israeli PM Speaks to Slain Palestinian Teen's Father: ""Israel's prime minister phoned the father of a murdered Palestinian teenager on Monday to promise that the attackers would be prosecuted, the government said, as anger over the killing fueled Arab street protests""",voanews.com,http://www.voanews.com/content/hamas-vows-revenge-deadly-israel-airstrikes/1952037.html
2014-07-07,12:37:06,2a0q8f,36,Merkel says U.S spying allegations are serious,reuters.com,http://www.reuters.com/article/2014/07/07/us-germany-usa-spying-idUSKBN0FC06P20140707
