2014-06-14,01:39:06,282a6s,4268,Poachers massacre 68 elephants in Congo national park with chainsaws and by shooting from helicopters.,newsdaily.com,http://www.newsdaily.com/article/a709824feb60f691240582a8fa54ef99/poachers-massacre-elephants-in-congo-park
2014-06-14,18:32:39,284drn,4100,"'At my age I do not have much to lose': Pope Francis ditches bullet-proof Popemobile, creating security headache for Vatican officials",independent.co.uk,http://www.independent.co.uk/news/world/at-my-age-i-do-not-have-much-to-lose-pope-francis-ditches-bulletproof-popemobile-creating-security-headache-for-vatican-officials-9537017.html
2014-06-14,12:06:32,283t7d,3868,Ukrainian military plane with at least 49 aboard shot down,cnn.com,http://www.cnn.com/2014/06/13/world/europe/ukraine-crisis/index.html
2014-06-14,23:00:16,284pzp,3759,YouTube refuses Egypt's request to remove footage of Tahrir Square sexual assault,independent.co.uk,http://www.independent.co.uk/news/world/africa/youtube-refuses-egypts-request-to-remove-footage-of-tahrir-square-sexual-assault-9537086.html
2014-06-14,16:56:10,2849yp,2839,Poacher who killed 30 tigers in India has been Caught,timesofindia.indiatimes.com,http://timesofindia.indiatimes.com/india/Notorious-poacher-Bheema-Bavaria-arrested/articleshow/36414732.cms
2014-06-14,22:41:25,284ou4,2752,"Petition with 150,000 signatures calls on France to grant Snowden asylum",america.aljazeera.com,http://america.aljazeera.com/articles/2014/6/13/france-snowden-asylum.html
2014-06-14,16:31:44,2848ye,2022,"World’s Biggest Elephant Killed by Poachers in Kenya - He was killed by a poisoned arrow. Poachers hacked off the face & tusk of Satao, who is reported to have been exceptionally intelligent.",outsideonline.com,http://www.outsideonline.com/news-from-the-field/Worlds-Largest-Elephant-Poached-in-Kenya.html?263041881&utm_campaign=googlenews&utm_source=googlenews&utm_medium=xmlfeed
2014-06-14,06:57:19,283575,1137,"Toronto police, at the direction of an Ontario Superior Court judge, have released an internal video which for more than two years the force denied existed, in a case involving the arrest and detention of a paraplegic man who claims he was assaulted by officers and urinated on while in custody.",cbc.ca,http://www.cbc.ca/news/canada/jail-video-police-swore-did-not-exist-released-in-brutality-complaint-1.2672448?utm_content=bufferadf67&utm_medium=social&utm_source=twitter.com&utm_campaign=buffer
2014-06-14,00:43:20,2824rs,1087,Tesla puts electric car patents into public domain,cbc.ca,http://www.cbc.ca/news/business/tesla-puts-electric-car-patents-into-public-domain-1.2673617
2014-06-14,22:40:47,284osh,905,"U.S. won’t intervene in Iraq in absence of political reform by Iraqis, Obama says",washingtonpost.com,http://www.washingtonpost.com/world/middle_east/kerry-says-us-will-act-soon-on-iraq-but-at-request-of-baghdad-government/2014/06/13/53ddc5f0-f2f9-11e3-9ebc-2ee6f81ed217_story.html
2014-06-14,03:13:30,282j9p,736,"Jamaica decriminalizes personal possession of marijuana, will clear past ‘ganja’ arrest records",rawstory.com,http://www.rawstory.com/rs/2014/06/13/jamaica-decriminalizes-personal-possession-of-marijuana-will-clear-past-ganja-arrest-records/
2014-06-14,20:30:10,284iau,619,"'Powerful bomb' found near presidential HQ: Ukrainian presidential bodyguards have disposed of a powerful explosive device discovered near President Petro Poroshenko's headquarters, a security source said.",itv.com,http://www.itv.com/news/update/2014-06-14/ukraine-powerful-bomb-found-near-presidential-hq/
2014-06-14,02:38:25,282fyq,359,Canada's Top Court Just Ruled Online User Data Is Inherently Private,motherboard.vice.com,http://motherboard.vice.com/read/the-canadian-supreme-court-just-stood-up-for-privacy-rights
2014-06-14,19:17:17,284ffx,269,Iran sends troops into Iraq to aid fight against Isis militants,theguardian.com,http://www.theguardian.com/world/2014/jun/14/iran-iraq-isis-fight-militants-nouri-maliki
2014-06-14,19:49:16,284gmg,234,Canada's Top Court Just Ruled Online User Data Is Inherently Private,vice.com,http://www.vice.com/en_ca/read/canadas-top-court-just-ruled-online-user-data-is-inherently-private
2014-06-14,11:29:13,283qj2,214,Taliban changing from religious group to criminal enterprise: U.N.,newsdaily.com,http://www.newsdaily.com/world/0ae07826f1f6f28a373b05ac9d6deae7/taliban-changing-from-religious-group-to-criminal-enterprise-un
2014-06-14,08:02:41,283aw1,179,"Pope rejects bullet-proof Popemobile, says there is no point in riding the ‘sardine can’ at his old age",news.nationalpost.com,http://news.nationalpost.com/2014/06/13/pope-doesnt-see-the-point-of-having-a-bullet-proof-car-at-his-old-age/
2014-06-14,03:30:05,282ku4,177,Kenya’s biggest elephant killed by poachers,theguardian.com,http://www.theguardian.com/environment/africa-wild/2014/jun/13/kenyas-biggest-elephant-killed-by-poachers
2014-06-14,23:21:50,284rcs,162,Pope Francis Warns The Global Economy Is Near Collapse,huffingtonpost.com,http://www.huffingtonpost.com/2014/06/13/pope-francis-economy_n_5491831.html
2014-06-14,01:55:06,282br0,159,Volunteers flock to defend Baghdad as insurgents seize more Iraqi territory,washingtonpost.com,http://www.washingtonpost.com/world/middle_east/volunteers-flock-to-defend-baghdad-as-insurgents-seize-more-iraqi-territory/2014/06/13/10d46f9c-f2c8-11e3-914c-1fbd0614e2d4_story.html
2014-06-14,21:59:13,284mhk,154,Hundreds of young Shiite men volunteer to fight Sunni militants in Iraq,csmonitor.com,http://www.csmonitor.com/World/Latest-News-Wires/2014/0614/Hundreds-of-young-Shiite-men-volunteer-to-fight-Sunni-militants-in-Iraq
2014-06-14,21:13:31,284k7j,139,Japan to slash corporate tax rate to below 30%,japantoday.com,http://www.japantoday.com/category/politics/view/japan-to-slash-corporate-tax-rate-to-below-30
2014-06-14,01:09:13,2827af,128,"U.S. weighs Iraq airstrikes, Obama says he won't send combat troops",cnn.com,http://www.cnn.com/2014/06/13/us/iraq-us/index.html?hpt=hp_t1
2014-06-14,22:06:24,284mus,110,Blood minerals are electronics industry's dirty secret: A crackdown in the US is forcing technology firms to come clean about the source of the minerals used in their smartphones and electronics,newscientist.com,http://www.newscientist.com/article/mg22229734.800-blood-minerals-are-electronics-industrys-dirty-secret.html
2014-06-14,11:16:33,283pmm,102,It's a huge win for Canadian Privacy Rights as Supreme Court rules government warrantless disclosure requests unconstitutional | OpenMedia.ca,openmedia.ca,https://openmedia.ca/blog/its-huge-win-canadian-privacy-rights-supreme-court-rules-government-warrantless-disclosure-requests
2014-06-14,12:16:18,283tw3,107,Jihadists move to within striking distance of Baghdad,euronews.com,http://www.euronews.com/2014/06/13/jihadists-move-to-within-striking-distance-of-baghdad/
2014-06-14,02:58:16,282hwn,78,200 U.S. contractors surrounded by jihadists in Iraq,wnd.com,http://www.wnd.com/2014/06/200-u-s-contractors-surrounded-by-jihadists-in-iraq/#1s6xaO1WviUmbHqR.99
2014-06-14,03:28:49,282kq4,62,The U.S. spent $3 million on boats for landlocked Afghanistan,washingtonpost.com,http://www.washingtonpost.com/blogs/worldviews/wp/2014/06/12/the-u-s-spent-3-million-on-boats-for-landlocked-afghanistan/
2014-06-14,04:04:28,282o7j,53,Tony Abbott won't rule out following US military into Iraq as civil war threatens,smh.com.au,http://www.smh.com.au/federal-politics/political-news/tony-abbott-wont-rule-out-following-us-military-into-iraq-as-civil-war-threatens-20140613-3a140.html
2014-06-14,11:48:14,283rvr,56,"Price inflation in Brazil is so severe right now that a $199 iPhone 5s costs $1,250 and cheeseburgers are $17",msn.foxsports.com,http://msn.foxsports.com/soccer/story/world-cup-tourists-visitors-set-for-summer-of-sky-high-prices-060514?cmpid=traffic:partner:bleacherreport
