2014-07-12,21:48:40,2ai93k,21754,"Whistleblower: NSA stores 80% of all phone calls, not just metadata - full audio",rt.com,http://rt.com/news/172284-nsa-stores-calls-audio/
2014-07-12,05:04:43,2agdr7,5547,Fukushima hit by 6.8 quake. Tsunami warning issued.,cnn.com,http://www.cnn.com/2014/07/11/world/asia/japan-earthquake/index.html
2014-07-12,16:31:48,2ahvmt,2413,Former archbishop of Canterbury lends his support to campaign to legalize right to die. Lord Carey says the assisted dying proposal is a way to prevent 'needless suffering' and help the terminally ill; it is 'not anti-Christian'.,theguardian.com,http://www.theguardian.com/society/2014/jul/12/archbishop-canterbury-carey-support-assisted-dying-proposal
2014-07-12,04:33:24,2agakf,1605,"A large umbrella group of churches representing more than half a billion Christians worldwide announced Thursday that it would pull all of its investments in fossil fuels, saying it had determined the investments were no longer ethical",thinkprogress.org,http://thinkprogress.org/climate/2014/07/11/3459111/wcc-christians-divests/
2014-07-12,07:17:55,2agr17,1475,Vladimir Putin: I support Israel,collive.com,http://collive.com/show_news.rtx?id=31099&alias=president-putin-i-support-israel
2014-07-12,16:38:49,2ahvya,884,Great Barrier Reef impact from Australian PM Tony Abbott's decision to dredge could cost 'as much as $1 billion',theguardian.com,http://www.theguardian.com/environment/2014/jul/11/great-barrier-reef-impact-from-dredging-could-cost-as-much-as-1bn
2014-07-12,17:54:47,2ahz5l,779,"For the first time, China admits trading in Tiger Skins. ""We don't ban trade in tiger skins, but we do ban trade in tiger bones.""",eco-business.com,http://www.eco-business.com/news/china-first-time-admits-trading-tiger-skin/
2014-07-12,03:58:14,2ag6xc,628,Bulgaria to allow its fourth-biggest bank to collapse,reuters.com,http://www.reuters.com/article/2014/07/11/bulgaria-banking-idUSL6N0PM28G20140711
2014-07-12,22:02:55,2ai9uj,620,Chinese state media has branded Apple Inc's iPhone a threat to national security because of the smartphone's ability to track and time-stamp user locations.,in.reuters.com,http://in.reuters.com/article/idINKBN0FG0S520140711?irpc=932
2014-07-12,18:47:40,2ai1aq,620,Arab states draft Gaza truce deal; Hamas refuses to consider it,ynetnews.com,"http://www.ynetnews.com/articles/0,7340,L-4542059,00.html"
2014-07-12,10:36:13,2ah7lz,556,"Protests will be held in towns and cities across the UK today (the 12th of July) against a major trade deal that campaign groups believe would hit jobs and public services | Opponents claim that the proposed TTIP deal is the result of ""secret"" negotiations between the US and the European Commission.",belfasttelegraph.co.uk,http://www.belfasttelegraph.co.uk/news/local-national/uk/protest-against-secret-trade-deal-30426047.html
2014-07-12,01:53:35,2aft97,442,"""The Obama administration knew in advance that the British government would oversee destruction of a newspaper's hard drives containing leaked National Security Agency documents last year, newly declassified documents show.""",bigstory.ap.org,http://bigstory.ap.org/article/us-given-heads-about-newspaper-data-destruction
2014-07-12,23:48:00,2aig7u,445,"U.S. hints at displeasure with Germany over spying controversy - ""Administration officials have expressed frustration with Germany’s angry reaction""",rawstory.com,http://www.rawstory.com/rs/2014/07/12/u-s-hints-at-displeasure-with-germany-over-spying-controversy/
2014-07-12,21:03:29,2ai6y0,405,Two killed and four wounded in Israeli strike on residential home for disabled people in Gaza's Beit Lahiya,bbc.com,http://www.bbc.com/news/world-middle-east-28275837
2014-07-12,10:49:23,2ah8q3,338,Hamas warning to Israel: Invade Gaza and we will kidnap your soldiers,news.nationalpost.com,http://news.nationalpost.com/2014/07/11/hamas-warning-to-israel-invade-gaza-and-we-will-kidnap-your-soldiers/
2014-07-12,13:35:41,2ahlac,315,"Sheep beaten with a hammer, punched and thrown around by shearers sparks RSPCA investigation",theguardian.com,http://www.theguardian.com/world/2014/jul/11/sheep-cruelty-video-sparks-rspca-investigation
2014-07-12,08:55:59,2agzth,272,"Thousands in London, Paris, and Oslo protest Israeli strikes in Gaza - 7/11/2014",haaretz.com,http://www.haaretz.com/news/diplomacy-defense/1.604563
2014-07-12,01:14:17,2afoyf,269,Top German Politician: Crystal Meth Makes Me Work Harder,ibtimes.co.uk,http://www.ibtimes.co.uk/top-german-politician-crystal-meth-makes-me-work-harder-1456256
2014-07-12,14:12:54,2ahnvp,220,"BRICS nations launch New Development Bank, and emergency reserves fund, will offer developing nations alternative financing to the World Bank and International Monetary Fund.",abc.net.au,http://www.abc.net.au/news/2014-07-12/brics-summit-preview/5592314
2014-07-12,00:36:07,2afl5h,204,"Brics to Open Alternatives to World Bank, IMF",euobserver.com,http://euobserver.com/economic/124920
2014-07-12,19:54:25,2ai3w7,192,Germany demands public promise from US to end spying,theguardian.com,http://www.theguardian.com/world/2014/jul/11/germany-us-john-kerry-talks-espionage
2014-07-12,19:44:53,2ai3jg,152,EU sees likelihood of Israeli ground attack on Gaza,euobserver.com,http://euobserver.com/foreign/124956
2014-07-12,02:09:01,2afuww,136,"Canadian First Nation evicticting CN Rail, logging companies, fishermen from its lands",ca.news.yahoo.com,https://ca.news.yahoo.com/b-c-first-nation-evicts-cn-rail-logging-185812274.html
2014-07-12,20:27:39,2ai5b8,104,ISIS Battle For Baghdad Stalls Amid Escalating Violence In Aleppo,ibtimes.com,http://www.ibtimes.com/isis-battle-baghdad-stalls-amid-escalating-violence-aleppo-1626158
2014-07-12,03:31:17,2ag3zs,93,"Kurds withdraw support, leaving Iraq without a president",theguardian.com,http://www.theguardian.com/world/2014/jul/11/kurds-withdraw-support-iraqi-government-without-president
2014-07-12,22:44:57,2aicau,76,Jordan reluctant to host U.S.-led Syria rebel training: officials,uk.reuters.com,http://uk.reuters.com/article/2014/07/12/uk-usa-syria-jordan-idUKKBN0FH0EC20140712
2014-07-12,13:23:57,2ahkfd,77,Putin promises to support Cuba on surmounting US blockade,voiceofrussia.com,http://voiceofrussia.com//news/2014_07_12/Putin-promises-to-support-Cuba-against-US-blockade-8396/
2014-07-12,03:47:22,2ag5qg,61,A Network of Recycled Phones Is Listening for Illegal Logging in the Rainforest,motherboard.vice.com,http://motherboard.vice.com/read/a-network-of-recycled-phones-is-listening-for-illegal-logging-in-the-rainforest
2014-07-12,06:33:20,2agmrz,51,Pilot died after crocodile escaped on plane.,itv.com,http://www.itv.com/news/west/2014-07-11/pilot-died-after-crocodile-escaped-on-plane/
2014-07-12,21:40:19,2ai8oi,52,"Iraq crisis: Government forces execute 255 Sunni prisoners in revenge for Isis atrocities, says report",independent.co.uk,http://www.independent.co.uk/news/world/middle-east/iraq-crisis-government-forces-execute-255-sunni-prisoners-in-revenge-for-isis-atrocities-9601952.html
