2014-04-15,17:08:02,232tl3,3881,Billionaire Takes Up Fight Against African Poachers – Pledges to provide a helicopter & a multi-million dollar investment to protect South Africa’s rhinos.,ens-newswire.com,http://ens-newswire.com/2014/04/14/african-poachers-beware-billionaire-brandishes-his-wallet/
2014-04-15,04:19:29,2310wu,3748,Guardian and Washington Post win Pulitzer prize for NSA revelations | Media,theguardian.com,http://www.theguardian.com/media/2014/apr/14/guardian-washington-post-pulitzer-nsa-revelations
2014-04-15,00:19:04,230co0,3216,"Russian fighter jet makes multiple, close-range passes near an American warship in the Black Sea",hosted.ap.org,http://hosted.ap.org/dynamic/stories/U/US_UNITED_STATES_RUSSIA_SHIP?SITE=AP&SECTION=HOME&TEMPLATE=DEFAULT
2014-04-15,23:53:43,233hoq,3186,Russian paramilitary leaders in eastern Ukraine caught on tape communicating with Moscow,kyivpost.com,http://www.kyivpost.com/content/ukraine/russian-paramilitary-leaders-in-eastern-ukraine-caught-on-tape-communicating-with-moscow-343644.html
2014-04-15,06:32:13,231epy,2506,Ukraine has asked the UN for troops,nytimes.com,http://www.nytimes.com/2014/04/15/world/europe/russia-east-ukraine.html?hp&_r=0
2014-04-15,05:42:09,2319iw,1472,"Canadians' mental-health info routinely shared with FBI, U.S. customs",cbc.ca,http://www.cbc.ca/news/canada/windsor/canadians-mental-health-info-routinely-shared-with-fbi-u-s-customs-1.2609159
2014-04-15,23:42:47,233gom,1238,"Poland: NATO should send troops to east Europe, ignore Russia's objections",uk.mobile.reuters.com,http://uk.mobile.reuters.com/article/idUKBREA3E0RA20140415?irpc=932
2014-04-15,22:02:11,2338ba,961,"Russian economy may see zero growth this year because of the Ukraine crisis, Russia's finance minister has admitted",bbc.com,http://www.bbc.com/news/business-27031630#TWEET1101640
2014-04-15,09:41:04,231wlr,819,Guantánamo hearings halted amid accusations of FBI spying on legal team | World news,theguardian.com,http://www.theguardian.com/world/2014/apr/14/guantanamo-bay-hearing-halted-fbi-spying
2014-04-15,04:30:06,23123e,527,"Russia on brink of financial crisis as showdown with West escalates - Country's private companies shut out of global bond markets, raising prospect that they may need state support.",telegraph.co.uk,http://www.telegraph.co.uk/finance/businesslatestnews/10766324/Russia-on-brink-of-financial-crisis-as-showdown-with-West-escalates.html
2014-04-15,20:30:44,2332ug,507,Red Hot Chili Peppers music used to torture prisoners in Guantánamo Bay,nme.com,http://www.nme.com/news/red-hot-chili-peppers/76639#2KT64g63q8hfOCwF.99
2014-04-15,13:32:22,232h4y,494,"Smog-hit China is set to pass a new law that would give Beijing more powers to shut polluting factories and punish officials, and even place protected regions off-limits to industrial development",scmp.com,http://www.scmp.com/news/china/article/1482779/beijing-get-powers-shut-factories-and-punish-officials-smog-battle
2014-04-15,10:54:13,2323d6,490,A survey released Tuesday -- the first comprehensive one of its kind - says that only 10 killers of 908 environmental activists slain around the world over the past decade have been convicted,bigstory.ap.org,http://bigstory.ap.org/article/killing-environmental-activists-rises-globally
2014-04-15,00:21:23,230cvh,488,West approves $3.2 billion package for Ukraine,kyivpost.com,http://www.kyivpost.com/content/ukraine/west-approves-32-billion-package-for-ukraine-343457.html
2014-04-15,05:04:49,2315mr,369,Malta legalises same-sex civil unions/marriage,timesofmalta.com,http://www.timesofmalta.com/articles/view/20140414/local/updates-same-sex-unions-become-legal-celebrations-in-valletta-opposition-abstains-because-of-adoptions.514992
2014-04-15,01:50:38,230lqz,320,U.S. Is Considering Sending Arms To Ukraine,huffingtonpost.com,http://www.huffingtonpost.com/2014/04/14/us-arms-ukraine_n_5146938.html
2014-04-15,22:06:32,2338m5,304,Nigeria unrest: 'Attackers abduct 200 schoolgirls',bbc.com,http://www.bbc.com/news/world-africa-27037181
2014-04-15,11:06:10,2324hn,286,Chernobyl Sarcophagus Jeapordised by Crisis in Ukraine: The political crisis in Ukraine is severely hampering efforts to build a new radioactive containment structure over the site of the Chernobyl nuclear meltdown.,sourceable.net,http://sourceable.net/chernobyl-sarcophagus-jeapordised-by-crisis-in-ukraine/
2014-04-15,22:09:42,2338u3,260,Russia says Ukraine on brink of civil war,reuters.com,http://www.reuters.com/article/2014/04/15/us-ukraine-crisis-idUSBREA3A1B520140415
2014-04-15,23:56:04,233hwe,212,North Korean officials visit salon in London over Kim Jong-un 'bad hair' advert,bbc.co.uk,http://www.bbc.co.uk/news/uk-england-london-27038723
2014-04-15,02:59:43,230sq6,191,CIA chief visited Kiev over the weekend: White House,news.yahoo.com,http://news.yahoo.com/cia-chief-visited-kiev-weekend-white-house-174243734.html;_ylt=AwrTWf3MH0xTaGEAPNHQtDMD
2014-04-15,09:46:00,231x2x,175,Russia Tests Multi-Warhead ICBM,freebeacon.com,http://freebeacon.com/national-security/russia-tests-multi-warhead-icbm/
2014-04-15,09:49:12,231xde,156,Pro-Russian Ukrainian police help foil Ukraine crackdown in east,latimes.com,"http://www.latimes.com/world/la-fg-ukraine-east-20140415,0,5900361.story"
2014-04-15,18:21:13,232wwo,120,"Morocco Women March to Demand Gender Equality - Ccarried banners demanding ""equality as a right, not a privilege"".",news.yahoo.com,http://news.yahoo.com/morocco-women-march-demand-gender-equality-155656401.html
2014-04-15,08:36:55,231qo9,94,Obama blasts Russia in tense call with Putin over Ukraine,ca.reuters.com,http://ca.reuters.com/article/topNews/idCABREA3D1DH20140414
2014-04-15,11:58:44,2329bo,77,"Interfax: Shootout, explosions outside of Sloviansk (Donetsk, Ukraine)",ukrainianpolicy.com,http://ukrainianpolicy.com/counter-terror-operation-in-donetsk/#APRIL15
2014-04-15,08:56:44,231shv,70,At least 500 dolphins were found dead in the past few weeks on different beaches in northern Peru,skynews.com.au,http://www.skynews.com.au/world/article.aspx?id=947063
2014-04-15,13:00:31,232eoj,71,Ukrainian presidential candidate Tsarev brutally beaten - press office,rt.com,http://rt.com/news/ukraine-presidential-candidates-attacked-516/
2014-04-15,19:01:47,232ymy,53,"US, Saudi drifting apart despite Obama visit",al-monitor.com,http://www.al-monitor.com/pulse/originals/2014/04/us-saudi-obama-visit-drifting-apart.html
2014-04-15,11:17:07,2325hm,43,The World's Banana Crop Could Be On The Brink Of 'Massive Destruction',businessinsider.com,http://www.businessinsider.com/banana-crop-attacked-by-disease-2014-4
