2014-04-24,12:42:37,23tx8e,3652,FCC Abandons Net Neutrality,mobile.nytimes.com,http://mobile.nytimes.com/2014/04/24/technology/fcc-new-net-neutrality-rules.html?from=homepage
2014-04-24,13:13:42,23tzru,3420,Iran's President Rouahani calls for gender equality,en.mehrnews.com,http://en.mehrnews.com/detail/News/102665
2014-04-24,23:28:21,23v0g4,3217,"American troops now en route to Lithuania, Latvia, and Estonia in response to Russian troop movements and European concerns over ""Russian aggression"". Yesterday, US soldiers arrived in Poland.",csmonitor.com,http://www.csmonitor.com/World/Security-Watch/2014/0423/US-troops-arriving-in-Eastern-Europe.-Is-it-more-than-symbolic-video
2014-04-24,23:33:36,23v0y8,3196,Putin calls the internet a 'CIA project'.,hosted.ap.org,http://hosted.ap.org/dynamic/stories/E/EU_RUSSIA_PUTIN_INTERNET?SITE=AP&SECTION=HOME&TEMPLATE=DEFAULT
2014-04-24,10:16:23,23tjhp,3127,"Four physicists have announced their resignation from the academic council of one of Russia's top research institutes, accusing it of failing to defend a prominent colleague who was fired for ""truancy"" after attending a workshop at Stony Brook University in the U.S.",themoscowtimes.com,http://www.themoscowtimes.com/news/article/physicists-complain-of-interference-from-state-appointed-officials/498434.html
2014-04-24,21:07:08,23upac,3062,"Ukraine forces kill up to five rebels, Putin warns of consequences",reuters.com,http://www.reuters.com/article/2014/04/24/us-ukraine-crisis-idUSBREA3L11A20140424
2014-04-24,00:30:09,23rvay,2591,"Pope Francis ‘told divorced and remarried woman there is nothing wrong with her taking Communion’: Pope Francis reportedly told a divorced and remarried woman that there is “nothing wrong” with her taking Communion, in what would be a huge departure from current Catholic teaching.",independent.co.uk,http://www.independent.co.uk/news/world/europe/pope-francis-told-divorced-and-remarried-woman-there-is-nothing-wrong-with-her-taking-communion-italian-newspaper-says-9278320.html
2014-04-24,23:53:59,23v2we,1709,China Is Shutting Down Porn Websites En Masse,news.vice.com,https://news.vice.com/articles/china-is-shutting-down-porn-websites-en-masse?trk_source=homepage-in-the-news
2014-04-24,02:30:10,23s7cz,1643,"Swearing in films banned by Russia's lower house: The Russian parliament's lower house has passed a bill that bans swearing from films, music and other works of art. ""In addition, members of the public could face penalties of up to 2,500 roubles for swearing in public ... """,bbc.com,http://www.bbc.com/news/blogs-news-from-elsewhere-27132609
2014-04-24,13:20:38,23u0bu,1522,Chemicals killing smartphone chip factory workers: Samsung and Apple factories accused,smh.com.au,http://www.smh.com.au/digital-life/digital-life-news/chemicals-killing-smartphone-chip-factory-workers-claims-20140424-zqy95.html
2014-04-24,21:18:50,23uq30,1099,"Facebook, Gmail, Skype face Russia ban under 'anti-terror' data snooping plan",zdnet.com,http://www.zdnet.com/facebook-gmail-skype-face-russia-ban-under-anti-terror-data-snooping-plan-7000028740/
2014-04-24,19:25:19,23ujwg,925,Ukraine crisis: Army moves to retake Sloviansk,bbc.com,http://www.bbc.com/news/world-europe-27138300#TWEET1109927
2014-04-24,12:21:25,23tvfv,905,"[Preliminary] Magnitude 6.7 earthquake just hit off the coast of Vancouver, Canada.",earthquake.usgs.gov,http://earthquake.usgs.gov/earthquakes/eventpage/pt14114000#summary
2014-04-24,23:09:29,23uyox,836,Brazilian Congress passes Internet bill of rights,uk.reuters.com,http://uk.reuters.com/article/2014/04/23/uk-internet-brazil-idUKBREA3M01220140423?feedType=RSS&feedName=topNews
2014-04-24,21:50:33,23us7p,827,"China says more than half of its groundwater is polluted | Number of groundwater sites of poor or extremely poor quality increases to 59.6%, Chinese government says",theguardian.com,http://www.theguardian.com/environment/2014/apr/23/china-half-groundwater-polluted
2014-04-24,11:10:29,23toq9,775,"Brazil's new Internet 'Bill of Rights' protects privacy, ensures net neutrality",ctvnews.ca,http://www.ctvnews.ca/sci-tech/brazil-s-new-internet-bill-of-rights-protects-privacy-ensures-net-neutrality-1.1789673
2014-04-24,08:03:47,23t6n0,629,Dutch fighter jets intercept 2 Russian bombers in its airspace,cnn.com,http://www.cnn.com/2014/04/23/world/europe/russian-bombers-intercepted/index.html?sr=reddit
2014-04-24,21:03:25,23up2z,529,Researchers unravel the works of a bishop who theorised multiple universes 800 years ago,theconversation.com,https://theconversation.com/medieval-bishops-theory-resembles-modern-concept-of-multiple-universes-25460
2014-04-24,19:28:50,23uk1h,471,"106,000 Signatures in Support of Pirate Bay Founder Delivered to Danish Govt. - After amassing 106,000 signatures a petition aimed at improving the prison conditions of Gottfrid Svartholm has been delivered to the Danish government.",torrentfreak.com,http://torrentfreak.com/106000-signatures-in-support-of-pirate-bay-founder-delivered-to-danish-govt-140423/
2014-04-24,02:08:28,23s54a,452,RAF Jet Chases Russian Planes Away From UK,news.sky.com,http://news.sky.com/story/1247985/raf-jet-chases-russian-planes-away-from-uk
2014-04-24,23:22:11,23uzuw,438,Russia orders troops to south and west borders after Ukrainian soldiers kill five,news.nationalpost.com,http://news.nationalpost.com/2014/04/24/russia-orders-troops-to-south-and-west-borders-after-ukrainian-commandoes-kill-five/
2014-04-24,23:06:02,23uydh,381,United States likely to impose sanctions against India over drug IP issue,domain-b.com,http://www.domain-b.com/economy/trade/20140421_patent_law.html
2014-04-24,14:37:02,23u5up,376,"US President Barack Obama has reaffirmed his support for Japan in its row over islands with China, after talks with Prime Minister Shinzo Abe.But he confirmed that the islands fell under a security treaty that commits the US to act if Japan is attacked.",bbc.com,http://www.bbc.com/news/world-asia-27137272
2014-04-24,22:45:50,23uwjk,344,Canada under increasing pressure to come up with co-ordinated NATO response to Russia in Arctic,news.nationalpost.com,http://news.nationalpost.com/2014/04/23/canada-under-increasing-pressure-to-come-up-with-co-ordinated-nato-response-to-russia-in-arctic/
2014-04-24,23:11:10,23uyur,291,"Norway has been severely punished for the Norwegian Nobel Committee's decision to award the prize to Liu Xiaobo, one of the leaders of the 1989 uprising in Tiananmen Square.",thelocal.no,http://www.thelocal.no/20140423/norway-and-china-holding-secret-talks-in-oslo
2014-04-24,20:43:17,23unw3,285,"Russia, India Planning $30 Billion Oil Pipeline Through Xinjiang",oilprice.com,http://oilprice.com/Energy/Energy-General/Russia-India-Planning-30-Billion-Oil-Pipeline-Through-Xinjiang.html
2014-04-24,14:59:32,23u77q,261,Russia tells Ukraine to pull back troops,aljazeera.com,http://www.aljazeera.com/news/europe/2014/04/moscow-warns-kiev-pull-back-troops-2014423154218313631.html
2014-04-24,21:46:49,23urz8,205,Protesters in Ukraine guard biggest weapons cache in eastern Europe,theguardian.com,http://www.theguardian.com/world/2014/apr/24/protesters-ukraine-weapons-cache-mine
2014-04-24,00:26:31,23ruyh,196,Sweden to beef up air force to counter Russia,thelocal.se,http://www.thelocal.se/20140422/sweden-to-beef-up-air-force-to-counter-russia
2014-04-24,02:49:33,23s9cm,189,Russians threatens retaliation as Kiev orders military moves in eastern Ukraine,washingtonpost.com,http://www.washingtonpost.com/world/europe/kiev-orders-military-moves-in-eastern-ukraine-after-local-politician-assassinated/2014/04/23/8e5f001c-caa5-11e3-a75e-463587891b57_story.html
