2014-08-15,07:39:49,2dl0h7,15169,It could be the most exotic material on the planet. Seven particles of dust brought back to Earth by a spacecraft nearly a decade ago appear to have come from beyond our solar system. The specks have all the hallmarks of being created in interstellar space.,theguardian.com,http://www.theguardian.com/science/2014/aug/14/dust-solar-system-earth-stardust-interstellar-space
2014-08-15,22:41:49,2dms65,5643,"Malaysian police have arrested a bank officer and her husband over allegations they stole more than $30,000 from the accounts of four passengers aboard missing flight MH370",france24.com,http://www.france24.com/en/20140815-two-held-malaysia-stealing-mh370-victims/
2014-08-15,21:28:40,2dmmp6,8513,Two female Italian aid workers who ignored their parents' pleas and snuck into Syria have been kidnapped by Islamist militants,dailymail.co.uk,http://www.dailymail.co.uk/news/article-2724701/Two-Italian-aid-workers-kidnapped-Islamist-militants-Syria-ignoring-parents-pleas-not-go.html
2014-08-15,21:09:09,2dmlhq,3204,"Hezbollah describes Islamic State as a growing ""monster"" that could threaten Jordan, Saudi Arabia, Kuwait and other Gulf states.",reuters.com,http://www.reuters.com/article/2014/08/15/us-lebanon-hezbollah-islamicstate-idUSKBN0GF0Y720140815?feedType=RSS&feedName=worldNews
2014-08-15,21:59:56,2dmouf,2508,"Ebola moving too fast, doctors say",smh.com.au,http://www.smh.com.au/world/ebola-moving-too-fast-doctors-say-20140815-104rik.html
2014-08-15,04:45:48,2dki8k,2140,Russian military vehicles enter Ukraine as aid convoy stops short of border,theguardian.com,http://www.theguardian.com/world/2014/aug/14/russian-military-vehicles-enter-ukraine-aid-convoy-stops-short-border
2014-08-15,22:03:17,2dmp3n,1397,Hamas spokesperson: We deported foreign journalists for filming missile launches,jpost.com,http://www.jpost.com/Arab-Israeli-Conflict/Hamas-spokesperson-We-deported-foreign-journalists-for-filming-missile-launches-371215
2014-08-15,10:47:18,2dlhtv,1051,Russia bans Ukrainian language from schools in Crimea,info-news.eu,http://info-news.eu/russia-bans-ukrainian-language-from-schools-in-crimea/
2014-08-15,18:12:16,2dmcmi,1028,"World's Rarest Dolphins Under Threat from Oil Exploration in New Zealand Sanctuary - “The govt has to listen to the international scientific experts & give this species a shot at survival."" Govt accused of threatening survival of Maui’s dolphins, but it disagrees.",theguardian.com,http://www.theguardian.com/environment/2014/aug/15/rarest-dolphins-under-threat-from-oil-exploration-in-nz-sanctuary-say-greens
2014-08-15,22:38:32,2dmrwc,975,Hong Kong legal body votes to oust its pro-Beijing president,zeenews.india.com,http://zeenews.india.com/news/world/hong-kong-legal-body-votes-to-oust-its-pro-beijing-president_954812.html
2014-08-15,22:01:21,2dmoxr,936,"Finland's President Niinisto to Putin: ""Sanctions bite both, let's discuss Ukraine""",reuters.com,http://www.reuters.com/article/2014/08/15/uk-ukraine-crisis-russia-finland-idUSKBN0GF0X920140815
2014-08-15,21:31:11,2dmmvn,592,Second group of Amazonian Indians makes contact with outside world,telegraph.co.uk,http://www.telegraph.co.uk/news/worldnews/southamerica/brazil/11033712/Second-group-of-Amazonian-Indians-makes-contact-with-outside-world.html
2014-08-15,19:04:43,2dmf1b,483,China rights lawyer malnourished after prison; can no longer speak intelligibly,au.news.yahoo.com,https://au.news.yahoo.com/world/a/24711913/china-rights-lawyer-malnourished-after-prison/
2014-08-15,10:20:37,2dlfjz,444,Vatican Approves US Airstrikes in Iraq,washingtontimes.com,http://www.washingtontimes.com/news/2014/aug/13/vatican-approves-us-airstrikes-iraq/
2014-08-15,19:20:36,2dmfr6,404,"Serbian mercenaries fighting in eastern Ukraine | Serbian fighters fight side by side with pro-Russian separatists in eastern Ukraine. According to Belgrade, they're not the only ones active in Ukraine, either.",dw.de,http://www.dw.de/serbian-mercenaries-fighting-in-eastern-ukraine/a-17855479
2014-08-15,00:36:55,2djozj,390,Ukraine rebel head Strelkov 'quits',bbc.com,http://www.bbc.com/news/world-europe-28792966
2014-08-15,18:06:25,2dmccz,307,Rosneft asks Putin for $42bn loan,bbc.co.uk,http://www.bbc.co.uk/news/business-28801185
2014-08-15,21:42:15,2dmnm2,305,Russia amending list of banned EU products - Lactose-free milk products and specialty foods for food-allergy sufferers are being taken off the list of forbidden agricultural imports from EU countries into Russia.,yle.fi,http://yle.fi/uutiset/russia_amending_list_of_banned_eu_products/7413386
2014-08-15,10:15:08,2dlf2o,296,Israel Braces for War Crimes Inquiries on Gaza,nytimes.com,http://www.nytimes.com/2014/08/15/world/middleeast/israel-braces-for-war-crimes-inquiries-on-gaza.html?hp&action=click&pgtype=Homepage&version=HpSum&module=second-column-region&region=top-news&WT.nav=top-news
2014-08-15,19:34:55,2dmgfw,299,Russian aid convoy checked; military vehicles mass near Ukraine,reuters.com,http://www.reuters.com/article/2014/08/15/us-ukraine-crisis-convoy-idUSKBN0GF0D020140815
2014-08-15,22:54:51,2dmtc2,261,Poland puts on biggest military parade in years as tensions rise next door in Ukraine,usnews.com,http://www.usnews.com/news/world/articles/2014/08/15/poland-puts-on-biggest-military-parade-in-years
2014-08-15,06:01:23,2dkqjy,253,Pastafarian- B.C. man is fighting the system for not allowing him to wear his religious headgear (colander) for his licence.,edmonton.ctvnews.ca,http://edmonton.ctvnews.ca/pastafarian-fights-to-wear-colander-in-b-c-driver-s-licence-photo-1.1959706
2014-08-15,19:32:22,2dmgbv,222,"Crackdown on Fish Poaching in Wales Nets 139 Arrests in 1st 4 Months - Biggest concern is ""foul hooking"", which involves dragging hooks through water at high speed trying to impale fish, as it leaves more fish damaged & dying than are brought to shore",bbc.com,http://www.bbc.com/news/uk-wales-28789566
2014-08-15,05:23:46,2dkmha,208,Ukrainians in Czech Republic called up to serve in war,praguepost.com,http://www.praguepost.com/the-big-story/40888-ukrainians-in-czech-republic-called-up-to-serve-in-war
2014-08-15,17:14:31,2dm9y1,120,Ukraine Says Dozens of Its Border Officials in Russia to Inspect Aid Convoy With Red Cross,abcnews.go.com,http://abcnews.go.com/International/wireStory/ukraine-dozens-border-officials-russia-inspect-aid-convoy-24992357
2014-08-15,05:28:36,2dkn0e,110,U.S. recognizes Japan’s sovereignty over Russian-held isles: official,japantimes.co.jp,http://www.japantimes.co.jp/news/2014/08/14/national/u-s-recognizes-japans-sovereignty-over-russian-held-isles-official/#.U-z5lqMhUzE
2014-08-15,23:28:26,2dmwiy,102,"The Chess Olympiad in northern Norway has ended on a grim note, with one player dying in the middle of a game and another found dead in a hotel room.",wtop.com,http://www.wtop.com/1226/3682660/2-deaths-overshadow-end-of-Chess-Olympiad
2014-08-15,23:08:19,2dmun8,98,Five Illegal Immigrants Detained in Albania With Ebola Symptoms,newsweek.com,http://www.newsweek.com/five-illegal-immigrants-detained-albania-ebola-symptoms-264605
2014-08-15,20:42:36,2dmk08,82,Islamic Jihad to sign peace treaty with Israel,albawaba.com,http://www.albawaba.com/news/islamic-jihad-peace-treaty-596768
2014-08-15,07:19:58,2dkyjl,78,"Poland – one of the world’s biggest apple exporters – could face significant negative consequences as a result of Russia’s recent ban on the import of European goods, including Polish apples.",pangeatoday.com,http://www.pangeatoday.com/out-of-spite-in-poland-eat-apples-to-annoy-putin/
