2014-02-27,22:14:43,1z33wx,4093,UK spy agency intercepted webcam images of millions of Yahoo users,theguardian.com,http://www.theguardian.com/world/2014/feb/27/gchq-nsa-webcam-images-internet-yahoo
2014-02-27,14:29:58,1z2eoo,3063,Armed men seize Crimea parliament - reports | World news,theguardian.com,http://www.theguardian.com/world/2014/feb/27/armed-men-seize-crimea-parliament-reports
2014-02-27,02:41:29,1z0e7h,2412,"Taxing the rich is good for the economy, IMF says - Business",cbc.ca,http://www.cbc.ca/news/business/taxing-the-rich-is-good-for-the-economy-imf-says-1.2552141
2014-02-27,03:57:45,1z0mwd,2385,NASA has discovered 715 New Worlds,spaceindustrynews.com,http://spaceindustrynews.com/nasa-has-discovered-715-new-worlds/4201/
2014-02-27,22:53:27,1z373b,1847,About $70 billion has been withdrawn from Ukraine's financial system over the last three years.,en.interfax.com.ua,http://en.interfax.com.ua/news/general/193197.html
2014-02-27,20:15:03,1z2wge,1095,North Korea launches missiles into sea,cnn.com,http://www.cnn.com/2014/02/27/world/asia/north-korea-missiles/
2014-02-27,10:46:36,1z1uri,827,"Boko Haram attacked a school in Nigeria, setting it ablaze and murdering those who tried to escape the flames.",theguardian.com,http://www.theguardian.com/world/2014/feb/25/boko-haram-islamists-nigeria-killing-sleeping-children
2014-02-27,01:36:05,1z06zw,793,Ukraine: Former President Yanukovych reportedly found in Russia,descrier.co.uk,http://descrier.co.uk/world/2014/02/ukraine-former-president-yanukovych-reportedly-found-russia/
2014-02-27,16:32:12,1z2lp7,459,"Russian jets put on ""combat alert"" along western border",channel4.com,http://www.channel4.com/news/ukraine-crimea-russia-governement-headquarters-armed-men
2014-02-27,19:03:52,1z2svu,329,Royal Bank of Scotland pays out £588m in staff bonuses despite suffering £8.24bn loss,theguardian.com,http://www.theguardian.com/business/2014/feb/27/rbs-bonuses-loss-pay-market-rate
2014-02-27,19:56:39,1z2vig,320,Japan says any bitcoin regulation should be international.,reuters.com,http://www.reuters.com/article/2014/02/27/us-bitcoin-mtgox-japan-idUSBREA1Q0I520140227
2014-02-27,02:12:31,1z0axw,276,“Turkey’s main opposition took to the streets...in protest against the latest leaked voice recordings incriminating Prime Minister Recep Tayyip Erdoğan and his son...The recordings feature Erdoğan and his son discussing how to get rid of a sum of cash equivalent to 2.2 billion Turkish Liras.”,hurriyetdailynews.com,http://www.hurriyetdailynews.com/opposition-throws-fake-money-in-taksim-during-rally-over-tape-incriminating-turkish-pm-.aspx?pageID=238&nid=62972&NewsCatID=341
2014-02-27,16:55:37,1z2mso,245,Russia says it will defend the rights of its 'compatriots' in Crimea after pro-Russia gunmen seize parliament,reuters.com,http://www.reuters.com/article/2014/02/27/ukraine-crisis-crimea-idUSL6N0LW0AY20140227
2014-02-27,21:17:02,1z300g,228,"ISIS imposes rules on Christians in Raqqa: A jihadist group in Syria has demanded that Christians in the northern city of Raqqa pay a levy in gold and accept curbs on their faith, or face death. ISIS said it would give Christian residents ""protection"" if they agreed to the list of conditions.",bbc.com,http://www.bbc.com/news/world-middle-east-26366197
2014-02-27,09:52:59,1z1pd6,201,"Turkish Prime Minister targeted in second audio tape - A second recording, presented as the voice of Turkish Prime Minister Erdogan asking his son not to accept an amount of money on offer in a business deal but to hold out for more, was published on YouTube by an anonymous poster on Wednesday",reuters.com,http://www.reuters.com/article/2014/02/26/us-turkey-erdogan-idUSBREA1P0ZK20140226
2014-02-27,17:43:50,1z2p6a,166,Qatar's foreign domestic workers subjected to slave-like conditions,theguardian.com,http://www.theguardian.com/global-development/2014/feb/26/qatar-foreign-workers-slave-conditions/
2014-02-27,01:40:37,1z07gz,160,"Lee Rigby murderers sentenced to life in prison | Michael Adebolajo has been sentenced to life in prison for the killing of Drummer Lee Rigby while Michael Adebowale was sentenced to life, with a minimum of 45 years.",telegraph.co.uk,http://www.telegraph.co.uk/news/uknews/terrorism-in-the-uk/10662836/Lee-Rigby-murderers-sentenced-to-life-in-prison.html
2014-02-27,16:43:26,1z2m7y,149,Turkey calls out Canada on human rights over Quebec secular charter,cbc.ca,http://www.cbc.ca/news/canada/montreal/turkey-calls-out-canada-on-human-rights-over-quebec-secular-charter-1.2550906
2014-02-27,03:59:58,1z0n5g,145,"Militias form in Crimea, Ukraine’s Russian bastion",observers.france24.com,http://observers.france24.com/content/20140226-militias-crimea-ukraine-russian-bastion
2014-02-27,05:14:14,1z0vkh,112,Syrian troops reportedly kill more than 150 Al Qaeda-linked rebels,latimes.com,"http://www.latimes.com/world/worldnow/la-fg-wn-syria-troops-victory-20140226,0,135843.story"
2014-02-27,02:22:56,1z0c4j,107,Ontario Liberals are thinking about letting cities ditch first-past-the-post voting,torontolife.com,http://www.torontolife.com/informer/toronto-politics/2014/02/24/ontario-liberals-first-past-post-voting/
2014-02-27,19:45:47,1z2uzj,95,North Korea fires four short-range missiles into Sea off the Coast of South Korea,reuters.com,http://www.reuters.com/article/2014/02/27/us-korea-north-missiles-idUSBREA1Q0U520140227
2014-02-27,02:33:11,1z0dbt,96,George Brandis refuses to back up claim that Snowden put lives at risk | Attorney general says he is aware of particular cases on the basis of intelligence briefings but will not reveal the information,theguardian.com,http://www.theguardian.com/world/2014/feb/24/george-brandis-refuses-to-substantiate-claim-that-snowden-put-lives-at-risk
2014-02-27,23:37:46,1z3b4q,88,Slovenian journalist Anushka Delic indicted for revealing government connections to neo-nazi group,reportingproject.net,https://reportingproject.net/occrp/index.php/en/ccwatch/cc-watch-briefs/2350-slovenia-journalist-accused-of-revealing-intelligence-agencys-secrets
2014-02-27,14:12:24,1z2dd3,84,"Amongst 715 new planets discovered by NASA today, there are a few that may lie in zones habitable by humans",cnn.com,http://www.cnn.com/2014/02/26/tech/innovation/nasa-new-planets/
2014-02-27,05:36:29,1z0y3y,79,China sues Ukraine for breach of US$3b loan-for-grain agreement,scmp.com,http://www.scmp.com/news/china/article/1435976/china-sues-ukraine-breach-us3b-loan-grain-agreement
2014-02-27,15:45:17,1z2j89,74,Spy Agencies Mafioso tactics against ordinary citizens.,rt.com,http://rt.com/news/five-eyes-online-manipulation-deception-564/
2014-02-27,23:17:32,1z3980,71,Pakistan employs self-made surveillance drones in recent airstrikes against the Taliban with great success.,thenews.com.pk,http://www.thenews.com.pk/Todays-News-13-28774-Military-using-made-in-Pakistan-drones-against-TTP
2014-02-27,21:44:57,1z31rr,39,Fukushima radiation reaches Canadian waters,earthsky.org,http://earthsky.org/earth/fukushima-radiation-reaches-canadian-waters
2014-02-27,11:13:42,1z1xi0,34,Assad's forces have besieged the Palestinians in the Yarmouk Refugee Camp in Damascus and the United Nations Relief and Works Agency for Palestine Refugees (UNRWA) has not been allowed in to distribute humanitarian aid,newrepublic.com,http://www.newrepublic.com/article/116771/syrian-palestinian-refugees-besieged-assad-seek-food
