2014-07-09,06:56:04,2a6lgr,22692,Germany destroy Brazil 7-1 as Miroslav Klose becomes the record scorer by netting his 16th finals goal in World Cup History.,bbc.co.uk,http://www.bbc.co.uk/sport/0/football/28169062
2014-07-09,11:51:39,2a7evp,8958,"Approximately 23 buses have been set ablaze in Sao Paolo, Brazil following the World Cup defeat to Germany.",au.news.yahoo.com,https://au.news.yahoo.com/thewest/sport/a/24419266/buses-set-ablaze-after-brazils-wc-loss/
2014-07-09,21:10:36,2a8dup,2065,"British woman, 65, 'threw spear at officials' as she was arrested for allegedly running Philippines 'House of Horrors' where children as young as six months suffered abuse",dailymail.co.uk,http://www.dailymail.co.uk/news/article-2683179/British-woman-65-threw-spear-officials-arrested-allegedly-running-Philippines-House-Horrors-children-young-six-months-suffered-abuse.html
2014-07-09,20:32:26,2a8bl4,1608,Latest Snowden Leaks: FBI Targeted Muslim-American Lawyers,wired.com,http://www.wired.com/2014/07/snowden-leaks
2014-07-09,19:24:08,2a882f,1567,Another German Spy working for US,dw.de,http://www.dw.de/german-paper-reports-second-german-spy-working-for-us/a-17769539
2014-07-09,23:09:11,2a8msk,1316,Israeli rockets strike at more than 400 Gaza sites,cbc.ca,http://www.cbc.ca/news/world/israeli-rockets-strike-at-more-than-400-gaza-sites-1.2700737
2014-07-09,22:29:36,2a8jg9,783,A Ukrainian military officer was captured by pro-Russian separatists in eastern Ukraine and is currently being held at a detention facility in the Russian city of Voronezh,rferl.org,http://www.rferl.org/content/kyiv-savchenko-ministry-protest-luhansk-note-transfer-voronezh/25450623.html
2014-07-09,23:58:42,2a8rcf,621,"Files on UK role in CIA rendition accidentally destroyed, says minister | Rights groups say FCO claim records of flights in and out of Diego Garcia missing due to water damage 'smacks of cover-up'",theguardian.com,http://www.theguardian.com/world/2014/jul/09/files-uk-role-cia-rendition-destroyed-diego-garcia-water-damage?CMP=twt_gu
2014-07-09,00:27:18,2a5esd,557,"The Vatican bank has blocked the accounts of more than 2,000 clients and ended some 3,000 ""customer relationships"" as part of a clean-up process that nearly wiped out its profit.",reuters.com,http://www.reuters.com/article/2014/07/08/us-vatican-bank-idUSKBN0FD0SC20140708
2014-07-09,01:15:48,2a5jto,534,Central Israel under threat as Iron Dome intercepts rockets over Tel Aviv,ynetnews.com,"http://www.ynetnews.com/articles/0,7340,L-4539418,00.html"
2014-07-09,07:37:14,2a6q25,393,Canadian Mark Emery due to released from federal prison after serving 5 years for selling Marijuana seeds,cbc.ca,http://www.cbc.ca/news/canada/british-columbia/marc-emery-b-c-s-prince-of-pot-to-return-after-5-years-in-u-s-prison-1.2699442
2014-07-09,19:45:01,2a892s,370,Live updates on the Israeli air raids on Gaza - 32 Palestinians killed in 'operation protective edge' including children,theguardian.com,http://www.theguardian.com/world/2014/jul/09/israel-intercepts-gaza-rockets-heading-for-tel-aviv-live-updates
2014-07-09,21:16:16,2a8e7x,306,"Because of Australian PM Tony Abbott's 'Stop the Boat' policy, 12 mothers seeking asylum in Australia 'attempt suicide' to give kids chance",hindustantimes.com,http://www.hindustantimes.com/world-news/australia-12-asylum-seeker-mothers-attempt-suicide-to-give-kids-chance/article1-1238345.aspx
2014-07-09,17:58:26,2a840x,267,China says it will punish journalists just for talking about “state secrets”,qz.com,http://qz.com/231604/china-says-it-will-punish-journalists-just-for-talking-about-state-secrets/
2014-07-09,19:52:48,2a89gm,205,Second 'suspected spy' in Germany,bbc.com,http://www.bbc.com/news/world-europe-28228647
2014-07-09,00:31:10,2a5f5m,195,"Emma Watson is the new Goodwill Ambassador for the U.N.’s gender-equality arm, U.N. Women",time.com,http://time.com/2964421/emma-watson-united-nations-goodwill-ambassador/
2014-07-09,20:55:49,2a8cz6,169,UN issued with roadmap on how to avoid climate catastrophe | Report is the first of its kind to prescribe concrete actions that the biggest 15 economies must take to keep warming below 2C,theguardian.com,http://www.theguardian.com/environment/2014/jul/08/un-roadmap-climate-change
2014-07-09,16:29:55,2a7zoi,154,Cocaine use in Scotland highest in world ahead of the US and Spain,news.stv.tv,http://news.stv.tv/scotland/281925-cocaine-use-in-scotland-highest-in-world-ahead-un-survey-finds/
2014-07-09,11:15:10,2a7bfy,155,Female Iranian journalist sentenced to two years and 50 lashes,reuters.com,http://www.reuters.com/article/2014/07/08/us-iran-journalist-prison-idUSKBN0FD1OJ20140708
2014-07-09,03:48:56,2a60lv,133,Israeli peace conference cut short when rocket attack forces attendees to evacuate,vox.com,http://www.vox.com/2014/7/8/5881047/the-tragedy-never-ends-palestinian-rockets-force-israeli-peace
2014-07-09,11:12:15,2a7b6k,123,Uncontacted tribe in Brazil ends its isolation,news.sciencemag.org,http://news.sciencemag.org/latin-america/2014/07/uncontacted-tribe-brazil-ends-its-isolation
2014-07-09,22:45:53,2a8ktc,111,"Edward Snowden has applied for extended asylum in Russia, his lawyer says",theverge.com,http://www.theverge.com/2014/7/9/5883531/edward-snowden-has-applied-for-extended-asylum-in-russia-his-lawyer
2014-07-09,22:05:59,2a8hnr,105,China's incredible high-speed rail system: Beijing has spent hundreds of billions of dollars to build the world's largest high-speed rail system -- a feat accomplished in less than a decade.,money.cnn.com,http://money.cnn.com/gallery/news/2014/07/08/china-high-speed-rail/index.html?iid=Lead
2014-07-09,17:24:29,2a82fq,111,Iraq forces find 53 corpses south of Baghdad,dailystar.com.lb,http://www.dailystar.com.lb/News/Middle-East/2014/Jul-09/263224-iraq-forces-find-53-corpses-south-of-baghdad.ashx#axzz36xRGfaEs
2014-07-09,20:49:33,2a8cl7,102,"U.S., China ink coal, clean energy deals in climate cooperation. The United States and China on Tuesday signed eight partnership agreements to cut greenhouse gases, bringing the world's two biggest carbon emitters closer together on climate policy.",af.reuters.com,http://af.reuters.com/article/energyOilNews/idAFL2N0PJ20920140708?sp=true
2014-07-09,17:24:03,2a82f2,86,"Jokowi-JK have won the 2014 Indonesian Presidential Election, defeating Prabowo-Hatta",reuters.com,http://www.reuters.com/article/2014/07/09/us-indonesia-election-idUSKBN0FD2KZ20140709
2014-07-09,23:26:08,2a8ob0,81,Anti-Assad rebel brigade defects to Islamic State of Iraq and the Levant,smh.com.au,http://www.smh.com.au/world/antiassad-rebel-brigade-defects-to-islamic-state-of-iraq-and-the-levant-20140709-zt15o.html
2014-07-09,02:16:51,2a5qck,81,Warm water likely to accelerate Antarctic ice melt and sea level rises - research shows sub-surface warming at twice the rate previously thought,abc.net.au,http://www.abc.net.au/news/2014-07-07/giant-antarctic-ice-shelves-could-melt-faster-than-expected/5579678
2014-07-09,07:24:07,2a6olt,69,Key sarin ingredients sold to Syria by UK firms,bbc.co.uk,http://www.bbc.co.uk/news/uk-28212724
2014-07-09,01:30:57,2a5lfn,67,Russia Says It Will Have Radar-Evading Nukes by 2021,defenseone.com,http://www.defenseone.com/threats/2014/07/russia-says-it-will-have-radar-evading-nukes-2021/88078/
