2014-06-24,17:03:42,28y6d7,5801,"Neurotoxic pesticides blamed for the world's bee collapse are also harming butterflies, worms, fish and birds, and the evidence was ""sufficient to trigger regulatory action"".",phys.org,http://phys.org/news/2014-06-pesticides-threaten-birds-bees-alike.html
2014-06-24,02:06:30,28vxcs,4173,UN rejects Australia's 'feeble' bid to strip Tasmanian forest's heritage status,theguardian.com,http://www.theguardian.com/environment/2014/jun/23/un-rejects-australia-tasmanian-forest-heritage
2014-06-24,21:47:08,28ylqt,3587,"Doctors vote for ban on UK cigarette sales to those born after 2000 - British Medical Association hails vote as step towards achieving goal of a tobacco-free society by 2035, but critics call it 'illiberal'",gu.com,http://gu.com/p/3qct8/fb
2014-06-24,21:57:07,28ymgz,2264,World must act within five years to save oceans from pollution and overfishing: watchdog,rawstory.com,http://www.rawstory.com/rs/2014/06/24/world-must-act-within-five-years-to-save-oceans-from-pollution-and-overfishing-watchdog/
2014-06-24,06:20:26,28wp6u,2237,"8.0 magnitude earthquake, Rat Islands, Aleutian Islands 25 minutes ago. Tsunami bulletin issued.",earthquaketrack.com,http://earthquaketrack.com/quakes/2014-06-23-20-53-10-utc-8-0-114
2014-06-24,16:17:36,28y3zw,1205,Greenpeace executive uses jet to commute,independent.ie,http://www.independent.ie/world-news/europe/anger-as-greenpeace-executive-uses-jet-to-commute-30378131.html
2014-06-24,19:18:15,28yctt,868,Russia's President Putin asks upper house of parliament to revoke the right of military intervention in Ukraine,bbc.co.uk,http://www.bbc.co.uk/news/world-europe-27994032#TWEET1165956
2014-06-24,21:28:13,28ykea,792,"Sudan death row woman 're-arrested': Sudanese woman freed from death row Monday has been arrested with her family at Khartoum airport, sources tell BBC",bbc.com,http://www.bbc.com/news/world-africa-27998881
2014-06-24,10:11:10,28xb9p,395,"North Korea Officially Condemns Seth Rogen, James Franco Over Unreleased Movie",foxnews.com,http://www.foxnews.com/entertainment/2014/06/23/kim-jong-un-plans-to-watch-interview-in-which-james-franco-and-seth-rogen-plot/
2014-06-24,03:49:40,28w8mg,379,The Independent: Iraq crisis: Tony Blair admits 'removal of Saddam Hussein' partly to blame for uprising,google.com,http://google.com/newsstand/s/CBIwsd7jtxo
2014-06-24,21:42:20,28yldc,336,Hamid Karzai: 'I Didn't See a War in Afghanistan—I Saw a Conspiracy',theatlantic.com,http://www.theatlantic.com/international/archive/2014/06/an-exit-interview-with-afghan-president-hamid-karzai/373199/
2014-06-24,12:41:06,28xoor,318,"Great white shark population is healthy and growing, new census shows",latimes.com,http://www.latimes.com/science/sciencenow/la-sci-sn-great-white-shark-census-20140623-story.html
2014-06-24,09:00:47,28x4uj,307,Hezbollah: Gulf states will regret funding ISIS,dailystar.com.lb,http://www.dailystar.com.lb/News/Lebanon-News/2014/Jun-23/261207-hezbollah-iran-gulf-states-will-regret-funding-isis.ashx#axzz35Ux1I3GE
2014-06-24,18:09:04,28y9hu,256,Tasmania’s New Laws Threaten Protesters with Mandatory Jail Term - They mainly will be used to target demonstrators against logging forests. “We saw too many of these protests tolerated under the previous Labor-Green govt.” Law follows similar crackdown on protests in Victoria.,theguardian.com,http://www.theguardian.com/politics/2014/jun/24/tasmanias-new-laws-threaten-protesters-with-mandatory-jail-term
2014-06-24,11:30:34,28xiei,233,"Putin offers ‘complete support’ to Iraq, Iran says Obama lacks will to combat terrorism",timesofindia.indiatimes.com,http://timesofindia.indiatimes.com/world/middle-east/Putin-offers-complete-support-to-Iraq-Iran-says-Obama-lacks-will-to-combat-terrorism/articleshow/36904573.cms
2014-06-24,12:12:58,28xm70,198,Iran transfers 88 Russian Sukhoi fighter planes to Iraq,iraqinews.com,http://www.iraqinews.com/iraq-war/iran-transfers-88-russian-sukhoi-fighter-planes-iraq/
2014-06-24,12:58:01,28xq66,176,"India to invite bidding for largest solar power project; aims to achieve a capacity addition of 10,000 MW by 2017",economictimes.indiatimes.com,http://economictimes.indiatimes.com/industry/energy/power/india-to-invite-bidding-for-largest-solar-power-project-aims-to-achieve-a-capacity-addition-of-10000-mw-by-2017/articleshow/37103406.cms
2014-06-24,19:04:10,28yc3o,147,US state dept names Ireland as the world’s sex trafficking center - Report highlights serious gaps in Ireland’s anti-trafficking laws. “There has been an increase in identified Irish children subjected to sex trafficking within the country.”,irishcentral.com,http://www.irishcentral.com/news/US-state-department-names-Ireland-as-the-worlds-sex-trafficking-center.html
2014-06-24,10:32:16,28xd3s,144,Outrage as Egypt jails Al Jazeera staff,aljazeera.com,http://www.aljazeera.com/news/middleeast/2014/06/outrage-as-egypt-jails-al-jazeera-staff-2014623234322236195.html
2014-06-24,04:33:47,28wdik,124,Polish MPs ridicule Cameron's 'stupid propaganda' aimed at Eurosceptics,theguardian.com,http://www.theguardian.com/politics/2014/jun/23/polish-mps-ridicule-cameron-stupid-propaganda-eurosceptics
2014-06-24,08:26:45,28x1pj,121,Ebola 'out of control' in West Africa,news.yahoo.com,http://news.yahoo.com/ebola-control-west-africa-163439458.html;_ylt=AwrBEiSaWKhTqHEA1YnQtDMD
2014-06-24,03:51:59,28w8wp,121,Christian woman freed after death sentence in Sudan,cnn.com,http://www.cnn.com/2014/06/23/world/africa/sudan-woman-freed/index.html?hpt=wo_c2
2014-06-24,10:34:27,28xdc2,110,Iraq gives US forces immunity guarantees,news.yahoo.com,http://news.yahoo.com/u-says-forces-immunity-guarantees-iraq-210046609.html
2014-06-24,04:40:07,28we6t,99,Court releases memo of U.S. justifying drone attacks on citizens,reuters.com,http://www.reuters.com/article/2014/06/23/us-usa-drones-memo-idUSKBN0EY1VP20140623
2014-06-24,04:09:53,28wavm,75,German Eurofighter collides with Learjet,bbc.co.uk,http://www.bbc.co.uk/news/world-europe-27979964
2014-06-24,02:37:23,28w0ov,66,"Ukraine separatists 'to join truce', rebel leader says",bbc.com,http://www.bbc.com/news/world-europe-27987156
2014-06-24,08:56:01,28x4fg,60,"Insecticides put world food supplies at risk, say scientists",theguardian.com,http://www.theguardian.com/environment/2014/jun/24/insecticides-world-food-supplies-risk
2014-06-24,04:40:28,28we8e,54,"M7.2 - 126km SE of Raoul Island, New Zealand 2014-06-23 19:19:16 UTC",earthquake.usgs.gov,http://earthquake.usgs.gov/earthquakes/eventpage/at00n7mz00
2014-06-24,05:09:53,28whjs,45,World's first e-joint takes the electronic cigarette to a new high,irishmirror.ie,http://www.irishmirror.ie/news/weird-news/worlds-first-e-joint-takes-electronic-3746889
2014-06-24,20:54:26,28yi2u,41,Egyptian president ignores Obama call for clemency over al-Jazeera journalists,theguardian.com,http://www.theguardian.com/media/2014/jun/24/al-jazeera-journalists-sisi-egypt-denied-celemency
