2014-04-08,23:13:37,22imk9,5014,"Swedes to give six-hour workday a go: Municipal staff in Gothenburg will act as guinea pigs in a proposed push for six-hour workdays with full pay, with hopes that it will cut down on sick leave, boost efficiency, and ultimately save Sweden money.",thelocal.se,http://www.thelocal.se/20140408/swedish-workers-to-test-six-hour-work-days
2014-04-08,04:26:03,22g7xj,4112,School in Canada makes non-vaccinated students stay home to halt the spread of measles,huffingtonpost.ca,http://www.huffingtonpost.ca/2014/04/07/measles-calgary_n_5094004.html?1396889949
2014-04-08,17:12:19,22i226,3700,"Ukraine Turmoil Leaves Zoo Animals Starving – Over 6,000 in dire straits. 114-yr-old Nikolaev Zoo survived 2 world wars, but likely not this. Only enough left for carnivores to eat today & tomorrow. Herbivores will last 1 more week. No medical supplies.",ens-newswire.com,http://ens-newswire.com/2014/04/07/ukraine-turmoil-leaves-zoo-animals-starving/
2014-04-08,21:40:21,22if68,2979,"""No legal means exist to challenge mass surveillance"", says NSA whistleblower Edward Snowden",rt.com,http://rt.com/news/snowden-pace-whistleblower-nsa-157/
2014-04-08,03:55:16,22g4mu,2953,Plane Search Shows World's Oceans Are Full of Trash,news.nationalgeographic.com,http://news.nationalgeographic.com/news/2014/04/140404-garbage-patch-indian-ocean-debris-malaysian-plane/?utm_source=Facebook&utm_medium=Social&utm_content=link_fb20140407news-malpla&utm_campaign=Content
2014-04-08,22:38:40,22ijm3,2561,"Leading environmental scientists say Australia's Tony Abbott has engineered, in less than one year in office, and ""environmental train wreck,"" that could potentially cause irreversible damage to some of the world's most fragile ecosystems.",globalpost.com,http://www.globalpost.com/dispatch/news/regions/asia-pacific/140407/scientists-say-australias-tony-abbott-engineering-environm
2014-04-08,18:53:07,22i6jd,2008,"Philippine top court approves birth control law: ""The Philippines’ highest court approved Tuesday a birth control law that supporters said would transform the lives of millions of poor Filipinos, in a stunning defeat for the powerful Catholic Church.""",thenational.ae,http://www.thenational.ae/world/southeast-asia/philippine-top-court-approves-birth-control-law
2014-04-08,09:41:41,22h429,1654,Quebec has voted the separatist Parti Quebecois out of office. A new majority government will be formed by the Liberal Party.,montreal.ctvnews.ca,http://montreal.ctvnews.ca/quebec-politics/quebec-2014-election-results
2014-04-08,12:01:13,22hhkh,1471,"South Korea, U.S., Japan issue joint warning to North Korea, ""If North Korea goes ahead with another nuclear test, we, along with the international community, will make it pay the price for that""",english.yonhapnews.co.kr,http://english.yonhapnews.co.kr/national/2014/04/08/0301000000AEN20140408000451315.html
2014-04-08,20:20:37,22iakh,1130,Japan's Biggest Drugmaker Is Hit With $6 Billion Penalty For Concealing Cancer Risks,businessinsider.com,http://www.businessinsider.com/japans-biggest-drugmaker-takeda-will-challenge-6-billion-penalty-for-concealing-cancer-risks-2014-4
2014-04-08,04:17:10,22g6zm,1090,Edward Snowden’s Testimony to European Parliament on NSA [Full Transcript],scoop.co.nz,http://www.scoop.co.nz/stories/HL1403/S00108/edward-snowdens-testimony-to-european-parliament-on-nsa.htm
2014-04-08,21:43:46,22ifeb,675,"Overwhelmed by crime, Argentina declares emergency in Buenos Aires",themalaymailonline.com,http://www.themalaymailonline.com/world/article/overwhelmed-by-crime-argentina-declares-emergency-in-buenos-aires
2014-04-08,17:03:46,22i1ov,663,EU top court rules EU data retention law invalid,reuters.com,http://www.reuters.com/article/2014/04/08/eu-data-ruling-idUSL6N0N00YJ20140408
2014-04-08,00:50:44,22flho,593,Russian Court Declares Ban on LGBT Rights Protests Illegal...Appeal to Follow,humanrightsfirst.org,http://www.humanrightsfirst.org/press-release/russian-court-declares-ban-lgbt-rights-protests-illegal
2014-04-08,17:50:18,22i3tu,438,Liechtenstein bank chief shot dead,bbc.co.uk,http://www.bbc.co.uk/news/world-europe-26931814
2014-04-08,16:00:38,22hylx,420,"Ukraine has launched an ""anti-terrorist"" operation in the eastern city of Kharkiv and about 70 ""separatists"" have been arrested for seizing the regional administration building",reuters.com,http://www.reuters.com/article/2014/04/08/us-ukraine-crisis-avakov-idUSBREA3709I20140408
2014-04-08,02:49:26,22fxon,244,Anti-semitism on the rise in Europe- Hungarian far-right anti-semitic party wins 20% of the votes,jpost.com,http://www.jpost.com/Jewish-World/Jewish-News/Ultra-nationalist-Jobbik-partys-gains-worry-Hungarian-Jews-347799
2014-04-08,21:28:10,22ief4,238,BBC News - Ukraine crisis: Violent brawl at Kiev parliament,bbc.com,http://www.bbc.com/news/world-europe-26933905
2014-04-08,18:25:03,22i5a7,194,"EU, Russia, Ukraine and US will hold joint talks in next 10 days, as EU diplomat blames ""Russian lobby"" for lack of action in Europe",euobserver.com,http://euobserver.com/foreign/123782
2014-04-08,02:31:54,22fvu7,184,Polish MP is living in London on £100 a week budget to see why so many Poles prefer Britain to their homeland,telegraph.co.uk,http://www.telegraph.co.uk/news/worldnews/europe/poland/10748810/Polish-MP-lives-in-Britain-to-see-why-its-so-good.html
2014-04-08,17:04:56,22i1qw,145,"Tasmanian Forests Set for Logging as Govt Pushes Ahead to Repeal Protection - State plans to tear up historic deal between industry & greens protecting 400,000 hectares of forest, some pristine.",theguardian.com,http://www.theguardian.com/environment/2014/apr/08/tasmanian-forests-logging-liberals-repeal
2014-04-08,20:21:01,22ial9,134,China has surpassed the USA in porn consumption.,internet-filter-review.toptenreviews.com,http://internet-filter-review.toptenreviews.com/internet-pornography-statistics.html
2014-04-08,04:22:36,22g7kf,116,Ukraine fears 'Crimea scenario' in east,aljazeera.com,http://www.aljazeera.com/news/europe/2014/04/ukraine-fears-crimea-scenario-east-201447123558335415.html
2014-04-08,16:26:05,22hzvp,111,Russia calls on Kiev to halt military preparations in Ukraine's southeast,in.reuters.com,http://in.reuters.com/article/2014/04/08/ukraine-crisis-russia-military-idINL6N0N006L20140408
2014-04-08,22:40:53,22ijt2,105,Bees in northern Europe are dying faster than they should be—and threatening billions in crops,qz.com,http://qz.com/196679/bees-in-northern-europe-are-dying-faster-than-they-should-be-and-threatening-billions-in-crops/
2014-04-08,01:45:29,22fr31,101,China official says Islamists seek to ban laughter and crying,reuters.com,http://www.reuters.com/article/2014/04/07/us-china-xinjiang-idUSBREA360HX20140407
2014-04-08,08:39:27,22gxw8,79,North Korean official executed by flame thrower,heraldsun.com.au,http://www.heraldsun.com.au/news/world/north-korea-executes-official-with-flamethrower/story-fni0xs61-1226877334272
2014-04-08,22:15:38,22ihpm,63,"Almost half of new electricity is now clean and green. The latest annual Global Trends in Renewable Energy Investment, published today by UNEP, reveals that 44 per cent of all generating capacity installed last year around the world was renewable.",newscientist.com,http://www.newscientist.com/article/dn25368-almost-half-of-new-electricity-is-now-clean-and-green.html#.U0P2P8f-NJQ
2014-04-08,00:31:58,22fjpm,60,"A Former Bank CEO, His Wife, And Daughter Were Found Dead Inside Their Family Home This Weekend",businessinsider.com,http://www.businessinsider.com/former-abn-amro-ceo-schmittman-dead-2014-4
2014-04-08,22:15:36,22ihph,60,Israel Bars Palestinian Olympian From Leaving Gaza,nytimes.com,http://www.nytimes.com/aponline/2014/04/08/world/middleeast/ap-ml-israel-runner-barred.html?smid=re-share
