2014-04-26,05:04:56,23z8ef,3520,Putin Halts All Talks With White House,thedailybeast.com,http://www.thedailybeast.com/articles/2014/04/25/exclusive-putin-halts-all-talks-with-white-house.html
2014-04-26,20:34:14,240wd7,3220,Satellite images taken on Wednesday include hints that North Korea may be preparing to detonate multiple nuclear devices at once,nti.org,http://www.nti.org/gsn/article/movement-detected-two-different-tunnels-sign-n-korea-may-be-preparing-multiple-nuclear-tests/?mgs1=ad9efE3ZgO
2014-04-26,00:38:33,23yid8,3088,Reclusive owner of South Korean ferry dubbed ‘the millionaire with no face’ is raided by police as it’s revealed the doomed vessel was THREE times over its maximum load,dailymail.co.uk,http://www.dailymail.co.uk/news/article-2611954/Reclusive-owner-South-Korean-ferry-dubbed-millionaire-no-face-raided-police-revealed-ran-CULT.html
2014-04-26,08:49:31,23zsls,2014,Nearly 200 Schoolgirls Are Still Being Held Captive And Abused By Militants In Nigeria,businessinsider.sg,http://www.businessinsider.sg/boko-haram-holding-girls-in-nigeria-2014-4
2014-04-26,19:53:19,240uqa,1554,Saudi princess calls for uprising,presstv.ir,http://www.presstv.ir/detail/2014/04/26/360109/saudi-princess-calls-for-uprising/
2014-04-26,00:16:35,23yg6f,1135,North Korea arrests 24 year old American citizen trying to claim asylum in DPRK,nknews.org,http://www.nknews.org/2014/04/north-korea-arrests-24-year-old-american-citizen/
2014-04-26,15:34:17,240kil,955,Stop moaning about our bonuses: Barclays boss slaps down investors angry at bank's pay practices,independent.co.uk,http://www.independent.co.uk/news/business/news/stop-moaning-about-our-bonuses-barclays-boss-slaps-down-investors-angry-at-banks-pay-practices-9284564.html
2014-04-26,04:04:03,23z2hy,787,Russian jets cross into Ukraine airspace,ph.news.yahoo.com,https://ph.news.yahoo.com/russian-jets-cross-ukraine-airspace-184649384--politics.html
2014-04-26,13:50:50,240emv,759,The Taliban Has No Clue to Whom It Should Return a Captive US Soldier,news.vice.com,https://news.vice.com/articles/the-taliban-has-no-clue-to-whom-it-should-return-a-captive-us-soldier?trk_source=homepage-in-the-news
2014-04-26,03:39:50,23z070,702,Danes see Russia as a threat to peace in Europe,cphpost.dk,http://cphpost.dk/news/danes-see-russia-as-a-threat-to-peace-in-europe.9337.html
2014-04-26,15:41:22,240kuz,542,G-7 Nations Agree To More Sanctions On Russia,npr.org,http://www.npr.org/2014/04/26/306716057/g-7-nations-agree-to-more-sanctions-on-russia
2014-04-26,12:28:11,24091q,504,US troops land in Latvia amid Ukraine crisis,news.yahoo.com,http://news.yahoo.com/us-troops-land-latvia-amid-ukraine-crisis-135554490.html
2014-04-26,15:40:09,240kst,451,Human Rights Watch: 'Israel Must Stop Shooting at Palestinian Civilians for Simply Crossing a Line',ibtimes.co.uk,http://www.ibtimes.co.uk/human-rights-watch-israel-must-stop-shooting-palestinian-civilians-simply-crossing-line-1446067
2014-04-26,18:26:53,240reu,402,Finnish Officers see growing threat from Russia,yle.fi,http://yle.fi/uutiset/hs_officers_see_growing_threat_from_russia/7208768
2014-04-26,22:47:53,2412w0,370,Russia fears Crimea Water Shortage - Ukraine reducing supply,bbc.co.uk,http://www.bbc.co.uk/news/world-europe-27155885
2014-04-26,19:31:21,240tvj,294,Latvia says Russia trying to use 'provocateurs' in Baltic state,reuters.com,http://www.reuters.com/article/2014/04/25/us-latvia-defence-idUSBREA3O1Q420140425
2014-04-26,19:11:12,240t4t,256,"Liberty, human rights are godless and faithless ideologies created by atheists to undermine Islam, says ISMA chief | Malaysia",themalaymailonline.com,http://www.themalaymailonline.com/malaysia/article/liberty-human-rights-are-godless-and-faithless-ideologies-says-isma-chief
2014-04-26,01:42:12,23yojj,211,7 OSCE observers captured by separatists in E. Ukraine,news.yahoo.com,http://news.yahoo.com/ukraine-says-separatists-seize-bus-osce-observers-155943504.html
2014-04-26,10:07:15,23zyin,209,Ukraine crisis: Pentagon says Russian jets violated airspace,bbc.com,http://www.bbc.com/news/27167187
2014-04-26,11:55:18,2406ns,199,UK RAF fighter jets scrambled to investigate Russian planes which flew close to UK airspace,independent.co.uk,http://www.independent.co.uk/news/world/europe/ukraine-crisis-uk-raf-fighter-jets-scrambled-to-investigate-russian-planes-as-us-troops-land-in-poland-9280152.html
2014-04-26,13:35:03,240do1,175,Ukrainian Troops Confront Eastern Separatists as Russian Troops Mass Along the Border,news.vice.com,https://news.vice.com/articles/ukrainian-troops-confront-eastern-separatists-as-russian-troops-mass-along-the-border?trk_source=homepage-in-the-news
2014-04-26,03:13:22,23yxl3,165,Pro-Russian separatists have seized a bus carrying international observers from the OSCE. Separatist leader says Kyiv 'spy' is in detained group.,cbc.ca,http://www.cbc.ca/news/world/ukraine-pro-russian-separatists-hold-international-observers-1.2621560
2014-04-26,06:51:00,23zi9y,151,The Canadian Supreme Court has rejected the Harper government's plan to reform or abolish the Canadian Senate,bbc.com,http://www.bbc.com/news/world-us-canada-27166453
2014-04-26,00:31:40,23yho2,147,McDonald's boycott threatened over use of temporary foreign workers - British Columbia - CBC News,cbc.ca,http://www.cbc.ca/1.2608929
2014-04-26,00:01:34,23yesx,143,North Korea's Got a Big Crystal Meth Problem,vice.com,http://www.vice.com/read/north-korea-crystal-meth-drugs-diplomats-nathan-thompson
2014-04-26,02:28:28,23yt62,139,Poland holds biggest security exercise in decades,wbj.pl,http://www.wbj.pl/article-65110-poland-holds-biggest-security-exercise-in-decades.html?typ=pam
2014-04-26,23:33:04,2415t7,147,Palestinian unity govt will recognize Israel: Abbas,reuters.com,http://www.reuters.com/article/2014/04/26/us-palestinian-abbas-talks-idUSBREA3P08820140426
2014-04-26,07:43:27,23zmzm,142,Russia Warns Kyiv will pay for 'anti-terrorism' campaign,america.aljazeera.com,http://america.aljazeera.com/articles/2014/4/25/ukraine-russia-separatism.html
2014-04-26,19:24:47,240tmi,140,Nato troops die in Afghanistan helicopter crash,bbc.com,http://www.bbc.com/news/world-asia-27170955
2014-04-26,05:28:19,23zamw,90,Putin Halts All Talks With White House,thedailybeast.com,http://www.thedailybeast.com/articles/2014/04/25/exclusive-putin-halts-all-talks-with-white-house.html
