2014-03-14,18:55:45,20e6yp,3264,A draft European law requiring all phones sold in the EU to be compatible with a common charger was approved by the European Parliament yesterday.,europarl.europa.eu,http://www.europarl.europa.eu/news/en/news-room/content/20140307IPR38122/html/MEPs-push-for-common-charger-for-all-mobile-phones
2014-03-14,20:58:52,20ed9r,3250,"Russia Is Preparing to Invade East Ukraine, Estonia Says",bloomberg.com,http://www.bloomberg.com/news/2014-03-14/russia-is-preparing-to-invade-east-ukraine-estonia-says.html
2014-03-14,11:48:32,20dl9r,2982,"MH370: US officials said that because two separate communication systems were shut down separately, the plane did not suffer a catastrophic accident.",au.news.yahoo.com,http://au.news.yahoo.com/world/a/21970784/malaysia-rejects-jet-debris-images-and-4-hour-flight-report/
2014-03-14,20:59:41,20edc4,2740,Sri Lanka bans Monsanto herbicide citing potential link to deadly kidney disease,publicintegrity.org,http://www.publicintegrity.org/2014/03/13/14418/sri-lanka-bans-monsanto-herbicide-citing-potential-link-deadly-kidney-disease
2014-03-14,04:26:17,20cg98,2574,Russia blocks internet sites of Putin critics,reuters.com,http://www.reuters.com/article/2014/03/13/us-russia-internet-idUSBREA2C21L20140313
2014-03-14,00:36:42,20bta5,2325,A Ukrainian army colonel has threatened to open fire on Russian marines unless given new and formal instructions to hold off by his nation's defense ministry.,latimes.com,"http://www.latimes.com/world/worldnow/la-fg-wn-ukraine-colonel-russians-crimea-20140313,0,2743284.story"
2014-03-14,16:29:13,20e147,2128,Radar data suggests missing Malaysia plane flown deliberately toward Andamans,reuters.com,http://www.reuters.com/article/2014/03/14/us-malaysia-airlines-radar-exclusive-idUSBREA2D0DG20140314
2014-03-14,23:37:26,20epu1,2103,Kerry Gives Russia until Monday to Abandon Crimea. Threatens 'Serious Steps' If They Refuse.,bbc.com,http://www.bbc.com/news/world-europe-26575650#TWEET1072358
2014-03-14,20:56:15,20ed43,1636,US Army to proceed with planned exercise in Ukraine,stripes.com,http://www.stripes.com/news/us-army-to-proceed-with-planned-exercise-in-ukraine-1.272551
2014-03-14,01:04:40,20bvve,1092,Pentagon says flight came down in Indian Ocean.,mirror.co.uk,http://www.mirror.co.uk/news/world-news/malaysia-airlines-flight-mh370-pentagon-3238713
2014-03-14,12:11:09,20dn1i,1040,"MH370 transmitted its location repeatedly to satellites over the course of five hours after it disappeared from radar, people briefed on the matter said, as searchers zeroed in on new target areas hundreds of miles west of the plane's original course.",online.wsj.com,http://online.wsj.com/article/SB10001424052702304185104579437573396580350.html
2014-03-14,02:19:14,20c38x,716,Algerian freed from Guantanamo after being held for 12 years without charge.,aljazeera.com,http://www.aljazeera.com/news/americas/2014/03/algerian-freed-from-guantanamo-after-12-years-20143131420755135.html
2014-03-14,23:48:39,20eqv8,657,Malaysian plane: India to search uninhabited islands in Andaman Sea | World news,theguardian.com,http://www.theguardian.com/world/2014/mar/14/missing-malaysian-flight-mh370-india-search-andaman-islands
2014-03-14,04:26:08,20cg8j,645,"UN human rights committee criticizes US for long list of human rights abuses from Guantánamo, drone strikes and NSA surveillance, to the death penalty, rampant gun violence and endemic racial inequality",theguardian.com,http://www.theguardian.com/world/2014/mar/13/us-un-human-rights-abuses-nsa-drones
2014-03-14,04:17:39,20cfbm,515,Russia Wipes Opposition Sites From The Internet,buzzfeed.com,http://www.buzzfeed.com/maxseddon/russia-wipes-opposition-sites-from-the-internet
2014-03-14,20:41:36,20ec87,477,"Slovakia, the Czech Republic, Poland and Hungary Sign Military Pact (x-post /r/europe)",reddit.com,http://www.reddit.com/r/europe/comments/20e9kt/slovakia_the_czech_republic_poland_and_hungary/
2014-03-14,21:54:43,20eh72,422,"Flamboyant billionaire in India jailed amid heightened scrutiny: Last week, India’s Supreme Court locked up billionaire Subrata Roy in Tihar Jail in New Delhi and demanded at least $3 billion, to be returned to investors, to set him free.",seattletimes.com,http://seattletimes.com/html/nationworld/2023125086_jailedbillionairexml.html
2014-03-14,18:14:28,20e58h,407,Japan hit by 6.3-magnitude earthquake,telegraph.co.uk,http://www.telegraph.co.uk/news/worldnews/asia/japan/10697066/Japan-hit-by-6.3-magnitude-earthquake.html
2014-03-14,16:35:04,20e1bp,378,Serbian Paramilitaries Join Pro-Russian Forces in Crimea,nytimes.com,http://www.nytimes.com/reuters/2014/03/14/world/europe/14reuters-crimea-volunteers.html?smid=re-share
2014-03-14,00:46:49,20bu72,297,Toronto doctor smacks down U.S. Senate question on Canadian waitlist deaths,news.nationalpost.com,http://news.nationalpost.com/2014/03/12/toronto-doctor-smacks-down-u-s-senate-question-on-canadian-waitlist-deaths/
2014-03-14,02:21:15,20c3g5,275,Former Berlusconi secretary arrested with 24 kg of cocaine,reuters.com,http://www.reuters.com/article/2014/03/13/us-italy-berlusconi-secretary-idUSBREA2C1QU20140313
2014-03-14,10:24:17,20ddzy,260,UFO sightings soar to new heights in Canada,cbc.ca,http://www.cbc.ca/news/canada/manitoba/ufo-sightings-soar-to-new-heights-in-canada-1.2568193
2014-03-14,19:34:50,20e8rr,239,"Over 900 Workers Have Already Died Building Qatar’s World Cup Facilities - The 'International Trade Union Confederation' says that if conditions don’t improve, at least 4,000 migrants will die before kick-off",smithsonianmag.com,http://www.smithsonianmag.com/smart-news/over-900-workers-have-already-died-building-qatars-world-cup-facilities-180950088/
2014-03-14,19:12:34,20e7pz,206,Philippines agrees to let US forces have access to its military bases under new security deal,philstar.com,http://www.philstar.com/headlines/2014/03/14/1300839/philippines-given-access-us-structures
2014-03-14,19:03:10,20e7bh,167,"10,000-Yr-Old Carved Faces with Closed Eyes Dug Up in Syria—Made of the rib of an auroch & broken at both ends, it was found near a cemetery where 30 people were buried without their heads. “The find is very unusual. It’s unique.”",livescience.com,http://www.livescience.com/44019-skulls-wand-unearthed-in-syria.html
2014-03-14,04:47:15,20cieq,158,Ukraine soldiers blare Cher songs to drown out Russian propaganda,bbc.com,http://www.bbc.com/culture/story/20140310-ear-assault-music-as-a-weapon
2014-03-14,19:22:45,20e88r,134,Norway Set to Become First Nation With One Electric Vehicle For Every Hundred Cars | Inhabitat,inhabitat.com,http://inhabitat.com/norway-set-to-become-first-nation-with-one-electric-vehicle-for-every-hundred-cars/
2014-03-14,18:48:26,20e6ni,133,"Ukraine Conflict: Russian Warship Unloads Troops, Trucks At Kazachaya Bay Near Sevastopol (VIDEO/LIVEBLOG)",huffingtonpost.com,http://www.huffingtonpost.com/2014/03/14/ukraine-conflict-russian-warship-troops-trucks_n_4962271.html?&ncid=tweetlnkushpmg00000017
2014-03-14,05:43:45,20co4u,124,"Russia deploys 10,000 troops near Ukraine border | Ukraine's prime minister Arseniy Yatsenyuk has accused Russia of demonstrating unacceptable ""military aggression"" which has ""no reason and no grounds"".",theguardian.com,http://www.theguardian.com/world/2014/mar/13/russia-troops-ukraine-border
2014-03-14,01:28:36,20by8a,109,"Satellites picked up pings from Malaysia jet, source says",reuters.com,http://www.reuters.com/article/2014/03/13/malaysia-airlines-data-idUSL2N0MA18V20140313
