2014-07-28,22:38:44,2bxyjw,21552,Qatar World Cup: migrants wait a year to be paid for building offices. Migrant workers who built luxury offices used by Qatar's 2022 football World Cup organisers have told the Guardian they have not been paid for more than a year and are now working illegally from cockroach-infested lodgings.,theguardian.com,http://www.theguardian.com/global-development/2014/jul/28/qatar-world-cup-migrants-not-paid-building-office?CMP=twt_gu
2014-07-28,10:39:42,2bwm05,14044,Companies proclaim water the next oil in a rush to turn resources into profit: Mammoth companies are trying to collect water that all life needs and charge for it as they would for other natural resources,theguardian.com,http://www.theguardian.com/money/2014/jul/27/water-nestle-drink-charge-privatize-companies-stocks
2014-07-28,19:52:00,2bxna3,7844,N. Korea threatens nuclear strike on White House,news.yahoo.com,http://news.yahoo.com/n-korea-threatens-nuclear-strike-white-house-090550866.html
2014-07-28,05:09:54,2bvrkt,6671,A 2nd American has now tested positive for Ebola.,cnn.com,http://www.cnn.com/2014/07/27/world/africa/ebola-american-doctor-infected/index.html
2014-07-28,06:24:11,2bvynh,2076,"Israeli Foreign Minister:""No more cease-fires. IDF will operate with full power""",ynet.co.il,"http://www.ynet.co.il/articles/0,7340,L-4550232,00.html"
2014-07-28,07:55:34,2bw75z,2021,Poll: 86.5% of Israelis oppose cease-fire,jpost.com,http://www.jpost.com/Operation-Protective-Edge/Poll-865-percent-of-Israelis-oppose-cease-fire-369064
2014-07-28,21:03:45,2bxrgl,1702,U.S. Airmen Banned from Drinking in 1st Month in Korea: The rule is part of a new introductory program for incoming troops and follows a string of rapes and other violent incidents involving U.S. Forces Korea personnel.,english.chosun.com,http://english.chosun.com/site/data/html_dir/2014/07/28/2014072800962.html
2014-07-28,17:53:55,2bxhet,1588,"Pakistani mob kills two children including a baby and their grandmother after 'blasphemous' Facebook post: A seven-year-old and her baby sister were killed alongside their grandmother, police said, after another member of the Ahmadi sect was accused of blasphemy",telegraph.co.uk,http://www.telegraph.co.uk/news/worldnews/asia/pakistan/10994971/Pakistani-mob-kills-two-children-including-a-baby-and-their-grandmother-after-blasphemous-Facebook-post.html
2014-07-28,04:37:51,2bvond,1103,"Hamas chief: We cannot coexist with ""occupiers"".",news.yahoo.com,http://news.yahoo.com/hamas-chief-cannot-coexist-occupiers-174958938.html
2014-07-28,13:00:01,2bwygt,935,The arrival of an Ebola-infected air passenger in Nigeria has airlines and airports scrambling to respond around the world,news.com.au,http://www.news.com.au/world/the-arrival-of-an-ebolainfected-air-passenger-in-nigeria-has-airlines-and-airports-scrambling-to-respond-around-the-world/story-fndir2ev-1227004137380
2014-07-28,23:29:46,2by3a6,745,Hamas fired rockets in ceasefires,bbc.com,http://www.bbc.com/news/world-middle-east-28522563
2014-07-28,01:02:12,2bv57l,669,U.S. Releases Satellite Imagery That Shows Russians Shelling Eastern Ukraine,time.com,http://time.com/3042640/satellite-russian-ukraine-shelling/
2014-07-28,05:38:34,2bvu8s,628,Japan wants to stage a robot Olympics alongside the 2020 Olympics in Tokyo.,slate.com,http://www.slate.com/blogs/future_tense/2014/07/22/japan_wants_to_stage_a_robot_olympics_alongside_the_2020_olympics_in_tokyo.html
2014-07-28,01:05:56,2bv5j5,623,"'Freedom Flotilla II' set to sail for Gaza from Turkey, Turkish navy will provide protection",jpost.com,http://www.jpost.com/Diplomacy-and-Politics/Freedom-Flotilla-II-set-to-sail-for-Gaza-from-Turkey-369065
2014-07-28,13:14:59,2bwzrs,576,"Deutsche Bank, HSBC and Bank of Nova Scotia have been accused of attempting to rig the price of silver, in a lawsuit filed in the US",bbc.com,http://www.bbc.com/news/business-28509979
2014-07-28,04:07:07,2bvlrg,520,Germany tells citizens to get out of Libya,thelocal.de,http://www.thelocal.de/20140727/germany-tells-citizens-to-get-out-of-libya
2014-07-28,01:54:59,2bv9ro,480,Fifth St. Petersburg LGBT pride event held without major incidents,queerussia.info,http://queerussia.info/2014/07/26/5762/
2014-07-28,23:51:28,2by5ii,423,Russia Wants UN Investigation Into Downed Malaysia Airlines Plane,abcnews.go.com,http://abcnews.go.com/International/russia-investigation-downed-malaysia-airlines-plane/story?id=24737240
2014-07-28,10:41:56,2bwm7y,352,MH17 Black Box Data Shows Evidence Of Missile Strike,businessinsider.com.au,http://www.businessinsider.com.au/mh17-black-box-data-shows-evidence-of-missile-strike-2014-7
2014-07-28,01:35:51,2bv841,316,Margaret Thatcher ‘was warned of Tory child sex party claims’,independent.co.uk,http://www.independent.co.uk/news/uk/home-news/margaret-thatcher-was-warned-of-tory-child-sex-party-claims-9631657.html
2014-07-28,21:39:15,2bxtv9,246,Moscow questions US allegations Russia shelling Ukraine,reuters.com,http://www.reuters.com/article/2014/07/28/ukraine-crisis-images-idUSL6N0Q32ST20140728
2014-07-28,23:26:05,2by2w8,197,China criticized the U.S. for applying new tariffs on Chinese solar products following allegations that panels and cells were being sold too cheaply to the American consumer.,news.factspocket.com,http://news.factspocket.com/2014/07/china-criticizes-new-us-tariffs-on.html
2014-07-28,08:23:43,2bw9pj,194,"Leading scientists, including Lord Winston, an early pioneer of fertility treatment, have criticised the Department of Health for trying to play down a process that will for the first time allow the alteration of the DNA of future generations.",independent.co.uk,http://www.independent.co.uk/news/science/exclusive-government-accused-of-dishonesty-over-gm-babies-in-its-regulation-of-new-ivf-technique-9631807.html
2014-07-28,02:13:00,2bvbb4,176,"China tainted meat scandal widens to Burger King, Starbucks",cbc.ca,http://www.cbc.ca/news/business/china-tainted-meat-scandal-widens-to-burger-king-starbucks-1.2714333
2014-07-28,14:22:23,2bx54e,158,Chinese pressure just shuttered Hong Kong’s version of the Huffington Post,qz.com,http://qz.com/241082/chinese-pressure-just-shuttered-hong-kongs-version-of-the-huffington-post/
2014-07-28,23:11:46,2by1il,159,"Gaza is in a ""critical condition"" and violence there must stop ""in the name of humanity"", the UN secretary general says",bbc.co.uk,http://www.bbc.co.uk/news/world-middle-east-28529611
2014-07-28,04:58:54,2bvqk2,155,"Israel's military has acknowledged firing a mortar shell that hit the courtyard of a U.N. school in Gaza, but says the yard was empty at the time and that the shell could not have killed anyone.",bigstory.ap.org,http://bigstory.ap.org/article/israel-acknowledges-mortar-shell-hit-un-school
2014-07-28,18:21:16,2bxiqr,152,Downing of MH17 jet in Ukraine 'may be war crime' - UN,bbc.com,http://www.bbc.com/news/world-europe-28520813
2014-07-28,02:10:20,2bvb2h,99,"Despite claims of accepting truce, Hamas fires more rockets into Israel.",news.yahoo.com,http://news.yahoo.com/israel-army-says-resuming-gaza-attacks-rocket-fire-071612660.html
2014-07-28,19:41:58,2bxmqx,100,Ukranian News - U.S. Considering Granting Ukraine Status Of Non-NATO Ally,un.ua,http://un.ua/eng/article/522930.html
