2014-05-27,03:59:46,26jhze,4343,"The Soma coal mine, where 301 workers lost their lives, received a “perfect” score in March by an official inspector, who is the brother-in-law of a senior executive of the company",hurriyetdailynews.com,http://www.hurriyetdailynews.com/soma-mine-inspected-approved-by-executives-brother-in-law.aspx?pageID=238&nID=66962&NewsCatID=341
2014-05-27,22:27:25,26lqc5,3677,A Pakistani woman has been stoned to death by her family in front of a Pakistan high court for marrying the man she loves.,bigstory.ap.org,http://bigstory.ap.org/article/pakistani-woman-stoned-death
2014-05-27,08:14:46,26k5tc,3274,"Pope Francis declares 'zero tolerance' for clergy linked to sexual abuse, says he will meet victims next month.",hosted.ap.org,http://hosted.ap.org/dynamic/stories/E/EU_REL_VATICAN_POPE?SITE=AP&SECTION=HOME&TEMPLATE=DEFAULT
2014-05-27,14:07:35,26kyyk,2076,"World Meteorological Organization: Carbon Dioxide hits 400ppm, 'Time is running out'",upi.com,http://www.upi.com/Top_News/World-News/2014/05/26/World-Meteorological-Organization-Carbon-Dioxide-hits-400ppm-Time-is-running-out/9151401155899/
2014-05-27,22:52:50,26lshs,1835,IMF chief says banks haven't changed since financial crisis. Still resisting reform and taking excessive risks.,theguardian.com,http://www.theguardian.com/business/2014/may/27/imf-chief-lagarde-bankers-ethics-risks
2014-05-27,18:31:55,26ld36,1317,Coca-Cola accused of 'obscene' hypocrisy in £20 million 'anti-obesity' drive,timesofindia.indiatimes.com,http://timesofindia.indiatimes.com/world/uk/Coca-Cola-accused-of-obscene-hypocrisy-in-20-million-anti-obesity-drive/articleshow/35627753.cms
2014-05-27,19:33:03,26lftq,1104,Syrian Rebels Describe U.S.-Backed Training in Qatar,pbs.org,http://www.pbs.org/wgbh/pages/frontline/foreign-affairs-defense/syria-arming-the-rebels/syrian-rebels-describe-u-s-backed-training-in-qatar/
2014-05-27,20:01:07,26lh5b,882,Putin says Kiev must stop military operation in east Ukraine,trust.org,http://www.trust.org/item/20140527104738-93acv
2014-05-27,07:34:58,26k2cx,835,Elderly Chinese people committing suicide before end of the month to avoid province's looming ban on burials,dailymail.co.uk,http://www.dailymail.co.uk/news/article-2639757/Elderly-Chinese-people-committing-suicide-make-sure-deaths-registered-end-month-ensure-proper-burial.html
2014-05-27,00:35:39,26iz40,767,Edward Snowden Seeking Return to US: Der Spiegel,ibtimes.co.uk,http://www.ibtimes.co.uk/edward-snowden-seeking-return-us-der-spiegel-1450036
2014-05-27,03:02:00,26jcly,668,"South Korea offers $500,000 reward for tips about missing billionaire Sewol ferry owner Yoo Byung-eun",news.nationalpost.com,http://news.nationalpost.com/2014/05/26/south-korea-offers-500000-reward-for-tips-about-missing-billionaire-sewol-ferry-owner-yoo-byung-eun/
2014-05-27,03:19:45,26je9l,514,‘Canada needs a Hawaii’: Turks & Caicos premier visits Ottawa,news.nationalpost.com,http://news.nationalpost.com/2014/05/26/canada-needs-a-hawaii-conservative-mp-pushing-for-turks-and-caicos-to-become-11th-province-as-islands-premier-visits-ottawa/
2014-05-27,23:38:17,26lwk8,320,"Gunman who killed three people at a Jewish museum in Belgium was “cold-blooded and very determined”, officials said today, leading some security experts to suggest that he may have been a hitman rather than an anti-Semitic “lone wolf”",independent.co.uk,http://www.independent.co.uk/news/world/europe/killer-at-belgian-jewish-museum-may-be-hitman-9436130.html
2014-05-27,00:25:44,26iyb2,324,Russia may carry out joint astronautic projects with China – Russian Deputy Prime Minister Rogozin,voiceofrussia.com,http://voiceofrussia.com/news/2014_05_26/Russia-may-carry-out-joint-astronautic-projects-with-China-Russian-Deputy-Prime-Minister-Rogozin-1655/
2014-05-27,23:58:01,26lyfb,313,"Ukraine Retakes Airport, After Airstrikes And Dozens Of Deaths",npr.org,http://www.npr.org/blogs/thetwo-way/2014/05/27/316283287/ukraine-retakes-airport-after-airstrikes-and-dozens-of-deaths
2014-05-27,23:18:53,26luqr,298,Facebook CEO Mark Zuckerberg ordered to appear in Iran court,khaama.com,http://www.khaama.com/facebook-ceo-mark-zuckerberg-ordered-to-appear-in-iran-court-6155
2014-05-27,10:48:25,26kj7t,281,Japan creates new national holiday for ‘overworked’ population,news.yahoo.com,http://news.yahoo.com/blogs/sideshow/japan-creates-new-national-holiday-for--overworked--population-214042766.html
2014-05-27,22:29:44,26lqir,251,"Palestinians 'to unveil unity government' | President Abbas to announce cabinet by Thursday, ending seven years of rivalry between Fatah and Hamas, official says.",aljazeera.com,http://www.aljazeera.com/news/middleeast/2014/05/palestinians-unveil-unity-government-2014527122738915383.html
2014-05-27,01:20:26,26j32e,241,EU Safety Institutions Caught Plotting an Industry “escape route” Around Looming Pesticide Ban,independentsciencenews.org,http://www.independentsciencenews.org/news/eu-safety-institutions-caught-plotting-an-industry-escape-route-around-looming-pesticide-ban/
2014-05-27,02:50:29,26jbhs,236,Bees trained to seek TNT instead of sugary sweets will soon be used to detect left-over landmines,telegraph.co.uk,http://www.telegraph.co.uk/news/worldnews/europe/bosnia/10852715/Sniffer-bees-reared-to-detect-landmines-in-Balkans.html
2014-05-27,18:38:50,26ldea,196,Dutch police on Tuesday arrested six Greenpeace activists after they chained a Russian oil drilling platform destined for the Arctic to a dock to prevent it from leaving a Netherlands port,france24.com,http://www.france24.com/en/20140527-dutch-arrest-greenpeace-activists-blocking-oil-rig/
2014-05-27,10:15:45,26kgco,189,"Chinese Boat Attacks, Sinks Vietnam Fishing Vessel, Vietnam Says",bloomberg.com,http://www.bloomberg.com/news/2014-05-27/chinese-boat-attacks-sinks-vietnam-fishing-vessel-vietnam-says.html
2014-05-27,07:10:04,26k05d,179,"A Chinese Internet information body has complained of ""unscrupulous"" surveillance by U.S. intelligence agencies over the rest of the world, and called for an immediate cessation of the practice, saying that operations have gone ""far beyond the legal rationale of 'anti-terrorism'"".",english.cri.cn,http://english.cri.cn/6909/2014/05/26/2743s828490.htm
2014-05-27,15:48:50,26l5cz,157,"Clashes over control of Donetsk airport left at least 30 pro-Russian separatists dead, rebels say",bbc.com,http://www.bbc.com/news/world-europe-27584718#TWEET1139805
2014-05-27,04:47:09,26jmid,147,The wives of the two jailed Venezuelan opposition mayors win elections with 88% and 73%,bbc.com,http://www.bbc.com/news/world-latin-america-27573326
2014-05-27,23:00:31,26lt5e,127,"MH370: Satellite data finally released, more than 2 months after the planes disappearance.",cnn.com,http://www.cnn.com/2014/05/27/world/asia/malaysia-missing-plane/
2014-05-27,21:14:58,26llba,93,"UKIP Upsets Major UK Parties in British Election, gets 27.5 Percent of the Vote",independent.co.uk,http://www.independent.co.uk/news/uk/politics/ukips-meps-after-months-of-gaffes-and-controversies-meet-the-people-who-will-represent-britain-in-the-european-parliament-9435149.html
2014-05-27,21:47:56,26lngh,76,Pakistani woman stoned to death in 'honour killing',abc.net.au,http://www.abc.net.au/news/2014-05-27/pakistani-woman-stoned-to-death-in-27honour-killing27/5482308
2014-05-27,20:19:31,26li2o,67,Putin To Cut Russian Imports Of Western Goods With New Fund,dailysabah.com,http://www.dailysabah.com/economy/2014/05/26/putin-to-cut-russian-imports-of-western-goods-with-new-fund
2014-05-27,11:34:50,26knag,61,"Pro-Erdogan paper blames mine disaster on the Jews | Focused on deflecting criticism of prime minister for his handling of the tragedy, column declares, 'A ll info on Soma incident leads us to Israel.'",haaretz.com,http://www.haaretz.com/news/middle-east/1.592026
