2014-06-05,23:30:19,27ducy,4181,"The World’s first waste-to-biofuels facility has opened in Edmonton Canada. The facility converts household garbage into biofuels. By 2016, it is expected that 90 per cent of the city's waste will be diverted out of the landfill because of this facility.",edmontonjournal.com,http://www.edmontonjournal.com/business/energy-resources/World+first+waste+biofuels+facility+opens/9908130/story.html
2014-06-05,16:44:53,27d6ug,3735,"‘Don’t ask for privacy, Take it back’: Anti-NSA #ResetTheNet campaign kicks off",rt.com,http://rt.com/news/163708-anti-nsa-campaign-starts/
2014-06-05,10:01:48,27cc94,3312,Gunman on the loose in Moncton: Unconfirmed reports RCMP officers shot,globalnews.ca,http://globalnews.ca/news/1374998/rcmp-officers-shot-in-moncton-reports/?utm_source=twitterfeed&utm_medium=twitter
2014-06-05,23:27:27,27du4m,2683,Pope Francis sacks entire Italian board of the Vatican's financial watchdog,abcnews.go.com,http://abcnews.go.com/Health/wireStory/pope-francis-shakes-vatican-financial-watchdog-24004541
2014-06-05,03:05:57,27b64e,2596,Irish church under fire after research uncovers 796 young children buried in an old septic tank,news.nationalpost.com,http://news.nationalpost.com/2014/06/04/irish-church-under-fire-after-research-uncovers-796-young-children-buried-in-an-old-septic-tank/
2014-06-05,20:49:25,27dic6,2508,A major criminal trial involving two men charged with serious terrorism offences could be held entirely in secret for the first time in modern British legal history,theguardian.com,http://www.theguardian.com/law/2014/jun/04/uk-secret-terrorism-trial-legal-justice-human-rights
2014-06-05,04:19:17,27bdzz,2043,"Snowden publicly supports Reset the Net campaign: ""This is the beginning of a moment where we the people begin to protect our universal human rights with the laws of nature rather than the laws of nations”",rt.com,http://rt.com/usa/163668-snowden-reset-the-net/
2014-06-05,22:07:30,27dnet,1147,"India state minister on rape: 'Sometimes it's right, sometimes it's wrong'",theguardian.com,http://www.theguardian.com/world/2014/jun/05/india-state-minister-rape-crimes-comment
2014-06-05,15:04:44,27d1a5,1115,German NSA-Proof Server Protonet Smashes Crowdfunding Record by Raising $1m in 89 Minutes,ibtimes.co.uk,http://www.ibtimes.co.uk/nsa-proof-server-protonet-smashes-crowdfunding-record-by-raising-1m-89-minutes-1451301
2014-06-05,20:07:53,27dg4x,672,Russian to become mandatory in Syrian schools,worldbulletin.net,http://www.worldbulletin.net/headlines/137755/russian-to-become-mandatory-in-syrian-schools
2014-06-05,21:53:33,27dmg6,656,Witnesses: Boko Haram militants slaughter hundreds,news.yahoo.com,http://news.yahoo.com/witnesses-boko-haram-militants-slaughter-hundreds-102214122.html
2014-06-05,23:13:38,27dsv2,517,The Guardian launches SecureDrop system for whistleblowers to share files | SecureDrop platform allows sources to submit documents and data while avoiding most common forms of online tracking.,theguardian.com,http://www.theguardian.com/technology/2014/jun/05/guardian-launches-securedrop-whistleblowers-documents
2014-06-05,03:47:09,27bagp,450,Canada bans government meteorologists from talking about climate change,dailymail.co.uk,http://www.dailymail.co.uk/news/article-2646897/Canada-bans-government-meteorologists-talking-climate-change.html
2014-06-05,19:32:14,27decb,439,Thousands gather in Hong Kong to remember Tiananmen killings. Crowds pack Hong Kong's Victoria Park to demand the truth about the Tiananmen crackdown 25 years ago and to call for an end to an assault on Communist Party critics that many view as the worst since 1989,telegraph.co.uk,http://www.telegraph.co.uk/news/worldnews/asia/hongkong/10875832/Thousands-gather-in-Hong-Kong-to-remember-Tiananmen-killings.html
2014-06-05,19:29:00,27de7q,436,Finns invent promising method for CO2 reduction. Researchers at the Mikkeli University of Applied Sciences have developed a water-based technique for removing carbon dioxide from industrial emissions.,yle.fi,http://yle.fi/uutiset/finns_invent_promising_method_for_co2_reduction/7280158
2014-06-05,12:37:24,27cqqh,393,68 U.S. companies procure minerals from North Korea despite Economic Sanctions,bloomberg.com,http://www.bloomberg.com/news/2014-06-03/hp-and-ibm-list-north-korea-as-a-supplier-in-conflict-mineral-reports.html
2014-06-05,01:05:57,27atnl,372,‘Extinct’ bat found in Papua New Guinea after 124 years.,bnonews.com,http://bnonews.com/urgent/11167/
2014-06-05,06:15:24,27bqeu,363,"Putin on Clinton: 'It's better not to argue with women.' He later characterized Clinton's comments as a sign of weakness, which is maybe ""not the worst quality for a woman,"" he added.",politicalticker.blogs.cnn.com,http://politicalticker.blogs.cnn.com/2014/06/04/putin-on-clinton-its-better-not-to-argue-with-women/
2014-06-05,04:50:27,27bhbv,313,"Air attack on pro-Russian separatists in Luhansk kills 8, stuns residents",cnn.com,http://www.cnn.com/2014/06/03/world/europe/ukraine-luhansk-building-attack/
2014-06-05,16:43:46,27d6rs,304,Rebels seize three govt bases in Ukraine,news.smh.com.au,http://news.smh.com.au/breaking-news-world/rebels-seize-three-govt-bases-in-ukraine-20140605-39kux.html
2014-06-05,21:34:11,27dl1t,291,"Japan's SoftBank Corp said on Thursday it will start selling human-like robots for personal use by February, expanding into a sector seen key to addressing labour shortages in one of the world's fastest ageing societies.",reuters.com,http://www.reuters.com/article/2014/06/05/us-softbank-robots-idUSKBN0EG0BR20140605
2014-06-05,09:46:51,27caxg,267,Nearly $190 million in assets linked to ousted Ukrainian leader Viktor Yanukovych and his inner circle have been frozen in Switzerland,france24.com,http://www.france24.com/en/20140605-switzerland-says-it-has-frozen-190-mn-ukraine-assets/
2014-06-05,21:00:59,27dixc,243,"Angered by Palestinian unity gov't, Israel to build more settler homes",in.reuters.com,http://in.reuters.com/article/2014/06/05/palestinian-israel-settlement-idINKBN0EG0I820140605
2014-06-05,06:57:58,27but7,227,Spiders could be the key to saving bees from harmful toxins after researchers found a bio-pesticide created using spider venom and a plant protein is highly toxic to a number of insect pests – but safe for honeybees.,independent.co.uk,http://www.independent.co.uk/news/science/spider-venom-takes-the-sting-out-of-pesticides-for-honeybees-9482087.html
2014-06-05,22:49:48,27dqqu,215,"A new University of Waterloo report warns that natural gas seeping from 500,000 wellbores represent ""a threat to environment and public safety"" due to groundwater contamination, greenhouse gas emissions and explosion risks wherever methane collects in unvented buildings and spaces.",thetyee.ca,http://www.thetyee.ca/News/2014/06/05/Canada-Leaky-Energy-Wells/
2014-06-05,06:04:59,27bpe2,160,The U.S. Has Been Speaking To Hamas Through Back Channels For More Than Six Months,buzzfeed.com,http://www.buzzfeed.com/sheerafrenkel/the-us-has-been-speaking-to-hamas-through-backchannels-for-o
2014-06-05,04:25:16,27bem1,157,Bashar Assad wins presidential vote in a landslide with 88.7 percent,theguardian.com,http://www.theguardian.com/world/feedarticle/11377965
2014-06-05,12:48:40,27cro8,124,Australia drops 'occupied' from references to Israeli settlements,theguardian.com,http://www.theguardian.com/world/2014/jun/05/australia-drops-occupied-israeli-settlements
2014-06-05,21:39:48,27dlh2,86,"Israel to build 1,500 more homes in settlements",theguardian.com,http://www.theguardian.com/world/2014/jun/05/israel-build-more-homes-settlements
2014-06-05,16:34:30,27d6ca,72,Israel announces new settlement expansion,aljazeera.com,http://www.aljazeera.com/news/middleeast/2014/06/israel-announces-new-settlement-expansion-20146553145984773.html
