2014-05-29,08:49:24,26qpqe,5079,"Top scientists warn World Health Organization not to classify e-cigarettes as tobacco products, arguing that doing so would jeopardize a major opportunity to slash disease and deaths caused by smoking.",reuters.com,http://www.reuters.com/article/2014/05/28/health-ecigarettes-idUSL6N0OD3ZE20140528
2014-05-29,22:13:33,26s7oq,3299,"Edward Snowden says he would like to return home but not to a ""jail cell""",washingtonpost.com,http://www.washingtonpost.com/news/morning-mix/wp/2014/05/29/edward-snowden-says-he-would-like-to-return-home-but-not-to-a-jail-cell/?wprss=rss_AllWPStoriesandBlogs&Post+generic=%3Ftid%3Dsm_twitter_washingtonpost&clsrd
2014-05-29,21:17:53,26s3ud,2797,A Third of the World is Now Obese or Overweight,time.com,http://time.com/134206/a-third-of-the-world-is-now-obese-or-overweight/
2014-05-29,23:25:45,26sdsc,1642,"The husband of a Pakistani woman stoned to death for refusing to participate in an arranged marriage told CNN her family had demanded 100,000 rupees if the couple wanted to stay alive.",cnn.com,http://www.cnn.com/2014/05/29/world/meast/pakistani-honor-killing/index.html
2014-05-29,17:15:46,26rrku,966,"Russia, Belarus, and Kazakhstan form Eurasian Economic Union",bigstory.ap.org,http://bigstory.ap.org/article/russia-belarus-and-kazakhstan-set-new-alliance
2014-05-29,08:29:48,26qnux,886,"US Secretary of State John Kerry has labelled intelligence leaker Edward Snowden a fugitive from justice who should ""man up"" and return home | Mr Kerry added that if Mr Snowden, 30, ""believes in America, he should trust the American system of justice"".",bbc.co.uk,http://www.bbc.co.uk/news/world-us-canada-27614001
2014-05-29,15:04:28,26rkuy,734,A volcano is Ethiopia is spewing blue lava,newscientist.com,http://www.newscientist.com/article/mg22229700.100-ethiopias-blue-volcano-burns-deadly-sulphuric-gas.html
2014-05-29,01:36:41,26ph64,544,Germany hit for dropping NSA probe plan,computerworld.com,http://www.computerworld.com/s/article/9248615/Germany_hit_for_dropping_NSA_probe_plan?source=rss_latest_content
2014-05-29,22:52:11,26saua,519,Lithuania's president wins second term on anti-Russia platform,reuters.com,http://www.reuters.com/article/2014/05/26/us-lithuania-elections-idUSBREA4P03K20140526
2014-05-29,20:29:52,26s0yk,495,Russians Revealed Among Ukraine Fighters,nytimes.com,http://www.nytimes.com/2014/05/28/world/europe/ukraine.html?ref=world&_r=1
2014-05-29,04:29:37,26pz3w,455,WikiLeaks claims Google director helped the NSA spy on Afghanistan.,rt.com,http://rt.com/usa/162036-wikileaks-google-nsa-afghanistan/
2014-05-29,12:27:02,26r9p3,429,US jails Chinese mastermind of rhino horn smuggling ring for six years,scmp.com,http://www.scmp.com/news/world/article/1520590/us-jails-chinese-mastermind-rhino-horn-smuggling-ring-six-years
2014-05-29,08:29:32,26qnu8,416,U.N. Chemical Weapons Inspectors Attacked in Syria,latinpost.com,http://www.latinpost.com/articles/13562/20140527/u-n-chemical-weapons-inspectors-attacked-in-syria.htm
2014-05-29,06:10:01,26qaf7,358,"Ebola expands in Guinea, sickens more in Sierra Leone",cidrap.umn.edu,http://www.cidrap.umn.edu/news-perspective/2014/05/ebola-expands-guinea-sickens-more-sierra-leone
2014-05-29,05:39:35,26q6zh,306,China Middle-Class Protests Turn Violent After Petitions Ignored,mobile.bloomberg.com,http://mobile.bloomberg.com/news/2014-05-26/china-middle-class-protests-turn-violent-after-petitions-ignored.html
2014-05-29,06:39:22,26qdht,226,Assad Destroyed Syria’s Oldest Synagogue,news.yahoo.com,http://news.yahoo.com/assad-destroyed-syria-oldest-synagogue-175000860--politics.html
2014-05-29,16:05:36,26ro4a,150,"MH370 is not in the Indian Ocean search zone, authorities say",theguardian.com,http://www.theguardian.com/world/2014/may/29/mh370-is-not-in-the-indian-ocean-search-zone-authorities-say
2014-05-29,05:56:55,26q8zx,117,"A Swedish engine company risks a $75,000 fine for telling an Iraqi-born high school student he could not intern with them, because it put them at odds with US export rules",thelocal.se,http://www.thelocal.se/20140528/us-rules-no-licence-to-discriminate-swedish-watchdog
2014-05-29,09:37:20,26qubq,115,"Reports: At least 30 killed at church in Central African Republic | Muslim rebels have stormed a Catholic church compound in the capital of the Central African Republic, killing at least 30 people in a hail of gunfire and grenades, witnesses said.",america.aljazeera.com,http://america.aljazeera.com/articles/2014/5/28/car-muslim-massacre.html
2014-05-29,22:09:33,26s7dp,85,Pakistan PM Nawaz Sharif orders action on stoning,bbc.com,http://www.bbc.com/news/world-asia-27622232
2014-05-29,23:57:58,26sgru,78,Crusader against sex trafficking in Cambodia quits amid charges stories were fabricated,nytimes.com,http://www.nytimes.com/2014/05/30/world/asia/anti-trafficking-activist-quits-amid-charges-stories-were-fabricated.html?rref=world&module=Ribbon&version=origin&region=Header&action=click&contentCollection=World&pgtype=article
2014-05-29,23:23:34,26sdlq,69,"Japanese oil tanker explodes, one missing",independent.co.uk,http://www.independent.co.uk/news/world/asia/japanese-oil-tanker-explodes-one-missing-9450470.html
2014-05-29,23:26:25,26sduy,70,China suggests U.S. may have fabricated evidence for cyberattacks,reuters.com,http://www.reuters.com/article/2014/05/29/us-china-usa-diplomacy-idUSKBN0E914H20140529?feedType=RSS&feedName=topNews&rpc=71&google_editors_picks=true
2014-05-29,12:49:15,26rbju,60,Russia Urges ‘Emergency Steps’ Over Ukraine After Rebel Losses,bloomberg.com,http://www.bloomberg.com/news/2014-05-28/russia-urges-emergency-steps-over-ukraine-after-rebel-losses.html
2014-05-29,14:37:53,26rj8l,56,"Huge explosion on Japanese oil tanker: Captain missing and four crew severely burned, with 998-tonne Shoku Maru left gutted and leaning over in the water",theguardian.com,http://www.theguardian.com/world/2014/may/29/huge-explosion-on-japanese-oil-tanker
2014-05-29,09:29:53,26qtmi,51,Ukip branch chairman: 'London is being ethnically cleansed of white people',independent.co.uk,http://www.independent.co.uk/news/uk/home-news/ukip-branch-chairman-london-is-being-ethnically-cleansed-of-white-people-9448154.html
2014-05-29,10:19:37,26qy95,52,"'Pakistan must prevent terror attacks on India', says Indian Prime Minister Narendra Modi in a rare meeting with his Pakistani counterpart Nawaz Sharif",irishtimes.com,http://www.irishtimes.com/news/world/asia-pacific/pakistan-must-prevent-terror-attacks-on-india-says-modi-1.1811660
2014-05-29,01:45:12,26pi1q,43,Donetsk miners call on Ukranian ‘occupiers’ to leave region,euronews.com,http://www.euronews.com/2014/05/28/donetsk-miners-call-on-ukranian-occupiers-to-leave-region/
2014-05-29,23:00:52,26sbks,36,"Spain: The residents of Castrillo Matajudíos, which loosely translates as Little Fort of Jew Killers, have voted to change the name of their village",nytimes.com,http://www.nytimes.com/2014/05/27/world/europe/spain-village-votes-for-new-name.html?smid=re-share
2014-05-29,22:46:11,26sabx,33,Egypt's Sisi - Former military chief- wins elections with 93%,bbc.co.uk,http://www.bbc.co.uk/news/world-middle-east-27614776
