2014-05-13,10:56:39,25ewj5,3256,"Found after 500 years, the wreck of Christopher Columbus’s flagship the Santa Maria",independent.co.uk,http://www.independent.co.uk/news/science/archaeology/exclusive-found-after-500-years-the-wreck-of-christopher-columbuss-flagship-the-santa-maria-9359330.html
2014-05-13,19:42:00,25ft1h,2845,"Right to be forgotten: EU court rules Google must amend results on request. Individuals have right to control their data and can ask search engines to remove results, says European court.",theguardian.com,http://www.theguardian.com/technology/2014/may/13/right-to-be-forgotten-eu-court-google-search-results
2014-05-13,06:31:23,25e6xd,2639,British police ask blogger to remove legitimate tweet criticising UK political party,theguardian.com,http://www.theguardian.com/politics/2014/may/12/police-ask-blogger-remove-legitimate-tweet-ukip
2014-05-13,06:03:52,25e42b,1384,How the NSA tampers with US-made internet routers & servers heading overseas,theguardian.com,http://www.theguardian.com/books/2014/may/12/glenn-greenwald-nsa-tampers-us-internet-routers-snowden
2014-05-13,23:30:53,25g8do,893,"There are now more than 100 billionaires living in Britain, the highest number per capita of any other country in the world.",wsws.org,http://www.wsws.org/en/articles/2014/05/13/rich-m13.html
2014-05-13,20:31:32,25fvim,842,"The current Australian Government proposes a budget that would make egregious cuts to funding for social services, the Health/Science/Education/Arts & Entertainment industries, and much more.",theguardian.com,http://www.theguardian.com/world/2014/may/13/budget-2014-key-points-from-joe-hockeys-announcements
2014-05-13,03:06:58,25dlca,701,World Health Organization finds alcohol causes one in 20 deaths globally,news.yahoo.com,https://news.yahoo.com/alcohol-kills-one-person-every-10-seconds-worldwide-131403384.html
2014-05-13,02:11:58,25dfpd,574,Canada orders extradition to India of mother and uncle for their role in 'honor' killing of a young Sikh woman,news.yahoo.com,http://news.yahoo.com/canada-orders-extradition-alleged-honor-killing-203530100.html
2014-05-13,21:38:27,25fzhb,543,Former Israeli PM Ehud Olmert handed six-year jail sentence,theguardian.com,http://www.theguardian.com/world/2014/may/13/former-israeli-pm-ehud-olmert-six-years-jail
2014-05-13,03:35:26,25do9s,428,"Western Antarctic ice sheet collapse has already begun, scientists warn. Loss is inevitable and will cause up to four metres of additional sea-level rise.",theguardian.com,http://www.theguardian.com/environment/2014/may/12/western-antarctic-ice-sheet-collapse-has-already-begun-scientists-warn
2014-05-13,02:35:58,25di5p,402,"Isabel Carrasco, a top female politician in the northern Spanish town of Leon, is shot dead on a public street",bbc.com,http://www.bbc.com/news/world-europe-27373291
2014-05-13,22:54:41,25g576,354,Beijing just handed out the city’s largest-ever fine for air pollution—to a US joint venture,qz.com,http://qz.com/208810/beijing-just-handed-out-the-citys-largest-ever-fine-for-air-pollution-to-a-us-joint-venture/
2014-05-13,15:54:10,25fifq,314,Egypt To Put Six Homosexual Men On Trial For Organizing Gay Party,agi.it,http://www.agi.it/english-version/world/elenco-notizie/201405101948-epp-rt10119-six_homosexuals_tried_in_egypt_for_organising_gay_party
2014-05-13,20:10:13,25fuer,254,Sharp rise in French Jews leaving for Israel,news.yahoo.com,http://news.yahoo.com/sharp-rise-french-jews-leaving-israel-174124468.html
2014-05-13,21:48:41,25g05s,245,"United Nations: ""It is difficult to reconcile Canada’s well-developed legal framework and general prosperity with the human rights problems faced by indigenous peoples in Canada that have reached crisis proportions in many respects.""",america.aljazeera.com,http://america.aljazeera.com/articles/2014/5/12/un-says-canada-incrisisoveraboriginals.html
2014-05-13,15:15:56,25fggl,237,Canadian Special Forces on the ground in Nigeria.,ctvnews.ca,http://www.ctvnews.ca/canada/canadians-on-the-ground-in-nigeria-to-help-search-for-kidnapped-girls-baird-1.1818095
2014-05-13,20:01:39,25ftzm,230,"A Future Of Thirst: Water Crisis Lies On The Horizon -- ""The next time your throat is as dry as a bone and the Sun is beating down, take a glass of clean, cool water. Savour it. Sip by sip. Vital and appreciated as that water is, it will be even more precious to those who will follow you.""",news.yahoo.com,https://news.yahoo.com/future-thirst-water-crisis-lies-horizon-042831078.html
2014-05-13,08:42:08,25ek2u,225,Donetsk People’s Republic “will start its own anti-terrorist operation in Donetsk region” against Ukrainian military forces if they don’t leave in 48-hours,kyivpost.com,http://www.kyivpost.com/content/ukraine/separatists-start-their-referendum-in-donbas-347247.html
2014-05-13,00:04:35,25d3by,164,Donetsk region asks to join Russia,theguardian.com,http://www.theguardian.com/world/2014/may/12/ukraine-crisis-donetsk-region-asks-join-russia
2014-05-13,01:38:29,25dc9g,168,Romania seeks explanation from Russia over TU-160 threat,moldova.org,http://www.moldova.org/russian-official-banned-romania-ukraine-remains-blocked-moldova/
2014-05-13,03:49:43,25dpq0,130,Former CIA director: ‘We kill people based on metadata’,rt.com,http://rt.com/usa/158460-cia-director-metadata-kill-people/
2014-05-13,16:02:09,25fiuu,108,The question of whether or not climate change threatens human survival has been resolved. Increased CO2 drastically reduces crucial zinc and iron in core food crops.,bbc.com,http://www.bbc.com/news/science-environment-27308720
2014-05-13,21:33:45,25fz5x,93,Australia asked Americans for more help to spy on Australian citizens | Documents from US agency show that Canberra spies pleaded for help to increase surveillance on terror suspects,theguardian.com,http://www.theguardian.com/world/2014/may/13/australia-americans-help-spy-terror-suspects
2014-05-13,04:35:15,25dukl,86,"Venezuelan doctor and scientist Jacinto Convit, renowned for his development of a leprosy vaccine, dies at the age of 100.",uk.reuters.com,http://uk.reuters.com/article/2014/05/12/venezuela-people-convit-idUKL1N0NY0SX20140512
2014-05-13,23:32:15,25g8i3,57,Australia: Budget to cut youth off welfare,wsws.org,http://www.wsws.org/en/articles/2014/05/13/welf-m13.html
2014-05-13,03:25:29,25dn8i,52,"Despite entreaties, France refuses to cancel sale to Russia of $1.6-billion warship that carries 700 troops",news.nationalpost.com,http://news.nationalpost.com/2014/05/12/despite-entreaties-france-refuses-to-cancel-sale-to-russia-of-1-6-billion-warship-that-carries-700-troops/
2014-05-13,20:34:20,25fvnc,41,Europe's top court: people have right to be forgotten on Internet,reuters.com,http://www.reuters.com/article/2014/05/13/eu-google-dataprotection-idUSL6N0NZ23Q20140513
2014-05-13,13:39:05,25fad2,42,"World's heaviest drinking countries map revealed - UK and US don't make the top 10, but congratulations Belarus",independent.co.uk,http://www.independent.co.uk/life-style/health-and-families/health-news/worlds-heaviest-drinking-countries-revealed--and-the-uk-doesnt-even-make-the-top-10-9357860.html
2014-05-13,06:07:27,25e4fl,34,Murdered Turkish teenager trial reopens | Four police officers among eight men accused of killing 19-year-old who died during anti-government protests last year.,aljazeera.com,http://www.aljazeera.com/news/europe/2014/05/murdered-turkish-teenager-trial-reopen-20145125920677621.html
2014-05-13,20:15:17,25funq,34,Homeless Families in Sao Paulo Are Occupying the World Cup,news.vice.com,https://news.vice.com/article/homeless-families-in-sao-paulo-are-occupying-the-world-cup
