2014-08-28,05:07:23,2er8kl,11200,NASA confirms that their rocket to Mars will have first launch in 2018,spaceindustrynews.com,http://spaceindustrynews.com/nasa-completes-key-review-of-worlds-most-powerful-rocket-in-support-of-journey-to-mars/4668/
2014-08-28,15:32:42,2esuo9,19349,"Russia has begun ""full scale invasion"" into Ukraine fighting now on two fronts.",cnn.com,http://www.cnn.com/2014/08/28/world/europe/ukraine-crisis/index.html
2014-08-28,20:07:34,2et9ln,10139,Russian state/military aircraft have violated Finnish airspace for the third time in a week today.,yle.fi,http://yle.fi/uutiset/third_russian_airspace_violation_in_a_week/7438235
2014-08-28,10:38:03,2es61i,6689,Pablo Escobar's hitman released from prison after 22 years. Responsible for over 3k assasinations.,colombiareports.co,http://colombiareports.co/pablo-escobars-hitman-responsible-3k-murders-released-colombia-prison-22-years/
2014-08-28,21:41:58,2etfw2,3481,Putin's human rights adviser says Russia 'invading' Ukraine,news.yahoo.com,http://news.yahoo.com/rights-adviser-putin-says-russia-invading-ukraine-105913686.html
2014-08-28,23:09:21,2etnfa,2172,Lithuania calls for UN meeting over Russian invasion of Ukraine,english.ahram.org.eg,http://english.ahram.org.eg/NewsContent/2/9/109427/World/International/Lithuania-calls-for-UN-meeting-over-Russian-invasi.aspx
2014-08-28,19:33:42,2et7ir,1842,"Superstitious People Are Dismembering Albinos in Tanzania - In one case, 3 men armed with machetes hacked a 15-yr-old girl's right arm off. A witch doctor had told them they could get $600 for it. Others are being killed to harvest their skin, bones, & hair.",news.vice.com,https://news.vice.com/article/fueled-by-superstition-people-are-violently-attacking-albinos-in-tanzania
2014-08-28,10:01:22,2es34b,847,"The authorities in Brazil say they have dismantled a criminal organisation they believe was the ""biggest destroyer"" of the Amazon rainforest.",bbc.com,http://www.bbc.com/news/world-latin-america-28961554
2014-08-28,05:12:03,2er93j,839,Russian soldiers 'buried in secret',bbc.com,http://www.bbc.com/news/world-europe-28949582
2014-08-28,03:50:09,2eqzw2,646,Merkel asks Putin to explain reports of Russian troops in Ukraine,uk.reuters.com,http://uk.reuters.com/article/idUKKBN0GR1XP20140827?irpc=932
2014-08-28,22:59:52,2etmib,635,"47 UN peacekeepers 'abducted by al-Qaeda linked Syrian rebels', Fears for the safety of UN peacekeepers reported missing during fighting on the Golan Heights involving Al-Nusra Front, an al-Qaeda linked group",telegraph.co.uk,http://www.telegraph.co.uk/news/worldnews/middleeast/syria/11061515/47-UN-peacekeepers-abducted-by-al-Qaeda-linked-Syrian-rebels.html
2014-08-28,12:01:54,2ese9r,590,Ukraine crisis: T-72 tank shoots hole in Russian denial,m.bbc.com,http://m.bbc.com/news/world-europe-28961080
2014-08-28,02:15:30,2eqp7b,432,Hamas's political leader emerges after cease-fire to proclaim Jerusalem as the goal,haaretz.com,http://www.haaretz.com/news/diplomacy-defense/1.612789?
2014-08-28,23:45:17,2etr2z,360,UN Security Council Meets on Ukraine Crisis,abcnews.go.com,http://abcnews.go.com/US/wireStory/security-council-meets-ukraine-crisis-25159682
2014-08-28,23:24:40,2etp09,340,MH370: satellite phone call revealed as Australia gives update on search,theguardian.com,http://www.theguardian.com/world/2014/aug/28/mh370-satellite-phone-call-revealed-as-australia-gives-update-on-search
2014-08-28,01:29:26,2eqk3r,269,Russia Says It Will Respond To NATO Troop Rotations In East,rferl.org,http://www.rferl.org/content/russia-nato-deployments-poland-baltics/26553229.html
2014-08-28,10:06:53,2es3mw,266,Egyptian soldiers kill Palestinian exiting tunnel near Rafah,maannews.net,http://www.maannews.net/eng/ViewDetails.aspx?ID=723807
2014-08-28,04:23:04,2er3k0,212,"A British nurse infected with Ebola may have caught the deadly virus after playing with a one-year-old boy whose mother had died in a treatment centre but who himself had initially tested negative for the disease, a medical colleague has said.",trust.org,http://www.trust.org/item/20140827185520-do4rx/?
2014-08-28,15:12:33,2esteb,162,"ISIS Is Recruiting Child Soldiers, Committing War Crime, As It Gains Ground In Aleppo",ibtimes.com,http://www.ibtimes.com/isis-recruiting-child-soldiers-committing-war-crime-it-gains-ground-aleppo-1671414#.U_7IJ53vVMY.reddit
2014-08-28,15:03:42,2esst2,128,Japanese Lab says it can't replicate landmark stem cell study (on stimulated potency) after the results were alleged to be fake by many. Co-author hung himself earlier.,firstpost.com,http://www.firstpost.com/living/japan-lab-says-it-cant-replicate-stem-cell-findings-alleged-to-be-fake-by-many-1684313.html
2014-08-28,21:15:49,2etdzd,123,"Turkey's Erdogan sworn in as president, consolidates power: ""We're now more worried than ever about one-man, autocratic rule in Turkey""",reuters.com,http://www.reuters.com/article/2014/08/28/us-turkey-erdogan-president-idUSKBN0GS18120140828
2014-08-28,01:07:54,2eqhp1,121,"ISIS Militants carry out regular Friday 'Executions, Amputations And Mock Crucifixions' in Syria.",huffingtonpost.co.uk,http://www.huffingtonpost.co.uk/2014/08/27/isis-militants-carry-out-regular-friday-executions-amputations-and-mock-crucifixions-in-syria_n_5722638.html?
2014-08-28,20:30:52,2etb0w,106,Peru police seize record six tons of cocaine,news.yahoo.com,https://news.yahoo.com/peru-police-seize-record-six-tons-cocaine-012920123.html
2014-08-28,10:27:40,2es5kn,104,"Islamic State commits war crimes, Syrian government using poison gas: U.N.",reuters.com,http://www.reuters.com/article/2014/08/28/us-syria-crisis-warcrimes-idUSKBN0GR11P20140828?feedType=RSS&feedName=worldNews
2014-08-28,14:04:42,2esoqz,96,Russia: Bank offers 'free cat with every mortgage.' Russia's largest bank is apparently loaning cats to clients who buy one of their mortgage products - as a sign of good luck.,bbc.com,http://www.bbc.com/news/blogs-news-from-elsewhere-28951981
2014-08-28,05:19:34,2er9wz,97,"CEO accused of animal abuse ordered to donate $100,000",bc.ctvnews.ca,http://bc.ctvnews.ca/ceo-accused-of-vancouver-dog-abuse-ordered-to-donate-100k-1.1979393
2014-08-28,21:47:55,2etgck,75,Saudi mufti tells young Saudis not to heed call to jihad,reuters.com,http://www.reuters.com/article/2014/08/28/us-saudi-security-idUSKBN0GS19M20140828?feedType=RSS&feedName=worldNews
2014-08-28,02:54:45,2eqtm8,71,Ukraine Says Russian Forces Lead Major New Offensive in East,nytimes.com,http://www.nytimes.com/2014/08/28/world/europe/ukraine-russia-novoazovsk-crimea.html?_r=0
2014-08-28,21:51:16,2etgmr,65,"Big power out, solar in: UBS urges investors to join renewables revolution. World’s largest private bank predicts large-scale power stations will soon make way for electric cars and new solar technologies",theguardian.com,http://www.theguardian.com/environment/2014/aug/27/ubs-investors-renewables-revolution
2014-08-28,02:19:36,2eqpmz,65,Yazidis still stranded on Mount Sinjar: 'We need weapons now more than food or water',gu.com,http://gu.com/p/4x3d3
