2014-04-27,21:51:01,243nla,3190,Missing Malaysia Airlines flight MH370: Malaysian prime minister admits lost plane WAS tracked by military radar,independent.co.uk,http://www.independent.co.uk/news/world/asia/missing-malaysia-airlines-flight-mh370-malaysian-prime-minister-admits-lost-plane-was-tracked-by-military-radar-9293254.html
2014-04-27,10:10:08,242l76,2921,South Korea PM to resign over criticism of the governments handling of the ferry incident.,uk.reuters.com,http://uk.reuters.com/article/2014/04/27/uk-korea-ship-idUKBREA3P04720140427
2014-04-27,23:29:42,243t0e,2874,"North Korea calls Obama a ""powerful pimp"" and ""gangster"" for South Korea's ""prostitute"" President; says South Korean president's behavior like a ""crafty prostitute eagerly trying to frame someone by giving her body to a powerful pimp"". The North then said it was ready for ""full scale nuclear war.""",theguardian.com,http://www.theguardian.com/world/2014/apr/27/north-korea-attacks-south-president-park-geun-hye-obama#start-of-comments
2014-04-27,04:45:27,241uxl,2620,Russian and Ukrainian game developers are starting to leave their countries in midst of political crisis,red-buzz.com,http://red-buzz.com/2014/04/russian-and-ukrainian-game-developers-are-starting-to-leave-their-countries-in-midst-of-political-crisis/
2014-04-27,23:29:20,243sz3,1197,"Brazilians welcome genetically-modified mosquito to help fight dengue fever -- With dengue endemic in three of the host cities for this summer's World Cup, Brazilian health officials are trying a radical new approach to fighting it - biotechnology.",pri.org,http://www.pri.org/stories/2014-04-25/brazilians-welcome-genetically-modified-mosquito-help-fight-dengue-fever
2014-04-27,02:15:55,241iag,938,Museum dedicated to Tiananmen square massacre opens in Hong Kong,bbc.co.uk,http://www.bbc.co.uk/news/world-asia-china-27172041
2014-04-27,17:55:54,243eab,935,Ecuador’s President Rafael Correa has ordered 20 Pentagon officers and staff to leave the country,matthewaid.com,http://www.matthewaid.com/post/83856196748/ecuador-orders-entire-20-man-military-staff-in-us
2014-04-27,14:08:55,2432gy,918,Ireland: Doctors back two GPs who want cannabis use legalised,independent.ie,http://www.independent.ie/lifestyle/health/doctors-back-two-gps-who-want-cannabis-use-legalised-30219776.html
2014-04-27,20:30:30,243jzi,752,"Danish cabinet minister allows full access to mine all her online data, in an attempt to show just how much information can be derived from an individual's digital footprint.",b.dk,http://www.b.dk/politiko/minister-allows-access-to-private-data
2014-04-27,19:40:37,243i42,667,"All synthetic drugs sold as ""legal highs"" to be removed from New Zealand shops within two weeks",i.stuff.co.nz,http://i.stuff.co.nz/national/politics/9982968/Legal-highs-to-be-banned
2014-04-27,04:38:59,241uep,531,Serial Killer Arrested For Killing Gay Men In Pakistan,gaylaxymag.com,http://www.gaylaxymag.com/articles/world/serial-killer-arrested-for-killing-gay-men-in-pakistan/
2014-04-27,08:48:15,242ewq,531,Gunmen refuse to release European observers seized in eastern Ukraine,latimes.com,"http://www.latimes.com/world/worldnow/la-fg-wn-standoff-continues-in-eastern-ukraine-20140426,0,3029367.story"
2014-04-27,00:13:56,2418pl,471,BBC News - Spain: Endangered hamster-sized deer born in zoo,bbc.com,http://www.bbc.com/news/blogs-news-from-elsewhere-27139832
2014-04-27,10:04:37,242kqz,402,Iraq: Bomb explodes at election rally,dailyzone.com,http://www.dailyzone.com/articles/477/20140426/iraq-bomb-explodes-election-rally.htm
2014-04-27,05:15:52,241xiu,323,"NIS aquires supercomputer - ""It's codenamed Steelwinter and is part of a 100 million dollar investment program. The supercomputer will crack heavy cryptology and analyze the vast amounts of data Norwegian Inteligence Service (NIS) collects.""",dagbladet.no,http://www.dagbladet.no/2014/04/26/nyheter/snowden_i_norge/edward_snowden/nsa/etterretningstjenesten/32991102/
2014-04-27,08:01:33,242b9v,318,"The Russian Defense Ministry complains of large Ukrainian troop buildup in east - that the number of Ukraine troops put the pro-Russian militants at a disadvantage because the latter are ""armed only with small amount of pistols and shotguns.""",cnn.com,http://www.cnn.com/2014/04/26/world/europe/ukraine-crisis/index.html?hpt=hp_t2
2014-04-27,18:08:30,243et2,316,Saudi Arabia says has 10 more cases in MERS outbreak and two more people have died from the disease,reuters.com,http://www.reuters.com/article/2014/04/27/us-saudi-mers-idUSBREA3Q02F20140427
2014-04-27,15:06:55,24364c,231,Former Australian Prime Minister Malcolm Fraser warns Australia risks war with China unless US military ties are cut back,theage.com.au,http://www.theage.com.au/federal-politics/malcolm-fraser-warns-australia-risks-war-with-china-unless-us-military-ties-cut-back-20140425-zqz8p.html
2014-04-27,23:53:50,243uop,209,Baltic States Lead Push to Cut Russia Gas Reliance,time.com,http://time.com/77025/baltic-states-lead-push-to-cut-russia-gas-reliance/
2014-04-27,14:32:32,2433wr,206,A federal judge on Wednesday dismissed criminal charges against a former Blackwater security guard whose actions allegedly triggered the shootings of dozens of Iraqi citizens at a traffic circle in Baghdad nearly seven years ago,huffingtonpost.com,http://www.huffingtonpost.com/2014/04/23/blackwater-case-dismissed_n_5200375.html
2014-04-27,21:04:11,243ldn,197,Iraqi helicopters attack jihadi convoy across Syrian border,english.al-akhbar.com,http://english.al-akhbar.com/content/iraqi-helicopters-attack-jihadi-convoy-across-syrian-border
2014-04-27,17:19:09,243cvm,186,Pro-Russia rebels hold German-led observers hostage,ft.com,http://www.ft.com/cms/s/0/94bbc390-cd4e-11e3-99be-00144feabdc0.html#slide0
2014-04-27,05:18:31,241xqy,180,Search for MH370 reveals a military vulnerability for China,uk.reuters.com,http://uk.reuters.com/article/2014/04/22/us-china-navy-idUKBREA3L1P120140422
2014-04-27,04:27:39,241tfs,177,Europe bans American apples for containing a possibly carcinogenic chemical and group asks U.S to examine them,reuters.com,http://www.reuters.com/article/2014/04/24/food-apples-idINL2N0NF1D320140424
2014-04-27,22:40:50,243q4n,176,"GE invests $24 million in Welspun Renewables Energy’s solar project - With this transaction, GE Energy Financial Services has exceeded $10 billion in cumulative renewable energy investment commitments worldwide, including $1.8 billion in solar power commitments in seven countries.",m.timesofindia.com,http://m.timesofindia.com/Business/India-Business/GE-invests-24-million-in-Welspun-Renewables-Energys-solar-project/articleshow/34276457.cms
2014-04-27,03:21:38,241nvm,159,Ukraine: Tymoshenko calls for NATO membership,news.yahoo.com,http://news.yahoo.com/ap-interview-tymoshenko-calls-nato-membership-152144036.html
2014-04-27,16:18:16,243ads,121,Swiss citizens told to leave parts of Ukraine,swissinfo.ch,http://www.swissinfo.ch/eng/politics/Swiss_citizens_told_to_leave_parts_of_Ukraine.html?cid=38460104
2014-04-27,10:52:41,242ofm,109,"Frustrated families hold Malaysia airlines employees hostage, U.S. cost for missing jetliner tops $11 million",blog.al.com,http://blog.al.com/wire/2014/04/frustrated_families_hold_malay.html#incart_river_default
2014-04-27,20:20:38,243jlo,106,Turkish Leader Signs Bill Expanding Security Agency's Power and Immunity,nytimes.com,http://www.nytimes.com/2014/04/26/world/europe/turkish-leader-signs-bill-expanding-spy-agencys-power.html?emc=edit_tnt_20140426&nlid=68619242&tntemail0=y
2014-04-27,10:56:42,242opp,102,"German anger over former Italian PM Berlusconi saying ""for the Germans, concentration camps never existed""",bbc.co.uk,http://www.bbc.co.uk/news/world-europe-27172045
