2014-06-23,17:45:45,28uwq8,4218,Al-Jazeera journalists sentenced to seven years in prison in Egypt,egyptianstreets.com,http://egyptianstreets.com/2014/06/23/al-jazeera-journalists-sentenced-to-seven-years-in-prison-in-egypt/
2014-06-23,21:51:34,28v9d6,3044,"""We Demand Justice"": Kenyans protest after men who brutally raped girl sentenced to cut grass",rawstory.com,http://www.rawstory.com/rs/2014/06/23/we-demand-justice-kenyans-protest-after-men-who-brutally-raped-girl-sentenced-to-cut-grass/
2014-06-23,06:44:31,28tlj9,3029,Ghana has been exposed agreeing to pay to take part in international football matches organized and manipulated by match fixers,telegraph.co.uk,http://www.telegraph.co.uk/sport/football/world-cup/10918321/Football-match-fixing-deal-casts-cloud-over-World-Cup.html
2014-06-23,02:36:32,28t06t,2598,Russell Brand calls for revolution as tens of thousands march in London against coalition's austerity measures,theguardian.com,http://www.theguardian.com/politics/2014/jun/21/protest-march-austerity-london-russell-brand-peoples-assembly?CMP=fb_gu
2014-06-23,04:56:27,28tcbn,1529,"'The House of One', a Mosque, Church and Synagogue; all under one roof, is being built in Berlin",bbc.co.uk,http://www.bbc.co.uk/news/magazine-27872551
2014-06-23,04:06:00,28t805,1424,Researchers discover mass graves near US-Mexico border containing bodies of migrants in body bags,aljazeera.com,http://www.aljazeera.com/humanrights/2014/06/mass-migrant-graves-unearthed-texas-2014622135759344842.html
2014-06-23,07:35:41,28tpnb,1009,Israeli Air Force attacks Assad army targets,timesofisrael.com,http://www.timesofisrael.com/iaf-reportedly-hits-assad-army-targets/
2014-06-23,18:48:56,28uzoz,960,"The UK government has acknowledged that every UK citizen who uses Google and accesses web site services Facebook, Twitter and YouTube, can be monitored, under existing legislation, by the security services",wsws.org,https://www.wsws.org/en/articles/2014/06/23/surv-j23.html
2014-06-23,12:59:08,28ufb3,938,"Polish Foreign Minister: We Gave The US A ""Blowjob,"" Got Nothing",buzzfeed.com,http://www.buzzfeed.com/bensmith/polish-foreign-minister-we-gave-the-us-a-blowjob-got-nothing?s=mobile
2014-06-23,03:21:47,28t44h,800,Prince William gets $11M helicopter from Queen on his birthday,cbc.ca,http://www.cbc.ca/news/world/prince-william-gets-11m-helicopter-from-queen-on-his-birthday-1.2683299
2014-06-23,22:05:16,28vadg,741,UN: World's forests fundamental to human well-being,bbc.com,http://www.bbc.com/news/science-environment-27963330
2014-06-23,10:44:14,28u4o4,454,"Iraqi military facing ‘psychological collapse’ after losses, desertions",washingtonpost.com,http://www.washingtonpost.com/world/iraqi-military-facing-psychological-collapse-after-losses-desertions/2014/06/22/88ed659a-fa4a-11e3-8176-f2c941cf35f1_story.html
2014-06-23,08:00:42,28trj7,287,"ISIS is advancing towards Baghdad after more territorial gains. Iraqi officials say ISIS has seized an Air Force base and now has a ""direct line"" to Baghdad.",cnn.com,http://www.cnn.com/2014/06/22/world/meast/iraq-crisis/?c=&page=2
2014-06-23,23:23:25,28vgqi,254,"Iranian President: Islam rejects violence, extremism",english.irib.ir,"http://english.irib.ir/news/iran1/item/190523-iranian-president-islam-rejects-violence,-extremism"
2014-06-23,22:26:05,28vbxu,237,"Glastonbury goes green: Festival declares war on plastic water bottles, will distribute reusable steel bottles as 400 drinking-water taps are erected",theguardian.com,http://www.theguardian.com/music/2014/jun/22/glastonbury-declares-war-plastic-water-bottles
2014-06-23,09:37:32,28tz5k,208,Riot police deployed in Kiev as hundreds of masked pro-Ukraine activists march on monastery to stop pro-Russian rally,dailymail.co.uk,http://www.dailymail.co.uk/news/article-2665209/Riot-police-deployed-Kiev-hundreds-masked-pro-Ukraine-activists-march-monastery-stop-pro-Russians-holding-rally.html?ITO=1490&ns_mchannel=rss&ns_campaign=1490
2014-06-23,12:23:13,28uco9,184,"Putin Calls for Ukraine to Hold Unconditional Talks With Rebels: Talks Must Include All Sides, Says Russian President",online.wsj.com,http://online.wsj.com/articles/putin-calls-for-broad-dialogue-to-resolve-ukraine-crisis-1403442669
2014-06-23,11:29:15,28u8cm,153,"Amazon Living Wage campaigners place dummy book on site as protest -Fake book, A Living Wage for All Amazon Workers, adds to campaign against low pay at internet retail giant",theguardian.com,http://www.theguardian.com/books/2014/jun/11/amazon-living-wage-campaigners-dummy-book-protest
2014-06-23,01:30:54,28surt,150,Pope Francis seeks to abolish all forms of torture,haaretz.com,http://www.haaretz.com/news/world/1.600362
2014-06-23,15:32:40,28upva,148,Japan considering new base on Antarctica,ndtv.com,http://www.ndtv.com/article/world/japan-considering-new-base-on-antarctica-546180?pfrom=home-otherstories
2014-06-23,02:34:46,28t01l,126,"13-year-old Israeli-Arab boy killed, 4 hurt in bombing on Israel's Syria border",ynetnews.com,"http://www.ynetnews.com/articles/0,7340,L-4533027,00.html?worldnews=1"
2014-06-23,22:14:52,28vb26,122,Syria handed over 100% of declared chem weapons stockpile,rt.com,http://rt.com/news/167864-opcw-chemical-weapons-syria/
2014-06-23,19:09:18,28v0mv,118,"ISIS 'May Have Recruited 1,500 Britons'",news.sky.com,http://news.sky.com/story/1287688/isis-may-have-recruited-1500-britons
2014-06-23,09:15:57,28txbo,70,"Big Voter Turnout in Unofficial Hong Kong Poll, condemned as “illegal and invalid” by the central government in Beijing.",nytimes.com,http://www.nytimes.com/2014/06/23/world/asia/big-voter-turnout-in-unofficial-hong-kong-poll.html?_r=0
2014-06-23,03:24:21,28t4df,69,"An old email from a General Motors employee warning of a ""serious safety problem"" could help trigger another government fine against the automaker.",news.com.au,http://www.news.com.au/finance/business/gm-could-face-another-fine/story-e6frfkur-1226962263675
2014-06-23,07:34:39,28tpkg,70,Associated Press issues major corrections for the 800 children from unmarried mothers found in septic tank story.,hosted.ap.org,http://hosted.ap.org/dynamic/stories/E/EU_IRELAND_CHILDRENS_MASS_GRAVES?CTIME=2014-06-20-14-48-31&SECTION=HOME&SITE=AP&TEMPLATE=DEFAULT
2014-06-23,23:52:51,28vjh6,65,US Embassy in Berlin Offering Cash for People to Create Pro-TAFTA/TTIP Propaganda,techdirt.com,https://www.techdirt.com/articles/20140620/14292827638/us-embassy-berlin-offering-cold-hard-cash-people-to-create-pro-taftattip-propaganda.shtml
2014-06-23,14:50:23,28un81,58,16 News Organizations Seek Access to Guantanamo Force-Feeding Videos,mcclatchydc.com,http://www.mcclatchydc.com/2014/06/20/231042/journalists-seek-public-access.html?sp=/99/200/365/
2014-06-23,00:19:58,28spga,54,Iran rejects U.S. action in Iraq as militants push east,reuters.com,http://reuters.com/article/idUSKBN0EX0BJ20140622?irpc=932
2014-06-23,08:50:01,28tv8r,38,Guam WWII survivors denied reparations again by US Senate.,guampdn.com,http://www.guampdn.com/article/20140619/NEWS01/140619003/U-S-Senate-passes-bill-excludes-war-claims-Guam-WWII-survivors
