2014-08-11,03:46:54,2d5z22,19316,"At least half of the 40,000 people besieged by jihadists on a mountaintop in northern Iraq have escaped in the past 24 hours, aided by Kurdish rebels who crossed from Syria to rescue them.",theguardian.com,http://www.theguardian.com/world/2014/aug/10/kurdish-rebels-yazidi-iraq-isis
2014-08-11,16:24:17,2d7rpb,5061,Ukrainian government forces are preparing for the final stage of recapturing the city of Donetsk from pro-Russian separatist rebels.,reuters.com,http://www.reuters.com/article/2014/08/11/us-ukraine-crisis-idUSKBN0GA0C620140811
2014-08-11,19:20:07,2d81m6,4084,"North Korea plans report on human rights: North Korea, unhappy with a damning, in-depth United Nations sponsored study of human rights conditions in the country, is planning its own assessment.",blogs.wsj.com,http://blogs.wsj.com/korearealtime/2014/08/11/north-korea-plans-report-on-human-rights/
2014-08-11,18:33:11,2d7z4v,3587,Ambulance service in New Zealand fails to respond to critically ill patient for 1 hour and 10 minutes - despite being 5 minutes away from Auckland Hospital. The patient works for one of New Zealand's largest news agencies.,3news.co.nz,http://www.3news.co.nz/Hour-plus-wait-for-St-John-ambulance/tabid/817/articleID/356400/Default.aspx
2014-08-11,05:23:27,2d67yj,2536,Kurdish forces retake 2 towns from ISIS in northern Iraq,foxnews.com,http://www.foxnews.com/world/2014/08/10/kurdish-forces-retake-2-towns-from-isis-in-northern-iraq/
2014-08-11,23:53:39,2d8llm,2505,NATO sees 'high probability' of Russian invasion as Ukraine troops close on Donetsk,reuters.com,http://www.reuters.com/article/2014/08/11/us-ukraine-crisis-idUSKBN0GA0C620140811?utm_source=twitter
2014-08-11,18:44:13,2d7zq8,1714,Iraq crisis: US to arm Kurds - live updates,theguardian.com,http://www.theguardian.com/world/live/2014/aug/11/iraq-crisis-us-air-strikes-help-kurds-retake-territory-live-updates
2014-08-11,21:33:37,2d89le,1580,"Ban Ki-moon secretly worked with Israel to undermine UN report into Gaza war crimes, says WikiLeaks",daily.bhaskar.com,http://daily.bhaskar.com/news-ht/WOR-ban-ki-moon-secretly-worked-with-israel-to-undermine-un-report-into-gaza-war-cri-4709927-NOR.html
2014-08-11,00:00:51,2d5f75,1559,"Iraqi Kurdish president asks world for weapons to fight Islamic State, ""We are not fighting a terrorist organisation, we are fighting a terrorist state""",uk.news.yahoo.com,https://uk.news.yahoo.com/iraqi-kurdish-president-asks-world-weapons-fight-islamic-125619918--finance.html
2014-08-11,06:15:26,2d6cwa,1180,Australian MP listed as secret KGB informant in Russian archives,smh.com.au,http://www.smh.com.au/national/agent-albert-mp-listed-as-secret-kgb-informant-in-russian-archives-20140810-102jtm.html
2014-08-11,18:39:29,2d7zgu,1091,"An artillery shell landed in a high-security prison in the city of Donetsk in eastern Ukraine, sparking a riot in which 106 inmates escaped, local officials say.",bbc.com,http://www.bbc.com/news/world-europe-28740012
2014-08-11,18:34:39,2d7z7v,1078,"Nuclear reactors closed after faults found at north England power plants - Defects found in boiler units by inspectors lead to 4 reactors being taken offline, 2 at Heysham 1 & 2 at Hartlepool",theguardian.com,http://www.theguardian.com/environment/2014/aug/11/nuclear-reactors-offline-fault-power-plants
2014-08-11,20:42:36,2d8672,781,North Korea launch surfing tours on east coast,nknews.org,http://www.nknews.org/2014/08/north-korea-launch-surfing-tours-on-east-coast/
2014-08-11,18:07:56,2d7xp0,704,Head of Human Rights Watch denied entry after landing in Cairo ahead of release of report on mass killing of protesters.,aljazeera.com,http://www.aljazeera.com/news/middleeast/2014/08/hrw-chief-denied-entry-egypt-201481164157675857.html
2014-08-11,04:15:37,2d61rs,618,"20,000 Iraqis besieged by Isis escape from mountain after US air strikes",theguardian.com,http://www.theguardian.com/world/2014/aug/10/iraq-yazidi-isis-jihadists-islamic-state-kurds?CMP=twt_gu
2014-08-11,04:04:09,2d60p9,614,"Hillary Clinton blasts 'unfair' world reaction over Gaza, cites anti-Semitism as factor",timesofisrael.com,http://www.timesofisrael.com/hillary-clinton-blasts-unfair-world-reaction-over-gaza-cites-anti-semitism-as-factor/
2014-08-11,03:16:27,2d5w6a,587,Police want right to see medical records without consent,theguardian.com,http://www.theguardian.com/uk-news/2014/aug/10/police-right-to-see-medical-records
2014-08-11,21:03:54,2d87k8,555,Report: Hamas Executes Dozens of 'Terror Tunnel' Diggers,israelnationalnews.com,http://www.israelnationalnews.com/News/News.aspx/183934#.U-iw82K9KSM
2014-08-11,22:20:52,2d8d4i,522,Fracking campaigners criticise 'censored' report on house prices. Government urged to publish sections cut from study into impact of shale gas wells on local communities,theguardian.com,http://www.theguardian.com/environment/2014/aug/10/fracking-censored-house-price-report
2014-08-11,09:45:39,2d6w0a,497,Desperate Christians in Iraq beg UK and US to send in troops,mirror.co.uk,http://www.mirror.co.uk/news/world-news/desperate-christians-iraq-beg-uk-4030534#.U-gRxqJX-ub
2014-08-11,10:15:52,2d6yp2,410,Israel Finds Silent Backing Among Arab Nations Hostile to Hamas,bloomberg.com,http://www.bloomberg.com/news/2014-08-10/israel-finds-silent-backing-among-arab-nations-hostile-to-hamas.html
2014-08-11,20:48:25,2d86kf,387,"The U.S. failed to properly investigate civilian killings, including possible war crimes, which occurred during its military operations in Afghanistan, the international rights group Amnesty International said Monday. NATO said it would review the report.",usatoday.com,http://www.usatoday.com/story/news/world/2014/08/11/afghan-civilian-deaths/13884387/
2014-08-11,04:14:31,2d61oe,346,Erdogan wins Turkey's presidential election: Unofficial results show PM won Turkey's first directly elected poll with 52 percent as his main rival concedes victory.,aljazeera.com,http://www.aljazeera.com/news/middleeast/2014/08/erdogan-wins-turkey-presidential-election-2014810172347586150.html
2014-08-11,01:07:07,2d5kj8,345,US Bombs ISIS Again,businessinsider.com,http://www.businessinsider.com/us-bombs-isis-again-2014-8?utm_source=feedburner&utm_medium=feed&utm_campaign=Feed%3A+businessinsider+%28Business+Insider%29
2014-08-11,00:38:25,2d5i49,319,"Kurdish Forces Begin Counterattacks Against ISIS Fighters: Kurdish officials said they had retaken the town of Gwer and were on the verge of seizing Mahkmour, where American military planes first struck the positions of fighters from the Islamic State in Iraq and Syria, or ISIS, on Friday.",nytimes.com,http://www.nytimes.com/2014/08/11/world/middleeast/iraq.html?partner=rss&emc=rss
2014-08-11,20:33:41,2d85o1,258,Ukraine rocket attack leads to mass jail breakout,thehindu.com,http://www.thehindu.com/news/international/world/ukraine-rocket-attack-leads-to-mass-jail-breakout-in-rebelheld-donetsk/article6304465.ece
2014-08-11,17:11:30,2d7ugl,255,Senior US officials: Obama administration has begun directly arming Kurds in Iraq,abcnews.go.com,http://abcnews.go.com/International/wireStory/senior-us-officials-obama-administration-begun-directly-arming-24924347
2014-08-11,00:20:43,2d5got,237,Leaked Files: German Spy Company Helped Bahrain Hack Arab Spring Protesters - The Intercept,firstlook.org,https://firstlook.org/theintercept/2014/08/07/leaked-files-german-spy-company-helped-bahrain-track-arab-spring-protesters/
2014-08-11,03:41:31,2d5yj0,207,Jordan's Arab Bank On Trial For Financing Terrorism,forbes.com,http://www.forbes.com/sites/danielfisher/2014/08/08/arab-bank-trial-brings-tests-limits-of-u-s-law-in-palestinian-conflict/
2014-08-11,07:20:43,2d6ixn,195,"Iraq's PM refuses to step down, special forces deployed around Baghdad",news.yahoo.com,http://news.yahoo.com/special-forces-loyal-maliki-deployed-key-baghdad-areas-221346322--finance.html?utm_medium=twitter&utm_source=twitterfeed
