2014-03-08,08:31:49,1zur6k,4406,"Malaysia Airlines Plane 'Loses Contact': Malaysia Airlines says a plane - flight MH370 - carrying 239 people ""has lost contact"" with air traffic control.",news.sky.com,http://news.sky.com/story/1222674/malaysia-airlines-plane-loses-contact
2014-03-08,23:56:34,1zw9wd,3437,It has been reported that two passengers who were listed on the plane's manifest - an Italian and an Austrian - were not actually on the flight but had had their passports stolen in the past two years in Thailand,bbc.co.uk,http://www.bbc.co.uk/news/world-asia-26496673
2014-03-08,00:10:46,1zteys,2343,CNN team told to stop broadcasting from Crimea,politico.com,http://www.politico.com/blogs/media/2014/03/cnn-team-told-to-stop-broadcasting-from-crimea-184690.html
2014-03-08,03:27:54,1ztye9,2041,Russian soldiers begin to storm bases in Crimea,translate.google.com,http://translate.google.com/translate?sl=auto&tl=en&js=n&prev=_t&hl=en&ie=UTF-8&u=http%3A%2F%2Fwww.pravda.com.ua%2Fnews%2F2014%2F03%2F7%2F7018108%2F&act=url
2014-03-08,13:05:20,1zvcin,1994,Vitnamese Navy confirms plane crashes into the sea.,sg.news.yahoo.com,http://sg.news.yahoo.com/mas-aircraft-goes-missing--says-airline-023820132.html
2014-03-08,22:24:11,1zw3v3,1733,Interim Ukrainian government says it has no plans to cede Crimea to Russia,washingtonpost.com,http://www.washingtonpost.com/world/in-crimea-interim-government-says-it-has-no-plans-to-cede-to-russia/2014/03/08/df1261d0-a6c3-11e3-9cff-b1406de784f0_story.html
2014-03-08,02:13:17,1ztqzc,1206,South Korean military given new authority to launch pre-emptive strike against North if they beleive an attack is imminent.,arirang.co.kr,http://www.arirang.co.kr/News/News_View.asp?nseq=158760&category=2
2014-03-08,17:57:36,1zvrq2,969,Turkey Scrambles Jets After Russian Flyover: Russia sent a surveillance plane into Turkish airspace as a US Navy destroyer passed through on the way to the Black Sea.,news.sky.com,http://news.sky.com/story/1222489/turkey-scrambles-jets-after-russian-flyover
2014-03-08,19:59:37,1zvwsq,881,Russia may halt US inspections over sanctions: Russian news agencies says Moscow is considering a freeze of U.S. military inspections under arms control treaties in retaliation to Washington's decision to halt military cooperation with Russia.,bigstory.ap.org,http://bigstory.ap.org/article/russia-may-halt-us-inspections-over-sanctions
2014-03-08,15:42:52,1zvlw0,818,China draws 'red line' on North Korea,aljazeera.com,http://www.aljazeera.com/news/asia-pacific/2014/03/china-draws-red-line-north-korea-201438539376117.html
2014-03-08,22:06:33,1zw2xt,588,Warning shots fired as foreign observers blocked from entering Ukraine’s Crimea region,france24.com,http://www.france24.com/en/breaking/20140308-warning-shots-fired-foreign-observers-blocked-entering-ukraine-crimea-region/
2014-03-08,05:29:32,1zuacz,493,A sophisticated piece of spyware has been quietly infecting hundreds of government computers across Europe and the United States in one of the most complex cyber espionage programs uncovered to date.,reuters.com,http://www.reuters.com/article/2014/03/07/us-russia-cyberespionage-insight-idUSBREA260YI20140307?feedType=RSS&feedName=topNews
2014-03-08,08:55:37,1zutdg,474,Animals left to starve to death at Ukraine zoo,dailymail.co.uk,http://www.dailymail.co.uk/news/article-2575650/Animals-left-starve-death-Ukrainian-zoo-new-government-debt-ridden-country-divert-funds-elsewhere.html#ixzz2vJNI7BGs
2014-03-08,03:22:43,1ztxvy,349,There have already been almost 3000 murders in Venezuela since the start of the year,qz.com,http://qz.com/185406/there-have-already-been-almost-3000-murders-in-venezuela-since-the-start-of-the-year/
2014-03-08,14:59:48,1zvjmh,307,"Sultan of Brunei to impose strict observance of Sharia Law, claims it is a ""great achievement for the country, and not a backward or old-fashioned step.""",ibtimes.co.uk,http://www.ibtimes.co.uk/brunei-sultan-impose-strict-sharia-law-amputation-theft-stoning-adultery-1439332
2014-03-08,20:01:22,1zvwvo,297,Names and ages of all passengers aboard flight MH370,malaysiaairlines.com,http://www.malaysiaairlines.com/content/dam/mas/master/en/pdf/Malaysia%20Airlines%20Flight%20MH%20370%20Passenger%20Manifest.pdf
2014-03-08,03:47:18,1zu0di,286,Republican senators tell Fifa Russia must be kicked out of 2014 World Cup,theguardian.com,http://www.theguardian.com/world/2014/mar/07/republican-senators-fifa-russia-2014-world-cup
2014-03-08,20:36:52,1zvyfb,261,Oil Slick Sighting Is First Sign Malaysia Airlines Plane May Have Crashed,nytimes.com,http://www.nytimes.com/2014/03/09/world/asia/malaysia-airlines-flight.html?_r=0
2014-03-08,22:06:47,1zw2yb,220,Russia may end nuclear checks in response to Ukraine sanction,theguardian.com,http://www.theguardian.com/world/2014/mar/08/ukraine-crisis-russian-troops-evict-ukrainina-border-guards-live-blog
2014-03-08,11:07:51,1zv417,217,"For First Time, Kremlin Signals It Is Prepared to Annex Crimea",nytimes.com,http://www.nytimes.com/2014/03/08/world/europe/ukraine.html?hp&_r=0
2014-03-08,21:41:58,1zw1l3,207,Guatemalan Farmers Too Poor to Protest - Tens of thousands of farmers showed up in Guatemala City yesterday to demonstrate against the construction of hydroelectric power plants and the high price of electricity—but they didn't have enough money to stay very long.,vice.com,http://www.vice.com/read/guatemalan-farmers-are-too-poor-to-protest
2014-03-08,18:38:55,1zvtg3,154,Oxfam ex-fraud chief admits defrauding charity,bbc.co.uk,http://www.bbc.co.uk/news/uk-england-oxfordshire-26466466
2014-03-08,20:54:08,1zvz6l,137,Ukraine crisis 'created artificially' - Russia's Lavrov,bbc.co.uk,http://www.bbc.co.uk/news/world-europe-26495378
2014-03-08,23:53:05,1zw9oo,130,Stolen European passports on missing Malaysia plane,news.yahoo.com,http://news.yahoo.com/stolen-european-passports-missing-plane-150519884.html;_ylt=AwrBEiJtMxtTYW8AUjTQtDMD
2014-03-08,01:50:27,1ztooa,86,"Pro-Russian protesters won't let wife give her husband a bag of food, Russian soldiers intervene and take the food to him.(X-Post from r/News)",cnn.com,http://www.cnn.com/video/data/2.0/video/international/2014/03/07/tsr-intv-ostrovsky-vice-reporter-ukraine.cnn.html
2014-03-08,01:48:35,1ztoi8,78,Two choices on ballot in Crimean referendum: yes and yes,kyivpost.com,http://www.kyivpost.com/content/ukraine/two-choices-in-crimean-referendum-yes-and-yes-338745.html
2014-03-08,23:30:20,1zw82p,66,EU leaders draw up plans to send gas to Ukraine if Russia cuts off supply | Europe braced for possible battle with Moscow after Gazprom threatens to cut off gas supply if Ukraine does not pay bill.,theguardian.com,http://www.theguardian.com/business/2014/mar/07/eu-leaders-gas-russia-ukraine
2014-03-08,07:02:09,1zujcd,61,Armed men confiscate AP equipment in Crimea,bigstory.ap.org,http://bigstory.ap.org/article/armed-men-confiscate-ap-equipment-crimea
2014-03-08,13:19:52,1zvdil,57,"Russian Hackers virus ""extraordinary in its complexity” and “quite unique”",scmagazineuk.com,http://www.scmagazineuk.com/snake-apts-call-for-new-security-approach/article/337272/
2014-03-08,04:20:54,1zu3n9,62,66 students expelled from university for cheering for Pakistan in a cricket match,washingtonpost.com,http://www.washingtonpost.com/sports/66-students-expelled-for-cheering-pakistan-cricket/2014/03/06/b275cdaa-a5a7-11e3-b865-38b254d92063_story.html
