2014-05-10,10:46:43,256ehl,3036,"Australian Environment Minister Andrew Powell wants Australians to boycott Ben and Jerry’s ice cream for supporting ‘‘propaganda’’ save the reef campaign, saying they’ve damaged the reputation of the reef and jeopardised jobs and tourism dollars.",brisbanetimes.com.au,http://www.brisbanetimes.com.au/queensland/ben-and-jerrys-ice-cream-hurting-reef-qld-govt-20140429-37eg7.html#ixzz31GzRoxVq
2014-05-10,14:17:15,256t32,1844,Mexico to legalize vigilantes fighting drug cartel,miamiherald.com,http://www.miamiherald.com/2014/05/10/4108799/mexico-to-legalize-vigilantes.html
2014-05-10,02:20:33,2555dz,1407,Harvard study shows neonicotionoids are devastating colonies by triggering colony collapse disorder,theguardian.com,http://www.theguardian.com/environment/2014/may/09/honeybees-dying-insecticide-harvard-study
2014-05-10,04:02:31,255fec,893,Russia: Proposed Bill Would 'Protect' Children From Unpatriotic Information,themoscowtimes.com,http://www.themoscowtimes.com/news/article/proposed-bill-would-protect-children-from-unpatriotic-information/499849.html
2014-05-10,08:39:21,2564ow,791,Ex-Blackwater guard indicted on murder charge for Iraq shooting,reuters.com,http://www.reuters.com/article/2014/05/09/us-usa-iraq-blackwater-idUSBREA480PA20140509
2014-05-10,05:37:41,255oj4,580,"""Not a shred of truth"": IOC Denies report that Rio 2016 Olympics could be moved to London",sports.nationalpost.com,http://sports.nationalpost.com/2014/05/09/not-a-shred-of-truth-ioc-denies-report-that-rio-2016-olympics-could-be-moved-to-london/
2014-05-10,21:54:13,257cw3,459,"U.S. officers whisked from Yemen after they kill would-be kidnappers, State Department says",washingtonpost.com,http://www.washingtonpost.com/world/national-security/us-officers-whisked-from-yemen-after-they-kill-would-be-kidnappers-state-department-says/2014/05/10/999b59f6-d803-11e3-95d3-3bcd77cd4e11_story.html
2014-05-10,11:08:52,256g92,426,Australia delists protected woodland in Tasmania,ft.com,http://www.ft.com/cms/s/0/00ca3d3a-d756-11e3-a47c-00144feabdc0.html#axzz31H59Ixtg
2014-05-10,02:45:07,2557vh,298,Venezuela said on Tuesday it would start crushing abandoned cars and bicycles to provide raw materials for housing construction and supplement drastically reduced amounts of local steel.,uk.reuters.com,http://uk.reuters.com/article/2014/05/09/uk-venezuela-autos-idUKKBN0DF1VT20140509
2014-05-10,08:15:42,2562n2,239,"War on drugs a global failure, London School of Economics says - Business - CBC News",cbc.ca,http://www.cbc.ca/1.2636263
2014-05-10,13:54:19,256rtj,171,Satellite images contradict suggestion of Russian pull back from Ukraine.,washingtonpost.com,http://www.washingtonpost.com/blogs/worldviews/wp/2014/05/09/russia-said-it-moved-its-troops-away-from-ukraine-satellite-images-seem-to-say-otherwise/?tid=up_next
2014-05-10,21:55:37,257cyn,161,Chinese military experts claim pressure from US and NATO forced Turkey to scrap US$3.4 billion China missile system deal,scmp.com,http://www.scmp.com/news/china/article/1506989/turkey-hints-scrapping-china-missile-system-deal
2014-05-10,03:40:31,255d8r,150,"Nigeria knew of school raid ahead of time, failed to act",cnn.com,http://www.cnn.com/2014/05/09/world/africa/nigeria-abducted-girls/
2014-05-10,19:32:27,2576sp,143,China blames U.S. for stoking tensions in South China Sea,reuters.com,http://www.reuters.com/article/2014/05/09/us-china-usa-idUSBREA4804Z20140509
2014-05-10,04:24:08,255hjg,130,Europe softens stance on Canada’s oil sands as relations with Russia sour,business.financialpost.com,http://business.financialpost.com/2014/05/06/europe-softens-stance-on-canadas-oil-sands-as-relations-with-russia-sour/?__lsa=8881-0b0c
2014-05-10,03:57:47,255exb,122,Cambodia seizes three tonnes of ivory in record haul | Customs officers find elephant tusks hidden in shipping container for beans,theguardian.com,http://www.theguardian.com/environment/2014/may/09/cambodia-seizes-three-tonnes-of-ivory-in-record-haul
2014-05-10,18:55:34,2575eo,115,New documents point to CIA rendition network through Djibouti,america.aljazeera.com,http://america.aljazeera.com/articles/2014/5/8/djibouti-reprievereport.html
2014-05-10,17:19:54,2571so,87,"A 6.0 has occurred near Acapulco, the same town close to yesterday's 6.4 - Updates inside",earthquake.usgs.gov,http://earthquake.usgs.gov/earthquakes/eventpage/usb000qgt2#summary
2014-05-10,04:46:27,255jnn,91,Swedish Airliner Nearly Hit Russian Spy Plane,businessinsider.com,http://www.businessinsider.com/david-cenciotti-swedish-airliner-nearly-hit-russian-spy-plane-2014-5
2014-05-10,07:39:35,255zju,76,Vietnam Says Video Proves China Rammed Its Ship,npr.org,http://www.npr.org/blogs/thetwo-way/2014/05/08/310800113/vietnam-says-video-proves-china-rammed-its-ship
2014-05-10,05:24:37,255nav,67,Ukraine Forces Destroy Police Building in Restive East,nytimes.com,http://www.nytimes.com/2014/05/10/world/europe/ukraine-forces-destroy-police-building-in-restive-east.html?rref=world&module=Ribbon&version=origin&region=Header&action=click&contentCollection=World&pgtype=article
2014-05-10,17:42:43,2572r8,66,A Coffee Crop Withers: Fungus Cripples Coffee Production Across Central America,nytimes.com,http://www.nytimes.com/2014/05/06/business/international/fungus-cripples-coffee-production-across-central-america.html
2014-05-10,03:33:12,255cjh,45,"Amazon UK boycott urged after retailer pays just £4.2m in tax, despite selling goods worth £4.3bn | Margaret Hodge says consumer action forced Starbucks to pay tax in UK and could persuade Amazon to follow suit.",theguardian.com,http://www.theguardian.com/business/2014/may/09/margaret-hodge-urges-boycott-amazon-uk-tax-starbucks
2014-05-10,01:32:22,2550s5,39,"Russia stages biggest military parade in years, fueling ""patriotic fervor"" with thousands of troops, tanks, artillery, and ballistic missiles rolling through Moscow; fighter jets, helicopters, and bombers also flew overhead as Putin personally gave a speech to ""stir national pride.""",reuters.com,http://www.reuters.com/article/2014/05/09/us-ukraine-crisis-russia-parade-idUSBREA4809K20140509
2014-05-10,20:21:39,2578ns,38,"Israel fires back at U.S. envoy who said Israeli settlement construction is to blame for peace talks failure, saying he himself had done nothing to help the negotiations",reuters.com,http://www.reuters.com/article/2014/05/09/us-palestinian-israel-usa-idUSBREA4801V20140509
2014-05-10,14:16:30,256t1l,38,A Choice Between Warlords: Lebanon Can’t Elect a New President,news.vice.com,https://news.vice.com/article/a-choice-between-warlords-lebanon-cant-elect-a-new-president
2014-05-10,08:47:21,2565dj,34,"Putin is losing control of events in Ukraine, warns William Hague - Russian president’s authority over separatists who refused to delay referendum is in doubt, says Foreign Secretary",telegraph.co.uk,http://www.telegraph.co.uk/news/worldnews/europe/ukraine/10821032/Ukraine-crisis-Putin-is-losing-control-of-events-in-Ukraine-warns-William-Hague.html
2014-05-10,15:46:52,256xr0,35,'Killer Robots' to be debated at the UN,bbc.com,http://www.bbc.com/news/technology-27343076
2014-05-10,00:04:30,254sio,34,Pope Demands 'Legitimate Redistribution' of Wealth,abcnews.go.com,http://abcnews.go.com/Health/wireStory/pope-demands-legitimate-redistribution-wealth-23651955
2014-05-10,18:11:49,2573vm,28,France to Keep Troops in Africa Against Extremists,abcnews.go.com,http://abcnews.go.com/International/wireStory/france-troops-africa-extremists-23634655
