2014-06-10,22:48:34,27sa4f,3910,Baby rhino Gertjie refuses to sleep alone after witnessing his mother's death at the hands of poachers - The baby rhino was found 'crying inconsolably' next to his dead mother in South Africa,independent.co.uk,http://www.independent.co.uk/news/world/africa/baby-rhino-gertjie-refuses-to-sleep-alone-after-witnessing-his-mothers-death-at-the-hands-of-poachers-9518603.html
2014-06-10,11:04:48,27r2db,3545,Mexico City joins others in banning animals in circuses,latimes.com,http://www.latimes.com/world/mexico-americas/la-fg-mexico-city-animals-circuses-20140609-story.html
2014-06-10,03:34:17,27pu3p,3311,"Boris Johnson calls for removal of anti-homeless spikes: London mayor says 'ugly, self-defeating and stupid' spikes outside luxury flats are not the answer to rough sleeping",theguardian.com,http://www.theguardian.com/society/2014/jun/09/boris-johnson-calls-removal-anti-homeless-spikes
2014-06-10,14:48:14,27rk7x,3137,"New Inca Road Discovered Leading Right to Machu Picchu - Road includes a nearly 5 meter long tunnel, still intact 500 yrs after its construction",peruthisweek.com,http://www.peruthisweek.com/news-new-inca-road-to-machu-picchu-discovered-103165
2014-06-10,05:31:22,27q6rw,2636,The NYT reports a Chinese military unit has been stealing design schematics from aerospace and satellite companies and government agencies.,nytimes.com,http://www.nytimes.com/2014/06/10/technology/private-report-further-details-chinese-cyberattacks.html?_r=0
2014-06-10,03:08:33,27prbw,2441,"Canada shuts down investor immigration path declaring that there is ""little evidence that immigrant investors as a class are maintaining ties to Canada or making a positive economic contribution to the country""; Rich Chinese sue",sinosphere.blogs.nytimes.com,http://sinosphere.blogs.nytimes.com/2014/06/09/disappointed-immigration-applicants-sue-canada/?_php=true&_type=blogs&_r=0
2014-06-10,00:28:25,27pb21,2251,"F-35's single engine too dangerous for Canadian military, report says",cbc.ca,http://www.cbc.ca/news/politics/f-35-s-single-engine-too-dangerous-for-canadian-military-report-says-1.2669476
2014-06-10,05:41:27,27q7vg,2132,Australian PM Tony Abbott seeks alliance to thwart President Obama on climate change policy,theage.com.au,http://www.theage.com.au/federal-politics/political-news/tony-abbott-seeks-alliance-to-thwart-president-obama-on-climate-change-policy-20140609-39t93.html
2014-06-10,00:10:05,27p9c1,2089,"Religious orders allowed over 2,000 Irish children to be used in medical experiments",irishcentral.com,http://www.irishcentral.com/news/Religious-orders-allowed-over-2000-Irish-children-to-be-used-in-medical-experiments.html
2014-06-10,03:32:48,27ptyd,1720,"Russia, China have their sights on undercutting dollar's dominance as reserve currency",america.aljazeera.com,http://america.aljazeera.com/articles/2014/6/9/russia-banks-currency.html
2014-06-10,00:40:27,27pca7,1683,"'France must give refuge to Edward Snowden' | A petition calling for France to grant asylum to American NSA whistleblower Edward Snowden has garnered over 33,000 signatures in less than 12 hours.",thelocal.fr,http://www.thelocal.fr/20140603/petition-calls-for-snowden-to-be-granted-asylum-in-france
2014-06-10,14:13:00,27rhut,1535,"Ireland: Nun admits care home children were involved in medical trials - ""In one of the trials, 80 children became ill after they were accidentally administered a vaccine intended for cattle""",belfasttelegraph.co.uk,http://www.belfasttelegraph.co.uk/news/local-national/republic-of-ireland/nun-admits-care-home-children-were-involved-in-medical-trials-30339431.html
2014-06-10,23:40:25,27selm,1139,Eight employees at Canada's largest dairy farm are being accused of viciously beating cows after undercover video was given to the British Columbia SPCA.,huffingtonpost.ca,http://www.huffingtonpost.ca/2014/06/09/chilliwack-dairy-farm-animal-cruelty_n_5475953.html?utm_hp_ref=canada-british-columbia&just_reloaded=1
2014-06-10,20:15:08,27s05y,599,"G20 not a place to discuss climate change, says BHP chief [BHP is an Anglo-Australian multinational mining, metals and petroleum company]",smh.com.au,http://www.smh.com.au/business/carbon-economy/g20-not-a-place-to-discuss-climate-change-says-bhp-chief-20140606-39miq.html
2014-06-10,07:18:26,27qhth,456,Australian Prime Minister Tony Abbott and his Canadian counterpart Stephen Harper have condemned carbon taxes during their first bilateral talks in Ottawa.,abc.net.au,http://www.abc.net.au/news/2014-06-10/tony-abbott-finds-friend-in-canadian-pm-harper-over-carbon-tax/5511252
2014-06-10,22:25:30,27s89w,401,Moderate Muslim preacher shot dead in Kenya,dailyzone.com,http://www.dailyzone.com/articles/837/20140610/moderate-muslim-preacher-shot-dead-in-kenya.htm
2014-06-10,18:11:57,27rui1,392,Iraq militants seize Mosul provincial government HQ,bbc.com,http://www.bbc.com/news/world-middle-east-27778112
2014-06-10,01:59:13,27pk7e,260,"Archaeologists discover 4,000-year-old tomb from 11th Engyptian dynasty in Luxor",theguardian.com,http://www.theguardian.com/science/2014/jun/09/archaeologists-discover-4000-year-old-pharaonic-tomb-luxor-egypt
2014-06-10,06:16:04,27qbjj,260,Venezuelan Prostitutes Earn More Selling Dollars Than Sex,bloomberg.com,http://www.bloomberg.com/news/2014-06-09/venezuela-prostitutes-earn-more-selling-dollars-than-sex.html
2014-06-10,01:14:19,27pfn3,226,World's oldest man dies at 111,nypost.com,http://nypost.com/2014/06/09/worlds-oldest-man-dies-at-111/
2014-06-10,18:57:19,27rwgn,215,UK govt accuses Muslim group of trying to impose Islam in schools -,dawn.com,http://www.dawn.com/news/1111716/uk-govt-accuses-muslim-group-of-trying-to-impose-islam-in-schools
2014-06-10,13:13:41,27rdiv,215,Vietnam banking tycoon given 30-year jail term,channelnewsasia.com,http://www.channelnewsasia.com/news/asiapacific/vietnam-banking-tycoon/1142608.html
2014-06-10,18:21:37,27ruxh,213,"ISIS Militants seize control of Mosul, the Second Largest City in Iraq",dailystar.com.lb,http://www.dailystar.com.lb/News/Lebanon-News/2014/Jun-10/259539-militants-seize-control-of-mosul.ashx#axzz34E50JRr6
2014-06-10,23:40:28,27selx,197,"Chrome OS leaks data to Google before switching on a VPN, says CESG (the part of GCHQ that helps British citizens protect stuff from foreign spies) | It also identifies ""significant risks"" in the operating systems.",theregister.co.uk,http://www.theregister.co.uk/2014/06/10/security_guidance_for_blackberry_1021_android_44_and_chrome_os/
2014-06-10,03:15:58,27ps4s,173,Netanyahu Is Facing Heat From All Sides For His Handling Of Palestine Peace Talks,businessinsider.com,http://www.businessinsider.com/r-netanyahus-palestine-strategy-rapped-by-israeli-coalition-partners-2014-08
2014-06-10,05:27:38,27q6d7,154,"U.S. arms could create Syria 'warlords', rebel commander says",reuters.com,http://www.reuters.com/article/2014/06/09/us-syria-crisis-opposition-idUSKBN0EK1EH20140609?feedType=RSS&feedName=worldNews
2014-06-10,00:26:07,27pau4,136,"Latin Americans forge ahead with CO2 reduction plans. Over the past year, Guatemala, Honduras, Costa Rica, El Salvador, Colombia, Chile, Bolivia and Peru have all either passed or announced an intent to legislate major new policies to cut greenhouse gas emissions",eenews.net,http://www.eenews.net/stories/1060000922
2014-06-10,12:54:06,27rby1,134,"A man and a woman arrested for protesting against the coup will undergo a process to ""have their attitude adjusted"", said deputy national police chief General Somyos Phumpanmuang",nationmultimedia.com,http://www.nationmultimedia.com/politics/Arrested-anti-coup-protesters-face-attitude-adjust-30235771.html
2014-06-10,23:04:13,27sbdx,128,"Revealed: Asian slave labour producing prawns for supermarkets in US, UK",gu.com,http://gu.com/p/3ppcd
2014-06-10,07:49:36,27qkrd,91,Six Cuban ballet dancers defect to US on Puerto Rico tour,bbc.com,http://www.bbc.com/news/world-latin-america-27769138
