2014-07-14,19:54:26,2anob0,12145,"Executive pay '180 times average', report finds: Executive pay has grown from 60 times that of the average worker to almost 180 times since the 1990s, according to a report.",bbc.com,http://www.bbc.com/news/28286264
2014-07-14,06:35:09,2am22e,25562,Germany 1 - 0 Argentina. Germany win the 2014 FIFA World Cup!,bbc.com,http://www.bbc.com/sport/0/football/28181689
2014-07-14,01:49:41,2ale1q,626,Edward Snowden condemns Britain's emergency surveillance bill,theguardian.com,http://www.theguardian.com/world/2014/jul/13/edward-snowden-condemns-britain-emergency-surveillance-bill-nsa
2014-07-14,13:57:31,2an4q5,418,"Samsung has temporarily suspended business with one of its suppliers in China after finding ""evidence"" of illegal child labour at the plant.",ndtv.com,http://www.ndtv.com/article/world/samsung-finds-evidence-of-child-labour-at-china-plant-558119
2014-07-14,21:58:16,2anvit,377,"In Iraq’s disputed territory, minorities are embracing Kurdish control",washingtonpost.com,http://www.washingtonpost.com/world/middle_east/in-iraqs-disputed-territory-minorities-are-embracing-kurdish-control/2014/07/13/6dfe8b58-09ed-11e4-8a6a-19355c7e870a_story.html
2014-07-14,00:37:45,2al85p,348,Tory child abuse whistleblower: 'Margaret Thatcher knew all about underage sex ring among ministers',mirror.co.uk,http://www.mirror.co.uk/news/uk-news/tory-child-abuse-whistleblower-margaret-3849172
2014-07-14,14:58:48,2an8z6,346,"Chinese hacker arrested, charged with hacking Boeing and US fighter jet planes",hackread.com,http://hackread.com/chinese-hacker-arrested-hacking-boeing/
2014-07-14,10:31:08,2amnfz,332,"The clouds of black carbon soiling snow and ice in Finland’s Arctic region have diminished since the middle of the 20th century, a change attributed to the collapse of the Soviet Union and the cessation of some of the most polluting industrial practices in Russia, according to a new study.",adn.com,http://www.adn.com/article/20140712/arctic-air-clearer-after-soviet-unions-collapse-long-term-study-says
2014-07-14,23:29:22,2ao2y0,273,"Natural Disasters including storms, floods and heatwaves have increased fivefold since the 1970s, UN finds",theguardian.com,http://www.theguardian.com/environment/blog/2014/jul/14/8-charts-climate-change-world-more-dangerous?CMP=fb_gu
2014-07-14,18:06:41,2anj7m,260,China bemoans its people’s behavior in Africa—including undergarment ivory smuggling,qz.com,http://qz.com/233983/china-bemoans-its-peoples-behavior-in-africa-including-undergarment-ivory-smuggling/
2014-07-14,09:08:50,2amgbe,238,"Malware hidden in Chinese inventory scanners targeted logistics, shipping firms",pcworld.com,http://www.pcworld.com/article/2453100/malware-hidden-in-chinese-inventory-scanners-targeted-logistics-shipping-firms.html
2014-07-14,04:05:09,2alpqt,240,"Angela Merkel ""does not want to complete full term as German chancellor” and is considering quitting ahead of the 2017 elections--interested in UN Secretary-General or President of the European Council roles",telegraph.co.uk,http://www.telegraph.co.uk/news/worldnews/europe/germany/angela-merkel/10964629/Angela-Merkel-does-not-want-to-complete-full-term-as-German-chancellor.html
2014-07-14,12:47:16,2amz9d,231,"34 killed in raid on alleged brothel in Baghdad - An AFP correspondent on the scene reported that the attackers left a message on a door: ""This is the fate of any prostitution.""",cnn.com,http://www.cnn.com/2014/07/13/world/meast/iraq-violence/index.html?hpt=hp_t1
2014-07-14,22:24:20,2anxgv,231,"Pope Francis says about 8,000 pedophiles are members of Catholic clergy, including bishops and cardinals",news.nationalpost.com,http://news.nationalpost.com/2014/07/13/pope-francis-says-about-8000-pedophiles-are-members-of-catholic-clergy-including-bishops-and-cardinals/?utm_source=dlvr.it&utm_medium=twitter
2014-07-14,18:15:00,2anjmk,208,Moscow 'considering targeted strikes' on Ukraine: report,deccanchronicle.com,http://www.deccanchronicle.com/140714/world-asia/article/moscow-considering-targeted-strikes-ukraine-report
2014-07-14,20:58:45,2anrma,178,Rebels have captured Lugansk airport. Rebel airstrike has destroyed 6 Ukrainian tanks,en.itar-tass.com,http://en.itar-tass.com/world/740408
2014-07-14,05:07:21,2aluuc,180,News from Israel and Palestine for July 13th / 14th,self.worldnews,https://www.reddit.com/r/worldnews/comments/2aluuc/news_from_israel_and_palestine_for_july_13th_14th/
2014-07-14,18:26:27,2ank6j,162,US father takes unclaimed African kingdom so his daughter can be a princess,telegraph.co.uk,http://www.telegraph.co.uk/news/worldnews/northamerica/usa/10965298/US-father-takes-unclaimed-African-kingdom-so-his-daughter-can-be-a-princess.html
2014-07-14,06:18:01,2am0ov,135,"The Chief Judge of the US Foreign Intelligence Surveillance Court in August 2010 formally approved spying by the US National Security Agency on all countries except Britain, Canada, Australia and New Zealand, according to reports published in the United States",timesofmalta.com,http://www.timesofmalta.com/articles/view/20140713/local/malta-on-list-of-countries-where-us-spying-was-authorised.527506
2014-07-14,14:36:22,2an7fe,81,Eight killed in militant attack in Egypt's Sinai Peninsula,latimes.com,http://www.latimes.com/world/middleeast/la-fg-egypt-sinai-attack-20140713-story.html
2014-07-14,00:13:27,2al66r,70,Freak hail storm hits Siberian beach in mid-summer - extraordinary pictures,siberiantimes.com,http://siberiantimes.com/other/others/news/freak-hail-storm-hits-siberian-beach-in-mid-summer-extraordinary-pictures/
2014-07-14,01:36:47,2alcws,63,"The Pope cites data suggesting that about 2% of Catholic priests are pedophiles, wrote that ""I find this state of affairs intolerable.""",bbc.com,http://www.bbc.com/news/world-europe-28282050
2014-07-14,02:03:39,2alf6y,58,"BRICS nations rally around Russia: ""Leaders of the BRICS nations will meet July 15-16 in Fortaleza in northeastern Brazil, in a gathering that sends a strong message about their refusal to isolate Russia""",theglobeandmail.com,http://www.theglobeandmail.com/report-on-business/international-business/latin-american-business/brics-cements-its-bloc-status/article19577521/
2014-07-14,23:07:29,2ao0yp,53,Ukraine says Russian army officers fighting with rebels,reuters.com,http://www.reuters.com/article/2014/07/14/us-ukraine-crisis-idUSKBN0FJ0R720140714
2014-07-14,17:15:09,2angsp,52,GCHQ surveillance hearing to begin,theguardian.com,http://www.theguardian.com/uk-news/2014/jul/14/court-gchq-surveillance-tempora-ipt-nsa-snowden
2014-07-14,01:04:28,2ala8y,52,"Fight climate change by building away from sea: Rupert Murdoch. News Corp chairman Rupert Murdoch has dubbed Prime Minister Tony Abbott an admirable, honest and principled man, and said Australians should not be building windmills and ''all that rubbish''.",smh.com.au,http://www.smh.com.au/national/fight-climate-change-by-building-away-from-sea-rupert-murdoch-20140713-zt66s.html
2014-07-14,19:30:03,2ann5g,43,"'May Allah protect you, brethren,' Boko Haram chief hails leaders of al-Qaida, ISIS, and Taliban in new video",ibtimes.co.uk,http://www.ibtimes.co.uk/boko-haram-video-leader-hails-isis-taliban-al-qaeda-brethren-1456539
2014-07-14,20:47:56,2anr0x,34,"Doubts over ice wall to keep Fukushima safe from damaged nuclear reactors. Frozen barrier, costing £185m, being built around Fukushima Daiichi's four damaged reactors to contain irradiated water",theguardian.com,http://www.theguardian.com/environment/2014/jul/13/doubts-giant-ice-wall-fukushima-nuclear-reactors/
2014-07-14,12:03:32,2amvlp,38,"""Two German parliamentarians suspect that their phones were tapped by an intelligence agency, according to Der Spiegel. The allegations come amid a diplomatic row between Berlin and Washington over US espionage.""",dw.de,http://www.dw.de/spiegel-intel-agency-suspected-in-alleged-phone-hacks-of-mps/a-17783387
2014-07-14,01:55:35,2aleka,37,"A Pakistani shop keeper forced to flee his city by a Taliban offensive talks about his best customers back at home: the Taliban themselves. ""They used to prefer foreign or branded perfumes and imported body sprays. They liked the ones with a strong scent.""",bbc.com,http://www.bbc.com/news/magazine-28265628
