2014-08-29,19:36:47,2ewonl,15093,Ukraine to seek Nato membership,bbc.co.uk,http://www.bbc.co.uk/news/world-europe-28978699
2014-08-29,03:58:15,2euiki,11145,U.S. says Russia has 'outright lied' about Ukraine,usatoday.com,http://www.usatoday.com/story/news/world/2014/08/28/ukraine-town-under-rebel-control/14724767/
2014-08-29,00:58:16,2etysx,6480,NATO releases satellite imagery showing Russian combat forces inside Ukraine,buzzfeed.com,http://www.buzzfeed.com/tasneemnashrulla/thousands-of-russian-troops-in-ukraine-as-stealth-invasion-g
2014-08-29,13:22:47,2ew39p,4404,Russians start asking: are we at war?,theguardian.com,http://www.theguardian.com/world/2014/aug/29/russia-ukraine-war-asking
2014-08-29,05:21:55,2eurwo,3614,Ukraine Asserts Russian Invasion and Reinstitutes Draft,nytimes.com,http://www.nytimes.com/2014/08/29/world/europe/ukraine-conflict.html?_r=0
2014-08-29,10:50:26,2evpne,2085,"Obama on Russian invasion: ""Ukraine is not a member of NATO. But a number of those states that are close by are. And we take our Article Five commitments to defend each other very seriously.""",sbs.com.au,http://www.sbs.com.au/news/article/2014/08/29/alarm-over-russian-troops-ukraine
2014-08-29,00:07:18,2ettam,2082,ISIS Says It's Burning Marijuana Fields in Syria,huffingtonpost.com,http://www.huffingtonpost.com/2014/08/27/marijuana-syria-isis_n_5722080.html?utm_hp_ref=mostpopular
2014-08-29,18:09:54,2ewk8v,1849,"WildLeaks: a whistleblower platform for poaching and wildlife crimes | Many witnesses of poaching or other wildlife crimes remain silent, fearing retribution. An anonymous whistlebower platform aims to change that. The WildLeaks project is turning information into action on the ground",dw.de,http://www.dw.de/wildleaks-a-whistlebower-platform-for-poaching-and-wildlife-crimes/a-17881961
2014-08-29,20:37:58,2ews8j,1641,"Malaysia Airlines lays off 6,000 jobs",money.cnn.com,http://money.cnn.com/2014/08/29/news/malaysia-airlines-restructure/index.html?hpt=hp_t3
2014-08-29,22:04:14,2ewy4i,1392,UK's terror threat level raised to 'severe',bbc.co.uk,http://www.bbc.co.uk/news/uk-28986271
2014-08-29,09:54:36,2evk5z,1380,A volcanic eruption has started in Iceland's Bárðarbunga,mbl.is,http://www.mbl.is/frettir/innlent/2014/08/29/an_eruption_has_started_in_bardarbunga/
2014-08-29,02:52:01,2eub9l,1342,Renewable energy capacity grows at fastest ever pace- Green technologies now produce 22% of world's electricity,theguardian.com,http://www.theguardian.com/environment/2014/aug/28/renewable-energy-capacity-grows-fastest-ever-pace
2014-08-29,20:36:48,2ews5g,1170,Finland Upgrades NATO Ties After Condemning Russian Tactics,bloomberg.com,http://www.bloomberg.com/news/2014-08-27/finland-upgrades-nato-agreement-after-condemning-russian-tactics.html
2014-08-29,22:38:34,2ex13e,956,"“The idea that the United States or any outside power would perpetually defeat Isis, I think, is unrealistic,” Obama said.",theguardian.com,http://www.theguardian.com/world/2014/aug/28/obama-us-strategy-isis-iraq-syria
2014-08-29,07:49:09,2ev7px,878,Italy Steps Up Security Over Alleged ISIS Plot to Kill The Pope,thedailybeast.com,http://www.thedailybeast.com/articles/2014/08/28/italy-steps-up-security-over-alleged-isis-plot-against-the-pope.html
2014-08-29,00:00:08,2etsj1,850,India launches banking for the poor - expected to provide banking services for 90 million people by Jan 15 it is aimed to serve as channel directly to people thereby reducing corruption. Account holder gets to have zero balance without risk of closure and provides life and accident insurance,ndtv.com,http://www.ndtv.com/article/cheat-sheet/attempt-to-end-financial-untouchability-says-pm-narendra-modi-about-new-scheme-583245?pfrom=home-lateststories
2014-08-29,21:12:04,2ewudy,792,Putin likens Ukraine's forces to Nazis and threatens standoff in the Arctic,theguardian.com,http://www.theguardian.com/world/2014/aug/29/putin-ukraine-forces-nazis-arctic
2014-08-29,06:53:04,2ev1ye,781,Obama rules out US military action in Ukraine,bigstory.ap.org,http://bigstory.ap.org/article/obama-rules-out-us-military-action-ukraine
2014-08-29,04:26:10,2eulo6,719,Gene studies of Ebola in Sierra Leone show virus is mutating fast,reuters.com,http://www.reuters.com/article/2014/08/28/us-health-ebola-genome-idUSKBN0GS2E120140828
2014-08-29,15:24:07,2ewbie,569,MILF vows to stop spread of ISIS 'virus' in the Philippines,rappler.com,http://www.rappler.com/nation/67503-milf-stop-isis-ph
2014-08-29,01:26:00,2eu1vj,544,"More than 100 Russian soldiers were killed in eastern Ukraine in a battle this month while helping pro-Russian separatists fight Ukrainian troops, two members of the Russian presidential human rights council said on Thursday, citing accounts of eye-witness and relatives of the dead.",news.yahoo.com,https://news.yahoo.com/over-100-russian-soldiers-killed-eastern-ukraine-russian-155412872.html
2014-08-29,08:53:28,2eve6r,270,The Islamic State's Terror Laptop of Doom - Buried In a Dell Computer Captured in Syria Are Lessons For Making Bubonic Plague Bombs and Fatwas On Using Weapons of Mass Destruction.,foreignpolicy.com,http://www.foreignpolicy.com/articles/2014/08/28/found_the_islamic_state_terror_laptop_of_doom_bubonic_plague_weapons_of_mass_destruction_exclusive
2014-08-29,00:41:58,2etx42,260,U.N. calls emergency meeting on Ukraine crisis,usatoday.com,http://www.usatoday.com/story/news/world/2014/08/28/ukraine-town-under-rebel-control/14724767/
2014-08-29,00:50:44,2ety1j,253,EU lawmakers are threatening to block a multi-billion dollar trade pact between Canada and the European Union because it would allow firms to sue governments if they breach the treaty.,cbc.ca,http://www.cbc.ca/news/business/eu-lawmakers-threaten-to-scrap-canada-eu-trade-deal-1.2749320
2014-08-29,08:29:06,2evbpj,214,'We anxiously await a Russian-produced map of Canada that shows an independent Quebec. It seems to be the way diplomacy is being conducted these days'.,bbc.com,http://www.bbc.com/news/blogs-trending-28961152
2014-08-29,23:39:37,2ex6nb,212,"Palestinian leader say Hamas caused prolonged war: Palestinian President Mahmoud Abbas has accused Hamas of needlessly extending fighting in the Gaza Strip, causing a high death toll.",washingtonpost.com,http://www.washingtonpost.com/national/palestinian-leader-say-hamas-caused-prolonged-war/2014/08/29/6a6d0cce-2f88-11e4-be9e-60cc44c01e7f_story.html?tid=rssfeed
2014-08-29,04:21:52,2eul6e,188,"Polish and Ukrainian scientists unearth 1,000 victims of Stalin in castle once used as secret police prison",news.nationalpost.com,http://news.nationalpost.com/2014/08/28/polish-and-ukrainian-scientists-unearth-1000-victims-of-stalin-in-castle-once-used-as-secret-police-prison/
2014-08-29,21:46:34,2ewwsw,186,Russia - Moscow demands immediate release of Russian embassy staff in Kiev detained on August 28,en.itar-tass.com,http://en.itar-tass.com/russia/747243
2014-08-29,20:33:36,2ewryp,173,"Genomic analysis of the Ebola virus from the current west African outbreak shows an elevated number of ""nonsynonymous mutations which suggests that continued progression of this epidemic could afford an opportunity for viral adaptation"". In other words, Ebola might be adapting to a human host.",sciencemag.org,http://www.sciencemag.org/content/early/2014/08/27/science.1259657.full
2014-08-29,00:06:16,2ett6x,165,Golan Heights: 43 peacekeepers from the United Nations Disengagement Observer Force (UNDOF) were detained early this morning by an armed group in the vicinity of Al Qunaytirah.,un.org,http://www.un.org/sg/offthecuff/index.asp?nid=3512
