2014-07-20,07:47:54,2b607t,8990,Ukraine Says It Can Prove Russia Supplied Arms System That Felled Jet,nytimes.com,http://www.nytimes.com/2014/07/20/world/europe/malaysia-airlines-plane-ukraine.html?_r=0
2014-07-20,19:23:28,2b79nw,11847,MH17 victims put into refrigerated train bound for unknown destination,theguardian.com,http://www.theguardian.com/world/2014/jul/20/mh17-victims-train-torez-ukraine
2014-07-20,22:08:03,2b7gxk,7482,Anti-Russia Sentiment Running Deep in Malaysia,abcnews.go.com,http://abcnews.go.com/International/wireStory/anti-russia-sentiment-running-deep-malaysia-24637198
2014-07-20,12:01:27,2b6kln,5337,Anger mounts towards Russia as inspectors still denied access: Armed separatists deny full access to crash site for investigators and media amid accusations rebels are tampering with evidence and removing bodies from the site,theguardian.com,http://www.theguardian.com/world/2014/jul/20/mh17-anger-mounts-towards-russia-as-inspectors-still-denied-access-live
2014-07-20,17:38:19,2b75dt,3626,Ukraine: Rebels Have Taken All Plane Crash Bodies,abcnews.go.com,http://abcnews.go.com/International/wireStory/ukraine-russia-helping-destroy-crash-evidence-24631209
2014-07-20,04:09:33,2b5h8g,2640,"Britain, Netherlands say EU will need to reconsider relations with Russia due to plane disaster",reuters.com,http://www.reuters.com/article/2014/07/19/ukraine-crisis-britain-dutch-idUSL6N0PU0VA20140719
2014-07-20,01:55:29,2b554l,2566,"Dutch prime minister warns Putin on ""last chance"" to help recover MH17 bodies: Thomson Reuters",money.msn.com,http://money.msn.com/business-news/article.aspx?feed=OBR&date=20140719&id=17789084
2014-07-20,19:47:51,2b7an9,2278,Murdered Crimewatch presenter Jill Dando 'tried to get bosses to investigate alleged paeodphile ring inside the BBC but no one wanted to know',dailymail.co.uk,http://www.dailymail.co.uk/news/article-2698820/Murdered-Crimewatch-presenter-Jill-Dando-tried-bosses-investigate-alleged-paeodphile-ring-inside-BBC-no-one-wanted-know.html
2014-07-20,11:49:02,2b6jnp,744,"""Serious diplomatic crisis between Athens and Moscow” as Greek Foreign Ministry have barred Valentina Ivanovna Matviyenko, ""Putin's Right Hand"", from coming to Greece",greece.greekreporter.com,http://greece.greekreporter.com/2014/07/19/putins-right-hand-not-allowed-in-greece/
2014-07-20,03:30:17,2b5dqk,706,Dutch banks act on MH17 credit card looting reports,news.yahoo.com,http://news.yahoo.com/dutch-banks-act-mh17-credit-card-looting-reports-155839417.html
2014-07-20,08:22:58,2b634y,689,"Ebola virus disease, West Africa (update 18 July 2014) - now over 1,000 cases and 600 deaths",afro.who.int,http://www.afro.who.int/en/clusters-a-programmes/dpc/epidemic-a-pandemic-alert-and-response/outbreak-news/4225-ebola-virus-disease-west-africa-18-july-2014.html
2014-07-20,19:18:11,2b79fn,675,Israel says field hospital at Erez open for Gazans,maannews.net,http://www.maannews.net/eng/ViewDetails.aspx?ID=714665
2014-07-20,06:04:13,2b5rd7,659,"Japan's Mount Fuji is in a 'Critical State', could be Ready to Blow, Researchers Say",huffingtonpost.com,http://www.huffingtonpost.com/2014/07/17/mount-fuji-critical-state-ready-erupt_n_5596656.html
2014-07-20,19:24:52,2b79pv,589,Japan's Supreme Court rules that permanent foreign residents are ineligible for welfare benefits,japantimes.co.jp,http://www.japantimes.co.jp/news/2014/07/19/national/social-issues/welfare-ruling-stuns-foreigners/#.U8uYbjSSySo
2014-07-20,10:19:55,2b6chc,490,Hamas Fighters Infiltrate Israel Through Tunnel and Kill Two Soldiers,us.wsj.com,http://us.wsj.com/articles/gaza-residents-see-growing-toll-in-israel-fight-1405758914?mobile=y&mg=reno64-wsj
2014-07-20,04:22:13,2b5id4,403,"Israeli bulldozers demolished more than a dozen tunnels Saturday in the Gaza Strip, and Palestinian authorities reported intensified airstrikes and shelling as the death toll from Israel's ground offensive rose to at least 342 Palestinians.",foxnews.com,http://www.foxnews.com/world/2014/07/19/gaza-crisis-un-chief-set-to-visit-region-as-casualties-mount-on-both-sides/?intcmp=latestnews
2014-07-20,12:23:39,2b6m8n,407,"Raw footage: Israeli forces storm holiest mosque in Jerusalem, Al-Aqsa Mosque",washingtonpost.com,http://www.washingtonpost.com/blogs/worldviews/wp/2014/07/18/raw-footage-israeli-forces-storm-holiest-mosque-in-jerusalem/
2014-07-20,11:58:06,2b6kcd,305,"‘There is no such thing as Ebola’ - As the Ebola virus continues to spread in West Africa, so do the rumors. Some say you can contract Ebola from a motorcycle helmet. Others say you can cure the deadly virus by drinking Nescafé mixed with cocoa and sugar — or with two large onions.",washingtonpost.com,http://www.washingtonpost.com/news/morning-mix/wp/2014/07/18/there-is-no-such-thing-as-ebola/
2014-07-20,23:44:44,2b7n1o,268,Islamic State levels small Iraqi town as a warning,boisestatepublicradio.org,http://boisestatepublicradio.org/post/extremists-leave-violent-message-small-iraqi-town
2014-07-20,23:58:00,2b7o4s,233,MH17: Kerry says all evidence points to pro-Russia Ukrainian separatists,theguardian.com,http://www.theguardian.com/world/2014/jul/20/mh17-kerry-evidence-ukrainian-separatists
2014-07-20,05:37:23,2b5p1z,225,Explosion Reported in a Moscow Metro Station,thewire.com,http://www.thewire.com/global/2014/07/explosion-reported-in-a-moscow-metro-station/374720/
2014-07-20,13:00:55,2b6p52,216,Bolivian president: Israel air strikes on Gaza is 'genocide',itv.com,http://www.itv.com/news/update/2014-07-16/bolivian-president-israel-air-strikes-of-gaza-is-genocide/
2014-07-20,18:15:52,2b76zk,212,"Israel-Gaza conflict: Gaza death toll rises as the world protests - More than 300 have been killed since Israel launched its offensive 12 days ago, and hospitals are struggling to treat all the injured, many of them children",independent.co.uk,http://www.independent.co.uk/news/world/middle-east/israelgaza-conflict-gaza-death-toll-rises-as-the-world-protests-9617003.html
2014-07-20,22:39:13,2b7iq3,153,UK Defence Secretary Michael Fallon has accused Vladimir Putin of ‘sponsoring terrorism’ and delivered an ultimatum to Russia’s leader: ‘Get out of Ukraine.’,dailymail.co.uk,http://www.dailymail.co.uk/news/article-2698687/New-defence-chief-tells-Putin-Youre-sponsoring-terror-quit-Ukraine-outspoken-response-crisis-senior-western-politician.html
2014-07-20,20:01:46,2b7b7k,124,"MH17 Bodies Were Removed by Rebels Being 'Humane,' Borodai Says",nbcnews.com,http://www.nbcnews.com/storyline/ukraine-plane-crash/mh17-bodies-were-removed-rebels-being-humane-borodai-says-n160451
2014-07-20,05:09:26,2b5ml9,121,Egypt halts Gaza-bound aid convoy,english.irib.ir,http://english.irib.ir/news/world/africa/item/192285-egypt-halts-gaza-bound-aid-convoy
2014-07-20,22:36:48,2b7ilc,116,Egyptian TV Accuses Hamas Leaders of Living in Luxury While Their People Die,frontpagemag.com,http://www.frontpagemag.com/2014/dgreenfield/egyptian-tv-accuses-hamas-leaders-of-living-in-luxury-while-their-people-die/
2014-07-20,09:27:47,2b68el,107,Tesla Model S Hacked By Chinese Security Firm,cnet.com,http://www.cnet.com/news/chinese-hackers-take-command-of-tesla-model-s/
2014-07-20,00:59:39,2b50az,107,"Anti-Israel protesters rally across France, defying ban imposed after Synagogue clash",haaretz.com,http://www.haaretz.com/news/diplomacy-defense/1.606036
2014-07-20,11:57:00,2b6k96,100,Russian media pins blame on Ukraine government: Rebel leaders go on Russian TV to deny role in disaster as state-run channels cover conspiracy theories,theguardian.com,http://www.theguardian.com/world/2014/jul/19/mh17-russian-media-ukraine-government
