2014-08-08,00:34:35,2cw3aj,9895,Campaign Mounts to Declassify 9/11 Report’s References to Alleged Saudi Involvement,news.vice.com,https://news.vice.com/article/campaign-mounts-to-declassify-911-reports-references-to-alleged-saudi-involvement
2014-08-08,21:38:13,2cz3rx,12089,Man found wandering in northern Maine ID’d as Rwandan génocidaire whom Canada says helped kill 200 in hospital in ’94,voanews.com,http://www.voanews.com/content/reu-rwandan-man-accused-of-war-crimes-arrested-crpssing-into-us/2406050.html
2014-08-08,16:06:12,2cylfv,8540,Ebola is declared an international health emergency.,bbc.com,http://www.bbc.com/news/world-africa-28702356
2014-08-08,21:55:54,2cz4zq,3323,US launches Iraq militant air strike,bbc.com,http://www.bbc.com/news/world-middle-east-28709530
2014-08-08,10:49:06,2cxw99,3358,"Hamas breaks ceasefire, fires rockets at Israel.",haaretz.com,http://www.haaretz.com/news/diplomacy-defense/1.609323/?
2014-08-08,16:07:21,2cylhw,2359,ISIS: 'We Will Raise The Flag Of Allah In The White House',dailycaller.com,http://dailycaller.com/2014/08/08/isis-threatens-america-we-will-raise-the-flag-of-allah-in-the-white-house/
2014-08-08,19:47:14,2cywzo,2294,Russia bans anonymous public Wi-Fi.,globalvoicesonline.org,http://globalvoicesonline.org/2014/08/07/public-wifi-internet-id-passport-russia/
2014-08-08,00:43:18,2cw499,1418,"Ecuador to open embassy in 'Palestine', president cancels visit to Israel",jpost.com,http://www.jpost.com/Operation-Protective-Edge/Ecuadorian-President-cancels-trip-to-Israel-370310
2014-08-08,03:05:40,2cwkg3,1210,Argentina sues US at top UN court over debt,uk.finance.yahoo.com,https://uk.finance.yahoo.com/news/argentina-sues-us-top-un-174334829.html
2014-08-08,01:20:07,2cw8ap,1143,"Hamas: If Gaza blockade isn't lifted, we'll renew fire Friday",ynetnews.com,"http://www.ynetnews.com/articles/0,7340,L-4556144,00.html"
2014-08-08,00:19:55,2cw1ob,1125,Turkey airdrops aid to starving Iraqi refugees stranded on mountain,hurriyetdailynews.com,http://www.hurriyetdailynews.com/turkey-airdrops-aid-to-internally-displaced-persons-in-iraq.aspx?pageID=238&nID=70114&NewsCatID=510
2014-08-08,13:33:10,2cyar4,1070,Archbishop: Hamas Fired Out of Our Church in Gaza,algemeiner.com,http://www.algemeiner.com/2014/08/07/archbishop-hamas-fired-out-of-our-church-in-gaza-video/
2014-08-08,20:41:00,2cz05s,1033,"Australia's 'cruel' asylum regime must end, say 190 experts",theguardian.com,http://www.theguardian.com/world/2014/aug/08/australias-cruel-asylum-regime-must-end-say-190-experts
2014-08-08,19:43:25,2cywsy,1001,"China Irritated With Christianity, is Creating its Own Version",thinkprogress.org,http://thinkprogress.org/world/2014/08/07/3468637/china-own-belief-system/
2014-08-08,23:34:51,2czduw,797,First Ebola case suspected in Greece,themalaymailonline.com,http://www.themalaymailonline.com/world/article/first-ebola-case-suspected-in-greece
2014-08-08,11:22:57,2cxzc0,782,UK government announces plan to cut funding to schools that teach creationism; children as young as 2 must learn 'British values',theguardian.com,http://www.theguardian.com/education/2014/aug/08/nicky-morgan-toddler-must-be-taught-british-values?CMP=fb_gu
2014-08-08,21:09:42,2cz1w7,626,"Ukraine considers stopping all transit from Russia, including gas as form of sanctions - PM",rt.com,http://rt.com/business/178988-russia-ukraine-gas-transit/
2014-08-08,02:08:24,2cwdpo,588,Kiev's Independence Square Is on Fire — Again,mashable.com,http://mashable.com/2014/08/07/kiev-maidan-independence-square/?utm_cid=mash-com-Tw-main-link
2014-08-08,02:10:10,2cwdwx,566,"Know your place you shameless woman, Erdoğan tells journalist for The Economist",todayszaman.com,http://www.todayszaman.com/blog/turkish-media-watch/know-your-place-you-shameless-woman-erdogan-tells-journalist_354932.html
2014-08-08,06:09:32,2cx4x6,521,American Forces Said to Bomb ISIS Targets in Iraq,nytimes.com,http://www.nytimes.com/2014/08/08/world/middleeast/american-forces-said-to-bomb-isis-targets-in-iraq.html?smid=re-share
2014-08-08,09:11:56,2cxnan,514,Britain's Deputy Prime Minister calls for 'Ending imprisonment for the possession of drugs for personal use',libdems.org.uk,http://www.libdems.org.uk/ending_imprisonment_for_the_possession_of_drugs_for_personal_use?utm_content=bufferace1a&utm_medium=social&utm_source=twitter.com&utm_campaign=buffer
2014-08-08,23:13:53,2czbu5,467,Iraqi Airstrikes kill 130 IS Militants in Mosul,basnews.com,http://basnews.com/en/News/Details/Iraqi-Airstrikes-kill-130-IS-Militants-in-Mosul/29656
2014-08-08,08:20:28,2cxigk,462,14-year-old girl reunited with her family after being swept away by tsunami 10 years ago,thejournal.ie,http://www.thejournal.ie/tsunami-reunited-1609208-Aug2014/
2014-08-08,22:28:24,2cz7nl,419,Kurdish Pershmaga transport large amount of Yazidi refugees to safe areas of Kurdistan,basnews.com,http://basnews.com/en/News/Details/Peshmerga-Transport-Large-Number-of-Sinjar-Mountain-Refugees-to-Duhok/29650
2014-08-08,16:34:46,2cyn2h,353,Israeli minister urges Germany and EU to send inspectors to Gaza,uk.reuters.com,http://uk.reuters.com/article/2014/08/07/us-mideast-gaza-germany-idUKKBN0G71AE20140807
2014-08-08,21:42:23,2cz41p,278,RAF planes to drop food aid in Iraq,bbc.co.uk,http://www.bbc.co.uk/news/uk-28701642
2014-08-08,23:32:41,2czdly,265,Two injured in Israel by Gaza rocket attacks; Direct hit on Sderot home,jpost.com,http://www.jpost.com/Operation-Protective-Edge/Two-injured-in-Israel-by-Gaza-rocket-370494
2014-08-08,04:07:20,2cwr5k,247,Poll: Huge majority in Gaza want lasting ceasefire,timesofisrael.com,http://www.timesofisrael.com/poll-huge-majority-in-gaza-want-lasting-ceasefire/
2014-08-08,10:00:29,2cxru5,231,British Antarctic Researchers trapped without power during record cold -55.4° C,cfact.org,http://www.cfact.org/2014/08/07/british-antartctic-survey-trapped-without-power-during-record-cold-55-4-c/
2014-08-08,01:13:22,2cw7le,189,Obama Weighs Military Strikes to Aid Trapped Iraqis,nytimes.com,http://www.nytimes.com/2014/08/08/world/middleeast/obama-weighs-military-strikes-to-aid-trapped-iraqis-officials-say.html
