2014-05-23,14:18:16,269xyp,3092,WikiLeaks reveals that NSA spies on almost all of Afghanistan's communications,wikileaks.org,http://wikileaks.org/WikiLeaks-statement-on-the-mass.html
2014-05-23,01:33:49,267yxl,2104,"Merrill Lynch, Charles Schwab Accounts Linked To Mexican Drug Cartels: SEC",huffingtonpost.com,http://www.huffingtonpost.com/2014/05/21/banks-mexican-drug-cartels-sec-merrill-schwab_n_5367841.html?utm_hp_ref=business
2014-05-23,20:15:23,26afwx,1400,Twitter's blocking of 'blasphemous' content raises questions over its censorship policy,engadget.com,http://www.engadget.com/2014/05/23/twitters-blocks-content-in-pakistan-russia/
2014-05-23,21:48:25,26albw,1342,‘I was framed’: Court outburst by billionaire mining tycoon Liu Han as he is sentenced to death,scmp.com,http://www.scmp.com/news/china/article/1518629/mining-tycoon-liu-han-linked-zhou-yongkang-pleads-innocence-after-death
2014-05-23,04:28:11,268ha4,1224,"Footage of Palestinian boys being shot is genuine, says Israeli rights group: B'Tselem contradicts Israeli military claims that CCTV footage showing deaths is either forged or was edited misleadingly",theguardian.com,http://www.theguardian.com/world/2014/may/22/footage-palestinian-boys-shot-genuine-btselem
2014-05-23,02:57:41,2687te,548,New meteor shower may burst into meteor storm Friday night,washingtonpost.com,http://www.washingtonpost.com/blogs/capital-weather-gang/wp/2014/05/22/first-ever-meteor-shower-may-burst-into-meteor-storm-friday-night/?tid=sm_fb
2014-05-23,18:30:49,26ab2b,506,Environmental activists protest Japan's killing of thousands of dolphins in a secluded cove by filing a lawsuit,news24.com,http://www.news24.com/Green/News/Lawsuit-places-Japan-dolphin-killing-in-spotlight-20140516
2014-05-23,14:29:38,269yr1,503,Great Barrier Reef: Deutsche Bank rules out funding for controversial Abbot Point coal terminal expansion,abc.net.au,http://www.abc.net.au/news/2014-05-23/deutsche-bank-abbot-point-coal-terminal/5473614
2014-05-23,20:28:58,26agln,506,"Syria video shows chlorine gas floating in streets: Syrian opposition activists have posted a video of what they say is chlorine gas floating through the streets of a village, the first such footage of they say is a chemical weapon campaign by President Bashar al-Assad.",reuters.com,http://www.reuters.com/article/2014/05/23/uk-syria-crisis-chlorine-idUKKBN0E30ZE20140523?feedType=RSS&feedName=topNews
2014-05-23,22:30:58,26aohm,379,"Russia will recognise outcome of Ukraine poll, says Vladimir Putin",theguardian.com,http://www.theguardian.com/world/2014/may/23/russia-ukraine-vote-vladimir-putin-president
2014-05-23,18:12:06,26aa7l,311,Ecuador Issues Permit To Drill In Pristine Amazon Reserve,huffingtonpost.com,http://www.huffingtonpost.com/2014/05/22/ecuador-drill-amazon_n_5376610.html
2014-05-23,22:47:32,26apuq,250,Glasgow School of Art is burning down,bbc.co.uk,http://www.bbc.co.uk/news/uk-scotland-glasgow-west-27541883
2014-05-23,18:55:59,26ac6o,231,New Zealand PM John Key Confirms 'Legal' Data-Sharing with U.S.; Justifies U.S. Drone Strikes | Mr Key has confirmed that data gathered by the Government Communications Security Bureau (GCSB) may have been used to identify the targets for U.S. attacks using unmanned aircraft.,au.ibtimes.com,http://au.ibtimes.com/articles/553014/20140520/new-zealand-data-sharing-intelligence-drone-strikes.htm
2014-05-23,13:15:32,269tm8,194,"Cave Paintings Discovered in Spain: The cave's location will only be revealed once security measures are in place, after vandals defaced a 5,000-year-old rock painting in Spain’s southern Jaén province in April.",theartnewspaper.com,http://www.theartnewspaper.com/articles/Prehistoric-hunting-scenes-unearthed-in-Spanish-cave/32718
2014-05-23,21:12:15,26aj26,179,Catholic Bishop who was forced to resign over building costs gets to live in new $43-million HQ until the Vatican finds new job for him,thelocal.de,http://www.thelocal.de/20140523/bling-bishop-of-limburg-tebartz-van-elst-to-live-in-31m-hq-until-new-job-found
2014-05-23,19:29:32,26adpx,173,'Revenge porn' victims receive boost from German court ruling,theguardian.com,http://www.theguardian.com/technology/2014/may/22/revenge-porn-victims-boost-german-court-ruling
2014-05-23,21:52:53,26almr,158,"India slaps anti-dumping duty on U.S., China solar imports.",reuters.com,http://www.reuters.com/article/2014/05/23/us-india-solar-idUSKBN0E30XR20140523?feedType=RSS&feedName=environmentNews
2014-05-23,03:20:17,268a6j,156,Dublin Activists Occupied the Bank of Ireland,revolution-news.com,http://revolution-news.com/dublin-activists-occupied-the-bank-of-ireland-on-oconnell-street/
2014-05-23,23:02:15,26ar0r,158,"""Authorities in Bosnia have banned civilians from entering two villages they marked as potential epidemic flashpoints after record floods devastated the Balkan region last week.""",bigstory.ap.org,http://bigstory.ap.org/article/civilians-banned-bosnia-villages-after-flood
2014-05-23,01:53:41,26810v,138,Germany's highest criminal court has ruled that the country has jurisdiction over the case of a retired Minnesota carpenter that an Associated Press investigation exposed as a former commander in a Nazi SS-led unit.,bigstory.ap.org,http://bigstory.ap.org/article/apnewsbreak-us-nazi-suspect-case-moves-ahead
2014-05-23,08:37:27,2695qf,132,"US ordered to return seven books from Schneerson collection to Russia ($50,000/day overdue fines)",rapsinews.com,http://www.rapsinews.com/judicial_news/20140522/271386967.htmlhttp://www.rapsinews.com/judicial_news/20140522/271386967.htmlhttp://www.rapsinews.com/judicial_news/20140522/271386967.htmlhttp://www.rapsinews.com/judicial_news/20140522/271386967.htmlhttp://www.rapsinews.com/judicial_news/20140522/271386967.htmlhttp://www.rapsinews.com/judicial_news/20140522/271386967.htmlhttp://www.rapsinews.com/judicial_news/20140522/271386967.html
2014-05-23,10:47:58,269her,102,Airstrikes in Pakistan kill 60,thenews.com.mx,http://www.thenews.com.mx/index.php/world-articulos/22099-airstrikesinpakistankill60
2014-05-23,07:09:37,268xoi,102,"Guatemala's ex-president was sentenced to nearly six years in prison for accepting bribes, as a U.S. judge rejected leniency and said government corruption must be stamped out worldwide",bigstory.ap.org,http://bigstory.ap.org/article/ny-judge-gives-ex-guatemala-president-prison
2014-05-23,11:47:56,269mn4,105,"Attack on Indian consulate in Herat, Afghanistan",bbc.com,http://www.bbc.com/news/world-asia-27533268
2014-05-23,22:30:33,26aog5,99,Vladimir Putin says Russia will respect result of Ukraine’s presidential election,washingtonpost.com,http://www.washingtonpost.com/world/russian-military-chief-says-nato-troops-along-border-a-worry-ahead-of-ukraine-vote/2014/05/23/283846ec-e259-11e3-810f-764fe508b82d_story.html
2014-05-23,02:29:37,2684xi,69,US firms extend $2 billion oil loan to Venezuela,bigstory.ap.org,http://bigstory.ap.org/article/us-firms-extend-2-billion-oil-loan-venezuela
2014-05-23,17:49:45,26a97p,68,Okinawa Mayor Takes Fight Against U.S. Base to Washington,nytimes.com,http://www.nytimes.com/2014/05/24/world/asia/okinawa-mayor-takes-fight-against-us-base-to-washington.html?partner=rss&emc=rss
2014-05-23,06:18:46,268slc,59,UN approves sanctions against Boko Haram as terrorist group,theglobeandmail.com,http://www.theglobeandmail.com/news/world/un-approves-sanctions-against-boko-haram-us-says/article18811956/
2014-05-23,19:08:48,26acrh,51,"Ukraine: former boxer, Klitschko is Neck And Neck With ""Darth Vader"" In Kiev Mayoral Race",lse.co.uk,http://www.lse.co.uk/AllNews.asp?code=o5zxz57n&headline=Klitschko_Neck_And_Neck_With_Darth_Vader_In_Kiev_Mayoral_Race
2014-05-23,21:35:48,26akk8,44,China Could Overtake the U.S. as the World’s No. 1 Economy in 2014,time.com,http://time.com/82225/china-world-biggest-economy/
