2014-02-28,21:10:41,1z6crn,3452,Scotland to offer gay Ugandans asylum,heraldscotland.com,http://www.heraldscotland.com/news/home-news/scots-bid-to-offer-ugandan-gay-law-asylum.23551827
2014-02-28,09:56:52,1z54u9,3374,Jamaica will decriminalise possession of small amounts of marijuana this year,economist.com,http://www.economist.com/blogs/americasview/2014/02/marijuana-jamaica
2014-02-28,22:41:45,1z6j35,2881,"Ukraine says it has repelled ""Russian invasion"" and has retaken territory seized by Russians earlier. An official has said that Ukraine repelled a combination of Russian soldiers and pro-Kremlin militias- the country continues to appeal to the West for protection against Russia.",google.com,http://www.google.com/hostednews/afp/article/ALeqM5ius1stAxNI-rdQ66VzIjz6EUj7PA?docId=ac059cca-59d0-44e5-83f0-ed9b0cca8263
2014-02-28,01:31:03,1z3n1l,2559,"Monsanto's Roundup may be linked to fatal kidney disease. A heretofore inexplicable fatal, chronic kidney disease that has affected poor farming regions around the globe may be linked to the use of biochemical giant Monsanto’s Roundup herbicide in areas with hard water.",rt.com,http://rt.com/news/monsanto-roundup-kidney-disease-921/
2014-02-28,08:04:09,1z4tsf,2397,"The World Bank has postponed a $90 million loan to Uganda over its anti-gay law that has drawn widespread criticism from Western governments, the United Nations and rights groups",bigstory.ap.org,http://bigstory.ap.org/article/world-bank-delays-loan-uganda-over-anti-gay-law
2014-02-28,05:28:36,1z4cr2,2032,A man who beheaded a fellow passenger on a Canadian bus has been granted the right to leave his mental hospital without an escort.,winnipeg.ctvnews.ca,http://winnipeg.ctvnews.ca/man-who-beheaded-bus-passenger-gets-unescorted-trips-1.1707208
2014-02-28,15:06:16,1z5ur8,1920,Ukraine's interior minister says Russian military have seized airport in Sevastopol.,bbc.co.uk,http://www.bbc.co.uk/news/world-europe-26379722
2014-02-28,22:14:47,1z6h00,1649,"Worlds biggest cyber attack detected. 360 million accounts detected , 1.25 billion email addresses hacked.",timesofindia.indiatimes.com,http://timesofindia.indiatimes.com/tech/tech-news/internet/Worlds-biggest-cyberattack-detected-360-million-accounts-1-25-billion-email-addresses-hacked/articleshow/31133867.cms
2014-02-28,19:15:28,1z66r5,1356,"UK welfare cuts: woman in a coma told ""get back to work"" by the Department for Work and Pensions",theguardian.com,http://www.theguardian.com/society/2014/feb/28/minister-apologise-woman-coma-find-work
2014-02-28,15:34:04,1z5wdx,1288,"Russia forces ""block Crimea airport"", Ukraine's interior minister calls their presence ""armed invasion""",bbc.com,http://www.bbc.com/news/world-europe-26379722
2014-02-28,10:42:21,1z596f,1200,"Russia gives all its gold medalists $120,000, a new Mercedes",sports.yahoo.com,http://sports.yahoo.com/blogs/olympics-fourth-place-medal/russia-gives-all-its-gold-medalists--120-000--a-new-mercedes-174223357.html
2014-02-28,23:15:29,1z6lzw,1006,"Chinese police have arrested 1,094 people and rescued hundreds of infants in a crackdown on baby trafficking.",news.sky.com,http://news.sky.com/story/1218781/china-baby-trafficking-1094-suspects-arrested
2014-02-28,02:42:31,1z3unl,861,Pastor of Korean Megachurch Convicted for Embezzling $12 Million,vice.com,http://www.vice.com/read/pastor-of-korean-megachurch-convicted-for-embezzling-12-million
2014-02-28,19:39:58,1z67w9,833,"Police to press charges against vice president of the European Parliament who reportedly drunk two bottles of wine before yelling ""Heil Hitler"" at officials in German airport",thelocal.de,http://www.thelocal.de/20140228/police-to-press-charges-against-polish-mep-jacek-protasiewicz-for-shouting-nazi-insults-at-frankfurt-airport
2014-02-28,03:47:03,1z41ov,625,"New Zealand's Customs Service are concerned people will use 3D printers to ""create gold, gems, food or drugs in their living rooms"".",stuff.co.nz,http://www.stuff.co.nz/dominion-post/news/9768343/Printers-capable-of-making-guns
2014-02-28,08:56:51,1z4z3r,524,Sevastopol airport in Ukraine taken over by armed men,ukrainianpolicy.com,http://ukrainianpolicy.com/sevastopol-airport-under-military-occupation/
2014-02-28,05:59:02,1z4g90,458,Fugitive Ukrainian president shows up in Moscow,news.yahoo.com,http://news.yahoo.com/fugitive-ukrainian-president-shows-moscow-200702263.html
2014-02-28,01:05:31,1z3k7s,366,"Russia is building a ""rural Berlin wall"" in Georgia. The wall separates South Ossetia from Georgia, and Russian forces are detaining Georgian citizens who near the wall.",vice.com,http://www.vice.com/read/russia-are-building-a-rural-berlin-wall-through-georgia
2014-02-28,12:24:36,1z5im0,334,"Turkish PM admits that the trials he used to jail military officers were a sham, now that the same courts are targeting him",nytimes.com,http://www.nytimes.com/2014/02/27/world/europe/turkish-leader-disowns-trials-that-helped-him-tame-military.html
2014-02-28,23:03:26,1z6ky2,273,"Doctors Without Borders says it has been expelled from Myanmar, thousands of patients at risk",bigstory.ap.org,http://bigstory.ap.org/article/doctors-without-borders-says-it-has-been-expelled-myanmar-thousands-patients-risk
2014-02-28,08:35:10,1z4wyw,239,Wild beavers seen in England for first time in centuries | Environment,theguardian.com,http://www.theguardian.com/environment/2014/feb/27/wild-beavers-england-devon-river
2014-02-28,21:47:47,1z6f5u,220,Confusion over Uganda's 'miniskirt ban' leads to public attacks on women - Mobs are taking an interpretation of the proposed law as an excuse to target and strip people they consider to be improperly dressed.,theguardian.com,http://www.theguardian.com/fashion/fashion-blog/2014/feb/28/uganda-miniskirt-ban-attacks-women?CMP=twt_gu
2014-02-28,10:07:01,1z55tc,189,Unidentified armed men seize Crimea airport,uk.news.yahoo.com,http://uk.news.yahoo.com/unidentified-armed-men-seize-crimea-airport-015451833.html#JbTKbwo
2014-02-28,16:47:08,1z600h,178,Report: U.K. Spy Agency Stored Millions of Webcam Images. Many of them were sexually explicit in nature.,world.time.com,http://world.time.com/2014/02/27/nsa-leaks-edward-snowden-gchq-yahoo-webcam-spying/
2014-02-28,08:16:38,1z4v5a,158,Leaks show GCHQ captured ordinary internet users’ webcam images,ft.com,http://www.ft.com/cms/s/0/01267c6e-9fd2-11e3-9c65-00144feab7de.html
2014-02-28,18:13:55,1z63zx,153,BBC: World Bank postpones $90m Uganda loan over anti-gay law,bbc.com,http://www.bbc.com/news/world-africa-26378230
2014-02-28,07:43:20,1z4rl3,130,Russian armed forces alert prompts Ukrainian mobilisation,euronews.com,http://www.euronews.com/2014/02/27/russian-armed-forces-alert-prompts-ukrainian-mobilisation/
2014-02-28,03:53:15,1z42c7,116,Rome on the brink as Detroit-style bankruptcy meltdown looms,ibtimes.co.uk,http://www.ibtimes.co.uk/rome-brink-detroit-style-bankruptcy-meltdown-looms-1438218
2014-02-28,08:02:57,1z4tni,110,"World loses up to third of produced food, World Bank says:The world is losing 25 to 33 percent of the food it produces – nearly 4 billion metric tons - according to estimates from the World Bank, the Food and Agriculture Association (FAO) and the World Resources Institute.",rt.com,http://rt.com/news/world-food-waste-lose-068/
2014-02-28,01:09:11,1z3km1,103,Ukraine Treasury 'Stripped' By Ousted Regime,news.sky.com,http://news.sky.com/story/1218041/ukraine-treasury-stripped-by-ousted-regime
