2014-05-03,20:56:41,24m6j3,3496,"More than 2,100 confirmed dead in Afghanistan landslide: Official",timesofindia.indiatimes.com,http://timesofindia.indiatimes.com/world/south-asia/More-than-2100-confirmed-dead-in-Afghanistan-landslide-Official/articleshow/34577786.cms
2014-05-03,10:34:07,24l9kq,3145,First U.S. case of deadly MERS virus confirmed: CDC,reuters.com,http://www.reuters.com/article/2014/05/02/us-usa-health-mers-idUSBREA410SN20140502?feedType=RSS
2014-05-03,01:55:03,24jygi,2474,"CBS News Crew Blindfolded, Detained By Pro-Russian Forces In Ukraine",washington.cbslocal.com,http://washington.cbslocal.com/2014/05/02/cbs-news-crew-blindfolded-detained-by-pro-russian-forces-in-ukraine/
2014-05-03,03:57:20,24kaic,1934,"At least 38 people killed in fire in an official building amid clashes in Odessa, Ukrainian police say",bbc.com,http://www.bbc.com/news/world-europe-27259620
2014-05-03,15:44:49,24lu1x,1933,"Taiwan to levy a ""rich man's tax"" on nearly 10,000 of the island's wealthiest people in a bid to narrow the income gap",channelnewsasia.com,http://www.channelnewsasia.com/news/asiapacific/taiwan-moves-to-levy-rich/1092790.html
2014-05-03,22:55:44,24mcos,1066,Moscow has 'lost influence' over Ukraine rebels: Putin spokesman,globalpost.com,http://www.globalpost.com/dispatch/news/afp/140503/moscow-has-lost-influence-over-ukraine-rebels-putin-spokesman
2014-05-03,00:10:33,24joj9,916,Russia to Ukraine: Your military actions are ‘criminal’,washingtonpost.com,http://www.washingtonpost.com/world/russia-to-ukraine-your-military-actions-are-criminal/2014/05/02/bd009b57-0ff4-403d-83a3-67f3f9db8908_story.html
2014-05-03,21:41:39,24m8ln,882,"Cuba calls terrorism designation by U.S. absurd, manipulative",news.yahoo.com,http://news.yahoo.com/cuba-calls-terrorism-designation-u-absurd-manipulative-190134757.html?soc_src=mediacontentstory
2014-05-03,00:44:22,24jrpy,811,North Korea releases list of U.S. ‘human rights abuses’: ‘The U.S. is a living hell’,washingtonpost.com,http://www.washingtonpost.com/blogs/worldviews/wp/2014/05/02/north-korea-releases-list-of-u-s-human-rights-abuses-the-u-s-is-a-living-hell/?tid=sm_fb
2014-05-03,20:50:01,24m69g,566,"Russians disperse Crimean Tatars, Cemilev entry blocked",worldbulletin.net,http://www.worldbulletin.net/europe/135351/russians-disperse-crimean-tatars-jemilev-entry-blocked
2014-05-03,15:22:38,24lsxw,435,Russia blames the West for crisis in Ukraine,m.aljazeera.com,http://m.aljazeera.com/story/201452152832722517
2014-05-03,01:18:43,24juyn,384,British troops fly to Estonia as tensions with Russia rise,telegraph.co.uk,http://www.telegraph.co.uk/news/worldnews/europe/russia/10802516/British-troops-fly-to-Estonia-as-tensions-with-Russia-rise.html
2014-05-03,00:34:58,24jqto,309,Ukraine says Russian 'saboteurs' attempted to cross border,reuters.com,http://www.reuters.com/article/2014/05/02/us-ukraine-crisis-turchinov-idUSBREA410I320140502
2014-05-03,04:32:00,24kdx4,284,G7 to discuss weaning Europe off Russian oil amid Ukraine crisis,theglobeandmail.com,http://www.theglobeandmail.com/news/politics/g7-to-discuss-weaning-europe-off-russian-oil-amid-ukraine-crisis/article18388561/
2014-05-03,06:05:30,24kn1c,280,Canada sending soldiers for military exercises in Poland,ctvnews.ca,http://www.ctvnews.ca/canada/canada-sending-soldiers-for-military-exercises-in-poland-1.1803161
2014-05-03,03:15:57,24k6fz,219,"France to ban U.S., Canadian, Mexican, Japanese pigs",theglobeandmail.com,http://www.theglobeandmail.com/report-on-business/international-business/european-business/france-to-ban-pigs-products-from-canada-others-to-fight-against-virus/article18386320/
2014-05-03,07:28:13,24kuq4,183,Mexico Seizes 'Knights Templar' Cartel Ship Carrying Illegal Iron.,bbc.com,http://www.bbc.com/news/world-latin-america-27233824#TWEET1116741
2014-05-03,12:23:53,24lhq3,151,Uruguay marijuana legalisation: Details unveiled,bbc.com,http://www.bbc.com/news/world-latin-america-27265310
2014-05-03,05:43:11,24kky9,148,Obama and Merkel fail to reach no-spying pact,aljazeera.com,http://www.aljazeera.com/news/americas/2014/05/obama-merkel-fail-reach-no-spying-pact-201452181451615392.html
2014-05-03,19:44:33,24m3lc,125,MERS virus from camels and humans called indistinguishable - Health,cbc.ca,http://www.cbc.ca/news/health/mers-virus-from-camels-and-humans-called-indistinguishable-1.2625624
2014-05-03,16:54:33,24lx66,114,Abducted OSCE observers 'freed',bbc.co.uk,http://www.bbc.co.uk/news/world-europe-27265927
2014-05-03,20:50:48,24m6aq,109,"Amnesty International report on Pakistan's media situation: ""The situation of journalists has deteriorated since the restoration of democratic rule in Pakistan""",dw.de,http://www.dw.de/ai-issues-damning-report-on-pakistans-media-situation/a-17606891
2014-05-03,11:38:28,24lebu,101,"The torture of detainees in Mexico continues to be widespread and occurs between the time of arrest and when suspects appear before a judge, a United Nations official said",bigstory.ap.org,http://bigstory.ap.org/article/un-torture-detainees-common-mexico
2014-05-03,07:13:55,24ktf6,79,North Korea Conducting a Nuclear Missile Test That Has Potential of Reaching United States,huffingtonpost.com,http://www.huffingtonpost.com/2014/05/01/north-korea-missile_n_5251123.html
2014-05-03,20:34:44,24m5kb,50,At least six killed in blast in Somali capital,reuters.com,http://www.reuters.com/article/2014/05/03/us-somalia-blast-idUSBREA4203Z20140503?feedType=RSS&feedName=topNews&utm_source=dlvr.it&utm_medium=twitter&dlvrit=992637
2014-05-03,04:03:51,24kb7l,52,South Korean Ferry death toll raises to 226. 76 still missing. Recovered cell phone footage from a student victim.,citypress.co.za,http://www.citypress.co.za/news/south-korean-ferry-death-toll-rises-226/
2014-05-03,16:49:57,24lx02,51,Jumblatt: legalize cannabis in Lebanon,english.alarabiya.net,http://english.alarabiya.net/en/life-style/healthy-living/2014/05/01/Lebanon-should-legalize-medical-cannabis-Jumblatt.html
2014-05-03,00:55:12,24jsqr,51,Nuland: 'We have no doubt that the Russian hand is behind' unrest in Ukraine,state.gov,http://www.state.gov/p/eur/rls/rm/2014/apr/225520.htm
2014-05-03,20:24:29,24m55g,44,2 Kenyan police arrested transporting ivory,washingtonpost.com,http://www.washingtonpost.com/world/africa/2-kenyan-police-arrested-transporting-ivory/2014/05/03/bd7b572c-d2ae-11e3-8f7d-7786660fff7c_story.html
2014-05-03,19:18:08,24m2hb,41,Syrian rebel offensive encroaches on last chemical stockpile,in.reuters.com,http://in.reuters.com/article/2014/05/02/uk-syria-crisis-chemicals-idINKBN0DI15B20140502
