2014-04-07,06:31:33,22dgi5,3405,India losing 70% voice and call centre business to Philippines,profit.ndtv.com,http://profit.ndtv.com/news/industries/article-india-losing-70-voice-and-call-centre-business-to-philippines-report-384804
2014-04-07,18:45:59,22ewqb,3309,"Norway refuses holiday visa to Russian TV's Dmitry Kiselyov, the anchor who recently said Russia was the only country that could reduce US to radioactive rubble",thelocal.no,http://www.thelocal.no/20140407/putins-media-king-cancels-norway-hols-as-sanctions-bite
2014-04-07,23:28:28,22fdr1,3042,"French organic winegrower fined for refusing to spray grapes with pesticide ""Giboulot refused to comply with the official instructions on crop spraying on the ground that the insecticide caused collateral damage among pollinating insects, including bees.""",theguardian.com,http://www.theguardian.com/world/2014/apr/07/french-organic-winegrower-fined-refusing-spray-grapes-pesticide
2014-04-07,23:35:23,22fecx,2922,Syria's Assad says political Islam project has failed — “there should be no mixing between political and religious work”,hurriyetdailynews.com,http://www.hurriyetdailynews.com/syrias-assad-says-political-islam-project-has-failed.aspx?pageID=238&nID=64682&NewsCatID=352
2014-04-07,03:47:07,22d1es,2864,"UK: Gay conversion therapy should have no place in NHS, says health minister.",theguardian.com,http://www.theguardian.com/society/2014/apr/06/gay-conversion-therapy-nhs-health-minister
2014-04-07,10:40:59,22e26j,1937,Artists install massive poster of child’s face in Pakistan field to shame drone operators,rawstory.com,http://www.rawstory.com/rs/2014/04/06/artists-install-massive-poster-of-childs-face-in-pakistan-field-to-shame-drone-operators/
2014-04-07,18:00:21,22euqv,1753,"Dmitry Medvedev: “If the Americans like to eat GMO products, let them eat it then. We don’t need to do that; we have enough space and opportunities to produce organic food,” he said.",rt.com,http://rt.com/news/russia-import-gmo-products-621/
2014-04-07,01:52:10,22cr8u,1448,"Serious Ebola Outbreak in West Africa, Rumored to be Airborne.",independent.co.uk,http://www.independent.co.uk/news/world/africa/panic-as-deadly-ebola-virus-spreads-across-west-africa-9241155.html
2014-04-07,14:52:09,22els9,1409,"North Korea issues warning, ""If a U.S. missile or the South Korean puppet forces' missile falls on any part of the DPRK (North Korea), it will pound all the strongholds of the enemy with merciless shower of missiles to reduce them to ashes""",koreaherald.com,http://www.koreaherald.com/view.php?ud=20140407000812
2014-04-07,15:46:19,22eosx,1384,Italian diplomat arrested for child trafficking,bigstory.ap.org,http://bigstory.ap.org/article/italian-diplomat-arrested-child-trafficking
2014-04-07,00:58:49,22cmye,1120,"BBC: Pro-Russians storm government office in Donetsk, East Ukraine",bbc.com,http://www.bbc.com/news/world-europe-26910210
2014-04-07,17:06:37,22esj4,1057,"Russian Soldier Kills Ukrainian Naval Officer in Crimea, Ukraine's Defence Ministry Says.",france24.com,http://www.france24.com/en/breaking/20140407-russian-soldier-kills-ukrainian-naval-officer-crimea-ukraine-defence-ministry-says/?ns_campaign=reseaux_sociaux&ns_source=FB&ns_mchannel=social&ns_linkname=breaking&aef_campaign_ref=partage_aef&aef_campaign_date=2014-04-07
2014-04-07,21:25:43,22f4mq,707,Pro-Russian separatists declare east Ukrainian region independent,thestar.com,http://www.thestar.com/news/world/2014/04/07/prorussian_separatists_declare_east_ukrainian_region_independent.html
2014-04-07,15:59:40,22ephn,678,"Russia regrets NASA halting cooperation, warns of impact on ISS",simplythescoop.com,https://www.simplythescoop.com/topic-detail/mYawjQ==/russia-regrets-nasa-halting-cooperation--warns-of-impact-on-iss
2014-04-07,04:03:30,22d2w3,545,Ukraine says Putin behind protesters' seizure of state buildings,reuters.com,http://reuters.com/article/idUSBREA350B420140406?irpc=932
2014-04-07,00:32:17,22ckxm,504,A Recovering US Is Outpacing Other Major Economies : NPR,npr.org,http://www.npr.org/templates/story/story.php?storyId=299719679
2014-04-07,15:14:11,22en45,470,Snowden to Receive Truth-Telling Prize,nytimes.com,http://www.nytimes.com/2014/04/07/business/media/snowden-to-receive-truth-telling-prize.html
2014-04-07,16:28:02,22equ6,456,Siberia's biggest city turns Red as Communists win mayoral election,siberiantimes.com,http://siberiantimes.com/other/others/news/siberias-biggest-city-turns-red-as-communists-win-mayoral-election/
2014-04-07,01:07:02,22cnld,398,FIFA turns down U.S. request to ban Russia from hosting the 2018 World Cup,rbth.com,http://rbth.com/news/2014/04/06/fifa_turns_down_us_request_to_ban_russia_from_hosting_the_2018_world_cup_35703.html
2014-04-07,22:26:39,22f8qh,371,"Russian President Vladimir Putin has ordered a crackdown on ""destructive"" non-government organisations, saying such groups were behind the mass protests that brought down Ukraine's government.",hurriyetdailynews.com,http://www.hurriyetdailynews.com/putin-orders-crackdown-on-ngos-after-ukraine.aspx?pageID=238&nid=64654&NewsCatID=353
2014-04-07,19:31:29,22eyvi,359,Legislature of just proclaimed Donetsk People's Republic asks Putin move in peacekeepers,en.itar-tass.com,http://en.itar-tass.com/world/726787
2014-04-07,08:42:35,22dry2,274,Nigeria becomes Africa's biggest economy,bbc.com,http://www.bbc.com/news/business-26913497
2014-04-07,05:58:53,22ddhj,260,"Rwanda on Sunday told France to face up to the ""difficult truth"" of its role in the 1994 genocide, amid a major diplomatic spat on the eve of commemorations marking the 20th anniversary of the killings.",truthdig.com,http://www.truthdig.com/eartotheground/item/rwanda_tells_france_to_face_difficult_truth_of_genocide_role_20140406
2014-04-07,21:12:48,22f3xl,234,China Warns US To Stay Out Of Hong Kong Over Democratic Reform,businessinsider.com,http://www.businessinsider.com/r-china-warns-us-not-to-meddle-in-hong-kong-over-democratic-reform-2014-07
2014-04-07,07:22:45,22dl3w,208,Merkel ally says U.S. assurances on NSA spying 'insufficient',reuters.com,http://www.reuters.com/article/2014/04/06/us-germany-usa-spying-idUSBREA350AP20140406
2014-04-07,08:42:08,22drwf,189,India to kick off world's biggest election on Monday,reuters.com,http://www.reuters.com/article/2014/04/06/us-india-election-idUSBREA330KA20140406
2014-04-07,04:53:53,22d7jt,193,Ebola has possibly spread to Ghana,theglobaldispatch.com,http://www.theglobaldispatch.com/suspected-ebola-case-investigated-in-ghana-24007/
2014-04-07,21:02:19,22f3cf,153,Nato chief tells allies: spend more on defence to deter Russia,telegraph.co.uk,http://www.telegraph.co.uk/news/uknews/defence/10748432/Nato-chief-tells-allies-spend-more-on-defence-to-deter-Russia.html
2014-04-07,23:23:39,22fdcd,145,"Malaysia has banned the Biblical epic “Noah,” joining other Muslim nations that forbid the Hollywood movie for its visual depiction of the prophet.",hurriyetdailynews.com,http://www.hurriyetdailynews.com/malaysia-bans-biblical-epic-noah.aspx?pageID=238&nid=64660&NewsCatID=381
2014-04-07,06:19:22,22dfdl,137,"The US defence secretary, Chuck Hagel, delivered a two-pronged warning to Asia Pacific nations on Sunday, announcing that the US would send two additional ballistic missile destroyers to Japan to counter the North Korean threat, and saying China must better respect its neighbours.",theguardian.com,http://www.theguardian.com/world/2014/apr/06/chuck-hagel-us-send-missile-destroyers-japan-north-korean-threat
