2014-03-24,16:08:26,217s2j,3364,Egypt court sentences 529 to death,bbc.co.uk,http://www.bbc.co.uk/news/world-middle-east-26712124
2014-03-24,22:03:45,218aq2,3306,"Malayisan PM: ""Flight MH370 ended in the southern Indian Ocean""",3news.co.nz,http://www.3news.co.nz/Malaysia-Airlines-MH370-lost-in-Indian-Ocean/tabid/417/articleID/337239/Default.aspx
2014-03-24,04:13:07,216755,2946,"Russia ready to annex Moldova region, Nato commander claims",theguardian.com,http://www.theguardian.com/world/2014/mar/23/russia-ukraine-annex-moldova-trans-dniester-nato
2014-03-24,19:37:01,2181ap,2870,Norway's army is making women share bedrooms with their male colleagues. This has led to a drop in reports of sexual harassment,thelocal.no,http://www.thelocal.no/20140324/norway-army-makes-men-and-women-share-rooms
2014-03-24,07:57:11,216s2t,1825,Two more colossal pharaoh statues unveiled in Egypt,thenews.com.pk,http://www.thenews.com.pk/article-142148-Two-more-colossal-pharaoh-statues-unveiled-in-Egypt
2014-03-24,12:41:14,217gjr,1706,Poll shows half of Finns would support a military union with Sweden,yle.fi,http://yle.fi/uutiset/poll_shows_support_for_military_union_with_sweden/7151598
2014-03-24,02:45:05,215yu7,1275,MI5 warns British officials to beware of Russian 'honey traps' as relations worsen over Ukraine,mirror.co.uk,http://www.mirror.co.uk/news/uk-news/mi5-warns-british-officials-beware-3273487?utm_content=buffera2610&utm_medium=social&utm_source=twitter.com&utm_campaign=buffer#.Uy8mffpA7xQ.twitter
2014-03-24,22:34:21,218dah,1000,Pope Francis announces the first eight members of a new 'commission for safeguarding minors.' One was abused by a priest in the 1960s and has become a prominent activist working to hold the church accountable.,csmonitor.com,http://www.csmonitor.com/World/Latest-News-Wires/2014/0322/Pope-appoints-abuse-survivor-to-Vatican-sex-abuse-commission
2014-03-24,00:17:58,215lo9,911,Russia slams Germany for halting arms deal,thelocal.de,http://www.thelocal.de/20140323/russia-slams-germany-for-halting-arms-deal-over-crimea
2014-03-24,16:44:07,217tlx,803,Turkey becomes first country ever to ban Google DNS (x-post from /r/Turkey),todayszaman.com,http://www.todayszaman.com/news-342851-turkey-becomes-first-country-ever-to-ban-google-dns.html
2014-03-24,21:32:54,2188ba,580,China is now claiming parts of Indonesia as its sovereign territory.,thediplomat.com,http://thediplomat.com/2014/03/chinas-newest-maritime-dispute/
2014-03-24,11:55:12,217d29,546,Japan to Let U.S. Assume Control of Nuclear Cache,nytimes.com,http://www.nytimes.com/2014/03/24/world/asia/japan-to-let-us-assume-control-of-nuclear-cache.html
2014-03-24,01:08:07,215pvu,518,Ukraine fears Russian invasion imminent,news.yahoo.com,http://news.yahoo.com/key-ukraine-stormed-russias-crimea-march-180122650.html
2014-03-24,23:29:14,218i8c,462,Chinese man jailed after he applied for permission to protest on the anniversary of the 1989 Tiananmen Square protests.,aljazeera.com,http://www.aljazeera.com/news/asia-pacific/2014/03/china-jails-tiananmen-activist-subversion-201432463929104806.html
2014-03-24,14:44:36,217o50,451,"India Beats The Odds, Beats Polio: ""Rukhsar Khatoon is... a last in a country of 1.2 billion people. Rukhsar, 4, is the final documented case of polio in India.""",cnn.com,http://www.cnn.com/2014/03/22/health/india-end-of-polio/index.html
2014-03-24,03:34:53,2163g4,441,"Ebola outbreak in Guinea kills dozens, spreads to capital",thenational.ae,http://www.thenational.ae/world/africa/ebola-outbreak-in-guinea-kills-dozens-spreads-to-capital
2014-03-24,12:04:50,217dtn,424,"Hamid Karzai announces support for Russia's annexation of Crimea, making Afghanistan the third country (after Syria & Venezuela) to publicly back Russia's actions.",nytimes.com,http://www.nytimes.com/2014/03/24/world/asia/breaking-with-the-west-afghan-leader-supports-russias-annexation-of-crimea.html
2014-03-24,08:30:02,216v3n,395,"As many as 32,000 kids infected with drug-resistant TB: report",reuters.com,http://www.reuters.com/article/2014/03/23/us-tuberculosis-kids-idUSBREA2M0P520140323
2014-03-24,20:14:20,218390,382,Pirate Bay Founder Peter Sunde to run for European Parliament from Finland,arcticstartup.com,http://arcticstartup.com/2014/03/24/pirate-bay-founder-peter-sunde-to-run-for-european-parliament-from-finland
2014-03-24,01:43:25,215t0v,339,"Students storm the Executive Yuan (executive branch of gvmt.), an escalation of events surrounding the protest of the Trade Agreement with China, one of the biggest student movements to date in Taiwan.",taipeitimes.com,http://www.taipeitimes.com/News/front/archives/2014/03/24/2003586396
2014-03-24,22:35:00,218dd5,264,Brazil set to send army into Rio slums as violence escalates before World Cup,theguardian.com,http://www.theguardian.com/world/2014/mar/24/brazil-army-rio-slums-violence-world-cup
2014-03-24,18:56:54,217zaw,215,MH370: Australian ship trying to recover 'objects' - live updates,gu.com,http://gu.com/p/3nnaa
2014-03-24,04:17:14,2167k4,213,Norwegian ex-PM to be next NATO Secretary General,aftenposten.no,http://www.aftenposten.no/nyheter/iriks/Norwegian-ex-PM-to-be-next-NATO-chief-7513206.html
2014-03-24,13:03:32,217i5h,213,Russia moves in to take over a 3rd military base in Crimea,bbc.com,http://www.bbc.com/news/world-europe-26710884
2014-03-24,16:51:13,217tvb,207,Anti-Chinese propaganda on display at North Korean military academy,nknews.org,http://www.nknews.org/2014/03/anti-china-sign-hung-at-n-korean-military-academy-chosun-ilbo/
2014-03-24,07:16:02,216oa4,197,"Germany tops the charts for asylum applications - More refugees seek asylum in Germany than any other industrialised country, new figures from the United Nations show",thelocal.de,http://www.thelocal.de/20140321/germany-tops-the-charts-for-asylum-applications
2014-03-24,21:14:04,2186x7,198,Malaysian Prime Minister will be holding a press conference in under an hour concerning new developments on flight MH 370,theguardian.com,http://www.theguardian.com/world/2014/mar/24/mh370-chinese-plane-spots-white-objects-live-updates
2014-03-24,08:40:08,216vz7,178,Russia Staring at Recession on Sanctions That Could Get Tougher,bloomberg.com,http://www.bloomberg.com/news/2014-03-23/russia-staring-at-recession-on-sanctions-that-could-get-tougher.html
2014-03-24,04:22:57,21682w,160,Top Ukraine commander held by pro-Russian forces,tvnz.co.nz,http://tvnz.co.nz/world-news/top-ukraine-commander-held-pro-russian-forces-5872312
2014-03-24,15:24:55,217q5r,162,George Osborne is preparing to kill off Britain's renewable energy revolution - budget stealthily abolished tax break that attracts private money to help build our green energy future,theguardian.com,http://www.theguardian.com/business/economics-blog/2014/mar/20/george-osborne-budget-kill-renewable-energy-revolution-tax-break
