2014-03-22,16:10:50,212bmf,4316,Turks graffiti 8.8.8.8 and 8.8.4.4 - Google's public DNS servers to help people evade the Twitter ban,observers.france24.com,http://observers.france24.com/content/20140321-graffiti-turkey-DNS-twitter-ban
2014-03-22,23:16:55,212v7i,3344,Explosions and shots heard as Russian forces storm Ukrainian airforce base in Crimea.,news.sky.com,http://news.sky.com/story/1230212/russian-special-forces-storm-crimea-base
2014-03-22,17:49:59,212f3l,1167,Michelle Obama tells Chinese students internet freedom's a universal right,in.reuters.com,http://in.reuters.com/article/2014/03/22/china-usa-michelle-obama-idINDEEA2L02W20140322
2014-03-22,11:14:14,211v5o,907,"Orange has been cooperating allegedly illegally for years with France’s main intelligence agency (the DGSE). According to a newly found report by Edward Snowden and an investigation by Le Monde, the DGSE was given access to all of Orange’s data (not just metadata).",techcrunch.com,http://techcrunch.com/2014/03/20/orange-gives-all-of-its-data-to-frances-nsa/
2014-03-22,13:24:48,2123q7,851,"Greece's economy has shrunk by nearly one-third since 2007, and the debt has become unmanageable. According to the Greek Census Bureau, there has been a 43 percent increase in suicides in austerity-chained Greece since the beginning of the crisis.",truth-out.org,http://www.truth-out.org/news/item/22584-neoliberalism-as-social-necrophilia-the-case-of-greece
2014-03-22,02:31:22,210ktj,707,Kenyan parliament passes polygamy law -- Female politicians storm out after parliament passes law that allows men to to marry as many women as they want,aljazeera.com,http://www.aljazeera.com/news/africa/2014/03/kenyan-parliament-passes-polygamy-law-201432116656522465.html
2014-03-22,00:56:22,210baz,706,"Ukraine finally signs the EU deal that started it all: Today's agreement between Brussels and Kiev is a version of the one Yanukovych originally rejected four months ago, precipitating the crisis with Russia.",csmonitor.com,http://www.csmonitor.com/World/Europe/2014/0321/Ukraine-finally-signs-the-EU-deal-that-started-it-all
2014-03-22,18:13:23,212fwa,598,"China has found debris in ""southern corridor"" potentially from missing MH370.",bbc.com,http://www.bbc.com/news/world-asia-26697048
2014-03-22,17:06:17,212dkv,526,Turkey blocked Google DNS,cnnturk.com,http://www.cnnturk.com/haber/turkiye/google-dnsler-engellendi
2014-03-22,07:23:51,211ch8,449,Putin orders fireworks over Moscow as he laughs off US sanctions - Telegraph,telegraph.co.uk,http://www.telegraph.co.uk/news/worldnews/europe/russia/10715440/Putin-orders-fireworks-over-Moscow-as-he-laughs-off-US-sanctions.html?fb
2014-03-22,08:38:32,211iia,333,Alarming spread of drug-resistant TB threatens global health,medicalnewstoday.com,http://www.medicalnewstoday.com/articles/274350.php
2014-03-22,02:04:45,210i7j,278,"FIFA 'powerless' over Qatar labour rights - World football body accepts ""some responsibility"" over welfare of Qatar's migrant workers, but says it cannot intervene",aljazeera.com,http://www.aljazeera.com/sport/football/2014/03/fifa-powerless-over-qatar-labour-rights-2014321171311619626.html
2014-03-22,15:22:17,2129oc,253,"Russia tells UN Human Rights Council: ""Language should not be used to segregate and isolate groups … (Russia is) concerned by steps taken in this regard in Estonia as well as in Ukraine.""",csmonitor.com,http://www.csmonitor.com/World/Europe/2014/0321/Moscow-rattles-Estonia-with-talk-of-concern-for-its-Russian-population
2014-03-22,01:55:45,210h9t,212,"European countries begin to rethink defense spending after decades of cuts in face of Russian actions. ""A serious recalibration is underway, particularly in countries with memories of Soviet tanks rumbling across their borders."" Estonia and Latvia are now calling on NATO for more military assets.",therepublic.com,http://www.therepublic.com/w/EU--Europe-Military-Rethink
2014-03-22,23:56:56,212y8g,213,Spain condemns Israel's construction of new settlements,middleeastmonitor.com,https://www.middleeastmonitor.com/news/europe/10453-spain-condemns-israels-construction-of-new-settlements
2014-03-22,23:40:15,212wxh,199,Ukraine police find 42 Kg of gold in ex-energy minister's home,worldbulletin.net,http://www.worldbulletin.net/news/131743/ukraine-police-find-42-kg-of-gold-in-ex-energy-ministers-home
2014-03-22,01:59:40,210hpg,188,French spy software targeted Canada: report,theglobeandmail.com,http://www.theglobeandmail.com/news/national/french-spy-software-targeted-canada-report/article17608109/
2014-03-22,14:07:05,21262e,150,Apple Nicked Billions in Tax from Australia,abc.net.au,http://www.abc.net.au/news/2014-03-06/tax-expert-explains-how-apple-pays-193m-tax-on-27b-revenue/5303426
2014-03-22,06:19:21,2116oz,93,Inmarsat reveals all 7 pings from MH370 were progressively further from the satellite,slate.com,http://www.slate.com/blogs/future_tense/2014/03/21/mh370_new_inmarsat_data_narrows_missing_airliner_s_flight_path.html
2014-03-22,04:58:44,210z3u,78,"Thailand is removing thousands of Rohingya refugees fleeing Myanmar from immigration confinement centers and transporting them to human traffickers waiting at sea, then to a series of camps near Malay border until relatives pay thousands of dollars to release them",projectcensored.org,http://www.projectcensored.org/thailand-secretly-partaking-human-trafficking/
2014-03-22,04:28:37,210w5i,70,"Canadian Judge has granted medical marijuana patients and producers exception from new laws set to take effect April 1st, until a proper constitutional challenge can be heard.",ctvnews.ca,http://www.ctvnews.ca/mobile/canada/medical-marijuana-users-can-continue-to-grow-their-own-pot-court-1.1740201
2014-03-22,19:18:45,212i8l,62,Turks face new Internet restrictions after Twitter block : DNS servers are being blocked,mobile.reuters.com,http://mobile.reuters.com/article/idUSBREA2K0NK20140322?feedType=RSS&irpc=932
2014-03-22,06:58:33,211aam,61,European Union prepares for trade war with Russia over Crimea,theguardian.com,http://www.theguardian.com/world/2014/mar/21/eu-mobilises-trade-war-russia-crimea-ukraine
2014-03-22,14:01:01,2125qr,60,Airlines Move to Cut Off Service to Venezuela,businessweek.com,http://www.businessweek.com/articles/2014-03-20/airlines-move-to-cut-off-service-to-venezuela?google_editors_picks=true
2014-03-22,01:56:27,210hch,55,"After feud between Malaysian officials and angry Chinese relatives, the family members of the missing flight are being now being forced out of Malaysian hotels to make way for race car spectators, saying ""there is no space because of Formula One""",uk.news.yahoo.com,http://uk.news.yahoo.com/malaysia-airlines-flight-mh370-families-removed-hotel-way-131530867.html
2014-03-22,12:04:34,211yov,51,Death from overwork bill to be proposed by Japan’s ruling party,japandailypress.com,http://japandailypress.com/death-from-overwork-bill-to-be-proposed-by-japans-ruling-party-2146150/
2014-03-22,09:01:56,211kfw,42,Russia will supply water and electricity to Crimea,indrus.in,http://indrus.in/world/2014/03/17/crimea_could_face_acute_water_electricity_shortages_33781.html
2014-03-22,10:10:17,211q9b,43,Lebanon close to bankruptcy due to public debt,al-monitor.com,http://www.al-monitor.com/pulse/originals/2014/03/lebanon-public-debt-bankruptcy-threat.html
2014-03-22,19:47:49,212jfa,40,"Moscow’s Long, Corrupt Money Trail:One of the individuals on America’s new sanctions list has apparent ties to a group of high-fliers accused by the murdered lawyer Sergei Magnitsky of Russia’s most massive fraud",thedailybeast.com,http://www.thedailybeast.com/articles/2014/03/22/moscow-s-long-corrupt-money-trail.html
2014-03-22,10:48:21,211t8f,34,"Thirty-seven people were killed on Friday in a wave of bombings and attacks across Iraq, and eight soldiers were kidnapped.",nytimes.com,http://www.nytimes.com/2014/03/22/world/middleeast/iraq-hit-by-wave-of-bombings-and-attacks.html?ref=world&_r=0
