2014-05-06,06:09:08,24t31q,2764,Putin outlaws denial of Nazi crimes -Russian President Vladimir Putin signed a law on Monday making the denial of Nazi crimes and distortion of the Soviet Union's role in the World War Two a criminal offence punishable by up to five years in jail.,haaretz.com,http://www.haaretz.com/news/world/1.589128#.U2f9vmSraJU.reddit
2014-05-06,06:54:59,24t7sd,2474,"Vladimir Putin mounting a ‘slow-motion invasion’ of Ukraine, Stephen Harper tells NATO",news.nationalpost.com,http://news.nationalpost.com/2014/05/05/vladimir-putin-mounting-a-slow-motion-invasion-of-ukraine-stephen-harper-tells-nato/
2014-05-06,22:32:30,24v1kr,2414,"Morocco wind farm, Africa's biggest, starts generating power. The North African kingdom has no hydrocarbon reserves of its own and hopes to cover 42 percent of its energy needs with renewable sources by 2020.",news.yahoo.com,http://news.yahoo.com/morocco-wind-farm-africas-biggest-starts-generating-power-144813449.html
2014-05-06,21:34:34,24uxg1,2240,Emails reveal close Google relationship with NSA,america.aljazeera.com,http://america.aljazeera.com/articles/2014/5/6/nsa-chief-google.html
2014-05-06,07:34:00,24tbkn,2179,Russian Government’s Own Civil Society Organization Finds Crimean Referendum Falsified,landandseajournal.com,http://landandseajournal.com/russian-governments-own-civil-society-organization-finds-crimean-referendum-falsified/
2014-05-06,02:34:49,24sh5q,1629,"/r/worldnews is currently under a downvote attack - here's what you need to know, and what you can do",self.worldnews,https://www.reddit.com/r/worldnews/comments/24sh5q/rworldnews_is_currently_under_a_downvote_attack/
2014-05-06,06:29:35,24t58q,1333,"Parts of the vast ice sheet of East Antarctica – which collectively holds enough water to raise global sea levels by 53 metres – could begin an irreversible slide into the sea this century, causing an unstoppable process of global coastal destruction, scientists have warned.",independent.co.uk,http://www.independent.co.uk/news/science/east-antarctica-melt-could-cause-a-global-coastal-destruction-9324364.html
2014-05-06,22:47:14,24v2o5,847,Communists expelled from Ukrainian parliament,vestnikkavkaza.net,http://vestnikkavkaza.net/news/politics/54826.html
2014-05-06,09:29:18,24tmfe,761,Ukraine open discussion thread (Sticky Post #9),self.worldnews,https://www.reddit.com/r/worldnews/comments/24tmfe/ukraine_open_discussion_thread_sticky_post_9/
2014-05-06,22:04:18,24uzih,716,"'Swearbot' to root out online obscenities: A computer programme to seek out swear words on the internet should go live in the autumn, to enforce a Russian law against online obscenity",bbc.com,http://www.bbc.com/news/blogs-news-from-elsewhere-27294848
2014-05-06,21:22:43,24uwok,612,Venezuela Introduces Food Rationing,freebeacon.com,http://freebeacon.com/national-security/venezuela-introduces-food-rationing/
2014-05-06,21:35:14,24uxhb,519,"Ukraine close to war, says Germany",telegraph.co.uk,http://www.telegraph.co.uk/news/worldnews/europe/ukraine/10810411/Ukraine-close-to-war-says-Germany.html
2014-05-06,07:23:35,24tals,517,"Al-Jazeera journalist loses third of body weight in Cairo jail, says family | Abdullah Elshamy, on hunger strike in notorious Tora prison, is one of at least 16,000 held since Morsi's overthrow last year.",theguardian.com,http://www.theguardian.com/world/2014/may/05/al-jazeera-journalist-abdullah-elshamy-cairo-jail
2014-05-06,10:25:38,24trqc,503,Ukraine troops ambushed by pro-Russia gunmen in Slovyansk; 14 die,latimes.com,"http://www.latimes.com/world/europe/la-fg-ukraine-slovyansk-20140506,0,4739385.story"
2014-05-06,06:42:32,24t6j9,462,NATO top commander: Russian troops won't enter eastern Ukraine,reuters.com,http://www.reuters.com/article/2014/05/05/us-ukraine-crisis-nato-idUSBREA440TI20140505
2014-05-06,21:28:35,24ux2m,432,"Wind energy surges to record share as coal ebbs. Two-thirds of the emissions drop has been “because renewable energy increased its market share by 25 per cent in the first 12 months” of the carbon tax’s start, he said.",smh.com.au,http://www.smh.com.au/environment/climate-change/wind-energy-surges-to-record-share-as-coal-ebbs-20140505-zr4rg.html
2014-05-06,20:25:11,24ut9e,410,New kind of bird flu found in penguins in Antarctica~ The virus is unlike any other avian flu known to science,japantimes.co.jp,http://www.japantimes.co.jp/news/2014/05/06/world/science-health-world/new-kind-of-bird-flu-found-in-penguins-in-antarctica/
2014-05-06,17:33:05,24ul7c,405,Coca-Cola to remove controversial drinks ingredient,bbc.com,http://www.bbc.com/news/business-27289259
2014-05-06,07:50:01,24td39,393,US sends Air Force to rescue injured Chinese sailors,bbc.com,http://www.bbc.com/news/world-us-canada-27287274
2014-05-06,07:56:22,24tdrh,377,"Ebola virus disease, West Africa (Situation as of 5 May 2014) - 231 cases with 155 deaths",afro.who.int,http://www.afro.who.int/en/clusters-a-programmes/dpc/epidemic-a-pandemic-alert-and-response/outbreak-news/4131-ebola-virus-disease-west-africa-5-may-2014.html
2014-05-06,22:56:10,24v3du,353,French forces have fought an armed group in northern Central African Republic that is blamed for killing health workers from Doctors Without Borders.,news.google.com,http://news.google.com/news/url?sr=1&ct2=us%2F1_0_s_8_1_a&sa=t&usg=AFQjCNFHdg6FgGiOdwytTkcWQ1e2EXiePA&cid=52778495320685&url=http%3A%2F%2Fwww.miamiherald.com%2F2014%2F05%2F06%2F4100690%2Ffrench-fight-c-african-republic.html
2014-05-06,07:01:14,24t8f0,318,Australian Political show Cut from Air as students begin Protesting,smh.com.au,http://www.smh.com.au/federal-politics/political-news/qa-hijacked-by-protesters-20140505-zr53t.html
2014-05-06,20:37:31,24uty9,302,"Dennis Rodman: Kim didn't kill his uncle or his ex. ""The last time I went there, when they said they killed his girlfriend, they killed his uncle, they just fed him to the dogs ... They were standing right behind me.""",telegraph.co.uk,http://www.telegraph.co.uk/news/worldnews/asia/northkorea/10809930/Dennis-Rodman-claims-Kim-Jong-uns-uncle-was-not-executed.html
2014-05-06,07:17:35,24ta1h,235,"Venezuela has violated the rights of opposition protesters through beatings, illegal detentions and failure to follow due process, Human Rights Watch said in a report released on Monday.",reuters.com,http://www.reuters.com/article/2014/05/05/us-venezuela-protests-idUSBREA440UE20140505
2014-05-06,06:11:49,24t3br,193,Vatican defends its handling of abuse before a U.N. panel on torture,latimes.com,"http://www.latimes.com/world/europe/la-fg-wn-vatican-abuse-torture-20140505,0,1122283.story"
2014-05-06,23:37:09,24v74h,176,"Ukraine calling for ""volunteer army"" to help fight Pro-Russian separatists",mashable.com,http://mashable.com/2014/05/06/ukraine-volunteers-separatists/
2014-05-06,07:08:10,24t944,141,Punished for Protesting - 103 page report of Human Rights Violations on Venezuela from Human Rights Watch,hrw.org,http://www.hrw.org/node/125192
2014-05-06,06:43:01,24t6kp,145,Global anti-money laundering group moves meeting from Moscow,reuters.com,http://www.reuters.com/article/2014/05/05/us-ukraine-crisis-moneylaundering-idUSBREA440RR20140505
2014-05-06,06:29:21,24t57s,129,"Illegal immigrants, guns and drugs 'smuggled into Britain on light aircraft'",telegraph.co.uk,http://www.telegraph.co.uk/news/uknews/10808661/Illegal-immigrants-guns-and-drugs-smuggled-into-Britain-on-light-aircraft.html
2014-05-06,05:12:41,24sx5m,123,Two assassination attempts against General Sisi of Egypt foiled,reuters.com,http://www.reuters.com/article/2014/05/05/us-egypt-sisi-idUSBREA440QD20140505
