2014-04-19,03:45:54,23dkky,3695,"Obama: ""Countries like Germany, China and India - they're working every day to out-educate our kids so they can out-compete our businesses. And each year, frankly, it shows that they're making more progress than we are.""",articles.economictimes.indiatimes.com,http://articles.economictimes.indiatimes.com/2014-04-17/news/49214637_1_china-and-india-more-progress-jobs
2014-04-19,12:53:43,23evkd,3420,North Korea has written an official letter of complaint to Britain over a London hair salon's advert implying leader Kim Jong-Un has a bad hairstyle,afp.com,http://www.afp.com/en/news/n-korea-protests-uk-over-kim-jong-un-hair-poster
2014-04-19,23:06:42,23fp60,3099,A 7.5 earthquake has occurred off the coast of Papua New Guinea - Tsunami expected locally,earthquake.usgs.gov,http://earthquake.usgs.gov/earthquakes/eventpage/usb000pr89#summary
2014-04-19,14:58:29,23f3hn,2063,"Chinese authorities have arrested at least 20 people for the crime of writing male/male fanfic, mostly young women.",dailydot.com,http://www.dailydot.com/geek/in-china-20-people-women-arrested-for-writing-slash/
2014-04-19,22:06:03,23flkh,1964,"Japan expands army footprint for first time in 40 years, risks angering China.",reuters.com,http://www.reuters.com/article/2014/04/19/us-japan-military-yonaguni-idUSBREA3I05X20140419
2014-04-19,19:43:56,23ffbd,1790,"Russia writes off 90 percent of North Korea debt, eyes gas pipeline: Russia's parliament has agreed to write off almost $10 billion of North Korea's Soviet-era debt, in a deal expected to facilitate the building of a gas pipeline to South Korea across the reclusive state.",reuters.com,http://www.reuters.com/article/2014/04/19/uk-russia-northkorea-debt-idINKBN0D502V20140419?feedType=RSS&feedName=worldNews
2014-04-19,20:44:08,23fhov,1649,Nearly one-third of morning-after pills in Peru are fake,theverge.com,http://www.theverge.com/2014/4/18/5628888/nearly-one-third-of-morning-after-pills-in-peru-are-fake
2014-04-19,23:03:50,23foyy,1565,"Most in east Ukraine region against joining Russia. A majority of inhabitants in Ukraine's pro-Russian protest hub Donetsk do not want to join Russia but consider the government in Kiev to be illegitimate, according to a poll published Saturday.",globalpost.com,http://www.globalpost.com/dispatch/news/afp/140419/most-east-ukraine-region-against-joining-russia
2014-04-19,01:42:56,23d8d1,1240,Russian Vice Speaker Screams at Guards to Rape Pregnant Journalist during press conference,thegatewaypundit.com,http://www.thegatewaypundit.com/2014/04/russian-vice-speaker-screams-at-guards-to-rape-pregnant-journalist-hard-video/
2014-04-19,06:48:47,23e27k,1106,"U.S. ground troops going to Poland, defense minister says",washingtonpost.com,http://www.washingtonpost.com/blogs/post-partisan/wp/2014/04/18/u-s-ground-troops-going-to-poland-defense-minister-says/
2014-04-19,00:39:51,23d2b3,1034,Japan Says It Will Resume Whaling Off Antarctica,nytimes.com,http://www.nytimes.com/2014/04/19/world/asia/japan-says-it-will-resume-whaling-off-antarctica.html?ref=world
2014-04-19,11:49:35,23eqq7,852,115 Nigerian school girls still missing after kidnapping,news.yahoo.com,http://news.yahoo.com/115-nigeria-schoolgirls-still-missing-kidnap-principal-005147952.html
2014-04-19,13:41:52,23eyx1,600,"58 killed, 100 injured in attack on UN base in South Sudan",ctvnews.ca,http://www.ctvnews.ca/world/58-killed-100-injured-in-attack-on-un-base-in-south-sudan-1.1782143
2014-04-19,05:30:13,23dusb,528,"Obama Administration ""indefinitely suspending a decision on the Keystone XL pipeline""",politicalticker.blogs.cnn.com,http://politicalticker.blogs.cnn.com/2014/04/18/obama-administration-pushes-back-keystone-decision/
2014-04-19,18:25:09,23fcgq,500,CIA torture architect breaks silence to defend 'enhanced interrogation',theguardian.com,http://www.theguardian.com/world/2014/apr/18/cia-torture-architect-enhanced-interrogation?CMP=fb_gu
2014-04-19,20:17:37,23fgmp,473,"Scores of abducted girls freed in Nigeria - At least 44 of the 129 schoolgirls abducted in the northeastern Nigerian town of Chibok have been released, and have reunited with their parents",aljazeera.com,http://www.aljazeera.com/news/africa/2014/04/scores-abducted-girls-freed-nigeria-2014418211533235456.html
2014-04-19,08:37:01,23ebo6,443,Poland and the United States will announce next week the deployment of U.S. ground forces to Poland as part of an expansion of NATO presence in Central and Eastern Europe in response to events in Ukraine.,washingtonpost.com,http://www.washingtonpost.com/blogs/post-partisan/wp/2014/04/18/u-s-ground-troops-going-to-poland-defense-minister-says/?hpid=z2
2014-04-19,03:26:19,23dima,359,"Over 100 hate crime murders linked to far-Right White Nationalist web forum Stormfront.org, whose registered users included Anders Breivik (2011 Norway massacre) and Frazier Glenn Miller (last week's shooting at a Jewish center in Kansas).",alternet.org,http://www.alternet.org/news-amp-politics/new-report-more-100-hate-crime-murders-linked-single-far-right-website
2014-04-19,21:00:53,23fih7,334,Over 50 thousand Russians demand to be put on US sanctions list,en.itar-tass.com,http://en.itar-tass.com/russia/728144
2014-04-19,04:01:33,23dm2b,320,Library named after Osama bin Laden in Pakistan,ndtv.com,http://www.ndtv.com/article/world/library-named-after-osama-bin-laden-in-pakistan-510457
2014-04-19,09:39:51,23egqg,301,United States to deploy ground troops to Poland,washingtonpost.com,http://www.washingtonpost.com/blogs/post-partisan/wp/2014/04/18/u-s-ground-troops-going-to-poland-defense-minister-says/?print=1
2014-04-19,18:14:48,23fc3g,271,Russia to Build 150 Military Facilities on Kuril Islands (disputed by Japan),en.ria.ru,http://en.ria.ru/russia/20140418/189255401/Russia-to-Build-150-Military-Facilities-on-Kuril-Islands.html
2014-04-19,20:35:42,23fhd5,233,Interpol in hunt for Austrian jihadist teenage girls,english.alarabiya.net,http://english.alarabiya.net/en/News/middle-east/2014/04/18/Interpol-in-hunt-for-Austrian-jihadist-teenage-girls.html
2014-04-19,20:51:37,23fi12,174,Germany shuts scheme for young unemployed Europeans after being flooded with interest from job-seekers particularly from struggling Spain and Hungary,thelocal.de,http://www.thelocal.de/20140414/germany-closes-jobs-programme-for-young-unemployed
2014-04-19,13:02:35,23ew76,173,"Rape victims in Germany are finding it increasingly difficult to see their assailants convicted, a national study showed",japantimes.co.jp,http://www.japantimes.co.jp/news/2014/04/18/world/rape-convictions-plunge-in-germany/
2014-04-19,04:53:46,23dr76,154,Pentagon Moves to Block Russian Spy Plane in American Skies,thedailybeast.com,http://www.thedailybeast.com/articles/2014/04/18/pentagon-moves-to-block-russian-spy-plane-in-american-skies.html
2014-04-19,05:29:18,23duoe,155,Saudi Arabia to begin building Kingdom Tower. 1 km tall - it will be 30% taller than any other skyscraper.,telegraph.co.uk,http://www.telegraph.co.uk/news/worldnews/middleeast/saudiarabia/10775194/Saudi-Arabia-to-begin-building-worlds-tallest-skyscraper.html
2014-04-19,22:06:00,23flka,143,Advanced US weapons flow to syrian rebels,online.wsj.com,http://online.wsj.com/news/articles/SB10001424052702304626304579509401865454762?mod=rss_middle_east_news&mg=reno64-wsj&url=http%3A%2F%2Fonline.wsj.com%2Farticle%2FSB10001424052702304626304579509401865454762.html%3Fmod%3Drss_middle_east_news
2014-04-19,04:17:35,23dnlm,131,"Astronauts to reveal sobering data on asteroid impacts. ""the only thing preventing a catastrophe from a 'city-killer' sized asteroid is blind luck.""",phys.org,http://phys.org/news/2014-04-astronauts-reveal-sobering-asteroid-impacts.html
2014-04-19,01:31:27,23d78w,131,BBC News - Ukraine crisis: Kiev reaches out to eastern rebels,bbc.com,http://www.bbc.com/news/world-europe-27081271
