2014-04-23,15:59:41,23r0v9,3579,"British people by 2:1 ratio say it was good for society, not bad, that newspapers reported the materials given to them by Edward Snowden",yougov.co.uk,http://yougov.co.uk/news/2014/04/18/reporting-nsa-revelations-good-society/
2014-04-23,23:24:17,23rp1g,3288,Mission to Mars is necessary for ‘survival of human race’,metro.co.uk,http://metro.co.uk/2014/04/23/mission-to-mars-is-necessary-for-survival-of-human-race-4706507/
2014-04-23,21:03:16,23ret3,2377,"""Russian Facebook"" founder flees country after being forced out as CEO: Russian social network is now effectively under state control",arstechnica.com,http://arstechnica.com/tech-policy/2014/04/russian-facebook-founder-flees-country-after-being-forced-out-as-ceo/
2014-04-23,21:50:10,23rhs7,2234,North Korea offer condolences to South for Sewol Ferry disaster,nknews.org,http://www.nknews.org/2014/04/north-korea-offer-condolences-to-south-for-sewol-ferry-disaster/
2014-04-23,01:39:35,23ov64,1854,Report: Vice Journalist Captured in Eastern Ukraine,mashable.com,http://mashable.com/2014/04/22/vice-journalist-captured-ukraine/#:eyJzIjoidCIsImkiOiJfbHB2bHFsYmM5NDJuZDZmdyJ9
2014-04-23,19:34:06,23radl,1644,Poland is about to engage in a massive military spending spree to replace Soviet-era equipment,worldreview.info,http://www.worldreview.info/content/all-change-poland-boosts-military-spending
2014-04-23,23:58:15,23rs5n,1549,"Ukraine: VICE journalist held by separatists, TIME reporter released",time.com,http://time.com/73522/time-vice-journalists-detained-ukraine/
2014-04-23,06:15:51,23po0e,936,US deploying troops to Eastern Europe,armytimes.com,http://www.armytimes.com/article/20140422/NEWS08/304220055/4-Army-units-heading-Eastern-Europe
2014-04-23,21:32:06,23rgjm,752,For the first time Turkey PM Erdogan offers condolences over mass WWI killings of Armenians,abcnews.go.com,http://abcnews.go.com/International/wireStory/turkey-calls-wwi-armenian-killings-shared-pain-23436544
2014-04-23,09:05:28,23q4bd,646,"Saudi prince kills about 2,000 endangered birds on safari",upi.com,http://www.upi.com/Top_News/World-News/2014/04/22/Saudi-prince-kills-about-2000-endangered-birds-on-safari/6461398195900/
2014-04-23,00:03:08,23olp1,618,Ultra-Orthodox Jews are resisting new laws which force them to join the army,independent.co.uk,http://www.independent.co.uk/news/world/middle-east/ultraorthodox-jews-are-resisting-new-laws-which-force-them-to-join-the-army-9249508.html
2014-04-23,22:49:39,23rm7s,381,Russia Warns Ukraine of Potential Military Response,nytimes.com,http://www.nytimes.com/2014/04/24/world/europe/ukraine-russia.html?ref=world&utm_source=Sailthru&utm_medium=email&utm_term=*Morning%20Brief&utm_campaign=MB%204.23.14
2014-04-23,15:31:39,23qzfz,376,"Founder of biggest Russian social network VKontakte flees Russia, claims Persecution",themoscowtimes.com,http://www.themoscowtimes.com/news/article/vkontakte-founder-durov-flees-russia-with-no-plans-to-return/498715.html
2014-04-23,21:08:56,23rf5g,361,"'Don't behave like gangsters,' Ukrainian PM tells Russia",simplythescoop.com,https://www.simplythescoop.com/topic-detail/mYmuhw==/don-t-behave-like-gangsters---ukrainian-pm-tells-russia
2014-04-23,17:58:33,23r69d,326,Pro-Russian Insurgents Identified: The Green Men of VKontakte,ukrainianpolicy.com,http://ukrainianpolicy.com/insurgents-identified-the-green-men-of-vkontakte/
2014-04-23,06:30:52,23ppm9,322,Russia begins extracting oil in the Arctic despite Greenpeace efforts,rbth.com,http://rbth.com/news/2014/04/22/russia_begins_extracting_oil_in_the_arctic_despite_greenpeace_efforts_36105.html
2014-04-23,21:58:54,23rich,311,"Suspected mass grave, believed to contain at least 250 bodies of ethnic Albanians killed in the 1998-99 Kosovo war, excavated in Serbia",aljazeera.com,http://www.aljazeera.com/news/europe/2014/04/suspected-mass-grave-excavated-serbia-2014423122824445921.html
2014-04-23,04:50:17,23pf3d,315,Russian opposition leader Alexei Navalny has been convicted of libel in a ruling that could potentially lead to the jailing of one of President Vladimir Putin’s most prominent critics.,independent.co.uk,http://www.independent.co.uk/news/world/europe/pressure-on-russian-opposition-leader-alexei-navalny-after-conviction-in-libel-case-9275476.html
2014-04-23,05:07:30,23pguf,254,Russia Bans Military and Police from Traveling Abroad,novinite.com,http://www.novinite.com/articles/160000/Russia+Bans+Military+and+Police+from+Traveling+Abroad
2014-04-23,12:37:33,23qnrm,248,"In Russia, a Soviet revival grips leadership",washingtonpost.com,http://www.washingtonpost.com/world/europe/in-russia-a-soviet-revival-grips-leadership/2014/04/22/68505fc1-5d3d-49b7-a42b-fff2ed79716a_story.html
2014-04-23,01:48:42,23ow4q,232,"Acting Ukraine president calls for relaunch of anti-terrorist operation in east after politician ""tortured to death""",bbc.com,http://www.bbc.com/news/world-europe-27118875
2014-04-23,02:46:10,23p25t,224,"Nearly 90 percent of the chemicals in Syria’s weapons arsenal have now been removed from the war-torn country, with only two or three shipments left for export, the group responsible for policing the global treaty that bans chemical munitions reported on Tuesday.",nytimes.com,http://www.nytimes.com/2014/04/23/world/middleeast/syria-chemical.html?partner=rss&emc=rss
2014-04-23,12:54:15,23qp2j,218,Violent protests have broken out in the Brazilian city of Rio de Janeiro following the death of a young man allegedly beaten by police.,bbc.com,http://www.bbc.com/news/world-latin-america-27121677
2014-04-23,17:03:59,23r3vm,169,China issues veiled warning to N. Korea not to conduct nuclear test,english.yonhapnews.co.kr,http://english.yonhapnews.co.kr/news/2014/04/23/0200000000AEN20140423009500315.html
2014-04-23,22:49:08,23rm6f,161,"Most Sherpa mountain guides have decided to leave Mount Everest, a guide said, confirming a walkout certain to disrupt a climbing season that was already marked by grief over the lives lost last week in Everest's deadliest disaster.",csmonitor.com,http://www.csmonitor.com/World/Latest-News-Wires/2014/0422/Sherpas-boycott-Mount-Everest-Is-climbing-season-over
2014-04-23,20:16:27,23rcc2,156,Anti-Obama protesters clash with police in Manila,business-standard.com,http://www.business-standard.com/article/pti-stories/anti-obama-protesters-clash-with-police-in-manila-114042300586_1.html
2014-04-23,23:34:22,23rpyl,151,Russian ambassador heckled at Toronto speech on Ukraine crisis,news.nationalpost.com,http://news.nationalpost.com/2014/04/22/russian-ambassador-heckled-at-toronto-speech-on-ukraine-crisis/
2014-04-23,12:06:18,23ql2p,120,British neo-skins vs. Sharia Law Muslims in the streets of London.,vice.com,http://www.vice.com/vice-news/londons-holy-turf-wars
2014-04-23,22:54:46,23rmms,94,The FBI Is Trying to Recruit Muslims As Snitches by Putting Them On No-Fly Lists,vice.com,http://www.vice.com/read/no-fly-list-rahinah-ibrahim-danny-mcdonald
2014-04-23,03:08:37,23p4if,92,Hundreds of civilians killed in South Sudan ethnic massacre,reuters.com,http://www.reuters.com/article/2014/04/21/us-southsudan-un-idUSBREA3K0UL20140421
