2014-06-07,02:02:56,27hecn,3965,Pensioner who hid medals and absconded from care home found at D-Day celebrations in France. The 89-year old was reported missing from his Hove care home but actually sneaked onboard a coach for a final reunion with his D-Day comrades across the Channel,telegraph.co.uk,http://www.telegraph.co.uk/news/10881513/Pensioner-who-hid-medals-and-absconded-from-care-home-found-at-D-Day-celebrations-in-France.html
2014-06-07,00:26:42,27h4z6,3964,"Europe to force Google, Facebook to abide by EU privacy rules",dailyzone.com,http://www.dailyzone.com/articles/789/20140606/europe-to-force-google-facebook-to-abide-by-eu-privacy-rules.htm
2014-06-07,08:10:30,27idki,2940,D-Day veteran: 'Remember Germans too',bbc.co.uk,http://www.bbc.co.uk/news/world-europe-27732706
2014-06-07,22:05:47,27jnty,2628,U.S. admits supplying lethal aid to Syrian rebels,haaretz.com,http://www.haaretz.com/news/middle-east/1.597414
2014-06-07,12:17:54,27ivzr,2530,Vietnam has released dramatic footage showing a large Chinese ship chasing and ramming one of its fishing boats that then sank near an oil rig in contested waters in the South China Sea,scmp.com,http://www.scmp.com/news/china/article/1526701/vietnam-airs-video-chinese-ship-sinking-fishing-boat-south-china-sea
2014-06-07,06:25:18,27i469,2405,"Scientists have found traces of Theia, the planet that smashed into the Earth to form the Moon, in lunar rocks",smithsonianmag.com,http://www.smithsonianmag.com/smart-news/what-would-planet-smashed-moon-have-been-180951681/#Uip41kC1VDdBEMfZ.16
2014-06-07,11:17:11,27irrw,1534,North Korea detains U.S. citizen; now has three in custody,dailyzone.com,http://www.dailyzone.com/articles/790/20140606/north-korea-detains-u-s-citizen-now-three-custody.htm
2014-06-07,23:27:53,27jsho,887,'I'm not going to Brazil' hashtag tackles World Cup,stream.aljazeera.com,http://stream.aljazeera.com/story/201406062029-0023802
2014-06-07,04:36:45,27htqn,683,"Ebola virus disease, West Africa (Situation as of 5 June 2014) - now the largest recorded Ebola outbreak in history",afro.who.int,http://www.afro.who.int/en/clusters-a-programmes/dpc/epidemic-a-pandemic-alert-and-response/outbreak-news/4158-ebola-virus-disease-west-africa-5-june-2014.html
2014-06-07,10:12:13,27imzh,648,Putin says Russian city Volgograd can become Stalingrad again,en.itar-tass.com,http://en.itar-tass.com/russia/735173
2014-06-07,20:50:30,27jkbk,565,"Labor has slammed Tony Abbott, declaring him embarrassing for cancelling meetings with the world's top finance officials during his visit to the United States.",theguardian.com,http://www.theguardian.com/world/2014/jun/07/tony-abbott-embarrassing-australia-says-tanya-plibersek
2014-06-07,22:58:32,27jqov,466,China may build an ‘artificial island’ in disputed South China Sea to use as a military base in enforcing a future Air Defense Identification Zone.,thediplomat.com,http://thediplomat.com/2014/06/china-may-build-artificial-island-in-south-china-sea/
2014-06-07,19:56:56,27ji4u,459,Hero's welcome for runaway D-Day veteran - The 89-year-old war veteran who slipped out of his care home to attend D-Day commemorations in Normandy has arrived back in the UK to a hero's welcome,telegraph.co.uk,http://www.telegraph.co.uk/history/world-war-two/10883278/Heros-welcome-for-runaway-D-Day-veteran.html
2014-06-07,23:44:13,27jtm8,389,Metal spikes have been installed outside a block of luxury flats in London to deter homeless people from sleeping there.,telegraph.co.uk,http://www.telegraph.co.uk/property/propertynews/10883541/Homeless-spikes-installed-outside-London-flats.html
2014-06-07,10:10:00,27imt8,316,Vodafone says 'Six unnamed nations have access to user's phone use at any time.',ab.co,http://ab.co/1i8G30Q #abcnews
2014-06-07,08:17:44,27ie66,271,One hundred of Australia's richest people have taken advantage of a rare amnesty from the Australian Taxation Office - issued in March this year - to reveal their use of secretive offshore tax havens without severe punishment.,smh.com.au,http://www.smh.com.au/federal-politics/political-news/australias-rich-come-forward-to-declare-their-offshore-tax-structures-20140605-39lzd.html#ixzz33u6lQM1H
2014-06-07,09:54:58,27ilp4,204,"WWII Vet, AWOL From Nursing Home, Found At Normandy Ceremonies",npr.org,http://www.npr.org/blogs/thetwo-way/2014/06/06/319531448/wwii-vet-awol-from-nursing-home-found-at-normandy-ceremonies
2014-06-07,13:33:06,27j0x1,184,Canadian government orders federal departments to keep tabs on all demonstrations across country,ottawacitizen.com,http://ottawacitizen.com/news/politics/government-orders-federal-departments-to-keep-tabs-on-all-demonstrations-across-country
2014-06-07,00:21:58,27h4hq,145,Alibaba billionaire Jack Ma purchases half of China's best soccer club,dailyzone.com,http://www.dailyzone.com/articles/787/20140606/ali-baba-billionaire-jack-ma-purchases-half-chinas-best-soccer.htm
2014-06-07,21:53:35,27jn6j,99,"China investigation finds 1,000 'naked officials' in Guangdong: investigation in China has revealed that more than 1,000 officials in the southern province of Guangdong have spouses or children living abroad",bbc.com,http://www.bbc.com/news/world-asia-china-27747097
2014-06-07,07:21:23,27i9bu,86,Rising seas wash Japanese war dead from Marshall Islands graves - Officials blame climate change as 26 skeletons are found on Santo Island after high tides batter Pacific archipelago,theguardian.com,http://www.theguardian.com/world/2014/jun/06/rising-seas-wash-japanese-war-dead-marshall-islands-graves
2014-06-07,22:56:12,27jqkv,87,Palm Oil In Pastries Drives Deforestation,npr.org,http://www.npr.org/blogs/thesalt/2014/06/06/319231081/doughnut-day-downer-palm-oil-in-pastries-drives-deforestation
2014-06-07,16:54:29,27jbc1,80,"Ukraine's new president sworn in, says ""he would guarantee indemnity from criminal charges"" to separatists ""who did not have blood on their hands""",bbc.co.uk,http://www.bbc.co.uk/news/world-europe-27745278
2014-06-07,18:59:15,27jg15,67,World Cup 2014: Police use rubber bullets and tear gas as Sao Paulo underground strike enters third day,independent.co.uk,http://www.independent.co.uk/news/world/americas/world-cup-2014-police-use-rubber-bullets-and-tear-gas-as-sao-paulo-underground-strike-enters-third-day-9505217.html
2014-06-07,23:12:26,27jrih,63,Power cuts in north India spark riots,aljazeera.com,http://www.aljazeera.com/news/asia/2014/06/power-cuts-north-india-spark-riots-201467131942331274.html
2014-06-07,00:38:12,27h63z,59,China is demolishing mountains to make more space for cities and agriculture,m.smh.com.au,http://m.smh.com.au/world/china-bulldozes-mountains-to-create-land-for-cities-20140606-zs03t.html
2014-06-07,03:10:16,27hl04,49,Deutsche Telekom assisting Hungarian government in oppressing free press in Hungary,gizmodo.com,http://gizmodo.com/report-t-mobiles-parent-company-might-be-screwing-with-1586815383/all
2014-06-07,06:50:39,27i6jy,44,Illegal immigration to Europe shows sharp rise.,telegraph.co.uk,http://www.telegraph.co.uk/news/uknews/immigration/10865652/Illegal-immigration-to-Europe-shows-sharp-rise.html
2014-06-07,06:20:19,27i3pi,42,Deutsche Telekom to follow Vodafone in revealing government surveillance,theguardian.com,http://www.theguardian.com/world/2014/jun/06/deutsche-telekom-to-also-reveal-surveillance-data
2014-06-07,02:52:29,27hj66,38,UN finds 'ample evidence' of war crimes committed in Central African Republic,theguardian.com,http://www.theguardian.com/world/2014/jun/06/un-ample-evidence-war-crimes-central-african-republic
