2014-07-10,11:06:16,2aao5x,10623,Chinese hackers hacked into the computer networks of the United States government agency that houses the personal information of all federal employees in March,nytimes.com,http://www.nytimes.com/2014/07/10/world/asia/chinese-hackers-pursue-key-data-on-us-workers.html?rref=homepage&module=Ribbon&version=origin&region=Header&action=click&contentCollection=Home%20Page&pgtype=article
2014-07-10,22:22:43,2abw7r,8470,Germany expels CIA official in US spy row,bbc.com,http://www.bbc.com/news/world-europe-28243933
2014-07-10,19:11:36,2abkuh,1886,Books not considered 'Pro-family (1 father 1 mother)' to be destroyed by National Library Board in Singapore.,sg.news.yahoo.com,https://sg.news.yahoo.com/online-petitions-started--call-for-singapore-nlb-to-reinstate-removed-children-s-books-095911437.html
2014-07-10,02:03:57,2a94c4,3082,"Islamist plot to blow up Eiffel Tower, Louvre and nuclear power plant foiled, say French police",telegraph.co.uk,http://www.telegraph.co.uk/news/worldnews/europe/france/10956636/Islamist-plot-to-blow-up-Eiffel-Tower-Louvre-and-nuclear-power-plant-foiled-say-French-police.html
2014-07-10,16:28:43,2abd04,1643,New UK Law requiring all internet and phone companies to log usage to be enforced within a week,bbc.co.uk,http://bbc.co.uk/news/uk-politics-28237108
2014-07-10,05:52:10,2a9tw9,1574,Chinese President Says Conflict With U.S. Would Be Disaster,bloomberg.com,http://www.bloomberg.com/news/2014-07-09/xi-says-china-conflict-with-u-s-would-be-disaster.html?cmpid=yhoo
2014-07-10,20:05:35,2abnld,1573,US-Backed 'Moderate' Free Syrian Army Factions Join ISIS Terror Group,breitbart.com,http://www.breitbart.com/Big-Peace/2014/07/08/US-Backed-Moderate-Free-Syrian-Army-Factions-Join-Islamic-State-Terror-Group
2014-07-10,06:59:30,2aa0sq,1558,"The scientists who conducted the study are still unsure why the magnetic field is weakening, but one likely reason is that Earth's magnetic poles are getting ready to flip, said Rune Floberghagen, the ESA's Swarm mission manager. In fact, the data suggest magnetic north is moving toward Siberia.",scientificamerican.com,http://www.scientificamerican.com/article/earth-s-magnetic-field-flip-could-happen-sooner-than-expected/
2014-07-10,22:57:14,2abz2z,1098,"Synthetic cannabis 'not medicinal', EU top court says",bbc.com,http://www.bbc.com/news/world-europe-28243083
2014-07-10,00:54:23,2a8x2a,1011,Bill Gates funds birth control microchip,news.nationalpost.com,http://news.nationalpost.com/2014/07/09/bill-gates-funds-birth-control-microchip-that-lasts-16-years-inside-the-body-and-can-be-turned-on-or-off-with-remote-control/
2014-07-10,15:22:44,2ab96p,710,Files on UK role in CIA abductions accidentally 'soaked in water',scmp.com,http://www.scmp.com/news/world/article/1550726/files-uk-role-cia-abductions-accidentally-soaked-water
2014-07-10,20:13:24,2abnz8,695,Fatah joins Hamas and Islamic Jihad in missile launches,timesofisrael.com,http://www.timesofisrael.com/moderate-fatah-joins-hamas-and-islamic-jihad-in-missile-launches/
2014-07-10,19:52:58,2abmxr,620,Russia writes off $32bn Cuban debt in show of brotherly love,theguardian.com,http://www.theguardian.com/world/2014/jul/10/russia-writes-off-cuban-debt
2014-07-10,00:29:48,2a8ugh,622,"Kidnapped Israeli teens were shot 10 times with silenced gun, according to U.S. official",reuters.com,http://www.reuters.com/article/2014/07/09/us-palestinian-israel-usa-kidnapping-idUSKBN0FE13Z20140709
2014-07-10,07:22:49,2aa313,581,Neonicotinoids linked to recent fall in farmland bird numbers,theguardian.com,http://www.theguardian.com/environment/2014/jul/09/neonicotinoids-farmland-birds
2014-07-10,20:05:47,2abnlo,362,"""Emergency powers"" to ensure police and security services can continue to access phone and internet records are being rushed through the UK Parliament, dispite the EU rejecting the plan.",bbc.com,http://www.bbc.com/news/uk-politics-28237111
2014-07-10,14:56:00,2ab7g7,329,"Snowden's asylum in Russia runs out this month, asks for extension",nytimes.com,http://www.nytimes.com/2014/07/10/world/europe/edward-snowden-asks-russia-to-extend-asylum.html
2014-07-10,08:46:41,2aab5b,318,Exclusive: Iraq tells U.N. that 'terrorist groups' seized nuclear materials,reuters.com,http://www.reuters.com/article/2014/07/09/us-iraq-security-nuclear-idUSKBN0FE2KT20140709
2014-07-10,10:14:50,2aajc7,301,Israeli police officer to be charged in beating of Palestinian teen,latimes.com,http://www.latimes.com/world/middleeast/la-fg-israel-police-officer-charge-20140709-story.html
2014-07-10,18:30:08,2abiwp,208,"Scholarly journal retracts 60 articles, smashes ""peer review ring.""",washingtonpost.com,http://www.washingtonpost.com/news/morning-mix/wp/2014/07/10/scholarly-journal-retracts-60-articles-smashes-peer-review-ring/?tid=hp_mm&hpid=z4
2014-07-10,06:06:56,2a9vf2,174,"China is selling $38 million worth of missiles, grenade launchers, machine guns and ammunition to South Sudan’s government, even as it pledges to help end a civil war in the country now on the brink of famine.",bloomberg.com,http://www.bloomberg.com/news/2014-07-08/norinco-sells-south-sudan-arms-as-chinese-government-talks-peace.html
2014-07-10,11:30:47,2aaqfp,172,"Judge compares incest and paedophilia to past attitudes towards homosexuality, claiming they might not be taboo anymore",smh.com.au,http://www.smh.com.au/nsw/judge-compares-incest-and-paedophilia-to-past-attitudes-towards-homosexuality-claiming-they-might-not-be-taboo-anymore-20140709-zt0v2.html
2014-07-10,01:26:16,2a90dj,144,Iron Dome racks up 90% success rate so far. Changes to civilian aviation as Hamas takes aim at airport; Iron Dome doing better than it did in 2012.,haaretz.com,http://www.haaretz.com/news/diplomacy-defense/1.604039
2014-07-10,16:20:16,2abcjj,105,"53 unidentified corpses were found south of Baghdad, all of them blindfolded and handcuffed, with bullets to the chest and head. Mass killings are becoming a regular occurrence again in Iraq for the first time since the worst days of sectarian and ethnic cleansing in 2006-2007.",reuters.com,http://www.reuters.com/article/2014/07/09/us-iraq-security-idUSKBN0FE1UE20140709
2014-07-10,09:14:24,2aadrs,87,"47 dead, 300+ wounded over 2 day period by Israeli attack on Gaza",dailymail.co.uk,http://www.dailymail.co.uk/news/article-2686408/Palestinian-father-blown-clean-house-direct-hit-kills-wife-son-bombing-intensifies.html
2014-07-10,23:28:32,2ac20i,83,"Files on UK Involvement in CIA Rendition Program ""Accidentally Destroyed"": Foreign Office claims files incomplete from ""water damage""",commondreams.org,https://www.commondreams.org/headline/2014/07/09-7
2014-07-10,15:46:04,2abam1,82,Israeli army says the killing of 8 Gazan family members was in error,haaretz.com,http://www.haaretz.com/news/diplomacy-defense/1.604128
2014-07-10,04:28:01,2a9kog,74,The Washington Post Releases Names Of The 13 Children Killed in Gaza So Far,washingtonpost.com,http://www.washingtonpost.com/blogs/worldviews/wp/2014/07/09/these-are-the-names-of-13-children-killed-in-gaza/
2014-07-10,20:06:49,2abnns,66,Former archbishop who molested alter boy gets 8 months in jail,thestar.com,http://www.thestar.com/news/canada/2014/07/09/former_archbishop_who_molested_alter_boy_gets_8_months_in_jail.html
2014-07-10,00:19:20,2a8ted,63,Hundreds of neuroscientists from around the world condemn the $130 million European Effort for Computer-Simulated Brain in an open letter.,nytimes.com,http://www.nytimes.com/2014/07/09/science/european-effort-for-computer-simulated-brain-draws-fire.html?ref=science
