2014-05-31,02:52:09,26w4as,3553,Ukraine has shot down what is believed to be a Russian drone,news.vice.com,https://news.vice.com/article/untitled-post-1401465662
2014-05-31,17:35:29,26y0tj,3262,US confirms Syria suicide bomber was American,aljazeera.com,http://www.aljazeera.com/news/middleeast/2014/05/us-confirms-syria-suicide-bomber-was-american-201453151013931478.html
2014-05-31,00:32:44,26vql5,2060,Report: Israel tapped president Clinton's diplomatic calls,jpost.com,http://www.jpost.com/International/Report-Israel-tapped-president-Clintons-diplomatic-calls-354890
2014-05-31,19:30:44,26y5k9,1291,Lithuania accuses Russia of harassing ships in Baltic Sea,news.yahoo.com,http://news.yahoo.com/lithuania-accuses-russia-harassing-ships-baltic-sea-213241044.html
2014-05-31,02:06:05,26vzs8,1018,"The Turkish government cut off the flow of the Euphrates River, threatening primarily Syria but also Iraq with a major water crisis",english.al-akhbar.com,http://english.al-akhbar.com/content/new-turkish-aggression-against-syria-ankara-suspends-pumping-euphrates%E2%80%99-water
2014-05-31,06:26:43,26wpje,794,"Up to 80,000 Palestinians in Jerusalem without running water for three months",middleeastmonitor.com,https://www.middleeastmonitor.com/news/middle-east/11761-up-to-80000-palestinians-in-jerusalem-without-running-water-for-three-months#.U4j3fdvgEtU.reddit
2014-05-31,12:16:28,26xie7,654,Earth heading toward another mass extinction,america.aljazeera.com,http://america.aljazeera.com/articles/2014/5/30/extinction-floridapanther.html
2014-05-31,21:53:38,26yc2r,621,CNN reporter detained during live shot in Turkey,hurriyetdailynews.com,http://www.hurriyetdailynews.com/live-police-close-gezi-park-taksim-square-on-tense-anniversary.aspx?pageID=238&nID=67216&NewsCatID=341
2014-05-31,14:08:40,26xq55,455,"Bilderberg conference: Spies, CEOs and politicians gather",cnbc.com,http://www.cnbc.com/id/101713621
2014-05-31,01:05:25,26vtx2,387,Korea's Dinosaur Robot Outruns Usain Bolt,ibtimes.co.uk,http://www.ibtimes.co.uk/koreas-dinosaur-robot-outruns-usain-bolt-1450595
2014-05-31,13:25:43,26xnau,265,NATO says bulk of Russian troops pulling back from Ukraine border,in.reuters.com,http://in.reuters.com/article/2014/05/30/uk-ukraine-crisis-nato-idINKBN0EA2CS20140530
2014-05-31,14:08:07,26xq3z,212,France lottery winner to give away €50 million to charity,telegraph.co.uk,http://www.telegraph.co.uk/news/worldnews/europe/france/10864431/EuroMillions-lottery-winner-to-give-away-50-million-to-charity.html
2014-05-31,12:25:21,26xj1e,197,France’s Front National against naming square after ‘terrorist’ Mandela,english.rfi.fr,http://www.english.rfi.fr/africa/20140530-france-s-front-national-against-naming-square-after-terrorist-mandela
2014-05-31,23:15:50,26ygzv,172,"Police shut Istanbul park to pre-empt protests one year after unrest | Turkish police on Saturday shut Gezi Park, the Istanbul square at the center of mass demonstrations in 2013, to prevent any efforts to mark the anniversary of the biggest anti-government protests in decades.",reuters.com,http://www.reuters.com/article/2014/05/31/us-turkey-protests-idUSKBN0EB0ES20140531
2014-05-31,01:16:10,26vuwu,168,"Inmates at Berlin Tegel jail set up world's first union for prisoners: group's founders want minimum wage and pension scheme for prison's convicts, who work regular shifts",theguardian.com,http://www.theguardian.com/world/2014/may/30/inmates-berlin-tegel-jail-set-up-union-for-prisoners
2014-05-31,07:56:00,26wxw9,161,Ex-Head Of 'NSA North' Says Canadians Are 'Stupid',m.huffpost.com,http://m.huffpost.com/ca/entry/5419381?ncid=tweetlnkushpmg00000067
2014-05-31,19:50:46,26y6ek,157,Zimbabwe Official: Fewer Condoms Means More Soldiers,news.vice.com,https://news.vice.com/article/zimbabwe-official-fewer-condoms-means-more-soldiers
2014-05-31,03:30:58,26w86o,118,Over 200 Paintings Discovered in Angkor Wat Cambodian Temple Complex,time.com,http://time.com/139251/hidden-paintings-cambodian-temple/
2014-05-31,23:18:03,26yh64,98,"World On Brink Of Sixth Great Extinction, Species Disappearing Faster Than Ever Before",huffingtonpost.com,http://www.huffingtonpost.com/2014/05/29/sixth-great-extinction-species-disappearing_n_5412571.html?utm_hp_ref=mostpopular
2014-05-31,02:08:33,26w02b,94,"Swedes test a future of less work, more play",news.yahoo.com,http://news.yahoo.com/swedes-test-future-less-more-play-150640783.html;_ylt=AwrBJR.YZodT8EUAh_TQtDMD
2014-05-31,01:19:06,26vv80,83,Potentially Biggest Discovery in Health in 30 Years. Nerve Stimulation Blocks 75% of Tumor Necrosis and Inflammation from Bacterial Toxins.,nytimes.com,http://www.nytimes.com/2014/05/25/magazine/can-the-nervous-system-be-hacked.html?emc=eta1&_r=0
2014-05-31,15:35:29,26xv0m,63,Putin Advisor: The US Is 'Unfurling A War In Ukraine After Organising A Coup',businessinsider.com.au,http://www.businessinsider.com.au/alexei-anishchuk-kremlin-advisor-us-plotting-war-in-ukraine-2014-5
2014-05-31,02:33:50,26w2ih,50,New Zealand's immigrants—The country's Asian-born have overtaken the British as its largest foreign population,economist.com,http://www.economist.com/blogs/banyan/2014/05/new-zealands-immigrants
2014-05-31,01:36:26,26vwve,47,US deploys first advanced drones to Japan,stripes.com,http://www.stripes.com/news/pacific/us-deploys-first-advanced-drones-to-japan-1.286185
2014-05-31,19:16:31,26y4xz,49,Japan will play a larger role in regional security as a counterpoint to China,nytimes.com,http://www.nytimes.com/2014/05/31/world/asia/japan-china-abe.html?_r=0
2014-05-31,22:20:21,26ydk5,49,"Syrian rebels blew up a tunnel packed with explosives in the northern city of Aleppo on Friday, killing at least 20 pro-government fighters",abcnews.go.com,http://abcnews.go.com/International/wireStory/thousands-flee-syrian-cities-ahead-election-23926463
2014-05-31,07:10:20,26wtp2,39,"Remote Indonesian volcano erupts, already disrupting flights in region",indonesiandisaster.blogspot.com.au,http://indonesiandisaster.blogspot.com.au/2014/05/sangeang-api-volcano-explosive-eruption_30.html
2014-05-31,17:36:47,26y0vd,35,Dundee University scientists develop tractor beam,thecourier.co.uk,http://www.thecourier.co.uk/news/local/dundee/dundee-university-scientists-develop-tractor-beam-1.398164
2014-05-31,10:31:11,26xahz,35,"CIA Winds Down Drone Strike Program in Pakistan | The CIA's targeted killing program in Pakistan, once the mainstay of President Barack Obama's counterterrorism effort, is winding down.",abcnews.go.com,http://abcnews.go.com/Politics/wireStory/cia-drone-strike-program-pakistan-winding-23907908
2014-05-31,02:43:08,26w3du,33,Israel suspends soldier after Palestinian teens were killed,yourmiddleeast.com,http://www.yourmiddleeast.com/news/israel-suspends-soldier-after-palestinian-teens-were-killed_23973
