2014-06-03,22:57:16,2779eq,3847,"Satirist Bassem Youssef (the ""Jon Stewart"" of Egypt) ends TV show: ""The present climate in Egypt is not suitable for a political satire program...I’m tired of struggling and fearing for my personal and my family’s safety and that of the people around me.""",america.aljazeera.com,http://america.aljazeera.com/blogs/scrutineer/2014/6/3/egyptian-satiristyoussefendstvshow.html
2014-06-03,22:42:22,27784i,3780,Alexander Shulgin dead: ‘Godfather of ecstasy’ and pioneering psychedelic pharmacologist dies aged 88,independent.co.uk,http://www.independent.co.uk/news/people/alexander-shulgin-dead-godfather-of-ecstasy-and-pioneering-pharmacologist-dies-aged-88-9478223.html
2014-06-03,12:42:29,2768su,3601,"Reset the Net!’ Reddit, Greenpeace, Amnesty unite in anti-NSA hit campaign | Opponents of mass government surveillance are braced for the June-5 campaign for a free and secure internet, led by some of the world’s largest websites.",rt.com,http://rt.com/news/163072-reset-net-privacy-nsa/
2014-06-03,03:10:02,274oup,3308,Attack of the Russian Troll Army: Russia’s campaign to shape international opinion around its invasion of Ukraine has extended to recruiting and training a new cadre of online trolls that have been deployed to spread the Kremlin’s message on the comments section of top American websites.,buzzfeed.com,http://www.buzzfeed.com/maxseddon/documents-show-how-russias-troll-army-hit-america
2014-06-03,20:44:45,276zql,3239,Sweden proposes a six-hour work day,washingtonpost.com,http://www.washingtonpost.com/blogs/worldviews/wp/2014/06/02/how-great-would-swedens-proposed-six-hour-workday-be-this-great
2014-06-03,14:15:22,276fnm,2822,Fifa ethics head Michael Garcia won't look at new corruption allegations: Fifa's chief ethics investigator will not consider millions of documents underpinning a new wave of corruption allegations surrounding the award of the 2022 World Cup to Qatar,theguardian.com,http://www.theguardian.com/football/2014/jun/02/fifa-ethics-head-michael-garcia-will-not-look-at-qatar-corruption-evidence
2014-06-03,21:37:34,277310,2691,Thailand’s military threatens to arrest people giving ‘Hunger Games’ salute,washingtonpost.com,http://www.washingtonpost.com/news/morning-mix/wp/2014/06/03/thailands-military-threatens-to-arrest-people-giving-hunger-games-salute/?tid=hp_mm
2014-06-03,13:12:12,276b96,1813,80k Palestinians left without drinking water,presstv.ir,http://www.presstv.ir/detail/2014/06/02/365304/80k-palestinians-left-without-water/
2014-06-03,05:54:53,2756gp,1756,French president plans to eat two dinners in one night just so he can keep Obama and Putin away from each other,news.nationalpost.com,http://news.nationalpost.com/2014/06/02/french-president-plans-to-eat-two-dinners-in-one-night-just-so-he-can-keep-obama-and-putin-away-from-each-other/
2014-06-03,20:10:24,276xt7,1620,Barack Obama announces plans for a $1bn fund to increase US military deployments to Europ,bbc.co.uk,http://bbc.co.uk/news/world-europe-27671691
2014-06-03,15:30:50,276kgb,1512,"The Indian miracle-buster stuck in Finland: An Indian man who made his name exposing the ""miraculous"" feats of holy men as tricks has fled the country after being accused of blasphemy. Now in self-imposed exile in Finland, he fears jail - or even assassination - if he returns",bbc.com,http://www.bbc.com/news/magazine-26815298
2014-06-03,07:27:11,275fuc,1237,800 children found buried in a silage tank at a disused home for unmarried mothers in Ireland.,dailymail.co.uk,http://www.dailymail.co.uk/news/article-2645870/Mass-grave-contains-bodies-800-babies-site-Irish-home-unmarried-mothers.html
2014-06-03,03:35:32,274rix,1036,Kerry to Israel: U.S. intends to work with new Palestinian government,haaretz.com,http://www.haaretz.com/news/diplomacy-defense/1.596802
2014-06-03,03:09:18,274os2,816,China Blocks All Google Services Ahead of Tienanmen Square Anniversary,revolution-news.com,http://revolution-news.com/china-blocks-google-services-ahead-tienanmen-square-anniversary/
2014-06-03,02:36:23,274lfb,730,"Scientists Have Discovered A Planet They Thought Was Impossible. May have ""profound implications for the possibility of life"" on extra-solar planets.",businessinsider.in,http://www.businessinsider.in/Scientists-Have-Discovered-A-Planet-They-Thought-Was-Impossible/articleshow/35962996.cms
2014-06-03,21:36:51,2772zc,598,"China plan to cap CO2 emissions seen turning point in climate talks. China said on Tuesday it will set an absolute cap on its CO2 emissions from 2016 just a day after the United States announced new targets for its power sector, signalling a potential breakthrough in tough U.N. climate talks.",uk.reuters.com,http://uk.reuters.com/article/idUKL3N0OK1VH20140603?irpc=932
2014-06-03,10:16:43,275vsm,503,Mining company Idemitsu Australia Resources has admitted it contracted spies to infiltrate protesters opposed to the expansion of coal mining in Australia.,smh.com.au,http://www.smh.com.au/national/idemitsu-admits-it-hired-contractors-in-coal-spies-operation-20140602-39esi.html
2014-06-03,00:28:47,2748m1,444,"One killed, ten wounded after Ukrainian Air Force attack Lugansk administration building",google.com.tr,"http://www.google.com.tr/url?sa=t&rct=j&q=&esrc=s&source=web&cd=6&cad=rja&uact=8&ved=0CGAQFjAF&url=http%3A%2F%2Fvoiceofrussia.com%2Fnews%2F2014_06_02%2FOne-killed-ten-wounded-after-Ukrainian-Air-Force-attack-Lugansk-administration-building-3862%2F&ei=xZeMU9TlEMbTOZzMgMgE&usg=AFQjCNFZdsrJAF8EyiCUZCE41VTTf0ObJw&sig2=xjxd7O71PH6mogDAPJY8JQ&bvm=bv.67720277,d.ZWU"
2014-06-03,16:50:47,276ooa,217,Spain protests call for vote on monarchy | Tens of thousands rally across Spain to demand referendum on removal of royal family after King Juan Carlos abdicates.,aljazeera.com,http://www.aljazeera.com/news/europe/2014/06/spain-protests-call-vote-monarchy-2014630119252136.html
2014-06-03,18:45:49,276tor,215,"Russia calls UN meeting to seek Ukraine ceasefire: Moscow urges Security Council action to end weeks of violence in Russian-speaking eastern Ukraine, a move denounced by U.S. as ‘hypocritical.’",thestar.com,http://www.thestar.com/news/world/2014/06/02/russia_calls_un_meeting_to_seek_ukraine_ceasefire.html
2014-06-03,09:22:38,275qvh,185,Egyptian satirist Bassem Youssef ends his TV show,bostonglobe.com,http://www.bostonglobe.com/news/world/2014/06/02/egyptian-satirist-bassem-youssef-ends-his-show/7tKEX0yMhjKFVsYcSy0jgL/story.html
2014-06-03,02:44:38,274mad,170,"Canada has been “dragging its heels” on commitments to create marine protected areas, according to new report.",theglobeandmail.com,http://www.theglobeandmail.com/news/politics/canada-lags-in-protecting-oceans-report/article18942166/
2014-06-03,23:53:25,277eh9,169,"Roman Catholic Church Sexual Abuse Scandal: 19 Accuse Mexican Priest, Activist Estimates as Many as '100 Victims'",latinpost.com,http://www.latinpost.com/articles/13994/20140602/roman-catholic-church-sexual-abuse-scandal-19-accuse-mexican-priest.htm
2014-06-03,15:32:32,276kjg,160,‘Climate Change Is Here’: Australia Experiences Hottest Two Years Ever Recorded,thinkprogress.org,http://thinkprogress.org/climate/2014/06/02/3443604/australia-hottest-two-years/
2014-06-03,02:12:35,274j0n,105,Freak sandstorm hits Iranian capital,bbc.com,http://www.bbc.com/news/world-middle-east-27671359
2014-06-03,12:42:02,2768rd,103,"At least two killed, several injured in Luhansk explosion. Separatists: result of Ukrainian military airstrike. Kiev: result of heat-seeking rocket launched by separatists at Ukrainian plane hitting AC unit in administrative building instead.",torontosun.com,http://www.torontosun.com/2014/06/02/deadly-explosion-in-ukraine-border-city
2014-06-03,11:53:39,2764jf,103,"Although China may be cheaper than Europe at producing solar panels, it comes at a higher cost to the environment, a new study says.",sinosphere.blogs.nytimes.com,http://sinosphere.blogs.nytimes.com/2014/06/02/chinas-solar-panel-production-comes-at-a-dirty-cost/
2014-06-03,02:29:06,274kox,95,"11 Days Till The World Cup, And The Opening Stadium Is Far From Ready",businessinsider.com,http://www.businessinsider.com/world-cup-opening-stadium-isnt-ready-2014-6?IR=T
2014-06-03,08:35:55,275mij,68,Indian police use water cannons against women protesting the gang rape and hanging of two teenagers,news.nationalpost.com,http://news.nationalpost.com/2014/06/02/indian-police-use-water-cannons-against-women-protesting-the-gang-rape-and-hanging-of-two-teenagers/
2014-06-03,02:02:08,274hy7,62,"Using the simplest of ingredients – sunlight, CO2 and water – researchers in Europe have brewed jet fuel",beta.cosmosmagazine.com,http://beta.cosmosmagazine.com/physical-sciences/flying-sunshine-solar-jet-fuel
