2014-04-14,18:51:40,22zqsj,3429,"Looks Like Rome is Even More Ancient than Thought - As Italian capital approaches 2,767th birthday, excavation reveals wall built long before official founding year of 753BC. It seems to have channeled water. Around it, are pieces of ceramic pottery & remains of food.",theguardian.com,http://www.theguardian.com/world/2014/apr/13/archaelogists-find-rome-century-older-than-thought
2014-04-14,02:37:53,22xp90,3216,Ukraine says it can prove that Russia coordinated weekend attacks,kyivpost.com,http://www.kyivpost.com/content/ukraine/ukraine-says-it-can-prove-that-russia-coordinated-weekend-attacks-343316.html
2014-04-14,06:07:18,22y7vz,2912,"Glow-in-the-dark roads make debut in Netherlands -- They look beautiful, but they could also save a lot on streetlight power. The glow lasts up to eight hours once powered throughout the day.",arstechnica.com,http://arstechnica.com/business/2014/04/glow-in-the-dark-roads-make-debut-in-netherlands/
2014-04-14,19:20:06,22zryg,1921,"3 EU Countries Back Ukraine's Use of Force - Sweden, Lithuania, & Luxembourg explicitly back Ukraine’s right to use force against pro-Russian separatists.",euobserver.com,http://euobserver.com/foreign/123846
2014-04-14,10:10:08,22yt6x,1823,"Russian TV Propagandists Caught Red-Handed: Same Guy, Three Different People (Spy, Bystander, Heroic Surgeon)",forbes.com,http://www.forbes.com/sites/paulroderickgregory/2014/04/12/russian-tv-caught-red-handed-same-guy-same-demonstration-but-three-different-people-spy-bystander-heroic-surgeon/??
2014-04-14,21:39:26,22zzd1,1738,"Russia has ~65,000 troops bordering the rest of Ukraine; 40,000 on the Russian Border, 25,000 in Crimea. This is in addition to ""pro-Russian"" armed protesters already in Ukraine; Russia said attempts to expel those pro-Russian forces are ""criminal"" and warned it would ""protect Russian-speakers"".",telegraph.co.uk,http://www.telegraph.co.uk/news/worldnews/europe/ukraine/10764521/Ukraine-crisis-UN-meeting-told-Russia-is-massing-40000-troops-on-the-border.html
2014-04-14,23:02:49,2305ne,1529,"‘This is war,’ Ukraine declares as mob ignores ultimatum to surrender, takes police chief prisoner",news.nationalpost.com,http://news.nationalpost.com/2014/04/14/this-is-war-ukraine-declares-as-pro-russian-mob-ignores-ultimatum-to-surrender-captures-police-chief/
2014-04-14,15:06:25,22zgjo,1455,Hong Kong women 'being kept in slave-like conditions in Sydney brothels',scmp.com,http://www.scmp.com/news/hong-kong/article/1479269/hong-kong-women-slave-conditions-sydney-brothels-reports-say
2014-04-14,10:02:43,22yskt,1064,"World’s Highest Minimum Wage on Ballot in Switzerland: The Swiss will vote in a national referendum May 18 on whether to create a minimum wage of 22 francs ($25) per hour, or 4,000 francs a month",bloomberg.com,http://www.bloomberg.com/news/2014-04-13/world-leading-25-hourly-wage-floor-roils-swiss-businesses-jobs.html
2014-04-14,01:41:16,22xke0,971,Israel demolishes Bedouin village for 68th time | Palestine,worldbulletin.net,http://www.worldbulletin.net/palestine/133374/israel-demolishes-bedouin-village-for-68th-time
2014-04-14,11:13:36,22yyvj,956,Anti-Kremlin protest draws thousands in Moscow,news.yahoo.com,http://news.yahoo.com/anti-kremlin-protest-draws-thousands-moscow-160257721.html
2014-04-14,11:40:49,22z1c2,843,"Ukraine Forces Storm a Town, Defying Russia",nytimes.com,http://www.nytimes.com/2014/04/14/world/europe/ukraine-forces-and-pro-russian-militants-battle-over-local-police-station.html?smid=re-share
2014-04-14,06:50:25,22ybsm,797,White House Warns Russia Not to Invade as Biden Plans Ukraine Trip,abcnews.go.com,http://abcnews.go.com/blogs/politics/2014/04/white-house-warns-russia-not-to-invade-as-biden-plans-ukraine-trip/
2014-04-14,20:21:21,22zus8,633,"Russia prepared to let tanks roll across borders - German minister: German Vice Chancellor Sigmar Gabriel warned on Monday of an escalation of the crisis in Ukraine, saying ""Russia was clearly prepared to allow tanks to roll across European borders"".",reuters.com,http://www.reuters.com/article/2014/04/14/uk-ukraine-crisis-gabriel-idUKBREA3D0LA20140414
2014-04-14,08:43:04,22ylfq,500,"UN scientists: The world needs to triple the energy it gets from renewables, nuclear reactors, and power plants that use emissions-capture technology to avoid dangerous levels of global warming",businessweek.com,http://www.businessweek.com/news/2014-04-13/renewables-nuclear-should-triple-to-save-climate-un-panel-says
2014-04-14,07:52:58,22yh3v,442,World must end 'dirty' fuel use.,bbc.com,http://www.bbc.com/news/science-environment-27008352
2014-04-14,10:29:27,22yuvz,429,Biggest drug bust in Saudi Arabian History: $267 million US dollars worth of amphetamine. (other source with pictures in comments),reuters.com,http://www.reuters.com/article/2014/04/13/us-saudi-drugs-idUSBREA3C0EH20140413
2014-04-14,19:43:51,22zszs,345,Japan says it's not decided on whaling in Southern Ocean next year - Tokyo “deeply disappointed” UN declared its whaling a commercial activity disguised as science. Has filed US court briefs saying it intends to hunt whales 2015-16 with new research program.,japantoday.com,http://www.japantoday.com/category/national/view/japan-says-it-has-made-no-decision-on-2015-16-whaling
2014-04-14,13:26:35,22z9yy,309,U.S. Troops May be Sent to Eastern Europe,onewayjapan.com,http://www.OneWayJapan.com/News%20-%20World%20News/2014/15%20-%20U.S.%20Troops%20May%20be%20Sent%20to%20Eastern%20Europe.html
2014-04-14,02:10:14,22xmuz,232,Ukraine to fight pro-Russia forces,bbc.com,http://www.bbc.com/news/world-europe-27011605
2014-04-14,02:02:12,22xm5k,203,"The UK, Poland, and Sweden have proposed sending an EU police mission to Ukraine to build up its law enforcement bodies",euobserver.com,http://euobserver.com/justice/123816
2014-04-14,10:41:09,22yvyy,180,Nigeria: Boko Haram kills at least 60 in new atrocity,enca.com,http://www.enca.com/africa/least-60-people-killed-boko-haram-northern-nigeria-0
2014-04-14,18:22:21,22zplo,170,President of Ukraine Turchynov offers to hold referendum on status of Ukraine,reuters.com,http://reuters.com/article/idUSBREA3D0EW20140414?irpc=932
2014-04-14,19:54:07,22ztgk,137,"Police in China sieze tens of thousands of illegal guns and knives, in what state media say is the largest-ever haul of its kind.",bbc.com,http://www.bbc.com/news/world-asia-china-27018383
2014-04-14,11:10:39,22yylj,133,"China Intensifies Crackdown on Online Porn: Dubbed ""Cleaning the Web 2014"", the campaign involves thoroughly checking websites, mobile app stores, search engines, set-top boxes and Internet TV USB sticks to ensure these do not contain nor promote pornography, the country's anti-porn agency said",chinatopix.com,http://www.chinatopix.com/articles/1748/20140413/china-intensifies-crackdown-online-porn.htm
2014-04-14,11:42:46,22z1i1,105,Deadly Virus's Spread Raises Alarms in Mideast,online.wsj.com,http://online.wsj.com/article/BT-CO-20140413-701881.html
2014-04-14,16:41:10,22zlc8,98,Israel’s chief peace negotiator; some in Israel govt ‘don’t want peace’,english.alarabiya.net,http://english.alarabiya.net/en/News/middle-east/2014/04/14/Livni-some-in-Israel-govt-don-t-want-peace-.html
2014-04-14,02:19:51,22xnpn,89,Belarusian President Lukashenko: Ukraine’s federalization will split and destroy the Ukrainian state,en.itar-tass.com,http://en.itar-tass.com/world/727600
2014-04-14,03:51:31,22xvml,67,"Israel set to legalize West Bank outpost, taking over private Palestinian land",haaretz.com,http://www.haaretz.com/news/national/.premium-1.585377
2014-04-14,10:19:04,22yty2,63,UN Council meeting underway over heightened Ukraine tensions,abcnews.go.com,http://abcnews.go.com/US/wireStory/security-council-meet-sunday-ukraine-23310842
