2014-08-17,18:31:12,2dsfe0,11824,39 Endangered African Vultures Killed by Poison - Now more endangered than rhinos. The scavengers are hated by poachers since they alert rangers to their presence. Poachers lace kills with ­poisons so birds die before they can take to skies again.,scotsman.com,http://www.scotsman.com/news/environment/39-endangered-african-vultures-killed-by-poison-1-3511515
2014-08-17,05:21:51,2dqvi8,18141,Sweden celebrates 200 years of peace,thelocal.se,http://www.thelocal.se/20140815/sweden-celebrates-200-years-of-peace
2014-08-17,05:19:09,2dqv9e,3887,US-backed Kurds retake Mosul dam from ISIS.,france24.com,http://www.france24.com/en/20140816-us-backed-kurds-fight-islamists-iraq-mosul-dam/
2014-08-17,15:49:13,2ds7y2,1970,Ebola patients flee from Liberian isolation centre,frontpageafricaonline.com,http://frontpageafricaonline.com/index.php/politic/2679-danger-lurks-in-monrovia-21-ebola-patients-flee-west-point-isolation
2014-08-17,21:19:01,2dsmnb,1287,"Unprecedented - the United Nations has declared four of the world's humanitarian crises ""Level 3,"" the UN's highest designation - Iraq, South Sudan, Syria, and the Central African Republic.",thecable.foreignpolicy.com,http://thecable.foreignpolicy.com/posts/2014/08/15/countries_in_crisis_at_record_high_humanitarian_emergencies
2014-08-17,15:55:03,2ds89e,1046,"Islamic State militants could grow strong enough to target people on the streets of Britain unless action is taken, David Cameron has warned.",bbc.com,http://www.bbc.com/news/uk-28823281
2014-08-17,00:03:13,2dq3zk,976,'ISIS want to impregnate Yazidi women and smash our blond bloodline': Fears are growing for the 300 Yazidi women reportedly kidnapped by Islamic State fighters last week amid claims they would be used to bear children to break up the ancient sect's bloodline.,dailymail.co.uk,http://www.dailymail.co.uk/news/article-2724658/Were-not-leaving-Yazidis-refusing-come-mountain-300-women-stolen-ISIS-impregnated-smash-blond-bloodline.html
2014-08-17,20:28:45,2dsk88,912,Ukraine recognizes Russian cargo as humanitarian aid for war-weary civilians in the eastern part of the country,cnn.com,http://www.cnn.com/2014/08/17/world/europe/ukraine-crisis/
2014-08-17,22:48:31,2dsrqk,701,Scotland Independence: Yes vote advancing despite currency fears,scotsman.com,http://www.scotsman.com/news/politics/top-stories/yes-vote-advancing-despite-currency-fears-poll-1-3511982
2014-08-17,20:22:27,2dsjzr,628,US: No Confirmation on Reports Russian Military Entered Ukraine - The White House says it cannot confirm reports that Ukrainian troops destroyed a Russian military convoy that had allegedly crossed into eastern Ukraine.,voanews.com,http://www.voanews.com/content/ukraine-russia-military-convoy/2414222.html
2014-08-17,00:04:53,2dq446,485,Iraq Sunni tribes take up arms against jihadists,dailystar.com.lb,http://www.dailystar.com.lb/News/Middle-East/2014/Aug-15/267383-iraq-sunni-tribes-take-up-arms-against-jihadists.ashx#axzz3AYtlFPrJ
2014-08-17,04:59:45,2dqte4,448,Hamas: Israel Will ‘Face a Long War’ If Palestinian Demands Not Met,time.com,http://time.com/3126172/hamas-israel-cairo-palestinian-osama-hamdan/
2014-08-17,19:26:31,2dshm3,441,Ukrainian fighter jet shot down,bbc.co.uk,http://www.bbc.co.uk/news/world-europe-28825307
2014-08-17,08:48:01,2drd78,400,"One of Iceland's biggest and most dangerous volcanoes, Bárðarbunga, could be waking up from a long sleep.",en.vedur.is,http://en.vedur.is/about-imo/news/nr/2936
2014-08-17,00:44:34,2dq7a6,392,"Illegal immigrants discovered in shipping container, one dead: A total of 35 people, including seven children were found severely dehydrated and hypothermic inside a container on docks near to London.",nydailynews.com,http://www.nydailynews.com/news/world/illegal-immigrants-found-shipping-container-dead-article-1.1905666
2014-08-17,12:47:09,2drvwe,382,Islamic State Commander Says Turkey Instrumental in ‘Success’,asbarez.com,http://asbarez.com/125972/islamic-state-commander-says-turkey-instrumental-in-%E2%80%98success%E2%80%99/
2014-08-17,22:28:12,2dsqhd,338,"Senior official: Israel has lifted ban on Gaza fishing zone, allowed fisherman to go out 3 miles from shore",haaretz.com,http://www.haaretz.com/news/diplomacy-defense/1.610913
2014-08-17,02:57:53,2dqj01,312,"Islamic State executes 700 members of Syrian tribe, mostly civilians - report — RT News",rt.com,http://rt.com/news/180832-islamic-state-executes-tribe/#.U--bjx5Xj4E.reddit
2014-08-17,04:44:04,2dqs11,306,"The Islamic State group has executed 700 members of a tribe it has been battling in eastern Syria during the past two weeks, the majority of them civilians. The killing spree happened in several villages of Sheitat in Deir Ezzor province, where the al-Sheitat tribe are from.",aljazeera.com,http://www.aljazeera.com/news/middleeast/2014/08/islamic-state-group-executes-700-syria-2014816123945662121.html
2014-08-17,01:25:01,2dqatd,289,Ukraine Plays Down Significance of Destruction of Russian Military Convoy,online.wsj.com,http://online.wsj.com/articles/ukraine-russia-seek-to-ease-tension-over-convoy-1408201146?tesla=y&mg=reno64-wsj&url=http://online.wsj.com/article/SB10001424052702304414104580095501591135006.html
2014-08-17,09:12:21,2drf7z,281,"Human Rights Watch: Egypt likely committed ""crimes against humanity"" in 2013 protest dispersal that killed 1,150 in one day",hrw.org,http://www.hrw.org/news/2014/08/12/egypt-rab-killings-likely-crimes-against-humanity
2014-08-17,21:42:52,2dsnw6,280,Rhinos airlifted to safety: South Africa to evacuate up to 500 animals from poaching hotspot including endangered black rhino,dailymail.co.uk,http://www.dailymail.co.uk/news/article-2725873/Rhinos-airlifted-safety-South-Africa-evacuate-500-animals-poaching-hotspot-including-endangered-black-rhino.html
2014-08-17,05:32:21,2dqwfz,276,Scottish independence: Australian PM Tony Abbott's comments 'offensive',bbc.co.uk,http://www.bbc.co.uk/news/uk-scotland-scotland-politics-28814936
2014-08-17,07:28:09,2dr6i1,234,Tony Abbott brands almost half of the Scottish population as 'Enemies Of Freedom',newmatilda.com,https://newmatilda.com/2014/08/16/abbott-brands-almost-half-scottish-population-enemies-freedom
2014-08-17,03:59:35,2dqok5,214,Pro-peace rally held in Tel Aviv amid Gaza truce talks,haaretz.com,http://www.haaretz.com/news/national/1.610850
2014-08-17,16:10:03,2ds916,205,"Africa's Population Could Hit 4 Billion By 2100, Says UNICEF",dailytimes.com.ng,http://www.dailytimes.com.ng/article/africas-population-could-hit-4-billion-2100-says-unicef
2014-08-17,14:00:51,2ds1fg,197,Greenland Glaciers Collapsing much Faster than Thought,juancole.com,http://www.juancole.com/2014/08/greenland-glaciers-collapsing.html?utm_source=dlvr.it&utm_medium=twitter
2014-08-17,18:47:19,2dsg10,175,Right Sector threatens armed march on Kiev unless police stops investigating their crimes,rt.com,http://rt.com/news/180876-nationalists-threaten-kiev-raid/
2014-08-17,22:45:52,2dsrkf,176,"Swedish Prime Minister asks Swedes to ""open their hearts"" to the refugees of the world",thelocal.se,http://www.thelocal.se/20140816/reinfeldt-calls-for-tolerance-to-refugees
2014-08-17,01:20:32,2dqafs,153,Nigeria quits Youth Olympics over Ebola,english.irib.ir,http://english.irib.ir/news/world/africa/item/194063-nigeria-quits-youth-olympics-over-ebola
