2014-07-18,22:22:12,2b1lmd,27609,The World Health Organization calls for the decriminalization of drug use,tdpf.org.uk,http://www.tdpf.org.uk/blog/world-health-organization-calls-decriminalisation-drug-use
2014-07-18,00:14:11,2ayjwz,40527,Malaysian Plane crashes over the Ukraine,translate.google.com,https://translate.google.com/translate?sl=auto&tl=en&js=y&prev=_t&hl=en&ie=UTF-8&u=http%3A%2F%2Fwww.focus.de%2Freisen%2Fflug%2Funglueck-malaysisches-passagierflugzeug-stuerzt-ueber-ukraine-ab_id_3998909.html&edit-text=
2014-07-18,04:37:37,2azcq2,29101,Israel Ground Invasion of Gaza has Begun,jpost.com,http://www.jpost.com/Operation-Protective-Edge/IDF-intensifies-Gaza-attacks-with-artillery-fire-air-strikes-363289
2014-07-18,17:52:44,2b16kz,16077,"As Putin blames Ukraine for MH17 tragedy, video emerges 'showing BUK missile launcher being driven into place'",standard.co.uk,http://www.standard.co.uk/news/world/malaysia-airlines-mh17-shot-down-tragedy-deaths-buk-missile-launcher-video-putin-russia-ukraine-obama-brits-dead-9613730.html
2014-07-18,05:31:32,2azir9,8080,US Intelligence Confirms Surface to Air Missile downed Malaysian Airplane,stream.wsj.com,http://stream.wsj.com/story/malaysia-airlines-crash-in-ukraine/SS-2-581200/SS-2-581517/?mod=wsj_streaming_malaysia-airlines-crash-in-ukraine
2014-07-18,19:55:34,2b1cke,6707,Dutch Senator killed in Malaysia Airlines crash,nos.nl,http://nos.nl/artikel/676365-pvdasenator-omgekomen-bij-crash.html
2014-07-18,21:27:56,2b1hrk,5958,Russia Today London correspondent resigns in protest at 'disrespect for facts' over Malaysian plane crash,pressgazette.co.uk,http://www.pressgazette.co.uk/russia-today-london-correspondent-resigns-protest-disrespect-facts-over-malaysian-plane-crash
2014-07-18,17:59:24,2b16x5,6186,Family suffers tragedy twice. Kaylene Mann lost her brother Rod Burrows and her sister-in-law Mary with MH370 and her step-daughter Maree Rizk and her husband Albert were among the Australians on flight MH17.,smh.com.au,http://www.smh.com.au/world/malaysia-airlines-flight-mh17-shot-down-over-ukraine-near-russian-border-20140718-3c4nl.html
2014-07-18,00:19:25,2aykgy,4528,Malaysian passenger plane crashes in Ukraine near Russian border [Reuters],reuters.com,http://www.reuters.com/article/2014/07/17/ukraine-crash-airplane-idUSL6N0PS57720140717
2014-07-18,08:27:22,2b00fi,3463,Hamas hacks Israeli TV sat channel to broadcast pics of Gaza wounded,theregister.co.uk,http://www.theregister.co.uk/2014/07/15/hamas_hack_israeli_sat_tv/
2014-07-18,07:19:25,2aztxp,2658,"154 Dutch nationals, 27 Australians, 23 Malaysian, 11 Indonesians, six British nationals, four Germans, four Belgians, three Filipinos and one Canadian were on board MH17. Nationality of remaining 47 still undetermined.",dutchnews.nl,http://www.dutchnews.nl/news/archives/2014/07/ukraine_air_disaster_leaves_29.php
2014-07-18,20:25:37,2b1e4p,3103,UN: 80 per cent of Palestinians killed in Israeli offensive are civilians,telegraph.co.uk,http://www.telegraph.co.uk/news/worldnews/middleeast/israel/10967279/UN-80-per-cent-of-Palestinians-killed-in-Israeli-offensive-are-civilians.html
2014-07-18,10:00:40,2b08w2,2076,"Leading AIDS researchers/activists, WHO spokesperson reportedly on board Malaysian flight",buzzfeed.com,http://www.buzzfeed.com/tasneemnashrulla/several-aboard-downed-malaysia-airlines-plane-were-headed-to
2014-07-18,10:58:48,2b0e5m,1929,MH17 death toll increased to 298 — 3 infants were on board,vox.com,http://www.vox.com/2014/7/17/5914055/mh17-death-toll-increased-to-298/in/5677250
2014-07-18,21:54:11,2b1jif,1156,"Germany is most energy efficient major economy, study finds",theguardian.com,http://www.theguardian.com/environment/2014/jul/18/germany-is-most-energy-efficient-major-economy-study-finds
2014-07-18,19:24:27,2b1b23,1077,U.S. Senate Doubles Funding for Israel's Iron Dome,thewire.com,http://www.thewire.com/global/2014/07/us-senate-doubles-funding-for-israels-iron-dome/374473/
2014-07-18,19:41:45,2b1bve,839,"City workers in Seoul will be allowed an hour a day to nap during the height of summer, in a bid to boost productivity. Anytime between 1pm and 6pm, as long as they make up for it by arriving early or leaving late. Employees can use lounges, conference rooms and other places to rest.",bbc.com,http://www.bbc.com/news/blogs-news-from-elsewhere-28364606
2014-07-18,00:38:18,2aymhq,788,BBC News - LIVE UPDATES: Malaysian Airlines MH17 Crashes in Eastern Ukraine by Russian Border,bbc.com,http://www.bbc.com/news/world-28354787
2014-07-18,03:57:43,2az8e4,721,Russian aircrafts violate Ukrainian air space 5 times during 24 hours,unian.info,http://www.unian.info/politics/940802-russian-aircrafts-violate-ukrainian-air-space-5-times-during-24-hours-sbs.html
2014-07-18,18:54:12,2b19lq,688,"- Two months after ordering 2,000 trains that were too wide, a French transport company orders 30 too-wide escalators, which will cost millions to replace.",france24.com,http://www.france24.com/en/20140715-paris-replace-wide-metro-escalators-costly-blunder-ratp-france/
2014-07-18,12:47:30,2b0no3,654,ISIS Threatens To Kill Creator of Muslim Superhero Comic Series The 99,digitalspy.com,http://www.digitalspy.com/comics/news/a584193/muslim-comic-creator-of-the-99-threatened-by-isis.html#~oK8SzqipiO1l6C
2014-07-18,12:45:53,2b0njp,508,"Boko Haram Jihadists Massacre 38 Christians During Attack On Village, Three Churches Burnt",enca.com,http://www.enca.com/38-killed-raid-nigerian-village
2014-07-18,07:56:29,2azxih,342,Putin's Statement on Ukraine Plane Crash,abcnews.go.com,http://abcnews.go.com/International/wireStory/putins-statement-ukraine-plane-crash-24610012
2014-07-18,09:24:17,2b05mg,309,Airline will not escape liability if act of war caused crash,nytimes.com,http://www.nytimes.com/2014/07/18/upshot/airline-will-not-escape-liability-if-act-of-war-caused-crash.html
2014-07-18,06:26:13,2azole,300,Obama makes first remarks on plane crash in Ukraine,washingtonpost.com,http://www.washingtonpost.com/blogs/post-politics/wp/2014/07/17/obama-speaks-to-putin-after-expanding-sanctions-amid-reports-of-ukraine-plane-crash/
2014-07-18,04:40:44,2azd1j,203,Hamas has executed four Palestinian 'collaborators' since start of Gaza operation,jpost.com,http://www.jpost.com/Breaking-News/Hamas-has-executed-four-Palestinian-collaborators-since-start-of-Gaza-operation-363286
2014-07-18,14:42:20,2b0w6r,198,"A new round of sanctions by the United States targets Russia’s financial, energy and defense sectors.The Executive Order signed on Wednesday by President Obama is being called ”evil” by Prime Minister Medvedev, and bans the sale of all Russian-made AK-47 semi-automatic rifles",shtfplan.com,http://www.shtfplan.com/headline-news/obama-executive-order-bans-sale-and-importation-of-ak-47-rifles_07172014
2014-07-18,14:30:58,2b0vei,193,Hundreds of thousands of people in Gaza are now without water.,blogs.icrc.org,http://blogs.icrc.org/ilot/2014/07/15/gaza-water-in-the-line-of-fire/
2014-07-18,21:25:48,2b1hmo,184,Netherlands mourns its 173 dead after Malaysian plane disaster,euronews.com,http://www.euronews.com/2014/07/18/netherlands-mourns-its-173-dead-after-malaysian-plane-disaster/
2014-07-18,14:46:09,2b0wfo,165,CNN Reporter Deletes Tweet Calling Israelis Cheering Missile Strikes ‘Scum’,mediaite.com,http://www.mediaite.com/tv/cnn-reporter-deletes-tweet-calling-israelis-cheering-missile-strikes-scum/
