2014-02-25,21:20:27,1yw0oi,1474,Russia Says It Will Keep Out of Ukrainian Affairs,en.ria.ru,http://en.ria.ru/world/20140225/187880397/Russia-Says-It-Will-Keep-Out-of-Ukrainian-Affairs.html
2014-02-25,11:30:24,1yuyaw,1413,"Ukraine protester falls for policeman at barricades, offered live TV interview about romance, instead rants about corruption in the TV station and shames them with pictures of her dead friends. ""It is true that I fell in love with the policeman that I met, but I'm going to tell you another story...""",nzherald.co.nz,http://www.nzherald.co.nz/world/news/article.cfm?c_id=2&objectid=11209528
2014-02-25,00:46:14,1yt0qz,1028,Was Apple security ‘flaw’ actually an NSA backdoor?,rawstory.com,http://www.rawstory.com/rs/2014/02/24/speculation-emerges-apple-security-flaw-may-be-tied-to-nsa-spying/
2014-02-25,05:44:43,1ytx0x,971,Turkish main opposition convenes over Erdoğan's voice recording regarding $1 billion cash stored in several properties of Erdoğan family.,todayszaman.com,http://www.todayszaman.com/news-340365-turkish-main-opposition-convenes-over-erdogans-voice-recording.html
2014-02-25,12:53:06,1yv6j1,908,"Mt. Gox is dead: Rumors swirl over insolvency of Japan-based Bitcoin exchange as leaked documents show $375 million worth of Bitcoin was stolen from ""cold storage"" accounts",mattvukas.com,http://mattvukas.com/2014/02/24/breaking-mt-gox-dead-long-live-mt-gox/
2014-02-25,03:11:18,1ytg25,782,HSBC hands allowances to hundreds of bankers to avoid EU bonus cap | Britain's biggest bank awards staff 'fixed pay allowances' to side-step restriction on bonuses imposed by Brussels.,theguardian.com,http://www.theguardian.com/business/2014/feb/24/hsbc-bankers-multimillion-pound-eu-bonus-cap
2014-02-25,21:54:32,1yw2zn,771,"Pirate Bay teams up with Sweden’s Lund University and becomes ""Research Bay""",torrentfreak.com,http://torrentfreak.com/pirate-bay-teams-lund-university-becomes-research-bay-140225/
2014-02-25,03:04:47,1ytfge,752,UK: The family of a soldier who was found hanged after claiming she had been raped and bullied have said they fear a possible cover-up by the Ministry of Defence (MoD) after about 1400 new documents emerged on the day the inquest into her death was due to conclude.,theguardian.com,http://www.theguardian.com/uk-news/2014/feb/24/anne-marie-ellement-rape-claim-inquest-evidence-found
2014-02-25,00:28:02,1ysyva,734,"Brazil, Europe plan undersea cable to skirt U.S. spying",news.yahoo.com,http://news.yahoo.com/brazil-presses-eu-undersea-cable-skirt-u-links-115123537--finance.html;_ylt=AwrTWfz.cAtT4nwACq3QtDMD
2014-02-25,20:58:16,1yvz9n,670,The NSA Has Set Up Shop at the US Embassy in Mexico,vice.com,http://www.vice.com/read/the-nsa-has-set-up-shop-at-the-us-embassy-in-mexico
2014-02-25,20:57:52,1yvz8t,589,"China banned outdoor school sports and cookouts as it grappled with a fourth straight day of thick, choking smog, a pollution problem that a recent report says makes Beijing ""barely suitable"" for living",usatoday.com,http://www.usatoday.com/story/news/world/2014/02/24/china-pollution-smog/5781919/
2014-02-25,21:53:03,1yw2vx,429,"Bitcoin exchange Mt. Gox disappears. ""Website down, it's founder unaccounted for, and a Tokyo office empty""",reuters.com,http://www.reuters.com/article/2014/02/25/us-mtgox-website-idUSBREA1O07920140225
2014-02-25,20:02:46,1yvw19,324,Mass arrest of protesters at rallies in Russia,bbc.co.uk,http://www.bbc.co.uk/news/world-europe-26337693
2014-02-25,22:13:09,1yw4gf,208,Ukraine votes to send Yanukovych to The Hague to face trial,theguardian.com,http://www.theguardian.com/world/2014/feb/25/ukraine-president-yanukovych-hague-trial
2014-02-25,12:14:12,1yv2qo,205,"Iraq signs arms deal with Iran - Deal to buy arms and ammunition worth $195m violates UN arms embargo on Iran, Reuters news agency says",aljazeera.com,http://www.aljazeera.com/news/middleeast/2014/02/reports-iraq-signs-arms-deal-with-iran-2014224203431264275.html
2014-02-25,21:09:10,1yvzx1,197,Turkish opposition calls for Erdogan to be investigated for corruption,theguardian.com,http://www.theguardian.com/world/2014/feb/25/recep-tayyip-erdogan-investigated-corruption-turkey
2014-02-25,00:09:46,1ysx12,192,Brunei: 19 Islamic words banned for non-Muslims,thesundaily.my,http://www.thesundaily.my/news/966131
2014-02-25,22:30:24,1yw5vn,171,Seven Egyptian Christians found dead near Benghazi,bbc.co.uk,http://www.bbc.co.uk/news/world-africa-26327037
2014-02-25,05:08:21,1ytsxo,164,Developing: Israel shells Hezbollah post in east Lebanon,dailystar.com.lb,http://www.dailystar.com.lb/News/Lebanon-News/2014/Feb-24/248400-israel-shells-hezbollah-post-in-east-lebanon-security-source.ashx
2014-02-25,16:28:31,1yvm3q,152,Biggest meteor ever recorded hits Moon (VIDEO),rt.com,http://rt.com/news/biggest-meteor-impact-moon-549/
2014-02-25,16:59:56,1yvnk4,134,"After anti-gay law is signed, Uganda tabloid publishes list of the country's 'top' homosexuals",foxnews.com,http://www.foxnews.com/world/2014/02/25/after-anti-gay-law-is-signed-uganda-tabloid-publishes-list-country-top/
2014-02-25,22:33:41,1yw67n,134,Rebekah Brooks 'did not know hacking was illegal',bbc.co.uk,http://www.bbc.co.uk/news/uk-26337845
2014-02-25,07:17:19,1yu6z0,131,Erdogan Resignation Demanded by Turkish Opposition Over Tape,bloomberg.com,http://www.bloomberg.com/news/2014-02-24/erdogan-resignation-demanded-by-turkish-opposition-over-tape.html
2014-02-25,07:59:36,1yubjo,123,"Yanukovych was planning harsh clampdown, leak reveals",theglobeandmail.com,http://www.theglobeandmail.com/news/world/yanukovych-was-planning-harsh-clampdown-leak-reveals/article17073307/
2014-02-25,22:11:29,1yw4aj,123,Australian Federal Election Fraud. Police investigate multiple votes in 2013 federal election; one person voted 15 times.,news.com.au,http://www.news.com.au/national/police-investigate-multiple-votes-in-2013-federal-election-one-person-voted-15-times/story-fncynjr2-1226837745213
2014-02-25,07:21:36,1yu7g3,103,Malaria 'master switch' discovered,skynews.com.au,http://www.skynews.com.au/health/article.aspx?id=953137
2014-02-25,21:44:06,1yw28t,95,Nigerian Islamists Kill 29 Pupils in Boarding School Attack,nytimes.com,http://www.nytimes.com/reuters/2014/02/25/world/africa/25reuters-nigeria-violence.html?referrer=
2014-02-25,23:12:33,1yw9kx,87,Informants who helped US catch drug lords say rewards have not been paid,theguardian.com,http://www.theguardian.com/world/2014/feb/25/informants-us-catch-drug-lords-rewards-not-paid
2014-02-25,04:26:02,1yto8b,86,"Exclusive: Iraq signs deal to buy arms, ammunition from Iran - document | Reuters",reuters.com,http://www.reuters.com/article/2014/02/24/us-iraq-iran-arms-idUSBREA1N10D20140224?feedType=RSS&feedName=topNews&rpc=71&google_editors_picks=true
2014-02-25,03:15:00,1ytggv,74,"A company working to access NHS prescription data on behalf of pharmaceutical firms attempted to sign a gentlemen's agreement last year for access to the new central database of medical information on every patient in England, the Guardian has discovered.",theguardian.com,http://www.theguardian.com/society/2014/feb/24/drug-makers-patient-records-database
