2014-08-06,12:26:27,2cr5b3,12373,"Indonesia, the largest Muslim country in the world, has banned the support and endorsement of ISIS",thejakartapost.com,http://www.thejakartapost.com/news/2014/08/05/govt-bans-support-endorsement-isil.html
2014-08-06,04:46:18,2cpur8,8686,Italy expels imam for preaching hatred against Jews,washingtonpost.com,http://www.washingtonpost.com/national/religion/italy-expels-imam-for-preaching-hatred-against-jews/2014/08/05/564cc366-1cd1-11e4-9b6c-12e30cbe86a3_story.html
2014-08-06,06:30:19,2cq6py,4935,US officials say someone else is leaking documents in the wake of Snowden,cnn.com,http://www.cnn.com/2014/08/05/politics/u-s-new-leaker/index.html?hpt=hp_t1
2014-08-06,19:09:13,2crwox,3415,Germany blocks the delivery of military parts to Russia,nytimes.com,http://www.nytimes.com/2014/08/05/world/europe/germany-blocks-delivery-of-military-parts-to-russia.html?rref=world/europe&module=Ribbon&version=context&region=Header&action=click&contentCollection=Europe&pgtype=article
2014-08-06,07:37:24,2cqdyh,6363,Canadians Can’t Drink Their Water After 1.3 Billion Gallons Of Mining Waste Flows Into Rivers,thinkprogress.org,http://thinkprogress.org/climate/2014/08/05/3467611/bc-water-tailings-pond-breach/
2014-08-06,07:45:45,2cqet7,2532,Outrage in Saudi Arabia at appearance of female newsreader without headscarf on state television,timesofindia.indiatimes.com,http://timesofindia.indiatimes.com/world/middle-east/Outrage-in-Saudi-Arabia-at-appearance-of-female-newsreader-without-headscarf-on-state-television/articleshow/39695505.cms
2014-08-06,19:28:40,2crxqx,2470,Wikipedia has revealed that more than 50 links to content on its website have been removed from Google's search results under the controversial Right to be Forgotten ruling,ibtimes.co.uk,http://www.ibtimes.co.uk/google-removes-more-50-links-wikipedia-content-1459980
2014-08-06,03:48:24,2cpoig,1882,Angry Palestinians Attack Hamas Official Over Gaza Destruction,israelnationalnews.com,http://www.israelnationalnews.com/News/News.aspx/183741
2014-08-06,21:53:45,2cs78o,1831,NATO says Russia could be poised to invade Ukraine,news.yahoo.com,http://news.yahoo.com/nato-says-russia-could-poised-invade-ukraine-111133173.html
2014-08-06,22:09:52,2cs8jb,1769,"Iraqi children die as ISIS targets Yazidi minority. Lawmaker Vian Dakhil, the only MP representing the Yazidi minority in Iraq's Parliament, said in an impassioned speech that 70 Yazidi children had died so far, that women were being killed or sold into slavery and that 500 men had been slaughtered.",cnn.com,http://www.cnn.com/2014/08/06/world/meast/iraq-crisis-minority-persecution/index.html?hpt=hp_t2
2014-08-06,13:32:23,2crb2b,1332,Member of Iraqi Parliament breaks down in tears: ISIL is exterminating my people (translation included),aina.org,http://www.aina.org/news/20140805220106.htm
2014-08-06,19:13:25,2crwxg,1203,Ebola outbreak: British experts urge US and WHO to ‘give Africans experimental cure’.,independent.co.uk,http://www.independent.co.uk/news/world/africa/ebola-outbreak-british-experts-urge-us-and-who-to-give-africans-experimental-cure-9650937.html
2014-08-06,01:01:27,2cp5iz,1197,"A US 2-star Major General was killed and 15 other soldiers, including a German Brigadier General, were wounded in an attack at a military academy in Afghanistan today. The major general would be the highest-ranking member of the U.S. military to die in hostilities in Afghanistan.",time.com,http://time.com/3082714/afghanistan-major-general-insider-attack/
2014-08-06,17:10:09,2crqby,949,Rosetta satellite set to land on comet after 10 years LIVE,bbc.com,http://www.bbc.com/news/science-environment-28640787
2014-08-06,01:45:46,2cpagw,691,"North Korea plans to fire missiles at White House, Pentagon if US-South Korea continue military exercises",pangeatoday.com,http://www.pangeatoday.com/north-korea-says-us-south-korea-military-exercise-is-war/?orderBy=popular
2014-08-06,22:55:42,2csckc,684,"Peru’s New Cocaine - Illegal gold mining—farmers digging up ore & selling it on the black market, so that it may eventually end up wrapped around your fiancée’s finger—is a major cause of rain forest depletion. It has devastated nearly 370,000 acres of the Peruvian Amazon.",vice.com,http://www.vice.com/read/perus-new-cocaine-0000404-v21n8
2014-08-06,08:39:07,2cqjyz,595,"France 24 Reporter Reveals Hamas Rocket Launcher Fired Near Civilians, United Nations Facility and Reporters",algemeiner.com,http://www.algemeiner.com/2014/08/05/france-24-reporter-reveals-hamas-rocket-launcher-fired-near-civilians-united-nations-facility-and-reporters-video/
2014-08-06,00:10:40,2cozz7,570,Women's engineering colleges in India are closing. Women prefer co-ed colleges because they believe working alongside men improves their job prospects,pangeatoday.com,http://www.pangeatoday.com/womens-engineering-colleges-close-students-prefer-co-ed/?orderBy=popular
2014-08-06,03:27:57,2cpma3,569,ISIS commander killed in Lebanon clashes,dailystar.com.lb,http://www.dailystar.com.lb/News/Lebanon-News/2014/Aug-05/266148-isis-commander-killed-in-arsal-clashes-report.ashx#axzz39Xim656j
2014-08-06,09:26:45,2cqojd,532,"Putin spends 300 billion roubles from public pension savings to plug fiscal holes, second year in a row",reuters.com,http://www.reuters.com/article/2014/08/05/russia-economy-idUSL6N0QB4IW20140805
2014-08-06,21:30:08,2cs5bj,467,"More than 400 children have been killed in Israel's assault on Gaza, and almost a thousand times as many are traumatized and face an ""extraordinarily bleak"" future, says top UNICEF official in Gaza",reuters.com,http://www.reuters.com/article/2014/08/05/us-mideast-gaza-unicef-idUSKBN0G51X320140805
2014-08-06,12:02:19,2cr35m,425,US spy plane photos reveal ‘groups of girls’ believed to be those kidnapped by Boko Haram from a Nigerian boarding school,news.com.au,http://www.news.com.au/world/us-spy-plane-photos-reveal-groups-of-girls-believed-to-be-those-kidnapped-by-boko-haram-from-a-nigerian-boarding-school/story-fndir2ev-1227015081337
2014-08-06,04:39:47,2cpu39,396,"Between 35,000-50,000 Yazidis are completely surrounded by ISIS militants in Sinjar, Iraq",aljazeera.com,http://www.aljazeera.com/news/middleeast/2014/08/iraqi-yazidis-if-move-they-will-kill-us-20148513656188206.html
2014-08-06,09:13:06,2cqn7n,391,Iraqi Yazidis stranded on isolated mountaintop begin to die of thirst.,washingtonpost.com,http://www.washingtonpost.com/world/iraqi-yazidis-stranded-on-isolated-mountaintop-begin-to-die-of-thirst/2014/08/05/57cca985-3396-41bd-8163-7a52e5e72064_story.html
2014-08-06,03:29:45,2cpmhd,372,Leader in murder of Israeli teens arrested,ynetnews.com,"http://www.ynetnews.com/articles/0,7340,L-4555426,00.html"
2014-08-06,01:37:55,2cp9kw,341,'Right to be forgotten' debate heats up as censorship hits Wikipedia,dailydot.com,http://www.dailydot.com/politics/eu-wikipedia-right-to-be-forgotten/
2014-08-06,22:45:07,2csbly,323,Emergency World Health Organization summit on Ebola in Geneva. Ebola could be declared global emergency,bbc.com,http://www.bbc.com/news/health-28670545
2014-08-06,04:16:01,2cprjl,268,SuperValu (Ireland's largest grocery and food distributor) boycotts Israeli products,herald.ie,http://www.herald.ie/news/supervalu-boycotts-israeli-products-30483160.html
2014-08-06,02:33:44,2cpg15,252,"Almost 730,000 leave Ukraine for Russia due to conflict: UNHCR",dailytimes.com.pk,http://www.dailytimes.com.pk/foreign/05-Aug-2014/almost-730-000-leave-ukraine-for-russia-due-to-conflict-unhcr
2014-08-06,18:16:14,2crtv5,212,Europes 4th largest economy Italy unexpectedly slides back into recession,cnbc.com,http://www.cnbc.com/id/101898010#.
