2014-08-10,05:42:55,2d3g00,12895,NSA Tried To Delete Court Transcript In Lawsuit Over Deleting Evidence,news.yahoo.com,http://news.yahoo.com/nsa-tried-delete-court-transcript-lawsuit-over-deleting-162014074.html
2014-08-10,20:57:41,2d53ye,9730,Iraqi Militants Execute 500: Some Buried Alive,news.sky.com,http://news.sky.com/story/1316257/iraqi-militants-execute-500-some-buried-alive
2014-08-10,17:32:48,2d4vah,2075,Poland asks US to import apples banned by Russia,news.yahoo.com,http://news.yahoo.com/poland-asks-us-import-apples-banned-russia-135221139.html
2014-08-10,23:06:36,2d5b74,1344,Ebola Patient Zero Was A Toddler,nytimes.com,http://www.nytimes.com/2014/08/10/world/africa/tracing-ebolas-breakout-to-an-african-2-year-old.html?hp&action=click&pgtype=Homepage&version=LargeMediaHeadlineSum&module=photo-spot-region&region=photo-spot&WT.nav=photo-spot&_r=0
2014-08-10,23:37:09,2d5df8,1334,Pope Francis: ISIS Brutality In Iraq 'Offends God And Deeply Offends Humanity',businessinsider.com,http://www.businessinsider.com/pope-francis-isis-brutality-in-iraq-offends-god-and-deeply-offends-humanity-2014-8
2014-08-10,03:23:42,2d33qf,1252,Sunni And Shiite British Imams Denounce ISIS Together,huffingtonpost.com,http://www.huffingtonpost.com/2014/07/12/imams-denounce-isis_n_5579370.html
2014-08-10,23:59:37,2d5f3s,1113,Estonia's president accuses Switzerland of acting in its own self interest by not imposing sanctions against Russia and gaining an advantage for its banking sector,uk.news.yahoo.com,https://uk.news.yahoo.com/estonias-president-takes-aim-swiss-over-lack-russia-102123193--sector.html
2014-08-10,10:49:45,2d44v8,999,"Hamas Riddles Former Spokesman With Bullet Holes, Dumps Body at Hospital, Then Blames Israel for Death",algemeiner.com,http://www.algemeiner.com/2014/08/08/hamas-riddles-former-spokesman-with-bullet-holes-dumps-body-at-hospital-then-blames-israel-for-death/
2014-08-10,20:53:02,2d53pu,838,Wave of anti-Israel protests sweeps countries worldwide,israelhayom.com,http://www.israelhayom.com/site/newsletter_article.php?id=19357
2014-08-10,08:15:55,2d3ssv,631,Officials: U.S. airstrikes pound ISIS militants firing at Iraq's Yazidis,cnn.com,http://www.cnn.com/2014/08/09/world/meast/iraq-crisis/index.html?sr=reddit
2014-08-10,06:27:55,2d3jt6,431,"Ebola ""Attacks"" Kakata, a major trading center in Liberia; 11 hospital workers infected, 4 dead.",liberianobserver.com,http://www.liberianobserver.com/news/ebola-attacks-kakata-4-die-11-infected
2014-08-10,08:32:51,2d3u7h,403,U.S. urges India to step up as regional power,reuters.com,http://www.reuters.com/article/2014/08/09/us-india-usa-defence-idUSKBN0G90F320140809
2014-08-10,21:19:22,2d550k,397,Russia push into Ukraine 'unacceptable': Germany,thelocal.de,http://www.thelocal.de/20140810/russian-intervention-in-ukraine-unacceptable-germany-us?
2014-08-10,05:43:28,2d3g1w,353,Barack Obama pledges long-term campaign to fight Iraq's spreading jihadist crisis,theguardian.com,http://www.theguardian.com/world/2014/aug/09/obama-isis-northern-iraq-kurds-long-term-airdrops
2014-08-10,21:40:15,2d5642,342,Palestinians accept new 72-hour cease-fire offer,news.yahoo.com,http://news.yahoo.com/palestinians-accept-72-hour-cease-fire-offer-120700089.html
2014-08-10,21:27:05,2d55f8,304,"Ebola test negative for Brampton, Ont., man hospitalized after Nigeria trip",cbc.ca,http://www.cbc.ca/news/canada/toronto/ebola-test-negative-for-brampton-ont-man-hospitalized-after-nigeria-trip-1.2732481
2014-08-10,23:24:38,2d5chy,293,"Iraq War Created Isis, Concedes David Miliband",uk.news.yahoo.com,https://uk.news.yahoo.com/iraq-war-created-isis-concedes-david-miliband-111122567.html
2014-08-10,06:57:16,2d3m9e,282,"Fighters abandoning al-Qaeda affiliates to join Islamic State, U.S. officials say",washingtonpost.com,http://www.washingtonpost.com/world/national-security/fighters-abandoning-al-qaeda-affiliates-to-join-islamic-state-us-officials-say/2014/08/09/c5321d10-1f08-11e4-ae54-0cfe1f974f8a_story.html
2014-08-10,16:33:52,2d4seu,266,"Turks vote in 1st direct presidential election: Turks were voting in their first direct presidential election Sunday, a watershed event in the 91-year history of a country where the president was previously elected by Parliament.",sfgate.com,http://www.sfgate.com/news/world/article/Turks-vote-in-1st-direct-presidential-election-5679492.php
2014-08-10,20:47:55,2d53gg,251,"Ukraine says no ceasefire until separatists surrender, rebels defiant",dailystar.com.lb,http://www.dailystar.com.lb/News/World/2014/Aug-10/266669-ukraine-says-no-ceasefire-until-separatists-surrender-rebels-defiant.ashx
2014-08-10,14:33:10,2d4lfi,237,Jordan accused of barring entry to Palestinians fleeing Syria,en.alquds.com,http://en.alquds.com/en/stories/1496
2014-08-10,05:49:42,2d3glz,231,Man suspected of selling Michael Schumacher's medical files to press found hanged in cell,mobile.reuters.com,http://mobile.reuters.com/article/idUSKBN0G61JH20140806?irpc=932
2014-08-10,10:33:18,2d43l4,211,"Russia passes ""total ban"" on European food imports in response to Western sanctions",foodnavigator.com,http://www.foodnavigator.com/Science-Nutrition/Russian-food-import-ban-Reactions-from-experts-and-industry
2014-08-10,02:10:49,2d2xh7,206,"Ukraine forces surround Donetsk, major rebel city",cbc.ca,http://www.cbc.ca/news/politics/ukraine-forces-surround-donetsk-major-rebel-city-1.2732170
2014-08-10,22:53:27,2d5acb,204,British jihadi Muhammad Hamidur Rahman who went to fight for ISIS killed in Syria,dailymail.co.uk,http://www.dailymail.co.uk/news/article-2721125/British-jihadi-went-fight-ISIS-sacked-Primark-killed-Syria.html
2014-08-10,04:41:06,2d3ajj,207,Hundreds in Tel Aviv defy police ban to protest Gaza war,972mag.com,http://972mag.com/nstt_feeditem/hundreds-in-tel-aviv-defy-police-ban-to-protest-gaza-war/
2014-08-10,18:11:49,2d4ww2,182,Obama: Battling Islamic State in Iraq a 'long-term project',america.aljazeera.com,http://america.aljazeera.com/articles/2014/8/9/-us-drops-new-aidtoiraqisfleeingmilitantsurge.html
2014-08-10,06:24:26,2d3jie,153,"Exodus from Africa: Migrants arriving in Europe by boat this year 'will top 100,000 by mid-August' as 2,500 dock in Italy in 24 hours.",dailymail.co.uk,http://www.dailymail.co.uk/news/article-2719023/Exodus-Africa-Migrants-arriving-Europe-boat-year-100-000-mid-August-2-500-dock-Italy-24-hours.html#ixzz39mnJK2rl
2014-08-10,05:41:14,2d3ful,145,"For Refugees on Mountain, ‘No Water, Nothing’, Despite Recent Airdrops",nytimes.com,http://www.nytimes.com/2014/08/10/world/middleeast/chased-onto-iraqi-mountain-there-is-no-water-nothing.html
2014-08-10,22:59:20,2d5aph,138,The European Court of Human Rights concludes that so-called enhanced interrogation techniques - specifically approved by John Yoo and Jay Bybee for use by the CIA on Abu Zubaydah at a Polish black site - amounted to torture.,truth-out.org,http://www.truth-out.org/news/item/25452-european-court-finds-cia-interrogation-techniques-amounted-to-torture
