2014-05-04,02:37:05,24mtc7,4813,"China Outlaws the Eating of Tiger Penis, Rhino Horn, and Other Endangered Animal Products",news.vice.com,https://news.vice.com/article/china-outlaws-the-eating-of-tiger-penis-rhino-horn-and-other-endangered-animal-products
2014-05-04,20:36:51,24orhm,3582,UN asks Australia to reconsider dumping on Great Barrier Reef,tvnz.co.nz,http://tvnz.co.nz/world-news/un-asks-australia-reconsider-dumping-great-barrier-reef-5946057?src=rss
2014-05-04,10:42:45,24nwrc,3078,"Everyone is under surveillance now, says whistleblower Edward Snowden | People's privacy is violated without any suspicion of wrongdoing, former National Security Agency contractor claims.",theguardian.com,http://www.theguardian.com/world/2014/may/03/everyone-is-under-surveillance-now-says-whistleblower-edward-snowden
2014-05-04,17:06:04,24ojko,2446,Stephen Hawking Says A.I. Could Be Our 'Worst Mistake In History',independent.co.uk,http://www.independent.co.uk/news/science/stephen-hawking-transcendence-looks-at-the-implications-of-artificial-intelligence--but-are-we-taking-ai-seriously-enough-9313474.html
2014-05-04,19:54:55,24oprx,1486,"CIA, FBI agents 'advising Ukraine government': report",news.yahoo.com,http://news.yahoo.com/cia-fbi-agents-advising-ukraine-government-report-101508429.html
2014-05-04,10:31:41,24nvz6,1267,"11 Terrorists Have Been Arrested on Suspicion of Involvement in the Disappearance of Malaysian Flight MH370. ""The possibility that the plane was diverted by militants is still high.""",ibtimes.co.uk,http://www.ibtimes.co.uk/malaysia-flight-mh370-11-terrorists-arrested-suspicion-involvement-disappearance-flight-1447185
2014-05-04,23:55:03,24p2aa,1190,Four rare white tiger cubs born in Crimea zoo,reuters.com,http://www.reuters.com/news/video?videoId=312824119
2014-05-04,08:45:00,24no0f,915,"Nigerian troops 'preparing to launch rescue mission for schoolgirls' - Four battalions of troops, fighter aircraft and helicopter gunships reported to be preparing for assault to free 223 schoolgirls kidnapped by Boko Haram.",telegraph.co.uk,http://www.telegraph.co.uk/news/worldnews/africaandindianocean/nigeria/10806113/Nigerian-troops-preparing-to-launch-rescue-mission-for-schoolgirls.html
2014-05-04,01:27:09,24mnqe,594,Scientists find Antibodies able to fight off the MERS virus.,wired.co.uk,http://www.wired.co.uk/news/archive/2014-05/01/mers-vaccine-candidate
2014-05-04,03:09:45,24mw64,462,"In Senegal, at least 50,000 boys studying the Koran beg for food and money to pay their master. Some of these boys left home so young they don’t know where they came from, and suffer brutal punishment when they fail to make their quota.",pbs.org,http://www.pbs.org/newshour/bb/senegal-thousands-young-boys-forced-begging-system-koranic-study/
2014-05-04,11:50:15,24o1kg,451,Untouchable beaten to death for refusing to divulge his party choice,m.timesofindia.com,http://m.timesofindia.com/home/lok-sabha-elections-2014/news/Dalit-beaten-to-death-for-refusing-to-divulge-his-party-choice/articleshow/34611714.cms
2014-05-04,03:00:19,24mvcu,408,"Ukraine crisis: we are now at war with pro-Russia rebels, states Kiev",telegraph.co.uk,http://www.telegraph.co.uk/news/worldnews/europe/ukraine/10806477/Ukraine-crisis-we-are-now-at-war-with-pro-Russia-rebels-states-Kiev.html
2014-05-04,21:36:21,24ou1w,318,"Number of children in Japan slips to new low: The number of children in Japan has fallen to a new low, while the amount of people over 65 has reached a record high as the population ages and shrinks, the government said Sunday.",france24.com,http://www.france24.com/en/20140504-number-children-japan-slips-new-low/
2014-05-04,16:36:34,24oicx,304,276 schoolgirls kidnapped from a Nigerian school are still missing,suntimes.com,http://www.suntimes.com/news/world/27223689-418/276-schoolgirls-kidnapped-from-a-nigerian-school-are-still-missing.html
2014-05-04,00:16:44,24miat,284,"Al Qaeda leader Ayman al-Zawahri calls for Iraqi branch to end infighting in Syria, return home",abc.net.au,http://www.abc.net.au/news/2014-05-03/al-qaeda-leader-urges-islamist-militants-in-syira-return-to-iraq/5428544
2014-05-04,22:31:13,24owtm,265,"Pro-Russian activists attack Odessa police station in south Ukraine, two days after violence left dozens dead",bbc.com,http://www.bbc.com/news/world-europe-27276120
2014-05-04,00:16:12,24mi96,216,NATO must invest in defense to counter Russia: US,thenews.com.pk,http://www.thenews.com.pk/article-146489-NATO-must-invest-in-defense-to-counter-Russia:-US
2014-05-04,14:58:40,24odm9,184,Chinese villager creates fake but effective 'government office' to fight illegal land grabs,scmp.com,http://www.scmp.com/news/china/article/1502644/dengzhou-villager-creates-fake-effective-government-office-fight-illegal
2014-05-04,23:09:44,24oz5d,159,Global warming: China and US in crucial talks on cutting carbon dioxide emissions,telegraph.co.uk,http://www.telegraph.co.uk/earth/environment/globalwarming/10804221/Global-warming-China-and-US-in-crucial-talks-on-cutting-carbon-dioxide-emissions.html
2014-05-04,05:23:43,24n7hf,146,Indian politician dies after being hugged by 'human torch' on live TV,nydailynews.com,http://www.nydailynews.com/news/world/indian-politician-dies-human-torch-grabs-televised-debate-article-1.1778260
2014-05-04,16:34:25,24oi9t,142,Ukraine PM blames local police for Odessa deaths,bbc.com,http://www.bbc.com/news/world-europe-27274028
2014-05-04,02:00:26,24mqc9,94,"Military operation, early on Saturday: Ten Russian separatists were killed in Andreevka",diaalnews.com,http://diaalnews.com/news/15152
2014-05-04,19:00:35,24onrp,77,Pakistan's ISI planned terror attacks on US and Israeli consulates in India,timesofindia.indiatimes.com,http://timesofindia.indiatimes.com/india/Pakistans-ISI-planned-terror-attacks-on-US-and-Israeli-consulates-in-India/articleshow/34632606.cms
2014-05-04,19:34:06,24oozv,59,BBC News - China 'illegal' bridge collapse kills 11 in Guangdong,bbc.com,http://www.bbc.com/news/world-asia-china-27274086
2014-05-04,06:50:38,24net0,55,"EU calls for independent probe of Odessa deaths, Kiev says most of the dead are from Transdniestria, a nearby breakaway pro-Russian region of Moldova",reuters.com,http://www.reuters.com/article/2014/05/03/us-ukraine-crisis-eu-idUSBREA4207M20140503
2014-05-04,15:42:29,24ofvn,52,"Uruguay has unveiled long-awaited regulations for its recreational marijuana market. The move steers the nation of 3.3 million people away from the prohibitionist war on drugs, with its disastrous consequences in Latin America, toward a drug policy based on improving public health and security.",america.aljazeera.com,http://america.aljazeera.com/articles/2014/5/3/uruguay-unveils-marijuanaregulationdetails.html
2014-05-04,09:29:41,24nrfb,50,Ukraine crisis: Kremlin insists it cannot control pro-Russian separatists and calls for dialogue with West,independent.co.uk,http://www.independent.co.uk/news/world/europe/ukraine-crisis-kremlin-insists-it-cannot-control-prorussian-separatists-and-calls-for-dialogue-with-west-9321412.html
2014-05-04,01:25:19,24mnky,41,Why South African whites are coming home,bbc.com,http://www.bbc.com/news/world-africa-27252307
2014-05-04,01:36:46,24mogw,35,Voices from Odessa: 'Nobody expected this',bbc.com,http://www.bbc.com/news/world-europe-27266922
2014-05-04,01:43:02,24moyn,34,Nigerian militants Boko Haram holding more than 200 kidnapped school girls,smh.com.au,http://www.smh.com.au/world/nigerian-militants-boko-haram-holding-more-than-200-kidnapped-school-girls-20140503-zr3rx.html
