2014-07-13,11:33:34,2ak1sn,10449,"The World Health Organization has suggested for the first time that all men who have sex with men should take antiretroviral medicine as an additional method of preventing HIV infection, warning that HIV infection rates among gay men are exploding around the world.",time.com,http://time.com/2975573/who-hiv-aids-gay-men-homosexual-epidemic-rise/
2014-07-13,21:51:10,2akwze,9108,"Margaret Thatcher 'personally covered up' child abuse allegations against senior ministers: The Tory Prime Minister is said to have held a meeting with a rising star, who was tipped for promotion, and told him: “You have to clean up your sexual act”",mirror.co.uk,http://www.mirror.co.uk/news/uk-news/margaret-thatcher-personally-covered-up-3848836
2014-07-13,22:02:52,2akxls,5295,Tory child abuse whistleblower: 'I supplied underage rent boys for Margaret Thatcher's cabinet ministers',mirror.co.uk,http://www.mirror.co.uk/news/uk-news/tory-child-abuse-whistleblower-i-3848987
2014-07-13,01:07:22,2aimfc,3415,American Quakers are Running an 'Underground Railroad' to Help LGBT Ugandans Flee,newsweek.com,http://www.newsweek.com/american-quakers-are-running-underground-railroad-help-lgbt-ugandans-flee-258363
2014-07-13,04:06:49,2aj1fp,3401,Israeli 'knock on the roof' bombing technique caught on film,rt.com,http://rt.com/news/172316-israel-knock-roof-video/
2014-07-13,22:16:45,2akycm,1458,WikiLeaks reports the FBI to Danish police,thelocal.dk,http://www.thelocal.dk/20140713/wikileaks
2014-07-13,06:25:08,2ajd63,957,Toxic Agent Orange ingredients found at Okinawa US military dumpsite,japantimes.co.jp,http://www.japantimes.co.jp/news/2014/07/11/national/agent-orange-ingredients-found-okinawa-military-dumpsite/#.U8GneUBjVKM
2014-07-13,21:42:03,2akwjb,652,'About 2% of Catholic Clergy are pedophiles' says Pope Francis,bbc.com,http://www.bbc.com/news/world-europe-28282050
2014-07-13,19:32:48,2akr5k,652,"Russia has vowed to respond to a ""dangerous escalation"" of violence near its border, after a Russian man was killed and two women injured by shelled fired across the Ukraine border.",aljazeera.com,http://www.aljazeera.com/news/europe/2014/07/russia-warns-over-deadly-ukraine-shelling-201471391428887801.html
2014-07-13,20:48:41,2aku5t,486,Hamas call on evacuated citizens who heeded Israeli warnings to return to the war zone,ynetnews.com,"http://www.ynetnews.com/articles/0,7340,L-4542708,00.html"
2014-07-13,07:05:07,2ajgkq,449,Australia slams ‘extremist’ PETA for sheep abuse video,japantimes.co.jp,http://www.japantimes.co.jp/news/2014/07/12/asia-pacific/australia-slams-extremist-peta-for-sheep-abuse-video/#.U8Gw08_n_IU
2014-07-13,08:19:15,2ajmrg,300,The UN has estimated that 77% of the people killed in Gaza have been civilians.,bbc.com,http://www.bbc.com/news/world-middle-east-28279562#TWEET1182177
2014-07-13,02:00:04,2aiqqe,292,Two major Palestinian West Bank cities hit by rockets fired from Gaza,ynetnews.com,"http://www.ynetnews.com/articles/0,7340,L-4542242,00.html"
2014-07-13,10:38:25,2ajxlg,256,Israel Navy commandos raid long-range rocket facility in Gaza,jpost.com,http://www.jpost.com/Operation-Protective-Edge/Israel-Navy-commandos-raid-long-range-rocket-facility-in-Gaza-362532
2014-07-13,21:09:43,2akv2j,218,"Russia threatens Ukraine with ""irreversible consequences"" after shell crosses border. Ukraine denies its forces fired into Russian territory.",uk.reuters.com,http://uk.reuters.com/article/2014/07/13/uk-ukraine-crisis-idUKKBN0FH09520140713
2014-07-13,22:38:21,2akzio,199,"More Than A Dozen US Spies Infiltrate German Ministries Says Bild: ""The alleged spies have infiltrated the German defense, development, economic, and interior ministries, reported Bild on Sunday [13 July 2014], citing unnamed sources within the US intelligence community.""",dw.de,http://www.dw.de/more-than-a-dozen-us-spies-infiltrate-german-ministries-says-bild/a-17782082
2014-07-13,07:43:54,2ajjwh,176,Tobacco giant 'tried blackmail' to block Ugandan anti-smoking law,theguardian.com,http://www.theguardian.com/business/2014/jul/12/bat-blackmail-uganda-smoking-law-tobacco
2014-07-13,02:08:30,2airf7,154,"UN calls for Israel-Gaza ceasefire. At least 133 Palestinians have been killed in the last 5 days, three quarters of them civilians according to the UN",bbc.co.uk,http://www.bbc.co.uk/news/world-middle-east-28279562
2014-07-13,07:04:15,2ajgic,137,"Some 29 people, 20 of them women, were killed on Saturday evening in an apartment building in eastern Baghdad by gunmen wearing a mix of plain clothes and camouflage, a police officer and a hospital official said.",reuters.com,http://www.reuters.com/article/2014/07/12/us-iraq-security-apartment-idUSKBN0FH0TJ20140712?feedType=RSS&feedName=topNews
2014-07-13,23:59:13,2al53s,131,"Reprocessing plant to give Japan enough plutonium for 2,000 bombs a year: US expert",m.koreaherald.com,http://m.koreaherald.com/view.php?ud=20140712000053
2014-07-13,00:08:46,2aihri,127,Kurds keep advancing,hosted2.ap.org,http://hosted2.ap.org/APDEFAULT/Article/Article_2014-07-12/id-97fb7bc0c07d40ebbc19868c99242f61/recordType-Spot Development
2014-07-13,01:15:23,2ain3p,109,"US congressman called Germany reaction on a spy sa ""temper tantrum""",asia.dpa-news.com,http://asia.dpa-news.com/news/sports2/extrachief-of-us-house-intel-committee-raps-germany-for-temper-tantrum-a-38924875.html
2014-07-13,07:10:30,2ajh1r,94,Half of Gaza's dead 'are women and children',telegraph.co.uk,http://www.telegraph.co.uk/news/worldnews/middleeast/israel/10960608/Half-of-Gazas-dead-are-women-and-children.html?utm_content=buffere1146&utm_medium=social&utm_source=twitter.com&utm_campaign=buffer
2014-07-13,22:13:16,2aky5g,86,Fierce fighting erupts around Tripoli airport,ft.com,http://www.ft.com/cms/s/0/efad42fc-0a65-11e4-be06-00144feabdc0.html
2014-07-13,01:40:56,2aip5r,79,Sean Connery joins Bahamas campaign to stop billionaire developing mansion,theguardian.com,http://www.theguardian.com/world/2014/jul/12/sean-connery-save-the-bays-bahamas-mansion-peter-nygard
2014-07-13,04:14:40,2aj22w,73,China Force Feeds Muslim Students to Break Fast During Holy Month,ibtimes.co.uk,http://www.ibtimes.co.uk/ramadan-2014-china-force-feeds-muslim-students-break-fast-during-holy-month-1456367
2014-07-13,12:13:03,2ak4ma,61,The corruption scandal surrounding former French president Nicolas Sarkozy has deepened further with fresh leaks of telephone conversations purporting to show he offered to get a judge a plum job in return for favours.,abc.net.au,http://www.abc.net.au/news/2014-07-13/leaks-raise-fresh-sarkozy-corruption-allegations/5592620
2014-07-13,05:04:31,2aj6dt,59,Israeli military says Gaza residents should evacuate their homes 'for their own safety' tonight,news.sky.com,http://news.sky.com/story/1299931/gaza-residents-told-to-leave-for-own-safety
2014-07-13,01:27:01,2aio0n,55,"Sirens blare in Jerusalem, rockets land in Hebron and Bethlehem",jpost.com,http://www.jpost.com/Operation-Protective-Edge/Sirens-blare-in-Jerusalem-and-surrounding-areas-362495
2014-07-13,07:12:23,2ajh7f,52,"Vladimir Putin, Russian president, meets Fidel Castro, the retired Communist leader, in Cuba",telegraph.co.uk,http://www.telegraph.co.uk/news/worldnews/vladimir-putin/10963405/Vladimir-Putin-meets-Fidel-Castro-in-Cuba.html
