2014-07-15,04:51:14,2ap1pv,19266,"Documents leaked by Edward Snowden reveal GCHQ programs to track targets, spread information and manipulate online debates",theguardian.com,http://www.theguardian.com/uk-news/2014/jul/14/gchq-tools-manipulate-online-information-leak
2014-07-15,20:11:10,2ar4v4,9966,Germany 'may revert to typewriters' to counter hi-tech espionage | Politicians claim communciations technology is mistrusted in wake of US spying allegations and NSA surveillance revelations,theguardian.com,http://www.theguardian.com/world/2014/jul/15/germany-typewriters-espionage-nsa-spying-surveillance
2014-07-15,00:34:48,2ao9gu,1512,Church of England votes in favour of women bishops.,bbc.co.uk,http://www.bbc.co.uk/news/uk-28300618
2014-07-15,06:49:03,2apet8,1126,Iran sentences eight Facebook activists to total of 127 years in prison for 'criticising government',independent.co.uk,http://www.independent.co.uk/news/world/middle-east/iran-sentences-eight-facebook-activists-to-total-of-127-years-in-prison-for-criticising-government-9605284.html
2014-07-15,01:26:58,2aoew2,1025,India caps price of 108 more medicines,in.reuters.com,http://in.reuters.com/article/2014/07/14/india-drugs-prices-idINKBN0FJ0KD20140714
2014-07-15,20:13:07,2ar4yv,574,Hong Kong asks Beijing for greater democracy,theguardian.com,http://www.theguardian.com/world/feedarticle/11442053
2014-07-15,16:16:10,2aqtb2,571,Cheetah Smuggling Driving Wild Population to Extinction - Rising demand for cheetahs as luxury pets in the Middle East taking gruesome toll as 2/3 of snatched cubs are dying en route. Nations at both ends of the trade agreed urgent action is needed.,theguardian.com,http://www.theguardian.com/environment/2014/jul/15/cheetah-smuggling-wild-luxury-pets-gulf
2014-07-15,16:37:48,2aqugy,547,"Moscow Metro derailment: 3 killed, over 80 injured in rush hour",rt.com,http://rt.com/news/172808-train-moscow-metro-evacuation/
2014-07-15,21:52:29,2arb6a,504,"Brazil, Russia, India, China and South Africa (the BRICS nations) to launch World Bank and IMF rivals",aljazeera.com,http://www.aljazeera.com/news/americas/2014/07/brics-launch-world-bank-imf-rivals-20147155273955388.html
2014-07-15,00:43:08,2aoacc,393,Ukraine says plane shot down by rocket from Russia,cbc.ca,http://www.cbc.ca/news/world/ukraine-says-plane-shot-down-by-rocket-from-russia-1.2706039
2014-07-15,15:57:34,2aqs6g,320,"Australia: George Brandis set to require internet, phone companies hold customer data for two years.",theage.com.au,http://www.theage.com.au/federal-politics/political-news/george-brandis-set-to-require-internet-phone-companies-hold-customer-data-for-two-years-20140715-3byu3.html
2014-07-15,14:22:25,2aqlu2,321,U.S. signs agreement for $11 billion arms sale to Qatar,reuters.com,http://www.reuters.com/article/2014/07/14/us-usa-qatar-idUSKBN0FJ2M820140714
2014-07-15,10:25:02,2aq0hr,262,The US has begun stage 1 of sending recent illegal immigrants back to their home countries,washingtontimes.com,http://www.washingtontimes.com/news/2014/jul/14/40-immigrants-deported-from-new-mexico/
2014-07-15,15:42:22,2aqr8k,189,"Australian intelligence agencies to be given new powers. ""Australians would be wise to insist on very careful scrutiny of these proposals before endorsing them.""",theguardian.com,http://www.theguardian.com/world/2014/jul/15/australian-intelligence-agencies-to-be-given-new-powers?CMP=soc_568
2014-07-15,17:43:40,2aqxqm,149,"Chinese TV anchor vanishes from the screen in corruption investigation, viewers watching an economics programme on China Central Television on Friday saw only an empty chair with an unused microphone where Rui Chenggang normally sits",theguardian.com,http://www.theguardian.com/media/greenslade/2014/jul/15/china-larry-king
2014-07-15,08:18:47,2apo9o,138,North Korea fires 100 artillery shells near border over US-South Korea naval exercises,telegraph.co.uk,http://www.telegraph.co.uk/news/worldnews/asia/northkorea/10965503/North-Korea-fires-100-artillery-shells-near-border-over-US-South-Korea-naval-exercises.html
2014-07-15,09:55:06,2apxmp,125,WTO rules against US in trade spat with China and India,bbc.com,http://www.bbc.com/news/business-28301144
2014-07-15,14:07:22,2aqks6,101,"90% of mostly civilian aircraft destroyed by rocket shelling at Tripoli airport, Libya may now seek deployment of international force",rt.com,http://rt.com/news/172780-tripoli-airport-attack-libya/
2014-07-15,23:10:50,2arhjv,96,"UK's New Energy & Environment Ministers Opposed Green Energy - Energy minister, Matthew Hancock, signed letter calling for cuts to wind power subsidies & environment secretary, Liz Truss, claimed renewable power was damaging the economy",theguardian.com,http://www.theguardian.com/environment/2014/jul/15/uk-environment-ministers-opposed-green-energy
2014-07-15,16:05:34,2aqsp5,94,CNET attacked by Russian hacker group,bbc.com,http://www.bbc.com/news/technology-28289975
2014-07-15,11:36:04,2aq7dr,77,Ebola crisis in West Africa deepens,news.yahoo.com,http://news.yahoo.com/ebola-crisis-west-africa-deepens-500-dead-104712391.html
2014-07-15,05:59:10,2ap9al,65,Pakistan: Man accused of blasphemy sentenced to death,dawn.com,http://www.dawn.com/news/1119169/blasphemy-accused-sentenced-to-death
2014-07-15,19:44:36,2ar3i8,55,UN Secretary General Ban Ki-moon says he will try to raise $2.2bn (£1.3bn) in aid money to fight the spread of cholera in Haiti.,bbc.co.uk,http://www.bbc.co.uk/news/world-latin-america-28308079#sa-ns_mchannel=rss&ns_source=PublicRSS20-sa
2014-07-15,00:56:28,2aobo3,54,Govt asks 48 industrial units polluting River Ganga to close down,firstpost.com,http://www.firstpost.com/india/govt-asks-48-industrial-units-polluting-river-ganga-close-1618403.html
2014-07-15,10:56:37,2aq3hk,36,"Russia has invited monitors from the OSCE to two of its border crossings with Ukraine as a sign of goodwill. Meanwhile, Ukraine has said shots that downed a military plane ""probably"" came from Russian territory.",dw.de,http://www.dw.de/russia-invites-osce-observers-to-monitor-border-crossings-with-ukraine/a-17785146
2014-07-15,22:36:03,2aremd,37,Rescue workers: Ukraine airstrike kills civilians,news.yahoo.com,http://news.yahoo.com/rescue-workers-ukraine-airstrike-kills-civilians-130227424.html;_ylt=AwrBEiECLsVT1icAcivQtDMD
2014-07-15,14:54:52,2aqo3p,37,William Hague steps down as UK foreign secretary,bbc.co.uk,http://www.bbc.co.uk/news/uk-politics-28291281
2014-07-15,10:55:38,2aq3e5,27,Mexico's President Enrique Pena Nieto has signed into law new rules for the telecommunications & broadcasting industries that are designed to curb the power of billionaire Carlos Slim's America Movil and broadcaster Televisa.,reuters.com,http://www.reuters.com/article/2014/07/14/us-mexico-reforms-idUSKBN0FJ2DU20140714
2014-07-15,20:42:55,2ar6kk,27,New EU chief Jean-Claude Juncker calls for minimum wage in all EU countries,euractiv.com,http://www.euractiv.com/sections/social-europe-jobs/juncker-calls-minimum-wage-all-eu-countries-303484
2014-07-15,13:00:56,2aqffx,31,Shelling of Tripoli Airport Destroys 90% of Planes: Libya Government,ndtv.com,http://www.ndtv.com/article/world/shelling-of-tripoli-airport-destroys-90-of-planes-libya-government-558680
