2014-03-11,08:25:47,203g7i,3144,"ABC News reports a satellite imaging company out of Denver, Colorado is crowdsourcing the search for Malaysia Airlines Flight 370. Help search for the missing plane using satellite images shot this weekend.",abcnews.go.com,http://abcnews.go.com/blogs/headlines/2014/03/crowdsourcing-the-search-for-malaysia-flight-370/
2014-03-11,21:54:02,204z2y,1973,"Anti-war protest in Moscow: ""Ukrainians, forgive us"" [video]",censor.net.ua,http://censor.net.ua/video_news/275118/miting_v_moskve_dorogie_ukraintsy_prostite_nas_russkie_tut_ni_pri_chem_net_voyine_video
2014-03-11,07:06:54,20388i,1394,Israeli troops shoot dead a Palestinian-Jordanian judge at border crossing,theguardian.com,http://www.theguardian.com/world/2014/mar/10/israeli-troops-shoot-palestinian-jordanian-judge-border-crossing
2014-03-11,03:22:07,202ki7,1177,"Venezuelans Are Marked With Numbers To Stand In Line At Government Supermarkets:It's hard to get a sense of what a food shortage is like unless you've lived through one, but this tidbit from Venezuela serves as a chilling illustration.",businessinsider.com,http://www.businessinsider.com/venezuelans-marked-with-numbers-for-food-2014-3
2014-03-11,20:44:33,204u5d,1104,"Saudi Arabia has threatened to blockade neighbouring Qatar by air, land and sea unless Doha cuts ties with Egypt’s Muslim Brotherhood, closes global channel al-Jazeera, and expels local branches of the US Brookings Institution and Rand Corporation think tanks.",irishtimes.com,http://www.irishtimes.com/news/world/asia-pacific/saudi-arabia-threatens-to-blockade-qatar-over-terrorism-1.1719434
2014-03-11,01:31:22,2028se,1008,"Snowden has shown the 'huge disparity of surveillance and power', says Gellman | Government needs reminding that they work for us, says Pulitzer-winning reporter Barton Gellman, who describes Edward Snowden as ending an era of indifference to surveillance.",theguardian.com,http://www.theguardian.com/technology/2014/mar/10/edward-snowden-surveillance-government-nsa-gchq-barton-gellman
2014-03-11,16:53:52,204itb,905,MH370 detected above Malacca Straits at 2.40am,my.news.yahoo.com,http://my.news.yahoo.com/mh370-detected-above-malacca-straits-2-40am-062617741.html
2014-03-11,04:51:26,202u0r,785,"A report by the United Nations Human Rights Council has called for independent investigations to be carried out into drone attacks after a series of strikes that result in unexpected civilian deaths in Afghanistan, Pakistan, Yemen and elsewhere. Most of the attacks involved US drones.",theguardian.com,http://www.theguardian.com/world/2014/mar/10/un-report-independent-investigations-drone-attacks
2014-03-11,09:53:40,203p3t,703,New Zealand plans vote on changing national flag,washingtonpost.com,http://www.washingtonpost.com/world/new-zealand-plans-vote-on-changing-national-flag/2014/03/10/6b8d5e2a-a8af-11e3-8a7b-c1c684e2671f_story.html
2014-03-11,19:34:35,204q8l,692,Malaysian Military official tells Reuters plane flew for more than an hour after vanishing from air traffic control screens,reuters.com,http://www.reuters.com/article/2014/03/11/malaysia-airlines-military-idUSL3N0M835C20140311
2014-03-11,05:58:08,2030zt,625,PILOT: I'm Not Surprised There Was No Mayday Call From The Missing Malaysia Plane,businessinsider.com,http://www.businessinsider.com/pilot-no-mayday-call-not-surprising-2014-3
2014-03-11,23:02:20,2054zc,591,Turkey clashes after 15 year old boy hurt at Istanbul Gezi Park protest dies,m.bbc.com,http://m.bbc.com/news/world-europe-26526198
2014-03-11,10:29:19,203snw,436,"Two Russian cosmonauts, U.S. astronaut head back to Earth",reuters.com,http://www.reuters.com/article/2014/03/11/russia-usa-space-idUSL6N0M73Q220140311
2014-03-11,05:40:01,202z44,306,Live: China deploys satellites to find missing Malaysian plane,firstpost.com,http://www.firstpost.com/world/live-china-deploys-satellites-to-find-missing-malaysian-plane-1424627.html
2014-03-11,20:05:36,204rvc,217,Malaysia military tracked missing plane to west coast: source,reuters.com,http://www.reuters.com/article/idUSBREA2701720140311
2014-03-11,08:29:56,203gmz,189,"Explosion at Power Plant in Novokuznetsk, Russia, video in link.",englishrussia.com,http://englishrussia.com/2014/03/07/an-explosion-at-novokuznetsk-power-plant/#more-141118
2014-03-11,17:17:43,204jus,170,UN warns world must produce 60% more food by 2050 to avoid mass unrest,rt.com,http://rt.com/news/world-food-security-2050-846/
2014-03-11,10:24:50,203s73,125,"A Chilean woman was shot dead while clearing a barricade put up by anti-government protesters, the first foreign fatality during a month of civil unrest in Venezuela, authorities said on Monday.",reuters.com,http://www.reuters.com/article/2014/03/11/us-venezuela-protests-idUSBREA291IU20140311?feedType=RSS&feedName=topNews
2014-03-11,23:13:22,2055wy,103,"Palestinian refugees starving to death in Syrian camp, human rights groups say",cnn.com,http://www.cnn.com/2014/01/15/world/meast/syria-palestinian-refugees-starving/
2014-03-11,04:08:03,202pgg,98,"China’s billionaire politicians quadruple their wealth - ""Despite their low official government salaries, at this week’s National People’s Congress annual meeting, there will be 86 renminbi billionaires and China’s richest politicians have quadrupled their wealth in the past eight years.""",newstatesman.com,http://www.newstatesman.com/global-issues/2014/03/china%E2%80%99s-billionaire-politicians-quadruple-their-wealth
2014-03-11,03:28:54,202l62,82,Four suspended after video shows workers bludgeoning turkeys with shovel [Canada],metronews.ca,http://metronews.ca/news/kitchener/963662/four-suspended-after-video-shows-workers-bludgeoning-turkeys-with-shovel/
2014-03-11,10:06:46,203qel,81,"Kim Jong-Un’s sister, Kim Yo-Jong, makes first official appearance",news.com.au,http://www.news.com.au/world/kim-jonguns-sister-kim-yojong-makes-first-official-appearance-as-north-korean-dictator-wins-100pc-of-vote-in-staged-elections/story-fndir2ev-1226850865413
2014-03-11,03:49:43,202ng0,77,Thousands protest after Swedish activist stabbed,stream.aljazeera.com,http://stream.aljazeera.com/story/201403101953-0023541
2014-03-11,08:39:04,203hip,79,North Korea reportedly tries to sell border-town land to Chinese investors,english.chosun.com,http://english.chosun.com/site/data/html_dir/2014/03/10/2014031001352.html
2014-03-11,21:49:12,204ypo,74,Ukraine forms new defence force as Crimea declares independence,theglobeandmail.com,http://www.theglobeandmail.com/news/world/ukraine-forms-new-defence-force-as-crimea-declares-independence/article17423080/
2014-03-11,05:31:39,202y8l,73,"Yahoo Inc has named well-known security researcher Alex Stamos as its chief information security officer, tapping a vocal critic of the U.S. government's secret surveillance programs for the position.",reuters.com,http://reuters.com/article/idUSL2N0M71T720140310?irpc=932
2014-03-11,02:27:23,202ens,71,Canadian couple on medical marijuana are suing the government for $6.5 million claiming new laws will cost them as much over a lifetime.,metronews.ca,http://metronews.ca/news/ottawa/966148/ottawa-marijuana-users-suing-feds-for-6-5-m/
2014-03-11,18:07:29,204m32,68,Nearly 2 Tons of Hash Washes Up on Spanish Beach - The 62 bales thought to have fallen off a ship when bad weather hit in the Strait of Gibraltar,rawstory.com,http://www.rawstory.com/rs/2014/03/10/nearly-two-tons-of-hash-washes-up-on-spanish-beach/
2014-03-11,21:01:15,204v89,53,"Japan Producing Huge, Lightly Guarded Stockpile of Plutonium",nbcnews.com,http://www.nbcnews.com/storyline/fukushima-anniversary/japan-producing-huge-lightly-guarded-stockpile-plutonium-n49376
2014-03-11,17:58:35,204lnm,52,"128 people in Yarmouk, Damascus have starved to death after being locked into that camp for nearly a year",bbc.co.uk,http://www.bbc.co.uk/news/world-middle-east-26481422
