2014-04-18,19:50:45,23ciav,3453,Vice principal of South Korea school in ferry disaster commits suicide,reuters.com,http://www.reuters.com/article/2014/04/18/us-korea-ship-idUSBREA3F01Y20140418
2014-04-18,03:45:47,23ahic,3288,"That 'Jewish registry' flyer in East Ukraine is 'fake,' says NCJS, a Jewish organization with direct contact to the Donetsk government",dailydot.com,http://www.dailydot.com/politics/ukraine-jewish-registry-fake/
2014-04-18,04:44:03,23anei,2132,NASA's Kepler Discovers First Earth-Size Planet In The 'Habitable Zone' of Another Star,nasa.gov,http://www.nasa.gov/ames/kepler/nasas-kepler-discovers-first-earth-size-planet-in-the-habitable-zone-of-another-star/#.U1Asg_mSxZg
2014-04-18,03:11:15,23adz2,1946,"World Bank wants water privatized, despite risks",america.aljazeera.com,http://america.aljazeera.com/opinions/2014/4/water-managementprivatizationworldbankgroupifc.html
2014-04-18,23:47:44,23cxbj,1471,"7.5 Magnitude Earthquake in Guerrero, Mexico",earthquake.usgs.gov,http://earthquake.usgs.gov/earthquakes/eventpage/pt14108001#summary
2014-04-18,19:51:17,23ciby,1278,"Pro-paedophile group to be banned, Dutch supreme court says",dutchnews.nl,http://www.dutchnews.nl/news/archives/2014/04/pro-paedophile_group_to_be_ban.php
2014-04-18,05:13:48,23aqex,924,Nobel laureate Gabriel García Marquez dies at 87,bigstory.ap.org,http://bigstory.ap.org/article/nobel-laureate-gabriel-garcia-marquez-dies-87
2014-04-18,22:32:24,23crbf,898,"Armed civilians pretending to be peaceful protesters delivering a petition to the United Nations in South Sudan forced their way into a U.N. base sheltering some 5,000 civilians and opened fire.",america.aljazeera.com,http://america.aljazeera.com/articles/2014/4/17/un-south-sudan.html
2014-04-18,01:32:03,23a3ey,788,Canada sends six CF-18 jets to Poland in response to Ukraine crisis,ctvnews.ca,http://www.ctvnews.ca/politics/canada-sending-cf-18-jet-fighters-to-poland-1.1780452
2014-04-18,07:20:33,23b33h,663,"The manager of the Fukushima nuclear power plant admits to embarrassment that repeated efforts have failed to bring under control the problem of radioactive water, eight months after Japan's prime minister told the world the matter was resolved",nytimes.com,http://www.nytimes.com/reuters/2014/04/17/world/asia/17reuters-japan-fukushima-water.html?smid=re-share
2014-04-18,13:04:44,23bx8j,638,Thousands of animals starving in Ukraine's zoos,nationalreview.com,http://www.nationalreview.com/article/375933/ukraines-animal-victims-jillian-kay-melchior
2014-04-18,07:02:21,23b1dq,576,"2,300 tubes containing SARS virus samples missing in France",rt.com,http://rt.com/news/lost-sars-samples-france-608/
2014-04-18,01:57:27,23a63c,327,Ukraine crisis: US secretary of state Kerry announces Geneva agreement - live updates | 'Occupied' buildings to be vacated; arms turned over | Kiev would grant amnesty to protesters | Putin: 'Russia will find mutual understanding with Ukraine',theguardian.com,http://www.theguardian.com/world/2014/apr/17/ukraine-diplomats-meet-in-geneva-in-bid-to-ease-crisis-live-coverage
2014-04-18,17:20:21,23cc6a,291,Chief Warden Shot in Africa's Oldest National Park,news.nationalgeographic.com,http://news.nationalgeographic.com/news/2014/04/140416-emmanuel-de-merode-warden-shot-virunga-congo/?google_editors_picks=true
2014-04-18,14:41:11,23c43y,257,"High Altitude Avalanche on Mt. Everest 2 dead, 7 Missing",cnn.com,http://www.cnn.com/2014/04/18/world/asia/nepal-everest-avalanche/
2014-04-18,05:55:49,23auth,248,"Gabriel García Márquez, the Colombian novelist whose “One Hundred Years of Solitude” established him as a giant of 20th-century literature, died on Thursday at his home in Mexico City. He was 87",nytimes.com,http://www.nytimes.com/2014/04/18/books/gabriel-garcia-marquez-literary-pioneer-dies-at-87.html?hp
2014-04-18,01:29:58,23a357,187,"Russian Foreign Minister Lavrov says all sides agree to steps to ""de-escalate"" Ukraine crisis, after talks in Geneva",bbc.com,http://www.bbc.com/news/world-europe-27072351
2014-04-18,00:23:40,239wle,185,"S. Korean Ferry Captain Was One of the First Off the Sinking Ship: “I can’t raise my face before the passengers and family members of the missing,” he said.",nationalreview.com,http://www.nationalreview.com/feed/375990/s-korean-ferry-captain-was-one-first-sinking-ship-greg-pollowitz
2014-04-18,13:47:55,23c0l7,178,Edward Snowden defends decision to question Vladimir Putin on surveillance,theguardian.com,http://www.theguardian.com/world/2014/apr/18/edward-snowden-defends-decision-question-vladimir-putin-on-surveillance
2014-04-18,14:11:53,23c294,154,"Scientists find an 'Earth twin', or maybe a cousin",ndtv.com,http://www.ndtv.com/article/world/scientists-find-an-earth-twin-or-maybe-a-cousin-510126?pfrom=home-topstories
2014-04-18,23:29:53,23cvrg,139,"7 Die in Shooting at China-Vietnam Border: ""A Chinese man who was being repatriated from Vietnam along with 15 other migrants seized a gun from a border guard on Friday, triggering a gunfight and standoff in which five Chinese and two Vietnamese guards died""",abcnews.go.com,http://abcnews.go.com/International/wireStory/killed-shooting-china-vietnam-border-23375550
2014-04-18,21:50:45,23cofp,137,US freeing Iran funds as Tehran cuts uranium stockpile,bbc.co.uk,http://www.bbc.co.uk/news/world-middle-east-27076367#TWEET1104451
2014-04-18,11:42:42,23bqp1,98,"Russia and China forge closer ties, as EU explores sanctions",euobserver.com,http://euobserver.com/foreign/123879
2014-04-18,21:00:09,23clk2,92,"Syria: As the bombs fall, the people of Damascus rally round Bashar al-Assad - Telegraph",telegraph.co.uk,http://www.telegraph.co.uk/news/worldnews/middleeast/syria/10770311/Syria-As-the-bombs-fall-the-people-of-Damascus-rally-round-Bashar-al-Assad.html?fb
2014-04-18,11:51:20,23brg9,77,"Third officer, not captain, at helm when South Korean ferry capsized",reuters.com,http://www.reuters.com/article/2014/04/18/us-korea-ship-helm-idUSBREA3H02U20140418
2014-04-18,00:09:29,239v6i,70,"Once an Arab model, Baghdad now world's worst city",news.yahoo.com,http://news.yahoo.com/once-arab-model-baghdad-now-worlds-worst-city-171513551.html
2014-04-18,12:07:05,23bspw,69,"Syria: As the bombs fall, the people of Damascus rally round Bashar al-Assad - great read",telegraph.co.uk,http://www.telegraph.co.uk/news/worldnews/middleeast/syria/10770311/Syria-As-the-bombs-fall-the-people-of-Damascus-rally-round-Bashar-al-Assad.html
2014-04-18,23:51:08,23cxlm,64,Earthquake in Mexico City,abcnews.go.com,http://abcnews.go.com/International/wireStory/earthquake-shakes-mexican-capital-23378319
2014-04-18,15:33:28,23c759,63,"Japan to arm remote western island, risking more China tension",reuters.com,http://www.reuters.com/article/2014/04/18/us-japan-military-islands-idUSBREA3H05M20140418
2014-04-18,10:17:36,23bjaq,53,Toronto Mayor Rob Ford launches re-election bid,bbc.com,http://www.bbc.com/news/world-us-canada-27069613#sa-ns_mchannel=rss&ns_source=PublicRSS20-sa
