2014-06-01,01:26:11,26yr0o,4508,"Rhino poacher shot dead by forest guards in Kaziranga National Park, India",business-standard.com,http://www.business-standard.com/article/pti-stories/rhino-poacher-killed-in-kaziranga-114052801707_1.html
2014-06-01,23:47:13,2715x3,4490,Pakistan clerics issue decree says so-called 'honour killings' are un-Islamic and sign of ignorance,aljazeera.com,http://www.aljazeera.com/news/asia/2014/06/pakistan-clerics-issue-honour-killing-fatwa-201461960536332.html
2014-06-01,04:16:05,26z552,4287,The Pirate Bay founder Peter Sunde arrested in Sweden,afterdawn.com,http://www.afterdawn.com/news/article.cfm/2014/05/31/the_pirate_bay_founder_peter_sunde_arrested_in_sweden
2014-06-01,01:47:30,26ysre,786,"Brazilian legend Ronaldo is ""appalled"" at how ill-prepared Brazil is for the World Cup with 2 weeks to go. So far, $11 billion have been spent on the event.",time.com,http://time.com/2801424/ronaldo-world-cup-brazil-preparations/
2014-06-01,10:00:56,26zwv6,692,The Canadian Government Has Forbidden Meteorologists to Discuss Climate Change | VICE News,news.vice.com,https://news.vice.com/article/the-canadian-government-has-forbidden-meteorologists-to-discuss-climate-change
2014-06-01,02:30:23,26ywbh,611,US soldier Bowe Bergdahl freed by Taliban in Afghanistan,bbc.com,http://www.bbc.com/news/world-asia-27651690
2014-06-01,20:46:05,270vsc,558,"Singaporean gets sued by his PM for defamation, citizens have crowdfunded $50,000 in 3 days to fight back",thehearttruths.com,http://thehearttruths.com/2014/06/01/update-three-01062014-fund-raising-for-roy-ngerngs-court-case-against-lee-hsien-loong/
2014-06-01,00:04:13,26yknm,456,China warns Australian PM Tony Abbott's plan to abolish Emission Trading Scheme will risk scuttlling global emissions trade,abc.net.au,http://www.abc.net.au/lateline/content/2014/s4016127.htm
2014-06-01,16:57:56,270mor,359,"Suspect arrested over Brussels shooting, allegedly linked to Syrian jihadis — Mehdi Nemmouche, a 29-year-old French citizen, arrested in Marseilles carrying a Kalashnikov rifle.",haaretz.com,http://www.haaretz.com/news/world/1.596461
2014-06-01,04:39:33,26z75m,312,"The world is increasingly hungry because small farmers are losing access to farmland. [...] Corporate and commercial farms, big biofuel operations and land speculators are pushing millions off their land.",ipsnews.net,http://www.ipsnews.net/2014/05/small-farmers-loss-land-increases-world-hunger/?utm_source=rss&utm_medium=rss&utm_campaign=small-farmers-loss-land-increases-world-hunger
2014-06-01,02:51:56,26yy1n,274,"After a nation-wide attack against the Iranian President by Friday Prayer leaders for saying that ""you can't force people into heaven"", Rouhani hits back at them; publicly mocking the extremist clerics for opposing modernisation.",al-monitor.com,http://www.al-monitor.com/pulse/originals/2014/05/iran-hassan-rouhani-reactionary-clerics.html
2014-06-01,01:41:31,26ys9y,240,Sudanese woman facing death penalty for abandoning Islam to be freed,bbc.co.uk,http://www.bbc.co.uk/news/world-africa-27651483
2014-06-01,13:02:20,2709xf,221,UK 'threatens to quit EU over presidency' - Der Spiegel | German magazine Der Spiegel says British PM David Cameron warned that the UK could leave the EU if Luxembourg ex-PM Jean-Claude Juncker became president of the European Commission.,bbc.co.uk,http://www.bbc.co.uk/news/world-europe-27653359
2014-06-01,06:51:56,26zih9,172,UN backlash as Uganda's 'anti-gay' minister heads for human rights top job,theguardian.com,http://www.theguardian.com/world/2014/jun/01/uganda-anti-gay-minister-human-rights-kutesa
2014-06-01,02:54:55,26yyan,128,"World Cup: More than 1,400 football hooligans in England will have to hand their passports to police in the coming days to stop them going to the World Cup.",bbc.com,http://www.bbc.com/news/uk-27647510
2014-06-01,07:05:42,26zjk6,109,Desmond Tutu calls oilsands ‘filth’ created by greed in Fort McMurray speech,news.nationalpost.com,http://news.nationalpost.com/2014/05/31/desmond-tutu-calls-oilsands-filth-created-by-greed-in-fort-mcmurray-speech/
2014-06-01,08:06:31,26zobe,68,Canada pledges 3.5 Billion to improving maternal health in third-world countries,theglobeandmail.com,http://www.theglobeandmail.com/news/politics/ottawa-commits-major-new-funding-for-maternal-health/article18913095/
2014-06-01,15:50:08,270jrf,61,There Might Be 100 Million Planets In The Galaxy With Complex Life,universetoday.com,http://www.universetoday.com/112265/there-might-be-100-million-planets-in-the-galaxy-with-complex-life
2014-06-01,19:43:22,270t4y,48,"Palestinian Authority President Mahmoud Abbas said Saturday that a coalition government to be formed by his Fatah party and its rival, the militant group Hamas, will be sworn in Monday.",latimes.com,http://www.latimes.com/world/middleeast/la-fg-palestinian-unity-20140601-story.html#navtype=outfit
2014-06-01,10:35:10,26zzgm,45,"Eyeing Pakistan and China, India's Modi bolsters security team",cbc.ca,http://www.cbc.ca/news/world/eyeing-pakistan-and-china-india-s-modi-bolsters-security-team-1.2660955
2014-06-01,03:24:05,26z0sc,32,"Corporate Stranglehold of Farmland a Risk to World Food Security, Study Says",theguardian.com,http://www.theguardian.com/environment/2014/may/28/farmland-food-security-small-farmers
2014-06-01,02:27:24,26yw1b,33,US cybercrime laws being used to target security researchers,theguardian.com,http://www.theguardian.com/technology/2014/may/29/us-cybercrime-laws-security-researchers
2014-06-01,05:05:28,26z9d9,32,Russian language to become compulsory in Syrian schools,themoscowtimes.com,http://www.themoscowtimes.com/news/article/russian-language-to-become-compulsory-in-syrian-schools/501168.html
2014-06-01,07:14:37,26zk9t,26,"Ebola cases in Sierra Leone triple, to 50",cidrap.umn.edu,http://www.cidrap.umn.edu/news-perspective/2014/05/ebola-cases-sierra-leone-triple-50
2014-06-01,11:58:16,2705f9,27,German foreign intelligence agency wants to access social media sites in real time,dw.de,http://www.dw.de/german-foreign-intelligence-agency-wants-to-access-social-media-sites-in-real-time/a-17673649
2014-06-01,02:08:47,26yuic,27,"Google Got 12,000 Requests To Be 'Forgotten' In The Service's First Day",businessinsider.com,http://www.businessinsider.com/google-search-results-removal-program-12000-requests-2014-5?utm_source=feedburner&utm_medium=feed&utm_campaign=Feed%3A+typepad%2Falleyinsider%2Fsilicon_alley_insider+%28Silicon+Alley+Insider%29
2014-06-01,04:02:51,26z405,25,China reacts sharply to Hagel’s criticisms of its ‘destabilizing’ actions against neighbors,washingtonpost.com,http://www.washingtonpost.com/world/hagel-criticizes-chinas-destablizing-actions-against-its-neighbors/2014/05/31/6ec295d8-e8b5-11e3-8f90-73e071f3d637_story.html
2014-06-01,01:33:13,26yrlp,23,Turkish Activists Mark 1st Anniversary of Protests,time.com,http://time.com/2803555/turkish-activists-mark-1st-anniversary-of-protests/
2014-06-01,01:40:13,26ys6s,24,DPRK sentences S. Korean missionary to life hard labor for spying - Xinhua,news.xinhuanet.com,http://news.xinhuanet.com/english/world/2014-05/31/c_133374999.htm
2014-06-01,00:23:30,26ym7l,19,South Africa is the fattest sub Saharan nation.,mg.co.za,http://mg.co.za/article/2014-05-29-00-sa-has-the-fattest-sub-saharan-african-nation-study
