2014-08-23,20:05:20,2ecwh6,10100,UK: Man jailed for 33 months for pirating ‘Fast & Furious’,rt.com,http://rt.com/uk/182164-fast-furious-pirate-prison/
2014-08-23,23:29:15,2ed7tc,2313,Small volcanic eruption has started in Iceland.,ruv.is,http://www.ruv.is/frett/small-eruption-near-bardarbunga
2014-08-23,17:54:33,2ecqr5,2151,India's Mars orbiter to reach red planet in 33 days: Isro,timesofindia.indiatimes.com,http://timesofindia.indiatimes.com/home/science/Indias-Mars-orbiter-to-reach-red-planet-in-33-days-Isro/articleshow/40760308.cms
2014-08-23,04:37:13,2eb08h,1544,Lithuania envoy killed in Ukraine - Lithuania says its honorary consul in the rebel-held city of Luhansk in eastern Ukraine has been murdered by terrorists there,bbc.com,http://www.bbc.com/news/world-europe-28901386
2014-08-23,23:55:23,2ed9so,1374,"ISIS 'betraying' Muslims, says Calgary imam before hunger strike",cbc.ca,http://www.cbc.ca/news/canada/calgary/isis-betraying-muslims-says-calgary-imam-before-hunger-strike-1.2744182
2014-08-23,04:52:09,2eb1tt,1306,"Russian Artillery Units Are Firing at Ukrainian Soldiers, NATO Says",time.com,http://time.com/#3160900/nato-russia-artillery-ukraine/
2014-08-23,00:36:41,2ea9x0,1291,"Israeli boy, 4, killed by Gaza mortar in south; Rocket sirens wail in Tel Aviv",jpost.com,http://www.jpost.com/Arab-Israeli-Conflict/Abbas-expected-to-visit-Cairo-as-Gaza-rockets-continue-to-target-Israel-371945
2014-08-23,14:02:18,2ecdqr,1116,"Mapped: 568 earthquakes in Iceland in a single day: 22 August, 2014.",theglobeandmail.com,http://www.theglobeandmail.com/news/watch-the-500-earthquakes-recorded-in-iceland-today/article20174799/
2014-08-23,00:37:25,2ea9zq,1037,"Top U.S. military brass warns ISIS has ‘apocalyptic, end-of-days’ plan that can’t be stopped without attacks in Syria",news.nationalpost.com,http://news.nationalpost.com/2014/08/22/top-u-s-military-brass-warns-isis-has-apocalyptic-end-of-days-plan-that-cant-be-stopped-without-attacks-in-syria/
2014-08-23,01:54:04,2eai7y,940,Scottish independence: 1m voters sign declaration in favour of yes vote,theguardian.com,http://www.theguardian.com/politics/2014/aug/22/scottish-independence-1m-voters-sign-declaration
2014-08-23,19:10:04,2ecu0j,708,Last Ebola-free region of Liberia falls to virus as the World Health Organization warned the fight against the worst-ever outbreak of the killer disease would take months,tribune.com.ng,http://tribune.com.ng/news/news-headlines/item/14116-last-ebola-free-region-of-liberia-falls-to-virus
2014-08-23,10:40:02,2ebxzu,506,White House Says Foley Beheading a Terrorist Attack Against U.S.,online.wsj.com,http://online.wsj.com/articles/white-house-says-foley-beheading-a-terrorist-attack-against-u-s-1408734803
2014-08-23,23:06:53,2ed6c2,382,New law in Sierra Leone makes hiding Ebola patients illegal,bigstory.ap.org,http://bigstory.ap.org/article/sierra-leone-makes-hiding-ebola-patients-illegal
2014-08-23,03:28:31,2easq3,383,U.S. urges Russia to withdraw convoy from Ukraine,huffingtonpost.com,http://www.huffingtonpost.com/2014/08/22/us-russia-convoy-ukraine_n_5700597.html
2014-08-23,19:06:56,2ectw0,356,"Peru’s Alarming Environmental Regression - New laws cozy to big mining & give police impunity quelling eco-protests. Strips Environment Ministry of rule over air, soil & water quality, ends power to create reserves exempt from mining & oil. In Dec, Peru to host 'UN Climate Change Conference'.",america.aljazeera.com,http://america.aljazeera.com/opinions/2014/8/peru-environmentclimatechangemining.html
2014-08-23,18:24:07,2ecs32,343,"A fever of unidentified origin has killed 13 people in the northwestern Democratic Republic of Congo since August 11, the health minister said.",news.yahoo.com,http://news.yahoo.com/unidentified-fever-kills-13-dr-congo-10-days-150435478.html
2014-08-23,22:03:32,2ed2i6,337,15 Islamic State terrorists were killed overnight in another failed attempt to take over a Syrian Airbase. More than 150 jihadists were wounded in the assault.,dailystar.com.lb,http://www.dailystar.com.lb/News/Middle-East/2014/Aug-23/268259-jihadists-killed-in-new-push-to-take-syria-air-base.ashx#axzz3BDg6Zqzp
2014-08-23,03:53:33,2eavjc,328,Belgium Burka Ban: Diplomat Rips off Qatari Princess' Niqab - Yahoo News UK,uk.news.yahoo.com,https://uk.news.yahoo.com/belgium-burka-ban-diplomat-rips-off-qatari-princess-111935539.html#MvWzLEh
2014-08-23,10:33:04,2ebxes,317,President Barack Obama’s effort to have Arabs play the lead role in combating the Islamic State terrorist group suffered a setback yesterday when Sunni lawmakers quit talks on forming a new Iraqi government after Shiite gunmen killed scores of worshipers at a Sunni mosque,bloomberg.com,http://www.bloomberg.com/news/2014-08-22/obama-s-effort-to-combat-extremists-suffers-iraq-setback.html
2014-08-23,16:30:23,2ecmu9,245,"Ebola outbreak: Number of deaths are massively underestimated, warns WHO",independent.co.uk,http://www.independent.co.uk/news/world/africa/ebola-outbreak-number-of-deaths-are-massively-underestimated-warns-who-9686662.html
2014-08-23,07:19:22,2ebgu0,171,"Deputy nat'l security advisor says the US ""will not be restricted by borders"" in combating ISIS.",nytimes.com,http://www.nytimes.com/2014/08/23/world/middleeast/obama-adviser-says-military-action-possible-against-isis.html?hp&action=click&pgtype=Homepage&version=LedeSum&module=first-column-region&region=top-news&WT.nav=top-news&_r=0
2014-08-23,08:17:32,2ebm1m,173,Ebola crisis: Speed and extent of outbreak 'unprecedented',m.bbc.com,http://m.bbc.com/news/world-africa-28905382
2014-08-23,14:34:09,2ecfze,166,India makes 'liking' blasphemous content illegal [in Karnataka state],engadget.com,http://www.engadget.com/2014/08/22/india-censorship-blasphemy-laws-digital/?ncid=rss_truncated
2014-08-23,18:45:15,2ecsxu,153,"India, Pakistan trade gunfire in Kashmir; 4 dead",bigstory.ap.org,http://bigstory.ap.org/article/india-accuses-pakistan-killing-2-kashmir
2014-08-23,22:39:44,2ed4jy,118,U.S. considering taking fight against Islamic State into Syria,reuters.com,http://www.reuters.com/article/2014/08/23/us-iraq-security-usa-idUSKBN0GM1T920140823
2014-08-23,02:09:50,2eajyr,103,"WHO warns of 'shadow zones', hidden cases in Ebola outbreak",reuters.com,http://www.reuters.com/article/2014/08/22/us-health-ebola-who-idUSKBN0GM0RW20140822
2014-08-23,09:09:51,2ebqjb,102,"Call Sign 'Rogue': Pentagon Says One Chinese Commander Responsible For Spate Of Air Confrontations -- ""One...[U.S.] official likened the two jets to a 'school bus and a Ferrari,' with the People's Liberation Army's (PLA's) J-11 being the fast sports car doing circles around the lumbering Navy jet.""",complex.foreignpolicy.com,http://complex.foreignpolicy.com/posts/2014/08/22/call_sign_rogue_pentagon_says_one_chinese_commander_responsible_for_spate_of_air_co
2014-08-23,03:33:37,2eat9z,98,Merkel slams Russia over Ukraine convoy,washingtonpost.com,http://www.washingtonpost.com/world/europe/merkel-slams-russia-over-ukraine-convoy/2014/08/22/3175aea2-2a25-11e4-8b10-7db129976abb_story.html
2014-08-23,23:23:37,2ed7fo,95,"Russia Wants Regular, Transparent Reports on MH17 Crash Probe",en.ria.ru,http://en.ria.ru/world/20140823/192273535/Russia-Wants-Regular-Transparent-Reports-on-MH17-Crash.html
2014-08-23,06:23:40,2ebbb8,86,Pentagon: China tried to block U.S. military jet in dangerous mid-air intercept,washingtonpost.com,http://www.washingtonpost.com/world/national-security/pentagon-china-tried-to-block-us-military-jet-in-dangerous-mid-air-intercept/2014/08/22/533d24e8-2a1b-11e4-958c-268a320a60ce_story.html
