2014-04-04,04:57:45,224phe,3554,"NASA detects ocean inside Saturn Moon, potential home for extraterrestrial microbes",spaceindustrynews.com,http://spaceindustrynews.com/nasa-detects-ocean-inside-saturn-moon-potential-home-for-extraterrestrial-microbes/4244/
2014-04-04,19:15:46,226i3r,3311,McDonald's Closes Crimea Restaurants - Offers to relocate staff who wish to move to Ukraine.,bbc.com,http://www.bbc.com/news/business-26882704
2014-04-04,02:38:25,224b1r,2275,Ukraine detains 12 riot police on suspicion of 'mass murder',reuters.com,http://www.reuters.com/article/2014/04/03/us-ukraine-crisis-police-idUSBREA320GY20140403?feedType=RSS&feedName=topNews
2014-04-04,05:16:08,224rgk,2031,The White House confirms a US government aid agency was behind a text-message service that was allegedly designed to foment unrest in Cuba,bbc.com,http://www.bbc.com/news/world-us-canada-26876801
2014-04-04,18:38:49,226gi3,1702,"On Sunday, Nigeria will overtake South Africa and become Africa's biggest economy.",reuters.com,http://www.reuters.com/article/2014/04/04/nigeria-gdp-idUSL5N0MV4EZ20140404
2014-04-04,13:52:55,2261yi,1218,"CIA torture report: Dianne Feinstein called its findings ""shocking"" and the CIA's behavior ""in stark contrast to our values as a nation""",diaalnews.com,http://diaalnews.com/news/14938
2014-04-04,18:05:01,226f1t,1076,Crimea: no more McDonald's or methadone after annexation: Russia's annexation of Crimea sees shutdown of fast food chain and discontinuation of methadone programme for drug users,theguardian.com,http://www.theguardian.com/world/2014/apr/04/crimea-mcdonalds-methadone-shutdown
2014-04-04,23:51:29,227048,916,U.S. Pushes Canada to Loosen Privacy Laws,huffingtonpost.ca,http://www.huffingtonpost.ca/2014/04/03/canada-us-privacy-laws_n_5083034.html
2014-04-04,03:44:47,224hyg,822,"North Korean drones are analyzed, they contained pictures of Seoul, military bases in Baekryong island, and the Presidential residence. South Korean military denied their origins in March 24th, when one of the drones were initially found.",washingtonpost.com,http://www.washingtonpost.com/blogs/worldviews/wp/2014/04/02/take-a-closer-look-at-north-koreas-alleged-drones/
2014-04-04,09:06:56,225e8a,631,Report: FIFA threatens to expel Israel over restrictions on Palestinians,jpost.com,http://www.jpost.com/Sports/Report-FIFA-threatens-to-expel-Israel-over-restrictions-on-Palestinians-347088
2014-04-04,21:29:55,226ovq,620,Germany opens hearings on U.S. spying,washingtonpost.com,http://www.washingtonpost.com/world/germany-opens-hearings-on-us-spying/2014/04/03/cf58f2d0-b42b-4e59-a403-75f968d6edb0_story.html?tid=hpModule_04941f10-8a79-11e2-98d9-3012c1cd8d1e
2014-04-04,14:44:21,22658s,608,"Over 10,000 march in Montreal against austerity; pre-election protest was declared illegal as it began",cbc.ca,http://www.cbc.ca/news/canada/montreal/montreal-student-protest-against-austerity-ends-in-6-arrests-1.2597166
2014-04-04,03:45:15,224i0b,415,Korea's Largest Broadcaster Bans Pop Group Song For Using A Japanese Word,blogs.wsj.com,http://blogs.wsj.com/korearealtime/2014/04/03/crayon-pops-uh-ee-banned-for-shiny-japanese-word/
2014-04-04,12:27:44,225vmr,332,South Korean Chaebol buying vast swathes of land in Canada to resurrect the extinct Mammoth,imgism.com,http://www.imgism.com/jurassic-park-for-mammoths-may-be-under-development-in-northern-alberta/
2014-04-04,10:09:36,225jpm,295,U.S. warns China not to attempt Crimea-style action in Asia,news.yahoo.com,http://news.yahoo.com/u-warns-china-not-attempt-crimea-style-action-235759479.html
2014-04-04,20:31:33,226lp5,189,"Japan's biggest online retailer, Rakuten, ends whale meat sales",theguardian.com,http://www.theguardian.com/environment/2014/apr/04/rakuten-ends-whale-meat-sales
2014-04-04,22:55:50,226v71,152,Turkish court lifts YouTube ban,hurriyetdailynews.com,http://www.hurriyetdailynews.com/turkish-court-lifts-youtube-ban.aspx?pageID=238&nID=64544&NewsCatID=339
2014-04-04,13:00:08,225y73,106,Apparently separate outbreak of Ebola discovered in Liberia; reports of infection spreading to Mali.,promedmail.org,http://www.promedmail.org/direct.php?id=2379386
2014-04-04,21:46:42,226pzz,89,"Canadian-born journalist Kathy Gannon wounded, AP photographer killed on assignment in Afghanistan | CTV News",ctvnews.ca,http://www.ctvnews.ca/world/canadian-reporter-kathy-gannon-wounded-in-afghanistan-1.1760372#.Uz6poNDJf8w.reddit
2014-04-04,03:58:36,224jc2,72,Ocean discovered on Enceladus may be best place to look for alien life,theguardian.com,http://www.theguardian.com/science/2014/apr/03/ocean-enceladus-alien-life-water-saturn-moon
2014-04-04,16:59:22,226cbc,63,"""China should not doubt the U.S. commitment to defend its Asian allies and the prospect of economic retaliation should also discourage Beijing from using force to pursue territorial claims in Asia in the way Russia has in Crimea, a senior U.S. official said on Thursday [3 April 2014].""",reuters.com,http://www.reuters.com/article/2014/04/03/us-usa-china-crimea-asia-idUSBREA322DA20140403
2014-04-04,05:39:41,224u0s,63,Cambridge University Press refuses to publish book on Putin and his 'cronies' because of libel fears,economist.com,http://www.economist.com/blogs/easternapproaches/2014/04/russia
2014-04-04,22:09:47,226rn0,65,Tutu condemns US efforts to curb free speech on Palestine,electronicintifada.net,http://electronicintifada.net/blogs/ali-abunimah/tutu-condemns-us-efforts-curb-free-speech-palestine?utm_source=EI+readers&utm_campaign=45f4215847-RSS_EMAIL_CAMPAIGN&utm_medium=email&utm_term=0_e802a7602d-45f4215847-299155897
2014-04-04,04:42:46,224nxt,54,Ukraine Accuses Yanukovych Of Ordering Killing Of Anti-Government Protesters,huffingtonpost.com,http://www.huffingtonpost.com/2014/04/03/yanukovych-killing-protesters-ukraine_n_5082455.html?utm_hp_ref=uk&ir=UK
2014-04-04,22:10:25,226ror,51,'Spanish army has right to invade Catalonia',thelocal.es,http://www.thelocal.es/20140404/spain-can-call-in-the-army
2014-04-04,13:15:43,225zdp,46,Former Guantanamo detainee killed while leading jihadist group in Syria,longwarjournal.org,http://www.longwarjournal.org/archives/2014/04/former_guantanamo_de_2.php
2014-04-04,07:30:26,2255eg,48,German Greens want EU trial against Great Britain over GCHQ mass surveillance,dw.de,http://www.dw.de/greens-want-eu-trial-against-great-britain/a-17537012
2014-04-04,03:14:27,224erz,47,"""...by coupling the intellectual content of a document to its online name – doing away with the haphazard URL system – Assange outlines a potential future for the internet that would make it faster and much more difficult to censor.""",telegraph.co.uk,http://www.telegraph.co.uk/culture/books/booknews/10741157/Julian-Assanges-conversations-with-Googles-Eric-Schmidt-to-be-published.html
2014-04-04,04:18:15,224ldg,44,"Nobel winner Gabriel García Márquez hospitalised in Mexico City | Colombian author of bestselling and critically loved works such as 100 Years of Solitude, hospitalised for unspecified causes.",theguardian.com,http://www.theguardian.com/books/2014/apr/03/gabriel-garcia-marquez-hospital-mexico-city-health
2014-04-04,20:44:00,226mc2,47,French Company Orders 7 Additional Russian Soyuz Rockets,en.ria.ru,http://en.ria.ru/world/20140404/189032938/French-Company-Orders-7-Additional-Russian-Soyuz-Rockets-.html
