2014-03-12,17:58:38,207v96,3328,Australian makes protesting illegal and fines protesters $600 and can gaol (jail) up to 2 years,talkingpoints.com.au,http://talkingpoints.com.au/2014/03/r-p-free-speech-protesters-can-now-charged-750-2-years-gaol-attending-protests-victoria/
2014-03-12,22:16:01,208aea,3106,A girl who was kidnapped 7 months ago in Spain has turned up alive in the depths of the Amazon rainforest,thelocal.es,http://www.thelocal.es/20140312/kidnapped-barcelona-girl-found-in-the-amazon
2014-03-12,23:46:26,208ii0,2827,Russia has lost more money in one day as a result of the Ukraine crisis than it spent preparing for the Sochi Games,time.com,http://time.com/11952/putin-ukraine-crimea-russia/
2014-03-12,12:40:53,207dtq,2655,Gay sex just got decriminalized in Lebanon,policymic.com,http://www.policymic.com/articles/84401/gays-in-lebanon-just-snagged-a-major-victory
2014-03-12,06:31:04,206f1n,2306,Poland moves to reduce dependence on Russian gas,sacbee.com,http://www.sacbee.com/2014/03/11/6227247/poland-moves-to-reduce-dependence.html
2014-03-12,20:53:57,2084j1,1361,"Tim Berners-Lee, inventor of the Web, calls for a global Digital Bill of Rights to protect Internet users from surveillance.",huffingtonpost.com,http://www.huffingtonpost.com/2014/03/12/bill-of-rights-tim-berners-lee_n_4947121.html?utm_hp_ref=technology
2014-03-12,19:16:42,207yvv,1272,Body wearing lifejacket reported found off Malacca｜The Beijing News reports a source claiming to be a local volunteer assisting in the search for missing Malaysia Airlines flight MH370 has found a dead body wearing a lifejacket,wantchinatimes.com,http://www.wantchinatimes.com/news-subclass-cnt.aspx?id=20140312000154&cid=1103
2014-03-12,21:29:52,2086wf,821,How the NSA Plans to Infect “Millions” of Computers with Malware,firstlook.org,https://firstlook.org/theintercept/article/2014/03/12/nsa-plans-infect-millions-computers-malware/
2014-03-12,01:49:58,205ldn,720,Masked guards seized computers from three Norwegian journalists and labelled them as spies as they attempted to leave Crimea,thelocal.no,http://www.thelocal.no/20140311/masked-russians-seized-our-gear-ukraine-crimea
2014-03-12,02:14:44,205nu1,708,Malaysia Airlines Flight 370 turned 290 degrees and headed to Indonesia for at least 2 hours after contact lost near Vietnam,cnn.com,http://www.cnn.com/2014/03/11/world/asia/malaysia-airlines-plane
2014-03-12,13:20:18,207gq3,709,"A photographic view of how a faceless militia is operating in Ukraine right now. They are, ""Believed to be Russian soldiers.""",theatlantic.com,http://www.theatlantic.com/infocus/2014/03/-believed-to-be-russian-soldiers/100696/
2014-03-12,05:44:15,206a5a,698,Venezuelan student leader shot dead at protest,bbc.com,http://www.bbc.com/news/world-latin-america-26525145
2014-03-12,20:37:55,2083ic,698,Chinese ridicule Malaysia’s recruitment of ‘witch doctor’ to track missing plane,scmp.com,http://www.scmp.com/news/china/article/1447159/chinese-ridicule-malaysias-recruitment-witch-doctor-track-missing-plane
2014-03-12,23:26:42,208gjp,663,Barrage of rockets launched from Gaza to Israel | i24news,i24news.tv,http://www.i24news.tv/en/news/israel/diplomacy-defense/140312-barrage-of-rockets-launched-from-gaza-to-israel
2014-03-12,01:07:28,205h30,587,Japan wants to dump radioactive water from Fukushima in sea,theaustralian.com.au,http://www.theaustralian.com.au/news/world/japan-wants-to-dump-radioactive-water-from-fukushima-in-sea/story-fnb64oi6-1226851651534#
2014-03-12,09:35:57,206wy8,579,Malaysia’s air force chief denies saying MH370 detected over Malacca strait,themalaysianinsider.com,http://www.themalaysianinsider.com/malaysia/article/malaysias-air-force-chief-denies-saying-mh370-detected-over-malacca-strait
2014-03-12,20:24:18,2082oc,424,"Turkey: thousands gather at funeral of Berkin Elvan, 14, who died after being wounded by a police tear gas canister",reuters.com,http://www.reuters.com/article/2014/03/12/us-turkey-protests-idUSBREA2A0XP20140312
2014-03-12,01:44:39,205kte,344,"Russian oligarchs and Vladimir Putin are likely to escape sanctions over the occupation of Ukraine, UK government admits",telegraph.co.uk,http://www.telegraph.co.uk/news/worldnews/europe/ukraine/10690339/Ukraine-crisis-Putin-and-oligarchs-to-escape-sanctions.html
2014-03-12,15:01:06,207mya,331,Missing MH370: Hopes as fishermen find life raft,news.asiaone.com,http://news.asiaone.com/news/malaysia/missing-mh370-hopes-fishermen-find-life-raft
2014-03-12,22:40:58,208cgf,324,Israel ends ultra-Orthodox military service exemptions,bbc.com,http://www.bbc.com/news/world-middle-east-26542316
2014-03-12,20:29:26,2082zq,305,"'Tell us the truth': Chinese families hurl water bottles at Malaysian airline staff before clueless officials admit the plane is anywhere within a 27,000 square nautical mile area and change their mind over when it was last seen again",dailymail.co.uk,http://www.dailymail.co.uk/news/article-2578914/Nine-fresh-witnesses-place-missing-jet-near-Thailand-despite-Malaysia-military-moving-search-area-west.html
2014-03-12,00:51:56,205fiv,279,"Turkish boy hurt in anti-government protests dies nine months later | Berkin Elvan, then aged 14, got caught up in street battles between police and protesters after going out to buy bread for his family. He was struck in the head with a suspected police tear-gas canister and went into a coma.",reuters.com,http://www.reuters.com/article/2014/03/11/us-turkey-protests-idUSBREA2A0DV20140311
2014-03-12,19:55:21,2080xa,263,Ukraine says will not fight Russia over Crimea,telegraph.co.uk,http://www.telegraph.co.uk/news/worldnews/europe/ukraine/10692122/Ukraine-says-will-not-fight-Russia-over-Crimea.html
2014-03-12,17:38:52,207uf9,233,The World Wide Web is 25 years old today!,home.web.cern.ch,http://home.web.cern.ch/about/updates/2014/03/world-wide-web-born-cern-25-years-ago
2014-03-12,04:24:09,2061cy,223,"Crimea's planned March 16 referendum on joining Russia is illegal in its current form and the OSCE will not send a mission to observe it, the Swiss head of Europe's security and democracy watchdog said on Monday",in.reuters.com,http://in.reuters.com/article/2014/03/11/ukraine-crisis-referendum-osce-idINDEEA2A0DS20140311
2014-03-12,21:50:47,2088el,159,BBC News - G7 warns Russia on 'annexing' Crimea,m.bbc.com,http://m.bbc.com/news/world-europe-26547138
2014-03-12,07:26:23,206kkv,159,Angela Merkel: Putin's Ukraine referendum illegal,csmonitor.com,http://www.csmonitor.com/World/Latest-News-Wires/2014/0310/Angela-Merkel-Putin-s-Ukraine-referendum-illegal
2014-03-12,20:59:29,2084vm,148,Mexico arrests vigilante leader who helped to battle drug cartel,reuters.com,http://www.reuters.com/article/2014/03/12/us-mexico-drugs-idUSBREA2B0D720140312
2014-03-12,15:56:46,207psw,133,"MH370: Fishermen find life raft, but it ""sunk into the sea"" when in custody of the Malaysian Maritime Enforcement Agency (MMEA).",nst.com.my,http://www.nst.com.my/latest/font-color-red-missing-mh370-font-fishermen-find-life-raft-near-pd-1.509222
2014-03-12,14:41:45,207lue,133,"Europe: Say bye bye to parmesan, muenster & feta, American cheesemongers; EU wants to ban the use of European names like parmesan and gruyere on cheeses made in the US.",theguardian.com,http://www.theguardian.com/lifeandstyle/2014/mar/11/europe-trade-talks-cheese-back-parmesan-feta
