2014-08-21,23:43:39,2e6m87,23003,ISIS Spokesman Who Promised To 'Raise The Flag Of Allah In The White House' Is Killed,opposingviews.com,http://www.opposingviews.com/i/society/isis-spokesperson-reportedly-killed-syrian-army
2014-08-21,09:37:21,2e4v1t,6681,Canadian government orders scientist not to disclose extent of polar melting,boingboing.net,http://boingboing.net/2014/08/20/canadian-government-orders-sci.html
2014-08-21,01:06:34,2e3b38,11124,British Right-Wing party (UKIP) calls to strip Islamic State militants of their British citizenship,rt.com,http://rt.com/uk/181680-strip-citizenship-uk-jihadists/?utm_source=browser&utm_medium=aplication_chrome&utm_campaign=chrome
2014-08-21,13:21:55,2e5g96,3523,"North Korean Internet users download American Porn, Violent video games and British TV show Top Gear",independent.co.uk,http://www.independent.co.uk/life-style/gadgets-and-tech/north-korean-internet-users-download-top-gear-violent-video-games-and-american-porn-9675517.html
2014-08-21,19:57:25,2e64e5,3190,Suicide Tourism: Terminally ill Britons now make up a nearly one quarter of users of suicide clinics in Switzerland. Only Germany has a higher numbers of ‘suicide tourists’ visiting institutions to end their own lives,telegraph.co.uk,http://www.telegraph.co.uk/science/science-news/11046232/Nearly-quarter-of-suicide-cases-at-Dignitas-are-Brits.html
2014-08-21,02:54:01,2e3nf5,2401,"A 111-year-old Japanese national has been certified as the world's oldest man. With this, Japan now boasts of having the world's oldest man and woman",nhk.or.jp,http://www3.nhk.or.jp/nhkworld/english/news/20140820_21.html
2014-08-21,05:20:06,2e446i,2172,Confirmed: Microbial life found half mile below Antarctic ice sheet,latimes.com,http://www.latimes.com/science/sciencenow/la-sci-sn-microbe-ecosystem-antartic-ice-sheet-20140819-story.html
2014-08-21,15:22:12,2e5p7r,1868,Earth's atmosphere contains an unexpectedly large amount of an ozone-depleting compound from an unknown source decades after the compound was banned worldwide,nasa.gov,http://www.nasa.gov/press/2014/august/ozone-depleting-compound-persists-nasa-research-shows/index.html#.U_WPvcWSz95
2014-08-21,19:15:53,2e623s,1726,"A 70-year-old Australian grandfather has become the oldest person to swim the English Channel, celebrating his feat by having a couple of beers ""for medicinal purposes""",nzherald.co.nz,http://www.nzherald.co.nz/world/news/article.cfm?c_id=2&objectid=11312304
2014-08-21,14:11:05,2e5k3b,1630,Gaza rocket fire hits new heights: 168 launched in one day,ynetnews.com,"http://www.ynetnews.com/articles/0,7340,L-4560729,00.html"
2014-08-21,03:49:18,2e3tu6,1588,"In first, Hamas official takes credit for kidnap and murder of Israeli teens",jpost.com,http://www.jpost.com/Arab-Israeli-Conflict/In-first-Hamas-official-takes-credit-for-kidnap-and-murder-of-Israeli-teens-371703
2014-08-21,02:27:57,2e3k9d,1508,Obama addresses James Foley’s beheading by ISIS: ‘No just God would stand for what they did’,nydailynews.com,http://www.nydailynews.com/news/politics/obama-expected-address-james-foley-footage-martha-vineyard-article-1.1910255
2014-08-21,10:36:11,2e50w7,1402,James Foley death sparks manhunt to find British jihadist,canberratimes.com.au,http://www.canberratimes.com.au/world/james-foley-death-sparks-manhunt-to-find-british-jihadist-20140821-106idj.html
2014-08-21,22:24:13,2e6eig,1267,Israel kills three top Hamas commanders,m.bbc.com,http://m.bbc.com/news/world-middle-east-28876821
2014-08-21,22:10:27,2e6dds,969,"Shortly after Uganda’s controversial Anti-Homosexuality Act was struck down by the courts on a technicality, a similar proposed bill in neighboring Kenya seeking harsh punishments for homosexuals was found unconstitutional",pangeatoday.com,http://www.pangeatoday.com/stone-the-gays-bill-in-kenya-rejected/?orderBy=popular
2014-08-21,18:43:18,2e60gt,902,"Ivory poachers killing elephants faster than they are being born, a new study says",america.aljazeera.com,http://america.aljazeera.com/articles/2014/8/19/africa-elephant-poaching.html
2014-08-21,23:16:56,2e6jhl,857,"Growing fears that Iceland's Bardarbunga volcano could be about to erupt, with around 1,000 earthquakes in the past 24 hours:",bbc.com,http://www.bbc.com/news/world-europe-28870969
2014-08-21,05:36:59,2e4617,712,Three more Tibetans have died of untreated gunshot wounds after Chinese authorities fired on peaceful protesters last week in Sichuan Province and refused to treat the dozens who were injured and detained,rfa.org,http://www.rfa.org/english/news/tibet/wounds-08192014131944.html
2014-08-21,01:53:23,2e3gam,656,Ecuador president confirms that the country has granted asylum to Julian Assange,en.itar-tass.com,http://en.itar-tass.com/world/745802
2014-08-21,15:23:59,2e5pbv,547,Three top Hamas commanders killed in Israeli strike,itv.com,http://www.itv.com/news/update/2014-08-21/three-top-hamas-commanders-killed-in-israeli-strike/
2014-08-21,05:09:54,2e431s,501,Police warn sharing James Foley killing video is a crime under Britain's anti-terror laws. Even viewing the video may be a criminal offense.,theguardian.com,http://www.theguardian.com/uk-news/2014/aug/20/police-warn-james-foley-video-crime-social-media
2014-08-21,05:47:33,2e479t,384,Hundreds Rally in Ireland After Rape Victim Says Denied Abortion,ndtv.com,http://www.ndtv.com/article/world/hundreds-rally-in-ireland-after-rape-victim-says-denied-abortion-579175
2014-08-21,23:35:05,2e6ldj,364,Israel-Gaza conflict: Anti-Semitic incidents 'up 500%' in UK since start of bombardment of Gaza,independent.co.uk,http://www.independent.co.uk/news/uk/home-news/israelgaza-conflict-antisemitic-incidents-up-500-in-uk-since-start-of-bombardment-of-gaza-9681324.html
2014-08-21,22:22:55,2e6eee,317,James Foley captors first asked for $135 million ransom,cnn.com,http://www.cnn.com/2014/08/21/world/meast/isis-james-foley/index.html?c=homepage-t
2014-08-21,15:54:41,2e5r8j,287,China pulls plug on genetically modified rice and corn,news.sciencemag.org,http://news.sciencemag.org/asiapacific/2014/08/china-pulls-plug-genetically-modified-rice-and-corn
2014-08-21,02:58:35,2e3nxk,266,U.S. considering sending more troops to Iraq,abcnews.go.com,http://abcnews.go.com/Politics/wireStory/us-official-airstrikes-iraq-25053073
2014-08-21,20:09:06,2e6523,256,"Violence, threats, prompt more Muslim women in Britain to wear a veil",reuters.com,http://www.reuters.com/article/2014/08/21/uk-britain-muslim-veils-idUKKBN0GL0X720140821?feedType=RSS&feedName=topNews
2014-08-21,20:58:26,2e684c,255,Russian aid convoy enters Ukraine and gets instructions,bbc.com,http://www.bbc.com/news/world-europe-28870974
2014-08-21,20:40:28,2e66zi,219,Google removes 12 BBC News links in 'right to be forgotten',bbc.com,https://www.bbc.com/news/technology-28851366
2014-08-21,07:00:35,2e4f8x,209,"15,000 Iraqi Sunni tribesmen will join the ranks of the Iraqi army in western Anbar province to fight against the Islamic State militant group.",turkishweekly.net,http://www.turkishweekly.net/news/170574/15-000-sunni-tribesmen-to-join-iraqi-forces-to-fight-is.html
