2014-05-09,22:57:05,254mmd,3633,Rio 2016 so far behind schedule the IOC considering using London 2012 sites instead.,telegraph.co.uk,http://www.telegraph.co.uk/sport/olympics/10819420/IOC-chiefs-make-secret-plea-to-use-London-2012-venues-as-Rio-2016-Olympic-Games-fall-worryingly-behind-schedule.html
2014-05-09,10:42:31,253df5,3554,Australian Treasurer Joe Hockey has attacked wind farms as “utterly offensive and “a blight on the landscape” in the latest sign that the Abbott government intends to cut back on renewable energy,smh.com.au,http://www.smh.com.au/federal-politics/joe-hockey-warns-clean-energy-and-utterly-offensive-windfarms-are-in-his-budget-crosshairs-20140502-zr3cc.html
2014-05-09,22:49:45,254m0n,2883,Pope Francis Calls For 'Legitimate Redistribution' Of Wealth To The Poor.,huffingtonpost.com,http://www.huffingtonpost.com/2014/05/09/pope-francis-redistribution-wealth-_n_5294629.html
2014-05-09,00:48:50,251s2g,2485,War on drugs is a failure.,m.aljazeera.com,http://m.aljazeera.com/story/201456212727317668
2014-05-09,00:00:32,251nak,1519,"A court in Saudi Arabia has sentenced the editor of an Internet forum he founded to discuss the role of religion in the conservative Islamic kingdom to 10 years in jail and 1,000 lashes",news.yahoo.com,http://news.yahoo.com/saudi-liberals-website-founder-sentenced-10-years-jail-160518135.html
2014-05-09,20:27:43,254cja,1106,Beijing to the US by train: China outlines plans to connect world by high speed rail network,independent.co.uk,http://www.independent.co.uk/life-style/gadgets-and-tech/news/beijing-to-the-us-by-train-china-outlines-plans-to-connect-world-by-high-speed-rail-network-9342749.html
2014-05-09,18:32:10,2547ch,1037,"Soviets saved Europe from fascism, says Vladimir Putin on war anniversary",theguardian.com,http://www.theguardian.com/world/2014/may/09/vladimir-putin-war-anniversary-fascism
2014-05-09,00:11:52,251odu,744,UK deploys a destroyer to track Russian aircraft carrier,worldbulletin.net,http://www.worldbulletin.net/world/135829/uk-says-deploys-a-destroyer-to-track-russian-aircraft-carrier
2014-05-09,20:54:34,254e1b,706,Israel sends more spies to unearth US secrets than any other ally: Newsweek,chinapost.com.tw,http://www.chinapost.com.tw/international/americas/2014/05/09/407245/Israel-sends.htm
2014-05-09,04:19:54,252dfj,680,China is considering plans to build a high-speed railway line to the US,theguardian.com,http://www.theguardian.com/world/2014/may/08/chinese-experts-discussions-high-speed-beijing-american-railway
2014-05-09,19:55:52,254ayp,477,Casualties as fighting breaks out in Ukraine port city of Mariupol,straitstimes.com,http://www.straitstimes.com/news/world/europe/story/casualties-fighting-breaks-out-ukraine-port-city-mariupol-20140509
2014-05-09,10:09:09,253ajh,316,"A newly discovered, 3,100-year-old Egyptian tomb includes intricate hieroglyphics describing the afterlife",news.nationalpost.com,http://news.nationalpost.com/2014/05/08/a-newly-discovered-3100-year-old-egyptian-tomb-includes-intricate-hieroglyphics-describing-the-afterlife/
2014-05-09,18:40:54,2547oe,263,Coca-Cola to close two Russian juice plants as market shrinks,reuters.com,http://www.reuters.com/article/2014/05/08/us-coca-cola-russia-idUSBREA470JI20140508
2014-05-09,10:55:18,253ekk,204,Australian Government Wants to Selectively Slaughter Sharks for Three More Years,news.vice.com,https://news.vice.com/article/australia-wants-to-selectively-slaughter-sharks-for-three-more-years
2014-05-09,02:10:25,25207e,189,"6.8 Earthquake - 40 miles NW of Acapulco, Mexico",earthquake.usgs.gov,http://earthquake.usgs.gov/earthquakes/eventpage/at00n59lwg#summary
2014-05-09,22:17:53,254jhn,183,Putin Arrives in Crimea for First Visit Since Annexation,bloomberg.com,http://www.bloomberg.com/news/2014-05-08/putin-to-showcase-military-as-drill-fuels-ukraine-tension.html
2014-05-09,21:22:15,254foo,167,"Honest Sri Lankan student gets to keep $80,000",ausnewslanka.com,http://ausnewslanka.com/index.php/news/item/1160-honest-sri-lankan-student-gets-to-keep-80-000
2014-05-09,03:32:49,2528mr,166,Turkey caught shipping weapons to terrorists in syria,english.farsnews.com,http://english.farsnews.com/newstext.aspx?nn=13930218000599
2014-05-09,17:54:26,2545r1,165,US voices 'concerns' at sale of French warships to Russia,news.yahoo.com,http://news.yahoo.com/us-voices-concerns-sale-french-warships-russia-181201334.html
2014-05-09,23:21:25,254oo9,168,Canadian Government snooping on social media may breach Privacy Act,cbc.ca,http://www.cbc.ca/news/politics/government-snooping-on-social-media-may-breach-privacy-act-1.2636905
2014-05-09,14:19:08,253uum,162,Chinese Premier Li Keqiang unveiled extra aid for Africa totalling at least $12 billion and offered to share advance technology with the continent,reuters.com,http://www.reuters.com/article/2014/05/09/us-china-africa-idUSBREA4802320140509
2014-05-09,17:48:24,2545h8,154,Spanish and Portuguese fishing boats targeting sharks after collapse in tuna catches,westernmorningnews.co.uk,http://www.westernmorningnews.co.uk/Wall-death-devastating-shark-numbers/story-21066612-detail/story.html
2014-05-09,01:31:43,251wc2,130,Muslim world scholars condemn Nigeria kidnapping,news.yahoo.com,http://news.yahoo.com/muslim-world-scholars-condemn-nigeria-kidnapping-103421409.html
2014-05-09,22:36:40,254l0e,113,"Putin visits annexed Crimea, hails its ‘return to the Motherland’",thestar.com,http://www.thestar.com/news/world/2014/05/09/putin_makes_his_first_trip_to_crimea_since_annexation_by_russia.html
2014-05-09,01:58:44,251yza,112,"Russia bars Canadian, U.S. officials as Ukraine separatists rebuff Putin",theglobeandmail.com,http://www.theglobeandmail.com/news/world/ukraine/article18550267/
2014-05-09,08:11:50,2530bn,84,"Ukraine PM says he suspects Putin plot for victory day: ""Yatseniuk said he feared Moscow was planning an incident involving veterans who fought with the Soviet army in defeating the Nazis.""",reuters.com,http://www.reuters.com/article/2014/05/08/us-ukraine-crisis-yatseniuk-idUSBREA470ZE20140508
2014-05-09,00:28:34,251pzo,60,Venezuela National Guard Raids Student Protest Camps arresting 243 students,bloomberg.com,http://www.bloomberg.com/news/2014-05-08/venezuela-national-guard-raids-student-protest-camps.html
2014-05-09,03:56:25,252b36,53,Islamic officials from around the world unanimously condemn and denounce Boko Haram's abduction of girls,dawn.com,http://www.dawn.com/news/1105048/islamic-officials-condemn-kidnapping-of-nigerian-schoolgirls
2014-05-09,09:45:58,2538k9,48,German Alternatives to Russian Gas Numerous But Pricey,spiegel.de,http://www.spiegel.de/international/business/german-alternatives-to-russian-gas-numerous-but-pricey-a-967682.html
2014-05-09,06:50:24,252sev,47,"Child Rape, Mass Graves Detailed in South Sudan; UN Says Human Rights Violations by Both Sides in Conflict",america.aljazeera.com,http://america.aljazeera.com/articles/2014/5/8/report-gross-humanrightsabusesseeninssudan.html
