2014-07-16,19:53:37,2auk19,8383,Giant hole appears at 'world's end',9news.com.au,http://www.9news.com.au/world/2014/07/16/04/48/giant-hole-appears-at-world-end
2014-07-16,21:45:24,2auqw1,3466,Journalists will face jail over spy leaks under new security laws in Australia,theguardian.com,http://www.theguardian.com/world/2014/jul/16/journalists-face-jail-leaks-security-laws
2014-07-16,16:42:11,2aualo,1823,Julian Assange May be Freed Today,sverigesradio.se,http://sverigesradio.se/sida/artikel.aspx?programid=2054&artikel=5915186
2014-07-16,21:14:03,2auorq,1576,660 paedophile suspects arrested in the UK - Paedophiles using the 'Dark Web'.,news.uk.msn.com,http://news.uk.msn.com/uk/660-paedophile-suspects-arrested
2014-07-16,01:52:58,2ary36,1380,​Tesla Motors magnate Elon Musk donates $1 mn to Nikola Tesla museum,rt.com,http://rt.com/usa/172184-elon-musk-donate-million-tesla/
2014-07-16,17:30:46,2aucot,1305,"Four-winged dinosaur is 'biggest ever': A new four-winged dinosaur has been discovered, with exceptionally long feathers on its tail and ""hindwings"". Changyuraptor yangi was a gliding predator which lived in the Cretaceous period in what is now Liaoning, China.",bbc.com,http://www.bbc.com/news/science-environment-28295571
2014-07-16,19:58:16,2aukam,1250,"Former dictator Manuel Noriega sues Call of Duty publishers for ‘portraying him as a kidnapper, murderer and enemy of the state'",independent.co.uk,http://www.independent.co.uk/life-style/gadgets-and-tech/gaming/former-dictator-manuel-noriega-sues-call-of-duty-publishers-for-portraying-him-as-a-kidnapper-murderer-and-enemy-of-the-state-9609287.html
2014-07-16,20:25:12,2aulsh,1045,900 Kurds enter Syria to defend Kurdish city against the Islamic State,news.xinhuanet.com,http://news.xinhuanet.com/english/world/2014-07/16/c_126757393.htm
2014-07-16,11:54:26,2atp7f,841,Metropolitan Police officer was moved 'from child abuse inquiry' - A former senior Metropolitan Police officer says he was moved from his post when he revealed plans to investigate politicians over child abuse claims.,bbc.co.uk,http://www.bbc.co.uk/news/uk-28316874#sa-ns_mchannel=rss&ns_source=PublicRSS20-sa
2014-07-16,02:51:25,2as4ka,805,New UK 'Drip' data law will allow interception of internet traffic worldwide,theguardian.com,http://www.theguardian.com/technology/2014/jul/15/academics-uk-data-law-surveillance-bill-rushed-parliament
2014-07-16,01:30:12,2arvnm,529,Suicide Blast Kills 89 in Afghanistan,voanews.com,http://www.voanews.com/content/afghan-violence-kills-at-least-40/1957672.html
2014-07-16,21:05:54,2auo82,495,Federal and state police officers raided a group home Tuesday in the western state of Michoacan and rescued 458 children who were forced to beg for money and suffered sexual abuse while being against their will in filthy conditions,usatoday.com,http://www.usatoday.com/story/news/world/2014/07/15/children-group-home-mexico/12716985/
2014-07-16,00:53:54,2arrts,489,"10,000-year-old rock paintings depicting aliens and UFOs found in India",timesofindia.indiatimes.com,http://timesofindia.indiatimes.com/india/10000-year-old-rock-paintings-depicting-aliens-and-UFOs-found-in-Chhattisgarh/articleshow/38435091.cms
2014-07-16,00:46:16,2arr1n,489,Germany pledges $1bn to UN climate change fund,theguardian.com,http://www.theguardian.com/environment/2014/jul/15/germany-pledges-1bn-to-un-climate-change-fund
2014-07-16,20:35:01,2aumaq,476,Georgian ambassador at time of 2008 war with Russia found dead,reuters.com,http://www.reuters.com/article/2014/07/15/us-georgia-ambassador-death-idUSKBN0FK27R20140715
2014-07-16,14:16:51,2au1k8,355,ISIS has ordered government workers to stop giving rations to Christians and Shiites in Mosul,aina.org,http://www.aina.org/news/20140714204343.htm
2014-07-16,05:56:47,2aspkx,293,Hundreds of Kurdish fighters have entered northern Syria to help battle jihadists besieging the Kurdish city of Ain al-Arab,uk.news.yahoo.com,https://uk.news.yahoo.com/kurds-enter-syria-turkey-fight-jihadists-123410611.html#kBfPx9y
2014-07-16,23:12:03,2auxq9,290,Ukraine submits evidence of Russian covert action,euractiv.com,http://www.euractiv.com/sections/europes-east/ukraine-submits-evidence-russian-covert-action-303529
2014-07-16,08:41:00,2at6me,193,Software used to count Australian Senate votes is a “trade secret”,easycount.mjec.net,http://easycount.mjec.net/
2014-07-16,21:01:47,2aunz3,177,"Germany has criticised Russia for failing to meet commitments to end the violence in Ukraine, and said it might face further EU sanctions.",bbc.com,http://www.bbc.com/news/world-europe-28327453
2014-07-16,10:35:33,2athlu,178,Leaders of the BRICS emerging market nations launched a $100 billion development bank and a currency reserve pool on Tuesday in their first concrete step toward reshaping the Western-dominated international financial system.,reuters.com,http://www.reuters.com/article/2014/07/15/us-brics-summit-bank-idUSKBN0FK08V20140715
2014-07-16,07:40:46,2at0oc,148,"As Border Tensions Rise, Ukraine and Russia Draw Nearer to Direct Conflict",nytimes.com,http://www.nytimes.com/2014/07/16/world/europe/ukraine-russia-tensions-rise-over-attacks.html?_r=0
2014-07-16,23:35:58,2av00e,121,UN's Pillay suggests Snowden should not face trial,reuters.com,http://www.reuters.com/article/2014/07/16/usa-security-un-idUSL6N0PR1S920140716
2014-07-16,04:38:16,2asgv7,109,"BRICS Development Bank launched, first president to be from India",timesofindia.indiatimes.com,http://timesofindia.indiatimes.com/business/international-business/BRICS-Development-Bank-launched-first-president-to-be-from-India/articleshow/38440605.cms
2014-07-16,01:11:46,2artof,104,Venezuela inflation rose to 62.1 percent in 12 months.,reuters.com,http://www.reuters.com/article/2014/07/15/venezuela-economy-idUSL2N0PQ0S720140715
2014-07-16,06:51:50,2asvjz,102,US signs pact for $11 billion arms sale to Qatar,hindustantimes.com,http://www.hindustantimes.com/world-news/us-signs-pact-for-11-billion-arms-sale-to-qatar/article1-1240426.aspx
2014-07-16,18:49:27,2augqi,99,More than 600 suspected paedophiles have been arrested as part of a six-month operation in UK targeting people accessing child abuse images online,bbc.com,http://www.bbc.com/news/uk-28326128
2014-07-16,14:54:38,2au47m,91,"India's PM Modi ups China stake: If we solve our border dispute, it’s a model for world",indianexpress.com,http://indianexpress.com/article/india/india-others/modi-ups-china-stake-if-we-solve-our-border-dispute-its-a-model-for-world/
2014-07-16,06:50:41,2asvfn,73,Seoul to provide $3 million in aid to North,nknews.org,http://www.nknews.org/2014/07/seoul-to-provide-3-million-in-aid-to-north/
2014-07-16,04:36:58,2asgpr,60,"The leaders of the five BRICS countries have signed a deal to create a new $100bn (£583m) development bank and emergency reserve fund. The BRICS group is made up of Brazil, Russia, India, China & South Africa.",bbc.com,http://www.bbc.com/news/business-28317555
