2014-04-17,18:23:36,23999v,3320,Putin admits Russian forces were deployed to Crimea.,uk.reuters.com,http://uk.reuters.com/article/2014/04/17/russia-putin-crimea-idUKL6N0N921H20140417
2014-04-17,07:29:44,237xs2,2865,"Jimmy Carter and Nobel Laureates Urge President Obama to reject the Keystone XL Pipeline: ""History will reflect on this moment...""",cbc.ca,http://www.cbc.ca/news/business/jimmy-carter-urges-keystone-xl-rejection-1.2612326
2014-04-17,02:34:01,2373gw,2521,Ukraine submits proof of Russian covert action,euractiv.com,http://www.euractiv.com/sections/global-europe/ukraine-submits-proof-russian-covert-action-301601
2014-04-17,00:09:10,236p8i,2348,"U.S. drone strike kills New Zealander, Australian in Yemen",america.aljazeera.com,http://america.aljazeera.com/articles/2014/4/16/new-zealand-australianmenkilledinyemenstrike.html
2014-04-17,19:31:42,239c1t,2188,"Putin Asserts Right to Use Force in Eastern Ukraine - '[He] stressed Russia’s historical claim to the territory, repeatedly referring to it as “new Russia”'",nytimes.com,http://www.nytimes.com/2014/04/18/world/europe/russia-ukraine.html
2014-04-17,23:39:41,239sbp,1450,Ukrainian Oligarch Offers $10k for Each Captured Russian Invader,thetrumpet.com,https://www.thetrumpet.com/article/11614.19.0.0/world/military/ukrainian-oligarch-offers-10k-for-each-captured-russian-invader
2014-04-17,03:10:21,23773u,773,Donetsk Pro-Russians Order Jews to 'Register or be Deported' for Supporting Kiev Rule,ibtimes.co.uk,http://www.ibtimes.co.uk/donetsk-pro-russians-order-jews-register-be-deported-supporting-kiev-rule-1445111
2014-04-17,09:53:55,238b7n,637,Kim Dotcom can have seized assets returned – New Zealand High Court,rt.com,http://rt.com/news/dotcom-money-court-ruling-000/
2014-04-17,23:09:07,239pjp,566,Putin: Russia may invade Ukraine to protect locals,latimes.com,"http://www.latimes.com/world/worldnow/la-fg-wn-putin-ukraine-20140417,0,469177.story#axzz2z9Ujnu5j"
2014-04-17,23:04:45,239p6s,522,Kiev says Russian males aged 16-60 banned from entering Ukraine,voiceofrussia.com,http://voiceofrussia.com/news/2014_04_17/Kiev-warns-Aeroflot-that-all-Russian-males-aged-16-60-banned-from-entering-country-Aeroflot-6724/
2014-04-17,15:23:20,23916s,507,300 people attacked a Ukrainian military base in the country's southeast on Thursday,cnn.com,http://www.cnn.com/2014/04/17/world/europe/ukraine-crisis/index.html
2014-04-17,06:54:34,237ucv,416,Ukrainian military surrounded by pro-Russians,bbc.com,http://bbc.com/news/world-europe-27046087
2014-04-17,00:55:47,236tmp,412,"Greece's Golden Dawn party describes Hitler as 'great personality': Cementing its credentials as an unapologetic neo-nazi force, Greece's increasingly combative Golden Dawn party has hailed Hitler as a ""great personality"" and denounced homosexuality as a ""sickness"".",theguardian.com,http://www.theguardian.com/world/2014/apr/16/greece-golden-dawn-hitler
2014-04-17,20:11:44,239dsf,402,"Snowden asks Putin: ""Does Russia intercept millions of citizens’ data?""",rt.com,http://rt.com/news/snowden-putin-spy-online-140/
2014-04-17,00:16:06,236pyo,359,Jordanian air force fighter jets have destroyed an undetermined number of vehicles trying to enter the kingdom by crossing the border from war-torn Syria.,america.aljazeera.com,http://america.aljazeera.com/articles/2014/4/16/jordan-syria-airstrike.html
2014-04-17,14:29:23,238y1k,357,"Russia Economy Worsens Even Before Sanctions Hit: With inflation rising, growth stagnating, the ruble and stock market plunging, and billions in capital fleeing the country for safety, the economy is teetering on the edge of recession, as the country’s minister of economic development acknowledged",nytimes.com,http://www.nytimes.com/2014/04/17/world/europe/russia-economy-worsens-even-before-sanctions-hit.html
2014-04-17,09:20:37,23887t,246,"West Slams Russia 'Fantasy Narrative' on Ukraine: Western countries on the Security Council said the new report undermines Russia's claims about the events that led to its recent annexation of Crimea, and they warned of a similar situation unfolding now",nytimes.com,http://www.nytimes.com/aponline/2014/04/16/world/europe/ap-un-united-nations-ukraine-human-rights.html
2014-04-17,06:34:15,237s9w,186,Vkontakte Founder: Russia Wanted Personal Data of Euromaidan Protesters,mashable.com,http://mashable.com/2014/04/16/vkontakte-founder-fsb-euromaidan/?utm_cid=mash-com-Tw-main-link
2014-04-17,11:38:31,238kfw,170,Students kidnapped by suspected Islamic militants in Nigeria are freed,theguardian.com,http://www.theguardian.com/world/2014/apr/17/students-kidnapped-suspected-islamists-nigeria-freed
2014-04-17,16:55:26,2395mi,163,"$10,000 for separatist head and $1,000 for the machine-gun - the reward promised by the governor of Dnipropetrovsk region",kiev1.org,http://kiev1.org/en/nagrada-za-poimku-diversantov.html
2014-04-17,22:42:22,239nbe,141,Iranian Officials and Bankers Warn Russia Not to Dismiss U.S. Sanctions Threat,blogs.wsj.com,http://blogs.wsj.com/washwire/2014/04/17/iran-warns-russia-not-to-dismiss-u-s-sanctions-threat/?mod=WSJBlog
2014-04-17,17:38:21,2397fl,129,"A labor group says a strike at the world's biggest athletic shoe maker is snowballing, with about 30,000 of its Chinese workers protesting over insufficient benefits",bigstory.ap.org,http://bigstory.ap.org/article/strike-china-sneaker-factory-snowballs
2014-04-17,03:11:54,23779a,122,Moldova’s Breakaway Region Asks Putin to Recognize Sovereignty,bloomberg.com,http://www.bloomberg.com/news/2014-04-16/moldova-s-breakaway-region-asks-putin-to-recognize-sovereignty.html
2014-04-17,08:16:30,2382an,110,"Obama warns of ""consequences"" for Russian actions destabilizing Ukraine",cbsnews.com,http://www.cbsnews.com/news/obama-warns-of-consequences-for-russian-actions-destabilizing-ukraine/
2014-04-17,12:39:29,238pvy,106,Canadian arrested for Heartbleed hacking,aljazeera.com,http://www.aljazeera.com/news/americas/2014/04/canadian-arrested-heartbleed-hacking-201441714953794271.html
2014-04-17,23:02:26,239oza,101,Ukrainian Parliament Recommends Resumption Of Mandatory Conscription,rferl.org,http://www.rferl.org/content/ukrainian-parliament-recommends-resumption-of-mandatory-conscription/25352661.html
2014-04-17,00:00:40,236ofi,94,"Video cameras capture mob violence in west & east Ukraine, including the beating of a presidential candidate",thelede.blogs.nytimes.com,http://thelede.blogs.nytimes.com/2014/04/15/tensions-boil-over-on-camera-in-ukraines-east-and-west/
2014-04-17,00:57:18,236trq,81,"Update on Korean ship sinking: Ferry survivors told to ""Stay still"", KBS reports the ferry was the only ferry to leave Incheon harbor after warnings of bad weather, survivors report they heard a loud noise when the boat capsized",cnn.com,http://www.cnn.com/2014/04/16/world/asia/south-korea-sinking-ship-students/
2014-04-17,02:32:58,2373cr,75,Snowden’s Email Provider Loses Appeal Over Encryption Keys,wired.com,http://www.wired.com/2014/04/lavabit-ruling/
2014-04-17,02:36:53,2373qy,73,Iranian killer's execution halted at last minute by victim's parents,theguardian.com,http://www.theguardian.com/world/2014/apr/16/iran-parents-halt-killer-execution
