2014-06-29,18:51:21,29dt8m,3812,Japanese man self immolates in protest against PM Shinzo Abe's proposed remilitarization of Japan,m.nzherald.co.nz,http://m.nzherald.co.nz/world/news/article.cfm?c_id=2&objectid=11284276
2014-06-29,01:00:48,29bt6i,3705,Iraq army soldiers retake full control of Tikrit,english.irib.ir,http://english.irib.ir/news/world/middle-east/item/190870-iraq-army-soldiers-retake-full-control-of-tikrit
2014-06-29,09:30:10,29cxna,2982,France passes “anti-Amazon” bill aimed at helping small bookstores,salon.com,http://www.salon.com/2014/06/27/france_passes_anti_amazon_bill_aimed_at_helping_small_bookstores/
2014-06-29,04:47:53,29cbc8,2283,Canadian Supreme Court rules Wal-Mart must compensate workers,finance.yahoo.com,http://finance.yahoo.com/news/court-rules-wal-mart-must-compensate-workers-202258976--finance.html?soc_src=mediacontentstory
2014-06-29,09:34:52,29cxzh,2041,"Australian cities South Perth and Victoria Park to become ""South Park"" due to merger",perthnow.com.au,http://www.perthnow.com.au/news/western-australia/perth-council-votes-to-rename-itself-south-park-as-part-of-merger-plans/story-fnhocxo3-1226970148198?nk=b5673b2a2139947afe2e327062bc1279
2014-06-29,11:54:49,29d7wg,1700,"Chinese president Xi Jinping vows China won't bully other nations: ""China's president, Xi Jinping, says his country will never seek to impose its will on other nations, no matter how powerful it becomes.""",abc.net.au,http://www.abc.net.au/news/2014-06-29/china-summit/5557844
2014-06-29,08:45:57,29cuew,1490,Nigerian's rejection of religion deemed clinical insanity - A Nigerian man has been detained in a mental health institution by his family after saying he had lost his belief in God. [x-post /r/LegalNews],mg.co.za,http://mg.co.za/article/2014-06-26-nigerians-rejection-of-religion-deemed-clinical-insanity
2014-06-29,21:00:05,29dy92,1173,Scientists warn of tourism threat to Antarctica: Antarctic scientists on June 18 warned that a surge in tourists visiting the frozen continent and new roads and runways built to service research facilities were threatening its fragile environment.,japantimes.co.jp,http://www.japantimes.co.jp/news/2014/06/28/world/science-health-world/scientists-warn-tourism-threat-antarctica/#.U6__kLGmVxU
2014-06-29,02:29:10,29c00v,1176,"Famous Barcelona bullring may be converted into Europe’s biggest mosque. The Emir of Qatar has reportedly agreed to roll out €2.2 billion ($2.99 bn) to convert Barcelona's Monumental bullring into a 40,000-capacity mosque, the biggest in Europe, by 2020, if the city council approves the project.",rt.com,http://rt.com/news/168100-qatar-build-barcelona-mosque/
2014-06-29,01:51:17,29bwxt,1024,"""Russia will not sit idly by as jihadists press Iraq assault""",news.yahoo.com,http://news.yahoo.com/russia-not-sit-idly-jihadists-press-iraq-assault-133213933.html
2014-06-29,00:58:38,29bt0d,558,"Land taken over by foreign investors could feed 550m people, study finds",theguardian.com,http://www.theguardian.com/environment/2014/jun/27/land-grabbing-food-biofuels-crops
2014-06-29,03:17:16,29c3uj,542,"Gaza rocket strikes Israeli factory, engulfing structure in flames",jpost.com,http://www.jpost.com/Defense/Gaza-rocket-strikes-factory-in-Sderot-360859
2014-06-29,04:39:14,29camc,513,"Iraq receives fighter jets from Russia, Belarus",presstv.ir,http://www.presstv.ir/detail/2014/06/28/369057/iraq-receives-fighter-jets-from-russia/
2014-06-29,23:49:31,29e8rk,432,"Boko Haram Islamists 'kill dozens' in attack on churches in Nigeria - At least three churches reported burned down and dozens of men, women and children killed near Chibok by Islamist militants",theguardian.com,http://www.theguardian.com/world/2014/jun/29/boko-haram-islamists-kill-dozens-attack-churches-chibok-nigeria
2014-06-29,21:53:12,29e0jr,331,"Putin 'would be killed' if he came to Kiev, Ukraine parliament deputy says on TV",rt.com,http://rt.com/news/169160-ukraine-mp-putin-kill/
2014-06-29,14:24:06,29dhl7,311,The former head of international adoptions at Nepal’s largest orphanage is in custody over allegations that he raped young girls and groomed them as prostitutes in Kathmandu dance bars.,telegraph.co.uk,http://www.telegraph.co.uk/news/worldnews/asia/nepal/10931141/Nepal-adoptions-chief-raped-and-groomed-orphans-for-prostitution-claims-British-teacher.html?fb
2014-06-29,07:20:02,29cnmf,245,Men's issues group excluded from Toronto Pride parade: Last-minute decision goes against Pride rules,thestar.com,http://www.thestar.com/news/pridetoronto/2014/06/27/mens_rights_group_excluded_from_toronto_pride_parade.html
2014-06-29,19:33:03,29dusf,232,Tokyo man sets himself on fire after giving a speech opposing Prime Minister Shinzo Abe's plan to reform the country's pacifist constitution,channelnewsasia.com,http://www.channelnewsasia.com/news/asiapacific/tokyo-man-sets-himself-on/1219070.html
2014-06-29,10:21:57,29d1ax,209,Indian Warships on Standby for Evacuation: India deploys a guided missile destroyer and a frigate to help evacuate 100 Indians including 46 nurses trapped in the Iraq conflict zone.,theindianrepublic.com,http://www.theindianrepublic.com/nation/indian-warships-standby-evacuation-100041511.html
2014-06-29,06:29:26,29cjna,181,"Saudi King Abdullah, in a Ramadan message on Saturday, vowed to crush Islamist militants threatening the kingdom, the state news agency reported, saying the world's top oil exporter would not tolerate ""a band of terrorists"".",reuters.com,http://www.reuters.com/article/2014/06/28/us-saudi-ramadan-idUSKBN0F30P920140628?feedType=RSS&feedName=topNews
2014-06-29,01:30:02,29bvby,179,ISIS tells Lebanon to prepare for more attacks,english.alarabiya.net,http://english.alarabiya.net/en/News/middle-east/2014/06/27/ISIS-warns-Lebanon-to-prepare-for-more-suicide-attacks.html
2014-06-29,14:25:51,29dhou,170,"Eritrea, the United Nations says, is the planet's least-connected country. Less than 1% of its people have landlines; just 5.6% have cell phones. As for the Internet, less than 1% use it, and connections are almost all dial-up.",newser.com,http://www.newser.com/story/189127/experiencing-the-least-connected-country-on-earth.html
2014-06-29,15:30:58,29dl7g,156,"Passenger killed, crew injured as gunmen open fire on plane landing at Pakistan's Peshawar airport",mobile.abc.net.au,http://mobile.abc.net.au/news/2014-06-25/gunmen-fire-on-plane-at-pakistan-airport/5548220
2014-06-29,23:37:49,29e7rr,139,Iraq Says Russian Experts Have Arrived to Help Prepare Jets for Fighting,nytimes.com,http://www.nytimes.com/2014/06/30/world/middleeast/iraq.html?_r=0
2014-06-29,12:24:43,29da00,98,Russian Permanent Ambassador to the UN Vitaly Churkin advises US to use $500 million better than on Syrian rebels,en.itar-tass.com,http://en.itar-tass.com/world/737978
2014-06-29,17:54:07,29dr63,78,"At UN, after losing vote, U.S.-EU threaten to undermine treaty",ipsnews.net,http://www.ipsnews.net/2014/06/after-losing-vote-u-s-eu-threaten-to-undermine-treaty
2014-06-29,08:05:44,29cre2,42,JP Times: Impact of Fukushima groundwater bypass eludes Tepco. Tepco can't confirm if water is being intercepted before mixing with contaminated water.,japantimes.co.jp,http://www.japantimes.co.jp/news/2014/06/28/national/impact-of-fukushima-groundwater-bypass-eludes-tepco/#.U69Jx7GGcsE
2014-06-29,23:08:24,29e4ou,41,"Egypt will restrict Ramadan sermons to topics of faith and morality, the state's top official in charge of religious affairs said Sunday, in the latest move limiting political speech in the deeply polarized country",bigstory.ap.org,http://bigstory.ap.org/article/egypt-moves-restrict-ramadan-sermons
2014-06-29,14:36:15,29dia6,41,Former Korean comfort women serving U.S. military file damages lawsuit,ajw.asahi.com,http://ajw.asahi.com/article/asia/korean_peninsula/AJ201406280035
2014-06-29,20:34:49,29dx7o,39,Iraq takes delivery of Russian fighter jets: Baghdad hopes batch of five second-hand planes will bolster efforts to retake large parts of the country lost to rebels.,aljazeera.com,http://www.aljazeera.com/news/middleeast/2014/06/iraq-takes-delivery-russian-fighter-jets-201462944837214478.html
