2014-06-26,04:56:14,2934gd,3400,"U.S. Scientist Offers $10,000 to Anyone Who Can Disprove Manmade Climate Change.",theblaze.com,http://www.theblaze.com/stories/2014/06/25/want-to-disprove-man-made-climate-change-a-scientist-will-give-you-10000-if-you-can/comment-page-3/
2014-06-26,14:57:05,294n53,2529,Iran Tries To Save Asiatic Cheetah From Extinction,bigstory.ap.org,http://bigstory.ap.org/article/iran-tries-save-asiatic-cheetah-extinction
2014-06-26,05:06:52,2935pd,1284,Fake engineer made Berlin Airport fire system: The man responsible for designing the fire safety system at Berlin’s new airport - the main reason for the continuing delays to the calamitous €5 billion project - has admitted he was not a qualified engineer.,thelocal.de,http://www.thelocal.de/20140625/fake-engineer-di-mauro-designed-berlin-airport-fire-system
2014-06-26,02:33:23,292ol5,1161,"Explosion rips through mall in Nigerian capital, killing at least 21: police",news.nationalpost.com,http://news.nationalpost.com/2014/06/25/explosion-rocks-shopping-mall-in-nigerian-capital-abuja-witnesses-see-8-bodies/
2014-06-26,05:48:49,293a7l,1071,"Conservative Canadian Government surprises when it admits Climate Change is real, and the effects are coming",theglobeandmail.com,http://www.theglobeandmail.com/news/politics/government-says-climate-change-will-make-weather-more-extreme/article19322385/
2014-06-26,21:49:57,2958tv,1046,North Korean restaurants springing up around Asia to raise money for regime,theguardian.com,http://www.theguardian.com/world/2014/jun/26/north-korean-restaurants-springing-up-around-asia-to-raise-money-for-regime
2014-06-26,02:16:14,292mlh,845,The polio virus has been detected in sewage in Brazil; it's the first time the disease has been identified in the country since 1994,nytimes.com,http://www.nytimes.com/2014/06/24/world/americas/brazil-polio-virus-detected-in-sewage.html
2014-06-26,00:33:14,292bnp,793,"66% of Russians want Putin to be president after 2018. People feel far more confident about their future, calm and security, they hope that Russia will restore its status of great power",en.itar-tass.com,http://en.itar-tass.com/russia/737681
2014-06-26,18:48:14,294yv9,694,Iraq confirms and welcomes Syrian air strikes against Isis militants,bbc.com,http://www.bbc.com/news/world-middle-east-28033684
2014-06-26,18:24:26,294xqh,641,ALERT: North Korea fires three projectiles into East Sea,nknews.org,http://www.nknews.org/2014/06/alert-north-korea-fires-three-projectiles-into-east-sea/
2014-06-26,13:57:46,294j4h,624,"Use of Drones for Killings Risks a War Without End, Panel Concludes in Report",nytimes.com,http://www.nytimes.com/2014/06/26/world/use-of-drones-for-killings-risks-a-war-without-end-panel-concludes-in-report.html?hp&action=click&pgtype=Homepage&version=HpSum&module=first-column-region&region=top-news&WT.nav=top-news&_r=0
2014-06-26,18:18:07,294xgf,489,Details of Jimmy Saville sexual abuses in NHS hospitals have been revealed - he abused people aged 7 to 75 during unrestricted access.,bbc.com,http://www.bbc.com/news/uk-28027244
2014-06-26,01:53:35,292k2e,444,Ghana sends a plane with $3 Million in cash to calm its World Cup players,bloomberg.com,http://www.bloomberg.com/news/2014-06-25/ghana-sends-plane-with-3-million-to-calm-world-cup-team-1-.html
2014-06-26,05:07:50,2935tf,442,Baghdad May Lose Its Drinking Water As ISIS Approaches Second Largest Dam,nytimes.com,http://www.nytimes.com/2014/06/26/world/middleeast/isis-iraq.html?hp&action=click&pgtype=Homepage&module=first-column-region&region=top-news&WT.nav=top-news&assetType=nyt_now&_r=2
2014-06-26,23:09:41,295fc2,343,China’s commodity-lending fraud just got $15 billion bigger - Discovers fraudulent loans backed by gold stocks that don’t exist.,qz.com,http://qz.com/226628/chinas-commodity-lending-fraud-just-got-15-billion-bigger/
2014-06-26,14:49:06,294mlr,250,"Australia: Tiny Wallaby Among 3 Newly Discovered Mammals in Remote Forest - 40 camera traps capture shots of previously unknown wallaby, giant-eared mouse & shrew-like marsupial",theguardian.com,http://www.theguardian.com/world/2014/jun/26/tiny-wallaby-among-three-mammals-glimpsed-for-first-time-in-remote-forest
2014-06-26,04:32:23,2931un,252,"Russia offered Baltics cheaper gas in exchange for NATO exit, says Lithuanian president",baltictimes.com,http://www.baltictimes.com/news/articles/35003/#.U6sHbLHYzOW
2014-06-26,18:51:20,294z0l,246,"Kerry demands Russia action on Ukraine 'in hours': US Secretary of State John Kerry has called on Russia to show ""within hours"" it is working to disarm separatist militants in eastern Ukraine.",bbc.com,http://www.bbc.com/news/world-europe-28033610
2014-06-26,20:49:58,2954zr,224,"In a U.S. Court, Iraqis Accuse Blackwater of Killings in 2007",nytimes.com,http://www.nytimes.com/2014/06/26/us/in-us-court-iraqis-accusing-blackwater-of-murders-in-07.html?hp&action=click&pgtype=Homepage&version=HpSum&module=first-column-region&region=top-news&WT.nav=top-news&_r=0
2014-06-26,21:02:58,2955rt,199,World Health Organisation urges 'drastic action' on Ebola,sbs.com.au,http://www.sbs.com.au/news/article/2014/06/26/who-urges-drastic-action-ebola?
2014-06-26,22:39:56,295cop,179,Iraqi jihadists seize ancient ‘Exorcist’ temple full of idolatrous stone statues from 3rd century B.C.,news.nationalpost.com,http://news.nationalpost.com/2014/06/25/iraqi-jihadists-seize-ancient-exorcist-temple-full-of-idolatrous-stone-statues-from-3rd-century-b-c/
2014-06-26,07:31:33,293l21,152,Astronomers Detect Mysterious Signal 240 Million Light-Years From Earth,iflscience.com,http://www.iflscience.com/space/astronomers-detect-mysterious-signal-240-million-light-years-earth#oirAJHhyt3EQIlTf.16
2014-06-26,06:52:51,293h2s,139,"For first time, Israel compensating Palestinians over settlers' land grab. State agrees to pay six Palestinians $87,500 after settlers seized their land to build the unauthorized Amona outpost.",haaretz.com,http://www.haaretz.com/news/diplomacy-defense/.premium-1.601026
2014-06-26,11:07:15,29455b,140,Hamas arrests terror cell responsible for rocket fire on Israel,timesofisrael.com,http://www.timesofisrael.com/hamas-arrests-terror-cell-responsible-for-rocket-fire-on-israel/
2014-06-26,10:47:35,2943dh,129,"Chinese government funds have been misused to buy French vineyards, pay for a trip to Las Vegas and more, the state auditor said in a report revealing more than 300 serious corruption cases",channelnewsasia.com,http://www.channelnewsasia.com/news/asiapacific/china-govt-money-paid-for/1204616.html
2014-06-26,06:46:38,293gf5,127,"Tackling climate change would grow global economy, World Bank says | Findings put to rest claims that the world could not afford to act on climate change",theguardian.com,http://www.theguardian.com/environment/2014/jun/24/tackling-climate-change-would-grow-global-economy-world-bank-says?CMP=twt_gu
2014-06-26,21:38:56,29582z,122,ISIS Cashing in on Looted Antiquities to Fuel Iraq Insurgency,news.nationalgeographic.com,http://news.nationalgeographic.com/news/2014/06/140626-isis-insurgents-syria-iraq-looting-antiquities-archaeology/?google_editors_picks=true
2014-06-26,22:33:56,295c7e,123,SA government offering incentives to keep whites out of jobs,businesstech.co.za,http://businesstech.co.za/news/government/61393/sa-government-offering-incentives-to-keep-whites-out-of-jobs/
2014-06-26,21:32:22,2957nj,75,"WHO: ""Drastic action"" is needed to contain the spread of deadly ebola in West Africa",bbc.com,http://www.bbc.com/news/health-28033027
2014-06-26,14:31:59,294li2,69,"ISIS Continues To Advance, Seizes Control of Three Oilfields, On Verge Of Overrunning Massive Airbase",huffingtonpost.com,http://www.huffingtonpost.com/2014/06/25/iraq-militants_n_5528878.html?&ncid=tweetlnkushpmg00000017
