2014-07-08,12:15:11,2a40uy,16359,Elephant Cries After He Is Rescued Following 50 Years Of Abuse,huffingtonpost.com,http://www.huffingtonpost.com/2014/07/07/raju-elephant-cries-rescue_n_5564543.html
2014-07-08,21:55:39,2a511w,6707,"Drug overdoses triple in Russia, killing over 100,000 a year",themoscowtimes.com,http://www.themoscowtimes.com/news/article/russian-drug-service-sees-overdoses-triple/503123.html
2014-07-08,02:24:11,2a2bqu,12575,Sex-Abuse Victims to Pope: Stop Begging for Forgiveness and Just Stop the Abuse,thedailybeast.com,http://www.thedailybeast.com/articles/2014/07/07/sex-abuse-victims-to-pope-stop-begging-for-forgiveness-and-just-stop-the-abuse.html
2014-07-08,01:13:43,2a2463,3340,"Ebola 'out of control' in West Africa as health workers rush to trace 1,500 possible victims",telegraph.co.uk,http://www.telegraph.co.uk/news/worldnews/africaandindianocean/guinea/10942598/Ebola-out-of-control-in-West-Africa-as-health-workers-rush-to-trace-1500-possible-victims.html
2014-07-08,12:32:52,2a42gn,2594,"Samsung factory robbed at gunpoint in Brazil, $36 million in smartphones, tablets and laptops stolen",9to5google.com,http://9to5google.com/2014/07/07/samsung-factory-robbed-at-gunpoint-36-million-in-smartphones-tablets-and-laptops-stolen/
2014-07-08,22:50:47,2a55if,1831,"Israeli Army Authorized to Mobilize 40,000 Soldiers",chron.com,http://www.chron.com/news/crime/article/Israel-launches-military-offensive-against-Gaza-5605716.php
2014-07-08,15:54:00,2a4hml,1233,"Tony Abbott's government is 'recklessly endangering' the future on climate, says UK chief",smh.com.au,http://www.smh.com.au/federal-politics/political-news/tony-abbotts-government-is-recklessly-endangering-the-future-on-climate-says-uk-chief-20140708-zszx4.html
2014-07-08,22:46:16,2a554d,1192,"Children's homes were 'supply line' for paedophiles, says ex-minister Lord Warner",theguardian.com,http://www.theguardian.com/society/2014/jul/08/children-homes-supply-line-paedophiles-lord-warner
2014-07-08,17:03:36,2a4lid,595,Australia is facing international condemnation after it confirmed it handed a boat of asylum seekers to the government of Sri Lanka where they now face “rigorous imprisonment”.,independent.co.uk,http://www.independent.co.uk/news/world/australasia/australia-facing-international-condemnation-after-turning-around-sri-lankans-at-sea-9589790.html
2014-07-08,22:41:00,2a54pd,583,"Australian federal and state police are ordering phone providers to hand over personal information about thousands of mobile phone users, whether they are targets of an investigation or not",smh.com.au,http://www.smh.com.au/digital-life/mobiles/police-scoop-up-data-on-thousands-in-mobile-phone-tower-dumps-to-track-down-criminals-20140706-zsvtf.html
2014-07-08,23:20:54,2a586s,567,"Long-Lost Iron Age Temple Unearthed in Iraq: Life-size human statues and column bases from a long-lost temple dedicated to a supreme god have been discovered in the Kurdistan region of northern Iraq. The discoveries date back over 2,500 years to the Iron Age",news.discovery.com,http://news.discovery.com/history/archaeology/long-lost-iron-age-temple-unearthed-in-iraq-140708.htm#mkcpgn=rssnws1
2014-07-08,08:22:55,2a3el4,518,Airport security: you won't fly to the US if your mobile phone battery is dead: British Airways says it will turn away passengers booked on US-bound flights if their electrical devices will not switch on,telegraph.co.uk,http://www.telegraph.co.uk/news/uknews/terrorism-in-the-uk/10952671/Airport-security-you-wont-fly-to-the-US-if-your-mobile-phone-battery-is-dead.html
2014-07-08,20:53:41,2a4wyr,462,Canadians are eating tar-sands pollution | Tar-sands operations are contaminating the wild animals that members of the Mikisew Cree and Athabasca Chipewyan First Nations have traditionally relied on for food.,grist.org,http://grist.org/news/canadians-are-eating-tar-sands-pollution/
2014-07-08,04:05:04,2a2mz6,424,Exclusive: CIA had role in Germany spy affair,reuters.com,http://www.reuters.com/article/2014/07/07/us-germany-usa-spying-cia-idUSKBN0FC21920140707
2014-07-08,10:34:15,2a3rh5,387,"Former children's minister: ""I'll name and shame Commons paedophiles""",newstatesman.com,http://www.newstatesman.com/staggers/2014/07/former-childrens-minister-ill-name-and-shame-commons-paedophile
2014-07-08,23:03:15,2a56lg,336,"‘Once In Decades’ Typhoon Approaches Japan, Two Nuclear Power Plants",thinkprogress.org,http://thinkprogress.org/climate/2014/07/07/3456862/typhoon-neoguri/
2014-07-08,05:15:50,2a2unk,292,U.N. Secretary-General Ban Ki-moon has announced that the United Nations is recognizing the gay marriages of all its staffers,bigstory.ap.org,http://bigstory.ap.org/article/un-recognizes-gay-marriages-staffers
2014-07-08,22:05:25,2a51s7,272,Germany Dumps No-Spying Pact with United States,thedailybeast.com,http://www.thedailybeast.com/cheats/2014/07/07/cia-played-role-in-german-spy-debacle.html
2014-07-08,02:52:39,2a2exn,234,Bahrain Ejects US Diplomat After He Met Shiites,abcnews.go.com,http://abcnews.go.com/International/wireStory/bahrain-us-diplomat-asked-leave-24453907
2014-07-08,01:05:54,2a23ba,195,Islamist terror threat to west blown out of proportion - former MI6 chief - Richard Dearlove says extremists are now focused on Middle East and giving them publicity in west is counter-productive,theguardian.com,http://www.theguardian.com/uk-news/2014/jul/07/islamist-terror-threat-out-proportion-former-mi6-chief-richard-dearlove
2014-07-08,09:15:44,2a3jva,189,Previously Uncontacted Amazon Tribe Emerges From Rainforest,boston.com,http://www.boston.com/news/world/latin-america/2014/07/07/previously-uncontacted-amazon-tribe-emerges-from-the-rainforest/5Lbdvvt7rQ8rCfJA8S5StI/story.html
2014-07-08,03:53:33,2a2lkt,192,"Three Jewish extremists arrested for the killing of a Palestinian teenager have confessed to the attack, an Israeli official said Monday, as shock waves from the brutal murder continued to spread.",hindustantimes.com,http://www.hindustantimes.com/world-news/three-israelis-admit-teen-murder-as-gaza-toll-hits-8/article1-1237899.aspx
2014-07-08,07:56:25,2a3by9,172,Gaza: Israel launches Operation Protective Edge,i24news.tv,http://www.i24news.tv/en/news/israel/diplomacy-defense/36623-140708-gaza-israel-launches-operation-protective-edge
2014-07-08,10:42:47,2a3s9p,163,Alzheimer's disease could be prevented after new blood test breakthrough,telegraph.co.uk,http://www.telegraph.co.uk/science/science-news/10951689/Alzheimers-disease-could-be-prevented-after-new-blood-test-breakthrough.html
2014-07-08,12:14:24,2a40sd,164,"""Chancellor Angela Merkel's government is planning to scrap a no-spy agreement Germany has held with Britain and the United States since 1945 in response to an embarrassing US-German intelligence service scandal which has deeply soured relations between Berlin and Washington.""",independent.co.uk,http://www.independent.co.uk/news/world/europe/germany-to-spy-on-us-for-first-time-since-1945-after-double-agentscandal-9590645.html
2014-07-08,02:47:24,2a2ec3,148,"Pod of Pilot Whales Beach Themselves in Ireland. 8 Survive and Are Rescued, But Beach Themselves Again.",rte.ie,http://www.rte.ie/news/2014/0707/629089-whales-donegal/
2014-07-08,05:04:11,2a2tei,135,Ukraine demanding return of combat dolphins from Russia,theguardian.com,http://www.theguardian.com/world/shortcuts/2014/jul/06/ukraine-combat-dolphins-russia-give-back
2014-07-08,18:20:30,2a4p8e,111,"Google's removal of search results in Europe is drawing accusations of press censorship, as stories from some of the continent's most prominent news outlets begin vanishing. The U.S. internet giant said Thursday it is getting 1,000 requests a day to scrub results.",hosted.ap.org,http://hosted.ap.org/dynamic/stories/E/EU_EUROPE_GOOGLE?SITE=AP&SECTION=HOME&TEMPLATE=DEFAULT&CTIME=2014-07-03-14-57-46
2014-07-08,02:39:52,2a2dgz,108,Two 'abandoned' cylinders seized in Syria contained sarin - U.N.,reuters.com,http://www.reuters.com/article/2014/07/07/us-syria-crisis-chemicalweapons-idUSKBN0FC1U420140707?feedType=RSS&feedName=worldNews
2014-07-08,10:33:20,2a3rcs,87,Female genital mutilation on the rise in Egypt’s rural areas,egyptianstreets.com,http://egyptianstreets.com/2014/07/07/female-genital-mutilation-on-the-rise-in-egypts-rural-areas/
