2014-05-17,22:32:51,25sg7j,3891,"In important speech, Iran's President Rouhani says that it should be an Iranian citizens' right to freely access internet.",english.farsnews.com,http://english.farsnews.com/newstext.aspx?nn=13930227000699
2014-05-17,13:58:36,25rseh,3231,"Laos military plane has crashed - 20 on board, 3 confirmed dead including the minister of public security, the minister of defense, and the governor of Vientiane province.",nytimes.com,http://www.nytimes.com/2014/05/18/world/asia/crash-in-laos-kills-top-government-officials.html?partner=rss&emc=rss&smid=tw-nytimes&_r=0
2014-05-17,02:42:29,25q7s9,2994,"Vancouver teenager creates new HIV test -- The test ""allows users to place a drop of blood on a chip to receive a near instantaneous response to find out if they are infected, a process only slightly more difficult than a pregnancy test""",iflscience.com,http://www.iflscience.com/health-and-medicine/teenager-creates-new-hiv-test
2014-05-17,21:57:40,25sebr,2604,'Executed' Kim Jong-Un girlfriend reappears on North Korea television - Telegraph,telegraph.co.uk,http://www.telegraph.co.uk/news/worldnews/asia/northkorea/10837897/Executed-Kim-Jong-Un-girlfriend-reappears-on-North-Korea-television.html
2014-05-17,01:08:04,25pypg,2116,"Germany Will Ban Tech Companies That Play Ball With NSA - No federal contracts will go to companies that turn over data to the NSA or other agencies. There may, however, be one crucial exemption",worldcrunch.com,http://www.worldcrunch.com/tech-science/germany-will-ban-tech-companies-that-play-ball-with-nsa/data-it-sensitive-personal-information-snowden-csc/c4s15966/
2014-05-17,08:03:23,25r20r,1148,Largest dinosaur? New heavyweight unearthed in Argentina. Analysis of the 90-million-year-old fossil suggests the dinosaur weighed about 100 tons - the equivalent of 14 grown elephants.,theguardian.com,http://www.theguardian.com/science/2014/may/16/largest-dinosaur-unearthed-in-argentina
2014-05-17,06:27:06,25qtij,942,UN warns Crimean Tatars have suffered harassment and persecution since peninsula was annexed from Ukraine,theguardian.com,http://www.theguardian.com/world/2014/may/16/vladimir-putin-crimea-tatars-russian-ukraine
2014-05-17,05:53:26,25qqdm,944,65-year-old man accused of blasphemy shot dead in Pakistani police station,theguardian.com,http://www.theguardian.com/world/2014/may/16/murder-in-pakistan-police-station-raises-concerns-of-intolerance
2014-05-17,23:03:57,25si06,813,Paralysed Saudi Arabian man's tweet asking for someone to visit him in hospital becomes most retweeted message in Saudi Arabian Twitter history,independent.co.uk,http://www.independent.co.uk/news/world/asia/paralysed-saudi-arabian-mans-tweet-asking-for-someone-to-visit-him-in-hospital-becomes-most-retweeted-message-in-saudi-arabian-twitter-history-9385715.html
2014-05-17,15:37:49,25rxuj,799,Lithuania’s parliament voted to ban the sale of high-caffeine energy drinks to minors,time.com,http://time.com/102991/lithuania-red-bull-ban/
2014-05-17,15:16:42,25rws2,428,Guantánamo force-feeding stopped,theguardian.com,http://www.theguardian.com/world/2014/may/17/us-judge-halts-guantanamo-force-feeding
2014-05-17,20:03:13,25s94j,407,"Organised crime launders 100 billion euros through gambling: Eighty per cent of the world's bets on sport are illegally carried out, according to researchers",english.rfi.fr,http://www.english.rfi.fr/sports/20140515-organised-crime-100-billion-euros-laundered-sports-betting
2014-05-17,10:22:58,25rded,356,Russian business elite excluded from Canada's sanctions list,cbc.ca,http://www.cbc.ca/news/politics/russian-business-elite-excluded-from-canada-s-sanctions-list-1.2645375
2014-05-17,14:40:09,25rurw,292,"A double-decker ferry sank in Bangladesh on Thursday, during a storm, with approx. 200 people on board. About 75 people escaped, the rest of the passengers are assumed dead.",reuters.com,http://www.reuters.com/article/2014/05/17/us-bangladesh-ferry-accident-idUSBREA4G01R20140517
2014-05-17,23:23:16,25sj5r,272,"Russia, China agree to create working group for space cooperation projects",en.itar-tass.com,http://en.itar-tass.com/russia/731997
2014-05-17,02:22:15,25q5uw,266,Chilean Artist burns promissory notes with an estimated value of US$500 million to release students from their university debts.,nefasto.cl,http://nefasto.cl/chilean-artist-has-self-complaint-the-burning-of-promissory-notes-valued-for-500-million-dollars/
2014-05-17,17:10:53,25s25r,253,Turkish mine death toll now at 299,reuters.com,http://www.reuters.com/article/2014/05/17/us-turkey-mine-idUSBREA4C0KO20140517
2014-05-17,07:18:11,25qy5k,234,"Mine owner 'innocent,' martyred workers 'guilty' — Turkish government and the operator of the mine in which about 300 workers died denied claims of negligence accusing the workers of causing the accident",todayszaman.com,http://www.todayszaman.com/news-348012-govt-mine-owner-innocent-martyred-workers-guilty-in-soma.html
2014-05-17,07:50:23,25r0x8,157,'Putin approval rating hits 6-year high',presstv.com,http://www.presstv.com/detail/2014/05/15/362811/putin-approval-rating-hits-6year-high/
2014-05-17,20:48:05,25sb01,137,Brazil 2014: World Cup dengue fever risk predicted,bbc.com,http://www.bbc.com/news/health-27441789
2014-05-17,04:43:19,25qjkx,136,Gambian President on Gay Asylum-Seekers: 'I Will Kill Them',advocate.com,http://www.advocate.com/world/2014/05/16/gambian-president-gay-asylum-seekers-i-will-kill-them
2014-05-17,03:51:47,25qekh,133,More than 2.7 billion people live in countries where being gay is a crime,theguardian.com,http://www.theguardian.com/world/2014/may/16/countries-where-being-gay-is-a-crime
2014-05-17,14:37:47,25runh,119,Elephant poaching reported at Kruger national park in South Africa: Bull most likely shot for its tusks in first case for a decade as illegal ivory trade encroaches from Zimbabwe and Mozambique,theguardian.com,http://www.theguardian.com/world/2014/may/16/elephant-poaching-kruger-national-park-south-africa
2014-05-17,23:29:31,25sjjd,118,NASA's Asteroid-Capture Mission May Test New Method to Defend Earth,space.com,http://www.space.com/25897-asteroid-deflection-enhanced-gravity-tractor.html
2014-05-17,06:16:00,25qsh5,116,German Economy Minister: 'Google breakup may be required'.,dw.de,http://www.dw.de/german-minister-google-breakup-may-be-required/a-17641881
2014-05-17,00:37:32,25pvy5,109,Prime Minister of Turkey Recep Tayyip Erdoğan filmed slapping civilian protesting about the Turkey Mine Explosion.,telegraph.co.uk,http://www.telegraph.co.uk/news/worldnews/europe/turkey/10835557/Turkey-mine-explosion-PM-Erdogan-filmed-slapping-protester.html
2014-05-17,19:00:56,25s6q9,100,"Ukraine's prosecutor general classifies self-declared Donetsk and Luhansk republics as ""terrorist organizations""",kyivpost.com,http://www.kyivpost.com/content/ukraine/ukraines-prosecutor-general-classifies-self-declared-donetsk-and-luhansk-republics-as-terrorist-organizations-348212.html
2014-05-17,10:33:24,25re5z,94,"Fukushima cancer risk not as serious as thought, UN says",cbc.ca,http://www.cbc.ca/1.2645238
2014-05-17,11:15:04,25rhab,87,U.S. warns China its actions in sea disputes are straining relations,news.yahoo.com,http://news.yahoo.com/u-warns-china-actions-sea-disputes-straining-relations-032619490.html
2014-05-17,19:48:08,25s8ic,85,EU made errors on Ukraine: German minister,sbs.com.au,http://www.sbs.com.au/news/article/2014/05/14/eu-made-errors-ukraine-german-minister
