2014-04-02,09:02:32,21yyig,3409,An 8.0 magnitude earthquake has struck offshore Northern Chile - Live coverage inside.,earthquake.usgs.gov,http://earthquake.usgs.gov/earthquakes/eventpage/at00n3dm1y#summary
2014-04-02,16:21:51,21zw60,3075,Japan Halts Whaling Program in Response to International Court Ruling,news.nationalgeographic.com,http://news.nationalgeographic.com/news/2014/03/140331-whaling-japan-international-court-ocean-animal-conservation/
2014-04-02,22:53:15,220gui,2362,Putin Divorces Wife after 30 Years,news.yahoo.com,http://news.yahoo.com/kremlin-confirms-putins-divorce-final-090721835.html
2014-04-02,06:55:09,21ym7w,1593,March Was First Month Without U.S. Fatalities in Iraq or Afghanistan In 11 Years,time.com,http://time.com/45160/zero-us-fatalities-iraq-afghanistan-11-years/
2014-04-02,21:29:57,220aqz,1204,"MPs criticise BBC over climate change reporting. ""Some editors appear to be particularly poor at determining the level of scientific expertise of contributors in debates, for instance, putting up lobbyists against top scientists as though their arguments on the science carry equal weight.""",bbc.com,http://bbc.com/news/uk-politics-26845103
2014-04-02,16:11:36,21zvlv,1113,Exxon Mobil says climate change unlikely to stop it selling fossil fuels: oil giant issues report on risks that climate policies could pose to the value of its assets and future profitability,theguardian.com,http://www.theguardian.com/environment/2014/apr/01/exxon-mobil-climate-change-fossil-fuels-oil
2014-04-02,23:22:09,220j6g,1023,Bombs explode outside of Cairo University,cir.ca,http://cir.ca/s/JL1
2014-04-02,19:50:08,2205bs,795,"Pro-gov suppliers, not cats, cut off electricity on election night in Turkey",hurriyetdailynews.com,http://www.hurriyetdailynews.com/pro-govt-suppliers-not-cats-cut-off-electricity-on-election-night-report.aspx?pageID=238&nID=64444&NewsCatID=338
2014-04-02,06:43:36,21yl1u,745,"Researchers testing a real-life human-to-dolphin translator have reported the first successful use of their technology in the wild, with a bottlenose dolphin pointing out a piece of nearby seaweed to a scientist in the water.",independent.co.uk,http://www.independent.co.uk/news/science/scientists-working-on-humantodolphin-translator-report-first-successful-interaction-9228552.html
2014-04-02,04:59:30,21y9y6,628,"Ukraine crisis: Poland asks Nato to station 10,000 troops on its territory",telegraph.co.uk,http://www.telegraph.co.uk/news/worldnews/europe/ukraine/10737838/Ukraine-crisis-Poland-asks-Nato-to-station-10000-troops-on-its-territory.html
2014-04-02,05:19:51,21yc25,573,"Ebola virus has spread from Guinea into Liberia and possibly Sierra Leone, as well as Guinea's capital, Conakry, which has a population of two million people. Senegal has closed its land border with Guinea.",bbc.com,http://www.bbc.com/news/world-africa-26838885
2014-04-02,01:51:37,21xq2r,526,Turkey's Riot Police Use Water Cannons on Vote Fraud Protesters,ibtimes.co.uk,http://www.ibtimes.co.uk/turkeys-riot-police-use-water-cannons-vote-fraud-protesters-1442921
2014-04-02,08:10:24,21ytrp,467,"A newspaper editor in Vologda posted a tongue-in-cheek letter to Putin, asking him to help topple the Russian city's 'corrupt oppressors.' He now faces 6 years in prison under charges of extremism.",csmonitor.com,http://www.csmonitor.com/World/Europe/2014/0401/A-bit-of-satire-in-Russia-earns-a-big-backlash
2014-04-02,21:43:45,220bod,417,"Ousted Ukrainian President Viktor Yanukovych: Crimea a part of Ukraine: Viktor Yanukovych, Ukraine’s ousted president, calls Russia’s annexation of Crimea “a tragedy” and says he hopes the Black Sea peninsula can come back under Ukraine’s fold someday.",washingtonpost.com,http://www.washingtonpost.com/world/europe/ap-interview-yanukovych-crimea-a-part-of-ukraine/2014/04/02/acb3102e-ba62-11e3-80de-2ff8801f27af_story.html?tid=rssfeed
2014-04-02,21:42:16,220bkn,398,Bulgaria wary as Russia steps up military flights over Black Sea,news.yahoo.com,http://news.yahoo.com/bulgaria-wary-russia-steps-military-flights-over-black-165953119--sector.html
2014-04-02,02:09:40,21xs20,393,"Russia's Last Independent TV Channel Is Fighting For Its Life, Asks For Help to Raise Funds",newrepublic.com,http://www.newrepublic.com/article/117212/last-independent-tv-channel-russia-fighting-its-life-help
2014-04-02,05:28:11,21ycym,220,"Russia has threatened to retaliate against US diplomatic missions after JPMorgan Chase blocked a money transfer from a Russian embassy, in the clearest political fallout so far from sanctions imposed over the annexation of Crimea last month",ft.com,http://www.ft.com/cms/s/0/2603afd6-b9d4-11e3-957a-00144feabdc0.html
2014-04-02,09:24:38,21z0ir,154,"Evacuations as Peru volcano rumbles to life, occurs just hours before 8.0 earthquake near Chile",news.yahoo.com,http://news.yahoo.com/evacuations-peru-volcano-rumbles-life-211716844.html;_ylt=A0SO8yA0WDtTxSkA2Q1XNyoA;_ylu=X3oDMTB0Y3Q4ODVzBHNlYwNzYwRjb2xvA2dxMQR2dGlkA01BUDAwNl8x
2014-04-02,19:19:40,2203zv,147,"1/4 of Europe's Bumblebee Species Risk Extinction: Largely because of climate change & intensive farming, says the International Union for Conservation of Nature.",uk.news.yahoo.com,https://uk.news.yahoo.com/quarter-europes-bumblebee-species-risk-extinction-study-060555932.html#MeCWd5a
2014-04-02,02:18:54,21xt21,124,"China ""prefers to negotiate with countries individually, rather than in international forums"", accounting for Chinese action in Pacific. China says it was ""provoked"" by Philippines' request for UN arbitration- calls international dispute resolution ""illegal and unreasonable"".",scmp.com,http://www.scmp.com/news/asia/article/1462316/us-accuses-beijing-provoking-philippines-south-china-sea-dispute
2014-04-02,01:30:39,21xnqp,130,Nigeria: Muslims torch Christian church,hosted.ap.org,http://hosted.ap.org/dynamic/stories/A/AF_NIGERIA_CHURCH_BURNED?SITE=AP&SECTION=HOME&TEMPLATE=DEFAULT&CTIME=2014-03-31-13-36-36
2014-04-02,07:45:35,21yrfm,94,"Tar Sands Likely Caused Sickness That Forced Families From Homes, Canadian Regulator Says.",thinkprogress.org,http://thinkprogress.org/climate/2014/04/01/3421804/tar-sands-cancer-update/
2014-04-02,09:23:55,21z0fo,80,"An earthquake of 8.0 magnitude has struck off Chile's coast near Iquique, triggering a tsunami warning for all of Latin America's Pacific coast, the US Geological Survey says. It was centred 86km (56 miles) north-west of the mining area of Iquique.",bbc.com,http://www.bbc.com/news/world-latin-america-26846984
2014-04-02,16:47:03,21zxfk,62,N.Korea 'to Execute 200 Jang Song-taek Loyalists',english.chosun.com,http://english.chosun.com/site/data/html_dir/2014/04/02/2014040201750.html
2014-04-02,14:47:55,21zr3j,58,"KANO, Nigeria (AP) – Witnesses and an official say angry Muslim youths set ablaze a Catholic church and tried to destroy an attached school in northern Nigeria over an alleged insult to the Prophet Muhammad",canada.com,http://www.canada.com/news/Angry+Muslim+youths+fire+Catholic+church+northern+Nigerian+dispute/9682048/story.html
2014-04-02,12:43:49,21zi68,55,"Pavel Durov, creator of VK (Russia's facebook) resigns as CEO, ""claiming he was no longer able to defend the network’s founding principles.""",gigaom.com,http://gigaom.com/2014/04/01/russias-zuckerberg-pavel-durov-quits-as-vkontakte-ceo-after-kremlin-allies-take-over/
2014-04-02,05:12:36,21ybb4,50,"Russian prosecutors have warned against sharing online any information from protest leader and blogger Alexei Navalny, who is under house arrest and banned from using the Internet",france24.com,http://www.france24.com/en/20140401-russia-warns-against-posting-opposition-blogger/
2014-04-02,00:55:34,21xjwx,49,Latvian Province Holds Referendum on Joining Estonia Today | News,news.err.ee,http://news.err.ee/v/politics/ef1b2ce1-f604-4aef-9766-7821db2bdea3?fb_action_ids=10152365253713377
2014-04-02,18:29:25,2201td,40,Bulgarian President Suspects Intentional Provocations From Russia,novinite.com,http://www.novinite.com/view_news.php?id=159427
2014-04-02,21:48:58,220c03,38,"Kazakhstan prime minister Akhmetov resigns - Kazakhstan's Prime Minister Serik Akhmetov, who had managed Central Asia's largest economy since September 2012, said on Wednesday that he had resigned.",reuters.com,http://www.reuters.com/article/2014/04/02/us-kazakhstan-government-idUSBREA310Y220140402?feedType=RSS&feedName=worldNews
