2014-04-20,19:24:44,23i3pd,3356,"Engineers are about to blast away the top of a Chilean mountain to create a site for the European Extremely Large Telescope. It will allow us, for the first time, to directly observe planets outside the solar system",theguardian.com,http://www.theguardian.com/science/2014/apr/20/spot-alien-life-european-extremely-large-telescope-chilean?CMP=fb_gu
2014-04-20,08:44:30,23h1a2,2682,"Six schools in Birmingham, U.K. implicated in ""Trojan Horse"" plot by extremists to ""Islamise"" secular state education .",telegraph.co.uk,http://www.telegraph.co.uk/education/educationnews/10776607/Islamist-plot-six-schools-face-Ofsted-special-measures.html
2014-04-20,00:02:10,23fsyc,2427,"Schools in Birmingham discrimate against non-Muslim students and restrict GCSE teaching to fit in with Islamic beliefs, according to official report",telegraph.co.uk,http://www.telegraph.co.uk/education/educationnews/10775755/State-schools-isolate-non-Muslims.html
2014-04-20,09:17:20,23h3vf,2119,"In 60 Days, South Sudan will Starve: There is a looming crisis in South Sudan that, if not dealt with, could rival some of the worst famines in recent history.",truth-out.org,http://www.truth-out.org/news/item/23183-in-60-days-south-sudan-will-starve
2014-04-20,02:18:37,23g422,1795,"President Barack Obama has signed into law a measure that would bar entry to any UN ambassador whom the US says has engaged in ""terrorist activity"".",bbc.com,http://www.bbc.com/news/world-us-canada-27080244
2014-04-20,07:16:15,23gu4x,1747,"US Drone Obliterates Civilians in Yemen: At least fifteen people, including those not specifically targeted, are killed or wounded in bombing",commondreams.org,https://www.commondreams.org/headline/2014/04/19
2014-04-20,22:13:52,23iaqb,1482,Saudi man fined for allowing his wife to drive.,english.alarabiya.net,http://english.alarabiya.net/en/News/middle-east/2014/04/19/Saudi-man-fined-for-allowing-his-wife-to-drive.html
2014-04-20,23:29:59,23ife9,1231,Government to introduce law requiring porn sites to obtain proof that users are over 18,thedrum.com,http://thedrum.com/news/2014/04/20/government-introduce-law-requiring-porn-sites-obtain-proof-users-are-over-18
2014-04-20,05:56:36,23gndg,1150,Turkey may leave World Wide Web says Communication Minister,digitaljournal.com,http://digitaljournal.com/internet/turkey-may-leave-world-wide-web-says-communication-minister/article/381573
2014-04-20,20:38:34,23i6d7,705,Thousands of Chinese spent their “best years” making Nike shoes and now have no pensions,qz.com,http://qz.com/200885/thousands-of-chinese-spent-their-best-years-making-nike-shoes-and-now-have-no-pensions/
2014-04-20,07:25:46,23guwm,495,"Poland wants 10,000 American troops deployed to defend against Russia",macedoniaonline.eu,http://macedoniaonline.eu/content/view/25119/53/
2014-04-20,18:25:13,23i1l6,310,Deadly gun attack in eastern Ukraine shakes fragile Easter truce,reuters.com,http://www.reuters.com/article/2014/04/20/us-ukraine-crisis-idUSBREA3A1B520140420
2014-04-20,07:31:03,23gvcq,298,"Putin’s popularity at its peak, society rallies around patriotism",voiceofrussia.com,http://voiceofrussia.com/news/2014_04_20/Putin-s-popularity-at-its-peak-society-rallies-around-patriotism-1010/
2014-04-20,07:30:51,23gvbt,292,"Nearly 1/5 of China's farmland is now too polluted to farm; 82.8 percent of contaminated lands are polluted by pollutants like Arsenic, Cadmium, and Nickel. ""Although air pollution is highly visible and present, these pollutants eventually end up in the soil and pollute it as well.""",guardianlv.com,http://guardianlv.com/2014/04/pollution-a-huge-problem-in-china/
2014-04-20,05:59:52,23gnmy,266,Meteor-like Object Explodes Over Russia,iflscience.com,http://www.iflscience.com/space/meteor-object-explodes-over-russia
2014-04-20,15:23:20,23hu2i,203,Bodies found inside sunken South Korean ferry - 52 confirmed dead,news.yahoo.com,http://news.yahoo.com/divers-begin-pulling-bodies-sunken-ferry-025015634.html
2014-04-20,21:12:39,23i7qu,198,Criminals Are Using Drones To Find Weed Farms To Rob,independent.co.uk,http://www.independent.co.uk/news/uk/home-news/shropshire-criminals-using-unmanned-drones-and-infrared-cameras-to-find-illegal-cannabis-farms--and-then-steal-from-the-growers-9267587.html
2014-04-20,01:17:37,23fyxk,193,"Some 3,000 Crimeans refuse to become Russian citizens: About 3,000 residents of Crimea, including Sevastopol, have refused to receive Russian passports, Russian Federal Migration Service chief Konstantin Romodanovsky said.",rbth.com,http://rbth.com/news/2014/04/19/some_3000_crimeans_refuse_to_become_russian_citizens_-_official_36050.html
2014-04-20,20:00:03,23i4xp,175,"Saudi Arabia announces jump in new cases of deadly MERS virus: Saudi Arabia has confirmed seven new cases of Middle East Respiratory Syndrome (MERS), adding up to 36 infections in five days, a sudden increase of a disease that kills about a third of the people infected and has no cure.",reuters.com,http://www.reuters.com/article/2014/04/20/saudi-mers-virus-idINKBN0D605620140420?feedType=RSS&feedName=worldNews
2014-04-20,22:41:17,23icad,149,"South Africans Have Case for Aiding Apartheid: Ford Motor Co. and IBM must face a class action from black South Africans accusing them of supplying the apartheid regime with military cars and computers, a federal judge ruled.",courthousenews.com,https://www.courthousenews.com/2014/04/18/67177.htm
2014-04-20,23:11:20,23ie4e,120,Syrian Rebels Are Being Armed With US-Made Anti-Tank Missiles,businessinsider.com,http://www.businessinsider.com/syria-missile-arms-2014-4
2014-04-20,20:54:09,23i6zj,117,Ukraine crisis: Geneva deal hangs by a thread after deaths in Slavyansk Pro-Russian militants and unidentified assailants are reported killed in gun battle in eastern Ukrainian town,theguardian.com,http://www.theguardian.com/world/2014/apr/20/ukraine-crisis-geneva-deal-slavyansk
2014-04-20,07:15:23,23gu1p,107,Spanish Court Refuses to Close Guantánamo Torture Investigation,commondreams.org,https://www.commondreams.org/newswire/2014/04/18-3
2014-04-20,02:17:14,23g3xz,104,Iran says reactor dispute 'virtually solved' - Middle East,aljazeera.com,http://www.aljazeera.com/news/middleeast/2014/04/iran-says-reactor-dispute-virtually-solved-201441915554732355.html
2014-04-20,09:41:45,23h5sd,80,US plans military exercises in Eastern Europe,nytimes.com,http://www.nytimes.com/2014/04/19/world/europe/us-plans-military-drills-in-eastern-europe.html?_r=0
2014-04-20,04:33:26,23gfzj,72,"Putin welcomes new NATO head, says better ties with West possible",reuters.com,http://www.reuters.com/article/2014/04/19/ukraine-crisis-putin-idUSL6N0NB01N20140419
2014-04-20,01:07:34,23fy2q,67,Adults in developing nations more optimistic than those in rich countries,theguardian.com,http://www.theguardian.com/politics/2014/apr/14/developing-nations-more-optimistic-richer-countries-survey
2014-04-20,02:13:18,23g3la,54,Russia to get paid $457.9M by NASA amidst sanctions,washingtonpost.com,http://www.washingtonpost.com/blogs/post-politics/wp/2014/04/18/despite-sanctions-russia-is-getting-a-457-9m-check-from-nasa/
2014-04-20,05:52:26,23gn0f,49,"The ""haunted island"" Proveglia on bid for $490,000 by Italian government",gizmodo.com,http://gizmodo.com/the-most-haunted-place-in-the-world-is-for-sale-1563528219
2014-04-20,22:48:18,23icps,47,"Syrian President Bashar al-Assad spent Easter Sunday in the ancient Christian town of Maaloula, which his troops recently recaptured from rebels",france24.com,http://www.france24.com/en/20140420-syria-assad-christian-maaloula-easter-rebels-/
