2014-04-29,20:40:30,249p9x,3301,Snowden to reveal secrets of Arab dictators,middleeastmonitor.com,https://www.middleeastmonitor.com/news/europe/11140-snowden-to-reveal-secrets-of-arab-dictators
2014-04-29,16:30:15,249dyx,2772,"Pirate Party founder Rick Falkvinge admits using drugs and enjoying it, slams Sweden for ""deranged"" and ""destructive"" drugs policy that leads police to ""arrest anyone on any bullshit suspicion""",thelocal.se,http://www.thelocal.se/20140429/i-did-drugs-and-sweden-should-get-over-itself-pirate-party-head
2014-04-29,04:30:28,247m82,1662,Turkey to require pet owners to undergo mandatory certification. A new law also will forbid the sale of most animals in pet shops.,hurriyetdailynews.com,http://www.hurriyetdailynews.com/pet-ownership-will-require-a-certificate-in-turkey.aspx?pageID=238&nID=65628&NewsCatID=341
2014-04-29,21:59:19,249u31,1382,U.S. Taped Moscow Plotting Chaos,news.yahoo.com,http://news.yahoo.com/u-taped-moscow-plotting-chaos-094500766--politics.html
2014-04-29,01:06:40,2471fh,824,Ukraine loses at least $80 billion since Russia takes Crimea: Ukraine has lost at least $80 billion since Russia annexed its southern Crimea region and the price tag will be much higher when Kiev includes lost profits and the value of possible energy reserves in the Black Sea.,reuters.com,http://www.reuters.com/article/2014/04/28/us-urkaine-crisis-crimea-idUSBREA3R0X320140428
2014-04-29,08:21:09,248a5h,819,"The Chernobyl arch alone will end up costing about $1.5 billion, financed largely by the United States and about 30 other nations.",bendbulletin.com,http://www.bendbulletin.com/nation/2026775-151/putting-a-32000-ton-cap-on-chernobyl
2014-04-29,06:53:00,2481cn,736,The Pentagon says Russia's defense chief has assured Defense Secretary Chuck Hagel that Russia will not invade Ukraine,bigstory.ap.org,http://bigstory.ap.org/article/pentagon-says-hagel-told-russia-wont-invade
2014-04-29,18:56:04,249kdz,611,"Rio Olympics preparations 'worst' I have ever seen, says IOC vice-president",theguardian.com,http://www.theguardian.com/sport/2014/apr/29/rio-2016-olympics-worst-preparations-ioc?CMP=twt_gu
2014-04-29,01:13:03,24720z,594,Dispatch 31 - Simon Ostrovsky describes his kidnapping,news.vice.com,https://news.vice.com/video/simon-ostrovsky-describes-his-kidnapping-russian-roulette-in-ukraine-dispatch-thirty-one?trk_source=homepage-lede
2014-04-29,00:48:26,246zms,567,Missing Flight MH370: Exploration company believes it may have found MH370,au.news.yahoo.com,https://au.news.yahoo.com/sa/a/23036893/exploration-company-believes-it-may-have-found-mh370/?cmp=fb
2014-04-29,21:25:44,249rv3,542,Saudi Arabia criticises Norway over human rights record,independent.co.uk,http://www.independent.co.uk/news/saudi-arabia-criticises-norway-over-human-rights-record-9301796.html
2014-04-29,15:43:13,249bh0,505,"Israel okayed nearly 14,000 settler homes",sbs.com.au,http://www.sbs.com.au/news/article/2014/04/29/israel-okayed-nearly-14000-settler-homes
2014-04-29,20:17:19,249o24,487,"Prosecutor General: Yanukovych took $32 billion to Russia, financing separatism in Ukraine",kyivpost.com,http://www.kyivpost.com/content/ukraine/prosecutor-general-yanukovych-took-32-billion-to-russia-financing-separatism-in-ukraine-345544.html
2014-04-29,19:49:54,249ms2,485,A television debate show in northern India has ended in horror after a spectator set himself ablaze and embraced a local politician,sbs.com.au,http://www.sbs.com.au/news/article/2014/04/29/horror-indian-tv-debate-sees-burning-man-embrace-politician
2014-04-29,07:12:59,2483d8,475,"30,000 Chinese Factory Workers Strike Against Maker of Nike Sneakers",therealnews.com,http://therealnews.com/t2/index.php?option=com_content&task=view&id=767&Itemid=74&jumival=11777
2014-04-29,05:07:08,247q4b,470,"IED kills one Ukrainian soldier, injures one.",24tv.ua,http://24tv.ua/home/showSingleNews.do?one_soldier_dies_from_improvised_bomb_explosion_in_donetsk_region&objectId=437391&lang=en
2014-04-29,09:49:00,248ijo,413,"Stop using Microsoft's IE browser until bug is fixed, US and UK warn",cnet.com,http://www.cnet.com/news/stop-using-ie-until-bug-is-fixed-says-us/
2014-04-29,02:14:14,247897,332,Several wounded when pro-Russian separatists attacked a rally in support of Ukrainian unity,reuters.com,http://www.reuters.com/article/2014/04/28/us-ukraine-crisis-donetsk-idUSBREA3R10T20140428
2014-04-29,21:45:02,249t5a,328,US senators remove requirement for disclosure over drone strike victims | World news,theguardian.com,http://www.theguardian.com/world/2014/apr/28/drone-civilian-casualties-senate-bill-feinstein-clapper
2014-04-29,20:17:05,249o1q,299,No sign of Russian troops withdrawing from Ukraine border-NATO official,baltimoresun.com,"http://www.baltimoresun.com/news/nation-world/sns-rt-us-ukraine-crisis-nato-20140429,0,408203.story?track=rss"
2014-04-29,12:49:29,248zod,287,"Video of South Korean ferry's captain being rescued in his underwear, and speakers telling students to not move.",cnn.com,http://www.cnn.com/2014/04/27/world/asia/south-korea-ferry-video/index.html?hpt=hp_c2
2014-04-29,04:01:32,247j7u,280,Israel's High Court rules in favor of Palestinians in the West Bank Area C,i24news.tv,http://www.i24news.tv/en/news/israel/diplomacy-defense/140428-israeli-court-rules-in-favor-of-palestinians
2014-04-29,02:29:45,2479t0,206,Russian says was 'irresponsible' to send monitors to east Ukraine,reuters.com,http://www.reuters.com/article/2014/04/28/us-ukraine-crisis-osce-idUSBREA3R0XZ20140428
2014-04-29,14:11:24,2495ys,191,"Russia, Iran In Talks To Sign $10 Billion Energy Deal",economywatch.com,http://www.economywatch.com/news/russia-iran-energy-deal-sanctions.29-04.html
2014-04-29,14:55:25,2498sq,141,"Moscow has voiced concern over an unprecedented increase in US and Nato military activity near Russian borders, amid an escalating crisis in Ukraine.",bbc.com,http://www.bbc.com/news/world-27200078
2014-04-29,04:27:56,247lxj,126,India will take action against the US under the WTO rules in case of unilateral action over India's IP laws,business-standard.com,http://www.business-standard.com/article/economy-policy/india-plays-wto-card-against-us-114042800008_1.html
2014-04-29,01:19:25,2472o4,111,Russia Sanctions Damage To UK Economy Is 'Price Worth Paying,huffingtonpost.co.uk,http://www.huffingtonpost.co.uk/2014/04/28/uk-economy-hague_n_5224462.html
2014-04-29,03:34:37,247gi7,109,Canadian jets Europe-bound on Tuesday amid Ukraine tensions,theglobeandmail.com,http://www.theglobeandmail.com/news/world/canadian-jets-europe-bound-tuesday-as-ottawa-ramps-up-russia-sanctions/article18304103/
2014-04-29,08:20:07,248a1s,102,Egypt: Same court sentences hundreds to death for second time in a month,dailyzone.com,http://www.dailyzone.com/articles/484/20140428/egypt-same-court-sentences-hundreds-death-second-time-month.htm
2014-04-29,20:54:44,249q2b,93,Slavyansk mayor vow no talks on freeing observers unless EU drops sanctions,theglobeandmail.com,http://www.theglobeandmail.com/news/world/ukraine/article18319254/
