2014-01-31,20:58:47,1wn3rl,3426,Footage released of Guardian editors destroying Snowden hard drives: GCHQ technicians watched as journalists took angle grinders and drills to computers after weeks of tense negotiations,theguardian.com,http://www.theguardian.com/uk-news/2014/jan/31/footage-released-guardian-editors-snowden-hard-drives-gchq
2014-01-31,16:01:42,1wmr3w,3308,Man Washes up in Marshall Islands 'After 16 Months Adrift' at sea,naharnet.com,http://www.naharnet.com/stories/en/116570-man-washes-up-in-marshall-islands-after-16-months-adrift
2014-01-31,01:44:44,1wkky4,3284,"Ukrainian riot police have allegedly beaten up a busload of government supporters, after mistaking them for opposition activists",bbc.co.uk,http://www.bbc.co.uk/news/blogs-news-from-elsewhere-25962702
2014-01-31,16:45:41,1wmt1d,2874,A Factory in China is Slaughtering Endangered Whale Sharks - A Chinese non-profit wildlife organization exposes what they believe to be the largest whale shark-processing factory in the world,smithsonianmag.com,http://www.smithsonianmag.com/smart-news/factory-china-slaughtering-estimated-600-endangered-whale-sharks-every-year-180949539/
2014-01-31,12:34:20,1wmdsd,2861,Australia's Great Barrier Reef watchdog gave the green light for millions of cubic metres of dredged mud to be dumped near the fragile reef to create the world's biggest coal port and possibly unlock $28 billion in coal projects,nytimes.com,http://www.nytimes.com/reuters/2014/01/30/world/asia/30reuters-australia-reef-permit.html?smid=re-share
2014-01-31,21:52:51,1wn6wb,2664,Cameron unhappy newspapers still printing Snowden data leaks,uk.reuters.com,http://uk.reuters.com/article/2014/01/31/uk-britain-snowden-cameron-idUKBREA0T1E220140131
2014-01-31,18:56:06,1wmydr,1867,"61% said ""No!"" - Most Germans oppose bigger role for military.",globalpost.com,http://www.globalpost.com/dispatch/news/afp/140131/most-germans-oppose-bigger-role-military
2014-01-31,13:48:51,1wmjjx,1322,"Bumblebees exposed to controversial pesticides collect just half the pollen they would otherwise harvest, according to new research, depriving their growing young of their only source of protein. [x-post /r/environment]",theguardian.com,http://www.theguardian.com/environment/2014/jan/29/bees-pollen-pesticides-ban
2014-01-31,02:01:55,1wkmsm,961,Ontario raises minimum wage to $11,canada.com,http://www.canada.com/business/Ontario+raises+minimum+wage/9449257/story.html
2014-01-31,15:29:11,1wmple,932,"Palestinian poet Ashraf Fayadh is in a Saudi prison, allegedly for spreading atheism � and having long hair",advocacy.globalvoicesonline.org,http://advocacy.globalvoicesonline.org/2014/01/28/saudi-arabia-jails-palestinian-poet-for-atheism-and-long-hair/
2014-01-31,13:45:24,1wmjb4,618,Pirate Bay allowed to sail again: Dutch court surrenders.,techtimes.com,http://www.techtimes.com/articles/3028/20140130/dutch-court-surrenders-allows-pirate-bay-to-sail-again.htm
2014-01-31,05:29:05,1wl9bd,555,"""They cut my ear off and even crucified me"" - AutoMaidan leader Bulatov found alive eight days after disappearance",kyivpost.com,http://www.kyivpost.com/content/ukraine/automaidan-leader-bulatov-found-alive-after-eight-days-of-disappearance-335912.html
2014-01-31,20:53:04,1wn3hj,508,The former head of Canada's military in Afghanistan is being detained in Afghanistan for alleged gun smuggling,defensenews.com,http://www.defensenews.com/article/20140130/DEFREG02/301300036/Media-Ex-Canadian-Top-General-Afghanistan-Detained
2014-01-31,18:16:04,1wmwrj,487,Shipwrecked man makes land 'after 16 months adrift',telegraph.co.uk,http://www.telegraph.co.uk/news/worldnews/australiaandthepacific/marshallislands/10609011/Cast-away-Shipwrecked-man-makes-land-after-16-months-adrift.html
2014-01-31,21:04:05,1wn427,454,"After billions in U.S. investment, Afghan roads are falling apart",washingtonpost.com,http://www.washingtonpost.com/world/asia_pacific/after-billions-in-us-investment-afghan-roads-are-falling-apart/2014/01/30/9bd07764-7986-11e3-b1c5-739e63e9c9a7_story.html
2014-01-31,10:14:11,1wm1cz,428,CSEC used airport Wi-Fi to track Canadian travellers: Edward Snowden documents,cbc.ca,http://www.cbc.ca/news/politics/csec-used-airport-wi-fi-to-track-canadian-travellers-edward-snowden-documents-1.2517881
2014-01-31,12:21:33,1wmcr7,411,Leaked document records 330 drone strikes in Pakistan: A former Pakistani minister says that officials may have come under pressure to play down civilian deaths after Obama's election. Almost all mention of non-combatant casualties disappears after 2009 despite significant evidence to the contrary.,thebureauinvestigates.com,http://www.thebureauinvestigates.com/2014/01/29/leaked-official-document-records-330-drone-strikes-in-pakistan/
2014-01-31,18:52:27,1wmy8s,410,Mexico has started registering vigilantes fighting drug cartel to classify them as official defense groups.,globalpost.com,http://www.globalpost.com/dispatch/news/afp/140131/mexico-registering-anti-drug-vigilantes-give-them-official-status
2014-01-31,20:20:22,1wn1xn,385,"Pollution Taints Chinese New Year Fireworks - Chinese typically ring in the Lunar New Year with fireworks. In Shanghai, young people say the smog has changed their minds about the ancient tradition & they won't be lighting off fireworks this year to spare the air.",npr.org,http://www.npr.org/2014/01/31/269216938/pollution-taints-chinese-new-year-fireworks
2014-01-31,17:40:21,1wmvc9,248,UK nuclear plant detects elevated radiation - Sellafield bans non-essential workers as precaution after monitors detect higher-than-normal radioactivity.,aljazeera.com,http://www.aljazeera.com/news/europe/2014/01/uk-nuclear-plant-detects-elevated-radiation-201413183921346211.html
2014-01-31,02:11:35,1wknu1,235,Stunning electric-blue flames erupt from volcanoes in Indonesia,news.nationalgeographic.com,http://news.nationalgeographic.com/news/2014/01/140130-kawah-ijen-blue-flame-volcanoes-sulfur-indonesia-pictures
2014-01-31,21:18:39,1wn4vv,227,Central African Republic: 'Scene of absolute horror',bbc.co.uk,http://www.bbc.co.uk/news/world-africa-25946920
2014-01-31,20:52:26,1wn3gs,211,Cameron: UK public is fine with domestic spying,theregister.co.uk,http://www.theregister.co.uk/2014/01/30/cameron_public_is_cool_with_domestic_spying/
2014-01-31,11:02:22,1wm5pr,128,Vodka blamed for high death rates in Russia,bbc.co.uk,http://www.bbc.co.uk/news/health-25961063
2014-01-31,01:45:53,1wkl3e,112,Ukrainian police 'attack wrong protesters',bbc.co.uk,http://www.bbc.co.uk/news/blogs-news-from-elsewhere-25962702?ocid=socialflow_twitter
2014-01-31,17:42:52,1wmvg0,58,"England's Sellafield Nuclear Site has ""Elevated Levels of Radioactivity"" - Essential workers only are asked to come to work at plant as officials investigate",theguardian.com,http://www.theguardian.com/environment/2014/jan/31/sellafield-nuclear-site-elevated-levels-radioactivity
2014-01-31,23:54:40,1wngcf,53,US readying sanctions against Ukraine,france24.com,http://www.france24.com/en/20140130-usa-sanctions-ukraine-yanukovich-protests/
2014-01-31,14:28:53,1wmm7t,56,Documents released by US whistleblower Edward Snowden show the Communications Security Establishment Canada (CSEC) used airport Wi-Fi to track passengers from around the world.,rt.com,http://rt.com/news/canada-snowden-spying-nsa-airport-442/
2014-01-31,21:23:58,1wn56h,50,"The UN's human rights office on Friday called on Ukraine to launch an independent probe of deaths, kidnappings and torture amid raging political unrest.",brecorder.com,http://www.brecorder.com/top-news/109-world-top-news/155778-un-rights-office-calls-for-probe-of-ukraine-torture.html
2014-01-31,04:19:27,1wl1nc,47,Snowden revelations of NSA spying on Copenhagen climate talks spark anger | Documents leaked by Edward Snowden show NSA kept US negotiators abreast of their rivals' positions at 2009 summit,theguardian.com,http://www.theguardian.com/environment/2014/jan/30/snowden-nsa-spying-copenhagen-climate-talks
