2014-05-25,01:28:37,26dtyn,3965,"Iran hangs billionaire over $2.6b bank fraud. Largest fraud case since 1979 Islamic Revolution sends four scammers to the gallows, including tycoon Mahafarid Amir Khosravi.",haaretz.com,http://www.haaretz.com/news/middle-east/1.592510
2014-05-25,18:33:33,26fpr2,3247,"Pope Francis calls Israeli-Palestinian stalemate unacceptable, The Pope also chose to arrive in West Bank from Jordan rather than via Israel in a symbolic nod towards Palestinian statehood",theguardian.com,http://www.theguardian.com/world/2014/may/25/pope-francis-israel-palestinian-unacceptable-west-bank
2014-05-25,08:30:39,26eqwo,2819,Ukraine says Russia should lose 2018 World Cup over Crimea,articles.chicagotribune.com,http://articles.chicagotribune.com/2014-05-21/news/sns-rt-us-ukraine-crisis-eu-20140521_1_eastern-ukraine-luhansk-the-eu
2014-05-25,12:43:27,26f8fw,2528,Millions Worldwide March Against Monsanto,commondreams.org,http://www.commondreams.org/headline/2014/05/24-1
2014-05-25,18:47:45,26fqa1,1880,13-year-old Indian teen becomes youngest female to scale Everest,timesofindia.indiatimes.com,http://timesofindia.indiatimes.com/india/13-year-old-Andhra-teen-becomes-youngest-woman-to-scale-Everest/articleshow/35598021.cms
2014-05-25,06:56:25,26ejx6,1075,Jobless have 'no right' to wait for dream job: Abbott,news.ninemsn.com.au,http://news.ninemsn.com.au/national/2014/05/24/14/19/tony-abbott-tells-unemployed-they-have-no-right-to-wait-for-dream-job
2014-05-25,23:49:31,26g4jy,613,"Russian interpreter, Andrei Mironov and Italian photojournalist, Andrea Rocchelli have been killed in eastern Ukraine while covering fighting between government forces and pro-Russia insurgents",ctvnews.ca,http://www.ctvnews.ca/world/italian-photographer-russian-interpreter-killed-in-east-ukraine-1.1837148#ixzz32jsW7bjo
2014-05-25,21:10:33,26fvvo,570,"Armed pro-Russian separatists gather outside home of Ukraine's richest man: The rebels, roundly denounced by Akhmetov, have prevented voting in Donetsk. known abroad as the owner of Shakhtar Donetsk soccer club, has urged people to vote and accused the pro-Russian rebels of ""genocide"" last week.",reuters.com,http://www.reuters.com/article/2014/05/25/us-ukraine-crisis-donetsk-akhmetov-idUSBREA4O04Z20140525
2014-05-25,00:11:16,26do5k,519,"BBC News - At least three people have been shot dead near the Jewish Museum in the Belgian capital Brussels, officials say",bbc.co.uk,http://www.bbc.co.uk/news/world-europe-27558918
2014-05-25,04:10:26,26e717,477,Ukraine fires warning shots at Russian helicopters from Crimea,haaretz.com,http://www.haaretz.com/news/world/1.592545
2014-05-25,00:34:27,26dpvc,452,Three people die in Brussels shooting at Jewish museum,deredactie.be,http://www.deredactie.be/cm/vrtnieuws.english/News/140524_shootinbrussels-jewish-museum
2014-05-25,19:16:55,26frc8,372,Italian Journalist and his Russian interpreter Killed in Eastern Ukraine,abcnews.go.com,http://abcnews.go.com/International/wireStory/italian-journalist-killed-eastern-ukraine-23860270
2014-05-25,11:15:10,26f2hz,324,"US military must be allowed to force-feed Guantánamo detainee, judge rules | Judge lifts restraining order that stopped Abu Wa'el Dhiab being force-fed because of the 'very real probability that Mr Dhiab will die'",theguardian.com,http://www.theguardian.com/world/2014/may/23/us-military-force-feeding-guantanamo-detainee-judge
2014-05-25,03:14:58,26e2h9,278,U.S. may act to keep Chinese hackers out of Def Con hacker event,theglobeandmail.com,http://www.theglobeandmail.com/news/world/us-may-act-to-keep-chinese-hackers-out-of-def-con-hacker-event/article18835000/
2014-05-25,01:38:57,26duso,231,Putin says Russia ready for talks with Japan over disputed islands,news.yahoo.com,http://news.yahoo.com/putin-says-russia-ready-talks-japan-over-disputed-144652587.html
2014-05-25,12:00:37,26f5n2,226,"A bitter pill as China crackdowns squeeze pharma margins: Crackdown on corruption & pricing in its fast-growing pharmaceutical market has squeezed profits & margins, raising a red flag to global Big Pharma that days of easy growth may be over.",news.yahoo.com,http://news.yahoo.com/bitter-pill-china-crackdowns-squeeze-pharma-margins-021557212--finance.html
2014-05-25,07:50:49,26eo0m,206,"Boko Haram Raids 3 Villages in Borno, 34 Persons Slaughtered",nigerianbulletin.com,http://www.nigerianbulletin.com/threads/boko-haram-raids-3-villages-in-borno-34-persons-slaughtered.77156/
2014-05-25,11:03:13,26f1o7,184,"King Richard III to be buried in Leicester, resolving row after remains were found in carpark in 2012: Britain's high court has ordered he be buried in a cathedral in Leicester, the city where his remains were found under a car park 2 years ago.",abc.net.au,http://www.abc.net.au/news/2014-05-24/king-richard-iii-to-be-buried-in-leicester/5475354
2014-05-25,07:05:04,26ekl3,171,"Thailand's coup leaders have announced the dissolution of the country's Senate, with the military assuming all executive power in the country. Saturday's announcement, which was broadcast on television, stripped away the last democratic institution in the country.",aljazeera.com,http://www.aljazeera.com/news/asia-pacific/2014/05/thai-military-leaders-dissolve-senate-2014524124210155573.html
2014-05-25,09:41:19,26evzk,148,"Hurricane forms off Mexico, strengthens rapidly",khon2.com,http://khon2.com/2014/05/24/hurricane-forms-off-mexico-strengthens-rapidly/
2014-05-25,20:13:27,26ftfl,63,"Ukraine election draws high turnout, voters blocked in fearful east.",news.yahoo.com,http://news.yahoo.com/ukraine-votes-fear-war-stalk-russia-border-zone-011339495.html
2014-05-25,09:00:50,26et3v,63,Sweden to sue EU Commission over delays to rules on chemicals that disrupt human hormones and cause disease (x-post from /r/GMOinfo),reuters.com,http://www.reuters.com/article/2014/05/22/us-eu-sweden-idUSBREA4L15X20140522
2014-05-25,10:22:55,26eyvr,59,Vietnam marines has stopped confronting Chinese ships over the oil rig,m.voanews.com,http://m.voanews.com/a/source-hanoi-no-longer-confronting-chinese-ships/1921355.html#relatedInfoContainer
2014-05-25,13:51:05,26fcus,52,"For Crimea, It’s Russian Troops in, Tourists Out",nytimes.com,http://www.nytimes.com/2014/05/25/world/europe/for-crimea-its-russian-troops-in-tourists-out.html?partner=rss&emc=rss&_r=1
2014-05-25,11:34:20,26f3tj,46,Ireland's coalition government suffered a bruising setback at local elections on Saturday as the opposition Sinn Fein party made major gains to capitalize on frustration over six years of relentless austerity cuts,reuters.com,http://www.reuters.com/article/2014/05/24/us-ireland-election-idUSBREA4N0DR20140524
2014-05-25,08:27:33,26eqo4,43,"India hits U.S., China with solar imports anti-dumping duties",in.reuters.com,http://in.reuters.com/article/2014/05/23/uk-india-solar-idINKBN0E30YI20140523
2014-05-25,09:28:21,26ev1u,39,"Thousands of Germany's Turks protest ahead of Erdogan speech in Cologne - Some 40,000 people on Saturday protested in Cologne against Erdogan and his Justice and Development Party ahead of a planned speech by the Turkish premier to his conservative supporters.",dw.de,http://www.dw.de/thousands-of-germanys-turks-protest-ahead-of-erdogan-speech-in-cologne/a-17660263
2014-05-25,09:21:41,26eukb,34,Apocalyptic Scenes in Madagascar,globalvoicesonline.org,http://globalvoicesonline.org/2014/05/24/apocalyptic-scenes-in-andranondambo-madagascar-as-villages-fight-for-land-properties/
2014-05-25,21:45:23,26fxes,32,"Iranian small town teacher shaves head, becomes unlikely national hero",news.yahoo.com,http://news.yahoo.com/iranian-small-town-teacher-shaves-head-becomes-unlikely-110002582.html
2014-05-25,05:41:50,26ee70,30,Tensions mount in Turkey after second death in protests,wsws.org,http://www.wsws.org/en/articles/2014/05/24/turk-m24.html
