2014-03-09,22:19:50,1zyt14,3659,Women protest against proposed Iraq law that would allow marriage of nine-year-old girls,rawstory.com,http://www.rawstory.com/rs/2014/03/08/women-protest-against-proposed-iraq-law-that-would-allow-marriage-of-nine-year-old-girls/
2014-03-09,10:07:02,1zxpkd,2955,Pilot 30 min ahead of Malaysia Airlines MH370 says he established contact with missing jet,nst.com.my,http://www.nst.com.my/nation/general/pilot-i-established-contact-with-plane-1.503464#sthash.jJXa2BfN.uxfs
2014-03-09,21:29:06,1zyqex,2372,"80th birthday of Yury Gagarin, first man in space",rt.com,http://rt.com/news/gagarin-first-man-space-anniversary-662/
2014-03-09,16:59:43,1zyfhr,2106,The same two people who were traveling on Flight 370 with the stolen passports purchased their tickets on the same transaction and were traveling together.,cnn.com,http://www.cnn.com/2014/03/09/world/asia/malaysia-airlines-plane/?hpt=hp_t1
2014-03-09,09:05:33,1zxkm5,1825,Two more Europeans passengers with suspect identities onboard missing MH370,themalaysianinsider.com,http://www.themalaysianinsider.com/malaysia/article/two-more-europeans-passengers-with-suspect-identities-onboard-missing-mh370
2014-03-09,18:33:50,1zyj5a,1791,"North Korea holds ""elections"" every 5 years. There is only one candidate for each district with ""Yes"" or ""No"" options. In 2009, 99% voted and 100% were ""Yes"".",bbc.com,http://www.bbc.com/news/world-asia-26502900
2014-03-09,20:32:45,1zynsi,1382,Australia's Shark Cull Is Killing the Wrong Sharks,motherboard.vice.com,http://motherboard.vice.com/read/australias-shark-cull-is-killing-the-wrong-sharks
2014-03-09,11:36:56,1zxwes,1212,Warm Water Worlds May Have Been Found According to New Study by German Scientists,spaceindustrynews.com,http://spaceindustrynews.com/warm-water-worlds-may-have-been-found-according-to-new-study-by-german-scientists/3385/
2014-03-09,01:38:39,1zwi64,1151,Ukrainian army from all regions moving to the south,censor.net.ua,http://censor.net.ua/video_news/274838/ukrainskie_voennye_po_vseyi_strane_nachinayut_ucheniya_voyiska_massovo_vydvigayutsya_na_poligony_v_hersonskoyi
2014-03-09,14:01:45,1zy6l3,1031,Saudi princesses plead for help as they claim they are being held by the king against their will -- Their mother has written to UN human rights agency to intervene,dailymail.co.uk,http://www.dailymail.co.uk/news/article-2576600/Prisoners-palace-Saudi-princesses-plead-help-claim-held-king-against-will.html
2014-03-09,15:42:05,1zybzu,781,Family of Chinese passenger missing on flight MH370 makes contact with his phone,voiceofrussia.com,http://voiceofrussia.com/news/2014_03_09/Family-of-Chinese-passenger-missing-on-flight-MH370-makes-contact-with-his-phone-1046/
2014-03-09,15:40:19,1zybx9,772,Thousands marched through the Lebanese capital to demand the passage of law protecting women against domestic violence,bbc.co.uk,http://www.bbc.co.uk/news/world-middle-east-26502445
2014-03-09,20:01:36,1zymke,764,A suicide bomber driving a minibus packed with explosives killed at least 32 people and wounded 147 on Sunday in the southern Iraqi city of Hilla,reuters.com,http://www.reuters.com/article/2014/03/09/us-iraq-violence-idUSBREA2806M20140309
2014-03-09,10:31:31,1zxrf2,733,"Chinese news, unverified, third case identified where an identified passenger on the missing 777 was actually home in China and never went to Malaysia. News in Chinese, but Google translation works",xmnn.cn,http://www.xmnn.cn/dzbk/xmrb/20140309/201403/t20140309_3740857.htm
2014-03-09,02:33:24,1zwmxu,702,Ukraine computers infected by powerful virus,m.aljazeera.com,http://m.aljazeera.com/story/201438144147780802
2014-03-09,21:16:54,1zypu4,564,Thousands of women have been demonstrating in Madrid against controversial moves to scrap Spain’s abortion on demand law.,euronews.com,http://www.euronews.com/2014/03/09/spain-thousands-protest-against-tougher-abortion-laws/
2014-03-09,07:14:44,1zxbi4,498,"Beijing threatens Hong Kong, says 'democracy will only bring disaster'",asianews.it,"http://www.asianews.it/news-en/Beijing-threatens-Hong-Kong,-saying-democracy-will-only-bring-disaster-30496.html"
2014-03-09,12:30:09,1zy0ad,468,New possible sighting of debris at sea as China sends warships to join search for missing Malaysian Airlines flight,scmp.com,http://www.scmp.com/news/china/article/1444179/new-possible-sighting-debris-sea-china-sends-warships-join-search-missing
2014-03-09,04:48:51,1zwyln,411,"Libya threatens N Korea ship over seized oil - Libya has threatened to bomb a North Korean-flagged tanker if it tries to export oil from a rebel-controlled port east of Tripoli, in a major escalation of a standoff over the country's petroleum wealth.",aljazeera.com,http://www.aljazeera.com/news/africa/2014/03/libya-threats-n-korea-ship-over-seized-oil-201438174842900528.html
2014-03-09,12:39:52,1zy0yu,382,Malaysia announces they are investigating a possible terror link in jet disappearance,news.yahoo.com,http://news.yahoo.com/malaysia-probing-possible-terror-jet-mystery-040054668.html;_ylt=AwrSyCPo6htTqAoASGHQtDMD
2014-03-09,21:11:10,1zypja,383,Malaysia Airlines: What we know about Flight MH370,bbc.com,http://www.bbc.com/news/world-asia-26503141
2014-03-09,10:32:02,1zxrgh,380,Japanese PM Abe to tell Putin of Japan's trilateral stance with U.S. and EU on Ukraine crisis,japantimes.co.jp,http://www.japantimes.co.jp/news/2014/03/08/national/abe-to-tell-putin-of-japans-trilateral-stance-with-u-s-and-eu-on-ukraine-crisis/
2014-03-09,21:26:02,1zyq8z,348,Israel Doubled Settlement Construction In West Bank In 2013,time.com,http://time.com/11458/israel-doubled-west-bank-settlement-construction-in-2013/
2014-03-09,12:43:07,1zy16z,230,"Four on-board missing Malaysian plane had fake passports, say officials",m.indiatoday.in,http://m.indiatoday.in//story/malaysia-airlines-plane-accident-flight-mh370-stolen-passport/1/347505.html
2014-03-09,00:24:48,1zwc12,216,"As the US steps out, China starts to “work with Afghanistan”",sensiblereason.com,http://sensiblereason.com/us-steps-china-starts-work-afghanistan/
2014-03-09,09:53:09,1zxog6,213,"Freescale Semiconductor, a company based in Texas, confirmed 20 of its employees were passengers on Malaysia Airlines Flight MH370",online.wsj.com,http://online.wsj.com/article/PR-CO-20140308-902237.html
2014-03-09,07:57:46,1zxf48,199,FBI to Investigate Disappearance of Malaysian Airlines Flight MH370,latimes.com,"http://www.latimes.com/world/worldnow/la-fg-wn-fbi-disappearance-malaysian-airlines-jet-20140308,0,5571373.story"
2014-03-09,22:25:47,1zytd0,180,Vietnam’s ministry of information and communication has released a photo that is believed to show fragments of the inner door and a piece of the tail from a Malaysian airliner that went missing early Saturday.,businessinsider.com,http://www.businessinsider.com/this-might-be-the-first-sign-of-debris-from-the-missing-malaysia-air-flight-2014-3
2014-03-09,17:29:33,1zygri,180,"""Suspicious floating object"" seen near Malaysia Airlines flight MH370's last known location",theguardian.com,http://www.theguardian.com/world/2014/mar/09/malaysia-airlines-missing-plane-investigation-widens-live
2014-03-09,21:43:33,1zyr4x,169,Vietnam Searchers Report Spotting Plane Debris,online.wsj.com,http://online.wsj.com/news/articles/SB10001424052702304732804579427991198487418?mod=WSJ_hpp_LEFTTopStories&mg=reno64-wsj&url=http%3A%2F%2Fonline.wsj.com%2Farticle%2FSB10001424052702304732804579427991198487418.html%3Fmod%3DWSJ_hpp_LEFTTopStories
