2014-04-30,18:26:03,24csiy,3380,"Afghan couple hack off nose, ears of cleric who sexually assaulted their daughter",uk.reuters.com,http://uk.reuters.com/article/2014/04/29/uk-afghanistan-girl-idUKKBN0DF1IU20140429
2014-04-30,06:56:57,24bbz5,2813,"U.S. would react immediately if Russia invaded Ukraine, says American ambassador",upi.com,http://www.upi.com/Top_News/World-News/2014/04/29/US-would-react-immediately-if-Russia-invaded-Ukraine-says-American-ambassador/5121398797463/?spt=sec&or=tn
2014-04-30,04:04:42,24atku,1790,US offers $5 million bounty for China executive accused of trying to sell missile technology to Iran,ft.com,http://www.ft.com/intl/cms/s/0/6547d678-cfb3-11e3-a2b7-00144feabdc0.html#axzz30IsTVWIp
2014-04-30,23:15:01,24d9k1,1755,"Afghans repel attack by 300 militants on base, kill 60 militants",bbc.co.uk,http://www.bbc.co.uk/news/world-asia-27217603
2014-04-30,12:14:28,24c6im,1627,Japan to refuse entry to 23 Russians due to sanctions over Crimea annexation,japandailypress.com,http://japandailypress.com/japan-to-refuse-entry-to-23-russians-due-to-sanctions-over-crimea-annexation-2947918/
2014-04-30,22:24:16,24d5fr,1151,Fukushima Nuclear Plant Operator Tepco announces $4.3 Billion Profit,thejakartaglobe.com,http://www.thejakartaglobe.com/business/fukushima-nuclear-plant-operator-tepco-books-4-3-billion-profit/
2014-04-30,01:30:13,24ad9k,1025,Scorpions drummer James Kottak jailed in Dubai for insulting Islam,thenational.ae,http://www.thenational.ae/uae/courts/scorpions-drummer-jailed-for-insulting-islam-in-dubai-airport
2014-04-30,03:49:57,24as0p,876,"Russian Deputy Prime Minister says: ""After analyzing the sanctions against our space industry, I suggest to the USA to bring their astronauts to the International Space Station using a trampoline""",nbcnews.com,http://www.nbcnews.com/storyline/ukraine-crisis/trampoline-space-russian-official-tells-nasa-take-flying-leap-n92616
2014-04-30,19:05:57,24cu80,749,Ukraine 'on full combat alert' against possible Russia invasion,telegraph.co.uk,http://www.telegraph.co.uk/news/worldnews/europe/ukraine/10797862/Ukraine-on-full-combat-alert-against-possible-Russia-invasion.html
2014-04-30,23:48:01,24dcjb,677,"Explosion at Xinjiang's largest train station, cause and casualties still unclear",thediplomat.com,http://thediplomat.com/2014/04/explosion-rocks-train-station-in-xinjiangs-capital/
2014-04-30,17:34:38,24cqcj,646,China poised to pass US as world's leading economic power this year,ft.com,http://www.ft.com/intl/cms/s/0/d79ffff8-cfb7-11e3-9b2b-00144feabdc0.html
2014-04-30,23:43:18,24dc3o,584,"American Abu Ghraib Prisoner Disappears: Shawki Ahmed Omar ""disappeared"" around the time the others were transferred. Repeat requests for information on his whereabouts by his family have fallen on the deaf ears of the Iraqi authorities; the US authorities claim to know nothing as well.",truth-out.org,http://truth-out.org/news/item/23366-american-abu-ghraib-prisoner-disappears
2014-04-30,02:59:43,24amkk,479,Russia parliament approves Internet-restricting bills,jurist.org,http://jurist.org/paperchase/2014/04/russia-parliament-approves-internet-restricting-bills.php
2014-04-30,01:48:07,24af5f,459,"Gunmen have stormed Libya's parliament and started shooting, according to officials.",bbc.com,http://www.bbc.com/news/world-africa-27209843
2014-04-30,19:06:09,24cu8p,365,"Kiev says security forces ""helpless"" to restore order in east, as more buildings seized",bigstory.ap.org,http://bigstory.ap.org/article/another-building-seized-east-ukraine
2014-04-30,23:36:43,24dbi5,349,Prosecutor: Yanukovych's 'Mafia' Government Stole Up To $100 Billion From Ukraine And Some Of It Is Funding Rebels.,businessinsider.com,http://www.businessinsider.com/r-toppled-mafia-president-cost-ukraine-up-to-100-billion-prosecutor-says-2014-30#ixzz30NeLsCjQ
2014-04-30,15:26:35,24ck5h,294,"Pakistan's spy agency ISI accused of kidnapping and killing journalists | Amnesty International details journalists' claims of harassment, intimidation and attacks at the hands of military intelligence.",theguardian.com,http://www.theguardian.com/world/2014/apr/30/isi-accused-of-targeting-journalists-pakistan-amnesty-international
2014-04-30,00:07:51,24a52q,294,European Union moves to end smartphone patent wars,reuters.com,http://www.reuters.com/article/2014/04/29/us-eu-competition-motorola-idUSBREA3S09220140429
2014-04-30,19:46:53,24cw29,297,New satellite imagery confirms continued activity at North Korea's main nuclear test site that is consistent with preparations for an atomic detonation,channelnewsasia.com,http://www.channelnewsasia.com/news/asiapacific/new-images-confirm/1090316.html
2014-04-30,05:44:20,24b4af,291,David Cameron has pledged to step down as Prime Minister after next year’s general election if he could not deliver on his promise to hold a referendum on Britain’s membership of the European Union.,independent.co.uk,http://www.independent.co.uk/news/uk/politics/david-cameron-would-quit-as-prime-minister-after-general-election-if-he-could-not-deliver-on-inout-eu-referendum-promise-9299472.html
2014-04-30,19:08:38,24cubu,275,1.4 million workers are employed on zero-hours contracts in Britain annually,bbc.com,http://www.bbc.com/news/business-27219654
2014-04-30,18:44:57,24ctb0,246,"Hess and Mercuria Added to Crude Oil Price-Fixing Suit; joining BP, Shell, and Statoil in alleged conspiracy [Bloomberg]",bloomberg.com,http://www.bloomberg.com/news/2014-04-29/hess-mercuria-added-to-brent-crude-oil-price-fixing-suit.html
2014-04-30,06:47:06,24bawc,232,Real-life Atlantis? The world's megacities that are sinking 10 times faster than water levels are rising - Scientists have issued a new warning to the world’s coastal megacities that the threat from subsiding land is a more immediate problem than rising sea levels caused by global warming.,independent.co.uk,http://www.independent.co.uk/news/science/scientists-warn-that-land-subsidence-is-a-more-immediate-threat-to-the-worlds-coastal-megacites-than-climate-change-9302052.html
2014-04-30,03:18:05,24aoin,235,Pro-Russia separitists seize control in another Ukrainian city,news.yahoo.com,http://news.yahoo.com/pro-russian-separatists-storm-government-hq-ukraines-luhansk-123648376.html;_ylt=AwrBEiRy4l9TxlUApfTQtDMD
2014-04-30,22:43:19,24d6xk,212,"US intercepts Moscow's calls to spies in Ukraine, report says | World | The Guardian",theguardian.com,http://www.theguardian.com/world/2014/apr/30/us-intercepts-moscow-calls-to-spies-kerry-leaked-remarks-russia
2014-04-30,11:45:31,24c3wo,202,"Swiss archaeologists discover 50 mummies in the Valley of the Kings (tomb KV 40), as well as the identities of two new princesses.",english.ahram.org.eg,http://english.ahram.org.eg/NewsContent/9/40/100031/Heritage/Ancient-Egypt/Almost--royal-mummies-discovered-in-Egypts-Valley-.aspx
2014-04-30,01:17:28,24abxp,196,China criticizes US sanctions against Russia,thebricspost.com,http://thebricspost.com/china-criticizes-us-sanctions-against-russia/#.U1-fePldWap
2014-04-30,00:05:41,24a4vk,189,Ukraine's Pro-Russian Candidate Quits Presidential Race,rferl.org,http://www.rferl.org/content/ukraines-pro-russian-candidate-quits-presidential-race/25366951.html
2014-04-30,13:22:12,24cby3,164,Kiev government powerless as east Ukraine slips out of its control | World news | theguardian.com,theguardian.com,http://www.theguardian.com/world/2014/apr/29/kiev-losing-control-east-ukraine?CMP=EMCNEWEML6619I2
2014-04-30,15:40:35,24ckx5,152,"Japan, China and South Korea issued on Tuesday a joint statement stipulating their concerted efforts to resolve environmental issues such as the concentration of PM2.5 fine pollutants.",japantimes.co.jp,http://www.japantimes.co.jp/news/2014/04/30/national/japan-china-s-korea-to-jointly-tackle-pm2-5-problem/
