2014-07-29,21:58:34,2c1emy,10225,Russia may leave nuclear treaty,theguardian.com,http://www.theguardian.com/world/2014/jul/29/moscow-russia-violated-cold-war-nuclear-treaty-iskander-r500-missile-test-us
2014-07-29,10:17:12,2c01z4,4744,US: Russia Violates 1987 Nuclear Missile Treaty by Testing New Ground Launched Cruise Missile,bigstory.ap.org,http://bigstory.ap.org/article/us-russia-violated-1987-nuclear-missile-treaty
2014-07-29,07:43:16,2bzmu1,1886,Liberia closes borders. Trying to stop spread of the Ebola Virus.,bbc.com,http://www.bbc.com/news/world-africa-28522824
2014-07-29,20:23:10,2c187t,1529,Bankers Face World's Longest Bonus Clawbacks: Staff at British banks could be made to hand back bonuses more than six years after the money has been paid to them under a regime that will amount to the world's toughest rules on clawing back remuneration.,news.sky.com,http://news.sky.com/story/1309490/bankers-face-worlds-longest-bonus-clawbacks
2014-07-29,08:21:59,2bzqsl,1494,Malaysia Airlines may change its name in major rebrand after MH370 and MH17 disasters,mirror.co.uk,http://www.mirror.co.uk/news/world-news/malaysia-airlines-change-name-major-3921862
2014-07-29,18:28:50,2c12dd,1170,Turkish deputy PM says women laughing in public is 'Haram',hurriyetdailynews.com,http://www.hurriyetdailynews.com/women-should-not-laugh-in-public-turkish-deputy-pm-says-.aspx?pageID=238&nID=69732&NewsCatID=338
2014-07-29,03:04:48,2byqze,781,"France said on Monday it was ready to welcome Christians from northern Iraq who have been told by the al Qaeda offshoot group now ruling the region to either covert to Islam, pay a religious levy or face death.",news.yahoo.com,http://news.yahoo.com/france-offers-asylum-mosuls-christians-121225489.html
2014-07-29,13:08:28,2c0hwo,705,Ebola Outbreak Spreads to Fourth African Country,news.yahoo.com,http://news.yahoo.com/uncontrollable-ebola-outbreak-spreads-fourth-african-country-145519817.html
2014-07-29,22:01:30,2c1ew0,673,"'Women should not laugh in public,' says Turkey's Deputy Prime Minister in morality speech “... [The woman] will know what is haram and not haram. She will not laugh in public. She will not be inviting in her attitudes and will protect her chasteness,”",independent.co.uk,http://www.independent.co.uk/news/world/europe/women-should-not-laugh-in-public-says-turkeys-deputy-prime-minister-in-morality-speech-9635526.html
2014-07-29,23:37:55,2c1nop,656,"US ""gravely concerned"" about 15-yr-old American held in Israeli jail",rawstory.com,http://www.rawstory.com/rs/2014/07/29/us-gravely-concerned-about-15-year-old-american-held-in-israeli-jail/
2014-07-29,06:57:05,2bzhq5,572,U.S. and Europe Agree to Escalate Sanctions on Russia - NYTimes.com,nytimes.com,http://nytimes.com/2014/07/29/world/europe/us-and-europe-agree-to-escalate-sanctions-on-russia.html?referrer=
2014-07-29,00:56:25,2byckc,535,Israel Blames Hamas For Gaza Hospital Strike,news.sky.com,http://news.sky.com/story/1308990/israel-blames-hamas-for-gaza-hospital-strike
2014-07-29,19:37:17,2c15qv,508,Qatar World Cup: Fifa boss demands payment of migrant workers,theguardian.com,http://www.theguardian.com/global-development/2014/jul/29/qatar-world-cup-migrant-workers-fifa-chief
2014-07-29,23:41:13,2c1o02,457,Israeli airstrikes flattened the four-story home of Hamas’s top political leader in the Gaza Strip and destroyed offices of the movement’s radio and television station early Tuesday.,nytimes.com,http://www.nytimes.com/2014/07/30/world/middleeast/gaza-israel-violence.html?_r=0
2014-07-29,01:56:28,2byj2b,438,Palestinian gunmen infiltrate Israeli village near Gaza.,af.reuters.com,http://af.reuters.com/article/commoditiesNews/idAFL6N0Q34J120140728
2014-07-29,19:05:36,2c146i,359,Fuel tank at Gaza city's only power plant hit by Israeli shells,cbc.ca,http://www.cbc.ca/news/world/gaza-conflict-fuel-tank-at-city-s-only-power-plant-hit-by-israeli-shells-1.2721035
2014-07-29,17:26:26,2c0z6k,280,Australia Approves One of World's Biggest Coal Mines & Rail Project Despite Concern Over its Potential Environmental Impact - Critics voice concern over local water use & impact on the Great Barrier Reef.,bbc.com,http://www.bbc.com/news/business-28538772
2014-07-29,02:29:58,2bymxk,271,People actively resisting Ebola Treatment,bbc.com,http://www.bbc.com/news/world-africa-28529065
2014-07-29,02:29:11,2bymu9,262,"Hamas has given North Korea a first payment on missiles to replenish arsenal, sources say",news.nationalpost.com,http://news.nationalpost.com/2014/07/27/hamas-negotiating-secret-arms-deal-with-north-korea-to-replenish-missile-stocks/
2014-07-29,00:34:12,2bya7e,193,"LIVE UPDATES: At least four Israelis killed, four wounded, in mortar shell fire from Gaza",haaretz.com,http://www.haaretz.com/news/diplomacy-defense/1.607542
2014-07-29,07:21:41,2bzkht,167,US Fuming Over Israeli Criticism Of Kerry,talkingpointsmemo.com,http://talkingpointsmemo.com/news/us-fuming-israeli-criticism-john-kerry
2014-07-29,17:52:35,2c10jn,163,Children killed in Gaza playground shelling,aljazeera.com,http://www.aljazeera.com/news/middleeast/2014/07/deaths-as-israel-resumes-gaza-strikes-20147281452469626.html
2014-07-29,17:31:16,2c0zf6,155,Cameron cuts EU migrants' unemployment and child benefits,euractiv.com,http://www.euractiv.com/sections/uk-europe/cameron-cuts-eu-migrants-unemployment-and-child-benefits-303764
2014-07-29,09:30:17,2bzxin,123,France offers asylum to Christians of north Iraq,washingtonpost.com,http://washingtonpost.com/world/europe/france-offers-asylum-to-christians-of-north-iraq/2014/07/28/08a1da02-16a0-11e4-88f7-96ed767bb747_story.html
2014-07-29,03:02:01,2byqnp,102,"Gaza City and Eshkol hit by deadly explosions, reportedly killed 10 people, including children - Before Monday, more than 1,030 Palestinians, mostly civilians, 43 Israeli soldiers and three civilians in Israeli had been killed",bbc.com,http://www.bbc.com/news/world-middle-east-28529612
2014-07-29,23:07:26,2c1krj,98,"Infected Ebola doctor may be flown to Hamburg, Germany",thelocal.de,http://www.thelocal.de/20140728/hamburg-could-take-who-ebola-patient
2014-07-29,18:55:37,2c13od,99,19 Killed in Fierce Fighting Around Ukraine Crash Site,voanews.com,http://www.voanews.com/content/nineteen-killed-in-fierce-fighting-around-ukraine-crash-site/1967103.html
2014-07-29,11:22:15,2c085j,86,"Health workers with Doctors Without Borders have been threatened with knives, stones and machetes by Guineans who blame them for spreading Ebola",nytimes.com,http://www.nytimes.com/2014/07/28/world/africa/ebola-epidemic-west-africa-guinea.html?ref=world
2014-07-29,23:09:58,2c1l03,74,"US government increases funding for Tor, giving $1.8m in 2013",theguardian.com,http://www.theguardian.com/technology/2014/jul/29/us-government-funding-tor-18m-onion-router
2014-07-29,02:05:26,2byk3z,72,"Missiles hit several sites in Gaza, including the main hospital and a playground, where seven children have died",aljazeera.com,http://www.aljazeera.com/news/middleeast/2014/07/deaths-as-israel-resumes-gaza-strikes-20147281452469626.html
