2014-04-28,23:36:19,246so9,4018,More than Two-Thirds of Afghanistan Reconstruction Money has Gone to One Company: DynCorp International,allgov.com,http://www.allgov.com/news/where-is-the-money-going/more-than-two-thirds-of-afghanistan-reconstruction-money-has-gone-to-one-company-dyncorp-international-140428?news=853017
2014-04-28,16:35:21,2465e8,2878,683 Muslim Brotherhood Supporters Sentenced to Death in Egypt,egyptianstreets.com,http://egyptianstreets.com/2014/04/28/683-muslim-brotherhood-supporters-sentenced-to-death/
2014-04-28,21:48:30,246k68,2583,Hitler's former maid Elisabeth Kalhammer breaks her silence after 71 years,dailymail.co.uk,http://www.dailymail.co.uk/news/article-2614525/2pm-lie-ins-daily-Fuhrer-Cake-Hitlers-former-maid-mountain-retreat-reveals-break-silence-71-years.html
2014-04-28,05:31:34,244og3,2493,"Cold War Spy-Satellite Images Unveil Lost Cities. Photos triple number of known archaeological sites across the Middle East, revealing thousands of ancient cities, roads, canals, and other ruins.",news.nationalgeographic.com,http://news.nationalgeographic.com/news/2014/04/140425-corona-spy-satellite-archaeology-science/
2014-04-28,01:53:38,24446o,2245,"China bans ""The Big Bang Theory"" and other American shows from the internet; analysts say government censors are concerned with ""ideological issues.""",nytimes.com,http://www.nytimes.com/2014/04/28/business/international/china-orders-4-us-shows-off-streaming-sites.html
2014-04-28,06:12:27,244s8t,2190,Desmond Tutu has said he is happy Nelson Mandela is dead - so he does not have to see what South Africa’s current leaders are doing to the country,independent.co.uk,http://www.independent.co.uk/news/world/africa/freedom-day-2014-desmond-tutu-says-he-is-glad-nelson-mandela-is-dead-20-years-after-south-africas-first-free-elections-9293196.html
2014-04-28,03:37:50,244dor,1644,BP and Shell exposed as US prepares first warning shot against Russia's oil and gas industry,telegraph.co.uk,http://www.telegraph.co.uk/finance/newsbysector/energy/oilandgas/10791167/BP-and-Shell-exposed-as-US-prepares-first-warning-shot-against-Russias-oil-and-gas-industry.html
2014-04-28,08:40:49,2455fp,1450,"John Kerry told the Trilateral Commission that Israel risks becoming ""an apartheid state"" if it doesn't make peace",thedailybeast.com,http://www.thedailybeast.com/articles/2014/04/27/exclusive-kerry-warns-israel-could-become-an-apartheid-state.html
2014-04-28,00:04:04,243vf2,1308,"Heavily armed African and French peacekeepers escorted some of the last remaining Muslims out of Central African Republic's volatile capital on Sunday, trucking more than 1,200 people who for months had been trapped in their neighborhood by violent Christian militants.",m.apnews.com,http://m.apnews.com/ap/db_268743/contentdetail.htm?contentguid=sPjq3BpN
2014-04-28,07:46:44,2450qm,1051,China releases trove of Japanese sex slave records,japantimes.co.jp,http://www.japantimes.co.jp/news/2014/04/27/national/politics-diplomacy/china-releases-trove-japanese-sex-slave-records/#.U12HTdfn_IU
2014-04-28,17:35:02,24681p,824,Australian State Government urges boycott of Ben & Jerry’s ice cream over WWF ‘propaganda’ on Great Barrier Reef,couriermail.com.au,http://www.couriermail.com.au/travel/australia/queensland-government-urges-boycott-of-ben-jerrys-ice-cream-over-wwf-propaganda-on-great-barrier-reef/story-fnjjv0r9-1226898567920
2014-04-28,14:24:05,245y6w,749,"60,000 Chinese Workers Continue Historic Strike",revolution-news.com,http://revolution-news.com/china-60000-workers-continue-historic-strike-defying-repression-by-the-state-and-pressures-from-western-corporations/
2014-04-28,18:49:31,246b2k,601,Human Rights Watch report: Israel structurally shooting unarmed Gaza civilians.,hrw.org,http://www.hrw.org/news/2014/04/24/israel-stop-shooting-gaza-civilians
2014-04-28,02:32:44,2447o3,581,"Pro-Russia forces free Swedish military observer held in Ukraine: It wasn't immediately clear why only Johansson was released, but the pro-Russian insurgents had accused the group of being NATO spies and Sweden isn't a member of the trans-Atlantic alliance.",therecord.com,http://www.therecord.com/news-story/4487148-pro-russia-forces-free-swedish-military-observer/
2014-04-28,19:50:58,246dt8,528,Food Prices In Russia Grew 40 times faster than in Europe for 1st quarter of 2014,english.pravda.ru,http://english.pravda.ru/news/russia/28-04-2014/127451-food_prices_europe_russia-0/
2014-04-28,21:00:56,246h9c,514,Mayor of eastern Ukrainian city shot,usatoday.com,http://www.usatoday.com/story/news/world/2014/04/28/ukraine-mayor-shot/8377419/
2014-04-28,06:52:09,244vu5,400,Hungarians march against anti-Semitism after far-right poll gains,reuters.com,http://www.reuters.com/article/2014/04/27/us-hungary-antisemitism-idUSBREA3Q0K420140427
2014-04-28,17:45:38,2468hw,240,Ukraine crisis: EU set to intensify Russia sanctions,bbc.co.uk,http://www.bbc.co.uk/news/world-europe-27183591
2014-04-28,10:45:34,245gok,227,US judge rules search warrants extend to overseas email accounts,itnews.com.au,"http://www.itnews.com.au/News/383842,us-judge-rules-search-warrants-extend-to-overseas-email-accounts.aspx"
2014-04-28,18:53:40,246b9o,220,"Mayor of Kharkov, Ukraine shot in back, hospitalized",rt.com,http://rt.com/news/155320-kharkov-mayor-shot-ukraine/
2014-04-28,23:00:48,246pm8,194,Syria's Assad to run for third term as president,hurriyetdailynews.com,http://www.hurriyetdailynews.com/syrias-assad-to-run-for-third-term-as-president.aspx?pageID=238&nID=65654&NewsCatID=352
2014-04-28,22:04:36,246l8f,156,Russian vice-premier visits North Korea to discuss economic ties,nknews.org,http://www.nknews.org/2014/04/russian-vice-premier-heads-to-pyongyang-to-discuss-economic-ties/
2014-04-28,09:35:31,245abn,148,"The Toll Of 5 Years Of Drone Strikes: 2,400 Dead",huffingtonpost.com,http://www.huffingtonpost.com/2014/01/23/obama-drone-program-anniversary_n_4654825.html
2014-04-28,02:57:14,2449yd,149,Russia Unexpectedly Raises Main Rate as S&P Lowers Rating,bloomberg.com,http://www.bloomberg.com/news/2014-04-25/russia-raises-main-rate-as-ukraine-crisis-weighs-on-ruble.html
2014-04-28,01:07:52,2440ee,138,Ukraine: kidnapped observers paraded by pro-Russian gunmen in Slavyansk,theguardian.com,http://www.theguardian.com/world/2014/apr/27/ukraine-kidnapped-observers-slavyansk-vyacheslav-ponomarev
2014-04-28,06:20:29,244t0c,136,"Finnish president: More sanctions against Russia may be needed. The issue is sensitive for Finland, which has close economic ties with Russia. Two dual Finnish-Russian citizens are already on a US sanctions list.",yle.fi,http://yle.fi/uutiset/finnish_president_more_sanctions_against_russia_may_be_needed/7209709
2014-04-28,13:07:14,245srd,107,"At least 22 people, including 15 local chiefs and three members of staff of the medical charity Medecins Sans Frontieres, were killed in an attack on a town in the Central African Republic",nytimes.com,http://www.nytimes.com/reuters/2014/04/27/world/27reuters-centralafrica-killings.html?smid=re-share
2014-04-28,10:41:12,245g8k,80,Kerry: Israel risks becoming apartheid state,aljazeera.com,http://www.aljazeera.com/news/middleeast/2014/04/kerry-israel-risks-becoming-apartheid-state-2014427234834614855.html
2014-04-28,16:00:23,2463mm,67,Secret Bahrain files stolen from US base,gulf-daily-news.com,http://gulf-daily-news.com/NewsDetails.aspx?storyid=375751
2014-04-28,05:37:17,244oyk,58,Canada releases pictures of world's most northerly shipwreck: Breadalbane sank in 1853 on search for Franklin expedition. The wooden 3-master is well preserved in icy waters.,theguardian.com,http://www.theguardian.com/world/2014/apr/26/canada-shipwreck-breadalbane
