2014-03-03,02:05:43,1zcz34,3803,"At least 10,000 people bearing Russian flags marched freely through Moscow on Sunday in a pro-invasion rally, while dozens of people demonstrating on Red Square against an invasion of Ukraine were quickly detained by Russian riot police.",mercedsunstar.com,http://www.mercedsunstar.com/2014/03/02/3524886/thousands-march-in-pro-invasion.html
2014-03-03,08:58:11,1ze4gl,3683,"G-7 Leaders Statement: we (the G-7: Canada, France, Germany, Italy, Japan, the United Kingdom and the United States) have decided for the time being to suspend our participation in activities associated with the preparation of the scheduled G-8 Summit in Sochi in June",whitehouse.gov,http://www.whitehouse.gov/the-press-office/2014/03/02/g-7-leaders-statement
2014-03-03,21:21:40,1zfj6x,3534,"Poland says Russian appeasement not an option: ""History shows that those who appease all the time in order to preserve peace usually only buy a little bit of time."" Warsaw fears Russia will push west through Ukraine and threaten Poland now.",reuters.com,http://www.reuters.com/article/2014/03/02/us-ukraine-crisis-poland-idUSBREA210KY20140302
2014-03-03,22:56:40,1zfpx9,3079,Russia deploys 3500 troops and heavy equipment on Batlic coast in Kaliningrad Oblat near Polish and Lithuanian borders,kresy.pl,"http://www.kresy.pl/wydarzenia,wojskowosc?zobacz/niespodziewane-manewry-w-obwodzie-kaliningradzkim"
2014-03-03,16:48:53,1zf635,2694,"Russian stocks are tanking after Putin mobilizes tanks in Ukraine. Losses over 20% for state-owned mining company. All state-owned sectors (finance, gas, minerals, steel, coal) tumbling in biggest plunge of last 5 years.",online.wsj.com,http://online.wsj.com/article/DN-CO-20140303-000942.html
2014-03-03,05:38:00,1zdki0,2462,Merkel tells Putin Russia has broken international law in Ukraine,reuters.com,http://www.reuters.com/article/2014/03/02/us-ukraine-crisis-germany-merkel-idUSBREA210S320140302
2014-03-03,06:13:27,1zdo5w,2454,Obama: U.S. won't be able to defend Israel if peace talks fail.,timesofisrael.com,http://www.timesofisrael.com/obama-us-wont-be-able-to-defend-israel-if-peace-talks-fail/
2014-03-03,23:20:21,1zfs3z,2439,Russia Delivers 3am 'Storm' Deadline,news.sky.com,http://news.sky.com/story/1220272/ukraine-russia-delivers-3am-storm-deadline
2014-03-03,06:18:11,1zdonc,2097,"Russian Ruble is weakening fast; ""We don't have foreign cash, the last was taken five minutes ago. Now we are only buying foreign currencies but not selling,"" said an operator at an exchange office in Moscow.",online.wsj.com,http://online.wsj.com/news/articles/SB10001424052702304585004579415122628094230?mg=reno64-wsj&url=http%3A%2F%2Fonline.wsj.com%2Farticle%2FSB10001424052702304585004579415122628094230.html
2014-03-03,21:40:09,1zfkaj,1914,Putin like Hitler in 1930s: former Czech foreign minister,globalpost.com,http://www.globalpost.com/dispatch/news/afp/140303/putin-hitler-1930s-former-czech-foreign-minister
2014-03-03,06:57:19,1zdskm,1741,The Russian military set an ultimatum Sunday for Ukrainian army and navy units �to surrender weapons and leave their bases� in the Crimean peninsula,latimes.com,"http://www.latimes.com/world/worldnow/la-fg-wn-ukrainian-president-russia-ultimatum-crimea-20140302,0,6104716.story#axzz2upuSBJyn"
2014-03-03,09:37:10,1ze8bl,1733,The UK will boycott the Paralympics in Sochi over Russia's decision to take military action in Ukraine.,huffingtonpost.co.uk,http://www.huffingtonpost.co.uk/2014/03/02/david-cameron-ukraine-crisis-ministers-paralympics-sochi_n_4885719.html?utm_hp_ref=uk&utm_hp_ref=uk
2014-03-03,21:06:29,1zfib3,1704,Russian Parliament proposes bill to allow annexation of Crimea (scanned copy included in article),pravda.com.ua,http://www.pravda.com.ua/rus/news/2014/03/3/7017290/
2014-03-03,01:11:46,1zctyi,1595,Ukraine Navy Chief 'defects': Newly appointed head of Ukrainian Navy swears allegiance to Crimea,bbc.co.uk,http://www.bbc.co.uk/news/world-europe-26410431
2014-03-03,03:21:03,1zd6iv,1579,Ukraine conflict: Russian troops break into Sevastopol Navy base,bbc.com,http://www.bbc.com/news/world-europe-26408115
2014-03-03,18:17:32,1zfa3v,1320,Russia blocks web pages linked to Ukraine protests,salon.com,http://www.salon.com/2014/03/03/russia_blocks_web_pages_linked_to_ukraine_protests/
2014-03-03,03:01:01,1zd4j0,1302,Japan Pledges $200 Million in Aid for Palestinians,abcnews.go.com,http://abcnews.go.com/International/wireStory/japan-pledges-200-million-aid-palestinians-22729853
2014-03-03,02:02:51,1zcytx,1231,Ukraine fires navy chief for 'treason' after surrendering HQ,itv.com,http://www.itv.com/news/update/2014-03-02/ukraine-fires-navy-chief-for-treason-after-surrendering-hq/
2014-03-03,08:58:41,1ze4id,1121,US concedes Russia has control of Crimea and seeks to contain Putin.,theguardian.com,http://www.theguardian.com/world/2014/mar/02/us-russia-crimea-ukraine-putin
2014-03-03,22:42:23,1zfou6,826,"Russian Prime Minister ordered Russian Highways to build a bridge across the Kerch Strait, connecting Crimea with Russia",themoscowtimes.com,http://www.themoscowtimes.com/article/495511.html
2014-03-03,10:06:39,1zeb46,633,"Loyal to Ukraine, Tatars lie low as Russia seizes Crimea: ""If there is a conflict, as the minority, we will be the first to suffer""",reuters.com,http://www.reuters.com/article/2014/03/02/us-ukraine-crisis-tatars-idUSBREA210VI20140302
2014-03-03,19:52:59,1zfehd,593,Mount Everest litter targeted by Nepalese authorities: climbers will have to bring down 8kg of extra waste or face legal action as government tackles rubbish mountain in Himalayas,theguardian.com,http://www.theguardian.com/world/2014/mar/03/mount-everest-litter-nepal-climbers
2014-03-03,03:07:36,1zd570,562,"Reports that Ukraine Flagship is at a NATO Mediterranean base, and not defected as RT claims.",ukrinform.ua,http://www.ukrinform.ua/eng/news/hetman_sahaydachniy_frigate_on_nato_base_in_mediterranean_317943
2014-03-03,02:19:48,1zd0gy,497,Putin ready to invade Ukraine; Kiev warns of war,uk.reuters.com,http://uk.reuters.com/article/2014/03/01/uk-ukraine-idUKBREA1H0EM20140301
2014-03-03,17:33:51,1zf84t,318,Russia And China 'In Agreement' Over Ukraine,news.sky.com,http://news.sky.com/story/1219922/russia-and-china-in-agreement-over-ukraine
2014-03-03,04:01:41,1zdakp,292,Massive arrests during ongoing anti-war rallies in Moscow. Russian police round up hundreds of protesters,article.wn.com,http://article.wn.com/view/2014/03/02/Hundreds_detained_in_Russian_antiwar_rallies_Rights_group/
2014-03-03,02:41:42,1zd2kj,256,Canada considers expelling Russian ambassador as Ukraine crisis continues,globalnews.ca,http://globalnews.ca/news/1181930/canada-considers-expelling-russian-ambassador-as-ukraine-crisis-continues/
2014-03-03,17:34:33,1zf869,250,"Mugabe: Gay rights are not human rights. Says that homosexuals are ""worse than pigs and dogs"".",news24.com,http://www.news24.com/Africa/Zimbabwe/Mugabe-Gay-rights-are-not-human-rights-20140303
2014-03-03,18:08:23,1zf9o1,219,More than 450 units of russian military hardware are taking part in the large-scale exercise on Baltic Sea.,en.itar-tass.com,http://en.itar-tass.com/russia/721751
2014-03-03,08:05:15,1zdzd2,202,Interactive map that is keeping track of Russian military activity and pro-Russian demonstrations in Ukraine,the-american-interest.com,http://www.the-american-interest.com/blog/2014/03/02/making-sense-of-russia-in-ukraine/
