2014-05-20,19:02:41,260olf,3776,"WikiLeaks said it would reveal within 72 hours the name of a second country where the NSA is said to be using a cyber-espionage programme to record the content of all phone calls made, despite a warning from journalist Glen Greenwald that revealing the name of the nation could “lead to deaths”.",scmp.com,http://www.scmp.com/news/world/article/1516212/wikileaks-set-reveal-second-country-under-nsa-surveillance-amid-warnings
2014-05-20,22:14:38,260zua,3713,Aussies To Slash 90% Of Global Warming Funding From Budget,dailycaller.com,http://dailycaller.com/2014/05/19/aussies-to-slash-90-of-global-warming-funding-from-budget/
2014-05-20,01:20:33,25y94d,3624,"Tesla promises electric car revolution : Tesla electric car owners will be able to drive 300 miles without stopping and restore almost half of battery life in just 20 minutes, company claims",telegraph.co.uk,http://www.telegraph.co.uk/news/uknews/road-and-rail-transport/10839234/Tesla-promises-electric-car-revolution.html
2014-05-20,23:09:40,2614g0,3047,"Poll shows Germans want smaller role in military missions, favouring instead a foreign policy promoting human rights and environmental causes",thelocal.de,http://www.thelocal.de/20140520/germans-want-smaller-role-in-world-crises-foreign-policy
2014-05-20,01:23:32,25y9f4,2824,500 Nigerian hunters with homemade weapons ready to rescue kidnapped girls,foxnews.com,http://www.foxnews.com/world/2014/05/19/500-nigerian-hunters-with-homemade-weapons-ready-to-rescue-kidnapped-girls/
2014-05-20,03:25:45,25yln5,2263,NASA says International Space Station will keep operating even as Russia threatens to withdraw co-operation,news.nationalpost.com,http://news.nationalpost.com/2014/05/19/nasa-says-international-space-station-will-keep-operating-even-as-russia-threatens-to-withdraw-co-operation/
2014-05-20,02:01:28,25yd4j,1565,Data Pirates of the Caribbean: The NSA Is Recording Every Cell Phone Call in the Bahamas,firstlook.org,https://firstlook.org/theintercept/article/2014/05/19/data-pirates-caribbean-nsa-recording-every-cell-phone-call-bahamas/
2014-05-20,19:23:20,260pjr,1241,China rules out Windows 8 for government computers,abcnews.go.com,http://abcnews.go.com/Technology/wireStory/china-rules-windows-government-computers-23789677
2014-05-20,10:15:54,25zppw,772,'Planes Don't Just Disappear': Former Malaysian Prime Minister Accuses CIA of Covering Up What Really Happened to Flight MH370,dailymail.co.uk,http://www.dailymail.co.uk/news/article-2632447/CIA-knows-missing-Flight-MH370-says-former-Malaysian-PM-Dr-Mahathir.html
2014-05-20,20:08:02,260ro6,708,"As the Israeli government prepares to welcome Pope Francis on his first visit as Pope, vandals have scrawled hate-filled graffiti at some Christian sites. “Jesus is garbage,” “Death to Christians” and “We will crucify you”.",time.com,http://time.com/101785/popes-upcoming-visit-to-holy-land-marred-by-attacks-on-churches/
2014-05-20,19:24:31,260plu,563,"Australian spies are helping the United States secretly monitor telephone calls across the Philippines, leaked US intelligence documents reveal.",brisbanetimes.com.au,http://www.brisbanetimes.com.au/technology/technology-news/australian-spies-secretly-monitor-phone-calls-in-the-philippines-edward-snowden-disclosure-20140520-zri6r.html
2014-05-20,20:43:36,260tmd,538,China Angry Over US Spy Charges 'Hypocrisy'.,news.sky.com,http://news.sky.com/story/1265226/china-angry-over-us-spy-charges-hypocrisy
2014-05-20,22:11:30,260zle,443,"VTB - among Russia's largest banks - has signed a deal with Bank of China to pay each other in domestic currencies, bypassing the need for US Dollars for ""investment banking, inter-bank lending, trade finance and capital-markets transactions.",vtb.com,http://www.vtb.com/group/press/news/releases/386232/
2014-05-20,01:41:57,25yb93,379,17 UK arrests linked to Blackshades RAT malware which captured nude pictures of Miss Teen USA: Hack Forums users raided,telegraph.co.uk,http://www.telegraph.co.uk/technology/internet-security/10841302/17-UK-arrests-linked-to-malware-which-captured-nude-pictures-of-Miss-Teen-USA.html
2014-05-20,12:07:55,25zzy9,369,"Prime Minister of Singapore, Lee Hsien Loong, who earns 4x more than Obama and is the highest paid country leader in the world , is suing over a blog post. He is even demanding that the blogger to pay for all legal fees incurred.",therealsingapore.com,http://therealsingapore.com/content/blogger-roy-ngerng-sued-prime-minister-lee-hsien-loong
2014-05-20,00:51:17,25y6cp,348,"Italian airline Alitalia has announced that it is suspending all flights to Venezuela ""due to the ongoing critical currency situation"" in the country,"" which is ""no longer economically sustainable.""",aviationpros.com,http://www.aviationpros.com/news/11472108/another-major-airline-suspends-flights-to-venezuela
2014-05-20,14:25:24,260ado,322,"Emissions from 10 food and drinks companies ""higher than Scandinavia"": Cereal and softdrinks brands among top polluters singled out in Oxfam report for not doing enough on climate",theguardian.com,http://www.theguardian.com/environment/2014/may/20/emissions-from-10-food-and-drinks-companies-higher-than-scandinavia
2014-05-20,22:47:24,2612ke,314,"Ukrainian tycoon, the richest man in Ukraine, confronts rebellion, accuses separatists of leading Ukraine towards ""genocide"".",bbc.co.uk,http://www.bbc.co.uk/news/world-europe-27483719
2014-05-20,03:43:45,25yngz,259,Italian women appeal to Pope Francis to end priests' celibacy vow - Telegraph,telegraph.co.uk,http://www.telegraph.co.uk/news/worldnews/the-pope/10839223/Italian-women-appeal-to-Pope-Francis-to-end-priests-celibacy-vow.html
2014-05-20,23:24:25,2615qj,224,'A national disgrace': NGOs react to the Australian PM Tony Abbott's budget,theguardian.com,http://www.theguardian.com/global-development-professionals-network/2014/may/20/australian-budget-2014-ngo-react
2014-05-20,00:54:25,25y6mw,211,Venezuela vowed yesterday to accuse the United States of meddling in its political crisis at the United Nations and other international organisations.,themalaysianinsider.com,http://www.themalaysianinsider.com/world/article/venezuela-to-bring-complaint-against-us-at-un
2014-05-20,21:18:10,260vrg,194,"European Union antitrust regulators charged Europe's biggest bank HSBC, U.S. peer JPMorgan and France's Credit Agricole on Tuesday with rigging financial benchmarks linked to the euro, exposing them to potential fines",reuters.com,http://www.reuters.com/article/2014/05/20/us-eu-banks-eurorigging-idUSBREA4J08W20140520
2014-05-20,14:35:22,260b08,198,Scientists are creating a whole new class of antibiotics - Danish researchers are developing a new class of antibiotics to fight the growing threat of superbugs.,sciencenordic.com,http://sciencenordic.com/scientists-are-creating-whole-new-class-antibiotics
2014-05-20,18:50:46,260o2b,196,"WikiLeaks publisher Julian Assange remains the subject of an active criminal investigation by the United States Justice Department and Federal Bureau of Investigation, newly published court documents reveal",theage.com.au,http://www.theage.com.au/world/assange-targetted-by-fbi-probe-us-court-documents-reveal-20140520-38l1p.html
2014-05-20,00:29:27,25y47t,176,"No signs of Russian troops' withdrawal along Ukrainian border, NATO says",cnn.com,http://www.cnn.com/2014/05/19/world/europe/ukraine-crisis/
2014-05-20,01:19:50,25y923,177,Doubling of Antarctic ice loss revealed by European satellite,theguardian.com,http://www.theguardian.com/environment/2014/may/19/doubling-of-antarctic-ice-loss-revealed-by-european-satellite
2014-05-20,00:00:13,25y1k3,111,Putin to India: Together we'll scale new heights,thehindu.com,http://www.thehindu.com/news/international/world/putin-to-modi-together-well-scale-new-heights/article6025935.ece
2014-05-20,18:13:18,260maa,109,"Lost snake species rediscovered in Mexico: ""The rediscovery of the Clarion Nightsnake is an incredible story""",bbc.com,http://www.bbc.com/news/world-latin-america-27481016
2014-05-20,18:19:08,260mk0,89,South Africa elephant park accused of 'horrific' cruelty,theguardian.com,http://www.theguardian.com/environment/2014/may/20/south-africa-elephant-eden-park-horrific-cruelty
2014-05-20,15:38:29,260es4,78,European bank Credit Suisse AG pleaded guilty Monday to helping wealthy Americans avoid paying taxes through secret offshore accounts and agreed to pay about $2.6 billion.,washingtonpost.com,http://www.washingtonpost.com/business/economy/credit-suisse-charged-in-tax-evasion-case/2014/05/19/772afeb2-dfb0-11e3-9743-bb9b59cde7b9_story.html?tid=pm_business_pop
