2014-08-25,19:45:54,2eipl2,8573,Australia: Conservationists making last ditch plea to fed. govt to help prevent endangered black cockatoos from becoming extinct due to the felling of their pine forest - “Perth people love their birds & this is an iconic species. We need the state & federal govt to take urgent action over this.”,theguardian.com,http://www.theguardian.com/environment/2014/aug/25/last-ditch-plea-to-protect-pine-forest-adopted-by-carnabys-black-cockatoos
2014-08-25,05:04:09,2egv4z,13742,"SAS, Delta Force, and Seal Team 6 forming hunter killer unit to 'smash Islamic State'",mirror.co.uk,http://www.mirror.co.uk/news/world-news/sas-special-forces-forming-hunter-4097083
2014-08-25,21:54:15,2eixnk,10757,More than 720 whales have been harpooned in Norway in the most deadly hunting season since the Government began defying an international ban in 1993.,independent.co.uk,http://www.independent.co.uk/news/world/europe/norway-kills-729-whales-in-record-year-for-hunt-but-demand-failing-for-meat-9689466.html
2014-08-25,15:16:46,2eibxy,3993,"30 Metre Wide Sinkhole Appears in Durham, England - So deep its bottom can't be seen. Gaping void discovered by woman walking dog, still growing in size. ""The sound was phenomenal. We could hear rumbling & smashing & crashing from down below.""",theguardian.com,http://www.theguardian.com/world/2014/aug/24/sinkhole-appears-county-durham
2014-08-25,05:17:21,2egwbc,3715,Congo declares Ebola outbreak,reuters.com,http://www.reuters.com/article/2014/08/24/us-health-ebola-congodemocratic-idUSKBN0GO0R520140824
2014-08-25,19:28:43,2eioqk,3755,"India’s ‘Untouchables’ Still Being Forced to Collect Human Waste by Hand - Practice of forcing low-caste people in Indian communities to remove accumulated human waste from latrines is continuing despite legal prohibitions, according to new report.",time.com,http://time.com/3172895/dalits-sewage-untouchables-hrs-human-waste-india-caste/
2014-08-25,21:12:37,2eiuqs,2396,A column of Russian tanks and armored vehicles has crossed into southeastern Ukraine,bigstory.ap.org,http://bigstory.ap.org/article/russia-plans-send-second-aid-convoy-ukraine
2014-08-25,13:14:58,2ei39l,2082,Mayor of London says Britons visiting Iraq or Syria should be presumed terrorists,theguardian.com,http://www.theguardian.com/politics/2014/aug/25/boris-johnson-britons-visiting-iraq-syria-presumed-terrorists
2014-08-25,17:32:57,2eij12,1770,Assange scheduled to help Kim Dotcom drop 'bombshell' on NZ prime minister 5 days before the NZ elections.,tvnz.co.nz,http://tvnz.co.nz/vote-2014-news/assange-help-dotcom-drop-bombshell-key-6064138
2014-08-25,21:16:24,2eiuyv,1429,Iran Sends Tanks to Iraq to Fight ISIS,realcleardefense.com,http://www.realcleardefense.com/articles/2014/08/25/iran_sends_tanks_to_iraq_to_fight_isis_107389.html
2014-08-25,14:13:27,2ei7pd,1016,Burger King in merger talks with Canada's Tim Hortons,reuters.com,http://www.reuters.com/article/2014/08/25/us-burger-kg-wld-tim-hortons-mergers-idUSKBN0GP00R20140825
2014-08-25,01:36:59,2egc5n,898,An American journalist kidnapped in Syria nearly two years ago has been freed and handed over to U.N. representatives after Qatari mediation helped lead to his release.,america.aljazeera.com,http://america.aljazeera.com/articles/2014/8/24/us-journalist-freedsyria.html
2014-08-25,22:30:43,2ej0m1,796,ISIS captures major military base in Syria using a child suicide bomber,news.nationalpost.com,http://news.nationalpost.com/2014/08/25/isis-captures-major-military-air-base-in-syria-using-child-suicide-bomber/
2014-08-25,00:45:58,2eg7r5,787,Five rockets fired from Syria hit Israel,globalpost.com,http://www.globalpost.com/dispatch/news/xinhua-news-agency/140824/five-rockets-fired-syria-hit-israel
2014-08-25,08:41:20,2ehf74,779,"7.0 Earthquake in Tambo, Peru",earthquake.usgs.gov,http://earthquake.usgs.gov/earthquakes/eventpage/usb000s5x1#summary
2014-08-25,18:40:16,2eim9i,576,70 percent of Israelis living near Gaza have left | i24news,i24news.tv,http://www.i24news.tv/en/news/israel/diplomacy-defense/41403-140825-70-percent-of-israelis-living-near-gaza-have-left
2014-08-25,17:01:43,2eihkj,500,French PM presents government resignation,reuters.com,http://www.reuters.com/article/2014/08/25/us-france-politics-government-idUSKBN0GP0GN20140825?feedType=RSS&feedName=worldNews
2014-08-25,20:27:53,2eirxo,446,'Sex superbug': Concerns over spread of highly resistant gonorrhoea strain found in Australia,independent.co.uk,http://www.independent.co.uk/life-style/health-and-families/health-news/sex-superbug-concerns-over-spread-of-highly-resistant-gonorrhoea-strain-found-in-australia-9689173.html
2014-08-25,04:58:55,2egun5,434,US 'set to launch air strikes' on senior Isis leaders in Syria,theguardian.com,http://www.theguardian.com/world/2014/aug/23/us-air-strikes-isis-commanders-syria-considered?CMP=twt_gu
2014-08-25,14:07:46,2ei7bj,376,Tunnels as tall as the Eiffel Tower discovered under Antarctic ice,dailymail.co.uk,http://www.dailymail.co.uk/news/article-2733203/Tunnels-tall-Eiffel-Tower-discovered-Antarctic-ice-sheets.html
2014-08-25,01:48:33,2egd54,372,'Incredible' rate of polar ice loss alarms scientists,theguardian.com,http://www.theguardian.com/environment/2014/aug/24/incredible-polar-ice-loss-cryosat-antarctica-greenland
2014-08-25,03:11:30,2egkrq,342,110 rockets fired at Israel since midnight as barrages continue,ynetnews.com,"http://www.ynetnews.com/articles/0,7340,L-4563090,00.html"
2014-08-25,18:43:42,2eimei,314,Ukraine border guards clash with rebels near Russian border: military,reuters.com,http://www.reuters.com/article/2014/08/25/us-ukraine-crisis-column-idUSKBN0GP0MB20140825?feedType=RSS&feedName=worldNews
2014-08-25,06:20:45,2eh26a,312,Hamas fires 23 mortars at crossing used for humanitarian aid supplies.,cnn.com,http://www.cnn.com/2014/08/24/world/meast/mideast-crisis/index.html?hpt=hp_t4
2014-08-25,21:39:23,2eiwm6,274,"Jihad ′Made in Kosovo′ | Over the span of two days, 43 Islamic extremists were arrested in Kosovo. Dozens more are under watch, both at home and in the Middle East. As fears of terror attacks grow, Kosovo is clamping down",dw.de,http://www.dw.de/jihad-made-in-kosovo/a-17874069
2014-08-25,11:35:59,2ehuy7,225,Foley execution 'may have been staged',telegraph.co.uk,http://www.telegraph.co.uk/journalists/bill-gardner/11054488/Foley-murder-video-may-have-been-staged.html
2014-08-25,16:36:56,2eigbm,210,Hundreds dead as Islamic State seizes Syrian air base: monitor,reuters.com,http://www.reuters.com/article/2014/08/25/us-syria-crisis-idUSKBN0GO0C520140825?feedType=RSS&feedName=worldNews
2014-08-25,17:44:46,2eijkd,209,"Russia plans to send another humanitarian convoy into eastern Ukraine ""in the next few days"", Foreign Minister Sergei Lavrov has said",bbc.co.uk,http://www.bbc.co.uk/news/world-europe-28924945
2014-08-25,00:40:58,2eg7cv,196,WHO Announces First Ebola Infection Among Staff – Reports,en.ria.ru,http://en.ria.ru/news/20140824/192297174/WHO-Announces-First-Ebola-Infection-Among-Staff--Reports.html
2014-08-25,03:48:14,2ego53,172,Iraq Calls for International War Against Islamic State; Iran Vows Solidarity,newsweek.com,http://www.newsweek.com/iraq-calls-international-war-against-islamic-state-iran-vows-solidarity-266475
