2014-07-23,00:04:08,2beegk,24084,Delta cancels all flights to Israel indefinitely,businessweek.com,http://www.businessweek.com/ap/2014-07-22/delta-cancels-all-flights-to-israel-indefinitely-cites-report-of-rocket-near-tel-aviv-airport
2014-07-23,11:58:19,2bgkfh,10812,"North Korea requests that the Chinese Government take down doctored video of Kim Jong Un ""Dancing"", China unable to oblige",npr.org,http://www.npr.org/blogs/thetwo-way/2014/07/21/333771446/north-korea-is-not-pleased-dance-video-features-kim-jong-un
2014-07-23,20:38:32,2bhjg3,14630,Pro-Russian rebels shoot down two Ukrainian fighter jets,trust.org,http://www.trust.org/item/20140723112758-3wd1b
2014-07-23,23:51:49,2bhzi5,5633,Britain's porn-blocking filters are overwhelmingly rejected by the populace,bbc.com,http://www.bbc.com/news/technology-28440067
2014-07-23,02:26:53,2beugx,4605,"""On Monday night, a strike hit an eight-story apartment building in downtown Gaza City — an area where Israeli officials had urged Gazans to take shelter. The building collapsed as rescue crews were inside, killing more people. """,nytimes.com,http://www.nytimes.com/2014/07/22/world/middleeast/questions-about-tactics-and-targets-as-civilian-toll-climbs-in-israeli-strikes.html
2014-07-23,02:02:43,2berny,3656,More Rockets found under unrwa schools,unrwa.org,http://www.unrwa.org//newsroom/press-releases/unrwa-condemns-placement-rockets-second-time-one-its-schools
2014-07-23,00:21:50,2begg4,3290,"France's Jews Flee As Rioters Burn Paris Shops, Attack Synagogue",huffingtonpost.co.uk,http://www.huffingtonpost.co.uk/2014/07/22/france-jewish-shops-riot_n_5608612.html?comm_ref=false
2014-07-23,12:26:23,2bgn27,2453,"For civilians fleeing in Gaza, escape options are few - ""Gaza is unique in the annals of modern warfare in being a conflict zone with a fence around it, so civilians have no place to flee.""",latimes.com,http://www.latimes.com/world/middleeast/la-fg-gaza-displacement-20140723-story.html#page=1
2014-07-23,06:18:23,2bfl90,2418,Putin passes law against protests,washingtonpost.com,http://www.washingtonpost.com/blogs/worldviews/wp/2014/07/22/meanwhile-in-russia-putin-passes-law-against-protests/
2014-07-23,20:57:05,2bhkkp,2281,"Sierra Leone's chief Ebola doctor contracts the virus: The head doctor fighting the deadly tropical virus Ebola in Sierra Leone has himself caught the disease, the government said.",reuters.com,http://www.reuters.com/article/2014/07/23/ozatp-uk-health-ebola-africa-idAFKBN0FS10V20140723
2014-07-23,16:55:31,2bh76w,2108,The video of a young unarmed Gazan man shot dead was real. His family learned of his death through YouTube.,mobile.nytimes.com,http://mobile.nytimes.com/2014/07/23/world/middleeast/palestinian-family-finds-missing-son-in-youtube-video-of-his-shooting.html?_r=1&referrer=
2014-07-23,18:02:56,2bhaq8,1730,UN Chief: 'Israel Could Be Guilty Of War Crimes',news.sky.com,http://news.sky.com/story/1306015/un-chief-israel-could-be-guilty-of-war-crimes
2014-07-23,09:34:30,2bg671,2627,"German protesters chant ""“Jews to the gas chambers” during Anti-Israel protests",telegraph.co.uk,http://www.telegraph.co.uk/news/10983472/EU-politicians-speak-out-after-wave-of-anti-Semitic-attacks.html
2014-07-23,22:48:15,2bht5v,1047,"Argentina zoo refuses to move 'world's saddest polar bear' to Canada - Arturo the polar bear will not be moved out of sweltering heat in Argentinian zoo, despite petition gathering half a million signatures",telegraph.co.uk,http://www.telegraph.co.uk/news/worldnews/southamerica/argentina/10984820/Argentina-zoo-refuses-to-move-worlds-saddest-polar-bear-to-Canada.html?utm_source=dlvr.it&utm_medium=twitter
2014-07-23,07:46:40,2bfv4y,1043,"New York Times reviews the raw footage of the video posted earlier, showing a wounded civilian shot to death in Gaza, says ""it bears no apparent signs of manipulation"".",nytimes.com,http://www.nytimes.com/2014/07/23/world/middleeast/palestinian-family-finds-missing-son-in-youtube-video-of-his-shooting.html
2014-07-23,15:48:14,2bh371,988,"‘I would fire rockets at Israel,’ tweets British MP",english.alarabiya.net,http://english.alarabiya.net/en/perspective/features/2014/07/23/-I-would-fire-rockets-at-Israel-tweets-British-MP-.html
2014-07-23,04:48:00,2bfaup,901,Malaysia Airlines MH17 crash: Pro-Russian rebel ‘admits to shooting down plane’,independent.co.uk,http://www.independent.co.uk/news/world/europe/malaysia-airlines-mh17-crash-prorussian-rebel-admits-to-shooting-down-plane-9622075.html
2014-07-23,03:06:36,2bez1k,760,Cockpit of MH 17 found sawed in half at crash site,huffingtonpost.com,http://www.huffingtonpost.com/2014/07/22/mh17-sawed-in-half-cockpit_n_5610274.html
2014-07-23,02:16:37,2bet98,651,"Putin looking to enact a tax ""solidarity tax"" on Russia's 1% to help pay for the Crimean annexation",news.yahoo.com,http://news.yahoo.com/russia-may-ask-rich-help-foot-bill-crimea-155846756--business.html
2014-07-23,08:56:47,2bg2dk,634,"BBC Arabic reporter attacked on air in Ashkelon, Israel",m.washingtonpost.com,http://m.washingtonpost.com/blogs/worldviews/wp/2014/07/22/bbc-arabic-reporter-attacked-on-air-outside-gaza/
2014-07-23,21:58:35,2bhov1,390,"As many as 48 dead, 8 injured in Taiwan plane crash",taiwannews.com.tw,http://www.taiwannews.com.tw/etn/news_content.php?id=2533674
2014-07-23,09:13:53,2bg434,301,Ukraine is officially in a war - assessment by The Red Cross,reuters.com,http://www.reuters.com/article/2014/07/22/us-ukraine-crisis-warcrimes-idUSKBN0FR0V920140722
2014-07-23,06:21:41,2bflm3,288,US: No evidence of direct Russian link to plane,bigstory.ap.org,http://bigstory.ap.org/article/us-present-intelligence-data-plane-crash-0
2014-07-23,00:38:02,2bei9t,276,"Germany, France, Italy condemn anti-Semitism in anti-Israel protests",trust.org,http://www.trust.org/item/20140722141754-h8lq8
2014-07-23,21:27:39,2bhmni,264,Israel outraged over UNRWA turning over rockets to Hamas - 07/23/2014,jpost.com,http://www.jpost.com/Operation-Protective-Edge/Liberman-to-Ban-Israel-outraged-over-UNRWA-turning-over-rockets-to-Hamas-368578
2014-07-23,13:13:41,2bgrdp,249,U.S. discloses intelligence on downing of Malaysian jet,washingtonpost.com,http://www.washingtonpost.com/world/national-security/us-discloses-intelligence-on-downing-of-malaysian-jet/2014/07/22/b178fe58-11e1-11e4-98ee-daea85133bc9_story.html
2014-07-23,20:49:15,2bhk3i,220,2 Ukrainian Military Fighter Jets Shot Down,abcnews.go.com,http://abcnews.go.com/International/wireStory/ukrainian-military-fighter-jets-shot-24674522
2014-07-23,02:36:02,2bevie,203,Putin Vows To Strengthen Russia's Capabilities To Counter NATO,huffingtonpost.com,http://www.huffingtonpost.com/2014/07/22/putin-russia-nato_n_5608924.html
2014-07-23,00:53:32,2bejyi,183,World’s Second-Richest Man Calls For Three-Day Workweek,thinkprogress.org,http://thinkprogress.org/economy/2014/07/22/3462549/carlos-slim-three-day-week/
2014-07-23,14:20:32,2bgx0p,159,The UN says one child has been killed in Gaza every hour by Israel for the past two days.,ochaopt.org,http://www.ochaopt.org/documents/ocha_opt_sitrep_23_07_2014.pdf
