2014-06-21,00:53:19,28ne2g,5036,Indian Govt. planning to make 50 essential medicines free of cost for every citizen from birth to death.,hindustantimes.com,http://www.hindustantimes.com/india-news/50-essential-meds-to-be-given-free/article1-1231375.aspx
2014-06-21,14:12:53,28pawf,4534,"Hong Kong people demand right to select their own leader, by staging a referendum. Beijing is not amused that half a million people have voted.",nytimes.com,http://www.nytimes.com/2014/06/21/world/asia/in-hong-kong-an-unofficial-election-draws-beijings-ire.html?partner=rss&emc=rss&_r=0
2014-06-21,01:32:52,28nhwu,2263,"Outrage in Japan as female lawmaker jeered for being single, childless",theglobeandmail.com,http://www.theglobeandmail.com/news/world/outrage-in-japan-as-female-lawmaker-jeered-for-being-single-childless/article19256626/
2014-06-21,15:44:13,28pfz9,1850,"30 schools across the UK are using textbooks which teach that AIDS can be avoided through religion, and that homosexuality is a choice | The US-based Accelerated Christian Education curriculum currently lists over 30 UK schools on its website, with the majority being private Christian schools.",pinknews.co.uk,http://www.pinknews.co.uk/2014/06/20/uk-30-schools-using-textbook-that-teaches-homosexuality-is-a-choice/
2014-06-21,12:06:31,28p2ex,1614,"US fired depleted uranium at civilian areas in 2003 Iraq war, report finds",theguardian.com,http://www.theguardian.com/world/2014/jun/19/us-depleted-uranium-weapons-civilian-areas-iraq
2014-06-21,23:28:44,28q1ar,1333,5 South Korean soldiers shot and killed by fellow soldier near SK/NK border,bbc.com,http://www.bbc.com/news/world-asia-27957588
2014-06-21,19:11:40,28poqz,807,Kurdistan defies Baghdad and delivers a million barrels of oil to Israel,qz.com,http://qz.com/224352/kurdistan-defies-baghdad-and-delivers-a-million-barrels-of-oil-to-israel/
2014-06-21,14:47:49,28pcwf,524,a 'Super predator' that devoured a Great White Shark is being investigated by researchers.,independent.co.uk,http://www.independent.co.uk/news/world/australasia/super-predator-that-devoured-great-white-shark-investigated-by-researchers-9527819.html
2014-06-21,11:46:40,28p0z0,417,"China Employs ‘Porn Judges’ to Scrub the Web: These judges, the government says, have the sacred task of returning the Internet to a clean and safe state",beijingtoday.com.cn,http://beijingtoday.com.cn/2014/06/china-employs-porn-judges-scrub-web/
2014-06-21,17:51:16,28pll1,382,Putin orders central Russia forces on 'full combat alert',timeslive.co.za,http://www.timeslive.co.za/world/2014/06/21/putin-orders-central-russia-forces-on-full-combat-alert
2014-06-21,13:46:43,28p97v,362,A case involving Shell Oil Company had a breakthrough on Friday when a U.K. judge ruled that the oil giant was liable to provide certain security measures to protect its pipelines in Nigeria after two spills in 2008 and 2009 devastated a Niger Delta community.,ibtimes.com,http://www.ibtimes.com/shell-may-be-liable-2008-2009-nigerian-oil-spills-1608034
2014-06-21,20:26:56,28prp2,335,Human Rights Watch says Israeli military ordered removal of surveillance footage that showed killings of two Palestinian boys,america.aljazeera.com,http://america.aljazeera.com/articles/2014/6/19/israel-nakba-killings.html
2014-06-21,02:40:30,28nop4,331,China bans unauthorised critical coverage by journalists,uk.reuters.com,http://uk.reuters.com/article/2014/06/18/uk-china-media-idUKKBN0ET14H20140618
2014-06-21,18:18:07,28pmoa,309,"EU launches attack against corporate tax avoidance: The EU has taken steps to curb tax avoidance by global corporations. In recent months, criticism in the budget-strapped bloc has mounted over tax loopholes exploited by companies such as Apple, Google and others.",dw.de,http://www.dw.de/eu-launches-attack-against-corporate-tax-avoidance/a-17724846
2014-06-21,15:29:16,28pf74,289,"New leaks show Germany's collusion with NSA | An NSA document from January 2013 shows the spirit of cooperation that existed between the NSA, the German BND, then the BfV, as well as the BSI. The documents also show that the BND has been ""eager"" for closer ties with the NSA since 1962.",dw.de,http://www.dw.de/new-leaks-show-germanys-collusion-with-nsa/a-17726141?maca=en-rss-en-ger-1023-rdf
2014-06-21,23:14:48,28q0dc,260,Court Hands Google a Worldwide Site Blocking Injunction | a Canadian court has ordered Google to completely block a group of websites from its worldwide search results. The ruling was handed down despite Google's protestations that the court has no jurisdiction over Google locally or in the US.,torrentfreak.com,http://torrentfreak.com/court-hands-google-worldwide-site-blocking-injunction-140618/
2014-06-21,22:39:24,28py5j,239,Rome seeks £25 million to save Emperor Nero's lavish palace,telegraph.co.uk,http://www.telegraph.co.uk/news/worldnews/europe/italy/10909481/Rome-seeks-25-million-to-save-Emperor-Neros-lavish-palace.html
2014-06-21,13:35:47,28p8i7,166,Chinese police shoot dead 13 attackers in Xinjiang,reuters.com,http://www.reuters.com/article/2014/06/21/us-china-security-idUSKBN0EW07D20140621?feedType=RSS&feedName=topNews&utm_source=dlvr.it&utm_medium=twitter&dlvrit=992637
2014-06-21,23:35:46,28q1sb,120,Cyberattack on Hong Kong Vote Was Among Largest Ever: The online voting platform for the unofficial referendum now underway on Hong Kong’s political future has been subjected to one of the most severe cyberattacks of its kind ever seen,sinosphere.blogs.nytimes.com,http://sinosphere.blogs.nytimes.com/2014/06/21/cyberattack-on-hong-kong-vote-was-among-largest-ever-security-chief-says/
2014-06-21,00:02:24,28n96o,119,Iceland Tops Global Peace Index 2014,icelandreview.com,http://icelandreview.com/news/2014/06/20/iceland-tops-global-peace-index-2014
2014-06-21,09:34:16,28oque,118,"Presbyterian Church narrowly votes to divest from Hewlett-Packard, Caterpillar, & Motorola, three companies that it claims support Israel's occupation of Palestinian territories.",nytimes.com,http://www.nytimes.com/2014/06/21/us/presbyterians-debating-israeli-occupation-vote-to-divest-holdings.html
2014-06-21,20:10:56,28pr24,94,"Google Removes Singapore Hate Blog Against Filipinos - Blog listed ways to harass Singapore's Filipino population. Police investigating the anonymous ""Blood Stained Singapore"" blog that suggests Singaporeans refuse to be served by Filipinos or ""accidentally"" shove them in crowded places.",phys.org,http://phys.org/news/2014-06-google-singapore-blog-filipinos.html
2014-06-21,10:50:48,28ownf,91,Iraqi oil refinery fire: Blaze seen by Landsat 8.,slate.com,http://www.slate.com/blogs/bad_astronomy/2014/06/20/iraqi_oil_refinery_fire_blaze_seen_by_landsat_8.html
2014-06-21,00:29:07,28nboc,84,Israel Gets First Batch of Disputed Kurdish Oil - Inside Israel - News - Arutz Sheva,israelnationalnews.com,http://www.israelnationalnews.com/News/News.aspx/181991#.U6RTEEQpA4W
2014-06-21,08:22:10,28ol1l,69,ISIS mocks Michelle Obama with new hashtag #bringbackourhumvee,english.alarabiya.net,http://english.alarabiya.net/en/variety/2014/06/20/ISIS-mocks-Michelle-Obama-with-bringbackourhumvee-Twitter-hashtag.html
2014-06-21,07:01:01,28oe2n,62,Indian officials ordered to ditch English for Hindi - Telegraph,telegraph.co.uk,http://www.telegraph.co.uk/news/worldnews/asia/india/10914978/Indian-officials-ordered-to-ditch-English-for-Hindi.html
2014-06-21,05:27:17,28o5a8,57,A Palestinian village joined UNESCO's world heritage sites list on Friday after an emergency nomination meant to try to block Israel from building a barrier across its ancient farmland.,reuters.com,http://www.reuters.com/article/2014/06/20/uk-palestinians-unesco-heritage-idUSKBN0EV2DC20140620?feedType=RSS&feedName=worldNews
2014-06-21,04:21:44,28nyyr,49,Iran throws tech bloggers in prison for working with 'enemy media',engadget.com,http://www.engadget.com/2014/06/20/iran-arrests-tech-bloggers/
2014-06-21,04:30:10,28nzsw,50,Iran says Obama remarks show U.S. not serious in fighting terrorism,reuters.com,http://www.reuters.com/article/2014/06/20/us-iraq-security-iran-idUSKBN0EV20O20140620
2014-06-21,14:13:37,28paye,47,"Militants destroy philosopher's tomb, poets' statues in Iraq",news.yahoo.com,http://news.yahoo.com/militants-destroy-philosophers-tomb-poets-statues-iraq-144605008.html
