2014-03-07,11:12:31,1zs1v4,3463,Russian soldiers training in Canada given 24 hours to leave country,ctvnews.ca,http://www.ctvnews.ca/politics/russian-soldiers-training-in-canada-given-24-hours-to-leave-country-1.1717172
2014-03-07,16:20:51,1zsmxq,3418,"Court in Lebanon rules that Homosexuality is ""not a crime, nor against nature"" in historic ruling",huffingtonpost.co.uk,http://www.huffingtonpost.co.uk/dan-littauer/lebanon-gay-rights_b_4896786.html?utm_hp_ref=uk
2014-03-07,02:11:12,1zqjh4,3216,"China ""concerned"" after North Korean missile test comes dangerously close to hitting Chinese airliner with 200 passengers onboard",radioaustralia.net.au,http://www.radioaustralia.net.au/international/2014-03-07/chinese-concern-over-north-korean-rocket-fired-near-airliner/1276382
2014-03-07,10:10:05,1zrw9v,2282,Uganda president wants poachers 'shot on sight',news.yahoo.com,http://news.yahoo.com/uganda-president-wants-poachers-shot-sight-144937490.html
2014-03-07,03:50:41,1zqtwx,1290,IKEA is in trouble for cutting down 600-year-old trees,grist.org,http://grist.org/list/ikea-is-in-trouble-for-cutting-down-600-year-old-trees/
2014-03-07,13:54:38,1zsew6,1106,"India became the first country, supports Russia interests in Crimea",telegraphindia.com,http://www.telegraphindia.com/1140307/jsp/frontpage/story_18054272.jsp
2014-03-07,00:40:47,1zqa5g,1084,Norway will cut through an island in tribute to massacre victims,theverge.com,http://www.theverge.com/2014/3/6/5476944/norway-will-cut-through-an-island-in-tribute-to-massacre-victims
2014-03-07,17:15:04,1zsphn,977,"Amid Crimea Crisis, Russia Proposes Expanding Citizenship in Ex-USSR - The Russian government has proposed legislation that would grant citizenship to anyone who speaks fluent Russian and had once lived, or who had relatives who lived, on the territory of the Soviet Union [x-post /r/LegalNews]",eurasianet.org,http://www.eurasianet.org/node/68112
2014-03-07,22:08:48,1zt4ks,917,"A group of Japanese historians Friday stood behind their government’s 1993 apology over wartime sex slavery, slamming Tokyo’s possible move to revise it as “unforgivable”.",japantimes.co.jp,http://www.japantimes.co.jp/news/2014/03/07/national/japanese-historians-slam-sex-slave-apology-review/
2014-03-07,22:11:57,1zt4s8,697,Saudi Arabia designates Muslim Brotherhood as terrorist group: Interior Ministry,reuters.com,http://www.reuters.com/article/2014/03/07/us-saudi-security-idUSBREA260SM20140307
2014-03-07,22:30:56,1zt69o,511,Edward Snowden delivers testimony to the European Parliament,freesnowden.is,http://freesnowden.is/_2861.html
2014-03-07,03:34:53,1zqs8p,495,"Russia says new troops weren't deployed to Crimea, but this soldier's social media photos suggest otherwise",dailydot.com,http://www.dailydot.com/news/russia-crimea-social-network/
2014-03-07,01:45:21,1zqgpe,280,Russia Starts Massive Air Defense Drills Amid Crimea Standoff,en.ria.ru,http://en.ria.ru/military_news/20140306/188151801/Russia-Starts-Massive-Air-Defense-Drills-Amid-Crimea-Standoff.html
2014-03-07,03:37:46,1zqsim,267,Moscow: Bill Criminalizing 'False Anti-Russian Information' in the Works,themoscowtimes.com,http://www.themoscowtimes.com/news/article/bill-criminalizing-false-anti-russian-information-in-the-works-report-says/495801.html
2014-03-07,03:01:24,1zqoqu,265,Great Barrier Reef Faces 'Irreversible' Damage: Report,huffingtonpost.com,http://www.huffingtonpost.com/2014/03/06/great-barrier-reef-irreversible-damage_n_4911737.html
2014-03-07,23:19:44,1ztaaa,255,"After 12 years of war, labor abuses rampant on US bases in Afghanistan: More than a year after Obama’s executive order outlawing forced labor on US military bases, exploitation remains",america.aljazeera.com,http://america.aljazeera.com/articles/2014/3/7/after-12-years-ofwarlaborabusesrampantonusbasesinafghanistan.html
2014-03-07,02:21:16,1zqkm1,240,Ukraine crisis: US sends F-16 fighter jets to Poland,telegraph.co.uk,http://www.telegraph.co.uk/news/worldnews/europe/ukraine/10679802/Ukraine-Russia-crisis-live.html
2014-03-07,07:34:20,1zrhru,221,EU slaps initial sanctions on Russia,news.yahoo.com,http://news.yahoo.com/eu-slaps-initial-sanctions-russia-191825407--finance.html
2014-03-07,21:54:58,1zt3my,185,EU urges to investigate cases of people killed by snipers in Kiev,en.itar-tass.com,http://en.itar-tass.com/world/722590
2014-03-07,04:15:40,1zqwhu,118,Interpol says Ukraine seeks wanted notice for Yanukovich arrest,reuters.com,http://www.reuters.com/article/2014/03/06/us-ukraine-yanukovic-interpol-idUSBREA251YB20140306
2014-03-07,02:43:06,1zqmvw,107,"Your porn is not Canadian enough, Canadian Radio & Television Commision warns erotica channels",news.nationalpost.com,http://news.nationalpost.com/2014/03/05/your-porn-is-not-canadian-enough-crtc-warns-erotica-channels/
2014-03-07,17:43:18,1zsqsg,100,Malaysian couple to hang for starving Indonesian maid to death,google.com,http://www.google.com/hostednews/afp/article/ALeqM5grV5jJBRRgmtgBkmxGfUgGrJMlpQ?docId=44d25c22-2d75-4582-ac11-aac1f9e49e0b
2014-03-07,07:06:00,1zrew0,97,"Park rangers in South Africa say that they have found and put down a white rhino which had wandered for days with its horn hacked off and a bullet in its brain. The young animal had been mutilated by poachers, leaving it with a horrific gaping wound.",independent.co.uk,http://www.independent.co.uk/news/world/africa/south-african-rhino-finally-put-down-after-roaming-kruger-park-for-days-with-horn-hacked-off-and-bullet-in-brain-9174189.html
2014-03-07,11:22:48,1zs2rz,89,"[Ukraine] Gunmen seize Simferopol television station, turn off Channel 5, 1+1, turn on Rossiya 24",en.interfax.com.ua,http://en.interfax.com.ua/news/general/194817.html
2014-03-07,17:00:18,1zsot8,78,"Euromaidan officials are not fascists, nor do fascists dominate the movement... Contrary to some claims, ethnic Russians and Russian-speakers are not being attacked or under threat of violence. And anti-Semitism has played absolutely no role in the demonstrations and government.",bbc.com,http://www.bbc.com/news/world-europe-26468720
2014-03-07,17:16:30,1zspk6,71,BP chief executive's pay triples in 2013,theguardian.com,http://www.theguardian.com/business/2014/mar/06/bob-dudley-chief-executive-bp-triples-pay
2014-03-07,07:14:25,1zrfqt,68,Ukraine lifts ban on nuclear fuel transportation,kyivpost.com,http://www.kyivpost.com/content/ukraine/ukraine-lifts-ban-on-nuclear-fuel-transportation-338648.html
2014-03-07,05:32:06,1zr4ua,64,South Koreans View Arch-Enemy Kim Jong-Un More Favorably Than Shinzo Abe,finance.yahoo.com,http://finance.yahoo.com/news/south-koreans-view-arch-enemy-051022370.html
2014-03-07,21:14:38,1zt147,65,"Ukraine: ""no-one in the civilised world"" will recognise Crimea's referendum on joining Russia",bbc.co.uk,http://www.bbc.co.uk/news/world-europe-26483818
2014-03-07,18:03:15,1zsrpw,61,Turkey may ban Facebook and YouTube if Erdoğan wins elections | Prime minister blames political enemies for abusing social network sites with stream of fabricated internet postings,theguardian.com,http://www.theguardian.com/world/2014/mar/07/turkey-erdogan-facebook-youtube-ban-elections
