2014-04-01,17:12:25,21woiq,3402,Opposition ballots found in trash bags in southern Turkey,hurriyetdailynews.com,http://www.hurriyetdailynews.com/opposition-ballots-found-in-trash-bags-in-southern-turkey.aspx?pageID=238&nID=64390&NewsCatID=338
2014-04-01,22:53:18,21x7xd,3285,Mexican marines kill leader of Knights Templar drug cartel,rawstory.com,http://www.rawstory.com/rs/2014/04/01/mexican-marines-kill-leader-of-knights-templar-drug-cartel/#.UzrEuKcQdK4.reddit
2014-04-01,08:50:07,21vi2i,3240,"Saudi Arabia Doubles Down on Atheism; New Laws Declares It Equivalent to Terrorism -- ""non-believers are assumed to be enemies of the Saudi state""",patheos.com,http://www.patheos.com/blogs/friendlyatheist/2014/03/31/saudi-arabia-doubles-down-on-atheism-new-laws-declares-it-equivalent-to-terrorism/
2014-04-01,02:21:26,21ucs5,2996,Lithuania bans Russian TV station over 'lies',reuters.com,http://www.reuters.com/article/2014/03/21/us-ukraine-crisis-lithuania-idUSBREA2K1HP20140321
2014-04-01,22:49:45,21x7lf,2484,"New Leaks Show NSA, GCHQ Infiltrating Private German Companies",techdirt.com,https://www.techdirt.com/articles/20140331/07443526745/new-leaks-show-nsa-gchq-infiltrating-private-german-companies.shtml
2014-04-01,20:16:23,21wxd1,1683,Germany returns art stolen by Nazis in 1939 to Poland,bbc.com,http://www.bbc.com/news/world-europe-26829148
2014-04-01,08:54:27,21vih4,1575,"China’s high-speed rail is so popular, it’s hurting the domestic airline industry.",qz.com,http://qz.com/193556/chinas-high-speed-rail-is-so-popular-its-hurting-the-domestic-airline-industry/
2014-04-01,07:24:02,21v90u,1407,British sniper in Afghanistan kills six Taliban with one bullet,telegraph.co.uk,http://www.telegraph.co.uk/news/worldnews/asia/afghanistan/10735666/British-sniper-in-Afghanistan-kills-six-Taliban-with-one-bullet.html
2014-04-01,02:25:02,21ud57,1294,"Lufthansa pilots strike. 3,800 flights cancelled.",bbc.com,http://www.bbc.com/news/business-26822280
2014-04-01,20:43:32,21wyv4,1219,"Russia warns Kiev against NATO integration: Russia warned Ukraine against integration with NATO on Tuesday, saying Kiev's previous attempts to move closer to the defence alliance had had unwelcome consequences.",reuters.com,http://www.reuters.com/article/2014/04/01/ukraine-crisis-russia-nato-idUKL5N0MT2P120140401
2014-04-01,03:23:57,21ujdf,1132,Campaign calls for Paris ‘love locks’ to be banned. An estimated 700K padlocks now attached to locations across French capital; weight could risk structural integrity of the city’s architecture.,theguardian.com,http://www.theguardian.com/travel/2014/mar/31/campaign-paris-love-locks-banned
2014-04-01,00:12:44,21tzpr,950,"India creates own drug to treat gangrene, to be available in a year",dnaindia.com,http://www.dnaindia.com/mumbai/report-india-creates-own-drug-to-treat-gangrene-to-be-available-in-a-year-1973418
2014-04-01,00:05:05,21tyzh,632,"Moving quickly to envelop Crimea in the Russian bureaucracy and economy, the Kremlin announced plans on Monday to nearly double retirement pensions paid to the elderly on the peninsula, raising them to the average levels paid in Russia.",nytimes.com,http://www.nytimes.com/2014/04/01/world/europe/russia-raises-pensions-for-crimeans.html?partner=rss&emc=rss&smid=tw-nytimes
2014-04-01,21:46:41,21x2pw,477,US accuses China of provoking Philippines,news.yahoo.com,http://news.yahoo.com/us-accuses-china-provoking-philippines-215239395.html
2014-04-01,21:15:55,21x0qg,447,"Nato plans stronger military ties to ex-Soviet states: Ministers consider joint exercises with Azerbaijan, Armenia and Moldova after annexation of Crimea",theguardian.com,http://www.theguardian.com/world/2014/apr/01/nato-plans-stronger-military-ties-armenia-azerbaijan-moldova
2014-04-01,20:17:28,21wxfh,400,"Ocean Garbage Thwarts Flight 370 Search - ""The ocean is like a plastic soup, bulked up with the croutons of these larger items. It's like a toilet bowl that swirls but doesn't flush."" Australian PM pledges search will continue indefinitely, despite obstacles.",america.aljazeera.com,http://america.aljazeera.com/articles/2014/3/31/ocean-garbage-frustratessearchforflight3700.html
2014-04-01,07:14:41,21v84j,262,"'Torture was not essential to find bin Laden’, US Senate report will find",telegraph.co.uk,http://www.telegraph.co.uk/news/worldnews/northamerica/usa/10735747/Torture-was-not-essential-to-find-bin-Laden-US-Senate-report-will-find.html
2014-04-01,00:44:33,21u2qy,265,"Health authorities in Guinea are facing an ""unprecedented epidemic"" of Ebola, an international aid group warned Monday as the death toll from the disease that causes severe bleeding reached 78.",bigstory.ap.org,http://bigstory.ap.org/article/guinea-reports-ebola-death-toll-rises-78
2014-04-01,21:15:44,21x0q3,262,Ukraine crisis: No sign of Russian troop pullout - Nato,bbc.com,http://www.bbc.com/news/world-europe-26830336
2014-04-01,01:56:23,21ua1q,259,Afghanistan: 7 militants blown up while making roadside bombs in mosque,khaama.com,http://www.khaama.com/7-militants-blown-up-while-making-roadside-bombs-in-a-mosque-in-ghazni-3505
2014-04-01,18:15:05,21wrgb,197,"Gazprom hikes Ukraine gas price by a third: ""The company's CEO says the change was because Kiev has failed to pay its bills. ... the price of Russian gas for Ukraine has gone up to $385.5 per 1,000 cubic metres in the second quarter of 2014 from the previous rate of $268.5.""",bbc.com,http://www.bbc.com/news/business-26831678
2014-04-01,16:09:32,21wl90,183,"Ehud Olmert, former Israeli prime minister, found guilty of bribery: Israel's former prime minister is expected to go to jail after a judge convicted of him of receiving £190,000 in bribes and accused him of lying in court",telegraph.co.uk,http://www.telegraph.co.uk/news/worldnews/middleeast/israel/10733945/Ehud-Olmert-former-Israeli-prime-minister-found-guilty-of-bribery.html
2014-04-01,11:14:31,21vwq0,181,The potential threats posed by coal and natural gas projects to the Great Barrier Reef are sparking everything from lawsuits to tweets from Hollywood stars. They’re also prompting close scrutiny from investors as a global campaign against fossil fuels gains momentum.,bloomberg.com,http://www.bloomberg.com/news/2014-03-31/blackrock-joins-investors-in-flagging-barrier-reef-eco-risks.html
2014-04-01,03:57:24,21umuh,179,"To replace drone strikes, US to give Yemen Hellfire-armed crop dusters",arstechnica.com,http://arstechnica.com/tech-policy/2014/03/to-replace-drone-strikes-us-to-give-yemen-hellfire-armed-crop-dusters/
2014-04-01,21:02:23,21wzwe,167,"Unidentified drone crashed on South Korean border island, suspected to be of North Korean origin",reuters.com,http://www.reuters.com/article/idUSBREA300B920140401
2014-04-01,15:47:08,21wjxt,162,Russia Raises Salaries and Pensions for Crimeans,nytimes.com,http://www.nytimes.com/2014/04/01/world/europe/russia-raises-pensions-for-crimeans.html?partner=rss&emc=rss&smid=tw-nytimes&_r=0#
2014-04-01,00:26:38,21u10n,107,"Threat from global warming heightened in latest U.N. report: a growing threat to the health, economic prospects, and food and water sources of billions of people, top scientists said in a report that urges swift action to counter the effects of carbon emissions",reuters.com,http://www.reuters.com/article/2014/03/31/us-climate-ipcc-idUSBREA2U00E20140331
2014-04-01,03:18:19,21uisp,76,U.S. ambassador to India resigns after diplomatic row,reuters.com,http://www.reuters.com/article/2014/03/31/us-india-usa-idUSBREA2U16K20140331
2014-04-01,04:12:42,21uog1,70,Journalists increasingly under fire from hackers: Google researchers show 21 out of 25 top news organizations hit by state-sponsored attacks.,arstechnica.com,http://arstechnica.com/security/2014/03/journalists-increasingly-under-fire-from-hackers-google-researchers-show/
2014-04-01,01:10:32,21u5b8,65,"An Egyptian court denied bail to Al Jazeera English journalists on Monday, as their length of incarceration since arrest on terrorism charges neared 100 days.",america.aljazeera.com,http://america.aljazeera.com/articles/2014/3/31/egypt-aljazeera-journalists.html
