2014-06-25,02:40:17,28zdpu,5194,"Pesticides linked to bee deaths must be banned, scientists say",cbc.ca,http://www.cbc.ca/news/technology/pesticides-linked-to-bee-deaths-must-be-banned-scientists-say-1.2685492
2014-06-25,20:37:50,291sji,4245,North Korea threatens war over Seth Rogen movie.,bbc.com,http://www.bbc.com/news/world-asia-28014069
2014-06-25,01:01:33,28z3me,2602,Shopper shocked to find bargain £10 dress has plea for help from Bangledeshi sweatshop employee written on the tag,southwales-eveningpost.co.uk,http://www.southwales-eveningpost.co.uk/Bargain-pound-10-dress-exhausted-labour-tag/story-21241950-detail/story.html
2014-06-25,06:52:12,29053t,2366,Young Beirut security guard sacrifices his life to prevent a massacre at packed World Cup viewing cafe,middle-east-online.com,http://www.middle-east-online.com/english/?id=66747
2014-06-25,04:20:15,28zp3e,2013,"UK Government minister: ""There is no programme of mass surveillance and there is no surveillance state""",bbc.com,http://www.bbc.com/news/uk-politics-28006739
2014-06-25,09:53:59,290m06,976,"The Sydney Opera House has cancelled a controversial talk by Muslim writer and activist Uthman Badar titled ""Honour killings are morally justified"" after widespread condemnation of its inclusion in the Festival of Dangerous Ideas.",m.smh.com.au,http://m.smh.com.au/entertainment/festival-of-dangerous-ideas-honour-killings-talk-cancelled-20140624-3arlb.html
2014-06-25,16:21:01,291fpk,836,"Chinese warships will join US-led naval drills off Hawaii for the first time this week, in a significant but mainly symbolic effort by the two powers' fighting forces to make friends, not war",channelnewsasia.com,http://www.channelnewsasia.com/news/asiapacific/chinese-warships-to-join/1200368.html
2014-06-25,20:41:06,291sq9,659,Snowden defends mega spy blab: 'Public affairs have to be known by the public' | Calls on Council of Europe to protect whistleblowers,theregister.co.uk,http://www.theregister.co.uk/2014/06/24/edward_snowden_talks_to_council_of_europe_about_protecting_whisteblowers/
2014-06-25,04:11:17,28zo3f,545,"India denies US company extension of patent on anti-cancer drug. Earlier, the Patent Office had denied the patent in 2009 on the grounds of obviousness and lack of inventive step.",timesofindia.indiatimes.com,http://timesofindia.indiatimes.com/business/india-business/US-company-denied-patent-on-anti-cancer-drug/articleshow/37109029.cms
2014-06-25,01:33:29,28z6qa,513,Researchers Find and Decode the Spy Tools Governments Use to Hijack Phones,wired.com,http://www.wired.com/2014/06/remote-control-system-phone-surveillance/
2014-06-25,22:40:15,29211j,460,Denmark's ties with the NSA are deeper than previously thought,cphpost.dk,http://cphpost.dk/news/denmarks-ties-with-the-nsa-are-deeper-than-previously-thought.9954.html
2014-06-25,02:08:56,28zaf5,385,"Unknown planes bomb ISIS positions in N. Iraq, Pentagon denies it’s US",rt.com,http://rt.com/news/168176-iraq-isis-planes-bomb/
2014-06-25,00:21:03,28yze5,262,Australia Is The Largest Per Capita Contributor Of Foreign Fighters To ISIS,businessinsider.com,http://www.businessinsider.com/australia-is-major-contributor-of-isis-fighters-2014-6
2014-06-25,21:04:30,291u46,225,"UN says environmental crime is worth between $70-$213 billion a year and largely finances criminal, militia, and terrorist groups",news.nationalgeographic.com,http://news.nationalgeographic.com/news/2014/06/140624-environmental-crime-trafficking-world-united-nations/?google_editors_picks=true
2014-06-25,04:32:44,28zqgj,221,North Korea Faces Worst Drought In Over A Decade,huffingtonpost.com,http://www.huffingtonpost.com/2014/06/23/north-korea-drought_n_5520964.html
2014-06-25,08:15:36,290dd6,208,"France, supported by Sweden and Denmark, urges the European Union to take action now on Endocrine Disruptors (EDCs)",chemsec.org,http://www.chemsec.org/what-we-do/influencing-public-policy/news-updates/1339-france-brings-the-endocrine-disruptors-forward-on-the-eu-agenda
2014-06-25,06:01:42,29003t,194,"Finnish study: Having a dog at home may prevent diabetes - A new Finnish study of more than 3,000 children finds a ""significant link"" between having a pet dog and a lower risk of developing type 1 diabetes. Only dogs were found to have the preventative effect.",yle.fi,http://yle.fi/uutiset/finnish_study_having_a_dog_at_home_may_prevent_diabetes/7316354
2014-06-25,01:02:06,28z3ny,189,New Report: Syria Joins Iran in Sending Military to Fight ISIS in Iraq,breitbart.com,http://www.breitbart.com/Big-Peace/2014/06/17/New-Report-Syria-Joining-Iran-in-Sending-Military-to-Fight-ISIS-in-Iraq
2014-06-25,22:10:13,291ynx,143,"France warns citizens: Don't invest in Israeli settlements, Golan Heights",haaretz.com,http://www.haaretz.com/mobile/.premium-1.601148?v=87CA057B24E98370C304D1CEC233F727
2014-06-25,22:12:27,291yug,113,Payday lender Wonga used fake law firms to chase customers in arrears; ordered to pay £2.6m in compensation.,bbc.co.uk,http://www.bbc.co.uk/news/business-28015456
2014-06-25,03:41:44,28zkre,103,Scotland Yard want to interview Rupert Murdoch about phone hacking,theguardian.com,http://www.theguardian.com/uk-news/2014/jun/24/scotland-yard-want-interview-rupert-murdoch-phone-hacking
2014-06-25,16:44:50,291gxz,99,Australian immigration minister instructs detained asylum seekers to leave and return home in official state footage,theguardian.com,http://www.theguardian.com/world/2014/jun/25/morrison-asylum-seekers-should-go-home-or-face-very-very-long-detention?CMP=fb_gu
2014-06-25,20:12:42,291r8b,92,"""Seeking to mobilize a global front against anti-gay violence and discrimination, Vice President Joe Biden declared Tuesday [24 June 2014] that protecting gay rights is a defining mark of a civilized nation and must trump national cultures and social traditions.""",seattlepi.com,http://www.seattlepi.com/news/politics/article/Rice-Protecting-gays-most-difficult-rights-issue-5575966.php
2014-06-25,04:10:50,28zo1u,82,Norway to bring in begging ban,ft.com,http://www.ft.com/cms/s/0/b41e62aa-f6f3-11e3-b271-00144feabdc0.html#axzz35aKldJmu
2014-06-25,20:05:37,291qu8,52,News Corp will grant Rebekah Brooks a key role in Australia,smh.com.au,http://www.smh.com.au/business/media-and-marketing/news-corp-silent-on-rumoured-rebekah-brooks-to-australia-plan-20140625-3asyn.html
2014-06-25,05:36:05,28zxcj,53,4 Palestinians hurt as Gaza rocket fire 'goes wrong',timesofisrael.com,http://www.timesofisrael.com/4-palestinians-hurt-as-gaza-rocket-fire-goes-wrong/
2014-06-25,10:13:40,290npn,55,"60 women, 31 boys abducted in northeast Nigeria: Extremists have abducted 60 more girls and women and 31 boys in weekend attacks on villages in northeast Nigeria, witnesses said Tuesday, another sign of the Nigerian military’s failure to curb an Islamic uprising.",suntimes.com,http://www.suntimes.com/news/world/28279719-418/60-women-31-boys-abducted-in-northeast-nigeria.html
2014-06-25,10:35:10,290pmp,51,Iraqi woman killed by ISIS sniper after leaving politics to lead fight against militants,news.nationalpost.com,http://news.nationalpost.com/2014/06/24/iraqi-woman-killed-by-isis-sniper-after-leaving-politics-to-lead-fight-against-militants/
2014-06-25,12:33:02,290zqu,42,"""End The Fed"" Rallies throughout Germany, Etc..",zerohedge.com,http://www.zerohedge.com/news/2014-06-21/end-fed-rallies-are-exploding-throughout-germany
2014-06-25,21:07:25,291uav,38,F-35 Catches Fire on Takeoff at Eglin AFB,defensenews.com,http://www.defensenews.com/article/20140623/DEFREG02/306230025/F-35-Catches-Fire-Takeoff-Eglin-AFB
