2014-05-01,21:28:39,24g84r,4103,France agrees workers can give days off to colleagues with sick children: France has passed a law allowing workers to give some of their days off to a colleague with a seriously ill child. The idea came from the case of a man whose colleagues donated 170 days while his son was battling cancer.,english.rfi.fr,http://www.english.rfi.fr/france/20140501-france-agrees-workers-can-give-days-colleagues-sick-children
2014-05-01,19:46:02,24g2n7,3713,"Germany blocks Edward Snowden from testifying in person in NSA inquiry: The German government has blocked Edward Snowden from giving personal evidence in front of a parliamentary inquiry into NSA surveillance, it has emerged hours before Angela Merkel travels to Washington for a meeting with Obama.",theguardian.com,http://www.theguardian.com/world/2014/may/01/germany-edward-snowden-nsa-inquiry
2014-05-01,10:35:50,24f4tp,3360,New video emerges of Rob Ford smoking crack in his sister's basement last Saturday,theglobeandmail.com,http://theglobeandmail.com/news/toronto/rob-ford-takes-leave-as-new-drug-video-emerges/article18354671/?service=mobile
2014-05-01,00:19:26,24dfhf,2971,WHO says world poised for 'post-antibiotic' era,nature.com,http://www.nature.com/news/who-says-world-poised-for-post-antibiotic-era-1.15135
2014-05-01,04:40:05,24e6ej,2793,Google breaks Canadian privacy laws with ads based on personal health information,vancouversun.com,http://www.vancouversun.com/business/fp/yourmoney/Google+stung+Canada+privacy+commissioner+linked/9390095/story.html
2014-05-01,19:25:31,24g1oz,2590,"Egypt mass death sentences: 60% of defendants have evidence that proves they were not present at the scene of the crime. One woman reveals her son, who died three years ago, has also been convicted in the case.",bbc.com,http://www.bbc.com/news/world-middle-east-27186339
2014-05-01,23:21:03,24gggs,1993,Vladimir Putin demands Ukraine withdraw troops from troubled eastern regions,washingtonpost.com,http://www.washingtonpost.com/world/europe/vladimir-putin-demands-ukraine-withdraw-troops-from-troubled-eastern-regions/2014/05/01/37912286-d132-11e3-9e25-188ebe1fa93b_story.html
2014-05-01,02:45:59,24dufs,1793,UK slips down global press freedom list due to Snowden leaks response | British government's draconian response to the Guardian's reporting sees UK drop five places on Freedom House list,theguardian.com,http://www.theguardian.com/media/2014/apr/30/uk-slips-press-freedom-list-snowden-leaks-nsa
2014-05-01,04:31:05,24e5gu,1341,Hundreds of kidnapped Nigerian school girls reportedly sold as brides to militants for $12,washingtonpost.com,http://www.washingtonpost.com/news/morning-mix/wp/2014/04/30/hundreds-of-kidnapped-nigerian-school-girls-reportedly-sold-as-brides-to-militants-for-12-relatives-say/
2014-05-01,08:17:35,24es9u,1181,"Declassified documents reveal that Thatcher's government dismissed Ronald Reagan as a bumbling, homophobic ""bozo""",thedailybeast.com,http://www.thedailybeast.com/articles/2014/04/30/british-officials-portrayed-reagan-as-a-bozo.html
2014-05-01,05:11:09,24e9kc,905,Sinn Fein leader Gerry Adams arrested over murder of widowed mother abducted from her home in 1972,dailymail.co.uk,http://www.dailymail.co.uk/news/article-2617193/Sinn-Fein-leader-Gerry-Adams-arrested-suspicion-1973-murder.html
2014-05-01,05:36:13,24ec6u,862,A surreptitiously taped video clip that surfaced Tuesday shows the mayor of Mexico’s busiest cargo port seemingly receiving instructions from the chief of the Knights Templar crime group.,csmonitor.com,http://www.csmonitor.com/World/Americas/2014/0430/Mexico-s-anti-cartel-vigilantes-vindicated-after-tape-shows-mayor-linked-to-crime-boss
2014-05-01,11:38:05,24fahl,709,"Edward Snowden: NSA Spies More on Americans Than Russians - ""We watch our own people more closely than anyone else in the world.""",nationaljournal.com,http://www.nationaljournal.com/tech/edward-snowden-nsa-spies-more-on-americans-than-russians-20140430
2014-05-01,20:46:42,24g5oe,473,"The death of Clayton D. Lockett in Oklahoma produced more than the usual horror in Europe, with Britain and France condemning the execution and calling for the abolition of the death penalty.",nytimes.com,http://www.nytimes.com/2014/05/01/us/outrage-across-ideological-spectrum-in-europe-over-flawed-lethal-injection-in-us.html?hp&_r=0
2014-05-01,04:54:43,24e7v5,418,Outdoor grills banned in Beijing,bbc.co.uk,http://www.bbc.co.uk/news/blogs-news-from-elsewhere-27219976
2014-05-01,13:46:46,24fl3v,409,UN asks Australia to reconsider dumping on Great Barrier Reef,tvnz.co.nz,http://tvnz.co.nz/world-news/un-asks-australia-reconsider-dumping-great-barrier-reef-5946057
2014-05-01,06:04:32,24ef34,372,Merkel rules out military intervention over dispute in Ukraine,theglobeandmail.com,http://www.theglobeandmail.com/news/world/merkel-rules-out-military-intervention-over-dispute-in-ukraine/article18346314/
2014-05-01,01:38:39,24dnly,364,Putin 'to visit Crimea' for May 9 military parade,news.yahoo.com,http://news.yahoo.com/putin-visit-crimea-may-9-military-parade-094458784.html;_ylt=AmoLER5._S_GU4H2Rfs8sKPQtDMD;_ylu=X3oDMTBsMDM3a2wyBGNvbG8DZ3ExBHBvcwM0BHNlYwNzcg--
2014-05-01,20:09:05,24g3r6,364,Moscow revives Red Square Soviet-era May Day parade,usatoday.com,http://www.usatoday.com/story/news/world/2014/04/30/moscow-may-day/8526297/
2014-05-01,13:53:43,24flm4,328,Australian government to advocate for the end of universal healthcare,afr.com,http://www.afr.com/p/national/end_universal_healthcare_audit_says_zrc6GH6VmXQx2YBwlB7gSJ?noMobileRedirect
2014-05-01,18:03:45,24fyep,291,Kindergartens In China Suspected of Drugging Students To Boost Attendance,cnn.com,http://www.cnn.com/2014/03/19/world/asia/kindergarten-china-drugs/
2014-05-01,02:09:38,24dqpe,280,"Antibiotic resistance now 'global threat', WHO warns",bbc.com,http://www.bbc.com/news/health-27204988
2014-05-01,20:16:49,24g44z,266,German officials demand justice after exchange student killed in Montana,cbsnews.com,http://www.cbsnews.com/news/german-officials-demand-justice-after-exchanged-student-killed-in-montana/
2014-05-01,08:18:42,24esdl,229,"Afghan opium production explodes despite billions spent, says US report. Report by DC's Afghanistan war watchdog found opium cultivation unaffected by $7.5bn US spent to combat it",theguardian.com,http://www.theguardian.com/world/2014/apr/30/afghan-opium-production-explodes-billions-spent-us-report
2014-05-01,00:11:37,24deqw,213,"Mexico receives approval for the purchase of 18 Black Hawk helicopters, possibly signaling a more militarized approach to fighting cartels.",csmonitor.com,http://www.csmonitor.com/World/Americas/Latin-America-Monitor/2014/0429/Mexico-prepping-to-buy-more-Black-Hawks-settling-in-for-a-lengthy-fight-in-drug-war
2014-05-01,14:33:36,24foca,185,World Bank: India Overtakes Japan as World’s Third Largest Economy,thediplomat.com,http://thediplomat.com/2014/05/world-bank-india-overtakes-japan-as-worlds-third-largest-economy/
2014-05-01,23:32:04,24ghfr,174,"U.S. general: Corruption, not Taliban, the worst threat to Afghanistan",america.aljazeera.com,http://america.aljazeera.com/articles/2014/4/30/afghanistan-corruptionrebuild.html
2014-05-01,07:40:21,24eor3,150,Sold out: Ukraine's leadership swapped best military weapons for cash,washingtontimes.com,http://www.washingtontimes.com/news/2014/apr/23/sold-out-ukraines-leadership-swapped-best-military/?page=all#pagebreak
2014-05-01,04:37:17,24e63z,123,"Two confirmed dead, two injured in Nanaimo, B.C. sawmill shooting",m.theglobeandmail.com,http://m.theglobeandmail.com/news/british-columbia/shooting-reported-at-nanaimo-bc-sawmill/article18337959/?service=mobile
2014-05-01,19:54:12,24g309,70,"NATO's Baltic Air Policing mission begins in Lithuania today with aircraft numbers tripled in response to Ukrainian crisis. British Typhoons, Polish Mig-29s, and Danish F-16s will all add to the already bolstered numbers of US, French, and Canadian aircraft deployed in neighbouring countries",janes.com,http://www.janes.com/article/37253/nato-s-tripled-baltic-air-policing-mission-begins
