2014-07-21,23:07:44,2banmb,27477,Netherlands opens war crimes investigation into MH17 airliner downing,news.yahoo.com,http://news.yahoo.com/netherlands-opens-investigation-airliner-shoot-down-131650202.html
2014-07-21,10:55:45,2b9axm,8664,Russian Billionaires in horror as Putin risks isolation,bloomberg.com,http://www.bloomberg.com/news/2014-07-20/russian-billionaires-in-horror-as-putin-risks-isolation.html
2014-07-21,19:09:27,2ba814,7809,"President Barack Obama and the UN have called for an ""immediate ceasefire"" between Israel and Hamas as the death toll among Palestinians in the Gaza Strip reached 508.",theguardian.com,http://www.theguardian.com/world/2014/jul/21/gaza-crisis-obama-ceasefire-fighting-goes-on
2014-07-21,09:40:45,2b948o,5872,More than 700 killed in Syria in what may be the bloodiest 48 hours of fighting in the conflict to date,aawsat.net,http://www.aawsat.net/2014/07/article55334493
2014-07-21,07:12:00,2b8qwd,7974,"Most intense shelling in Gaza, streets littered with dead bodies, death toll climbs to 425 - The death toll on the Palestinian side included children and women, with over 2,500 injured and almost 61,000 displaced seeking refuges in 49 UN Relief and Works Agency run centres",daily.bhaskar.com,http://daily.bhaskar.com/article/WOR-most-intense-shelling-in-gaza-streets-littered-with-dead-bodies-death-toll-climb-4686603-PHO.html
2014-07-21,04:20:53,2b8bd7,4558,"At least 100 Palestinians from a single neighbourhood have been killed, as Israel continues its assault on the Gaza Strip.",news.sky.com,http://news.sky.com/story/1304262/at-least-100-people-killed-in-gaza-shelling
2014-07-21,22:26:01,2bak5l,2693,"Malaysia Air avoiding Ukraine, diverted flights over Syria instead",theage.com.au,http://www.theage.com.au/world/malaysia-airlines-diverts-flight-from-ukraine--to-syria-20140721-zvgya.html
2014-07-21,18:08:04,2ba50b,2606,"China shuts meat factory supplying McDonald's, KFC and others for mixing expired meat with new and of misleading inspectors - Australia Network News",abc.net.au,http://www.abc.net.au/news/2014-07-21/china-shuts-meat-factory-supplying-mcdonald27s2c-kfc/5612784
2014-07-21,19:30:29,2ba93j,2415,Dutch forensic team gets access to MH17 victims' bodies five days after crash,nltimes.nl,http://www.nltimes.nl/2014/07/21/dutch-forensic-team-gets-access-victims-bodies/
2014-07-21,03:36:37,2b873u,2334,David Cameron in furious phone call with Vladimir Putin over 'indefensible' Russian delays,dailymail.co.uk,http://www.dailymail.co.uk/news/article-2698917/It-time-stop-appeasing-Putin-resolve-Cameron-Hammond-warns-EU-veiled-dig-Merkel.html
2014-07-21,01:58:17,2b7y2o,2043,"64 public figures, 7 Nobel laureates, call for arms embargo on Israel",haaretz.com,http://www.haaretz.com/news/diplomacy-defense/.premium-1.606228
2014-07-21,04:06:32,2b8a0s,1897,Snowden seeks to develop anti-surveillance technologies,franchiseherald.com,http://www.franchiseherald.com/articles/5805/20140720/snowden-seeks-to-develop-anti-surveillance-technologies.htm
2014-07-21,00:28:43,2b7qjh,1031,13 IDF soldiers killed in Gaza Strip,ynetnews.com,"http://www.ynetnews.com/articles/0,7340,L-4547088,00.html"
2014-07-21,01:52:42,2b7xma,963,MH17: UN draft resolution demands 'guilty should be held to account',theguardian.com,http://www.theguardian.com/world/2014/jul/20/mh17-united-nations-considers-resolution-on-ukraine-crash-site
2014-07-21,08:16:11,2b8wq5,577,Bosnians bury ethnically cleansed victims: Thousands of Bosnians have gathered for a mass funeral for their loved ones more than 20 years after they were killed in the country's civil war. Many of the bodies were only discovered recently in a nearby mass grave.,dw.de,http://www.dw.de/bosnians-bury-ethnically-cleansed-victims/a-17797161
2014-07-21,23:02:11,2ban5m,566,Hundreds of Japanese hold silent protest for Gaza,english.al-akhbar.com,http://english.al-akhbar.com/content/hundreds-japanese-hold-silent-protest-gaza
2014-07-21,18:48:26,2ba6yd,522,Phone intercepts allegedly show Russia tried to seize MH17's black boxes,9news.com.au,http://www.9news.com.au/world/2014/07/21/16/16/rebels-discuss-black-box-search-over-phone
2014-07-21,08:58:36,2b90fv,472,Independent: Netanyahu says Hamas using rising death toll to make Israel look bad,independent.co.uk,http://www.independent.co.uk/news/world/middle-east/israelgaza-conflict-netanyahu-says-hamas-using-rising-death-toll-to-make-israel-look-bad-9617583.html
2014-07-21,05:18:13,2b8gop,463,Hamas armed wing stating they have abducted an Israel soldier.,af.reuters.com,http://af.reuters.com/article/egyptNews/idAFL6N0PV1C820140720
2014-07-21,13:25:29,2b9nx0,449,"KFC, Pizza Hut, and McDonald’s are hit with a new China food scandal: expired meat products",qz.com,http://qz.com/237643/kfc-pizza-hut-and-mcdonalds-are-hit-with-a-new-china-food-scandal-involving-expired-meat-products/
2014-07-21,03:42:36,2b87ok,366,US says recordings of Ukraine rebels admitting MH17 downing ‘authentic’,rawstory.com,http://www.rawstory.com/rs/2014/07/20/us-says-recordings-of-ukraine-rebels-admitting-mh17-downing-authentic/
2014-07-21,07:49:26,2b8uac,346,Afriqiyah Airways Airbus A330 hit by rocket is consumed by fire at Tripoli International airport,theaviationist.com,http://theaviationist.com/2014/07/20/a330-consumed-by-fire-tripoli/
2014-07-21,11:14:33,2b9cm5,301,Looting and tear gas in Paris as protestors riot over Israeli offensive in Gaza,rawstory.com,http://www.rawstory.com/rs/2014/07/20/looting-and-tear-gas-in-paris-as-protestors-riot-over-israeli-offensive-in-gaza/#.U8x3YHr9G7M.reddit
2014-07-21,23:32:43,2bapzk,294,Russia's Military Tells A Very Different Story About What Happened To MH17,businessinsider.com,http://www.businessinsider.com/russias-story-about-mh17-2014-7
2014-07-21,07:28:55,2b8sf4,261,Iraqi Islamists demand Christians either convert or face death by the sword.,news.yahoo.com,http://news.yahoo.com/iraq-catholic-leader-says-islamic-state-worse-genghis-194238082.html
2014-07-21,05:30:59,2b8hvs,161,Pro-Russian Rebel Leader: We Want to Give Crash Victims' Bodies to Families,abcnews.go.com,http://abcnews.go.com/International/pro-russian-rebel-leader-give-crash-victims-bodies/story?id=24640412
2014-07-21,01:49:05,2b7xan,163,Emirates want a Global Airlines Conference following the MH17 Disaster in Ukraine.,nytimes.com,http://www.nytimes.com/reuters/2014/07/20/world/middleeast/20reuters-ukraine-crisis-airlines-emirates.html?ref=world
2014-07-21,11:41:05,2b9f0n,138,"Malaysia Airlines morale at a low, with some flight crew too shaken to fly",channelnewsasia.com,http://www.channelnewsasia.com/news/asiapacific/mas-morale-at-a-low-with/1273460.html
2014-07-21,04:24:56,2b8bqc,91,Architects planning on converting Brazilian stadiums into much-needed housing.,mic.com,http://mic.com/articles/94404/two-architects-have-an-amazing-plan-for-what-to-do-with-brazil-s-soccer-stadiums
2014-07-21,19:03:39,2ba7pu,83,"Dutch PM says ""all options on table"" if crash access does not improve",trust.org,http://www.trust.org/item/20140721085738-2wf0k/
