2014-08-26,19:06:15,2em4iw,11192,"A 22 yr old Australian Aboriginal woman who died in jail after twice seeking medical attention from authorities who deemed her healthy, was imprisoned over unpaid fines totalling just $1000",sbs.com.au,http://www.sbs.com.au/news/article/2014/08/26/aboriginal-woman-who-dies-wa-jail-was-there-unpaid-fine-0
2014-08-26,22:22:01,2emhg4,7806,Russia admits its soldiers have been caught in Ukraine,theguardian.com,http://www.theguardian.com/world/2014/aug/26/russia-admits-soldiers-in-ukraine
2014-08-26,03:10:15,2ejtei,6698,"Israeli Prime Minister Benjamin Netanyahu's approval rating hits 38%, down from 82% last month.",jpupdates.com,http://jpupdates.com/2014/08/25/live-blog-israelunderfire-hamas-willing-accept-new-cease-fire-proposal/
2014-08-26,21:59:07,2emfep,4108,Burger King Worldwide Inc. has agreed to acquire Tim Hortons Inc. for about $12.5 billion in a deal and move its headquarters to Canada.,business.financialpost.com,http://business.financialpost.com/2014/08/26/burger-king-tim-hortons-deal/
2014-08-26,14:10:44,2elnta,10874,Malaysia Airlines flights are empty and the airline is burning $2Million per day,mashable.com,http://mashable.com/2014/08/25/empty-malaysia-airlines-flights/
2014-08-26,21:19:57,2emcf8,3707,"U.S. and Iran Hit ISIS, Ignore Each Other",thedailybeast.com,http://www.thedailybeast.com/articles/2014/08/26/u-s-and-iran-hit-isis-ignore-each-other.html
2014-08-26,17:05:57,2elyjr,2297,"Russian soldiers captured in east Ukraine crossed border ""by accident""",bbc.com,http://www.bbc.com/news/world-europe-28934213
2014-08-26,01:15:26,2ejgg1,2061,ISIS Militant Who Loved Taking Photos With Severed Heads Killed In Iraq,opposingviews.com,http://www.opposingviews.com/i/society/known-isis-militant-reportedly-killed-n-iraq-battle
2014-08-26,23:56:18,2emqmi,2022,Finland Says NATO an Option After Russia ‘Violates’ Border Laws,bloomberg.com,http://www.bloomberg.com/news/2014-08-26/finland-says-nato-an-option-after-russia-violates-border-laws.html
2014-08-26,20:51:54,2emajm,1922,"'Ban E-cig use indoors,' says WHO",bbc.com,http://www.bbc.com/news/health-28937610
2014-08-26,20:32:39,2em9d1,1276,As many as 112 Indian nationals suspected to have been exposed to the Ebola virus are expected to land in Mumbai from Liberia on seven different flights Tuesday.,indianexpress.com,http://indianexpress.com/article/india/india-others/ebola-alert-hospitals-stand-by-as-planes-with-indians-from-liberia-land-today/
2014-08-26,16:56:50,2ely1t,1092,"Putting the full blame for Palestinian situation on Hamas, Saudi foreign minister calls for Arab nations to strengthen ties with Israel",awdnews.com,http://awdnews.com/top-news/9417-saudi-foreign-minister-we-must-denounce-our-hatred-toward-israel-and-begin-normalize-ties-with-jewish-nation.html
2014-08-26,10:28:36,2el3rv,975,US shocked at UAE air strikes in Libya,bbc.co.uk,http://www.bbc.co.uk/news/world-africa-28933070
2014-08-26,02:37:44,2ejpnj,854,NASA’s New Horizons Spacecraft Crosses Neptune Orbit En Route to Historic Pluto Encounter,nasa.gov,http://www.nasa.gov/press/2014/august/nasa-s-new-horizons-spacecraft-crosses-neptune-orbit-en-route-to-historic-pluto
2014-08-26,21:12:11,2embvw,851,"The Islamic State may be raising more than $2 million a day in revenue from oil sales, extortion, taxes and smuggling, according to U.S. intelligence officials and anti-terrorism finance experts.",bloomberg.com,http://www.bloomberg.com/news/2014-08-25/islamic-state-now-resembles-the-taliban-with-oil-fields.html
2014-08-26,21:42:16,2eme3r,839,"Turkey struggles as 'lone gatekeeper' against Islamic State recruitment: ""The Islamic State is here to establish the law of God ... Turkey is not being ruled based on God's law but as a secular state.""",reuters.com,http://www.reuters.com/article/2014/08/26/us-iraq-security-turkey-idUSKBN0GQ0ZO20140826
2014-08-26,04:45:28,2ek3xx,720,"Pope Francis endorses use of force to ""stop"" unjust aggressor ISIS",businessinsider.com,http://www.businessinsider.com/pope-francis-endorses-use-of-force-against-isis-in-iraq-2014-8
2014-08-26,09:52:33,2el06d,609,"French Cabinet Is Dissolved, A Victim of Austerity Battles: The collapse of the French government on Monday exposed widening divisions both within France’s leadership, and Europe more broadly, over austerity policies that many now fault for threatening to tip the eurozone back into recession.",nytimes.com,http://www.nytimes.com/2014/08/26/world/europe/french-prime-minister-moves-to-dissolve-government.html?smid=re-share
2014-08-26,04:40:07,2ek3e4,499,Islamic State’s Own Photos Used to Find One of Its Training Camps,defenseone.com,http://www.defenseone.com/technology/2014/08/islamic-states-own-photos-were-just-used-find-one-its-training-camps/92267/
2014-08-26,02:23:39,2ejnzu,496,Charred U.S. dollars fluttering in street after Israeli missile blows up car with alleged Hamas money man inside,nationalpost.com,http://www.nationalpost.com/m/wp/news/blog.html?b=news.nationalpost.com/2014/08/25/charred-u-s-dollars-fluttering-in-street-after-israeli-missile-blows-up-car-with-alleged-hamas-money-man-inside&pubdate=2014-08-25
2014-08-26,23:39:35,2emov4,447,ISIS Demands $6.6M Ransom for 26-Year-Old American Woman.,abcnews.go.com,http://abcnews.go.com/Blotter/isis-demands-66m-ransom-26-year-american-woman/story?id=25127682
2014-08-26,10:37:50,2el4og,379,China Is Building a National Operating System to Cut Out Microsoft and Google,motherboard.vice.com,http://motherboard.vice.com/en_us/read/china-is-building-a-national-operating-system-to-cut-out-microsoft-and-google
2014-08-26,13:26:44,2elkck,296,Pakistan suffers heavy casualties as Indian govt gives troops free hand to retaliate against ceasefire violations.,timesofindia.indiatimes.com,http://timesofindia.indiatimes.com/india/Pak-suffers-heavy-casualties-as-govt-gives-troops-free-hand/articleshow/40874090.cms
2014-08-26,19:51:23,2em6xu,281,ISIS developing 'sophisticated drones to launch attacks on Israel and US',ibtimes.co.uk,http://www.ibtimes.co.uk/isis-developing-sophisticated-drones-launch-attacks-israel-us-1462605
2014-08-26,05:02:33,2ek5tq,257,UK embassy apologises for 'burning White House' tweet,bbc.co.uk,http://www.bbc.co.uk/news/world-us-canada-28929626
2014-08-26,12:49:26,2elh4u,248,Beheadings at ‘record levels’: Saudi Arabia executes dozens in deadly August,news.com.au,http://www.news.com.au/world/middle-east/beheadings-at-record-levels-saudi-arabia-executes-dozens-in-deadly-august/story-fnh81ifq-1227037172765
2014-08-26,08:07:40,2ekplt,239,Kiev says captured 10 Russian paratroopers in east Ukraine,globalpost.com,http://www.globalpost.com/dispatch/news/afp/140825/kiev-says-captured-10-russian-paratroopers-east-ukraine
2014-08-26,04:08:20,2ejzwr,242,Ukraine President signs decree to dissolve parliament,theglobeandmail.com,http://www.theglobeandmail.com/news/world/ukraine-president-signs-decree-to-dissolve-parliament/article20195443/
2014-08-26,20:44:43,2ema3d,233,Israel blasts 2nd residential tower in Gaza,cnn.com,http://www.cnn.com/2014/08/25/world/meast/mideast-crisis/
2014-08-26,20:16:18,2em8c5,218,Ukraine: 4 Border Guards Killed In Russian Helicopter Attack,businessinsider.com,http://www.businessinsider.com/ukraine-4-border-guards-killed-in-russian-helicopter-attack-2014-8
