2014-06-11,08:47:32,27tz9b,4513,"Canadian ""Cyberbullying"" law would let government ""remotely hack into computers, mobile devices, or cars""",news.nationalpost.com,http://news.nationalpost.com/2014/06/10/proposed-cyberbullying-law-would-let-police-remotely-hack-into-computers-mobile-devices-or-cars/
2014-06-11,21:49:01,27vet5,4136,Chile rejects Patagonia wilderness dam project: The Chilean government has rejected a plan to build five hydroelectric dams on rivers in the south of the country. Its decision follows years of campaigning by environmentalists and local communities.,dw.de,http://www.dw.de/chile-rejects-patagonia-wilderness-dam-project/a-17698908
2014-06-11,23:50:20,27vors,2721,Taxi drivers to bring London to a standstill over row with Uber. The last organised strike of this magnitude cost London over £600 Million.,screenrobot.com,http://screenrobot.com/taxi-drivers-bring-london-standstill-row-uber/
2014-06-11,08:52:15,27tzot,2641,"Revealed: Asian slave labour producing prawns for supermarkets in US, UK | Thai 'ghost ships' that enslave, brutalise and even kill workers are linked to global shrimp supply chain, Guardian investigation discovers",theguardian.com,http://www.theguardian.com/global-development/2014/jun/10/supermarket-prawns-thailand-produced-slave-labour
2014-06-11,14:42:03,27usop,2048,"The insurgent fighters who routed the Iraqi army out of Mosul did not just capture Iraq’s second-largest city. They also gained a windfall of arms, munitions and equipment abandoned by the soldiers — arms that were supplied by the US and intended to give the troops an edge over the insurgents",nytimes.com,http://www.nytimes.com/2014/06/11/world/middleeast/mosul-iraq-militants-seize-us-weapons.html
2014-06-11,21:28:18,27vdfx,1235,London Mayor Boris Johnson offers to be blasted by water cannon to show they’re safe - after buying the riot control equipment for the capital despite having no permission to use it.,news.yahoo.com,http://news.yahoo.com/london-mayor-offers-blasted-water-cannon-113900087.html
2014-06-11,20:48:49,27vb4h,1155,Emirates cancels order for 70 Airbus A350s,bbc.com,http://www.bbc.com/news/business-27791448
2014-06-11,18:14:53,27v3o7,814,JK Rowling donates £1m to Scotland's anti-independence campaign,theguardian.com,http://www.theguardian.com/books/2014/jun/11/jk-rowling-donates-scotland-anti-independence-campaign
2014-06-11,02:23:56,27svd8,752,"Billions of NATO-dollars unaccounted for, says Dutch National Court of Auditors",volkskrant.nl,http://www.volkskrant.nl/vk/nl/2664/Nieuws/article/detail/3669607/2014/06/10/Billions-of-NATO-dollars-unaccounted-for.dhtml
2014-06-11,21:05:58,27vc3r,448,"ISIL storms Turkey's Mosul consulate, 'takes diplomats captive'",hurriyetdailynews.com,http://www.hurriyetdailynews.com/isil-storms-turkeys-mosul-consulate-takes-diplomats-captive-report.aspx?pageID=238&nID=67660&NewsCatID=352
2014-06-11,18:41:52,27v4uc,421,"""I think we just got read the riot act"" — Hong Kong must accept Beijing's control, China's Communist Party warns",telegraph.co.uk,http://www.telegraph.co.uk/news/worldnews/asia/hongkong/10889465/Hong-Kong-must-accept-Beijings-control-Chinas-Communist-Party-warns.html
2014-06-11,10:17:28,27u797,413,Unverpacked: New Zero-Waste Grocery Store in Germany Will Package None of Its Products,weburbanist.com,http://weburbanist.com/2014/06/10/unverpacked-zero-waste-grocery-store-packages-no-products/
2014-06-11,20:31:42,27va72,349,"Oil company Soco International is suspending all operations in Virunga World Heritage Site, Africa's oldest national park. It has also committed to keep out of all other UNESCO World Heritage Sites.",theecologist.org,http://www.theecologist.org/News/news_round_up/2419592/oilnbspcompany_promises_no_drilling_in_virunga.html
2014-06-11,14:47:56,27ut2i,340,Huge haul of blood-stained ivory found in 32 suitcases at Hong Kong airport,scmp.com,http://www.scmp.com/news/hong-kong/article/1529519/15-arrests-suitcases-reveal-huge-ivory-haul
2014-06-11,22:32:43,27vi1o,310,ISIL take over parts of Tikrit after overrunning Mosul,bbc.com,http://www.bbc.com/news/world-middle-east-27800319#TWEET1154256
2014-06-11,23:03:51,27vkj6,303,Mosul Seized: Jihadis Loot $429m from City's Central Bank to Make ISIS World's Richest Terror Force,ibtimes.co.uk,http://www.ibtimes.co.uk/mosul-seized-jihadis-loot-429m-citys-central-bank-make-isis-worlds-richest-terror-force-1452190
2014-06-11,15:09:06,27uudm,269,Canadian man living in China says he was wrongfully imprisoned after refusing to spy on Canada,citynews.ca,http://www.citynews.ca/2014/06/10/exclusive-toronto-man-accused-of-spying-jailed-in-china/
2014-06-11,19:16:21,27v6f2,200,"EU opens in-depth probes into tax rulings on Apple, Starbucks, Fiat unit",reuters.com,http://www.reuters.com/article/2014/06/11/us-apple-tax-eu-idUSKBN0EM0U220140611?feedType=RSS&feedName=topNews&utm_source=dlvr.it&utm_medium=twitter&dlvrit=992637
2014-06-11,23:31:58,27vn0n,176,"ISIL militants seize control of Tikrit as second Iraqi provincial capital falls in two days. ""All of Tikrit is in the hands of the militants,"" a police colonel said of the Salaheddin provincial capital, which lies roughly half way between Baghdad and Iraq's second city Mosul.",rte.ie,http://www.rte.ie/news/2014/0611/622964-iraqi-mosul/
2014-06-11,10:59:19,27uaz6,174,China Shuts Down 20 Million WeChat Accounts For Prostitution,dailyzone.com,http://www.dailyzone.com/articles/838/20140610/china-shuts-down-20-million-wechat-accounts-prostitution.htm
2014-06-11,20:49:44,27vb6e,170,"Saudi minister says beheading, lashings 'cannot be changed'",arabianbusiness.com,http://www.arabianbusiness.com/saudi-minister-says-beheading-lashings-cannot-be-changed--553582.html#.U5hCPvmSzrQ
2014-06-11,12:38:25,27ujkj,166,Microsoft fights U.S. search warrant for customer e-mails held in overseas server,washingtonpost.com,http://www.washingtonpost.com/world/national-security/microsoft-fights-us-search-warrant-for-customer-e-mails-held-in-overseas-server/2014/06/10/6b8416ae-f0a7-11e3-914c-1fbd0614e2d4_story.html?hpid=z3
2014-06-11,05:25:04,27tf79,154,Hacker who revealed George W. Bush paintings gets 4 years in Romanian prison,reuters.com,http://www.reuters.com/article/2014/06/06/us-usa-hacking-guccifer-idUSKBN0EH1MW20140606
2014-06-11,13:42:54,27uom1,151,Canadian teachers in British Columbia vote yes at 86% for a full scale strike walk out.,globalnews.ca,http://globalnews.ca/news/1386832/b-c-teachers-vote-on-whether-to-escalate-job-action-to-full-scale-strike/
2014-06-11,12:27:32,27uio8,139,"After Ukraine, U.S. trains more special forces in eastern Europe | As NATO refocuses on its eastern borders after Russia's annexation of Crimea, the United States is quietly deploying more troops to train special forces in former Soviet bloc states anxious about Moscow's intentions.",reuters.com,http://www.reuters.com/article/2014/06/11/us-nato-usa-specialforces-idUSKBN0EL2KT20140611
2014-06-11,03:47:31,27t4dx,124,Six people die in violent storms in Germany. Hailstones the size of golf balls in France.,bbc.co.uk,http://www.bbc.co.uk/news/world-europe-27787783
2014-06-11,22:24:03,27vhdl,97,"As Islamic Militants Continue Advance, Kurds Vow to Defend Kirkuk",rudaw.net,http://rudaw.net/english/kurdistan/11062014
2014-06-11,08:02:18,27tuz0,86,"Iraq: ISIS Militants Overrun Mosul, Free 2,500 Prisoners",eurasiareview.com,http://www.eurasiareview.com/10062014-iraq-isis-militants-overrun-mosul-free-2500-prisoners/
2014-06-11,15:04:46,27uu40,81,"Tens of thousands flee Mosul, Iraq's second biggest city, following its capture by former al-Qaeda splinter group ISIL",aljazeera.com,http://www.aljazeera.com/news/middleeast/2014/06/thousands-iraqis-flee-after-mosul-seized-201461023449883723.html
2014-06-11,23:24:09,27vmb0,72,'Mass beheadings' in northern Iraq,telegraph.co.uk,http://www.telegraph.co.uk/news/worldnews/middleeast/iraq/10892299/Iraq-crisis-al-Qaeda-forces-seize-Mosul-and-Tikrit-live.html
