2014-08-19,09:43:40,2dxrfq,24070,Two sisters who kidnapped 13 young children and forced them to work as pickpockets before murdering them are to become the first women to be executed in India.,smh.com.au,http://www.smh.com.au/world/sisters-renuka-shinde-seema-gavit-to-be-first-women-executed-in-india-20140819-105n42.html#ixzz3AnJaQUz1
2014-08-19,21:59:13,2dz8mr,12956,Russia Wants Bulgarians to Stop Vandalizing Soviet Monuments To Look Like American Superheroes,themoscowtimes.com,http://www.themoscowtimes.com/article/505354.html
2014-08-19,04:15:58,2dwsxn,5704,"100,000 elephants killed in Africa between 2010 and 2012, study finds",bigstory.ap.org,http://bigstory.ap.org/article/100000-elephants-killed-africa-study-finds
2014-08-19,20:52:57,2dz3us,2514,"Saudi Arabia's Grand Mufti Sheikh Abdulaziz Al al-Sheikh, the highest religious authority in the country, said on Tuesday the militant groups Islamic State and al-Qaida were ""enemy number one of Islam"" and not in any way part of the faith.",jpost.com,http://www.jpost.com/Breaking-News/Saudi-Arabias-Grand-Mufti-denounces-Iraqs-Islamic-State-group-371490
2014-08-19,22:08:31,2dz9f7,1438,Israel: 'Rockets From Gaza Break Ceasefire',news.sky.com,http://news.sky.com/story/1321321/israel-rockets-from-gaza-break-ceasefire
2014-08-19,18:04:28,2dyudx,1377,Pope: I have only two or three years left to live,theaustralian.com.au,http://www.theaustralian.com.au/news/world/pope-i-have-only-two-or-three-years-left-to-live/story-e6frg6so-1227029172642?nk=f37c86126a2be5be1f6aa8dc321a0979
2014-08-19,18:27:26,2dyvkj,1000,"North Korea Moves Tanks, Armored Vehicles to Chinese Border",english.chosun.com,http://english.chosun.com/site/data/html_dir/2014/08/19/2014081900919.html
2014-08-19,23:16:49,2dzftl,865,Air France cabin crew are so concerned about the threat of the Ebola epidemic that unions have started a petition calling for flights to be stopped to those West African countries most affected by the disease.,thelocal.fr,http://www.thelocal.fr/20140819/ebola-air-france-staff-object-to-flights-to-ebola-countries
2014-08-19,18:52:54,2dywv4,638,Egypt calls for restraint in Ferguson,dailynewsegypt.com,http://www.dailynewsegypt.com/2014/08/19/egypt-calls-restraint-ferguson/
2014-08-19,22:12:36,2dz9rx,553,"Three rockets explode in Israel, hours before truce to expire - Diplomacy and Defense",haaretz.com,http://www.haaretz.com/news/diplomacy-defense/1.611250
2014-08-19,08:53:48,2dxmnf,466,"ISIS to America: ""We Will Drown All of You In Blood"" for airstrikes.",news.msn.com,http://news.msn.com/world/islamic-state-message-to-america-we-will-drown-all-of-you-in-blood
2014-08-19,21:37:44,2dz724,360,Yazidis haunted by cries for help as militants bury victims alive,reuters.com,http://www.reuters.com/article/2014/08/18/us-iraq-security-yazidis-idUSKBN0GI1QK20140818
2014-08-19,00:35:25,2dw4ov,355,Israel's Shin Bet security service said Monday it had thwarted a Hamas coup attempt in the West Bank aimed at toppling Palestinian President Mahmoud Abbas,nytimes.com,http://www.nytimes.com/aponline/2014/08/18/world/middleeast/ap-ml-israel-palestinians.html?ref=world
2014-08-19,07:42:54,2dxfgu,330,Liberian army told to 'shoot on sight' anyone crossing border as search for Ebola patients continues,theage.com.au,http://www.theage.com.au/world/army-told-to-shoot-on-sight-anyone-crossing-border-as-search-for-ebola-patients-continues-20140819-105lhc.html
2014-08-19,20:01:49,2dz0nn,333,"No longer pinned down by U.S. air cover, Taliban fighters are attacking Afghan military posts in larger numbers with the aim of taking and holding ground — a shift from the hit-and-run strikes with posses of gunmen, explosives and suicide bombers",japantimes.co.jp,http://www.japantimes.co.jp/news/2014/08/19/world/politics-diplomacy-world/taliban-push-territory-quickens-afghan-troops-get-new-kill-orders/
2014-08-19,18:34:05,2dyvw4,325,An American Tribe Wants a German Museum to Return Native American Scalps - The German Museums Association says that scalps are not subject to the same ethical guidelines that govern other human remains,smithsonianmag.com,http://www.smithsonianmag.com/smart-news/american-tribes-want-german-collectors-return-native-american-scalps-180952374/
2014-08-19,00:17:59,2dw2vd,310,Torture And Rendition: Diplomats 'Trying To Censor' US Senate Report On British Role In CIA Activities,morningstaronline.co.uk,http://www.morningstaronline.co.uk/a-5b29-Torture-and-Rendition-Diplomats-trying-to-censor-US-Senate-report-on-British-role-in-CIA-activities#.U_IYPo58vHg
2014-08-19,00:54:34,2dw6m6,264,"A powerf­ul volcano, Bárðarbunga, mig­ht erupt in the High­lands of Ice­land. The Icelandic Met Office has up­gra­ded its aviati­on al­ert status to orange, me­an­ing that a ""volcano shows heig­htened or escalat­ing un­rest with increa­sed potential of erupti­on.""",mbl.is,http://www.mbl.is/frettir/innlent/2014/08/18/possible_volcanic_eruption_in_iceland/
2014-08-19,06:11:38,2dx5rm,229,"Five weeks out from an election, New Zealand is hit by a ""Watergate"" scandal implicating the Prime Minister.",nzherald.co.nz,http://www.nzherald.co.nz/nz/news/article.cfm?c_id=1&objectid=11309420
2014-08-19,23:05:33,2dzem4,193,"Montreal firefighters trash city hall over pension dispute, police watch from sidelines",montreal.ctvnews.ca,http://montreal.ctvnews.ca/unions-storm-city-hall-to-bring-attention-to-pension-conflict-1.1964458
2014-08-19,19:39:48,2dyzgd,188,"Australian Politician Clive Palmer releases Tirade, referring to the Chinese as ""Mongrels"" and ""Bastards"". China responds by labelling the verbal attack as ""Absurd and irresponsible"". Possible tensions for Trade Agreement between the countries that was set to be tabled by the end of the year.",abc.net.au,http://www.abc.net.au/news/2014-08-19/government-extending-olive-branch-to-china-after-palmer-tirade/5681118
2014-08-19,15:47:19,2dymni,153,Europe 'shot itself in foot' with Russia sanctions: Hungary PM,reuters.com,http://www.reuters.com/article/2014/08/15/us-ukraine-crisis-sanctions-hungary-idUSKBN0GF0ES20140815
2014-08-19,05:48:41,2dx34t,150,"Hazelnut prices soar, fuelling fears of Nutella shortage",ctvnews.ca,http://www.ctvnews.ca/business/hazelnut-prices-soar-fuelling-fears-of-nutella-shortage-1.1964404
2014-08-19,09:33:57,2dxqju,151,Nigerian woman suspected of Ebola dies in UAE on way to India,timesofindia.indiatimes.com,http://timesofindia.indiatimes.com/world/middle-east/Nigerian-woman-suspected-of-Ebola-dies-in-UAE-on-way-to-India/articleshow/40360251.cms
2014-08-19,12:40:38,2dy85d,130,China liquor reported spiked with Viagra,marketwatch.com,http://www.marketwatch.com/story/china-liquor-reported-spiked-with-viagra-2014-08-18
2014-08-19,23:04:42,2dzej5,106,US Pressuring PA Not to Sue Israel for 'War Crimes',israelnationalnews.com,http://www.israelnationalnews.com/News/News.aspx/184155#.U_NZU_ldX_E
2014-08-19,02:04:00,2dwe9a,102,"Mosul dam, the largest and most important hydroelectric dam in Iraq, has now been fully 'retaken' by Iraqi and Kurdish military forces.",theguardian.com,http://www.theguardian.com/world/middle-east-live/live/2014/aug/18/iraq-crisis-uk-mission-could-last-for-months-live-updates
2014-08-19,22:04:04,2dz90s,99,IDF: Possible that three rockets hit Be'er Sheva despite ceasefire,ynetnews.com,"http://www.ynetnews.com/articles/0,7340,L-4560337,00.html"
2014-08-19,03:20:54,2dwmwc,88,Report: Hamas and Islamic Jihad control UN agency for Palestinians refugees,worldtribune.com,http://www.worldtribune.com/2014/08/17/report-hamas-islamic-jihad-seized-control-un-agency-refugees-gaza/
2014-08-19,00:19:39,2dw325,73,"Hamas planned to topple PA in West Bank, Shin Bet says",timesofisrael.com,http://www.timesofisrael.com/day-42-with-truce-set-to-end-monday-night-israel-braces-for-more-rockets/
