2014-04-03,19:23:21,223c06,4699,"European Parliament passes strong net neutrality law, along with major roaming reforms",gigaom.com,http://gigaom.com/2014/04/03/european-parliament-passes-strong-net-neutrality-law-along-with-major-roaming-reforms/
2014-04-03,03:03:56,2214wj,4056,Australia's government is considering making it illegal to boycott a company for environmental reasons,theguardian.com,http://www.theguardian.com/environment/2014/apr/02/coalition-review-of-consumer-laws-may-ban-environmental-boycotts
2014-04-03,20:12:03,223e7t,3330,"EU votes net neutrality into law, abolishes mobile roaming charges ""Blocking and throttling Internet traffic will become illegal in the European Union following a parliamentary vote on Thursday ... The package also abolishes roaming charges for mobile phone use in the EU.""",computerworld.com,http://www.computerworld.com/s/article/9247411/EU_votes_net_neutrality_into_law_abolishes_mobile_roaming_charges?source=rss_latest_content&utm_source=feedburner&utm_medium=feed&utm_campaign=Feed%3A+computerworld%2Fnews%2Ffeed+%28Latest+from+Computerworld%29
2014-04-03,12:08:04,222mfx,2932,"Massive 7.8 earthquake (aftershock of yesterdays 8.2 quake) just hit 40km from Iquique, Chile. Damage and injuries are very likely to occur. [Live updates in article]",earthquake-report.com,http://earthquake-report.com/2014/04/01/massive-earthquake-offshore-tarapaca-chile-on-april-1-2014/
2014-04-03,22:48:28,223ocy,2620,Norwegian skydiver almost hit by a meteorite (caught on tape),nrk.no,http://www.nrk.no/viten/1.11646757
2014-04-03,00:56:21,220s0t,1970,A suspected World War II bomb exploded in the Thai capital as scrap metal workers tried to cut it open with a blow torch,news.msn.com,http://news.msn.com/world/bangkok-scrap-workers-killed-opening-suspected-ww2-bomb-with-blow-torch
2014-04-03,22:46:37,223o8a,1272,US secretly created 'Cuban Twitter' to stir unrest and undermine government,theguardian.com,http://www.theguardian.com/world/2014/apr/03/us-cuban-twitter-zunzuneo-stir-unrest
2014-04-03,19:01:16,223b0k,1197,"US Food Aid Already Being Sold on Black Market Websites in Ukraine - US sent 300,000 food rations to the Ukrainian army, some of which are now going for a dollar a meal on the web.",motherboard.vice.com,http://motherboard.vice.com/read/us-food-aid-is-being-sold-on-black-market-websites-in-ukraine
2014-04-03,03:19:34,2216ki,935,NASA suspends collaboratation with Russia (except for ISS) over the situation in Ukraine,theverge.com,http://www.theverge.com/2014/4/2/5574896/nasa-suspends-contracts-with-russia
2014-04-03,21:19:58,223hwm,899,Russia signs economic development and trade deal with North Korea,nknews.org,http://www.nknews.org/2014/04/russia-signs-economic-development-protocol-with-north-korea/
2014-04-03,11:25:13,222imz,795,North Korean intelligence official tells of aborted coups and assassination attempts: One of only a handful of North Korean intelligence officials ever to have escaped the country paints a dark portrait of plotting and factions in Pyongyang,telegraph.co.uk,http://www.telegraph.co.uk/news/worldnews/asia/northkorea/10740104/North-Korean-intelligence-official-tells-of-aborted-coups-and-assassination-attempts.html
2014-04-03,20:44:15,223fwz,682,"Billionaire Ukrainian industrialist indicted in Chicago on bribery charges for ""participating in an international racketeering conspiracy involving at least $18.5 million in bribes to government officials in India to allow the mining of titanium minerals""",chicagotribune.com,"http://www.chicagotribune.com/news/local/breaking/chi-billionaire-ukrainian-industrialist-indicted-in-chicago-on-bribery-charges-20140402,0,7268136.story"
2014-04-03,17:18:52,2236g8,622,"1/4 of Europe's Bumblebees, Vital to Crops, Face Extinction",scientificamerican.com,http://www.scientificamerican.com/article/a-quarter-of-europes-bumblebees-vital-to-crops-face-extinction/
2014-04-03,21:33:07,223iqu,378,NATO's Europe plans alarm Russia.,bbc.co.uk,http://www.bbc.co.uk/news/world-europe-26866989
2014-04-03,00:02:36,220msu,368,"Turkish Constitutional Court ruled that Twitter ban is unconstitutional — The high court issued same ruling, deeming the ban unlafwul, one week ago, only to be dismissed by the Turkish government",todayszaman.com,http://www.todayszaman.com/newsDetail_getNewsById.action?newsId=343688
2014-04-03,21:42:00,223jc9,337,"Majority of Russians and Americans View Each Other's Country Negatively, Polls Show",themoscowtimes.com,http://www.themoscowtimes.com/news/article/majority-of-russians-and-americans-view-each-others-country-negatively-polls-show/497403.html
2014-04-03,01:40:05,220w7p,312,Syria says Russia re-establishing multipolar world,news24.com,http://www.news24.com/World/News/Syria-says-Russia-re-establishing-multipolar-world-20140402-2
2014-04-03,14:02:28,222vgs,280,Switzerland snubs U.S. effort to sanction Russian billionaires,reuters.com,http://www.reuters.com/article/2014/04/02/us-ukraine-crisis-swiss-idUSBREA311IB20140402?feedType=RSS&feedName=topNews
2014-04-03,14:41:04,222y4y,241,Saudi Arabia labels atheists as terrorists,nydailynews.com,http://www.nydailynews.com/news/world/saudi-arabia-labels-atheists-terrorists-new-anti-dissident-law-article-1.1743233
2014-04-03,01:04:33,220sv8,237,"South Africa's government will distribute coloured and flavoured condoms among students to end ""condom fatigue"", the health minister has said.",bbc.com,http://www.bbc.com/news/world-africa-26853788
2014-04-03,01:43:38,220wkk,241,"Iran, Russia working to seal $20 bln oil-for-goods deal - sources",uk.reuters.com,http://uk.reuters.com/article/2014/04/02/iran-russia-oil-idUKL5N0MN4UT20140402
2014-04-03,04:40:13,221ezr,230,The FBI has completed of review of the in-home flight simulator that belonged to the captain of the missing Malaysia Airlines passenger jet and found “nothing suspicious whatsoever.”,abcnews.go.com,http://abcnews.go.com/blogs/headlines/2014/04/no-clues-to-missing-malaysia-airlines-plane-in-captains-flight-simulator/
2014-04-03,10:28:04,222d97,216,"Despite having been given $50 million in aid by Russia back in 2009, in retaliation for Russia taking over Crimea, the tiny Pacific microstate of Tuvalu scrapped its recognition of the Russian protectorates of South Ossetia and Abkhazia and established diplomatic relations with Georgia.",newrepublic.com,http://www.newrepublic.com/article/117238/tuvalu-bruises-russia-establishing-diplomatic-ties-georgia?utm_content=4563934&utm_medium=social&utm_source=twitter
2014-04-03,00:17:11,220o8w,215,Amnesty Reports Dozens of Venezuela Torture Accounts,bloomberg.com,http://www.bloomberg.com/news/2014-04-01/amnesty-reports-dozens-of-venezuela-torture-accounts.html
2014-04-03,02:07:11,220yz1,200,"South Korea investigates two suspected North Korean drones, containing a camera which has aerial pictures of Seoul and military bases along the west of the border",cnn.com,http://www.cnn.com/2014/04/02/world/asia/korea-drone-tensions/
2014-04-03,01:39:26,220w5g,179,"Mexico's government has taken down almost the entire leadership of one of the country's most vicious drug cartels, but it can barely savor victory amid rising violence around the capital",news.yahoo.com,http://news.yahoo.com/mexico-takes-drug-lords-violence-persists-153201425.html
2014-04-03,00:06:44,220n6i,163,Five days of rowdy protests in a southern Chinese city against a planned chemical plant have forced the authorities onto the back foot and underscored that breakneck economic growth no longer rides roughshod over public opinion in the world's second largest economy.,csmonitor.com,http://www.csmonitor.com/World/Asia-Pacific/2014/0402/In-China-angry-protesters-force-government-to-reconsider-chemical-plant
2014-04-03,12:51:26,222q07,139,"Armed men abduct Chinese, Philippine women from Malaysia resort: reports",reuters.com,http://www.reuters.com/article/2014/04/03/us-malaysia-abduction-idUSBREA3207B20140403
2014-04-03,22:47:18,223o9o,103,Celebrity chef Nigella Lawson banned from flying to US after admitting drug use,today.com,http://www.today.com/news/nigella-lawson-banned-flying-us-after-admitting-drug-use-2D79477347
2014-04-03,23:43:40,223ta7,96,London Fog Turns Deadly - Officials are warning the elderly and people with breathing problems to limit outdoor exposure this week in London as yellow smog envelops the city.,thinkprogress.org,http://thinkprogress.org/climate/2014/04/03/3422410/dangerous-london-smog/
