2014-03-18,19:52:15,20pmjq,4428,Putin announces that Russia will annex Crimea into the Russian Federation,bbc.co.uk,http://www.bbc.co.uk/news/world-europe-26630062
2014-03-18,03:28:58,20niu4,3383,"Taliban denies MH370 involvement; ""We wish we had an opportunity to hijack such a plane,"" commander says.",reuters.com,http://www.reuters.com/article/2014/03/17/us-malaysia-airlines-southasia-idUSBREA2G10320140317
2014-03-18,19:43:59,20pm49,3237,Russia Suspended From G8,themoscowtimes.com,http://www.themoscowtimes.com/news/article/russia-suspended-from-g8-france-says/496399.html
2014-03-18,00:29:03,20n0n1,3055,"Birth of the Universe detected by scientists.Proving that the universe expanded by 100 trillion trillion times, in less than the blink of an eye.",spaceindustrynews.com,http://spaceindustrynews.com/birth-of-the-universe-detected-by-scientists/4229/
2014-03-18,11:07:51,20osyv,2797,Western powers begin process to hold Kim Jung Un accountable for crimes against humanity.,reuters.com,http://www.reuters.com/article/2014/03/16/us-korea-north-un-crimes-insight-idUSBREA2F0G020140316
2014-03-18,11:12:40,20otfz,2540,Turkey Warns Russia it Will Blockade Bosphorus if Violence Occurs,ukrainianpolicy.com,http://ukrainianpolicy.com/turkey-warns-russia-it-will-blockade-bosphorus/
2014-03-18,23:17:37,20q1it,2274,"Shots fired, officer taken from Ukraine base in Crimea",reuters.com,http://www.reuters.com/article/2014/03/18/us-ukraine-crisis-shots-idUSBREA2H0O920140318
2014-03-18,03:01:03,20nfvu,1395,"BBC: A Russian ex-minister Alexander Pochinok dies aged 56, shortly after commenting that annexing Crimea would cost Russia trillions",translate.google.com,http://translate.google.com/translate?hl=en&ie=UTF8&prev=_t&sl=ru&tl=en&u=http://www.bbc.co.uk/russian/russia/2014/03/140317_russia_pochinok_death.shtml
2014-03-18,11:05:22,20osr5,1333,Japan to impose sanctions on Russia,reuters.com,http://www.reuters.com/article/2014/03/18/us-ukraine-crisis-japan-idUSBREA2H02T20140318
2014-03-18,20:08:41,20pnfh,1147,"France warns Russia it could cancel warships deal: France might cancel a controversial deal to sell two state-of-the-art warships to Russia if Britain acts against Russian oligarchs in London, according to the French foreign minister .",theguardian.com,http://www.theguardian.com/world/2014/mar/18/ukraine-france-warns-russia-warship-deal
2014-03-18,23:43:17,20q3vh,988,"NSA surveillance program reaches ‘into the past’ to retrieve, replay phone calls: 'a surveillance system capable of recording “100 percent” of a foreign country’s telephone calls, enabling the agency to rewind and review conversations as long as a month after they take place'",washingtonpost.com,http://www.washingtonpost.com/world/national-security/nsa-surveillance-program-reaches-into-the-past-to-retrieve-replay-phone-calls/2014/03/18/226d2646-ade9-11e3-a49e-76adc9210f19_story.html
2014-03-18,23:07:33,20q0nb,966,"Doku Umarov, anti-Russian Chechen rebel leader, is dead",bbc.co.uk,http://www.bbc.co.uk/news/world-europe-26634403#TWEET1075395
2014-03-18,06:32:12,20o256,874,Qatar World Cup 2022 investigation: former Fifa vice-president Jack Warner and family paid millions by Qatari firm.,telegraph.co.uk,http://www.telegraph.co.uk/sport/football/world-cup/10704290/Qatar-World-Cup-2022-investigation-former-Fifa-vice-president-Jack-Warner-and-family-paid-millions.html
2014-03-18,05:45:26,20nx7l,680,Australian Vaccination-Skeptics Network loses its charity status for fundraising over misinformation claims,abc.net.au,http://www.abc.net.au/news/2014-03-18/australian-vaccination-skeptics-network-banned-from-charity-sta/5327378
2014-03-18,18:45:52,20pjdf,624,"Russian parliament mocks sanctions - asks US, EU to sanction all its members",reuters.com,http://www.reuters.com/article/2014/03/18/ukraine-crisis-russia-sanctions-idUSL6N0MF19D20140318
2014-03-18,11:35:17,20ovjv,496,First Dozen U.S. Warplanes Arrive In Poland... Russia Deploys 6 SU-27 fighters & 3military Rransport Jets to Belarus,investmentwatchblog.com,http://investmentwatchblog.com/first-dozen-u-s-warplanes-arrive-in-poland-russia-deploys-6-su-27-fighters-3military-rransport-jets-to-belarus/
2014-03-18,19:47:18,20pmas,477,U.S. and U.K. Marked ‘Enemies of the Internet’. Press freedom group denounces spy agency surveillance in report.,usnews.com,http://www.usnews.com/news/articles/2014/03/17/us-and-uk-marked-enemies-of-the-internet
2014-03-18,21:54:16,20puai,401,"Burning fireball seen off the coast of the Canadian Maritimes overnight. ""“It was a bright light and it lit up the whole sky [...] it was almost like a meteor but not the same.""",cbc.ca,http://www.cbc.ca/news/canada/nova-scotia/fireball-in-sky-over-maritime-canada-seen-by-dozens-1.2576708
2014-03-18,03:15:42,20nhe1,358,"Russian President Vladimir Putin has signed a decree recognising Crimea ""as a sovereign and independent state""",bbc.com,http://www.bbc.com/news/world-europe-26621726
2014-03-18,02:12:52,20naye,279,"Armed men, believed to be Russians,dig trenches near the Ukrainian military base in Perevalnoye",trust.org,http://www.trust.org/item/20140317113333-m1m30/?source=search
2014-03-18,23:21:03,20q1to,264,'It's great to be back': Last of Canadian soldiers in Afghanistan return home,ctvnews.ca,http://www.ctvnews.ca/canada/it-s-great-to-be-back-last-of-canadian-soldiers-in-afghanistan-return-home-1.1734248
2014-03-18,01:04:55,20n451,254,"Russian truck manufacturer Kamaz has appealed to Russian, Ukrainian and Kazakhstan authorities for help in recovering a convoy of new trucks, intended for Kazakhstan, which was hijacked in Ukraine yesterday.",translate.google.com,http://translate.google.com/translate?sl=auto&tl=en&js=n&prev=_t&hl=en&ie=UTF-8&u=http%3A%2F%2Fwww.rbc.ua%2Frus%2Fnews%2Fpolitics%2Fkamaz-prosit-vlasti-rossii-kazahstana-i-ukrainy-pomoch-17032014141900
2014-03-18,15:51:06,20pc6g,202,Malaysia opposition leader Anwar admits MH370 pilot is his relative,straitstimes.com,http://www.straitstimes.com/breaking-news/se-asia/story/malaysia-opposition-leader-anwar-admits-mh370-pilot-his-relative-2014031
2014-03-18,19:00:47,20pk1u,176,Voice of Russia announces that the chairman of the Transnistrian Parliament asked Russia to allow the breakaway Moldovan republic into the Russian Federation,voiceofrussia.com,http://voiceofrussia.com/news/2014_03_18/Transdniestria-seeks-Russian-law-that-might-allow-republic-to-join-Russia-newspaper-2229/
2014-03-18,02:29:21,20ncmh,170,"""Absolutely certain"" Russia will invade rest of Ukraine - Ukrainian Admiral",bigbreakingnews.com,http://www.bigbreakingnews.com/2014/03/russia-preparing-to-invade-eastern.html#.Uyc-w621YbA
2014-03-18,01:38:24,20n7gh,164,"Today, Paris' Air Pollution Is Worse Than Beijing",motherboard.vice.com,http://motherboard.vice.com/read/today-pariss-air-pollution-is-worse-than-beijing
2014-03-18,00:09:50,20myqw,165,Hospital Built to Treat Victims of Female Genital Mutilation Prevented From Opening in Burkina Faso,bbc.com,http://www.bbc.com/news/magazine-26577358
2014-03-18,10:44:21,20oqtd,159,Poland plans to reform military brigade with Ukraine and Lithuania,telegraph.co.uk,http://www.telegraph.co.uk/news/worldnews/europe/ukraine/10703016/Poland-plans-to-reform-military-brigade-with-Ukraine-and-Lithuania.html
2014-03-18,22:34:13,20pxpk,126,"Japanese company named as biggest online retailer of ivory & whale meat - Conservation groups say Rakuten's website carries 28,000 adverts for elephant ivory & 1,200 for whale products",theguardian.com,http://www.theguardian.com/environment/2014/mar/18/japan-rakuten-biggest-online-retailer-ivory-whale-meat
2014-03-18,21:23:42,20ps22,122,Crimea and Sevastopol are now officially part of the Russian Federation,us.wsj.com,http://us.wsj.com/articles/SB10001424052702304747404579446920731715270?mg=reno64-wsj
