2014-03-27,22:41:00,21ia5a,3912,Turkey bans YouTube,en.webrazzi.com,http://en.webrazzi.com/2014/03/27/defiant-turkish-goverment-takes-down-youtube-too-breaking-news/
2014-03-27,04:26:11,21g0ql,2949,"Estonia’s President suggestion on how to deal with Russia: go after the Kremlin’s banks like you’d go after a terrorist’s, question the legitimacy of Russian passports, and never doubt Putin’s taste for territory.",thedailybeast.com,http://www.thedailybeast.com/articles/2014/03/26/russia-may-threaten-the-baltics-but-estonia-knows-how-to-fight-back.html?utm_source=feedburner&utm_medium=feed&utm_campaign=Feed%3A+thedailybeast%2Farticles+%28The+Daily+Beast+-+Latest+Articles%29&utm_content=FeedBurner
2014-03-27,19:55:54,21hxrm,2476,"Catholic bishop who blew $300,000 on a fish tank and $900,000 on LED lighting blames his deputy for lavish spending",thelocal.de,http://www.thelocal.de/20140327/how-bishop-of-limburg-franz-peter-tebartz-van-elst-blew-31-million-euros
2014-03-27,02:20:15,21fn4s,2052,"Prepare for War in 2015, Kim Jong-un Tells Officers",english.chosun.com,http://english.chosun.com/site/data/html_dir/2014/03/26/2014032601905.html?
2014-03-27,21:50:09,21i5ng,1603,"In Turkey, leaked recording surfaces on Syria war policy",todayszaman.com,http://www.todayszaman.com/news-343175-national-security-council-convenes-to-discuss-leaked-recording-on-syria-policy.html
2014-03-27,03:10:51,21fsmk,760,G7 warns Russia of more sanctions if Ukraine crisis escalates,reuters.com,http://www.reuters.com/article/2014/03/24/us-ukraine-crisis-idUSBREA2N10620140324
2014-03-27,22:56:50,21ibj8,643,Monsanto Forced to Withdraw Unsubstantiated Advertising Claims on Benefits of GM Crops in South Africa,acbio.org.za,http://www.acbio.org.za/index.php/media/64-media-releases/454-monsanto-forced-to-withdraw-unsubstantiated-and-misleading-adver
2014-03-27,05:06:51,21g569,554,"Barack Obama, the US president, has expressed concerned about cutbacks in European defence spending, telling NATO members in Brussels that ""everyone has to be chipping in"" to defend the continent's borders, sovereignty and territorial integrity.",aljazeera.com,http://www.aljazeera.com/news/europe/2014/03/obama-urges-nato-increase-defence-spending-201432617475973379.html
2014-03-27,02:10:29,21fm56,443,"Dwarf planet discovery hints at a hidden Super Earth in solar system - The body, which orbits the sun at a greater distance than any other known object, may be shepherded by an unseen planet",theguardian.com,http://www.theguardian.com/science/2014/mar/26/dwarf-planet-super-earth-solar-system-2012-vp113
2014-03-27,12:52:44,21hd4m,427,Japanese court has decided to release a man on death row for more than 30 years in a high-profile murder case based on new DNA evidence.,bigstory.ap.org,http://bigstory.ap.org/article/japan-orders-longest-held-death-row-inmate-freed
2014-03-27,14:41:58,21hjs1,431,Liberia declares Ebola outbreak a national emergency,frontpageafricaonline.com,http://frontpageafricaonline.com/index.php/news/1141-liberia-declares-ebola-outbreak-a-national-emergency
2014-03-27,07:49:39,21glxt,401,Soyuz rocket carrying expedition 39 to the ISS has had technical difficulties. An engine burn did not occur as planned and the 6 hour trip will now take 2 days,newser.com,http://www.newser.com/article/081f3272bdde43759ff4db199897175a/snag-delays-arrival-of-soyuz-spacecraft-carrying-russian-american-crew-to-space-station.html
2014-03-27,21:56:45,21i67z,343,South Korea Seizes North Korean Boat Amid New Tensions,nytimes.com,http://www.nytimes.com/reuters/2014/03/27/world/asia/27reuters-korea-north-border.html?smid=re-share
2014-03-27,19:52:20,21hxli,287,"World now 80% polio free, World Health Organization says: The World Health Organization has declared its South East Asia region polio-free. The certification is being hailed a ""historic milestone"" in the global fight to eradicate the deadly virus.",bbc.com,http://www.bbc.com/news/health-26763385
2014-03-27,13:49:47,21hgrx,271,North Korea Calls South Korean President 'Blabbering Peasant Woman' In Unhinged Rant,businessinsider.com,http://www.businessinsider.com/north-korea-insults-south-korea-president-2014-3
2014-03-27,17:30:13,21hr51,253,Swiss decide against Russian sanctions,thelocal.ch,http://www.thelocal.ch/20140326/swiss-decide-against-imposing-russian-sanctions
2014-03-27,16:34:50,21hovg,242,Obama Defends Iraq Invasion: At Least America 'Sought' To Get UN Backing,huffingtonpost.com,http://www.huffingtonpost.com/2014/03/26/obama-iraq_n_5036771.html
2014-03-27,09:44:46,21gx39,214,(Norway)Planned military activities with Russia suspended,norwaypost.no,http://www.norwaypost.no/index.php/news/latest-news/29669-planned-military-activities-with-russia-suspended
2014-03-27,17:20:29,21hqr9,175,"IMF agrees to $14-18 billion bailout for Ukraine, to rise to $27 billion over the next two years.",reuters.com,http://www.reuters.com/article/2014/03/27/us-ukraine-crisis-imf-idUSBREA2Q0H920140327
2014-03-27,20:55:39,21i1fz,181,UN Human Rights Committee Says International Human Rights Treaty Applies to US Worldwide Surveillance,justsecurity.org,http://justsecurity.org/2014/03/27/human-rights-committee-iccpr-applies-extraterritorial-surveillance-novel/
2014-03-27,09:02:07,21gswn,182,Russian officials dump iPads over spy fears,google.com,http://www.google.com/hostednews/afp/article/ALeqM5hM9cqLFXTX2rv8WWnz72I-WcThPA?docId=c5c7b9dd-dc9c-4a76-bb55-5ed4a0a5f27f
2014-03-27,08:23:08,21gp7f,121,Canadian Mayor Rob Ford Says Scandals are Old News During Debate - Says people no longer interested in the drug scandal surrounding him after the front-runners trying to replace him said he has embarrassed Toronto & ruined its reputation,news.yahoo.com,http://news.yahoo.com/ford-says-scandals-old-news-during-debate-235818202.html
2014-03-27,02:52:47,21fqm1,105,Ukraine agrees to 50% gas price hike: Ukraine's interim gov't says it will raise gas prices for domestic consumers by 50% in an effort to secure an IMF aid package. An official at Naftogaz state energy company said the price rise would come in on 1 May ... further rises would be scheduled until 2018,bbc.com,http://www.bbc.com/news/business-26758788
2014-03-27,23:56:31,21ihbv,82,Pakistan court sentences Christian man to death for blasphemy,theguardian.com,http://www.theguardian.com/world/2014/mar/27/pakistan-court-sentences-christian-man-death-blasphemy
2014-03-27,17:09:16,21hq9n,73,Black money: India threatens to take action against Switzerland,google.com,http://google.com/newsstand/s/CBIwva__pwk
2014-03-27,03:13:47,21fsyf,73,US makes first aid cuts to Uganda over anti-gay law - News,africareview.com,http://www.africareview.com/News/US-makes-first-aid-cuts-to-Uganda-over-anti-gay-law/-/979180/2257418/-/eacii/-/index.html
2014-03-27,02:31:04,21foam,69,"ATHENS — Greek authorities intercepted arms shipments apparently sent by one or more Israelis and intended for Iran, in violation of international sanctions",veteranstoday.com,http://www.veteranstoday.com/2014/03/25/jerusalem-silent-on-report-greece-blocked-israeli-arms-shipments-to-iran/
2014-03-27,20:09:04,21hyhx,65,"How climate change will acidify the oceans. Off the remote eastern tip of Papua New Guinea a natural phenomenon offers an alarming glimpse into the future of the oceans, as increasing concentrations of CO2 in the atmosphere make sea water more acidic.",bbc.com,http://bbc.com/news/magazine-26746039
2014-03-27,02:19:11,21fn10,54,"Mafia’s annual income surpasses that of E.U.: The combined turnover of Italy’s Mafia groups has now overtaken that of the European Union’s budget as the Mob spreads its tendrils overseas, a senior government adviser has warned. Combined turnover totals €200bn compared with a total EU spend of €140bn",independent.co.uk,http://www.independent.co.uk/news/world/europe/crime-does-pay-mafias-annual-income-surpasses-that-of-european-union-9217422.html
2014-03-27,21:41:07,21i4wl,50,"Russia can only return to G8 if it changes, says Canada: ""The difficulty is that notwithstanding all of our efforts to make Mr Putin a partner, he has no desire to be partner, he has desire to be a rival,"" Canada's Prime Minister said at a news conference with German Chancellor Merkel in Berlin",reuters.com,http://www.reuters.com/article/2014/03/27/ukraine-russia-canada-idUKB4N0M000Q20140327
