2014-06-08,13:29:44,27ljv3,4135,"Fifa sponsor demands 'appropriate investigation': One of Fifa's main sponsors, Sony, calls for an investigation into the decision to award the 2022 World Cup to Qatar",bbc.com,http://www.bbc.com/sport/0/football/27751265
2014-06-08,01:47:53,27k2zq,3801,Stephen Fry denounces UK government for not acting on Snowden revelations,theguardian.com,http://www.theguardian.com/world/2014/jun/07/stephen-fry-denounces-uk-government-edward-snowden-nsa-revelations
2014-06-08,11:12:48,27lalt,1482,"For first time in history, Islamic prayers to be held in Vatican",english.alarabiya.net,http://english.alarabiya.net/en/News/middle-east/2014/06/06/Islamic-prayers-to-be-held-at-the-Vatican.html
2014-06-08,13:27:38,27ljqf,928,Qatar allegedly paid $1.7 million to secure Asian votes for their World Cup bid,espnfc.us,http://www.espnfc.us/fifa-world-cup/story/1868185/report-qatar-paid-$17-million-for-asian-votes
2014-06-08,02:47:36,27k7r8,879,Man who spotted what may have been the burning missing Malaysia Airlines flight MH370 off the coast of Vietnam sacked from his position on an oil rig after reporting the incident.,stuff.co.nz,http://www.stuff.co.nz/national/10132041/Kiwi-loses-job-after-MH370-email
2014-06-08,01:03:47,27jzku,621,An American fossils dealer has been jailed for smuggling dinosaur bones including a 70-million-year-old Tyrannosaurus fossil from Mongolia.,bbc.com,http://www.bbc.com/news/world-us-canada-27691816
2014-06-08,18:56:36,27lyqo,551,MH370 family members suspect coverup. Raise money for whistleblowers to come forward.,news.yahoo.com,http://news.yahoo.com/mh370-families-raise-funds-whistleblower-051005512.html
2014-06-08,09:37:46,27l3un,472,"Car bombs kill 52 in Baghdad, militants storm university and take hostages",washingtonpost.com,http://www.washingtonpost.com/world/middle_east/car-bombs-kill-52-in-baghdad-militants-storm-university-and-take-hostages/2014/06/07/52afe8f8-ee7f-11e3-9b2d-114aded544be_story.html
2014-06-08,03:09:52,27k9jh,436,Facebook blocks users in Pakistan from access to several left-wing secular pages on request from the Pakistani government,nytimes.com,http://www.nytimes.com/2014/06/07/world/asia/pakistan-facebook-blocked-users-from-political-pages-and-outspoken-rock-band-laal-against-taliban-.html?smid=fb-nytimes&WT.z_sma=WO_FUF_20140607&bicmp=AD&bicmlukp=WT.mc_id&bicmst=1388552400000&bicmet=1420088400000&_r=3
2014-06-08,11:48:24,27ld39,348,Rising sea levels have disturbed the skeletons of soldiers killed on the Marshall Islands during World War II - one grave with 26 dead has already been exposed.,bbc.com,http://www.bbc.com/news/science-environment-27742957
2014-06-08,12:25:16,27lfnl,337,China creates 55 billion tons of artificial rain a year—and it plans to quintuple that,qz.com,http://qz.com/138141/china-creates-55-billion-tons-of-artificial-rain-a-year-and-it-plans-to-quintuple-that/
2014-06-08,20:21:44,27m1un,247,"South Africa's policy of race-based affirmative action is killing babies and must be scrapped, the country's Institute of Race Relations said. The institute said black empowerment policies had seen unqualified people appointed to positions where their incompetence hit poor and vulnerable communities",news.yahoo.com,http://news.yahoo.com/africas-black-empowerment-killing-babies-225206514.html
2014-06-08,16:36:15,27ltlb,226,Hezbollah leader says war on Assad has failed,aljazeera.com,http://www.aljazeera.com/news/middleeast/2014/06/hezbollah-leader-says-war-assad-failed-20146744225480533.html
2014-06-08,11:35:47,27lc7b,208,"Egypt has banned unauthorized preachers from giving sermons or teaching Islam in mosques and other public places, according to a decree on Saturday marking a further step in official efforts to curb Islamist influence",nytimes.com,http://www.nytimes.com/reuters/2014/06/07/world/middleeast/07reuters-egypt-religion-preachers.html?smid=re-share
2014-06-08,02:30:27,27k6da,196,"The United States has pledged millions of dollars in additional aid to Ukraine, Moldova and Georgia, deepening American support to the Western-leaning countries on Russia's border.",reuters.com,http://www.reuters.com/article/2014/06/07/usa-ukraine-aid-idUSL1N0OO0CN20140607?rpc=401&feedType=RSS&feedName=rbssEnergyNews&rpc=401
2014-06-08,04:31:02,27kg4k,190,Jimmy Wales: UK needs US-style first amendment to protect whistleblowers,theguardian.com,http://www.theguardian.com/world/2014/jun/07/jimmy-wales-uk-first-amendment-whistleblowers
2014-06-08,05:17:14,27kju0,172,China Flattens Hundreds of Mountains for New Cities,news.discovery.com,http://news.discovery.com/earth/china-flattens-hundreds-of-mountains-for-new-cities-140607.htm#mkcpgn=rssnws1
2014-06-08,18:17:46,27lxdo,100,Brazil: Clashes in Sao Paulo strikes ahead of World Cup | Police in Brazil have used tear gas to break up protesters on the second day of a metro strike that has left Sao Paulo's transport in chaos.,bbc.co.uk,http://www.bbc.co.uk/news/world-latin-america-27735690
2014-06-08,00:53:55,27jytg,86,"China May Build ""Artificial Island"" Military Base In South China Sea From Which To Project Power",scmp.com,http://www.scmp.com/news/china/article/1527059/china-plans-artificial-island-disputed-spratlys-chain-south-china-sea
2014-06-08,23:47:53,27mcjn,74,"Venezuela's judiciary is persecuting students, dissidents and independent judges while turning a blind eye to most crimes in a country with one of the world's highest murder rates",reuters.com,http://www.reuters.com/article/2014/06/05/venezuela-judiciary-idUSL6N0OM2P620140605
2014-06-08,10:42:48,27l8h8,75,Brazil Olympics: Rio bay 'will not be clean for 2016',bbc.com,http://www.bbc.com/news/world-latin-america-27752499
2014-06-08,05:02:55,27kio7,68,"90% Of Gazprom Clients Have ""De-Dollarized"", Will Transact In Euro & Renminbi",en.itar-tass.com,http://en.itar-tass.com/economy/735083
2014-06-08,02:28:44,27k686,48,"Wikileaks welcomes CIA to Twitter by taking a dig at the spy agency, saying: ""@CIA we look forward to sharing great classified info about you,"" along with links to CIA-related revelations in the Wikileaks website.",ibtimes.co.uk,http://www.ibtimes.co.uk/wikileaks-welcomes-cia-twitter-by-taking-dig-spy-agency-1451685
2014-06-08,21:25:53,27m4f0,47,Ukraine forces shelling Donetsk residential areas. 3 civillians killed yesterday. Most neighborhoods without water and electricity.,voiceofrussia.com,http://voiceofrussia.com/news/2014_06_08/Battles-under-way-near-Ukraines-Slavyansk-and-Kramatorsk-9265/
2014-06-08,15:16:58,27lq15,46,"Canada Inmates in Helicopter Escape - Three inmates have escaped from a prison in Canada using a helicopter, police say.",bbc.co.uk,http://www.bbc.co.uk/news/world-us-canada-27752641
2014-06-08,22:42:21,27m8ce,42,Majority in Spain want referendum on future of monarchy,theguardian.com,http://www.theguardian.com/world/2014/jun/08/spain-majority-referendum-monarchy
2014-06-08,11:56:03,27ldm7,44,Obama meets Putin secretly in France,presstv.ir,http://www.presstv.ir/detail/2014/06/07/366004/obama-meets-putin-secretly-in-france/
2014-06-08,09:48:52,27l4ln,39,Dozens killed in DRC over 'stolen cattle' | Witnesses say at least 18 women and eight children among dead in South Kivu attack blamed on dispute over pasture.,aljazeera.com,http://www.aljazeera.com/news/africa/2014/06/dozens-killed-violence-eastern-dr-congo-201467141016695526.html
2014-06-08,18:14:56,27lx9k,37,"Thai junta has prepared a force of over 6,000 troops and police for deployment in Bangkok to smother protests and prevent opposition to the May 22 coup from gaining momentum.",reuters.com,http://www.reuters.com/article/2014/06/08/us-thailand-politics-idUSKBN0EJ05020140608
2014-06-08,07:10:37,27ksvi,37,Lithuania set to join eurozone in 2015,euobserver.com,http://euobserver.com/news/124488
