2014-06-22,23:03:31,28ski1,4353,Fifa Bosses 'Secretly Doubled Their Salaries',news.sky.com,http://news.sky.com/story/1287066/fifa-bosses-secretly-doubled-their-salaries
2014-06-22,14:31:28,28ry57,4211,New leaks show Germany's collusion with NSA,dw.de,http://www.dw.de/new-leaks-show-germanys-collusion-with-nsa/a-17726141
2014-06-22,03:14:48,28qj76,2738,Pope excommunicates all Mafia members from the Catholic Church.,independent.ie,http://www.independent.ie/world-news/europe/pope-francis-mafiosi-are-excommunicated-from-the-church-30373595.html
2014-06-22,11:52:42,28rnsa,1775,"Australians want renewable energy target retained by big margin: Polling shows 72% of Australians want to keep or expand RET, as Abbott government considers abolishing it",theguardian.com,http://www.theguardian.com/world/2014/jun/21/australians-want-renewable-energy-target-retained-by-big-margin
2014-06-22,20:25:47,28sd2g,1377,Polish Foreign Minister caught on tape saying that Poland's US ties are worthless or even harmful.,newsobserver.com,http://www.newsobserver.com/2014/06/22/3955605/report-polish-minister-says-us.html
2014-06-22,20:13:26,28sclb,1029,Snowden Receives German Award for Civic Courage,english.farsnews.com,http://english.farsnews.com/newstext.aspx?nn=13930401000292
2014-06-22,00:05:04,28q3yd,526,Anger in Vietnam as China sends four more oil rigs into disputed waters,irishtimes.com,http://www.irishtimes.com/news/ireland/irish-news/anger-in-vietnam-as-china-sends-four-more-oil-rigs-into-disputed-waters-1.1840407
2014-06-22,21:42:03,28sg8m,435,"Iraq Has Split Into Three, Says Kurdish Official",aina.org,http://www.aina.org/news/20140621134723.htm
2014-06-22,04:49:26,28qr1k,412,"Edward Snowden rejects German plans for meeting in Moscow | Whistleblower Edward Snowden has rejected a German request for a meeting in Moscow, where he is living under temporary asylum. Snowden's lawyer told DW that German intelligence has downplayed its ties to the NSA.",dw.de,http://www.dw.de/edward-snowden-rejects-german-plans-for-meeting-in-moscow/a-17725917
2014-06-22,13:49:34,28rvm4,287,"Schumacher to ""remain invalid rest of his life.""",independent.co.uk,http://www.independent.co.uk/news/people/michael-schumacher-latest-retired-racing-driver-will-remain-an-invalid-for-the-rest-of-his-life-9549319.html
2014-06-22,16:32:44,28s43i,215,"British people favour leaving the European Union, according to poll",theguardian.com,http://www.theguardian.com/politics/2014/jun/21/eu-referendum-majority-leave-opinium-observer-poll
2014-06-22,20:59:18,28sed2,214,"Malaysia Airlines Flight MH370: Pilot Now Top Suspect In Missing Plane Mystery, Police Say",thenextgallery.net,http://www.thenextgallery.net/world-news/malaysia-airlines-flight-mh370-pilot-now-top-suspect-missing-plane-mystery-police-say/
2014-06-22,17:43:09,28s6y9,209,"""Oldest Surviving"" Bannockburn Manuscript Restored - The 1,400-line epic poem ""The Brus"" was written by the Archdeacon of Aberdeen in about 1375, & covers Robert the Bruce's Scottish wars of independence. ""The Brus is a unique & nationally important treasure.""",bbc.com,http://www.bbc.com/news/uk-scotland-tayside-central-27921960
2014-06-22,03:10:11,28qit3,204,Russia is ready to replace Visa and MasterCard with Sberbank's Universal Electronic Card,rt.com,http://rt.com/business/167272-russia-national-payment-system/
2014-06-22,01:45:04,28qblm,195,"1,000s rally in London against austerity",rt.com,http://rt.com/news/167532-uk-anti-austerity-march/
2014-06-22,23:09:12,28skv8,182,Report: Polish minister says US ties worthless,news.yahoo.com,http://news.yahoo.com/report-polish-minister-says-us-ties-worthless-102515845.html
2014-06-22,15:08:00,28s02p,179,Angry farmers bring cow from Fukushima to Tokyo to demand Japan's government investigate a disease they say cattle have developed since the nuclear disaster three years ago,channelnewsasia.com,http://www.channelnewsasia.com/news/asiapacific/angry-japan-farmers-bring/1183296.html
2014-06-22,04:48:19,28qqyp,182,"Tens of thousands of people gather in London to protest about UK Government's austerity measures, yet it's gone mostly unreported by media",thecourier.co.uk,http://www.thecourier.co.uk/news/politics/anti-austerity-protesters-gather-1.433804
2014-06-22,09:29:41,28rddz,160,Iraqi Military Out of Hellfires in Battle Against ISIS,abcnews.go.com,http://abcnews.go.com/International/iraqi-military-hellfires-battle-isis/story?id=24248493
2014-06-22,01:28:33,28qa9u,158,Iraq action futile without accord: President Obama tells 'no amount of American firepower' will be able to hold Iraq together if leaders do not rise above sectarianism,theguardian.com,http://www.theguardian.com/world/2014/jun/21/obama-us-military-action-futile-maliki-sectarian
2014-06-22,04:30:37,28qpil,156,Canada announces economic sanctions against Russia following Putin placing troops on combat alert,ctvnews.ca,http://www.ctvnews.ca/politics/harper-announces-more-sanctions-linked-to-ukraine-crisis-1.1880084
2014-06-22,01:56:40,28qcmm,151,UNICEF says Al Qaeda sexually abused Yemen children,english.ahram.org.eg,http://english.ahram.org.eg/NewsContent/2/8/104009/World/Region/UNICEF-says-Qaeda-sexually-abused-Yemen-children.aspx
2014-06-22,20:56:16,28se99,145,"President Obama has dismissed the idea that supplying US arms to Syrian rebels would have toppled President Assad, calling it a ""fantasy"".",bbc.com,http://www.bbc.com/news/world-us-canada-27953343
2014-06-22,22:28:46,28sijk,134,US Senate committee approves $960 mn for Pakistan in 2015,dawn.com,http://www.dawn.com/news/1114420/us-senate-committee-approves-960-mn-for-pakistan-in-2015
2014-06-22,23:05:57,28skod,118,"Iran opposes US intervention in Iraq, says Ayatollah Ali Khamenei",theguardian.com,http://www.theguardian.com/world/2014/jun/22/iran-opposes-us-intervention-iraq-khamenei
2014-06-22,16:02:51,28s2rz,91,Baltic states to back further Russia sanctions if Ukraine crisis does not ease,reuters.com,http://www.reuters.com/article/2014/06/21/us-ukraine-crisis-sanctions-baltics-idUSKBN0EW0H120140621
2014-06-22,00:16:12,28q4rd,87,Iraq crisis: Isis allies 'turn on jihadists' as 17 killed in clashes near Kirkuk,telegraph.co.uk,http://www.telegraph.co.uk/news/worldnews/middleeast/iraq/10916360/Iraq-crisis-Isis-seize-Syria-border-crossing-as-Obama-blames-Iraqi-government-for-sectarian-divisions-latest.html
2014-06-22,14:23:40,28rxnd,86,Four western Iraqi towns fall to ISIS militants,cnn.com,http://www.cnn.com/2014/06/21/world/meast/iraq-crisis/index.html?hpt=hp_t1
2014-06-22,04:05:50,28qnl5,89,"US 'lost more than 400 drones in crashes' | Washington Post questions reliability of unmanned aircraft after military drones ""malfunctioned in myriad ways"".",aljazeera.com,http://www.aljazeera.com/news/americas/2014/06/us-lost-more-than-400-drones-crashes-201462023033920199.html
2014-06-22,05:54:13,28qw7t,81,Tens of thousands march in London against coalition's austerity measures [Guardian],theguardian.com,http://www.theguardian.com/politics/2014/jun/21/protest-march-austerity-london-russell-brand-peoples-assembly
