2014-08-13,11:10:49,2deatr,10891,"South Korea’s first—and only—astronaut just quit her job, ending the country’s manned space program",qz.com,http://qz.com/248184/south-koreas-first-and-only-astronaut-just-quit-her-job-ending-the-countrys-manned-space-program/
2014-08-13,23:36:19,2dfuqm,21092,"NSA was responsible for 2012 Syrian internet blackout, Snowden says",theverge.com,http://www.theverge.com/2014/8/13/5998237/nsa-responsible-for-2012-syrian-internet-outage-snowden-says
2014-08-13,04:54:35,2dd6lf,5871,"Iranian is first woman to nab highest prize in maths: The Int'l Mathematical Union has revealed the winners of the 2014 Fields medals, considered the highest honour in mathematics. The 4 young medallists — including Maryam Mirzakhani, the first female winner since the prizes were established in 1936",nature.com,http://www.nature.com/news/iranian-is-first-woman-to-nab-highest-prize-in-maths-1.15686
2014-08-13,09:50:26,2de2sq,3505,"ISIS brutally subdues rebellion in Syria, beheading and crucifying tribesmen who resisted their rule",news.nationalpost.com,http://news.nationalpost.com/2014/08/11/isis-brutally-subdues-rebellion-in-syria-beheading-tribesmen-who-resisted-their-rule/
2014-08-13,11:58:10,2defak,2382,"Australia open to sending troops to Iraq to prevent genocide by Islamic State, “Protecting people from murder at the hands of ISIL terrorists is a humanitarian cause ...and Australia has a long and proud tradition of assisting people in need”",theaustralian.com.au,http://www.theaustralian.com.au/national-affairs/foreign-affairs/abbott-open-to-sending-troops-to-iraq-to-prevent-genocide-by-islamic-state/story-fn59nm2j-1227022517827
2014-08-13,17:21:26,2df4ov,1686,"Leader of the Conservative People's Party in Denmark: 'I'm gay, so what?'",thelocal.dk,http://www.thelocal.dk/20140813/conservative-leader-im-gay-so-what
2014-08-13,09:31:50,2de113,894,Thorium-based 300 MW nuclear power plant in India to be commissioned in 2015,articles.economictimes.indiatimes.com,http://articles.economictimes.indiatimes.com/2014-08-07/news/52556083_1_thorium-rich-kalapakkam-generation
2014-08-13,12:29:27,2deiw3,773,"Egypt's top religious authority condemns ISIS describing it as a corrupt, extremist organisation that is damaging Islam",english.alarabiya.net,http://english.alarabiya.net/en/News/middle-east/2014/08/12/Egypt-s-top-religious-authority-condemns-ISIS.html
2014-08-13,05:36:21,2ddbgw,757,Russia accepts Ukrainian stipulations to hand over convoy of aid trucks to Red Cross before they enter country,news.nationalpost.com,http://news.nationalpost.com/2014/08/12/despite-fears-of-trojan-horse-ukraine-to-let-russian-aid-trucks-cross-border-but-there-are-ground-rules/
2014-08-13,03:03:03,2dct6i,732,"Canadians spend more on taxes than on food, clothes and housing, study finds",theglobeandmail.com,http://www.theglobeandmail.com/report-on-business/top-business-stories/sandwich-canadians-far-short-of-money-for-ideal-retirement-bmo/article19999873/#dashboard/follows/
2014-08-13,00:05:48,2dc98b,637,China to start direct sales of fruit and vegetables to Russia,rt.com,http://rt.com/business/179376-russia-china-fruit-vegetable/
2014-08-13,09:54:17,2de37l,626,Islamic State Supporters Hand Out Leaflets in Central London Promising 'Dawn of a New Era',newsweek.com,http://www.newsweek.com/islamic-state-supporters-hand-out-leaflets-central-london-promising-dawn-new-era-264158
2014-08-13,10:07:13,2de4ji,564,"Archaeologists uncover Greece's biggest ancient tomb - The official said the Amphipolis site, about 65 miles north-east of Greece's second-biggest city, Thessaloniki, appeared to be the largest ancient tomb to have been discovered in Greece.",theguardian.com,http://www.theguardian.com/science/2014/aug/12/archaeologists-greece-tomb-alexander-great
2014-08-13,23:00:40,2dfr4p,556,280-truck Russian aid convoy set to reach Ukraine border within hours,theguardian.com,http://www.theguardian.com/world/2014/aug/13/russia-aid-convoy-reach-ukraine-within-hours
2014-08-13,21:46:41,2dfkmp,496,Australia’s Treasurer Joe Hockey claims fuel tax increase won’t affect poor people ‘because they don’t have cars’,independent.co.uk,http://www.independent.co.uk/news/world/australasia/australias-treasurer-joe-hockey-claims-fuel-tax-increase-wont-affect-poor-people-because-they-dont-have-cars-9666428.html
2014-08-13,21:45:33,2dfkiy,424,"A landslide in eastern Switzerland has derailed a train in a ""serious accident"", police say, amid reports that carriages have plunged into a ravine.",bbc.com,http://www.bbc.com/news/world-europe-28775998
2014-08-13,13:49:22,2deqm0,393,"China arrests North Korean defectors near Laos border, the group which includes women and children will be deported back to North Korea",english.yonhapnews.co.kr,http://english.yonhapnews.co.kr/northkorea/2014/08/12/92/0401000000AEN20140812008400320F.html
2014-08-13,16:40:29,2df2fl,374,UN report finds Gaza construction funding ‘incorrectly’ handled by non-staff UN personnel,foxnews.com,http://www.foxnews.com/world/2014/08/11/gaza-construction-funds-incorrectly-handled-by-non-staff-un-personnel-report/
2014-08-13,08:11:58,2ddspu,322,'US is sending 130 more military advisors to northern Iraq to help Kurds fight militants',bbc.com,http://www.bbc.com/news/world-middle-east-28767183
2014-08-13,00:58:30,2dcevu,306,Israel To Allow Gay Jews To Immigrate With Non-Jewish Same-Sex Spouses,huffingtonpost.com,http://www.huffingtonpost.com/2014/08/12/israel-gay-jews-immigration-_n_5671435.html
2014-08-13,00:23:10,2dcb2v,283,Israel says no white phosphorous fired in Gaza this time,reuters.com,http://www.reuters.com/article/2014/08/12/us-mideast-gaza-artillery-idUSKBN0GC1DK20140812
2014-08-13,13:06:22,2demxv,278,Hundreds of PKK Kurdish fighters poured into Iraq on Friday turning the tides against ISIS,thestate.com,http://www.thestate.com/2014/08/12/3615402/us-airstrikes-helped-but-kurds.html
2014-08-13,21:33:42,2dfjnd,218,"AP video journalist, translator killed in Gaza",businessweek.com,http://www.businessweek.com/ap/2014-08-13/ap-video-journalist-killed-in-gaza
2014-08-13,06:36:37,2ddifx,167,French town is resistant to changing their name from 'La-mort-aux-Juifs' which means 'Death to Jews',time.com,http://time.com/3103960/french-town-jews/
2014-08-13,03:14:10,2dcuh4,154,"Moscow agrees to all of Kiev’s demands, changes humanitarian convoy route",en.itar-tass.com,http://en.itar-tass.com/russia/744688
2014-08-13,21:49:54,2dfkw8,147,Pro-Russian separatists ambush and kill Ukrainian nationalist fighters,aljazeera.com,http://www.aljazeera.com/news/europe/2014/08/nationalist-fighters-killed-ukraine-201481382842666260.html
2014-08-13,04:43:27,2dd5bc,126,Indian doctors in Nigeria were not being “forced to treat Ebola patients.” The doctors however expressed their fear of the gradual spread of the Ebola outbreak in Nigeria and wanted to “immediately return to India”. Hospital authorities accused the doctors’ of abdicating their responsibility.,thehindu.com,http://www.thehindu.com/news/national/nigeria-indian-doctors-wish-to-leave/article6309609.ece
2014-08-13,22:12:54,2dfmtg,128,Israel posthumously honours ten Poles saving Jews during WWII,thenews.pl,"http://www.thenews.pl/1/10/Artykul/178744,Israel-posthumously-honours-ten-Poles-saving-Jews-during-WWII"
2014-08-13,12:54:45,2delv0,122,Four billion year-old mystery of Last Universal Common Ancestor solved,ibtimes.co.uk,http://www.ibtimes.co.uk/four-billion-year-old-mystery-last-universal-common-ancestor-solved-1460866
2014-08-13,11:31:01,2dect0,116,BAGHDAD (Reuters) - Iraq's new prime minister-designate won swift endorsements from uneasy mutual allies the United States and Iran on Tuesday as he called on political leaders to end crippling feuds that have let jihadists seize a third of the country.,mobile.reuters.com,http://mobile.reuters.com/article/idUSKBN0GC0Z220140812?irpc=932
