2014-06-20,22:13:56,28mzp3,3945,"Doctors without Borders say that ""the Ebola outbreak ravaging West Africa is 'totally out of control'"" and ""the outbreak is far from over and will probably end up as the most deadly on record.""",bigstory.ap.org,http://bigstory.ap.org/article/ebola-out-control-doctors-without-borders
2014-06-20,09:03:50,28lk5g,3488,"WikiLeaks publishes 'secret draft' of world trade agreement: Deal among 50 countries would help prevent added regulation of financial services, website says",cbc.ca,http://www.cbc.ca/news/world/wikileaks-publishes-secret-draft-of-world-trade-agreement-1.2680771
2014-06-20,23:04:22,28n3ts,2287,Pope condemns efforts to legalize marijuana | Al Jazeera America,america.aljazeera.com,http://america.aljazeera.com/articles/2014/6/20/pope-opposes-legalizationofmarijuana.html
2014-06-20,06:03:29,28l306,1865,"U.S. cuts aid to Uganda, cancels military exercise over anti-gay law",reuters.com,http://www.reuters.com/article/2014/06/19/us-usa-uganda-gay-announcement-idUSKBN0EU26N20140619
2014-06-20,01:16:17,28k843,1400,Secret deal: bank free-for-all - Leaked WikiLeaks documents reveal the Abbott government is pressing ahead with secret trade negotiations aimed at bringing about radical deregulation of Australia's banking and finance sector.,theage.com.au,http://www.theage.com.au/federal-politics/political-news/secret-deal-bank-freeforall-20140619-3ah2w.html
2014-06-20,17:04:52,28mjwx,1353,"Classified files leaked to Danish media suggest some EU states are allowing US spies to install surveillance equipment on cables in order to intercept the emails, private phone calls, and Internet chats of their citizens.",euobserver.com,http://euobserver.com/justice/124679
2014-06-20,09:24:00,28llvy,946,"Untreatable virus spreading in the Caribbean now afflicts 4,600",latimes.com,http://www.latimes.com/world/mexico-americas/la-fg-caribbean-chikungunya-virus-spreading-20140619-story.html
2014-06-20,20:49:22,28mu95,923,Israeli Troops Kill Palestinian Teenager Protesting West Bank Arrests,nytimes.com,http://www.nytimes.com/2014/06/21/world/middleeast/israeli-troops-kill-palestinian-teenager-protesting-west-bank-arrests.html?partner=rss&emc=rss&smid=tw-nytimes
2014-06-20,03:25:22,28km73,909,"Brazilian-based architect cites estimates indicating that some 250,000 people have been evicted from their homes to make way for the World Cup",washingtonpost.com,http://www.washingtonpost.com/news/volokh-conspiracy/wp/2014/06/18/brazil-forcibly-displaced-thousands-of-people-to-make-way-for-the-world-cup/
2014-06-20,01:06:14,28k750,800,Tufted Puffin spotted for the first time since 1830's,cbc.ca,http://www.cbc.ca/news/canada/new-brunswick/tufted-puffin-seen-on-atlantic-coast-for-1st-time-since-1830s-1.2680540
2014-06-20,22:29:00,28n0w2,755,Hong Kong democracy movement hit by ‘one of largest DDoS attacks in internet history’,thenextweb.com,http://thenextweb.com/asia/2014/06/20/cloudflare-hong-kong-democracy-movement-battling-one-largest-ddos-attacks-history/
2014-06-20,01:43:26,28kaul,487,Solar energy production breaks record in Germany. More than 50 percent of country's electricity demand supplied by solar power at start of June.,thelocal.de,http://www.thelocal.de/20140619/germany-produces-half-of-electricity-needs-with-solar-power
2014-06-20,19:59:08,28mrop,449,Japan PM Abe wants to stage 2020 Robot Olympics,sports.yahoo.com,http://sports.yahoo.com/news/japan-pm-abe-wants-stage-2020-robot-olympics-173120416--oly.html
2014-06-20,03:52:29,28kp6n,429,Norway likely set to implement a national ban on begging,thelocal.no,http://www.thelocal.no/20140616/norway-parliament-debates-begging-ban
2014-06-20,22:38:09,28n1mv,361,South Korea calls on US military to keep servicemembers in line,stripes.com,http://www.stripes.com/news/south-korea-calls-on-us-military-to-keep-servicemembers-in-line-1.288737
2014-06-20,07:57:55,28leaq,294,Isis storms Saddam-era chemical weapons complex in Iraq,telegraph.co.uk,http://www.telegraph.co.uk/news/worldnews/middleeast/iraq/10913275/Isis-storms-Saddam-era-chemical-weapons-complex-in-Iraq.html
2014-06-20,08:45:28,28lijq,261,"Abbott in 'secret trade negotiations' to deregulate banking and finance | Foreign banks and workers would get greater access and local bank accounts could be transferred overseas, reports say",theguardian.com,http://www.theguardian.com/world/2014/jun/20/abbott-in-secret-trade-negotiations-to-deregulate-banking-and-finance
2014-06-20,10:33:07,28ls1r,252,"""The US and EU are driving the TISA process. It was their lax rules that allowed the Global Financial Crisis to happen. Now they are using TISA to extend those rules even further, at the bidding of their finance industry""",voxy.co.nz,http://www.voxy.co.nz/politics/secret-tisa-trade-talks-will-lock-nz-finance-rules-kelsey/5/193949
2014-06-20,03:34:40,28kn7n,243,Uganda students smuggle pigs into parliament to protest government corruption.,aljazeera.com,http://www.aljazeera.com/news/africa/2014/06/uganda-students-smuggle-pigs-into-parliament-2014619135814262144.html
2014-06-20,23:55:07,28n8gv,187,"Chilean mountaintop blasted off to make way for world’s largest telescope, which will search for alien life",news.nationalpost.com,http://news.nationalpost.com/2014/06/20/chilean-mountaintop-blasted-off-to-make-way-for-worlds-largest-telescope-which-will-search-for-alien-life/
2014-06-20,21:18:01,28mvwh,160,Saudi Arabia slams ISIS as destructive terror group,arabnews.com,http://www.arabnews.com/news/588971
2014-06-20,02:53:14,28kin6,161,Obama sending 300 Military Advisors (i.e. Special Forces) to Iraq; “We will be prepared to take targeted and precise military action if we conclude the situation on the ground requires it.”,nytimes.com,http://www.nytimes.com/2014/06/20/us/obama-to-address-nation-on-iraq-crisis.html
2014-06-20,04:55:17,28kvwh,113,Beijing Now Has Almost as Many People as Australia,blogs.wsj.com,http://blogs.wsj.com/chinarealtime/2014/06/19/beijing-now-has-almost-as-many-people-as-australia/?mod=WSJBlog&mod=chinablog
2014-06-20,01:06:01,28k73x,105,A female member of the Tokyo Metropolitan Assembly said Thursday she was hurt by sexist remarks made by LDP politicians during a session the previous day in which she was ridiculed for being unmarried and lacking children. (japantimes.co.jp) (xpost from /r/japan),japantimes.co.jp,http://www.japantimes.co.jp/news/2014/06/19/national/politics-diplomacy/female-your-party-member-interrupted-by-sexist-heckles/
2014-06-20,10:23:28,28lr7x,99,"Chinese billionaire invites 1,000 poor Americans for lunch in Central Park",montrealgazette.com,http://www.montrealgazette.com/news/Chinese+billionaire+invites+poor+Americans+lunch+Central/9952812/story.html?__federated=1
2014-06-20,03:19:29,28kljp,86,"Mounties arrest 100 in cross-Canada child porn investigation, 5 children rescued",cbc.ca,http://www.cbc.ca/news/canada/nova-scotia/child-porn-bust-5-children-saved-rcmp-lay-343-charges-1.2680508
2014-06-20,05:56:56,28l2b3,78,Hooded Brazilians Attack England Soccer Fans With Bombs At World Cup Fan Fest,forbes.com,http://www.forbes.com/sites/jefffick/2014/06/19/hooded-brazilians-attack-england-soccer-fans-with-bombs-at-world-cup-fan-fest/
2014-06-20,13:00:51,28m4hj,79,"A Google Project Loon balloon, launched in New Zealand in June 2013 to transmit free wi-fi signals, has crashed into the sea off the coast of New Zealand",stuff.co.nz,http://www.stuff.co.nz/national/10182174/Google-balloon-crashes-off-Canterbury-coast
2014-06-20,09:08:39,28lkkz,48,Ukraine to sign EU deal.,m.bbc.com,http://m.bbc.com/news/world-europe-27919047
2014-06-20,22:54:25,28n31y,44,Paris becomes first city to extend bike sharing scheme to children,theguardian.com,http://www.theguardian.com/travel/2014/jun/19/paris-city-bike-hire-cycling-children-family
