2014-05-30,18:02:28,26v0y0,3797,India arrests police officers over gang rape,dw.de,http://www.dw.de/india-arrests-police-officers-over-gang-rape/a-17671524
2014-05-30,03:21:16,26t1b8,3462,"Siberian fisherman accidentally nets 4,000-year-old pagan god",nydailynews.com,http://www.nydailynews.com/news/world/siberian-fisherman-accidentally-nets-4-000-year-old-pagan-god-article-1.1808627#ixzz334YnjCCY
2014-05-30,20:09:05,26v6p0,3412,Thousands rallied in Melbourne tonight against the Australian government's proposed healthcare plans.,abc.net.au,http://www.abc.net.au/news/2014-05-30/thousands-rally-against-medicare-co-payment-plan-in-melbourne/5490836
2014-05-30,07:36:02,26trem,2344,Canadian Weather Forecasters Forbidden From Discussing Climate Change,iflscience.com,http://www.iflscience.com/environment/canadian-weather-forecasters-forbidden-discussing-climate-change#bho13pLVLM1qxIgp.16
2014-05-30,21:01:17,26v9hn,2330,"France's largest bank faces record $10-billion fine for helping Sudan, Iran and Cuba elude U.S. sanctions",business.financialpost.com,http://business.financialpost.com/2014/05/30/bnp-paribas-sa-could-be-fined-record-10-billion-for-moving-money-for-clients-in-sanctioned-iran-sudan-and-cuba/
2014-05-30,20:40:14,26v8b0,1866,Full account of Tony Blair's exchanges with George Bush on Iraq war to be kept secret. (Chilcot Inquiry),telegraph.co.uk,http://www.telegraph.co.uk/news/politics/10863405/Full-account-of-Tony-Blairs-exchanges-with-George-Bush-on-Iraq-war-to-be-kept-secret.html
2014-05-30,08:46:07,26txz4,1346,Privacy call for internet browsing in the wake of Edward Snowden leaks | Survey reveals that more than eight out of 10 internet users believe their search history should be kept private,theguardian.com,http://www.theguardian.com/technology/2014/may/30/privacy-call-for-internet-browsing-survey-edward-snowden
2014-05-30,01:29:58,26sq12,1101,"We are Arkady Ostrovsky, Moscow bureau chief, and Edward Carr, foreign editor, Covering the crisis in Ukraine for The Economist. Ask us anything.",self.worldnews,https://www.reddit.com/r/worldnews/comments/26sq12/we_are_arkady_ostrovsky_moscow_bureau_chief_and/
2014-05-30,23:19:14,26vjmk,1013,40% of EU citizens can't afford a vacation,euractiv.com,http://www.euractiv.com/sections/social-europe-jobs/40-eu-citizens-cant-afford-vacation-302511
2014-05-30,00:26:25,26sjm2,976,American carries out suicide attack in Syria,dailyzone.com,http://www.dailyzone.com/articles/693/20140529/american-carries-out-suicide-attack-syria.htm
2014-05-30,19:50:52,26v5qy,819,Formal countdown begins for Scottish vote that could break up United Kingdom,uk.reuters.com,http://uk.reuters.com/article/2014/05/29/uk-scotland-independence-campaign-idUKKBN0E92F620140529
2014-05-30,07:01:29,26to3q,691,Australian farmer loses court case suing neighbor for contaminating his organic crop with genetically-modified canola whose seed blew 1.5km inside his property,theaustralian.com.au,http://www.theaustralian.com.au/news/nation/west-australian-organic-farmer-loses-court-fight-against-gm-neighbour/story-e6frg6nf-1226934753825
2014-05-30,00:00:21,26sh0w,617,"Turkey highest court: YouTube ban violates rights: Turkey’s highest court has ruled that the country’s ban on YouTube violates the freedom of expression. The ruling is a setback for Turkish Prime Minister Recep Tayyip Erdogan, who had advocated the ban of YouTube.",washingtonpost.com,http://www.washingtonpost.com/world/middle_east/turkey-highest-court-youtube-ban-violates-rights/2014/05/29/f7b05e6e-e740-11e3-a70e-ea1863229397_story.html?tid=rssfeed
2014-05-30,02:36:13,26swqk,576,Only Chinese-born parliamentarian in UK to quit politics over racist abuse,theguardian.com,http://www.theguardian.com/uk-news/2014/may/29/northern-ireland-chinese-mp-might-leave-province-racist-abuse
2014-05-30,16:29:10,26uwvd,573,"Researchers have succeeded in deterministically transferring the information contained in a quantum bit – the quantum analogue of a classical bit - to a different quantum bit 3 metres away, without the information having travelled through the intervening space: teleportation",tudelft.nl,http://www.tudelft.nl/en/current/latest-news/article/detail/beam-me-up-data/
2014-05-30,04:50:04,26tad6,402,Turkish Twitter user who created a parody God acoount (similar to @TheTweetOfGod) sentenced to 15 months in prison,hurriyetdailynews.com,http://www.hurriyetdailynews.com/user-gets-prison-sentence-for-using-allah-cc-nickname-on-twitter.aspx?pageID=238&nID=67148&NewsCatID=341
2014-05-30,21:17:55,26vaix,400,Australian PM Tony Abbott to remove secular welfare staff from schools under Christian chaplaincy drive,smh.com.au,http://www.smh.com.au/federal-politics/political-news/schools-to-lose-secular-welfare-staff-under-christian-chaplaincy-drive-20140528-394sk.html
2014-05-30,07:22:44,26tq6p,347,Arrests over hanged Indian girls,bbc.com,http://www.bbc.com/news/world-asia-india-27629211
2014-05-30,20:20:06,26v79z,333,Britain's 1940s propaganda films made available online.,bbc.com,http://www.bbc.com/news/entertainment-arts-27619413
2014-05-30,15:07:21,26usca,224,BRICS emerging nations close to launching bank,in.reuters.com,http://in.reuters.com/article/2014/05/29/brics-banking-idINKBN0E92DI20140529
2014-05-30,00:18:33,26siw1,207,Downed Ukraine Helicopter Had General On Board,npr.org,http://www.npr.org/blogs/thetwo-way/2014/05/29/317014488/downed-ukraine-helicopter-had-general-on-board-14-die-in-attack?ft=1&f=1001
2014-05-30,21:04:20,26v9np,199,Israeli force apprehends Palestinian wearing suicide belt in West Bank,haaretz.com,http://www.haaretz.com/news/diplomacy-defense/.premium-1.596249
2014-05-30,11:34:49,26ucs3,185,CAR: At least 30 killed in Muslim raid on Christian church,nydailynews.com,http://www.nydailynews.com/news/world/30-killed-muslim-attack-christian-church-central-african-republic-article-1.1808673
2014-05-30,17:12:05,26uyre,158,Donetsk militants send 34 pro-Russian separatists bodies to Russia,kyivpost.com,http://www.kyivpost.com/content/ukraine/donetsk-militants-send-34-pro-russian-separatists-bodies-to-russia-leader-350016.html
2014-05-30,10:48:02,26u8n0,152,Ebola: Deadly outbreak crosses border as mistrust hampers medical staff,independent.co.uk,http://www.independent.co.uk/news/world/africa/ebola-deadly-outbreak-crosses-border-as-mistrust-hampers-medical-staff-9456917.html
2014-05-30,05:56:28,26thcv,74,Ukraine's rebels in crisis after Donetsk 'coup',telegraph.co.uk,http://www.telegraph.co.uk/news/worldnews/europe/ukraine/10863933/Ukraines-rebels-in-crisis-after-Donetsk-coup.html
2014-05-30,17:55:58,26v0np,72,South Korea Ferry Search: 2nd Diver Dies Inside Doomed Vessel,huffingtonpost.com,http://www.huffingtonpost.com/2014/05/30/south-korean-ferry-search_n_5415793.html
2014-05-30,07:55:04,26tt8a,54,"Courier Services Deny Participation in NSA Interception Program | UPS, which Cisco has used since 1997 to ship hardware to customers around the world, said that it did not voluntarily allow government officials to inspect its packages unless it is required to do so by law.",theblot.com,http://theblot.com/exclusive-courier-services-deny-participation-nsa-interception-program-7719950
2014-05-30,06:48:25,26tmqv,40,Russia invites Argentina to join the next BRICS summit in what some speculate is the first step towards joining the group,buenosairesherald.com,http://www.buenosairesherald.com/article/160618/russia-invites-argentina-to-brics-summit-ratifies-support-in-malvinas-case
2014-05-30,07:03:28,26toa3,41,US House of Representatives approves Venezuela sanctions,bbc.com,http://www.bbc.com/news/world-latin-america-27615148
