2014-07-22,09:55:26,2bcmdn,6224,Internet Piracy deciminalised in the UK. Only warnings will be sent in 2015 and no one will be disconnected.,independent.co.uk,http://www.independent.co.uk/life-style/gadgets-and-tech/uk-pirates-will-get-four-warning-letters-a-year-9618818.html
2014-07-22,19:36:10,2bdtha,5909,"Britain decriminalises online video game, music and movie piracy.",vg247.com,http://www.vg247.com/2014/07/22/britain-just-decriminalised-online-game-piracy/
2014-07-22,00:41:13,2bawvn,6211,"Human Rights Watch: Boko Haram kills 2,053 over the course of 6 months and the girls kidnapped in April are still missing and most likely scattered, in case anyone forgot",hrw.org,http://www.hrw.org/news/2014/07/15/nigeria-boko-haram-kills-2053-civilians-6-months
2014-07-22,10:54:42,2bcsdq,11502,"Gaza struggles to bury the bodies of the more than 550 dead. Morgues are overflowing, the freezers are full, and the living are too afraid of the Israeli offensive to hold proper funerals.",washingtonpost.com,http://www.washingtonpost.com/world/middle_east/in-crowded-gaza-burying-those-killed-by-israeli-airstrikes-is-getting-more-dangerous/2014/07/21/31a711be-110b-11e4-98ee-daea85133bc9_story.html?tid=hpModule_04941f10-8a79-11e2-98d9-3012c1cd8d1e&hpid=z9
2014-07-22,19:25:23,2bdsw6,4374,"Shots fired into Al Jazeera's office in Gaza, a day after Israeli FM said Israel will work to close down the network.",aljazeera.com,http://www.aljazeera.com/news/middleeast/2014/07/gunshots-fired-at-al-jazeera-bureau-gaza-2014722829152765.html
2014-07-22,11:17:51,2bcuke,2684,"The Great Barrier Reef is in the worst state it's been in since records began and will be ""pretty ugly"" within 40 years, Australian scientists say.",theguardian.com,http://www.theguardian.com/environment/2014/jul/21/great-barrier-reef-in-worst-state-since-records-began
2014-07-22,21:08:23,2bdytp,3072,"'No safe place for civilians' in Gaza, U.N. says",reuters.com,http://www.reuters.com/article/2014/07/22/us-palestinians-israel-un-aid-idUSKBN0FR14820140722
2014-07-22,11:31:21,2bcvuu,2451,"MH17 tributes in Moscow: 'Forgive us.' Despite denials by Putin of Russian responsibility in downing MH17, dozens of tributes have been left outside the Dutch embassy by regular Russians.",cnn.com,http://www.cnn.com/2014/07/21/world/europe/ukraine-malaysia-moscow-embassy/index.html?hpt=hp_t1
2014-07-22,02:04:10,2bb62l,1656,The bodies of MH17 victims to be taken to the Netherlands and the Black Boxes will be handed over to a Malaysian Team tonight.,straitstimes.com,http://www.straitstimes.com/news/asia/south-east-asia/story/malaysian-airlines-mh17-crash-full-statement-najib-razak-mh17-agreem
2014-07-22,21:49:30,2be1w2,1615,"Defying allies, France to deliver first warship to Russia",trust.org,http://www.trust.org/item/20140722111115-in5zz
2014-07-22,01:15:28,2bb0lu,1615,Cellphone Video Captures Gaza Civilian Shot and Killed By Sniper,news.vice.com,https://news.vice.com/article/cellphone-video-captures-gaza-civilian-shot-and-killed-by-sniper
2014-07-22,07:43:59,2bc929,1523,MSNBC Contributor Accuses Network Of 'Biased' Coverage Toward Israel,huffingtonpost.com,http://www.huffingtonpost.com/2014/07/21/rula-jebreal-msnbc-palestinians-airtime_n_5606673.html
2014-07-22,07:46:35,2bc9bn,1301,Rebels in eastern Ukraine have handed over two flight-data recorders from the downed MH17 plane to Malaysian officials,bbc.com,http://www.bbc.com/news/world-europe-28413467?r=1
2014-07-22,22:40:27,2be63p,1303,Israeli ambassador to the US says IDF deserves Nobel Peace Prize for 'unimaginable restraint',timesofisrael.com,http://www.timesofisrael.com/dermer-idf-deserves-nobel-peace-prize-for-unimaginable-restraint/
2014-07-22,07:52:30,2bc9ze,1167,Russia's richest lost $1.7B Friday,bloomberg.com,http://www.bloomberg.com/billionaires/2014-07-18/cya/aaa6a
2014-07-22,22:24:14,2be4oi,1117,Muslims show solidarity with Iraqi Christians in Baghdad rally,english.alarabiya.net,http://english.alarabiya.net/en/perspective/features/2014/07/21/Muslims-carrying-I-am-Iraqi-I-am-Christian-slogans-gives-us-hope-says-Iraqi-priest.html
2014-07-22,00:06:56,2batch,1072,Deaths as Israeli tanks shell Gaza hospital,aljazeera.com,http://www.aljazeera.com/news/middleeast/2014/07/deaths-as-israeli-tanks-shell-gaza-hospital-2014721124111171397.html
2014-07-22,03:01:35,2bbcll,1060,"Quebec mayor, stung by wasps, dies.",m.theglobeandmail.com,http://m.theglobeandmail.com/news/national/quebec-mayor-stung-by-wasps-dies/article19690860/?service=mobile
2014-07-22,20:56:38,2bdy17,772,"11 parents of Nigeria’s abducted girls die: Since the mass abduction of the schoolgirls by Islamic extremists three months ago, at least 11 of their parents have died and their hometown, Chibok, is under siege from the militants, residents report.",washingtonpost.com,http://www.washingtonpost.com/world/africa/11-parents-of-nigerias-abducted-girls-die/2014/07/22/45f4d4c0-117f-11e4-ac56-773e54a65906_story.html?tid=rssfeed
2014-07-22,01:25:09,2bb1nr,745,"Dutch expert says Ukraine body recovery team 'did a hell of a job' - ""I'm very impressed about the work that was done over here,"" he said after inspecting the main crash site",reuters.com,http://www.reuters.com/article/2014/07/21/us-ukraine-crisis-recovery-idUSKBN0FQ14Q20140721
2014-07-22,03:26:20,2bbfjg,664,World Health Organization Calls for Drug Decriminalization and Broad Drug Policy Reforms,drugpolicy.org,http://www.drugpolicy.org/news/2014/07/world-health-organization-calls-drug-decriminalization-and-broad-drug-policy-reforms
2014-07-22,07:44:26,2bc944,618,North Korea appeals to White House to halt release of US comedy film - Telegraph,telegraph.co.uk,http://www.telegraph.co.uk/news/worldnews/asia/northkorea/10973720/North-Korea-appeals-to-White-House-to-halt-release-of-US-comedy-film.html?fb
2014-07-22,04:56:05,2bbq1j,432,Sinn Fein calls for expulsion of Israeli ambassador,breakingnews.ie,http://www.breakingnews.ie/ireland/sinn-fein-calls-for-expulsion-of-israeli-ambassador-636814.html#.U8spRDofI30.twitter
2014-07-22,22:30:30,2be57w,365,Kuwait revokes citizenship of opposition activists including the owner of a pro-opposition satellite television channel and a daily newspaper,middleeasteye.net,http://www.middleeasteye.net/news/kuwait-revokes-citizenship-opposition-activists-254232433
2014-07-22,23:20:51,2be9xg,339,"A scandal involving expired meat sold by a China unit of US food supplier OSI Group spread to Japan Tuesday, as McDonald's confirmed that the now-shut factory provided Chicken McNuggets to its restaurants.",channelnewsasia.com,http://www.channelnewsasia.com/news/asiapacific/china-meat-scandal/1277026.html
2014-07-22,19:22:25,2bdsr0,321,Turkish Prime Minister Erdogan: 'I no longer talk to Obama',dailystar.com.lb,http://www.dailystar.com.lb/News/Middle-East/2014/Jul-22/264727-erdogan-i-no-longer-talk-to-obama.ashx?utm_source=dlvr.it&utm_medium=twitter#axzz38BvynZCn
2014-07-22,00:07:15,2batde,307,Pro-Palestinian protesters raid Jewish neighborhood outside Paris,haaretz.com,http://www.haaretz.com/jewish-world/jewish-world-news/.premium-1.606421
2014-07-22,13:55:16,2bd8t3,223,"Israeli aircraft hit more than 70 targets in #Gaza early on Tuesday, including five mosques and football stadium.",bigstory.ap.org,http://bigstory.ap.org/article/israeli-aircraft-hit-more-70-targets-gaza-0
2014-07-22,01:32:42,2bb2jb,207,"Doctors say several Israeli tank shells hit Gaza hospital's reception, intensive care unit and operating theaters.",bbc.com,http://www.bbc.com/news/world-middle-east-28399292
2014-07-22,08:14:52,2bcca9,156,More than 20 members of one family killed in Gaza strike - 'We don't want to see any more civilians killed' says Barack Obama as IDF attacks intensive care unit in day of bloodshed,theguardian.com,http://www.theguardian.com/world/2014/jul/21/gaza-hospital-shelling-air-strike-israel-idf
