2014-05-16,23:45:13,25pr8o,3630,"FIFA head calls Qatar 2020 World Cup a ""mistake""",dailyzone.com,http://www.dailyzone.com/articles/608/20140516/fifa-head-calls-qatar-2020-world-cup-mistake.htm
2014-05-16,01:17:18,25mvvk,3577,"Villagers Kill 200 Boko Haram Insurgents With Dane Guns, Arrows; Catch 10 Alive.",pulse.ng,http://pulse.ng/gist/fire-for-fire-villagers-kill-200-boko-haram-insurgents-with-dane-guns-arrows-catch-10-alive-id2851602.html?utm_campaign=fire-for-fire-villagers-kill-200-boko-haram-insurgents-with-dane-guns-arrows-catch-10-alive&utm_medium=social&utm_source=facebook
2014-05-16,05:23:54,25nl84,3569,"Young people 'feel they have nothing to live for' ""Almost a third of long-term unemployed young people have contemplated taking their own lives.""",bbc.com,http://www.bbc.com/news/education-25559089
2014-05-16,06:35:44,25nsk6,1687,"Steel Workers in Mariupol, Ukraine seize the city and out Pro-Russian Militants",nytimes.com,http://www.nytimes.com/2014/05/16/world/europe/ukraine-workers-take-to-streets-to-calm-Mariupol.html?hp
2014-05-16,20:20:18,25pcse,1298,Bosnia and Serbia emergency after 'worst ever' floods,bbc.co.uk,http://www.bbc.co.uk/news/world-africa-27439139
2014-05-16,07:35:17,25ny6b,736,Russian Proton rocket carrying advanced satellite crashes,rt.com,http://rt.com/news/159304-proton-rocket-crashed-kazakhstan/
2014-05-16,17:25:49,25p5b6,573,"UK's oil, coal and gas 'gone in five years'. In just over five years Britain will have run out of oil, coal and gas, researchers have warned.",bbc.co.uk,http://www.bbc.co.uk/news/science-environment-27435624
2014-05-16,04:35:51,25ng5m,522,"Turkish PM Erdogan punches a citizen of Soma, where 300+ miners died in an explosion, because he was protesting along with the rest of the town for him to resign.",todayszaman.com,http://www.todayszaman.com/news-347824-turkish-pm-erdogan-punches-soma-local-after-protest.html
2014-05-16,01:52:39,25mzeb,433,Google swamped by takedown requests after court ruling: European ruling on 'right to be forgotten' prompts numerous requests to remove personal info,cbc.ca,http://www.cbc.ca/news/business/google-swamped-by-takedown-requests-after-court-ruling-1.2643817
2014-05-16,04:41:47,25ngt9,353,"The remains of a teenage girl who fell to her death in an underground cave system in Mexico 12,000 years ago have thrown fresh light on the origins of the first Americans | DNA recovered from 12,000-year-old skeleton help to dispel claims that first Americans came from Australia, Asia or Europe.",theguardian.com,http://www.theguardian.com/science/2014/may/15/girl-remains-cave-origins-first-americans-skeleton
2014-05-16,17:56:22,25p6l3,319,Pro-Russian insurgents retreat in eastern Ukraine city as steelworkers begin patrols,theglobeandmail.com,http://www.theglobeandmail.com/news/world/pro-russian-insurgents-retreat-in-eastern-ukraine-city-as-steelworkers-begin-patrols/article18711515/
2014-05-16,20:41:06,25pdtv,260,NATO Chief Says Russia Can't Be Trusted Over Ukraine,bloomberg.com,http://www.bloomberg.com/news/2014-05-16/ukraine-troops-advance-as-u-s-warns-russia-of-sanctions.html
2014-05-16,20:39:44,25pdql,228,Report: Russian space rocket breaks apart after launch in Kazakhstan,cnn.com,http://www.cnn.com/2014/05/16/world/europe/russia-rocket-accident/index.html?hpt=hp_c2
2014-05-16,23:52:20,25pruo,216,Police tear gas Turkey mine protest: Turkish police fire tear gas at thousands of protesters in town of Soma where some 300 miners died on Tuesday,bbc.com,http://www.bbc.com/news/world-europe-27445867
2014-05-16,11:51:04,25okme,188,NATO's Secretary General Tells Europe To Stop Relying On The US And Provide Its Own Defense,businessinsider.com,http://www.businessinsider.com/europe-is-a-free-rider-on-defense-2014-5
2014-05-16,19:06:05,25p9gx,172,UN report documents “alarming” deterioration in human rights in eastern Ukraine,ohchr.org,http://www.ohchr.org/EN/NewsEvents/Pages/DisplayNews.aspx?NewsID=14606&LangID=E
2014-05-16,16:30:22,25p2uv,144,"China blames Vietnam, says will not cede inch of disputed territory",reuters.com,http://www.reuters.com/article/2014/05/15/us-vietnam-china-usa-idUSBREA4E0TR20140515?feedType=RSS&feedName=topNews&rpc=71&google_editors_picks=true
2014-05-16,12:07:07,25om14,108,Modi on brink of power as India vote count begins,reuters.com,http://www.reuters.com/article/2014/05/16/us-india-election-idUSBREA4E0XG20140516
2014-05-16,05:50:13,25no1m,107,"Hong Kong begins burning its entire stockpile of illegal ivory, joining the US, China & France in combating the illicit trade",bbc.com,http://www.bbc.com/news/world-asia-27433850
2014-05-16,22:30:26,25pkvx,104,Australia: Flaming Ball Falls from Sky and Crashes 'Like a Bomb',ibtimes.co.uk,http://www.ibtimes.co.uk/australia-flaming-ball-falls-sky-crashes-like-bomb-1448837
2014-05-16,18:21:52,25p7nk,95,A paralysed Saudi kid's tweet about him being abandoned by family goes viral. He ends up getting 1000s of visitors and over US $100K in donations from strangers to royal family.,saudigazette.com.sa,http://www.saudigazette.com.sa/index.cfm?method=home.regcon&contentid=20140513204948
2014-05-16,01:58:50,25mzyd,74,A photograph of an aide kicking a protester may be just the beginning of Erdogan’s problems,washingtonpost.com,http://www.washingtonpost.com/blogs/worldviews/wp/2014/05/15/a-photograph-of-an-aide-kicking-a-protester-may-be-just-the-beginning-of-erdogans-problems/
2014-05-16,19:18:13,25p9zr,68,"The leader of a Chinese baby trafficking ring that brought 23 boys and pregnant women from Vietnam was sentenced to death Friday, a state news agency reported.",bigstory.ap.org,http://bigstory.ap.org/article/china-sentences-24-baby-trafficking-case
2014-05-16,10:26:13,25odce,64,"Australian Opposition Leader calls Tony Abbott a coward and says ""Try Us"" when threatened with Double Dissolution after negative backlash from recent budget",theguardian.com,http://www.theguardian.com/world/2014/may/15/bill-shorten-oppose-fuel-tax-rise-gp-co-payments-cuts-to-pensions
2014-05-16,01:12:13,25mvdd,56,"Zimbabwe threatens to deny food aid to 20,000 displaced flood victims unless they start to work on government farms",hrw.org,http://www.hrw.org/news/2014/05/14/zimbabwe-20000-relocated-ruling-party-farm
2014-05-16,17:11:15,25p4pi,53,Fifa President: Qatar World Cup A 'Mistake',news.sky.com,http://news.sky.com/story/1262738/fifa-president-qatar-world-cup-a-mistake
2014-05-16,07:06:05,25nvg4,54,"A report released by Amnesty International on Tuesday details the persistence and growth of torture in countries around the world over the past 30 years. “Torture is not just alive and well. It is flourishing,” the authors conclude.",wsws.org,http://www.wsws.org/en/articles/2014/05/15/amne-m15.html
2014-05-16,07:18:54,25nwoq,56,"Miners say safety declined after Turkey privatized Soma mine: After the government sold the Soma coal mine, production ramped up and costs were cut, paving the way to this week's devastating accident, miners say.",csmonitor.com,http://www.csmonitor.com/World/Middle-East/2014/0515/Miners-say-safety-declined-after-Turkey-privatized-Soma-mine
2014-05-16,02:19:25,25n22w,40,Russia Launches New Wave Of Raids On NGOs,rferl.mobi,http://www.rferl.mobi/a/russia-new-raids-ngos/25384948.html
2014-05-16,11:41:47,25ojv5,39,Satellite images have picked out two new North Korean warships -- the largest it has constructed in 25 years,france24.com,http://www.france24.com/en/20140516-new-north-korea-warships-raise-sanctions-doubts/
