2014-08-20,05:55:18,2e0p4b,35655,"US Journalist, James Foley, beheaded by ISIS ""Warning to America"".",twitchy.com,http://twitchy.com/2014/08/19/evil-straight-from-the-pits-of-hell-american-journalist-james-foley-reportedly-beheaded-by-isis/
2014-08-20,19:19:49,2e2il8,18186,"Maya Cities Found in Yucatan—2 massive cities hidden by dense vegetation. ""In the jungle you can be 600 ft from a large site & not suspect it."" Both feature plazas surrounded by palace-like buildings & pyramids, one 65 ft high, & ball courts. Stele with date 'November 29, AD 711' found.",news.discovery.com,http://news.discovery.com/history/archaeology/three-ancient-maya-cities-found-in-jungle-140815.htm
2014-08-20,19:00:08,2e2hj4,3245,"Isis fighter who beheaded US journalist appears to be British, Hammond says",gu.com,http://gu.com/p/4vq42
2014-08-20,05:10:03,2e0k3t,2208,The Islamic State Executes Female Dentist for Treating Men,almasdarnews.com,http://almasdarnews.com/article/islamic-state-executes-female-dentist-treating-men/
2014-08-20,22:21:02,2e2ugy,1911,"Iran to produce 400,000 electric motorcycles to help reduce air pollution. Once the plan is implemented, only electric motorcycles will be allowed on the streets of central Tehran.",brecorder.com,http://www.brecorder.com/top-news/110-business-a-finance-top-news/189480-iran-to-produce-400000-electric-motorcycles-to-help-reduce-air-pollution.html
2014-08-20,19:07:57,2e2hy1,1878,German development minister Gerd Mueller accuses Qatar of financing ISIS,dailystar.com.lb,http://www.dailystar.com.lb/News/Middle-East/2014/Aug-20/267815-qatar-financing-isis-jihadists-german-minister.ashx#axzz3AvQpXYmR
2014-08-20,14:52:57,2e23w2,1157,Chinese coal consumption just fell for first time this century,reneweconomy.com.au,http://reneweconomy.com.au/2014/chinese-coal-consumption-just-fell-first-time-century-49062
2014-08-20,13:30:24,2e1xot,1143,The computers of high-ranking officials in agencies involved in the MH370 investigation were hacked and classified information was stolen.,straitstimes.com,http://www.straitstimes.com/news/asia/south-east-asia/story/hackers-target-information-mh370-probe-report-20140820
2014-08-20,19:27:30,2e2izl,994,Sierra Leone's 365 Ebola deaths traced back to one healer,uk.news.yahoo.com,https://uk.news.yahoo.com/sierra-leones-365-ebola-deaths-traced-back-one-055404822.html#V7ELRDB
2014-08-20,16:23:55,2e29gy,777,North Korea says US Secretary of State John Kerry is a wild dog with a 'hideous lantern jaw',hosted.ap.org,http://hosted.ap.org/dynamic/stories/A/AS_NKOREA_JOHN_KERRY_INSULT?SITE=AP&SECTION=HOME&TEMPLATE=DEFAULT
2014-08-20,06:38:18,2e0txb,692,Sea plankton discovered outside space station,grindtv.com,http://www.grindtv.com/outdoor/nature/post/sea-plankton-discovered-outside-space-station/
2014-08-20,08:57:28,2e186c,656,"Muhammad is now the most popular babies’ name in England and Wales, when its three main spelling variations are counted.",independent.co.uk,http://www.independent.co.uk/news/uk/home-news/most-popular-baby-names-the-top-20-boys-and-girls-names-in-england-and-wales-9671635.html
2014-08-20,22:14:04,2e2twa,614,"Earth sliding into ‘ecological debt’ earlier and earlier, campaigners warn. World has already exhausted a year’s supply of natural resources in less than eight months, Global Footprint Network says",theguardian.com,http://www.theguardian.com/environment/2014/aug/19/earth-ecological-debt-earlier
2014-08-20,16:53:17,2e2b2q,560,Qatar threatened Hamas leader Khaled Mashal that it would expel him if Hamas accepts the Egyptian ceasefire truce deal,ynetnews.com,"http://www.ynetnews.com/articles/0,7340,L-4560750,00.html"
2014-08-20,10:26:30,2e1gkq,554,"ISIS Threatens the life of another U.S Journalist, Steven Sotloff, after alleged beheading of James Foley",ibtimes.com,http://www.ibtimes.com/isis-threatens-journalist-steven-sotloff-after-apparent-beheading-james-foley-1663384
2014-08-20,23:37:18,2e31l4,551,Israel Reports HAMAS Military Chief Killed In Airstrike,foxnews.com,http://www.foxnews.com/world/2014/08/20/israel-targets-hamas-commander-as-gaza-descends-into-violence/
2014-08-20,19:19:31,2e2iks,496,Changes to Australian Security Laws Will Make Illegally Obtained Evidence Permisable in Court,vice.com,http://www.vice.com/read/australias-national-security-ammendment-bill-is-heavy-reading
2014-08-20,20:08:08,2e2l89,457,200-Year-Old Alcohol Found in Shipwreck Is Still Drinkable,smithsonianmag.com,http://www.smithsonianmag.com/smart-news/200-year-old-alcohol-found-shipwreck-still-drinkable-180952373/?no-ist
2014-08-20,00:06:20,2dzkrv,445,"Hezbollah kills local Islamic State leader in Qalamoun, near the Lebanon-Syria border",middleeasteye.net,http://www.middleeasteye.net/news/hezbollah-kills-islamic-state-leader-qalamoun-1148229984
2014-08-20,16:43:42,2e2alm,334,Reporting from Gaza: Criticism of Hamas slowly growing among population,tlv1.fm,http://tlv1.fm/news/so-much-to-say/2014/08/19/growing-criticism-of-hamas-in-gaza/
2014-08-20,00:56:50,2dzqc7,328,Liberia: all 17 runaway Ebola patients found,thenational.ae,http://www.thenational.ae/world/africa/liberia-all-17-runaway-ebola-patients-found
2014-08-20,20:19:00,2e2lwp,283,Activists paint Moscow's 'Stalin Tower' with Ukraine colours,theguardian.com,http://www.theguardian.com/world/2014/aug/20/activists-paint-moscow-stalin-tower-ukraine-colours
2014-08-20,02:17:48,2dzzuy,258,Curiosity rover in danger as wheels get punctured and badly damaged due to harsh terrain,earthsky.org,http://earthsky.org/space/curiosity-rover-is-having-wheel-problems
2014-08-20,22:53:15,2e2xam,202,'He deserves to die like bin Laden': Israel defends air strike that killed Hamas leader's wife and baby son as militant group warns: 'You've opened the gates of hell',dailymail.co.uk,http://www.dailymail.co.uk/news/article-2729114/As-births-seven-Palestinian-babies-born-UN-shelters-celebrated-Israel-carries-fresh-air-strikes-Hamas-breaches-ceasefire.html
2014-08-20,12:56:39,2e1urq,196,#ISISMediaBlackout goes viral following purported execution of James Foley.,washingtonpost.com,http://www.washingtonpost.com/news/checkpoint/wp/2014/08/19/isismediablackout-goes-viral-following-purported-execution-of-james-foley/
2014-08-20,05:29:46,2e0mb4,173,Hamas claims responsibility for the rocket strike on central Israel. They claim they used a Fajr-5 rocket.,jewishpress.com,http://www.jewishpress.com/news/live-updates-rockets-from-gaza/2014/08/19/
2014-08-20,00:39:38,2dzodm,172,"US should mind its own problems, not meddle in others’ affairs — Russian FM",en.itar-tass.com,http://en.itar-tass.com/russia/745732
2014-08-20,02:45:32,2e03ak,165,Saudi Arabia executes four for hashish possession,bbc.com,http://www.bbc.com/news/world-middle-east-28851512
2014-08-20,23:19:23,2e2zsa,138,Call to arrest atheist bloggers -- Saudi Arabia’s Commission for the Promotion of Virtue and Prevention of Vice has asked the interior ministry to arrest several people for apostasy and atheism,gulfnews.com,http://gulfnews.com/news/gulf/saudi-arabia/call-to-arrest-atheist-bloggers-1.1373110
2014-08-20,21:05:17,2e2ouc,129,American Donbas Battalion member dies in fierce fighting near Donetsk,kyivpost.com,http://www.kyivpost.com/content/ukraine/american-donbas-battalion-member-dies-in-fierce-fighting-near-donetsk-city-361285.html
