2014-01-06,08:42:23,1uhz95,3094,Sea Shepherd locates Japanese whale poachers inside New Zealand's sovereign waters with 3 protected Minke whales dead on their deck.,seashepherd.org.au,http://www.seashepherd.org.au/news-and-media/2014/01/05/sea-shepherd-locates-whale-poachers-1554
2014-01-06,20:21:04,1uj8nf,2975,An eight-year-old Afghan girl wearing a suicide vest has been detained by police in southern Afghanistan,bbc.co.uk,http://www.bbc.co.uk/news/world-asia-25620543
2014-01-06,21:44:18,1ujcjc,2855,"Wind power was Spain's top source of electricity in 2013: Remarkable new figures from Spain's grid operator have revealed that greenhouse gas emissions from the country's power sector are likely to have fallen 23.1% last year, as power generation from wind farms and hydroelectric plants soared.",theguardian.com,http://www.theguardian.com/environment/2014/jan/06/wind-power-spain-electricity-2013
2014-01-06,11:06:33,1uicgi,2614,"""Aliens would give us much more tech if we'd stop wars"" - ex-defense minister",news.cnet.com,http://news.cnet.com/8301-17852_3-57616630-71/canadas-ex-defense-minister-aliens-would-give-us-more-tech-if-wed-stop-wars/
2014-01-06,05:43:13,1uhirr,2316,IT firms set to lose Billions after NSA scandal exposed by Edward Snowden,independent.co.uk,http://www.independent.co.uk/life-style/gadgets-and-tech/news/it-firms-lose-billions-after-nsa-scandal-exposed-by-whistleblower-edward-snowden-9028599.html
2014-01-06,21:33:29,1ujbxz,1879,"Japanese whaling fleet filmed with dead minke whales in Southern Ocean - Video shot by Sea Shepherd aircraft shows 3 minke whales loaded onto the deck. A 4th whale was being cut apart at the time of the filming, with crew members seen mopping up large pools of blood on the deck.",theguardian.com,http://www.theguardian.com/environment/2014/jan/06/japanese-whaling-fleet--minke-whales-southern-ocean
2014-01-06,01:10:07,1uguvv,1688,"Eight-year-old girl divorces her husband, 14, in India",standardmedia.co.ke,https://www.standardmedia.co.ke/lifestyle/article/2000098238/eight-year-old-girl-divorces-her-husband-14-in-india
2014-01-06,19:15:30,1uj5vr,910,David Cameron plays down cutting top rate of tax below 45%,theguardian.com,http://www.theguardian.com/politics/2014/jan/05/david-cameron-plays-down-cutting-top-rate-tax
2014-01-06,23:17:16,1ujifg,604,China destroys tonnes of illegal ivory,aljazeera.com,http://www.aljazeera.com/news/asia-pacific/2014/01/china-destroys-tonnes-illegal-ivory-201416103253805375.html
2014-01-06,00:02:26,1ugq7n,512,Jet in 'near miss' with UFO,telegraph.co.uk,http://www.telegraph.co.uk/news/newstopics/howaboutthat/ufo/10551201/Jet-in-near-miss-with-UFO.html
2014-01-06,01:25:24,1ugw2a,425,Pime Minister David Cameron's Right-To-Buy Poster Girl Revealed To Be Estate Agent - Who Sold The Flat To Herself,dailymail.co.uk,http://www.dailymail.co.uk/news/article-2533994/PMs-right-buy-poster-girl-revealed-estate-agent-sold-flat-herself.html
2014-01-06,18:53:15,1uj50u,410,German Chancellor Angela Merkel injured while cross-country skiing,bbc.co.uk,http://www.bbc.co.uk/news/world-europe-25622660
2014-01-06,15:53:56,1uix9j,265,Iran offers to help Iraq in fight against al-Qaida,washingtonpost.com,http://www.washingtonpost.com/world/middle_east/iran-offers-to-help-iraq-in-fight-against-al-qaida/2014/01/06/3876d0f8-769f-11e3-a647-a19deaf575b3_story.html
2014-01-06,21:13:03,1ujaxm,230,Unconventional oil and gas will fry climate: ExxonMobil report | ExxonMobil benefits from selling fossil fuels but appears to take no responsibility for any of the climate damage their products cause.,vancouverobserver.com,http://www.vancouverobserver.com/blogs/climatesnapshot/unconventional-oil-and-gas-will-fry-climate-exxonmobil-report
2014-01-06,13:53:30,1uiq4y,210,"First female law firm opened in Jeddah, Saudi Arabia.",arabnews.com,http://www.arabnews.com/news/502791
2014-01-06,02:19:10,1uh0g8,203,The story that Kim Jong-un fed his uncle to dogs is likely fake,thelede.blogs.nytimes.com,http://thelede.blogs.nytimes.com/2014/01/03/inside-the-tale-of-north-korea-execution-by-ravenous-dog/?_r=1
2014-01-06,04:20:47,1uhb28,175,"There may be mercy for Edward Snowden, but not yet -- or in the near future. In the meantime, maybe we ought to look the other way so he can find somewhere to live. Time works miracles; and it might do so also for Edward Snowden.",nytimes.com,http://www.nytimes.com/2014/01/06/us/politics/senators-differ-sharply-on-penalty-for-snowden.html?smid=re-share
2014-01-06,18:45:32,1uj4qq,158,"Heavily indebted Chinese railway company reportedly loses president to suicide - He leapt to his death from his family home, the latest in a series of deaths & corruption investigations that have plagued the country�s debt-plagued railway industry.",qz.com,http://qz.com/163692/chinas-heavily-indebted-state-railway-reportedly-loses-president-to-suicide/
2014-01-06,10:45:49,1uiajl,160,Rents In China Are Getting So High That Some People Are Moving Underground,businessinsider.com,http://www.businessinsider.com/rents-in-china-are-getting-so-high-that-some-people-are-moving-underground-2014-1
2014-01-06,22:31:33,1ujfap,129,Abortion Legislation comes into effect in Ireland,rte.ie,http://www.rte.ie/news/2014/0101/495453-abortion-legislation/
2014-01-06,04:10:18,1uha4c,117,"UK: Nigel Farage (the UKIP leader) has backed the ""basic principle"" of Enoch Powell's warning that mass immigration can make people feel like strangers in their own country from the Tory (Conservative) politician's 1968 ""rivers of blood"" speech.",theguardian.com,http://www.theguardian.com/politics/2014/jan/05/nigel-farage-enoch-powell-immigration
2014-01-06,20:06:54,1uj808,120,Iraq government faces all-out war with al-Qaida in Falluja,theguardian.com,http://www.theguardian.com/world/2014/jan/06/iraq-government-war-al-qaida-falluja
2014-01-06,19:11:06,1uj5p5,111,Australian health warning as heatwave kills thousands of bats littering the southeast with corpses,couriermail.com.au,http://www.couriermail.com.au/news/queensland/health-warning-as-heatwave-kills-thousands-of-bats-littering-the-southeast-with-corpses/story-fnihsrf2-1226795667022
2014-01-06,14:30:54,1uisnf,106,Moscow Bombings Suspect Killed in Dagestan,themoscowtimes.com,http://www.themoscowtimes.com/news/article/moscow-bombings-suspect-killed-in-dagestan/492387.html
2014-01-06,22:16:58,1ujefv,91,"A Volcano Has Erupted In Indonesia, And The Pictures Are Terrifying",buzzfeed.com,http://www.buzzfeed.com/alanwhite/a-volcano-has-erupted-in-indonesia-and-the-pictures-are-terr
2014-01-06,14:15:18,1uirmj,72,Tunisia MPs reject Islam as main source of law,google.com,https://www.google.com/hostednews/afp/article/ALeqM5iDWnM9B4YpB21ylxeJSimdtpf2rg?docId=e2839b64-9185-4f7b-9c13-a08fa7898c30&hl=en
2014-01-06,15:26:57,1uivvk,65,Harry Potter wizard invoked again as Japan hits back at China over disputed islands,abc.net.au,http://www.abc.net.au/news/2014-01-06/harry-potter-wizard-invoked-again-as-japan-hits-back-at-china/5186716
2014-01-06,09:34:52,1ui45b,51,Japanese Caught Killing Whales in the Southern Ocean Whale Sanctuary,stuff.co.nz,http://www.stuff.co.nz/world/south-pacific/9580407/Japanese-whalers-in-NZ-waters
2014-01-06,05:10:00,1uhfn8,45,Exporting Grandma: care homes in Thailand may provide cheaper and better care,bbc.co.uk,http://www.bbc.co.uk/news/health-25438325
2014-01-06,03:26:16,1uh66g,44,Chinese doctor faces death penalty for stealing babies,telegraph.co.uk,http://www.telegraph.co.uk/news/worldnews/asia/china/10543883/Chinese-doctor-faces-death-penalty-for-stealing-babies.html
