2014-07-01,07:09:25,29ie5x,10343,Ukraine president ends ceasefire - 'We will attack',bbc.co.uk,http://www.bbc.co.uk/news/world-europe-28101812#TWEET1172054
2014-07-01,18:35:36,29ju47,7843,"ISIS Vows To Destroy Mecca’s Kaaba, “Kill Those Who Worship Stones”",en.apa.az,http://en.apa.az/news/213369
2014-07-01,20:56:46,29k15y,3638,"Japan authorized a reinterpretation of war-renouncing Article 9 of the Constitution, allowing Japan for the first time since World War II to come to the aid of an ally under attack.",japantimes.co.jp,http://www.japantimes.co.jp/news/2014/07/01/national/coalition-agrees-on-scrapping-pacifist-postwar-defense-policy/#.U7KhZrEgkoA
2014-07-01,02:12:28,29hjpc,1925,"Bodies of Three Missing Israeli Teens Found Near Hebron, Source Says",abcnews.go.com,http://abcnews.go.com/International/bodies-missing-israeli-teens-found-hebron-source/story?id=24367041
2014-07-01,04:38:49,29hz0b,1165,Remaining Snowden docs will be released to avert 'unspecified US war' – ‪Cryptome‬,theregister.co.uk,http://www.theregister.co.uk/2014/06/30/remaining_snowden_documents_will_be_release_to_avert_war_cryptome/
2014-07-01,15:18:58,29jk5h,1103,"MIT and CERN’s secure webmail plan, Proton Mail, stumped by PayPal freeze without warning. Money-shuffler shutters cash flow after asking if crypto is legal",theregister.co.uk,http://www.theregister.co.uk/2014/07/01/proton_mail_caught_by_paypal_processing_freeze/
2014-07-01,19:07:40,29jvmu,838,"The United Nations has voted to legislate against human rights abuses carried out by transnational corporations, but the resolution, proposed by Ecuador and South Africa, was opposed by the US and the member states of the EU",theecologist.org,http://www.theecologist.org/News/news_analysis/2459002/un_to_outlaw_corporations_human_rights_abuses.html
2014-07-01,19:37:22,29jx25,569,The European Court of Human Rights has upheld a ban by France on wearing the Muslim full-face veil - the niqab,bbc.com,http://www.bbc.com/news/world-europe-28106900
2014-07-01,09:06:58,29ipfc,506,Supreme Court lets victims' 9/11 suit vs. Saudi Arabia proceed,philly.com,http://www.philly.com/philly/business/20140701_Justices_decline_to_hear_appeal_of_9_11_victims__lawsuit_against_Saudi_Arabia.html
2014-07-01,03:13:33,29hq5z,463,Indian Prime Minister proposes that India launch a satellite for the benefit of neighboring South Asian countries as a gift from India,timesofindia.indiatimes.com,http://timesofindia.indiatimes.com/india/PM-Modi-asks-Indian-space-scientists-to-develop-Saarc-satellite/articleshow/37508245.cms
2014-07-01,21:06:15,29k1q6,413,EU slashes mobile data roaming fees by 55 percent: The European Union says the surcharges for surfing the Internet on mobile devices while traveling across the 28-nation bloc will be more than halved,hosted.ap.org,http://hosted.ap.org/dynamic/stories/E/EU_EUROPE_MOBILE_INTERNET_FEES?SITE=AP&SECTION=HOME&TEMPLATE=DEFAULT&CTIME=2014-06-30-11-28-36
2014-07-01,20:41:26,29k0c7,370,Liberia To Prosecute People Hiding Ebola Patients,inquisitr.com,http://www.inquisitr.com/1328525/liberia-to-prosecute-people-hiding-ebola-patients/
2014-07-01,01:44:28,29hgup,310,Russian Tsar's WWI-era 'Shark' submarine discovered beneath the Baltic Sea,telegraph.co.uk,http://www.telegraph.co.uk/news/worldnews/europe/russia/10936051/Tsars-Shark-submarine-discovered-beneath-the-Baltic-Sea.html
2014-07-01,16:54:42,29jpc0,282,Chilean Court Rules U.S. Had Role in Murders [in 1973],nytimes.com,http://www.nytimes.com/2014/07/01/world/americas/chilean-court-rules-us-had-role-in-murders.html?_r=0
2014-07-01,20:37:29,29k04j,268,Iraq Kurdistan independence referendum planned,bbc.com,http://www.bbc.com/news/world-middle-east-28103124
2014-07-01,04:45:41,29hzqj,251,MH370: New evidence of tampering with cockpit systems revealed. Probe shows mysterious power outage during the early stages of its flight,gulfnews.com,http://gulfnews.com/in-focus/mh370/mh370-new-evidence-of-tampering-with-cockpit-systems-revealed-1.1353911
2014-07-01,15:47:59,29jlw5,238,Former French President Nicolas Sarkozy is being held for questioning over suspected influence-peddling,uk.reuters.com,http://uk.reuters.com/article/2014/07/01/uk-france-sarkozy-idUKKBN0F63BV20140701
2014-07-01,01:03:34,29hcw2,227,"Massive dams in Borneo to flood over 2,000 square kilometers of rainforest, displace 10,000s of indigenous people - all to generate electricity that no one wants.",theecologist.org,http://www.theecologist.org/News/news_analysis/2456534/borneo_megadams_threaten_indigenous_ethnocide.html
2014-07-01,21:56:13,29k4x3,198,"Unknown persons erect KKK flag in east Belfast, residents unite to have it removed.",theguardian.com,http://www.theguardian.com/uk-news/2014/jul/01/ku-klux-klan-flag-erected-east-belfast-racist-tensions
2014-07-01,14:58:14,29jitf,189,"Snowden applies to extend asylum in Russia, report says",themoscowtimes.com,http://www.themoscowtimes.com/news/article/snowden-applies-to-extend-asylum-in-russia-report-says/502744.html
2014-07-01,18:22:23,29jtic,160,"Barrier Reef Dredge Spoil Could Travel Further than Previously Thought, Affecting Coral - Bid to create 1 of world's biggest coal terminals criticised by Unesco's world heritage committee. 3 million cubic metres of spoil to be dumped 20km from reef as part of the expansion of Abbot Point port.",theguardian.com,http://www.theguardian.com/environment/2014/jul/01/barrier-reef-dredge-spoil-could-travel-further-conservationists-say
2014-07-01,16:49:23,29jp2y,145,Ex-French President Sarkozy Detained,theguardian.com,http://www.theguardian.com/world/2014/jul/01/nicolas-sarkozy-detained-questioning-alleged-corruption
2014-07-01,08:56:39,29iogl,81,Israeli air strikes hit targets in Gaza - Middle East,aljazeera.com,http://www.aljazeera.com/news/middleeast/2014/06/israeli-airstrikes-attack-targets-gaza-201462984832208983.html
2014-07-01,23:45:59,29kdsb,76,Chilean Court Rules U.S. Had Role in Murders,nytimes.com,http://www.nytimes.com/2014/07/01/world/americas/chilean-court-rules-us-had-role-in-murders.html
2014-07-01,01:33:21,29hfsn,77,"Couple with two children 'must earn £40,600 to meet basic needs'",theguardian.com,http://www.theguardian.com/money/2014/jun/30/couple-two-children-earn-basic-needs
2014-07-01,01:52:38,29hhmh,75,Georgian pro-Russia group 'planned fake pride march to scupper EU deal',theguardian.com,http://www.theguardian.com/world/2014/jun/26/georgian-pro-russia-group-planned-fake-pride-march
2014-07-01,03:13:28,29hq5j,79,North Korea: 'Ban' on popular chocolate snack,bbc.com,http://www.bbc.com/news/blogs-news-from-elsewhere-28088721
2014-07-01,23:58:09,29kevi,71,N. Korea tells S. Korea to cancel military drills with United States,10news.com,http://www.10news.com/news/u-s-world/n-korea-tells-s-korea-to-cancel-military-drills-with-united-states-06302014
2014-07-01,22:57:35,29k9lr,72,North Korea : Pyongyang in Grip of Measles Epidemic,english.chosun.com,http://english.chosun.com/site/data/html_dir/2014/07/01/2014070100943.html
2014-07-01,23:41:43,29kdco,69,ISIS In Syria Bans World Cup Except For Themselves,worldcrunch.com,http://www.worldcrunch.com/rss/default/isis-in-syria-bans-world-cup-except-for-themselves/isis-terrorism-militants-jihad-world-cup/c0s16370/#.U7LFOcdWjUo
