2014-07-19,03:49:33,2b2huf,16740,"Nude photos of strangers are a 'fringe benefit' for NSA employees, says Snowden | The former NSA contractor said that images of people in ""sexually compromising situations"" were regularly passed around by young employees",independent.co.uk,http://www.independent.co.uk/life-style/gadgets-and-tech/nude-photos-of-strangers-are-a-fringe-benefit-for-nsa-employees-says-snowden-9614097.html
2014-07-19,23:33:59,2b4tqd,11162,"US terrorist database already has 1.5 million ""terrorists"", and it's growing at rapid rate",news.yahoo.com,https://news.yahoo.com/us-terrorist-database-growing-rapid-rate-223303875.html
2014-07-19,09:47:28,2b3g0n,10961,"200,000 people sign petition to move a ""depressed"" polar bear to Canada",telegraph.co.uk,http://www.telegraph.co.uk/news/worldnews/southamerica/argentina/10976292/FreeArturo-200000-sign-petition-to-move-depressed-polar-bear-to-Canada.html
2014-07-19,03:06:00,2b2d3y,4812,MH17: rebels block access to part of site of crash as evidence against them grows,theguardian.com,http://www.theguardian.com/world/2014/jul/18/mh17-crash-pro-russia-rebels-block-access-ukraine
2014-07-19,09:30:35,2b3en0,5882,Russia spotted editing Wikipedia page about downed Malaysia Air jet,theverge.com,http://www.theverge.com/2014/7/18/5917099/russia-spotted-editing-wikipedia-page-of-downed-malaysia-air-jet
2014-07-19,05:30:29,2b2sik,3431,The MH17 site is being stripped by looters,nydailynews.com,http://www.nydailynews.com/news/world/heartless-looters-raid-malaysian-airlines-flight-mh17-crash-site-article-1.1872047
2014-07-19,07:41:06,2b359b,2320,Pentagon: Russia helped deploy missile that hit plane,usatoday.com,http://www.usatoday.com/story/news/world/2014/07/18/russia-malaysia-ukraine-crash/12848803/?utm_source=dlvr.it&utm_medium=twitter&dlvrit=206567
2014-07-19,00:36:06,2b1xl7,2219,CNN reporter removed from Israel-Gaza after branding Israelis who gathered to watch bombardment 'scum' after they threatened her,dailymail.co.uk,http://www.dailymail.co.uk/news/article-2696871/CNN-reporter-quickly-deletes-tweet-called-Israelis-cheering-missiles-striking-Gaza-scum.html
2014-07-19,21:28:27,2b4mcl,2076,"Cancer treatment clears two Australian patients of HIV: Scientists have uncovered two new cases of HIV patients in whom the virus has become undetectable. The two patients, both Australian men, became apparently HIV-free after receiving stem cells to treat cancer.",nature.com,http://www.nature.com/news/cancer-treatment-clears-two-australian-patients-of-hiv-1.15587
2014-07-19,00:00:28,2b1u16,1845,"Turkish Prime Minister: ""Israel threatens world peace. Israel threatens peace in the Middle East"" ... ""Israel is at the moment waging terrorism; Israel at the moment is carrying out genocide""",miamiherald.com,http://www.miamiherald.com/2014/07/18/4242388/turkeys-erdogan-condemns-israel.html
2014-07-19,19:18:45,2b4glu,1838,Ukraine says Russia helping destroy crash evidence,news.yahoo.com,http://news.yahoo.com/ukraine-says-russia-helping-destroy-crash-evidence-092634229--finance.html
2014-07-19,15:50:46,2b4713,1664,Australia may ban Putin from G20 meeting.,au.news.yahoo.com,https://au.news.yahoo.com/a/24501491/aust-may-ban-putin-from-g20-meeting/
2014-07-19,02:50:02,2b2bef,1569,Putin’s Approval Rating Reaches Record High in Russia,time.com,http://time.com/3005439/putin-approval-ratings/
2014-07-19,12:00:03,2b3qyv,1314,Malaysia Airlines MH17: Government facing growing pressure to ban Russian president from attending G20,abc.net.au,http://www.abc.net.au/news/2014-07-19/growing-pressure-to-ban-putin-from-g20/5609154
2014-07-19,18:48:16,2b4fa2,1203,Malaysian Prime Minister Najib Razak’s step-grandmother killed on Flight MH17,news.com.au,http://www.news.com.au/travel/travel-updates/malaysian-prime-minister-najib-razaks-stepgrandmother-killed-on-flight-mh17/story-fnizu68q-1226994305758
2014-07-19,11:12:54,2b3n4j,1203,"RCMP officer who witnessed the beheading on a Greyhound bus in 2008, commits suicide from PTSD struggles",ctvnews.ca,http://www.ctvnews.ca/canada/mountie-who-witnessed-bus-beheading-dies-by-suicide-1.1918550
2014-07-19,13:46:56,2b3z66,1196,Jihadists kill 270 in Syrian gas field 'massacre',news.asiaone.com,http://news.asiaone.com/news/world/jihadists-kill-270-syrian-gas-field-massacre
2014-07-19,23:14:12,2b4sd5,786,Pro-Russian rebels 'stole bodies from MH17 crash site',itv.com,http://www.itv.com/news/story/2014-07-19/pro-russian-rebels-stole-bodies-from-mh17-crash-site/
2014-07-19,03:29:34,2b2fpm,646,Merkel: Russia partly responsible for Ukraine crash,euobserver.com,http://euobserver.com/foreign/125039
2014-07-19,22:21:24,2b4p51,611,Donkey suicide bomb stopped by Israeli troops in Gaza,telegraph.co.uk,http://www.telegraph.co.uk/news/worldnews/middleeast/israel/10977818/Donkey-suicide-bomb-stopped-by-Israeli-troops-in-Gaza.html
2014-07-19,22:56:07,2b4r83,521,"Russia Bans Congressman, 12 Other Americans",abcnews.go.com,http://abcnews.go.com/International/wireStory/russia-bans-congressman-12-americans-24631600
2014-07-19,21:43:09,2b4n2s,516,Suicide bombing kills 24 in Baghdad,thehindu.com,http://www.thehindu.com/news/international/world/suicide-bombing-kills-24-in-baghdad/article6228384.ece
2014-07-19,05:12:19,2b2qkw,468,Pro-Russia Rebel Commander Suggests Passengers Died Days Before Malaysian Flight,washingtontimes.com,http://www.washingtontimes.com/news/2014/jul/18/pro-russia-rebel-commander-suggests-passengers-die/#ixzz37qkaKYMb
2014-07-19,08:25:34,2b3964,435,Islamic State overwhelms Iraqi forces at Tikrit in major defeat and killed or captured hundreds of Iraqi government troops,charlotteobserver.com,http://www.charlotteobserver.com/2014/07/18/5052864/islamic-state-overwhelms-iraqi.html
2014-07-19,19:56:07,2b4i5l,433,MH17: Rebels accused of stealing bodies from crash site,itv.com,http://www.itv.com/news/update/2014-07-19/mh17-rebels-accused-of-stealing-bodies-from-crash-site/
2014-07-19,03:36:55,2b2gh6,416,NBC Reporter Ayman Mohyeldin Who Witnessed Killing of 4 Palestinian Children Removed From Gaza by the Network,nymag.com,http://nymag.com/daily/intelligencer/2014/07/nbc-ayman-mohyeldin-pulled-gaza-palestinian-kids.html
2014-07-19,23:21:31,2b4svy,411,Outrage as France bans pro-Palestine demonstrations,english.alarabiya.net,http://english.alarabiya.net/en/News/world/2014/07/19/Outrage-as-France-bans-pro-Palestine-demonstrations.html
2014-07-19,05:25:23,2b2rxy,365,(Finland) Foreign Minister: Downing of Malaysian airliner mass murder,yle.fi,http://yle.fi/uutiset/foreign_minister_downing_of_malaysian_airliner_mass_murder/7364231
2014-07-19,18:11:28,2b4dqg,342,Malaysia Airlines MH17 crash: Monitors quit site after 'intoxicated' gunman fires warning shot,independent.co.uk,http://www.independent.co.uk/news/world/europe/malaysia-airlines-mh17-crash-monitors-quit-site-after-intoxicated-gunman-fires-warning-shot-9616442.html
2014-07-19,02:03:43,2b26gu,333,Israel Bombs Gaza’s Only Rehab Hospital: Staff Forced to Evacuate Paralyzed Patients After Shelling,democracynow.org,http://www.democracynow.org/2014/7/18/israel_bombs_gazas_only_rehab_hospital
