2014-06-28,02:33:36,2998t5,4409,Washington is renaming the street outside China’s embassy after jailed dissident Liu Xiaobo — and China is furious,news.nationalpost.com,http://news.nationalpost.com/2014/06/26/washington-is-renaming-the-street-outside-chinas-embassy-after-jailed-dissident-liu-xiaobo-and-china-is-furious/
2014-06-28,13:12:21,29are6,4143,Canada's Supreme Court penalizes Walmart for closing store after workers unionized.,breitbart.com,http://www.breitbart.com/Big-Government/2014/06/27/Court-rules-Wal-Mart-must-compensate-workers
2014-06-28,00:59:11,298zdm,2767,"Mexican military chopper crosses the border, shoots at US Border agents",kvoa.com,http://www.kvoa.com/news/mexican-military-chopper-crosses-the-border-shoots-at-agents/
2014-06-28,15:33:29,29b02x,2249,Spain and Italy have joined France in advising their citizens not to invest in Israeli settlements built on occupied Palestinian Land,rt.com,http://rt.com/news/168912-spain-italy-israeli-settlements/
2014-06-28,23:02:14,29bl63,2166,"An estimated 48,000 immigrants may have fraudulently obtained English language certificates despite being unable to speak English, the government has said.",bbc.com,http://www.bbc.com/news/uk-politics-27993775
2014-06-28,21:44:11,29bgxn,1383,"Allow fracking in national parks, says UK's Environment Agency chief",theguardian.com,http://www.theguardian.com/environment/2014/jun/28/allow-fracking-national-parks-environment-agency
2014-06-28,01:33:14,2992q0,1122,Quebec unionized Wal-Mart workers win Supreme Court victory - Montreal,cbc.ca,http://www.cbc.ca/news/canada/montreal/quebec-unionized-wal-mart-workers-win-supreme-court-victory-1.2689646
2014-06-28,02:09:28,2996al,621,"Saudi Arabia puts army on ""High Alert"" after ISIS advances in Iraq.",arabnews.com,http://www.arabnews.com/news/592956
2014-06-28,17:34:43,29b5sf,614,Sarajevo marks 100 years since killing of Archduke Ferdinand,bbc.com,http://www.bbc.com/news/world-europe-28062876
2014-06-28,01:36:24,29930s,539,"The Vatican's former ambassador to the Dominican Republic has been convicted by a church tribunal of sex abuse and has been defrocked, the first such sentence handed down against a top papal representative.",bigstory.ap.org,http://bigstory.ap.org/article/vatican-ex-ambassador-convicted-sex-abuse
2014-06-28,02:15:15,2996vm,480,Egyptian judge who mass sentenced hundreds of Muslim Brotherhood supporters to death found out he had sentenced a child to death only after reading the newspaper,egyptindependent.com,http://www.egyptindependent.com/news/minya-judge-reads-newspaper-discovers-he-sentenced-child-death
2014-06-28,22:15:40,29biiv,451,Jordan fears homegrown ISIS more than invasion from Iraq,washingtonpost.com,http://www.washingtonpost.com/world/middle_east/jordan-fears-homegrown-isis-more-than-invasion-from-iraq/2014/06/27/1534a4ee-f48a-492a-99b3-b6cd3ffe9e41_story.html
2014-06-28,11:17:42,29aj6t,434,"Japanese city assembly says air conditioners weaken students’ fortitude; rejects petition for air conditioners, despite numerous cases of heatstroke",ajw.asahi.com,http://ajw.asahi.com/article/behind_news/social_affairs/AJ201406260035
2014-06-28,20:56:00,29berl,392,London's population is 8.4m and rising faster than any other part of the country,standard.co.uk,http://www.standard.co.uk/news/london/london-population-rising-official-figures-ons-data-birth-rates-9564538.html?icn=ticker-3
2014-06-28,19:30:09,29baqo,328,Israel tells U.S. it would act to save Jordan from Islamists,haaretz.com,http://www.haaretz.com/news/diplomacy-defense/1.601717?utm_source=dlvr.it&utm_medium=twitter
2014-06-28,20:57:10,29bet5,305,Russia warns Europe over re-selling gas to Ukraine,nr.news-republic.com,http://nr.news-republic.com/Web/ArticleWeb.aspx?regionid=4&articleid=25178097&m=m#.U66rHPKWgF8.twitter
2014-06-28,18:14:54,29b7cq,293,US vulture fund ruling pushes Argentina towards second bankruptcy | New York judge blocks $500m payment to creditors in ruling that favours 'predatory' hedge funds over debt restructuring plan,theguardian.com,http://www.theguardian.com/world/2014/jun/27/us-vulture-funds-argentina-bankruptcy
2014-06-28,09:40:23,29ac0e,275,Murdoch editors told to 'kill Whitlam' in 1975,smh.com.au,http://www.smh.com.au/national/murdoch-editors-told-to-kill-whitlam-in-1975-20140627-zson7.html
2014-06-28,04:07:44,299i35,242,"In Russia, state enterprises now account for more than half of the economy, up from 30 percent when Putin came to power at the end of 1999",bloomberg.com,http://www.bloomberg.com/news/2014-06-26/why-putin-is-in-trouble-with-86-approval.html
2014-06-28,22:01:57,29bhsn,218,Taliban Mount Major Assault in Afghanistan,nytimes.com,http://www.nytimes.com/2014/06/28/world/asia/taliban-mount-major-assault-in-afghanistan.html
2014-06-28,22:54:37,29bkpu,197,Iran MPs support ‘more babies’ bill:A bill aimed at encouraging more births by outlawing sterilization and vasectomies has passed a first reading in Iran’s Parliament,arabnews.com,http://www.arabnews.com/news/592246
2014-06-28,07:57:52,29a3o8,178,Armed U.S. drones now flying over Iraq,chicagotribune.com,"http://www.chicagotribune.com/news/nationworld/chi-us-drones-over-iraq-20140627,0,2680202.story"
2014-06-28,22:05:31,29bhzl,166,Christians in Turkey 'fearful' after knife-wielding men terrorize Istanbul church,hurriyetdailynews.com,http://www.hurriyetdailynews.com/Default.aspx?pageID=238&nID=68399&NewsCatID=393
2014-06-28,17:54:19,29b6jy,88,"'Happy Ramadan' signs at 239 Australian supermarket stores creates a stir, customers boycott",m.heraldsun.com.au,http://m.heraldsun.com.au/news/victoria/happy-ramadan-signs-at-239-woolworths-stores-creates-a-stir-with-some-customers-threatening-to-boycott-stores/story-fni0fit3-1226968169213?nk=42cbf26053297920b8d03ec57f903cc1
2014-06-28,22:14:35,29bigw,77,Report: drone attacks by US may lead to perpetual war,jurist.org,http://jurist.org/paperchase/2014/06/report-drone-attacks-by-the-us-may-lead-to-perpetual-war.php
2014-06-28,00:47:11,298y8y,57,New Zealand schoolboy wins right to keep his hair long,gulfnews.com,http://gulfnews.com/news/world/other-world/new-zealand-schoolboy-wins-right-to-keep-his-hair-long-1.1352870
2014-06-28,07:15:28,29a014,54,"British Medical Association rejects proposal to push for cannabis legalisation in UK, chooses to ban cigarettes instead",huffingtonpost.co.uk,http://www.huffingtonpost.co.uk/2014/06/26/cannabis-legalisation-uk_n_5532531.html
2014-06-28,23:59:47,29boup,51,"Two Ryanair planes damaged in Stansted Airport collision, Passengers and staff had to be evacuated when two Boeing 737-800s collided",independent.co.uk,http://www.independent.co.uk/news/uk/home-news/two-ryanair-planes-damaged-in-stansted-airport-collision-9570151.html
2014-06-28,21:01:25,29beyx,53,"Iraqi troops backed by helicopter gunships launched an operation early Saturday aimed at dislodging Sunni militants from the northern city of Tikrit, one of two major urban centers they seized in recent weeks in a dramatic blitz across the country.",hosted.ap.org,http://hosted.ap.org/dynamic/stories/M/ML_IRAQ?SITE=AP&SECTION=HOME&TEMPLATE=DEFAULT&CTIME=2014-06-28-07-39-25
2014-06-28,00:27:56,298wj0,49,The internet is fracturing into separate country-specific networks,qz.com,http://qz.com/226949/the-internet-is-fracturing-into-separate-country-specific-networks/
