2014-07-11,22:43:33,2afanp,11234,Putin writes off 90 percent of Cuba's debts to USSR | 90 percent of the debt of the Republic of Cuba to the Soviet Union will be written off.,voiceofrussia.com,http://voiceofrussia.com/news/2014_07_11/Putin-writes-off-90-percent-of-Cubas-debts-to-USSR-2434/
2014-07-11,22:39:16,2afabh,4773,Amazon snubs French free delivery ban with one-cent charge,france24.com,http://www.france24.com/en/20140711-amazon-snubs-french-free-delivery-ban-with-1-cent-charge/?ns_campaign=reseaux_sociaux&ns_source=twitter&ns_mchannel=social&ns_linkname=editorial&aef_campaign_ref=partage_aef&aef_campaign_date=2014-07-11
2014-07-11,06:44:38,2adbow,4008,HIV Returns In Baby Thought To Be Cured,huffingtonpost.com,http://www.huffingtonpost.com/2014/07/10/baby-not-cured-hiv_n_5575461.html
2014-07-11,01:27:05,2acdma,2382,Helsinki's Ambitious Plan to Make Car Ownership Pointless in 10 Yrs - Finland's capital hopes a 'mobility on demand' system that integrates all forms of shared and public transport in a single payment network could essentially render private cars obsolete,theguardian.com,http://www.theguardian.com/cities/2014/jul/10/helsinki-shared-public-transport-plan-car-ownership-pointless
2014-07-11,06:37:33,2adaz5,1961,"Judge in Australia says incest may no longer be a taboo and the only reason it is criminal is potential birth abnormalities, which can be solved by abortion",telegraph.co.uk,http://www.telegraph.co.uk/news/worldnews/australiaandthepacific/australia/10958728/Australian-judge-says-incest-may-no-longer-be-a-taboo.html
2014-07-11,10:47:30,2adzf9,1554,"How a Mexican Cartel Demolished a Town, Incinerated Hundreds of Victims, and Got Away With It",news.vice.com,https://news.vice.com/article/how-a-mexican-cartel-demolished-a-town-incinerated-hundreds-of-victims-and-got-away-with-it?utm_source=vicenewsfb
2014-07-11,20:27:32,2af1iq,1449,"China makes new electric cars tax-free | Buyers of fully electric, hybrid and fuel cell cars will not have to pay purchase tax from September to the end of 2017",theguardian.com,http://www.theguardian.com/environment/2014/jul/10/china-exempts-electric-cars-from-tax
2014-07-11,22:53:14,2afbfs,1135,Abbas slams Hamas over rocket attacks on Israel: ‘What are you trying to achieve?’,news.nationalpost.com,http://news.nationalpost.com/2014/07/10/mahmoud-abbas-slams-hamas-over-rocket-attacks-on-israel-what-are-you-trying-to-achieve/
2014-07-11,20:16:25,2af0v1,830,Thirty Ukrainian troops possibly killed in rebel grad missile attack,uk.reuters.com,http://uk.reuters.com/article/2014/07/11/urkaine-crisis-attacks-idUKL6N0PM2LW20140711
2014-07-11,20:09:49,2af0jv,804,'100 killed' in Gaza as pressure builds on Israel to end military offensive,theguardian.com,http://www.theguardian.com/world/2014/jul/11/israeli-air-strikes-gaza-continue-us-barack-obama-offers-broker-ceasefire
2014-07-11,12:25:03,2ae8am,773,Scientists say they have developed the world's first vaccine against dengue fever seen to work in large-scale trials.,bbc.com,http://www.bbc.com/news/health-28243587
2014-07-11,02:01:31,2ach5w,649,"Report: Israel warns 100,000 Gaza residents to leave",america.aljazeera.com,http://america.aljazeera.com/articles/2014/7/10/gaza-israel-war.html
2014-07-11,21:31:07,2af5d7,607,UK Fast Tracks Emergency Surveillance Law,techcrunch.com,http://techcrunch.com/2014/07/10/uk-fast-tracks-emergency-surveillance-law/?ncid=rss&utm_source=dlvr.it&utm_medium=twitter
2014-07-11,11:08:03,2ae1as,594,"London student accused of trying to smuggle €20,000 cash to Syrian jihadists in her underwear",theguardian.com,http://www.theguardian.com/uk-news/2014/jul/08/student-smuggle-money-syria-rebels-court-msaad
2014-07-11,00:51:14,2ac9zk,475,"More than 50 bodies, including children, found in Iraq",cnn.com,http://www.cnn.com/2014/07/09/world/meast/iraq-crisis/
2014-07-11,18:49:49,2aewov,415,India Sets Aside $1.6 Billion Fund For Startups,thenextweb.com,http://thenextweb.com/in/2014/07/11/good-news-for-startups-in-india-the-government-is-setting-aside-1-6-billion-to-help-you/
2014-07-11,23:18:33,2afdje,340,80-year-old Irish woman goes back to jail for protesting US use of Shannon Airport (x-post from r/Ireland),irishtimes.com,http://www.irishtimes.com/news/politics/margaretta-d-arcy-80-returned-to-prison-1.1860821
2014-07-11,03:39:34,2acrpu,309,"Ukrainian forces launch an ""all out attack"" on Pro-Russian forces near Donetsk",ibtimes.co.uk,http://www.ibtimes.co.uk/ukraine-crisis-government-launches-all-out-attack-pro-russia-separatists-near-donetsk-1456190
2014-07-11,00:05:32,2ac5gg,268,Harper confirms Canada’s support for Israel in conversation with Netanyahu,theglobeandmail.com,http://www.theglobeandmail.com/news/politics/harper-confirms-canadas-support-for-israel-in-conversation-with-netanyahu/article19541828/
2014-07-11,22:52:14,2afbci,264,The Afghan Taliban have urged Muslims to avoid extremism and remain united.,uk.reuters.com,http://uk.reuters.com/article/2014/07/11/uk-syria-crisis-pakistan-idUKKBN0FG11420140711
2014-07-11,10:25:12,2adxcu,207,Soot-Stained Documents Reveal Firing Squad Executions Carried out by Rebels in Ukraine,mashable.com,http://mashable.com/2014/07/10/evidence-of-execution-trial-discovered-in-the-rubble-of-rebel-headquarters-in-ukraine
2014-07-11,03:36:29,2acrec,208,FBI monitored Nelson Mandela in 1990s over perceived communist threat,theguardian.com,http://www.theguardian.com/world/2014/jul/10/fbi-monitored-mandela-1990s-communist-threat
2014-07-11,03:45:30,2acsel,190,Amazon counter-attacks French ban on free deliveries,uk.finance.yahoo.com,https://uk.finance.yahoo.com/news/amazon-counter-attacks-french-ban-174136345.html
2014-07-11,19:17:48,2aey1b,175,India Building World's Highest Railway Bridge,ndtv.com,http://www.ndtv.com/article/india/india-building-world-s-highest-railway-bridge-556815
2014-07-11,06:50:05,2adcai,140,China Says It's up to US to Drive Global Economy,abcnews.go.com,http://abcnews.go.com/Business/wireStory/china-us-drive-global-economy-24482358
2014-07-11,15:22:45,2aelu0,101,Israel-Gaza crisis: Benjamin Netanyahu rules out ceasefire despite growing death toll from air strikes,independent.co.uk,http://www.independent.co.uk/news/world/middle-east/israelpalestine-crisis-netanyahu-unrepentant-despite-growing-gaza-death-toll-9598821.html
2014-07-11,10:15:36,2adwfn,86,"Ebola virus disease, West Africa – update 10 July 2014 (World Health Organisation)",afro.who.int,http://www.afro.who.int/en/clusters-a-programmes/dpc/epidemic-a-pandemic-alert-and-response/outbreak-news/4220-ebola-virus-disease-west-africa-10-july-2014.html
2014-07-11,06:51:51,2adcgr,70,Ugandan police officer shoots and kills 'aggressive' tortoise,bbc.com,http://www.bbc.com/news/blogs-news-from-elsewhere-28197950
2014-07-11,13:39:39,2aeecm,64,China has for the first time admitted that it permits trade in skins from captive tigers,bbc.com,http://www.bbc.com/news/world-asia-28258595
2014-07-11,05:38:12,2ad4r9,57,"IDF Official: Hamas Embedding Itself in Schools, Hospitals - No choice but to launch ground offensive",israelnationalnews.com,http://www.israelnationalnews.com/News/News.aspx/182765#.U775YkASVjc
