2014-07-26,17:13:46,2brlut,10183,Japan to extend $5.5M in humanitarian aid to Gaza,nhk.or.jp,http://www3.nhk.or.jp/nhkworld/english/news/20140725_30.html
2014-07-26,10:02:08,2bqrpw,10590,"Italian police have arrested two US soldiers from an army garrison in Vicenza, near Venice, over the rape of a pregnant woman.",ibtimes.co.uk,http://www.ibtimes.co.uk/us-paratroopers-held-over-pregnant-womans-rape-italy-1458328
2014-07-26,18:16:39,2brohk,5864,"After moving money around, Google paid tiny amount in European taxes--President Obama: ""You're just gaming the system. You are an American company.""",arstechnica.com,http://arstechnica.com/tech-policy/2014/07/after-moving-money-around-google-paid-tiny-amount-in-european-taxes/
2014-07-26,01:11:35,2bpa5y,2382,Israel calls Brazil a ‘diplomatic dwarf’ – and then brings up World Cup humiliation,washingtonpost.com,http://www.washingtonpost.com/blogs/worldviews/wp/2014/07/25/israel-brings-up-brazils-world-cup-humiliation-and-calls-the-country-a-diplomatic-dwarf/
2014-07-26,20:24:52,2brtu9,2241,"Palestinian death toll in Israeli operation in Gaza passes 1,000",haaretz.com,http://www.haaretz.com/news/diplomacy-defense/1.607272
2014-07-26,14:54:42,2brefw,1438,"Archaeologists Discover 3,500-4,000 Yr Old Astronomy Lab in Peru",peruthisweek.com,http://www.peruthisweek.com/news-archaeologists-discover-ancient-astronomy-lab-in-northern-peru-103539
2014-07-26,06:25:56,2bq80q,1077,"Israeli police official says Hamas not responsible for kidnapped teenagers that sparked recent bloodshed, despite Netanyahu's claims",dailydot.com,http://www.dailydot.com/politics/israel-gaza-kidnap-false-inaccurate/
2014-07-26,18:53:09,2brpxo,1017,Mayor of central Ukrainian city shot dead,reuters.com,http://www.reuters.com/article/2014/07/26/us-ukraine-crisis-mayor-idUSKBN0FV08820140726
2014-07-26,06:36:05,2bq8xt,954,Gaza baby delivered from dead mother,bbc.co.uk,http://www.bbc.co.uk/news/world-middle-east-28490640
2014-07-26,05:58:57,2bq57y,840,Ukraine rebels go to the museum -- for WWII tanks and cannons,news.yahoo.com,http://news.yahoo.com/ukraine-rebels-museum-wwii-tanks-cannons-200231480.html
2014-07-26,19:17:39,2brqzo,600,Malaysia Airlines Flight MH17: 'Extraordinary' New Wreckage Discovered with 'Machine-gun-Type Holes',ibtimes.co.uk,http://www.ibtimes.co.uk/malaysia-airlines-flight-mh17-extraordinary-new-wreckage-discovered-machine-gun-type-holes-1458258
2014-07-26,17:42:33,2brn2r,552,Giant anteaters kill two hunters in Brazil,news.yahoo.com,http://news.yahoo.com/giant-anteaters-kill-two-hunters-brazil-211858253.html
2014-07-26,15:03:44,2brf0z,464,House votes to block president from sending US troops to fight in Iraq,theguardian.com,http://www.theguardian.com/world/2014/jul/25/house-iraq-block-president-sending-us-troops
2014-07-26,02:49:52,2bpktk,375,Human Rights Watch: Ukrainian forces are rocketing civilians [Washington post],washingtonpost.com,http://www.washingtonpost.com/news/checkpoint/wp/2014/07/25/human-rights-watch-ukrainian-forces-are-rocketing-civilians/
2014-07-26,07:03:21,2bqbmm,296,Israel and Hamas agree to 12-hour Gaza truce on Saturday brokered by US secretary of state,bbc.co.uk,http://www.bbc.co.uk/news/world-middle-east-28497439
2014-07-26,04:41:52,2bpx2l,280,Mass grave discovered in Ukraine in former Pro-Russian stronghold,america.aljazeera.com,http://america.aljazeera.com/articles/2014/7/24/grave-mass-slovyansk.html
2014-07-26,20:15:29,2brtg4,271,China Will Build Largest Super Particle Collider,guardianlv.com,http://guardianlv.com/2014/07/china-will-build-largest-super-particle-collider/
2014-07-26,12:02:59,2br1si,250,"Canadian court forces Google to remove search results worldwide, as fears of “memory hole” grow",gigaom.com,http://gigaom.com/2014/07/25/canadian-court-forces-google-to-remove-search-results-worldwide-as-fears-of-memory-hole-grow/?utm_medium=social&utm_campaign=socialflow&utm_source=facebook&utm_content=canadian-court-forces-google-to-remove-search-results-worldwide-as-fears-of-memory-hole-grow_860457
2014-07-26,07:28:15,2bqe18,215,"Russia Sues McDonald’s, Questioning Quality of the Food",nytimes.com,http://www.nytimes.com/2014/07/26/world/europe/russia-sues-mcdonalds-questioning-quality-of-the-food.html?partner=rss&emc=rss&_r=0
2014-07-26,23:33:26,2bs4f2,126,"Russia criticizes EU sanctions, claims U.S. shares responsibilty ""for the internal conflict in Ukraine and its severe consequences.""",reuters.com,http://www.reuters.com/article/2014/07/26/us-ukraine-crisis-russia-sanctions-idUSKBN0FV0CC20140726
2014-07-26,10:39:08,2bquvn,107,"India threatens to derail WTO deal, angry US retorts",indiatoday.intoday.in,http://indiatoday.intoday.in/story/india-threatens-to-derail-wto-deal-angry-us-retorts/1/374184.html
2014-07-26,10:31:51,2bqu8o,102,"Leaked World Bank lending policies 'environmentally disastrous': New 'light touch' rules on bank's $50bn annual lending have been gutted to remove protections, watchdogs claim",theguardian.com,http://www.theguardian.com/environment/2014/jul/25/leaked-world-bank-lending-policies-environmentally-disastrous
2014-07-26,21:46:21,2brxoj,76,"Deutsche Bank, HSBC Accused of Silver Fix Manipulation",businessweek.com,http://www.businessweek.com/news/2014-07-25/deutsche-bank-hsbc-accused-of-silver-fix-manipulation
2014-07-26,04:04:32,2bpt26,65,Nigeria confirms Ebola case in megacity of Lagos,reuters.com,http://www.reuters.com/article/2014/07/25/us-heath-ebola-nigeria-idUSKBN0FU1LE20140725
2014-07-26,05:39:01,2bq35l,62,"UNRWA: ""We have filled every available safe shelter"" in Gaza, among other problems",twitya.com,http://twitya.com/r/http://www.globalsecurity.org/military/library/news/2014/07/mil-140725-unnews01.htm
2014-07-26,21:48:14,2brxsl,56,600 pigs killed after foot-and-mouth disease outbreak in South Korea,scmp.com,http://www.scmp.com/news/asia/article/1558470/600-pigs-killed-after-foot-and-mouth-dsease-outbreak-south-korea
2014-07-26,04:00:46,2bpsnc,56,Israel singles out Qatar as key Hamas terror sponsor,timesofisrael.com,http://www.timesofisrael.com/as-it-battles-hamas-israel-singles-out-its-sponsor-qatar/#ixzz38VZr2d00
2014-07-26,22:36:42,2bs0k1,54,"US closes embassy in Libya after militia battles in Tripoli, Ambassador and US staff evacuated",theguardian.com,http://www.theguardian.com/world/2014/jul/26/us-closes-embassy-libya-militia-battles-tripoli
2014-07-26,10:55:35,2bqw9o,50,"Paris police Friday banned a pro-Palestinian march due to be held in the French capital on Saturday, the third demonstration against Israel’s Gaza offensive to be outlawed in and around the city in a week",france24.com,http://www.france24.com/en/20140725-france-paris-bans-another-gaza-protest-israel-palestine/
2014-07-26,12:11:04,2br2gg,46,Ukraine conflict: Russia accuses US of 'smear campaign',bbc.com,http://www.bbc.com/news/world-europe-28492474
