2014-06-02,14:40:19,27392j,5272,Google is building 180 satellites to spread internet access worldwide,engadget.com,http://www.engadget.com/2014/06/01/google-making-internet-satellites/
2014-06-02,00:41:01,271a5p,3250,"The National Security Agency is collecting millions of images a day for facial recognition purposes, according to classified documents obtained from Edward Snowden by the New York Times.",time.com,http://time.com/2804898/snowden-nsa-facial-recognition/
2014-06-02,17:37:56,273ike,2477,King Juan Carlos of Spain abdicates,bbc.com,http://www.bbc.com/news/world-europe-27662301
2014-06-02,09:42:07,272l21,814,"Authorities 'cover up' radioactive waste dump | A highly radioactive substance, emitting in some places radiation 100 times the permitted amount, has been discovered in the canton of Bern, Swiss media reported on Sunday, adding that authorities had covered it up for 18 months.",thelocal.ch,http://www.thelocal.ch/20140601/authorities-cover-up-radioactive-waste-dump
2014-06-02,03:43:37,271plp,722,7 die in Cambodia after looking for money (equivalent to approx $0.75 USD) in well,bigstory.ap.org,http://bigstory.ap.org/article/7-die-cambodia-after-looking-money-well
2014-06-02,11:29:25,272u4p,571,Sudan backtracks on pledge to free woman sentenced to death for apostasy,telegraph.co.uk,http://www.telegraph.co.uk/news/worldnews/africaandindianocean/sudan/10868399/Sudan-backtracks-on-pledge-to-free-woman-sentenced-to-death-for-apostasy.html
2014-06-02,19:40:30,273o02,461,Bilderberg 2014 attendees list released.,metro.co.uk,http://metro.co.uk/2014/05/29/bilderberg-copenhagen-2014-full-list-of-official-attendees-4744401/
2014-06-02,02:55:42,271lhj,428,Police Apprehend LGBT Pride Protesters in Moscow,advocate.com,http://www.advocate.com/russia/2014/06/01/police-apprehend-lgbt-pride-protesters-moscow
2014-06-02,19:10:15,273mnw,398,German villagers build own broadband network,thelocal.de,http://www.thelocal.de/20140601/german-villagers-build-own-broadband-network
2014-06-02,14:52:47,2739vu,380,"World Cup 2014: 'Hacktivist' group Anonymous plan cyber-attack on sponsors including Coca-Cola, Budweiser and Emirates Airline",belfasttelegraph.co.uk,http://www.belfasttelegraph.co.uk/life/technology-gadgets/world-cup-2014-hacktivist-group-anonymous-plan-cyberattack-on-sponsors-including-cocacola-budweiser-and-emirates-airlines-30321459.html
2014-06-02,23:48:30,2744sh,362,Former soldiers and intelligence operatives have been sent to infiltrate a network of anti-coal protesters aiming to thwart a multibillion dollar expansion of coal production in Australia.,smh.com.au,http://www.smh.com.au/national/undercover-spies-hired-to-infiltrate-anticoal-campaign-20140601-39ci6.html
2014-06-02,06:54:00,2726ly,323,Oxford university academics support fossil fuel divestment | Fifty-nine University of Oxford academics have signed an open letter urging the institution not to invest in fossil fuel companies. [X-post from /r/divestment],bbc.com,http://www.bbc.com/news/uk-england-hampshire-27655081
2014-06-02,22:36:50,273ynw,317,"25 Years Later, Details Emerge of Army’s Chaos Before Tiananmen Square",news.google.com,http://news.google.com/news/url?sr=1&ct2=us%2F1_0_s_1_1_a&sa=t&usg=AFQjCNHSeIYTxSlNcLxtbnLeyRoDS2Hlhg&cid=52778520578776&url=http%3A%2F%2Fwww.nytimes.com%2F2014%2F06%2F03%2Fworld%2Fasia%2Ftiananmen-square-25-years-later-details-emerge-of-armys-chaos.html&ei=qH2MU4j9DYmYgAeY8oFo&sig2=0FNQBhbPKUTYZfmEzjWAEQ&rt=HOMEPAGE&vm=STANDARD&bvm=section&did=-8505305052245609772&sid=en_us-w&ssid=w
2014-06-02,05:51:34,27210v,320,Cameroon troops kills 40 Boko Haram militants,reuters.com,http://www.reuters.com/article/idUSKBN0EC1JU20140601
2014-06-02,04:34:49,271u5c,287,ISIL kills 102-year-old man and family in Syria,news.yahoo.com,http://news.yahoo.com/isil-kills-102-old-man-family-syria-ngo-153648831.html
2014-06-02,04:19:28,271sqr,244,Russia takes over UN Security Council chairmanship,voiceofrussia.com,http://voiceofrussia.com/news/2014_06_01/Russia-takes-over-the-UN-Security-Council-chairmanship-5248/
2014-06-02,06:12:23,2722xx,230,YouTube still blocked in Turkey despite top court verdict,english.alarabiya.net,http://english.alarabiya.net/en/media/digital/2014/06/01/YouTube-still-blocked-in-Turkey-despite-top-court-verdict.html
2014-06-02,23:09:13,27418h,193,"Palestinians swear in unity government: Palestinians swore in their first national unity government in seven years on Monday, a move condemned by Israel but not other major players in the Middle East peace process, including the EU and U.S.",america.aljazeera.com,http://america.aljazeera.com/articles/2014/6/2/palestinian-unitygovernment.html
2014-06-02,11:18:59,272t78,184,Seoul seeks U.S. help with probe into GIs' alleged sexual abuse,english.yonhapnews.co.kr,http://english.yonhapnews.co.kr/national/2014/06/02/73/0301000000AEN20140602002100315F.html
2014-06-02,23:51:56,274542,184,Egyptian judge defends mass death sentences on 'demons from hell' - Saeed Youssef says the 720 he sentenced included 'demons disguised in the cloak of Islam' who followed Jewish scripture.,theguardian.com,http://www.theguardian.com/world/2014/jun/02/egyptian-judge-justifies-death-sentences?CMP=twt_gu
2014-06-02,07:02:02,2727b3,181,Tony Abbott raises eyebrows after linking WWII D-Day memorial with policies on mining and carbon taxes,smh.com.au,http://www.smh.com.au/federal-politics/political-news/tony-abbott-raises-eyebrows-after-linking-wwii-dday-memorial-with-policies-on-mining-and-carbon-taxes-20140602-39cuy.html
2014-06-02,09:41:19,272kzo,175,"India's southern state of Andhra Pradesh has formally split in two, with its northern area carved out to create a new state called Telangana",bbc.com,http://www.bbc.com/news/world-asia-india-27658817
2014-06-02,05:24:30,271yh1,170,Israel Condemns Plans for Palestinian Unity Government,voanews.com,http://www.voanews.com/content/reu-netanyahu-urges-world-not-to-recognize-palestinian-unity-government/1926966.html
2014-06-02,15:47:27,273d5h,159,“Nigeria will cease to exist by December 2015″ – Biafra Movement Leader,dailypost.ng,http://dailypost.ng/2014/06/01/nigeria-will-cease-exist-december-2015-biafra-movement-leader/
2014-06-02,15:53:29,273dic,150,"Nigeria: Boko Haram Kills 85, Burns Three Villages in Borno, Adamawa",allafrica.com,http://allafrica.com/stories/201406020225.html
2014-06-02,03:20:09,271nlx,139,President Resigns in Georgia’s Breakaway Region of Abkhazia,nytimes.com,http://www.nytimes.com/2014/06/02/world/europe/president-resigns-in-georgias-breakaway-region-of-abkhazia.html?_r=0
2014-06-02,23:59:01,2745qo,111,Endangered native species are in the firing line after the NSW government gave Whitehaven Coal permission to bulldoze parts of a northern NSW forest during the winter hibernation season.,news.ninemsn.com.au,http://news.ninemsn.com.au/national/2014/05/29/15/52/threatened-species-mine-plan-delusional
2014-06-02,16:49:51,273gfd,111,France arrests 4 in jihadist network,stripes.com,http://www.stripes.com/news/europe/france-arrests-4-in-jihadist-network-1.286537
2014-06-02,22:00:25,273vwt,92,First tar sands shipment to Europe sparks protests,euractiv.com,http://www.euractiv.com/sections/energy/first-tar-sands-shipment-europe-sparks-protests-302524
2014-06-02,17:03:33,273h1z,56,"If you recognise Palestinian government you support terrorism, Benjamin Netanyahu tells world leaders",independent.co.uk,http://www.independent.co.uk/news/world/middle-east/if-you-recognise-palestinian-government-you-support-terrorism-benjamin-netanyahu-tells-world-leaders-9468161.html
