2014-03-25,05:43:32,219lpn,3230,Solar Power Is Now Just As Cheap As Conventional Electricity In Italy And Germany,thinkprogress.org,http://thinkprogress.org/climate/2014/03/24/3418145/solar-grid-parity-italy-germany/#
2014-03-25,17:37:06,21b5ud,3189,Russian thugs beat up St Patrick’s flashmob after mistaking it for gay activists,thejournal.ie,http://www.thejournal.ie/russia-st-patricks-flashmob-1378542-Mar2014/
2014-03-25,04:13:11,219brz,2943,"U.S., other powers kick Russia out of G8",cnn.com,http://www.cnn.com/2014/03/24/politics/obama-europe-trip/index.html
2014-03-25,22:32:06,21bo06,2583,"Jimmy Carter: ""I have become convinced that the most serious and unaddressed worldwide challenge is the deprivation and abuse of women and girls.""",america.aljazeera.com,http://america.aljazeera.com/watch/shows/consider-this/articles/2014/3/24/former-presidentjimmycarterscalltoaction.html
2014-03-25,02:19:32,218zk9,2344,"Australia, Tony Abbot says, has too much “locked-up forest”. Mr Abbott wants to open up a swathe of Australia’s most fought-over forest and hand it to loggers.",economist.com,http://www.economist.com/news/asia/21599403-tony-abbott-reignites-environmental-battle-logging
2014-03-25,03:20:13,219602,2099,Qatar 2022 World Cup expected to take more lives than 9/11,deadspin.com,http://deadspin.com/report-qatars-world-cup-expected-to-take-more-lives-t-1550257688
2014-03-25,12:40:56,21aq16,1309,Ukraine to take Russia to the International Court...,en.interfax.com.ua,http://en.interfax.com.ua/news/general/197463.html
2014-03-25,21:19:24,21bhv3,1109,"Head of Public Relations for the 2022 Qatar World Cup sent an angry letter to Deadspin regarding their ""Report: Qatars World Cup will Take More Lives Than 9/11"" article",deadspin.com,http://deadspin.com/the-organizers-of-the-qatar-world-cup-are-very-mad-at-u-1550619295?utm_campaign=socialflow_deadspin_twitter&utm_source=deadspin_twitter&utm_medium=socialflow
2014-03-25,07:33:35,219x7a,814,Bloomberg editor quits over China story. Editors did not publish an investigative article on Chinese elites due to fears that Bloomberg would be expelled from the country. Bloomberg relies heavily on sales of its financial data terminals in the country.,politico.com,http://www.politico.com/blogs/media/2014/03/bloomberg-editor-quits-over-china-story-185626.html#.UzDAtBksvuI.reddit
2014-03-25,17:58:48,21b6sh,757,Genocidal War in Darfur Revealed in New Satellite Photos - Latest images taken from space are grim indeed.,thedailybeast.com,http://www.thedailybeast.com/articles/2014/03/24/the-forgotten-genocidal-war-in-darfur-revealed-in-new-satellite-photos.html
2014-03-25,21:22:16,21bi2k,668,UK To Start Buying Gas From Russia Despite Threats Of Sanctions Over Crimea,huffingtonpost.co.uk,http://www.huffingtonpost.co.uk/2014/03/25/uk-gas-russia-ukraine_n_5026247.html?1395746230&utm_hp_ref=uk
2014-03-25,17:28:41,21b5gw,661,Most Face Masks In China Don't Work And Pollution Is Getting Worse,businessinsider.com,http://www.businessinsider.com/r-chinas-face-mask-industry-under-scrutiny-as-pollution-worsens-2014-25
2014-03-25,13:27:59,21atd1,599,"Sweden has designed a warplane so sophisticated it is being heralded as the world's first ""sixth-generation"" fighter.",thedailybeast.com,http://www.thedailybeast.com/articles/2014/03/24/the-planet-s-best-stealth-fighter-isn-t-made-in-america.html
2014-03-25,08:05:45,21a0k4,378,Russia Gets Ready for Life Without Visa and MasterCard,businessweek.com,http://www.businessweek.com/articles/2014-03-24/russia-gets-ready-for-life-without-visa-and-mastercard
2014-03-25,20:37:08,21bf0m,284,UN calls on Turkey to stop blocking Twitter,hurriyetdailynews.com,http://www.hurriyetdailynews.com/un-calls-on-turkey-to-stop-blocking-twitter.aspx?pageID=238&nID=64069&NewsCatID=339
2014-03-25,04:11:49,219bma,255,"Russia's Economy Ministry releases expected first quarter figures. GDP growth of ""around zero"", 7% inflation, capital flight of $65-70 billion. Mostly due to lost investor confidence, not sanctions.",uk.reuters.com,http://uk.reuters.com/article/2014/03/24/uk-russia-economy-idUKBREA2N13S20140324
2014-03-25,11:40:04,21akz9,250,WHO Report: 1 in 8 of all global deaths in 2012 was linked to polluted air,america.aljazeera.com,http://america.aljazeera.com/articles/2014/3/24/who-air-pollutiontopenvironmentalhealthrisk.html
2014-03-25,23:31:39,21btmv,239,More Allies Are Cutting Orders for the Pentagon's Costly New Fighter Jet,motherboard.vice.com,http://motherboard.vice.com/read/more-allies-are-cutting-orders-for-the-pentagons-costly-new-fighter-jet
2014-03-25,20:44:54,21bfg3,196,"Russia offers India crude oil supplies, stakes in blocks in the Barents Sea (Arctic Ocean)",economictimes.indiatimes.com,http://economictimes.indiatimes.com/news/news-by-industry/energy/oil-gas/russia-offers-india-crude-oil-supplies-stakes-in-blocks/articleshow/32614644.cms
2014-03-25,06:11:23,219op7,179,Time to grab guns and kill damn Russians – Tymoshenko in leaked audio recording,beforeitsnews.com,http://beforeitsnews.com/war-and-conflict/2014/03/shocking-leak-russians-must-be-killed-with-nuclear-weapons-video-2451340.html
2014-03-25,03:37:15,2197va,181,G-7 to hold June summit in Brussels instead of G-8 meeting in Russia,abcnews.go.com,http://abcnews.go.com/International/wireStory/obama-opens-overseas-trip-netherlands-dispute-russia-dominate-23030919?utm_source=twitterfeed&utm_medium=twitter
2014-03-25,17:27:53,21b5fe,175,'I have been beaten': The Uzbek president's daughter smuggles a letter to the BBC,bbc.co.uk,http://www.bbc.co.uk/news/magazine-26713383
2014-03-25,05:56:34,219n4x,174,UK: HMRC criticised for using terror laws against tax whistleblower | Public accounts committee chair says tax official's use of powers to track down journalist had 'shocked her to the bones'.,theguardian.com,http://www.theguardian.com/politics/2014/mar/24/hmrc-criticised-mps-terror-law-tax-whistleblower-hodge
2014-03-25,20:06:42,21bd63,124,Egyptian television celebrates mass death sentence,madamasr.com,http://madamasr.com/content/egyptian-television-celebrates-mass-death-sentence
2014-03-25,07:55:37,219zkf,114,Ukrainian women say 'Don't give it to a Russian' with grassroots sex boycott,stream.aljazeera.com,http://stream.aljazeera.com/story/201403241718-0023582
2014-03-25,00:10:06,218mb8,103,"""I’ll raise the whole world to reduce Russia to ashes"" – Yulia Tymoshenko in leaked phone tape",rt.com,http://rt.com/news/tymoshenko-calls-destroy-russia-917/
2014-03-25,07:05:56,219ucn,85,Romania says NATO must shift resources as Russian threat looms,in.reuters.com,http://in.reuters.com/article/2014/03/24/ukraine-crisis-romania-idINDEEA2N08S20140324
2014-03-25,23:27:51,21bt7p,76,Danish zoo that killed Marius the giraffe puts down four lions,theguardian.com,http://www.theguardian.com/world/2014/mar/25/danish-copenhagen-zoo-kills-four-lions-marius-giraffe
2014-03-25,01:45:13,218vyy,69,A pregnant woman has been killed amid a protest outside the Venezuelan capital of Caracas. It's unclear why she was fired upon.,hosted.ap.org,http://hosted.ap.org/dynamic/stories/L/LT_VENEZUELA_PROTESTS?SITE=AP&SECTION=HOME&TEMPLATE=DEFAULT
2014-03-25,15:04:06,21ayxp,65,The Catholic Church in Kenya has opposed a campaign to vaccinate pregnant women against tetanus,nation.co.ke,http://www.nation.co.ke/counties/Njue-opposes--tetanus-drive-by-ministry/-/1107872/2256584/-/8wo8kvz/-/index.html
