2014-03-15,20:12:57,20h5k4,3597,"A Russian mining company is destroying archaeological finds, including some potentially involving the origin of man, in a Georgian gold mine that is arguably the oldest in the world.",eurasianet.org,http://eurasianet.org/node/68128
2014-03-15,05:34:10,20fnuz,3120,"NYT: Malaysian Military Radar data shows missing MH370 climbed to 45,000 feet before descending unevenly to 23,000 feet. Rolls-Royce engines data shows it descending 40,000 feet in the space of a minute. American official says ""A lot of this doesn't make sense.""",nytimes.com,http://www.nytimes.com/2014/03/15/world/asia/malaysia-military-radar.html
2014-03-15,12:07:09,20gjge,2912,Malaysian investigators conclude flight was hijacked.,boston.com,http://www.boston.com/news/world/asia/2014/03/14/vietnam-downgrades-search-for-missing-jet/bHIz1HdDbC4G54y0J1yVRI/story.html
2014-03-15,22:08:57,20hbe2,2649,"50,000 protest Crimea action in Moscow: Around 50,000 people rallied in central Moscow on Saturday, March 15, in protest at Russia's intervention in Ukraine, a day before the Crimean peninsula votes on switching to Kremlin rule.",rappler.com,"http://www.rappler.com/world/regions/europe/53109-50,000-protest-crimea-action-in-moscow"
2014-03-15,22:01:04,20haw4,2539,"Russian citizens rally against Ukrainian occupation calling it ""Russia's Disgrace"" | BBC",bbc.com,http://www.bbc.com/news/world-europe-26593249?ocid=socialflow_twitter
2014-03-15,21:50:34,20habw,2427,"In his final address to Afghanistan's parliament Saturday, President Hamid Karzai told the United States its soldiers can leave at the end of the year because his military, which already protects 93 percent of the country, was ready to take over entirely",bigstory.ap.org,http://bigstory.ap.org/article/karzai-says-war-imposed-afghanistan
2014-03-15,19:07:07,20h2zp,1704,World’s Most Pristine Waters Polluted by US Navy Human Waste - American military has poured 100s of tons of sewage into protected coral lagoon on British-owned Diego Garcia. It's 1 of world's most isolated & controversial military installations since Brits removed islanders to make way for US.,timesofindia.indiatimes.com,http://timesofindia.indiatimes.com/home/environment/pollution/Worlds-most-pristine-waters-are-polluted-by-US-navy-human-waste/articleshow/32068097.cms
2014-03-15,16:36:31,20gxwi,1691,"US Companies Stashing $1.95 Trillion In Profits Overseas; tech companies such as Microsoft, Apple and IBM among the worst offenders.",economywatch.com,http://www.economywatch.com/news/us-companies-stash-2-trillion-profits-overseas.13-03.html
2014-03-15,06:42:09,20fu18,990,Forests Around Chernobyl Aren’t Decaying Properly,smithsonianmag.com,http://www.smithsonianmag.com/science-nature/forests-around-chernobyl-arent-decaying-properly-180950075/
2014-03-15,04:12:09,20fg81,859,Russian diplomat stabbed near embassy in Ottawa,cbc.ca,http://www.cbc.ca/news/canada/ottawa/russian-diplomat-stabbed-near-embassy-in-ottawa-1.2572582
2014-03-15,22:39:27,20hd8n,855,"World's first solar-powered toilet set for India launch - The toilet has the capability of heating human waste to a high enough temperature to sterilise it and create biochar, a highly porous charcoal",m.timesofindia.com,http://m.timesofindia.com/india/Worlds-first-solar-powered-toilet-set-for-India-launch/articleshow/32002202.cms
2014-03-15,22:13:29,20hbnq,805,Fatal clashes as Ukraine dissolves Crimean parliament,theguardian.com,http://www.theguardian.com/world/2014/mar/15/ukraine-crisis-fatal-clashes-as-tensions-rise-before-crimea-vote-live
2014-03-15,22:16:02,20hbsx,806,Ukraine cobbles together an army as fears of a Russian invasion grow. Volunteers in Kyiv flock to join a newly-created national guard.,globalpost.com,http://www.globalpost.com/dispatch/news/regions/europe/140315/ukraine-preparing-the-worst-fears-russian-invasion-grow
2014-03-15,00:42:04,20evqm,740,Russia Sanctions Lithuania over Ukraine,ukrainianpolicy.com,http://ukrainianpolicy.com/russia-sanctions-lithuania-for-supporting-ukraine/
2014-03-15,01:54:22,20f2qs,557,"Russia Blocks Major Opposition Sites; Anonymous Russia Retaliates, Shuts Down Kremlin Site | TechPresident",techpresident.com,http://techpresident.com/news/wegov/24825/russia-blocks-major-opposition-sites#.UyNCOWqeWMl.reddit
2014-03-15,06:57:14,20fvbn,525,"The Federal Deposit Insurance Corp sued 16 of the world's largest banks on Friday, accusing them of cheating dozens of other now defunct banks by manipulating the Libor interest rate. The global financial institutions broke certain swaps contracts they had entered into with the now-closed banks.",reuters.com,http://www.reuters.com/article/2014/03/14/us-fdic-libor-idUSBREA2D1KR20140314?feedType=RSS&feedName=topNews
2014-03-15,19:36:59,20h44u,505,US sues 16 banks for rigging Libor rate,aljazeera.com,http://www.aljazeera.com/news/americas/2014/03/us-sues-16-banks-rigging-libor-rate-201431544528243637.html
2014-03-15,04:20:32,20fh10,495,"North Korea becomes the second country, after Syria, to endorse Russian invasion of Ukraine",gist.github.com,https://gist.github.com/fragmer/4b24d8f7ead17698d115
2014-03-15,22:04:00,20hb2d,471,Russian Paratroopers Land In Mainland Ukraine,beforeitsnews.com,http://beforeitsnews.com/alternative/2014/03/russian-paratroopers-land-in-mainland-ukraine-2918818.html
2014-03-15,08:27:40,20g2uk,474,NASA: industrial civilisation headed for 'irreversible collapse'?,theguardian.com,http://www.theguardian.com/environment/earth-insight/2014/mar/14/nasa-civilisation-irreversible-collapse-study-scientists
2014-03-15,23:37:12,20hh3c,368,Russia Vetoes UN Resolution on Crimea's Future: Every voting member except Russia who vetoed and China who abstained vote the Russian invasion of Crimea as illegal sending a strong unified message to Russia,abcnews.go.com,http://abcnews.go.com/US/wireStory/russia-vetoes-resolution-crimeas-future-22924759
2014-03-15,02:30:37,20f6c3,287,"A doctor will stand trial for the first time in Egypt on charges of female genital mutilation, after a 13-year-old girl died following an alleged operation in his clinic last year.",theguardian.com,http://www.theguardian.com/society/2014/mar/14/egyptian-doctor-first-prosecution-fgm-female-genital-mutilation
2014-03-15,07:08:52,20fwb3,261,Navy warship accidentally fires torpedo at nuclear dockyard in Plymouth,telegraph.co.uk,http://www.telegraph.co.uk/finance/newsbysector/industry/defence/10697895/Navy-warship-accidentally-fires-torpedo-at-nuclear-dockyard.html
2014-03-15,15:30:28,20gvd6,223,"The chemical makeup of a tiny, extremely rare gemstone has made researchers think there's a massive water reservoir, equal to the world's oceans, hundreds of miles under the earth",vice.com,http://www.vice.com/en_au/read/theres-an-ocean-deep-inside-the-earth-mb-test
2014-03-15,14:42:49,20gt0q,195,MH370 systems were deliberately disabled. Investigation is now focusing on passengers and crew says Malaysia PM Najib Razak.,bbc.com,http://www.bbc.com/news/world-asia-26591056
2014-03-15,22:53:03,20he1o,196,"Undercover video reveals violence against turkeys at Ontario farm: ""Workers punching, kicking and throwing turkeys. Their spines crushed and heads bashed in with metal rods and shovels.""",thestar.com,http://www.thestar.com/news/gta/2014/03/14/undercover_video_reveals_violence_against_turkeys_at_ontario_farm.html
2014-03-15,01:17:33,20ez5e,175,"As the crisis in the Ukraine continues, a new national poll indicates that for the first time in more than a decade, more than half of Americans see Russia as a serious threat to the U.S.",politicalticker.blogs.cnn.com,http://politicalticker.blogs.cnn.com/2014/03/14/cnn-poll-most-see-russia-as-a-threat-to-u-s/
2014-03-15,07:21:53,20fxge,159,Russian Diplomat stabbed in Ottawa Canada earlier this evening.,news.nationalpost.com,http://news.nationalpost.com/2014/03/14/russian-diplomat-found-stabbed-in-arms-and-back-at-ottawa-apartment-building/
2014-03-15,13:52:24,20gqbx,147,Russia vows to veto U.S. draft at U.N. declaring Crimea vote illegal,reuters.com,http://www.reuters.com/article/2014/03/13/us-ukraine-crisis-un-idUSBREA2C2DE20140313
2014-03-15,01:19:17,20ezbc,91,Transylvania could become a toxic wasteland,vice.com,http://www.vice.com/read/rosia-montana-toxic-cyanide-wasteland
