2014-07-24,07:10:29,2bjdyc,13128,"The Obama administration has quietly approved a substantial expansion of the terrorist watchlist system, authorizing a secret process that requires neither “concrete facts” nor “irrefutable evidence” to designate an American or foreigner as a terrorist",reason.com,http://reason.com/24-7/2014/07/23/secret-guidelines-for-putting-people-on
2014-07-24,18:11:39,2bkwe4,10068,Air Algerie 'loses contact with plane from Burkina Faso',itv.com,http://www.itv.com/news/update/2014-07-24/air-algerie-loses-contact-with-plane-from-burkina-faso/
2014-07-24,19:49:49,2bl1nf,5436,"White House is expected to release a version of a classified report on torture during the Bush years... the entire thing, five years in the making, clocks in at about 6,700 pages, making it the most exhaustive account yet of what really went on in secret CIA prisons around the world",news.yahoo.com,http://news.yahoo.com/on-the-torture-report--a-confrontation-looms-085034400.html;_ylt=A0SO80fk49BTeB8Aai6l87UF;_ylu=X3oDMTByNWU4cGh1BGNvbG8DZ3ExBHBvcwMxBHZ0aWQDBHNlYwNzYw--
2014-07-24,06:11:17,2bj7gp,12042,Israel Bombs Gaza’s Only Power Plant as Toll Nears 650. Hospitals on the brink of collapse.,democracynow.org,http://www.democracynow.org/2014/7/23/headlines
2014-07-24,01:19:21,2bi8y3,3672,"MH17 looting confirmed: Victims' phones answered by strangers, relatives say",smh.com.au,http://www.smh.com.au/world/mh17-looting-confirmed-victims-phones-answered-by-strangers-relatives-say-20140723-zw6uo.html
2014-07-24,17:27:51,2bku6q,3599,Norway faces 'imminent' terror attack,thelocal.no,http://www.thelocal.no/20140724/warning-norway-faces-imminent-terror-attack
2014-07-24,01:30:57,2bia8l,3258,Dutch mayor wants Vladimir Putin's daughter Maria deported,theguardian.com,http://www.theguardian.com/world/2014/jul/23/mh17-dutch-mayor-vladimir-putin-daughter-deport
2014-07-24,20:19:07,2bl3c7,2126,Christian leaders express shock at world silence after ISIS expels Iraqi Christians,english.al-akhbar.com,http://english.al-akhbar.com/content/christian-leaders-express-shock-world-silence-after-isis-expels-iraqi-christians
2014-07-24,07:18:31,2bjeua,2031,"More than 50 former Israeli soldiers have refused to serve in the nation’s reserve force, citing regret over their part in a military they said plays a central role in oppressing Palestinians",haaretz.com,http://www.haaretz.com/news/diplomacy-defense/1.606871
2014-07-24,02:14:45,2bif9f,1251,Ukrainian Rebels Admit they had BUK launcher at time of MH 17 incident,reuters.com,http://www.reuters.com/article/2014/07/23/us-ukraine-crisis-commander-exclusive-idUSKBN0FS1V920140723
2014-07-24,06:08:47,2bj76a,1047,UN rights council launches probe into Israeli violations in Gaza - only US voted against it,dawn.com,http://www.dawn.com/news/1121098/un-rights-council-launches-probe-into-israeli-violations-in-gaza
2014-07-24,01:53:33,2bicq0,1030,The pacific island country of Palau is becoming the first nation to ban commercial fishing and bottom trawling in their waters in order to regenerate fish stocks around the globe.,newswatch.nationalgeographic.com,http://newswatch.nationalgeographic.com/2014/07/02/palau-plans-to-ban-commercial-fishing-create-enormous-marine-reserve/
2014-07-24,18:49:32,2bkydw,896,Nato responds in depth to all of Russia's allegations,nato.int,http://www.nato.int/cps/en/natolive/topics_111767.htm?utm_source=facebook&utm_medium=smc&utm_campaign=140723+myth+kosovo&utm_term=fact+sheet
2014-07-24,00:46:55,2bi5a2,840,Israel asks U.S. for $225m for missing Iron Dome parts,haaretz.com,http://www.haaretz.com/news/diplomacy-defense/1.606735
2014-07-24,20:03:28,2bl2ep,787,Brazil recalls Israel envoy to protest 'disproportionate force' in Gaza,haaretz.com,http://www.haaretz.com/news/diplomacy-defense/1.606979
2014-07-24,04:38:25,2biwjh,730,Hamas leader says there will be no truce in Gaza without an end to the Israeli blockade,bbc.co.uk,http://www.bbc.co.uk/news/world-middle-east-28451691
2014-07-24,21:47:37,2bl968,708,A teenager who was attempting to set a record by becoming the youngest person to fly around the world in 30 days died when his plane crashed into the Pacific Ocean.,articles1.factspocket.com,http://articles1.factspocket.com/2014/07/teenage-pilot-attempting-round-world.html#
2014-07-24,19:21:55,2bl04w,666,Europe's top human rights court has ruled that Poland violated the European Convention on Human Rights by allowing the CIA to imprison and torture two alleged terrorists on Polish soil.,businessweek.com,http://www.businessweek.com/ap/2014-07-24/court-poland-violated-human-rights-in-cia-case
2014-07-24,06:07:32,2bj71j,607,German politicians question Russia’s suitability to host 2018 World Cup,theguardian.com,http://www.theguardian.com/football/2014/jul/23/german-politicians-russia-suitability-world-cup-2018
2014-07-24,06:09:37,2bj793,573,'Massacre' at sea: Italy arrests five for killings of over 100 on migrant boat,telegraph.co.uk,http://www.telegraph.co.uk/news/worldnews/europe/italy/10985270/Massacre-at-sea-Italy-arrests-five-for-killings-of-over-100-on-migrant-boat.html
2014-07-24,19:51:39,2bl1qr,517,Israel 'may have committed war crimes' as one child killed every hour in Gaza over last two days,independent.ie,http://www.independent.ie/world-news/middle-east/israel-may-have-committed-war-crimes-as-one-child-killed-every-hour-in-gaza-over-last-two-days-30452345.html
2014-07-24,15:01:30,2bkllg,456,American Quakers are Running an 'Underground Railroad' to Help LGBT Ugandans Flee,newsweek.com,http://www.newsweek.com/american-quakers-are-running-underground-railroad-help-lgbt-ugandans-flee-258363?piano_t=1
2014-07-24,22:07:43,2blasr,369,European Court Says CIA Ran Secret Jail in a Polish Forest,nytimes.com,http://www.nytimes.com/reuters/2014/07/24/world/24reuters-cia-jails-poland.html
2014-07-24,07:56:37,2bjiuz,315,Ban Ki-moon expresses 'outrage' as rockets found in Gaza school go missing,jpost.com,http://www.jpost.com/Operation-Protective-Edge/Ban-Ki-moon-expresses-outrage-as-rockets-found-in-Gaza-school-go-missing-368681
2014-07-24,10:11:56,2bjwdn,217,Hamas Fires on IDF Field Hospital Treating Palestinians,jewishpress.com,http://www.jewishpress.com/news/breaking-news/hamas-fires-on-idf-field-hospital/2014/07/23/
2014-07-24,15:19:41,2bkmqg,188,Australia approves HIV killing condoms.,iflscience.com,http://www.iflscience.com/health-and-medicine/hiv-killing-condom-approved-australia
2014-07-24,08:52:39,2bjoji,164,"IDF Spokesperson's Unit footage of Hamas launching rockets from Wafa Hospital, the bombing of the hospital and the former warnings. The secondary explosions after the Israeli bombing are Hamas's weapons exploding in the building.",ynetnews.com,"http://www.ynetnews.com/articles/0,7340,L-4548760,00.html"
2014-07-24,02:44:07,2biipo,132,Dutch mourn as first MH17 bodies arrive in Netherlands,in.reuters.com,http://in.reuters.com/article/2014/07/23/ukraine-crisis-netherlands-idINKBN0FS17720140723
2014-07-24,10:08:19,2bjvzt,130,"Average Gaza citizen wants a steady job — in Israel — not more Hamas rocket fire, poll finds",news.nationalpost.com,http://news.nationalpost.com/2014/07/23/average-gaza-citizen-wants-a-steady-job-in-israel-not-more-hamas-rocket-fire-poll-finds/
2014-07-24,21:42:06,2bl8r8,114,The top doctor and leader in the fight against the deadliest and largest Ebola outbreak in history has caught the virus.,npr.org,http://www.npr.org/blogs/goatsandsoda/2014/07/23/334467906/a-doctor-leading-the-fight-against-ebola-has-caught-the-virus
