2014-06-27,03:22:17,2964qo,3370,German government cancels Verizon contract in wake of U.S. spying row,reuters.com,http://www.reuters.com/article/2014/06/26/us-germany-security-verizon-idUSKBN0F11WJ20140626
2014-06-27,09:06:32,2974yf,3250,"Australian woman found dead wearing headphones and holding her laptop, with burns on her ears and chest, in an apparent electrocution caused by sub-standard cheap USB charger.",smh.com.au,http://www.smh.com.au/nsw/warning-over-usb-chargers-after-woman-dies-from-apparent-electrocution-20140626-zsngd.html
2014-06-27,21:51:35,298jeo,2658,"Put Ultraviolet Dye In London Water Cannons To Track Protesters, Police Bosses Urge",buzzfeed.com,http://www.buzzfeed.com/jonstone/put-ultraviolet-dye-in-london-water-cannons-to-track-protest?utm_content=bufferd1d5d
2014-06-27,17:08:52,2985d7,1708,"Ukraine, Georgia and Moldova have signed partnership agreements with the European Union, in a move strongly opposed by Russia.",bbc.com,http://www.bbc.com/news/world-europe-28052645
2014-06-27,06:16:24,296o4j,1003,"Russell Brand: ‘Fanatical, terrorist, propagandist’ Fox News is ‘more dangerous than ISIS’",rt.com,http://rt.com/usa/168704-russell-brand-fox-news/
2014-06-27,21:12:41,298h23,942,"Costa Rican President Luis Guillermo Solis, a month into his first tem in office, doesn't want his name on plaques at public works or his portrait hung in public offices: ""The works are from the country and not from a government or a particular official,"" Solis told reporters",america.aljazeera.com,http://america.aljazeera.com/articles/2014/6/27/costa-rica-leadersaysworshipofpresidentisover.html
2014-06-27,04:45:14,296e6w,800,"Obama Seeks $500M to Train, Equip Syrian Rebels",abcnews.go.com,http://abcnews.go.com/Politics/wireStory/obama-seeks-500m-train-equip-syrian-rebels-24320343
2014-06-27,04:59:14,296fr8,788,"Britain bans controversial Saudi cleric al-Arifi: “The UK Government makes no apologies for refusing people access to the UK if we believe they represent a threat to our society. Coming here is a privilege that we refuse to extend to those who seek to subvert our shared values,”",english.alarabiya.net,http://english.alarabiya.net/en/News/world/2014/06/25/Controversial-cleric-al-Arifi-banned-from-UK-.html
2014-06-27,19:19:46,298beq,722,"UN: Icelanders smoke the most pot | According to the UN's annual World Drug Report Icelanders smoke the most pot, per capita",grapevine.is,http://grapevine.is/news/2014/06/27/un-icelanders-smoke-the-most-pot/
2014-06-27,04:33:46,296cwz,624,Iraq buys Russian jets to ‘destroy the terrorists’ dens’ after long delays waiting for U.S. F-16s,news.nationalpost.com,http://news.nationalpost.com/2014/06/26/iraq-buys-russian-jets-to-destroy-the-terrorists-dens-after-long-delays-waiting-for-u-s-f-16s/
2014-06-27,16:52:51,2984m2,533,Australian utilities move to kick rooftop solar off the grid,reneweconomy.com.au,http://reneweconomy.com.au/2014/utilities-move-to-kick-rooftop-solar-off-the-grid-15250
2014-06-27,07:58:51,296yj7,438,"Nigerian man is locked up after saying he is an atheist | Campaigners call for release of 29-year-old Mubarak Bala, who lives in Kano in Nigeria's predominantly Muslim north",theguardian.com,http://www.theguardian.com/world/2014/jun/25/nigerian-man-locked-up-atheist
2014-06-27,22:32:16,298mh8,406,This is now the deadliest ebola outbreak on record — and it’s getting worse (from /r/globalhealth),washingtonpost.com,http://www.washingtonpost.com/news/morning-mix/wp/2014/06/27/this-is-now-the-deadliest-ebola-outbreak-on-record-and-its-getting-worse/?tid=hp_mm
2014-06-27,15:59:08,2981ml,347,"FBI seizes 80,000 emails from Murdoch’s News Corp",rt.com,http://rt.com/usa/168664-news-corp-fbi-emails/
2014-06-27,20:33:20,298eus,312,"A Sudanese Christian woman who was sentenced to death for refusing to renounce her faith and then released, is currently staying at the U.S. Embassy in Khartoum with her husband and two children",cnn.com,http://www.cnn.com/2014/06/27/world/africa/sudan-christian-woman/index.html
2014-06-27,01:56:52,295voo,280,"Iranian students prevented from studying science, technology, engineering and maths in UK because of US sanctions",theguardian.com,http://www.theguardian.com/education/2014/jun/26/iran-students-kaplan-uk-stem-course-block-us-sanctions
2014-06-27,09:19:09,297668,265,"It took awhile, but Mubarak Bala, the 29 year-old engineer hospitalized against his will in Nigeria for being an atheist, is beginning to receive some attention by the news media",atheistrev.com,http://www.atheistrev.com/2014/06/mubarak-bala-receiving-media-attention.html
2014-06-27,20:22:27,298ead,255,"UN: 110,000 fled Ukraine for Russia this year",news.yahoo.com,http://news.yahoo.com/un-110-000-fled-ukraine-russia-105313187.html
2014-06-27,15:18:54,297z9x,240,U.N. Experts: Detroit’s Mass Water Shut-Off Violates Human Rights,democracynow.org,http://www.democracynow.org/2014/6/26/headlines/un_experts_detroits_mass_water_shut_off_violates_human_rights
2014-06-27,20:15:57,298dye,224,"Israel Could Get Dragged into ISIS's War, Obama Admin Warns",thedailybeast.com,http://www.thedailybeast.com/articles/2014/06/27/israel-could-get-dragged-into-isis-s-war-obama-admin-warns.html
2014-06-27,01:49:21,295uvc,178,Pablo Escobar’s hippos: A growing problem,bbc.com,http://www.bbc.com/news/magazine-27905743
2014-06-27,09:56:40,2979kw,179,WHO reduces Ebola death toll by changing the way it reports fatalities at the request of the government,news.yahoo.com,http://news.yahoo.com/reduces-ebola-death-toll-sierra-leone-160340050.html?utm_source=twitterfeed&utm_medium=twitter&bcmt=comments-postbox
2014-06-27,14:37:16,297woq,160,Indian Intelligence Bureau redflags entry of Saudi Wahhabi preachers into India,rediff.com,http://www.rediff.com/news/report/ib-redflags-entry-of-wahhabi-preachers-into-india/20140626.htm?wtfsaudi
2014-06-27,11:23:20,297hkf,140,"The fight against Boko Haram sees an unusual faction join the fray: snakes and bees are flushing the rebels out of their forest base of operations with their incessant bites and stings, which often leave their targets fatally injured.",bbc.com,http://www.bbc.com/news/blogs-news-from-elsewhere-28034240
2014-06-27,02:09:55,295x5h,81,"ISIS has been murdering Syrians with impunity for a year, bragging about their war crimes on twitter.",vice.com,http://www.vice.com/read/caught-between-isis-and-assad
2014-06-27,10:01:55,297a13,79,Thousands Flee Ukraine for Russia; Truce Nears End,time.com,http://time.com/2928495/ukraine-refugees-russia/?utm_source=feedburner&utm_medium=feed&utm_campaign=Feed%3A+time%2Fworld+%28TIME%3A+Top+World+Stories%29
2014-06-27,14:40:50,297wxc,71,Iraq: ISIS Execution Site Located,hrw.org,http://www.hrw.org/news/2014/06/26/iraq-isis-execution-site-located
2014-06-27,15:25:00,297zmt,63,Mortality Among Working-Age Russians Now 50 Percent Higher than in 1960,interpretermag.com,http://www.interpretermag.com/mortality-among-working-age-russians-now-50-percent-higher-than-in-1960/
2014-06-27,13:48:21,297tdl,52,Zimbabwe’s government lobbies U.S. to overturn a ban on ivory sales that it says will damage its sport hunting industry.,bloomberg.com,http://www.bloomberg.com/news/2014-06-23/zimbabwe-to-appeal-to-u-s-congress-as-ivory-ban-hits-hunting.html
2014-06-27,19:52:26,298cta,47,Prominent female activist killed in Libya,news.yahoo.com,http://news.yahoo.com/prominent-female-activist-killed-libya-105517084.html
