2014-05-28,18:50:09,26olz7,4424,Judge questions why ‘only the boy’ is charged in underage sex case,adelaidenow.com.au,http://www.adelaidenow.com.au/news/south-australia/judge-questions-why-only-the-boy-is-charged-in-underage-sex-case/story-fni6uo1m-1226934612872
2014-05-28,07:16:50,26n77z,3851,"ISS crew from Russia, USA, and Germany, hug and take selfie to say ‘No' to politics and Ukraine tension in Space.",rt.com,http://rt.com/news/161788-iss-hug-selfie-ukraine/
2014-05-28,11:28:01,26nuva,3416,Nobody Wants To Host The 2022 Olympics,deadspin.com,http://deadspin.com/nobody-wants-to-host-the-2022-olympics-1582151092
2014-05-28,23:28:33,26p4ey,2090,"There will be no investigation into the alleged mass surveillance of German citizens, nor will there be an investigation into the NSA's alleged spying on Chancellor Angela Merkel's phone, the German federal prosecutor has decided.",news.techworld.com,http://news.techworld.com/applications/3521924/germany-drops-nsa-prosecution-due-to-lack-of-evidence/
2014-05-28,23:53:42,26p6rd,1407,Bank of England governor: capitalism doomed if ethics vanish,theguardian.com,http://www.theguardian.com/business/2014/may/27/capitalism-critique-bank-of-england-carney
2014-05-28,03:12:33,26mhvp,851,"China: US has breached international laws, infringed human rights and put global cyber-security at risk. Demands halt to ‘unscrupulous' US cyber-spying.",theguardian.com,http://www.theguardian.com/world/2014/may/27/china-demands-halt-unscrupulous-us-cyber-spying
2014-05-28,16:20:53,26ofdb,816,A Bloody War for Water in Mexico - Residents of a town outside Mexico City injured 100 police in a fight to defend their natural spring from being tapped,news.vice.com,https://news.vice.com/article/a-bloody-war-for-water-in-mexico
2014-05-28,09:59:21,26nmjh,671,"Fugitive US intelligence leaker Edward Snowden has described himself as a trained spy specialising in electronic surveillance, dismissing claims he was a mere low-level analyst | In an interview with NBC, he reiterated that he had worked undercover overseas for the CIA and NSA.",bbc.co.uk,http://www.bbc.co.uk/news/world-us-canada-27598516
2014-05-28,22:39:47,26p00l,632,Over 80 per cent of drug seizures in Europe are for cannabis,thejournal.ie,http://www.thejournal.ie/europe-cannabis-drugs-1488575-May2014/
2014-05-28,19:19:48,26oncz,508,Facebook Wants To Listen In On What You're Doing.,forbes.com,http://www.forbes.com/sites/kashmirhill/2014/05/22/facebook-wants-to-listen-in-on-what-youre-doing/
2014-05-28,20:54:47,26osd2,480,Glenn Greenwald: NSA documents on Middle East to be disclosed,english.al-akhbar.com,http://english.al-akhbar.com/content/glenn-greenwald-nsa-documents-middle-east-be-disclosed
2014-05-28,03:38:33,26mkkv,319,"Gaza's Hamas government says ready to step aside and hand ""full responsibility"" to a Palestinian unity government.",bigstory.ap.org,http://bigstory.ap.org/article/gazas-hamas-government-says-ready-step-aside
2014-05-28,03:35:25,26mk8s,299,Zambian Park Ranger in Charge of Law Enforcement Shot Dead: Was shot to death by suspected poachers while investigating reports of gunshots.,ens-newswire.com,http://ens-newswire.com/2014/05/26/zambian-park-ranger-in-charge-of-law-enforcement-shot-dead/
2014-05-28,12:54:25,26o26m,270,More than 50 rebels killed as new Ukraine leader unleashes assault | Ukrainian aircraft and paratroopers killed more than 50 pro-Russian rebels in an assault that raged into a second day on Tuesday after a newly elected president vowed to crush the revolt in the east once and for all.,reuters.com,http://www.reuters.com/article/2014/05/28/us-ukraine-crisis-idUSKBN0E70F620140528
2014-05-28,21:52:56,26owbk,261,"Leggings are not pants, Qatar tells tourists",heraldsun.com.au,http://www.heraldsun.com.au/travel/travel-news/leggings-are-not-pants-qatar-warns-tourists/story-fnjjv9zn-1226934168874
2014-05-28,19:32:24,26onz9,187,Russia to Offer $327Mln in Free Financial Aid to Syria,en.ria.ru,http://en.ria.ru/russia/20140528/190186420/Russia-to-Offer-327Mln-in-Free-Financial-Aid-to-Syria.html
2014-05-28,11:57:15,26nxec,158,"Google is to start building its own self-driving cars. The car will have a stop-go button but no controls, steering wheel or pedals",bbc.com,http://www.bbc.com/news/technology-27587558
2014-05-28,19:33:13,26oo0y,147,Humpback whale strandings in W Australia: malnutrition a major factor. An unprecedented number of mostly young whales have become stranded on the coast,theguardian.com,http://www.theguardian.com/environment/2014/may/28/humpback-whale-strandings-in-wa-malnutrition-a-major-factor-vets-say
2014-05-28,20:53:26,26osae,138,"Brazil anti-World Cup protesters clash with police | Police in Brazil have fired tear gas at anti-World Cup and indigenous demonstrators in the capital, Brasilia.",bbc.co.uk,http://www.bbc.co.uk/news/world-latin-america-27598932
2014-05-28,18:20:06,26okmx,78,Bangkok Post reporting Facebook blocked in Thailand,bangkokpost.com,http://www.bangkokpost.com/most-recent/412248/facebook-blocked
2014-05-28,08:13:58,26ncuu,71,Median CEO Pay Crosses $10 Million in 2013,abcnews.go.com,http://abcnews.go.com/Business/wireStory/median-ceo-pay-crosses-10-million-2013-23877772
2014-05-28,20:59:48,26oso1,56,Russia sees no business interest in the ISS and is doubtful the mission will continue past 2020.,rt.com,http://rt.com/news/161632-iss-rogozin-effective-output/
2014-05-28,09:10:55,26ni30,57,U.S. tells citizens to leave Libya immediately,theglobeandmail.com,http://www.theglobeandmail.com/news/world/us-tells-citizens-to-leave-libya-immediately/article18877284/
2014-05-28,04:18:38,26moq9,53,Racism on the rise in Britain | British Social Attitudes survey finds proportion of people in the UK who say they are racially prejudiced has risen since 2001.,theguardian.com,http://www.theguardian.com/uk-news/2014/may/27/-sp-racism-on-rise-in-britain
2014-05-28,06:23:48,26n1ui,52,Iran orders 'Zionist' Zuckerburg to appear in court,theverge.com,http://www.theverge.com/2014/5/27/5754240/mark-zuckerberg-summoned-to-iranian-court-for-privacy-case
2014-05-28,17:28:16,26oifc,43,"Obama To Keep 9,800 Troops In Afghanistan After 2014",huffingtonpost.com,http://www.huffingtonpost.com/2014/05/27/obama-troops-afghanistan_n_5397671.html
2014-05-28,18:56:37,26oma3,41,"Human Rights Watch; ""Recession and housing crisis in Spain has human rights consequences the government is failing to address""",hrw.org,http://www.hrw.org/node/125886
2014-05-28,20:12:00,26opxr,34,Greenpeace Activists Take Over Oil Rig Near Norway,time.com,http://time.com/121339/greenpeace-norway-occupy-oil-rig/
2014-05-28,22:52:18,26p13a,30,Brazil - The World Cup of exploited children,welt.de,http://www.welt.de/politik/ausland/article128491942/The-World-Cup-of-exploited-children.html
2014-05-28,05:09:12,26mu3m,26,Human 'suspended animation' trials to start this month,engadget.com,http://www.engadget.com/2014/05/26/human-suspended-animation-trials/
