2014-06-16,19:01:35,289p1i,3676,Michael Schumacher out of Coma,bbc.co.uk,http://www.bbc.co.uk/news/world-europe-27868787
2014-06-16,19:05:49,289p8x,3672,"Australia's government is trying to delist 74,000 acres of world heritage protected rainforest to make way for loggers",m.aljazeera.com,http://m.aljazeera.com/story/20146129330415263
2014-06-16,08:26:10,288j30,3578,"British public wrongly believe rich pay most in tax, new research shows - Study shows poorest 10% pay eight percentage points more income, prompting calls for more progressive system",theguardian.com,http://www.theguardian.com/money/2014/jun/16/british-public-wrong-rich-poor-tax-research
2014-06-16,19:28:27,289q9t,3500,"Japanese fans clean stadium after losing 2-1 against Ivory Coast: Japanese fans who watched their national team be defeated by the Ivory Coast in the Fifa World Cup on Saturday showed it is possible to lose graciously, when they stayed behind after the match to help clean up.",independent.co.uk,http://www.independent.co.uk/sport/football/worldcup/world-cup-2014-japanese-fans-clean-stadium-after-losing-21-against-ivory-coast-9539793.html
2014-06-16,09:18:55,288nb1,1936,"Australia's richest 1% own as much as bottom 60%, says Oxfam | Income inequality has risen since mid-1990s and nine richest people now have greater net worth than poorest 4.54 million",theguardian.com,http://www.theguardian.com/world/2014/jun/16/australias-richest-1-own-as-much-as-bottom-60-says-oxfam
2014-06-16,09:13:22,288mu0,1346,"IKEA waits 8 years, then shuts down IKEAhackers site with trademark claim | IKEA lawyers pushed site to go non-commercial or give up its domain name.",arstechnica.com,http://arstechnica.com/tech-policy/2014/06/ikea-waits-8-years-then-shuts-down-ikeahackers-site-with-trademark-claim/
2014-06-16,17:24:52,289kur,1177,Russia cuts off natural gas supplies to Ukraine,money.cnn.com,http://money.cnn.com/2014/06/16/news/ukraine-russia-gas/index.html?hpt=hp_t2
2014-06-16,03:14:58,287sxj,870,"Thousands of Iraqi men take up arms and volunteer to protect Baghdad ""at all costs,"" as ISIS troops closes in on the capital.",abcnews.go.com,http://abcnews.go.com/International/wireStory/shiite-cleric-calls-iraqis-defend-country-24121869
2014-06-16,04:58:13,2881lh,770,"Green party peer put on database of 'extremists' after police surveillance in the UK - Political movements of Jenny Jones and Green party councillor Ian Driver were recorded for up to 11 years, though neither have a criminal record",theguardian.com,http://www.theguardian.com/politics/2014/jun/15/green-party-peer-put-on-database-of-extremists-by-police
2014-06-16,13:48:23,2898w4,735,Boris tells Blair: Put a sock in it over Iraq | Mayor of London Boris Johnson claims the former Prime Minister has 'finally gone mad' after making an 'unhinged' attempt to rewrite history.,news.sky.com,http://news.sky.com/story/1282999/boris-tells-blair-put-a-sock-in-it-over-iraq
2014-06-16,11:12:41,288wd6,607,NATO has released satellite imagery supporting reports that the tanks crossing into Ukraine are Russian T-64s; it is believed that the T-64s were in storage in Russia and were then sent with pro-Russian forces. Russia is denying this.,bbc.com,http://www.bbc.com/news/world-europe-27849437
2014-06-16,21:18:00,289vtn,514,"In a leaked video, the nominee to be South Korea’s next prime minister says that Japan’s occupation of Korea was “God’s will” and that it shouldn’t apologize for “comfort women.”",thediplomat.com,http://thediplomat.com/2014/06/s-korean-pm-nominee-japans-occupation-was-gods-will/
2014-06-16,21:12:30,289vjd,472,Syrian army foils chemical attack on Damascus,english.al-akhbar.com,http://english.al-akhbar.com/node/20195
2014-06-16,18:51:45,289omq,436,"Hackers threaten to release details of 600,000 Domino's Pizza customers - including favourite toppings - unless they get €30,000.",articles1.factspocket.com,http://articles1.factspocket.com/2014/06/hand-over-dough-dominos-pizza-hacked.html#.U56-AvmSySo
2014-06-16,19:50:09,289rag,403,The slaughter of ‘Kenya’s biggest elephant’ and the decimation of an entire species,washingtonpost.com,http://www.washingtonpost.com/news/morning-mix/wp/2014/06/16/the-slaughter-of-the-worlds-biggest-elephant-and-the-decimation-of-an-entire-species/?tid=hp_mm&hpid=z3
2014-06-16,22:47:46,28a1z9,294,Australian PM Tony Abbott seeks World Heritage reversal to open Tasmanian forests to logging,abc.net.au,http://www.abc.net.au/7.30/content/2014/s4024372.htm
2014-06-16,01:35:17,287khi,270,"NATO says Russia considers it an opponent, prepares Ukraine aid",reuters.com,http://reuters.com/article/idUSKBN0EQ0G020140615?feedType=RSS&irpc=932
2014-06-16,02:52:41,287r0b,254,"Taliban target voters in Afghanistan, kill 50, mutilate 11",timesofindia.indiatimes.com,http://timesofindia.indiatimes.com/world/south-asia/Taliban-target-voters-in-Afghanistan-kill-50-mutilate-11/articleshow/36614278.cms
2014-06-16,09:36:01,288on7,243,New research shows Western Amazon under threat from oil pollution,mdconnects.com,http://www.mdconnects.com/articles/1785/20140613/new-research-shows-western-amazon-under-threat-oil-pollution.htm
2014-06-16,19:14:25,289pnj,199,"'Foreign Legion' in Iraq and Syria may bring jihad to West. ""I don't think the public realizes the seriousness of the problem. "" -Richard Walton, head of Scotland Yard's counter-terrorism command",cnn.com,http://www.cnn.com/2014/06/16/world/meast/iraq-sria-foreign-legion-jihad-threat-to-west/?hpt=hp_c1
2014-06-16,20:27:34,289t5q,195,"Global nuclear arsenal estimated at 16,300 warheads, says think tank. Pace of nuclear bombs reduction seems to be slowing, says Stockholm International Peace Research Institute; Israel's stock reportedly remained at 80.",haaretz.com,http://www.haaretz.com/news/world/1.598988
2014-06-16,22:59:31,28a2y9,181,How an arrest in Iraq revealed Isis's $2bn jihadist network,theguardian.com,http://www.theguardian.com/world/2014/jun/15/iraq-isis-arrest-jihadists-wealth-power?CMP=twt_gu
2014-06-16,11:46:39,288zc4,172,Chinese gov’t reveals Microsoft’s secret list of Android-killer patents,arstechnica.com,http://arstechnica.com/tech-policy/2014/06/chinese-govt-reveals-microsofts-secret-list-of-android-killer-patents/
2014-06-16,04:54:18,2881as,130,ISIS enters Turkmen city Tal Afar in northern Iraq,dailysabah.com,http://www.dailysabah.com/mideast/2014/06/15/isis-attacks-turkmen-city-in-northern-iraq
2014-06-16,03:11:38,287snb,120,Thousands of Iraqi men volunteer to fight as ISIS closes in on Baghdad,ctvnews.ca,http://www.ctvnews.ca/world/thousands-of-iraqi-men-answer-call-to-arms-mobilizing-in-fight-against-militants-1.1868733
2014-06-16,05:37:23,2884zs,115,Shia cleric tells British Muslims not to join fight against Isis in Iraq,theguardian.com,http://www.theguardian.com/world/2014/jun/15/shia-british-muslims-fight-isis-iraq
2014-06-16,09:10:22,288mli,105,U.S. preparing to open direct dialogue with Iran on the security situation in Iraq as soon as this week.,online.wsj.com,http://online.wsj.com/articles/u-s-preparing-to-discuss-iraqs-woes-with-iran-1402871232
2014-06-16,05:15:42,288358,93,Sri Lanka shaken by religious violence: Police use tear gas and announce curfew to end fighting between Muslims and Buddhists in southern Alutgama town.,aljazeera.com,http://www.aljazeera.com/news/asia/2014/06/sri-lanka-shaken-religious-violence-201461518571482939.html
2014-06-16,12:56:05,2894za,85,Saudi Arabia underreported the amount of MERS cases,reuters.com,http://www.reuters.com/article/2014/06/12/saudi-mers-failings-idUSL5N0OR52G20140612
2014-06-16,06:42:34,288aoq,61,"The northwest Iraqi city of Tal Afar has fallen to ISIS militants, according to an Iraqi general. The city is in Nineveh province.",cnn.com,http://www.cnn.com/2014/06/15/world/meast/iraq-photos-isis/index.html
