2014-03-21,21:40:31,20zspy,3954,Pirate Bay Founder Peter Sunde Gets Ready to Run for European Parliament,torrentfreak.com,http://torrentfreak.com/pirate-bay-founder-gets-ready-to-run-for-european-parliament-140321/
2014-03-21,15:05:08,20z876,3539,Microsoft sells your Information to FBI; Syrian Electronic Army leaks Invoices,gizmodo.com,http://gizmodo.com/how-much-microsoft-charges-the-fbi-for-user-data-1548308627
2014-03-21,19:44:36,20zkug,2977,"The Trans-Pacific Partnership Will ""Significantly"" Restrict Online Freedoms",motherboard.vice.com,http://motherboard.vice.com/read/the-trans-pacific-partnership-will-significantly-restrict-online-freedoms
2014-03-21,08:21:23,20ybnk,1928,"We Need Three Planets to Keep the Human Race Alive, NASA Scientist Says",motherboard.vice.com,http://motherboard.vice.com/read/we-need-three-planets-to-keep-the-human-race-alive-nasa-scientist-says
2014-03-21,10:46:25,20ypk7,1849,"The last U.S. ambassador to the Soviet Union, argues that Russian President Vladimir Putin’s actions in Ukraine are a response to years of hostility from the United States, including the eastward expansion of NATO, the bombing of Serbia and the expansion of American military bases in Eastern Europe.",truthdig.com,http://www.truthdig.com/avbooth/item/former_ambassador_russia_responding_to_years_of_us_hostility_20140320
2014-03-21,18:59:52,20zini,1681,First ever female genital mutilation prosecutions announced in UK,bbc.com,http://www.bbc.com/news/uk-26681364
2014-03-21,03:42:38,20xie6,1578,Putin calls on billionaires to pay taxes in Russia,cnbc.com,http://www.cnbc.com/id/101510510
2014-03-21,23:16:46,2101c5,1351,Putin orders Russia’s central bank to help his billionaire friends after U.S. targets them for sanctions,news.nationalpost.com,http://news.nationalpost.com/2014/03/21/putin-orders-russias-central-bank-to-help-his-billionaire-friends-after-u-s-targets-them-for-sanctions/
2014-03-21,23:07:12,2100ea,1290,"Desalination plant to be built in Gaza - The European Union and UNICEF launched a project Thursday to build a desalination plant in the Gaza Strip to provide 75,000 Palestinians with drinking water",eubusiness.com,http://www.eubusiness.com/news-eu/israel-palestinians.ui5/
2014-03-21,00:32:19,20wxo3,1096,"Russia raids Ukrainin factory in southern Russia, halts production. The factory is owned by pro-European MP Petro Poroshenko.",bbc.com,http://www.bbc.com/news/business-26661220
2014-03-21,21:52:41,20ztpp,659,"The underlying message from the head of Russia's biggest oil company, Rosneft, was clear: If Europe and the United States isolate Russia, Moscow will look East for new business, energy deals, military contracts and political alliances.",reuters.com,http://www.reuters.com/article/2014/03/21/us-ukraine-crisis-russia-insight-idUSBREA2K07S20140321
2014-03-21,15:33:49,20z9n7,599,A video of a female Egyptian university student walking through the Cairo University campus while being whistled and shouted at by male students has caused an international and viral backlash against sexual harassment in Egypt,jpost.com,http://www.jpost.com/Middle-East/Watch-What-happens-when-a-blonde-girl-walks-through-Cairo-University-campus-345825
2014-03-21,23:17:56,2101gm,591,A member of Russia's parliament who voted against annexation of Ukraine's Crimea might be expelled from the Duma,live.aljazeera.com,http://live.aljazeera.com/Event/Ukraine_liveblog/110118340
2014-03-21,20:41:32,20zocm,577,"A number of gunman, alleged to be teenagers, enter the five-star Serena Hotel in Kabul with guns in their socks, hide out in the washroom for three hours, then storm the restaurant. Nine diners were killed, including women from Canada and New Zealand. Elite Afghan forces soon dispatched all of them.",bbc.com,http://www.bbc.com/news/world-asia-26675253
2014-03-21,14:49:54,20z7ep,340,"In Saudi Arabia, Indonesian maids are on death row for sorcery",globalpost.com,http://www.globalpost.com/dispatch/news/regions/asia-pacific/indonesia/140310/saudi-arabia-indonesian-maids-are-death-row-sorc
2014-03-21,05:01:05,20xr11,346,"Head of Ukraine TV slapped around by politicians, forced to resign on camera",nydailynews.com,http://www.nydailynews.com/news/world/head-ukraine-tv-beaten-camera-far-right-parliament-members-article-1.1727271
2014-03-21,01:08:57,20x1ns,284,"An entire city in Sweden is being relocated to a new site 2 miles away, all thanks to the destructive impact of local mining that is already spreading cracks through the ground Kiruna is built upon.",weburbanist.com,http://weburbanist.com/2014/03/20/facing-destruction-entire-city-to-be-relocated-2-miles-away/
2014-03-21,04:02:25,20xkjj,274,"Ukraine guarantees rights, status of Crimean Tatars | Ukrainian parliament passes bill granting Crimean Tatars status as national minority, regional indigenous population.",aa.com.tr,http://www.aa.com.tr/en/rss/303802--ukraine-guarantees-rights-status-of-crimean-tatars
2014-03-21,06:57:57,20y3bs,247,"The first Ukrainian soldier killed in Russia’s invasion of Ukraine’s Crimean peninsula is Serhiy Kokurin, 37, a warrant officer from the Simferopol military unit | Kokurin was on the observation tower and shot in the heart when Russian-backed forces attacked his military unit.",kyivpost.com,http://www.kyivpost.com/content/ukraine/russian-invasion-claims-life-of-ukrainian-soldier-340243.html
2014-03-21,07:39:10,20y7iy,208,"Russia ‘Bewildered’ by US Sanctions, Warns Retaliation ‘Will Not Take Long’",abcnews.go.com,http://abcnews.go.com/blogs/headlines/2014/03/russia-bewildered-by-us-sanctions-warns-retaliation-will-not-take-long/
2014-03-21,02:42:25,20xbws,198,"Russian troops have taken over three Ukrainian warships in Crimea, a Ukrainian navy official said, after Moscow's seizure and annexation of the peninsula | V. Seleznyov, a Ukrainian military spokesman, said the Russian forces used stun grenades as they stormed the corvette Ternopol in Sevastopol.",trust.org,http://www.trust.org/item/20140320175207-ylt1p/
2014-03-21,22:09:23,20zv3q,169,Iraqi cleric who spoke out against terrorism gunned down in Mosul,al-shorfa.com,http://al-shorfa.com/en_GB/articles/meii/newsbriefs/2014/03/19/newsbrief-05
2014-03-21,06:56:05,20y346,150,Satellite images show Iran is building a fake aircraft carrier,nytimes.com,http://www.nytimes.com/2014/03/21/world/middleeast/a-ship-being-built-in-iran-looks-awfully-familiar-to-the-us.html
2014-03-21,20:57:05,20zpdp,144,"Russia to refrain from retaliatory moves against US, Ukraine: Putin",in.news.yahoo.com,http://in.news.yahoo.com/russia-refrain-retaliatory-moves-against-us-ukraine-putin-123804952.html
2014-03-21,03:46:15,20xirf,137,"Orange shares all its call data with France's intelligence agency DGSE, according to new Snowden leak",engadget.com,http://www.engadget.com/2014/03/20/orange-shares-all-its-call-data-with-frances-intelligence-agency/?ncid=rss_truncated
2014-03-21,07:32:09,20y6uq,131,Newest NSA leak from the Intercept: Inside the NSA’s Secret Efforts to Hunt and Hack System Administrators,firstlook.org,https://firstlook.org/theintercept/article/2014/03/20/inside-nsa-secret-efforts-hunt-hack-system-administrators/
2014-03-21,08:11:36,20yaog,132,Missing Malaysian aircraft pings point path to 180° South Pole,nzherald.co.nz,http://www.nzherald.co.nz/world/news/article.cfm?c_id=2&objectid=11223365
2014-03-21,02:14:19,20x8ty,109,S&P downgrades Russian outlook to 'negative',cnbc.com,http://www.cnbc.com/id/101488950
2014-03-21,19:50:25,20zl75,108,Cash-strapped Chinese are scrambling to sell their luxury homes in Hong Kong as a liquidity crunch looms on the Mainland,smh.com.au,http://www.smh.com.au/business/world-business/fire-sale-chinese-selling-off-hong-kong-luxury-homes-20140321-356ui.html
2014-03-21,22:26:06,20zwkb,99,Mujica confirms Uruguay will accept Guantanamo prisoners as 'refugees',en.mercopress.com,http://en.mercopress.com/2014/03/21/mujica-confirms-uruguay-will-accept-guantanamo-prisoners-as-refugees
