2014-05-05,05:37:43,24pw78,3303,"Tokyo hit by 6.2 magnitude earthquake (May 5th, 2014, 5:16 am)",typhoon.yahoo.co.jp,http://typhoon.yahoo.co.jp/weather/jp/earthquake/
2014-05-05,07:36:26,24q754,870,"New nature preserve will be the largest on Earth - At more than 500,000 square miles, the marine park is twice the size of Texas and three times the size of Germany",mnn.com,http://www.mnn.com/earth-matters/wilderness-resources/blogs/new-nature-preserve-will-be-the-largest-on-earth
2014-05-05,00:44:35,24p626,620,Russia refuses to rule out military intervention in Ukraine after dozens of separatists burned alive in Odessa,news.nationalpost.com,http://news.nationalpost.com/2014/05/04/russia-refuses-to-rule-out-military-intervention-in-ukraine-after-dozens-of-separatists-burned-alive-in-odessa/
2014-05-05,03:39:59,24plcf,615,"Young blood rejuvenates brains and muscles of old mice: If three discoveries in mice reported on Sunday are applicable to people, making old brains and old muscles perform like young ones may require simply a blood transfusion.",reuters.com,http://www.reuters.com/article/2014/05/04/us-science-young-blood-idUSKBN0DK0HW20140504
2014-05-05,18:54:14,24ri24,572,"Ukraine: Civilians gearing up to face civil war, learning to handle weapons",france24.com,http://www.france24.com/en/20140505-civilians-lugansk-ready-civil-war/
2014-05-05,12:50:35,24qy7p,465,"China’s military has initiated a number of measures in preparation for a possible regime collapse in North Korea, a leaked military document suggests",dailynk.com,http://www.dailynk.com/english/read.php?num=11836&cataId=nk00100
2014-05-05,18:04:11,24rfwy,379,Russian Stocks Decline Second Day as Ukraine Clashes Spread,bloomberg.com,http://www.bloomberg.com/news/2014-05-05/russian-stocks-decline-second-day-as-ukraine-clashes-spread.html
2014-05-05,06:45:21,24q2id,327,Switzerland has frozen $193 million in Ukrainian assets,news.yahoo.com,http://news.yahoo.com/switzerland-frozen-193-million-ukrainian-assets-report-191337604--sector.html
2014-05-05,21:46:38,24rr6g,265,"Ireland's murder rate rockets by 66%, standing at 20 people killed after the first 4 months of 2014.",independent.ie,http://www.independent.ie/irish-news/murder-rate-rises-66pc-in-2014-as-20-killed-30244139.html
2014-05-05,20:52:15,24rnsb,237,"WHO declares Polio spread ""International public health emergency""",bbc.com,http://www.bbc.com/news/world-27284389
2014-05-05,06:03:05,24pyoj,234,German IT expert hacks NSA homepage,thelocal.de,http://www.thelocal.de/20140502/german-it-expert-matthias-ungethm-hacks-nsa-homepage
2014-05-05,12:07:21,24qumy,185,"Ukraine Is Nearing State of War, Says Former U.S. Ambassador to Moscow",time.com,http://time.com/86835/michael-mcfaul-ukraine-russia-war/
2014-05-05,02:22:19,24pe7q,160,Russia to Prosecute Crimean Tatar Protesters Over Unrest,themoscowtimes.com,http://www.themoscowtimes.com/news/article/russia-to-prosecute-crimean-tatar-protesters-over-unrest/499385.html
2014-05-05,04:55:54,24psba,141,"Infusions of young blood may reverse some effects of ageing, studies suggest",theguardian.com,http://www.theguardian.com/science/2014/may/04/young-blood-reverse-ageing-mice-studies
2014-05-05,23:54:50,24s1im,134,40 Maps That Explain The Middle East,vox.com,http://www.vox.com/a/maps-explain-the-middle-east
2014-05-05,03:58:22,24pn1z,97,Netanyahu pushes to define Israel as nation state of Jewish people only,theguardian.com,http://www.theguardian.com/world/2014/may/04/binyamin-netanyahu-israel-jewish-state
2014-05-05,19:03:43,24rih9,72,Netanyahu pushes to define Israel as nation state of Jewish people only | World news,theguardian.com,http://www.theguardian.com/world/2014/may/04/binyamin-netanyahu-israel-jewish-state?CMP=EMCNEWEML6619I2
2014-05-05,05:05:57,24pt8l,73,"In Ukraine, separatists seize one of last government sites in Donetsk",latimes.com,"http://www.latimes.com/world/europe/la-fg-wn-ukraine-separatists-donetsk-20140504,0,7658585.story#axzz30mNKaCNQ"
2014-05-05,00:58:29,24p76g,73,Sinn Fein leader Gerry Adams will be released without charge after being questioned over a 1972 murder,bbc.co.uk,http://www.bbc.co.uk/news/uk-northern-ireland-27278039
2014-05-05,05:53:48,24pxrn,70,First Ever Charge for Female Genital Mutilation in UK After 28 Years of Law – Top Gynecologist Warns Do Not Prosecute,landandseajournal.com,http://landandseajournal.com/first-ever-charge-for-female-genital-mutilation-in-uk-after-28-years-of-law-top-gynecologist-warns-do-not-prosecute/
2014-05-05,21:05:18,24rojk,64,Turkish opposition: 'Erdoğan will become 'dictator' with de facto presidential system',todayszaman.com,http://www.todayszaman.com/news-346898-erdogan-will-become-dictator-with-de-facto-presidential-system.html
2014-05-05,14:42:41,24r62f,61,China gives 10-year sentence to leaker of military secrets,reuters.com,http://www.reuters.com/article/2014/05/05/us-china-military-spying-idUSBREA4402D20140505
2014-05-05,18:52:11,24rhz5,54,Side deals with Moscow thwart drive to wean Europe off Russian gas [Reuters],reuters.com,http://www.reuters.com/article/2014/05/04/us-ukraine-crisis-gas-gazprom-analysis-idUSBREA4302K20140504
2014-05-05,20:51:56,24rnrv,49,"Polio Spreading at Alarming Rates, World Health Organization Declares",nytimes.com,http://www.nytimes.com/2014/05/06/health/world-health-organization-polio-health-emergency.html?smid=re-share
2014-05-05,17:54:07,24rfgu,48,"Claims 220 Australian child sailors raped, brutalised in the '80s",afp.com,http://www.afp.com/en/news/claims-220-australian-child-sailors-raped-brutalised
2014-05-05,06:11:29,24pzgj,39,Indonesian Villagers Driven from Villages in Palm Oil Land Theft,spiegel.de,http://www.spiegel.de/international/world/indonesian-villagers-driven-from-villages-in-palm-oil-land-theft-a-967198.html
2014-05-05,21:16:53,24rp8f,40,"Polio cases: WHO recommends travel restrictions on Pakistan - Pakistan,Somalia and Iraq",dawn.com,http://www.dawn.com/news/1104346/polio-cases-who-recommends-travel-restrictions-on-pakistan
2014-05-05,21:44:25,24rr0l,40,Heavy Fighting Reported in Slovyansk,voanews.com,http://www.voanews.com/content/ukraine-places-special-forces-unit-in-odessa-after-deadly-clashes/1907604.html
2014-05-05,03:15:39,24pj2t,36,Ukraine crisis: Canada slaps more sanctions on Russia,cbc.ca,http://www.cbc.ca/news/politics/ukraine-crisis-canada-slaps-more-sanctions-on-russia-1.2631513
2014-05-05,21:25:52,24rpsv,39,"""In its second grilling at the United Nations this year, the Vatican on Monday [5 May 2014] sought to limit its responsibility for the global priest sex abuse scandal by undercutting arguments it has violated an international treaty against torture and inhuman treatment.""",seattlepi.com,http://www.seattlepi.com/news/crime/article/At-UN-Vatican-seeks-limit-on-abuse-responsibility-5452901.php
