2014-05-02,14:50:19,24isxz,3945,Billionaire dies and leaves $3.3 billion to charity,smh.com.au,http://www.smh.com.au/business/paul-ramsays-billions-left-to-charity-20140502-37m6t.html
2014-05-02,23:39:51,24jlt0,3379,"'Many dead' in Ukraine offensive, rebels killed, injured and arrested in Ukraine offensive",bbc.co.uk,http://www.bbc.co.uk/news/world-europe-27259614
2014-05-02,22:03:34,24je4i,2578,"Neo-Nazis spark first church alarm since WWII: The churches in Jönköping, Sweden, rang their bells in warning for two hours on May Day as neo-Nazis took to the streets. The alarm marked the first of its kind for the central Sweden town since World War II broke out.""",thelocal.se,http://www.thelocal.se/20140502/swedish-church-rings-bell-to-warn-of-neo-nazis
2014-05-02,02:54:41,24h17e,2509,"Top 1% taking lion's share of global growth, OECD says",cbc.ca,http://www.cbc.ca/news/business/top-1-taking-lion-s-share-of-global-growth-oecd-says-1.2627154
2014-05-02,11:36:09,24ieox,2396,Australia to raise the retirement age to 70,smh.com.au,http://www.smh.com.au/federal-politics/political-news/retirement-age-rise-to-70-by-2035-joe-hockey-announces-20140502-zr318.html
2014-05-02,01:00:42,24gpy3,2162,SpaceX gets injunction preventing US jet manufacturers from buying Russian rocket engines.,arstechnica.com,http://arstechnica.com/science/2014/05/spacex-says-rocket-purchases-violate-russian-sanctions-gets-injunction/
2014-05-02,10:01:54,24i669,1793,"1,000 native women murdered, missing in Canada over 30 years: RCMP",thestar.com,http://www.thestar.com/news/canada/2014/05/01/1000_native_women_murdered_missing_in_canada_over_30_years_rcmp.html
2014-05-02,21:22:20,24jbg8,1452,"Denmark leads the charge in renewable energy | By 2020, the country aims to produce 70 percent of its energy from renewable sources and to make the switch to renewables completely by mid-century. ""Today, we're already at 43 percent,"" said Kristoffer Böttzauw",dw.de,http://www.dw.de/denmark-leads-the-charge-in-renewable-energy/a-17603695
2014-05-02,01:52:23,24gv03,791,NATO official: Russia now an adversary,news.yahoo.com,http://news.yahoo.com/nato-official-russia-now-adversary-150211090--politics.html
2014-05-02,21:27:18,24jbru,760,Putin says Geneva agreement no longer viable after Ukrainian military action: A spokesman for the Russian president has said the Geneva agreement to defuse the situation in eastern Ukraine is no longer viable after Kiev launched a military operation against the rebel-held city of Slavyansk.,theguardian.com,http://www.theguardian.com/world/2014/may/02/putin-geneva-agreement-not-viable-ukraine-military-action
2014-05-02,01:19:22,24gru4,734,Ukraine reinstates conscription to deal with problems in the East,bbc.co.uk,http://www.bbc.co.uk/news/world-europe-27247428
2014-05-02,23:18:05,24jjwr,658,"Ukrainian Ambassador to NATO: We do not want any country or organisation to deploy military forces on our territory...if Ukrainian borders are crossed by Russian troops, we will protect our country.",debatingeurope.eu,http://www.debatingeurope.eu/2014/05/02/ukraine-russia/#.U2OmWfbcWC8
2014-05-02,09:05:48,24i1cb,495,UNESCO condemns dredge waste dumping in Barrier Reef waters: Recommends Australian marine park be considered for inclusion on the World Heritage in danger list.,timesofindia.indiatimes.com,http://timesofindia.indiatimes.com/home/environment/pollution/UNESCO-condemns-dredge-waste-dumping-in-Barrier-Reef-waters/articleshow/34466083.cms
2014-05-02,15:38:19,24ivld,478,Ukraine helicopter shot down in Slovyansk,aljazeera.com,http://www.aljazeera.com/news/europe/2014/05/ukraine-forces-begin-assault-slovyansk-20145235428643470.html
2014-05-02,04:30:26,24haxc,444,New Virus Related To Smallpox Is Found In Republic Of Georgia,npr.org,http://www.npr.org/blogs/health/2014/05/01/308357520/new-virus-related-to-smallpox-is-found-in-republic-of-georgia
2014-05-02,19:49:41,24j6pc,423,Kremlin Says Ukraine Clashes Destroy ‘All Hope’ for Diplomatic Agreement,nytimes.com,http://www.nytimes.com/2014/05/03/world/europe/ukraine.html?_r=0
2014-05-02,21:47:12,24jd0c,425,"Ethiopian Security Forces Open Fire on Oromo Student Protesters, Killing 28",revolution-news.com,http://revolution-news.com/ethiopian-security-forces-open-fire-on-oromo-student-protesters-killing-28/
2014-05-02,12:56:40,24il8m,244,"Pro-Russian rebels in Slaviansk say Ukraine tries to retake town, gunfire heard",reuters.com,http://www.reuters.com/article/2014/05/02/ukraine-crisis-slaviansk-idUSL6N0NO03I20140502
2014-05-02,23:04:31,24jirl,176,"US troops head to Latvia as Ukraine crisis continues, us troops to train with live fire and 50 lbs of gear.",abcnews.go.com,http://abcnews.go.com/News/us-troops-head-to-latvia-as-russia-progresses-against-helpless-ukraine/blogEntry?id=23554939&ref=https%3A%2F%2Fwww.google.com%2F
2014-05-02,23:52:01,24jmw9,162,Russia demands Security Council meeting on Ukraine,washingtonpost.com,http://www.washingtonpost.com/world/europe/russia-demands-security-council-meeting-on-ukraine/2014/05/02/dbb8075c-d205-11e3-a714-be7e7f142085_story.html
2014-05-02,04:51:09,24hd1h,156,Merkel asks Putin's help in freeing European hostages in Ukraine,latimes.com,"http://www.latimes.com/world/europe/la-fg-wn-ukraine-russia-tensions-20140501,0,1819060.story#axzz30UluV23F"
2014-05-02,11:39:14,24ieyl,150,Belgium just signed into law saying that chronically ill minors can be euthanized.,rt.com,http://rt.com/news/belgium-king-sign-euthanasia-bill-566/
2014-05-02,05:52:30,24hj7o,150,Russia's 'Gay Propaganda' Law Takes Effect in Crimea,advocate.com,http://www.advocate.com/world/2014/05/01/russias-gay-propaganda-law-takes-effect-crimea
2014-05-02,09:52:01,24i5bb,138,NATO says seeking closer ties with Georgia as Ukraine crisis mounts,reuters.com,http://www.reuters.com/article/2014/05/01/us-georgia-nato-idUSBREA400JL20140501
2014-05-02,19:40:11,24j68d,133,Collision on Seoul’s Busiest Subway Line Leaves 172 Injured,businessweek.com,http://www.businessweek.com/news/2014-05-02/collision-on-seoul-s-busiest-subway-line-leaves-170-injured-1
2014-05-02,09:09:40,24i1n0,124,British Spy Chiefs Secretly Begged to Play in NSA's Data Pools,firstlook.org,https://firstlook.org/theintercept/article/2014/04/30/gchq-prism-nsa-fisa-unsupervised-access-snowden/
2014-05-02,01:54:42,24gv85,122,"WHO warns against 'post-antibiotic' era: “A post-antibiotic era — in which common infections and minor injuries can kill — far from being an apocalyptic fantasy, is instead a very real possibility for the twenty-first century”",nature.com,http://www.nature.com/news/who-warns-against-post-antibiotic-era-1.15135?WT.mc_id=FBK_NatureNews
2014-05-02,16:17:43,24ixi1,104,Ukraine forces launch 'large-scale' operation to retake Slaviansk,haaretz.com,http://www.haaretz.com/news/world/1.588627
2014-05-02,19:42:57,24j6dr,61,"Police said Friday the number of kidnapped schoolgirls who remain missing in Nigeria is 276, up by more than 30 from a previous estimate.",bigstory.ap.org,http://bigstory.ap.org/article/nigeria-police-276-abducted-girls-still-missing
2014-05-02,02:45:56,24h0d9,62,BRICS creating parallel Monetary Fund disillusioned with IMF and World Bank - expert,voiceofrussia.com,http://voiceofrussia.com/news/2014_05_01/BRICS-creating-parallel-Monetary-Fund-disillusioned-with-IMF-and-World-Bank-expert-0502/
