2014-07-25,21:51:50,2bork2,22900,A U.S. cyclist who pedaled across 50-plus countries for peace and charity was run over and killed in Russia by a drunken truck driver,themoscowtimes.com,http://www.themoscowtimes.com/article/504077.html
2014-07-25,19:12:05,2boi6u,11962,Obama blasts US firms for 'magically becoming Irish' in controversial tax switches,m.independent.ie,http://m.independent.ie/irish-news/politics/obama-blasts-us-firms-for-magically-becoming-irish-in-controversial-tax-switches-30458809.html
2014-07-25,00:44:31,2blpq4,6328,"No, ISIS Isn’t Ordering Female Genital Mutilation In Iraq",thinkprogress.org,http://thinkprogress.org/world/2014/07/24/3463683/no-isis-isnt-ordering-female-genital-mutilation-in-iraq/
2014-07-25,07:35:03,2bn0ik,6462,World's 85 richest earn more than 3.5 billion poorest: UN report,cbc.ca,http://www.cbc.ca/news/business/world-s-85-richest-earn-more-than-3-5-billion-poorest-un-1.2717114
2014-07-25,11:19:32,2bnly0,3605,"Israel Bans Radio Broadcast Naming Children Killed in Gaza because it's ""politically controversial"".",en.ria.ru,http://en.ria.ru/world/20140724/191190858/Israel-Bans-Radio-Broadcast-on-Child-Deaths-in-Gaza---Reports.html
2014-07-25,23:52:07,2bp1x2,2618,"First Ebola victim in Sierra Leone capital on the run - ""The family of the patient stormed the hospital and forcefully removed her and took her away""",reuters.com,http://www.reuters.com/article/2014/07/25/us-health-ebola-africa-idUSKBN0FU1DB20140725
2014-07-25,06:15:06,2bmriu,2568,"10,000 Palestinians protesting..walking from Ramallah to Jerusalem right now in Israel",theyeshivaworld.com,http://www.theyeshivaworld.com/news/headlines-breaking-stories/250105/live-blog-day-18-operation-protective-edge-updated-1205-am-il.html
2014-07-25,21:56:30,2borwf,2056,Egypt sides with Israel in conflict with Hamas,usatoday.com,http://www.usatoday.com/story/news/world/2014/07/24/egypt-opposes-hamas-gaza-conflict/13043353/
2014-07-25,01:40:09,2blvto,1848,"Germany to 'spy on US and UK intelligence gathering' for the first time in 45 years | Germany orders surveillance of British and American intelligence gathering, according to reports.",telegraph.co.uk,http://www.telegraph.co.uk/news/worldnews/europe/germany/10988939/Germany-to-spy-on-US-and-UK-intelligence-gathering-for-the-first-time-in-45-years.html
2014-07-25,12:29:15,2bnsae,1840,"Canadian group brings 1,000 litres of Canadian water to citizens in bankrupt Detroit, as part of protest",theglobeandmail.com,http://www.theglobeandmail.com/news/national/eau-canada-caravan-brings-1000-litres-of-canadian-water-to-bankrupt-detroit-in-protest/article19764287/
2014-07-25,01:05:11,2blrzo,1432,Gay man sentenced for twitter debauchery in Saudi Arabia -- A court in Saudi Arabia has sentenced an homosexual man to three years in prison and 450 lashes for using his Twitter account to promote homosexual contacts,gulfnews.com,http://gulfnews.com/news/gulf/saudi-arabia/gay-man-sentenced-for-twitter-debauchery-in-saudi-arabia-1.1363181
2014-07-25,08:32:32,2bn6cr,1310,Vladimir Putin has offered to help mediate Palestinian - Israeli cease-fire,politics.suntimes.com,http://politics.suntimes.com/article/washington/vladimir-putin-offers-help-mediate-gaza-cease-fire/wed-07232014-136pm
2014-07-25,21:22:58,2bopkz,1253,"Russia offers over $100,000 to de-anonymize Tor",dailydot.com,http://www.dailydot.com/politics/russia-research-break-tor/
2014-07-25,11:58:33,2bnpjd,1035,"A US appeals court has dismissed a lawsuit against banana grower Chiquita brought by at least 4,000 Colombians who accused the company of supporting paramilitary forces who killed or tortured their relatives",bbc.com,http://www.bbc.com/news/world-latin-america-28469357
2014-07-25,01:52:48,2blx91,980,Thailand’s Military Government Thinks John Oliver Is a Threat to Its Monarchy,news.vice.com,https://news.vice.com/article/thailands-military-government-thinks-john-oliver-is-a-threat-to-its-monarchy?utm_source=vicenewstwitter
2014-07-25,01:24:01,2blu3k,889,British inventor builds giant 'fart machine' to fire at France,telegraph.co.uk,http://www.telegraph.co.uk/culture/comedy/10985111/British-inventor-builds-giant-fart-machine-to-fire-at-France.html
2014-07-25,00:01:07,2bll4j,802,Ukrainian Prime Minister Arseniy Yatsenyuk says he is resigning,washingtonpost.com,http://www.washingtonpost.com/world/europe/ukrainian-prime-minister-arseniy-yatsenyuk-says-he-is-resigning/2014/07/24/8a60e9c2-1342-11e4-ac56-773e54a65906_story.html
2014-07-25,08:06:47,2bn3qv,700,U.S. Senate sets $225 million for Israel's Iron Dome in emergency bill,reuters.com,http://www.reuters.com/article/2014/07/22/us-palestinians-israel-irondome-congress-idUSKBN0FR2MF20140722
2014-07-25,07:20:08,2bmz0c,698,"Israel-Gaza conflict: Israeli targeting policy under scrutiny after shellfire hits a mother and child, a school full of refugees and a doctor’s home",belfasttelegraph.co.uk,http://www.belfasttelegraph.co.uk/news/world-news/israelgaza-conflict-israeli-targeting-policy-under-scrutiny-after-shellfire-hits-a-mother-and-child-a-school-full-of-refugees-and-a-doctors-home-30458524.html
2014-07-25,10:27:31,2bnh9s,592,Officials: ISIS blows up Jonah's tomb in Iraq,cnn.com,http://www.cnn.com/2014/07/24/world/iraq-violence/index.html?c=homepage-t
2014-07-25,20:40:10,2bomx7,561,"Wikipedia chief enters internet censorship row: Private search engines such as Google should not be left in charge of ""censoring history"", the Wikipedia founder, Jimmy Wales, has said, after the internet company revealed it had approved half of more than 90,000 ""right to be forgotten"" requests.",theguardian.com,http://www.theguardian.com/technology/2014/jul/25/right-to-be-forgotten-google-wikipedia-jimmy-wales
2014-07-25,15:09:05,2bo4tm,515,Researchers Successfully Eliminate HIV Virus In Human Cells,philadelphia.cbslocal.com,http://philadelphia.cbslocal.com/2014/07/21/health-temple-university-researchers-successfully-eliminate-hiv-virus-in-human-cells/
2014-07-25,04:31:10,2bmfch,491,UPDATE 1-U.S. says Russia firing artillery across border at Ukrainian military,in.reuters.com,http://in.reuters.com/article/2014/07/24/ukraine-crisis-usa-artillery-idINL2N0PZ2AH20140724
2014-07-25,14:37:00,2bo2ko,434,Ukraine: Unguided Rockets Killing Civilians | Human Rights Watch,m.hrw.org,http://m.hrw.org/news/2014/07/24/ukraine-unguided-rockets-killing-civilians
2014-07-25,03:26:37,2bm7wp,421,Hungary’s new ambassador to Italy thinks Jews are ‘agents of Satan’ who ‘enslave mankind’,vox.com,http://www.vox.com/2014/7/23/5927769/anti-semitism-hungary-ambassador
2014-07-25,08:16:44,2bn4rz,326,Israeli soldiers kill three Palestinian demonstrators in West Bank protest,theguardian.com,http://www.theguardian.com/world/2014/jul/25/israeli-soldiers-kill-palestinian-west-bank-protest
2014-07-25,19:22:10,2boios,301,Foreign Correspondents in Israel Complain of Intimidation and Attacks,nytimes.com,http://www.nytimes.com/2014/07/24/world/middleeast/foreign-correspondents-in-israel-are-targets-of-intimidation.html?smid=tw-NYTOpenSource&seid=auto&_r=2
2014-07-25,18:55:19,2bohcw,276,Vladimir Putin's daughter flees £2million Dutch penthouse flat as fury grows over jet tragedy,mirror.co.uk,http://www.mirror.co.uk/news/world-news/flight-mh17-vladimir-putins-daughter-3909500
2014-07-25,06:53:59,2bmw0z,245,"Turkish PM Erdogan to CNN: ""Israel is a terror state.""",cnnpressroom.blogs.cnn.com,http://cnnpressroom.blogs.cnn.com/2014/07/23/turkish-pm-erdogan-to-cnn-israel-is-a-terror-state/
2014-07-25,11:00:17,2bnk93,238,"MH17 victim’s credit cards used after crash, says report - The Malaysian Insider",themalaysianinsider.com,http://www.themalaysianinsider.com/malaysia/article/mh17-victims-credit-cards-used-after-crash-says-report
