2012-06-21,19:34:43,vdjvm,2836,"ACTA rejected by last committee, crucial blow before final EU Parliament vote: 'The Internet, in all its diversity, winning a global political battle against some of the most powerful industries and governments'",rt.com,http://www.rt.com/news/acta-committee-final-vote-365/
2012-06-21,05:38:39,vchpp,1669,"The United States has immunity from a class action related to the government-sponsored infection of hundreds of Guatemalans with syphilis, a federal judge ruled, calling the study ""a deeply troubling chapter in our nation's history.""",courthousenews.com,http://www.courthousenews.com/2012/06/19/47608.htm
2012-06-21,00:08:26,vbx81,1543,"El Salvador murders drop as gang truce passes 100 days: The gangs, Mara Salvatrucha and Barrio 18, agreed a halt to hostilities, in a deal brokered by the Catholic Church.",bbc.co.uk,http://www.bbc.co.uk/news/world-latin-america-18517208
2012-06-21,01:51:37,vc3a6,1171,Pirate Bay Disarms BT Blockade Within Minutes,torrentfreak.com,https://torrentfreak.com/pirate-bay-disarms-bt-blockade-within-minutes-120619/
2012-06-21,13:09:28,vd6wl,1138,"Experts say Assange’s asylum bid could work: ""The government of Ecuador has a capacity under international law to grant Assange political asylum, in which case he would be eligible to enjoy protected passage from UK to Ecuador""",lawyersweekly.com.au,http://www.lawyersweekly.com.au/news/experts-say-assanges-asylum-bid-could-work
2012-06-21,14:56:28,vdbsd,1130,Uruguay Aims to Legalize Marijuana - It's unveiled a plan to allow state-controlled sales of marijuana to fight a rise in drug-related crime,bbc.co.uk,http://www.bbc.co.uk/news/world-latin-america-18529993
2012-06-21,07:27:11,vco6p,1050,"Cuts Leave Greek Heritage in Ruins -  Research & excavations are being abandoned. Museums can no longer afford security & are being plagued by armed robbers. Organized criminals are exploiting the chaos in an explosion of illegal digs & the trafficking of antiquities.

",nature.com,http://www.nature.com/news/cuts-leave-greek-heritage-in-ruins-1.10858
2012-06-21,01:30:02,vc1xu,192,"After seriously considering sending out “3 strikes” warning letters to file-sharers, today Denmark will officially announce the abandoning of the idea. Instead, it will focus on the development of legal services",torrentfreak.com,https://torrentfreak.com/denmark-kills-file-sharing-warnings-launches-legal-services-initiative-120620/
2012-06-21,07:11:30,vcnar,163,"The first tourist flight into space is scheduled for next year, and it's cheaper than you'd think. ",guardian.co.uk,http://www.guardian.co.uk/theobserver/2012/jun/17/space-tourism-science-virgin-robin-mckie
2012-06-21,23:26:36,vdrzd,161,"China was recently caught selling trucks that could allow North Korea to make its missiles mobile, a violation of UN sanctions. With North Korea having nukes, nuclear missiles could be a next step. ",thediplomat.com,http://thediplomat.com/china-power/rogue-company-or-nation/
2012-06-21,02:55:27,vc79w,139,Mexico drugs war: 'This is a hell that is just too big',bbc.co.uk,http://www.bbc.co.uk/news/world-latin-america-18493820
2012-06-22,03:10:35,ve54x,109,Mexico arrests son of top drug lord 'El Chapo' Guzman,bbc.co.uk,http://www.bbc.co.uk/news/world-latin-america-18543635
2012-06-21,05:28:19,vch15,84,Private security company chief predicts mass privatisation of police,guardian.co.uk,http://www.guardian.co.uk/uk/2012/jun/20/g4s-chief-mass-police-privatisation
2012-06-21,20:33:10,vdlee,75,"A Controversial law that allows hunters into national parks has been passed by New South Wales Parliament following hours of fractious debate - Critics  fear it'll open 100s of parks recreational hunters.  ""It'll compromise the safety of every single person in our national parks."" ",heraldsun.com.au,http://www.heraldsun.com.au/news/breaking-news/laws-pass-to-allow-hunting-in-nsw-national-parks/story-e6frf7jx-1226404781125
2012-06-22,07:16:34,vekr4,72,Moody's cuts ratings of 15 global banks,reuters.com,http://www.reuters.com/article/2012/06/21/us-financial-moodys-downgrades-idUSBRE85K1QL20120621
2012-06-21,20:04:03,vdklc,71,Explosives found at Sweden nuclear site,bbc.co.uk,http://www.bbc.co.uk/news/world-europe-18532298
2012-06-21,15:02:20,vdc0k,65,"Uganda to Ban 38 Organizations That ""Promote"" Homosexuality - Country's ethics & integrity minister claims banned NGOs exist to ""destroy the traditions & culture of this country""",guardian.co.uk,http://www.guardian.co.uk/world/2012/jun/20/uganda-bans-organisations-promoting-homosexuality
2012-06-21,06:41:43,vclju,61,The Coming Oil Crash  - By Steve LeVine  | Foreign Policy,foreignpolicy.com,http://www.foreignpolicy.com/articles/2012/06/19/the_coming_oil_crash
2012-06-21,11:37:47,vd1pu,51,"Julian Assange asylum move is 'a tragedy' for his accusers, says lawyer:  Lawyer representing two women who accuse WikiLeaks founder of sexual assault says he still expects extradition to go ahead
",guardian.co.uk,http://www.guardian.co.uk/media/2012/jun/20/julian-assange-asylum-tragedy-lawyer
2012-06-21,13:01:54,vd6i5,54,Romania ex-PM Adrian Nastase in suicide attempt:  Former Romanian Prime Minister Adrian Nastase has attempted to commit suicide by shooting himself in the neck. ,bbc.co.uk,http://www.bbc.co.uk/news/world-europe-18529394
2012-06-21,21:10:43,vdmj0,48,"Iran to build more ships, boost naval presence",chicagotribune.com,"http://www.chicagotribune.com/news/sns-rt-us-iran-navybre85k0i2-20120621,0,387433.story"
2012-06-21,21:55:20,vdo07,37,"The prosecutions closing argument in Breivik case: Reasonable doubt whether he was sane. Therefore no criminal conviction, but forced psykiatric care.",telegraph.co.uk,http://www.telegraph.co.uk/news/worldnews/europe/norway/9346009/Anders-Behring-Breivik-trial-nears-end-with-closing-arguments.html
2012-06-21,14:37:37,vdb1k,36,"Doctors strike in UK-wide protest over pensions: They oppose government moves to increase pension contributions and introduce a later retirement age. In a ballot of 104,000 members of the British Medical Association, the majority voted for a strike.",bbc.co.uk,http://www.bbc.co.uk/news/uk-northern-ireland-18525632#sa-ns_mchannel=rss&ns_source=PublicRSS20-sa
2012-06-21,13:48:18,vd8u7,34,"Recent tribal clashes in Libya leave over 100 dead, over 500 injured",bbc.co.uk,http://www.bbc.co.uk/news/world-africa-18529139?tryagain
2012-06-21,22:35:38,vdpmx,33,"Russia May Change How It Calculates Oil Price to try and negate its dependency on oil sales: ""We are pretty concerned about this. That's why the government is coming up with rules to decrease the dependence on oil""",cnbc.com,http://www.cnbc.com/id/47900334
2012-06-21,17:13:52,vdgfm,29,Jimmy Carr apologises for 'terrible error of judgment' over tax scheme,guardian.co.uk,http://www.guardian.co.uk/culture/2012/jun/21/jimmy-carr-apologises-error-tax
2012-06-21,11:57:11,vd2uv,20,China Denies Ulterior Motives for Cutting Rare Earths Supply ,voanews.com,http://www.voanews.com/content/china-rare-earths-supply/1216122.html
2012-06-21,19:30:57,vdjs8,19,BBC News - MEP vote rejects piracy treaty,bbc.com,http://www.bbc.com/news/technology-18533268
2012-06-21,18:26:02,vdi9f,20,CIA aids in steering arms to Syrian opposition,nytimes.com,http://www.nytimes.com/2012/06/21/world/middleeast/cia-said-to-aid-in-steering-arms-to-syrian-rebels.html
2012-06-22,04:10:59,ve934,19,"Medical appointments and minor operations were canceled across Britain on Thursday, as thousands of doctors took part in their first industrial action in almost 40 years to protest changes to their pensions.",hosted.ap.org,http://hosted.ap.org/dynamic/stories/E/EU_BRITAIN_DOCTORS_DISPUTE?SITE=RIPAW&SECTION=HOME&TEMPLATE=DEFAULT
