2012-06-25,06:18:04,vjfaa,2625,"""Lonesome George"" The last-of-it's-kind Galapagos Tortoise has died at 100.",chicagotribune.com,"http://www.chicagotribune.com/sns-rt-ecuador-tortoise-tv-pixl2e8ho4g7-20120624,0,4558768.story"
2012-06-25,19:36:39,vkeda,1474,"“The Koran is our constitution, the Prophet is our leader, jihad is our path and death in the name of Allah is our goal,” -Egypt's new president, Mohammed Morsi",english.ruvr.ru,http://english.ruvr.ru/2012_05_13/74584752/
2012-06-25,13:08:33,vk14m,268,WikiLeaks founder Julian Assange Monday called for diplomatic guarantees he will not be pursued by the United States for publishing secret documents if he goes to Sweden to face criminal allegations.,news.yahoo.com,http://news.yahoo.com/wikileaks-founder-wants-guarantee-wont-sent-us-032238148.html
2012-06-25,08:49:31,vjn92,214,"Google has set out to save the world's dying languages. In an alliance with scholars and linguists, the Internet powerhouse on Wednesday introduced an Endangered Languages Project website where people can find, share, and store information about dialects in danger of disappearing.",google.com,http://www.google.com/hostednews/afp/article/ALeqM5j1Gm1Xz2do5zHxWMwSk6ZTdBinLw?docId=CNG.bfdaf8409fc46390c5b2c65ac217e4ef.3c1
2012-06-25,23:10:10,vklpb,211,Saudi Arabia to let women compete in Olympics for first time,edition.cnn.com,http://edition.cnn.com/2012/06/25/sport/saudia-arabia-olympic-women/index.html
2012-06-25,10:19:52,vjrvi,199,Superbug vs. Monsanto: Nature rebels against biotech titan. A growing number of rootworms are now able to devour genetically modified corn specifically designed by Monsanto to kill those same pests. ,rt.com,http://rt.com/usa/news/superbug-monsanto-corn-resistance-628/
2012-06-25,18:35:23,vkczy,181,Syria general and two colonels 'defect to Turkey',bbc.co.uk,http://www.bbc.co.uk/news/world-18445370
2012-06-25,06:29:19,vjfuh,173,"""Fed up"" mother throws two sons from 15th floor, killing both: A Russian woman threw her 4- and 7-year-old sons out the window from the 15th floor, with both boys dying before an ambulance arrived. She explained that she was ""fed up with children"" and ""decided to get rid of them""",rt.com,http://www.rt.com/news/mother-kills-children-russia-618/
2012-06-25,07:48:40,vjk50,167,Israel army 'game' leaves Palestinian dead,news.yahoo.com,http://news.yahoo.com/israel-army-game-leaves-palestinian-dead-115139707.html
2012-06-25,20:40:11,vkg06,153,"Iraq orders Voice of America, 43 other media outlets to close - World News",worldnews.msnbc.msn.com,http://worldnews.msnbc.msn.com/_news/2012/06/25/12393556-iraq-orders-voice-of-america-43-other-media-outlets-to-close&lite
2012-06-26,05:17:15,vl8g3,139,Will we see a 'Mexican Spring'?,latimes.com,"http://www.latimes.com/news/opinion/commentary/la-oe-trejo-mexican-spring-pri-20120624,0,6202904.story"
2012-06-25,15:46:09,vk87b,120,China celebrates accomplishments in sea and space - deep-diving record in Mariana Trench and manual space docking  on same day,edition.cnn.com,http://edition.cnn.com/2012/06/25/world/asia/china-space-sea/index.html
2012-06-25,02:28:57,vj41b,119,"Jerusalem to become Egypt’s capital under Mursi’s rule, says Muslim cleric at campaign rally to cheering crowd.",english.alarabiya.net,http://english.alarabiya.net/articles/2012/06/07/219272.html
2012-06-25,00:16:12,viyc9,112,Egyptian beats pregnant wife to death for not voting for Mursi,english.alarabiya.net,http://english.alarabiya.net/articles/2012/06/24/222413.html
2012-06-25,22:14:03,vkj99,100,"For London Olympics, Britain calls up the military: Ground troops, fighter jets and perhaps missiles will reinforce police in Britain's largest peacetime security operation. Some residents see it as overkill.",latimes.com,"http://www.latimes.com/news/nationworld/world/la-fg-britain-olympic-security-20120625,0,4400064,full.story"
2012-06-25,21:31:02,vkhno,99,Wikipedia founder steps in to help UK hacker,huffingtonpost.co.uk,http://www.huffingtonpost.co.uk/2012/06/24/wikipedia-founder-jimmy-wales-richard-o-dwyer_n_1622705.html
2012-06-25,09:25:44,vjp3g,95,"Dalai Lama: Censorship in China morally wrong,  
people should know the truth",timesofindia.indiatimes.com,http://timesofindia.indiatimes.com/world/china/Censorship-in-China-morally-wrong-people-should-know-the-truth-Dalai-Lama/articleshow/14375488.cms
2012-06-25,21:09:35,vkgx3,79,Lulzsec: UK men plead guilty to hacking charges,bbc.co.uk,http://www.bbc.co.uk/news/technology-18577609
2012-06-25,11:18:18,vjv1x,74,Russian arms ship to make second attempt to deliver helicopters to Syria,telegraph.co.uk,http://www.telegraph.co.uk/news/worldnews/middleeast/syria/9352852/Russian-arms-ship-to-make-second-attempt-to-deliver-helicopters-to-Syria.html
2012-06-25,21:23:44,vkheu,68,"North Korea condemns 'provocative' naval drills by US and South Korea:  Officials called joint military exercises a hostile and politically motivated act, which justified its nuclear expansion programme",guardian.co.uk,http://www.guardian.co.uk/world/2012/jun/25/north-korea-naval-drills-united-states
2012-06-26,05:04:35,vl7k2,58,BBC News - UAE death sentence for British man on 'drugs charge',bbc.co.uk,http://www.bbc.co.uk/news/uk-18587614
2012-06-26,07:17:49,vlglv,48,"Censorship in China morally wrong, people should know the truth: Dalai Lama",articles.timesofindia.indiatimes.com,http://articles.timesofindia.indiatimes.com/2012-06-24/china/32393040_1_dalai-lama-tibetan-spiritual-leader-central-tibetan-administration
2012-06-25,22:03:41,vkiv1,41,Central Africa gunmen have attacked a uranium plant operated by French nuclear power giant Areva in the southeast of the Central African Republic,google.com,http://www.google.com/hostednews/afp/article/ALeqM5gZoNJS5eQxs8a02xwkcvU3oOjaTw?docId=CNG.292e8fa616194a78a6da50c91b6f34fa.2d1
2012-06-26,00:30:49,vkpwm,44,The Moscow Times: Moscow Ranked Last for Doing Business,themoscowtimes.com,http://www.themoscowtimes.com/business/article/moscow-ranked-last-for-doing-business/460923.html
2012-06-25,22:41:02,vkke9,38,"LulzSec's Ryan Cleary and Jake Davis plead guilty to hacking institutions including CIA, Soca and News International. Other websites targeted by the pair were Westboro Baptist Church, Bethesda, Eve Online, HBGary, HBGary Federal, PBS Inc and Infragard.",guardian.co.uk,http://www.guardian.co.uk/technology/2012/jun/25/lulzsecs-ryan-cleary-guilty-hacking
2012-06-25,04:15:20,vj962,39,"Restarting of Japanese nuclear reactors sparks worldwide demonstrations
",japantimes.co.jp,http://www.japantimes.co.jp/text/nn20120624a4.html#.T-dm2KATsy4
2012-06-25,08:36:11,vjmk7,32,North Korea Tests the Patience of China,nytimes.com,http://www.nytimes.com/2012/06/25/world/asia/north-korea-tests-the-patience-of-its-ally-china.html
2012-06-25,10:52:46,vjtnt,30,Kim Dotcom invites three randoms to pool party at his mansion,stuff.co.nz,http://www.stuff.co.nz/technology/digital-living/7163378/Dotcom-invites-three-to-swim-at-Kims
2012-06-25,13:06:03,vk106,26,British housewife caught with $2.6M in cocaine could face death - CNN.com,cnn.com,http://www.cnn.com/2012/05/29/world/asia/indonesia-britain-drugs/?iref=obnetwork
2012-06-25,21:15:57,vkh4q,22,"Paraguay's Lugo condemns 'parliamentary coup' -  Leftist South American leaders step up criticism of new government as deposed president brands it ""illegitimate"".",aljazeera.com,http://www.aljazeera.com/news/americas/2012/06/20126241977655771.html
