2012-01-16,20:58:07,oj8sw,3057,"UK Owner of TVShack, a linking only website, is to be extradited to the US and faces up to 10 years in prison for supposed copyright infringement.",telegraph.co.uk,http://www.telegraph.co.uk/technology/news/9013961/Piracy-student-Richard-ODwyer-loses-extradition-case-over-TVShack-website.html
2012-01-16,21:16:33,oj98o,1772,Israeli 'Rosa Parks' causes storm by refusing to go to the back of the bus: Tanya Rosenblit stayed in her seat on a bus when Ultra-Orthodox Jewish men demanded that she move to the back.,dw-world.de,"http://www.dw-world.de/dw/article/0,,15668900,00.html?maca=en-rss-en-all-1573-rdf"
2012-01-16,08:26:48,oikyg,944,"Brazil's Falling Birth Rate: A 'New Way Of Thinking' -- ""There are a lot of reasons for the drop in [the fertility rate in] Brazil, and most of them have to do with the modernization, this new way of thinking. Women are modern, and they take care of their own lives""",npr.org,http://www.npr.org/2012/01/15/145133220/brazils-falling-birth-rate-a-new-way-of-thinking
2012-01-16,08:49:20,oilw2,716,"Iran says it has evidence U.S. behind scientist's killing
",reuters.com,http://www.reuters.com/article/2012/01/14/us-iran-nuclear-killing-idUSTRE80D0DO20120114?feedType=RSS&feedName=worldNews&utm_source=dlvr.it&utm_medium=twitter&dlvrit=286409
2012-01-16,03:37:22,oi95q,632,Assassinating Iranian nuclear scientists increases the likelihood that they will develop an atomic bomb,theatlantic.com,http://www.theatlantic.com/international/archive/2012/01/killing-iranian-nuclear-scientists-is-counterproductive-and-wrong/251340/
2012-01-16,10:17:53,oipi2,494,"Ar a time when the current Conservative Government has cut public spending dramatically, the Education Secretary, who has also cut teachers' numbers, has proposed that the British Taxpayer fund a new yacht for the Queen, at a cost of at least £60m.",guardian.co.uk,http://www.guardian.co.uk/uk/2012/jan/15/queen-royal-yacht-diamond-jubilee-gove?newsfeed=true
2012-01-16,08:26:30,oiky1,347,"Give Queen a new £60m royal yacht for diamond jubilee, says UK Education secretary",guardian.co.uk,http://www.guardian.co.uk/uk/2012/jan/15/queen-royal-yacht-diamond-jubilee-gove
2012-01-16,11:46:42,oitcb,315,Associated Press opens a full news bureau in North Korea,theglobeandmail.com,http://www.theglobeandmail.com/news/world/ap-opens-full-news-bureau-in-north-korea/article2303487/
2012-01-16,01:03:35,oi3dj,299,Russia would regard any military intervention linked to Iran's nuclear program as a threat to its own security,af.reuters.com,http://af.reuters.com/article/energyOilNews/idAFL6E8CD2XU20120113
2012-01-16,19:33:59,oj75k,191,"Imprisoned Tymoshenko fears for her life, says daughter - Ukrainian opposition figure Yulia Tymoshenko, jailed on corruption charges, allegedly fell unconscious after taking medicine from prison doctors. Her daughter told DW the regime is trying to physically break Tymoshenko.",dw-world.de,"http://www.dw-world.de/dw/article/0,,15667625,00.html"
2012-01-16,10:30:35,oiq22,180,"The leader of the Pakistani Taliban, the militant movement that poses the gravest security threat to the country, is believed to have been killed by a U.S. drone strike",reuters.com,http://www.reuters.com/article/2012/01/15/us-pakistan-taliban-leader-idUSTRE80E0LN20120115
2012-01-16,08:22:36,oikrz,181,"Cruise ship captain may have made 'significant' error, company says",cnn.com,http://www.cnn.com/2012/01/15/world/europe/italy-cruise-deaths/index.html?on.cnn=1
2012-01-17,05:15:26,ojsok,144,Pakistani dad kills daughter in brutal axe murder for dating a Christian,thelocal.ch,http://www.thelocal.ch/national/20120113_2278.html
2012-01-17,02:25:12,ojk5m,102,"Heads of elite universities' earnings exceed £333,000 on average, despite squeeze on institutions' overall budgets, and an increase in university fees at the students' expense.",guardian.co.uk,http://www.guardian.co.uk/education/2012/jan/16/vice-chancellors-9700-pay-rise
2012-01-17,02:07:44,ojjc6,74,Africa losing billions in tax evasion from multinational corporations through payment transfers,aljazeera.com,http://www.aljazeera.com/video/africa/2012/01/201211684512130367.html?utm_content=automateplus&utm_campaign=Trial6&utm_source=SocialFlow&utm_term=tweets&utm_medium=MasterAccount
2012-01-17,07:06:12,ojy9j,70,Canadian Naval officer charged with leaking secrets to foreign interests,theglobeandmail.com,http://www.theglobeandmail.com/news/politics/canadian-naval-officer-charged-with-leaking-secrets-to-foreign-interests/article2304213/?from=sec434
2012-01-16,20:01:49,oj7pb,67,Israel's law keeping Arab families apart,newstatesman.com,http://www.newstatesman.com/blogs/the-staggers/2012/01/palestinian-jerusalem-israel-family
2012-01-16,12:25:36,oiv1c,60,Romanian protesters clash with riot police:  Romanian riot police used tear gas against protesters who threw rocks and set fire to newspaper stands and rubbish bins in central Bucharest in a fourth day of street demonstrations against government austerity measures Sunday.,reuters.com,http://www.reuters.com/article/2012/01/16/us-romania-protests-austerity-idUSTRE80F03U20120116
2012-01-17,05:29:25,ojte5,56,"EU rules have forced Goldman Sachs, which publishes full-year results on Wednesday, to disclose it pays its top UK staff an average of £4m.",guardian.co.uk,http://www.guardian.co.uk/business/blog/2012/jan/16/goldman-sachs-pay-top-london-staff
2012-01-16,20:05:26,oj7s2,55,Baghdad Detains U.S. Contractors,nytimes.com,http://www.nytimes.com/2012/01/16/world/middleeast/asserting-its-sovereignty-iraq-detains-american-contractors.html
2012-01-17,03:36:04,ojnpz,49,"Prosecutors say captain of wrecked Italian luxury liner purposely sailed close to shore to greet a friend with a blast of the ship’s horn - When it started sinking, he beat many passengers off the ship",nydailynews.com,http://www.nydailynews.com/news/americans-15-passengers-missing-costa-concordia-cruise-ship-disaster-article-1.1006437
2012-01-16,15:48:08,oj2eg,45,Cruise disaster: Captain 'neared Italian rocks to greet friend on shore’,telegraph.co.uk,http://www.telegraph.co.uk/news/worldnews/europe/italy/9016769/Cruise-disaster-Captain-neared-Italian-rocks-to-greet-friend-on-shore.html
2012-01-17,07:07:21,ojybl,38,"An interview with 0xOmar, the Saudi hacker who has been wreaking havoc on Israel",english.al-akhbar.com,http://english.al-akhbar.com/content/saudi-0xomar-hackers-world-unite-against-israel
2012-01-17,04:15:35,ojpou,35,Chevron Corp. says an offshore rig being run for its subsidiary near Nigeria's oil-rich southern delta has caught fire and officials are still trying to account for all the workers there.,time.com,"http://www.time.com/time/world/article/0,8599,2104572,00.html"
2012-01-16,18:26:00,oj638,30,Italy cruise ship crash: sixth body found,guardian.co.uk,http://www.guardian.co.uk/world/2012/jan/16/cruise-ship-crash-sixth-body
2012-01-16,22:25:26,ojavi,34,Iran makes arrests in killing of nuclear scientist,usatoday.com,http://www.usatoday.com/news/world/story/2012-01-16/iran-killing-arrests/52592310/1
2012-01-17,07:04:13,ojy60,26,"In Israel, some are more equal than others",haaretz.com,http://www.haaretz.com/print-edition/opinion/in-israel-some-are-more-equal-than-others-1.407510
2012-01-17,01:51:19,ojilo,20,"Female Feticide in Canada Requires Action - 

Canada should prohibit disclosure of the sex of a fetus until after 30 weeks of pregnancy to combat female feticide practiced by some ethnic groups, states an editorial in 'Canadian Medical Association Journal'",cbc.ca,http://www.cbc.ca/news/health/story/2012/01/13/female-feticide-editorial.html
2012-01-17,02:34:01,ojklp,22,UK and Hong Kong strike deal to make London yuan trading hub,globalpost.com,http://www.globalpost.com/dispatch/news/business-tech/120116/uk-and-hong-kong-strike-deal-make-london-yuan-trading-hub
2012-01-16,19:31:38,oj744,20,"Turkish immigrants in Germany have lost faith in the German state as a result of the murder series allegedly committed by the Zwickau neo-Nazi terror cell, a new study shows. Three-quarters of respondents fear there will be further racially motivated killings.",spiegel.de,"http://www.spiegel.de/international/germany/0,1518,808949,00.html"
