2012-11-19,21:20:58,13g6di,2253,"Turkish Prime Minister: ""I say that Israel is a terrorist state, and its acts are terrorist acts""",dailystar.com.lb,http://www.dailystar.com.lb/News/Middle-East/2012/Nov-19/195527-turkeys-erdogan-israel-carrying-out-terrorist-acts.ashx
2012-11-19,07:26:00,13f597,1521,"Cuban transsexual elected to public office. Adela Hernandez, jailed for 'dangerousness' in the 1980s, becomes first transgender person to hold public office in Cuba",guardian.co.uk,http://www.guardian.co.uk/world/2012/nov/18/cuban-transsexual-adela-hernandez-elected
2012-11-19,00:40:46,13ei8y,611,"Nigeria: An oil spill at an ExxonMobil facility offshore from the Niger Delta has spread at least 20 miles from its source, coating waters used by fishermen in a film of sludge.",dailystar.com.lb,http://www.dailystar.com.lb/Business/International/2012/Nov-18/195397-nigeria-exxon-spill-spreads-for-miles-along-coast.ashx#axzz2CapqHrV3
2012-11-19,13:03:54,13fpmx,503,"Hamas [will] agree to a ceasefire only after Israel ""stops its aggression, ends its policy of targeted assassinations and lifts the blockade of Gaza.""",reuters.com,http://www.reuters.com/article/2012/11/19/us-palestinians-israel-hamas-idUSBRE8AD0WP20121119
2012-11-19,03:29:08,13eqrc,396,"Egypt liberals quit assembly drafting constitution.  number of liberal politicians withdrew on Sunday from the Islamist-dominated assembly drafting Egypt's new constitution, saying they were not given the opportunity to discuss articles and their suggestions were being ignored.",chicagotribune.com,"http://www.chicagotribune.com/news/sns-rt-us-egypt-constitutionbre8ah0eo-20121118,0,6306537.story"
2012-11-19,23:01:34,13gaeh,379,Lebanese Army Dismantles Rockets Aimed at Israel,nytimes.com,http://www.nytimes.com/reuters/2012/11/19/world/middleeast/19reuters-palestinians-israel-lebanon-rockets.html?hp
2012-11-19,04:26:10,13eu9w,373,"Protesting women maced, beaten on Paris streets - NSFW images",france24.com,http://www.france24.com/en/20121118-anti-gay-marriage-protesters-clash-feminists-femen-paris-civitas?ns_campaign=editorial&ns_source=FB&ns_mchannel=reseaux_sociaux&ns_fee=0&ns_linkname=20121118_anti_gay_marriage_protesters_clash_feminists
2012-11-19,19:18:11,13g2rb,362,"""We need to flatten entire neighborhoods in Gaza. Flatten all of Gaza. The Americans didn’t stop with Hiroshima – the Japanese weren’t surrendering fast enough, so they hit Nagasaki, too.""",jpost.com,http://www.jpost.com/Opinion/Op-EdContributors/Article.aspx?ID=292466
2012-11-19,01:10:22,13ejit,337,BBC News - Obama: 'Israel has right to defend itself',bbc.co.uk,http://www.bbc.co.uk/news/world-middle-east-20383893
2012-11-19,09:33:37,13fd1j,242,Gaza death toll now at 77 after 6 days of violence,blogs.aljazeera.com,http://blogs.aljazeera.com/topic/gaza/video-death-toll-mounts-gaza-conflict
2012-11-19,18:30:58,13g1lq,212,"14 Tasmanian Devils Free From a Contagious Facial Tumor Disease to be Moved to Own Island - Their plight is so dire Australian authorities are breeding an ""insurance population"" to ensure they don't die out. Their numbers have dropped 91% since the disease appeared in 1996.",news.discovery.com,http://news.discovery.com/animals/tasmanian-devil-island-121116.html
2012-11-19,00:10:49,13egzl,183,"A video obtained by Reuters shows Nigerian troops shooting unarmed captives in broad daylight by the roadside in the northeastern city of Maiduguri, the bastion of an Islamist insurgency.
| Reuters",reuters.com,http://www.reuters.com/article/2012/11/18/us-nigeria-violence-idUSBRE8AH0BC20121118
2012-11-19,21:05:03,13g5s9,174,"Spain to Offer Residency to Foreign House Buyers - if they buy houses worth over €160,000 ($200,000) as part of an attempt to reduce the country's bloated stock of unsold homes. Spain has over 700,000 unsold houses following the collapse of its real estate market in 2008.",news.yahoo.com,http://news.yahoo.com/spain-offer-residency-foreign-house-buyers-124244055--finance.html
2012-11-19,18:09:02,13g13b,173,"Woman in India arrested for criticizing local politician, charged with ""hurting religious sentiments""",hindustantimes.com,http://www.hindustantimes.com/India-news/Mumbai/Mumbai-woman-flays-shutdown-over-Thackeray-on-Facebook-held/Article1-961377.aspx
2012-11-19,05:39:46,13eyps,154,Hamas: Rockets will stop when Gaza borders are opened,usatoday.com,http://www.usatoday.com/story/news/world/2012/11/18/gaza-hamas-israel-demands/1712561/
2012-11-19,22:53:39,13ga11,142,"World Bank Warns Of Catastrophic Effects From 4 Degree Warming: The World Bank warned that global temperatures could rise by four degrees this century without immediate action, with potentially devastating consequences for coastal cities and the poor",businessinsider.com,http://www.businessinsider.com/world-bank-warns-of-catastrophic-effects-from-4-degree-warming-2012-11
2012-11-19,05:12:28,13ex0y,138,Europe’s New Fascists,nytimes.com,http://www.nytimes.com/2012/11/18/opinion/sunday/europes-new-fascists.html
2012-11-19,16:15:35,13fxwh,137,You can now get arrested for your comments and likes on Facebook???,news.msn.co.nz,http://news.msn.co.nz/worldnews/8566960/two-arrested-in-india-for-facebook-comment
2012-11-19,05:22:29,13exnd,132," When the Pope announced he was transferring his respected sex crimes prosecutor to Malta to become a bishop, Vatican watchers immediately questioned whether the Holy See's tough line on clerical abuse was going soft — and if another outspoken cleric was being punished for doing his job too well.",bigstory.ap.org,http://bigstory.ap.org/article/ap-interview-vatican-sex-crimes-prosecutor-sin
2012-11-19,22:31:04,13g91b,118,"Death toll rises as Israeli military assaults Gaza Strip: Israeli airstrikes on the Gaza Strip on Sunday killed at least 10 members of one family, including a mother and her four children, and struck two buildings used by journalists",washingtonpost.com,http://www.washingtonpost.com/world/middle_east/death-toll-rises-as-israeli-military-assaults-gaza-strip/2012/11/19/b395f85c-3250-11e2-bfd5-e202b6d7b501_story.html
2012-11-19,01:37:04,13ektl,109,Restaurateur Gets 90 Days In Jail For Criminally Libelling Author Of Bad Review,ottawacitizen.com,http://www.ottawacitizen.com/life/Restaurateur+gets+days+jail+criminally+libelling+author+review/7560754/story.html
2012-11-19,13:21:29,13fqjg,110,"""The system of so-called 'shadow banking,' blamed by some for aggravating the global financial crisis, grew to a new high of $67 trillion globally last year, a top regulatory group said, calling for tighter control of the sector.""",reuters.com,http://www.reuters.com/article/2012/11/18/shadow-banking-regulation-idUSL5E8MI6F320121118
2012-11-19,01:42:24,13el3m,103,95% of Australian voters support Royal Commission into child abuse,smh.com.au,http://www.smh.com.au/data-point/record-of-95-support-for-pms-royal-commission-20121118-29kbe.html
2012-11-19,07:19:49,13f4vx,102,"French government to spend €580 million on a new airport next to one that some claim is only being used at ""50% of its capacity"", with 2000 hectares of farmland set to be destroyed",france24.com,http://www.france24.com/en/20121112-french-anti-airport-protesters-prepare-pitched-battle
2012-11-19,01:49:07,13elh8,92,Angry Chinese Protesters Overturn Police Vans ,hosted.ap.org,http://hosted.ap.org/dynamic/stories/A/AS_CHINA_PROTEST?SITE=AP&SECTION=HOME&TEMPLATE=DEFAULT&CTIME=2012-11-18-01-30-48
2012-11-19,09:55:55,13febj,77,BBC News - Mesolithic man find could rewrite Stone Age history,bbc.co.uk,http://www.bbc.co.uk/news/uk-england-20344575#
2012-11-19,13:01:03,13fpgo,76,Israeli Airstrike Kills Three Generations of a Palestinian Family,nytimes.com,http://www.nytimes.com/2012/11/19/world/middleeast/israel-gaza-conflict.html?_r=0
2012-11-19,20:06:40,13g41e,73,Islamist rebel groups in Syria have rejected the newly-formed Syrian opposition bloc saying they want an Islamic state,nowlebanon.com,http://www.nowlebanon.com/NewsArticleDetails.aspx?ID=458318
2012-11-19,19:00:32,13g2bp,62,Indian Girl arrested for a Facebook post against city being shut down over a politician's death..  ,timesofindia.indiatimes.com,http://timesofindia.indiatimes.com/india/21-year-old-girl-arrested-for-Facebook-post-slamming-Bal-Thackeray/articleshow/17276979.cms
2012-11-19,23:34:39,13gbyq,61,Dutch Cold Case Murder Solved After 8000 People Gave Their DNA ,dutchnews.nl,http://www.dutchnews.nl/news/archives/2012/11/man_arrested_following_dna_tes.php
