2012-09-14,03:49:13,zu37q,3594,"U.S. Embassy calls out Muslim Brotherhood over contradiction between the Brotherhood’s Arabic and English Twitter postings.  English feed: ""hope US-Eg relations will sustain turbulence of Tuesday's events."" Arabic feed: “Egyptians revolt for the Prophet’s victory in front of U.S. embassy.”",businessweek.com,http://www.businessweek.com/news/2012-09-13/u-dot-s-dot-embassy-calls-out-muslim-brotherhood-over-twitter
2012-09-14,21:25:31,zvg3p,2407,"Protesters try to storm German, British embassies in 
Sudan",reuters.com,http://www.reuters.com/article/2012/09/14/film-protests-sudan-idUSL5E8KECE820120914
2012-09-14,05:07:08,zu7qp,911,"Maker of Anti-Muslim movie is not Israeli-American, but a Coptic Christian previously convicted of bank fraud.",news.yahoo.com,http://news.yahoo.com/feds-id-california-mans-role-anti-islam-film-164554115.html
2012-09-14,21:59:30,zvhci,912,Report: German embassy in Sudan on fire,news.blogs.cnn.com,http://news.blogs.cnn.com/2012/09/14/witnesses-police-fire-on-protesters-near-u-s-embassy-in-yemen/
2012-09-14,22:53:03,zvjut,547,Arab Spring nations don't yet grasp freedom of dissent - CNN.com,edition.cnn.com,http://edition.cnn.com/2012/09/14/opinion/husain-arab-spring-democracy/index.html?hpt=hp_c1
2012-09-14,21:50:05,zvh0h,471,"Protests have been reported today in Iraq, Iran, Indonesia, Qatar, Kashmir, Egypt, Yemen, Jordan, Sudan and Afghanistan.",guardian.co.uk,http://www.guardian.co.uk/world/middle-east-live/2012/sep/14/friday-protests-anti-islam-us-film-live?INTCMP=SRCH
2012-09-14,21:28:05,zvg6j,396,"Protestors torch KFC in Tripoli, Lebanon (PHOTOS)",rt.com,http://rt.com/news/kfc-tripoli-lebanon-fire-140
2012-09-14,22:49:44,zvjps,348,China calls Romney's accusations 'as false as they are foolish' ,latimesblogs.latimes.com,http://latimesblogs.latimes.com/world_now/2012/09/beijing-responds-to-romneys-accusations.html
2012-09-14,18:22:34,zvba0,340,EU working on consumer labels for Israeli settlement products. Denmark is spearheading an EU initiative to help consumers boycott Israeli settlement products.,euobserver.com,http://euobserver.com/foreign/117547
2012-09-14,11:14:07,zutqx,301,Six Chinese ships enter Japanese waters,voanews.com,http://www.voanews.com/content/protesters-condemn-japan-move-to-national-islands/1507182.html
2012-09-14,21:58:42,zvhb7,236,"Hundreds of Muslim protesters storm German embassy in Sudan, raise Islamic flag",rt.com,http://rt.com/news/german-embassy-sudan-protesters-142/
2012-09-14,23:48:55,zvmrj,181,Toronto group says it wants to screen controversial anti-Islam film - The Glo,theglobeandmail.com,http://www.theglobeandmail.com/news/toronto/toronto-group-says-it-wants-to-screen-controversial-anti-islam-film/article4544551/
2012-09-14,09:02:31,zulvp,139,United States 'warned of Libya embassy attack but did nothing',belfasttelegraph.co.uk,http://www.belfasttelegraph.co.uk/news/world-news/us-was-warned-of-libya-embassy-attack-but-did-nothing-16210837.html?
2012-09-14,21:24:03,zvg1m,126,Scottish wildcat to be extinct within months,bbc.co.uk,http://www.bbc.co.uk/news/uk-scotland-highlands-islands-19569538
2012-09-14,23:49:44,zvmts,104,Protesters Attack US Embassy in Tunis.,cnbc.com,http://www.cnbc.com/id/49033167
2012-09-14,12:24:29,zuxrl,103,"Egypt, hearing from Obama, moves to heal rift from protests. A blunt phone call from President Obama prompted Egyptian leaders to scramble Thursday to try to repair the country’s alliance with Washington",nytimes.com,http://www.nytimes.com/2012/09/14/world/middleeast/egypt-hearing-from-obama-moves-to-heal-rift-from-protests.html?smid=re-share
2012-09-14,07:32:09,zugha,99,Bosnian politician uploads porn to his web site in the hopes of improving his electoral prospects,hosted.ap.org,http://hosted.ap.org/dynamic/stories/E/EU_BOSNIA_SEXY_ELECTION?SITE=AP&SECTION=HOME&TEMPLATE=DEFAULT
2012-09-14,01:21:55,zttmk,101,Anti-US protests spread across the Middle East,abc.net.au,http://www.abc.net.au/news/2012-09-13/anti-us-protests-spread-across-the-middle-east/4260242
2012-09-14,10:36:31,zurj1,81,U.K. surveillance goes too far by putting cameras in school bathrooms,fullcomment.nationalpost.com,http://fullcomment.nationalpost.com/2012/09/13/jesse-kline-u-k-surveillance-state-goes-too-far-by-putting-cameras-in-school-bathrooms/
2012-09-14,08:48:48,zul2s,79,Somali president survives assassination attempt - Video,foreignpolicyforumonline.com,http://foreignpolicyforumonline.com/somali-president-survives-assassination-attempt/
2012-09-14,20:56:24,zvf6l,78,Topless Kate photos in French mag upset UK royals,reuters.com,http://www.reuters.com/article/2012/09/14/france-royals-kate-idUSL5E8KE1VX20120914
2012-09-14,06:09:25,zubej,62,Man behind anti-Islam film reportedly is Egyptian-born ex-con,worldnews.nbcnews.com,http://worldnews.nbcnews.com/_news/2012/09/13/13842406-man-behind-anti-islam-film-reportedly-is-egyptian-born-ex-con?lite
2012-09-14,08:54:29,zulcy,44,Tens of thousands evacuated as 'Fire Volcano' erupts in Guatemala,cnn.com,http://www.cnn.com/2012/09/13/world/americas/guatemala-volcano-eruption/index.html?utm_source=feedburner&utm_medium=feed&utm_campaign=Feed%3A+rss%2Fcnn_latest+%28RSS%3A+Most+Recent%29
2012-09-14,16:31:09,zv8ed,44,Chinese Ships Approach Islands in Dispute With Japan,guardian.co.uk,http://www.guardian.co.uk/world/2012/sep/14/chinese-ships-disputed-islands-japan
2012-09-14,08:40:20,zuknw,46,"Uganda charges British producer David Cecil over gay play - The authorities in Uganda have charged a British theatre producer, David Cecil, for staging a play about the condition of gay people in the country.",bbc.co.uk,http://www.bbc.co.uk/news/world-africa-19595265
2012-09-14,01:10:18,ztsyp,38,"Man in Stockholm Robbed, Not Aided, After Fall on Train Tracks",cbsnews.com,http://www.cbsnews.com/8301-202_162-57512127/man-robbed-not-aided-after-fall-on-train-tracks/
2012-09-14,08:39:57,zukmq,41,Libyan authorities have made several arrests in connection with the attack on the US consulate in Benghazi in which the ambassador was killed.,bbc.co.uk,http://www.bbc.co.uk/news/world-middle-east-19595237
2012-09-14,04:04:52,zu47a,35,"Syrian rebel group in Homs kills foreign jihadist leader, fearing an Islamist leader worse than Assad. ",economist.com,http://www.economist.com/blogs/newsbook/2012/09/syria
2012-09-15,00:30:20,zvpae,31,Freedom of Dissent is a totally unfamiliar concept,cnn.com,http://www.cnn.com/2012/09/14/opinion/husain-arab-spring-democracy/index.html?hpt=hp_c1
2012-09-14,12:23:06,zuxpc,28,"As violent protests spread in Middle East, Canadian Hindu group screening anti-Islam film to make a point about tolerance",news.nationalpost.com,http://news.nationalpost.com/2012/09/13/as-violent-protest-spread-in-middle-east-canadian-hindu-group-screening-anti-islam-film-to-make-a-point-about-tolerance/
