2012-12-24,23:07:23,15dj8i,2726,"Swaziland Bans Women From Wearing ""Rape-Provoking"" Mini-Skirts, Midriff-Revealing Tops & Low-Rise Jeans.  Offenders face 6-mos in  jail.  ""The act of the rapist is made easy, because it'd be easy to remove half-cloth worn by women.""  Those wearing such clothing are responsible for assaults or rapes.",indianexpress.com,http://www.indianexpress.com/news/swaziland-bans-rapeprovoking-miniskirts-lowrise-jeans/1049615/
2012-12-24,01:01:30,15bxne,404,Air strike kills dozens of Syrians trying to buy bread,reuters.com,http://www.reuters.com/article/2012/12/23/us-syria-crisis-idUSBRE8AJ1FK20121223
2012-12-24,12:14:17,15cw9y,286,Mayan temple damaged in tourist 'apocalypse' frenzy ,france24.com,http://www.france24.com/en/20121223-mayan-temple-damaged-tourist-apocalypse-frenzy
2012-12-24,08:45:13,15clex,175,Red alert issued for Chilean volcano,rt.com,http://rt.com/news/chile-volcano-alert-raised-692/
2012-12-24,20:21:21,15de2p,175,"Human Rights Watch: Palestinian armed groups in Gaza violated the laws of war by launching rockets toward population centers from densely populated areas
",hrw.org,http://www.hrw.org/news/2012/12/24/gaza-palestinian-rockets-unlawfully-targeted-israeli-civilians
2012-12-24,04:20:11,15c7nv,167,From the Delhi police -- why women DESERVE to be raped,firstpost.com,http://www.firstpost.com/living/from-the-delhi-police-six-reasons-why-women-deserve-to-be-raped-269957.html
2012-12-24,20:11:06,15ddte,162,Canadian backlash as cannibal killer named 'news maker of the year' by The Canadian Press,theglobeandmail.com,http://www.theglobeandmail.com/news/national/newsmaker-of-the-year-poll-triggers-storm-of-social-media-debate/article6697432/
2012-12-24,22:34:59,15di10,101,"Syrian Troops 'Using Killer Gas Bombs' While Fighting Rebels in Homs - 
 ""Activists in Homs say 6 rebels died Sunday night because they inhaled odorle  Is gas & white smoke.""  Some felt nauseous with severe headaches. Some had fits. It's the 1st time activists have recorded these effects.",dailytelegraph.com.au,http://www.dailytelegraph.com.au/news/world/syrian-troops-using-killer-gas-bombs/story-fnddckzi-1226543169047
2012-12-24,21:08:40,15dfct,92,Afghan Policewoman Kills US Advisor,huffingtonpost.com,http://www.huffingtonpost.com/2012/12/24/nargas-afghan-policewoman-kills-us-adviser_n_2358236.html
2012-12-24,23:44:52,15dkvl,81,"New German party has its eye on the far-right torch. If authorities succeed in banning the neo-Nazi NPD, its successor is ready and waiting.
",independent.co.uk,http://www.independent.co.uk/news/world/europe/new-german-party-has-its-eye-on-the-farright-torch-8430671.html
2012-12-24,15:24:38,15d5kr,71,"Chile on high alert for volcano:  Chile has raised the alert level for the Copahue volcano to red, the highest possible, as seismic activity in the area increased overnight. ",abc.net.au,http://www.abc.net.au/news/2012-12-24/chile-on-high-alert-for-volcano/4442960
2012-12-24,02:35:05,15c2c4,67,Counterfeit medicine from Asia threatens lives in Africa,guardian.co.uk,http://www.guardian.co.uk/world/2012/dec/23/africa-counterfeit-medicines-trade
2012-12-24,10:05:05,15cpkk,66,Red alert issued for volcano on Chile-Argentina border,edition.cnn.com,http://edition.cnn.com/2012/12/23/world/americas/chile-volcano/index.html
2012-12-24,17:11:34,15d98p,66,Syrian Christians fear bleak future after Assad,news.msn.com,http://news.msn.com/world/syrian-christians-fear-bleak-future-after-assad
2012-12-24,00:24:32,15bw08,64,Israel to join NATO activities amidst Turkey tension.,jpost.com,http://www.jpost.com/DiplomacyAndPolitics/Article.aspx?id=297004
2012-12-24,15:47:29,15d6hl,61,"Muslim Brotherhood: Egyptians pass new constitution -- Preliminary results released by state run media show 64 percent of Egyptians voted yes.
",globalpost.com,http://www.globalpost.com/dispatch/news/regions/middle-east/egypt/121223/muslim-brotherhood-egyptians-pass-new-constitution
2012-12-24,23:18:25,15djp3,43,Chinese school bus crash kills 11 children,bbc.co.uk,http://www.bbc.co.uk/news/world-asia-20835488
2012-12-24,21:08:24,15dfcm,33,"North Korea warns South over giant Christmas tower- Pyongyang warned of unspecified consequences because of the tower, which Seoul allowed Christians to light on Saturday",guardian.co.uk,http://www.guardian.co.uk/world/2012/dec/24/north-korea-south-christmas-tower
2012-12-24,12:51:25,15cy96,31,Russian military presence in Syria poses challenge to US-led intervention - Advisers deployed with surface-to-air systems bolster President Assad's defences and complicate outcome of any future strikes,guardian.co.uk,http://www.guardian.co.uk/world/2012/dec/23/syria-crisis-russian-military-presence
2012-12-24,02:58:42,15c3io,30,"Syrian Christians flee civil war, say they face a bleak future if Assad regime falls ",foxnews.com,http://www.foxnews.com/world/2012/12/23/syrian-christians-flee-civil-war-say-face-bleak-future-if-assad-regime-falls/
2012-12-24,12:48:28,15cy38,31,India PM appeals for Delhi calm after rape protests,bbc.co.uk,http://www.bbc.co.uk/news/world-asia-india-20835191
2012-12-24,08:01:30,15cj0n,27,"Minor girl in India raped, recorded and clip uploaded to the internet, in yet another crime against children/women",timesofindia.indiatimes.com,http://timesofindia.indiatimes.com/city/raipur/Minor-girl-raped-video-clip-uploaded/articleshow/17736967.cms
2012-12-24,11:21:24,15cthm,27,Nigeria: Islamists kidnapp French engineer because of French Government's stance on Islam and Muslims. France recently banned the veil.,bbc.co.uk,http://www.bbc.co.uk/news/world-africa-20833946
2012-12-24,12:05:02,15cvsl,27,China Holds Test Run on World’s Longest High-Speed Railway Link.,bloomberg.com,http://www.bloomberg.com/news/2012-12-23/china-holds-test-run-on-world-s-longest-high-speed-rail-line.html
2012-12-24,14:36:00,15d3kg,17,Russia’s only Hindu temple faces threat of demolition,timesofindia.indiatimes.com,http://timesofindia.indiatimes.com/india/Russias-only-Hindu-temple-faces-threat-of-demolition/articleshow/17736490.cms
2012-12-24,15:57:58,15d6v8,16,Poverty gives way to inequality and the Great Frustration - The Globe and Mail,theglobeandmail.com,http://www.theglobeandmail.com/commentary/poverty-gives-way-to-inequality-and-the-great-frustration/article4625291/
2012-12-24,02:24:56,15c1st,16,China Successfully Conducts Test Run of High-Speed Train,timesofindia.indiatimes.com,http://timesofindia.indiatimes.com/world/china/China-successfully-conducts-test-run-of-high-speed-train/articleshow/17731933.cms
2012-12-24,12:12:08,15cw5u,17,Delhi gang rape: India Gate turns into a battleground.,timesofindia.indiatimes.com,http://timesofindia.indiatimes.com/city/delhi/Delhi-gang-rape-India-Gate-turns-into-a-battleground/articleshow/17735879.cms
2012-12-24,03:50:59,15c679,16,Man hospitalised after eating too many sprouts.,huffingtonpost.co.uk,http://www.huffingtonpost.co.uk/2012/12/20/brussels-sprouts-man-hospital_n_2340590.html
2012-12-24,23:19:25,15djr8,15,"India:  Action Taken Against Policemen, Explanation Sought - As outrage continues over Dec 16 gang rape of student, Delhi Lt Governor cuts short visit to US, returns to capital, holds talks with police & women's groups,  chalking out plan for improving safety of women in the capital. ",hindustantimes.com,http://www.hindustantimes.com/India-news/NewDelhi/Will-take-tough-decisions-ensure-safety-for-women-Lt-Governor/Article1-980233.aspx
