2012-05-29,13:21:31,u9tyh,1017,Hundreds of lawyers take to the streets in full courtroom attire in protest of unconsitutional Quebec law,news.nationalpost.com,http://news.nationalpost.com/2012/05/28/lawyers-take-to-the-streets-with-students-for-montreals-35th-consecutive-night-of-protest/
2012-05-29,22:40:18,uaavh,882,"Syrian diplomats expelled from countries around the world after new massacre: France, Germany, Italy, Spain, Canada, Britain and Australia kick out ambassadors and other senior representatives.",washingtonpost.com,http://www.washingtonpost.com/world/europe/european-nations-and-australia-expel-syrian-diplomats-in-protest-at-massacre-of-civilians/2012/05/29/gJQAWEBdyU_story.html
2012-05-30,07:52:20,ub40u,363,A New Zealand court has ruled that the U.S. Government must hand over the evidence they have against Megaupload so Kim Dotcom and other employees can properly defend themselves against the pending extradition request.,torrentfreak.com,http://torrentfreak.com/megaupload-wins-crucial-evidence-disclosure-battle-with-us-govt-120529/
2012-05-29,09:35:23,u9iso,298,"The father of a man killed in the 1989 Tiananmen Square crackdown has hanged himself in protest after two decades of failed attempts to seek government redress, a support group said Monday.",hosted.ap.org,http://hosted.ap.org/dynamic/stories/A/AS_CHINA_TIANANMEN_SUICIDE?SITE=RIPAW&SECTION=HOME&TEMPLATE=DEFAULT
2012-05-29,12:13:20,u9qnn,287,B.C police gun down a mentally ill man while he crawls on his hands and knees,cbc.ca,http://www.cbc.ca/news/canada/british-columbia/story/2012/05/28/bc-police-shooting-video-paul-boyd-killed-while-crawling.html
2012-05-29,16:30:01,ua0sp,281,"Italy hit by magnitude 6.0 earthquake, 32 miles north-east of Parma",earthquake.usgs.gov,http://earthquake.usgs.gov/earthquakes/recenteqsww/Quakes/usb000a1mn.php
2012-05-29,21:47:26,ua8ya,150,U.S. denies North Korea commando operation,washingtonpost.com,http://www.washingtonpost.com/world/asia_pacific/us-denies-n-korea-commando-operation/2012/05/29/gJQA4viVyU_story.html
2012-05-29,02:26:34,u8xyb,130,The Gem of Canadian Science that (Canadian PM) Harper Killed/ world famous Experimental Lakes Area proved phosphates caused lake killing blooms.,thetyee.ca,http://thetyee.ca/Opinion/2012/05/23/Harper-Kills-ELA/
2012-05-30,01:20:21,uai5t,127,Child brides sold as ‘HIV cure’ in South Africa,thecnnfreedomproject.blogs.cnn.com,http://thecnnfreedomproject.blogs.cnn.com/2012/05/27/girl-brides-abducted-as-fabled-hiv-cure/
2012-05-29,09:00:07,u9h3n,78,Rapper Najafi on the Fatwa: 'Fundamentalists Can't Take a Joke' - Iranian rapper Shahin Najafi has been in hiding in Germany since a fatwa was pronounced against him three weeks ago.,spiegel.de,http://www.spiegel.de/international/zeitgeist/interview-with-iranian-rapper-najafi-about-the-fatwa-against-him-a-835580.html
2012-05-29,20:22:04,ua6dh,73,EU signs €10M contract with UK security firm to work in Libya but didn't ask Libya and no work permits will be approved.,afriquejet.com,http://www.afriquejet.com/libya-refuses-work-permit-to-uk-security-company-hired-by-eu-2012052739240.html
2012-05-29,05:19:40,u96ib,58,Photos paint horrific scene following massacre in Houla,cnn.com,http://www.cnn.com/2012/05/28/world/cnn-shaam-gallery/index.html?hpt=hp_c1
2012-05-30,00:10:19,uaesg,53,Tuna contaminated with Fukushima radiation found in California,guardian.co.uk,http://www.guardian.co.uk/world/2012/may/29/tuna-contaminated-radiation-fukushima-california?newsfeed=true
2012-05-29,23:49:25,uadu6,47,Argentina bomb defused where Colombia's ex-president was to speak ,latimesblogs.latimes.com,http://latimesblogs.latimes.com/world_now/2012/05/reporting-from-buenos-aires-and-bogota-argentinan-officials-on-tuesday-found-a-bomb-in-a-buenos-aires-auditorium-where-for.html
2012-05-29,05:00:45,u95jt,44,Zanzibar Islamists burn churches - Reuters,af.reuters.com,http://af.reuters.com/article/tanzaniaNews/idAFL5E8GR1HB20120527?sp=true
2012-05-29,11:26:21,u9oay,46,"Growing Fear Over Fukushima Fuel Pool 4 as Wall Bulge Detected - 
TEPCO admits bulge detected, stoking fears over the building’s stability

",commondreams.org,http://www.commondreams.org/headline/2012/05/28-1
2012-05-29,05:11:19,u962y,43,"Vatican Forced To Deny Senior Cardinal Is Mastermind Of Vatileaks Scandal: ""Speculation has continued to gather pace that senior Church figures are behind the leaking of sensitive Vatican documents and that butler Paolo Gabriele . . . is nothing more than a scapegoat.""",telegraph.co.uk,http://www.telegraph.co.uk/news/worldnews/europe/vaticancityandholysee/9295762/Vatican-forced-to-deny-senior-cardinal-is-mastermind-of-Vatileaks-scandal.html
2012-05-29,23:49:16,uadtu,35,"Syrian ambassadors expelled from countries including UK, France and US",guardian.co.uk,http://www.guardian.co.uk/world/2012/may/29/syrian-ambassadors-expelled-britain-france
2012-05-29,03:17:23,u90et,35,Robert Mugabe named ‘international tourism ambassador’ in latest UN absurdity,fullcomment.nationalpost.com,http://fullcomment.nationalpost.com/2012/05/28/michael-ross-robert-mugabe-named-international-tourism-ambassador-in-latest-un-absurdity/
2012-05-30,05:34:46,uavws,30,Apparent human foot delivered to Conservative Party HQ,news.ca.msn.com,http://news.ca.msn.com/top-stories/apparent-human-foot-delivered-to-conservative-party-hq
2012-05-29,10:14:04,u9kp0,26,"In a country with compulsory voting, 1.5 million potential voters missing from Australian electoral rolls. ",smh.com.au,http://www.smh.com.au/opinion/political-news/15-million-potential-voters-go-missing-20120528-1zf99.html
2012-05-29,09:33:15,u9ion,23,71% of Britons said they felt the ‘open doors’ approach to foreign nationals was leading to an increase in racist feelings,dailymail.co.uk,http://www.dailymail.co.uk/news/article-2151056/Is-Britain-racist-nation-One-Brits-admits-racist-according-poll.html
2012-05-29,23:35:14,uad6r,19,Pakistan death decree over wedding video: Four women and two men have been sentenced to death in northern Pakistan for singing and dancing at a wedding,news.yahoo.com,http://news.yahoo.com/pakistan-death-decree-over-wedding-video-police-191515477.html
2012-05-29,16:58:06,ua1is,17,Dotcom allowed to return to NZ mansion,abc.net.au,http://www.abc.net.au/news/2012-05-29/dotcom-granted-bail-to-return-to-nz-mansion/4040156
2012-05-29,10:08:56,u9kg0,15,"The Amnesty Int'l 2012 annual report is highly critical of Israeli policies toward the Palestinians, charging that the Israel Defense Forces frequently uses excessive, sometimes lethal, force against demonstrators in the West Bank and civilians in Gaza.",haaretz.com,http://www.haaretz.com/news/diplomacy-defense/amnesty-international-israel-frequently-uses-excessive-force-against-palestinians-1.432273
2012-05-29,20:10:44,ua62r,14,What is behind the Israeli mistreatment of African migrants? Disturbing rhetoric on race from Israeli government ministers,newstatesman.com,http://www.newstatesman.com/blogs/world-affairs/2012/05/what-behind-israeli-mistreatment-african-migrants
2012-05-29,22:47:04,uab54,11,"AFP: France, Germany, Britain expel Syrian envoys",google.com,http://www.google.com/hostednews/afp/article/ALeqM5jpRXA8HgHFYJGIOVy9tKutBRKcLw?docId=CNG.966d7e7033d2096dfac663aff5bfe6a4.01
2012-05-29,14:11:56,u9w32,12,'Vatileaks' scandal widens as pope's butler vows to help investigators,guardian.co.uk,http://www.guardian.co.uk/world/2012/may/28/vatileaks-scandal-pope-butler-gabriele
2012-05-29,13:10:02,u9tes,12,"Russia To Debate 'Gay Propaganda' Ban. A law banning so-called ""homosexual propaganda"" in Russia could be introduced nationally",news.sky.com,http://news.sky.com/home/world-news/article/16237096
2012-05-29,23:32:44,uad2t,11,Chinese mine workers allegedly being ripped off:  The Immigration Department has confirmed it is investigating allegations Chinese workers on a West Australian iron ore project are being paid half the wage of their Australian counterparts.,abc.net.au,http://www.abc.net.au/news/2012-05-29/immigration-department-investigates-low-pay-allegations/4040162
