2012-10-31,00:53:34,12cg18,2699,Incoming Dutch government ditches 'weed pass' plan that would have been available only to residents and that would have effectively banned tourists from Amsterdam's marijuana cafes,usatoday.com,http://www.usatoday.com/story/news/world/2012/10/30/dutch-amsterdam-weed-marijuana/1668761/
2012-10-31,18:35:53,12e4zb,2010,The scale of unpaid tax now outstrips the national deficit. Forcing the elite to pay up is now a matter of justice and necessity.,guardian.co.uk,http://www.guardian.co.uk/commentisfree/2012/oct/30/roll-call-corporate-rogues-tax
2012-10-31,20:32:08,12e8ii,1648,German Politicians Demand to See Gold in US Federal Reserve - SPIEGEL ONLINE,spiegel.de,http://www.spiegel.de/international/germany/german-politicians-demand-to-see-gold-in-us-federal-reserve-a-864068.html
2012-10-31,20:50:07,12e98h,964,"China's 1%: members of China's National People’s Congress are worth a combined total of $89.8 billion; in contrast, the net worth of the top 660 U.S. officials is only $7.5 billion.",thediplomat.com,http://thediplomat.com/china-power/wen-jiabaos-riches-and-political-reform-in-china/
2012-10-31,18:46:20,12e5a7,382,"Celebratory gunfire at Saudi wedding cuts cable, 23 electrocuted. Celebratory gunfire at a wedding party in eastern Saudi Arabia on Tuesday night brought down an electric cable, killing 23 people, a local civil defense official said. 30 others were injured",reuters.com,http://www.reuters.com/article/2012/10/31/us-saudi-wedding-electrocuted-idUSBRE89U0FJ20121031
2012-10-31,06:02:05,12d2ez,266,"Greek police beat Korean tourist, stonewall investigation.",asiancorrespondent.com,http://asiancorrespondent.com/91318/greek-police-beat-korean-tourist-stonewall-investigation/
2012-10-31,21:27:16,12eav2,219,"Panasonic, currently Japan's third-largest employer, announced they will lose $9.6 billion this year.  That's after already laying off almost 39,000 people.",bloomberg.com,http://www.bloomberg.com/news/2012-10-31/panasonic-predicts-full-year-loss-on-tvs-restructuring-cost.html
2012-10-31,22:44:53,12eexa,177,"
Blow to Pro-Democracy Movement as Bahrain Bans Public Dissent: Government and Shia Muslim majority continue to clash",commondreams.org,http://www.commondreams.org/headline/2012/10/30-6
2012-10-31,06:42:25,12d5c8,145,"Non-Muslims have 'sex like donkeys' and deserve to be blown-up, said 'terror plot' leader - Telegraph",telegraph.co.uk,http://www.telegraph.co.uk/news/uknews/terrorism-in-the-uk/9633060/Non-Muslims-have-sex-like-donkeys-and-deserve-to-be-blown-up-said-terror-plot-leader.html
2012-10-31,05:02:08,12cxsq,130,Bahrain bans all opposition rallies,guardian.co.uk,http://www.guardian.co.uk/world/2012/oct/30/bahrain-opposition-protests-ban
2012-10-31,20:23:45,12e87o,129,Chinese Think Tank Urges End To 'One-Child' Policy ,npr.org,http://www.npr.org/2012/10/31/164012857/chinese-think-tank-urges-end-to-one-child-policy
2012-10-31,00:23:29,12ce3f,119,Bahrain regime pays a PR company in DC and CNN to censor stories uncovering human rights violations,amberlyonlive.com,http://amberlyonlive.com/2012/10/09/cnns-info-mercials-for-dictators/
2012-10-31,18:44:10,12e57z,73,"Head of Russia's Election Commission, known as the ""magician,"" criticizes U.S. election process. ",reuters.com,http://www.reuters.com/article/2012/10/31/us-usa-campaign-russia-idUSBRE89U0HA20121031
2012-10-31,01:55:59,12ck80,53,"SA census shows big racial divide: The income of white South African households is six times higher than that of black households, 18 years after the end of apartheid",bbc.co.uk,http://www.bbc.co.uk/news/world-africa-20138322
2012-10-31,20:22:37,12e868,53,Afghanistan to hold presidential election in April 2014,ctvnews.ca,http://www.ctvnews.ca/world/afghanistan-to-hold-presidential-election-in-april-2014-1.1018155
2012-10-31,18:54:36,12e5i3,50,Celebratory gunfire leaves 23 dead at Saudi wedding - RTÉ News,rte.ie,http://www.rte.ie/news/2012/1031/saudi-arabia-23-dead-at-wedding.html
2012-10-31,14:25:47,12dy43,44,Christian persecution throughout the world ignored  - Telegraph,telegraph.co.uk,http://www.telegraph.co.uk/news/religion/9640825/Christians-persecuted-throughout-the-world.html
2012-10-31,20:37:37,12e8qv,30,165 killed a day in Syria - watchdog,iol.co.za,http://www.iol.co.za/news/world/165-killed-a-day-in-syria-watchdog-1.1415037
2012-10-31,04:09:10,12ctc7,26,Somali comedian who poked fun at Islamists shot dead,english.alarabiya.net,http://english.alarabiya.net/articles/2012/10/30/246768.html
2012-10-31,16:11:13,12e1hh,26,"EU will lose Turkey if it hasn't joined by 2023 - Erdogan. Turkey's bid to join the EU, officially launched in 2005, has virtually ground to a halt in recent years due to opposition from core EU members and the failure to find a solution to the dispute over the divided island of Cyprus.",uk.reuters.com,http://uk.reuters.com/article/2012/10/31/uk-germany-turkey-idUKBRE89T1TE20121031
2012-10-31,11:57:54,12dqp5,25,Russian Ship Carrying 700 Tons Of Gold Ore Missing,huffingtonpost.com,http://www.huffingtonpost.com/2012/10/29/russian-ship-gold-ore-missing_n_2037908.html
2012-10-31,23:58:50,12ej9u,18,25% and Rising: Unemployment in Spain and Greece Is Still Spiralling,theatlantic.com,http://www.theatlantic.com/business/archive/2012/10/25-and-rising-unemployment-in-spain-and-greece-is-still-spiralling/264343/
2012-10-31,03:06:13,12cozs,19,"Iran pulls back from nuclear bomb goal: Israeli defense minister
| Reuters",reuters.com,http://www.reuters.com/article/2012/10/30/us-iran-israel-idUSBRE89T1GT20121030
2012-10-31,14:50:54,12dz0f,15,"Schools closed, thousands move to higher ground as 90 kph (55 mph) cyclone roars toward southern India",foxnews.com,http://www.foxnews.com/world/2012/10/31/schools-closed-thousands-move-to-higher-ground-as-cyclone-roars-toward-southern/
2012-10-31,03:49:04,12crxb,18,Terrorist in Indonesia is arrested with plans to attack the U.S. embassy in Jakarta as retaliation over the U.S.-made film the “Innocence of Muslims.”,thediplomat.com,http://thediplomat.com/asean-beat/2012/10/31/new-era-of-terrorism-in-indonesia/
2012-10-31,20:36:47,12e8pr,16,"Forget Europe: Is the Real Debt Crisis in Japan? ""In 2011, general government gross debt totaled nearly 230 % of GDP and is projected to reach 245 % in 2013...Greece is 150 %.""",thediplomat.com,http://thediplomat.com/2012/10/30/japan-land-of-the-rising-debt/
2012-10-31,06:04:53,12d2n1,12,Bahrain's U.S.-Backed Sunni Monarchy Bans All Protests in New Crackdown,nytimes.com,http://www.nytimes.com/2012/10/31/world/middleeast/bahrain-bans-all-protests-in-new-crackdown.html?smid=re-share
2012-10-31,05:09:34,12cye1,11,"Greece delays austerity vote, warns of 'chaos'
",seattletimes.com,http://seattletimes.com/html/businesstechnology/2019556880_apeugreecefinancialcrisis.html
2012-10-31,11:40:40,12dpnn,10,Scottish green energy target set at 50% of demand by 2015,bbc.co.uk,http://www.bbc.co.uk/news/uk-scotland-scotland-politics-20140313
2012-10-31,19:50:28,12e73i,12,BBC News - Haiti fears food shortages after hurricane hit crops,bbc.co.uk,http://www.bbc.co.uk/news/world-latin-america-20151178
