2012-08-13,20:24:37,y51qi,2846,"QANTAS airline defends policy of moving any men sitting next to unaccompanied minors, to different seats.  Because every adult male is a potential child molester...",smh.com.au,http://www.smh.com.au/travel/travel-incidents/nurse-humiliated-by-qantas-policy-20120813-243t4.html#poll
2012-08-13,06:13:18,y3y2q,2628,Wikileaks under week long attack. Remains inaccessible.,huffingtonpost.com,http://www.huffingtonpost.com/mobileweb/2012/08/12/wikileaks-our-sites-bee_n_1769580.html?utm_hp_ref=media
2012-08-13,01:26:44,y3it3,1327,Egypt president Mohamed Morsi forces top generals to retire ,guardian.co.uk,http://www.guardian.co.uk/world/2012/aug/12/mohamed-morsi-orders-generals-retire
2012-08-13,22:27:15,y55vj,547,Two New Pyramids discovered in Egypt,news.sky.com,http://news.sky.com/story/971892/two-new-pyramids-found-on-google-earth
2012-08-13,04:16:59,y3ron,536,Fukushima Chief Yoshida: We must bring foreign experts in to help — Reactors NOT stabilized,enenews.com,http://enenews.com/fukushima-chief-yoshida-we-must-bring-in-foreign-experts-to-help-reactors-not-stabilized
2012-08-13,02:23:14,y3li3,385,Israeli sniper gets 45 days for killing Palestinian women,english.al-akhbar.com,http://english.al-akhbar.com/content/israeli-sniper-given-less-two-months-killing-palestinian-women
2012-08-13,17:38:50,y4x8l,164,Gender-based violence leading cause of death for Turkish women 15-44,todayszaman.com,http://www.todayszaman.com/news-289172-gender-based-violence-leading-cause-of-death-for-women-aged-15-44.html
2012-08-13,19:04:04,y4zjz,165,"Reddit man spends summer flying around the world helping others | Australian media has picked this up
			News.com.au",news.com.au,http://www.news.com.au/travel/news/reddit-user-flies-around-the-world-helping-others/story-e6frfq80-1226449235192
2012-08-13,20:41:33,y5283,133,"""Pope Benedict XVI's butler will be charged with aggravated theft over the leaking of hundreds of secret papers from the pope's personal apartment to an Italian journalist . . . A second man, Vatican IT expert Claudio Sciarpelletti, will be charged with aiding the butler, Paolo Gabriele""",religion.blogs.cnn.com,http://religion.blogs.cnn.com/2012/08/13/vatican-to-reveal-if-popes-butler-will-faces-charges-over-leak/
2012-08-14,00:05:12,y5am3,122,"Brazil's economic slowdown so far leaves many unscathed: Brazil unemployment is at a record low, wages have risen, and more than 1 million jobs have been created this year. An economist calls it the 'great conundrum.'",latimes.com,"http://www.latimes.com/news/nationworld/world/la-fg-brazil-no-boom-20120813,0,6291545.story"
2012-08-13,22:50:22,y56wo,109,Even China Is Running Out of Money Now,forbes.com,http://www.forbes.com/sites/gordonchang/2012/08/12/china-is-running-out-of-money/
2012-08-13,02:13:18,y3l1l,109,Syrian atrocity: Bodies of postal workers thrown from roof (GRAPHIC VIDEO)  — RT,on.rt.com,http://on.rt.com/ph0n7l
2012-08-14,04:02:41,y5pes,100,"Extreme porn trial: well, thank you for that interesting anatomical lesson - The Guardian",guardian.co.uk,http://www.guardian.co.uk/commentisfree/2012/aug/09/extreme-porn-trial-anatomical-lesson
2012-08-13,09:58:03,y4afh,82,"German Archaeological Conservationists Pushing for Rebuilding Afghanistan's Buddhas -    Their destruction in 2001 by the Taliban caused global condemnation.  Once the largest in the world, they were carved in the 6th Century.  Unesco's decision not to rebuild them hasn't ended the debate. ",bbc.co.uk,http://www.bbc.co.uk/news/magazine-18991066
2012-08-13,11:16:20,y4f10,77,Moscow to spend over $720 billion on new military aircraft  ,rt.com,http://www.rt.com/news/air-force-renovation-putin-459/
2012-08-13,03:50:05,y3q6o,63,Saudi Arabia plans new city for women workers only,guardian.co.uk,http://www.guardian.co.uk/world/2012/aug/12/saudi-arabia-city-women-workers
2012-08-13,15:49:52,y4toc,50,Thailand - Senator 'accidentally' kills secretary.....With an Uzi,bangkokpost.com,http://www.bangkokpost.com/breakingnews/307424/senator-accidentally-kills-secretary
2012-08-13,12:31:22,y4jfx,50,Israeli Minister Asks Nations to Say Iran Talks Have Failed - NYTimes.com,nytimes.com,http://www.nytimes.com/2012/08/13/world/middleeast/time-to-call-diplomatic-effort-on-iran-a-failure-israeli-official-says.html?_r=1&hp
2012-08-13,03:33:47,y3p85,45,At Least 300 Dead in Iran Earthquakes,nytimes.com,http://www.nytimes.com/2012/08/13/world/middleeast/scores-dead-in-iran-quake.html
2012-08-14,00:41:11,y5coj,34,Father of Saudi athlete says daughter called names for competing in Games,cnn.com,http://www.cnn.com/2012/08/13/world/meast/olympics-saudia-arabia-women/index.html?hpt=wo_c2
2012-08-14,03:28:20,y5n7n,32,"Media coverage of Syrian violence partial and untrue, says nun",irishtimes.com,http://www.irishtimes.com/newspaper/world/2012/0813/1224322099930.html
2012-08-13,10:30:54,y4cbs,32,Nigerian army 'kills 20 Boko Haram Islamists',bbc.co.uk,http://www.bbc.co.uk/news/world-africa-19234669
2012-08-13,23:23:05,y58g0,25,Syrian fighter jet crashes near Iraq border,bbc.co.uk,http://www.bbc.co.uk/news/world-middle-east-19246708
2012-08-13,19:40:15,y50ka,22,Indonesians protest against Myanmar genocide of Muslims. ,aljazeera.com,http://www.aljazeera.com/news/asia-pacific/2012/08/2012891451464281.html
2012-08-13,14:17:22,y4pbj,18,"Sailors from New Zealand's Royal Navy found nearly 10,000 square miles of Pumice on the surface of the South Pacific Ocean",edition.cnn.com,http://edition.cnn.com/2012/08/10/world/asia/floating-pumice/index.html?hpt=hp_t3
2012-08-13,10:39:20,y4ctb,19,Millions more will go hungry as world struggles to respond to unprecedented food crises and sharply rising prices,oxfam.org.uk,http://www.oxfam.org.uk/media-centre/press-releases/2012/08/millions-more-will-go-hungry
2012-08-13,03:29:13,y3oyq,14,Israel warned citizens in Sinai of imminent attack on Thursday,news.egypt.com,http://news.egypt.com/english/permalink/136802.html
2012-08-13,12:11:39,y4ia5,11,US terror drone kills 5 people in southern Somalia,presstv.ir,http://www.presstv.ir/detail/2012/08/10/255520/5-alshabab-fighters-killed-in-s-somalia/
2012-08-13,13:24:55,y4mif,11,Mursi's surprising swipe at military power,bbc.co.uk,http://www.bbc.co.uk/news/world-middle-east-19240200
2012-08-13,22:40:01,y56fm,13,Rate of Arctic summer sea ice loss is 50% higher than predicted,guardian.co.uk,http://www.guardian.co.uk/environment/2012/aug/11/arctic-sea-ice-vanishing?newsfeed=true
