2012-08-24,17:07:18,yqtf7,2377,Anders Brevik sentenced to 21 years...,bbc.co.uk,http://www.bbc.co.uk/news/world-europe-19365616
2012-08-24,21:38:26,yr1ai,1124,"US 'should hand over footage of drone strikes or face UN inquiry' - ""America is facing mounting global pressure over its use of UAVs ... [the issue] will remain at the top of the UN political agenda until some consensus and transparency has been achieved”.",belfasttelegraph.co.uk,http://www.belfasttelegraph.co.uk/news/world-news/us-should-hand-over-footage-of-drone-strikes-or-face-un-inquiry-16199983.html
2012-08-24,03:12:44,yphgs,1072,"Iceland’s recovery continues, declared ‘impressive’",icenews.is,http://www.icenews.is/index.php/2012/08/22/icelands-recovery-continues-declared-impressive/
2012-08-24,11:52:50,yqemg,869,"Palestinians design solar car not to buy petrol from Israel: “We want to lower as much as possible our dependence on Israel, because we won’t be able to reach a reasonable level of national security if Israel can, at any point, disconnect our electricity, and even harm the power plant in Gaza""",rt.com,http://rt.com/news/electic-car-palestine-israel-349/
2012-08-24,03:24:12,ypi8r,479,"The IMF: Iceland Was Right, We Were Wrong",thestreet.com,http://www.thestreet.com/story/11665082/1/iceland-was-right-we-were-wrong-the-imf.html
2012-08-24,06:01:42,ypsrs,281,"Pub owner in Copenhagen refuses to pay protection money to local gang, goes public about the repercussions that ensued and gets overwhelming support from the community (More details in comments)",politiken.dk,http://politiken.dk/newsinenglish/ECE1730244/publican-adamant-no-protection-money/
2012-08-24,23:00:05,yr52j,197,BBC removes Syrian opposition war crime video,hurriyetdailynews.com,http://www.hurriyetdailynews.com/bbc-removes-syrian-opposition-war-crime-video-.aspx?pageID=238&nID=28518&NewsCatID=359
2012-08-24,13:51:11,yqlmu,175,"The Swedish media war on Assange – ”Australian 
pig”, ”retard”, ”white-haired crackpot”, ”scumbag” - 
Fria Tider",friatider.se,http://www.friatider.se/the-swedish-media-war-on-assange#.UDcILwM1Sb8.reddit
2012-08-24,11:43:42,yqe1w,172,"Christian boy tortured and killed in Pakistan: The tortured body of an 11 year old Christian boy has been found in a town in Punjab, Pakistan, days after a young Christian girl was arrested on blasphemy charges",telegraph.co.uk,http://www.telegraph.co.uk/news/worldnews/asia/pakistan/9495451/Christian-boy-tortured-and-killed-in-Pakistan.html
2012-08-24,07:20:21,ypxxx,167,Palestinian man repeatedly tasered by Israeli police in front of his children Israel News | Haaretz Daily Newspaper,haaretz.com,http://www.haaretz.com/news/national/palestinian-man-repeatedly-tasered-by-israeli-police-in-front-of-his-children-1.460398
2012-08-24,06:45:27,ypvns,167,"Gangnam Style, dissected ",theatlantic.com,http://www.theatlantic.com/international/archive/2012/08/gangnam-style-dissected-the-subversive-message-within-south-koreas-music-video-sensation/261462/
2012-08-24,03:33:59,ypiw4,159,Nepali snake bites man. Man bites snake to death,guardian.co.uk,http://www.guardian.co.uk/world/2012/aug/23/nepal-man-bite-snake-death
2012-08-24,07:23:24,ypy5p,149,Catholic Church sues three pro Pussy Riot protestors in Germany. They might face more jail time than Pussy Riot in Russia,thelocal.de,http://www.thelocal.de/national/20120823-44541.html
2012-08-25,00:07:33,yr8zo,146,"Egypt bans detention of journalists accused of media-related offenses. Islam Afifi, editor of an opposition paper charged with insulting President Mohamed Morsi, released after president issues decree",guardian.co.uk,http://www.guardian.co.uk/world/2012/aug/24/egypt-bans-detention-journalists
2012-08-24,21:18:13,yr0hs,138,Even more brutal leader takes over Mexico's Zetas,chron.com,http://www.chron.com/news/article/Even-more-brutal-leader-takes-over-Mexico-s-Zetas-3811728.php
2012-08-24,01:57:26,ypcf9,107,18 Days with the Syrian rebels (PHOTOS),reuters.com,http://www.reuters.com/subjects/syria-rebel-photos
2012-08-24,23:07:26,yr5i5,111,"The New Statesman must correct its error over Assange and extradition (re: New Statesman's article ""Legal myths about the Assange extradition"")",guardian.co.uk,http://www.guardian.co.uk/commentisfree/2012/aug/24/new-statesman-error-assange-swedish-extradition
2012-08-24,12:28:35,yqguc,107,Why the Western Media Hates Julian Assange,truthdig.com,http://www.truthdig.com/eartotheground/item/why_the_western_media_hates_julian_assange_20120823/
2012-08-24,09:38:43,yq6dx,102,"Ex-senator in Brazil to repay $234 mn in stolen funds: ""This is the largest amount to be repaid in a corruption case""",news.yahoo.com,http://news.yahoo.com/brazil-ex-senator-repay-234-mn-stolen-funds-232605792.html
2012-08-24,02:03:48,ypcti,82,Egypt arrests man after nail bomb attack on German embassy over prophet Mohammed cartoons,uk.reuters.com,http://uk.reuters.com/article/2012/08/22/uk-egypt-germany-arrest-idUKBRE87L0FB20120822
2012-08-24,11:46:57,yqe8y,79,Assange & Ecuador may take UK to international court,heraldsun.com.au,http://www.heraldsun.com.au/news/world/assange-could-go-to-international-court/story-fnd134gw-1226457066156
2012-08-24,21:17:24,yr0gq,68,"How Did Coal-Rich India End Up With Power Blackouts? - For decades, the World Bank pushed privatization of the power industry and assumed that energy services would ""trickle down"" to the poor.",thenation.com,http://www.thenation.com/article/169505/how-did-coal-rich-india-end-power-blackouts
2012-08-24,16:58:38,yqt4x,53,Apple and Samsung get South Korea bans - BBC News,bbc.co.uk,http://www.bbc.co.uk/news/business-19364875
2012-08-24,01:57:43,ypcfp,37,"German state bans neo-Nazi groups, raids buildings. Nearly 1,000 police officers raided clubhouses and apartments of known neo-Nazis in western Germany on Thursday after a ban was placed on 3 violent far-right groups in the country's most populous state.",reuters.com,http://www.reuters.com/article/2012/08/23/us-germany-neonazis-idUSBRE87M0PG20120823
2012-08-24,23:16:59,yr622,32,Imam turned Pakistan 'blasphemy' girl in 'to protect her',google.com,http://www.google.com/hostednews/afp/article/ALeqM5h0TXhKbeXzLdpxMA7nrj78lVMiKg?docId=CNG.f6cb70e111dffc09bfacda97903a2e0d.691
2012-08-24,02:37:22,ypf2w,30,MIT Professor Noam Chomsky: Julian Assange deserves applause,timesofindia.indiatimes.com,http://timesofindia.indiatimes.com/home/opinion/interviews/Noam-Chomsky-Julian-Assange-deserves-applause/articleshow/15621507.cms
2012-08-24,21:54:41,yr1yi,24,"Pussy Riot 2.0: German Catholic Church goes after copycats. ""The right to demonstration cannot be set above the right to religious freedom. We can't and won't accept this”",rt.com,http://rt.com/news/pussy-riot-cologne-cathedral-463
2012-08-24,21:49:56,yr1rj,29,China Confronts Mounting Piles of Unsold Goods ,cnbc.com,http://www.cnbc.com/id/48773431
2012-08-24,21:02:42,yqzy0,24,U.S. Faces Growing 'Insider Attacks' In Afghanistan : A top U.S. general cites multiple reasons for the increase in attacks by men in Afghan uniforms.,npr.org,http://www.npr.org/2012/08/23/159926492/us-confronts-growing-insider-attacks-in-afghanistan
2012-08-24,09:32:01,yq60j,22,French government eases job access for Roma,bbc.co.uk,http://www.bbc.co.uk/news/world-europe-19354146
