2012-06-18,09:09:18,v76y2,3021,"Indian drug giant Cipla cuts cost of cancer medicines in a humanitarian move, shaking up the drug market ",dawn.com,http://dawn.com/2012/06/17/india-firm-shakes-up-cancer-drug-market-with-price-cuts/
2012-06-18,21:30:47,v7zif,1971,Man in India beheads 20-year-old daughter in rage over her lifestyle and parades her head through village,bigstory.ap.org,http://bigstory.ap.org/article/indian-man-beheads-daughter-rage-over-lifestyle
2012-06-18,00:59:32,v6j57,1557,"Religious leaders furious over Norway's proposed circumcision ban, but one Norway politician says: ""I'm not buying the argument that banning circumcision is a violation of religious freedom, because such freedom must involve being able to choose for themselves""",freethinker.co.uk,http://freethinker.co.uk/2012/06/17/religious-leaders-furious-over-norways-proposed-circumcision-ban/
2012-06-18,18:03:15,v7udi,1528,"Google sees 'alarming' level of government censorship: Web giant says it received more than 1,000 requests from government officials for the removal of content in the past six months, complying with more than half.",news.cnet.com,http://news.cnet.com/8301-1023_3-57454920-93/google-sees-alarming-level-of-government-censorship/?tag=cnetRiver
2012-06-18,12:06:09,v7g62,818,Canada to be put on UN human rights watchlist,unwatch.org,http://www.unwatch.org/cms.asp?id=3235583&campaign_id=65378
2012-06-18,04:07:34,v6rs8,483,"Nova Scotian government forces small, family-owned Christmas tree farm to unwillingly sell their land to an Australian Gold Mining company ""for the greater public good"".",thechronicleherald.ca,http://thechronicleherald.ca/business/107560-ddv-gold-gets-ok-to-expropriate-moose-river-land#.T9xZOXaI0WU.facebook
2012-06-18,23:48:40,v84yd,362,"100s Occupy Brazil Dam - Indigenous peoples, farmers &  fisherfolk  marched onto an earthen dam blocking the Xingu River & with pick axes & shovels opened a channel. Demanding the cancellation of the $18 billion project, they placed their bodies to spell out words meaning ""Stop Belo Monte.""",ens-newswire.com,http://www.ens-newswire.com/ens/jun2012/2012-06-17-01.html
2012-06-18,22:13:40,v80yc,323,Germany has decided to pursue ambitious greenhouse-gas reductions - while closing down its nuclear plants. Can a heavily industrialized country power its economy with wind turbines and solar panels?,technologyreview.com,https://www.technologyreview.com/featured-story/428145/the-great-german-energy-experiment/?a=f
2012-06-18,17:41:49,v7tvw,264,Israeli Soldier Holds Hunger Strike in Solidarity With Palestinians in Detention,commondreams.org,http://www.commondreams.org/headline/2012/06/17-3
2012-06-18,10:00:44,v79jy,158,It has come to this: Greek towns reverting to barter economies,theblaze.com,http://www.theblaze.com/stories/it-has-come-to-this-greek-towns-reverting-to-barter-economies/
2012-06-18,03:35:36,v6q6n,128,Rumor had it a devious conspiracy was afoot: Egyptians voting for a new president Saturday were being tricked into using pens with disappearing ink so their choice on the ballot would vanish before it was counted.,hosted.ap.org,http://hosted.ap.org/dynamic/stories/M/ML_EGYPT_ELECTION_THE_PEN_PLOT?SITE=RIPAW&SECTION=HOME&TEMPLATE=DEFAULT
2012-06-18,01:17:23,v6jx2,127,Greek vote 'too close to call',bbc.co.uk,http://www.bbc.co.uk/news/world-europe-18478982
2012-06-19,02:04:42,v8c76,121,Taliban to ban polio vaccinations for children until US stops drone strikes,news.yahoo.com,http://news.yahoo.com/blogs/lookout/taliban-warns-u-drone-strikes-153252109.html
2012-06-18,21:29:56,v7zhd,120,Russian Warships Said to Be Going to Naval Base in Syria - NYTimes.com,nytimes.com,http://www.nytimes.com/2012/06/19/world/europe/russian-warships-said-to-be-going-to-naval-base-in-syria.html
2012-06-18,10:56:34,v7ch2,110,Egypt’s ruling Supreme Council of the Armed Forces has issued a new constitutional declaration granting itself near total autonomy in military matters and the ability to exercise a de facto veto over the drafting of a new constitution.,aljazeera.com,http://www.aljazeera.com/indepth/spotlight/egypt/2012/06/201261812449990250.html#.T96KrXkCoWo.reddit
2012-06-18,18:51:00,v7vg5,104,Taikonauts reach Chinese space station: Crew successfully enter experimental module in first stage of mission featuring China's first woman in space.,aljazeera.com,http://www.aljazeera.com//news/asia-pacific/2012/06/20126189112528464.html
2012-06-19,00:13:55,v8662,80,"Is the U.N. abandoning Syria's rebels? Hundreds of United Nations monitors halt their mission as Bashar al-Assad and Syrian rebels flout the U.N.'s ceasefire deal, raising fears of all-out civil war
",theweek.com,http://theweek.com/article/index/229394/is-the-un-abandoning-syrias-rebels
2012-06-18,22:59:45,v82ry,78,"""Diet or Quit"" Pakistan Tells Pot-Bellied Police",news.yahoo.com,http://news.yahoo.com/diet-quit-pakistan-tells-pot-bellied-police-132315712.html
2012-06-18,20:36:31,v7xye,74,"The paralyzed man who tweets with his eyes, and wants to die",theweek.com,http://theweek.com/article/index/229362/the-paralyzed-man-who-tweets-with-his-eyes-and-wants-to-die
2012-06-18,08:42:43,v75l4,71,"Greek Voices: ""We just feel betrayed. We are the EU's scapegoats""",independent.co.uk,http://www.independent.co.uk/news/world/europe/greek-voices-we-just-feel-betrayed-we-are-the-eus-scapegoats-7857336.html
2012-06-18,08:37:02,v75bc,69,"Thousands of Turkish Women March Against Plans to Restrict Access to Abortion - Prime Minister Recep Tayyip Erdogan catapulted the issue into public debate when he called abortion ""murder""",cnn.com,http://www.cnn.com/2012/06/17/world/europe/turkey-abortion-rally/index.html
2012-06-18,20:02:17,v7x37,68,"Violence erupts on Israel's Egypt, Gaza borders",reuters.com,http://www.reuters.com/article/2012/06/18/us-israel-egypt-violence-idUSBRE85H0KT20120618
2012-06-18,20:08:13,v7x7y,62,The Ethiopian government is forcibly displacing tens of thousands from their land to make way for state-run sugar plantations,bbc.co.uk,http://www.bbc.co.uk/news/world-africa-18462041
2012-06-18,01:20:14,v6k18,62,"In Canada, a B.C. judge strikes down law making physician-assisted suicide illegal",vancouversun.com,http://www.vancouversun.com/news/judge+strikes+down+making+physician+assisted+suicide+illegal/6789250/story.html
2012-06-18,02:02:58,v6lwk,44,Pope to Irish: Child abuse by clergy shook Catholic faith; calls motive a mystery,washingtonpost.com,http://www.washingtonpost.com/national/on-faith/pope-to-irish-child-abuse-by-clergy-shook-catholic-faith-calls-motive-a-mystery/2012/06/17/gJQANxbOjV_story.html
2012-06-18,21:05:35,v7ysb,42,"Australia's oldest artwork found: Archeologist discovers Aboriginal rock art made 28,000 years ago in Northern Territory cave",guardian.co.uk,http://www.guardian.co.uk/world/2012/jun/18/rock-australia-art
2012-06-18,22:36:12,v81sm,41,Secret EU summit document shows first step to Banking Union,telegraph.co.uk,http://www.telegraph.co.uk/finance/financialcrisis/9336766/Exclusive-Secret-EU-summit-document-shows-first-step-to-banking-union.html
2012-06-18,09:24:46,v77pn,31,"Rio+20: Prince Charles in climate change warning """"Like a sleepwalker, we seem unable to wake up to the fact that so many of the catastrophic consequences of carrying on with 'business-as-usual'...""",bbc.co.uk,http://www.bbc.co.uk/news/uk-18479724
2012-06-18,11:35:54,v7ehu,26,Egypt's Brotherhood declares its candidate president,reuters.com,http://www.reuters.com/article/2012/06/18/us-egypt-election-idUSBRE85G01U20120618
2012-06-18,21:02:10,v7yon,31,"Japanese Mayors Protest Restart of Nuclear Power Plant - 73 serving & retired mayors accuse the Noda Government of sidestepping efforts to ensure nuclear safety, criticizing the decision to restart the Ohi plant under makeshift safety standards & before setting up a new nuclear watchdog",ens-newswire.com,http://www.ens-newswire.com/ens/jun2012/2012-06-17-02.html
