2012-05-02,08:42:01,t2cku,2461,"Tsunami motorcycle washes up in Canada, owner located in Japan. Now Harley Davidson wants to restore it for him.",cbc.ca,http://www.cbc.ca/news/canada/british-columbia/story/2012/05/01/bc-tsunami-motorcycle-owner.html
2012-05-02,21:21:08,t362b,2072,"The Vatican backs Ireland's most senior churchman who failed to protect children from paedophile priests, even though he knew who they were, and who was abusing them..",bbc.co.uk,http://www.bbc.co.uk/news/uk-northern-ireland-17921673
2012-05-02,05:08:25,t20fm,1100,Protestors just say no to Dutch cannabis ban,reuters.com,http://www.reuters.com/article/2012/05/01/us-dutch-cannabis-idUSBRE84013220120501
2012-05-02,20:54:57,t35bh,740,Motorola wins Xbox and Windows 7 ban in Germany,bbc.com,http://www.bbc.com/news/technology-17924190
2012-05-02,11:03:09,t2kqf,292,The Pirate Party (founded on protecting internet privacy and free downloads for personal use) is emerging as the leading 3rd party in Germany,reuters.com,http://www.reuters.com/article/2012/04/30/us-germany-pirates-idUSBRE83T08G20120430
2012-05-03,00:30:47,t3dtr,268,What the recession looks like in Spain. (24.4% unemployment in pictures.),theatlanticcities.com,http://www.theatlanticcities.com/jobs-and-economy/2012/05/what-recession-looks-spain/1895/
2012-05-02,19:45:07,t33mx,252,"Jamming signals thought to be from North Korea have affected GPS navigation on at least 250 flights since Saturday, South Korean officials say.",bbc.co.uk,http://www.bbc.co.uk/news/world-asia-17922021
2012-05-02,22:22:17,t383o,203,"Quebec student protests mark 'Maple spring' in Canada.  A revolt against a government tuition fee hike is growing into Occupy-inspired dissent against austerity and inequality
",guardian.co.uk,http://www.guardian.co.uk/commentisfree/cifamerica/2012/may/02/quebec-student-protest-canada
2012-05-03,00:54:52,t3f4y,174,"Cannabis - Britain's growth industry: A clandestine industry has sprung up in the bedrooms, living rooms, cellars and roof tops. Some do it for personal use, others grow cannabis for organised criminal networks who make millions out of what they know is a comparatively low risk, high-profit crime.",independent.co.uk,http://www.independent.co.uk/news/uk/crime/cannabis-britains-growth-industry-7704330.html?printService=print
2012-05-02,08:44:33,t2cpz,157,"After 50 years, Cubans hope to travel freely. One senior official says a ""radical and profound"" change is weeks away.",hosted.ap.org,http://hosted.ap.org/dynamic/stories/C/CB_CUBA_RIGHT_TO_TRAVEL?SITE=AP&SECTION=HOME&TEMPLATE=DEFAULT&CTIME=2012-05-01-18-04-44
2012-05-02,22:27:33,t38at,152,"Eleven people were killed and more than 160 wounded near Egypt's Defence Ministry on Wednesday after armed men assaulted protesters demanding an end to army rule, prompting two Islamist candidates to suspend their presidential election campaigns.",reuters.com,http://www.reuters.com/article/2012/05/02/us-egypt-clashes-idUSBRE8410BJ20120502
2012-05-02,21:04:34,t35l7,143,"Ireland’s Catholic leader defends role in cover-up of priest’s child abuse, says he won’t quit",washingtonpost.com,http://www.washingtonpost.com/world/europe/irelands-catholic-leader-faces-new-demands-to-quit-over-1975-cover-up-of-priests-child-abuse/2012/05/02/gIQAE1trvT_story.html
2012-05-02,18:26:05,t321d,124,Court bans Microsoft products from German market,reuters.com,http://www.reuters.com/article/2012/05/02/us-microsoft-motorola-idUSBRE8410DC20120502?feedType=RSS&feedName=businessNews&utm_source=feedburner&utm_medium=feed&utm_campaign=Feed%3A+reuters%2FbusinessNews+%28News+%2F+US+%2F+Business+News%29
2012-05-02,03:20:57,t1ucw,98,Russian police arrest gay rights activists at May Day rally,guardian.co.uk,http://www.guardian.co.uk/world/2012/may/01/russia-arrest-gay-rights-activists
2012-05-03,02:03:43,t3iqg,93,S&P Upgrades Greece Out Of Default ,npr.org,http://www.npr.org/2012/05/02/151839622/s-p-upgrades-greece-out-of-default
2012-05-02,07:16:08,t27up,91,Rupert Murdoch's Fox broadcast licences targeted by US ethics group,guardian.co.uk,http://www.guardian.co.uk/media/2012/may/01/rupert-murdoch-fox-licences-us?newsfeed=true
2012-05-02,01:03:21,t1mug,82,"Rick Falkvinge addresses the German Pirate Party’s General Assembly, with 2800 people gathered in Neumünster – the largest party assembly in Germany’s democratic history",falkvinge.net,http://falkvinge.net/2012/04/28/my-address-to-to-german-piratenpartei-assembly/
2012-05-02,09:26:13,t2f2x,82,Bolivia nationalises electrical grid taking over Spanish-owned company,aljazeera.com,http://www.aljazeera.com/news/americas/2012/05/20125122339862111.html
2012-05-03,00:35:10,t3e24,81,Chinese dissident Chen Guangcheng says he left his refuge in the US embassy in Beijing after Chinese authorities made death threats to family members.,bbc.co.uk,http://www.bbc.co.uk/news/world-asia-china-17930131
2012-05-02,03:31:02,t1uwl,77,News International may have hacked other murdered children's phones,telegraph.co.uk,http://www.telegraph.co.uk/news/uknews/phone-hacking/9239561/News-International-may-have-hacked-other-murdered-childrens-phones-Tom-Watson-claims.html
2012-05-02,10:09:45,t2hmk,59,What Finland Can Teach China:  A focus on daycare rather than rote learning is why Finnish students have some of the best global test scores. Chinese students might be more creative if they took a leaf out of their book.,the-diplomat.com,http://the-diplomat.com/2012/05/01/what-finland-can-teach-china/?all=true
2012-05-02,13:17:37,t2s2r,56,Myanmar's Aung San Suu Kyi sworn in as member of parliament,google.com,http://www.google.com/hostednews/ap/article/ALeqM5gbq_KAtVZfOYGDUVA0jkMAxGGtEA?docId=0c02d6a23736480289be6c3392146680
2012-05-02,21:18:29,t35zh,56,Cesium exceeding new limit detected in 51 food items in nine prefectures,japantimes.co.jp,http://www.japantimes.co.jp/text/nn20120502a9.html
2012-05-02,13:08:05,t2rlo,50,"Saudi Arabian Mufti, Says Girls Ready For Marriage At 10 Years Old ",huffingtonpost.com,http://www.huffingtonpost.com/2012/04/24/sheikh-abdul-aziz-al-al-sheikh_n_1450449.html?ncid=edlinkusaolp00000003
2012-05-02,09:24:29,t2ezw,50,"Bolivia Seizes Spanish-Owned Electricity Firm - 
Bolivia says it is taking full control because it's failed to invest enough money back into the company",bbc.co.uk,http://www.bbc.co.uk/news/world-latin-america-17916573
2012-05-02,11:50:34,t2neq,48,"Facing Death, Afghan Girl Runs To U.S. Military: After a teenage Afghan girl spoke to a boy by phone, she was threatened with death by her brothers, who said she dishonored her family",npr.org,http://www.npr.org/2012/05/01/151768550/facing-death-afghan-girl-runs-to-u-s-military
2012-05-03,03:39:54,t3o7q,44,"Europe to launch satellite to study Jupiter's 3 icy moons and orbit Ganymede, the only moon in the solar system with a magnetosphere, and therefore potentially an atmosphere.",bbc.co.uk,http://www.bbc.co.uk/news/science-environment-17917102
2012-05-02,20:53:49,t35a6,44,"'The only good Kraut is a dead Kraut,' says 
Astronomer Sir Patrick Moore",telegraph.co.uk,http://www.telegraph.co.uk/news/uknews/9238579/The-only-good-Kraut-is-a-dead-Kraut-Sir-Patrick-Moore-says.html
2012-05-02,01:10:33,t1n8g,41,"Saudi Woman, Sentenced to 'Lashing' for Driving, Will Not Be Whipped ",theatlantic.com,http://www.theatlantic.com/international/archive/2012/04/saudi-woman-sentenced-to-lashing-for-driving-will-not-be-whipped/256562/
2012-05-02,21:16:39,t35xm,42,"Armed 
palestinian 
groups 
called 
Jaljalat, 
the 
Army 
of 
Islam, 
the 
Hamas 
military 
wing 
al-
Qassam 
and 
groups 
affiliated 
with 
al- 
Qaida 
have 
attacked 
Egyptian 
police 
forces",upi.com,http://www.upi.com/Top_News/World-News/2012/05/02/Attacks-in-Sinai-on-the-rise/UPI-79281335957938/
