2012-01-20,07:48:50,oo1k2,1677,Thailand recognizes Palestinian state,news.yahoo.com,http://news.yahoo.com/palestinians-thailand-recognises-state-163950684.html
2012-01-20,12:55:10,oofzk,1669,Cruise Captain not the only one to fall into life boat: Second and third in command also tripped and fell into same lifeboat,anorak.co.uk,http://www.anorak.co.uk/308827/news/costa-concordia-francesco-schettino-dimitri-christidis-and-silvia-coronia-fell-into-a-lifeboat.html/
2012-01-20,00:09:31,onec3,1631,Hallelujah! Canadians agree it's time to legalize marijuana,vancouversun.com,http://www.vancouversun.com/health/Hallelujah+Canadians+agree+time+legalize+marijuana/6013181/story.html
2012-01-20,23:35:28,oowwq,1617,Five Muslim men in  UK are guilty of stirring up hatred by handing out leaflet advocating death penalty for gay people,huffingtonpost.com,http://www.huffingtonpost.com/2012/01/11/uk-men-death-penalty-antigay-trial-_n_1198927.html
2012-01-20,11:36:25,oocdj,1015,Canadian freestyle skier Sarah Burke dead at 29,seattletimes.nwsource.com,http://seattletimes.nwsource.com/html/sports/2017279940_apfreobitsarahburke.html?syndication=rss
2012-01-21,05:09:56,opcfc,656,Undercover police had children with activists they spied on,guardian.co.uk,http://www.guardian.co.uk/uk/2012/jan/20/undercover-police-children-activists
2012-01-20,18:57:48,oopxo,418,"5 unemployed Moroccan men set themselves on fire after demonstrating against a lack of jobs, especially for university graduates",washingtonpost.com,http://www.washingtonpost.com/world/africa/5-unemployed-moroccans-set-themselves-on-fire-in-protest-3-hospitalized/2012/01/19/gIQAjg6LAQ_story.html
2012-01-20,11:25:05,oobv4,373,Cruise ship's cook says captain ordered dinner after crash,cnn.com,http://www.cnn.com/2012/01/19/world/europe/italy-cruise-cook/index.html
2012-01-20,21:07:19,oosbu,339,Senior al Qaeda figure killed in drone strike,reuters.com,http://www.reuters.com/article/2012/01/19/us-usa-pakistan-drones-idUSTRE80I2G120120119
2012-01-20,18:01:45,oooxn,276,"When faced with a non functional printing press, the staff from a Japanese newspaper hand wrote copies to keep reader up to date with vital information during the crisis",guardian.co.uk,http://www.guardian.co.uk/media/greenslade/2012/jan/20/newspapers-japan
2012-01-20,23:38:07,oox11,105,"Iran calls for Israel to be ""punished""",in.reuters.com,http://in.reuters.com/article/2012/01/20/iran-idINDEE80J0FC20120120
2012-01-20,23:47:15,ooxej,89,Cuban hunger striker Wilmar Villar dies in jail,bbc.co.uk,http://www.bbc.co.uk/news/world-latin-america-16644899
2012-01-20,20:11:33,ooqzp,85,"Myanmar president vows no turning back on democratic reforms, calls for lifting sanctions ",washingtonpost.com,http://www.washingtonpost.com/world/asia-pacific/recently-freed-shan-ethnic-leader-in-myanmar-plans-to-register-political-party/2012/01/19/gIQAHBcYAQ_story.html
2012-01-21,02:08:38,op3pv,84,"Foxconn Chief's Unfortunate Animal-Worker Comparison - 
Though it's spinning the CEO's comparison of his workforce to zoo creatures as cultural mis-communication, it doesn't change the fact it treats workers like animals. The remark came after the firm was accused of pushing its workers to suicide. ",theatlanticwire.com,http://www.theatlanticwire.com/technology/2012/01/foxconn-chiefs-unfortunate-animal-worker-comparison/47653/?2
2012-01-20,20:07:32,ooqwl,72,Multiple explosions in Northern Irish city of Derry blamed on dissident republican group - possibly the real IRA,guardian.co.uk,http://www.guardian.co.uk/uk/2012/jan/20/derry-bombs-blamed-dissident-republicans?newsfeed=true
2012-01-21,03:44:11,op8ao,67,Crocodile swallows 10 year old girl whole.,calgaryherald.com,http://www.calgaryherald.com/news/Crocodile+swallows+Indonesian+girl/6026143/story.html
2012-01-20,21:03:22,oos7u,62,BBC News - First video of Fukushima nuclear reactor interior,bbc.co.uk,http://www.bbc.co.uk/news/world-asia-16649030
2012-01-20,17:58:49,ooow1,61,Four French troops shot by Afghan soldier,bbc.co.uk,http://www.bbc.co.uk/news/world-asia-16645251
2012-01-20,20:09:47,ooqyd,58,Cuba offers to swap US spy for 5 Cubans imprisoned in the US,america.cubaminrex.cu,http://america.cubaminrex.cu/English/5PoliticalPrisoners/Articles/Press/2012/CUBAN.html
2012-01-20,23:08:01,oovwo,55,"Moammar Gadhafi had undeclared chemical weapons, monitors say",worldnews.msnbc.msn.com,http://worldnews.msnbc.msn.com/_news/2012/01/20/10198064-moammar-gadhafi-had-undeclared-chemical-weapons-monitors-say
2012-01-20,15:12:33,ool59,54,"The use of Sharia, or Islamic religious law, is growing in Britain, with thousands of Muslims using it to settle disputes each year. Some women's groups are objecting.",bbc.co.uk,http://www.bbc.co.uk/news/uk-16522447
2012-01-20,21:52:41,ootih,49,Afghanistan: France suspends training ops after Afghan soldier shoots dead 4 French troops and maiming 16 others,globalpost.com,http://www.globalpost.com/dispatch/news/regions/europe/france/120120/afghanistan-france-soldiers-shot-training-suspended
2012-01-20,09:26:41,oo6cu,42,Six Nato soldiers killed in Afghan helicopter crash,bbc.co.uk,http://www.bbc.co.uk/news/world-asia-16643888
2012-01-21,00:58:58,op0hu,42,"A series of about 20 explosions has rocked Kano, the main city in the north of Nigeria.",bbc.co.uk,http://www.bbc.co.uk/news/world-africa-16658493
2012-01-20,21:21:35,oosp1,42,Pakistan's Culture of Honorable Corruption ,guardian.co.uk,http://www.guardian.co.uk/commentisfree/2012/jan/19/pakistan-culture-honourable-corruption
2012-01-20,23:09:45,oovzd,31,Libya had undeclared chemical weapon stockpile - Yahoo! News,news.yahoo.com,http://news.yahoo.com/libya-had-undeclared-chemical-weapon-stockpile-093625136.html
2012-01-21,01:25:55,op1r9,28,Indian couple have children taken away by Norwegian social workers because they fed them with their hands.,dailymail.co.uk,http://www.dailymail.co.uk/news/article-2088337/Norwegian-authorities-away-children-Indian-couple-eating-hands.html
2012-01-20,23:14:32,oow58,27,Pressure mounts for U.N. to intervene in Syria as Arab League mission is in doubt,english.alarabiya.net,http://english.alarabiya.net/articles/2012/01/20/189470.html
2012-01-20,11:35:25,oocbi,27,"Police raids put new focus on child abuse by Belgian priests: Investigators seize files in bishops’ offices seeking evidence of abuse, cover-up.",globalpost.com,http://www.globalpost.com/dispatch/news/regions/europe/benelux/120119/police-raids-put-new-focus-child-abuse-belgian-priests
2012-01-20,11:55:46,oodb8,26,"Murders in Toronto at 25 year low after crack down on the ""Shower Posse"" one of the most dangerous gangs in the world.",cbc.ca,http://www.cbc.ca/news/world/story/2012/01/18/shower-posse-jamaica-gang-toronto.html
