2012-01-28,15:12:46,p09y2,2650,"Copyright Industry Calls For Search Engine Censorship: At a behind-closed-doors meeting with a UK govt dept, Hollywood and major music labels want Google, Bing and Yahoo to de-list popular filesharing sites such as The Pirate Bay, and give higher ranking to authorized sites",torrentfreak.com,https://torrentfreak.com/copyright-industry-calls-for-broad-search-engine-censorship-120127/
2012-01-28,04:24:46,ozkjx,1716,"""Ireland's Sopa"" to pass without parliamentary vote.",wired.co.uk,http://www.wired.co.uk/news/archive/2012-01/25/sopa-ireland
2012-01-28,15:31:45,p0ae1,1470,Anonymous targets Europe's SOPA: Critics say ACTA is even worse than SOPA as it allows for closed door negotiations and can't be repealed. The European Parliament is due to vote on it in June,news.cnet.com,http://news.cnet.com/8301-27080_3-57367837-245/anonymous-takes-aim-over-europes-sopa/?tag=mncol
2012-01-28,07:51:43,ozu6y,890,Twitter Boycott Planned To Protest Twitter's Censorship Plan,huffingtonpost.com,http://www.huffingtonpost.com/2012/01/27/twitter-boycott-planned-t_n_1236573.html?ncid=edlinkusaolp00000003
2012-01-29,01:12:38,p0m94,882,The Royal Bank of Scotland has spent more than $4m (£2.5m) of British taxpayers' money to influence politicians reforming US financial law since it was bailed out by government,guardian.co.uk,http://www.guardian.co.uk/business/2012/jan/27/royal-bank-scotland-washington-lobbyists
2012-01-28,02:29:21,ozf2u,857,"Under EU sanctions, 95% of the world's oil tankers will be banned from carrying Iranian oil.",businessweek.com,http://www.businessweek.com/news/2012-01-27/iran-oil-curbs-extend-to-95-of-tankers-in-eu-insurance-rules.html
2012-01-28,11:00:51,p01jn,434,UN tells Israel to halt demolition of Palestinian homes,rt.com,http://rt.com/news/un-israel-palestinian-homes-923/
2012-01-28,20:01:12,p0f2m,394,"
If required by law, Twitter says now ready to 
censor ",cbsnews.com,http://www.cbsnews.com/8301-205_162-57367061/if-required-by-law-twitter-says-now-ready-to-censor/
2012-01-28,13:23:16,p06ns,136,Public Eye Awards: Brazilian mining giant Vale and UK-based Barclays bank given the dubious honor of being named the world's most destructive international corporations,commondreams.org,https://www.commondreams.org/headline/2012/01/27-7
2012-01-28,22:42:16,p0hxf,131,Police arrest four staffers of Murdoch's Sun tabloid and a policeman,chicagotribune.com,"http://www.chicagotribune.com/news/sns-rt-us-newscorp-arreststre80r0bh-20120128,0,6649106.story"
2012-01-28,22:12:02,p0hb8,116,"3 yrs ago, Icelanders brought down the conservative govt responsible for the collapse of the banking system. A new left-wing govt pledged to look after the welfare of the average Icelander, but opinions differ whether it has managed to do that ",ipsnews.net,http://www.ipsnews.net/news.asp?idnews=106577
2012-01-28,23:04:03,p0ih5,78,"Syrian rebels capture seven Iranians, including five members of the Revolutionary Guard Corps, in Homs - where most civilian deaths have occured",news.com.au,http://www.news.com.au/breaking-news/syrian-rebels-capture-seven-iranians/story-e6frfku0-1226256193814#ixzz1klIUnjxT
2012-01-29,03:07:46,p0qnw,63,"UK police arrest Murdoch tabloid staff, raid offices - Police arrested four current and former staff of Rupert Murdoch's best-selling Sun tabloid and a policeman on Saturday in a probe into suspected payments by journalists to officers for information",reuters.com,http://www.reuters.com/article/2012/01/28/newscorp-arrests-idUSL5E8CS03Y20120128
2012-01-28,13:57:17,p07rc,52,Iran is gearing up for elections and it isn't pretty - arrest of at least 10 reporters and new Internet restrictions,csmonitor.com,http://www.csmonitor.com/World/Backchannels/2012/0127/Iran-is-gearing-up-for-elections-and-it-isn-t-pretty
2012-01-28,21:43:17,p0gsq,45,Arab League suspends Syria mission,bbc.co.uk,http://www.bbc.co.uk/news/world-middle-east-16774171
2012-01-28,18:44:11,p0duo,42,"Senegal Protesters to March on Presidential Palace - “They should expect it to be worse than June 23.  From tomorrow onwards, our youth will come out here in the streets. The ruling is unacceptable.”  The president has been granted an 'illegal' 3rd term & singer Youssou N’Dour's candidacy rejected.",euronews.net,http://www.euronews.net/2012/01/28/senegal-protesters-to-march-on-presidential-palace/
2012-01-28,22:16:30,p0he8,41,"East Africa Is the New Epicenter of a Shadow War --- The rescue of two Americans from Somalia was not simply a daring mission, but part of a new shadow war",wired.com,http://www.wired.com/dangerroom/2012/01/battleground-africa/
2012-01-28,23:54:59,p0jui,20,From S. Korea with love: Warm socks sent to North by balloon,msnbc.msn.com,http://www.msnbc.msn.com/id/46172516/ns/world_news-asia_pacific/t/s-korea-love-warm-socks-sent-north-balloon/#.TyQaRouo1VQ.reddit
2012-01-28,14:24:45,p08l6,21,"Fury in Senegal as court approves 85-year-old Abdoulaye Wade's bid for a third term, disqualifies opponent",aljazeera.com,http://www.aljazeera.com/news/africa/2012/01/2012127225512272989.html?utm_content=automateplus&utm_campaign=Trial6&utm_source=SocialFlow&utm_term=tweets&utm_medium=MasterAccount
2012-01-29,00:21:13,p0kme,21,Topless Protesters At Davos Forum: Three Shirtless Ukrainian Women Detained,huffingtonpost.com,http://www.huffingtonpost.com/2012/01/28/topless-protesters-at-davos_n_1238955.html
2012-01-28,13:43:36,p07c8,22,"UK couple who raised their child as ""gender neutral"" for 5 years so the infant's ""real personality"" could shine through finally revealed he is a boy",telegraph.co.uk,http://www.telegraph.co.uk/news/9028479/Couple-raise-child-as-gender-neutral-to-avoid-stereotyping.html
2012-01-28,10:40:01,p00re,22,"A cancer-causing cadmium discharge from a mining company has polluted a long stretch of two rivers in southern China, and officials warned some 3.7 million people of Liuzhou in the Guangxi region to avoid drinking water from the river, state media reported on Friday.",scientificamerican.com,http://www.scientificamerican.com/article.cfm?id=china-cadmium-spill-threatens-drink
2012-01-29,06:58:24,p1037,17,"Britain could not reclaim the Falklands if Argentina invades, warns General Sir Michael Jackson",telegraph.co.uk,http://www.telegraph.co.uk/news/worldnews/southamerica/falklandislands/9046826/Britain-could-not-reclaim-the-Falklands-if-Argentina-invades-warns-General-Sir-Michael-Jackson.html
2012-01-28,12:20:04,p04fe,18,Anonymous hacker group threatens Turkey over the denial of the Armenian Genocide,tert.am,http://www.tert.am/en/news/2012/01/27/anonymous/
2012-01-28,19:13:58,p0eba,14,"Why is Egypt barring 6 Americans from leaving? Egypt clamps down on U.S. groups promoting democratic reforms — potentially endangering the $1.3 billion in U.S. aid the Egyptian army gets each year 

",theweek.com,http://theweek.com/article/index/223794/why-is-egypt-barring-6-americans-from-leaving
2012-01-29,02:31:13,p0p5p,13,Thousands in Tunisia protest Islamist extremism,cbsnews.com,http://www.cbsnews.com/8301-202_162-57367897/thousands-in-tunisia-protest-islamist-extremism/
2012-01-28,14:44:50,p096d,11,"Sarkozy to Speed French Pullout, Urges NATO to Step Up End of Afghan War",news.antiwar.com,http://news.antiwar.com/2012/01/27/sarkozy-to-speed-french-pullout-urges-nato-to-step-up-end-of-afghan-war/
2012-01-28,14:38:53,p0900,10,Libya prisoners make new torture allegations,bbc.co.uk,http://www.bbc.co.uk/news/world-africa-16771372
2012-01-28,23:22:54,p0iy6,11,Sun journalists and police officer arrested in corruption investigation | Media | guardian.co.uk,guardian.co.uk,http://www.guardian.co.uk/media/2012/jan/28/news-international-four-men-arrested
2012-01-28,21:36:14,p0gnu,9,Priest who took a week off to 'pray' was on Costa Concordia,montrealgazette.com,http://www.montrealgazette.com/life/Priest+took+week+pray+Costa+Concordia/6063834/story.html
