2012-12-27,21:15:35,15ina3,2880,Putin Says He Will Sign Bill Banning Americans From Adopting Russian Children,nytimes.com,http://www.nytimes.com/aponline/2012/12/27/world/europe/ap-eu-russia-us-adoptions.html?_r=0
2012-12-27,04:59:26,15hf9u,2628,"PricewaterhouseCoopers sued for $900 million in Iceland for being an accomplice to the crimes of Landsbankinn, one of the three failed Icelandic banks",translate.google.com,http://translate.google.com/translate?sl=auto&tl=en&js=n&prev=_t&hl=en&ie=UTF-8&eotf=1&u=http%3A%2F%2Fwww.ruv.is%2Ffrett%2Flandsbankinn-krefur-pwc-um-100-milljarda
2012-12-27,23:03:40,15ir3t,1701,"India to Name & Shame Rapists - Govt to post photos, names & addresses of convicted rapists on official websites to publicly shame them in new measure to combat growing crime against women. ",timesofindia.indiatimes.com,http://timesofindia.indiatimes.com/india/India-to-name-and-shame-rapists-on-official-websites-govt-says/articleshow/17784027.cms
2012-12-27,03:45:45,15hb3v,1318,Villagers join al-Qaeda after deadly US strike,smh.com.au,http://www.smh.com.au/world/villagers-join-alqaeda-after-deadly-us-strike-20121226-2bwg7.html
2012-12-27,05:17:37,15hg83,532,Chemical Weapons use in Syria confirmed by defecting MP General,independent.co.uk,http://www.independent.co.uk/news/world/middle-east/chemical-weapons-were-used-on-homs-syrias-military-police-defector-tells-of-nerve-gas-attack-8431380.html
2012-12-27,00:10:04,15gzgs,367, Flurry of corruption revelations suggests China’s new leadership getting serious about cronyism and bribery in state-run companies and local governments.,nytimes.com,http://www.nytimes.com/2012/12/26/world/asia/corrupt-chinese-officials-draw-unusual-publicity.html?ref=world
2012-12-27,18:50:23,15ijf2,354,BBC News - 33 ton aquarium bursts in shopping centre in Shanghai injuring 16 people,bbc.co.uk,http://www.bbc.co.uk/news/world-asia-china-20850048
2012-12-27,12:28:23,15i455,334,"Brazilian cities hit by crack epidemic. 'Although crack is illegal, Brazilian officials view the problem as a public health matter in which the state has a paramount role in helping break addictions'",washingtonpost.com,http://www.washingtonpost.com/world/the_americas/brazilian-cities-hit-by-crack-epidemic/2012/12/26/7e56f96c-4a28-11e2-8af9-9b50cb4605a7_story.html?tid=sm_btn_reddit
2012-12-27,01:46:20,15h4l5,313,"Gerry Anderson, Thunderbirds creator, dies",bbc.co.uk,http://www.bbc.co.uk/news/uk-england-oxfordshire-20845407
2012-12-27,19:37:56,15ikm9,297,Japan says it will review plans to abandon nuclear power,bbc.co.uk,http://www.bbc.co.uk/news/world-asia-20850416#TWEET478320
2012-12-27,00:57:21,15h1yx,292,Civilians rush to withdraw savings from banks after Egyptian president signs bill into law; US: We urge Morsi to bridge division.,jpost.com,http://www.jpost.com/LandedPages/PrintArticle.aspx?id=297352&rz1265
2012-12-27,13:31:30,15i7la,272,MI6 codebreaker Gareth Williams 'probably locked himself into sports bag' - Telegraph,telegraph.co.uk,http://www.telegraph.co.uk/news/uknews/crime/9750403/MI6-codebreaker-Gareth-Williams-probably-locked-himself-into-sports-bag.html
2012-12-27,00:52:08,15h1in,279,"In Public Broadcast, High-Ranking Syrian General Defects in New Blow to Assad",nytimes.com,http://www.nytimes.com/2012/12/27/world/middleeast/syrian-general-defects-in-a-public-broadcast.html
2012-12-27,21:05:40,15imz6,184,'Brighter than a full moon': The biggest star of 2013... could be the comet of the century ,independent.co.uk,http://www.independent.co.uk/news/science/brighter-than-a-full-moon-the-biggest-star-of-2013-could-be-the-comet-of-the-century-8431443.html
2012-12-27,05:45:27,15hhql,179,"Proposal to ban polar bear hunts, trade sparks international controversy",lehighvalleylive.com,http://www.lehighvalleylive.com/breaking-news/index.ssf/2012/12/polar_bear_hunt_trade_sparks_c.html
2012-12-27,23:22:42,15iryv,172,"New Zealand's largest paper calls Kim Dotcom “good for this country” - 
Dotcom comes with drama, but he helped expose political scandal in the country",arstechnica.com,http://arstechnica.com/tech-policy/2012/12/new-zealands-largest-paper-calls-kim-dotcom-good-for-this-country/
2012-12-27,00:38:57,15h0tl,148,"China may require real name registration for internet access
| Reuters",reuters.com,http://www.reuters.com/article/2012/12/25/net-us-china-internet-idUSBRE8BO01320121225
2012-12-27,17:43:52,15iho4,119,"Would you eat less meat to help save the planet? - Westerners should halve their consumption of meat to prevent global warming caused by agriculture, scientists attending the Rio+20 summit in Brazil have said",guardian.co.uk,http://www.guardian.co.uk/commentisfree/poll/2012/jun/20/would-you-eat-less-meat-to-save-planet
2012-12-27,01:13:25,15h2uk,117,World's Longest High-Speed Rail Line Opens in China,nytimes.com,http://www.nytimes.com/2012/12/27/business/global/worlds-longest-high-speed-rail-line-opens-in-china.html?smid=re-share
2012-12-27,00:02:49,15gz4f,90,"Ancient Conehead-Like ‘Alien’ Skulls Unearthed In Mexico: “This was an Hispanic cemetery with 25 skulls, and 13 of them have deformed heads...We don’t know why this population specifically deformed their heads.”",newsfeed.time.com,http://newsfeed.time.com/2012/12/25/ancient-conehead-like-alien-skulls-unearthed-in-mexico/
2012-12-27,20:36:05,15im5h,95,"Nine men in a small Mexican town were gunned down as they ate Christmas dinner - an escalation of the war between drug cartels in the state of Sinaloa. 
",dailymail.co.uk,http://www.dailymail.co.uk/news/article-2253528/Nine-gunned-ate-Christmas-dinner-small-Mexican-town-attack-rival-drug-cartel.html
2012-12-27,16:32:43,15ifio,56,Japanese man Jiroemon Kimura to become oldest living man ever on record  - The Telegraph,telegraph.co.uk,http://www.telegraph.co.uk/news/worldnews/asia/japan/9766378/Japanese-man-Jiroemon-Kimura-to-become-oldest-living-man-ever-on-record.html
2012-12-27,23:12:44,15iri4,55,"Germany: Suspected Islamists attack Indian student | News  ,  International | THE DAILY STAR",dailystar.com.lb,http://www.dailystar.com.lb/News/International/2012/Dec-27/200032-germany-suspected-islamists-attack-indian-student.ashx
2012-12-27,21:59:57,15ioo3,52,Russia has sent 1200+ marines to Syria - developing,newsru.com,http://www.newsru.com/world/27dec2012/syr.html
2012-12-27,15:40:48,15idnj,50,BBC News - India tea workers burn boss to death in Assam state,bbc.co.uk,http://www.bbc.co.uk/news/world-asia-india-20849295
2012-12-27,12:21:15,15i3qo,44,Morsi Admits ‘Mistakes’ in Drafting Egypt’s Constitution,nytimes.com,http://www.nytimes.com/2012/12/27/world/middleeast/morsi-admits-mistakes-in-drafting-egypts-constitution.html?hp&_r=0
2012-12-27,01:01:39,15h281,37,"Archeologists Complete ""Most Important"" Excavation in 80 Yrs: 900-Seat Roman Arts Center -  Built by Emperor Hadrian in AD123, it had 3 massive halls where nobles flocked to hear poetry, speeches & philosophy tracts while reclining on terraced marble seating.",guardian.co.uk,http://www.guardian.co.uk/world/2012/dec/26/hadrians-hall-roman-emperor-arts-centre
2012-12-27,14:35:50,15iatk,36,"Germany 'exporting' old and sick to foreign care homes.
Pensioners are being sent to care homes in eastern Europe and Asia in an austerity move dismissed as 'inhumane deportation'",guardian.co.uk,http://www.guardian.co.uk/world/2012/dec/26/german-elderly-foreign-care-homes
2012-12-27,10:56:29,15hz2m,30,"Canada’s decision to drop opposition group from blacklist could ‘weaken international peace’: Iran -- Iran has fired back at Canada for removing an exiled Iranian opposition group from its terrorist blacklist, a move the regime said was 'dangerous' ",news.nationalpost.com,http://news.nationalpost.com/2012/12/26/iran-blasts-canadas-double-standard-on-terrorism/
2012-12-27,15:24:58,15id0l,25,DND removes report on killing of Canadian soldier by Israeli forces,ottawacitizen.com,http://www.ottawacitizen.com/news/removes+report+killing+Canadian+soldier+Israeli+forces/7742746/story.html
