2012-11-06,11:15:25,12pi7i,3660,Harassers of women in Cairo now face wrath of vigilantes. 'More and more groups are emerging to make protecting women — and shaming the do-nothing police — a cause',nytimes.com,http://www.nytimes.com/2012/11/06/world/middleeast/egyptian-vigilantes-crack-down-on-abuse-of-women.html?smid=re-share
2012-11-06,20:24:55,12q4r1,3191,Skype illegally distributed a user's personal information to a private company during a Dutch police investigation into Anonymous-sanctioned cyberattacks on PayPal,nu.nl,http://www.nu.nl/internet/2950158/skype-hands-16-year-olds-personal-information-to-it-company.html
2012-11-06,03:44:49,12olv5,2012,"The world's rarest whale, known until 
now just by three partial skulls,  seen 
for first time",telegraph.co.uk,http://www.telegraph.co.uk/earth/wildlife/9655994/Worlds-rarest-whale-seen-for-first-time.html
2012-11-06,20:06:53,12q468,1024,"Israel has announced plans to press ahead with construction of 1,213 homes on annexed West Bank land, defying international opposition to its settlement policies",ca.reuters.com,http://ca.reuters.com/article/topNews/idCABRE8A50I820121106
2012-11-06,22:55:18,12qbgs,588,Malawi suspends laws against homosexual relationships,bbc.co.uk,http://www.bbc.co.uk/news/world-africa-20209802
2012-11-06,19:57:24,12q3wm,480,"Scots Farmers to Reap Solar Power Harvest - News of bringing solar power to Scotland on a large scale comes days after the govt announced new target to meet 1/2 Scotland’s electricity needs from renewable sources by 2015. Its aim is to become 100% renewable by 2020.

",scotsman.com,http://www.scotsman.com/news/environment/scots-farmers-to-reap-solar-power-harvest-1-2613508
2012-11-06,21:53:22,12q85g,358,"Murdered Briton Neil Heywood was MI6 informant - The British businessman murdered in China, regularly provided information on Bo Xilai, the powerful politician, to MI6 before he was killed. ",telegraph.co.uk,http://www.telegraph.co.uk/news/worldnews/asia/china/9657815/Neil-Heywood-was-MI6-informant.html
2012-11-06,08:12:21,12p53x,289,Russian attack sub detected near U.S. East Coast,freebeacon.com,http://freebeacon.com/russian-subs-skirt-coast/
2012-11-06,22:04:21,12q8p2,197,Chinese court sentences drug gang to death,cnn.com,http://www.cnn.com/2012/11/06/world/asia/mekong-chinese-murders/index.html?hpt=wo_c2
2012-11-06,22:48:43,12qb2u,185,"Montreal mayor, Gerald Tremblay resigns amid corruption allegations",rawstory.com,http://www.rawstory.com/rs/2012/11/06/montreal-mayor-resigns-amid-corruption-allegations/
2012-11-06,03:34:11,12ol47,178,"Jacob Zuma, President of South Africa, is spending the equivalent of $23.5 Million taxpayer's money to build himself a homestead complete with an underground bunker.",news24.com,http://www.news24.com/Tags/Topics/nkandla_upgrade
2012-11-06,21:37:21,12q7em,174,Britain's highest earners pocket twenty times more tax relief on pension contributions than ordinary workers ,independent.co.uk,http://www.independent.co.uk/news/uk/home-news/britains-highest-earners-pocket-twenty-times-more-tax-relief-on-pension-contributions-than-ordinary-workers-8289343.html
2012-11-06,10:22:43,12pefs,148,"North Korea Threatens War at UN Assembly, Withdraws from NPT",english.yonhapnews.co.kr,http://english.yonhapnews.co.kr/national/2012/11/06/12/0301000000AEN20121106002400315F.HTML
2012-11-06,20:42:28,12q5c0,130,Moscow pledges to stop arms shipments to Syria ,english.ruvr.ru,http://english.ruvr.ru/2012_11_06/Moscow-pledges-to-stop-arms-shipments-to-Syria/
2012-11-06,15:39:30,12pwtt,132,Indian Officer builds 100-km long road to connect an inaccessible village without government help..  ,timesofindia.indiatimes.com,http://timesofindia.indiatimes.com/india/Naga-IAS-officer-builds-100-km-road-in-Manipur-without-govt-help/articleshow/17079710.cms?intenttarget=no
2012-11-06,00:33:25,12o8pw,125,"Ed Miliband has unveiled plans to deliver a ""living wage"" of at least £7.45 per hour for millions of people, if Labour wins the next election.",bbc.co.uk,http://www.bbc.co.uk/news/uk-politics-20202005
2012-11-06,02:22:40,12og5h,126,Boeing to clinch $2.4 billion Indian Air Force deal over Russian Mi-26,timesofindia.indiatimes.com,http://timesofindia.indiatimes.com/india/Boeing-to-clinch-2-4-billion-Indian-Air-Force-deal-Report/articleshow/17103020.cms
2012-11-06,04:30:52,12op59,117,UK and Germany agree tax crackdown on multinational companies,guardian.co.uk,http://www.guardian.co.uk/business/2012/nov/05/uk-germany-tax-crackdown-multinationals
2012-11-06,09:03:23,12p8qg,119,"Global Domination? Whoa, Canada!: ""[T]here is a new and unfamiliar wind blowing in the North--one of national ambition and passionate, even aggressive, patriotism. Its proponents seek to transform Canada from the polite and accommodating country...into a major, muscular force on the world stage.""",bostonglobe.com,http://bostonglobe.com/ideas/2012/11/03/global-domination-whoa-canada/gJ37RiRzIg3zqe8T4ZibTO/story.html
2012-11-06,04:11:14,12onsc,99,Canada's legal hemp industry growing,cbc.ca,http://www.cbc.ca/news/canada/calgary/story/2012/11/05/canada-hemp-industry.html
2012-11-06,16:46:45,12pyy7,94,Greek workers stage mass anti-austerity walkout,france24.com,http://www.france24.com/en/20121106-greek-workers-stage-mass-anti-austerity-walkout
2012-11-06,01:43:21,12odfz,83,"A Dying Model: Chinese Capitalism-- China’s economic growth has been based on the intense exploitation of a large cheap labor force, unusually high investment rates, and exports to western markets. ",thediplomat.com,http://thediplomat.com/china-power/a-dying-model-chinese-capitalism/
2012-11-06,10:59:47,12ph6d,60,Egyptian Vigilantes Crack Down on Abuse of Women - NYTimes.com,nytimes.com,http://www.nytimes.com/2012/11/06/world/middleeast/egyptian-vigilantes-crack-down-on-abuse-of-women.html?src=twrhp&_r=0
2012-11-06,22:01:10,12q8iu,56,Report says Syrian generals defect to Turkey,news.blogs.cnn.com,http://news.blogs.cnn.com/2012/11/06/report-says-syrian-generals-defect-to-turkey/
2012-11-06,16:18:48,12py4c,50,Russian President Vladimir Putin dismissed Defence Minister Anatoly Serdyukov on Tuesday after the ministry was drawn in to an investigation into allegations of fraudulent sales of military assets.,euronews.com,http://www.euronews.com/newswires/1715544-putin-dismisses-russian-defence-minister/
2012-11-06,09:15:33,12p9ky,44,USAF stealth pilot befriends Serbian missle commander who shot him down in 1999.,bbc.co.uk,http://www.bbc.co.uk/news/world-europe-20209770
2012-11-06,13:21:07,12pq8o,35,"Brotherhood dictatorship in Egypt? Not so easy - No longer afraid, Egyptians take to the streets to express their dissatisfaction with Morsi and demand change.",jpost.com,http://www.jpost.com/MiddleEast/Article.aspx?ID=290642&R=R1
2012-11-06,22:31:23,12qa3t,33,Cameron would agree to safe passage out of Syria for Assad,guardian.co.uk,http://www.guardian.co.uk/world/2012/nov/06/cameron-safe-passage-syria-assad
2012-11-06,20:01:01,12q40m,31,BBC News - Car bombing kills 27 at Iraq army base,bbc.co.uk,http://www.bbc.co.uk/news/world-middle-east-20220185
2012-11-06,19:44:18,12q3ii,26,"A British businessman killed in China had been providing information to the British secret service, the Wall Street Journal newspaper claims.",bbc.co.uk,http://www.bbc.co.uk/news/world-asia-china-20216757
