2012-03-29,05:21:39,ri2mz,1986,B.C.'s chief medical officer joins call to legalize pot (Canada) ,canada.com,http://www.canada.com/vancouversun/news/westcoastnews/story.html?id=dc266a11-b5c0-4bb5-af17-4cecdfcb4321
2012-03-29,18:27:14,rj0s6,1432,'You know what men are like': Indonesia to ban mini-skirts over links to rape,theage.com.au,http://www.theage.com.au/world/you-know-what-men-are-like-indonesia-to-ban-miniskirts-over-links-to-rape-20120329-1vz7q.html
2012-03-29,11:33:19,rimgl,624,"With Google Earth, India Can No Longer Hide its Shantytowns and ""Slumdogs""",time.com,"http://www.time.com/time/world/article/0,8599,2110387,00.html?xid=rss-world&utm_source=feedburner&utm_medium=feed&utm_campaign=Feed%3A+time%2Fworld+%28TIME%3A+Top+World+Stories%29"
2012-03-29,14:38:54,riuut,493,Fidel Castro to Pope Benedict: “What does a pope do?”,life.nationalpost.com,http://life.nationalpost.com/2012/03/28/fidel-castro-to-pope-benedict-what-does-a-pope-do/
2012-03-29,01:06:22,rhox9,353,Egyptian Court Declares Internet Porn Illegal,thenextweb.com,http://thenextweb.com/me/2012/03/28/that-sucks-egyptian-court-declares-internet-porn-illegal/
2012-03-29,12:54:52,riqhu,150,"The Politics of Shitstorms:
Is the Pirate Party Its Own Worst Enemy? --- 
Germany's political establishment doesn't know how to react to the Pirate Party, which now has seats in two state parliaments and owns the debate on Internet issues.",spiegel.de,"http://www.spiegel.de/international/germany/0,1518,823993,00.html"
2012-03-30,05:40:38,rjt0o,144,Canada gets rid of the penny,theglobeandmail.com,http://www.theglobeandmail.com/news/politics/ottawa-to-scrap-the-penny-this-year/article2386120/
2012-03-29,09:05:57,riej3,145,Ireland Officially Bans Female Genital Mutillation,thejournal.ie,http://www.thejournal.ie/female-genital-mutilation-officially-banned-hin-ireland-399707-Mar2012/
2012-03-30,00:36:34,rjche,117,"BRICS (Brazil, Russia, India, China & South Africa) agree to local currency credits to ease dollar dependency",rt.com,http://rt.com/business/news/brics-currencies-credit-deal-755/
2012-03-29,06:59:23,ri7zr,112,Canada's First Nations communities wrecked by OxyContin addiction - An estimated 80 percent of working-age adults in some communities abuse the prescription drug,pri.org,http://www.pri.org/stories/health/canada-s-first-nations-communities-wrecked-by-oxycontin-addiction-9167.html
2012-03-29,08:38:04,rid30,85,Israel gains access to airbases in Azerbaijan directly north of Iran eliminating the need for aerial refueling for attack on Iran ,foreignpolicy.com,http://www.foreignpolicy.com/articles/2012/03/28/israel_s_secret_staging_ground
2012-03-29,20:22:23,rj34w,80,Ukraine rape scandal victim Oksana Makar dies,bbc.co.uk,http://www.bbc.co.uk/news/world-europe-17546743
2012-03-29,21:33:51,rj50d,82,A potential fuel strike sparks panic buying in the UK. Now one police force is recommending petrol stations should be closed,guardian.co.uk,http://www.guardian.co.uk/news/blog/2012/mar/29/fuel-panic-live-updates-petrol
2012-03-29,16:31:15,riy9u,76,Japan conducts first hangings in two years,abc.net.au,http://www.abc.net.au/news/2012-03-29/japan-executes-murderers-on-death-row/3921368
2012-03-29,04:52:29,ri104,71,Australian couple has $1 million hospital bill after baby born in B.C.,news.yahoo.com,http://news.yahoo.com/australian-couple-1-million-hospital-bill-baby-born-080702717.html
2012-03-29,21:17:53,rj4k3,63,Afghan women jailed for 'running away',abc.net.au,http://www.abc.net.au/news/2012-03-29/afghan-women-jailed-for-moral-crimes/3919166/?site=sydney
2012-03-30,06:10:24,rjupq,60,Italians shocked by self-immolation protests,bbc.co.uk,http://www.bbc.co.uk/news/world-europe-17556273
2012-03-29,20:25:46,rj37e,58,Azerbaijan denies giving Israel air base access,google.com,http://www.google.com/hostednews/afp/article/ALeqM5hJLzHAW0uT7Mhc7awqWEzAk39FRg?docId=CNG.5bba548bbefdc22a21bbb7b6c36d505a.6a1
2012-03-29,20:45:44,rj3q1,57,Algeria refuses French gunman's body for burial - Yahoo! News India,in.news.yahoo.com,http://in.news.yahoo.com/algeria-refuses-french-gunmans-body-burial-111303384.html;_ylt=ApIxsrWoG3CqhnZW8uAiq827scB_;_ylu=X3oDMTNpaHVpYjdjBG1pdAMEcGtnAz
2012-03-29,20:03:48,rj2qm,56,Murdoch’s News Corp accuses BBC of ‘unfair and baseless allegations’,ft.com,http://www.ft.com/cms/s/0/241039d8-794e-11e1-88c5-00144feab49a.html
2012-03-29,20:20:56,rj33n,52,"Mohamed Merah, the gunman who killed seven people including three Jewish children, may have been an informant for France's intelligence services",worldnews.msnbc.msn.com,http://worldnews.msnbc.msn.com/_news/2012/03/29/10917878-was-islamist-gunman-mohamed-merah-an-informant-for-french-spies
2012-03-29,21:56:41,rj5q4,48,More bad news from the stricken Fukushima nuclear site. Detected radiation levels of 70 seiverts an hour will kill a human after seven minutes of exposure.,euronews.com,http://www.euronews.com/2012/03/28/latest-fukushima-probe-appals-experts
2012-03-30,06:12:09,rjush,44,"Interpol Demands Crackdown on ""Serious & Organised"" Eco Crime - Interpol is carrying out biggest anti-elephant ivory poaching operation ever mounted.  Evidence shows environmental crime is connected to organised crime, says director at conference attended by reps from 80 countries.  ",guardian.co.uk,http://www.guardian.co.uk/environment/2012/mar/29/interpol-environmental-crime-ivory-poaching?intcmp=122
2012-03-29,17:10:39,riz6o,43,"India offers Pakistan 5,000 MW electricity",zeenews.india.com,http://zeenews.india.com/news/nation/pm-offered-pakistan-5-000-mw-electricity-report_766813.html
2012-03-29,01:01:39,rhooz,33,News Corporation's Australian branch in new hacking row,bbc.co.uk,http://www.bbc.co.uk/news/world-asia-17536217
2012-03-29,14:56:42,rivh5,30,(Telegraph) — Up to 400 women and girls are being held in Afghan prisons for “moral crimes” including running away from home to escape beatings or forced marriage,telegraph.co.uk,http://www.telegraph.co.uk/news/worldnews/asia/afghanistan/9169488/400-women-and-girls-held-in-Afghanistan-for-moral-crimes.html
2012-03-29,05:26:29,ri2we,26,Massive Gas Leak in North Sea Rife With Dangers,motherjones.com,http://motherjones.com/blue-marble/2012/03/gas-leak-may-be-north-seas-deepwater-horizon
2012-03-30,01:08:02,rje36,15,BBC News - Picture captures a billion stars,bbc.co.uk,http://www.bbc.co.uk/news/science-environment-17539315
2012-03-29,06:10:08,ri5au,16,"Hot, crowded, and running out of fuel: Earth of 2050 a scary place",arstechnica.com,http://arstechnica.com/science/news/2012/03/hot-crowded-and-running-out-of-fuel-earth-of-2050-a-scary-place.ars
2012-03-29,10:38:31,rijfo,16,Pre-emptive military strikes aimed at forcing Iran to abandon its nuclear activities may end up having the opposite effect: convincing the Islamic Republic’s leaders they need an atomic arsenal to secure their hold on power.,english.alarabiya.net,http://english.alarabiya.net/articles/2012/03/28/203854.html
