2012-09-15,03:06:41,zvylu,2697,289 Pakistan workers die in factory fire- doors were locked to prevent workers from leaving early,guardian.co.uk,http://www.guardian.co.uk/commentisfree/2012/sep/14/karachi-factory-fire-pakistan-health-safety?newsfeed=true
2012-09-15,23:11:34,zxc7g,2237,Why Is The Muslim World So Easily Offended?,m.washingtonpost.com,http://m.washingtonpost.com/opinions/in-the-arab-world-why-a-movie-trailer-can-lead-to-violencewhy-cant-the-arab-world-accept-offenses-without-violence/2012/09/14/d2b65d2e-fdc8-11e1-8adc-499661afe377_story.html
2012-09-15,14:23:33,zwymv,1757,"Sydney protest erupts over 'insulting' Islam film (Australia)
",abc.net.au,http://www.abc.net.au/news/2012-09-15/anti-us-protests-hit-sydney/4263372
2012-09-15,20:53:30,zx806,1205,"Iraq police persecute, rape, murder homosexuals.",bbc.co.uk,http://www.bbc.co.uk/news/world-19570870
2012-09-15,07:17:09,zwdrv,1012,"Attack on one of largest American military base in Afghanistan, Camp Leatherneck, 2 marines dead",usatoday.com,http://www.usatoday.com/news/world/story/2012/09/14/2-marines-killed-in-attack-in-southern-afghanistan/57782804/1
2012-09-15,03:53:08,zw1cd,867,Czech Republic declares state of prohibition starting today. Alcohol beverages containing deadly amounts of methanol are being illegally distributed resulting in 20 deaths already. The government has shut down all alcohols sales nationwide. ,novinky.cz,http://www.novinky.cz/domaci/278796-vlada-vyhlasila-prohibici-tvrdy-alkohol-se-uz-nesmi-prodavat-nikde.html
2012-09-15,01:48:25,zvtw9,321,Toronto Hindu group plans to screen controversial Prophet Mohammad film — with heavy security,torontosun.com,http://www.torontosun.com/2012/09/14/controversial-prophet-muhammad-film-to-be-shown-in-toronto
2012-09-15,19:41:58,zx6fl,318,"Tunisia’s governing moderate Islamist party condemned an attack on the U.S. Embassy in Tunis and the neighboring American school, saying such violence threatens the country’s progress toward democracy after decades of dictatorship",washingtonpost.com,http://www.washingtonpost.com/world/africa/tunisias-ruling-islamist-party-condemns-us-embassy-attack-says-violence-threatens-democracy/2012/09/15/d565d13c-ff10-11e1-98c6-ec0a0a93f8eb_story.html
2012-09-15,08:31:52,zwhv4,314,"Edmonton teacher who gave 0s for unsubmitted work 
fired",cbc.ca,http://www.cbc.ca/news/canada/edmonton/story/2012/09/14/edmonton-dorval-zero-fired.html
2012-09-15,14:56:05,zwzqh,238,Muslim protestors clash with police in Sydney.,news.ninemsn.com.au,http://news.ninemsn.com.au/national/8533359/muslim-protesters-clash-with-police-in-sydney
2012-09-15,18:57:29,zx5t5,238,Inside the strange Hollywood scam that spread chaos across the Middle East: A group of rightwing extremists aimed to destabilize post-Mubarak Egypt and roil US politicians. They got their wish,guardian.co.uk,http://www.guardian.co.uk/commentisfree/2012/sep/13/egypt-libya-hollywood-film
2012-09-15,00:36:38,zvpnc,183,Protesters set fire to American School in Tunis - Reuters Reports,live.reuters.com,http://live.reuters.com/Event/Middle_East/45080567
2012-09-15,02:16:07,zvvke,166,"Coptic Christians in Egypt preparing for backlash -- ""The reaction in Egypt is going to be terrible""",npr.org,http://www.npr.org/blogs/thetwo-way/2012/09/14/161118009/copts-in-u-s-fear-terrible-reaction-in-egypt-to-muhammad-film
2012-09-15,10:43:04,zwoo1,126,20 Muslim countries attack U. S. embassies.,news.nationalpost.com,http://news.nationalpost.com/2012/09/14/u-s-scrambles-to-bolster-embassy-security-as-protests-spread-to-20-countries/
2012-09-15,00:33:59,zvpi5,117,Japan warns its citizens in China after another round of assaults,japantoday.com,http://www.japantoday.com/category/national/view/anti-japan-protesters-rally-in-beijing
2012-09-15,05:19:17,zw6qg,114,"The Czech Republic indefinitely banned all sales of 
liquor with more than 20 percent alcohol on Friday 
after 19 people died from drinking bootleg vodka 
and rum containing poisonous methanol",reuters.com,http://www.reuters.com/article/2012/09/14/us-czech-alcohol-idUSBRE88D1BY20120914
2012-09-15,21:40:02,zx98h,100,"The Obama administration is flatly denying a blaring British newspaper report that the U.S. diplomats in Libya were killed as a result of a “continuing security breach,” and that “credible information” about possible attacks had been ignored.",politico.com,http://www.politico.com/news/stories/0912/81198.html
2012-09-15,21:29:03,zx8y8,99,"'We'd do anything for Israel, but we don't do that,' say Mossad's female secret weapons: For the first time in Israeli history, five agents have been allowed to give interviews
",independent.co.uk,http://www.independent.co.uk/news/world/middle-east/wed-do-anything-for-israel-but-we-dont-do-that-say-mossads-female-secret-weapons-8139975.html
2012-09-15,04:44:11,zw4j3,95,"No protest before Benghazi attack, wounded Libyan guard says",mcclatchydc.com,http://www.mcclatchydc.com/2012/09/13/168415/no-protest-before-benghazi-attack.html
2012-09-15,00:32:32,zvpen,89,US embassy under attack in Tunisia. ,boston.com,http://www.boston.com/news/world/middle-east/2012/09/14/black-smoke-seen-rising-above-embassy-tunis/8FhiuVBFBMKnfOyl4PS5OL/story.html
2012-09-15,15:15:44,zx0g4,72,"Mohammed Film Protests Spread To Jordan, Thousands Chant “Listen Obama, All Of Us Are Osama”",nypost.com,http://www.nypost.com/p/news/international/jordanians_protest_anti_islam_film_dfYlcqwB2KEluop7VDpYMO
2012-09-15,16:28:05,zx2lk,72,Anti-Japan protests in China over disputed islands swell and turn violent,washingtonpost.com,http://www.washingtonpost.com/world/asia_pacific/anti-japan-protests-in-china-over-disputed-islands-swell-beijing-demonstration-turns-violent/2012/09/15/f62b7adc-feef-11e1-98c6-ec0a0a93f8eb_story.html?tid=sm_btn_reddit
2012-09-15,17:29:36,zx42f,64,EXCLUSIVE: Panetta says Pentagon Pre-positioning Forces for Additional Unrest,e-ring.foreignpolicy.com,http://e-ring.foreignpolicy.com/posts/2012/09/14/exclusive_panetta_says_pentagon_prepositioning_forces_for_additional_unrest
2012-09-15,06:57:33,zwcnk,62,"2 dead, 40 injured in Tunis as protesters storm US Embassy, set fire to American school",washingtonpost.com,http://www.washingtonpost.com/world/africa/large-cloud-of-black-smoke-seen-coming-from-around-us-embassy-in-tunis/2012/09/14/3f6009d0-fe7c-11e1-98c6-ec0a0a93f8eb_story.html
2012-09-15,18:32:18,zx5dg,61,"Ambassador's killing: US scrambles to rush spies, drones to Libya - The Times of India",timesofindia.indiatimes.com,http://timesofindia.indiatimes.com/world/us/Ambassadors-killing-US-scrambles-to-rush-spies-drones-to-Libya/articleshow/16408301.cms
2012-09-15,01:57:44,zvug1,60,Muslim Protests Spread Across the Globe [pics],theatlantic.com,http://www.theatlantic.com/infocus/2012/09/muslim-protests-spread-across-the-globe/100369/
2012-09-15,02:38:41,zvwy8,50,All current muslim protests mapped,theatlanticwire.com,http://www.theatlanticwire.com/global/2012/09/map-muslim-protests-around-world/56865/?map
2012-09-15,14:20:16,zwyic,49,Muslem protests reach Sydney Australia,smh.com.au,http://www.smh.com.au/nsw/police-gas-sydney-protesters-20120915-25yrb.html
2012-09-15,00:57:24,zvqvs,36,"Protests spread to ""drum roll please"" London, as protesters burn the U.S flag.",weeklystandard.com,http://www.weeklystandard.com/blogs/mob-gathers-us-embassy-london_652335.html
2012-09-15,14:12:50,zwy8q,35,Pope urges to end religious fundamentalism  ,bbc.co.uk,http://www.bbc.co.uk/news/world-middle-east-19594442
