2012-09-24,02:18:19,10cjdj,4039,"After 11 years in Guantanamo, a man who was never charged with any crime, and was recommended twice for release has been found dead.",aje.me,http://aje.me/QMX6s8
2012-09-24,09:31:41,10d8h8,3037,"This week, the United Nations will consider criminalizing Blasphemy in response to growing pressure from the Muslim World. ",smh.com.au,http://www.smh.com.au/world/push-to-call-blasphemy-a-crime-20120922-26dlu.html
2012-09-24,20:36:56,10dz4v,2425,"Egyptian atheist arrested on blasphemy charges, after being molested by an angry mob.",egyptindependent.com,http://www.egyptindependent.com/news/rights-groups-condemn-detention-atheist-blasphemy-charges
2012-09-24,22:32:35,10e3a3,2108,"The relaxation of cannabis laws shows the failure of the war on drugs: Uruguay's president, realising that prohibition has failed, wants to go further than others by legalising cannabis",guardian.co.uk,http://www.guardian.co.uk/commentisfree/2012/sep/22/relaxation-cannabis-laws-war-on-drugs
2012-09-24,19:35:12,10dxkc,2002,Several faith leaders across England have told people with HIV to stop taking their life-saving drugs.,bbc.co.uk,http://www.bbc.co.uk/news/uk-england-london-19656649
2012-09-24,19:04:25,10dwtx,1118,"Bo Xilai scandal: The Chinese police chief who blew the whistle on the murder of Neil Heywood, toppling one of China's most prominent political families, has been sentenced to 15 years in prison",telegraph.co.uk,http://www.telegraph.co.uk/news/worldnews/asia/china/9561945/Bo-Xilai-scandal-police-chief-Wang-Lijun-sentenced-to-15-years.html
2012-09-24,21:38:50,10e14j,741,The drugs don't work: a modern medical scandal,guardian.co.uk,http://www.guardian.co.uk/business/2012/sep/21/drugs-industry-scandal-ben-goldacre?newsfeed=true
2012-09-24,07:28:18,10d1al,426,Report: Riots break out at Foxconn factory in China,worldnews.nbcnews.com,http://worldnews.nbcnews.com/_news/2012/09/23/14049889-report-riots-break-out-at-foxconn-factory-in-china#.UF-M9bRnKcE.reddit
2012-09-24,20:39:55,10dz8m,334,Japan protests as Chinese ships enter disputed waters,news.yahoo.com,http://news.yahoo.com/china-surveillance-ships-enter-waters-near-disputed-islands-020225596.html?_esi=1
2012-09-24,20:22:47,10dyqf,257,Google and Gmail blocked in Iran as it moves to establish a nation-wide intranet,theage.com.au,http://www.theage.com.au/world/google-and-gmail-blocked-in-iran-20120924-26hex.html
2012-09-24,11:44:37,10dgeb,217,Kim Dotcom was illegally spied on by Agency.,nz.news.yahoo.com,http://nz.news.yahoo.com/a/-/top-stories/14940511/spy-agency-investigated-over-dotcom-case/
2012-09-24,14:26:29,10dp3z,180,Everything a Chinese family owns lined up in a row and photographed. ,bbc.co.uk,http://www.bbc.co.uk/news/magazine-19648095
2012-09-24,10:36:37,10dc9r,168,New Zealand Prime Minister John Key has called for an inquiry into the possible unlawful interception of Kim Doctom-related communications by members of the NZ intelligence community,nzherald.co.nz,http://www.nzherald.co.nz/nz/news/article.cfm?c_id=1&objectid=10836179
2012-09-24,11:58:46,10dh9r,165,"More than 1,000 people are now being killed in Syria every week -""Eyes wide shut, world watches Syria bleed""",news.yahoo.com,http://news.yahoo.com/eyes-wide-shut-world-watches-syria-bleed-123501792.html
2012-09-24,08:02:37,10d3av,117,Iran set to block access to Google,guardian.co.uk,http://www.guardian.co.uk/world/2012/sep/23/iran-block-access-google-gmail?newsfeed=true
2012-09-24,22:57:46,10e4fc,107,Germany Losing Patience With Spain as EU Warns on Crisis - Bloomberg,bloomberg.com,http://www.bloomberg.com/news/2012-09-24/germany-losing-patience-with-spain-on-aid-merkel-ally-says.html
2012-09-24,10:32:02,10dbzi,107,"North Korea plans to allow farmers to keep more of their produce in an attempt to boost agricultural output, a source with close ties to Pyongyang and Beijing said, in a move that could boost supplies, help cap rising food prices and ease malnutrition.",news.nationalpost.com,http://news.nationalpost.com/2012/09/23/north-korea-agriculture-reforms/
2012-09-24,19:40:36,10dxod,94,"
Kim Dotcom: New Zealand to investigate unlawful spying: PM orders inquiry into actions of government agents in lead-up to arrest of Megaupload founder, who is fighting US extradition
",guardian.co.uk,http://www.guardian.co.uk/technology/2012/sep/24/kim-dotcom-new-zealand-spying
2012-09-24,07:03:00,10czrh,86,"Outbreak of virus in SARS family has WHO on alert.
Coronavirus confirmed in Saudi Arabia",cbc.ca,http://www.cbc.ca/news/canada/story/2012/09/23/who-coronavirus-sars-family-outbreak.html
2012-09-24,04:38:57,10cr7b,81,"
Iran: Attack Could Trigger World War III: With tensions high, US leads massive military minesweeping exercise in Persian Gulf ",commondreams.org,http://www.commondreams.org/headline/2012/09/23
2012-09-24,01:06:06,10cfpq,72,"""When I saw the skull, the hair on the back of my neck stood up"" -  As archaeologists leave the Leicester car park where they believe they've found Richard III, locals are already convinced it's the last Plantagenet, who rode out Aug 22, 1485 a king & returned a naked corpse slung over  a horse.",guardian.co.uk,http://www.guardian.co.uk/science/2012/sep/23/richard-3rd-third-iii-leicster-bones
2012-09-24,21:54:41,10e1q1,72,Deadly Attack in Libya Was Major Blow to C.I.A. Efforts,nytimes.com,http://www.nytimes.com/2012/09/24/world/africa/attack-in-libya-was-major-blow-to-cia-efforts.html?smid=tw-share&_rmoc.semityn.www
2012-09-24,20:12:09,10dyg7,62,Police chief at heart of Bo Xilai scandal jailed for 15 years,edition.cnn.com,http://edition.cnn.com/2012/09/23/world/asia/china-wang-lijun-verdict/index.html?hpt=hp_t3
2012-09-24,14:46:06,10dpww,60,Riot at Foxcon factory where the iPhones are made. Plant will be shut for several days,news.com.au,http://www.news.com.au/world/iphone-maker-in-lockdown-after-workers-riot/story-fndir2ev-1226480356264
2012-09-24,09:59:57,10da3t,56,"Religious Ivory Demand Killing Elephants by Thousands, National Geographic Report Says",news.nationalgeographic.com,http://news.nationalgeographic.com/news/2012/09/120914-ivory-religious-elephants-ban-science-religion/
2012-09-24,07:00:50,10czmn,51,Catalonia to seek secession,elpais.com,http://elpais.com/elpais/2012/09/23/inenglish/1348427594_124615.html
2012-09-24,09:19:18,10d7qo,43,Pakistani government has condemned a cabinet minister's proffer of a murder bounty on the alleged Californian maker of an anti-Islam video. The party of Railways Minister Ghulam Ahmed Bilour also distanced itself from his call. ,dw.de,"http://www.dw.de/dw/article/0,,16256117,00.html"
2012-09-24,08:25:07,10d4mp,35,Australian psychologist and political candidate calls to criminalise gay sex and sex before marriage.,smh.com.au,http://www.smh.com.au/act-news/act-candidate-outlaw-gay-sex-but-no-poofter-bashing-20120923-26enk.html
2012-09-25,00:31:02,10e9c2,37,"R.I.P. Containment: Why global commerce, modern telecommunications, social media and modern international politics have conspired to put to rest a faded strategy. ",thediplomat.com,http://thediplomat.com/2012/09/24/r-i-p-containment/
2012-09-24,01:29:28,10cgtj,31,"Out of 190 countries only 3 offer no legal guarantee of paid maternity leave: Papua New Guinea, Swaziland and the USA",reuters.com,http://www.reuters.com/article/2011/02/23/us-usa-maternity-idUSTRE71M62P20110223
