2012-02-08,14:39:41,pfxz8,2429,"For the first year in its history, India has no reported cases of polio.",the-diplomat.com,http://the-diplomat.com/indian-decade/2012/02/07/india-winning-polio-fight/
2012-02-08,19:41:31,pg4td,2109,Nicaragua’s push to generate 94 percent of its own electricity from renewable resources  by 2016 without damaging the environment  has united the country.,csmonitor.com,http://www.csmonitor.com/World/Americas/2012/0207/The-next-revolution-for-Nicaragua-energy-independence
2012-02-08,01:24:09,pevph,1730,"An undercover police officer ""chased himself round the streets"" for 20 minutes after a CCTV operator mistook him for suspect.",telegraph.co.uk,http://www.telegraph.co.uk/news/uknews/crime/9066337/CCTV-police-officer-chased-himself-after-being-mistaken-for-burglar.html
2012-02-08,23:18:53,pgazr,1535,"Monsanto, the creator of chemical weapon Agent Orange, returns to Vietnam - this time to sell GM crops and weed-killing chemicals in Vietnam; many outraged

",commondreams.org,https://www.commondreams.org/headline/2012/02/07-5
2012-02-08,07:53:34,pff73,934,UK denies Alan Turing postumous pardon for homosexuality,forbes.com,http://www.forbes.com/sites/carolpinchefsky/2012/02/07/uk-denies-alan-turing-postumous-pardon-for-homosexuality/
2012-02-08,19:54:44,pg52j,717,Saudi Arabia Promises To Go Nuclear if Iran Does,theatlantic.com,http://www.theatlantic.com/international/archive/2012/02/saudi-arabia-promises-to-go-nuclear-if-iran-does/252733/
2012-02-08,00:02:37,pes46,415,"A poll of Arab public opinion by the University of Maryland and Zogby International, which included Egypt, asked respondents to ""name two countries that are the biggest threat to you"": 88% named the United States, and 77% named Israel; only 9% chose Iran",guardian.co.uk,http://www.guardian.co.uk/commentisfree/cifamerica/2012/jan/31/american-democracy-promotion-rings-hollow?fb=optOut
2012-02-08,20:56:46,pg6h5,326,"Massive 40-Foot Shark Pulled From the Arabian Sea -- ""estimates put it at around 40 feet (about the size of school bus), while largest confirmed whale shark on record was over 41 feet and weighed more than 47,000 pounds."" ",theatlanticwire.com,http://www.theatlanticwire.com/global/2012/02/massive-40-foot-shark-pulled-arabian-sea/48438/
2012-02-09,00:35:55,pgee5,228,Gadhafi regime missiles missing ,usatoday.com,http://www.usatoday.com/news/world/story/2012-02-07/gadhafi-missiles-unaccounted-for/53002584/1
2012-02-08,09:14:08,pfj4b,187,"Iran's parliament summons Ahmadinejad:  President to be questioned over a range of accusations, a first since the country's revolution in 1979.",aljazeera.com,http://www.aljazeera.com/news/asia/2012/02/20122722326300746.html
2012-02-08,21:27:10,pg77x,184,Nokia to End Phone Assembly in Europe - It'll end the assembly of cellphones in Europe by year-end as it shifts production to Asia in its latest attempt to cushion its finances,boston.com,http://www.boston.com/business/articles/2012/02/08/nokia_to_cut_4000_jobs_in_europe/
2012-02-08,23:57:23,pgcor,171,"A Top Cop in China Disappears. Medical leave or asylum? - 
China's rumor mill is ablaze over the whereabouts of Wang Lijun, who 'went on vacation-style treatment.' What happens next could be a blow to a top Communist Party contender. ",csmonitor.com,http://www.csmonitor.com/World/Asia-Pacific/2012/0208/A-top-cop-in-China-disappears.-Medical-leave-or-US-asylum
2012-02-08,20:44:35,pg672,165,Over 2/3 of Iran’s lawmakers endorse cutting off oil sales to the European Union before EU sanctions on their country go into effect,huffingtonpost.com,http://www.huffingtonpost.com/2012/02/07/iran-sanctions-oil-embargo_n_1259498.html
2012-02-08,13:00:53,pfu2v,148,"Europe may be brutally cold right now, but in Freisland (Netherlands) they wait with bated breath in the hopes that conditions will be right for the Elfstedentocht, a traditional 200km, 11-city ice skating race, for the first time in 15 years.",heraldsun.com.au,http://www.heraldsun.com.au/lifestyle/the-other-side/dutch-on-edge-over-legendary-eleven-cities-ice-race/story-e6frfhk6-1226265897217
2012-02-08,20:26:29,pg5ql,128,"
Time to Act on Companies Selling Mass Spy Gear to 
Authoritarian Regimes ",eff.org,https://www.eff.org/deeplinks/2012/02/time-act-companies-selling-mass-spy-gear-authoritarian-regimes
2012-02-09,01:28:33,pggx2,123,Senior scientologist charged with perverting justice ,abc.net.au,http://www.abc.net.au/news/2012-02-08/senior-scientologist-charged-with-perverting-justice/3817092
2012-02-08,13:39:46,pfvqx,111,Anonymous Hacks Syrian President Bashar Assad's Emails,ibtimes.co.uk,http://www.ibtimes.co.uk/articles/294259/20120207/anonymous-syria-assad-email.htm
2012-02-08,21:29:33,pg79z,104,"A380 fleet to be checked for wing cracks: The entire fleet of A380 superjumbos is to be checked for cracks on their wings after orders from the European safety regulator.
",telegraph.co.uk,http://www.telegraph.co.uk/finance/newsbysector/industry/9068644/A380-fleet-to-be-checked-for-wing-cracks.html
2012-02-08,07:18:22,pfdhz,94,Argentina to raise Falklands UK 'militarisation' at UN,bbc.co.uk,http://www.bbc.co.uk/news/world-latin-america-16939043
2012-02-08,13:53:04,pfwac,89,"Theif turns in stolen mobile phone containing suspected child porn, ends up going to jail.",news.ninemsn.com.au,http://news.ninemsn.com.au/national/8416024/thief-turns-himself-in-after-finding-child-porn
2012-02-08,10:33:38,pfn1x,80,TEPCO injecting more water into Fukushima nuclear power plant reactor because temperature at base of pressure vessel has risen.,yomiuri.co.jp,http://www.yomiuri.co.jp/dy/national/T120207005567.htm
2012-02-08,15:54:23,pg05j,73,"Syrian troops have continued shelling the city of Homs for the fifth straight day, killing scores of people.",google.com,http://www.google.com/hostednews/ap/article/ALeqM5h_KojucixZQUsu8LT3Mnrb3vfUdg?docId=b527e5f35787420e9a82fac1a80b5ced
2012-02-09,04:14:33,pgpau,72,"Maldives: Muslim hardliners smashes Buddhist statues in national museum
",peopleofshambhala.com,http://www.peopleofshambhala.com/2012/02/maldives-muslim-hardliners-smashes.html
2012-02-08,21:42:57,pg7ng,70,Spanish police rescue Ryanair’s Michael O’Leary from angry mob,irishcentral.com,http://www.irishcentral.com/news/Spanish-police-rescue-Ryanairs--Michael-OLeary-from-angry-mob-138921499.html
2012-02-08,13:28:24,pfva9,66,"Maldives president quits after 'coup d'etat' -  Security forces threatened ""bloodbath"" if Mohamed Nasheed remained in power, his party says.",aljazeera.com,http://www.aljazeera.com/news/asia/2012/02/20122813513480256.html
2012-02-08,23:54:50,pgck9,64,Blizzards pound Japan ,reuters.com,http://www.reuters.com/video/2012/02/08/blizzards-pound-japan?videoId=229817975&videoChannel=117760
2012-02-08,04:13:10,pf42l,55,Mozambique takes first step against backroom abortions:  Mozambique's legislature is expected to pass a bill to legalize abortions in March in an effort to reduce the country's high rate of unsafe backroom abortions. ,csmonitor.com,http://www.csmonitor.com/World/Africa/2012/0207/Mozambique-takes-first-step-against-backroom-abortions
2012-02-08,19:21:50,pg4gx,51,Iran’s Undisputed Weapon: Power to Block the Strait of Hormuz,news.nationalgeographic.com,http://news.nationalgeographic.com/news/energy/2012/02/120206-iran-strait-of-hormuz-oil-supply/
2012-02-08,23:28:01,pgbe4,40,"Israel's main labour union declared a strike on Wednesday that shut airports, ports, banks and the stock market after talks with the government failed to produce an agreement on the status of workers employed through labour contractors",reuters.com,http://www.reuters.com/article/2012/02/08/uk-israel-strike-idUSLNE81602P20120208
2012-02-09,04:15:36,pgpch,38,Iran sanctions crippling food imports,firstpost.com,http://www.firstpost.com/fwire/iran-sanctions-crippling-food-imports-207805.html
