2012-03-24,00:09:21,ra452,2815,A Kazakh shooting gold medallist is stunned as the comedy national anthem from the film Borat is played for her victory in Kuwait instead of the real one.,bbc.co.uk,http://www.bbc.co.uk/news/world-middle-east-17491344
2012-03-24,20:28:42,rbbov,1691,"Nathaniel Raymond is the first to admit that he has an unusual job description. ""I count tanks from space for George Clooney""",guardian.co.uk,http://www.guardian.co.uk/world/2012/mar/24/george-clooney-spies-secrets-sudan
2012-03-24,14:36:47,rb5f8,377,Japanese boat washed away in tsunami spotted more than a year later - CNN.com,cnn.com,http://www.cnn.com/2012/03/23/world/americas/canada-trawler-adrift/index.html?hpt=hp_c1
2012-03-24,11:04:13,rayd0,321,"Christian bishops in Germany, Austria and Russia have sharply criticized Saudi Arabia's top religious official after reports that he issued a fatwa saying all churches on the Arabian Peninsula should be destroyed.",reuters.com,http://www.reuters.com/article/2012/03/23/us-saudi-christians-fatwa-idUSBRE82M1D720120323
2012-03-25,04:58:36,rbr82,184,"Liberals walk out of Egypt assembly selection:  Parliamentarians meet to name 100-member panel to write constitution, but liberals say Islamists are dominating process.",aljazeera.com,http://www.aljazeera.com/news/middleeast/2012/03/20123241726742763.html
2012-03-24,18:04:34,rb9dn,128,UK: Revealed: what children are being told about abortion - Guardian,m.guardian.co.uk,http://m.guardian.co.uk/world/2012/mar/23/abortion-what-children-schools?cat=world&type=article
2012-03-24,18:43:08,rb9xe,86,Madonna May Be Charged Under St Petersburg Anti-Gay Law,news.yahoo.com,http://news.yahoo.com/blogs/abc-blogs/madonna-may-charged-under-st-petersburg-anti-gay-151340344--abc-news.html
2012-03-24,12:28:28,rb1g4,82,Mozart piano composition uncovered in Austria,bbc.co.uk,http://www.bbc.co.uk/news/entertainment-arts-17490070
2012-03-24,03:10:47,radb8,69,A former Russian banker is in a critical condition in hospital after he was shot several times with a sub-machine gun in London.,news.sky.com,http://news.sky.com/home/uk-news/article/16195095
2012-03-24,05:10:08,raja3,54,Zimbabwean conservationists said Friday they are investigating the legality of a hunting spree in the country by the heirs to U.S. magnate Donald Trump's fortune after photos showed up online of the brothers posing with dead game animals.,hosted.ap.org,http://hosted.ap.org/dynamic/stories/A/AF_ZIMBABWE_TRUMP_SONS?SITE=RIPAW&SECTION=HOME&TEMPLATE=DEFAULT
2012-03-25,05:48:53,rbtd0,55,"Toronto’s Mayor Ford vows to ""lead the charge"" in stopping light-rail transit",thestar.com,http://www.thestar.com/opinion/editorials/article/1150650--toronto-subway-expansion-has-been-run-over-by-light-rail-but-mayor-rob-ford-is-still-vowing-to-fight-on-for-a-sheppard-underground-line
2012-03-24,11:00:51,ray84,48,"Mali suspended from African Union:  Military coup which deposed President Amadou Toumani Touré leads to EU and World Bank halting aid programmes
",guardian.co.uk,http://www.guardian.co.uk/world/2012/mar/23/mali-suspended-african-union-coup
2012-03-25,06:25:21,rbuu1,43,"Fire Devours Kenya's Ancient Forests - Blaze destroys 1,000s of hectares crucial for water & threatens wildlife at the World Heritage site.  It's believed it came from clearing bamboo to plant illegal crops, but poachers are also suspect. Elephants fled in search of safety. (With Video)
",aljazeera.com,http://www.aljazeera.com/news/africa/2012/03/20123229592167488.html
2012-03-24,10:32:41,rax5y,43,Police attack Portuguese people protesting austerity measures ,presstv.ir,http://www.presstv.ir/detail/232858.html
2012-03-24,14:07:53,rb4o0,43,North Korean missiles aimed at Australia,abc.net.au,http://www.abc.net.au/news/2012-03-24/north-korean-missiles-aimed-at-australia/3910342
2012-03-24,22:28:59,rbeht,37,BBC News - Osborne 'raiding' NHS budget to fund income tax cuts,bbc.co.uk,http://www.bbc.co.uk/news/uk-politics-17499332
2012-03-24,11:01:41,ray9d,30,Sri Lanka rejects UN war resolution:  The country's acting foreign minister condemns a UN call for an international probe into three-year-old wartime battles.,aljazeera.com,http://www.aljazeera.com/news/asia/2012/03/201232323325912421.html
2012-03-24,22:39:55,rbetm,29,"Brazil police hunt ""blonde kidnapping gang"" in Sao Paulo",bbc.co.uk,http://www.bbc.co.uk/news/world-latin-america-17495375
2012-03-24,19:29:47,rbanx,27,"Serbian gangsters killed rival, ate him for lunch in a stew and disposed of body using a meat grinder",dailymail.co.uk,http://www.dailymail.co.uk/news/article-2119103/Serbian-gangsters-killed-rival-ate-disposed-body-using-MEAT-GRINDER-dumping-remains-river.html#ixzz1pwgOSx3P
2012-03-24,14:44:14,rb5mf,26,"On Thursday rebel troops in Mali went on state television to announce that they had seized control of the country and ended the administration of Amadou Toumani Toure, the president.",aljazeera.com,http://www.aljazeera.com/programmes/insidestory/2012/03/201232383950129126.html
2012-03-24,23:49:40,rbh28,26,Japan tsunami 'ghost ship' drifting to Canada,bbc.co.uk,http://www.bbc.co.uk/news/world-us-canada-17500008
2012-03-24,22:18:16,rbe7p,22,"Australia has banned Chinese networking giant Huawei from participating in the multi-billion dollar National Broadband Network tendering process, despite the company not being accused of having broken any pertinent laws",delimiter.com.au,http://delimiter.com.au/2012/03/24/govt-bans-huawei-from-nbn-tenders/
2012-03-24,18:31:59,rb9rf,22,African Union to boost forces against Joseph Kony,edition.cnn.com,http://edition.cnn.com/2012/03/24/world/africa/africa-union-kony/index.html?hpt=hp_t1
2012-03-24,10:23:18,rawrz,19,A Brazilian Corruption Story Finally Stirs Outrage,bloomberg.com,http://www.bloomberg.com/news/2012-03-23/a-brazilian-corruption-story-finally-stirs-outrage-dom-phillips.html
2012-03-24,10:06:03,raw3u,17,"Pakistan's Quiet Erosion of Internet Freedom - In a small internet cafe in the bustling commercial area of the Pakistani city of Lahore, Nazakat Khan, 22, is surfing the net",bbc.co.uk,http://www.bbc.co.uk/news/world-asia-17476763
2012-03-24,10:18:00,rawke,15,"Chinese Coup Rumors Run Wild Online, Then Disappear",bloomberg.com,http://www.bloomberg.com/news/2012-03-21/chinese-coup-rumors-run-wild-online-then-disappear-adam-minter.html
2012-03-24,12:22:14,rb189,13,"(Naharnet) — Police in the southern Russian province of Dagestan said Friday that a Muslim cleric, who criticized radical Islamists, has been killed by a powerful explosion",naharnet.com,http://www.naharnet.com/stories/en/34310-bomb-blast-kills-imam-in-russia-s-dagestan
2012-03-24,22:03:12,rbdtf,13,A discarded chunk of a Russian rocket is forcing six space station astronauts to seek shelter in escape capsules early Saturday. If it hits the station it could be dangerous.,washingtonpost.com,http://www.washingtonpost.com/politics/space-station-astronauts-have-to-take-shelter-as-russian-space-junk-gets-too-close-for-comfort/2012/03/23/gIQA5C9vWS_story.html?hpid=z3
2012-03-24,11:57:16,rb0ca,10,"Tsunami-linked fishing boat spotted off British Columbia, Canada",cbc.ca,http://www.cbc.ca/news/canada/british-columbia/story/2012/03/23/bc-fishing-boat-tsunami-debris.html?cmp=rss
2012-03-24,10:12:31,rawd4,11,Fishing boat washed away by Japan's tsunami is spotted off Canadian coast,worldnews.msnbc.msn.com,http://worldnews.msnbc.msn.com/_news/2012/03/23/10835308-fishing-boat-washed-away-by-japans-tsunami-is-spotted-off-canadian-coast
