2012-06-05,02:45:44,ukijy,2787,"Norway goes secular, removes Lutheran Church as state religion",life.nationalpost.com,http://life.nationalpost.com/2012/05/24/norway-goes-secular-removes-lutheran-church-as-state-religion/
2012-06-05,15:34:05,ulpro,2484,Busloads of unemployed UK residents brought in to work as unpaid stewards during the diamond jubilee celebrations and then told to sleep under London Bridge,guardian.co.uk,http://www.guardian.co.uk/uk/2012/jun/04/jubilee-pageant-unemployed
2012-06-05,23:01:40,um2g5,2411,South Korea surrenders to creationist demands: Publishers set to remove examples of evolution from high-school textbooks,nature.com,http://www.nature.com/news/south-korea-surrenders-to-creationist-demands-1.10773
2012-06-05,23:31:06,um3tj,850,"""A giant squid, one of the most mysterious and least understood of marine creatures, has been found floating off the New South Wales [Australia] south coast.""",news.com.au,http://www.news.com.au/national/you-wouldnt-miss-this-giant-sea-creature-for-squids/story-e6frfkvr-1226383982462
2012-06-05,20:33:55,ulxcp,246,"Moscow : 18 year old female protestor , arrested during mass protest potentially faces 8 years in prison.",themoscowtimes.com,http://www.themoscowtimes.com/news/article/woman-arrested-for-protest-could-get-8-years/459885.html
2012-06-05,21:28:16,ulz0a,217,China tells US to stop reporting Beijing's bad air,chron.com,http://www.chron.com/business/article/China-tells-US-to-stop-reporting-Beijing-s-bad-air-3609089.php
2012-06-05,21:43:59,ulzhy,185,"""Germany has indicated that it is prepared to accept a grand bargain that would provide greater support for its most indebted euro zone partners in exchange for more centralized control over government spending in Europe.""",nytimes.com,http://www.nytimes.com/2012/06/05/world/europe/germany-open-to-deal-on-pooling-euro-debt-with-limits.html?_r=1&hp
2012-06-06,00:11:33,um5re,171,"Nearly half of Germans want Greece to leave euro
",reuters.com,http://www.reuters.com/article/2012/06/05/us-eurozone-germany-greece-idUSBRE8540NT20120605
2012-06-05,08:56:04,ul4w8,161,"When Sandra Tamari arrived at Israel's international airport, she received an unusual request: A security agent pushed a computer screen in front of her, connected to Gmail and told her to ""log in.""",hosted.ap.org,http://hosted.ap.org/dynamic/stories/M/ML_ISRAEL_EMAIL_INSPECTIONS?SITE=RIPAW&SECTION=HOME&TEMPLATE=DEFAULT
2012-06-05,14:25:34,uln16,133,"Egyptian women were ""doing better under Mubarak.""",guardian.co.uk,http://www.guardian.co.uk/world/2012/jun/04/egyptian-women-better-under-mubarak
2012-06-05,20:59:33,uly48,85,Syria declares Western ambassadors unwelcome,bbc.co.uk,http://www.bbc.co.uk/news/world-middle-east-18330403
2012-06-05,21:25:25,ulyx1,73,"Iraqi architects and historians have decried official neglect of historical buildings nationwide, many of which have fallen into disrepair and disuse, and called for greater attention to be paid to them.",english.alarabiya.net,http://english.alarabiya.net/articles/2012/06/05/218716.html
2012-06-06,04:41:58,umkuw,56,'Vampire' skeletons found in Bulgaria near Black Sea,bbc.co.uk,http://www.bbc.co.uk/news/world-europe-18334106
2012-06-05,02:12:55,ukgmw,54,"Pakistan condemns U.S. drone strikes. Pakistan on Monday strongly condemned a jump in U.S. drone strikes on its territory, using language that could increase tension between strategic allies already in dispute over military supply routes for NATO that Pakistan has closed.",reuters.com,http://www.reuters.com/article/2012/06/04/us-pakistan-usa-drones-idUSBRE8530MS20120604
2012-06-05,18:30:35,uluhc,31,Azerbaijan accuses Armenia of killing five soldiers,bbc.co.uk,http://www.bbc.co.uk/news/world-europe-18328690
2012-06-05,23:14:18,um319,32,Syria bans US and European diplomats,guardian.co.uk,http://www.guardian.co.uk/world/2012/jun/05/syria-bans-us-european-diplomats
2012-06-05,15:24:41,ulpfu,22,Top al-Qaeda strategist may have been killed in a drone strike in Pakistan ,on.ft.com,http://on.ft.com/KbXfAF
2012-06-06,00:00:26,um57b,22,Breivik Judge Caught Playing Solitaire In Court.,uk.news.yahoo.com,http://uk.news.yahoo.com/breivik-judge-caught-playing-solitaire-court-151507125.html?nc
2012-06-06,00:55:43,um80s,18,Vatican secretary of state says Pope Benedict XVI victim of 'ferocious' attacks ,telegraph.co.uk,http://www.telegraph.co.uk/news/worldnews/europe/vaticancityandholysee/9312016/Vatican-secretary-of-state-says-Pope-Benedict-XVI-victim-of-ferocious-attacks.html
2012-06-05,03:08:13,ukjxk,17,"New photos emerge of Tiananmen Square just after 1989 massacre
",observers.france24.com,http://observers.france24.com/content/20120604-new-photos-emerge-showing-tiananmen-square-just-after-1989-massacre-china-student-protest-commemoration
2012-06-05,05:43:43,uktb6,16,Four African migrants have been hurt in a suspected arson attack in Jerusalem,bbc.co.uk,http://www.bbc.co.uk/news/world-middle-east-18322416
2012-06-05,23:04:19,um2kb,12,"Spain says markets shutting it out, seeks EU help for banks
| Reuters",reuters.com,http://www.reuters.com/article/2012/06/05/us-spain-economy-idUSBRE8540O520120605
2012-06-05,02:15:38,ukgt9,10,"Satellite images indicate buildings are being demolished and soil removed at Parchin, an Iranian military site the U.N. nuclear watchdog wants to visit, its chief said on Monday.",in.reuters.com,http://in.reuters.com/article/2012/06/04/nuclear-iran-amano-idINDEE8530C220120604
2012-06-05,23:12:19,um2xn,9,"Prime Minister Benjamin Netanyahu has promised to step up efforts to deter, detain and deport illegal migrants to Israel, as tensions mounted over an influx of asylum seekers from Africa.",nytimes.com,http://www.nytimes.com/2012/06/05/world/middleeast/netanyahu-vows-crackdown-on-african-asylum-seekers.html?_r=1
2012-06-06,00:16:51,um60w,9,Iran urges powers to accept nuclear rights in talks,reuters.com,http://www.reuters.com/article/2012/06/05/us-iran-nuclear-idUSBRE8540IK20120605?feedType=RSS&feedName=worldNews&utm_source=feedburner&utm_medium=feed&utm_campaign=Feed%3A+Reuters%2FworldNews+%28Reuters+World+News%29
2012-06-06,00:32:16,um6sy,9,China tells US to stop tweets on Beijing's bad air,news.yahoo.com,http://news.yahoo.com/china-tells-us-stop-tweets-beijings-bad-air-150729962--finance.html
2012-06-05,23:13:20,um2zk,8,"""The pope's butler [Paolo Gabriele] was formally questioned Tuesday [5 June 2012] in the investigation into the leaks of the pope's papers, a scandal that represents one of the gravest security breaches in recent Vatican history.""",seattlepi.com,http://www.seattlepi.com/news/article/Pope-s-butler-formally-questioned-in-leaks-probe-3609959.php
2012-06-05,21:22:17,ulyta,10,"China defends stance with Russia on Syria:  Chinese spokesman says Beijing and Moscow are playing ""positive role"" in addressing crisis, as Putin arrives in China.",aljazeera.com,http://www.aljazeera.com/news/asia-pacific/2012/06/20126541711976602.html
2012-06-05,13:05:36,uljau,7,"Putin's China visit shows warming ties between neighboring giants:  The historically tense relationship has warmed in recent years, leading to flourishing bilateral trade. Vladimir Putin will be in Beijing Tuesday to discuss everything from trade, to Iran's nuclear program, to Syria's bloody war.",csmonitor.com,http://www.csmonitor.com/World/Europe/2012/0604/Putin-s-China-visit-shows-warming-ties-between-neighboring-giants
2012-06-05,22:15:13,um0ku,7,"In Cambodia, workers are paid to clear fields that are littered with old mines. “There’s no legal obligation for the landowners to do anything. What happens is that people start working and if there is an accident, there is no one to take responsibility.",the-diplomat.com,http://the-diplomat.com/2012/05/30/cambodias-most-dangerous-job/
