2012-10-08,00:20:40,1138e0,2919,Lunch Lady In Sweden told to stop making fresh bread and varied vegetables.  It’s not fair to kids in other schools. ,thelocal.se,http://www.thelocal.se/43656/20121006/
2012-10-08,23:24:49,114zky,2480,"
How the banking crash sparked a credit union boom: People are turning away from casino finance and towards a more democratic system that isn't just about money-making
",guardian.co.uk,http://www.guardian.co.uk/commentisfree/2012/oct/08/banking-crash-credit-union-boom
2012-10-08,11:21:23,1148cl,2030,"No Arab national wants to ask: What was the real cost for not recognizing Israel in 1948 and why didn’t the Arab states spend their assets on education, health care and the infrastructures instead of wars? ",arabnews.com,http://www.arabnews.com/arab-spring-and-israeli-enemy
2012-10-08,22:27:23,114wza,1992,USA declares Chinese companies a security threat ,abc.net.au,http://www.abc.net.au/news/2012-10-08/usa-declares-chinese-companies-a-security-threat/4302304
2012-10-08,01:57:53,113d3o,1525,Ancient Buddhist City Will Be Destroyed in December,cnn.com,http://www.cnn.com/2012/09/22/opinion/afghanistan-buddha-site-mine/index.html?hpt=hp_t3
2012-10-08,18:15:01,114pp9,1324,Girl has stomach removed after consuming a cocktail containing liquid nitrogen.,bbc.co.uk,http://www.bbc.co.uk/newsbeat/19866191
2012-10-08,05:09:43,113nla,774,Julian Assange to sue Australian PM Julia Gillard for defamation over WikiLeaks comments,news.com.au,http://www.news.com.au/national/assange-bids-to-sue-gillard-for-defamation/story-fncynjr2-1226490284398
2012-10-08,22:28:25,114x0x,704,"Julian Assange supporters ordered to forfeit £93,500 bail money",guardian.co.uk,http://www.guardian.co.uk/media/2012/oct/08/julian-assange-supporters-ordered-forfeit-bail
2012-10-08,11:41:30,1149ir,640,Venezuela Electoral Council Says Hugo Chavez Wins Presidential Vote - ABC News,abcnews.go.com,http://abcnews.go.com/International/wireStory/venezuela-electoral-council-hugo-chavez-wins-presidential-vote-17419808#.UHI9R03A_Uc
2012-10-08,21:09:39,114u5i,577,Cisco Systems Inc. has ended a longstanding sales partnership with ZTE Corp after an internal investigation into allegations that the Chinese telecommunications equipment maker sold Cisco networking gear to Iran.,reuters.com,http://www.reuters.com/article/2012/10/08/us-cisco-zte-iran-idUSBRE89709N20121008
2012-10-08,22:06:20,114w4o,407,"Three men, including a bank's Chief Executive, appeared in Irish court today to face charges relating to the 2008 banking crisis. Their bank has been bailed out so far by the state with 30 Billion Euro since 2009. These are the first people to be charged in relation to the current banking crisis.",irishtimes.com,http://www.irishtimes.com/newspaper/breaking/2012/1008/breaking19.html
2012-10-08,20:22:13,114st4,283,Did a French Spy Kill Gaddafi?,newsfeed.time.com,http://newsfeed.time.com/2012/10/08/did-a-french-spy-kill-muammar-gaddafi/
2012-10-08,18:43:01,114qfa,272,Stem Cell Researchers Gurdon and Yamanaka win Nobel Prize for Medicine,reuters.com,http://www.reuters.com/article/2012/10/08/us-nobel-medicine-idUSBRE8970AB20121008
2012-10-08,11:45:59,1149s2,248,Chavez wins the Venezuelan election.,washingtonpost.com,http://www.washingtonpost.com/world/the_americas/venezuela-electoral-council-says-hugo-chavez-wins-presidential-vote/2012/10/07/7aa45370-10f1-11e2-9a39-1f5a7f6fe945_story.html
2012-10-08,05:50:02,113pvo,213,Drone shot down by Israel appears Iranian-made headed for Dimona reactor,english.alarabiya.net,http://english.alarabiya.net/articles/2012/10/07/242310.html
2012-10-08,05:42:09,113pft,194,Most African countries to be middle income by 2025,engineeringnews.co.za,http://www.engineeringnews.co.za/article/most-african-countries-to-be-middle-income-by-2025-but-poverty-rates-a-worry-2012-10-04
2012-10-08,03:36:23,113i9e,192,Einstein letter dismissing idea of God to be sold on ebay.,guardian.co.uk,http://www.guardian.co.uk/world/feedarticle/10472620
2012-10-08,22:22:46,114wse,193,Iraq executes 11 convicted of terrorism,cnn.com,http://www.cnn.com/2012/10/07/world/meast/iraq-executions/index.html?hpt=hp_t3
2012-10-08,23:24:26,114zkb,140,Australia's Great Barrier Reef has lost more than half of its coral since 1985.  Nearly half of that destruction is linked to a single species of starfish.,rawstory.com,http://www.rawstory.com/rs/2012/10/08/scientists-claim-effective-way-to-kill-destructive-starfish-responsible-for-devastating-coral-reefs/#.UHLhZxyACYc.reddit
2012-10-08,23:24:15,114zjx,137,Teacher tried to dissuade Nobel winner from science ,france24.com,http://www.france24.com/en/20121008-teacher-tried-dissuade-nobel-winner-science
2012-10-08,05:21:43,113oa7,130,"Daredevil Austrian Felix Baumgartner will attempt a freefall from the edge of Space on Tuesday.  If he succeeds he will break the sound barrier, if he fails his skin will boil.",guardian.co.uk,http://www.guardian.co.uk/world/2012/oct/07/austrian-skydive-space-freefall
2012-10-08,05:43:37,113piq,120,Kids killed by Taliban after Afghan cop refuses to quit,news.com.au,http://www.news.com.au/world/kids-killed-by-taliban-after-afghan-cop-refuses-to-quit/story-fndir2ev-1226490226761
2012-10-08,22:22:05,114wrk,111,'Loud thumping' heard at volcano,cnn.com,http://www.cnn.com/2012/10/07/world/asia/indonesia-volcano/index.html?hpt=hp_t3
2012-10-08,22:27:09,114wyw,108,"British PM David Cameron joins Twitter, draws immediate heavy fire",news.cnet.com,http://news.cnet.com/8301-1023_3-57527578-93/british-pm-joins-twitter-draws-immediate-heavy-fire/
2012-10-08,19:01:43,114qvg,75,"Cristina Kirchner is facing revolt over an ailing Argentine economy, as her approval rating hits a record low and aides admit she is using the Falkland Islands as a smokescreen to mask domestic failings. ",telegraph.co.uk,http://www.telegraph.co.uk/news/worldnews/southamerica/argentina/9592424/Cristina-Kirchner-using-Falkland-Islands-as-a-smokescreen-to-hide-failing-economy.html
2012-10-08,03:15:45,113h5d,69,Assad regime knows it cannot hold onto power and has already made plans to escape to Russia.,aljazeera.com,http://www.aljazeera.com/news/middleeast/2012/10/2012107134952895805.html
2012-10-08,03:06:29,113gnw,53,BBC News - Mark Rothko painting at Tate Modern 'defaced',bbc.co.uk,http://www.bbc.co.uk/news/uk-england-london-19866004
2012-10-08,15:51:43,114lnp,51,"Saudis line up against Syria’s Assad:  King Abdullah has denounced the Syrian leader with rare royal rage, and his people have joined in.",washingtonpost.com,http://www.washingtonpost.com/world/middle_east/saudis-line-up-against-syrias-assad/2012/10/07/7b06de8e-0e51-11e2-bd1a-b868e65d57eb_story.html
2012-10-08,12:19:05,114bo8,45,"As Australia pulls back on mines, Canada on alert:  When China sneezes, other nations catch cold – especially ones that have thrived by supplying the Asian giant with raw materials.",theglobeandmail.com,http://www.theglobeandmail.com/report-on-business/industry-news/energy-and-resources/as-australia-pulls-back-on-mines-canada-on-alert/article4595219/
2012-10-08,11:52:30,114a4y,46,Chavez wins Venezuela election,bbc.co.uk,http://www.bbc.co.uk/news/world-latin-america-19867445
