2012-12-15,03:57:08,14uwpb,2805,Man slashes 22 children near China school ,latimes.com,"http://www.latimes.com/news/world/worldnow/la-man-slashes-22-children-near-china-school-20121214,0,6383015.story"
2012-12-15,20:55:59,14w5kq,1791,Millions of camera-trap images reveal Serengeti life,bbc.co.uk,http://www.bbc.co.uk/nature/20678794?ocid=socialflow_twitter_africa
2012-12-15,22:34:57,14w89v,1312,"Hospitalized with a lung infection, the 94-year-old former South African president Nelson Mandela has successfully undergone a procedure to have gallstones removed",reuters.com,http://www.reuters.com/article/2012/12/15/us-safrica-mandela-idUSBRE8BE06620121215
2012-12-15,20:51:02,14w5ga,1106,Thousands hold unauthorized anti-Putin rally in Moscow to mark anniversary of mass protest,washingtonpost.com,http://www.washingtonpost.com/world/europe/thousands-hold-unauthorized-anti-putin-rally-in-moscow-to-mark-anniversary-of-mass-protest/2012/12/15/6e5fde70-46ae-11e2-8c8f-fbebf7ccab4e_story.html
2012-12-15,23:06:15,14w9br,1008,Debate on Islam and evolution has to be called off after revolt by Islamic student societies,independent.co.uk,http://www.independent.co.uk/news/uk/home-news/debate-on-islam-and-evolution-has-to-be-called-off-after-revolt-by-student-societies-8418022.html
2012-12-15,22:11:00,14w7jb,629,"Egyptian Ruling Party Accused of ""Vote Rigging"" -   Claims President Morsi's Muslim Brotherhood cheated  in referendum on new constitution. Violations cited include unsealed ballot papers, Muslim Brotherhood members coercing people, absence of judges to monitor & early closing of polls.",france24.com,http://www.france24.com/en/20121215-egyptian-ruling-party-accused-vote-rigging
2012-12-15,05:20:24,14v23u,520,"Wrong man seized in Macedonia, brutalised by CIA, dumped in Albania
",theage.com.au,http://www.theage.com.au/world/wrong-man-seized-in-macedonia-brutalised-by-cia-dumped-in-albania-20121214-2bf69.html
2012-12-15,22:14:47,14w7n3,497,Prince Charles's £700m estate accused of tax avoidance,guardian.co.uk,http://www.guardian.co.uk/uk/2012/dec/14/prince-charles-estate-tax-avoidance
2012-12-15,12:43:16,14vqlu,481,UBS faces $1 billion fine for Libor rigging,reuters.com,http://www.reuters.com/article/2012/12/14/us-ubs-libor-idUSBRE8BD0S820121214
2012-12-15,06:57:20,14v84m,470,Canada withdraws from Kyoto Protocol,sunnewsnetwork.ca,http://www.sunnewsnetwork.ca/sunnews/politics/archives/2012/12/20121214-172915.html
2012-12-15,23:16:49,14w9pg,423,Iran offers condolences over school shooting in US,presstv.com,http://presstv.com/detail/2012/12/15/278161/iran-offers-condolences-on-us-shooting/
2012-12-15,16:19:30,14vz9h,345,Fukushima operator Tepco admits culpability:  Japanese nuclear plant accepts lack of safety culture and bad habits contributed to world's worst nuclear accident in 25 years,guardian.co.uk,http://www.guardian.co.uk/environment/2012/dec/14/fukushima-operator-tepco-culpability
2012-12-15,07:48:07,14vb3v,294,News of a new Syrian massacre; between 125-150 civilians killed on Tuesday.,nytimes.com,http://www.nytimes.com/2012/12/13/world/middleeast/alawite-massacre-in-syria.html?_r=0
2012-12-15,01:36:05,14unoj,173,Egypt TV bans ‘romantic’ songs - sarcastic songs mocking public figures will also be banned because of the “sensitiveness of the political situation”,english.alarabiya.net,http://english.alarabiya.net/articles/2012/12/13/254928.html
2012-12-15,01:24:21,14umzh,162,"Popularity of tiny Dutch Caribbean island soars after legislators legalized same-sex marriage
",washingtonpost.com,http://www.washingtonpost.com/world/the_americas/popularity-of-tiny-dutch-caribbean-island-soars-following-gay-marriage/2012/12/14/0c97b386-4611-11e2-8c8f-fbebf7ccab4e_story.html?tid=sm_btn_reddit
2012-12-15,23:44:00,14wasa,135,"'Global Day of Action' Hits Walmart in 10 Countries - 

Walmart workers demonstrated at headquarters in Argentina; marching through  Santiago; leafleting customers in Nicaragua; rallying  in Brazil, India & South Africa; & delivering a letter to the head office of Walmart’s UK subsidiary ASDA.",thenation.com,http://www.thenation.com/blog/171770/global-day-action-hits-walmart-10-countries
2012-12-15,23:54:14,14wb7y,131,"Iran: Patriot missiles in Turkey threaten ""World War""",reuters.com,http://www.reuters.com/article/2012/12/15/us-syria-crisis-iran-idUSBRE8BE07K20121215
2012-12-15,09:46:57,14vhmm,99,Spain seizes 28 million euros in Hosni Mubarak-linked assets ,timesofindia.indiatimes.com,http://timesofindia.indiatimes.com/world/middle-east/Spain-seizes-28-million-euros-in-Hosni-Mubarak-linked-assets/articleshow/17605531.cms
2012-12-15,22:46:02,14w8nd,68,The Bullies of Beijing: China's Image Problem - Actions by the People's Republic -- intentional or not -- have created the worst regional environment for China since the Tiananmen Square massacre.,thediplomat.com,http://thediplomat.com/2012/12/15/the-bullies-of-beijing-chinas-image-problem/
2012-12-15,04:50:59,14v07j,69,U.S. Officials: Syria Has Prepared Several Dozen Chemical Bombs - Syrian President Bashar Assad have prepared several dozen bombs and shells loaded with the lethal chemical sarin.,npr.org,http://www.npr.org/blogs/thetwo-way/2012/12/14/167267519/u-s-officials-syria-has-prepared-several-dozen-chemical-bombs
2012-12-15,08:47:00,14veen,48,Major Gas Users Call for Anti-Rigging Regulations -   Britain's biggest energy users are calling for tough regulations to ensure the over-the-counter wholesale gas market cannot be rigged by traders & speculators.,guardian.co.uk,http://www.guardian.co.uk/business/2012/dec/14/gas-users-anti-rigging-regulations
2012-12-15,23:30:19,14wa88,45,"Opposition to Labor Camps Widens in China - Opponents of China’s “re-education through labor” system believe new leadership could end abuses at the camps, which confine perceived troublemakers without trial. ",nytimes.com,http://www.nytimes.com/2012/12/15/world/asia/opposition-to-labor-camps-widens-in-china.html?hp&_r=0
2012-12-15,02:27:21,14uqyw,41,China tightens 'Great Firewall' internet control with new technology.,guardian.co.uk,http://www.guardian.co.uk/technology/2012/dec/14/china-tightens-great-firewall-internet-control
2012-12-15,21:22:33,14w67z,38,"Small boat sinks off Greek island, 20 migrants drown
",reuters.com,http://www.reuters.com/article/2012/12/15/greece-boat-idUSL5E8NF28E20121215
2012-12-15,23:40:37,14wan6,40,Jets strike Rebels around Damascus,gulfnews.com,http://gulfnews.com/in-focus/syria/syrian-jets-strike-rebels-around-damascus-1.1119193
2012-12-15,05:06:14,14v16o,38,"Retired Canadian Supreme Court judge under fire in New Zealand feud  ""...I should deliver my report on the way to the airport – preferably throwing it back over the security barrier just before the plane left.”",theglobeandmail.com,http://www.theglobeandmail.com/news/national/retired-canadian-supreme-court-judge-under-fire-in-new-zealand-feud/article6343108/
2012-12-15,19:58:29,14w4bu,35,Push Begins in EU to Arm Syria Rebels,online.wsj.com,http://online.wsj.com/article/SB10001424127887323297104578179760382376642.html
2012-12-15,22:49:45,14w8s0,35,"Cuba allows activist Angel Carromero, sentenced over the death of dissident Oswaldo Paya, to return to Spain to serve out his sentence. 
",bbc.co.uk,http://www.bbc.co.uk/news/world-latin-america-20735918
2012-12-15,23:12:37,14w9k6,28,'Militants' threaten Pakistan church school for Malala support - BBC News,bbc.co.uk,http://www.bbc.co.uk/news/world-asia-20726022
2012-12-15,22:56:49,14w90c,32,"At Least 20 People From Iraq, Paying $2,000 Each, Drown When Boat Sinks Near Greek Island ",independent.ie,http://www.independent.ie/world-news/twenty-drown-after-boat-sinks-off-greek-island-3326902.html
