2012-09-13,17:29:04,ztazz,3265,Up to 10 Libyans were also killed or wounded defending the US cousulate,news.ph.msn.com,http://news.ph.msn.com/top-stories/us-envoy-killed-as-libya-mob-storms-embassy
2012-09-13,04:47:30,zs5ya,2093,"Dalai Lama tells his Facebook friends that religion ""is no longer adequate""",io9.com,http://io9.com/5942616/dalai-lama-tells-his-facebook-friends-that-religion-is-no-longer-adequate
2012-09-13,01:08:21,zrrxr,1920,Iraqi government arresting gay men and lesbians and handing them over to Islamist militias,bbc.co.uk,http://www.bbc.co.uk/news/world-middle-east-19525137
2012-09-13,02:45:21,zrxyl,1276,"Diplomat Killed in Libya playing MMO, tells other gamers: Hope I 'Don't Die Tonight'",wired.com,http://www.wired.com/dangerroom/2012/09/vilerat/
2012-09-13,04:02:33,zs2xl,1127,"A clash of civilizations? Not really. Egyptians and Libyans denounce ""extremist"" fringe responsible for attacks on US missions in their countries.",globalpost.com,http://www.globalpost.com/dispatch/news/regions/middle-east/egypt/120912/egypt-libya-embassy-attack-islam-clash-civilizations
2012-09-13,01:13:18,zrs84,611,Russian Prime Minister Dmitry Medvedev calls for 3 members of punk band Pussy Riot to be freed,google.com,http://www.google.com/hostednews/ap/article/ALeqM5gGJAhxdORyqTMUu9L67o_dmEK6OQ
2012-09-13,21:25:14,zthdw,484,"It'd appear that ""Sam Bacile,"" the man behind the anti-Islam film that sparked riots in Libya and Egypt, lied about his identity and is really Nakoula Basseley Nakoula.",google.com,http://www.google.com/hostednews/ap/article/ALeqM5ifWYKzUPaqJJsJ5aj-58K0JCL1Fg
2012-09-13,23:53:38,ztodk,469,"WHO: ebola outbreak out of control in Congo, risks spreading to major towns",af.reuters.com,http://af.reuters.com/article/worldNews/idAFBRE88C0OE20120913
2012-09-13,23:51:18,zto88,327,"Report indicates Libyan attack has hallmarks of a professional job, not a riot.",af.reuters.com,http://af.reuters.com/article/libyaNews/idAFL5E8KCMYB20120912?pageNumber=1&virtualBrandChannel=0
2012-09-13,07:43:14,zshb9,202,There may be no anti-Islamic movie at all - CSMonitor.com,csmonitor.com,http://www.csmonitor.com/World/Backchannels/2012/0912/There-may-be-no-anti-Islamic-movie-at-all
2012-09-13,02:44:35,zrxx1,180,Russian Prime Minister Medvedev says Pussy Riot should be freed,reuters.com,http://www.reuters.com/article/2012/09/12/us-russia-pussyriot-idUSBRE88B15N20120912
2012-09-13,08:00:51,zsicj,174,US officials say the Pentagon is moving 2 warships toward Libyan coast.,newsday.com,http://www.newsday.com/news/nation/us-officials-say-the-pentagon-is-moving-2-warships-toward-libyan-coast-1.3997175
2012-09-13,23:06:05,ztlsk,155,"Post-embassy attack, Egyptian President Morsi's silence deafening:  

President Mohamed Morsi, who still faces enormous skepticism as Egypt's first Islamist president, squandered an opportunity to reassure the international community that Egypt is stable.",csmonitor.com,http://www.csmonitor.com/World/Middle-East/2012/0913/Post-embassy-attack-Egyptian-President-Morsi-s-silence-deafening
2012-09-13,04:11:46,zs3k5,123,World's first colour moving pictures discovered,bbc.co.uk,http://www.bbc.co.uk/news/uk-england-19423951
2012-09-13,01:25:10,zrt0n,120,Egypt to take legal action in U.S. against Prophet film makers,af.reuters.com,http://af.reuters.com/article/commoditiesNews/idAFL5E8KCJ5X20120912
2012-09-13,20:13:49,ztf2f,112,Yemen protesters storm US embassy - live coverage,guardian.co.uk,http://www.guardian.co.uk/world/middle-east-live/2012/sep/13/libya-attack-us-ambassador-aftermath-live
2012-09-13,02:08:08,zrvm8,111,"US Diplomat killed in Libya told fellow gamers: ""Assuming we don’t die tonight. We saw one of our ‘police’ that guard the compound taking pictures.”",wired.com,http://www.wired.com/dangerroom/2012/09/vilerat/?utm_source=feedburner&utm_medium=feed&utm_campaign=Feed%3A+wired%2Findex+%28Wired%3A+Top+Stories%29
2012-09-13,08:46:28,zsl18,108,'This Does Not Represent Us': Moving Photos of Pro-American Rallies in Libya - Politics - The Atlantic Wire,theatlanticwire.com,http://www.theatlanticwire.com/politics/2012/09/does-not-represent-us-moving-photos-pro-american-rallies-libya/56803/
2012-09-13,22:00:33,ztis6,86,Film That Stoked Mideast Violence Has Murky Parentage - NYTimes.com,nytimes.com,http://www.nytimes.com/2012/09/13/world/middleeast/origins-of-provocative-video-shrouded.html?_r=1&partner=rss&emc=rss
2012-09-13,20:18:07,ztf71,72,"Iranians protesting infront of the Swiss Embassy in Teheran, Iran ",af.reuters.com,http://af.reuters.com/article/commoditiesNews/idAFL5E8KD6ER20120913
2012-09-13,16:11:32,zt8wc,60,"Film That Stoked Mideast Violence Has Murky Parentage: Director ""Sam Basile"" may not even exist, but producer Steve Klein and promoter Terry Jones have long history of anti-choice and anti-Muslim activism",nytimes.com,http://www.nytimes.com/2012/09/13/world/middleeast/origins-of-provocative-video-shrouded.html?pagewanted=all
2012-09-13,17:49:10,ztbih,59,BBC News - US embassy in Yemen stormed in film protest,bbc.co.uk,http://www.bbc.co.uk/news/world-africa-19584734
2012-09-13,22:27:36,ztjzh,54,"Chris Stevens died at the hands of militants, not an offended mob
",guardian.co.uk,http://www.guardian.co.uk/commentisfree/2012/sep/13/chris-stevens-libya-brutal-death
2012-09-13,21:15:07,zth0r,46,Yemeni protesters storm U.S. embassy in Sanaa: witnesses,news.yahoo.com,http://news.yahoo.com/yemeni-protesters-storm-u-embassy-sanaa-witnesses-085414831.html
2012-09-13,09:04:36,zsm5r,42,U.S. sending warships to Libyan coast after consulate attack,news.nationalpost.com,http://news.nationalpost.com/2012/09/12/u-s-moving-warships-to-libyan-coast-after-deadly-consulate-attack-officials/
2012-09-13,21:14:20,ztgzq,44,Tepid response from Egypt government may be bigger concern for US than events in Libya.,nytimes.com,http://www.nytimes.com/2012/09/14/world/middleeast/egypt-not-libya-may-be-bigger-challenge-for-white-house.html
2012-09-13,01:17:16,zrshr,39,"Russia Building Biggest Nuclear-Powered Icebreaker - It'll be more efficient at breaking ice & able to navigate in deep Arctic waters as well as shallow.  Though this won't have a direct effect on oil & gas exploration, it's seen as an attempt by Moscow to demonstrate its supremacy in the Arctic.",bbc.com,http://www.bbc.com/news/technology-19576266
2012-09-13,05:39:36,zs9d8,31," Dutch election on knife edge, exit polls suggest",bbc.co.uk,http://www.bbc.co.uk/news/world-europe-19566165
2012-09-13,13:13:46,zt1i8,29,Poachers killed 100 rhinoceros in South Africa in slaughter surge,rawstory.com,http://www.rawstory.com/rs/2012/09/12/poachers-killed-100-rhinoceros-in-south-africa-in-slaughter-surge/
2012-09-13,04:42:57,zs5nf,32,Some 50 U.S. Marines headed to Libya on Wednesday to reinforce security at U.S. diplomatic facilities in the aftermath of an attack in the eastern city of Benghazi that killed the U.S. ambassador and three other Americans,hosted.ap.org,http://hosted.ap.org/dynamic/stories/U/US_EMBASSY_ATTACKS_MARINES?SITE=AP&SECTION=HOME&TEMPLATE=DEFAULT
