2012-02-02,13:46:21,p7c9l,1428,Bulgarian ISPs Rise against ACTA (xpost r/evolutionreddit),novinite.com,http://www.novinite.com/view_news.php?id=136282
2012-02-02,01:40:57,p6d2p,1366,Spain orders $500M in gold found under the Atlantic by US treasure hunters back home.  US courts agree.,guardian.co.uk,http://www.guardian.co.uk/world/2012/feb/01/treasure-trove-galleon-returned-spain?CMP=twt_fd
2012-02-02,01:15:10,p6bsd,1263, Kim Jong Un Looking at Things [pics],theatlantic.com,http://www.theatlantic.com/infocus/2012/02/kim-jong-un-looking-at-things/100237/
2012-02-02,03:09:51,p6hi7,781,At least 40 dead in Egypt Football violence,aljazeera.com,http://www.aljazeera.com/news/middleeast/2012/02/20122118396971404.html
2012-02-02,23:28:02,p7rbe,442,Famous Egyptian actor sentenced to three months in jail for defaming Islam,english.alarabiya.net,http://english.alarabiya.net/articles/2012/02/02/192126.html
2012-02-02,18:58:20,p7k9y,137,"Why Britain and Argentina are tussling, again, over the Falklands ",csmonitor.com,http://www.csmonitor.com/World/Europe/2012/0201/Why-Britain-and-Argentina-are-tussling-again-over-the-Falklands
2012-02-03,00:04:06,p7sz2,127,Seized cash triggers political furor in Mexico -- The discovery in Mexico of almost $2 million cash in the luggage of a state government official has triggered a round of mud-slinging in the run-up to the presidential election in July.,reuters.com,http://www.reuters.com/article/2012/02/02/us-mexico-election-cash-idUSTRE8111HV20120202
2012-02-02,14:34:42,p7e2w,127,Paulo Coelho calls on readers to pirate books,guardian.co.uk,http://www.guardian.co.uk/books/2012/feb/01/paulo-coelho-readers-pirate-books?CMP=twt_gu
2012-02-03,01:21:17,p7wib,117,the power of reddit makes the news!!,hosted.ap.org,http://hosted.ap.org/dynamic/stories/A/AF_KENYA_ORPHANAGE_ATTACK?SITE=AP&SECTION=HOME&TEMPLATE=DEFAULT&CTIME=2012-02-02-11-27-20
2012-02-03,07:01:15,p8e6f,109,"Barak: If sanctions fail, Iran must face military strike",jpost.com,http://www.jpost.com/IranianThreat/News/Article.aspx?id=256298
2012-02-02,20:38:41,p7m6r,94,Major new leak at Japan's nuclear plant - Kyodo,reuters.com,http://www.reuters.com/article/2012/02/01/japan-nuclear-leak-idUSL4E8D18D020120201
2012-02-02,21:12:47,p7myp,80,"South Korean indicted for re-tweeting messages from North Korean government.  Lampooning charged as violating a law that makes it a crime to praise, sympathize or cooperate with North Korea.",washingtonpost.com,http://www.washingtonpost.com/world/asia-pacific/south-korean-indicted-for-re-tweeting-messages-from-north-korean-government/2012/02/02/gIQAIHX2jQ_story.html
2012-02-02,11:35:07,p76ep,75,Hacked neo-Nazi websites reveal Canadian connections,cbc.ca,http://www.cbc.ca/news/canada/british-columbia/story/2012/02/01/bc-canadian-nazis-exposed.html
2012-02-02,19:44:23,p7l2l,74,"Gaza protesters throw shoes, stones at convoy of UN chief Ban Ki-moon
",globalpost.com,http://www.globalpost.com/dispatch/news/regions/middle-east/israel-and-palestine/120202/gaza-protesters-throw-shoes-stones-un-
2012-02-02,17:45:07,p7iw9,56,Times newspaper investigated for email hacking,bbc.co.uk,http://www.bbc.co.uk/news/uk-16850235?utm_source=twitterfeed&utm_medium=twitter
2012-02-03,05:57:10,p8aw7,52,"Ecuador Creating Alternative to Neo-Liberal Model - Ecuador raising taxes on wealthy, higher royalties on oil companies and making large social investments ",therealnews.com,http://therealnews.com/t2/index.php?option=com_content&task=view&id=767&Itemid=74&jumival=7866
2012-02-03,03:38:26,p83jc,43,"""In the chaotic evacuation of the Costa Concordia, passengers and crew abandoned almost everything on board the cruise ship: jewels, cash, champagne, antiques, 19th-century Bohemian crystal glassware and thousands of art objects...Now, a veritable treasure lies beneath the pristine Italian waters""",seattlepi.com,http://www.seattlepi.com/news/article/From-shipwreck-in-Italy-a-treasure-now-beckons-2952936.php
2012-02-03,00:15:21,p7tgz,39,Afghanistan: Leon Panetta signals end to US combat role,bbc.co.uk,http://www.bbc.co.uk/news/world-us-canada-16843361
2012-02-02,18:47:13,p7k2p,42,EU antitrust authorities rejected plans of a tie-up between Deutsche Börse and NYSE Euronext to become the world's largest stock market operator. The entity's near-monopoly in derivatives trading was found unacceptable.,dw-world.de,"http://www.dw-world.de/dw/article/0,,15707065,00.html"
2012-02-02,23:41:56,p7rxt,41,"Hundreds of Egyptians take to streets of Cairo, saying the army council was behind the soccer riots that killed 74",jpost.com,http://www.jpost.com/LandedPages/PrintArticle.aspx?id=256226
2012-02-02,22:51:03,p7pvt,39,Egyptian parties refuse to commit to women’s rights,english.alarabiya.net,http://english.alarabiya.net/articles/2012/01/24/190304.html
2012-02-02,11:22:36,p75u0,34,"Macedonia Muslims Riot, Burn Historic Church After Christians At Carnival Mock Koran…",google.com,http://www.google.com/hostednews/ukpress/article/ALeqM5gFwFrDCwOnJRpzNFRakRO4QP6b4Q?docId=N0241471328012725291A
2012-02-02,18:40:06,p7jxm,33,The revelation that lawmakers for the Left Party are under observation by the German intelligence service has triggered a debate about the agency's powers. At what point should spies be allowed snoop on elected representatives?,spiegel.de,"http://www.spiegel.de/international/germany/0,1518,812511,00.html"
2012-02-02,23:50:20,p7sb9,31,Europe freeze: More deaths in Ukraine and Poland ,bbc.co.uk,http://www.bbc.co.uk/news/world-europe-16852065
2012-02-03,01:05:50,p7vrs,23,"Three Egypt internationals have retired from football after witnessing the violence that left at least 74 people dead in Port Said. One will refuse to play until there is ""retribution for the people that died"".",thestar.com,http://www.thestar.com/news/article/1125191--egyptian-soccer-players-retire-after-mass-deaths
2012-02-02,02:54:46,p6gqp,23,British MP calls for pardon for 'hero' Turing,bbc.co.uk,http://www.bbc.co.uk/news/uk-england-manchester-16833621
2012-02-02,12:48:34,p79ub,20,"'Anonymous' is to The Internet, as ""Al-Qaeda"" is to The World. Neither REALLY exist. But both ""exist"" so governments can keep their citizens in fear and justify the passing of ever-more Orwellian laws and perpetual war.",theatlantic.com,http://www.theatlantic.com/international/archive/2012/02/is-obama-deceiving-us-about-drone-strikes/252403/
2012-02-02,21:03:14,p7mql,19,Egyptian Politicians are leery of US influence: Muslim Brotherhood backs investigation into US nonprofits in Egypt,globalpost.com,http://www.globalpost.com/dispatch/news/regions/middle-east/egypt/120201/muslim-brotherhood-us-egypt-nonprofits-ngos-democracy
2012-02-02,14:42:48,p7edt,19,Pollution in China: Man-made and visible from space | The Economist,economist.com,http://www.economist.com/blogs/banyan/2012/02/pollution-china?fsrc=scn/tw/te/bl/manmadeandvisiblefromspace
2012-02-03,06:26:16,p8cgj,14,Iran mulls Samsung boycott over Israeli ad,ynetnews.com,"http://www.ynetnews.com/articles/0,7340,L-4184720,00.html"
