2012-10-12,20:47:28,11d0vj,3101,"Italian church to be stripped of tax exemption from 2013: The extra revenue from these exempt properties - including hotels, restaurants and sports centres - could be €25.5m a year in Rome alone",telegraph.co.uk,http://www.telegraph.co.uk/finance/financialcrisis/9598148/Italian-church-to-be-stripped-of-tax-exemption-from-2013.html
2012-10-12,08:57:56,11c6vz,2280,Spot where Julius Caesar was stabbed discovered,msnbc.msn.com,http://www.msnbc.msn.com/id/49380552/ns/technology_and_science-science/#__utma=14933801.386576297.1349118448.1349992649.1349999831.20&__utmb=14933801.2.10.1349999831&__utmc=14933801&__utmx=-&__utmz=14933801.1349118448.1.1.utmcsr=(direct)|utmccn=(direct)|utmcmd=(none)&__utmv=14933801.|8=Earned%20By=msnbc%7Ccover=1^12=Landing%20Content=Mixed=1^13=Landing%20Hostname=www.nbcnews.com=1^30=Visit%20Type%20to%20Content=Earned%20to%20Mixed=1&__utmk=153131320
2012-10-12,22:30:30,11d4h9,1661,"Weeks after posting a haunting Youtube video on her years of torment at classmates’ hands, 15-year-old B.C. girl commits suicide.",news.nationalpost.com,http://news.nationalpost.com/2012/10/12/amanda-todd-suicide-2012/
2012-10-12,17:23:32,11cw05,701,The European Union wins the Nobel Peace Prize 2012 (google translate article).,translate.google.com,http://translate.google.com/translate?sl=no&tl=en&js=n&prev=_t&hl=en&ie=UTF-8&layout=2&eotf=1&u=http%3A%2F%2Fwww.nrk.no%2Fnyheter%2Fnobels_fredspris%2F1.8355716
2012-10-12,22:27:34,11d4d5,456,"In Haiti, Little Can Be Found of a Hip-Hop Artist’s Charity:   The charity created by Wyclef Jean, the Haitian-born hip-hop celebrity, effectively went out of business last month, leaving a trail of debts, unfinished projects and broken promises.",nytimes.com,http://www.nytimes.com/2012/10/12/world/americas/quake-hit-haiti-gains-little-as-wyclef-jean-charity-spends-much.html
2012-10-12,14:57:33,11crku,363,"UN: Human rights activists beaten, raped in Iran",jpost.com,http://www.jpost.com/IranianThreat/News/Article.aspx?id=287547
2012-10-12,01:19:30,11bcpw,326,Prince of Sealand dies aged 91,guardian.co.uk,http://www.guardian.co.uk/uk/2012/oct/10/prince-sealand-dies
2012-10-12,16:38:52,11cuvs,310,"China's official Women’s Federation: ""Pretty girls don’t need a lot of education to marry into a rich and powerful family, but girls with an average or ugly appearance will find it difficult. ... by the time they get their M.A. or Ph.D., they are already old, like yellowed pearls.""",nytimes.com,http://www.nytimes.com/2012/10/12/opinion/global/chinas-leftover-women.html
2012-10-12,00:35:50,11ba1i,262,Governor of Bank of Greece given a severance payment of €3.4 million from bank he now regulates,reuters.com,http://www.reuters.com/article/2012/10/11/us-greece-bog-provopoulos-idUSBRE89A0OD20121011
2012-10-12,05:57:55,11bveq,217,What it means to be 'living under drones' - latimes.com,latimes.com,"http://www.latimes.com/news/opinion/commentary/la-oe-gibson-drones-civilians-20121004,0,1147467.story"
2012-10-12,22:04:24,11d3ff,193,"Pakistan Arrests Three Men In Taliban Shooting Of 15-
Year-Old Girl",npr.org,http://www.npr.org/blogs/thetwo-way/2012/10/12/162774984/pakistan-arrests-three-men-in-taliban-shooting-of-15-year-old-girl
2012-10-12,05:47:43,11buq4,198,Koran-burning pastor Terry Jones barred from Canada for anti-Muslim film debate,news.nationalpost.com,http://news.nationalpost.com/2012/10/11/koran-burning-pastor-terry-jones-barred-from-canada-for-anti-muslim-film-debate/
2012-10-12,13:36:24,11cnuk,180,Golden Dawn Incident At Theater in Athens - Business Insider,businessinsider.com,http://www.businessinsider.com/golden-dawn-incident-at-theater-in-athens-2012-10
2012-10-12,19:58:45,11cznc,138,Fear grows as Mali extremists compile list of unwed mothers,cnn.com,http://www.cnn.com/2012/10/12/world/africa/mali-women-lists/index.html?hpt=hp_t3
2012-10-12,22:32:16,11d4kn,134,"Botswana court rules in favor of gender equality - Botswana's courts nullify a customary law that denied women the right to inherit a family home, a decision seen as a crucial step forward for women's rights in the southern African country.",news.yahoo.com,http://news.yahoo.com/botswana-court-rules-favor-gender-equality-125502490.html;_ylt=AnR4FxXFxWDUasVvW6UqDiRvaA8F;_ylu=X3oDMTNyYTlpMmtxBG1pdANUb3BTdG9yeSBXb3JsZFNGBHBrZwMxMzA5ZGU5ZC0zMmUxLTNiNDYtOGUyZC1lY2Y1NGZlNmU5NTMEcG9zAzE1BHNlYwN0b3Bfc3RvcnkEdmVyAzJmNzMxMWIwLTE0NmMtMTFlMi1iZTM5LWEyZDU0YTExNGMzMw--;_ylg=X3oDMTFqOTI2ZDZmBGludGwDdXMEbGFuZwNlbi11cwRwc3RhaWQDBHBzdGNhdAN3b3JsZARwdANzZWN0aW9ucw--;_ylv=3
2012-10-12,07:27:12,11c18y,131,BBC News - France 'uncovers biggest bomb plot in years',bbc.co.uk,http://www.bbc.co.uk/news/world-europe-19907272
2012-10-12,13:07:23,11cm91,104,"A story to celebrate on the International Day of the Girl Child:  

Rekha Kalindi refused to enter a child marriage at age 12 and insisted on staying in school. Her stand is helping change attitudes in part of rural India.",csmonitor.com,http://www.csmonitor.com/World/Global-News/2012/1011/A-story-to-celebrate-on-the-International-Day-of-the-Girl-Child
2012-10-12,02:27:39,11bh6c,94,"US corn ethanol cost poor nations $6.6 billion - ""The paper calculates that, from 2006 to 2011, ethanol-related corn price increases cost all corn-importing countries $11.6 billion. Developing nations bore around 57 percent of the burden""",trust.org,http://www.trust.org/alertnet/news/us-corn-ethanol-cost-poor-nations-66-bln-study/
2012-10-12,21:26:58,11d23h,96,Turkey scrambles fighter planes to Syria border,reuters.com,http://www.reuters.com/article/2012/10/12/us-syria-crisis-idUSBRE88J0X720121012
2012-10-12,03:19:14,11bkmc,89,Hezbollah says it launched drone over Israel and that it was shot down as it flew over suspected Israeli nuclear site.,bbc.co.uk,http://www.bbc.co.uk/news/world-middle-east-19914441
2012-10-12,14:14:21,11cprq,89,Nigerian farmers sue Shell in Dutch court over oil cleanup:  Landmark case against overseas oil giant could set precedent,cbc.ca,http://www.cbc.ca/news/world/story/2012/10/11/nigeria-shell-hague-lawsuit.html
2012-10-12,21:39:56,11d2ka,86,Hezbollah Promises Drone Invasions Will Become A Way Of Life For Israel,businessinsider.com,http://www.businessinsider.com/hezboollah-promises-drone-invasions-will-become-a-way-of-life-for-israel-2012-10
2012-10-12,19:49:09,11czer,69,Nobel's will 'blatantly disrespected' in Norway,m.thelocal.se,http://m.thelocal.se/43756/20121011/
2012-10-12,16:51:59,11cv84,52,Seven British soldiers arrested in murder probe,stuff.co.nz,http://www.stuff.co.nz/world/asia/7807595/Seven-British-soldiers-arrested-in-murder-probe
2012-10-12,19:47:24,11czct,51,French fishermen clash with 'scallop-pillaging' Brits,france24.com,http://www.france24.com/en/20121011-french-fisherman-confront-brits-uk-pillaging-scallops-marine-trawlers-brittany
2012-10-12,04:49:03,11bqrl,49,"Unemployment in Greece hit a record 25.1% in July, with the level among young people reaching 54.2%, according to the latest official figures.",bbc.co.uk,http://www.bbc.co.uk/news/business-19911058
2012-10-12,04:59:31,11brgn,44,"
Four guilty in gang-rape trial that shocked France:

Ten men acquitted while those convicted get short sentences in trial described by victims' lawyers as 'judicial shipwreck'
",guardian.co.uk,http://www.guardian.co.uk/world/2012/oct/11/gang-rape-trial-france
2012-10-12,10:36:21,11ccsp,35,6.7 Magnitude Earthquake hits eastern Indonesia,earthquake.usgs.gov,http://earthquake.usgs.gov/earthquakes/recenteqsww/Quakes/usb000d4u2.php
2012-10-12,20:37:43,11d0mk,35,Why the Taliban loathe and fear Malala - Kamila Shamsie,guardian.co.uk,http://www.guardian.co.uk/commentisfree/2012/oct/10/malala-yousafzai-taliban-misogyny
2012-10-13,00:42:42,11dbda,32,"The U.S. has announced visa-free travel for Taiwanese visiting America. Homeland Security Secretary Janet Napolitano made the announcement Tuesday. From Dec. 1, Taiwan joins 36 countries whose nationals can travel to the U.S. for tourism or business for 90 days without a visa.",abcnews.go.com,http://abcnews.go.com/Politics/wireStory/us-visa-free-travel-taiwanese-17376325
