2012-03-23,12:43:12,r9jwi,933,North Korea warned that any criticism of its nuclear weapons program would be considered a “declaration of war’’,bostonglobe.com,http://bostonglobe.com/news/world/2012/03/21/north-korea-warns-that-any-criticism-its-nuclear-program-declaration-war/6SnHoYVCMTfxcUdYL0vWsL/story.html
2012-03-23,06:35:46,r921g,598,Staff Sgt. Robert Bales to face 17 murder counts in Afghanistan massacre,worldnews.msnbc.msn.com,http://worldnews.msnbc.msn.com/_news/2012/03/22/10816077-defense-official-staff-sgt-robert-bales-to-face-17-murder-counts-in-afghanistan-massacre
2012-03-23,15:04:11,r9ok9,461,Protesters gay the pray away.,starobserver.com.au,http://www.starobserver.com.au/news/2012/03/23/protesters-gay-the-pray-away/74607
2012-03-23,04:23:16,r8v6t,332,"Not only has the United States reduced oil imports from members of the Organization of the Petroleum Exporting Countries by more than 20 percent in the last three years, it has become a net exporter of refined petroleum products like gasoline for the first time since the Truman presidency.",nytimes.com,http://www.nytimes.com/2012/03/23/business/energy-environment/inching-toward-energy-independence-in-america.html?_r=1&hp#
2012-03-23,22:33:02,r9zqw,244,China Has Censored All Mention Of The Rumored Coup,businessinsider.com,http://www.businessinsider.com/no-one-really-knows-what-the-heck-is-going-on-in-china-right-now-2012-3
2012-03-23,12:40:43,r9jsv,148,Attacking Iran to be worst mistake in U.S. history: Castro,news.xinhuanet.com,http://news.xinhuanet.com/english/world/2012-03/23/c_131484747.htm
2012-03-23,14:19:39,r9nag,144,Japan orders anti-missile defence for N Korea rocket,bbc.co.uk,http://www.bbc.co.uk/news/world-asia-17484628
2012-03-23,17:56:23,r9s5t,58,"ACTA On Hold, But The Protests Continue In Serbia",techdirt.com,http://www.techdirt.com/articles/20120322/10320418209/acta-hold-protests-continue-serbia.shtml
2012-03-23,15:54:28,r9pr9,53,BBC News - China to end organ donations from executed prisoners,bbc.co.uk,http://www.bbc.co.uk/news/world-asia-china-17485103
2012-03-24,01:02:58,ra6p6,40,"New president urges Germans to stand by European unity, advocates tolerant society",washingtonpost.com,http://www.washingtonpost.com/world/europe/new-president-urges-germans-to-stand-by-european-unity-advocates-tolerant-society/2012/03/23/gIQAi43SVS_story.html
2012-03-23,12:49:15,r9k52,37,"Better prepared: Mexico's 7.4 quake causes damage, but no deaths
",csmonitor.com,http://www.csmonitor.com/World/Americas/2012/0321/Better-prepared-Mexico-s-7.4-quake-causes-damage-but-no-deaths
2012-03-23,15:26:41,r9p3e,32,"'Pitbull-type' dog mauls five police officers in London, UK",guardian.co.uk,http://www.guardian.co.uk/uk/2012/mar/22/dog-mauls-five-police-officers
2012-03-24,06:57:08,rao5f,32,"Canada's Supreme Court says it's understandable for aboriginals to commit crimes, and they shouldn't be punished too harshly",theglobeandmail.com,http://www.theglobeandmail.com/news/national/judges-must-consider-history-when-sentencing-aboriginals-supreme-court/article2379145/singlepage/#articlecontent
2012-03-24,01:51:51,ra996,32,"Grade-school students in a northeastern Brazilian city are using uniforms embedded with locator chips that help alert parents if they're cutting classes, the city's education secretary said Thursday.",news.yahoo.com,http://news.yahoo.com/locator-chips-keep-track-students-brazil-200836568.html
2012-03-23,23:10:28,ra1dt,30,"The United States, European allies and even Israel generally agree on three things about Iran's nuclear program: Tehran does not have a bomb, has not decided to build one, and is probably years away from having a deliverable nuclear warhead.",reuters.com,http://www.reuters.com/article/2012/03/23/us-iran-usa-nuclear-idUSBRE82M0G020120323
2012-03-23,13:19:11,r9l8b,25,Hubbard ban: Scientology books officially extremist in Russia (again) — RT,rt.com,http://www.rt.com/news/scientology-court-extremist-literature-116/
2012-03-23,22:25:03,r9zez,25,Radiation risks from Fukushima are likely to be less than for Chernobyl,physorg.com,http://www.physorg.com/news/2012-03-fukushima-chernobyl.html
2012-03-24,06:37:27,ran8f,24,"Fresh water supplies are unlikely to keep up with global demand by 2040, increasing political instability, hobbling economic growth and endangering world food markets, according to a U.S. intelligence assessment released on Thursday.",scientificamerican.com,http://www.scientificamerican.com/article.cfm?id=us-intelligence-sees-global-water-c
2012-03-23,04:54:05,r8ws1,22,"Russia has destroyed 60% of chemical weapons
",english.ruvr.ru,http://english.ruvr.ru/2012_03_22/69188210/
2012-03-23,18:18:52,r9sm1,20,US warns of 'strong response' if North Korea launches rocket - The Times of India,timesofindia.indiatimes.com,http://timesofindia.indiatimes.com/world/rest-of-world/US-warns-of-strong-response-if-North-Korea-launches-rocket/articleshow/12380032.cms
2012-03-23,01:03:56,r8l5n,23,Kim Jong-un's Barbaric Purge of 'Unsound' Military Brass: He Uses Mortar Rounds To Dispose Of His Redcoats,english.chosun.com,http://english.chosun.com/site/data/html_dir/2012/03/22/2012032200933.html
2012-03-24,04:04:43,rag0c,20,"Fukushima Pref. deleted 5 days of radiation dispersion data just after meltdowns
",mdn.mainichi.jp,http://mdn.mainichi.jp/mdnnews/news/20120322p2a00m0na012000c.html
2012-03-23,19:04:51,r9tiw,18,Nigeria's finance minister wants to be president of World Bank,naijafeed.com,http://www.naijafeed.com/naijafeed/2012/3/23/nigerias-finance-minister-ngozi-okonjo-iweala-in-the-running.html
2012-03-23,14:37:00,r9nsl,16,Portugal hit by general strike against austerity,news.xinhuanet.com,http://news.xinhuanet.com/english/video/2012-03/23/c_131485109.htm
2012-03-24,05:08:59,raj7v,15,"As Syria's bloodshed deepens, the British-born first lady has become an object of contempt for many, a Marie Antoinette figure who shopped online for crystal-encrusted Christian Louboutin stilettos while her country burned.",hosted.ap.org,http://hosted.ap.org/dynamic/stories/M/ML_SYRIA_FIRST_LADY?SITE=RIPAW&SECTION=HOME&TEMPLATE=DEFAULT
2012-03-23,16:45:18,r9qs3,15,The UK government is proposing a minimum price of 40p per unit of alcohol in England and Wales in an effort to stamp out binge drinking,bbc.co.uk,http://www.bbc.co.uk/news/uk-17482035
2012-03-24,03:23:42,radxx,16,Canadian judges rule that a history of cultural oppression and abuse of aboriginals must inform sentencing process.,theglobeandmail.com,http://www.theglobeandmail.com/news/national/judges-must-consider-history-when-sentencing-aboriginals-supreme-court/article2379145/
2012-03-23,20:34:55,r9vla,14,Petrol prices hit another record high,bbc.co.uk,http://www.bbc.co.uk/news/business-17490088
2012-03-23,16:04:47,r9pz4,15,Radical Islamists taking over French suburbs - French Presidential Candidate Marine Le Pen,reuters.com,http://www.reuters.com/article/2012/03/22/us-france-shootings-lepen-idUSBRE82L0QT20120322
2012-03-23,22:35:52,r9zvx,15,China issues new regulation requiring lawyers to swear allegiance to Communist Party,pri.org,http://www.pri.org/stories/world/asia/chinese-government-issues-new-regulation-requiring-lawyers-to-swear-allegiance-to-communist-party-9070.html
