2012-09-01,22:45:22,z6m4n,3248,"Once the highway network is completed, an estimated 15,000 additional people will switch from driving to biking... The bike highway alone is expected to save Copenhagen's health care system some $60 million a year.",npr.org,http://www.npr.org/2012/09/01/160386904/in-bike-friendly-copenhagen-highways-for-cyclists?ps=view&ec=mostpopular
2012-09-01,09:31:54,z5wr1,2389,Ireland calls for minimum Internet speeds of 30Mbps: EU states appear poised to blow US minimum levels of service out of the water,arstechnica.com,http://arstechnica.com/business/2012/08/ireland-calls-for-minimum-internet-speeds-of-30mbps/
2012-09-01,02:50:10,z598h,1842,"Arctic sea ice hit its lowest extent ever recorded - ""When your children ask how and why it all went so wrong, point them to yesterday's date, and explain that the world is not led by rational people."" ",guardian.co.uk,http://www.guardian.co.uk/environment/georgemonbiot/2012/aug/29/day-world-went-mad?fb=native&CMP=FBCNETTXT9038
2012-09-01,09:33:44,z5wu4,1651,Apple loses Samsung patent case in Japan,washingtonpost.com,http://www.washingtonpost.com/business/apple-loses-japan-patent-suit-against-samsung-on-syncing-content/2012/08/31/2569b0ca-f34c-11e1-b74c-84ed55e0300b_story.html
2012-09-01,02:46:17,z58z9,1255,"After Banning Circumcision, German Courts Are Going After Baby Ear Piercing ",businessinsider.com,http://www.businessinsider.com/after-banning-circumcision-german-courts-are-going-after-ear-piercing-2012-8
2012-09-01,04:23:32,z5f1u,714,Dad supports five-year-old son in a slightly less than traditional manner.,shine.yahoo.com,http://shine.yahoo.com/parenting/dad-protects-son-bullies-wearing-skirt-guess-works-153600107.html
2012-09-01,20:33:54,z6iod,328,Barclays makes £500m betting on food crisis,independent.co.uk,http://www.independent.co.uk/news/business/news/barclays-makes-500m-betting-on-food-crisis-8100011.html
2012-09-01,00:38:03,z512w,273,South Africa uses apartheid-era law to accuse 270 miners of murder: South African authorities on Thursday invoked a legal move seldom used since the dying days of apartheid in order to charge 270 striking miners with the murder of 34 co-workers who were seen being shot dead ,worldnews.nbcnews.com,http://worldnews.nbcnews.com/_news/2012/08/31/13586604-south-africa-uses-apartheid-era-law-to-accuse-270-miners-of-murder?lite
2012-09-01,16:36:58,z6dfq,251,"Iranian TV translator tampers with Egyptian President Morsi speech, replacing ""Syria"" with ""Bahrain"" throughout the entire speech",moroccoworldnews.com,http://www.moroccoworldnews.com/2012/08/53889/nam-summit-in-tehran-iranian-interpreter-deliberately-distorts-morsis-speech/
2012-09-01,03:45:13,z5cnf,250,"An adolescent boy and a young girl have been beheaded in two separate incidents in Afghanistan, local officials and police said on Friday, in the latest brazen attacks that have raised fresh questions about a splintering Taliban.",reuters.com,http://www.reuters.com/article/2012/08/31/us-afghanistan-beheading-child-idUSBRE87U0J420120831?feedType=RSS&feedName=topNews&utm_source=feedburner&utm_medium=feed&utm_campaign=Feed%3A+reuters%2FtopNews+%28News+%2F+US+%2F+Top+News%29
2012-09-01,03:40:19,z5ccd,192,"As Kurdish flags fly over border towns, they seem to signal the end of Syria as a unitary state, despite efforts by Turkey and Syrian rebel forces to push the genie of Kurdish nationalism back into the lamp.",thenational.ae,http://www.thenational.ae/thenationalconversation/comment/regional-turmoil-spins-the-illusion-of-a-greater-kurdistan
2012-09-01,22:39:57,z6lyb,189,Gottfrid Svartholm Warg - One of four Piratebay founders arrested yesterday in Cambodja,thelocal.se,http://www.thelocal.se/42952/20120901/
2012-09-01,22:57:45,z6mk8,171,"Norway prison seeks 'friends' to play hockey, chess with mass killer Breivik",worldnews.nbcnews.com,http://worldnews.nbcnews.com/_news/2012/06/01/12002235-norway-prison-seeks-friends-to-play-hockey-chess-with-mass-killer-breivik?lite
2012-09-01,03:30:39,z5br8,161,"Hikers discover wreckage of plane carrying Indian diplomatic mail & newspapers from 1966 - The diplomatic pouch was intact, & the Indian Embassy in Paris has confirmed the discovery in the Alpine glacial ice near Mont Blanc",travel.usatoday.com,http://travel.usatoday.com/flights/post/2012/08/1966-indian-plane-wreckage-found-in-french-alps/836451/1
2012-09-01,02:54:19,z59id,153,"U.S. scales-back military exercise with Israel, making it more difficult for the Israeli government to launch a pre-emptive strike on Tehran's nuclear program",world.time.com,http://world.time.com/2012/08/31/exclusive-u-s-scales-back-military-exercise-with-israel-affecting-potential-iran-strike/
2012-09-01,22:02:24,z6ksn,149,Empowering Prague's Homeless by Hiring Them as Tour Guides,csmonitor.com,http://www.csmonitor.com/World/Global-News/2012/0830/Empowering-Prague-s-homeless-by-hiring-them-as-tour-guides
2012-09-01,18:08:58,z6fn8,114,"Vladimir Putin, President of the Russian Federation: ""We should carry out the same powerful, all-embracing leap forward in modernization of the defense industry as the one carried out in the 1930s"" ",reuters.com,http://www.reuters.com/article/2012/08/31/us-russia-putin-stalin-idUSBRE87U16420120831
2012-09-01,18:08:50,z6fn3,105,"Oscar-winning film ""American Beauty"" banned in Russia for containing homophobia and gay propaganda.",themoscownews.com,http://themoscownews.com/arts/20120830/190158205.html
2012-09-01,09:20:16,z5w62,86,Thieves Hit Warehouse Holding $30 Million Of Canadian Maple Syrup,npr.org,http://www.npr.org/blogs/thetwo-way/2012/08/31/160401054/thieves-hit-warehouse-holding-30-million-of-canadian-maple-syrup
2012-09-01,01:58:20,z5603,80,Woman acquitted of driving under the influence of marijuana.,cbc.ca,http://www.cbc.ca/news/canada/saskatchewan/story/2012/08/30/sk-marijuana-impaired-driving-not-guilty-120830.html
2012-09-01,03:08:22,z5aeb,83,"Quebec sisters died in Thailand from drinking DEET. Though the chemical is a potentially neurotoxic mosquito repellent, it is used as an ingredient in a euphoria-inducing cocktail that is popular among youth in Thailand...cough syrup, Coke, DEET + ground up kratom leaves, a mild narcotic",cbc.ca,http://www.cbc.ca/news/canada/montreal/story/2012/08/31/montreal-sisters-die-thailand-insecticide.html
2012-09-01,23:29:37,z6noh,75,Argentina to track all credit card purchases & impose 15% tax on all foreign transactions.,hosted.ap.org,http://hosted.ap.org/dynamic/stories/L/LT_ARGENTINA_CREDIT_CARDS?SITE=AP&amp;SECTION=HOME&amp;TEMPLATE=DEFAULT&amp;CTIME=2012-08-31-11-32-04
2012-09-01,18:50:13,z6gj5,69,"""Centuries-old theological disputes have broken out in cyberspace as religions aim to influence the future presentation of faith on the Internet.""",reuters.com,http://www.reuters.com/article/2012/08/31/net-us-internet-religion-names-idUSBRE87U0L320120831
2012-09-01,10:10:08,z5yos,61,120-member Nonaligned Nations unanimously decrees support for Iran's nuclear energy program; criticize US for its unilateral economic sanctions against Iran,nytimes.com,http://www.nytimes.com/2012/09/01/world/middleeast/iran-criticizes-egypts-mohamed-morsi-over-syria-comments.html
2012-09-01,09:00:08,z5v5j,48,"Australians are fending off threats to their right to privacy from all directions: First, AG Roxon’s push to expand govt online surveillance powers... then the Senate approved a bill granting authorities the power to require phone and ISPs to store up to 180 days worth of personal data",eff.org,https://www.eff.org/deeplinks/2012/08/battle-privacy-intensifies-australia
2012-09-01,22:25:04,z6lh7,39,"Chinese Banks Funneled Money to Iran, Prosecutors Believe ",nytimes.com,http://www.nytimes.com/2012/08/30/business/inquiry-looks-at-chinese-banks-iran-role.html?_r=1
2012-09-01,08:10:24,z5skl,45,"French Government Offers To Pay Most Of Young Hires' Salaries: ""The new Socialist president, Francois Hollande, told his Cabinet . . . that he wants to wage a war on unemployment and unveiled a plan for the government to pay most of the salaries of tens of thousands of young people hired next year.""",huffingtonpost.com,http://www.huffingtonpost.com/2012/08/29/french-salaries-young-hires_n_1839663.html
2012-09-01,09:48:34,z5xl6,43,"World Bank issues hunger warning after droughts in US and Europe:  Damage to crop harvests from exceptionally dry weather this year raises sharply the Bank's food price index
",guardian.co.uk,http://www.guardian.co.uk/global-development/2012/aug/30/world-bank-global-hunger-warning-drought
2012-09-02,00:07:57,z6p9p,37,"Mentally disabled girl faces death sentence for desecrating the Koran, though she's not in control of her actions.",edition.cnn.com,http://edition.cnn.com/2012/08/30/world/asia/pakistan-girl-blasphemy
2012-09-01,18:53:46,z6glo,37,"""The vital tasks carried out by tiny 'engineers' like earthworms that recycle waste and bees that pollinate crops are under threat because one fifth of the world's spineless creatures may be at risk of extinction, a study showed on Friday [31 August 2012].""",reuters.com,http://www.reuters.com/article/2012/08/31/us-invertebrates-idUSBRE87U0I520120831
