2012-09-22,22:22:17,10anyj,3189,"A synchronized, 1 million person toilet flush is planned to clear a backed-up sewer system in Zimbabwe",hosted.ap.org,http://hosted.ap.org/dynamic/stories/A/AF_ZIMBABWE_WATER_CRISIS?SITE=AP&SECTION=HOME&TEMPLATE=DEFAULT
2012-09-22,07:44:19,109teg,3091,"""Hundreds of pro-democracy demonstrators marched in Benghazi and overtook the headquarters of a radical Islamist group tied to the attack.""",cnn.com,http://www.cnn.com/2012/09/21/world/africa/libya-benghazi-counter-protest/index.html
2012-09-22,20:40:56,10alg2,2443,In Quebec It's Official: Mass Movement Leads to Victory for Students: '...newly elected Premier Pauline Marois announced that the government was cancelling the proposed tuition hike that led to the student uprising and nullifying the contentious Bill 78 law.',commondreams.org,http://www.commondreams.org/headline/2012/09/21-1
2012-09-22,02:25:00,10997w,2059,"Libyans march against militias. Around 30,000  marched through Benghazi on Friday in an unprecedented protest to demand the disbanding of powerful militias in the wake of last week's attack that killed the U.S. ambassador and three other Americans.",businessweek.com,http://www.businessweek.com/ap/2012-09-21/libyans-march-against-militias-after-attack
2012-09-22,01:13:58,10951c,1905,"""Muslim, let's get naked"": Ukraine-based activist group Femen Opens First Office Abroad in Paris. For the opening, the women ran half-naked through a predominantly Muslim neighborhood in the French capital.",spiegel.de,http://www.spiegel.de/international/europe/naked-march-in-paris-to-open-new-office-of-femen-feminist-group-a-856780.html
2012-09-22,22:59:21,10ap68,884,Cenk: Iceland Arresting Bankers Works! Economy Growing Faster Than EU Now,dailykos.com,http://www.dailykos.com/story/2012/09/21/1134915/-Cenk-Iceland-Arresting-Bankers-WORKS-Economy-Growing-Faster-Than-EU-Now
2012-09-22,20:45:16,10aljl,631,"EU Officials Propose Internet Cops On Patrol, No Anonymity & No Obscure Languages (Because Terrorism!)",techdirt.com,http://www.techdirt.com/articles/20120921/03581820457/eu-officials-propose-internet-cops-patrol-no-anonymity-no-obscure-languages-because-terrorism.shtml
2012-09-22,18:51:22,10aj81,466,"Facebook party invite sparks riot in Haren, Netherlands",bbc.co.uk,http://www.bbc.co.uk/news/world-europe-19684708
2012-09-22,12:29:35,10a7ho,461,"Salman Rushdie on protests: ""What’s happening is a product of the outrage machine. Yes, there’s this stupid film...and the correct response to a stupid film on YouTube is to say it’s a stupid film on YouTube, and get on with your life.""",globalpublicsquare.blogs.cnn.com,http://globalpublicsquare.blogs.cnn.com/2012/09/20/rushdie-unrest-a-product-of-the-outrage-machine/
2012-09-22,03:48:10,109elm,354,gangnam dance-off leads to gang war in Bangkok,guardian.co.uk,http://www.guardian.co.uk/world/2012/sep/21/gangnam-style-danceoff-shootout-bangkok?fb=optOut
2012-09-22,22:06:36,10anjb,316,"Pakistan government minister announces $100,000 bounty on anti-Islam filmmaker ",tribune.com.pk,http://tribune.com.pk/story/440855/federal-minister-announces-100000-bounty-on-anti-islam-filmmakers-head/
2012-09-22,20:47:55,10allq,281,"Publishing of Japan-related books banned in Beijing, China",english.kyodonews.jp,http://english.kyodonews.jp/news/2012/09/183602.html
2012-09-22,15:12:30,10advv,260,Australian church admits child sex abuse - the Roman Catholic Church in the Australian state of Victoria confirms that more than 600 children have been sexually abused by priests since the 1930s.,bbc.co.uk,http://www.bbc.co.uk/news/world-asia-19683925
2012-09-22,06:22:00,109onc,229,"Protesters seek to disband Libya militias - Protesters mourned the killing of the US envoy, waving signs that read, ""The ambassador was Libya's friend"" and ""Libya lost a friend"".",aljazeera.com,http://www.aljazeera.com/news/africa/2012/09/201292112314438851.html
2012-09-22,04:51:25,109iug,225,Judge who sentenced woman to 8 years in prison for performing her own late stage abortion is linked to conservative Christian charity,guardian.co.uk,http://www.guardian.co.uk/law/2012/sep/21/judge-jailed-abortion-woman-christian
2012-09-22,07:53:31,109txs,219,Pro-democracy protesters overtake Islamist group's HQ in Benghazi,cnn.com,http://www.cnn.com/2012/09/21/world/africa/libya-benghazi-counter-protest/
2012-09-22,17:28:31,10ahg0,183,"Dying for Ivory:  In response to a massive rise in demand, poachers have eliminated two rhino subspecies and nearly a third species, killed 25000 African elephants, and sparked violent conflicts with rangers.  The clock is ticking on the world's remaining megafauna.  ",nytimes.com,http://www.nytimes.com/2012/09/21/opinion/elephants-dying-for-ivory.html?smid=re-share
2012-09-22,00:31:07,1092k6,167,UAE calls for Middle East nuclear weapons free zone ,gulfnews.com,http://gulfnews.com/news/gulf/uae/government/uae-calls-for-middle-east-nuclear-weapons-free-zone-1.1079044
2012-09-22,04:02:42,109fin,168,Shell sues Greenpeace to stop Arctic protests,businessweek.com,http://www.businessweek.com/ap/2012-09-21/shell-sues-greenpeace-to-stop-artic-protests
2012-09-22,03:05:24,109bvv,120,"330 military officers, including the former air force and navy chiefs, found guilty of plotting to overthrow the Islamic-based Turkish government in 2003, in a case that has helped curtail the military’s hold on politics.",news.nationalpost.com,http://news.nationalpost.com/2012/09/21/330-military-officers-found-guilty-of-plotting-to-overthrow-turkish-government/
2012-09-22,05:05:33,109jrv,102,"Iraq has denied permission to a North Korean plane bound for Syria to pass through Iraqi airspace on Saturday because it suspects it could be carrying weapons, a senior official said on Friday.",reuters.com,http://www.reuters.com/article/2012/09/21/us-syrai-crisis-iraq-idUSBRE88K0EL20120921?feedType=RSS&feedName=topNews&utm_source=feedburner&utm_medium=feed&utm_campaign=Feed%3A+reuters%2FtopNews+%28News+%2F+US+%2F+Top+News%29
2012-09-22,01:58:58,1097of,100,"19 Reported Dead in Pakistan at the end of the ""Day of love for the Prophet"", the protest day that was sanctioned by the government itself",nytimes.com,http://www.nytimes.com/2012/09/22/world/asia/protests-in-pakistan-over-anti-islam-film.html?_r=1&smid=tw-nytimes
2012-09-22,20:48:45,10alma,86,Chuck Norris bridge denied: Slovakia govt favors history name over populism,in.reuters.com,http://in.reuters.com/article/2012/09/21/slovakia-chucknorris-bridge-idINDEE88K0D920120921
2012-09-22,23:08:51,10apil,76,The Catholic Church in one Australian state has revealed that at least 620 children have been abused by its clergy since the 1930s,rawstory.com,http://www.rawstory.com/rs/2012/09/22/catholic-church-in-australia-reveals-620-sex-abuse-cases/
2012-09-22,00:32:46,1092nj,69,Women raped by Sinai traffickers find help: Human traffickers raped Tegisti Tekla often during her long journey via Sudan and the Sinai to Israel. She shares her ordeal to prevent others from enduring the same fate.,thecnnfreedomproject.blogs.cnn.com,http://thecnnfreedomproject.blogs.cnn.com/2012/09/21/women-raped-by-sinai-traffickers-find-help/
2012-09-22,22:58:35,10ap5c,56,Iran blamed for cyberattacks on U.S. banks and companies - The Washington Post,washingtonpost.com,http://www.washingtonpost.com/world/national-security/iran-blamed-for-cyberattacks/2012/09/21/afbe2be4-0412-11e2-9b24-ff730c7f6312_print.html
2012-09-22,02:38:42,109a2n,40,Turkey convicts 330 military officers accused of coup ,telegraph.co.uk,http://www.telegraph.co.uk/news/worldnews/europe/turkey/9559022/Turkey-convicts-330-military-officers-accused-of-coup.html
2012-09-22,02:08:11,10987f,44,"Following on the heels of the French satire magazine Charlie Hebdo, the German publication Titanic in now also planning a Muhammad cover this month.",spiegel.de,http://www.spiegel.de/international/world/german-satire-magazine-editor-explains-muhammad-issue-decision-a-857005.html
2012-09-22,05:20:51,109krj,24,"Israeli troops shot the three heavily armed men when they crossed the Egyptian border and ambushed the soldiers, averting ""a very big terror attack"", an Israeli military spokeswoman said on Friday. The incident took place on the Israeli side of the frontier at a place called Har Harif.",aljazeera.com,http://www.aljazeera.com/news/middleeast/2012/09/2012921122456207314.html
2012-09-22,02:31:36,1099lt,24,Rangers in Congo risk lives for rare gorillas. Presence of rebels makes it difficult for the park rangers to do their job. “Most of the time it’s ambushes from different rebel groups”,washingtonpost.com,http://www.washingtonpost.com/world/africa/rangers-in-congo-risk-lives-for-rare-gorillas/2012/09/21/f338ab7a-0407-11e2-9b24-ff730c7f6312_story.html?tid=sm_btn_reddit
