2012-06-17,22:30:15,v6dxm,3007,"""Australia will create the largest network of marine parks in the world, protecting waters covering an area as large as India while banning oil and gas exploration and limiting commercial fishing in some of the most sensitive areas.""",reuters.com,http://www.reuters.com/article/2012/06/14/us-australia-environment-marine-idUSBRE85D02Y20120614
2012-06-17,01:38:56,v55m7,2236,"New Zealand's High Court Steps Into Extradition Fight Over Kim Dotcom: Judge orders US Attorneys to hand over evidence they're using to make the case against Dotcom, US goes ballistic insisting that such an effort is impossible...",techdirt.com,http://www.techdirt.com/articles/20120615/17485919355/new-zealands-high-court-steps-into-extradition-fight-over-kim-dotcom.shtml
2012-06-17,08:33:56,v5oez,1362,Mexican President Felipe Calderon says he is cancelling the construction of a huge tourist resort in Baja California over concerns it could damage a nearby marine reserve.,bbc.co.uk,http://www.bbc.co.uk/news/world-latin-america-18466788
2012-06-17,18:04:06,v69eo,898,Sweden Violated Torture Ban in CIA Rendition,hrw.org,http://www.hrw.org/news/2006/11/09/sweden-violated-torture-ban-cia-rendition
2012-06-17,15:43:06,v6600,496,"Governments should publish clear accounts listing assets and liabilities, making the inter-generational implications of continuing with current debt levels absolutely clear for young voters. ",bbc.co.uk,http://www.bbc.co.uk/news/world-18456131
2012-06-17,12:01:59,v5xez,272,"Meet Prince Salman, the Next Saudi King - 
He’s 76 years old, a hawk when it comes to Iran, a dove when it comes to peaceful reform—&, with the death of his brother, the kingdom’s new heir.",thedailybeast.com,http://www.thedailybeast.com/articles/2012/06/16/prince-salman-meet-the-next-saudi-king.html
2012-06-18,03:18:38,v6pbz,164,Hollande party 'wins majority' in French parliament,bbc.co.uk,http://www.bbc.co.uk/news/world-europe-18471239
2012-06-17,08:59:07,v5pgu,161,Wildlife camera catches Austrian politician having sex in forest,telegraph.co.uk,http://www.telegraph.co.uk/news/worldnews/europe/austria/9334182/Wildlife-camera-catches-Austrian-politician-having-sex-in-forest.html
2012-06-17,07:02:18,v5kfj,164,"Lebanese army clashes with Palestinians; one dead
| Reuters",uk.reuters.com,http://uk.reuters.com/article/2012/06/15/uk-lebanon-palestinians-idUKBRE85E15U20120615
2012-06-17,23:02:20,v6ere,157,"Divers baffled after first expedition down to the ""Millenium Falcon"" shipwreck.",thelocal.se,http://www.thelocal.se/41494/20120617/
2012-06-17,20:31:39,v6bvb,138,Northern Ireland Health Minister stands by the existing ban on gay blood donors,bbc.co.uk,http://www.bbc.co.uk/news/uk-northern-ireland-18476308
2012-06-17,21:43:02,v6d14,116,Ottawa [Canada] Airport Wired With Microphones As Border Services Prepares To Record Travellers' Conversations,ottawacitizen.com,http://www.ottawacitizen.com/news/Ottawa+airport+wired+with+microphones+Border+Services/6788759/story.html
2012-06-17,07:59:05,v5mxj,104,Paraguay:  9 landless farmers in Paraguay charged with murder after killing 6 police officers trying to evict them.  Farmers say the land was illegally taken during the 1954-1989 military rule of Gen Alfredo Stroessner & distributed among his allies.  ,bbc.co.uk,http://www.bbc.co.uk/news/world-latin-america-18474444
2012-06-17,02:21:16,v57fl,91,Two Russian Parties Merge in Push Against Putin,nytimes.com,http://www.nytimes.com/reuters/2012/06/16/world/europe/16reuters-russia-opposition.html
2012-06-18,03:33:26,v6q1q,94,"Police say about 10 men armed with sledgehammers and wooden bats have attacked a polling station during Greece's election, wounding two policemen guarding it and setting fire to the ballot box.",hosted.ap.org,http://hosted.ap.org/dynamic/stories/E/EU_GREECE_ELECTION_VIOLENCE?SITE=RIPAW&SECTION=HOME&TEMPLATE=DEFAULT
2012-06-17,08:07:19,v5na2,85,"An off-duty policeman drove up to a house occupied by a Roma (Gypsy) family, who were in their garden, & opened fire, killing 3 & wounding 2 in Slovakia - There was no immediate explanation for the attack, & police have so far refused to confirm a racial motive.
",bbc.co.uk,http://www.bbc.co.uk/news/world-europe-18474442
2012-06-18,03:20:25,v6pf1,86,Guess Who’s Emerging From the Crisis?,krugman.blogs.nytimes.com,http://krugman.blogs.nytimes.com/2012/06/13/guess-whos-emerging-from-the-crisis/?smid=tw-NytimesKrugman&seid=auto
2012-06-18,01:59:07,v6lqs,71,"Chavez reveals Venezuela has built first drone: ""Venezuela has made its first drone in partnership with Iran, Russia and China, and said Caracas plans to start exporting it soon.""",ca.news.yahoo.com,http://ca.news.yahoo.com/chavez-reveals-venezuela-built-first-drone-205057326.html
2012-06-17,10:29:01,v5tel,71,Kim Jong-un: North Korea Leader's Media Makeover -N Korea's tightly controlled media are building up a personality cult around the new leader that can be divided in obvious stages ,bbc.co.uk,http://www.bbc.co.uk/news/world-asia-pacific-18034859
2012-06-17,18:23:28,v69t9,48,Saudi Arabian women risk arrest as they defy ban on driving,guardian.co.uk,http://www.guardian.co.uk/world/2012/jun/17/saudi-arabian-women-risk-arrest-ban-driving
2012-06-17,16:37:33,v67gw,35,Edmonton triple-murder suspect arrested at U.S. border,cbc.ca,http://www.cbc.ca/news/canada/edmonton/story/2012/06/16/edmonton-baumgartner-arrested.html
2012-06-18,06:19:52,v6yfq,37,"Iran behind bomb plots against Israeli diplomats, multinational investigation affirms",guardian.co.uk,http://www.guardian.co.uk/world/2012/jun/17/iran-bomb-plot-israel-nuclear-talks
2012-06-17,19:43:20,v6b4e,38,Taliban praises India for resisting US pressure on Afghanistan,in.reuters.com,http://in.reuters.com/article/2012/06/17/afghanistan-taliban-india-idINDEE85G03D20120617
2012-06-17,01:57:52,v56gx,38,Viewpoint: Time to look beyond Mexico drug violence,bbc.co.uk,http://www.bbc.co.uk/news/world-latin-america-18396739
2012-06-17,02:08:52,v56yd,32,"Going to Ethiopia? If you use Skype, you could be there 15 years - latimes.com",latimes.com,"http://www.latimes.com/business/technology/la-fi-tn-skype-ethiopia-15-years-jail-20120615,0,6747631.story"
2012-06-17,09:30:29,v5qw9,23,US enlists Britain's help to stop ship 'carrying Russian attack helicopters' to Syria,telegraph.co.uk,http://www.telegraph.co.uk/news/worldnews/middleeast/syria/9336170/US-enlists-Britains-help-to-stop-ship-carrying-Russian-attack-helicopters-to-Syria.html
2012-06-17,07:28:39,v5lls,19,"""Angela Merkel has warned Greece it cannot renegotiate its bailout as the nation prepares to vote . . . Athens will not be allowed to dodge its austerity agreement and 'lead everyone else through the arena by the nose ring', the German Chancellor said.""",skynews.com.au,http://www.skynews.com.au/topstories/article.aspx?id=761777&vId=
2012-06-18,00:28:43,v6hvq,16,Wolves maul zoo worker to death in Sweden,upi.com,http://www.upi.com/Top_News/World-News/2012/06/17/Wolves-maul-zoo-worker-to-death-in-Sweden/UPI-58641339944527/
2012-06-17,02:37:28,v5843,12,Skeleton of British soldier unearthed at Waterloo with possible evidence of his identity next to him.,dailymail.co.uk,http://www.dailymail.co.uk/news/article-2158303/Rare-intact-skeleton-British-soldier-site-Waterloo-battlefield-musket-ball-felled-ribs.html
2012-06-17,10:09:50,v5sl9,14,University of Alberta shooting suspect apprehended.,edmonton.ctv.ca,http://edmonton.ctv.ca/servlet/an/local/CTVNews/20120616/EDM_baumgartnercaught_120616/20120616/
