2012-03-06,18:39:42,qk0e5,1725,"Appeal Lost - UK ISPs will have to send warning letters to alleged illegal file downloaders, as well as potentially cutting users off",bbc.co.uk,http://www.bbc.co.uk/news/technology-17270817
2012-03-06,19:45:02,qk1ou,607,89% of the global population now has access to safe drinking water.,guardian.co.uk,http://www.guardian.co.uk/global-development/2012/mar/06/water-millennium-development-goals
2012-03-06,22:28:09,qk5wb,422,How Goldman Sachs screwed Greece,bloomberg.com,http://www.bloomberg.com/news/2012-03-06/goldman-secret-greece-loan-shows-two-sinners-as-client-unravels.html
2012-03-06,20:36:22,qk2qu,258,Iran to allow UN nuclear inspectors into military site,cbc.ca,http://www.cbc.ca/news/world/story/2012/03/06/iran-nuclear-un-inspectors-access.html
2012-03-06,08:28:56,qjda5,258,"Myanmar has lowered its firewalls, opening access to social-media sites such as Facebook and Twitter",economist.com,http://www.economist.com/node/21548996?fsrc=scn/tw/te/ar/yangonsdigitalspring
2012-03-07,02:38:14,qkgr5,156,Brazil's economy overtakes UK to become world's sixth largest.,guardian.co.uk,http://www.guardian.co.uk/business/2012/mar/06/brazil-economy-worlds-sixth-largest
2012-03-06,20:58:45,qk3aw,139,Is Somalia on the brink of peace? Loss of key city is latest defeat for once-powerful Al Shabaab Islamists.,globalpost.com,http://www.globalpost.com/dispatch/news/regions/africa/120305/somalia-baidoa-free-after-ethiopia-pushes-out-al-shabaab
2012-03-06,21:39:36,qk4dc,109,Singapore maids to finally get one day off per week,cbc.ca,http://www.cbc.ca/news/offbeat/story/2012/03/06/singapore-maids-protection.html
2012-03-06,20:11:55,qk28o,103,"Starving Iran Won’t Free It: There's an old saying, attributed to the British Foreign Office in colonial days: “Keep the Persians hungry, and the Arabs fat.”",nytimes.com,http://www.nytimes.com/2012/03/03/opinion/starving-iran-wont-free-it.html?scp=1&sq=starving&st=cse
2012-03-06,21:15:04,qk3pc,91,Slovakians vote to name a bridge Chuck Norris.,newsfeed.time.com,http://newsfeed.time.com/2012/02/27/slovaks-vote-overwhelmingly-to-name-bridge-after-chuck-norris/
2012-03-06,14:54:21,qjv2k,78,Penguin escaped from Tokyo zoo.,japantimes.co.jp,http://www.japantimes.co.jp/text/nn20120305x3.html
2012-03-06,21:49:51,qk4p7,56,Eastern Libya declares semi- autonomy,aljazeera.com,http://www.aljazeera.com/news/africa/2012/03/201236123841695817.html
2012-03-06,22:04:52,qk56g,53,Hamas rules out military support for Iran in any war with Israel,guardian.co.uk,http://www.guardian.co.uk/world/2012/mar/06/hamas-no-military-aid-for-iran
2012-03-06,20:45:40,qk2zb,53,"Twin blasts hit Egypt gas pipeline:  The main gas pipeline sending supplies from Egypt to Israel and Jordan was attacked on Monday, the 13th such attack since long-time President Hosni Mubarak was ousted in February 2011.
",globalpost.com,http://www.globalpost.com/dispatch/news/regions/middle-east/120306/twin-blasts-hit-egypt-gas-pipeline
2012-03-06,19:18:56,qk15s,50,China Urges The U.S. To Tread Carefully On 'Core Interests',edition.cnn.com,http://edition.cnn.com/2012/03/06/world/asia/china-foreign-minister/index.html
2012-03-07,02:05:32,qkf6b,30,"Iran in Nuclear Facility Pledge:""Iran plans to allow U.N. officials to visit the secretive Parchin complex, where the nuclear agency suspects research into nuclear weapons may have been carried out.""",the-diplomat.com,http://the-diplomat.com/the-editor/2012/03/06/iran-in-nuclear-facility-pledge/
2012-03-06,16:53:50,qjy9g,33,Sweden to help build Saudi arms plant: report - The Local,thelocal.se,http://www.thelocal.se/39510/20120306/
2012-03-07,04:53:31,qknb8,33,Eastern Libya pulls away from central government,google.com,http://www.google.com/hostednews/ap/article/ALeqM5iklOh4sVKKczlfYNiqahD915lANQ?docId=0b4e6704e5574d8bba64dc44571b9b21
2012-03-06,22:33:38,qk62h,30,"Gay chilean man remains in a coma after brutal 
attack. Neonazis carved swastikas into his 
abdomen and burned other parts of his body with 
cigarettes.",edgeboston.com,http://www.edgeboston.com/news/international/news/130633/gay_chilean_man_remains_in_a_coma_after_brutal_attack
2012-03-07,06:01:27,qkqjn,25,French PM Prompts Religious Row - Muslim & Jewish groups have reacted with dismay after French PM Francois Fillon suggested the religious slaughter of animals was out of date,bbc.co.uk,http://www.bbc.co.uk/news/world-europe-17275842
2012-03-07,03:25:23,qkj1o,22,Daughter of Mubarak-era mogul Hussein Salem to be extradited:  Spanish judge orders extradition of business tycoon's daughter to face corruption charges in Egypt,english.ahram.org.eg,http://english.ahram.org.eg/NewsContent/1/64/36156/Egypt/Politics-/Daughter-of-Mubarakera-mogul-Hussein-Salem-to-be-e.aspx
2012-03-06,21:33:36,qk47j,21,"Australia's mining boom placing Great Barrier Reef at risk, UN warns: 
Environmental team is assessing the reef amid concerns over rapid escalation in coal exports and gas exploration
",guardian.co.uk,http://www.guardian.co.uk/environment/2012/mar/06/great-barrier-reef-mining-boom
2012-03-06,21:47:17,qk4m9,23,BBC News - Saudi diplomat shot dead in Bangladesh,bbc.co.uk,http://www.bbc.co.uk/news/world-asia-17268306#TWEET94570
2012-03-06,12:38:07,qjpav,20,"At Chechnya Polling Station, Votes for Putin Exceed the Rolls - New York Times",news.google.com,http://news.google.com/news/url?sa=t&fd=R&usg=AFQjCNHKu3GqvV0L9YLWt2YC84lFYNLXuA&url=http://www.nytimes.com/2012/03/06/world/europe/fraudulent-votes-for-putin-abound-in-chechnya.html
2012-03-07,02:37:08,qkgpd,19,France to require all drivers to have Breathalyzer kits,stripes.com,http://www.stripes.com/news/france-to-require-all-drivers-to-have-breathalyzer-kits-1.170764
2012-03-07,00:05:03,qk9jz,19,Geir Haarde is thought to be the first world leader to be put on trial for his role in his country's 2008 economic crisis. The trial of the former Iceland prime minister started on Monday,pri.org,http://www.pri.org/stories/business/former-leader-of-iceland-put-on-trial-for-economic-crisis-8777.html
2012-03-06,20:01:15,qk1zz,18,Iran Crisis: IAEA Offered Conditional Access To Parchin,bbc.co.uk,http://www.bbc.co.uk/news/world-middle-east-17269341
2012-03-06,10:02:57,qjht2,18,"Dutch Freedom Party pushes euro exit as €2.4 trillion rescue bill looms:  The Dutch Freedom Party has called for a return to the Guilder, becoming the first political movement in the eurozone with a large popular base to opt for withdrawal from the single currency. ",telegraph.co.uk,http://www.telegraph.co.uk/finance/financialcrisis/9124815/Dutch-Freedom-Party-pushes-euro-exit-as-2.4-trillion-rescue-bill-looms.html
2012-03-06,20:49:14,qk32o,16,Turkish Prime Minister Recep Tayyip Erdogan called on neighboring Syria on Tuesday to allow the immediate opening of humanitarian aid corridors as residents of Baba Amr who fled to Lebanon said destruction filled the air in the Syrian city of Homs.,english.alarabiya.net,http://english.alarabiya.net/articles/2012/03/06/198936.html
2012-03-06,23:49:34,qk8vy,15,The legal case against attacking Iran: A preemptive strike against Iran would violate both U.S. and international law.,latimes.com,"http://www.latimes.com/news/opinion/commentary/la-oe-ackerman-attacking-iran-would-be-illegal-20120305,0,4429323.story"
