2012-07-20,00:26:04,wtjqr,2422,Drug decriminalization in Portugal decreases number of addicts,globalpost.com,http://www.globalpost.com/dispatch/news/regions/europe/120718/drug-decriminalization-portugal-addicts
2012-07-20,22:41:21,wvfcd,1210,"In China Man Saves Drowning Family, Drowning Family Leave Man To Die Because ""It's Not Their Business""",news.asiaone.com,http://news.asiaone.com/News/AsiaOne%2BNews/Asia/Story/A1Story20120715-359269.html
2012-07-20,11:39:42,wuq31,627,"HSBC, accused of financial dealings linked to terrorists and drug cartels, heads to Senate subcommittee - latimes.com",latimes.com,"http://www.latimes.com/business/money/la-fi-mo-hsbc-senate-20120717,0,3041182.story"
2012-07-20,23:52:10,wvix3,407,Vast aquifer found in Namibia could last for centuries - A newly discovered water source in Namibia could have a major impact on development in the driest country in sub-Saharan Africa.,bbc.co.uk,http://www.bbc.co.uk/news/science-environment-18875385
2012-07-20,15:40:27,wv1tb,263,"Spanish rallies turn violent as million people protest in 80 cities: Demonstrators carried flags and banners decorated with scissors, symbolizing the country's harsh spending cuts. The streets of Madrid were paralyzed by the boundless crowds of people",rt.com,http://rt.com/news/spain-protests-austerity-cuts-634/
2012-07-20,20:23:10,wvab7,237,"Huge explosion in Damascus, Wi-Fi and 3G cut-off - RT reporter — RT",rt.com,http://www.rt.com/news/explosions-damascus-syria-unrest-675/
2012-07-20,23:18:09,wvh1f,230,That large event that see very fit people converge every four years has a list of restricted words that is being enforced by 300 uniformed persons in an effort to protect the sponsors of said event.,spectator.co.uk,http://www.spectator.co.uk/issues/14-july-2012/censorship-olympics-
2012-07-20,03:08:25,wtu3k,176,(Video) Former Mexican president: Legalize drugs to fight cartels,rawstory.com,http://www.rawstory.com/rs/2012/07/18/former-mexican-president-legalize-drugs-to-fight-cartels/
2012-07-20,02:57:19,wttd2,169,UK Judge: Apple must run ads saying Samsung DIDN'T copy the iPad,theregister.co.uk,http://www.theregister.co.uk/2012/07/19/apple_samsung_did_not_copy_us/
2012-07-20,19:20:15,wv8oh,172,300 radioactive Japanese cars stopped at Russian border,rt.com,http://www.rt.com/news/radioactive-japanese-cars-russian-border-624/
2012-07-20,01:08:17,wtmav,168,Syria conflict: West 'appalled' by Russia China UN veto,bbc.co.uk,http://www.bbc.co.uk/news/world-middle-east-18914578
2012-07-20,21:02:22,wvbj3,146,"Exclusive: Kim to reform North Korean economy after purge: source
| Reuters",reuters.com,http://www.reuters.com/article/2012/07/20/us-korea-north-idUSBRE86J08X20120720
2012-07-20,18:49:03,wv7u1,108,Silvio Berlusconi will probably run for prime minister for a seventh time.,economist.com,http://www.economist.com/node/21559371
2012-07-20,20:22:40,wvaao,103,"
Iran denies Israeli claims on Bulgaria attack",aljazeera.com,http://www.aljazeera.com/news/europe/2012/07/201271983322181964.html
2012-07-20,05:39:58,wu4bb,90,Fukushima children have abnormal thyroid growths - Business Insider,businessinsider.com,http://www.businessinsider.com/fukushima-children-have-abnormal-thyroid-growths-2012-7
2012-07-20,01:45:43,wtolh,86,"Bulgarian media have named the suicide bomber who blew up the bus with Israeli tourists on Wednesday, killing seven. The terrorist is alleged to be Mehdi Ghezali, an Algerian-Swedish Islamist who spent two years in Guantanamo Bay",rt.com,http://www.rt.com/news/bulgaria-suicide-bomber-identified-israel-587/
2012-07-20,10:59:06,wunpn,70,U.A.E. Police Treating US Navy's Gulf Shooting as Murder,blogs.wsj.com,http://blogs.wsj.com/indiarealtime/2012/07/19/u-a-e-police-treating-gulf-shooting-as-murder/
2012-07-20,02:07:10,wtpz7,52,Russia and China veto UN resolution on Syria ,aljazeera.com,http://www.aljazeera.com/news/middleeast/2012/07/2012719144626794335.html
2012-07-20,22:16:47,wve9r,55,Not everyone hates Bashar al-Assad. Some people even like the Syrian president. But they're afraid to admit it.,globalpost.com,http://www.globalpost.com/dispatch/news/regions/middle-east/syria/120719/not-everyone-hates-bashar-al-assad
2012-07-20,08:11:03,wudvb,49,"Spanish firemen strip naked to protest spending cuts: ""With so many cuts we have been left naked,"" declared a banner on the wall above them.",ca.news.yahoo.com,http://ca.news.yahoo.com/spanish-firemen-strip-naked-protest-spending-cuts-210146583.html
2012-07-20,11:05:28,wuo2g,52,"'Bigotry' behind burning of Polish flags in Belfast must stop, warns group:  Maciek Bator, founder of the Polish Association in Northern Ireland, has described the burning of his country's national flag by loyalists on bonfires in Northern Ireland as ""despicable"". ",belfasttelegraph.co.uk,http://www.belfasttelegraph.co.uk/news/local-national/northern-ireland/bigotry-and-hatred-behind-burning-of-polish-flags-in-belfast-must-stop-warns-group-16187003.html
2012-07-21,02:09:52,wvrb4,46,Azerbaijan: Army Officer Shot Dead By Armenian Sniper,rferl.org,http://www.rferl.org/content/azerbaijan-armenia-sniper-shot-dead/24651448.html
2012-07-20,03:59:37,wtxhy,52,"Historic first, Canadian sub sinks a ship",ctvnews.ca,http://www.ctvnews.ca/canada/canadian-sub-fires-torpedo-in-historic-war-games-off-hawaii-1.884065
2012-07-21,01:25:47,wvokl,44,Brazil removes diplomats from Syria ,boston.com,http://www.boston.com/news/world/latinamerica/articles/2012/07/20/brazil_removes_diplomats_from_syria/
2012-07-20,07:36:04,wubny,45,Syria rebels seize key Iraq border crossings,aljazeera.com,http://www.aljazeera.com/news/middleeast/2012/07/201271919353589773.html
2012-07-20,11:07:39,wuo6x,37,"Spanish police have clashed with protesters who marched against the latest batch of austerity measures. Over a million public employees, trade union members and fed-up citizens have taken to the streets in over 80 Spanish cities.",rt.com,http://rt.com/news/spain-protests-austerity-cuts-634/
2012-07-21,07:01:22,ww9e4,35,"So much gasoline is being taken out of Venezuela illegally that President Hugo Chavez's socialist government imposed rationing on motorists in one state bordering Colombia last year, and now it's touched off a furor in a second border state by announcing it will ration gasoline there, too.",hosted.ap.org,http://hosted.ap.org/dynamic/stories/L/LT_VENEZUELA_GASOLINE_RATIONING?SITE=RIPAW&SECTION=HOME&TEMPLATE=DEFAULT
2012-07-20,15:01:14,wv0av,35,"Muslim 
couple 
guilty 
of 
anti-
Jewish 
bomb 
plot",yorkshirepost.co.uk,http://www.yorkshirepost.co.uk/news/at-a-glance/main-section/muslim-couple-guilty-of-anti-jewish-bomb-plot-1-4756169
2012-07-20,10:02:08,wukcb,31,"The Mob in India - In the heart of Guwahati, a mob of men assault a teenage girl coming out of a bar as a journalist records it on his video camera & people gawk.  Such attacks are becoming distressingly common, pointsing to rising tensions between 2 Indias.",bbc.co.uk,http://www.bbc.co.uk/news/world-asia-india-18876186
2012-07-20,23:52:01,wviwt,26,Assad Troops Force Rebels to Retreat in Damascus Battle,nytimes.com,http://www.nytimes.com/2012/07/21/world/middleeast/clashes-continue-after-border-posts-fall-to-syrian-rebels.html?pagewanted=all
