2012-11-21,05:45:34,13j4bl,1429,Hamas executes six suspected collaborators with Israel; body dragged through street - San Jose Mercury News,mercurynews.com,http://www.mercurynews.com/nation-world/ci_22034428/hamas-executes-six-suspected-collaborators-israel-body-dragged
2012-11-21,13:34:44,13jwmv,1133,Moscow bans protest against political repressions 'due to lack of political repression',rt.com,http://rt.com/news/moscow-political-repressions-protest-banned-198/
2012-11-21,15:11:52,13k10y,916,"After 8 more rhinos were slaughtered over the weekend, South African army deployed to assist in the war against poaching.  So far a staggering 570 rhinos have been killed this year within the country's borders.",iol.co.za,http://www.iol.co.za/news/crime-courts/army-steps-in-to-end-rhino-massacre-1.1427617#.UKx76bGD704
2012-11-21,10:13:38,13jlbc,811,Marijuana legalization or decriminalization backed by most Canadians: poll - thestar.com,thestar.com,http://www.thestar.com/news/canada/article/1290622--marijuana-legalization-or-decriminalization-backed-by-most-canadians-poll
2012-11-21,23:52:08,13kix0,513,B.C Marijuana tax could net billions if pot is Legalized,cbc.ca,http://www.cbc.ca/news/canada/british-columbia/story/2012/11/20/bc-pot-market-value-tax.html
2012-11-21,07:20:17,13jant,465,"Dutch govt scraps `weed pass' for coffee shops. Dope-selling coffee shops in Amsterdam won't be shutting their doors to foreign visitors, a huge relief to the hundreds of thousands of tourists who enjoy a toke or two in the Dutch capital alongside their excursions on the canals and to the museums.",huffingtonpost.com,http://www.huffingtonpost.com/huff-wires/20121120/eu-netherlands-pot-cafes/?utm_hp_ref=homepage&ir=homepage
2012-11-21,23:13:08,13kgq6,412,National anguish at death of five Chinese street children: The deaths of five street children who poisoned themselves after lighting a fire to fend off the cold have triggered an outpouring of online grief and reinforced a national debate over China’s growing wealth gap. ,telegraph.co.uk,http://www.telegraph.co.uk/news/worldnews/asia/china/9693223/National-anguish-at-death-of-five-Chinese-street-children.html
2012-11-21,11:05:28,13jod0,402,India hangs Mumbai gunman Ajmal Kasab,thenews.com.pk,http://www.thenews.com.pk/article-76397-India-hangs-Mumbai-gunman-Ajmal-Kasab
2012-11-21,04:03:04,13ix7a,383,"The video of a teenage girl’s random assault that has London up in arms. British police have released this very disturbing video, reportedly captured by a nearby closed-circuit camera, of a man attacking a 16-year-old girl for what authorities say is no discernible reason.",washingtonpost.com,http://www.washingtonpost.com/blogs/worldviews/wp/2012/11/20/the-video-of-a-teenage-girls-random-assault-that-has-london-up-in-arms/?tid=socialss
2012-11-21,01:19:11,13imgc,251,Norway to cull the 25 wolves in their country,guardian.co.uk,http://www.guardian.co.uk/environment/georgemonbiot/2012/nov/20/norway-predators-wolves
2012-11-21,11:09:51,13jolw,179,"Mohammed Kasab, the sole surviving gunman from the 2008 Mumbai attacks, has been hanged in an Indian prison",aljazeera.com,http://www.aljazeera.com/news/asia/2012/11/201211213032130436.html
2012-11-21,22:10:04,13kds1,144,"Iranian news agency says the head of Iran's powerful Revolutionary Guard has disclosed his country has given fighters in Gaza the ability to produce longer-range missiles on their own, without direct shipments",nytimes.com,http://www.nytimes.com/aponline/2012/11/21/world/middleeast/ap-ml-iran-gaza.html?hp
2012-11-21,00:25:10,13ij01,144,"Iran says Palestinians in the Gaza Strip should be ""equipped"" to defend themselves against Israel.",seattletimes.com,http://seattletimes.com/html/nationworld/2019717892_apmlirangaza.html
2012-11-21,12:39:09,13jtoz,134,"World's Most Expensive Coffee, Made of Feces, is Tainted by 'Horrific' Civet Abuse - They're kept in tiny cages, separated from their young, & force-fed only coffee cherries. Kopi Luwak surged in popularity since 2007 film 'The Bucket List' (x-post from r/nature)",guardian.co.uk,http://www.guardian.co.uk/environment/2012/nov/19/civet-coffee-abuse-campaigners
2012-11-21,07:38:42,13jbu8,116,"Singapore taxi driver returns $900k left by passengers
",abc.net.au,http://www.abc.net.au/news/2012-11-21/an-singapore-taxi-driver-returns-24900k-left-by-passengers/4383568
2012-11-21,00:36:02,13ijqb,116,A Pakistan court threw out all charges against a Christian girl accused of blasphemy in a case that drew international condemnation,rawstory.com,http://www.rawstory.com/rs/2012/11/20/lawyers-say-pakistan-quashed-christian-girl-blasphemy-case/
2012-11-21,20:10:17,13k9sm,81,New Zealand's 'Lord of the Rings' Volcano Erupts,washingtonpost.com,http://www.washingtonpost.com/world/long-quiet-volcano-erupts-in-new-zealand-for-2nd-time-in-4-months-flights-told-to-avoid-area/2012/11/20/0a490b38-337f-11e2-92f0-496af208bf23_story.html?tid=socialss
2012-11-21,23:40:08,13ki9g,83,A French news magazine has accused the US government of hacking into the office of Nicolas Sarkozy in the final weeks of his presidency of France.,bbc.co.uk,http://www.bbc.co.uk/news/world-europe-20429704
2012-11-21,07:06:57,13j9tt,81,"Iraqi-Kurd tensions soar after firefight. A shootout over an unpaid gasoline bill in this small but hotly contested town has sent tensions soaring between the Iraqi government in Baghdad and the northern region of Kurdistan, threatening to ignite the Arab-Kurdish conflict that many have long feared.",washingtonpost.com,http://www.washingtonpost.com/world/middle_east/iraqi-kurd-tensions-soar-after-firefight/2012/11/20/fd567f34-334a-11e2-92f0-496af208bf23_story.html?tid=socialss
2012-11-21,21:13:59,13kboi,74,Libya: Benghazi police chief assassinated,bbc.co.uk,http://www.bbc.co.uk/news/world-africa-20424432
2012-11-21,03:02:19,13isz2,70,Dozens who protested in Yemen during Arab Spring still missing,news.nationalpost.com,http://news.nationalpost.com/2012/11/20/dozens-who-protested-in-yemen-during-arab-still-missing/
2012-11-21,23:37:20,13ki3g,62,"NATO says Turkey has asked for missile defense against Syria
",ca.reuters.com,http://ca.reuters.com/article/topNews/idCABRE8AK0UZ20121121
2012-11-21,21:59:00,13kdbp,63,Melbourne bus racist abuse video puts Australian attitudes on trial,guardian.co.uk,http://www.guardian.co.uk/world/2012/nov/21/melbourne-racist-bus-rant-australia
2012-11-21,20:14:13,13k9wc,54,"Violence Against Women in Latin America: Getting Worse - Femicides in Mexico, Guatemala, & Honduras have all shot up, some of the highest rates in the world.  El Salvador has  biggest spike, with 637 women murdered in 2011, almost quadruple  from a decade ago. 


",csmonitor.com,http://www.csmonitor.com/World/Americas/2012/1120/Violence-against-women-in-Latin-America-Is-it-getting-worse
2012-11-21,18:56:52,13k7t5,47,Bomb blast injures 17 on Tel Aviv Bus.. Fears of a second attack as police chase suspects.,haaretz.com,http://www.haaretz.com/news/diplomacy-defense/explosion-hits-tel-aviv-bus-at-least-17-wounded-police-chasing-terror-suspects-1.479535
2012-11-21,00:00:27,13ihh4,39,"UNAIDS reports a more than 50% drop in new HIV infections across 25 countries; more than half the countries are in Africa, the region most affected by HIV",unaids.org,http://www.unaids.org/en/resources/presscentre/pressreleaseandstatementarchive/2012/november/20121120prresults/
2012-11-21,08:30:19,13jf4s,35,How Gaming Libor Became Business As Usual,reuters.com,http://www.reuters.com/article/2012/11/20/us-libor-fixing-origins-idUSBRE8AJ0MH20121120
2012-11-21,16:10:25,13k343,37,Mayan experts insist world will not end next month,google.com,http://www.google.com/hostednews/afp/article/ALeqM5gIvXDtR98s43CTz6Vz9ogDKGL9gQ?docId=CNG.8c4b8be82b1df5db5e55366433e38813.441
2012-11-21,12:18:05,13jsje,36,Power-saw wielding thieves steal ancient rock carvings in 'worst vandalism ever'  ,telegraph.co.uk,http://www.telegraph.co.uk/news/worldnews/northamerica/usa/9689548/Power-saw-wielding-thieves-steal-ancient-rock-carvings-in-worst-vandalism-ever.html
2012-11-21,18:25:05,13k6zf,32,"Norway's Plan to Kill Wolves Without Debate Explodes Myth of Environmental Virtue -  Transformation of Canada under the tar barons has been a shock.  Norway, whose green & humanitarian principles were just as well-established, is undergoing a similar transformation.


",guardian.co.uk,http://www.guardian.co.uk/environment/georgemonbiot/2012/nov/20/norway-predators-wolves?intcmp=122
