2012-03-17,08:03:29,r05ld,2432,French Senator wants to ban child pageants and certain types of children's clothing.,telegraph.co.uk,http://www.telegraph.co.uk/news/worldnews/europe/france/9126568/Under-age-models-risk-creating-hyper-sexualised-French-lolitas.html
2012-03-17,12:51:42,r0gpn,1226,WikiLeaks founder Julian Assange is planning to run for a seat in the Australian Senate.,abc.net.au,http://www.abc.net.au/news/2012-03-17/julian-assange-to-run-for-senate/3895958
2012-03-17,22:01:04,r0sft,1167,"Destroy all churches: 'If the pope called for the destruction of all the mosques in Europe, the uproar would be cataclysmic... On March 12, the grand mufti of Saudi Arabia, declared that it is “necessary to destroy all the churches of the region.”' ",washingtontimes.com,http://www.washingtontimes.com/news/2012/mar/16/destroy-all-churches/
2012-03-17,02:35:37,qzpxj,755,France bans strain of Monsanto GM maize,google.com,http://www.google.com/hostednews/afp/article/ALeqM5g35IMv82EiHUZTEBI7Yadp2y74CA
2012-03-18,03:57:47,r15e8,359,Suicide of 16-year-old girl forced to marry rapist prompts angry protest by Moroccan women,news.nationalpost.com,http://news.nationalpost.com/2012/03/17/suicide-of-16-year-old-girl-forced-to-marry-rapist-prompts-angry-protest-by-moroccan-women/
2012-03-17,03:58:06,qztz6,281,Russia plans manned moon shot by 2030 ,theregister.co.uk,http://www.theregister.co.uk/2012/03/16/roscosmos_space_plans/
2012-03-17,21:01:16,r0qzq,170,UK petrol station CCTVs will check insurance/tax status before you are allowed to fill up,boingboing.net,http://boingboing.net/2012/03/17/uk-petrol-station-cctvs-will-c.html
2012-03-17,23:43:37,r0vdn,127,"Chile: Protesters Demanding Education Rights Met With Tear Gas, Water Cannons: Protesters reject 2-tiered education system, demand free, quality education for all",commondreams.org,https://www.commondreams.org/headline/2012/03/16-2
2012-03-17,19:46:21,r0pka,116,"Police plans to fire rubber bullets in London: ""... senior officers wanted to fire rubber bullets at rioters in south London last summer – but firearms specialists could not reach the trouble spots in time. The Met has now promised to make ""more agile use"" of the weapons.""",independent.co.uk,http://www.independent.co.uk/news/uk/crime/revealed-police-plans-to-fire-rubber-bullets-in-london-7575904.html
2012-03-17,12:44:58,r0gh7,84,France Bans Growing of Genetically Modified Monsanto Corn.,bloomberg.com,http://www.bloomberg.com/news/2012-03-16/france-bans-cultivation-of-genetically-modified-monsanto-corn.html
2012-03-17,13:46:40,r0ijy,81,Private papers released for the first time reveal a meeting kept secret and denied between Margaret Thatcher and Rupert Murdoch over his bid to buy the Times newspapers.,bbc.co.uk,http://www.bbc.co.uk/news/uk-17366040
2012-03-17,01:10:19,qzlny,61,"Osama bin Laden ordered cells in Afghanistan and Pakistan to shoot down a plane carrying Barack Obama and Gen David Petraeus, it was reported on Friday.",telegraph.co.uk,http://www.telegraph.co.uk/news/worldnews/al-qaeda/9149000/Osama-bin-Laden-ordered-al-Qaeda-to-kill-Barack-Obama-and-David-Petraeus.html
2012-03-17,17:16:49,r0nbj,63,WikiLeaks' Julian Assange to run for Australian Senate,timesofindia.indiatimes.com,http://timesofindia.indiatimes.com/world/rest-of-world/WikiLeaks-Julian-Assange-to-run-for-Australian-Senate/articleshow/12303878.cms
2012-03-18,05:40:07,r19ck,55,"The Vatican has launched an internal, criminal investigation into the leaks of confidential documents that alleged corruption and financial mismanagement and exposed power struggles among Holy See officials, a Vatican prelate said Saturday.",hosted.ap.org,http://hosted.ap.org/dynamic/stories/E/EU_VATICAN_LEAKS?SITE=RIPAW&SECTION=HOME&TEMPLATE=DEFAULT
2012-03-18,03:43:44,r14ue,43,Moroccans Slam Law Allowing Rapist To Marry Victim,npr.org,http://www.npr.org/2012/03/17/148827312/moroccans-slam-law-allowing-rapist-to-marry-victim
2012-03-18,02:37:45,r1262,40,"Iraq'a Sadr movement says it frees US soldier - Followers of Iraqi Shia cleric Moqtada al-Sadr handed over a captive American soldier to the United Nations alive on Saturday, two senior officials in Sadr's movement have said.",guardian.co.uk,http://www.guardian.co.uk/world/2012/mar/17/iraq-sadr-us-soldier
2012-03-18,02:07:25,r10uw,34,"Coptic Pope Shenouda III of Alexandria and Patriarch of Saint Mark Diocese died on Saturday at the age of 88
",english.alarabiya.net,http://english.alarabiya.net/articles/2012/03/17/201325.html
2012-03-17,20:05:38,r0px2,34,'Nazi guard' John Demjanjuk dies,bbc.co.uk,http://www.bbc.co.uk/news/world-europe-17414127
2012-03-18,01:02:26,r0y42,31,Bombings of two secret police HQ's heralds beginnings of a new stage of Syrian insurgency - ,telegraph.co.uk,http://www.telegraph.co.uk/news/worldnews/middleeast/syria/9150449/Bombings-in-Damascus-herald-beginnings-of-a-bloody-new-stage-of-Syrian-insurgency.html
2012-03-17,02:18:41,qzp47,29,"Swedish feminists bare pits to 'reclaim the hair' - Some forty Swedish women gathered at a Malmö square in the afternoon on Thursday, taking a stand against the recent internet storm vilifying women's hairy armpits.",thelocal.se,http://www.thelocal.se/39702/20120316/
2012-03-17,22:01:21,r0sg3,25,"Letter from China: The Chinese Campaign Gets Dirty --- Bo Xilai, perhaps the Communist Party's most charismatic politician, has been forced out of his job as Party secretary in Chongqing without explanation or warning. ",newyorker.com,http://www.newyorker.com/online/blogs/evanosnos/2012/03/the-chinese-campaign-gets-dirty.html
2012-03-17,09:48:01,r09ls,21,Haiti and Cuba sign deal for Cuban technicians to help repair government truck and bus fleets,washingtonpost.com,http://www.washingtonpost.com/world/the_americas/haiti-cuba-sign-deal-to-bring-cuban-technicians-to-repair-governments-buses-and-trucks/2012/03/16/gIQAfbqFHS_story.html
2012-03-18,02:03:21,r10o9,22,China poised to limit use of mental hospitals to curb dissent:  Chinese lawmakers are drawing up laws that would spell out when people can be confined to psychiatric hospitals against their will.,latimes.com,"http://www.latimes.com/news/nationworld/world/la-fg-china-psychiatric-20120317,0,3670119,full.story"
2012-03-17,11:11:42,r0cz1,18,Israeli Budget Reinforces Discrimination Against 1948 Palestinians,english.al-akhbar.com,http://english.al-akhbar.com/content/israeli-budget-reinforces-discrimination-against-1948-palestinians?utm_source=feedburner&utm_medium=feed&utm_campaign=Feed%3A+AlAkhbarEnglish+%28Al+Akhbar+English%29
2012-03-18,03:07:14,r13c6,17,Profile: Pope Shenouda III of Alexandria,english.ahram.org.eg,http://english.ahram.org.eg/News/36988.aspx
2012-03-17,23:25:36,r0urq,17,Why Iranian Public Opinion Is Turning Against the Nuclear Program,theatlantic.com,http://www.theatlantic.com/international/archive/2012/03/why-iranian-public-opinion-is-turning-against-the-nuclear-program/254627/
2012-03-17,13:09:09,r0hb9,16,Thatcher's 1981 Christmas card list included Gaddafi and Saddam,guardian.co.uk,http://www.guardian.co.uk/politics/2012/mar/17/thatcher-christmas-card-gaddafi-saddam
2012-03-17,13:44:14,r0ih8,16,"Aussie Muslim Convert And Sharia4Australia Founder Charged With Child Porn, Threats To Kill Gays…",theaustralian.com.au,http://www.theaustralian.com.au/news/nation/sharia-man-in-court-for-mardi-gras-tnt-threat/story-e6frg6nf-1226299756549
2012-03-17,17:58:05,r0nxf,11,WikiLeaks founder Julian Assange to run for Australian Senate,telegraph.co.uk,http://www.telegraph.co.uk/news/worldnews/wikileaks/9150013/WikiLeaks-founder-Julian-Assange-to-run-for-Australian-Senate.html#.T2RgDSfvCUE.reddit
2012-03-17,19:25:43,r0p8s,12,Explosions rock Syrian capital - CNN.com,edition.cnn.com,http://edition.cnn.com/2012/03/17/world/meast/syria-unrest/index.html
