2012-01-06,22:09:45,o5f4g,736,Iran Is Now Gearing Up For Its 'Greatest Wargames Ever' In The Strait Of Hormuz,businessinsider.com,http://www.businessinsider.com/iran-new-naval-exercises-strait-of-hormuz-2012-1
2012-01-06,21:16:56,o5ds6,277," Damascus bomber kills 25, 46 wounded",reuters.com,http://www.reuters.com/article/2012/01/06/us-syria-idUSTRE8041A820120106
2012-01-06,01:41:20,o46dw,280,Copyright is against my religion: Kopimism officially recognized by Sweden,stream.aljazeera.com,http://stream.aljazeera.com/story/copyright-against-my-religion-kopimism-officially-recognized-sweden-0021966
2012-01-06,21:28:36,o5e23,229, 'Europe's biggest' free wi-fi zone set for London,bbc.co.uk,http://www.bbc.co.uk/news/technology-16440911
2012-01-06,20:14:51,o5cg0,174,"Iran Mounts New Web Crackdown --- New rules will impose layers of surveillance in the country's popular Internet cafes, as Tehran's political establishment comes under increasing strains from economic turmoil and threats of more international sanctions.",online.wsj.com,http://online.wsj.com/article/SB10001424052970203513604577142713916386248.html?mod=WSJ_hp_MIDDLENexttoWhatsNewsThird
2012-01-06,00:28:27,o4375,137,"Zimbabwe's ""female rapists,"" accused of semen harvesting, strike again. Gangs of female rapists ""are on the prowl again,"" sexually assaulting and collecting sperm from male hitchhikers.""",globalpost.com,http://www.globalpost.com/dispatches/globalpost-blogs/weird-wide-web/zimbabwe-female-rapists-hitchhiker-attacks-semen-harvesting
2012-01-06,16:37:41,o5806,136,Pirate Party boarding German politics as people are tired of the mainstream,rt.com,http://rt.com/news/pirate-party-germany-berlin-231/
2012-01-06,22:41:53,o5g1w,98,Syrian defector says government has lost control of 'human monsters',cnn.com,http://www.cnn.com/2012/01/05/world/meast/syria-defector/index.html?hpt=hp_t3
2012-01-06,15:43:22,o56mw,88,"Turkey arrests its former chief-of-staff and 13 journalists for ""plotting to overthrow the government""",bbc.co.uk,http://www.bbc.co.uk/news/world-europe-16436743
2012-01-07,06:27:00,o5zo0,78,"Haiti Cholera Death Toll Nears 7,000, Up From 544 Nov. 8  - It's ""one of the largest cholera outbreaks in modern history to affect a single country.""",google.com,http://www.google.com/hostednews/afp/article/ALeqM5hf6aJAVxaL34_yD6Pc-zA0E0L6Fw?docId=CNG.7cda19e9b40775c4791cfe074e851e06.111?2
2012-01-06,20:24:28,o5co0,59,Ethiopia troops 'to quit Somalia' ,bbc.co.uk,http://www.bbc.co.uk/news/world-africa-16441240
2012-01-06,17:17:59,o58v7,56,Report: Syria troops fire on Arab League monitors  - ,msnbc.msn.com,http://www.msnbc.msn.com/id/45896647/ns/world_news-mideast_n_africa/
2012-01-07,03:18:21,o5r5b,53,"3,000 dead in South Sudan Pibor County ethnic massacre",globalpost.com,http://www.globalpost.com/dispatch/news/regions/africa/120106/3000-dead-south-sudan-pibor-county-ethnic-massacre
2012-01-07,04:07:15,o5tcv,37,"Israel Police struggling to suppress Jewish extremists in West Bank, says senior officer",haaretz.com,http://www.haaretz.com/news/diplomacy-defense/israel-police-struggling-to-suppress-jewish-extremists-in-west-bank-says-senior-officer-1.405658
2012-01-06,09:43:12,o4sf1,35,Iran Calls Threat of Sanctions From European Union ‘Economic War’,nytimes.com,http://www.nytimes.com/2012/01/06/world/middleeast/iran-calls-threat-of-sanctions-from-european-union-economic-war.html?_r=1&partner=rss&emc=rss
2012-01-06,15:12:10,o55rd,32,Beijing's 'Culture War' Isn't About the U.S.—It's About China's Future (X-Post from r/china),theatlantic.com,http://www.theatlantic.com/international/archive/2012/01/beijings-culture-war-isnt-about-the-us-its-about-chinas-future/250900/
2012-01-07,04:09:15,o5tfx,33,Third ratings agency downgrades Hungary to junk,globalpost.com,http://www.globalpost.com/dispatch/news/business-tech/120106/hungary-downgraded-junk-third-ratings-agency
2012-01-07,06:53:51,o60tg,31,Doctors and residents blame US weapons for catastrophic levels of birth defects in Fallujah's newborns.,aljazeera.com,http://www.aljazeera.com/indepth/features/2012/01/2012126394859797.html?12
2012-01-06,20:52:25,o5d82,27,News International Phone hacking: Rebekah Brooks's former PA arrested,guardian.co.uk,http://www.guardian.co.uk/media/2012/jan/06/phone-hacking-rebekah-brooks-former-pa
2012-01-06,21:28:16,o5e1w,24,"Iranians brace for war with Western nations; buying up ""critical"" supplies from stores. ",washingtonpost.com,http://www.washingtonpost.com/world/national-security/iranians-brace-for-war-as-feud-with-west-reaches-critical-point/2012/01/05/gIQA8oygdP_story.html
2012-01-06,20:34:44,o5cvl,21,The Madness of North Korea --- Can an entire people go mad? Sometimes it certainly seems so.,project-syndicate.org,http://www.project-syndicate.org/commentary/buruma58/English
2012-01-06,20:54:49,o5d9v,22,Turkey arrests former army chief over 'plot to bring down government',guardian.co.uk,http://www.guardian.co.uk/world/2012/jan/06/turkey-arrests-former-army-chief
2012-01-07,02:11:13,o5o82,22,Rumor of N. Korean nuclear explosion prompts brief stock panic in South,washingtonpost.com,http://www.washingtonpost.com/blogs/blogpost/post/rumor-of-n-korean-nuclear-explosion-prompt-brief-stock-panic-in-south/2012/01/06/gIQACkufeP_blog.html
2012-01-07,04:23:36,o5u4e,21,US court allows Ecuador to collect on a $18.2B judgement against Chevron for toxic waste dumping,fuelfix.com,http://fuelfix.com/blog/2012/01/06/chevron%E2%80%99s-bid-to-block-ecuadorean-asset-collection-denied/
2012-01-06,12:55:59,o50sg,16,"After Qaddafi Comes in the Lead, Amnesty International Pulls Online Poll On Human Rights Heroes",anti-imperialism.com,http://anti-imperialism.com/2012/01/05/after-qaddafi-comes-in-the-lead-amnesty-international-pulls-online-poll-on-human-rights-heroes/
2012-01-06,19:46:39,o5buz,17,Dozens killed in explosion in Damascus,cbsnews.com,http://www.cbsnews.com/8301-202_162-57353600/syria-dozens-killed-in-damascus-explosion/
2012-01-06,22:10:30,o5f57,16,"""Fallujah babies: Under a new kind of siege""",aljazeera.com,http://www.aljazeera.com/indepth/features/2012/01/2012126394859797.html
2012-01-06,11:31:49,o4xbf,15,"China is worried that Western powers are waging a cultural war against it, and that advanced Western weaponry like Lady Gaga, Harry Potter, and the Transformers franchise are eating away at the cultural foundations of Chinese unity.",walt.foreignpolicy.com,http://walt.foreignpolicy.com/posts/2012/01/04/chinas_war_against_harry_potter
2012-01-06,21:56:56,o5esb,16,25 dead in Syria after suicide bomber blew himself up in the heart of the capital ,edition.cnn.com,http://edition.cnn.com/2012/01/06/world/meast/syria-unrest/index.html?hpt=hp_t1
2012-01-06,15:58:31,o571m,13,"Europe Stands Firm on Airline Emissions, Raising Fears of a Trade Conflict",nytimes.com,http://www.nytimes.com/2012/01/06/business/global/eu-toughens-stance-in-airline-carbon-dispute.html?_r=1
