2012-03-11,00:36:11,qqdtk,1865,"Up to 20,000 demonstrators have gathered in central Moscow to demand Vladimir Putin's resignation and protest against electoral fraud",guardian.co.uk,http://www.guardian.co.uk/world/2012/mar/10/moscow-protesters-demand-putin-resignation
2012-03-10,23:24:11,qqbl4,1228,"What country jails the most journalists? 
If you guessed China, you were close, but no cigar. 27 reporters are in prison there. If you guessed Iran, you’re getting warmer— 42 in prison there—but you’re still off.  --- 
How many of you guessed Turkey?
",newyorker.com,http://www.newyorker.com/online/blogs/comment/2012/03/turkeys-jailed-journalists.html
2012-03-10,11:14:39,qpu4u,1093,"UK: Homelessness rise of 14% 'just tip of iceberg'. Charities say figure fails to capture huge numbers who are living with friends, in hostels or on streets.",guardian.co.uk,http://www.guardian.co.uk/society/2012/mar/08/homelessness-rise
2012-03-10,17:09:50,qq4hv,503,The dirty war on WikiLeaks | Media smears suggest Swedish complicity in a Washington-driven push to punish Julian Assange,guardian.co.uk,http://www.guardian.co.uk/commentisfree/2012/mar/09/julian-assange-wikileaks
2012-03-10,08:02:06,qpmke,479,China's J-20 Stealth Fighter Is Already Doing A Whole Lot More Than Anyone Expected,businessinsider.com,http://www.businessinsider.com/chinas-j-20-mighty-dragon-fighter-jet-2012-3
2012-03-10,04:19:40,qpbwj,330,Radioactive plutonium spread tens of kilometres from the Fukushima Daiichi nuclear plant. The distances at this material was found implies that plutonium was ejected during the hydrogen explosions in the first days of the crisis.,blogs.nature.com,http://blogs.nature.com/news/2012/03/plutonium-spotted-far-from-fukushima.html
2012-03-10,12:56:49,qpxs7,326,"Spanish changes are scientific suicide: Spain no longer has a ministry of science. In 2011, its new govt transferred national science policy to the Ministry of Economy and Competitiveness",nature.com,http://www.nature.com/news/spanish-changes-are-scientific-suicide-1.10027
2012-03-10,23:19:41,qqbhb,258,"Afghan woman joins patriarchy from under a turban: Dressing as a man has helped this female tribal leader rise to power.
",globalpost.com,http://www.globalpost.com/dispatches/globalpost-blogs/rights/the-view-woman-afghanistan
2012-03-10,18:57:50,qq67u,245,"Israel airstrikes target Gaza, killing at least 12",cnn.com,http://www.cnn.com/2012/03/10/world/meast/gaza-israel-airstrike/index.html
2012-03-10,11:02:24,qptob,220,Spain's unions call general strike over labour laws,bbc.co.uk,http://www.bbc.co.uk/news/world-europe-17315961
2012-03-10,00:16:00,qp0ih,206,"Did A Pirate TV Stream Save Lives During The Japan Tsunami? ""... minutes after the first vibrations of the earthquake, a middle school boy in Hiroshima started up a UStream channel to broadcast an illegal, pirate stream of NHK News'",falkvinge.net,http://falkvinge.net/2012/03/07/did-a-pirate-tv-stream-save-lives-during-the-japan-tsunami/
2012-03-11,07:28:51,qqub5,138,"The undertaker, Atsushi Chiba, a father of five who cared for almost 1,000 bodies in Kamaishi, has now become an unlikely hero in a community trying to heal its wounds a year after the massive earthquake and tsunami that ravaged much of Japan’s northeastern coast",nytimes.com,https://www.nytimes.com/2012/03/11/world/asia/a-year-later-undertakers-story-offers-japan-hope.html
2012-03-10,09:54:39,qpr6d,128,"Taliban demand the immediate release of Osama bin Laden's widows, threaten attacks in Pakistan",reuters.com,http://www.reuters.com/article/2012/03/09/us-pakistan-militants-binladen-idUSBRE8280L120120309
2012-03-10,13:23:19,qpynw,125,"For Afghan Policewomen, Sex Abuse Is A Job Hazard",m.npr.org,http://m.npr.org/news/front/148041305
2012-03-10,13:51:42,qpzm4,111,British hostage killed in failed Nigeria rescue ,independent.co.uk,http://www.independent.co.uk/news/world/africa/british-hostage-killed-in-failed-nigeria-rescue-7545891.html
2012-03-10,08:34:04,qpnvv,112,Israel kills 10 Palestinian militants in Gaza strikes,reuters.com,http://www.reuters.com/article/2012/03/10/us-palestinians-israel-gaza-idUSBRE8280W820120310
2012-03-11,03:16:33,qqjvs,98,Remains of 167 People Found in Mexican Cave,google.com,http://www.google.com/hostednews/ap/article/ALeqM5gt7DOATC6LD_aJWa-eluGCCbZfvQ?docId=787913f314984a4a9a76116bdfd7b5de
2012-03-11,03:41:41,qqky8,88,"Thousands protest outside Hungary's parliament calling for ouster of the Prime Minister & his center-right govt, which they accuse of undermining democratic values & weakening the economy",reuters.com,http://www.reuters.com/article/2012/03/10/us-hungary-protest-idUSBRE8290ES20120310
2012-03-11,03:30:09,qqkh3,59,"""Britain can no longer ignore that its influence on the world is shrinking amid the rise of developing nations, a panel of senior lawmakers said Thursday [8 Mar 2012]...The group also said Britain should prepare for looser ties with the United States as the U.S. shifts its focus from western Europe""",seattlepi.com,http://www.seattlepi.com/news/article/UK-lawmakers-Prepare-for-loss-of-global-influence-3391168.php
2012-03-10,10:59:08,qptk6,61,"Venezuelan President Hugo Chávez betrayed the FARC to appease generals and to prevent the extradition of drug trafficker Walid Makled to the United States, according to new documents leaked by WikiLeaks.  ",miamiherald.com,http://www.miamiherald.com/2012/03/09/2685742/cables-chavez-betrayed-the-farc.html
2012-03-10,22:25:01,qqa1x,57,"The Islamic World's Quiet Revolution --- 
Forget politics. Muslim countries are poised to experience a new wave of change -- but this time it's all about demographics.",foreignpolicy.com,http://www.foreignpolicy.com/articles/2012/03/09/the_islamic_worlds_quiet_revolution?page=full
2012-03-10,12:18:37,qpwfe,56,Expert witnesses accused of 'industrial scale perjury',bbc.co.uk,http://www.bbc.co.uk/news/business-17264344
2012-03-10,20:53:25,qq82l,51,"'We Need a Bond Between Companies and Workers' - Berthold Huber is leader of Germany's powerful IG Metall union, which represents metal workers. He talks about the rise of worker exploitation in Germany and how unions helped prevent a double-dip recession.",spiegel.de,"http://www.spiegel.de/international/business/0,1518,819646,00.html"
2012-03-11,00:30:35,qqdml,50,How India Became America - NYTimes.com,nytimes.com,http://www.nytimes.com/2012/03/11/opinion/sunday/how-india-became-america.html
2012-03-10,22:35:20,qqac3,38,Slovaks rally against corruption in Bratislava: About 300 protesters threw stones and eggs at riot police who used tear gas to keep them from storming parliament,bbc.co.uk,http://www.bbc.co.uk/news/world-europe-17322096
2012-03-11,07:23:17,qqu3i,24,"Should the UK Embrace GM Food? - 
A survey shows attitudes in the UK towards genetically modified food has softened slightly. But will people buy it?",guardian.co.uk,http://www.guardian.co.uk/environment/blog/2012/mar/09/genetically-modified-food-uk-embrace?intcmp=122
2012-03-10,13:29:23,qpyur,23,"'Pay Up Or Else’ BitTorrent Scheme Resurrected in UK High Court: 'Golden Eye is seeking a Norwich Pharmacal Order, a doc which if granted would allow them to identify 9,000 alleged file-sharers and demand £700 each. If successful the scheme could net the company £6.3 million in settlements'",torrentfreak.com,https://torrentfreak.com/pay-up-or-else-bittorrent-scheme-resurrected-in-uk-high-court-120309/
2012-03-10,22:02:14,qq9gz,17,Yemen air force kills 20 Qaeda-linked militants in south,reuters.com,http://www.reuters.com/article/2012/03/10/us-yemen-airstrike-idUSBRE82905V20120310
2012-03-11,02:23:00,qqhr4,18,Anonymous hacker planned to publish details of women who had abortions,guardian.co.uk,http://www.guardian.co.uk/uk/2012/mar/10/anonymous-hacker-women-abortion
2012-03-10,15:11:10,qq1vq,13,Greek Default officially declared by International Swaps and Derivatives Association ,cnbc.com,http://www.cnbc.com/id/46683364
