2012-06-24,02:13:45,vhlof,1282,Vatican gets Fox media adviser: The Fox news correspondent in Rome has been brought in by the Vatican to help improve its communications strategy as it tries to cope with one of its most serious scandals in decades.,news.yahoo.com,http://news.yahoo.com/apnewsbreak-vatican-gets-fox-media-adviser-165259509--finance.html
2012-06-24,09:51:40,vi701,662,"As Hopes for Reform Fade in Bahrain, Protesters Turn Anger on United States",nytimes.com,http://www.nytimes.com/2012/06/24/world/middleeast/as-hopes-for-reform-fade-in-bahrain-protesters-turn-anger-on-united-states.html?smid=re-share
2012-06-24,06:10:02,vhwpa,550,"Egypt braces for Islamist president, or army rule
",reuters.com,http://www.reuters.com/article/2012/06/23/us-egypt-election-idUSBRE85G01U20120623
2012-06-24,03:20:28,vhopl,235,"In North Korea, learning to hate US starts early - A framed poster on the wall of a kindergarten classroom shows bright-eyed children brandishing rifles and bayonets as they attack a hapless American soldier, his face bandaged and blood spurting from his mouth.",hosted.ap.org,http://hosted.ap.org/dynamic/stories/A/AS_NKOREA_TEACHING_HATE?SITE=RIPAW&SECTION=HOME&TEMPLATE=DEFAULT
2012-06-24,21:43:22,vitua,214,"Stop Asking for More Help, Germany Tells Greece",reuters.com,http://www.reuters.com/article/2012/06/24/us-eurozone-germany-schaeuble-idUSBRE85N08N20120624
2012-06-25,01:54:18,vj2dx,110,Uruguay says pot law won't make it a drug haven,cnbc.com,http://www.cnbc.com/id/47938583
2012-06-24,10:12:29,vi7x3,107,"Mexico admits accidentally arresting car salesman after parading man to press as son of druglord Joaquin ""El Chapo"" Guzman",msnbc.msn.com,http://www.msnbc.msn.com/id/47928445/ns/world_news-americas/#.T-ZoW_V5FD4
2012-06-24,13:57:42,vii45,97,UK soldiers beat innocent Iraqi men in 'black ops' jails but new secret justice law means their torture will be hidden forever,dailymail.co.uk,http://www.dailymail.co.uk/news/article-2163799/UK-soldiers-beat-innocent-Iraqi-men-black-ops-jails-new-secret-justice-law-means-torture-hidden-forever.html
2012-06-25,01:14:08,vj0pi,91,"Turkey declares jet shoot-down by Syria as a ""hostile"" act; Syria gave no warning before shooting down the F-4 Phantom jet which strayed into its territory",cnn.com,http://www.cnn.com/2012/06/24/world/meast/turkey-syria-plane/index.html
2012-06-24,10:26:22,vi8jz,87,Why the West should embrace the Islamists in Egypt | The Economist,economist.com,http://www.economist.com/node/21557339
2012-06-24,01:42:39,vhk71,68,Turkey Vows to Take Action in Downing of Jet by Syria,nytimes.com,http://www.nytimes.com/2012/06/24/world/middleeast/turkey-promises-retaliation-in-response-to-downing-of-military-jet-by-syria.html
2012-06-24,11:06:21,viae9,59,Bolivia Deploys Army to Patrol Streets as Police Across the Country Strike in Protest at Low Pay - Protests turned violent when officers seized control of a police barracks,bbc.co.uk,http://www.bbc.co.uk/news/world-latin-america-18567732
2012-06-24,20:57:04,visvn,58,Fourteen mutilated bodies found outside Mexican supermarket,news.yahoo.com,http://news.yahoo.com/mexico-admits-mistake-high-profile-drug-case-041747110.html
2012-06-25,03:57:35,vj8bf,42,"It's one of the last great taboos: the murder of at least 20,000 women a year in the name of ""Honour."" Nor is the problem confined to the Middle East: the contagion is spreading rapidly",independent.co.uk,http://www.independent.co.uk/opinion/commentators/fisk/robert-fisk-the-crimewave-that-shames-the-world-2072201.html
2012-06-24,04:46:51,vhsov,40,Vatican seeks help from Fox News adviser for PR ,huffingtonpost.com,http://www.huffingtonpost.com/2012/06/23/vatican-gets-fox-media-ad_n_1621259.html
2012-06-24,13:49:02,vihs2,39,Mexico elections: failure of drugs war leaves nation at the crossroads,guardian.co.uk,http://www.guardian.co.uk/world/2012/jun/23/mexico-elections-drugs-war
2012-06-24,08:04:22,vi28z,37,Homes evacuated as month's worth of rain falls in a day,nwemail.co.uk,http://www.nwemail.co.uk/home/one-month-s-rain-falls-in-a-day-as-north-west-hit-by-downpours-1.968145?referrerPath=home
2012-06-24,23:36:12,viwv1,36,Mohamed Morsi wins the Egyptian presidential election. Crowds at Tahrir Square burst into cheers.,blogs.aljazeera.net,http://blogs.aljazeera.net/liveblog?f%5B0%5D=field_ns_topic%3A155
2012-06-24,20:54:45,vistt,36,"Afghan Tunnel: Decrepit, Dangerous Yet Indispensable - NATO supply convoys are using a long, slow & expensive route after Pakistan closed its border. Trucks driving high on crumbling roads pass through the Soviet-built Salang Tunnel, where lines of waiting traffic often stretch 10 miles.",npr.org,http://www.npr.org/2012/06/24/155302587/afghan-tunnel-decrepit-dangerous-yet-indispensible
2012-06-24,21:14:56,vit86,26,"Wave of Violence Swallows More Women in Juárez, Mexico",nytimes.com,http://www.nytimes.com/2012/06/24/world/americas/wave-of-violence-swallows-more-women-in-juarez-mexico.html?_r=1&pagewanted=all
2012-06-24,17:30:55,viouo,24,"Bee swarm attack lands Thailand monks in hospital: The Bangkok Post said more than 70 monks were admitted to hospital, quoting one doctor as saying he had seen 19 in serious condition.",bbc.co.uk,http://www.bbc.co.uk/news/world-asia-18568448
2012-06-24,23:27:42,viwk8,14,"Mexico’s ""Perfect Dictatorship"" on Brink of Comeback",guardian.co.uk,http://www.guardian.co.uk/world/2012/jun/24/mexico-perfect-dictatorship-comeback
2012-06-24,17:31:04,vious,12,"Syria shot Turkish jet in international air space, says Turkish FM",hurriyetdailynews.com,http://www.hurriyetdailynews.com/syria-shot-turkish-jet-in-international-air-space-says-turkish-fm-.aspx?pageID=238&nID=23883&NewsCatID=338
2012-06-25,04:56:55,vjb73,12,"Richard O'Dwyer and the new internet war
",guardian.co.uk,http://www.guardian.co.uk/commentisfree/2012/jun/24/internet-copyright-richard-odwyer-tvshack
2012-06-25,05:13:24,vjc02,11,Brotherhood says Mursi no longer a member but embraces him as president of Egypt,english.alarabiya.net,http://english.alarabiya.net/articles/2012/06/24/222516.html
2012-06-24,01:16:25,vhj03,10,"Israel continues deadly attacks on Gaza: At least three Palestinians killed, including a six-year-old boy, and dozens wounded in latest raids.",aljazeera.com,http://www.aljazeera.com/news/middleeast/2012/06/2012623134432482179.html
2012-06-24,23:39:41,viwzt,11,"As Hopes for Reform Fade in Bahrain, Protesters Turn Anger on United States ",nytimes.com,http://www.nytimes.com/2012/06/24/world/middleeast/as-hopes-for-reform-fade-in-bahrain-protesters-turn-anger-on-united-states.html?ref=world&gwh=3B215DEF1DBDD91FFFE13D26E6AD0342
2012-06-24,16:09:28,vimtr,8,"Taliban Storm Kabul Hotel Killing At Least 20, People Having “Fun” Cited As Reason For Assualt",csmonitor.com,http://www.csmonitor.com/World/Asia-South-Central/2012/0622/Taliban-attack-Kabul-resort-citing-illicit-fun-and-alcohol-video
2012-06-25,04:17:55,vj9ap,10,Israeli police say 85 protesters were arrested after clashing with officers and vandalizing banks in Tel Aviv.,hosted.ap.org,http://hosted.ap.org/dynamic/stories/M/ML_ISRAEL_SOCIAL_PROTESTS?SITE=RIPAW&SECTION=HOME&TEMPLATE=DEFAULT
2012-06-25,00:15:39,viybl,7,"Pakistan kids taught A for 'Allah', B for 'bandook (gun)' ",ibnlive.in.com,http://ibnlive.in.com/news/pak-kids-taught-a-for-allah-b-for-bandook/267645-56.html
