2012-12-13,21:41:31,14s8mp,3012,"The Real North Korea Problem - While the world fears its missiles 250,000 innocents, one-third of them children, are being forced to do slave labor on starvation rations and are daily subjected to heinous torture and executions",thediplomat.com,http://thediplomat.com/the-editor/2012/12/12/shinning-a-light-on-north-koreas-human-rights-crisis/
2012-12-13,05:30:57,14qw57,2378,"North Korean satellite 'tumbling out of control,' US officials say",worldnews.nbcnews.com,http://worldnews.nbcnews.com/_news/2012/12/12/15866530-north-korean-satellite-tumbling-out-of-control-us-officials-say?lite
2012-12-13,00:44:03,14qcgd,2233,"""Tibetans can't vote, their petitions to government are ignored, protest of any kind is criminalized and, once imprisoned, most Tibetans are denied a lawyer.""",cnn.com,http://www.cnn.com/2012/12/11/opinion/china-tibet-self-immolations-protest/index.html?hpt=ias_t3
2012-12-13,16:19:23,14rz36,1049,Google boss Eric Schmidt: I'm proud of our tax avoidance scheme...it's called capitalism,belfasttelegraph.co.uk,http://www.belfasttelegraph.co.uk/news/local-national/uk/google-boss-eric-schmidt-im-proud-of-our-tax-avoidance-schemeits-called-capitalism-16249970.html
2012-12-13,06:07:28,14qyp5,981,Google avoids paying tax on upto 80% of its profit.,m.smh.com.au,http://m.smh.com.au/business/world-business/google-on-tax-schemes--its-called-capitalism-20121213-2batw.html
2012-12-13,01:31:02,14qfdb,565,Physicists To Test If Universe Is A Computer Simulation ,huffingtonpost.co.uk,http://www.huffingtonpost.co.uk/2012/12/12/physicists-universe-simulation-test-university-of-washington-matrix_n_2282745.html
2012-12-13,07:51:15,14r62l,453,"Argentine mom rescues 100s of sex slaves, but can't find daughter",bigstory.ap.org,http://bigstory.ap.org/article/argentine-mom-rescues-sex-slaves-not-daughter
2012-12-13,22:32:06,14sau5,320,"The Russian state was involved in the murder of former spy Alexander Litvinenko, documents released by the British government have suggested.",bbc.co.uk,http://www.bbc.co.uk/news/uk-20715187
2012-12-13,12:57:15,14rpva,307,Kuwait introduces death penalty for ‘cursing God and prophets’,secularism.org.uk,http://www.secularism.org.uk/news/2012/12/kuwait-introduces-death-penalty-for-cursing-god-and-prophets
2012-12-13,00:59:17,14qda3,261,Canadian university installs gender-neutral toilet facilities. Go wherever you feel comfortable.,cbc.ca,http://www.cbc.ca/news/canada/nova-scotia/story/2012/12/12/ns-gender-neutral-washrooms.html
2012-12-13,06:47:06,14r1hx,246,“The Tallow Candle” an unknown fairy tale by Hans Christian Andersen (author of the ugly duckling and the little mermaid) has been discovered.,politiken.dk,http://politiken.dk/newsinenglish/ECE1841147/local-historian-finds-hans-christian-andersens-first-fairy-tale/
2012-12-13,16:39:24,14rzpp,228,"Insecticide regulators ignoring risk to bees, say MPs. A parliamentary inquiry has uncovered evidence that links widespread use of neonicotinoid pesticides to decline in bees
",guardian.co.uk,http://www.guardian.co.uk/environment/2012/dec/12/mps-insecticide-regulators-bees
2012-12-13,19:47:09,14s4w9,233,Jackie Chan suggests that Hong Kong residents should have their rights to protest restricted. ,guardian.co.uk,http://www.guardian.co.uk/world/2012/dec/13/jackie-chan-protests-hong-kong
2012-12-13,20:01:54,14s5b8,183,"Super-costly F-35s, a global wrecking ball",cbc.ca,http://www.cbc.ca/news/world/story/2012/12/12/f-vp-stewart-f35-jets.html
2012-12-13,01:16:36,14qefn,163,Syria Fires Scud Missile at Rebel Forces,nytimes.com,http://www.nytimes.com/2012/12/13/world/middleeast/syria-war-developments-assad.html
2012-12-13,01:53:08,14qgxh,107,India's secret weapon against cervical cancer? Vinegar.,pbs.org,http://www.pbs.org/newshour/rundown/2012/12/in-india-a-secret-weapon-against-cancer-vinegar.html
2012-12-13,18:39:36,14s317,98,"North Korean satellite 'orbiting normally' after rocket launch, according to South Korea",guardian.co.uk,http://www.guardian.co.uk/world/2012/dec/13/north-korea-satellite-rocket-launch
2012-12-13,15:35:37,14rxkn,85,Japan scrambles fighter jets after Chinese plane seen near disputed islands,edition.cnn.com,http://edition.cnn.com/2012/12/13/world/asia/japan-china-disputed-islands/index.html?hpt=hp_t1
2012-12-13,20:33:52,14s6al,70,"Japanese Fighter Jets Respond to Chinese Challenge Over Disputed Islands - 
China once again challenged Japanese claims to a disputed set of islands in the East China Sea, this time by sending a plane to patrol the area, which prompted Japan to scramble its own air force. ",news.yahoo.com,http://news.yahoo.com/japanese-fighter-jets-respond-chinese-challenge-over-disputed-113207893.html
2012-12-13,04:39:03,14qsfr,63,Top Deutsche Bank Executives Caught Up in Tax Evasion Inquiry,dealbook.nytimes.com,http://dealbook.nytimes.com/2012/12/12/top-deutsche-bank-executives-ensnared-by-tax-evasion-inquiry/
2012-12-13,12:36:36,14ron9,50,"Scores of Syrian civilians belonging to President Bashar al-Assad’s minority Alawite sect were killed Tuesday in the first known Alawite massacre since the Syrian conflict began by members of the shabiha, a pro-government Alawite militia in a shocking episode of Alawite-on-Alawite violence ",nytimes.com,http://www.nytimes.com/2012/12/13/world/middleeast/alawite-massacre-in-syria.html
2012-12-13,07:07:54,14r31f,49,"Tweet history of US drone strikes lasting longer than planned:
NYU student Josh Begley tried to tweet 10 years of US drone strikes in 10 minutes – but 12 hours later, he still hadn't finished",guardian.co.uk,http://www.guardian.co.uk/world/us-news-blog/2012/dec/12/student-us-drone-strikes
2012-12-13,22:03:34,14s9j4,35,"What's a protester to do? Two years of peaceful demonstrations have yielded no results in Bahrain. Frustrated, some are now giving up on nonviolence, turning instead to the tried and true Molotov Cocktail.",globalpost.com,http://www.globalpost.com/dispatch/news/regions/middle-east/121212/bahrain-protests-opposition-violence
2012-12-13,07:22:42,14r42j,31,B.C. mine to hire only Chinese temporary workers for years,cbc.ca,http://www.cbc.ca/news/canada/british-columbia/story/2012/12/12/bc-chinese-miners-documents.html
2012-12-13,01:54:14,14qh00,35,Asahi: Tepco can’t find where huge amount of highly radioactive water is leaking at Reactor No. 2 — ‘Fractures’ in containment vessel suspected,ajw.asahi.com,http://ajw.asahi.com/article/0311disaster/fukushima/AJ201212120033
2012-12-13,09:09:30,14rbc4,31,"Amsterdam Bans Pot From Schools, Playgrounds",npr.org,http://www.npr.org/blogs/thetwo-way/2012/12/12/167114325/dont-pass-the-dutchie-amsterdam-bans-pot-from-schools-playgrounds
2012-12-13,18:09:36,14s284,28,Egyptian journalist dies after days of being shot in the head by Islamist militias run by the Muslim brotherhood,egyptindependent.com,http://www.egyptindependent.com/news/funeral-photojournalist-killed-palace-clashes-held-wednesday
2012-12-13,22:14:56,14sa1l,29,Argentine Mom Has Rescued Hundreds of Sex Slaves During Her Search For Her Kidnapped Daughter,washingtonpost.com,http://www.washingtonpost.com/world/the_americas/argentine-mom-rescues-hundreds-of-sex-slaves-during-long-failed-hunt-for-kidnapped-daughter/2012/12/10/5abdb46e-4307-11e2-8c8f-fbebf7ccab4e_story.html?tid=sm_btn_reddit
2012-12-13,23:22:46,14sdeh,29,"Alexander Litvinenko, poisoned with polonium in 2006, was likely working for MI6 and the Spanish intelligence, providing information on Russian state involvement in organised crime.",guardian.co.uk,http://www.guardian.co.uk/world/2012/dec/13/alexander-litvinenko-murder-british-evidence-russia
2012-12-13,09:49:21,14rdwo,26,BBC News - Egypt court jails blogger Alber Saber for blasphemy,bbc.co.uk,http://www.bbc.co.uk/news/world-middle-east-20695992
