2012-12-30,03:54:37,15mxhv,2887,"To save wildlife, and tourism, Kenyans take up arms. 'In a growing number of communities here, people are so eager, even desperate, to protect their wildlife that civilians with no military experience are banding together and risking their lives to confront heavily armed poaching gangs'",nytimes.com,http://www.nytimes.com/2012/12/30/world/africa/to-save-wildlife-and-tourism-kenyans-take-up-arms.html?smid=re-share
2012-12-30,23:29:26,15ob99,2789,"Australia condemns Japan for whale hunt, threatens Japan with diplomatic action unless it stops 'scientific' whaling program -- Tony Burke, Australia's environment minister, condemned the move by Japan, describing the claims that its whaling program is for scientific research as ""a joke""",aljazeera.com,http://www.aljazeera.com/news/asia-pacific/2012/12/201212305220343904.html
2012-12-30,06:25:18,15n61i,2109,"Indian government is proposing law to put rapists in prison for 30 years, and includes chemical Castration.",indianexpress.com,http://www.indianexpress.com/news/cong-s-draft-proposes-30-yrs-chemical-castration/1051991/0
2012-12-30,01:38:03,15mq2i,996,"France, home to the largest European population of Jews and Muslims,  sees spike of violence against Jews from young Muslim men",theworld.org,http://www.theworld.org/2012/12/the-growing-problem-of-anti-semitism-in-france/
2012-12-30,06:12:50,15n5b1,200,21 Pakistani policemen found shot dead,npr.org,http://www.npr.org/templates/story/story.php?storyId=168249941
2012-12-30,23:49:23,15obyp,198,"Rita Levi Montalcini, Nobel Prizewinner in Medicine, Dies at 103",bloomberg.com,http://www.bloomberg.com/news/2012-12-30/rita-levi-montalcini-nobel-prizewinner-in-medicine-dies-at-103.html
2012-12-30,02:30:18,15msuy,112,"Russian police free child hostage, kill seven militants in Dagestan
| Reuters",reuters.com,http://www.reuters.com/article/2012/12/29/us-russia-caucasus-idUSBRE8BS03620121229
2012-12-30,23:36:28,15obic,90,Mexican navy kills 4 trying to recover drug boss' body,chron.com,http://www.chron.com/news/texas/article/Mexican-navy-kills-4-trying-to-rob-drug-boss-body-4154187.php
2012-12-30,12:15:40,15np8g,86,"Pakistan lifts YouTube ban, only to reinstate it after three minutes",m.theglobeandmail.com,http://m.theglobeandmail.com/news/world/pakistan-lifts-youtube-ban-only-to-reinstate-it-after-three-minutes/article6797235/?service=mobile
2012-12-30,01:05:10,15moc0,87,Dead Sea Scrolls Digitally Launched As Never Seen Before By The Public (x-archeology),popular-archaeology.com,http://popular-archaeology.com/issue/december-2012/article/dead-sea-scrolls-digitally-launched-as-never-seen-before-by-the-public
2012-12-30,19:45:30,15o5g6,77,Drone War Spurs Militants to Deadly Reprisals,nytimes.com,http://www.nytimes.com/2012/12/30/world/asia/drone-war-in-pakistan-spurs-militants-to-deadly-reprisals.html?smid=re-share
2012-12-30,01:38:40,15mq3v,69,Iran to move airport after oil found under runway,yourmiddleeast.com,http://www.yourmiddleeast.com/news/iran-to-move-airport-after-oil-found-under-runway_11975
2012-12-30,13:57:49,15nuns,66,Bolivia nationalises electricity companies ,aljazeera.com,http://www.aljazeera.com/news/americas/2012/12/2012122921733933444.html
2012-12-30,22:13:28,15o900,57,20 Shiite pilgrims killed in Pakistan bus attacks,cnn.com,http://www.cnn.com/2012/12/30/world/asia/pakistan-pilgrims-killed/index.html?hpt=hp_t3
2012-12-30,02:38:26,15mtaq,54,Unemployment rate in France climbs for 19th month in row,latimes.com,"http://www.latimes.com/news/world/worldnow/la-fg-wn-jobless-climbs-france-20121228,0,341472.story"
2012-12-30,18:11:14,15o3ic,46,Eight Are Charged With Chilean Singer’s 1973 Murder After Military Coup,nytimes.com,http://www.nytimes.com/2012/12/29/world/americas/eight-charged-with-victor-jaras-1973-murder-in-chile.html
2012-12-30,14:06:46,15nv3t,40,No I'M the world's oldest person! Chinese woman aged 127 takes on 'young man' from Japan who is aged just 115,dailymail.co.uk,http://www.dailymail.co.uk/news/article-2254092/Japans-Jiroemon-Kimura-Chinas-Luo-Meizhen-stand-worlds-oldest-person.html
2012-12-30,14:47:08,15nwvv,32,"In the United Arab Emirates, poorly paid gas station attendants are routinely strip-searched to make sure they're not keeping any tips customers have given them. If they do, they're fired.",gulfnews.com,http://gulfnews.com/news/gulf/uae/crime/gas-station-attendant-sacked-over-dh10-tip-1.1124297
2012-12-30,02:46:16,15mtpi,33,BBC News - Bolivia takes over Spanish-owned energy suppliers,bbc.co.uk,http://www.bbc.co.uk/news/world-latin-america-20867595
2012-12-30,00:06:07,15mlm5,31, Philippine president signs contraception law: A family-planning bill that was blocked by the Catholic Church for more than a decade is approved by the president. It allows government funding for contraceptives that would be made available especially for poor women.,aljazeera.com,http://www.aljazeera.com/news/asia-pacific/2012/12/2012122992824125192.html
2012-12-30,22:11:55,15o8y3,25,A New Player in the Narcotics Trade - Indonesia's National Narcotics Agency is concerned Iranian drug syndicates are using asylum seekers as smugglers. ,thediplomat.com,http://thediplomat.com/asean-beat/2012/12/29/a-new-player-in-the-narcotics-trade/
2012-12-30,10:27:10,15njjl,25,Indian math genius Ramanujan's cryptic deathbed theory finally proved correct after 100 years,ibnlive.in.com,http://ibnlive.in.com/news/math-genius-ramanujans-cryptic-formula-finally-proved-correct/313004-3.html
2012-12-30,07:06:33,15n8fe,24,"Hezbollah's cocaine Jihad  - Faced with dwindling Iranian funding, Shiite terror group partners with Mexican drug cartels; uses millions of dollars in drug money to support weapon acquisition habit",ynetnews.com,"http://www.ynetnews.com/articles/0,7340,L-4325850,00.html"
2012-12-30,04:57:19,15n11a,18,French court throws out Hollande's tax on rich,latimes.com,"http://www.latimes.com/news/world/worldnow/la-fg-wn-french-court-tax-rich-20121229,0,7376806.story"
2012-12-30,22:12:46,15o8za,20,National uproar over young woman’s death triggers public conversation about rape  in India,washingtonpost.com,http://www.washingtonpost.com/world/asia_pacific/national-uproar-over-young-womans-death-triggers-public-conversation-about-rape/2012/12/29/183f9762-51ab-11e2-835b-02f92c0daa43_story.html?hpid=z3
2012-12-30,12:16:34,15npab,19,US embassy evacuated in Central African Republic as rebels approach capital,worldnews.nbcnews.com,http://worldnews.nbcnews.com/_news/2012/12/29/16240325-us-embassy-evacuated-in-central-african-republic-as-rebels-approach-capital?lite
2012-12-30,14:45:37,15nwtq,15,"Syrian leader Assad said to be isolated, fearful as regime faces collapse - The Washington Post",washingtonpost.com,http://www.washingtonpost.com/world/national-security/syrian-leader-assad-said-to-be-isolated-fearful-as-regime-faces-collapse/2012/12/28/dd3e98fa-508a-11e2-8b49-64675006147f_story.html
2012-12-30,05:57:28,15n4f7,14,BBC News - Japan: Whaling is 'justifiable research',bbc.co.uk,http://www.bbc.co.uk/news/world-asia-20857001
2012-12-30,05:39:14,15n3dm,11,North Korea's caste system faces power of wealth,hosted.ap.org,http://hosted.ap.org/dynamic/stories/A/AS_NKOREA_CASTE_AND_MONEY?SITE=AP&SECTION=HOME&TEMPLATE=DEFAULT
2012-12-30,15:46:12,15nzb1,13,(Al Jazeera) — Muslim clerics in Kyrgyzstan have issued a fatwa against New Year celebrations in the country as they are not related to Islam and are too expensive,aljazeera.com,http://www.aljazeera.com/news/asia/2012/12/20121226124249715395.html
