2012-10-25,23:37:08,122f9l,2195,"Memorial to 'Forgotten' Holocaust Opens in Germany for 500,000 Gypsies Also Slaughtered by Nazis – Forward.com",forward.com,http://forward.com/articles/164898/memorial-to-forgotten-holocaust-opens-in-germany/?utm_source=Sailthru&utm_medium=email&utm_term=The%20Forward%20Today%20%28Monday-Friday%29&utm_campaign=Daily_Newsletter_Mon_Thurs%202012-10-25
2012-10-25,17:18:13,1221y5,1933,"French far-right group attacks and occupies mosque, and issued a ""declaration of war"" against what it called the Islamization of France.",reuters.com,http://www.reuters.com/article/2012/10/22/us-france-muslim-attack-idUSBRE89L15S20121022
2012-10-25,05:41:29,120ya0,1545,Entire Indian tribe threatens to commit mass suicide after Brazil court rules they must leave land,dailymail.co.uk,http://www.dailymail.co.uk/news/article-2222294/Entire-Indian-tribe-threatens-commit-mass-suicide-Brazil-court-rules-leave-sacred-burial-land.html
2012-10-25,21:14:32,1228jv,1373,David Attenborough: US politicians duck climate change because of cost,guardian.co.uk,http://www.guardian.co.uk/environment/2012/oct/25/climate-change-david-attenborough
2012-10-25,20:48:27,1227ly,431,Satellite images show gulags still operational in North Korea,telegraph.co.uk,http://www.telegraph.co.uk/news/worldnews/asia/northkorea/9632345/Satellite-images-show-gulags-still-operational-in-North-Korea.html
2012-10-25,20:44:30,1227h7,359,Caribbean debt crisis has islands considering taxes on hedge funds,bloomberg.com,http://www.bloomberg.com/news/2012-10-25/hedge-fund-havens-weigh-taxes-as-caribbean-s-debt-rivals-greece.html
2012-10-25,17:58:12,12230d,344,'Lost' Beethoven Hymn Unearthed - A previously unknown Beethoven arrangement for an ancient hymn has been uncovered after 192 years,bbc.co.uk,http://www.bbc.co.uk/news/entertainment-arts-20070588
2012-10-25,15:19:31,121y1x,285,"Greek Unemployed Cut Off From Medical Treatment - Until recently, Greece had a typical European health system offering universal care, but the unemployed are now often left on their own if they get sick.",nytimes.com,http://www.nytimes.com/2012/10/25/world/europe/greek-unemployed-cut-off-from-medical-treatment.html
2012-10-25,05:01:42,120vha,131," ""No Toilet, No Bride""  - Rural sanitation minister accused by Hindu fundamentalists of skewing rural marriage market with slogan.  He's also drawing ire for deeming toilets a higher priority than temples & telling  parents of marriageable daughters to reject in-laws without indoor sanitation.

",blogs.timesofindia.indiatimes.com,http://blogs.timesofindia.indiatimes.com/erratica/entry/toilet_straining_jairam_s_bottom_up_approach_to_save_women_s_dignity
2012-10-25,22:30:02,122bp1,129,"US, Israel Hold Largest-Ever Joint Military Drill",washington.cbslocal.com,http://washington.cbslocal.com/2012/10/25/us-israel-hold-largest-ever-joint-military-drill/
2012-10-25,23:05:05,122df9,122,"Austrian incest rapist Fritzl divorces: report. Josef Fritzl, who held his daughter captive in a cellar for 24 years and fathered seven children with her, has divorced his wife of 52 years for failing to visit him in prison, a magazine reported on Thursday.",reuters.com,http://www.reuters.com/article/2012/10/25/us-austria-fritzl-divorce-idUSBRE89O0V620121025
2012-10-25,11:19:55,121l1t,93,North Korea executing military leaders by mortar fire,businessinsider.com,http://www.businessinsider.com/north-korea-purging-leaders-with-mortar-2012-10?0=bi
2012-10-25,17:53:30,1222vl,78, Olympics boosts UK economy out of recession.,bbc.co.uk,http://www.bbc.co.uk/news/20078596
2012-10-25,12:40:35,121q8b,77,"Africa could avoid food shortages if it reduces the tangled web of rules, fees and high costs strangling regional food trade and by putting large swathes of uncultivated land to productive use, a World Bank report said on Wednesday.",reuters.com,http://www.reuters.com/article/2012/10/25/us-worldbank-africa-food-idUSBRE89O04720121025
2012-10-25,04:43:36,120u8r,61,"A Polish photographer, Wilhelm Brasse was arrested and sent to Auschwitz early in World War II, he was put to work documenting his fellow prisoners, an emotionally devastating task that tormented him long after his liberation.",hosted.ap.org,http://hosted.ap.org/dynamic/stories/E/EU_POLAND_OBIT_BRASSE?SITE=RIPAW&SECTION=HOME&TEMPLATE=DEFAULT
2012-10-25,05:34:16,120xrc,62,Sudan threatens retaliation over alleged Israeli air strike,guardian.co.uk,http://www.guardian.co.uk/world/2012/oct/24/sudan-threatens-retaliation-alleged-israeli-air-strike
2012-10-25,21:15:55,1228lw,52,Arsen Ostrovsky: My Country is Under Attack. Do You Care? ,huffingtonpost.ca,http://www.huffingtonpost.ca/arsen-ostrovsky/palestine-bombs-israel_b_2011785.html
2012-10-25,19:25:01,12257x,49,School of hard facts: why the British government is promoting knowledge over skills in schools,bbc.co.uk,http://www.bbc.co.uk/news/education-20041597
2012-10-25,13:53:42,121ua6,42,The Qatar conundrum: The Emirate that arms Syria’s rebels also embraces Hamas,world.time.com,http://world.time.com/2012/10/24/the-qatar-conundrum-the-emirate-that-arms-syrias-rebels-also-embraces-hamas/
2012-10-25,07:59:32,1217py,42,Dutch warship destroys pirate mother ship,abcnews.go.com,http://abcnews.go.com/Blotter/dutch-warship-destroys-pirate-mother-ship/story?id=17554703#.UIhyhN3YXBY
2012-10-25,01:49:04,120hyi,38,Arrests made in shooting of Pakistani schoolgirl Malala,news.blogs.cnn.com,http://news.blogs.cnn.com/2012/10/24/arrests-made-in-shooting-of-pakistani-schoolgirl/?hpt=hp_t1
2012-10-25,16:53:29,12217f,34,Japan sees new Chinese activity near islands - China accused of sending four ships and also increasing air operations in disputed East China Sea waters.,aljazeera.com,http://www.aljazeera.com/news/asia-pacific/2012/10/2012102545655823700.html
2012-10-25,22:20:41,122bak,32,"British female medic, Royal Marine and Afghan policeman killed in Afghanistan shooting",telegraph.co.uk,http://www.telegraph.co.uk/news/worldnews/asia/afghanistan/9633341/British-female-medic-Royal-Marine-and-Afghan-policeman-killed-in-Afghanistan-shooting.html
2012-10-25,20:23:53,1226v4,28,Orangutan survives after being shot 100 times,abc.net.au,http://www.abc.net.au/news/2012-10-25/borneo-orangutan-was-shot-over-100-times-with-airgun/4334490
2012-10-25,03:06:11,120naz,27,"Ford says 4,000 to lose jobs in Belgium ",aljazeera.com,http://www.aljazeera.com/video/europe/2012/10/20121024142410364523.html
2012-10-25,15:21:39,121y5l,31,Underwater oil could secure energy future - Adira Energy plans to start Mediterranean oil explorations in 2013.,jpost.com,http://www.jpost.com/Sci-Tech/Article.aspx?ID=289206&R=R1
2012-10-25,13:18:14,121sgg,27,"Brazilian Woman Nets $780,000 For Virginity In Internet Auction ",huffingtonpost.com,http://www.huffingtonpost.com/mobileweb/2012/10/24/catarina-migliorini-sells-virginity-780k_n_2010260.html?ncid=webmail3
2012-10-25,06:43:27,1212nw,26,Gang enrollment in Canadian Prisons up 44% in 5 years. Conservative MP's ignore 400+ page report detailing failure of conservative justice policy.,cbc.ca,http://www.cbc.ca/news/politics/story/2012/10/24/pol-gangs-prisons.html
2012-10-25,20:43:23,1227g1,27,Ai WeiWei's version ofGangnam Style cannot be seen on Chinese websites,bbc.co.uk,http://www.bbc.co.uk/news/entertainment-arts-20079230
2012-10-25,17:10:55,1221px,24,Viable Afghanistan 'may not work',bbc.co.uk,http://www.bbc.co.uk/news/uk-politics-20074051
