2012-04-17,05:01:55,scwk6,2731,Ten police officers were arrested after the owner of a used auto-parts business filed a complaint accusing the officers of kidnapping and torturing him because he refused to pay them a bribe. He was burned to death inside his home in Juarez right before he was scheduled to testify. ,elpasotimes.com,http://www.elpasotimes.com/juarez/ci_20399493/officers-accuser-killed-juarez
2012-04-17,21:58:47,se4ge,2518,About 150 Afghan schoolgirls poisoned in anti-education attack,reuters.com,http://www.reuters.com/article/2012/04/17/us-afghanistan-women-idUSBRE83G0PZ20120417
2012-04-17,22:58:27,se6vx,1466,"The Supreme Court of Canada ruled ""that the current emergency wiretap provision that allows for surveillance without a court order is unconstitutional.""",michaelgeist.ca,http://www.michaelgeist.ca/content/view/6418/125/
2012-04-18,02:06:49,seg99,1105,"Quebec shuts down Scientology-linked Narconon center for ""dangerous practices""; Narconon treated drug addicts with ""purification treatments"" concocted by Scientology founder L. Ron Hubbard. Scientology's medical claims are widely considered to be prime examples of quackery",religionnewsblog.com,http://www.religionnewsblog.com/26720/scientology-linked-narconon-center-in-quebec-shut-down-for-dangerous-practices
2012-04-18,02:56:25,seizu,721,"The Canadian Charter of Rights and Freedoms ""has replaced the American Bill of Rights as the constitutional document most emulated by other nations.""",theglobeandmail.com,https://www.theglobeandmail.com/news/politics/john-ibbitson/the-charter-proves-to-be-canadas-gift-to-world/article2403254/
2012-04-17,22:35:29,se5wt,223,"""While the presidents of Guatemala, Colombia, Costa Rica and El Salvador have voiced support for an end to the drug war, President Obama rejected their calls for drug legalization during high-level talks at the Summit of the Americas in Colombia.""",democracynow.org,https://www.democracynow.org/2012/4/16/obama_refuses_to_back_growing_call
2012-04-17,19:39:41,se0ju,205,Where do France's election candidates stand? Learn the French presidential candidates' stances on everything from economy and migration to foreign policy and the EU. ,aljazeera.com,http://www.aljazeera.com/indepth/interactive/2012/04/20124127484266151.html
2012-04-17,02:21:22,scn9l,181,Palestinian man sentenced to death for selling home to Jews,jta.org,http://www.jta.org/news/article/2012/04/15/3092836/arab-seller-of-machpela-house-sentenced-to-death
2012-04-17,21:09:48,se2tb,152,Israel forces tourist to pledge to avoid pro-Palestinian activities as condition for entry.,haaretz.com,http://www.haaretz.com/news/diplomacy-defense/israel-forces-tourist-to-pledge-to-avoid-pro-palestinian-activities-as-condition-for-entry-1.424385
2012-04-18,05:58:44,setc1,137,Tim Berners-Lee urges UK Government to drop internet surveillance plans,guardian.co.uk,http://www.guardian.co.uk/technology/2012/apr/17/tim-berners-lee-monitoring-internet
2012-04-17,13:32:44,sdpzv,122,Prime Minister Julia Gillard says Australia will withdraw its troops from Afghanistan earlier than planned,bbc.co.uk,http://www.bbc.co.uk/news/world-asia-17737592
2012-04-17,01:02:37,scj6v,117,"Argentina has nationalised YPF, the former and once again state oil company, as a matter of “public interest”",blogs.ft.com,http://blogs.ft.com/beyond-brics/2012/04/16/snap-argentina-nationalises-ypf/
2012-04-17,03:56:36,scsn8,111,King of Spain faces calls to abdicate after elephant hunt: The King of Spain who is recovering in hospital after injuring his hip during a fall while elephant hunting in Botswana faced calls to abdicate amid growing controversy over the trip. ,telegraph.co.uk,http://www.telegraph.co.uk/news/worldnews/europe/spain/9207280/King-of-Spain-faces-calls-to-abdicate-after-elephant-hunt.html
2012-04-17,20:47:19,se26w,103,Pakistan building its own fleet of military drones,pri.org,http://www.pri.org/stories/world/asia/pakistan-building-its-own-fleet-of-military-drones-9444.html
2012-04-18,02:50:51,seinc,74,Former NASA Astrophysicist and Microsoft Chairman appointed interim prime minister of Mali.,worldnews.msnbc.msn.com,http://worldnews.msnbc.msn.com/_news/2012/04/17/11248387-microsoft-africa-chairman-named-interim-leader-of-mali?lite
2012-04-17,22:17:37,se572,56,Spain Vows Argentina Trade War as Repsol Seeks $10.5 Billion,bloomberg.com,http://www.bloomberg.com/news/2012-04-17/spain-vows-argentina-trade-war-as-repsol-seeks-10-5-billion.html
2012-04-17,09:57:10,sddrq,48,"Canadian commercial airline pilot mistook the planet Venus for an oncoming aircraft, sending his own plane into a dive and injuring 16 people. ",bbc.co.uk,http://www.bbc.co.uk/news/17737135
2012-04-17,22:11:46,se4zd,44,"Imagining Cuba after Chávez:   Venezuela provides Cuba with up to $15 billion a year, which helps offset the US embargo. But there is the real possibility Chávez may not win or survive another six-year term as president.",csmonitor.com,http://www.csmonitor.com/World/Americas/2012/0417/Imagining-Cuba-after-Chavez
2012-04-17,13:03:57,sdolt,39,"Earthquake reported in Chile -M6.5  - Hacienda La Calera, Chile 2012-04-17 03:50:17 UTC",earthquake.usgs.gov,http://earthquake.usgs.gov/earthquakes/eventpage/at00m2lunq#summary
2012-04-18,02:34:59,sehst,26,"The Bollywood actress Meenakshi Thapar, who appeared in last year's thriller ""404,"" was recently kidnapped and murdered in a gruesome manner. ",globalpost.com,http://www.globalpost.com/dispatches/globalpost-blogs/chatter/india-bollywood-beheading-meenakshi-thapar
2012-04-18,04:27:34,seo5w,21,Volcano Erupts within View of Mexico City,scientificamerican.com,http://www.scientificamerican.com/article.cfm?id=volcano-erupts-within-view-mexico-city&WT.mc_id=SA_Facebook
2012-04-18,02:57:15,sej1o,16,20 buried Spitfires found in Burma,dailymail.co.uk,http://www.dailymail.co.uk/news/article-2129520/The-new-Battle-Burma-Find-20-buried-Spitfires-make-fly.html?ito=feeds-newsxml
2012-04-17,01:00:48,scj46,13,Cristina Kirchner sends bill to congress for control of 51% YPF: Argentina expropiates the energy company for the “public good”,bloomberg.com,http://www.bloomberg.com/news/2012-04-16/argentina-to-send-bill-to-congress-for-control-of-51-of-ypf-1-.html
2012-04-18,00:19:08,sean3,15,"The Japanese cabinet’s disaster-management division has briefed local officials on simulations that raise the spectre of waves even larger than those of last March. The new estimates suggest that 23 towns should prepare for a tsunami wave of 20 metres or more, a threat none had anticipated.",nature.com,http://www.nature.com/news/tsunami-simulations-scare-japan-1.10460
2012-04-17,08:25:36,sd8ho,14,"Baby with six legs born in Pakistan, the father is an X-ray technician",france24.com,http://www.france24.com/en/20120416-pakistan-doctors-fight-save-life-baby-with-six-legs
2012-04-17,22:37:02,se5z4,11,"Spanish King Juan Carlos spends £27,000 to murder elephants while his country drowns in debt and half of youngsters are jobless",dailymail.co.uk,http://www.dailymail.co.uk/news/article-2130461/Austerity-whats-Spanish-King-Juan-Carlos-slammed-27-000-elephant-hunting-trip-countrys-economy-teeters-brink.html
2012-04-18,00:54:48,secgc,13,Differences between Norway's prisons and American prisons,loyalopposition.blogs.nytimes.com,http://loyalopposition.blogs.nytimes.com/2012/04/16/anders-breivik/
2012-04-18,02:34:21,sehrd,13,Jean-Luc Mélenchon's policies are no far-left fantasy (No wonder the Left Front candidate is on the rise in France. He offers practical solutions where neoliberalism has failed),guardian.co.uk,http://www.guardian.co.uk/commentisfree/2012/apr/15/jean-luc-melenchon-france-presidential-candidate
2012-04-17,19:26:02,se0a6,11,"Anders Breivik brags on trial: would have done it 
again",reuters.com,http://www.reuters.com/article/2012/04/17/us-norway-breivik-trial-idUSBRE83G0E520120417?feedType=RSS&feedName=topNews&utm_source=feedburner&utm_medium=feed&utm_campaign=Feed%3A+reuters%2FtopNews+%28News+%2F+US+%2F+Top+News%29
2012-04-17,07:10:06,sd47i,13,Philippine runners race to survive zombie horde (these people know whats up),reuters.com,http://www.reuters.com/article/2012/04/16/us-philippines-zombies-idUSBRE83F0FJ20120416
