2012-06-30,19:54:11,vu5z0,1827,"Japan’s Supreme Court has ruled in favor of a 
whistleblower for the first time in a case that 
highlights the harsh treatment outspoken 
employees have endured in a nation that 
zealously values loyalty and conformity.",washingtonpost.com,http://www.washingtonpost.com/world/asia_pacific/japan-whistleblower-wins-in-supreme-court-dismisses-olympus-appeal-in-a-nation-first/2012/06/30/gJQAC41vCW_story.html
2012-06-30,02:10:50,vswrz,1531,France to legalise gay marriage in 2013,france24.com,http://www.france24.com/en/20120629-french-government-legalise-gay-marriage-2013-homosexual-bertinotti
2012-06-30,15:48:53,vu0cz,445,"Julian Assange defies police summons, refuses to leave Ecuadorean Embassy",theaustralian.com.au,http://www.theaustralian.com.au/news/world/julian-assange-defies-police-summons-refuses-to-leave-ecuadorean-embassy/story-e6frg6so-1226413104892
2012-06-30,22:04:46,vu8sn,405,Falkvinge: The most blatant pro-ACTA campaign so far is in itself a copyright monopoly violation,falkvinge.net,http://falkvinge.net/2012/06/29/most-blatant-pro-acta-campaign-so-far-is-a-copyright-monopoly-violation/
2012-06-30,21:43:24,vu88a,287,"Webhost Refuses To Censor Its Own ‘Pirate Bay’ Anti-Censorship Tool: Dutch anti-piracy outfit BREIN says that in the face of the host’s refusal to comply with the takedown, it is now considering filing a criminal complaint",torrentfreak.com,https://torrentfreak.com/webhost-refuses-to-censor-its-own-pirate-bay-anti-censorship-tool-120630/
2012-06-30,13:17:33,vtuna,225,"China's incoming president Xi Jinping's family 'has wealth of hundreds of millions': The family of China's next president has amassed a fortune running into hundreds of millions of pounds, according to a hugely damaging new report. ",telegraph.co.uk,http://www.telegraph.co.uk/news/worldnews/asia/china/9365099/Chinas-incoming-president-Xi-Jinpings-family-has-wealth-of-hundreds-of-millions.html
2012-06-30,23:56:55,vuchl,190,Sumatran Orangutans Being 'Extinguished' by Palm Oil Push: Fires set by landowners leave wild orangutans on brink of annihilation,commondreams.org,https://www.commondreams.org/headline/2012/06/29-5
2012-06-30,08:31:38,vtiwn,137,"Forbidden Drink: Why Alcoholism Is Soaring in Officially Booze-Free Iran -  With a worsening economy, thriving black market, and prohibition-enforced absence of social norms, Iranians' heavy drinking may be turning into a public health crisis.",theatlantic.com,http://www.theatlantic.com/international/archive/2012/06/forbidden-drink-why-alcoholism-is-soaring-in-officially-booze-free-iran/259120/
2012-06-30,01:04:55,vst24,118,BBC News - Julian Assange 'declines' police order,bbc.co.uk,http://www.bbc.co.uk/news/uk-18648922
2012-06-30,06:32:14,vtcl4,110,"Richard O'Dwyer petition hits 160,000 signatures Thousands back Wikipedia founder's call to oppose extradition of British student to US over alleged internet copyright offence",guardian.co.uk,http://www.guardian.co.uk/uk/2012/jun/29/richard-odwyer-160000
2012-06-30,03:47:01,vt2ng,99,Big Four banks admit to mis-selling interest rate swaps ,telegraph.co.uk,http://www.telegraph.co.uk/finance/rate-swap-scandal/9364019/Big-Four-banks-admit-to-mis-selling-interest-rate-swaps.html
2012-06-30,02:59:53,vszrp,70,Nuclear officials withheld Fukushima radiation maps - ABC News (Australian Broadcasting Corporation),abc.net.au,http://www.abc.net.au/news/2012-06-29/nuclear-officials-withheld-fukushima-radiation-maps/4101560
2012-06-30,01:18:35,vstsp,51,Julian Assange is not leaving the Ecuadorian Embassy any time soon,newstatesman.com,http://www.newstatesman.com/blogs/politics/2012/06/julian-assange-not-leaving-ecuadorian-embassy-any-time-soon
2012-06-30,06:02:29,vtau5,49,Ugandan bill threatens homosexuality with death penalty,reuters.com,http://www.reuters.com/article/2012/06/28/us-uganda-gays-idUSBRE85R0XR20120628
2012-06-30,04:12:49,vt477,51,"Some 100 youths rioted in the Stockholm suburb of 
Tensta, smashing up police cars and throwing 
stones at officers - The Local",thelocal.se,http://www.thelocal.se/41696/20120628/
2012-06-30,02:19:43,vsxb5,49,Olympics 2012: let the political games begin,guardian.co.uk,http://www.guardian.co.uk/sport/2012/jun/29/olympics-political-games
2012-06-30,18:50:13,vu4qp,42,"While Julian Assange defies his bond at the Ecuadorian Embassy in London, he has released a ""Wikileaks Album"" to drum up donations for his cause. Included is the song ""The Ballad of Julian Assange"".",guardian.co.uk,http://www.guardian.co.uk/music/musicblog/2012/jun/29/wikileaks-album-verdict
2012-06-30,08:17:12,vti6j,29,"Fires threaten to 'extinguish' critical Indonesian orangutan population:   Conservationists claim a massive new wave of fires has been set in Tripa peat swamp to make way for palm oil plantations
",guardian.co.uk,http://www.guardian.co.uk/environment/2012/jun/29/fires-indonesia-orangutan
2012-06-30,06:51:56,vtdqg,27,Russia 'retains right' to pre-emptive strike on NATO missile shield ,rt.com,http://www.rt.com/news/russia-pre-emptive-strikes-abm-488/
2012-06-30,11:53:52,vtsby,27,"Egypt's newly elected President Morsi promises  to seek the release of the Sheik Omar Abdel Rahman, the Egyptian-born militant Islamist convicted after the 1993 World Trade Center attack of plotting to bomb several New York City landmarks.",nytimes.com,http://www.nytimes.com/2012/06/30/world/middleeast/morsi-promises-to-work-for-release-of-omar-abdel-rahman.html?pagewanted=all
2012-06-30,20:20:17,vu6i1,27,Mongolia parties call for new elections,aljazeera.com,http://www.aljazeera.com/news/asia-pacific/2012/06/201263043418750362.html
2012-06-30,07:36:54,vtg3f,28,Israel evicts settlers after landmark ruling ,aljazeera.com,http://www.aljazeera.com/news/middleeast/2012/06/2012626161724577816.html
2012-07-01,03:50:56,vumjl,21,"Libya descends into militia chaos as hostages still held
",smh.com.au,http://www.smh.com.au/world/libya-descends-into-militia-chaos-as-hostages-still-held-20120615-20fco.html
2012-06-30,23:08:18,vuapp,20,Syria: The First Casualty… The big lie concerning Syria is the most significant and outrageous myth that we are living under today. | Foreign Policy Journal,foreignpolicyjournal.com,http://www.foreignpolicyjournal.com/2012/06/22/syria-the-first-casualty/0/
2012-06-30,20:09:02,vu6a3,17,BBC News - Dial 999: 75 years of emergency phone calls (World's first emergency phone number),bbc.co.uk,http://www.bbc.co.uk/news/magazine-18520121#FBM106836
2012-07-01,06:16:31,vutco,18,Extradition to Libya – extradition to torture,alyaqada.com,http://alyaqada.com/2012/06/29/extradition-to-libya-extradition-to-torture/
2012-06-30,21:53:44,vu8ia,16,"Though Rwanda has recovered from genocide, it is far from a healthy country",nytimes.com,http://www.nytimes.com/2012/06/30/opinion/stifled-dissent-in-rwanda.html?nl=todaysheadlines&emc=edit_th_20120630
2012-07-01,00:14:53,vud5u,15,"Chinese agencies are secretly collecting samples of the Dalai Lama’s blood, urine and hair and are stepping up efforts to harm him",telegraph.co.uk,http://www.telegraph.co.uk/news/worldnews/asia/tibet/9278126/China-collecting-Dalai-Lama-blood-samples.html
2012-06-30,22:16:37,vu94h,13,"UK's 3-Strikes Plan Continues To Grind Through The System; Still Not In Force, Still Awful",techdirt.com,http://www.techdirt.com/articles/20120629/07141319534/uks-3-strikes-plan-continues-to-grind-through-system-still-not-force-still-awful.shtml
2012-06-30,04:37:33,vt5q8,12,"Egypt's Islamist President-elect Mohamed Mursi took an informal oath of office on Friday before tens of thousands of supporters in Cairo's Tahrir Square, in a slap at the generals trying to limit his power.",reuters.com,http://www.reuters.com/article/2012/06/29/us-egypt-politics-idUSBRE85S0JP20120629
