2012-10-30,18:57:03,12bz24,2720,"Poland found explosives on wreckage of president's plane-report
",af.reuters.com,http://af.reuters.com/article/worldNews/idAFBRE89T0KC20121030
2012-10-30,23:24:20,12cadn,836,"""Since ACTA was decisively beaten on 4th July 2012.. by the people of EU member nations, the big business lobbyists have taken heed and resolved to change in order to be more successful. Hence the secrecy. CETA and the EU-India trade agreement are the next big battles."" ",falkvinge.net,http://falkvinge.net/2012/10/27/the-next-big-battles/
2012-10-30,06:05:40,12aurm,534,Bank of England Official : Occupy Movement Right About Global Recession,guardian.co.uk,http://www.guardian.co.uk/world/2012/oct/29/bank-of-england-occupy-movement
2012-10-30,17:32:40,12bwwc,518,"World’s 1st hepatitis E vaccine is rolling out of a Chinese factory, promising to stem a virus that infects 20m people & claims 70,000 lives a year.  It's a victory for a rare public–private partnership in China’s growing biotechnology sector &  deliver other vaccines overlooked in the West.",nature.com,http://www.nature.com/news/hepatitis-e-vaccine-debuts-1.11687
2012-10-30,10:15:56,12bdlo,322,16 year old female Egyptian scientists finds new catalysts for using plastic waste as biofuel feedstock.,inhabitat.com,http://inhabitat.com/16-year-old-egyptian-scientist-finds-way-to-turn-plastic-waste-into-78-million-of-biofuel/
2012-10-30,20:22:30,12c1pw,271,Michael Ignatieff's timely warning on the politics of fascism - Democracy is not a battle of wills with a prize of victory and defeat...but Fascism is.,theglobeandmail.com,http://www.theglobeandmail.com/news/politics/michael-ignatieffs-timely-warning-on-the-politics-of-fascism/article4753299/
2012-10-30,17:47:48,12bxa6,238, Imam Shot Dead in Russia -  Attackers killed an imam & 2  relations as they drove to a mosque.  The cleric delivered sermons calling for peace.  Islamists have been blamed for attacks on moderate Muslims in the region.,bbc.co.uk,http://www.bbc.co.uk/news/world-europe-20136051
2012-10-30,19:29:47,12c00b,192,"In China, a CCTV footage shows teacher abusing a mentally disabled child who slipped into unconsciousness. The child is now severely brain damaged.",timesofmalta.com,http://www.timesofmalta.com/articles/view/20121029/world/closed-circut-tv-shows-teacher-abusing-child.443106
2012-10-30,08:19:56,12b51n,180,Bank of England Director Andrew Haldane: Occupy were right all along; credit due for stirring reform,independent.co.uk,http://www.independent.co.uk/news/uk/politics/top-bank-of-england-director-admits-occupy-movement-had-a-point-8231521.html
2012-10-30,20:40:29,12c2er,169,"""Tsunami money spent on unrelated jobs"" - Money to rebuild Japan's devastated areas has been spent on unrelated projects, including a contact lens factory & research whaling. Over 1/2  has yet to be disbursed. Nearly all 340,000 evacuated  remain uncertain whether, when & how they'll resettle.",cbsnews.com,http://www.cbsnews.com/8301-505245_162-57542317/japans-rebuilding-money-spent-on-unrelated-jobs/
2012-10-30,19:14:39,12bzj0,157,"Popular Somali poet, playwright & songwriter gunned down in Mogadishu - He wrote & acted in radio plays critical of the militant group, al-Shabab, who he accused of misleading people in the name of Islam.",bbc.co.uk,http://www.bbc.co.uk/news/world-africa-20135824
2012-10-30,04:45:25,12aohd,147,It May Be Too Late to Stop Global Warming - ABC News,abcnews.go.com,http://abcnews.go.com/Technology/late-stop-global-warming/story?id=17557814#.UI7quW9mGsY
2012-10-30,21:03:36,12c3bm,126,"Don't call them French fries. Belgium, where the ""frite"" is all important, celebrates its national treasure.",globalpost.com,http://www.globalpost.com/dispatch/news/regions/europe/benelux/121029/belgium-french-fries-frites-brussels
2012-10-30,20:13:38,12c1dy,126,"Last week, seven Tibetans set themselves on fire in as many days, bringing the total of self-immolations on the troubled high plateau to more than 60 people since March 2011

",world.time.com,http://world.time.com/2012/10/29/as-china-readies-for-transition-7-tibetan-self-immolations-in-7-days/
2012-10-30,05:10:19,12aqeu,125,Hamas clip shows rockets fired from populated area,ynetnews.com,"http://www.ynetnews.com/articles/0,7340,L-4298615,00.html"
2012-10-30,23:20:43,12ca61,104,Syrian air force general 'killed by rebels',bbc.co.uk,http://www.bbc.co.uk/news/world-middle-east-20143182
2012-10-30,20:28:01,12c1xe,102,Italian quake: wiretapped evidence suggests scientists were pressured into giving a reassuring statement.,newscientist.com,http://www.newscientist.com/article/dn22439
2012-10-30,22:20:44,12c6us,94,Associated Press: No explosives found on Polish President's plane wreckage,google.com,http://www.google.com/hostednews/ap/article/ALeqM5gthtNVyzveMgXaWrs2erk2bcIS4w?docId=e954d404d4544ef9941e31cb84d4dd65
2012-10-30,21:00:22,12c36h,76,Reports: Iranian Warships Dock In Sudan,rttnews.com,http://www.rttnews.com/1993345/reports-iranian-warships-dock-in-sudan.aspx?type=gn&utm_source=google&utm_campaign=sitemap
2012-10-30,02:31:41,12ae7z,61,"65 dead as Hurricane Sandy crosses Caribbean; 'the whole south is under water,' says Haitian PM (with video)",edmontonjournal.com,http://www.edmontonjournal.com/news/Hurricane+Sandys+death+toll+rises+flooding+continues+Haiti/7460465/story.html
2012-10-30,02:02:24,12ac37,52,Moscow police 'discover brothel on monastery premises',telegraph.co.uk,http://www.telegraph.co.uk/news/worldnews/europe/russia/9640920/Moscow-police-discover-brothel-on-monastery-premises.html
2012-10-30,05:46:35,12atas,53,German official says expansion of renewable energy production outpacing forecasts--Projections indicate that clean energy will account for 48% of German electricity production by 2022,washingtonpost.com,http://www.washingtonpost.com/business/german-official-says-renewable-energy-expansion-outpaces-forecasts-to-achieve-50pct-by-2025/2012/10/29/38f73ae6-21b8-11e2-92f8-7f9c4daf276a_story.html?tid=sm_btn_reddit
2012-10-30,02:12:07,12acsd,46,Syrian Warplanes Bombard Rebels With 60 Airstrikes,abcnews.go.com,http://abcnews.go.com/Politics/wireStory/car-bomb-damascus-suburb-kills-10-17587176
2012-10-30,19:13:55,12bzid,47,Japanese airport shut after second world war bomb found,guardian.co.uk,http://www.guardian.co.uk/world/2012/oct/30/sendai-airport-closed-bomb-found
2012-10-30,11:35:59,12bj68,48,Turkey police disperse pro-secular protesters:  Tear gas and water cannons used to disband thousands marching in Ankara to mark Republic Day.,aljazeera.com,http://www.aljazeera.com/news/europe/2012/10/20121029213045967837.html
2012-10-30,12:51:29,12bnmj,43,French lottery blasted as 'devil's work' by Islamist hackers,google.com,http://www.google.com/hostednews/afp/article/ALeqM5gKVAtj288P1tV3HkvCRbQNyJeo_w?docId=CNG.f1b69071a71b5a3c203360758bd240fe.401
2012-10-30,16:19:02,12bv5m,45,"Observers denounce Ukrainian elections, saying the ruling party abused its power",nytimes.com,http://www.nytimes.com/2012/10/30/world/europe/international-observers-denounce-ukrainian-election.html?nl=todaysheadlines&emc=edit_th_20121030
2012-10-30,08:19:37,12b50o,42,Detective is jailed for bungling 13 rape investigations allowing alleged attackers to go back on the streets ,dailymail.co.uk,http://www.dailymail.co.uk/news/article-2224892/Detective-jailed-bungling-13-rape-investigations-allowing-alleged-attackers-streets.html
2012-10-30,18:51:39,12bywz,37,"Hitachi buys right to build next generation of British nuclear plants - 
Hitachi signs £700m deal to buy Horizon project from German owners, paving the way for 4-6 new nuclear stations",guardian.co.uk,http://www.guardian.co.uk/environment/2012/oct/30/hitachi-next-generation-british-nuclear-plants?intcmp=122
2012-10-30,23:53:25,12cc64,38,"Poland denies explosives found on wreck of crashed jet
| Reuters",reuters.com,http://www.reuters.com/article/2012/10/30/us-poland-crash-idUSBRE89T12Y20121030
