2012-04-23,23:02:43,so5nc,2140,US to sanction authoritarian regimes that block internet access for protesters,guardian.co.uk,http://www.guardian.co.uk/world/2012/apr/23/us-sanction-regimes-block-internet
2012-04-23,13:37:28,snpno,1722,White killer whale adult spotted for first time in wild,bbc.co.uk,http://www.bbc.co.uk/news/science-environment-17783603
2012-04-23,21:31:53,so2fx,1138,Turkey says Israel not welcome at NATO summit,reuters.com,http://www.reuters.com/article/2012/04/23/us-turkey-israel-nato-idUSBRE83M0NF20120423
2012-04-23,21:31:06,so2f9,652,"Norway Killer Picked Victims Who Had ""Leftist"" Look -- The man who killed 77 people last summer to protest at Muslim immigration to Europe said he believed he could tell the ideology of his prospective massacre victims by looking at them, and tried to spare one who appeared ""right-wing"".",reuters.com,http://www.reuters.com/article/2012/04/23/us-norway-attacks-trial-idUSBRE83M0GW20120423
2012-04-23,19:24:16,snzan,456,MI6 officer found dead in a locked hold-all. Coroner describes death as “controversial”,bbc.co.uk,http://www.bbc.co.uk/news/uk-england-london-17812112
2012-04-23,22:31:46,so4hm,393,Greenpeace took samples from nine well-known tea companies in China. Twelve of the 18 samples contained at pesticides.,the-diplomat.com,http://the-diplomat.com/china-power/2012/04/20/chinas-tainted-tea-problem/
2012-04-23,20:40:14,so12l,372,"Egypt cancels Israeli gas contract:  Termination of 20-year deal, which provided 40% of Israel's natural gas, seen as sign of fraying relations between allies
",guardian.co.uk,http://www.guardian.co.uk/world/2012/apr/23/egypt-cancels-israeli-gas-contract
2012-04-23,22:26:35,so4ag,236,Iran oil sector hit by 'cyber attack',phys.org,http://phys.org/news/2012-04-iran-oil-sector-cyber.html
2012-04-23,19:41:07,snzoj,203,"""If this ruling is upheld, YouTube will be held liable for the contents uploaded by its users."" - New German law forcing Youtube to pay copyright fines",spiegel.de,"http://www.spiegel.de/international/business/0,1518,829124,00.html"
2012-04-23,17:04:24,snwax,190,Tsunami-swept soccer ball found in Alaska; returned to Japanese teen,theglobeandmail.com,http://www.theglobeandmail.com/news/world/tsunami-swept-soccer-ball-found-in-alaska-returned-to-japanese-teen/article2410707/?utm_medium=feed&utm_source=feedburner&utm_content=Google+Reader&utm_campaign=Feed%3A+TheGlobeAndMail-International+%28The+Globe+and+Mail+-+World+News%29
2012-04-23,03:02:53,smv7e,183,"Hollande beats Sarkozy in French vote, both in round 
2",hindustantimes.com,http://www.hindustantimes.com/world-news/Europe/Hollande-beats-Sarkozy-in-French-vote-both-in-round-2/Article1-844677.aspx
2012-04-24,00:37:39,soa25,177,Thousands of scientists from 67 countries have called for an international agreement to close the Arctic high seas to commercial fishing until research reveals more about the freshly exposed waters,blogs.nature.com,http://blogs.nature.com/news/2012/04/scientists-call-for-no-fish-zone-in-arctic-waters.html
2012-04-23,05:05:16,sn11q,112,The U.S. military has stockpiled  $800 million worth of weapons in Israel. Israel may use the weapons in case of emergency. ,israelnationalnews.com,http://www.israelnationalnews.com/News/News.aspx/154993
2012-04-24,01:15:17,sobvw,91,"Dan Bull & Pirate Bay Attack the Music Charts With “Sharing Is Caring”: ""Dan attempts to break into the UK and international singles charts without the backing of a label and show that with the help of a free Internet and BitTorrent, there is another way.""",torrentfreak.com,https://torrentfreak.com/dan-bull-pirate-bay-attack-the-charts-with-sharing-is-caring-120422/
2012-04-23,10:23:12,sng2w,84,Two-year-old boy with IQ of 154 made member of Mensa,calgaryherald.com,http://www.calgaryherald.com/news/calgary/year+Calgary+made+member+Mensa/6494732/story.html
2012-04-23,21:05:16,so1q2,78,"CBS 60 Minutes on Palestinians Christians and why they are leaving: ""The exodus from the Holy Land of Palestinian Christians could eventually leave holy cities like Jerusalem and Bethlehem without a local Christian population.""",cbsnews.com,http://www.cbsnews.com/video/watch/?id=7406228n
2012-04-23,07:14:09,sn6qc,61,"A Muslim mob set ablaze a Catholic church frequented by Southern Sudanese in the capital Khartoum, witnesses and media reports said on Sunday.",hosted.ap.org,http://hosted.ap.org/dynamic/stories/M/ML_SUDAN_CHURCH_TORCHED?SITE=RIPAW&SECTION=HOME&TEMPLATE=DEFAULT
2012-04-23,03:27:50,smwb9,48,UN to investigate plight of US Native Americans for first time,guardian.co.uk,http://www.guardian.co.uk/world/2012/apr/22/un-investigate-us-native-americans?CMP=twt_gu
2012-04-23,19:37:02,snzl1,45,PM Rutte resigns: Dutch cabinet fell (Dutch source) ,nu.nl,http://www.nu.nl/politiek/2793580/kabinet-rutte-gevallen.html
2012-04-23,22:33:16,so4jk,42,"On sixth day of trial for murder of 77 people, Breivik explains how he picked off ""Marxists"" with his rifle and pistol while passing over a young man he thought looked conservative.",jpost.com,http://www.jpost.com/LandedPages/PrintArticle.aspx?id=267199
2012-04-23,19:52:03,snzx4,21,New Delhi's trash mountain is a livelihood and a home for many,latimes.com,"http://www.latimes.com/news/nationworld/world/la-fg-india-trash-mountain-20120422,0,2692758.story?track=lat-pick"
2012-04-24,02:21:46,sofdp,19,"A Russian man guzzled almost $5,000 worth of luxury black caviar in just 86 seconds in what is believed to be the world's first speed-eating contest centered around the expensive fish eggs.",theaustralian.com.au,http://www.theaustralian.com.au/news/breaking-news-old/man-devours-5k-of-caviar-in-86-seconds/story-fn3dxity-1226335246050
2012-04-23,16:48:51,snvxh,19,"N. Korea issues peculiar threat: North Korea's military vowed Monday to launch unspecified ""special actions"" soon meant to reduce South Korea's conservative government and media companies ""to ashes"" in less that four minutes using ""unprecedented unusual means and methods of our own kind""",usnews.com,http://www.usnews.com/news/world/articles/2012/04/23/north-korea-military-threatens-special-actions
2012-04-24,02:17:33,sof49,18,Powerful laser hits Toronto-area police helicopter,vancouversun.com,http://www.vancouversun.com/Powerful+laser+hits+Toronto+area+police+helicopter/6503704/story.html
2012-04-23,19:47:18,snzt0,16,"AFP: Saudi boy, 4, 'kills father over PlayStation'",google.com,http://www.google.com/hostednews/afp/article/ALeqM5jz65LBT7_GBmDsv8UApQZyTDNd4g?docId=CNG.a86eb6b2701ce148592ac01588b748be.31
2012-04-24,04:14:02,soll5,16,"Quebec to student protesters: Declare a ‘truce,’ then we’ll talk",thestar.com,http://www.thestar.com/news/canada/politics/article/1166478--quebec-to-student-protesters-declare-a-truce-then-we-ll-talk
2012-04-24,02:02:41,soec2,14,"North Korea promised Monday to reduce South Korea's conservative government ""to ashes"" in less than four minutes, in an unusually specific escalation of recent threats aimed at its southern rival.",time.com,"http://www.time.com/time/world/article/0,8599,2112813,00.html"
2012-04-23,07:32:59,sn7na,16,"Happy Earth Day! Geologists have come up with a new name for this new era in the planet's 4.5 billion year history: the Anthropocene, or the ""age of man.""",scientificamerican.com,http://www.scientificamerican.com/podcast/episode.cfm?id=happy-earth-day-welcome-to-the-anth-12-04-22
2012-04-23,22:42:10,so4ve,12,Iranian oil terminal 'offline' after 'malware attack',bbc.com,http://www.bbc.com/news/technology-17811565
2012-04-23,05:00:27,sn0sh,14,"Israel holding 1,350 hunger-striking Palestinians",news.yahoo.com,http://news.yahoo.com/israel-holding-1-350-hunger-striking-palestinians-143037017.html
