2012-09-23,09:30:08,10bkkw,2870,"Mes Aynak, site of the Buddhist statues, has survived for thousands of years from looters and even the Taliban but a Chinese mining company is set to destroy it this December",cnn.com,http://www.cnn.com/2012/09/22/opinion/afghanistan-buddha-site-mine/index.html
2012-09-23,23:14:37,10cb3l,1077,"India slowly confronts epidemic of missing children - Every six minutes, a child goes missing in India.",washingtonpost.com,http://www.washingtonpost.com/world/asia_pacific/india-slowly-confronts-epidemic-of-missing-children/2012/09/22/395d51b0-fd95-11e1-b153-218509a954e1_story.html?hpid=z3
2012-09-23,22:46:16,10ca38,681,"Wikipedia honcho caught in scandal quits, defends paid edits: High-placed editors at Wikipedia's U.K. site were caught in a simmering paid-PR scandal. After news broke, one resignation and a little backpedaling has done little to solve the problem",news.cnet.com,http://news.cnet.com/8301-1023_3-57518384-93/wikipedia-honcho-caught-in-scandal-quits-defends-paid-edits/
2012-09-23,01:29:42,10avpd,584,The drugs don't work: a modern medical scandal,guardian.co.uk,http://www.guardian.co.uk/business/2012/sep/21/drugs-industry-scandal-ben-goldacre
2012-09-23,22:16:13,10c97n,562,Italy’s highest criminal court upheld the guilty verdict of 23 Americans in connection with the CIA’s extraordinary rendition program.,rt.com,http://rt.com/news/italian-court-verdict-rendition-547/
2012-09-23,05:21:11,10b85z,469,"Iranian Women Banned From 77 College Majors, Including Accounting, Counselling, & Engineering - International rights groups protest as 36 universities begin the ban, raising questions about the rights of women to education in Iran",chicagotribune.com,"http://www.chicagotribune.com/news/sns-rt-us-iran-womenbre88l03l-20120922,0,6158083.story"
2012-09-23,16:34:57,10c22g,404,Iran discovered listening device near nuclear site --- disguised as a rock,jpost.com,http://www.jpost.com/IranianThreat/News/Article.aspx?id=285919
2012-09-23,13:05:46,10buqp,333,"
UK Crackdown On Millionaires Who Dodge Taxes: ""The wealthiest did best in the boom years and it is right they should pay more now,"" says the Treasury Chief Secretary",news.sky.com,http://news.sky.com/story/988441/crackdown-on-millionaires-who-dodge-taxes
2012-09-23,14:49:08,10byw2,313,Australian Catholic Church admits child abuse:  State of Victoria confirms that more than 600 children have been sexually abused by Catholic priests since the 1930s.,aljazeera.com,http://www.aljazeera.com/news/asia-pacific/2012/09/201292255516766599.html
2012-09-23,22:18:31,10c99x,252,‘Cranks and crazies’ have taken over GOP: Australian official,rawstory.com,http://www.rawstory.com/rs/2012/09/23/cranks-and-crazies-that-have-taken-over-gop-australian-official/
2012-09-23,08:27:29,10bhhv,232,"The United States has denied visas to about 20 Iranian government officials hoping to attend next week's United Nations General Assembly, including two ministers, Iran's Fars news agency reported on Saturday.",reuters.com,http://www.reuters.com/article/2012/09/22/us-un-assembly-iran-usa-idUSBRE88L06G20120922?feedType=RSS&feedName=topNews&utm_source=feedburner&utm_medium=feed&utm_campaign=Feed%3A+reuters%2FtopNews+%28News+%2F+US+%2F+Top+News%29
2012-09-24,00:37:51,10cegm,118,"Libyan Army issues ultimatum to militias responsible for Embassy killings: Leave in 48 hours, or we will use force",edition.cnn.com,http://edition.cnn.com/2012/09/23/world/africa/libya-militias/index.html?hpt=hp_t1
2012-09-23,10:03:59,10bm90,104,"Protesters at U.S. consulate in Toronto demand government action against anti-Islamic movie:  ""The Muslims, united, will never be defeated,"" a crowd of roughly 1,500 chanted as they protested against an anti-Islamic film and denounced the inaction of the U.S. and Canadian governments. ",thestar.com,http://www.thestar.com/news/gta/article/1260901--gta-coptic-christian-activist-asks-police-for-protection
2012-09-23,17:32:19,10c3eq,101,Valencia: A Spanish city drowning in debt which is now running out of prescription medicine,bbc.co.uk,http://www.bbc.co.uk/news/magazine-19682049
2012-09-23,11:18:24,10bptg,89,Elephants Dying in Epic Frenzy as Ivory Fuels Wars and Profits,nytimes.com,http://www.nytimes.com/2012/09/04/world/africa/africas-elephants-are-being-slaughtered-in-poaching-frenzy.html?pagewanted=all&_moc.semityn.www
2012-09-23,13:13:36,10bv2u,89,"Most Greeks feel new austerity measures are unfair: An overwhelming majority of Greeks believe new austerity measures the government has promised its international lenders in exchange for more financial aid are unfair and hurt the poorest sections of society, a poll showed on Saturday.",reuters.com,http://www.reuters.com/article/2012/09/23/us-greece-poll-idUSBRE88L09P20120923
2012-09-23,02:52:02,10b066,78,"U.S. bans 20 Iran officials from travel to U.N. assembly
| Reuters",reuters.com,http://www.reuters.com/article/2012/09/22/us-un-assembly-iran-usa-idUSBRE88L06G20120922
2012-09-23,10:19:14,10bmxv,79,"Pakistan official offers $100,000 reward for killing of maker of anti-Prophet Muhammad film - World News",worldnews.nbcnews.com,http://worldnews.nbcnews.com/_news/2012/09/22/14036172-pakistan-official-offers-100000-reward-for-killing-of-maker-of-anti-prophet-muhammad-film
2012-09-23,13:43:34,10bwe1,70,"El Salvador in Battle Against Tide - 
Rising sea levels & deforestation have destroyed mangrove crops villagers depend on to survive. No one knows how long it'll take before waves reach their homes. Logging has left 2% of the original forests, resulting in flash floods. ",independent.co.uk,http://www.independent.co.uk/environment/climate-change/el-salvador-in-battle-against-tide-of-climate-change-8145210.html
2012-09-23,14:53:06,10bz0u,66,Le Pen calls for ban on veils and skullcaps in public:   Wearing the full face-covering veil is already banned in public places in France and now the leader of France’s far-right National Front party wants this to apply to all veils as well as Jewish skullcaps. ,france24.com,http://www.france24.com/en/20120921-france-religion-national-front-marine-le-pen-calls-ban-islam-veils-skullcaps-kippah-public-places
2012-09-23,16:08:04,10c1cv,65,"""Montreal student protest calls for free tuition"" - CBC Montreal",cbc.ca,http://www.cbc.ca/news/canada/montreal/story/2012/09/22/montreal-student-protest-classe-tuition.html?cmp=rss
2012-09-23,22:05:06,10c8x7,68,Spy rock explodes near secret Iranian nuclear compound.,rt.com,https://rt.com/news/iran-spy-rock-nuclear-777/
2012-09-23,05:02:04,10b74m,65,"REUTERS: Iranian hackers have repeatedly attacked Bank of America, JPMorgan, Citi over the past year",reuters.com,http://www.reuters.com/article/2012/09/21/us-iran-cyberattacks-idUSBRE88K12H20120921
2012-09-23,02:22:30,10ayj3,50,Libyans attack militia base in Benghazi; 3 dead - The Washington Post,washingtonpost.com,http://www.washingtonpost.com/world/2012/09/22/5b4f96a0-04b3-11e2-8102-ebee9c66e190_story.html
2012-09-23,11:39:43,10bqtj,49,"In Manufacturing Shift, Made In U.S. But Sold In 
China",nytimes.com,http://www.nytimes.com/2012/09/21/nyregion/a-manufacturing-about-face-made-in-america-but-sold-in-china.html
2012-09-23,22:21:57,10c9cl,49,At least nine climbers are feared dead and six more are missing in Nepal after an avalanche swept away Europeans and others on a Himalayan peak,bbc.co.uk,http://www.bbc.co.uk/news/world-asia-19691512
2012-09-23,08:06:36,10bgjh,46,"Chinese civil servant sacked over luxury wardrobe: A Chinese civil servant whose penchant for luxury watches transformed him into a symbol of rampant official corruption has been fired for ""serious violation of discipline"". ",telegraph.co.uk,http://www.telegraph.co.uk/news/worldnews/asia/china/9558179/Chinese-civil-servant-sacked-over-luxury-wardrobe.html
2012-09-23,22:52:58,10cab8,42,Australia Seeks to ‘Manage’ the Poor While Making Them Poorer,inthesetimes.com,http://inthesetimes.com/working/entry/13881/australia_seeks_to_manage_the_poor_while_making_them_poorer
2012-09-23,22:36:32,10c9s5,36,"According to a report, Brazil currently has enough ammunition for no more than one hour of war!",mylifeinbrazil.wordpress.com,http://mylifeinbrazil.wordpress.com/2012/08/13/episode-93-brazil-at-war-not-more-than-an-hour-please/
2012-09-23,02:34:50,10az7k,40,Libyan Islamist militia swept out of Benghazi bases - Yahoo! News,news.yahoo.com,http://news.yahoo.com/libyan-islamist-militia-swept-benghazi-bases-022901566.html?_esi=1
