2012-02-26,17:35:45,q6kbf,1739,Scotland moves toward vote on independence,washingtonpost.com,http://www.washingtonpost.com/world/scotland-moves-toward-vote-on-independence/2012/02/20/gIQAE71qaR_story.html
2012-02-26,23:10:50,q6q52,1681,"Are They Really Religious? --- 


An Egyptian author denounces aggressive, superficial Islamic piety. Policemen insist on sacred right to grow beards, yet torture and abuse detainees. Hospital staff abandon patients in intensive care to pray",huffingtonpost.com,http://www.huffingtonpost.com/alaa-al-aswany/are-they-really-religious_b_1291961.html
2012-02-26,00:25:05,q5jlc,1609,"Japanese Ship Violates Shark Fishing Ban - The fishing vessel has been fined $125,000, Marshall Islands officials said, in the 1st levy of its kind in the territory's waters",telegraph.co.uk,http://www.telegraph.co.uk/news/worldnews/australiaandthepacific/marshallislands/9102685/Japanese-ship-fined-125000-for-violating-shark-fishing-ban.html
2012-02-26,04:20:53,q5spw,569,"Insult to WWII heroes: Graves of British troops smashed and desecrated by Libyan Islamists in protest over U.S. soldiers' Koran burning
",dailymail.co.uk,http://www.dailymail.co.uk/news/article-2106230/Insult-WWII-heroes-Graves-British-soldiers-smashed-desecrated-Libyan-Islamists-protest-U-S-soldiers-Koran-burning.html
2012-02-26,22:00:32,q6okt,221,"Why The Super-Rich Love The UK --- 


""The UK has a gigantic sign hanging over it saying, 'Rich People! Come and Live Here! You Won't Have to Pay Any Tax!' It is an extraordinary policy for any developed nation""",guardian.co.uk,http://www.guardian.co.uk/society/2012/feb/24/why-super-rich-love-uk?cat=society&type=article
2012-02-26,06:39:54,q5yg5,181,"2  Missing as Fire Guts Antarctic Research Station - Brazilian navy says fire destroyed the entire station, & is still not under control",bbc.co.uk,http://www.bbc.co.uk/news/world-latin-america-17168526?2
2012-02-26,00:56:44,q5kn4,117,Nato has withdrawn all its personnel from Afghan ministries,bbc.co.uk,http://www.bbc.co.uk/news/world-asia-17165410
2012-02-26,17:13:53,q6jxm,121,"Vatican eyes 1,500-year-old Bible held in Turkish capital",todayszaman.com,http://www.todayszaman.com/news-272248-1500-year-old-bible-kept-in-ankara-excites-vatican-report-claims.html
2012-02-26,09:48:21,q65y3,115,"Ordinary Russians train to observe presidential vote - Since the Russian parliamentary election in December, which was widely seen as fraudulent, thousands of people have been volunteering to monitor the presidential vote on 4 March. ",bbc.co.uk,http://www.bbc.co.uk/news/world-europe-17100005
2012-02-26,20:43:29,q6nb7,107,"Anti-piracy group Antipiratbyrån make good on its threats to take file-sharing sites offline in Sweden. During the last 48hrs, police in Sweden and the Netherlands swooped on key staff and hardware connected to a long-standing private BitTorrent tracker",torrentfreak.com,https://torrentfreak.com/bittorrent-crackdown-police-raid-private-tracker-others-shut-down-120225/
2012-02-26,12:51:49,q6cqw,106,Kim Jong Um threatens powerful retaliatory strike ,news.yahoo.com,http://news.yahoo.com/nkoreas-kim-issues-threat-skorea-us-drills-034259743.html
2012-02-26,03:37:15,q5qxn,87,China faces political pressure as it considers sending 30 refugees back to North Korea. ,bbc.co.uk,http://www.bbc.co.uk/news/world-asia-17123208
2012-02-27,07:33:41,q7ael,85,"Ai Weiwei declares: “Police in China can do whatever they want; after 81 days in arbitrary detention you clearly realise that they don’t have to obey their own laws,” Ai says when I finally sit down with the burly, bearded artist in a room adjoining his home studio.""",slate.com,http://www.slate.com/articles/business/ft/2012/02/ai_weiwei_discusses_his_art_his_politics_and_his_cats_.html
2012-02-27,01:23:34,q6ua4,71,Zimbabwe: HIV-positive maid laces child's porridge with menstrual blood ,globalpost.com,http://www.globalpost.com/dispatches/globalpost-blogs/weird-wide-web/zimbabwe-hiv-positive-maid-laces-porridge-menstrual-blood
2012-02-26,19:48:27,q6mfv,64,72 yr old Nepalese Pensioner crowned world's shortest man.,abc.net.au,http://www.abc.net.au/news/2012-02-26/72yr-old-nepali-takes-world27s-tallest-man-title/3853848
2012-02-26,12:27:55,q6byh,57,A strong earthquake has struck southern Taiwan,cbsnews.com,http://www.cbsnews.com/8301-202_162-57385288/strong-quake-hits-taiwan-causing-minor-damage/?tag=cbsnewsLeadStoriesAreaMain
2012-02-26,19:34:49,q6m8i,60,Britain leads dash to explore for oil in war-torn Somalia | World news | The Observer,guardian.co.uk,http://www.guardian.co.uk/world/2012/feb/25/britain-oil-dash-somalia?mobile-redirect=false
2012-02-27,01:05:31,q6tn7,38,France bans the use of 'mademoiselle' in official documents after advocacy campaign by French feminist organisations Dare To Be Feminist and The Watchdogs.,nytimes.com,http://www.nytimes.com/2012/02/23/world/europe/france-drops-mademoiselle-from-official-use.html?_r=2&partner=rss&emc=rss
2012-02-26,21:23:39,q6nxv,38,"Human chain formed by thousands during Anti-Putin protest
",montrealgazette.com,http://www.montrealgazette.com/news/Human+chain+formed+thousands+during+Anti+Putin+protest/6211618/story.html
2012-02-26,11:38:16,q6a1n,36,G20 inches toward $2 trillion in rescue funds ,finance.yahoo.com,http://finance.yahoo.com/news/euro-zone-deal-firewall-awaits-001447349.html;_ylt=AgvEVRcJCepSKNEhQIVuIciiuYdG;_ylu=X3oDMTQzMzBvNDAzBG1pdANGaW5hbmNlIEZQIEp1bWJvdHJvbiBMaXRlBHBrZwMyYjdiOWM5Yi0xMjJkLTNkZmMtOWJlZi00M2Q3OWU0MGM5Y2QEcG9zAzEEc2VjA2p1bWJvdHJvbgR2ZXIDMGIyOTYyNjAtNjAyYS0xMWUxLWJmZmYtODQ1MmY1OTRmMDdj;_ylg=X3oDMTFvdnRqYzJoBGludGwDdXMEbGFuZwNlbi11cwRwc3RhaWQDBHBzdGNhdANob21lBHB0A3NlY3Rpb25zBHRlc3QD;_ylv=3
2012-02-27,06:41:02,q783r,31,Tibet: Does China care what other countries have to say? China is quick to censor discussion about Tibet inside its own borders.,globalpost.com,http://www.globalpost.com/dispatch/news/regions/asia-pacific/china/120222/tibet-policies-turmoil-part-3
2012-02-27,06:41:11,q7840,33,"Colombia's FARC to free captives, stop kidnapping for ransom",reuters.com,http://www.reuters.com/article/2012/02/26/us-colombia-farc-idUSTRE81P0SI20120226
2012-02-27,06:19:38,q774r,32,"One dead, dozens trapped in Ontario train derailment",edmonton.ctv.ca,http://edmonton.ctv.ca/servlet/an/local/CTVNews/20120226/VIA-train-derailed-120226/20120226/?hub=EdmontonHome
2012-02-26,15:38:43,q6hyj,30,Malaysian protest over rare earths refinery plan,bbc.co.uk,http://www.bbc.co.uk/news/world-asia-17169601
2012-02-27,06:10:19,q76p7,28,Rising oil costs strain debt-ridden Europe,reuters.com,http://www.reuters.com/article/2012/02/24/us-eurozone-economy-oil-idUSTRE81N0UF20120224
2012-02-27,07:04:37,q7948,27,Putin warns against 'catastrophic' attack on Iran,abc.net.au,http://www.abc.net.au/news/2012-02-27/putin-warns-against-attacks-on-iran-and-syria/3854136
2012-02-26,10:10:46,q66s0,26,BBC News - Are Greeks the hardest workers in Europe?,bbc.co.uk,http://www.bbc.co.uk/news/magazine-17155304
2012-02-26,08:39:25,q637s,24,Disabled protesters clash with police in Bolivia,guardian.co.uk,http://www.guardian.co.uk/world/2012/feb/24/disabled-protesters-clash-police-bolivia?newsfeed=true
2012-02-26,17:27:08,q6k65,24,Britain reportedly joins dash to explore for oil in Somalia,worldnews.msnbc.msn.com,http://worldnews.msnbc.msn.com/_news/2012/02/25/10508412-britain-reportedly-joins-dash-to-explore-for-oil-in-somalia#.T0n62kPa0R4.reddit
2012-02-27,03:44:39,q704j,13,"Leaked Vatican documents cloud cardinal ceremony: ""...reports and leaked documents alleging corruption in the running of the Vatican city state and money laundering at the Vatican bank""",cbsnews.com,http://www.cbsnews.com/8301-202_162-57380254/leaked-vatican-documents-cloud-cardinal-ceremony
