2012-03-13,13:05:42,qu4lc,2440,Indian Govt uses special powers to slash cancer drug price by 97%,timesofindia.indiatimes.com,http://timesofindia.indiatimes.com/india/Govt-uses-special-powers-to-slash-cancer-drug-price-by-97/articleshow/12240143.cms?utm_source=facebook&utm_medium=toionFB
2012-03-13,12:56:32,qu46f,1674,Dangerous Ignorance: The Hysteria of Kony 2012,aljazeera.com,http://www.aljazeera.com/indepth/opinion/2012/03/201231284336601364.html
2012-03-13,22:07:18,quj6e,1631,British stroke victim wins right to ask for euthanasia.,smh.com.au,http://www.smh.com.au/world/british-stroke-victim-wins-right-to-ask-for-euthanasia-20120313-1uyb1.html
2012-03-13,22:36:22,qukat,768,"China cracks down on human trafficking, freeing 24,000 abducted women and children in 2011",globalpost.com,http://www.globalpost.com/dispatch/news/regions/asia-pacific/china/120313/china-angola-human-trafficking-selling-children-infa
2012-03-13,04:58:41,qtg9y,722,"The alleged rape of a 16-year-old Muslim girl ""was captured on video by one of the soldiers and has been passed around Thailand’s newsrooms and military offices where some have made the galling and insulting comment that perhaps the girl didn’t resist enough.""",the-diplomat.com,http://the-diplomat.com/asean-beat/2012/03/13/alleged-rape-tests-bangkok/
2012-03-13,00:09:52,qt1iv,623,"Dr. Jacques Bérès, a 71-year old French surgeon, smuggled himself into Homs, Syria, to treat the wounded in a makeshift hospital.",video.nytimes.com,http://video.nytimes.com/video/2012/03/12/world/middleeast/100000001422007/a-surgeons-call-to-duty.html
2012-03-13,19:22:25,queea,613,Rebekah Brooks arrested,bbc.co.uk,http://www.bbc.co.uk/news/uk-17349578
2012-03-14,02:13:17,quup5,542,"Fighting the failed War on Drugs: Bolivia's Evo Morales defends right to chew coca leaf—""We are not drug addicts when we consume the coca leaf.""",globalpost.com,http://www.globalpost.com/dispatch/news/regions/americas/bolivia/120312/bolivias-evo-morales-defends-right-chew-coca-leaf
2012-03-13,05:58:17,qtjgz,516,Nicolas Sarkozy 'received £42 million from Muammar Gaddafi for 2007 election',telegraph.co.uk,http://www.telegraph.co.uk/news/worldnews/nicolas-sarkozy/9139310/Nicolas-Sarkozy-received-42-million-from-Muammar-Gaddafi-for-2007-election.html
2012-03-13,23:24:51,qumdx,499,Russia says it will keep selling weapons to Syria,english.alarabiya.net,http://english.alarabiya.net/articles/2012/03/13/200423.html
2012-03-13,22:56:18,qul5h,357,"Australia Passes Controversial Nuclear Waste Bill - 

Radioactive material set to be dumped in remote Aboriginal community, despite ongoing court case into legality of proposal",guardian.co.uk,http://www.guardian.co.uk/environment/2012/mar/13/australia-nuclear-waste-aboriginal
2012-03-13,21:30:23,quhw1,328,"Syrian troops have planted landmines along routes used by people fleeing the country's violence and trying to reach neighbouring Turkey, an international human rights group has said. ",telegraph.co.uk,http://www.telegraph.co.uk/news/worldnews/middleeast/syria/9140003/Syria-laying-landmines-along-border.html
2012-03-13,21:32:27,quhyb,244,Police Arrest Murdoch Deputy Rebekah Brooks And Husband - The Daily Beast,thedailybeast.com,http://www.thedailybeast.com/articles/2012/03/13/police-arrest-murdoch-deputy-rebekah-brooks-and-husband.html
2012-03-13,05:59:10,qtjij,194,"45,000 caught cheating at Britain's universities",independent.co.uk,http://www.independent.co.uk/news/education/education-news/45000-caught-cheating-at-britains-universities-7555109.html
2012-03-13,15:45:38,qu9ty,140,Syria laying landmines along the border on routes where refugees have fled,bbc.co.uk,http://www.bbc.co.uk/news/world-middle-east-17349593
2012-03-13,17:14:54,qubsc,123,Nightmare Zoo in Indonesia Shaken When Giraffe Dies With Beachball-Sized Wad of Plastic in its Belly - Tigers are emaciated & the 180 pelicans packed so tightly they can't unfurl their wings. New attention now focused on scandalous conditions at largest zoo. (With Photos),kansas.com,http://www.kansas.com/2012/03/13/2253046/nightmare-zoo-in-indonesia-shaken.html
2012-03-13,23:17:02,qum28,98,'Enemies of the internet' named,bbc.co.uk,http://www.bbc.co.uk/news/technology-17350225
2012-03-13,03:35:14,qtbq9,90,Colonel Gaddafi 'gave French President  Nicolas Sarkozy £42million to fund his 2007 election campaign',dailymail.co.uk,http://www.dailymail.co.uk/news/article-2113910/Colonel-Gaddafi-gave-French-President-Nicolas-Sarkozy-42MILLION-fund-2007-election-campaign.html
2012-03-13,16:03:05,qua8c,87,Lockdown London: The 2012 Olympic Games will see the UK's biggest mobilisation of military and security forces since the second world war.,guardian.co.uk,http://www.guardian.co.uk/sport/2012/mar/12/london-olympics-security-lockdown-london
2012-03-13,09:02:16,qtsrl,70,"A mosque near Brussels was attacked with Molotov cocktails and its imam died trying to extinguish the flames, Belgian newspapers reported late Monday.",hosted.ap.org,http://hosted.ap.org/dynamic/stories/E/EU_BELGIUM_MOSQUE_ATTACK?SITE=RIPAW&SECTION=HOME&TEMPLATE=DEFAULT
2012-03-14,00:31:28,qupm4,60,Russia sees 'no reason' to halt weapon support for Syria,csmonitor.com,http://www.csmonitor.com/World/Europe/2012/0313/Russia-sees-no-reason-to-halt-weapon-support-for-Syria
2012-03-13,23:50:31,qunl6,53,Polish Nuclear Dreams Threaten Ties with Germany,spiegel.de,"http://www.spiegel.de/international/europe/0,1518,820756,00.html"
2012-03-13,18:58:16,qudvl,47,"Billions in cash flees Afghanistan, economy threatened",reuters.com,http://www.reuters.com/article/2012/03/13/us-afghanistan-economy-idUSBRE82C0DJ20120313
2012-03-13,13:43:58,qu633,45,China gives Japan nod to buy $10bn (£6.4bn) of government bonds as Beijing tries to create a more international role for its currency,bbc.co.uk,http://www.bbc.co.uk/news/business-17348654
2012-03-14,07:25:51,qvb2k,39,"The Fertility Implosion --- A woman in Oman today has 5.6 fewer babies than a woman in Oman 30 years ago. Morocco, Syria and Saudi Arabia have seen fertility-rate declines of nearly 60 percent, and in Iran it’s more than 70 percent. These are among the fastest declines in recorded history.",nytimes.com,http://www.nytimes.com/2012/03/13/opinion/brooks-the-fertility-implosion.html?_r=3&ref=opinion
2012-03-13,10:20:03,qtwph,40,"Sarkozy pledges to 'save European way of life':  Six weeks ahead of elections, French President Nicolas Sarkozy is seeking to appeal to far right voters by vowing to crack down on immigration to France. ",csmonitor.com,http://www.csmonitor.com/World/Global-News/2012/0312/Sarkozy-pledges-to-save-European-way-of-life
2012-03-13,12:38:29,qu3fl,38,Section of high-speed railway line in China collapses,news.yahoo.com,http://news.yahoo.com/report-china-rail-section-collapse-jolts-shares-075310720.html
2012-03-13,23:41:11,qun5n,30,"U.N. Says 8,000 Killed, 230,000 Displaced by Syrian Conflict",thinkprogress.org,http://thinkprogress.org/security/2012/03/13/443452/un-says-8000-killed-230000-displaced-by-syrian-conflict/?mobile=wp
2012-03-14,06:28:17,qv82q,33,"Anti-abortion activism escalating, warns clinic targeted by vigil",guardian.co.uk,http://www.guardian.co.uk/world/2012/mar/13/anti-abortion-activism-clinic-vigil
2012-03-13,17:27:10,quc15,28,"Moody's Downgrades Cyprus Into Junk Status
",google.com,http://www.google.com/hostednews/ap/article/ALeqM5gMLthUthT-bVaxpyAIFk-gJFLaQA?docId=745491cd32844cda8e5399ae624bbc3d
