2012-07-11,21:13:26,wdqiv,2112,Melinda Gates challenges Vatican by vowing to improve contraception,guardian.co.uk,http://www.guardian.co.uk/world/2012/jul/11/melinda-gates-challenges-vatican-contraception
2012-07-11,17:40:06,wdktq,1264,Mother who put her infant son on a highway in the Moscow Region amid the night hoping he would be killed by cars was sentenced to eight years in prison,rt.com,http://www.rt.com/news/mother-baby-highway-prison-844/
2012-07-11,23:49:10,wdxjv,1160,"
Canadian Scientists 'Mourn Death of Evidence' under Harper Government: Protest march will highlight public harm done by gutting of research programs ",commondreams.org,https://www.commondreams.org/headline/2012/07/10
2012-07-11,23:36:21,wdwvn,604,Muslim Brotherhood concedes defeat in Libyan parliamentary elections,guardian.co.uk,http://www.guardian.co.uk/world/2012/jul/10/muslim-brotherhood-expectations-libyan-election
2012-07-11,21:24:15,wdqxa,503,Legal euthanasia has not led to more cases in the Netherlands,dutchnews.nl,http://www.dutchnews.nl/news/archives/2012/07/euthansia_legalisation_has_not.php
2012-07-11,20:54:16,wdpvk,412,Dozens of Afghan women’s rights activists took to the streets Wednesday to protest against the recent public execution of a young woman for alleged adultery ,english.alarabiya.net,http://english.alarabiya.net/articles/2012/07/11/225763.html
2012-07-11,08:05:12,wcrf4,381,Taliban commander: we cannot win war and al-Qaida is a 'plague' ,guardian.co.uk,http://www.guardian.co.uk/world/2012/jul/11/taliban-commander-interview-afghanistan-al-qaida
2012-07-11,11:29:03,wd3l2,287,Behind the Libor Scandal - Graphic - NYTimes.com,nytimes.com,http://www.nytimes.com/interactive/2012/07/10/business/dealbook/behind-the-libor-scandal.html
2012-07-11,04:00:57,wcb7j,285,"NZ called on to ban ""Fat Hatred"" in the 3rd Fattest Country on Earth. Lecturer leading the cause claims obesity is healthy and the world is discriminating against fat people.",stuff.co.nz,http://www.stuff.co.nz/national/health/7256608/Fat-hatred-should-be-banned-scholar
2012-07-11,17:47:16,wdkzy,290,"Why we are breaking the Pirate Bay ban
",guardian.co.uk,http://www.guardian.co.uk/commentisfree/2012/jul/11/pirate-bay-ban?newsfeed=true
2012-07-11,01:45:09,wc2cd,280,London residents lose court battle aimed at keeping missiles off roof of building during Olympic games.,reuters.com,http://www.reuters.com/article/2012/07/10/oly-missiles-adv-idINDEE8690DW20120710
2012-07-11,01:56:56,wc34e,168,Scientists attribute extreme weather to man-made climate change,guardian.co.uk,http://www.guardian.co.uk/environment/2012/jul/10/extreme-weather-manmade-climate-change
2012-07-11,05:10:57,wcfxp,148,Syria: Torture Centers Revealed | Human Rights Watch,hrw.org,http://www.hrw.org/news/2012/07/03/syria-torture-centers-revealed
2012-07-11,13:29:48,wdata,120,"Kim Dotcom says he will extradite himself to the us, if he gets his money back",guardian.co.uk,http://www.guardian.co.uk/technology/2012/jul/11/kim-dotcom-extradite-myself-us?CMP=twt_fd
2012-07-11,19:37:52,wdntj,107,Silvio Berlusconi to again run for Italian Prime Minister in next year's elections,telegraph.co.uk,http://www.telegraph.co.uk/news/worldnews/silvio-berlusconi/9391524/Silvio-Berlusconi-set-to-run-again-to-become-Italian-prime-minister.html
2012-07-11,22:26:07,wdtgx,107,Russian Duma adopts 'site blacklist' bill despite SOPA-style outcry against censorship,rt.com,http://www.rt.com/news/wikipedia-yandex-censorship-bill-936/
2012-07-11,20:42:38,wdphk,103,"More prison for feminist punk rockers, Pussy Riot, riles liberal Russians",csmonitor.com,http://www.csmonitor.com/World/Europe/2012/0710/More-prison-for-feminist-punk-rockers-riles-liberal-Russians
2012-07-11,22:34:23,wdtts,101,"Swiss Banks UBS, Credit Suisse Raided By German, French Authorities Over Tax Evasion. German tax authorities have raided Credit Suisse clients and French officials searched the homes of UBS employees, deepening the crackdown on foreigners hiding money in Swiss offshore accounts to dodge taxes.",huffingtonpost.com,http://www.huffingtonpost.com/2012/07/11/swiss-banks-raided-tax-evasion_n_1664281.html?ref=topbar
2012-07-11,21:44:11,wdrnt,94,Moscow's Marines Head for Syria ,foreignpolicy.com,"http://www.foreignpolicy.com/articles/2012/07/10/moscows_marines_head_for_syria?page=0,0"
2012-07-11,23:12:48,wdvq2,72,Spain today: more cuts and police crushing people,guardian.co.uk,http://www.guardian.co.uk/business/2012/jul/11/eurozone-crisis-spain-austerity-bailout#block-4ffd78d0c0e339808183bfd1
2012-07-12,00:23:16,wdzhg,69,Four found guilty of modern slavery. ,bbc.co.uk,http://www.bbc.co.uk/news/uk-england-beds-bucks-herts-18644539
2012-07-11,17:13:40,wdk4y,57,Tigers kill a man in zoo in Copenhagen.,news.com.au,http://www.news.com.au/breaking-news/world/tigers-kill-man-in-danish-zoo-police/story-e6frfkui-1226423746039
2012-07-11,22:54:19,wdusi,42,"Egypt Court Overrules President Over Parliament.  Egypt's Islamist-led parliament reconvened on Tuesday in an open challenge to the generals who dissolved it last month. The supreme court swiftly ruled the newly elected, Islamist president had acted illegally in summoning the assembly,",reuters.com,http://www.reuters.com/article/2012/07/11/us-egypt-president-parliament-idUSBRE8670HB20120711
2012-07-11,20:28:38,wdp3c,35,'Many die' in Yemen suicide blast at police academy ,bbc.co.uk,http://www.bbc.co.uk/news/world-middle-east-18796212
2012-07-11,22:53:37,wdur6,35,Barclays' Diamond accused of misleading inquiry | Reuters,reuters.com,http://www.reuters.com/article/2012/07/11/us-banking-libor-idUSBRE8680DR20120711?utm_medium=email
2012-07-11,20:58:24,wdq00,38,South Korean President Lee Myung-bak's elder brother has been detained by police on corruption charges.,bbc.co.uk,http://www.bbc.co.uk/news/world-asia-18792840
2012-07-11,13:30:04,wdatt,35,Tibetan sets himself alight in China protest,news.asiaone.com,http://news.asiaone.com/News/Latest%2BNews/World/Story/A1Story20120710-358386.html
2012-07-11,03:05:49,wc7fy,32,Greek Ultra-Right Vows ‘to Rid the Land of Filth’,nytimes.com,http://www.nytimes.com/2012/07/11/world/europe/as-golden-dawn-rises-in-greece-anti-immigrant-violence-follows.html?hp
2012-07-11,10:01:18,wcyfp,28,"Homeless couple finds a duffle bag filled with $10,000 in cash, and turns it over to the police. ""I learned from my mother to never take anything that belongs to others.""",huffingtonpost.com,http://www.huffingtonpost.com/2012/07/10/homeless-couple-turn-over-10000-cash_n_1659988.html?utm_hp_ref=impact&ncid=edlinkusaolp00000009
2012-07-12,00:19:25,wdz9a,28,"ACTA Failure Inspires The Most Clueless Column Ever: Ewan Morrison's piece for The Guardian with headline - ""Throwing out Acta will not bring a free internet, but cultural disaster.""",techdirt.com,http://www.techdirt.com/articles/20120706/18134119613/acta-failure-inspires-most-clueless-column-ever.shtml
