2012-12-07,02:03:19,14e70r,2117,"U.N. summit votes to support Internet eavesdropping. Uses: censorship, identifying BitTorrent and MP3 transfers",news.cnet.com,http://news.cnet.com/8301-13578_3-57557347-38/u.n-summit-votes-to-support-internet-eavesdropping/
2012-12-07,16:32:06,14fpeg,1872,"Earthquake M7.3  - 293km SE of Kamaishi, Japan. Tsunami alert.",earthquake.usgs.gov,http://earthquake.usgs.gov/earthquakes/eventpage/at00menj2m#summary
2012-12-07,23:19:54,14g33q,1541,Kate Middleton's Receptionist Found Dead In London Days After Being Duped By Prank Callers,huffingtonpost.com,http://www.huffingtonpost.com/2012/12/07/kate-middleton-receptionist-found-dead-prank-callers_n_2257231.html
2012-12-07,09:06:43,14f0rg,1108,Google Drones Launch In Africa to monitor and prevent poaching,fastcompany.com,http://www.fastcompany.com/3003766/google-drones-launch-africa
2012-12-07,16:40:57,14fpok,1013,"7.3 magnitude earthquake off Japan's eastern coast, tsunami warning issued",bbc.co.uk,http://www.bbc.co.uk/news/world-asia-20638696
2012-12-07,21:37:23,14fy86,866,North Korea in financial trouble after blowing $100 million on tributes to dead leader Kim Jong-il,news.nationalpost.com,http://news.nationalpost.com/2012/12/06/north-korea-in-financial-trouble-after-blowing-100-million-on-tributes-to-dead-leader-kim-jong-il/
2012-12-07,02:02:42,14e6yz,756,China to flatten 700 mountains for new metropolis in the desert,guardian.co.uk,http://www.guardian.co.uk/world/2012/dec/06/china-flatten-mountain-lanzhou-new-area
2012-12-07,06:44:31,14er5y,595,Canada Destroys Legislation to Protect its Natural Lakes and Rivers. 2.5 million down to 82. ,o.canada.com,http://o.canada.com/2012/10/22/its-open-season-on-canadas-waterways-is-your-favourite-lake-or-stream-protected/
2012-12-07,22:14:57,14fztf,585,Dotcom gets go-ahead for spy lawsuit - A ruling in the High Court of New Zealand means that the country's security service will have to reveal details of its spying on Megaupload founder Kim Dotcom & his associates.,wired.co.uk,http://www.wired.co.uk/news/archive/2012-12/07/dotcom-spies-must-share-information
2012-12-07,23:39:19,14g48c,484,British PM backs gay marriage.,bbc.co.uk,http://www.bbc.co.uk/news/uk-politics-20642428
2012-12-07,22:24:40,14g0ar,302,Volvo aims for 'no-death' new cars by 2020,thelocal.se,http://www.thelocal.se/44830/20121204/#.UMH794OAC8E
2012-12-07,04:53:40,14eixk,273,"Stunned that reporters were able to visit her, detained China Nobel wife  trembled uncontrollably and cried Thursday as she described how absurd and emotionally draining her confinement under house arrest has been in the two years since her jailed activist husband was named a Nobel Peace laureate.",businessweek.com,http://www.businessweek.com/ap/2012-12-06/ap-exclusive-detained-china-nobel-wife-speaks-out
2012-12-07,09:34:38,14f2kc,216,Canada cancels F-35 procurement,o.canada.com,http://o.canada.com/2012/12/06/1107-col-dentandt/
2012-12-07,01:08:43,14e3c1,200,"Egyptian immigrant Waleed Taleb says demanding his unpaid wages in Greece came at a heavy price; 18 hours chained and beaten by his boss, a stint in jail and orders to leave the country he calls home.",reuters.com,http://www.reuters.com/article/2012/12/06/us-greece-migrants-idUSBRE8B50Y920121206
2012-12-07,16:25:21,14fp6s,176,Another large quake has occurred off the coast of northeast Japan in the same general area as 3/11; moderately heavy shaking in Tohoku,nhk.or.jp,http://www3.nhk.or.jp/sokuho/jishin/JS20121207171800_20121207172159.html
2012-12-07,15:27:12,14fn8n,163,Human rights group: Israel violated laws of war in fatal house bombing in Gaza conflict,washingtonpost.com,http://www.washingtonpost.com/world/middle_east/human-rights-group-israel-violated-laws-of-war-in-fatal-house-bombing-in-gaza-conflict/2012/12/07/a8258194-4039-11e2-8a5c-473797be602c_story.html?tid=sm_btn_reddit
2012-12-07,14:00:12,14fjbf,147,'Zero hour': Syrian rebels prepare to mount Damascus attack  - Telegraph,telegraph.co.uk,http://www.telegraph.co.uk/news/worldnews/middleeast/syria/9728078/Zero-hour-Syrian-rebels-prepare-to-mount-Damascus-attack.html
2012-12-07,08:08:18,14ewum,134,Russian anchorman shot dead ,nytimes.com,http://www.nytimes.com/2012/12/07/world/europe/russia-anchorman-shot-dead.html?src=twrhp
2012-12-07,09:14:19,14f18n,129,Muslim women are removing their hijabs to improve job prospects,guardian.co.uk,http://www.guardian.co.uk/world/2012/dec/07/ethnic-minority-women-jobs-crisis#start-of-comments
2012-12-07,01:18:44,14e41q,101,"Drone in Iran Appears to Be U.S.-Made, Pentagon Says",businessweek.com,http://www.businessweek.com/news/2012-12-05/iran-says-it-pulled-data-from-drone-can-protect-airspace
2012-12-07,21:47:53,14fyne,81,"US, NATO behind 'insecurity' in Afghanistan, Karzai says",worldnews.nbcnews.com,http://worldnews.nbcnews.com/_news/2012/12/06/15717342-exclusive-us-nato-behind-insecurity-in-afghanistan-karzai-says
2012-12-07,16:45:47,14fptu,68,Japan Gets Hit with 7.3 Magnitude Earthquake,online.wsj.com,http://online.wsj.com/article/SB10001424127887324640104578164561908122342.html
2012-12-07,22:34:50,14g0t4,67,"China's Foreign Ministry lambasted the United States on Friday for ""disgusting"" comments by a U.S. official on the human rights situation in Tibet, saying it had prompted them to file a formal diplomatic complaint with Washington.",reuters.com,http://www.reuters.com/article/2012/12/07/us-china-usa-tibet-idUSBRE8B609B20121207
2012-12-07,23:20:50,14g35f,60,Royal prank call nurse found dead in suspected suicide,independent.co.uk,http://www.independent.co.uk/news/uk/home-news/nurse-who-took-prank-phone-call-at-duchess-of-cambridges-hospital-is-found-dead-in-suspected-suicide-8393289.html
2012-12-07,19:57:26,14fuzh,56,12 To 17-Year-Olds Are Smoking Less,businessinsider.com,http://www.businessinsider.com/12-to-17-year-olds-are-smoking-less-2012-12
2012-12-07,02:32:08,14e910,56,A Private Company Plans to go to the Moon by 2020.,washingtonpost.com,http://www.washingtonpost.com/national/health-science/golden-spike-space-tourism-company-to-the-moon/2012/12/06/52eedcc8-3fc3-11e2-ae43-cf491b837f7b_story.html
2012-12-07,08:47:11,14ezfw,51,"The Saudi government is placing its bets squarely on the country's abundant sunlight, as it seeks $109bn in investment to fire up its solar energy sector. A total of $136bn was invested worldwide in solar energy in 2011, underscoring the kingdom's determination to develop its own industry.",aljazeera.com,http://www.aljazeera.com/indepth/features/2012/12/201212681143678361.html
2012-12-07,02:52:07,14ead7,54,Harper sends warning to Israel over settlement plans - The Globe and Mail,theglobeandmail.com,http://www.theglobeandmail.com/news/politics/harper-sends-warning-to-israel-over-settlement-plans/article6016546/
2012-12-07,05:25:48,14elcz,50,China: Self-immolators and their abettors will be charged with murder,washingtonpost.com,http://www.washingtonpost.com/blogs/worldviews/wp/2012/12/06/china-self-immolators-and-their-abettors-will-be-charged-with-murder/?tid=socialss
2012-12-07,23:46:52,14g4m1,40,Nurse involved in Royal hoax call fiasco found dead.,bbc.co.uk,http://www.bbc.co.uk/news/uk-20645838
