2012-03-14,15:34:07,qvwgt,2481,Israel is planning to demolish 'illegal' solar panels that are the only source of electricity for Palestinians in West Bank villages,guardian.co.uk,http://www.guardian.co.uk/global-development/2012/mar/14/palestinians-prepare-to-lose-solar-panels
2012-03-14,20:50:39,qw3el,2242,Moroccan girl commits suicide after being forced by judge to marry her rapist.,english.alarabiya.net,http://english.alarabiya.net/articles/2012/03/14/200577.html
2012-03-14,03:28:35,quyle,1912,"French Surgeon, 71, Saves Lives in Syria:  Dr. Jacques Bérès, a veteran of war zones, left his comfortable Paris life last month to smuggle himself into Homs, the center of the Syrian revolt, to tend to the wounded and the sick. ",nytimes.com,http://www.nytimes.com/2012/03/13/world/europe/french-surgeon-jacques-beres-recalls-slipping-into-syria-last-month.html?ref=world&pagewanted=all
2012-03-14,06:27:23,qv80v,842,Encyclopedia Britannica halts print publication after 244 years,guardian.co.uk,http://www.guardian.co.uk/books/2012/mar/13/encyclopedia-britannica-halts-print-publication
2012-03-14,03:13:33,quxsv,628,Russia to finally send man to the Moon,telegraph.co.uk,http://www.telegraph.co.uk/science/space/9141416/Russia-to-finally-send-man-to-the-Moon.html
2012-03-14,10:39:28,qvkm4,541,Argentina's Supreme Court unanimously decriminalized abortion for rape victims,ft.com,http://www.ft.com/cms/s/0/d3483ac6-6d38-11e1-b6ff-00144feab49a.html#axzz1p3RivYYg
2012-03-14,21:48:28,qw5ez,465,"In a break with his past positions, Guatemala's president now wants to decriminalise drugs - and not just marijuana.",aljazeera.com,http://www.aljazeera.com/indepth/opinion/2012/03/2012312121319795314.html
2012-03-14,13:37:35,qvsqm,429,"Switzerland bus crash 'kills 28, including 22 children'",bbc.co.uk,http://www.bbc.co.uk/news/world-europe-17362643
2012-03-14,21:07:41,qw3yp,220,Chinese Premier Wen Jiabao: democracy in China is 'inevitable',telegraph.co.uk,http://www.telegraph.co.uk/news/worldnews/asia/china/9142831/Chinese-Premier-Wen-Jiabao-democracy-in-China-is-inevitable.html
2012-03-14,13:37:36,qvsqn,200,"
Teenager arrested for anti-war comments made on Facebook page",digitaljournal.com,http://digitaljournal.com/article/321102
2012-03-14,18:33:05,qw07w,181,Tsunami alert as 6.8 earthquake hits Japan,rt.com,http://rt.com/news/japan-earthquake-tsunami-alert-541/
2012-03-14,21:43:40,qw58f,175,Hundreds of bodies found in German University.,news.ninemsn.com.au,http://news.ninemsn.com.au/smartphone/article.aspx?id=8434928
2012-03-14,04:23:46,qv1l2,172,"A 12-year-old girl was arrested in Greece today after she tried to sell her baby to undercover police officers, Athens News reported. The baby was 10-weeks-old.",businessinsider.com,http://www.businessinsider.com/a-12-year-old-greek-girl-was-arrested-after-she-tried-to-sell-her-baby-2012-3?utm_source=feedburner&utm_medium=feed&utm_campaign=Feed%3A+businessinsider+%28Business+Insider%29
2012-03-15,04:51:43,qwpqu,74,"Chinese Premier Wen says China needs political reform, warns of another Cultural Revolution if without",news.xinhuanet.com,http://news.xinhuanet.com/english/china/2012-03/14/c_131466552.htm
2012-03-14,21:09:58,qw41c,51,"London Metropolitan Police officers assaulted a 16-year-old boy with severe autism by forcing him into handcuffs and leg restraints during a school trip, the High Court has ruled.",bbc.co.uk,http://www.bbc.co.uk/news/uk-england-london-17366756
2012-03-15,00:41:46,qwcyc,42,The Syrian story of truth and reality,clement.co.uk,http://www.clement.co.uk/2012/03/the-syrian-story-of-truth-and-reality/
2012-03-15,06:47:52,qwvoo,44,Canada to Allow Foreign Ownership for Small Telecoms,cbc.ca,http://www.cbc.ca/news/canada/story/2012/03/14/paradis-industry.html?cmp=rss
2012-03-15,04:27:37,qwoij,45,"Taking To The Streets --- 


Fabric of Greek democracy is unravelling. Savage cuts imposed by Europe. Politicians impotent, dismissed, loathed. Bailout or not, the political system is finished. Country stands on verge of radical social change",lrb.co.uk,http://www.lrb.co.uk/v34/n06/john-markakis/taking-to-the-streets
2012-03-14,21:28:42,qw4nj,37,"China possibly purchasing Russian SU-35 fighter because of problems with their own J-20 Stealth fighter. ""Reports have surfaced that at least one of the J-20 prototypes uses a Russian borrowed engine.""",the-diplomat.com,http://the-diplomat.com/flashpoints-blog/2012/03/13/should-russia-sell-su-35-to-china/
2012-03-14,23:02:46,qw8et,40,"Iran's parliament grilled President Mahmoud Ahmadinejad on Wednesday over a long list of accusations, including that he mismanaged the nation's economy and defied the authority of the country's supreme leader.",cbsnews.com,http://www.cbsnews.com/8301-202_162-57396977/ahmadinejad-defiant-in-iran-parliament-grilling/?tag=cbsnewsMainColumnArea
2012-03-15,05:17:31,qwr3v,36,"Putin Promises Science Boost, but Russian Researchers Skeptical of Ambitious Schemes - “Young scientists here have basically no opportunity to make ties with colleagues from N. America, Europe or Asia. It's a sad & stupid situation,”  says a scientist in St Petersburg. ",nature.com,http://www.nature.com/news/putin-promises-science-boost-1.10223
2012-03-14,23:42:55,qwa5d,39,"Ex-Murdoch scribe claims editor ""told me to bribe police""",reuters.com,http://www.reuters.com/article/2012/03/14/us-newscorp-hacking-bribes-idUSBRE82D0WR20120314
2012-03-14,18:41:40,qw0em,32,Congo warlord Thomas Lubanga convicted of using child soldiers,guardian.co.uk,http://www.guardian.co.uk/world/2012/mar/14/congo-thomas-lubanga-child-soldiers
2012-03-14,22:38:19,qw7ct,28,"The recent death of 5 prematurely born children in German city, Bremen due to infections acquired in the hospital has strengthened fears among environmental and health experts that massive use of antibiotics in industrial livestock farming is creating extremely resistant bacteria",ipsnews.net,http://www.ipsnews.net/news.asp?idnews=107060
2012-03-15,01:46:02,qwg4e,32,The case of a 16-year-old girl who killed herself after she was forced to marry her rapist has spurred outrage among Morocco's internet activists and calls for changes to the country's laws.,hosted.ap.org,http://hosted.ap.org/dynamic/stories/M/ML_MOROCCO_RAPE_OUTRAGE?SITE=RIPAW&SECTION=HOME&TEMPLATE=DEFAULT
2012-03-15,00:13:50,qwbmw,28,"As Syrians flee the increasing violence, and as government forces increase intensity of their crackdown, many refugees are discovering that Syrian forces have planted anti-personnel mines along the border — making their escape extremely dangerous.",theworld.org,http://www.theworld.org/2012/03/syria-military-idlib-turkey/
2012-03-15,04:57:22,qwq08,28,"Armed Bedouins surround international peacekeeping force in Sinai, where hundreds of Colombian, U.S., & Uruguayan soldiers are stationed to monitor compliance with an Israeli-Egyptian peace treaty",google.com,http://www.google.com/hostednews/ap/article/ALeqM5hIwYILIxRqFBSxilkYOkplJnRrKQ?docId=d4621aeabeb9466faf9dc448ccaca105
2012-03-14,13:45:35,qvt2l,27,Kony screening provokes anger in Uganda,aljazeera.com,http://www.aljazeera.com/news/africa/2012/03/201231432421227462.html#.T2AvIY6qtOQ.reddit
2012-03-14,17:54:40,qvzgv,21,BBC News - Sri Lanka's sinister white van abductions,bbc.co.uk,http://www.bbc.co.uk/news/world-asia-17356575
2012-03-14,10:46:56,qvkzq,22,Hundreds of human body parts found in basement of German university,guardian.co.uk,http://www.guardian.co.uk/world/2012/mar/13/body-parts-university-cologne-celllars
