2012-08-23,21:21:50,yoxb4,2900,"Tomorrow, a 100 year old mysterious package, its content unknown, will be opened in a museum in Norway. A true time capsule is revealed.",vg.no,http://www.vg.no/nyheter/innenriks/artikkel.php?artid=10060184
2012-08-23,06:15:32,ynqgt,2374,"Elderly woman ruins the classic painting ""Ecce Homo"" Beyond recognition. ",telegraph.co.uk,http://www.telegraph.co.uk/culture/art/9491391/Elderly-woman-destroys-19th-century-fresco-with-DIY-restoration.html
2012-08-23,17:23:08,yoqjp,814,"“We'll make a killing out of food crisis,” Glencore trading boss boasts, “Drought is good for business”",independent.co.uk,http://www.independent.co.uk/news/world/politics/well-make-a-killing-out-of-food-crisis-trading-boss-boasts-8073806.html
2012-08-23,20:58:03,yowg5,696,"SKorean judges block law requiring real names online, ruling it restricts freedom of speech",winnipegfreepress.com,http://www.winnipegfreepress.com/business/skorean-judges-block-law-requiring-real-names-online-ruling-it-restricts-freedom-of-speech-167157655.html
2012-08-23,02:16:00,yna7y,614,"'US not our daddy to punish us' - Ecuador FM Patino. Ecuador does not fear US revenge for granting asylum to Julian Assange: “We don’t think that any punishment is possible, nor do we think that there is a reason for revenge for Ecuador’s sovereign decision. The USA does it every day”",rt.com,http://rt.com/news/assange-ecuador-foreign-minister-interview-312/
2012-08-23,22:31:17,yp0cg,525,Russia to eliminate all its chemical weapons by 2015,itar-tass.com,http://www.itar-tass.com/en/c142/501635.html
2012-08-23,10:56:52,yo81y,513,Tobacco on Pace to Kill One Billion People This Century (crosspost from r/globalhealth),theatlantic.com,http://www.theatlantic.com/health/archive/2012/08/tobacco-on-pace-to-kill-one-billion-people-this-century/261385/
2012-08-23,20:04:01,yousu,484,"Swedish prosecutor: It is possible to interview Assange in London. We've done so in other cases. Still, Assange MUST come to Sweden and we won’t say why.",friatider.se,http://www.friatider.se/swedish-prosecutor-assange-must-come-to-sweden-but-we-wont-say-why
2012-08-23,18:25:56,yos8k,398,BBC News - Israel anger at S Africa 'Occupied Territories' labels,bbc.co.uk,http://www.bbc.co.uk/news/world-middle-east-19347577
2012-08-23,07:59:11,ynx4x,320,"Chinese Psych Treatments -   Each year 1,000s are forcibly locked in mental institutions.  A human-rights lawyer was walking down a street when he was grabbed &  tossed in one, where he was tied up, force-fed, & given injections. When released, he had no idea about what exactly had happened to him.
",thedailybeast.com,http://www.thedailybeast.com/articles/2012/08/22/chinese-government-institutionalizes-people-against-their-will-chinese-human-rights-defenders.html
2012-08-23,21:35:53,yoxvc,239,New immune-system disease found in Asians; causes AIDS-like symptoms in people without HIV,washingtonpost.com,http://www.washingtonpost.com/national/health-science/new-immune-system-disease-found-in-asians-causes-aids-like-symptoms-in-people-without-hiv/2012/08/22/e1b7eeee-ec95-11e1-866f-60a00f604425_story.html
2012-08-23,23:25:05,yp30x,204,"Nearly 60 percent of Jewish 12th-graders in Israel support the deportation of African refugees and almost half think their children should also be deported, according to a survey that will be presented at this year's Haifa Education Conference",haaretz.com,http://www.haaretz.com/news/national/most-israeli-12th-graders-support-deportation-of-african-refugees.premium-1.459813?localLinksEnabled=false
2012-08-23,12:09:18,yocfj,147,Massive student protests return to streets of Montreal: Thousands of students have rallied against tuition fee hikes in Quebec; demonstrators marched through downtown Montreal ahead of Quebec’s general election on Sept 4th,rt.com,https://rt.com/news/students-quebec-protest-tuition-343/
2012-08-23,21:45:46,yoy9v,140,"US, Pakistan should 'divorce,' ex-ambassador to Washington says: The United States and Pakistan should stop pretending they are allies and amicably ""divorce,"" Pakistan's former ambassador to Washington said on Wednesday, citing unrealistic expectations in both countries that include U.S.",worldnews.nbcnews.com,http://worldnews.nbcnews.com/_news/2012/08/23/13428824-us-pakistan-should-divorce-ex-ambassador-to-washington-says?lite&__utma=238145375.648346627.1342613021.1345725885.1345725892.19&__utmb=238145375.2.10.1345725892&__utmc=238145375&__utmx=-&__utmz=238145375.1344514702.5.5.utmcsr=reddit.com|utmccn=(referral)|utmcmd=referral|utmcct=/r/worldnews/&__utmv=238145375.|8=Earned%20By=msnbc%7Cbusiness=1^12=Landing%20Content=Mixed=1^13=Landing%20Hostname=www.msnbc.msn.com=1^30=Visit%20Type%20to%20Content=Internal%20to%20Mixed=1&__utmk=162171647
2012-08-23,04:00:38,ynh9v,133,"Canadian government drops environmental assessment of 492 projects, washes hands; dropped projects include those proven to cause damage to environment",vancouversun.com,http://www.vancouversun.com/technology/Feds+drop+environmental+assessment+projects/7126555/story.html
2012-08-23,15:01:18,yoljn,126,Robert Fisk: 'Rebel army? They're a gang of foreigners',independent.co.uk,http://www.independent.co.uk/opinion/commentators/fisk/robert-fisk-rebel-army-theyre-a-gang-of-foreigners-8073717.html
2012-08-23,01:13:41,yn6et,104,Aides to the British royal family are understood to have asked UK media organizations not to publish pictures of Prince Harry partying naked in Las Vegas,en.rian.ru,http://en.rian.ru/world/20120822/175366959.html
2012-08-23,21:58:49,yoyst,99,Islamist Mind Games: How Young German Men Are Lured into Jihad -  Young Muslim men in Germany are systematically trying to recruit their peers for jihad using sophisticated rhetoric and psychology and by targeting vulnerable youths who are searching for direction in life. ,spiegel.de,http://www.spiegel.de/international/germany/how-german-islamists-recruit-young-men-for-jihad-a-851393.html
2012-08-23,06:53:26,ynsu5,94,Report: Pacific Ocean Has 100x More Plastic Particles in it Than in the '70s,usnews.com,http://www.usnews.com/news/articles/2012/05/08/report-pacific-ocean-has-100-times-more-plastic-in-it-than-70s
2012-08-23,10:53:23,yo7tw,78,"In rare public rebuke, UN chief tells Iranian leaders to tone down rhetoric ",openchannel.nbcnews.com,http://openchannel.nbcnews.com/_news/2012/08/22/13419502-in-rare-public-rebuke-un-chief-tells-iranian-leaders-to-tone-down-rhetoric
2012-08-23,02:21:16,ynal5,65,The Syrian government is now using tanks and aircraft to shell Damascus,aljazeera.com,http://www.aljazeera.com/news/middleeast/2012/08/20128229218818879.html
2012-08-23,23:43:00,yp41h,59,Automated feed of /r/india to twitter ordered to be blocked by Government of India,economictimes.indiatimes.com,http://economictimes.indiatimes.com/news/politics/nation/government-blocks-twitter-handles-of-journalists-right-wing-groups--here-is-the-proof/articleshow/15617834.cms
2012-08-23,15:28:09,yomnj,53,Australia/NZ threatens telcos with mobile roaming price laws: Australia and New Zealand are considering legislation to prevent mobile carriers gouging customers when they use their phones overseas,theregister.co.uk,http://www.theregister.co.uk/2012/08/23/telco_roaming_down_under/
2012-08-23,18:55:33,yosy0,55,Son of Chechen Warlord Dies Fighting Assad - An International War,themoscowtimes.com,http://www.themoscowtimes.com/news/article/son-of-chechen-warlord-dies-fighting-assad/466997.html
2012-08-23,21:41:50,yoy45,48,France loosens job restrictions on Roma:  Prime minister's office says new sectors will be created where Europe's most marginalised ethnic group can seek work.,aljazeera.com,http://www.aljazeera.com/news/europe/2012/08/201282352721131548.html
2012-08-23,05:18:23,ynmlv,39,Chemical weapons 'excuse for US to intervene in Syria': Chinese state media have accused US President Barack Obama of planning to use Syria's chemical weapons as an excuse for intervening militarily.,bbc.co.uk,http://www.bbc.co.uk/news/world-middle-east-19345629
2012-08-23,09:11:54,yo1kh,37,Australian Government to begin investigation into overcharging for using mobile phones overseas.,news.com.au,http://www.news.com.au/technology/smartphones/travellers-charged-thousands-for-using-mobiles-overseas/story-fn6vihic-1226456146618
2012-08-23,08:17:53,ynycj,39,More South African miners down tools as industrial unrest spreads ,guardian.co.uk,http://www.guardian.co.uk/business/2012/aug/22/unrest-among-south-african-miners-spreading
2012-08-23,21:38:38,yoxz7,40,Australian minister declares end of mining resources boom,guardian.co.uk,http://www.guardian.co.uk/world/2012/aug/23/australia-mining-boom-end
2012-08-23,12:35:57,yoe29,36,Human rights critics of Russia and Ecuador parade their own hypocrisy,guardian.co.uk,http://www.guardian.co.uk/commentisfree/2012/aug/21/human-rights-critics-russia-ecuador?mi830
