2012-10-15,21:20:11,11iag7,2752,"The shadow of ACTA is back in Europe, disguised as CETA (Canada-European Union and Trade Agreement): A comparison of the leaked draft CETA shows it includes a number of the same controversial provisions, specifically concerning criminal enforcement, private enforcement by ISPs, and harsh damages.",eff.org,https://www.eff.org/deeplinks/2012/10/ceta-replicates-acta
2012-10-15,20:09:05,11i8k3,1240,"Controversial US businessman dumped 100 tonnes of iron sulphate off Canadian coast in world's largest ever geoengineering experiment, in what lawyers are calling a ""blatant violation"" of international bans",guardian.co.uk,http://www.guardian.co.uk/environment/2012/oct/15/pacific-iron-fertilisation-geoengineering
2012-10-15,04:33:55,11h1dh,888,"Muslims protest 'age of mockery' as thousands 
descend on Google HQ - Telegraph",telegraph.co.uk,http://www.telegraph.co.uk/news/9607763/Muslims-protest-age-of-mockery-as-thousands-descend-on-Google-HQ.html
2012-10-15,03:24:55,11gwvh,376,Skydiver Felix Baumgartner lands highest ever jump,bbc.co.uk,http://www.bbc.co.uk/news/science-environment-19943590
2012-10-15,15:21:37,11i1tr,301,Over 100 militants attack Pakistani police station killing six policemen. Two of the killed policemen were beheaded,usatoday.com,http://www.usatoday.com/story/news/world/2012/10/15/pakistan-militants-police/1633881/?utm_source=feedburner&utm_medium=feed&utm_campaign=Feed%3A+UsatodaycomWorld-TopStories+%28News+-+World+-+Top+Stories%29
2012-10-15,21:28:17,11iaqs,244,Pakistani teen activist on way to Britain to recover from shooting by Taliban ,cnn.com,http://www.cnn.com/2012/10/15/world/asia/pakistan-teen-activist-attack/index.html?hpt=hp_t1
2012-10-15,16:51:39,11i4qi,224,"Student rejected from entry into medicine, pretends to be medical student for 2 years going to classes, labs, tutorials",tvnz.co.nz,http://tvnz.co.nz/national-news/fake-medical-student-had-access-confidential-material-5132757
2012-10-15,09:54:45,11hkhw,197,"Gurkha ignores knife wound to trap his mugger for 15 minutes while blade was stuck in his arm
",dailymail.co.uk,http://www.dailymail.co.uk/news/article-2217460/Gurkha-ignores-knife-wound-trap-mugger-15-minutes-blade-stuck-arm.html
2012-10-15,18:07:48,11i66x,140,"Fukushima disaster could have been avoided, nuclear plant operator admits",guardian.co.uk,http://www.guardian.co.uk/environment/2012/oct/15/fukushima-disaster-avoided-nuclear-plant?CMP=twt_gu
2012-10-15,03:06:56,11gw19,122,Malaysian transsexuals lose case against Islamic law that states men cannot wear women's clothes,bangkokpost.com,http://www.bangkokpost.com/breakingnews/316652/malaysian-transsexuals-lose-cross-dressing-case
2012-10-15,19:28:02,11i7u1,117,Austerity-weary Lithuania elects new left-wing govt,france24.com,http://www.france24.com/en/20121015-austerity-weary-lithuania-elects-new-left-wing-govt
2012-10-15,17:14:19,11i57o,112,"Using Illegal Drugs Is Like Gambling Or Eating Junk Food, Says UK Drug Policy Commission",huffingtonpost.co.uk,http://www.huffingtonpost.co.uk/2012/10/15/drugs-policy-rethink-gambling-junk-food-drug-policy-commission_n_1965916.html?1350280881&utm_hp_ref=uk
2012-10-15,17:23:33,11i5ee,105,Turkey bans all Syrian aircraft from entering its airspace.,nytimes.com,http://www.nytimes.com/2012/10/15/world/middleeast/turkey-bans-all-syrian-aircraft-as-tension-over-war-escalates.html?nl=todaysheadlines&emc=edit_th_20121015
2012-10-15,02:55:41,11gvhk,105,Iran acknowledges arming Hizbollah with drone,thehindu.com,http://www.thehindu.com/news/international/iran-acknowledges-arming-hizbollah-with-drone/article3997113.ece
2012-10-15,21:44:08,11ibai,102,"""Wildlife experts say the number of tigers in Asia has fallen sharply in recent years due to habitat loss and poaching. Skins and body parts are sold to medicinal and souvenir markets, mainly in China.""",thediplomat.com,http://thediplomat.com/asean-beat/2011/05/27/vietnam-laos-and-wildlife/
2012-10-15,06:32:03,11h8i2,88,"Food Prices: ""Bread, coffee & fresh fruit have become a bit of a luxury"" - 
Affordability is now the key factor for grocery shoppers, with ethical considerations least important",guardian.co.uk,http://www.guardian.co.uk/environment/2012/oct/12/food-prices-affordability-ethical?intcmp=122
2012-10-15,04:33:57,11h1di,82,"Flemish separatists score wins in Belgian local election - BRUSSELS (Reuters) - A party that wants to split Belgium scored major victories in municipal elections on Sunday and its leader was set to become mayor of the country's second city, raising the pressure on a fragmented national government.",reuters.com,http://www.reuters.com/article/2012/10/14/us-belgium-elections-idUSBRE89D0F020121014
2012-10-15,05:55:10,11h6c4,82,'Guinea worm' close to extinction,aljazeera.com,http://www.aljazeera.com/video/africa/2012/10/20121013212949424996.html
2012-10-15,21:54:48,11ibo5,69,Referendum in Place for Scottish Independence,bbc.co.uk,http://www.bbc.co.uk/news/uk-scotland-scotland-politics-19942638
2012-10-15,20:00:12,11i8dk,56,Scotland moves step closer to independence vote,reuters.com,http://www.reuters.com/article/2012/10/15/us-britain-scotland-idUSBRE89D0JL20121015
2012-10-15,08:09:42,11he5r,48,"Lithuanians ditch government in verdict on austerity - VILNIUS (Reuters) - Lithuania's opposition prepared to take power on Monday after voters rejected the austerity-minded government, a foretaste of what may await other European leaders forced to make unpopular cuts by the financial crisis.",news.yahoo.com,http://news.yahoo.com/lithuanians-ditch-government-verdict-austerity-222309926--sector.html
2012-10-15,13:43:57,11hxm0,41,"Prehistoric man ate panda, claims scientist. Excavated panda fossils show early humans used the bears as food in what is now south-west China, says Chinese scientist",guardian.co.uk,http://www.guardian.co.uk/world/2012/oct/14/prehistoric-man-ate-panda-claim
2012-10-15,04:49:21,11h2e6,42,"Libya Congress Elects Rights Lawyer Prime Minister - TRIPOLI, (AP)  Libya's 200-member General National Congress has elected a former congressman and human rights lawyer as the country's new prime minister.",abcnews.go.com,http://abcnews.go.com/International/wireStory/libya-congress-elects-rights-lawyer-prime-minister-17476267
2012-10-15,13:13:49,11hw0u,42,"14 Year Old Pakistani Activist Malala Yousafzai Has Been Sent To The UK For Treatment
| Reuters",reuters.com,http://www.reuters.com/article/2012/10/15/us-pakistan-girl-idUSBRE89E02X20121015
2012-10-15,00:20:00,11gnsx,36,Imran Khan says Taliban's 'holy war' in Afghanistan is justified by Islamic law. Pakistani politician's comments at hospital that treated shooting victim Malala Yousafzai outrage Afghanistan's government,guardian.co.uk,http://www.guardian.co.uk/world/2012/oct/14/imran-khan-taliban-afghanistan-islam
2012-10-15,15:18:10,11i1pb,32,"200 Muslim rebels arrive to sign Philippine pact
",bigstory.ap.org,http://bigstory.ap.org/article/200-muslim-rebels-arrive-manila-sign-pact
2012-10-15,16:19:36,11i3r2,30,"Philippines and Muslim rebels sign key peace plan - The Philippines has signed a framework peace plan with the country's largest Muslim rebel group, the Moro Islamic Liberation Front (MILF).",bbc.co.uk,http://www.bbc.co.uk/news/world-asia-19944101
2012-10-15,14:45:18,11i0go,26,"Saudis Arabia 'insulted' by a UK parliamentary inquiry into how the UK deals with the country and Bahrain. Saudi officials have told the BBC they are now ""re-evaluating their country's historic relations with Britain"" and that ""all options will be looked at""",bbc.co.uk,http://www.bbc.co.uk/news/uk-politics-19943865
2012-10-15,23:19:54,11ifct,26,Mo Ibrahim prize for African leadership: No winner,bbc.co.uk,http://www.bbc.co.uk/news/world-africa-19946106
2012-10-15,15:16:17,11i1mp,24,Tension escalates along Turkey-Syria border,latimes.com,"http://www.latimes.com/news/nationworld/world/la-fg-turkey-syria-escalate-20121015,0,4238026.story"
