2012-10-28,23:45:06,127zwb,2895,"Canadian police need new internet surveillance tools, say chiefs: Bill C-30 would give them access to internet communications without a warrant",cbc.ca,http://www.cbc.ca/news/canada/british-columbia/story/2012/10/26/bc-jim-chu-internet-surveillance.html
2012-10-28,11:27:58,127d3x,2760,"7.7 in British Columbia, Canada",earthquake.usgs.gov,http://earthquake.usgs.gov/earthquakes/eventpage/usb000df7n#summary
2012-10-28,07:00:54,126zeb,2291,"Arrest warrant issued for Greek journalist who published list of Greek nationals holding Swiss accounts, including the Speaker of the Greek Parliament.",nytimes.com,http://www.nytimes.com/2012/10/28/world/europe/list-of-swiss-accounts-turns-up-the-heat-in-greece.html
2012-10-28,01:17:40,126dtq,1891,"Relatives of Wen Jiabao (China's prime minister), including his son, daughter, younger brother, mother and brother-in-law, have become extraordinarily wealthy during his leadership. A review of records indicates that the prime minister’s relatives have controlled assets worth at least $2.7 billion.",nytimes.com,http://www.nytimes.com/2012/10/26/business/global/family-of-wen-jiabao-holds-a-hidden-fortune-in-china.html?hp&pagewanted=all&_r=0
2012-10-28,23:21:16,127yrc,1481,Greece is putting immigrants in camps and shipping them off while the police force is overrun with Golden Dawn fascists.,bbc.co.uk,http://www.bbc.co.uk/news/world-20105881
2012-10-28,04:12:36,126qew,1021,24 year old student faces extradition to the U.S. and 10 years prison for hosting a site with links to tv shows but no actual copyrighted content,belfasttelegraph.co.uk,http://www.belfasttelegraph.co.uk/news/local-national/uk/mother-of-tvshacks-richard-odwyer-says-plan-to-give-uk-citizens-new-extradition-protections-will-come-too-late-for-her-son-16225836.html
2012-10-28,22:48:49,127xe3,748,"Soviet Missile Base Spy Planes Never Saw - It was top-secret in 1959 & remains almost completely unknown. A crumbling, beautiful, eerie place. Photos & posters scattered in derelict buildings. Hard to think terror could've been unleashed from here. ",bbc.co.uk,http://www.bbc.co.uk/news/magazine-20079147?1
2012-10-28,17:23:33,127p7f,474,Fighting a rape epidemic in India,nytimes.com,http://www.nytimes.com/2012/10/28/world/asia/a-village-rape-shatters-a-family-and-indias-traditional-silence.html?nl=todaysheadlines&emc=edit_th_20121028
2012-10-28,23:32:20,127zb4,381,"A Village Rape Shatters a Family, and India’s Traditional Silence",nytimes.com,http://www.nytimes.com/2012/10/28/world/asia/a-village-rape-shatters-a-family-and-indias-traditional-silence.html
2012-10-28,01:52:36,126inb,365,"Thailand arrests lorry driver after 16 tiger cubs discovered in the back of his vehicle packed into 8 plastic crates -  He told police he'd been paid 15,000 baht ($490; £300) to transport the cubs.  Only 6 subspecies of tiger remain in the wild, with less than 1,000 tigers left in each group.",bbc.co.uk,http://www.bbc.co.uk/news/world-asia-20111464#sa-ns_mchannel=rss&ns_source=PublicRSS20-sa
2012-10-28,23:24:48,127yxj,336,Assisted suicide clinic Dignitas says healthy people should be free to choose to die,thesundaytimes.co.uk,http://www.thesundaytimes.co.uk/sto/news/uk_news/Health/article1156690.ece
2012-10-28,02:26:46,126kjy,233,"Pensions: Retired people should work for their pensions, says Lord Bichard. The fact that pensioners already have worked for their pension doesn't detain him. Pensioners are a ""negative burden"" on the state, who need to be ""incentivised"" into doing jobs that young people could do for a wage.",guardian.co.uk,http://www.guardian.co.uk/commentisfree/2012/oct/26/pensions-technocrats-lord-bichard
2012-10-28,01:47:49,126f90,189,"Tens of thousands protest against austerity in Rome. Tens of thousands of people marched through Rome in a ""No Monti Day"" on Saturday, some throwing eggs and spraying graffiti to protest against austerity measures introduced by Prime Minister Mario Monti's government.
| Reuters",uk.reuters.com,http://uk.reuters.com/article/2012/10/27/uk-italy-demonstration-idUKBRE89Q0AL20121027
2012-10-28,11:50:04,127e73,181,Tsunami Warning for Alaska and BC,google.org,http://www.google.org/publicalerts/alert?aid=e03a6e895721fff1&hl=en&gl=CA&source=web
2012-10-28,23:39:44,127zn1,127,Japan Was the First to Ratify ACTA. Will They Join TPP Next? ,eff.org,https://www.eff.org/deeplinks/2012/10/japan-ratify-acta-will-they-join-tpp-next
2012-10-28,23:28:32,127z4h,111,Berlusconi 'declares war' against Italian government,mg.co.za,http://mg.co.za/article/2012-10-28-berlusconi-declares-war-against-italian-government
2012-10-28,04:40:17,126rxt,87,Spain police thwart mass march to parliament - Thousands of anti-austerity protesters held back from surrounding Madrid's legislature to denounce government cutbacks.,aljazeera.com,http://www.aljazeera.com/news/europe/2012/10/20121027185635884352.html
2012-10-28,13:54:24,127jfd,83,"Canals may have sped up building of wonder of the world Angkor Wat: Scientists have discovered the secret that allowed Angkor Wat, a famous 1,000 year old temple complex in Cambodia, to be constructed far faster than should have been possible – canals. ",telegraph.co.uk,http://www.telegraph.co.uk/news/worldnews/asia/cambodia/9638352/Canals-may-have-sped-up-building-of-wonder-of-the-world-Angkor-Wat.html
2012-10-28,21:44:18,127v0j,84,Beersheba schools close after early morning rocket attacks | The Times of Israel,timesofisrael.com,http://www.timesofisrael.com/beersheba-schools-closed-after-early-morning-rocket-attack/
2012-10-28,09:36:56,1277kf,66,"Norway's New Foreign Minister:  ""Exploitation of Arctic Resources Will Happen,"" when reminded  the British parliament  calls drilling for oil & natural gas in the Arctic a ""reckless gold rush"".  He doesn't see Norway as reckless. ""The Arctic is not special in legal terms; it is just an ocean.""",spiegel.de,http://www.spiegel.de/international/world/interview-norway-s-foreign-minister-espen-barth-eide-on-arctic-drilling-a-863558.html?1
2012-10-28,22:45:57,127x9v,71,"In world first, biggest refugee camp gets university: The campus is being set up in Kenya near the Dadaab refugee camp, home to more than 500,000 people sheltering from Somali conflict",csmonitor.com,http://www.csmonitor.com/World/Africa/2012/1027/In-world-first-biggest-refugee-camp-gets-university
2012-10-28,02:28:45,126koi,62,The human cost of austerity - Rates of suicide and depression are on the rise in Spain as the unemployment figures there hit a record high. ,aljazeera.com,http://www.aljazeera.com/programmes/insidestory/2012/10/2012102781738925271.html
2012-10-28,05:25:15,126ud7,61,Albino models setting the trend for Africa,bbc.co.uk,http://www.bbc.co.uk/news/world-africa-20096144
2012-10-28,04:09:08,126q8g,62,China’s export limits on rare earth minerals backfire as its monopoly erodes.,washingtonpost.com,http://www.washingtonpost.com/business/economy/as-candidates-promise-a-crackdown-chinas-advantage-erodes-in-a-key-area/2012/10/26/2363a766-1a18-11e2-bd10-5ff056538b7c_story.html?hpid=z2
2012-10-28,04:36:40,126rqv,59,"Burma's leader admits deadly attacks on Muslims: Satellite images show huge swath of coastal town destroyed in a wave of violence which has left dozens dead
",guardian.co.uk,http://www.guardian.co.uk/world/2012/oct/27/burma-wave-anti-muslim-violence#
2012-10-28,23:22:59,127yud,55,"
Full narrative of Alps killings is revealed
",independent.co.uk,http://www.independent.co.uk/news/world/europe/full-narrative-of-alps-killings-is-revealed-8229438.html
2012-10-28,11:53:01,127ecc,48,"Magnitude 7.7 earthquake hits Canada's British Columbia, tsunami warning",reuters.com,http://www.reuters.com/article/2012/10/28/us-quake-canada-idUSBRE89R01D20121028
2012-10-28,14:01:22,127jo4,46,Australia PM Julia Gillard outlines Asia manifesto:  Australian PM Julia Gillard has outlined a major foreign policy plan aimed at improving Asian ties.,bbc.co.uk,http://www.bbc.co.uk/news/world-asia-20114032
2012-10-28,06:36:18,126y4b,38,"Alps murder victim may have had access to part of Saddam Hussein's fortune - 
A British engineer murdered in the French Alps may have had access to part of the multi-million pound fortune.  Iraqi-born Saad Al-Hilli died in a blaze of gunfire alongside his wife, mother-in-law, & a French cyclist.",telegraph.co.uk,http://www.telegraph.co.uk/news/worldnews/europe/france/9638566/Claims-emerge-Alps-murder-victim-may-have-had-access-to-part-of-Saddam-Husseins-fortune.html
2012-10-28,16:41:09,127obn,38,The doormen who police the morals of Cairo's blocks of flats,bbc.co.uk,http://www.bbc.co.uk/news/magazine-20098376
