2012-07-23,04:52:01,wz8cb,3269,"Super rich hiding up to $32 trillion offshore, which amounts to roughly the US and Japanese GDP combined. Up to $280bn is lost in tax revenues. Some of the world's biggest banks are involved: HSBC, Citigroup, Bank of America, UBS, Credit Suisse",aljazeera.com,http://www.aljazeera.com//news/europe/2012/07/2012722145418435676.html
2012-07-23,19:52:19,x0e4g,1691,Israel orders demolition of 8 palestinian villages claims need for idf training land,haaretz.com,http://www.haaretz.com/news/diplomacy-defense/israel-orders-demolition-of-8-palestinian-villages-claims-need-for-idf-training-land-1.453015
2012-07-23,20:25:21,x0f0a,1627,"Anthrax Hits Glasgow: The Story of a Desperate Hunt for its Source - When heroin users in Scotland began dying from a powerful infection, health officials were alarmed to find the culprit was anthrax. A desperate hunt for the source involved police, microbiologists & bioweaponeers.",wired.co.uk,http://www.wired.co.uk/magazine/archive/2012/08/features/anthrax-has-hit-glasgow
2012-07-23,21:57:15,x0hzp,953,Syria says will use chemical weapons if attacked ,news.yahoo.com,http://news.yahoo.com/syria-says-chemical-weapons-attacked-103925213.html
2012-07-23,20:59:40,x0g00,657,"Farmers armed with machineguns, rocket-propelled grenades and mortars forced government troops to abandon an operation to destroy their illegal cannabis crop in Lebanon's Bekaa Valley on Monday",reuters.com,http://www.reuters.com/article/2012/07/23/us-lebanon-clashes-drugs-idUSBRE86M0DA20120723
2012-07-23,12:44:04,wzyd6,661,"Officials: Egypt allowing Palestinians to enter without permits, visas, ending Gaza blockade - Yahoo! News",news.yahoo.com,http://news.yahoo.com/officials-egypt-allowing-palestinians-enter-without-permits-visas-022152365.html
2012-07-23,19:50:31,x0e2y,569,Germany and IMF to Refuse Greece Further Financial Aid,spiegel.de,http://www.spiegel.de/international/europe/germany-and-imf-to-refuse-greece-further-financial-aid-reports-say-a-845860.html
2012-07-23,01:52:25,wyz5w,365,Japan police arrest 4 journalists for selling a magazine issue that focused on how to backup DVDs. They might also arrest the CEO of Amazon Japan. They violated Japan's Unfair Competition Prevention Law that was recently revised to make illegal the sale of any DRM circumvention device or software.,blog.wired.it,http://blog.wired.it/otakunews/2012/07/20/japan-police-arrest-anti-drm-journalists.html
2012-07-23,06:22:47,wzdd1,353,"Libor arrests in US could be imminent, say sources",guardian.co.uk,http://www.guardian.co.uk/business/2012/jul/22/libor-arrests-us-sources
2012-07-23,19:28:26,x0djg,317,"Affluent Vietnamese Driving Rhino Horn Poaching in South Africa - 
Conspicuous consumption from a growing middle class is opening a new market in the illegal wildlife trade.  Several Vietnamese diplomats have been recalled after being caught with rhino horn.",guardian.co.uk,http://www.guardian.co.uk/environment/2012/jul/23/vietnam-rhino-horn-poaching-south-africa?intcmp=122
2012-07-23,12:11:20,wzwlb,317,"Greece now in ""Great Depression"" - Greek Prime Minister",news.yahoo.com,http://news.yahoo.com/greek-pm-sees-country-great-depression-123450025.html
2012-07-23,19:21:05,x0dci,302,"Tens of thousands protest in Mexico against new president: At least 32,000 protesters marched through Mexico City on Sunday to protest the “imposition” of the new president. They accuse president-elect Enrique Pena Nieto, a member of the old ruling party, of electoral fraud",rt.com,http://www.rt.com/news/mexico-protests-presidential-election-831/
2012-07-23,23:20:11,x0llo,253,"German intelligence: al-Qaeda all over Syria among rebels. Reports say these groups complicit in massacres. German Gov't notes the content of these reports was to remain classified ""by reason of national interest"".",atimes.com,http://www.atimes.com/atimes/Middle_East/NG24Ak02.html
2012-07-23,07:58:32,wzijb,241,The Swedish Young Pirates association was evicted from a municipal festival for giving out free waffles; they were targeted with eviction because the traditional festival waffle makers couldn't get paid anymore,torrentfreak.com,https://torrentfreak.com/young-pirates-evicted-from-festival-for-giving-out-free-waffles-120722/
2012-07-23,06:57:55,wzf9r,143,"‘Disgusted’ by Her Dating, Man Beheads His Daughter, 20, In India",nytimes.com,http://www.nytimes.com/2012/06/20/world/asia/india-disgusted-by-her-dating-man-beheads-his-daughter-20.html?src=recg
2012-07-23,13:05:28,wzzmt,126,Belize Ponders Marijuana Decriminalization,stopthedrugwar.org,http://stopthedrugwar.org/chronicle/2012/jul/20/belize_ponders_marijuana_decrimi
2012-07-23,03:16:37,wz3dj,114,BBC News - Tax havens: Super-rich 'hiding' at least $21tn,bbc.co.uk,http://www.bbc.co.uk/news/business-18944097
2012-07-23,02:38:57,wz1id,102,"Prosecutors, regulators close to making Libor arrests",reuters.com,http://www.reuters.com/article/2012/07/22/us-banking-libor-criminal-idUSBRE86L0CC20120722?feedType=RSS&feedName=businessNews&utm_source=dlvr.it&utm_medium=twitter&dlvrit=56943
2012-07-23,07:55:25,wzid6,90,An Israeli lawmaker has torn up a copy of the New Testament in front of cameras in his parliament office.,news.yahoo.com,http://news.yahoo.com/religious-israeli-lawmaker-tears-testament-101541114.html
2012-07-23,08:54:43,wzlj1,84,"Food price crisis feared as erratic weather wreaks havoc on crops:
'What the world economy really needs right now is a break', one economist says, but instead it appears headed toward upheaval
",guardian.co.uk,http://www.guardian.co.uk/environment/2012/jul/22/food-price-crisis-weather-crops
2012-07-23,08:12:24,wzjbd,76,This is how racism takes root,guardian.co.uk,http://www.guardian.co.uk/commentisfree/2012/jul/22/how-racism-takes-root
2012-07-23,21:38:53,x0hcs,70,First fuel rods removed from Fukushima Daiichi plant,newfuelist.com,http://www.newfuelist.com/link/~5mm3#.UA1Fwo4RvP0
2012-07-23,04:48:54,wz85p,62,"Japanese workers told to underplay Fukushima radiation dosage: A subcontractor urged workers at Japan's stricken Fukushima nuclear power plant to put lead around radiation detection devices in order to stay under a safety threshold for exposure, according to reports",worldnews.nbcnews.com,http://worldnews.nbcnews.com/_news/2012/07/22/12884007-reports-workers-told-to-underplay-fukushima-radiation-dosage
2012-07-24,03:20:09,x1043,51,Palestinian prisoner ends 102-day hunger strike - longest hunger strike in human history,english.al-akhbar.com,http://english.al-akhbar.com/content/palestinian-prisoner-ends-102-day-hunger-strike
2012-07-23,20:56:44,x0fw8,51,Japanese authorities investigate bogus readings at Fukushima plant:  Subcontractors accused of covering gauges with lead plates so they could remain longer at the tsunami-hit plant,guardian.co.uk,http://www.guardian.co.uk/world/2012/jul/22/japan-inquiry-fukushima-scam
2012-07-23,02:45:52,wz1tw,44,2nd Israeli man sets himself ablaze in protest,cbsnews.com,http://www.cbsnews.com/8301-501713_162-57477418/2nd-israeli-man-sets-himself-ablaze-in-protest/?utm_source=feedburner&utm_medium=feed&utm_campaign=Feed%3A+cbsnews%2Ffeed+%28CBSNews.com%29&utm_content=Google+Reader
2012-07-23,15:11:06,x05lz,30,"Beijing's worst storms for 60 years kill at least 37.
Thousands left stranded at Beijing airport as authorities warn more rain and flooding may be on its way
",guardian.co.uk,http://www.guardian.co.uk/world/2012/jul/22/beijing-storms-kill-37
2012-07-23,23:11:37,x0l6u,28,"Syria says could use chemical arms against foreign intervention
",reuters.com,http://www.reuters.com/article/2012/07/23/us-syria-crisis-idUSBRE8610SH20120723
2012-07-23,05:56:14,wzbz3,26,"Is the WWF too close with industry? - Does the WWF cooperate with ""the biggest environmental sinners on the planet""? Author Wilfried Huismann says yes, and his dispute with the WWF about its agenda and industry ties has escalated. ",dw.de,"http://www.dw.de/dw/article/0,,16117590,00.html"
2012-07-23,15:56:00,x07cp,23,Super rich hold $32 trillion in offshore havens,reuters.com,http://www.reuters.com/article/2012/07/22/us-offshore-wealth-idUSBRE86L03U20120722
