2012-03-01,21:46:51,qcw6d,2274,Megaupload Founder Defeats US Govt Attempts To Put Him Back In Prison,torrentfreak.com,https://torrentfreak.com/megaupload-founder-defeats-us-govt-attempts-to-put-him-back-in-prison-120229/
2012-03-01,09:52:35,qc8zo,2093,"End 'destructive' war on pot, panel urges Canadian PM -  News",news.ca.msn.com,http://news.ca.msn.com/top-stories/end-destructive-war-on-pot-panel-urges-harper
2012-03-01,22:10:20,qcwv2,394,Australian philosophers have published an article advocating for the moral right to a post-birth abortion,smh.com.au,http://www.smh.com.au/national/health/philosophers-claim-over-moral-right-to-kill-newborns-sparks-outrage-20120301-1u61l.html
2012-03-01,21:50:04,qcw9x,288,SOPA Ireland’ Signed Into Law: Ireland has passed new legislation that allows copyright holders to force Internet providers to block ‘pirate’ websites,torrentfreak.com,https://torrentfreak.com/sopa-ireland-signed-into-law-120229/
2012-03-02,00:44:41,qd2yk,278,A couple who tortured and killed 15-year-old Kristy Bamu in their London flat after accusing him of witchcraft have been found guilty of murder,globalpost.com,http://www.globalpost.com/dispatch/news/regions/europe/united-kingdom/120301/uk-couple-found-guilty-kristy-bamu-witchcraft-murder
2012-03-02,05:04:09,qdfop,218,"Britain was no longer safe territory for Murdoch Jr. Described in the Commons as ""the first mafia boss in history who didn't know he was running a criminal enterprise""",independent.co.uk,http://www.independent.co.uk/opinion/commentators/james-cusick-britain-was-no-longer-safe-territory-for-murdoch-jr-7466981.html
2012-03-01,09:54:59,qc93z,168,"Anger Erupts Again Over China's Bear Bile Farms - In a secretly shot video, a Chinese farmer holds up a bag of yellowish bile he has just extracted from a caged bear ",bbc.co.uk,http://www.bbc.co.uk/news/world-asia-china-17188043
2012-03-02,00:28:01,qd26h,164,Only 19% of Israelis Support a Unilateral Strike on Iran,theatlantic.com,http://www.theatlantic.com/international/archive/2012/03/why-israeli-public-opinion-opposes-a-strike-on-iran/253842/
2012-03-01,21:27:40,qcvni,140,"With the Eurovision Song Contest fast approaching, the government of Azerbaijan has ruthlessly evicted an estimated 60,000 people from their homes near downtown Baku.",theatlanticcities.com,http://www.theatlanticcities.com/housing/2012/02/mass-evictions-baku-eurovision-nears/1360/
2012-03-01,02:55:45,qbny3,108,"British Lord forced to resign after ""Israel will not last"" claim",english.al-akhbar.com,http://english.al-akhbar.com/content/british-lord-forced-resign-after-israel-will-not-last-claim
2012-03-01,21:45:30,qcw56,108,"My Drone War --- 


What it's like when America's secret war, conducted by remote control, comes to your neighbourhood. ""Then I heard the buzzing, far above our heads – like a bee, but heavier and unceasing, drifting in and out""",foreignpolicy.com,http://www.foreignpolicy.com/articles/2012/02/27/my_drone_war?page=full
2012-03-01,20:27:32,qcu6r,103,"‘Irish SOPA’ made law 
",rt.com,http://rt.com/news/irish-sopa-made-law-597/
2012-03-01,23:43:04,qd094,97,Unemployment in Europe has risen to its highest level since the introduction of the euro.,nytimes.com,http://www.nytimes.com/2012/03/02/business/global/unemployment-and-inflation-rise-in-euro-zone.html?_r=1&ref=business
2012-03-01,20:26:13,qcu5m,88,Russia upgrades radar station in Syria to aid Iran,washingtontimes.com,http://www.washingtontimes.com/news/2012/feb/29/russia-upgrades-radar-station-syria-aid-iran/
2012-03-01,08:39:00,qc5fo,88,Dutch mobile euthanasia clinic ready to go: Life-end Clinic will send teams to the homes of patients' whose doctors refuse to carry out the procedure,globalpost.com,http://www.globalpost.com/dispatch/news/regions/europe/120229/dutch-mobile-euthanasia-clinic-ready-go
2012-03-02,02:32:49,qd84e,79,Qatar crosses the Syrian Rubicon: £63m to buy weapons for the rebels,guardian.co.uk,http://www.guardian.co.uk/world/2012/mar/01/syria-conflict-rebels-qatar-weapons
2012-03-02,05:24:49,qdgpz,80,"Iran recently offered to supply Pakistan with tens of thousands barrels of oil per day, a Pakistani official said Thursday. The deal would help ease the country's chronic energy shortages while guaranteeing Tehran a home for some of its crude.",hosted.ap.org,http://hosted.ap.org/dynamic/stories/M/ML_IRAN_PAKISTAN_ENERGY_TIES?SITE=RIPAW&SECTION=HOME&TEMPLATE=DEFAULT
2012-03-01,21:47:37,qcw74,53,"In A Baghdad ER --- 


Iraqi junior doctor describes dealing with female patients. Lots brought in after attempted suicides. Stopping them dying is beginning and end of treatment. Abused and damaged women are then returned whence they came",atwar.blogs.nytimes.com,http://atwar.blogs.nytimes.com/2012/02/27/in-a-baghdad-e-r-womens-psychological-wounds-go-untreated/
2012-03-02,03:07:18,qd9v9,52,Indonesia's Endangered Sumatran Tiger's Habitat Pulped for Paper -  Threatened trees in the rainforest are being illegally chopped down & sent to factories to be turned into paper (With Video),guardian.co.uk,http://www.guardian.co.uk/environment/2012/mar/01/indonesia-tiger-habitat-pulp-paper-greenpeace?intcmp=122
2012-03-01,19:27:26,qcsyb,52,China drafts legal proposal to completely shut down genetically engineered rice,greenpeace.org,http://www.greenpeace.org/eastasia/news/blog/china-drafts-legal-proposal-to-completely-shu/blog/39139/
2012-03-01,21:29:41,qcvph,47,Pakistan rejects US pressure on Iran-Pakistan gas pipeline project,thenews.com.pk,http://www.thenews.com.pk/article-37723-Iran-gas-deal-in-national-interest:-Khar#.T095pYuV7IY.reddit
2012-03-02,00:08:28,qd1b5,40,"The Warlord and the Basketball Star — Dikembe Mutombo and an energy executive tried to buy gold in Kenya, only to find themselves mired in Congo's dangerous world of conflict minerals -- and totally outmatched.
",theatlantic.com,http://www.theatlantic.com/international/archive/2012/03/the-warlord-and-the-basketball-star-a-story-of-congos-corrupt-gold-trade/253813/
2012-03-01,12:19:31,qcgef,40,"A mind-boggling 40,000 trillion becquerels of radioactive cesium, or twice the amount previously thought, may have spewed from the crippled Fukushima No. 1 nuclear power plant after the March 11 disaster, scientists say.",ajw.asahi.com,http://ajw.asahi.com/article/0311disaster/fukushima/AJ201202290025
2012-03-02,07:41:38,qdnqy,31,"Hong Kong Airlines Ltd has threatened to cancel its order for 10 A380s with Airbus - a value of $3.8 billion - over Europe's decision to make flights pay for their carbon emissions. ""We cannot do something which is against our country's interests,"" it quoted president Yang Jianhong as saying. ",reuters.com,http://www.reuters.com/article/2012/03/01/uk-hongkong-airbus-idUSLNE82000X20120301
2012-03-01,14:59:01,qcn0l,32,"North Korea: What does 240,000 metric tons of food mean? ",latimesblogs.latimes.com,http://latimesblogs.latimes.com/world_now/2012/02/north-korea-food-aid.html
2012-03-01,21:35:54,qcvvq,32,"The Syrian rebel force fighting government troops in the besieged city of Homs says most of its fighters have left the Baba Amr district in a ""tactical"" withdrawal. ",bbc.co.uk,http://www.bbc.co.uk/news/world-middle-east-17223472
2012-03-01,15:23:31,qcns4,28,"42 children rescued from sexual harrassment by NGO officials in India (The NGO is ""Church of Christ""; NGOs are non-profit/charity orgs; Still not proven) ",timesofindia.indiatimes.com,http://timesofindia.indiatimes.com/city/bangalore/NGO-officials-detained-for-sexually-harassing-children/articleshow/12091665.cms
2012-03-01,23:56:02,qd0sv,23,Swedish parents charged for 'exorcizing' teen girl,thelocal.se,http://www.thelocal.se/39320/20120224/
2012-03-02,05:03:03,qdfmo,20,"Sarkozy hides in bar amid protest - Hundreds of angry protesters boo the French president, forcing him to take shelter in a bar as he campaigns in the Basque country ahead of April's presidential election.",bbc.co.uk,http://www.bbc.co.uk/news/world-europe-17227438
2012-03-01,21:17:30,qcve8,19,Could Vladimir Putin be in power until 2024? 10 key questions about Russia’s elections,worldnews.msnbc.msn.com,http://worldnews.msnbc.msn.com/_news/2012/03/01/10542779-could-vladimir-putin-be-in-power-until-2024-10-key-questions-about-russias-elections#.T09233r5kYE.reddit
