2012-05-12,21:49:50,tjl3w,2851,"The Dutch judge who ordered The Pirate Bay links censored, Chris Hensen, has been found to be textbook corrupt - he had commercial ventures with the plaintiffs in previous anti-piracy cases",falkvinge.net,http://falkvinge.net/2012/05/12/dutch-judge-who-ordered-pirate-bay-links-censored-found-to-be-corrupt/
2012-05-12,06:53:47,titjm,1604,"A new law in Argentina allows everybody, even children, to choose and change their gender without having to justify it.",latino.foxnews.com,http://latino.foxnews.com/latino/news/2012/05/11/new-law-allows-people-to-switch-genders-by-choice-in-argentina/
2012-05-12,03:03:15,tihrz,582,"Iceland considers Canadian dollar instead of euro: ""The choice is between surrendering the sovereignty of Iceland in monetary policy by unilaterally adopting the currency of another country, or becoming a member of the EU,"" says PM",euobserver.com,http://euobserver.com/15/115604
2012-05-12,20:42:16,tjjor,399,Dalai Lama reveals warning of Chinese plot to kill him,telegraph.co.uk,http://www.telegraph.co.uk/news/worldnews/asia/tibet/9261729/Dalai-Lama-reveals-warning-of-Chinese-plot-to-kill-him.html
2012-05-12,10:31:57,tj2sc,272,"Scientologists push anti-drug classes in schools: ""An group with ties to the Church of Scientology has been selling lectures about drug abuse to Swedish schools that contain significant factual errors, according to an investigation carried out by a Swedish newspaper""",thelocal.se,http://www.thelocal.se/40762/20120511/
2012-05-12,20:47:25,tjjrw,235,"Six leaders from South Korea's biggest Buddhist order have quit after secret video footage showed some supposedly serene monks raising hell, playing high-stakes poker, drinking and smoking",telegraph.co.uk,http://www.telegraph.co.uk/news/worldnews/asia/southkorea/9259306/Buddhist-monks-caught-gambling-smoking-and-drinking-at-party.html
2012-05-13,03:32:48,tjxeb,178,"Israeli newspaper: Undercover Israeli soldiers hurled stones in the ""general direction"" of IDF soldiers as part of their activity to counter weekly demonstrations in the Palestinian village of Bil'in",haaretz.com,http://www.haaretz.com/news/diplomacy-defense/undercover-israeli-combatants-threw-stones-at-idf-soldiers-in-west-bank-1.428584?print
2012-05-13,01:06:35,tjrev,143,Sarkozy faces a slew of probes after immunity ends,news.yahoo.com,http://news.yahoo.com/sarkozy-faces-slew-probes-immunity-ends-092003356.html
2012-05-13,02:09:27,tjtye,84,"Saudi Arabia's King Abdullah has dismissed a controversial ultraconservative adviser after he publicly criticized reforms aimed at easing restrictions on women, the kingdom's state media reports.",news.yahoo.com,http://news.yahoo.com/saudi-king-dismisses-conservative-adviser-100235797.html
2012-05-12,09:47:59,tj11p,70,Israel's military looks to the sea:  Israel buys a sixth German-made submarine. A navy officer explains why Israel's military is looking increasingly to the seas.,latimes.com,"http://www.latimes.com/news/nationworld/world/la-fg-israel-navy-qa-20120511,0,1694820.story"
2012-05-12,21:15:16,tjkc8,70,"Italian anarchists kneecap nuclear executive and threaten more shootings: 
Group named after Greek anarchist warns it will strike seven more times at nuclear firm's parent company, Finmeccanica
",guardian.co.uk,http://www.guardian.co.uk/world/2012/may/11/italian-anarchists-kneecap-nuclear-executive
2012-05-12,19:54:22,tjitm,65,Germany plans to go nuclear free within a decade | todaysthv.com,todaysthv.com,http://www.todaysthv.com/news/article/210528/288/Germany-plans-to-go-nuclear-free-within-a-decade
2012-05-12,20:50:59,tjjtn,58,Man killed by illegal cockfighting bird,bbc.co.uk,http://www.bbc.co.uk/news/world-us-canada-12393125
2012-05-12,15:12:59,tjd5d,54,China denies preparing for war over South China Sea,france24.com,http://www.france24.com/en/20120512-china-denies-preparing-war-over-south-china-sea-0
2012-05-13,03:43:18,tjxtz,54,Exclusive wire taps on Gaddafi's inner circle - Al Jazeera publishes recorded mobile-phone conversations between former Libya leader and some of his most trusted aides.,aljazeera.com,http://www.aljazeera.com/video/africa/2012/05/20125126507687787.html
2012-05-13,07:34:27,tk75h,41,Shreddin’ in Yemen: Meet the skaters of Sanaa,thestar.com,http://www.thestar.com/news/world/article/1176491--shreddin-in-yemen-meet-the-skaters-of-sanaa
2012-05-12,13:26:59,tj9ol,33,"'Goodbye to China, country of contradictions' - Features - Al Jazeera English",aljazeera.com,http://www.aljazeera.com/indepth/features/2012/05/201251183633811491.html
2012-05-12,11:06:19,tj44s,33,US partially resumes arms sales to Bahrain - Al Jazeera English,aljazeera.com,http://www.aljazeera.com/news/middleeast/2012/05/20125120655116284.html
2012-05-12,12:13:43,tj6vh,31,"A major blast is reported to have ripped through Aleppo, Syria’s largest city. The bomb allegedly targeted the headquarters of Syria’s ruling Ba'ath Party.",rt.com,http://rt.com/news/syria-blast-damascus-terrorism-059/
2012-05-13,05:30:01,tk26e,23,"Greece will run out of money soon, warns deputy prime minister",telegraph.co.uk,http://www.telegraph.co.uk/finance/financialcrisis/9262068/Greece-will-run-out-of-money-soon-warns-deputy-prime-minister.html
2012-05-12,23:47:33,tjoh9,19,Socialist president owns 3 homes on French Riviera | Times247,times247.com,http://times247.com/articles/france-s-new-socialist-president-owns-3-homes-on-french-riviera
2012-05-12,23:37:51,tjo62,15,Obama administration seeks to bolster Bahraini crown prince with arms sales,thecable.foreignpolicy.com,http://thecable.foreignpolicy.com/posts/2012/05/11/obama_administration_seeks_to_bolster_bahraini_crown_prince_with_arms_sales
2012-05-12,02:47:08,tigxf,15,Massive Active Fault Found beneath Japan's Mount Fuji,scientificamerican.com,http://www.scientificamerican.com/article.cfm?id=massive-fault-found-beneath-japans
2012-05-12,19:32:36,tjifh,15,Leftists' 'shot nuclear boss Roberto Adinolfi' (Italy),bbc.co.uk,http://www.bbc.co.uk/news/world-europe-18036388
2012-05-12,01:24:39,ticot,12,"The Bridenapping Epidemic of Kyrgyzstan - up to 8,000 Kyrgyz girls are kidnapped and forced into marriage annually.",theatlantic.com,http://www.theatlantic.com/international/archive/2012/05/the-bridenapping-epidemic-of-kyrgyzstan/256992/
2012-05-12,16:32:59,tjf8x,11,"Foreigners can't pick new German names, court rules",chicagotribune.com,"http://www.chicagotribune.com/news/sns-rt-us-germany-immigrants-namebre84810q-20120509,0,6768487.story"
2012-05-12,11:02:35,tj3zt,10,US resumes Bahrain arms sales for 'external defence',bbc.co.uk,http://www.bbc.co.uk/news/world-middle-east-18039035
2012-05-12,10:55:17,tj3p3,8,"Chinese Sovereign Wealth Fund Stops Buying European Government Debt: ""The eurozone has lost a crucial lifeline as China's biggest sovereign wealth fund said it no longer wanted to buy European government debt.""",telegraph.co.uk,http://www.telegraph.co.uk/finance/financialcrisis/9258317/Chinese-sovereign-wealth-fund-stops-buying-European-government-debt.html
2012-05-12,02:46:53,tigwy,11,Train hits plane after emergency landing - South Africa,news24.com,http://www.news24.com/SouthAfrica/News/Train-hits-plane-after-emergency-landing-20120511
2012-05-13,00:55:46,tjqz5,10,Toronto’s new tourist attraction: Come see the Rob Ford Follies,theglobeandmail.com,http://www.theglobeandmail.com/news/opinions/tabatha-southey/torontos-new-tourist-attraction-come-see-the-rob-ford-follies/article2430559/
