2012-09-06,19:27:24,zfzcy,2284,"Evangelical Christian doctor in Australia banned from practicing as GP for prescribing chemical castration to ""cure"" teenager of being gay",smh.com.au,http://www.smh.com.au/nsw/exclusive-brethren-gp-banned-for-prescribing-gay-cure-20120904-25cnu.html
2012-09-06,00:33:34,zeanx,1630,"A 74-year-old farmer in a small town in southern Germany planted more than 1,000 cannabis plants in the mistaken belief they were sunflowers",worldnews.nbcnews.com,http://worldnews.nbcnews.com/_news/2012/09/05/13678629-i-planted-what-74-year-old-surprised-at-his-cannabis-crop?lite
2012-09-06,02:01:53,zefx9,1547,"Berlin declares circumcision legal, but only if performed by a doctor -- not as a ritual | The Times of Israel",timesofisrael.com,http://www.timesofisrael.com/berlin-declares-circumcision-legal-but-only-if-performed-by-a-doctor-not-as-a-ritual/
2012-09-06,19:22:52,zfz90,1049,"“Not only did the US deliver Gaddafi his enemies on a silver platter but it seems the CIA tortured many of them first,”",hrw.org,http://www.hrw.org/news/2012/09/05/us-torture-and-rendition-gaddafi-s-libya
2012-09-06,05:24:38,zesl9,353,$59 million Swedish Aid Package For Cambodia after Pirate Bay Founder Arrest,torrentfreak.com,https://torrentfreak.com/pirate-bay-founder-arrest-followed-by-59m-swedish-aid-package-for-cambodia-120905/
2012-09-06,17:25:46,zfwb9,331,4 year girl hid under family's dead bodies for 8 hours before being found,bbc.co.uk,http://www.bbc.co.uk/news/world-europe-19499157
2012-09-06,05:42:52,zettj,331,Medieval church discovered beneath parking lot. The church may be where King Richard III was buried in 1485.,news.discovery.com,http://news.discovery.com/history/medieval-church-king-120905.html
2012-09-06,06:33:35,zex2n,262,FBI must show piracy evidence to extradite Megaupload founder Kim Dotcom: New Zealand court,news.nationalpost.com,http://news.nationalpost.com/2012/08/16/fbi-must-show-piracy-evidence-to-extradite-megaupload-founder-kim-dotcom-new-zealand-court/
2012-09-06,20:24:23,zg0ur,177,Assange case: Sweden's shame in violating human rights.,aljazeera.com,http://www.aljazeera.com/indepth/opinion/2012/09/20129674125619411.html
2012-09-06,14:51:34,zfr63,176,Japan Finds Major Rare Earth Deposits,news.com.au,http://www.news.com.au/business/breaking-news/japan-finds-major-rare-earth-deposits/story-e6frfkur-1226412676374
2012-09-06,04:03:21,zene9,179,"The Strange Deaths of 2 Canadian Sisters in Thailand - A hotel maid found  the sisters dead in their room, with lesions tracked across their bodies, their fingernails & toenails turned an odd grayish blue. They were huddled in their beds,  smeared with vomit & blood.  And they weren't the first.",wired.com,http://www.wired.com/wiredscience/2012/09/the-strange-deaths-of-two-sisters-in-thailand/
2012-09-06,18:05:30,zfxc9,174,"Putin: Assange case a definite example of double standards, trial politically motivated",rt.com,http://rt.com/news/vladimir-putin-exclusive-interview-481/
2012-09-06,21:58:15,zg42k,172,War reporter shot in front of husband,cnn.com,http://www.cnn.com/2012/09/05/world/meast/syria-japan-journalist-slain/index.html?hpt=hp_t3
2012-09-06,22:32:35,zg5ji,127,France shootings: Three victims shot in head,bbc.co.uk,http://www.bbc.co.uk/news/uk-19506853
2012-09-06,04:09:03,zenr1,121,"Asia's Richest Woman (Georgina ""Gina"" Rinehart) Slammed After Musing About Workers Paid $2 A Day",npr.org,http://www.npr.org/blogs/thetwo-way/2012/09/05/160614909/asias-richest-woman-slammed-after-musing-about-workers-paid-2-a-day?ft=1&f=1001&sc=tw&utm_source=twitterfeed&utm_medium=twitter
2012-09-06,12:56:55,zfle5,120,"Race to the End:  Pakistan's terrible, horrible, no-good, very bad idea to develop battlefield nukes.",foreignpolicy.com,http://www.foreignpolicy.com/articles/2012/09/05/race_to_the_end?page=full
2012-09-06,02:04:07,zeg1u,114,Vladimir Putin to pilot hand glider at head of endangered crane migration - while disguised as a bird,guardian.co.uk,http://www.guardian.co.uk/world/2012/sep/05/vladimir-putin-hang-glider-endangered-cranes
2012-09-06,09:43:47,zf985,107,Christian girl hailed as 'daughter of nation' by senior Pakistani cleric,m.guardian.co.uk,http://m.guardian.co.uk/world/2012/sep/03/christian-girl-senior-pakistani-cleric-blasphemy?cat=world&type=article
2012-09-06,20:14:42,zg0kv,107,Report: The US waterboarded Libyans opposed to Moamer Kadhafi and handed them over to his regime for further torture,france24.com,http://www.france24.com/en/20120906-us-waterboarded-libyan-islamists-report
2012-09-06,21:34:16,zg36x,103,"Depression, Suicides Rise as Euro Debt Crisis Intensifies",hereisthecity.com,http://hereisthecity.com/2012/09/04/depression-suicides-rise-as-euro-debt-crisis-intensifies/
2012-09-06,01:48:44,zef4e,92,"Mexico arrests 'El Gordo,' alleged leader of Gulf Cartel drug gang",worldnews.nbcnews.com,http://worldnews.nbcnews.com/_news/2012/09/04/13662211-mexico-arrests-el-gordo-alleged-leader-of-gulf-cartel-drug-gang?lite
2012-09-06,06:23:40,zewh3,48,"BBC News - Detailed map of genome function -  ""80% of our genome is performing a specific function"" and ""The term junk DNA must now be junked.""",bbc.co.uk,http://www.bbc.co.uk/news/health-19202141
2012-09-06,21:43:45,zg3j4,46,China buys Egypt from the US. The US is suddenly competing for influence over its once most stalwart ally in the Middle East.,globalpost.com,http://www.globalpost.com/dispatch/news/regions/middle-east/egypt/120905/china-egypt-us-economy-aid-debt-morsi
2012-09-06,08:48:53,zf5pk,40,Islamic Green Lantern introduced by DC Comics: New superhero is a tattooed Arab-American called Simon Baz with a criminal record for illegal street racing,guardian.co.uk,http://www.guardian.co.uk/books/2012/sep/06/islamic-green-lantern-dc-comics
2012-09-06,09:28:27,zf88l,37,RT: Small Catalonian town declares independence from Spanish Government ,rt.com,http://rt.com/news/free-catalonia-independence-resolution-448/
2012-09-06,23:31:53,zg8bh,31,"Between Gandhi and Gates: India at Crossroads on Path to Superpower Status -- Poverty is still rampant in India and chaos remains a defining characteristic. But the country is also a global leader in high tech, has become the world's leading weapons importer and is planning a mission to Mars. ",spiegel.de,http://www.spiegel.de/international/world/india-caught-between-superpower-dreams-and-harsh-realities-a-851247.html
2012-09-06,19:23:46,zfz9v,26,Anti-Counterfeiting Trade Agreement (ACTA) has been approved by the Japanese government in a vote,theinquirer.net,http://www.theinquirer.net/inquirer/news/2203330/japan-ratifies-acta-agreement
2012-09-06,22:08:01,zg4gz,23,"Greek police block riot police in anti-austerity protest - ""They make us fight against our own brothers"" said one riot policeman",chicagotribune.com,"http://www.chicagotribune.com/news/sns-rt-us-greece-policebre8850iw-20120906,0,7529698.story"
2012-09-06,10:23:58,zfbu2,23,"""Greece's eurozone creditors are demanding that the government in Athens introduce a six-day working week as part of the stiff terms for the country's second bailout.""",guardian.co.uk,http://www.guardian.co.uk/business/2012/sep/04/eurozone-six-day-week-greece
2012-09-06,12:15:54,zfixl,23,"Honduras Sets Stage for 3 Privately Run Cities:   Investors can begin construction in six months on three privately run cities in Honduras that will have their own police, laws, government and tax systems now that the government has signed a memorandum of agreement approving the project.",abcnews.go.com,http://abcnews.go.com/International/wireStory/honduras-sets-stage-privately-run-cities-17166954#.UEgVJpbLkx0
