2012-05-13,21:59:07,tkwls,1993,Petition calls on Brazilian president to veto 'catastrophic' forest code:  More than 1.5 million people have petitioned Dilma Rousseff to reject a bill that may lead to further destruction of the Amazon,guardian.co.uk,http://www.guardian.co.uk/environment/2012/may/11/petition-brazil-president-veto-forest-code
2012-05-13,23:15:07,tkymx,1753,"ACTA is not dead: ""...it appears more likely than not that the [European Parliament's] Development Committee will vote in favour of ACTA.""",edri.org,http://www.edri.org/edrigram/number10.9/ACTA-is-not-dead
2012-05-14,02:32:44,tl6ci,1408,"German Pirate Party Scores Fourth Consecutive Election Win: ""...the exit polls indicate 7.5%, well clearing the five-percent hurdle for entry, and predicting 18 new Pirate Members of Parliament.""",falkvinge.net,http://falkvinge.net/2012/05/13/german-pirate-party-scores-fourth-consecutive-election-win/
2012-05-13,23:37:24,tkza1,1255,37 dismembered bodies dumped on Mexico highway,cnbc.com,http://www.cnbc.com/id/47403760
2012-05-13,08:01:02,tk86o,955,China successful in teleportation.,forbes.com,http://www.forbes.com/sites/alexknapp/2012/05/11/chinese-researchers-quantum-teleport-photons-over-60-miles/
2012-05-13,17:54:24,tks54,720,The Queen has formally announced plans to greatly increase surveillance of the internet,telegraph.co.uk,http://www.telegraph.co.uk/technology/news/9254589/Snoopers-charter-web-spying-Bill-announced.html
2012-05-13,10:02:56,tkcxk,363,Culture war looms as Israel pledges to end ultra-Orthodox military exemptions,washingtonpost.com,http://www.washingtonpost.com/world/middle_east/culture-war-looms-as-israel-pledges-to-end-ultra-orthodox-army-exemptions/2012/05/11/gIQAi10YIU_story.html
2012-05-13,20:49:45,tkv57,213,"China, Japan and South Korea agreed at a summit on Sunday to launch negotiations for a three-way free trade pact they said could help fend off global economic chills, but the talks are expected to be long and difficult because of decades of rivalry.",reuters.com,http://www.reuters.com/article/2012/05/13/us-china-summit-idUSBRE84C02R20120513
2012-05-13,04:44:10,tk0bl,192,“I Can’t Believe I Still Have to Protest This”: Abortion Rights in Canada -  Parliament debated a motion creating a special committee to review if the definition of a “human being” in the Canadian criminal code can be extended to unborn fetuses ,rhrealitycheck.org,http://www.rhrealitycheck.org/article/2012/05/08/%E2%80%9Ci-can%E2%80%99t-believe-i-still-have-to-protest-this%E2%80%9D-abortion-rights-in-canada
2012-05-14,03:58:37,tla6h,180,"Israel transformed from democracy to an oligarchy. These are self-styled lords of the manor who have power over civil and military sectors, and share the spoils of rule between themselves. The subjects can talk, but have no influence.",haaretz.com,http://www.haaretz.com/opinion/israel-transformed-from-democracy-to-an-oligarchy-1.429884
2012-05-13,13:13:43,tkkg0,169,"Murdoch driver: cash drops to Met police.
",dailymail.co.uk,http://www.dailymail.co.uk/news/article-2143502/Murdoch-driver-I-told-Jeremy-Hunt-cash-drops-Met-police-Hyde-Park-tennis-courts.html
2012-05-13,09:29:05,tkbmg,137,China mandates the Big Four U.S. auditors to hand over control of their Chinese operations to local partners by the end of the year and put a Chinese citizen at the top within three years.,online.wsj.com,http://online.wsj.com/article/SB10001424052702304203604577395423545473012.html?KEYWORDS=china+accounting+firms
2012-05-13,09:05:31,tkapp,117,Dalai Lama fears Chinese poison plot:  Buddhist leader believes Chinese agents may have trained fake female followers to kill him when seeking blessings,guardian.co.uk,http://www.guardian.co.uk/world/2012/may/12/dalai-lama-chinese-poison-plot
2012-05-13,02:03:06,tjtp9,114,"Australian Labor Unions Call for Buffett-Style Tax on Millionaires - 
Calling on government to introduce a millionaires’ tax similar to US President Barack Obama’s so-called “Buffett Rule.” Wants to ensure mining billionaires pay a minimum tax on their incomes regardless of how they're derived.",rawstory.com,http://www.rawstory.com/rs/2012/05/12/australian-unions-call-for-buffett-style-rich-tax/
2012-05-13,21:55:43,tkwix,93,"China allows banks to lend more in bid to boost economy:  China has cut the amount of funds banks have to hold in a reserve, in a bid to boost its economy.",bbc.co.uk,http://www.bbc.co.uk/news/business-18049520
2012-05-13,22:47:33,tkxvw,82,Quebec anti-austerity protests: police accused of shooting people in face with plastic bullets ,observers.france24.com,http://observers.france24.com/content/20120511-quebec-anti-austerity-protests-police-accused-shooting-people-face-plastic-bullets-victoriaville-canada-student
2012-05-13,02:57:31,tjvwz,78,"Saudi Arabia Unveils $100 Billion Plan to Make Solar ""A Driver for Domestic Energy for Years to Come""",thinkprogress.org,http://thinkprogress.org/climate/2012/05/11/482660/saudi-arabia-unveils-100-billion-plan-to-make-solar-a-driver-for-domestic-energy-for-years-to-come/?mobile=wp
2012-05-13,22:17:45,tkx3r,73,"Portugal's sick economy triggers health crisis:  To cut costs, Portugal has increased the rates it charges for public health services. For many cash-strapped residents, the fee scheme has had a grim effect, potentially putting lives at risk. ",latimes.com,"http://www.latimes.com/news/nationworld/world/la-fg-portugal-health-20120513,0,1100451.story"
2012-05-14,00:55:00,tl21z,66,"Whatever Happened to David Cameron, the Idealistic Young Eco-Warrior? - 
After spending 5 years in opposition trying to detoxify the Tories' image, he promised to lead ""the greenest government ever"" when he entered No 10, exactly 2 years ago. What became of that pledge?",independent.co.uk,http://www.independent.co.uk/environment/climate-change/whatever-happened-to-cameron-the-idealistic-young-ecowarrior-7742344.html
2012-05-13,06:08:43,tk3rv,56,"At least 100,000 Spaniards angered by grim economic prospects and the political handling of the international financial crisis turned out for street demonstrations in the country's cities Saturday.",hosted.ap.org,http://hosted.ap.org/dynamic/stories/E/EU_AUSTERITY_PROTESTS?SITE=RIPAW&SECTION=HOME&TEMPLATE=DEFAULT
2012-05-13,01:21:10,tjs1b,54,"British Firm Suspends Funding for Chinese Foie Gras Factory - 
Says it'll look into animal welfare concerns raised public.  Production of foie gras, which is made by force-feeding geese or ducks until their livers are enlarged, is banned in the UK & most of Europe, except France, where it's prized.",guardian.co.uk,http://www.guardian.co.uk/world/2012/may/11/british-firm-chinese-foie-gras
2012-05-13,21:56:14,tkwje,31,Pakistan crisis over power cuts,bbc.co.uk,http://www.bbc.co.uk/news/world-asia-18048994
2012-05-13,22:12:25,tkwz6,31,Greece: A nation on the brink: President Karolos Papoulias makes a last-ditch effort to forge a unity government,independent.co.uk,http://www.independent.co.uk/news/world/europe/greece-a-nation-on-the-brink-7742356.html
2012-05-13,09:07:46,tkasj,30,Boko Haram 'militant leader' captured in north Nigeria:  Nigerian police say they have arrested a senior commander of the Islamist militant group Boko Haram. ,bbc.co.uk,http://www.bbc.co.uk/news/world-africa-18048617
2012-05-13,21:59:50,tkwmi,28,"Race for Egypt: Inside the Three-Way Fight for the Presidency -  The secular diplomat, the Muslim Brother, and the 'liberal Islamist' are facing off to become the first freely elected leader of Egypt. ",theatlantic.com,http://www.theatlantic.com/international/archive/2012/05/race-for-egypt-inside-the-three-way-fight-for-the-presidency/257062/
2012-05-14,04:12:07,tlatk,23,Iran says nuclear inspector killed in car crash,edition.cnn.com,http://edition.cnn.com/2012/05/08/world/meast/iran-nuclear-death/index.html?hpt=wo_bn11
2012-05-14,04:19:02,tlb4r,24,EU leaders set for showdown on fate of euro as crisis deepens,guardian.co.uk,http://www.guardian.co.uk/business/2012/may/13/eu-leaders-showdown-eurozone-crisis
2012-05-13,15:49:05,tkpfd,21,"Forty people were killed when a brief but violent hailstorm and torrential rain swept through a mountainous region of northwest China, according to the local government.",google.com,http://www.google.com/hostednews/afp/article/ALeqM5jLDt7jFYU8sEBCij_f5V0kTMbTxg?docId=CNG.a443e9784fe98a007480605ad1977c24.291
2012-05-13,23:14:49,tkymm,19,"Peru's coffee growers turn carbon traders to save their farms - 
Global warming threatens the future of Peru's poorest coffee farmers, but one brand thinks it has found an answer on the financial markets",guardian.co.uk,http://www.guardian.co.uk/environment/2012/may/13/peru-coffee-climate-change-carbon-trading
2012-05-13,01:41:44,tjswe,19,On the knife's edge in Ethiopia:  A vortex of climate change and rising population threatens Ethiopia’s gains in feeding itself,ottawacitizen.com,http://www.ottawacitizen.com/business/knife+edge+Ethiopia/6608695/story.html
