2012-11-26,22:57:00,13tb8e,4289,"Having survived two assassination attempts, Mexican mayor beaten to death",dailymail.co.uk,http://www.dailymail.co.uk/news/article-2238577/Maria-Santos-Gorrostieta-executed-surviving-assassination-attempts.html
2012-11-26,15:10:48,13swjb,2407,Vietnam's passport control offices are refusing to stamp visa pages in the new Chinese passports containing a map showing islands in the South China Sea as part of Chinese territory. ,thestandard.com.hk,http://www.thestandard.com.hk/breaking_news_detail.asp?id=28241&icid=4&d_str=
2012-11-26,03:41:03,13rrw8,2199,Crowd of 300 sexually assaults three girls in Tahrir Square,egyptindependent.com,http://www.egyptindependent.com/news/crowd-300-sexually-assaults-three-girls-tahrir-square-0
2012-11-26,18:32:54,13t2kr,1585,"Over 500 Bangladesh clothes factories for Walmart, H&M, Tesco & others declare wild-cat ""holiday"", fearing rising protests against bad labor conditions -  Garment workers demanding end to ""deathtraps"" after new blaze sparks fresh panic & terror following worst-ever textile factory fire in country.  ",au.news.yahoo.com,http://au.news.yahoo.com/world/a/-/world/15483562/bangladesh-workers-protest-deathtraps/
2012-11-26,01:55:15,13rlv2,1532,"Atheists and Islam: No God, not even Allah -- Ex-Muslim atheists are becoming more outspoken, but tolerance is still rare",economist.com,http://www.economist.com/news/international/21567059-ex-muslim-atheists-are-becoming-more-outspoken-tolerance-still-rare-no-god-not
2012-11-26,18:39:18,13t2q1,1366,"An autopsy on the exhumed body late President Turgut Ozal, who led Turkey out of military rule in the 1980s, has revealed evidence of poisoning, a newspaper reported on Monday.
",reuters.com,http://www.reuters.com/article/2012/11/26/us-turkey-president-autopsy-idUSBRE8AP09220121126
2012-11-26,03:55:28,13rssc,837,UK gives £19 million aid to South Africa - its president spends £17.5 million on his palace.,dailymail.co.uk,http://www.dailymail.co.uk/news/article-2238017/UK-gives-19million-aid-South-Africa--president-spends-17-5million-palace.html
2012-11-26,18:47:02,13t2x1,731,"In Egypt, president’s power grab unites those who once battled over Mubarak - With Egyptian President Mohamed Morsi’s decision  to assume near-absolute power over his country, at least for now, secularists of all stripes have mobilized in ways unimaginable just a week ago.",washingtonpost.com,http://www.washingtonpost.com/world/in-egypt-presidents-power-grab-unites-those-who-once-battled-over-mubarak/2012/11/25/63e91810-373d-11e2-b01f-5f55b193f58f_story.html
2012-11-26,03:22:48,13rqtj,541,Universal Health care hits 94% approval in Canada,theglobeandmail.com,http://www.theglobeandmail.com/news/national/universal-health-care-a-much-loved-canadian-symbol-monarchy-less-important-poll/article5640454/
2012-11-26,00:02:42,13rglc,533,"Catalans Vote in Secession Push: Catalans began voting for a regional government, driving a push for independence from Spain; if the pro-secession party wins a majority, a referendum on independence would likely follow within two years",businessweek.com,http://www.businessweek.com/news/2012-11-25/catalans-vote-as-secession-push-piles-strain-on-rajoy
2012-11-26,14:30:56,13suv1,425,A fire at a clothing manufacturer in Bangladesh kills 112 workers,abcnews.go.com,http://abcnews.go.com/Blotter/fire-kills-112-workers-making-clothes-us-brands/story?id=17807229
2012-11-26,19:49:57,13t4jw,416,"British engineer hacked to death on his South African farm:  A British engineer who moved to South Africa after ""falling in love with the country"" has been brutally murdered on his remote farmstead. ",telegraph.co.uk,http://www.telegraph.co.uk/news/worldnews/africaandindianocean/southafrica/9702619/British-engineer-hacked-to-death-on-his-South-African-farm.html
2012-11-26,00:19:39,13rhb1,285,"Egypt's stock market has plummeted in its first trading session since the Islamist president expanded his authority last week, triggering violent protests and a political crisis",guardian.co.uk,http://www.guardian.co.uk/world/2012/nov/25/egyptian-shares-tumble-morsi-decree
2012-11-26,20:17:29,13t5aa,264,An Israeli mother who lost her son and a Palestinian whose father was shot dead now seek peace together in the Middle East,guardian.co.uk,http://www.guardian.co.uk/world/2012/nov/25/israeli-and-palestinian-peace-campaigners-joint-pain
2012-11-26,20:10:02,13t536,195,Harper took steps to stifle Palestinian statehood bid,theglobeandmail.com,http://www.theglobeandmail.com/news/politics/harper-took-steps-to-stifle-palestinian-statehood-bid/article5655676/?cmpid=rss1
2012-11-26,22:46:22,13taqk,145,Israel and Palestine's leaders – and cheerleaders – have failed them: Those who support Israel or Palestine as if they were rival football teams do those two peoples a terrible disservice,m.guardiannews.com,http://m.guardiannews.com/commentisfree/2012/nov/23/gaza-wearying-conflict-end-time
2012-11-26,18:04:32,13t1v7,118,Pakistan: 13 Die After Drinking Cough Syrup - ,news.yahoo.com,http://news.yahoo.com/pakistan-13-die-drinking-cough-syrup-093429931.html
2012-11-26,01:41:44,13rl5h,110,"Egyptian Judges Feud With Morsi - Fed up with the President trying to rid his office of judicial checks & balances, highest judges call for nationwide strike against the power grab, an “unprecedented attack” on judiciary branch.  But not everyone opposes Morsi’s aim for  “dictatorial” powers.",aljazeera.com,http://www.aljazeera.com/news/middleeast/2012/11/201211255459324484.html
2012-11-26,00:38:11,13ri2x,102,More than 800 homes flooded as storms hit UK.,bbc.co.uk,http://www.bbc.co.uk/news/uk-20488645
2012-11-26,20:33:25,13t5rm,92,"Britain has a duty to back us at UN, say Palestinians",telegraph.co.uk,http://www.telegraph.co.uk/news/worldnews/middleeast/palestinianauthority/9701823/Britain-has-a-duty-to-back-us-at-UN-say-Palestinians.html
2012-11-26,12:56:53,13sq3b,75,'Poison' pen mightier than sword for would-be North Korean assassin (xpost from /r/NewsOfTheWeird),cnn.com,http://www.cnn.com/2012/11/25/world/asia/north-korea-assassination-weapons/index.html?hpt=hp_c2
2012-11-26,03:11:58,13rq6z,64,Korea's whopping US$275 billion tourism city plan | CNN Travel,travel.cnn.com,http://travel.cnn.com/korea-8city-tourism-hub-incheon-789461
2012-11-26,15:15:11,13swpi,61,Chinese flock to elite U.S. schools ,edition.cnn.com,http://edition.cnn.com/2012/11/25/world/asia/china-ivy-league-admission/index.html
2012-11-26,20:33:09,13t5rc,58,"Ireland to Act Fast on Abortion Law, Providing Limited Access if an Expert Group's Recommendation is Accepted by the Cabinet, After Raging Controversy Over Woman's Death - The 'expert group' will deal with how the State deals with  lawful abortions.  ",irishtimes.com,http://www.irishtimes.com/newspaper/breaking/2012/1125/breaking5.html
2012-11-26,15:13:33,13swmy,57,Public anger in China erupts online as official caught in sex tape scandal.  there are more videos featuring at least five other senior figures,smh.com.au,http://www.smh.com.au/world/public-anger-in-china-erupts-online-as-official-caught-in-sex-tape-scandal-20121126-2a2o0.html
2012-11-26,09:17:52,13scir,57,States and banks have made a deal with the devil. Banks buy the sovereign bonds needed to prop states up in the tacit understanding that the states will bail them out in a pinch. But experts warn that this symbiotic arrangement might be putting the entire financial system at risk.,spiegel.de,http://www.spiegel.de/international/europe/tacit-bond-arrangement-between-governments-and-banks-endangers-system-a-868971.html
2012-11-26,00:43:59,13ribt,47,"Massive Deforestation Threatens to Turn Somalia Into Desert - ""20% of the forest has disappeared in the last 10 years -- definitely this country is turning into a desert."" All mature trees have disappeared.... In the past one could get 6 or 7 25k sacks of charcoal from a tree. Today, maybe 1 or 2.",articles.timesofindia.indiatimes.com,http://articles.timesofindia.indiatimes.com/2012-11-23/flora-fauna/35318324_1_somaliland-deforestation-hargeisa
2012-11-26,19:47:59,13t4i2,47,"Using War as Cover to Target Journalists: ""Some governments have decided shooting the messenger is a viable option""- NYT",nytimes.com,http://www.nytimes.com/2012/11/26/business/media/using-war-as-cover-to-target-journalists.html
2012-11-26,19:49:23,13t4jj,41,Vietnam and India invalidates new Chinese passports.,tuoitrenews.vn,http://www.tuoitrenews.vn/cmlink/tuoitrenews/society/vietnam-invalidates-new-chinese-passports-1.92790?localLinksEnabled=false&buffer_share=ee729&utm_source=buffer
2012-11-26,00:46:20,13rifc,37,Spain rejects Basque separatists Eta talks offer.,bbc.co.uk,http://www.bbc.co.uk/news/world-europe-20487153
