2012-03-18,19:09:25,r1xfe,1629,"In Sweden, cash is king no more.",news.yahoo.com,http://news.yahoo.com/sweden-cash-king-no-more-082544562.html
2012-03-18,16:25:57,r1uv1,1474,Ukrainian girl survives been burned alive after gang rape ,abcnews.go.com,http://abcnews.go.com/blogs/headlines/2012/03/girl-raped-set-afire-and-left-for-dead-but-survives/
2012-03-18,08:59:23,r1gsw,1479,"The 19-year-old daughter of a Chilean diplomat in Venezuela has been killed by police at a road checkpoint. The trio ignored a command to stop by police at the checkpoint, fearing the officers might be robbers. Violent crime is widespread in Venezuela.",hosted.ap.org,http://hosted.ap.org/dynamic/stories/L/LT_VENEZUELA_CHILE_CONSUL?SITE=RIPAW&SECTION=HOME&TEMPLATE=DEFAULT
2012-03-18,10:07:25,r1jai,1365,"Brazil to file charges on Chevron executives:  A federal judge grants a request from prosecutors, barring 17 executives from leaving Brazil, pending criminal charges.",aljazeera.com,http://www.aljazeera.com/news/americas/2012/03/201231815012180836.html
2012-03-17,23:16:00,r0uih,1353,"Drug War Incompatible with Human Rights, Says Law Enforcement Against Prohibition (LEAP)",reason.com,http://reason.com/blog/2012/03/16/drug-war-incompatible-with-human-rights
2012-03-18,08:20:37,r1fd0,846,"Thai billionaire who invented Red Bull energy drink dies in Bangkok, aged 89",independent.co.uk,http://www.independent.co.uk/news/people/news/thai-billionaire-who-invented-red-bull-energy-drink-dies-in-bangkok-aged-89-7576279.html
2012-03-18,21:34:06,r1zve,473,Officials in Marseille are evacuating an area around the French Mediterranean city's port so they can remove a 1-ton German bomb that dates to WWII,abcnews.go.com,http://abcnews.go.com/International/wireStory/ton-wwii-era-bomb-discovered-marseille-port-15948000#.T2XjthGmhX0
2012-03-19,05:48:35,r2icf,469,"UK steps in to help West Africa in fight to overturn EU fishing abuses:  Britain helps block move by Spain that would have allowed European trawlers to continue overfishing in African waters
",guardian.co.uk,http://www.guardian.co.uk/world/2012/mar/18/uk-west-africa-fishing-quotas
2012-03-18,19:24:41,r1xnj,187,"Mexico’s middle class is becoming its majority:  Although many Mexicans still imagine a country of downtrodden masses dominated by a wealthy elite, the swelling ranks of the middle class are crowding new Wal-Marts, driving Nissan sedans and maxing out their Banamex credit cards.",washingtonpost.com,http://www.washingtonpost.com/world/mexicos-middle-class-is-becoming-its-majority/2012/03/14/gIQA9R0KJS_story.html
2012-03-19,00:18:34,r24gh,170,A former Lutheran pastor and civil rights activist has been elected as Germany's new president,bbc.co.uk,http://www.bbc.co.uk/news/world-europe-17420111
2012-03-18,23:04:54,r222d,147,"St. Patrick's Day party turns violent in London, Ont.",toronto.ctv.ca,http://toronto.ctv.ca/servlet/an/local/CTVNews/20120318/london-ontario-st-patricks-day-party-turned-into-riot-120318/20120318/?hub=TorontoNewHome
2012-03-18,07:14:24,r1cw1,140,"Somali pirates increase brutality: Pirates' torture of kidnapped crew members is becoming commonplace.
",globalpost.com,http://www.globalpost.com/dispatch/news/regions/africa/120306/somali-pirates-increase-brutality
2012-03-18,21:33:41,r1zv5,124,U.S. teacher killed in Yemen - witnesses say attackers wore uniforms of the country's Republican Guard ,thedailybeast.com,http://www.thedailybeast.com/cheats/2012/03/18/u-s-teacher-killed-in-yemen.html
2012-03-18,19:48:24,r1y0k,127,"England's Environmental Regulations to be Slashed - Environmentalists angry over government plans to 'cut red tape' on rules over air, land & noise pollution, & wildlife protection",guardian.co.uk,http://www.guardian.co.uk/environment/2012/mar/16/environmental-regulations-slashed-red-tape
2012-03-19,02:57:21,r2ao8,122,Thousands Rally for Far-Left French Candidate,abcnews.go.com,http://abcnews.go.com/International/wireStory/thousands-rally-left-french-candidate-15949208#.T2Yus9V5JME
2012-03-18,09:05:22,r1h06,104,"Gulf Widens Between U.S. And A More Volatile Karzai: ""'Let's pray for God to rescue us from these two demons,' Mr. Karzai said . . . clearly referring to the United States and the Taliban in the same breath. 'There are two demons in our country now.'""",nytimes.com,http://www.nytimes.com/2012/03/18/world/asia/gulf-widens-between-us-and-an-increasingly-hostile-karzai.html?pagewanted=all
2012-03-18,11:44:07,r1mv6,93,"Brazil : 17 executives from Chevron and Transocean barred from leaving the country, pending criminal charges related to last years Oil Spill.",buenosairesherald.com,http://www.buenosairesherald.com/article/95658/chevron-executives-barred-from-leaving-brazil-over-spill
2012-03-18,09:22:49,r1hne,74,"While Iceland investigates City banking fraud claims,  UK authorities admit they are defeated by the complexity of the case",guardian.co.uk,http://www.guardian.co.uk/business/2012/mar/18/icleand-investigates-city-fraud-claims-feeble-watchdogs
2012-03-18,22:08:18,r20ln,65,"While an American-backed gas pipeline through Afghanistan might be done in 2014, an Iranian-backed pipeline is already built up to the border with Pakistan, just waiting for the hookup.",warisbusiness.com,http://www.warisbusiness.com/7808/news/a-parallel-quagmire-the-trans-afghanistan-gas-pipeline/
2012-03-18,16:29:33,r1ux2,59,"In China, millions make themselves at home in caves:  Some are basic, others beautiful, with high ceilings and nice yards. 'Life is easy and comfortable here,' one cave dweller says.",latimes.com,"http://www.latimes.com/news/nationworld/world/la-fg-china-caves-20120318,0,2352472.story"
2012-03-19,03:41:39,r2civ,53,"King George Tupou V of the South Pacific nation of Tonga has died at the age of 63, reports say.",bbc.co.uk,http://www.bbc.co.uk/news/world-asia-17420114
2012-03-18,09:08:03,r1h3d,52,Doctors bid to unseat 50 MPs in revenge over NHS bill,independent.co.uk,http://www.independent.co.uk/news/uk/politics/doctors-bid-to-unseat-50-mps-in-revenge-over-nhs-bill-7576423.html
2012-03-18,21:28:46,r1zrl,39,"India Maoists kidnap Italian tourists in Orissa - Maoist rebels have kidnapped 2 Italians in the eastern Indian state of Orissa, the 1st time Westerners have been abducted there",bbc.co.uk,http://www.bbc.co.uk/news/world-asia-india-17421561
2012-03-18,13:02:58,r1plg,33,"With 1bn hungry and 1bn obese, what is the future of the world's resources?
",metro.co.uk,http://www.metro.co.uk/news/893172-with-1bn-hungry-and-1bn-obese-what-is-the-future-of-the-worlds-resources
2012-03-19,00:32:27,r24zq,24,Britain ending aid to India,google.com,http://www.google.com/hostednews/afp/article/ALeqM5gHjrUe-F7SlTUx_ie3TgnNXrO6pQ?docId=CNG.7a6c2fbd1b3e16664b78451dec4afbd5.361
2012-03-19,05:24:37,r2h8l,22,King of Tonga dies in Hong Kong,msnbc.msn.com,http://www.msnbc.msn.com/id/46777099/ns/world_news-asia_pacific/#.T2ZSeXgRvFs
2012-03-19,00:05:10,r23yn,18,"Russia's assault on 'gay' free speech: Russian LGBTs say the message they are receiving from both the state and the Russian Orthodox Church is simple: Homosexuality may be legal, but stay out of public life.",globalpost.com,http://www.globalpost.com/dispatch/news/regions/europe/russia/120316/gay-rights-russia-battle-free-speech
2012-03-19,01:31:38,r277l,14,Nurses held over dozens of 'induced deaths' at Uruguay hospital,bbc.co.uk,http://www.bbc.co.uk/news/world-latin-america-17422271
2012-03-19,04:37:18,r2f2m,16,"Democratic People's Republic of Korea (DPRK) has asserted its legitimate right of launching satellites, saying ""double standard is intolerable""",news.xinhuanet.com,http://news.xinhuanet.com/english/world/2012-03/18/c_131474250.htm
2012-03-18,08:41:43,r1g60,15,Six ways the media has misreported Syria ,stopwar.org.uk,http://stopwar.org.uk/index.php/usa-war-on-terror/1254-six-ways-the-media-has-misreported-syria
