2012-09-05,05:27:07,zcqls,2670,'I couldn't believe CNN was making me put what I knew to be government lies into my reporting.',guardian.co.uk,http://www.guardian.co.uk/world/2012/sep/04/cnn-international-documentary-bahrain-arab-spring-repression
2012-09-05,20:22:54,zdzg0,2058,"220 people evacuated from Swiss postal hub after a white substance was found in an envelope, 34 got hospitalized because they felt sick. Turns out it was cornflour.",thelocal.ch,http://www.thelocal.ch/page/view/post-office-evacuated-in-mystery-powder-alert
2012-09-05,19:38:02,zdy7z,1997,Worlds richest women calls for Australian wage cut,bbc.co.uk,http://www.bbc.co.uk/news/business-19487985
2012-09-05,23:50:19,ze88w,1832,7.9 Earthquake off the coast of Costa Rica,earthquake.usgs.gov,http://earthquake.usgs.gov/earthquakes/eventpage/pt12249001#summary
2012-09-05,13:17:27,zdkya,1673,Attempted murder on Quebec's new prime minister. First women elected. LIVE,radio-canada.ca,http://www.radio-canada.ca/elections-quebec-2012/tableau-de-bord#
2012-09-05,19:06:54,zdxey,848,BP accused of gross negligence ,bbc.co.uk,http://www.bbc.co.uk/news/business-19486392
2012-09-05,02:34:39,zcfmz,486,Christians should 'leave their beliefs at home or get another job' ,telegraph.co.uk,http://www.telegraph.co.uk/news/religion/9520026/Christians-should-leave-their-beliefs-at-home-or-get-another-job.html
2012-09-05,13:23:41,zdlb7,141,"Explosion, Gunshot at victory speech from Canadian provincial election",cbc.ca,http://www.cbc.ca/news/canada/quebecvotes2012/story/2012/09/03/quebec-election-night-results-2012.html
2012-09-05,21:58:29,ze2r2,133,Iran Supplying Syrian Military via Iraq Airspace,nytimes.com,http://www.nytimes.com/2012/09/05/world/middleeast/iran-supplying-syrian-military-via-iraq-airspace.html?google_editors_picks=true
2012-09-05,01:09:40,zcaal,111,BBC News - BitTorrent study finds most file-sharers are monitored,bbc.com,http://www.bbc.com/news/technology-19474829
2012-09-05,02:40:58,zcg1d,103,"4 Endangered Tiger Cubs & Over 100 Pangolins Found in Car by Vietnam Police  - They're hunted for their fur, bones & other body parts for use in Chinese medicine.   Vietnam has 1 of    worst record in world in fight against trade in endangered species - an accusation it denies.",bbc.co.uk,http://www.bbc.co.uk/news/world-asia-19477203
2012-09-05,18:03:28,zdvu0,98,Armenia 'ready for war' over axe killer's pardon,theaustralian.com.au,http://www.theaustralian.com.au/news/world/armenia-ready-for-war-over-axe-killers-pardon/story-e6frg6so-1226464502467
2012-09-05,21:31:34,ze1qs,94,"Hate content against Hindus, Sikhs, Christians in Pakistan textbooks increases manifold - The Times of India",timesofindia.indiatimes.com,http://timesofindia.indiatimes.com/world/pakistan/Hate-content-against-Hindus-Sikhs-Christians-in-Pak-textbooks-increases-manifold/articleshow/16264096.cms
2012-09-05,19:27:09,zdxxn,85,British family finds medieval well under living room floor,realestate.aol.com,http://realestate.aol.com/blog/2012/08/30/colin-steer-finds-medieval-well-and-sword-plymouth-england-home/
2012-09-05,23:53:42,ze8fe,83,7.9 earthquake strikes off the coast of Costa Rica,earthquake.usgs.gov,http://earthquake.usgs.gov/earthquakes/eventpage/at00m9vsu9#summary
2012-09-05,20:13:34,zdz6j,64,Iran says it treats Israeli military threats as American,reuters.com,http://www.reuters.com/article/2012/09/05/us-iran-israel-usa-idUSBRE8840JH20120905
2012-09-05,07:55:45,zd0ao,57,'Queen of Cocaine' Killed in Columbia,cnn.com,http://www.cnn.com/2012/09/04/world/americas/colombia-elderly-ex-trafficker-killed/index.html?hpt=hp_t1
2012-09-05,03:33:20,zcjd9,53,"Sailboat Becomes 1st to Sail Through Northwest Passage, Becoming ""Visual of Declining Polar Ice"" - Warming global temperatures &  melting polar ice caps have helped   the international 3-man crew go where few have gone before",latimes.com,"http://www.latimes.com/news/nation/nationnow/la-na-nn-global-warming-northwest-passage-20120903,0,380298.story"
2012-09-05,04:06:45,zclj4,45,"Who are the Worst Tax Dodgers in Greece? -  Tax evasion is so widespread & customary that bank loan officers use standard multipliers to convert reported income into real income. A doctor?  Assumed income is 2.45x reported.  Restaurant owner?  1.99x. But why different multipliers? 
",motherjones.com,http://www.motherjones.com/kevin-drum/2012/09/who-are-worst-tax-dodgers-greece
2012-09-05,02:51:01,zcgoc,45,Peru villagers allege neglect after toxic spill,guardian.co.uk,http://www.guardian.co.uk/world/feedarticle/10422828
2012-09-05,19:55:00,zdyne,42,"Nigeria pirates hijack oil tanker near Lagos -  The crew hid in a room on the ship.  The tanker was laden with fuel & is now sailing into the Gulf of Guinea, which suggests some or all of its cargo will be offloaded into a waiting vessel & sold on the region's illegal fuel market.",news.yahoo.com,http://news.yahoo.com/nigeria-pirates-hijack-oil-tanker-near-lagos-102505604.html
2012-09-05,21:18:15,ze18s,41,Eurozone demands six-day week for Greece in return for bailout. ,m.guardian.co.uk,http://m.guardian.co.uk/ms/p/gnm/op/view.m?id=15&gid=%2Fbusiness%2F2012%2Fsep%2F04%2Feurozone-six-day-week-greece&cat=business#.UEdCzM8b9Hg.reddit
2012-09-05,20:03:33,zdyw3,36,"Iran makes no distinction between U.S. and Israeli 
interests and will retaliate against both countries if 
attacked | Reuters",ca.reuters.com,http://ca.reuters.com/article/topNews/idCABRE8840JH20120905
2012-09-05,13:34:00,zdlv5,31,"Mexico navy says it captured Gulf cartel leader. Mario Cardenas Guillen, alias El Gordo, is accused of being one of the two top leaders of the Gulf cartel of Mexico",latimes.com,"http://www.latimes.com/news/nationworld/world/la-fg-mexico-gulf-cartel-20120905,0,3311314.story"
2012-09-06,00:08:33,ze982,35,7.9-magnitude quake hits Costa Rica,edition.cnn.com,http://edition.cnn.com/2012/09/05/world/americas/costa-rica-earthquake/
2012-09-05,02:13:05,zce9l,30,Russia and Turkey's Relationship: A Great Example of the Changing International Order,forbes.com,http://www.forbes.com/sites/markadomanis/2012/09/04/russia-and-turkeys-relationship-a-great-example-of-the-changing-international-order/
2012-09-05,08:09:31,zd175,29,"China warns U.S. not to take sides in sea disputes
| Reuters",reuters.com,http://www.reuters.com/article/2012/09/04/us-china-usa-clinton-idUSBRE8820CI20120904?feedType=RSS&feedName=topNews&rpc=71&google_editors_picks=true
2012-09-05,09:18:56,zd5ok,32,"Monastery defaced by Israeli settlers who write ""Jesus is a monkey"" on the walls",latimesblogs.latimes.com,http://latimesblogs.latimes.com/world_now/2012/09/christian-monastery-defiled-by-vandals-in-israel.html
2012-09-05,04:30:28,zcmzy,30,"80,000 bare-breasted virgins dance for king of Swaziland",globalpost.com,http://www.globalpost.com/dispatch/news/regions/africa/120904/80000-bare-breasted-virgins-dance-king-swaziland-video
2012-09-05,02:11:42,zce6o,28,"Karzai's choice for Afghan intelligence chief suspected of torture, trafficking",cnn.com,http://www.cnn.com/2012/09/04/world/asia/afghanistan-intelligence-chief/index.html?hpt=hp_t3
