2012-12-31,18:24:31,15pw8c,2143,A young Nepali woman returning from Saudi Arabia is robbed by immigration officials and raped by a policeman ,nepalitimes.com,http://www.nepalitimes.com/issue/2012/12/31/Nation/19895#.UOFnoeT28X5
2012-12-31,14:13:08,15pni6,1986,Victim's brother wants Indian gang rapists hanged,abc.net.au,http://www.abc.net.au/news/2012-12-31/indian-gang-rape-victims-brother-calls-for-hangings/4448626
2012-12-31,03:29:13,15oms2,1442,Scientists fear Canada will fish bluefin tuna and other species to extinction,thestar.com,http://www.thestar.com/news/insight/article/1307961--scientists-fear-canada-will-fish-bluefin-tuna-and-other-species-to-extinction
2012-12-31,19:32:05,15pxs9,954,New rights will 'effectively end homelessness' in Scotland ,bbc.co.uk,http://www.bbc.co.uk/news/uk-scotland-scotland-politics-20870160
2012-12-31,11:30:05,15pek1,481,"Controversial surgery in China for addiction burns away brain's pleasure center: By destroying parts of the brain's ""pleasure centers"" in heroin addicts and alcoholics, these Chinese neurosurgeons hope to stop drug cravings",healthland.time.com,http://healthland.time.com/2012/12/13/controversial-surgery-for-addiction-burns-away-brains-pleasure-center/
2012-12-31,09:44:09,15p8it,476,A French weekly known for publishing cartoons of the Prophet Mohammed to the ire of conservative Muslims said Sunday it plans to release a comic book biography of Islam’s founder that will be researched and educational,english.alarabiya.net,http://english.alarabiya.net/articles/2012/12/30/257794.html
2012-12-31,09:38:33,15p87m,223,"""The Opec oil cartel, led by Saudi Arabia, will pocket a record of more than US$1tn in net oil revenues in 2012 as the annual average price for Brent, the benchmark, heads to an all-time high in spite of weak economic growth.""",ft.com,http://www.ft.com/cms/s/0/eedc5b56-50da-11e2-9623-00144feab49a.html#axzz2GaZA3sOK
2012-12-31,01:20:25,15ofyi,217,"Police Trap Reveals How Afghan ‘Insider Attacks’ Work - The Taliban believed Beyar Khan Weyaar was perfect candidate to prepare an insider attack on Afghan police, but instead he set a daring trap that has given a rare insight into suicide bombing tactics.",rawstory.com,http://www.rawstory.com/rs/2012/12/30/police-trap-reveals-how-afghan-insider-attacks-work/
2012-12-31,21:19:46,15q0au,193,Sunshine is abundant in Qatar. All that untapped solar power could create a new energy economy in this oil-rich nation. Researchers are already testing solar-powered cooling systems and water desalination plants,dw.de,http://www.dw.de/solar-power-sparks-innovation-in-oil-rich-qatar/a-16427243
2012-12-31,23:43:14,15q5xq,176,"Energy Company Staff Discovered Working at Climate Ministry -   Green party MP says fossil fuel giants have no place there. ""...it's even more outrageous taxpayers are footing the bill.""  At a time British Gas customers are struggling, it's  to make £1.4bn profits this year. ",guardian.co.uk,http://www.guardian.co.uk/environment/2012/dec/30/energy-companies-climate-ministry-decc
2012-12-31,00:55:21,15oeq9,171,"
It'll take less than 2 inches of rain by month's end to make 2012 the wettest year ever in Britain - How Britain went from a drought to a deluge",guardian.co.uk,http://www.guardian.co.uk/uk/2012/dec/29/britain-drought-deluge-south-west
2012-12-31,01:20:09,15ofxx,148,"Pakistan militants kill 41 in mass execution, attack on Shi'ites",mobile.reuters.com,http://mobile.reuters.com/article/idUSBRE8BT00T20121230?irpc=932
2012-12-31,05:21:46,15ot9j,106,Abu Qatada family say they want to leave 'racist' UK - Telegraph,telegraph.co.uk,http://www.telegraph.co.uk/news/uknews/terrorism-in-the-uk/9771576/Abu-Qatada-family-say-they-want-to-leave-racist-UK.html
2012-12-31,10:55:12,15pcke,96,"Yahoo exits S. Korea, halts service",english.yonhapnews.co.kr,http://english.yonhapnews.co.kr/news/2012/12/31/0200000000AEN20121231002651320.HTML
2012-12-31,04:33:50,15oqi8,83,"Afghans angry at US soldiers who drove away in the night leaving rent unpaid: US forces left behind piles of equipment, an unpaid rent bill and a festering land dispute that threatens to undermine the Afghan government when they moved out of a volatile corner of eastern Kunar province",guardian.co.uk,http://www.guardian.co.uk/world/2012/dec/30/afghanistan-us-military-rent-land-dispute
2012-12-31,16:44:08,15ptf9,84,"Costa Rica moves toward national ban on hunting --  Costa Rica, a tropical country known for its national parks and ecotourism, has gone one step further to protect its environment: a ban on hunting.",pri.org,http://www.pri.org/stories/science/environment/costa-rica-moves-toward-national-ban-on-hunting-12505.html
2012-12-31,06:11:56,15ow6r,77,Syrian rebels 'beheaded Christian and fed him to dogs' | THE AUSTRALIAN,theaustralian.com.au,http://www.theaustralian.com.au/news/world/syrian-rebels-beheaded-christian-and-fed-him-to-dogs/story-fnb64oi6-1226545322022
2012-12-31,01:23:09,15og3c,68," Russia Sends Another Naval Ship to Syria - No reason given, but Russian diplomats say Moscow is preparing  to evacuate thousands of Russians from Syria if necessary.",news.yahoo.com,http://news.yahoo.com/reports-russia-sends-another-naval-ship-syria-155143740.html
2012-12-31,04:45:39,15or69,65,Indian rape victim was 'planning to marry man she was attacked with' - Telegraph,telegraph.co.uk,http://www.telegraph.co.uk/news/9771480/Indian-rape-victim-was-planning-to-marry-man-she-was-attacked-with.html
2012-12-31,20:42:14,15pzap,54,Pregnant US woman Caitlan Coleman missing in Afghanistan with husband,bbc.co.uk,http://www.bbc.co.uk/news/world-asia-20873679
2012-12-31,10:37:59,15pbkc,54,Will Egypt's Jon Stewart be stifled? - CNN.com,cnn.com,http://www.cnn.com/2012/12/30/opinion/hellyer-egypt-youssef/index.html
2012-12-31,16:39:20,15pt9q,48,"Pakistani Taliban execute captured policemen:  At least 21 men who belonged to a paramilitary force shot dead in Peshawar by their captors, say government officials.",aljazeera.com,http://www.aljazeera.com/news/asia/2012/12/20121229214853934265.html
2012-12-31,00:51:11,15oeiw,48,"National Trust triess to block £100m Giant's Causeway golf course - 
Campaigning group challenges Donald Trump-style plan backed by Northern Irish politicians for 5-star resort on world heritage site",guardian.co.uk,http://www.guardian.co.uk/uk/2012/dec/29/national-trust-giants-causeway-golf-course
2012-12-31,00:50:28,15oehp,50,German magazine mistakenly publishes obituary for former US President George H.W. Bush,m.washingtonpost.com,http://m.washingtonpost.com/business/german-magazine-mistakenly-publishes-obituary-for-former-us-president-george-hw-bush/2012/12/30/c6be4f12-5283-11e2-abc4-3d33329b6128_story.html
2012-12-31,08:31:38,15p43p,41,"Sex, drugs and rock and roll: Australia's other boom
| Reuters",reuters.com,http://www.reuters.com/article/2012/12/30/us-australia-boom-idUSBRE8BT00K20121230
2012-12-31,16:25:34,15pstn,38,The UN officially ends its peacekeeping mission in  Timor-Leste.,bbc.co.uk,http://www.bbc.co.uk/news/world-asia-20873267
2012-12-31,08:02:48,15p2hw,37,Mexico City Animal Cruelty Cases Can Now Result In Prison Terms For Abusers,huffingtonpost.com,http://www.huffingtonpost.com/2012/12/30/mexico-city-animal-cruelty_n_2381776.html?1356887201&ncid=edlinkusaolp00000009
2012-12-31,22:24:32,15q2pr,23,Indiegogo site shuts down B.C. writer’s fundraiser for Syrian relatives,news.nationalpost.com,http://news.nationalpost.com/2012/12/31/crowd-sourcing-site-shuts-down-b-c-writers-fundraiser-for-syrian-relatives-trapped-in-war-torn-aleppo/
2012-12-31,17:03:00,15pu1l,30,Five elephants crushed under speeding train in Odisha (India),timesofindia.indiatimes.com,http://timesofindia.indiatimes.com/home/environment/flora-fauna/Five-elephants-crushed-under-speeding-train-in-Odisha/articleshow/17825032.cms
2012-12-31,07:57:46,15p26o,28,"In Brazil, a river dam collides with the past: Environmental and indigenous groups have protested the Xingu River project, which the government says is needed to bring power to the booming country",latimes.com,"http://www.latimes.com/news/nationworld/world/la-fg-brazil-amazon-dam-20121230,0,2259355.story"
