2012-10-18,03:02:19,11n36a,2951,"8,000-yr-old carvings in stone destroyed in Morocco’s High Atlas Mountains by Salafists, Muslims who strictly prohibit idolatry - The carvings depicted the sun as a divinity. “One of the carvings, called the ‘plaque of the sun,’ predates the arrival of the Phoenicians in Morocco.” ",google.com,http://www.google.com/hostednews/afp/article/ALeqM5j8YTcHzPr8qkQj8Be68BkdE6L1pA?docId=CNG.bbe1d6490ab6ef1279c6c7aa83c20199.261
2012-10-18,20:35:03,11ongs,2439,"Apple loses tablet copyright appeal against Samsung
| Reuters",reuters.com,http://www.reuters.com/article/2012/10/18/us-apple-samsung-idUSBRE89H0DW20121018
2012-10-18,00:38:48,11mtwb,2275,Afghan girl 'beheaded for refusing prostitution'. Afghan police have arrested four people who allegedly tried to force a woman into prostitution and beheaded her when she refused,telegraph.co.uk,http://www.telegraph.co.uk/news/worldnews/asia/afghanistan/9615231/Afghan-girl-beheaded-for-refusing-prostitution.html
2012-10-18,04:51:44,11naq7,1737,Taliban thinks the media is biased because everyone is angry at them for trying to kill a 14 years old girl,thedailybeast.com,http://www.thedailybeast.com/articles/2012/10/16/pakistani-taliban-declare-war-on-media.html
2012-10-18,20:23:34,11on49,657,The BBC is facing deliberate jamming of its transmissions to audiences in Europe and the Middle East. ,bbc.co.uk,http://www.bbc.co.uk/mediacentre/statements/transmission-interference.html
2012-10-18,22:37:07,11os4p,568,Protests As Ireland's 1st Abortion Clinic Opens,npr.org,http://www.npr.org/templates/story/story.php?storyId=163141673
2012-10-18,19:07:38,11ol2n,481,"
Egyptian teacher 'cut hair of schoolgirls who refused to cover heads': Teacher in Luxor province accused of punishing two pupils for not wearing Muslim headscarf
",guardian.co.uk,http://www.guardian.co.uk/world/2012/oct/17/egyptian-teacher-hair-schoolgirls
2012-10-18,20:30:25,11onbl,473,Twitter Shuts Out German Neo-Nazi Group’s Account,nytimes.com,http://www.nytimes.com/aponline/2012/10/18/business/ap-eu-germany-twitter.html?partner=rss&emc=rss&smid=tw-nytimes&_r=0
2012-10-18,17:53:57,11oj9i,420,BBC News - Are Greek police 'colluding' with far-right Golden Dawn?,bbc.co.uk,http://www.bbc.co.uk/news/world-europe-19983575
2012-10-18,02:51:14,11n2g1,323,"Teenage girl gang-raped, set on fire in Bengal",timesofindia.indiatimes.com,http://timesofindia.indiatimes.com/india/Teenage-girl-gang-raped-set-on-fire-in-Bengal/articleshow/16849421.cms
2012-10-18,21:54:00,11oq9i,271,"A first-time treasure hunter finds one of the largest Roman gold coin hoards ever discovered in the UK – thought to be worth £100,000",hemeltoday.co.uk,http://www.hemeltoday.co.uk/news/local/first-time-berkhamsted-metal-detector-finds-one-of-uk-s-largest-roman-coin-hoards-worth-100-000-1-4379649
2012-10-18,23:16:16,11ou3w,262,"
Britain’s High-Tech Thought Police: Authorities target bloggers, tweeters, and t-shirt wearers for speech crimes - Barry Thew was sentenced to 8 months in jail for wearing a t-shirt that said, “One less pig — perfect justice”, a few hours after two police officers were shot dead",reason.com,http://reason.com/archives/2012/10/17/britains-high-tech-thought-police
2012-10-18,19:38:36,11olvi,214,Turkish pianist on trial for insulting Islam,chron.com,http://www.chron.com/news/world/article/Turkish-pianist-on-trial-for-insulting-Islam-3958593.php
2012-10-18,02:58:30,11n2x9,156,"Bank of England's Deputy governor says that the ""Worst may still be ahead for banking"" and that Banks must be able to fail in an orderly way, without taxpayer support.",bbc.co.uk,http://www.bbc.co.uk/news/business-19978900
2012-10-18,06:19:19,11nh5m,134,"Days after police stormed one of Rio de Janeiro's most dangerous shantytowns, city health and welfare workers are working to ease the despair and devastation left behind among hundreds of crack cocaine addicts suddenly without drugs.",hosted.ap.org,http://hosted.ap.org/dynamic/stories/L/LT_BRAZIL_CRACK?SITE=RIPAW&SECTION=HOME&TEMPLATE=DEFAULT
2012-10-18,22:11:13,11oqyp,105,"Belfast judge: Gay, unmarried couples can adopt",thestate.com,http://www.thestate.com/2012/10/18/2485523/belfast-judge-gay-unmarried-couples.html
2012-10-18,00:26:17,11mt3z,89,"Europe Has Worst Grape Harvest in Half Century - 
Drought, frost & hail ravaged  harvest, which is expected to slump by 20% compared 2011. Italy's grape crop dropped 7%.  The European wine harvest automatically has a global impact since it accounts for 62% of worldwide wine production.",heraldsun.com.au,http://www.heraldsun.com.au/news/breaking-news/worst-grape-harvest-in-half-century-experts/story-e6frf7k6-1226498204698
2012-10-18,21:25:30,11op5c,70,BBC Nature - In pictures: Wildlife Photographer of the Year winners,bbc.co.uk,http://www.bbc.co.uk/nature/19978529
2012-10-18,22:53:15,11osxm,57,"Pakistan's aggressive polio vaccination program has cut cases of polio to 1/3 of the 198 reported last year. However, 75 percent of Pakistan's polio cases can be traced back to certain areas controlled by the Taliban. ",npr.org,http://www.npr.org/blogs/health/2012/10/17/162595455/how-the-taliban-is-thwarting-the-war-on-polio
2012-10-18,06:51:56,11njcl,53,Farmer in India named worlds oldest new dad at age 96  ,gma.yahoo.com,http://gma.yahoo.com/blogs/abc-blogs/worlds-oldest-dad-96-144041967--abc-news-topstories.html
2012-10-18,19:18:06,11old3,36,Hungary far-right marches to denounce Roma.,chicagotribune.com,"http://www.chicagotribune.com/news/sns-rt-us-hungary-farrightbre89g1mn-20121017,0,6751414.story"
2012-10-18,23:26:14,11ounh,37,Texas man with Iranian passport pleads guilty in plot to kill Saudi ambassador,blogs.star-telegram.com,http://blogs.star-telegram.com/crime_time/2012/10/corpus-christi-man-with-iranian-passport-pleads-guilty-in-plot-to-kill-saudi-ambassador.html
2012-10-18,22:13:51,11or33,30,"At least 28,000 Syrians 'forcibly disappeared' ",cnn.com,http://www.cnn.com/2012/10/18/world/meast/syria-civil-war/index.html?hpt=hp_t3
2012-10-18,10:09:57,11nwig,30,"Cellphone video recorded earlier this year at an operations center of a U.S. defense contractor in Kabul, Afghanistan appears to show key personnel staggeringly drunk or high on narcotics, in what former employees say was a pattern of outrageous behavior",abcnews.go.com,http://abcnews.go.com/Blotter/video-shows-drunk-stoned-us-security-contractors/story?id=17493189
2012-10-18,10:36:59,11nygq,25,"Greece, Spain 'in depression': Nobel winner Stiglitz ",france24.com,http://www.france24.com/en/20121017-greece-spain-depression-nobel-winner-stiglitz
2012-10-18,05:59:16,11nfqc,20,Uruguay senate backs first-trimester abortion - CNN.com,cnn.com,http://www.cnn.com/2012/10/17/world/americas/uruguay-abortion/index.html
2012-10-18,03:57:18,11n70z,19,"Despite promises to reform their textbooks, the Saudi education system continues to indoctrinate children with hatred and incitement. Seven current and former heads of major publishing houses address the critical importance of words.",thedailybeast.com,http://www.thedailybeast.com/articles/2012/10/17/saudi-textbooks-incite-hate-say-leaders-in-american-publishing.html
2012-10-18,18:08:02,11ojm2,20,Young and hungry in India,in.reuters.com,http://in.reuters.com/news/pictures/slideshow?articleId=INRTR397DN
2012-10-18,17:16:06,11oico,17,Canada child porn investigation leads to 21 arrests,bbc.co.uk,http://www.bbc.co.uk/news/world-us-canada-19986536
2012-10-18,15:35:46,11of94,17,Iran and Turkey Join Syria Peace Envoy in Call for Truce,nytimes.com,http://www.nytimes.com/2012/10/18/world/middleeast/iran-and-turkey-join-syria-peace-envoy-in-truce-call.html?_r=0
