2012-08-25,23:04:38,yt0kh,2960,Navy advisor stripped of her career for alerting Washington of Admirals plan to provoke Iran,m.washingtonpost.com,http://m.washingtonpost.com/lifestyle/magazine/sunk/2012/08/21/96209788-cebd-11e1-aa14-708bac2c7ee9_story.html
2012-08-25,06:47:37,yryn3,2280,"""Criminals are not primarily wrongdoers to be punished, but broken people to be fixed."" Why the Norwegian Justice aims to benefit even the offender. ""University of Oslo professor Thomas Mathiesen, say it's better for society overall because it isn't about ""revenge, but sober, dignified treatment.""""",theatlantic.com,http://www.theatlantic.com/international/archive/2012/08/a-different-justice-why-anders-breivik-only-got-21-years-for-killing-77-people/261532/
2012-08-25,00:39:31,yraxi,2054,"As she nears death, Chinese hail woman who saved 30 babies from trash ",behindthewall.nbcnews.com,http://behindthewall.nbcnews.com/_news/2012/08/23/13438436-as-she-nears-death-chinese-hail-woman-who-saved-30-babies-from-trash?lite
2012-08-25,02:04:20,yrghs,1848, Secret Police Documents Reveal WikiLeaks Founder To Be Arrested In Any Attempt To Leave. Lewis Whyld of the Press Association took the pictures of the documents on a clipboard carried by a police standing outside the building.,huffingtonpost.co.uk,http://www.huffingtonpost.co.uk/2012/08/24/julian-assange-secret-police-documents-ecuador_n_1827891.html?utm_hp_ref=uk
2012-08-25,02:09:15,yrgsz,1686,Update. 100 years old time capsule opened in Norway. It contained letters and documents.,vg.no,http://www.vg.no/nyheter/innenriks/artikkel.php?artid=10060370
2012-08-25,20:22:30,ysw5d,1434,Pakistan Taliban chief killed by NATO strike ,aljazeera.com,http://www.aljazeera.com/news/asia/2012/08/20128256313859267.html
2012-08-25,22:58:07,yt0c4,791,"Monitoring File-Sharers Forbidden in Norway: From today, file-sharers in Norway can download pretty much whatever they like without facing any consequences... after the only law firm in the country permitted to monitor file-sharing networks lost its license and were denied a new one",torrentfreak.com,https://torrentfreak.com/bittorrent-bonanza-monitoring-file-sharers-forbidden-in-norway-120825/
2012-08-25,21:04:16,ysx2u,471,"Mexican police open fire at US embassy vehicle, wounding three.",afp.com,http://www.afp.com/en/news/topstories/mexico-police-shoot-us-embassy-car
2012-08-25,04:32:28,yrq4h,237,Why George Orwell is as relevant today as ever,guardian.co.uk,http://www.guardian.co.uk/commentisfree/2012/aug/24/george-orwell-relevant-today-ever
2012-08-25,22:12:52,ysyy3,192,(ABC News) — A Pakistani Christian girl detained on accusations of defaming Islam has been refused a meeting with a lawyer,abc.net.au,http://www.abc.net.au/news/2012-08-23/an-pakistani-christian-girl-detained-for-blasphemy/4218950
2012-08-25,23:15:57,yt109,156,"Travis McCrea: Our latest Wikileaks release shows that the United States is assassinating Mexicans without trial, and the ATF gunwalking scandal may have just been the latest controversy in a longer chain of corruption",falkvinge.net,http://falkvinge.net/2012/08/25/fast-and-furious-a-prequal/
2012-08-25,00:02:08,yr8ns,137,"Foreign companies have bought up 124 million hectares of land in Africa in the past decade, resulting in the eviction of smallholding farmers, sometimes by force, from their ancestral lands, former IMF chief warns.",globalpublicsquare.blogs.cnn.com,http://globalpublicsquare.blogs.cnn.com/2012/08/23/how-to-beat-africas-water-crisis/
2012-08-25,01:01:47,yrce1,131,WATCH LIVE 100 year old package opens at 12pm est in Norway,vgtv.no,http://www.vgtv.no/#!id=55544
2012-08-25,01:32:26,yrefc,91,"Drones to watch over UK streets: Unmanned police drones, comparable to those used in war zones such as Afghanistan, could soon be secretly watching over the streets of UK cities",rt.com,https://rt.com/news/uk-drone-spy-citizens-471/
2012-08-25,16:38:03,ysrar,85,"23 year old female threatens a 69 year old male on a flight to Saskatoon. Oh yeah...he's a Senator, and she's his wife. ",ctvnews.ca,http://www.ctvnews.ca/canada/senator-s-wife-charged-with-disturbance-on-plane-1.929234
2012-08-25,22:10:37,ysyv8,77,"Expect more farm protests in Spain. As the EU pays landed owners like the Duke of Segorbe whether or not they actually produce crops and more government austerity is on the horizon, Spanish farm workers are getting bolder and history is repeating itself.",guardian.co.uk,http://www.guardian.co.uk/commentisfree/2012/aug/25/farm-protests-spain?CMP=twt_gu
2012-08-25,21:48:17,ysy67,73,Pakistani Islamists Bomb Women’s Clothing Store,dailytimes.com.pk,http://www.dailytimes.com.pk/default.asp?page=2012%5C08%5C23%5Cstory_23-8-2012_pg7_7#.UDdXjbfSgFA.reddit
2012-08-25,14:03:04,yslys,75,President of Gambia plans mass executions by next month.,nytimes.com,http://www.nytimes.com/2012/08/25/world/africa/president-yahya-jammeh-of-gambia-warns-of-mass-executions.html?hp&gwh=2E16F72BCB79019174B08C2226CD2506
2012-08-25,21:11:48,ysx8k,64,"19 dead, 53 hurt in Venezuela refinery blast",news.yahoo.com,http://news.yahoo.com/seven-dead-48-hurt-venezuela-refinery-blast-105158340.html
2012-08-25,18:48:58,ysu8s,61,Mexico scrambles to cope with egg shortage ,finance.yahoo.com,http://finance.yahoo.com/news/mexico-scrambles-cope-egg-shortage-223936008.html
2012-08-25,07:10:31,yrzxn,63,"Gunmen inside what was described as a Mexican federal police vehicle fired upon a U.S. Embassy vehicle, said the official, who declined to be named for security reasons.",cnn.com,http://www.cnn.com/2012/08/24/world/americas/mexico-shooting-us-marines/index.html
2012-08-25,07:02:30,yrzhg,54,"Thousands of young Chileans marched peacefully on Thursday in different cities demanding education reform and equal conditions and rights for all young Chileans, amid a heightened police presence.",en.mercopress.com,http://en.mercopress.com/2012/08/24/thousands-of-chilean-students-march-demanding-education-reform
2012-08-25,23:42:25,yt25d,51,Black teenager 'stopped 50 times' plans to sue Met police for harassment,guardian.co.uk,http://www.guardian.co.uk/uk/2012/aug/24/black-teenager-met-police
2012-08-25,03:29:38,yrm5w,49,"France's diplomats to push for universal ban on death penalty across the world. Foreign minister Laurent Fabius expects resistance from US, China. ",salon.com,http://www.salon.com/2012/08/23/france_to_push_for_universal_ban_on_death_penalty/singleton/
2012-08-25,19:52:13,ysvhw,47,"If Bashar Falls, What Will Happen to Syria's Alawites and Kurds?",linktv.org,http://www.linktv.org/mosaic/blog/post/1256/if-bashar-falls-what-will-happen-to-syrias-alawites-and-kurds
2012-08-25,01:38:29,yreuk,44,357 arrested in massive cybercrime sting in Philippines: The massive sting operation shuttered a large-scale account takeover scam that was plaguing bank account holders on mainland China,nakedsecurity.sophos.com,http://nakedsecurity.sophos.com/2012/08/24/cybercrime-sting-philippines/
2012-08-25,21:40:33,ysxyy,44,China is moving ahead with the development of a new and more capable generation of intercontinental ballistic missiles and submarine-launched missiles,nytimes.com,http://www.nytimes.com/2012/08/25/world/asia/chinas-missile-advances-aimed-at-thwarting-us-defenses-analysts-say.html?_r=2&smid=tw-nytimesglobal&seid=auto
2012-08-25,22:49:20,yt00g,39,Egypt blocks 120 tunnels in the Sinai: Security sources  | NDTV.com,ndtv.com,http://www.ndtv.com/article/world/egypt-blocks-120-tunnels-in-the-sinai-security-sources-259100
2012-08-25,05:57:51,yrvgz,37,In the German city of Bonn prostitutes pay their taxes through a converted parking meter. They pay 6 Euros each per night. (google translation),translate.google.co.uk,http://translate.google.co.uk/translate?sl=de&tl=en&js=n&prev=_t&hl=en&ie=UTF-8&layout=2&eotf=1&u=http%3A%2F%2Fwww.fr-online.de%2Fpanorama%2Fprostitution-sexsteuer-automat-bringt-bonn-35-000-euro%2C1472782%2C16960838.html
2012-08-25,10:15:13,ysa9r,24,"Live bullfights back on Spanish state TV, decides the new right wing government after outcry over 'shunning of culture'",guardian.co.uk,http://www.guardian.co.uk/world/2012/aug/24/bullfighting-returns-spanish-state-tv
