2012-08-26,20:25:19,yul46,1923,'Anti-church hysteria' spreads across Russia: Four Orthodox Christian crosses have been chopped down in different parts of Russia... after the Femen movement attacked a cross in Kiev to protest the sentence of the punk band Pussy Riot,rt.com,https://rt.com/news/cross-arkhangelsk-564/
2012-08-26,23:34:45,yuqc3,1259,"An Israeli bus driver refused to take Palestinian passengers on board, was ordered to do so by police, and took his revenge by forcing them off the bus at the entrance to a settlement. The bus company: “The driver acted exactly as expected of him.”",972mag.com,http://972mag.com/bus-company-backs-driver-who-refused-palestinian-passengers-on-board/54461/
2012-08-26,19:37:39,yuk5q,637,'Ban Islam in Sweden': Sweden Democrat,thelocal.se,http://www.thelocal.se/42828/20120826/
2012-08-26,14:58:57,yud6f,512,"Israel breaks silence over army abuses
Ex-soldiers admit to appalling violence against Palestinian children
",independent.co.uk,http://www.independent.co.uk/news/world/middle-east/israel-breaks-silence-over-army-abuses-8081393.html
2012-08-26,15:46:31,yuewe,488,"Kim Jong-un threatens ""all-out war"" in wake of US-South Korea military exercise",thejakartaglobe.com,http://www.thejakartaglobe.com/international/north-koreas-kim-threatens-war-over-us-south-korea-drill/540339
2012-08-26,09:34:33,ytxg9,212,Britain Withdraws Threat to Raid Embassy in Assange Standoff,nytimes.com,http://www.nytimes.com/reuters/2012/08/25/world/europe/25reuters-wikileaks-assange-ecuador.html
2012-08-26,14:14:02,yub9u,184,"Israel's investigation into the death of Rachel Corrie has failed to be ""thorough, credible and transparent,"" U.S. Ambassador to Israel Dan Shapiro told the Corrie family",commondreams.org,https://www.commondreams.org/headline/2012/08/24-1
2012-08-26,04:25:11,ytg4w,179,Neil Armstrong dead age 82.,bbc.co.uk,http://www.bbc.co.uk/news/world-us-canada-19381098
2012-08-26,05:48:26,ytl6l,167,"Correa recalls the UK non extradition of Pinochet. “If Pinochet was not extradited for humanitarian reasons then it's clear that they can take the decision not to extradite Mr. Julian Assange,” Correa said.",en.mercopress.com,http://en.mercopress.com/2012/08/24/correa-recalls-the-uk-non-extradition-of-pinochet-on-humanitarian-reasons
2012-08-26,00:49:29,yt4y6,161,"Oil was supposed to catapult Ecuador out of poverty. Instead it resulted in immeasurable ecological damage, social disruption, assassinations and coups, overwhelming debt, and an economy that is radically skewed to favor the rich. Predatory capitalism, its sole goal to maximize corporate profits.",commondreams.org,http://www.commondreams.org/view/2012/08/25-3
2012-08-26,05:51:37,ytld5,138,''Tobacco holocaust'' as tobacco companies aggressively target poor nations.,theage.com.au,http://www.theage.com.au/national/crisis-looms-as-industry-lights-up-asia-20120825-24tls.html
2012-08-26,23:23:22,yupxn,117,Two Pussy Riot members flee Russia: Two members of band who escaped arrest after February's protest in Moscow's main cathedral leave the country,guardian.co.uk,http://www.guardian.co.uk/music/2012/aug/26/two-pussy-riot-flee-russia
2012-08-26,12:44:32,yu71v,98,"Libya Islamists destroy Sufi shrines, library ",news.yahoo.com,http://news.yahoo.com/libya-islamists-destroy-sufi-shrines-library-military-113158197.html?_esi=1
2012-08-26,02:06:06,yt8ne,91,"Last-hope prostate drug not funded. There are two tiers of men with advanced prostate cancer in Ontario: Those who get access to a remarkable drug through private insurance, and those who get a death sentence.",lfpress.com,http://www.lfpress.com/news/london/2012/08/22/20130276.html
2012-08-26,22:58:10,yup2j,74,Venezuelan President Hugo Chavez has ordered an urgent investigation to find the cause of a huge explosion at the country's biggest oil refinery.,bbc.co.uk,http://www.bbc.co.uk/news/world-latin-america-19383603
2012-08-26,03:24:30,ytcn1,70,"UK refuses to extradite ""most-wanted pedophile"" on human rights grounds, but still intent on extraditing Assange. Why?",newsfeed.time.com,http://newsfeed.time.com/2012/06/29/britain-refuses-to-extradite-u-s-sex-crimes-suspect-on-human-rights-grounds/
2012-08-26,20:42:42,yulh0,58,Vatican Urges G20 To Convene Crisis Summit On Food Prices: Holy See Attacks Grain Speculators For Profiting From The Most Poor And Needy On The Planet,independent.co.uk,http://www.independent.co.uk/news/world/politics/vatican-urges-g20-to-convene-crisis-summit-on-food-prices-8076849.html
2012-08-26,14:15:04,yubbb,62,"Syrian envoy: We'll destroy Israeli nuclear facilities with 20 missiles | Jordanian media report that Syria's ambassador in Amman, Bahjat Suleiman said that his country is capable of destroying Israel's nuclear facilities should Damascus come under attack

",ynetnews.com,"http://www.ynetnews.com/articles/0,7340,L-4272386,00.html"
2012-08-26,11:57:11,yu4po,57,"Several Orthodox Christian crosses have been chopped down in different parts of Russia. The incidents come after the Femen movement attacked a cross in Kiev to protest the sentence of the punk band Pussy Riot, who received two years in prison. ",rt.com,http://rt.com/news/cross-arkhangelsk-564/
2012-08-26,21:07:33,yum05,60,"
Russia to help Europe fight forest fires
",english.ruvr.ru,http://english.ruvr.ru/2012_08_26/Russia-to-help-Europe-fight-forest-fires/
2012-08-26,09:00:35,ytvpq,58,Dozens of Bodies Are Found in Town Outside Damascus - Possibly over 200 bodies found,nytimes.com,http://www.nytimes.com/2012/08/26/world/middleeast/Syria.html?_r=1
2012-08-26,08:39:07,ytujd,50,"A huge explosion rocked Venezuela's biggest oil refinery and unleashed a ferocious fire on Saturday, killing at least 26 people and injuring more than 80 others in one of the deadliest disasters ever to hit the country's key oil industry.",hosted.ap.org,http://hosted.ap.org/dynamic/stories/L/LT_VENEZUELA_REFINERY_EXPLOSION?SITE=RIPAW&SECTION=HOME&TEMPLATE=DEFAULT
2012-08-27,00:31:06,yusmk,46,German minister rejects more time for Greece ,boston.com,http://www.boston.com/news/world/europe/2012/08/26/report-germany-seeks-european-integration-pact/FcUOK0FR3XWHCUpMq4oBML/story.html
2012-08-26,10:28:44,yu06a,43,"Pussy Riot verdict: as we condemn Russia, we expose ourselves as hypocrites",guardian.co.uk,http://www.guardian.co.uk/theobserver/2012/aug/26/the-big-issue-pussy-riot-verdict
2012-08-26,11:56:08,yu4o4,45, French President François Hollande echoed comments made by German Chancellor Angela Merkel when he said after a meeting with Greek Prime Minister Antonis Samaras on Saturday that Greece must stay in the euro zone. ,france24.com,http://www.france24.com/en/20120825-paris-hollande-urges-europe-act-fast-greece-samaras-talks-troika-report-merkel-euro
2012-08-26,19:51:18,yukfg,36,Former Israeli soldiers disclose routine mistreatment of Palestinian children,guardian.co.uk,http://www.guardian.co.uk/world/2012/aug/26/israeli-soldiers-mistreatment-palestinian-children
2012-08-27,00:07:19,yurkp,38,Lebanon fears a firestorm as old rifts that led to civil war open up again,guardian.co.uk,http://www.guardian.co.uk/world/2012/aug/26/lebanon-fears-firestorm
2012-08-26,13:19:22,yu8qa,33,Arctic Ice Cap on Track for Record Shrinkage By Next Week,good.is,http://www.good.is/post/arctic-ice-cap-on-track-for-record-shrinkage-by-next-week/
2012-08-26,06:15:37,ytmqr,32,"Burma floods drive tens of thousands from their homes: Worst monsoon flooding in years submerges hundreds of thousands of hectares of rice fields, causing 85,000 to flee
",guardian.co.uk,http://www.guardian.co.uk/world/2012/aug/25/burma-floods
2012-08-26,06:15:12,ytmpj,28,"Fatal attacks prompt call to lift ban on killing great white sharks: Five swimmers have been killed in Western Australia in a year. Now local officials want great whites off the protected species list
",guardian.co.uk,http://www.guardian.co.uk/environment/2012/aug/25/great-white-shark-attacks-australia
