2012-02-15,19:32:02,pql45,2296,Bulgaria refuses to ratify ACTA,rt.com,http://rt.com/news/acta-bulgaria-protesters-ratification-353/
2012-02-15,10:43:24,pq44k,2254,Dutch Parliament Rejects ACTA On Human Rights Violations,torrentfreak.com,http://torrentfreak.com/dutch-parliament-rejects-acta-on-human-rights-violations-120214/
2012-02-15,04:45:40,pplvh,1937,Academics vote 'shitstorm' as German's best English loanword,globalpost.com,http://www.globalpost.com/dispatch/news/regions/europe/germany/120214/academics-vote-shitstorm-germans-best-english-loanword
2012-02-15,21:04:40,pqn2q,350,Iran Cuts Oil Exports to Europe; Begins Using Its Own Nuclear Fuel,theatlanticwire.com,http://www.theatlanticwire.com/global/2012/02/iran-cuts-oil-exports-europe-begins-using-its-own-nuclear-fuel/48720/
2012-02-16,04:28:43,pr6fg,276,Greece is Now the Unhappiest Nation in Europe,motherjones.com,http://motherjones.com/kevin-drum/2012/02/greece-now-unhappiest-nation-europe
2012-02-15,21:56:51,pqoez,252,"Iran activates nuclear reactor, says underground bunker is fully operational",washingtonpost.com,http://www.washingtonpost.com/world/iran-activates-nuclear-reactor-says-underground-bunker-is-fully-operational/2012/02/15/gIQAHN2WFR_story.html
2012-02-15,23:44:21,pqsct,211,Return of the toy protesters. Siberian authorities ban new protest because toys 'are not citizens of Russia',guardian.co.uk,http://www.guardian.co.uk/world/2012/feb/15/toys-protest-not-citizens-russia
2012-02-15,20:23:37,pqm49,190,"Honduras prison fire kills at least 272 inmates, official says: another describes ""hellish"" scenes.",hosted.ap.org,http://hosted.ap.org/dynamic/stories/L/LT_HONDURAS_PRISON_FIRE?SITE=AP&SECTION=HOME&TEMPLATE=DEFAULT&CTIME=2012-02-15-06-59-39
2012-02-16,00:00:35,pqt1b,179,"Gaza Strip’s only power station, which supplies the Palestinian enclave with up to two-thirds of its energy needs, has been shut down due to a shortage of fuel smuggled in from neighboring Egypt",news.nationalpost.com,http://news.nationalpost.com/2012/02/14/gaza-power-plant-runs-out-of-smuggled-fuel-shuts-down/
2012-02-15,13:24:51,pqbuf,171,"Palestinian man arrested by Israel, held without charge, is on day #59 of a hunger strike.",google.com,http://www.google.com/hostednews/afp/article/ALeqM5he-8sTx1NrW2h-1wWS5RkCPH9inA?docId=CNG.0f0f45ab01c8fa04e4b488d1b8562ee9.d1
2012-02-16,01:49:37,pqy9v,149,'These are clearly crimes against humanity':  The Head of Human Rights Watch Kenneth Roth says the Assad regime is committing crimes against humanity and condemns Russia and China for their callous indifference towards Syrian lives. ,dw.de,"http://www.dw.de/dw/article/0,,15741678,00.html"
2012-02-15,00:56:33,ppa94,147,"Iran Foreign Minister: ""Iran is the biggest victim of terrorism""",bbc.co.uk,http://www.bbc.co.uk/news/mobile/world-asia-india-17023559
2012-02-15,08:46:06,ppybb,113,"An Observer in Athens: ""The Greek people have gone to war against the system""",observers.france24.com,http://observers.france24.com/content/20120213-observer-athens-greek-war-against-system-protest-austerity-greece-violence-vote-fire-tear-gas-molotov-rocks
2012-02-15,08:30:14,ppxjc,90,How secret renditions shed light on MI6's licence to kill and torture,guardian.co.uk,http://www.guardian.co.uk/world/2012/feb/14/mi6-licence-to-kill-and-torture
2012-02-16,02:38:52,pr0pt,78,Italy prosecutors seek 5-year jail term for Berlusconi ... on charges of paying British lawyer David Mills a $600K (382K pound) bribe to lie about the former prime minister's business interests,uk.reuters.com,http://uk.reuters.com/article/2012/02/15/uk-berlusconi-bribery-idUKTRE81E0ME20120215
2012-02-15,04:11:53,ppk6u,73,RSF: Israeli troops take aim at photojournalists covering protests in West Bank,en.rsf.org,"http://en.rsf.org/israel-israeli-troops-take-aim-at-14-02-2012,41880.html"
2012-02-15,21:06:17,pqn40,70,​I​r​a​n​ ​s​t​o​p​s​ ​o​i​l​ ​e​x​p​o​r​t​s​ ​t​o​ ​s​i​x​ ​E​U​ ​c​o​u​n​t​r​i​e​s​.,reuters.com,http://www.reuters.com/article/2012/02/15/us-iran-oil-europe-idUSTRE81E0QA20120215
2012-02-16,01:48:35,pqy89,57,Syria won't accept peacekeepers: Syrian Ambassador to China,news.xinhuanet.com,http://news.xinhuanet.com/english/world/2012-02/15/c_122707430.htm
2012-02-15,22:33:18,pqpmp,44,Hundreds of inmates burn to death in massive Honduras prison fire,news.nationalpost.com,http://news.nationalpost.com/2012/02/15/hundreds-of-prisoners-die-in-massive-honduras-prison-fire/
2012-02-15,08:41:55,ppy3y,36,"Metal, code, flesh: Why we need a 'Rights of the Internet' declaration.",aljazeera.com,http://www.aljazeera.com/indepth/opinion/2012/02/201228715322807.html
2012-02-15,08:13:09,ppwo6,35,"Russian Submarine Fire Last Year Almost Resulted In Nuclear 'Catastrophe' - Vlaast magazine has a story, unfortunately not online, that says that the ship was at the time carrying 16 missiles, each full of fuel, with 4 nuclear warheads on each missile.",businessinsider.com,http://www.businessinsider.com/russia-submarine-nuclear-murmansk-2012-2?utm_source=feedburner&utm_medium=feed&utm_campaign=Feed%3A+businessinsider+%28Business+Insider%29
2012-02-16,05:23:10,pr99w,34,"In letter, Iran says it's ready for nuclear talks - Yahoo! News",news.yahoo.com,http://news.yahoo.com/letter-iran-says-ready-nuclear-talks-201912821.html;_ylt=ApXzQZre7aK6MzjJ4F9Z0Yys0NUE;_ylu=X3oDMTNpM21nYnVoBG1pdAMEcGtnA2RiNzRjZDM0LTUyYjUtMzJmZi1iMzRmLWY5Zjg1MTVhMWJhOARwb3MDMQRzZWMDbG5fTGF0ZXN0TmV3c19nYWwEdmVyAzY4YWJmNzhiLTU4MWEtMTFlMS05ZjhiLTQ3NWYyMzQ3Mjc0Ng--;_ylv=3
2012-02-15,19:52:18,pqlhi,34,At least 200 killed in Honduras prison fire,abc.net.au,http://www.abc.net.au/news/2012-02-15/more-than-100-dead-after-fire-at-honduras-prison/3832838
2012-02-15,16:49:45,pqhzv,30,"Bahrain deports 6 Americans for ""illegal"" activities",france24.com,http://www.france24.com/en/20120215-bahrain-deports-6-americans-illegal-activities
2012-02-16,00:33:38,pquk9,31,"As Sarkozy seeks new term, French are wary of 'Merkozy':  An embattled French President Nicolas Sarkozy is touting his strong ties with powerful German chancellor Angela Merkel as he prepares to announce his bid for a second term today. ",csmonitor.com,http://www.csmonitor.com/World/Europe/2012/0215/As-Sarkozy-seeks-new-term-French-are-wary-of-Merkozy-video
2012-02-16,01:01:52,pqvya,29,Bahrain activists urge more protests despite bloodshed,euronews.net,http://www.euronews.net/2012/02/15/bahrain-activists-urge-more-protests-despite-bloodshed/
2012-02-15,20:05:07,pqlpy,30,"Syria to hold referendum on new constitution - Syrian President Bashar al-Assad has decreed that a referendum on the new draft constitution will be held on 26 February, state media report.",bbc.co.uk,http://www.bbc.co.uk/news/world-middle-east-17040392
2012-02-15,08:11:03,ppwkp,26,"Terrorist blows own legs off, refused fare by taxi, throws grenade at driver.",vancouversun.com,http://www.vancouversun.com/news/Israel+blames+Iran+Thai+grenade+blast/6150512/story.html
2012-02-15,18:29:09,pqjx9,21,Half a billion children could grow up physically and mentally stunted over the next 15 years because they do not have enough to eat,bbc.co.uk,http://www.bbc.co.uk/news/world-17034134
2012-02-15,14:18:05,pqdvg,21,NZ to review sale of dairy farms to China,abc.net.au,http://www.abc.net.au/news/2012-02-15/nz-to-review-sale-of-dairy-farms-to-china/3832118
