2012-05-15,19:17:26,to0ft,1977,"In a landmark case in Finland, a court has ruled that an open WiFi owner is not liable for illegal file-sharing",torrentfreak.com,http://torrentfreak.com/open-wifi-owner-not-liable-for-illegal-file-sharing-court-rules-120515/
2012-05-15,08:02:05,tn82d,1806,"Less affluent countries push towards universal healthcare. China is on track to complete a three-year, $124-billion initiative projected to cover more than 90% of the nation's residents.",latimes.com,"http://www.latimes.com/news/nationworld/nation/la-na-global-health-reform-20120512,0,4695600.story"
2012-05-15,00:58:35,tmlfx,1613,Israel closes Palestinian school to make way for West Bank training zone for the IDF even though Palestinians residents have no access to any other school.,haaretz.com,http://www.haaretz.com/news/diplomacy-defense/idf-closes-palestinian-school-to-make-way-for-west-bank-training-zone-1.430233?print
2012-05-15,17:58:48,tnyos,1306,Rebekah Brooks to be charged with perverting the course of justice,guardian.co.uk,http://www.guardian.co.uk/uk/2012/may/15/rebekah-brooks-charged-perverting-course-justice
2012-05-15,00:32:34,tmk6d,835,More than half of all police officers in Greece voted for the pro-Nazi party candidate in the May 6 elections,ansamed.ansa.it,http://ansamed.ansa.it/ansamed/en/news/sections/politics/2012/05/11/Greece-than-half-police-officers-voted-Neonazi-party_6854190.html
2012-05-15,21:22:20,to3mp,817,Anders Breivik Trial: A man just set himself on fire outside the Court in Olso. ,news.sky.com,http://news.sky.com/home/world-news/article/16228189
2012-05-15,05:50:43,tn0q4,391,"China builds ""instant high rise"" in just 9 days ",bbc.co.uk,http://www.bbc.co.uk/news/world-asia-18066615
2012-05-15,22:22:35,to5sv,220,"Greece fails to form new government, going to elections",rt.com,http://rt.com/news/greece-new-government-fails-300/
2012-05-15,17:58:49,tnyot,145,Rebekah Brooks to be charged over News International phone hacking,bbc.co.uk,http://www.bbc.co.uk/news/uk-18062485
2012-05-15,01:02:46,tmlng,123,"Noam Chomsky: Palestinian Hunger Strike A Protest Against ""Violations of Elementary Human Rights""",democracynow.org,http://www.democracynow.org/2012/5/14/noam_chomsky_palestinian_hunger_strike_a
2012-05-15,20:50:36,to2p6,117,"Why so little condemnation of Israel's extremism? Western opinion formers have been indifferent, in some cases knowingly so, about what is happening. ",independent.co.uk,http://www.independent.co.uk/opinion/commentators/yasmin-alibhai-brown/yasmin-alibhaibrown-why-so-little-condemnation-of-israels-extremism-7743403.html
2012-05-16,07:57:03,tozvs,87,"Japanese rivers continue to contaminate Tokyo Bay, where the levels of radioactive cesium are rising",japantimes.co.jp,http://www.japantimes.co.jp/text/nn20120515a4.html
2012-05-15,10:02:43,tnebo,85,Time to Admit Defeat Greece Can No Longer Delay Euro Zone Exit - SPIEGEL ONLINE,spiegel.de,http://www.spiegel.de/international/europe/why-greece-needs-to-leave-the-euro-zone-a-832968.html
2012-05-15,16:20:02,tnvcw,81,"""Unless the world addresses the problem, by 2030 even two planet Earths would not be enough to sustain human activity, WWF said""",reuters.com,http://www.reuters.com/article/2012/05/15/us-rio20-wwf-idUSBRE84E00320120515
2012-05-15,13:19:46,tnojl,83,Asian Girls Getting Plastic Surgery to Widen Their Eyes: Plastic surgery boom as Asians seek 'western' look - CNN.com,cnn.com,http://www.cnn.com/2011/WORLD/asiapcf/05/19/korea.beauty/index.html
2012-05-16,04:36:09,toocm,76,"Carlos Fuentes, Mexican Writer, Dies at 83",nytimes.com,http://www.nytimes.com/aponline/2012/05/15/world/americas/ap-lt-mexico-obit-carlos-fuentes.html?smid=re-share
2012-05-15,10:21:34,tnff0,63,"Britain Bedeviled by Binge Drinking - It's reached crisis levels, costing the NHS 2.7 billion pounds a year, including cost of hospital admissions related to booze-fueled violence & longer-term health problems. Liver disease has increased 25% the last decade, causing a record level of deaths.",news.yahoo.com,http://news.yahoo.com/britain-bedeviled-binge-drinking-091754244.html
2012-05-15,17:56:42,tnyn6,65,"EU Makes 1st Air Strikes Against Somalia Pirates - Naval forces have conducted their raid on the Somali mainland, destroying several boats.  Pirates are believed to be holding about 17 ships & 300 crew.",winnipegfreepress.com,http://www.winnipegfreepress.com/world/eu-carries-out-first-air-strikes-against-pirates-on-somali-mainland-no-casualties-reported-151494385.html
2012-05-15,13:16:05,tnodj,58,"[ALJAZEERA] - WWF announces ""we are living as if we have another planet at our disposal""",aljazeera.com,http://www.aljazeera.com/news/middleeast/2012/05/201251502351773351.html
2012-05-16,01:22:48,todu2,45,France's Hollande's plane hit by lightning en route to Germany,telegraph.co.uk,http://www.telegraph.co.uk/news/worldnews/europe/france/9267824/Frances-Hollandes-plane-struck-by-lightning-en-route-to-Germany.html
2012-05-15,12:13:32,tnlh5,49,"Aging Europeans Need to Work Longer & Expect Less, Report Says",euobserver.com,http://euobserver.com/19/116257
2012-05-15,16:23:45,tnviw,40,"More than 1,500 Palestinians prisoners that have been on hunger strike in Israeli jails win concessions by Israel",bbc.co.uk,http://www.bbc.co.uk/news/world-middle-east-18065667
2012-05-15,11:28:24,tnj60,38,Black Metal musician elected to Greek parliament,theworld.org,http://www.theworld.org/2012/05/metal-bassist-elected-greek/
2012-05-15,18:11:57,tnyze,40,"Iran Hangs 'Israel Killer Spy' - Majid Jamali Fashi, 24, convicted of killing an Iranian nuclear scientist, Massoud Ali Mohammadi,  in Tehran 2 years ago has been hanged.  Fashi was also accused of being a spy for Israeli intelligence agency Mossad & receiving $120,000 (£72,000) for the killing.",bbc.co.uk,http://www.bbc.co.uk/news/world-middle-east-18068820
2012-05-15,13:10:55,tno51,36,More horror in Mexico: 49 mutilated bodies dumped on highway in latest drugs war clash,mirror.co.uk,http://www.mirror.co.uk/news/world-news/drug-gangs-dumped-49-mutilated-830892
2012-05-15,01:11:18,tmm28,29,"innfluential magazine Der Spiegel calls for Greek exit from euro
| Reuters",in.reuters.com,http://in.reuters.com/article/2012/05/13/eurozone-germany-greece-idINDEE84C05320120513
2012-05-15,05:07:45,tmycp,30,- Forensic police swarmed the crypt of a Roman basilica on Monday to exhume the body of a reputed mobster as part of an investigation into one of the Vatican's most enduring mysteries: the 1983 disappearance of the teenage daughter of one of its employees.,hosted.ap.org,http://hosted.ap.org/dynamic/stories/E/EU_VATICAN_UNSOLVED_DISAPPEARANCE?SITE=RIPAW&SECTION=HOME&TEMPLATE=DEFAULT
2012-05-15,22:21:16,to5qz,17,Debate Breaks Out in Germany over Foreign Gold Reserves - SPIEGEL ONLINE,spiegel.de,http://www.spiegel.de/international/germany/debate-breaks-out-in-germany-over-foreign-gold-reserves-a-833289.html
2012-05-15,21:45:39,to4e9,16,Woman killed Saturday was a Chihuahua state prosecutor,elpasotimes.com,http://www.elpasotimes.com/ci_20619414/woman-killed-saturday-was-chihuahua-state-prosecutor?source=rss_viewed
2012-05-15,23:34:44,to8q2,15,"The Pirate Party knows where the money is:
The anti-copyright party is showing that intellectual property rights are ever more irrelevant in the internet age.",aljazeera.com,http://www.aljazeera.com/indepth/opinion/2012/05/2012514204029381972.html
