2012-04-27,17:33:19,sv1ac,2090,Incredible. A blind Chinese activist escapes 90 guards and posts video exposing his abuse under house arrest,guardian.co.uk,http://www.guardian.co.uk/world/2012/apr/27/chinese-activist-fears-insane-retribution
2012-04-27,06:41:35,su8e4,1620,"India approved 'Protection of Children from Sexual Offences Bill 2011', which would make sexual contact with a girl below the age of 18 a criminal offence, even if it is consensual.",thehindu.com,http://www.thehindu.com/news/national/article3357650.ece#.T5nAB-krPrI.reddit
2012-04-27,19:18:08,sv3hq,1347,"Montreal student protest march declared illegal - Montreal police declared a march by protesting students illegal, less than an hour after the demonstration began Thursday night.",cbc.ca,http://www.cbc.ca/news/canada/montreal/story/2012/04/26/montreal-protests-thursday-night.html
2012-04-27,21:08:45,sv61p,702,Hostage situation developing in central London,news.sky.com,http://news.sky.com/home/uk-news/article/16217431
2012-04-27,10:27:03,suk76,386,"After two decades of examining a microscopic algae-eater that lives in a lake in Norway, scientists on Thursday declared it to be one of the world's oldest living organisms and man's remotest relative.",google.com,http://www.google.com/hostednews/afp/article/ALeqM5gafv0_pnM2nozdRdafv05YHoJDLQ?docId=CNG.97faeb0d290d24ff91c7fcf28bb4e37e.2d1
2012-04-27,01:30:30,str9t,323,Green clouds over Moscow spark disaster fears,rt.com,http://rt.com/news/green-clouds-moscow-aliens-050/
2012-04-27,20:03:50,sv4gz,129,Dutch judge clears way for 'weed pass' aimed at preventing foreigners from buying marijuana in coffee shops,hosted.ap.org,http://hosted.ap.org/dynamic/stories/E/EU_NETHERLANDS_COFFEE_SHOPS?SITE=AP&SECTION=HOME&TEMPLATE=DEFAULT
2012-04-28,06:38:28,svx6p,84,Trump threatens to sue Scotland over wind farm plan,edition.cnn.com,http://edition.cnn.com/2012/04/27/sport/golf/golf-trump-scotland-wind/index.html?hpt=hp_t2
2012-04-27,19:23:10,sv3m1,83,Several Blasts injure 12 in east Ukraine city of Dnipropetrovsk,bbc.co.uk,http://www.bbc.co.uk/news/world-17869249
2012-04-27,21:01:37,sv5v9,72,"London - Man said to have six canisters strapped to him ""threatened to blow himself up"". Holding hostages in Starbucks.",uk.news.yahoo.com,http://uk.news.yahoo.com/bomb-alert-at-tottenham-court-road--area-evacuated.html
2012-04-27,10:27:59,suk93,69,Scientists have called for a radical rethink of our relationship with the planet to head off what they warn could be economic and environmental catastrophe.,reuters.com,http://www.reuters.com/article/2012/04/25/science-consumption-idUSL6E8FPEV820120425
2012-04-27,18:10:56,sv25b,55,"9,000 U.S. Marines to leave Okinawa",cbc.ca,http://www.cbc.ca/news/world/story/2012/04/27/us-japan-marines-okinawa.html?cmp=rss
2012-04-27,11:36:35,sunyp,47,Netherlands judge to rule on cafe cannabis ban,bbc.co.uk,http://www.bbc.co.uk/news/world-europe-17865151
2012-04-27,12:32:09,suqry,37,S&P Lowers Spain's Rating ,online.wsj.com,http://online.wsj.com/article/SB10001424052702304811304577368412310140748.html
2012-04-27,05:40:53,su4x2,35,"India successfully launches first indigenously built all-weather Radar Imaging Satellite, RISAT-1, with applications ranging from agriculture to natural disaster management",thehindu.com,http://www.thehindu.com/news/national/article3355368.ece?homepage=true#.T5myTVLAPes.reddit
2012-04-27,20:38:27,sv58m,31,"Four bombs go off in Ukraine, schoolchildren among the injured",cnn.com,http://www.cnn.com/2012/04/27/world/europe/ukraine-blasts/index.html
2012-04-27,23:47:11,svc0k,29,North Korean ICBMs shown at recent parades were poorly made fakes. Detailed analysis [PDF warning],spiegel.de,"http://www.spiegel.de/media/0,4906,28589,00.pdf"
2012-04-27,21:05:53,sv5yy,30,"Spanish economy in ""huge crisis"" after credit downgrade, rise in unemployment to 24%",reuters.com,http://www.reuters.com/article/2012/04/27/us-spain-economy-idUSBRE83Q0BQ20120427
2012-04-27,22:17:41,sv88w,27,Dutch court upholds ban on foreigners buying pot,washingtonpost.com,http://www.washingtonpost.com/world/europe/dutch-court-upholds-ban-on-foreigners-buying-pot/2012/04/27/gIQA95pwkT_story.html
2012-04-27,06:22:54,su7bi,25,African big game poaching surges on Asian affluence: The hit job was done by professionals who swooped over their quarry in a helicopter before opening fire.,ottawacitizen.com,http://www.ottawacitizen.com/news/POACHING+SURGING+WITH+ASIAN+ECONOMY/6511809/story.html
2012-04-27,23:58:55,svck8,20,"Norway: ""In keeping with the thoughts expressed by their Prime Minister, over 40,000 citizens expressed themselves outside the court in a way that would chill every would-be terrorist – by not being afraid.""",falkvinge.net,http://falkvinge.net/2012/04/27/norway-terrorism-fought-with-song-not-surveilance/
2012-04-27,20:58:47,sv5s0,18,Tottenham Court Road Offices Evacuated Over 'Bomb Threat',huffingtonpost.co.uk,http://www.huffingtonpost.co.uk/2012/04/27/tottenham-court-road-evacuated-bomb-threat_n_1458437.html
2012-04-27,11:50:20,suon9,17,"In China, blame for the USC victims -- Hateful comments toward two Chinese graduate students killed near the campus spotlight the growing divide between haves and have-nots in China.
",latimes.com,"http://www.latimes.com/news/opinion/commentary/la-oe-fong-chinese-student-killings-20120426,0,5617529.story"
2012-04-27,20:52:29,sv5ly,18,"Spain said Friday that its unemployment rate hit a record 24.4% at the end of March, a day after Standard & Poor's ratings agency cut Spain's sovereign credit score by two notches",france24.com,http://www.france24.com/en/20120427-standard-poors-ratings-slashes-two-notches-downgrade-spain-sovereign-debt-rating-bbb-plus
2012-04-27,06:44:08,su8j7,15,Standard & Poor's has cut Spain's credit rating and warned of risks to come.,bbc.co.uk,http://www.bbc.co.uk/news/business-17864647
2012-04-27,09:16:28,sugkk,16,China asserts its territorial claims in South China Sea,usatoday.com,http://www.usatoday.com/news/world/story/2012-04-26/south-china-sea-philippines/54566350/1?csp=34news
2012-04-27,02:59:34,stvyb,16,"Syrian rebel buried alive, called a 'dog' by members of the Assad army ",ynetnews.com,"http://www.ynetnews.com/articles/0,7340,L-4221268,00.html"
2012-04-28,00:27:26,sve0u,13,Shocking Photos Posted To Facebook Show The Former Ukrainian Prime Minister Beaten And Bruised - Business Insider,businessinsider.com,http://www.businessinsider.com/yulia-tymoshenko-ukraine-facebook-beaten-hunger-strike-2012-4
2012-04-28,01:20:17,svgp2,14,Tensions continue to flare along the disputed oil-rich border dividing Sudan and South Sudan. What will it take to avoid an immensely painful civil war?,theweek.com,http://theweek.com/article/index/227328/3-ways-to-defuse-the-deadly-sudan-conflict
2012-04-27,22:22:32,sv8fj,10,"Explosions hit Syrian capital, 9 dead - CNN.com",edition.cnn.com,http://edition.cnn.com/2012/04/27/world/meast/syria-unrest/?hpt=hp_t1
