2012-04-16,18:48:14,sc6dr,2891,"No one was murdered in El Salvador on Saturday, in what was the first homicide-free day in nearly three years.",worldnews.msnbc.msn.com,http://worldnews.msnbc.msn.com/_news/2012/04/16/11221722-el-salvador-has-its-first-murder-free-day-in-three-years
2012-04-16,01:36:23,saxfx,2017,"Sweden Grants Religious Recognition To File-Sharing Church: ""Sweden has accepted that a 'church' which believes in file-sharing as a religion: a move that will not please the Hollywood studios""",techweekeurope.co.uk,http://www.techweekeurope.co.uk/news/sweden-grants-religious-recognition-to-file-sharing-church-52689
2012-04-16,06:45:05,sbc9v,1974,Spain's 74-year-old king came under scathing criticism Sunday for going on an expensive elephant hunting trip in Botswana amid the nation's deep financial woes. Spanish newspapers were filled with accounts of how hunting trips to Botswana cost more than most Spaniards earn in a year. ,hosted.ap.org,http://hosted.ap.org/dynamic/stories/E/EU_SPAIN_TROUBLED_KING?SITE=RIPAW&SECTION=HOME&TEMPLATE=DEFAULT
2012-04-16,12:42:31,sbuh8,1102,"Former President of Mexico, Vicente Fox, calls on US to legalize drugs: ""This war on drugs is totally lost."" ",kvue.com,http://www.kvue.com/news/Former-President-of-Mexico-Fox-calls-on-US-to-Legalizatie-drugs--147524865.html
2012-04-16,21:38:13,scalj,425,‘The notion that democracy and capitalism are interlinked is nonsense’,indianexpress.com,http://www.indianexpress.com/news/the-notion-that-democracy-and-capitalism-are-interlinked-is-nonsense/937089/
2012-04-16,21:09:39,sc9qd,349,"""To the world's military leaders, the debate over climate change is long over. They are preparing for a new kind of Cold War in the Arctic, anticipating that rising temperatures there will open up a treasure trove of resources, long-dreamed-of sea lanes and a slew of potential conflicts.""",seattlepi.com,http://www.seattlepi.com/news/article/As-ice-cap-melts-militaries-vie-for-Arctic-edge-3484248.php
2012-04-16,18:54:21,sc6iu,250,ACTA suffers major blow following European rejection call,zdnet.com,http://www.zdnet.com/blog/london/acta-suffers-major-blow-following-european-rejection-call/4098
2012-04-16,22:31:15,scchc,251,"In Latin America, 'critical mass' urges end to drug war ",globalpost.com,http://www.globalpost.com/dispatch/news/regions/americas/united-states/120415/end-drug-war-ethan-nadelmann-interview
2012-04-16,16:00:57,sc2iq,218,BBC News - Norway puts Anders Behring Breivik on trial for murder,bbc.co.uk,http://www.bbc.co.uk/news/world-europe-17724535#TWEET126852
2012-04-17,04:17:27,sctuk,207,China Now Tops U.S. in Space Launches,wired.com,http://www.wired.com/dangerroom/2012/04/china-rocket-launches/
2012-04-16,22:32:53,sccjd,205,"Unified Latin America Challenges Failed US/Canada Policies on Drug War, Cuba, and Finance: Canada and US left in isolation in a vote on a resolution to put an end to Cuba's exclusion (32-2 vote) at a meeting of foreign ministers that was to approve documents to be signed by the presidents.",commondreams.org,https://www.commondreams.org/headline/2012/04/16
2012-04-16,00:23:42,saul2,174,Photo of Muslim Woman Holding Bra Causes Tensions - Canada,calgary.ctv.ca,http://calgary.ctv.ca/servlet/an/local/CTVNews/20120413/photograph-of-muslim-woman-holding-bra-120413/20120413/?hub=CalgaryHome
2012-04-16,21:29:04,scaan,141,"""Switzerland will allow banks to hand over the names of any employees and other third parties who helped wealthy Americans evade taxes to U.S. prosecutors, a Swiss newspaper reported on Saturday [14 April 2012].""",reuters.com,http://www.reuters.com/article/2012/04/14/us-swiss-tax-us-idUSBRE83D05H20120414
2012-04-16,12:44:15,sbukm,137,Some Asian glaciers are defying the global trend and growing.,bbc.co.uk,http://www.bbc.co.uk/news/science-environment-17701677
2012-04-16,18:41:23,sc69e,111,"Mexico Passes Climate Law, Only 2nd in the World",triplepundit.com,http://www.triplepundit.com/2012/04/mexico-passes-climate-law-only-2nd-world/
2012-04-17,03:17:30,scqbq,111,Unprecedented Latin American opposition to U.S. sanctions on Cuba left President Barack Obama isolated at a summit on Sunday and illustrated Washington's declining influence in a region being aggressively courted by China.,reuters.com,http://www.reuters.com/article/2012/04/15/us-americas-summit-idUSBRE83D0E220120415
2012-04-16,22:03:09,scbg8,106,"Summit of the Americas ends in acrimony: A Unified Latin America Challenges Failed US/Canada Policies on the Drug War, Cuba, & Finance - ""Last Summit of the Americas without Cuba"" sees an alternative rise to challenge the old hegemony of out-dated US policies; Argentina walked out over impasses",aljazeera.com,http://www.aljazeera.com/news/americas/2012/04/2012415202912826108.html
2012-04-17,00:25:56,schdb,98,The British businessman whose murder has sparked political upheaval in China was poisoned after he threatened to expose a plan by a Chinese leader's wife to move money abroad. ,reuters.com,http://www.reuters.com/article/2012/04/16/us-china-leader-murder-idUSBRE83F09620120416
2012-04-16,22:31:17,scche,89,"Norway mass-murder suspect that killed 77, claims self-defense",cnn.com,http://www.cnn.com/2012/04/16/world/europe/norway-breivik-trial/index.html?hpt=hp_t1
2012-04-16,06:08:57,sbaj7,84,"Starting this summer, the Center for Copyright Information (CCI) will start to track down ‘pirates’ as part of an agreement between the MPAA, RIAA and all the major ISPs. After six warnings ISPs may take a variety of measures against offenders, including bandwidth throttling and disconnections.",torrentfreak.com,http://torrentfreak.com/bittorrent-crackdown-center-prepares-to-punish-pirates-120402/
2012-04-16,06:42:49,sbc6d,85,Spain's King Juan Carlos under fire over elephant hunting trip,guardian.co.uk,http://www.guardian.co.uk/world/2012/apr/15/spain-king-juan-carlos-hunting
2012-04-16,12:01:08,sbs8j,84,"Israeli TV report shows air force gearing-up for Iran attack, says moment of truth is near - ""the report ... was remarkable both in terms of the access granted to the reporter ... and in the fact that his assessments on the strike were cleared by the military censor.""",timesofisrael.com,http://www.timesofisrael.com/iaf-plans-for-iran-attack/
2012-04-16,04:58:57,sb6z3,80,"Dutch Pirate Party ordered to shut down Pirate Bay proxy within 6 hours, or face a fine of 10,000 euros per day.",torrentfreak.com,http://torrentfreak.com/pirate-party-ordered-to-shut-down-pirate-bay-proxy-120414/
2012-04-16,19:26:48,sc784,79,"Drought Causing Desperation on Farms in England - Although the public are aware of the drought, they're disconnected from the stark situation.  ""Farmers must plan for a future with much less water.""",guardian.co.uk,http://www.guardian.co.uk/environment/2012/apr/16/drought-farm-water-desperation
2012-04-17,02:03:12,scmbd,62,China joins U.N. condemnation of N. Korea rocket launch,cbsnews.com,http://www.cbsnews.com/8301-202_162-57414633/china-joins-u.n-condemnation-of-n-korea-rocket-launch/?tag=reddit
2012-04-16,09:11:08,sbjcw,53,King of Spain Hunts elephants while his country falls to pieces. ,abc.net.au,http://www.abc.net.au/news/2012-04-16/spanish-king-under-fire-over-elephant-hunt/3951618
2012-04-16,19:56:03,sc7wl,54,"Italy goes big to save Venice as it sinks into the sea - To top it off, the city is now tilting eastward. - 
A multibillion-dollar flood-prevention system will be put in place starting next year, a decade after the project began.  Maintenance will cost 15-20 million euros a year",csmonitor.com,http://www.csmonitor.com/World/Global-News/2012/0413/Italy-goes-big-to-save-Venice-as-it-sinks-into-the-sea?2
2012-04-16,21:05:05,sc9m9,50,US and China engaging in cyber war games as Beijing's attacks get ever more audacious,guardian.co.uk,http://www.guardian.co.uk/technology/2012/apr/16/us-china-cyber-war-games
2012-04-16,16:41:11,sc3l7,50,Watch Brevik trial live on BBC News with translation.,bbc.co.uk,http://www.bbc.co.uk/news/10318089
2012-04-16,20:39:04,sc8x3,37,"The cost of borrowing for Spain has jumped above 6%, raising again the prospect of a bailout.",bbc.co.uk,http://www.bbc.co.uk/news/business-17725771
