2012-03-05,07:06:50,qhq28,1971,"Police are linked to blacklist of construction workers who were considered leftist or troublesome. The blacklist destroyed people's lives, broke up families, ensured that people were unable to earn a living. It devastated people year after year. ",guardian.co.uk,http://www.guardian.co.uk/technology/2012/mar/03/police-blacklist-link-construction-workers
2012-03-05,17:53:07,qiegm,1712,Australian Muslim women must show faces for identity checks under new law,guardian.co.uk,http://www.guardian.co.uk/world/2012/mar/05/australian-muslim-women-identity-checks
2012-03-05,22:53:06,qili4,1325,Costa Rica tries to go smoke-free: Congress approved sweeping smoking bans. Philip Morris and British American Tobacco are not happy,globalpost.com,http://www.globalpost.com/dispatch/news/regions/americas/costa-rica/120304/smoking-ban-approved-public-spaces
2012-03-05,21:15:12,qiikv,543,"Last Monday, in a national TV interview, the candidate that public opinion polls have leading the French presidential race called for a 75 percent super tax on all individual income over $1 million euros, the equivalent of about $1.33 million.

 
",inequality.org,http://inequality.org/taxing-rich-top-pol-breaks-ranks/
2012-03-05,01:06:57,qhar7,476,"BBC News - Russia election: Vladimir Putin wins, exit polls say",bbc.co.uk,http://www.bbc.co.uk/news/world-europe-17252190
2012-03-05,20:52:05,qii0b,366,"Iranian Ayatollah: Nuclear Weapons ""Grave Sin, Senseless, Destructive, Dangerous.""",classwarfareexists.com,http://www.classwarfareexists.com/iranian-ayatollah-nuclear-weapons-grave-sin-senseless-destructive-dangerous/
2012-03-05,10:24:30,qhyp0,288,"South African Health Minister not only denied the proven link between AIDS and HIV, but also featured ""garlic, lemons and African potatoes"" as treatment for AIDS :: As of 2011, 40% of South Africans had STDs and 25% had AIDS.",afrol.com,http://www.afrol.com/articles/21094
2012-03-05,19:53:38,qigsa,288,"Iranian human rights lawyer, colleague of Shirin Ebadi, sentenced to 18 years after being arrested for fourth time in six years. Abdolfattah Soltani was charged i.a. with ""accepting an unlawful award"" for getting the Nuremburg International Human Rights Award",rferl.org,http://www.rferl.org/content/soltani_human_rights_lawyer_jailed_for_18_years/24504620.html
2012-03-05,22:55:22,qillb,238,Central America is starting a debate on decriminalizing drugs - Biden visits Mexico and Honduras amid drug debate,bbc.co.uk,http://www.bbc.co.uk/news/world-latin-america-17256695
2012-03-05,21:37:15,qij4n,226,"Chancellor Angela Merkel has agreed with other conservative European leaders to help President Nicolas Sarkozy in the French election campaign by spurning his Socialist challenger François Hollande, SPIEGEL has learned. Merkel's interference is causing tension in her own government. ",spiegel.de,"http://www.spiegel.de/international/europe/0,1518,819297,00.html"
2012-03-05,13:38:16,qi762,180,India bans cotton exports effective immediately,reuters.com,http://www.reuters.com/article/2012/03/05/us-india-cotton-exports-idUSTRE82407220120305
2012-03-06,03:30:46,qiy68,172,Secret footage showing 'torture' of Syrians in Homs hospital ,telegraph.co.uk,http://www.telegraph.co.uk/news/worldnews/middleeast/syria/9123754/Secret-footage-showing-torture-of-Syrians-in-Homs-hospital.html
2012-03-05,18:26:39,qif4f,153,Russia election 'clearly skewed' for Putin - OSCE,bbc.co.uk,http://www.bbc.co.uk/news/world-europe-17257644
2012-03-05,20:39:47,qihpm,109,"People fleeing the Syrian city of Homs tell the BBC that security forces are committing atrocities there, including summary executions.",bbc.co.uk,http://www.bbc.co.uk/news/world-middle-east-17255912
2012-03-05,14:31:07,qi97a,111,Arabian Nightmare: Three men jailed indefinitely in Saudi Arabia for renting the wrong flat.,openthemagazine.com,http://www.openthemagazine.com/article/nation/arabian-nightmare
2012-03-05,20:34:39,qihm0,72,An unexpected exercise in globalization: South-African farmers have started heeding the call from the government of Georgia to come to the former Soviet republic,economist.com,http://www.economist.com/blogs/easternapproaches/2012/02/georgia
2012-03-06,03:05:36,qiwyh,62,Thirteen French officers 'captured by Syrian Army' ,telegraph.co.uk,http://www.telegraph.co.uk/news/worldnews/middleeast/syria/9122749/Thirteen-French-officers-captured-by-Syrian-Army.html
2012-03-06,07:25:10,qja1o,58,"The Vast Majority Of Israelis Are Against A Unilateral Strike Against Iran - only one in five Israelis, or 19 percent, favor unilateral military strikes against Iran's nuclear facilities without Washington's approval.",businessinsider.com,http://www.businessinsider.com/the-vast-majority-of-israelis-are-against-a-unilateral-strike-against-iran-2012-3?utm_source=feedburner&utm_medium=feed&utm_campaign=Feed%3A+businessinsider+%28Business+Insider%29
2012-03-05,10:28:11,qhyur,56,"Brazil has declared a fresh ""currency war"" on the US and Europe, extending a tax on foreign borrowings and threatening further capital controls in an effort to protect the country's struggling manufacturers.",edition.cnn.com,http://edition.cnn.com/2012/03/02/business/brazil-currency-war/index.html
2012-03-06,01:27:18,qis4c,54,"Swedish hospital seeks new 'hot' nurses - A hospital in Stockholm has published a job advertisement trying to attract nurses who are both qualified and ""TV-series hot"" in what has been explained as an ""attempt to catch people’s attention"".",thelocal.se,http://www.thelocal.se/39220/20120220/
2012-03-05,13:21:50,qi6jd,54,Heroes of Japan's Nuclear Disaster All but Forgotten ,thedailybeast.com,http://www.thedailybeast.com/newsweek/2012/03/04/heroes-of-japan-s-nuclear-disaster-all-but-forgotten.html
2012-03-06,04:48:26,qj1vx,41,"Smart concrete: Iran makes some of the world’s toughest concrete. It can cope with earthquakes and, perhaps, bunker-busting bombs",economist.com,http://www.economist.com/node/21548918
2012-03-06,05:48:17,qj4wo,36,Syrian forces 'carrying out mass arrests and executions' in Homs,telegraph.co.uk,http://www.telegraph.co.uk/news/worldnews/middleeast/syria/9124586/Syrian-forces-carrying-out-mass-arrests-and-executions-in-Homs.html#.T1U0kKQ7xcE.reddit
2012-03-06,03:29:45,qiy4l,41,Moscow Protesters Denounce Putin Victory,nytimes.com,http://www.nytimes.com/2012/03/06/world/asia/moscow-protesters-denounce-putin-victory.html
2012-03-05,10:11:56,qhy5y,27,"Student faces prison for speaking out in royalist Thailand
The fate of Kanthoop, 20, who faces up to 15 years in jail for 'having opinions', highlights country's harsh pro-monarchy laws",guardian.co.uk,http://www.guardian.co.uk/world/2012/mar/04/thailand-student-kanthoop-faces-prison
2012-03-05,23:20:08,qimhw,23,"As Myanmar is slowly welcomed back into the international community, and as it makes political reforms that have many in the country feeling free, finally, to speak their mind, locals are wondering when economic reforms will come around",pri.org,http://www.pri.org/stories/world/asia/political-reforms-in-myanmar-leave-residents-looking-for-economic-changes-as-well-8753.html
2012-03-05,10:42:11,qhzhk,25,"Former Prime Minister of Iceland, Geir Haarde, set to go on trial for ""negligence"" in his handling of the 2008 financial crisis. ",bbc.co.uk,http://www.bbc.co.uk/news/world-europe-17254544
2012-03-05,18:04:28,qiep5,21,"Tesco sets out to raise service standards and create 20,000 jobs",guardian.co.uk,http://www.guardian.co.uk/business/2012/mar/05/tesco-creates-20000-jobs
2012-03-05,21:51:07,qijif,20,Iranian court dismisses death sentence against American 'spy',guardian.co.uk,http://www.guardian.co.uk/world/2012/mar/05/iranian-court-dismisses-death-sentence-american-spy
2012-03-05,19:14:45,qig0b,20,"Saudi, Qatari plans to arm Syrian rebels risk overtaking cautious approach favored by U.S. ",washingtonpost.com,http://www.washingtonpost.com/world/national-security/saudi-qatari-plans-to-arm-syrian-rebels-risk-overtaking-cautious-approach-favored-by-us/2012/03/01/gIQArWQflR_story.html
