2012-11-29,01:14:39,13xwk6,7454,"Canada creates $5,000 cap on liability for file sharing lawsuits",michaelgeist.ca,http://www.michaelgeist.ca/content/view/6710/125/
2012-11-29,23:36:08,13zw5b,3185,Internet and Mobile Has Been Cut Off in Syria ,bbc.co.uk,http://www.bbc.co.uk/news/technology-20546302
2012-11-29,17:14:12,13ziss,2541,"Swedish drunk MP falls over with his wheelchair and is helped by immigrants. He then calls the police saying the immigrants stole his backpack, which he in reality had forgotten at the bar...",thelocal.se,http://www.thelocal.se/44726/20121129/
2012-11-29,16:36:19,13zhpe,1490,Palestinians set to win statehood recognition in UN vote,guardian.co.uk,http://www.guardian.co.uk/world/2012/nov/29/palestinians-statehood-un-vote
2012-11-29,22:12:24,13zrrw,481,"Good News For Animal Lovers: Factory Farming's Days May Be Numbered: In a stunning victory for humane farming, Australia's largest supermarket chain, Coles, will as of January 1 stop selling company branded pork and eggs from animals kept in factory farms",alternet.org,http://www.alternet.org/food/good-news-animal-lovers-factory-farmings-days-may-be-numbered
2012-11-29,20:09:01,13znaj,422,"Bodies Found on Drifting Ship Near Japan - It was badly damaged & contained faint markings on the side that appeared to be Korean characters. Some bodies had decomposed to the point where only skeletons remained.
 ",cnn.com,http://www.cnn.com/2012/11/29/world/asia/japan-boat-bodies/?hpt=hp_t3
2012-11-29,02:03:12,13xzt6,414,Seas rising 60% faster than UN forecast,google.com,http://www.google.com/hostednews/afp/article/ALeqM5hNF67a-wm_gWZ6-oh2k0C-R2-hTA?docId=CNG.9d08aec23a6bd7d4cefe4f8787547a2b.661
2012-11-29,23:04:11,13zuf8,297,"Dutch parliament to abolish blasphemy law: ""The blasphemy law was no longer relevant in the 21st century""",presstv.ir,http://www.presstv.ir/detail/2012/11/29/275146/netherlands-abolish-blasphemy-law/
2012-11-29,03:08:27,13y49h,278,German man locked up over HVB bank allegations may have been telling truth.,guardian.co.uk,http://www.guardian.co.uk/world/2012/nov/28/gustl-mollath-hsv-claims-fraud
2012-11-29,01:54:25,13xz76,278,"Women in poor countries miss up to a month of work or school per year, because they don't have access to low-cost sanitary pads.",pbs.org,http://www.pbs.org/newshour/rundown/2012/11/elizabeth-scharpf.html
2012-11-29,00:07:04,13xs9x,269,Poland's top court has outlawed the religious slaughter of animals weeks before the EU is due to allow the practice on religious grounds. It will no longer be legal to allow animals to have their throats cut and bleed to death without first being stunned.,bbc.co.uk,http://www.bbc.co.uk/news/world-europe-20523809
2012-11-29,22:49:58,13ztoc,162,"The Secret to Iranian Drone Technology? Just Add Photoshop -- Earlier this month, Iran said it made a new drone that could take off and land vertically. However, the picture they released was just an altered version of a drone developed by Japan's Chiba University.",theatlanticwire.com,http://www.theatlanticwire.com/global/2012/11/iran-drone-photoshopped/59404/
2012-11-29,20:58:15,13zotx,163,Samsung asks employees to quit getting smashed at company events,businessinsider.com,http://www.businessinsider.com/samsung-asks-employees-to-not-binge-drink-2012-11
2012-11-29,21:52:48,13zqw6,145,"
Bangladeshi Factory Workers Say They Were Locked In During Deadly Inferno - 
As if the story of the deadly blaze that killed 112 people in a Bangladeshi garment factory couldn't get any worse, new details suggest that somebody locked the workers in the burning building. ",news.yahoo.com,http://news.yahoo.com/bangladeshi-factory-workers-were-locked-during-deadly-inferno-044910653.html
2012-11-29,20:41:15,13zo9x,141,Polish ruling on kosher meat angers Jews,reuters.com,http://www.reuters.com/article/2012/11/28/us-poland-jews-kosher-idUSBRE8AR0VP20121128
2012-11-29,01:49:25,13xyuv,130,"
Sweden makes gender-free toy Christmas wish come true: With a picture of a girl with a Nerf gun, a Swedish toy retailer is arming children with the ability to question outdated gender roles
",guardian.co.uk,http://www.guardian.co.uk/commentisfree/2012/nov/27/sweden-christmas-gift-girl-nerf-gun
2012-11-29,20:33:04,13zo16,131,"A Russian businessman helping Swiss prosecutors uncover a powerful fraud syndicate has died in unexplained circumstances near his mansion in Britain, in a chilling twist to a Russian mafia scandal that has strained Moscow's ties with the West.
| Reuters",uk.reuters.com,http://uk.reuters.com/article/2012/11/28/uk-britain-russia-death-idUKBRE8AR0OM20121128
2012-11-29,04:43:26,13yb2r,129,Serbian village in panic after mayor warns of vampire on the loose...,theweek.com,http://theweek.com/article/index/237005/the-serbian-village-thats-warning-of-a-vampire-on-the-loose
2012-11-29,20:58:26,13zou8,129,EU rejects French report linking GM maize to cancer ,france24.com,http://www.france24.com/en/20121128-eu-rejects-french-report-linking-gm-maize-cancer
2012-11-29,00:43:49,13xulp,120,"Three managers accused of locking gates in fire in Bangladesh factory where 100 were killed by a fire. The factory makes clothing for Wal-Mart, amongst other European chains.",cnn.com,http://www.cnn.com/2012/11/28/world/asia/bangladesh-fire/index.html?hpt=wo_c2
2012-11-29,01:29:55,13xxky,99,"Cairo court gives death penalty to Egyptian Christians tried in absentia for participating in ""Innocence of Muslims"" video",jpost.com,http://www.jpost.com/MiddleEast/Article.aspx?id=293786
2012-11-29,06:09:40,13yheh,94,"Amazon deforestation drops to record low: The new figure, a staggering 27% drop from 2011, exceeded the expectations of the Brazilian government",blogs.nature.com,http://blogs.nature.com/news/2012/11/amazon-deforestation-drops-to-record-low.html
2012-11-29,20:26:09,13znu8,88,"Germany backtracks on Palestinian UN bid, decides to abstain.",telegraph.co.uk,http://www.telegraph.co.uk/news/worldnews/middleeast/palestinianauthority/9711188/Germany-to-abstain-on-Palestinian-UN-vote.html
2012-11-29,20:57:32,13zot0,70,"Haiti seeks $2bn to fight cholera outbreak blamed on UN soldiers - 
Government to unveil 10-year plan for water & sanitisation as evidence grows that peacekeepers were source of infection",guardian.co.uk,http://www.guardian.co.uk/world/2012/nov/29/haiti-cholera-plan-un
2012-11-29,21:26:41,13zpva,64,15 yr old Afghan girl has throat slit over refusal to wed,smh.com.au,http://www.smh.com.au/world/afghan-girl-killed-over-refusal-to-wed-20121129-2aj1e.html
2012-11-29,01:13:08,13xwg9,51,Israel pulls back from threat to topple Palestinian leadership over UN vote. Israeli officials change tack after it becomes clear that request for statehood at UN is likely to gather significant support.,guardian.co.uk,http://www.guardian.co.uk/world/2012/nov/28/israel-palestinian-statehood-un-vote
2012-11-29,23:15:51,13zv1i,45,Nationwide Internet blackout in Syria,seattletimes.com,http://seattletimes.com/html/nationworld/2019784835_apmlsyria.html
2012-11-29,01:31:55,13xxqb,36,'Britain to Australia in four hours' with new engine,telegraph.co.uk,http://www.telegraph.co.uk/science/science-news/9709041/Britain-to-Australia-in-four-hours-with-new-engine.html
2012-11-29,22:19:13,13zs2o,30,"An inquiry into UK newspapers calls for watchdog enshrined in law to regulate the press, to prevent a repeat of the excesses which led to a phone hacking scandal at Rupert Murdoch's News of the World",reuters.com,http://www.reuters.com/article/2012/11/29/us-british-press-inquiry-idUSBRE8AS0NY20121129
2012-11-29,02:06:52,13y01b,28,Why Global Fuel Prices Will Spark the Next Revolutions,world.time.com,http://world.time.com/2012/11/28/why-global-fuel-prices-will-spark-the-next-revolutions/
