2012-06-08,15:07:43,ur6y4,2222,Parents who force their children to marry will face jail under new UK laws to be introduced,bbc.co.uk,http://www.bbc.co.uk/news/uk-politics-18356117
2012-06-08,01:50:53,uq01f,1718,Moscow bans gay pride for century ahead: City court ruled lawful to ban public events that can be qualified as gay parades from March 2012 till May 2112,rt.com,http://rt.com/politics/moscow-city-court-gay-247/
2012-06-08,02:29:08,uq277,1315,Canadian Prime Minister Stephen Harper silences Canadian scientists,littleredumbrella.com,http://www.littleredumbrella.com/2012/06/stephen-harpers-war-on-science.html
2012-06-08,07:33:12,uqjx6,882,Greece is not in a recession. It is in a Depression.,foreignpolicy.com,http://www.foreignpolicy.com/articles/2012/06/05/somethings_rotten_in_the_athens
2012-06-09,00:12:18,urnpe,702,Former Pentagon Analyst: China can shut down all the telecom gear it sold to US,businessinsider.com,http://www.businessinsider.com/military-sources-china-could-shut-down-all-the-telecommunications-technology-it-sold-to-america-2012-6
2012-06-08,21:39:08,urhde,693,"Japan PM says two reactors must restart for survival of society
| Reuters",uk.reuters.com,http://uk.reuters.com/article/2012/06/08/japan-nuclear-reactors-idUKL4E8H87CV20120608
2012-06-08,01:38:36,upzet,203,Manhunt for Greek lawmaker who hit female rival on live television - World News,worldnews.msnbc.msn.com,http://worldnews.msnbc.msn.com/_news/2012/06/07/12101809-manhunt-for-greek-lawmaker-who-hit-female-rival-on-live-television?lite
2012-06-08,21:32:28,urh5n,188,Robert Mugabe's motorcade runs over homeless man,guardian.co.uk,http://www.guardian.co.uk/world/2012/jun/08/robert-mugabe-motorcade-homeless-man
2012-06-08,22:41:20,urjn0,152,North Korea faces worst drought in 50 years; South says aid unlikely,cnn.com,http://www.cnn.com/2012/05/29/world/asia/north-korea-drought/index.html?iref=obinsite
2012-06-08,20:55:21,urg1s,108,UFO Sightings Across Middle East Were Probably A Missile ,rferl.org,http://www.rferl.org/content/transmission-ufo-missile-middle-east-russia/24607789.html
2012-06-08,10:25:23,uqt7y,104,"Argentina is trying to impose an ""economic blockade"" on the Falkland Islands",bbc.co.uk,http://www.bbc.co.uk/news/uk-18361961
2012-06-08,23:11:02,urkuy,84,Putin signs new anti-rally bill,rt.com,http://rt.com/politics/putin-anti-rally-law-384/
2012-06-08,03:34:53,uq64g,79,"An eight-ton gilded bronze door so splendid Michelangelo dubbed it the `'Door of Paradise"" will be unveiled to the public again after 27 years of restoration work.",hosted.ap.org,http://hosted.ap.org/dynamic/stories/E/EU_ITALY_DOOR_OF_PARADISE?SITE=RIPAW&SECTION=HOME&TEMPLATE=DEFAULT
2012-06-09,04:52:34,us2h0,76,New immigration law would force UK citizens with non-EU partners to choose between exile or breakup.,guardian.co.uk,http://www.guardian.co.uk/uk/2012/jun/08/immigration-rules-couples-stark-choice
2012-06-08,08:46:41,uqnxk,67,Euro 2012: Holland players subjected to racist abuse at training session,guardian.co.uk,http://www.guardian.co.uk/football/2012/jun/07/euro-2012-holland-racist-abuse
2012-06-09,00:09:29,urnkd,63,Tobacco giant Philip Morris infiltrated Swiss university,thelocal.ch,http://www.thelocal.ch/3488/20120608/
2012-06-08,13:51:37,ur3sw,58,Israel to build housing in West Bank,edition.cnn.com,http://edition.cnn.com/2012/06/07/world/meast/israel-palestinian-settlements/index.html?hpt=hp_t3
2012-06-09,06:03:36,us6ed,50,Big Content wants to bring SOPA-style policies to Canada,arstechnica.com,http://arstechnica.com/tech-policy/2012/06/big-content-wants-to-bring-sopa-style-policies-to-canada/
2012-06-08,13:28:16,ur2si,38,"14 Dismembered Bodies Found in Lorry Parked in Front of Mayor's Office in Mexico - Gang-related messages were found on the blankets covering 11 men & 3 women
",bbc.co.uk,http://www.bbc.co.uk/news/world-latin-america-18363522
2012-06-08,18:43:22,urctx,40,At least 18 people have been killed in a bomb attack on a bus carrying government employees in north west Pakistan.,bbc.co.uk,http://www.bbc.co.uk/news/world-asia-18363922
2012-06-08,23:38:23,urm48,33,"Blood, Flesh, Gore at Site of Suspected Massacre in Syria",npr.org,http://www.npr.org/blogs/thetwo-way/2012/06/08/154561542/heavy-syrian-army-presence-in-city-near-suspected-massacre-site
2012-06-08,23:28:27,urlmh,35,Bloodied heads of young seals found nailed to entrance of sanctuary,irishexaminer.com,http://www.irishexaminer.com/ireland/bloodied-heads-of-young-seals-nailed-to-entrance-of-sanctuary-196676.html
2012-06-08,18:29:59,urcjk,38,Ukraine ambassador accuses BBC of bias over Euro 2012 racism claims,guardian.co.uk,http://www.guardian.co.uk/world/2012/jun/08/ukraine-ambassador-euro-2012-racism
2012-06-08,02:25:26,uq1z8,19,Russia supports 'peaceful' nuclear drive in Iran,google.com,http://www.google.com/hostednews/afp/article/ALeqM5gxERyZ8qLtnGM7eYYBejgXg90oWg?docId=CNG.820731f7e8380482109b48415cf15a9a.541
2012-06-09,00:55:00,urpvt,14,"Russia Seeks to Halt Saudi, Qatari Help for Syrian Rebels - Bloomberg",bloomberg.com,http://www.bloomberg.com/news/2012-06-07/russia-urges-saudi-arabia-qatar-to-halt-help-for-syria-rebels.html
2012-06-09,06:14:55,us6zy,17,"Putin has cracked down on the opposition since returning to the presidency, and he seems to be betting that by threatening demonstrators with prison time and harsh fines he can quash the street protests.",hosted.ap.org,http://hosted.ap.org/dynamic/stories/E/EU_RUSSIA_PUTIN_VS_PROTESTERS?SITE=RIPAW&SECTION=HOME&TEMPLATE=DEFAULT
2012-06-08,02:30:17,uq2aa,13,Fitch Ratings cut Spain’s long-term credit rating to BBB and left it two notches from junk...,bloomberg.com,http://www.bloomberg.com/news/2012-06-07/spain-downgraded-to-bbb-as-fitch-forecasts-slump-through-2013.html
2012-06-08,06:19:52,uqfwo,14,"Gonorrhea: Untreatable gonorrhea spreading, could be major public health crisis ",ktla.com,"http://www.ktla.com/news/landing/ktla-gonorrhea,0,4415128.story"
2012-06-08,08:55:23,uqodv,14,Police in Australian state of Victoria to trial using video cameras on uniform,news.com.au,http://www.news.com.au/news/victoria-police-to-trial-uniform-cameras/story-fncvfxcm-1226388409273
2012-06-08,20:28:22,urfax,11,"Despite a grain surplus, malnourishment and starvation in India",nytimes.com,http://www.nytimes.com/2012/06/08/business/global/a-failed-food-system-in-india-prompts-an-intense-review.html?_r=1&nl=todaysheadlines&emc=edit_th_20120608
