2012-05-20,08:05:20,tva6r,2133,Hundreds of pet owls abandoned after Harry Potter craze fades,mirror.co.uk,http://www.mirror.co.uk/news/uk-news/hundreds-of-pet-owls-abandoned-after-840299?mobile=false
2012-05-20,23:56:05,tw0lg,1722,Pictures of the 6.0 Earthquake in North Italy,bbc.co.uk,http://www.bbc.co.uk/news/world-europe-18135901
2012-05-20,05:40:11,tv4al,1344,"A 73-year-old Japanese woman climbed to Mount Everest's peak Saturday, smashing her own record to again become the oldest woman to scale the world's highest mountain.",hosted.ap.org,http://hosted.ap.org/dynamic/stories/A/AS_NEPAL_EVEREST_WOMAN?SITE=RIPAW&SECTION=HOME&TEMPLATE=DEFAULT
2012-05-20,02:17:51,tuw1c,1050,"The Pirate Party fits the political gap: 'two years ago, hardly anyone knew that the Pirate Party even existed; now, all of a sudden, it has won seats in state parliaments in four successive elections, and a new poll puts them at 11% of Germany's national vote.'",guardian.co.uk,http://www.guardian.co.uk/commentisfree/2012/may/18/germany-pirate-party-political-gap
2012-05-20,20:57:07,tvwh2,435,"Pakistan has blocked Twitter over ""blasphemous material"" on the social networking site.",news.sky.com,http://news.sky.com/home/world-news/article/16231748
2012-05-20,02:05:11,tuvjw,405,Scientists who claimed homosexuality could be cured withdraws claim and apologises,guardian.co.uk,http://www.guardian.co.uk/world/2012/may/19/psychiatrist-admits-gay-cure-study-flawed
2012-05-21,01:14:28,tw3iz,123,"François Hollande pledges support for gay marriage in France: 'A communiqué issued by the office of the PM, Jean-Marc Ayrault, marked the International Day Against Homophobia and Transphobia yesterday with a pledge to put the president’s manifesto promise into law.' ",gay.americablog.com,http://gay.americablog.com/2012/05/francois-hollande-pledges-support-for.html
2012-05-20,15:16:46,tvppq,103,Quebec protesters set fires in busy Montreal streets,theglobeandmail.com,http://www.theglobeandmail.com/news/national/quebec-protesters-set-fires-in-busy-montreal-streets/article2438267/
2012-05-20,17:56:03,tvt98,90,Frankfurt March Protests Unchecked Capitalism,nytimes.com,http://www.nytimes.com/2012/05/20/world/europe/frankfurt-germany-protests-austerity-measures.html
2012-05-20,21:31:28,tvxa3,65,Lockerbie bomber Abdelbaset al-Megrahi dead [x-post from r/unitedkingdom],bbc.co.uk,http://www.bbc.co.uk/news/world-africa-18137896
2012-05-20,15:11:41,tvpkp,59,BBC News - Three killed in northern Italy earthquake,bbc.co.uk,http://www.bbc.co.uk/news/world-europe-18135898
2012-05-20,02:47:38,tux9z,45,"Exploding The Myth Of The Feckless, Lazy Greeks: ""Stereotypes and untruths are everywhere, but this economic crisis is not the self-inflicted result of a lax Mediterranean work ethic.""",newstatesman.com,http://www.newstatesman.com/blogs/world-affairs/2012/05/exploding-myth-feckless-lazy-greeks
2012-05-20,19:46:26,tvv5o,41,Fighting rages in eastern DR Congo,aljazeera.com,http://www.aljazeera.com/video/africa/2012/05/201252043948131519.html
2012-05-20,21:58:57,tvxzj,43,"Lockerbie bomber al-Megrahi has died in Libya
| Reuters",uk.reuters.com,http://uk.reuters.com/article/2012/05/20/uk-libya-megrahi-idUKBRE84J05J20120520
2012-05-20,19:06:55,tvuh6,34,Fourth Mexican army officer held in drug cartel probe,bbc.co.uk,http://www.bbc.co.uk/news/world-latin-america-18133808
2012-05-20,00:37:36,tus68,29,Fukushima Reactor 4 poses massive global risk,ctv.ca,http://www.ctv.ca/CTVNews/TopStories/20120518/fukushima-dai-ichi-risk-reactor-4-120519/
2012-05-20,19:48:44,tvv6n,25,Eggs thrown as Taiwanese president sworn in,aljazeera.com,http://www.aljazeera.com/news/asia-pacific/2012/05/20125207349306933.html
2012-05-20,14:58:10,tvp7s,28,UK special forces 'to stay in Afghanistan after 2014',bbc.co.uk,http://www.bbc.co.uk/news/uk-18135589
2012-05-20,23:29:11,tvzoz,27,Pakistan blocks Twitter because of tweets considered offensive to Islam,washingtonpost.com,http://www.washingtonpost.com/world/asia_pacific/pakistan-blocks-twitter-because-of-material-considered-offensive-to-islam/2012/05/20/gIQAFWdlcU_story.html
2012-05-20,09:17:28,tvd2i,23,Mafia suspected in Italian school bombing:  Local mafia cartel the United Sacred Crown are alleged to be behind the bombing of a girls' school in Italy which killed one and injured seven others. ,mg.co.za,http://mg.co.za/article/2012-05-19-mafia-suspected-in-italian-school-bombing
2012-05-20,01:15:22,tutlv,24,"French villagers run New Zealand man out of town over alleged cat torture - Neighbors charge they were mutilating cats & selling them for experiments.  ""People took matters into their own hands. It was like something out of the Middle Ages,"" the NZ man says.",globalpost.com,http://www.globalpost.com/dispatches/globalpost-blogs/weird-wide-web/new-zealand-france-cat-torture-ile-de-re-medieval
2012-05-20,07:40:25,tv94c,22,Youth protest former Mexican ruling party's rise,news.yahoo.com,http://news.yahoo.com/youth-protest-former-mexican-ruling-partys-rise-220003591.html
2012-05-20,01:06:11,tut9t,19,Nato protesters arrested in Chicago raid held on terrorism conspiracy charges,guardian.co.uk,http://www.guardian.co.uk/world/2012/may/19/chicago-nato-protesters-terrorism-charges
2012-05-20,05:54:21,tv4vg,18,"Yemen clashes kill 34 militants, soldiers: officials",reuters.com,http://www.reuters.com/article/2012/05/19/us-yemen-idUSBRE84I07V20120519
2012-05-20,13:10:52,tvlr2,16,"Syria: Rebel Suicide Bomber Attacks Regime Military Installations, 9 Killed, 100 Wounded",jpost.com,http://www.jpost.com/MiddleEast/Article.aspx?id=270579&R=R3
2012-05-21,01:57:00,tw56l,14,"The Vatican is threatening legal action against those responsible for ""Vatileaks,"" a book of leaked internal documents.",rt.com,http://www.rt.com/news/vatican-slams-leaked-documents-criminal-694/
2012-05-21,05:38:49,twf7x,15,Fukushima Reactor 4 poses massive global risk,ctv.ca,http://www.ctv.ca/CTVNews/World/20120518/fukushima-dai-ichi-risk-reactor-4-120519/
2012-05-20,12:57:24,tvl94,9,"East Timor celebrates independence anniversary: Taur Matan Ruak has been sworn in as East Timor's president just hours before the nation's 10-year anniversary of independence, but concerns remain for its economic future.",abc.net.au,http://www.abc.net.au/news/2012-05-20/east-timor-celebrates-independence-anniversary/4021968
2012-05-20,10:58:13,tvgt2,10,"Peru Doubts Strategy Against 'Shining Path' Rebels - ""We're facing a political crisis,"" says a security analyst in drug-trafficking & terrorism. ""We see the government failing to fight the terrorist group, & the military & police in charge of counter-insurgency operations are critically inept.""",bbc.co.uk,http://www.bbc.co.uk/news/world-latin-america-18073298
2012-05-20,02:49:59,tuxdh,8,"A rally by more than 20,000 critics of Europe's banking sector and eurozone austerities has passed off peacefully in Frankfurt, after authorities brought the city to a standstill for days over fears of violence.",dw.de,"http://www.dw.de/dw/article/0,,15963475,00.html"
