2012-12-21,21:43:04,1585hz,3083,Syria dropping cluster bombs on civilians ,nytimes.com,http://www.nytimes.com/2012/12/21/world/middleeast/syria-uses-cluster-bombs-to-attack-as-many-civilians-as-possible.html?hp
2012-12-21,10:31:23,157cpx,2913,UN calls for ban on 'grotesque practice' of female genital mutilation ,worldnews.nbcnews.com,http://worldnews.nbcnews.com/_news/2012/12/20/16048831-un-calls-for-ban-on-grotesque-practice-of-female-genital-mutilation?lite
2012-12-21,22:13:32,1586qt,2261,Pope signals inter-religion alliance against gay marriage,uk.reuters.com,http://uk.reuters.com/article/2012/12/21/us-pope-family-idUKBRE8BK0M020121221
2012-12-21,21:42:24,1585h0,1717,China and North Korea are batteling over a mountain on their border where Kim Jong-il was allegedly born. Soviet documents however show he was born in Russia. ,thediplomat.com,http://thediplomat.com/2012/12/21/baekdu-mountain-chinas-other-territorial-dispute/
2012-12-21,23:33:51,158amc,1273,"Discovery of Oldest Known Water Wells in Europe Show Stone Age Settlers More Advanced Than Thought  -  The 4 wells, lined with wood shaped with stone tools,  don't match up with what historians believed man capable of then.   “Houses from this era have probably been underestimated.”",thelocal.de,http://www.thelocal.de/sci-tech/20121220-46877.html#.UNR-bW-umXl
2012-12-21,20:54:57,1583ro,824,Big Food Corporations Are Making The World Fat,businessinsider.com,http://www.businessinsider.com/big-food-corporations-are-making-the-world-fat-2012-12
2012-12-21,20:07:45,1582c9,649,Rising anger of Canada's First Nations over living conditions,guardian.co.uk,http://www.guardian.co.uk/world/2012/dec/21/candas-first-nations-people-protest
2012-12-21,23:27:38,158aac,642,Cairo Court Sentences Man to 3 Years for Insulting Religion -- A Cairo court sentenced an atheist from a Christian family on Wednesday to three years in prison for insulting religion,nytimes.com,http://www.nytimes.com/2012/12/13/world/middleeast/cairo-court-orders-3-year-term-for-insulting-religion.html
2012-12-21,04:35:26,156p0m,446,Rumors of plot to sterilize Muslims with polio vaccine spark killings in Pakistan,worldnews.nbcnews.com,http://worldnews.nbcnews.com/_news/2012/12/20/16039942-rumors-of-plot-to-sterilize-muslims-with-polio-vaccine-spark-killings-in-pakistan
2012-12-21,11:18:34,157fri,339,"Bolivian president predicts era of peace and love instead of apocalypse: Evo Morales will mark the solstice by sailing across Lake Titicaca in one of the largest reed ships built in modern times
",guardian.co.uk,http://www.guardian.co.uk/world/2012/dec/20/evo-morales-bolivia-mayan-apocalypse
2012-12-21,05:38:37,156tgq,285,"Two arrested in Delhi gangrape case, doctors say ‘never seen such brutality’: “Her intestines are damaged; the blood supply to her intestines has been severed”",hindustantimes.com,http://www.hindustantimes.com/India-news/NewDelhi/Rape-victim-on-ventilator-support-battling-for-life/Article1-974240.aspx
2012-12-21,11:01:51,157enr,269,"Moscow is preparing to evacuate 30,000 Russians from Syria",english.ruvr.ru,http://english.ruvr.ru/2012_12_19/Moscow-is-preparing-to-evacuate-Russians-from-Syria/
2012-12-21,02:09:10,156ey1,226,Major blow to Apple as one of its key patents is invalidated. The patent helped it win a 1 billion dollar judgement against Samsung,nytimes.com,http://www.nytimes.com/2012/12/20/technology/patent-office-rejects-apple-patent-used-against-samsung.html?_r=1&
2012-12-21,21:05:30,15844m,224,US Rabbis Sign Letter Opposing Settlement Construction,thedailybeast.com,http://www.thedailybeast.com/articles/2012/12/20/rabbis-sign-letter-opposing-settlement-construction.html
2012-12-21,23:33:09,158akw,211,"Mexico's Maya Heartland Greets Dawn Of New Era: Ceremonial fires burned and conches sounded off as dawn broke over the steps of the main pyramid at the Mayan ruins of Chichen Itza Friday, making what many believe is the conclusion of a vast, 5,125-year cycle in the Mayan calendar.",hosted.ap.org,http://hosted.ap.org/dynamic/stories/L/LT_MEXICO_MAYAN_CALENDAR_2012?SITE=AP&SECTION=HOME&TEMPLATE=DEFAULT&CTIME=2012-12-21-09-10-13
2012-12-21,05:51:34,156ud8,176,Why Has Moscow Passed a Law to Ban U.S. Adoption of Russian Orphans?,world.time.com,http://world.time.com/2012/12/20/why-has-moscow-passed-a-law-to-ban-u-s-adoption-of-russian-orphans/
2012-12-21,00:00:20,1566z6,116,"Under new rules which enter force tomorrow, insurers in Europe will have to charge the same prices to women and men for the same insurance products without distinction on the grounds of sex.",europa.eu,http://europa.eu/rapid/press-release_IP-12-1430_en.htm?locale=en
2012-12-21,19:25:18,15817t,107,Video of Syrian military released showing the military firing scud missiles on their own people.,guardian.co.uk,http://www.guardian.co.uk/world/middle-east-live/2012/dec/21/syria-conflict-assad-fires-more-scuds-live
2012-12-21,05:48:22,156u4t,104,"Female Vaccination Workers, Essential in Pakistan, Become Prey",nytimes.com,http://www.nytimes.com/2012/12/21/world/asia/un-halts-vaccine-work-in-pakistan-after-more-killings.html?ref=science&_r=0
2012-12-21,21:23:03,1584pl,96,"Syria Unleashes Cluster Bombs on Town, Punishing Civilians",nytimes.com,http://www.nytimes.com/2012/12/21/world/middleeast/syria-uses-cluster-bombs-to-attack-as-many-civilians-as-possible.html
2012-12-21,09:27:28,1578q5,88,Winter solstice celebrated at Stonehenge,bbc.co.uk,http://www.bbc.co.uk/news/uk-england-wiltshire-20797129
2012-12-21,09:36:53,1579az,87,"France’s President François Hollande recognized the suffering of Algerians during more than a century of French dominion over the country Thursday, in the harshest description of the period by a French head of state yet, denouncing the “profoundly unjust and brutal” nature of the colonial system.",english.al-akhbar.com,http://english.al-akhbar.com/content/hollande-recognizes-algerian-suffering-under-french-rule
2012-12-21,05:08:09,156rba,79,"Rape victim still critical, writes to mother 'I want to live' - Hindustan Times",hindustantimes.com,http://www.hindustantimes.com/India-news/NewDelhi/Delhi-gang-rape-victim-critical-writes-on-a-piece-of-paper-Mother-I-want-to-live/Article1-976798.aspx
2012-12-21,22:45:25,158846,75,Facebook Trials Charging $1 to Send Certain Messages - It's launched a trial to see whether people are prepared pay $1 (£0.62) to send messages to the inboxes of people who aren't in their social circle.,wired.co.uk,http://www.wired.co.uk/news/archive/2012-12/21/facebook-message-charging
2012-12-21,08:11:03,1573tv,66,UN backs Mali intervention force to oust Islamist rebels,bbc.co.uk,http://www.bbc.co.uk/news/world-africa-20801094
2012-12-21,21:29:09,1584xy,64,"China the frontrunner to buy Exxon out of Iraq oil
",reuters.com,http://www.reuters.com/article/2012/12/20/us-iraq-energy-china-idUSBRE8BJ0ZH20121220
2012-12-21,11:28:51,157gff,64,"As Mexico claws toward prosperity, some in middle class slide back:  A slim majority of Mexicans has made its way into an emerging middle class, but staying there isn’t easy.",washingtonpost.com,http://www.washingtonpost.com/world/the_americas/as-mexico-claws-toward-prosperity-some-in-middle-class-slide-back/2012/12/19/93ecfe68-31c1-11e2-92f0-496af208bf23_story.html
2012-12-21,01:07:46,156b1m,60,"Singapore was recently just named by a prominant survey ""the planet’s most emotionless society."" Recently denying 40 shipwreck surviors entry as they stoof at their docks might be a reason why. ",thediplomat.com,http://thediplomat.com/asean-beat/2012/12/21/forty-shipwreck-survivors-denied-entry-into-singapore/
2012-12-21,06:50:51,156ygt,60,"Half of Syria's 88 public hospitals and nearly 200 clinics have been damaged or destroyed, the World Health Organization says, leaving many without access to health care. Diabetics can't find insulin, kidney patients can't reach dialysis centers.",hosted.ap.org,http://hosted.ap.org/dynamic/stories/M/ML_SYRIA_WAR_WOUNDED?SITE=RIPAW&SECTION=HOME&TEMPLATE=DEFAULT
2012-12-21,22:42:24,1587z3,55,"Burning Pipeline Fire Sign of Oil-Rich Nigeria’s Woes - It burns unstopped near sprawling megacity of Lagos, shooting flames as leaking fuel muddies the ground littered with plastic jerry-cans, used by those who hacked into the line to steal the fuel within.",news.yahoo.com,http://news.yahoo.com/burning-pipeline-fire-sign-nigerias-130158159.html
