2012-10-02,08:35:57,10sdk7,2303,"Greece's far-right Golden Dawn party is increasingly assuming the role of law enforcement officers on the streets of the bankrupt country, with mounting evidence that Athenians are being openly directed by police to seek help from the neo-Nazi group.",guardian.co.uk,http://www.guardian.co.uk/world/2012/sep/28/greek-police-victims-neo-nazi/print
2012-10-02,22:10:19,10tbjx,1743,"Police rape woman in Tunisia, then charge her with indecency",cnn.com,http://www.cnn.com/2012/10/02/world/africa/tunisia-rape-protest/index.html?hpt=hp_t3
2012-10-02,21:40:00,10tabt,688,"Chinese Company Sues Obama Over Wind Farm Project -  A company blocked from building wind farms near a US navy test site in Oregon is suing President Barack Obama, arguing that his order to stop the project was unconstitutional.",china.org.cn,http://www.china.org.cn/business/2012-10/02/content_26691087.htm
2012-10-02,18:49:14,10t5hh,505,"Uruguay's Drugs Policy: Regulating Market For Pot: ""The government of President Jose Mujica has proposed a law that would put the state in charge of producing and selling marijuana to registered users.""",npr.org,http://www.npr.org/2012/10/02/162092271/uruguays-drugs-policy-regulating-market-for-pot
2012-10-02,19:14:05,10t61v,489,Muslim mobs attacked temples and houses in what Buddhist leaders described as the worst violence against the community since independence,ndtv.com,http://www.ndtv.com/article/world/nearly-300-arrested-in-bangladesh-for-attacks-on-buddhists-274643
2012-10-02,22:23:15,10tc4s,430,France to cover total cost of abortion: 'The move follows a long campaign by pro-choice organisations and was a manifesto promise by President Hollande ahead of his election victory in June.',rawstory.com,http://www.rawstory.com/rs/2012/10/01/france-to-cover-total-cost-of-abortion/
2012-10-02,22:04:00,10tb9h,424,Syria Crisis: Russia Tells NATO To Stay Away From Syria,huffingtonpost.com,http://www.huffingtonpost.com/2012/10/02/syria-russia-nato_n_1931707.html?ncid=edlinkusaolp00000003
2012-10-02,02:02:13,10rnys,397,Libya's Magarief calls for a secular state,libyaherald.com,http://www.libyaherald.com/?p=15432
2012-10-02,20:39:16,10t88t,335,Irans economy plunges because of sanctions.,aljazeera.com,http://www.aljazeera.com/news/middleeast/2012/10/20121024532197217.html
2012-10-02,21:10:54,10t9ai,239,BBC News - Georgia President Mikheil Saakashvili admits election loss,bbc.co.uk,http://www.bbc.co.uk/news/world-europe-19798323
2012-10-02,18:41:03,10t5ap,211,"Dutch ""abortion boat"" heads to Morocco in its first trip to a Muslim country - will ""promote the idea of a safe medication abortion""",bbc.co.uk,http://www.bbc.co.uk/news/world-europe-19788279
2012-10-02,19:42:18,10t6qc,214,"'Offensive (and not funny)' After years of insults, BBC finally censures Jeremy Clarkson",independent.co.uk,http://www.independent.co.uk/arts-entertainment/tv/news/offensive-and-not-funny-after-years-of-insults-bbc-finally-censures-jeremy-clarkson-8193167.html
2012-10-02,09:09:51,10sfue,174,"Japan’s first 'cuddle cafe' lets you sleep with a stranger for Y6,000 an hour ‹ Japan Today: Japan News and Discussion",japantoday.com,http://www.japantoday.com/category/lifestyle/view/japans-first-cuddle-cafe-lets-you-sleep-with-a-stranger-for-y6000-an-hour
2012-10-02,23:47:48,10tgmy,166,"High Food Prices Forecast More Global Riots Ahead, Researchers Say ",npr.org,http://www.npr.org/blogs/thesalt/2012/09/20/161501075/high-food-prices-forcast-more-global-riots-ahead-researchers-say
2012-10-02,03:28:31,10rt9w,153,Unemployment in the euro zone at record 18.2 million - Economy Watch,economywatch.nbcnews.com,http://economywatch.nbcnews.com/_news/2012/10/01/14169467-unemployment-in-the-euro-zone-at-record-182-million?lite&google_editors_picks=true
2012-10-02,21:48:24,10tanx,154,"Mexicans Puzzled by Azerbaijan Leader Monument - The appearance of a life-size statue of Azerbaijan's ""founder of the nation"" on Mexico City's elegant Reforma Avenue, not far from Mahatma Gandhi, Abraham Lincoln & Mexico's national heroes, is raising eyebrows & protests.",news.yahoo.com,http://news.yahoo.com/mexicans-puzzled-azerbaijan-leader-monument-235712774.html
2012-10-03,00:56:12,10tkq4,122,Saudi Arabia on Friday began expelling more than a thousand Nigerian women on a religious pilgrimage because they had arrived without male guardians,nytimes.com,http://www.nytimes.com/2012/09/29/world/middleeast/saudi-arabia-nigerians-expelled.html
2012-10-02,13:06:18,10stiv,118,Professor: Drones Will Soon Be Able To Kill During War Without Human Assistance,washington.cbslocal.com,http://washington.cbslocal.com/2012/10/01/professor-drones-will-soon-be-able-to-kill-during-war-without-human-assistance/
2012-10-02,21:42:09,10taf8,97,"Former Pirate Bay host raided by police, goes down amidst DDoS-attack",computerworld.com.au,http://www.computerworld.com.au/article/437967/former_pirate_bay_hoster_raided_by_police_goes_down_amidst_ddos-attack/?fp=4&fpid=1398720840#closeme
2012-10-02,04:46:41,10rygb,91,"Scottish independence: Who would get the nukes, and other questions -- 

As it considers a 2014 referendum on independence from the UK, Scotland still has a litany of issues that must be resolved beforehand, including its role in the EU and NATO.",csmonitor.com,http://www.csmonitor.com/World/Europe/2012/1001/Scottish-independence-Who-would-get-the-nukes-and-other-questions
2012-10-02,08:49:38,10sehy,88,"Great Barrier Reef coral seeing 'major decline,' scientists report",worldnews.nbcnews.com,http://worldnews.nbcnews.com/_news/2012/10/01/14152900-great-barrier-reef-coral-seeing-major-decline-scientists-report?lite
2012-10-02,02:58:32,10rrgi,87,Iran's currency hits all-time low as western sanctions take their toll. Rial sent into tailspin in spite of Ahmadinejad's defiance as Iranians rush to convert assets to foreign currency or gold,guardian.co.uk,http://www.guardian.co.uk/world/2012/oct/01/iran-currency-rial-all-time-low
2012-10-02,21:38:41,10ta9v,82,"Starting Nov.6, Spirit Airlines is going to start charging up to $100 for carry-on's...",travel.usatoday.com,http://travel.usatoday.com/flights/story/2012-05-03/Spirits-100-carry-on-bag-fee-just-the-tip-of-the-iceberg/54736508/1
2012-10-02,10:18:03,10sjoz,68,Japanese on the island of Okinawa demonstrate against prolonged and excessive U.S. military presence,nytimes.com,http://www.nytimes.com/2012/10/02/world/asia/united-states-military-sends-ospreys-to-okinawa-despite-fierce-opposition.html?smid=re-share
2012-10-02,23:05:19,10te9p,67,"Police rape woman in Tunisia, then charge her with indecency",edition.cnn.com,http://edition.cnn.com/2012/10/02/world/africa/tunisia-rape-protest/index.html?hpt=hp_t3
2012-10-02,13:13:25,10stxw,59,Marxist historian Eric Hobsbawm dies at age 95. Wrote seminal 4-volume history of Europe. ,hindustantimes.com,http://www.hindustantimes.com/Books/Chunk-HT-UI-BooksSectionPage-AuthorsCorner/Marxist-historian-Eric-Hobsbawm-dies-at-95/Article1-938365.aspx
2012-10-02,17:13:54,10t35e,53,Indian General Stabbed and Wounded in London,abcnews.go.com,http://abcnews.go.com/International/wireStory/indian-general-stabbed-wounded-london-17372829#.UGqiMxJv_o8.reddit
2012-10-02,04:20:16,10rwnq,54,Over 80% of Russians Favor ‘Blasphemy’ Draft Law - Survey | Politics | RIA Novosti,en.rian.ru,http://en.rian.ru/politics/20120926/176228857.html
2012-10-02,04:42:49,10ry7c,51,"Israel scrambles Palestinian 'right of return' with Jewish refugee talk:  

Some 856,000 Middle Eastern Jews fled their home countries after Israel's founding. If Palestinian refugees are to be considered for compensation, these Jews should be too, Israel argues.",csmonitor.com,http://www.csmonitor.com/World/Middle-East/2012/1001/Israel-scrambles-Palestinian-right-of-return-with-Jewish-refugee-talk
2012-10-02,01:56:34,10rnmx,28,"Israeli Defense Minister Ehud Barak: Foreign Minister Avigdor Lieberman's comments naming Mahmoud Abbas as “the biggest obstacle to peace” harm Israel's interests -- ""Lieberman’s comments about the Palestinian Authority and its president do not represent Israeli policy, and harm Israeli interests.""",haaretz.com,http://www.haaretz.com/news/diplomacy-defense/barak-lieberman-s-comments-on-abbas-harm-israel-s-interests-1.467612
