2012-07-24,03:00:59,x0yx9,2700,"How the Norwegians Reacted to Terrorism: ""The Norwegian response to violence is more democracy, more openness and greater political participation,"" said the prime minister. A year later it seems the prime minister has kept his word",schneier.com,https://www.schneier.com/blog/archives/2012/07/how_the_norwegi.html
2012-07-24,13:31:58,x22gf,1828,"US evangelical Christians accused of promoting homophobia in Africa
",guardian.co.uk,http://www.guardian.co.uk/world/2012/jul/24/evangelical-christians-homophobia-africa
2012-07-24,20:48:14,x2hax,997,"King Juan Carlos of Spain ousted from, 'World Wildlife Fund', presidency — a title he’d held since 1968 — after hunting elephants in Botswana - A photo of him with a rifle & a dead elephant caused outrage. He was also criticized  for an ostentatious lifestyle when 1 in 4 Spaniards are out of work. 
",telegraph.co.uk,http://www.telegraph.co.uk/news/worldnews/europe/spain/9417840/King-Juan-Carlos-of-Spain-ousted-from-WWF-presidency-after-row-over-hunting-trip.html
2012-07-24,20:53:56,x2hhs,799,"UN: Israel urged to treat Palestinian child detainees in accordance with rights law: “Israel’s use of solitary confinement against children flagrantly violates international human rights standards""",un.org,http://www.un.org/apps/news/story.asp?NewsID=42527&Cr=palestin&Cr1=
2012-07-24,21:16:35,x2i90,713,How Finland keeps its head above eurozone crisis:  What has Finland done right? Its economy is dominated by services but it is competitive in manufacturing. Income per person is among the highest in western Europe - and its revenues are bigger than its debt,guardian.co.uk,http://www.guardian.co.uk/business/2012/jul/24/finland-triple-aaa-rating-moodys-eurozone
2012-07-24,23:15:43,x2nec,460,"Occupy the Dam: Brazil's Indigenous Uprising: In the Amazonian backcountry, tribes are challenging construction of the world's third-largest dam - by dismantling it. Here's what they can teach us about standing up to power",yesmagazine.org,http://www.yesmagazine.org/peace-justice/occupy-the-dam-brazils-indigenous-uprising
2012-07-24,19:24:44,x2f25,433,"Phone hacking: Rebekah Brooks, Andy Coulson and six others face charges",guardian.co.uk,http://www.guardian.co.uk/media/blog/2012/jul/24/phone-hacking-cps-charges-live
2012-07-24,21:52:59,x2jlq,408,Romania is sliding unremarked into despotism.,blogs.telegraph.co.uk,http://blogs.telegraph.co.uk/news/danielhannan/100171618/romania-is-sliding-unremarked-into-despotism/
2012-07-24,23:36:14,x2ogo,332,"[India] Bhopal Gas tragedy victims to hold ‘Bhopal Olympics’ on July 26, a day ahead of the London Olympics to oppose sponsorship of the Olympic Games by Dow Chemical which “continues to evade civil, criminal and environmental liabilities of Bhopal inherited from Union Carbide”",thehindu.com,http://www.thehindu.com/news/states/other-states/article3678816.ece
2012-07-24,11:38:52,x1vow,312,"Egypt lifts 5-year blockade of Gaza, allowing Palestinians free entry — RT",rt.com,http://www.rt.com/news/egypt-eases-restrictions-gaza-897/
2012-07-24,22:39:16,x2lmn,247,House of Lords says make maths compulsory for all A level students,guardian.co.uk,http://www.guardian.co.uk/science/2012/jul/24/make-maths-compulsory-a-level-lords
2012-07-24,03:24:54,x10fl,190,A Land Without Guns: How Japan Has Virtually Eliminated Shooting Deaths,theatlantic.com,http://www.theatlantic.com/international/archive/2012/07/a-land-without-guns-how-japan-has-virtually-eliminated-shooting-deaths/260189/
2012-07-24,23:19:01,x2nkg,184,"Private banking's cosy world under siege: With banking secrecy increasingly under threat, private banks may have to organise ever more trips to the Arctic to keep their customers loyal.",guardian.co.uk,http://www.guardian.co.uk/business/2012/jul/22/private-banks-swiss-accounts-coutts-tax
2012-07-25,01:48:24,x2wdk,166,Ghana President Mills dead,reuters.com,http://www.reuters.com/article/2012/07/24/us-ghana-president-idUSBRE86N14720120724
2012-07-25,00:29:49,x2rit,168,"Syria: 'war planes bomb Aleppo':   Fighter jets have reportedly launched bomb attacks on Syria's second city of Aleppo, which, if confirmed, would be the first time Assad forces had used war planes against citizens. ",telegraph.co.uk,http://www.telegraph.co.uk/news/worldnews/middleeast/syria/9423574/Syria-war-planes-bomb-Aleppo.html
2012-07-24,21:04:02,x2huh,165,"Iran warns Arab countries not to intervene in Syria, threatening them with retaliation if they do",bigstory.ap.org,http://bigstory.ap.org/article/iran-warns-arabs-syria-intervention-report
2012-07-24,02:00:07,x0ux3,96," 
 
First Nations leaders shocked by oilsands",edmontonjournal.com,http://www.edmontonjournal.com/business/First+Nations+leaders+shocked+oilsands/6973898/story.html
2012-07-24,02:46:06,x0xxp,93,Buddhist attacks on the Rohingya Muslims in Myanmar have picked up over the last few weeks following the rape and murder of a Buddhist woman in May.,aljazeera.com,http://www.aljazeera.com/programmes/insidestory/2012/07/201272383656931979.html?miaou
2012-07-24,04:05:06,x135t,63,"Shock discovery: 248 human embryos found trashed in Russian forest. A fishing trip in Russia's Urals ended with cries of horror as a man found canisters filled with human embryos, some already shaped to baby bodies",rt.com,http://rt.com/news/russia-found-embryos-canisters-882/
2012-07-24,04:21:15,x149o,53,China Sends Troops to Disputed Islands,nytimes.com,http://www.nytimes.com/2012/07/24/world/asia/china-sends-troops-to-disputed-islands.html
2012-07-24,19:03:26,x2ek4,53,'Super cereal' feeds Mali's malnourished kids,aljazeera.com,http://www.aljazeera.com/indepth/features/2012/07/201272311114172826.html#.UA5y5LNolsI.reddit
2012-07-24,12:47:58,x1zvw,48,A 300-year-old skull with traces of brain tissue has been located by divers excavating the royal ship Kronan in the waters off the Baltic Sea island of Öland.,thelocal.se,http://www.thelocal.se/42190/20120723/
2012-07-24,23:38:00,x2ojk,46,Will London Really Erase Banksy's New Olympics Art?,theatlanticwire.com,http://www.theatlanticwire.com/global/2012/07/will-london-really-erase-banksys-new-olympics-art/54905/
2012-07-24,12:43:13,x1zl3,34," The credit ratings agency Moody's has downgraded the economic outlook for Germany, the Netherlands and Luxembourg to ""negative"" from ""stable."" All three countries retain their top-notch credit ratings though. ",dw.de,"http://www.dw.de/dw/article/0,,16120697,00.html"
2012-07-24,05:43:34,x19m4,37,Iraq Insurgents Kill at Least 100 After Declaring New Offensive - NYTimes.com,nytimes.com,http://www.nytimes.com/2012/07/24/world/middleeast/iraqi-insurgents-kill-dozens-in-wave-of-attacks.html?_r=1&hp
2012-07-24,21:58:15,x2jtl,32,Recent events – like those in Syria – show increasing coordination among some of the world’s most dangerous states. ,thediplomat.com,http://thediplomat.com/2012/07/24/grand-strategy-of-the-authoritarian-axis/
2012-07-25,00:45:06,x2sg7,28,Serbia Becomes a Hub for Sex-Change Surgery.,nytimes.com,http://www.nytimes.com/2012/07/24/world/europe/serbia-becomes-a-hub-for-sex-change-surgery.html?ref=global-home
2012-07-24,00:10:06,x0oaq,26,"Spain, Italy Ban Short Selling to Slow Market Turmoil",bloomberg.com,http://www.bloomberg.com/news/2012-07-23/spain-italy-ban-short-selling-of-stocks-to-slow-market-turmoil.html
2012-07-25,01:21:27,x2upf,26,"Artist sews his mouth for Pussy Riot: In a protest in support of the jailed punk group Pussy Riot, a St Petersburg artist has sewn his mouth shut, and paraded through the city’s Kazansky Cathedral",rt.com,http://rt.com/art-and-culture/news/artist-sews-mouth-riot-941/
2012-07-24,08:57:42,x1m3o,23,"Three Vatican 'moles' named in leaks scandal. A cardinal, a bishop and the Pope's German housekeeper come under investigation
",independent.co.uk,http://www.independent.co.uk/news/world/europe/three-vatican-moles-named-in-leaks-scandal-7966311.html
