2012-08-01,15:20:37,xhsmr,2054,The American embassy in Norway forgot about their own practise bomb and called in the Norwegian bomb squad when they found it.,abcnews.go.com,http://abcnews.go.com/Blotter/fake-bomb/story?id=16900096#.UBjJgvUS-BU
2012-08-01,22:06:06,xi59p,1871,Russians Say Human Immortality a Possibility by 2045,cbc.ca,http://www.cbc.ca/news/yourcommunity/2012/07/human-immortality-could-be-possible-by-2045-say-russian-scientists.html
2012-08-01,16:56:21,xhw5w,1769,Australian Billionaire Wants To Build Jurassic Park-Style Resort with cloned dinosaurs.,sunshinecoastdaily.com.au,http://www.sunshinecoastdaily.com.au/story/2012/07/31/clives-going-jurassic-sunshine-coast/
2012-08-01,09:23:37,xh8lc,1523,"Egypt's new Islamist president has sent his first letter to an Israeli leader, Israel said Tuesday, in which the Egyptian leader expresses his hopes that the Mideast peace process can be restarted and that ""Israeli people"" can achieve security.",news24.com,http://www.news24.com/World/News/Egypt-president-writes-to-Israeli-leader-20120731
2012-08-01,18:41:42,xhz1n,1237,"Drone Pilots, Waiting for a Kill Shot 7,000 Miles Away - ""He steps out of a dark room of video screens, his adrenaline still surging after squeezing the trigger, and commutes home"". The everyday life of drone pilots in upstate New York, killing people 7,000 miles away in Afghanistan",nytimes.com,http://www.nytimes.com/2012/07/30/us/drone-pilots-waiting-for-a-kill-shot-7000-miles-away.html?_r=3&hp&pagewanted=all
2012-08-01,03:56:44,xgoar,1144,"""London is like a ghost town"" 
Museums, Taxis, Theaters, and the 
London Zoo say business down by as 
much as 40% ",independent.co.uk,http://www.independent.co.uk/news/uk/home-news/london-tourism-struggles-during-olympics-7994159.html
2012-08-01,01:52:01,xgg0t,718,"Sudan: Give us Bush & Blair, we’ll give you Bashir",amanpour.blogs.cnn.com,http://amanpour.blogs.cnn.com/2012/07/31/sudan-give-us-bush-blair-well-give-you-bashir/
2012-08-01,21:15:43,xi3bv,705,"150-Yr-Old Bangladesh Brothel Fights Closure - Tara Das says she is the 5th generation of her family to work at the same brothel in Bangladesh, but now she's fighting against Islamic protesters who want to shut down her business.",rawstory.com,http://www.rawstory.com/rs/2012/08/01/150-year-old-bangladesh-brothel-fights-closure/
2012-08-01,02:35:01,xgisv,538,Senior bank manager with HSBC plunges 100ft to his death at the Tate Modern art gallery in London,telegraph.co.uk,http://www.telegraph.co.uk/news/uknews/law-and-order/9437969/Tate-Modern-death-fall-man-was-senior-HSBC-banker.html
2012-08-01,08:48:16,xh6go,491,Belarussian president Alexander Lukashenko has sacked his air defence chief and the head of the border guards for failing to stop a Swedish aircraft from dropping hundreds of teddy bears over the hardline state in a pro-democracy stunt.,irishtimes.com,http://www.irishtimes.com/newspaper/world/2012/0801/1224321233804.html
2012-08-01,08:27:22,xh572,454,Anonymous react to French retailer involved in Trademark stunt,brandchannel.com,http://www.brandchannel.com/home/post/2012/07/31/Anonymous-Trademark-Early-Flicker-073112.aspx
2012-08-01,22:28:27,xi68h,428,The Cartel: Behind the Scenes in the Libor Interest Rate Scandal - Investigators and political leaders believe that the manipulation of the Libor benchmark interest rate was the result of organized fraud. Institutions that participated could face billions in fines and penalties.,spiegel.de,http://www.spiegel.de/international/business/the-libor-scandal-could-cost-leading-global-banks-billions-a-847453.html
2012-08-01,22:55:19,xi7hv,374,"One in 5 Hong Kong women will never find a husband, as city's gender imbalance widens.",on.wsj.com,http://on.wsj.com/MRq9NV
2012-08-01,22:01:28,xi522,253,Sharp Decline in Terror Attacks After Bin Laden Death,news.yahoo.com,http://news.yahoo.com/sharp-decline-terror-attacks-bin-laden-death-213958117--abc-news-politics.html
2012-08-01,13:08:09,xhlwm,179,Coca-Cola to be booted out of Bolivia,english.pravda.ru,http://english.pravda.ru/business/companies/01-08-2012/121801-coca_cola_bye_bye-0/
2012-08-01,20:30:39,xi1wv,119,"
Ebola outbreak claims more lives in Uganda - 
President appeals for citizens to limit physical contact, as virus-related cases reported in capital Kampala",aljazeera.com,http://www.aljazeera.com/news/africa/2012/07/201273010541595799.html
2012-08-01,15:03:11,xhrvh,122,Israeli law protecting Ultra-Orthodox from military service expires. Secular Israelis say the law was unfair.,bbc.co.uk,http://www.bbc.co.uk/news/world-middle-east-19072717
2012-08-01,19:24:05,xi02v,121,China slams new US - Iran sanctions as 'serious violation of intl rules' — RT,rt.com,https://rt.com/news/iran-fresh-sanctions-obama-552/
2012-08-01,21:33:19,xi3xh,88,Another Murdoch journalist arrested in phone-hacking case,rawstory.com,http://www.rawstory.com/rs/2012/08/01/another-murdoch-journalist-arrested-in-phone-hacking-case/
2012-08-01,11:36:32,xhgim,76,"China blocks Bloomberg for exposing financial affairs of its leader-in-waiting Xi Jinping, revealing his extended family's investments in companies with total assets of $376m",edition.cnn.com,http://edition.cnn.com/2012/07/29/business/china-blocks-bloomberg/index.html
2012-08-01,10:42:17,xhdb0,63,Syrian rebels acquire surface-to-air missiles,reuters.com,http://www.reuters.com/article/2012/07/31/us-usa-syria-missiles-idUSBRE86U1T920120731
2012-08-02,00:41:45,xid6w,62,"Five bomb blasts in Pune, India",ndtv.com,http://www.ndtv.com/article/cities/five-bomb-blasts-in-pune-one-person-reported-injured-250170?pfrom=home-lateststories
2012-08-01,20:25:33,xi1r1,50,How American oil companies have built their own fiefdom in northern Iraq. ,foreignpolicy.com,http://www.foreignpolicy.com/articles/2012/07/31/houston_we_have_a_country
2012-08-01,16:15:14,xhus4,47,Full power restored after India hit by second huge outage,cnn.com,http://www.cnn.com/2012/08/01/world/asia/india-blackout/index.html
2012-08-01,05:36:20,xgv7d,37,"New Iran sanctions hit banks in China, Iraq - CNN.com",cnn.com,http://www.cnn.com/2012/07/31/us/iran-sanctions/index.html?hpt=hp_t1
2012-08-01,20:19:50,xi1l8,35,"""The ruling Sunni minority in Bahrain is engaged in systematic and disproportionate use of tear gas on its restive Shiite majority, permitting police officers to routinely fire volleys at point-blank range at crowds and into homes and vehicles in Shiite neighborhoods""",nytimes.com,http://www.nytimes.com/2012/08/01/world/middleeast/bahrain-criticized-for-torrent-of-tear-gas-use.html?nl=todaysheadlines&emc=edit_th_20120801
2012-08-01,14:34:02,xhqi5,33,Human Rights Watch Cites 'Atrocities' in Myanmar,nytimes.com,http://www.nytimes.com/aponline/2012/08/01/world/asia/ap-as-myanmar-unrest.html
2012-08-01,23:13:03,xi8cf,30,"China prepares vast stimulus as slump threatens Asia: China has ditched its reform strategy and prepared a vast stimulus package as the country’s soft-landing turns uncomfortably hard, with recession warnings flashing across East Asia. ",telegraph.co.uk,http://www.telegraph.co.uk/finance/comment/ambroseevans_pritchard/9442497/China-prepares-vast-stimulus-as-slump-threatens-Asia.html
2012-08-01,23:12:13,xi8b2,34,Parisians warned that naked sunbathers will be jailed: French police have warned Parisians to keep their clothes on or face fines and even imprisonment as the city's residents began flocking to parks and the banks of the River Seine to bask in the summer sun. ,telegraph.co.uk,http://www.telegraph.co.uk/news/worldnews/europe/france/9444209/Parisians-warned-that-naked-sunbathers-will-be-jailed.html
2012-08-02,07:34:04,xj4j5,24,"China forcing religious persecution of Muslims, efforts to stop Muslims from fasting in Ramadan. ",aljazeera.com,http://www.aljazeera.com/news/asia-pacific/2012/08/201281113456325751.html
