2012-10-11,21:35:27,11b14p,3018,"A group of 23 impoverished west African fishing communities has driven off a fleet of illegal, unreported & unregulated ""pirate"" trawlers by filming & reporting them when they are found in their waters.  9 of the 10 ships identified  were found to have licences to export catches to Europe.",guardian.co.uk,http://www.guardian.co.uk/environment/2012/oct/11/west-africa-fishing-pirate-trawlers?intcmp=122
2012-10-11,08:11:55,11a1e0,2361,"""Eagle Dad"" and children rescued from Mt. Fuji after ascending with only water and a chocolate bar thinking ""there would be steps up the mountain and shops along the way.""",stuff.co.nz,http://www.stuff.co.nz/world/americas/7802382/Eagle-Dads-failed-Mt-Fuji-mission
2012-10-11,00:03:44,1195vb,2080,"Many mentally ill in Ghana being treated by Christian organization who will only use prayer, herbs and mandatory fasting for as long as 12 hours a day for up to 40 days, human rights group warns.",globalpublicsquare.blogs.cnn.com,http://globalpublicsquare.blogs.cnn.com/2012/10/09/ghana-grapples-with-mental-health/
2012-10-11,01:29:09,119b7s,1849,Pakistan Erupts in Anger Over Taliban’s Shooting of Schoolgirl,nytimes.com,http://www.nytimes.com/2012/10/11/world/asia/pakistan-erupts-in-anger-over-talibans-shooting-of-malala-yousafzai.html?_r=0
2012-10-11,18:54:32,11awfv,1699,Masked gunmen kill U.S. embassy employee in Yemen,reuters.com,http://www.reuters.com/article/2012/10/11/us-yemen-assassination-idUSBRE89A0F820121011
2012-10-11,07:31:24,119yo7,1191,Russia says it will not renew arms agreement with U.S.,reuters.com,http://www.reuters.com/article/2012/10/10/us-russia-usa-weapons-idUSBRE8991K020121010
2012-10-11,15:15:04,11aq9m,1046,Dalai Lama warns not to generalize Islam as a negative force and called on believers of different faiths to reach out to one another,rawstory.com,http://www.rawstory.com/rs/2012/10/10/dalai-lama-warns-against-generalizing-islam/
2012-10-11,23:32:45,11b6g4,820,Taliban says they will try to kill injured schoolgirl who defied them ,news.yahoo.com,http://news.yahoo.com/pakistani-schoolgirl-shot-taliban-moved-army-hq-hospital-123901592.html
2012-10-11,05:37:55,119rrf,644,IMF: We got it wrong on austerity and made things worse ,herald.ie,http://www.herald.ie/news/we-got-it-wrong-on-austerity-and-made-things-worse-imf-3253951.html
2012-10-11,22:54:38,11b4jj,590,"Megaupload Wants Charges Dropped, Points Out Judge Failure",torrentfreak.com,http://torrentfreak.com/megaupload-wants-charges-dropped-points-out-judge-failure-121011/
2012-10-11,23:29:43,11b6ao,495,Manchester man jailed over anti-police T-shirt worn after police killings,guardian.co.uk,http://www.guardian.co.uk/uk/2012/oct/11/manchester-man-jailed-tshirt-police
2012-10-11,09:49:50,11a7ns,335,Brazilian elderly woman dies after accidentally injected with soup at hospital.,oglobo.globo.com,http://oglobo.globo.com/rio/familia-de-aposentada-que-morreu-apos-receber-sopa-na-veia-vai-mover-acao-contra-hospital-6358245
2012-10-11,15:54:28,11arlt,334,Foxconn under fire again after requesting premature discharge of brain-damaged factory worker from hospital due to cost,reuters.com,http://www.reuters.com/article/2012/10/10/us-china-foxconn-worker-idUSBRE8991M620121010
2012-10-11,19:13:31,11awx1,332,"Romney's China Policy Bad - US presidential candidate sparking fears his policy may  trigger trade war while being unenforceable.  He's pledging, on his 1st day, to designate China a currency manipulator, a step no administration has taken against any country for 18 years.",heraldsun.com.au,http://www.heraldsun.com.au/news/breaking-news/romneys-china-policy-spells-trouble/story-e6frf7k6-1226493912100
2012-10-11,23:44:29,11b72i,258,Unemployment in Greece hit a record high of 25.1 percent. Indications are that unemployment in Greece will be heading higher for some to come.,hosted.ap.org,http://hosted.ap.org/dynamic/stories/E/EU_GREECE_FINANCIAL_CRISIS?SITE=AP&SECTION=HOME&TEMPLATE=DEFAULT&CTIME=2012-10-11-05-33-47
2012-10-11,00:32:09,1197l1,253,"Frenchwoman gets phone bill for 11,721,000,000,000,000 euros",heraldsun.com.au,http://www.heraldsun.com.au/news/world/love-to-chat-but-trillion-euro-phone-bill/story-fnd134gw-1226493252797
2012-10-11,03:02:04,119hcx,218,Syrian plane suspected of carrying arms forced to land in Ankara,todayszaman.com,http://www.todayszaman.com/news-294972-syrian-plane-suspected-of-carrying-arms-forced-to-land-in-ankara.html
2012-10-11,11:58:57,11ag6f,186,"Toronto mother of six drowned in her own blood after throat slit in alleged honour killing, court hears",news.nationalpost.com,http://news.nationalpost.com/2012/10/10/toronto-mothers-throat-slit-after-drifting-from-afghan-culture-jury-hears-in-alleged-honour-killing-trial/
2012-10-11,07:33:27,119ysn,107,President Barack Obama signs order implementing new Iran sanctions ,timesofindia.indiatimes.com,http://timesofindia.indiatimes.com/world/middle-east/President-Barack-Obama-signs-order-implementing-new-Iran-sanctions/articleshow/16746908.cms
2012-10-11,16:55:50,11athc,89,France's Hollande promises pupils ‘no more homework’ ,france24.com,http://www.france24.com/en/20121010-hollande-promises-school-children-no-more-homework-education-reform-france
2012-10-11,11:30:16,11aeaj,90,"Mali Islamists 'buying child soldiers, imposing Sharia': Islamists who seized control of part of Mali are amassing money from ransoms and drug trafficking while imposing Sharia law, says a senior UN official. They are also buying child soldiers, paying families $600 (£375) per child.",bbc.co.uk,http://www.bbc.co.uk/news/world-africa-19905905
2012-10-11,17:14:02,11aty0,71,People are beaten in Xi'an for the offense of driving Japanese cars,nytimes.com,http://www.nytimes.com/2012/10/11/world/asia/xian-beating-becomes-symbol-of-nationalism-gone-awry.html?nl=todaysheadlines&emc=edit_th_20121011
2012-10-11,13:57:23,11amuq,60,"What China’s slowdown means. China is slowing down, dramatically. If it continues, it will have a profound impact on the rest of the world. ",globalpublicsquare.blogs.cnn.com,http://globalpublicsquare.blogs.cnn.com/2012/10/10/what-chinas-slowdown-means/?hpt=wo_r1
2012-10-11,15:04:19,11aptb,54,Chinese billionaire buys 43 new cars for owners of damaged Japanese cars damaged during protests --all Chinese brands,shanghaidaily.com,http://www.shanghaidaily.com/nsp/National/2012/10/11/Your%2Bnew%2Bcar%2Bis%2Bmade%2Bin%2BChina/
2012-10-11,08:49:06,11a3qt,53,Taliban vows to target girl again,theaustralian.com.au,http://www.theaustralian.com.au/news/world/if-schoolgirl-malala-yousafzai-survives-well-get-her-again-taliban/story-e6frg6so-1226493126637
2012-10-11,22:16:45,11b2sx,46,"
Rising food prices are climate change's first tangible bite into UK lives

The UK's dreadful harvest from a sodden summer is a warning that the impact of global warming is getting close to home
",guardian.co.uk,http://www.guardian.co.uk/environment/damian-carrington-blog/2012/oct/10/food-price-rise-uk-crop-harvest
2012-10-11,03:10:53,119hy2,46,Turkey 'intercepts Syrian plane' - Al Jazeera English,aljazeera.com,http://www.aljazeera.com/news/europe/2012/10/201210101804010971.html
2012-10-11,10:14:48,11a9at,45,"Girl's courage, Taliban's cowardice - CNN.com",cnn.com,http://www.cnn.com/2012/10/10/opinion/ghitis-malala-yousufzai/index.html?hpt=hp_c1
2012-10-11,09:38:43,11a6yh,41,Canadian spy pleads guilty to espionage charges,abc.net.au,http://www.abc.net.au/news/2012-10-11/canadian-spy-pleads-guilty-to-espionage-charges/4306744
2012-10-11,08:06:31,11a11j,41,"German Gov't Inadvertently Reveals Police Monitor Gmail, Skype, Facebook & Use Snooping Malware",techdirt.com,http://www.techdirt.com/articles/20121009/08281520662/german-govt-inadvertently-reveals-police-monitor-gmail-skype-facebook-use-snooping-malware.shtml
