2012-08-21,02:07:29,yj4sz,2290,Iran bans women from 70 university degree courses ,telegraph.co.uk,http://www.telegraph.co.uk/news/worldnews/middleeast/iran/9487761/Anger-as-Iran-bans-women-from-universities.html
2012-08-21,18:54:41,yknz8,2077,"Sweden does not want to extradite Assange to death row:  ""We will never surrender a person to the death penalty"" said Cecilia Riddselius on behalf of the Swedish Ministry of Justice",translate.google.com,http://translate.google.com/translate?sl=de&tl=en&js=n&prev=_t&hl=en&ie=UTF-8&layout=2&eotf=1&u=http%3A%2F%2Fwww.fr-online.de%2Fpolitik%2Fschweden-will-assange-nicht-in-die-todeszelle-ausliefern%2C1472596%2C16932158%2Cview%2CasTicker.html&act=url
2012-08-21,17:41:11,ykm5i,516,"Mali Islamists: when we have finished conquering France, we will come to the USA, we will come to London and conquer the whole world. ",channel4.com,http://www.channel4.com/news/malis-islamist-warlord-declares-war-on-the-west
2012-08-21,15:00:41,ykgry,361,"Boy (15) on trial for murder in the Netherlands for allegedly stabbing a  girl to death in a €20 contract killing, after a row started over Facebook comments.",irishtimes.com,http://www.irishtimes.com/newspaper/frontpage/2012/0821/1224322587417.html
2012-08-21,04:47:53,yjffe,337,"Just As Ecuador Grants Asylum To Assange, It Prepares To Extradite Blogger For Exposing Corruption",techdirt.com,http://www.techdirt.com/articles/20120820/10434620100/just-as-ecuador-grants-asylum-to-assange-it-prepares-to-extradite-blogger-exposing-corruption.shtml
2012-08-22,00:20:50,yl0jn,262,"""The Vatican won a major victory Monday [20 August 2012] in an Oregon federal courtroom, where a judge ruled that the Holy See is not the employer of molester priests. The decision . . . ends a six-year question in the decade-old case and could shield the Vatican from possible monetary damages.""",seattlepi.com,http://www.seattlepi.com/news/article/US-judge-says-Vatican-isn-t-priests-employer-3801493.php
2012-08-21,13:18:40,ykbpr,247,'Operation Free Assange': Anonymous take down UK government websites,rt.com,https://rt.com/news/anonymous-uk-justice-site-down-157/
2012-08-21,03:47:04,yjbbf,188,Wife of powerful politician dodges death sentence for murder of U.K. businessman while a street vendor sits on death row.,cbsnews.com,http://www.cbsnews.com/8301-503543_162-57496452-503543/gu-kailai-wife-of-powerful-china-politician-bo-xilai-avoids-execution-which-surprises-few/
2012-08-21,03:42:43,yjb0x,181,"China plans on building a 220-story skyscraper...in 
90 days.",foreignpolicy.com,"http://www.foreignpolicy.com/articles/2012/08/13/cities_of_the_future_made_in_china?page=0,1"
2012-08-21,22:52:16,ykvok,175,Possible Amelia Earhart wreckage found!,latimes.com,"http://www.latimes.com/news/nation/nationnow/la-na-nn-amelia-earhart-discovery-20120820,0,3546965.story"
2012-08-21,21:05:13,ykrhp,150,"Islamists in Timbuktu: Mali Becomes Infected by the Somali Virus - Mali was once a model of African democracy. But ever since a military coup in March, Islamists have been on the march and have already imposed Sharia law in the country's north. ",spiegel.de,http://www.spiegel.de/international/world/mali-struggles-against-islamist-takeover-of-north-a-851122.html
2012-08-21,01:00:15,yj0iq,143,Hundreds Of Christians Hiding In Pakistan After Girl's Arrest,npr.org,http://www.npr.org/blogs/thetwo-way/2012/08/20/159339131/hundreds-of-christians-hiding-in-pakistan-after-girls-arrest
2012-08-21,23:27:40,ykxi5,124,Mexico chalks up success in health-care reforms. Near-universal coverage results from science-informed changes.,nature.com,http://www.nature.com/news/mexico-chalks-up-success-in-health-care-reforms-1.11222
2012-08-21,08:03:01,yjscu,119,A female Japanese journalist was killed Monday while covering clashes in Syria's northern city of Aleppo.,google.com,http://www.google.com/hostednews/afp/article/ALeqM5hpxzPJxbdLvS5MZb7lWn39lMfXxw?docId=CNG.2256369d12f85de509cf020510f6eacc.521
2012-08-21,11:49:15,yk6eg,122,"BBC article on the increasing reach of American law overseas - taxes, copyrights, and sanctions extending American law to foreign companies operating overseas.",bbc.co.uk,http://www.bbc.co.uk/news/19172065
2012-08-22,00:06:40,ykzq7,118,Satellite imagery shows North Korea placing dome atop developing nuclear reactor,hosted.ap.org,http://hosted.ap.org/dynamic/files/photos/6/6703068b-d639-4609-9fb8-abeb12e87c46.html?SITE=AP&SECTION=HOME&TEMPLATE=DEFAULT
2012-08-21,21:19:44,ykry3,114,"Up to 3 years: Pussy Riot copycats booted from German cathedral may face jail. 4 people who stormed Cologne Cathedral during services, wearing masks and carrying signs showing solidarity with the jailed members of Pussy Riot, have been charged with disturbing a religious service and may face prison",rt.com,http://rt.com/news/pussy-riot-support-germany-111/
2012-08-21,09:34:34,yjxxr,115,"Netanyahu 'determined to attack Iran' before US elections, claims Israel's Channel 10...",timesofisrael.com,http://www.timesofisrael.com/netanyahu-determined-to-attack-iran-before-us-elections-claims-israels-channel-10/
2012-08-21,02:58:49,yj847,108,WikiLeaks Bypasses Financial Blockade With Bitcoin - Forbes,forbes.com,http://www.forbes.com/sites/jonmatonis/2012/08/20/wikileaks-bypasses-financial-blockade-with-bitcoin/
2012-08-21,22:27:15,ykuir,87,U.K. aims for the fastest broadband in Europe by 2015,news.cnet.com,http://news.cnet.com/8301-1023_3-57497017-93/u.k-aims-for-the-fastest-broadband-in-europe-by-2015/
2012-08-21,02:20:38,yj5mp,67,Brazil: Drug dealers say no to crack in Rio,seattletimes.nwsource.com,http://seattletimes.nwsource.com/html/nationworld/2018944861_apltbrazilcrackban.html
2012-08-21,14:28:55,ykfbg,64,Egypt is preparing to use aircraft and tanks in Sinai for the first time since the 1973 war with Israel,in.reuters.com,http://in.reuters.com/article/2012/08/20/egypt-sinai-idINL6E8JK9N320120820
2012-08-21,00:58:42,yj0fh,60,Pussy Riot copycats booted and arrested from German cathedral (VIDEO),rt.com,http://rt.com/news/pussy-riot-support-germany-111/
2012-08-21,23:38:34,yky4b,54,"Fish demand 'exceeds UK sea supply': Level of consumption in 2012 has already met annual fish supplies, leaving the UK reliant on imported stocks
",guardian.co.uk,http://www.guardian.co.uk/environment/2012/aug/21/fish-demand-uk-sea-supply
2012-08-21,21:35:27,ykshj,51,BBC News - Arctic sea ice set to hit record low,bbc.co.uk,http://www.bbc.co.uk/news/science-environment-19330307
2012-08-21,05:39:49,yjiy3,41,"Syrian military said to intensify assaults near Jordan border, Obama threatens military action if Syrian uses chemical weapons - New York Times",nytimes.com,http://www.nytimes.com/2012/08/21/world/middleeast/syria-violence.html?_r=1&hp
2012-08-21,04:24:32,yjdsr,40,Japanese hoist flags on islands claimed by China ,independent.co.uk,http://www.independent.co.uk/news/world/asia/japanese-hoist-flags-on-islands-claimed-by-china-8061621.html
2012-08-21,08:06:33,yjskj,34,"Royal Dutch Shell spent almost 40 per cent of its $1bn global security budget between 2007 and 2009 in Nigeria. ""Shell paid many millions of dollars to government forces with a track record for corruption and creating instability across Nigeria,"" Platform's Ben Amunwa said.",aljazeera.com,http://www.aljazeera.com/news/asia/2012/08/2012820152922162782.html
2012-08-21,05:04:36,yjgj2,35,"In Mexico’s Murder City, the war appears over - The Washington Post",washingtonpost.com,http://www.washingtonpost.com/world/the_americas/in-mexicos-murder-city-the-war-appears-over/2012/08/19/aacab85e-e0a0-11e1-8d48-2b1243f34c85_singlePage.html
2012-08-21,14:16:39,ykepr,27,Man jailed for Facebook comments rating women's sexual performance,abc.net.au,http://www.abc.net.au/news/2012-08-21/man-jailed-for-facebook-sex-ratings-comments/4212574
