2012-04-19,22:40:38,shs6j,2456,"Cruise Ship Saw Them, But Didn't Help Drifting Boat, Passengers Say - 
After 28 days at sea, only 1 of the 3 men aboard an injured Panama fishing boat was still alive",npr.org,http://www.npr.org/2012/04/19/150897139/cruise-ship-didnt-aid-drifting-boat-passengers-say
2012-04-19,11:27:21,sh5o9,1754,"Discovery of world's largest colony of leatherback 
sea turtle may see species removed from critically 
endangered list",guardian.co.uk,http://www.guardian.co.uk/environment/2009/may/18/leatherback-sea-turtle-colony
2012-04-19,23:05:57,sht86,1596,"Soldier's daughter hacked to death, hunts down killers in 5 days",news24.com,http://www.news24.com/SouthAfrica/News/Dad-hunts-down-daughters-killers-20120419
2012-04-19,23:03:45,sht4n,855,"China to Officially Stop Repatriating North Korean 
Refugees",shanghaiist.com,http://shanghaiist.com/2012/04/19/big_brother_china_isnt_very_happy_a.php
2012-04-19,23:28:28,shua7,757,Drifting fishermen died after luxury cruise liner sailed past but didn't stop,theglobeandmail.com,http://www.theglobeandmail.com/news/world/worldview/drifting-fishermen-die-after-luxury-cruise-liner-sails-past-but-doesnt-stop/article2407401/
2012-04-19,08:53:02,sgwtk,695,"A video of a 17-year-old girl being gang raped spread by cell phones through South Africa on Wednesday, shocking a nation battling an epidemic of violence against women.",google.com,http://www.google.com/hostednews/afp/article/ALeqM5h49nyChYUaOgf0lSgybg6s01-Ztg?docId=CNG.12d7487934542dc627d4bcbd66c48b3b.3f1
2012-04-19,21:10:16,shoyg,540,"A new father in India became enraged when his wife gave birth to a girl. He then allegedly took out this frustration on the young infant, and has been accused of stuffing the young child’s mouth with clothes, battering her with a blunt object and biting her. She passed away..",the-diplomat.com,http://the-diplomat.com/indian-decade/2012/04/18/india-faces-girl-problem-again/
2012-04-19,12:23:48,sh8s2,417,"India tests missile capable of reaching China, Europe",worldnews.msnbc.msn.com,http://worldnews.msnbc.msn.com/_news/2012/04/18/11275632-india-tests-missile-capable-of-reaching-china-europe#.T4-FMc7wVy4.reddit
2012-04-19,22:35:46,shrzn,387,Bollywood actress kidnapped and beheaded by actors,telegraph.co.uk,http://www.telegraph.co.uk/culture/film/bollywood/9209133/Bollywood-actress-kidnapped-and-beheaded-by-actors.html
2012-04-19,21:29:45,shpki,380,EU agrees to hand over airline passenger data to U.S,reuters.com,http://www.reuters.com/article/2012/04/19/us-eu-usa-flights-idUSBRE83I0L220120419?feedType=RSS&feedName=topNews&utm_source=feedburner&utm_medium=feed&utm_campaign=Feed%3A+reuters%2FtopNews+%28News+%2F+US+%2F+Top+News%29
2012-04-19,20:45:44,sho8g,360,New Bill in the UK wants internet to be censored from porn by default: The Bill wants technology for filtering out porn to be provided at point of sale on every Internet enabled electronic device that can download content,nakedsecurity.sophos.com,http://nakedsecurity.sophos.com/2012/04/18/new-porn-censorship-private-member-bill/
2012-04-19,18:28:43,shlfn,307,Kim Jong-il calls for peace with South Korea in 'will',telegraph.co.uk,http://www.telegraph.co.uk/news/worldnews/asia/northkorea/9213123/Kim-Jong-il-calls-for-peace-with-South-Korea-in-will.html
2012-04-20,05:47:19,siezz,129,Rotting from within: The Massive Corruption in the Chinese Military,foreignpolicy.com,http://www.foreignpolicy.com/articles/2012/04/16/rotting_from_within
2012-04-19,15:01:05,shg0c,117,A life destroyed by cowardly acid attack.,smh.com.au,http://www.smh.com.au/national/obituaries/a-life-destroyed-by-cowardly-acid-attack-20120418-1x7gu.html
2012-04-19,10:29:38,sh2c9,116,"She calls herself the ""voice of the people,"" the anti-system candidate who will ensure social justice for the have-nots and purify a France she says is losing its voice to Europe and threatened by massive immigration and rampant Islamization.",hosted.ap.org,http://hosted.ap.org/dynamic/stories/E/EU_FRANCE_ELECTIONS_FAR_RIGHT?SITE=RIPAW&SECTION=HOME&TEMPLATE=DEFAULT
2012-04-20,05:32:00,sie20,105,"3,000 Ancient Buddhas Unearthed in China",news.nationalgeographic.com,http://news.nationalgeographic.com/news/2012/04/pictures/120417-3000-ancient-buddhas-china-world-science/#/china-buddhas-found-head-earth_50929_600x450.jpg
2012-04-19,23:19:33,shtv1,72,"Israel's Deputy Prime Minister Dan Meridor admitted that Iranian President Ahmadinejad never said Iran wanted to ""wipe Israel off the face of the map"" in an interview with Al Jazeera",commondreams.org,https://www.commondreams.org/headline/2012/04/18-2
2012-04-19,19:32:25,shmem,68,"Merkel ally says Islam not part of Germany
",reuters.com,http://www.reuters.com/article/2012/04/19/us-germany-islam-idUSBRE83I0DN20120419?feedType=RSS&feedName=worldNews&utm_source=feedburner&utm_medium=feed&utm_campaign=Feed%3A+Reuters%2FworldNews+%28Reuters+World+News%29
2012-04-19,20:28:05,shnqq,66,Labour MP Tom Watson: News Corp operated like 'shadow state',guardian.co.uk,http://www.guardian.co.uk/media/2012/apr/19/tom-watson-news-corp
2012-04-20,05:22:22,sidia,52,Taliban commander turns himself in demanding $100 reward offered on his own 'Wanted' poster,newstrackindia.com,http://www.newstrackindia.com/newsdetails/2012/04/18/31-Taliban-commander-turns-himself-in-demanding-100-reward-offered-on-his-own-Wanted-poster-.html
2012-04-19,09:53:18,sh0bz,51,"NZ ISP Issues First Music Piracy ’3rd Strike’: 6 months after the so-called ‘Skynet’ law was introduced, local ISP TelstraClear has confirmed that one of its customers is the unlucky recipient of a third and final “enforcement” warning, delivered on behalf of RIANZ",torrentfreak.com,https://torrentfreak.com/kiwi-isp-issues-first-music-piracy-3rd-strike-movie-biz-cant-be-bothered-120418/
2012-04-19,19:35:23,shmgl,42,BBC News - South Korea deploys cruise missiles amid North tensions,bbc.co.uk,http://www.bbc.co.uk/news/world-asia-17766169
2012-04-19,21:20:40,shp9g,41,Spain Is Doomed: Why Austerity Is Destroying Europe ... but the beatings will continue until bond yields improve!,theatlantic.com,http://www.theatlantic.com/business/archive/2012/04/spain-is-doomed-why-austerity-is-destroying-europe/256032/
2012-04-20,02:41:36,si4cp,40,"How the Goldman Vampire Squid Captured Europe: ""Europeans are being hoodwinked into relinquishing their cherished democracy to a rogue band of financial pirates, and the rest of the world is not far behind.""",commondreams.org,https://www.commondreams.org/view/2012/04/18-12
2012-04-19,16:01:26,shhz8,28,Australian human rights lawyer and WikiLeaks supporter is placed on a watch list and prevented from flying home without government permission,smh.com.au,http://www.smh.com.au/national/assangelink-lawyer-on-inhibited-fly-list-20120419-1x8sf.html
2012-04-19,14:26:44,sheog,25,Anders Behring Breivik states he'd do it all over again,guardian.co.uk,http://www.guardian.co.uk/world/2012/apr/18/anders-behring-breivik-modern-far-right?newsfeed=true
2012-04-19,16:21:05,shii1,26,Men at Work musician Greg Ham Found Dead in Melbourne ,news.com.au,http://www.news.com.au/entertainment/music/men-at-work-star-greg-ham-found-dead-reports/story-e6frfn09-1226333422936
2012-04-19,11:34:21,sh62w,25,Belgium Blocks Alternative Pirate Bay Domain,torrentfreak.com,https://torrentfreak.com/belgium-blocks-alternative-pirate-bay-domain-120418/
2012-04-19,21:46:44,shq70,22, Sudan President Declares War On South Sudan - WSJ.com,online.wsj.com,http://online.wsj.com/article/BT-CO-20120419-708474.html
2012-04-19,14:21:43,shehd,21,CIA seeks to expand authority for drone strikes inside Yemen,washingtonpost.com,http://www.washingtonpost.com/world/national-security/cia-seeks-new-authority-to-expand-yemen-drone-campaign/2012/04/18/gIQAsaumRT_story.html
