2012-10-07,15:57:46,112vgi,2399,S.Korea announces US deal allowing it to have missiles capable of hitting all of NKorea,washingtonpost.com,http://www.washingtonpost.com/world/asia_pacific/skorea-announces-us-deal-allowing-it-to-have-missiles-capable-of-hitting-all-of-nkorea/2012/10/07/924898ae-1049-11e2-ba6c-07bd866eb71a_story.html?tid=sm_btn_reddit
2012-10-07,08:51:29,112c6r,803,"German Government on Fracking: ""In summary, we conclude that a great deal of the fundamental information needed to make a valid assessment of these risks is still missing.""",m.spiegel.de,http://m.spiegel.de/international/business/a-859446.html
2012-10-07,07:53:16,1129ap,792,Women in northern Mali hold protest against Islamist in charge of veil requirement,washingtonpost.com,http://www.washingtonpost.com/world/africa/women-in-northern-mali-hold-protest-against-islamist-in-charge-of-veil-requirement/2012/10/06/4b13f322-0ff7-11e2-ba6c-07bd866eb71a_story.html?tid=sm_btn_reddit
2012-10-07,06:42:20,1125i2,449,North Korean soldier kills two superior officers and defects to South.,world.time.com,http://world.time.com/2012/10/06/nkorean-soldier-defects-to-skorea-across-border/?lid=edit
2012-10-07,23:40:07,1136nu,310,"In goodwill gesture, Iran shifts uranium to fuel stock",timesofisrael.com,http://www.timesofisrael.com/iranian-goodwill-gesture-shifts-uranium-to-fuel-stock/#.UHBt1sw0nlc.email
2012-10-07,05:46:03,1122cs,201,Ancient Civilization Collapsed due to Climate Change,green.blogs.nytimes.com,http://green.blogs.nytimes.com/2012/05/29/an-ancient-civilization-upended-by-climate-change/
2012-10-07,02:10:21,111qm0,197,"Marseille police unit closed due to rampant corruption: 'Twelve police officers in France's crime-ridden Marseille appeared in court on suspicion of corruption, extortion and drug dealing, with a prosecutor claiming there was ""overwhelming"" proof of guilt.'",france24.com,http://www.france24.com/en/20121006-france-marseille-police-officers-anti-crime-squad-charged-corruption-extortion-suspended
2012-10-07,23:32:38,1136do,182,Iran Urges Israel to Join NPT | Defense | RIA Novosti,en.rian.ru,http://en.rian.ru/mlitary_news/20121006/176444466.html
2012-10-07,17:33:08,112xu9,157,Glimpses of North Korean life exposed by AP photographer.,photoblog.nbcnews.com,http://photoblog.nbcnews.com/_news/2012/10/07/14269375-glimpses-of-north-korean-life-exposed-by-ap-photographer#.UHE9CznfIN4.twitter
2012-10-07,06:49:28,1125wv,117,"Pakistani cricketer-turned-politician Imran Khan has led Western activists and thousands of supporters on a defiant march to the tribal belt to protest against US drone strikes. Cheering crowds lined the road on Saturday to greet Khan, scattering rose petals.",aljazeera.com,http://www.aljazeera.com/news/asia/2012/10/2012106181644841459.html
2012-10-07,22:11:53,1133p9,117,"France Invests 50 Million Euros in Electro-mobility – New 50 million euro investment program to support electric vehicles & charging infrastructure launched.  Maximum bonus on electric vehicles will increase from €5,000-€7,000 in 2013 & the bonus for hybrid vehicles will double to €4,000.
",ens-newswire.com,http://ens-newswire.com/2012/10/05/france-invests-50-million-euros-in-electro-mobility/
2012-10-07,18:15:05,112you,97,Beijing authorities have completed a network of monitors that will more accurately measure air quality in the pollution-ridden city after being pushed into it by public pressure and reports from the U.S. embassy,abcnews.go.com,http://abcnews.go.com/International/wireStory/beijing-completes-air-quality-monitoring-system-17415666#.UHFIC03Mjao
2012-10-07,12:16:51,112mtp,93,Switzerland: Hand Grenades Sent To UAE Ended Up In Syria - Switzerland set up commission to investigate... after a newspaper published a photo indicating a Swiss-made grenade was found with Syrian rebels.,huffingtonpost.com,http://www.huffingtonpost.com/2012/09/21/switzerland-hand-grenades-syria_n_1904516.html
2012-10-07,20:57:44,1131u5,91,"Pirate Bay co-founder has his Swedish passport restored: Fredrik Neij's passport had been revoked, he will now be free to travel",arstechnica.com,http://arstechnica.com/tech-policy/2012/10/pirate-bay-co-founder-has-his-swedish-passport-restored/
2012-10-07,03:27:26,111utm,76,China's 'New Left' Grows Louder - WSJ.com,online.wsj.com,http://online.wsj.com/article/SB10000872396390443493304578038121620762516.html
2012-10-07,23:17:12,1135s9,77,Turkey retaliates at Syria for a fifth day ,rt.com,http://rt.com/news/turkey-syria-fire-conflict-855/
2012-10-08,00:30:16,1138t7,78,"Police massacre case turns back tide of injustice in Brazil: Nineteen sharecroppers demanding land were gunned down by police in 1996. In a stunning result, two top officers involved have been imprisoned, signaling a shift from impunity to accountability. ",chicagotribune.com,"http://www.chicagotribune.com/news/nationworld/la-fg-brazil-amazon-massacre-20121007,0,6703160,full.story"
2012-10-07,13:54:11,112r7s,68,"Chavez seeks another six-year term after 13 years as Venezuelan president
",cnn.com,http://www.cnn.com/2012/10/05/world/americas/venezuela-chavez-profile/index.html
2012-10-07,17:44:43,112y2y,61,"Africa's mineral wealth hardly denting poverty levels, says World Bank - 
Report finds discovery of oil & mineral resources doing little to improve prospects for poor people, whose lot may even worsen.",guardian.co.uk,http://www.guardian.co.uk/global-development/2012/oct/05/africa-mineral-wealth-poverty-world-bank
2012-10-07,04:16:54,111xji,53,UK mobile company Vodafone increases prices for second time on 'fixed' contracts - provokes customer outrage,guardian.co.uk,http://www.guardian.co.uk/money/2012/oct/05/vodafone-fixed-contracts-outrage
2012-10-07,01:05:08,111nar,49,Imran Khan leads US drone protest in Pakistan,google.com,http://www.google.com/hostednews/afp/article/ALeqM5iLR_kJwdRxAVzS9UWJXL-geKerYQ?docId=CNG.94a8a3cda0eddeed8ed14181091e9aa1.521
2012-10-07,10:29:59,112hvj,42,Somalia's first female police cadets in 20 years,bbc.co.uk,http://www.bbc.co.uk/news/world-africa-19836987
2012-10-07,03:26:17,111uru,34,"Europe’s Richer Regions Want Out: Angry at having to finance their poorer neighbors, some richer regions, including Catalonia and Scotland, are calling for independence",nytimes.com,http://www.nytimes.com/2012/10/07/sunday-review/a-european-union-of-more-nations.html
2012-10-07,22:25:28,11342d,36,"Prime Minister David Cameron has said he would veto a new European Union budget ""if necessary""",bbc.co.uk,http://www.bbc.co.uk/news/business-19862239
2012-10-07,19:15:15,112zt4,30,Ahmadinejad: 'You can't rule with war',aljazeera.com,http://www.aljazeera.com/programmes/talktojazeera/2012/10/201210685414228951.html
2012-10-07,03:50:15,111w3h,33,"Arrested dissident Cuba blogger is released: Cuban antigovernment blogger Yoani Sanchez, arrested on the eve of a politically charged trial she planned to cover, is released a day later as news of her detention spread. ",latimes.com,"http://www.latimes.com/news/nationworld/world/la-fg-cuba-blogger-released,0,293677.story"
2012-10-07,20:37:23,1131ep,32,Patients starve and die of thirst on hospital wards  - Telegraph,telegraph.co.uk,http://www.telegraph.co.uk/health/healthnews/9591814/Patients-starve-and-die-of-thirst-on-hospital-wards.html
2012-10-07,17:43:39,112y22,32,Peru: Campaigning for the rights of cats at the cat eating festival,bbc.co.uk,http://www.bbc.co.uk/news/magazine-19846516
2012-10-07,18:06:58,112yid,25,Philippines to create autonomous Islamic region in the Southern part of the country to end decades of insurgency ,edition.cnn.com,http://edition.cnn.com/2012/10/07/world/asia/philippines-peace-deal/index.html
2012-10-07,00:48:42,111mic,24,Man charged with young girl's murder despite her body remaining missing,bbc.co.uk,http://www.bbc.co.uk/news/uk-wales-19853582
