2012-10-21,13:39:22,11tyar,1689,"Juan Cole: Israeli Government Consciously Planned to Keep Palestinians ""on a Diet"", Controlling Their Food Supply, Damning Document Reveals",alternet.org,http://www.alternet.org/world/israeli-government-consciously-planned-keep-palestinians-diet-controlling-their-food-supply
2012-10-21,02:16:54,11sykd,1639,"""The Terrifying Rise of Greece’s Nazi Party"" - They own the streets; is parliament next?
",tnr.com,http://www.tnr.com/article/politics/magazine/108848/the-terrifying-rise-greeces-nazi-party
2012-10-21,08:32:34,11tivd,1508,"Turkish schoolchildren in Istanbul received a series of books denouncing scientific figures, including one denying the theory of evolution and describing Charles Darwin as a ""big-nosed Jew""",jpost.com,http://www.jpost.com/Headlines/Article.aspx?id=288557
2012-10-21,15:58:01,11u3bb,660,"History of boarding school 'torture' uncovered in Switzerland:  Thousands of children fell victim to violence and abuse in Catholic boarding schools in Switzerland up until the 1970s, according to a recent study decrying ""sadistic"" practices resembling ""torture"".",nz.entertainment.yahoo.com,http://nz.entertainment.yahoo.com/news/article/-/15066640/history-of-boarding-school-torture-uncovered-in-switzerland/
2012-10-21,14:02:59,11tza2,629,"China is on course to becoming a superpower - but not in the way many expect, writes economist Martin Jacques.",bbc.co.uk,http://www.bbc.co.uk/news/magazine-19995218
2012-10-21,07:01:53,11te5j,252,"In wake of the Lance Armstrong scandal, donors to the Livestrong charity are demanding their money back",cnn.com,http://www.cnn.com/2012/10/19/us/lance-armstrong/index.html?hpt=hp_t1
2012-10-21,12:11:47,11tu5t,218,"French president demands probe after newborn dies en route to hospital: “No French person should be more than 30 minutes from emergency care,” Hollande said",rawstory.com,http://www.rawstory.com/rs/2012/10/20/french-president-demands-probe-after-newborn-dies-en-route-to-hospital/
2012-10-21,11:56:00,11ttd6,198,US denies Iran nuclear talks New York Times report,bbc.co.uk,http://www.bbc.co.uk/news/world-us-canada-20019675
2012-10-21,15:00:36,11u1h2,197," A correspondent for France 24 TV was ""savagely attacked"" near Cairo's Tahrir Square after being seized by a crowd, the network said Saturday. It was the latest case of violence against women at the epicenter of Egypt's restive protests.",hosted.ap.org,http://hosted.ap.org/dynamic/stories/E/EU_FRANCE_EGYPT_JOURNALIST_ATTACKED?SITE=AP&SECTION=HOME&TEMPLATE=DEFAULT&CTIME=2012-10-20-15-40-57
2012-10-21,04:47:48,11t6uo,195,France 24 TV says its Cairo correspondent was ‘savagely attacked’ near restive Tahrir Square,washingtonpost.com,http://www.washingtonpost.com/world/middle_east/france-24-tv-says-its-cairo-correspondent-was-savagely-attacked-near-restive-tahrir-square/2012/10/20/5556285a-1ac4-11e2-ad4a-e5a958b60a1e_story.html
2012-10-21,04:32:36,11t60l,192,Qatar announces £157m plan to rebuild Gaza,guardian.co.uk,http://www.guardian.co.uk/world/2012/oct/17/qatar-plan-rebuild-gaza
2012-10-21,00:19:40,11sssw,148,"American Entrepreneur Got Away With Dumping 100 Tons of Iron Dust in Pacific Ocean Off Canadian Coast, Outraging Scientists & Government Officials--All in the Name of Science",motherjones.com,http://www.motherjones.com/blue-marble/2012/10/california-entrepreneur-dumps-100-tons-iron-dust-pacific-ocean
2012-10-21,12:46:23,11tvtp,124,"EU drug demands would cost Canadians up to $2B a year: federal research on free-trade talks with Europe (CETA). EU proposal would add an average life of 2.66 years to a typical drug patent, and increase Canadian drug costs by between $795 million and $1.95 billion annually",winnipegfreepress.com,http://www.winnipegfreepress.com/canada/eu-drug-demands-would-cost-canadians-up-to-2b-a-year-federal-research--174100881.html
2012-10-21,18:49:07,11u7ge,103,Europe's leaders have agreed to start building a single banking union for the eurozone from the beginning of next year,abc.net.au,http://www.abc.net.au/news/2012-10-20/eu-leaders-seal-bank-plan-to-beat-crisis/4324324
2012-10-21,07:32:46,11tfqp,94,"r/Tibet: 56th Tibetan self immolator in Sangchu, Kanlho.",rfa.org,http://www.rfa.org/english/news/tibet/burn-10202012112145.html
2012-10-21,21:11:53,11uah7,88,"Russian forces kill 49 militants in operation: state agency
| Top News
| Reuters",ca.reuters.com,http://ca.reuters.com/article/topNews/idCABRE89K04P20121021
2012-10-21,04:27:33,11t5q4,83,China-Korea Tensions Rise After Failed Venture - A Chinese mining conglomerate accuses the North Korean government of sabotaging its $40 million investment.,nytimes.com,http://www.nytimes.com/2012/10/21/world/asia/china-korea-tensions-rise-after-failed-venture.html
2012-10-21,05:27:38,11t914,64,"Of the 37 most wanted criminals in Mexico, 16 were arrested and 9 killed in the past 3 years.",economist.com,http://www.economist.com/news/americas/21564897-most-wanted-men-mexico-are-tumbling-will-crime-follow-suit
2012-10-21,15:40:58,11u2ss,62,A drug that could transform the lives of hundreds of people with cystic fibrosis is being blocked from use in England because of a battle over cost,independent.co.uk,http://www.independent.co.uk/life-style/health-and-families/health-news/too-expensive-cystic-fibrosis-drug-is-blocked-due-to-expense-8219524.html
2012-10-21,07:33:58,11tfsu,54,More celebrities to be investigated in Child-Abuse scandal,standard.co.uk,http://www.standard.co.uk/news/crime/jimmy-savile-scandal-more-living-celebrities-to-be-investigated-as-net-widens-8218553.html
2012-10-22,00:00:35,11ufqu,51,"Voters in Iceland back new constitution, more resource control ",chicagotribune.com,"http://www.chicagotribune.com/news/sns-rt-us-iceland-referendumbre89k09c-20121021,0,3822932.story"
2012-10-21,22:50:34,11ud8h,42,Protesters Try To Storm Lebanese Government HQ : NPR,npr.org,http://www.npr.org/templates/story/story.php?storyId=163331997
2012-10-21,13:17:36,11txbg,31,"Seeking a better life and a future for their children, tens of thousands of Roma have come to Germany in recent years. They hope to escape the poverty and marginalization they experience in their home countries, but they remain outsiders in their new home too. ",spiegel.de,http://www.spiegel.de/international/germany/conditions-little-better-for-roma-immigrants-in-germany-a-862270.html
2012-10-21,01:42:27,11swuc,26,"Militias clash with Gaddafi backers, after Gadaffi loyalists tortured and executed the man who executed Gadaffi",belfasttelegraph.co.uk,http://www.belfasttelegraph.co.uk/news/world-news/militias-clash-with-gaddafi-backers-16227036.html
2012-10-21,02:49:53,11t0a1,21,The Creation Myth of Xi Jinping: What do we really know about China's new leader?,foreignpolicy.com,http://www.foreignpolicy.com/articles/2012/10/19/the_creation_myth_of_xi_jinping
2012-10-21,05:29:47,11t95p,21,Anonymous speaks up on WikiLeaks and Project TYLER,english.ruvr.ru,http://english.ruvr.ru/2012_10_20/Anonymous-speaks-up/
2012-10-21,07:32:21,11tfpy,17,"Bad medicine: no one knows exactly what share of medicines are fake, ill-made, stolen or diverted",economist.com,http://www.economist.com/node/21564546
2012-10-22,00:50:39,11ui0w,13,"
Pro-independence parties expected to win Basque country elections in Spain",guardian.co.uk,http://www.guardian.co.uk/world/2012/oct/21/pro-independence-basque-elections-spain
2012-10-21,04:23:47,11t5if,11,Twitter Gives Saudi Arabia a Revolution of Its Own,nytimes.com,http://www.nytimes.com/2012/10/21/world/middleeast/twitter-gives-saudi-arabia-a-revolution-of-its-own.html?smid=re-share
2012-10-21,03:06:32,11t180,12,Beirut car bomb kills head of the intelligence division and 7 others,manilachannel.com,http://www.manilachannel.com/2012/10/21/beirut-car-bomb-kills-head-of-the-intelligence-division-and-7-others/
