2012-03-25,09:40:34,rc2v3,2565,"Guatemala's president says 'War on Drugs' has failed, & it's time to end the ""taboo"" on discussing decriminalization",bbc.co.uk,http://www.bbc.co.uk/news/world-latin-america-17502417
2012-03-25,23:49:04,rcp46,1844,"Sarkozy announces crackdown on Internet hate sites: ""From now on, any person who habitually consults Web sites that advocate terrorism or that call for hatred and violence will be criminally punished"" ",reuters.com,http://www.reuters.com/article/2012/03/22/us-france-shooting-sarkozy-idUSBRE82L0MH20120322
2012-03-25,22:41:55,rcnf2,1683,‘Israel Loves Iran’ Campaign Gains Force,abcnews.go.com,http://abcnews.go.com/blogs/headlines/2012/03/israel-loves-iran-campaign-gains-force/
2012-03-25,10:20:36,rc4h3,257,A British man has been in prison for almost six years - for refusing to put his clothes on,guardian.co.uk,http://www.guardian.co.uk/lifeandstyle/2012/mar/23/naked-rambler-prison
2012-03-25,18:26:20,rcjbf,163,Cannabis: Legal high ,economist.com,http://www.economist.com/node/21551079?fsrc=scn/tw/te/ar/legalhigh
2012-03-25,19:22:58,rcjy9,93,Spanish police arrest 22 gang members that tattooed bar codes onto prostitutes’ wrists ,washingtonpost.com,http://www.washingtonpost.com/world/europe/spanish-police-arrest-22-gang-members-that-tattooed-bar-codes-onto-prostitutes-wrists/2012/03/24/gIQAil7AYS_story.html
2012-03-25,08:27:29,rbzwb,87,Tory Peter Cruddas sold access to British Prime Minister,bbc.co.uk,http://www.bbc.co.uk/news/uk-politics-17501618
2012-03-25,12:42:58,rca1s,86,White Supremacists Flee into Subway as Anti-Racist Group Approaches,winnipegfreepress.com,http://www.winnipegfreepress.com/canada/white-pride-demonstration-in-edmonton-ends-quickly-after-anti-racists-show-up-144100886.html
2012-03-25,23:43:43,rcoyn,81,"Australia's Federal Dept of Foreign Affairs & Trade emerged as ACTA’s cheerleader-in-chief, trumpeting the benefits of the treaty before a rare open federal parliamentary committee",torrentfreak.com,https://torrentfreak.com/the-department-for-acta-120325/
2012-03-25,11:00:20,rc625,82,JP Morgan closes Vatican's bank account,uk.reuters.com,http://uk.reuters.com/article/2012/03/19/uk-vatican-bank-idUKBRE82I0P820120319
2012-03-26,06:39:06,rd743,76,"Mackerel fishing sanctions imposed after Iceland & Faroes breach quotas, putting stocks at severe risk of over-fishing -  

North Sea & Atlantic mackerel fisheries to lose eco-label & any mackerel landed in Europe from March 31 won't be allowed to use it. ",guardian.co.uk,http://www.guardian.co.uk/environment/2012/mar/25/mackerel-fishing-curbs-imposed
2012-03-25,11:12:05,rc6im,76,Shell Sued in U.K. Over ’Massive’ 2008 Nigerian Oil Spills,bloomberg.com,http://www.bloomberg.com/news/2012-03-23/shell-sued-in-u-k-over-massive-oil-spills-in-nigeria-in-2008.html
2012-03-25,08:56:05,rc12z,61,"Dozens of French Muslims are training with the Taliban in northwestern Pakistan, raising fears of future attacks following the shooting deaths of seven people in southern France allegedly by a man who spent time in the region, Pakistani intelligence officials said Saturday.",hosted.ap.org,http://hosted.ap.org/dynamic/stories/A/AS_PAKISTAN_FRANCE_TERRORISM?SITE=RIPAW&SECTION=HOME&TEMPLATE=DEFAULT
2012-03-25,19:36:06,rck55,40,Greek Independence Day parade becomes effectively private.,keeptalkinggreece.com,http://www.keeptalkinggreece.com/2012/03/25/athens-protests-at-the-military-parade-mar-2512/
2012-03-26,02:28:52,rcv0s,39,Israeli court rejects deal on settlers' Migron outpost,bbc.co.uk,http://www.bbc.co.uk/news/world-middle-east-17505709
2012-03-25,16:17:39,rcgv0,32,Senior Tory Peter Cruddas resigns after cash for PM access sting,guardian.co.uk,http://www.guardian.co.uk/politics/2012/mar/25/peter-cruddas-resigns-cash-access
2012-03-26,07:35:03,rd9qo,32,"Aberdeen Coastguard  evacuate 209 non-essential personnel to safety after gas leak discovered at North Sea platform -   Evacuating that many that quickly reflects the seriousness. Efforts underway to control the leak.
",acadvertiser.co.uk,http://www.acadvertiser.co.uk/lanarkshire-news/scottish-news/2012/03/25/offshore-gas-leak-workers-evacuated-65864-30622589/
2012-03-26,01:28:05,rcsgy,29,"Four years after Kosovo's ethnic Albanians declared independence from Serbia, they have stepped up a drive for unification with Albania ",adnkronos.com,http://www.adnkronos.com/IGN/Aki/English/Security/Balkans-After-Kosovo-independence-Albanians-call-for-unification_313110794717.html
2012-03-25,06:40:16,rbvgx,30,China 'warns' India with border drill,articles.timesofindia.indiatimes.com,http://articles.timesofindia.indiatimes.com/2012-03-23/india/31229503_1_chabua-airbases-actual-control
2012-03-25,10:23:47,rc4lg,29,"1,000 Israelis March in First Significant Protest Against War with Iran",blogs.alternet.org,http://blogs.alternet.org/speakeasy/2012/03/24/over-1000-israelis-march-in-first-significant-protest-against-war-with-iran/
2012-03-25,20:54:00,rcle1,18,"Court to decide fate of 19 year old who claims she was kidnapped, converted to Islam and married against her will",guardian.co.uk,http://www.guardian.co.uk/world/2012/mar/25/pakistani-hindu-court-forced-conversion
2012-03-25,11:34:03,rc7ek,16,Militia storms hotel in Libya after guest told to pay overdue bill,cnn.com,http://www.cnn.com/2012/03/24/world/africa/libya-militia-hotel/index.html
2012-03-25,10:44:26,rc5fb,17,Legacy of a Massacre: The World Bank and the Chixoy Dam,commondreams.org,https://www.commondreams.org/view/2012/03/24-5
2012-03-25,15:10:10,rcf4q,10,UK Abortion Clinic Says US-Based Religious Group is Intimidating Women Seeking Treatment,washingtonpost.com,http://www.washingtonpost.com/world/europe/uk-abortion-clinic-says-us-based-religious-group-is-intimidating-women-seeking-termination/2012/03/14/gIQAbEtnBS_story.html
2012-03-25,11:12:52,rc6ji,11,Guatemala out-gunned by drug gangs - The Central American country now has one of the highest drug-related murder rates in the world,aljazeera.com,http://www.aljazeera.com/news/americas/2012/03/201232415309749784.html
2012-03-25,06:29:47,rbv14,8,"UK: Event visitors could have their driving licences scanned on entry to collect their data in future, according to the chief executive of event technology platform Active Network.",eventmagazine.co.uk,http://www.eventmagazine.co.uk/channel/news/article/1123900/Driving-licenses-scanned-events/
2012-03-25,19:22:37,rcjxx,10,Sri Lanka minister Mervyn Silva threatens journalists,bbc.co.uk,http://www.bbc.co.uk/news/world-asia-17491832
2012-03-25,16:12:40,rcgqo,7,"After five years of secrecy, today we publish the full report that could have cleared the Lockerbie 'bomber'",heraldscotland.com,http://www.heraldscotland.com/news/home-news/after-five-years-of-secrecy-today-we-publish-the-full-report-that-could-have-cleared-the-lockerbie-bomber.1710352
2012-03-26,00:34:02,rcqjn,5,"Yemeni troops attack protesters in Taizz, casualties reported",presstv.ir,http://www.presstv.ir/detail/233148.html
2012-03-25,11:07:12,rc6c5,3,Chavez returning to Cuba for radiation therapy,ca.news.yahoo.com,http://ca.news.yahoo.com/chavez-returning-cuba-radiation-therapy-003436081.html
