2012-03-19,23:17:32,r3iv3,1846,"Iranians respond to Israeli Facebook initiative: Israel, we <3 you too",haaretz.com,http://www.haaretz.com/news/national/iranians-respond-to-israeli-facebook-initiative-israel-we-love-you-too-1.419505
2012-03-19,16:13:41,r37um,1694,"Dutch Catholic church abuse: at least one youth castrated for 'homosexuality', evidence for at least 10 other cases",dutchnews.nl,http://www.dutchnews.nl/news/archives/2012/03/catholic_church_abuse_at_least.php
2012-03-19,04:47:10,r2fk5,905,King of Tonga dead: report,abc.net.au,http://www.abc.net.au/news/2012-03-19/king-of-tonga-dead/3897426
2012-03-19,20:39:52,r3dgh,789,"The Nobel peace prize winner and president of Liberia, Ellen Johnson Sirleaf, has defended a law that criminalises homosexual acts, saying: ""We like ourselves just the way we are.""",guardian.co.uk,http://www.guardian.co.uk/world/2012/mar/19/nobel-peace-prize-law-homosexuality
2012-03-19,19:57:15,r3ccs,627,How one man escaped from a North Korean prison camp,guardian.co.uk,http://www.guardian.co.uk/books/2012/mar/16/escape-north-korea-prison-camp?CMP=twt_gu
2012-03-19,21:51:12,r3fkk,589,Italian police have arrested 16 judges in what they say is a big anti-mafia operation centred on Naples.,bbc.co.uk,http://www.bbc.co.uk/news/world-europe-17429114
2012-03-19,02:08:37,r28ox,560,WikiLeaks Founder to Run for Australian Senate,pcworld.com,http://www.pcworld.com/article/252084/wikileaks_founder_to_run_for_australian_senate.html
2012-03-19,20:52:18,r3dt4,325,"Slavery's last stronghold, Mauritania",cnn.com,http://www.cnn.com/interactive/2012/03/world/mauritania.slaverys.last.stronghold/index.html
2012-03-19,11:36:03,r2yhs,328,"Pope Benedict XVI disturbed by disloyalty of those who leaked internal documents about corruption, poor financial management,and contempt regarding the Vatican efforts against laundering.",ecuadortimes.net,http://www.ecuadortimes.net/2012/03/18/the-vatican-started-penal-investigation/
2012-03-19,09:54:31,r2tll,184,"In Mexico, extortion is a booming offshoot of drug war:  Almost every segment of the economy and society, including businesses, teachers and priests, has been subjected to extortionists who exploit fear of cartels.",latimes.com,"http://www.latimes.com/news/nationworld/world/la-fg-mexico-extortion-20120319,0,2566393,full.story"
2012-03-19,16:58:10,r38q0,165,Four killed in shooting at Jewish school in France,haaretz.com,http://www.haaretz.com/jewish-world/four-killed-in-shooting-at-jewish-school-in-france-1.419507
2012-03-20,07:27:32,r47rg,158,"Winds of change blow through China as spending on renewable energy soars - 
World's biggest polluter spends £4bn a year on wind & solar power generation in single region as it aims to cut fossil fuel use",guardian.co.uk,http://www.guardian.co.uk/world/2012/mar/19/china-windfarms-renewable-energy
2012-03-19,21:41:26,r3f99,121,"Assad wife: ""I am the real dictator""—The British-born wife of Syrian president Bashar al-Assad joked in leaked emails.",globalpost.com,http://www.globalpost.com/dispatch/news/regions/middle-east/120319/asma-al-assad-im-the-real-dictator-video
2012-03-19,21:26:41,r3es2,112,"Al Jazeera obtains secret Syria files --- 
Papers prepared for President Assad by intelligence and security chiefs throw light on his strategy to quell protests.",aljazeera.com,http://www.aljazeera.com/news/middleeast/2012/03/20123191073517388.html
2012-03-19,12:10:58,r300j,114,Israelis Agree Iran Hasn't Decided on the actual construction of Atom Bomb ,nytimes.com,http://www.nytimes.com/aponline/2012/03/18/world/middleeast/ap-ml-israel-iran.html?ref=world
2012-03-19,16:50:28,r38ki,95,Chinese hoping ticket out of China is French class - Chinese desperate to emigrate have discovered a backdoor into Canada that involves applying for entry into the country's francophone province of Quebec — as long as you have a good working knowledge of the local lingo,npr.org,http://www.npr.org/templates/story/story.php?storyId=148895610
2012-03-19,20:25:02,r3d0r,68,Topless Women Protest Rampant Sex Trade in Ukraine - ABC News,abcnews.go.com,http://abcnews.go.com/International/topless-women-protest-rampant-sex-trade-ukraine/story?id=15468367&singlePage=true#.T2clihES0y4
2012-03-19,10:26:08,r2v2s,60,80% in Japan 'support nuclear phase-out',google.com,http://www.google.com/hostednews/afp/article/ALeqM5gtox0DOTRIGrts9tir6jvaLsi_JQ?docId=CNG.05c3b6ca0ada9e66b7fb77d3fff34bd6.81
2012-03-19,20:16:42,r3csv,57,24-pound tumor misdiagnosed as pregnancy,upi.com,http://www.upi.com/Health_News/2012/03/18/24-pound-tumor-misdiagnosed-as-pregnancy/UPI-97381332106088/
2012-03-20,07:58:30,r49cx,56,Mexican Policemen Killed After Beheadings - Gunmen in western Mexico have killed 12 policemen investigating the beheadings of 10 other people,bbc.co.uk,http://www.bbc.co.uk/news/world-latin-america-17439509
2012-03-20,01:20:37,r3opd,39,"Researchers have updated HadCRUT, one of the main global temperate records, which dates back to 1850 - 2010 now listed as world's hottest year",bbc.co.uk,http://www.bbc.co.uk/news/science-environment-17432194
2012-03-19,11:39:36,r2ynq,42,WikiLeaks: Founder Julian Assange to run for Australian Senate - CNN.com,cnn.com,http://www.cnn.com/2012/03/17/world/asia/australia-senate-assange/?hpt=ju_c1
2012-03-19,16:38:43,r38c0,35,"Only 2% believe David Cameron is leading 'greenest government ever - 
Poll reveals only one in 50 members of the British public agrees that the prime minister is delivering on his pledge",guardian.co.uk,http://www.guardian.co.uk/environment/2012/mar/19/cameron-greenest-government-ever-poll
2012-03-19,12:02:21,r2zne,32,"Africans must travel to the moon to investigate what developed nations have been doing in outer space, Ugandan President Yoweri Museveni said Saturday.",google.com,http://www.google.com/hostednews/afp/article/ALeqM5g_yA4ttGofsR-NYTy4SRF5uXQxtw
2012-03-19,16:49:36,r38jr,37,"A gunman has opened fire at a school for Jewish children in the French city of Toulouse, killing at least three people",france24.com,http://www.france24.com/en/20120319-gunman-opens-fire-jewish-school-toulouse-france-motorbike-shooting
2012-03-20,00:49:12,r3n4i,31,Amnesty has called on Nato to investigate civilian deaths from its bombing campaign in Libya last year.,bbc.co.uk,http://www.bbc.co.uk/news/world-africa-17429117
2012-03-20,03:26:08,r3v1w,28,"Settlers grab Palestinian water springs: U.N. report
| Reuters",reuters.com,http://www.reuters.com/article/2012/03/19/us-palestinians-israel-water-idUSBRE82I0TT20120319
2012-03-19,13:28:22,r3381,27,"Heavy fighting in Syrian capital: residents
| Reuters",reuters.com,http://www.reuters.com/article/2012/03/19/us-syria-idUSBRE8280G820120319
2012-03-19,09:19:08,r2rwv,25,Greece on the breadline: cashless currency takes off,guardian.co.uk,http://www.guardian.co.uk/world/2012/mar/16/greece-on-breadline-cashless-currency?newsfeed=true
2012-03-20,06:47:40,r45od,24,A town hall meeting called by Christians to discuss funeral arrangements turned into a bloodbath in northern Nigeria when members of a radical Islamist sect opened fire with assault rifles.,hosted.ap.org,http://hosted.ap.org/dynamic/stories/A/AF_NIGERIA_FLEEING_THE_NORTH?SITE=RIPAW&SECTION=HOME&TEMPLATE=DEFAULT
