2012-11-13,05:13:43,132zq3,3121,"With more than 50,000 supporters, “The uprising of women in the Arab world"" facebook group is being blocked by Facebook, over a picture of a woman not wearing a veil.",nowlebanon.com,http://nowlebanon.com/NewsArticleDetails.aspx?ID=455346
2012-11-13,17:42:34,13469n,2290,"Egyptian migrant turns up for work in Greece, tortured for 18 hours",irishtimes.com,http://www.irishtimes.com/newspaper/world/2012/1113/1224326523978.html
2012-11-13,08:57:12,133fpz,1755,"Australian Judge rules that you can tell cops to ""Fuck off""",news.com.au,http://www.news.com.au/national-old/its-ok-to-tell-police-officers-to-fck-off/story-e6frfkvr-1225901937675
2012-11-13,04:47:57,132xv7,1518,Anti-virus pioneer John McAfee wanted for murder,usatoday.com,http://www.usatoday.com/story/news/nation/2012/11/12/john-mcafee-anti-virus-murder-belize/1700155/
2012-11-13,21:50:14,134d09,918,"On streets of Athens, racist attacks increase",news.yahoo.com,http://news.yahoo.com/streets-athens-racist-attacks-increase-074957227.html
2012-11-13,22:46:39,134fkv,638,42 Kenyan police officers killed in an ambush by cattle rustlers.,bbc.co.uk,http://www.bbc.co.uk/news/world-africa-20294747
2012-11-13,22:41:54,134fc8,425,SPECIAL REPORT - Witnesses tell of organized killings of Myanmar Muslims,in.reuters.com,http://in.reuters.com/article/2012/11/12/myanmar-fighting-muslims-rakhine-idINDEE8AB00I20121112
2012-11-13,08:43:13,133err,387,"B.C. marijuana activist wins $25 million- Erb will now put his money where his mouth is, using some of his winnings for “the legalization, decriminalization of marijuana.”

",theprovince.com,http://www.theprovince.com/news/marijuana+activist+wins+million/7533110/story.html#ixzz2C3i7YwV4
2012-11-13,12:58:23,133vvz,342,'Priests believe child abuse forgivable' ,news.com.au,http://www.news.com.au/news/child-sex-abuse-not-the-biggest-sin-and-confession-gives-a-clean-slate-pedophile-priests-believe/story-e6frfkor-1226515833723
2012-11-13,20:30:28,134a6e,320,Beijing fears sparking its own French revolution,smh.com.au,http://www.smh.com.au/opinion/politics/beijing-fears-sparking-its-own-french-revolution-20121112-298ex.html
2012-11-13,19:40:51,13492o,308,"Dutch teenagers receive the maximum (2 years juvenile detention) sentence for inciting contract killing of a 15 year old girl, what has become known as the Facebook murder",bbc.co.uk,http://www.bbc.co.uk/news/world-europe-20301958
2012-11-13,02:03:18,132mf9,278,The Palestinian leadership has decided to defy a personal plea from President Barack Obama and go ahead with a bid for elevated status at the United Nations General Assembly.,telegraph.co.uk,http://www.telegraph.co.uk/news/worldnews/middleeast/palestinianauthority/9672592/Palestinian-leadership-defies-Barack-Obama-with-UN-non-member-status-bid.html
2012-11-13,06:30:44,1335h6,119,"The European Union has announced that it is suspending $25million in aid for Afghanistan, warning that aid will be increasingly conditional on the government sticking to agreed reforms.",aljazeera.com,http://www.aljazeera.com/news/asia/2012/11/20121112174158197304.html
2012-11-13,05:05:48,132z53,118,"The Expendables - the French Foreign Legion: haunted men from everywhere, fighting anywhere, dying for causes not their own.",vanityfair.com,http://www.vanityfair.com/culture/2012/12/french-foreign-legion-expendables
2012-11-13,19:25:13,1348pk,105,"At least $2 billion of diamonds from Zimbabwe's Marange fields have been stolen by people linked to President Robert Mugabe's party, a diamond watchdog has said, although the state mining firm said the gems were sold transparently.
",ca.reuters.com,http://ca.reuters.com/article/topNews/idCABRE8AC0F020121113
2012-11-13,04:55:52,132yg8,107,British Special Forces training rebels to assassinate Syrian president,english.alarabiya.net,http://english.alarabiya.net/articles/2012/11/12/249245.html
2012-11-13,04:54:34,132ycl,69,FSA examines whistleblower's claims of 'Libor-like' manipulation in gas prices,guardian.co.uk,http://www.guardian.co.uk/business/2012/nov/12/libor-like-manipulation-gas-markets
2012-11-13,23:52:12,134j9n,66,"Fighting grows along Syria's borders, threatening to spread war",csmonitor.com,http://www.csmonitor.com/World/terrorism-security/2012/1113/Fighting-grows-along-Syria-s-borders-threatening-to-spread-war
2012-11-13,01:33:38,132kh5,61,Have Syria's fractious rebels finally united?,theweek.com,http://theweek.com/article/index/236251/have-syrias-fractious-rebels-finally-united
2012-11-13,07:55:28,133bge,45,"Canadian 60-year-old former candidate for the B.C. Marijuana Party wins $25 million. Will donate most of it to soup kitchens, food banks, shelters.
 ",theprovince.com,http://www.theprovince.com/news/Lottery+bonanza+Marijuana+activist+wins+million/7533110/story.html#axzz2C3Vn9cv0
2012-11-13,17:44:20,1346aw,45,"Spain's banking association announced on Monday it would freeze eviction orders for the next two years in cases of ""extreme hardship"", following widespread alarm and protests after a woman killed herself on Friday",guardian.co.uk,http://www.guardian.co.uk/world/2012/nov/12/spanish-banks-evictions-suicides?CMP=twt_gu
2012-11-13,06:40:46,13368h,34,"Extremist calls for destruction of Egyptian antiquities - (CNN.com) Morgan Al-Gohary, a jihadi sheikhdeclared that if he and his ilk ever came to power, they would not hesitate to destroy the Sphinx and the pyramids.",cnn.com,http://www.cnn.com/2012/11/12/world/wedeman-ancient-monuments/index.html
2012-11-13,01:34:20,132kip,30,"Hong Kong to cut Iranian ships from register: 'Hong Kong will stop allowing 19 ships linked to the Islamic Republic of Iran Shipping Lines (IRISL) from operating under its flag, a government letter showed, in the latest blow to Tehran's sanctions-hit global trade'
",reuters.com,http://www.reuters.com/article/2012/11/12/us-shipping-iran-hongkong-idUSBRE8AB0TW20121112
2012-11-13,21:38:46,134cjp,28,Internet freedoms put in stranglehold in UAE — RT,rt.com,http://rt.com/news/emirates-internet-freedoms-crackdown-583/
2012-11-13,02:17:02,132nbr,23,"Viagra maker Pfizer pays virtually no corporation tax in UK despite Ł1.8bn turnover: Public outrage over the issue has mounted after it emerged that giants including Starbucks, Google, Facebook, Amazon and eBay all pay relatively little tax in the UK",dailymail.co.uk,http://www.dailymail.co.uk/news/article-2230882/Viagra-maker-Pfizer-pays-virtually-corporation-tax-UK-despite-1-8bn-turnover.html?ito=feeds-newsxml
2012-11-13,06:51:04,1336yj,22,Iran 'tortured blogger to death',bangkokpost.com,http://www.bangkokpost.com/breakingnews/320710/iran-tortured-blogger-to-death
2012-11-13,03:33:51,132slh,18,Zimbabwe regime accused of stealing $2bn in diamonds,guardian.co.uk,http://www.guardian.co.uk/world/2012/nov/12/zimbabwe-diamonds-mugabe-marange-fields
2012-11-13,07:00:04,1337kp,18,"Obama released a written statement that declared: ""For the sake of the Syrian people, the time has come for President Assad to step aside."" It was his first explicit call for the Syrian leader to resign -- but today, 452 days later, Bashar al-Assad is still in power.",foreignpolicy.com,http://www.foreignpolicy.com/articles/2012/11/12/the_survivor?page=full
2012-11-13,03:06:47,132qp1,19,Antivirus pioneer John McAfee wanted for murder in Belize | CNET News,news.cnet.com,http://news.cnet.com/8301-1009_3-57548458-83/antivirus-pioneer-john-mcafee-reportedly-accused-of-murder/
2012-11-13,22:47:33,134fmn,19,"West African nations on Sunday agreed to send some 3,000 troops to help the country of Mali wrest back control of its northern half.",google.com,http://www.google.com/hostednews/ap/article/ALeqM5hvCSBBxbrQ4nDEmSAVXulwOadyrA?docId=aaa98c8e731049698d880f75fc12b6f2
