2012-08-12,00:16:43,y1szk,3034,"The FBI justified the insane raid of Kim Dotcom's mansion by saying that it suspected Dotcom had a 'doomsday' device that could ""wipe out evidence of internet piracy around the world.""",gizmodo.com,http://gizmodo.com/5933870/the-fbi-thought-kim-dotcom-had-a-doomsday-device-that-could-wipe-away-all-evidence-of-piracy
2012-08-12,19:28:59,y383s,2155,"China releases woman sent to labor camp for protesting daughter's rape:  After a woman was sentenced to a labor camp for protesting leniency for her daughter's rapist, Chinese authorities bent to public pressure and released her. ",globalpost.com,http://www.globalpost.com/dispatches/globalpost-blogs/rights/china-releases-woman-sent-labor-camp-protesting-daughters-rape
2012-08-12,08:13:42,y2h4j,1752,Japan’s Olympic soccer loss brings out the Twitter racism - The Japan Daily Press,japandailypress.com,http://japandailypress.com/japans-olympic-soccer-loss-brings-out-the-twitter-racism-108819
2012-08-12,20:59:41,y39y8,330,German Opposition Calls for Wealth Tax,spiegel.de,http://www.spiegel.de/international/germany/german-opposition-calls-for-wealth-tax-a-849131.html
2012-08-12,21:17:30,y3ac7,274,Price of bacon set to soar as producers are hit by new EU animal welfare laws,guardian.co.uk,http://www.guardian.co.uk/business/2012/aug/12/price-of-bacon-to-soar
2012-08-12,02:09:38,y1y65,215,"80 Dead, Many More Injured in Iranian Earthquake ",bbc.co.uk,http://www.bbc.co.uk/news/world-middle-east-19226500
2012-08-12,22:44:26,y3cjd,178,"Geist: CETA Update - ACTA Provisions Are Still Very Much Alive: ""...the concerns that CETA may replicate ACTA appear to be very real despite the denials from the European Commission."" ",michaelgeist.ca,http://www.michaelgeist.ca/content/view/6609/125/
2012-08-12,21:48:47,y3b27,162,U.S. guided missile destroyer collides with a Japanese-owned oil tanker in Strait of Hormuz,edition.cnn.com,http://edition.cnn.com/2012/08/12/world/meast/bahrain-navy-collision/index.html
2012-08-12,10:55:48,y2p99,149,Tanzania said a shipping agent based in Dubai had reflagged 36 Iranian oil tankers with the Tanzanian flag without the country's knowledge and approval.,reuters.com,http://www.reuters.com/article/2012/08/12/us-tanzania-iran-idUSBRE87B00D20120812
2012-08-12,02:49:26,y208d,146,The United States and Turkey want to impose a no-fly zone in Syria,reuters.com,http://www.reuters.com/article/2012/08/11/us-syria-crisis-idUSBRE8610SH20120811
2012-08-12,01:30:23,y1w8q,101,Anti-Blasphemy Law Introduced In Tunisia,npr.org,http://www.npr.org/2012/08/10/158549262/anti-blasphemy-law-introduced-in-tunisia
2012-08-12,06:06:16,y2ahw,91,Japan to take islands row with South Korea to world court,aljazeera.com,http://www.aljazeera.com/news/asia-pacific/2012/08/2012811121058944233.html
2012-08-13,03:59:14,y3qnx,79,"German opposition leader talks tough on tax evasion: Social Democrat leader Sigmar Gabriel has said that tax evasion using havens such as Switzerland constitutes ""organized crime in Swiss banks in Germany."" He said the banks should be threatened with prosecution. ",dw.de,"http://www.dw.de/dw/article/0,,16161965,00.html"
2012-08-12,21:12:33,y3a89,76,More than half of young Greeks are unemployed: Greek youth unemployment figures marked another record high at 54.9% in May compared to 41% for the same period last year,euobserver.com,http://euobserver.com/social/117199
2012-08-12,02:23:50,y1ywi,73,Iraq oil production surpasses Iran,money.cnn.com,http://money.cnn.com/2012/08/10/news/economy/iraq-oil/index.html?iid=HP_LN
2012-08-12,07:15:56,y2e6l,73,Mans penis stolen by thieves in China,huffingtonpost.com,http://www.huffingtonpost.com/2012/07/24/fei-lin-penis_n_1699017.html
2012-08-12,01:58:07,y1xkn,61,"Trending against Kurds in Turkey:""The best Kurd is a dead Kurd"" ",stream.aljazeera.com,http://stream.aljazeera.com/story/trending-against-kurds-turkey-0022311
2012-08-12,03:02:11,y20vy,61,Earthquakes kill 87 people in Northwestern Iran.,news.yahoo.com,http://news.yahoo.com/powerful-earthquake-strikes-northwestern-iran-142516556.html
2012-08-13,00:51:40,y3h7k,54,"Biggest London fire 'for years' - 
More than 200 firefighters are tackling a blaze described by London Fire Brigade as the biggest seen in the capital for several years.  There were initial reports that people could see the smoke from the Olympic Park.",bbc.co.uk,http://www.bbc.co.uk/news/uk-england-london-19234182
2012-08-12,05:13:21,y27py,46,Afghan Policeman Kills 10 Fellow Policemen ,abcnews.go.com,http://abcnews.go.com/International/wireStory/afghans-kill-nato-us-soldiers-single-day-16983866
2012-08-12,02:52:06,y20da,42,"Authorities in Spain released a video which shows suspected al-Qaeda members training for a bombing raid using a model plane, three arrested.",usatoday.com,http://www.usatoday.com/news/world/story/2012-08-11/spain-terror-suspects/56970936/1
2012-08-12,19:26:39,y381y,44,"People of the Lake - The drying up of the Aral Sea was an environmental and human tragedy, but can Kazakhstan undo this man-made disaster?",aljazeera.com,http://www.aljazeera.com/programmes/aljazeeraworld/2012/08/2012857324531428.html
2012-08-12,23:35:18,y3e3w,44,Hamas is prepared to close all the underground tunnels along the border between the Gaza Strip and Egypt if the Egyptians agree to reopen the Rafah border crossing on a permanent basis.,jpost.com,http://www.jpost.com/LandedPages/PrintArticle.aspx?id=280956
2012-08-12,11:52:15,y2s6q,39,"Nuclear ruse: Posing as toymaker, Chinese merchant allegedly sought U.S. technology for Iran",washingtonpost.com,http://www.washingtonpost.com/world/national-security/nuclear-ruse-posing-as-toymaker-chinese-merchant-allegedly-sought-us-technology-for-iran/2012/08/11/f1c66d9a-e265-11e1-ae7f-d2a13e249eb2_story.html?tid=sm_btn_reddit
2012-08-12,04:05:13,y246l,36,Saudi Arabia media ignores historic Olympic Games of female athletes,sports.yahoo.com,http://sports.yahoo.com/news/olympics--saudi-arabia-media-ignore-historic-olympic-games-of-women-athletes-sarah-attar-and-wojdan-shaherkani.html
2012-08-12,08:23:04,y2hm4,38,U.S. Sanctions Syrian Oil Firm,en.ria.ru,http://en.ria.ru/world/20120811/175139962.html
2012-08-13,00:43:02,y3gti,37,Egypt president sacks Tantawi ,aljazeera.com,http://www.aljazeera.com/news/middleeast/2012/08/201281215511142445.html
2012-08-12,16:22:23,y33oh,35,"At Root of Italy Library’s Plunder, a Tale of Entrenched Practices:   How hundreds of volumes were taken and sold — and the library director charged with the crime — sheds light on some of the practices that continue to bedevil Italy.",nytimes.com,http://www.nytimes.com/2012/08/12/world/europe/naples-librarys-plunder-highlights-entrenched-dealings.html
2012-08-12,01:39:48,y1wos,36,"At least 50 killed, 400 injured in northwest Iran quakes [ Sat Aug 11, 2012 15:46 pm (GMT) ]",english.alarabiya.net,http://english.alarabiya.net/articles/2012/08/11/231669.html
2012-08-12,02:05:10,y1xxr,36,No proof Syria behind downing of Turkish jet ,haaretz.com,http://www.haaretz.com/news/middle-east/report-no-proof-syria-behind-downing-of-turkish-jet-1.457491
