2012-06-09,21:51:32,ut3sq,2686,"Canada's warrantless surveillance bill is back, and bigger than ever, with surveillance powers for US gov't, too(x-post from r/canada)",boingboing.net,http://boingboing.net/2012/06/08/canadas-warrantless-surveill-2.html
2012-06-09,06:11:37,us6tj,2193,A mob of hundreds of men assaulted women who were taking part in a march in Cairo's Tahrir Square to end sexual harassment in Egypt.,cbc.ca,http://www.cbc.ca/news/world/story/2012/06/08/egypt-marchers-assaulted.html
2012-06-09,00:31:38,uronw,891,An 11-year-old boy will appear in court in Bahrain on Monday to face charges of illegally protesting.,dailystar.com.lb,http://www.dailystar.com.lb/News/Middle-East/2012/Jun-08/176176-bahraini-11-year-old-facing-protest-charge.ashx
2012-06-09,01:50:26,ursqn,796,"North Korea ships malware-infected games to South Korean users, uses them to launch DDoS attacks",zdnet.com,https://www.zdnet.com/blog/security/north-korea-ships-malware-infected-games-to-south-korean-users-uses-them-to-launch-ddos-attacks/12383
2012-06-09,13:01:31,uspvj,426,Tens of thousands of gallons of oil spilled from pipeline into Red Deer River in Alberta.,montrealgazette.com,http://www.montrealgazette.com/news/Booms+contain+Alberta+spill/6752113/story.html
2012-06-09,00:23:44,uroa8,320,The US Will Re-Open Massive Philippine Bases Not Occupied Since The Cold War,businessinsider.com,http://www.businessinsider.com/the-us-is-reopening-massive-philippine-military-bases-not-used-since-the-cold-war-2012-6
2012-06-09,23:13:32,ut5zh,258,Students can’t win in Canada’s gerontocracy,ottawacitizen.com,http://www.ottawacitizen.com/opinion/op-ed/Students+Canada+gerontocracy/6722938/story.html
2012-06-09,02:11:02,urtuo,220,Apple to pay $2 million for misleading Aussies over 4G iPad,arstechnica.com,http://arstechnica.com/apple/2012/06/apple-to-pay-2-million-for-misleading-aussies-over-4g-ipad/
2012-06-09,07:37:32,usb9p,189,"Greek extremist mob rampages through streets of Athens in broad daylight, attacking refugees, migrants, homeless, and a foreign journalist. Unclear whether the mob was of the far right or far left.",jpost.com,http://www.jpost.com/International/Article.aspx?id=273019
2012-06-09,08:11:13,uscw4,151,"Syrian rebels tried to get me killed, says Channel 4 correspondent. Alex Thomson says crew was led to 'free-fire zone' as deaths would discredit Bashar al-Assad's regime
",guardian.co.uk,http://www.guardian.co.uk/media/2012/jun/08/alex-thompson-syrian-rebels?newsfeed=true
2012-06-10,05:51:53,utmze,122,News from Antarctica: 'Sexual depravity' of penguins that scientist dared not reveal,guardian.co.uk,http://www.guardian.co.uk/world/2012/jun/09/sex-depravity-penguins-scott-antarctic
2012-06-09,22:57:55,ut5j9,79,Man told to ditch his 'offensive' 666 number plate.,thelocal.se,http://www.thelocal.se/41304/20120607/
2012-06-09,08:26:46,usdmc,74,"A British journalist claims Syrian rebels set him up to die in no man's land near the Lebanese border, saying Friday he believes they wanted to use his death at the hands of government forces to score propaganda points.",hosted.ap.org,http://hosted.ap.org/dynamic/stories/E/EU_BRITAIN_SYRIA_JOURNALIST?SITE=RIPAW&SECTION=HOME&TEMPLATE=DEFAULT
2012-06-09,23:45:44,ut71d,62,Quebec sues tobacco giants for $60bn; Lawsuit seeks to recover health care costs associated with smoking,aljazeera.com,http://www.aljazeera.com/news/americas/2012/06/201269977281414.html
2012-06-09,04:02:41,urzp0,50,Mexican network alleged to have sold favourable election coverage to top politicians ,guardian.co.uk,http://www.guardian.co.uk/world/2012/jun/07/mexico-presidency-tv-dirty-tricks
2012-06-10,02:25:01,utdgt,53,Spanish bank bailout could reach 100 billion euros,news.yahoo.com,http://news.yahoo.com/merkel-says-eu-ready-act-spain-downgraded-001000399--business.html
2012-06-10,04:05:17,uti4b,49,French troop pullout from Afghanistan to start in July,bbc.co.uk,http://www.bbc.co.uk/news/world-asia-18381466
2012-06-09,13:42:37,usrid,50,"
Ireland’s ‘brain drain’ uses up their quota of US, 
Canadian and Australian visas ",irishcentral.com,http://www.irishcentral.com/news/Irelands-brain-drain-uses-up-their-quota-of-US-Canadian-and-Australian-visas-158086355.html
2012-06-09,14:19:14,ussy0,41,More young people going bankrupt,thelocal.de,http://www.thelocal.de/national/20120608-43043.html
2012-06-09,15:16:25,usv0o,42,"Spanish Banks Need $46 Billion, I.M.F. Says.",nytimes.com,http://www.nytimes.com/2012/06/10/business/global/spanish-banks-need-46-billion-imf-says.html
2012-06-09,23:54:29,ut7cs,40,51 Colleges in Brazil are closed since the last month because of the small wages of their professors ,jb.com.br,http://www.jb.com.br/pais/noticias/2012/06/07/greve-ja-atinge-51-instituicoes-de-ensino-superior/
2012-06-09,04:04:55,urzti,35,Canadian Government Repeals Hate Speech Clause,huffingtonpost.ca,http://www.huffingtonpost.ca/2012/06/08/bill-c-304-hate-speech-tories_n_1581437.html
2012-06-09,06:33:17,us7zd,31,Mexicans Want New Approach To Bloody Drug War,npr.org,http://www.npr.org/2012/06/08/154576485/mexicans-want-new-approach-to-bloody-drug-war
2012-06-10,00:42:42,ut96d,22,"Golden Dawn spokesman claims he was provoked before live TV assault, says he will sue",guardian.co.uk,http://www.guardian.co.uk/world/2012/jun/09/golden-dawn-ilias-kasidiaris-facebook
2012-06-10,05:48:51,utmtm,22,Iran's nuclear program: 4 things you probably didn't know,csmonitor.com,http://www.csmonitor.com/World/Middle-East/2012/0608/Iran-s-nuclear-program-4-things-you-probably-didn-t-know/President-Mahmoud-Ahmadinejad-never-said-that-Israel-should-be-wiped-off-the-map.
2012-06-09,10:33:07,usjbm,14,"Syrian rebels tried to get me killed, says British Journalist: crew was led to 'free-fire zone' as deaths would discredit Bashar al-Assad's regime",guardian.co.uk,http://www.guardian.co.uk/media/2012/jun/08/alex-thompson-syrian-rebels?fb=native&CMP=FBCNETTXT9038
2012-06-09,09:22:12,usg48,14,Mob attacks march against sexual harassment in Egypt; attackers grope women,hosted.ap.org,http://hosted.ap.org/dynamic/stories/M/ML_EGYPT?SITE=AP&SECTION=HOME&TEMPLATE=DEFAULT&CTIME=2012-06-08-18-25-47
2012-06-10,04:12:00,utifq,12,English will replace a Spanish as the main language teached in schools at Puerto Rico,latino.foxnews.com,http://latino.foxnews.com/latino/news/2012/06/08/pr-schools-to-expand-instruction-in-english/
2012-06-09,06:26:46,us7n6,8,Islamic militants threaten war on Pakistan over Kashmir ,telegraph.co.uk,http://www.telegraph.co.uk/news/worldnews/asia/pakistan/9319389/Islamic-militants-threaten-war-on-Pakistan-over-Kashmir.html
2012-06-09,12:24:26,uso9j,10,BBC News - Bus driver 'did not follow training' over rape case,bbc.co.uk,http://www.bbc.co.uk/news/uk-england-nottinghamshire-18373422
