2012-04-14,09:43:05,s8u0y,1470,"The richest, fattest nation on Earth (is not the United States)",theatlantic.com,http://www.theatlantic.com/health/archive/2011/11/the-richest-fattest-nation-on-earth-its-not-the-united-states/248366/
2012-04-14,20:35:43,s9dkq,1392,"U.S. Allies Call for Drug Legalisation: ""An increasingly large chorus of nations - ravaged by trafficking and violence - say it's now time to re-think international drug policy.""",ipsnews.net,http://www.ipsnews.net/news.asp?idnews=107428
2012-04-14,17:26:53,s9afp,1384,"Condemned to die shortly after birth for being a girl, outspoken Afghan member of parliament Fawzia Koofi lived to become a champion of women's rights and is now eyeing the presidency in 2014.",reuters.com,http://www.reuters.com/article/2012/04/14/us-afghanistan-election-koofi-idUSBRE83D02I20120414
2012-04-14,21:30:56,s9ep1,1281,"A North Korean Press Bus Took A Wrong Turn And 
Showed Journalists The Real Pyongyang ",businessinsider.com,http://www.businessinsider.com/north-korea-pyongyang-2012-4
2012-04-14,18:57:08,s9bxw,1136,Catalonia village says yes to drugs.Residents of the village voted on a plan to plant cannabis on a large scale as a way out of the financial crisis.,elpais.com,http://elpais.com/elpais/2012/04/11/inenglish/1334161312_484032.html
2012-04-14,21:48:37,s9f2h,575,"""One of Italy's top universities has sent shockwaves through the country's higher education system by announcing that from 2014 its courses will be taught exclusively in English. The radical move by Milan's Politecnico university will . . . 'contribute to the growth of the country'.""",independent.co.uk,http://www.independent.co.uk/news/world/europe/italian-university-switches-to-english-7643884.html
2012-04-14,13:13:22,s9304,416,B.C. movie theatres now eligible for liquor licences,cbc.ca,http://www.cbc.ca/news/canada/british-columbia/story/2012/04/11/bc-movie-theatre-liquor-licence.html
2012-04-14,07:15:54,s8n5x,331,"(Canada) - B.C. Supreme Court justice strikes down section of medical marijuana law - ""We took THC and cannabis away from pharmaceuticals this morning and put it back in people’s backyards where they can make their own medicines."" 

",timescolonist.com,http://www.timescolonist.com/health/Supreme+Court+justice+strikes+down+section+medical+marijuana/6455182/story.html#ixzz1rxeY3OvP
2012-04-14,14:46:13,s96bj,317,"Guatemalan President responds to Obama, and continues to push drug decriminalization at the Summit of the Americas in Cartagena",news.yahoo.com,http://news.yahoo.com/guatemalan-president-urges-drug-war-strategy-032153150.html
2012-04-14,22:11:51,s9fl2,297,"Some Canadian Health Experts Have Noticed The Drug War and ""Tough on Crime"" Things Not Working So Well",reason.com,http://reason.com/blog/2012/03/28/canadians-notice-drug-war-and-tough-on-c
2012-04-14,00:05:25,s80ai,247,London mayor sued after banning Christian group's anti-gay ads on buses,heraldsun.com.au,http://www.heraldsun.com.au/news/breaking-news/london-mayor-sued-after-banning-christian-groups-anti-gay-ads-on-buses/story-e6frf7jx-1226326312675
2012-04-14,02:06:48,s868n,182,"In rare move, North Korea admits to missile failure",csmonitor.com,http://www.csmonitor.com/World/Asia-Pacific/2012/0413/In-rare-move-North-Korea-admits-to-missile-failure
2012-04-14,21:00:22,s9e1u,172,"""Investment in food commodities by banks and hedge funds has risen from $65bn to $126bn (£41bn to £79bn) in the past five years,helping to push prices to 30-year highs and causing sharp price fluctuations that have little to do with the actual supply of food, says the United Nations' leading expert""",independent.co.uk,http://www.independent.co.uk/news/world/politics/the-real-hunger-games-how-banks-gamble-on-food-prices--and-the-poor-lose-out-7606263.html?article
2012-04-14,01:11:08,s8397,141,Obese bodies have led to fire emergencies at several German crematoriums.,spiegel.de,"http://www.spiegel.de/international/germany/0,1518,826639,00.html"
2012-04-15,06:05:18,s9xvz,117,Panama Castaways Were Spotted By Cruise Ship Passengers - And Ignored By Ship's Captain -  2 of the 3 later died,panama-guide.com,http://www.panama-guide.com/article.php/20120413184536993
2012-04-15,03:17:18,s9qkr,85,"Glencore, the commodity and mining firm worth £27bn, stands accused in the Democratic Republic of Congo of dumping raw acid and profiting from children working 150ft underground.",guardian.co.uk,http://www.guardian.co.uk/business/2012/apr/14/glencore-child-labour-acid-dumping-row
2012-04-15,00:45:56,s9kdw,77,Teen protester 'shot in chest' in Bahrain: Boy among several people wounded when police opened fire as thousands joined funeral procession,aljazeera.com,http://www.aljazeera.com/news/middleeast/2012/04/201241454230727719.html
2012-04-14,19:25:48,s9cdb,61,Report: German ship carrying Iranian arms bound for Syria stopped at sea,haaretz.com,http://www.haaretz.com/news/middle-east/report-german-ship-carrying-iranian-weapons-to-syria-stopped-at-sea-1.424190
2012-04-14,14:50:48,s96gn,61,Canada issues glow-in-the-dark dinosaur quarter,news.yahoo.com,http://news.yahoo.com/blogs/sideshow/canada-issues-glow-dark-dinosaur-quarter-173052860.html
2012-04-14,08:13:53,s8pzy,51,GMO Tree Field Trial Destroyed in New Zealand,nz.news.yahoo.com,http://nz.news.yahoo.com/a/-/newshome/13409647/valuable-gm-info-lost-with-axed-trees/
2012-04-14,02:36:09,s87xc,45,"Norwegian gunman Breivik determined to somehow prove that killing 77 people, most of them teenagers, was an act of self-defense",rt.com,http://rt.com/news/breivik-plea-seld-defense-025/
2012-04-14,09:59:37,s8ups,36,Sarkozy - rarely is a world leader caught in such a blatant lie.,telegraph.co.uk,http://www.telegraph.co.uk/news/worldnews/nicolas-sarkozy/9201646/Nicolas-Sarkozy-facing-ridicule-after-false-Fukushima-claims.html
2012-04-14,11:35:05,s8yz2,39,"Embarrassed by rocket crash, North Korea may try nuclear test",mobile.reuters.com,http://mobile.reuters.com/article/idUSBRE83B1OR20120413?irpc=932
2012-04-14,04:07:13,s8czx,27,BBC News - Syria ceasefire: Security forces 'fire at protesters',bbc.co.uk,http://www.bbc.co.uk/news/world-middle-east-17705614
2012-04-14,21:14:36,s9ec2,23,"""The Royal Canadian Mint wants to get rid of pocket change -- and it's enlisting hacker-types for help. Less than a week after the government announced the penny's impending death, the Mint quietly unveiled its digital currency called MintChip.""",thestar.com,http://www.thestar.com/business/article/1159513--royal-canadian-mint-to-create-digital-currency
2012-04-14,20:56:39,s9dza,16,The power of Google Earth,bbc.co.uk,http://www.bbc.co.uk/news/magazine-17693816
2012-04-14,12:22:41,s90z4,13,Brazilian murder suspects 'confess to cannibalism':  Police in Brazil say three people arrested on suspicion of murdering at least two women have confessed to acts of cannibalism. ,bbc.co.uk,http://www.bbc.co.uk/news/world-latin-america-17710617
2012-04-14,22:35:01,s9g5q,14,Iran Nuclear Talks: Diplomat Says Talks Show Progress,huffingtonpost.com,http://www.huffingtonpost.com/2012/04/14/iran-nuclear-talks-diplom_n_1425439.html
2012-04-14,21:09:15,s9e85,16,Assange talkshow to be broadcast by Russian TV station,abc.net.au,http://www.abc.net.au/news/2012-04-14/assange-talk-show-to-be-broadcast-by-russian-tv/3950252
2012-04-14,19:12:43,s9c6h,13,"China & Philippines End Fishing Standoff - 
Chinese fishing boats leave disputed shoal in South China Sea, ending days of tension",guardian.co.uk,http://www.guardian.co.uk/world/2012/apr/14/china-philippines-end-fishing-standoff
