2012-01-08,15:41:25,o7r8e,1420,"Abortion a bigger problem than joblessness, says Catholic Church. Bishop warns of UNESCO plan to ""make half the world population homosexual"" ",elpais.com,http://www.elpais.com/articulo/english/Abortion/bigger/problem/than/joblessness/says/Catholic/Church/elpepueng/20120101elpeng_3/Ten
2012-01-08,00:33:45,o6u7t,825,"'Slave-like conditions' on Swedish army base in Afghanistan, kitchen staff at the Swedish military base in Afghanistan have been working under ""slave-like conditions"", being forced to pay for employment.",thelocal.se,http://www.thelocal.se/38380/20120107/
2012-01-08,11:32:37,o7ist,723,"Israel said on Saturday that it will respond to cyber-attacks in the same way it responds to violent “terrorist” acts, by striking back with force against hackers who threaten the Jewish state.
",rawstory.com,http://www.rawstory.com/rs/2012/01/07/israel-vows-treat-hackers-like-other-terrorists/
2012-01-08,11:05:26,o7ht5,611,Iranian government thanks U.S. for rescue of fisherman held captive by Somali pirates.,abc.net.au,http://www.abc.net.au/news/2012-01-08/iran-reax-to-us-pirate-rescue/3762668
2012-01-08,00:33:43,o6u7q,328,Brazil’s Insidious New Pregnancy Registration Law Violates the Privacy of Women: '...a Ceauşescu-like law requiring all pregnant women to register their pregnancies with the state.',slate.com,http://www.slate.com/blogs/xx_factor/2012/01/06/brazilian_pm_557_how_the_pregnancy_registration_law_violates_the_privacy_of_women.html
2012-01-08,04:34:23,o72o7,326,"Tiger Skins & Bones Seized in Thai Customs Swoop - 
Officials found 4 boxes of tiger parts worth tens of thousands of dollars in the post, believed to be destined for China.  ""The way they processed these tigers, I think they were meant for furniture or decoration.""",telegraph.co.uk,http://www.telegraph.co.uk/news/worldnews/asia/thailand/8996515/Tiger-skins-and-bones-seized-in-Thai-customs-swoop.html
2012-01-08,13:22:43,o7mu5,230,"In Africa, using ants and termites to increase crop yields: Researchers are confirming what African farmers already know: Termites and ants can be used to increase soil fertility and crop yields",csmonitor.com,http://www.csmonitor.com/World/Making-a-difference/Change-Agent/2012/0105/In-Africa-using-ants-and-termites-to-increase-crop-yields
2012-01-08,19:44:02,o7vtv,201,A large Russian naval flotilla led by an aircraft carrier has docked in the Syrian port of Tartus in what Damascus state media hailed as a show of solidarity by close ally Moscow,english.alarabiya.net,http://english.alarabiya.net/articles/2012/01/08/187090.html
2012-01-08,13:43:49,o7nm9,195,Pirate Bay founder Peter Sunde reveals that the words of an MPAA lawyer several years ago inspired the creation of the the Missionary Church of Kopimism. But a Catholic bishop has labeled it “farcical” since it has no God,torrentfreak.com,https://torrentfreak.com/mpaa-lawyer-inspired-file-sharing-religion-catholic-bishop-unhappy-120107/
2012-01-09,04:26:40,o8an4,170,Venezuela Will Not Recognize World Bank Ruling in Exxon Case,nytimes.com,http://www.nytimes.com/reuters/2012/01/08/business/business-us-venezuela-exxonmobil.html
2012-01-09,01:40:27,o840k,138,Western Oil Firms Remain as US Exits Iraq: The end of the US military occupation does not mean Iraqis have full control of their oil,aljazeera.com,http://www.aljazeera.com/indepth/features/2011/12/2011122813134071641.html
2012-01-08,23:11:21,o7zgz,132,"Is China's rise going to lead to conflict with America? State-controlled Global Times newspaper: ""China needs to enhance its long-distance military attack ability and develop more ways to threaten US territory in order to gradually push outward the front line of its 'game' with America""",bbc.co.uk,http://www.bbc.co.uk/news/world-asia-16446401
2012-01-09,02:58:37,o86xg,103,Israel Charges 5 Settlers in West Bank Base Clash: The indictment was the first sign of a crackdown on settlers whose provocative actions have been described by some Israeli officials as homegrown terrorism,nytimes.com,http://www.nytimes.com/2012/01/09/world/middleeast/israel-charges-5-settlers-in-clash-at-army-base.html
2012-01-08,22:50:45,o7z0p,88,Karachi boys punch their way out of violence: Teenagers living in slums turn to sport in bid to avoid cycle of drugs and violence in Pakistani city ,aljazeera.com,http://www.aljazeera.com/video/asia/2012/01/20121854512238244.html
2012-01-08,15:13:59,o7qha,85,"
Stricken New Zealand cargo ship breaks apart",aljazeera.com,http://www.aljazeera.com/news/asia-pacific/2012/01/20121814529469246.html
2012-01-09,00:22:27,o81ec,81,Inside Turkmenistan's Surreal Presidential Election,theatlantic.com,http://www.theatlantic.com/international/archive/2012/01/inside-turkmenistans-surreal-presidential-election/251021/
2012-01-09,00:49:44,o828j,63,"Germany once admired British workmanship – but that was a long time ago: Over the North Sea lies the richest country in Europe, its success built on the manufacturing industry that Britain has spurned",guardian.co.uk,http://www.guardian.co.uk/commentisfree/2012/jan/06/ian-jack-germany-manufactures-success
2012-01-09,04:56:24,o8buz,66,"Thousands of email addresses and encrypted passwords, including those of defence, intelligence and police officials as well as politicians and Nato advisers, have been revealed on the internet following a security breach by Anonymous. ",m.guardian.co.uk,http://m.guardian.co.uk/technology/2012/jan/08/hackers-expose-defence-intelligence-officials?cat=technology&type=article
2012-01-08,20:39:11,o7wp4,49,Haiti 2 Years Later: Half A Million Still In Camps,seattlepi.com,http://www.seattlepi.com/news/article/Haiti-2-years-later-Half-a-million-still-in-camps-2447712.php
2012-01-09,07:47:57,o8iyt,46,Arab League demands Syria to stop violence,globalpost.com,http://www.globalpost.com/dispatch/news/regions/middle-east/120108/arab-league-demands-syria-stop-violence
2012-01-08,14:54:32,o7px7,46,Syria sniper shot high when officers ordered him to kill  --- Syrian snipers have killed hundreds of protesters during the ten-month uprising against President Bashar al-Assad.,telegraph.co.uk,http://www.telegraph.co.uk/news/worldnews/middleeast/syria/9000184/Syria-sniper-shot-high-when-officers-ordered-him-to-kill.html
2012-01-09,02:27:04,o85pt,37,Police find 5 severed heads in northern Mexico,elpasotimes.com,http://www.elpasotimes.com/ci_19695144?source=rss_viewed
2012-01-08,18:38:32,o7uto,40,Japanese Coastguard Detains three Sea Shepherd Activists,nhk.or.jp,http://www3.nhk.or.jp/daily/english/20120108_17.html
2012-01-08,09:31:45,o7e99,28,Iran welcomes U.S. rescue of Iranian fishermen,cnn.com,http://www.cnn.com/2012/01/07/world/meast/iran-us-navy-rescue/index.html?hpt=hp_t3
2012-01-09,01:09:02,o82wl,26,Egypt's interior minister sues journalist for 'insulting police' ,english.ahram.org.eg,http://english.ahram.org.eg/~/NewsContent/1/64/31179/Egypt/Politics-/Egypts-interior-minister-sues-journalist-for-insul.aspx
2012-01-08,10:29:18,o7gfl,26,Iran salutes U.S. Navy for Somali pirate rescue,cbc.ca,http://www.cbc.ca/news/world/story/2012/01/07/iran-navy-rescue.html?cmp=rss
2012-01-08,23:26:44,o7ztm,24,Kim Jong-un stars in new North Korean TV documentary,telegraph.co.uk,http://www.telegraph.co.uk/news/worldnews/asia/northkorea/9000784/Kim-Jong-un-stars-in-new-North-Korean-TV-documentary.html
2012-01-08,20:52:35,o7www,19,"Iran says it will close Strait of Hormuz if crude 
exports blocked",rt.com,http://rt.com/news/iran-ready-block-strait-hormuz-361/
2012-01-08,20:56:45,o7wza,19,Flash-mob protests against the segregation of women in Israel,euronews.net,http://www.euronews.net/nocomment/2012/01/07/flash-mob-protests-segregation-of-women-in-israel/
2012-01-09,05:36:41,o8dk8,18,"Iran, Russia Replace Dollar with National Currencies in Trade Exchanges ",english.farsnews.com,http://english.farsnews.com/newstext.php?nn=9007275648
