2012-04-20,09:23:46,sir6g,2297,"After an epic four year legal battle, the Australian High Court has upheld previous rulings that ISP iiNet is not responsible for the copyright infringements of its customers.",torrentfreak.com,http://torrentfreak.com/iinet-isp-not-liable-for-bittorrent-piracy-high-court-rules-120420/
2012-04-20,02:30:19,si3q3,1606,"Poland Announces Complete Ban on Monsanto’s Genetically Modified Maize
",naturalsociety.com,http://naturalsociety.com/poland-ban-monsantos-genetically-modified-maize/
2012-04-20,20:56:02,sjid0,226,"'Huge' Water Resources Exist Under Africa, by Matt McGrath of BBC News",opednews.com,http://www.opednews.com/Diary/Huge-Water-Resources-Exi-by-GLloyd-Rowsey-120420-169.html
2012-04-20,11:22:57,sixsw,218,"(RT) — A Sri Lankan woman is currently facing decapitation by sword on a witchcraft charge in Saudi Arabia, in accordance with Wahhabism, a strict form of Sunni Islam",rt.com,http://rt.com/news/saudi-arabia-sharia-beheading-435/
2012-04-21,00:56:45,sjtm2,205,Anonymous takes down Formula One website in suppport of Bahranini protests,ibtimes.co.uk,http://www.ibtimes.co.uk/articles/331151/20120420/opbahrain-anonymous-official-formula-1-websites-protest.htm
2012-04-21,00:50:52,sjt9d,204,Critics say Vladimir Putin has amassed a secret multi-billion dollar fortune contrary to his modest 'man of the people' image; may be one of the richest in the world,aljazeera.com,http://www.aljazeera.com/programmes/peopleandpower/2012/04/2012418859194318.html
2012-04-20,13:39:33,sj55y,197,North Korea threatens to 'blow up' Seoul,deccanherald.com,http://www.deccanherald.com/content/243429/north-korea-threatens-blow-up.html
2012-04-20,14:31:38,sj7lc,189,"Homosexuals inferior to dogs and pigs, says Iranian cleric",guardian.co.uk,http://www.guardian.co.uk/world/iran-blog/2012/apr/18/iran-cleric-condemns-homosexuality
2012-04-20,10:10:47,sitoy,159,Australian High Court unanimously dismisses case that would force ISPs to be accountable for users illegal downloading,abc.net.au,http://www.abc.net.au/news/2012-04-20/iinet-wins-download-case/3962442
2012-04-20,20:12:29,sjh4p,141,"Foreign Policy: ""He's Not Alone: The trial of Norway's alleged mass murderer Anders Behring Breivik is only the tip of the iceberg in a rising sea of radical Islamophobia in Europe.""",foreignpolicy.com,http://www.foreignpolicy.com/articles/2012/04/19/he_s_not_alone?page=full
2012-04-20,22:35:00,sjm23,113,"Vietnamese Seek Help with Mystery Illness - Health officials in Vietnam have international experts for help in identifying a strange illness that has killed 19 people, but so far defies explanation. ",theatlanticwire.com,http://www.theatlanticwire.com/global/2012/04/vietnameese-seek-help-mystery-illness/51369/
2012-04-20,21:17:27,sjizk,106,"Thousands of protesters have massed in Tahrir Square in the Egyptian capital, Cairo, to demonstrate against continuing military rule.",bbc.co.uk,http://www.bbc.co.uk/news/world-middle-east-17786228
2012-04-20,10:39:28,siv9i,100,"Australian High court throws out Hollywood Consortium appeal in favour of Aussie ISP iiNet - groundbreaking precedent set for all Common Law nations (Aus, UK, Canada) preventing ISPs from terminating customers for copyright infringement.",news.theage.com.au,http://news.theage.com.au/breaking-news-business/iinet-wins-copyright-case-against-tv-firms-20120420-1xb1n.html
2012-04-21,01:55:02,sjx1n,92,Neil Heywood was killed after his threat to expose Chinese leader's wife,worldnews.msnbc.msn.com,http://worldnews.msnbc.msn.com/_news/2012/04/16/11229801-sources-briton-killed-after-threat-to-expose-chinese-leaders-wife
2012-04-20,08:15:12,sing9,56,World’s richest 40 people worth $1 trillion.,thestar.com,http://www.thestar.com/business/article/1164490--world-s-richest-40-people-worth-1-trillion?bn=1
2012-04-20,19:45:27,sjgg4,52,"North Korea has vowed to launch satellites ""one after another"", vigorously rejecting international condemnation of an April 13 launch that was seen overseas as a disguised ballistic missile test.",telegraph.co.uk,http://www.telegraph.co.uk/news/worldnews/asia/northkorea/9216037/North-Korea-to-launch-satellites-one-after-another.html
2012-04-20,22:54:00,sjmvc,42,Anders Breivik describes Norway island massacre,bbc.co.uk,http://www.bbc.co.uk/news/world-europe-17789206
2012-04-20,10:11:42,sitqj,34,Australian ISP iiNet wins historic copyright case brought against it by Hollywood,theaustralian.com.au,http://www.theaustralian.com.au/australian-it/iinet-wins-landmark-copyright-case/story-e6frgakx-1226334090530
2012-04-21,03:18:26,sk23g,32,"News Corp is ""Toxic Shadow State"" -- British MPs",independent.co.uk,http://www.independent.co.uk/news/uk/crime/hacking-scandal-the-net-tightens-on-the-murdochs-7661722.html
2012-04-20,18:53:08,sjfb4,30,Murdoch's News Corp facing growing legal threat in US,guardian.co.uk,http://www.guardian.co.uk/media/2012/apr/19/murdoch-news-corp-lawyers-us
2012-04-21,03:09:33,sk1jt,25,Germany and France's joint proposal to allow Schengen-zone countries to temporarily reintroduce border controls as a means of last resort might sound harmless. But doing so would damage one of the strongest symbols of European unity and perhaps even contribute to the EU's demise.,spiegel.de,"http://www.spiegel.de/international/europe/0,1518,828815,00.html"
2012-04-21,00:14:41,sjr3z,28,Report: Plane with 127 aboard crashes in Pakistan,news.blogs.cnn.com,http://news.blogs.cnn.com/2012/04/20/report-plane-with-127-aboard-crashes-in-pakistan/
2012-04-21,02:36:38,sjzkp,23,"A uniform combining the name of a police force with a private company logo is being worn in Lincolnshire, England",bbc.co.uk,http://www.bbc.co.uk/news/uk-england-lincolnshire-17772674
2012-04-21,02:08:21,sjxu8,23,F1 grand prix: Bahrain denies entry to journalists,guardian.co.uk,http://www.guardian.co.uk/media/2012/apr/20/f1-grand-prix-bahrain-journalists
2012-04-21,03:19:08,sk24v,23,Drinking 8 litres of Coke daily cited in New Zealand death - World - CBC News,cbc.ca,http://www.cbc.ca/news/world/story/2012/04/20/coca-cola-woman-death-new-zealand.html
2012-04-20,12:47:50,sj2gh,22,Marc Emery's U.S. prosecutor urges pot legalization: John McKay once prosecuted B.C.'s 'Prince of Pot' Marc Emery,cbc.ca,http://www.cbc.ca/m/touch/news/story/2012/04/18/bc-marijuana-legalization.html
2012-04-20,22:52:38,sjmsx,21,How an Election in Greece Could Cause Europe to Crumble,tnr.com,http://www.tnr.com/article/world/102781/greece-parliamentary-election-european-union-eurozone
2012-04-20,21:24:23,sjj7n,19,Mahmoud Ahmadinejad's car mobbed by Iranian protesters (VIDEO),globalpost.com,http://www.globalpost.com/dispatch/news/regions/middle-east/iran/120419/mahmoud-ahmadinejad-car-mobbed-iranian-protesters-video
2012-04-21,00:44:47,sjswq,19,Bahrain - mass protest demanding an end to the crackdown on dissent and the cancellation of Sunday's Grand Prix.,bbc.co.uk,http://www.bbc.co.uk/news/world-middle-east-17788091
2012-04-20,22:53:57,sjmv8,18,"Report: Iran seeks support to censor Internet, disconnect from global network",haaretz.com,http://www.haaretz.com/news/middle-east/report-iran-seeks-support-to-censor-internet-disconnect-from-global-network-1.425602
