2012-08-22,23:23:23,ymznr,3152,"A week after losing his appeal for the right-to-die with assistance from a doctor, Tony Nicklinson, who was paralysed from the neck down and described his life as a ""living nightmare"", dies after refusing food for a week.",independent.co.uk,http://www.independent.co.uk/news/uk/home-news/lockedin-syndrome-sufferer-tony-nicklinson-dies-8072884.html
2012-08-22,23:30:13,yn019,2511,"German customs seized a $1.2 million violin from a Japanese professional musician and are demanding she pay almost $500,000 to get it back",brecorder.com,http://www.brecorder.com/world/europe/74699-german-customs-demand-500k-for-musicians-violin.html
2012-08-22,08:21:08,ylv27,2049,"George Orwell is 'too Left-wing’ for a statue, says BBC... ",telegraph.co.uk,http://www.telegraph.co.uk/culture/tvandradio/bbc/9491024/George-Orwell-is-too-Left-wing-for-a-statue-BBC-tells-Joan-Bakewell.html
2012-08-22,20:46:01,ymsty,960,"""Pirate Patch” Unblocks The Pirate Bay In a Blink",torrentfreak.com,https://torrentfreak.com/pirate-patch-unblocks-the-pirate-bay-in-a-blink-120821/
2012-08-22,15:32:17,ymjil,793,Criminal charges filed against German rabbi for performing circumcision:  The charges come less than two months after a Cologne court ruled that the religious act causes bodily harm to newborn babies,rt.com,http://rt.com/news/circumcision-germany-jewish-muslim-246/
2012-08-22,07:12:31,ylquu,713,"Enrique Steiger, epic plastic surgeon who spends 2 months per year working on celebrities, and the rest of the year working as an emergency doctor in war-torn zones",spiegel.de,http://www.spiegel.de/international/world/bullet-wounds-and-breast-implants-plastic-surgeon-prefers-war-to-cocktail-parties-a-732631.html
2012-08-22,04:41:35,ylh7r,602,Gambia to execute all death row prisoners next month:   Gambian President Yahya Jammeh pledged to have all of the country’s death-row prisoners executed by mid-September in a stern Eid address aired on Sunday which targeted “heinous acts” including homosexuality and drug use. ,france24.com,http://www.france24.com/en/20120821-gambia-execute-all-death-row-prisoners-yahya-jammeh-penalty-criminals
2012-08-22,01:58:04,yl6hs,578,"Obama warns Syria against using chemical or biological weapons:Obama says, 'That's a red line for us ... there would be enormous consequences' if Bashar Assad appeared to be preparing to use poison gas or biological weapons.'",latimes.com,"http://www.latimes.com/news/nationworld/world/la-fg-obama-syria-20120821,0,7782776.story"
2012-08-22,19:46:07,ymr4r,467,"Tony Nicklinson, British sufferer of 'Locked In Syndrome', dies.",bbc.co.uk,http://www.bbc.co.uk/news/uk-england-19341722
2012-08-22,19:25:51,ymqkh,274,Offensive Caricature Has Angered Christians in Germany - ,spiegel.de,http://www.spiegel.de/international/zeitgeist/offensive-caricature-has-angered-christians-in-germany-a-851436.html
2012-08-22,21:44:09,ymuy0,259,"The Might Of Thorium: Can India Lead The Next 
Global Energy Revolution? | Economy Watch",economywatch.com,http://www.economywatch.com/economy-business-and-finance-news/the-might-of-thorium-is-about-to-lead-the-next-global-energy-revolution.22-08.html
2012-08-22,15:57:30,ymkfu,197,TrapWire tied to anti-Occupy Internet-spy program,rt.com,http://rt.com/usa/news/trapwire-abraxas-cubic-surveillance-251/
2012-08-22,11:38:14,ym73e,197,"Kim Jong Un to make first foreign trip as head of state next week, to Iran.",worldnews.nbcnews.com,http://worldnews.nbcnews.com/_news/2012/08/21/13400924-reports-north-koreas-kim-jong-un-will-travel-to-iran?lite?ocid=twitter
2012-08-22,12:02:06,ym8l8,121,Russia joins WTO,nhk.or.jp,http://www3.nhk.or.jp/daily/english/20120822_03.html
2012-08-22,13:18:54,ymd7k,110,What's gone wrong at The Guardian? ,aljazeera.com,http://www.aljazeera.com/indepth/opinion/2012/08/201281814239801229.html
2012-08-22,17:58:35,ymo9c,110,Judge in Chile orders arrest of 8 former police & army officials for kidnapping US hiker  - The Princeton University mathematics professor vanished in 1985 while hiking near Chile's border with Argentina.,bbc.co.uk,http://www.bbc.co.uk/news/world-latin-america-19340756
2012-08-22,17:49:13,ymnzq,107,Mexican judges strike down law protecting army from civilian courts,guardian.co.uk,http://www.guardian.co.uk/world/2012/aug/22/mexican-judges-soldiers-court
2012-08-22,03:55:09,yle6c,104,"Male-order education: Iran bars women from 77 university courses including accounting, engineering, pure chemistry, English literature and translation, hotel management, and many others. The University of Tehran will not allow women to take courses in mathematics, natural resources, and forestry.",rt.com,http://rt.com/news/iran-women-university-ban-171/
2012-08-22,00:14:20,yl05g,84,"India blocks more than 250 Web sites for inciting hate, panic - The Washington Post",washingtonpost.com,http://www.washingtonpost.com/world/india-blocks-more-than-250-web-sites-for-inciting-hate-panic/2012/08/20/aee0b846-eadf-11e1-866f-60a00f604425_story.html?tid=sm_btn_reddit
2012-08-22,18:10:42,ymokg,82,"Fish caught near Japan's Fukushima nuclear plant was carriyng 258 times the 'safe' level of radiation. It registered 25,800 becquerels of caesium per kilo, beating the previous radiation record for captured wildlife.",rt.com,http://rt.com/news/fukushima-nuclear-radiation-fish-238
2012-08-22,23:53:22,yn1fa,79,"Pictures of killer of 69 people, Anders Breivik's cell in Norway",dn.se,http://www.dn.se/nyheter/varlden/fangelse-forbereder-for-breivik
2012-08-22,11:28:35,ym6gp,74,"Canada's Unique Freshwater Test Lakes Face Closure - 
Slashed funding threatens the isolated Experimental Lakes Area, site of landmark experiments on sources & effects of pollution.  With 58 lakes serving a broad range of studies, the program is unique in the world.",nature.com,http://www.nature.com/news/test-lakes-face-closure-1.11246
2012-08-22,14:40:36,ymhdw,72,Elderly woman ruins valuable artwork in Italy,au.news.yahoo.com,http://au.news.yahoo.com/world/a/-/world/14632147/elderly-woman-ruins-valuable-artwork/
2012-08-22,15:09:18,ymin7,72,"Mexico's top court ruled on Tuesday that military officials who committed crimes against civilians should be tried in civil courts, possibly clearing the way for sterner prosecutions against military misconduct in the country's drug war",reuters.com,http://www.reuters.com/article/2012/08/22/us-mexico-military-idUSBRE87L00K20120822
2012-08-22,04:08:49,ylf4i,66,"Russia warned the West on Tuesday against unilateral action on Syria, a day after US president Barack Obama threatened ""enormous consequences"" if his Syrian counterpart used chemical or biological arms or even moved them in a menacing way.",aljazeera.com,http://www.aljazeera.com/news/americas/2012/08/2012821153541872310.html
2012-08-22,21:07:56,ymtjl,65,"Palestinian town gets new mayor, aged 15: Bashaer Othman has taken over the municipal offices of Allar in the West Bank hills as part of a youth empowerment programme",guardian.co.uk,http://www.guardian.co.uk/world/2012/aug/22/palestinian-mayor-aged-15-allar
2012-08-22,03:22:27,ylc04,61,Ecuador warning over possible Assange arrest attempt - BBC News,bbc.co.uk,http://www.bbc.co.uk/news/uk-19338304
2012-08-22,18:29:26,ymp1b,53,Facebook to remove content inciting violence,thehindu.com,http://www.thehindu.com/news/national/article3806766.ece
2012-08-22,17:19:05,ymn45,47,The west's hypocrisy over Pussy Riot is breathtaking,guardian.co.uk,http://www.guardian.co.uk/commentisfree/2012/aug/21/west-hypocrisy-pussy-riot
2012-08-22,17:41:04,ymnq6,36,"Authorities gain power to collect Australians' internet records
",smh.com.au,http://www.smh.com.au/opinion/political-news/authorities-gain-power-to-collect-australians--internet-records-20120822-24m03.html
