2012-09-07,13:06:05,zhn80,2502,"Afghan actress stabbed to death by male mob for appearing on television. Numerous other actresses have received death threats and have been forced into hiding. ""Afghanistan is not made for women... whether actresses or not.""",guardian.co.uk,http://www.guardian.co.uk/world/2012/sep/06/afghanistan-attack-female-actors
2012-09-07,23:09:31,zi8j9,2490,"Canada closes embassy in Iran, expels Iranian diplomats",cbc.ca,http://www.cbc.ca/news/politics/story/2012/09/07/pol-baird-canada-iran-embassy.html
2012-09-07,01:22:35,zgefy,2156,"Mount Fuji Prone to a Full Eruption Soon, Pressure Now Higher than the Last 4,000-metre-high Eruption Experts Warn (disaster imminent?)",wired.co.uk,http://www.wired.co.uk/news/archive/2012-09/06/mount-fuji
2012-09-07,05:47:00,zgv6u,1792,"World's richest woman chastises Australian miners for being “too expensive,” saying, “Africans want to work. Its workers are willing to work for less than $2 per day.”",bottomline.nbcnews.com,http://bottomline.nbcnews.com/_news/2012/09/06/13706124-worlds-richest-woman-lauds-2-a-day-wages?lite
2012-09-07,03:08:28,zgkzb,576,Ex-F1 driver Alex Zanardi wins gold at 2012 Paralympics.  11 years after his horrific incident.,espn.go.com,http://espn.go.com/olympics/story/_/id/8340312/ex-f1-driver-alex-zanardi-wins-gold-2012-paralympics
2012-09-07,02:44:16,zgjgu,554,S.Arabia may not have oil to export by 2030,blogs.aljazeera.com,http://blogs.aljazeera.com/blog/middle-east/s-arabia-may-not-have-oil-export-2030
2012-09-07,22:29:41,zi6m0,537,"""Of the 51 self-immolations, 41 have died. That speaks to just how grave and desperate the situation is that Tibetans are choosing to die than to leave.""",thediplomat.com,http://thediplomat.com/author-spotlight/2012/09/04/meet-the-diplomat-writers-28/
2012-09-07,21:42:45,zi4oi,263,Are Chinese Banks Hiding “The Mother of All Debt Bombs”? - China's massive bank financed stimulus was intended to keep the economy moving. It may instead lead to economic disaster. ,thediplomat.com,http://thediplomat.com/2012/09/07/are-chinese-banks-hiding-the-mother-of-all-debt-bombs/
2012-09-07,23:12:45,zi8ot,260,"Canada closes Iran embassy, expels remaining Iranian diplomats",thestar.com,http://www.thestar.com/news/canada/article/1252838--canada-closes-iran-embassy-expels-remaining-iranian-diplomats
2012-09-07,22:31:26,zi6of,261,"Mother of Gary Mackinnon, British autistic hacker under threat of extradition to US, writes open letter to UK government",guardian.co.uk,http://www.guardian.co.uk/commentisfree/2012/sep/07/open-letter-gary-mckinnon
2012-09-07,17:16:17,zhx99,252,"No ban on pesticides that 'threaten bees': European and American reports say nerve agents may be a danger, but the UK goes on using them
",independent.co.uk,http://www.independent.co.uk/environment/nature/no-ban-on-pesticides-that-threaten-bees-8114020.html
2012-09-07,01:18:03,zge5l,213,"""Greek police protesting against austerity cuts blocked the 
entrance to the riot police headquarters on Thursday, preventing buses 
carrying riot police from leaving for the site of major demonstrations this 
weekend.""",greanvillepost.com,http://www.greanvillepost.com/2012/09/06/bravo-greek-police-block-riot-police-in-anti-austerity-protest/
2012-09-07,02:30:42,zgin3,194,Agent Orange victims in Vietnam to get Scientology 'detox' treatment,guardian.co.uk,http://www.guardian.co.uk/world/2012/sep/06/agent-orange-vietnam-scientology-detox
2012-09-07,15:31:56,zhtzy,188,Germany Overtakes US in Global Competitiveness - SPIEGEL ONLINE,spiegel.de,http://www.spiegel.de/international/world/germany-overtakes-us-in-global-competitiveness-a-854332.html
2012-09-07,12:40:47,zhlol,184,"The Myth That Japan Is Broke: The World's Largest ""Debtor"" Is Now the World's Largest Creditor
",opednews.com,http://www.opednews.com/populum/printer_friendly.php?content=a&id=155453
2012-09-07,12:27:37,zhkwk,168,Iran sends elite troops to aid Assad regime,telegraph.co.uk,http://www.telegraph.co.uk/news/worldnews/middleeast/iran/9526858/Iran-sends-elite-troops-to-aid-Assad-regime.html
2012-09-07,02:28:22,zgih8,129,"Report assails palm oil project in Cameroon as a land grab - ""The area to be developed, which is about eight times the size of Manhattan, is a hot spot of biodiversity, and the 99-year land lease is of questionable legal status""",green.blogs.nytimes.com,http://green.blogs.nytimes.com/2012/09/05/report-assails-palm-oil-project-in-cameroon/
2012-09-07,23:06:56,zi8eb,107,"The 14th round begins: of negotiations over the TPP, a secretive, multi-national trade agreement that threatens to extend restrictive IP laws across the globe and rewrite international rules on their enforcement",eff.org,https://www.eff.org/deeplinks/2012/09/leesburg-round-tpp-negotiations-begin-today
2012-09-07,17:03:50,zhwy5,85,The current rate of Arctic ice melt 'like adding 20 years of CO2 emissions' ,bbc.co.uk,http://www.bbc.co.uk/news/science-environment-19496674
2012-09-07,00:53:35,zgcrh,83,Swedish Doctor and nurse let patient die so they can go on a lunch break. And they are still working!,thelocal.se,http://www.thelocal.se/43048/20120906/
2012-09-07,22:28:14,zi6jy,64,"Netanyahu 'lost his temper,' reprimanded U.S. ambassador over Iran, says congressman",haaretz.com,http://www.haaretz.com/news/diplomacy-defense/netanyahu-lost-his-temper-reprimanded-u-s-ambassador-over-iran-says-congressman.premium-1.463469
2012-09-07,20:27:25,zi262,59,Pope urged to recognise Palestinian state,france24.com,http://www.france24.com/en/20120906-pope-urged-recognise-palestinian-state
2012-09-07,23:37:53,zi9zt,56,"Xi Jinping, China's Next Leader, Is Secretly Hinting At Reforms",businessinsider.com,http://www.businessinsider.com/xi-jinping-chinas-next-leader-is-secretly-hinting-at-reforms-2012-9
2012-09-07,16:03:17,zhv4n,55,"Arctic ice melting at amazing speed, scientists find. Unprecedented and surprising change likely to affect global climate. ",bbc.co.uk,http://www.bbc.co.uk/news/world-europe-19508906
2012-09-07,03:51:56,zgno5,53,Kalashnikov Manufacturer Faces Bankruptcy,spiegel.de,http://www.spiegel.de/international/world/russian-weapons-industry-kalashnikov-manufacturer-faces-bankruptcy-a-652043.html
2012-09-07,20:21:48,zi201,44,Putin: Asia can count on Russia for energy supply,news.yahoo.com,http://news.yahoo.com/putin-asia-count-russia-energy-supply-105736188--finance.html
2012-09-07,03:10:52,zgl4k,45,"Central Bank to Snap Up Debt, Saying, ‘Euro Is Irreversible’ - NYTimes.com",nytimes.com,http://www.nytimes.com/2012/09/07/business/global/european-central-bank-leaves-interest-rates-unchanged-at-0-75-percent.html?pagewanted=all
2012-09-07,20:06:14,zi1l5,40," At Mount of Sinai,  Global Team is Revolutionizing Preservation of Ancient Manuscripts - Texts at the 6th-century monastery are being photographed & digitized to recover what was scraped away 1,200 years ago so the parchment pages could be reused .
",washingtonpost.com,http://www.washingtonpost.com/lifestyle/magazine/in-the-sinai-a-global-team-is-revolutionizing-the-preservation-of-ancient-manuscripts/2012/08/30/1c203ef4-ca1f-11e1-aea8-34e2e47d1571_story.html
2012-09-07,17:51:04,zhy6f,31,Pakistani girl accused of blasphemy gets bail,aljazeera.com,http://www.aljazeera.com/news/asia/2012/09/2012976596844901.html
2012-09-07,08:45:26,zh6t4,31,Afghanistan fires hundreds of troops over insider attacks ,cnn.com,http://www.cnn.com/2012/09/05/world/asia/afghanistan-violence/index.html?hpt=wo_c2
