2012-06-01,02:39:29,ue62o,2132,Dutch company plans colony on Mars. The one way trip only takes seven months!,mars-one.com,http://mars-one.com/
2012-06-01,01:16:34,ue1lk,1633,"""The world's political leaders are failing catastrophically to address the climate crisis. History will not understand or forgive them.""",guardian.co.uk,http://www.guardian.co.uk/world/feedarticle/10266256
2012-06-01,19:04:31,uff7f,1519,"Confirmed: US, Israel created Stuxnet, lost control of it",arstechnica.com,http://arstechnica.com/tech-policy/2012/06/confirmed-us-israel-created-stuxnet-lost-control-of-it/
2012-06-01,19:04:59,uff7v,1029,"Troubled Greece: ""Greece is broke and close to being broken. It is a country where children are fainting in school because they are hungry, where 20,000 Athenians are scavenging through waste tips for food, and where the lifeblood of a modern economy -- credit -- is fast drying up.""",guardian.co.uk,http://www.guardian.co.uk/world/2012/may/31/greece-austerity-failure-syriza-bailout?newsfeed=true
2012-06-01,04:22:32,uebu4,789,"U.N. takeover of the Internet must be stopped, U.S. warns",news.cnet.com,http://news.cnet.com/8301-1009_3-57444629-83/u.n-takeover-of-the-internet-must-be-stopped-u.s-warns/
2012-06-01,07:42:15,uemv1,606,AP 'napalm girl' photo from Vietnam War turns 40,sfgate.com,http://www.sfgate.com/cgi-bin/article.cgi?f=/n/a/2012/05/31/international/i132205D79.DTL
2012-06-01,20:51:16,ufhoh,277,Anxious Spaniards withdraw billions from banks,france24.com,http://www.france24.com/en/20120601-fearful-spaniards-withdraw-billions-euros-banks-bankia-bailout-eurozone
2012-06-02,02:20:51,ufvdd,273,China faces worst security breach in decades as official arrested on suspicion of being a U.S. spy: sources,news.nationalpost.com,http://news.nationalpost.com/2012/06/01/china-faces-worst-security-breach-in-decades-as-official-arrested-on-suspicion-of-being-a-u-s-spy-sources/
2012-06-01,12:35:54,uf2dp,217,"Chevron Sued in Canada by Ecuadorans Over Pollution in Rain Forest- Ecuadorans, who've waged a bitter legal battle against Chevron, sued in Canada in an attempt to seize $18 billion of the oil giant’s assets, after Chevron refused to pay a verdict against it in their homeland",cbc.ca,http://www.cbc.ca/news/business/story/2012/05/31/ecuador-chveron-canada.html
2012-06-02,02:52:01,ufx18,179,"From now on, in India sex under the age of 18 is forbidden - consensus or no consensus notwithstanding",news.oneindia.in,http://news.oneindia.in/feature/2012/will-new-law-on-sexual-offence-against-children-deliver-1010969.html
2012-06-01,13:44:18,uf5kl,147,"Canada withdraws from UN body, accuses it of making Mugabe tourism ""ambassador""",winnipegfreepress.com,http://www.winnipegfreepress.com/world/canada-to-withdraw-from-un-tourism-organization-over-mugabe-appointment-baird-155788905.html
2012-06-01,08:13:56,ueoko,143,"Luka Magnotta wanted for murder after killing man on camera with an ice pick, performing sexual acts with the corpse, then beheading the victim. He then mailed a hand and a foot to parts of the Canadian government. ",blogs.laweekly.com,http://blogs.laweekly.com/informer/2012/05/luka_magnotta_la_gay_porn_star_wanted_interpol_mailing_bloody_hand_foot_canadian_capital.php
2012-06-01,15:34:38,uf9tl,110,Egypt lifts emergency martial law that has been in place for 30 years,cnn.com,http://www.cnn.com/2012/05/31/world/africa/egypt-emergency-law/index.html?hpt=hp_t3
2012-06-01,05:15:48,ueete,76,International manhunt started for murderer/cannibal Luka Magnotta,news.nationalpost.com,http://news.nationalpost.com/2012/05/31/luka-rocco-magnottas-family-awaiting-call-from-suspect-as-interpol-joins-manhunt/
2012-06-01,06:16:14,uei8w,77,Woman sentenced to death by stoning in Sudan:  Young woman held in a Khartoum prison with her baby son sentenced to be stoned to death for adultery.,aljazeera.com,http://www.aljazeera.com/news/africa/2012/05/2012531182332694820.html
2012-06-01,06:28:15,ueiwy,68,"Fossil fuel subsidies must end, says Indian microfinance firm:  Award-winning organisations urge global leaders to concentrate on renewable energy and stop subsidising fossil fuels
",guardian.co.uk,http://www.guardian.co.uk/global-development/2012/may/31/fossil-fuel-subsidies-india-microfinance
2012-06-01,09:24:50,ues62,61,Russia's New Propaganda Minister Alters History,themoscowtimes.com,http://www.themoscowtimes.com/opinion/article/russias-new-propaganda-minister/459200.html
2012-06-01,06:22:45,ueim0,52,Editors Of The Guardian And The New York Times Would Back Julian Assange If Prosecuted By U.S. Government. Also Thinking Of Launching WikiLeaks-style Operations Of Their Own.,huffingtonpost.com,http://www.huffingtonpost.com/2011/02/04/nyt-editor-bill-keller-back-assange-wikileaks_n_818838.html
2012-06-01,23:54:38,ufoa7,39,"12 Syrian workers ordered off a bus, then shot dead. Rebels blame Assad forces, Syrian media blame ""terrorists"".",reuters.com,http://www.reuters.com/article/2012/06/01/us-syria-crisis-qusair-idUSBRE8500RT20120601
2012-06-01,01:14:59,ue1iw,35,Security tighter than ever at Bilderberg conference,washingtontimes.com,http://www.washingtontimes.com/news/2012/may/30/security-tighter-than-ever-for-power-players/?page=all
2012-06-02,06:00:37,ug7fq,33,World stock markets plunge as global crisis deepens,guardian.co.uk,http://www.guardian.co.uk/business/2012/jun/01/world-markets-global-crisis-deepens?newsfeed=true
2012-06-01,22:53:51,uflmo,23,"In Thailand, if you insult the King online you can go to jail for up to twenty years. One women was arrested because she did not delete an online comment someone made about the King fast enough. She did not even make the comment. ",the-diplomat.com,http://the-diplomat.com/asean-beat/2012/05/31/thailands-two-faces/
2012-06-01,09:01:27,ueqz9,18,Edmonton (Canada) teacher suspended for giving zeros,cbc.ca,http://www.cbc.ca/news/offbeat/story/2012/05/31/edmonton-teacher-zeros-sheppard.html
2012-06-01,11:14:47,uexzr,19,"Syria Blames Rebels for Massacre - 
A Syrian official inquiry into the Houla massacre blames the atrocities on rebels trying to provoke international intervention",bbc.co.uk,http://www.bbc.co.uk/news/world-middle-east-18291795
2012-06-02,00:31:14,ufpxi,14,US Dollar on the way out: China and Japan begin direct currency trading..,aljazeera.com,http://www.aljazeera.com/news/asia-pacific/2012/06/2012617313664236.html
2012-06-01,09:10:44,uerg9,15,"Israel and its black immigrants: 
Keep out. Racial tension is rising as black asylum-seekers pour in",economist.com,http://www.economist.com/node/21556279?fsrc=scn/tw/te/ar/keepout
2012-06-02,02:46:12,ufwpq,14,CBC News: Body-parts victim ID'd as Chinese student in Montreal,cbc.ca,http://www.cbc.ca/news/canada/montreal/story/2012/06/01/body-parts-france.html
2012-06-01,13:59:19,uf67a,14,"Blow to Chile's Controversial Dam Project - 1 of 2 firms to build the giant Patagonia dam stops work, citing lack of govt backing.   Environmentalists object to destruction of a region famous for glaciers, ice-fields, mountains & fjords. The dams will provide 1/3 of Chile's electricity. ",bbc.co.uk,http://www.bbc.co.uk/news/business-18278167
2012-06-01,08:26:02,uep80,12,Turkey may ban abortion,hrw.org,http://www.hrw.org/news/2012/05/31/turkey-don-t-bar-access-abortion
2012-06-01,13:20:34,uf4i1,9,"China's manufacturing sector falls sharply
",money.cnn.com,http://money.cnn.com/2012/05/31/news/economy/china-manufacturing-pmi/
