2012-04-03,06:03:08,rq2tt,1978,Drugs war 'a failure' that bred criminals,smh.com.au,http://www.smh.com.au/opinion/political-news/drugs-war-a-failure-that-bred-criminals-20120402-1w8v3.html
2012-04-03,19:57:11,rr0gr,1873,Australia foreign minister calls for decriminalisation of low-level drug use,telegraph.co.uk,http://www.telegraph.co.uk/news/worldnews/australiaandthepacific/australia/9182845/Australia-foreign-minister-calls-for-decriminalisation-of-low-level-drug-use.html
2012-04-03,21:46:04,rr3et,960,"France best, U.S. worst in preventable death ranking",reuters.com,http://www.reuters.com/article/2008/01/08/us-deaths-rankings-idUSN0765165020080108
2012-04-03,17:46:11,rqy5x,513,North Korea 'preparing to unveil missile capable of striking continental US',telegraph.co.uk,http://www.telegraph.co.uk/news/worldnews/asia/northkorea/9182604/North-Korea-preparing-to-unveil-missile-capable-of-striking-continental-US.html
2012-04-03,06:38:24,rq4r0,497,Pay to be a waitress: A restaurant server has filed a complaint with B.C.'s Employment Standards Branch against a high profile Vancouver restaurant group because management required her to hand over her tips at the end of shifts.,cbc.ca,http://www.cbc.ca/news/canada/british-columbia/story/2012/03/30/bc-housetips.html
2012-04-03,14:07:31,rqrzs,496,"Government bill to spy on websites, emails and texts will cost taxpayers £2bn",dailymail.co.uk,http://www.dailymail.co.uk/news/article-2124251/Government-spy-websites-emails-texts-cost-taxpayers-2bn.html
2012-04-03,20:56:04,rr1w1,367, A 37-year-old Palestinian woman has been arrested for defaming President Mahmoud Abbas on her Facebook profile. She is being detained by the Palestinian Authority for two weeks.,zdnet.com,http://www.zdnet.com/blog/facebook/palestinian-arrested-for-insulting-president-on-facebook/11298
2012-04-03,22:34:31,rr52f,347,"Former princess of the Ottoman Empire has died - Her grandfather, the last Ottoman Sultan Vahdettin, & all other members of the dynasty were sent into exile in 1924",abcnews.go.com,http://abcnews.go.com/International/wireStory/exiled-ottoman-princess-dies-16061067#.T3sKSquud3o
2012-04-03,23:31:39,rr7ci,282,Greek island of Zakynthos has recently been dubbed “the blind island” by the Greek press after it emerged that 700 residents were allegedly receiving disability pensions as blind people despite being perfectly sighted.,hurriyetdailynews.com,http://www.hurriyetdailynews.com/default.aspx?pageid=438&n=greece-inspects-island-of-the-blind-for-chicane-2011-08-03
2012-04-03,12:32:32,rqniy,250,Dutch Law Would Stop Sale of Marijuana to Tourists,nytimes.com,http://www.nytimes.com/2012/04/03/world/europe/dutch-law-would-stop-sale-of-marijuana-to-tourists.html
2012-04-03,22:33:58,rr51r,232,"The United Nations convened on Monday to discuss a topic that isn't usually on their agenda: happiness. Throughout the day, speakers at the U.N. put forward their thoughts on how to measure and improve well-being around the world.",pri.org,http://www.pri.org/stories/health/global-health/the-united-nations-talk-happiness-9237.html
2012-04-03,23:14:31,rr6lz,187,Britain’s Orwellian war against “tweetcrime”,brendanoneill.co.uk,http://brendanoneill.co.uk/post/20169211930/britains-orwellian-war-against-tweetcrime
2012-04-03,06:52:56,rq5k0,115,Irish Priest Accidentally Flashes Gay Porn During First Communion Meeting,abcnews.go.com,http://abcnews.go.com/blogs/headlines/2012/04/irish-priest-accidentally-flashes-gay-porn-during-first-communion-meeting/
2012-04-04,00:55:44,rrba7,68,'The Government’s email and web monitoring plans would potentially be incompatible with the right to privacy of many ordinary people in the UK.' - Equality and Human Rights Commissions,equalityhumanrights.com,http://www.equalityhumanrights.com/news/2012/april/ehrc-statement-on-privacy/
2012-04-03,21:12:05,rr2bh,63,James Murdoch steps down as BSkyB chairman - live updates,guardian.co.uk,http://www.guardian.co.uk/media/2012/apr/03/james-murdoch-bskyb-live
2012-04-04,00:55:41,rrba5,55,Iran says could hit U.S. if it came under attack: paper,reuters.com,http://www.reuters.com/article/2012/04/03/us-iran-usa-attack-idUSBRE8320NN20120403
2012-04-03,23:34:41,rr7hn,57,"French Polynesia Acts to Protect its Drinking Water - 
Desalination plant will give islanders a reliable, cheaper supply than bottled water, while meters will encourage conservation.  Islanders will be able to buy drinking water for about 6 cents a litre.",guardian.co.uk,http://www.guardian.co.uk/global-development/2012/apr/03/french-polynesia-access-drinking-water
2012-04-03,10:22:47,rqgm5,47,Islamists push for sharia law in northern Mali,af.reuters.com,http://af.reuters.com/article/topNews/idAFJOE83100H20120402
2012-04-03,02:55:22,rpsxn,38,Mexico hit by 6.3 magnitude earthquake,reuters.com,http://www.reuters.com/article/2012/04/02/us-mexico-quake-magnitude-idUSBRE8310V320120402
2012-04-03,20:32:02,rr1ae,32,Uganda's nodding disease: 'I've lost hope',bbc.co.uk,http://www.bbc.co.uk/news/world-africa-17589445
2012-04-03,18:02:50,rqyib,34,A new study puts the amount of Cesium released from Fukushima at about 90% of Chernobyl.,enenews.com,http://enenews.com/highest-yet-us-govt-funded-study-estimates-fukushima-cesium-137-release-at-90-of-chernobyl
2012-04-03,23:40:42,rr7r8,28,To the Victor in Egypt's Presidential Race: a terrible economy - The Muslim Brotherhood has fronted a candidate. A former ally of Mubarak may even run. But whoever wins will start with less than half the foreign reserves Egypt had before the revolution.,csmonitor.com,http://www.csmonitor.com/World/Backchannels/2012/0403/To-the-victor-in-Egypt-s-presidential-race-a-terrible-economy
2012-04-04,03:55:24,rrkdi,31,Why Do Bankers Get to Decide Who Pays for Europe's Mess?,commondreams.org,http://www.commondreams.org/view/2012/04/03-2
2012-04-03,13:35:04,rqqnb,27,Argentine president dismisses ‘absurd’ UK claim to Falklands ,ft.com,http://www.ft.com/intl/cms/s/0/bd1c2d86-7cc7-11e1-9d8f-00144feab49a.html#axzz1qwsqsDrZ
2012-04-03,13:36:39,rqqq6,23,"In Escalating Drone War, US Targets Yemen Rulers’ Rivals",news.antiwar.com,http://news.antiwar.com/2012/04/02/in-escalating-drone-war-us-targets-yemen-rulers-rivals/
2012-04-03,23:46:59,rr824,28,Many German politicians are furious about Switzerland's decision to issue arrest warrants against officials who bought a stolen CD with tax data. The move has gone down well in Switzerland but it is unclear how the Swiss authorities will proceed -- the main witness is dead.,spiegel.de,"http://www.spiegel.de/international/europe/0,1518,825443,00.html"
2012-04-03,07:56:03,rq8tk,24,"Argentina's ruling party senator presented a project to decriminalize the marihuana growing, possession and consumption for personal use.",english.telam.com.ar,http://english.telam.com.ar/index.php?option=com_content&view=article&id=14694:senator-anibal-fernandez-presented-a-project-to-decriminalize-the-marihuana-consumption-&catid=42:politics
2012-04-04,01:06:02,rrbrg,21,Azerbaijan: Israel's Secret Staging Ground - Foreign Policy,foreignpolicy.com,"http://www.foreignpolicy.com/articles/2012/03/28/israel_s_secret_staging_ground?page=0,0"
2012-04-03,09:59:12,rqfap,19,"Government snooping plans: outrageous, ineffective and expensive",pirateparty.org.uk,http://www.pirateparty.org.uk/press/releases/2012/apr/2/government-snooping-plans-outrageous-ineffective-a/
2012-04-04,02:41:35,rrgkf,19,"ICC says has no jurisdiction over territories - 
International Criminal Court prosecutor rejects PA bid to file war crimes charges against Israel over 2008 Gaza conflict. ",ynetnews.com,"http://www.ynetnews.com/articles/0,7340,L-4212024,00.html"
