2012-01-01,13:42:55,nybxx,2013,7.0 Magnitude Earthquake hits Eastern Japan,earthquake.usgs.gov,http://earthquake.usgs.gov/earthquakes/recenteqsww/Quakes/pt12001000.php
2012-01-01,01:37:00,nxnku,1200,Vancouver unveils free crack pipe program,news.nationalpost.com,http://news.nationalpost.com/2011/12/30/vancouver-health-authority-begins-its-free-crack-pipe-program-for-addicts/
2012-01-01,00:26:17,nxlba,724,Chinese man dies of bird flu,cnn.com,http://www.cnn.com/2011/12/31/world/asia/china-bird-flu/index.html
2012-01-02,01:43:06,nypfk,564,French Government Deny BitTorrent Piracy Allegations: Over 250 IP addresses belonging to the French Ministry of Culture have been linked to illegal downloads ,torrentfreak.com,https://torrentfreak.com/zut-alors-french-government-deny-bittorrent-piracy-allegations-120101/
2012-01-01,21:54:01,nyk9f,434,Arab League monitor confirms that Syrian regime using snipers against civilians,telegraph.co.uk,http://www.telegraph.co.uk/news/worldnews/middleeast/syria/8986086/Arab-League-monitor-I-saw-snipers-with-my-own-eyes.html
2012-01-01,20:55:35,nyjg1,405,Iran Says it's Produced its 1st Nuclear Fuel Rod,npr.org,http://www.npr.org/2012/01/01/144543183/iran-says-it-has-produced-its-first-nuclear-fuel-rod
2012-01-01,18:18:50,nyhfv,265,Ultra-Orthodox Jewish demonstrators caused outrage on Sunday by dressing children as Holocaust victims to protest against what they see as persecution of devout Jews seeking gender separation in Israel,nytimes.com,http://www.nytimes.com/reuters/2012/01/01/world/middleeast/international-us-israel-religion.html
2012-01-01,23:13:43,nyloo,217,"George Whitman: A bibliophile in Paris --- Obituary of Paris bookshop owner, George Whitman. Shop was more commune than commercial enterprise. Hard-pressed travellers slept among the shelves. Customers minded the till. Carpets stuck down with pancake batter | The Economist",economist.com,http://www.economist.com/blogs/prospero/2011/12/george-whitman
2012-01-01,11:13:19,ny81u,208,Member of the doomsday cult behind a deadly Tokyo subway gassing turns himself in after 17 years on the run,hosted.ap.org,http://hosted.ap.org/dynamic/stories/A/AS_JAPAN_DOOMSDAY_CULT?SITE=AP&SECTION=HOME&TEMPLATE=DEFAULT
2012-01-01,12:40:57,nyaae,167,"India has ordered 22 social networking sites -- including Facebook, Google, Yahoo, and Microsoft -- to remove all ""anti-religious"" or ""anti-social"" content in the next 45 days",hindustantimes.com,http://www.hindustantimes.com/News-Feed/socialmedia-updates/Delete-anti-religious-posts-Court-to-networking-sites/Article1-786483.aspx
2012-01-02,03:05:45,nys6j,61,An international arbitration body has awarded Exxon Mobil Corp. nearly $908-million in a dispute with Venezuela over compensation for the nationalization of its assets ,theglobeandmail.com,http://www.theglobeandmail.com/globe-investor/exxon-mobil-908-million-awarded-in-venezuela-dispute/article2288380/
2012-01-02,07:16:37,nz1s7,55,Bahrain teenager dies ‘as police crush protest’.,rawstory.com,http://www.rawstory.com/rs/2012/01/01/bahrain-teenager-dies-as-police-crush-protest/?utm_source=feedburner&utm_medium=feed&utm_campaign=Feed%3A+TheRawStory+%28The+Raw+Story%29
2012-01-02,00:24:06,nyn9s,53,Iran fires radar-beating missile during Gulf drill,reuters.com,http://www.reuters.com/article/2012/01/01/us-iran-missile-idUSTRE80007E20120101
2012-01-02,07:56:58,nz3bv,52,Squadron of 12 Spitfire aircraft being built in Oxford,bbc.co.uk,http://www.bbc.co.uk/news/uk-england-oxfordshire-16286762
2012-01-02,01:54:15,nypst,39,Russia arrests New Year’s protesters,washingtonpost.com,http://www.washingtonpost.com/world/europe/russia-arrests-new-years-protesters/2011/12/31/gIQAF2qfSP_story.html
2012-01-01,13:55:26,nyc87,35,7.0 earthquake hits eastern Japan,msnbc.msn.com,http://www.msnbc.msn.com/id/45838828/ns/world_news-asia_pacific/#.Tv_1LM1784U
2012-01-01,20:38:13,nyj8a,31,Iran unveils and successfully tests first domestically made nuclear fuel rods,reuters.com,http://www.reuters.com/article/2012/01/01/us-iran-nuclear-rods-idUSTRE80006920120101
2012-01-02,05:08:30,nywr5,33,"Was Al Qaeda really to blame for the Damascus suicide bombings? -- Syria blamed Al Qaeda for twin suicide bombings in Damascus — an unlikely story.
",globalpost.com,http://www.globalpost.com/dispatch/news/opinion/111230/syria-al-qaeda-damascus-suicide-bombing
2012-01-01,16:09:11,nyfad,31,North Korea Calls for 'Human Shields' to Protect New Leader,nytimes.com,http://www.nytimes.com/reuters/2012/01/01/world/asia/international-us-korea-north.html
2012-01-02,00:04:18,nymrm,29,"India announced on Sunday that it will open up its stock market to individual foreign investors for the first time, in a major economic reform designed to boost overseas investment.",news.yahoo.com,http://news.yahoo.com/india-opens-stock-market-foreign-investors-142206492.html
2012-01-02,04:41:45,nyvpq,28,Egypt army fast-tracks elections in response to recent protests,abc.net.au,http://www.abc.net.au/news/2012-01-02/egyptian-army-fast-tracks-election-process/3754446/?site=melbourne
2012-01-02,04:22:30,nyv0o,26,"Gaddafi supporters 'try to blow up Tripoli power grid'
",telegraph.co.uk,http://www.telegraph.co.uk/news/worldnews/africaandindianocean/libya/8987071/Gaddafi-supporters-try-to-blow-up-Tripoli-power-grid.html
2012-01-02,01:14:18,nyokq,24,Images of ultra-Orthodox Jews dressing up as Nazi concentration camp inmates during a protest drew widespread condemnation Sunday and added a new twist to a simmering battle over growing extremism inside Israel's insular ultra-Orthodox community.,hosted.ap.org,http://hosted.ap.org/dynamic/stories/M/ML_ISRAEL_GENDER_SEGREGATION?SITE=AP&SECTION=HOME&TEMPLATE=DEFAULT
2012-01-01,22:16:30,nykml,24,"Arab League calls for the immediate withdrawal of the monitoring mission in Syria, saying it was allowing Damascus to cover up continued violence",worldnews.msnbc.msn.com,http://worldnews.msnbc.msn.com/_news/2012/01/01/9869606-arab-parliament-monitors-must-quit-syria
2012-01-01,13:37:57,nybtn,22,Clashes as tensions rise in southeast Turkey:  Angry crowds attack local government official a day after 35 Kurdish civilians killed in botched raid are laid to rest.,aljazeera.com,http://www.aljazeera.com/news/europe/2011/12/2011123012501258217.html
2012-01-02,00:10:52,nymx5,17,Stress on the High Seas - The construction of offshore wind parks in the North Sea has hit a snag with a vital link to the onshore power grid hopelessly behind schedule. The delays have some reconsidering the ability of wind power to propel Germany into the post-nuclear era.,spiegel.de,"http://www.spiegel.de/international/business/0,1518,805505,00.html"
2012-01-02,02:17:42,nyqkt,17,"The tortured child bride: Horrific ordeal of Afghan girl, 15, rescued from toilet prison after husband's family mutilated her for refusing to work as a prostitute",dailymail.co.uk,http://www.dailymail.co.uk/news/article-2080716/Afghan-child-bride-Sahar-Gul-15-mutilated-refusing-prostitution-rescued-toilet-prison.html
2012-01-02,05:56:37,nyyog,17,Palestinian and Israeli negotiators will meet in Jordan on Tuesday in an effort to revive moribund peace talks,nytimes.com,http://www.nytimes.com/2012/01/02/world/middleeast/palestinians-and-israelis-will-talk-this-week.html
2012-01-02,02:31:36,nyr1i,17,"Argentine governor dies of shots to head, wife questioned",chicagotribune.com,"http://www.chicagotribune.com/news/nationworld/sns-ap-lt-argentina-governor-dies,0,4212103.story"
2012-01-01,23:26:57,nyly6,18,Fury over Ultra-Orthodox Jews who dressed children as Holocaust victims for demonstration ,dailymail.co.uk,http://www.dailymail.co.uk/news/article-2080957/Fury-Ultra-Orthodox-Jews-dressed-children-Holocaust-victims-demonstration.html
