2012-10-13,03:13:00,11dkj6,717,Mysterious elk-shaped structure discovered in Russia. Huge geoglyph may predate Peru's famous Nazca Lines by thousands of years.,msnbc.msn.com,http://www.msnbc.msn.com/id/49389775/ns/technology_and_science-science/#.UHhdjo4RvP0
2012-10-13,06:11:35,11dvih,643,"Egypt's liberals and Islamists clash on Tahrir Square, 110 reported injured
| Reuters",reuters.com,http://www.reuters.com/article/2012/10/12/us-egypt-protest-idUSBRE89B0YC20121012
2012-10-13,11:32:38,11ecfj,581,"Canada’s $1.5B Afghanistan aid effort ‘divorced from reality,’ according to damning, previously unreleased documents -- 'All the projects have failed. None of them have been successful,' said Nipa Banerjee, who headed CIDA’s Afghanistan operation from 2003 to 2006 ",news.nationalpost.com,http://news.nationalpost.com/2012/10/12/canadas-1-5b-afghanistan-aid-effort-divorced-from-reality-according-to-damning-previously-unreleased-documents/
2012-10-13,18:51:58,11eqwy,460,"Iran says it would halt high-grade uranium enrichment if given fuel for a research reactor
| Reuters",uk.reuters.com,http://uk.reuters.com/article/2012/10/13/iran-nuclear-idUKL5E8LD0M020121013
2012-10-13,03:16:09,11dkqi,408,"No blasphemy clause in new Tunisia constitution: Islamist-proposed blasphemy clause will not be included in the new Tunisian constitution, National Constituent Assembly speaker Mustapha Ben Jaafar reveals ",english.ahram.org.eg,http://english.ahram.org.eg/NewsContent/2/8/55412/World/Region/No-blasphemy-clause-in-new-Tunisia-constitution-sp.aspx
2012-10-13,04:28:28,11dp3f,253,"A shadowy jihadi group believed to be linked to al Qaeda fought alongside rebels who seized a government missile defense base in Syria on Friday, activists said, heightening fears that extremists are taking advantage of the chaos to acquire advanced weapons.",washingtontimes.com,http://www.washingtontimes.com/news/2012/oct/12/syria-activists-say-jihadis-seize-missile-base/
2012-10-13,01:02:06,11dcjs,230,Russia says the Syria-bound plane intercepted by Turkey was carrying a legal cargo of radar parts - not weapons for the Syrian war effort. ,bbc.co.uk,http://www.bbc.co.uk/news/world-europe-19928139
2012-10-13,01:53:18,11dfo2,149,"Greece's biggest company is leaving the country, drinks bottler Coca Cola Hellenic (CCH) said on Thursday in announcing it will move to Switzerland and list its shares in London, dealing a blow to the debt-crippled Greek economy.",cnbc.com,http://www.cnbc.com/id/49371256
2012-10-13,21:00:01,11ethf,146,Tibetan Man Sets Himself on Fire to Protest China - An overseas human rights group says the grandfather of a revered Tibetan Buddhist figure has died after setting himself on fire in protest of Chinese rule. It is the latest of dozens of self-immolations by Tibetans since 2009,abcnews.go.com,http://abcnews.go.com/International/wireStory/tibetan-man-sets-fire-protest-china-17469955
2012-10-13,13:31:22,11ehvk,135,"Iran not to invade any country, but to encounter aggression: Iranian supreme leader Ayatollah Ali Khamenei said Friday that based on Islamic principles, Iran has no aggressive intents but will never back down in face of any aggression",news.xinhuanet.com,http://news.xinhuanet.com/english/world/2012-10/13/c_123817480.htm
2012-10-14,00:14:42,11ezn0,130,"One Child, One Laptop ... And Mixed Results In Peru  ",npr.org,http://www.npr.org/2012/10/13/162719126/one-child-one-laptop-and-mixed-results-in-peru
2012-10-13,00:50:04,11dbty,119,"Nina was brutalised by her rapists, and then French justice assaulted her again",newstatesman.com,http://www.newstatesman.com/blogs/world-affairs/2012/10/nina-was-brutalised-her-rapists-and-then-french-justice-assaulted-her-ag
2012-10-13,06:35:46,11dwx9,114,16 year old boy in Mexico shot by US border agent.,azstarnet.com,http://azstarnet.com/news/local/border/article_81b9a155-6df4-53fa-a6c3-dd76ca4fb26c.html#.UHh_pcN-KR0.twitter
2012-10-13,21:22:04,11eu0g,104,"Turkey condemns U.N. inertia as Syrian conflict deepens - Turkish Prime Minister Tayyip Erdogan rebuked the U.N. Security Council for inaction over Syria on Saturday as war intensified across the country, saying the world body of superpowers was repeating mistakes that led to massacres in Bosnia",reuters.com,http://www.reuters.com/article/2012/10/13/us-syria-crisis-idUSBRE88J0X720121013
2012-10-13,23:20:11,11exej,102,"BBC News - Cuban missile crisis: The other, secret one",bbc.co.uk,http://www.bbc.co.uk/news/magazine-19930260
2012-10-13,20:06:22,11esbw,75,"Marseille police: crime, corruption and cover-up at the highest level ",telegraph.co.uk,http://www.telegraph.co.uk/news/worldnews/europe/france/9605614/Marseille-police-crime-corruption-and-cover-up-at-the-highest-level.html
2012-10-13,12:28:22,11ef3m,72,Botswana court allows women to inherit:  In a landmark ruling Botswana's High Court has overturned a customary law which prevents women from inheriting the family home.,abc.net.au,http://www.abc.net.au/news/2012-10-13/botswana-court-allows-women-to-inherit/4311296
2012-10-13,13:20:50,11ehfw,54,"A Point Of View: Making sense of China. For more than 2,000 years, it was not a nation-state but a civilisation-state",bbc.co.uk,http://www.bbc.co.uk/news/magazine-19929620
2012-10-13,22:32:55,11evvn,49,Tepco admits Fukushima nuclear disaster avoidable,news.nationalpost.com,http://news.nationalpost.com/2012/10/12/japans-fukushima-operator-admits-nuclear-disaster-avoidable/
2012-10-13,12:50:24,11eg4l,33,India's sex slaves face lifelong cycle of abuse,thecnnfreedomproject.blogs.cnn.com,http://thecnnfreedomproject.blogs.cnn.com/2012/10/10/indias-sex-slaves-face-lifelong-cycle-of-abuse/
2012-10-13,03:39:16,11dm2t,33,87 soldiers die in Syrian army's highest toll: NGO,rnw.nl,http://www.rnw.nl/english/bulletin/87-soldiers-die-syrian-armys-highest-toll-ngo
2012-10-13,11:35:43,11ecl4,30,United Nations starts crusade to stop little girls from becoming brides:  Anglican Archbishop Desmond Tutu said Thursday that he is as committed to abolishing child marriage worldwide as he was to fighting apartheid in South Africa. ,freep.com,http://www.freep.com/article/20121012/NEWS07/310120103/United-Nations-starts-crusade-to-stop-little-girls-from-becoming-brides
2012-10-13,21:57:56,11euww,21,"China, Japan Signal Support for Europe Rescue Fund as IMF Meets",bloomberg.com,http://www.bloomberg.com/news/2012-10-13/china-japan-signal-support-for-europe-rescue-fund-as-imf-meets.html
2012-10-13,21:58:27,11euxj,20,What You Can Do to Help Girls Like Malala Yousafzai ,thedailybeast.com,http://www.thedailybeast.com/articles/2012/10/12/what-you-can-do-to-help-girls-like-malala-yousafzai.html?utm_source=feedburner&utm_medium=feed&utm_campaign=Feed:%20thedailybeast/articles%20(The%20Daily%20Beast%20-%20Latest%20Articles)
2012-10-13,01:58:42,11dg04,18,Indian girl seeks justice after gang rape - CNN.com,edition.cnn.com,http://edition.cnn.com/2012/10/12/world/asia/india-girl-gang-rape/index.html?hpt=hp_c1
2012-10-13,07:13:23,11dz2b,18,Wealth gap widening between rich and poor in North Korea,businessinsider.com,http://www.businessinsider.com/north-korea-photos-provide-a-glimpse-into-a-changing-world-2012-7?op=1
2012-10-13,11:13:15,11ebgi,17,"Scientist warns of Fuji eruption chaos
",abc.net.au,http://www.abc.net.au/news/2012-10-13/fears-mount-fuji-ready-to-erupt/4311404
2012-10-13,19:05:59,11er6k,15,Pakistan Market Bomb 'Kills 14',bbc.com,http://www.bbc.com/news/world-asia-19935104
2012-10-14,00:23:50,11f01f,16,"""In short, our fear of a North Korean bomb has become something close to a self-fulfilling prophecy. """,thediplomat.com,http://thediplomat.com/author-spotlight/2012/08/29/meet-the-diplomat-writers-27/
2012-10-13,21:40:02,11eufn,16,"For Erdogan quarrel with Assad is one thing, Putin another

",dailystar.com.lb,http://www.dailystar.com.lb/News/Middle-East/2012/Oct-12/191186-for-erdogan-quarrel-with-assad-is-one-thing-putin-another.ashx#ixzz29BMTcoSQ
