2012-12-12,19:21:18,14pymy,2798,"Julian Assange to form Wikileaks Party, run for Australian Senate",theage.com.au,http://www.theage.com.au/opinion/political-news/assange-looks-to-contest-senate-election-20121212-2ba43.html
2012-12-12,22:12:42,14q4dd,2674,"Amsterdam police will turn a blind eye to foreigners buying cannabis in its famous ""coffee shops"" when a national ban comes into force next year, the city's mayor said on Wednesday.",reuters.com,http://www.reuters.com/article/2012/12/12/us-amsterdam-coffeeshops-idUSBRE8BB0UZ20121212?feedType=RSS&feedName=lifestyleMolt
2012-12-12,09:02:53,14p4gb,2466,North Korea launches rocket,reuters.com,http://www.reuters.com/article/2012/12/12/korea-north-rocket-idUSL4N09L1B920121212
2012-12-12,13:59:19,14pntq,1699,Giant Squid finally captured on video. Footage to be shown on Discovery Channel in January next year.,dsc.discovery.com,http://dsc.discovery.com/show-news/giant-squid-captured-on-video-for-first-time.html#mkcpgn=fbdsc17
2012-12-12,12:27:15,14pie1,1494,"Ravi Shankar, 92, greatest sitar player of the 20th century, has died",thestar.com,http://www.thestar.com/news/world/article/1301008--india-s-sitar-maestro-ravi-shankar-dies
2012-12-12,09:19:07,14p5ld,1023,"Geysina, a 14 year old Afghani girl is beheaded for not accepting a marriage proposal - Yahoo! News",news.yahoo.com,http://news.yahoo.com/afghanistan-girls-killing-stands-police-response-175400210.html
2012-12-12,07:38:38,14oysh,1013,"Obama: the US now recognizes Syrian opposition coalition as ""legitimate representative"" of the Syrian people",nytimes.com,http://www.nytimes.com/2012/12/12/us/obama-says-us-will-recognize-syrian-rebels.html
2012-12-12,20:37:37,14q0xl,553,Spain arrests woman with cocaine filled breast implants.,bigstory.ap.org,http://bigstory.ap.org/article/spain-arrests-woman-cocaine-breast-implants
2012-12-12,17:26:45,14pvl7,442,Google Just Spent $5 Million on Drones to Spy on Rhino Poachers ,motherboard.vice.com,http://motherboard.vice.com/blog/google-bought-drones-to-track-wildlife
2012-12-12,03:09:46,14ofsq,363,"The controversy over Psy's anti-American song lyrics is based on a single, anonymous translation. Several new translations suggest he didn't call for American deaths.",washingtonpost.com,http://www.washingtonpost.com/blogs/worldviews/wp/2012/12/11/controversy-over-psys-anti-american-lyrics-might-be-based-on-shoddy-translation/
2012-12-12,18:19:03,14px1k,233,Israel vows to withhold $400M in tax revenues from Palestinians over statehood drive,worldnews.nbcnews.com,http://worldnews.nbcnews.com/_news/2012/12/12/15858391-israel-vows-to-withhold-400m-in-tax-revenues-from-palestinians-over-statehood-drive?lite&ocid=msnhp&pos=3
2012-12-12,10:02:45,14p8kd,181,Human trafficking ring in Argentina: all suspects cleared of all charges,buenosairesherald.com,http://www.buenosairesherald.com/article/119122/marita-verón-case-all-suspects-cleared-of-all-charges
2012-12-12,21:35:41,14q2w5,154,Julian Assange confirms bid for Australian Senate,news.com.au,http://www.news.com.au/national/julian-assange-confirms-bid-for-australian-senate/story-fncynjr2-1226535741180
2012-12-12,13:14:30,14plc6,146,A Canadian Company has claimed to have perfected invisibility!,timesofindia.indiatimes.com,http://timesofindia.indiatimes.com/home/science/Soldiers-get-perfect-cover-Invisibility-cloak/articleshow/17580184.cms
2012-12-12,20:56:04,14q1it,135,"In northern Mali, Islamists’ attacks against civilians grow more brutal - Refugees describe rapes, forced marriages, amputations and other abuses in the region.",washingtonpost.com,http://www.washingtonpost.com/world/in-northern-mali-islamists-attacks-against-civilians-grow-more-brutal/2012/12/11/5b74a734-3e46-11e2-8a5c-473797be602c_story.html?hpid=z3
2012-12-12,22:12:14,14q4cl,122,Electronic Voting: 19 year old hacks the Brazilian elections,translate.google.com,http://translate.google.com/translate?hl=pt-BR&sl=pt&tl=en&prev=_dd&u=http%3A%2F%2Fwww.viomundo.com.br%2Fdenuncias%2Fvoto-eletronico-hacker-de-19-anos-revela-no-rio-como-fraudou-eleicao.html
2012-12-12,12:33:20,14pirz,121,Uruguay has approved a gay marriage law.,abcnews.go.com,http://abcnews.go.com/International/wireStory/uruguays-lower-house-approves-gay-marriage-law-17935982#.UMgImIPAfLc
2012-12-12,04:48:29,14omft,51,"Prominent Russian political analyst publishes 
book explaining the social customs of Americans to his somewhat baffled countrymen",nytimes.com,http://www.nytimes.com/2012/12/11/world/europe/book-gives-russians-close-up-of-american-minutiae.html?pagewanted=all
2012-12-12,12:54:32,14pk4k,48,NORAD: North Korea Launches 'Object' Into Orbit [Updated],wired.com,http://www.wired.com/dangerroom/2012/12/nork-problems/
2012-12-12,14:50:37,14pqb4,44,Syrian rebels defy US and pledge allegiance to jihadi group,telegraph.co.uk,http://www.telegraph.co.uk/news/worldnews/middleeast/syria/9735988/Syrian-rebels-defy-US-and-pledge-allegiance-to-jihadi-group.html
2012-12-12,12:55:01,14pk5e,40,"Ravi Shankar, sitar legend, has died",bbc.co.uk,http://www.bbc.co.uk/news/world-asia-india-20690632
2012-12-12,22:11:25,14q4ba,34,"Explosives connected to Islamic Extremists left at the Central Train Station in Bonn, Germany",spiegel.de,http://www.spiegel.de/international/germany/bag-containing-explosive-material-shuts-down-bonn-train-station-a-872176.html
2012-12-12,07:56:20,14ozyy,32,Obama Says U.S. Will Recognize Syrian Rebels,nytimes.com,http://www.nytimes.com/2012/12/12/us/obama-says-us-will-recognize-syrian-rebels.html?smid=re-share
2012-12-12,23:13:32,14q76h,31,BBC News - Afghan judge Zahorudin recorded on tape 'seeking bribe',bbc.co.uk,http://www.bbc.co.uk/news/world-asia-20150996
2012-12-12,07:21:16,14oxnc,29,How a hotel maid changed France: Nafissatou Diallo helped deny DSK the presidency of France - and changed the country’s history,thedailybeast.com,http://www.thedailybeast.com/articles/2012/12/11/dominique-strauss-kahn-settles-with-maid-how-the-case-changed-france.html
2012-12-12,04:28:34,14ol12,29,"Extremists among Syrian rebel forces who captured army base in north, kill 35 soldiers - The Washington Post",washingtonpost.com,http://www.washingtonpost.com/world/middle_east/activists-syrian-rebels-gain-full-control-of-captured-army-base-in-north-kill-35-soldiers/2012/12/11/7438ccca-4376-11e2-8c8f-fbebf7ccab4e_story.html
2012-12-12,06:13:03,14osn1,33,Mali's Prime Minister (a former astrophysicist) forced to resign by the military,washingtonpost.com,http://www.washingtonpost.com/world/africa/malis-prime-minister-arrested-by-junta/2012/12/10/132ad19a-4343-11e2-8c8f-fbebf7ccab4e_story.html
2012-12-12,04:41:50,14olzk,26,"Synthetic 'crack' - complete with glass pipe - being sold as legal high in Auckland, New Zealand",theaucklander.co.nz,http://www.theaucklander.co.nz/news/legal-high-firm-pushes-crack-aucklands-dairies/1655777/
2012-12-12,20:12:53,14q043,25,"Tweeting submarine spy to be sentenced - The Irish Times - Wed, Dec 12, 2012",irishtimes.com,http://www.irishtimes.com/newspaper/breaking/2012/1212/breaking13.html
2012-12-12,08:27:46,14p212,26,'Jedi' religion is England and Wales seventh most popular faith according to the Census. ,telegraph.co.uk,http://www.telegraph.co.uk/news/religion/9737886/Jedi-religion-most-popular-alternative-faith.html
