2012-01-12,11:49:14,odf53,2322,Loggers in Brazil captured an eight-year-old girl from one of the Amazon's last uncontacted tribes and burned her alive as part of a campaign to force the indigenous population from its land.,telegraph.co.uk,http://www.telegraph.co.uk/news/worldnews/southamerica/brazil/9005835/Loggers-burned-Amazon-tribe-girl-alive.html
2012-01-12,00:16:41,och1x,1558,"300 Chinese Foxconn Workers 'Threaten Mass Suicide' At XBox Plant, Reports Claim",huffingtonpost.co.uk,http://www.huffingtonpost.co.uk/2012/01/10/300-chinese-foxconn-workers-threaten-mass-suicide_n_1196345.html?ref=fb&src=sp&comm_ref=false#sb=2135938
2012-01-12,01:45:01,ocl5x,1108,Tens of Thousands living in 6x2ft rabbit cages in Hong Kong... Landlords charging $200 a month per cage,dailymail.co.uk,http://www.dailymail.co.uk/news/article-2084971/Hong-Kongs-cage-homes-Tens-thousands-living-6ft-2ft-rabbit-hutches.html
2012-01-12,01:20:49,ocjym,1105,"Mexico’s drug war kills more than 47,000 in 5 years",thestar.com,http://www.thestar.com/news/article/1113909--mexico-s-drug-war-kills-more-than-47-000-in-5-years?bn=1
2012-01-12,17:26:54,odqm1,445,Britain to grant Scotland binding independence vote ... Britain’s government confirmed Tuesday it would happily offer Scotland the powers it needs to sever centuries-old ties to England,theglobeandmail.com,http://www.theglobeandmail.com/news/world/europe/britain-to-grant-scotland-binding-independence-vote/article2298318/
2012-01-12,01:10:33,ocji5,437,The mafia is now Italy’s largest ‘bank',washingtonpost.com,http://www.washingtonpost.com/blogs/ezra-klein/post/the-mafia-is-now-italys-largest-bank/2012/01/11/gIQARWooqP_blog.html
2012-01-12,09:34:50,od8ks,395,Children 'dumped in streets by Greek parents who can't afford to look after them any more'.   4-year-old found clutching note: 'I can't afford her'.  Country also running out of medicine.  What is fast becoming the most tragic human consequence of the Euro crisis.,dailymail.co.uk,http://www.dailymail.co.uk/news/article-2085163/Children-dumped-streets-Greek-parents-afford-them.html
2012-01-12,23:39:48,odzkt,281,"Foxconn Claims it's Resolved its Worker Issues After Employees Threaten Suicide - The iPhones & Xboxes maker disputes the number of their employees who apparently hate their lives so much they threatened to kill themselves, saying it was 150  & not 300, as  reported by China",theatlanticwire.com,http://www.theatlanticwire.com/technology/2012/01/foxconn-claims-it-resolved-its-worker-issues/47311/
2012-01-12,10:25:27,odb33,265,North Korea Sending Citizens To Labor Camp For Insufficiently Mourning Kim Jong Il ,camelbackland.com,http://camelbackland.com/2012/01/north-korea-sending-citizens-to-labor-camp-for-insufficiently-mourning-kim-jong-il/
2012-01-12,00:41:17,oci77,248,Dutch ISPs Ordered To Block The Pirate Bay,torrentfreak.com,https://torrentfreak.com/dutch-isps-ordered-to-block-the-pirate-bay-120111/
2012-01-12,22:04:34,odwb7,216,"Kim Jong Il's body to go on permanent display in Pyongyang
",globalpost.com,http://www.globalpost.com/dispatch/news/regions/asia-pacific/120112/kim-jong-il-body-permanent-display-pyongyang
2012-01-12,23:37:13,odzhe,154,he Harper government has served notice that thousands of same-sex couples who flocked to Canada from abroad since 2004 to get married are not legally wed.,theglobeandmail.com,http://www.theglobeandmail.com/news/politics/despite-legal-about-face-harper-has-no-intention-of-reopening-same-sex-marriage/article2299574/singlepage/#articlecontent
2012-01-12,02:46:03,oco61,150,Russian ship stopped carrying arms bound for Syria,npr.org,http://www.npr.org/2012/01/11/145043115/russian-ship-stopped-with-arms-bound-for-syria
2012-01-12,20:39:53,oduam,141,"EMI sues Irish state for not fulfilling its obligations under European law which would otherwise allow for the “blocking, diverting or interrupting of internet communications” which breach copyright law",torrentfreak.com,https://torrentfreak.com/emi-sues-irish-state-for-not-implementing-piracy-blocking-provisions-120112/
2012-01-12,22:25:30,odwyl,139,Heart attack: Mexican medics drop heart for transplant in front of press,guardian.co.uk,http://www.guardian.co.uk/world/2012/jan/12/heart-transport-mexico-medics
2012-01-12,01:15:01,ocjp1,140,Haiti: 2 Years After the Quake [pics],theatlantic.com,http://www.theatlantic.com/infocus/2012/01/haiti-2-years-after-the-quake/100222/
2012-01-12,04:04:10,ocs3o,135,Canadian military containers from Afghanistan arrive missing equipment and full of rocks and sand,ottawacitizen.com,http://www.ottawacitizen.com/news/canada-in-afghanistan/Military+containers+from+Afghanistan+arrive+missing+equipment+full/5975169/story.html
2012-01-12,15:35:16,odnzz,130,Brazil says no evidence loggers burned indigenous girl.,terradaily.com,http://www.terradaily.com/reports/Brazil_says_no_evidence_loggers_burned_indigenous_girl_999.html
2012-01-13,00:13:01,oe0y9,115,"Afghanistan’s President Karzai condemns video showing desecration of bodies: ""This act by American soldiers is simply inhuman and condemnable in the strongest possible terms.”",latimesblogs.latimes.com,http://latimesblogs.latimes.com/world_now/2012/01/afghanistan-karzai-video-bodies-urination-soldiers.html
2012-01-12,03:15:13,ocplz,117,Iran's currency in freefall --- Iran's currency has slid 20 percent against the dollar in the last week despite central bank intervention,reuters.com,http://www.reuters.com/article/2012/01/10/iran-currency-idUSL6E8CA2MQ20120110
2012-01-12,17:43:00,odqy4,91,Iran Says Scientist’s Murder Reveals Global Terror Campaign,businessweek.com,http://www.businessweek.com/news/2012-01-12/iran-says-scientist-s-murder-reveals-global-terror-campaign.html
2012-01-13,01:49:01,oe5fq,67,UK's Duchess of York charged in Turkey with illegally filming orphans for a 2008 TV documentary,bbc.co.uk,http://www.bbc.co.uk/news/uk-16531752#TWEET61095
2012-01-13,06:52:08,oeksg,56,Opium price rises by 133% in Afghanistan ,bbc.co.uk,http://www.bbc.co.uk/news/world-asia-16534611
2012-01-12,08:51:01,od6gh,58,"Holland bans khat leaves: Chewing of khat can make you happy, but it can also lead to psychosis.
",globalpost.com,http://www.globalpost.com/dispatches/globalpost-blogs/africa-emerges/drug-news-khat-Holland-ban
2012-01-13,01:44:30,oe57z,57,"Why Are England and Scotland Splitting? - 
To understand the secession, look at the problems in the EU",theatlantic.com,http://www.theatlantic.com/international/archive/2012/01/why-are-england-and-scotland-weighing-a-break-up/251272/
2012-01-13,06:49:07,oekmf,46,Saudi Arabia and its Arab neighbors have said they will fill any gap in energy supplies for countries that yield to pressure from Washington to curtail purchases of Iranian crude,nytimes.com,http://www.nytimes.com/2012/01/13/world/asia/asia-buyers-of-iran-crude-get-assurances-of-alternate-supply.html
2012-01-12,22:05:30,odwc3,33,"2 bodies left at Mexico mall; drug toll at 47,500",elpasotimes.com,http://www.elpasotimes.com/newupdated/ci_19719387
2012-01-13,00:06:37,oe0nz,33,Myanmar signs ceasefire with ethnic Karen to end 62-year ethnic conflict ... to end one of the world's longest-running insurgencies,news.yahoo.com,http://news.yahoo.com/myanmar-holds-peace-talks-knu-end-62-conflict-075511690.html
2012-01-12,19:28:50,odsvp,27,"The War on Drugs: Three of every four murders in Mexico now drug-related, figures reluctantly released by Mexico's attorney general show.",globalpost.com,http://www.globalpost.com/dispatch/news/regions/americas/120111/mexicos-drug-war-claims-nearly-50000-lives
2012-01-13,04:59:14,oeeyg,28,North Koreans who didn't cry convincingly enough get 6 months hard labor,nypost.com,http://www.nypost.com/p/news/international/north_korea_reportedly_punishing_rhHyKb5jpyMVVsk1EVI2sO
