2012-04-15,15:23:15,saivm,2203,Columbia calls on US and Canada to decriminalize drugs,cbc.ca,http://www.cbc.ca/news/world/story/2012/04/14/harper-summit-americas.html
2012-04-15,00:16:07,s9j8u,1577,Israel is forcing airlines to cancel flights of +1000 peace activitists trying to visit the Palestinian West Bank.,mondoweiss.net,http://mondoweiss.net/2012/04/we-have-cancelled-your-booking-the-criminalization-of-travel-to-the-west-bank-is-laid-bare-to-the-world.html
2012-04-15,12:47:22,saee8,640,"Kuwaiti lawmakers voted in favour of a legal amendment that would make insulting God and the Prophet Mohammed punishable by death, following a furore over a Shiite man who allegedly posted defamatory material on Twitter",france24.com,http://www.france24.com/en/20120412-kuwait-blasphemy-mohammad-prophet-god-islam-twitter-death-penalty
2012-04-15,10:39:52,sa9ax,588,Three people in Brazil arrested for killing women and using their flesh to make empanadas,chron.com,http://www.chron.com/news/article/Brazil-police-arrest-3-for-murder-and-cannibalism-3482332.php
2012-04-16,00:15:04,sau9u,333,"MPAA-Affiliated Anti-Piracy Group Mysteriously Disappears: ""INFACT – the MPAA’s eyes and ears in Ireland – has simply disappeared. There has been no announcement as to its fate and its website, INFACT.ie, has completely gone.""",torrentfreak.com,https://torrentfreak.com/mpaa-affiliated-anti-piracy-group-mysteriously-disappears-120414/
2012-04-15,23:59:14,satqp,241,"Argentinian Farmers take on Monsanto and Philip 
Morris over epidemic of birth defects",occupymonsanto360.org,"http://www.occupymonsanto360.org/Occupy,Monsanto,GMO,Genetic,Engineering,Modified,Organism,Food,Sustainable,Local,Locavore,Organic,RoundUp/monsanto/"
2012-04-15,08:40:03,sa4kc,228,Pakistan's parliament votes unanimously to demand an end to US drone strikes,huffingtonpost.com,http://www.huffingtonpost.com/2012/04/13/pakistan-demands-end-cia-drone-strikes_n_1423043.html
2012-04-14,23:34:20,s9huq,196,"Leaders rethink the war on drugs at Summit of the Americas - Latin American leaders are pushing to make a Cartagena summit a moment that sparks the world to redefine its approach to drugs. Stephen Harper, and U.S. President Barack Obama, have vowed to stand in the way.",theglobeandmail.com,http://www.theglobeandmail.com/news/politics/leaders-rethink-the-war-on-drugs-at-summit-of-the-americas/article2402426/
2012-04-15,07:36:25,sa1tt,155,The United Nations Security Council has unanimously voted to authorise the deployment of unarmed observers to Syria to monitor the country's ceasefire.,abc.net.au,http://www.abc.net.au/news/2012-04-15/un-votes-to-send-observers-to-monitor-syrian-ceasefire/3950748
2012-04-15,14:26:25,sahh9,117,North Korea's leader Kim Jong-un speaks publicly for the first time,bbc.co.uk,http://www.bbc.co.uk/news/world-asia-17718011
2012-04-15,19:05:58,sanc7,107,"Multiple blasts and gunfire have been heard in the 
centre of Kabul.",bbc.co.uk,http://www.bbc.co.uk/news/world-asia-17719956
2012-04-16,01:17:08,sawnp,73,"School revolution on the way? -- India's Supreme Court upholds law forcing private schools to admit poor students. The move is lauded by some as an equalizer on par with the decision to desegregate American schools in the 1960s.
",globalpost.com,http://www.globalpost.com/dispatch/news/regions/asia-pacific/india/120413/school-education-supreme-court-poor-students
2012-04-15,15:12:04,sailj,53,400 inmates escape from prison in Pakistan,tribune.com.pk,http://tribune.com.pk/story/365064/prison-break-militants-attack-bannu-jail-over-900-inmates-freed/
2012-04-15,04:04:36,s9sln,55,Far-right anti-Muslim network on rise globally as Breivik trial opens.,guardian.co.uk,http://www.guardian.co.uk/world/2012/apr/14/breivik-trial-norway-mass-murderer
2012-04-16,01:11:01,sawe3,46,Taliban launch assaults across Afghanistan:  Suicide bombers have struck in Kabul and other sites across Afghanistan. The attacks show that militants still remain a potent force capable of hitting at the heart of the capital. ,dw.de,"http://www.dw.de/dw/article/0,,15884528,00.html"
2012-04-15,01:07:37,s9l8h,35,A Russian City Always on the Watch Against Being Sucked Into the Earth,nytimes.com,https://www.nytimes.com/2012/04/11/world/europe/russian-city-on-watch-against-being-sucked-into-the-earth.html?_r=1
2012-04-15,11:55:44,sacao,33,Japan Seeks Nuclear Restart Amidst Opposition,commondreams.org,https://www.commondreams.org/headline/2012/04/14-1
2012-04-15,04:43:22,s9ubm,38,"Egyptian election officials have barred 10 candidates from the presidential poll, including former spy chief Omar Suleiman and the Muslim Brotherhood's Khairat al-Shater.",bbc.co.uk,http://www.bbc.co.uk/news/world-middle-east-17717268
2012-04-16,02:22:37,sazlr,28,"In Nigeria, a Preview of an Overcrowded Planet - NYTimes.com",nytimes.com,http://www.nytimes.com/2012/04/15/world/africa/in-nigeria-a-preview-of-an-overcrowded-planet.html?_r=1&hp&gwh=09815E501DA7A77F9FE6625A0694D3EC
2012-04-15,21:16:16,saph5,30,Series of attacks shake Kabul ,aljazeera.com,http://www.aljazeera.com/news/asia/2012/04/201241593838792459.html
2012-04-15,11:43:37,sabua,28,"Iran nuclear talks seen as 'constructive and useful' - Iran and six world powers held ""constructive and useful"" talks Saturday in Turkey as international diplomats seek to persuade Tehran to rein in its nuclear program.",security.blogs.cnn.com,http://security.blogs.cnn.com/2012/04/14/iran-nuclear-talks-seen-as-constructive-and-useful/
2012-04-15,21:32:58,sapt8,31,Kabul - Embassies targeted in Taliban 'spring offensive' ,guardian.co.uk,http://www.guardian.co.uk/world/blog/2012/apr/15/kabul-attacks-live-updates
2012-04-15,04:42:16,s9u9n,29,Vicar goes to the hospital with a potato in his anus,telegraph.co.uk,http://www.telegraph.co.uk/news/newstopics/howaboutthat/3330057/Vicar-went-to-hospital-with-potato-stuck-in-bottom.html
2012-04-15,21:03:01,sap7w,21,"Italy goes big to save Venice as it sinks into the sea
A multibillion-dollar flood-prevention system will be put in place starting next year, a decade after the project began.",csmonitor.com,http://www.csmonitor.com/World/Global-News/2012/0413/Italy-goes-big-to-save-Venice-as-it-sinks-into-the-sea
2012-04-16,02:25:35,sazr4,16,"British businessman, Neil Heywood, was 'poisoned by cyanide drops' in China",telegraph.co.uk,http://www.telegraph.co.uk/news/worldnews/asia/china/9205250/Neil-Heywood-poisoned-by-cyanide-drops-in-China.html
2012-04-16,05:39:13,sb910,13,A 17-year-old high school student has been detained on suspicion of trying to blackmail billionaire Suleiman Kerimov and a St. Petersburg city official into paying him a combined $11 million,themoscowtimes.com,http://www.themoscowtimes.com/news/article/teen-tried-to-blackmail-billionaire-for-10m/456568.html
2012-04-15,05:28:46,s9wbk,10,"UK Defends China Death Response - The Foreign Office defends itself over its response to the suspected murder of a British businessman in China.Mr Heywood, who had lived in China with his Chinese wife & children. When he was found dead in a hotel room, the British asked for further investigation.",bbc.co.uk,http://www.bbc.co.uk/news/uk-17713590
2012-04-15,19:20:01,sanjr,13,Afghanistan: gunfire and blasts rock Kabul's diplomatic area - Telegraph,telegraph.co.uk,http://www.telegraph.co.uk/news/worldnews/asia/afghanistan/9205291/Afghanistan-gunfire-and-blasts-rock-Kabuls-diplomatic-area.html
2012-04-15,15:15:21,saio8,10,Sudan fighting escalates over Heglig oilfield:  South Sudan says it retains control of key town in the oil-producing border region despite ongoing attacks from Sudan.,aljazeera.com,http://www.aljazeera.com/news/africa/2012/04/2012414152014367237.html
2012-04-15,14:37:43,sahrx,12,Spitfires buried in Burma during war to be returned to UK,telegraph.co.uk,http://www.telegraph.co.uk/news/uknews/defence/9203822/Spitfires-buried-in-Burma-during-war-to-be-returned-to-UK.html
