2012-05-19,18:32:00,tujgx,2318,"800-year-old tree at Vancouver Island park falls to 
illegal loggers ",worldnews.msnbc.msn.com,http://worldnews.msnbc.msn.com/_news/2012/05/18/11756204-800-year-old-tree-at-vancouver-island-park-falls-to-illegal-loggers?lite
2012-05-19,06:05:43,tttli,1741,"""In Athens, the homeless are on the streets in growing numbers, soup kitchens feed twice as many people as a year ago, and the poor are diving into garbage bins in search of scrap they can sell. Greece is close to breaking point as it struggles with austerity targets set by creditors""",reuters.com,http://www.reuters.com/article/2012/05/18/us-greece-grexit-idUSBRE84H0HW20120518
2012-05-19,15:13:48,tuf84,1206,Assange stands 'real chance' of election in Australia,france24.com,http://www.france24.com/en/20120519-assange-stands-real-chance-election-australia
2012-05-19,05:22:53,ttrie,1036,Quebec’s anti-protest legislation tramples basic rights,theglobeandmail.com,http://www.theglobeandmail.com/news/politics/quebecs-anti-protest-legislation-tramples-basic-rights-legal-experts/article2436933/
2012-05-19,21:38:16,tun3o,949,"Netherlands - first country in Europe with net neutrality: ""In addition, it adopted provisions protecting users against disconnection and wiretapping by providers.""",edri.org,http://edri.org/edrigram/number10.9/net-neutrality-law-netherlands
2012-05-19,00:36:16,ttdoc,631,Police detain 400 anti-capitalist protesters in Frankfurt on Friday for defying a ban on demonstrations against austerity policies,reuters.com,http://www.reuters.com/article/2012/05/18/us-germany-blockupy-idUSBRE84H0NQ20120518
2012-05-19,20:23:15,tulhu,506,"Saudi Arabia bans use of English, Gregorian calendar",ynetnews.com,"http://www.ynetnews.com/articles/0,7340,L-4231126,00.html"
2012-05-19,17:06:06,tuhw1,499,"Bomb explosion at school in Brindisi, Italy",bbc.co.uk,http://www.bbc.co.uk/news/world-europe-18128170
2012-05-19,19:28:49,tukgq,363,Chinese activist Chen Guangcheng was hurriedly taken from a hospital Saturday and boarded a plane that took off for the United States,hosted.ap.org,http://hosted.ap.org/dynamic/stories/A/AS_CHINA_BLIND_ACTIVIST?SITE=AP&SECTION=HOME&TEMPLATE=DEFAULT
2012-05-19,06:09:20,tttsn,123,Illegal logging comes to Canada: 800-year-old tree at Vancouver Island park falls to poachers,worldnews.msnbc.msn.com,http://worldnews.msnbc.msn.com/_news/2012/05/18/11756204-800-year-old-tree-at-vancouver-island-park-falls-to-illegal-loggers
2012-05-19,22:18:10,tuo1r,110,"Monsanto-Funded “Research” Reveals Monsanto [Toxic] Products Are Safe: ""Their [review on glyphosate] aimed to discredit the work of a French research group at the Institut Jaques Monod who published five articles indicating glyphosates wide-ranging potential for environmental and human harm.""

",electronicrevolutions.blogspot.com,http://electronicrevolutions.blogspot.com/2012/05/monsanto-funded-research-reveals.html
2012-05-19,10:35:18,tu56n,78,A third Mexican army general with ties with drug cartels has been arrested. --NY Times,nytimes.com,http://www.nytimes.com/2012/05/19/world/americas/mexico-detains-3-generals-tied-to-drug-cartel.html
2012-05-19,10:28:00,tu4vc,68,Japanese whalers set out to kill 260 whales for ‘scientific research’,rawstory.com,http://www.rawstory.com/rs/2012/05/18/japanese-whalers-set-out-to-kill-260-whales-for-scientific-research/
2012-05-19,20:42:56,tulww,68,SpaceX aborted its launch of the Dragon capsule toward the ISS at the last second on Saturday due to a technical issue with one of the rocket's nine engines.,phys.org,http://phys.org/news/2012-05-spacex-aborts-iss.html
2012-05-20,04:20:03,tv11s,65,"25,000 Rally Against Austerity in Germany ",commondreams.org,http://www.commondreams.org/headline/2012/05/19-0
2012-05-20,01:17:43,tutpf,58,"Anonymous hacks Indian sites to protest against Vimeo, others being blocked",ndtv.com,http://www.ndtv.com/article/india/anonymous-hacks-indian-sites-to-protest-against-vimeo-others-being-blocked-212240
2012-05-20,07:26:08,tv8in,55,Israel is developing butterfly drones for indoor surveillance,rt.com,http://www.rt.com/news/israel-drone-indoor-butterfly-672/
2012-05-19,16:53:46,tuhmq,50,"BBC News - Crime and punishment, Norwegian style",bbc.co.uk,http://www.bbc.co.uk/news/world-europe-18121914
2012-05-19,01:42:48,ttgsk,33,African child mortality: The best story in development ,economist.com,http://www.economist.com/node/21555571
2012-05-19,00:40:25,ttdvo,23,"DEA Terrorists Gun Down Two Pregnant Women & Other Innocents From Safety Of Helicopter: Hondurans took to the streets,  burned down govt buildings in response ..and demanding the foreign occupiers get out of their country and stop killing people",informationliberation.com,http://www.informationliberation.com/?id=39667
2012-05-19,11:36:28,tu7lw,22,"Quebec student protests turn increasingly violent; Molotov cocktails thrown, explosive devices and various criminal acts",theglobeandmail.com,http://www.theglobeandmail.com/news/politics/molotov-cocktails-launched-at-montreal-protests-following-legal-crackdown/article2437892/?from=sec431
2012-05-20,03:06:25,tuy0h,17,Honduras can pull off five centuries of legal reforms in a decade by creating new city-states within it's borders with laws designed from scratch,npr.org,http://www.npr.org/blogs/money/2012/05/14/152669302/how-honduras-can-pull-off-five-centuries-of-legal-reforms-in-a-decade?sc=tw&cc=share
2012-05-19,11:18:39,tu6w4,16,Lawyers compare Quebec’s controversial protest bill to War Measures Act,news.nationalpost.com,http://news.nationalpost.com/2012/05/18/lawyers-compare-quebecs-controversial-protest-bill-to-war-measures-act/
2012-05-20,00:57:12,tusvu,12,"Murdered Journalist was ""a Soviet Spy"", His Family Now Claims - Post-mortem examination indicates a horrific attack took place in the living room of his home",news.com.au,http://www.news.com.au/world/murdered-journalist-was-a-soviet-spy/story-e6frfkyi-1226361133278
2012-05-19,19:36:20,tuklq,12,The philosopher Alain de Botton has announced that he will be working on a new project to make pornography better,telegraph.co.uk,http://www.telegraph.co.uk/culture/culturenews/9275073/Alain-de-Botton-to-make-highbrow-porn.html
2012-05-19,22:13:53,tuny8,12,Driver who was hero in '76 Calif. bus kidnap dies,news.yahoo.com,http://news.yahoo.com/driver-hero-76-calif-bus-kidnap-dies-163635323.html
2012-05-20,00:43:08,tusdk,12,3 Mexico army generals accused of helping narco gangs,chron.com,http://www.chron.com/news/houston-texas/article/3-Mexico-army-generals-accused-of-helping-3569954.php
2012-05-19,06:52:14,ttvu7,12,"Scottish trawlerman has £1m seized for role in fisheries scandal - 
Ian Buchan, of Peterhead, pleaded guilty to illegally landing & selling £4.5m worth of mackerel in 'black landing' scam to evade European fishing quotas",guardian.co.uk,http://www.guardian.co.uk/environment/2012/may/18/scottish-trawlerman-fisheries-scandal-buchan
2012-05-19,12:05:27,tu8qs,12,"Quebec passes law to stop student strike:  Fines for blocking access to schools introduced to halt 14-week protest.
",globalpost.com,http://www.globalpost.com/dispatch/news/regions/americas/canada/120518/quebec-passes-law-stop-student-strike
2012-05-20,00:23:42,turpj,13,"Rally car hits crowd in south of France, killing two.",bbc.co.uk,http://www.bbc.co.uk/news/world-europe-18132389
