2012-06-15,16:11:39,v33po,3078,9-Year-Old Who Changed School Lunches Silenced By Politicians (Wired),m.wired.com,http://m.wired.com/wiredscience/2012/06/neverseconds-shut-down/
2012-06-15,21:37:50,v3c0c,2678,The ban on a nine-year-old girl taking photographs of her school meals has been lifted,bbc.co.uk,http://www.bbc.co.uk/news/uk-scotland-glasgow-west-18454800
2012-06-15,06:36:55,v2cng,989,Kidnapping by Mexican Police Caught on Video,news.yahoo.com,http://news.yahoo.com/kidnapping-mexican-police-caught-video-210935793.html
2012-06-15,03:46:49,v22ex,827,"Every call, every email, every text: UK unveils bill aimed at logging citizens’ Web activity.",washingtonpost.com,http://www.washingtonpost.com/world/europe/mass-surveillance-uk-releases-new-details-of-plan-to-track-all-citizens-communications/2012/06/14/gJQARl53bV_story.html
2012-06-15,16:30:43,v349m,731,"""Manga is not child pornography"". Swedish supreme court acquits manga translator from possession of child pornography.",thelocal.se,http://www.thelocal.se/41460/20120615/
2012-06-15,22:47:32,v3emc,614,Venezuela surpasses Saudi Arabia to become the world’s largest holder of proven oil reserves,bloomberg.com,http://www.bloomberg.com/news/2012-06-13/venezuela-overtakes-saudis-for-largest-oil-reserves-bp-says-1-.html
2012-06-15,23:57:47,v3hww,397,Indonesian man jailed for two-and-a-half years for writing ‘God doesn’t exist’ on his Facebook page,dailymail.co.uk,http://www.dailymail.co.uk/news/article-2159530/Indonesian-man-jailed-half-years-writing-God-doesn-t-exist-Facebook-page.html#comments
2012-06-15,09:45:21,v2mha,327,"Spain Claims Top Spot for World’s Oldest Cave Art - Archaeologists say red disk over 40,000 years old could've been painted by Neanderthals",nature.com,http://www.nature.com/news/spain-claims-top-spot-for-world-s-oldest-cave-art-1.10838
2012-06-15,20:45:40,v3aeo,299,"Ireland’s 5,500-yr-old ""Stone of Destiny"", has been hit with a hammer, causing damage in 11 places on all 4 granite faces - None of the fragments were found. Tradition holds that the High Kings of Ireland were crowned at the stone. ",irishtimes.com,http://www.irishtimes.com/newspaper/breaking/2012/0613/breaking53.html
2012-06-15,10:51:21,v2pss,231,Court Dissolves Parliament in Egypt in Blow to Islamists,nytimes.com,http://www.nytimes.com/2012/06/15/world/middleeast/new-political-showdown-in-egypt-as-court-invalidates-parliament.html?pagewanted=all
2012-06-15,16:12:45,v33qv,206,Highway 16: Serial killer being hunted in Canada after 40 young women vanish on same remote road in 30 years ,mirror.co.uk,http://www.mirror.co.uk/news/world-news/highway-16-serial-killer-being-884230?google_editors_picks=true
2012-06-15,13:28:04,v2xhn,202,Parks Canada staff banned from criticizing Feds : Workers told they have 'duty' to support Harper government (x post from r/canada),cbc.ca,http://www.cbc.ca/news/politics/story/2012/06/14/ns-parks-canada-letter-warning.html
2012-06-16,00:25:27,v3j8q,135,Egyptian military forces surround parliament ,mobile.nytimes.com,http://mobile.nytimes.com/article?a=962775&f=19
2012-06-15,15:40:57,v32uv,123,China forced abortion photo: 'Feng Jianmei had to abort at 7 months for breaching one-child policy',theage.com.au,http://www.theage.com.au/world/a-forced-abortion-for-a-mother-who-failed-to-sign-a-form-20120615-20eu6.html
2012-06-15,01:08:37,v1tfu,108,Iran seizes killers of nuclear scientists,reuters.com,http://www.reuters.com/article/2012/06/14/us-iran-nuclear-scientists-idUSBRE85D14320120614
2012-06-15,12:02:39,v2tl4,82,"U.S. Revises Comments on Russian Helicopters Going to Syria - ""actually returning to Syria after being refurbished""",en.rian.ru,http://en.rian.ru/mlitary_news/20120614/174036920.html
2012-06-15,22:08:11,v3d1c,74,Three dead after University of Alberta shooting,edmontonjournal.com,http://www.edmontonjournal.com/touch/news/story.html?id=6786020
2012-06-15,10:11:59,v2ntd,67,Argentine leader takes Falklands claim to UN,aljazeera.com,http://www.aljazeera.com/news/americas/2012/06/2012614222916811148.html#.T9qL1DXUph8.reddit
2012-06-16,00:22:21,v3j35,53,US official: Russia sends troops to Syria as peace hopes fade - World News,worldnews.msnbc.msn.com,http://worldnews.msnbc.msn.com/_news/2012/06/15/12238938-us-official-russia-sends-troops-to-syria-as-peace-hopes-fade?lite
2012-06-15,19:56:16,v3944,48,"Syrian forces use sexual violence against men, women, children (Contains graphic details of torture)",cnbc.com,http://www.cnbc.com/id/47826750
2012-06-15,09:08:55,v2km2,49,Aung San Suu Kyi taken ill:  Burma's pro-democracy leader forced to call a halt to a news conference in Bern after bending over in pain and vomiting,guardian.co.uk,http://www.guardian.co.uk/world/2012/jun/14/aung-san-suu-kyi-burma
2012-06-15,18:27:37,v377y,40,"'Forest boy Ray' (in Germany) identified as Dutch - 
The Local",thelocal.de,http://www.thelocal.de/national/20120615-43167.html
2012-06-15,09:01:22,v2k8n,41,"""In a bid to end a decades-long split in the Catholic Church, the Vatican offered a conservative breakaway group [SSPX] a special status enjoyed only by the Opus Dei movement . . . The status . . . would allow the SSPX to operate directly under the pope's authority, without territorial boundaries.""",washingtonpost.com,http://www.washingtonpost.com/national/on-faith/vatican-offers-special-solution-for-conservative-splinter-group-sspx/2012/06/14/gJQAOjjCdV_story.html
2012-06-15,20:36:35,v3a5o,39,"Greece's Knife-Edge Election - 

Greek politics is in a state of molecular meltdown, but the election story told by European politicians and journalists doesn’t begin to map it.",thenation.com,http://www.thenation.com/blog/168394/greeces-knife-edge-election
2012-06-15,09:37:50,v2m47,39,"Europe Makes Big Bets on Nuclear Waste Burial - 
 - On a small Finnish island & deep in remote rural France, far from the debates & doubts that followed Japans Fukushima nuclear disaster, the ground work is underway for a commitment to atomic power for the long term - the very long term",scientificamerican.com,http://www.scientificamerican.com/article.cfm?id=europe-makes-big-bets-on-nuclear-wa
2012-06-15,09:51:23,v2mr0,33,"Falklanders offer to talk to Argentina's President Fernandez about sovernty, they refuse to accept invitation. Demand to discuss their sovernty with UK",bbc.co.uk,http://www.bbc.co.uk/news/uk-18453372
2012-06-15,05:40:14,v29bh,33,Angela Merkel tells rest of Europe to get real about eurozone crisis,guardian.co.uk,http://www.guardian.co.uk/business/2012/jun/14/angela-merkel-warning-eurozone-crisis
2012-06-15,23:15:54,v3fvn,35,Afghans ditch opium for spice,business.blogs.cnn.com,http://business.blogs.cnn.com/2012/06/14/afghans-ditch-opium-for-spice/?iid=article_sidebar
2012-06-15,20:07:02,v39dz,33,9 year old banned from taking photos of her school lunches,guardian.co.uk,http://www.guardian.co.uk/uk/2012/jun/15/girl-photos-school-meals-blog
2012-06-15,20:20:10,v39q8,28,"Council responds on school girl's food blog: ""[we] wholly refute the unwarranted attacks on [our] schools catering service which culminated in national press headlines which have led catering staff to fear for their jobs""",argyll-bute.gov.uk,http://www.argyll-bute.gov.uk/news/2012/jun/statement-school-meals-argyll-and-bute-council
