2012-06-03,12:13:27,ui3i4,1801,Family gives up fight against pedophile cop after fighting for 20 years.,indianexpress.com,http://www.indianexpress.com/news/ruchikas-family-gives-up-fight-witness-father-says-he-wont/957217/
2012-06-03,01:05:03,uha0k,1602,"Malawi's new president sells off presidential jet and 60 Mercedes:  Joyce Banda, Malawi's new president, has announced the presidential jet and fleet of 60 Mercedes limousines would be sold in a move applauded by a British cabinet minister as an example to other African leaders. ",telegraph.co.uk,http://www.telegraph.co.uk/news/worldnews/africaandindianocean/malawi/9306069/Malawis-new-president-sells-off-presidential-jet-and-60-Mercedes.html
2012-06-03,04:29:24,uhj7j,1093,Western banks 'reaping billions from Colombian cocaine trade',guardian.co.uk,http://www.guardian.co.uk/world/2012/jun/02/western-banks-colombian-cocaine-trade
2012-06-03,02:45:47,uhegg,855,"Violent clashes have broken out in Germany between the supporters and opponents of the neo-Nazi movement. Hamburg police have detained over 700 people after the demonstrators started throwing projectiles, injuring several officers.",rt.com,http://rt.com/news/hamburg-clashes-leftists-neo-nazis-853/
2012-06-03,23:03:08,uil5j,844,"Swarms of Spiders Invade Town, Kill 2 - '...spiders suddenly descended from nowhere & started biting the people.'  Some victims say the spiders latched onto them after biting. ""It's similar to the tarantula, but it could be a whole new species.""",timesofindia.indiatimes.com,http://timesofindia.indiatimes.com/home/environment/flora-fauna/Tarantulas-invade-Assam-town-kill-two/articleshow/13753398.cms
2012-06-03,08:31:02,uhtw0,814,Shooting at Toronto's Downtown Eaton Centre,cbc.ca,http://www.cbc.ca/news/canada/toronto/story/2012/06/02/toronto-eaton-center-shooting.html
2012-06-03,22:39:07,uikjf,603,"""Pope Benedict got no rest on Sunday [3 June 2012] from a leaks scandal when an Italian newspaper published documents showing that his butler was not the only person in possession of confidential correspondence indicating a Vatican in disarray.""",reuters.com,http://www.reuters.com/article/2012/06/03/us-vatican-butler-idUSBRE85206N20120603
2012-06-03,00:15:14,uh81w,586,"WORLD BANK BOSS: We're Headed For ""Impending Catastrophe"" -- ""A Rerun Of Great Panic Of 2008""",businessinsider.com,http://www.businessinsider.com/world-bank-boss-impending-catastrophe-a-rerun-of-great-panic-of-2008-2012-6
2012-06-04,00:10:04,uin86,551,"Hundreds Protest Plan to Curb Abortion in Turkey - 
Prime ministers plan to ban abortion after 4 weeks from conception.  Women carrying banners reading ""my body, my choice"" & shouting anti-government slogans march in Istanbul
",cbsnews.com,http://www.cbsnews.com/8301-202_162-57446209/hundreds-protest-plan-to-curb-abortion-in-turkey/
2012-06-03,18:05:43,uif5n,355,Israel Deploys Nuclear Weapons on German Submarines - SPIEGEL ONLINE,spiegel.de,http://www.spiegel.de/international/world/israel-deploys-nuclear-weapons-on-german-submarines-a-836671.html
2012-06-03,23:28:33,uilwn,338,"George Soros, the billionaire investor, has warned Germany it has three months to save the eurozone or risk the destruction of the European Union and a “lost decade”. ",telegraph.co.uk,http://www.telegraph.co.uk/finance/financialcrisis/9308964/George-Soros-says-Germany-has-three-months-to-save-the-eurozone.html
2012-06-03,03:35:54,uhgqy,297,Saudi princess tried to leave luxury hotel without paying,dailystar.com.lb,http://www.dailystar.com.lb/News/Middle-East/2012/Jun-02/175498-saudi-princess-tried-to-leave-luxury-hotel-without-paying.ashx
2012-06-03,04:08:52,uhiab,253,Cuba-trained doctors making difference around the world,thestar.com,http://www.thestar.com/news/world/article/1203466--cuba-trained-doctors-making-difference-around-the-world?bn=1
2012-06-03,16:08:15,uicds,202,Vatican leaks: Why is the Pope's butler in a cell beneath the fortress?,telegraph.co.uk,http://www.telegraph.co.uk/news/worldnews/europe/vaticancityandholysee/9307381/Vatican-leaks-Why-is-the-Popes-butler-in-a-cell-beneath-the-fortress.html
2012-06-03,19:49:45,uih3f,183,SAS frees all four hostages in daring Afghanistan raid,telegraph.co.uk,http://www.telegraph.co.uk/news/worldnews/asia/afghanistan/9308021/SAS-frees-all-four-hostages-in-daring-Afghanistan-raid.html
2012-06-03,09:03:47,uhv9i,180,"""'The Vatican is in a sense almost perpetually enmeshed in scandals, because it continues to act like a kingdom,' says John Stackhouse . . . 'It might have made sense at one point in history for the pope to also be a prince, but whenever you're involved in politics or business, things get messy.'""",cbc.ca,http://www.cbc.ca/news/world/story/2012/06/01/f-vatican-scandal.html
2012-06-03,03:04:23,uhfbo,152,Man charged with hiding dirty needles in store clothing.,torontosun.com,http://www.torontosun.com/2012/06/02/man-charged-with-hiding-dirty-needles-in-store-clothing
2012-06-03,21:01:22,uiieg,84,"Germany gets first ever black mayor; His father 
was African-American soldier ",thelocal.de,http://www.thelocal.de/national/20120602-42903.html
2012-06-03,03:25:06,uhg95,70,"Iran building new space center for launching satellites into orbit, says defense minister",washingtonpost.com,http://www.washingtonpost.com/world/middle_east/iranian-official-says-country-is-building-new-space-center-for-launching-satellites-into-orbit/2012/06/02/gJQA7K8u8U_story.html
2012-06-03,09:34:43,uhwm5,67,"Hosni Mubarak's sentence:  initial euphoria at the historic verdict – the first time an Arab leader has ever been deposed, tried and convicted by his own people – quickly gave way to confusion and then fury on the streets as full details of the court judgement emerged.",guardian.co.uk,http://www.guardian.co.uk/world/2012/jun/02/hosni-mubarak-sentence-euphoria-anger
2012-06-03,18:06:10,uif64,65,"£30bn bill to purify UK water system after toxic impact of contraceptive pill. Drug firms oppose an EU call for controls on potent chemicals that have been blamed for the gender mutation of freshwater fish
",guardian.co.uk,http://www.guardian.co.uk/environment/2012/jun/02/water-system-toxic-contraceptive-pill
2012-06-03,10:57:33,ui069,60,"1 dead, 7 hurt in shooting at downtown Toronto mall",worldnews.msnbc.msn.com,http://worldnews.msnbc.msn.com/_news/2012/06/02/12028559-1-dead-7-hurt-in-shooting-at-downtown-toronto-mall?lite
2012-06-03,08:12:20,uht1p,39,BBC News - Thousands of Sudanese 'flee to South Sudan',bbc.co.uk,http://www.bbc.co.uk/news/world-africa-18309691
2012-06-03,07:16:19,uhqna,34,BBC News - Protests erupt in Egypt over Hosni Mubarak verdicts,bbc.co.uk,http://www.bbc.co.uk/news/world-middle-east-18311960
2012-06-04,00:16:30,uing6,28,Tibetan self-immolations are a brutal protest to Chinese rule,nytimes.com,http://www.nytimes.com/2012/06/03/world/asia/wave-of-tibet-self-immolations-challenges-chinese-rule.html?nl=todaysheadlines&emc=edit_th_20120603
2012-06-03,23:08:49,uilb0,30,"Japan 'Doomsday Cult Member' Held - 
A woman who may be a Japanese cult member wanted for the 1995 gas attacks on the Tokyo subway has been arrested",bbc.co.uk,http://www.bbc.co.uk/news/world-asia-18316592
2012-06-03,09:34:56,uhwmh,30,Poles march for gay rights:  Several thousand activists rallied on Saturday in Poland's annual gay rights parade. There was a large police presence at the event to keep counter-protests from interfering with the parade. ,dw.de,"http://www.dw.de/dw/article/0,,15995135,00.html"
2012-06-03,01:17:14,uhakl,17,"No breathing room for Spain:  Spain is one of the favorites at this summer's European soccer championships, but the country is fighting for survival economically. Madrid could soon be calling for help from the European Union. ",dw.de,"http://www.dw.de/dw/article/0,,15991534,00.html"
2012-06-03,23:27:40,uilvk,16,"Spain is in 'total emergency’, the EU in total denial  ",telegraph.co.uk,http://www.telegraph.co.uk/finance/financialcrisis/9307106/Spain-is-in-total-emergency-the-EU-in-total-denial.html
2012-06-03,17:39:19,uield,17,"Bank bailout makes Spaniards question their future as euro agonies mount:  
Spaniards having to tighten their belts find it hard to stomach bailing out banks whose recklessness has brought them to ruin
",guardian.co.uk,http://www.guardian.co.uk/world/2012/jun/03/spain-euro-austerity-bailout
