2012-04-24,11:52:04,spbt1,2111,"Asteroid Mining Venture Backed by Google Execs, James Cameron Unveiled",news.yahoo.com,http://news.yahoo.com/asteroid-mining-venture-backed-google-execs-james-cameron-011205183.html
2012-04-24,20:14:43,spsj1,1750,Putin to step down as United Russia leader,rt.com,http://rt.com/politics/putin-united-russia-party-833/
2012-04-24,06:27:25,sotah,1636,"It can happen - Ontario, Canada's largest province, has decided to tax the rich in order to reduce its deficit faster...",thestar.com,http://www.thestar.com/news/canada/politics/article/1166296--ontario-budget-mcguinty-and-horwath-in-last-ditch-talks-to-prevent-election?bn=1
2012-04-24,05:10:06,sooqz,1054,"The Biggest Student Uprising You’ve Never Heard Of: ""On an unseasonably warm day in late March, a quarter of a million postsecondary students and their supporters gathered in the streets of Montreal to protest against the Liberal government’s plan to raise tuition fees by 75% over five years...""",chronicle.com,http://chronicle.com/blogs/brainstorm/the-biggest-student-uprising-youve-never-heard-of/46100
2012-04-24,02:38:16,soga0,275,Obama to Declare Sanctions on Countries That Track Citizen Internet/Cell Phones,edition.cnn.com,http://edition.cnn.com/2012/04/23/politics/obama-human-rights/
2012-04-24,19:49:01,spry2,195,The Biggest Student Uprising You've Never Heard Of [Quebec],chronicle.com,http://chronicle.com/blogs/brainstorm/the-biggest-student-uprising-youve-never-heard-of
2012-04-24,00:11:51,so8s1,159,Half of Iran's tanker fleet storing oil at sea - Unable to sell due to sanctions,news.yahoo.com,http://news.yahoo.com/exclusive-half-iran-tanker-fleet-storing-oil-sea-144920017--finance.html
2012-04-25,00:06:24,sq197,157,South Sudan President: Sudan Has Declared War,worldnews.msnbc.msn.com,http://worldnews.msnbc.msn.com/_news/2012/04/24/11368269-sudan-has-declared-war-on-us-says-south-sudan-president?lite
2012-04-24,23:43:29,sq059,154,Former top MI6 officer attacks global war on drugs.,guardian.co.uk,http://www.guardian.co.uk/society/defence-and-security-blog/2012/apr/18/cocaine-heroin-opium
2012-04-25,01:29:05,sq5gq,148,"Fight Against Dutch Cannabis Café Restrictions Heats Up: In Amsterdam, hundreds of coffee shop supporters staged a flash-mob smoke-in to protest the proposed changes",stopthedrugwar.org,http://stopthedrugwar.org/chronicle/2012/apr/23/fight_against_dutch_cannabis_caf
2012-04-24,21:51:23,spvgp,120,China offshores manufacturing to the U.S.,money.cnn.com,http://money.cnn.com/2012/04/24/smallbusiness/china-us-manufacturing/index.htm?hpt=hp_t2
2012-04-24,21:14:22,spu4c,82,Welcome to Kiev: city of beautiful women and a prospering sex industry,guardian.co.uk,http://www.guardian.co.uk/commentisfree/2012/apr/24/kiev-beautiful-women-sex-industry-ukrainian
2012-04-24,14:05:36,spijx,81,"Jihadi Work Accident Kills Lebanon’s Most Wanted Terrorist In Syria, Fatah Al-Islam Leader Blown To Pieces While Planting Roadside Bomb With Syrian Rebels",globalspin.blogs.time.com,http://globalspin.blogs.time.com/2012/04/23/in-syria-lebanons-most-wanted-sunni-terrorist-blows-himself-up/#ixzz1sssgDhog
2012-04-24,16:01:26,spmon,77,UK Bomb plotter says Bin Laden's plan was to bring down the U.S. economy,bbc.co.uk,http://www.bbc.co.uk/news/uk-17821854
2012-04-25,04:07:30,sqe3w,73,Arab Comedian Sentenced To Jail For Offending Islam ,huffingtonpost.com,http://www.huffingtonpost.com/2012/04/24/egypt-comedian-found-guil_n_1449059.html?ref=religion
2012-04-24,21:26:03,spuiy,61,India’s Misplaced Priorities: It fires missiles that can go thousands of miles yet most people don't have electricity and can't get an education and are doomed to poverty. ,the-diplomat.com,http://the-diplomat.com/indian-decade/2012/04/23/india%E2%80%99s-misplaced-priorities/
2012-04-24,21:43:17,spv5b,57,"Report raises fear of South China Sea war:  The chances of a full-scale war erupting which could drag in China, the US, the Philippines and Vietnam are not as remote as one may think.",abc.net.au,http://www.abc.net.au/news/2012-04-24/south-china-sea-tensions/3970438
2012-04-24,21:11:31,spu10,53,"Michael Ignatief, Canada's ex Liberal Party leader, predicts the province of Quebec's secession in a near future, likely to be accelerated if Scotland votes for independence",news.nationalpost.com,http://news.nationalpost.com/2012/04/23/michael-ignatieff-quebec/
2012-04-24,00:34:28,so9wl,48,Indian campaign demands 'Right to Pee' for women,bbc.co.uk,http://www.bbc.co.uk/news/world-asia-india-17812352
2012-04-25,05:38:23,sqj8h,43,"North Korea promised Monday to reduce South Korea's conservative government ""to ashes"" in less than four minutes, in an unusually specific escalation of recent threats aimed at its southern rival.",news.yahoo.com,http://news.yahoo.com/nkorean-military-warns-special-actions-soon-110332750.html
2012-04-25,02:27:55,sq8ok,44,"Chinese scientists have cloned a genetically modified sheep containing a ""good"" type of fat found naturally in nuts, seeds, fish and leafy greens that helps reduce the risk of heart attacks and cardiovascular disease.",chicagotribune.com,"http://www.chicagotribune.com/health/sns-rt-us-china-genetics-sheepbre83n070-20120423,0,6997337.story"
2012-04-24,19:35:46,sprn9,42,"Israeli refuses to recognize East Jerusalem Arab's residency even though it recognizes his sister and parents.   Thus he has no identity card, no passport, he cannot register for university studies, apply for a job, sign up for an HMO or open a bank account.",haaretz.com,http://www.haaretz.com/news/national/east-jerusalem-man-denied-residency-by-israel-effectively-prisoner-in-own-home-1.426249
2012-04-24,02:04:48,soeg9,25,"Spy found dead in locked bag hated 'flash car and drinking' culture of MI6, inquest hears   ",telegraph.co.uk,http://www.telegraph.co.uk/news/uknews/crime/9221161/Spy-found-dead-in-locked-bag-hated-flash-car-and-drinking-culture-of-MI6-inquest-hears.html
2012-04-24,01:06:45,sobgy,23,"U.N.: Crime is one of world's ""top 20 economies""",cbsnews.com,http://www.cbsnews.com/8301-202_162-57418890/u.n.-crime-is-one-of-worlds-top-20-economies/
2012-04-24,07:47:10,soxyy,21,"At Wal-Mart in Mexico, a Bribe Inquiry Silenced - NYTimes.com",nytimes.com,http://www.nytimes.com/2012/04/22/business/at-wal-mart-in-mexico-a-bribe-inquiry-silenced.html?_r=2&hp
2012-04-24,04:00:09,sokt5,19,North Korea issues unusually specific threat | The Envoy - Yahoo! News,news.yahoo.com,http://news.yahoo.com/blogs/envoy/north-korea-issues-unusually-specific-threat-152720861.html
2012-04-24,21:35:28,spuvc,15,Iran reiterates readiness to cooperate more closely with IAEA,presstv.ir,http://www.presstv.ir/detail/237837.html
2012-04-24,12:25:06,spdmk,17,"Cuba Plans Massive Shift to ""Non-State"" Sector
 - It'll move nearly 50% of the states economic activity to the non-state sector, a senior Communist party official says, the latest signal the island is headed toward a mixed economy",reuters.com,http://www.reuters.com/article/comments/idUSBRE83M19Y20120423
2012-04-24,21:08:49,spty7,16,Europe's elites feel the backlash. A crisis of legitimacy looms as Europe's voters rebel against deficit-cutting diktats delivered in the name of the eurozone,guardian.co.uk,http://www.guardian.co.uk/world/2012/apr/23/europe-elite-democratic-backlash
2012-04-25,00:58:50,sq3wv,16,Proposed increase in Internet surveillance powers threatens British ruling coalition,news.nationalpost.com,http://news.nationalpost.com/2012/04/22/proposed-increase-in-internet-surveillance-powers-threatens-british-ruling-coalition/
