2012-12-25,04:15:14,15dzm2,2947,India rape victim raped by cops investigating case,timesofindia.indiatimes.com,http://timesofindia.indiatimes.com/india/UP-rape-victim-raped-by-cops-probing-case/articleshow/17748777.cms
2012-12-25,09:14:40,15eevw,2170,A 'dad' is tenth most popular Christmas list request for children - Telegraph,telegraph.co.uk,http://www.telegraph.co.uk/topics/christmas/9764688/A-dad-is-tenth-most-popular-Christmas-list-request-for-children.html
2012-12-25,14:03:18,15es7j,1507,Acid attack victim wins India's version Who Wants to be a Millionaire. Will spend her winnings on reconstructive surgery.,thesun.co.uk,http://www.thesun.co.uk/sol/homepage/news/4712399/acid-attack-victim-Who-Wants-To-Be-A-Millionaire.html
2012-12-25,21:27:36,15f47x,1012,"Al Jazeera plays the piper, but Qatar calls the tune: Long-time Berlin correspondent for Al Jazeera recently resigned from his post, says the Qatari government is exercising undue influence on Al Jazeera's reporting",dw.de,http://www.dw.de/suliman-al-jazeera-plays-the-piper-but-qatar-calls-the-tune/a-16477490
2012-12-25,21:27:25,15f47r,270,Indian policeman killed in rape protests ,bbc.co.uk,http://www.bbc.co.uk/news/world-asia-india-20840797
2012-12-25,02:57:28,15dv3c,219,"In an effort to safeguard some 20,000 jobs at a time of rising unemployment,
the Italian government has taken an unprecedented step. It has reversed a court order that called for the partial shutdown of Europe's biggest steel plant because it is spewing cancer-producing dioxins.",npr.org,http://www.npr.org/2012/12/24/167964697/a-showdown-in-italy-over-a-polluting-steel-plant
2012-12-25,17:27:03,15ez10,170,Wife-beating husband gets 30 lashes | GulfNews.com,gulfnews.com,http://gulfnews.com/news/gulf/saudi-arabia/wife-beating-husband-gets-30-lashes-1.1117591
2012-12-25,14:42:41,15etwe,156,"China may require real name registration for internet access. 'The government says such a system is needed to prevent people making malicious and anonymous accusations online and that many other countries already have such rules'
",uk.reuters.com,http://uk.reuters.com/article/2012/12/25/china-internet-idUKL4N09Z0Q820121225?rpc=401&feedType=RSS&feedName=governmentFilingsNews
2012-12-25,07:06:34,15e8se,146,"Ethiopia has struggled with a shortage of qualified doctors for years. In an effort to resolve that, it's vastly increased the sizes of existing classes and opened 13 new schools. But critics say Ethiopia is training a generation of woefully unqualified doctors. ",pri.org,http://www.pri.org/stories/health/global-health/ethiopia-moving-to-address-doctor-shortage-critics-say-corners-being-cut-12447.html
2012-12-25,08:57:23,15ee2m,85,"Indian woman, daughter kill Mumbai stockbroker, cut him into 17 pieces",timesofindia.indiatimes.com,http://timesofindia.indiatimes.com/city/ahmedabad/Ahmedabad-woman-daughter-kill-Mumbai-stockbroker-cut-him-into-17-pieces/articleshow/17735753.cms
2012-12-25,01:04:04,15dorc,88,"Despite billions of dollars spent — and billions more allocated for Haiti but unspent — rebuilding has still barely begun and 357,785 Haitians languish in 496 tent camps.",nytimes.com,http://www.nytimes.com/2012/12/24/world/americas/in-aiding-quake-battered-haiti-lofty-hopes-and-hard-truths.html?hp
2012-12-25,02:37:24,15dtxn,72,Christmas brings fear of church bombs in Nigeria,reuters.com,http://www.reuters.com/article/2012/12/24/us-nigeria-christmas-idUSBRE8BN0AM20121224
2012-12-25,06:44:57,15e7o3,62,Defence Secretary Phillip Hammond has announced that British Reaper Drones will be withdrawn from Afghanistan in 2014- Defence Chiefs are furious,thesun.co.uk,http://www.thesun.co.uk/sol/homepage/news/politics/4712030/forces-chiefs-furious-reaper-drone-withdrawal.html
2012-12-25,04:47:38,15e1g6,57,5-yr-old raped by neighbour in India,timesofindia.indiatimes.com,http://timesofindia.indiatimes.com/city/hyderabad/5-yr-old-raped-by-neighbour-in-Hyderabad/articleshow/17748942.cms
2012-12-25,00:53:42,15do85,59,Jerusalem Catholic patriarch backs Palestinian state,bbc.co.uk,http://www.bbc.co.uk/news/world-middle-east-20838547
2012-12-25,04:33:07,15e0n9,59,"For the first time since the 18th century, the European bison is returning to Germany to live in the wild. The wisent, as it is also known, has been brought to the country by a famous prince. Although the creatures' survival is uncertain, the project has already attracted considerable attention",spiegel.de,http://www.spiegel.de/international/germany/prince-to-reintroduce-european-bison-to-germany-a-874387.html
2012-12-25,09:35:59,15efvn,55,"Leniency Denied, UBS Unit Admits Guilt in Rate Case - NYTimes.com",dealbook.nytimes.com,http://dealbook.nytimes.com/2012/12/19/leniency-denied-ubs-unit-admits-guilt-in-rate-case/
2012-12-25,19:13:22,15f1eb,52,"Iran warns citizens to avoid US travel | Iran has issued a travel warning to its citizens against visiting the United States, an official said, after the death of an Iranian national reportedly following a grilling by US customs officials.
",thenational.ae,http://www.thenational.ae/business/travel-tourism/iran-warns-citizens-to-avoid-us-travel
2012-12-25,18:24:43,15f0ca,47,AFP: Mali Islamists destroying more Timbuktu mausoleums,google.com,http://www.google.com/hostednews/afp/article/ALeqM5j3coQbZ62Qnw-mBV-J1ey51UzSZw?docId=CNG.c62ee04b821d497e802baafcfdcf3739.3c1
2012-12-25,19:54:26,15f287,44,Juárez police officers allegedly force man to swallow bullets,elpasotimes.com,http://www.elpasotimes.com/ci_22252893/ju-rez-police-officers-allegedly-force-man-swallow?source=rss_viewed
2012-12-25,18:23:33,15f0bc,32,"Female circumcision is a right, says imam |  The Australian",theaustralian.com.au,http://www.theaustralian.com.au/national-affairs/health/female-circumcision-is-a-right-says-imam/story-fn59nokw-1226542730442
2012-12-25,12:14:36,15enes,29,"Mentally-challenged woman raped by uncle, cousin in India",timesofindia.indiatimes.com,http://timesofindia.indiatimes.com/city/aurangabad/Mentally-challenged-woman-raped-by-uncle-cousin/articleshow/17751533.cms
2012-12-25,01:00:19,15dok5,28,South Korea mass singles dating event flooded by men,news.com.au,http://www.news.com.au/lifestyle/relationships/south-koreas-battle-of-the-singles-flooded-by-men/story-fnet09p2-1226543153744
2012-12-25,04:34:26,15e0pr,28,"India clamps down on gang rape protests, PM appeals for calm:  Indian authorities throttled movement in the heart of the capital, shutting roads and railway stations in a bid to restore law and order after police fought pitched battles with protesters enraged by the gang rape of a young woman.",reuters.com,http://www.reuters.com/article/2012/12/24/us-india-rape-idUSBRE8BN02X20121224
2012-12-25,01:15:16,15dpd5,26,BBC News - Macedonia budget sparks protests in front of parliament,bbc.co.uk,http://www.bbc.co.uk/news/world-europe-20838923
2012-12-25,18:16:07,15f04u,22,U.S. Military Builds Up Its Presence In Africa,npr.org,http://www.npr.org/2012/12/25/168008525/u-s-military-builds-up-its-presence-in-africa?ft=1&f=1001&sc=tw&utm_source=twitterfeed&utm_medium=twitter
2012-12-25,21:32:20,15f4cc,18,"In 16 years, farm suicides cross a quarter million in India",thehindu.com,http://www.thehindu.com/opinion/columns/sainath/article2577635.ece
2012-12-25,13:55:07,15eruk,17,Rising sea level puts island nations like Nauru at risk - CNN.com,edition.cnn.com,http://edition.cnn.com/2012/12/04/world/asia/nauru-ocean-danger/index.html?hpt=hp_bn8
2012-12-25,15:38:35,15evxj,17,"Somali pirates release ship and hostages after almost three years: Twenty-two sailors on board were freed after a two-week siege by maritime police, according to statement
",guardian.co.uk,http://www.guardian.co.uk/world/2012/dec/23/somali-pirates-ship-hostages-released
2012-12-25,22:17:20,15f5kz,14,Iran Media Report New Cyberattack By Stuxnet Worm,bigstory.ap.org,http://bigstory.ap.org/article/iran-media-report-new-cyberattack-stuxnet-worm
