2012-11-09,04:57:04,12vjud,2788,"Cipla, the Indian drug company that cut prices of cancer drugs earlier this year, slashes prices of three more cancer drugs by 63%...",economictimes.indiatimes.com,http://economictimes.indiatimes.com/news/news-by-industry/healthcare/biotech/pharmaceuticals/Cipla-slashes-prices-of-3-cancer-drug-by-up-to-63/articleshow/17148746.cms
2012-11-09,00:17:58,12v1d4,2624,"Five Muslim extremists attacked a gay club in Paris beating the bouncers and spraying some attendants, including the vice president of IDAHO, with tear gas",gaystarnews.com,http://www.gaystarnews.com/article/muslim-extremists-tear-gas-gay-marais-attack051112
2012-11-09,13:43:37,12wg2c,2332,"UK campaigners call for Nobel Prize for shot Pakistani girl. Tens of thousands of Britons called on the government on Friday to nominate Malala Yousufzai, a Pakistani girl shot in the head by the Taliban for advocating girls' education, for the Nobel Peace Prize.
| Reuters",uk.reuters.com,http://uk.reuters.com/article/2012/11/09/uk-pakistan-girl-britain-idUKBRE8A800E20121109
2012-11-09,22:24:57,12ww9g,2005,"Chavez to Obama: forget global wars, fix domestic woes. The U.S. government's chief antagonist in Latin America, Hugo Chavez of Venezuela, has advised newly re-elected U.S. President Barack Obama to avoid further entanglement in international conflicts and concentrate on fixing internal problems.",news.yahoo.com,http://news.yahoo.com/chavez-obama-forget-global-wars-fix-domestic-woes-134941797.html
2012-11-09,23:06:31,12wy98,1845,Viagra patent tossed out by Supreme Court. Canada's top court has ruled that Pfizer's patent on its groundbreaking erectile dysfunction drug Viagra is void.,finance.sympatico.ca,http://finance.sympatico.ca/home/contentposting_reuters/viagra_patent_tossed_out_by_supreme_court/0dbcb47a
2012-11-09,19:51:58,12wqvt,1698,"How to Rob Africa:
Why does the Western world feed Africa with one hand while looking the other way when billions in dirty money from corruption is channeled into bank accounts in Europe and the US.",aljazeera.com,http://www.aljazeera.com/programmes/peopleandpower/2012/11/201211714649852604.html
2012-11-09,03:03:27,12vc5w,1272,FIRST ON CNN:  Iranian jets fire on U.S. drone – CNN Security Clearance - CNN.com Blogs,security.blogs.cnn.com,http://security.blogs.cnn.com/2012/11/08/first-on-cnn-iranian-jets-fire-on-u-s-drone/
2012-11-09,20:38:13,12ws98,1102,"Forget batteries: scientists ""major breakthrough"" on how to best produce hydrogen for clean and renewable energy.",abc.net.au,http://www.abc.net.au/news/2012-11-09/scientists-unlock-natures-hydrogen-secrets/4364072
2012-11-09,21:47:22,12wunt,1041,"North Korea has over 1 million cell phone users. People receive daily texts from government propaganda, are not allowed to make outside calls to other nations, and can only call users part of North Korea's network. ",thediplomat.com,http://thediplomat.com/2012/11/09/the-information-age-north-korean-style/
2012-11-09,21:24:41,12wtv1,953,A mafia war is brewing in Montreal. A graft probe that cost the mayor his job and a string of killings in Quebec’s biggest city are exposing deep mob connections.,globalpost.com,http://www.globalpost.com/dispatch/news/regions/americas/canada/121108/montreal-mafia-rizzuto-mob-mayor-tremblay-resignation-corruption
2012-11-09,19:38:03,12wqig,691,"2,400 year-old Thracian gold hoard found in Bulgaria. Beautiful and priceless artifacts...",reuters.com,http://www.reuters.com/article/2012/11/08/uk-bulgaria-ancient-gold-idUSLNE8A701W20121108
2012-11-09,03:21:43,12vdf6,316,Iran fired on US drone,security.blogs.cnn.com,http://security.blogs.cnn.com/2012/11/08/first-on-cnn-iranian-jets-fire-on-u-s-drone/?hpt=hp_t3
2012-11-09,06:03:01,12vo86,293,Venezuela repays nearly half of $36 bln in Chinese loans,reuters.com,http://www.reuters.com/article/2012/11/07/venezuela-china-loans-idUSL1E8M7J9E20121107
2012-11-09,14:59:23,12wj2u,276,"Iran accused of torturing blogger to death: 
Sattar Beheshti's family told of his death in prison a week after he was arrested for criticising Iran on Facebook",guardian.co.uk,http://www.guardian.co.uk/world/2012/nov/08/iran-accused-torturing-blogger-death
2012-11-09,13:46:23,12wg75,210,"Australia comes to its senses, abandons Internet filtering regime",arstechnica.com,http://arstechnica.com/tech-policy/2012/11/australia-comes-to-its-senses-abandons-national-internet-filtering-regime/
2012-11-09,22:49:07,12wxen,157,Anders Behring Breivik's prison conditions 'inhumane'.,bbc.co.uk,http://www.bbc.co.uk/news/world-europe-20270325
2012-11-09,17:27:52,12wncg,143,"Assad: There is no civil war in Syria. Syria's president insists there is no civil war in his country - rather, a new kind of battle he calls ""terrorism through proxies.""",bellinghamherald.com,http://www.bellinghamherald.com/2012/11/08/2759924/progress-in-talks-on-united-syria.html
2012-11-09,20:27:44,12wrwz,140,"Pakistani girl, 9, awarded as 'compensation' in dispute ",france24.com,http://www.france24.com/en/20121109-pakistani-girl-9-awarded-compensation-dispute
2012-11-09,00:43:22,12v2wz,127,"""Nearly half of Britons would vote in a referendum to leave the European Union and less than a third to stay in, according to a poll highlighting divisions facing Prime Minister David Cameron.""",reuters.com,http://www.reuters.com/article/2012/11/08/us-eu-britain-poll-idUSBRE8A711I20121108
2012-11-09,18:55:36,12wpfa,107,"'Fake' Wine Hoard Found in China - Police find 10,000 bottles labelled 'Chateau Lafite Rothschild', one of the world's most expensive wines, in a deserted house.  The owner of the house was surprised by the find. 70% of Chateau Lafite sold in China are fakes.",bbc.co.uk,http://www.bbc.co.uk/news/world-asia-china-20265803
2012-11-09,01:28:08,12v5qq,104,"Iran's Ahmadinejad says anyone stockpiling atom bombs retarded
| Reuters",reuters.com,http://www.reuters.com/article/2012/11/08/us-iran-indonesia-ahmadinejad-idUSBRE8A713C20121108
2012-11-09,06:54:28,12vrjz,99,Obama victory infuriates Pakistani drone victims,reuters.com,http://www.reuters.com/article/2012/11/08/us-usa-campaign-pakistan-idUSBRE8A70A020121108
2012-11-09,22:16:27,12wvve,81,Kyoto protocol: Australia signs up to second phase,guardian.co.uk,http://www.guardian.co.uk/environment/2012/nov/09/australia-kyoto-protocol-second-phase
2012-11-09,06:10:15,12vorr,78,"The Palestinian Authority circulated a draft resolution to U.N. member states on Wednesday that calls for upgrading its U.N. status to that of an ""observer state"" despite U.S. and Israeli suggestions that the Palestinians could face retaliatory moves.",reuters.com,http://www.reuters.com/article/2012/11/08/us-palestinians-un-statehood-idUSBRE8A71EF20121108
2012-11-09,21:21:40,12wtr8,77,Mass protest fills downtown Buenos Aires,aljazeera.com,http://www.aljazeera.com/news/americas/2012/11/201211911150228531.html#.UJ0DVRCAGGs.reddit
2012-11-09,09:36:11,12w1ue,73,Student Killed Amid Protest in Dominican Republic,nytimes.com,http://www.nytimes.com/2012/11/09/world/americas/dominican-republic-campus-protest-turns-deadly.html
2012-11-09,14:09:11,12wh5v,70,Urine-powered generator invented by four girls in Africa.,news.cnet.com,http://news.cnet.com/8301-17938_105-57547296-1/pee-power-african-teens-create-urine-fueled-generator
2012-11-09,08:57:44,12vzez,67,Syria in Ruins - In Focus - The Atlantic,theatlantic.com,http://www.theatlantic.com/infocus/2012/11/syria-in-ruins/100402/
2012-11-09,22:43:56,12wx64,60,Former Oil Executive Appointed Archbishop of Canterbury,nytimes.com,http://www.nytimes.com/2012/11/10/world/europe/bishop-of-durham-appointed-as-archbishop-of-canterbury.html?ref=world
2012-11-09,21:37:09,12wub7,52,"Palestinian Farmers Turn to Organic Farming. The Palestinian olive harvest, an ancient autumn ritual in the West Bank, is going upscale.",abcnews.go.com,http://abcnews.go.com/International/wireStory/palestinian-farmers-turn-organic-farming-17677256
