2012-07-22,05:17:42,wxq2j,2824,$21tn: hoard hidden from taxman by global elite,guardian.co.uk,http://www.guardian.co.uk/business/2012/jul/21/global-elite-tax-offshore-economy
2012-07-22,18:37:05,wyn29,1320,Pakistani policeman kills sister for wearing jeans,news.in.msn.com,http://news.in.msn.com/international/article.aspx?cp-documentid=250375129#scpshrtu
2012-07-22,20:12:59,wyovf,919,"3 Vietnamese Soldiers Held for Torturing, Killing 2 Rare Monkeys & Posting the Photos on Facebook -  Some show one of the monkeys, believed to be pregnant, being forced to smoke a cigarette before being tortured & killed.  The men were detained after the Facebook pics triggered outrage.",bbc.co.uk,http://www.bbc.co.uk/news/world-asia-18923533
2012-07-22,23:23:11,wytg2,905,Why Mexico's Nascent Youth Movement Continues to Agitate: Some international elections observers have confirmed what many Mexicans thought -- the recent elections in Mexico were characterized by massive fraud,alternet.org,http://www.alternet.org/world/156392/elected_corruption%3A_why_mexico%27s_nascent_youth_movement_continues_to_agitate_/
2012-07-22,02:03:25,wxg9h,693,"Teenagers kidnapped, tortured, bashed and sexually assaulted a 12 year old autistic child as part of a depraved attack in suburban Townsville.

",townsvillebulletin.com.au,http://www.townsvillebulletin.com.au/article/2012/07/21/348761_news.html
2012-07-22,05:32:16,wxqrp,540,Rupert Murdoch resigns as News International director,bbc.co.uk,http://www.bbc.co.uk/news/uk-18940016
2012-07-22,00:32:22,wxc76,336,Source: Kim to reform North Korean economy after purge,msnbc.msn.com,http://www.msnbc.msn.com/id/48254185/ns/world_news-asia_pacific/
2012-07-22,16:15:46,wyjox,115,Spanish protests swell as jobless march on Madrid,reuters.com,http://www.reuters.com/article/2012/07/21/us-spain-protests-idUSBRE86K0HO20120721
2012-07-22,17:59:13,wymas,113,Norway's Prime Minister's speech one year after the massacre on Utøya.,translate.google.com,http://translate.google.com/translate?sl=no&tl=en&js=n&prev=_t&hl=en&ie=UTF-8&layout=2&eotf=1&u=http%3A%2F%2Fwww.dagbladet.no%2F2012%2F07%2F22%2Fnyheter%2F22_juli%2Fkransenedleggelse%2Fjens_stoltenberg%2Fett_ar_etter%2F22628866%2F&act=url
2012-07-23,03:39:14,wz4jl,116,"""Dramatic"" New Maya Temple Found, Covered With Giant Faces",news.nationalgeographic.com,http://news.nationalgeographic.com/news/2012/07/120720-maya-temple-el-zotz-masks-faces-science-houston/
2012-07-23,00:47:23,wywgy,102,Madagascar Army Base in Mutiny,bbc.co.uk,http://www.bbc.co.uk/news/world-africa-18946419
2012-07-22,13:04:46,wych9,61,Japan to investigate radiation cover-up claims:   A subcontractor hired after the nuclear disaster at Fukushima is reported to have told workers to cover up devices meant to detect unsafe levels of radiation. Japan's health ministry is looking into the matter. ,dw.de,"http://www.dw.de/dw/article/0,,16116948,00.html"
2012-07-22,08:09:26,wxyj8,56,"Japan ""reduces"" radiation exposures of cleanup crews with lead lined detectors.",asahi.com,http://www.asahi.com/national/update/0721/TKY201207200768.html
2012-07-22,12:44:37,wybi4,51,"""The deadly earthquake that leveled Haiti's capital more than two years ago brought a thread of hope: a promise of renewal. . . . Today, the fruits of an ambitious, $1.8 billion U.S. reconstruction promise are hard to find.""",seattlepi.com,http://www.seattlepi.com/news/article/US-pledge-to-rebuild-Haiti-not-being-met-3724950.php
2012-07-22,10:29:59,wy5a3,44,"With Syria imploding, is Hezbollah next?
Hezbollah’s loyalty to the brutal regime in Syria is costing it support and exacerbating divisions in Lebanon",csmonitor.com,http://www.csmonitor.com/Commentary/Opinion/2012/0720/With-Syria-imploding-is-Hezbollah-next
2012-07-22,21:12:17,wyq4c,41,Spiegel: IMF to provide no new funds to Greece,dw.de,"http://www.dw.de/dw/article/0,,16117892,00.html?maca=en-rss-en-all-1573-rdf"
2012-07-22,09:16:37,wy1ss,38,Rupert Murdoch Resigns as Head of News International,theatlanticwire.com,http://www.theatlanticwire.com/business/2012/07/rupert-murdoch-resigns-head-news-international/54863/
2012-07-22,22:04:08,wyrcy,33,Rolling Stone Mobile - Politics - Politics: Global Warming's Terrifying New Math,m.rollingstone.com,http://m.rollingstone.com/?redirurl=/politics/news/global-warmings-terrifying-new-math-20120719
2012-07-22,12:28:20,wyas7,32,"Prosecutors in Chile are investigating 61 schools in the capital, Santiago, over allegations that pupils were sexually abused. ",globalpost.com,http://www.globalpost.com/dispatch/news/regions/americas/chile/120721/santiago-chile-child-sex-abuse-pornography-molestation
2012-07-22,13:01:18,wycbp,29,Heaviest rains in 60 years kill 10 in Beijing,reuters.com,http://www.reuters.com/article/2012/07/22/us-china-beijing-weather-idUSBRE86L01C20120722
2012-07-22,10:19:26,wy4sx,25,"Iraq Sends Troops To Seal Borders Against Syrian Rebels, Evacuates Iraqi Nationals From Damascus  ",ibtimes.com,http://www.ibtimes.com/articles/365424/20120720/iraq-syria-border-troops-crossing-evacuate-damascus.htm
2012-07-22,00:56:42,wxd7k,21,Qaedat al-Jihad claims responsibility for Burgas attack.,ynetnews.com,"http://www.ynetnews.com/articles/0,7340,L-4258440,00.html"
2012-07-22,12:38:21,wyb7f,19,Palestinian dies after 'fall' while in custody. ,france24.com,http://www.france24.com/en/20120715-palestinian-ex-officer-dies-after-fall-custody
2012-07-22,16:35:31,wyk8r,17,World renowned writer and activist Alexander Cockburn dead at 71 - nytimes,nytimes.com,http://www.nytimes.com/2012/07/22/business/media/alexander-cockburn-left-wing-writer-dies-at-71.html
2012-07-22,22:41:52,wysg3,15,Bear sightings spike in Japan's northeast,mainichi.jp,http://mainichi.jp/english/english/newsselect/news/20120722p2a00m0na011000c.html
2012-07-22,12:57:17,wyc4e,16,Russian President Vladimir Putin has signed the bill ratifying the country's accession into the World Trade Organization after 18 years of complicated negotiations. ,rt.com,http://rt.com/politics/russia-putin-wto-joins-755/
2012-07-23,06:10:44,wzcqp,16,Wealthy hiding up to $21-32 trillion offshore ,aljazeera.com,http://www.aljazeera.com/news/europe/2012/07/2012722145418435676.html
2012-07-22,08:55:03,wy0pn,13,Rupert Murdoch quits as News International director,guardian.co.uk,http://www.guardian.co.uk/media/2012/jul/21/rupert-murdoch-director-news-international-quits
2012-07-22,08:33:17,wxzoh,13,"Pope's butler put under house arrest in leaks case:   Paolo Gabriele, butler of Pope Benedict XVI, was released from custody and placed under house arrest on Saturday pending a ruling on whether he will stand trial on charges he stole confidential documents from the Vatican. ",france24.com,http://www.france24.com/en/20120721-vatican-popes-butler-acted-alone-document-leaks-case-release-house-arrest
2012-07-22,03:31:00,wxkq1,10,Pontifical Catholic University Of Peru Stripped By Vatican Of Right To Call Itself Catholic,huffingtonpost.com,http://www.huffingtonpost.com/2012/07/21/vatican-censures-leading-_n_1691532.html
