2012-01-09,23:47:19,o9dky,2168,"Over Half of Germany's Renewable Energy Owned by Citizens & Farmers, Not Utility Companies",treehugger.com,http://www.treehugger.com/renewable-energy/over-half-germany-renewable-energy-owned-citizens-not-utility-companies.html
2012-01-09,12:07:24,o8uji,1425,"Stephen Hawking, unable to deliver 70th birthday speech.",telegraph.co.uk,http://www.telegraph.co.uk/science/science-news/9001187/Prof-Stephen-Hawking-too-unwell-to-deliver-own-70th-birthday-speech.html
2012-01-09,03:22:08,o87xa,1313,Extremist Jews prevent women from voting in Israel,cbsnews.com,http://www.cbsnews.com/8301-501713_162-57343096/extremist-jews-prevent-women-from-voting-in-israel/
2012-01-09,21:43:15,o99l5,1104,"Indigenous Amazonian Child Burned to Death by Loggers - 
""It was just pure evilness. She is from another tribe, they live in the woods, & have no contact with white people,"" said one witness.",treehugger.com,http://www.treehugger.com/culture/indigenous-amazonian-child-burned-alive-loggers.html
2012-01-09,11:42:05,o8te0,779,Workers at a Hyundai Motor engine factory have suspended production there after an employee set himself on fire to protest the company's alleged suppression of union activities,reuters.com,http://www.reuters.com/article/2012/01/09/us-hyundai-labour-idUSTRE80804C20120109?feedType=RSS&feedName=worldNews&utm_source=feedburner&utm_medium=feed&utm_campaign=Feed%3A+reuters%2FworldNews+%28News+%2F+US+%2F+International%29
2012-01-10,00:18:38,o9etw,676,"RIM, Nokia and Apple added backdoors to their mobile software which the Indian Military's intelligence service then used to spy on the US-China Economic and Security Review Commission. The backdoors were added in exchange for Indian market presence",osnews.com,http://osnews.com/story/25486/Indian_Government_Memo_Apple_Nokia_RIM_Supply_Backdoors
2012-01-09,00:15:25,o816v,613,Haiti 2 years later: Half a million still in camps,miamiherald.com,http://www.miamiherald.com/2012/01/08/2579242/haiti-2-years-later-half-a-million.html
2012-01-09,16:18:15,o9309,500,Iran death sentence for 'CIA spy' Amir Mirzai Hekmati,bbc.co.uk,http://www.bbc.co.uk/news/world-middle-east-16465820
2012-01-09,22:30:51,o9awh,381,'OCCUPY NIGERIA': Huge Strike Brewing As President Moves To End Fuel Subsidies,businessinsider.com,http://www.businessinsider.com/occupy-nigeria-strike-2012-1
2012-01-09,23:03:24,o9bxb,216,"The Pirate Bay Shows Futility of Domain and DNS Blocks: In Oct 2011, a court in Finland ordered an ISP to block The Pirate Bay to stop copyright infringement among its subscribers. Today, the blockade took effect...",torrentfreak.com,https://torrentfreak.com/the-pirate-bay-shows-futility-of-domain-and-dns-blocks-120109/
2012-01-09,18:22:41,o95in,202,"China is planning a military base in Pakistan, India Today reported, citing ""a secret report prepared by the government's joint intelligence committee.""
",globalpost.com,http://www.globalpost.com/dispatch/news/war/military/120109/musharraf-china-military-pakistan-bases-wen-jibao
2012-01-10,03:12:38,o9moh,196,8 Mighty Rivers Run Dry from Overuse,environment.nationalgeographic.com,http://environment.nationalgeographic.com/environment/photos/rivers-run-dry/
2012-01-09,20:32:34,o97x9,123,Body of self-immolated Tibetan monk 'publicly paraded' in China,globalpost.com,http://www.globalpost.com/dispatch/news/regions/asia-pacific/china/120109/tibet-monk-sopa-self-immolation-body-paraded
2012-01-09,22:22:37,o9ank,120,"Picasso and Mondrian paintings stolen from the National Gallery in Athens, Greece.",athensnews.gr,http://www.athensnews.gr/portal/1/52134
2012-01-09,12:32:34,o8vlp,85,Japan embassy firebombed in Seoul,japantimes.co.jp,http://www.japantimes.co.jp/text/nn20120109a5.html#.TwptyklmS6c.reddit
2012-01-09,23:25:06,o9cos,71,Iran’s President Reaches Venezuela in his Latin American Tour,tribune-news.com,http://tribune-news.com/2012/01/09/irans-president-reaches-venezuela-in-his-latin-american-tour/
2012-01-09,21:52:44,o99tz,68,"""Want another sign of just how bad Greece's economy is?  Its agricultural industry is growing."" ",theatlanticwire.com,http://www.theatlanticwire.com/global/2012/01/greeces-growing-overqualified-agricultural-sector/47133/#.TwrxIwxocQQ.reddit
2012-01-09,20:25:01,o97rn,59,"Seoul Searching - Germans Give Pep Talks on Korean Unification - Currently, a delegate of veteran German politicians -- from the former east and west -- are advising the government in Seoul on how the country might reunify if the opportunity arises in the future.",spiegel.de,"http://www.spiegel.de/international/world/0,1518,807123,00.html"
2012-01-09,09:30:44,o8nf6,56,Malaysian court finds opposition leader Anwar Ibrahim not guilty of sodomy.,reuters.com,http://www.reuters.com/article/2012/01/09/us-malaysia-anwar-idUSTRE80801J20120109
2012-01-10,04:28:54,o9qdj,52,Israeli court indicts 5 right-wing extremists - CNN.com,edition.cnn.com,http://edition.cnn.com/2012/01/09/world/meast/israel-extremists-indictment/index.html?hpt=hp_t3
2012-01-09,22:05:15,o9a6r,51,Iran sentences American man to death in CIA case - Yahoo! News,news.yahoo.com,http://news.yahoo.com/iran-sentences-american-man-death-cia-case-082241130.html
2012-01-10,01:20:50,o9hkn,49,"After the final round in Egypt's elections, the Muslim Brotherhood is set to get 41% of the seats, the Salafis 20%, and the three main liberal parties 20% together.  Former Mubarak loyalists got 4%, and most of the rest goes to independents.",aljazeera.com,http://www.aljazeera.com/news/middleeast/2012/01/201217202116540431.html
2012-01-09,04:40:29,o8b7j,49,"Danish warship captures suspected pirate mothership, frees 14 Pakistani and Iranian hostages and arrests 25 pirates.",washingtonpost.com,http://www.washingtonpost.com/world/europe/danish-warship-captures-suspected-pirate-mothership-frees-14-people-off-the-horn-of-africa/2012/01/08/gIQAXu1hiP_story.html
2012-01-09,21:48:27,o99q2,39,"Grim Toll As Cocaine Trade Expands in Honduras -- A new UN report shows Honduras to have the highest murder rate in the world. With Mexico's drug cartels looking for new routes to the U.S. market, the grim toll in Honduras is likely to get worse.",pulitzercenter.org,http://pulitzercenter.org/reporting/honduras-central-america-drug-war-cocaine-trade-gang-impunity-violence?mrefid=
2012-01-10,04:04:08,o9p5y,40,India on Track to Be Declared Polio-Free Next Month,scientificamerican.com,http://www.scientificamerican.com/article.cfm?id=pain-relief-india-on-track
2012-01-09,13:36:47,o8y6a,28,"'Occupy Nigeria' emerges ahead of mass strike:  Talking of '1 percent cabals,' opponents of Nigeria's government are angry about its removal of a fuel subsidy and its weak response to ongoing attacks by a radical Islamist sect.",csmonitor.com,http://www.csmonitor.com/World/Africa/2012/0108/Occupy-Nigeria-emerges-ahead-of-mass-strike
2012-01-09,23:12:43,o9c9f,29,"As Syria unravels, prices soar for guns, grenades, & RPGs",csmonitor.com,http://www.csmonitor.com/World/Middle-East/2012/0109/As-Syria-unravels-prices-soar-for-guns-grenades-and-RPGs
2012-01-09,22:04:52,o9a69,25,Swiss National Bank chairman resigns over currency deals that netted family tens of thousands of dollars:,hosted.ap.org,http://hosted.ap.org/dynamic/stories/E/EU_SWITZERLAND_CENTRAL_BANK?SITE=AP&SECTION=HOME&TEMPLATE=DEFAULT
2012-01-10,03:01:02,o9m51,22,Syrian troops ignore Arab League obeservers and fire on protesters,independent.co.uk,http://www.independent.co.uk/news/world/middle-east/syrian-troops-ignore-observers-6287323.html
2012-01-09,23:32:54,o9czv,21,Chinese Tourists & Russians Snapping Up Luxury Goods in Spain - Chinese buying 20% of all luxury goods worldwide,euronews.net,http://www.euronews.net/2012/01/09/chinese-tourists-snap-up-luxury-goods-in-spain/
