2012-04-12,07:19:56,s53ze,1878,North Korea missile launch expected in next 24 to 48 hours,abcnews.go.com,http://abcnews.go.com/blogs/headlines/2012/04/official-north-korea-missile-launch-expected-in-next-24-to-48-hours/
2012-04-12,19:13:52,s5yve,551,Australia's most senior-ranked Catholic says Jews 'intellectually and morally inferior',telegraph.co.uk,http://www.telegraph.co.uk/news/religion/9199453/Australias-most-senior-ranked-Catholic-says-Jews-intellectually-and-morally-inferior.html
2012-04-12,08:08:06,s56ql,536,7.0 Earthquake Mexico the third big quake today,earthquake.usgs.gov,http://earthquake.usgs.gov/earthquakes/recenteqsww/Maps/10/255_20.php
2012-04-12,20:52:23,s619i,398,North Korea doesn't launch missile but tension remains.,ctv.ca,http://www.ctv.ca/CTVNews/World/20120412/north-korea-missile-test-20120412/
2012-04-12,21:47:14,s62xw,362,"Chinese workers in Zimbabwe are buying up the local wildlife for dinner, feasting on endangered tortoises, pythons, leopards — and even village dogs.",globalpost.com,http://www.globalpost.com/dispatch/news/regions/africa/zimbabwe/120411/chinese-eat-zimbabwe-endangered-wildlife
2012-04-12,21:41:03,s62pt,341,China Deletes Thousands of Online Posts Amid Scandal,news.asiaone.com,http://news.asiaone.com/News/Latest%2BNews/Science%2Band%2BTech/Story/A1Story20120412-339311.html
2012-04-12,16:48:16,s5vid,273,6.2 Earthquake Followed By A 6.9 In Gulf Of California,earthquake.usgs.gov,http://earthquake.usgs.gov/earthquakes/recenteqsww/Quakes/usc00091a1.php
2012-04-12,04:47:56,s4uwi,184,"Fear of Honor Killings: Immigrants Flee Families to Find Themselves -  Hundreds of young female immigrants are hiding from their families in Germany after fleeing oppression, physical violence and even death threats. ",spiegel.de,"http://www.spiegel.de/international/germany/0,1518,826648,00.html"
2012-04-12,20:43:50,s611d,177,"Iceland's volcanoes may power UK: The energy minister is to visit Iceland in May to discuss connecting the UK to its abundant geothermal energy
",guardian.co.uk,http://www.guardian.co.uk/environment/2012/apr/11/iceland-volcano-green-power
2012-04-12,21:09:00,s61pt,149,German brother and sister in incestuous relationship lose European Court of Human Rights case. Germany 'is entitled to ban incest'.,bbc.co.uk,http://www.bbc.co.uk/news/world-europe-17690997
2012-04-13,00:33:47,s6ahb,141,"A bus carrying foreign journalists in North Korea takes a wrong turn, giving them a rare glimpse of everyday life in the secretive nation.",seattlepi.com,http://www.seattlepi.com/news/article/Wrong-turn-grants-glimpse-behind-N-Korean-curtain-3477161.php#photo-2807392
2012-04-12,21:28:00,s62au,137,Unemployment in Greece hits new record high of 21.8 percent,ekathimerini.com,http://www.ekathimerini.com/4dcgi/_w_articles_wsite2_1_12/04/2012_437627
2012-04-12,10:14:08,s5dfu,109,"Tony Blair channels Ronald Reagan, ""doesn't remember"" sending dissidents to Libya for torture",boingboing.net,http://boingboing.net/2012/04/11/tony-blair-channels-ronald-rea.html
2012-04-12,13:11:49,s5nfx,108,Hen: Sweden’s new gender neutral pronoun causes controversy.,slate.com,http://www.slate.com/articles/double_x/doublex/2012/04/hen_sweden_s_new_gender_neutral_pronoun_causes_controversy_.html
2012-04-12,22:25:49,s64d0,105,Wrong Turn Grants Glimpse Behind N. Korean Curtain : NPR,npr.org,http://www.npr.org/templates/story/story.php?storyId=150488889
2012-04-12,01:27:16,s4j4o,87," BP faces shareholder revolt over chief executive Bob Dudley's £4m pay, despite a depressed stock price",guardian.co.uk,http://www.guardian.co.uk/business/2012/apr/11/bp-shareholder-revolt-bob-dudley-pay
2012-04-13,03:21:54,s6jm9,79,"“For every kilo of cocaine that is seized, we want to be compensated 50 percent by the consumer countries,” said Perez recently, arguing it’s the US’s responsibility to pick up more of the counter-drug tab for the region’s poorest nations.""",globalpost.com,http://www.globalpost.com/dispatch/news/regions/americas/120412/united-states-latin-america-legalize-drugs-push
2012-04-12,21:35:24,s62j6,67,China sends 3rd ship in standoff with Philippines,bbc.co.uk,http://www.bbc.co.uk/news/world-asia-17686107
2012-04-13,01:42:18,s6e1m,63,"Bolivian judge defends divination technique - has rejected calls to resign after he admitted ""reading"" coca leaves to help him make decisions.",bbc.co.uk,http://www.bbc.co.uk/news/world-latin-america-17393139
2012-04-13,02:45:01,s6hjg,50,Women in Uzbekistan Forcibly or Unknowingly Sterilized By the Gov't,medicaldaily.com,http://medicaldaily.com/news/20120412/9509/uzbekistan-sterile-sterilization-law-maternal-infant-mortality-rate.htm
2012-04-13,02:35:53,s6h16,46,EFF: Polish digital civil rights group recently published harrowing findings regarding abuses of Poland’s mandatory data retention law,eff.org,https://www.eff.org/deeplinks/2012/04/european-data-retention-directive-work-polish-authorities-abuse-access-data
2012-04-12,04:19:14,s4t4y,40,France’s Socialists Promise to Withdraw French Troops From Afghanistan by 2013,in.reuters.com,http://in.reuters.com/article/2012/04/11/france-election-defence-idINDEE83A0G520120411
2012-04-12,21:21:05,s623n,34,Syria refugees ridicule Assad’s commitment to peace - “His words are all gibberish. This ceasefire won’t last long. Assad has been promising this for a year. I don’t think he’ll withdraw either his tanks or his troops.” ,euronews.com,http://www.euronews.com/2012/04/12/syria-refugees-ridicule-assad-s-commitment-to-peace/
2012-04-12,13:07:46,s5n7s,33,"Erased: Why Tens of Thousands of Haitian Youth Do Not Officially Exist -- Dominican laws have stripped citizenship from many young people of Haitian descent, barring them from legal employment, education, even marriage.",theatlantic.com,http://www.theatlantic.com/international/archive/2012/04/erased-why-tens-of-thousands-of-haitian-youth-do-not-officially-exist/255623/
2012-04-12,06:48:55,s523w,34,'Tortured' Libyan wants answers from Blair:  A Libyan military commander who is suing the British Government over its alleged complicity in his rendition and torture yesterday demanded answers from Tony Blair and Jack Straw. ,telegraph.co.uk,http://www.telegraph.co.uk/news/politics/9198867/Tortured-Libyan-wants-answers-from-Blair.html
2012-04-13,00:07:26,s6938,29,MI6 anti-terrorism officials' phone call is recorded and leaked on internet by hacking group TeamPoison,guardian.co.uk,http://www.guardian.co.uk/uk/2012/apr/12/met-police-anti-terrorism-hotline
2012-04-12,23:47:35,s682n,28,Contact lost with flagship Envisat spacecraft,bbc.co.uk,http://www.bbc.co.uk/news/science-environment-17692027
2012-04-12,21:35:35,s62j9,28,US counters drug smugglers in Mexican newspapers,news.yahoo.com,http://news.yahoo.com/us-counters-drug-smugglers-mexican-newspapers-173705255.html
2012-04-12,09:59:08,s5cjh,30,7.0-magnitude quake strikes western Mexico,edition.cnn.com,http://edition.cnn.com/2012/04/11/world/americas/mexico-earthquake/index.html
2012-04-13,00:02:58,s68uy,22,Rome prosecutors link Vatican cleric to 29-year mystery of missing girl,guardian.co.uk,http://www.guardian.co.uk/world/2012/apr/12/prosecutors-link-vatican-missing-girl
