2012-11-08,13:22:13,12udaw,2988," Ancient Buddhist city of Mes Aynak will be destroyed,  turned into an open pit copper mine",pasthorizonspr.com,http://www.pasthorizonspr.com/index.php/archives/11/2012/help-save-the-cultural-heritage-of-afghanistan
2012-11-08,01:00:21,12szay,1292,7.4 Earthquake in Guatemala,earthquake.usgs.gov,http://earthquake.usgs.gov/earthquakes/eventpage/usb000dlwm#summary
2012-11-08,06:12:40,12tleq,1038,Athens ablaze as protesters try to storm parliament | World news | The Guardian,guardian.co.uk,http://www.guardian.co.uk/world/2012/nov/07/greece-austerity-protests-violence
2012-11-08,23:13:57,12uxn2,986,South Korean activists float condoms into N.Korea,channelnewsasia.com,http://www.channelnewsasia.com/stories/afp_asiapacific/view/1235996/1/.html
2012-11-08,20:38:29,12ur7w,457,"New player in ""Earth 2.0"" hunt: seven times Earth size, 42 light years away, orbit within habitable zone.",bbc.co.uk,http://www.bbc.co.uk/news/science-environment-20249753
2012-11-08,21:07:06,12us42,363,The Australian government has finally backed down on its plan for a controversial mandatory internet filter.,theage.com.au,http://www.theage.com.au/technology/technology-news/backdown-on-internet-filter-plan-20121108-290qr.html
2012-11-08,20:58:45,12uru9,273,Taliban commander: “I was relieved at the death of Osama”,newstatesman.com,http://www.newstatesman.com/politics/politics/2012/07/i-was-relieved-death-osama%E2%80%9D
2012-11-08,21:46:02,12utj8,179,"Global warming in the next few years could place all of the disputed islands in the South China Sea under water, ending the possibility of a major war in Asia. ",thediplomat.com,http://thediplomat.com/2012/11/08/can-climate-change-wash-away-south-china-sea-dispute/
2012-11-08,21:56:11,12utxb,107,"Despite 'The Cove' documentary winning an Oscar and raised public awareness, the inhuman slaughter of dolphins and pilot continues in Taiji, Japan.",abclocal.go.com,http://abclocal.go.com/kgo/story?section=news%2Fiteam&id=8877991
2012-11-08,15:48:07,12ujer,98,South Koreas secret: Runaway teen prostitution,aljazeera.com,http://www.aljazeera.com/indepth/features/2012/11/201211765417647799.html
2012-11-08,18:53:14,12uoc3,79,"BBC tells star science presenter Brian Cox that impromptu extraterrestrial contact would break health and safety guidelines, stops him using Jodrell Bank to listen to possible candidate for alien life on live stargazing programme.",guardian.co.uk,http://www.guardian.co.uk/media/2012/nov/07/brian-cox-search-alien-bbc
2012-11-08,16:20:46,12ukf2,76,"Zimbabwe's tobacco growers angry at the WHO's anti-smoking stance. The tobacco crop makes up 26% of the country's foreign revenue. Tobacco one of the only viable cash crops for the country, as the country faces a food deficit.",guardian.co.uk,http://www.guardian.co.uk/global-development/poverty-matters/2012/nov/07/zimbabwe-tobacco-industry-unhappy-who
2012-11-08,22:01:42,12uu4z,80,4 Tibetans burn themselves as Chinese leaders' meet ,cnn.com,http://www.cnn.com/2012/11/08/world/asia/china-tibetan-self-immolations/index.html?hpt=hp_t3
2012-11-08,17:40:45,12umjn,69,"Archaeologists Explore War Torn Syria-Turkey Border Site for 1st Time in 90 Yrs, Building on Work of Lawrence of Arabia, When Slabs Carved With Soldiers, Chariots, Animals & Kings Were Found, Along With Ruins of Palaces & Temples",news.yahoo.com,http://news.yahoo.com/archaeologists-explore-syria-turkey-border-072126165.html
2012-11-08,16:38:13,12ukvg,60,"New Leaders Face China's Wealth Divide - As China's fortunes rise, more  wealth is going into fewer hands. China's top 10% of households surveyed have 57% of the country's total income & 85% of total assets. ""Inequality is no longer just a social issue."" ",edition.cnn.com,http://edition.cnn.com/2012/11/08/business/china-leadership-economy/index.html
2012-11-08,07:09:36,12tpgy,58,Dalai Lama's Message to President Obama,huffingtonpost.com,http://www.huffingtonpost.com/2012/11/07/dalai-lama-congratulates-obama-reelection_n_2088857.html?1352322705&ncid=edlinkusaolp00000009
2012-11-08,18:46:06,12uo68,56,Syrian mortar shells land across Israeli border,timesofisrael.com,http://www.timesofisrael.com/syrian-mortal-shells-land-across-israeli-border/
2012-11-08,05:19:33,12thj6,56,Forced labor in India: Slavery in all but name ,chicagotribune.com,"http://www.chicagotribune.com/news/plus/chi-nsc-e-india-forced-labor,0,4238336.story"
2012-11-08,04:18:52,12td6s,53,Egypt's prosecutor-general orders ban on porn websites,english.ahram.org.eg,http://english.ahram.org.eg/NewsContent/1/64/57471/Egypt/Politics-/Egypts-prosecutorgeneral-orders-ban-on-porn-websit.aspx
2012-11-08,04:17:23,12td2p,49,"Suspected French jihadist arrested in Mali. Prosecutors in France are investigating a French man suspected of entering Mali illegally to set up a jihadist cell in the country, where Paris believes there is a risk of militants planning an attack on French soil.",euronews.com,http://www.euronews.com/newswires/1718381-suspected-french-jihadist-arrested-in-mali/
2012-11-08,01:38:42,12t1xd,46,Archaeologists find mammoth skeleton outside Paris,washingtonpost.com,http://www.washingtonpost.com/world/europe/archaeologists-find-mammoth-skeleton-outside-paris/2012/11/07/d8391e26-28fc-11e2-aaa5-ac786110c486_story.html?tid=sm_btn_reddit
2012-11-08,13:52:04,12uero,43,Herd Of Drunken Elephants Ransack Indian Village After Drinking Purloined Liquor ,huffingtonpost.com,http://www.huffingtonpost.com/2012/11/07/drunken-elephants-ransack-indian-village_n_2089483.html?ncid=edlinkusaolp00000003
2012-11-08,14:31:19,12ugjm,43,"Israel begins construction of 1,200 settler homes: Warning to Palestinians to rethink plan to ask UN to recognize independent state of Palestine",salon.com,http://www.salon.com/2012/11/07/israel_begins_construction_of_1200_settler_homes/
2012-11-08,09:30:09,12tz1a,40,7.4 earthquake kills at least 39 in Guatemala,latimes.com,"http://www.latimes.com/news/nationworld/world/la-fg-guatemala-quake-20121108,0,5121125.story"
2012-11-08,15:51:33,12ujj4,35,Awkward video of the day: Netanyahu congratulates Obama on winning  ,hotair.com,http://hotair.com/archives/2012/11/07/awkward-video-of-the-day-netanyahu-congratulates-obama-on-winning/
2012-11-08,05:30:43,12tibz,35,Greek protests turn violent ahead of the newest austerity vote,thestar.com,http://www.thestar.com/news/world/article/1284295--greek-protests-turn-violent-ahead-of-austerity-vote
2012-11-08,06:52:46,12toa7,36,Turkey seeks NATO deployment of Patriot missiles on Syria border. Turkey's foreign minister says NATO is preparing to deploy patriot missiles to bolster defenses on its border with Syria. The surface-to-air missiles will be able to shoot down aircraft up to 160 kilometers away.,rt.com,http://rt.com/news/turkey-syria-patriot-missile-border-168/
2012-11-08,22:05:29,12uuab,36,Greek unemployment at new record high; 25.4%,money.cnn.com,http://money.cnn.com/2012/11/08/news/economy/greece-unemployment/index.html?hpt=hp_t3
2012-11-08,14:22:39,12ug5l,34,Gay Couple Accepts Responsibility For Every Major Disaster of the Last 50 Years ,wessexscene.co.uk,http://www.wessexscene.co.uk/pause/2012/11/06/gay-couple-accepts-responsibility-for-every-major-disaster-of-the-last-50-years/
2012-11-08,10:42:33,12u3rl,29,Magnitude 6.3 quake strikes off Vancouver Island | News | National Post,news.nationalpost.com,http://news.nationalpost.com/2012/11/07/magnitude-6-3-quake-strikes-off-vancouver-island/?utm_source=dlvr.it&utm_medium=twitter
