2012-03-02,23:53:49,qekf3,3041,"AntiSec dumps Monsanto data on the Web: ""Your continued attack on the worlds food supply, as well as the health of those who eat it, has earned you our full attention. Your crimes against humanity are too many to name on one page.""",news.cnet.com,http://news.cnet.com/8301-1009_3-57389119-83/antisec-dumps-monsanto-data-on-the-web/?tag=mncol
2012-03-02,22:19:15,qegvk,755,"Legalization gains support in Central America: Guatemalan President Otto Perez has invigorated the drug legalization debate in Central America, where leaders are under pressure to contain staggering crime rates and battle violent drug cartels.",globalpost.com,http://www.globalpost.com/dispatch/news/regions/americas/120301/drug-legalization-central-america-guatemala
2012-03-02,02:31:59,qd82p,459,EU: Google's new privacy policy is illegal,reuters.com,http://www.reuters.com/article/2012/03/01/us-google-privacy-eu-idUSTRE82011K20120301
2012-03-02,09:22:06,qdsj4,361,South Africans try poisoning horns to save rhinos ,globalpost.com,http://www.globalpost.com/dispatch/news/regions/africa/south-africa/120223/rhino-poaching-south-africa-poisons-rhino-horns
2012-03-02,15:30:24,qe7uo,305,"Accusations of witchcraft are part of growing pattern of child abuse in UK - ""African groups warn that boom in pentecostal churches and belief in 'kindoki' are causing more children to suffer in silence""",guardian.co.uk,http://www.guardian.co.uk/uk/2012/mar/01/accusations-witchcraft-pattern-child-abuse?newsfeed=true
2012-03-02,01:02:16,qd3s4,276,These Are The World's Most Powerful Mercenary Armies,businessinsider.com,http://www.businessinsider.com/bi-mercenary-armies-2012-2?op=1
2012-03-03,05:42:25,qf104,219,England's police forces are to be mostly privatised in an attempt to save money,guardian.co.uk,http://www.guardian.co.uk/uk/2012/mar/02/police-privatisation-security-firms-crime
2012-03-03,00:39:26,qemdg,223,"Elections Canada begins investigations on 31,000 complaints regarding potential electoral fraud by the Conservative Party during the most recent election.",theglobeandmail.com,http://www.theglobeandmail.com/news/politics/elections-canada-faces-31000-complaints-in-robo-call-probe/article2356455/
2012-03-02,10:00:18,qdudr,215,"Overfishing Leaves Swaths of Mediterranean Barren, an Unprecedented Study Concludes  - ""We found a huge gradient, an enormous contrast. Off Spain & Italy, we found the largest fish biomass in the Mediterranean.  Unfortunately, around Turkey & Greece, the waters are bare.""",physorg.com,http://www.physorg.com/news/2012-03-overfishing-swaths-mediterranean-barren.html
2012-03-02,23:05:40,qeih6,207,"Police Censor Google, Facebook and 8,000 Other Sites by Accident",torrentfreak.com,https://torrentfreak.com/google-facebook-and-8000-other-sites-accidentally-dns-blocked-120302/
2012-03-03,03:48:34,qev94,167,"UK photographer Paul Conroy:  ""Syria 'is slaughterhouse"" - Says attacks on the city of Homs were ""a systematic slaughter of the civilian population""",bbc.co.uk,http://www.bbc.co.uk/news/uk-17240610
2012-03-02,23:25:31,qej81,140,Oceans acidifying at fastest rate in 300 million years.,nakedcapitalism.com,http://www.nakedcapitalism.com/2012/03/current-rate-of-ocean-acidification-worst-in-300-million-years.html
2012-03-02,22:03:01,qegdq,113,Russian Election: Workers 'Paid To Vote Putin',news.sky.com,http://news.sky.com/home/world-news/article/16180553
2012-03-02,22:58:39,qei7u,114,"As Myanmar moves ahead with a set of reforms that have included the release of political prisoners, the country's government is also opening up its media. In some cases they've ended pre-publication censorship entirely and in others they've greatly reduced the restrictions",theworld.org,http://www.theworld.org/2012/03/press-freedom-myanmar/
2012-03-02,10:13:06,qduz6,106,Peeing Frenchman sues Google for making him 'laughing stock',france24.com,http://www.france24.com/en/20120301-peeing-frenchman-sues-google-making-him-laughing-stock?ns_campaign=editorial&ns_source=RSS_public&ns_mchannel=RSS&ns_fee=0&ns_linkname=20120301_peeing_frenchman_sues_google_
2012-03-02,08:06:26,qdox1,92,"Cairo’s ‘hijab-free’ zones trigger cries of hypocrisy ... “Feeling besieged, this segment seems willing to accept and even embrace the kind of steps that would prompt a discrimination lawsuit and cries of Islamaphobia if they were attempted in the US or Europe” ",theglobeandmail.com,http://www.theglobeandmail.com/news/world/worldview/cairos-hijab-free-zones-trigger-cries-of-hypocrisy/article2354206/
2012-03-02,04:16:51,qdd78,93,"Furniture giant Ikea paid for secret police files to spy on ""complaining"" customers and ""suspicious"" staff at stores in France.",telegraph.co.uk,http://www.telegraph.co.uk/news/worldnews/europe/france/9113701/Ikea-paid-police-for-files-on-complaining-customers.html
2012-03-02,21:06:39,qeevn,90,Community reaction to 'destructive' war on marijuana warning,cbc.ca,http://www.cbc.ca/news/yourcommunity/2012/03/community-reaction-to-panels-warning-against-destructive-war-on-pot.html
2012-03-03,00:43:19,qemiz,67,Mexico adopts surveillance legislation that will grant the police warrantless access to real time user location data,eff.org,https://www.eff.org/deeplinks/2012/03/mexico-adopts-surveillance-legislation
2012-03-02,22:41:21,qehm6,63,‘Organ Thieves’ Busted in Ukraine,en.ria.ru,http://en.ria.ru/crime/20120228/171596325.html
2012-03-02,21:27:23,qefe2,51,Muslims in Germany - Study Hints that Mutual Suspicion Is Slowing Integration,spiegel.de,"http://www.spiegel.de/international/germany/0,1518,818666,00.html"
2012-03-02,19:28:33,qecsm,38,Somali al-Shabab base captured outside Mogadishu:  A major base of Somalia's al-Shabab militants has been captured on the outskirts of the capital by government troops backed by African Union forces.,bbc.co.uk,http://www.bbc.co.uk/news/world-africa-17231884
2012-03-02,23:14:44,qeitv,37,"Novartis takes the Indian government to court over its patent law, in a move that threatened access to affordable medicines.",doctorswithoutborders.org,http://www.doctorswithoutborders.org/publications/article.cfm?id=5768&cat=briefing-documents
2012-03-02,23:05:42,qeih9,34,"Russian Prime Minister Vladimir Putin on Friday said his country had no special relationship with the Syrian regime, adding that it was up to the Syrians to decide who should run their country",english.alarabiya.net,http://english.alarabiya.net/articles/2012/03/02/198100.html
2012-03-02,23:36:37,qejol,27,"Bullfighter’s Return Stuns a Hardened Sport - Five months after surviving a horrifying goring, Juan José Padilla, one of Spain’s leading bullfighters, wears a patch over his left eye and cannot chew any food, even after a series of surgeries to reconstruct part of his face.",nytimes.com,http://www.nytimes.com/2012/03/02/world/europe/bullfighters-return-stuns-a-hardened-sport.html?_r=1&smid=tw-nytimes&seid=auto
2012-03-03,06:49:22,qf48p,22,"9 more English farms report virus causing birth defects & miscarriages in livestock -  Spread by midges, mosquitoes & ticks, it's in Wiltshire, W Berkshire, Gloucestershire, Norfolk, Suffolk, Essex, Kent, E. & W. Sussex, Hertfordshire, Surrey, Hampshire, Cornwall, & the Isle of Wight.  ",bbc.co.uk,http://www.bbc.co.uk/news/uk-17236328
2012-03-03,01:36:48,qep0e,23,"A Global Icon is Reborn: Londoners meet city's new $36,000 per seat red bus",worldnews.msnbc.msn.com,http://worldnews.msnbc.msn.com/_news/2012/03/02/10553382-a-global-icon-is-reborn-londoners-meet-citys-new-36000-per-seat-red-bus
2012-03-02,11:21:29,qdy8j,20,"When an athlete-turned-humanitarian Dikembe Mutombo and an energy executive tried to buy gold in Kenya, they found themselves mired in Congo's dangerous world of conflict minerals -- and totally outmatched.",theatlantic.com,http://www.theatlantic.com/international/archive/2012/03/the-warlord-and-the-basketball-star-a-story-of-congos-corrupt-gold-trade/253813/?single_page=true
2012-03-03,02:16:55,qeqvf,21,Most of China's cities will fail to meet new air quality standards,globalpost.com,http://www.globalpost.com/dispatch/news/regions/asia-pacific/china/120302/most-chinas-cities-will-fail-meet-new-air-quality-standards
2012-03-02,20:42:48,qeeb1,14,Why the West won't take on Syria,cbc.ca,http://www.cbc.ca/news/world/story/2012/03/01/f-vp-petricic-syria.html
