2012-03-26,19:51:04,re186,1924,Denmark aims to get 50% of all electricity from wind power,guardian.co.uk,http://www.guardian.co.uk/environment/2012/mar/26/wind-energy-denmark
2012-03-26,01:45:14,rct6z,1548,Queen Elizabeth stuns bride and groom by accepting invite,cnn.com,http://www.cnn.com/2012/03/25/world/europe/uk-queen-wedding-crasher/index.html?eref=mrss_igoogle_cnn
2012-03-26,04:45:18,rd1l4,876,"The Mariana Trench, the deepest part of the world's oceans, 6.78 miles deep, has only been reached by two humans and that was 50 years ago. Today however, James Cameron has started his descent to the ocean's deepest point. He is going to be the third human who has reached the Mariana Trench.",bbc.co.uk,http://www.bbc.co.uk/news/science-environment-17399978#TWEET108020
2012-03-26,07:56:46,rdape,364,Earthquake in Chile,reuters.com,http://www.reuters.com/article/2012/03/25/chile-quake-idUSL2E8EP6GT20120325
2012-03-27,00:36:56,reazw,320,"'Last week UK approved the extradition of 23-yr-old student, Richard O’Dwyer to the US. In a response to the decision, The Times reader wrote an interesting letter that’s worth sharing...'",torrentfreak.com,https://torrentfreak.com/copyright-cant-120319/
2012-03-26,12:16:55,rdncw,301,Prominent Kuwaiti Muslim scholar says ‘freedom comes before Shariah’,english.alarabiya.net,http://english.alarabiya.net/articles/2012/03/25/203152.html
2012-03-26,20:07:35,re1l5,257,"A fall to cheer: For the first time ever, the number of poor people is declining everywhere",economist.com,http://www.economist.com/node/21548963/
2012-03-27,02:56:32,rehtn,213,Israel cuts ties with UN human rights body - Middle East - Al Jazeera English,aljazeera.com,http://www.aljazeera.com/news/middleeast/2012/03/201232614191837437.html#.T3CtxW8UtsI.reddit
2012-03-26,20:48:07,re2jc,174,Poland's new gas reserves turn out to be about 10% of the original estimate. ,washingtonpost.com,http://www.washingtonpost.com/business/industries/estimate-cuts-polands-usable-shale-gas-reserves-to-under-768-billion-cubic-meters/2012/03/21/gIQAkgETRS_story.html
2012-03-26,23:19:54,re7mw,172,"Greed Is The Beginning of Everything --- 


Interview with Tomas Sedlacek, freethinking Czech economist and philosopher. ""Complicated mathematical models are simply wrong or pointless at best. The real question should be: Is the economy working the way we want it to?""",spiegel.de,"http://www.spiegel.de/international/business/0,1518,822981,00.html"
2012-03-26,20:45:51,re2he,165,"Kenya announces discovery of oil
",bbc.co.uk,http://www.bbc.co.uk/news/world-africa-17513488
2012-03-26,23:00:26,re6tw,156,"Monsanto, a half-century of health scandals",axisoflogic.com,http://axisoflogic.com/artman/publish/Article_64376.shtml
2012-03-26,09:32:15,rdf9b,148,Proving you're gay to the Turkish army,bbc.co.uk,http://www.bbc.co.uk/news/magazine-17474967
2012-03-26,09:51:51,rdg80,127,"A gang of women -- described as blonde, bilingual and well educated -- have been taking Brazilian shopping malls by storm, kidnapping female shoppers and maxing out their credit cards, police say.",news.yahoo.com,http://news.yahoo.com/brazil-police-hunt-gang-blondes-kidnappers-222333388.html
2012-03-26,20:43:35,re2f7,96,"In a visit to Cuba, Pope Benedict calls for Cuba to abandon Marxism, saying that ""It is evident that Marxist ideology in the way it was conceived no longer corresponds to reality.""",guardian.co.uk,http://www.guardian.co.uk/world/2012/mar/25/pope-criticises-marxism-cuba-visit
2012-03-26,21:58:26,re4o0,93,"Israel cuts contact with UN rights council, to protest settlements probe: Foreign Ministry orders envoy to Geneva to ignore all phone calls from rights council commissioner; 'The council sparked this process', says a senior Israeli official",haaretz.com,http://www.haaretz.com/news/diplomacy-defense/israel-cuts-contact-with-un-rights-council-to-protest-settlements-probe-1.420786
2012-03-26,21:55:59,re4l4,90, Only one of Japan's 54 nuclear reactors now running,worldnews.msnbc.msn.com,http://worldnews.msnbc.msn.com/_news/2012/03/26/10862339-only-one-of-japans-54-nuclear-reactors-now-running
2012-03-26,07:52:08,rdahg,84,Israeli police say they have launched an investigation into reports soccer fans swarmed into a Jerusalem mall chanting anti-Arab slogans and beat Palestinian workers there.,hosted.ap.org,http://hosted.ap.org/dynamic/stories/M/ML_ISRAEL_MALL_MOB?SITE=RIPAW&SECTION=HOME&TEMPLATE=DEFAULT
2012-03-26,08:58:15,rddn1,78,"Afghan gun massacre families paid compensation. The families received around $50,000 for each person killed and about $10,000 for each wounded in the shootings in two villages in Panjwai district earlier this month. 
",reuters.com,http://www.reuters.com/article/2012/03/25/us-afghanistan-shooting-idUSBRE82O0BA20120325
2012-03-26,21:36:44,re3yc,74,Man in Afghan army uniform shoots 2 NATO troops in Afghanistan.,washingtonpost.com,http://www.washingtonpost.com/world/man-in-afghan-army-uniform-shoots-2-nato-troops-in-afghanistan/2012/03/26/gIQAe8tUbS_story.html
2012-03-26,23:20:19,re7nf,73,"Israel cuts contact with U.N. Human Rights Council over probe into Jewish settlements in the occupied West Bank.
",uk.reuters.com,http://uk.reuters.com/article/2012/03/26/uk-israel-un-settlements-idUKBRE82P0J220120326
2012-03-27,03:16:01,reis8,58,"A Norwegian court on Monday sentenced Mullah Krekar, the founder of a Iraqi Kurdish Islamist group, to five years in jail for issuing death threats against a former government minister and others.",english.alarabiya.net,http://english.alarabiya.net/articles/2012/03/26/203344.html
2012-03-26,13:08:30,rdpt4,53,Japan shuts down another nuclear reactor; all could be off line by May ,washingtonpost.com,http://www.washingtonpost.com/world/asia_pacific/japan-shuts-down-another-nuclear-reactor-all-could-be-off-line-by-may/2012/03/25/gIQAXY8qaS_story.html
2012-03-26,08:08:46,rdb9c,48,"Shell Scrambles To Pay Huge Bill For Iran Oil: ""'There are big frustrations with the payment route -- the U.S. pressure is really working,' said a senior oil source. 'It's now nearly impossible to use the banking system.'""",cnbc.com,http://www.cnbc.com/id/46849739
2012-03-27,02:20:33,reg1v,43,"Pakistan bans ""Indian James Bond"" film ",cbsnews.com,http://www.cbsnews.com/8301-202_162-57404566/pakistan-bans-indian-james-bond-film/?tag=cbsnewsLeadStoriesAreaMain
2012-03-26,02:48:45,rcvyh,32,Journalist seeking truth about Khmer Rouge 'fears for his life' ,guardian.co.uk,http://www.guardian.co.uk/world/2012/mar/25/journalist-khmer-rouge-fears-life
2012-03-26,13:28:52,rdqpa,34,Miss Universe Canada finalist disqualified after judges discover she was born male,dailymail.co.uk,http://www.dailymail.co.uk/news/article-2119786/Jenna-Talackova-Transgender-beauty-queen-kicked-Miss-Universe-Canada-pageant.html
2012-03-26,09:38:22,rdfkh,35,Iran to increase cash handouts:  Monthly payments to citizens to be boosted by more than 50 per cent as inflation soars and currency depreciates.,aljazeera.com,http://www.aljazeera.com/news/middleeast/2012/03/201232518497295309.html
2012-03-26,19:49:59,re173,27,"Senegal’s Sall Hails Presidential Win - It's the only nation on mainland West Africa not to have seen a coup or civil war since independence
",euronews.com,http://www.euronews.com/2012/03/26/senegal-s-sall-hails-presidential-win/
2012-03-26,19:41:28,re102,25,Tibetan protester lights self on fire during anti-China protest in Indian capital,washingtonpost.com,http://www.washingtonpost.com/world/asia_pacific/tibetan-protester-lights-self-on-fire-during-anti-china-protest-in-indian-capital/2012/03/26/gIQAkJFObS_story.html
