2012-04-28,10:40:45,sw7z3,1940,Dutch government decrees that all cannabis cafes are off-limits to tourists,guardian.co.uk,http://www.guardian.co.uk/world/2012/apr/27/netherlands-cannabis-cafes-off-limits-tourists?INTCMP=SRCH
2012-04-28,23:28:32,swskh,1744,"Irish Catholic priests say they will not report confessions of child sexual abuse when revealed to them by parishioners in the confessional; under a proposed law, every person in Ireland is obliged to report suspected sexual abuse of children and vulnerable adults to police",irishcentral.com,http://www.irishcentral.com/news/Irish-priests-say-they-will-disobey-new-confession-box-law-on-child-abuse-149029005.html
2012-04-28,03:43:14,svnys,1612,"Japan Emperor and the Empress want cut-price funerals:  The Emperor and the Empress of Japan have stated they wish to be cremated in cut-price funerals after their deaths, breaking with 350 years of tradition. ",telegraph.co.uk,http://www.telegraph.co.uk/news/worldnews/asia/japan/9231620/Japan-Emperor-and-the-Empress-want-cut-price-funerals.html
2012-04-28,00:11:03,svd4z,993,"Australian Govt. raises super tax on high-income earners of over $300,000 a year, a move which is expected to earn the govt. over $1B",theaustralian.com.au,http://www.theaustralian.com.au/national-affairs/treasury/super-tax-doubled-for-top-earners/story-fndbwnla-1226341259101
2012-04-28,19:36:43,swnma,763,Spain's unemployment rate now at 24.4%,money.cnn.com,http://money.cnn.com/2012/04/27/news/economy/spain-jobs-growth/index.htm?hpt=ieu_c2
2012-04-28,23:16:41,sws82,446,Loneliness becoming 'norm' in Japan,aljazeera.com,http://www.aljazeera.com/news/asia-pacific/2012/04/20124285139116752.html
2012-04-28,01:23:17,svguv,445,"Royal Society Calls for Redistribution of Wealth & More Birth Control to Save Planet - During its 352-year life span, the human population has risen from less than a billion to 7 billion & counting. 23 scientists spent 21 months studying the problem, resulting in  3 recommendations:",blogs.scientificamerican.com,http://blogs.scientificamerican.com/observations/2012/04/26/more-people-on-a-finite-planet-royal-society-sees-limits-to-growth/
2012-04-28,06:25:21,svwis,319,"Quebec Student Protests: ""Canada can point to high tuition fees and ask why Quebecers aren't paying more. Or we could ask why we're paying so much. ... but it's a matter of priorities. Perhaps the rest of the country should ask itself why cheap tertiary education isn't one...""",guardian.co.uk,http://www.guardian.co.uk/commentisfree/2012/apr/27/quebec-tuition-fee-protests-canada-listen?fb=native&CMP=FBCNETTXT9038
2012-04-28,07:36:33,svzwz,259,Romania's Government Collapses,nytimes.com,http://www.nytimes.com/2012/04/28/world/europe/austerity-creating-backlash-across-europe.html?ref=world
2012-04-29,07:03:27,sxbxn,153,"We are rid of Murdoch and that is worth celebrating.
But the villain of the piece did not do it all by himself. Leading figures from many walks of life have enabled his dark side
",guardian.co.uk,http://www.guardian.co.uk/commentisfree/2012/apr/28/henry-porter-murdoch-leveson-inquiry
2012-04-28,22:47:58,swred,139,Israel leadership 'misleading public' on Iran - ex-security chief says ,bbc.co.uk,http://www.bbc.co.uk/news/world-middle-east-17879744#sa-ns_mchannel=rss&ns_source=PublicRSS20-sa
2012-04-29,07:02:48,sxbwh,126,"Britain's Richest Set New Record - 
The UKs richest people are getting even wealthier despite the recession",bbc.co.uk,http://www.bbc.co.uk/news/uk-17883101
2012-04-28,11:24:50,sw9ui,115,"Israel's former Shin Bet chief: I have no confidence in Netanyahu, Barak
Yuval Diskin accuses Israel's leaders of misleading the public on Iran, says they are making decisions 'based on messianic feelings.'",haaretz.com,http://www.haaretz.com/news/diplomacy-defense/israel-s-former-shin-bet-chief-i-have-no-confidence-in-netanyahu-barak-1.426908
2012-04-29,00:05:14,swtr0,82,"Northern Ireland police find 600 pound unexploded bomb in abandoned van; it was found in Newry, Northern Ireland, near the border with the Republic of Ireland",cnn.com,http://www.cnn.com/2012/04/28/world/europe/northern-ireland-bomb/index.html
2012-04-28,23:24:36,swsgd,68,Lebanon stops ship with Syria-bound weapons - Ship originally from Libya and loaded with arms reportedly destined for Syrian opposition is stopped by Lebanese navy.,aljazeera.com,http://www.aljazeera.com/news/middleeast/2012/04/201242813737244536.html
2012-04-29,04:04:11,sx3pm,34,Spain to persist in ‘suicidal’ austerity policies despite 25% unemployment rate,rawstory.com,http://www.rawstory.com/rs/2012/04/27/spain-to-persist-in-suicidal-austerity-policies-despite-25-unemployment-rate/
2012-04-28,02:43:26,svkx7,39,Study of the Day: Even the Religious Lose Faith When They Think Critically,theatlantic.com,http://www.theatlantic.com/health/archive/2012/04/study-of-the-day-even-the-religious-lose-faith-when-they-think-critically/256402/
2012-04-28,23:26:35,swsih,34,Egyptian protests over detained lawyer shut Saudi embassy,bbc.co.uk,http://www.bbc.co.uk/news/world-middle-east-17881733
2012-04-28,17:17:38,swlak,31,Police Fire Tear Gas as Thousands Defy Malaysian Protest Ban,bloomberg.com,http://www.bloomberg.com/news/2012-04-28/suspected-explosive-material-found-near-malaysia-protest-site.html
2012-04-28,15:48:20,swj8b,26,New photo shows work at North Korea nuclear test site,usatoday.com,http://www.usatoday.com/news/world/story/2012-04-28/north-korea-nuclear-site/54593602/1
2012-04-28,17:35:02,swllu,29,Former head of Israeli internal security agency says attacking Iran would encourage Iran to speed its nuclear bomb plans,jpost.com,http://www.jpost.com/DiplomacyAndPolitics/Article.aspx?ID=267783&R=R1
2012-04-28,01:55:39,svikj,21,"Chen Guangcheng, the blind, self-taught lawyer known for his outspoken opposition to China’s forced abortion and sterilization policies, has escaped from house arrest and posted a dramatic YouTube video calling on Premier Wen Jiabao to investigate his case and protect his family.",washingtonpost.com,http://www.washingtonpost.com/world/blind-chinese-lawyer-activist-escapes-house-arrest/2012/04/27/gIQAdzTAlT_story.html?tid=pm_world_pop
2012-04-28,08:26:21,sw25w,20,Pakistan's spy agency seeks some credit for bin Laden's death: “The lead and the information actually came from us”,washingtonpost.com,http://www.washingtonpost.com/world/asia_pacific/pakistans-spy-agency-seeks-some-credit-for-bin-ladens-death/2012/04/27/gIQANaU7lT_story.html
2012-04-28,21:41:23,swptj,15,'Where Children Sleep': A moving look at what kids have — and lack - Slideshows and Picture Stories - TODAY.com,today.msnbc.msn.com,http://today.msnbc.msn.com/id/44077710#.T5tGg7PDd4A
2012-04-28,22:12:26,swqiq,16,U.S. officials: Core al-Qaeda 'essentially gone' – USATODAY.com,usatoday.com,http://www.usatoday.com/news/world/story/2012-04-28/al-qaeda-threat-reduced/54595856/1
2012-04-28,23:32:16,swsoz,14,Bomb leaves 10 Afghan police dead,bbc.co.uk,http://www.bbc.co.uk/news/world-asia-17880461
2012-04-29,02:15:30,swyuq,13,"Police use tear gas, water cannons as tens of thousands rally for electoral reform in Malaysia. Current government electoral rolls claim 150 year old man is registered to vote.",the-diplomat.com,http://the-diplomat.com/2012/04/29/malaysia-rally-turns-ugly/
2012-04-28,12:40:12,swcx0,12,"Chinese scientists call for an end to bear farming; around 10,000 endangered Asian black bears or ""moon bears"" are kept captive in China so that their bile can be extracted for use in traditional Chinese medicine",blogs.nature.com,http://blogs.nature.com/news/2012/04/chinese-scientists-call-for-an-end-to-bear-farming.html
2012-04-28,14:22:18,swgnm,11,"'60 Minutes,' Israeli Ambassador Clash Over Story About Arab Christians",huffingtonpost.com,http://www.huffingtonpost.com/2012/04/23/60-minutes-israel-christians-bob-simon-michael-oren_n_1446297.html
2012-04-28,20:34:35,swokf,12,Black-Scholes: The maths formula linked to the financial crash,bbc.co.uk,http://www.bbc.co.uk/news/magazine-17866646
