2012-03-20,08:51:00,r4c13,1681,"The ""potato movement"" is taking off across Greece: agricultural produce is being sold directly to consumers by their producers.",guardian.co.uk,http://www.guardian.co.uk/world/blog/2012/mar/18/greece-breadline-potato-movement-farmers
2012-03-20,21:30:39,r51bk,1374,105 year old woman hanged herself after telling her family she was tired of waiting to die.,thesun.co.uk,http://www.thesun.co.uk/sol/homepage/news/4206753/Woman-kills-herself-at-105-after-getting-tired-of-waiting-for-death.html
2012-03-20,16:28:54,r4ufv,1160,UK: Student wins Police payout after being arrested for filming,guardian.co.uk,http://www.guardian.co.uk/uk/2012/mar/19/police-payout-student-arrested-filming
2012-03-20,10:38:09,r4hkf,955,Germany’s $263 Billion Shift To Renewable Energy Is The Biggest Reconstruction Of It's Energy Market Since WWII.,bloomberg.com,http://www.bloomberg.com/news/2012-03-19/germany-s-270-billion-renewables-shift-biggest-since-war.html
2012-03-20,19:52:24,r4yk9,611,France restores ban on GMO maize crops | Reuters,reuters.com,http://www.reuters.com/article/2012/03/16/us-france-gmo-idUSBRE82F16I20120316
2012-03-20,05:51:14,r42pg,602,UK teenager arrested for anti-war Facebook post,rt.com,http://rt.com/news/afghanistan-facebook-teenage-arrest-439/
2012-03-20,04:49:44,r3zg6,476,Russian troops roll into Syria to support Assad,news.yahoo.com,http://news.yahoo.com/russian-anti-terror-troops-arrive-syria-164035966--abc-news.html
2012-03-20,20:19:21,r4z9v,342,Iran presses ahead with dollar attack (will no longer accept oil payment in USD just as Saddam did in 2000),telegraph.co.uk,http://www.telegraph.co.uk/finance/commodities/9077600/Iran-presses-ahead-with-dollar-attack.html
2012-03-21,03:27:26,r5i5k,317,"Muhammad Wazir lost his mother, his wife, a sister-in-law, a brother, a nephew, his four daughters and two of his sons in last week's mass shooting in two villages. ""Like anyone, I wanted my children to be doctors, engineers — important people. All my dreams are buried under a pile of dust now.""


",npr.org,http://www.npr.org/2012/03/20/148974952/afghan-farmer-lost-11-relatives-in-shooting-rampage
2012-03-20,18:49:39,r4x4l,275,"Einstein archive goes online - 
Hebrew University of Jerusalem to publish 80,000 of the world-famous physicist’s documents on new internet archive
",timesofisrael.com,http://www.timesofisrael.com/einstein-archive-goes-online/
2012-03-20,09:23:23,r4dox,276,Australia Passes Controversial Mining Tax Into Law - The Australian Senate has pushed through into law a 30% tax on iron ore and coal mining companies,bbc.co.uk,http://www.bbc.co.uk/news/business-17441170
2012-03-20,02:21:38,r3rq6,179,Six political activists who gathered last year to watch and discuss television news broadcasts of the Arab Spring protests were convicted Monday of plotting to overthrow the government.,nytimes.com,http://www.nytimes.com/2012/03/20/world/africa/6-convicted-for-watching-arab-spring-news-in-zimbabwe.html?_r=1
2012-03-20,22:36:48,r53ry,92,Norway's state church headed toward  dis-establishment | The Christian Century,christiancentury.org,http://www.christiancentury.org/article/2012-03/norways-state-church-headed-toward-dis-establishment
2012-03-20,19:32:10,r4y2u,87,Which is the world's biggest employer?,bbc.co.uk,http://www.bbc.co.uk/news/magazine-17429786
2012-03-21,01:51:30,r5d0f,75,"The Vatican has expressed its ""dismay and betrayal"" at the ""sinful and criminal acts"" by Catholic clergy guilty of child abuse across Ireland.",bbc.co.uk,http://www.bbc.co.uk/news/uk-northern-ireland-17442603
2012-03-20,00:51:25,r3n8v,67,"""I cannot imagine US infrastructure, diplomats or personnel would be safe anywhere in the world"" says former Iranian ambassador if US attacked Iran. ",bbc.co.uk,http://www.bbc.co.uk/news/world-middle-east-17387029
2012-03-20,02:00:26,r3qod,66,"Venezuela : Govt. hands out 600 musical instruments to children across ten schools as part of a strategy to prevent crime, and bringing the number of instruments handed out so far to a total of 1,600.",venezuelanalysis.com,http://venezuelanalysis.com/news/6872
2012-03-21,01:12:51,r5b2v,62,Peace-minded Israeli reaches out to everyday Iranians via Facebook - CNN.com,cnn.com,http://www.cnn.com/2012/03/19/world/meast/israel-iran-social-media/index.html?hpt=hp_c1
2012-03-21,07:15:34,r5ugk,61,"Australian Government Moves To Quickly Pass Laws To Sterilize, Electroshock, And Restrain Children Without Parental Consent",preventdisease.com,http://preventdisease.com/news/12/030512_Australian-Government-Moves-To-Quickly-Pass-Laws-To-Sterilize-Electroshock-And-Restrain-Children-Without-Parental-Consent.shtml
2012-03-21,06:49:28,r5t2b,54,Center-Left Mexico Presidential Candidate Vows to End Drug War,stopthedrugwar.org,http://stopthedrugwar.org/topics/politics_advocacy/electoral_politics
2012-03-20,08:47:10,r4btu,48,"Greece:  theatregoers will pay for their tickets not with money but with food, which the theatre's staff will then distribute among half a dozen charities and welfare organisations in the city.",guardian.co.uk,http://www.guardian.co.uk/world/blog/2012/mar/18/greece-breadline-theatre-tickets-food
2012-03-21,02:25:17,r5ere,44,Major earthquake in Mexico : 7.6,earthquake.usgs.gov,http://earthquake.usgs.gov/earthquakes/recenteqsww/Quakes/usc0008m6h.html
2012-03-20,01:45:49,r3pzc,34,"Greek bailout actually another bailout for the banks.  It is estimated that out of every euro provided by Brussels, only 19 cents will go to the Greek government, with the rest flowing straight into the coffers of banks and financial investors. ",wsws.org,http://wsws.org/articles/2012/mar2012/pers-m19.shtml
2012-03-20,20:00:57,r4ys0,26,China raises concern to North Korea about rocket launch,reuters.com,http://www.reuters.com/article/2012/03/20/us-china-northkorea-idUSBRE82J04F20120320
2012-03-20,09:26:21,r4dua,27,Deaths Spotlight Taiwan's 'Overwork' Culture - Working hard is ingrained in Taiwanese society. But recent deaths attributed to overwork are leading people to question the culture for the 1st time.,bbc.co.uk,http://www.bbc.co.uk/news/world-asia-16834258
2012-03-20,20:01:36,r4ysm,24,"Dozens Killed in Iraq Ahead of Arab League Summit -- A string of suicide attacks and car bombings struck Iraq Tuesday, just a week before  a highly anticipated gathering of Arab leaders, killing dozens",nationaljournal.com,http://nationaljournal.com/nationalsecurity/dozens-killed-in-iraq-ahead-of-arab-league-summit-20120320
2012-03-20,12:17:44,r4ml0,25,N Korea invites UN nuclear watchdog:  The United Nations nuclear watchdog says it received an invitation from North Korea to visit.,aljazeera.com,http://www.aljazeera.com/news/asia-pacific/2012/03/201231920231346831.html
2012-03-21,05:43:24,r5pi0,20,"As Italy Cracks Down on Tax Cheats, the Wealthy Are Ditching Their Porsches",time.com,"http://www.time.com/time/world/article/0,8599,2109279,00.html?xid=feed-yahoo-full-mostpopular"
2012-03-21,06:14:30,r5r65,18,"London the ""tuberculosis capital of Europe"" Drug-resistant TB lurks among rich and poor.",news.yahoo.com,http://news.yahoo.com/drug-resistant-white-plague-lurks-among-rich-poor-113851688.html
2012-03-21,05:04:24,r5nd8,13,Israel cracks down on magazine after it publishes photos of off-duty soldiers dressed in drag. ,haaretz.com,http://www.haaretz.com/print-edition/news/idf-cracks-down-on-army-weekly-after-article-featuring-soldiers-in-drag-1.419610
