2012-01-18,09:41:36,olqdf,606,The Mexican navy says it has seized 195 tonnes of chemicals which can be used to make the drug methamphetamine,bbc.co.uk,http://www.bbc.co.uk/news/world-latin-america-16605690
2012-01-18,19:03:31,om9lz,473,BBC News - Israel launches air strike on northern Gaza Strip,bbc.co.uk,http://www.bbc.co.uk/news/world-middle-east-16607400
2012-01-18,11:19:55,oluww,270,"51 people, mostly women and children, killed in South Sudan",bbc.co.uk,http://www.bbc.co.uk/news/world-africa-16593793
2012-01-18,13:23:19,om0m4,199,"Ethiopia: Tens of thousands forced off land for foreign investors, HRW says --  Under Ethiopia's ""villagization"" program, about 70,000 people have been forcibly relocated from agricultural areas slated for development by foreign investors, a Human Rights Watch report says.
",globalpost.com,http://www.globalpost.com/dispatch/news/regions/africa/120117/ethiopia-forced-relocations-foreign-land-ownership-hrw-report
2012-01-18,14:04:55,om2gu,133,"The World Bank says the global economy is on the edge of a new financial crisis, deeper and more damaging than the one that followed the collapse of Lehman Brothers in 2008.

",smh.com.au,http://www.smh.com.au/business/world-business/world-banks-crisis-warning-20120118-1q5n7.html
2012-01-18,18:34:11,om92s,80,Shangri-La joins fight against shark fin soup,france24.com,http://www.france24.com/en/20120118-shangri-la-joins-fight-against-shark-fin-soup
2012-01-18,21:00:22,omc07,52,"Should captain go down with his ship? | Captain 
Francesco Schettino is under fire for abandoning 
ship while passengers remained aboard",edition.cnn.com,http://edition.cnn.com/2012/01/17/travel/cruise-ship-passenger-safety/index.html?hpt=hp_c1
2012-01-18,10:31:28,olsqr,36,Chevron’s burning rig begins to collapse (Nigeria),afr.com,http://afr.com/p/world/chevron_oil_rig_disaster_in_nigeria_DzMYZLpZ1sQvAR7cRYxSPJ
2012-01-18,13:20:40,om0ho,34,"EU launches legal action against Hungarian reforms:  The European Union has launched legal proceedings against Hungary over controversial reforms to the judiciary, banking sector and data protection authority which it says contravene EU law.",dw-world.de,"http://www.dw-world.de/dw/article/0,,15672033,00.html"
2012-01-18,13:18:05,om0cw,18,"Greek rescue blocked by hedge fund greed. Financiers who bought 'distressed' Greek debt insist on making vast profits from the crisis
",independent.co.uk,http://www.independent.co.uk/news/business/news/greek-rescue-blocked-by-hedge-fund-greed-6291112.html
2012-01-18,20:08:43,omasa,14,German Euro-Deputy: S&P Downgrade Part Of American 'War Against The Euro',weeklystandard.com,http://www.weeklystandard.com/blogs/german-euro-deputy-sp-downgrade-part-american-war-against-euro_617109.html
2012-01-18,20:57:08,ombt2,11,BBC News - Concrete balls to deter Indonesia 'train surfers',bbc.co.uk,http://www.bbc.co.uk/news/world-asia-16605184
2012-01-18,18:26:49,om8yp,8,Israeli Hackers Kill Saudi and UAE Stock Markets,gizmodo.com,http://gizmodo.com/5876902/israeli-hackers-kill-saudi-and-uae-stock-markets
2012-01-18,17:21:43,om7vl,10,Currency crisis in Iran as sanctions start to bite,thenational.ae,http://www.thenational.ae/news/world/middle-east/currency-crisis-in-iran-as-sanctions-start-to-bite
2012-01-18,14:47:05,om40n,8,"In Haiti, former dictator ‘Baby Doc’ Duvalier is thriving ... facing charges of crimes against humanity “Baby Doc” Duvalier is living a nice life here after his sudden return from exile ",washingtonpost.com,http://www.washingtonpost.com/world/americas/in-haiti-the-former-dictator-duvalier-thrives/2012/01/13/gIQAaYbM6P_story.html
2012-01-18,20:45:05,ombiv,8,Ceasefire 'agreed' in Syrian mountain town: Opposition says army to withdraw from Zabadani after deal agreed by town leaders and deputy defence minister.,aljazeera.com,http://www.aljazeera.com/news/middleeast/2012/01/201211884752784213.html
2012-01-18,14:54:08,om48z,7,"China says government to be more open, but strict Internet controls to remain ... Officials will expand the use of government spokespeople, boost the overseas reach of state media, and promote the use of microblogs to interact with the public",washingtonpost.com,http://www.washingtonpost.com/world/asia-pacific/china-says-government-to-be-more-open-but-strict-internet-controls-to-remain/2012/01/17/gIQAIHi06P_story.html
2012-01-18,09:46:02,olql7,6,Israeli Hackers Bring Down Saudi Stock Exchange Website,theatlanticwire.com,http://www.theatlanticwire.com/global/2012/01/israeli-hackers-hit-saudi-stock-market/47516/
2012-01-18,14:04:46,om2gr,6,Syrian troops fighting rebels in the town of Zabadani near Lebanon agreed on Tuesday to a ceasefire as the U.N. Security Council diplomats held prolonged talks on a proposed Russian resolution on Syria.,english.alarabiya.net,http://english.alarabiya.net/articles/2012/01/18/188962.html
2012-01-18,19:23:52,om9yq,7,"Pakistan rejects U.S. envoy visit, reviewing cooperation with US/NATO with no firm timeline",reuters.com,http://www.reuters.com/article/2012/01/18/us-pakistan-usa-idUSTRE80H0B920120118?feedType=RSS&feedName=worldNews&utm_source=feedburner&utm_medium=feed&utm_campaign=Feed%3A+reuters%2FworldNews+%28News+%2F+US+%2F+International%29&utm_content=Google+International
2012-01-18,12:25:49,olxwk,6,Ethiopian gunmen kill five foreign tourists,bbc.co.uk,http://www.bbc.co.uk/news/world-africa-16602942
2012-01-18,20:39:59,omben,5,Activists and Japanese whalers clash at sea:  Three activists says they have cuts and bruises after clashing with a Japanese whaling ship in the Southern Ocean.,bbc.co.uk,http://www.bbc.co.uk/news/world-asia-16606664
2012-01-18,11:51:16,olwcw,4,Slow response to East Africa famine 'cost 'lives',bbc.co.uk,http://www.bbc.co.uk/news/world-africa-16606021
2012-01-18,14:10:35,om2n9,2,"Syria: 20 miles from Damascus, an oasis of fragile freedom",guardian.co.uk,http://www.guardian.co.uk/world/2012/jan/17/syria-oasis-fragile-freedom?CMP=twt_gu
2012-01-18,12:39:39,olyiv,5,UK Times (News Ltd) editor opposes any regulation of media as it would chill/hinder free speech. Fails to mention that lack of regulation or oversight led to his appearance at Leveson Enquiry.,guardian.co.uk,http://www.guardian.co.uk/media/2012/jan/17/leveson-inquiry-murdoch-editors-regulation
2012-01-18,10:58:28,oltz2,2,European Union Acts to Halt Hungarian Laws,nytimes.com,http://www.nytimes.com/2012/01/18/world/europe/hungary-is-pressed-on-democracy.html
2012-01-18,18:18:34,om8tf,3,Pakistan rejects U.S. envoy visit: official - Yahoo! News,news.yahoo.com,http://news.yahoo.com/pakistan-says-not-possible-u-envoy-visit-official-054704055.html
2012-01-18,19:25:47,om9zs,1,"Will they be able to recover the Costa Concordia? And if so, how exactly would engineers achieve this?",nytimes.com,http://www.nytimes.com/2012/01/18/science/salvage-efforts-begin-for-capsized-cruise-ship-costa-concordia.html?_r=1&partner=rss&emc=rss
2012-01-18,19:32:38,oma49,2,Editorial - An Injustice in Spain - NYTimes.com,nytimes.com,http://www.nytimes.com/2010/04/09/opinion/09fri2.html?ref=baltasargarzon
2012-01-18,13:20:28,om0ha,3,Nortel trial hears fraud allegations,cbc.ca,http://www.cbc.ca/news/business/story/2012/01/17/nortel-fraud-trial.html
