2012-08-10,11:16:45,xz3nr,3239,"The Libor scandal is the largest financial scandal of all-time, but receiving almost no TV coverage. Here is a complete package of news articles on the matter. ",huffingtonpost.com,http://www.huffingtonpost.com/news/libor-scandal/
2012-08-10,20:38:54,xzpzc,3016,"Commerzbank stops speculating on basic food prices: Germany's second-biggest lender, Commerzbank, says it will no longer participate in market speculation on basic food prices. The bank says it has removed all agricultural products from its funds for moral reasons.",dw.de,"http://www.dw.de/dw/article/0,,16153042,00.html"
2012-08-10,22:24:44,xztvq,1299,Virgin Australia review after 'pedophile' complaint: A NSW firefighter felt ashamed when a flight attendant asked him to move seats because men are banned from sitting next to unaccompanied children,theaustralian.com.au,http://www.theaustralian.com.au/news/breaking-news/virgin-review-after-pedophile-complaint/story-fn3dxiwe-1226447810854
2012-08-10,14:13:36,xzdqo,1268,Yemen officials seize 40 belts packed with explosives and thwart an al Qaeda cell plot.,thenews.com.pk,"http://www.thenews.com.pk/article-62665-Yemen-foils-Qaeda-plot,-seizes-40-explosive-belts"
2012-08-10,02:56:07,xy7k1,1063,JPMorgan Chase Libor Subpoenas Coming From Everybody In The World ,huffingtonpost.com,http://www.huffingtonpost.com/2012/08/09/jpmorgan-chase-libor-subpoenas_n_1760015.html
2012-08-10,19:03:40,xznjg,575,"Drunk Norwegian tourist falls asleep on airport baggage belt, travels for 15 minutes before being spotted on X-ray scan",telegraph.co.uk,http://www.telegraph.co.uk/news/worldnews/europe/italy/9464344/Norwegian-tourist-falls-asleep-on-airport-baggage-belt.html
2012-08-10,00:09:20,xxx2f,541,Religiosity Plummets In Ireland And Declines Worldwide; Atheism On The Rise ,huffingtonpost.com,http://www.huffingtonpost.com/2012/08/08/religiosity-plummets-ireland-declines-worldwide-atheism_n_1757453.html
2012-08-10,20:00:27,xzp05,204,"""UN demands US biofuel suspension"" - BBC",bbc.co.uk,http://www.bbc.co.uk/news/business-19206199
2012-08-11,06:50:52,y0oln,202,World over-using underground water reserves for agriculture,reuters.com,http://www.reuters.com/article/2012/08/10/us-science-environment-water-idUSBRE87713B20120810?feedType=RSS&feedName=scienceNews&utm_source=dlvr.it&utm_medium=twitter&dlvrit=309301
2012-08-10,10:42:06,xz1mr,182,"France expels first Roma under Hollande: Continuing a practice that had been criticized when Nicolas Sarkozy was president, France has dismantled two camps of Roma in Lille. It's the first raid on a camp since Francois Hollande took office in May. ",dw.de,"http://www.dw.de/dw/article/0,,16157377,00.html"
2012-08-10,03:26:57,xy9pb,179,Saudi will fire at Israeli jets in Iran attack,english.al-akhbar.com,http://english.al-akhbar.com/content/saudi-will-fire-israeli-jets-iran-attack
2012-08-10,21:39:43,xzs0a,165,"Japan’s Demographic Nightmare: If trends continue, Japan's population will be cut in half by the end of the century. ",thediplomat.com,http://thediplomat.com/the-editor/2012/08/09/japans-demographic-nightmare/
2012-08-10,22:34:14,xzubm,158,"FBI Monitored Dotcom Raid Via Live Video Link, Secret Govt Group Involved: 'Under questioning from a defense lawyer, a senior police officer has admitted that top New Zealand officers and members of the FBI watched the raid live via video link.'",torrentfreak.com,https://torrentfreak.com/fbi-monitored-dotcom-raid-via-live-video-link-secret-govt-group-involved-120810/
2012-08-10,15:19:20,xzgsd,134,"Undersea volcano nearby New Zealand creates 25,000sq km pumice 'island', now floating in the south pacific.",nzherald.co.nz,http://www.nzherald.co.nz/nz/news/article.cfm?c_id=1&objectid=10826068
2012-08-10,10:39:44,xz1hj,96,"Church prayer angers French gay rights groups:   A tradition will be revived in France next week when a “Prayer for France” will be read out at Catholic churches across the country. The text, which attacks the government’s plan to legalise same-sex marriage, has angered France’s gay rights groups. ",france24.com,http://www.france24.com/en/20120809-france-catholic-church-call-prayer-angers-gay-groups-homosexual-marriage
2012-08-10,02:16:01,xy4xv,84,"At least 70 journalists around the world have been killed in the last six months, making it one of the most deadliest years ever for the media.",newssafety.org,http://www.newssafety.org/news.php?news=20542&cat=press-room-news-release
2012-08-10,02:38:48,xy6ge,82,The far right in Europe is rising in many European countries in spite of its inability to provide a coherent economic message,economist.com,http://www.economist.com/node/21560294
2012-08-10,11:33:47,xz4ns,59,"Dozens dead in attacks in Acapulco, San Luis Potosi, Mexico City - latimes.com",latimesblogs.latimes.com,http://latimesblogs.latimes.com/world_now/2012/08/mexico-violence-mexico-city-spike-reports-acapulco-san-luis-potosi.html
2012-08-10,14:01:07,xzd4k,57,Hard landing for China as factory prices fall and deflation looms,telegraph.co.uk,http://www.telegraph.co.uk/finance/economics/9465651/Hard-landing-for-China-as-factory-prices-fall-and-deflation-looms.html
2012-08-10,11:56:57,xz64x,24,Islamists in Northern Mali Amputate Man’s Hand - NYTimes.com,nytimes.com,http://www.nytimes.com/2012/08/10/world/africa/islamists-in-northern-mali-amputate-mans-hand.html
2012-08-11,04:18:11,y0f45,21,"At Afghan orphanage, friends from different sides of the war:In Kandahar, where vengeance and pride so often dictate action, two boys might have been expected to inherit their fathers’ allegiances. Instead, they started fresh, embracing each other.",washingtonpost.com,http://www.washingtonpost.com/world/at-afghan-orphanage-friends-from-different-sides-of-the-war/2012/08/10/dcbdbf50-dc77-11e1-8ad1-909913931f71_story.html
2012-08-10,05:28:58,xyhwb,19,"After 40 Years, U.S. to Clean Up Agent Orange in Vietnam.",nytimes.com,http://www.nytimes.com/2012/08/10/world/asia/us-moves-to-address-agent-orange-contamination-in-vietnam.html?ref=global-home
2012-08-10,04:33:15,xye6j,14,"Nepal Bans Young Women From Seeking Work In Middle East Over Exploitation Fears - Indonesia, Sri Lanka and the African nation of Kenya have also implemented or proposed similar bans on women going to the Middle East to work.",ibtimes.com,http://www.ibtimes.com/articles/372106/20120809/nepal-women-servants-maids-middle-east-arabs.htm
2012-08-11,05:47:52,y0kq9,15,Iraq’s oil output overtakes Iran’s for the first time since the 1980's,washingtonpost.com,http://www.washingtonpost.com/world/middle_east/iraqs-oil-output-overtakes-irans/2012/08/10/8c4ddad4-e314-11e1-ae7f-d2a13e249eb2_story.html
2012-08-10,10:44:28,xz1s1,15,"25,000 Square Kilometre Pumice Raft North of New Zealand From Recent Volcanic Activity",stuff.co.nz,http://www.stuff.co.nz/science/7455060/25-000-sq-km-pumice-raft-floats-in-sea
2012-08-10,03:12:29,xy8p4,15,"Dutch government struck by Botnet-virus, 2000+ infections in different layers of government, have been infected possibly for a long while (more links in comments)",blog.fox-it.com,http://blog.fox-it.com/2012/08/09/xdoccryptdorifel-document-encrypting-and-network-spreading-virus/
2012-08-10,19:04:11,xznk0,16,Sinai: Egypt tribes back offensive against militants,bbc.co.uk,http://www.bbc.co.uk/news/world-middle-east-19205577
2012-08-10,15:05:50,xzg7f,13,Virus attacking Iranian bank accounts suspected of US and Israel origins. ,sunday-guardian.com,http://www.sunday-guardian.com/investigation/us-israel-role-suspected-in-iran-virus
2012-08-10,08:59:22,xyvdp,13,Saudi Arabia says it would 'intercept Israeli planes en route to Iran'.,timesofisrael.com,http://www.timesofisrael.com/saudi-arabia-no-israeli-overflights/
2012-08-10,04:12:23,xycry,15,Tensions flare in France over veil ban:  Muslim women who say a national ban on full-face veils is a violation of their rights refuse to obey law.,washingtonpost.com,http://www.washingtonpost.com/world/tensions-flare-in-france-over-veil-ban/2012/08/08/67b56fc2-e150-11e1-98e7-89d659f9c106_story.html
