2012-05-07,20:46:12,tb1d2,2611,"Worried about online porn? Don't regulate the net – regulate your kids.
",guardian.co.uk,http://www.guardian.co.uk/commentisfree/2012/may/07/online-porn-regulate-kids-not-net
2012-05-07,18:48:57,tayp2,1632,"South Korea finds smuggled capsules contain human flesh (Ground up dead babies)
			News.com.au",news.com.au,http://www.news.com.au/breaking-news/south-korea-finds-smuggled-capsules-contain-human-flesh/story-e6frfku0-1226349216908
2012-05-07,23:43:23,tb7j5,715,Church of Kopimism Weds First Couple: encourages the newlyweds to “copy and remix some DNA-cells and create a new human being.”,torrentfreak.com,https://torrentfreak.com/file-sharing-church-weds-first-couple-120507/
2012-05-07,22:48:04,tb5as,453,Greek neo-nazi party blows past expectations and enters parliament in Greek elections; leader's victory march includes anti-immigrant chants and ordering journalists to stand for him at press conference.,reuters.com,http://www.reuters.com/article/2012/05/07/greece-election-farright-idUSL5E8G73PF20120507
2012-05-07,03:02:36,t9xlv,426,Socialist candidate François Hollande elected President of France.,lemonde.fr,http://www.lemonde.fr/election-presidentielle-2012/article/2012/05/06/tres-grand-bonheur-au-ps-apres-l-annonce-de-la-victoire-de-francois-hollande_1696618_1471069.html
2012-05-07,07:22:19,ta9ip,227,nationalist neo nazi party has been elected into the greek parliament ,guardian.co.uk,http://www.guardian.co.uk/world/2012/may/06/golden-dawn-far-right-greece?newsfeed=true
2012-05-07,15:46:19,taua1,210,Kuwait To Punish Insults Against Islam Or Muhammad With Death,gulf-times.com,http://www.gulf-times.com/site/topics/article.asp?cu_no=2&item_no=503395&version=1&template_id=57&parent_id=56
2012-05-07,18:30:24,tayau,158,"India has developed a missile defence shield, which can be put in place at short notice to protect at least two cities, bringing the country on a par with an elite group of nations.",thehindu.com,http://www.thehindu.com/news/national/article3391202.ece
2012-05-07,21:13:03,tb226,143,Swiss politician offered mom and daughter to cannibals,thelocal.ch,http://www.thelocal.ch/3278/20120507/
2012-05-08,05:18:41,tbotu,126,200 troops defect from Sudan to South Sudan after refusing to attack oil fields. ,aljazeera.com,http://www.aljazeera.com/news/africa/2012/05/201257131536140993.html?utm_content=automate&utm_campaign=Trial6&utm_source=NewSocialFlow&utm_term=plustweets&utm_medium=MasterAccount
2012-05-07,04:46:33,ta2ab,120,Merkel's party suffers setback in regional election - Pirate Party enters 3rd German state parliament.,spiegel.de,http://www.spiegel.de/international/germany/merkel-s-party-suffers-setback-in-german-state-election-a-831656.html
2012-05-07,06:15:21,ta6fe,71,"The leader of an extreme-right, anti-immigrant party on course for shock success in Greece's general elections Sunday lashed out at those he described as ""traitors"" responsible for the country's financial crisis and said his party was ushering in a ""revolution.""",hosted.ap.org,http://hosted.ap.org/dynamic/stories/E/EU_GREECE_ELECTIONS_EXTREME_RIGHT?SITE=RIPAW&SECTION=HOME&TEMPLATE=DEFAULT
2012-05-07,18:26:40,tay82,50,"South Korea finds smuggled capsules contain human flesh |
			Adelaide Now",adelaidenow.com.au,http://www.adelaidenow.com.au/news/breaking-news/south-korea-finds-smuggled-capsules-contain-human-flesh/story-e6frea73-1226349216908
2012-05-07,21:20:33,tb2a6,46,Al-Qaida releases video of American hostage,google.com,http://www.google.com/hostednews/ap/article/ALeqM5iz_gI2vVvV_IRrTfIVpfJEuBCVVg?docId=c83c1c097bf941808510ffc58c8527ae
2012-05-07,10:31:29,tai8w,45,"US airstrike kills senior al-Qaida leader in Yemen
",bostonherald.com,http://www.bostonherald.com/news/international/middle_east/view/20120506us_airstrike_kills_senior_al-qaida_leader_in_yemen/?
2012-05-07,00:44:56,t9rrs,46,Israel's Supreme Court criticizes government for backtracking on demolition of West Bank outpost,haaretz.com,http://www.haaretz.com/news/diplomacy-defense/israel-s-supreme-court-criticizes-government-for-backtracking-on-demolition-of-west-bank-outpost-1.428502
2012-05-07,18:45:46,taym6,42,Malaysia issues fatwa banning Muslims from street demonstrations,in.news.yahoo.com,http://in.news.yahoo.com/malaysia-issues-fatwa-banning-muslims-street-demonstrations-075620765.html
2012-05-08,01:32:29,tbcsj,35,NATO strike 'kills civilians' in Afghanistan,aljazeera.com,http://www.aljazeera.com/news/asia/2012/05/20125712427465527.html
2012-05-07,14:07:43,taqyk,38,"A winner in France, alarm in Greece: ""The euro dropped in Asian trading as markets tried to digest not only the long-expected rise of the first Socialist president in France in 17 years, but also the electoral earthquake that took place in Greece on the same night.""",economist.com,http://www.economist.com/blogs/charlemagne/2012/05/euro-crisis
2012-05-07,02:26:12,t9vzp,38,North Korea Thanks Its Schoolchildren for Building Such Nice Rocket Tanks: 'That the state would actually boast its use of child labor for building Multiple-launch rocket systems is a reminder of the extent to which military nationalism has twisted North Korean society.',theatlantic.com,http://www.theatlantic.com/international/archive/2012/04/north-korea-thanks-its-schoolchildren-for-building-such-nice-rocket-tanks/256300/
2012-05-07,23:17:53,tb6ik,30,Pro-austerity parties punished in Greece vote,aljazeera.com,http://www.aljazeera.com/news/europe/2012/05/20125742131428614.html
2012-05-08,01:48:16,tbdlf,28,"U.N. chief says killings in Syria ""intolerable"" situation - CNBC",cnbc.com,http://www.cnbc.com/id/47324176
2012-05-07,15:45:25,tau8y,28,"Mali: Islamist Rebels Now In Control Of Timbuktu Destroy Tomb of Saint, Designated UN World Heritage Site",af.reuters.com,http://af.reuters.com/article/metalsNews/idAFL5E8G50SW20120505
2012-05-07,10:08:50,tah5a,26,More news in Europe. Anti-austerity Greek party wins 60% of seats in parliament,mobile.reuters.com,http://mobile.reuters.com/article/idUSBRE8440DG20120506?irpc=932
2012-05-07,12:50:20,tanjd,24,Colombia installs public escalators to carry Medellin slum inhabitants up steep hillside,aljazeera.com,http://www.aljazeera.com/news/americas/2012/05/20125674944552223.html
2012-05-07,03:10:02,t9xx4,25,French Election Results: Sarkozy Gets the Boot,thedailybeast.com,http://www.thedailybeast.com/articles/2012/05/06/french-election-results-sarkozy-gets-the-boot.html?utm_source=feedburner&utm_medium=feed&utm_campaign=Feed%3A+thedailybeast%2Farticles+%28The+Daily+Beast+-+Latest+Articles%29&utm_content=Google+Reader
2012-05-07,22:51:37,tb5fm,21,Riot police break up anti-Putin protests in Russia,courier-journal.com,http://www.courier-journal.com/usatoday/article/54790076?odyssey=mod%7Cnewswell%7Ctext%7CLocal%20News%7Cp
2012-05-07,13:25:34,tap7k,20,Dolphins Overdose at Zoo Rave.,news.com.au,http://www.news.com.au/travel/news/rave-at-swiss-zoo-goes-horribly-wrong-when-dolphins-killed/story-e6frfq80-1226348785437
2012-05-07,05:56:30,ta5jv,19,"Golden Dawn -- the far-right, neo-Nazi party in Greece -- is set to win seats in parliament with 7% of vote",guardian.co.uk,http://www.guardian.co.uk/world/2012/may/06/golden-dawn-far-right-greece
2012-05-07,08:35:37,tacqq,18,"""France has voted for change. For only the second time during the Fifth Republic the people have voted to put a socialist in the Elysee Palace...For Europe too this is a momentous event. For a long time the centre right has held the stage; now a socialist has won and European politics will feel the""",bbc.co.uk,http://www.bbc.co.uk/news/world-europe-17978116
