2012-01-27,01:15:35,oxs6n,3109,"Gates donates $750 million to fight AIDS, TB and malaria",cnn.com,http://www.cnn.com/2012/01/26/health/switzerland-gates-donation/index.html?hpt=hp_t1
2012-01-27,20:37:41,oz200,2084,"Russian Prime Minister Vladimir Putin: ""The U.S. 'wants to control everything' and takes decisions unilaterally on key questions . . . 'Sometimes I get the impression the U.S. doesn't need allies, it needs vassals.'""",bloomberg.com,http://www.bloomberg.com/news/2012-01-25/putin-says-u-s-seeks-vassals-not-allies-as-campaign-heats-up.html
2012-01-27,09:44:05,oyhgd,562,Twitter to begin censoring content in some countries ,abc.net.au,http://www.abc.net.au/news/2012-01-27/twitter-to-censor-content-in-some-countries/3796316?section=business
2012-01-27,17:19:54,oyy81,415,Aboriginal protesters torch Australian flag outside Parliament,smh.com.au,http://www.smh.com.au/national/aboriginal-protesters--torch-australian-flag-outside-parliament-20120127-1ql0z.html
2012-01-27,13:20:21,oyrcd,334,North Korean government labels cell phone users as war criminals during the 100-day mourning period for late leader Kim Jong-il,news.cnet.com,http://news.cnet.com/8301-1023_3-57367200-93/north-korean-government-labels-cell-phone-users-as-war-criminals/?tag=mncol
2012-01-27,12:10:26,oyoay,267,"Corruption scandal shakes Vatican as internal letters leaked ... former top official had been transferred against his will after complaining about irregularities in awarding contracts
| Reuters",reuters.com,http://www.reuters.com/article/2012/01/26/us-vatican-corruption-idUSTRE80P1EF20120126
2012-01-27,16:59:25,oyxt0,162,Spanish Unemployment Rises to 22.9%,bloomberg.com,http://www.bloomberg.com/news/2012-01-27/spanish-unemployment-rises-to-22-9-.html
2012-01-27,21:02:48,oz2ji,96,"Women, children killed in violence-torn Syria city ",news.yahoo.com,http://news.yahoo.com/women-children-killed-violence-torn-syria-city-124812446.html
2012-01-28,04:10:16,ozjuu,88,Scots Begin Bid for Vote on Independence!,nytimes.com,http://www.nytimes.com/2012/01/26/world/europe/scots-launch-bid-for-vote-on-independence.html?_r=1&emc=eta1
2012-01-27,20:22:52,oz1ol,86,Julia Gillard's shoe held to ransom by Aborigine protesters,telegraph.co.uk,http://www.telegraph.co.uk/news/worldnews/australiaandthepacific/australia/9043781/Julia-Gillards-shoe-held-to-ransom-by-Aborigine-protesters.html
2012-01-28,07:05:37,ozs90,80,"Netherlands joins growing chorus for burqa ban, Dutch to introduce law next week banning face coverings, including burqas or niqabs.",globalpost.com,http://www.globalpost.com/dispatch/news/regions/europe/120127/netherlands-joins-growing-chorus-burqa-ban
2012-01-27,21:36:15,oz3a4,83,"The View of Apple from China -- ""If people saw what kind of life workers lived before they found a job at Foxconn, they would come to an opposite conclusion of this story: that Apple is such a philanthropist.""",theatlantic.com,http://www.theatlantic.com/technology/archive/2012/01/5-fascinating-comments-by-chinese-readers-about-apple-and-foxconn/252067/#.TyKoHhrrokk.reddit
2012-01-27,19:15:07,oz0dy,76,European Parliament says its website victim of DDOS attack following new signatures to ACTA,computerworld.com,http://www.computerworld.com/s/article/9223740/European_Parliament_says_its_website_victim_of_DDOS_attack
2012-01-27,20:17:48,oz1l0,68,Russia bars liberal from election,bbc.co.uk,http://www.bbc.co.uk/news/world-europe-16755383
2012-01-27,12:18:38,oyop2,68,EU Report: Israel attempting to separate East Jerusalem from the west bank so it can remove Arabs and allow in Jews,independent.co.uk,http://www.independent.co.uk/news/world/middle-east/secret-eu-report-launches-scathing-attack-on-israel-516835.html?page=1
2012-01-27,18:20:39,oyzc4,62,Bomb attack near funeral in Baghdad kills 28 people,bbc.co.uk,http://www.bbc.co.uk/news/world-middle-east-16755347
2012-01-27,20:08:34,oz1du,59,"Costa Cruises Offers $14,000 to Every Passenger of Doomed Ship - Global - The Atlantic Wire",theatlanticwire.com,http://www.theatlanticwire.com/global/2012/01/costa-cruises-offers-14000-every-passenger-doomed-ship/47949/
2012-01-28,04:24:18,ozkj0,56,Libya: Torture and death widespread in prisons,globalpost.com,http://www.globalpost.com/dispatch/news/regions/middle-east/120127/libya-torture-and-death-widespread-prisons
2012-01-27,23:36:57,oz7b9,44,"The Drug war in Mexico by the Numbers: A guide to the latest drug-war deaths, lords and trafficking routes.",globalpost.com,http://www.globalpost.com/dispatch/news/regions/americas/mexico/120126/drug-war-infographic/?fullpage
2012-01-27,23:29:16,oz70d,41,Azerbaijan Says it Thwarted an Iranian Plot to Kill an Israeli Ambassador,theatlantic.com,http://www.theatlantic.com/international/archive/2012/01/azerbaijan-says-it-thwarted-an-iranian-plot-to-kill-an-israeli-ambassador/252111/
2012-01-27,10:45:03,oykav,36,Britain Releases Partial List of Those Declining Knighthood,nytimes.com,http://www.nytimes.com/2012/01/27/world/europe/britain-releases-partial-list-of-those-declining-knighthood.html
2012-01-27,19:56:10,oz15f,35,"Ex-ruler charged with genocide in Guatemala - He's accused of masterminding an attack that killed almost 1,800 Ixil tribe members, causing 29,000 to flee between 1982-83. The tribe were said to be helping leftist insurgents.",euronews.net,http://www.euronews.net/2012/01/27/ex-ruler-charged-with-genocide-in-guatemala/
2012-01-27,09:14:45,oyg0c,31,French breast implant company boss 'charged'. Former head of company at the centre of health scare affecting women worldwide charged with 'involuntary injury'.,aljazeera.com,http://www.aljazeera.com/news/europe/2012/01/201212610100967797.html
2012-01-27,14:37:17,oyu25,30,"Libyan militias accused of torture:  Charities say prisoners face mistreatment amid western concern over Tripoli's failure to tackle security and political issues
",guardian.co.uk,http://www.guardian.co.uk/world/2012/jan/26/libya-militia-accused-torture
2012-01-27,10:55:49,oykuh,27,It's now illegal to use a cell phone in North Korea.,gizmodo.com,http://gizmodo.com/5879576/using-a-cell-phone-in-north-korea-is-now-a-war-crime
2012-01-27,20:57:25,oz2fq,25,Iranian parliament discussing a ban on oil exports to the EU starting from next week,reuters.com,http://www.reuters.com/article/2012/01/27/us-iran-sanctions-oil-idUSTRE80Q0GW20120127?feedType=RSS&feedName=worldNews&utm_source=feedburner&utm_medium=feed&utm_campaign=Feed%3A+reuters%2FworldNews+%28News+%2F+US+%2F+International%29&utm_content=Google+International
2012-01-27,12:42:25,oypri,26,China clamps down on budding Tibetan revolt,theglobeandmail.com,http://www.theglobeandmail.com/news/world/china-clamps-down-on-budding-tibetan-revolt/article2316697/
2012-01-27,22:10:30,oz49x,22,"""The Daily Mail has overtaken the New York Times to become the world's most visited newspaper website....""",bbc.co.uk,http://www.bbc.co.uk/news/magazine-16746785
2012-01-27,13:50:14,oysha,19,Oil Leak Reported Off Coast of Brazil - Amount spilled still unknown,physorg.com,http://www.physorg.com/news/2012-01-brazil-petrobras-oil-leak.html
2012-01-27,15:06:18,oyuzk,19,Iranian F-14 crashes in Bushehr province.,washingtonpost.com,http://www.washingtonpost.com/world/middle-east/iranian-f-14-fighter-jet-crashes-in-countrys-south-both-pilot-and-co-pilot-killed/2012/01/26/gIQAhzESSQ_story.html
