2012-12-17,22:48:57,14ztf2,2446,Russia sees panic buying as Mayan apocalypse mania takes root,guardian.co.uk,http://www.guardian.co.uk/world/2012/dec/17/mayan-apocalypse-mania-grips-russia
2012-12-17,02:40:38,14y84q,2165,"Why 2012 was the best year ever: never in the history of the world has there been less hunger, less disease and more prosperity",spectator.co.uk,http://www.spectator.co.uk/the-week/leading-article/8789981/glad-tidings/
2012-12-17,00:48:36,14y2a1,2007,"Congo has become a never-ending nightmare, one of the bloodiest conflicts since World War II, with more than five million dead. ",nytimes.com,http://www.nytimes.com/2012/12/16/sunday-review/congos-never-ending-war.html?hp&_r=0
2012-12-17,23:11:07,14zukd,997,Queen to attend cabinet meeting for first time. It is believed to be the first time a monarch has attended cabinet since Queen Victoria's reign.,bbc.co.uk,http://www.bbc.co.uk/news/uk-politics-20757376
2012-12-17,21:16:27,14zpt0,900,Afghan bomb blast kills 10 girls: Ten girls aged nine to 13 killed and two seriously injured as they gathered firewood outside their village in eastern Afghanistan,m.guardian.co.uk,http://m.guardian.co.uk/world/2012/dec/17/afghan-bomb-blast-kills-10-girls
2012-12-17,23:41:07,14zw22,360,Cameroon court upholds 3-year jail term for man convicted of sending 'I love you' text message to another man.,hosted.ap.org,http://hosted.ap.org/dynamic/stories/A/AF_CAMEROON_GAYS?SITE=AP&SECTION=HOME&TEMPLATE=DEFAULT
2012-12-17,06:58:20,14ynkq,309,"Health Canada Plans to Treat Marijuana Like Other Medicines, Commercialize its Production and Distribution",cbc.ca,http://www.cbc.ca/news/politics/story/2012/12/16/medical-marijuana-regulations.html
2012-12-17,07:53:33,14yqs5,251,Leaked Report Confirms Human-Induced Climate Change,scientificamerican.com,http://www.scientificamerican.com/podcast/episode.cfm?id=leaked-report-confirms-human-induce-12-12-16
2012-12-17,06:57:43,14ynj3,211,Australian public servant injured during sex on a work trip awarded compensation.,smh.com.au,http://www.smh.com.au/national/public-servant-wins-legal-battle-after-being-injured-during-sex-20121216-2bhku.html
2012-12-17,19:37:08,14zn0f,207,"For Spaniards, Having A Job No Longer Guarantees A Paycheck",nytimes.com,http://www.nytimes.com/2012/12/17/world/europe/in-spain-having-a-job-no-longer-guarantees-a-paycheck.html?pagewanted=all
2012-12-17,23:07:28,14zuea,194,"An Afghan Mystery: Why Are Large Shipments Of Gold Leaving the Country? -- 


A surge in shipments since early summer. How come so much, when little gold is mined in Afghanistan? And why does so much of it go to Dubai? Is it regular Afghan commerce or is something else going on?",nytimes.com,http://www.nytimes.com/2012/12/16/world/asia/as-gold-is-spirited-out-of-afghanistan-officials-wonder-why.html?pagewanted=all
2012-12-17,22:24:42,14zsch,187,One Hundred Thousand Tamils Missing After Sri Lanka War (World Bank data),huffingtonpost.co.uk,http://www.huffingtonpost.co.uk/frances-harrison/one-hundred-thousand-peop_b_2306136.html
2012-12-17,00:06:40,14y0hk,136,Report: Thousands of children face sex abuse by gangs in England - CNN.com,cnn.com,http://www.cnn.com/2012/11/21/world/europe/uk-children-abused/index.html?iref=obnetwork
2012-12-17,05:37:42,14yion,135,Silence over sexual violence: Arab women take stand on 'absurd honor' - CNN.com,us.cnn.com,http://us.cnn.com/2012/12/06/world/meast/uprising-women-arab-world/index.html?iref=obinsite
2012-12-17,05:32:04,14yib9,122,Syria descends into holy war,independent.co.uk,http://www.independent.co.uk/voices/comment/syria-the-descent-into-holy-war-8420309.html
2012-12-17,21:12:45,14zpp8,91,"
Rights Group Denounces Thai Teachers' Slayings by Muslims
",nytimes.com,http://www.nytimes.com/aponline/2012/12/17/world/asia/ap-as-thailand-southern-violence.html?hp
2012-12-17,21:47:10,14zqvc,91,"In Spain, Having a Job No Longer Guarantees a Paycheck - NYTimes.com",nytimes.com,http://www.nytimes.com/2012/12/17/world/europe/in-spain-having-a-job-no-longer-guarantees-a-paycheck.html?smid=tw-nytimesglobal&seid=auto&_r=1&
2012-12-17,11:17:27,14z2s7,73,The lungs that Jennifer Wederell was given to save her life brought only agonising death - A young newlywed was never told that the organs needed for her transplant had come from a heavy smoker ,telegraph.co.uk,http://www.telegraph.co.uk/health/9747128/The-lungs-that-Jennifer-Wederell-was-given-to-save-her-life-brought-only-agonising-death.html
2012-12-17,04:41:20,14yf4j,73,Canadian claims to have cracked carrier pigeon message.,bbc.co.uk,http://www.bbc.co.uk/news/uk-20749632
2012-12-17,13:19:14,14z9wa,59,Thousands of people across France have demonstrated in support of same-sex marriage. The rallies come after even more people took to the streets last month to protest against it. ,dw.de,http://www.dw.de/thousands-demonstrate-in-support-of-gay-marriage-in-france/a-16458372
2012-12-17,06:34:20,14ym3n,54,"'Useless, useless, useless': the Palestinian verdict on Tony Blair",independent.co.uk,http://www.independent.co.uk/news/world/middle-east/useless-useless-useless-the-palestinian-verdict-on-tony-blair-8421163.html
2012-12-17,18:54:15,14zm04,55,"India 'gang-rape': Student, friend attacked on Delhi bus",bbc.co.uk,http://www.bbc.co.uk/news/world-asia-india-20753075
2012-12-17,23:59:04,14zx0y,55,"A major international human rights organization called Monday for an immediate end to violence against school personnel in Thailand’s insurgency-wracked southern provinces, following last week’s murder of two Buddhist teachers who were shot execution-style in the middle of a school day",washingtonpost.com,http://www.washingtonpost.com/world/asia_pacific/human-rights-watch-denounces-insurgents-killings-of-thai-teachers-in-violent-south/2012/12/17/cb98d5f0-4844-11e2-8af9-9b50cb4605a7_story.html
2012-12-17,04:12:02,14ydbm,46,Palestinian refugee camp in Syria hit by fighting ,cnn.com,http://www.cnn.com/2012/12/16/world/meast/syria-civil-war/index.html?hpt=hp_t3
2012-12-17,18:01:29,14zkop,41,Homes destroyed as Fiji feels Evan's fury,abc.net.au,http://www.abc.net.au/news/2012-12-17/homes-destroyed-as-fiji-feels-evan27s-fury/4432626
2012-12-17,09:17:01,14yvqb,38,"Hungary's Jews face down new extremism
",reuters.com,http://www.reuters.com/article/2012/12/16/us-hungary-jews-idUSBRE8BF0HI20121216
2012-12-17,14:20:25,14zd32,33,Peer-to-peer lending boom could make banks obsolete ,independent.co.uk,http://www.independent.co.uk/news/business/news/peertopeer-lending-boom-could-make-banks-obsolete-8421241.html
2012-12-17,14:47:02,14zeax,36,"Syrian jets bomb Palestinian Refugee camp in Damascus, killing dozens",reuters.com,http://www.reuters.com/article/2012/12/16/syria-crisis-camp-idUSL5E8NG4HB20121216
2012-12-17,01:19:10,14y3t3,32,"Malaysia most corrupt country for business, says Transparency International",on.aol.com,http://on.aol.com/video/malaysia-called-most-corrupt-country-for-business-517588803
2012-12-17,21:27:47,14zq5q,33,"Hargreaves report recommends overhaul of copyright laws. Report says archaic intellectual property laws obstruct innovation and economic growth, particularly online",guardian.co.uk,http://www.guardian.co.uk/law/2011/may/18/hargreaves-report-recommends-overhaul-of-copyright-laws
