2012-04-06,03:30:15,ruzre,2002,Quebec bans fracking pending studies,calgaryherald.com,http://www.calgaryherald.com/business/Quebec+bans+fracking+pending+studies/6407785/story.html
2012-04-06,10:21:38,rvl0p,1853,"""The British government is scrambling to fend off accusations of trying to turn the country into a virtual police state with plans to conduct some trials in secret and allow authorities to track the phone calls, emails, text messages and online activity of the entire population.""",latimes.com,"http://www.latimes.com/news/nationworld/world/la-fg-britain-security-laws-20120406,0,5361353.story"
2012-04-06,18:47:40,rw31j,800,2 young Tunisians have been sentenced to 7 years in prison for posting cartoons of the prophet Mohammad on Facebook,af.reuters.com,http://af.reuters.com/article/topNews/idAFJOE83501L20120406?feedType=RSS&feedName=topNews&sp=true
2012-04-06,03:41:57,rv0e8,755,"Ferdinand Porsche, famed sports car designer, dies at age 76",hosted.ap.org,http://hosted.ap.org/dynamic/stories/E/EU_GERMANY_OBIT_PORSCHE?SITE=FLTAM&SECTION=INTERNATIONAL&TEMPLATE=DEFAULT&CTIME=2012-04-05-12-52-23
2012-04-06,13:57:34,rvv4t,628,Airline declares kid-free zone,ausbt.com.au,http://www.ausbt.com.au/malaysia-airlines-mas-declares-kid-free-zone-on-airbus-a380
2012-04-06,20:16:06,rw4pr,225,"Assailing ""Disobedience"", Pope Says Women Won't be Ordained - Pope Benedict XVI delivered a scathing homily that reiterated the Catholic Church's ban on female priests.  While not new, it was surprisingly direct & in line with the tone that earned him the moniker ""God's Rottweiler"".",npr.org,http://www.npr.org/blogs/thetwo-way/2012/04/05/150091296/assailing-disobedience-pope-says-women-will-not-be-ordained
2012-04-06,09:31:01,rvii0,159,Israel's prime minister lambasted German poet and Nobel Prize laureate Guenter Grass on Thursday for saying Israel is a threat to world peace and for calling for international oversight of both Israeli and Iranian nuclear facilities.,hosted.ap.org,http://hosted.ap.org/dynamic/stories/M/ML_ISRAEL_GUENTER_GRASS?SITE=RIPAW&SECTION=HOME&TEMPLATE=DEFAULT
2012-04-06,23:40:39,rwb10,160,Russian Police make first arrests under new Anti-Gay law,rferl.org,http://www.rferl.org/content/russian_police_make_first_arrests_under_gay_law/24539656.html
2012-04-07,05:02:56,rwsf4,119,World News - 615 dead dolphins found on Peru beaches; acoustic tests for oil to blame?,worldnews.msnbc.msn.com,http://worldnews.msnbc.msn.com/_news/2012/04/04/11016438-615-dead-dolphins-found-on-peru-beaches-acoustic-tests-for-oil-to-blame
2012-04-06,21:36:55,rw6lh,100,"Why Humans, Like Ants, Need A Tribe --- Religion. Sports. War. 
On tribalism, both our greatest and most dangerous genetic inheritance. ""It is an uncomfortable fact that even when given a guilt-free choice, individuals prefer the company of others of the same race, nation, clan, and religion""",thedailybeast.com,http://www.thedailybeast.com/newsweek/2012/04/01/biologist-e-o-wilson-on-why-humans-like-ants-need-a-tribe.html
2012-04-06,22:41:44,rw8lx,97,"A View on Günter Grass: Why We Need an Open Debate on Israel --- Is Israel a threat to world peace?  But while the verse may not win any awards, Grass has kicked off an important -- and long overdue -- debate",spiegel.de,"http://www.spiegel.de/international/world/0,1518,826180,00.html"
2012-04-06,17:57:55,rw231,79,China steps up pressure to prevent attack on Iran,reuters.com,http://www.reuters.com/article/2012/04/06/us-china-iran-idUSBRE83505720120406?feedType=RSS&feedName=worldNews&utm_source=feedburner&utm_medium=feed&utm_campaign=Feed%3A+reuters%2FworldNews+%28News+%2F+US+%2F+International%29&utm_content=Google+International
2012-04-06,01:06:52,rus4r,69,Push for the Right to Die Grows in the Netherlands - NYTimes.com,nytimes.com,http://www.nytimes.com/2012/04/03/health/push-for-the-right-to-die-grows-in-the-netherlands.html
2012-04-06,02:46:02,ruxdy,54,Israeli architect of Oslo accords says Middle East peace process is over,telegraph.co.uk,http://www.telegraph.co.uk/news/worldnews/middleeast/palestinianauthority/9189227/Israeli-architect-of-Oslo-accords-says-Middle-East-peace-process-is-over.html
2012-04-06,23:02:27,rw9er,52,"Israel's Haaretz Newspaper is reporting that ultra-Orthodox rabbis and community leaders routinely use psychiatric drugs ""at leaders' requests, in order to bring members in line with norms""",haaretz.com,http://www.haaretz.com/weekend/week-s-end/rabbi-s-little-helper-1.422985
2012-04-06,03:00:06,ruy41,47,Confusion at the Pumps: Big Oil's Strategy for Jacking Up Gas Prices - SPIEGEL ONLINE - News - International,spiegel.de,"http://www.spiegel.de/international/business/0,1518,825750,00.html"
2012-04-06,21:11:29,rw5ze,37,"Looting artifacts is on the rise at Apamea, Palmyra, & other archaeological sites in Syria - “We have a video showing looters removing mosaics with drills.” Museums are being robbed. Smuggling's a problem.  “Damage to the heritage of the country is damage to the soul of its people & its identity.”",naharnet.com,http://www.naharnet.com/stories/en/35824-experts-sound-alarm-over-syria-archaeological-treasures
2012-04-06,09:44:31,rvj4y,40,Murdoch's Unrivaled Hold On The Australian Press,npr.org,http://www.npr.org/2012/04/05/150024750/murdochs-unrivaled-hold-on-the-australian-press
2012-04-07,07:09:36,rwzk1,37,A clampdown on internet gossip in China suggests leaders fear that internal party battles could trigger wider unrest,economist.com,http://www.economist.com/node/21552245?fsrc=scn/tw/te/ar/reimposingorder
2012-04-06,07:10:32,rvbkx,35,"Mali is ""on brink of major disaster"" - It's on the brink of a major humanitarian disaster following a coup & rebellion in the north, Amnesty International says",bbc.co.uk,http://www.bbc.co.uk/news/world-africa-17634612
2012-04-06,22:43:35,rw8o9,28,Austerity drives up suicide rate in debt-ridden Greece. Suicide rate jumped about 40% in the first five months of 2011 compared to 2010,cnn.com,http://www.cnn.com/2012/04/06/world/europe/greece-austerity-suicide/index.html
2012-04-06,20:57:23,rw5mi,28,"Sky News, British Broadcaster With Murdoch Link, Admits to Hacking",nytimes.com,http://www.nytimes.com/2012/04/06/world/europe/murdochs-sky-news-channel-discloses-email-hacking.html?_r=2&partner=rss&emc=rss
2012-04-07,02:57:51,rwl1c,28,"An Islamist leader who had a $10 million American bounty placed on his head this week has been helping Pakistan de-radicalize militants under efforts to stabilize the strategic U.S. ally, a top Pakistani counter-terrorism official says.",reuters.com,http://www.reuters.com/article/2012/04/06/us-pakistan-usa-bounty-idUSBRE8350BA20120406
2012-04-06,20:27:22,rw4yd,24,"A man kills four people with a sword in Hungary, wounds three others",bbc.co.uk,http://www.bbc.co.uk/news/world-europe-17636785
2012-04-06,08:37:35,rvfxd,24,"In Russia, Stalin Enjoying A Revival On School Notebooks: ""School notebooks depicting Josef Stalin have become instant bestsellers. Critics decry the attempt to promote the brutal dictator as a Soviet hero in schools.""",latimes.com,"http://www.latimes.com/news/nationworld/world/la-fg-russia-stalin-notebook-20120406,0,7261891.story"
2012-04-06,12:33:23,rvrcj,19,"US Coast Guard sinks Japanese ""ghost ship""",csmonitor.com,http://www.csmonitor.com/USA/Latest-News-Wires/2012/0405/US-Coast-Guard-sinks-Japanese-ghost-ship
2012-04-06,22:49:55,rw8x1,23,Hugo Chavez weeps and calls on God to spare his life,telegraph.co.uk,http://www.telegraph.co.uk/news/worldnews/southamerica/venezuela/9189962/Hugo-Chavez-weeps-and-calls-on-God-to-spare-his-life.html
2012-04-06,05:18:16,rv5n1,18,Russian Church Admits Photo Was Altered to Hide Patriarch's Watch -- a watch worth tens of thousands that the Patriarch has claimed he does not wear,thelede.blogs.nytimes.com,http://thelede.blogs.nytimes.com/2012/04/05/russian-church-admits-photo-was-altered-to-hide-patriarchs-watch/
2012-04-06,23:02:34,rw9ey,14,"When Apostolos Polyzonis's bank refused to see him last September, the 55-year-old Greek businessman had just 10 euros ($13) in his pocket. Out of work and bankrupt, he thought all he could do with his remaining money was to buy a gas can. He lit himself on fire..",cnn.com,http://www.cnn.com/2012/04/06/world/europe/greece-austerity-suicide/index.html?hpt=hp_c1
2012-04-06,12:35:19,rvrfh,15,"'Hero of Russia' Awarded to Officer Who Covered Grenade, saved dozens of lives",en.rian.ru,http://en.rian.ru/russia/20120403/172584958.html
