2012-01-05,22:44:32,o3za7,2814,US Threatened To Blacklist Spain For Not Implementing Site Blocking Law,torrentfreak.com,https://torrentfreak.com/us-threatened-to-blacklist-spain-for-not-implementing-site-blocking-law-120105/
2012-01-05,13:14:01,o3kml,1202,Armed commandos will protect India's tigers,smh.com.au,http://www.smh.com.au/environment/conservation/armed-commandos-to-protect-indias-tigers-20120105-1pmj1.html
2012-01-05,10:36:57,o3e0i,809,"Chevron accused of racism as it fights Ecuador pollution ruling:  Oil giant vows to continue fight after appeals court rules it must pay $18bn for dumping toxic waste in Amazon basin
",guardian.co.uk,http://www.guardian.co.uk/business/2012/jan/04/chevron-accused-racism-ecuador-pollution
2012-01-05,01:25:53,o2ozj,636,"EU Agrees to Embargo on Iranian Oil -- European governments have agreed in principle to ban imports of Iranian oil, EU diplomats said Wednesday, dealing a potentially heavy blow to Tehran that crowns new Western economic sanctions imposing real pain just months before an Iranian election.",reuters.com,http://www.reuters.com/article/2012/01/04/us-iran-eu-oil-idUSTRE80315020120104
2012-01-06,07:50:20,o4nds,499,Mount Etna erupts: sends out a 5000-metre-high column of volcanic ash,stuff.co.nz,http://www.stuff.co.nz/world/europe/6220884/Mt-Etna-roars-to-life
2012-01-05,22:31:42,o3yue,169,"Justice Delayed 30 years in Guatemala:  Over 440 men, women and children were massacred to make way for the Chixoy Dam - a World Bank project",aljazeera.com,http://www.aljazeera.com/indepth/opinion/2012/01/20121394150158844.html
2012-01-05,12:06:56,o3hwy,168,B.C. man slain in Mexico 'stood up' to thieves,cbc.ca,http://www.cbc.ca/news/world/story/2012/01/04/bc-mexico-death.html
2012-01-06,07:43:17,o4n25,135,Israeli police have issued restraining orders to a dozen settlers barring them from entering the occupied West Bank,bbc.co.uk,http://www.bbc.co.uk/news/world-middle-east-16425720
2012-01-05,00:06:21,o2lsa,128,Can Turkey prevent a US war with Iran? Turkish Foreign Minister Ahmet Davutoglu is headed to Iran amid escalating tensions with US.,globalpost.com,http://www.globalpost.com/dispatch/news/regions/europe/turkey/120104/can-turkey-prevent-us-war-iran
2012-01-05,22:13:51,o3yaw,126,The 27 members of the European Union may be on the brink of announcing an embargo on Iranian oil.,euronews.net,http://www.euronews.net/2012/01/04/eu-ready-to-ban-iranian-oil-imports/
2012-01-05,21:58:19,o3xvb,121,"Caught on camera, the horrifying moment bus plunges down ravine on 'world's most dangerous road'


",dailymail.co.uk,http://www.dailymail.co.uk/news/article-2082292/Caught-camera-horrifying-moment-bus-plunges-ravine-worlds-dangerous-road.html
2012-01-05,10:57:46,o3ewu,119,'Secret' Environment Canada presentation warns of oilsands' impact on habitat,canada.com,http://www.canada.com/technology/Secret+Environment+Canada+presentation+warns+oilsands+impact+habitat/5894992/story.html
2012-01-05,22:18:27,o3yfw,85,"Inside The 'Ndrangheta --- 


Profile of Calabrian mafia. Main business: Cocaine wholesaling. ""Our customers in Germany are mostly pimps and a large biker gang. We deliver in units of 50 to 70 kilograms."" Biggest headache: How to invest all the profits",spiegel.de,"http://www.spiegel.de/international/germany/0,1518,806233,00.html"
2012-01-05,19:34:12,o3upq,77,"Reversal of Fortune - A crusading lawyer helped Ecuadorans secure a huge environmental judgment against Chevron. But did he go too far?  “This trial is historic. This is the first time a small developing country has had power over a multinational American company.”
",newyorker.com,http://www.newyorker.com/reporting/2012/01/09/120109fa_fact_keefe?currentPage=all
2012-01-05,19:18:52,o3ues,74,"Japan Plans Futuristic Farm in Disaster Zone - Unmanned tractors will work fields where pesticides will have been replaced by LEDs keeping rice, wheat, soybeans, fruit & vegetables safe until robots can put them in boxes",dawn.com,http://www.dawn.com/2012/01/05/japan-plans-futuristic-farm-in-disaster-zone.html
2012-01-06,03:59:21,o4cnb,67,"Canada resists ""tough on crime"" policies from south 
of the border",theglobeandmail.com,http://www.theglobeandmail.com/news/opinions/opinion/jails-dont-keep-people-out-of-jail/article2291589/
2012-01-06,05:59:49,o4ia9,61,"Canada Faces Calls to Stop its Commercial Seal Hunt - ""It's time for the govt to face the reality that commercial sealing is neither viable nor necessary.""  Seal pup deaths have dramatically increased due to warming.  Russia banned the import of harp seal pelts. EU allows only Inuit seal products.",guardian.co.uk,http://www.guardian.co.uk/environment/2012/jan/05/canadian-seal-cull-unnecessary-climate-change
2012-01-05,20:56:38,o3wea,48,"Hosni Mubarak ordered shoot-to-kill at Tahrir Square, say prosecutors:  Former Egyptian President Hosni Mubarak was responsible for killing some 800 Tahrir Square protesters, said prosecutors in the second day of Murbark's trial in Cairo.",csmonitor.com,http://www.csmonitor.com/World/Latest-News-Wires/2012/0104/Hosni-Mubarak-ordered-shoot-to-kill-at-Tahrir-Square-say-prosecutors
2012-01-06,05:35:32,o4h61,47,"North Korea bulks up its military: Seoul may be hoping for the best, but is preparing for the worst.
",globalpost.com,http://www.globalpost.com/dispatch/news/regions/asia-pacific/south-korea/120105/north-korea-military-south-korea-kim-jong-il-un
2012-01-05,19:22:27,o3uhd,45,2012 to be a decisive year in Mexico’s deadly drug war as the country elects a new president & figures out how to combat the cartels - Heavy majorities support military deployment & other anti-crime operations. About 1/3 want to negotiate with the cartels or legalize drugs,thedailybeast.com,http://www.thedailybeast.com/articles/2012/01/03/2012-will-be-a-decisive-year-in-mexico-s-deadly-drug-war.html
2012-01-05,11:23:13,o3g02,35,Mexico: Clash between rival gangs has left 31 inmates dead,aljazeera.com,http://www.aljazeera.com/news/americas/2012/01/2012152401882210.html
2012-01-06,07:12:40,o4lol,29,Hindu group 'flew Pakistan flag to create tension' -Six members of a right-wing Hindu group have been arrested in India's southern Karnataka state for raising Pakistan's national flag on a government building.,bbc.co.uk,http://www.bbc.co.uk/news/world-asia-india-16424473
2012-01-06,00:30:37,o43b8,32,31 inmates killed in northern Mexico prison fight,news.yahoo.com,http://news.yahoo.com/31-inmates-killed-northern-mexico-prison-fight-025657268.html
2012-01-05,14:52:09,o3o6k,29,Belarus (ex republic of USSR) has outlawed browsing foreign Web sites,washingtonpost.com,http://www.washingtonpost.com/blogs/blogpost/post/belarus-has-outlawed-browsing-foreign-web-sites/2012/01/03/gIQAhQNoYP_blog.html?socialreader_check=0&denied=1
2012-01-05,15:00:27,o3oft,25,EU moves to ban Iran crude oil,bbc.co.uk,http://www.bbc.co.uk/news/world-middle-east-16418589
2012-01-05,21:20:32,o3wz6,28,"Vint Cerf (Google's VP and chief Internet evangelist): Internet Access Is Not a Human Right

",nytimes.com,https://www.nytimes.com/2012/01/05/opinion/internet-access-is-not-a-human-right.html?_r=1&pagewanted=all
2012-01-06,01:26:24,o45pv,26,"Forget Iran, Turkey is the future leader of the Middle East",nytimes.com,http://www.nytimes.com/2012/01/05/opinion/in-the-arab-spring-watch-turkey.html
2012-01-05,12:37:52,o3j6m,23,Iran's Real Weapon Of Mass Destruction Is Oil Prices,forbes.com,http://www.forbes.com/sites/danielfisher/2012/01/04/irans-real-weapon-of-mass-destruction-is-oil-prices/
2012-01-05,11:26:51,o3g72,21,Oil Price Would Skyrocket if Iran Closed the Strait of Hormuz: Energy analysts say the price of oil would start to soar and could rise 50% or more within days,nytimes.com,https://www.nytimes.com/2012/01/05/business/oil-price-would-skyrocket-if-iran-closed-the-strait.html?_r=1&hp
2012-01-05,22:17:47,o3yf0,21,Sweden recognises new file-sharing religion Kopimism,bbc.co.uk,http://www.bbc.co.uk/news/technology-16424659
