2012-07-02,23:40:42,vxbd8,2398,"Announcing The Declaration Of Internet Freedom: ""A whole bunch of organizations and individuals are getting together today to launch the beginning of a process, the creation of an Internet Declaration of Freedom.""",techdirt.com,http://www.techdirt.com/articles/20120701/22394419546/announcing-declaration-internet-freedom.shtml
2012-07-02,11:17:01,vwl1b,1955,The 'Tampon King' who sparked a period of change for India's women,independent.co.uk,http://www.independent.co.uk/news/world/asia/the-tampon-king-who-sparked-a-period-of-change-for-indias-women-7897093.html
2012-07-02,12:51:44,vwpul,1708,"Prisoners in Brazil Reducing Their Sentences by Producing Electricity - For every 16 hrs spent pedaling to charge a battery connected to the bike, prisoners of good standing will shave a day off their sentences",io9.com,http://io9.com/5922551/brazilian-prison-incentivizes-prisoners-to-provide-pedal+powered-energy
2012-07-02,00:24:56,vvq21,997,The Barclays scandal is not 'wholly inappropriate'. It's a crime,guardian.co.uk,http://www.guardian.co.uk/commentisfree/2012/jun/29/barclays-scandal-not-inappropriate-crime
2012-07-02,03:51:42,vvzgo,491,Scientology abandoned by Ron Hubbard's granddaughter and David Miscavife's father,blogs.villagevoice.com,http://blogs.villagevoice.com/runninscared/2012/06/scientology_roanne_leake_ron_miscavige_sr.php
2012-07-02,00:56:26,vvrbf,169,"Home Secretary Theresa May planning changes to the test taken by foreign nationals who wish to become British citizens'; immigrants will be told ""historically the UK is a Christian country""",bbc.co.uk,http://www.bbc.co.uk/news/uk-18662531
2012-07-02,01:27:20,vvsq1,130,The health spending map of the world,guardian.co.uk,http://www.guardian.co.uk/news/datablog/interactive/2012/jun/30/health-spending-map-world
2012-07-02,03:26:00,vvy9h,112,"Defected North Korea poet writes of hunger, desperation.",google.com,http://www.google.com/hostednews/ap/article/ALeqM5iLPrA6IZ8ijvnT9X4bsNk5WSrb8w?docId=211bb23053ac4578b6d5d0b501c6aacf
2012-07-02,19:06:38,vx2nt,111,Army officers accused of sexual abuse following 'Game of Thrones' screening,hurriyetdailynews.com,http://www.hurriyetdailynews.com/army-officers-accused-of-sexual-abuse-following-game-of-thrones-screening-.aspx?pageID=238&nID=24530&NewsCatID=341
2012-07-03,03:13:19,vxnmc,108,Catholic Church Fears Growing Vatican Bank Scandal,spiegel.de,http://www.spiegel.de/international/europe/a-growing-vatican-bank-scandal-threatens-catholic-church-image-a-842140.html
2012-07-02,00:11:35,vvpl8,98,"British Sex Grooming Cases Spark Racial Tensions - ""the several hundred girls are white, and the men who used them as sex toys are Asian Muslims, mostly Pakistanis raised in Britain""",npr.org,http://www.npr.org/templates/story/story.php?storyId=156059745
2012-07-02,00:59:11,vvrfz,100,Egypt Christians ‘Killed’ After Election of Morsi as Egypt's president,bosnewslife.com,http://www.bosnewslife.com/22304-egypt-christians-killed-after-election-morsi
2012-07-02,13:55:21,vwt25,97,Officials: Pena Nieto projected winner in Mexican presidential vote ,edition.cnn.com,http://edition.cnn.com/2012/07/01/world/americas/mexico-elections/index.html?hpt=hp_t1
2012-07-02,05:06:38,vw2ux,93,More than ten thousand pounds of elephant ivory went up in flames today ... a fiery act intended to snuff out a recent spike in poaching.,news.nationalgeographic.com,http://news.nationalgeographic.com/news/2012/06/120627-gabon-ivory-elephants-poaching-africa-animals-science/?source=hp_dl2_news_ivory20120630
2012-07-03,00:57:47,vxfj5,74,"
The Prime Minister Of Qatar Buys New York City's Most Expensive Home For $100 Million
",businessinsider.com,http://www.businessinsider.com/the-prime-minister-of-qatar-is-buying-new-york-citys-most-expensive-penthouse-for-100-million-2012-7
2012-07-02,18:48:27,vx29x,69,David Nutt on the truth about drugs,guardian.co.uk,http://www.guardian.co.uk/science/audio/2012/jul/02/science-weekly-podcast-david-nutt-drugs
2012-07-02,13:20:32,vwrdu,65,"As crops rot, millions go hungry in India",uk.reuters.com,http://uk.reuters.com/article/2012/07/01/uk-india-wheat-idUKBRE8600KB20120701
2012-07-03,00:07:40,vxcsc,67,Mexico's former ruling party voted back to office,chron.com,http://www.chron.com/news/article/Mexico-s-former-ruling-party-voted-back-to-office-3677959.php
2012-07-02,01:29:29,vvstu,32,Ireland scraps electronic voting machines,irishtimes.com,http://www.irishtimes.com/newspaper/breaking/2012/0629/breaking2.html
2012-07-02,18:22:40,vx1pa,34,British troops killed by gunman in Afghan police uniform,bbc.co.uk,http://www.bbc.co.uk/news/uk-18670175
2012-07-02,20:41:33,vx4xn,31,Ethiopia Refining Internet Censorship - The 'Committee to Protect Journalists' says it appears Ethiopia is extending & refining its censorship of Internet news with a sophistication that could encourage other authoritarian regimes in Africa.,washingtonpost.com,http://www.washingtonpost.com/world/africa/journalism-watchdog-says-ethiopia-refining-internet-censorship-encouraging-others/2012/07/02/gJQAJ8YqHW_story.html
2012-07-02,03:03:08,vvx4p,26,"The Prince vs. the 'Paupers' -  Liechtenstein's billionaire royal family is threatening to literally abandon its tiny, wealthy principality over a referendum to curtail its power. Is this the coming of the Liechtenspring? ",foreignpolicy.com,http://www.foreignpolicy.com/articles/2012/06/29/the_prince_vs_the_paupers?page=full
2012-07-02,20:01:49,vx3ze,23,The president of Germany's domestic intelligence agency has resigned in response to a series of errors made in the investigation of a neo-Nazi terror cell. Criticism grew last week after it emerged that his office had shredded important documents relating to the case.,spiegel.de,http://www.spiegel.de/international/germany/german-spy-chief-resigns-over-neo-nazi-terrorist-investigation-a-842060.html
2012-07-02,01:52:07,vvtuu,20,Sudan blames Zionist-American plot for unrest,sudaneseonline.com,http://www.sudaneseonline.com/news/5817-sudan-blames-zionist-american-plot-for-unrest.html
2012-07-02,23:56:12,vxc72,18,Did history kill defense deal between Japan and South Korea? ,thediplomat.com,http://thediplomat.com/flashpoints-blog/2012/07/02/dead-defense-deal-for-japan-rok/
2012-07-02,13:11:57,vwqyn,16,Militants in Mali Continue to Destroy Shrines of Sufi Saints ,nytimes.com,http://www.nytimes.com/2012/07/02/world/africa/militants-in-mali-continue-to-destroy-shrines-of-sufi-saints.html?smid=re-share
2012-07-02,19:27:56,vx36o,18,"The Amazon's Belo Monte Dam: “You have an environmental impact study that's 36 volumes, around 20,000 pages, & it’s basically a work of fiction. Belo Monte is a spear point for dismantling the whole system of environmental licensing & regulation here.” ",nytimes.com,http://www.nytimes.com/2012/07/01/opinion/sunday/the-dam-boom-in-the-amazon.html?_r=1&partner=rss&emc=rss
2012-07-02,10:52:46,vwjtu,17,"Swedish Woman refused help from 'dark-skinned' clerk, ""not a crime"" courts rule",thelocal.se,http://www.thelocal.se/38190/20111228/
2012-07-03,06:00:32,vxyqi,17,"Two 'plane hijackers' die in China's 
Xinjiang",bbc.co.uk,http://www.bbc.co.uk/news/world-asia-china-18682110
2012-07-02,21:00:59,vx5fv,14,"Outfoxed by Club Med: German Dominance in Doubt after Summit Defeat - Chancellor Merkel suffered a bruising defeat at last week's Brussels summit after the leaders of Italy, Spain and France ganged up on her.  It looks like Germany will no longer be calling the shots in the EU",spiegel.de,http://www.spiegel.de/international/europe/german-dominance-in-doubt-after-summit-defeat-a-842056.html
