2012-02-14,07:52:14,po86o,2497,Canadian legislation will require internet service providers to log internet activity of all customers and provide information to government and police. The government says anyone who is against the bill is siding with child pronographers,theglobeandmail.com,http://www.theglobeandmail.com/news/politics/john-ibbitson/tories-on-e-snooping-stand-with-us-or-with-the-child-pornographers/article2336889/?from=sec434
2012-02-14,12:36:52,pomx5,1887,"(Canadian) Conservative Party wants warrant-less searches of everyone's internet history, saying all that oppose this support child porn.",cbc.ca,http://www.cbc.ca/news/technology/story/2012/02/13/technology-lawful-access-toews-pornographers.html
2012-02-14,00:08:57,pnkx7,1410,Athens in Flames [pics],theatlantic.com,http://www.theatlantic.com/infocus/2012/02/athens-in-flames/100244/
2012-02-14,21:34:12,pp1zv,909,"Dresden stands up to neo-Nazi march - For years, neo-Nazis have marched on the anniversary of the 1945 Dresden air raid. In 2011, tension with counter-demonstrators escalated into clashes. But this year, the city seemed to have learned from past mistakes. ",dw.de,"http://www.dw.de/dw/article/0,,15740761,00.html"
2012-02-14,17:50:42,pox36,819,China cops beat Tibet monk as he burns,cbsnews.com,http://www.cbsnews.com/8301-202_162-57377173/china-cops-beat-tibet-monk-as-he-burns/?tag=re1.latest
2012-02-14,20:59:52,pp144,587,Malaysia Celebrates Valentine's Day by Arresting Unmarried Couples,theatlanticwire.com,http://www.theatlanticwire.com/global/2012/02/malaysia-celebrates-valentines-day-arresting-unmarried-couples/48659?mrefid=
2012-02-15,06:49:20,ppsct,493,Rome dropped its bid for the 2020 Olympics on Tuesday after Premier Mario Monti said the Italian government would not provide financial backing for an estimated $12.5-billion project at a time of economic crisis.,hosted.ap.org,http://hosted.ap.org/dynamic/stories/O/OLY_ROME_2020_BID?SITE=RIPAW&SECTION=HOME&TEMPLATE=DEFAULT
2012-02-14,00:39:11,pnm8f,284,"
Millions of young people worldwide are unemployed - are we creating a lost generation?",bbc.co.uk,http://www.bbc.co.uk/iplayer/console/p00nftf5
2012-02-14,04:16:31,pnwv0,271,"WTF: India gives gallantry award to the police officer who stripped a woman naked, gave her electric shocks and shoved stones in her private parts.",thehindu.com,http://www.thehindu.com/news/national/article2834675.ece
2012-02-14,01:16:18,pnnv1,190,Motorcycle hitman uses magnetic bomb against Israeli diplomat -- same method as killed the Iranian scientist.,canada.com,http://www.canada.com/news/Israel+blames+Iran+embassy+attacks/6144406/story.html
2012-02-14,16:45:15,povws,178,China to deport 29 North Korean defectors back to North Korea after several of them tried to reunite with family in South,english.chosun.com,http://english.chosun.com/site/data/html_dir/2012/02/14/2012021400667.html
2012-02-14,21:11:27,pp1e6,178,"The Way Greeks Live Now --- 


A glimpse into harsh reality of life in Greece, where half of all under 25s are now out of work. And yet despite economic turmoil ""somehow everyday life rumbles on, in a collective trance, shot through with gallows humor""",nytimes.com,http://www.nytimes.com/2012/02/19/magazine/the-way-greeks-live-now.html?_r=1&pagewanted=all
2012-02-14,19:42:59,pozc1,176,"'Iranian' bomber injured in Bangkok. Other explosions were reported in the same busy commercial district of the Thai capital, injuring four others.",bbc.co.uk,http://www.bbc.co.uk/news/world-asia-17026007
2012-02-14,23:41:30,pp6t5,108,"Antarctic water PR stunt involving Vladimir Putin comes unstuck - 

Head of Russian scientific expedition admits contents of presentation case were not actually from ancient sub-glacial lake",guardian.co.uk,http://www.guardian.co.uk/world/2012/feb/14/antarctic-water-presentation-vladimir-putin
2012-02-15,06:48:00,ppsa2,103,"JPMorgan, Deutsche Bank and HSBC are among at least seven firms facing a Canadian probe into whether they participated in a conspiracy to manipulate prices on interest-rate derivatives",bloomberg.com,http://www.bloomberg.com/news/2012-02-14/jpmorgan-hsbc-are-among-seven-firms-facing-libor-fixing-probe-by-canada.html
2012-02-15,01:43:49,ppcl7,78,"
Los Zetas, Mexico's number 2 drug cartel, paid hundreds of dollars to ordinary people to buy 203 assault rifles, handguns and a sniper rifle in Texas",globalpost.com,http://www.globalpost.com/dispatch/news/regions/americas/united-states/120208/los-zetas-9-jailed-texas-buying-guns
2012-02-14,12:11:08,polmz,66,Vladimir Putin ridiculed after demanding Russians have more sex to halt declining population,dailymail.co.uk,http://www.dailymail.co.uk/news/article-2100610/Vladimir-Putin-ridiculed-demanding-Russians-sex-halt-declining-population.html
2012-02-14,22:13:48,pp3a4,58,"The one year anniversary of Bahrain's suppressed protest movement erupted in clashes as security personnel fanned out through the capital, Manama.",globalpost.com,http://www.globalpost.com/dispatch/news/regions/middle-east/120214/bahrain-protest-anniversary-turns-violent-video
2012-02-14,21:04:10,pp17k,59,Homs is being bombarded by rocket fire,abc.net.au,http://www.abc.net.au/news/2012-02-14/twt-un-debates-peacekeepers-for-syria/3829084
2012-02-14,09:36:07,podkb,54,The Twitter followers who encouraged a Saudi journalist accused of blasphemy may be charged with the same crime,upi.com,http://www.upi.com/Top_News/World-News/2012/02/13/Blasphemy-may-extend-to-Twitter-friends/UPI-20611329162081/?upi_mf
2012-02-14,11:56:48,pokwa,36,Argentina's transport workers' union says it will boycott ships flying the British flag because of the dispute over the Falkland Islands,bbc.co.uk,http://www.bbc.co.uk/news/world-latin-america-17022603
2012-02-15,05:00:37,ppmnz,28,CANADA - Proposed bill for expanded surveillance tabled in Commons,montrealgazette.com,http://www.montrealgazette.com/news/Proposed+surveillance+bill+tabled/6150148/story.html
2012-02-14,22:06:37,pp30v,27,"""Canada stepped up pressure on Washington on Monday [13 February 2012] to rewrite its controversial Volcker rule to remove restrictions on Canadian bank activities that it says do not threaten the U.S. financial system.""",ca.reuters.com,http://ca.reuters.com/article/domesticNews/idCATRE81C11220120213?sp=true
2012-02-14,16:07:33,pouxt,25,Monsanto found guilty of poisoning in pesticide case,euronews.net,http://www.euronews.net/2012/02/13/monsanto-found-guilty-of-poisoning-in-pesticide-case/
2012-02-15,01:43:38,ppcl2,25,"Stem cells taken from patient's heart heal heart attack scars, regrow healthy muscle",cbsnews.com,http://www.cbsnews.com/8301-504763_162-57377323-10391704/stem-cells-heal-heart-attack-scars-regrow-healthy-muscle/
2012-02-14,23:07:11,pp59h,24,"In a country where power rests disproportionately among older people, how does Japan, which has the world’s most rapidly aging population, use its dwindling resources to build a society that looks to the future as much as to the past? ",nytimes.com,http://www.nytimes.com/2012/02/13/world/asia/amid-japan-reconstruction-generational-rift-opens.html?_r=1&pagewanted=all
2012-02-15,02:11:53,ppe0e,22,Justice Minister accuses critics of 'siding with child pornographers.',ctv.ca,http://www.ctv.ca/CTVNews/TopStories/20120213/toews-accuses-bill-critics-of-siding-with-child-pornographers-120213/
2012-02-15,02:46:55,ppfth,24,"Two Colombian priests shot dead in Bogota a year ago hired the assassins who killed them after one was diagnosed with Aids, prosecutors say.",bbc.co.uk,http://www.bbc.co.uk/news/world-latin-america-17032567
2012-02-15,06:55:44,ppspp,21,Mexico drugs: cartel 'meth boss' Jaime Herrera arrested,bbc.co.uk,http://www.bbc.co.uk/news/world-latin-america-17034435
2012-02-15,02:46:17,ppfsc,21,President Hugo Chavez's allies are bombarding Venezuela's newly-anointed opposition leader with attacks ranging from the legitimacy of the primary vote to his sexuality and Jewish roots.,news.yahoo.com,http://news.yahoo.com/chavez-allies-turn-venezuelan-opposition-leader-175833039.html
