2012-02-06,12:00:00,pcplr,1984,Passengers at airports across Australia will be forced to undergo full-body scans or be banned from flying under new laws to be introduced this week.,theaustralian.com.au,http://www.theaustralian.com.au/travel/news/accept-airport-scan-or-drive/story-e6frg8ro-1226262838340
2012-02-06,08:05:57,pcgg3,866,Sarkozy ally says all civilisations not equal:  French interior minister stands by his remarks as critics denounced his comments as dangerous and xenophobic.,aljazeera.com,http://www.aljazeera.com/news/europe/2012/02/201225162625127900.html
2012-02-06,07:41:49,pcfl8,612,"""Ignoring a U.S. threat to cut off aid, Egypt on Sunday [5 February 2012] referred 19 Americans and 24 other employees of nonprofit groups to trial before a criminal court on accusations they illegally used foreign funds to foment unrest in the country.""",seattlepi.com,http://www.seattlepi.com/news/article/Egypt-sends-43-NGO-workers-to-trial-over-funds-3045568.php
2012-02-06,07:40:24,pcfjh,567,"BBC News - Three Tibetans have set fire to themselves in south-west China, reports say, in the latest apparent protest against rule from Beijing.",bbc.co.uk,http://www.bbc.co.uk/news/world-asia-china-16895812
2012-02-06,22:24:33,pd6dl,536,U.S. Closes embassy in Syria,security.blogs.cnn.com,http://security.blogs.cnn.com/2012/02/06/breaking-u-s-closes-embassy-in-syria/?hpt=hp_t1
2012-02-06,09:34:16,pcjlh,529,"""A new taste for eating elephant meat -- everything from trunks to sex organs -- has emerged in Thailand and could pose a new threat to the survival of the species.""",seattlepi.com,http://www.seattlepi.com/news/article/AP-Exclusive-New-taste-for-Thai-elephant-meat-2716412.php
2012-02-06,23:34:15,pd8pi,283,"Google, Facebook take down 'offensive' India content:  The firms have pulled down web pages deemed offensive to Indian political and religious leaders, in compliance with a court directive issued during an ongoing civil lawsuit against more than 20 Internet giants.
",globalpost.com,http://www.globalpost.com/dispatch/news/regions/asia-pacific/india/120206/google-facebook-take-down-offensive-india-content
2012-02-06,21:26:34,pd4re,275,Romania's government resigns following protests,dw.de,"http://www.dw.de/dw/article/0,,15720951,00.html"
2012-02-06,08:40:00,pchne,257,"North Korea using old, US-made drones: ""N. Korea recently bought several US MQM-107D Streakers from a Middle Eastern nation that appears to be Syria, and is developing unmanned attack aircraft based on them.""",english.yonhapnews.co.kr,http://english.yonhapnews.co.kr/northkorea/2012/02/05/17/0401000000AEN20120205000900315F.HTML
2012-02-06,08:05:31,pcgfi,237,China is buying up companies in Europe and tip toeing around the euro debt. Very Sun Tzu indeed. ,smh.com.au,http://www.smh.com.au/business/world-business/china-snubs-debt-in-european-spending-spree-20120206-1r06o.html
2012-02-06,21:49:21,pd5bk,165,China orders airlines not to pay Europe for carbon emissions,globalpost.com,http://www.globalpost.com/dispatch/news/regions/asia-pacific/china/120205/china-orders-airlines-not-pay-europe-carbon-emission
2012-02-06,21:41:59,pd555,154,"Norway Mass Killer Decries ""Cultural Destruction"" --  Anders Behring Breivik, who killed 77 people in Norway, said Monday his massacre was necessary to prevent his country's cultural destruction.",reuters.com,http://www.reuters.com/article/2012/02/06/us-norway-attacks-idUSTRE8150VM20120206?mrefid=
2012-02-06,20:02:37,pd2ya,141,Facebook and Google remove 'offensive' India content,bbc.co.uk,http://www.bbc.co.uk/news/world-asia-india-16903765
2012-02-06,21:42:51,pd55z,135,"Syrian and Libyan demonstrators hurled rocks, eggs and tomatoes at the Chinese embassy in Tripoli on Monday, after Russia and China vetoed a U.N. Security Council resolution backing an Arab plan urging Syria's President Bashar al-Assad to give up power",reuters.com,http://www.reuters.com/article/2012/02/06/us-china-syria-libya-demo-idUSTRE8150WK20120206?mrefid=
2012-02-06,21:04:47,pd4a4,113,"Russia's Line In The Sand --- 


Why Russia won't support UN condemnation of Syria's President Assad. Not just solidarity among autocrats. Russia feels that it got burnt over Libya. It doesn't trust the Syrian opposition. And it trusts the US even less",foreignaffairs.com,http://www.foreignaffairs.com/articles/137078/dmitri-trenin/russias-line-in-the-sand-on-syria?page=show
2012-02-06,20:41:42,pd3sf,79,Alberto Contador handed two-year ban for doping and is stripped of 2010 Tour de France title by the CAS,telegraph.co.uk,http://www.telegraph.co.uk/sport/othersports/cycling/9063709/Alberto-Contador-handed-two-year-ban-for-doping-and-is-stripped-of-2010-Tour-de-France-title-by-the-CAS.html
2012-02-07,00:16:29,pdabx,83,ACTA: Europe braced for protests over anti-piracy treaty (xpost r/evolutionreddit) ,bbc.co.uk,http://www.bbc.co.uk/news/technology-16906086
2012-02-06,21:50:51,pd5cx,73,"Beijing’s South China Sea Gamble:  If China is right, then there is enough oil under the South China Sea to feed global consumption for several years. But Beijing may be making an aggressive bet on the wrong horse.
",the-diplomat.com,http://the-diplomat.com/2012/02/04/beijings-south-china-sea-gamble/?all=true
2012-02-06,23:00:29,pd7ia,74,6th Feb 'They are still picking up the bodies' Direct report from Homs in Syria,news.bbc.co.uk,http://news.bbc.co.uk/today/hi/today/newsid_9693000/9693346.stm
2012-02-06,22:50:38,pd76h,61,Why India chose Rafale,telegraphindia.com,http://www.telegraphindia.com/1120206/jsp/frontpage/story_15098135.jsp
2012-02-07,00:27:20,pdat0,59,Czech government just suspended process of ACTA ratification,ceskenoviny.cz,http://www.ceskenoviny.cz/news/zpravy/czech-government-suspends-process-of-ratification-of-acta-pm/751437
2012-02-06,22:22:24,pd6ba,58,"Google, Facebook pull web pages on order from India, which deemed content ""anti-religious,"" or ""anti-social""",hosted.ap.org,http://hosted.ap.org/dynamic/stories/A/AS_INDIA_INTERNET?SITE=AP&SECTION=HOME&TEMPLATE=DEFAULT
2012-02-06,13:20:12,pct4g,51,USGS: 6.8 quake strikes off coast of Philippines' 3rd-largest island - CNN.com,cnn.com,http://www.cnn.com/2012/02/05/world/asia/philippines-earthquake/index.html
2012-02-06,22:23:56,pd6cz,51,"US closes embassy in Damascus, evacuates personnel",abcnews.go.com,http://abcnews.go.com/International/us-diplomats-shuttled-syria-embassy-shuttered/story?id=15519888#.Ty_htsVSTQg
2012-02-06,09:07:11,pcikz,37,"Mega Snow Storm Leaves 33,000 Without Power In Rome, And Food Supplies Are Running Low.",businessinsider.com,http://www.businessinsider.com/rome-has-been-shut-down-by-the-heaviest-snow-in-decades-2012-2?utm_source=feedburner&utm_medium=feed&utm_campaign=Feed%3A+businessinsider+%28Business+Insider%29
2012-02-06,18:44:37,pd1ir,33,"""This is a restricted area. Your photograph has been taken and will be sent away for processing unless you leave immediately""",bigsmoke.org.uk,http://www.bigsmoke.org.uk/?p=35185
2012-02-06,14:05:10,pcuxt,32,6.8 Earthquake in the Philippines,newsinfo.inquirer.net,http://newsinfo.inquirer.net/140513/one-dead-in-strong-philippine-quake
2012-02-07,05:35:52,pdosg,36,Romania's government collapses,money.msn.com,http://money.msn.com/business-news/article.aspx?feed=AP&date=20120206&id=14760652
2012-02-06,13:55:52,pcukc,24,"Spanish banks: Government moves to protect banks from toxic real estate holdings -- Prime Minister Mariano Rajoy demands each bank raise a 50 billion euro safety net, to boost confidence.
",globalpost.com,http://www.globalpost.com/dispatch/news/regions/europe/spain/120203/spanish-banks-government-moves-protect-banks-toxic-real-es
2012-02-06,17:20:46,pd024,26,Malaysian jungle adventurers solve WWII mysteries,france24.com,http://www.france24.com/en/20120206-malaysian-jungle-adventurers-solve-wwii-mysteries
