2012-09-30,16:58:11,10pcw7,3445,Maid in Dubai tries to kill herself after her employers don't pay her for 3 months. Woman is arrested for attempting suicide and fined $270.,thenational.ae,http://www.thenational.ae/news/uae-news/courts/maid-stands-in-middle-of-road-in-suicide-bid
2012-09-30,23:29:47,10plka,2242,Bangladesh Muslim protesters torch Buddhist temples over Facebook photo,blogs.reuters.com,http://blogs.reuters.com/faithworld/2012/09/30/bdesh-muslim-protesters-torch-buddhist-temples-over-facebook-photo/
2012-09-30,03:09:48,10obvw,2162,"Afghan-Canadian mother stabs daughter for staying out past curfew. She cuddled her first-born and told her to lie on her stomach so she could give her a back massage. “Then I stab her, stab her neck,” she confessed. “She said, ‘No Mom!’ I said, ‘It’s for your good. Let me finish.’ ”",news.nationalpost.com,http://news.nationalpost.com/2012/09/26/its-for-your-good-let-me-finish-afghan-canadian-told-police-she-stabbed-daughter-with-kitchen-knife/
2012-09-30,20:37:36,10ph29,2143,Pirate Bay Founder Remains Locked Up Without Charges - TorrentFreak,torrentfreak.com,http://torrentfreak.com/pirate-bay-founder-remains-locked-up-without-charges-120930/?utm_source=feedburner&utm_medium=feed&utm_campaign=Feed%3A+Torrentfreak+%28Torrentfreak%29
2012-09-30,08:23:54,10ortu,1376,"Russia told Assad to shoot down Turkish plane, murder captured pilots, 'leaked Syrian documents' show -- Devastating intelligence papers purport to prove jet was downed on Moscow’s orders, pilots captured alive by intelligence unit and then killed; Damascus had claimed June incident was an accident",timesofisrael.com,http://www.timesofisrael.com/turkish-pilots-were-murdered-by-asads-regime-after-he-downed-their-plane-at-russias-suggestion-documents-show/
2012-09-30,20:15:47,10pgmp,929,A Muslim television preacher in Egypt will face blasphemy charges after being video-taped burning a copy of the Bible,aljazeera.com,http://www.aljazeera.com/news/middleeast/2012/09/20129305539769859.html
2012-09-30,02:02:17,10o8jk,674,"Turkish pilots killed by Assad, not crash: leaked documents",english.alarabiya.net,http://english.alarabiya.net/articles/2012/09/29/240805.html
2012-09-30,06:00:20,10oknr,656,"Islamists who pose a threat 'have no place in France', said interior minister Manuel Valls",france24.com,http://www.france24.com/en/20120927-france-expel-foreigners-threaten-security-muslim-extremists-valls-secular-values-deport-islamists
2012-09-30,16:25:11,10pc4e,447,"Tens of thousands of Australians flood the streets of Melbourne for a peace march after woman (Jill Meagher) was abducted, raped and murdered",smh.com.au,http://www.smh.com.au/photogallery/national/peace-march-for-jill-meagher-20120930-26ta3.html
2012-09-30,07:55:23,10oqfy,332,"India launches 101st space mission, and looks to Mars:  

The mission will be carried out without international help, highlighting the growth and ambition of India's home-grown space program, which plans to launch a mission to Mars.",csmonitor.com,http://www.csmonitor.com/World/Asia-South-Central/2012/0929/India-launches-101st-space-mission-and-looks-to-Mars
2012-09-30,22:13:00,10pj9h,335,"UK renewable energy output jumps by 42% in last year - Figures come just days after the UK set a new record for wind power output & mean the UK  on track to set a host of new renewable energy records for 2012, despite on-going concerns that policy uncertainty is harming investor confidence.",guardian.co.uk,http://www.guardian.co.uk/environment/2012/sep/27/uk-renewable-energy-output-jumps?newsfeed=true
2012-09-30,07:51:53,10oq9v,230,Libya launches weapons collection drive:  Hundreds of Libyans voluntarily turn over their weapons after rallies calling for disbanding of militias.,aljazeera.com,http://www.aljazeera.com/news/africa/2012/09/201292916631790143.html
2012-09-30,23:06:27,10pkt7,132,Islamic group calls for ban on offending prophet,mysanantonio.com,http://www.mysanantonio.com/news/article/Islamic-group-calls-for-ban-on-offending-prophet-3905092.php
2012-09-30,02:11:37,10o8zy,128,"For Germans, religious membership comes with price:  Catholics, Protestants and Jews forced to pay up to 9 percent of income to participate in religious ceremonies",cbsnews.com,http://www.cbsnews.com/8301-202_162-57522674/for-germans-religious-membership-comes-with-price/
2012-09-30,05:17:09,10oiez,93,Russian lawmakers call for jail sentences for people guilty of offending religious feelings,uk.reuters.com,http://uk.reuters.com/article/2012/09/25/uk-russia-religion-idUKBRE88O14O20120925
2012-09-30,06:33:30,10ome9,82,"Al-Shabab abandon their last major stronghold in Somalia, Kismayo, following an assault on the town by African Union forces.",bbc.co.uk,http://www.bbc.co.uk/news/world-africa-19772025
2012-09-30,07:47:29,10oq1u,84,Bahrain police shoot 17-year-old protester dead in new wave of Shia unrest: Police in Bahrain shot dead a teenage protester as fresh unrest swept the island kingdom 19 months after Shia protesters first took to the streets early in the Arab Spring. ,telegraph.co.uk,http://www.telegraph.co.uk/news/worldnews/middleeast/bahrain/9576269/Bahrain-police-shoot-17-year-old-protester-dead-in-new-wave-of-Shia-unrest.html
2012-09-30,23:08:08,10pkuw,73,Venezuelan youth could decide if Chavez remains in power,washingtonpost.com,http://www.washingtonpost.com/world/the_americas/venezuelan-youth-could-decide-if-chavez-remains-in-power/2012/09/29/33358164-0a5f-11e2-9eea-333857f6a7bd_story.html
2012-09-30,21:33:32,10picg,53,"Guantanamo's last Western detainee returned to Canada
| Reuters",reuters.com,http://www.reuters.com/article/2012/09/29/us-guantanamo-khadr-idUSBRE88S0AN20120929?feedType=RSS&feedName=topNews
2012-09-30,07:23:31,10oouw,50,"Yulia Tymoshenko makes video appeal to Ukraine's voters from prison: Opposition leader beseeches country to vote out Viktor Yanukovych, who presides over a 'criminal state'
",guardian.co.uk,http://www.guardian.co.uk/world/2012/sep/29/yulia-tymoshenko-video-appeal-prison
2012-09-30,21:32:20,10pib4,43,Afghan insider attack kills 2 Americans,newsday.com,http://www.newsday.com/news/world/afghan-insider-attack-kills-2-americans-1.4057070
2012-09-30,17:10:32,10pd5z,38,"BBC News - US military death toll in Afghanistan reaches 2,000",bbc.co.uk,http://www.bbc.co.uk/news/world-asia-19776402
2012-09-30,08:42:05,10osp5,37,Food-safety inspectors to issue more recalls - E. coli discovered at Canadian US Border,calgaryherald.com,http://www.calgaryherald.com/health/Food+safety+inspectors+issue+more+recalls/7319516/story.html
2012-09-30,02:32:07,10o9zs,34,Algeria to UN: Limit free speech to protect Islam. ,boston.com,http://www.boston.com/2012/09/29/algeria-limit-free-speech-protect-islam/Wx1l4uQmpzHMNbKHSw5KRK/story.html
2012-09-30,22:15:05,10pjbc,28,Canada’s Nexen oil company shareholders approve Chinese takeover for $15.1 billion,newstro.com,http://newstro.com/article/canadas-nexen-oil-company-shareholders-approve-chinese-takeover-for-15-1-billion.html
2012-09-30,01:01:43,10o5gk,25,Jesus Christ Superstar Banned in Russia's Rostov,en.ria.ru,http://en.ria.ru/russia/20120929/176301399.html
2012-09-30,21:06:56,10php5,29,"Muslim protesters torch Buddhist temples, homes in Bangladesh",reuters.com,http://www.reuters.com/article/2012/09/30/us-bangladesh-temples-idUSBRE88T03I20120930
2012-09-30,07:57:19,10oqj6,24,"Algeria demanded new efforts Saturday to limit freedom of expression to prevent denigrating attacks on Islam, appealing to the United Nations to take a lead as nations engaged in new debate on the tensions between free speech and religious tolerance.",ottawacitizen.com,http://www.ottawacitizen.com/life/Algeria+proposes+initiative+General+Assembly+limit+free+speech/7320430/story.html
2012-09-30,22:17:27,10pjdt,25,"Chemical plant explosions in Japan kill one, may cripple global diaper output",worldnews.nbcnews.com,http://worldnews.nbcnews.com/_news/2012/09/29/14154759-chemical-plant-explosions-in-japan-kill-one-may-cripple-global-diaper-output?lite
2012-09-30,02:59:50,10obe5,25,Can the Vatican Survive the Age of Digital Media? --  Some institutions may not adapt to 21st-century radical transparency. The papacy's turn to inflammatory rhetoric while hit by a series of damaging leaks suggests that it's struggling.,theatlantic.com,http://www.theatlantic.com/international/archive/2012/09/can-the-vatican-survive-the-age-of-digital-media/262997/
