2012-02-19,12:12:45,pw2uh,1900,Swedish man survives for months in snowed-in car - Yahoo! News,news.yahoo.com,http://news.yahoo.com/swedish-man-survives-months-snowed-car-194327236.html
2012-02-19,21:02:21,pwe7q,1289,Iran 'halts oil sales to France and Britain',bbc.co.uk,http://www.bbc.co.uk/news/world-middle-east-17089953
2012-02-20,02:37:27,pwnkz,723,Hundreds of thousands march in Spain,reuters.com,http://www.reuters.com/article/2012/02/19/us-spain-protests-idUSTRE81I0CX20120219
2012-02-19,20:35:33,pwdsc,472,"The Sense Of An Ending --- 
""By engineering rigged elections that nobody bothered or dared to protest, Putin managed to conceal his regime's deepest secret, namely that Russia, rather than being misgoverned, is governed very laxly if at all""",eurozine.com,http://www.eurozine.com/articles/2012-02-17-krastev-en.html
2012-02-19,00:34:03,pvbwp,226," China, the United States and two dozen other countries are now looking at coordinated retaliation — including putting pressure on European airlines and other industries — if Europe tries to enforce a law requiring airlines to pay for their greenhouse gas emissions. 
",nytimes.com,http://www.nytimes.com/2012/02/18/business/global/countries-seek-retaliation-to-europes-carbon-tax-on-airlines.html?ref=business
2012-02-19,19:34:15,pwcvf,229,Taiwan's Foxconn raises wages for Chinese workers,washingtonpost.com,http://www.washingtonpost.com/business/taiwans-foxconn-raises-wages-for-chinese-workers-amid-scrutiny-after-suicides/2012/02/18/gIQANynHLR_story.html
2012-02-19,10:47:04,pvzvq,198,Latvia rejects making Russian an official language,bbc.co.uk,http://www.bbc.co.uk/news/world-europe-17083397
2012-02-19,21:14:09,pweel,186,Iran stops oil sales to French and British companies,reuters.com,http://www.reuters.com/article/2012/02/19/us-iran-oil-europe-idUSTRE81I07W20120219
2012-02-19,23:09:49,pwgn3,169,Israel airstrike hits Gaza targets: Strike follows rocket attacks on southern Israel,cbc.ca,http://www.cbc.ca/news/world/story/2012/02/19/israel-gaza.html
2012-02-19,20:55:59,pwe3w,163,"After journalist blasphemes Muhammed, Grand Mufti of the KSA wants to ban twitter while nephew of King owns 3% of it.",arabist.net,http://www.arabist.net/blog/2012/2/19/hamza-kashgari-social-media-and-the-saudis-dual-monarchy.html
2012-02-19,23:37:54,pwhd6,142,Algeria seizes missiles smuggled from Libya,newsdaily.com,http://www.newsdaily.com/stories/tre81h0op-us-algeria-libya-security/
2012-02-19,08:14:30,pvu5l,138,"More than 10,000 march in Damascus anti-Assad protest",haaretz.com,http://www.haaretz.com/news/middle-east/more-than-10-000-march-in-damascus-anti-assad-protest-1.413644
2012-02-19,10:31:15,pvz9i,128,"CNN - A computer programmer from Canada faces imminent execution in Iran for the actions of another person, which he had no control over, a human rights group says.",cnn.com,http://www.cnn.com/2012/02/18/world/meast/iran-programmer-execution/
2012-02-19,01:26:21,pvdsh,107,Zimbabwe: Chinese arrested for eating rare tortoises ,globalpost.com,http://www.globalpost.com/dispatches/globalpost-blogs/weird-wide-web/zimbabwe-arrests-chinese-eating-endangered-tortoises-bikita
2012-02-19,12:16:35,pw2yw,71,A mother from southern Sweden has been reported to health authorities for allegedly holding her son prisoner for years in a fantasy world inhabited by Smurfs and space aliens.,thelocal.se,http://www.thelocal.se/39158/20120216/
2012-02-19,21:58:46,pwf5t,66,Iraq gun and bomb attacks hit Baghdad and Baquba,bbc.co.uk,http://www.bbc.co.uk/news/world-middle-east-17089398
2012-02-20,06:03:00,pwwcr,59,Execution of web programmer in Iran may be imminent,cnn.com,http://www.cnn.com/2012/02/18/world/meast/iran-programmer-execution/index.html
2012-02-20,02:23:22,pwn1l,52,Eastern Europeans fuel fight for Internet freedoms ,news.yahoo.com,http://news.yahoo.com/eastern-europeans-fuel-fight-internet-freedoms-083904407.html
2012-02-19,16:45:50,pwace,54,North Korea threatens attack over planned artillery drills in South Korea,theglobeandmail.com,http://www.theglobeandmail.com/news/world/north-korea-threatens-attack-over-planned-artillery-drills-in-south-korea/article2343331/?utm_medium=feed&utm_source=feedburner&utm_content=Google+Reader&utm_campaign=Feed%3A+TheGlobeAndMail-International+%28The+Globe+and+Mail+-+World+News%29
2012-02-19,20:43:13,pwdwo,50,Anti-gay curriculum in schools not covered by Equality Act in UK,guardian.co.uk,http://www.guardian.co.uk/education/2012/feb/18/anti-gay-book-gove-row
2012-02-19,17:41:50,pwbaw,52,Phone and email records to be stored in new spy plan - Telegraph,telegraph.co.uk,http://www.telegraph.co.uk/technology/internet/9090617/Phone-and-email-records-to-be-stored-in-new-spy-plan.html
2012-02-20,05:30:54,pwuys,46,"Thousands of Australians were cut off by floodwaters on Saturday as heavy rain broke river banks across the vast eastern outback and some families battled with deadly snakes for rooftops, rescuers said.",scientificamerican.com,http://www.scientificamerican.com/article.cfm?id=snakes-compete-for-rooftops-as-floo
2012-02-19,23:48:11,pwhn2,43,Riot police guard Greek assembly as protesters gather,news.yahoo.com,http://news.yahoo.com/greek-cabinet-backs-extra-austerity-measures-012252356.html
2012-02-19,23:00:31,pwgeu,35,Syria's economy may bring down Assad: Damascus regime crippled by foreign sanctions and slowly disintegrating,globalpost.com,http://www.globalpost.com/dispatch/news/regions/middle-east/120219/syria-economy-china-homs-damascus-assad
2012-02-20,02:35:43,pwni9,35,Officials say a prison riot in northern Mexico has left about 20 people dead ,sacbee.com,http://www.sacbee.com/2012/02/19/4275490/officials-say-about-20-dead-in.html
2012-02-19,17:14:55,pwavb,31,Iranian warships enter Mediterranean ,aljazeera.com,http://www.aljazeera.com/news/middleeast/2012/02/2012218143339683553.html
2012-02-19,20:32:03,pwdqn,29,Australia hopes to finally settle if dingo killed baby in 4th inquest - Humans were involved in disappearance says lead Azaria detective,bostonglobe.com,http://bostonglobe.com/news/world/2012/02/19/australia-asks-again-did-dingo-kill-baby/LcWiUQdk4psapMLDpcNkdI/story.html
2012-02-20,04:48:27,pwt5j,27,"Russia critical of Latvia language vote:  Moscow says referendum outcome was biased because it excluded 319,000 Russian-speaking ""non-citizens"".",aljazeera.com,http://www.aljazeera.com/video/europe/2012/02/2012219164922424336.html
2012-02-20,00:10:57,pwibi,24,Iran 'stops oil exports' to UK and France ,aljazeera.com,http://www.aljazeera.com/news/middleeast/2012/02/201221913203691810.html#.T0Ee6XktzGE.reddit
2012-02-19,23:21:48,pwgyd,24,Nepalese woman accused of witchcraft and burned alive ,us.cnn.com,http://us.cnn.com/2012/02/18/world/asia/nepal-witchcraft-burning/index.html
