2012-09-18,02:41:46,1015r4,5247,"Russia has just declassified news that will shake world gem markets to their core: the discovery of a vast new diamond field containing ""trillions of carats,"" enough to supply global markets for another 3,000 years.",csmonitor.com,http://www.csmonitor.com/World/Global-News/2012/0917/Russia-reveals-shiny-state-secret-It-s-awash-in-diamonds
2012-09-18,16:52:07,102j9w,1562,Russia signs deal with North Korea to write off 90% of North Korea's $11 billion debt to Moscow,uk.finance.yahoo.com,http://uk.finance.yahoo.com/news/n-korea-signs-debt-agreement-070323034.html
2012-09-18,18:12:15,102laf,1532,Japan to prevent Chinese landing on disputed islands 'by any means',ajw.asahi.com,http://ajw.asahi.com/article/behind_news/social_affairs/AJ201209180066
2012-09-18,21:30:12,102qs8,487,"In Africa's warm heart, a cold welcome for Chinese: As Chinese miners, merchants and laborers surf into Africa on the back of a wave of big investments, a grass-roots backlash against Beijing's increasing diplomatic and commercial clout is sweeping through the continent
",reuters.com,http://www.reuters.com/article/2012/09/18/us-africa-china-pushback-idUSBRE88H0CR20120918
2012-09-18,01:18:35,1010ow,486,"Arctic expert predicts final collapse of sea ice within four years: ""a “global disaster” now unfolding in northern latitudes as the sea area that freezes and melts each year shrinks to its lowest extent ever recorded,""",rawstory.com,http://www.rawstory.com/rs/2012/09/17/arctic-expert-predicts-final-collapse-of-sea-ice-within-four-years/
2012-09-18,12:58:06,1029g8,480,Billionaire calls for end to aid to poor countries,stuff.co.nz,http://www.stuff.co.nz/world/europe/7696247/Billionaire-says-turn-aid-taps-off
2012-09-18,20:30:42,102ooj,375,Airport ditches controversial bodyscanners - Telegraph,telegraph.co.uk,http://www.telegraph.co.uk/news/aviation/9547965/Airport-ditches-controversial-bodyscanners.html
2012-09-18,15:54:36,102hkt,350,Japan Discovers Massive Rare Earth Mineral Deposits Under Pacific Ocean,huffingtonpost.co.uk,http://www.huffingtonpost.co.uk/2012/06/29/japan-discovers-massive-rare-earth-min_n_1637140.html
2012-09-18,09:46:14,101x77,254,Death of world's coral reefs could wreak global chaos.,usatoday.com,http://www.usatoday.com/news/world/environment/2010-03-26-coral-reefs_N.htm
2012-09-18,22:47:29,102tzy,220,'High value' air passengers may get fast-track passport checks - UK Border Agency working on plans for priority passport lanes for rich travellers at Heathrow and other British airports,guardian.co.uk,http://www.guardian.co.uk/uk/2012/sep/18/high-value-fasttrack-passport-checks
2012-09-18,20:58:54,102pli,187,How Angela Merkel's bold plan to save Europe may have just saved Barack Obama.,foreignpolicy.com,http://www.foreignpolicy.com/articles/2012/09/17/das_gift?page=full
2012-09-18,15:48:54,102hdo,176,Shell executive caught after accidentally printing child pornography at work,telegraph.co.uk,http://www.telegraph.co.uk/news/uknews/crime/9547807/Shell-executive-caught-after-accidentally-printing-child-pornography-at-work.html
2012-09-18,08:08:23,101r1h,181,Shell Executive Anthony Sturman Jailed for Printing Child Pornograpy at Work.,ibtimes.co.uk,http://www.ibtimes.co.uk/articles/385216/20120917/shell-executive-anthony-sturman-child-pornography-printing.htm
2012-09-18,10:33:34,10206m,141,Japanese coast guard warns Chinese ship near disputed islands,google.com,http://www.google.com/hostednews/afp/article/ALeqM5izihOG0pdPtQK8q52GY04cV-yRrg?docId=CNG.bc159ef39c1f7a8b6c202adaeb86af84.1b1
2012-09-18,02:50:31,1016bb,135,Witness says Libyans tried to rescue U.S. ambassador Stevens after he was found in alive in consulate office,bigstory.ap.org,http://bigstory.ap.org/article/libyan-witness-stevens-was-breathing-when-found
2012-09-18,04:41:45,101dk0,130,Islamists destroy tomb of Muslim saint in Mali,france24.com,http://www.france24.com/en/20120917-islamists-destroy-tomb-muslim-saint-mali
2012-09-18,08:07:13,101qyc,114,Pakistan Bans Youtube after it refuses to block video.,dailytimes.com.pk,http://www.dailytimes.com.pk/default.asp?page=2012%5C09%5C18%5Cstory_18-9-2012_pg1_2
2012-09-18,08:12:57,101rbs,112,"""Behead all those who insult the prophet"" sign child deemed safe as mother talks to police",smh.com.au,http://www.smh.com.au/nsw/behead-sign-child-deemed-safe-as-mother-talks-to-police-20120918-26368.html
2012-09-18,21:00:55,102po9,90,Iran says explosives cut power line to nuclear site,ca.news.yahoo.com,http://ca.news.yahoo.com/iran-hits-u-n-atom-watchdog-nuclear-meeting-114139004.html
2012-09-18,04:00:51,101awo,57,"US diplomats at the embassy in Beirut, Lebanon are burning classified material as a precaution as anti-American protests spread to Lebanon.",news.yahoo.com,http://news.yahoo.com/us-diplomats-beirut-burning-classified-material-154833328.html
2012-09-18,20:45:30,102p55,51,Irish Army's elite deployed to protect humanitarian cargo ships from Somali pirates in Aden ,independent.ie,http://www.independent.ie/national-news/armys-elite-to-take-on-somali-pirates-in-aden-3233271.html
2012-09-18,09:01:25,101ud1,51,Libya: We gave US three-day warning of Benghazi attack,independent.co.uk,http://www.independent.co.uk/news/world/africa/libya-we-gave-us-threeday-warning-of-benghazi-attack-8145242.html
2012-09-18,23:00:41,102um6,44,UK Joins Persian Gulf Naval War Games amid Iran-Israel Tensions,ibtimes.co.uk,http://www.ibtimes.co.uk/articles/385525/20120918/naval-exercise-gulf-iran-israel-nuclear-tension.htm
2012-09-18,03:01:32,10171d,46,"English 'United' Against Mitt Romney, David Cameron Reported To Have Said ",huffingtonpost.co.uk,http://www.huffingtonpost.co.uk/2012/09/17/british-united-against-mitt-romney-david-cameron-reported-to-have-said_n_1889334.html?utm_hp_ref=politics&ir=Politics
2012-09-18,06:52:58,101m69,47,Hezbollah warns U.S. of consequences for Prophet film.,news.yahoo.com,http://news.yahoo.com/hezbollah-warns-u-consequences-prophet-film-212543505.html
2012-09-18,16:19:11,102ibt,40,Afghanistan suicide attack targets foreigners; 12 killed,guardian.co.uk,http://www.guardian.co.uk/world/2012/sep/18/afghan-suicide-attack-kabul-airport
2012-09-18,13:22:29,102b2r,39,Enormous Roman Mosaic Found Under Farmer's Field.,news.yahoo.com,http://news.yahoo.com/enormous-roman-mosaic-found-under-farmers-field-191743498.html
2012-09-18,02:27:07,1014uy,35,"Syrian rebels tortured, executed prisoners, says Human Rights Watch report",thestar.com,http://www.thestar.com/news/world/article/1257709--syrian-rebels-have-tortured-and-executed-some-detainees-says-human-rights-watch
2012-09-18,20:49:59,102pav,35,"Officials: Islamist sect kill former top Nigeria prison 
official and state attorney general",calgaryherald.com,http://www.calgaryherald.com/news/Officials+Islamist+sect+kill+former+Nigeria+prison+official+state/7258334/story.html
2012-09-18,02:21:40,1014j1,36,U.S. and Japan Agree on Missile Defense System ,nytimes.com,http://www.nytimes.com/2012/09/18/world/asia/u-s-and-japan-agree-on-missile-defense-system.html?_r=0
