2012-08-08,21:16:49,xvllx,2371,"Thousands of UK Workers 'Blacklisted' Over Political Views. Corporations in the UK used a secret ""blacklisting"" database to screen out ‘left wing trouble-makers’ and union sympathizers as potential job recruits.",commondreams.org,http://www.commondreams.org/headline/2012/08/07-3
2012-08-08,11:47:12,xuyrr,2267,Ireland abandoning religion faster than almost every other country,belfasttelegraph.co.uk,http://www.belfasttelegraph.co.uk/news/local-national/republic-of-ireland/ireland-abandoning-religion-faster-than-almost-every-other-country-16195112.html
2012-08-08,04:52:50,xu8rm,1905,Pharma giant Pfizer fined for bribing officials in Eastern Europe and China | The Raw Story,rawstory.com,http://www.rawstory.com/rs/2012/08/07/pharma-giant-pfizer-fined-for-bribing-officials-in-eastern-europe-and-china/
2012-08-08,20:32:38,xvk6w,1018,US starts landmark Agent Orange cleanup in Vietnam,salon.com,http://www.salon.com/2012/08/08/us_starts_landmark_agent_orange_cleanup_in_vietnam/
2012-08-08,23:49:28,xvsk4,977,Interpol issues arrest warrant for Sea Shepherd chief,timesofmalta.com,http://www.timesofmalta.com/articles/view/20120808/world/interpol-issues-arrest-warrant-for-sea-shepherd-chief.432055
2012-08-08,23:16:04,xvqqv,871,"MEXICO CITY (AP) - Mexican archaeologists say they have found an unprecedented human burial in which the skeleton of a young woman is surrounded by piles of 1,789 human bones in Mexico City's Templo Mayor",elpasotimes.com,http://www.elpasotimes.com/newupdated/ci_21257623/mexico-finds-100s-bones-unusual-aztec-burial
2012-08-08,22:06:41,xvniz,559,'A business in Wales is bussing in inmates from an open prison 21 miles away and paying them just £3 a day to man its call centre',guardian.co.uk,http://www.guardian.co.uk/society/2012/aug/08/prisoners-call-centre-fired-staff
2012-08-08,12:58:10,xv36s,267,"In Scotland, humanist weddings are overtaking religious ones; if current trends continue, there will be more humanist wedding celebrations than Church of Scotland marriages in three years' time",patheos.com,http://www.patheos.com/blogs/friendlyatheist/2012/08/07/in-scotland-humanist-weddings-are-overtaking-religious-ones/
2012-08-09,07:34:33,xwnkm,266,"Critically endangered grey nurse shark washes ashore after her fins were slashed off - An investigation is under way on the NSW coast. ""The shark was still alive when it was found on the beach & suffered a slow, cruel death.""  Price for fins is soaring.",smh.com.au,http://www.smh.com.au/environment/conservation/shark-washes-up-with-fins-slashed-off-20120808-23trn.html
2012-08-08,22:22:23,xvo6r,229,Egypt admits it ignored Israeli warnings of attack -- Intelligence chief says no action taken because they didn’t believe a Muslim would kill another Muslim during break fast,timesofisrael.com,http://www.timesofisrael.com/egypt-admits-it-ignored-israeli-warnings-of-attack/
2012-08-08,21:19:20,xvlp3,205,‘Like a water world’ - The Philippines is drowning ,washingtonpost.com,http://www.washingtonpost.com/world/asia_pacific/torrential-rains-paralyze-philippine-capital-shut-offices-schools-trigger-evacuations/2012/08/06/66787f3e-e02c-11e1-8d48-2b1243f34c85_story.html?tid=sm_btn_reddit
2012-08-08,20:15:32,xvjo4,139,BBC News - In pictures: Rare snow in Johannesburg,bbc.co.uk,http://www.bbc.co.uk/news/world-africa-19163119
2012-08-08,00:38:11,xtsdf,139,"'Londoner against Londoner': UK fighters held journalist captive in Syria | The two men were immediately seized by around 30 fighters when they entered the camp, which they had thought belonged to the Free Syrian Army. The journalists soon realized none of the fighters was Syrian.
",worldnews.nbcnews.com,http://worldnews.nbcnews.com/_news/2012/08/06/13138884-londoner-against-londoner-uk-fighters-held-journalist-captive-in-syria
2012-08-08,10:15:29,xut4n,135,Outraged Lebanese demand end to anal exams on gay men,bbc.co.uk,http://www.bbc.co.uk/news/world-middle-east-19166156
2012-08-08,22:44:29,xvp96,129,South Korea to restart Iranian oil imports. Refiners say Tehran has offered to pay $1bn insurance.,ft.com,http://www.ft.com/intl/cms/s/0/c4e7f71c-e134-11e1-839a-00144feab49a.html
2012-08-08,11:27:45,xuxli,108,"Corporations in the UK who used a secret ""blacklisting"" database to screen out ‘left wing trouble-makers’ and union sympathizers as potential job recruits are facing renewed scrutiny after the UK-activist group Liberty called for a fresh investigation",commondreams.org,https://www.commondreams.org/headline/2012/08/07-3
2012-08-08,20:23:40,xvjwk,81,Why India Shouldn’t Criticize U.S. on Sikh Shooting: Indian politicians condemning America for gun violence against its Sikh population forget India's own past.,thediplomat.com,http://thediplomat.com/indian-decade/2012/08/07/why-india-shouldnt-criticize-u-s-on-sikh-shooting/
2012-08-08,13:35:53,xv5gh,86,Egypt army kills 20 militants in Sinai says offical,reuters.com,http://www.reuters.com/article/2012/08/08/us-egypt-attack-sinai-idUSBRE87703L20120808
2012-08-08,02:43:11,xu07q,83,How Latin America is reinventing the war on drugs,csmonitor.com,http://www.csmonitor.com/World/Americas/2012/0730/How-Latin-America-is-reinventing-the-war-on-drugs?google_editors_picks=true
2012-08-09,00:07:30,xvtke,61,"Russian general denies reports he was killed by FSA - Israel News, Ynetnews",ynetnews.com,"http://www.ynetnews.com/articles/0,7340,L-4265957,00.html"
2012-08-08,21:22:34,xvltp,57,"Nigerian Oil Still Poisons The Landscape After 
Promised Clean-Up",scientificamerican.com,http://www.scientificamerican.com/article.cfm?id=insight-a-year-on-nigerias-oil-still
2012-08-08,08:24:55,xumio,52,Iran backs Assad in Syria crisis and blames 'warmongering' US,guardian.co.uk,http://www.guardian.co.uk/world/2012/aug/07/iran-assad-syria-warmongering-us?newsfeed=true
2012-08-09,03:39:32,xw7fw,44,New fossil skull from Africa reveals tangled roots at base of the human family tree,washingtonpost.com,http://www.washingtonpost.com/national/health-science/new-fossil-skull-from-africa-reveals-tangled-roots-at-base-of-the-human-family-tree/2012/08/08/e9725890-e0dd-11e1-8fc5-a7dcf1fc161d_story.html
2012-08-08,23:07:49,xvqbz,38,Syria launches ground assault in Aleppo,chron.com,http://www.chron.com/news/article/Syria-launches-ground-assault-in-Aleppo-3771464.php
2012-08-09,04:43:22,xwbwx,39,"American weapons, loaded with depleted uranium ammo, blamed for health problems in Iraqi hospital",rawstory.com,http://www.rawstory.com/rs/2012/08/08/american-weapons-blamed-for-health-problems-at-hospital-in-fallujah/#.UCKgsNxwF-c.reddit
2012-08-08,22:15:52,xvnw7,37,"Egypt launches Sinai air strikes: Military officials say helicopters fired missiles and killed 20 'terrorists' after latest attacks on security checkpoints
",guardian.co.uk,http://www.guardian.co.uk/world/2012/aug/08/egypt-launches-missile-assault-sinai
2012-08-08,13:20:20,xv4jg,34,Egypt launches Sinai 'air strikes',bbc.co.uk,http://www.bbc.co.uk/news/world-middle-east-19174773
2012-08-08,02:20:58,xtyqp,29,Seven Cameroon athletes go missing at Olympics,sports.nationalpost.com,http://sports.nationalpost.com/2012/08/07/seven-cameroon-athletes-go-missing-at-olympics/
2012-08-08,05:49:20,xucn1,30,"Seven Cameroon athletes go missing: Five boxers, one swimmer and a footballer have disappeared from the Olympic athletes' village, according to team official. They are suspected of having left to stay in Europe for economic reasons.",aljazeera.com,http://www.aljazeera.com/sport/london2012/2012/08/201287182329633766.html
2012-08-08,03:15:04,xu2cl,29,Why France’s Socialists Won’t Kill Sarkozy’s Internet Piracy Law: Underfunding enforcement may be preferable to reversing the law for a Socialist Party that needs the support of a left-leaning entertainment industry,world.time.com,http://world.time.com/2012/08/02/why-frances-socialists-wont-fully-kill-off-sarkozys-internet-piracy-law/
