2012-11-23,21:56:47,13o0mi,2393,Egypt protesters set fire to Muslim Brotherhood offices,hurriyetdailynews.com,http://www.hurriyetdailynews.com/egypt-protesters-torch-islamist-party-hqs-tv.aspx?pageID=238&nID=35309&NewsCatID=352
2012-11-23,02:25:43,13mols,2359,"65%  of Canadians over 18 support either pot legalization & taxation, or the decriminalization of small amounts of marijuana - “I think we have to recognize 1st & foremost  the war on drugs, as it exists, doesn’t work.” Legalization is a smart policy for the Liberal Party.",huffingtonpost.ca,http://www.huffingtonpost.ca/2012/11/21/canada-marijuana-laws-decriminalization_n_2170399.html?ir=Canada+Politics
2012-11-23,13:05:27,13nkbv,2001,"Saudi Arabia now electronically monitoring women, letting male family members know when they try to leave the country",google.com,http://www.google.com/hostednews/afp/article/ALeqM5jVmdMCkfcY0mi6bg-RVAJ0scaxSg?docId=CNG.08f465f0502f24565a5e31b0b7b8211b.141
2012-11-23,00:32:12,13migh,1342,"Mexico City: Now One of Safest Places in Mexico - Once infamous for its pollution, lawlessness, & chaos,  it's at the vanguard of ecological & civic change.  Abortion, gay marriage, & gay adoption is legalized. Outsiders who once viewed the city as terrorizing, now want to visit, to live here.
",csmonitor.com,http://www.csmonitor.com/World/Americas/2012/1122/The-man-who-remade-Mexico-City
2012-11-23,00:38:36,13miu6,1289,A Dubai court has sentenced an Irish man and British woman to three months in jail for an intimate encounter in the back of a taxi.,lasvegassun.com,http://www.lasvegassun.com/news/2012/nov/22/ml-dubai-taxi-tryst/
2012-11-23,22:43:48,13o27u,1271,Muslim Man to Open 'Mosque for Gays' in France,thejakartaglobe.com,http://www.thejakartaglobe.com/globebeyond/muslim-man-to-open-mosque-for-gays-in-france/557686
2012-11-23,22:45:18,13o29o,1223,Delhi government widens ban on plastic: ‘Plastic is an environmental disaster’,rawstory.com,http://www.rawstory.com/rs/2012/11/23/delhi-government-widens-ban-on-plastic-plastic-is-an-environmental-disaster/
2012-11-23,21:10:14,13nz8a,703,"A teenage girl in the Indian capital Delhi has been shot dead by a man after she objected to him urinating near the gate of her family home, police said.",bbc.co.uk,http://www.bbc.co.uk/news/world-asia-india-20457616
2012-11-23,17:32:24,13nu0h,618,"Israeli soldiers open fire in Gaza buffer zone - 1 killed, 10 injured",aljazeera.com,http://www.aljazeera.com/news/middleeast/2012/11/201211238226924973.html
2012-11-23,00:53:45,13mjng,547,BBC News - Egypt's President Mursi assumes sweeping powers,bbc.co.uk,http://www.bbc.co.uk/news/world-middle-east-20451208
2012-11-23,22:03:37,13o0uf,449,Pakistan will suspend cellphone services in most parts of the country over the next 2 days to prevent attacks against Shias Muslims during Muharram - Militants detonate bombs using cell phones. The govt has never suspended service on such a wide scale for this. ,timesofindia.indiatimes.com,http://timesofindia.indiatimes.com/world/pakistan/Pakistan-on-edge-for-Muharram-to-suspend-cellphone-services/articleshow/17337827.cms
2012-11-23,00:21:16,13mhvq,429,Syria forces airstrike on Aleppo Hospital: At least 40 people killed,edition.cnn.com,http://edition.cnn.com/2012/11/21/world/meast/syria-aleppo-hospital/index.html
2012-11-23,23:50:04,13o4xn,231,"Delhi Imposes Blanket Ban on All Plastic Bags - No use, sale, or manufacturing. No exceptions. Delhi generates 574 metric tons (1.2m lbs) of plastic waste a day. Jute is popular alternative, but not widely available. Ban on garbage bags likely to see resistance with few alternatives available. ",news.asiaone.com,http://news.asiaone.com/News/AsiaOne%2BNews/Asia/Story/A1Story20121123-385451.html
2012-11-23,01:29:16,13mljz,224,Mexico's President Tries to Change Country's Name ,abcnews.go.com,http://abcnews.go.com/International/wireStory/mexicos-president-change-countrys-17787076#.UK5fgeOe_h8
2012-11-23,14:29:53,13no75,209,"Opposition leaders in Egypt are calling for a ""million man march"" to protest against what they say is a coup by President Mohamed Morsi.",aljazeera.com,http://www.aljazeera.com/news/middleeast/2012/11/201211235363344636.html
2012-11-23,06:11:49,13n0ml,148,A rumour that a Christian man blasphemed against Islam has sparked a riot in the Nigeria ,bbc.co.uk,http://www.bbc.co.uk/news/world-africa-20448565
2012-11-23,01:06:10,13mkbp,135,Man stopped from peeing in public kills girl in India,firstpost.com,http://www.firstpost.com/india/man-stopped-from-peeing-in-public-kills-girl-in-delhi-532370.html
2012-11-23,02:45:05,13mpog,132,"Amid Protests, Spain Tries Banning Photos Of Police",npr.org,http://www.npr.org/2012/11/21/165675687/amid-protests-spain-tries-banning-photos-of-police
2012-11-23,01:45:34,13mmgz,108,"In One Chinese Province, the Government Literally Paves a Highway Around Homeowners Who Refuse to Move",news.nationalpost.com,http://news.nationalpost.com/2012/11/22/in-one-chinese-province-the-government-literally-paves-a-highway-around-homeowners-who-refuse-to-move/
2012-11-23,23:01:37,13o2wk,103,Anti-Morsi protesters torch Muslim Brotherhood offices,france24.com,http://www.france24.com/en/20121123-morsi-protesters-torch-muslim-brotherhood-offices-egypt
2012-11-23,12:11:38,13nhp9,98,Map depicted in new Chinese passport raises diplomatic row,nytimes.com,http://www.nytimes.com/2012/11/23/world/asia/the-philippines-chinas-passport-map-sets-off-protest.html
2012-11-23,14:15:18,13nnlj,98,BBC News - Hong Kong: Former British colony fears China 'remake',bbc.co.uk,http://www.bbc.co.uk/news/world-asia-20450184
2012-11-23,13:04:37,13nka9,87,"There is only one or two legitimate ninjas left in Japan, and they are to be the last. This saddens me. ",bbc.co.uk,http://www.bbc.co.uk/news/magazine-20135674
2012-11-23,01:10:44,13mkk7,78,Egypt's Morsi grants himself far-reaching powers,news.yahoo.com,http://news.yahoo.com/egypts-morsi-grants-himself-far-reaching-powers-162850563.html
2012-11-23,18:13:07,13nuzr,78,Gaza crisis: Palestinian 'shot dead near border',bbc.co.uk,http://www.bbc.co.uk/news/world-middle-east-20461914
2012-11-23,06:46:22,13n27v,69,Politicians in Denmark wants to make it legal for kids under 16 to buy pornography. 'Save The Children' agrees.,politiken.dk,http://politiken.dk/politik/ECE1819877/red-barnet-porno-paragraf-er-foraeldet/
2012-11-23,23:37:02,13o4dp,67,Mexican President wants to change his country's name,news.msn.com,http://news.msn.com/world/mexican-president-wants-to-change-his-countrys-name
2012-11-23,01:24:51,13mlbv,67,"Libya is not investigating the attack on the U.S. Consulate in Benghazi: ""I get death threats saying 'you are an infidel and spilling your blood is permitted'""",newser.com,http://www.newser.com/article/da2mnc800/despite-vows-to-capture-attackers-of-us-consulate-little-sign-libyans-investigating.html
2012-11-23,21:40:18,13o03p,61,"Mexican president Felipe Calderon is trying to change Mexico's name to Mexico (TIL that the country's actually called ""United Mexican States"" or ""Estados Unidos Mexicanos"")",usatoday.com,http://www.usatoday.com/story/news/world/2012/11/23/mexico-president-change-countrys-name/1722009/
2012-11-23,11:31:54,13nfsh,44,"The “Journalists’ Tower” in Gaza City, which housed both local Arab and international media agencies such as such Al Arabiya, Sky News, France 24, and Russia TV, was hit on the fifth day of the Israeli military offensive named “Operation Pillar of Cloud.” ",adalah.org,http://www.adalah.org/eng/?ID=1867&mod=articles
