2012-02-13,22:39:35,pnhkj,3044,Monsanto is found guilty of chemical poisoning in France. The company was sued by a farmer who suffers neurological problems that the court found linked to pesticides.,in.reuters.com,http://in.reuters.com/article/2012/02/13/france-pesticides-monsanto-idINDEE81C0FQ20120213
2012-02-13,13:31:12,pn3iu,2140,"Maldives: Islamists Storm National Museum, Destroy Entire Collection of 12th-Century Buddhist Statues…",google.com,http://www.google.com/hostednews/afp/article/ALeqM5gpQRnwpootZot3dABRpS168QzLbg?docId=CNG.b7b84d73ae0e2b3179e9deb594bd393e.481
2012-02-13,05:43:24,pmi5h,1241,"Last Of The Cave People: ""A nomadic people in Papua New Guinea were rumored to be living in remote caves in the forest. When we found them, they sent a surprising message to the modern world.""",ngm.nationalgeographic.com,http://ngm.nationalgeographic.com/2012/02/karawari-cave-people/jenkins-text
2012-02-13,02:09:37,pm8t6,497,"Osama Bin Laden told his children: ""Live in Peace in the West. Get an Education.""",news.yahoo.com,http://news.yahoo.com/bin-laden-told-children-live-peace-west-163431838.html
2012-02-13,02:05:53,pm8nu,499,Video Shows Syrian Anti-Aircraft Tank Firing Randomly Into Peoples' Homes,theatlantic.com,http://www.theatlantic.com/international/archive/2012/02/video-shows-syrian-anti-aircraft-tank-firing-randomly-into-peoples-homes/252954/
2012-02-13,03:32:21,pmca3,344,Democracy is ending in the land where it began,telegraph.co.uk,http://www.telegraph.co.uk/finance/financialcrisis/9075868/Democracy-is-ending-in-the-land-where-it-began.html
2012-02-13,21:06:39,pnf0g,303,"Amazon Defenders Face Death or Exile - 


Brazilian activists who inform on illegal loggers laying waste to the rainforests can expect a visit from the gunmen",guardian.co.uk,http://www.guardian.co.uk/world/2012/feb/12/brazil-amazon-rainforest-activists-murder
2012-02-13,20:03:01,pndmg,169,BBC News - Delhi blast hits Israeli diplomat's car,bbc.co.uk,http://www.bbc.co.uk/news/world-asia-india-17013987
2012-02-13,13:25:25,pn3am,129,Osama bin Laden's told his children 'not to follow him down path of jihad'  ,telegraph.co.uk,http://www.telegraph.co.uk/news/worldnews/al-qaeda/9077505/Osama-bin-Ladens-told-his-children-not-to-follow-him-down-path-of-jihad.html
2012-02-13,17:40:24,pnaus,110,Saudi Writer Is Facing a Possible Death Sentence Over Tweets on Prophet,nytimes.com,http://www.nytimes.com/2012/02/13/world/asia/saudi-writer-is-deported-over-twitter-posts-on-prophet-muhammad.html
2012-02-13,07:16:04,pmmf1,107,Riots spread as Greek lawmakers OK austerity bill ,msnbc.msn.com,http://www.msnbc.msn.com/id/46358793/ns/world_news-europe/#.TzhH2-TMY_w
2012-02-13,20:16:52,pndvp,101,"Israel says bombs target embassies in India, Georgia
",in.reuters.com,http://in.reuters.com/article/2012/02/13/israel-security-embassies-idINDEE81C0CN20120213
2012-02-13,22:02:15,pngf5,87,NATO says found Afghan children dead after air strike,reuters.com,http://www.reuters.com/article/2012/02/13/us-afghanistan-airstrike-idUSTRE81C0MU20120213
2012-02-13,20:19:12,pndx7,91,"
Iran: 30 million lose email access ",ynetnews.com,"http://www.ynetnews.com/articles/0,7340,L-4188183,00.html"
2012-02-13,20:17:33,pndw3,82,"Archaeologists strike gold in quest to find Queen of 
Sheba's wealth ",guardian.co.uk,http://www.guardian.co.uk/science/2012/feb/12/archaeologists-and-quest-for-sheba-goldmines
2012-02-13,03:36:17,pmcg7,74,What Greek Austerity Looks Like,npr.org,http://www.npr.org/blogs/pictureshow/2012/02/12/146726217/what-greek-austerity-looks-like
2012-02-13,12:55:03,pn20o,68,China has urged Iran to cooperate more closely with the global nuclear watchdog and rejoin talks on its nuclear program that has caused a rift with the West.,reuters.com,http://www.reuters.com/article/2012/02/13/us-china-iran-idUSTRE81C07X20120213
2012-02-13,10:16:36,pmun3,66,Supply of Childhood Leukemia Drug May Run Out Within Weeks,nytimes.com,http://www.nytimes.com/2012/02/11/health/policy/supply-of-methotrexate-a-cancer-drug-may-run-out-soon.html?_r=1
2012-02-14,05:16:44,po00c,63,"Libya Tells UN Rights Council: “Gays threaten continuation of human race”

Libya’s post-suspension return marked by Islamist policy on gays
",blog.unwatch.org,http://blog.unwatch.org/index.php/2012/02/13/libya-tells-un-rights-council-gays-threaten-continuation-of-human-race/
2012-02-13,13:59:56,pn4of,55,"The Russians are leaving … Russia: Highly qualified middle-class professionals, feeling ignored by the country's economy and political system, are emigrating in search of greener pastures. ",thehindu.com,http://www.thehindu.com/opinion/lead/article2880044.ece?homepage=true
2012-02-14,03:42:30,pnv26,58,"Athens mayhem raises fears of Greek social explosion. ""We refuse to stand against our parents, our brothers, our children,"" the Greek Police Federation said.",reuters.com,http://www.reuters.com/article/2012/02/13/us-greece-violence-idUSTRE81C1OK20120213
2012-02-14,07:06:34,po5sv,56,"Greece lies bankrupt, humiliated and ablaze: is cradle of democracy finished? The violence, looting and chaos engulfing the country underlines growing rift between the Greek people and their politicians
",guardian.co.uk,http://www.guardian.co.uk/world/2012/feb/13/greece-bankrupt-ablaze-cradle-democracy
2012-02-13,20:30:15,pne4s,50,Irish TD's to filter letters of complaint from public as Spam,irishexaminer.ie,http://www.irishexaminer.ie/ireland/proposal-to-filter-emails-to-tds-183699.html#ixzz1mGOAMSTM
2012-02-14,03:34:36,pnumq,43,Israeli air raid kills Palestinian in Gaza,aljazeera.com,http://www.aljazeera.com/news/middleeast/2012/02/20122129500759816.html
2012-02-13,21:12:23,pnf56,24,"Car Bombs in India and Georgia Targeted Israeli Officials -- Israel has confirmed that a car bomb that went off at its embassy in New Delhi was targeting one of its diplomats, while another bomb near its embassy in Tbilisi, Georgia has been defused.",theatlanticwire.com,http://www.theatlanticwire.com/global/2012/02/car-bombs-india-and-georgia-targeted-israeli-officials/48608/
2012-02-13,16:26:31,pn9a1,22,US police officer kills Marine in front of his children in California,presstv.com,http://www.presstv.com/detail/226432.html
2012-02-13,09:51:34,pmthk,23,"Malaysia deports Saudi blogger sought by authorities for making ""blasphemous"" twitter posts about the Prophet Mohammed",aljazeera.com,http://www.aljazeera.com/news/middleeast/2012/02/201221261818596507.html
2012-02-14,03:47:13,pnvb2,19,UN rights chief condemns Syria violence - Middle East - ,aljazeera.com,http://www.aljazeera.com/news/middleeast/2012/02/2012213165354748353.html
2012-02-14,00:40:32,pnmaq,22,"Israel accuses Iran in twin bomb attacks ... Netanyahu angrily blamed Iran on Monday for twin attempts to bomb people affiliated with the Israeli embassies in New Delhi and Tbilisi, Georgia",washingtonpost.com,http://www.washingtonpost.com/world/bombs-target-israeli-diplomats-in-india-georgia-2-injured/2012/02/13/gIQA2kDlAR_story.html?hpid=z1
2012-02-13,20:15:14,pnduk,18,"ACTA Anti-Piracy Treaty Criticized by EU Parliament 
President 
",torrentfreak.com,https://torrentfreak.com/eu-parliament-president-criticizes-acta-anti-piracy-treaty-120212/
