2012-12-09,20:44:19,14jnrf,2688,"Russia’s Anti-Mormon Campaign - 

An influential young pro-Kremlin politician is trying to get the Latter-day Saints banned from the country",thedailybeast.com,http://www.thedailybeast.com/articles/2012/12/09/russia-s-anti-mormon-campaign.html
2012-12-09,07:16:08,14iq7h,2534,Egyptian President Mohamed Morsy has canceled a decree that had allowed him to run the country unchecked. ,cnn.com,http://www.cnn.com/2012/12/08/world/meast/egypt-protests/index.html?hpt=hp_t3
2012-12-09,21:17:45,14joky,1974,"Hospital-Acquired Infection Rates in Greece, Already Among Worst in Europe, to Rise Due to Shortages - . ""We run out of surgical gloves, syringes, vials for blood samples & needles. ""Everything here is collapsing: the health system, the educational system.""",npr.org,http://www.npr.org/2012/12/09/166807624/greek-hospitals-suffer-in-ailing-economy
2012-12-09,02:21:24,14i8lg,1836,"Monsanto's Suicide Economy: Nearly 300,000 Indian farmers have committed suicide since 1995 after being driven into insurmountable debt by neoliberal economics and the conquest of Indian farmland by Monsanto's Bacillus thuringiensis (Bt) cotton.",aljazeera.com,http://www.aljazeera.com/indepth/opinion/2012/12/201212575935285501.html
2012-12-09,22:23:57,14jqdf,790, The two Australian radio hosts behind the prank call to the Duchess of Cambridge’s hospital are “fragile” and receiving intensive counselling amid global outrage over their tragic stunt. ,telegraph.co.uk,http://www.telegraph.co.uk/news/uknews/kate-middleton/9732609/Duchess-hoax-call-radio-hosts-fragile-as-Metropolitan-Police-make-contact.html
2012-12-09,13:25:25,14jaax,373,"Hugo Chavez announces his cancer has returned, talks about a successor",cnn.com,http://www.cnn.com/2012/12/08/world/americas/venezuela-chavez/index.html?hpt=hp_t1
2012-12-09,22:32:28,14jqmp,357,After three months in solitary confinement in Pirate Bay co-founder Gottfrid Svartholm will be released from custody by Swedish Authorities,torrentfreak.com,http://torrentfreak.com/pirate-bay-founder-released-from-solitary-confinement-121209/
2012-12-09,03:05:53,14ib51,268,"Myths About Homosexuality Fuel Uganda's 'Kill the Gays' Bill. This week, as we are waiting for the Ugandan parliament to debate whether or not homosexuality should be punishable by death, it might be helpful to review what could make anyone reach such a murderous conclusion.",huffingtonpost.com,http://www.huffingtonpost.com/marianne-mollmann/myths-about-homosexuality-fuel-ugandas-kill-the-gays-bill_b_2259499.html?utm_hp_ref=world&ir=World
2012-12-09,20:17:33,14jn5v,215,"Treat addicts, don't lock them up: MPs pave way to legalise drugs as they admit prison sentences are failing to deter offe",dailymail.co.uk,http://www.dailymail.co.uk/news/article-2245243/Treat-addicts-dont-lock-MPs-pave-way-legalise-drugs-admit-prison-sentences-failing-deter-offenders.html
2012-12-09,03:14:19,14ibmb,202,90 percent of Indians are idiots: Justice Markandey Katju,ndtv.com,http://www.ndtv.com/article/india/90-percent-of-indians-are-idiots-justice-markandey-katju-302998?pfrom=home-otherstories
2012-12-09,21:53:20,14jphk,146,Experts skeptical Syria is preparing to use its chemical arsenal,miamiherald.com,http://www.miamiherald.com/2012/12/07/3132301/experts-skeptical-syria-is-preparing.html
2012-12-09,21:54:52,14jpjf,134,"Taiwan Wants Apology From Japan Over Sex Slaves -President  urges Japan to apologize for using sex slaves from across Asia during WWII.  ""Historical mistakes can be forgiven, but the lessons of history should not be forgotten.""

",news.com.au,http://www.news.com.au/breaking-news/world/taiwan-urges-japan-to-apologise-over-sex-slaves-report/story-e6frfkui-1226533268831
2012-12-09,16:16:49,14jhcu,128,"Mo Yan, the winner of this year’s Nobel prize for literature, defends censorship as something as necessary as airport security checks",google.com,http://www.google.com/hostednews/ap/article/ALeqM5haWLh6KCuANVreR-la7lEWAfSLKw?docId=5d4f1bc483284fad9ab2c44e009bef89
2012-12-09,22:25:08,14jqev,119,The REAL Toy Story: Chinese factory workers forced to sleep among piles of doll parts as they churn out Christmas presents,dailymail.co.uk,http://www.dailymail.co.uk/news/article-2245066/Real-Toy-Story-The-Chinese-factory-workers-forced-sleep-factory-floors.html
2012-12-09,01:58:03,14i7af,114,Scarred burns victim models for UK fashion retailer,bbc.co.uk,http://www.bbc.co.uk/news/uk-20650701#TWEET431051
2012-12-09,05:55:05,14ilbr,103,"An internal report for the US Congress has concluded that Iran probably is no longer on track, if it ever was, to having an ocean-crossing missile as soon as 2015.",jpost.com,http://www.jpost.com/IranianThreat/News/Article.aspx?id=295059
2012-12-09,09:04:29,14iwgc,82,Nelson Mandela 'proven' to be a member of the Communist Party after decades of denial  - Telegraph,telegraph.co.uk,http://www.telegraph.co.uk/news/worldnews/nelson-mandela/9731522/Nelson-Mandela-proven-to-be-a-member-of-the-Communist-Party-after-decades-of-denial.html
2012-12-09,02:54:42,14iahp,89,"37-year-old mom fights to block radiotherapy for cancer-stricken son, fears it will lower his IQ (xpost /r/NewsOfTheWeird)",thesun.co.uk,http://www.thesun.co.uk/sol/homepage/news/4687133/Im-not-bonkers-says-mum-in-tumour-fight.html
2012-12-09,23:13:50,14jrzp,85,Syrian Rebels Tied to Al Qaeda Play Key Role in War,nytimes.com,http://www.nytimes.com/2012/12/09/world/middleeast/syrian-rebels-tied-to-al-qaeda-play-key-role-in-war.html?pagewanted=all&_r=0
2012-12-09,00:11:36,14i1yp,65,Syrian rebels elect Islamist-dominated unified command,timesofindia.indiatimes.com,http://timesofindia.indiatimes.com/world/middle-east/Syrian-rebels-elect-Islamist-dominated-unified-command/articleshow/17535496.cms
2012-12-09,00:20:20,14i2cv,61,UN forum extends Kyoto Protocol to 2020.,bbc.co.uk,http://www.bbc.co.uk/news/science-environment-20653018
2012-12-09,09:40:29,14iyhr,57,'Pants' skyscraper? China reacts against latest tall building,bbc.co.uk,http://www.bbc.co.uk/news/world-20526220
2012-12-09,06:57:18,14ip2u,50,"Egyptian President Morsi 'annuls' powers decree, intends on going ahead with draft constitution",bbc.co.uk,http://www.bbc.co.uk/news/world-middle-east-20655412
2012-12-09,04:20:06,14ifix,44,Canada’s witch trials: Fake sorcerers and sham psychics abound despite 100-year-old law that outlawed them,life.nationalpost.com,http://life.nationalpost.com/2012/12/08/canadas-witch-trials-fake-sorcerers-and-sham-psychics-abound-despite-hundred-year-old-law-to-protect-people/
2012-12-09,10:59:59,14j2s5,41,"Mario Monti to quit as Italian PM amid waning support for austerity policies: 
Prime minister announces decision hours after former leader Silvio Berlusconi confirms he will seek office again
",guardian.co.uk,http://www.guardian.co.uk/world/2012/dec/09/mario-monti-italian-pm-resign
2012-12-09,17:19:05,14jj48,40,"‘Tintin in the Congo’ not racist, Belgian court rules",france24.com,http://www.france24.com/en/20121206-tintin-congo-not-racist-belgian-court-rules
2012-12-09,06:40:28,14io1y,37,Egypt's Morsi rescinds criticised decree - Al Jazeera English,aljazeera.com,http://www.aljazeera.com/news/middleeast/2012/12/2012128222449772577.html?utm_content=automate&utm_campaign=Trial6&utm_source=NewSocialFlow&utm_term=plustweets&utm_medium=MasterAccount
2012-12-09,02:42:12,14i9rr,38,UK 'has evidence of Syria chemicals': Foreign secretary says he has seen evidence that Assad's forces are preparing chemical attack,guardian.co.uk,http://www.guardian.co.uk/world/2012/dec/08/syria-william-hague-chemical-weapons
2012-12-09,11:04:47,14j30s,38,"Dmitry Medvedev muses on aliens and Vladimir Putin's lateness:  Father Christmas, aliens, President Vladimir Putin's lateness and police ""jerks"" - Dmitry Medvedev, Russia's prime minister, gave the nation his views on more than he intended on Friday. ",telegraph.co.uk,http://www.telegraph.co.uk/news/worldnews/vladimir-putin/9731278/Dmitry-Medvedev-muses-on-aliens-and-Vladimir-Putins-lateness.html
2012-12-09,06:23:50,14in35,39,"Corsican nightclub boss killed, 24 houses bombed",france24.com,http://www.france24.com/en/20121208-nightclub-boss-mattioni-shot-killed-corsica-murder-france-nationalists
