2012-01-04,22:48:03,o2j1g,1236,"China has reportedly cut two-thirds of TV entertainment shows as part of a government campaign to reign in ""excessive entertainment.""",globalpost.com,http://www.globalpost.com/dispatch/news/regions/asia-pacific/china/120104/china-cuts-entertainment-tv
2012-01-04,23:42:20,o2kuy,609,"'In November 2005, a US marine squad killed 24 Iraqis, many of them women and children, in the village of Haditha. This week, the squadron leader in charge, will face voluntary manslaughter charges...'",guardian.co.uk,http://www.guardian.co.uk/world/2012/jan/03/us-marine-trial-iraq-killings
2012-01-04,23:45:48,o2kz9,398,India's sub-$50 Android tablet claims 1.4 million orders in two weeks,engadget.com,http://www.engadget.com/2012/01/04/india-sub-50-android-tablet-1-4-million-orders/
2012-01-04,23:38:54,o2kqy,294,German president urged to resign over threats to newspaper editor,guardian.co.uk,http://www.guardian.co.uk/world/2012/jan/03/german-president-threat-bild-editor
2012-01-04,14:08:31,o26ng,262,Ecuador appeals court rules against Chevron in oil case:  An Ecuadorean appeals court has upheld a ruling that Chevron should pay damages totalling $18.2bn (£11.5bn) over Amazon oil pollution. ,bbc.co.uk,http://www.bbc.co.uk/news/world-latin-america-16404268
2012-01-04,16:56:22,o2bhe,183,Swiss bankers charged in $1.2 billion tax fraud ,money.cnn.com,http://money.cnn.com/2012/01/03/news/swiss_bankers_charged/index.htm?hpt=hp_t3
2012-01-04,01:52:25,o1b2q,170,Coca-Cola implicated in the propping of African dictator. The ethics of doing business with a known tyrant.,scallywagandvagabond.com,http://scallywagandvagabond.com/2012/01/coca-cola-implicated-in-the-propping-of-african-dictator-the-ethics-of-doing-business-with-a-known-tyrant/
2012-01-04,06:50:18,o1oa9,165,"Romanian State Companies to Donate 85% of Profit - In a controversial move, the Romanian government has ordered state companies to transfer most of their 2012 profits to the state budget.",balkaninsight.com,http://www.balkaninsight.com/en/article/state-run-companies-in-romania-to-donate-part-of-their-profit
2012-01-04,23:29:19,o2kf7,137,"Czech author Josef Skvorecky, who took a stand against communist authorities in his native country by publishing banned works, has died aged 87. ",bbc.co.uk,http://www.bbc.co.uk/news/entertainment-arts-16409512
2012-01-05,02:54:04,o2sya,94,Iranian Paliament prepares bill to bar foreign warships from Persian Gulf,washingtonpost.com,http://www.washingtonpost.com/world/middle_east/iran-prepares-bill-to-bar-foreign-warships-from-persian-gulf/2012/01/04/gIQAhlWYaP_story.html
2012-01-04,19:27:12,o2ei2,85,Japanese whalers & Protestors in Water Cannon Clash,news.com.au,http://www.news.com.au/breaking-news/japanese-whalers-and-sea-shepherd-begin-hostilities/story-e6frfku0-1226236648520
2012-01-04,22:46:17,o2izh,74,"Bangladesh's ""Wall of Death"": Life at the India-Bangladesh border is hostile and strange, and often deadly.",globalpost.com,http://www.globalpost.com/dispatch/news/regions/asia-pacific/india/111225/india-bangladesh-border
2012-01-05,06:08:46,o325q,66,"Chinese Airlines Refuse to Pay EU Carbon Tax - 

Airlines ponder legal challenge to carbon emissions scheme, while Chinese government may resort to 'retaliatory measures'",guardian.co.uk,http://www.guardian.co.uk/environment/2012/jan/04/china-airlines-eu-carbon-tax
2012-01-04,13:14:26,o24go,61,"Armed clashes erupt in central Tripoli: Ex-rebels who remain organised in militia brigades are visible in many parts of the Libyan capital, and some have taken control of former government buildings, using them as headquarters",english.ahram.org.eg,http://english.ahram.org.eg/NewsContent/2/8/30834/World/Region/Breaking-Armed-clashes-erupt-in-central-Tripoli.aspx
2012-01-04,19:46:09,o2eu3,66,"Why Spain’s New Government is Drinking Austerity Kool-Aid & How This Threatens the Global Economy - 
European elites push economic myths that benefit the rich & screw the rest. Spain's program means even higher public deficits, fewer jobs, & slowed growth",alternet.org,http://www.alternet.org/economy/153640/why_spain%E2%80%99s_new_government_is_drinking_austerity_kool-aid_and_how_this_threatens_the_global_economy/?page=entire
2012-01-04,21:45:38,o2hbr,60,Ecuador Upholds $18 billion Ruling Against Chevron for Polluting Amazon Rainforest Over 20 Years Ago,edition.cnn.com,http://edition.cnn.com/2012/01/04/world/americas/ecuador-chevron-lawsuit/
2012-01-04,04:50:07,o1iua,56,"""In November 2005, a Marine squad killed 24 Iraqis, some of them women and children, in the village of Haditha. Staff Sgt. Frank Wuterich led the squad of Marines, and on Wednesday he'll face voluntary manslaughter charges at Camp Pendleton.""",npr.org,http://www.npr.org/2012/01/03/144379656/marine-sergeant-on-trial-for-2005-deaths-in-iraq
2012-01-04,13:01:46,o23yd,47,"Iran, U.S. play cat and mouse with the world’s oil",theglobeandmail.com,http://www.theglobeandmail.com/news/world/iran-us-play-cat-and-mouse-with-the-worlds-oil/article2290654/?utm_medium=feed&utm_source=feedburner&utm_content=Google+Reader&utm_campaign=Feed%3A+TheGlobeAndMail-Business+%28The+Globe+and+Mail+-+Business+News%29
2012-01-05,06:58:46,o34ih,46,"Egypt Elections: Illiterate voters just one hurdle in path toward democracy - 
In one Nile Delta town participating in Egypt elections, a judge said he had to help fill in ballots for as many as 90% of voters, who couldn't read & write",csmonitor.com,http://www.csmonitor.com/World/Middle-East/2012/0104/Egypt-elections-Illiterate-voters-just-one-hurdle-in-path-toward-democracy
2012-01-05,03:43:37,o2vcg,43,Breivik's insanity disputed by 4 new experts,washingtonpost.com,http://www.washingtonpost.com/world/europe/4-experts-dispute-finding-that-norway-mass-killer-breivik-is-insane/2012/01/04/gIQAmc9iaP_story.html?wprss=rss_world
2012-01-04,21:30:42,o2gxz,39,BBC News - China tycoon 'ate poisoned cat-meat stew',bbc.co.uk,http://www.bbc.co.uk/news/world-asia-16409523
2012-01-05,06:38:07,o33jv,27,"Syrian activists say government armor still in cities:  Opposition activists said on Wednesday armored vehicles were still in the streets of Syrian cities ready to act against protesters, contradicting statements by Arab League peace monitors that troops had withdrawn.",reuters.com,http://www.reuters.com/article/2012/01/04/us-syria-idUSTRE80320220120104
2012-01-05,01:25:59,o2ozs,26,File-Sharing Recognized as Official Religion in Sweden,torrentfreak.com,http://torrentfreak.com/file-sharing-recognized-as-official-religion-in-sweden-120104/
2012-01-05,04:59:44,o2ysp,25,Protest Against Corruption Erupts in Eastern China,theepochtimes.com,http://www.theepochtimes.com/n2/china-news/protest-against-corruption-erupts-in-eastern-china-169388.html#.TwS9s-r3b4s.reddit
2012-01-04,22:18:57,o2i7g,26,"Greece: The history behind the collapse --- Professor of geopolitics at Sorbonne seeks to explain peculiarities of Greece's political administration, dysfunctional economy. And the lessons Europe must learn from his country's near failure",eurozine.com,http://www.eurozine.com/articles/2011-12-23-prevelakis-en.html
2012-01-04,12:24:28,o22ew,22,Arab League calls emergency Syria meeting,aljazeera.com,http://www.aljazeera.com/news/middleeast/2012/01/201212143027506436.html
2012-01-05,00:51:24,o2nlz,20,Italian rail company lambasted for 'racist' web commercial,guardian.co.uk,http://www.guardian.co.uk/world/2012/jan/04/trenitalia-racist-commercial-pulled
2012-01-04,22:28:34,o2ign,22,"Behind The Rise Of The Great Powers by 
Liu Xiaobo  --- Translation of Nobel laureate's  essay on state of China. Chinese people are fed fabricated myths of success. Patriotism is channeled into superficial, arrogant nationalism. Universal values obliterated",guernicamag.com,http://www.guernicamag.com/features/3360/liu_1_1_12/
2012-01-04,12:58:27,o23te,19,Supreme Loser --- Why Iran's ayatollah-in-chief always gets it wrong.,foreignpolicy.com,http://www.foreignpolicy.com/articles/2012/01/03/supreme_loser
2012-01-04,16:19:36,o2and,15,The Corporate Psychopaths Theory of the Global Financial Crisis - Journal of Business Ethics,springerlink.com,http://www.springerlink.com/content/9072633443675517/
