2012-11-11,16:14:34,13045m,2388,"Vatican vows to fight gay marriage after gains in U.S., Europe",chicagotribune.com,"http://www.chicagotribune.com/news/sns-rt-us-vatican-gaymarriagebre8a90h8-20121110,0,5147449.story"
2012-11-11,16:59:37,1305a9,1946,"84 year old Australian man fights off two armed intruders, stabs one (with the broken blade of his own knife) hits the other with a pole and chases both out of his house.",smh.com.au,http://www.smh.com.au/nsw/elderly-resident-fights-off-armed-intruders-police-20121111-2962u.html
2012-11-11,22:14:07,130cpr,749,"A documentary maker has inspired  young people to take part in an oral history project to collect peasants' stories of the Great Famine in the late 1950s and early 1960s. An estimated 36 million people died during the famine, which the Chinese government blamed on natural disasters.",npr.org,http://www.npr.org/2012/11/11/164801546/recording-the-untold-stories-of-chinas-great-famine
2012-11-11,03:46:39,12z4v5,673,"A herd of elephants find 500 litres of moonshine and go on a drunken rampage in India.
",metro.co.uk,http://www.metro.co.uk/weird/917124-herd-of-elephants-go-on-drunken-rampage-after-booze-session
2012-11-11,20:32:37,1309x7,664,Only two fifths of Italians say affairs are completely unacceptable. One quarter of Spaniards do not regard sexual fidelity as important. The majority of the French – two thirds of men and half of women – believe that sexual attraction inevitably leads to intimacy,guardian.co.uk,http://www.guardian.co.uk/lifeandstyle/2012/nov/10/sex-is-monogamy-dead
2012-11-11,16:16:51,13047x,589,Palestinians: 12 EU nations to support our UN bid,jpost.com,http://www.jpost.com/MiddleEast/Article.aspx?id=291282
2012-11-11,22:11:48,130cn9,477,"In Xinjiang (western China) people are not allowed to go to their place of worship, unable to speak their native language, are turned down for jobs based on their race, all in an effort to assimilate local culture. ",thediplomat.com,https://thediplomat.com/china-power/the-xinjiang-perspective-part-iii/
2012-11-11,14:06:57,12zzxq,452,"BBC News - Burma rocked by strong earthquake, casualties reported",bbc.co.uk,http://www.bbc.co.uk/news/world-asia-20285901
2012-11-11,08:57:32,12zlcg,412,Spain's conservative prime minister and the leader of the opposition aim to agree measures on Monday to stop banks evicting homeowners after a woman's suicide before her property was repossessed caused public outrage.,reuters.com,http://www.reuters.com/article/2012/11/10/us-jwspain-evictions-idUSBRE8A90F620121110
2012-11-11,20:21:57,1309my,382,Israel fires warning shots 'after Syria mortar strike',bbc.co.uk,http://www.bbc.co.uk/news/world-middle-east-20288263
2012-11-11,21:17:50,130b32,341,BBC Boss quits,guardian.co.uk,http://www.guardian.co.uk/media/2012/nov/10/bbc-crisis-george-entwistle-resigns
2012-11-11,22:49:05,130e00,253,David Cameron to consider forcing Internet Service Providers into 'opt-out' porn block,wired.co.uk,http://www.wired.co.uk/news/archive/2012-05/04/internet-porn
2012-11-11,22:59:16,130ee5,222,What will four more years of Barack Obama mean for Africa? Obama Remains Very Popular in Africa Despite Barely any Engagement with the Continent Compared to President Bush,edition.cnn.com,http://edition.cnn.com/2012/11/11/opinion/us-election-obama-africa/index.html?hpt=hp_c3
2012-11-11,08:41:39,12zkht,184,"Brother of French gunman denounces his family: Abdelghani Merah, the brother of Mohamed Merah, who killed seven people in Toulouse, France, says they were raised with hatred, anti-Semitism and violence.",latimes.com,"http://www.latimes.com/news/nationworld/world/la-fg-france-gunman-brother-20121110,0,6778966.story"
2012-11-11,19:34:08,1308mk,164,"'Mahmoud' can't get table at an Israeli eatery, but 'Tamir' can  Israel News | Haaretz Daily Newspaper",haaretz.com,http://www.haaretz.com/news/national/mahmoud-can-t-get-table-at-an-israeli-eatery-but-tamir-can.premium-1.476580
2012-11-11,03:05:04,12z2m3,132,"India's history has been pushed back by more than 2000 yrs, making it older than Egypt & Babylon -  Latest research dates  origin of Indus Valley Civilization at 6,000 yrs before Christ, contesting current theory that  settlements began around 3750 BC.",in.news.yahoo.com,http://in.news.yahoo.com/indus-valley-2-000-years-older-thought-183000133.html
2012-11-11,19:26:20,1308gr,114,Sweden to ban baby photos in baby formula to encourage breast-feeding,news.com.au,http://www.news.com.au/lifestyle/parenting/sweden-may-ban-babies-in-formula-ads/story-fnet085v-1226513396942
2012-11-11,19:53:49,130915,111,"Apartheid, by any other name",haaretz.com,http://www.haaretz.com/opinion/apartheid-by-any-other-name.premium-1.476601
2012-11-11,21:53:39,130c2g,101,"If you are still confused about Benghazi, a layman's guide",washingtonpost.com,http://www.washingtonpost.com/blogs/worldviews/wp/2012/11/06/whos-to-blame-for-benghazi-a-laymans-guide/
2012-11-11,01:45:41,12yy0x,92,"Turns Out Mummified  Iceman, Ötzi, was Central European Native, Not a 1st-Generation Emigré from Sardinia  - In  the world's oldest cold case, Otzi was pierced by an arrow & bled to death on a glacier in the Alps between Austria & Italy over 5,000 yrs ago.",msnbc.msn.com,http://www.msnbc.msn.com/id/49760676/ns/technology_and_science-science/#.UJ6RuIeumXk
2012-11-11,10:33:21,12zq5n,91,Magnitude-6.6 earthquake strikes northern Burma,cbsnews.com,http://www.cbsnews.com/8301-202_162-57548124/magnitude-6.6-earthquake-strikes-northern-burma/
2012-11-11,09:56:48,12zocv,88,Argentina faces tough choices after U.S. debt ruling,reuters.com,http://www.reuters.com/article/2012/11/05/us-argentina-debt-decision-idUSBRE8A412E20121105
2012-11-11,20:12:11,1309f5,82,Many Chinese Intellectuals Are Silent Amid a Wave of Tibetan Self-Immolations,nytimes.com,https://www.nytimes.com/2012/11/10/world/asia/educated-chinese-are-silent-amid-tibetan-self-immolations.html
2012-11-11,09:09:33,12zlz4,80,Argentina protests: up to half a million rally against Fernández de Kirchner| The Guardian,guardian.co.uk,http://www.guardian.co.uk/world/2012/nov/09/argentiana-protests-rally-fernandez-kirchner
2012-11-11,13:27:18,12zydj,73,"South Africa loses faith with the ANC. Poor blacks are disillusioned with the party that ended apartheid 18 years ago, promising a better life for all",independent.co.uk,http://www.independent.co.uk/news/world/africa/south-africa-loses-faith-with-the-anc-8303778.html
2012-11-11,16:48:27,13050h,72,Rivals fear Israel’s Binyamin Netanyahu is plotting nuclear strike on Iran,thesundaytimes.co.uk,http://www.thesundaytimes.co.uk/sto/news/world_news/Middle_East/article1161858.ece
2012-11-11,04:16:38,12z6hr,64,Coffee threatened by climate change,telegraph.co.uk,http://www.telegraph.co.uk/earth/agriculture/9661559/Coffee-threatened-by-climate-change.html
2012-11-11,23:59:50,130gso,59,Israel Fires Into Syria ,nytimes.com,http://www.nytimes.com/2012/11/12/world/middleeast/israel-fires-into-syria-after-mortar-hits-military-post.html?smid=tw-share
2012-11-11,03:11:49,12z2z9,54,Germany: memorials to Nazi victims uprooted on the 74th anniversary of Kristallnacht,jpost.com,http://www.jpost.com/JewishWorld/JewishNews/Article.aspx?id=291222
2012-11-11,16:16:01,130474,39,"French nationalists protest in Paris against radical Islam, allege Muslims won’t integrate",washingtonpost.com,http://www.washingtonpost.com/world/europe/french-nationalists-protest-in-paris-against-radical-islam-allege-muslims-wont-integrate/2012/11/10/4ee9b11c-2b5e-11e2-aaa5-ac786110c486_story.html
