2012-09-09,08:03:16,zkrlx,2332,French surgeon returning from Aleppo says half of rebels are non-Syrians wishing to set up an Islamic state with sharia law to become part of the world Emirate,reuters.com,http://www.reuters.com/article/2012/09/08/syria-crisis-jihad-idUSL6E8K80WG20120908
2012-09-09,18:45:54,zlht1,2332,"Putin Says Missile Deal Is More Likely With Obama: ...praising President Obama as “a very honest man” and chastising the Republican nominee, Mitt Romney, for describing Russia as “without question our No. 1 geopolitical foe.”",nytimes.com,https://www.nytimes.com/2012/09/07/world/europe/putin-calls-missile-deal-more-likely-if-obama-wins.html?src=recg
2012-09-09,21:08:31,zlkr8,1529,"Javan rhino clings to survival in last forest stronghold: There are only 35 rhinos left in one wild population, and none in captivity",guardian.co.uk,http://www.guardian.co.uk/environment/2012/sep/07/javan-rhino-survival?intcmp=122
2012-09-09,16:09:46,zle6h,1409,"Philippines' 14-year fight for birth control: National surveys show 65-70% of Filipinos support the Reproductive Health bill, but it faces fierce opposition by the country's Roman Catholic Church leaders",edition.cnn.com,http://edition.cnn.com/2012/09/04/health/philippines-birth-control/index.html?hpt=hp_c2
2012-09-09,07:15:50,zkp4y,1056,Sexist remarks and wolf-whistles could become criminal offences,guardian.co.uk,http://www.guardian.co.uk/society/2012/mar/08/sexist-comments-to-become-criminal-offence
2012-09-09,19:45:53,zliyf,590,"Three New Zealand citizens are being put in front of the Copyright Tribunal for pirating music over peer-to-peer file-sharing networks, under the Skynet law.",stuff.co.nz,http://www.stuff.co.nz/technology/digital-living/7604604/Rianz-piracy-accused-Telecom-customers
2012-09-09,18:39:31,zlho6,446,France’s richest man applies to become a (less-taxed) Belgian citizen,france24.com,http://www.france24.com/en/20120908-france-richest-man-applies-lvmh-less-taxes-belgium-citizen-arnault
2012-09-09,16:58:22,zlffr,420,"UK Drugs policies are not working, believe 75% of MPs: 'More than three-quarters of the MPs said that drug policy needed to draw much more on evidence and research.'",guardian.co.uk,http://www.guardian.co.uk/politics/2012/sep/08/mps-drugs-policies-not-working
2012-09-09,17:08:50,zlfop,376,"Decriminalise cannabis, ecstasy to curb addiction: report (Australia)",abc.net.au,http://www.abc.net.au/news/2012-09-09/decriminalise-drugs-to-curb-addiction-report/4251256
2012-09-09,00:24:25,zk35o,364,"Stunning Video Shows Greek Neo-Nazis Smashing An Immigrant's Stand At A Market (business insider)
",businessinsider.com,http://www.businessinsider.com/stunning-video-shows-greek-neo-nazis-smashing-an-immigrants-stand-at-a-market-2012-9
2012-09-09,15:36:05,zld5k,364,New Zealand high Court throws out climate change critic's lawsuit against scientists. (x-post r/environment),rawstory.com,http://www.rawstory.com/rs/2012/09/07/court-throws-out-climate-change-deniers-lawsuit-again-scientists/#.UEtKlPLJvnA.reddit
2012-09-09,22:44:57,zlne1,330,"Iceland Shows Other Europeans How to Survive Bankruptcy: Small Atlantic nation enjoys growth and employment gains after failing to rescue its banks. Mainland Europe remains stuck with stagnation, decline, and ruinous ""rescue"" packages",reason.com,http://reason.com/archives/2012/09/07/iceland-provides-a-blueprint-for-survivi
2012-09-09,22:02:50,zlm2h,265,India makes history with 100th space mission,aljazeera.com,http://www.aljazeera.com/news/asia/2012/09/20129995945284623.html
2012-09-09,23:27:30,zlox9,229,Mass protest in Japan against U.S. hybrid aircraft - Tens of thousands of people rallied on Japan’s southern island of Okinawa Sunday against the deployment of US Osprey military aircraft after a series of accidents elsewhere involving the planes,google.com,http://www.google.com/hostednews/afp/article/ALeqM5iVcf0cFwB0OrH0HIjjsjaiFj7_vg?docId=CNG.7ad0ee28009ec5d851cc625daf0045e6.d71
2012-09-09,03:17:52,zkc6i,182,Syrian government destroys water pipe that delivered drinking water to millions of residents of Aleppo,nytimes.com,http://www.nytimes.com/2012/09/09/world/middleeast/syria.html
2012-09-09,03:20:28,zkcbp,179,"Pakistan has prohibition laws; therefore, it has a moonshine problem",washingtonpost.com,http://www.washingtonpost.com/world/asia_pacific/moonshine-flourishes-in-unlikely-areas-of-pakistan/2012/09/04/b68a61b4-f49e-11e1-892d-bc92fee603a7_story.html
2012-09-09,10:45:02,zkzvy,130,World’s Richest Gain $25 Billion as Zong Now Top in China - “The 40 richest people on the planet added $25.3 billion to their collective net worth this week”,bloomberg.com,http://www.bloomberg.com/news/2012-09-07/world-s-richest-gain-25-billion-as-zong-now-top-in-china.html
2012-09-09,20:02:57,zljbw,74,"Kurdish gathering turns violent in Mannheim - Around 80 police officers were injured and 31 people arrested in Mannheim on Saturday after an international gathering of about 40,000 Kurds erupted in violence triggered when a teenager was stopped with a banned flag.",thelocal.de,http://www.thelocal.de/national/20120909-44857.html
2012-09-09,23:02:17,zlo0a,66,"Nuclear-armed Iran ""not an option"", says German foreign minister - Calls on Tehran for ""substantial negotiations"" over its controversial atomic program.  ""We share the Israeli concerns about Iran's nuclear program."" ",heraldsun.com.au,http://www.heraldsun.com.au/news/breaking-news/nuclear-armed-iran-not-an-option-says-german-foreign-minister/story-e6frf7k6-1226468703229
2012-09-09,07:07:05,zkomx,60,"Nicaragua volcano belches ash cloud, hundreds evacuate:  Nicaragua’s tallest volcano, San Cristobal, belched an ash cloud nearly a mile into the air on Saturday.
",globalpost.com,http://www.globalpost.com/dispatch/news/regions/americas/argentina/120908/nicaragua-volcano-belches-ash-cloud-hundreds-evacuat
2012-09-09,17:17:30,zlfwf,57,Threat to wildlife haven in 'scariest place on Earth' ,france24.com,http://www.france24.com/en/20120909-threat-wildlife-haven-scariest-place-earth
2012-09-09,09:05:24,zkuqm,53,The forbidden public toilets of Beijing,bbc.co.uk,http://www.bbc.co.uk/news/magazine-19409187
2012-09-09,15:41:49,zlddc,51,"Egypt coordinating with Israel in Sinai military offensive:   Egypt's military has been coordinating its offensive against Islamist militants in the Sinai Peninsula with Israel. Cairo said it has killed 32 militants and arrested 38 people since ""Operation Sinai"" began in August. ",dw.de,"http://www.dw.de/dw/article/0,,16227374,00.html"
2012-09-09,15:44:27,zldg3,39,"Nicaraguan volcano spews ash cloud, residents evacuated",in.reuters.com,http://in.reuters.com/article/2012/09/09/nicaragua-volcano-idINDEE88803720120909
2012-09-09,14:39:34,zlb27,38,"Vietnam's wandering souls.
Australian veterans return to an old front-line to help locate the remains of thousands of fallen Vietnamese soldiers.War veterans use Australian records to locate 4,000 missing Vietnamese troops after decades.",aljazeera.com,http://www.aljazeera.com/programmes/101east/2012/09/201295103736215234.html
2012-09-09,23:05:13,zlo3p,37,BBC News - Iraq VP Tariq al-Hashemi sentenced to death,bbc.co.uk,http://www.bbc.co.uk/news/world-middle-east-19537301
2012-09-09,23:40:35,zlph7,32,"Iranian Christian pastor released from jail:  Youcef Nadarkhani reunited with family after court acquits him of apostasy, which carries death sentence under Sharia law",guardian.co.uk,http://www.guardian.co.uk/world/2012/sep/08/iranian-christian-pastor-released-jail
2012-09-09,01:45:55,zk789,32,"Right-to-die law appalling, says Health Minister Anna Soubry",bbc.co.uk,http://www.bbc.co.uk/news/uk-19527769
2012-09-09,23:35:24,zlp8n,30,Asian welfare states: New cradles to graves - The welfare state is flowering in Asia. Will it free the continent from squalor? Or sink it in debt?,economist.com,http://www.economist.com/node/21562210
2012-09-10,00:34:20,zlru8,26,France shooting: was Saad Al-Hilli assassinated over secret defence contract?,telegraph.co.uk,http://www.telegraph.co.uk/news/worldnews/europe/france/9531436/France-shooting-was-Saad-Al-Hilli-assassinated-over-secret-defence-contract.html
