2012-01-30,23:43:03,p32yc,1846,Carlos Fuentes: legalise drugs to save Mexico - Telegraph,telegraph.co.uk,http://www.telegraph.co.uk/culture/books/9049006/Carlos-Fuentes-legalise-drugs-to-save-Mexico.html
2012-01-30,14:05:10,p2opk,1399,"India, which imports 12 per cent of its oil from Iran, will not scale down its petroleum imports from Tehran despite US and European sanctions",thehindu.com,http://www.thehindu.com/news/national/article2844349.ece
2012-01-30,20:39:22,p2xo7,1246,Drug companies join forces to combat deadliest tropical diseases: Bill Gates gets pharmaceutical giants to promise drug giveaways and unprecedented pledge to share research on new antidotes,guardian.co.uk,http://www.guardian.co.uk/global-development/2012/jan/30/drug-companies-join-tropical-diseases
2012-01-30,22:32:27,p30gd,956,Afghan woman slain for giving birth to daughter,msnbc.msn.com,http://www.msnbc.msn.com/id/46187660/ns/world_news-south_and_central_asia/#.Tyap7ZgRvFs
2012-01-30,03:27:22,p1ynd,436,"Three Afghan-Canadians convicted on all charges of murdering four relatives in so-called ""honor killing""",theglobeandmail.com,http://www.theglobeandmail.com/news/national/verdict-reached-in-shafia-murder-trial/article2318731/
2012-01-30,03:42:03,p1z9b,318,Shafia family found guilty of first degree murder in Canadian honour killing,cbc.ca,http://www.cbc.ca/news/canada/ottawa/story/2012/01/29/shafia-sunday.html
2012-01-30,20:43:52,p2xrt,314,CNN crew detained amid Chinese Tibet crackdown,cnn.com,http://www.cnn.com/2012/01/30/world/asia/china-arrest-grant/?hpt=hp_c2
2012-01-30,08:20:05,p29v0,226,Sarkozy announces French financial transaction tax,bbc.co.uk,http://www.bbc.co.uk/news/world-europe-16783520
2012-01-30,10:16:48,p2f19,175,Iraq Is Angered by U.S. Drones Patrolling Its Skies ,nytimes.com,http://www.nytimes.com/2012/01/30/world/middleeast/iraq-is-angered-by-us-drones-patrolling-its-skies.html?_r=1&hp
2012-01-30,23:11:47,p31tb,164,Greece edges closer to bankruptcy,guardian.co.uk,http://www.guardian.co.uk/business/2012/jan/30/debt-crisis-greece?newsfeed=true
2012-01-30,17:44:03,p2ugb,163,"Women Expose Secret Genital Cutting Rite: ""It was a dark and dingy room, where an elderly woman asked me to take off my panties, made me sit on a low wooden stool with my legs parted and then did something…I screamed out in pain,"" recalls Mustansir, of her childhood experience
",ipsnews.net,http://www.ipsnews.net/news.asp?idnews=106581
2012-01-30,20:12:16,p2x4j,154,Mysteries of Data Pool 3 give Rupert Murdoch a whole new headache,guardian.co.uk,http://www.guardian.co.uk/media/2012/jan/29/data-pool-3-sun-arrests-murdoch
2012-01-30,23:07:42,p31nz,144,Afghan woman is killed 'for giving birth to a girl',bbc.co.uk,http://www.bbc.co.uk/news/world-asia-16787534
2012-01-30,21:28:26,p2yr7,126,"Norway Court Convicts Two in Bomb Plot -- A Norwegian of Chinese Muslim origin with alleged links to al Qaeda was convicted Monday of plotting to blow up a Danish newspaper that had printed cartoons of Islam's Prophet Mohammad, and was sentenced to seven years in prison.",reuters.com,http://www.reuters.com/article/2012/01/30/us-norway-plot-idUSTRE80T0R220120130?mrefid=
2012-01-31,04:03:09,p3eww,128,"UN: World lacks enough food, fuel as population soars
| Reuters",reuters.com,http://www.reuters.com/article/2012/01/30/us-un-development-idUSTRE80T10520120130
2012-01-30,22:40:01,p30po,109,Japan's population faces dramatic decline,cnn.com,http://www.cnn.com/2012/01/30/world/asia/japan-population-decline/index.html?hpt=hp_t3
2012-01-30,20:32:12,p2xj0,94,Thailand backs Twitter Censoship Policy,guardian.co.uk,http://www.guardian.co.uk/world/2012/jan/30/thailand-backs-twitter-censorship-policy
2012-01-30,17:57:06,p2up9,95,Venezuela's Hugo Chavez warns banks of nationalisation,bbc.co.uk,http://www.bbc.co.uk/news/world-latin-america-16783993
2012-01-31,01:39:13,p37vz,86,"Unions Trying to ‘Reverse’ Austerity With Strike in Belgium - The 3 groups have come together, organising the largest general strike in almost 20 years",euronews.net,http://www.euronews.net/2012/01/30/unions-want-to-reverse-austerity-with-strike-in-belgium/
2012-01-31,03:03:01,p3bww,83,"Spanair collapses, stranding 20,000 people",bbc.co.uk,http://www.bbc.co.uk/news/business-16787761
2012-01-30,17:54:43,p2unu,57,NZ begins demolishing Christchurch suburbs,abc.net.au,http://www.abc.net.au/news/2012-01-30/nz-to-demolish-christchurch-suburbs/3800984
2012-01-30,17:27:05,p2u3q,51,Strong earthquake hits Peru's central coastline,bbc.co.uk,http://www.bbc.co.uk/news/world-latin-america-16785067
2012-01-31,01:48:50,p38c5,44,Vladimir Putin labelled a 'tyrant' by Russian rock band,timesofindia.indiatimes.com,http://timesofindia.indiatimes.com/world/europe/Russian-rock-band-labels-Vladimir-Putin-a-tyrant/articleshow/11679944.cms
2012-01-30,18:46:15,p2vkl,43,Iran reissues death sentence against webdev who had been accused of running a porn-site!,google.com,http://www.google.com/hostednews/afp/article/ALeqM5jskeJOMweZF8tVnrLUVnDcI1qT-Q
2012-01-30,16:30:38,p2sxh,41,A 6.3 magnitude earthquake has struck on the coast of central Peru,usatoday.com,http://www.usatoday.com/news/story/2012-01-30/peru-earthquake/52880552/1
2012-01-30,23:51:51,p33bi,34,Romanian ex-PM gets prison time in corruption case (from /r/strictlyworldpolitics),boston.com,http://www.boston.com/news/world/europe/articles/2012/01/30/romanian_ex_pm_gets_prison_time_in_corruption_case/
2012-01-30,21:57:31,p2zi9,38,"As an eighth Juárez police officer this year was slain Saturday, Juárez city officials disclosed revamped safety measures to protect the city's police force",elpasotimes.com,http://www.elpasotimes.com/ci_19848410
2012-01-30,23:46:31,p3339,32,Occupy London evicted from offices,guardian.co.uk,http://www.guardian.co.uk/uk/2012/jan/30/occupy-london-protesters-evicted-city
2012-01-30,22:42:05,p30rn,25,Norway convicts 2 over Muhammad cartoon bomb plot ,msnbc.msn.com,http://www.msnbc.msn.com/id/46188310/ns/world_news-europe/
2012-01-30,10:01:15,p2ec4,24,"3 members of a Muslim family sentenced to 4 counts of life for so called ""honor killings"" in Canada.",montrealgazette.com,http://www.montrealgazette.com/touch/story.html?id=6069325
