2012-08-19,06:59:18,yg1ku,2773,"Ecuadoran President Rafael Correa has slammed  Britain's threats to remove WikiLeaks founder Julian Assange from the Ecuador embassy. ""Never, as long as I am president, will Ecuador accept threats like these, which are absolutely vulgar, inconsiderate and intolerable.""",aljazeera.com,http://www.aljazeera.com/news/europe/2012/08/2012818191136151314.html
2012-08-19,23:39:13,yh1lq,2456,"Assange Demands U.S. End WikiLeaks Witch Hunt. ""The war on whistleblowers must end.""",cnn.com,http://www.cnn.com/2012/08/19/world/europe/uk-assange/index.html?c=weekend-homepage-t
2012-08-19,01:18:21,yfki1,2215,"Drug Dealers in Brazil ban sale of crack, claim it destabilizes communities ",bigstory.ap.org,http://bigstory.ap.org/article/brazil-drug-dealers-say-no-crack-rio
2012-08-19,18:04:43,ygtpi,1660,Julian Assange to leave Ecuadorean embassy and make public statement in 1 hours time,bbc.co.uk,http://www.bbc.co.uk/news/uk-19310335
2012-08-19,19:35:31,ygvfr,1100,World First: Australia introduces plain cigarette packaging; Defeats Big Tobacco challenge in High Court.,abc.net.au,http://www.abc.net.au/news/2012-08-17/court-rejects-bid-for-plain-packaging-advice/4205568
2012-08-19,07:20:30,yg2pg,855,"Support for Ecuador appears to be growing in Latin America. ""Britain ... is wrong. The threat is not only an aggression to Ecuador, it's against Bolivia, it's against South America, against the whole of Latin America,"" Bolivian President Evo Morales said on Friday.",reuters.com,http://www.reuters.com/article/2012/08/18/us-wikileaks-assange-ecuador-idUSBRE87H08Q20120818
2012-08-19,23:56:27,yh27r,412,State Department: The U.S. does not recognize the concept of ‘diplomatic asylum’ | The Cable,thecable.foreignpolicy.com,http://thecable.foreignpolicy.com/posts/2012/08/17/state_department_the_us_does_not_recognize_the_concept_of_diplomatic_asylum
2012-08-19,09:31:56,yg95z,337,"Russian clerics forgive Pussy Riot, ask for mercy: Russian Orthodox Church clerics have asked the country’s authorities to ""show mercy"" on the three members of the punk band Pussy Riot, who were sentenced to two years in jail each on Friday in a trial seen as a test of President Vladimir Putin",worldnews.nbcnews.com,http://worldnews.nbcnews.com/_news/2012/08/18/13354061-russian-top-clerics-forgive-pussy-riot-ask-for-mercy?lite&__utma=238145375.648346627.1342613021.1345049041.1345336253.7&__utmb=238145375.1.10.1345336253&__utmc=238145375&__utmx=-&__utmz=238145375.1345336253.7.6.utmcsr=nbcnews.com|utmccn=(referral)|utmcmd=referral|utmcct=/&__utmv=238145375.|8=Earned%20By=msnbc%7Cworld%20news=1^12=Landing%20Content=Mixed=1^13=Landing%20Hostname=www.msnbc.msn.com=1^30=Visit%20Type%20to%20Content=Internal%20to%20Mixed=1&__utmk=68243026
2012-08-19,19:37:23,ygvgv,259,"Anti-Islam protest goes ahead in Germany | euronews, world news",euronews.com,http://www.euronews.com/2012/08/18/anti-islam-protest-goes-ahead-in-germany/
2012-08-19,20:22:51,ygwdm,228,"Dutch campaign to stop ‘cannabis card’ law | euronews, world news",euronews.com,http://www.euronews.com/2012/08/19/dutch-campaign-to-stop-cannabis-card-law/
2012-08-19,09:47:43,yg9xd,221,"
11 year-old mentally challenged girl jailed for ‘blasphemy’ in Pakistan

",dailytimes.com.pk,http://www.dailytimes.com.pk/default.asp?page=2012\08\19\story_19-8-2012_pg7_17
2012-08-19,00:13:55,yfhnj,220,"The Politically Incorrect Guide to U.S. Interests in the Middle East - Sorry, folks: America just doesn't care about freedom or Arab-Israeli peace all that much.",foreignpolicy.com,http://www.foreignpolicy.com/articles/2012/08/15/the_politically_incorrect_guide_to_us_interests_in_the_middle_east?page=full
2012-08-19,00:01:29,yfh33,199,"16-year-gld girl in the Dominican Republic dies of cancer after being refused treatment for 3 weeks due to pregnancy; under an amendment to the Dominican Republic's constitution which declares that ""life begins at conception,"" abortion is banned, effectively for any reason",alternet.org,http://www.alternet.org/gender/16-year-old-girl-dies-cancer-after-being-refused-treatment-3-weeks-due-pregnancy
2012-08-19,09:50:37,yga2t,202,Lord Rothschild takes £130m bet against the euro,telegraph.co.uk,http://www.telegraph.co.uk/finance/financialcrisis/9484435/Lord-Rothschild-takes-130m-bet-against-the-euro.html
2012-08-19,01:31:19,yfl79,187,Oil-industry lobbyists are trying to undermine transparency measures in America and Europe that could help prevent future tyrants from emerging,nytimes.com,http://www.nytimes.com/2012/08/18/opinion/a-libyans-plea-to-the-sec-on-oil-industry-rules.html
2012-08-19,21:22:04,ygxkq,155,Researchers May Have Found Amelia Earhart's Plane Debris,abcnews.go.com,http://abcnews.go.com/US/researchers-found-amelia-earharts-plane-debris/story?id=17034766#.UDDaU91lTYi
2012-08-19,00:34:58,yfik0,150,The Organization of American States (OAS) to hold meeting about the threat of intervention in Ecuador's London embassy.  US vote not to hold meeting was on the losing side.,guardian.co.uk,http://www.guardian.co.uk/media/2012/aug/18/julian-assange-row-american-ministers-meeting
2012-08-19,10:46:19,ygcpu,144,"

A  boy calling a wrong number in India has snowballed into a major row, with 50 families facing social boycott  ",timesofindia.indiatimes.com,http://timesofindia.indiatimes.com/india/Wrong-number-call-rings-social-boycott-of-50-dalit-families/articleshow/15552449.cms
2012-08-19,23:00:01,yh09e,121,German spy ship aiding Syrian rebels: A German newspaper has reported that a spy ship from the German intelligence agency is helping Syrian rebels in their fight to oust the Damascus regime.,dw.de,"http://www.dw.de/dw/article/0,,16177482,00.html"
2012-08-19,04:52:32,yfvak,111,"Prepare for 'sacred war,' Kim tells North Korea's troops - Kim Jong Un has ordered his troops ""not to miss their gold chance to deal at once deadly counter blows"" if even one shell lands in North Korean territory during upcoming U.S.-South Korea military exercises",cnn.com,http://www.cnn.com/2012/08/18/world/asia/north-korea-warning/index.html?hpt=hp_t1
2012-08-19,03:24:51,yfqrb,97,"Pussy Riot, sentenced to two years in a penal colony, release new anti-Putin single",boingboing.net,http://boingboing.net/2012/08/17/pussy-riot-sentenced-to-two-y.html
2012-08-19,22:09:46,ygyso,82,Benjamin Netanyahu faces widespread opposition to strike on Iran,telegraph.co.uk,http://www.telegraph.co.uk/journalists/the-daily-beast/9484095/Analysis-Benjamin-Netanyahu-faces-widespread-opposition-to-strike-on-Iran.html
2012-08-19,04:16:16,yftff,70,British parliamentarians accused former Barclays chief executive Bob Diamond of holding back evidence during a hearing last month over the Libor rate-rigging scandal.,aljazeera.com,http://www.aljazeera.com/news/europe/2012/08/2012818175830695965.html
2012-08-19,13:43:23,ygl6i,48,Italy's tax hunters target super-rich and their yachts off the Sardinian coast -  Coastguards get tough.,guardian.co.uk,http://www.guardian.co.uk/world/2012/aug/19/sardinia-super-rich-tax-coastguards
2012-08-19,04:55:33,yfvg4,38,Thousands protest in Tunisia over proposed language for Constitution that describes a woman as a “complement with the man in the family and an associate to the man in the development of the country.”,globalpublicsquare.blogs.cnn.com,http://globalpublicsquare.blogs.cnn.com/2012/08/16/women-free-speech-and-the-tunisian-constitution/
2012-08-19,02:38:04,yfoge,37,Kim warns troops to prepare for 'sacred war' during US-South Korea exercises - CNN.com,cnn.com,http://www.cnn.com/2012/08/18/world/asia/north-korea-warning/index.html
2012-08-20,00:46:52,yh484,39,Australian Government Will Issue Overdue Apology to 1968 Olympic Hero Peter Norman who was ostracized for his support of racial justice.,commondreams.org,http://www.commondreams.org/view/2012/08/19
2012-08-20,03:56:27,yhdz2,36,Afghan in uniform kills Nato soldier: Isaf,tribune.com.pk,http://tribune.com.pk/story/424514/afghan-in-uniform-kills-nato-soldier-isaf/
2012-08-19,08:25:18,yg5w4,33,Brazil: Drug Dealers Say No To Crack In Rio.,npr.org,http://www.npr.org/templates/story/story.php?storyId=159105784
2012-08-19,12:08:44,yggrj,29,"Latin American Nations Rally to Ecuador's Side in Assange Asylum Battle with UK
| Reuters",in.reuters.com,http://in.reuters.com/article/2012/08/19/wikileaks-assange-ecuador-idINL2E8JJ00420120819
