2012-04-29,22:01:32,sy3oo,1986,Canada announces that foreign workers can now be paid 15% less than Canadians.,thestar.com,http://www.thestar.com/opinion/editorials/article/1168905--two-tiered-wage-system-announced-by-tories
2012-04-29,19:08:49,sy0m6,1821,Major UK Supermarket Chain Boycotts Israeli Settlement Goods,guardian.co.uk,http://www.guardian.co.uk/world/2012/apr/29/co-op-israel-west-bank-boycott
2012-04-29,00:14:01,swu1e,895,"""After 115 Years, It's Time for Zionism to Retire"" - Gideon Levy, Leading Israeli Columnist",haaretz.com,http://www.haaretz.com/weekend/week-s-end/after-115-years-it-s-time-for-zionism-to-retire-1.426843
2012-04-29,22:28:51,sy4as,582,"Egypt Islamists upend race by backing liberal:  ""'There is no compulsion in religion,' which he interprets to mean that the state should not compel people to follow religious rules.""",msnbc.msn.com,http://www.msnbc.msn.com/id/47221109/ns/world_news/#.T51AIKvOw1M
2012-04-29,22:31:39,sy4dn,402,"Bahrain ministry is using social media to urge people to vote against a movie which is nomiated for BAFTA TV awards, the film shows a darker side of Bahrain which the ministry is trying to hide. Be a part of this Streisand-Effect and vote for the Bahrain film.",blogs.aljazeera.com,http://blogs.aljazeera.com/liveblog/bahrain-apr-28-2012-2312
2012-04-30,04:25:52,syibj,154,Cruise ship crew earning 75p ($1.22) per hour to have tips withheld unless targets are hit,guardian.co.uk,http://www.guardian.co.uk/business/2012/apr/29/cruise-firm-performance-bonuses-tips
2012-04-29,20:01:27,sy1hg,128,Major UK food retailer boycotts 4 Israeli companies,jpost.com,http://www.jpost.com/International/Article.aspx?id=267879
2012-04-29,22:23:14,sy45o,115,North Korea stages mass dance and military parade in tribute to Kim il-Sung. Visually impressive. ,telegraph.co.uk,http://www.telegraph.co.uk/news/picturegalleries/worldnews/9207381/North-Korea-stages-mass-dance-and-military-parade-in-tribute-to-Kim-il-Sung.html
2012-04-29,17:53:53,sxzee,90,China rounds up family and friends of blind activist Chen Guangcheng after his escape from house arrest,bbc.co.uk,http://www.bbc.co.uk/news/world-asia-china-17885372
2012-04-29,02:40:47,swzyk,79,KFC Ordered to Pay $8.3 Million to Australian Girl Paralyzed After Eating a Twister Wrap - Monika Samaan was 7 when she suffered salmonella encephalopathy -- a brain injury linked to food poisoning that also left her with a blood infection and septic shock ,alternet.org,http://www.alternet.org/food/155180/kfc_ordered_to_pay_%248.3_million_to_australian_girl_paralyzed_after_eating_a_twister_wrap?page=entire
2012-04-30,03:22:27,syf9v,80,Libya ex-Minister Shukri Ghanem found dead in Danube River,bbc.co.uk,http://www.bbc.co.uk/news/world-europe-17889660
2012-04-29,20:25:39,sy1va,75,"UK puts missiles on London rooftop to guard Olympics
| Reuters",in.reuters.com,http://in.reuters.com/article/2012/04/29/olympics-britain-missiles-idINDEE83S00820120429
2012-04-30,04:36:37,syit3,71,Israeli navy arrests crew of Gaza fishing boat for fishing outside the Israeli set limits of Gaza's fishing zone (3 na. miles). Oslo peace accords granted 20.,google.com,http://www.google.com/hostednews/afp/article/ALeqM5imZxHzqjkHXmZQmN1OWCq3RjOrLA?docId=CNG.c3b8587a1a47bba703e86093aeb0a530.451
2012-04-29,08:02:08,sxekq,63,London 2012: Missiles may be placed at residential flats,bbc.co.uk,http://www.bbc.co.uk/news/uk-17884897
2012-04-29,02:09:14,swyko,53,Are Mexicans giving up on U.S?,globalpublicsquare.blogs.cnn.com,http://globalpublicsquare.blogs.cnn.com/2012/04/27/zakaria-are-mexicans-giving-up-on-u-s/?hpt=hp_bn2
2012-04-30,00:11:32,sy7cl,55,Politicians braced for backlash as Europe turns against austerity ,guardian.co.uk,http://www.guardian.co.uk/business/2012/apr/29/europe-revolt-against-austerity
2012-04-29,14:52:57,sxv0r,52,"Mohamed ElBaradei launches new Egyptian political party:  Nobel peace prize winner Mohamed ElBaradei said its aim was to unite Egyptians behind democracy.
",globalpost.com,http://www.globalpost.com/dispatch/news/regions/middle-east/egypt/120428/mohamed-elbaradei-launches-new-egyptian-political-par
2012-04-29,06:35:06,sxane,34,"Police unleashed tear gas and chemical-laced water Saturday at thousands of demonstrators who staged one of Malaysia’s largest street rallies in years, demanding fair rules for national elections expected soon.",washingtontimes.com,http://www.washingtontimes.com/news/2012/apr/28/tear-gas-used-25000-rally-malaysia-reforms/?page=all
2012-04-29,23:06:35,sy5cw,32,Nigerian University Hit With Explosions,npr.org,http://www.npr.org/2012/04/29/151628141/nigerian-university-hit-with-explosions
2012-04-29,01:56:19,swy0l,31,"Prince of Liechtenstein Threatens to Quit - The tiny principality has been rattled by a war of words between activists who want to revoke the royal veto & the hereditary prince, who has threatened to quit if they do. ",google.com,http://www.google.com/hostednews/afp/article/ALeqM5iknqLSdpc9ifJJaRdzVxmExtcaag?docId=CNG.7c216520b97533fec6b859a4a6c70cd0.d1
2012-04-29,10:14:12,sxk4l,31,BBC News - South Sudan 'agrees $8bn deal with China',bbc.co.uk,http://www.bbc.co.uk/news/world-africa-17883321
2012-04-29,02:50:24,sx0d5,32,What's Behind Europe’s Spike in Suicides?,commondreams.org,http://www.commondreams.org/view/2012/04/28-2
2012-04-29,09:28:12,sxi62,35,Vitali Klitschko on Tymoshenko Case: 'Ukraine Is Becoming Increasingly Authoritarian'  - The boxer and pro-democracy activist talks about the worsening situation in his country and the case of the jailed opposition leader Yulia Tymoshenko. ,spiegel.de,"http://www.spiegel.de/international/world/0,1518,830284,00.html"
2012-04-29,04:55:02,sx5yl,20,"Escaped blind Chinese activist Chen Guangcheng is safe in US Embassy in Beijing, friend says; he said Chen scaled a high wall at night to escape his house arrest, and hurt his leg after jumping off",cnn.com,http://www.cnn.com/2012/04/28/world/asia/china-activist-escape/index.html
2012-04-29,11:18:36,sxmp2,21,US 'expands Yemen drone strikes policy',aljazeera.com,http://www.aljazeera.com/news/middleeast/2012/04/201242665054283749.html
2012-04-29,19:43:21,sy16s,20,"UPDATE 1-Lebanon impounds ship carrying Libyan weapons
| Reuters",reuters.com,http://www.reuters.com/article/2012/04/28/syria-lebanon-ship-idUSL6E8FS1CT20120428
2012-04-30,00:09:39,sy7ah,15,"South Africa: Gold miners sue over lung disease -- Apartheid conditions gave black miners incurable silicosis, say experts.
",globalpost.com,http://www.globalpost.com/dispatch/news/regions/africa/south-africa/120426/south-africa-gold-miners-silicosis
2012-04-29,08:22:14,sxfem,17,"Uzbekistan: End Forced, Child Labor in Cotton Fields",hrw.org,http://www.hrw.org/news/2012/04/25/uzbekistan-end-forced-child-labor-cotton-fields
2012-04-29,03:28:13,sx21y,14,Gaddafi put up 50M euro for Sarkozy’s presidential bid – report,on.rt.com,http://on.rt.com/e11s2r
2012-04-29,07:58:53,sxefm,13,Saudi Arabia closed its Cairo embassy Saturday and recalled its ambassador following days of protests by hundreds of Egyptians outside the Saudi Embassy in Cairo and consulates in other cities to demand the release of Ahmed el-Gezawi.,hosted.ap.org,http://hosted.ap.org/dynamic/stories/M/ML_SAUDI_ARABIA_EGYPT?SITE=RIPAW&SECTION=HOME&TEMPLATE=DEFAULT
