2012-02-27,02:37:51,q6x7b,2155,WHO Declares India Polio-Free!,hindustantimes.com,http://www.hindustantimes.com/audio-news-video/AV-India/India-polio-free-declares-WHO/Article2-816995.aspx
2012-02-27,22:13:06,q83k7,1608,East Africa's high-speed internet access is severely disrupted after a ship dropped its anchor onto fibre-optic cables off Kenya's coast.,bbc.co.uk,http://www.bbc.co.uk/news/world-africa-17179544
2012-02-27,23:44:23,q86sm,1045,"""89 Percent"" of Syrians Voted to Keep Assad in Power until 2028",theatlanticwire.com,http://www.theatlanticwire.com/global/2012/02/89-percent-syrians-voted-keep-assad-power-until-2028/49194/
2012-02-27,17:08:30,q7x6w,971,"North Korea: Ready to go to war with U.S., South Korea - CNN.com",edition.cnn.com,http://edition.cnn.com/2012/02/27/world/asia/north-korea-tensions/index.html?hpt=ias_c1
2012-02-27,14:14:19,q7s9c,908,WikiLeaks begins disclosing intelligence firm's e-mails,edition.cnn.com,http://edition.cnn.com/2012/02/26/us/wikileaks-stratfor/index.html?hpt=hp_t3
2012-02-27,21:48:30,q82v5,490,"Beijing's Feral Cat Problem Comes Back With a Vengeance — Four years after ""cleansing"" the city of its strays in advance of the Olympics, somewhere between 500,000 and 5 million cats have returned to the city.
",theatlanticcities.com,http://www.theatlanticcities.com/politics/2012/02/beijings-feral-cat-problem-comes-back-vengeance/1328/
2012-02-27,22:54:51,q84yd,464,"Iranian film 'A Separation' wins Oscar for Best Foreign Film, pleas for the people of Iran to be recognized for their contributions to culture",huffingtonpost.com,http://www.huffingtonpost.com/2012/02/26/oscars-a-separation-iran_n_1302973.html
2012-02-27,21:11:10,q81wg,460,Nobel Peace Prize jury announces 231 nominees have been submitted including Bradley Manning and Al Jazeera,washingtonpost.com,http://www.washingtonpost.com/world/europe/231-nominations-for-2012-nobel-peace-prize-including-manning-tymoshenko/2012/02/27/gIQApgeZdR_story.html
2012-02-27,18:50:26,q7z3m,453,"22 Carnival Cruise Ship Passengers Robbed in Mexico - The tourists were on a bus in the jungle near Puerto Vallarta when hooded gunmen took cameras, money, watches & other valuables. One cruise line had already suspended  stops in Puerto Vallarta because of the  drug war. ",latimes.com,"http://www.latimes.com/news/local/la-me-0227-carnival-robbery-20120227,0,2212072.story"
2012-02-27,21:21:48,q826p,447,Murdoch's Sun had 'culture of illegal payments' to officials says police chief,guardian.co.uk,http://www.guardian.co.uk/media/2012/feb/27/sun-culture-illegal-payments-leveson
2012-02-27,21:25:14,q829i,321,"UK Chancellor's simple truth - ""There is no more money.""",telegraph.co.uk,http://www.telegraph.co.uk/news/politics/9107485/George-Osborne-UK-has-run-out-of-money.html
2012-02-27,23:46:24,q86vw,212,EFF: This Isn't a Hoax: Pakistan Requests Proposals for a National Filtering and Blocking System,eff.org,https://www.eff.org/deeplinks/2012/02/not-a-hoax-pakistan-requests-proposals-national-filtering-and-blocking-system
2012-02-27,11:34:28,q7ljg,174,"Farmers Helpless as New Virus Attacks Lambs - A 1,000 farms across Europe have been hit by a disease causing 1000s of dead births or deformities resulting in death. Nobody knows how bad it'll get, as the lambing season is not even in full swing. The disease is invisible until birth.

",smh.com.au,http://www.smh.com.au/environment/animals/farmers-helpless-after-new-virus-attacks-british-flocks-of-lambs-20120226-1twj7.html
2012-02-27,15:56:33,q7vit,139,North Korea says it is ready for a war with US and South Korea,cnn.com,http://www.cnn.com/2012/02/27/world/asia/north-korea-tensions/index.html?hpt=wo_c1
2012-02-27,11:56:14,q7mja,100," Armed Thai Officials Raid Wildlife Center After Chief Criticizes Elephant Poaching  -  They took 103 animals from the center, which is partly funded by Australians, who say many, including endangered species, were injured by the men, some in balaclavas to hide their identities.


",smh.com.au,http://www.smh.com.au/environment/conservation/wildlife-centre-raided-after-criticising-tourist-camps-20120226-1twcp.html
2012-02-28,05:24:05,q8n17,98,"Latin American Authorities Worried Entire Prison System About to Explode - The drug war has placed astonishing strains on what were already corrupt, crumbling prisons, which serve as lucrative postings for civil servants who collect bribes from inmates",npr.org,http://www.npr.org/2012/02/27/147503698/violence-exposes-crisis-in-latin-american-prisons
2012-02-27,20:26:24,q80vp,89,FARC says they’ll stop kidnapping ... possible first steps towards peace talks after decades of conflict with Columbian govt.,washingtonpost.com,http://www.washingtonpost.com/world/the_americas/colombias-farc-rebels-say-theyll-stop-kidnapping/2012/02/26/gIQAi4UWcR_story.html
2012-02-27,18:04:38,q7y9o,80,WikiLeaks publishes security think tank emails,reuters.com,http://www.reuters.com/article/2012/02/27/us-wikileaks-stratfor-idUSTRE81Q01Q20120227
2012-02-27,10:15:09,q7hvl,74,Anti-Putin protesters form human chain in Moscow,reuters.com,http://www.reuters.com/article/2012/02/27/us-russia-protest-idUSTRE81P07D20120227
2012-02-28,02:06:34,q8d70,64,"Afghanistan rises in revolt against US occupation as a US colonel and major were killed by an Afghan official, who was then reportedly allowed to walk out of the building by Afghan security",wsws.org,http://wsws.org/articles/2012/feb2012/pers-f27.shtml
2012-02-28,04:27:57,q8k1f,57,Norway’s Statoil  has discovered oil 120 miles off the Brazilian coast in the Atlantic Ocean - Statoil is calling the field a high-impact discovery,cbsnews.com,http://www.cbsnews.com/8301-505245_162-57385624/statoil-venture-finds-large-oil-field-off-brazil/
2012-02-27,05:19:56,q74fb,58,"Via Rail derails west of Toronto, unconfirmed reports of passengers trapped",cbc.ca,http://www.cbc.ca/news/canada/story/2012/02/26/viarail-toronto.html
2012-02-27,14:25:47,q7spd,53,Russia averts plot to assassinate Putin.,google.com,http://www.google.com/hostednews/afp/article/ALeqM5hp05SvKa2lZPI3tYelseBOGMQPaw?docId=CNG.12cc0199ecc6457c2d2a25874218f73d.171
2012-02-27,12:24:22,q7nsm,46,"Putin blasts Western countries for ""abusing human rights rhetoric""",en.ria.ru,http://en.ria.ru/russia/20120227/171544909.html
2012-02-27,20:14:41,q80m6,38,"Himalayan Sherpas Lament Climate Change Devastation - On the ground, mountain communities are already alarmed by dramatic shifts in weather patterns.  ""Right from the beginning we saw the effects of climate change on tea plantations in Ilam district.""",articles.timesofindia.indiatimes.com,http://articles.timesofindia.indiatimes.com/2012-02-26/global-warming/31100715_1_climate-change-apa-sherpa-glaciers
2012-02-28,04:42:33,q8kt4,42,"TransCanada aims to build southern Keystone pipeline, skirting a full-blown federal review & heightening competition to move crude out of Oklahoma storage hub - It wants the pipeline running to Texas from Oklahoma in service by 2013.",torontosun.com,http://www.torontosun.com/2012/02/27/transcanada-aims-to-build-southern-keystone-leg
2012-02-27,22:11:48,q83io,33,The WikiLeaks GiFiles: Stratfor Source Says Talk of Attack on Iran is a Euro Crisis Diversion.,ibtimes.co.uk,http://www.ibtimes.co.uk/articles/305134/20120227/wikileaks-gifiles-stratfor-attack-iran-diversion.htm
2012-02-27,12:01:43,q7ms6,24,"Lender's own probe links it to suicides: 'More than 200 poor, debt-ridden residents of Andhra Pradesh killed themselves in late 2010. The govt blamed microfinance co. for fueling a frenzy of overindebtedness and then pressuring borrowers so relentlessly that some took their own lives.'",sfgate.com,http://www.sfgate.com/cgi-bin/article.cgi?f=/n/a/2012/02/24/financial/f000417S28.DTL&type=printable
2012-02-27,17:43:20,q7xwl,22,"Putin Warns West Over Syria, Iran",google.com,http://www.google.com/hostednews/ap/article/ALeqM5iNtmStnxvt7NgqbPaY8P1gvcVi5Q?docId=0673837d237b4c0f82435a3fc122e151
2012-02-27,16:16:21,q7w0z,20,Vladimir Putin assassination plot foiled,guardian.co.uk,http://www.guardian.co.uk/world/2012/feb/27/vladimir-putin-assassination-plot-foiled
