2012-02-21,10:52:36,pyqvh,1601,"Leaked Memo Blows The Lid Off Of The Entire Greek Bailout: That everything undertaken so far is destroying the Greek economy, and that further reforms will only make it worse.",businessinsider.com,http://www.businessinsider.com/leaked-memo-blows-the-lid-off-of-the-entire-greek-bailout-2012-2
2012-02-21,05:40:09,pyc70,1540,China tries to bully Norway,economist.com,http://www.economist.com/node/21547832
2012-02-21,14:35:06,pz0jj,1335,Standard and Poor are being sued in Australia for the AAA rating they assigned to toxic structured-finance products,theage.com.au,http://www.theage.com.au/business/will-sp-fight-to-the-death-20120221-1tkwc.html
2012-02-21,10:29:06,pypt0,1042,Nearly 300 Elephants Slain in Cameroon - There is a Serious Poaching Problem,cnn.com,http://www.cnn.com/2012/02/20/world/africa/cameroon-elephants-killed/index.html?hpt=hp_c2
2012-02-21,01:36:09,py02j,457,Putin Calls for $772 Billion Upgrade to Rebuild Military,businessweek.com,http://www.businessweek.com/news/2012-02-20/putin-calls-for-772-billion-upgrade-to-rebuild-military.html
2012-02-21,06:55:01,pyfsy,418,"Russians revive Ice Age flower from an Ice Age squirrel's treasure chamber, a burrow containing fruit and seeds that had been stuck in the Siberian permafrost for over 30,000 years.",hosted.ap.org,http://hosted.ap.org/dynamic/stories/E/EU_RUSSIA_ICE_AGE_FLOWER?SITE=RIPAW&SECTION=HOME&TEMPLATE=DEFAULT
2012-02-21,15:00:38,pz1e0,355,"Monaco prince bloodied after brawl in NYC bar - The prince & his entourage ""were being completely obnoxious"" ",abcnews.go.com,http://abcnews.go.com/US/wireStory/monaco-prince-bloodied-brawl-nyc-bar-15752083#.T0NAr_GmhX0
2012-02-21,22:42:23,pzcb0,331,"Worked to death:Working conditions are so bad workers in Cambodia collapse due to being exposed to strong chemicals in hot and poorly ventilated environment while working 12-14 hours a day. Last year, more than 200,000 workers went to the streets over the issue. ",the-diplomat.com,http://the-diplomat.com/asean-beat/2012/02/21/cambodias-fainting-workers/
2012-02-21,04:39:08,py94g,298,"Canada threatens trade war with EU over tar sands - 
The row over the EU's plan to label tar sands oil as highly polluting escalates as Canada says it 'will not hesitate to defend its interests'",guardian.co.uk,http://www.guardian.co.uk/environment/2012/feb/20/canada-eu-tar-sands?intcmp=122
2012-02-21,09:00:01,pyllv,277,Iran has started a 4-day military exercise aimed at protecting its nuclear sites from an attack,euronews.net,http://www.euronews.net/2012/02/20/iran-s-military-exercise-aims-to-defend-nuclear-sites/
2012-02-21,19:09:51,pz6z6,270,Former International Monetary Fund chief Dominique Strauss-Kahn is being questioned by French police investigating a suspected hotel prostitution ring.,usatoday.com,http://www.usatoday.com/news/world/story/2012-02-21/strauss-kahn-imf-prostitution/53185166/1
2012-02-21,04:39:41,py95u,208,Croatian President Invites Anonymous for Consultation over Controversial ACTA Law,brightsideofnews.com,http://www.brightsideofnews.com/news/2012/2/20/croatian-president-invites-anonymous-for-consultation-over-controversial-acta-law.aspx
2012-02-22,01:07:29,pzif8,202,"Researchers have unearthed a forest in northern China preserved under a layer of ash deposited 300,000 years ago.",bbc.co.uk,http://www.bbc.co.uk/news/science-environment-17117223
2012-02-21,22:21:19,pzbn4,139,"""The people in Greece and peripheral countries must wake up to the fact that they are not dealing with reasonable people on the other side of the negotiating table.""",aljazeera.com,http://www.aljazeera.com/indepth/opinion/2012/02/20122218635894953.html
2012-02-22,03:35:17,pzpiq,124,"Civilisation faces 'perfect storm of ecological and social problems': Abuse of the environment has created an 'absolutely unprecedented' emergency, say Blue Planet prizewinners",guardian.co.uk,http://www.guardian.co.uk/environment/2012/feb/20/climate-change-overconsumption
2012-02-21,20:49:49,pz93p,115,"Oil jumps to 9-month high above $105 in Europe as Iran cuts supply to Britain, France",hosted2.ap.org,http://hosted2.ap.org/OHCOL/8ef5320729ce4298abefc1903704c7d5/Article_2012-02-20-Oil-Prices/id-03742700deff46f29aedd0fc1dc6fa6f
2012-02-22,03:36:48,pzpll,88,Iranian military commander has said Iran would take pre-emptive action against its enemies if it felt its national interests were endangered,bbc.co.uk,http://www.bbc.co.uk/news/world-middle-east-17116588
2012-02-21,22:56:52,pzctt,94,Mexico Prison Riot Was a Diversion For Escape,theatlanticwire.com,http://www.theatlanticwire.com/global/2012/02/mexico-prison-riot-was-diversion-escape/48956/
2012-02-21,11:47:01,pythh,85,"Portugal plays by the rules, but economy slumps: ""You have young without employment, and you have old people without money, and so there is no future for a country like that.""",npr.org,http://www.npr.org/2012/02/20/147158633/portugal-plays-by-the-rules-but-economy-slumps
2012-02-22,00:34:48,pzgur,81,"Protests, Self-Immolation Signs of a Desperate Tibet - 
Chinese authorities tighten security around Tibet after a series of demonstrations demanding more religious & political freedoms. Self-immolation protests have led to violent confrontations, & some monasteries are emptying.",npr.org,http://www.npr.org/2012/02/21/147170229/protests-self-immolation-signs-of-a-desperate-tibet
2012-02-21,09:18:59,pymhj,70,Japanese mayor denies Nanjing massacre,abc.net.au,http://www.abc.net.au/news/2012-02-21/japanese-mayor-denies-nanjing-massacre/3841368
2012-02-21,15:54:08,pz2wn,61,South Korea suicide toll doubles over a decade,bbc.co.uk,http://www.bbc.co.uk/news/world-asia-pacific-14784776
2012-02-21,20:45:53,pz90f,56,Iran Warns of Pre-Emptive Action in Nuclear Dispute,nytimes.com,http://www.nytimes.com/2012/02/22/world/middleeast/iran-says-un-weapons-inspectors-wont-visit-nuclear-sites.html?hp
2012-02-21,21:26:47,pza0l,54,Koran Burning at Bargam Air Base Draws the Ire of Thousands,theatlanticwire.com,http://www.theatlanticwire.com/global/2012/02/koran-burning-bargam-air-base-draws-ire-thousands/48953/
2012-02-22,00:19:26,pzg5c,51,"Pakistani Interior Minister Wants Interpol to Arrest Pervez Musharraf - Pakistan has never forgiven the former president for the death of former prime minister, Benazir Bhutto, & now will ask Interpol to arrest him for failing to protect her from the deadly 2007 suicide attack that killed her ",theatlanticwire.com,http://www.theatlanticwire.com/global/2012/02/pakistani-interior-minister-wants-interpol-arrest-pervez-musharraf/48966/
2012-02-21,18:27:51,pz66p,34,European Union officials are expected to vote on draft legislation that would label Canadian fuel as more polluting than oil from other parts of the world.,bbc.co.uk,http://www.bbc.co.uk/news/science-environment-17102027
2012-02-22,05:18:15,pzutx,29,Iraqi violence drops  as al Qaida fighters move to Syria,mcclatchydc.com,http://www.mcclatchydc.com/2012/02/20/139408/iraq-officials-violence-drops.html
2012-02-21,14:51:31,pz130,27,"Laws Leave Cruise-Ship Victims at Sea - Passengers face formidable obstacles in recovering significant damages.  

The cruise business has put in place over the years a legal structure that ring-fences operators from lawsuits. ",uk.reuters.com,http://uk.reuters.com/article/2012/02/21/uk-insight-cruise-ship-victims-idUKTRE81K06920120221
2012-02-22,02:30:09,pzmah,26,Climate scientist Peter Gleick admits he leaked Heartland Institute documents,guardian.co.uk,http://www.guardian.co.uk/environment/2012/feb/21/peter-gleick-admits-leaked-heartland-institute-documents
2012-02-21,20:18:00,pz8cj,26,"Toews surprised by content of online surveillance 
bill - Canada",cbc.ca,http://www.cbc.ca/news/canada/story/2012/02/18/pol-thehouse-vic-toews.html?=y
