2012-08-04,00:32:23,xmfyo,2548,"In China, the rich and powerful can hire body doubles to do their prison time for them.",slate.com,http://www.slate.com/articles/news_and_politics/foreigners/2012/08/china_s_wealthy_and_influential_sometimes_hire_body_doubles_to_serve_their_prison_sentences.html
2012-08-04,01:55:52,xmlc7,2135,"British couple of Pakistani descent sentenced to 25 years minimum for ""honour killing"" of daughter",news.yahoo.com,http://news.yahoo.com/pakistani-parents-guilty-murdering-british-daughter-143840678.html
2012-08-04,00:56:24,xmhju,1229, Donald Trump destroys Scotland - Greed and arrogance win when the mogul decides to build a golf course in an environmentally pristine location ,salon.com,http://www.salon.com/2012/08/03/donald_trump_destroys_scotland/
2012-08-04,23:08:39,xo5mp,875,"Israeli settlers graffiti ""Palestinians should die"" and plant an improvised explosive device under a car in Ramallah",maannews.net,http://www.maannews.net/eng/ViewDetails.aspx?ID=509348
2012-08-04,23:51:38,xo75t,630,Palestinian billionaire Munib al-Masri's retort to Mitt Romney's claims,nytimes.com,http://www.nytimes.com/2012/08/03/opinion/occupation-not-culture-is-holding-palestinians-back.html
2012-08-04,04:56:40,xmx1l,566,"Pussy Riot trial 'worse than Soviet era', guards with submachine guns throwing reporters out at will, judge refusing to allow testimony of 10 witnesses for the defense",guardian.co.uk,http://www.guardian.co.uk/world/2012/aug/03/pussy-riot-trial-russia?newsfeed=true
2012-08-04,22:10:52,xo3vi,344,"Girl denied permission to study engineering, kills self - India - Rajasthan - ibnlive",ibnlive.in.com,http://ibnlive.in.com/news/girl-denied-permission-to-study-kills-self/278250-3-239.html
2012-08-04,22:32:48,xo4kn,280,Ex-Mexico governor pleads guilty to laundering $19M from Juárez drug cartel,elpasotimes.com,http://www.elpasotimes.com/ci_21228435/ex-mexico-governor-pleads-guilty-laundering-19m-from?source=rss_viewed
2012-08-04,21:36:22,xo310,212,The decay of Athens Olympic venues,summergames.ap.org,http://summergames.ap.org/article/8-years-later-athens-olympic-venues-decay
2012-08-04,04:12:50,xmu7s,147,US will refuse bid to give United Nations control over the internet,wired.co.uk,http://www.wired.co.uk/news/archive/2012-08/03/us-rejects-un-internet-control
2012-08-04,00:20:34,xmf56,146,"Mexican farmers fear losing traditions, livelihood as Monsanto wins GMO planting rights in Mexico’s Yucatan Peninsula: 'The move by Monsanto, farmers say, continues a corporate agenda made possible through the 1994 North American Free Trade Agreement.' ",mintpress.net,http://www.mintpress.net/mexican-farmers-fear-losing-traditions-livelihood-as-monsanto-wins-gmo-planting-rights/
2012-08-04,01:37:29,xmk4t,139,North Koreans in desperate need of food after floods - CNN.com,cnn.com,http://www.cnn.com/2012/08/03/world/asia/north-korea-floods/
2012-08-04,16:24:20,xnvxd,133,"India plans to send a probe to mars and a wheeled 
rover to the moon.",ndtv.com,http://www.ndtv.com/article/india/india-s-space-mission-to-send-a-satellite-to-mars-251031
2012-08-05,00:27:23,xo8md,119,"Himachal Pradesh to Give Solar Lamps at Remote Non-Electrified Villages - Solar lanterns are to be distributed among sheep & goat breeders in remote & tribal areas. About 4,337 lanterns will be provided by Himurja, a state-run agency that's promoting use of non-conventional energy.",timesofindia.indiatimes.com,http://timesofindia.indiatimes.com/home/environment/the-good-earth/Himachal-Pradesh-to-give-solar-lamps-at-remote-villages/articleshow/15352015.cms
2012-08-04,12:26:28,xnlyi,122,Four children killed by Haiti witch doctor: official,france24.com,http://www.france24.com/en/20120803-four-children-killed-haiti-witch-doctor-official
2012-08-04,10:50:39,xnh5n,101,Acid attacks against women on the rise in Colombia,washingtonpost.com,http://www.washingtonpost.com/world/the_americas/acid-attacks-rising-in-colombia/2012/08/03/e8c85528-c843-11e1-9634-0dcc540e7171_story.html?tid=sm_btn_reddit
2012-08-04,17:17:42,xnxig,85,U.N. to send first food aid to flood-hit North Korea,news.yahoo.com,http://news.yahoo.com/u-n-send-first-food-aid-flood-hit-075627262.html
2012-08-04,10:28:22,xng0n,82,"As sanctions decimate Iranian middle class, people are becoming more dependent on the state and more ""fearful of engaging in civil activism""",mideast.foreignpolicy.com,http://mideast.foreignpolicy.com/posts/2012/08/02/sanctions_cripple_irans_middle_class_not_the_regime
2012-08-05,05:30:32,xonas,69,Egypt demands release of Guantanamo detainee ,washingtonpost.com,http://www.washingtonpost.com/world/egypt-demands-release-of-guantanamo-detainee/2012/08/03/7fac84a0-dd9d-11e1-8ad1-909913931f71_story.html
2012-08-04,23:43:28,xo6uw,61,"Scores of Iranian pilgrims abducted in Damascus - Bus with 48 Iranians  missing. The pilgrims were seized by ""armed groups"" on the Damascus airport road as they returned from a religious shrine.",in.reuters.com,http://in.reuters.com/article/2012/08/04/syria-crisis-iran-kidnapping-idINL6E8J438A20120804
2012-08-05,01:47:42,xoc54,56, France has seized the £118 million Paris mansion of Equatorial Guinea leader Teodoro Obiang Nguema's family as part of a corruption investigation involving his son ,telegraph.co.uk,http://www.telegraph.co.uk/news/worldnews/africaandindianocean/equatorialguinea/9450158/France-seizes-118-million-mansion-of-Equatorial-Guinea-leaders-family.html
2012-08-04,10:58:23,xnhjw,47,"Pussy Riot trial 'worse than Soviet era': Judge refuses to allow 10 defence witnesses while lawyer claims women are being tortured with lack of food and sleep
",guardian.co.uk,http://www.guardian.co.uk/world/2012/aug/03/pussy-riot-trial-russia
2012-08-04,18:19:10,xnyyq,42,Iran tests upgraded version of short-range missile,news.yahoo.com,http://news.yahoo.com/iran-tests-upgraded-version-short-range-missile-070247870.html
2012-08-04,15:08:18,xntc9,36,"In Afghanistan, U.S. Packs War Gear for the Movers l NYTimes.com",nytimes.com,https://www.nytimes.com/2012/08/04/world/asia/in-afghanistan-us-packs-war-gear-for-the-movers.html?_r=1&hp
2012-08-04,01:55:10,xmlaf,35,"After Warnings of an Olympic Crush, Businesses Suffer in a Deserted London",nytimes.com,http://www.nytimes.com/2012/08/03/sports/olympics/after-warnings-of-an-olympic-crush-businesses-suffer-in-a-deserted-london.html?_r=1&smid=pl-share
2012-08-05,01:40:26,xobss,34,U.S. Discreetly Planning for Post-Assad Syria,nytimes.com,http://www.nytimes.com/2012/08/05/world/middleeast/state-dept-and-pentagon-planning-for-post-assad-syria.html
2012-08-04,20:51:25,xo216,26,"Poland considers asking repayment of a 400-year-old loan taken out by Spanish King Phillip II.  The original 430,000 Gold Ducat loan is valued at 56.7 million Euros in today's money before computing interest.",turkishweekly.net,http://www.turkishweekly.net/news/139725/poland-could-request-ancient-debt-from-spain.html
2012-08-04,19:23:31,xo09p,25,"Pussy Riot trial: Vladimir Putin calls for leniency - Speaking in London, Russian president says he hopes the court will deliver a 'correct, well-founded ruling'
",guardian.co.uk,http://www.guardian.co.uk/world/2012/aug/03/pussy-riot-trial-vladimir-putin
2012-08-04,14:18:52,xnraq,24,"Russia denies plans to send ships to Syria, says Annan needs to be ‘urgently’ replaced",english.alarabiya.net,http://english.alarabiya.net/articles/2012/08/03/230168.html
2012-08-04,17:42:36,xny4b,22,"UK cops: Body identified as missing oil executive
",worldnews.nbcnews.com,http://worldnews.nbcnews.com/_news/2012/08/03/13106634-uk-cops-body-identified-as-missing-oil-executive?lite&__utma=238145375.381212369.1344054525.1344054525.1344054525.1&__utmb=238145375.1.10.1344054525&__utmc=238145375&__utmx=-&__utmz=238145375.1344054525.1.1.utmcsr=google|utmccn=%28organic%29|utmcmd=organic|utmctr=international%20breaking%20news%20today&__utmv=238145375.|8=Earned%20By=msnbc|world%20news=1^12=Landing%20Content=Mixed=1^13=Landing%20Hostname=www.msnbc.msn.com=1^30=Visit%20Type%20to%20Content=Earned%20to%20Mixed=1&__utmk=123814601
