2012-06-12,09:25:13,ux1u3,2379,Gallup Poll: 57% of Chinese believe environmental protection should be their country's top priority,gallup.com,http://www.gallup.com/poll/155102/Majority-Chinese-Prioritize-Environment-Economy.aspx
2012-06-12,01:04:13,uwatl,1852,"$28 cabbage, $65 chicken, $100 case of water and other insane food prices in Northern Canada ",grist.org,http://grist.org/list/28-cabbage-65-chicken-and-other-insane-food-prices-in-northern-canada-2/
2012-06-12,20:25:45,uxs2k,1532,Putin opponents march in Moscow,bbc.co.uk,http://www.bbc.co.uk/news/world-europe-18405306
2012-06-12,23:06:15,uxxoa,1381,Police bar 3 veiled women from entering France ,hosted.ap.org,http://hosted.ap.org/dynamic/stories/E/EU_FRANCE_ISLAMIC_VEILS?SITE=AP
2012-06-12,22:21:39,uxvsk,781,Falkland Islands to hold referendum on sovereignty,bbc.co.uk,http://www.bbc.co.uk/news/uk-18412195
2012-06-12,15:50:17,uxkzy,691,"Syrian rebels seize key military base, reportedly have surface-to-air missiles aimed at Bashar's palace and are threatening to fire | Reuters (video)",reuters.com,http://www.reuters.com/video/2012/06/12/syrian-rebels-seize-military-base?videoId=235935378&videoChannel=117760
2012-06-12,23:16:02,uxy48,570,Tens of thousands of Russians flooded Moscow's tree-lined boulevards in the first massive protest against Putin's rule since his inauguration,apnews.myway.com,http://apnews.myway.com/article/20120612/D9VBHJH01.html
2012-06-12,00:27:14,uw8y3,541,China topped USA in renewable energy investment in 2011,usatoday.com,http://www.usatoday.com/money/industries/energy/story/2012-06-11/Renewable-energy-investment/55517876/1
2012-06-12,17:07:10,uxnc5,323,Queensland's same-sex civil unions laws will be amended so couples can no longer have a ceremony that 'emulates marriage'.,bigpondnews.com,http://bigpondnews.com/articles/TopStories/2012/06/12/QLD_civil_union_law_change_760225.html
2012-06-12,00:09:40,uw83p,223,NATURE magazine: Earth Facing Imminent Environmental 'Tipping Point',nature.com,http://www.nature.com/nature/journal/v486/n7401/full/nature11018.html
2012-06-12,20:10:19,uxrnk,224,"Tens of thousands in 'March of millions' Moscow protest (PHOTOS, VIDEO)",rt.com,http://rt.com/news/moscow-opposition-protest-putin-611
2012-06-12,22:37:55,uxwg1,193,Police bar 3 veiled women from entering France,usatoday.com,http://www.usatoday.com/news/world/story/2012-06-12/France-bars-veiled-women/55546934/1
2012-06-12,19:53:28,uxr74,115,Greeks Ask EU: why does Spain get a better deal?,independent.co.uk,http://www.independent.co.uk/news/world/europe/greeks-ask-eu-why-does-spain-get-a-better-deal-7837031.html
2012-06-12,15:49:00,uxkyc,120,"Results confirm, a dingo ate her baby",latimes.com,"http://www.latimes.com/news/nationworld/world/la-fg-dingo-baby-20120612,0,3673524.story?track=rss&utm_source=feedburner&utm_medium=feed&utm_campaign=Feed%3A+latimes%2Fnews%2Fnationworld%2Fworld+%28L.A.+Times+-+World+News%29"
2012-06-12,10:24:57,ux51r,112,"Two 15 year old girls, charged with luring other teenage girls into prostitution.",thestar.com,http://www.thestar.com/news/canada/article/1209702--ottawa-teen-girls-charged-with-prostitution-abduction
2012-06-12,08:43:05,uwzoo,100,Greek politician who attacked rivals on TV avoids arrest because he was not apprehended by midnight of the next day.,worldnews.msnbc.msn.com,http://worldnews.msnbc.msn.com/_news/2012/06/11/12168468-greek-politician-who-attacked-rivals-on-tv-sues-victims-for-defamation?lite
2012-06-13,07:57:38,uys5u,99,"After 115 Years Together, Tortoises Go Their Separate Ways",shine.yahoo.com,http://shine.yahoo.com/love-sex/115-years-together-tortoises-separate-ways-182500381.html
2012-06-12,06:33:39,uwsyc,76,"China tells US embassies to stop tweeting about air quality, citing that Chinese standards are lower than US ones because China is a developing country",news.yahoo.com,http://news.yahoo.com/china-tells-us-stop-tweets-beijings-bad-air-150729962--finance.html
2012-06-12,23:50:24,uxzr1,74,Assange asks for extradition case to be reopened:  Lawyers for WikiLeaks founder Julian Assange have asked the British Supreme Court to re-open the appeal against his extradition to Sweden. ,abc.net.au,http://www.abc.net.au/news/2012-06-12/lawyers-ask-for-assange27s-case-to-be-repoened/4067116
2012-06-12,08:47:14,uwzvw,68,"Iran starts exporting electricity to power-starved Iraq. Iraq continues to suffer massive power shortages due to poor infrastructure, a lack of funds, political disorganization, and the effects of the recent US-led war.",globalpost.com,http://www.globalpost.com/dispatch/news/regions/middle-east/iran/120610/iran-starts-exporting-electricity-power-starved-iraq-r
2012-06-12,20:48:06,uxspq,59,"'Thousands' protest in Moscow against Putin:  Thousands protest Russian president's third term, a day after police raid homes of opposition activists.",aljazeera.com,http://www.aljazeera.com/news/europe/2012/06/201261293938264131.html
2012-06-12,23:18:24,uxy80,44,Pakistan frenzy over 'gold' rupee coins  - Telegraph,telegraph.co.uk,http://www.telegraph.co.uk/news/worldnews/asia/pakistan/9326752/Pakistan-frenzy-over-gold-rupee-coins.html
2012-06-13,00:56:03,uy37f,45,WikiLeaks' Julian Assange has asked Britain's Supreme Court to re-open his appeal against extradition to Sweden,google.com,http://www.google.com/hostednews/afp/article/ALeqM5gWK0Vyv5q1kj_TT3xIyi_wFgd_Tw?docId=CNG.4ececa7aed7d952ea045d8458a32d85a.3b1
2012-06-12,16:58:51,uxn39,46,Spain Is In A 'Vicious Downward Spiral' Right Now,businessinsider.com,http://www.businessinsider.com/joseph-stiglitz-spain-is-in-a-vicious-downward-spiral-right-now-2012-6
2012-06-13,01:33:38,uy5a3,41,Bangladesh has refused 14 boats carrying 550 Rohingya Muslims fleeing sectarian violence in Myanmar,google.com,http://www.google.com/hostednews/afp/article/ALeqM5i40YzyW6WdRgJX3xI1XGIMlbH5CQ?docId=CNG.faf8df20a253202de74b7bc7ee29c335.a01
2012-06-12,02:55:42,uwgj1,25,"Afghan governor, angered by deaths of US soldiers in his area, led Afghan forces to track down their killers",fayobserver.com,http://www.fayobserver.com/articles/2012/06/11/1181681?sac=fo.local
2012-06-12,01:50:46,uwd0m,20,"Cleanup of Latest Canadian Oil Spill Will Take Months: Landowners, farmers along the river are furious with oil and pipeline companies",commondreams.org,https://www.commondreams.org/headline/2012/06/10-2
2012-06-12,12:28:19,uxbq3,18,"Who Will Save Spain? - 

A guide for those perplexed by Europe’s latest bailout


",newyorker.com,http://www.newyorker.com/online/blogs/johncassidy/2012/06/the-spanish-bailout-a-guide-for-the-perplexed.html
2012-06-12,04:11:33,uwksa,20,Greek neo-Nazi Golden Dawn MP slaps female leftist politician in the face on live television. And now he's suing her.,news.nationalpost.com,http://news.nationalpost.com/2012/06/07/greek-neo-nazi-golden-dawn-mp-slaps-female-leftist-politician-in-the-face-on-live-television/
2012-06-12,23:11:54,uxxxo,20,Warner Bros launches $155 million UK movie studio,reuters.com,http://www.reuters.com/article/2012/06/12/entertainment-us-warner-ukstudio-idUSBRE85B0RH20120612
