2012-10-23,22:10:12,11xztk,3298,"A 28-year-old Tunisian who was caught on security camera stealing from a man who had fallen onto the tracks on the Stockholm subway and then leaving him to be hit by a train was sentenced to prison, deportation",news.nationalpost.com,http://news.nationalpost.com/2012/10/23/thief-who-robbed-swedish-man-who-fell-onto-subway-tracks-sentenced-to-prison-deportation/
2012-10-23,00:59:04,11weyv,1872,World's oldest survivor of Auschwitz dies at 108,usatoday.com,http://www.usatoday.com/story/news/world/2012/10/22/worlds-oldest-survivor-of-auschwitz-dies-at-108/1649427/?utm_source=twitterfeed&utm_medium=twitter&utm_campaign=Feed%3A+usatoday-NewsTopStories+%28News+-+Top+Stories%29
2012-10-23,07:39:02,11wmtf,1653,Italian Scientists sentenced to jail for failing to predict earthquake.,csmonitor.com,http://www.csmonitor.com/World/Backchannels/2012/1022/Earthquake-predictions-and-a-triumph-of-scientific-illiteracy-in-an-Italian-court
2012-10-23,22:18:37,11y06x,1261,Uruguay plans to legalise marijuana under state monopoly,guardian.co.uk,http://www.guardian.co.uk/world/2012/oct/23/jose-mujica-uruguay-legalise-cannabis
2012-10-23,19:44:15,11xumm,1201,Survey: Most Israeli Jews would support apartheid regime in Israel,haaretz.com,http://www.haaretz.com/news/national/survey-most-israeli-jews-would-support-apartheid-regime-in-israel.premium-1.471644
2012-10-23,21:40:27,11xyjp,405,Russia accuses U.S. of human rights abuses ,latimes.com,"http://www.latimes.com/news/nationworld/world/la-fg-russia-us-rights-20121023,0,6983739.story"
2012-10-23,22:41:21,11y18u,357,The head of Italy's disaster body quits in protest after seven colleagues were sentenced for their roles before the L'Aquila quake,bbc.co.uk,http://www.bbc.co.uk/news/world-europe-20039769
2012-10-23,22:14:27,11y00t,274,Irish boy thrilled at 'message in a bottle' from Quebec,montrealgazette.com,http://www.montrealgazette.com/Irish+thrilled+message+bottle+from+Quebec/7428987/story.html
2012-10-23,07:50:53,11wnfi,264,"Israel's former Mossad chief urges dialogue with Iran, calls Obama policy 'brave'",haaretz.com,http://www.haaretz.com/news/diplomacy-defense/israel-s-former-mossad-chief-urges-dialogue-with-iran-calls-obama-policy-brave-1.471592
2012-10-23,21:36:47,11xye7,226,"Israeli poll finds majority in favour of 'apartheid' policies: 2/3s say Palestinians should not be allowed to vote if West Bank was annexed, while 3/4 favour segregated roads",guardian.co.uk,http://www.guardian.co.uk/world/2012/oct/23/israeli-poll-majority-apartheid-policies
2012-10-23,18:06:55,11xrwq,204,"Syrian Rebels Detonate Car Bomb As Christians Head To Sunday Mass, 10 Killed",telegraph.co.uk,http://www.telegraph.co.uk/news/worldnews/middleeast/syria/9624753/Syria-car-bomb-kills-10-in-Christian-quarter-of-Damascus.html
2012-10-23,00:40:14,11we3d,155,"IMF's epic plan to conjure away debt and dethrone bankers: So there is a magic wand after all. A revolutionary paper by the IMF claims that one could eliminate the net public debt of the US at a stroke, and by implication do the same for Britain, Germany, Italy, or Japan",telegraph.co.uk,http://www.telegraph.co.uk/finance/comment/9623863/IMFs-epic-plan-to-conjure-away-debt-and-dethrone-bankers.html
2012-10-23,00:30:42,11wdgf,147,"Italian court convicts 7 scientists, experts of failing to warn of deadly 2009 earthquake.",abcnews.go.com,http://abcnews.go.com/International/wireStory/government-spokesman-security-guards-stop-stabbing-attempt-finlands-17534453#.UIVmmcXA_dM
2012-10-23,09:30:21,11wxdb,126,"Voters in Iceland back new constitution, more resource control
| Reuters",reuters.com,http://www.reuters.com/article/2012/10/21/iceland-referendum-idUSL5E8LK1TE20121021
2012-10-23,19:02:59,11xtgl,104,Icelandic Constitutional Referendum:  Resources Not Privately Owned to Become Public Property.,icelandreview.com,http://icelandreview.com/icelandreview/daily_news/Referendum_Eighty_Percent_Want_Natural_Resources_Declared_National_Property_0_394572.news.aspx
2012-10-23,01:54:59,11win1,105,"Evidence of Viking Outpost Found in Canada -  Digging in the ruins of a centuries-old building, archaeologists found some very intriguing whetstones. Wear grooves bear traces of copper alloys such as bronze—materials known to have been made by Viking metalsmiths but unknown among native inhabitants.",news.nationalgeographic.com,http://news.nationalgeographic.com/news/2012/10/121019-viking-outpost-second-new-canada-science-sutherland/
2012-10-23,16:15:51,11xolk,97,"Killer Disease Reaches Uganda Capital - Highly  contagious & deadly  Marburg virus, a cousin of Ebola,  spread after an infected woman visited the city.    It's  transmitted through bodily fluids or infected wild animals.  Symptoms include severe headache followed by haemorrhaging.",news.yahoo.com,http://news.yahoo.com/killer-disease-reaches-uganda-capital-five-dead-052119597.html
2012-10-23,17:50:33,11xrgf,87,Now Piers Morgan’s Mirror and The People accused of phone hacking,independent.co.uk,http://www.independent.co.uk/news/media/press/now-piers-morgans-mirror-and-the-people-accused-of-phone-hacking-8222000.html
2012-10-23,21:41:02,11xykk,70,Malala Isn't Alone: Another Pakistani Girl's Dream ,npr.org,http://www.npr.org/2012/10/23/163367783/malala-isnt-alone-another-pakistani-girls-dream
2012-10-23,10:24:35,11x1zc,61,Coast guard saves 64 Chinese seamen from burning freighter,japantoday.com,http://www.japantoday.com/category/national/view/coast-guard-saves-64-chinese-seamen-from-burning-freighter
2012-10-23,20:02:18,11xv6i,40,Japanese justice minister resigns over organised crime links,telegraph.co.uk,http://www.telegraph.co.uk/news/worldnews/asia/japan/9627065/Japanese-justice-minister-resigns-over-organised-crime-links.html
2012-10-23,07:27:19,11wmh6,39,Egypt TV host gets jail term for insulting president,swissinfo.ch,http://www.swissinfo.ch/eng/news/international/Egypt_TV_host_gets_jail_term_for_insulting_president.html?cid=33787352
2012-10-23,19:36:56,11xueq,38,Battle of Britain veteran who bailed out of his Spitfire over the English Channel dies aged 99,guardian.co.uk,http://www.guardian.co.uk/uk/2012/oct/23/battle-of-britain-veteran-dies-99
2012-10-23,21:09:49,11xxfj,30,"The general public unwittingly donated thousands of pounds to a group of men planning to carry out suicide attacks in Britain, a court has heard.",bbc.co.uk,http://www.bbc.co.uk/news/uk-20040835
2012-10-23,21:30:40,11xy5k,28,Indian bureaucrat hounded out of office 43 times for fighting graft - The Washington Post,washingtonpost.com,http://www.washingtonpost.com/world/indian-bureaucrat-hounded-out-of-office-43-times-for-fighting-graft/2012/10/22/b2f61884-1949-11e2-aa6f-3b636fecb829_story.html?hpid=z6
2012-10-23,10:18:44,11x1hj,24,World sea piracy falls to lowest level since 2008,msnbc.msn.com,http://www.msnbc.msn.com/id/49502440/ns/world_news-africa/t/world-sea-piracy-falls-lowest-level/
2012-10-23,20:02:46,11xv7a,28,Lebanon army deploys in Beirut and Tripoli,bbc.co.uk,http://www.bbc.co.uk/news/world-middle-east-20040742
2012-10-23,10:30:19,11x2gc,25,Police admit 'overreacting' at Marikana:  Officials say shooting of 34 miners by police 'may have been disproportionate' to the danger faced by officers.,aljazeera.com,http://www.aljazeera.com/news/africa/2012/10/2012102292625338940.html
2012-10-23,22:30:33,11y0rl,21,Qatar emir pledges $400m on landmark visit to Gaza,bbc.co.uk,http://www.bbc.co.uk/news/world-middle-east-20037203/
2012-10-23,09:00:56,11wur3,19,"Canada-China FIPPA agreement may be unconstitutional, treaty law expert says
",vancouverobserver.com,http://www.vancouverobserver.com/politics/canada-china-fippa-agreement-unconstitutional-treaty-law-expert-says
