2012-02-24,07:09:56,q37hb,1444,Report: London no safer for all its CCTV cameras,csmonitor.com,http://www.csmonitor.com/World/Europe/2012/0222/Report-London-no-safer-for-all-its-CCTV-cameras
2012-02-24,00:17:32,q2mnb,1235,"Woman ""unknowingly"" scams more than $30,000 from Nigerian scam artists",theatlanticwire.com,http://www.theatlanticwire.com/global/2012/02/when-nigerian-scammers-get-scammed/49079/
2012-02-24,21:34:42,q40uc,1102,Lack of Vatican co-operation over child sex abuse led to closure of embassy,irishtimes.com,http://www.irishtimes.com/newspaper/opinion/2012/0224/1224312304156.html
2012-02-24,14:04:07,q3qev,1063,2 teens sent to prison for S. Korean bullying suicide,cnn.com,http://www.cnn.com/2012/02/20/world/asia/south-korea-bullying-sentence/index.html?eref=rss_world&utm_source=feedburner&utm_medium=feed&utm_campaign=Feed%3A+rss%2Fcnn_world+%28RSS%3A+World%29
2012-02-24,09:52:09,q3f0t,562,Mexican scientists successfully test vaccine that could cut heroin addiction,guardian.co.uk,http://www.guardian.co.uk/world/2012/feb/24/mexican-scientists-test-heroin-vaccine
2012-02-24,22:27:41,q42gk,463,Crisis in Syria Looks Very Different on Satellite Channels Owned by Russia and Iran,thelede.blogs.nytimes.com,http://thelede.blogs.nytimes.com/2012/02/10/crisis-in-syria-looks-very-different-on-satellite-channels-owned-by-russia-and-iran/
2012-02-24,02:57:43,q2uqh,228,"Japan Earthquake: Before and After [pics]
",theatlantic.com,http://www.theatlantic.com/infocus/2012/02/japan-earthquake-before-and-after/100251/
2012-02-24,19:51:03,q3yjt,205,BBC News - Dutch prince Johan Friso may never wake up,bbc.co.uk,http://www.bbc.co.uk/news/world-europe-17153623
2012-02-24,10:35:05,q3h1u,198,Sources: Arab nations arming Syrian opposition,cnn.com,http://www.cnn.com/2012/02/23/world/meast/syria-unrest/index.html
2012-02-24,21:46:08,q4169,113,Protests over Koran Burning - Germany Closes Afghan Military Base Early,spiegel.de,"http://www.spiegel.de/international/world/0,1518,817370,00.html"
2012-02-24,22:28:38,q42hm,80,"In Iran, nationalism stirs: Faced with sanctions and talk of war, some Iranians are turning inward.",globalpost.com,http://www.globalpost.com/dispatch/news/regions/middle-east/120223/iran-nationalism-stirs
2012-02-24,09:26:54,q3dw7,73,Israeli Court Rules To End Military Exemption for the Ultra Orthodox.,nytimes.com,http://www.nytimes.com/2012/02/23/world/middleeast/israeli-court-invalidates-a-military-exemption.html?_r=1&scp=4&sq=israel&st=cse
2012-02-24,19:24:10,q3y1n,71,"European Central Bank President Mario Draghi warned beleaguered euro-zone countries that there is no escape from tough austerity measures and that the Continent's traditional social contract is ""gone"".",online.wsj.com,http://online.wsj.com/article/SB10001424052970203960804577241221244896782.html?mod=WSJ_hp_LEFTTopStories
2012-02-24,03:24:57,q2w5l,64,BBC News - Donald Trump accused of bullying Scottish government,bbc.co.uk,http://www.bbc.co.uk/news/uk-scotland-17141325
2012-02-24,03:02:46,q2uzz,65,Iran holds up access to Parchin for better IAEA deal. It is ready to offer access to any sites requested by the agency as part of an agreement under which the IAEA would stop accusing Iran of carrying out covert nuclear weapons experiments.,ipsnews.net,http://ipsnews.net/news.asp?idnews=106863
2012-02-25,05:19:25,q4l41,56,"A president refusing to give up power despite advancing age and legal limits. Young men in the streets throwing rocks at the police while choking on tear gas. That situation was not supposed to happen in Senegal, a rare part of West Africa where free voting has occurred since the late 19th century.",nytimes.com,http://www.nytimes.com/2012/02/24/world/africa/senegal-election-troubled-by-atypical-unrest.html
2012-02-24,13:24:18,q3ot8,58,Family of three die from apparent starvation in Japan,guardian.co.uk,http://www.guardian.co.uk/world/2012/feb/24/family-die-starvation-japan
2012-02-24,00:14:50,q2mj7,57,News Corp to avoid trial after one hacking case settled - The British newspaper arm of Rupert Murdoch's empire will be spared an embarrassing trial after singer Charlotte Church agreed to a settlement  over phone-hacking scandal,reuters.com,http://www.reuters.com/article/2012/02/23/us-newscorp-hacking-church-idUSTRE81M14Y20120223
2012-02-25,01:51:15,q4b0n,57,"When Disposing Of Sacred Texts, Respect is Key  - 
Many religious leaders agree that burial is the most reverent way to handle sacred text",npr.org,http://www.npr.org/2012/02/24/147321213/how-to-properly-dispose-of-sacred-texts
2012-02-25,02:15:54,q4c82,53,"
 
Oil-sands vote ends in deadlock - European Union states fail to agree on whether to recognize oil sands, such as those in Canada, as high polluters",nature.com,http://www.nature.com/news/oil-sands-vote-ends-in-deadlock-1.10104
2012-02-24,22:26:56,q42fp,49,China deports North Korean defectors: Activists say the North Korean refugees face death and beatings back home,globalpost.com,http://www.globalpost.com/dispatch/news/regions/asia-pacific/china/120224/china-deports-north-korean-defectors-despite-fears-t
2012-02-24,21:13:49,q40c6,44,"Incredible Footage Reveals Life Under Siege in Homs, Syria -- The 11-minute report shows mourners rallying over dead bodies without coffins, children suffering from shrapnel wounds in makeshift hospitals, and armed fighters doing battle with government snipers in the street.",theatlanticwire.com,http://www.theatlanticwire.com/global/2012/02/incredible-footage-reveals-life-under-siege-homs-syria/49118/#.T0eM_CVW9Ow.reddit
2012-02-24,22:11:10,q41xl,42,"Predictions For Syria --- 


Deeply troubling assessment from reporter recently back from two-month assignment. Regime can survive for a long time. ""Syria is crumbling before our eyes, and a thoroughly modern nation is likely to be set back many decades""",aljazeera.com,http://www.aljazeera.com/indepth/features/2012/02/2012222101046608700.html
2012-02-24,17:20:57,q3vol,43,​​S​o​m​a​l​i​a​ ​'​a​i​r​ ​s​t​r​i​k​e​ ​k​i​l​l​s​ ​f​o​r​e​i​g​n​ ​a​l​-​S​h​a​b​a​b​ ​m​i​l​i​t​a​n​t​s​'. It is unknown who carried out the attack. ,bbc.co.uk,http://www.bbc.co.uk/news/world-africa-17152158
2012-02-25,00:35:47,q47k0,34,Burma's Military 'As Abusive as Ever',rfa.org,http://www.rfa.org/english/news/burma/abusive-02232012165943.html
2012-02-24,13:18:40,q3ojz,35,Japan's nuclear problem endemic and widespread; goes much further than Fukushima,reuters.com,http://www.reuters.com/article/2012/02/24/us-japan-nuclear-waste-idUSTRE81N08P20120224?feedType=RSS&feedName=worldNews&utm_source=dlvr.it&utm_medium=twitter&dlvrit=286409
2012-02-24,22:31:41,q42lr,38,Seventeen Scottish skippers and a processing firm have received fines totalling almost £1m for their part in the UK's biggest fraud involving illegal catches of fish,bbc.co.uk,http://www.bbc.co.uk/news/uk-scotland-north-east-orkney-shetland-17153085
2012-02-24,20:25:47,q3z96,34,"Afghan protesters march towards presidential palace

",reuters.com,http://www.reuters.com/article/2012/02/24/us-afghanistan-korans-idUSTRE81K09T20120224
2012-02-24,11:51:03,q3kpe,31,The Thorn in Japan-Russia Ties:  Japan and Russia would undoubtedly benefit from finding a resolution to the dispute over the Kuril Islands. But domestic pressure is holding them back.,the-diplomat.com,http://the-diplomat.com/2012/02/24/the-thorn-in-japan-russia-ties/?all=true
2012-02-25,05:12:09,q4kqv,28,"Italy's policy of returning asylum-seekers intercepted in international waters to Libya violated European Convention on Human Rights, court rules.",europeanvoice.com,http://www.europeanvoice.com/article/2012/february/human-rights-court-slams-italian-migration-policy/73682.aspx
