2012-11-20,22:22:37,13ici8,2807,"Israel air force drops leaflets across Gaza City warning residents to evacuate homes ""immediately""",dailystar.com.lb,http://www.dailystar.com.lb/News/Middle-East/2012/Nov-20/195685-israel-army-leaflet-warns-gazans-to-leave-homes.ashx#axzz2ClyME0Z1
2012-11-20,01:11:33,13ghhf,2625,"Trump hotel in Canada failing, investors suing after 7 years and no building",thestar.com,http://www.thestar.com/business/article/1289698--trump-tower-developer-suing-7-disgruntled-investors-to-close-deals-they-now-regret
2012-11-20,21:36:39,13ian7,1973,"""The rising scream of pain emanating from the people of eastern Congo, trapped in a horrific and accelerating cycle of murder, mutilation, rape, exploitation and mass displacement, is barely heard.""",guardian.co.uk,http://www.guardian.co.uk/commentisfree/2012/nov/19/agony-congo-drc?CMP=twt_gu
2012-11-20,08:45:44,13hbzh,1535,France Stripped Of Prized 'AAA' Credit Rating By Moody's,telegraph.co.uk,http://www.telegraph.co.uk/finance/financialcrisis/9689457/France-stripped-of-prized-AAA-credit-rating-by-Moodys.html
2012-11-20,16:17:35,13i1em,519,The day I saw 248 girls suffering genital mutilation,guardian.co.uk,http://www.guardian.co.uk/society/2012/nov/18/female-genital-mutilation-circumcision-indonesia
2012-11-20,04:57:33,13gwhl,455,Australia 'cracked top-secret US jet fighter codes',news.com.au,http://www.news.com.au/top-stories/australia-cracked-top-secret-us-jet-fighter-codes/story-e6frfkp9-1111114463556
2012-11-20,07:23:38,13h6kn,337,"The British government’s increasingly obstinate stance on criminalizing insults seems to have finally offended the public. Now an official movement, the Reform Section 5 campaign, is drawing support from all levels of society.",rt.com,http://rt.com/news/uk-free-speech-section-5-058/
2012-11-20,21:27:42,13iaa2,330,"As Hamas confronts Israel, its Arab support swells - ",csmonitor.com,http://www.csmonitor.com/World/Middle-East/2012/1119/As-Hamas-confronts-Israel-its-Arab-support-swells
2012-11-20,19:46:02,13i75l,326,110 UN countries back ending death penalty,news24.com,http://www.news24.com/World/News/UN-countries-back-ending-death-penalty-20121120
2012-11-20,09:16:48,13he4b,277,Billionaire Indian Brothers kill each other after an argument escalated into a gun fight ,nytimes.com,http://www.nytimes.com/2012/11/19/world/asia/killing-of-businessman-gurdeep-singh-chadha-stuns-india.html?ref=asia
2012-11-20,23:51:33,13igz0,243,Moscow Bans 'Political Repression' Protest - 'No Such Thing',en.rian.ru,http://en.rian.ru/russia/20121120/177611299.html
2012-11-20,06:53:35,13h4im,210,"A chilling article by Gilad Sharon, son of the former Israeli prime minister, in the Jerusalem Post says Israel must ""flatten Gaza"" like the US flattened Japan.",newstatesman.com,http://www.newstatesman.com/politics/2012/11/israel-must-flatten-gaza-us-flattened-japan-says-sharons-son
2012-11-20,14:24:55,13hx32,200,France ends combat mission in Afghanistan,theaustralian.com.au,http://www.theaustralian.com.au/news/breaking-news/france-ends-combat-mission-in-afghanistan/story-fn3dxix6-1226520577462
2012-11-20,14:06:01,13hw5p,185,"More than 1,000 new coal plants planned worldwide, figures show. The huge planned expansion comes despite warnings from politicians, scientists and campaigners that the planet's fast-rising carbon emissions must peak within a few years if runaway climate change is to be avoided",guardian.co.uk,http://www.guardian.co.uk/environment/2012/nov/20/coal-plants-world-resources-institute
2012-11-20,01:37:35,13gj3v,165,US defends Israeli attacks on Gaza at UN,news24.com,http://www.news24.com/World/News/US-defends-Israeli-attacks-on-Gaza-at-UN-20121115#.UKoxJ94bCB8.facebook
2012-11-20,17:05:31,13i2tk,166,"MP Peter Lilley has received over $400,000 in oil company share options - 
Analysis shows full extent of climate sceptic's financial interests in oil industry & places committee role under further scrutiny",guardian.co.uk,http://www.guardian.co.uk/environment/2012/nov/20/peter-lilley-oil-company-shares
2012-11-20,13:58:36,13hvr3,143,"Mob's racist tirade against bus passenger caught on camera; Melbourne, Australia
			News.com.au",news.com.au,http://www.news.com.au/national/mobs-racist-tirade-against-bus-passenger-caught-on-camera/story-fndo4eg9-1226520297129
2012-11-20,16:49:59,13i2dq,124,New law in India seek to help untouchables by banning contruction of nonflushing toliets or hiring them to remove human excrement by hand,google.com,http://www.google.com/hostednews/afp/article/ALeqM5jEpYTU1WvVgV01AWsWKJVxge3ZFA?docId=CNG.cda5c6eed46de2d9a877d450fe906620.661
2012-11-20,21:07:16,13i9kd,123,Widower calls for independent investigation into death of Savita Halappanavar -- criticises investigation by Health Service Executive because the team appointed includes employees from Galway University Hospital where his wife died,independent.co.uk,http://www.independent.co.uk/news/world/europe/widower-calls-for-independent-investigation-into-death-of-savita-halappanavar-8335072.html
2012-11-20,15:25:15,13hzm2,113,Canada Introduces tougher Anti-Cannabis Laws,aljazeera.com,http://www.aljazeera.com/video/americas/2012/11/201211191472960319.html
2012-11-20,08:28:23,13havr,93,"After Savita Halappanavar's death, the brutal irony of 'pro-life' is exposed",guardian.co.uk,http://www.guardian.co.uk/commentisfree/2012/nov/19/savita-halappanavar-death-pro-life-abortion
2012-11-20,16:41:25,13i24c,85,"Poland has arrested a person it said was planning a terrorist attack targeting the country's parliament, president and government. Special conference at 9:00 GMT",reuters.com,http://www.reuters.com/article/2012/11/20/us-poland-attack-idUSBRE8AJ0BE20121120
2012-11-20,10:01:49,13hh7s,81,Moody's downgrades France's credit rating to AA1,guardian.co.uk,http://www.guardian.co.uk/world/2012/nov/20/moodys-downgrades-france-credit-rating
2012-11-20,16:39:24,13i21y,57,"Pakistan acquits girl of blasphemy charges
after police accused cleric of framing her",aljazeera.com,http://www.aljazeera.com/news/asia/2012/11/2012112061914152892.html
2012-11-20,09:10:08,13hdog,41,Paralyzed dogs walk again thanks to cell transplants,thestar.com,http://www.thestar.com/news/world/article/1290113--paralyzed-dogs-walk-again-thanks-to-cell-transplants
2012-11-20,19:57:09,13i7gr,37,"Egyptian troops have arrested more than 300 children during protests in Cairo over the past year, beating and torturing some of the children and trying many as adults",seattletimes.com,http://seattletimes.com/html/nationworld/2019714002_apmlegypt.html
2012-11-20,06:24:32,13h2hs,37,"Israeli offensive in Gaza was years in the making. With little notice, Israel has launched a blistering air offensive against the Gaza Strip’s ruling Hamas militant group. Here’s a look at why the violence erupted, the goals of the warring sides and how it may end",boston.com,http://www.boston.com/news/world/middle-east/2012/11/19/israeli-offensive-gaza-was-years-the-making/YISIWIRYYhM74DaoJDQppL/story.html
2012-11-20,16:54:04,13i2i9,32,"Outrage in India for arrests of woman who complained on Facebook about the shutdown of Mumbai for the funeral of a powerful politican and also the arrest of the woman who ""Liked"" it",bigstory.ap.org,http://bigstory.ap.org/article/outrage-india-over-arrests-facebook-post
2012-11-20,04:04:29,13gsq3,31,"Want permanent residency in Spain? Just buy a house worth more than $200,000",bigstory.ap.org,http://bigstory.ap.org/article/spains-bad-debt-ratio-record-107-percent
2012-11-20,18:57:28,13i5up,29," ""Knife Attack' at US Embassy in Tel Aviv -  An Israeli  armed with a knife & an axe  attacked a security guard at the entrance. The man was fighting ""6 or 7"" security guards before being wrestled to the ground. An Israeli police spokesman said the attack was likely not politically motivated.",bbc.co.uk,http://www.bbc.co.uk/news/world-20407503
