2012-01-15,21:49:09,ohyi7,1719,Monsanto to face biopiracy charges in India,greenmedinfo.com,http://www.greenmedinfo.com/article/monsanto-face-biopiracy-charges-india
2012-01-15,00:53:40,ogvwy,1621,Israeli intelligence officers have been posing as CIA agents to recruit Pakistani terrorists in a covert war with Iran,foreignpolicy.com,http://www.foreignpolicy.com/articles/2012/01/13/false_flag?tryagain
2012-01-15,18:31:49,ohvir,1263,Richard Dawkins celebrates a victory over creationists,guardian.co.uk,http://www.guardian.co.uk/education/2012/jan/15/free-schools-creationism-intelligent-design
2012-01-16,00:59:22,oi38q,749,"Israel flunks nuclear safety test - gets low marks on pervasiveness of corruption, legislation and quantities of nuclear material",haaretz.com,http://www.haaretz.com/print-edition/news/israel-flunks-nuclear-safety-test-but-ranks-above-iran-and-north-korea-1.407350
2012-01-15,01:17:26,ogwpq,676,"Iran accuses US and Britain of role in killing of nuclear scientist ... sent a diplomatic letter to the US saying that it has ""evidence and reliable information"" that the CIA provided ""guidance, support and planning"" to assassin",guardian.co.uk,http://www.guardian.co.uk/world/2012/jan/14/iran-accuses-us-britain-scientist
2012-01-15,14:03:59,ohpna,476,"Three dead, 40 missing in Italian ship disaster",reuters.com,http://www.reuters.com/article/2012/01/15/italy-ship-idUSL6E8CF01120120115
2012-01-15,20:36:45,ohxdz,435,"France steps forward with Robin Hood tax, a levy of between 0.01 and 0.1 percent on financial transactions, such as the trading of stocks and bonds",ipsnews.net,http://ipsnews.net/news.asp?idnews=106445
2012-01-16,07:08:13,oihra,320," Hong Kong Women Protest Against Mainland Mothers - Pregnant women & mothers pushing strollers took to the streets to oppose the growing number of mainland Chinese giving birth in the city, which has semi-autonomous status, entitling a child to rights of abode & education",google.com,http://www.google.com/hostednews/afp/article/ALeqM5gW2z1ozULHgCo7NPfIk6BNKgxQdw?docId=CNG.5cc787e57e8731d4ebf300c0b391aad6.9c1
2012-01-15,06:19:10,oh8qi,194,"Hungary far right demands exit from EU, burns flag at rally",reuters.com,http://www.reuters.com/article/2012/01/14/us-hungary-farright-demo-idUSTRE80D0PM20120114
2012-01-15,15:56:01,ohsnz,189,Russian aircraft-carrier arrives in Syria to Russia’s only military base outside the old Soviet Union bring relief to Syrian regime,economist.com,http://www.economist.com/node/21542793?fsrc=scn/tw/te/ar/waitandsea
2012-01-15,23:55:28,oi19k,133,"Do Some Cultures Have Their Own Ways Of Going Mad? --- 
""Arctic hysteria"" afflicts only Greenland Inuit. ""Dhat syndrome"" is peculiar to India. Cape Verdians fear ""sleeping blood"". What about Westerners? Are their mental illnesses also bound to national and local cultures?",articles.boston.com,http://articles.boston.com/2012-01-08/ideas/30596717_1_mental-illness-cultural-sensitivity-appendix
2012-01-15,02:24:30,ogz8o,130,The leader of Qatar has said that Arab troops should be sent to Syria to stop a deadly crackdown that has claimed the lives of thousands of people over the past 10 months.,huffingtonpost.com,http://www.huffingtonpost.com/2012/01/14/syria-uprising-qatar_n_1206383.html
2012-01-15,13:12:32,ohnzf,125,Couple rescued 24 hours after cruise ship capsizes off Italy,overheadbin.msnbc.msn.com,http://overheadbin.msnbc.msn.com/_news/2012/01/14/10156346-couple-rescued-24-hours-after-cruise-ship-capsizes-off-italy
2012-01-15,21:00:26,ohxpq,103,Iran vows retaliation against Israel for scientist,jpost.com,http://www.jpost.com/IranianThreat/News/Article.aspx?id=253693
2012-01-15,22:29:13,ohz7g,100,South Sudan Ethnic Massacres Follow Independence ,nytimes.com,http://www.nytimes.com/2012/01/13/world/africa/south-sudan-massacres-follow-independence.html?_r=2&sq=sudan&st=cse&scp=2&pagewanted=all
2012-01-16,00:03:20,oi1gq,90,"Warming To Life In The Hot Zone --- 
Two researchers head to a village in northern Kazakhstan to see what life is like on a former nuclear test site. Their first thought, on arrival? The inhabitants simply must be relocated. Here's why they changed their mind",timeshighereducation.co.uk,http://www.timeshighereducation.co.uk/story.asp?sectioncode=26&storycode=418625&c=1
2012-01-15,10:44:55,ohimg,85,"At least nine people are injured as Romanian riot police fire tear gas during clashes with anti-austerity demonstrators in the capital, Bucharest.",bbc.co.uk,http://www.bbc.co.uk/news/world-europe-16565123
2012-01-15,18:39:57,ohvna,78,"S Korean cargo ship split by blast: An unexplained explosion leaves vessel half-submerged, with a number of people reported to be dead and injured.",aljazeera.com,http://www.aljazeera.com/news/asia-pacific/2012/01/201211592422313980.html
2012-01-15,15:29:17,ohs1z,61,Romania anti-austerity protest turns violent,aljazeera.com,http://www.aljazeera.com/news/europe/2012/01/2012114221144799225.html
2012-01-15,18:10:34,ohv6m,51,BBC News - What future for Afghan woman jailed for being raped?,bbc.co.uk,http://www.bbc.co.uk/news/world-south-asia-16543036
2012-01-16,02:24:33,oi6bk,53,"El Salvador's bitter civil-war legacy:  Street-gang culture responsible for one of Latin America's highest homicide rates, is blamed on conflict of the 1980s",aljazeera.com,http://www.aljazeera.com/video/americas/2012/01/201211594012200354.html
2012-01-16,01:20:23,oi3y8,54,"

Hundreds of UK scientists to be relocated as Shell shifts most research & development work to Germany by 2014",guardian.co.uk,http://www.guardian.co.uk/business/2012/jan/15/shell-shutting-main-uk-research-base
2012-01-15,08:50:01,ohefl,47,"Captain Arrested on Suspicion of Manslaughter & Abandoning Ship Amid Growing Anger After Ship Runs Aground - 3 are dead & 41 unaccounted for.  ""We were having supper when the lights went out, we heard a boom & a groaning noise, & all the cutlery fell."" They were told it was electrical problems. ",chicagotribune.com,"http://www.chicagotribune.com/news/sns-rt-us-italy-shiptre80d082-20120113,0,67784.story"
2012-01-15,02:24:25,ogz8k,43,"  India Orders Crack Down in the Andaman Islands After Exposure of 'Human Safaris' Embarrass Officials -  Footage has surfaced of a police officer ordering partly naked Jarawa women to dance for tourists in return for food.  It's being called a ""national disgrace"".

",guardian.co.uk,http://www.guardian.co.uk/world/2012/jan/14/andaman-jarawa-india-human-safari
2012-01-16,03:14:12,oi88n,36,Chinese Premier Wen calls for farmers' land rights to be protected and criticized a widespread land-grab development policy,reuters.com,http://www.reuters.com/article/2012/01/15/us-china-land-reforms-idUSTRE80E0K620120115?feedType=RSS&feedName=worldNews&utm_source=dlvr.it&utm_medium=twitter&dlvrit=286409
2012-01-16,06:40:48,oigkq,38,"Iran warned Gulf Arab oil producers against boosting production to offset any potential drop in Tehran's crude exports in the event of an embargo affecting its oil sales, the latest salvo in the dispute between the West and the Islamic Republic over its nuclear program.",hosted.ap.org,http://hosted.ap.org/dynamic/stories/M/ML_MIDEAST_OIL?SITE=RIPAW&SECTION=HOME&TEMPLATE=DEFAULT
2012-01-16,03:34:52,oi91u,34,"Burma releases 651 high-profile political prisoners, U.S. rewards and praises the reforms. ",nytimes.com,http://www.nytimes.com/2012/01/14/world/asia/united-states-resumes-diplomatic-relations-with-myanmar.html
2012-01-15,07:26:39,ohbdi,33,Kazakhstan holds elections marred by deadly riots,bbc.co.uk,http://www.bbc.co.uk/news/world-asia-16564797
2012-01-16,02:09:42,oi5q2,32,Ministers Postpone Dealing With Toxic Waste From the Bhopal Gas Tragedy  - The govt has been reluctant to deal with it & an attempt to get the residue treated backfired when the treatment plant turned out not to have proper permits.,timesofindia.indiatimes.com,http://timesofindia.indiatimes.com/india/GoM-puts-off-decision-on-Bhopal-toxic-waste/articleshow/11483540.cms
2012-01-15,15:28:30,ohs11,28,Hezbollah chief rejects call by UN to disarm,aljazeera.com,http://www.aljazeera.com/news/middleeast/2012/01/20121154542742500.html
