2012-06-07,23:28:17,upsu2,2416,"In a matter of days, the number of expected foreign visitors to Tibet has gone from millions to zero, as China Forbids International Tourism to Tibet Indefinitely.",abcnews.go.com,http://abcnews.go.com/blogs/headlines/2012/06/china-forbids-international-tourism-to-tibet-indefinitely/
2012-06-07,20:02:58,uplqn,2202,Far-right Greek politician punches female rival on TV.,irishtimes.com,http://www.irishtimes.com/newspaper/breaking/2012/0607/breaking17.html
2012-06-07,07:28:33,uoqet,1846,Toronto to ban plastic bags by 2013,theglobeandmail.com,http://theglobeandmail.com/news/toronto/toronto-council-votes-to-ban-all-plastic-bags-by-2013/article4237201/
2012-06-07,21:22:15,upnvu,508,Gay marriage in the church just passed in Danish parliament ,cphpost.dk,http://cphpost.dk/news/national/gay-marriage-law-pass-parliament
2012-06-07,22:19:30,upptf,307,Denmark approves gay weddings in church,huffingtonpost.com,http://www.huffingtonpost.com/huff-wires/20120607/eu-denmark-gay-marriage/
2012-06-07,06:29:35,uon0z,267,"Four women killed for dancing at Pakistani wedding : 
World News - India Today",indiatoday.intoday.in,http://indiatoday.intoday.in/story/women-killed-for-dancing-at-pakistani-wedding/1/199007.html
2012-06-07,01:16:20,uo4li,238,Dead obese woman's fat sets crematorium building on fire,now.msn.com,http://now.msn.com/now/0605-crematorium-fire.aspx
2012-06-08,00:19:16,upvbh,232,"Amid Economic Crisis, Spain Ponders Taxing Catholic Church Property - Yahoo! News",news.yahoo.com,http://news.yahoo.com/amid-economic-crisis-spain-ponders-taxing-catholic-church-092208656.html
2012-06-07,18:16:16,upjfc,194,Golden Dawn spokesman attacks left-wing politicians on live TV,newstatesman.com,http://www.newstatesman.com/blogs/politics/2012/06/video-golden-dawn-spokesman-attacks-left-wing-politicians-live-tv
2012-06-07,01:16:18,uo4lf,185,"Blind, Paralysis Tiananmen activist found hanged in Chinese hospital room, Chinese cop said this is sucide.",latimesblogs.latimes.com,http://latimesblogs.latimes.com/world_now/2012/06/china-activist-found-hanged-in-hospital-room.html
2012-06-07,13:32:08,up9zf,173,"‘Dead' boy wakes up and asks for water at funeral in Brazil
",heraldsun.com.au,http://www.heraldsun.com.au/archives/old-news-pages/dead-boy-wakes-up-and-asks-for-water-at-own-funeral-in-brazil/story-e6frf7n6-1226386975762
2012-06-07,08:56:39,uovbw,104,Joseph Stalin's Deadly Railway to Nowhere - In the Russian Arctic lies buried an unfinished railway built by prisoners of Stalin's gulags. For decades no-one talked about it. But 1 woman is now telling the story  - & there's talk of bringing back to life the abandoned railway itself.,bbc.co.uk,http://www.bbc.co.uk/news/magazine-18116112
2012-06-07,22:34:34,upqg0,107,Syrian army stops UN from reaching 'massacre' ,aljazeera.com,http://www.aljazeera.com/news/middleeast/2012/06/20126622356228843.html
2012-06-07,13:05:20,up8r6,108,"Massive Fish Kill Outside Tokyo - ""Looks like a carpet of sardines.""  There are tons & tons of dead sardines washing up on shore.  Not only is the sight disturbing, but the huge amount of dead fish is literally smelling up the entire surrounding area.",japantoday.com,http://www.japantoday.com/category/national/view/tons-of-dead-sardines-wash-up-on-chiba-shore
2012-06-07,23:16:31,upsa5,84,Huge Peru Tomb Found—80 Bodies,news.nationalgeographic.com,http://news.nationalgeographic.com/news/2012/06/pictures/120606-tomb-80-mummies-bodies-babies-peru-pachacamac-science/
2012-06-07,19:56:58,upllk,74,Greek far-right Golden Dawn MP wanted for assault,bbc.co.uk,http://www.bbc.co.uk/news/world-europe-18352258
2012-06-07,04:15:59,uoeoq,74,"UN report warns global environment is near tipping point, calls for urgent action",washingtonpost.com,http://www.washingtonpost.com/world/the_americas/un-report-warns-global-environment-is-near-tipping-point-calls-for-urgent-action/2012/06/06/gJQAO0m7IV_story.html
2012-06-08,03:10:53,uq4oe,71,"U.N. monitors shot at on way to Syria ""massacre"" site",cnbc.com,http://www.cnbc.com/id/47725036
2012-06-07,22:42:20,upqro,73,"JPost journalist attacked by mob in Greece. The incident began around 8 p.m. when a group of about 20 masked men wielding batons started beating refugees, migrants and homeless people in the middle of the street.",jpost.com,http://www.jpost.com/LandedPages/PrintArticle.aspx?id=273019
2012-06-08,07:01:46,uqi8j,72,"State media reported that staff at a religious school in heavily Muslim far western China set off explosives to fend off a police raid and that 12 children were burned. An overseas rights group, however, blamed tear gas used by paramilitary forces for the injuries.",hosted.ap.org,http://hosted.ap.org/dynamic/stories/A/AS_CHINA_RELIGIOUS_SCHOOL?SITE=RIPAW&SECTION=HOME&TEMPLATE=DEFAULT
2012-06-07,09:52:27,uoybz,67,"""After 33 years, I can no longer ignore the evidence on drugs""",smh.com.au,http://www.smh.com.au/opinion/society-and-culture/after-33-years-i-can-no-longer-ignore-the-evidence-on-drugs-20120606-1zwpr.html
2012-06-07,11:33:15,up3xx,61,Asian Origin for Human Ancestors? Discovery of a new primate that lived about 37 million years ago in the ancient swamplands of Myanmar bolsters the idea that the deep primate family tree that gave rise to humans is rooted in Asia,news.sciencemag.org,http://news.sciencemag.org/sciencenow/2012/06/an-asian-origin-for-human-ancest.html
2012-06-07,23:29:59,upswo,57,"Freak European monsoon brings 70mph winds, torrential rain and 40ft waves to the UK",telegraph.co.uk,http://www.telegraph.co.uk/topics/weather/9316934/European-monsoon-brings-70mph-winds-torrential-rain-and-40ft-waves.html
2012-06-07,11:17:33,up31p,52,'I want my son executed':  Parents of man who secretly buried his 8-year-old child after allegedly torturing her to death seek capital punishment,gulfnews.com,http://gulfnews.com/news/gulf/uae/crime/i-want-my-son-executed-1.1032742
2012-06-07,17:56:28,upiwj,30,German Chancellor Angela Merkel says the EU needs a political union even if it means some countries integrating faster than others,bbc.co.uk,http://www.bbc.co.uk/news/world-europe-18350977
2012-06-07,03:55:04,uodjc,24,Australia's economy grows more than expected; more than doubles analysts predictions.,bbc.co.uk,http://www.bbc.co.uk/news/business-18336521
2012-06-07,11:49:57,up4vc,25,"Scotland announces 'climate justice' fund for world's poorest:  The scheme will focus on helping people in Malawi, Rwanda, Tanzania and Zambia cope with the effects of climate change",guardian.co.uk,http://www.guardian.co.uk/global-development/2012/jun/06/scotland-climate-justice-fund-poorest
2012-06-07,02:34:58,uo8vg,25,"Chinese Premier Wen Jiabao told visiting Iranian President Mahmoud Ahmadinejad on Wednesday that China opposes any Middle East country acquiring nuclear weapons,",english.alarabiya.net,http://english.alarabiya.net/articles/2012/06/06/218979.html
2012-06-07,21:45:59,uponf,22,"Inside Syria: In a bizarre cycle of transactions, the rebel army ends up buying its weapons from the government regime it is fighting.",globalpost.com,http://www.globalpost.com/dispatch/news/regions/middle-east/syria/120606/syrian-rebels-weapons-arms-revolution
2012-06-07,23:51:54,uptxy,25,"Japanese airline tells customers flight attendants will not help them, do not have to be polite and complaints will not be tolerated",telegraph.co.uk,http://www.telegraph.co.uk/news/worldnews/asia/japan/9315778/Japanese-airline-tells-customers-flight-attendants-will-not-help-them.html
