2012-05-08,11:07:36,tc8aa,2179,China Expels Al Jazeera's news operations,nytimes.com,http://www.nytimes.com/2012/05/08/world/asia/china-expels-al-jazeera-english-language-channel.html?_r=1
2012-05-08,01:12:42,tbbti,1399,"Pirate Party Wins Again, Enters Another Parliament: The German Piratenpartei has done it again, and entered its third state parliament - with 8.2% of the votes, the pirates take 6 out of 69 seats
",falkvinge.net,http://falkvinge.net/2012/05/07/pirate-party-wins-again-enters-another-parliament/
2012-05-08,22:06:26,tcv6c,584,BBC News - China buying oil from Iran with yuan,bbc.co.uk,http://www.bbc.co.uk/news/business-17988142
2012-05-08,20:20:05,tcry6,470,Greek neo-Nazi party expels journalists,newstatesman.com,http://www.newstatesman.com/blogs/world-affairs/2012/05/greek-neo-nazi-party-expels-journalists
2012-05-08,22:15:51,tcvia,448,South Korean IAEA nuclear inspector killed in Iran,guardian.co.uk,http://www.guardian.co.uk/world/2012/may/08/iaea-nuclear-inspector-killed-iran
2012-05-08,17:15:14,tcnrf,442,Thai Jailed for Royal Insult Dies - He was sentenced to 20 years for sending text messages deemed offensive to the royal family.  The conviction - the heaviest for a lese majeste case - sparked outrage among rights groups describing him as a political prisoner & the EU expressing ''deep concern''.,bbc.co.uk,http://www.bbc.co.uk/news/world-asia-17986573
2012-05-08,15:55:10,tcliw,330,"1,600 on hunger strike and the world doesn’t even bat an eyelid: Compelling eyewitness dispatch from the Israeli internment jails threatening a new Arab Spring",dailymail.co.uk,http://www.dailymail.co.uk/news/article-2140108/1-600-Palestinians-hunger-strike-world-doesn-t-bat-eyelid-Compelling-eye-witness-dispatch-Israeli-internment-jails--threatening-new-Arab-Spring.html
2012-05-08,18:29:47,tcphd,254,"Mankind must change ways to survive, report says",dw.de,"http://www.dw.de/dw/article/0,,15935446,00.html"
2012-05-08,15:46:07,tcl85,191,"‘I’ve never seen police act like this’
 ",montrealgazette.com,http://www.montrealgazette.com/news/never+seen+police+like+this/6582164/story.html
2012-05-09,07:40:38,tdono,137,"If the left doesn't lead the revolt against austerity, others will",guardian.co.uk,http://www.guardian.co.uk/commentisfree/2012/may/08/left-revolt-austerity-far-right
2012-05-08,01:13:23,tbbuo,129,German Pirate Party Scores More Seats In State Election,torrentfreak.com,http://torrentfreak.com/german-pirate-party-scores-more-seats-in-state-election-120507/
2012-05-08,04:42:29,tbmsb,116,Planner of 2000 USS Cole Bombing Killed by Drone Strike in Yemen,bbc.co.uk,http://www.bbc.co.uk/news/world-middle-east-17979424
2012-05-08,03:23:55,tbiir,100,UK Gov't Considering Requiring A 'Porn License' If You Want To Look At Porn Online,techdirt.com,http://www.techdirt.com/articles/20120507/02272218799/uk-govt-considering-requiring-porn-license-if-you-want-to-look-porn-online.shtml
2012-05-09,00:21:44,td139,73,What Is the World's Most Economically Powerful City?,theatlantic.com,http://www.theatlantic.com/business/archive/2012/05/what-is-the-worlds-most-economically-powerful-city/256841/
2012-05-08,20:41:18,tcsh1,64,"Runner has heart attack, Dustin Hoffman saves his life",worldnews.msnbc.msn.com,http://worldnews.msnbc.msn.com/_news/2012/05/08/11591752-heart-attack-jogger-dustin-hoffman-saved-my-life?lite
2012-05-08,21:35:03,tcu2v,54,"As China warns the Philippines that confrontation over an island in the South China Sea could worsen, The Philippines' Philex Petroleum Corp discusses a possible partnership with Chinese offshore oil producer CNOOC to develop a natural gas prospect in the disputed South China Sea, ",reuters.com,http://www.reuters.com/article/2012/05/08/philippines-china-idUSL4E8G853M20120508
2012-05-08,05:49:59,tbqm0,51,Putin inaugurated for third term as Russia's president,npr.org,http://www.npr.org/2012/05/07/152191539/for-a-third-time-putin-returns-as-russias-president
2012-05-08,19:23:09,tcqmi,47,Playboy model steals the show at Mexican election debate,reuters.com,http://www.reuters.com/article/2012/05/07/entertainment-us-mexico-elections-model-idUSBRE84615A20120507
2012-05-08,20:45:32,tcslb,44,Francois Hollande's election as French president was greeted by jitters on European markets and a dour front in Berlin where ruling conservatives warned the Socialist on Monday that Germans were not ready to pay for his promises of an end to austerity.,reuters.com,http://www.reuters.com/article/2012/05/07/us-france-election-projections-idUSBRE8450AR20120507
2012-05-08,04:23:10,tblqe,44,The Interior Minister of Germany's western state of North Rhine-Westphalia has ordered a ban on far-right groups displaying Mohammed caricatures which provoked riots in Bonn on Saturday.  ,dw.de,"http://www.dw.de/dw/article/0,,15933672,00.html"
2012-05-08,18:08:45,tcp00,27,"Israel's Netanyahu strikes surprise coalition deal:  Netanyahu calls off early elections after reaching a deal with Kadima opposition for a unity government
",guardian.co.uk,http://www.guardian.co.uk/world/2012/may/08/israel-netanyahu-coalition-deal-kadima
2012-05-08,00:59:38,tbb5h,25,Stradivarius cello broken in accident in Spain,wistv.com,http://www.wistv.com/story/18162265/stradivarius-cello-broken-in-accident-in-spain
2012-05-08,19:38:37,tcqy2,26,Thai Man Jailed for Insulting King Dies in Detention ,nytimes.com,http://www.nytimes.com/2012/05/09/world/asia/thai-man-jailed-for-insulting-king-dies-in-detention.html?_r=1
2012-05-08,08:05:33,tby5b,25,Azerbaijan Tower Will Be The World’s Tallest Building On 2022,pinoytutorial.com,http://pinoytutorial.com/techtorial/azerbaijan-tower-will-be-the-worlds-tallest-building-on-2022/
2012-05-08,04:04:26,tbkq1,19,Attempt to form Greece government fails after shock poll | Reuters,reuters.com,http://www.reuters.com/article/2012/05/07/us-greece-idUSBRE8440DG20120507
2012-05-08,23:37:32,tcyyn,20,Iran complains of nuclear double standards,reuters.com,http://www.reuters.com/article/2012/05/08/iran-nuclear-idUSL5E8G85IG20120508
2012-05-08,01:35:37,tbcxy,18,Islamist gunmen killed at least 32 soldiers today when they stormed a military position in southern Yemen where militants control broad swathes of territory,irishtimes.com,http://www.irishtimes.com/newspaper/breaking/2012/0507/breaking15.html
2012-05-08,21:15:00,tctgn,16,"Germany's right-wing populists are fond of insulting Islam in order to attract attention. On Saturday, Salafists took the bait, resulting in a riot that left 29 police injured. Despite the clash, however, the anti-Islam party can continue to display their anti-Islam caricatures, a court has decided.",spiegel.de,http://www.spiegel.de/international/germany/german-right-wing-populists-provoke-salafist-violence-in-bonn-a-831810.html?repost=youbetcha
2012-05-08,22:48:16,tcws8,15,Israel manages to put under control the spread of an Australian plant that threatened local flora.,haaretz.com,http://www.haaretz.com/news/national/israel-triumphs-in-existential-battle-against-blue-leaved-plants-1.428856
2012-05-08,01:04:39,tbbeq,13,French Socialists celebrate as Greece voters reject austerity – live reaction | World news | guardian.co.uk,guardian.co.uk,http://www.guardian.co.uk/world/blog/2012/may/07/french-socialists-greece-voters-austerity-live
