2012-01-07,14:34:28,o6i39,2284,"Totally drug-resistant, a deadlier form of TB hits India, A new entity, ominously called Totally Drug-Resistant TB (TDR-TB), has been isolated in the fluid samples of 12 TB patients Mumbai hospital.",dnaindia.com,http://www.dnaindia.com/mumbai/report_first-cases-of-totally-drug-resistant-tb-in-india-one-dead_1634439
2012-01-07,01:51:51,o5nco,1984,A View Inside Iran [pics],theatlantic.com,http://www.theatlantic.com/infocus/2012/01/a-view-inside-iran/100219/
2012-01-07,01:23:35,o5m5s,1403,US navy rescues Iranian hostages held by pirates,jpost.com,http://www.jpost.com/International/Article.aspx?id=252530
2012-01-07,23:27:09,o6scg,1389,"Iran squeezes Web surfers, prepares censored national intranet: 'Before they can log on, Iranians are required to provide their name, father's name, address, telephone number and national ID...'",news.cnet.com,http://news.cnet.com/8301-27080_3-57354267-245/iran-squeezes-web-surfers-prepares-censored-national-intranet/?tag=mncol
2012-01-07,01:12:31,o5loq,978,"Italian officials combating [. . .] tax evasion hit the jackpot in a swoop on a posh ski resort, catching 42 drivers of Ferraris and other luxury cars who had declared incomes of less than 30,000 euros ($38,700) a year.",reuters.com,http://www.reuters.com/article/2012/01/05/us-italy-tax-evasion-idUSTRE80415U20120105
2012-01-08,00:31:53,o6u5s,804,"Pervez Musharraf, who resigned as Pakistan's president in 2008, will be arrested on arrival in the country later this month; a Pakistani court issued an arrest warrant for Musharraf in February over allegations he played a role in the 2007 assassination of former prime minister Benazir Bhutto",bloomberg.com,http://www.bloomberg.com/news/2012-01-07/musharraf-will-be-arrested-on-arrival-in-pakistan-pti-reports.html
2012-01-08,02:21:54,o6xsx,467,Chevron Fails in U.S. Court Bid for Order to Shield Its Ecuadorean Assets,bloomberg.com,http://www.bloomberg.com/news/2012-01-06/chevron-fails-in-u-s-court-bid-to-restrain-ecuadorean-assets.html
2012-01-08,06:40:21,o77k5,214,Karzai demands Bagram be handed over inside a month. Afghans report Americans abusing detainees.,wtop.com,http://www.wtop.com/?nid=220&sid=2078706
2012-01-07,14:40:37,o6ia4,205,A 15-year-old boy from Paris was tortured and drowned on Christmas Day by his relatives after they accused him of practising witchcraft,thelocal.fr,http://www.thelocal.fr/2219/20120106/
2012-01-07,09:32:42,o67ac,194,"To Escape Rising Seas, Entire Island Nation of Maldives Considering Moving to Australia",smh.com.au,http://www.smh.com.au/environment/climate-change/climate-change-castaways-consider-move-to-australia-20120106-1pobf.html
2012-01-07,21:58:02,o6qey,142,The Dog That Didn't Bark --- Algeria looked ripe for revolution. What happened?,foreignpolicy.com,http://www.foreignpolicy.com/articles/2012/01/06/the_dog_that_didn_t_bark
2012-01-07,00:20:06,o5jjm,115,Ten of Britain's biggest shopping malls install equipment to spy on shoppers via their mobiles,dailymail.co.uk,http://www.dailymail.co.uk/money/news/article-2082505/Ten-Britains-biggest-shopping-malls-install-equipment-spy-shoppers-mobiles.html
2012-01-07,21:45:05,o6q65,100,"Chinese investment in Portuguese power grid raises eyebrows, Portugal is selling its over 20 percent stake in the country's dominant electricity supplier to China's state-owned Three Gorges.",dw-world.de,"http://www.dw-world.de/dw/article/0,,15650753,00.html?maca=en-rss-en-all-1573-rdf"
2012-01-07,08:08:23,o640o,96,US Rules Against Chevron’s Bid Not to Pay Ecuador $18 Billion in Environmental Damages ,bloomberg.com,http://www.bloomberg.com/news/2012-01-04/chevron-loses-bid-to-throw-out-18-billion-award-in-ecuador-pollution-case.html
2012-01-07,17:22:33,o6m6w,95,Jamaica 'to cut ties with British monarchy',aljazeera.com,http://www.aljazeera.com/news/americas/2012/01/2012175138834303.html
2012-01-07,11:43:09,o6c5q,45,"Airbus A380 fleet should be grounded, say engineers after cracks found in wings",bbc.co.uk,http://www.bbc.co.uk/news/business-16452878
2012-01-07,18:10:34,o6n01,45,"As many as 20 Christians were killed Friday in north-eastern Nigeria, in a fresh violence claimed by the Islamtist Boko Haram sect",globalpost.com,http://www.globalpost.com/dispatch/news/regions/africa/nigeria/120107/nigerian-christians-killed-fresh-attacks
2012-01-08,01:10:29,o6vf0,32,The leader of Nigeria's main umbrella group for Christians says its members will defend themselves as attacks by a radical Muslim sect continue.,google.com,http://www.google.com/hostednews/ap/article/ALeqM5gwKMiSybTYk3ADRLyOJZaheQwLag?docId=4aa6535ce72141d98eddccb5a846efd6
2012-01-08,00:47:14,o6uo2,36,UN High Commissioner for Human Rights: No amnesty for gross human rights violations in Yemen ,ohchr.org,http://www.ohchr.org/en/NewsEvents/Pages/Media.aspx
2012-01-07,12:35:40,o6e27,34,Hot air balloon crash kills 11 in New Zealand,globalpost.com,http://www.globalpost.com/dispatches/globalpost-blogs/down-under/hot-air-balloon-crash-kills-11-new-zealand
2012-01-08,00:15:38,o6tom,23,Pervez Musharraf Will Return to Pakistan,theatlanticwire.com,http://www.theatlanticwire.com/global/2012/01/pervez-musharraf-will-return-pakistan/47115/
2012-01-07,17:01:34,o6lth,26,NZ hot air balloon crash: 11 killed,theage.com.au,http://www.theage.com.au/world/nz-hot-air-balloon-crash-11-killed-20120107-1pozl.html
2012-01-07,14:38:55,o6i7v,22,"Facing Isolation, Ahmadinejad to Visit Latin American Allies",nytimes.com,http://www.nytimes.com/2012/01/07/world/middleeast/iranian-leader-set-to-visit-allies-in-latin-america.html
2012-01-07,23:03:23,o6rsi,21,BBC News - Argentine President Fernandez 'did not have cancer',bbc.co.uk,http://www.bbc.co.uk/news/world-latin-america-16456040
2012-01-07,18:02:32,o6mvu,19,"26 killed in Damascus by suicide 
attack | euronews",euronews.net,http://www.euronews.net/2012/01/07/damascus-vows-revenge-after-suicide-attack/
2012-01-08,07:17:59,o792h,18,Iranians Tell of Six Weeks of Fear With Somali Pirates - NYTimes.com,nytimes.com,http://www.nytimes.com/2012/01/08/world/middleeast/iranians-tell-of-six-weeks-of-fear-with-somali-pirates.html?_r=1
2012-01-07,02:53:56,o5q2q,19,U.S. Navy rescues Iranian sailors - CNN.com,cnn.com,http://www.cnn.com/2012/01/06/world/meast/iran-us-navy-rescue/index.html?hpt=hp_c1
2012-01-07,10:09:45,o68od,16,China to levy carbon tax before 2015,af.reuters.com,http://af.reuters.com/article/energyOilNews/idAFL3E8C5D1220120105
2012-01-08,02:29:55,o6y36,14,"Argentina's Fernandez sent home, never had cancer",reuters.com,http://www.reuters.com/article/2012/01/07/us-argentina-fernandez-idUSTRE8060CB20120107?feedType=RSS&feedName=worldNews&utm_source=feedburner&utm_medium=feed&utm_campaign=Feed%3A+reuters%2FworldNews+%28News+%2F+US+%2F+International%29
2012-01-07,21:53:10,o6qby,15,"Why Islamism Is Winning --- Political Islam, especially the strict version practiced by Salafists in Egypt, is thriving largely because it is tapping into ideological roots that were laid down long before the revolts began",nytimes.com,http://www.nytimes.com/2012/01/07/opinion/why-islamism-is-winning.html?_r=1
