2012-04-11,17:53:01,s42xj,2539,8.7 Earthquake outside Indonesia,earthquake.usgs.gov,http://earthquake.usgs.gov/earthquakes/eventpage/at00m2b40b
2012-04-11,00:48:29,s2o2i,1964,"Invisible Children, Makers of KONY2012, Spied For Ugandan Regime ---WikiLeaks",blackstarnews.com,http://blackstarnews.com/news/135/ARTICLE/8090/2012-04-08.html
2012-04-11,00:10:40,s2m59,1403,"3000 dead dolphins found north of Peru. ""...as far as enlisted experts can tell, offshore oil exploration in the region is the most likely culprit.""",pej.org,http://www.pej.org/html/modules.php?op=modload&name=News&file=article&sid=9452&mode=thread&order=0&thold=0
2012-04-11,22:15:19,s49rn,1245,"Political Revolution in Germany: Pirate Party is Country's Third Strongest Party in New Poll: ""...the political newcomers currently enjoy 13% of voter support and are now the third most popular party in the country ahead of the Greens, which lagged behind at 11%."" ",spiegel.de,"http://www.spiegel.de/international/germany/0,1518,druck-826540,00.html"
2012-04-11,20:46:15,s46w6,560,Man jailed for 11 years for burning down Family-run furniture shop during London riots,bbc.co.uk,http://www.bbc.co.uk/news/uk-england-london-17674395
2012-04-11,10:54:03,s3m3z,449,Philippine warship in standoff with China vessels,google.com,http://www.google.com/hostednews/ap/article/ALeqM5g6Ms4n4rqMf0g9HjWZVOjE2c9gig?docId=e3c4e86119df45d3a44ebb96d5d96322
2012-04-11,11:04:07,s3mpl,318,"The Muslim Brotherhood,which now controls the parliament of Egypt, Presidential candidate Khairat al-Shater declares the goal of the Muslim Brotherhood movement is the establishment of a “global Islamic State”.",currenttrends.org,http://www.currenttrends.org/research/detail/khairat-al-shater-on-the-nahda-project
2012-04-11,02:30:48,s2tlh,305,"North Korea Is Lying About Its Rocket Launch, Satellite-Watchers Show",wired.com,http://www.wired.com/dangerroom/2012/04/noko-lying-launch/
2012-04-11,18:14:25,s43f5,256,Canadians favour higher taxes to fight inequality - poll - RTÉ News,rte.ie,http://www.rte.ie/news/2012/0411/canada-favours-higher-taxes-to-fight-inequality.html
2012-04-11,23:04:12,s4br8,179,"Spain Is on the Bleeding Edge of a New European Crisis: Spain’s 709 billion euros of sovereign debt is roughly twice that of Greece, Ireland, and Portugal combined",businessweek.com,http://www.businessweek.com/articles/2012-04-10/spain-is-on-the-bleeding-edge-of-a-new-european-crisis
2012-04-12,02:13:35,s4lp9,92,Elite female night raiders break down barriers in Afghanistan,reuters.com,http://www.reuters.com/article/2012/04/11/us-afghanistan-nightraids-idUSBRE83A0X620120411
2012-04-12,03:29:04,s4q2b,87,Argentina: Grieving Parents Find Baby Alive in Morgue,gma.yahoo.com,http://gma.yahoo.com/argentina-grieving-parents-baby-alive-morgue-143230302--abc-news-topstories.html
2012-04-11,21:16:17,s47rw,70,US judge rules UK parliamentary committee cannot be shown evidence of UK involvement in renditions,guardian.co.uk,http://www.guardian.co.uk/world/2012/apr/11/rendition-evidence-mps-us-judge
2012-04-12,04:45:52,s4uri,63,WWF: Russia setting up park to save leopards,news.blogs.cnn.com,http://news.blogs.cnn.com/2012/04/10/wwf-russia-setting-up-park-to-save-leopards/
2012-04-11,19:29:54,s454c,58,Iraq's fugitive vice-president says two more of his bodyguards have been tortured to death by security forces during a terrorism investigation.,bbc.co.uk,http://www.bbc.co.uk/news/world-middle-east-17675666
2012-04-11,04:35:12,s30s0,53,"President Mahmoud Ahmadinejad claims that Iran has as much hard currency as they need, and they can stop selling crude oil for at least two to three years. ",cbsnews.com,http://www.cbsnews.com/8301-202_162-57411842/ahmadinejad-iran-can-do-without-oil-sales/
2012-04-11,15:33:38,s3zcj,43,Baby ruled stillborn is found alive 12 hours late in Argentine morgue,news.sky.com,http://news.sky.com/home/strange-news/article/16206200
2012-04-11,23:52:16,s4e4d,30,World News - 'Happy tears' as Peru miners are rescued after six days trapped underground,worldnews.msnbc.msn.com,http://worldnews.msnbc.msn.com/_news/2012/04/11/11139733-happy-tears-as-peru-miners-are-rescued-after-six-days-trapped-underground
2012-04-11,15:50:21,s3zvn,31,"Timbuktu scholars, librarians, & ordinary citizens hiding tens of thousands of historic texts & priceless ancient manuscripts from rebels - ""The rebels may have an educated leadership, but they're sending in footsoldiers who won't have any respect for paper culture."" ",af.reuters.com,http://af.reuters.com/article/topNews/idAFJOE83A01020120411
2012-04-11,15:47:39,s3zt1,23,"Dutch conservative coalition govt has signaled since January that it intended to prohibit khat, the mild stimulant plant from the Horn of Africa, and now, indications are that the ban will happen soon",stopthedrugwar.org,http://stopthedrugwar.org/chronicle/2012/apr/10/looming_dutch_khat_ban_draws_cri
2012-04-12,07:03:48,s531c,19,"Jordan to revoke citizenship of Palestinian Authority, PLO officials; ""move coincides with a new electoral law in Jordan that seeks to limit Palestinian representation in parliament""",jpost.com,http://www.jpost.com/MiddleEast/Article.aspx?id=265740
2012-04-11,07:08:53,s39oi,23,"The number of poor people in Greece without access to medical care is on the rise, and the NGO Doctors of the World has warned the economic crisis is taking its toll on people's health. ",dw.de,"http://www.dw.de/dw/article/0,,15872568,00.html"
2012-04-11,19:11:28,s44q0,20,Philippine warship in standoff with Chinese ships,google.com,http://www.google.com/hostednews/afp/article/ALeqM5hRBp-p8kGy_6iWRDMdwYo8XCQmBA?docId=CNG.99c0f7ae0d95f45832d109ad83b535be.111
2012-04-11,11:02:31,s3mls,17,China names ex-leader's wife in murder case:  Former star Bo Xilai sacked from Communist Party leadership and wife named as suspect in death of British businessman.,aljazeera.com,http://www.aljazeera.com/news/asia-pacific/2012/04/2012410155953223182.html
2012-04-11,18:33:20,s43ui,16,Entire Indian ocean on tsunami watch following 8.7-mag earthquake near Aceh.,news.ninemsn.com.au,http://news.ninemsn.com.au/world/8449936/8-9-magnitude-quake-strikes-aceh
2012-04-11,06:48:06,s38io,16,Greece offers cop-for-hire service renting out policemen for $39 per hour to raise cash,reuters.com,http://www.reuters.com/article/2012/04/10/us-greece-police-idUSBRE8390NX20120410
2012-04-11,18:07:12,s439h,13,8.9 magnitude earthquake off the coast of Indonesia recorded in Aceh,news.ninemsn.com.au,http://news.ninemsn.com.au/article.aspx?id=8449932
2012-04-12,01:13:26,s4iee,12,"U.S. Air Force F-15 Eagle fighter jets -- from Portland, Oregon, USA -- intercept and escort a ""Korean Air flight bound for Seoul from Vancouver [Canada] . . . and forced [it] to land in Comox on Vancouver Island [Canada]""",news.nationalpost.com,http://news.nationalpost.com/2012/04/11/u-s-fighter-jets-escort-korean-air-flight-to-comox-after-bomb-threat/
2012-04-11,02:03:54,s2s2i,12,Should the U.S. trust Egypt's Muslim Brotherhood?,theweek.com,http://theweek.com/article/index/226587/should-the-us-trust-egypts-muslim-brotherhood
2012-04-12,02:36:37,s4n0b,14,Is Turkey preparing for an intervention in Syria?,blogs.telegraph.co.uk,http://blogs.telegraph.co.uk/news/michaelweiss/100150309/is-turkey-preparing-for-an-intervention-in-syria/
