2012-08-28,08:43:11,yxjl0,2719,"University of the People, a tuition-free online university aimed at poor students around the globe who would otherwise not have access to higher education.",npr.org,http://www.npr.org/blogs/alltechconsidered/2012/08/27/160116814/online-university-for-all-balances-big-goals-expensive-realities?ft=1&f=1001&sc=tw&utm_source=twitterfeed&utm_medium=twitter
2012-08-28,20:36:32,yyfyz,2591,"New Megaupload Will Be Massive Global Network To Change The World: “We are building a massive global network,” Dotcom revealed, adding that hosters will all be able to connect to the network to add servers and bandwidth – providing they’re not in the US",torrentfreak.com,https://torrentfreak.com/new-megaupload-will-be-massive-global-network-to-change-the-world-120828/
2012-08-28,23:22:47,yyn7c,1481,"Don’t Let Them Trade Away Our Internet Freedoms: The TPP endangers the Internet and digital freedoms on par with ACTA, SOPA, and PIPA...The TPP is a major threat because it will rewrite global rules on IP enforcement and restrict the public domain.",eff.org,https://www.eff.org/deeplinks/2012/08/dont-let-them-trade-away-our-internet-freedoms
2012-08-28,00:36:35,ywo8f,909,"Islamic extremists who control much of the vast desert region of Mali have banned all music, except the singing of Koranic verses",pri.org,http://www.pri.org/stories/arts-entertainment/music/the-music-has-died-in-northern-mali-as-islamic-extremists-exert-control-11247.html
2012-08-28,04:23:30,yx2m0,538,Gaza 'will not liveable by 2020' - UN,bbc.co.uk,http://www.bbc.co.uk/news/world-middle-east-19391809
2012-08-28,11:28:44,yxu4z,475,"Australian Employment minister Bill Shorten has declared he finds it ""hard to make ends meet"" on his $330,000 salary while denying a rise to the $13,000 unemployment benefit.",finance.ninemsn.com.au,http://finance.ninemsn.com.au/newsbusiness/8523258/hard-to-make-ends-meet-on-330k-shorten
2012-08-28,06:30:13,yxb0s,288,"Young cannabis smokers run risk of lower IQ, report claims",bbc.co.uk,http://www.bbc.co.uk/news/health-19372456
2012-08-28,04:28:27,yx2xo,262,"Egyptian designer runs afoul of Saudi princess, gets 500 lashes",latimesblogs.latimes.com,http://latimesblogs.latimes.com/world_now/2012/08/cairo-the-plight-of-nagla-wafa-an-egyptian-mother-sentenced-500-lashes-in-saudi-arabia-following-a-business-dispute-wit.html?utm_source=dlvr.it&utm_medium=twitter&dlvrit=99665
2012-08-28,04:49:48,yx4c6,220,"Nagla Wafa, a 39-year-old Egyptian designer in a dispute with the Saudi monarchy has been formally sentenced to 500 lashes and 5 years in prison, where she has been kept with little contact with the outside world and does not have access to a lawyer. ",latimesblogs.latimes.com,http://latimesblogs.latimes.com/world_now/2012/08/cairo-the-plight-of-nagla-wafa-an-egyptian-mother-sentenced-500-lashes-in-saudi-arabia-following-a-business-dispute-wit.html
2012-08-28,17:52:18,yybor,203,"After attacks, Israeli schools confront hate: Israeli students are being required to discuss the attempted lynching of a number of Palestinian youths",nytimes.com,http://www.nytimes.com/2012/08/28/world/middleeast/israeli-schools-to-discuss-racism-after-palestinians-beating.html
2012-08-28,15:41:16,yy7of,202,Israeli army 'cleared' in Rachel Corrie death,aljazeera.com,http://www.aljazeera.com/video/middleeast/2012/08/201282862745947503.html#.UDxoAgrK6iE.reddit
2012-08-28,18:17:13,yycaz,202,"Ex-General's Daughter Lured To Lagos, Killed By Facebook Friends",transparencyng.com,http://transparencyng.com/index.php/news-categories/111-personality/7014-cynthia-udoka-osokogu
2012-08-28,01:36:29,ywrt2,190,"Food shortages could force world into vegetarianism, warn scientists",guardian.co.uk,http://www.guardian.co.uk/global-development/2012/aug/26/food-shortages-world-vegetarianism?CMP=twt_fd
2012-08-28,05:55:24,yx8r1,179,Egyptian President hires women and Christians as steps toward diversity.,news.yahoo.com,http://news.yahoo.com/egypt-president-hires-women-christians-aides-nod-diversity-195923307.html
2012-08-29,00:28:23,yyr1y,173,How the US and Israeli justice systems whitewash state crimes,guardian.co.uk,http://www.guardian.co.uk/commentisfree/2012/aug/28/us-israel-justice-whitewash-state-crimes?newsfeed=true
2012-08-28,16:19:19,yy8z0,129,"Israeli court rules killing of American activist ""accident""; US Ambassador says Israeli inquiry is insufficient",guardian.co.uk,http://www.guardian.co.uk/world/2012/aug/24/israel-rachel-corrie-us-ambassador
2012-08-28,23:59:29,yypbi,119,"Canadian children's rights group condemns AAP circumcision policy as ""seriously flawed""",msnbc.msn.com,http://www.msnbc.msn.com/id/48798567/ns/business-press_releases/t/aap-circumcision-policy-seriously-flawed-condemned-canadian-childrens-rights-group/#.UDzbcUS5KE5
2012-08-28,22:39:07,yykzg,90,University of Cape Town claims to have found a single dose cure for Malaria. Malaria kills 1.2m people a year.,ewn.co.za,http://www.ewn.co.za/en/2012/08/28/UCT-may-have-found-Malaria-cure
2012-08-28,16:31:11,yy9cn,83,Exclusive: ‘We believe that the USA is the major player against Syria and the rest are its instruments’,independent.co.uk,http://www.independent.co.uk/news/world/middle-east/exclusive-we-believe-that-the-usa-is-the-major-player-against-syria-and-the-rest-are-its-instruments-8082457.html
2012-08-28,10:28:31,yxq95,72,Dutch man gets suspended term for insulting queen on Twitter,irishtimes.com,http://www.irishtimes.com/newspaper/world/2012/0828/1224323094920.html
2012-08-28,11:05:47,yxsm4,70,"The Forgotten Soviet-Japanese War of 1939: From May to September 1939, the USSR and Japan fought an undeclared war involving over 100,000 troops. It may have altered world history. ",thediplomat.com,http://thediplomat.com/2012/08/28/the-forgotten-soviet-japanese-war-of-1939/
2012-08-28,04:59:38,yx51i,68,"Gaza will no longer be ""liveable"" by 2020 unless urgent action is taken to improve water supply, power, health, and schooling, the United Nations' most comprehensive report on the Palestinian enclave said on Monday.",reuters.com,http://www.reuters.com/article/2012/08/27/us-palestinians-gaza-un-idUSBRE87Q0OE20120827?feedType=RSS&feedName=topNews&utm_source=feedburner&utm_medium=feed&utm_campaign=Feed%3A+reuters%2FtopNews+%28News+%2F+US+%2F+Top+News%29
2012-08-28,07:23:28,yxej8,63,Marines punish nine for urinating on Taliban corpses; punishment due soon in Quran burning,worldnews.nbcnews.com,http://worldnews.nbcnews.com/_news/2012/08/27/13506306-marines-punish-nine-for-urinating-on-taliban-corpses-punishment-due-soon-in-quran-burning?lite
2012-08-28,23:21:30,yyn49,57,BBC News - French police break up Roma encampment in Lyon,bbc.co.uk,http://www.bbc.co.uk/news/world-europe-19398239
2012-08-28,23:06:55,yymcf,44,Members of Iran’s elite Revolutionary Guard confirmed that the Islamic Republic is sending commanders and soldiers to support dictator Bashar al-Assad’s regime in Syria,thedailybeast.com,http://www.thedailybeast.com/cheats/2012/08/28/report-iranian-troops-aid-syria.html
2012-08-28,04:27:45,yx2w6,46,Iran's Military Chief Suing US Over Sanctions,nytimes.com,http://www.nytimes.com/aponline/2012/08/27/world/middleeast/ap-ml-iran-us.html
2012-08-28,19:24:39,yydx3,42,Indian government defends Internet blocking ,cis-india.org,http://cis-india.org/news/afp-com-aug-23-2012-indian-govt-defends-internet-blocking
2012-08-28,11:54:06,yxvub,40,Shocking autopsy: South African police 'shot fleeing protesters in the back',rt.com,http://rt.com/news/south-africa-marikana-police-autopsies-strikes-693/
2012-08-28,13:52:09,yy2wq,37,"12 Mexican police in custody in shooting of U.S. government employees. A pair of U.S. government employees, traveling in an armored U.S. Embassy vehicle with diplomatic license plates, were pursued in a high-speed chase and shot south of Mexico City on Friday",washingtonpost.com,http://www.washingtonpost.com/world/12-mexican-police-in-custody-over-shootings-of-us-government-workers/2012/08/27/57e4505c-f0a2-11e1-adc6-87dfa8eff430_story.html?tid=sm_btn_reddit
2012-08-28,03:41:37,ywzvb,30,Italy miners barricade themselves underground with explosives,cnbc.com,http://www.cnbc.com/id/48799582
