2012-11-28,23:09:47,13xoz4,4051,"Girl, 8, to get vaccination shots after court overrules mum (xpost from /r/NewsOfTheWeird)",news.com.au,http://www.news.com.au/lifestyle/parenting/girl-8-to-get-vaccination-shots-after-court-overrules-mum/story-fnet08ui-1226526103657
2012-11-28,19:12:04,13xg93,2851,Spain Intends to Back Palestinian Bid for Statehood at UN.,bloomberg.com,http://www.bloomberg.com/news/2012-11-28/spain-intends-to-back-palestinian-bid-for-statehood-at-un.html
2012-11-28,10:09:32,13wrjq,2439,"Wife forced to remarry husband who threw acid into her face |
			News.com.au",news.com.au,http://www.news.com.au/world/wife-forced-to-remarry-hubbie-who-threw-acid-on-her/story-fndir2ev-1226525490341
2012-11-28,16:07:53,13xb6u,1586,Iceland's president explains how a financial crisis should be handled: Let the banks fold. ,businessinsider.com,http://www.businessinsider.com/olafur-ragnur-grimsson-iceland-2012-4?page=1
2012-11-28,20:18:10,13xi20,1182,Egyptian Christians sentenced to death for anti-Islam film,reuters.com,http://www.reuters.com/article/2012/11/28/egypt-christians-court-idUSL5E8MS5DB20121128
2012-11-28,00:32:49,13vnx6,1147,Finlands education system ranked number one. #2 South Korea #3 Hong Kong. ,bbc.co.uk,http://www.bbc.co.uk/news/education-20498356?
2012-11-28,01:11:43,13vqam,764,Mass Cairo protest!! Demonstrators are accusing President Morsi & Muslim Brotherhood of betraying last year's revolution.,aljazeera.com,http://www.aljazeera.com/news/middleeast/2012/11/20121127142656380571.html
2012-11-28,19:52:39,13xhar,653,"On Wednesday Switzerland & Denmark joined a growing list of European countries that back an upgrade for Palestinians to non-member status at the United Nations, a victory that would be a diplomatic boost to their aspirations for statehood",reuters.com,http://www.reuters.com/article/2012/11/28/us-palestinians-statehood-idUSBRE8AR0EG20121128
2012-11-28,21:34:08,13xkhp,585,"Citing hunt for pedophiles, Dutch government to make refusing to help decrypt computer a crime -- The Dutch government says it is planning to make it a crime for a suspect in a child sex abuse or terrorism case to refuse to help decrypt a computer when ordered to do so by prosecutors.",ottawacitizen.com,http://www.ottawacitizen.com/news/Citing+hunt+pedophiles+Dutch+government+make+refusing+help/7619919/story.html
2012-11-28,05:49:52,13w9d3,581,"Deforestation in Brazil's Amazon rainforest has dropped to its lowest level in 24 years, the government said Tuesday.",hosted.ap.org,http://hosted.ap.org/dynamic/stories/L/LT_BRAZIL_DEFORESTATION?SITE=RIPAW&SECTION=HOME&TEMPLATE=DEFAULT
2012-11-28,18:48:18,13xfo9,496,"Owner of TVShack, UK student Richard O'Dwyer avoids extradition",bbc.co.uk,http://www.bbc.co.uk/news/uk-england-south-yorkshire-20525891
2012-11-28,09:11:11,13wngw,298,Why the Fate of Humanity Rests on a Chinese Middle-Schooler's Test Scores,theatlantic.com,http://www.theatlantic.com/international/archive/2012/11/why-the-fate-of-humanity-rests-on-a-chinese-middle-schoolers-test-scores/265638/
2012-11-28,22:43:03,13xnmj,266,"Dirty War Against Africa's Rhinos - In 2007, 13 rhino were poached in S Africa.  This year, 585 were slain  by organized gangs smuggling horns to Asia.  They recruit triggermen with military backgrounds equipped with silencers & night vision. Helicopters, flying below  radar, get poachers in & out. ",guardian.co.uk,http://www.guardian.co.uk/environment/2012/nov/27/dirty-war-africas-rhinos
2012-11-28,17:15:26,13xd6f,258,Spain to recognize Palestinian state at UN,theolympian.com,http://www.theolympian.com/2012/11/28/2334360/spain-to-recognize-palestinian.html
2012-11-28,18:23:39,13xf2e,193,"Three mid-level managers arrested in connection to the Bangladesh factory blaze which killed over 100 workers. ""Survivors told us that they did not allow the workers to escape the fire, saying that it was a routine fire drill. There are also allegations that they even padlocked doors.""",aljazeera.com,http://www.aljazeera.com/news/asia/2012/11/201211288735931517.html?utm_content=automate&utm_campaign=Trial6&utm_source=NewSocialFlow&utm_term=plustweets&utm_medium=MasterAccount
2012-11-28,01:25:37,13vr75,185,Kabul Bank audit reveals the bank as a massive Ponzi scheme,nytimes.com,https://www.nytimes.com/2012/11/27/world/asia/kabul-bank-audit-details-extent-of-fraud.html?igoogle=1
2012-11-28,12:13:05,13wzzv,162,Is the world ignoring the Congo war?,edition.cnn.com,http://edition.cnn.com/2012/11/27/opinion/congo-war-ignored-vava-tampa/index.html?hpt=hp_c2
2012-11-28,02:05:47,13vtrf,155,Why Finland's Unorthodox Education System Is The Best In The World,businessinsider.com,http://www.businessinsider.com/finlands-education-system-best-in-world-2012-11
2012-11-28,13:14:52,13x3x9,125,"Particles for Peace: Iranian, Israeli, Turkish and Arab Physicists Lay Plans for a Joint Particle Accelerator | Observations, Scientific American Blog Network",blogs.scientificamerican.com,http://blogs.scientificamerican.com/observations/2012/05/08/particles-for-peace/
2012-11-28,06:32:25,13wch5,107,Life discovered in ancient polar lake,bbc.co.uk,http://www.bbc.co.uk/news/science-environment-20501574
2012-11-28,13:42:09,13x5gv,105,"Hundreds of millions of dollars from Kabul Bank were spirited out of Afghanistan  some smuggled in airline food trays —to bank accounts in more than two dozen countries,  revealed in a report  about massive fraud that led to the collapse of the nation's largest financial institution",nytimes.com,http://www.nytimes.com/aponline/2012/11/28/world/asia/ap-as-afghan-kabul-bank-scandal.html
2012-11-28,17:28:54,13xdkc,104,Palestinians Predict Historic UN Vote on Statehood,abcnews.go.com,http://abcnews.go.com/International/wireStory/palestinians-predict-historic-vote-statehood-17822325#.ULXZKKVSY21
2012-11-28,21:01:47,13xjg3,76,"Largest trial of 'Dirty War' crimes starts in Argentina: Sixty-eight former officials face 800 charges of kidnap, torture and murder",bbc.co.uk,http://www.bbc.co.uk/news/world-latin-america-20523955
2012-11-28,20:49:02,13xj0z,62,William Hague says UK set to abstain in Palestinian UN vote,bbc.co.uk,http://www.bbc.co.uk/news/uk-politics-20524115
2012-11-28,13:03:53,13x388,62,Workers raise 1st section of new Chernobyl shelter,sfgate.com,http://www.sfgate.com/business/energy/article/Workers-raise-1st-section-of-new-Chernobyl-shelter-4069524.php
2012-11-28,20:53:22,13xj6c,41,"Australia, the world's second best place to be born",smh.com.au,http://www.smh.com.au/business/australia-the-worlds-secondbest-place-to-be-born-study-20121128-2adk0.html
2012-11-28,02:00:37,13vtfv,32,India policemen suspended over Facebook arrests,bbc.co.uk,http://www.bbc.co.uk/news/world-asia-india-20506784
2012-11-28,06:39:12,13wcxx,31,North Korean assassination weapons found,ksat.com,http://www.ksat.com/news/North-Korean-assassination-weapons-found/-/478452/17544540/-/lh70u7/-/index.html
2012-11-28,21:07:55,13xjn7,33,"Will China's First Lady Outshine Her Husband? - She's a wildly popular singer, AIDS activist, major general in the Chinese army, & now she's slated to add another title: first lady of China. Military garb has replaced her fabulous costumes lest she overshadow her husband.",npr.org,http://www.npr.org/2012/11/28/165947540/will-chinas-first-lady-outshine-her-husband
2012-11-28,07:17:18,13wfm4,30,Supergrass who held key to huge Russian fraud is found dead in Surrey - The Independent ,independent.co.uk,http://www.independent.co.uk/news/uk/home-news/supergrass-who-held-key-to-huge-russian-fraud-is-found-dead-in-surrey-8360427.html
