2012-03-31,10:35:21,rltik,2570,"The 1,000-year-old warning. How a message was passed down from people 1,000 years ago that saved lives in Miyatojima, Japan. (X-post from r/Japan)",articles.latimes.com,http://articles.latimes.com/2012/mar/11/opinion/la-oe-holguin-veras-tsunami-20120311
2012-03-31,01:39:46,rl411,1335,"Wife: Bin Laden Hid in Pakistan, Not Caves, for Decade",abcnews.go.com,http://abcnews.go.com/Blotter/wife-bin-laden-hid-pakistan-decade/story?id=16037497#.T3Xh1GHDcZk
2012-03-31,03:45:10,rla95,755,"Norway - one of the Last functioning welfare states, where employers lobby for longer parental leave for fathers, and parties win elections by promising not to cut taxes - and oil has little to do with it",nytimes.com,http://www.nytimes.com/2011/06/29/world/europe/29iht-letter29.html?_r=1
2012-03-31,00:35:17,rl10w,498,"While China has 350,000 millionaires and 115 billionaires, 700 million of its people live on just ""four dollars a day"" and discontent is growing. “In many villages there are riots and people are on strike. If those towns all got up on the same day and rebelled China would have big problems.”
",rt.com,http://rt.com/news/china-economy-growth-prospects-729/
2012-03-31,22:20:13,rmcci,280,"Canadian Budget Hits Basic Science - It slashes spending on the environment & pushes collaboration between basic researchers &  industry.  ""This is disastrous.  The government has no understanding of how scientific advancement is made.” ",nature.com,http://www.nature.com/news/canadian-budget-hits-basic-science-1.10366
2012-03-31,23:26:02,rme3i,244,Iran and 6 world powers agree to meet on April 13 for latest talks about Iran's nuclear program,hosted.ap.org,http://hosted.ap.org/dynamic/stories/M/ML_IRAN_NUCLEAR?SITE=AP&SECTION=HOME&TEMPLATE=DEFAULT
2012-04-01,00:19:51,rmfpp,209,"To Keep Protesters Away, Egypt's Police Put Up Walls -  Street artists then painted this wall it",npr.org,http://www.npr.org/2012/03/31/149727510/to-keep-protesters-away-egypts-police-put-up-walls
2012-04-01,02:55:39,rmltx,106,EDL summit in Denmark humiliated by low attendance,guardian.co.uk,http://www.guardian.co.uk/uk/2012/mar/31/edl-summit-denmark-low-attendance
2012-03-31,09:56:42,rlrzf,78,"Fentanyl Causing Overdose Boom in Estonia - A synthetic form of heroin produced in clandestine laboratories across the border in Russia,  it's almost completely replaced heroin on the Estonian market & can be hundreds of times more potent. ",bbc.co.uk,http://www.bbc.co.uk/news/world-europe-17524945
2012-03-31,10:03:48,rls9r,61,"Spain's New Budget: ""As Austere as it Gets"" - It's an unprecedented austerity budget to avoid EU bailout & everybody living in Spain will be affected.",bbc.co.uk,http://www.bbc.co.uk/news/business-17567978
2012-03-31,13:36:48,rm0mw,47,An Afghan policeman killed nine of his fellow officers as they lay sleeping.,telegraph.co.uk,http://www.telegraph.co.uk/news/worldnews/asia/afghanistan/9175357/Afghan-policeman-kills-9-sleeping-fellow-officers.html
2012-04-01,01:09:58,rmhjc,47,Special relationship? U.S. threatens Britain with £6bn trade sanctions as legal battle over aircraft subsidies comes to a head,dailymail.co.uk,http://www.dailymail.co.uk/news/article-2122894/U-S-threatens-Britain-6bn-trade-sanctions-legal-battle-aircraft-subsidies-comes-head.html
2012-04-01,06:22:53,rmuwx,41,"A girl aged five and an 87-year-old woman were among almost 1,500 forced marriage victims helped by the Forced Marriage Unit in 2011, new figures reveal.",independent.co.uk,http://www.independent.co.uk/news/uk/home-news/societys-shame-the-fiveyearold-girl-forced-into-marriage-7604140.html
2012-03-31,21:44:18,rmbix,38,Websites shut down for spreading coup rumours (China),abc.net.au,http://www.abc.net.au/news/2012-03-31/china-shuts-websites-for-spreading-online-rumours/3925176
2012-03-31,12:53:01,rlz15,35,"Ex-Soviet KGB foreign intelligence chief Leonid Shebarshin was found dead in his Moscow apartment on Friday in an apparent suicide, Russian investigators said.",worldnews.msnbc.msn.com,http://worldnews.msnbc.msn.com/_news/2012/03/30/10942534-former-top-kgb-spy-found-dead-in-moscow-apartment
2012-03-31,19:00:02,rm8j0,37,"Cruise ship carrying 1,001 people is adrift south of the Philippines after a fire disabled its engines",bbc.co.uk,http://www.bbc.co.uk/news/world-asia-17571134
2012-03-31,18:50:53,rm8di,27,[The Guardian]: The number of people living alone has skyrocketed. The rise and rise of solo living.,guardian.co.uk,http://www.guardian.co.uk/lifeandstyle/2012/mar/30/the-rise-of-solo-living
2012-03-31,16:55:40,rm66r,21,"Support from Israel Lobby for Mulcair NDP leadership bid raises serious concerns. ""Israel Lobby recognizes that Mulcair would be ’an ardent supporter of Israel in all situations and in all circumstances""",canadiandimension.com,http://canadiandimension.com/articles/4551/
2012-03-31,08:12:22,rlngy,23,"In Spain, millions join strike to protest labor reforms:  Confrontations erupt during the general strike, which disrupted transportation and shuttered factories. The new labor laws are part of Spain's austerity measures.",latimes.com,"http://www.latimes.com/news/nationworld/world/la-fg-spain-austerity-strike-20120330,0,2796257.story"
2012-04-01,01:48:29,rmj0s,22,"France's future: A country in denial --- By ignoring their country’s economic problems, France’s politicians are making it far harder to tackle them | The Economist",economist.com,http://www.economist.com/node/21551478
2012-03-31,11:41:06,rlw5i,22,Spanish Soccer Team Real Madrid Removes Cross From Logo So It Won’t Offend Islamic UAE After Entering Resort Agreement…,sports.yahoo.com,http://sports.yahoo.com/blogs/soccer-dirty-tackle/real-madrid-small-distinct-change-crest-uae-resort-202900831.html;_ylt=AhQfObi8lhm.WzQV2prKWBCpb8p_;_ylu=X3oDMTFkdmFkYTZ0BG1pdANCbG9ncyBJbmRleARwb3MDMTQEc2VjA01lZGlhQmxvZ0luZGV4VGVtcA--;_ylg=X3oDMTFvcGs0cnBnBGludGwDdXMEbGFuZwNlbi11cwRwc3RhaWQDBHBzdGNhdANibG9nBHB0A3NlY3Rpb25zBHRlc3QD;_ylv=3#more-10418
2012-03-31,23:05:13,rmdj3,20,"HERMOSILLO, Mexico (AP) - Eight people have been arrested for allegedly killing two 10-year-old boys and a 55-year-old woman in ritual sacrifices by the cult of La Santa Muerte, or Saint Death, prosecutors in northern Mexico said Friday",elpasotimes.com,http://www.elpasotimes.com/ci_20294171/mexico-2-kids-woman-killed-saint-death-ritual?source=rss_viewed
2012-03-31,02:50:02,rl7ge,17,"Foreign Fighters Join Syrian Rebels: Jihadists Declare Holy War Against Assad Regime -- Many volunteer fighters are veterans of the Iraq war, who have now brought their holy war to Syria. ",spiegel.de,"http://www.spiegel.de/international/world/0,1518,824875,00.html"
2012-03-31,11:19:22,rlvb4,17,"Pollution threatens South America's Lake Titicaca:  Growing urbanization is threatening Lake Titicaca along the Boliva-Peru border, and endangering those who depend on it for agriculture and drinking water.",csmonitor.com,http://www.csmonitor.com/World/Americas/2012/0330/Pollution-threatens-South-America-s-Lake-Titicaca
2012-03-31,21:42:51,rmbi2,17,More rain forecast as deadly floods hit Fiji,abc.net.au,http://www.abc.net.au/news/2012-03-31/two-killed-in-fiji-floods/3924880
2012-03-31,01:31:15,rl3lw,16,Head of 'faster-than-light' neutrinos team resigns,hosted.ap.org,http://hosted.ap.org/dynamic/stories/E/EU_BREAKING_LIGHT_SPEED?SITE=FLTAM&SECTION=INTERNATIONAL&TEMPLATE=DEFAULT&CTIME=2012-03-30-11-58-48
2012-04-01,00:32:14,rmg6g,14,The French way of fighting homegrown terrorism,nytimes.com,http://www.nytimes.com/2012/04/01/sunday-review/the-french-way-of-fighting-homegrown-terrorism.htm
2012-04-01,00:41:18,rmgib,14,Dissident Irish Republicans convicted of PC's murder,independent.co.uk,http://www.independent.co.uk/news/uk/crime/dissident-irish-republicans-convicted-of-pcs-murder-7604145.html
2012-03-31,09:05:25,rlpth,11,North Sea gas leak raises concerns:  Operator Total says irregular pressure was detected a month before gas leak at the Elgin platform off Scotland's coast.,aljazeera.com,http://www.aljazeera.com/news/europe/2012/03/2012330201620905780.html
2012-04-01,00:23:54,rmfv5,13,The Myth Of Soaring Muslim Fertility Rates --- Are large families and ever-swelling masses of young in Muslim countries a threat to stability? ,worldcrunch.com,http://www.worldcrunch.com/myth-soaring-muslim-fertility-rates/4990
