2012-02-20,14:33:14,pxhkt,1766,Indian High Court  rules that the right to abort a pregnancy in a marriage rests with the wife and not husband. ,thehindu.com,http://www.thehindu.com/health/policy-and-issues/article2892441.ece
2012-02-20,10:27:58,px7k0,1746,UK government to demand access to all phone & internet user data,rawstory.com,http://www.rawstory.com/rs/2012/02/19/uk-government-to-demand-access-to-all-phone-and-internet-user-data/
2012-02-20,23:53:33,pxvl1,1704,"Icelandic Anger Brings Debt Forgiveness - ""Since the end of 2008, the island’s banks have forgiven loans equivalent to 13 percent of gross domestic product, easing the debt burdens of more than a quarter of the population""",bloomberg.com,http://www.bloomberg.com/news/2012-02-20/icelandic-anger-brings-record-debt-relief-in-best-crisis-recovery-story.html
2012-02-20,06:51:17,pwyga,1351,"Two masked gunmen stormed into a small museum at the birthplace of the ancient Olympics in southern Greece on Friday, smashing display cases with hammers and making off with dozens of antiquities up to 3,200 years old, authorities said.",hosted.ap.org,http://hosted.ap.org/dynamic/stories/E/EU_GREECE_MUSEUM_ROBBERY?SITE=RIPAW&SECTION=HOME&TEMPLATE=DEFAULT
2012-02-20,19:59:30,pxp0s,1265,Poland withdraws from ACTA ratification,warsawvoice.pl,http://www.warsawvoice.pl/WVpage/pages/article.php/19893/news
2012-02-20,01:33:52,pwl6n,1075,India wants Italian ship captain to surrender after marksmen shot dead two Indian fishermen,thehindu.com,http://www.thehindu.com/news/national/article2907828.ece
2012-02-20,21:09:22,pxqho,526,"""Japanese researchers have released the findings of a study suggesting that the risk of an earthquake measuring magnitude 7 or above striking the Tokyo metropolitan area within the next four years could be as high as 70 percent""",the-diplomat.com,http://the-diplomat.com/flashpoints-blog/2012/02/20/in-praise-of-disaster-diplomacy/
2012-02-20,21:21:13,pxqqt,319,Future will be shaped by the rise of the angry young man ,thenational.ae,http://www.thenational.ae/thenationalconversation/comment/future-will-be-shaped-by-the-rise-of-the-angry-young-man
2012-02-20,19:41:14,pxoo0,281,"Europe's finance ministers plan to approve a second bailout for Greece on Monday but Hans-Werner Sinn, the head of Ifo, a top German economic think tank, warns that the money will only help international banks -- not the Greeks. He argues that Greece can only solve its crisis if it quits the euro.",spiegel.de,"http://www.spiegel.de/international/europe/0,1518,816410,00.html"
2012-02-20,22:11:57,pxs03,194,"Iranian ships reach Syria, China warns of civil war | Reuters",reuters.com,http://www.reuters.com/article/2012/02/20/us-syria-idUSL5E8DB0BH20120220?feedType=RSS&feedName=topNews&utm_source=feedburner&utm_medium=feed&utm_campaign=Feed%3A+reuters%2FtopNews+%28News+%2F+US+%2F+Top+News%29
2012-02-21,01:46:45,py0jz,141,"Putting Foxconn's Wage Rises in Context: Anti-Apple Protests Have Nothing To Do With It, China is Running Out Of Underemployed Farmers",forbes.com,http://www.forbes.com/sites/timworstall/2012/02/20/putting-foxconns-wage-rises-in-context/
2012-02-20,23:10:37,pxtul,102,'Dozens of UN troops seized' in Darfur - Al Jazeera English,aljazeera.com,http://www.aljazeera.com/news/africa/2012/02/201222014433464965.html
2012-02-20,11:10:10,px9c0,92,"Afghan Textbooks to Cut Out Much of the Country's Post-1973 History:  Education has been one of Afghanistan's few bright spots since the Taliban fell, but the government is taking a big step backward.",theatlantic.com,http://www.theatlantic.com/international/archive/2012/02/afghan-textbooks-to-cut-out-much-of-the-countrys-post-1973-history/253282/
2012-02-20,15:52:11,pxjye,90,Lloyds Bank strips five directors of more than £1 million in bonuses:  Lloyds Banking Group is to strip five directors of more than £1 million in bonuses as a penalty for a financial scandal that cost the taxpayer-backed bank £3.2 billion last year. ,telegraph.co.uk,http://www.telegraph.co.uk/finance/financialcrisis/9092387/Lloyds-Bank-strips-five-directors-of-more-than-1-million-in-bonuses.html
2012-02-20,04:17:33,pwrqx,90,Iranians desperate as dark economic clouds gather,in.reuters.com,http://in.reuters.com/article/2012/02/19/iran-economy-idINDEE81I08Z20120219
2012-02-20,22:06:28,pxrtz,86,North Korea raises alert for live-fire drill | Reuters,reuters.com,http://www.reuters.com/article/2012/02/20/us-korea-north-idUSTRE81J0B920120220?feedType=RSS&feedName=topNews&utm_source=feedburner&utm_medium=feed&utm_campaign=Feed%3A+reuters%2FtopNews+%28News+%2F+US+%2F+Top+News%29
2012-02-21,00:22:27,pxwst,79,"The cool new Palestinian geeks: Peeks
The West Bank and Gaza Strip is home to hundreds of tech companies, creating everything from websites to smart phone apps.",csmonitor.com,http://www.csmonitor.com/World/Middle-East/2012/0218/The-cool-new-Palestinians-geeks
2012-02-20,04:31:50,pwsdf,50,Germany's governing coalition and the two major opposition parties have agreed to jointly nominate Joachim Gauck as the country's presidential candidate.,hosted.ap.org,http://hosted.ap.org/dynamic/stories/E/EU_GERMANY_PRESIDENT?SITE=AP&SECTION=HOME&TEMPLATE=DEFAULT
2012-02-20,12:00:25,pxbhx,53,"2 years after the earthquake, Haiti is trying to clear tent cities - International aid workers must get 20,000 poor people living before the National Palace to pack up their meager belongings in the most notorious camp in Haiti & go home... But where's home?",washingtonpost.com,http://www.washingtonpost.com/world/clearing-earthquake-camps-in-haiti-is-not-pretty/2012/01/27/gIQAnxzNOR_story.html
2012-02-20,09:22:09,px4s4,50,South Korea begins live-fire military drills despite North Korea's threat to attack,hosted.ap.org,http://hosted.ap.org/dynamic/stories/A/AS_KOREAS_TENSION?SITE=AP&SECTION=HOME&TEMPLATE=DEFAULT
2012-02-20,21:01:14,pxqb6,39,Pakistani Taliban Turn to Kidnapping to Finance Operations - NYTimes.com,nytimes.com,http://www.nytimes.com/2012/02/20/world/asia/pakistani-taliban-turn-to-kidnapping-to-finance-operations.html
2012-02-20,13:46:37,pxfse,40,"Teenage Tibetan monk self-immolates, dies ... denouncing Chinese policies in Tibet and demanding the return of the Dalai Lama",reuters.com,http://www.reuters.com/article/2012/02/20/us-china-tibet-idUSTRE81J06B20120220
2012-02-21,01:33:05,pxzx5,34,2 teens sent to prison for S. Korean bullying suicide,cnn.com,http://www.cnn.com/2012/02/20/world/asia/south-korea-bullying-sentence/index.html?hpt=wo_c2
2012-02-20,21:24:57,pxqto,29,"Venezuelan republic of crime --- The recent kidnapping of Carlos Pujalte, Mexico’s ambassador to Venezuela, has cast an unflattering light on the latter country’s declining public safety",koreatimes.co.kr,http://www.koreatimes.co.kr/www/news/opinon/2012/02/160_105276.html
2012-02-21,01:38:29,py06t,33,"Biotech crops poised for massive global expansion, agricultural tech group reports | Vancouver Sun",blogs.vancouversun.com,http://blogs.vancouversun.com/2012/02/20/biotech-crops-expanding-globally-agricultural-tech-group-reports/
2012-02-21,06:47:21,pyfg1,30,Students in Valencia brutally hit by police after protests against education spending cuts,elpais.com,http://elpais.com/elpais/2012/02/20/inenglish/1329766834_056701.html
2012-02-20,09:53:56,px63q,23,Iceland's financial watchdog sacks director,newsdaily.com,http://www.newsdaily.com/stories/tre81h0lo-us-iceland-watchdog/
2012-02-21,07:50:09,pyie9,26,Women rally for equality in Pakistan. Organizers say  it is the largest such gathering in Pakistan’s history.,euronews.net,http://www.euronews.net/2012/02/20/women-call-for-equality-in-pakistan-rally/
2012-02-20,15:40:36,pxjmy,24,China says West stirring up civil war in Syria; security forces clamp down on Damascus,english.alarabiya.net,http://english.alarabiya.net/articles/2012/02/20/195766.html
2012-02-20,18:36:26,pxnhh,21,U.N. nuclear watchdog agency in Iran for more talks,edition.cnn.com,http://edition.cnn.com/2012/02/20/world/meast/iran-nuclear/
