2012-07-04,20:00:36,w0z9g,3415,"VICTORY! ACTA Suffers Final, Humiliating Defeat In European Parliament - Falkvinge on Infopolicy",falkvinge.net,http://falkvinge.net/2012/07/04/victory-acta-suffers-final-humiliating-defeat-in-european-parliament/
2012-07-04,07:38:19,w03ni,2100,"Chimpanzees in South Africa Won't be Killed After Mauling American, 
 Because They Were Defending Their Territory Against a Trespasser, Authorities Say",thechronicleherald.ca,http://thechronicleherald.ca/world/113308-chimps-who-mauled-grad-student-wont-be-killed
2012-07-04,00:19:32,vzcgk,1418,French police raid home of former president Nicolas Sarkozy.,rt.com,http://www.rt.com/news/police-raid-sarkozy-home-324/
2012-07-04,20:07:10,w0zg7,582,"ACTA killed: MEPs destroy treaty with 478 votes against, 39 in favor; Many stood up holding banners ""Hello democracy! Goodbye ACTA!""",rt.com,http://www.rt.com/news/acta-eu-parliament-vote-400/
2012-07-04,16:41:44,w0ty4,478,LHC claims new particle discovery!,bbc.co.uk,http://www.bbc.co.uk/news/world-18702455
2012-07-04,16:03:32,w0sn1,319,CERN Presents findings about Higgs Boson live!,webcast.web.cern.ch,http://webcast.web.cern.ch/webcast/play_higgs.html
2012-07-04,22:11:14,w132u,240,"France increases by 7 billion euros their taxes on rich, big firms",news.yahoo.com,http://news.yahoo.com/french-budget-adds-7-billion-euros-taxes-rich-100603279--business.html
2012-07-04,07:00:55,w01kd,207,"Every day some 3,000 Indian children die from illnesses related to malnutrition, and yet countless heaps of rodent-infested wheat and rice are rotting in fields across the north of their own country.",msnbc.msn.com,http://www.msnbc.msn.com/id/48039343/ns/world_news-south_and_central_asia/#.T_Nrf47N6-J
2012-07-04,12:16:55,w0i5f,204,Same poison used to murder Russian dissident Alexander Litvinenko found on late Yasser Arafat's clothing,reuters.com,http://www.reuters.com/article/2012/07/03/us-palestinians-arafat-idUSBRE8621CL20120703
2012-07-04,20:51:13,w10mr,199,"Scientists: (high levels of) Radioactive polonium-210 found on Yasser Arafat's toothbrush, clothes",worldnews.msnbc.msn.com,http://worldnews.msnbc.msn.com/_news/2012/07/04/12556777-scientists-radioactive-polonium-210-found-on-yasser-arafats-toothbrush-clothes?lite
2012-07-04,23:16:49,w15er,125,"Police: Thousands of Pakistanis kill man, burn corpse after accusing him of desecrating Quran",washingtonpost.com,http://www.washingtonpost.com/world/asia_pacific/police-thousands-of-pakistanis-kill-man-burn-corpse-after-accusing-him-of-desecrating-quran/2012/07/04/gJQASaUBNW_story.html?tid=sm_btn_reddit
2012-07-04,20:50:14,w10ll,82,Cuba confirms cholera outbreak,bbc.co.uk,http://www.bbc.co.uk/news/world-latin-america-18696660
2012-07-04,06:05:19,vzy50,62,Rise in sea level can't be stopped,reuters.com,http://www.reuters.com/article/2012/07/01/us-climate-sealevel-idUSBRE8600EG20120701
2012-07-04,15:16:00,w0qsn,61,Reports of gift card payments feed growing accusations of vote-buying in Mexico’s election. Thousands of people rushed to stores to redeem pre-paid gift cards they said were given to them previously by the party that won Mexico’s presidency,washingtonpost.com,http://www.washingtonpost.com/world/the_americas/reports-of-gift-card-payments-feed-growing-accusations-of-vote-buying-in-mexicos-election/2012/07/03/gJQAbw4sLW_story.html?tid=sm_btn_reddit
2012-07-04,19:04:18,w0xym,60,Cameron's plan to block Greek immigration would break EU law,newstatesman.com,http://www.newstatesman.com/blogs/politics/2012/07/camerons-plan-block-greek-immigration-would-break-eu-law
2012-07-04,22:52:24,w14gu,50,"Palestinians ready to exhume Arafat body after scientists find polonium on his toothbrush, clothes - World News",worldnews.msnbc.msn.com,http://worldnews.msnbc.msn.com/_news/2012/07/04/12556777-palestinians-ready-to-exhume-arafat-body-after-scientists-find-polonium-on-his-toothbrush-clothes?lite
2012-07-04,00:35:46,vzddp,55,BBC News - French police search Nicolas Sarkozy home and office,bbc.co.uk,http://www.bbc.co.uk/news/world-europe-18693321
2012-07-04,01:11:02,vzffy,48,Nigeria signs $4.5bn oil refining deal with Vulcan,bbc.co.uk,http://www.bbc.co.uk/news/business-18687810
2012-07-04,15:56:04,w0scb,45,Tests suggest Arafat died of polonium poisoning,content.usatoday.com,http://content.usatoday.com/communities/ondeadline/post/2012/07/al-jazeera-tests-hint-yasser-arafat-died-of-polonium-poisoning/1
2012-07-04,01:10:44,vzffd,44,Brazilian figher jets shatter Supreme Court building (VIDEO),rt.com,http://www.rt.com/news/brasil-air-force-court-destroy-315/
2012-07-04,20:25:56,w0zy4,38,BBC News - Acta: Controversial anti-piracy agreement rejected by EU,bbc.co.uk,http://www.bbc.co.uk/news/technology-18704192
2012-07-04,20:26:15,w0zyf,36,ACTA: Controversial anti-piracy agreement rejected by EU,bbc.com,http://www.bbc.com/news/technology-18704192
2012-07-04,21:18:07,w11fc,37,"This was posted by another user on monday: ""Scottish team develops 'nutritional’ pizzas"" but it didn't get much attention. A better description: ""World's first completely nutritionally balanced pizzas""",bbc.co.uk,http://www.bbc.co.uk/news/uk-scotland-18663969
2012-07-05,02:48:53,w1fvm,30,"Just over two weeks after Nicolas Sarkozy lost the immunity from prosecution which he had enjoyed as president, police have searched his home and offices in Paris.",bbc.co.uk,http://www.bbc.co.uk/news/world-europe-18709661
2012-07-05,04:48:57,w1mdz,25,"France slaps 7 bln euros in taxes on rich and big firms
| Reuters",in.reuters.com,http://in.reuters.com/article/2012/07/04/france-budget-idINL6E8I441Q20120704
2012-07-05,00:05:24,w17m7,23,Indonesian zoo to stop visitors handing cigarettes to the gorillas.,thejakartaglobe.com,http://www.thejakartaglobe.com/health/smoking-orangutan-to-be-placed-out-of-zoo-visitors-reach/528340
2012-07-04,06:27:40,vzzix,22,"Man trotting across Canada for an Edmonton children's hospital arrested in Quebec for refusing to change course. After 2 months of clear passage, police officer deems route unsafe.",nationalpost.com,http://www.nationalpost.com/m/wp/news/blog.html?b=news.nationalpost.com/2012/07/03/alberta-man-running-across-canada-for-charity-arrested-by-quebec-police
2012-07-04,01:40:44,vzh7x,16,Megaupload Founder Goes From Arrest to Cult Hero ,nyti.ms,http://nyti.ms/Ms6nYI
2012-07-04,03:28:09,vzo4f,16,"As crops rot, millions go hungry in India",uk.reuters.com,http://uk.reuters.com/article/2012/07/01/uk-india-wheat-idUKBRE8600KB20120701?feedType=RSS&feedName=GCA-GoogleNewsUK
2012-07-04,03:15:14,vzna1,15,Full Tilt Poker CEO arrested on fraud charges,msnbc.msn.com,http://www.msnbc.msn.com/id/48058369/ns/business-us_business/#.T_M2oI4RvP0
