2012-05-11,17:32:44,thx0s,1921,A public schoolgirl who died from a brain hemorrhage at 13 has saved eight lives by donating her organs. ,telegraph.co.uk,http://www.telegraph.co.uk/health/healthnews/9259192/Teenage-organ-donor-saves-eight-lives.html
2012-05-11,23:32:25,ti74n,1896,"Falkvinge: Just days before the elections in North Rhine-Westphalia, Germany’s largest and most populous state, the Piratenpartei‘s website has been censored in schools - specifically the election program of the German Pirate Party is being actively censored under the category “illegal drugs""",falkvinge.net,http://falkvinge.net/2012/05/10/three-days-before-elections-largest-german-state-censors-pirate-party-from-the-net/
2012-05-11,11:31:32,thk00,1275,Egypt holds first ever presidential debate - Middle East - Al Jazeera English,aljazeera.com,http://www.aljazeera.com/news/middleeast/2012/05/201251104423738925.html
2012-05-11,06:02:46,th31a,918,Chinese media warns citizens of possible war with the Philippines,telegraph.co.uk,http://www.telegraph.co.uk/news/worldnews/asia/philippines/9258225/Chinese-media-warns-of-war-with-Philippines.html
2012-05-11,20:08:02,ti0es,671,"A new NZ ISP has withdrawn its ""global mode"" that allowed customers to evade country-based blocking of web content - just 48 hrs after enabling the service",theregister.co.uk,http://www.theregister.co.uk/2012/05/11/fyx_geo_blocking/
2012-05-11,05:48:05,th26p,380,German Police Used Only 85 Bullets Against People in 2011,theatlanticwire.com,http://www.theatlanticwire.com/global/2012/05/german-police-used-only-85-bullets-against-people-2011/52162/
2012-05-11,12:01:10,thlis,209,Burma's opposition leader Aung San Suu Kyi has been given a passport for the first time in 24 years. She will first travel to Norway to accept her 1991 Nobel Prize.,nytimes.com,http://www.nytimes.com/2012/05/09/world/asia/myanmar-issues-passport-to-daw-aung-san-suu-kyi.html?_r=1
2012-05-11,19:35:28,thzp4,155,Under-performing UK civil servants will be identified and fired under plans to rank all government officials in order of ability,telegraph.co.uk,http://www.telegraph.co.uk/news/politics/9258573/Worst-civil-servants-to-be-sacked.html
2012-05-11,00:45:09,tglrd,135,"Suicide blast in Damascus leaves more than 50 dead, hundreds wounded",pri.org,http://www.pri.org/stories/world/middle-east/video-suicide-blast-in-damascus-leaves-more-than-50-dead-hundreds-wounded-9820.html
2012-05-11,23:06:47,ti5yx,136,"Monsanto and the Gates Foundation claim genetically modified crops will revolutionize agriculture in Kenya, but critics warn the technology is ill-suited to the needs of farmers",alternet.org,http://www.alternet.org/world/155376/frankenfoods%3A_why_is_the_gates_foundation_helping_monsanto_push_genetically_modified_food/
2012-05-11,18:25:27,thy9y,112,Victim's brother hurls shoe in Norway court at mass killer Anders Behring Breivik,thelocal.no,http://www.thelocal.no/page/view/victims-brother-hurls-shoe-at-breivik
2012-05-11,16:05:23,thuwb,110,Rhino poacher killed in Kruger shoot out. ,news24.com,http://www.news24.com/SouthAfrica/News/Rhino-poacher-killed-in-Kruger-shoot-out-20120510
2012-05-11,23:50:53,ti80n,94,Game Over for the Climate: Canada’s tar sands contain twice the amount of carbon dioxide emitted by global oil use in our entire history.,nytimes.com,http://www.nytimes.com/2012/05/10/opinion/game-over-for-the-climate.html
2012-05-11,01:21:14,tgnmj,85,The wreckage of a Russian Sukhoi Superjet 100 has been found in Indonesia after smashing into the steep side of a volcano during a flight to impress potential buyers. All 50 people on board feared dead.,nytimes.com,http://www.nytimes.com/2012/05/11/world/asia/russia-plane-crash-indonesia-wreckage-found.html?_r=1&ref=world
2012-05-11,16:06:40,thuxl,86,Kalashnikov promenade: Blogger embarrasses Moscow cops,rt.com,http://rt.com/news/kalashnikov-promenade-moscow-police-900/
2012-05-11,21:21:49,ti27l,89,Protests in Philippines over China dispute:  Hundreds take to streets in Manila to protest against Beijing's claim to South China Sea islands.,aljazeera.com,http://www.aljazeera.com/news/asia-pacific/2012/05/201251144447223660.html
2012-05-11,16:36:32,thvpo,80,Israel's Knesset to take up a bill that could transform outposts throughout the West Bank into legal settlements overnight.,jpost.com,http://www.jpost.com/DiplomacyAndPolitics/Article.aspx?ID=269570&R=R1
2012-05-11,19:28:15,thzkh,79,Mahmoud Shokraye given a sentence of 25 lashes for drawing a caricature of a local MP that was deemed insulting,guardian.co.uk,http://www.guardian.co.uk/world/2012/may/10/iranian-cartoonist-mahmoud-shokraye-conviction
2012-05-11,11:48:17,thkuz,75,Islam critic Hirsi Ali wins German media prize:  Dutch writer and Islam critic Ayaan Hirsi Ali is to receive a special award by German publishing house Axel Springer to honor her outspoken attitude and commitment to women's rights. ,dw.de,"http://www.dw.de/dw/article/0,,15941156,00.html"
2012-05-12,04:10:03,til9u,70,Former News International chief executive Rebekah Brooks has told the British inquiry into media ethics that she discussed phone hacking with British prime minister David Cameron at a party in 2010. ,abc.net.au,http://www.abc.net.au/news/2012-05-11/brooks-discussed-phone-hacking-with-british-pm/4006980
2012-05-11,22:21:14,ti457,68,Why Science Is Better When It's Multinational:  International diversity is just as important as diversity of discipline when it comes to scientific discovery,scientificamerican.com,http://www.scientificamerican.com/article.cfm?id=boundary-conditions
2012-05-11,06:28:21,th4gp,63,Argentina Approves Law Making Sex-Change Surgery a Legal Right,medicaldaily.com,http://www.medicaldaily.com/news/20120510/9834/argentina-sex-change-transgender-rights-law.htm
2012-05-11,21:14:36,ti203,64,"Nigerian universities demand bribes for admission:  With a shortage of college spaces, prospective students complain that wealth and connections trump entrance exam scores.
",globalpost.com,http://www.globalpost.com/dispatch/news/regions/africa/nigeria/120508/nigeria-news-university-corruption-admissions
2012-05-11,18:57:11,thyxe,63,"Greek parties scramble to avert new vote: The leaders of Greece's once-dominant political parties made a last push on Friday to form a coalition and avert a new election, which a poll showed would all but wipe them out and give victory to a radical leftist who rejects an EU bailout.",reuters.com,http://www.reuters.com/article/2012/05/11/us-greece-idUSBRE8440DG20120511?feedType=RSS&fee
2012-05-12,04:19:52,tilr8,51,Chilean Earthquake Restores Beaches - A recent powerful earthquake reversed years worth of coastal erosion at beaches in Chile.,scientificamerican.com,http://www.scientificamerican.com/article.cfm?id=chilean-earthquake-restores-beaches
2012-05-11,21:47:56,ti30q,54,Banks prepare for the return of the drachma,uk.reuters.com,http://uk.reuters.com/article/2012/05/11/uk-banks-drachma-idUKBRE84A0D920120511
2012-05-11,10:40:02,thha3,27,"The leftist anti-bailout SYRIZA party has gained support since an inconclusive election on Sunday to become Greece's most popular party, the first opinion poll to be published after the vote showed on Thursday.",reuters.com,http://www.reuters.com/article/2012/05/10/us-greece-poll-idUSBRE84915C20120510
2012-05-11,17:35:41,thx35,33,Pirate Bay Founder Peter Sunde Requests Pardon,torrentfreak.com,http://torrentfreak.com/pirate-bay-founder-peter-sunde-requests-pardon-120511/
2012-05-11,11:22:47,thjju,20,"China’s Growth Slows, and Its Social Model Shows Limits:  Signs of a slowing economy and recent political upheavals in China add urgency to questions of how much control the state should exert, in business and in the lives of citizens.",nytimes.com,http://www.nytimes.com/2012/05/11/world/asia/chinas-unique-economic-model-gets-new-scrutiny.html
2012-05-11,19:15:26,thzbj,25,The Great Book Robbery - Was the appropriation of Palestinian books and manuscripts in 1948 a case of cultural theft or preservation?,aljazeera.com,http://www.aljazeera.com/programmes/witness/2012/05/20125915313256768.html
