2012-12-16,06:07:12,14wuwz,2286,"Body-Slamming Piglets to Death is Humane, Big Food Lobby Claims - Harrowing video of  Canadian pig farm shows workers body-slamming piglets into the floor, swinging them into metal posts & kicking them when they can’t stand up.  Pork industry  says much on video is widely accepted practice.

",vancouversun.com,http://www.vancouversun.com/business/Body+slamming+piglets+death+humane+pork+experts+with+graphic+video/7677326/story.html
2012-12-16,00:00:12,14wbia,1982,Pope Says Gay Marriage Poses A Threat To 'Justice And Peace' In World Day Of Peace 2013 Address,huffingtonpost.com,http://www.huffingtonpost.com/2012/12/14/pope-gay-marriage-threat-justice-peace-world-day-of-peace-2013_n_2303534.html
2012-12-16,14:17:16,14xjw4,1871,Salvation Army volunteer tells gay rights supporters not to donate.,bc.ctvnews.ca,http://bc.ctvnews.ca/b-c-salvation-army-volunteer-tells-gay-rights-supporters-not-to-donate-1.1081136
2012-12-16,21:09:13,14xv2k,1587,"Danes are the happiest people in the world. ""Once again, the US failed to make the top 10 list of happiest nations in the world, while all the Scandinavian nations did. They all have small stable populations. The US has the highest population growth rate of any industrialized nation.""",culturechange.org,http://www.culturechange.org/cms/content/view/865/1/
2012-12-16,19:05:53,14xsa2,1583,"Category 4-5 Hurricane Evan devastates Samoa, Fiji and is predicted to hit New Zealand on Friday",stuff.co.nz,http://www.stuff.co.nz/world/south-pacific/8086706/Super-cyclone-Evan-targeting-Fiji
2012-12-16,20:10:41,14xtn9,1477,"
Secular Britain is ruled by religious bureaucrats: Why is the church still such a force in our society when most of us disregard its clerics' teachings?
",guardian.co.uk,http://www.guardian.co.uk/commentisfree/2012/dec/16/secular-britain-ruled-by-religious-bureaucrats
2012-12-16,16:21:40,14xoe2,1284,"In Turkey, there lives a mysterious minority known as the “secret Armenians.” They have been hiding in the open for nearly a century. Outwardly, they are Turks or Kurds, but the secret Armenians are actually descendants of the survivors of the 1915 Genocide,",ianyanmag.com,http://www.ianyanmag.com/2012/12/04/a-lost-map-on-the-tramway-in-istanbul/
2012-12-16,22:51:19,14xxrd,540,Music Industry Threatens to Bankrupt Pirate Party Members,torrentfreak.com,https://torrentfreak.com/music-industry-threatens-to-bankrupt-pirate-party-members-121215/
2012-12-16,22:49:18,14xxoz,386,"Syrian fighter jets bombed the Palestinian Yarmouk camp in Damascus on Sunday, killing at least 25 people sheltering in a mosque",reuters.com,http://www.reuters.com/article/2012/12/16/us-syria-crisis-idUSBRE8AJ1FK20121216
2012-12-16,23:53:57,14xzyi,383,"French actor, Gerard Depardieu, plans to give up his French citizenship after being ""insulted"" by the PM for wanting to move to Belgium for ""tax purposes""",france24.com,http://www.france24.com/en/20121216-depardieu-tax-belgium-french-passport-ayrault-journal-dimanche?ns_campaign=editorial&ns_source=FB&ns_mchannel=reseaux_sociaux&ns_fee=0&ns_linkname=20121216_depardieu_tax_belgium_french_passport_ayrault
2012-12-16,23:39:11,14xze4,227,China's Recent Trade Statistics Have Been Artificially Inflated,forbes.com,http://www.forbes.com/sites/gordonchang/2012/12/16/chinas-recent-trade-statistics-have-been-artificially-inflated/
2012-12-16,23:07:42,14xyag,137,An Afghan Mystery: Why Are Large Shipments of Gold Leaving the Country?,nytimes.com,http://www.nytimes.com/2012/12/16/world/asia/as-gold-is-spirited-out-of-afghanistan-officials-wonder-why.html?_r=0
2012-12-16,16:21:31,14xodt,132,Free Syrian Army top commander killed in Syria's Aleppo,english.ahram.org.eg,http://english.ahram.org.eg/NewsContent/2/8/60568/World/Region/Free-Syrian-Army-top-commander-killed-in-Syrias-Al.aspx
2012-12-16,21:37:27,14xvpx,106,"Secrecy the Standard as Canada Enters TPP Talks: 'The talks remain shrouded in secrecy, with a draft text that is confidential; public interest groups are largely banned from the venue where the negotiations are being held.'",michaelgeist.ca,http://www.michaelgeist.ca/content/view/6720/135/
2012-12-16,19:58:29,14xte8,106,"
H&M comes under pressure to act on child-labour cotton: Anti-slavery charity lobbies high street stores over links with clothing suppliers who buy from Uzbekistan
",guardian.co.uk,http://www.guardian.co.uk/business/2012/dec/15/cotton-child-labour-uzbekistan-fashion
2012-12-16,12:46:37,14xfs8,95,Why North Korea Can't Count on China's Patronage Forever:  Beijing's support for Pyongyang is at growing odds with its international responsibilities.,theatlantic.com,http://www.theatlantic.com/international/archive/2012/12/why-north-korea-cant-count-on-chinas-patronage-forever/266195/
2012-12-16,06:44:30,14wx1v,91,"Outdoor air pollution has been listed as one of the top ten killers in the world, with 65 percent of the air pollution deaths occurring in Asia and close to quarter of this in India",zeenews.india.com,http://zeenews.india.com/news/health/health-news/65-air-pollution-deaths-in-asia-study_20005.html
2012-12-16,23:19:52,14xypi,91,British Columbia's Path to Marijuana Legalization,huffingtonpost.ca,http://www.huffingtonpost.ca/2012/12/15/bc-marijuana-legalization-historical-landmarks_n_2247085.html?utm_hp_ref=canada-british-columbia
2012-12-16,13:14:33,14xh4o,87,European Court of Human Rights rules in former CIA detainee's favor,latimes.com,"http://www.latimes.com/news/nationworld/world/la-fg-europe-renditions-20121214,0,2728535.story"
2012-12-16,18:49:09,14xrx7,66,"
Rendition, Zero Dark Thirty and the brutal reality of Britain's secret services",guardian.co.uk,http://www.guardian.co.uk/commentisfree/2012/dec/16/rendition-zero-dark-thirty-secret-services
2012-12-16,20:15:30,14xtrl,63,Japan's conservative LDP back in power with two-thirds majority,reuters.com,http://www.reuters.com/article/2012/12/16/us-japan-election-idUSBRE8BE05E20121216
2012-12-16,20:45:24,14xuhd,62,File Sharing Lawsuits Could Lead to Clogged Courts as Canadians Rely on New Liability Caps: '.. a Montreal-based company has captured data on one million Canadians who it says have engaged in unauthorized file sharing.',michaelgeist.ca,http://www.michaelgeist.ca/content/view/6717/135/
2012-12-16,03:16:11,14wlgf,54,UN Concerned Over Egyptian Women’s Rights in Proposed Constitution - Very few women were involved in drafting the constitution. “Women’s perspectives were grossly under-represented in the final draft.”  Women’s right to equality can't be justified by religious or cultural tradition.,dailynewsegypt.com,http://dailynewsegypt.com/2012/12/15/un-experts-concerned-over-womens-rights-in-proposed-constitution/
2012-12-16,02:23:00,14wii9,48,Iran's army chief of staff warned NATO on Saturday that stationing Patriot anti-missile batteries on Turkey's border with Syria was setting the stage for world war.,reuters.com,http://www.reuters.com/article/2012/12/15/us-syria-crisis-idUSBRE8AJ1FK20121215
2012-12-16,09:13:45,14x51s,48,"People in Japan are voting in a general election, where former leader Shinzo Abe is challenging the current Prime Minister, Yoshihiko Noda.",bbc.co.uk,http://www.bbc.co.uk/news/world-asia-20745165
2012-12-16,12:50:25,14xfzl,40,"Unemployment and Poverty: As in other struggling European economies, the youth of France face dire prospects. Some 26% are unemployed, and almost as many live in poverty. Though the problem has been there for decades, ambitious political programs have improved little",spiegel.de,http://www.spiegel.de/international/europe/high-youth-unemployment-and-poverty-in-france-breed-hopelessness-a-872943.html
2012-12-16,01:15:17,14weys,23,"Terrorists fire rockets at Peshawar airport, 4 dead - The Times of India",timesofindia.indiatimes.com,http://timesofindia.indiatimes.com/world/pakistan/Terrorists-fire-rockets-at-Peshawar-airport-4-dead/articleshow/17629826.cms
2012-12-16,22:12:30,14xwn0,24,Japan: Police admit improper methods / Kanagawa officials say faulty interrogation led to false arrest in cybercrime case,yomiuri.co.jp,http://www.yomiuri.co.jp/dy/national/T121215002462.htm
2012-12-16,23:07:24,14xya3,24, Sudan suspects Israel of using vultures as spy drones ,france24.com,http://www.france24.com/en/20121213-sudan-captures-israeli-spy-vulture
2012-12-16,05:27:22,14wspx,21,"Alan Turing Pardon? Stephen Hawking, Other Scientists Urge Forgiveness For Gay Computer Icon",huffingtonpost.com,http://www.huffingtonpost.com/2012/12/14/alan-turing-pardon-stephen-hawking-gay-computer-icon_n_2301097.html
