2012-11-25,01:20:26,13pwv6,3288,China's Toxic Milk Whistleblower Murdered,ntdtv.org,http://ntdtv.org/en/news/china/2012-11-23/china-s-toxic-milk-whistleblower-murdered.html
2012-11-25,10:54:58,13qqze,2949,Sanal Edamaruku faces jail for revealing 'tears' trickling down a Mumbai church statue came from clogged drainage pipes,guardian.co.uk,http://www.guardian.co.uk/world/2012/nov/23/india-blasphemy-jesus-tears
2012-11-25,23:20:52,13rf0l,2628,"Japan Working on 300 MPH Floating Train - The Series Lo prototype is a magnetic levitation train, floating above its track & moving forward thanks to powerful magnets. It'll run from Tokyo to Nagoya, & travel as fast as 500 kilometers per hour (about 311 mph). ",businessinsider.com,http://www.businessinsider.com/japan-building-magnetic-levitation-train-2012-11
2012-11-25,17:47:55,13r705,2263," Several thousand people have turned out for a rally in Mali's capital, Bamako, to show support for ""the authentic Islam"" and to say no to religious extremism",nytimes.com,http://www.nytimes.com/aponline/2012/11/24/world/africa/ap-af-mali-anti-extremism-rally.html?smid=re-share
2012-11-25,00:10:38,13ptnn,1707,"Arafat's Body to be Exhumed to Test for Poison - French opened  murder inquiry after  Swiss  found high levels of radioactive polonium on his clothing, supplied by his widow. Palestinians say they've ""evidence suggesting Arafat was assassinated by Israelis"". Israel denies any involvement.",worldnews.nbcnews.com,http://worldnews.nbcnews.com/_news/2012/11/24/15410583-arafats-body-to-be-exhumed-tuesday-to-test-for-poison?lite
2012-11-25,20:02:08,13r9qt,837,"Scientists Rush To Save Manta Rays, The 'Pandas Of The Ocean'",behindthewall.nbcnews.com,http://behindthewall.nbcnews.com/_news/2012/11/24/15054305-scientists-rush-to-save-manta-rays-the-pandas-of-the-ocean?lite
2012-11-25,22:59:22,13re8s,397,"Nearly 10,000 march in Kuala Lumpur to stop controversial rare earth plant",news.xinhuanet.com,http://news.xinhuanet.com/english/world/2012-11/25/c_131998115.htm
2012-11-25,14:29:37,13r15u,340,"A Chinese-made fighter jet has landed on Beijing's first aircraft carrier, the Liaoning",bbc.co.uk,http://www.bbc.co.uk/news/world-asia-china-20483716
2012-11-25,01:13:00,13pwhu,282,"C.S. Lewis to be honoured with stone in Poets' Corner, Westminster Abbey",bbc.co.uk,http://www.bbc.co.uk/news/entertainment-arts-20426778
2012-11-25,22:30:20,13rddx,249,Syrian rebels capture air base near Damascus,chron.com,http://www.chron.com/news/world/article/Syrian-rebels-capture-air-base-near-Damascus-4064888.php
2012-11-25,16:08:38,13r4i7,205,China will build the worlds tallest building using giant lego like pieces... In a total of 90 days.,theatlanticwire.com,http://www.theatlanticwire.com/global/2012/11/how-build-worlds-tallest-skyscraper-90-days/59278/
2012-11-25,12:55:29,13qwyx,196,Bangladesh clothes factory fire kills 'at least 120',bbc.co.uk,http://www.bbc.co.uk/news/world-asia-20482273
2012-11-25,05:21:06,13q9j6,193,"Atheists and Islam: Ex-Muslim atheists are becoming more outspoken, but tolerance is still rare",economist.com,http://www.economist.com/news/international/21567059-ex-muslim-atheists-are-becoming-more-outspoken-tolerance-still-rare-no-god-not?fsrc=scn/fb/wl/pe/nogodnotevenallah
2012-11-25,22:58:33,13re81,171,Self-immolations on rise in Tibet ,cnn.com,http://www.cnn.com/2012/11/22/world/asia/china-tibet-self-immolations/index.html?hpt=hp_bn2
2012-11-25,06:00:49,13qbug,132,Toronto police recover $2 million worth of toys and donated goods stolen from a Salvation Army warehouse,bigstory.ap.org,http://bigstory.ap.org/article/police-recover-items-stolen-salvation-army
2012-11-25,23:22:21,13rf2z,127,Europe mulls banning 'boxes' for abandoned babies: 'The box is a warm incubator that can be opened from an outside wall of a hospital where a desperate parent can anonymously leave an unwanted infant.',apnews.excite.com,http://apnews.excite.com/article/20121125/DA2OV8KG1.html
2012-11-25,01:42:30,13pxy0,116,Greek police have recovered antiquities stolen from a museum in Ancient Olympia and arrested three people after one of them tried to sell an ancient gold ring to an undercover policeman,reuters.com,http://www.reuters.com/article/2012/11/24/us-greece-olympia-idUSBRE8AN08H20121124
2012-11-25,22:49:52,13rdxa,108,Iran warns Turkey not to deploy Patriot missiles,hurriyetdailynews.com,http://www.hurriyetdailynews.com/iran-warns-turkey-not-to-deploy-patriot-missiles.aspx?pageID=238&nID=35384&NewsCatID=352
2012-11-25,00:34:29,13pun5,101,Swedish toy firm drops gender roles for Christmas,thelocal.se,http://www.thelocal.se/44628/20121124/
2012-11-25,23:55:58,13rgbt,98,Boris: we are losing India to the Americans - Telegraph,telegraph.co.uk,http://www.telegraph.co.uk/news/politics/london-mayor-election/mayor-of-london/9701325/Boris-we-are-losing-India-to-the-Americans.html
2012-11-25,15:34:52,13r3j8,64,Report: Israeli spy satellites spot Iranian ship being loaded with rockets for Gaza,haaretz.com,http://www.haaretz.com/news/diplomacy-defense/report-israeli-spy-satellites-spot-iranian-ship-being-loaded-with-rockets-for-gaza-1.480303?localLinksEnabled=false
2012-11-25,02:24:58,13q02x,59,"Pakistani Lawyers become Thugs, Beat and Terrorize Cops and Judges in their black suits and ties",thestar.com,http://www.thestar.com/news/world/article/1292243---gangster-lawyers-of-lahore-from-heroes-to-hooligans
2012-11-25,22:29:00,13rdck,51,Pakistani Taliban claim responsibility for bomb attack on Shia procession,guardian.co.uk,http://www.guardian.co.uk/world/2012/nov/25/pakistan-bomb-shia-procession-taliban
2012-11-25,08:39:25,13qk67,51,India's clothing workers: 'They slap us and call us dogs and monkeys'. Human rights tribunal hears allegations of abuse and low pay against clothing companies that supply high street stores,guardian.co.uk,http://www.guardian.co.uk/world/2012/nov/25/india-clothing-workers-slave-wages
2012-11-25,13:01:51,13qx9i,42,"Sunni extremists arrested over threats to Shia Muslims - in Sydney, Australia",smh.com.au,http://www.smh.com.au/nsw/police-detain-two-after-threat-against-mosque-20121125-2a188.html
2012-11-25,03:43:10,13q479,39,"German-Israeli ties: Still best of friends? - Despite German Chancellor Angela Merkel's strong, traditional backing for Israel, some Germans are becoming more critical of the country and calling into question Germany's unequivocal support. ",dw.de,http://www.dw.de/german-israeli-ties-still-best-of-friends/a-16400725
2012-11-25,00:13:50,13ptsu,37,Crisis over president's powers exposes Egypt divisions,news.yahoo.com,http://news.yahoo.com/clashes-cairo-mursi-seizes-powers-063444506.html
2012-11-25,09:51:23,13qntj,36,"Syrians on a verge of a refugee crisis as hundreds of thousands of displaced by the war, now face the onslaught of winter with inadequate shelter: ""2.5 million people need humanitarian assistance""",nytimes.com,http://www.nytimes.com/2012/11/25/world/middleeast/winter-threatens-syrian-refugees-as-aid-falls-short.html
2012-11-25,01:12:18,13pwh1,28,"Fishing restrictions loosened in Gaza cease-fire, Hamas said",cnn.com,http://www.cnn.com/2012/11/24/world/meast/gaza-israel-ceasefire/
2012-11-25,21:16:44,13rbd2,25,"Catalonia votes in independence litmus test - Voters in northeastern Spain's Catalonia region are going to the polls. If the current regional government is reelected, it could be seen as a sign of support for Catalonia to separate from Spain. ",dw.de,http://www.dw.de/catalonia-votes-in-independence-litmus-test/a-16404125
