2012-07-25,02:25:55,x2ytu,2638,Gorillas Seen Destroying and Dismantling  Poachers' Snares In Rwanda ,huffingtonpost.co.uk,http://www.huffingtonpost.co.uk/2012/07/24/gorillas-seen-destroying-snares-in-rwanda_n_1698183.html
2012-07-25,19:12:21,x4id1,1966,BBC News - Gay marriage to be introduced in Scotland,bbc.co.uk,http://www.bbc.co.uk/news/uk-scotland-scotland-politics-18981287
2012-07-25,00:10:23,x2qcc,1217,"Iranian nuclear facilities hit by AC/DC virus that turns off automated system operations, turns on PCs at night playing 'Thunderstruck'",rt.com,http://www.rt.com/news/iran-computer-virus-acdc-940/
2012-07-25,06:53:19,x3h1d,1175,"A Mexican official says the CIA and other international security forces ""don't fight drug traffickers"" as much as ""try to manage the drug trade"" - ""It's like pest control companies, if you finish off the pests, you are out of a job. If they finish the drug business, they finish their jobs.""",aljazeera.com,http://www.aljazeera.com/indepth/features/2012/07/2012721152715628181.html?utm_content=features&utm_campaign=features&utm_source=twitter&utm_term=rss&utm_medium=tweet
2012-07-25,09:49:30,x3s21,1114,Six women rape man to death,dailypost.com.ng,http://dailypost.com.ng/2012/07/18/six-women-rape-man-death-benue-state/
2012-07-25,14:27:27,x48km,947,The world is closer to a food crisis than most realize,guardian.co.uk,http://www.guardian.co.uk/environment/2012/jul/24/world-food-crisis-closer
2012-07-25,23:39:09,x4s4g,804,"11 year old sneaks on to flight , ends up in italy",menmedia.co.uk,http://menmedia.co.uk/manchestereveningnews/news/s/1584312_runaway-boy-11-jets-to-rome-alone-after-slipping-through-security-at-manchester-airport
2012-07-25,21:24:07,x4m3y,432,Kim Jong Un gets married.,sg.finance.yahoo.com,http://sg.finance.yahoo.com/news/report-kim-jong-un-now-114300930.html
2012-07-25,05:43:04,x3cak,229,"""Street Art"" banned in London ahead of Olympics, Artists banned from going within a mile of any venue.",guardian.co.uk,http://www.guardian.co.uk/artanddesign/2012/jul/18/graffiti-artist-adidas-banned-olympic
2012-07-25,13:51:25,x46oh,207,Gun control debate about to go international.  The first draft of a new U.N. treaty to regulate the multibillion dollar global arms trade has sparked criticism,cbsnews.com,http://www.cbsnews.com/8301-202_162-57479365/gun-control-debate-about-to-go-international/?tag=reddit
2012-07-25,17:22:00,x4fdo,187,Burma's monks call for Muslim community to be shunned - the Rohingya - one of the world's most oppressed groups,independent.co.uk,http://www.independent.co.uk/news/world/asia/burmas-monks-call-for-muslim-community-to-be-shunned-7973317.html
2012-07-25,00:41:53,x2s9a,165,"There is an epidemic of stabbings against doctors in China: ""When the doctor in Harbin was stabbed to death, netizens were cheering for the murderer,” says 26-year-old Liang Yingcong, a doctor at Peking University First Hospital in Beijing. “There is something wrong with society.”",economist.com,http://www.economist.com/node/21559377
2012-07-25,23:29:58,x4rnm,162,"Julian Assange defence to be led by Spanish jurist Baltasar Garzón, renowned human rights investigator who indicted Augusto Pinochet",guardian.co.uk,http://www.guardian.co.uk/media/2012/jul/25/julian-assange-defence-baltasar-garzon
2012-07-25,10:34:51,x3usw,137,"Wikileaks says famous Spanish judge Baltasar Garzon, best known for indicting former Chilean dictator Augusto Pinochet in 1998, to lead Assange legal team",washingtonpost.com,http://www.washingtonpost.com/world/europe/wikileaks-says-famous-spanish-judge-baltasar-garzon-to-lead-assange-legal-team/2012/07/24/gJQAVKFP7W_story.html
2012-07-25,15:37:34,x4bua,128,20% of all Spanish Homes Currently Sit Empty,edition.cnn.com,http://edition.cnn.com/video/?hpt=hp_mid#/video/world/2012/07/23/ctw-pkg-quest-spain-indebted-town.cnn
2012-07-25,19:15:06,x4ifk,126,Why is India so bad for women?,guardian.co.uk,http://www.guardian.co.uk/world/2012/jul/23/why-india-bad-for-women
2012-07-25,06:44:36,x3gfh,80,"The US Central Intelligence Agency and other international security forces ""don't fight drug traffickers"", a spokesman for the Chihuahua state government in northern Mexico has told Al Jazeera, instead ""they try to manage the drug trade""",aljazeera.com,http://www.aljazeera.com/indepth/features/2012/07/2012721152715628181.html?utm_content=automate&utm_campaign=Trial6&utm_source=NewSocialFlow&utm_term=plustweets&utm_medium=MasterAccount
2012-07-26,01:19:27,x4y0m,74,Sanford I. Weill former Citigroup chief who helped to destroy what remained of the wall between commercial and investment banking is effectively advocating its return.,theglobeandmail.com,http://www.theglobeandmail.com/globe-investor/investment-ideas/streetwise/former-citigroup-chief-break-up-the-banks/article4440178/
2012-07-26,00:10:24,x4tuj,69,The First Person in the World to be Cured of HIV....,uk.lifestyle.yahoo.com,http://uk.lifestyle.yahoo.com/being-cured-hiv-wonderful-us-man-says-210229529.html
2012-07-25,21:56:37,x4nai,68,"Beijing flooded and coated in mud, and the government doesn't want to talk about it",cnn.com,http://www.cnn.com/2012/07/25/world/asia/beijing-flood-mayor-resigns/index.html?hpt=hp_t2
2012-07-25,22:03:26,x4nlb,66,700m smuggling tunnel found between Ukraine and EU,economist.com,http://www.economist.com/node/21559555
2012-07-25,23:20:28,x4r6b,64,"Turkey sealed its border with Syria to all traffic except refugees on Wednesday, citing worsening security conditions following escalating skirmishes close to the frontier which last week saw rebel fighters capture at least two crossing points.",online.wsj.com,http://online.wsj.com/article/SB10000872396390443931404577548661447075818.html?mod=WSJ_World_LEFTSecondNews
2012-07-25,17:36:52,x4fsb,58,Tony Blair denies praying with George Bush,guardian.co.uk,http://www.guardian.co.uk/politics/2012/jul/25/tony-blair-denies-praying-george-bush
2012-07-26,00:00:39,x4tc3,53,"Archaeologists have unearthed a skeleton believed to be the body of Lisa Gherardini, the Florentine noblewoman widely believed to have served as the muse for Leonardo da Vinci's 'Mona Lisa'",bbc.co.uk,http://www.bbc.co.uk/news/world-18982506
2012-07-25,20:55:24,x4l5v,46,Indonesia's condom campaign to fight Aids criticised by religious groups:  Approach to preventing HIV and Aids draws accusations from conservative Muslims that government is promoting promiscuity,guardian.co.uk,http://www.guardian.co.uk/global-development/2012/jul/24/indonesia-condom-aids-religious-groups
2012-07-25,09:07:54,x3phq,40,Canadian spy 'sold Australian intel to Russia':  Australian and Canadian officials are reportedly in discussions about a spy who allegedly passed information from Australia and the US to a foreign power.,abc.net.au,http://www.abc.net.au/news/2012-07-25/canadian-spy-sold-documents-to-russia/4152920
2012-07-25,03:45:48,x34fc,34,"Denied visa by US to attend an International AIDS conference, sex workers hold parallel conference  in Kolkata",ndtv.com,http://www.ndtv.com/article/cities/denied-visa-by-us-sex-workers-hold-parallel-conference-in-kolkata-247100?pfrom=home-cities
2012-07-26,03:09:11,x55c9,23,An Iranian-led shipping venture that predates the 1979 Islamic Revolution is now unraveling as one of the most high-profile blows from international sanctions and U.S.-driven efforts to drive wedges between Tehran and its key trading partners.,hosted.ap.org,http://hosted.ap.org/dynamic/stories/A/AS_INDIA_IRAN?SITE=RIPAW&SECTION=HOME&TEMPLATE=DEFAULT
2012-07-25,17:08:52,x4f0n,21,"After 500 days, Fukushima No. 1 plant still not out of the woods - AJW by The Asahi Shimbun",ajw.asahi.com,http://ajw.asahi.com/article/0311disaster/fukushima/AJ201207240087
2012-07-25,01:05:04,x2toa,22,The Checkpoint: Inside the conflicted mind of an Israeli soldier in the West Bank,bostonreview.net,http://www.bostonreview.net/BR37.4/oded_naaman_israeli_defense_forces_palestinians_occupation.php
