2012-11-14,20:43:05,136fnj,2973,UN says access to contraception a human right,news.yahoo.com,Http://news.yahoo.com/un-says-access-contraception-human-122456723.html
2012-11-14,03:07:04,134wdw,2591,Porn sites appear in Islamic countries’ most-visited online rankings,english.alarabiya.net,http://english.alarabiya.net/articles/2012/11/13/249405.html
2012-11-14,08:42:08,135j7e,2541,"Woman denied an abortion dies in hospital - The Irish Times - Wed, Nov 14, 2012 Xpost r/Feminism",irishtimes.com,http://www.irishtimes.com/newspaper/frontpage/2012/1114/1224326575203.html
2012-11-14,22:28:28,136jnz,2264,Hamas military chief Ahmed Jabari killed by Israeli strike,haaretz.com,http://www.haaretz.com/news/diplomacy-defense/hamas-military-chief-ahmed-jabari-killed-by-israeli-strike-1.477819
2012-11-14,02:38:39,134ue7,1112,UN once again votes to condemn US embargo against Cuba,washingtonpost.com,http://www.washingtonpost.com/world/the_americas/un-once-again-votes-to-condemn-us-embargo-against-cuba/2012/11/13/8c3b15b0-2dbb-11e2-b631-2aad9d9c73ac_story.html?tid=sm_btn_reddit
2012-11-14,13:35:55,13620j,859,"Death penalty request over Afghan massacre - US army prosecutors request court-martial and death penalty for Sgt. Robert Bales, accused of killing 16 villagers",aljazeera.com,http://www.aljazeera.com/news/americas/2012/11/2012111424053931314.html
2012-11-14,02:21:25,134t7j,570,"Cannabis taxation: a win-win all round, Richard Branson tells UK MPs",guardian.co.uk,http://www.guardian.co.uk/politics/2012/jan/24/cannabis-tax-branson-mps-virgin
2012-11-14,02:46:49,134uyx,337,"140 people (90 police officers) have been murdered in San Paulo, Brazil over the past 2 weeks by an organized crime syndicate know as First Capital Command (x-post r/mafia)",sfgate.com,http://www.sfgate.com/news/crime/article/Wave-of-killings-sweeps-Brazil-s-biggest-city-4026221.php
2012-11-14,21:33:10,136hcv,329,"Proselytizers, be warned: Jamaica bans Bible preaching on commuter buses",bbc.co.uk,http://www.bbc.co.uk/news/world-latin-america-20320492
2012-11-14,22:28:53,136jor,286,Israeli Air Strike kills Hamas militant chief Ahmed Jabaari,google.com,http://www.google.com/hostednews/ap/article/ALeqM5gjo-SraxTbEUOYQCt9ngJUk2MbHA?docId=39be3d6b89fd400fafaf054a65cbf84b
2012-11-14,02:50:10,134v75,189,"Putin, Obama confirm interest in consistent development of Russian-US relations",english.ruvr.ru,http://english.ruvr.ru/2012_11_13/Putin-Obama-confirm-interest-in-consistent-development-of-Russian-US-relations/
2012-11-14,03:24:57,134xmt,175,U.N. Urges End to U.S. Cuba Embargo for 21st Year,nytimes.com,http://www.nytimes.com/reuters/2012/11/13/world/americas/13reuters-cuba-embargo-un.html
2012-11-14,02:51:26,134vaa,171,"Middle class now rivals poor in Latin America: World Bank. Rapid economic growth and more inclusive social policies in Latin America in the last decade have lifted 50 million people into the middle class, which for the first time rivals the poor in number, the World Bank said in a study on Tuesday.",in.reuters.com,http://in.reuters.com/article/2012/11/13/us-worldbank-latam-middle-class-idINBRE8AC0UH20121113
2012-11-14,02:11:49,134slm,160,"Afghan Warlord’s Call to Arms Rattles Officials - ""One of the most powerful mujahedeen commanders in Afghanistan, Ismail Khan, is calling on his followers to reorganize and defend the country against the Taliban as Western militaries withdraw""",nytimes.com,http://www.nytimes.com/2012/11/13/world/asia/ismail-khan-powerful-afghan-stokes-concern-in-kabul.html?pagewanted=all
2012-11-14,21:25:51,136h2t,160,Isreal considers toppling Palestinian Authority if bid for UN non-member state is approved,bbc.co.uk,http://www.bbc.co.uk/news/world-middle-east-20322405
2012-11-14,16:46:03,1369gs,150,Israel officials warns against Palestinian UN bid. Israel's vice premier says the Palestinians would violate their peace accords with Israel by seeking recognition of an independent state of Palestine at the UN.,miamiherald.com,http://www.miamiherald.com/2012/11/14/3096293/israel-officials-warns-against.html
2012-11-14,02:00:14,134rsj,151,"A man described as a modern-day Rasputin was convicted Tuesday of brainwashing three generations of an aristocratic French family for nearly a decade, swindling them of their fortune and their turreted manor.",seattlepi.com,http://www.seattlepi.com/news/crime/article/Swindler-of-French-aristocrats-gets-8-years-4031490.php
2012-11-14,02:54:19,134vhu,145,'France has become the first European nation to recognize Syria's opposition coalition as the sole legitimate representative of the Syrian people.',bbc.co.uk,http://www.bbc.co.uk/news/world-middle-east-20319787
2012-11-14,19:15:25,136d4d,125,"Anti-austerity strikes sweep Europe: Spain, Portugal, Belgium, Greece, Italy and France rising in a European Day of Action and Solidarity.",reuters.com,http://www.reuters.com/article/2012/11/14/uk-spain-portugal-strike-idUSLNE8AD00P20121114
2012-11-14,05:53:26,1358dj,119,Study finds more men in Sweden sell sex than women.,thelocal.se,http://www.thelocal.se/44386/20121113/
2012-11-14,06:50:28,135cc6,115,"British ban squatting in empty properties - claim the new law necessary to fight ""anarchists""  - Features - Al Jazeera English",aljazeera.com,http://www.aljazeera.com/indepth/features/2012/11/201211572220964248.html
2012-11-14,13:42:07,1362ci,76,Scandal in Ireland as woman dies in Galway 'after being denied abortion'. Health authorities in Ireland are investigating the death of a pregnant woman whose husband says she was denied an abortion following severe complications.,guardian.co.uk,http://www.guardian.co.uk/world/2012/nov/14/ireland-woman-dies-after-abortion-refusal
2012-11-14,22:33:01,136jwb,77,Israeli air strike kills Hamas military chief Jabari,bbc.co.uk,http://www.bbc.co.uk/news/world-middle-east-20328579
2012-11-14,20:37:37,136fh8,62,Vatican City: True Financial Crime and Murder,blog.mktgeist.com,http://blog.mktgeist.com/2012/11/14/vatican-city-true-financial-crime-and-murder-huffingtonpost/
2012-11-14,09:07:58,135kz0,46,Spaniards Take To Streets To Block Home Evictions,npr.org,http://www.npr.org/2012/11/13/165025717/spaniards-take-to-streets-to-block-home-evictions
2012-11-14,19:26:41,136de3,42,Europe grinds to a halt as series of strikes and austerity protests begin,independent.co.uk,http://www.independent.co.uk/news/world/europe/europe-grinds-to-a-halt-as-series-of-strikes-and-austerity-protests-begin-8315444.html
2012-11-14,07:18:29,135ebb,39,"Protests break out in Jordan, mention king by name
",washingtonpost.com,http://www.washingtonpost.com/blogs/worldviews/wp/2012/11/13/protests-break-out-in-jordan-mention-king-by-name/
2012-11-14,21:06:57,136gfl,43,Doctored artwork depicting a huge robot helping socialist revolutionaries during the Russian Revolution was accidentally included in this year’s year 12 history exam in Australia.,theage.com.au,http://www.theage.com.au/national/education/history-transformed-in-vce-exam-20121114-29ce7.html
2012-11-14,05:51:39,1358a6,40,Pakistan developing combat drones,guardian.co.uk,http://www.guardian.co.uk/world/2012/nov/13/drones-pakistan
2012-11-14,06:55:04,135co7,30,Iran appears to be locked in a fierce internal debate over whether to hold bilateral nuclear talks with the United States.,m.washingtonpost.com,http://m.washingtonpost.com/world/national-security/iran-locked-in-internal-debate-over-whether-to-talk-to-us/2012/11/13/ea36467a-2dad-11e2-a99d-5c4203af7b7a_story.html
