2012-11-18,17:55:56,13e6uz,3177,ATM gives out extra money - the British form an orderly queue,bbc.co.uk,http://www.bbc.co.uk/news/uk-scotland-glasgow-west-20377784
2012-11-18,02:01:06,13cxpr,2743,"Approx 20,000 Irish people are marching today, calling on the Irish government to introduce legislation on abortion. ",universitytimes.ie,http://www.universitytimes.ie/2012/11/16/live-march-for-savita/
2012-11-18,00:19:56,13csg6,1058,"Over the past decade the business of renting out private soldiers has grown from a specialised niche into a global trade, worth as much as $100 billion",economist.com,http://www.economist.com/news/international/21566625-business-private-armies-not-only-growing-changing-shape-bullets-hire?fsrc=scn/tw/te/pe/bulletsforhire
2012-11-18,00:57:44,13cub3,811,"US self-sufficiency in energy is likely to end reliance on Gulf regimes, but biggest loser of all may be Russia",guardian.co.uk,http://www.guardian.co.uk/environment/2012/nov/15/shale-energy-implications-geopolitics-america
2012-11-18,01:47:45,13cwz5,436,"
France : More than 100000 people protest against Gay Marriage",lemonde.fr,http://www.lemonde.fr/societe/article/2012/11/17/forte-mobilisation-a-travers-le-pays-des-opposants-au-mariage-gay_1792315_3224.html
2012-11-18,06:48:20,13de60,383,Chavez: Every Venezuelan to Have Dignified Home by 2019 “Whatever it Costs”,venezuelanalysis.com,http://venezuelanalysis.com/news/7489
2012-11-18,21:34:51,13ebly,353,"Ahmed Jabari, Assassinated Hamas Leader, Received Draft Of Gaza Truce Agreement Shortly Before Death ",huffingtonpost.com,http://www.huffingtonpost.com/2012/11/16/ahmed-jabari-truce-hamas_n_2142045.html
2012-11-18,07:21:03,13dfzf,308,"US denies visas to Iran officials for UN meeting. The Iranian judiciary's Human Rights HQs said in a statement that the US denied visas to an Iranian delegation that planned to travel to a meeting of the UN's 3rd Committee, which focuses on social issues and human rights.",swissinfo.ch,http://www.swissinfo.ch/eng/news/international/U.S._denies_visas_to_Iran_officials_for_U.N._meeting_-_report.html?cid=33983966
2012-11-18,08:28:08,13djk0,244,Metro - Jimmy Carter: 'Israelis’ policy is to confiscate Palestinian territory',metro.us,http://www.metro.us/newyork/national/article/1156393--jimmy-carter-israelis-policy-is-to-confiscate-palestinian-territory
2012-11-18,03:12:07,13d1nv,218,IKEA admits using forced labor in the 80's,nytimes.com,http://www.nytimes.com/2012/11/17/business/global/ikea-to-report-on-allegations-of-using-forced-labor-during-cold-war.html?smid=tw-share&_r=0
2012-11-18,05:27:03,13d9jo,200,"56% of Britons would vote to quit EU in referendum, poll finds",guardian.co.uk,http://www.guardian.co.uk/politics/2012/nov/17/eu-referendum-poll
2012-11-18,22:11:01,13eclj,167,"Palestinians in Gaza fire over 30 rockets into Israel since the morning, injuring four; fragments from intercepted rocket near TA destroy car; Iron Dome intercepts over 17 rockets; IDF hits 70 targets in Gaza",jpost.com,http://www.jpost.com/LandedPages/PrintArticle.aspx?id=292368&RZ
2012-11-18,01:27:38,13cvuq,169,Protests in Jordan intensify: “Down with King Abdullah!”,observers.france24.com,http://observers.france24.com/http%3A/%252Fobservers.france24.com/node/492776-jordan-abdullah-protests-arab-spring-king-opposition-amman-islamist
2012-11-18,00:57:03,13cu9e,147,Syrian rebels capture another military airport,guardian.co.uk,http://www.guardian.co.uk/world/2012/nov/17/syrian-rebels-capture-military-airport
2012-11-18,15:01:08,13e257,141,"Egyptian Convoy heads to Gaza
",dailynewsegypt.com,http://dailynewsegypt.com/2012/11/17/egyptian-convoy-heads-to-gaza/
2012-11-18,21:31:11,13ebi8,133,"
Putin on Pussy Riot: 'I don't think modern Germany should support anti-Semitism'",blog.foreignpolicy.com,http://blog.foreignpolicy.com/posts/2012/11/16/putin_on_pussy_riot_i_dont_think_modern_germany_should_support_anti_semitism
2012-11-18,21:44:26,13ebun,128,"In UK, Hillsborough police accused of sexually harassing survivor: ""One officer pestered a young woman for sex only weeks after the disaster, while other witnesses were reportedly threatened with jail if they did not change accounts that portrayed the police in a negative light.""
",guardian.co.uk,http://www.guardian.co.uk/football/2012/nov/18/hillsborough-police-witness-threats
2012-11-18,21:23:13,13ebap,116,Israel PM says ready to expand Gaza operation after Hamas resumed fire,rt.com,https://rt.com/news/hamas-israel-attack-gaza-983/
2012-11-18,05:06:34,13d8cw,98,Gaza hospitals face dire supply shortages - Middle East - Al Jazeera English,aljazeera.com,http://www.aljazeera.com/news/middleeast/2012/11/2012111774232810865.html
2012-11-18,04:33:37,13d6fo,95,US denies visas to Iran's UN officials,guardian.co.uk,http://www.guardian.co.uk/world/2012/nov/17/iran-usforeignpolicy
2012-11-18,05:37:58,13da5p,93,Elections Canada email trail points to growing suspicions over voter suppression ‘mischief’ during 2011 election,canada.com,http://www.canada.com/Elections+Canada+email+trail+points+growing+suspicions+over+voter+suppression+mischief+during+2011/7562311/story.html#ixzz2CUi7z3Zu
2012-11-18,07:50:22,13dhk9,82, Sierra Leone Votes Peacefully ,voanews.com,http://www.voanews.com/content/sierra-leone-elections/1547999.html
2012-11-18,00:50:13,13ctwv,75,"Rothschilds unite with National Trust to fight plans for high speed rail link - 
Billionaire family & conservation charity combine to propose 'green corridor' for £33bn track",guardian.co.uk,http://www.guardian.co.uk/uk/2012/nov/17/hs2-national-trust-rothschilds
2012-11-18,13:25:31,13dy8u,62,Human Rights Watch accuses Myanmar security forces of supporting some anti-Muslim attacks,washingtonpost.com,http://www.washingtonpost.com/world/asia_pacific/human-rights-watch-accuses-myanmar-security-forces-of-supporting-some-anti-muslim-attacks/2012/11/18/82afd09a-313e-11e2-af17-67abba0676e2_story.html?tid=sm_btn_reddit
2012-11-18,04:47:50,13d79z,50,Spain rejects proposed 75 billion euro budget cut,afp.fr,http://www.afp.fr/en/news/topstories/spains-rajoy-rejects-proposed-75-bn-euro-eu-budget-cut
2012-11-18,00:56:01,13cu7l,51,Tornado causes chaos in Portugal,bbc.co.uk,http://www.bbc.co.uk/news/world-europe-20374171
2012-11-18,21:49:12,13ebyt,46,Mexico’s Zetas drug cartel strikes gold in the coal business,rawstory.com,http://www.rawstory.com/rs/2012/11/17/mexicos-zetas-drug-cartel-strikes-gold-in-the-coal-business/
2012-11-18,18:47:46,13e7wk,44,Mexico ex-mayor beaten to death after surviving two previous attacks,bbc.co.uk,http://www.bbc.co.uk/news/world-latin-america-20381395
2012-11-18,09:54:54,13dnx4,35,"Sierra Leone votes for a new president:  Sierra Leoneans crowded polling stations to vote on Saturday, saying they wanted to elect leaders who would bring prosperity to the poor, conflict-scarred West African state after a decade of recovery from civil war. ",telegraph.co.uk,http://www.telegraph.co.uk/news/worldnews/africaandindianocean/sierraleone/9685059/Sierra-Leone-votes-for-a-new-president.html
2012-11-18,11:41:07,13dt44,28,Eurozone falls back into recession,guardian.co.uk,http://www.guardian.co.uk/business/datablog/interactive/2012/nov/15/eurozone-falls-back-into-recession
