2012-09-29,00:56:00,10mfz7,3170,"Iran news agency picks up ""Onion"" story, tells Iranians rural Americans prefer Ahmadinejad to Obama",cbsnews.com,http://www.cbsnews.com/8301-202_162-57522363/iran-news-agency-picks-up-onion-story-tells-iranians-rural-americans-prefer-ahmadinejad-to-obama/
2012-09-29,16:33:56,10ns0o,2350,‘You really did not manage this well’: Czech president Klaus to bodyguards after being shot with toy handgun.,news.nationalpost.com,http://news.nationalpost.com/2012/09/28/you-really-did-not-manage-this-well-czech-president-to-bodyguards-after-being-shot-with-toy-handgun/
2012-09-29,22:27:47,10nzi3,2189,"Science and social science will be taken out of Indonesian elementary school’s curriculum next year as they are deemed ""irrelevant"".",thejakartaglobe.com,http://www.thejakartaglobe.com/home/indonesian-politician-says-science-irrelevant-in-elementary-school/547150
2012-09-29,20:30:34,10nwp7,1886,"
File-Sharing for Personal Use Declared Legal in Portugal",torrentfreak.com,http://torrentfreak.com/file-sharing-for-personal-use-declared-legal-in-portugal-120927/?utm_source=dlvr.it&utm_medium=twitter
2012-09-29,16:55:42,10nsk8,1864,Survey says 56% of the French think that anti-white racism is developing in France,lemonde.fr,http://www.lemonde.fr/societe/article/2012/09/28/pour-56-des-francais-le-racisme-anti-blancs-se-developpe_1767478_3224.html
2012-09-29,23:39:18,10o1zs,1354,"Honest taxi driver rewarded less than $3 for returning $10,000",english.alarabiya.net,http://english.alarabiya.net/articles/2012/09/28/240650.html
2012-09-29,20:59:32,10nxbb,788,"""Pope Benedict's former butler went on trial on Saturday [29 September 2012] for using his intimate access to the pope's desk to steal and leak explosive documents in what he said was an attempt to clean up corruption in the Vatican.""",reuters.com,http://www.reuters.com/article/2012/09/29/us-pope-butler-idUSBRE88R1IZ20120929
2012-09-29,05:36:09,10mxuv,778,"A new Afghan Army manual is teaching soldiers that when their Western counterparts wink at them or pat them on the back, the actions are not meant to be offensive or worthy of revenge.",washingtonpost.com,http://www.washingtonpost.com/world/asia_pacific/afghan-troops-get-a-lesson-in-american-cultural-ignorance/2012/09/28/6882621a-08d4-11e2-a10c-fa5a255a9258_story.html
2012-09-29,00:16:05,10mdkv,704,"1,000 Nigerian Women Are Stuck in Saudi Arabia Airports Because They’re Not Accompanied by the Right Kind of Men",news.yahoo.com,http://news.yahoo.com/1-000-nigerian-women-stranded-saudi-arabia-because-145737915.html
2012-09-29,15:16:38,10nptc,348,Philippines: 'Retweeting' is a crime under new law,philstar.com,http://www.philstar.com/Article.aspx?articleId=853435&publicationSubCategoryId=200
2012-09-29,22:03:07,10nys2,340,Kofi Annan: Tony Blair could ultimately have stopped Iraq war,guardian.co.uk,http://www.guardian.co.uk/world/2012/sep/29/kofi-annan-tony-blair-iraq
2012-09-29,23:01:00,10o0lo,190,"4 leopards poached each week in India - Study concludes that around 2,294 leopards were poached & their parts traded over a 10-yr period, an average of 4 a week.
This cast new light on the sheer scale of the illicit trade in leopard parts, which has been overshadowed by trade in  tiger parts.",timesofindia.indiatimes.com,http://timesofindia.indiatimes.com/home/environment/flora-fauna/Four-leopards-poached-each-week-in-India-say-experts/articleshow/16589459.cms
2012-09-29,22:53:17,10o0bz,138,"Poachers shoot & brutally dehorn 4 rare rhinoceros in India - They shot 4 Wednesday & Thursday, 2 fatally, on the edge of a national park & escaped with all 4 horns.  Rhino horn powder is coveted in some Asian countries. (With Photo)",washingtonpost.com,http://www.washingtonpost.com/world/asia_pacific/poachers-shoot-and-dehorn-4th-rare-rhinoceros-in-indias-northeast/2012/09/27/7ce669d4-08a9-11e2-9eea-333857f6a7bd_story.html
2012-09-30,00:34:29,10o47v,120,"Rat reality show: Russian scientists to broadcast GMO experiment. After a French study suggested that rats fed on Monsanto GMO corn suffered tumors, Russian researches plan their own, this time public, experiment.",rt.com,http://rt.com/news/gmo-experiment-online-rats-240/
2012-09-29,05:52:42,10myy0,100,"The top U.S. intelligence authority issued an unusual public statement on Friday, declaring it now believed the September 11 attack on U.S. diplomatic facilities in Benghazi, Libya, was a ""deliberate and organized terrorist attack.""",reuters.com,http://www.reuters.com/article/2012/09/28/us-usa-libya-intelligence-idUSBRE88R1EG20120928?feedType=RSS&feedName=topNews&utm_source=feedburner&utm_medium=feed&utm_campaign=Feed%3A+reuters%2FtopNews+%28News+%2F+US+%2F+Top+News%29
2012-09-29,19:46:12,10nvv9,82,Economic slumps in Europe make people question subsidising royalty,nytimes.com,http://www.nytimes.com/2012/09/29/world/europe/juan-carlos-i-seeks-redemption-for-spain-and-monarchy.html?nl=todaysheadlines&emc=edit_th_20120929
2012-09-29,14:38:58,10nomg,74,The US has removed the dissident Iranian group Mujahideen-e Khalq (MEK) from its terror blacklist,bbc.co.uk,http://www.bbc.co.uk/news/world-us-canada-19767043
2012-09-29,17:11:24,10nsvq,75,US to Iran: Stop shipping arms to Syria,cnn.com,http://www.cnn.com/2012/09/29/world/meast/syria-civil-war/
2012-09-29,00:26:38,10me77,69,Apple Store Opening Make Swedes Feel Awkward ,blogs.wsj.com,http://blogs.wsj.com/tech-europe/2012/09/18/apple-store-opening-make-swedes-feel-awkward/?mod=WSJ_article_outbrain&obref=obnetwork
2012-09-29,00:04:16,10md04,60,French government passes a series of tax hikes that includes a temporary provision to tax its richest citizens 75% (!) in order to slash deficit.,theglobeandmail.com,http://www.theglobeandmail.com/report-on-business/international-business/european-business/france-taxes-rich-businesses-to-slash-deficit/article4573955/
2012-09-29,14:23:06,10no1l,61,"Australians suddenly richer as statistician ""finds"" $338 billion",news.yahoo.com,http://news.yahoo.com/australians-suddenly-richer-statistician-finds-338-billion-063015768--sector.html
2012-09-29,17:03:15,10nsq7,61,"CAIRO (AP) — Coptic Christian families have fled their homes in a town in Egypt’s Sinai Peninsula, fearing for their lives after receiving death threats from suspected Islamic militants",heraldextra.com,http://www.heraldextra.com/news/world/article_de248164-1be4-5152-8034-dde43fd54799.html#.UGW7NcwjUq8.twitter
2012-09-29,05:41:44,10my8d,57,"The Window is Closing for Riyadh - 
The oil won’t last forever -- so Saudi Arabia’s government has to reform its economy if it wants to survive.",foreignpolicy.com,http://www.foreignpolicy.com/articles/2012/06/01/the_window_is_closing_for_riyadh?wpisrc=obinsite
2012-09-29,23:12:45,10o10p,51,Tunisia 'police rape' condemned,bbc.co.uk,http://www.bbc.co.uk/news/world-africa-19763641
2012-09-29,04:32:33,10mtr3,46,"U.N. criticizes ""shrill war talk"" in Iran dispute",reuters.com,http://www.reuters.com/article/2012/09/28/us-un-assembly-iran-rhetoric-idUSBRE88R19E20120928
2012-09-29,15:51:57,10nqu6,43,India’s heaviest satellite GSAT-10 launched,thehindu.com,http://www.thehindu.com/news/national/indias-heaviest-satellite-gsat10-launched/article3948386.ece?homepage=true
2012-09-29,10:02:20,10ncbu,44,White House Move to Give Egypt $450 Million in Aid Meets Resistance - NYTimes.com,nytimes.com,http://www.nytimes.com/2012/09/29/world/middleeast/white-house-move-to-give-egypt-450-million-in-aid-meets-resistance.html?_r=1
2012-09-29,13:09:53,10nl44,39,Stop calling criticism of Islam ‘Islamophobia’,life.nationalpost.com,http://life.nationalpost.com/2012/09/26/opinion-stop-calling-criticism-of-islam-islamophobia/
2012-09-29,05:47:24,10mylr,36,France wants to slap rich with 75 percent 'super-tax',economywatch.nbcnews.com,http://economywatch.nbcnews.com/_news/2012/09/28/14137911-france-wants-to-slap-rich-with-75-percent-super-tax
2012-09-29,02:44:37,10mmw1,34,"
Iraqi-American is imprisoned by US for saving his family from US sanctions

A harrowing case of a Missouri engineer highlights the travesties routinely imposed on Muslim Americans.-Glenn Greenwald
",guardian.co.uk,http://www.guardian.co.uk/commentisfree/2012/sep/28/iraq-us-constitution-and-civil-liberties?INTCMP=SRCH
