2012-02-18,20:31:21,pv65h,1879,BBC News - Gordon Brown earns £1.4m since leaving office. Donates every penny to charity. ,bbc.co.uk,http://www.bbc.co.uk/news/uk-politics-17072715
2012-02-18,22:39:17,pv8km,1347,"""For Switzerland's largest bank, the hits just keep coming. . . . UBS now appears to be at the center of the financial world's latest scandal: an alleged conspiracy by traders and brokers to rig the price of derivatives around the world by manipulating a key interest rate.""",businessweek.com,http://www.businessweek.com/finance/libor-manipulation-another-black-eye-for-ubs-02172012.html
2012-02-18,12:23:00,puv9a,1201,"Australian bank ANZ rises interest rates, fires 1000 employers and sends excecutives on $1.75m holiday cruise.",news.com.au,http://www.news.com.au/money/banking/cruisy-times-anz-rewards-staff-with-holiday-while-customers-get-rate-pain/story-e6frfmcr-1226274235205
2012-02-18,00:58:33,pu20s,873,"Polish MP smokes pot in pro-drug campaign |
			",news.com.au,http://www.news.com.au/breaking-news/polish-mp-smokes-pot-in-pro-drug-campaign/story-e6frfku0-1226274354502
2012-02-18,23:15:38,pv9hw,690,Cocaine found on capsized cruise ship captain's hair,theglobeandmail.com,http://www.theglobeandmail.com/news/world/cocaine-found-on-capsized-cruise-ship-captains-hair/article2343117/?utm_medium=feed&utm_source=feedburner&utm_content=Google+Reader&utm_campaign=Feed%3A+TheGlobeAndMail-International+%28The+Globe+and+Mail+-+World+News%29
2012-02-18,18:15:20,pv43a,654,Eleven months after the tsunami and earthquake ravaged Japan new pictures show the incredible progress being made in the multi-billion pound clear up,4yous.info,http://4yous.info/eleven-months-after-the-tsunami-and-earthquake-ravaged-japan-new-pictures-show-the-incredible-progress-being-made-in-the-multi-billion-pound-clear-up/
2012-02-18,01:43:37,pu41x,421,Canada 'Muzzling its Scientists' - Speakers at a major science meeting being held in Canada said communication of vital research on health & environment issues is being suppressed,bbc.co.uk,http://www.bbc.co.uk/news/science-environment-16861468
2012-02-19,03:49:08,pvjfm,341,"An international arbitration panel ordered Ecuador to stop its courts from enforcing an $18 billion judgment against Chevron, on the same day a US judge put up a new hurdle standing in between indigenous Ecuadoreans seeking to collect award",courthousenews.com,http://www.courthousenews.com/2012/02/17/44012.htm
2012-02-18,18:48:05,pv4ka,320,Iranian warships have entered the Mediterranean Sea for only the second time since the 1979 revolution,bbc.co.uk,http://www.bbc.co.uk/news/world-middle-east-17083791
2012-02-18,18:18:23,pv44n,312,EU Court of Justice: Social Networks Can’t Be Forced to Monitor and Filter to Prevent Copyright Infringement,eff.org,https://www.eff.org/deeplinks/2012/02/eu-court-justice-social-networks
2012-02-18,23:14:02,pv9gi,286,Eastern Europeans fuel fight for Internet freedoms,boston.com,http://www.boston.com/business/technology/articles/2012/02/18/eastern_europeans_fuel_fight_for_internet_freedoms/
2012-02-19,03:15:26,pvi1n,149,"Why China Succeeds in Africa: China’s investment in Africa is far more nuanced than cozying up to dictators. Rather than indulging in alarmism, the West could learn something.",the-diplomat.com,http://the-diplomat.com/2012/02/18/why-china-succeeds-in-africa/?all=true
2012-02-18,15:26:43,pv0yz,108,"The New York Times: ""If Switzerland stonewalls, the Justice Department can indict banks that benefit from tax evasion and seize their assets in the United States...At some point, the Swiss government will find that result a lot more costly than handing over information on American tax cheats.""",nytimes.com,http://www.nytimes.com/2012/02/10/opinion/the-fight-against-tax-evasion.html?_r=1
2012-02-18,03:30:43,pu9aq,108,Supreme Court of Canada rules that Quebec parents are not allowed to withdraw their children from a mandatory class on ethics and religion.,cbc.ca,http://www.cbc.ca/news/canada/story/2012/02/16/supreme-court-canada-religion-education-challenge.html?cmp=rss
2012-02-19,02:54:56,pvh8m,90,"Chinese Labor, Cheap No More",nytimes.com,http://www.nytimes.com/2012/02/18/opinion/chinese-labor-cheap-no-more.html?_r=1&src=tp&smid=fb-share
2012-02-18,09:38:42,pup85,74,"China detains several hundred Tibetans, says Human Rights Watch",globalpost.com,http://www.globalpost.com/dispatch/news/regions/asia-pacific/china/120217/china-detains-several-hundred-tibetans-says-human-rights-watch
2012-02-18,19:29:18,pv57n,72,"Latvian vote on status of Russian language this Saturday could widen rift in society. For ethnic Latvians, the referendum is a brazen attempt to encroach on Latvia’s independence.",washingtonpost.com,http://www.washingtonpost.com/world/europe/polls-open-in-historic-latvian-referendum-on-russian-languages-official-status/2012/02/18/gIQAnk25KR_story.html
2012-02-18,14:43:36,puztx,69,The 24 N. Korean defectors to be expelled from China back to N. Korea by Feb 20,english.chosun.com,http://english.chosun.com/site/data/html_dir/2012/02/17/2012021700960.html
2012-02-19,06:26:22,pvpud,65,Poland's Tusk gores ACTA,zdnet.co.uk,http://www.zdnet.co.uk/blogs/communication-breakdown-10000030/polands-tusk-gores-acta-10025437/
2012-02-19,04:43:29,pvlnn,67,"Syrian forces fire on anti-Assad crowd in capital
",news.yahoo.com,http://news.yahoo.com/chinese-envoy-meet-syrian-leader-u-n-condemnation-011432194.html
2012-02-18,09:27:03,puos7,53,"A financial clearinghouse used by virtually every country and major corporation in the world agreed Friday to shut out Iran from its respected network, an unprecedented escalation of global economic pressure to halt Iran's suspected drive for nuclear weapons.",hosted.ap.org,http://hosted.ap.org/dynamic/stories/E/EU_IRAN_SANCTIONS?SITE=RIPAW&SECTION=HOME&TEMPLATE=DEFAULT
2012-02-18,16:52:44,pv2qj,50,Haiti government says president attacked,aljazeera.com,http://www.aljazeera.com/news/americas/2012/02/201221864556616844.html?utm_campaign=default&utm_source=social_flow&utm_medium=twitter
2012-02-19,00:50:54,pvcgy,43,"""Switzerland's banks no longer want American clients but now Swiss citizens living in the United States are finding it hard to keep accounts back home. . . . Swiss expatriates are increasingly irritated by their dealings with banks in their homeland and are venting their frustrations online.""",swissinfo.ch,http://www.swissinfo.ch/eng/specials/expat_woes/Swiss_expats_caught_in_middle_of_US_tax_conflict.html?cid=32137500
2012-02-18,08:01:12,pulgk,43,France's former currency is devalued to zilch:  Hundreds line up at the Bank of France in Paris on the last day to convert old francs to euros. Nostalgia and doomsday predictions are in the air.,latimes.com,"http://www.latimes.com/news/nationworld/world/la-fg-france-franc-20120218,0,3905796.story"
2012-02-18,18:11:10,pv40z,30,"New poll reveals majority support for socialism in Venezuela. If the presidential elections were held today, 58.2 percent of citizens would vote for the reelection of Hugo Chávez, and 34.5 percent for the opposition candidate Henrique Capriles Radonski.",venezuelanalysis.com,http://venezuelanalysis.com/news/6814
2012-02-18,11:31:57,putfr,28,"The North Korean Army's Guard Command, a military unit tasked with protecting leader Kim Jong-un, is hiding scores of tanks in Pyongyang to quell any popular uprising",english.chosun.com,http://english.chosun.com/site/data/html_dir/2011/02/16/2011021601048.html
2012-02-18,17:17:42,pv35p,24,Man saved after two months in snowed-in car,thelocal.se,http://www.thelocal.se/39186/20120218/
2012-02-18,23:12:07,pv9e9,14,South Caucasus nations fear Iran-Israel war: The Middle East and the West aren't the only regions that would be hit by an Iran-Israel war,globalpost.com,http://www.globalpost.com/dispatch/news/regions/europe/120217/south-caucasus-nations-fear-iran-israel-war
2012-02-18,20:13:23,pv5w3,11,Pakistan's ISI employed architect for Osama bin Laden compound,washingtonpost.com,http://www.washingtonpost.com/opinions/what-did-pakistan-know-about-bin-laden/2012/02/16/gIQAccLhKR_story.html
2012-02-18,09:46:37,puphy,11,"Turkey will never allow any third country, particularly Israel, to use intelligence obtained by a NATO radar system, its foreign minister said on Friday. ",english.alarabiya.net,http://english.alarabiya.net/articles/2012/02/17/195254.html
