2012-02-22,00:52:43,pzhqa,1322,France to EU: Stop Monsanto's Corn,commondreams.org,http://www.commondreams.org/headline/2012/02/21-1
2012-02-22,14:30:04,q0lk9,1226,Australian Foreign Minister Kevin Rudd resigns,abc.net.au,http://www.abc.net.au/news/2012-02-22/kevin-rudd-makes-press-conference/3845758
2012-02-22,06:28:48,pzyjk,672,Afghan police rescue 41 child suicide bombers as they were about to be smuggled across the mountains into Pakistan,news24.com,http://www.news24.com/World/News/Afghans-rescue-41-child-suicide-bombers-20120220
2012-02-22,17:10:29,q0pxu,597,"Swedish foreign minister has acted as an informant for the United States since the 1970s, says Wikileaks",thelocal.se,http://www.thelocal.se/39248/20120222/
2012-02-22,18:08:09,q0r1q,508,Syria: Sunday Times journalist Marie Colvin killed in Homs - Telegraph,telegraph.co.uk,http://www.telegraph.co.uk/news/worldnews/middleeast/syria/9097762/Syria-Sunday-Times-journalist-Marie-Colvin-killed-in-Homs.html
2012-02-23,05:31:08,q1h8o,342,Syrian live streamer killed after being watched by millions,gigaom.com,http://gigaom.com/video/syrian-citizen-journalist-killed/
2012-02-22,20:08:13,q0tas,218,"As the drums beat for war with Iran, the UN’s former weapons inspector warns that military intervention would be a disaster",newstatesman.com,http://www.newstatesman.com/middle-east/2012/02/iran-nuclear-israel-iraq
2012-02-22,11:11:51,q0cli,182,Nuclear Inspectors Say Their Mission to Iran Has Failed,nytimes.com,http://www.nytimes.com/2012/02/22/world/middleeast/iran-says-un-weapons-inspectors-wont-visit-nuclear-sites.html
2012-02-23,05:53:59,q1ifm,114,European Commission suspends ACTA ratification,digitaltrends.com,http://www.digitaltrends.com/international/european-commission-suspends-acta-ratification/
2012-02-22,23:11:55,q0yqa,85,Syria: 'Now this is a war',macleans.ca,http://www2.macleans.ca/2012/02/21/now-this-is-a-war/
2012-02-23,07:04:35,q1m0a,85,"Syria is hitting Homs with world's heaviest mortars--Russian made ""tulip"" system",csmonitor.com,http://www.csmonitor.com/World/Backchannels/2012/0221/Syria-s-Assad-is-hitting-Homs-with-the-heaviest-mortars-in-the-world-video
2012-02-22,20:23:06,q0tne,84,"The term ""mademoiselle"" is about to disappear from French administrative paperwork.",bbc.co.uk,http://www.bbc.co.uk/news/world-europe-17123531
2012-02-23,01:50:46,q161g,83,"Chevron Nigeria gas well fire ""may burn for months"" - The fire is burning in a 40m-wide area on the surface of the Atlantic Ocean, 10km off the Nigerian coast",bbc.co.uk,http://www.bbc.co.uk/news/world-africa-17126335
2012-02-22,08:09:19,q03k3,72,"The U.N. Threat to Internet Freedom --- Top-down, international regulation is antithetical to the Net, which has flourished under its current governance model",online.wsj.com,http://online.wsj.com/article/SB10001424052970204792404577229074023195322.html?mod=WSJ_hp_mostpop_read
2012-02-22,14:43:10,q0lzz,62,Kevin Rudd resigns as foreign minister of Australia,smh.com.au,http://www.smh.com.au/opinion/political-news/soap-opera-must-end-rudd-quits-as-foreign-minister-20120222-1tn8j.html
2012-02-23,01:44:37,q15rp,58,Murderer pardoned after saving hundreds from deadly prison fire,nydailynews.com,http://www.nydailynews.com/news/world/honduran-murderer-pardoned-saving-hundreds-deadly-prison-fire-article-1.1026718
2012-02-22,20:27:38,q0tr7,61,EU To Refer ACTA To EU's Top Court For Legal Clarification,bbc.co.uk,http://www.bbc.co.uk/news/technology-17125469
2012-02-22,22:54:43,q0y1o,57,"U.N.’s Iran visit ends in failure,  inspection team blocked from visiting key sites and prevented from speaking with Iranian nuclear scientists",thedailybeast.com,http://www.thedailybeast.com/cheats/2012/02/22/u-n-s-iran-visit-ends-in-failure.html?utm_source=dlvr.it&utm_medium=twitter
2012-02-22,20:45:52,q0u6a,45,Two Western Journalists Killed in Syria Shelling,nytimes.com,https://www.nytimes.com/2012/02/23/world/middleeast/marie-colvin-and-remi-ochlik-journalists-killed-in-syria.html
2012-02-22,19:14:30,q0s8n,44,"American, French journalists killed in Syria",cbsnews.com,http://www.cbsnews.com/8301-503543_162-57382449-503543/2-western-journalists-reportedly-killed-in-syria/
2012-02-22,21:21:44,q0v19,42,"Sunday Times journalist Marie Colvin killed in Homs, Syria",independent.co.uk,http://www.independent.co.uk/news/world/middle-east/sunday-times-journalist-marie-colvin-killed-in-homs-7295063.html
2012-02-22,22:38:11,q0xex,37,Why do Pakistani lawyers want to ban the country’s favourite soft drink? (A clue: it’s made by minorities) ,blogs.independent.co.uk,http://blogs.independent.co.uk/2012/02/21/why-do-pakistani-lawyers-want-to-ban-the-countrys-favourite-soft-drink-a-clue-its-made-by-minorities/
2012-02-23,04:37:43,q1eg1,35,"African Leaders Reject U.N. Call For Homosexual Equality
",cnsnews.com,http://cnsnews.com/news/article/african-leaders-reject-un-call-homosexual-equality
2012-02-23,03:05:28,q19q5,27,Iran says it is ready to help identify those behind a series of bomb blasts in Thailand.,google.com,http://www.google.com/hostednews/afp/article/ALeqM5jTxTUSORfVyXc8XMp8pUlo5ha5kg?docId=CNG.47f2a70edd199bd5e9cf2b9b75b34b83.1b1
2012-02-22,08:16:36,q03wx,29,Swede who survived two months in car 'wanted to hibernate',telegraph.co.uk,http://www.telegraph.co.uk/news/worldnews/europe/sweden/9096534/Swede-who-survived-two-months-in-car-wanted-to-hibernate.html
2012-02-22,22:52:02,q0xxo,25,4 More Bodies Found in Costa Concordia Wreck - Body of a girl age 5  is among those believed to have been found,bbc.co.uk,http://www.bbc.co.uk/news/world-europe-17127278
2012-02-22,12:38:50,q0gu5,23,Libya ethnic clashes kill scores in al-Kufra,bbc.co.uk,http://www.bbc.co.uk/news/world-africa-17115048
2012-02-22,08:43:40,q05bm,19,IAEA says Iran denies access to key site - Middle East - Al Jazeera English,aljazeera.com,http://www.aljazeera.com/news/middleeast/2012/02/201222202920481596.html
2012-02-22,22:48:33,q0xsy,18, 340 Injured in Argentina Train Crash - Witnesses told local media that the train did not brake or slow down when entering the station & crashed into the platform,edition.cnn.com,http://edition.cnn.com/2012/02/22/world/americas/argentina-train-crash/
2012-02-23,00:56:48,q13gq,21,"In Pakistani province of Balochistan, leader of separatist movement wants American intervention ",tribune.com.pk,http://tribune.com.pk/story/340137/will-support-foreign-intervention-whether-by-us-nato-or-india-barahmdagh/
