2012-11-16,06:51:24,139khi,2965,"Mexico lawmaker introduces bill to legalize marijuana. A leftist Mexican lawmaker on Thursday presented a bill to legalize the production, sale and use of marijuana, adding to a growing chorus of Latin American politicians who are rejecting the prohibitionist policies of the United States.",reuters.com,http://www.reuters.com/article/2012/11/15/us-mexico-marijuana-idUSBRE8AE1V320121115?feedType=RSS&feedName=lifestyleMolt
2012-11-16,19:15:45,13alec,2532,"Gaza cease-fire collapses, Egypt PM backs Palestinians as Israel drafts 16,000 reservists",worldnews.nbcnews.com,http://worldnews.nbcnews.com/_news/2012/11/16/15210767-gaza-cease-fire-collapses-egypt-pm-backs-palestinians-as-israel-drafts-16000-reservists?lite
2012-11-16,01:24:31,138y3k,2121,Gaza crisis: Tel Aviv targeted by missiles.,bbc.co.uk,http://www.bbc.co.uk/news/world-middle-east-20349280
2012-11-16,21:13:00,13aoyr,1812,"Hong Kong seizes $1.4m of illegal ivory - Customs officers in Hong Kong confiscate 569 pieces of illegal elephant ivory, their second major seizure of tusks in a month
",guardian.co.uk,http://www.guardian.co.uk/world/2012/nov/16/hong-kong-seizes-illegal-ivory
2012-11-16,21:29:47,13aplw,1297,Growing concerns over 'in the air' transmission of Ebola - Canadian scientists find the deadliest form of the virus can be transmitted by air. It goes  from pigs to monkeys with no direct contact.  There are accounts of pigs dying at the start of human outbreaks. ,bbc.co.uk,http://www.bbc.co.uk/news/science-environment-20341423
2012-11-16,20:39:41,13ansb,1223,Egyptian leaders have promised to support Gaza against Israeli attacks,bbc.co.uk,http://www.bbc.co.uk/news/world-middle-east-20356555
2012-11-16,00:13:47,138tao,1183,"Kenyan information minister leads an IT revolution:  Since Bitange Ndemo got Kenya hooked up to high-speed Internet, there has been no stopping his cyber-progress. A 'Silicon Savannah' is now flourishing.",chicagotribune.com,"http://www.chicagotribune.com/news/nationworld/la-fg-kenya-tech-20121115,0,5648870,full.story"
2012-11-16,19:56:17,13amg5,846,Israel And Gaza On Brink Of War As Tanks Amass At Border,businessinsider.com,http://www.businessinsider.com/gaza-day-2-2012-11
2012-11-16,02:25:25,139267,697,BP to Admit Crimes and Pay $4.5 Billion in Gulf Settlement - The British oil company said it would pay $4.5 billion in fines and other payments to the government and plead guilty to 14 criminal charges in connection with the giant oil spill in the Gulf of Mexico two years ago.,nytimes.com,http://www.nytimes.com/2012/11/16/business/global/16iht-bp16.html?_r=0
2012-11-16,04:44:17,139bh6,634,The Federal Court of Justice in Germany has ruled that the parents of a 13-year-old were not responsible for their son's illegal file sharing and do not have to pay a fine. The decision overturns a previous ruling. ,dw.de,http://www.dw.de/parents-off-the-hook-for-kids-illegal-downloads/a-16383779
2012-11-16,12:49:20,13a7v9,622,"Australia declares world's largest marine reserve - formally creates the world's largest network of marine reserves, protecting oceans around its coast.",bbc.co.uk,http://www.bbc.co.uk/news/world-asia-20352399
2012-11-16,19:38:35,13alyq,533,Egypt PM decries Gaza 'aggression' by Israel - Middle East - Al Jazeera English,aljazeera.com,http://www.aljazeera.com/news/middleeast/2012/11/201211166273719642.html
2012-11-16,17:16:08,13aih2,490,Hague war court acquits Croat Generals Gotovina and Marka over the killing of hundreds of ethnic Serbs in an operation to retake Croatia's Krajina region in 1995,bbc.co.uk,http://www.bbc.co.uk/news/world-europe-20352187
2012-11-16,23:35:51,13avbn,358,Hamas armed wing fires long-range rocket at Israeli Knesset in Jerusalem,english.sina.com,http://english.sina.com/world/2012/1116/527389.html
2012-11-16,21:12:22,13aoxu,286,"Ireland abortion row: India summons Irish envoy --  Voicing concern and angst over the death of an Indian woman who was denied an abortion by doctors in Ireland, India summoned the Irish Ambassador & hoped that the inquiry into the incident would be independent.",thehindu.com,http://www.thehindu.com/news/national/ireland-abortion-row-india-summons-irish-envoy/article4101829.ece
2012-11-16,18:43:13,13akl5,262,"Trafficking: The ordeal of a Moscow 'shop slave'. ""Whenever the girls ran away from there, they would be caught [by the local police] and horribly beaten up""",bbc.co.uk,http://www.bbc.co.uk/news/world-europe-20338534
2012-11-16,21:28:01,13apji,194,"Thousands rally in Egypt against Israel offensive. The demonstrations come on the day that Egypt's prime minister, Hesham Kandil, traveled to Gaza in a symbolic show of support for the territory's Hamas rulers.",montereyherald.com,http://www.montereyherald.com/news/ci_22009883/thousands-rally-egypt-against-israel-offensive
2012-11-16,19:53:12,13amdb,149,Israeli Tanks and Troops Move Toward Gaza Border,abcnews.go.com,http://abcnews.go.com/International/israel-troops-tanks-move-border-reservists-call/story?id=17725048#.UKYoxOTFXQg
2012-11-16,01:16:38,138xj8,134,"Rockets pound Israel, Gaza as Netanyahu alleges 'double war crime'",cnn.com,http://www.cnn.com/2012/11/15/world/meast/gaza-israel-strike/index.html
2012-11-16,01:03:04,138wnf,130,Hard numbers on terrorism invalidate current policies,falkvinge.net,http://falkvinge.net/2012/11/15/we-should-be-spending-billions-fighting-bathtubs-not-terrorism
2012-11-16,08:53:19,139sgp,126,China's richest man Zong Qing Hou: Wealth gap is huge problem,bbc.co.uk,http://www.bbc.co.uk/news/world-asia-20349737
2012-11-16,21:14:15,13ap0f,117,"Jamaica to abolish flogging punishment - Law allowing flogging and whipping of prisoners is preventing government from ratifying UN torture convention, says minister
",guardian.co.uk,http://www.guardian.co.uk/world/2012/nov/16/jamaica-abolish-flogging-punishment
2012-11-16,00:29:16,138ubz,104,"Multibillion-dollar Global Fund fires internal watchdog whose office found financial losses. It said that had terminated the employment of Inspector General ""after a careful review of his performance, which was found to be unsatisfactory""",startribune.com,http://www.startribune.com/lifestyle/health/179497351.html?refer=y
2012-11-16,00:12:45,138t88,101,'Horrible Citizens': The Life of Greece's One Percent - The Greek economy has been tanking for years now as the country struggles to balance its budget by imposing deep austerity measures. But the country's richest residents haven't noticed. Many aren't taxed at all ,spiegel.de,http://www.spiegel.de/international/europe/the-crisis-has-yet-to-hit-the-wealthiest-greeks-a-866693.html
2012-11-16,01:31:48,138ylt,88,Greek policeman arrested over immigrant muggings in racially tense Athens district,washingtonpost.com,http://www.washingtonpost.com/world/europe/greek-policeman-arrested-over-immigrant-muggings-in-racially-tense-athens-district/2012/11/15/9e4964e6-2f46-11e2-af17-67abba0676e2_story.html?tid=sm_btn_reddit
2012-11-16,01:20:45,138xsk,77,Cambodian villagers protesting illegal evictions are arrested prior to President Obama's visit to the country.,google.com,http://www.google.com/hostednews/ap/article/ALeqM5ibysZQmj89oNUw1ocLvBkKiei3Xg?docId=dda3de406ed84c2d9ad1e660567b8a20
2012-11-16,05:21:24,139e3y,68,The Fukushima disaster caused by far the largest discharge of radioactivity into the ocean ever seen. A new model presented by scientists from Woods Hole Oceanographic Institution in Massachusetts estimates that 16.2 petabecquerels (1015 becquerels) of radioactive caesium leaked from the plant ,nature.com,http://www.nature.com/news/ocean-still-suffering-from-fukushima-fallout-1.11823
2012-11-16,19:47:19,13am6e,58,"Irish mourn death of woman denied abortion, 
demand change to law",theglobeandmail.com,http://www.theglobeandmail.com/news/world/irish-mourn-death-of-woman-denied-abortion-demand-change-to-law/article5359644/
2012-11-16,18:31:04,13ak9l,62,"Pentagon Says 75,000 Troops Might Be Needed to Seize Syria Chemical Arms",nytimes.com,http://www.nytimes.com/2012/11/16/world/middleeast/pentagon-sees-seizing-syria-chemical-arms-as-vast-task.html?pagewanted=all
2012-11-16,06:39:31,139jnh,47,"Oil company sues Canadian province over moratorium on fracking, says trade agreement trumps environmental concerns.",theglobeandmail.com,http://www.theglobeandmail.com/globe-investor/nafta-challenge-launched-over-quebec-fracking-ban/article5337929/
