2012-07-13,06:02:38,wgnva,2545,So thirsty he called police: Coroner slams hospital staff who refused dying patient's desperate pleas for water,mirror.co.uk,http://www.mirror.co.uk/news/uk-news/kane-gorny-inquest-coroner-slams-1141185
2012-07-13,22:29:02,whxgl,2043,Head of women's affairs in Afghanistan killed by car bomb in latest act of violence against women,rt.com,http://www.rt.com/news/women-affairs-afghanistan-killed-126/
2012-07-13,20:11:04,whsrd,1823,"Too big to fail - too lofty to learn? - With investigators zeroing in on over a dozen big banks in the Libor rate rigging scandal, the timing couldn't be better for a structural overhaul of Europe’s banking sector. Not so fast, says the banking lobby. ",dw.de,"http://www.dw.de/dw/article/0,,16087817,00.html"
2012-07-13,21:59:15,whw7u,1768,"China blocks searches of the word ""truth""",telegraph.co.uk,http://www.telegraph.co.uk/news/worldnews/asia/china/9394684/The-truth-deleted-from-internet-in-China.html
2012-07-13,01:18:55,wg4b6,1209,A Quiet Revolution: Drug Decriminalisation Policies in Practice Across the Globe - Evidence from 23 countries shows decriminalizing drugs doesn't increase use,release.org.uk,http://www.release.org.uk/publications/drug-decriminalisation-policies-in-practice-across-the-globe
2012-07-13,06:11:42,wgoh9,399,Indian Government Spends $1.3 Million To Stop Auction Of Gandhi Letters That May Show He Was Gay,huffingtonpost.com,http://www.huffingtonpost.com/2012/07/12/india-government-buys-gandhi-letters-to-stop-auction_n_1668466.html?utm_hp_ref=gay-voices&icid=maing-grid7%7Caim%7Cdl43%7Csec1_lnk3&pLid=178443
2012-07-13,04:49:28,wgj4w,384,Pair disembowelled child rapist in UK Prison,bbc.co.uk,http://www.bbc.co.uk/news/uk-england-tyne-18808886
2012-07-13,06:49:43,wgqvd,363,India refuses to hike cancer drug price,thehindu.com,http://www.thehindu.com/news/national/article3632391.ece
2012-07-13,22:17:26,whwy9,322,"Germany tells Jews, Muslims they will be free to circumcise",reuters.com,http://www.reuters.com/article/2012/07/13/us-germany-circumcision-idUSBRE86C0IZ20120713
2012-07-13,01:00:19,wg36z,272,London Olympics Bans Non-McDonald's Fries,huffingtonpost.com,http://www.huffingtonpost.com/2012/07/12/mcdonalds-olympics-french-fries_n_1667809.html
2012-07-13,22:49:36,whyde,157,Iranian father arrested for son's facebook page activity while at school in the Netherlands,cnn.com,http://www.cnn.com/2012/07/12/world/facebook-iran-imam/index.html?hpt=hp_bn2
2012-07-13,03:28:38,wgdjk,140,Business Insider: Iceland hires ex-cop to hunt down financiers which wrecked its economy,businessinsider.com,http://www.businessinsider.com/iceland-has-hired-an-ex-cop-bounty-hunter-to-go-after-the-bankers-that-wrecked-its-economy-2012-7
2012-07-14,02:50:54,wicky,139,Ethnic Cleansing in Myanmar,nytimes.com,http://www.nytimes.com/2012/07/13/opinion/ethnic-cleansing-of-myanmars-rohingyas.html?_r=1&ref=global
2012-07-13,12:26:08,whazw,93,China airline thanks passengers for foiling hijack,nhk.or.jp,http://www3.nhk.or.jp/daily/english/20120713_17.html
2012-07-13,08:40:24,wgxnm,75,US quietly prepares for naval clash with Iran in Strait of Hormuz,csmonitor.com,http://www.csmonitor.com/USA/Military/2012/0711/US-quietly-prepares-for-naval-clash-with-Iran-in-Strait-of-Hormuz?cmpid=addthis_reddit#.T_9f3inkqmo.reddit
2012-07-13,13:53:49,whfrc,70,"Syrian troops using tanks and helicopters have massacred more than 200 people in the central province of Hama: ""The mosque was shelled, it collapsed, and that killed the people in it.""",heraldsun.com.au,http://www.heraldsun.com.au/news/national/more-than-100-killed-in-syria-massacre/story-fncynkc6-1226425298097
2012-07-14,05:38:16,win7m,65,"The United States today hit Iran with a raft of economic restrictions, reported the Associated Press, a move that comes within weeks of a July 1 European Union oil embargo on Islamic Republic.",salon.com,http://www.salon.com/2012/07/13/iran_slammed_with_sanctions_salpar/
2012-07-13,11:55:01,wh96a,52,"Britain embarrassed by Olympics security shortfall:  Britain could be forced to deploy thousands of extra troops in London during the Olympics, after a last-minute security blunder dealt an embarrassing blow to the government just two weeks before the Games.",abc.net.au,http://www.abc.net.au/news/2012-07-13/britain-embarrassed-by-olympic-security-shortfall/4127798
2012-07-13,12:54:59,whcnr,52,Israeli soldiers have once again crossed into Lebanon in clear violation of the country's sovereignty and a UN Security Council resolution,presstv.ir,http://www.presstv.ir/detail/2012/07/11/250477/israeli-soldiers-violate-lebanon-border/
2012-07-13,19:54:03,whsan,48,International Survey - Crisis Batters Global Faith in Capitalism,spiegel.de,http://www.spiegel.de/international/world/pew-study-finds-steep-declines-in-faith-in-politicians-and-capitalism-a-844127.html
2012-07-13,04:14:58,wggsm,41,Saudi Arabia Will Send Two Women to the Olympics.,npr.org,http://www.npr.org/blogs/thetwo-way/2012/07/12/156677462/saudi-arabia-will-send-two-women-to-the-olympics
2012-07-13,21:41:53,whvja,39,"Mexico runner-up files legal challenge:  Andres Manuel Lopez Obrador, who finished second in July 1 vote, accuses the winner of breaking campaign finance laws.",aljazeera.com,http://www.aljazeera.com/news/americas/2012/07/20127136542149563.html
2012-07-13,03:46:33,wgesd,39,Tibetan monk beaten to death by Chinese officials,thetibetpost.com,http://www.thetibetpost.com/en/news/tibet/2699-tibetan-monk-beaten-to-death-by-chinese-officials-
2012-07-13,09:27:42,wh0im,24,German Circumcision Ban: Is it a parent's right to choose?,bbc.co.uk,http://www.bbc.co.uk/news/magazine-18793842
2012-07-14,05:21:26,wim3g,27,MI6 chief: Iran 2 years from nuclear bomb. ,nytimes.com,http://www.nytimes.com/2012/07/14/world/middleeast/british-spymaster-says-iran-is-2-years-from-nuclear-bomb-capability.html?ref=europe
2012-07-13,13:36:27,whevn,23,China dissident Li Wangyang 'committed suicide',bbc.co.uk,http://www.bbc.co.uk/news/world-asia-china-18824213
2012-07-13,16:48:34,whn70,20,"North Korea leader gives thumbs up to 'Rocky,' Disney characters",csmonitor.com,http://www.csmonitor.com/World/Latest-News-Wires/2012/0712/North-Korea-leader-gives-thumbs-up-to-Rocky-Disney-characters-video
2012-07-13,21:04:00,whu9f,18,Chinese Frigate Runs Aground in Spratlys ,smh.com.au,http://www.smh.com.au/world/embarrassment-as-chinese-frigate-runs-aground-20120713-220r8.html#ixzz20UHDkhtu
2012-07-13,13:26:26,whecv,15,"More than 200 Syrians, mostly civilians, were massacred in a village in the rebellious Hama region when it was bombarded by helicopter gunships and tanks and then stormed by militiamen, opposition activists said.",reuters.com,http://www.reuters.com/article/2012/07/13/us-syria-crisis-idUSBRE8610SH20120713
2012-07-13,13:27:27,whees,14,"In Saudi Arabia, Dissent is Alive and Well, But Only Online or in Private: Riyadh polices its streets and cafes with a fearsome rigor but it doesn't seem to know how to shut down the chatter on Twitter and Facebook",world.time.com,http://world.time.com/2012/07/12/in-saudi-arabia-dissent-is-alive-and-well-but-only-online-or-in-private/
