2012-05-05,22:04:53,t8aef,2786,"In its case against 26 major record labels at BC Supreme Court in Canada, BitTorrent index isoHunt argues that not only do they pose no threat to the music industry, it’s the copyright industry itself that’s threatening the freedom of expression of millions on the Internet",torrentfreak.com,https://torrentfreak.com/record-labels-threaten-the-open-internet-isohunt-tells-court-120229/
2012-05-05,06:27:32,t7gx4,2216,Canada Quits Making Pennies - Says the coin was too expensive to produce & no longer needed for business,bloomberg.com,http://www.bloomberg.com/news/2012-05-04/canada-stops-making-cents-as-flaherty-lets-penny-drop.html
2012-05-05,04:12:48,t79z7,972,"Muslim scientist at CERN sentenced to 4 years for exchanging three dozen messages, some encrypted, with Al Qaeda’s regional affiliate in Algeria.",nytimes.com,http://www.nytimes.com/2012/05/05/science/cern-scientist-adlene-hicheur-sentenced-to-4-years-in-french-terrorism-case.html?ref=world
2012-05-05,04:14:59,t7a3m,289,"Kuwait parliament passes death penalty for Muslims who curse God, the Muslim holy book, all prophets and the wives of Mohammed. Non Muslims will get 10 years imprisonment.
",dailystar.com.lb,http://www.dailystar.com.lb/News/Middle-East/2012/May-03/172256-kuwait-mps-pass-death-penalty-bill-for-cursing-god.ashx#axzz1tvhpiCM7
2012-05-05,18:39:13,t86i2,263,Disabled couple thrilled they'll be able to keep their baby,thestar.com,http://www.thestar.com/news/article/1173602--disabled-couple-thrilled-they-ll-be-able-to-keep-their-baby?bn=1
2012-05-05,05:59:02,t7fh5,160,Police recover memory card from hang glider pilot who swallowed it after a woman fell to her death from his glider. All data expected to be intact.,cbc.ca,http://www.cbc.ca/news/canada/british-columbia/story/2012/05/04/bc-hang-glider.html
2012-05-05,19:10:28,t871x,135,TPB and other large BitTorrent sites are now being blocked by ISPs in India,torrentfreak.com,https://torrentfreak.com/india-orders-blackout-of-vimeo-the-pirate-bay-and-more-120504/
2012-05-05,18:31:37,t86ct,117,"Bodies hung from bridge as 23 more die in Mexico drug war: Human heads dumped at Nuevo Laredo city hall as part of gruesome display of power by warring cartel
",guardian.co.uk,http://www.guardian.co.uk/world/2012/may/05/bodies-bridge-23-mexico-drug
2012-05-06,04:27:42,t8p3j,102,"Fighting A Last-Ditch Battle To Save the Rare Javan Rhino: In Indonesia, conservation groups are engaged in a desperate struggle to save the last 40 Javan rhinos on earth",e360.yale.edu,http://e360.yale.edu/feature/indonesia_conservation_groups_fight_to_save_javan_rhino/2521/
2012-05-06,00:56:58,t8fru,67,"Fourteen beheaded corpses found in Nuevo Laredo, hours after nine bodies were discovered hanging from a bridge",aljazeera.com,http://www.aljazeera.com/news/americas/2012/05/20125422424559728.html
2012-05-05,19:48:19,t87qn,53,Thousands march as Japan switches off last nuclear reactor,usatoday.com,http://www.usatoday.com/news/world/story/2012-05-05/japan-nuclear-power/54764792/1
2012-05-05,18:03:29,t85tw,50,Al-Qaeda planned message to convert Ireland to Islam,thejournal.ie,http://www.thejournal.ie/al-qaeda-planned-message-to-convert-ireland-to-islam-439219-May2012/
2012-05-05,00:44:53,t6ywx,48,"Countries around the world envy Germany's economic success and look up to it as a role model. But a closer look reveals a much bleaker picture. Only few are benefiting from the boom, while stagnant wages and precarious employment conditions are making it difficult for millions to make ends meet.",spiegel.de,"http://www.spiegel.de/international/business/0,1518,830972,00.html"
2012-05-05,22:23:20,t8aue,42,Revolution in Yemen: 'We are not finished yet' - USATODAY.com,usatoday.com,http://www.usatoday.com/news/world/story/2012-05-02/yemen-revolution-saleh/54706614/1
2012-05-05,10:52:54,t7spg,36,"Islamic Insurgents Kill 13, Wound 130 In Suicide Bomb Attack In Russia’s Dagestan Republic",thestar.com,http://www.thestar.com/news/world/article/1172983--dagestan-bomb-blasts-kill-13-leave-scores-wounded
2012-05-05,19:28:06,t87ex,35,"11 injured, including 4 police officers, as Quebec student protest turns violent - The Globe and Mail",theglobeandmail.com,http://www.theglobeandmail.com/news/politics/11-injured-including-4-police-officers-as-quebec-student-protest-turns-violent/article2423712/
2012-05-05,09:31:30,t7pc0,29,"A teenager blew himself up near a Pakistani market close to the Afghan border Friday, killing 20 people",seattletimes.nwsource.com,http://seattletimes.nwsource.com/html/nationworld/2018137110_apaspakistan.html
2012-05-06,00:51:36,t8fkn,15,Greenpeace activists arrested after boarding Arctic-bound icebreaker in Sweden - The Washington Post,washingtonpost.com,http://www.washingtonpost.com/world/europe/greenpeace-activists-board-arctic-bound-icebreaker-in-sweden-2nd-action-in-a-week/2012/05/03/gIQA92uMyT_story.html
2012-05-05,03:02:25,t766i,12,China's iPad Generation - Meet the children left behind when their parents go to the factory,foreignpolicy.com,http://www.foreignpolicy.com/articles/2012/05/03/chinas_ipad_generation
2012-05-05,11:53:00,t7ux6,13,"Iraq's unity tested by rising tensions over oil-rich Kurdish region:  As Iraqi Kurdistan ramps up oil production that could soon surpass Libya's output, Kurdish leaders have warned they may seek independence if disputes over oil revenues, power-sharing aren't resolved.",csmonitor.com,http://www.csmonitor.com/World/Middle-East/2012/0504/Iraq-s-unity-tested-by-rising-tensions-over-oil-rich-Kurdish-region
2012-05-05,14:09:30,t801f,14,Man struck by lightning in scrotum,news.ninemsn.com.au,http://news.ninemsn.com.au/world/8462497/man-struck-by-lightning-in-scrotum
2012-05-05,09:04:56,t7o7c,12,Boris Johnson wins second term as London mayor ,bbc.co.uk,http://www.bbc.co.uk/news/uk-politics-17946742
2012-05-05,12:21:59,t7w1x,8,"Gorbachev praises democratic Russia —  There are more free people in Russia than ever before, believes former President of the Soviet Union Mikhail Gorbachev. ",rt.com,http://rt.com/politics/gorbachev-praises-democratic-russia-506/
2012-05-05,05:27:16,t7dth,9,BBC Technology: Wind-blown landmine clearance,bbc.com,http://www.bbc.com/future/story/20120503-blowing-in-the-wind
2012-05-05,18:21:36,t8666,8,Ben Goldacre: Piratebay is blocked. The state is monitoring your web traffic. No problem: it's time for a VPN,bengoldacre.posterous.com,https://bengoldacre.posterous.com/piratebay-is-blocked-the-state-is-monitoring#more
2012-05-05,05:26:06,t7drd,9,"Tehran Politics: Are the Mullahs Losing Their Grip? --- ""Khamenei, Jannati, and other fundamentalist clergymen realize as well as Ahmadinejad that the appeal of Islamist ideology is waning among Iran’s masses. The clergy senses that its loss of political authority may be close at hand""",worldaffairsjournal.org,http://www.worldaffairsjournal.org/article/tehran-politics-are-mullahs-losing-their-grip
2012-05-05,14:55:18,t81gg,8,"Life not sweet for Philippines' sugar cane child workers - 
CNN.com",edition.cnn.com,http://edition.cnn.com/2012/05/01/world/asia/philippines-child-labor/index.html?iid=article_sidebar
2012-05-05,19:03:22,t86y3,6,"One killed, more than 300 injured as clashes break out in Egypt",edition.cnn.com,http://edition.cnn.com/2012/05/04/world/africa/egypt-protests/index.html?hpt=hp_t1
2012-05-05,10:19:02,t7rb1,6,"Palestinian convicts on hunger strike must leave bed to see lawyer, Israel Prison Service says",haaretz.com,http://www.haaretz.com/news/diplomacy-defense/palestinian-convicts-on-hunger-strike-must-leave-bed-to-see-lawyer-israel-prison-service-says-1.428069
2012-05-05,09:32:48,t7pdz,6,"Kuwait MPs pass death penalty bill for cursing God -  Lawmakers in Kuwait impose death penalty for blasphemy, citing a need to curtail the increase of the incident and to 'deter' it ",english.ahram.org.eg,http://english.ahram.org.eg/NewsContent/2/8/40793/World/Region/Kuwait-MPs-pass-death-penalty-bill-for-cursing-God.aspx
