2012-08-07,19:36:40,xtfri,2234,"In world's 1st commercial deep-sea mining project, Canadian firm will mine for gold & copper in Papua New Guinea's seabed,  despite vehement objections over threat to marine life -  Nautilus Minerals has been granted a 20-yr license 

",guardian.co.uk,http://www.guardian.co.uk/environment/2012/aug/06/papua-new-guinea-deep-sea-mining
2012-08-07,04:22:59,xs438,2074,"""Honour killing"" evolves: Punjab girl hires contract killers to eliminate parents for opposing her marriage",timesofindia.indiatimes.com,http://timesofindia.indiatimes.com/india/Punjab-girl-hires-contract-killers-to-eliminate-parents-for-opposing-her-marriage/articleshow/15377678.cms
2012-08-07,09:13:22,xsn50,975,Chinese mother rescues 11 year-old daughter from brothel; sentenced to labor camp for protesting lenient punishment of the men,blogs.wsj.com,http://blogs.wsj.com/chinarealtime/2012/08/06/mother%E2%80%99s-labor-camp-sentence-sparks-fury/
2012-08-07,19:55:29,xtg99,740,New Zealand volcano erupts,guardian.co.uk,http://www.guardian.co.uk/world/2012/aug/07/new-zealand-volcano-erupts
2012-08-07,16:38:38,xtata,714,Bodyguard fears Assange may face death,abc.net.au,http://www.abc.net.au/local/stories/2012/08/07/3562410.htm?site=brisbane&source=rss&utm_medium=twitter&utm_campaign=Queensland_Online&utm_content=news&utm_source=RoamMedia
2012-08-07,16:59:24,xtbhr,627,Kim Dotcom accuses New Zealand police of beating him during arrest. ,news.yahoo.com,http://news.yahoo.com/megaupload-founder-accuses-nz-police-beating-him-042751120.html
2012-08-07,18:53:51,xtepa,619,"Three female members of Pussy Riot, a Russian punk band, face prison on hooliganism charges. Band member's husband gives his diary account of five extraordinary days in a Moscow court",guardian.co.uk,http://www.guardian.co.uk/music/2012/aug/05/pussy-riot-court-diary?CMP=twt_gu
2012-08-08,00:08:14,xtqoc,388,Leaked MPAA memo shows that how they plan to deal with TV Shack and the extradition of Richard O'Dwyer,torrentfreak.com,http://torrentfreak.com/leaked-mpaa-memo-reveals-tv-shack-press-strategy-120805/
2012-08-07,08:50:29,xslo3,325,Safe sex? Indonesia would rather its sex workers got Aids. Religious intolerance is undermining the fight against Asia's fastest-growing HIV epidemic,independent.co.uk,http://www.independent.co.uk/news/world/asia/safe-sex-indonesia-would-rather-its-sex-workers-got-aids-8010008.html
2012-08-07,01:15:19,xrrmh,246,Drilling discovers ancient Antarctic rainforest ,news.yahoo.com,http://news.yahoo.com/drilling-discovers-ancient-antarctic-rainforest-084041105.html
2012-08-07,18:58:25,xtet0,175,"The first known Gay Wedding was conducted in Muslim-majority Malaysia and where sodomy is outlawed, risking the ire of the government who has all but declared war on homosexuality",vancouversun.com,http://www.vancouversun.com/entertainment/Kissing+karaoke+couple+married+cheered+banquet+guests+Malaysia/7046301/story.html
2012-08-07,23:11:54,xtnl1,165,"Demonoid Operators Face Criminal Investigation in Mexico: ""In Mexico a criminal case against the owners of Demonoid has been initiated and the tracker is charged with intellectual property rights violations""",torrentfreak.com,http://torrentfreak.com/demonoid-operators-face-criminal-investigation-in-mexico-120807/
2012-08-08,04:01:43,xu5fs,158,"British army considering switching to the same environmentally friendly, ""green"" bullets used by Scandinavian armies.",bbc.co.uk,http://www.bbc.co.uk/news/magazine-19116438
2012-08-07,19:45:51,xtfzn,144,Egypt's Muslim Brotherhood blames Sinai attack on Mossad,haaretz.com,http://www.haaretz.com/news/diplomacy-defense/egypt-s-muslim-brotherhood-blames-sinai-attack-on-mossad-1.456403
2012-08-07,06:38:58,xsdcp,148,British Bank Accused of Hiding About 250 Billion Dollars of Transactions With Iranians,nytimes.com,http://www.nytimes.com/2012/08/07/business/standard-chartered-bank-accused-of-hiding-transactions-with-iranians.html?_r=1&hp
2012-08-07,08:43:19,xsl6u,121,11-year-old girl married to 40-year-old man,amanpour.blogs.cnn.com,http://amanpour.blogs.cnn.com/2012/08/05/11-year-old-girl-married-to-40-year-old-man/?hpt=hp_t3
2012-08-08,07:13:11,xui3x,117,UK court jails parents for life over honor killing of teen daughter,worldnews.nbcnews.com,http://worldnews.nbcnews.com/_news/2012/08/03/13103118-uk-court-jails-parents-for-life-over-honor-killing-of-teen-daughter
2012-08-07,23:40:44,xtp4b,116,"An unmanned Russian rocket and its payload of two communications satellites has failed to reach orbit, the latest in a series of failures that has dogged Moscow's space programme.",guardian.co.uk,http://www.guardian.co.uk/world/2012/aug/07/russian-rocket-fails-reach-orbit
2012-08-07,00:50:42,xrq47,91,"In Somali capital, a year without Islamist militia:  

One year after the forced departure of Islamist militia Al Shabab, Mogadishu is rebuilding and prospering. But residents worry the group may return.",csmonitor.com,http://www.csmonitor.com/World/Africa/2012/0806/In-Somali-capital-a-year-without-Islamist-militia
2012-08-07,21:41:36,xtjns,82,London Olympics: Cameroon athletes 'abscond',bbc.co.uk,http://www.bbc.co.uk/news/world-africa-19167033
2012-08-07,03:03:49,xryom,76,French Catholic Church to pray against upcoming gay marriage law,reuters.com,http://www.reuters.com/article/2012/08/06/us-france-catholic-idUSBRE8750K020120806
2012-08-07,21:34:11,xtjd2,58,"Monsoon rains swamp Philippine capital, markets shut ",msnbc.msn.com,http://www.msnbc.msn.com/id/48543263?__utma=14933801.2077581686.1342439788.1344278334.1344339328.72&__utmb=14933801.6.10.1344339328&__utmc=14933801&__utmx=-&__utmz=14933801.1344278334.71.3.utmcsr=t.co%7Cutmccn=(referral)%7Cutmcmd=referral%7Cutmcct=/Rn3W9r5e&__utmv=14933801.%7C8=Earned%20By=msnbc%7Ccover=1%5E12=Landing%20Content=Mixed=1%5E13=Landing%20Hostname=www.nbcnews.com=1%5E30=Visit%20Type%20to%20Content=Earned%20to%20Mixed=1&__utmk=250247814#.UCEH8E1lQS4
2012-08-07,09:02:24,xsmeh,52,"
Saying Mali ‘Is Our Country,’ Militias Train to Oust Islamists",nytimes.com,https://www.nytimes.com/2012/08/06/world/africa/mali-militias-poorly-armed-but-zealous-to-oust-islamists.html?ref=global-home
2012-08-07,23:59:51,xtq7m,50,Iranian Chief of Staff: Turkey is next after Syria,hurriyetdailynews.com,http://www.hurriyetdailynews.com/turkeys-next-after-syria-iranian-chief-of-staff--.aspx?pageID=238&nID=27251&NewsCatID=359
2012-08-07,12:41:04,xszy2,46,French air force chief named NATO supreme commander,france24.com,http://www.france24.com/en/20120806-french-air-force-chief-nato-supreme-commander-palomeros-strategic-base
2012-08-07,21:51:55,xtk1l,39,Conservative German Party asks for equal taxation for married gay couples,spiegel.de,http://www.spiegel.de/international/germany/german-family-minister-in-favor-of-tax-benefits-for-gay-couples-a-848693.html
2012-08-07,12:09:01,xsy05,39,Russia: Suicide Bombers Strike at Military Unit in Chechnya,nytimes.com,http://www.nytimes.com/2012/08/07/world/europe/russia-suicide-bombers-strike-at-military-unit-in-chechnya.html
2012-08-07,04:54:55,xs6af,39,Standard Chartered named in scathing report by regulators which claims the bank helped Iranian clients skirt US financial sanctions,guardian.co.uk,http://www.guardian.co.uk/business/2012/aug/06/standard-chartered-iran-transactions
2012-08-07,23:39:21,xtp1f,31,Lloyds (bank) online fraud chief admits £2.4m fraud,guardian.co.uk,http://www.guardian.co.uk/business/2012/aug/07/lloyds-digital-fraud-chief-admits-fraud
2012-08-07,16:47:16,xtb41,23,"Manila, Philippines pounded by torrential downpour. Tens of thousands of Filipinos stranded because of intense flood.",newsinfo.inquirer.net,http://newsinfo.inquirer.net/244365/heavy-rains-paralyzeluzon-metro-manila
