2012-10-16,20:53:49,11kds9,3359,British computer hacker Gary McKinnon will not be extradited to the US,bbc.co.uk,http://www.bbc.co.uk/news/uk-19957138
2012-10-16,13:28:35,11jzc7,2968,"For eight months, starting last November, he was the prime minister of his native country, Somalia, one of the most chaotic nations on earth. And then, as suddenly as he had left, he was back in his cubicle at the Transportation Department in Buffalo, NY",nytimes.com,http://www.nytimes.com/2011/12/07/nyregion/after-serving-as-somalias-prime-minister-back-to-work-in-buffalo.html?pagewanted=all&_r=0
2012-10-16,21:38:34,11kff8,1809,"
Starbucks paid no tax on UK earnings in the past three years: The coffee chain company has used legal tax-avoidance tactics to pay as little as possible, paying £8.6m in taxes on a reported £3bn in UK sales since 1998, and nothing in the past three years. Is this OK?
",guardian.co.uk,http://www.guardian.co.uk/commentisfree/poll/2012/oct/16/taxavoidance-starbucks
2012-10-16,00:33:08,11ijcs,776,Slavery's last stronghold,cnn.com,http://www.cnn.com/interactive/2012/03/world/mauritania.slaverys.last.stronghold/index.html?hpt=wo_c2
2012-10-16,12:42:53,11jwgo,358,"Indian baby suffers horrendous burns in shocking dowry dispute:  An Indian woman has died and her 13-month-old daughter suffered horrendous burns after her husband and father-in-law set them on fire as they slept, in a dispute over a dowry payment. ",telegraph.co.uk,http://www.telegraph.co.uk/news/worldnews/asia/india/9609623/Indian-baby-suffers-horrendous-burns-in-shocking-dowry-dispute.html
2012-10-16,03:40:05,11iv9a,264,"West's free speech stand bars blasphemy ban - OIC - ISTANBUL, Oct 15 (Reuters) - Western opposition has made it impossible for Muslim states to obtain a ban on blasphemy, including anti-Islamic videos and cartoons that have touched off deadly riots, the Islamic world's top diplomat said.",chicagotribune.com,"http://www.chicagotribune.com/sns-rt-islam-blasphemyl5e8lfked-20121015,0,1414246.story"
2012-10-16,04:24:57,11iy9o,237,"Mali: Girl in Timbuktu whipped for speaking to men - BAMAKO, Mali (AP) -- A teenaged girl received 60 lashes in Timbuktu after Islamist extremists convicted her of speaking to men on the street.",miamiherald.com,http://www.miamiherald.com/2012/10/15/3051170/mali-girl-in-timbuktu-whipped.html
2012-10-16,02:41:43,11ire3,227,STRATFOR: Egypt Is Prepared To Bomb All Of Ethiopia's Nile Dams,businessinsider.com,http://www.businessinsider.com/hacked-stratfor-emails-egypt-could-take-military-action-to-protect-its-stake-in-the-nile-2012-10
2012-10-16,18:24:42,11k9u2,173,Cardboard bike is a 'game changer’ in Africa - Telegraph,telegraph.co.uk,http://www.telegraph.co.uk/news/worldnews/africaandindianocean/9609146/Cardboard-bike-is-a-game-changer-in-Africa.html
2012-10-16,22:53:37,11kij1,172,"1,400 evacuated in Germany after Kraft Foods leak ",france24.com,http://www.france24.com/en/20121016-1400-evacuated-germany-after-kraft-foods-leak
2012-10-16,09:50:00,11jkkp,167,Historically Neutral Swiss Prepare Army for European Economic Meltdown and Civic Unrest,cnbc.com,http://www.cnbc.com/id/49385502
2012-10-16,12:48:59,11jwvs,152,"Israel urged to protect West Bank olive trees after settler attacks. More than 870 trees vandalised in first week of harvest this month, according to UN",guardian.co.uk,http://www.guardian.co.uk/world/2012/oct/15/israel-oliver-trees-settler-attacks
2012-10-16,22:52:13,11kigk,143,Guinea-Bissau: How Cocaine Transformed a Tiny African Nation,world.time.com,http://world.time.com/2012/10/15/guinea-bissau-how-cocaine-transformed-a-tiny-african-nation/?iid=gs-main-mostpop1
2012-10-16,00:21:27,11iion,125,"Panama leader tells Germany he wants to adopt euro - BERLIN (Reuters) - Panama would like to introduce the euro as legal tender alongside the U.S. dollar, President Ricardo Martinelli told German Chancellor Angela Merkel on Monday during a visit to Europe",chicagotribune.com,"http://www.chicagotribune.com/news/sns-rt-us-eurozone-panama-germanybre89e0th-20121015,0,7364144.story"
2012-10-16,19:02:22,11kaqt,94,"Russia's Medvedev calls for ban of tobacco ads
",news.yahoo.com,http://news.yahoo.com/russias-medvedev-calls-ban-tobacco-ads-063153424--finance.html
2012-10-16,22:44:26,11ki37,91,"Syria: Rebels losing support in Aleppo. As the conflict deteriorates, many residents are losing patience with an increasingly violent and unrecognizable opposition.",globalpost.com,http://www.globalpost.com/dispatch/news/regions/middle-east/syria/121015/aleppo-syria-rebels-fsa-assad-support
2012-10-16,05:30:13,11j2u9,80,The European Union has banned imports of natural gas from Iran.,ynetnews.com,"http://www.ynetnews.com/articles/0,7340,L-4292251,00.html"
2012-10-16,00:29:08,11ij4l,79,"Germans face hefty bill to end nuclear power:  But only 18 months into the plan, the cost of the switchover is beginning to sink in. Some politicians, fearful of losing popular support for the transition, are demanding an overhaul of the mechanism to pay for it.",washingtontimes.com,http://www.washingtontimes.com/news/2012/oct/15/germans-face-hefty-bill-end-nuclear-power/
2012-10-16,20:45:14,11kdih,62,"British computer hacker Gary McKinnon will not be extradited to the US, Home Secretary Theresa May has announced.",bbc.co.uk,http://www.bbc.co.uk/news/uk-19957138
2012-10-16,05:51:46,11j4d8,57,Girl Shot by Taliban Arrives in Britain For Treatment - NYTimes.com,nytimes.com,http://www.nytimes.com/2012/10/16/world/asia/malala-yousafzai-taliban-shooting-victim.html?_r=1&ref=global-home&gwh=251A6CA6466B79402332E7265C27298A
2012-10-16,14:52:52,11k3gr,59,Western spies get discreetly involved in Syria,dw.de,http://www.dw.de/western-spies-get-discreetly-involved-in-syria/a-16304302
2012-10-16,14:14:42,11k1qk,55,I didn't even know this was feasible. Ghana seizes Argentinian war ship due to a court order from a hedge fund stating that Argentina still owes money from defaulted loans. ,reuters.com,http://www.reuters.com/article/2012/10/15/argentina-ghana-ship-idUSL1E8LFKZO20121015
2012-10-16,16:25:00,11k6s6,46,"Cuba Scraps Exit Visa Requirement - HAVANA (AP) — The Cuban government announced Tuesday that it will no longer require islanders to apply for an exit visa, eliminating a much-loathed bureaucratic procedure that has been a major impediment for many seeking to travel overseas.",npr.org,http://www.npr.org/templates/story/story.php?storyId=162985186
2012-10-16,01:22:41,11imec,46,When the Arab Jews Fled - WSJ.com,online.wsj.com,http://online.wsj.com/article/SB10000872396390443294904578048451218760728.html?mod=googlenews_wsj
2012-10-16,13:36:47,11jzs4,45,Chinese Navy Warships Pass Waters Near Okinawa Island,japantimes.co.jp,http://www.japantimes.co.jp/text/nn20121016x1.html
2012-10-16,23:37:09,11kksi,42,"Nigel Farage and the Euro: “The idea that we should take all these different countries in Europe, force them together against their democratic will, and put them under the control of people like Herman Van Rompuy is, frankly, beyond belief. These are very, very dangerous, bad people”",newyorker.com,http://www.newyorker.com/talk/2012/10/22/121022ta_talk_paumgarten
2012-10-16,22:15:36,11kgw9,44,"Daughter of Mexican drug lord Joaquin ""El Chapo"" Guzman held in San Diego",news.yahoo.com,http://news.yahoo.com/daughter-mexican-drug-lord-held-san-diego-073242037.html
2012-10-16,06:07:57,11j5hu,33,West's free speech stand bars blasphemy ban: OIC,reuters.com,http://www.reuters.com/article/2012/10/15/us-islam-blasphemy-idUSBRE89E18U20121015
2012-10-16,02:38:20,11ir5v,30,Essex fire: Father fought hard to save his family ,telegraph.co.uk,http://www.telegraph.co.uk/news/uknews/9610040/Essex-fire-Father-fought-hard-to-save-his-family.html
2012-10-16,13:37:35,11jzto,29,Ex-Murdoch executive Brooks given 7 million pounds pay-off: FT,chicagotribune.com,"http://www.chicagotribune.com/business/sns-rt-us-britain-hacking-brooksbre89e1k4-20121015,0,7358315.story"
