2012-11-15,10:34:45,137upp,2491,"
Savita Halappanavar's medically unnecessary death: In the worst way possible, a woman refused a life-saving abortion in Ireland has proved 'pro-life' advocates wrong",guardian.co.uk,http://www.guardian.co.uk/commentisfree/2012/nov/14/savita-halappanavar-medically-unnecessary-death
2012-11-15,00:33:13,136qjp,2276,Ireland 'should change abortion law' after woman's death. Member of Irish Labour party says country's almost total ban on abortions must be relaxed,guardian.co.uk,http://www.guardian.co.uk/world/2012/nov/14/ireland-abortion-law-woman-death
2012-11-15,11:34:26,137yj7,1950,North Korean missile parts found on ship going to Syria,yomiuri.co.jp,http://www.yomiuri.co.jp/dy/world/T121114004073.htm
2012-11-15,23:40:46,138ram,1851,Anonymous warns Israel: 'No one cuts internet on our watch!',rt.com,http://rt.com/news/gaza-israel-strike-anonymous-787/
2012-11-15,18:52:04,138gfb,1723,"I am ashamed that Ireland's medieval abortion law still stands - Blame for denying Savita Halappanavar a termination lies with all of us who keep quiet about abortion rights
",guardian.co.uk,http://www.guardian.co.uk/commentisfree/2012/nov/15/ireland-medieval-abortion-law-savita
2012-11-15,21:01:51,138k23,1527,BBC worker's son killed by Israeli attacks in Gaza,huffingtonpost.co.uk,http://www.huffingtonpost.co.uk/2012/11/15/jihad-misharawi-bbc-arabic-baby-omar-killed-gaza-strike_n_2135095.html
2012-11-15,02:56:29,13702b,1408,China's Great Shame: the government-induced Great Famine that killed 36 million still cannot be publicly discussed in China.,nytimes.com,http://www.nytimes.com/2012/11/14/opinion/chinas-great-shame.html?pagewanted=print
2012-11-15,00:11:06,136p68,790,"Hamas says now in 'open war' with Israel, promises 'gates of hell' — RT",rt.com,http://rt.com/news/hamas-open-war-israel-694/
2012-11-15,21:23:39,138kv3,738,Cambodia arrests 8 over 'SOS' messages for Obama,news.yahoo.com,http://news.yahoo.com/cambodia-arrests-8-over-sos-messages-obama-073405036.html
2012-11-15,20:36:13,138j6j,527,Uganda hit by new Ebola outbreak (from r/globalhealth),guardian.co.uk,http://www.guardian.co.uk/world/2012/nov/15/uganda-hit-new-ebola-outbreak
2012-11-15,21:40:30,138lga,528,"'Nazis out!' Greek protesters attack conference, throw coffee at German diplomat — RT",rt.com,http://rt.com/news/greek-protesters-coffee-german-768/
2012-11-15,09:01:43,137ois,416,"UK government: Gay ""cure"" therapy is harmful -- ""The Department of Health does not condone the concept of therapists offering 'cures' for homosexuality. There is no evidence that this sort of treatment is beneficial and indeed it may well cause significant harm""",pinknews.co.uk,http://www.pinknews.co.uk/2012/11/13/gay-cure-therapy-is-harmful-says-uk-government/
2012-11-15,23:58:26,138sce,385,"The story behind the photo: BBC journalist grieves the death of his 11-month-old son, killed in Gaza",washingtonpost.com,http://www.washingtonpost.com/blogs/worldviews/wp/2012/11/15/the-story-behind-the-photo-journalists-11-month-old-son-killed-in-gaza-strikes/
2012-11-15,20:47:27,138jka,375,Parents slam Irish abortion laws after woman dies,google.com,http://www.google.com/hostednews/ap/article/ALeqM5gjIB9mci4wg1sXIAr10TgSoY4XKw?docId=63b4e1558bfb42ccb476a30fa14c726a
2012-11-15,15:40:22,138be4,321,BBC News - Gaza rocket-fire kills three Israelis,bbc.co.uk,http://www.bbc.co.uk/news/world-20336811
2012-11-15,01:43:01,136v8c,280,Frosty Relations With Russia Begin to Thaw After Obama’s Re-election,nytimes.com,http://www.nytimes.com/2012/11/14/world/europe/moscow-reopens-a-communication-channel-with-washington.html
2012-11-15,23:32:06,138qs7,256,How Germany Is Getting to 100% Renewable Energy,truthdig.com,http://www.truthdig.com/report/item/how_germany_is_getting_to_100_percent_renewable_energy_20121115/
2012-11-15,06:07:59,137da9,230,"Argentina Asks UN to Free Navy Ship Impounded in Ghana, Arguing Seizure Violates Maritime Law - It  was seized after a local court ruled in favor of an American billionaire, who claims the Argentine govt owes $370m (£233m) for  a debt default a decade ago.",bbc.co.uk,http://www.bbc.co.uk/news/world-latin-america-20332793
2012-11-15,09:07:17,137ov9,231,Huge Anti Austerity Strikes in Europe,nytimes.com,http://www.nytimes.com/2012/11/15/world/europe/workers-in-southern-europe-synchronize-anti-austerity-strikes.html?_r=0
2012-11-15,01:17:01,136tiq,180,"Russia has lost the ability to send commands to most of its satellites and its segment of the International Space Station, following a power cable failure near Moscow.",telegraph.co.uk,http://www.telegraph.co.uk/news/worldnews/europe/russia/9677949/Russia-loses-ability-to-send-commands-to-Space-Station.html
2012-11-15,13:39:51,138632,163,"Rat kill in Galapagos Islands targets 180 million. The unique bird and reptile species that make the Galapagos Islands a treasure for scientists and tourists must be preserved, Ecuadorean authorities say _ and that means the rats must die, hundreds of millions of them.",thetandd.com,http://thetandd.com/news/world/rat-kill-in-galapagos-islands-targets-million-t/article_2f6244c6-4668-56aa-82d3-08efb1ff7606.html
2012-11-15,16:07:34,138c8z,96,Massed Israeli troops poised for invasion of Gaza,independent.co.uk,http://www.independent.co.uk/news/world/middle-east/massed-israeli-troops-poised-for-invasion-of-gaza-8316615.html
2012-11-15,10:38:47,137uyo,84,Mcafee goes off the grid Jason Bourne style,theaustralian.com.au,http://www.theaustralian.com.au/news/bonkers-mcafee-dodges-belize-police/story-e6frg6n6-1226517287754
2012-11-15,02:34:56,136ykj,84,UN report: Contraception access could save $57 billion worldwide,rawstory.com,http://www.rawstory.com/rs/2012/11/14/un-report-contraception-access-could-save-57-billion-worldwide/
2012-11-15,06:12:09,137dko,82,Millions of workers strike over government spending cuts in Europe. ,nydailynews.com,http://www.nydailynews.com/news/world/millions-strike-europe-article-1.1201759
2012-11-15,21:35:09,138l9a,57,"Euro zone falls into second recession since 2009
| Reuters",reuters.com,http://www.reuters.com/article/2012/11/15/us-eurozone-economy-idUSBRE8AE0HV20121115
2012-11-15,05:06:43,1378tu,48,South Africa holds diamond smuggler who swallowed 220 gems,bbc.co.uk,http://www.bbc.co.uk/news/world-africa-20330080
2012-11-15,07:08:41,137ham,46,"Yen eges toward brink: Japan pursues strong yen for reasons of national pride, and to keep pensioners happy with cheap imported goods, but it's a crazy policy for a depression and it's sure to end in a crash.",english.caixin.com,http://english.caixin.com/2012-11-12/100459252_all.html
2012-11-15,08:22:36,137m0p,43,Doctors in Canada find way to communicate with vegetative patient.,calgaryherald.com,http://www.calgaryherald.com/technology/science/Breakthrough+lets+Canadian+vegetative+state/7547620/story.html
2012-11-15,08:39:40,137n2o,39,"Toyota GT86 advert banned in the UK because TWO people complained that ""the ad was irresponsible and condoned dangerous driving""",standard.co.uk,http://www.standard.co.uk/news/uk/racy-toyota-real-deal-advert-banned-8315455.html
