2012-04-21,09:30:59,sklt0,1802,"Mayor Supports $800,000,000 Ancient Rome Theme Park Planned - in Rome__The idea, which may be funded by the Emir of Qatar, is to give tourists a chance to do things such as race chariots & take Roman baths. One critic likens the plan to “building a zoo in the jungle”. ",ottawacitizen.com,http://www.ottawacitizen.com/life/million+ancient+Rome+theme+park+planned+Rome/6488881/story.html
2012-04-21,00:16:24,sjr7f,1526,Plane Crashes in Pakistan With 127 On Board,bloomberg.com,http://www.bloomberg.com/news/2012-04-20/plane-crashes-in-pakistan-with-127-on-board-geo-tv-says.html
2012-04-21,02:52:33,sk0j5,801,Black firefighter 'tasered as he tried to help police' ,ca.news.yahoo.com,http://ca.news.yahoo.com/black-firefighter-tasered-tried-help-police-103841632.html
2012-04-21,14:26:47,skxss,512,World’s Largest Solar Field Switched on in India,techwireasia.com,http://www.techwireasia.com/2790/worlds-largest-solar-field-switched-on-in-india/
2012-04-21,06:39:37,skdm3,467,"Coral gardens that were among Asia's most spectacular, teeming with colorful sea life just a few months ago, have been transformed into desolate gray moonscapes by illegal fishermen who use explosives or cyanide to kill or stun their prey.",hosted.ap.org,http://hosted.ap.org/dynamic/stories/A/AS_INDONESIA_CORAL_KILLERS?SITE=RIPAW&SECTION=HOME&TEMPLATE=DEFAULT
2012-04-21,23:38:33,sla7e,422,"Dutch government falls, loses majority support after Anti-Islam party walks out of spending cut-negotiations. New elections likely to be held later in 2012",volkskrant.nl,http://www.volkskrant.nl/vk/nl/9824/De-zoektocht-naar-miljarden/article/detail/3244410/2012/04/21/Catshuisberaad-geklapt---Wilders-trekt-zich-terug.dhtml
2012-04-21,21:53:57,sl79a,290,Japan to write off $3.7bn Burma debt - Joint plans could give Japanese firms a head start in winning business in what is seen as one of Asia's last frontier markets,bbc.co.uk,http://www.bbc.co.uk/news/world-asia-17797910
2012-04-21,21:54:11,sl79k,245,"In a bid to quash an investigation into his wife for the murder of Neil Heywood, Bo Xilai had at least seven people seized and tortured two to death, according to a document read out to Chinese government officials. ",telegraph.co.uk,http://www.telegraph.co.uk/news/worldnews/asia/china/9214753/Bo-Xilai-responsible-for-two-more-deaths.html
2012-04-21,03:45:17,sk3oi,226,Norwegians value respecting killer's human rights - even when he showed no respect for the lives of others,edition.cnn.com,http://edition.cnn.com/2012/04/17/world/europe/norway-breivik-court-magnay/index.html?hpt=hp_c1
2012-04-22,06:50:56,slsip,201,"In Argentina's Dirty War 35 years ago, soldiers pushed pregnant women out of planes. Should Argentina prosecute them now? The Stubborn Past | Foreign Policy",foreignpolicy.com,http://www.foreignpolicy.com/articles/2012/04/20/the_stubborn_past?page=full#.T5MqBJSPcC1.reddit
2012-04-20,23:35:58,sjoz9,162,"""Convinced that the United States is in decline, China's distrust is growing of the longtime superpower which it sees as bent on holding back the Asian power's rise, an influential scholar says.""",news.asiaone.com,http://news.asiaone.com/News/Latest%2BNews/World/Story/A1Story20120404-337625.html
2012-04-21,19:43:18,sl4r0,150,Bahain: 'Man shot dead' in protest ahead of Grand Prix,bbc.co.uk,http://www.bbc.co.uk/news/world-17796833
2012-04-21,20:28:47,sl5jc,135,"Richard Benyon, the UK environment minister destroying what he is paid to protect: With his lucrative Benyon's Inclosure quarrying project, the environment minister risks a shameless conflict of interests",guardian.co.uk,http://www.guardian.co.uk/environment/georgemonbiot/2012/apr/20/richard-benyons-inclosure-quarry
2012-04-21,18:41:55,sl3pm,124,"BBC News - Gay marriage 'nothing to fear', say senior 
Anglicans",bbc.co.uk,http://www.bbc.co.uk/news/uk-17796511
2012-04-22,01:59:50,slfkv,118,China warns of war against US over South China Sea,news.yahoo.com,http://news.yahoo.com/china-military-warns-confrontation-over-seas-115145354.html
2012-04-21,21:15:51,sl6fk,106,Assassination plot foiled? Afghanistan arrests five with 11 tons of explosives,worldnews.msnbc.msn.com,http://worldnews.msnbc.msn.com/_news/2012/04/21/11319108-assassination-plot-foiled-afghanistan-arrests-five-with-11-tons-of-explosives
2012-04-21,15:36:41,skzw5,104,Students protesting tuition hikes in Montreal begin to riot in response to police brutality and government neglect.  ,theglobeandmail.com,http://www.theglobeandmail.com/news/video/raw-video-montreal-students-clash-with-police/article2409270/?from=2409664
2012-04-21,09:56:10,skmwp,75,Kuwait: New Law Mandates Death Penalty For Anyone Who Insults Islam…,bikyamasr.com,http://bikyamasr.com/66637/kuwait-to-impose-death-sentence-for-insulting-islam-god-or-the-prophet-mohamed/
2012-04-21,20:01:28,sl525,60,Bahrain protester found dead. Salah Abbas Habib died after being beaten by riot police on eve of Bahrain Grand Prix.,guardian.co.uk,http://www.guardian.co.uk/world/2012/apr/21/bahrain-protester-dead-grand-prix
2012-04-21,02:11:58,sjy2o,43,China warns India of arrogance over missile launch,telegraph.co.uk,http://www.telegraph.co.uk/news/worldnews/asia/china/9216554/China-warns-India-of-arrogance-over-missile-launch.html
2012-04-21,21:52:41,sl78h,43,China: Political scandal over death of Neil Heywood draws attention to how Chinese officials make – and spend – ill-gotten fortunes,guardian.co.uk,http://www.guardian.co.uk/world/2012/apr/19/bo-xilai-light-corruption-china
2012-04-21,10:06:23,sknce,30,Australian High Court rules against the Music and Movie industry in making ISP iiNet accountable for for illegal downloads.,abc.net.au,http://www.abc.net.au/lateline/content/2012/s3482558.htm
2012-04-21,16:17:38,sl0wk,22,"Cops raid McDonald's in Denmark, arrest illegal workers.
",cphpost.dk,http://cphpost.dk/news/national/cops-raid-mcdonalds-arrest-illegal-workers
2012-04-21,14:58:38,skyt3,22,Petrol bombs vs stun grenades: Clashes in Bahrain ahead of F1 Grand Prix,rt.com,https://rt.com/news/bahrain-clashes-rally-formula1-595/
2012-04-21,16:56:24,sl1sd,17,Secret freedom at Tel Aviv’s ‘Palestinian Queer Party’,timesofisrael.com,http://www.timesofisrael.com/secret-freedom-at-tel-avivs-palestinian-queer-party/
2012-04-21,09:51:46,skmq1,14,"Father suspected of beating his son, burying him alive",shanghaidaily.com,http://www.shanghaidaily.com/article/?id=499388&type=National
2012-04-21,07:43:22,skgud,14,Massive drug bust in Montreal; nets an estimated $860 million worth of hash,news.nationalpost.com,http://news.nationalpost.com/2012/04/18/montreal-hash-drug-bust/
2012-04-21,11:09:37,skq2o,14,Truck - Bus crash in Mexico kills 43 people.,abcnews.go.com,http://abcnews.go.com/International/wireStory/mexico-truck-bus-crash-kills-43-16184180#.T5IWozK3Duc
2012-04-21,22:45:50,sl8l2,13,Space mining start-up company devoted to mining asteroids for metals is set for launch ,rawstory.com,http://www.rawstory.com/rs/2012/04/21/space-mining-startup-set-for-launch-in-u-s/
2012-04-22,04:35:14,slmhr,13,"""David Cameron is poised to approve a decision to abandon plans to buy the conventional take-off variant of the US-made Joint Strike Fighter in favour of a jump jet model. The original decision to buy conventional take-off aircraft was at the heart of the Strategic Defence and Security Review.""",telegraph.co.uk,http://www.telegraph.co.uk/news/9217918/Fighter-jets-about-turn-will-harm-capability.html
