2012-12-05,02:06:10,149smh,2570,North Korean prisoner born in labor camp escaped after 23 brutal years,cbsnews.com,http://www.cbsnews.com/8301-18560_162-57556662/north-korean-prison-endured-for-23-brutal-years/
2012-12-05,21:03:15,14bjl9,2261,"Wal-Mart Nixed Paying Bangladesh Suppliers to Fight Fire -- At a 2011 safety meeting, Wal-Mart said paying Bangladesh suppliers more to help them upgrade their manufacturing facilities was too costly. A fire at a Bangladesh factory that made clothes for Wal-Mart killed more than 100 last month.",bloomberg.com,http://www.bloomberg.com/news/2012-12-05/wal-mart-nixed-paying-bangladesh-suppliers-to-fight-fire.html
2012-12-05,15:43:15,14baal,842,Scientists warn of sperm count crisis: biggest-ever study confirms drastic decline in male reproductive health,independent.co.uk,http://www.independent.co.uk/news/science/scientists-warn-of-sperm-count-crisis-8382449.html
2012-12-05,21:45:02,14bl53,808,'Men don't have to worry about being caught': Sex mobs target Egypt's women,worldnews.nbcnews.com,http://worldnews.nbcnews.com/_news/2012/12/05/15675200-men-dont-have-to-worry-about-being-caught-sex-mobs-target-egypts-women
2012-12-05,20:27:15,14bih2,493,"Brazil authorities arrest 61 police officers for taking bribes of drug-gangs: ""Operation Purification""",cnn.com,http://www.cnn.com/2012/12/04/world/americas/brazil-police-arrested/
2012-12-05,12:14:45,14az7o,313,"18th-century French chateau bulldozed ‘by mistake’ -  A Russian businessman has been left devastated after builders demolished his 18th-century French chateau among the Bordeaux vineyards, seemingly by mistake. Irate local authorities have launched an investigation. ",france24.com,http://www.france24.com/en/20121204-france-chateau-18th-century-bellevue-demolished-accident-bordeaux
2012-12-05,01:48:06,149rg3,290,"NATO warns Syria not to use chemical weapons, NATO told Syrian President Bashar al-Assad on Tuesday that any use of chemical weapons in his fight against encroaching rebel forces would be met by an immediate international response",news.yahoo.com,http://news.yahoo.com/syrian-spokesman-flees-country-diplomat-says-105734071.html;_ylt=AivIJjnzEjGSRA4YH0hXZmJvaA8F;_ylu=X3oDMTNuNzFtMTN2BG1pdANNZWdhdHJvbiBXb3JsZARwa2cDNzViNGRjNjEtN2IwZi0zMmQ3LTgxODEtNmU5NjcwM2EzMWJiBHBvcwMxBHNlYwNtZWdhdHJvbgR2ZXIDYzBjNGEzMzAtM2UzNC0xMWUyLTk3YmQtNWVkNGUzYTllMzk2;_ylg=X3oDMTFqOTI2ZDZmBGludGwDdXMEbGFuZwNlbi11cwRwc3RhaWQDBHBzdGNhdAN3b3JsZARwdANzZWN0aW9ucw--;_ylv=3
2012-12-05,21:56:00,14blkc,286,Iran’s Revolutionary Guards are telling the United States to “recount” the drones in its fleet as they insist that — despite US denials — they captured a small US unmanned spy plane over Gulf waters.,rawstory.com,http://www.rawstory.com/rs/2012/12/05/iran-tells-us-to-recount-drones/
2012-12-05,00:33:30,149mxg,278,"Underwear Factory Fire in China Kills 14 - A fire at a garment factory in Bangladeshi last week killed 110. In Sept, a similar blaze in  Pakistan killed 289 workers.",rawstory.com,http://www.rawstory.com/rs/2012/12/04/underwear-factory-fire-in-china-kills-14/
2012-12-05,21:48:41,14blag,235,"Serbia’s ambassador to NATO was chatting and joking with colleagues in a parking garage at Brussels Airport when he suddenly strolled to a barrier, climbed over and flung himself 10 metres to the ground below.  By the time his shocked colleagues reached him, he was dead.",news.nationalpost.com,http://news.nationalpost.com/2012/12/05/serbias-nato-ambassador-suddenly-leaps-10-metres-to-his-death-at-brussels-airport/
2012-12-05,00:48:50,149nut,213,"Why Africa's lions are rapidly disappearing:  

Africa's lion population has dwindled to 32,000, a nearly 70 percent decline in the past 50 years, according to a new survey ",csmonitor.com,http://www.csmonitor.com/Science/2012/1204/Why-Africa-s-lions-are-rapidly-disappearing
2012-12-05,17:02:47,14bcxf,194,"High-Speed Traders Profit at Expense of Ordinary Investors, Government Study Finds",nytimes.com,http://www.nytimes.com/2012/12/04/business/high-speed-trades-hurt-investors-a-study-says.html?partner=rss&emc=rss&_r=0
2012-12-05,09:20:23,14anaf,183,Sperm count in France falls by 33.4%,bbc.co.uk,http://www.bbc.co.uk/news/health-20593467
2012-12-05,12:55:10,14b1ry,160,"Spain's unemployment is on the rise, with youth unemployment above 50%",theglobeandmail.com,http://www.theglobeandmail.com/report-on-business/international-business/european-business/spains-unemployment-heads-to-5-million/article5952312/
2012-12-05,20:04:32,14bhrv,138,Syrian army wears down as rebels gain territory and confidence,independent.co.uk,http://www.independent.co.uk/news/world/middle-east/syrian-army-wears-down-as-rebels-gain-territory-and-confidence-8385713.html
2012-12-05,23:48:12,14br84,129,"Egyptian presidential candidate 
Mohamed ElBaradei accused of ‘Zionist plot’ to overthrow the Islamist-led government of Mohammed Mursi",english.alarabiya.net,http://english.alarabiya.net/articles/2012/12/05/253433.html
2012-12-05,07:56:54,14ahfr,106,"40 Dead 60,000 Missing As Monster Typhoon Bopha Devastates The Philippines",usatoday.com,http://www.usatoday.com/story/weather/2012/12/03/typhoon-bopha-philippines/1743481/
2012-12-05,01:26:27,149q3t,88,New Zealand Government Admits That Order To Suppress Illegal Spying On Kim Dotcom Only Such Order Issued In 10 Years,techdirt.com,http://www.techdirt.com/articles/20121203/15572821214/new-zealand-government-admits-that-order-to-suppress-illegal-spying-kim-dotcom-only-such-order-issued-10-years.shtml
2012-12-05,18:42:17,14bfls,77,BBC News - Serbia Nato envoy 'jumps to death in Brussels car park',bbc.co.uk,http://www.bbc.co.uk/news/world-europe-20607639
2012-12-05,15:52:28,14bam3,70,James Cameron releases results from his deep dive,blogs.nature.com,http://blogs.nature.com/news/2012/12/james-cameron-releases-results-from-his-deep-dive.html/
2012-12-05,09:24:13,14anj2,71,How Australia could end the Assange stalemate,abc.net.au,http://www.abc.net.au/unleashed/4408852.html
2012-12-05,01:04:04,149oqi,71,All amateur football matches in the Netherlands cancelled after referee got beaten to death. ,nu.nl,http://www.nu.nl/binnenland/2973987/amateurvoetbal-afgelast-overlijden-grensrechter.html
2012-12-05,20:22:29,14bibl,63,Typhoon kills at least 283 in Philippines (Crosspost from r/globalhealth),reuters.com,http://www.reuters.com/article/2012/12/05/us-philippines-typhoon-idUSBRE8B306420121205
2012-12-05,14:25:55,14b6zu,62,Why al-Qaeda finds no recruits in India? - BBC News,bbc.co.uk,http://www.bbc.co.uk/news/world-asia-india-20590302
2012-12-06,00:32:58,14btt9,65,"Russia said on Wednesday respect for human rights was declining in the European Union, as part of a campaign to turn the tables on the West's criticism of Moscow's rights record.",chicagotribune.com,"http://www.chicagotribune.com/news/sns-rt-us-russia-eu-rightsbre8b40pp-20121205,0,7705681.story"
2012-12-05,21:05:12,14bjnr,61,Snakes on a Plane: cobra forces plane into emergency landing  - Telegraph,telegraph.co.uk,http://www.telegraph.co.uk/travel/travelnews/9723720/Snakes-on-a-Plane-cobra-forces-plane-into-emergency-landing.html
2012-12-05,16:52:58,14bcmc,60,War on Drugs?? Dutch local governments are investigating if it's possible to start farms to grow marijuana so they can supply the 'coffeeshops'. (dutch site),ed.nl,http://www.ed.nl/regio/eindhoven/eindhoven-wil-ook-proef-wietteelt-1.3544117
2012-12-05,21:39:47,14bkxi,50,"A nuclear-armed Iran would cause a regional arms race and make Tehran more isolated and vulnerable, according to a former Iranian negotiator who argues that the Islamic state is not seeking to build nuclear bombs.",reuters.com,http://www.reuters.com/article/2012/12/05/us-nuclear-iran-idUSBRE8B40IK20121205
2012-12-05,20:21:05,14bi9v,47,Serbian Ambassador for the NATO commits suicide in Brussels,timesofindia.indiatimes.com,http://timesofindia.indiatimes.com/world/europe/Serbias-Nato-envoy-commits-suicide/articleshow/17492517.cms
2012-12-05,01:00:28,149oiu,39,Israel could face Palestinian war crimes charges - Yahoo! News,news.yahoo.com,http://news.yahoo.com/israel-could-face-palestinian-war-crimes-charges-085600623.html
