2012-10-20,01:43:48,11r687,3263,Rowan Atkinson: We must be allowed to insult each other - Rowan speaks out against strict censorship laws in the UK,telegraph.co.uk,http://www.telegraph.co.uk/news/uknews/law-and-order/9616750/Rowan-Atkinson-we-must-be-allowed-to-insult-each-other.html
2012-10-20,20:01:32,11sl2p,2804,"Hong Kong seizes more than 8,000 lbs. of ivory worth $26.7 million",edition.cnn.com,http://edition.cnn.com/2012/10/20/world/asia/hong-kong-ivory-tusk/index.html
2012-10-20,20:43:10,11slyt,2028,"Supreme Court rules employees have right to privacy on work computers-The court said an individual’s Internet browsing history alone is capable of exposing his or her most intimate likes, dislikes, activities and thoughts.",theglobeandmail.com,http://www.theglobeandmail.com/news/national/supreme-court-rules-employees-have-right-to-privacy-on-work-computers/article4625660/
2012-10-20,05:29:39,11rlc6,832,Spain is considering a ban on photographing police officers,nytimes.com,http://www.nytimes.com/aponline/2012/10/19/world/europe/ap-eu-spain-photographing-police.html?ref=global-home
2012-10-20,03:17:59,11rcka,648,Cuban leader Fidel Castro 'has suffered a massive stroke and has just weeks,dailymail.co.uk,http://www.dailymail.co.uk/news/article-2220258/Cuban-leader-Fidel-Castro-suffered-massive-stroke-just-weeks-live.html
2012-10-20,00:50:28,11r2u2,323,8 girls charged in Canada in bullying case,ctvnews.ca,http://www.ctvnews.ca/canada/8-girls-charged-in-london-ont-bullying-case-1.1001975
2012-10-20,22:08:23,11so5y,284,Only 17% of Russians Think U.S. Treats Russia With Respect,us-russia.org,http://us-russia.org/413-only-17-of-russians-think-us-treats-russia-with-respect.html
2012-10-20,00:47:08,11r2ls,272,"Google To French Media: We May Have To Cut You Off: French Lawmakers are considering legislation that will force search engines to pay for sending French newspapers readers. Newspaper publishers pushing for the law, say it is unfair that Google receives advertising revenue from searches for news",techdirt.com,http://www.techdirt.com/articles/20121018/13484820754/google-to-french-media-we-may-have-to-cut-you-off.shtml
2012-10-20,19:22:24,11sk9n,275,Kim Jong Il’s grandson calls his uncle Kim Jong Eun a ‘dictator’,washingtonpost.com,http://www.washingtonpost.com/blogs/worldviews/wp/2012/10/19/kim-jong-ils-grandson-calls-his-uncle-kim-jong-eun-a-dictator/
2012-10-20,18:48:07,11sjjp,222,Thailand warned their Facebook users not to like controversial photo of journalist stepping on a newspaper photo of Cambodian King,bangkokpost.com,http://www.bangkokpost.com/breakingnews/317691/penalty-threatened-for-liking-photo-gaffe
2012-10-20,11:41:09,11s5ux,192,"Accused student prevails in first ""three strikes"" copyright case: The New Zealand recording industry group RIANZ has dropped the one case that was actively being defended; RIANZ was asking for NZ$1075.50 for sharing 5 songs, plus NZ$1623.75 for legal costs and a ""deterrent""",arstechnica.com,http://arstechnica.com/tech-policy/2012/10/accused-student-in-prevails-in-first-three-strikes-copyright-case/
2012-10-20,20:42:01,11slxy,141,Israel navy stops Gaza-bound boat,bbc.co.uk,http://www.bbc.co.uk/news/world-middle-east-20015247
2012-10-20,00:02:33,11qzsm,143,New rules allow Cubans to freely leave the country. Will they return?,globalpost.com,http://www.globalpost.com/dispatch/news/regions/americas/cuba/121018/cuban-travel-castro-immigration-reform
2012-10-20,14:39:23,11sdgj,106,No evidence found of Al Qaeda role in Libya attack - latimes.com,latimes.com,"http://www.latimes.com/news/nationworld/world/la-fg-libya-attack-20121020,0,95514.story"
2012-10-20,03:10:14,11rc2c,91,Secular Egyptians protest Islamists’ role in drafting new constitution. Egyptian liberal and secular groups gathered Friday in Cairo’s Tahrir Square to protest what they say is the overreach of the country’s Islamists in drafting a new constitution,washingtonpost.com,http://www.washingtonpost.com/world/middle_east/secular-egyptians-protest-islamists-role-in-drafting-new-constitution/2012/10/19/2d1b5570-1a0d-11e2-aa6f-3b636fecb829_story.html?tid=sm_btn_reddit
2012-10-20,13:44:24,11sbfl,89,"Math teacher caught producing and trafficking  'date-rape' drug. Police seized 250,000 $ worth.",montrealgazette.com,http://www.montrealgazette.com/news/Teacher+detained+after+date+rape+drug+seizure/7417544/story.html
2012-10-20,23:53:51,11srpy,89,"Austerity protesters march on London: Firefighters, nurses and teachers marched alongside unemployed youngsters, anti-war activists and other campaigners today in a huge protest against the Govt's austerity measures.",standard.co.uk,http://www.standard.co.uk/news/london/austerity-protesters-march-on-london-8219229.html
2012-10-20,11:39:59,11s5t3,85,Karl Lagerfeld in hot water after calling French President Francois Hollande an “idiot” over his plans to impose huge taxes on the rich,rawstory.com,http://www.rawstory.com/rs/2012/10/19/lagerfeld-draws-flak-for-calling-french-president-an-idiot/
2012-10-20,05:08:12,11rjvf,79,Rover spots shiny objects on mars,lightyears.blogs.cnn.com,http://lightyears.blogs.cnn.com/2012/10/18/mars-rover-spots-shiny-objects/?hpt=hp_t3
2012-10-20,01:39:16,11r5xf,48,A man runs over 11 people in his van while on a rampage ,bbc.co.uk,http://www.bbc.co.uk/news/uk-wales-south-east-wales-20009426
2012-10-20,20:24:46,11slkc,48,Israeli navy takes control of Gaza boat,cbsnews.com,http://www.cbsnews.com/8301-202_162-57536609/israeli-navy-takes-control-of-gaza-boat/
2012-10-20,19:25:07,11skbr,45,TUNIS (Reuters) – Clashes between Islamists and secular opponents in the southern Tunisian town of Tataouine on Thursday left a secular politician dead,jpost.com,http://www.jpost.com/Headlines/Article.aspx?id=288430
2012-10-20,06:42:42,11rpv4,42,Banana Boat recalls sunscreen after reports of people catching on fire - thestar.com,thestar.com,http://www.thestar.com/news/canada/article/1274390--banana-boat-recalls-sunscreen-after-reports-of-people-catching-on-fire
2012-10-20,06:18:21,11rod1,25,Newlywed Afghan beheaded for her refusal to become prostitute,worldnews.nbcnews.com,http://worldnews.nbcnews.com/_news/2012/10/19/14559025-newlywed-afghan-beheaded-for-her-refusal-to-become-prostitute#.UIHDgeFkYyQ.reddit
2012-10-20,03:18:13,11rckv,22,Israeli Navy on Alert as Swedish Aid Ship Steams Toward Gaza,voanews.com,http://www.voanews.com/content/israeli_navy_on_alert_as_swedish_aid_ship_streams_toward_gaza/1529628.html
2012-10-20,13:58:22,11sc04,19,Self-declared prince of sovereign principality of Sealand dies aged 91,guardian.co.uk,http://www.guardian.co.uk/uk/2012/oct/10/prince-sealand-dies?fb=optOut
2012-10-20,01:01:45,11r3it,21,Cat finds a 2000 yr old Catacomb.,guardian.co.uk,http://www.guardian.co.uk/world/2012/oct/18/cat-2000-year-old-roman-catacomb
2012-10-20,14:08:13,11scec,21,"Piracy in west Africa reaching dangerous proportions, says watchdog. While Somalia has seen a decline in hijackings in recent months, incidents are on the rise in west Africa",guardian.co.uk,http://www.guardian.co.uk/world/2012/oct/19/piracy-west-africa
2012-10-21,00:04:18,11ss5g,18,Lebanon prime minister offers to resign over deadly Beirut bombing,guardian.co.uk,http://www.guardian.co.uk/world/2012/oct/20/lebanon-prime-minister-resign-bombing
2012-10-20,03:41:37,11re3s,18,Brazilian Newspapers Leave Google News En Masse  —  Brazil's main newspapers abandoned Google News after the world's top search engine refused to compensate them for the rights to their headlines.,knightcenter.utexas.edu,http://knightcenter.utexas.edu/blog/00-11803-brazilian-newspapers-leave-google-news-en-masse
