2012-06-16,03:45:34,v3tr3,2307,"Monsanto is one step closer to losing billions of dollars in revenues from its genetically-modified Roundup Ready soya beans, following a ruling this week by the Brazilian Supreme Court; Monsanto may have to refund millions of Brazilian farmers who had paid royalties to Monsanto over the last decade",nature.com,http://www.nature.com/news/../news/monsanto-may-lose-gm-soya-royalties-throughout-brazil-1.10837
2012-06-16,19:48:00,v4vek,720,Saudi Arabia's crown prince dies,bbc.co.uk,http://www.bbc.co.uk/news/world-middle-east-18470718
2012-06-16,14:29:51,v4nk8,345,BBC News - Murdoch called Tony Blair urging him not to delay the invasion of Iraq,bbc.co.uk,http://www.bbc.co.uk/news/uk-politics-18468123
2012-06-16,22:03:45,v4yaa,135,Welshman claims to have found original Jack Daniel's whiskey recipe,guardian.co.uk,http://www.guardian.co.uk/world/2012/jun/16/welsh-man-recipe-jack-daniels
2012-06-16,10:55:18,v4eke,111,48% of rapes in Sweden are perpetrated by immigrants ,thelocal.se,http://www.thelocal.se/28580/20100825/
2012-06-16,16:56:08,v4s0s,111,Father pleads guilty to letting 14yo have sex - Could become a convicted sex offender based on a charge normally used on adults who have solicited children.,abc.net.au,http://www.abc.net.au/news/2012-06-16/father-pleads-guilty-to-letting-daughter-have-sex/4074422
2012-06-16,21:20:37,v4xag,104,BBC News - UN suspends Syria peace mission,bbc.co.uk,http://www.bbc.co.uk/news/world-middle-east-18471686
2012-06-16,18:13:44,v4tow,105,Aung San Suu Kyi arrives in Oslo to give Nobel speech almost a quarter-century after receiving peace prize,bbc.co.uk,http://www.bbc.co.uk/news/world-europe-18464946
2012-06-16,01:28:44,v3mh3,101,"Rupert Murdoch claims under oath that former PM Gordon Brown furiously called him and claimed he would ""make war"" with them. 10 Downing Street switchboard announces it has no record of any phone call, on a landline or a mobile, between the two men in that year.",bbc.co.uk,http://www.bbc.co.uk/news/uk-politics-18459013
2012-06-17,03:53:03,v5bhm,104,Russia Sending Missile Systems to Shield Syria,nytimes.com,http://www.nytimes.com/2012/06/16/world/europe/russia-sending-air-and-sea-defenses-to-syria.html?_r=3
2012-06-17,00:47:52,v53is,102,"2012 Record year for American Arms deals, 50 billion!    Saudi Arabia and Japan main buyers",news.yahoo.com,http://news.yahoo.com/saudi-japan-deals-drive-record-us-arms-sales-232323492.html
2012-06-16,13:36:32,v4liw,83,Japan to restart nuclear reactors despite widespread fear,latimesblogs.latimes.com,http://latimesblogs.latimes.com/world_now/2012/06/japan-nuclear-reactors-restart-imminent.html
2012-06-16,23:22:23,v50jr,78,After 21 Years Aung San Suu Kyi receives her Nobel Peace Prize,abc.net.au,http://www.abc.net.au/news/2012-06-16/aung-san-suu-kyi-receives-her-nobel-peace-prize/4074992
2012-06-17,03:38:58,v5aum,74,China launches rocket carrying its first female astronaut,latimesblogs.latimes.com,http://latimesblogs.latimes.com/world_now/2012/06/beijing-it-might-not-be-a-giant-step-for-mankind-but-saturdays-launch-of-a-piloted-space-capsule-known-as-shenzhou-9-m.html
2012-06-16,14:14:04,v4mz8,69,Hungarian far-right politician gets DNA test to see if he's Jewish.,blog.foreignpolicy.com,http://blog.foreignpolicy.com/posts/2012/06/15/genetic_testing_in_hungary_provokes_an_uproar
2012-06-16,11:46:37,v4gtc,59,Nik Wallenda completes wire walk across Niagara Falls,newyork.newsday.com,http://newyork.newsday.com/wallenda-completes-wire-walk-across-niagara-falls-1.3784826
2012-06-16,09:22:01,v4ame,48,Last fugitive caught in '95 Japan nerve gas attack,sfgate.com,http://www.sfgate.com/cgi-bin/article.cgi?f=/n/a/2012/06/14/international/i192918D24.DTL
2012-06-16,07:23:00,v453c,39,"Striking Spanish Miners Clash With Police - In some of the worst disturbances since the government imposed austerity measures, miners fired sky rockets & ball-bearings at riot police who responded with rubber bullets & tear gas  ",bbc.co.uk,http://www.bbc.co.uk/news/world-europe-18466927
2012-06-16,22:55:36,v4zq7,32,"Saudi succession: how oil kingdom picks its kings
",reuters.com,http://www.reuters.com/article/2012/06/16/us-saudi-succession-process-idUSBRE85F0CK20120616
2012-06-17,02:52:37,v58rp,23,How a Mexican Drug Cartel Makes Its Billions - NYTimes.com,nytimes.com,http://www.nytimes.com/2012/06/17/magazine/how-a-mexican-drug-cartel-makes-its-billions.html?_r=1&pagewanted=all
2012-06-16,19:40:13,v4v8v,23,Saudi crown prince Nayef dead: state TV,dailystar.com.lb,http://www.dailystar.com.lb/News/Middle-East/2012/Jun-16/177088-saudi-crown-prince-nayef-dead-state-tv.ashx#axzz1xx3xh5Sr
2012-06-16,04:48:10,v3x2s,19,Arrested spy compromised China's U.S. espionage network,reuters.com,http://www.reuters.com/article/2012/06/15/us-china-usa-espionage-idUSBRE85E06G20120615
2012-06-16,14:44:25,v4o2e,22,BBC News - China set for space mission of first woman astronaut,bbc.co.uk,http://www.bbc.co.uk/news/science-environment-18458544
2012-06-16,19:56:21,v4vk5,21,"Climate Change or Tectonic Shifts?
The Mystery of the Sinking South Pacific Islands",spiegel.de,http://www.spiegel.de/international/world/south-pacific-islands-threatened-by-more-than-just-rising-sea-levels-a-838675.html
2012-06-16,10:05:44,v4cj3,18,Iraq and Iran form alliance within OPEC,ft.com,http://www.ft.com/intl/cms/s/0/6a54ea10-b706-11e1-bd0e-00144feabdc0.html#axzz1xuIILNga
2012-06-16,09:10:15,v4a3n,18,Ethiopia clamps down on Skype and other internet use on Tor,bbc.co.uk,http://www.bbc.co.uk/news/technology-18461292
2012-06-16,01:27:10,v3mei,16,Turkey: Kurd with lemon accused of supporting terror,bbc.co.uk,http://www.bbc.co.uk/news/world-europe-18462421
2012-06-16,17:53:42,v4tag,20,"Scientists Plead EU Not to Cut Embryonic Stem Cell Funding or Risk Obstructing Research and Losing Competitive Edge: Leading scientists, research institutions and patient groups appealed the European parliament on Friday to maintain European Union funding for embryonic stem cell research. ",medicaldaily.com,http://www.medicaldaily.com/news/20120615/10318/embryonic-stem-cell-science-eu.htm
2012-06-16,03:46:52,v3tta,16,"Anorexic woman from Wales to be force fed, judge orders",bbc.co.uk,http://www.bbc.co.uk/news/uk-wales-18464254
2012-06-17,00:49:26,v53li,17,"U.N. Suspends Syria Mission, Citing Rising Violence",nytimes.com,http://www.nytimes.com/2012/06/17/world/middleeast/un-suspends-its-mission-in-syria-citing-violence.html
