2012-04-08,21:15:05,rz55o,2265,Liberal Democrats threaten to 'kill' online surveillance plans,telegraph.co.uk,http://www.telegraph.co.uk/news/uknews/law-and-order/9192821/Liberal-Democrats-threaten-to-kill-online-surveillance-plans.html
2012-04-08,10:28:44,ryn6v,1749,"In St. Petersburg, Russia, two men were arrested on Thursday for holding up a sign reading ""Homosexuality Is Normal."" It marks the first arrests on the strength of the city's new law against disseminating information on homosexuality.",spiegel.de,"http://www.spiegel.de/international/world/0,1518,826199,00.html"
2012-04-08,06:47:26,rydpj,1609,"'War on drugs' has failed, say Latin American leaders - Watershed summit will admit that prohibition has failed, and call for more nuanced and liberalised tactics",guardian.co.uk,http://www.guardian.co.uk/world/2012/apr/07/war-drugs-latin-american-leaders
2012-04-08,13:29:51,ryupj,427,"Licensed to spill | BIG oil companies, lead by BP, Total and Shell, have polluted the North Sea with 69 oil and chemical spillages over the last three months, the Sunday Herald can reveal.",heraldscotland.com,http://www.heraldscotland.com/news/home-news/licensed-to-spill.17246164
2012-04-08,23:51:57,rz95p,188,Tiny Mexican Newspaper leads the fight for truth amid a drug war,guardian.co.uk,http://www.guardian.co.uk/world/2012/apr/08/mexican-newspaper-fight-truth-drugs-war
2012-04-08,06:39:06,rydbi,164,"Two of Latin America's deadliest gangs join forces - authorities say, they have begun to see the first signs that the Zetas are providing paramilitary training and equipment to the Maras in exchange for intelligence and crimes meant to divert law-enforcement resources and attention.",hosted.ap.org,http://hosted.ap.org/dynamic/stories/L/LT_GUATEMALA_GANGSTER_ALLIANCE?SITE=RIPAW&SECTION=HOME&TEMPLATE=DEFAULT
2012-04-09,06:20:21,rzqij,162,North Korea threatens 'merciless punishment' as it readies rocket launch ,telegraph.co.uk,http://www.telegraph.co.uk/news/worldnews/asia/northkorea/9192301/North-Korea-threatens-merciless-punishment-as-it-readies-rocket-launch.html
2012-04-08,04:36:26,ry7rc,126,"Beginning in 2005, the US helped train members of the Mujahideen-e-Khalq (MEK), a group designated as a terrorist organization by the State Department  ",newyorker.com,http://www.newyorker.com/online/blogs/newsdesk/2012/04/mek.html
2012-04-08,01:55:28,ry0k2,78,The Danish navy has had to release 17 Somali pirates – no-one was prepared to prosecute them.,politiken.dk,http://politiken.dk/newsinenglish/ECE1590034/somali-pirates-released--again/
2012-04-08,22:34:28,rz6vf,73,Two of Latin America's deadliest gangs join forces,elpasotimes.com,http://www.elpasotimes.com/ci_20344540/two-latin-americas-deadliest-gangs-join-forces?source=rss_viewed
2012-04-08,01:49:27,ry0bd,71,"Hamas executes 3 in Gaza on Saturday, including ""traitor""",reuters.com,http://www.reuters.com/article/2012/04/07/us-palestinian-hamas-executions-idUSBRE83604820120407
2012-04-08,02:19:43,ry1lm,52,El Salvador's gang truce - A promising truce brokered by the Church that has reduced homicides by an average of 10 people per day should be upheld,aljazeera.com,http://www.aljazeera.com/indepth/opinion/2012/04/20124574033623500.html
2012-04-08,23:56:10,rz9bc,51,Actor playing Judas accidently hangs himself,news.ninemsn.com.au,http://news.ninemsn.com.au/world/8448255/actor-playing-judas-accidently-hangs-himself
2012-04-08,20:09:11,rz412,43,BBC News - Tunisians jailed for posting 'Naked Muhammad' cartoons,bbc.co.uk,http://www.bbc.co.uk/news/world-africa-17640207
2012-04-09,04:25:46,rzkya,28,"Vang Vieng, Laos: the world's most unlikely party town",guardian.co.uk,http://www.guardian.co.uk/world/2012/apr/07/vang-vieng-laos-party-town
2012-04-08,06:34:45,ryd3r,24,BBC News - Home Office website blocked; 'Anonymous' hackers blamed,bbc.co.uk,http://www.bbc.co.uk/news/uk-17648852
2012-04-08,03:17:05,ry44i,24,Malawi's Banda becomes Africa's third female head of state:  Vice President Joyce Banda took over as Malawi's president on Saturday. Her first challenge: restoring relations with donor nations to the poverty stricken nation. ,csmonitor.com,http://www.csmonitor.com/World/Keep-Calm/2012/0407/Malawi-s-Banda-becomes-Africa-s-third-female-head-of-state
2012-04-08,09:44:04,rylad,23,Greek drama as talk show host attacked with flour and egg whilst interviewing a a representative from a neo-nazi party,abc.net.au,http://www.abc.net.au/news/2012-04-08/greek-drama-as-talk-show-host-attacked/3938230
2012-04-08,01:41:25,rxzzl,19,East Timor: a lesson in why the poorest threaten the powerful,johnpilger.com,http://johnpilger.com/articles/east-timor-a-lesson-in-why-the-poorest-threaten-the-powerful
2012-04-08,03:47:43,ry5ig,21,China’s Cash Buys Inroads in Caribbean,nytimes.com,http://www.nytimes.com/2012/04/08/world/americas/us-alert-as-chinas-cash-buys-inroads-in-caribbean.html
2012-04-08,06:34:39,ryd3i,20,"German Nobel literature laureate Guenter Grass, under fire for a poem that sharply criticized Israel, said he was singling out the Jewish state's government, not the country as a whole.",hosted.ap.org,http://hosted.ap.org/dynamic/stories/I/ISRAEL_GUENTER_GRASS?SITE=RIPAW&SECTION=HOME&TEMPLATE=DEFAULT
2012-04-08,03:43:14,ry5bb,20,"Mali’s coup leader said the junta would hand power to civilians within days in a deal under which neighbouring nations agreed to lift sanctions and help tackle Tuareg rebels who have seized much of the north.
",euronews.com,http://www.euronews.com/newswires/1474706-mali-junta-sees-civilian-government-in-days/
2012-04-08,07:41:02,ryg6u,17,Himalayan avalanche buried scores of Pakistani troops ,washingtonpost.com,http://www.washingtonpost.com/world/asia_pacific/himalayan-avalanche-buried-100-pakistani-troops-army-says/2012/04/07/gIQAgwdD1S_story.html
2012-04-08,07:36:59,ryg05,15,Iran Navy rescues Chinese sailors from pirates,hosted.ap.org,http://hosted.ap.org/dynamic/stories/M/ML_IRAN_PIRACY?SITE=AP&SECTION=HOME&TEMPLATE=DEFAULT&CTIME=2012-04-07-02-12-18
2012-04-08,18:38:34,rz2oh,15,Iran: Navy rescues 28 Chinese crew members of ship captured by pirates,washingtonpost.com,http://www.washingtonpost.com/world/middle_east/iran-navy-rescues-28-chinese-crew-members-of-ship-captured-by-pirates/2012/04/07/gIQAKxY40S_story.html
2012-04-08,20:36:50,rz4ho,17,"Yemen air force, US drone kill 24 al-Qaida suspects",timesofindia.indiatimes.com,http://timesofindia.indiatimes.com/world/middle-east/Yemen-air-force-US-drone-kill-24-al-Qaida-suspects/articleshow/12580594.cms
2012-04-08,23:17:57,rz840,13,North Korea Prepping For A Nuclear Test Says Intelligence Official,english.yonhapnews.co.kr,http://english.yonhapnews.co.kr/national/2012/04/08/43/0301000000AEN20120408001100315F.HTML
2012-04-08,06:47:55,rydq6,11,Gunmen attack Yemen's main airport,cnn.com,http://www.cnn.com/2012/04/07/world/meast/yemen-military-shakeup/index.html?hpt=hp_t3
2012-04-08,16:56:00,rz0wm,10,Hundreds of police deployed in wake of Paris murders,france24.com,http://www.france24.com/en/20120407-hundreds-more-police-deployed-wake-paris-murders-banlieu-grigny-serial-killer-france
2012-04-08,10:10:41,rymg1,14,"The Delhi child servant scandal that has outraged India
Plight of 13-year-old locked in house while employers went on holiday sparks revulsion",guardian.co.uk,http://www.guardian.co.uk/world/2012/apr/07/india-child-labour-delhi-outrage
