2012-10-03,22:41:08,10vgv4,2640,Stolen Maple Syrup Recovered,montrealgazette.com,http://www.montrealgazette.com/news/million+maple+syrup+stolen+Quebec+recovered/7336807/story.html
2012-10-03,00:02:05,10thhs,2374,"Mafia Runs 90% of Illegal Tropics Logging - Illegal logging is driving the lion's share of deforestation in the world's rain forests, & organized crime is to blame for almost all of it. That's the grim conclusion of a new U.N. report.",huffingtonpost.com,http://www.huffingtonpost.com/2012/10/01/organized-crime-deforestation-un-report_n_1930063.html?utm_hp_ref=green
2012-10-03,02:02:09,10toxc,1985,France to cover 100 percent of abortion costs,france24.com,http://www.france24.com/en/20121001-france-cover-100-percent-abortion-costs
2012-10-03,13:33:39,10uy7y,1709,Marijuana And Cancer: Scientists Find Cannabis Compound Stops Metastasis In Aggressive Cancers,huffingtonpost.com,http://www.huffingtonpost.com/2012/09/19/marijuana-and-cancer_n_1898208.html?utm_hp_ref=fb&src=sp&comm_ref=false
2012-10-03,22:15:51,10vfmp,1373,Swedish Pirate Party surges after file-sharing host facility raided,falkvinge.net,http://falkvinge.net/2012/10/03/swedish-pirate-party-surges-after-file-sharing-host-facility-raided/
2012-10-03,15:27:30,10v3g7,396,"


Divers Return to Wreck Where Ancient Computer Found - In 1900, divers saw ""a pile of dead, naked women"" on the seabed.  Turned out to be Greek statues in a Roman ship wreck. Also found was a curious device that calculates movements of stars & planets & timing of athletic events. 



",guardian.co.uk,http://www.guardian.co.uk/science/blog/2012/oct/02/return-antikythera-wreck-ancient-computer
2012-10-03,09:21:58,10ui68,381,The $1 billion mission to reach the Earth's mantle,cnn.com,http://www.cnn.com/2012/10/01/tech/mantle-earth-drill-mission/index.html?utm_source=feedburner&utm_medium=feed&utm_campaign=Feed%3A+rss%2Fcnn_topstories+%28RSS%3A+Top+Stories%29
2012-10-03,23:13:20,10vijk,189,"Proposed Split of Large Institutions: Fight Looms Over EU Plans for Bank Reform - Until recently, calls to forcibly split up European banks were dismissed as a radical leftist idea. Now even an EU panel of experts is recommending dividing up dangerous financial giants.",spiegel.de,http://www.spiegel.de/international/europe/analysis-of-eu-report-recommending-big-banks-be-split-up-a-859297.html
2012-10-03,16:22:31,10v5ax,186,Japanese researchers discover that looking at pics of baby animals improves productivity,cbc.ca,http://www.cbc.ca/news/yourcommunity/2012/10/looking-at-photos-of-baby-animals-improves-productivity-study-finds.html
2012-10-03,19:15:21,10v9oo,167,"""The Philippines Passes a Cybercrime Prevention Act that Makes SOPA Look Reasonable""",forbes.com,http://www.forbes.com/sites/insertcoin/2012/10/02/the-philippines-passes-the-cybercrime-prevention-act-that-makes-sopa-look-reasonable/
2012-10-03,23:12:28,10vihj,151,LOCAL -  Three killed as Syrian shell strikes Turkish town,hurriyetdailynews.com,http://www.hurriyetdailynews.com/-three-killed-as-syrian-shell-strikes-turkish-town.aspx?pageID=238&nID=31590&NewsCatID=341
2012-10-03,13:56:42,10uzdn,135,"Tunisians took to the streets by the hundreds, protesting the treatment of a woman who was allegedly raped by police officers -- and then charged with public indecency",cnn.com,http://www.cnn.com/2012/10/02/world/africa/tunisia-rape-protest/index.html?hpt=hp_t1
2012-10-03,03:23:31,10tu6p,131,What happened when British politicians took a maths exam,bbc.co.uk,http://www.bbc.co.uk/news/uk-19801666
2012-10-03,23:23:07,10vj48,104,Mortar from Syria kills at least 3 in Turkey,reuters.com,http://www.reuters.com/article/2012/10/03/syria-crisis-turkey-mortar-idUSL6E8L3FVW20121003?type=marketsNews
2012-10-02,23:47:21,10tgm8,96,Top 5 Reasons Not to Ballyhoo China’s Carrier - It has no aircraft on it. ,thediplomat.com,http://thediplomat.com/the-naval-diplomat/2012/10/02/top-5-reasons-not-to-ballyhoo-chinas-carrier/
2012-10-03,22:32:28,10vgf1,100,"Africans have flocked to Europe for years, in search of a better life and to make money they could send back home. Now, as Europe's economy struggles, many Africans are ready to pack up and head back home, where the economy is better.",pri.org,http://www.pri.org/stories/business/global-development/europe-s-down-economy-has-some-africans-considering-migrating-home-11654.html
2012-10-03,07:44:16,10ubw7,95,Radical Islamists execute man before crowd of 600 in northern Mali in latest punishment,washingtonpost.com,http://www.washingtonpost.com/world/africa/radical-islamists-execute-man-before-crowd-of-600-in-northern-mali-in-latest-punishment/2012/10/02/50c44ba6-0ce0-11e2-ba6c-07bd866eb71a_story.html?tid=sm_btn_reddit
2012-10-03,11:14:44,10uplc,91,"25 killed in attack at Nigerian college dormitory: The attackers called out victims' names and then killed them, a police official says of the assault in Mubi, Nigeria.",latimes.com,"http://www.latimes.com/news/nationworld/world/la-fg-nigeria-students-slain-20121003,0,1246357.story"
2012-10-03,23:14:45,10vim9,88,"Ferry crash response revives distrust between Hong Kong and mainland China:  A ferry crash in Hong Kong has turned into a political match between the city and Mainland China.
",globalpost.com,http://www.globalpost.com/dispatch/news/regions/asia-pacific/china/121003/ferry-crash-response-revives-distrust-between-hong-k
2012-10-03,02:09:16,10tpfu,83,US grants Taiwan visa-waiver status - Taiwanese nationals will not need a visa to enter the United States starting November 1,taipeitimes.com,http://www.taipeitimes.com/News/front/archives/2012/10/03/2003544238
2012-10-03,21:57:52,10verm,80,Hamas accused of routine torture of detainees in Gaza Strip,guardian.co.uk,http://www.guardian.co.uk/world/2012/oct/03/hamas-torture-detainees-gaza
2012-10-03,01:04:04,10tl7p,76,Does the World Need Iran's Oil? Apparently Not,businessweek.com,http://www.businessweek.com/articles/2012-08-10/does-the-world-need-irans-oil-apparently-not#r=lr-fs
2012-10-03,06:59:50,10u8xv,66,Hezbollah military commander 'killed in Syria',bbc.co.uk,http://www.bbc.co.uk/news/world-middle-east-19801884
2012-10-03,20:46:14,10vc6t,62,Iranian Police Clash With Protesters Over Currency Plunge,nytimes.com,http://www.nytimes.com/reuters/2012/10/03/world/middleeast/03reuters-iran-currency-protests.html
2012-10-03,01:39:37,10tnfw,58,Mentally ill patients in Ghana chained up for months at ‘prayer camps’: Report,thestar.com,http://www.thestar.com/news/world/article/1265410--mentally-ill-patients-in-ghana-chained-up-for-months-at-prayer-camps-report
2012-10-03,21:16:40,10vd51,59,Spike in Police Officer Deaths Alarms São Paulo,nytimes.com,http://www.nytimes.com/2012/10/03/world/americas/spike-in-police-officer-deaths-alarms-sao-paulo.html
2012-10-03,07:18:16,10ua4y,51,New Philippine cyber law could numb the Net,dw.de,"http://www.dw.de/dw/article/0,,16279027,00.html"
2012-10-03,22:07:35,10vf8j,49,Iran president blames 'psychological war' for dropping rial,latimesblogs.latimes.com,http://latimesblogs.latimes.com/world_now/2012/10/iran-president-blames-psychological-war-for-dropping-rial.html
2012-10-03,00:28:16,10tj1b,49,The Stockholm-based web host for WikiLeaks and The Pirate Bay has been raided by Swedish police.,rt.com,http://rt.com/news/webhost-raid-wikileaks-sweden-504/
2012-10-03,01:07:40,10tlfk,44,Australian tycoon sails Northwest Passage — racks up thousands in alcohol and fireworks fines on the way,nationalpost.com,http://www.nationalpost.com/m/wp/news/canada/blog.html?b=news.nationalpost.com/2012/10/02/australian-tycoon-facing-thousands-in-fines-after-sailing-booze-filled-yacht-through-northwest-passage
