2012-07-07,04:51:01,w57jt,1832,Jordanian MP pulls a gun on a critic during live TV debate,huffingtonpost.com,http://www.huffingtonpost.com/2012/07/06/mohammed-shawabka-jordan-_n_1654694.html
2012-07-07,19:25:31,w69rd,1666,Chernobyl's radioactive trees and the forest fire risk,bbc.co.uk,http://www.bbc.co.uk/news/magazine-18721292
2012-07-07,04:08:43,w54y1,1442,François Hollande keeps election promise of raising taxes for wealthiest,guardian.co.uk,http://www.guardian.co.uk/world/2012/jul/06/francois-hollande-election-taxes-france
2012-07-07,23:10:08,w6ezm,1156,"British democracy in terminal decline: Corporate power, unrepresentative politicians and apathetic voters leave UK 'increasingly unstable', says study",guardian.co.uk,http://www.guardian.co.uk/uk/2012/jul/06/british-democracy-decline-report
2012-07-07,23:24:14,w6fhg,1141,15 Killed in Pakistan by U.S. Drones ,nytimes.com,http://www.nytimes.com/2012/07/07/world/asia/15-killed-in-us-drone-strike-in-pakistan-aimed-at-taliban.html?_r=1&nl=todaysheadlines&emc=edit_th_20120707
2012-07-07,14:08:25,w60iu,961,"Israeli officials say a UN fact-finding mission “will not be allowed to enter” the country and its occupied territories. On Friday, the Geneva-based Human Rights Council appointed three officers to probe Israel’s West Bank settlement activity.",rt.com,http://rt.com/news/israel-settlements-ban-un-614/
2012-07-07,12:47:40,w5wrr,886,New Zealand Police Investigated over MegaUpload’s Founder Arrest,extratorrent.com,http://extratorrent.com/article/2276/new+zealand+police+investigated+over+megaupload%E2%80%99s+founder+arrest.html
2012-07-07,06:45:14,w5ebd,731,Declassified FBI documents implicate PM Netanyahu in a 1970s plot to use U.S. technology for Israel’s nuclear program.,israelnationalnews.com,http://www.israelnationalnews.com/News/News.aspx/157571#.T_ccqCtYveP
2012-07-07,22:35:47,w6dy9,717,"More Irish women seeking help for British abortions: Ireland's abortion ban means women with severe pregnancy complications are going abroad for terminations
",guardian.co.uk,http://www.guardian.co.uk/world/2012/jul/06/ireland-women-abortion-law-britain
2012-07-07,02:27:01,w4yhk,690,'Blasphemer' dragged from police station and beaten to death by mob in rural Pakistan.,smh.com.au,http://www.smh.com.au/world/blasphemer-dragged-from-police-station-and-beaten-to-death-senior-officer-20120705-21i5y.html
2012-07-07,01:23:19,w4usi,634,"""Nuclear weapons are the only peacekeeping weapons that the world has ever known. It would be strange for me to advocate for their abolition, as they have made wars all but impossible.""",thediplomat.com,http://thediplomat.com/2012/07/06/kenneth-waltz-on-why-iran-should-get-the-bomb/
2012-07-07,01:03:16,w4tn4,262,Kids and laughing teachers bullied suicide teen in Japan. Teachers reportedly laughed as bullies tried to choke the victim.,abcnews.go.com,http://abcnews.go.com/blogs/headlines/2012/07/kids-and-laughing-teachers-bullied-suicide-teen/#.T_cL0pRo4CE.reddit
2012-07-08,00:41:34,w6ihq,202,"At Least 99 Dead in Russian Storms, Crude Oil Shipments Halted:  Russian officials say the death toll from flooding in the southern Krasnodarsky Krai region has risen to 99 after two days of torrential rain pounded the region. ",voanews.com,http://www.voanews.com/content/article/1364723.html
2012-07-07,14:03:24,w60an,188,Three of Morocco’s most prominent conservative clerics have publicly backed a death threat against a journalist who called for greater sexual freedom in the North African kingdom.,english.alarabiya.net,http://english.alarabiya.net/articles/2012/07/06/224894.html
2012-07-07,10:58:29,w5rdp,183,The rotten heart of finance: A scandal over key interest rates is about to go global,economist.com,http://www.economist.com/node/21558281?fsrc=scn/tw/te/ar/therottenheartoffinance
2012-07-07,22:31:23,w6dty,162,US orders Iran to pay for 1983 Lebanon attack ,aljazeera.com,http://www.aljazeera.com/news/americas/2012/07/2012777055649765.html#.T_g6Hlk41QI.reddit
2012-07-08,01:37:28,w6l0o,79,"Bob Diamond would have known about Libor rigging, claims whistleblower",guardian.co.uk,http://www.guardian.co.uk/business/2012/jul/07/bob-diamond-barclays-libor
2012-07-08,00:07:17,w6h24,75,"Reports from China claim a sealed bronze wine vessel discovered in a tomb in Shaanxi province contains liquid wine - The tomb dates to the Zhou Dynasty (1046 to 771 B.C.), & contained 6 vessels. The container in question has not been opened. [Archaeology x-post]",in.news.yahoo.com,http://in.news.yahoo.com/chinas-earliest-wine-unearthed-tomb-040028305.html
2012-07-07,20:39:36,w6b7x,62,Debt crisis: Finland warns of euro exit rather than pay debts of others,independent.ie,http://www.independent.ie/business/european/debt-crisis-finland-warns-of-euro-exit-rather-than-pay-debts-of-others-3160735.html
2012-07-07,07:44:54,w5hn9,47,Romania parliament votes to impeach president,aljazeera.com,http://www.aljazeera.com/news/europe/2012/07/201276181515714349.html
2012-07-07,03:50:28,w53q2,47,Egypt’s new president orders formation of committee to investigate killings of protesters,washingtonpost.com,http://www.washingtonpost.com/world/middle_east/egypts-new-president-orders-formation-of-committee-to-investigate-killings-of-protesters/2012/07/06/gJQAF1UnRW_story.html
2012-07-07,23:00:16,w6enp,41,'Lost' penguins turn up on Rio's beaches,bbc.co.uk,http://www.bbc.co.uk/news/world-latin-america-18749265
2012-07-07,10:24:01,w5pow,38,The top security adviser for Mexico's next president said Friday that he is recommending the creation of elite units of police and troops who will target not just major drug traffickers but also lower-level cartel hitmen as a way of swiftly reducing violence.,boston.com,http://www.boston.com/news/world/latinamerica/articles/2012/07/06/elite_counterdrug_units_proposed_for_mexico/
2012-07-08,07:45:16,w73hg,27,"Syria's fighting spills into Lebanon, five killed",reuters.com,http://www.reuters.com/article/2012/07/07/us-syria-crisis-idUSBRE8610SH20120707
2012-07-07,04:21:33,w55rx,26,Kofi Annan attacks Russia and west's 'destructive competition' over Syria,guardian.co.uk,http://www.guardian.co.uk/world/2012/jul/06/kofi-annan-syria-destructive-competition
2012-07-07,11:59:26,w5udx,25,"Rodrigo Rato, former head of the IMF and Spain's largest mortgage lender Bankia, to be indicted on criminal fraud charges and appear in court.  ",ft.com,http://www.ft.com/intl/cms/s/0/255106a6-c77d-11e1-85fc-00144feab49a.html#axzz1zty5x08c
2012-07-08,05:09:29,w6vhs,20,"Today's target is Syria, which is at the heart of what Jordan's King Abdullah called the ""Shia crescent"": Lebanon, Syria, Iraq and Iran.",guardian.co.uk,http://www.guardian.co.uk/commentisfree/2012/jul/03/military-intervention-syria-disastrous-people
2012-07-08,00:42:40,w6iji,24,"Syria's conflict spilled further into Lebanon on Saturday when mortar fire from President Bashar al-Assad's forces hit villages in the north, killing five people after rebels crossed the border to seek refuge",chicagotribune.com,"http://www.chicagotribune.com/news/sns-rt-us-syria-crisisbre8610sh-20120702,0,7338955,full.story"
2012-07-07,19:11:18,w69fc,23,"11 years after a brutal raid against activists in a school during the G8 protests in genua, a large number of senior police officers got convicted or police brutality and forging evidence ",guardian.co.uk,http://www.guardian.co.uk/world/2012/jul/06/italy-g8-police-appeal
2012-07-08,00:43:26,w6ikz,20,Polls close in East Timor elections:  Voting ends in parliamentary elections pitting PM's governing party against Front for Independent East Timor.,aljazeera.com,http://www.aljazeera.com/news/asia-pacific/2012/07/20127784624575405.html
