2012-08-14,03:08:30,y5lwt,2105,Canadians ridicule unarmed American Tourist's fears,brisbanetimes.com.au,http://www.brisbanetimes.com.au/travel/travel-news/just-kidding-dont-shoot-me-canadians-ridicule-unarmed-us-tourists-fears-20120813-243nt.html
2012-08-14,07:10:07,y625c,1654,Dotcom accused of assault - with his stomach,nzherald.co.nz,http://www.nzherald.co.nz/nz/news/article.cfm?c_id=1&objectid=10826773
2012-08-14,03:43:18,y5o64,1393,"Venezuela is training a ""guerrilla army"" aiming to be a million strong by 2013 to fight off a possible US invasion",google.com,http://www.google.com/hostednews/afp/article/ALeqM5ien4Pn_g8yWFTatsHQ1MPOR2Hx9g?
2012-08-14,20:21:32,y74gt,1141,Riots in the North of France,bbc.co.uk,http://www.bbc.co.uk/news/world-europe-19256122
2012-08-14,04:55:11,y5t09,858,Pope's butler to face criminal charges after leaking hundreds of secret documents from the Pope's apartment in an attempt to reveal corruption.,religion.blogs.cnn.com,http://religion.blogs.cnn.com/2012/08/13/vatican-to-reveal-if-popes-butler-will-faces-charges-over-leak/?hpt=wo_c2
2012-08-14,13:08:30,y6ohq,827,"Deep magnitude 7.7 quake off coast of Russia, north of Japan ",earthquake.usgs.gov,http://earthquake.usgs.gov/earthquakes/eventpage/usc000bz29#summary
2012-08-14,09:38:19,y6bep,486,Indian police arrest famed TV yoga guru and anti-corruption campaigner as he attempts to lead a procession of thousands of supporters to parliament.,theaustralian.com.au,http://www.theaustralian.com.au/news/world/indian-police-arrest-protesting-yoga-guru/story-e6frg6so-1226449816098
2012-08-14,12:19:45,y6lju,355,"Magnitude 7.3 Earthquake in the Sea of Okhotsk, Russia",earthquake.usgs.gov,http://earthquake.usgs.gov/earthquakes/recenteqsww/Quakes/pt12227000.php
2012-08-14,02:32:59,y5jld,219,Pakistani wife in disputed marriage gunned down in court by her brother,guardian.co.uk,http://www.guardian.co.uk/world/2012/aug/05/pakistani-wife-marriage-brother?mobile-redirect=false
2012-08-14,20:35:57,y74w6,181,Iran says Israel won't attack,gulfnews.com,http://gulfnews.com/news/region/iran/iran-says-israel-won-t-launch-stupid-attack-1.1061817
2012-08-14,18:20:35,y719b,149,Revealed: Life behind the scenes at the secretive Bilderberg conference,thejournal.ie,http://www.thejournal.ie/bilderberg-2012-agenda-conference-michael-noonan-557543-Aug2012/
2012-08-14,10:19:43,y6e06,125,"Punk Band's Moscow Trial Offers Platform For Orthodox Protesters: ""'We're going to rip them [a Pussy Riot poster and a Madonna poster] up and burn them,' said Leonid Simonovich-Nikshich, the white-bearded leader of one group, the Union of Orthodox Banner Bearers. 'Like in the Middle Ages.'""",nytimes.com,http://www.nytimes.com/2012/08/09/world/europe/punk-bands-moscow-trial-offers-platform-for-orthodox-protesters.html
2012-08-14,22:52:43,y7aaz,113,Proceso Magazine: US Navy SEALs to Hunt Mexican Cartel Kingpin,wired.com,http://www.wired.com/dangerroom/2012/08/el-chapo/
2012-08-14,03:18:05,y5mjq,111,"Severe abnormalities' found in Fukushima Butterflies
",bbc.co.uk,http://www.bbc.co.uk/news/science-environment-19245818
2012-08-14,16:55:24,y6yum,108,Malaysian internet users stage an online protest against law that threatens free speech online,bbc.co.uk,http://www.bbc.co.uk/news/business-19251896
2012-08-15,00:14:47,y7eos,101,Poland Peels Back Layers On Secret CIA Prison For Suspected Terrorists,mcclatchydc.com,http://www.mcclatchydc.com/2012/08/13/162137/poland-peels-back-layers-on-secret.html
2012-08-14,11:31:03,y6iht,94,4 Congo Olympic delegation members missing,sports.yahoo.com,http://sports.yahoo.com/news/report-4-congo-olympic-delegation-174501422--oly.html
2012-08-15,04:00:41,y7tqe,91,India witnesses 56 per cent drop in HIV cases - IBNLive,ibnlive.in.com,http://ibnlive.in.com/news/india-witnesses-56-per-cent-drop-in-hiv-cases/282064-17.html
2012-08-14,14:29:51,y6swe,82,"NATO official: Soon, Israel won’t have unanimous support for Iran strike",haaretz.com,http://www.haaretz.com/news/diplomacy-defense/nato-official-soon-israel-won-t-have-unanimous-support-for-iran-strike.premium-1.457731
2012-08-15,01:33:26,y7jm3,82,"Japan's poverty gap has politicians calling for rise in minimum wage - 
It's only over the past decade that poverty has come to be recognized in Japan. Prior to that, the govt didn't even compile statistics on income inequality.",csmonitor.com,http://www.csmonitor.com/World/Asia-Pacific/2012/0814/Japan-s-poverty-gap-has-politicians-calling-for-rise-in-minimum-wage
2012-08-14,14:17:42,y6sbu,76,Ecuador to make Assange asylum bid decision 'this week',bbc.co.uk,http://www.bbc.co.uk/news/uk-19251943
2012-08-14,13:34:04,y6pxz,71,Saudi king sends £32m to embattled Burma Muslims,independent.co.uk,http://www.independent.co.uk/news/world/middle-east/saudi-king-sends-32m-to-embattled-burma-muslims-8037176.html
2012-08-14,11:01:32,y6gm4,67,China's ghost towns and phantom malls,bbc.co.uk,http://www.bbc.co.uk/news/magazine-19049254
2012-08-14,11:49:46,y6jn6,55, The Australian government is to introduce legislation which would allow controversial refugee detention centers to be re-opened on the Pacific island nations of Nauru and Papua New Guinea ,dw.de,"http://www.dw.de/dw/article/0,,16164481,00.html"
2012-08-14,22:23:18,y78w4,49,Afghan blasts: 'Dozens killed' in Nimroz province,bbc.co.uk,http://www.bbc.co.uk/news/world-asia-19257090
2012-08-14,10:14:13,y6dnm,46,"Bahrain uprising: Police fire tear gas, rubber bullets on protesters (PHOTOS) — RT",rt.com,http://rt.com/news/bahrain-clashes-opposition-598/
2012-08-15,01:44:05,y7kbf,36,Ex-PM of Syria says Regime Collapse Imminent (from Jordan),csmonitor.com,http://www.csmonitor.com/World/Latest-News-Wires/2012/0814/Syria-s-ex-Prime-Minister-Regime-on-the-verge-of-collapse
2012-08-14,03:01:02,y5le5,40,"Why we won ACTA: The agreement as such is dead, but the ACTA proponents have not surrendered. They will try to pass ACTA’s substantial content under other acronyms


",falkvinge.net,http://falkvinge.net/2012/08/13/why-we-won-acta/
2012-08-14,22:43:10,y79t7,42,Foreign ministers of Islamic countries have agreed to suspend Syria from the Organization of Islamic Cooperation,edition.cnn.com,http://edition.cnn.com/2012/08/14/world/meast/syria-unrest/
2012-08-14,22:44:44,y79w8,36,UK Virgin Media Blocks File-Sharing Site After Receiving Court Order,torrentfreak.com,https://torrentfreak.com/virgin-media-blocks-file-sharing-site-after-receiving-court-order-120814/
