2012-02-01,23:03:36,p660g,1994,"Acta goes too far, says MEP-Kader Arif, the lead Acta negotiator in the European Parliament, says Acta potentially cuts access to lifesaving generic drugs and restricts online freedom",guardian.co.uk,http://www.guardian.co.uk/technology/2012/feb/01/acta-goes-too-far-kader-arif
2012-02-01,01:13:48,p4qvp,1481,Disgraced British banker loses his knighthood,bbc.co.uk,http://www.bbc.co.uk/news/uk-politics-16821650
2012-02-01,20:32:14,p61pu,1299,Poland 'may not ratify ACTA' (xpost R/evolutionReddit),thenews.pl,"http://www.thenews.pl/1/10/Artykul/84767,Poland-may-not-ratify-ACTA"
2012-02-01,22:58:30,p65ta,455,The Nobel Peace Prize committee under investigation for not following Nobel’s original intentions contained in his will.,theforeigner.no,http://theforeigner.no/pages/news-in-brief/nobel-trouble-for-norway/
2012-02-01,06:02:45,p54zr,393,"As tensions rise, Iranians fear that they're on the road to war with U.S.",pri.org,http://www.pri.org/stories/world/middle-east/as-tensions-rise-iranians-fear-that-they-re-on-the-road-to-war-with-u-s-8219.html
2012-02-01,22:02:09,p63vn,376,Saudi Oil Minister Calls Global Warming “Humanity’s Most Pressing Concern”,thinkprogress.org,http://thinkprogress.org/romm/2012/01/31/415196/saudi-oil-minister-global-warming-humanity-most-pressing-concern/
2012-02-01,17:47:57,p5yg0,345,A review has exonerated the actions of officers who twice strip-searched a 12-year-old girl during a drug raid.,abc.net.au,http://www.abc.net.au/news/2012-01-31/20120131-cop-strip-search-report/3803228
2012-02-01,02:53:22,p4vlq,237,Western media show bias labeling Nanjing massacre film ‘The Flowers of War' as anti-Japanese nationalistic propaganda while lauding Holocaust films,blogs.wsj.com,http://blogs.wsj.com/chinarealtime/2012/01/31/flaying-flowers-an-example-of-western-media%E2%80%99s-bias-against-china/
2012-02-02,00:56:01,p6awm,216,"The U.S. military said in a secret report that the Taliban, backed by Pakistan, are set to retake control of Afghanistan after NATO-led forces withdraw, raising the prospect of a major failure of Western policy after a costly war.",reuters.com,http://www.reuters.com/article/2012/02/01/us-afghanistan-idUSTRE8100E520120201?mrefid=
2012-02-01,19:14:44,p605g,149,"Leave isolated Amazon natives alone, Peru says, after pictures of ""uncontacted"" tribe members published ",vancouversun.com,http://www.vancouversun.com/travel/Isolated+tribes+must+left+alone+Peru/6083457/story.html
2012-02-01,08:48:18,p5dbp,145,"In Israel, A Nonstop Debate On Possible Iran Strike Soon",northcountrypublicradio.org,http://www.northcountrypublicradio.org/news/npr/146153763/in-israel-a-nonstop-debate-on-possible-iran-strike
2012-02-02,05:58:53,p6q1e,116,"Angry Birds CEO embraces piracy, calls music industry attempts ""futile""",news.cnet.com,http://news.cnet.com/8301-1023_3-57369388-93/angry-birds-ceo-sees-opportunity-in-piracy/
2012-02-01,17:34:29,p5y6u,113,"Europe's space industry, cash-strapped as a result of the debt crisis, wants to step up cooperation with China, which has an ambitious program and is building a moon-landing vehicle and capsules for manned missions. Such an alliance would likely cause tensions with the US.",spiegel.de,"http://www.spiegel.de/international/0,1518,812273,00.html"
2012-02-01,23:51:16,p67xl,105,Four Radical Islamists Admit Plot To Blow Up London Stock Exchange,huffingtonpost.co.uk,http://www.huffingtonpost.co.uk/2012/02/01/radical-islamists-admit-plot-to-blow-up-london-stock-exchange_n_1246199.html
2012-02-01,23:46:58,p67r3,93,1 million packs of birth control pills recalled for inadequate dose,chicagotribune.com,"http://www.chicagotribune.com/business/breaking/chi-1-million-packs-of-birth-control-pills-recalled-for-inadequate-dosages-20120201,0,6390418.story"
2012-02-01,22:18:51,p64ex,90,Polish President wants ACTA civil rights clarification (xpost R/evolutionReddit),thenews.pl,"http://www.thenews.pl/1/9/Artykul/84920,President-wants-ACTA-civil-rights-clarification"
2012-02-02,01:05:04,p6bbv,85,Oil now leaking from stricken Carnival cruise ship,marketwatch.com,http://www.marketwatch.com/story/oil-now-leaking-from-stricken-carnival-cruise-ship-2012-02-01?siteid=bnbh
2012-02-02,04:39:33,p6m1a,84,"At least 73 killed, 200 injured at soccer riot in Port Said Egypt today",nesn.com,http://www.nesn.com/2012/02/35-dead-as-egyptian-soccer-fans-riot-on-field-following-al-masry-al-ahly-game-video.html
2012-02-02,00:21:02,p699b,79,"India is the most dangerous place in the world to be born a girl, with females almost twice as likely to die before reaching the age of five, according to new UN figures.",telegraph.co.uk,http://www.telegraph.co.uk/news/worldnews/asia/india/9054429/India-most-dangerous-place-in-world-to-be-born-a-girl.html
2012-02-01,23:01:24,p65x7,73,Aussie bus boss wows staff with $16M in bonuses ,cbsnews.com,http://www.cbsnews.com/8301-202_162-57369402/aussie-bus-boss-wows-staff-with-$16m-in-bonuses/
2012-02-01,15:35:30,p5vgc,65,"The Norway town that forgave and forgot its child 
killers",guardian.co.uk,http://www.guardian.co.uk/theguardian/2010/mar/20/norway-town-forgave-child-killers?fb_action_ids=10151227804955076&fb_action_types=news.reads&fb_source=other_multiline
2012-02-02,00:56:57,p6ayd,58,Entire Village of Sodeto Wins Lottery - Except for one guy,nytimes.com,http://www.nytimes.com/2012/02/01/world/europe/tiny-village-of-sodeto-wins-big-in-spains-lottery.html?_r=1&hp
2012-02-01,02:35:15,p4ut3,54,"Drones for Human Rights -- ""DRONES are not just for firing missiles in Pakistan. In Iraq, the State Department is using them to watch for threats to Americans. It’s time we used the revolution in military affairs to serve human rights advocacy.""",nytimes.com,http://www.nytimes.com/2012/01/31/opinion/drones-for-human-rights.html
2012-02-01,18:40:47,p5zh3,54,Four men admit London Stock Exchange bomb plot ...  pleaded guilty to engaging in conduct in preparation for acts of terrorism,bbc.co.uk,http://www.bbc.co.uk/news/uk-16833032
2012-02-01,19:58:22,p6113,50,Osama Bin Laden Death Photos May Be Released ,huffingtonpost.com,http://www.huffingtonpost.com/2012/01/31/osama-bin-laden-death-photos-released_n_1243898.html?=2
2012-02-02,03:13:13,p6ho9,52,"The court in Khayelitsha, a Cape Town township, sentenced four men for stoning and stabbing to death 19-year-old lesbian Zoliswa Nkonyana because she lived openly as a lesbian.",globalpost.com,http://www.globalpost.com/dispatch/news/regions/africa/south-africa/120201/south-africa-murder-zoliswa-nkonyana-lesbian-killers-sentenced
2012-02-01,22:40:19,p6542,51,"Pakistan-based Taliban ""poised to retake Afghanistan"" after NATO pullout",news.yahoo.com,http://news.yahoo.com/taliban-poised-retake-afghanistan-nato-pullout-063452031.html
2012-02-02,00:25:43,p69gm,45,Rival Libya militias battle in Tripoli,bbc.co.uk,http://www.bbc.co.uk/news/world-africa-16841848
2012-02-01,22:35:46,p64yk,44,French Jewish mother wins custody battle against Saudi prince ,telegraph.co.uk,http://www.telegraph.co.uk/news/worldnews/europe/france/9052781/French-Jewish-mother-wins-custody-battle-against-Saudi-prince.html
2012-02-02,00:55:17,p6ave,31,Russia says will veto unacceptable Syria resolution,reuters.com,http://www.reuters.com/article/2012/02/01/us-syria-idUSTRE80S08620120201
