2012-10-19,22:21:09,11quha,2684," Shot Pakistani schoolgirl can stand, communicate ",cnn.com,http://www.cnn.com/2012/10/19/world/europe/uk-pakistani-teen-activist/index.html?hpt=hp_t3
2012-10-19,17:38:04,11qmec,2632,"WWII veteran 'took a bullet in the knee' but doesn't like to make a fuss about it.  After he is cremated, this...",telegraph.co.uk,http://www.telegraph.co.uk/history/world-war-two/9618342/Weighty-memento-war-veterans-secret-revealed-after-his-death.html
2012-10-19,00:04:20,11owre,1812,British couple who spent most of the money they made from canabis growing on paying for life changing operations and schooling for people in a poor Kenyan village gets sent to prison for 3 years.,dailymail.co.uk,http://www.dailymail.co.uk/news/article-2219477/Cannabis-factory-couple-gave-400-000-drug-dealing-fortune-poor-Kenyans-jailed-years.html
2012-10-19,19:43:21,11qpfa,1183,Saudi Arabia reveals plans to be powered entirely by renewable energy,guardian.co.uk,http://www.guardian.co.uk/environment/2012/oct/19/saudi-arabia-renewable-energy-oil
2012-10-19,01:25:06,11p1uk,455,Disturbing Video Shows U.S. Defense Contractors Drunk and on Drugs in Afghanistan,newsfeed.time.com,http://newsfeed.time.com/2012/10/18/disturbing-video-shows-u-s-defense-contractors-drunk-and-on-drugs-in-afghanistan/
2012-10-19,06:23:52,11pmgg,396,Toronto man tries to spread HIV to as many men as he can,torontosun.com,http://www.torontosun.com/2012/10/11/steven-boone-tried-to-spread-hiv-crown-alleges
2012-10-19,22:06:58,11qtuq,382,Who Smokes Most: A surprising map of smoking rates by country,washingtonpost.com,http://www.washingtonpost.com/blogs/worldviews/wp/2012/10/19/who-smokes-most-a-surprising-map-of-smoking-rates-by-country/
2012-10-19,21:20:49,11qs9k,355,Explosion rocks centre of Lebanese capital Beirut,bbc.co.uk,http://www.bbc.co.uk/news/world-middle-east-20006389
2012-10-19,01:37:40,11p2o4,317,Australia to become new member of the UN Security Council,theaustralian.com.au,http://www.theaustralian.com.au/national-affairs/foreign-affairs/voting-under-way-on-australias-un-bid/story-fn59nm2j-1226498971111
2012-10-19,09:17:19,11pxr5,274,Kim Jong Il's Grandson Wants Change in North Korea (Interview in English),blogs.wsj.com,http://blogs.wsj.com/korearealtime/2012/10/18/kim-jong-ils-grandson-gives-tv-interview/
2012-10-19,23:23:23,11qxkb,269,"Malala Yousufzai stood for the first time after her 
shooting Friday morning and is communicating",edition.cnn.com,http://edition.cnn.com/2012/10/19/world/europe/uk-pakistani-teen-activist/index.html
2012-10-19,20:49:28,11qr8p,266,"Pakistan court rules army must stop interfering in politics
| Reuters",uk.reuters.com,http://uk.reuters.com/article/2012/10/19/uk-pakistan-justice-military-idUKBRE89I0LY20121019
2012-10-19,03:32:19,11pael,261,British Boy Scouts kick out 11 year old for being atheist,telegraph.co.uk,http://www.telegraph.co.uk/news/religion/9617456/Schoolboy-banned-from-Scouts-for-being-an-atheist.html
2012-10-19,12:05:54,11q8b5,215,"There was no destruction of carvings in Morocco by Salafists, the news were false and unfounded. 
""The reports that these stone carvings were damaged, as you can see, is not true,"" Communications Minister Mustapha Khalfi told journalists, on a government organised trip to the Yagour plateau.",google.com,http://www.google.com/hostednews/afp/article/ALeqM5izWIBAfJBg4Ef6hpfI0qwjgfNwKg?docId=CNG.11dda872aff873b8458568e44151e34b.01
2012-10-19,12:48:34,11qav9,208,Greek poverty so bad families 'can no longer afford to bury their dead',guardian.co.uk,http://www.guardian.co.uk/world/2012/oct/18/greece-protests-general-strike-austerity
2012-10-19,02:51:44,11p7lh,199,"MegaUpload Will Deflect Copyright Liability and Become Raid-Proof: Kim Dotcom and business partner Mathias Ortmann say they have a plan that will not only make “Mega” raid proof, but will also give it an iron-clad defense against copyright infringement claims",torrentfreak.com,http://torrentfreak.com/new-megaupload-will-deflect-copyright-liability-and-become-raid-proof-121018/
2012-10-20,00:50:01,11r2sx,176,Microsoft employees have donated over $1 Billion to non profits over the last 30 years - The Give Campaign,blogs.technet.com,http://blogs.technet.com/b/microsoft_blog/archive/2012/10/18/a-billion-ways-to-make-a-difference.aspx
2012-10-19,22:33:32,11qv24,158,UPDATE - Egyptian teacher fired for cutting the hair of girls who didn't wear headscarves,worldnews.nbcnews.com,http://worldnews.nbcnews.com/_news/2012/10/18/14538277-egyptian-teacher-fired-for-cutting-the-hair-of-girls-who-didnt-wear-headscarves
2012-10-19,02:05:20,11p4he,151,Google's stock just dropped 10% after their current earnings were leaked,businessinsider.com,http://www.businessinsider.com/google-earnings-2012-10
2012-10-19,12:32:11,11q9xo,103,Opponents to Muslim headscarves get a powerful new ally: Vladimir Putin,news.nationalpost.com,http://news.nationalpost.com/2012/10/18/opponents-to-muslim-headscarves-get-a-powerful-new-ally-vladimir-putin/
2012-10-19,03:17:21,11p9fh,83,"Activists: At least 28,000 Syrians 'forcibly disappeared' ",cnn.com,http://www.cnn.com/2012/10/18/world/meast/syria-civil-war/index.html?eref=igoogledmn_topstories
2012-10-19,01:55:00,11p3ta,85,"Want To Move To A Small Town? A Manitoba Community Is Offering Lots For The Low, Low Price Of $10",cbc.ca,http://www.cbc.ca/strombo/alt-news/want-to-move-to-a-small-town-a-manitoba-community-is-offering-lots-for-the-low-low-price-of-10.html
2012-10-19,10:43:52,11q33p,77,Scientists turn fresh air into petrol,belfasttelegraph.co.uk,http://www.belfasttelegraph.co.uk/news/environment/scientists-turn-fresh-air-into-petrol-is-breakthrough-a-milestone-on-the-road-to-clean-energy-16226456.html?a=1
2012-10-19,12:31:23,11q9vq,69,A Naples doctor said former Cuban leader Fidel Castro is near ‘a neurovegetative state’ after suffering a stroke.,miamiherald.com,http://www.miamiherald.com/2012/10/18/3056621/fidel-castro-suffered-a-stroke.html
2012-10-19,22:11:16,11qu1k,66,"After attack on Malala, Taliban threaten journalists who cover it",cnn.com,http://www.cnn.com/2012/10/19/world/asia/pakistan-taliban-media-threat/index.html?hpt=hp_t3
2012-10-19,13:22:50,11qctl,58,Egyptian men join fight against pervasive sexual harassment ,egyptindependent.com,http://www.egyptindependent.com/news/are-you-man-enough-men-both-sides-fight-against-harassment
2012-10-19,21:43:04,11qt1x,56,Large explosion in predominately Christian neighborhood of Beirut,dailystar.com.lb,http://www.dailystar.com.lb/News/Local-News/2012/Oct-19/192029-sound-of-large-explosion-in-ashrafieh-beirut.ashx#axzz29kS5BgJQ
2012-10-19,02:27:50,11p5zw,53,"""Poorest woman in Denmark"" receives $2,700/month after tax in social assistance, but she wants more. ""Poverty"" media stunt backfires.",cphpost.dk,http://cphpost.dk/news/politics/%E2%80%98poverty%E2%80%99-media-stunt-backfires
2012-10-19,06:55:45,11poiw,45,Interview of Kim Jong-Il's grandson.,blogs.wsj.com,http://blogs.wsj.com/korearealtime/2012/10/18/kim-jong-ils-grandson-gives-tv-interview/
2012-10-19,21:50:24,11qtb8,47,China Flexes Naval Might In East China Sea ,aljazeera.com,http://www.aljazeera.com/news/asia-pacific/2012/10/2012101973328317635.html
