2012-07-21,00:51:49,wvmi4,3858,"Lenovo CEO distributes his $3 Million USD Bonus to his 10,000 Employees ",dailytech.com,http://www.dailytech.com/Lenovo+CEO+Gives+Part+of+His+3+Million+USD+Bonus+to+10000+Employees/article25227.htm
2012-07-21,09:37:03,wwhpm,966,Kim Jong-Un May Have Just Suppressed a Coup,theatlanticwire.com,http://www.theatlanticwire.com/global/2012/07/north-korea-may-have-just-suppressed-coup/54858/#.UAn5odAVSuY.reddit
2012-07-21,13:34:09,wwt6a,504,Anti-Putin girl punk band to stay in jail,news.ninemsn.com.au,http://news.ninemsn.com.au/article.aspx?id=8502836
2012-07-21,12:45:15,wwqwh,413,"“it’s as if someone else is throwing a party in our house, with a huge entry fee, and we’re all locked in the basement.” ",nytimes.com,http://www.nytimes.com/2012/07/20/sports/olympics/olympics-leave-british-complaining-even-more-than-usual.html?src=me&ref=general
2012-07-22,03:16:29,wxk0c,291,Spain king ousted as honorary president of World Wildlife Fund branch after elephant hunt,washingtonpost.com,http://www.washingtonpost.com/world/europe/spains-king-juan-carlos-ousted-as-honorary-world-wildlife-fund-president-after-elephant-hunt/2012/07/21/gJQAsyAC0W_story.html?tid=sm_btn_reddit
2012-07-21,22:59:22,wx8xv,248,Russian city prosecutes 73 people for ‘homosexual propaganda’,rawstory.com,http://www.rawstory.com/rs/2012/07/20/russian-city-prosecutes-73-people-for-homosexual-propaganda/
2012-07-21,19:23:37,wx3uv,203,"Police arrested actors for spilling custard, say Olympic protesters",guardian.co.uk,http://www.guardian.co.uk/sport/2012/jul/20/police-arrested-actors-olympic-custard
2012-07-21,16:47:50,wx0fc,178,Iranians Use Facebook To Say 'No' To Compulsory Hijab,rferl.org,http://www.rferl.org/content/iranians-use-facebook-to-say-no-to-compulsory-hijab/24651872.html
2012-07-21,01:52:27,wvq7i,163,"In Scotland we have a man nicknamed ""The Naked Rambler"". He's an ex-marine who has spent the past six years in prison for being naked in public. He was released three days ago. He's just been arrested again...",bbc.co.uk,http://www.bbc.co.uk/news/uk-scotland-edinburgh-east-fife-18931494
2012-07-21,01:03:34,wvn89,137,"Saudi Arabia warns non-Muslims not to eat, drink, smoke in public on Ramadan, or face expulsion",washingtonpost.com,http://www.washingtonpost.com/world/middle_east/saudi-warns-non-muslims-not-to-eat-drink-smoke-in-public-on-ramadan-or-face-expulsion/2012/07/20/gJQA5wdkxW_story.html
2012-07-21,20:47:32,wx5m4,116,BBC News - London 2012: Outrage over artist banned from Olympics,bbc.co.uk,http://www.bbc.co.uk/news/uk-england-london-18927228
2012-07-22,00:25:20,wxbx2,115,"Two more Syrian generals defect, flee to Turkey overnight - World News",worldnews.nbcnews.com,http://worldnews.nbcnews.com/_news/2012/07/21/12873991-two-more-syrian-generals-defect-flee-to-turkey-overnight?lite
2012-07-22,04:41:17,wxob4,100,"Bodies of 14 Critically-Endangered Sumatran Tigers Seized in Indonesia - ""We confiscated whole preserved bodies of 14 tigers, a lion, 3 leopards, a clouded leopard, 3 bears & a tapir & a tiger head.""  Tiger body parts are prized in the  traditional Chinese medicine market.  ",news.asiaone.com,http://news.asiaone.com/News/AsiaOne%2BNews/Asia/Story/A1Story20120719-360129.html
2012-07-21,13:10:16,wws22,95,"27 killed, 26 injured in Mexico bus crash.",straitstimes.com,http://www.straitstimes.com/BreakingNews/World/Story/STIStory_824680.html
2012-07-21,20:31:52,wx59a,84,"Bahraini police fire tear gas on thousands of protesters (PHOTOS, VIDEO)",rt.com,http://www.rt.com/news/bahrain-police-protest-crackdown-721/
2012-07-21,10:21:20,wwjvj,78,Sweden says freed Guantanamo captive was not bomber in Bulgaria - BostonHerald.com,bostonherald.com,http://www.bostonherald.com/news/international/general/view/20120720sweden_says_freed_guantanamo_captive_was_not_bomber_in_bulgaria/?
2012-07-22,03:15:13,wxjxh,65,2012 Olympics -- Runner without country to compete at Olympics - ESPN,espn.go.com,http://espn.go.com/olympics/summer/2012/trackandfield/story/_/id/8186507/2012-olympics-runner-country-compete-olympics
2012-07-21,00:25:30,wvkyt,62,Solar industry trade war heats up:   German solar firms are preparing anti-dumping litigation against China in an effort to curb cheap panel imports often backed by state subsidies. The German government is supporting the move. ,dw.de,"http://www.dw.de/dw/article/0,,16114201,00.html"
2012-07-21,02:09:42,wvrau,58,Creepy Olympic mascots take over London,sports.nationalpost.com,http://sports.nationalpost.com/2012/07/18/photos-creepy-olympic-mascots-take-over-london/
2012-07-21,13:13:56,wws98,59,"
Pussy Riot jailed for six more months",guardian.co.uk,http://www.guardian.co.uk/world/2012/jul/20/pussy-riot-jailed-six-months
2012-07-21,14:19:47,wwva7,45,Japanese rocket sends cargo craft to space station,msnbc.msn.com,http://www.msnbc.msn.com/id/48264361/ns/technology_and_science-space/#.UAuPELSe6nM
2012-07-21,21:57:20,wx75u,47,Fukushima's Uncertainty Problem - Science holds few definitive answers for those worried about radiation exposure.  Why can't it do better? Because it's guesswork.   How much radioactivity was released? Who was exposed & when?  How does it effect the human body? ,nature.com,http://www.nature.com/news/fukushima-s-uncertainty-problem-1.11031
2012-07-22,00:25:31,wxbxg,42,Graphic interview of alleged church camp rapists angers Mexico,elpasotimes.com,http://www.elpasotimes.com/ci_21119239/graphic-interview-alleged-church-camp-rapists-angers-mexico?source=rss_viewed
2012-07-21,22:35:26,wx87n,38,"The seizure of white-owned farms was a disaster for Zimbabwe, but amid that pain, thousands of people got small farm plots and many ended up faring pretty well",nytimes.com,http://www.nytimes.com/2012/07/21/world/africa/in-zimbabwe-land-takeover-a-golden-lining.html
2012-07-21,08:53:35,wwff3,32,Chinese woman looks much better after doctors remove 70 tumours from her face,dailymail.co.uk,http://www.dailymail.co.uk/news/article-2175306/Chinese-mother-left-horrifically-disfigured-70-tumours-growing-face-transformed-hospital-agrees-carry-surgery-free.html
2012-07-21,18:07:28,wx2bg,28,Second Japan nuclear unit resumes power generation,uk.reuters.com,http://uk.reuters.com/article/2012/07/21/uk-japan-nuclear-reactor-idUKBRE86K02K20120721?feedType=RSS&feedName=worldNews&utm_source=feedburner&utm_medium=feed&utm_campaign=Feed%3A+Reuters%2FUKWorldNews+%28News+%2F+UK+%2F+World+News%29
2012-07-21,15:34:01,wwy7r,25,"New Chinese dictionary in row over 'gay' omission. One of the compilers says, ""We don't want to draw attention to these things.""",bbc.co.uk,http://www.bbc.co.uk/news/world-asia-china-18920096
2012-07-21,18:29:28,wx2sc,27,"Japan probes under-reporting of Fukushima radiation dosage
| Reuters",uk.reuters.com,http://uk.reuters.com/article/2012/07/21/uk-japan-tepco-radiation-idUKBRE86K04H20120721
2012-07-21,22:08:11,wx7gh,21,"Minority Rohingya population beaten, raped and killed by security forces and Rakhine Buddhists in Burma",guardian.co.uk,http://www.guardian.co.uk/world/2012/jul/20/burmese-muslims-violence-amnesty
2012-07-21,07:16:08,wwa92,20,AFP: Kim's ex-sushi chef 'invited back to North Korea',google.com,http://www.google.com/hostednews/afp/article/ALeqM5ho-1QjL0YiSqzu4nPNYlJ0oR-a8g
