2012-07-06,05:19:32,w3cuu,2729,"Matt Taibbi:LIBOR Banking Scandal Deepens; Barclays Releases Damning Email, Implicates British Government",rollingstone.com,http://www.rollingstone.com/politics/blogs/taibblog/libor-banking-scandal-deepens-barclays-releases-damning-email-implicates-british-government-20120704?utm_source=dailynewsletter&utm_medium=email&utm_campaign=newsletter
2012-07-06,19:08:56,w4g34,2394,Large majority of Brits oppose extradition of Richard O'Dwyer to the US (he's the student the Americans want to charge with copyright offences),guardian.co.uk,http://www.guardian.co.uk/uk/2012/jul/06/richard-odwyer-extradition-opposed-majority
2012-07-06,22:24:49,w4lqh,852,"""Finland would consider leaving the eurozone rather than paying the debts of other countries in the currency bloc, Finnish Finance Minister Jutta Urpilainen said in a newspaper interview on Friday [6 July 2012].""",economictimes.indiatimes.com,http://economictimes.indiatimes.com/news/international-business/finland-would-rather-exit-euro-than-pay-for-others-jutta-urpilainen-finance-minister/articleshow/14714539.cms
2012-07-06,23:07:44,w4njy,642,"Aftermath of The Pirate Bay trial - Peter Sunde's plea, in his own words: 'A few days ago, Peter “Brokep” Sunde – the former media spokesperson of The Pirate Bay – sent a formal plea for pardon to the Swedish Administration.'",falkvinge.net,http://falkvinge.net/2012/07/06/aftermath-of-the-pirate-bay-trial-peter-sundes-plea-in-his-own-words/
2012-07-06,12:47:56,w42b3,608,Big pharma is cut out by India's plan to bring medicine to masses.,independent.co.uk,http://www.independent.co.uk/life-style/health-and-families/health-news/big-pharma-is-cut-out-by-indias-plan-to-bring-medicine-to-masses-7917944.html
2012-07-06,01:57:58,w30m1,536,"Switzerland has suspended all arms exports to the United Arab Emirates following reports that Swiss-manufactured hand grenades had shown up in Syria
",independent.co.uk,http://www.independent.co.uk/news/world/europe/switzerland-suspends-all-arms-exports-to-the-united-arab-emirates-7917763.html
2012-07-07,00:43:35,w4sjo,540,"China thwarts major child-trafficking rings:  Government says police break up two massive child-trafficking gangs, arresting 802 suspects and saving 181 children. ",aljazeera.com,http://www.aljazeera.com/news/asia/2012/07/20127672658574994.html
2012-07-06,22:35:48,w4m6a,522,Sri Lankan facing death in Saudi for worshipping buddha statue !!,srilankamirror.com,http://srilankamirror.com/news/217-lankan-facing-death-for-worshipping-buddha-statue
2012-07-06,01:05:10,w2xsv,505,Fake cigarette causes 4 hour motorway closure whilst anti-terrorist police do their thing,bbc.co.uk,http://www.bbc.co.uk/news/uk-england-stoke-staffordshire-18728303
2012-07-06,15:33:02,w4a0e,441,An Egyptian university student was fatally stabbed as his girlfriend looked on after three suspected Islamic militants confronted the couple in a park and told them they should not be together if they are not married.,egyptindependent.com,http://www.egyptindependent.com/news/police-detain-suspects-accused-stabbing-suez-man
2012-07-06,14:52:00,w48bx,330,London 2012: even Beijing didn't put an army on the gates,guardian.co.uk,http://www.guardian.co.uk/sport/2012/jul/05/london-2012-army-security-corporate
2012-07-06,13:15:45,w43rx,252,India to give free generic drugs to hundreds of millions.,uk.reuters.com,http://uk.reuters.com/article/2012/07/04/us-india-drugs-idUKBRE8630PW20120704
2012-07-06,02:23:31,w320q,237,Moscow Warns West of ‘Big War’ in Syria,en.rian.ru,http://en.rian.ru/russia/20120705/174419990.html
2012-07-07,00:19:25,w4r5z,210,Humpback whales to gain Panama Canal traffic protection,bbc.co.uk,http://www.bbc.co.uk/news/science-environment-18720380
2012-07-06,11:10:54,w3wqv,206,The LIBOR scandal -- The rotten heart of finance,economist.com,http://www.economist.com/node/21558281?fsrc=scn/rd_ec/the_rotten_heart_of_finance
2012-07-06,22:41:02,w4mdy,180,UK Serious Fraud Office (SFO) launches Libor investigation,bbc.co.uk,http://www.bbc.co.uk/news/business-18742140
2012-07-06,22:26:25,w4lsy,132,"A 40-pg document ""cherry-picked"" from 22 million emails is the only information the FBI believes should be made available to Kim Dotcom before his extradition hearing: Crown lawyer John Pike argued that there was no need for Dotcom to have access because he was not being tried in New Zealand",stuff.co.nz,http://www.stuff.co.nz/technology/7222754/Dotcom-can-see-one-file-of-22-million-says-FBI
2012-07-06,10:47:58,w3vg2,124,China’s unexpected cut in interest rates – the second in less than a month – suggests that the world’s second-biggest economy is in worse shape than it appears and the government is getting worried about growth prospects ahead of the release of key economic data next week. ,cnbc.com,http://www.cnbc.com/id/48088860
2012-07-06,01:07:59,w2xxs,123,"The TPP: ACTA Resurfaces in New Trade Talks with South East Asia, Oceania and South America. Negotiations are Happening Now!",eff.org,https://www.eff.org/issues/tpp
2012-07-07,02:20:26,w4y44,117,Explainer: Why the LIBOR scandal is a bigger deal than JPMorgan,washingtonpost.com,http://www.washingtonpost.com/blogs/ezra-klein/wp/2012/07/05/explainer-why-the-libor-scandal-is-a-bigger-deal-than-jpmorgan/
2012-07-06,21:17:40,w4jbt,102,"France confirms defection of Syrian general:  A high-level military official close to Syrian President Bashar al-Assad is heading to Paris after defecting to Turkey, as delegates from some 100 nations meet in the French capital to seek an end to the crisis in Syria. ",dw.de,"http://www.dw.de/dw/article/0,,16078093,00.html"
2012-07-06,08:02:49,w3mim,81,"'Britain's Atlantis' found at bottom of North sea - a huge undersea kingdom swamped by a tsunami 5,500 years ago",dailymail.co.uk,http://www.dailymail.co.uk/sciencetech/article-2167731/Britains-Atlantis-North-sea--huge-undersea-kingdom-swamped-tsunami-5-500-years-ago.html
2012-07-07,04:28:52,w568d,78,Mystery illness killing Cambodian kids,cnn.com,http://www.cnn.com/2012/07/06/world/asia/cambodia-children-disease/index.html?hpt=hp_c1
2012-07-06,01:58:34,w30nh,81,UN Human Rights Council passes Internet freedom resolution,gadgets.ndtv.com,http://gadgets.ndtv.com/internet/news/despite-indian-opposition-un-passes-internet-freedom-resolution-239930
2012-07-07,06:02:44,w5bw1,68,"Rate rigging probe escalates into Germany
",reuters.com,http://www.reuters.com/article/2012/07/06/us-banking-libor-idUSBRE8640LI20120706
2012-07-06,13:52:15,w45jv,67, CNN's Richard Quest: Guilty bankers should clean toilets,cnn.com,http://www.cnn.com/2012/07/05/opinion/quest-libor-analysis/index.html?iref=allsearch
2012-07-06,21:44:26,w4k8s,65,"Mexican Student Movement Says Election Rife With Irregularities‎ - An anti-PRI ""mega march"" is being announced for Saturday in Mexico City via online forums & flyers handed out in the street",thejakartaglobe.com,http://www.thejakartaglobe.com/afp/mexicans-await-definitive-presidential-election-result/528944
2012-07-07,00:23:41,w4re6,60,UN calls for ‘billionaires tax’ to help world’s poor: The annual World Economic and Social Survey says it is critical to find new ways to help the world’s poor as pledged cash fails to flow.,rawstory.com,http://www.rawstory.com/rs/2012/07/06/un-calls-for-billionaires-tax-to-help-worlds-poor/
2012-07-06,13:11:03,w43jo,44,Revealed: why Gordon Brown sold Britain's gold at a knock-down price.,blogs.telegraph.co.uk,http://blogs.telegraph.co.uk/finance/thomaspascoe/100018367/revealed-why-gordon-brown-sold-britains-gold-at-a-knock-down-price/
2012-07-06,18:21:26,w4f0d,44, Syria set to win seat on UN Human Rights Council ,jpost.com,http://www.jpost.com/International/Article.aspx?ID=276479&R=R1
