2012-05-23,20:49:30,u0va5,2206,Indian state to let forest guards shoot poachers on sight: Maharashtra government says killing poachers will no longer be considered a crime after eight tiger deaths in the state this year.,guardian.co.uk,http://www.guardian.co.uk/environment/2012/may/23/indian-state-forest-guards-poachers
2012-05-23,23:51:41,u123z,2130,First Skydive without parachute successful!,news.sky.com,http://news.sky.com/home/strange-news/article/16233460
2012-05-23,21:53:14,u0x5v,1941,South Korea to Chemically Castrate Repeat Child Rapist,globalpost.com,http://www.globalpost.com/dispatch/news/regions/asia-pacific/south-korea/120523/south-korea-chemical-castration-raping-children-child-rapist
2012-05-23,11:35:32,u0d6v,1664,"Across Italy police are cracking down on Ferrari and Lamborghini drivers, but not because they are driving too fast. Italy, like so much of southern Europe, is drowning in debt, so police are pursuing drivers to make sure they are declaring and therefore paying taxes.",abcnews.go.com,http://abcnews.go.com/International/ferrari-crackdown-italy-declaring-war-tax-cheats/story?id=16401014#.T7xMoEWJfbg
2012-05-24,03:10:53,u1ccu,1019,"Egyptians choose their leader for first time in 5,000 years",telegraph.co.uk,http://www.telegraph.co.uk/news/worldnews/africaandindianocean/egypt/9285941/Egyptians-choose-their-leader-for-first-time-in-5000-years.html
2012-05-23,20:39:35,u0v1i,776,Pakistan jails doctor who helped CIA find Bin Laden: Shakil Afridi was charged with treason for running a fake vaccination programme to gather information for the American intelligence agency.,bbc.co.uk,http://www.bbc.co.uk/news/world-asia-18175964#sa-ns_mchannel=rss&ns_source=PublicRSS20-sa
2012-05-23,21:00:09,u0vki,420,Wikileaks' Julian Assange to learn his extradition fate on 30 May,bbc.co.uk,http://www.bbc.co.uk/news/uk-18177863
2012-05-23,02:01:10,tzhlk,352,"""An Islamist who believes that the 9/11 terrorist attacks on the United States were an American conspiracy is the front-runner in Egypt’s presidential race, a new poll shows."" ",washingtontimes.com,http://www.washingtontimes.com/news/2012/may/21/911-truther-leading-egyptian-presidential-race/
2012-05-23,23:44:19,u11re,309,"Montreal police brought the hammer down on student demonstrators Tuesday night, enforcing a controversial law that brought tens of thousands into the streets in a protest earlier in the day that drew international support. ",theglobeandmail.com,http://www.theglobeandmail.com/news/national/montreal-police-use-controversial-new-laws-to-quell-protest/article2440758/
2012-05-23,21:28:00,u0wci,177,"Yemen is facing a food crisis of ""catastrophic proportions"", with almost half the population going hungry and a third of children in some areas severely malnourished",guardian.co.uk,http://www.guardian.co.uk/world/2012/may/23/yemen-food-aid-agencies-warning
2012-05-23,01:33:16,tzg5m,166,"Video from an Israeli human rights group shows Israeli soldiers stood by as Jewish ""settlers"" opened fire on Palestinians.",huffingtonpost.com,http://www.huffingtonpost.com/2012/05/21/israel-video-settlers-open-fire_n_1532545.html
2012-05-23,01:22:39,tzflg,162,New Zealand to pull troops from Afghanistan,marinecorpstimes.com,http://www.marinecorpstimes.com/news/2012/05/ap-new-zealand-to-pull-troops-from-afghanistan-052212/
2012-05-23,03:34:14,tzmlq,127,Romanian PM will not ratify ACTA,balkans.com,http://www.balkans.com/open-news.php?uniquenumber=145536
2012-05-23,15:47:58,u0ofi,119,Africa is experiencing some of the biggest falls in child mortality ever seen,economist.com,http://www.economist.com/node/21555571?WT.mc_id=5_22_2012_development_tw&WT.tsrc=Twitter
2012-05-23,23:52:08,u124u,117,"EU blocks France ban on Monsanto corn: ""Based on the documentation submitted by France, there is no specific scientific evidence, in terms of risk to human and animal health or the environment""",ibtimes.com,http://www.ibtimes.com/articles/343993/20120522/monsanto-maize-eu-blocks-france-ban-yieldgard.htm
2012-05-23,05:53:49,tzujz,111,Father of war veteran kidnaps shell shocked son from Canadian military base to get him treatment ,blogs.ottawacitizen.com,http://blogs.ottawacitizen.com/2012/05/19/military-father-kidnaps-afghan-veteran-son-from-cfb-petawawa-to-get-him-treatment/
2012-05-24,02:29:50,u1a70,107,"DEA-Backed Honduran Commandos Put Gun to Honduran Boy's Head, Tell Him, ""If you don't talk we'll kill you.""",reason.com,http://reason.com/blog/2012/05/23/dea-backed-honduran-commandos-put-gun-to
2012-05-23,06:47:22,tzxne,78,"Scientists have found more than 150,000 sites in the Arctic where methane is seeping into the atmosphere, according to a report published Sunday in the journal Nature Geoscience.",scientificamerican.com,http://www.scientificamerican.com/article.cfm?id=more-than-150000-methane-seeps-appear-as-arctic-ice-retreats
2012-05-23,21:53:30,u0x66,60,"Doctor Who Helped Track Osama Jailed - 
Physician who helped the US track down Osama bin Laden has been convicted of high treason & sentenced to 33 years in prison",thestar.com,http://www.thestar.com/news/world/article/1182696--doctor-who-helped-find-osama-bin-laden-jailed-33-years-for-treason-by-pakistan
2012-05-23,01:14:20,tzf5o,53,"UK prisoners must be given right to vote, European court rules",guardian.co.uk,http://www.guardian.co.uk/politics/2012/may/22/prisoners-right-to-vote-echr
2012-05-23,19:46:49,u0ts3,50,"Philippines: China ""increasing ships at disputed shoal"" - Vessels include 5 government ships as well as dozens of fishing & utility boats. The Philippines currently has two vessels there.",bbc.co.uk,http://www.bbc.co.uk/news/world-asia-18171009
2012-05-23,22:29:28,u0yj8,44,"street lights substantially changes the ecology of ground-dwelling invertebrates and bugs, research suggests.",bbc.co.uk,http://www.bbc.co.uk/news/science-environment-18158529
2012-05-23,01:32:45,tzg4m,40,Which Nations Consume the Most Water? -- Much of the life-sustaining resource is traded across national borders,scientificamerican.com,http://www.scientificamerican.com/article.cfm?id=water-in-water-out
2012-05-23,20:18:46,u0ujm,39,Monkeys overrun New Delhi,nytimes.com,http://www.nytimes.com/2012/05/23/world/asia/fed-by-indians-monkeys-overwhelm-delhi.html?
2012-05-23,04:18:37,tzp1x,42,Fireballs in the Arctic as methane seeps uncovered,foxnews.com,http://www.foxnews.com/scitech/2012/05/22/fireballs-in-arctic-as-methane-seeps-uncovered/
2012-05-23,11:44:44,u0dow,41,US moves to delist Mujahideen as 'terrorist' group,stream.aljazeera.com,http://stream.aljazeera.com/story/us-moves-toward-delisting-mek-terrorist-group-0022214
2012-05-23,18:56:04,u0sp7,36,"Italy Earthquake Hits Parmesan Production - 
Cheese producers near quake's epicentre fear for 300,000 parmesan wheels that crashed to the ground in warehouses",guardian.co.uk,http://www.guardian.co.uk/world/2012/may/22/italy-earthquake-hits-parmesan-cheese-production
2012-05-23,21:27:20,u0wbv,36,Doctor who ran fake CIA vaccination drive to find Osama bin Laden is jailed for 33 years,guardian.co.uk,http://www.guardian.co.uk/world/2012/may/23/doctor-cia-osama-bin-laden
2012-05-23,22:35:21,u0ys0,31,Russia tests secret missile after Nato shield launched,bbc.co.uk,http://www.bbc.co.uk/news/world-europe-18172726
2012-05-23,23:15:51,u10gz,22,Zimbabwean senator proposes ending AIDS crisis by mutilating women and preventing them from bathing,boingboing.net,http://boingboing.net/2012/05/22/zimbabwean-senator-proposes-en.html
