2012-01-22,12:51:36,or3wj,3456,Australia: 'Wikileaks cables revealed US Embassy sanctioned a conspiracy by Hollywood studios to target Australian comm company iiNet through the local court-system... aiming to establish a common-law precedent which would make ISPs responsible for the unauthorised file-sharing of their customers.',torrentfreak.com,https://torrentfreak.com/australia-us-copyright-colony-or-just-a-good-friend-120121/
2012-01-22,23:05:45,orhco,1820,"Anonymous attack polish government sites, Poles getting mad over ACTA passing.",washingtonpost.com,http://www.washingtonpost.com/business/polish-government-websites-face-apparent-attack-by-internet-group-anonymous/2012/01/22/gIQAF1GEIQ_story.html
2012-01-22,00:02:25,oqadn,778,The rise of the overclass --- We’ve all heard of the 'underclass’: now its mirror image – a super-rich elite that is equally cut off from the rest of us – is defining the political debate,telegraph.co.uk,http://www.telegraph.co.uk/finance/financialcrisis/9027846/The-rise-of-the-overclass.html
2012-01-22,23:16:35,orhmf,414,Islamists Win 70% of Seats in the Egyptian Parliament,nytimes.com,https://www.nytimes.com/2012/01/22/world/middleeast/muslim-brotherhood-wins-47-of-egypt-assembly-seats.html?_r=1&pagewanted=all
2012-01-22,21:49:09,orfsh,402,"FOXCONN: Yes, Our CEO Called Our Employees ""Animals"", But He Didn't Mean it as an Insult - 
A clarification & apology from Apple's iPhone-maker",businessinsider.com,http://www.businessinsider.com/foxconn-employees-animals-2012-1
2012-01-22,23:29:28,orhxx,143,"AFP: Iraq becoming 'police state', says rights group",google.com,http://www.google.com/hostednews/afp/article/ALeqM5itHBheJnryiJuBFseUAi2ggFNU0g?docId=CNG.f4b3121d53c9061ef3bd59387255abe5.51
2012-01-22,14:59:24,or812,136,Costa Concordia: 'insulting' cruise offer to survivors - 30% off - Telegraph,telegraph.co.uk,http://www.telegraph.co.uk/news/worldnews/europe/italy/9030212/Costa-Concordia-insulting-cruise-offer-to-survivors.html
2012-01-22,18:36:43,orcnu,101,"China restores 23,000 hectares of wetlands",news.xinhuanet.com,http://news.xinhuanet.com/english/china/2012-01/22/c_131373350.htm
2012-01-22,12:38:20,or3gd,92,"Could Ecuador be the most radical and exciting place on Earth? A decade ago, Ecuador was a banana republic, an economic basket case. Today, it has much to teach the rest of the world
",guardian.co.uk,http://www.guardian.co.uk/commentisfree/cifamerica/2012/jan/19/ecuador-radical-exciting-place
2012-01-22,01:53:08,oqecr,83,Flaming-horned bull fatally gores man in Spain.,hosted.ap.org,http://hosted.ap.org/dynamic/stories/E/EU_SPAIN_GORING_DEATH?SITE=AP&SECTION=HOME&TEMPLATE=DEFAULT
2012-01-22,00:52:30,oqc3r,79,"London's Police Force Spent $54,000 On Calling A Talking Clock In Just Two Years",articles.businessinsider.com,http://articles.businessinsider.com/2012-01-18/europe/30638190_1_campaign-group-internet-access-clock
2012-01-23,04:14:00,orsng,69,Conservative Wins First Round in Finnish Presidential Vote. Faces Green Candidate in Second Round. ,businessweek.com,http://www.businessweek.com/news/2012-01-22/niinistoe-may-win-first-round-in-finnish-presidential-vote.html
2012-01-23,00:11:25,orj5o,62,Pakistan arrests man that spent 3 years posing as a army general,news.yahoo.com,http://news.yahoo.com/pakistan-arrests-fake-army-general-111146816.html
2012-01-22,20:53:26,orevv,39,"Afghanistan: The Best Way To Peace --- 


Wide-ranging review-essay. In brief: Western occupation of Afghanistan has been even more incompetent and self-destructive than the Soviet one.",nybooks.com,http://www.nybooks.com/articles/archives/2012/feb/09/afghanistan-best-way-peace/?pagination=false
2012-01-22,19:34:35,ordmk,41,Falklanders: We are the luckiest working-class people on earth --  But oil and David Cameron put its sovereignty back on the agenda. ,independent.co.uk,http://www.independent.co.uk/news/world/americas/falklanders-we-are-the-luckiest-workingclass-people-on-earth-6292836.html
2012-01-23,01:07:12,orkxg,37,Egypt pardons jailed blogger as generals brace for anniversary protests,guardian.co.uk,http://www.guardian.co.uk/world/2012/jan/22/egypt-pardons-blogger-anniversary-protests
2012-01-22,11:35:36,or1c0,31,"Nigeria stunned by Kano attacks that killed more than 150. The carefully orchestrated strikes in the northern Nigeria city of Kano are reminiscent of Al Qaeda attacks, and dwarf previous assaults by the Islamic group Boko Haram, which claimed responsibility. The toll is expected to grow.",latimes.com,"http://www.latimes.com/news/nationworld/world/la-fg-nigeria-attacks-20120122,0,1783387.story"
2012-01-22,21:49:16,orfsk,32,"Boko Haram, a shadowy Islamist sect that started out as a clerical movement opposed to western education but has become the biggest security menace facing Africa's top oil producer",ca.reuters.com,http://ca.reuters.com/article/topNews/idCATRE80L0A020120122
2012-01-23,07:14:39,os0r9,26,Croatia says 'yes' to EU membership.,hosted.ap.org,http://hosted.ap.org/dynamic/stories/E/EU_CROATIA_EU_REFERENDUM?SITE=RIPAW&SECTION=HOME&TEMPLATE=DEFAULT
2012-01-23,01:11:40,orl31,26,Thousands of Yemenis protest in capital Sanaa over immunity deal for president,globalpost.com,http://www.globalpost.com/dispatch/news/regions/middle-east/120122/thousands-yemenis-protest-capital-sanaa-over-immunity-deal
2012-01-22,21:35:58,orfko,21,Canadian resident faces execution in Iran after appeal is rejected,thestar.com,http://www.thestar.com/news/world/article/1117318--canadian-resident-faces-execution-in-iran-after-appeal-is-rejected
2012-01-22,15:43:15,or95i,19,"Syria’s Zabadani is ‘liberated,’ but for how long? - The residents of this pretty mountain resort town still seem dazed with disbelief that they have somehow succeeded in driving out the Syrian army",washingtonpost.com,http://www.washingtonpost.com/world/middle_east/syrias-zabadani-liberated-but-for-how-long/2012/01/21/gIQAMhDYGQ_story.html
2012-01-23,05:55:32,orx7x,19,"Madagascar turns away exiled former president:  Coup leader closes main airports forcing commercial flight carrying Marc Ravalomanana to turn back to South Africa
",guardian.co.uk,http://www.guardian.co.uk/world/2012/jan/22/madagascar-exiled-former-president
2012-01-22,16:14:15,or9wn,19,"Nigeria stunned by Kano attacks that killed more than 150
",latimes.com,"http://www.latimes.com/news/nationworld/world/la-fg-nigeria-attacks-20120122,0,1783387.story?track=rss"
2012-01-22,09:22:46,oqwax,16,world debt chart pretty,economist.com,http://www.economist.com/blogs/graphicdetail/2012/01/daily-chart-8
2012-01-22,23:28:44,orhxe,14,Petrol prices rise again even as demand falls,guardian.co.uk,http://www.guardian.co.uk/money/2012/jan/18/petrol-prices-rise-demand-falls
2012-01-22,10:17:00,oqyec,14,Two die of A(H1N1) swine flu in Mexico,breitbart.com,http://www.breitbart.com/article.php?id=CNG.ed2a687c0642d8185d1e4e7ccab9f2c3.1e1&show_article=1
2012-01-23,02:04:42,orn0w,15,Palestinians to renew efforts for bid to U.N. ,washingtontimes.com,http://www.washingtontimes.com/news/2012/jan/19/palestinians-to-renew-efforts-for-bid-to-un/
2012-01-22,01:48:30,oqe5y,15,Why there will be a war in the Middle East this year - The Star,thestar.com,http://www.thestar.com/news/article/1118311--burman-why-there-will-be-a-war-in-the-middle-east-this-year?bn=1
2012-01-23,01:12:15,orl3q,12,Cambodia evictions continue unchecked: Three hundred families were forced from their homes in a central slum,globalpost.com,http://www.globalpost.com/dispatch/news/regions/asia-pacific/120117/cambodia-evictions-forced-phnom-penh
