2012-11-17,01:13:46,13b1fb,2805,Taliban Accidentally Reveal Identities of Their Mailing List Members - ABC News,abcnews.go.com,http://abcnews.go.com/International/taliban-accidentally-reveal-identities-mailing-list-members/story?id=17737950#.UKZ0BSrjlKq
2012-11-17,13:09:26,13c8ch,2100,"'Hundreds of Irish women, including dozens who had been raped, have life-threatening illnesses or are under the age of 16, have been forced to seek abortions in Britain in the past three years, a pro-choice charity said.'",rawstory.com,http://www.rawstory.com/rs/2012/11/16/hundreds-of-irish-women-sought-abortions-in-britain-in-past-three-years/
2012-11-17,12:10:05,13c5fv,742,New law would let Uruguayans grow marijuana at home or in clubs,reuters.com,http://www.reuters.com/article/2012/11/14/us-uruguay-marijuana-idUSBRE8AD1Q520121114
2012-11-17,13:12:42,13c8ih,320,BBC News - Gaza crisis: Israel air strikes hit Hamas HQ,bbc.co.uk,http://www.bbc.co.uk/news/world-middle-east-20374282
2012-11-17,15:41:05,13ce2k,283,40 Egyptian school children killed in crash,uk.reuters.com,http://uk.reuters.com/article/2012/11/17/uk-egypt-crash-idUKBRE8AG03T20121117
2012-11-17,21:41:35,13cmq5,196,"Western media can't get Palestine right
",aljazeera.com,http://www.aljazeera.com/indepth/opinion/2012/11/20121117122934791791.html
2012-11-17,14:14:41,13cb7t,195,"Uganda says wants to pass anti-gay law as ""Christmas gift""",reuters.com,http://www.reuters.com/article/2012/11/13/us-uganda-homosexuality-idUSBRE8AC0V720121113
2012-11-17,19:42:12,13cjr4,179,Israel Destroys Hamas Prime Minister's Office,nytimes.com,http://www.nytimes.com/2012/11/18/world/middleeast/israel-gaza-conflict.html
2012-11-17,17:50:52,13chdc,91,"Japan, India to cooperate on rare earth production",france24.com,http://www.france24.com/en/20121117-japan-india-cooperate-rare-earth-production?utm_source=dlvr.it&utm_medium=twitter
2012-11-17,20:13:06,13ckh8,85,"Cat lovers tell Rome archaeologists they won't abandon strays living at site where Brutus assassinated Caesar  - “Cats of Rome are as ancient as the marble capitals they lounge on. We must find a solution that balances heritage with a social practice that's its own tradition,"" says head of culture. ",nytimes.com,http://www.nytimes.com/2012/11/08/world/europe/rome-drawn-into-tiff-between-preservationists-and-cat-shelter.html?pagewanted=all
2012-11-17,03:33:22,13basc,77,"Once imprisoned for her sexuality, Cuban transgender woman becomes 1st to hold elected office",washingtonpost.com,http://www.washingtonpost.com/world/the_americas/once-imprisoned-for-her-sexuality-cuban-transgender-woman-becomes-1st-to-hold-elected-office/2012/11/16/9f6a5328-3020-11e2-af17-67abba0676e2_story.html?tid=sm_btn_reddit
2012-11-17,18:11:54,13chtc,73,"Train ploughs into school bus in Egypt, 47 killed",reuters.com,http://www.reuters.com/article/2012/11/17/us-egypt-crash-idUSBRE8AG03V20121117
2012-11-17,03:54:06,13bc7a,62,Saudi Arabia Funds Mossad Anti-Iran Operations,israelnationalnews.com,http://www.israelnationalnews.com/News/News.aspx/161407#.UKaX3oaFnE-
2012-11-17,00:19:49,13axtb,67,"British Buddhist monk self-immolates at French monastery:   A British monk died in a Tibetan Buddhist monastery in France after he poured petrol over his clothes and set himself alight, police said. ",telegraph.co.uk,http://www.telegraph.co.uk/news/worldnews/europe/france/9682645/British-Buddhist-monk-self-immolates-at-French-monastery.html
2012-11-17,20:05:06,13ckaw,55,Australia mulls mandatory smoker's licenses | Times247,times247.com,http://times247.com/articles/australia-mulls-mandatory-smoker-s-licenses
2012-11-17,08:55:13,13bv3j,59,"China’s national strategy to acquire technology illicitly from Western companies, but it won't work in the future",foreignaffairs.com,http://www.foreignaffairs.com/articles/138427/james-a-lewis/chinas-economic-espionage?page=show
2012-11-17,15:58:18,13cele,53,France enacts the “Nutella Tax”—a quadrupling of palm oil taxes,straitstimes.com,http://www.straitstimes.com/breaking-news/world/story/french-senate-approves-nutella-tax-palm-oil-20121115
2012-11-17,00:03:36,13awt1,51,France: The time-bomb at the heart of Europe,economist.com,http://www.economist.com/news/leaders/21566640-why-france-could-become-biggest-danger-europes-single-currency-time-bomb-heart
2012-11-17,22:15:19,13cnse,35,U.S. lifts ban on imports from Myanmar ahead of Obama visit,theglobeandmail.com,http://www.theglobeandmail.com/news/world/us-lifts-ban-on-imports-from-myanmar-ahead-of-obama-visit/article5400065
2012-11-17,20:26:18,13ckrr,34,"Bal Thackeray, Hindu leader and Shiv Sena founder, dies.",bbc.co.uk,http://www.bbc.co.uk/news/world-asia-india-20376653
2012-11-17,03:16:42,13b9mp,32,10 Things You Need to Know About Gaza,huffingtonpost.co.uk,http://www.huffingtonpost.co.uk/mehdi-hasan/gaza-10-things-you-need-to-know_b_2139356.html
2012-11-17,20:44:47,13cl6u,34,Tunisia denounces Israel's operation as illegitimate and unacceptable   ,news.yahoo.com,http://news.yahoo.com/israel-authorizes-more-reservists-rockets-target-cities-042850877.html
2012-11-17,20:27:37,13ckt0,29,"Turkey will formally ask NATO on Monday to set up missiles on its border with Syria. The Munich-based Sueddeutsche Zeitung, which did not cite its sources, also said that up to 170 German soldiers could be deployed as part of the mission.",news.yahoo.com,http://news.yahoo.com/turkey-ask-nato-missiles-syria-border-german-daily-121312369.html
2012-11-17,20:38:13,13cl19,27,Interview: ‘There is a great anger in the country’ – President Higgins - Ireland.,thejournal.ie,http://www.thejournal.ie/michael-d-higgins-interview-678099-Nov2012/
2012-11-17,21:57:10,13cn6l,26,"Catholic nun stands trial over 63 counts of physical and sexual abuse of children
",irishcentral.com,http://www.irishcentral.com/news/Catholic-nun-stands-trial-over-63-counts-of-physical-and-sexual-abuse-of-children-179462571.html#axzz2CPFi9Y7U
2012-11-17,23:33:50,13cqn7,25,"""Scientists researching the lethal ebola virus have told the BBC that a commercial vaccine to prevent the onset of infection may never be developed.""",bbc.co.uk,http://www.bbc.co.uk/news/science-environment-19112510
2012-11-17,01:06:57,13b0y2,27,"Turkey PM Erdogan slams Israel on Gaza, calls it a ""pre-election stunt""",reuters.com,http://www.reuters.com/article/2012/11/16/us-palestinians-israel-turkey-idUSBRE8AF0TD20121116
2012-11-17,00:17:11,13axn8,23,Thousands protest in Egypt against Israel attack on Gaza,reuters.com,http://www.reuters.com/article/2012/11/16/us-palestinians-israel-egypt-idUSBRE8AF0VB20121116
2012-11-17,13:25:47,13c952,20,Greece: U.S. Issues Travel Warning,nytimes.com,http://www.nytimes.com/2012/11/17/world/europe/us-issues-travel-warning-for-greece.html?smid=re-share
2012-11-17,01:13:51,13b1fj,19,"Joy in Croatia as UN overturns 2 key convictions:  Croatians viewed the decision to release Ante Gotovina and Mladen Markac as vindication that they were the victims in the Balkan wars in the 1990s, but neighboring Serbia denounced the ruling as a scandalous injustice",chron.com,http://www.chron.com/news/crime/article/Joy-in-Croatia-as-UN-overturns-2-key-convictions-4042662.php
