2012-07-15,12:34:00,wku21,2208,Iceland Has Hired An Ex-Cop To Hunt Down The Bankers That Wrecked Its Economy,businessinsider.com,http://www.businessinsider.com/iceland-has-hired-an-ex-cop-bounty-hunter-to-go-after-the-bankers-that-wrecked-its-economy-2012-7?nr_email_referer=1&utm_source=Triggermail&utm_medium=email&utm_term=International+Select&utm_campaign=International+Select+2012-07-13
2012-07-15,22:02:47,wlb5j,1631,"A skeptic faces possible charges for debunking Mumbai’s miracle statue: Sanal Edamaruku faces a Catholic backlash after insisting that the ""holy"" water dripping from a statue of Christ in Mumbai, India, came from a leaky drain",slate.com,http://www.slate.com/articles/health_and_science/new_scientist/2012/07/a_statue_of_jesus_oozing_holy_water_an_indian_skeptic_debunks_miracle.html?wpisrc=newsletter_slatest
2012-07-15,19:36:21,wl7w3,938,"A gang of about a dozen armed people stormed into a church youth camp-out near Mexico City and went on an hours-long rampage of beatings, robberies and rape",usatoday.com,http://www.usatoday.com/news/world/story/2012-07-14/mexican-church-camp-attack/56225414/1
2012-07-15,09:49:50,wkm9w,459,"""Highway 16 in Canada has become known as the 'Highway of Tears' because dozens of women have disappeared along its route. Many of them have been killed, most of them First Nation indigenous peoples. The police have shown little interest in solving the crimes.""",spiegel.de,http://www.spiegel.de/international/world/highway-of-tears-the-unsolved-murders-of-indigenous-women-in-canada-a-842410.html
2012-07-15,19:33:49,wl7ua,203,"A Village council in India has issued a Taliban-like diktat banning women under the age of 40 from falling in love, using mobile phones or going out in public unescorted.",irishtimes.com,http://www.irishtimes.com/newspaper/world/2012/0714/1224320062690.html
2012-07-15,17:12:26,wl4sx,179,"One in 10 UK prisoners is a former soldier, new research reveals ",independent.co.uk,http://www.independent.co.uk/news/uk/crime/one-in-10-prisoners-is-a-former-soldier-new-research-reveals-7944479.html
2012-07-15,00:58:47,wjwbl,174,"A World Without Coral Reefs
No Hope Left for Global Coral Reef Ecosystem: Ecologist ",nytimes.com,http://www.nytimes.com/2012/07/14/opinion/a-world-without-coral-reefs.html?_r=1&ref=opinion
2012-07-16,02:30:46,wllk1,140,Japan Recalls Ambassador to China - NYTimes.com,nytimes.com,http://www.nytimes.com/2012/07/16/world/asia/japan-recalls-ambassador-to-china.html?_r=1
2012-07-15,00:38:09,wjvgz,122,"Vatican posts $19 million deficit, worst in years | The Salt Lake Tribune",sltrib.com,http://www.sltrib.com/sltrib/world/54456425-68/vatican-million-euro-deficit.html.csp
2012-07-15,22:17:33,wlbjw,114,"""A freak wave of tornadoes ripped through northern Poland on Sunday [15 July 2012], wrecking houses and swathes of forest and leaving one person dead and another 10 injured.""",reuters.com,http://www.reuters.com/article/2012/07/15/us-poland-weather-tornado-idUSBRE86E08220120715
2012-07-15,08:30:03,wkiia,113,"China's Inner Network Of 'Princelings' Runs Kleptocratic Oligarchy: Corruption Spreads Throughout Society As An Estimated $50 Billion A Year Leaves The Country, Followed By Officials, Families",vancouversun.com,http://www.vancouversun.com/news/China+inner+network+princelings+runs+kleptocratic+oligarchy/6928465/story.html
2012-07-15,02:15:59,wjzwo,101,Vive La France ... And Its High Taxes On The Wealthy,npr.org,https://www.npr.org/2012/07/14/156746170/vive-la-france-and-its-high-taxes-on-the-wealthy
2012-07-15,07:37:17,wkg18,99,"Protester in Tel Aviv, Israel set himself on fire this evening.",vice.com,http://www.vice.com/en_uk/read/a-protester-in-israel-just-set-himself-on-fire-tel-aviv
2012-07-15,11:46:16,wkrqy,83,"Gang of gunmen go on rape, robbery, beating rampage at church youth camp-out near Mexico City",hosted.ap.org,http://hosted.ap.org/dynamic/stories/L/LT_MEXICO_CAMPERS_ATTACKED?SITE=AP&SECTION=HOME&TEMPLATE=DEFAULT
2012-07-15,23:30:35,wldr9,84,Red Cross: Syrian conflict now a civil war,usatoday.com,http://www.usatoday.com/news/world/story/2012-07-15/syria-violence/56233218/1
2012-07-15,03:46:04,wk4e4,79,"Cambodian workers on £10 a week making Olympics 'fanwear’:  Adidas, the sportswear company, is facing an investigation over claims that Cambodian workers are being paid £10 a week in basic wages to make official merchandise for the London Olympics. ",telegraph.co.uk,http://www.telegraph.co.uk/sport/olympics/news/9399363/Cambodian-workers-on-10-a-week-making-Olympics-fanwear.html
2012-07-15,10:05:58,wkn1p,75,Waning Patience: Germany Rejects Greek Plea For More Time,spiegel.de,http://www.spiegel.de/international/europe/germany-opposed-to-greek-plea-for-more-time-to-reach-austerity-targets-a-844307.html
2012-07-15,03:51:33,wk4nw,65,It's Official: China Is Slowing Down -  But how slow is the slowdown? ,theatlantic.com,http://www.theatlantic.com/business/archive/2012/07/its-official-china-is-slowing-down/259822/
2012-07-15,09:51:26,wkmcs,60,Five cities named alternative capitals in case Tokyo devastated by next Big One,japantimes.co.jp,http://www.japantimes.co.jp/text/nn20120715a3.html#.UAIT_Y4RvP0
2012-07-15,14:54:59,wl0d2,57,"""...violence between Buddhists and Muslims in Rakhine flared after three Muslims were detained following the rape and killing of a Buddhist woman.  More than 60 people were killed and thousands of homes destroyed in sectarian clashes that followed.""",voanews.com,http://www.voanews.com/content/top-un-official-offers-ideas-to-quell-ethnic-strife-in-burma/1404493.html
2012-07-15,15:52:59,wl2ip,59,NYT: US builds criminal cases in interest-rate fixing scandal,msnbc.msn.com,http://www.msnbc.msn.com/id/48187483/ns/business-us_business/#.UAJoHI44KCg
2012-07-15,03:58:40,wk4zh,30,Chinese city wages war on piranhas ,ca.news.yahoo.com,http://ca.news.yahoo.com/video/chinese-city-wages-war-piranhas-142515317.html?_esi=1&pb_list=884e13b0-580f-4464-9acd-ea4577b097e7
2012-07-15,08:22:06,wki54,33,One man out of 55 survives on lost boat,independent.co.uk,http://www.independent.co.uk/news/world/africa/one-man-out-of-55-survives-on-lost-boat-7944462.html
2012-07-15,23:53:40,wlek6,31,Chinese Navy Ship Floated off Disputed Shoal,voanews.com,http://www.voanews.com/content/chinese_navy_shipfloated_off_disputed_shoal/1404953.html
2012-07-15,01:33:20,wjxtn,33,Japan's 'man-made' nuclear fiasco | The Japan Times Online,japantimes.co.jp,http://www.japantimes.co.jp/text/ed20120714a1.html#.UAGe7kimc7w
2012-07-15,02:24:54,wk0cu,31,Son: Iranian dad arrested for my Facebook posts,cnn.com,http://www.cnn.com/2012/07/12/world/facebook-iran-imam/index.html?hpt=wo_t3
2012-07-15,21:53:11,wlaw8,25,Gunmen attack church camp-out in Mexico; rape 7,chron.com,http://www.chron.com/news/article/Gunmen-attack-church-camp-out-in-Mexico-rape-7-3707396.php
2012-07-15,13:28:31,wkwol,23,Soyuz rocket launches on mission to International Space Station from Kazakhstan,sfgate.com,http://www.sfgate.com/news/article/Soyuz-rocket-launches-on-mission-to-space-station-3707798.php
2012-07-15,06:49:12,wkdn0,17,Russian feminist group Pussy Riot facing 7 years in prison for performing song in orthodox church asking Mary (Jesus' mum) to oust Putin  - arrested members announce hunger strike as a result,commondreams.org,https://www.commondreams.org/headline/2012/07/05-4
2012-07-15,09:16:03,wkkru,23,Suicide bomber kills Afghan parliament member as he hosts daughters wedding,cnn.com,http://www.cnn.com/2012/07/14/world/asia/afghanistan-wedding-blast/index.html?iref=allsearch
