2012-11-02,19:48:28,12id5y,2283,The home front: Man builds 60ft-long World War I trench in his back garden - and then invites history buffs round for re-enactment,dailymail.co.uk,http://www.dailymail.co.uk/news/article-2226235/Historian-Andrew-Robertshaw-builds-60ft-long-First-World-War-TRENCH-Surrey-garden-highlight-plight-frontline-Tommies.html
2012-11-02,02:14:57,12gwe6,1175,Pakistani couple kill daughter for talking to a boy,chicagotribune.com,"http://www.chicagotribune.com/news/sns-rt-us-pakistan-crime-teenbre8a018o-20121101,0,3676885.story"
2012-11-02,19:24:37,12iciw,725,"Thousands of Iranians chanting ""Death to America"" burnt US flags on Friday to mark the 33rd anniversary of the seizure of the US embassy in Tehran",sg.news.yahoo.com,http://sg.news.yahoo.com/iranians-burn-us-flags-mark-embassy-seizure-095544491.html
2012-11-02,03:39:16,12h22v,665,Pakistani coupe kill their daughter by pouring acid on her face when she was found talking to a boy,euronews.com,http://www.euronews.com/newswires/1710998-pakistani-couple-kill-daughter-who-talked-to-a-boy/
2012-11-02,12:57:52,12i19c,614,"China opposition party lasts a day, founder gets 8 years in prison",worldnews.nbcnews.com,http://worldnews.nbcnews.com/_news/2012/11/01/14847377-china-opposition-party-lasts-a-day-founder-gets-8-years-in-prison?lite#__utma=238145375.92538123.1350862521.1351411054.1351832225.4&__utmb=238145375.1.10.1351832225&__utmc=238145375&__utmx=-&__utmz=238145375.1351832225.4.4.utmcsr=worldblog.nbcnews.com|utmccn=%28referral%29|utmcmd=referral|utmcct=/&__utmv=238145375.|8=Earned%20By=msnbc|world%20news=1^12=Landing%20Content=Mixed=1^13=Landing%20Hostname=www.msnbc.msn.com=1^30=Visit%20Type%20to%20Content=Internal%20to%20Mixed=1&__utmk=89877080
2012-11-02,23:34:32,12inb6,471,"Hyundai, Kia admit to bogus fuel efficiency claims",cbc.ca,http://www.cbc.ca/news/business/story/2012/11/02/kia-hyundai-gas.html
2012-11-02,06:48:50,12herp,360,Vigilantes Spray-Paint Sexual Harassers In Cairo : NPR,npr.org,http://www.npr.org/2012/11/01/164099058/vigilantes-spray-paint-sexual-harassers-in-cairo
2012-11-02,03:56:53,12h3a7,297,"In Africa, imprisoned at the hospital until bills are paid:  In Kinshasa, Democratic Republic of the Congo, as in many places in Africa, hospital patients don't get to leave until they pay their bill. And every day they stay, the bill gets higher. They're prisoners of their medical debt.",pri.org,http://www.pri.org/stories/world/africa/in-africa-imprisoned-at-the-hospital-until-bills-are-paid-11960.html
2012-11-02,06:41:54,12heck,211,A row has broken out after the leader of the Roman Catholic Church in Scotland was named Bigot of the Year by gay rights charity Stonewall,bbc.co.uk,http://www.bbc.co.uk/news/uk-scotland-scotland-politics-20175530
2012-11-02,11:29:53,12hwoz,203,"Montreal, Canada engineer details 20 years of bribes",cbc.ca,http://www.cbc.ca/news/canada/montreal/story/2012/10/23/montreal-charbonneau-surprenant-kickbacks.html
2012-11-02,17:43:13,12ia5n,185,Syrian rebels execute unarmed government soldiers; dozens killed in fighting ,washingtonpost.com,http://www.washingtonpost.com/world/middle_east/syrian-rebels-reportedly-execute-unarmed-government-soldiers-more-than-two-dozen-others-killed-in-fighting/2012/11/01/460df3fa-2438-11e2-9313-3c7f59038d93_story.html
2012-11-02,21:29:32,12igu8,134,"Ireland's former richest man, Sean Quinn, sentenced to 9 weeks in prison",bbc.co.uk,http://www.bbc.co.uk/news/uk-northern-ireland-20167760
2012-11-02,18:43:08,12ibft,138,Australian Foreign Minister Bob Carr commits $100m to tackle malaria in the Asia Pacific region,abc.net.au,http://www.abc.net.au/news/2012-11-02/carr-announces-malaria--money/4350112
2012-11-02,00:40:57,12gqau,133, Gunmen occupy Libyan parliament.,bbc.co.uk,http://www.bbc.co.uk/news/world-africa-20170826
2012-11-02,22:12:02,12iiuj,118,"Killings by Syrian rebels caught on video appear to be war crime, UN says - thestar.com",thestar.com,http://www.thestar.com/news/world/article/1281496--killings-by-syrian-rebels-caught-on-video-appear-to-be-war-crime-un-says
2012-11-02,06:17:53,12hcut,106,"Return of the Czech communists: the country's hardline Communists are now the second most popular party, and could enter government in a matter of weeks. This would make the Czech Republic the first post-communist European country in which a communist party returned to power",foreignpolicy.com,"http://www.foreignpolicy.com/articles/2012/10/12/return_of_the_czech_communists?page=0,0"
2012-11-02,21:40:19,12ihcj,101,"Sean Quinn, once Ireland's richest man, is given 9 week jail term",rte.ie,http://www.rte.ie/news/2012/1102/sean-quinn.html
2012-11-02,04:23:04,12h51m,89,Greek court dismisses charges against 'Lagarde List' journalist.,telegraph.co.uk,http://www.telegraph.co.uk/news/worldnews/europe/greece/9649488/Greek-court-dismisses-charges-against-Lagarde-List-journalist.html
2012-11-02,20:43:44,12if01,87," Greek journalist who published names of 2,000 suspected tax evaders acquitted ",guardian.co.uk,http://www.guardian.co.uk/world/2012/nov/01/greek-editor-kostas-vaevanis-acquitted
2012-11-02,20:07:58,12idsu,69,"In Brazil, researchers genetically modifying mosquitoes to wipe out dengue fever",latimes.com,"http://www.latimes.com/news/nationworld/world/la-fg-brazil-mutant-mosquitoes-20121102,0,3456213.story"
2012-11-02,18:47:07,12ibiy,68,"Iskandar Malaysia: the green mega-city rising above Singapore - Planned eco-city for 3m people matches Luxembourg in size and showcases urban 21st-century smart-living, say developers",guardian.co.uk,http://www.guardian.co.uk/environment/2012/nov/02/iskandar-malaysia-green-megacity
2012-11-02,13:15:11,12i22s,69,Japan protests after new report of incident involving drunken US serviceman. A U.S. airman is suspected of assaulting a young boy Friday on the southern Japanese island of Okinawa,washingtonpost.com,http://www.washingtonpost.com/world/asia_pacific/japan-protests-after-new-report-of-incident-involving-drunken-us-serviceman/2012/11/01/fa3cb458-249f-11e2-92f8-7f9c4daf276a_story.html?tid=sm_btn_reddit
2012-11-02,11:39:55,12hx8v,54,U.S. quietly eases rules on sale of medicines to Iran ,latimes.com,"http://www.latimes.com/news/nationworld/world/la-fg-iran-sanctions-20121102,0,5805244.story"
2012-11-02,22:50:25,12ikst,55,"Hit by crisis, Greek society in free-fall ",news.yahoo.com,http://news.yahoo.com/hit-crisis-greek-society-free-fall-074114680.html;_ylt=At3SlA0MBAEr7cLboIzByZes0NUE;_ylu=X3oDMTNuaWRrdWlvBG1pdAMEcGtnA2JiNjliYTNlLTFiNzMtMzBiZS1iZGVhLTY5NjNkZGY0YTFhZARwb3MDOARzZWMDbG5fQXNzb2NpYXRlZFByZXNzX2dhbAR2ZXIDODM5MDdkMDAtMjQzNC0xMWUyLWJmZmYtYTRiM2RmYWU2OGE5;_ylv=3
2012-11-02,00:23:26,12gp7o,45,Is this the darkest day for Russia under Putin yet?,en.avaaz.org,http://en.avaaz.org/1015/russia-internet-blacklist-law-putin-censorship-treason-law
2012-11-02,20:02:34,12idmt,45,"""A team of engineers at Vanderbilt University's Center for Intelligent Mechatronics has developed a powered exoskeleton that enables people with severe spinal cord injuries to stand, walk, sit and climb stairs. Its light weight, compact size and modular design promise to provide users with an""",news.vanderbilt.edu,http://news.vanderbilt.edu/2012/10/exoskeleton/
2012-11-02,10:46:26,12htzs,37,Loneliness forced elephant to speak Korean.,abc.net.au,http://www.abc.net.au/news/2012-11-02/elephant-can-speak-korean-say-researchers/4349290
2012-11-02,16:51:21,12i8zn,37,Mother murdered son for 'failing to learn the Koran',telegraph.co.uk,http://www.telegraph.co.uk/news/uknews/law-and-order/9648856/Mother-murdered-son-for-failing-to-learn-the-Koran.html
2012-11-02,03:57:01,12h3ak,29,"Girl Killed in Kashmir Acid Attack -  Mother & father arrested for killing 15-yr-old ""in the name of an honor"".  Her father saw her ""looking at 2 boys"" & suspected she was having illicit relations with 1 of the them. He beat her up & poured acid over her with the help of his wife. ",bbc.co.uk,http://www.bbc.co.uk/news/world-asia-20173484
2012-11-02,12:37:11,12i09k,30,Naturally-beautiful hot springs vanish after B.C. earthquakes!,montrealgazette.com,http://www.montrealgazette.com/news/national/Naturallybeautiful+springs+vanish+after+earthquake/7484796/story.html
