2012-08-15,21:01:42,y9a46,1784,India announces plans for a Mars mission in 2013,chron.com,http://www.chron.com/news/article/India-announces-plans-for-a-Mars-mission-in-2013-3789011.php
2012-08-15,18:06:17,y95go,1641,Iran threatens to disconnect from the Internet,marketwatch.com,http://www.marketwatch.com/story/iran-threatens-to-disconnect-from-the-internet-2012-08-15
2012-08-15,00:44:40,y7ghu,804,"Women Challenge Islamists Over Equality - They don't want ''complementarity'' rather than ""equality"" of the sexes & see the groundbreaking ""Personal Status Code"" of 1956 in jeopardy.  Thousands of Tunisians protested in the capital for women's rights as the Islamist-led govt faces rising dissent. 
",watoday.com.au,http://www.watoday.com.au/world/women-challenge-islamists-over-equality-20120814-246sy.html
2012-08-15,22:27:31,y9dg8,510,Japan and North Korea Set To Talk: “Based on the principle of settling the unfortunate past and on restoring normal relations.” ,thediplomat.com,http://thediplomat.com/flashpoints-blog/2012/08/15/japan-and-north-korea-set-to-talk/
2012-08-15,18:05:48,y95g8,384,"Cipla launches Qvir, a four in one HIV drug for Rs 158 ($2.84)",health.india.com,http://health.india.com/news/cipla-launches-qvir-a-four-in-one-hiv-drug-for-rs-158/
2012-08-15,20:47:24,y99n8,342,Robin hood Spanish mayor becomes hero for robbing supermarkets ,uk.reuters.com,http://uk.reuters.com/article/2012/08/15/us-spain-protests-idUKBRE87E08S20120815
2012-08-15,00:12:26,y7ejc,286,"Israeli Sniper Gets Only 45 Days for Killing of Two Women under White Flags: Israeli human rights group B'Tselem points out, the deal does not recognize guilt for the killing of Majedah and Rayah Abu Hajaj, but rather punishes the soldier for the ""killing of an unidentified individual.""",commondreams.org,https://www.commondreams.org/headline/2012/08/13-1
2012-08-15,04:37:13,y7web,270,Tunisian Olympians targeted by Islamist radicals for behavior and dress deemed un-Islamic,cbsnews.com,http://www.cbsnews.com/8301-33747_162-57492866/tunisian-olympians-targeted-by-islamist-radicals-for-behavior-and-dress-deemed-un-islamic
2012-08-15,01:12:06,y7i71,245,Masked neo-Nazi ‘Immortals’ storm Germany – and the Web ,nydailynews.com,http://www.nydailynews.com/news/world/masked-neo-nazi-immortals-storm-germany-web-article-1.1135968
2012-08-15,23:55:52,y9hrc,231,"China's plan to expand coal mines & power plants threatens to drain   precious water supply & could trigger a severe water crisis, report warns - Heavy coal mining in Inner Mongolia is already causing desertification in the once pristine grasslands. ""The extinction of water is irreversible.""",guardian.co.uk,http://www.guardian.co.uk/environment/2012/aug/15/china-coal-water-crisis-greenpeace
2012-08-16,00:45:13,y9klb,192,"""Like a Bad Hollywood Cop Movie"": Asia's wildlife traffickers untouchable, colluding with officials -   Bags of Tiger cubs, 100s of squirming tortoises, elephant tusks, water dragons, American paddlefish. Officials at Thailand airport proudly cite what's been seized. But others tell another story: ",msnbc.msn.com,http://www.msnbc.msn.com/id/48672910/ns/world_news-asia_pacific/#.UCvC8amPVbM
2012-08-15,13:48:05,y8vjh,181,The enthusiasm of Israel's prime minister and defence minister for an air strike on Iran appears to have united their country's defence and security establishment against them,guardian.co.uk,http://www.guardian.co.uk/commentisfree/2012/aug/14/israel-iran-game-of-bluff-editorial
2012-08-15,09:50:56,y8gvb,177,Australian High Court rules government's world-first plain packaging laws are constitutionally valid and tobacco products will be sold in olive-green packaging by end of 2012.,theage.com.au,http://www.theage.com.au/opinion/political-news/big-tobacco-loses-high-court-battle-over-plain-packaging-20120815-247kz.html
2012-08-15,00:54:56,y7h51,172, European Bankers Destroying European Democracy - The cause of necessary economic reforms has not been served by confounding that necessity with the policy of austerity ,tnr.com,http://www.tnr.com/article/magazine/105657/sen-europe-democracy-keynes-social-justice
2012-08-15,15:27:15,y908u,153,"More brutal farm attacks in South Africa: Mom shot in the face, tried calling for help | News24",news24.com,http://www.news24.com/SouthAfrica/News/Mom-shot-in-the-face-tried-calling-for-help-20120814
2012-08-15,05:11:42,y7yrc,113,Shadowy American drone campaign in Africa targeting Islamic militants more ruthlessly than ever,wired.com,http://www.wired.com/dangerroom/2012/08/somalia-drones/all/
2012-08-15,18:30:16,y961r,75,Israel unhappy after EU blacklists 1980s town,euobserver.com,http://euobserver.com/foreign/117246
2012-08-15,02:06:48,y7lu9,69,"Syria, 'on the Verge of Collapse' - In Focus - The Atlantic",theatlantic.com,http://www.theatlantic.com/infocus/2012/08/syria-on-the-verge-of-collapse/100352/
2012-08-15,20:29:57,y994o,69,Truck Bomb Explodes in Central Damascus,nytimes.com,http://www.nytimes.com/2012/08/16/world/middleeast/explosion-in-damascus-syria.html
2012-08-15,21:15:59,y9al5,58,Roma Trapped in Misery as France Demolishes Camps,nytimes.com,http://www.nytimes.com/aponline/2012/08/15/world/europe/ap-eu-france-gypsies.html
2012-08-16,03:23:15,y9uut,50,"AK47s, Quack Medicine, & Heaps of Cash: The Gruesome Rhino Horn Trade Explained -  A male rhino struggled to its feet, hobbled several paces, then fell back down. It's horn of keratin, the same protein in human fingernails & hair, had been hacked off by poachers for a Chinese-driven market.  ",motherjones.com,http://www.motherjones.com/environment/2012/08/rhino-horn-trade-explained
2012-08-15,15:12:42,y8zmr,47,"Leaders of Muslim countries are expected to suspend Syria's membership of the Organisation of Islamic Cooperation at a summit in Mecca on Wednesday, despite the vocal objections of Iran.",reuters.com,http://www.reuters.com/article/2012/08/14/us-syria-crisis-idUSBRE8610SH20120814?feedType=RSS&feedName=topNews&rpc=71&google_editors_picks=true
2012-08-15,02:25:38,y7n3u,50,"Neo-Nazi flash mobs strike German cities, aim to become 'immortal' on YouTube - NY Daily News",nydailynews.com,http://www.nydailynews.com/masked-neo-nazi-immortals-storm-germany-web-article-1.1135968
2012-08-15,22:40:10,y9e02,48,Syrian conflict turning into proxy war against Iran.,globalpost.com,http://www.globalpost.com/dispatch/news/regions/middle-east/syria/120814/syria-us-proxy-war-iran-saudi-arabia-qatar-sunni-shiite#mobify-bookmark
2012-08-15,15:01:15,y8z44,44,Australia forces tobacco companies to use plain packaging (High Court decision),theage.com.au,http://www.theage.com.au/business/tobacco-fight-not-over-phillip-morris-says-20120815-2488s.html
2012-08-15,12:57:11,y8sot,36,Saudi king in goodwill gesture to Iran's Ahmadinejad,reuters.com,http://www.reuters.com/article/2012/08/14/us-saudi-iran-syria-summit-idUSBRE87D14H20120814
2012-08-15,08:11:21,y8ax2,28,Chinese Companies Pull Out of US Stock Markets ,cnbc.com,http://www.cnbc.com/id/48661224
2012-08-15,11:04:27,y8lhv,29,Hindus leave Pakistan for India amid claims of persecution,dw.de,"http://www.dw.de/dw/article/0,,16165494,00.html"
2012-08-15,05:00:28,y7xzc,23,"Bahrain uprising: Police fire tear gas, rubber bullets on protesters (PHOTOS)",rt.com,https://rt.com/news/bahrain-clashes-opposition-598/
2012-08-15,02:29:21,y7ndr,22,Investors Preparing for Collapse of the Euro,spiegel.de,http://www.spiegel.de/international/business/investors-preparing-for-collapse-of-the-euro-a-849747.html
