2012-07-29,02:37:53,xazem,2175,"Woman sees wells built to fulfill her late daughter's wishes; 9yo hoped to raise $300 to bring clean water to an African village. After she died 32,000 people donated $1.27 million",seattletimes.com,http://seattletimes.com/html/localnews/2018762878_girlswish25.html
2012-07-29,22:54:29,xcat4,1898,"Vietnam to consider gay marriage, could become first country in Asia to legalise it",google.com,http://www.google.com/hostednews/ap/article/ALeqM5h__nXmROSAzkwreeyXeDjOaxjBOg?docId=d65b8736106f419690f706014a7e76dc
2012-07-29,13:59:20,xbwtt,1844,"Dominican Republic abortion ban stops treatment for pregnant teen with cancer: A 16-yr-old girl, dying of acute leukemia, needs chemotherapy. But there's a problem: the teen is pregnant and treatment would very likely terminate the pregnancy, a violation of Dominican anti-abortion laws",edition.cnn.com,http://edition.cnn.com/2012/07/25/world/americas/dominican-republic-abortion-teen/index.html
2012-07-29,18:51:32,xc5gt,1809,"At 71, Hiroshi Hoketsu is the oldest competing Olympian in 92 years.",sports.yahoo.com,http://sports.yahoo.com/news/olympics--japanese-equestrian-defies-father-time-as-oldest-competitor-at-london-olympics.html
2012-07-29,22:53:43,xcasg,1254,Oxford University rewrites gender dress code - Oxford University students will no longer have to wear gender-specific academic clothing after concerns it was unfair to the transgender community,bbc.co.uk,http://www.bbc.co.uk/news/uk-england-oxfordshire-19038488
2012-07-29,19:27:19,xc64m,765,Defense Minister Ehud Barak is evicting hundreds of Palestinian farmers and shepherds by declaring the land on which their villages stand 'firing zones.',haaretz.com,http://www.haaretz.com/opinion/pyromania-in-the-hebron-hills-1.454262
2012-07-29,22:17:43,xc9sk,692,During recent floods in Beijing the early warning system failed; police officers were reportedly busy ticketing stranded cars rather than helping citizens in need; and workers at toll plazas continued to collect fees as people desperately tried to escape the rising waters.,thediplomat.com,http://thediplomat.com/china-power/chinas-new-political-class-the-people/
2012-07-29,17:28:42,xc3p9,344,The pattern in the reporting of the Syrian civil war suggests the opposition (possibly in collaboration with western governments) are trying to manipulate the media.,salon.com,http://www.salon.com/2012/07/27/swallowing_the_syria_lie_salpart/
2012-07-29,05:49:55,xb913,256,"""The Obama administration has for now abandoned efforts for a diplomatic settlement to the conflict in Syria, and instead it is increasing aid to the rebels and redoubling efforts to rally a coalition of like-minded countries to forcibly bring down the government of President Bashar al-Assad""",nytimes.com,http://www.nytimes.com/2012/07/22/world/middleeast/us-to-focus-on-forcibly-toppling-syrian-government.html?pagewanted=all
2012-07-29,00:01:55,xaso6,200,Japanese politicians perplexed by anti-nuclear protests,mainichi.jp,http://mainichi.jp/english/english/newsselect/news/20120728p2a00m0na019000c.html
2012-07-29,05:51:49,xb94y,161,Barclays executive blamed for Libor scandal given £8.75m pay-off,telegraph.co.uk,http://www.telegraph.co.uk/finance/newsbysector/banksandfinance/9427881/Libor-scandal-Barclays-executive-Jerry-del-Missier-given-8.75m-pay-off.html
2012-07-29,04:47:29,xb5um,156,Former U.S. officials say CIA considers Israel to be Mideast's biggest spy threat,haaretz.com,http://www.haaretz.com/news/diplomacy-defense/former-u-s-officials-say-cia-considers-israel-to-be-mideast-s-biggest-spy-threat-1.454189
2012-07-30,03:46:05,xcnh5,140,"Hundreds of Spaniards protested Sunday against the conservative government's proposal to roll back women's abortion rights, including in cases where the fetus is deformed.",hosted.ap.org,http://hosted.ap.org/dynamic/stories/E/EU_SPAIN_ABORTION_LAW?SITE=RIPAW&SECTION=HOME&TEMPLATE=DEFAULT
2012-07-29,08:28:33,xbh12,139,"
Chinese officials forced to cancel 2nd  industrial waste pipeline project in a month after 1,000 environmental protesters occupy office, overturn cars, destroy computers & beat police officers. Environmental worries have stoked calls for expanded rights for citizens. ",guardian.co.uk,http://www.guardian.co.uk/world/2012/jul/28/chinese-protesters-industrial-waste-pipeline
2012-07-30,00:29:39,xce32,108,"Hunting the Hunter - 
In a remote patch of N India, poaching is so rampant that leopard skins & rare animal parts are sold from tea stalls. Along with a team of wildlife activists, journalists help track & pin down a notorious poacher. Here's how it happened.",timesofindia.indiatimes.com,http://timesofindia.indiatimes.com/home/sunday-toi/special-report/Hunting-the-hunter/articleshow/15247011.cms?
2012-07-29,15:00:59,xbzap,94,Breakout of Ebola virus is confirmed in Uganda,newsok.com,http://newsok.com/breakout-of-ebola-virus-is-confirmed-in-uganda/article/3696479
2012-07-29,21:30:20,xc8kw,74,"'Britons evaded £200m in tax' using HSBC-owned Swiss bank: Trade minister who headed banking division is facing further pressure
",guardian.co.uk,http://www.guardian.co.uk/business/2012/jul/29/lord-green-hsbc-tax
2012-07-29,09:15:55,xbjfz,72,"
7 Nations Face Sanctions Over Endangered Species - 
UN will penalize  Syria,  Paraguay, Nepal, Rwanda, Comoros, Guinea-Bissau, & Solomon Islands for lax rules or not reporting wildlife trade. They're traded for food, fuel, health care, religious items, collections, trophy hunting & other sport.",guardian.co.uk,http://www.guardian.co.uk/environment/2012/jul/27/cites-sanctions-endangered-species
2012-07-29,12:00:46,xbrfa,60,"Kenyan police say the acting Venezuelan ambassador to Kenya, found dead in her official home in Nairobi Friday, was strangled. ",voanews.com,http://www.voanews.com/content/kenyan-police-say-venezuelan-acting-ambassador-strangled/1448266.html
2012-07-29,23:03:34,xcb2j,43,US presents Israel with Iran strike plan ,hosted.ap.org,http://hosted.ap.org/dynamic/stories/M/ML_ISRAEL_IRAN?SITE=AP&SECTION=HOME&TEMPLATE=DEFAULT&CTIME=2012-07-29-09-04-29
2012-07-30,00:47:21,xces8,30,Al Jazeera speaks to captured Syrian secret police,aljazeera.com,http://www.aljazeera.com/news/middleeast/2012/07/201272962326559716.html#.UBU2J_plxjo.reddit
2012-07-29,11:58:50,xbrbj,27,Chinese court dismisses fraud charge against rights activist Ni Yulan:  Disabled lawyer has prison time cut by two months in small victory for China's human rights movement,guardian.co.uk,http://www.guardian.co.uk/world/2012/jul/27/chinese-court-charge-rights-activist
2012-07-29,11:15:29,xbpac,26,Syrian rebels survive regime onslaught in Aleppo ,news.yahoo.com,http://news.yahoo.com/syrian-rebels-survive-regime-onslaught-aleppo-192314241.html
2012-07-30,05:30:28,xct08,28,Italian embassy staff kidnapped in Yemen,aljazeera.com,http://www.aljazeera.com/news/middleeast/2012/07/2012729163240755861.html
2012-07-30,00:57:22,xcf8m,23,Big Hong Kong protest assails Communist Party ‘brain-washing’,washingtonpost.com,http://www.washingtonpost.com/world/asia_pacific/big-hong-kong-protest-assails-communist-party-brain-washing/2012/07/29/gJQAuM8IIX_story.html
2012-07-29,21:20:11,xc8cv,19,"North Korea floods kill 88, leave thousands homeless",in.reuters.com,http://in.reuters.com/article/2012/07/28/korea-north-flood-idINDEE86R07F20120728
2012-07-29,18:52:53,xc5hx,17,Iran lowers prices as ‘chicken crisis’ becomes simmering political issue,english.alarabiya.net,http://english.alarabiya.net/articles/2012/07/29/229041.html
2012-07-29,13:30:09,xbvmk,14,Libya rebels move onto Syrian battlefield,edition.cnn.com,http://edition.cnn.com/2012/07/28/world/meast/syria-libya-fighters/index.html?hpt=hp_t2
2012-07-29,22:59:22,xcay5,15,Syrian Official Criticizes Countries Backing Rebels - ,nytimes.com,http://www.nytimes.com/2012/07/30/world/middleeast/syrian-official-criticizes-countries-backing-rebels.html?smid=tw-nytimes&seid=auto
2012-07-29,12:39:04,xbta9,13,"Philippine gun makers take aim from the backyard to the production line - Elections mean big business for them. The Philippines imposes a ban on carrying guns for 6 months, from campaigning to the proclamation of winners. With legal access denied, Filipinos simply turn to  illegal gunsmiths.",reuters.com,http://www.reuters.com/article/2012/07/29/us-philippines-guns-idUSBRE86S00S20120729
