2012-04-02,00:02:57,rnzat,544,Myanmar democracy icon and Nobel Peace Prize winner Aung San Suu Kyi has been elected to the country's parliament in landmark elections,aljazeera.com,http://www.aljazeera.com/news/asia-pacific/2012/04/20124113414427185.html
2012-04-01,09:13:28,rn2d8,526,Romania's hospital scandal: Babies left to die as doctors refuse to work without bribes,independent.co.uk,http://www.independent.co.uk/life-style/health-and-families/health-news/romanias-hospital-scandal-babies-left-to-die-as-doctors-refuse-to-work-without-bribes-7606242.html
2012-04-01,18:30:46,rnqo1,460,"Britain to Monitor Citizens’ Text Messages & emails - Internet companies would be instructed to install hardware to allow the Government Communications Headquarters (GCHQ) to go through “on demand” every text message & email sent, websites accessed & phone calls made “in real time""",rawstory.com,http://www.rawstory.com/rs/2012/04/01/britain-monitor-text-email/
2012-04-01,12:00:07,rn9g2,237,"Planning a trip to Canada or the Caribbean? One million British travellers planning to fly to Canada, the Caribbean and Mexico this year face the risk of being turned away at the airport – at the insistence of the US DHS",independent.co.uk,http://www.independent.co.uk/travel/news-and-advice/planning-a-trip-to-canada-or-the-caribbean-us-immigration-may-have-other-ideas-7584912.html
2012-04-01,03:52:44,rmoeg,216,CIA Secret Prison: Polish Leaders Break Silence About Black Site,huffingtonpost.com,http://www.huffingtonpost.com/2012/03/31/cia-secret-prison-polish-_n_1393385.html
2012-04-01,23:14:56,rnxi8,156,"Rupert Murdoch-linked pirate website targeted rivals, online file shows

Internet forums gave advice on how to hack into ITVDigital and cable television companies.
",guardian.co.uk,http://www.guardian.co.uk/technology/2012/apr/01/bskyb-itv-ondigital-hacking-nds
2012-04-01,04:48:26,rmqx1,141,Child witnesses to Afghan massacre say Robert Bales was not alone,worldnews.msnbc.msn.com,http://worldnews.msnbc.msn.com/_news/2012/03/29/10927844-child-witnesses-to-afghan-massacre-say-robert-bales-was-not-alone
2012-04-01,12:21:28,rnact,132,Colombia Bill Would Decriminalize Drug Plant Cultivation,stopthedrugwar.org,http://stopthedrugwar.org/chronicle/2012/mar/31/colombia_bill_would_decriminaliz
2012-04-01,01:17:41,rmhtd,125,Official figures show that EU countries sold Greece over €1 billion of arms at the same time as negotiating its first bail-out back in 2010.,euobserver.com,http://euobserver.com/13/115513
2012-04-01,23:14:11,rnxhb,118,Chinese grad student hacks Indian Military research firms,india.blogs.nytimes.com,http://india.blogs.nytimes.com/2012/03/30/chinese-grad-student-hacks-indian-military-research-firms/
2012-04-01,20:48:01,rntjo,116,Burma's Aung San Suu Kyi wins by-election: NLD party,bbc.co.uk,http://www.bbc.co.uk/news/world-asia-17577620
2012-04-01,01:02:40,rmha3,90,Australia now on the list of countries wanting Israel not to strike Iran,haaretz.com,http://www.haaretz.com/blogs/diplomania/australia-joins-list-of-countries-warning-against-israeli-strike-on-iran-1.421769
2012-04-01,11:53:49,rn95o,63,New strain of HIV linked to Saskatchewan deaths,ctv.ca,http://www.ctv.ca/CTVNews/TopStories/20120331/HIV-Saskatchewan-AIDS-20120330/
2012-04-01,10:55:23,rn6n8,50,European anti-Islamic rally in Denmark flops: Gathering attracts less than 200 supporters as thousands of counter demonstrators clash with attendees and police.,aljazeera.com,http://www.aljazeera.com/news/europe/2012/03/2012331142352883844.html
2012-04-01,20:54:11,rntoz,30,"Opposition claims Myanmar's Aung San Suu Kyi wins a parliamentary seat in a landmark election, setting the stage for her to take public office for the first time.",google.com,http://www.google.com/hostednews/ap/article/ALeqM5iqKaQpWFTGdt--rGRcfqMwrvE1YQ?docId=dbf77da6f51d45e8a2ebbedc04494897
2012-04-01,21:25:02,rnue2,29,"Falklands, Thirty Years On --- 

British were right to fight, but wrong not to make some compromise with newly democratic Argentina in the years that followed",independent.co.uk,http://www.independent.co.uk/opinion/commentators/felipe-fernandezarmesto-thirty-years-on-the-british-still-cant-admit-the-truth-about-the-falklands-7604005.html
2012-04-01,19:58:50,rnsjr,29,Malian rebels 'capture Timbuktu' - Africa - Al Jazeera English,aljazeera.com,http://www.aljazeera.com/news/africa/2012/04/20124181943166936.html
2012-04-01,14:03:16,rnfal,27,Why an easy exit from the euro is impossible. You’d think switching from the euro to a new currency could be simple. Think again.  - Telegraph,telegraph.co.uk,http://www.telegraph.co.uk/finance/financialcrisis/9177406/Lord-Wolfson-Why-an-easy-exit-from-the-euro-is-impossible.html
2012-04-01,03:55:48,rmoje,24,Ukrainian police shut down forum for malware writers,arstechnica.com,http://arstechnica.com/business/news/2012/03/ukrainian-police-shut-down-forum-for-malware-writers.ars
2012-04-01,11:28:21,rn81i,20,Report reveals earlier problems at North Sea gas site - A report by a drilling manager published last year describes how difficult it is to pump gas from the deep Elgin field. It even explains exactly how drilling operations can damage the wells in ways that may have led to this week's leak.,newscientist.com,http://www.newscientist.com/article/dn21655-report-reveals-earlier-problems-at-north-sea-gas-site.html
2012-04-01,13:26:06,rnd50,19,Putin announces competition to find Russia's best workers,bbc.co.uk,http://www.bbc.co.uk/news/world-europe-17555290
2012-04-02,04:11:53,robjc,19,Britain's police are at war with the people,guardian.co.uk,http://www.guardian.co.uk/commentisfree/2012/apr/01/britains-police-at-war-with-people
2012-04-01,20:00:50,rnsl8,20,Cyprus to Give EU Journalists Free Bank Accounts -The incoming presidency giving journalists the offshore accounts to defend the island's reputation as a tax haven ,euobserver.com,http://euobserver.com/9/115769
2012-04-01,19:36:33,rns3u,16,Labour 'failed to connect with Asians in Bradford' - The party failed to win over young Asian voters or Muslim women.  The  opposing party attracted many Asian voters because of its opposition to the Iraq war & call for troops immediate withdrawal from Afghanistan.,bbc.co.uk,http://www.bbc.co.uk/news/uk-politics-17576752
2012-04-01,02:50:13,rmllb,16,Libyan tribal clashes kill at least 147 people,guardian.co.uk,http://www.guardian.co.uk/world/2012/mar/31/libya-tribal-clashes-sabha-deaths
2012-04-01,06:51:37,rmw86,16,"India is darling of global defense firms:  India's military spending plan has arms merchants jockeying for a deal. Their only obstacles are political infighting, corruption and bureaucracy.",latimes.com,"http://www.latimes.com/news/nationworld/world/la-fg-india-weapons-20120331,0,3413735.story"
2012-04-01,22:53:59,rnwtd,16,Spain unveils 'most austere' Budget in democratic history,telegraph.co.uk,http://www.telegraph.co.uk/finance/financialcrisis/9176701/Spain-unveils-most-austere-Budget-in-democratic-history.html
2012-04-01,22:31:08,rnw36,16,Thousands in Hong Kong protest Beijing's perceived interference in the territory's recent chief executive election,reuters.com,http://www.reuters.com/article/2012/04/01/us-hongkong-protests-idUSBRE83007C20120401
2012-04-01,08:51:10,rn1fb,15,Canadian man released from Lebanese jail - held for a year for exporting rotten potatoes,hosted.ap.org,http://hosted.ap.org/dynamic/stories/C/CN_CANADA_LEBANON_PRISONER_RELEASE?SITE=FLTAM&SECTION=INTERNATIONAL&TEMPLATE=DEFAULT&CTIME=2012-03-31-19-02-36
2012-04-01,15:12:37,rnjjd,12,"Argentina on new campaign to win Falklands, 30 years after war -  Thirty years after its failed invasion, Buenos Aires seeks to force London into ceding control of archipelago.",washingtonpost.com,http://www.washingtonpost.com/world/the_americas/argentina-on-new-campaign-to-win-falklands-30-years-after-war/2012/03/31/gIQAGX6anS_story.html
