2012-10-26,07:01:15,12391q,3341,"Ashok Khemka, a bureaucrat in India, has been transferred out of his job 43 times because of his determination to follow the rules and whistleblowing. A senior career bureaucrat, he simply cannot tolerate corruption, and so, in every job he takes, he does his best to put a stop to it.",washingtonpost.com,http://www.washingtonpost.com/world/indian-bureaucrat-hounded-out-of-office-43-times-for-fighting-graft/2012/10/22/b2f61884-1949-11e2-aa6f-3b636fecb829_story.html
2012-10-26,02:16:56,122p01,2805,"North Korean army minister executed with mortar round. ""Kim Chol was forced to stand on a spot that had been zeroed in for a mortar round and ""obliterated.""",telegraph.co.uk,http://www.telegraph.co.uk/news/worldnews/asia/northkorea/9630509/North-Korean-army-minister-executed-with-mortar-round.html
2012-10-26,18:18:12,1246xz,1257,"The U.K. thinks a strike on Iran would be illegal, denies U.S. access to its bases",washingtonpost.com,http://www.washingtonpost.com/blogs/worldviews/wp/2012/10/25/the-u-k-thinks-a-strike-on-iran-would-be-illegal-denies-u-s-access-to-its-bases/
2012-10-26,07:02:44,12395w,640,"Opinion poll shows 43% of French people see Islam as a 'threat' to national identity, with two-thirds saying Muslims are poorly integrated into society",france24.com,http://www.france24.com/en/20121025-france-muslim-opinion-poll-survey-exposes-french-anxieties-over-islam-mosque-far-right
2012-10-26,09:59:49,123kn0,614,British ExxonMobil oil chief 'assassinated' in Brussels street  - Telegraph,telegraph.co.uk,http://www.telegraph.co.uk/news/worldnews/europe/belgium/9634530/British-ExxonMobil-oil-chief-assassinated-in-Brussels-street.html
2012-10-26,22:01:57,124diq,493,"""Hitler told senior Nazis that 'everyone has lied to me, everyone has deceived me' just eight days before he killed himself in his bunker, according to newly disclosed documents.""",telegraph.co.uk,http://www.telegraph.co.uk/history/9634647/Everyone-lied-to-me-Hitlers-rant-in-bunker.html
2012-10-26,03:48:14,122vfo,393,China Outraged Over Picture of Teacher Hurting Pupil - Police detain 2 teachers after photo  circulates online showing one of them lifting a pupil by his ears,bbc.co.uk,http://www.bbc.co.uk/news/world-asia-china-20079318
2012-10-26,04:02:38,122weo,288,Britain rejects US request to use UK bases in nuclear standoff with Iran,guardian.co.uk,http://www.guardian.co.uk/world/2012/oct/25/uk-reject-us-request-bases-iran
2012-10-26,07:36:46,123bet,264,What Sex Means for World Peace - The evidence is clear: The best predictor of a state's stability is how its women are treated.,foreignpolicy.com,http://www.foreignpolicy.com/articles/2012/04/24/what_sex_means_for_world_peace?wpisrc=obnetwork
2012-10-26,23:48:43,124isx,268,"A victory for self-defence, but only a partial one: After 15 months in legal limbo, a Toronto man who defended himself and his loved ones is a free man. Moses Mahilal stabbed an intruder in his home with a kitchen knife.. and was charged with aggravated assault",fullcomment.nationalpost.com,http://fullcomment.nationalpost.com/2012/10/25/matt-gurney-a-victory-for-self-defence-but-only-a-partial-one/
2012-10-26,21:22:40,124c0a,260,"Through Her Sister's Eyes -- ""This seemingly magical ability -- to see through each other's eyes, to feel what the other experiences, perhaps even to share thoughts -- has stunned neurologists and makes these tiny girls unique in the world.""",vancouversun.com,http://www.vancouversun.com/news/metro/Through+sister+eyes+Conjoined+twins+Tatiana+Krista+were/7449226/story.html
2012-10-26,19:07:55,12486o,173,New York Times blocked by China after report on wealth of Wen Jiabao's family.,guardian.co.uk,http://www.guardian.co.uk/world/2012/oct/26/new-york-times-china-wen-jiabao
2012-10-26,23:39:24,124iaz,164,"President Vladimir Putin flatly rejected on Thursday Western criticism of the imprisonment of the Pussy Riot punk protest band, saying its three female members deserved their fate because they threatened the moral foundations of Russia.


",reuters.com,http://www.reuters.com/article/2012/10/25/us-russia-putin-idUSBRE89O1IV20121025
2012-10-26,14:14:24,123z8a,136,"New York Times blocked in China over Wen Jiabao wealth revelations. Unwelcome revelations about wealth of family of Chinese premier, known for his humble background and populist appeal",guardian.co.uk,http://www.guardian.co.uk/world/2012/oct/26/wen-jiabao-wealth-new-york-times
2012-10-26,15:05:33,1241da,137,Billions in Hidden Riches for Family of Chinese Leader,nytimes.com,http://www.nytimes.com/2012/10/26/business/global/family-of-wen-jiabao-holds-a-hidden-fortune-in-china.html?pagewanted=1&hp&_r=0
2012-10-26,16:41:44,1244kh,124,Suicide bomber kills 20 in Afghan mosque ,thehindu.com,http://www.thehindu.com/news/international/suicide-bomber-kills-20-in-afghan-mosque/article4034005.ece?homepage=true
2012-10-26,02:37:53,122qel,112,What Are the Odds That Israel Just Attacked Sudan? - Armin Rosen - The Atlantic,theatlantic.com,http://www.theatlantic.com/international/archive/2012/10/what-are-the-odds-that-israel-just-attacked-sudan/264082/
2012-10-26,22:56:36,124g09,103,"Ben Goldacre: Closed drug trials leave patients at risk and doctors in the dark: Drug companies can hide information about their drugs from doctors and patients, perfectly legally, with the help of regulators ",telegraph.co.uk,http://www.telegraph.co.uk/health/healthnews/9633402/Closed-drug-trials-leave-patients-at-risk-and-doctors-in-the-dark.html
2012-10-26,23:17:05,124h1a,72,Former Italian Prime Minister Silvio Berlusconi sentenced to 4 years in jail in tax fraud trial.,boston.com,http://www.boston.com/news/world/europe/2012/10/26/silvio-berlusconi-faces-verdict-tax-fraud-case/bKSEPSnpinoJULwg3yxIgO/story.html
2012-10-26,23:16:14,124gzq,60,"Milan court convicts Berlusconi of tax evasion, gives 4-year sentence",cnbc.com,http://www.cnbc.com/id/49568357
2012-10-26,02:42:25,122qqo,58,UN to investigate civilian deaths from US drone strikes. Special rapporteur on counter-terror operations condemns Barack Obama's failure to establish effective monitoring process,guardian.co.uk,http://www.guardian.co.uk/world/2012/oct/25/un-inquiry-us-drone-strikes
2012-10-26,21:41:15,124cpd,57,Malala's parents overjoyed after first visit in UK hospital ,cnn.com,http://www.cnn.com/2012/10/26/world/europe/uk-pakistan-teen-activist/index.html?hpt=wo_c1
2012-10-26,23:08:06,124gla,61,The British government opposed the establishment of the Nuremberg war crimes tribunals at the end of the WWll because it wanted selected Nazi leaders to be summarily executed and others to be imprisoned without trial,guardian.co.uk,http://www.guardian.co.uk/world/2012/oct/26/britain-execution-nuremberg-nazi-leaders
2012-10-26,02:56:58,122rtx,58,"Hundreds of homes burned and gunfire rang out as sectarian violence raged for a fifth day between Rohingya Muslims and Buddhists in western Myanmar on Thursday, pushing the death toll to nearly 60 and testing the country's nascent democracy",reuters.com,http://www.reuters.com/article/2012/10/25/us-myanmar-violence-idUSBRE89O17620121025
2012-10-26,03:52:21,122vqg,55,"After the biggest double dip since WW2, the UK is officially out of recession",independent.co.uk,http://www.independent.co.uk/news/business/news/britain-bounces-back-from-doubledip-recession-but-experts-urge-caution-over-gdp-figures-8225725.html
2012-10-26,05:20:15,1231u3,56,Britain rejects US request to use UK bases in nuclear standoff with Iran | World news | The Guardian,guardian.co.uk,http://www.guardian.co.uk/world/2012/oct/25/uk-reject-us-request-bases-iran?CMP=twt_gu
2012-10-26,21:19:37,124bvz,51,"The father of Malala Yousafzai, the Pakistani schoolgirl activist shot by the Taliban, has said his daughter is safe in the UK",bbc.co.uk,http://www.bbc.co.uk/news/world-asia-20093945
2012-10-26,08:37:30,123fc1,37,UK: Hearing into CIA drones would dent US ties ,news.yahoo.com,http://news.yahoo.com/uk-hearing-cia-drones-dent-us-ties-132438491.html
2012-10-26,19:54:59,1249dr,35,Was Margaret Thatcher's Top Aide Peter Morrison in Paedophile Ring?,ibtimes.co.uk,http://www.ibtimes.co.uk/articles/397824/20121024/tom-watson-child-sex-ring-sire-peter.htm
2012-10-26,07:02:41,12395r,34,"[Washington Post] The U.K. thinks a strike on Iran would be illegal, denies U.S. access to its bases",washingtonpost.com,http://www.washingtonpost.com/blogs/worldviews/wp/2012/10/25/the-u-k-thinks-a-strike-on-iran-would-be-illegal-denies-u-s-access-to-its-bases/?wprss=rss_world
