2012-01-02,00:06:36,nymti,1458,A seven-year-old Indian girl was murdered in a tribal sacrifice and her liver offered to the gods to improve crop growth,news.yahoo.com,http://news.yahoo.com/child-sacrificed-liver-offered-gods-indian-police-074513654.html
2012-01-02,11:35:33,nzbnz,1311,1500 have died of floods in the Phillipines in more than a week,aljazeera.com,http://www.aljazeera.com/news/asia-pacific/2011/12/2011122752635220496.html
2012-01-02,21:51:34,nzrhj,806,"Website Blocking Law Implemented By New Spanish Govt: Previously legal sites may be blocked by ISPs or shut down completely, all within 10 days of a rightsholder complaint",torrentfreak.com,https://torrentfreak.com/website-blocking-law-implemented-by-new-spanish-government-120102/
2012-01-02,19:18:37,nzosu,350,"'Ambulance' Drivers Saving Dying Koalas Fed Up With Being Abused by & Having Trucks Trashed  - ""There's no respect any more."" A rescuer was threatened while trying to save a koala hit by a car.  ""He kept saying 'just leave the f***er to die',"" says rescue service founder.











",smh.com.au,http://www.smh.com.au/queensland/teens-thieves-and-the-abusive-target-koala-service-20120102-1phlk.html
2012-01-02,19:13:38,nzopu,317,How the Brazilian government and environmentalists have drastically reduced the destruction of the Amazon ,bbc.in,http://bbc.in/rxIyV5
2012-01-02,15:41:09,nzk6w,316,"One of China's best known dissidents, missing for 20 months, is now said to be in a Xinjiang prison - Gao Zhisheng, an attorney who's defended activists & religious minorities, is an outspoken critic of the Chinese government",bbc.co.uk,http://www.bbc.co.uk/news/world-asia-china-16380915
2012-01-02,20:28:06,nzpyw,174,"It Keeps Getting Worse - Untested Fuel Additive Used in the Breast Implants That's Triggered a Worldwide Scare - 300,000- 400,000 women in 65 countries from Europe to Latin America have implants made by a French firm with the sub-standard gel.",heraldsun.com.au,http://www.heraldsun.com.au/news/breaking-news/fuel-additive-used-in-french-breast-implants-report/story-e6frf7jx-1226235135948
2012-01-02,14:40:53,nzid2,155,The Coming Collapse of China,foreignpolicy.com,http://www.foreignpolicy.com/articles/2011/12/29/the_coming_collapse_of_china_2012_edition?page=0%2C0#.TwFRWZuMd_4.reddit
2012-01-02,00:50:48,nynx8,102,The Syrians have lost their fear. Is it time for a no-fly zone?,independent.co.uk,http://www.independent.co.uk/opinion/commentators/paul-vallely-the-syrians-have-lost-their-fear-is-it-time-for-a-nofly-zone-6283700.html
2012-01-02,11:15:26,nzax5,96,"India’s drug trials fuel consent controversy, local subsidiaries of Novartis, Pfizer, Merck, Glaxo SmithKline and Boehringer Ingelheim had been running clinical trials on patients without any consent.",washingtonpost.com,http://www.washingtonpost.com/world/asia_pacific/indias-drug-trials-fuel-controversy/2011/12/01/gIQAAcCrUP_story.html
2012-01-02,01:33:54,nyp5d,95,"China's tomb raiders laying waste to thousands of years of history:  Bulldozers and dynamite used to strip priceless artefacts from remote sites, with booty sold on to wealthy collectors
",guardian.co.uk,http://www.guardian.co.uk/world/2012/jan/01/china-tomb-raiders-destroy-relics/
2012-01-02,23:25:30,nztqu,86,"The Sunni-Shia War --- The old history won’t go away. The danger is that Arab rulers start thinking that citizens cannot be loyal to the state unless they have exactly the same religious beliefs as their rulers.
",hurriyetdailynews.com,http://www.hurriyetdailynews.com/the-sunni-shia-war.aspx?pageID=449&nID=10481&NewsCatID=418
2012-01-03,07:01:28,o0bnx,78,"Like father, like son: North Korea's Kim Jong Un looking at things",photoblog.msnbc.msn.com,http://photoblog.msnbc.msn.com/_news/2012/../2012/01/02/9895315-like-father-like-son-kim-jong-un-looking-at-things
2012-01-02,22:15:55,nzs0k,69,"""Afghan President Hamid Karzai called for an investigation into the torture of a 15-year-old girl, who police say they rescued after she was locked in the basement of her in-laws' house, starved and her nails pulled out.""",cnn.com,http://www.cnn.com/2012/01/02/world/asia/afghan-girl-mistreatment/index.html
2012-01-02,09:23:04,nz6m2,62,Bahrain teenage protester's funeral sparks new unrest,bbc.co.uk,http://www.bbc.co.uk/news/world-middle-east-16380110
2012-01-03,00:06:26,nzuwv,54,"North Korea urges troops to be 'human bombs,' as Kim Jong-un visits tanks
",news.com.au,http://www.news.com.au/world/north-korea-urges-troops-to-be-human-bombs-as-kim-jong-eun-visits-tanks/story-e6frfkyi-1226234657365
2012-01-03,01:52:35,nzyk9,52,End of the pro-democracy pretense for Arab spring support,salon.com,http://www.salon.com/2012/01/02/end_of_the_pro_democracy_pretense/
2012-01-02,00:22:06,nyn7p,40,Two men were killed and 561 other people were wounded as Italians celebrated the New Year with massive displays of illegal and homemade fireworks,reuters.com,http://www.reuters.com/article/2012/01/01/oukoe-uk-italy-fireworks-idAFTRE80009220120101
2012-01-02,23:01:54,nzt49,36,"
Iran's dangerous trade game --- 
The anti-sanctions strategy relied on trade with Gulf states, but the UAE didn't play ball. Now Iran is meting out punishment",guardian.co.uk,http://www.guardian.co.uk/commentisfree/2012/jan/01/iran-dangerous-trade-game
2012-01-02,23:28:29,nztte,36,Weekly Attacks: Neo-Nazis Target Left Party Officials,spiegel.de,"http://www.spiegel.de/international/germany/0,1518,806719,00.html"
2012-01-02,14:22:56,nzhqa,36,The Race for Antarctica,realclearworld.com,http://www.realclearworld.com/articles/2012/01/01/the_race_for_antarctica_99820.html
2012-01-02,20:40:36,nzq6m,33,Police have found evidence that private investigators working for newspapers hacked into the email account of former Prime Minister Gordon Brown while he was finance minister,uk.reuters.com,http://uk.reuters.com/article/2012/01/02/uk-britain-brown-hacking-idUKTRE80109S20120102
2012-01-03,04:02:14,o03xe,20,"Mexico deports nearly 50,000 Central Americans",menafn.com,http://www.menafn.com/qn_news_story.asp?storyid={d4046620-6dfb-4f8b-99cf-5811573b490f}
2012-01-02,16:01:10,nzkou,14,"Stricken Cargo Ship Rena Split in Two by New Year Storm -  Oil sheens are coming from the bow & stern, with an unknown quantity of oil still on board. 2 more containers fell overboard & 9 are ""misplaced"". Rena is still stuck on the reef it struck Oct 6 in New Zealand's  pristine Bay of Plenty
",nzherald.co.nz,http://www.nzherald.co.nz/nz/news/article.cfm?c_id=1&objectid=10776357
2012-01-03,01:38:34,nzy0n,17,Iran currency plunges in value after sanctions,guardian.co.uk,http://www.guardian.co.uk/world/2012/jan/02/iran-currency-plunges-us-sanction
2012-01-02,23:01:32,nzt3s,15,"""French breast implant manufacturer PIP used an untested fuel additive in its now-banned implants that have triggered a worldwide scare, French radio station RTL reported Monday [2 January 2012].""",france24.com,http://www.france24.com/en/20120102-fuel-additive-used-french-breast-implants
2012-01-02,18:43:24,nzo5f,14,"Wildfire Destroys 30,000 Acres in Famed Chilean Park -  Israeli Tourist Questioned ",rte.ie,http://www.rte.ie/news/2012/0102/chile.html
2012-01-02,14:47:08,nziko,11,"Arab League Wants to Pull Syria Monitors, fears for their safety - NYTimes.com",nytimes.com,http://www.nytimes.com/2012/01/02/world/middleeast/arab-group-wants-to-pull-syria-monitors.html?_r=1
2012-01-02,18:36:14,nzo0r,11,Nigeria fury as fuel prices double after subsidy ends:  Ordinary Nigerians and trade unionists have condemned the government for withdrawing a fuel price subsidy which has led some petrol prices to double and many filling stations to stay shut.,bbc.co.uk,http://www.bbc.co.uk/news/world-africa-16382286
2012-01-03,04:37:09,o05gs,9,Workers claim abuse as China adds Zimbabwe to its scramble for Africa,guardian.co.uk,http://www.guardian.co.uk/world/2012/jan/02/china-zimbabwe-workers-abuse
