2012-12-03,21:55:20,14777f,3202,Internet Hangs in Balance as World Governments Meet in Secret,wired.com,http://www.wired.com/threatlevel/2012/12/itc-internet-meetings/
2012-12-03,14:09:05,146sa7,2799,France and Britain Are Reportedly Considering Pulling Their Ambassadors from Israel,theatlanticwire.com,http://www.theatlanticwire.com/global/2012/12/france-and-britain-are-reportedly-considering-pulling-their-ambassadors-israel/59536/
2012-12-03,01:03:19,145m2u,2512,Thousands attend anti-Nazi rally in Hungary to protest lawmaker’s call for screening of Jews,washingtonpost.com,http://www.washingtonpost.com/world/europe/thousands-attend-anti-nazi-rally-in-hungary-to-protest-lawmakers-call-for-screening-of-jews/2012/12/02/3a8a350a-3c9f-11e2-8a5c-473797be602c_story.html?tid=sm_btn_reddit
2012-12-03,22:37:17,147940,1699,"Germany says it will achieve a fully balanced budget across all layers of government this year thanks to a resilient economy, low unemployment, higher tax revenues and low borrowing costs",foxnews.com,http://www.foxnews.com/world/2012/12/03/germany-set-to-achieve-balanced-budget-this-year-across-all-layers-government/
2012-12-03,02:50:18,145rv6,1454,"Pirate Bay’s artist promotion platform – the Promo Bay website, despite being perfectly legal, is being blocked by several UK Internet service providers including BT, Virgin Media",paritynews.com,http://www.paritynews.com/web-news/item/500-the-promo-bay-blocked-by-uk-isps
2012-12-03,23:07:03,147ajl,627,Sweden summons Israeli ambassador over settlements,reuters.com,http://www.reuters.com/article/2012/12/03/us-palestinians-israel-ambassadors-swede-idUSBRE8B20GH20121203
2012-12-03,01:14:55,145mmr,448, Israel must explain 'targeting' journalists ,france24.com,http://www.france24.com/en/20121202-israel-must-explain-targeting-journalists
2012-12-03,05:59:39,1462fd,440,Japan threatens to shoot down North Korean rocket,abc.net.au,http://www.abc.net.au/news/2012-12-03/japan-threatens-to-shoot-down-north-korean-rocket/4403910
2012-12-03,23:17:27,147b19,369,"UK Home Secretary warns that those opposing plans to let police monitor all internet use are ""putting politics before people's lives"".",bbc.co.uk,http://www.bbc.co.uk/news/uk-politics-20579651
2012-12-03,02:39:31,145r94,315,‘Europe’s first gay-friendly mosque’ sparks controversy,france24.com,http://www.france24.com/en/20121202-paris-france-homosexual-gay-friendly-mosque-condemned-muslim-leaders
2012-12-03,20:13:01,1473r0,255,Bread that lasts for 60 days could cut food waste,bbc.co.uk,http://www.bbc.co.uk/news/science-environment-20540758
2012-12-03,22:14:35,147820,218,"""At the buttocks."" ""Thighs of a virgin."" South Africa's 'inappropriate' school name translations to be examined",guardian.co.uk,http://www.guardian.co.uk/world/2012/dec/03/south-africa-inappropriate-school-names
2012-12-03,10:58:52,146isv,175,China and the United States have held a joint military indoor war game to practice humanitarian rescue and disaster relief in case of an earthquake and consequent nuclear leaks,english.peopledaily.com.cn,http://english.peopledaily.com.cn/90786/8042272.html
2012-12-03,15:10:39,146uxg,160,First Sikh to guard Buckingham Palace- and in turban,ndtv.com,http://www.ndtv.com/article/world/first-sikh-to-guard-buckingham-palace-and-in-turban-300102?fb
2012-12-03,00:39:17,145kyw,162,Paraguayan peasant leader shot dead. Vidal Vega was among last surviving leaders of peasant movement whose land dispute led to president's downfall,guardian.co.uk,http://www.guardian.co.uk/world/2012/dec/02/paraguayan-peasant-leader-shot-dead?
2012-12-03,22:39:36,147983,145,"Israel Asking to Bomb Syria's Chemical Weapons - 
As concern grows over Syria's stockpile of chemical weapons, a new report suggests that one country is already figuring out how it intends to bomb them out of existence.",theatlanticwire.com,http://www.theatlanticwire.com/global/2012/12/israel-asking-bomb-syrias-chemical-weapons/59549/
2012-12-03,22:09:59,1477ua,139,Epic weekend-long traffic jam in Russia stretched 125 miles,cnn.com,http://www.cnn.com/2012/12/02/world/europe/russia-traffic/index.html?hpt=hp_t3
2012-12-03,21:09:27,1475fo,120,"Young Filipino Muslims and Christians are using the internet to try to end 40-year conflict that has killed 120,000 people",guardian.co.uk,http://www.guardian.co.uk/world/2012/dec/03/philippines-peace-technology
2012-12-03,23:26:41,147bjc,99,Immigration crackdown increases number of Canadians having citizenship revoked ,news.nationalpost.com,http://news.nationalpost.com/2012/12/02/immigration-fraud-crackdown-drastically-increases-the-number-of-canadians-having-their-citizenship-revoked/
2012-12-03,20:24:58,14742s,94,"Firms must pay their fair share of tax – this is war: A report by UK MPs on the tax dodges employed by multinationals is incendiary – and ought to unite politicians to act
",guardian.co.uk,http://www.guardian.co.uk/commentisfree/2012/dec/03/firms-fair-share-tax-war
2012-12-03,18:19:34,1470t0,84,"British official: U.K. may suspend trade agreements, recall ambassador over Israel settlement expansion",haaretz.com,http://www.haaretz.com/news/diplomacy-defense/british-official-u-k-may-suspend-trade-agreements-recall-ambassador-over-israel-settlement-expansion.premium-1.482121
2012-12-03,05:40:35,1461ev,79,"US software firm hacked for years after suing China
",theregister.co.uk,http://www.theregister.co.uk/2012/11/29/solid_oak_china_hacked_three_years/
2012-12-03,05:43:30,1461k4,63,"Emissions of Carbon Dioxide Hit Record in 2011, Researchers Say",nytimes.com,http://www.nytimes.com/2012/12/03/world/emissions-of-carbon-dioxide-hit-record-in-2011-researchers-say.html
2012-12-03,15:10:16,146uwy,63,Does it really matter if Iran got the Bomb?,walt.foreignpolicy.com,http://walt.foreignpolicy.com/posts/2012/11/30/the_mother_of_all_worst_case_assumptions_about_iran
2012-12-03,16:23:32,146xiw,55,Vietnamese children killed by mortar shell. Bomb left over from Vietnam war exploded killing four young children and injuring five other people,guardian.co.uk,http://www.guardian.co.uk/world/2012/dec/03/vietnamese-children-killed-mortar-shell?
2012-12-03,00:15:46,145jvw,30,Pacific nations alarmed by tuna overfishing. ,bigstory.ap.org,http://bigstory.ap.org/article/pacific-nations-alarmed-tuna-overfishing
2012-12-03,22:46:42,1479kk,30,"The Indian navy is prepared to deploy vessels to the South China Sea to protect India's oil interests there, the navy chief said on Monday amid growing international fears over the potential for naval clashes in the disputed region.
",in.reuters.com,http://in.reuters.com/article/2012/12/03/south-china-sea-india-navy-oil-ongc-idINDEE8B209U20121203
2012-12-03,05:26:07,1460lg,27,Shackleton's Antarctic Trip to Be Recreated,news.discovery.com,http://news.discovery.com/adventure/shackletons-antarctic-trip-to-be-recreated-121202.html
2012-12-03,02:47:02,145rot,25,Suspected Islamists kill 10 Christians in northeast Nigeria,in.reuters.com,http://in.reuters.com/article/2012/12/02/nigeria-violence-christians-idINDEE8B107X20121202
2012-12-03,13:00:15,146p00,24,"UN Secretary General Ban Ki-moon calls 2-station solution nearly dead, as Israel bisects the west bank in a move aimed at eventually annexing all of Arab East Jerusalem ",haaretz.com,http://www.haaretz.com/news/diplomacy-defense/un-chief-israel-s-construction-plans-fatal-blow-to-two-state-solution-1.481947
