2012-03-27,19:07:45,rfo3l,2133,James Cameron releases the first ever video footage of the bottom of the Mariana Trench - seven miles below the ocean's surface.,telegraph.co.uk,http://www.telegraph.co.uk/earth/earthvideo/9168817/James-Camerons-first-footage-from-the-deep.html
2012-03-27,11:01:22,rf77h,1680,"10,000 People Sign Petition to Honor Alan Turing by Putting Him on the £10 Note:  Just last month the government there refused to pardon him for the crime of ""moral turpitude,"" that is, that he was gay.",theatlantic.com,http://www.theatlantic.com/technology/archive/2012/03/10-000-people-sign-petition-to-honor-alan-turing-by-putting-him-on-the-10-note/254988/
2012-03-27,05:21:53,repcz,978,"Global Warming Close to Becoming Irreversible - The world is close to reaching tipping points that will make it irreversibly hotter, making this decade critical in efforts to contain global warming, scientists warned on Monday.",scientificamerican.com,http://www.scientificamerican.com/article.cfm?id=global-warming-close-to-becoming-ir
2012-03-27,19:36:30,rfops,963,11 suicide vests found at Afghan military HQ,cbsnews.com,http://www.cbsnews.com/8301-503543_162-57405020-503543/11-suicide-vests-found-at-afghan-military-hq/
2012-03-27,21:18:38,rfr1y,480,Australia bans Chinese  technology giant Huawei from bidding to help build a nationwide high-speed Internet network due to concern about cyber attacks traced to China,ctv.ca,http://www.ctv.ca/generic/generated/static/business/article2381651.html
2012-03-27,06:02:46,rerma,437,"Why the Right to Water Is Under Attack - 
World leaders are trying to roll back momentum that would instill the right to water as an essential human right",alternet.org,http://www.alternet.org/water/154697/why_the_right_to_water_is_under_attack_?page=entire
2012-03-27,21:15:25,rfqza,350,Al Jazeera has received a video of the murderous rampage in southwest France and is now considering whether to air it over the objections of President Nicolas Sarkozy.,nytimes.com,http://www.nytimes.com/2012/03/28/world/europe/al-jazeera-receives-video-of-french-gunmans-rampage.html?_r=2&hp
2012-03-28,05:13:44,rgcqr,268,"EU Parliament not sending ACTA to ECJ, making a final decision right away",falkvinge.net,http://falkvinge.net/2012/03/27/acta-showdown-imminent-battle-stations-battle-stations/
2012-03-27,22:08:04,rfsj9,262,Al Jazeera not to air French killings video,aljazeera.com,http://www.aljazeera.com/news/europe/2012/03/20123271265948416.html
2012-03-27,22:15:29,rfsrp,212,"BP Oil Spill Seriously Harmed Deep-Sea Corals - Evidence ""compelling"" that explosion at Deepwater Horizon drilling rig in 2010 badly damaged colonies in the Gulf of Mexico ",guardian.co.uk,http://www.guardian.co.uk/environment/2012/mar/26/bp-oil-spill-deepwater-horizon
2012-03-27,21:28:47,rfrbt,201,Japan in Uproar Over Censorship of Emperor's Anti-Nuclear Speech,theatlantic.com,http://www.theatlantic.com/international/archive/2012/03/japan-in-uproar-over-censorship-of-emperors-anti-nuclear-speech/255025/
2012-03-27,23:10:22,rfuri,105,"New Australian Laws Target Wikileaks: ""New extradition law will make it easier for foreign governments to request extradition of Australians and a new spying law that broadens ASIO’s reach, which has been dubbed the WikiLeaks Amendment.""",newmatilda.com,http://newmatilda.com/2012/03/27/new-laws-target-wikileaks
2012-03-27,11:11:43,rf7ry,100,"WHO: The fight against new, antibiotic-resistant strains of tuberculosis has already been lost.",guardian.co.uk,http://www.guardian.co.uk/world/2012/mar/25/drug-resistant-strains-of-tb
2012-03-28,06:22:23,rggcq,90,"Is Human Impact Accelerating Out of Control? The conference has already declared that the Holocene Epoch is now over and that the Anthropocene -- in other words, the epoch when the impact of human activity will be clearly seen in the future in the geological record -- has already begun.",scientificamerican.com,http://www.scientificamerican.com/article.cfm?id=is-human-impact-accelerating-out-of-control
2012-03-27,12:53:00,rfczc,75,Japan goes off script at summit to slam North Korea,reuters.com,http://www.reuters.com/article/2012/03/27/us-nuclear-summit-idUSBRE82P01620120327
2012-03-27,23:10:58,rfusb,74,"Inequality: The deal’s off --- In much of Cuba it has become hard to find anyone under 40 with a good word to say for the system. “The young people here have nothing to do. They are desperate,”  | The Economist",economist.com,http://www.economist.com/node/21550421
2012-03-27,01:11:54,recoe,68,North Korea's dehumanizing treatment of its citizens is hiding in plain sight ,washingtonpost.com,http://www.washingtonpost.com/opinions/north-koreas-dehumanizing-treatment-of-its-citizens-is-hiding-in-plain-sight/2012/03/23/gIQAKE5eaS_story.html
2012-03-28,01:42:47,rg1nw,68,Study shows a 78% increase in executions worldwide.,aljazeera.com,http://www.aljazeera.com/news/middleeast/2012/03/201232733426626915.html
2012-03-27,20:31:49,rfpxh,61,O2 forced to expose 'porn downloaders',telegraph.co.uk,http://www.telegraph.co.uk/technology/broadband/9168016/O2-forced-to-expose-porn-downloaders.html
2012-03-27,23:12:11,rfuts,66,Taiwan woman commits suicide while on Facebook,cbsnews.com,http://www.cbsnews.com/8301-202_162-57405058/taiwan-woman-commits-suicide-while-on-facebook/?tag=cbsnewsSectionContent.2
2012-03-27,16:15:06,rfkfz,53,Deepwater Horizon spill severely damaged deep-sea corals more than 11 kilometers from the well site,news.sciencemag.org,http://news.sciencemag.org/sciencenow/2012/03/frothy-gunk-from-deepwater-horiz.html
2012-03-27,22:46:29,rfttk,53,"""People seven miles away can see a gas cloud coming from the Total rig.""  The gas cloud encircled Total's leaking Elgin Franklin oil and gas platform in the North Sea following failed attempts to ""kill"" the leaking well.",uk.reuters.com,http://uk.reuters.com/article/2012/03/26/total-north-sea-emergency-idUKL6E8EQ6Q220120326
2012-03-27,20:51:52,rfqdv,50,Syrian government accepts Kofi Annan's 6-point peace plan,digitaljournal.com,http://www.digitaljournal.com/article/321910
2012-03-27,23:15:17,rfuxu,36,"Spanish copyright monopoly lobby Promusicae files lawsuit against reputable Professor Enrique Dans for “soiling their honor”, and demand €20,000 in damages",falkvinge.net,http://falkvinge.net/2012/03/27/copyright-monopoly-lobby-sues-reputable-professor-for-saying-theyre-a-monopoly/
2012-03-27,23:25:15,rfvcn,31,"Ireland's ISP Eircom's complete about-face: 'Not only did it come to a private agreement with the music industry to implement a 3 strikes-style regime, but now its asking other ISPs to join them in doing so.'",torrentfreak.com,https://torrentfreak.com/lonely-isp-wants-other-providers-to-disconnect-pirates-120327/
2012-03-27,20:55:04,rfqgy,32,"Brazilian Activists' Murders May be Linked to Land Dispute - 
Police investigate if shooting of 3 rural activists was linked to efforts to win land also contested by sugar mill owners",newspano.com,http://newspano.com/news/brazilian-activists-murders-may-be-linked-to-land-dispute
2012-03-27,05:52:09,rer13,30,BBC News - Murdoch firm used hacker site to target pay-TV rival.,bbc.co.uk,http://www.bbc.co.uk/news/uk-17494723
2012-03-27,23:16:27,rfuzr,23,Scottish paper publishes secret Lockerbie bombing report,guardian.co.uk,http://www.guardian.co.uk/media/greenslade/2012/mar/25/lockerbie-scotland
2012-03-27,06:37:50,retix,20,"Countries 'hoarding' crude oil, say analysts",bbc.co.uk,http://www.bbc.co.uk/news/business-17511050
2012-03-27,19:57:04,rfp5f,17,It’s World Whisky Day,bbc.co.uk,http://www.bbc.co.uk/news/uk-scotland-north-east-orkney-shetland-17515210
