2012-12-22,13:23:11,159o9z,2363,Man burnt to death by mob in front of the police for allegedly burning pages of Quran,tribune.com.pk,http://tribune.com.pk/story/482927/mob-justice-alleged-blasphemer-lynched--right-in-front-of-police/
2012-12-22,22:19:41,15a3nv,2322,70 percent of Germans oppose new law legalizing religiously motivated circumcision,spiegel.de,http://www.spiegel.de/politik/deutschland/studie-mehrheit-der-deutschen-gegen-beschneidungsgesetz-a-874473.html
2012-12-22,23:35:12,15a69t,1958,"Top Tory MP, who praised sanctity of marriage, had 11-year affair; he claimed marriage could only work ­between ""one man and one woman""",mirror.co.uk,http://www.mirror.co.uk/news/uk-news/bob-blackman-top-tory-mp-1492423
2012-12-22,20:33:56,15a0y5,711,Christian mob burns man alive after Nigeria church attack,modernghana.com,http://www.modernghana.com/news/426558/1/christian-mob-burns-man-alive-after-nigeria-church.html
2012-12-22,13:40:53,159p4u,461,Russia closes paper after journalists laugh at Vladimir Putin  ,independent.co.uk,http://www.independent.co.uk/news/world/europe/chechnya-russia-closes-paper-after-journalists-laugh-at-vladimir-putin-8429544.html
2012-12-22,22:58:01,15a4w8,419,Guyana to get $45M from Norway for saving forest,miamiherald.com,http://www.miamiherald.com/2012/12/22/3153395_guyana-to-get-45m-from-norway.html#storylink=addthis
2012-12-22,04:50:39,158ve7,327,Syrian rebels fire at civilian airliner,english.al-akhbar.com,http://english.al-akhbar.com/content/syrian-rebels-fire-civilian-airliner
2012-12-22,20:15:03,15a0j9,319,German Family Minister Slammed for Suggesting God Has No Gender - SPIEGEL ONLINE,spiegel.de,http://www.spiegel.de/international/germany/german-family-minister-slammed-for-suggesting-god-has-no-gender-a-874316.html
2012-12-22,23:15:55,15a5jl,246,"Fortress in the Sky: 
Buried Christian Empire Casts New Light on Early Islam - 

Archeologists are studying the ruins of a buried Christian empire in the highlands of Yemen. The sites spark questions about the early history of Islam. Was there once a church in Mecca? ",spiegel.de,http://www.spiegel.de/international/world/buried-christian-empire-in-yemen-casts-new-light-on-early-islam-a-874048.html
2012-12-22,15:44:34,159u4f,209,"Delhi, India :  Police fire tear gas shells, lathi-charge at people protesting against the gang-rape of a young Delhi woman",zeenews.india.com,http://zeenews.india.com/news/delhi/delhi-gang-rape-protests-live-police-fire-tear-gas-shells-lathi-charge-protesters_818226.html
2012-12-22,16:23:07,159vb2,201,"Delhi gang-rape case could be turning point for India's rape laws:  

India is considering a fast-track court process to expedite rape cases and step up punishment for sexual violence on the heels of the bus rape incident that spurred outrage across India.",csmonitor.com,http://www.csmonitor.com/World/Asia-South-Central/2012/1221/Delhi-gang-rape-case-could-be-turning-point-for-India-s-rape-laws-video
2012-12-22,22:14:38,15a3ii,190,"More than 20,000 people have disappeared in Mexico over the past six years of a brutal crackdown on drugs during the government of former president Felipe Calderon",rawstory.com,http://www.rawstory.com/rs/2012/12/22/drug-war-leaves-20000-missing-people-in-mexico-report/
2012-12-22,07:41:01,1595xs,147,Assange to publish 'million more files' ,aljazeera.com,http://www.aljazeera.com/news/europe/2012/12/201212215173684881.html
2012-12-22,01:14:25,158gz4,125,"UN peacekeeping helicopter shot down in South Sudan, all four crew members dead",reuters.com,http://www.reuters.com/article/2012/12/21/southsudan-un-idUSL1E8NL6TS20121221
2012-12-22,03:49:41,158rfd,108,Cameron Backs Plans to Protect Children With 'Radical' New Web Porn Filters,ibtimes.co.uk,http://www.ibtimes.co.uk/articles/417136/20121220/cameron-radical-internet-porn-filter-plans.htm
2012-12-22,23:12:41,15a5fe,106,Cameroon army to take on machine-gun-toting elephant poachers,worldnews.nbcnews.com,http://worldnews.nbcnews.com/_news/2012/12/22/16087866-cameroon-army-to-take-on-machine-gun-toting-elephant-poachers?lite
2012-12-22,22:40:03,15a4ah,100,"What happened when a travel writer flew to Iran with no tourist visa or return flight, ""the Iranian official let him in.""",washingtonpost.com,http://www.washingtonpost.com/blogs/worldviews/wp/2012/12/20/what-happened-when-a-travel-writer-flew-to-iran-with-no-tourist-visa-or-return-flight/
2012-12-22,22:44:21,15a4ff,104,"Hunt for Argentina's Grandchildren Stolen Years Ago - During military dictatorship, women were abducted & killed for leftist views. Those pregnant were kept alive until giving birth, their children adopted & given false IDs to ensure they didn't grow up with same views as mothers.",csmonitor.com,http://www.csmonitor.com/World/Making-a-difference/2012/1221/Estela-de-Carlotto-hunts-for-Argentina-s-grandchildren-stolen-decades-ago-video?nav=87-frontpage-entryInsideMonitor?1
2012-12-22,10:34:40,159ffr,75, UN helicopter shot down in South Sudan ,aljazeera.com,http://www.aljazeera.com/news/africa/2012/12/20121221173421145463.html
2012-12-22,11:16:10,159hj0,72,Mexico Frees Ex-Marine Jailed for Bringing in Gun,abcnews.go.com,http://abcnews.go.com/International/wireStory/marine-jailed-mexico-released-18037349
2012-12-22,08:46:33,1599ki,35,United States citizen detained in North Korea,m.voanews.com,http://m.voanews.com/1569493.html
2012-12-22,01:52:30,158jpr,33,CD ripping to be permitted following UK copyright reform,zdnet.com,http://www.zdnet.com/uk/cd-ripping-to-be-permitted-following-uk-copyright-reform-7000009127/
2012-12-22,04:27:53,158txr,31,Italian PM Monti resigns after 13 months in office ,theglobeandmail.com,http://www.theglobeandmail.com/news/world/italian-pm-monti-resigns-after-13-months-in-office/article6647610/
2012-12-22,19:04:13,159z30,35,Israel: Soldiers Wound 5 Palestinians in Gaza,nytimes.com,http://www.nytimes.com/2012/12/22/world/middleeast/israel-troops-wound-5-palestinians-in-gaza.html
2012-12-22,02:00:39,158k8d,30,"Armed Islamic  Extremists Kill Yemen Woman in Alcohol Raid -  They raided several homes whose owners allegedly have alcoholic drinks. Over 10 armed men on motorbikes stormed 3 houses.
Owners fled except the woman who the gunmen shot dead before driving off.",google.com,http://www.google.com/hostednews/afp/article/ALeqM5jOs-PE04mJ3OkiZW0pPuJfF_armg?docId=CNG.12566e2712dbf8b2a80761357f391324.931
2012-12-22,02:09:14,158kvf,28,South Sudan army 'shoots down UN helicopter' - 4 people killed,bbc.co.uk,http://www.bbc.co.uk/news/world-africa-20819468
2012-12-22,15:09:17,159swt,18,Murdoch’s News Corp publishing arm lost $2.1bn last year,telegraph.co.uk,http://www.telegraph.co.uk/finance/newsbysector/mediatechnologyandtelecoms/media/9761079/News-Corp-publishing-arm-lost-2.1bn.html
2012-12-22,00:54:22,158fhr,18,"Supermarket looting spreads, 2 killed in Rosario, 100 arrested in Campana - BuenosAiresHerald - Argentina",buenosairesherald.com,http://www.buenosairesherald.com/article/119968/supermarket-looting-spreads-2-killed-in-rosario-100-arrested-in-campana
2012-12-22,06:15:00,1590tf,17,"Japan's Next Leader Wants Freer Rein For Military: Shinzo Abe ""has vowed a fundamental review of Japan's taboo-ridden postwar security policies and proposed ideas that range from changing the name of the military -- now called the Japan Self-Defense Forces -- to revising the constitution itself.""",seattlepi.com,http://www.seattlepi.com/news/world/article/Japan-s-next-leader-wants-freer-rein-for-military-4136936.php
2012-12-22,13:00:27,159n4t,15,"London museum uncovers century-old recordings of family's holidays:  More than 100 years ago, a London family man decided he wanted to record his family's holiday get-togethers, recorded audio on wax cylinders. Amazingly, those cylinders survived and are now in a London museum.",pri.org,http://www.pri.org/stories/arts-entertainment/london-museum-uncovers-century-old-recordings-of-family-s-holidays-12450.html
