2012-08-31,18:26:59,z4lxd,2415,"World's richest woman says poor should have less fun, work harder",latimes.com,"http://www.latimes.com/business/money/la-fi-mo-richest-woman-20120830,0,3323996.story?track=rss"
2012-08-31,11:55:16,z45tc,2087,"Gay man gets 'maternity' leave in Brazil:  Brazil’s social security agency has, for the first time, given a four-month ""maternity"" leave to a gay man so that he can care for his adopted child.
",globalpost.com,http://www.globalpost.com/dispatch/news/regions/americas/brazil/120830/gay-man-gets-maternity-leave-brazil
2012-08-31,02:23:03,z34ek,562,Norway writes down 90% of populations mortgage debt,truedemocracyparty.net,http://truedemocracyparty.net/2012/04/case-for-mortgage-debt-forgiveness/
2012-08-31,01:44:26,z31x3,513,"Over 100,000 people demand that Peter Sunde, former spokesperson of The Pirate Bay, be pardoned from his sham verdict by the Swedish Administration",falkvinge.net,http://falkvinge.net/2012/08/30/100k-people-demand-pardon-for-peter-sunde-of-the-pirate-bay/
2012-08-31,12:01:20,z467p,223,Police probing Quebec maple syrup heist worth up to $30-million,theglobeandmail.com,http://www.theglobeandmail.com/news/national/police-probing-quebec-maple-syrup-heist-worth-up-to-30-million/article4510740/
2012-08-31,08:42:25,z3tum,221,"Drone-Tracking App Gets No Traction From Apple: For the third time in a month, Apple has rejected a proposed app that tracks American drone strikes. The company says the app is ""objectionable and crude""; the developer says he wants to encourage more dialogue about drone attacks.",npr.org,http://www.npr.org/blogs/alltechconsidered/2012/08/30/160328600/drone-tracking-app-gets-no-traction-from-apple
2012-08-31,02:37:25,z35db,184,"‘Drink Less, Work More’, Aussie Billionaire Tells Non-Rich",cnbc.com,http://www.cnbc.com/id/48842456
2012-08-31,06:43:12,z3m80,166,Deadly Tuberculosis now drug resistant,scientificamerican.com,http://www.scientificamerican.com/article.cfm?id=resistance-to-backup-tube
2012-08-31,21:39:46,z4rtg,163,Julian Assange: I could stay in Ecuadorean embassy for a year -- WikiLeaks founder believes case against him will be dropped as William Hague admits 'solution is not in sight' to extradition row,guardian.co.uk,http://www.guardian.co.uk/media/2012/aug/31/julian-assange-ecuadorean-embassy-year
2012-08-31,13:51:50,z4chd,129,"Food prices jump 10% in July and are expected to keep rising. The countries most affected are the poorest, which are not only the most food insecure but also experiencing the sharpest increases",bbc.co.uk,http://www.bbc.co.uk/news/world-19431890
2012-08-31,01:41:42,z31qr,126,The women of the African country of Togo might be the first to try to bring down a dictator by staging a sex strike.,cnn.com,http://www.cnn.com/2012/08/29/opinion/ghitis-sex-strikes/index.html
2012-08-31,17:04:43,z4js2,109,'Blind faith' in DNA test led innocent man to be jailed for murder,bbc.co.uk,http://www.bbc.co.uk/news/science-environment-19412819
2012-08-31,22:16:54,z4tfw,106,7.9 earthquake in Philippines,reuters.com,http://www.reuters.com/article/2012/08/31/us-quake-philippines-idUSBRE87U0L720120831
2012-08-31,09:20:59,z3w6r,87,Americans Shot in Mexico Were C.I.A. Operatives Aiding in Drug War,nytimes.com,http://www.nytimes.com/2012/08/29/world/americas/americans-shot-in-mexico-were-cia-operatives.html?_r=2
2012-08-31,22:30:08,z4u3f,71,Chaos as Strikes Ground Planes at Frankfurt Airport:  Lufthansa flight attendants walked off the job for eight hours on Friday resulting in over 200 flight cancellations and a temporary ban on incoming flights into Germany's biggest airport. The labor dispute will likely result in more strikes soon.,spiegel.de,http://www.spiegel.de/international/germany/frankfurt-airport-ceased-taking-flights-friday-following-strike-chaos-a-853208.html
2012-08-31,15:59:59,z4ht1,67,"FinSpy, A Software Meant to Fight Crime Is Used to Spy on Dissidents. Two researchers say an off-the-shelf computer program has been used to monitor and spy on dissidents in countries around the world",nytimes.com,http://www.nytimes.com/2012/08/31/technology/finspy-software-is-tracking-political-dissidents.html?smid=re-share
2012-08-31,10:33:25,z40jd,43,A fisherman found the oldest message in a bottle at sea. The previous record holder was found by the same boat.,news.yahoo.com,http://news.yahoo.com/blogs/sideshow/98-old-message-bottle-sets-world-record-005350603.html
2012-08-31,19:31:21,z4no9,37,Russia plans to build sea based missile shield,washingtonpost.com,http://www.washingtonpost.com/world/europe/reports-russia-plans-naval-missile-defense-system-similar-to-us-aegis-radars/2012/08/31/3617d114-f33c-11e1-b74c-84ed55e0300b_story.html?hpid=z4
2012-08-31,02:25:39,z34l1,40,"UN nuclear agency confirms Iran has shrouded site, says its probe ‘significantly’ hampered",washingtonpost.com,http://www.washingtonpost.com/world/middle_east/un-nuclear-agency-to-circulate-report-detailing-irans-nuclear-progress/2012/08/30/c2e94f04-f2b6-11e1-b74c-84ed55e0300b_story.html?tid=sm_btn_reddit
2012-08-31,19:38:32,z4nvj,34,Eurozone unemployment at new high - BBC News,bbc.co.uk,http://www.bbc.co.uk/news/business-19434612
2012-08-31,22:28:21,z4tzv,22,7.9 quake hits off Philippines - tsunami warning,news.blogs.cnn.com,http://news.blogs.cnn.com/2012/08/31/7-9-quake-hits-off-philippines/
2012-08-31,03:37:14,z39ix,21,Everything you need to know about the September 12 German court decision that could rock the entire world,ca.finance.yahoo.com,http://ca.finance.yahoo.com/news/everything-know-september-12-german-170000728.html
2012-08-31,20:27:41,z4p9v,21,"US, Israel responsible for Syria conflict: Iran",google.com,http://www.google.com/hostednews/afp/article/ALeqM5gCeWvRWhNmk7kvufhof9hgfY_MPw?docId=CNG.a1230254c7eeec91d8339b7f5b2953b1.231
2012-08-31,23:03:31,z4vs8,20,Iran: Persian interpreter tampers with Morsi's NAM speech to deflect criticism of Syria,ynetnews.com,"http://www.ynetnews.com/articles/0,7340,L-4275363,00.html"
2012-08-31,05:27:57,z3h36,19,Alarming levels of drug-resistant TB found worldwide ,vitals.nbcnews.com,http://vitals.nbcnews.com/_news/2012/08/30/13570171-alarming-levels-of-drug-resistant-tb-found-worldwide?lite
2012-08-31,16:54:45,z4jhd,18,"A Tokyo court has ruled Samsung hasn't infringed on an Apple patent, in the latest development in the legal battle between the two technology titans.


",news.com.au,http://www.news.com.au/business/breaking-news/samsung-wins-patent-ruling/story-e6frfkur-1226462583534
2012-09-01,00:10:46,z4zg8,20,South African Minister Attacks Use of Apartheid Law to Charge 270 Striking Miners with Murder for the Deaths of 34 Fellow Workers Shot by Police,businessweek.com,http://www.businessweek.com/news/2012-08-31/south-africa-charges-miners-with-murder-after-police-killings
2012-08-31,02:05:14,z33a3,17,U.N.'s Ban tells Iranian leaders to prove nuclear program peaceful,reuters.com,http://www.reuters.com/article/2012/08/29/us-iran-summit-un-idUSBRE87S0Y020120829
2012-09-01,00:35:50,z50ya,18,Woman's headless torso found near Niagara Falls - third Canadian case involving dismembered body parts in 2012,bbc.co.uk,http://www.bbc.co.uk/news/world-us-canada-19434950
2012-08-31,01:59:04,z32vb,14,Everything you know about China is wrong ,foreignpolicy.com,http://www.foreignpolicy.com/articles/2012/08/29/everything_you_think_you_know_about_china_is_wrong
