2012-05-27,19:19:49,u7551,2213,Teen Solves Newton’s 300-Year-Old Riddle - An Indian-born teenager who lives in Germany has  solved a mathematical problem posed by Sir Isaac Newton that's baffled mathematicians ever since,canada.com,http://www.canada.com/technology/Teen+solves+Newton+year+riddle/6685617/story.html
2012-05-27,00:04:28,u60vv,591,Canada eliminates entire marine pollution program,worldnews.msnbc.msn.com,http://worldnews.msnbc.msn.com/_news/2012/05/25/11880288-budget-cut-overkill-canada-axes-entire-marine-pollution-program?lite
2012-05-27,13:16:10,u6wfe,549,A 61-year-old German woman has been fined €800 for blowing a whistle down the telephone at a call-centre worker and damaging her hearing - after she got fed up with constant cold-calls to her house,thelocal.de,http://www.thelocal.de/society/20120522-42685.html
2012-05-27,02:03:36,u65bg,327,"Israeli settler shoots Palestinian in West Bank:
Some 25 Israeli settlers, some carrying guns, set fire to wheat fields in the Palestinian village of Orif, near the northern West Bank city of Nablus.",haaretz.com,http://www.haaretz.com/news/diplomacy-defense/israeli-settler-shoots-palestinian-in-west-bank-1.432743
2012-05-27,23:40:14,u7ano,204,Quebec passes new law that many say is intended to stifle protests by students; thousands rally in Montreal to protest it,aljazeera.com,http://www.aljazeera.com/news/americas/2012/05/20125277354376761.html
2012-05-27,15:33:09,u70t3,172,Brave Saudi woman confronts religious police trying to chastise her for having painted nails - then posts video online,dailymail.co.uk,http://www.dailymail.co.uk/news/article-2150230/Brave-Saudi-woman-confronts-religious-police-trying-chastise-having-painted-nails--posts-video-online.html
2012-05-27,14:13:45,u6ygt,111,"
Outrage Grows Over Syria Massacre - Western nations are pressing for a response to the massacre in the Syrian town of Houla, with the US calling for an end to what it called President Bashar al-Assad's ""rule by murder""",bbc.co.uk,http://www.bbc.co.uk/news/world-middle-east-18224559
2012-05-27,08:22:45,u6kzx,107,Afghan women leave the country in fear of Taliban return. The threat of a curtailment of women's rights prompts many to quit before the 2014 handover,guardian.co.uk,http://www.guardian.co.uk/world/2012/may/26/afghan-women-security-fears-inequality
2012-05-27,17:20:55,u732v,84,IMF chief tells Greeks to ‘pay their taxes’,france24.com,http://www.france24.com/en/20120526-imf-chief-greeks-pay-tax-christine-lagarde-eurozone-economy
2012-05-27,10:48:55,u6qm1,78,"Gorilla Areas Bombed by Congo Rebels -  Fighting in the central African state has reached the national park where a dwindling population of primates lives. Just over 800 gorillas remain in the world, with 210 living in the area.",independent.co.uk,http://www.independent.co.uk/environment/nature/gorilla-areas-bombed-by-congo-rebels-7791468.html
2012-05-27,21:26:00,u77gc,72,The definition of heroism- Man drowns rescuing two children,bbc.co.uk,http://www.bbc.co.uk/news/uk-england-sussex-18225871
2012-05-27,16:58:56,u72ov,72,BBC News - Nato air strike 'kills Afghan family',bbc.co.uk,http://www.bbc.co.uk/news/world-asia-18224875
2012-05-28,00:50:19,u7d44,67,BBC News - Bosnian couple 'enslaved German girl',bbc.co.uk,http://www.bbc.co.uk/news/world-europe-18228331
2012-05-27,07:19:59,u6ied,49,Sweden wins eurovision songcontest!,eurovision.tv,http://www.eurovision.tv/page/news?id=48793&_t=sweden_loreen_winner_of_melodifestivalen
2012-05-27,23:36:43,u7ajg,29,Syria Denies Responsibility for Massacre Near Homs,nytimes.com,https://www.nytimes.com/2012/05/28/world/middleeast/syria-denies-responsibility-in-brutal-attack.html
2012-05-27,06:36:04,u6gnu,24,"Riots Over Smelly Pig Plant Shut it Down  - Pigs started dying after locals blocked access.  Chili ordered it closed & the 500,000 surviving pigs removed to prevent health disaster. Removal is expected to take 6 months.


",pawnation.com,http://www.pawnation.com/2012/05/23/half-a-million-abandoned-pigs-in-chile/#page=1
2012-05-28,04:38:23,u7me2,14,"Manmohan Singh is beginning an official visit to Burma, the first by an Indian prime minister since 1987:  He will meet President Thein Sein and opposition leader Aung San Suu Kyi, whose mother once served as Burma's ambassador to India. ",bbc.co.uk,http://www.bbc.co.uk/news/world-asia-18225010
2012-05-27,15:02:48,u6zzc,13,Australia teen dies after YouTube 'Final Goodbye' video goes viral,worldnews.msnbc.msn.com,http://worldnews.msnbc.msn.com/_news/2012/05/27/11900666-australia-teen-dies-after-youtube-final-goodbye-video-goes-viral?lite
2012-05-27,09:27:08,u6nfq,13,"India-Burma Border Caught in Time Warp - Both sides are poor & underdeveloped, & awash with ethnic tribes who are often at conflict with the governments in Delhi and Nay Pyi Taw, part of the reason why the region is a hot-bed of insurgency",bbc.co.uk,http://www.bbc.co.uk/news/world-asia-india-18156861
2012-05-27,09:08:57,u6mr7,11,Syria 'massacre' raises pressure for international response,csmonitor.com,http://www.csmonitor.com/World/Middle-East/2012/0526/Syria-massacre-raises-pressure-for-international-response
2012-05-28,00:34:17,u7ci8,11,"Moscow police detain 40 as gay activists demand right to hold parade, face Christian protest",washingtonpost.com,http://www.washingtonpost.com/world/europe/moscow-police-detain-40-as-gay-activists-demand-right-to-hold-parade-face-christian-protest/2012/05/27/gJQArvQFuU_story.html
2012-05-27,21:15:40,u778i,9,Lady Gaga cancels Indonesia concert amid Muslim protest fears,entertainment.msnbc.msn.com,http://entertainment.msnbc.msn.com/_news/2012/05/27/11903199-lady-gaga-cancels-indonesia-concert-amid-muslim-protest-fears#.T8Ia4BdO7tQ.reddit
2012-05-27,03:34:46,u695i,10,Social media fuel Mexican youth protests,edition.cnn.com,http://edition.cnn.com/2012/05/24/world/americas/mexico-protests/index.html?iid=article_sidebar
2012-05-27,07:51:26,u6jpn,10,"Rebel Groups Merge in Mali, Agree on Islamic State - 
The 2 rebel groups that seized control of the northern half of Mali have agreed to fuse their movements & work together to create an independent Islamic state on the territory they occupy",news.yahoo.com,http://news.yahoo.com/rebel-groups-merge-mali-agree-islamic-state-215506999.html
2012-05-27,03:10:45,u683f,8,Center of gravity in oil world shifts to Americas ,washingtonpost.com,http://www.washingtonpost.com/world/the_americas/center-of-gravity-in-oil-world-shifts-to-americas/2012/05/25/gJQAjeuVqU_story.html?tid=pm_pop
2012-05-27,13:52:54,u6xpx,6,"Security Increased at GM Wheat Trial - Anti-GM group 'Take the Flour Back' vows to ""decontaminate"" the experimental crop in Hertfordshire unless it's halted. Local council counters,  ""Continuous trials have been under way there for over 160 years & are of international significance.""


",bbc.co.uk,http://www.bbc.co.uk/news/science-environment-18224637
2012-05-27,10:07:30,u6p0g,8,"Russian arms shipment en route to Syria, plans to unload its cargo in the port of Tartu",english.alarabiya.net,http://english.alarabiya.net/articles/2012/05/25/216504.html?PHPSESSID=9n92abd8u3k8utqf3dlbe9jio0
2012-05-27,08:06:13,u6kbq,6,Tunisia Salafists clash with police in Jendouba,bbc.co.uk,http://www.bbc.co.uk/news/world-africa-18222810
2012-05-28,00:53:10,u7d83,4,Syria faces condemnation after dozens of children killed,guardian.co.uk,http://www.guardian.co.uk/world/2012/may/27/syria-condemnation-violence-children
2012-05-27,06:55:54,u6hfe,6,"Chile Mine Destroys Peruvian Car - Travelers killed by landmine after crossing border. Chile planted 1000s along Peruvian border in 1970s.  Many were recently moved by rains. Periodic border tensions are from 19th Century War of the Pacific, when Chile took part of Peru & Bolivia's coastlines.",bbc.co.uk,http://www.bbc.co.uk/news/world-latin-america-18223274
