2012-06-20,04:24:24,vafrx,2666,Julian Assange flees: Seeks asylum in Ecuadorian embassy in London,guardian.co.uk,http://www.guardian.co.uk/media/2012/jun/19/julian-assange-wikileaks-asylum-ecuador
2012-06-20,22:58:50,vbtn0,1915,Med Student Rescues Body Part From Airport Security ,npr.org,https://www.npr.org/blogs/krulwich/2012/06/19/155301289/med-student-rescues-body-part-from-airport-security
2012-06-20,00:40:44,va2zj,1337,"""Alcohol consumption would fall 25% if cannabis cafes were allowed""

",guardian.co.uk,http://www.guardian.co.uk/science/2012/jun/19/david-nutt-alcohol-cannabis-cafes
2012-06-20,03:59:08,vae4e,368,Ecuador says Wikileaks founder Julian Assange is seeking asylum at its embassy in London - The Washington Post,washingtonpost.com,http://www.washingtonpost.com/world/the_americas/ecuador-says-wikileaks-founder-julian-assange-is-seeking-asylum-at-its-embassy-in-london/2012/06/19/gJQAOyENoV_story.html
2012-06-20,01:42:15,va6h2,219,"""100 scientific academies around the globe... report that if birthrates and overconsumption continue unabated, large-scale famine, drought, disease and war lie ahead...""",aljazeera.com,http://www.aljazeera.com/indepth/features/2012/06/20126191060849944.html
2012-06-20,05:38:59,vakd4,195,19 tons of marijuana dumped into the ocean near US/Mexico border,huffingtonpost.com,http://www.huffingtonpost.com/2012/06/19/19-tons-of-pot-dumped-at-sea_n_1609794.html
2012-06-20,20:04:02,vbnmw,184," Vannak Prum was forced to work on a Thai fishing boat for 3 yrs before escaping by jumping overboard.  Rogue captains buy men like Prum from traffickers & use them to plunder the fishing grounds of surrounding nations. One expert calls it ""a perfect storm of slavery & environmental degradation.""",npr.org,http://www.npr.org/2012/06/20/155048186/illegal-fishing-molotov-cocktails-a-daring-escape
2012-06-20,08:20:22,vatte,153,"Englishman calling religion a ""fairy tale for adults"" could be arrested, say police. Because he's an atheist, the police are telling him he could be arrested for the ""threatening"" message he put on his door ",bostonstandard.co.uk,http://www.bostonstandard.co.uk/news/local/update-police-now-issue-statement-on-boston-pensioner-s-religions-are-fairy-stories-poster-1-3962839
2012-06-20,11:31:20,vb43a,128,"Man Beheaded For Sorcery, Witchcraft In Saudi Arabia",ibtimes.com,http://www.ibtimes.com/articles/354044/20120619/man-executed-witchcraft-sorcery-beheaded-saudi-arabia.htm
2012-06-20,19:26:03,vbmq3,104,The real reason Julian Assange sought asylum,newstatesman.com,http://www.newstatesman.com/blogs/global-issues/2012/06/real-reason-julian-assange-sought-asylum
2012-06-20,19:30:29,vbmtq,85,Liberian effort to end female circumcision runs into fierce opposition,theglobeandmail.com,http://www.theglobeandmail.com/news/world/liberian-effort-to-end-female-circumcision-runs-into-opposition/article4353672/?cmpid=rss1&utm_source=feedburner&utm_medium=feed&utm_campaign=Feed%3A+TheGlobeAndMail-International+%28The+Globe+and+Mail+-+World+News%29&utm_content=Google+Reader
2012-06-20,18:43:16,vblpj,89,BBC News - 'Hostages held' in Toulouse bank,bbc.co.uk,http://www.bbc.co.uk/news/world-europe-18516934
2012-06-20,04:13:05,vaf1p,80,"Julian Assange Flees Extradition, Seeks Asylum From Ecuador",huffingtonpost.com,http://www.huffingtonpost.com/2012/06/19/julian-assange-asylum-ecuador_n_1609725.html
2012-06-20,23:31:43,vbva7,64,"Uganda to ban NGOs accused of promoting gay rights; A bill calling for harsh penalties against homosexuals and outlawing the ""promotion"" of homosexuality, including providing financial support to gays and lesbians, is pending in the east African country's parliament.",news.yahoo.com,http://news.yahoo.com/uganda-ban-ngos-accused-promoting-gay-rights-130152590.html
2012-06-20,19:30:13,vbmte,62,'Al-Qaida' gunman takes hostages in Toulouse bank,guardian.co.uk,http://www.guardian.co.uk/world/2012/jun/20/toulouse-hostage-bank-al-qaida
2012-06-20,12:46:48,vb8a8,51,Netherlands rejects bill banning kosher slaughter; Jewish groups claim victory: The bill was harshly criticized during the debate in the upper house for contradicting the constitutional right to freedom of religion and ritual observance of faith.,haaretz.com,http://www.haaretz.com/jewish-world/jewish-world-news/netherlands-rejects-bill-banning-kosher-slaughter-jewish-groups-claim-victory-1.439735?localLinksEnabled=false
2012-06-20,23:55:36,vbwjc,49,Ottawa airport wired with microphones as Border Services prepares to record travellers’ conversations,ottawacitizen.com,http://www.ottawacitizen.com/news/Ottawa%20airport%20wired%20with%20microphones%20Border%20Services/6788759/story.html
2012-06-21,06:50:47,vcm38,49,"Ex-Romania PM shoots self after court's sentence: Romania's prime minister says one of his predecessors has shot himself and was in the hospital, just hours after a court upheld the ex-premier's two-year prison sentence on corruption charges.",news.yahoo.com,http://news.yahoo.com/ex-romania-pm-shoots-self-courts-sentence-213521467.html
2012-06-20,12:59:56,vb8zm,41,"Thousands flee as typhoon heads for Tokyo:  A powerful typhoon has forced the evacuation of thousands of people in Japan, and the cancellation of hundreds of flights.",abc.net.au,http://www.abc.net.au/news/2012-06-20/thousands-flee-as-typhoon-heads-for-tokyo/4080676
2012-06-20,06:24:31,van3q,38,"Egypt's state news agency MENA reports former Egyptian President Hosni Mubarak is ""clinically dead."" ",cnn.com,http://www.cnn.com/2012/06/19/world/meast/egypt-mubarak/index.html?hpt=hp_t2
2012-06-20,20:27:38,vbo99,33,"""Ottawa has put the brakes on a high-tech eavesdropping program that would allow authorities to listen in on conversations taking place at border crossings and airports. Public Safety Minister Vic Toews asked the Canadian Border Services Agency to halt the contentious program on Tuesday""",ottawa.ctv.ca,http://ottawa.ctv.ca/servlet/an/local/CTVNews/20120619/cbsa-microphones-at-travel-hubs-initiative-120619/20120619/?hub=OttawaHome
2012-06-20,23:20:52,vbuq0,23,Unmanned drones being used to combat poachers in Nepal,telegraph.co.uk,http://www.telegraph.co.uk/news/worldnews/asia/nepal/9343444/Nepal-launches-drones-to-combat-poachers.html
2012-06-20,21:40:28,vbqhc,18,Deadly suicide attack hits Afghan city,aljazeera.com,http://www.aljazeera.com/news/asia/2012/06/201262095612298636.html
2012-06-20,07:29:30,vaqz5,19,"Legalizing Ecstasy Would Save Lives, Says a Canadian Health Officer",fullcomment.nationalpost.com,http://fullcomment.nationalpost.com/2012/06/15/jesse-kline-legalizing-ecstasy-would-save-lives/
2012-06-21,02:26:13,vc5gq,19,Romania sends ex-prime minister Nastase to jail for corruption - Yahoo! News,news.yahoo.com,http://news.yahoo.com/romania-sends-ex-prime-minister-nastase-jail-corruption-164900676.html
2012-06-20,19:37:51,vbmzn,18,China's Growing Citizen Blogger Army,wired.co.uk,http://www.wired.co.uk/news/archive/2012-06/20/high-tech-low-life
2012-06-20,08:32:30,vaufl,17,"Furious Greenpeace Moves to ""War Footing"" at Rio+20 - 
NGO director responds to weakened oceans proposals with promise of civil disobedience.  ""We have to ask ourselves what history teaches us of how change happens when humanity's faced a big challenge, such as civil rights, apartheid or slavery.""",guardian.co.uk,http://www.guardian.co.uk/environment/2012/jun/19/greenpeace-rio-20-civil-disobedience
2012-06-20,12:36:12,vb7py,14,"Powerful typhoon hits Japan, 150,000 ordered to evacuate",japantimes.co.jp,http://www.japantimes.co.jp/text/nn20120620a1.html#.T-FEMRzUOOU
2012-06-20,23:02:23,vbttq,17,Fukushima plant operator: We weren't prepared for nuclear accident,edition.cnn.com,http://edition.cnn.com/2012/06/20/world/asia/japan-fukushima-report/index.html
2012-06-20,23:25:15,vbuy5,15,"Iraq military beard edict stirs religion debate: Iraq has long allowed police and soldiers to wear beards to a certain length, but in April the interior ministry began ordering that they must be clean-shaven in the name of the ""public interest"".",news.yahoo.com,http://news.yahoo.com/iraq-military-beard-edict-stirs-religion-debate-140232768.html
