2012-04-30,20:59:59,szmd1,1981,UN adds Israel to the list list of states limiting human rights organizations,haaretz.com,http://www.haaretz.com/news/diplomacy-defense/israel-joins-un-list-of-states-limiting-human-rights-organizations-1.427184
2012-04-30,10:25:03,sz0de,1855,Australian billionaire to build Titanic II: An almost exact replica of the original,smh.com.au,http://www.smh.com.au/business/clive-palmer-plans-to-build-titanic-ii-20120430-1xtrc.html
2012-04-30,23:23:54,szr4h,1696,Five major UK internet service providers ordered to prevent users from accessing The Pirate Bay,bbc.co.uk,http://www.bbc.co.uk/news/technology-17894176
2012-04-30,03:20:59,syf7e,1066,"Obama signs off $192 million in aid to Palestinian Authority, after it was frozen by the US Congress ",google.com,http://www.google.com/hostednews/afp/article/ALeqM5gTn323p-w8BJzR8bo9T-tD1jN78A?docId=CNG.ca8bef17738db813c03c40c8f4ba1ed3.321
2012-04-30,11:33:21,sz3yv,792,"Vatican 'accepted one billion lire' to bury crime boss in basilica next to former popes
",belfasttelegraph.co.uk,http://www.belfasttelegraph.co.uk/news/world-news/vatican-accepted-one-billion-lire-to-bury-crime-boss-in-basilica-next-to-former-popes-16151795.html
2012-04-30,05:49:41,symce,532,"""Most Israeli citizens don't want a war with Iran""",guardian.co.uk,http://www.guardian.co.uk/commentisfree/2012/apr/29/israel-citizens-dont-want-war-iran
2012-04-30,22:09:53,szoea,457,China Shuts Down Coca Cola Plant After Whistleblower Reports Excess Chlorine,online.wsj.com,http://online.wsj.com/article/SB10001424052702303916904577375370450310902.html
2012-04-30,17:19:34,szhjk,101,China to loan South Sudan $8 billion to get started,aljazeera.com,http://www.aljazeera.com/news/africa/2012/04/20124297232096442.html
2012-05-01,04:06:46,t061h,42,"Most Israeli Citizens Don't Want a War with Iran - 
Binyamin Netanyahu & western hawks who seek an early strike are ignoring Israel's security experts & people",commondreams.org,http://www.commondreams.org/view/2012/04/30-4
2012-04-30,20:01:01,szky9,42,"""The French-led counter-attack and rumblings of revolt through every branch of the EU institutions last week have brought this aberrant phase of the eurozone crisis to an abrupt end. 'It's not for Germany to decide for the rest of Europe,' said François Hollande...Strong words even for the hustings""",telegraph.co.uk,http://www.telegraph.co.uk/finance/comment/ambroseevans_pritchard/9234926/Hollandes-Growth-Bloc-spells-end-of-German-hegemony-in-Europe.html
2012-04-30,21:41:39,sznk3,42,Montreal taxi hit and run caught on video,cbc.ca,http://www.cbc.ca/news/canada/montreal/story/2012/04/30/taxi-hit-and-run-video-montreal.html
2012-04-30,22:38:07,szpcu,37,Nigeria: 10 killed as motorcyclist suicide bomber targets police commissioner convoy  ,washingtonpost.com,http://www.washingtonpost.com/world/africa/explosion-strikes-nigerias-taraba-state-near-government-building-causing-injuries/2012/04/30/gIQAPj05qT_story.html
2012-04-30,10:27:33,sz0hc,30,Motorcycle washed up in B.C. may be Japanese tsunami debris,cbc.ca,http://www.cbc.ca/news/canada/british-columbia/story/2012/04/29/bc-tsunami-debris-harley.html
2012-04-30,03:27:49,syfhy,30,Tehran police in new dress code crackdown,english.alarabiya.net,http://english.alarabiya.net/articles/2012/04/28/210814.html
2012-04-30,13:46:42,szajk,30,"Kim Dotcom fights back, may bring down a Member of Parliament and former Mayor of Auckland for campaign donations.",nzherald.co.nz,http://www.nzherald.co.nz/nz/news/article.cfm?c_id=1&objectid=10802449
2012-04-30,15:41:03,szet9,25,"A former prostitute plans to sue the U.S. Embassy in Brazil, alleging that members of its security team in December threw her from a van and ran over her.",edition.cnn.com,http://edition.cnn.com/2012/04/27/world/americas/brazil-embassy-prostitution/index.html?hpt=ila_c2
2012-04-30,19:57:35,szkva,26,Ex-Libyan Oil Minister found dead in Austria-Body found in the Danube River - Police say there were no signs of external violence,aljazeera.com,http://www.aljazeera.com/news/europe/2012/04/201242918484367273.html
2012-04-30,08:01:39,sysw0,23,The Qatar Bubble - By Blake Hounshell | Foreign Policy,foreignpolicy.com,http://www.foreignpolicy.com/articles/2012/04/23/the_qatar_bubble?page=full#.T53HtAyZtlo.reddit
2012-04-30,22:38:28,szpdd,21,Pakistan Condemns U.S. Airstrike After Drone Ban,huffingtonpost.com,http://www.huffingtonpost.com/2012/04/30/pakistan-drone-ban_n_1463741.html
2012-04-30,11:28:09,sz3o9,21,"Mexican journalist found dead: Authorities believe Regina Martínez, who often wrote about drug cartels in Veracruz, was murdered",guardian.co.uk,http://www.guardian.co.uk/world/2012/apr/29/mexican-journalist-found-dead
2012-04-30,11:32:42,sz3x9,19,Solar power in India: Waiting for the sun -- Is the sun the answer to India’s energy problems?,economist.com,http://www.economist.com/node/21553480
2012-04-30,05:41:27,sylxr,18,Historic Rwandan genocide trial starts Monday in Ottawa,ottawacitizen.com,http://www.ottawacitizen.com/news/Historic+Rwandan+genocide+trial+starts+Monday+Ottawa/6537816/story.html
2012-04-30,19:05:10,szjrd,16,Israel begins building border wall with Lebanon,news.xinhuanet.com,http://news.xinhuanet.com/english/world/2012-04/30/c_131560998.htm
2012-04-30,02:13:10,syc4r,14,"Former Mossad chief backs Shin Bet counterpart over criticism of Netanyahu, Barak",haaretz.com,http://www.haaretz.com/news/diplomacy-defense/former-mossad-chief-backs-shin-bet-counterpart-over-criticism-of-netanyahu-barak-1.427153
2012-05-01,03:24:32,t03j3,13,"Russia's xenophobia problem:  Putin vows to tighten immigration laws to curb Russia's large waves of foreigners, but critics worry this will only make life more dangerous for illegal migrants.
",globalpost.com,http://www.globalpost.com/dispatch/news/regions/europe/russia/120427/russia-xenophobia-racism-putin-immigration-reform
2012-04-30,15:38:40,szeqp,11,S. Korea curbs U.S. beef sales after confirmation of mad cow disease - CNN.com,cnn.com,http://www.cnn.com/2012/04/25/health/california-mad-cow/index.html
2012-04-30,05:53:48,symje,9,Danish protester: 'No one would care if a Palestinian was hit with a rifle',guardian.co.uk,http://www.guardian.co.uk/world/2012/apr/20/danish-protester-hit-rifle-israeli-soldier
2012-05-01,07:15:25,t0h7o,10,3 Children Killed in Taliban-U.S. Cross-Fire,nytimes.com,http://www.nytimes.com/2012/05/01/world/asia/children-killed-in-taliban-united-states-crossfire.html
2012-04-30,06:14:19,synj3,12,Londoners shocked by Olympics missile possibility,cnn.com,http://www.cnn.com/2012/04/29/world/europe/uk-london-olympics-missiles/index.html?hpt=hp_t3
2012-04-30,02:14:46,syc79,9,'Messianic' Israeli leaders warned over Iran strike ,smh.com.au,http://www.smh.com.au/world/messianic-israeli-leaders-warned-over-iran-strike-20120429-1xswb.html
