2012-10-14,22:36:57,11gjz9,3775,Thousands rally for Pakistani girl shot by Taliban - ISLAMABAD -- Tens of thousands have rallied in Pakistan's largest city in support of a 14-year-old girl shot and critically wounded by the Taliban for promoting girls' education and criticizing the militant group.,miamiherald.com,http://www.miamiherald.com/2012/10/14/3049471/thousands-rally-for-pakistani.html
2012-10-14,08:58:50,11fr1u,1803,"Iraq records huge rise in birth defects, New study links increase with military action by Western forces

",independent.co.uk,http://www.independent.co.uk/life-style/health-and-families/health-news/iraq-records-huge-rise-in-birth-defects-8210444.html
2012-10-14,20:49:29,11gh4v,451,British producer faces 2 years in prison for play about gay challenges in Uganda ,edition.cnn.com,http://edition.cnn.com/2012/09/20/world/africa/uganda-gay-play-arrest/?iref=obinsite
2012-10-14,17:50:11,11gdcv,404,"China now eats twice as much meat as the United States and must rein in its appetite or face a food crisis, one of the country's leading farm experts has warned. ",telegraph.co.uk,http://www.telegraph.co.uk/news/worldnews/asia/china/9605048/China-now-eats-twice-as-much-meat-as-the-United-States.html
2012-10-14,22:48:52,11gkc2,402,"Swedish lunch lady gets to continue baking her own bread! The whole drama was a ""misunderstanding"".",thelocal.se,http://www.thelocal.se/43712/20121009/
2012-10-14,16:08:23,11gauk,367,"Brazil forces set for Rio slum onslaught:  More than 1,000 police and soldiers brace for military-style assault on drug traffickers in four of the city's favelas.",aljazeera.com,http://www.aljazeera.com/news/americas/2012/10/2012101431122714876.html
2012-10-14,08:51:09,11fqnp,336,UN warns of looming worldwide food crisis in 2013,guardian.co.uk,http://www.guardian.co.uk/global-development/2012/oct/14/un-global-food-crisis-warning
2012-10-14,21:23:35,11ghz0,170,Pussy Riot members face tough life in penal colony,hosted2.ap.org,http://hosted2.ap.org/SCCHA/fda55d2912844b5b9a3930bc5934d9c2/Article_2012-10-14-Pussy%20Riot-Penal%20Colony/id-feb815d56b924b67a5bd6e80229f93a6
2012-10-14,11:56:17,11g07g,150,Malala Yousafzai is now face of global girls education movement ,latimes.com,"http://www.latimes.com/news/local/la-me-malala-education-20121014,0,3080245.story"
2012-10-14,08:46:50,11fqgg,121,Russian activists slam rainbow adorned milk carton - 'gay milk propaganda',abc.net.au,http://www.abc.net.au/news/2012-10-14/russian-activists-gay-milk/4311912
2012-10-14,21:59:37,11giwe,121,"Mexico's drug cartels target journalists in brutal killing spree  - He shakes as he speaks &  his eyes fill. “It’s certain the people who killed my colleague were criminals. The killing had the modus operandi of organised crime. But who sent them & why? That’s the question, that’s the smokescreen.”",mg.co.za,http://mg.co.za/article/2012-10-14-mexicos-drug-cartels-target-journalists-in-brutal-killing-spree
2012-10-14,22:12:47,11gj8k,88,Gunmen kill 20 at mosque in northern Nigeria,news.yahoo.com,http://news.yahoo.com/gunmen-kill-20-mosque-northern-nigeria-105703331.html
2012-10-14,14:51:54,11g86k,88,"The West’s Stalwart Ally in the War on Drugs: Iran 
(Yes, That Iran)",nytimes.com,http://www.nytimes.com/2012/10/12/world/middleeast/iran-fights-drug-smuggling-at-borders.html
2012-10-14,07:30:10,11fmis,80,"Israel kills Qaeda-tied leader of Gaza militant group
",reuters.com,http://www.reuters.com/article/2012/10/13/us-palestinians-israel-violence-idUSBRE89C0H020121013
2012-10-14,03:14:06,11f8ri,78,"In Spain, separatist fever rises in time of crisis",washingtonpost.com,http://www.washingtonpost.com/world/europe/in-spain-separatist-fever-rises-in-time-of-crisis/2012/10/12/833f025e-139f-11e2-ba83-a7a396e6b2a7_story.html
2012-10-14,20:22:45,11gglj,76,"Gunmen kill 20 at mosque in northern Nigeria - KADUNA (Reuters) - Gunmen opened fire on Muslim worshippers as they were leaving a mosque in northern Nigeria on Sunday, killing at least 20 people, a local official said.",cnbc.com,http://www.cnbc.com/id/49406012
2012-10-14,14:39:05,11g7mr,71,"North Korea's progress seems to be more style than substance: Despite new construction, fashions and items to buy, 'Day to day, our life is actually harder,' says one North Korean, who struggles to get enough to eat.",latimes.com,"http://www.latimes.com/news/nationworld/world/la-fg-north-korea-life-20121014,0,7943714,full.story"
2012-10-14,12:17:47,11g19a,64,"Mali rebels threaten France over intervention: Al-Qaeda-linked fighters say they will ""open the doors of hell"" if France keeps pushing for armed intervention in Mali.",aljazeera.com,http://www.aljazeera.com/news/africa/2012/10/201210140433674676.html
2012-10-14,22:50:20,11gkdi,64,"Stop Trade in Bear Bile - Rescued bear cubs now poster children to end barbaric practice of regularly ""milking"" bile from bears.  Over 10,000 bears are kept on bile farms in China & around 2,400 in Vietnam. ",worldnews.nbcnews.com,http://worldnews.nbcnews.com/_news/2012/10/06/14248079-rescued-bear-cubs-now-poster-children-to-end-harvesting-bile-from-bears?lite
2012-10-14,11:24:55,11fyn2,60,"China Exports Exceed Estimates, Shipments Increased 9.9 Percent",bloomberg.com,http://www.bloomberg.com/news/2012-10-13/china-s-september-exports-rise-9-9-exceeding-estimates.html
2012-10-14,08:06:02,11foec,43,President of Mauritania accidentally shot in the neck  ,reuters.com,http://www.reuters.com/article/2012/10/13/us-mauritania-president-idUSBRE89C0J020121013
2012-10-14,02:21:17,11f5zj,40,Syria despatch: rebel fighters fear the growing influence of their 'Bin Laden' faction.,telegraph.co.uk,http://www.telegraph.co.uk/news/worldnews/middleeast/syria/9606691/Syria-despatch-rebel-fighters-fear-the-growing-influence-of-their-Bin-Laden-faction.html
2012-10-14,20:55:38,11gh9i,35,BBC News - Brazil drugs raids: Police surge into north Rio slums,bbc.co.uk,http://www.bbc.co.uk/news/world-latin-america-19940440
2012-10-14,02:53:34,11f7nj,30,"Russia says 20 Caucasus groups shut down after discovering links to foreign spy agencies. But aid groups in the region said no such organizations had been closed, raising suspicions that the announcement was in fact a threat",nytimes.com,http://www.nytimes.com/2012/10/14/world/europe/russia-says-20-groups-shut-down-in-caucasus.html?smid=re-share
2012-10-14,08:47:40,11fqhq,25,Food scarcity: the timebomb setting nation against nation,guardian.co.uk,http://www.guardian.co.uk/global-development/2012/oct/14/food-climate-change-population-water
2012-10-14,16:04:39,11gaqo,26,What is killing sugar-cane workers across Central America?,guardian.co.uk,http://www.guardian.co.uk/world/2012/oct/14/kidney-disease-killing-sugar-cane-workers-central-america
2012-10-14,05:59:09,11fhke,24,"Turkey’s prime minister sharply criticized the U.N. Security Council on Saturday for its failure to agree on decisive steps to end Syria’s civil war, as NATO ally Germany backed the Turkish interception of a Damascus-bound passenger jet earlier in the week.",boston.com,http://www.boston.com/news/world/middle-east/2012/10/13/turkish-premier-slams-security-council-over-syria/lg6FQIjHjnMe9a6FT1jsEI/story.html
2012-10-14,01:26:12,11f2zv,24,Finland: Israel warns of action against Gaza ship,hosted.ap.org,http://hosted.ap.org/dynamic/stories/G/GAZA_BLOCKADE?SITE=AP&SECTION=HOME&TEMPLATE=DEFAULT
2012-10-14,17:13:36,11gcjh,25,BBC News - Five marines charged with murder,bbc.co.uk,http://www.bbc.co.uk/news/uk-19940138
2012-10-14,12:06:58,11g0pw,22,Palestinian olive grove attacked for second time ,france24.com,http://www.france24.com/en/20121013-palestinian-olive-grove-attacked-second-time
