2012-04-22,21:13:41,smjj0,2270,"
500 New Fairy Tales from the 1800s Discovered in 
Germany",parentables.howstuffworks.com,http://parentables.howstuffworks.com/family-matters/500-new-fairy-tales-discovered-germany.html
2012-04-22,00:04:53,slb34,1998,Kenya rangers shoot dead five suspected poachers,bbc.co.uk,http://www.bbc.co.uk/news/world-africa-17798914
2012-04-22,21:22:26,smjnz,1716,Anonymous hacks Formula One servers and dumps redacted info on attendees of the event today in Bahrain in an effort to force media attention on the year-long violent crackdown against protesters,anoncentral.tumblr.com,http://anoncentral.tumblr.com/post/21563340088/attention-all-opbahrain-press-release-from
2012-04-22,20:41:27,smix2,619,Irish priest takes leave after accidentally showing indecent images to room full of parents after putting memory stick in laptop. ,rte.ie,http://www.rte.ie/news/2012/0421/priest-takes-leave-over-indecent-pictures.html
2012-04-23,00:52:42,smpq0,602,"Falkvinge: ""Sweden likes to pretend it champions net freedom, but does the exact opposite itself: did you know that Sweden has given the copyright industry powers of net surveillance that even the Police don’t have?""",falkvinge.net,http://falkvinge.net/2012/04/22/sweden-paradise-lost-part-2-private-police-forces/
2012-04-22,20:46:42,smj0w,450,"Vast Mexico Bribery Case Hushed Up by Wal-Mart
After Top-Level Struggle: Confronted with evidence of widespread corruption in Mexico, top Wal-Mart executives focused more on damage control than on rooting out wrongdoing",nytimes.com,https://www.nytimes.com/2012/04/22/business/at-wal-mart-in-mexico-a-bribe-inquiry-silenced.html?_r=1&pagewanted=all
2012-04-22,07:12:20,sltgo,256,"Health Canada: Some of the world's biggest food brands and leading organic labels have understated the amount of bad nutrients — such as fat, sugar and sodium — in their products, including Kraft, Frito Lay, Unilever and Heinz",canada.com,http://www.canada.com/health/Canadian+nutrition+label+claims+often+wildly+misleading+tests+show/6493401/story.html
2012-04-22,20:54:30,smj60,234,Iran says it has recovered data from captured U.S. spy drone,edition.cnn.com,http://edition.cnn.com/2012/04/22/world/meast/iran-us-plane/index.html
2012-04-22,17:52:01,smg3f,172,uzbekistan carrying out forced sterilisations,guardian.co.uk,http://www.guardian.co.uk/world/2012/apr/21/uzbekistan-carrying-out-forced-sterilisations
2012-04-22,03:52:23,slki4,169,"Vast Mexico Bribery Case Hushed Up by Wal-Mart
After Top-Level Struggle. Wal-Mart de Mexico orchestrated a campaign of bribery to win market dominance",nytimes.com,http://www.nytimes.com/2012/04/22/business/at-wal-mart-in-mexico-a-bribe-inquiry-silenced.html
2012-04-22,23:47:35,smng4,142,"We Can Save the Awá Tribe - 
As the successful survival of other Amazon Indian tribes shows, protecting their way of life rather than imposing that of the west is the best way to keep them intact",guardian.co.uk,http://www.guardian.co.uk/environment/2012/apr/22/awa-tribe-amazon-brazil
2012-04-22,21:40:08,smk12,132,Afghanistan's first female film director risks death to go to work every day,guardian.co.uk,http://www.guardian.co.uk/film/2012/apr/22/afghan-films-saba-sahar-women-taliban
2012-04-22,21:16:51,smjkt,111,Rage boils in Bahrain's streets but Grand Prix still on,reuters.com,http://www.reuters.com/article/2012/04/22/us-bahrain-grandprix-idUSBRE83J07R20120422?feedType=RSS&feedName=worldNews&utm_source=feedburner&utm_medium=feed&utm_campaign=Feed%3A+Reuters%2FworldNews+%28Reuters+World+News%29&utm_content=Google+International
2012-04-23,03:30:30,smwg8,106,"Hollande top Sarkozy in French vote, Le Pen surges.",reuters.com,http://www.reuters.com/article/2012/04/22/france-election-idUSL5E8FM2O320120422
2012-04-22,23:36:29,smn2r,98,"Iran has begun building a copy of the US surveillance drone it captured last year, after breaking its encryption codes, Iranian officials say.",bbc.co.uk,http://www.bbc.co.uk/news/world-middle-east-17805201
2012-04-22,02:18:41,slgdf,78,"120,000 Czechs march in Prague :They want an end to austerity cuts, the resignation of the government and early parliamentary elections.",dw.de,"http://www.dw.de/dw/article/0,,15902559,00.html"
2012-04-22,00:19:48,slblr,71,"Iranian diplomat accused of child molestation in Brazil - cites ""cultural differences""",m.bbc.co.uk,http://m.bbc.co.uk/news/world-latin-america-17780497
2012-04-22,01:41:20,slesq,70,Vietnam Baffled by Skin Disease - Seeks international help for a mystery skin infection that's already killed 19 & made 170 others ill. It begins with a rash on the hands & feet: it can progress to liver problems & multiple organ failure. ,bbc.co.uk,http://www.bbc.co.uk/news/world-asia-17799053
2012-04-22,04:38:48,slmnh,49,Dutch Trains Collide; Dozens Injured,abcnews.go.com,http://abcnews.go.com/International/wireStory/dutch-trains-collide-dozens-reported-injured-16187113#.T5MNYtlNZAY
2012-04-22,23:24:48,smmpt,46,BBC News - Close-up: The Dutch village with no roads,bbc.co.uk,http://www.bbc.co.uk/news/world-europe-17789343
2012-04-23,02:47:26,smuin,43,"South Korea's own Missile Challenge: S. Korea has a missile with a range of up 1,000 to 1,500 kilometers, enabling it to strike anywhere within North Korean territory and  knock out any North Korean weapons. ",the-diplomat.com,http://the-diplomat.com/flashpoints-blog/2012/04/22/korean-missile-rattling/
2012-04-22,14:53:21,smc0a,40,"Tired of austerity, many Portuguese returning to the land:  Disillusioned by the unfulfilled promise of the cities and feeling stifled by tough austerity measures aimed at coping with an economic downturn, some Portuguese are opting out and returning to the land.",rte.ie,http://www.rte.ie/news/2012/0419/tired-of-austerity-many-portuguese-returning-to-the-land.html
2012-04-22,10:19:01,sm19g,29,"15 killed in Mexican bar - 
A group of masked gunmen stormed a popular bar in Chihuahua killing 15 people, including 2 journalists.",cnn.com,http://www.cnn.com/2012/04/21/world/americas/mexico-bar-killings/
2012-04-22,02:09:09,slfyx,29,"The Arab Spring may have helped usher in a new era of government surveillance - ""... about $50 worth of storage could keep the information identifying the individual locations of one million people, at five minute intervals, 24 hours a day, for a full year.""",fullcomment.nationalpost.com,http://fullcomment.nationalpost.com/2012/04/21/goodspeed-analysis-governments-could-soon-record-and-store-everything-their-citizens-do-from-birth-to-death/
2012-04-22,23:37:13,smn3o,24,Satellite tracks Sudan oil damage,bbc.co.uk,http://www.bbc.co.uk/news/world-africa-17805806
2012-04-22,04:32:10,slmcz,24,"Bahrain Grand Prix: riot squads, teargas and petrol bombs as protesters claim police beat Shia gardener to death",telegraph.co.uk,http://www.telegraph.co.uk/news/worldnews/middleeast/bahrain/9218779/Bahrain-Grand-Prix-riot-squads-teargas-and-petrol-bombs-as-protesters-claim-police-beat-Shia-gardener-to-death.html
2012-04-22,05:45:51,slpo6,23,"Trains collide in Amsterdam, 125 injured",tvnz.co.nz,http://tvnz.co.nz/world-news/trains-collide-in-amsterdam-125-injured-4844530
2012-04-22,09:18:14,slypl,17,Red Cross Official kidnapped in Yemen [BBC News],bbc.co.uk,http://www.bbc.co.uk/news/world-middle-east-17803302
2012-04-22,14:01:40,smaam,16,"""If France lost its triple-A credit rating, it's not because of Muslims. It's because France has been badly governed.""",aljazeera.com,http://www.aljazeera.com/indepth/features/2012/04/201242021237996351.html
2012-04-23,02:32:49,smtu3,16,"After months of negotiations, the United States and Afghanistan on Sunday agreed on drafts of the strategic partnership agreement that pledges American support for Afghanistan for 10 years after the withdrawal of troops at the end of 2014. ",nytimes.com,http://www.nytimes.com/2012/04/23/world/asia/us-and-afghanistan-reach-partnership-agreement.html?_r=1&ref=global-home
