2012-08-05,01:26:35,xob68,2456,"Vast international child-porn network uncovered, 43 men arrested",msnbc.msn.com,http://www.msnbc.msn.com/id/48502531/ns/us_news-crime_and_courts/#.UB1LdqMdMqg
2012-08-05,23:12:55,xpqfr,1790,"""Police paraded us naked in public.""  - Several Pakistani police suspended after accusations they paraded a couple naked in public. Mobile phone footage shows a naked man being beaten by police & a woman begging them to let her cover herself.",bbc.co.uk,http://www.bbc.co.uk/news/world-asia-19136199
2012-08-05,22:39:15,xppea,1095,Israel’s Fading Democracy - NYTimes.com,nytimes.com,http://www.nytimes.com/2012/08/05/opinion/sunday/israels-fading-democracy.html?smid=re-share
2012-08-05,15:57:07,xpg4v,764,"Palestinian bid for UN status will most likely succeed, but will not bring them closer to statehood and peace with Israel says Israel UN envoy",reuters.com,http://www.reuters.com/article/2012/08/05/us-palestinians-israel-un-statehood-idUSBRE87402020120805
2012-08-05,21:59:19,xpocv,681,African diplomats in Israel: We're afraid to walk down streets. ,ynetnews.com,"http://www.ynetnews.com/articles/0,7340,L-4264527,00.html"
2012-08-05,13:05:50,xp9bt,632,"Chinese police have detained almost 2,000 people in a nationwide sweep on fake drugs, seizing more than $180 million worth of counterfeit products and destroying some 1,100 production facilities",reuters.com,http://www.reuters.com/article/2012/08/05/us-china-drugs-idUSBRE87401D20120805
2012-08-05,21:41:59,xpnxf,616,"Sweden ""counter-jihad"" rally outnumbered by anti-racists",reuters.com,http://www.reuters.com/article/2012/08/04/us-sweden-farright-idUSBRE8730IF20120804
2012-08-05,21:01:40,xpn1k,582,The War on Women in Colombia Includes Horrifying Acid Attacks,washingtonpost.com,http://www.washingtonpost.com/world/acid-attacks-escalate-in-colombia/2012/07/08/gJQAJvQQVX_gallery.html
2012-08-05,02:28:50,xoe51,526,"In Turkey, construction workers uncovered part of the ancient city of Antioch - Layers include a Roman-era mosaic measuring over 9,000 sq ft. A hotel & a museum will sit above the site.  This is an example of coordination between cultural heritage & modern urban development. ",worldnews.nbcnews.com,http://worldnews.nbcnews.com/_news/2012/08/03/13103755-a-hotel-an-archaeology-site-or-both?lite
2012-08-06,03:18:11,xq17n,195,"Mass grave in London reveals how volcano caused global catastrophe - 
Scientists search for the explosive source of a disaster that wiped out almost 1/3 of Londoners in 1258",guardian.co.uk,http://www.guardian.co.uk/uk/2012/aug/05/medieval-volcano-disaster-london-graves
2012-08-05,13:43:08,xpb1x,192,Robert Fisk: Syria's ancient treasures pulverised ,independent.co.uk,http://www.independent.co.uk/opinion/commentators/fisk/robert-fisk-syrias-ancient-treasures-pulverised-8007768.html
2012-08-05,00:38:16,xo937,189,"Street Harassment in Belgium - a documentary about sexist insults on the street endured by women daily in ethnically diverse, low-class communities",guardian.co.uk,http://www.guardian.co.uk/world/2012/aug/03/belgium-film-street-harassment-sofie-peeters
2012-08-05,07:20:06,xoss7,184,Riot Leaves an Egyptian Village Without Christians,abcnews.go.com,http://abcnews.go.com/International/wireStory/riot-leaves-egyptian-village-christians-16930420#.UB2fVkjhmRs
2012-08-05,00:10:20,xo7wm,112,"Faced with an MHRA crackdown on unlicensed medicines, one of Britain's leading manufacturers of homeopathic remedies has indicated it would be prepared to relabel its products 'confectionery' to circumvent regulation",guardian.co.uk,http://www.guardian.co.uk/science/the-lay-scientist/2012/aug/02/1
2012-08-05,02:03:43,xocwj,110,"Syrian TV host kidnapped, executed by Islamists",rt.com,http://www.rt.com/news/syrian-host-saeed-executed-868/
2012-08-05,23:02:30,xpq4b,100,"Greek Police Detains 1,130 Immigrants - They  vowed not to relent in their efforts to evict undocumented immigrants after a sweep they  in central Athens over the weekend. ""We must send the message that Greece cannot afford work and hospitality."" ",france24.com,http://www.france24.com/en/20120805-greek-police-detains-1130-immigrants
2012-08-05,21:38:28,xpnuo,101,China calls in U.S. diplomat over South China Sea,reuters.com,http://www.reuters.com/article/2012/08/05/us-china-usa-southchinasea-idUSBRE87401120120805
2012-08-05,12:18:07,xp71z,56,"US drone strike killed leader of a major Uzbek militant group closely allied with Al Qaeda, according to the group",nytimes.com,http://www.nytimes.com/2012/08/05/world/asia/us-drone-strike-kills-uzbek-militant-leader.html?smid=re-share
2012-08-06,02:32:29,xpysf,56,"Senior Damascus intelligence officer defects to Jordan: TV
| Reuters",reuters.com,http://www.reuters.com/article/2012/08/05/us-syria-crisis-defector-idUSBRE8740G320120805
2012-08-05,06:17:28,xopoq,47,"Standard & Poor’s has downgraded 15 Italian banks, saying Italy faces a potentially deeper and more prolonged recession than the ratings agency had originally anticipated.",euronews.com,http://www.euronews.com/2012/08/04/italy-sp-downgrades-15-banks-and-warns-over-recession-/
2012-08-05,22:01:15,xpof5,52,"BBC News - Syria conflict: jihadists from ""anywhere but Syria"" - Photographer 'held by UK jihadists'",bbc.co.uk,http://www.bbc.co.uk/news/uk-19136630
2012-08-05,22:51:04,xppqi,50,"As Syrian War Roils, Sectarian Unrest Seeps Into Turkey - “They were there to kill us,” said Servet Evli, who was hiding in his bedroom with his pregnant wife and terrified daughter, both so afraid that they urinated through their clothes. ",nytimes.com,http://www.nytimes.com/2012/08/05/world/middleeast/turkish-alawites-fear-spillover-of-violence-from-syria.html?_r=1
2012-08-05,23:16:52,xpqkc,47,"Acid attacks on women in Colombia on the rise, experts say",nydailynews.com,http://www.nydailynews.com/news/world/acid-attacks-women-colombia-rise-experts-article-1.1129365
2012-08-05,03:43:18,xohwo,44,"Nigeria gunmen storm oil ship, kill 2 native sailors and kidnap 4 foreign officers",bbc.co.uk,http://www.bbc.co.uk/news/world-africa-19127704
2012-08-05,19:11:51,xpkve,36,"Radioactive cesium found in Japan’s fish, seawater",rt.com,http://www.rt.com/news/radioactive-cesium-japan-fish-seawater-895/
2012-08-05,21:53:32,xpo6y,35,Congo rebellion ravaging women and children,cbc.ca,http://www.cbc.ca/news/world/story/2012/08/05/congo-rebellion-women-children.html
2012-08-05,10:53:52,xp2zi,37,"Vera's Kidney, Walter's Money: Desperation, Greed and the Global Organ Trade - She was a poor Russian immigrant in Israel, he was a well-off German businessman. The case of Vera and Walter reveals a thriving illegal trade in kidneys and other organs -- and shows how it is fueled by desperation.",spiegel.de,http://www.spiegel.de/international/world/the-illegal-trade-in-organ-is-fueled-by-desperation-and-growing-a-847473.html
2012-08-05,09:06:04,xoxw3,35,"Russian Mogul has plan for immortality, asking Billionaires for funding",forbes.com,http://www.forbes.com/sites/davidthier/2012/08/03/russian-mogul-soliciting-billonaires-to-achieve-immortality/
2012-08-05,20:29:06,xpmf4,36,"Turkey's state-run agency says Syria's first man in space has fled to Turkey, joins opposition forces",hosted.ap.org,http://hosted.ap.org/dynamic/stories/E/EU_TURKEY_SYRIA_ASTRONAUT_DEFECTS?SITE=AP&SECTION=HOME&TEMPLATE=DEFAULT
2012-08-06,05:17:42,xq7oz,32,IAF thwarts terror attack at Egypt border - Israel News,ynetnews.com,"http://www.ynetnews.com/articles/0,7340,L-4264851,00.html"
