2012-06-22,21:25:47,vfl4n,2355,BBC News - India unblocks The Pirate Bay and other sharing sites,bbc.com,http://www.bbc.com/news/technology-18551471
2012-06-22,07:23:35,vel6b,2008,Japan Passes Jail-for-Downloaders Anti-Piracy Law,wired.com,http://www.wired.com/gamelife/2012/06/japan-download-copyright-law/
2012-06-22,06:09:20,vegpd,1497,"CIA secretly operates on Syrian border, supplies arms to rebels.",rt.com,http://www.rt.com/news/cia-officers-turkey-syria-378/
2012-06-22,21:00:11,vfkbx,660,"“It is easier to send 30,000 women abroad to study than to let one woman drive,” says a Saudi diplomat.",economist.com,http://www.economist.com/node/21557327
2012-06-22,23:47:53,vfqxj,225,Turkey says warplane lost off Syria,reuters.com,http://www.reuters.com/article/2012/06/22/us-turkey-syria-plane-idUSBRE85L0PZ20120622
2012-06-22,03:03:25,ve4nd,213,"Drone strikes threaten 50 years of international law, says UN rapporteur",guardian.co.uk,http://www.guardian.co.uk/world/2012/jun/21/drone-strikes-international-law-un
2012-06-22,09:11:10,verds,147,"Julian Assange's first interview from Ecuadorian 
Embassy (Transcript)",wlcentral.org,http://wlcentral.org/node/2676
2012-06-22,21:17:10,vfkuv,141,Turkey drops anti-abortion legislation:  Government withdraws controversial plan to slash time limit for abortions after mounting pressure from civil society.,aljazeera.com,http://www.aljazeera.com/news/europe/2012/06/2012622811474159.html
2012-06-22,23:08:58,vfp4h,132,"Two children hospitalized in London after a pub chef spiked chocolate puddings with ecstasy. Another customer had an ""out of body experience.""",telegraph.co.uk,http://www.telegraph.co.uk/news/uknews/crime/9346603/Pub-goer-had-out-of-body-experience-after-chef-spiked-chocolate-mousse-with-ecstasy-court-hears.html
2012-06-22,23:00:40,vforj,107,"Explosives found at Sweden nuclear plant; Nation raises security alert at all 10 reactors
",cbsnews.com,http://www.cbsnews.com/8301-202_162-57457593/explosives-found-at-sweden-nuclear-plant-nation-raises-security-alert-at-all-10-reactors/
2012-06-22,22:26:20,vfn9w,69,"Suicide leading cause of death for India youths: In contrast to patterns usually seen in wealthier countries, the highest suicide rates in India are among young, wealthy and highly educated people.",news.yahoo.com,http://news.yahoo.com/suicide-leading-cause-death-india-youths-study-130536538.html
2012-06-22,23:28:24,vfpzy,65,"Uganda says gays now free to meet: This is the first time the government is making a statement that appears to recognize the rights of gay people in Uganda, where most homosexuals remain closeted for fear of attacks, and it seemed to take even the activists by surprise.",news.yahoo.com,http://news.yahoo.com/uganda-says-gays-now-free-meet-140938987.html
2012-06-22,21:36:07,vflgt,61,Thousand of protesters fill Tahrir Square against interference in Egypt's transition to democracy,english.ahram.org.eg,http://english.ahram.org.eg/NewsContent/1/64/45851/Egypt/Politics-/Thousand-of-protesters-fill-Tahrir-Square-against-.aspx
2012-06-22,22:02:09,vfmce,57, A huge North Korean flag disappeared behind a tower of flames and thick black smoke Friday as South Korean fighter jets and U.S. attack helicopters fired rockets in the allies' biggest joint live-fire drills since the Korean War.,npr.org,http://www.npr.org/templates/story/story.php?storyId=155546601
2012-06-22,23:50:02,vfr1u,58,"Starving Greeks queue for food in their thousands as debt-laden country forms a coalition government.
",dailymail.co.uk,http://www.dailymail.co.uk/news/article-2161651/Starving-Greeks-food-thousands-politicians-finally-form-coalition-government--long-last.html
2012-06-22,20:10:00,vfj0v,41,Circumcision for Zimbabwe's MPs - A group of Zimbabwean MPs are getting circumcised as part of a campaign to reduce HIV and Aids cases ,bbc.co.uk,http://www.bbc.co.uk/news/world-africa-18549968
2012-06-22,12:40:34,vf35y,35,Ecuador president vows to take time on Assange decision:  Scotland Yard says the WikiLeaks founder has breached his bail conditions,gulfnews.com,http://gulfnews.com/news/world/other-world/ecuador-president-vows-to-take-time-on-assange-decision-1.1038934
2012-06-22,10:35:57,vew0l,31,"WikiLeaks' Assange says ready for life in Ecuador: He fears that if sent to Sweden, he would then be extradited to the United States where he believes he could face criminal charges punishable by death.",reuters.com,http://www.reuters.com/article/2012/06/22/us-britain-ecuador-assange-idUSBRE85L01P20120622?feedType=RSS&feedName=topNews&utm_source=feedburner&utm_medium=feed&utm_campaign=Feed%3A+reuters%2FtopNews+%28News+%2F+US+%2F+Top+News%29
2012-06-22,21:04:04,vfkgs,23," Deaths of Hostages Held by Somali Pirates ""Increasing""- The number of hostages killed or injured by Somali pirates increased significantly last year.  Levels of violence against seafarers in coastal waters around east Africa & the Gulf of Aden also remained high.",bbc.co.uk,http://www.bbc.co.uk/news/world-africa-18548810
2012-06-23,00:22:54,vfsq3,13,BBC News - Syria rebels accused of massacring 25 people in village,bbc.co.uk,http://www.bbc.co.uk/news/world-middle-east-18551693
2012-06-22,04:57:38,vec51,15,Paper on altering bird flu to be published despite bioterror concerns,usatoday.com,http://www.usatoday.com/news/health/story/2012-06-20/bird-flu-vaccine/55738400/1?csp=34news
2012-06-22,02:11:04,ve17q,13,Muslim pair accused of planning jihad bomb attack on Jews in Britain | Guardian,guardian.co.uk,http://www.guardian.co.uk/uk/2012/jun/20/muslims-accused-planned-jews-attack
2012-06-22,07:19:55,vekxt,12,Moody's downgrades 15 major global banks,in.reuters.com,http://in.reuters.com/article/2012/06/21/financial-bank-ratings-moodys-idINDEE85K0GQ20120621
2012-06-22,21:57:15,vfm64,10,U.S. politicians are tempted to blame Chinese currency manipulation for the country’s economic woes. China though has appreciated its currency by nearly 40 percent in real terms since 2005.,thediplomat.com,http://thediplomat.com/2012/06/22/why-u-s-must-get-over-renminbi/
2012-06-23,06:12:39,vgd30,12,"Finland will lose ‘sovereignty’ if joins NATO - Putin — 
RT",rt.com,http://rt.com/politics/putin-finland-nato-missiles-509/
2012-06-22,09:14:45,verlj,12,Indonesian militant Umar Patek has been found guilty of murder and sentenced to 20 years in prison for his role in the 2002 Bali bombings and other terrorist attacks.,abc.net.au,http://www.abc.net.au/news/2012-06-21/umar-patek-guilty-of-bali-bombing-mass-murder/4084710
2012-06-22,06:58:37,vejot,9,"""The Vatican's No. 2 official on Monday [18 Jun 2012] blamed the media--and the devil--for fueling the scandal over leaked Vatican documents. Secretary of State Cardinal Tarcisio Bertone told an Italian Catholic weekly that journalists reporting on the leaks scandal are 'pretending to be Dan Brown'""",seattlepi.com,http://www.seattlepi.com/news/article/Vatican-official-blames-media-and-the-devil-3642208.php
2012-06-22,21:14:53,vfksd,9,"The leaders of Germany, France, Italy and Spain will try to find common ground in Rome on Friday to restore confidence in the euro zone ahead of a full EU summit next week, with German Chancellor Angela Merkel likely to be outnumbered.",reuters.com,http://www.reuters.com/article/2012/06/22/us-eurozone-meeting-idUSBRE85L07C20120622
2012-06-22,13:33:51,vf686,9,"Children of Mao's wrath vie for power in China. China's chaotic Cultural Revolution (1966-76) shaped a generation, which will assume power at a ruling Communist Party congress later this year.",reuters.com,http://www.reuters.com/article/2012/06/22/us-china-politics-bo-idUSBRE85L04E20120622
2012-06-22,04:43:57,veb8k,7,"Hitler, bare breasts, adultery: election time in Mexico",reuters.com,http://www.reuters.com/article/2012/06/21/us-mexico-election-quirks-idUSBRE85K1L620120621
