2012-10-04,21:08:56,10xk08,1928,BBC News - Turkey's parliament authorises military action in Syria,bbc.co.uk,http://www.bbc.co.uk/news/world-middle-east-19830928
2012-10-04,17:42:22,10xelr,1710,Two Coptic children arrested in Egypt for 'insulting Islam',english.ahram.org.eg,http://english.ahram.org.eg/News/54658.aspx
2012-10-04,18:23:06,10xfju,1672,Foreign donors have spent tens of millions of dollars building hospitals in Afghanistan that have never seen a patient.,aljazeera.com,http://www.aljazeera.com/video/asia/2012/10/2012103135950361962.html
2012-10-04,13:01:58,10x31q,581,"Land acquired over past decade could have produced food for a billion people: Oxfam calls on World Bank to stop backing foreign investors who acquire land for biofuels that could produce food
",guardian.co.uk,http://www.guardian.co.uk/global-development/2012/oct/04/land-deals-preventing-food-production
2012-10-04,22:21:39,10xmw9,568,34 Syrian soldiers killed in Turkish offensive,news.az,http://www.news.az/articles/turkey/69515
2012-10-04,23:15:12,10xpln,504,Badly disabled woman told she's fit to work.,guardian.co.uk,http://www.guardian.co.uk/society/2012/oct/03/work-woman-care?fb=native&CMP=FBCNETTXT9038
2012-10-04,15:55:51,10xbev,357,"Turkey govt says Syria crisis is threat to its security, seeks parliament approval for military operations outside its borders",reuters.com,http://www.reuters.com/article/2012/10/04/us-syria-crisis-idUSBRE88J0X720121004
2012-10-04,16:00:09,10xbk0,359,"The last native speaker of the Cromarty fisherfolk dialect has died -- retired engineer Bobby Hogg, 92, was the last person who was still fluent in the dialect used in parts of the Black Isle, near Inverness.",bbc.co.uk,http://www.bbc.co.uk/news/uk-scotland-highlands-islands-19802616
2012-10-04,23:09:06,10xp9l,315,"Arctic Melt: ""We’re worried. This is our home and these waters are our fields where we harvest our food. This isn’t just a staging area for Shell, this is our home, and it is all about to change.""",globalpost.com,http://www.globalpost.com/dispatch/news/regions/americas/121003/arctic-melt-opens-door-big-oils-next-boom
2012-10-04,22:19:37,10xmsn,244,"Morocco using warships to block ""abortion vessel""",news.blogs.cnn.com,http://news.blogs.cnn.com/2012/10/04/morocco-using-warships-to-block-abortion-vessel-group-says/?hpt=hp_t3
2012-10-04,05:23:38,10w79n,193,"Lethbridge police (Alberta, Canada) raid man's house finding a record haul of...daisy flower plants... ",m.calgarysun.com,http://m.calgarysun.com/2012/10/02/whoops-a-daisy-significant-outdoor-bust-in-lethbridge-history-wasnt-weed
2012-10-04,16:50:46,10xd85,177,Saudi Arabia to curb powers of religious police: The head of Saudi Arabia's notorious religious police has told the media he will curb his force's powers in a bid to clamp down on excesses.,bbc.co.uk,http://www.bbc.co.uk/news/world-middle-east-19819791
2012-10-04,02:48:40,10vwfe,175,Rupert Murdoch faces shareholder revolt at News Corp annual meeting,guardian.co.uk,http://www.guardian.co.uk/media/2012/oct/03/rupert-murdoch-shareholder-news-corp
2012-10-04,22:32:59,10xneq,154,Gaza flotilla sponsor blames Jews for Holocaust on Twitter ,news.nationalpost.com,http://news.nationalpost.com/2012/10/04/gaza-flotilla-sponsor-blames-jews-for-holocaust-on-twitter/
2012-10-04,19:00:15,10xggq,109,'Scareware' trickster fined $163m by authorities,bbc.com,http://www.bbc.com/news/technology-19816710
2012-10-04,16:56:25,10xdda,107,Egyptian woman runs for chairmanship of Muslim Brotherhood’s political wing — RT,rt.com,http://rt.com/news/egypt-muslim-brotherhood-woman-617/
2012-10-04,21:08:26,10xjzh,101," 
Airline tickets are plunging in Japan, as Japanese embrace quick weekend flights to visit friends & family. 3 new efficient low-cost carriers have seen growth this year.",csmonitor.com,http://www.csmonitor.com/World/Latest-News-Wires/2012/1003/Japan-discovers-cheap-flights-3-low-cost-carriers-lead-the-way
2012-10-04,02:29:24,10vv60,101,"Russia accuses al-Qaida of 'forest jihad' in Europe.  Forest fires in EU countries should be considered part of al-Qaida's new strategy, says Russia's top security official",guardian.co.uk,http://www.guardian.co.uk/world/2012/oct/03/russia-al-qaida-forest-jihad
2012-10-04,04:15:42,10w2iy,91,"Why the US demonises Venezuela's democracy
",guardian.co.uk,http://www.guardian.co.uk/commentisfree/2012/oct/03/why-us-dcemonises-venezuelas-democracy
2012-10-05,00:42:30,10xutk,94,"Iran's currency plunges 40 percent, riot police called out ",csmonitor.com,http://www.csmonitor.com/World/2012/1004/Iran-s-currency-plunges-40-percent-riot-police-called-out
2012-10-04,05:27:25,10w7ie,73,Turkey strikes targets in Syria in retaliation for shelling deaths - CNN.com,cnn.com,http://www.cnn.com/2012/10/03/world/europe/turkey-syria-tension/index.html
2012-10-04,08:57:53,10wlny,74,Nigeria: Muslims massacre up to 30 Christian students ,times247.com,http://times247.com/articles/nigeria-boko-haram-massacres-up-to-30-christian-students
2012-10-05,00:35:13,10xucn,67,BBC News - Turkey's parliament authorises military action in Syria,bbc.com,http://www.bbc.com/news/world-middle-east-19830928
2012-10-04,14:06:18,10x6pt,65,F.S.B (formerly known as K.G.B) Blames Al-Qaeda for European Forest Fires,themoscowtimes.com,http://www.themoscowtimes.com/business/article/fsb-blames-al-qaida-for-european-forest-fires/469221.html
2012-10-04,15:02:51,10x9ds,60,Italian prosecutors say Canada too lax on Mafia,cbc.ca,http://www.cbc.ca/news/canada/story/2012/10/03/canada-mafia-ndragheta-italy.html
2012-10-04,16:40:54,10xcxk,48,Report: Turkey renews artillery strikes on Syria ,hosted.ap.org,http://hosted.ap.org/dynamic/stories/M/ML_SYRIA?SITE=AP&SECTION=HOME&TEMPLATE=DEFAULT&CTIME=2012-10-04-02-56-08
2012-10-04,16:59:53,10xdgs,50,"
Turkish PM aide: Turkey won’t declare war on Syria ",bigstory.ap.org,http://bigstory.ap.org/article/report-turkey-renews-artillery-strikes-syria#overlay-context=article/phone-home-ny-teens-pay-valets-store-devices
2012-10-04,05:54:08,10w9f4,43,Turkey strikes back at Syria after mortar kills five - NATO again convenes under Article 4,reuters.com,http://www.reuters.com/article/2012/10/03/us-syria-crisis-idUSBRE88J0X720121003
2012-10-04,21:18:31,10xkcm,42,Sensitive documents left behind at U.S. diplomatic post in Libya,washingtonpost.com,http://www.washingtonpost.com/world/middle_east/sensitive-documents-left-behind-at-american-mission-in-libya/2012/10/03/11911498-0d7e-11e2-bd1a-b868e65d57eb_story.html
2012-10-04,20:59:10,10xjn2,36,Germany’s former 1st lady Bettina Wulff sues Google over autocomplete function,csmonitor.com,http://www.csmonitor.com/Innovation/Tech/2012/1003/Bettina-Wulff-and-the-trouble-with-fighting-Google-s-autocomplete
