2012-05-21,21:02:42,txe70,1579,Suicide blast kills more than 100 Yemeni troops at parade rehearsal - CNN.com,edition.cnn.com,http://edition.cnn.com/2012/05/21/world/meast/yemen-violence/index.html?hpt=hp_t3
2012-05-21,00:49:08,tw2id,1172,Immortal Avatar: Russian project seeks to create robot with human brain,rt.com,https://rt.com/news/prime-time/avatar-russian-scientists-brain-983/
2012-05-21,20:30:32,txdc9,996,Israeli soldiers seen standing by as settlers use live fire against Palestinians,telegraph.co.uk,http://www.telegraph.co.uk/news/worldnews/middleeast/palestinianauthority/9279499/Israeli-soldiers-seen-standing-by-as-settlers-use-live-fire-against-Palestinians.html
2012-05-21,07:37:47,twkqi,962,Bee Gee's singer Robin Gibb is dead.,bbc.co.uk,http://www.bbc.co.uk/news/entertainment-arts-18140862
2012-05-21,02:18:31,tw65f,766,Earthquake destroys $326 million worth of cheese,ottawacitizen.com,http://www.ottawacitizen.com/news/Italy+quake+destroys+million+worth+cheese/6652152/story.html
2012-05-21,07:16:11,twjqi,631,"WATCH: An Israeli settler shoots at Palestinians while IDF soldiers stand idly by, 24 year old Palestinian wounded as a result.",haaretz.com,http://www.haaretz.com/news/diplomacy-defense/watch-israeli-settler-shoots-at-palestinians-while-idf-soldiers-stand-by-1.431570
2012-05-21,10:22:31,twsgy,521,"NATO decides to activate missile shield despite Russian threats - NATO leaders launched Sunday 1st phase of a US-led missile shield for Europe, risking the wrath of Russia which has threatened to deploy rockets to EU borders in response.

",rawstory.com,http://www.rawstory.com/rs/2012/05/20/nato-decides-to-activate-missile-shield-despite-russian-threats/
2012-05-21,20:35:41,txdgl,443,Elusive 'Asian Unicorn' Faces Extinction,news.yahoo.com,http://news.yahoo.com/elusive-asian-unicorn-faces-extinction-001801255.html
2012-05-21,03:26:19,tw98x,390,Japanese man severs real estate agent's arm with katana,japantoday.com,http://www.japantoday.com/category/crime/view/man-severs-real-estate-agents-arm-with-katana
2012-05-21,23:30:20,txj7g,194,"Quebec corruption inquiry could expose links between Mafia, politics and construction ",news.nationalpost.com,http://news.nationalpost.com/2012/05/21/quebec-corruption-inquiry-could-expose-links-between-mafia-politics-and-construction/?utm_source=dlvr.it&utm_medium=twitter
2012-05-21,02:16:07,tw626,136,Arctic melt releasing ancient methane,bbc.co.uk,http://www.bbc.co.uk/news/science-environment-18120093
2012-05-22,00:06:37,txksr,132,"Ban Ki-moon: Eradicate polio, finally -- The highly preventable disease survives in only Afghanistan, Nigeria and Pakistan. If we don't wipe it out now, a future epidemic could be devastating.",latimes.com,"http://www.latimes.com/news/opinion/commentary/la-oe-ban-ki-moon-polio-20120521,0,5955803.story"
2012-05-21,17:44:00,tx9oo,122,BBC News - Three climbers die on Mt Everest,bbc.co.uk,http://www.bbc.co.uk/news/world-asia-18142900
2012-05-21,04:18:27,twbl3,113,"Russia Says West Considering Military Action on Iran - ""It's one of many signals coming from sources that the military option is realistic & possible.  We're receiving signals this option is being reviewed in some capitals as more applicable in this situation. We're very worried about this."" ",reuters.com,http://www.reuters.com/article/2012/05/20/us-g8-russia-iran-idUSBRE84J0AD20120520
2012-05-21,21:54:42,txfox,107,"Inside Halden, The Most Humane Prison In The World -- Report from high-security prison in Norway. Where rehabilitation is focus, not retribution. Prisoners include murderers, paedophiles. Yet every cell has flat-screen TV and private shower. Warden can't remember last figh",guardian.co.uk,http://www.guardian.co.uk/society/2012/may/18/halden-most-humane-prison-in-world
2012-05-21,04:41:54,twco4,91,Taliban destroy poppy fields in surprise clampdown on Afghan opium growers.  Action by Taliban welcomed by government and clerics but insurgent says destruction was for religious reasons,guardian.co.uk,http://www.guardian.co.uk/world/2012/may/20/taliban-destroy-poppy-afghan-opium
2012-05-21,12:29:19,twyyw,74,"Svyatoslav Sheremet, head of Gay Forum of Ukraine, is beaten as he met with members of the media to inform them that a scheduled gay-pride parade was cancelled",thedailybeast.com,http://www.thedailybeast.com/galleries/2012/01/01/photo-of-the-day-2012.html
2012-05-21,01:13:35,tw3i4,74,"UK banks are ready for Greek exit, says Bank of England",guardian.co.uk,http://www.guardian.co.uk/business/2012/may/20/banks-ready-for-greece-eurozone-exit
2012-05-21,06:52:52,twily,73,Pakistan restores Twitter after block,bbc.co.uk,http://www.bbc.co.uk/news/world-asia-18138278#TWEET147698
2012-05-21,14:32:54,tx47c,70,JPMorgan Chase loss only going to get worse ,money.cnn.com,http://money.cnn.com/2012/05/18/markets/jpmorgan-loss/
2012-05-21,21:48:12,txfhj,54,"Drones of its Own: NATO Signs Deal with Northrup Grumman for ""Global Surveillance Capabilities""",commondreams.org,http://www.commondreams.org/headline/2012/05/21
2012-05-22,05:29:08,ty1mk,49,"Mexican Journalists Silenced to Death - Journalists are being killed, wounded & threatened at an alarming rate in Mexico since the US/Mexican 'War on Drugs' accelerated into a bloodbath of deaths, wounding & torture beginning in 2006.",truthdig.com,http://www.truthdig.com/eartotheground/item/mexican_journalists_silenced_to_death_20120521/
2012-05-21,05:15:49,twe75,34,Alleged perpetrator of mass beheadings in Mexico arrested,cnbc.com,http://www.cnbc.com/id/47496464
2012-05-21,21:43:55,txfci,37,"Czech ex-minister Rath faces hearing over box of cash  - A week ago police detained Mr Rath as he was carrying a wine box containing 7m koruna (£224,000). He is accused of diverting money from an EU project.",bbc.co.uk,http://www.bbc.co.uk/news/world-europe-18143575
2012-05-21,18:24:35,txams,19,"Did a Dingo Do it?  - 32 years on,  the 4th inquest into Azaria Chamberlain's death opened in Darwin this morning.  A coroner's court heard the 9-week-old baby was probably taken by a dingo. She famously disappeared from a tent at Uluru in 1980.
",abc.net.au,http://www.abc.net.au/pm/content/2012/s3439161.htm
2012-05-21,20:08:07,txct0,16,Settler filmed firing at Palestinians,guardian.co.uk,http://www.guardian.co.uk/world/2012/may/21/israeli-settler-fires-gun-stone-thrower
2012-05-21,10:24:53,twslk,15,"Australian MP Involved in Slipper Case? Prove it, says Pyne - 
Liberal frontbencher Christopher Pyne has challenged anyone with evidence to prove his involvement in a sexual harassment case against Speaker Peter Slipper to cough it up",theaustralian.com.au,http://www.theaustralian.com.au/news/breaking-news/mp-involved-in-slipper-case-prove-it-says-pyne/story-fn3dxity-1226362002611
2012-05-21,07:54:01,twlh4,16,Bee Gees' singer Robin Gibb dies after cancer battle.,bbc.co.uk,http://www.bbc.co.uk/news/entertainment-arts-18140862
2012-05-21,23:07:54,txiai,14,Chinese firm buys out Kansas City-based AMC Movie Theater corporation for $2.6billion,usatoday.com,http://www.usatoday.com/money/media/story/2012-05-21/china-company-buys-amc-movie-theater-chain/55106114/1
2012-05-21,01:32:41,tw48e,12,Deadly floods strike north Afghanistan ,aljazeera.com,http://www.aljazeera.com/news/asia/2012/05/201252011154790703.html?utm_content=automate&utm_campaign=Trial6&utm_source=NewSocialFlow&utm_term=plustweets&utm_medium=MasterAccount#.T7kckx6qHMw.reddit
