2012-06-26,23:02:28,vmnps,2065,Circumcision of kids a crime - German court,rt.com,http://www.rt.com/news/germany-religious-circumcision-ban-772/
2012-06-26,06:16:43,vlcjf,1249,"Mall collapse in Northern Ontario leaves 1 dead, 30 unaccounted for ... rescue crews are still unabe to enter the wreckage",cbc.ca,http://www.cbc.ca/news/canada/sudbury/story/2012/06/25/elliot-lake-mall-rescue-work.html
2012-06-26,21:19:08,vmjfm,972,"HPV vaccine ban by Calgary bishop putting girls' lives at risk, doctors say",news.nationalpost.com,http://news.nationalpost.com/2012/06/26/187783/
2012-06-26,21:07:45,vmj2m,630,"""Boxes where parents can leave an unwanted baby, common in medieval Europe, have been making a comeback over the last 10 years. Supporters say a heated box, monitored by nurses, is better for babies than abandonment on the street - but the UN says it violates the rights of the child.""",bbc.co.uk,http://www.bbc.co.uk/news/magazine-18585020
2012-06-26,02:42:05,vkxu7,447,Syria fires on second Turkish plane,nzherald.co.nz,http://www.nzherald.co.nz/world/news/article.cfm?c_id=2&objectid=10815526
2012-06-26,00:09:36,vkoqy,444,End of 'compassionate Conservatism' as David Cameron details plans for crackdown on welfare,independent.co.uk,http://www.independent.co.uk/news/uk/politics/end-of-compassionate-conservatism-as-david-cameron-details-plans-for-crackdown-on-welfare-7880774.html
2012-06-26,03:44:38,vl22d,413,Shootout at Mexico City airport kills three police officers,reuters.com,http://www.reuters.com/article/2012/06/25/us-mexico-shooting-idUSBRE85O14X20120625
2012-06-26,17:03:04,vmcf3,413,Prominent Americans urge Ecuador to accept Julian Assange's asylum request,guardian.co.uk,http://www.guardian.co.uk/media/2012/jun/26/ecuador-julian-assange-asylum
2012-06-26,03:35:54,vl1gc,194,"Imagining the Unthinkable: The Disastrous Consequences of a Euro Crash - As the debt crisis worsens in Spain and Italy, financial experts are warning of the catastrophic consequences of a crash of the euro: the destruction of trillions in assets and record high unemployment levels, even in Germany.",spiegel.de,http://www.spiegel.de/international/europe/fears-grow-of-consequences-of-potential-euro-collapse-a-840634.html
2012-06-26,19:22:29,vmg37,166,"Turkish PM vows to help 'liberate Syria from dictatorship': Erdogan lashed out at Syria, saying it poses threat to Turkey’s national security, calling Syrian government tyrants. He warned that any Syrian troops approaching Turkish borders would be dealt with as a military target",rt.com,http://www.rt.com/news/syrian-troops-target-erdogan-763/
2012-06-26,03:41:02,vl1sy,146,"Not an accident, now it was self defense - Syria warns NATO",reuters.com,http://www.reuters.com/article/2012/06/25/us-syria-crisis-idUSBRE85D0IS20120625?feedType=RSS&feedName=topNews&utm_source=feedburner&utm_medium=feed&utm_campaign=Feed%3A+reuters%2FtopNews+%28News+%2F+US+%2F+Top+News%29
2012-06-26,18:24:35,vmemt,123,"Three ultra-Orthodox Jewish men have been arrested in Israel, suspected of defacing the national Holocaust memorial with anti-Zionist graffiti.",bbc.co.uk,http://www.bbc.co.uk/news/world-middle-east-18591455
2012-06-27,00:10:02,vmrg3,105,Travelers run for cover as cops kill cops at Mexico City airport,worldnews.msnbc.msn.com,http://worldnews.msnbc.msn.com/_news/2012/06/26/12410611-travelers-run-for-cover-as-cops-kill-cops-at-mexico-city-airport?lite
2012-06-26,22:24:06,vmm0q,88,"Pandemic H1N1 Flu Killed Far More Than Reported: The pandemic H1N1 flu in 2009 may have killed more than 500,000 people around the world, 15 times more than reported (from r/globalhealth)",health.usnews.com,http://health.usnews.com/health-news/news/articles/2012/06/26/pandemic-h1n1-flu-killed-far-more-than-reported-study
2012-06-27,03:44:58,vn50l,85,"After Rio, we know. Governments have given up on the planet: The post-summit pledge was an admission of defeat against consumer capitalism. But we can still salvage the natural world.",guardian.co.uk,http://www.guardian.co.uk/commentisfree/2012/jun/25/rio-governments-will-not-save-planet
2012-06-27,00:41:44,vmt7r,78,China has pumped billions of dollars into the African nation of Chad's oil infrastructure. Chad's dictator has used the money to maintain power and bribe the populace with cheap oil. ,thediplomat.com,http://thediplomat.com/china-power/chinas-chad-courtship/
2012-06-26,13:14:59,vm2lx,62,EU Commissioner Reveals He Will Simply Ignore Any Rejection Of ACTA By European Parliament Next Week ,techdirt.com,http://www.techdirt.com/articles/20120625/12333619468/eu-commissioner-reveals-he-will-simply-ignore-any-rejection-acta-european-parliament-next-week.shtml
2012-06-26,19:04:45,vmfmn,59,World's oldest bank in Italy 'wants 3bn state aid',france24.com,http://www.france24.com/en/20120626-worlds-oldest-bank-italy-wants-3bn-state-aid
2012-06-26,23:53:29,vmqha,49,Both Koreas suffering worst drought in a century: North Korea dispatched soldiers to pour buckets of water on parched fields and South Korean officials scrambled to save a rare mollusk threatened by the heat as the worst dry spell in a century gripped the Korean peninsula.,hosted2.ap.org,http://hosted2.ap.org/APDEFAULT/3d281c11a96b4ad082fe88aa0db04305/Article_2012-06-26-Koreas-Drought/id-14b6d0d393134205a9c1152d129c59c5
2012-06-26,22:54:50,vmnd2,47,"New details of UK piracy monitoring plan made public: It gives copyright holders three times longer to produce evidence against alleged pirates, and it seriously reduces the right of appeal for the alleged pirates",torrentfreak.com,http://torrentfreak.com/new-details-of-uk-piracy-monitoring-plan-made-public-120626/
2012-06-26,20:45:59,vmidm,44,4 presidents propose upping power of eurozone authorities over national governments,guardian.co.uk,http://www.guardian.co.uk/business/2012/jun/26/european-leaders-plan-save-eurozone?newsfeed=true
2012-06-26,18:34:06,vmevx,32,Video shows police manhandling protester during Tel Aviv rally  Israel News | Haaretz Daily Newspaper,haaretz.com,http://www.haaretz.com/news/national/video-shows-police-manhandling-protester-during-tel-aviv-rally-1.443639
2012-06-26,04:23:36,vl4pj,35,Syrian forces fire at second Turkish plane: Turkey said on Monday Syrian forces had fired towards a Turkish military transport plane involved in a search for an F-4 reconnaissance jet shot down by Syria last week,reuters.com,http://www.reuters.com/article/2012/06/25/../25/us-syria-crisis-idUSBRE85D0IS20120625
2012-06-26,23:32:03,vmp8y,30,Egyptian court says army cannot arrest civilians,rt.com,http://www.rt.com/news/egypt-army-arrest-civilians-788/
2012-06-26,09:08:02,vlnfq,27,Turkey said Monday it would push NATO to consider Syria’s downing of a Turkish jet as an attack on the whole military alliance.,theglobeandmail.com,http://www.theglobeandmail.com/news/world/turkey-to-push-nato-to-consider-syrian-attack-as-attack-on-alliance/article4368328/
2012-06-26,08:25:24,vlku3,27,New strain of TB resistant to all currently available treatments ,businessinsider.com,http://www.businessinsider.com/total-drug-resistant-tuberculosis-prompts-fear-in-india-2012-6
2012-06-26,19:19:48,vmg0s,26,NATO condemns Syria's shooting down of Turkish jet,reuters.com,http://www.reuters.com/article/2012/06/26/us-syria-crisis-nato-rasmussen-idUSBRE85P0D820120626
2012-06-26,21:40:16,vmk7d,25,"Greenland Serving Whale Meat Dishes to Tourists - 

Availability shows Greenland is catching more than it needs to meet requirements of local people, say campaigners",guardian.co.uk,http://www.guardian.co.uk/environment/2012/jun/26/greenland-whale-meat-tourists
2012-06-26,02:09:06,vkvqq,19,Police: Man jumps to death off Eiffel Tower,cbsnews.com,http://www.cbsnews.com/8301-202_162-57459871/police-man-jumps-to-death-off-eiffel-tower/?tag=reddit
2012-06-26,07:04:23,vlfpd,19,Radioactive hot spots found in Tokyo park - NHK,nhk.or.jp,http://www3.nhk.or.jp/daily/english/20120625_29.html
