2012-01-23,16:45:44,osoal,2753,Sir Richard Branson - It’s time to end the failed war on drugs ,telegraph.co.uk,http://www.telegraph.co.uk/news/uknews/crime/9031855/Its-time-to-end-the-failed-war-on-drugs.html
2012-01-23,23:06:38,oswxd,2423,"While the captain watched from shore, heroes stayed aboard - The purser aided 100s into lifeboats & searched until trapped in a submerged area of the ship for 36 hrs.  A janitor fell overboard while helping & died.  A violinist aided children with lifejackets.  His body was found inside the wreck.",news.discovery.com,http://news.discovery.com/human/heroes-of-concordia-crash-121901.html
2012-01-23,05:47:15,orwv2,1694,"Germany has the economic strengths America once boasted -- Germany with its manufacturing base and export prowess is the U.S. of yesteryear, an economic power unlike any of its European neighbors. It has thrived on principles America seems to have lost.",latimes.com,"http://www.latimes.com/business/la-fi-germany-middle-class-20120122,0,1551154,full.story"
2012-01-23,08:35:12,os4fh,1140,SOPA-like law to be unveiled in the next 10 days in Ireland,tjmcintyre.com,http://www.tjmcintyre.com/2012/01/adrian-weckler-confims-that-irelands.html?m=1
2012-01-23,00:07:08,orj0p,630,"U.N. asked to probe U.S. efforts to squelch Spain torture probe - ""When arguably the leading human rights country in the world is engaged in torture and then gives impunity to those torturers, it sends a pretty bad message,"" ...",mcclatchydc.com,http://www.mcclatchydc.com/2012/01/19/136389/un-asked-to-probe-us-efforts-to.html
2012-01-23,21:54:31,osum1,624,"Iran vows to close straight after EU bans Iranian oil, ""If any disruption happens regarding the sale of Iranian oil, the Strait of Hormuz will definitely be closed""",news.nationalpost.com,http://news.nationalpost.com/2012/01/23/iran-renews-strait-of-hormuz-shutdown-threats-after-eu-joins-u-s-in-banning-oil-imports/
2012-01-24,06:17:02,othci,610,Toyota finds way to avoid using rare earth metals,reuters.com,http://www.reuters.com/article/2012/01/23/toyota-rare-earth-idUSL4E8CN4GC20120123
2012-01-23,14:31:08,oskif,296,"Britain, US and France send warships through Strait of Hormuz",telegraph.co.uk,http://www.telegraph.co.uk/news/worldnews/middleeast/iran/9031392/Britain-US-and-France-send-warships-through-Strait-of-Hormuz.html
2012-01-23,21:05:23,oste2,266,Interpol faces legal threat for helping oppressive regimes hunt dissidents,worldnews.msnbc.msn.com,http://worldnews.msnbc.msn.com/_news/2012/01/23/10167327-interpol-faces-legal-threat-for-helping-oppressive-regimes-hunt-dissidents#.Tx1bCJbSwfo.reddit
2012-01-23,16:56:02,osohe,247,"List of top 4,000 tax debtors (owing a combined 14 billion euro) released by Greek govt. A view of the extent of tax evasion.",athensnews.gr,http://www.athensnews.gr/portal/11/52534
2012-01-24,01:05:05,ot1v6,194,"Nigeria's ""witch children"" find refuge at center: Children branded as witches by church ministers are often abused and abandoned, but a center cares for them.
",globalpost.com,http://www.globalpost.com/dispatch/news/regions/africa/nigeria/120117/nigerias-witch-children-find-refuge-at-center
2012-01-24,02:56:08,ot6zh,166,21-year-old Palestinian daughter locked up in 1-1/2 meters big bathroom for 10 years only to let her out at 1 AM to clean ,guardian.co.uk,http://www.guardian.co.uk/world/feedarticle/10055138
2012-01-23,16:48:52,osocn,161,"EU imposes Iran oil embargo
",rt.com,http://rt.com/news/iran-eu-sanctions-oil-419/
2012-01-23,22:50:53,oswbx,147,"Bank Of Canada governor, Canada must look to Asia -- US unlikely to fully recover",vancouversun.com,http://www.vancouversun.com/business/unlikely+fully+recover+Carney+warns/6036478/story.html
2012-01-23,23:28:12,osxrc,121,"Saudi female driver who defied ban dies in fatal accident - A Saudi woman who defied a driving ban in the kingdom was injured and her companion killed when their car overturned in the northern Hael province, a police spokesman said on Monday.",telegraph.co.uk,http://www.telegraph.co.uk/news/worldnews/middleeast/saudiarabia/9033092/Saudi-female-driver-who-defied-ban-dies-in-fatal-accident.html
2012-01-23,17:49:53,ospkz,116,Russia to deliver combat jets to Syria ... in a show of support for President Bashar Assad's regime,news.yahoo.com,http://news.yahoo.com/report-russia-deliver-combat-jets-syria-091138788.html;_ylt=AlwR9qjp6iavcgq2dyHZr.qs0NUE;_ylu=X3oDMTNpcG90ZGVqBG1pdAMEcGtnA2UxODgxOGVmLTVmNzctMzNiMC04ZmE5LWM5MTkxNTlmOWU0YQRwb3MDNgRzZWMDbG5fTGF0ZXN0TmV3c19nYWwEdmVyAzk4MWI0Y2QwLTQ1YTItMTFlMS1iNWZlLTk3ZjRhODAwMTZmNA--;_ylv=3
2012-01-23,17:50:04,ospl5,100,The road to creating the world's first low-cost machine for making sanitary towels began with a Man in India who wore a sanitary towel himself.,guardian.co.uk,http://www.guardian.co.uk/lifeandstyle/2012/jan/22/sanitary-towels-india-cheap-manufacture
2012-01-23,21:51:13,osuiv,66,BBC News - EU proposes 'right to be forgotten' by internet firms,bbc.co.uk,http://www.bbc.co.uk/news/technology-16677370
2012-01-24,05:56:45,otg93,70,French parliament votes to make it a crime to deny 1915 killings of Armenians was genocide,washingtonpost.com,http://www.washingtonpost.com/world/middle-east/french-senate-debates-armenian-genocide-denial-bill-as-turkey-warns-of-reprisals/2012/01/23/gIQAtI9zKQ_allComments.html#comments
2012-01-24,04:41:59,otcfc,65,"Russian police mistake marathon for gay pride parade

",rt.com,http://rt.com/news/prime-time/gay-pride-parade-marathon-495/
2012-01-24,02:25:09,ot5i1,58,The welfare reform bill will erode women's financial independence,guardian.co.uk,http://www.guardian.co.uk/commentisfree/2012/jan/23/welfare-reform-bill-women-independence
2012-01-23,19:34:50,osrj5,49,"France's Senate to vote on controversial bill  criminalizing denial of the Armenian ""genocide""",bbc.co.uk,http://www.bbc.co.uk/news/world-europe-16677986
2012-01-23,23:05:46,oswwb,44,The Iranian oil embargo: does this mean war?,guardian.co.uk,http://www.guardian.co.uk/world/2012/jan/23/iran-oil-embargo-mean-war
2012-01-23,10:29:16,os9md,35,"157 killed in attack in Nigeria by a group called Boko Haram, whose name means ""western education is sacrilege"" ",cnn.com,http://www.cnn.com/2012/01/22/world/africa/nigeria-attacks/index.html
2012-01-23,10:34:05,os9us,34,"Deputy head of Libya's NTC resigns. ""I have one single question: Why has the NTC failed at everything except selling oil? We want to correct the path of the revolution.""",aljazeera.com,http://www.aljazeera.com/news/africa/2012/01/2012122123257948842.html
2012-01-23,14:06:44,osjki,27,The Palestinian children – alone and bewildered – in Israel's jails,guardian.co.uk,http://www.guardian.co.uk/world/2012/jan/22/palestinian-children-detained-jail-israel?CMP=twt_gu
2012-01-24,02:37:21,ot62j,27,Gaddafi supporters seize control of Libyan town,reuters.com,http://www.reuters.com/article/2012/01/23/us-libya-fighting-idUSTRE80M1EC20120123
2012-01-23,22:42:52,osw2d,24,"Palestinian woman freed after being imprisoned for nine years in a bathroom by her father, beaten, barely fed and only let out at night",news.yahoo.com,http://news.yahoo.com/palestinian-police-free-woman-held-9-years-room-095343842.html
2012-01-24,01:02:34,ot1qn,23,"Greece names and shames alleged top tax evaders ... 4,000 alleged tax dodgers, including a former media magnate and a prominent entertainer, with the worst offender owing nearly euro1 billion ($1.3 billion)",news.yahoo.com,http://news.yahoo.com/greece-names-shames-alleged-top-tax-evaders-164529515.html;_ylt=Ahe1YfWyjq7RPSgyN2wjzSGs0NUE;_ylu=X3oDMTNqYXFwY2xtBG1pdAMEcGtnAzFiNDhmZjQzLWI0MjYtM2U1Yi1iZTYyLTA1YmVmOWUyY2ExNQRwb3MDMTUEc2VjA2xuX0xhdGVzdE5ld3NfZ2FsBHZlcgNhNWYxZmFkMC00NWUyLTExZTEtYmJmOS1lNWFjYzEyMWI4ZmU-;_ylv=3
2012-01-23,12:19:05,osevr,24,Blackberry CEOs step down,bbc.co.uk,http://www.bbc.co.uk/news/business-16675452
