2012-06-27,10:19:42,vnt7j,1797,"Australians and New Zealanders are the biggest users of recreational drugs, particularly cannabis, according to the 2012 United Nations World Drug Report.",news.com.au,http://www.news.com.au/national/aussies-the-biggest-recreational-drug-users-in-the-world-report/story-e6frfkvr-1226409745235
2012-06-27,22:02:14,volah,1692,"""The Arab awakenings happened because the Arab peoples stopped fearing their leaders — but they stalled because the Arab peoples have not stopped fearing each other.""",nytimes.com,http://www.nytimes.com/2012/06/27/opinion/the-fear-factor.html?nl=todaysheadlines&emc=edit_th_20120627
2012-06-27,05:07:37,vnagc,1112,Rupert Murdoch forced to break up News Corp ,guardian.co.uk,http://www.guardian.co.uk/media/2012/jun/26/rupert-murdoch-break-up-news-orp?newsfeed=true
2012-06-27,04:26:53,vn7rb,880,"The war on drugs is a failure that is fuelling the global HIV/AIDS epidemic by driving people away from treatment, an international group says.",cbc.ca,http://www.cbc.ca/news/world/story/2012/06/26/drug-war-hiv-aids-policy.html
2012-06-27,03:29:52,vn3xb,824,Canada falls out of top fifty in global freedom of information rankings (from r/Canada),theglobeandmail.com,http://www.theglobeandmail.com/news/national/canada-falls-out-of-top-fifty-in-global-freedom-of-information-rankings/article4364957/
2012-06-27,22:00:07,vol6z,821,"In a remarkable statement, the copyright monopoly fundamentalist Marielle Gallo – of the Gallo Report infamy – says that the citizens of Europe who have been campaigning against ACTA are terrorists",falkvinge.net,http://falkvinge.net/2012/06/26/marielle-gallo-if-youre-campaigning-against-acta-youre-a-terrorist/
2012-06-27,14:48:42,vo80z,472,UK ready to take on Israel over fate of children clapped in irons,independent.co.uk,http://www.independent.co.uk/news/world/middle-east/uk-ready-to-take-on-israel-over-fate-of-children-clapped-in-irons-7888914.html
2012-06-27,08:19:52,vnmkl,452,"Syrian President Bashar al-Assad declared on Tuesday that his country was at war and ordered his new government to spare no effort to achieve victory, as the worst fighting of the 16-month conflict reached the outskirts of the capital.",ca.news.yahoo.com,http://ca.news.yahoo.com/heavy-fighting-around-syrian-capital-activists-080343616.html
2012-06-27,20:08:45,vohj9,294,"Why are Young Indians Killing Themselves? -  Suicide has become the 2nd leading cause of death among the country's young adults, after road accidents in men, & childbirth-related complications in women.  40% of the men & 56% of women who took their lives in 2010 were age 15-29.",bbc.co.uk,http://www.bbc.co.uk/news/world-asia-india-18592865
2012-06-28,01:56:30,voxyi,228,"The Ecuadorian embassies in US and Britain have received over 10,000 messages in support of political asylum for Julian Assange",rawstory.com,http://www.rawstory.com/rs/2012/06/27/10000-messages-back-assanges-asylum-in-ecuador/?utm_source=feedburner&utm_medium=feed&utm_campaign=Feed%3A+TheRawStory+%28The+Raw+Story%29
2012-06-27,18:05:45,voei6,203,Attack on Greek Microsoft Office - Gunmen set fire to the place in Athens,bbc.co.uk,http://www.bbc.co.uk/news/world-europe-18607528
2012-06-28,00:31:20,vosrc,123,"Irish vigilate group hunting drug dealers, in hopes to rid the area of drugs. ",thestar.com,http://www.thestar.com/news/world/article/1217785--republican-vigilantes-target-accused-drug-dealers-in-northern-ireland?bn=1
2012-06-27,06:38:11,vngeu,102,"The pacific nation of Palau ranks first in cannabis consumption, with nearly 25 percent of citizens having smoked in the past year. ",economist.com,http://www.economist.com/blogs/graphicdetail/2012/06/daily-chart-16
2012-06-27,10:42:23,vnui6,76,"German Chancellor Angela Merkel sought to bury once and for all the idea of common euro zone bonds on Tuesday, saying Europe would not share total debt liability ""as long as I live"", as the bloc's big four finance ministers met to narrow differences on how to solve a worsening debt crisis.",reuters.com,http://www.reuters.com/article/2012/06/26/us-eurozone-idUSBRE85O0CS20120626
2012-06-27,11:57:07,vnz09,68,Assad says Syria at war as battle reaches capital,reuters.com,http://www.reuters.com/article/2012/06/26/syria-crisis-idUSL6E8HQBBR20120626
2012-06-27,20:54:50,voivo,63,Syrian rebels destroy goverment  TV station,mobile.nytimes.com,http://mobile.nytimes.com/article?a=938559&f=19
2012-06-28,02:20:35,vozgl,60,"Online and on the streets, Mexico youth protests grow as election looms",cnn.com,http://www.cnn.com/2012/06/27/world/americas/mexico-student-protest-movement/index.html
2012-06-27,18:34:24,vof6s,42,"TransCanada Wins 1 of 3 US Permits for Keystone Pipeline in Galveston District -  2 more permits are needed to finish the line's southern section, rebranded the ""Gulf Coast project"".  Environmentalists argue it fosters more tar sands development in Alberta & have asked the EPA to intervene.",in.reuters.com,http://in.reuters.com/article/2012/06/26/transcanada-keystonexl-idINL2E8HQEUW20120626
2012-06-27,11:52:36,vnyqt,39,"Second boat sinks off Christmas Island: A boat carrying an estimated 150 people has capsized north of Christmas Island, Australian officials say, a week after an asylum-seeker boat sank in the area.",bbc.co.uk,http://www.bbc.co.uk/news/world-asia-18605554
2012-06-27,14:17:17,vo6l4,40,China proposes $10bn loan [and currency swaps] for Latin America countries [MERCOSUR],bbc.co.uk,http://www.bbc.co.uk/news/business-18605450
2012-06-27,13:30:22,vo45x,39,"Britain's Queen Elizabeth is to shake the hand of a once-feared commander of the IRA on Wednesday to seal end of one of Europe's bitterest conflicts, which cost the lives of thousands of soldiers and civilians, including her cousin",reuters.com,http://www.reuters.com/article/2012/06/26/us-irish-queen-idUSBRE85P0WR20120626
2012-06-28,06:59:18,vphin,31,"Putin to Israel: Beware of wars that are 'not that smart', such as the ones in Iraq and Afghanistan.",csmonitor.com,http://www.csmonitor.com/USA/Foreign-Policy/2012/0627/Putin-to-Israel-Beware-not-that-smart-wars-like-ones-in-Iraq-Afghanistan
2012-06-27,14:18:24,vo6mz,28,Germany v France: The eurozone's next big battle?,bbc.co.uk,http://www.bbc.co.uk/news/magazine-18578400
2012-06-27,09:51:46,vnrob,23,Son arrested for killing father over India property dispute: Gave his father a glass of milk laced with poison and also electric shocks to ensure that he was dead,gulfnews.com,http://gulfnews.com/news/world/india/son-arrested-for-killing-father-over-india-property-dispute-1.1040715
2012-06-27,07:23:21,vnj8l,23,Canadian Court Issues Triple-Whammy Ruling In Favor Of Free Speech And Commentary Online,techdirt.com,http://www.techdirt.com/articles/20120626/09551619491/canadian-court-issues-triple-whammy-ruling-favor-free-speech-commentary-online.shtml
2012-06-27,21:47:28,vokpz,21,Caterpillar (NYSE:CAT) pulled from social indexes over company’s use in Palestinian territories,washingtonpost.com,http://www.washingtonpost.com/world/middle_east/caterpillar-pulled-from-social-indexes-over-companys-use-in-palestinian-territories/2012/06/27/gJQA8ewT6V_story.html
2012-06-27,16:51:26,vocht,18,Major UK Bank has worst IT fail ever - customers unable to send/receive funds for a week. People homeless as a result. Fallout to last months.,telegraph.co.uk,http://www.telegraph.co.uk/journalists/rowena-mason/9357228/NatWest-customers-face-struggle-to-overturn-fines-and-blotches-on-credit-rating.html
2012-06-28,03:59:47,vp638,20,Iran: Jews 'to blame for drugs trade',irishtimes.com,http://www.irishtimes.com/newspaper/breaking/2012/0627/breaking36.html
2012-06-27,13:50:35,vo58h,18,"Syria talks of war as tension escalates with Turkey - Damascus at war 'from all angles' says Assad, as Turkish PM vows military response",cbc.ca,http://www.cbc.ca/news/world/story/2012/06/26/syria-turkey-nato-jet-meeting.html
2012-06-27,02:10:11,vmyk1,17,An interactive map detailing Mexico's drug violence and presidential election. ,aljazeera.com,http://www.aljazeera.com/indepth/interactive/2012/06/201262591438842304.html
