2012-09-26,09:35:10,10hbah,2547,"1.5 Million March in Barcelona demand independence from Spain over austerity, unemployment, Euro. ",guardian.co.uk,http://www.guardian.co.uk/world/2012/sep/13/catalonia-million-march?newsfeed=true
2012-09-26,20:46:44,10i31r,2483,"""A Hong Kong tycoon has offered a $65 million 'marriage bounty' to any man who can win the heart of his lesbian daughter, a report said Wednesday [26 September 2012].""",france24.com,http://www.france24.com/en/20120926-hk-tycoon-offers-fortune-marry-off-gay-daughter
2012-09-26,10:50:18,10hg2y,1556,"13 year old Filipino homeless boy wins $130,000 peace prize ",huffingtonpost.com,http://www.huffingtonpost.com/2012/09/25/kesz-valdez-_n_1910737.html?ncid=edlinkusaolp00000003
2012-09-26,03:25:34,10gnoy,1542,Spanish Congress surrounded... Spain in full revolt over Austerity ? ,rt.com,http://rt.com/on-air/surround-congress-madrid-live/
2012-09-26,22:08:56,10i63t,1408,Switzerland Questions Crazy Hollywood Claims About File Sharing... Ends Up On Congressional Watchlist,techdirt.com,http://www.techdirt.com/articles/20120921/15010920465/switzerland-questions-crazy-hollywood-claims-about-file-sharing-ends-up-congressional-watchlist.shtml
2012-09-26,03:31:45,10go30,802,Massive protest in Spain outside of the congress building. ,elpais.com,http://elpais.com/elpais/2012/09/17/videos/1347870347_245504.html
2012-09-26,05:06:17,10gua3,493,Spain police fire rubber bullets at Madrid protest,bbc.co.uk,http://www.bbc.co.uk/news/world-europe-19712203
2012-09-26,17:52:00,10hyq2,446,"Iran develops drone planes, possibly from downed American drone",bbc.co.uk,http://www.bbc.co.uk/news/world-middle-east-19725990?RSS
2012-09-26,23:40:47,10ias0,369,French President François Hollande tells UN to decriminalize homosexuality around the world,towleroad.com,http://www.towleroad.com/2012/09/hollandeun.html
2012-09-26,23:09:47,10i92j,351,"""Anti-Islam film had 'nothing to do with' US Consulate attack"" -Libyan president",worldnews.nbcnews.com,http://worldnews.nbcnews.com/_news/2012/09/26/14105135-libyan-president-to-nbc-anti-islam-film-had-nothing-to-do-with-us-consulate-attack#comments
2012-09-26,21:52:35,10i5e9,344,"Russia suspends import, use Of GM Corn made by Monsanto following a study's allegations that the crop causes cancer",nasdaq.com,http://www.nasdaq.com/article/russia-suspends-import-use-of-genetically-modified-corn-20120925-00065
2012-09-26,18:24:19,10hzgw,251,Statistical model suggests widespread fraud in Russian election,latimes.com,"http://www.latimes.com/news/science/sciencenow/la-sci-sn-statistical-model-suggests-fraud-in-russian-election-20120924,0,7756929.story?track=rss"
2012-09-26,11:16:45,10hhs2,144,"RBS Instant Messages Show Libor Rates Skewed for Traders.  RBS ""trader Tan Chi Min told colleagues the firm was able to move global interest rates, according to electronic messages the bank is trying to make secret.""",bloomberg.com,http://www.bloomberg.com/news/2012-09-25/rbs-instant-messages-show-libor-rates-skewed-for-traders.html
2012-09-26,21:42:39,10i4za,138,"Europe Is Taking Online Privacy Far More Seriously Than The U.S.
",thinkprogress.org,http://thinkprogress.org/economy/2012/09/25/895171/europe-online-privacy/
2012-09-26,22:49:14,10i829,134,Secret POW camp tapes reveal German atrocities were performed by more individuals than originally thought,mirror.co.uk,http://www.mirror.co.uk/news/uk-news/secret-nazi-tapes-shocking-germany-1336922
2012-09-26,23:07:05,10i8x9,92,France set to ban the words 'mother' and 'father' from official documents,telegraph.co.uk,http://www.telegraph.co.uk/news/worldnews/europe/france/9563543/France-set-to-ban-the-words-mother-and-father-from-official-documents.html
2012-09-26,06:44:14,10h0uh,78,Georgia's Prison Rape Scandal—and What It Says About the Rose Revolution ,theatlantic.com,http://www.theatlantic.com/international/archive/2012/09/georgias-prison-rape-scandal-and-what-it-says-about-the-rose-revolution/262720/
2012-09-26,03:39:46,10gom1,70,"Six in 10 Mexican prisons are ""self-governed"" by prison gangs or drug cartels, a new report claims. ",telegraph.co.uk,http://www.telegraph.co.uk/news/worldnews/centralamericaandthecaribbean/mexico/9564312/Six-in-10-Mexican-prisons-self-governed-by-gangs.html
2012-09-26,21:29:19,10i4fl,68,Outrage leads Stockholm library to drop Tintin ban - The Local,thelocal.se,http://www.thelocal.se/43434/20120925/
2012-09-26,04:11:12,10gqqc,70,'Occupy Congress'- violence at protest in Madrid,bbc.co.uk,http://www.bbc.co.uk/news/world-europe-19712203
2012-09-26,22:16:30,10i6ge,72,"Australian troops dying in Afghanistan to ""defend American prestige"" & it's difficult to justify continued involvement in the war, says former finance minister Lindsay Tanner, adding that Australia should've withdrawn long ago. ",theaustralian.com.au,http://www.theaustralian.com.au/news/breaking-news/troops-dying-to-defend-us-prestige-tanner/story-fn3dxiwe-1226482121702
2012-09-26,11:33:02,10his4,53,"An Oregon inmate, Bobby Jack Fowler, who died in 2006 has been confirmed as the killer of a 16-year-old B.C. hitchhiker, and may be responsible for as many as nine other slayings and disappearances along B.C.’s so-called Highway of Tears",huffingtonpost.ca,http://www.huffingtonpost.ca/2012/09/25/bobby-jack-fowler-highway-of-tears-killer-bc_n_1913693.html?utm_hp_ref=canada
2012-09-27,00:34:42,10idu0,54,It's on. Philippine Central Bank website hacked by Anonymous in response to the passing of the Cybercrime Prevention Bill (SOPA Philippine style) that will lay the groundwork for the curtailing of internet freedom and freedom of expression as a whole,bsp.gov.ph,http://www.bsp.gov.ph/
2012-09-26,02:01:58,10gi3a,46,Brazil Judge Orders Arrest Of Google President,denverpost.com,http://www.denverpost.com/breakingnews/ci_21626715/brazil-judge-orders-arrest-google-president
2012-09-26,07:40:48,10h4ef,45,Israelis shrug at Netanyahu's urgent warnings on Iran,csmonitor.com,http://www.csmonitor.com/World/Middle-East/2012/0925/Israelis-shrug-at-Netanyahu-s-urgent-warnings-on-Iran-video
2012-09-26,22:13:50,10i6az,43,Hong Kong Billionaire offers £40 Million marriage bounty for gay daughter.,telegraph.co.uk,http://www.telegraph.co.uk/news/worldnews/asia/hongkong/9567363/Hong-Kong-billionaire-offers-40-million-marriage-bounty-for-gay-daughter.html
2012-09-26,07:42:41,10h4iz,43,"Egypt's Top Islamic University, Al-Azhar, and Egyptian Churches Agree: Islam Remains Source of Egyptian Law - ""it has become clear that the constitution is being drafted to enable a specific current to establish a religious state so that it can seize power.”


",al-monitor.com,http://www.al-monitor.com/pulse/politics/2012/09/egypt-al-azhar-and-church-agree-on-keeping-article-ii-constitutional-assembly.html#ixzz27WXw5Ns1
2012-09-27,00:48:23,10ieot,38,Iran issues travel warning for Canada,cbc.ca,http://www.cbc.ca/news/world/story/2012/09/26/un-general-assembly.html
2012-09-26,07:03:51,10h22p,41,"A police constable has risked embarrassment after launching an investigation into a ""suspicious light source"" which was later found to be the moon.",telegraph.co.uk,http://www.telegraph.co.uk/news/newstopics/howaboutthat/9564852/Police-launched-investigation-into-the-suspicious-moon.html
2012-09-26,03:35:05,10goar,40,Crime wave has Germans looking at easing gun laws,sacbee.com,http://www.sacbee.com/2012/09/25/4851190/crime-wave-has-germans-looking.html
