2012-08-11,09:00:30,y0vtn,1988,Saudi Arabia Won't Let Israel Cross Airspace To Attack Iran,ibtimes.com,http://www.ibtimes.com/articles/372432/20120810/saudi-arabia-will-allow-israel-cross-airspace.htm
2012-08-11,02:11:05,y06xn,566,UN Pleads With US to Curtail Ethanol Production To Prevent Famine,edition.cnn.com,http://edition.cnn.com/2012/08/09/business/un-us-ethanol/index.html
2012-08-11,02:50:24,y09gx,342,"Stratfor emails reveal secret, widespread TrapWire surveillance system",rt.com,https://rt.com/usa/news/stratfor-trapwire-abraxas-wikileaks-313/
2012-08-11,15:38:20,y1f1x,313,Vietnam workers kept like slaves at factory in Russia,bbc.co.uk,http://www.bbc.co.uk/news/world-europe-19197095
2012-08-11,04:28:52,y0ftk,229,"Israel's prime minister and defense minister would like to attack Iran's nuclear sites before the U.S. election in November but lack crucial support within their cabinet and military, an Israeli newspaper said on Friday.",reuters.com,http://www.reuters.com/article/2012/08/10/us-israel-iran-nuclear-idUSBRE8790IF20120810?feedType=RSS&feedName=topNews&utm_source=feedburner&utm_medium=feed&utm_campaign=Feed%3A+reuters%2FtopNews+%28News+%2F+US+%2F+Top+News%29
2012-08-11,23:51:06,y1rzh,114,"Montreal Student Riots, Quebec's Speech-Killing Bill 78, & Something Called the ""Anarchopanda""",reason.com,http://reason.com/reasontv/2012/08/08/montreal-doc
2012-08-11,13:23:03,y18zh,107,"Indian minister says bureaucrats 'can steal a little': A provincial minister in India's most populous state has sparked a scandal after suggesting to bureaucrats that they could ""steal a little"" if they performed well in their duties. ",telegraph.co.uk,http://www.telegraph.co.uk/news/worldnews/asia/india/9467018/Indian-minister-says-bureaucrats-can-steal-a-little.html
2012-08-11,00:27:24,y00fc,95,Pussy Riot: Russia's deputy prime minister calls Madonna a whore | GlobalPost,globalpost.com,http://www.globalpost.com/dispatch/news/regions/europe/russia/120809/pussy-riot-russian-deputy-prime-minister-calls-mondana-wh
2012-08-11,11:35:18,y13ka,64,"Resistant Gonorrhea: CDC Says Just One Drug Left: Exactly 6 months after warning that gonorrhea was becoming untreatable by the last two drugs commonly used against it, CDC has taken one of those drugs off the table, leaving just one antibiotic available to treat the disease",wired.com,http://www.wired.com/wiredscience/2012/08/gonorrhea-one-drug/
2012-08-11,13:32:55,y19ie,58,No man’s land: Women-only city planned for Saudi Arabia — RT,rt.com,http://www.rt.com/news/women-city-saudi-sharia-339/
2012-08-11,01:41:43,y054n,54,"Parkinson's man arrested at Olympic cycling for ""not smiling"": ""I was arrested on 'suspicion of being about to cause a public order offence' or something like that.""",getsurrey.co.uk,http://www.getsurrey.co.uk/news/s/2118462_parkinsons_man_arrested_at_cycling_for_not_smiling
2012-08-11,22:18:47,y1oue,55,Chavez highlights arrest of US 'marine mercenary' | News  ,dw.de,"http://www.dw.de/dw/article/0,,16159917,00.html"
2012-08-11,09:50:58,y0yby,51,"A Libyan army general, with a senior defence ministry role, has been shot dead in the eastern city of Benghazi.",bbc.co.uk,http://www.bbc.co.uk/news/world-africa-19220027
2012-08-11,12:11:24,y15ef,50,Middle Eastern Gauss malware could be state sponsored: Code linked to Flame and Stuxnet attacks,theregister.co.uk,http://www.theregister.co.uk/2012/08/10/gauss_middle_east_malware/
2012-08-11,04:48:15,y0h0k,49,"Spanish police thwart Mexican cartel attempting to set up in Europe:  Spanish police, working closely with the FBI, have smashed an attempt by Mexico's biggest drugs cartel to set-up in Europe. ",telegraph.co.uk,http://www.telegraph.co.uk/news/worldnews/europe/spain/9467192/Spanish-police-thwart-Mexican-cartel-attempting-to-set-up-in-Europe.html
2012-08-11,11:47:08,y145u,45,Mexican cartel 'thwarted' in Spain,cnn.com,http://www.cnn.com/2012/08/10/world/europe/spain-drug-bust/index.html
2012-08-11,08:51:42,y0vca,45,"India's enduring problem with malnutrition a ""national shame."" Millions of children suffering from severe malnutrition.",bbc.co.uk,http://www.bbc.co.uk/news/world-asia-india-19190437
2012-08-11,12:06:29,y1563,43,"The Royal Spanish Academy, the arbiter of the Spanish language, will add Espanglish (Spanglish) to its 2014 dictionary and experts believe the future of the Spanish language is in the US, not Spain or Mexico.",npr.org,http://www.npr.org/2012/08/10/158570815/puedes-believe-it-spanglish-gets-in-el-dictionary
2012-08-11,08:09:05,y0syz,41,Facebook 'should help pay for illegal parties' according to German state interior ministers,thelocal.de,http://www.thelocal.de/national/20120810-44273.html
2012-08-11,03:32:11,y0c5k,33,"Vietnamese Airline, VietJetAir, Fined for In-Flight Bikini Show - ABC News",abcnews.go.com,http://abcnews.go.com/blogs/lifestyle/2012/08/vietnamese-airline-vietjetair-fined-for-in-flight-bikini-show/
2012-08-11,22:30:49,y1p7h,25,Fossils found in Kenya hint at distant cousins to our ancestors,nola.com,http://www.nola.com/education/index.ssf/2012/08/fossils_found_in_kenya_hint_at.html
2012-08-11,06:52:45,y0oq3,24,"Jordanian military clashes with Syrian military, 0 Jordanian deaths",reuters.com,http://www.reuters.com/article/2012/08/10/syria-crisis-jordan-confirmation-idUSL6E8JAEMG20120810
2012-08-11,02:12:26,y070c,18,Oil Falls Below $92 After Weak China Trade Data,abcnews.go.com,http://abcnews.go.com/International/wireStory/oil-falls-92-weak-china-trade-data-16976039#.UCVA2lLeLwB
2012-08-11,06:17:50,y0mmc,20,"Kaspersky Lab: New ""Gauss"" virus simlar to Flame and Stuxnet aimed at stealing Lebanese customers' bank info discovered. ",securelist.com,http://www.securelist.com/en/blog/208193767/Gauss_Nation_state_cyber_surveillance_meets_banking_Trojan
2012-08-11,02:09:37,y06ua,17,India yoga guru draws thousands to anti-graft rally,news.yahoo.com,http://news.yahoo.com/india-yoga-guru-draws-thousands-anti-graft-rally-165941062.html
2012-08-12,04:38:09,y25xd,17,"The Supreme Court of Mexico has ruled against military tribunals for armed forces personnel accused of human rights violations, calling instead for civilian trials.",aljazeera.com,http://www.aljazeera.com/news/americas/2012/08/20128118446129183.html
2012-08-11,22:32:31,y1p9b,15,Hobbit pub copyright row: Legal fees fundraising event,bbc.co.uk,http://www.bbc.co.uk/news/uk-england-hampshire-19211456
2012-08-11,21:45:10,y1nxd,15,Belgians ‘skeptical’ that nuclear reactor will come back online after cracks discovered near core,rawstory.com,http://www.rawstory.com/rs/2012/08/10/belgians-skeptical-that-nuclear-reactor-will-come-back-online-after-cracks-discovered-near-core/
2012-08-11,06:39:25,y0nxz,13,"Chinese Politics Scandal: Bo Xilai's Wife Confesses, But Says She Murdered British Expat After He Threatened Her Son",businessinsider.com,http://www.businessinsider.com/did-bo-xilais-wife-murder-a-uk-businessman-after-he-threatened-to-destroy-her-son-2012-8
2012-08-11,08:38:54,y0unu,11,"French speed cameras pull in record cash haul:   The number of fixed speed cameras on French roads has increased apace since they were introduced in 2003. But despite almost halving the number of motoring fatalities, not everyone is happy. ",france24.com,http://www.france24.com/en/20120810-french-speed-cameras-pull-record-cash-haul-french-national-agency-for-automatic-offences
