2012-11-30,22:54:37,141xg1,2901,"Less than 24 hours after General Assembly recognizes Palestine as non-member state, Israel responds by approving construction of 3,000new housing units in Jerusalem, West Bank",google.com,http://www.google.com/hostednews/afp/article/ALeqM5hcxf_YZ7oKZRJNQ8Nyd3yTKHrrhw?docId=CNG.a7d2f8d949f2ecbfd7611ccf89934f70.01&index=0
2012-11-30,22:02:15,141v19,2409,"North Korea Has Found a Secret Unicorn Lair, Apparently - 
""Archaeologists of the History Institute of the DPRK Academy of Social Sciences have recently reconfirmed a lair of the unicorn rode by King Tongmyong, founder of the Koguryo Kingdom"", reports the — wait. Stop. UNICORNS? ",theatlanticwire.com,http://www.theatlanticwire.com/global/2012/11/north-korea-says-they-unearthed-unicorn-lair/59483/
2012-11-30,22:51:36,141xaw,1898,Global hacking network declares Internet war on Syria -  Anonymous says it'll shut down Syrian govt websites around the world in response to a countrywide Internet blackout believed to be aimed at silencing opposition to the president.,chicagotribune.com,"http://www.chicagotribune.com/news/sns-rt-us-syria-crisis-internetbre8at0pn-20121130,0,6846901.story"
2012-11-30,20:16:27,141ro2,428,"Mexican Cartels Enslave Engineers to Build Radio Network - At least 36 engineers & technicians have been kidnapped in the past 4 yrs. None of them have been held for ransom —  just disappeared.   “When they need specialists they catch them, use them, & discard them.” ",wired.com,http://www.wired.com/dangerroom/2012/11/zeta-radio/?utm_source=Contextly&utm_medium=RelatedLinks&utm_campaign=Previous
2012-11-30,00:23:17,13zyxa,426,"In Syria, fighting escalates as the country's internet goes dark, and cell phone communication go down. We don’t know why yet, but in the past, the Syrian government has cut off access during major operations.",boston.com,http://www.boston.com/news/world/middle-east/2012/11/29/nationwide-internet-blackout-syria/gl3PR0Llbwgw6kQjPrumWO/story.html
2012-11-30,22:15:21,141vkt,399,"Syria's Internet Blackout Explained -  ""Syria has 4 physical cables that connect it to the rest of the internet. 3 are undersea. The 4th is an over-land cable through Turkey. In order for a whole-country outage, all 4 would've had to been cut simultaneously."" ",wired.co.uk,http://www.wired.co.uk/news/archive/2012-11/30/syria-offline
2012-11-30,06:10:56,140mrl,393,UN votes overwhelmingly to upgrade Palestine's status,live.reuters.com,http://live.reuters.com/Event/UN_General_Assembly_meeting_on_Palestine
2012-11-30,13:51:36,141g3z,283,"Attacked with acid because she spurned men's advances, then proceeds to win millions of rupees on ""Who Wants to be a Millionaire"" in India.",in.reuters.com,http://in.reuters.com/article/2012/11/30/india-acid-victim-kaun-banega-crorepati-idINDEE8AT02Q20121130
2012-11-30,19:52:04,141r1b,254,Whisky saves man's eyesight after being blinded by vodka,nzherald.co.nz,http://www.nzherald.co.nz/nz/news/article.cfm?c_id=1&objectid=10851152
2012-11-30,00:06:10,13zxx9,209,Internet and Phone Service Cut in Syria,abcnews.go.com,http://abcnews.go.com/International/wireStory/internet-phones-cut-parts-syrian-capital-17835782#.ULeHydPjl5_
2012-11-30,06:24:52,140nqs,203,UN General Assembly recognizes Palestine as a state 138-9 with 41 abstaining,ctvnews.ca,http://www.ctvnews.ca/world/un-recognizes-palestine-as-non-member-observer-state-1.1058351
2012-11-30,02:40:30,14085v,185,Australians think cigarettes in the new mandatory plain packaging taste worse than they did in branded packs.,heraldsun.com.au,http://www.heraldsun.com.au/news/national/plain-packaging-leaves-bad-taste-in-smokers-mouths/story-fndo317g-1226527002998
2012-11-30,20:01:00,141r97,169,The U.N. Shouldn't Decide on an Open Internet Behind Closed Doors - The goal is to update a decades-old treaty. But certain countries seem to be attempting a quiet coup in updating it – one that could violate our rights online while leaving users less secure & with slower service.,wired.com,http://www.wired.com/opinion/2012/11/you-cant-make-decisions-about-the-open-internet-behind-closed-doors/
2012-11-30,19:20:40,141qa0,131,Hitler's Strange Afterlife In India,thedailybeast.com,http://www.thedailybeast.com/articles/2012/11/30/hitler-s-strange-afterlife-in-india.html
2012-11-30,14:51:00,141iqe,114,France tells UK's richest man Lakshmi Mittal: sell up or we nationalise,belfasttelegraph.co.uk,http://www.belfasttelegraph.co.uk/news/world-news/france-tells-uks-richest-man-lakshmi-mittal-sell-up-or-we-nationalise-16244632.html
2012-11-30,12:07:45,141aim,109,Qatari poet jailed for life for ‘insulting’ Emir with his poem  — RT,rt.com,https://rt.com/news/qatar-poet-life-sentence-922/
2012-11-30,21:53:35,141uph,87,Dominique Strauss-Kahn may pay the maid who accused him of attempted rape $6 million to resolve her civil lawsuit,bloomberg.com,http://www.bloomberg.com/news/2012-11-30/strauss-kahn-to-pay-maid-6-million-to-settle-suit-monde-says.html
2012-11-30,23:21:06,141yq4,82,Philippines criticises 'dictatorial' China  - Chinese naval patrols have been authorized to search and repel ships that “illegally enter” an area in the South China Sea through which much of the region’s commercial vessels pass,telegraph.co.uk,http://www.telegraph.co.uk/news/worldnews/asia/philippines/9714430/Philippines-criticises-dictatorial-China.html
2012-11-30,06:09:49,140mok,84,UN Makes Palestine Non-Member Observer State,ctvnews.ca,http://www.ctvnews.ca/world/abbas-asks-un-to-recognize-palestine-ahead-of-historic-vote-1.1058351
2012-11-30,21:16:17,141thd,70,"Austrian police seize servers that were part of a global anonymous browsing system, after images showing child sex abuse were found passing through them - The Onion Router (Tor)  pipes data through many different nodes to hide who is browsing what site.",bbc.co.uk,http://www.bbc.co.uk/news/technology-20554788
2012-11-30,21:10:24,141ta1,64,Egypt's new constitution: An unofficial translation,egyptindependent.com,http://www.egyptindependent.com/news/egypt-s-new-constitution-unofficial-translation
2012-11-30,02:03:31,1405i5,59,First Use of OMG Abbreviation Found in a 1917 Letter to Winston Churchill,newsfeed.time.com,http://newsfeed.time.com/2012/11/29/omg-first-use-of-abbreviation-found-in-a-letter-to-winston-churchill/
2012-11-30,19:23:27,141qcm,59,4 Reasons Britannia Rules the Waves (& Wind & Solar) - UK this week released a comprehensive (if complicated & controversial) new energy bill that triples subsidies for non-carbon energy & opened a new green bank that'll rush cash to alternative energy projects.,motherjones.com,http://www.motherjones.com/blue-marble/2012/11/four-reasons-britannia-ruling-waves-and-wind-and-solar
2012-11-30,23:50:50,141zvc,46,Muslims Face Expulsion From Western Myanmar - Ethnic Hatred Tears Apart a Region of Myanmar,nytimes.com,http://www.nytimes.com/2012/11/30/world/asia/muslims-face-expulsion-from-western-myanmar.html?google_editors_picks=true&_r=0
2012-11-30,22:28:14,141w5x,42,Brazil economy slows unexpectedly,bbc.co.uk,http://www.bbc.co.uk/news/business-20555816
2012-11-30,02:27:16,14077x,27,"The UN holds hush-hush talks on regulating the Internet, behind closed doors in a repressive country.",fullcomment.nationalpost.com,http://fullcomment.nationalpost.com/2012/11/29/kelly-mcparland-the-un-holds-hush-hush-talks-on-regulating-the-internet-behind-closed-doors-in-a-repressive-country/
2012-11-30,20:58:38,141swf,31,"Mexico’s crime wave has left about 25,000 missing, government documents show. Mexico’s attorney general has compiled a list showing that more than 25,000 adults and children have gone missing in Mexico in the past six years, according to unpublished government documents.",washingtonpost.com,http://www.washingtonpost.com/world/the_americas/mexicos-crime-wave-has-left-up-to-25000-missing-government-documents-show/2012/11/29/7ca4ee44-3a6a-11e2-9258-ac7c78d5c680_story.html?tid=socialss
2012-11-30,06:08:47,140mm0,32,"Ehud Olmert, Former Israeli Prime Minister, Supports Palestinians' U.N. Bid",huffingtonpost.com,http://www.huffingtonpost.com/2012/11/29/ehud-olmert-palestinians-un-bid_n_2212394.html
2012-11-30,06:19:44,140nej,20,"The U.N. General Assembly votes, 138 to 9, to recognize a Palestinian state, with 41 nations abstaining.",newstimes.com,http://www.newstimes.com/news/us/article/UN-recognizes-state-of-Palestine-4075612.php
2012-11-30,23:58:23,1420b3,22,The New War on Drugs: ASEAN Style-- Nations in Asia are stepping up their fight against illegal drugs as other parts of the world are decriminalizing them.,thediplomat.com,https://thediplomat.com/2012/11/30/the-new-war-on-drugs-in-southeast-asia/
