2012-09-17,00:14:14,zz1c6,2547,Forensic experts have failed to find crucial DNA evidence in the sexual assault case against Julian Assange,smh.com.au,http://www.smh.com.au/world/no-assange-dna-on-torn-condom--report-20120916-260vs.html
2012-09-17,12:34:22,1007m0,1916,"France Says No to Genetically Modified Crops, No to Fracking: the ban specifically targets Monsanto's MON810 maize, as it is the only GMO currently allowed in Europe",commondreams.org,https://www.commondreams.org/headline/2012/09/16
2012-09-17,05:39:06,zzj3p,1494,Japan's ambassador to China mysteriously dies in Tokyo ,reuters.com,http://www.reuters.com/article/2012/09/16/japan-china-envoy-idUSL3E8KG07F20120916
2012-09-17,23:17:56,100tyb,1169,Salman Rushdie: 'Satanic Verses would not be published today' and would be censored to appease Islam,bbc.co.uk,http://www.bbc.co.uk/news/entertainment-arts-19600879
2012-09-17,20:55:23,100oa7,842,Myanmar frees all political prisoners,nytimes.com,http://www.nytimes.com/reuters/2012/09/17/world/asia/17reuters-myanmar-prisoners.html
2012-09-17,16:00:54,100gn2,554,Search starts for mother of young child in photograph holding sign 'Behead all those who insult the prophet' during Muslim riots in Sydney.,news.com.au,http://www.news.com.au/national/probe-into-boy-holding-beheading-sign/story-fncynjr2-1226475238920
2012-09-17,23:55:36,100vvu,369,OPEC is investing in solar power so they don't have to use their oil to refine more oil.,online.wsj.com,http://online.wsj.com/article/SB10000872396390443659204577573263263346498.html?mod=googlenews_wsj
2012-09-17,22:22:57,100rcw,322,Japan tooth patch could be end of decay,france24.com,http://www.france24.com/en/20120916-japan-tooth-patch-could-be-end-decay
2012-09-17,21:51:45,100q35,314,Ex-Mossad Chief: Attack On Iran 'Stupidest Idea I've Ever Heard',huffingtonpost.com,http://www.huffingtonpost.com/2012/09/16/meir-dagan-mossad-iran-attack-stupid_n_1888840.html
2012-09-17,18:52:35,100l7h,306,Germany bars US pastor Terry Jones (the crazy one who burnt the Koran),spiegel.de,http://www.spiegel.de/international/world/german-to-ban-us-pastor-terry-jones-from-entering-country-a-856173.html
2012-09-17,14:38:59,100dqy,279,"Amid Japan China row, United States and Japan announce joint Missile Defense Program",washingtonpost.com,http://www.washingtonpost.com/world/us-and-japan-announce-shared-missile-defense-system-expansion/2012/09/17/7c6ab77e-0086-11e2-9367-4e1bafb958db_story.html
2012-09-17,11:33:53,10045k,262,Key evidence in Assange case dissolves,theregister.co.uk,http://www.theregister.co.uk/2012/09/17/assange_case_goes_flaccid/
2012-09-17,22:52:11,100so8,239,An armada of US and British naval power is massing in the Persian Gulf in the belief that Israel is considering a pre-emptive strike against Iran’s suspected nuclear weapons programme.,telegraph.co.uk,http://www.telegraph.co.uk/news/worldnews/middleeast/iran/9545597/Armada-of-international-naval-power-massing-in-the-Gulf-as-Israel-prepares-an-Iran-strike.html
2012-09-17,00:53:43,zz342,234,The Incredible Muslim Hulk proves to be no friend of Islam either,smh.com.au,http://www.smh.com.au/opinion/politics/the-incredible-muslim-hulk-proves-to-be-no-friend-of-islam-either-20120916-260e8.html
2012-09-17,11:45:41,1004tv,202,"Pirate Bay Founder Officially Arrested For Tax Hack, Denies Accusations
",torrentfreak.com,https://torrentfreak.com/pirate-bay-founder-officially-arrested-for-tax-hack-denies-accusations-120916/
2012-09-17,04:52:56,zzgi8,194,Iran confirms it has forces in Syria and will take military action if pushed,guardian.co.uk,http://www.guardian.co.uk/world/2012/sep/16/iran-middleeast
2012-09-17,05:27:29,zzifn,171,"17 Men Found Shot &  Tied Up in Chains in Mexico - Witnesses say  people in trucks stopped along a road & tossed the bodies out.  At least 60,000 have died in drug-related violence in Mexico since 2006.

 ",news.com.au,http://www.news.com.au/breaking-news/world/bodies-found-in-mexico/story-e6frfkui-1226475437157
2012-09-17,12:31:09,1007fw,152,"Time running out to save coral reefs, scientists say: Around 70 per cent of corals are expected to suffer from long-term degradation by 2030, even if strict emission cuts are enforced, according to the study




",smh.com.au,http://www.smh.com.au/environment/climate-change/time-running-out-to-save-coral-reefs-scientists-say-20120917-260yg.html
2012-09-17,22:02:08,100qhs,142,Panasonic closes China plants after violent protests ,cnn.com,http://www.cnn.com/2012/09/17/business/china-japan-panasonic/index.html?hpt=hp_t2
2012-09-17,23:04:32,100tak,138,Growing tension between China and Japan fuels concerns over potential war,theglobeandmail.com,http://www.theglobeandmail.com/news/world/growing-tension-between-china-and-japan-fuels-concerns-over-potential-war/article4548515/
2012-09-17,22:12:33,100qwr,125,"Berlin residents unhappy with ""visiting hipsters""",smh.com.au,http://www.smh.com.au/travel/travel-news/no-entry-for-hipsters--berliners-unhappy-with-tourist-boom-20120917-2618m.html
2012-09-18,00:42:40,100ymj,86,Government hands keys to Senkaku Islands to Japan Coast Guard ,ajw.asahi.com,http://ajw.asahi.com/article/asia/china/AJ201209150012
2012-09-17,12:30:56,1007f9,77,"China claims most of South China Sea based on it existing on ancient maps, even though some are less than 20 miles from another country's main shorelines",blogs.voanews.com,http://blogs.voanews.com/state-department-news/2012/07/27/is-china-overplaying-its-hand-in-the-south-china-sea/
2012-09-17,14:23:31,100d3o,69,China tensions force Japanese companies to retreat,reuters.com,http://www.reuters.com/article/2012/09/17/us-china-japan-idUSBRE88F00H20120917
2012-09-17,13:21:46,100a6i,70,50 arrested over US envoy killing in Libya,news.ph.msn.com,http://news.ph.msn.com/top-stories/libya-arrests-50-over-us-envoy-killing-2
2012-09-17,06:57:15,zznpz,66,Mysterious tourist deaths in Asia prompt poison probe - CNN.com,cnn.com,http://www.cnn.com/2012/09/13/health/mysterious-tourist-deaths-asia/
2012-09-17,07:12:57,zzool,61,Amanpour shoots down Brian Ross’ claim that Iran four weeks away from nuclear weapons,rawstory.com,http://www.rawstory.com/rs/2012/09/16/amanpour-shoots-down-brian-ross-claim-that-iran-four-weeks-away-from-nuclear-weapons/#.UFZOzcSRd-4.reddit
2012-09-17,08:37:59,zzth0,54,Israeli PM demands US 'red line' on Iran  ,aljazeera.com,http://www.aljazeera.com/news/middleeast/2012/09/20129162155028597.html
2012-09-17,03:06:16,zzab8,52,"
Koran-burning pastor barred from Germany
",english.ruvr.ru,http://english.ruvr.ru/2012_09_16/Koran-burning-pastor-barred-from-Germany/
2012-09-17,12:04:10,1005x1,52,China claims 'success' in patrolling disputed islands,bbc.co.uk,http://www.bbc.co.uk/news/world-asia-china-19620013
