2012-07-03,21:33:17,vz4pk,2647,"European court declares resale of used software 
licenses legal, not matter where and how they were 
obtained.",dw.de,"http://www.dw.de/dw/article/0,,16069323,00.html"
2012-07-03,09:28:40,vyb7r,1852,"Eighty-Five Syrian Soldiers, Including a General, Defect en Masse to Turkey",nytimes.com,http://www.nytimes.com/2012/07/03/world/middleeast/dozens-of-syrian-soldiers-defect-en-masse-to-turkey.html?smid=re-share
2012-07-03,15:57:05,vyved,1381,"$3.5B later, China has built an empty city in Angola.",bbc.co.uk,http://www.bbc.co.uk/news/world-africa-18680217
2012-07-03,11:00:58,vyghm,1291,21 Nations Block Effort to Turn Southern Atlantic Into Giant Whale Sanctuary,bbc.co.uk,http://www.bbc.co.uk/news/world-latin-america-18684015
2012-07-03,13:38:46,vypc0,738,"Tuscan police officers pay for shoplifter's goods after they see 2 brothers, the older with a wife and two children, had only pasta, milk, nappies and baby food",smh.com.au,http://www.smh.com.au/world/strangebuttrue/sympathetic-policeman-pays-for-shoplifters-goods-20120627-211ck.html
2012-07-03,01:13:11,vxge7,643,"Mexico elects Enrique Peña Nieto as its new leader, rejecting the ruling party in part because of its inability to end a bloody conflict with the drug cartels",theweek.com,http://theweek.com/article/index/230095/can-mexicos-new-president-end-the-drug-wars
2012-07-03,01:21:10,vxgtm,276,Falkvinge: Why DRM must be outright banned - Because legislation isn't coding,falkvinge.net,http://falkvinge.net/2012/07/02/why-drm-must-be-outright-banned-because-legislation-isnt-coding/
2012-07-04,01:03:59,vzf0f,216,500 year old world map discovered. First one to use the name America. ,telegraph.co.uk,http://www.telegraph.co.uk/news/worldnews/northamerica/usa/9373115/500-year-old-birth-certificate-of-America-discovered.html
2012-07-03,18:03:36,vyz9a,192,Barclay's Diamond Threatens to Reveal Secrets and Name Names If Investigation Is Too Aggressive,zerohedge.com,http://www.zerohedge.com/news/barclays-diamond-goes-mad-over-lie-borgate-details
2012-07-03,00:35:16,vxe98,191,"'As part of what one MP calls “the most intrusive surveillance regime in the west,” the British govt is hoping to require ISPs to route all of the data that gets transferred over their servers through a 'black box.' ",neowin.net,http://www.neowin.net/news/the-uk-wants-isps-to-store-all-of-their-traffic-data
2012-07-03,11:20:55,vyhmu,192,New Zealand ships refused entry to Pearl Harbour during maritime exercise due to NZ Anti-Nuclear legislation,stuff.co.nz,http://www.stuff.co.nz/national/politics/7208276/Kiwi-ships-kept-out-of-Pearl-Harbour
2012-07-04,01:09:29,vzfcj,172,Tests hint at possible Arafat poisoning - What Killed Arafat?,aljazeera.com,http://www.aljazeera.com/programmes/whatkilledarafat/2012/07/20127383653774794.html
2012-07-03,14:42:48,vysf6,167,Syria running 27 torture centers; Human Rights Watch group called for the U.N.  to refer the issue of Syria to the International Criminal Court,reuters.com,http://www.reuters.com/article/2012/07/03/us-syria-rights-idUSBRE86205Z20120703
2012-07-03,20:20:59,vz2lw,152,Large earthquake felt across NZ,nzherald.co.nz,http://www.nzherald.co.nz/nz/news/article.cfm?c_id=1&objectid=10817223
2012-07-03,15:45:19,vyuzd,143,Barclays boss Bob Diamond resigns after LIBOR fixing scandal,bbc.co.uk,http://www.bbc.co.uk/news/business-18685040
2012-07-04,03:02:47,vzmi1,116,"Lies, damn lies, and LIBOR: Barclays, Diamond, and a devalued benchmark:  

The story of how Barclays tried to rig an interest rate benchmark called LIBOR and it cost CEO Robert Diamond his job may seem obscure. But it's the latest evidence that bankers will take every inch regulators leave to them.",csmonitor.com,http://www.csmonitor.com/World/Backchannels/2012/0703/Lies-damn-lies-and-LIBOR-Barclays-Diamond-and-a-devalued-benchmark
2012-07-03,15:41:54,vyuus,101,"Assad regrets shooting down Turkish jet, had hoped it was an Israeli jet",english.alarabiya.net,http://english.alarabiya.net/articles/2012/07/03/224145.html
2012-07-03,14:49:13,vyspc,81,"Timbuktu’s Destruction: Why Islamists Are Wrecking Mali’s Cultural Heritage

",world.time.com,http://world.time.com/2012/07/02/timbuktus-destruction-why-islamists-are-wrecking-malis-cultural-heritage/
2012-07-04,01:46:03,vzhjs,69,"Tests hint at possible Arafat poisoning: Nine-month investigation discovers rare, radioactive polonium on ex-Palestinian leader's final belongings.",aljazeera.com,http://www.aljazeera.com/programmes/whatkilledarafat/2012/07/20127383653774794.html?miaou8
2012-07-04,00:59:31,vzerb,70,"Chinese city cancels copper plant project after protests:  Construction of multimillion-pound copper alloy plant axed after anti-pollution protests in Shifang, south-west China",guardian.co.uk,http://www.guardian.co.uk/world/2012/jul/03/chinese-cancels-copper-plant-protests
2012-07-03,04:12:15,vxrl6,66,"Officials in Kenya say that two Iranian agents arrested with explosives planned to attack Israeli, American, British or Saudi Arabian targets inside Kenya.",hosted.ap.org,http://hosted.ap.org/dynamic/stories/A/AF_KENYA_IRANIAN_PLOT?SITE=RIPAW&SECTION=HOME&TEMPLATE=DEFAULT
2012-07-03,20:50:09,vz3cb,44,"Russian Visit Irks Japan - Prime Minister Medvedev angered Japan by visiting the disputed Kuril Islands.  Tokyo wants the return of the islands, seized by Soviets in 1945.  Japan calls the islands its 'Northern Territories', & says his visit is ""extremely regrettable"".",bbc.co.uk,http://www.bbc.co.uk/news/world-asia-18688388
2012-07-03,15:18:20,vyty4,40,"Syria's 'network of torture chambers'. According to Human Rights Watch, Syria has been torturing its citizens on a massive scale, with 25,000 people in a network of 27 detention centers where beatings and electrocutions are common.",cnn.com,http://www.cnn.com/2012/07/03/world/meast/syria-torture-report/index.html
2012-07-03,01:37:55,vxhs3,34,England refuses to extradite sex offender due to risk of indefinite detention,worldnews.msnbc.msn.com,http://worldnews.msnbc.msn.com/_news/2012/06/29/12475209-uk-wont-extradite-sex-offender-accused-of-raping-molesting-girls-in-us?lite
2012-07-04,02:02:00,vzije,32,"Pakistan 'to re-open' supply lines to Nato Afghan 
forces",bbc.co.uk,http://www.bbc.co.uk/news/world-asia-18691691
2012-07-03,09:00:28,vy9o0,30,"Mexico kills at least 870,000 poultry birds as it declares a national animal health emergency",ca.news.yahoo.com,http://ca.news.yahoo.com/bird-flu-outbreak-hits-chicken-farms-mexico-210115248.html
2012-07-04,05:16:30,vzv12,30,More than 60 percent of Respondents In Iran State TV Poll Want Nuclear Enrichment Stopped,rferl.org,http://www.rferl.org/content/nearly-two-in-three-respondents-iranian-state-tv-poll-want-nuclear-enrichment-stopped/24634272.html
2012-07-03,18:43:32,vz07o,20,"Syrian President Bashar al-Assad is quoted as saying he regrets ""100%"" that a Turkish jet was shot down after entering Syrian airspace.",bbc.co.uk,http://www.bbc.co.uk/news/world-middle-east-18685250
2012-07-04,03:05:49,vzmob,19,"Gay marriage, adoption allowed in France starting in 2013",news.yahoo.com,http://news.yahoo.com/gay-marriage-adoption-allowed-france-2013-161013155.html
2012-07-04,01:37:30,vzh09,17,Is China Scared of a Coup? ,thediplomat.com,http://thediplomat.com/china-power/is-china-scare-of-a-coup/
