2012-12-14,16:26:33,14u2fs,4133,Internet remains unregulated after UN treaty blocked,guardian.co.uk,http://www.guardian.co.uk/technology/2012/dec/14/telecoms-treaty-internet-unregulated
2012-12-14,01:48:12,14sm3d,2459,"In 2004 CIA agents tortured a German citizen, sodomising, shackling, and beating him",guardian.co.uk,http://www.guardian.co.uk/law/2012/dec/13/cia-tortured-sodomised-terror-suspect?CMP=twt_gu
2012-12-14,16:09:46,14u1ws,2050,Scientists call for pardon for WW2 codebreaker Alan Turing,bbc.co.uk,http://www.bbc.co.uk/news/uk-20722581
2012-12-14,21:54:58,14ubry,1417,"British Deputy Prime Minister says war on drugs has failed, accuses politicians of ""a conspiracy of silence""",guardian.co.uk,http://www.guardian.co.uk/politics/2012/dec/14/nick-clegg-reform-drugs-laws
2012-12-14,23:06:11,14uf38,739,"Computer hacker Gary McKinnon, who is wanted in the US, will not face charges in the UK",bbc.co.uk,http://www.bbc.co.uk/news/uk-20730627
2012-12-14,16:04:38,14u1qe,622,22 school students stabbed in China: A man with a knife has wounded 22 children and an adult at a primary school in central China,bbc.co.uk,http://www.bbc.co.uk/news/world-asia-china-20723910
2012-12-14,00:16:14,14sgi3,522,India Rejects Internet Regulation as UN Split Widens in Dubai -- India joined the U.S. in opposing rules that would give governments control over the Internet as an international split over Web regulation divides a United Nations conference in Dubai.,businessweek.com,http://www.businessweek.com/news/2012-12-13/india-rejects-internet-regulation-as-un-split-widens-in-dubai
2012-12-14,00:06:15,14sfv7,471,"Too Big to Indict: ""Federal and state authorities have chosen not to indict HSBC, the London-based bank, on charges of vast and prolonged money laundering, for fear that criminal prosecution would topple the bank...""",nytimes.com,http://www.nytimes.com/2012/12/12/opinion/hsbc-too-big-to-indict.html?hp&_r=2&
2012-12-14,08:10:42,14tbzv,464,Israeli soldiers assault two Reuters cameramen,reuters.com,http://www.reuters.com/article/2012/12/13/us-palestinians-israel-reuters-idUSBRE8BC1KK20121213
2012-12-14,21:29:27,14uask,346,Reuters news agency has accused Israeli soldiers of hitting two of its cameramen and forcing them to strip in the West Bank city of Hebron,m.bbc.co.uk,http://m.bbc.co.uk/news/world-middle-east-20724966
2012-12-14,02:27:40,14sood,349,"European court of human rights finds against CIA abuse of Khaled el-Masri;
America must now apologise to the German citizen, a victim of mistaken identity who was kidnapped and beaten by the CIA",guardian.co.uk,http://www.guardian.co.uk/commentisfree/2012/dec/13/european-court-human-rights-cia-abuse-khaled-elmasri
2012-12-14,12:59:09,14ttt3,221,"Philippine death toll rises to 902 after Typhoon Bopha; 80,000 homeless",worldnews.nbcnews.com,http://worldnews.nbcnews.com/_news/2012/12/13/15894035-philippine-death-toll-rises-to-902-after-typhoon-bopha-80000-homeless
2012-12-14,01:49:38,14sm6k,197,Norway Begins Tests On Thorium - Business Insider,businessinsider.com,http://www.businessinsider.com/norway-begins-tests-on-thorium-2012-12
2012-12-14,20:27:44,14u8r7,181,British Deputy Prime Minister backs calls to consider decriminalising illegal drugs,bbc.co.uk,http://www.bbc.co.uk/news/uk-politics-20720122
2012-12-14,18:33:03,14u5t8,141,"Pentagon to send missiles, troops to turkey",bigstory.ap.org,http://bigstory.ap.org/article/pentagon-send-missiles-400-troops-turkey
2012-12-14,03:05:48,14sraf,117,"Afghan human rights groups have noticed a sharp rise in the number of self-immolations across the country by women who are so desperate, so hopeless, they think the only escape is to burn themselves beyond recognition. ",abcnews.go.com,http://abcnews.go.com/International/desperate-afghan-women-setting-fire/story?id=17935217
2012-12-14,11:36:21,14towd,116,"UK Deputy Prime Minister says ""Time to re-think drugs"".",thesun.co.uk,http://www.thesun.co.uk/sol/homepage/news/politics/4696990/Nick-Clegg-time-to-rethink-drugs.html
2012-12-14,16:19:51,14u287,95,Ed Miliband: every Briton should speak English,guardian.co.uk,http://www.guardian.co.uk/politics/2012/dec/14/miliband-english-language-integration
2012-12-14,23:56:01,14uhpz,84,Canada designates 27 countries as 'safe countries of origin' ,cbc.ca,http://www.cbc.ca/news/canada/story/2012/12/14/pol-immigration-safe-third-countries-dco-kenney.html
2012-12-14,22:36:40,14udoa,80,Russian's save elephants by giving them vodka,bbc.co.uk,http://www.bbc.co.uk/news/world-europe-20726939
2012-12-14,23:56:45,14uhrq,71,"Hard-Line Israeli Foreign Minister Is Stepping Down: Avigdor Lieberman resigned on Friday after being charged with fraud and breach of trust, in a move that could have repercussions on next month’s election",nytimes.com,http://www.nytimes.com/reuters/2012/12/14/world/middleeast/14reuters-israel-lieberman.html?hp
2012-12-14,20:32:33,14u8x9,64,Families Of Spain's 'Stolen Babies' Seek Answers ,npr.org,http://www.npr.org/2012/12/14/167053609/families-of-spains-stolen-babies-seek-answers-and-reunions?ft=1&f=1001
2012-12-14,14:10:20,14txen,51,Kim Jong Un Says N. Korea Needs More Satellites to Boost Economy,bloomberg.com,http://www.bloomberg.com/news/2012-12-14/kim-jong-un-says-n-korea-needs-more-satellites-to-boost-economy.html
2012-12-14,18:41:27,14u60x,51,United States to send troops and Patriot missiles to Turkey,cnn.com,http://www.cnn.com/2012/12/14/world/meast/syria-civil-war/index.html?hpt=hp_t1
2012-12-14,08:15:42,14tcbx,46,S. Korea retrieves N. Korean rocket's debris in Yellow Sea,english.yonhapnews.co.kr,http://english.yonhapnews.co.kr/news/2012/12/14/69/0200000000AEN20121214001300315F.HTML
2012-12-14,13:57:08,14twqx,42,Human Rights Watch has released a damning report about the treatment of activists in Iran since the election protests in 2009. The watchdog linked the crackdown to a spike in the number of Iranian asylum seekers. ,dw.de,http://www.dw.de/hrw-slams-crackdown-on-irans-activists/a-16452860
2012-12-14,07:37:46,14t9uq,47,"Obesity is a bigger health crisis globally than hunger, and the leading cause of disabilities around the world, according to a new report published Thursday in the British medical journal The Lancet.",cnn.com,http://www.cnn.com/2012/12/13/health/global-burden-report/index.html?hpt=hp_c1
2012-12-14,07:00:13,14t7dg,34,US nuclear test condemned by Iran and mayor of Hiroshima,rt.com,http://rt.com/news/us-nuclear-test-nevada-criticism-582/?A=582
2012-12-14,08:02:07,14tbgl,28,"Tests Reveal Rare Bird of Prey Shot Illegally -  The loss of 1 doesn't usually count for much. For the hen harrier, it's a blow that could end the fragile population of one of  England's most powerful & charismatic birds of prey.  Bowland Beth was shot in a Yorkshire moorland area used for hunting.",independent.co.uk,http://www.independent.co.uk/environment/nature/tests-reveal-that-rare-bird-of-prey--was-shot-illegally-8397633.html
2012-12-14,18:13:01,14u5bk,26,"Pentagon to Send Missiles, 400 Troops to Turkey (AP)",hosted.ap.org,http://hosted.ap.org/dynamic/stories/A/AS_PANETTA_TURKEY?SITE=AP&SECTION=HOME&TEMPLATE=DEFAULT&CTIME=2012-12-14-05-00-16
