2012-08-16,21:39:24,ybfno,3151,Ecuador to Let Julian Assange Stay in Its Embassy.,nytimes.com,http://www.nytimes.com/2012/08/17/world/americas/ecuador-to-let-assange-stay-in-its-embassy.html?pagewanted=all
2012-08-16,06:36:16,ya882,2961,Ecuador says Britain threatened to raid embassy to extract Julian Assange,reuters.com,http://www.reuters.com/article/2012/08/15/us-wikileaks-assange-ecuador-idUSBRE87E16N20120815
2012-08-16,09:19:58,yairq,1820,Gunmen Have Attacked And Entered A Pakistani Air Force Base Thought To House Nuclear Weapons,businessinsider.com,http://www.businessinsider.com/gunmen-have-attacked-and-entered-kamra-air-base-in-pakistan-thought-to-house-nuclear-weapons-2012-8
2012-08-16,06:29:57,ya7s1,936,Julian Assange: UK issues 'threat' to arrest Wikileaks founder,bbc.co.uk,http://www.bbc.co.uk/news/world-19259623
2012-08-16,01:45:32,y9ofg,738,Wikileaks founder Julian Assange faces arrest even if Ecuador grants asylum,reuters.com,http://www.reuters.com/article/2012/08/15/us-wikileaks-assange-idUSBRE87E0T520120815
2012-08-16,13:50:30,yaz51,623,Kim Dotcom's extradition uncertain.  FBI now has to prove it actually has a case.,nzherald.co.nz,http://www.nzherald.co.nz/nz/news/article.cfm?c_id=1&objectid=10827410
2012-08-16,21:48:04,ybg07,380,WikiLeaks founder Julian Assange granted asylum by Ecuador,theaustralian.com.au,http://www.theaustralian.com.au/news/world/wikileaks-founder-julian-assange-granted-asylum-by-ecuador/story-e6frg6so-1226452153208
2012-08-16,03:34:10,y9vm7,230,Israel 'ready' for short Iran war,bbc.co.uk,http://www.bbc.co.uk/news/world-middle-east-19274866
2012-08-16,06:51:42,ya9ad,225,Ecuador says it received 'threats' from UK as Assange decision looms,rt.com,http://www.rt.com/news/assange-arrest-asylum-780/
2012-08-16,12:30:54,yaun6,212,"“Today we have received from the United Kingdom an explicit threat in writing that they could assault our embassy in London if Ecuador does not hand over Julian Assange,” Mr. Patiño said at a news conference in Quito, adding defiantly, “We are not a British colony.”",nytimes.com,http://www.nytimes.com/2012/08/16/world/americas/ecuador-says-britain-threatened-to-enter-embassy-to-get-assange.html
2012-08-16,05:47:00,ya4rz,123,"TrapWire tied to White House, Scotland Yard, M15 and others, claims hacked Stratfor email",rt.com,http://rt.com/usa/news/trapwire-stratfor-email-burton-786/
2012-08-16,11:20:01,yaq9v,115,Over a dozen African athletes missing in London,ca.sports.yahoo.com,http://ca.sports.yahoo.com/news/guinea-ivory-coast-athletes-missing-london-151217689--spt.html
2012-08-16,06:04:13,ya5zc,100,Germany Gives Up on Greece. Suggests Bankruptcy Is Only Option.,spiegel.de,http://www.spiegel.de/international/europe/commentary-bankruptcy-is-the-only-thing-that-can-help-greece-a-850250.html
2012-08-16,21:48:36,ybg0z,97,Ecuador grants asylum to WikiLeaks' Assange,edition.cnn.com,http://edition.cnn.com/2012/08/16/world/americas/ecuador-assange/index.html?hpt=hp_t1
2012-08-16,21:53:55,ybg9d,89,"Massive Sacrifice of Ancient Warrior Army Discovered at Danish Alken Enge Bog - It's believed a dramatic, society-changing event caused the mass sacrifice of a large army at the site.  Who they were, where they're from, & why they were sacrificed is a mystery.",slate.com,http://www.slate.com/blogs/trending/2012/08/15/massive_sacrifice_of_ancient_warrior_army_discovered_at_danish_alken_enge_bog.html
2012-08-16,08:13:18,yaeoo,92,"Only 2% of Canadians deny climate change, suggests poll",cbc.ca,http://www.cbc.ca/news/canada/edmonton/story/2012/08/15/calgary-climate-change-web-poll.html
2012-08-16,21:29:27,ybfai,85,"Britain, in order to apprehend WikiLeaks' Julian Assange, threatens to revoke the Ecuadoran embassy's diplomatic status",reuters.com,http://www.reuters.com/article/2012/08/16/us-wikileaks-assange-britain-idUSBRE87F0B920120816
2012-08-16,21:32:51,ybfex,80,Australia upholds tobacco branding ban: High Court ruling will force tobacco companies to sell cigarettes in plain packaging.,washingtonpost.com,http://www.washingtonpost.com/world/asia_pacific/australia-upholds-tobacco-branding-ban/2012/08/15/797b0032-e6ff-11e1-8741-940e3f6dbf48_story.html
2012-08-16,07:26:56,yabq7,68,"Families of Iran’s slain nuclear scientists have filed a lawsuit against Israel, the United States and Britain accusing them of involvement in the assassination of their loved ones",nytimes.com,http://www.nytimes.com/aponline/2012/08/15/world/middleeast/ap-iran-nuclear.html?smid=re-share
2012-08-16,05:31:52,ya3po,58,"Harry Harrison, creator of Deathworld, Stainless 
Steel Rat and many other sci-fi books, dies at 87",cbc.ca,http://www.cbc.ca/news/arts/story/2012/08/15/harry-harrison-obit.html
2012-08-16,21:53:38,ybg8w,54,Ecuador grants asylum to Assange and condemns condemns Britain's 'threatening and intimidating' language,independent.co.uk,http://www.independent.co.uk/news/uk/crime/ecuador-grants-asylum-to-assange-and-condemns-condemns-britains-threatening-and-intimidating-language-8052991.html
2012-08-16,03:24:59,y9uze,52,Syrian conflict spills into Lebanon,mobile.nytimes.com,http://mobile.nytimes.com/article;jsessionid=0E0E50286FB7BF48CEE0CD76AB8FAD45?a=960645&f=19
2012-08-16,10:51:56,yaoiy,43,U.K. cops hunting for Assange show up at Ecuador's embassy,news.cnet.com,http://news.cnet.com/8301-13578_3-57494237-38/u.k-cops-hunting-for-assange-show-up-at-ecuadors-embassy/
2012-08-16,06:27:57,ya7mu,45,Libor scandal: Seven banks summoned in US probe,bbc.co.uk,http://www.bbc.co.uk/news/business-19276506
2012-08-16,23:52:54,ybm3e,32,"Militants kill at least 20 Shiites in Pakistan: Officials say the militants opened fire on the passengers after learning they were Shiite.
",dw.de,"http://www.dw.de/dw/article/0,,16170337,00.html"
2012-08-16,17:26:21,yb7zt,30,The touching moment two hugging gorillas were reunited in their park enclosure after nearly three years apart,dailymail.co.uk,http://www.dailymail.co.uk/news/article-2188737/The-touching-moment-hugging-gorillas-reunited-Longleat-Safari-Park-nearly-years-apart.html
2012-08-16,13:41:01,yayo9,36,"Workers in Colombia at General Motors Plant Sew Their Mouths Shut to Protest Backbreaking Labor Conditions: Instead of providing medical care and changing the work patterns of injured employees, GM fires them
",alternet.org,http://www.alternet.org/world/we-are-prepared-die-workers-colombia-general-motors-plant-sew-their-mouths-shut-protest
2012-08-16,15:41:43,yb4bi,34,"Brazil's Atlantic forests lose key species: Jaguars, lowland tapirs, woolly spider-monkeys and giant anteaters are almost absent in Brazilian northeastern forests... the white-lipped peccary... has been completely wiped out there",nature.com,http://www.nature.com/news/brazil-s-atlantic-forests-lose-key-species-1.11175
2012-08-16,05:54:25,ya5a5,28,Terrorism by Israeli Extremists on the Rise; US and Israel Advised to Designate Israeli Terrorist Organizations,foreignaffairs.com,http://www.foreignaffairs.com/articles/137825/daniel-byman-and-natan-sachs/the-rise-of-settler-terrorism?page=show
2012-08-16,08:58:00,yahgz,25,"Vatican Openness In Butler Case Not Enough, Critics Say: ""'Hallelujah. It was the butler's fault. The Vatican is holy and immaculate,' said Il Fatto Quotidiano daily, lamenting that the case 'concerns just the documents theft... not what the documents revealed: corruption, waste, theft'"".",france24.com,http://www.france24.com/en/20120815-vatican-openness-butler-case-not-enough-critics-say
