2012-05-04,09:16:41,t603y,1795,"Vogue bans skinny, underage models - ABC News (Australian Broadcasting Corporation)",abc.net.au,http://www.abc.net.au/news/2012-05-04/vogue-bans-under-16-models/3990762
2012-05-04,02:37:28,t5e28,1620,German Court Won't Let Artist Kill Puppies Onstage - The performer planned to strangle 2 puppies to death on stage & hold a funeral. The artist said it was a way of protesting the killing of sled dogs in Alaska & hunting dogs in Spain when they are deemed too old or otherwise unfit to work.,guardian.co.uk,http://www.guardian.co.uk/stage/2012/may/03/court-german-artist-puppies
2012-05-04,21:19:56,t6q9g,1596,"""Japan’s last reactor to shut down, leaving country nuclear-free for first time since 1966"" ",washingtonpost.com,http://www.washingtonpost.com/world/asia_pacific/japans-last-reactor-to-shut-down-leaving-country-nuclear-free-for-first-time-since-1966/2012/05/04/gIQAcNKx0T_story.html
2012-05-04,06:58:17,t5smn,990,Two Australian men likely to lose limbs after fighting with a chainsaw and samurai sword.,newsoxy.com,http://www.newsoxy.com/odd/australia-fight-samurai-sword-chainsaw-69482.html
2012-05-04,22:30:33,t6sl6,743,"European e-identity plan to be unveiled this month under the guise ""to protect children online""",zdnet.co.uk,http://www.zdnet.co.uk/news/regulation/2012/05/03/european-e-identity-plan-to-be-unveiled-this-month-40155152/
2012-05-04,11:58:46,t68qg,584,"Govt lets Natco sell Bayer's cancer drug cheaper by 30 times: ""In a first, India today invoked a law permitting Hyderabad-based Natco Pharma to manufacture and sell cancer-treatment drug Nexavar at a price, over 30 times lower than charged by its patent-holder Bayer Corporation.""",reuters.com,http://www.reuters.com/article/2012/05/03/india-cipla-bayer-idUSL4E8G35OT20120503
2012-05-04,17:47:24,t6ljp,225,"
Argentina has released a provocative advertisement that was filmed secretly on the Falklands and depicts the islands as ""Argentine soil"" in an apparent barb aimed at Britain ahead of the London 2012 Olympics",guardian.co.uk,http://www.guardian.co.uk/uk/2012/may/04/falkland-islands-argentine-olympic-advert
2012-05-04,20:54:34,t6pi7,174,Putin's palace? A mystery Black Sea mansion fit for a tsar,bbc.co.uk,http://www.bbc.co.uk/news/magazine-17730959
2012-05-04,22:00:25,t6rjs,106,Three Photographers Found Dead in Mexico,nytimes.com,http://www.nytimes.com/2012/05/04/world/americas/mexico-photographers-found-dead-in-veracruz-state.html
2012-05-04,11:17:18,t66jf,96,Forbes announces Peak Oil is here.,forbes.com,http://www.forbes.com/sites/timworstall/2012/05/02/peak-oil-is-here-now-what/
2012-05-05,04:32:35,t7b0h,86,"Libyan transitional government passes sweeping new law granting immunity to rebels, outlawing speech against Islam, restricting free speech, etc.",egyptindependent.com,http://www.egyptindependent.com/news/libya-grants-immunity-revolutionaries
2012-05-04,23:38:54,t6vll,73,A French court has sentenced a scientist at the prestigious Cern laboratory to five years in prison for plotting terrorist attacks. ,bbc.co.uk,http://www.bbc.co.uk/news/world-europe-17956202
2012-05-04,03:59:23,t5ijz,66,Russia threatens to strike NATO missile defense sites  ,washingtontimes.com,http://www.washingtontimes.com/news/2012/may/3/russia-threatens-strike-nato-missile-defense-sites/
2012-05-04,06:00:54,t5pfh,64,"Israel on Thursday received its fourth German-made submarine capable of launching nuclear warheads, expanding a fleet that experts say could be used in an attack on Iran.",hosted.ap.org,http://hosted.ap.org/dynamic/stories/M/ML_ISRAEL_SUBMARINE?SITE=RIPAW&SECTION=HOME&TEMPLATE=DEFAULT
2012-05-05,04:31:00,t7axj,58,Nine bodies hung from bridge in northern Mexico (Picture in the comments),reuters.com,http://www.reuters.com/article/2012/05/04/us-mexico-drugs-idUSBRE8431D120120504
2012-05-04,23:37:40,t6vjo,56,"Dozen killed, 120 wounded in Russia's Caucasus by twin blasts",telegraph.co.uk,http://www.telegraph.co.uk/news/worldnews/europe/russia/9245484/Dozen-killed-120-wounded-in-Russias-Caucasus-by-twin-blasts.html
2012-05-04,22:04:47,t6rp0,33,Suicide bombing in Pakistani market kills at least 20...,usatoday.com,http://www.usatoday.com/news/world/story/2012-05-04/pakistan-bomb-attack/54739882/1
2012-05-04,11:24:47,t66x4,27,Man fly across Rio de Janeiro using a jet pack he built himself,news.yahoo.com,http://news.yahoo.com/blogs/technology-blog/watch-man-fly-across-rio-janeiro-using-jet-011336450.html
2012-05-05,05:53:06,t7f5t,25,Busted: Iran's Jarring Photoshopped Missile Test Image. Jar jar binks and missiles. ,theatlanticwire.com,http://www.theatlanticwire.com/global/2012/05/busted-irans-jarring-photoshopped-missile-test-image/51940/
2012-05-04,06:19:06,t5qhu,30,Al-Qaida document cache reveals toll of US drone strikes on Bin Laden's plans,guardian.co.uk,http://www.guardian.co.uk/world/2012/may/03/al-qaida-document-cache-us
2012-05-04,01:18:47,t59qm,25,Osama bin Laden's last words show dark days for al Qaeda,cbsnews.com,http://www.cbsnews.com/8301-202_162-57426970/osama-bin-ladens-last-words-show-dark-days-for-al-qaeda/
2012-05-04,19:28:00,t6ndz,24,EU digital affairs chief admits controversial ACTA treaty likely to fail · TheJournal.ie,thejournal.ie,http://www.thejournal.ie/eu-digital-affairs-chief-admits-controversial-acta-treaty-likely-to-fail-439719-May2012/
2012-05-04,12:40:33,t6ave,22,Dubai plans to build underwater hotel ,ft.com,http://www.ft.com/intl/cms/s/0/7832e8a8-9537-11e1-8faf-00144feab49a.html#axzz1tlS3KXNp
2012-05-04,09:30:24,t60sz,25,"
Turner, Bacon, Freud, Constable? No, Britain is Banksy country - A thousand artists were asked to name the work best expressing national identity. Their choice was surprising
",independent.co.uk,http://www.independent.co.uk/arts-entertainment/art/news/turner-bacon-freud-constable-no-britain-is-banksy-country-7712391.html
2012-05-05,02:00:34,t72qc,18,An Australian man will break his own record as the world's oldest graduate when he receives his masters degree at the age of 97.,bbc.co.uk,http://www.bbc.co.uk/news/world-asia-17950146
2012-05-05,02:48:58,t75hb,20,124 people hospitalized after blast in Republic Square in Armenia,news.am,http://news.am/eng/news/104152.html
2012-05-04,23:03:48,t6u11,18,Thousands displaced by Sudan border clash ,aljazeera.com,http://www.aljazeera.com/news/africa/2012/04/201242215858559707.html
2012-05-04,21:50:42,t6r8m,17,China says activist 'can apply' to study abroad - CNN.com,cnn.com,http://www.cnn.com/2012/05/04/world/asia/china-activist-us/index.html?hpt=hp_t1
2012-05-05,00:10:01,t6x3q,16,Piracy as good policy.  Argentinian oil company YPF about to be nationalised - Le Monde diplomatique - ,mondediplo.com,http://mondediplo.com/2012/05/01argentina
2012-05-05,02:41:29,t753c,18,"India Orders Blackout of Vimeo, The Pirate Bay and More",torrentfreak.com,http://torrentfreak.com/india-orders-blackout-of-vimeo-the-pirate-bay-and-more-120504/
