2012-04-09,18:07:12,s0k8x,1753,"""So what did the troll actually say?"" Why exactly is Liam Stacey in jail?",guardian.co.uk,http://www.guardian.co.uk/commentisfree/2012/apr/08/victoria-coren-liam-stacey-tweets/
2012-04-09,12:58:48,s0a6h,1581,The Danish Government has set a goal of running the entire country on renewable energy by 2050.,bbc.co.uk,http://www.bbc.co.uk/news/science-environment-17628146
2012-04-09,22:33:47,s0qvw,901,Falkvinge: We are Winning -- How Pirate Parties are Changing the World,falkvinge.net,http://falkvinge.net/2012/04/09/we-are-winning-how-pirate-parties-are-changing-the-world/
2012-04-09,22:25:24,s0qkn,891,"""Healthy competition"" in the NHS is a sick joke. Privatisation of UK's National Health Service leading to a so-called market is ""a mockery"".",telegraph.co.uk,http://www.telegraph.co.uk/news/features/9193015/Healthy-competition-in-the-NHS-is-a-sick-joke.html
2012-04-09,00:49:41,rzb83,639,Denmark is (again) elected happiest country in the world.,guardian.co.uk,http://www.guardian.co.uk/world/2012/apr/07/copenhagen-really-wonderful-reasons?INTCMP=SRCH
2012-04-09,23:35:28,s0tf3,615,From the Delhi police: Why women deserve to be raped,firstpost.com,http://www.firstpost.com/living/from-the-delhi-police-six-reasons-why-women-deserve-to-be-raped-269957.html
2012-04-09,20:04:36,s0mnk,512,Japan deploys missile batteries as North Korea readies missile launch. ,news.nationalpost.com,http://news.nationalpost.com/2012/04/08/north-korea-rocket-unha-3/
2012-04-09,12:04:35,s07if,320,Home again in Mexico: Villagers are home again as the illegal immigration boom drops to net zero,csmonitor.com,http://www.csmonitor.com/World/Americas/2012/0408/Home-again-in-Mexico-Illegal-immigration-hits-net-zero
2012-04-09,04:19:52,rzknu,288,North Korea moves rocket into place for launch,bbc.co.uk,http://www.bbc.co.uk/news/world-asia-17650344
2012-04-09,21:05:39,s0o2w,242,"""Canada's proposed purchase of the F-35 Joint Strike Fighter has been thrown into turmoil...In response to the April 3 [2012] auditor's report, the Canadian government has capped its funding for the F-35 project and, in an unprecedented move, will take the procurement out of the hands of the DND.""",defensenews.com,http://www.defensenews.com/article/20120408/DEFREG02/304080001/Canada-Caps-F-35-Funding-After-Audit?odyssey=mod_sectionstories
2012-04-09,22:37:03,s0qzy,219,"Sony to cut estimated 10,000 jobs.",online.wsj.com,http://online.wsj.com/article/SB10001424052702303772904577333162194832288.html?mod=googlenews_wsj
2012-04-09,23:14:51,s0sh4,116,"Anonymous says plans more attacks against China sites
| Reuters",reuters.com,http://www.reuters.com/article/2012/04/09/net-us-china-hackers-idUSBRE83808H20120409
2012-04-09,08:07:26,rzvq4,114,German poet declared unwelcome in Israel,edition.cnn.com,http://edition.cnn.com/2012/04/08/world/europe/israel-german-poet/index.html?hpt=hp_t2
2012-04-09,19:47:40,s0ma9,110,"Syrian forces fire on Turkish refugee camp.

Reports that two people have been killed and at least 15 injured ahead of UN ceasefire deadline
",guardian.co.uk,http://www.guardian.co.uk/world/2012/apr/09/syrian-forces-injure-three-turkish-refugee-camp
2012-04-09,20:28:29,s0n5z,107,"Pakistani prime minister states the Pakistani president's visit to India was suggested and urged by China. ""...Prime Minister Yousuf Raza Gilani on Sunday said that opening of trade with India would go a long way in promoting stability in the region bring the two countries closer.""",nation.com.pk,http://www.nation.com.pk/pakistan-news-newspaper-daily-english-online/national/09-Apr-2012/pakistan-acted-on-china-s-advice-pm
2012-04-09,01:51:51,rzdrj,105,Nigeria car bomb leaves 38 dead,telegraph.co.uk,http://www.telegraph.co.uk/news/worldnews/africaandindianocean/nigeria/9193249/Nigeria-car-bomb-leaves-38-dead.html
2012-04-09,19:14:33,s0llw,88,"In Sweden, a debate over whether gender equality has gone too far",csmonitor.com,http://www.csmonitor.com/World/Europe/2012/0407/In-Sweden-a-debate-over-whether-gender-equality-has-gone-too-far
2012-04-09,21:33:01,s0oul,83,"To Be a Woman in Pakistan: Six Stories of Abuse, Shame, and Survival  ",theatlantic.com,http://www.theatlantic.com/international/archive/2012/04/to-be-a-woman-in-pakistan-six-stories-of-abuse-shame-and-survival/255585/?single_page=true
2012-04-09,08:47:36,rzxo5,77,Saudi Princess: What I'd Change About My Country -  It doesn't include allowing women to drive ,bbc.co.uk,http://www.bbc.co.uk/news/magazine-17446831
2012-04-09,12:24:43,s08je,74,"India's Census: Lots of Cellphones, too Few Toilets",npr.org,http://www.npr.org/2012/04/08/150133880/indias-census-lots-of-cellphones-too-few-toilets
2012-04-09,21:42:04,s0p58,70,Turkey reacts with anger as Syrian forces open fire across border,bbc.co.uk,http://www.bbc.co.uk/news/world-middle-east-17656657
2012-04-09,18:45:03,s0l0v,68,Bahrain crackdown: ‘Opposition in dire need of media spotlight’,rt.com,http://rt.com/news/bahrain-opposition-crackdown-media-blackout-517/
2012-04-09,11:44:12,s06eb,65,What North Koreans really think of Kim Jong-Un--North Korean phone calls along the Chinese border by using Chinese signals telephony signals,telegraph.co.uk,http://www.telegraph.co.uk/news/worldnews/asia/northkorea/9191998/What-North-Koreans-really-think-of-Kim-Jong-un.html
2012-04-09,19:25:31,s0lsx,66,"Nine miners still trapped in Peru as rescue efforts look like they will be delayed because of structural efforts.  Food, water and oxygen being supplied by a metal tube.",heraldsun.com.au,http://www.heraldsun.com.au/news/more-news/nine-miners-trapped-underground-please-get-us-out-of-here/story-e6frf7lf-1226322292423
2012-04-09,11:48:16,s06lj,53,"Somali Pirates Hold Oil Tanker With 17 Indian Crew Members - The Nigeria-bound ship, owned by Dubai-based 'Oyster Cargo & Shipping Company', was on its maiden voyage when it was hijacked. The 'East India Shipping Agency' is in talks with the pirates. 
",timesofindia.indiatimes.com,http://timesofindia.indiatimes.com/india/Somali-pirates-hold-oil-tanker-with-17-Indian-crew-members/articleshow/12588274.cms
2012-04-09,21:08:13,s0o56,49,"Defectors Offer Insider's View of Syrian Army - Soldiers say the army committing unspeakable atrocities. But rather than join the rebels, who they say are fighting back with their own brutality, they've escaped to a camp in Iraqi Kurdistan.",npr.org,http://www.npr.org/2012/04/09/150257045/defected-soldiers-offer-insiders-view-of-syrian-army
2012-04-09,06:53:08,rzs4t,34,"Two Chinese artifacts with an estimated combined value of 2 million pounds ($3.2 million) have been stolen from a British museum, authorities said Saturday.",google.com,http://www.google.com/hostednews/ap/article/ALeqM5h6fGxU5ogUbfHWdJ_kIOWhrfXWXA?docId=d69fb27cf643460982389991e9749bc0
2012-04-09,11:49:58,s06oo,27,"Easter car bomb attack in Nigeria kills at least 38:  A car bomb exploded near a church in Kaduna, central Nigeria, where worshippers were celebrating Easter Sunday, in an attack blamed on Boko Haram.
",globalpost.com,http://www.globalpost.com/dispatch/news/regions/africa/nigeria/120408/nigeria-easter-bombing-kaduna-boko-haram
2012-04-09,19:24:05,s0ls0,24,South Korea police chief resigns over murder outcry,bbc.co.uk,http://www.bbc.co.uk/news/world-asia-17655300
2012-04-09,02:07:25,rzeg2,24,North Korea plans to conduct 3rd Nuclear Test soon.,nytimes.com,http://www.nytimes.com/2012/04/09/world/asia/south-koreans-suspect-that-north-plans-nuclear-test.html?_r=1&hp
