2012-06-13,23:21:01,uzu5l,2811,"Former British PM John Major testifies that Rupert 
Murdoch demanded his government change its 
policy on Europe or his papers would oppose him at 
the 1997 general election.",guardian.co.uk,http://www.guardian.co.uk/media/2012/jun/12/rupert-murdoch-john-major
2012-06-13,16:32:42,uzhto,2324,N.Korea's missile launchers came from China: Japan reportedly has evidence of possible violation by China of trade restrictions on weapons technology,usatoday.com,http://www.usatoday.com/news/world/story/2012-06-13/japan-north-korea-missiles/55560302/1#.T9hAUDeDMB4.reddit
2012-06-13,00:07:37,uy0n5,1727,"Iceland, New Zealand top list of 'most peaceful nations'. Canada 4th, USA 88th",cbc.ca,http://www.cbc.ca/news/world/story/2012/06/12/world-peace-index.html
2012-06-13,21:57:35,uzqn1,1297,Gay pageant winner beheaded | News24,news24.com,http://www.news24.com/SouthAfrica/News/Gay-pageant-winner-beheaded-20120613
2012-06-13,21:48:12,uzqae,1263,Norwegian party wants to ban religious male circumcision,thelocal.no,http://www.thelocal.no/page/view/ban-ritual-circumcision-of-boys-centre-party
2012-06-13,05:20:30,uyiup,1196,"German police release photo of mystery boy, whose identity has yet to be established, one year after he showed up claiming to have lived in German forests for five years",thelocal.de,http://www.thelocal.de/society/20120612-43109.html
2012-06-13,04:17:35,uyf21,872,Europe to build world's biggest telescope powerful enough to see mountains on planets beyond our solar system.,dailymail.co.uk,http://www.dailymail.co.uk/sciencetech/article-2158045/Europe-votes-build-worlds-biggest-telescope-explore-distant-rocky-planets-build-Chile-darker.html
2012-06-13,02:09:18,uy7en,609,Zeta cartel leader caught living in America. Millions laundered,nytimes.com,http://www.nytimes.com/2012/06/13/us/drug-money-from-mexico-makes-its-way-to-the-racetrack.html?pagewanted=all
2012-06-13,22:59:46,uzt70,468,Russian President Vladimir Putin vowed yesterday never to bow in the face of social upheaval as tens of thousands of determined protesters chanting “Russia Will be Free” marched against his third term.,timesofmalta.com,http://www.timesofmalta.com/articles/view/20120613/world/Putin-is-defiant-despite-march.424100
2012-06-13,22:59:31,uzt6n,373,Colbert asks for @sweden Twitter control. Sweden says 'be patient'.,thelocal.se,http://www.thelocal.se/41422/20120613/
2012-06-13,18:52:20,uzlbk,257,Berlin should remember how the banking crisis of 1931 contributed to the breakdown of democracy across Europe. Action is urgently needed to stop history from repeating itself.,spiegel.de,http://www.spiegel.de/international/europe/the-germans-have-learned-nothing-from-history-a-838429.html
2012-06-13,06:18:17,uymem,183,WHO classifies diesel fumes as a carcinogen,ctv.ca,http://www.ctv.ca/CTVNews/TopStories/20120612/Diesel-fumes-carcinogenic-iarc-120612/
2012-06-13,22:58:28,uzt4v,137,Greek political party threatens to raid hospitals and kindergartens to remove immigrants and their children… ,guardian.co.uk,http://www.guardian.co.uk/world/2012/jun/12/golden-dawn-hospital-immigrants-greece
2012-06-13,11:07:39,uz2h6,114,Golden Dawn threatens hospital raids against immigrants in Greece ,guardian.co.uk,http://www.guardian.co.uk/world/2012/jun/12/golden-dawn-hospital-immigrants-greece?fb=native&CMP=FBCNETTXT9038
2012-06-13,21:17:36,uzp8x,101,A New Zealand family who believed their teenage daughter took her own life because of Facebook bullying have learned she posted the bullying comments herself.,smh.com.au,http://www.smh.com.au/world/teen-who-committed-suicide-wrote-bullying-post-herself-friend-tells-inquest-20120613-20959.html
2012-06-13,19:27:05,uzm5t,93,"In the New Libya, Lots of Guns & Calls for Shariah",npr.org,http://www.npr.org/2012/06/13/154839952/in-the-new-libya-lots-of-guns-and-calls-for-shariah
2012-06-13,01:31:29,uy55y,81,Police fires warning shots when Polish and Russian football supporters clash,rt.com,http://www.rt.com/news/poland-football-fans-clash-654/
2012-06-13,21:46:15,uzq85,81,Photographer Carlo Gianferro photographs interiors of Gypsy mansions ,dailymail.co.uk,http://www.dailymail.co.uk/news/article-2158583/Private-world-Roma-revealed-time-series-stunning-pictures.html
2012-06-13,21:16:56,uzp8a,75,"Mogadishu, the Somali capital, is losing 'World's Most Dangerous City' designation after mostly peaceful year",bigstory.ap.org,http://bigstory.ap.org/article/mogadishu-risks-losing-most-dangerous-city-title#overlay-context=article/n-america-europe-head-bids-internet-suffixes
2012-06-13,08:16:03,uyt6f,74,"Thirty percent of Swedes drop out of high school - Nearly one in three Swedish high school students fail to finish their secondary education programmes on time, new statistics reveal.",thelocal.se,http://www.thelocal.se/41386/20120612/
2012-06-13,05:15:18,uyiin,67,"Former Prime Minister John Major said Tuesday 
Rupert Murdoch used threats to try to influence 
British foreign policy - [Murdoch said] ""I would like 
you to change your policy and if you don't change 
your policy my organization cannot support you.""",upi.com,http://www.upi.com/Top_News/World-News/2012/06/12/Major-Murdoch-threatened-me-in-1997/UPI-42641339528981/?spt=hs&or=tn
2012-06-13,10:37:36,uz0sa,69,UN officially declares Syria in Civil War,canada.com,http://www.canada.com/news/Syria+civil+official+says/6771438/story.html
2012-06-14,00:15:38,uzwq6,53,"
Greeks hoard cash ahead of key Sunday vote
 
'It’s over the top; we must not panic,' says head of country's retail federation",cbc.ca,http://www.cbc.ca/news/business/story/2012/06/13/greece-banks-euro.html
2012-06-13,00:15:47,uy123,46,"Sorry, what's a Jew? Twitter storm after official Sweden curator puts her foot in it. ",thelocal.se,http://www.thelocal.se/41402/20120612/
2012-06-14,03:26:53,v07kg,37,"""Pope Benedict XVI is on a course correction. Benedict has been trying to restore Catholic traditions he believes were lost 50 years ago in the modernizing reforms of the Second Vatican Council. As he presses for a more conservative Catholicism, the pope has been vigilant about ensuring that""",seattlepi.com,http://www.seattlepi.com/news/article/Analysis-Dispute-with-US-nuns-began-decades-ago-3626298.php
2012-06-13,01:28:47,uy507,36,Gay Pride Parade Banned for 100 Years in Russia,humanrightsfirst.org,http://www.humanrightsfirst.org/2012/06/07/gay-pride-parade-banned-for-100-years-in-russia/
2012-06-13,09:34:01,uyxcj,32,Venezuelan President Hugo Chavez has presented his country with a plan to deepen his push for socialism and entrench his movement in power as he runs for another six-year term amid questions of whether he will overcome cancer.,hosted.ap.org,http://hosted.ap.org/dynamic/stories/L/LT_VENEZUELA_ELECTION?SITE=RIPAW&SECTION=HOME&TEMPLATE=DEFAULT
2012-06-14,00:51:39,uzyli,23,"Once Illegal, Health Rumors Now Have Mubarak Die Daily",nytimes.com,http://www.nytimes.com/2012/06/13/world/middleeast/once-illegal-health-rumors-now-have-mubarak-die-daily.html?_r=1&smid=FB-nytimes&WT.mc_id=WO-E-FB-SM-LIN-OIN-0601312-NYT-NA&WT.mc_ev=click
2012-06-13,04:15:12,uyewe,22,Trolls will be identified by the UK government.,uk.news.yahoo.com,http://uk.news.yahoo.com/websites-forced-identify-trolls-033754759.html
2012-06-13,23:26:00,uzude,20,BBC News - Syria: France calls for UN to enforce Annan plan,bbc.co.uk,http://www.bbc.co.uk/news/world-middle-east-18428782
