2012-12-02,06:59:30,144grb,2562,Germany Has Built Clean Energy Economy U.S. Rejected in 80s,bloomberg.com,http://www.bloomberg.com/news/2012-11-13/germany-has-built-clean-energy-economy-u-s-rejected-in-80s.html?cmpid=otbrn.sustain.story
2012-12-02,20:04:54,145cir,2341,"""The Vatican has cracked down on a prominent Austrian Roman Catholic priest who has been leading a disobedience campaign to openly challenge Roman Catholic teachings on celibacy and women priests.""",reuters.com,http://www.reuters.com/article/2012/11/29/us-pope-austria-dissident-idUSBRE8AS0RM20121129
2012-12-02,19:29:24,145bqd,1212,Israel halts Palestinian tax transfer over UN bid | DAWN.COM,dawn.com,http://dawn.com/2012/12/02/israel-halts-palestinian-tax-transfer-over-un-bid/
2012-12-02,21:35:02,145enk,976,Israel confiscates Palestinian funds | Al Akhbar English,english.al-akhbar.com,http://english.al-akhbar.com/content/israel-confiscates-palestinian-funds
2012-12-02,16:04:48,1456z6,580,"US 'shocked' by new settlement plan - Israel News, Ynetnews",ynetnews.com,"http://www.ynetnews.com/articles/0,7340,L-4314175,00.html"
2012-12-02,20:05:14,145cj1,565,Israel halts Palestinian tax transfer,aljazeera.com,http://www.aljazeera.com/news/middleeast/2012/12/2012122101441576517.html#.ULtD8jp8pL0.reddit
2012-12-02,13:36:42,1451h2,159,"Japan tunnel collapse traps cars - Parts of a tunnel collapsed Sunday on a highway west of Tokyo, trapping an unknown number of vehicles.",thestar.com,http://www.thestar.com/news/world/article/1296447--japan-tunnel-collapse-traps-cars
2012-12-02,19:17:23,145bge,138,"After UN vote, Israel to suspend Palestinian Authority funds",ynetnews.com,"http://www.ynetnews.com/articles/0,7340,L-4314391,00.html"
2012-12-02,22:00:24,145fav,135,Turkey requests Nato missile defences amid Syria chemical weapons fears,guardian.co.uk,http://www.guardian.co.uk/world/2012/dec/02/turkey-syria-chemical-weapons-fears
2012-12-02,22:15:44,145fr9,110,World Scientists Statement on GMO's .. I would say everyone needs to be aware of this statement ,i-sis.org.uk,http://www.i-sis.org.uk/list.php#.ULtiVkJ9E1c.reddit
2012-12-02,13:34:15,1451cp,98,"Afghanistan's displaced dread the coming winter: The country has nearly half a million displaced people, many living in primitive camps where the cold weather will mean death for some.",latimes.com,"http://www.latimes.com/news/nationworld/world/la-fg-afghanistan-refugees-winter-20121202,0,3506617,full.story"
2012-12-02,03:23:16,14448a,93,Clashes in Mexico after president sworn in.,aljazeera.com,http://www.aljazeera.com/news/americas/2012/12/201212144058119449.html
2012-12-02,08:18:29,144l3m,87,"New President of Mexico: ""The state has lost ground in important areas. Lawlessness and violence have robbed various parts of the country of peace and freedom. My government's first aim will be to bring peace to Mexico.""",thestar.com.my,http://thestar.com.my/news/story.asp?file=/2012/12/2/worldupdates/2012-12-01T222216Z_10_BRE8AS0VL_RTROPTT_0_UK-MEXICO-PENANIETO&sec=Worldupdates
2012-12-02,02:01:46,143zr9,75,"In northern Mali, music silenced as Islamists drive out artists:  The region, which was once one of the richest reservoirs of musical talent on the continent, is now an artistic wasteland.",washingtonpost.com,http://www.washingtonpost.com/world/in-northern-mali-music-silenced-as-islamists-drive-out-artists/2012/11/30/110ea016-300c-11e2-af17-67abba0676e2_story.html
2012-12-02,17:23:55,14592g,68,Muslim Brotherhood ‘paying gangs to go out and rape women and beat men protesting in Egypt’ as thousands of demonstrators pour on to the streets,dailycaller.com,http://dailycaller.com/2012/12/02/muslim-brotherhood-paying-gangs-to-go-out-and-rape-women-and-beat-men-protesting-in-egypt-as-thousands-of-demonstrators-pour-on-to-the-streets/
2012-12-02,00:55:17,143w8r,56,Eurozone unemployment hits record high - Europe - Al Jazeera English,aljazeera.com,http://www.aljazeera.com/news/europe/2012/11/20121130121846588948.html#.ULo2Z_oSURM.reddit
2012-12-02,16:16:22,1457bk,58,Internet restored in Syria after three-day blackout,rawstory.com,http://www.rawstory.com/rs/2012/12/01/internet-restored-in-syria-after-three-day-blackout/
2012-12-02,08:39:21,144m6s,49,Canada: Ontario judge rules Toronto's shark fin ban invalid,cbc.ca,http://www.cbc.ca/news/canada/toronto/story/2012/12/01/toronto-shark-fin-ban-invalid.html
2012-12-02,16:49:50,145896,53,The Sketchy Articles of Egypt’s Constitution ,english.al-akhbar.com,http://english.al-akhbar.com/content/sketchy-articles-egypt%E2%80%99s-constitution
2012-12-02,22:03:39,145fei,52,"Ach! No End in Sight for Berlin Airport Woes - Germans are famous for their efficiency & being on time. But a much-delayed, expensive new airport in the German capital, Berlin, is rapidly destroying that reputation.",npr.org,http://www.npr.org/2012/12/02/166257300/ach-no-end-in-sight-for-berlin-airport-woes
2012-12-02,20:52:29,145dnc,52,Egypt’s top court says it has suspended its work indefinitely to protest ‘pressures’. The court said in a statement it cannot work in a “climate filled with hatred”,washingtonpost.com,http://www.washingtonpost.com/world/middle_east/egyptian-president-calls-for-referendum-on-draft-constitution-in-2-weeks/2012/12/01/4125c00c-3c39-11e2-9258-ac7c78d5c680_story.html?tid=socialss
2012-12-02,02:52:37,1442ll,43,Aboriginal HIV infections a growing problem in Canada:  Infection rate for aboriginal people 3.6 times higher than that for other Canadians ,cbc.ca,http://www.cbc.ca/news/canada/manitoba/story/2012/11/30/mb-aboriginal-hiv-aids.html
2012-12-02,20:06:15,145cjz,37,Cars trapped in tunnel collapse outside Tokyo,news.yahoo.com,http://news.yahoo.com/cars-trapped-tunnel-collapse-outside-tokyo-024529497.html
2012-12-02,04:58:25,1449ox,34,"
Balkans' political football keeps hooligans close to heart of power.

While ultras elsewhere have been stigmatised, violent fans in Macedonia and Serbia exercise influence as well as fear
",guardian.co.uk,http://www.guardian.co.uk/football/2012/nov/29/balkans-political-football-hooligans-power
2012-12-02,02:15:52,1440jq,38,Internet restored in Syria after a 3-day blackout,aljazeera.com,http://www.aljazeera.com/news/middleeast/2012/12/2012121153734176191.html
2012-12-02,20:51:31,145dmc,29,"In Pakistan, Secrets of a 3,000-Yr-Old Cemetery - It's believed Alexander the Great fought one of his battles here.  Most graves hold a male & female facing each other.  ""It's like something amazing for us, especially in ancient sites that belong to the time of Alexander the Great."" ",npr.org,http://www.npr.org/2012/12/02/166253606/in-pakistan-secrets-of-a-3-000-year-old-cemetery
2012-12-02,15:48:06,1456h6,28,Gunmen Kill Environmental Activist in South Mexico | ABC,abcnews.go.com,http://abcnews.go.com/International/wireStory/gunmen-kill-environmental-activist-mexico-17840493#.ULsHRVwj5zN
2012-12-02,12:08:04,144x2b,26,"Explosions, shooting heard at U.S. base in Afghanistan. 'The Taliban said they carried out an attack on the compound and inflicted casualties'",reuters.com,http://www.reuters.com/article/2012/12/02/us-afghanistan-jalalabad-explosions-idUSBRE8B100X20121202?feedType=RSS&feedName=topNews&rpc=71&google_editors_picks=true
2012-12-02,08:51:09,144msp,26,Tourists visiting Thailand are no longer safe,bangkokpost.com,http://www.bangkokpost.com/opinion/opinion/324119/crisis-of-confidence-in-tourist-safety
2012-12-02,10:53:58,144tbt,23,High police support for Greece's Golden Dawn - Al Jazeera Blogs,blogs.aljazeera.com,http://blogs.aljazeera.com/blog/europe/high-police-support-greeces-golden-dawn
