2012-05-22,14:27:02,tytxw,2112,Tony Blair and George Bush's phone conversation a week before Iraq invasion 'must be released',belfasttelegraph.co.uk,http://www.belfasttelegraph.co.uk/news/local-national/uk/tony-blair-and-george-bushs-phone-conversation-a-week-before-iraq-invasion-must-be-released-16161926.html
2012-05-22,15:05:09,tyvdk,1612,A Muslim teenager was murdered by her parents for bringing “shame” on her Pakistani-born parents by leading a Western way of life and trying to go on dates with boys in the UK.,telegraph.co.uk,http://www.telegraph.co.uk/news/uknews/crime/9281112/Shafilea-Ahmed-murder-parents-killed-daughter-for-dating-boys.html
2012-05-22,22:21:28,tz77o,1109,"Father, 56, in critical condition after being stabbed 
trying to shield dying son from gang pub attack",dailymail.co.uk,http://www.dailymail.co.uk/news/article-2147730/Father-56-critical-condition-stabbed-trying-shield-dying-son-frenzied-attack-hoodie-gang-outside-pub.html
2012-05-22,21:07:01,tz4qh,1068,"Putin consolidates power, hires ousted ministers: President Vladimir Putin ignored public opposition and hired some Russia's most unpopular former ministers Tuesday and Russian lawmakers debated a draconian bill that raises fines for joining unsanctioned protests 200-fold.",news.yahoo.com,http://news.yahoo.com/putin-consolidates-power-hires-ousted-ministers-113657930--finance.html
2012-05-23,01:53:55,tzh7g,841,Canada's Telecom Companies Have Secretly Supported Internet Surveillance Legislation,michaelgeist.ca,http://www.michaelgeist.ca/content/view/6505/135/
2012-05-22,19:43:17,tz2ir,693,"Private supply ship, SpaceX Dragon, rockets toward space station, opens new era of spaceflight: A first-of-its-kind commercial supply ship rocketed toward the International Space Station following a successful liftoff early Tuesday, opening a new era of dollar-driven spaceflight.",startribune.com,http://www.startribune.com/lifestyle/152298165.html
2012-05-22,12:10:07,tynm3,635,"Quebec’s largest student group has vowed to defy the Quebec government’s new emergency law, calling for a summer of protests and acts of civil disobedience.",news.nationalpost.com,http://news.nationalpost.com/2012/05/21/quebecs-largest-student-group-vows-to-defy-governments-new-emergency-law/
2012-05-22,17:43:16,tyztl,291,Europe's worst fear: Spain and Greece spiral down together,economictimes.indiatimes.com,http://economictimes.indiatimes.com/news/international-business/europes-worst-fear-spain-and-greece-spiral-down-together/articleshow/13385709.cms
2012-05-23,01:39:46,tzghz,254,36 More Arrested in Quebec Student Protests,google.com,http://www.google.com/hostednews/afp/article/ALeqM5iCBXYUB5yxSt2ruLpM_kxevrRIjA?docId=CNG.bb4b4a8a24ad477b4638962adbf247d8.2b1
2012-05-22,18:10:10,tz0f6,170,Leaked Memo: High concentrations of dust and burned waste from Afghan 'Burn Pit' likely to impact veterans’ health for the rest of their lives. ,wired.com,http://www.wired.com/dangerroom/2012/05/bagram-health-risk/
2012-05-22,23:39:28,tzah5,162,"Night of Protest in Montreal after 'Emergency Law': 
Police continue to attempt crackdown on 'one of the most amazing mass protests of the year'",commondreams.org,https://www.commondreams.org/headline/2012/05/21-8
2012-05-22,13:57:25,tysr5,163,Research ship finds the world's oceans are 'plasticized',edition.cnn.com,http://edition.cnn.com/2012/05/21/world/asia/algalita-eco-solutions/index.html?
2012-05-22,19:22:57,tz22z,160,Veterans discard their service medals at anti-NATO rally,news.yahoo.com,http://news.yahoo.com/veterans-symbolically-discard-medals-anti-nato-rally-235355143.html
2012-05-22,00:15:18,txl6q,135,"Study: Despite Tougher Copyright Monopoly Laws, Sharing Remains Pervasive - 61% of 15-25 year-olds in Sweden share culture online, in violation of the copyright monopoly",falkvinge.net,http://falkvinge.net/2012/05/21/study-despite-tougher-copyright-monopoly-laws-sharing-remains-pervasive/
2012-05-23,07:03:39,tzyki,129,"US Senate panel votes to cut aid for Pakistan, Egypt",google.com,http://www.google.com/hostednews/ap/article/ALeqM5h9ukDA7Itr0gTmcgMMasubdFMpaA?docId=32854a80df6c47ceaa0319f8c93a6864
2012-05-22,23:17:08,tz9h5,126,"The return of the barbaric necklace in South Africa. 8 suspected criminals necklaced in Khayelitsha, Cape Town in the last 3 months by vigilantes",timeslive.co.za,http://www.timeslive.co.za/local/2012/05/22/barbaric-necklace-returns
2012-05-22,17:06:54,tyyv8,103,An Historic Moment: Private Cargo Rocket Heads to Space Station,nytimes.com,http://www.nytimes.com/2012/05/23/science/space/spacexs-private-cargo-rocket-heads-to-space-station.html
2012-05-22,19:56:23,tz2tv,83,The head of the UN nuclear watchdog has said it is close to signing an accord with Iran after his talks in Tehran,bbc.co.uk,http://www.bbc.co.uk/news/world-middle-east-18157944
2012-05-22,15:11:51,tyvma,64,"Germany isolated as Latin Bloc calls the shots: The eurozone's 'Latin Bloc' is in full revolt. The trio of French, Italian, and Spanish leaders - backed by world powers - are to push for a radical shift in Europe's economic strategy at crucial summit on Wednesday",telegraph.co.uk,http://www.telegraph.co.uk/finance/comment/ambroseevans_pritchard/9280847/Germany-isolated-as-Latin-Bloc-calls-the-shots.html
2012-05-22,13:35:15,tyrq4,60,"Hollande will not go Dutch on drug policies: ""France is one of Europe’s biggest cannabis consumers and has some of the toughest anti-drug laws.""",druglawreform.info,http://druglawreform.info/en/weblog/item/3459-hollande-will-not-go-dutch-on-cannabis
2012-05-22,13:39:23,tyrxp,57,Third of malaria drugs 'are fake',bbc.co.uk,http://www.bbc.co.uk/news/health-18147085
2012-05-22,19:41:37,tz2hb,43,French ban of Monsanto GM maize rejected by EU: The EU's food safety body ruled there is 'no specific scientific evidence' that the insect-resistant strain is harmful to health or the environment,guardian.co.uk,http://www.guardian.co.uk/environment/2012/may/22/french-ban-gm-maize-rejected
2012-05-22,10:29:27,tyi5v,40,Four die on Mount Everest,cnn.com,http://www.cnn.com/2012/05/21/world/asia/everest-deaths/index.html?hpt=hp_t1
2012-05-22,09:34:24,tyf5q,37,"5.8 earthquake recorded 14 miles from Sofia, Bulgaria",earthquake.usgs.gov,http://earthquake.usgs.gov/earthquakes/recenteqsww/Quakes/usb0009uyx.php
2012-05-22,06:23:32,ty4v5,32,Indian women turn to firearms against threat of violence,guardian.co.uk,http://www.guardian.co.uk/world/2012/may/21/indian-women-take-up-firearms
2012-05-22,04:41:45,txyug,34,"Mali president, 70, unconscious after mob attack",cbsnews.com,http://www.cbsnews.com/8301-202_162-57438538/mali-president-70-unconscious-after-mob-attack/
2012-05-22,12:43:34,typa1,26,"China fake parts 'used in US military equipment'. After China, the UK and Canada were found to be the next-largest source countries for fake parts.",bbc.co.uk,http://www.bbc.co.uk/news/world-us-canada-18155293
2012-05-22,23:34:32,tza9a,21,"China targets infrastructure to lift economy:  China will fast track approvals for infrastructure investment to combat a slowdown in the economy, a state-backed newspaper reported on Tuesday, showing how Premier Wen Jiabao's call for policies to support growth is being put into action.",reuters.com,http://www.reuters.com/article/2012/05/22/us-china-economy-idUSBRE84L05320120522
2012-05-22,19:14:24,tz1vw,19,"Nearly a million new immigrants in Germany - Germany has been looking for skilled workers, and last year saw the highest rate of immigration in more than 15 years. More and more people are coming from crisis-wracked EU countries. ",dw.de,"http://www.dw.de/dw/article/0,,15964384,00.html"
2012-05-22,12:09:05,tynk9,17,"Conservationists condemn exile of Chagossians for marine reserve:  Greenpeace and other groups say the rights of the islanders, who cannot return to the archipelago, have been violated",guardian.co.uk,http://www.guardian.co.uk/environment/2012/may/21/conservationists-exile-chagos-marine-reserve
