2012-10-09,18:12:29,116sj3,3460,14-year-old Pakistani activist Malala Yousafzai has been shot; she had been on a Taliban 'hit list' since March after giving her diary to the BBC in the wake of women being forbidden an education in her town,newspakistan.pk,http://www.newspakistan.pk/2012/10/09/unknown-armed-men-attacks-national-peace-award-winner-malala-yousafzai/
2012-10-09,05:17:02,115l2r,1938,Jewish settlers attack undercover police officers posing as Palestinian shepherds ,ynetnews.com,"http://www.ynetnews.com/articles/0,7340,L-4289452,00.html"
2012-10-09,13:51:06,116jmj,560,Mexican navy says Zetas cartel founder Heriberto Lazcano apparently killed in confrontation,washingtonpost.com,http://www.washingtonpost.com/world/the_americas/zetas-suspect-blamed-by-mexico-for-mass-jailbreaks-slaughter-of-migrants-killing-of-us-man/2012/10/08/38369f4e-11b3-11e2-9a39-1f5a7f6fe945_story.html
2012-10-09,17:53:32,116s3w,550,"Officer who killed Brazilian student  with taser says he likely would've used the weapon even if he'd known the male had only stolen biscuits - He died after 11 officers  tasered him 14 times,  handcuffed him, used capsicum spray, & used a baton to fight his ""superhuman strength"".",news.ninemsn.com.au,http://news.ninemsn.com.au/article.aspx?id=8545040
2012-10-09,21:53:30,116ysk,460,The Guardian: Greek anti-fascist protesters 'tortured by police',guardian.co.uk,http://www.guardian.co.uk/world/2012/oct/09/greek-antifascist-protesters-torture-police
2012-10-09,20:44:10,116wdp,383,"Quantum particle work wins Nobel for French, U.S. scientists:  A French and an American scientist won the Nobel Prize on Tuesday for finding ways to measure quantum particles without destroying them, which could make it possible to build a new kind of computer far more powerful than any seen before.",reuters.com,http://www.reuters.com/article/2012/10/09/us-nobel-physics-idUSBRE8980DZ20121009
2012-10-09,23:27:18,11732t,365,South African president Jacob Zuma uses $30million of taxpayer money to 'upgrade' personal home,guardian.co.uk,http://www.guardian.co.uk/world/2012/oct/08/jacob-zuma-investigation-plans-home
2012-10-09,01:44:49,1157nl,301,'Saudi weapons' intended for the Saudi military seen at Syria rebel base,bbc.co.uk,http://www.bbc.co.uk/news/world-middle-east-19874256
2012-10-09,20:23:19,116vqn,272,"Putting Profits Before Nutrition: 
The Dark Side of the School Meals Business -- 
Experts now believe that frozen strawberries from China are behind a massive outbreak of the norovirus that recently affected thousands of schoolchildren in eastern Germany. ",spiegel.de,http://www.spiegel.de/international/germany/epidemic-sheds-light-on-low-quality-school-meals-in-germany-a-860080.html
2012-10-09,02:58:28,115cgu,266,Rage erupts in Guatemala after police kill 6 protesters,usatoday.com,http://www.usatoday.com/story/news/world/2012/10/05/rage-erupts-guatemala-6-protesters-shot/1616321/
2012-10-09,12:23:24,116efa,242,North Korea Says Its Rockets Can Hit U.S. Mainland,nytimes.com,http://www.nytimes.com/reuters/2012/10/08/world/asia/08reuters-korea-north.html
2012-10-09,14:12:38,116kqp,223,"Z-3, the leader of Los Zetas-- one of Mexico's most violent cartels-- has been reported dead in a clash with Mexican Marines.",huffingtonpost.com,http://www.huffingtonpost.com/2012/10/09/heriberto-lazcano-zetas-cartel-leader-reportedly-killed_n_1949996.html
2012-10-09,04:56:41,115jqb,184," Egypt rights activists seeing hopes dissolve:  Women and minorities had wanted guarantees of equal rights, but that goal seems out of reach now that control of Egypt has shifted to an Islamist president.",latimes.com,"http://www.latimes.com/news/nationworld/world/la-fg-egypt-constitution-20121008,0,5859262.story"
2012-10-09,00:14:19,11525s,154,Four Nigerian students wrongly tortured in public and killed for crimes they didn't commit.,bbc.co.uk,http://www.bbc.co.uk/news/world-africa-19869492
2012-10-09,03:33:43,115eq8,133,BBC News has uncovered evidence that weapons intended for the Saudi military have been diverted to Syrian rebels.,bbc.co.uk,http://www.bbc.co.uk/news/world-middle-east-19878278#sa-ns_mchannel=rss&ns_source=PublicRSS20-sa
2012-10-09,21:50:23,116yoj,103,"4,000 tons of shells explode in Central Russia, leave mushroom cloud-like plume of smoke (PHOTOS, VIDEO)",rt.com,http://rt.com/news/weapons-depot-fire-orenburg-982/
2012-10-09,04:57:55,115jsi,90,Turkey shells Syria for sixth day:  Turkey has hit Syrian military positions for the sixth day in a row after a shell fired by the neighbouring country landed across the border. ,telegraph.co.uk,http://www.telegraph.co.uk/news/worldnews/middleeast/syria/9594146/Turkey-shells-Syria-for-sixth-day.html
2012-10-09,16:28:12,116pvo,88,"Brain-eating amoeba kills at least 10 in Karachi: Pakistan's most populous city hit by Naegleria fowleri, which is transmitted by contaminated water entering the nose
",guardian.co.uk,http://www.guardian.co.uk/world/2012/oct/09/brain-eating-amoeba-kills-karachi
2012-10-09,12:46:00,116fte,87,"Japan-based internet users who download copyright infringing files face up to two years in prison or fines of up to two million yen ($25,700; £15,900) after a change to the law.",bbc.co.uk,http://www.bbc.co.uk/news/technology-19767970
2012-10-09,04:29:39,115i1x,68,"Hugo Chávez wins again in Venezuela: ""Spin doctors have constructed a macabre operation that violates his privacy and human decency by telling  that his death was imminent. But he's in complete condition to carry out the presidency""",guardian.co.uk,http://www.guardian.co.uk/world/2012/oct/08/venezuela-election-hugo-chavez?newsfeed=true
2012-10-09,22:36:38,1170p1,66,Peace-prize winning Pakistani girl on Taliban hit list fights for life after shooting,worldnews.nbcnews.com,http://worldnews.nbcnews.com/_news/2012/10/09/14311107-peace-prize-winning-pakistani-girl-on-taliban-hit-list-fights-for-life-after-shooting?lite&google_editors_picks=true
2012-10-09,14:12:27,116kqa,54,Afghan woman helps addicts by running daring new restaurant in Kabul,reuters.com,http://www.reuters.com/article/2012/10/09/us-afghanistan-restaurant-idUSBRE89803O20121009
2012-10-09,05:44:05,115n0o,52,"Actually, There Is No Hyperinflation In Iran",businessinsider.com,http://www.businessinsider.com/actually-there-is-no-hyperinflation-in-iran-2012-10
2012-10-09,21:45:03,116ygk,45,Turkey sends fighter jets to Syrian border,aljazeera.com,http://www.aljazeera.com/news/middleeast/2012/10/2012109113457809700.html
2012-10-09,05:27:14,115lrn,42,"Turkish President Abdullah Gul said on Monday the ""worst-case scenarios"" were now playing out in Syria and Turkey would do everything necessary to protect itself, as its army fired back for a sixth day after a shell from Syria flew over the border.",reuters.com,http://www.reuters.com/article/2012/10/08/us-syria-crisis-turkey-idUSBRE8970J320121008?feedType=RSS&feedName=topNews&utm_source=feedburner&utm_medium=feed&utm_campaign=Feed%3A+reuters%2FtopNews+%28News+%2F+US+%2F+Top+News%29
2012-10-09,06:01:52,115oev,44,South Korea declares disaster zone after chemical leak:  Tonnes of hydrofluoric acid released in deadly explosion,cbc.ca,http://www.cbc.ca/news/world/story/2012/10/08/south-korea-acid-spill-disaster-zone.html
2012-10-09,13:58:48,116k0t,40,BBC News - North Korea warns US on missiles after South deal,bbc.co.uk,http://www.bbc.co.uk/news/world-asia-19879935
2012-10-09,02:21:07,1159y2,32,BBC News - Italy smashes transsexual prostitution ring,bbc.co.uk,http://www.bbc.co.uk/news/world-europe-19867885
2012-10-09,05:49:17,115nfz,37,Putin says Pussy Riot 'got what they asked for' as jailed women appeal.,guardian.co.uk,http://www.guardian.co.uk/world/2012/oct/08/putin-backs-pussy-riot-conviction
2012-10-09,16:30:11,116pxo,29,"Morocco admits to police abuse, tarnishing model response to Arab Spring:  

Morocco was lauded for its response to last year's democracy protests, but there have been regular accusations of abuse from detained protesters. Two weeks ago, the justice minister admitted it.",csmonitor.com,http://www.csmonitor.com/World/Middle-East/2012/1008/Morocco-admits-to-police-abuse-tarnishing-model-response-to-Arab-Spring
