2012-05-09,00:12:07,td0lx,2709,2012 vs. 1984: Young adults really do have it harder today - The Globe and Mail,theglobeandmail.com,http://www.theglobeandmail.com/globe-investor/personal-finance/2012-vs-1984-young-adults-really-do-have-it-harder-today/article2425558/
2012-05-09,20:08:47,tej3w,1911,"The amount of plastic trash in the ""Great Pacific Garbage Patch"" has increased 100-fold during the past 40 years, causing ""profound"" changes to the marine environment",worldnews.msnbc.msn.com,http://worldnews.msnbc.msn.com/_news/2012/05/09/11612593-study-plastic-in-great-pacific-garbage-patch-increases-100-fold
2012-05-09,23:31:48,teq6f,1261,"If Amsterdam won't sell weed to foreigners, who will? The Netherlands' ban on selling cannabis to foreigners could start a weed economy in other EU states. Spain and Portugal are top of the list.",globalpost.com,http://www.globalpost.com/dispatch/news/regions/europe/benelux/120508/amsterdam-cannabis-cafe-ban-foreigners-marijuana-netherlands
2012-05-09,18:45:48,teh8j,1045,"Australia's Federal Budget predicts returns to Surplus, leading developed countries across the globe.",abc.net.au,http://www.abc.net.au/news/2012-05-08/budget-2012-by-the-numbers-infographic/3999026
2012-05-09,11:12:36,te01c,471,"China's results in international education tests -- which have never been published -- are ""remarkable"", says Andreas Schleicher, responsible for the highly-influential Pisa tests. The findings indicate that China has an education system that is overtaking many Western countries.",bbc.co.uk,http://www.bbc.co.uk/news/business-17585201
2012-05-09,08:54:10,tdsgs,437,"India's Constitution obliges all citizens to develop “scientific temper, humanism and the spirit of inquiry and reform”. India's laws, though, are being used to persecute a man who has devoted his life to doing precisely that. ",thehindu.com,http://www.thehindu.com/opinion/lead/article3391109.ece?homepage=true
2012-05-09,09:31:53,tduh3,318,9 men convicted in racially sensitive U.K. sex ring; girls as young as 13 were lured into sexual encounters using alcohol and drugs,usatoday.com,http://www.usatoday.com/news/world/story/2012-05-08/uk-sex-ring/54845054/1?
2012-05-09,20:34:11,tejsd,281,Russian plane disappears over Indonesia,news.blogs.cnn.com,http://news.blogs.cnn.com/2012/05/09/russian-airliner-disappears-over-indonesia/
2012-05-09,09:16:00,tdtn7,260,"David Cameron texted Rebekah Brooks before she quit News International, claims biography: ''Sorry I couldn't have been as loyal to you as you have been to me""",guardian.co.uk,http://www.guardian.co.uk/media/2012/may/09/david-cameron-texted-rebekah-brooks
2012-05-09,20:53:02,tekar,207,"South Africa seizes $7m in 'rhino-poachers' assets: The men, two of whom are vets, are already facing 1,872 charges of racketeering.",bbc.co.uk,http://www.bbc.co.uk/news/world-africa-18004043
2012-05-09,09:22:30,tdtza,201,"Seniors urged to eat Fukushima rice to help farmers, protect young people",japantimes.co.jp,http://www.japantimes.co.jp/text/nn20120320a9.html
2012-05-09,14:58:15,teaxh,199,Female Assassin Team Leader tied to at least 20 Murders in Mexico,latino.foxnews.com,http://latino.foxnews.com/latino/news/2012/05/08/female-assassin-implicated-in-20-murders-in-mexico-police-say/?test=latestnews
2012-05-10,03:27:29,tf2cq,134,"every communication technology so far been ""'captured' by corporate power""",guardian.co.uk,http://www.guardian.co.uk/technology/2012/apr/29/internet-innovation-failure-patent-control
2012-05-09,04:55:38,tdfli,135,"NATO Admits Killing Afghan Mother, 5 Children in Air Strike ",commondreams.org,http://www.commondreams.org/headline/2012/05/08-7
2012-05-09,20:29:17,tejnc,131,German Leaders Threaten End to Greek Aid,spiegel.de,http://www.spiegel.de/international/europe/german-politicians-warn-greece-over-austerity-a-832232.html
2012-05-09,21:45:59,telyt,116,"Dolphins Die of Drug Overdose after Swiss Rave
",newsfeed.time.com,http://newsfeed.time.com/2012/05/08/dolphins-die-of-drug-overdose-in-switzerland/
2012-05-09,17:50:20,teg04,106,"Putin's Inauguration Was A Military Operation, Not A National Celebration - Forbes",forbes.com,http://www.forbes.com/sites/yuliataranova/2012/05/08/violence-around-putins-inauguration-correspondents-diary/
2012-05-09,00:13:26,td0o9,60,China and US to co-operate to avoid cyber Cold War,bbc.com,http://www.bbc.com/news/technology-17989560
2012-05-09,20:06:44,tej1i,61,'Anonymous' hackers expose Norway rivals,thelocal.no,http://www.thelocal.no/page/view/anonymous-hackers-spill-beans-on-norway-rivals
2012-05-09,08:05:44,tdpz5,53,Crisis-Hit Portugal Axes Holidays - Portugal takes austerity measures to a new level by scrapping 4 of its 14 public holidays,bbc.co.uk,http://www.bbc.co.uk/news/world-europe-17998937
2012-05-10,04:43:29,tf6sz,33,Spain is becoming the new Greece ,theglobeandmail.com,http://www.theglobeandmail.com/globe-investor/markets/markets-blog/spain-is-becoming-the-new-greece/article2427764/
2012-05-09,21:48:03,tem1a,30,Bulgarian and Romanian Immigrants Overwhelm German System - SPIEGEL ONLINE,spiegel.de,http://www.spiegel.de/international/germany/bulgarian-and-romanian-immigrants-overwhelm-german-system-a-832027.html
2012-05-09,19:18:49,tehzd,28,Thai Grandfather Jailed for Text Messages Dies in Prison ,globalspin.blogs.time.com,http://globalspin.blogs.time.com/2012/05/09/the-end-of-uncle-sms-thai-grandfatherjailed-for-text-messages-dies-in-prison/?xid=rss-topstories&utm_source=feedburner&utm_medium=feed&utm_campaign=Feed%3A+time%2Ftopstories+%28TIME%3A+Top+Stories%29&utm_content=Netvibes
2012-05-09,23:04:45,tep0a,24,"Queen’s speech unveils UK’s ‘Patriot Act’ Web 
monitoring plan",zdnet.com,http://www.zdnet.com/blog/london/queens-speech-unveils-uks-8216patriot-act-web-monitoring-plan/4663
2012-05-09,20:52:59,tekap,13,Peru drug clinic fire kills 14 people locked inside:  Privately run Sacred Heart of Jesus rehab centre outside Lima had windows and doors locked and barred,guardian.co.uk,http://www.guardian.co.uk/world/2012/may/06/peru-drug-fire-14-locked
2012-05-09,20:39:16,tejxf,14,Russian plane disappears in demonstration flight in Indonesia,edition.cnn.com,http://edition.cnn.com/2012/05/09/world/asia/indonesia-plane/index.html?hpt=hp_t1
2012-05-10,00:24:09,tesqn,8,Iranian Cartoonist Sentenced to 25 Lashings,cagle.com,http://www.cagle.com/2012/05/iranian-cartoonist-sentenced-to-25-lashings/
2012-05-09,20:55:50,tekdm,10,"A fire at a clothing store in the southern Philippines has killed 17 employees, most of whom were women who were asleep and trapped on the top floor",independent.co.uk,http://www.independent.co.uk/news/world/asia/17-dead-in-philippines-clothing-store-fire-7727943.html
2012-05-09,21:25:56,telbh,12,Big rise in North Pacific plastic waste:  The quantity of small plastic fragments floating in the north-east Pacific Ocean has increased a hundred fold over the past 40 years.,bbc.co.uk,http://www.bbc.co.uk/news/science-environment-17991993
2012-05-09,18:27:49,tegtf,11,Explosion near UN convoy in Syria,bbc.co.uk,http://www.bbc.co.uk/news/world-middle-east-18001942
