2012-04-05,22:35:55,rukxa,574,"Rupert Murdoch’s Sky News acknowledges hacking emails, says it was in public interest ",washingtonpost.com,http://www.washingtonpost.com/world/europe/murdochs-news-intl-challenges-sienna-miller-over-legal-costs-person-close-to-case-says/2012/04/05/gIQAaqrxwS_story.html?hpid=z3
2012-04-05,21:48:34,ruj6i,438,Almost 500 websites in China have been defaced in a large-scale attack staged by the Anonymous hacking group.,bbc.co.uk,http://www.bbc.co.uk/news/technology-17623939
2012-04-05,07:34:59,rto0x,389,Greece: Six of the country's universities say they face immediate closure after the recent bondswap reduced their assets to zero.,athensnews.gr,http://www.athensnews.gr/portal/14/54392
2012-04-05,21:49:29,ruj7p,179,UK's Sky News: We hacked in the public interest,hosted.ap.org,http://hosted.ap.org/dynamic/stories/E/EU_BRITAIN_PHONE_HACKING?SITE=FLTAM&SECTION=INTERNATIONAL&TEMPLATE=DEFAULT&CTIME=2012-04-05-08-33-22
2012-04-05,06:31:54,rtkhq,157,Egypt sends Christian student to jail for insulting Islam,timeslive.co.za,http://www.timeslive.co.za/africa/2012/04/04/egypt-sends-christian-student-to-jail-for-insulting-islam
2012-04-05,21:54:15,rujdq,152,Retiree's Suicide Triggers Riots in Greece ,time.com,"http://www.time.com/time/world/article/0,8599,2111212,00.html"
2012-04-05,21:34:13,ruinv,121,Millionaire's daughter convicted for role as driver for a gang of looters during London riots,bbc.co.uk,http://www.bbc.co.uk/news/uk-england-london-17586334
2012-04-05,05:55:43,rticz,121,Gas Prices Hit Record High in Canada - Expected to be higher by end of April.  Crude shortage is said not to be the problem.,cbc.ca,http://www.cbc.ca/news/canada/manitoba/story/2012/04/04/gasoline-prices-wednesday.html
2012-04-05,21:06:12,ruhyq,108,Japan nuke plant leaks radioactive water again,fuelfix.com,http://fuelfix.com/blog/2012/04/05/japan-nuke-plant-leaks-radioactive-water-again/
2012-04-05,11:35:39,ru0xa,76,"New report on human trafficking: 2.4 million people are being traded at any one time. 80% of those people are trafficked for sexual exploitation, while 17% are traded to perform forced labor. 2 out of every 3 victims are women, and only 1 out of every 100 victims of trafficking is ever rescued",washingtonpost.com,http://www.washingtonpost.com/blogs/blogpost/post/human-trafficking-affecting-millions-including-some-in-the-us/2012/04/04/gIQAEKEzvS_blog.html
2012-04-05,21:11:32,rui18,75,Jim Marshall (Founder of Marshall Amps) died today at 88 ,bbc.co.uk,http://www.bbc.co.uk/news/entertainment-arts-17625335
2012-04-05,15:55:29,rubd3,52,New Zealand MP identifies Finland as a military threat,listener.co.nz,http://www.listener.co.nz/commentary/the-internaut/new-zealand-mp-identifies-finland-as-a-military-threat/
2012-04-05,08:28:04,rtqw2,52,"In Hong Kong, only 1,193 of seven million people are eligible to vote for the city’s chief executive. ",economist.com,http://www.economist.com/node/21551505
2012-04-05,02:00:09,rt4ex,47,South Sudan Shoots Down Sudanese Jet,nytimes.com,http://www.nytimes.com/aponline/2012/04/04/world/africa/ap-af-south-sudan-sudan.html?ref=news
2012-04-05,07:58:06,rtpbp,36,"Russia's Foreign Minister: Syria's opposition will never defeat President Bashar al-Assad's army even if it is ""armed to the teeth"".",telegraph.co.uk,http://www.telegraph.co.uk/news/worldnews/middleeast/syria/9185464/Syria-opposition-will-never-defeat-Assads-army-says-Russia.html
2012-04-05,19:06:47,rufns,37,"Greek Historic Remains Have Become 'Curse' - Faced with massive public debt, Greece is finding that its fabled antiquity heritage is proving a growing burden -- with licensed digs postponed, illegal ones proliferating, museum staff trimmed, & valuable pieces stolen.",ekathimerini.com,http://www.ekathimerini.com/4dcgi/_w_articles_wsite4_1_05/04/2012_436567
2012-04-06,00:42:40,ruqul,32,IP Above All Else: WIPO Defies UN Sanctions To Give Computers To North Korea,techdirt.com,http://www.techdirt.com/articles/20120404/12263218371/ip-above-all-else-wipo-defies-un-sanctions-to-give-computers-to-north-korea.shtml
2012-04-05,22:39:06,rul10,36,Sky News admits John Darwin email hack,bbc.co.uk,http://www.bbc.co.uk/news/uk-17628600
2012-04-05,22:18:55,ruk8m,29,"Syrian troops launched a fierce assault on a Damascus suburb Thursday, days ahead of a deadline for a U.N.-brokered cease-fire",news.yahoo.com,http://news.yahoo.com/syrian-troops-attack-damascus-suburb-092349551.html
2012-04-06,03:36:38,rv03f,24,"Almost all Holocaust survivors in Israel feel lonely, some 50,000 said they needed assistance on Passover eve and at least 12,000 will not have heating this holiday",ynetnews.com,"http://www.ynetnews.com/articles/0,7340,L-4210998,00.html"
2012-04-05,04:28:03,rtd6b,25,South Sudan claims to have shot down Sudanese jet,hosted.ap.org,http://hosted.ap.org/dynamic/stories/A/AF_SOUTH_SUDAN_SUDAN?SITE=FLTAM&SECTION=INTERNATIONAL&TEMPLATE=DEFAULT&CTIME=2012-04-04-15-17-48
2012-04-06,04:44:51,rv3rn,21,"Gaddafi son 'attacked in custody' in Libya, ICC lawyers say",bbc.co.uk,http://www.bbc.co.uk/news/world-middle-east-17630335
2012-04-05,05:52:05,rti4q,22,"Italian Law Pits Older Workers Against Younger Ones - Prime Minister faces his toughest challenge yet — pushing a labor overhaul. Laws all but guarantee life tenure to older workers, condemning younger ones to temporary jobs. The last 2 attempts to change the law ended in murders.",npr.org,http://www.npr.org/2012/04/04/149991140/italian-law-pits-older-workers-against-younger-ones
2012-04-05,06:43:17,rtl5s,21,Egypt Brotherhood candidate says sharia is main goal,swissinfo.ch,http://www.swissinfo.ch/eng/news/international/Egypt_Brotherhood_candidate_says_sharia_is_main_goal.html?cid=32425446
2012-04-06,00:31:12,ruq91,13,"Fire breaks out at Penly nuclear reactor near Dieppe in northern France, plant is shut down
 ",bbc.co.uk,http://www.bbc.co.uk/news/world-europe-17630358
2012-04-05,23:20:21,rumr4,11,Afghanistan sees rise in ‘dancing boys’ exploitation,washingtonpost.com,http://www.washingtonpost.com/world/asia_pacific/afganistans-dancing-boys-are-invisible-victims/2012/04/04/gIQAyreSwS_story.html
2012-04-05,18:57:50,rufhj,9,Tsunami Wreckage Crosses the Ocean (With Map & Tracking Video),motherjones.com,http://motherjones.com/blue-marble/2012/04/tsunami-wreckage-crosses-ocean
2012-04-06,02:43:23,rux8o,9,"The terror leader blamed for a 2008 massacre that killed nearly 200 people taunted the U.S. government at a press conference today, saying that if anyone wants to collect the $10 million bounty on his head he will be in Lahore, Pakistan tomorrow.",abcnews.go.com,http://abcnews.go.com/Blotter/terror-leader-mocks-us/story?id=16070640#.T33Zk6uJfbg
2012-04-05,20:06:30,rugx7,8,Greek man shoots himself over debts,guardian.co.uk,http://www.guardian.co.uk/world/2012/apr/04/greek-man-shoots-himself-debts
2012-04-05,22:45:53,rulb3,9,Campus Callboys: Students Offer Free Sex to Help Coeds Make the Grade - SPIEGEL ONLINE - News - International,spiegel.de,"http://www.spiegel.de/international/zeitgeist/0,1518,825714,00.html"
