2012-02-10,08:57:20,pimwe,2633,11 current Latin American leaders call for legal drug regulation as an alternative to the war on drugs. ,washingtonpost.com,http://www.washingtonpost.com/world/latin-american-leaders-assail-us-drug-market/2011/12/16/gIQAjyy63O_story.html
2012-02-10,17:26:55,pj6hj,981,The British govt about to unveil proposals to block the Internet for copyright enforcement purposes,iptegrity.com,http://www.iptegrity.com/index.php/digital-britain/741-uk-minister-says-website-blocking-proposals-imminent
2012-02-10,16:11:02,pj4u7,494,"Anonymous threatens cyber crusade against Israel - accusing it of ""Crimes against humanity""",jpost.com,http://www.jpost.com/DiplomacyAndPolitics/Article.aspx?ID=257282&R=R1
2012-02-11,00:16:25,pjhpf,283,"Belgian firefighters soak police in protest!
I never thought I'd see firehoses turned on the police.",guardian.co.uk,http://www.guardian.co.uk/world/2012/feb/10/hose-belgian-firefighters-soak-police
2012-02-10,06:56:14,pigxg,145,"Donald Trump Accuses Alex Salmond of Wanting to Destroy Scottish Coast - 

Billionaire attempts to derail wind farm plans with letter to first minister – & by ceasing work on his Aberdeenshire golf resort.  Trump opposes the wind farm, saying it'll ruin the view from his  resort. ",guardian.co.uk,http://www.guardian.co.uk/world/2012/feb/09/donald-trump-alex-salmond-destroying-scotland
2012-02-10,21:33:29,pjbn6,139,World gets ready for ACTA protests,theinquirer.net,http://www.theinquirer.net/inquirer/news/2145346/world-ready-acta-protests
2012-02-10,23:12:36,pjf1p,132,"Iran sending upto 15,000 elite troops to Syria ",rt.com,http://rt.com/news/syria-iran-cooperation-protests-969/
2012-02-11,04:13:53,pjsz4,124,"Overfishing of EU fisheries is costing £2.7bn (3.2bn euros) a year & 100,000 jobs - 1/3 of Britain's fish consumption could be met if stocks were allowed to recover.  But separate research shows 1/2 of fishermen wouldn't be willing to give up their livelihoods.",bbc.co.uk,http://www.bbc.co.uk/news/science-environment-16979976
2012-02-10,03:57:05,pi7nw,118,Rhino dies in anti-poaching demo by conservationists,worldnews.msnbc.msn.com,http://worldnews.msnbc.msn.com/_news/2012/02/09/10364240-rhino-dies-in-anti-poaching-demo-by-conservationists
2012-02-10,09:00:57,pin3b,118,Afghan children killed in NATO air strike,news.smh.com.au,http://news.smh.com.au/breaking-news-world/afghan-children-killed-in-nato-air-strike-20120210-1s5dd.html
2012-02-10,13:41:52,pj06s,87,Israel and Iran: Closer to take-off --- Momentum is growing for an Israeli airstrike on Iran—with or without American support | The Economist,economist.com,http://www.economist.com/node/21547297
2012-02-10,17:36:02,pj6pb,87,"RAF helicopter death revelation leads to secret Iraq detention camp
",guardian.co.uk,http://www.guardian.co.uk/world/2012/feb/07/iraq-death-secret-detention-camp?cat=world&type=article
2012-02-11,05:42:00,pjxek,77,Sane man lives in Romania mental hospital for 80 years,metro.co.uk,http://www.metro.co.uk/weird/889973-sane-man-lives-in-romania-mental-hospital-for-80-years
2012-02-11,02:40:10,pjoed,66,"Iran Begins Blocking Sites Using HTTPS Protocol  effectively censoring major bank sites, Google, Gmail, Facebook and many other commercial sites.",techweekeurope.co.uk,http://www.techweekeurope.co.uk/news/iran-begins-blocking-sites-using-https-protocol-59932
2012-02-10,17:08:56,pj63w,64,BBC News - Tibetans set themselves alight in protests,bbc.co.uk,http://www.bbc.co.uk/news/world-asia-16975739
2012-02-11,01:47:33,pjlw1,64,Roman Catholic Church leaders have unveiled an Internet teaching project to help clergy around the world root out pedophiles in their ranks and protect children from potential abusers.,reuters.com,http://www.reuters.com/article/2012/02/10/us-vatican-abuse-internet-idUSTRE81903H20120210
2012-02-10,01:13:58,phzd4,59,As many as 126 reported killed as Syrian attacks escalate - CNN.com,edition.cnn.com,http://edition.cnn.com/2012/02/09/world/meast/syria-unrest/
2012-02-10,15:30:17,pj3ru,56,Putin to dismantle United Russia after election,bloomberg.com,http://www.bloomberg.com/news/2012-02-09/putin-said-to-plan-dissolving-russian-ruling-party-after-presidential-vote.html
2012-02-11,00:59:26,pjjnj,51,"In Rare, Blunt Speech, Saudi King Criticizes Syria Vetoes",nytimes.com,http://www.nytimes.com/2012/02/11/world/middleeast/in-rare-blunt-speech-saudi-king-criticizes-syria-vetoes.html
2012-02-11,02:56:04,pjp55,49,"A group of Ecuadoreans take offensive against a Hague arbitration panel that they claim will meet in secret, without transparency or accountability, to determine the fate of an $18.2 billion environmental judgment they won against Chevron",courthousenews.com,http://www.courthousenews.com/2012/02/10/43767.htm
2012-02-10,12:47:09,pixuu,49,"Pakistan's Inter-Services Intelligence accused of kidnapping and torturing 11 men, four of whom have been found dead",guardian.co.uk,http://www.guardian.co.uk/world/2012/feb/09/pakistan-spy-agency-isi-court
2012-02-10,00:39:10,phxl4,45,"Iraq executes 14 people in one day, 65 so far this year",news.nationalpost.com,http://news.nationalpost.com/2012/02/09/iraq-executes-14-people-in-one-day-65-so-far-this-year/
2012-02-10,21:25:48,pjbfm,43,"Islamists in Egypt halt filming of TV series - Islamist students halted the filming of an Egyptian television series at Cairo's Ain Shams University protesting against the ""indecent"" clothing of the actresses",news.yahoo.com,http://news.yahoo.com/islamists-egypt-halt-filming-tv-series-144240168.html
2012-02-11,00:59:26,pjjnk,37,Lake Vostok sample water given to Vladimir Putin,washingtonpost.com,http://www.washingtonpost.com/world/europe/putin-praises-russian-scientists-who-reached-huge-lake-buried-under-antarctic-ice/2012/02/10/gIQAfSWZ3Q_story.html
2012-02-10,19:08:08,pj8ff,33,Malaysia arrests Saudi blogger over tweets: Hamza Kashgari detained in Malaysia after apparently fleeing Saudi Arabia after being accused of insulting Prophet Muhammad on Twitter; clerics and locals in Saudi Arabia have called for Kashgari's death,aljazeera.com,http://www.aljazeera.com/news/asia-pacific/2012/02/20122105349670993.html
2012-02-10,21:00:15,pjaqe,31,Syria's economy begins to break down: A faltering economy is beginning to take its toll on Damascus.,globalpost.com,http://www.globalpost.com/dispatch/news/regions/middle-east/120209/syria-damascus-economy
2012-02-10,11:15:49,pitn3,22,"Supporters of Ukraine’s jailed opposition leader Yulia Tymoshenko disrupted a speech by President Viktor Yanukovich Feb. 7, raucously chanting “Freedom for Yulia!” and setting the scene for a stormy October parliamentary election. ",hurriyetdailynews.com,http://www.hurriyetdailynews.com/tymoshenko-allies-disrupt-parliament.aspx?pageID=238&nID=13290&NewsCatID=353
2012-02-10,21:41:38,pjbvo,23,"Quebec Lessons for Scotland in How to Pop the Question -  For Brits grappling with the idea of Scottish independence, it may be worth looking across the Atlantic",ca.reuters.com,http://ca.reuters.com/article/domesticNews/idCATRE8190LO20120210
2012-02-11,01:41:18,pjll9,17,World’s most environmentally outspoken president forced to resign at gunpoint ,grist.org,http://grist.org/list/worlds-most-environmentally-outspoken-president-forced-to-resign-at-gunpoint/
2012-02-11,02:15:51,pjn8r,17,Icelanders Avoid Inbreeding Through Online Incest Database,newsfeed.time.com,http://newsfeed.time.com/2012/02/09/icelanders-avoid-inbreeding-through-online-incest-database/?hpt=hp_t3
