2012-12-20,22:09:00,15619t,2444,Thieves arrested for stealing 6 million pounds of maple syrup in Canada,business-standard.com,http://www.business-standard.com/generalnews/news/thieves-arrested-for-stealing-6-million-poundsmaple-syrup/97290/
2012-12-20,22:07:50,15617t,655,UN confirms Hezbollah fighting for Assad in Syria,jpost.com,http://www.jpost.com/MiddleEast/Article.aspx?id=296690
2012-12-20,09:29:46,1554ih,546,"50,000 Islamists marched chanting that Egypt will be ""Islamic, Islamic, despite the Christians."" They made sure to go through mainly Christian districts of the city, where residents, fearing attacks, shuttered down their stores and stayed in their homes.",hosted.ap.org,http://hosted.ap.org/dynamic/stories/M/ML_EGYPT_CHRISTIANS?SITE=RIPAW&SECTION=HOME&TEMPLATE=DEFAULT
2012-12-20,21:58:24,1560ti,402,Those with no religious affiliation — including atheists and agnostics — are now the third-largest “religious” group in the world.,washingtonpost.com,http://www.washingtonpost.com/national/on-faith/unbelief-is-now-the-worlds-third-largestreligion/2012/12/19/1db89f74-4a06-11e2-8af9-9b50cb4605a7_story.html?wprss=rss_social-nation-headlines&Post+generic=%3Ftid%3Dsm_twitter_washingtonpost
2012-12-21,00:30:50,1568r6,389,"Jobless to be remotely monitored by Government, Benefit claimants will have their online job applications remotely monitored by the Government to see whether they are making serious attempts to find work.  - Telegraph",telegraph.co.uk,http://www.telegraph.co.uk/news/politics/9757895/Jobless-to-be-remotely-monitored-by-Government.html
2012-12-20,03:16:52,154f8g,262,Afghanistan Village Massacre: Army Will Seek Death Penalty For Soldier Accused Of Killing 16 Villagers,huffingtonpost.com,http://www.huffingtonpost.com/2012/12/19/afghanistan-village-massacre_n_2331491.html
2012-12-20,03:54:50,154i5w,193,Down to -50C: Russians freeze to death as strongest-in-decades winter hits (PHOTOS),rt.com,http://rt.com/news/russia-freeze-cold-temperature-379/
2012-12-20,14:05:16,155kqp,188,"23 yr old girl brutally gang-raped and assaulted in New Delhi, India. Girl is fighting for her life. Entire India is in uproar.",thehindu.com,http://www.thehindu.com/news/national/gangraped-in-moving-bus-girl-fights-for-life-in-delhi-hospital/article4208833.ece
2012-12-20,08:31:37,1550v5,183,"Native Chief on 9th day of hunger strike, in an effort to move Stephen Harper to include Aboriginal people in decisions involving natural resources. Thousands marched across Canada today, after the Prime Minister has passed bills allowing foreign purchase of resources and more",montrealgazette.com,http://www.montrealgazette.com/news/national/Aboriginal+rights+movement+Idle+More+spreads+beyond/7723279/story.html
2012-12-20,23:20:35,1564st,174,"Afghan President Hamid Karzai has called on US and NATO troops to immediately leave the country, saying security transition to local forces should take place as soon as possible.",presstv.ir,http://www.presstv.ir/detail/2012/12/15/278197/foreign-troops-must-leave-afghanistan/
2012-12-20,11:36:21,155c9k,154,Russia votes to ban all adoptions by Americans,nytimes.com,http://www.nytimes.com/2012/12/20/world/europe/russia-votes-to-ban-all-adoptions-by-americans.html?true
2012-12-20,04:28:16,154kif,127,Mother of 3-year-old named Jihad faces French court for putting ‘I am a bomb’ shirt on her son,rawstory.com,http://www.rawstory.com/rs/2012/12/19/mother-of-3-year-old-named-jihad-faces-french-court-for-putting-i-am-a-bomb-shirt-on-her-son/
2012-12-20,17:25:50,155s5b,107,"Police in China have arrested almost 1,000 doomsday cult members for spreading rumours about the imminent end of the world, state media say. 
",bbc.co.uk,http://www.bbc.co.uk/news/world-asia-china-20794276
2012-12-20,03:08:40,154ep5,94,Species of whale thought to be extinct for 2 million years found.,news.yahoo.com,http://news.yahoo.com/found-whale-thought-extinct-2-million-years-012037398.html
2012-12-20,02:29:03,154c1u,84,Astronaut Chris Hadfield blasts off to become first Canadian commander of International Space Station,news.nationalpost.com,http://news.nationalpost.com/2012/12/19/astronaut-chris-hadfield-blasts-off-to-become-first-canadian-commander-of-international-space-station/
2012-12-20,10:31:06,1558bc,81, Julian Assange to make 'balcony speech' from Ecuador embassy,bbc.co.uk,http://www.bbc.co.uk/news/uk-20790604#TWEET462462
2012-12-20,11:34:59,155c6q,66,"Five-year-old Indian girl stolen in sleep, raped",timesofindia.indiatimes.com,http://timesofindia.indiatimes.com/city/hyderabad/Five-year-old-Bidar-girl-stolen-in-sleep-raped/articleshow/17684499.cms
2012-12-20,06:02:01,154qxn,59,"
China arrests 500 followers of religious cult over Mayan apocalypse rumours: Quasi-Christian religious group the Church of the Almighty God accused of spreading rumours that world will end on Friday
",guardian.co.uk,http://www.guardian.co.uk/world/2012/dec/19/china-arrests-religious-cult-apocalypse
2012-12-20,19:45:05,155vye,55,"65% of Air Pollution Deaths Occur in Asia With a 1/4 in India - It ranks 6th most dangerous killer & is in top 10 killers in world. Outdoor air contributes to 1.2m deaths in E Asia & 712,000 in S Asia, much higher than toll of 400,000 in EU 27, E Europe, & Russia.",timesofindia.indiatimes.com,http://timesofindia.indiatimes.com/home/environment/pollution/65-of-the-air-pollution-deaths-occur-in-Asia-and-close-to-quarter-of-this-in-India/articleshow/17651607.cms
2012-12-20,13:04:24,155hhj,49,Why Indian men rape,blogs.timesofindia.indiatimes.com,http://blogs.timesofindia.indiatimes.com/onefortheroad/entry/why-indian-men-rape
2012-12-20,19:35:50,155vof,31,"Nazis in Italy:   165 Murders Per Day - That's the horrifying conclusion reached by commission exploring full extent of Nazi war crimes in Italy in WWII. The identity of many of the murderers has long been known, but to this day little has been done to bring them to justice. ",spiegel.de,http://www.spiegel.de/international/europe/war-crimes-report-explores-world-war-ii-nazi-brutality-in-italy-a-874024.html
2012-12-20,16:31:01,155qb0,32,How Australia banned semi-automatic rifles nationwide in 1996 and how it change the landscape,aljazeera.com,http://www.aljazeera.com/video/asia-pacific/2012/12/201212206132934315.html
2012-12-20,21:49:09,1560fx,32,UN confirms Hezbollah fighting for Assad in Syria,jpost.com,http://www.jpost.com/LandedPages/PrintArticle.aspx?id=296690&rz=p435
2012-12-20,14:55:38,155mzx,24,"Delhi gang-rape victim writes on a piece of paper 'Mother, I want to live' - Hindustan Times",hindustantimes.com,http://www.hindustantimes.com/India-news/NewDelhi/Delhi-gang-rape-victim-writes-on-a-piece-of-paper-Mother-I-want-to-live/Article1-976798.aspx
2012-12-20,16:52:23,155qxb,26,The economic return of Iceland has proved that the joke was on Ireland,independent.ie,http://www.independent.ie/business/irish/dan-white-the-economic-return-of-iceland-has-proved-that-the-joke-was-on-us-3327164.html
2012-12-20,05:56:07,154qid,27,Gang rape of Indian woman sparks mass protests,telegraph.co.uk,http://www.telegraph.co.uk/news/worldnews/asia/india/9755913/Gang-rape-of-Indian-woman-sparks-mass-protests.html
2012-12-20,08:24:01,1550fg,22,Russia prohibits the adoption of Russian children by American citizens in retaliation for a US law  that seeks to punish Russian citizens who are accused of violating human rights.,nytimes.com,http://www.nytimes.com/2012/12/20/world/europe/russia-votes-to-ban-all-adoptions-by-americans.html
2012-12-20,21:36:19,155zyh,19,Putin: Ending Syrian war takes priority over al-Assad's fate ,cnn.com,http://www.cnn.com/2012/12/20/world/meast/syria-civil-war/index.html?hpt=hp_t3
2012-12-20,06:40:01,154tlt,19,Yet another weapon used in another Mexico gunfight linked to Operation Fast and Furious,latimes.com,"http://www.latimes.com/news/politics/la-pn-mexico-gunfight-fast-and-furious-20121219,0,757692.story"
2012-12-20,14:06:38,155ktl,18,All members of the U.N. Security Council and the EU condemn Israeli Settlements. Lone exception:  U.S.A.,voanews.com,http://www.voanews.com/content/un_eu_russia_condemn_israeli_settlements/1568322.html
