2012-03-21,16:23:10,r6i08,2602,"Russian Court declares books on Scientology to be ""extremist literature"" and bans them from sale.",rferl.org,http://www.rferl.org/content/russian_court_upholds_scientology_ban/24522528.html
2012-03-21,02:20:52,r5ejb,1908,"7.9 in Acapulco, Mexico",earthquake.usgs.gov,http://earthquake.usgs.gov/earthquakes/recenteqsww/Maps/region/N_America.php
2012-03-21,15:42:03,r6h4h,826,Bomb explodes in Paris at Indonesian Embassy this morning,reuters.com,http://www.reuters.com/article/idUSBRE82K0A420120321
2012-03-21,22:59:37,r6slk,248,"Why Has India Become the World's Top Arms Buyer? - India has replaced China as the world’s largest arms buyer, accounting for 10 percent of all arms purchases during the past five years, a Swedish research group said.",india.blogs.nytimes.com,http://india.blogs.nytimes.com/2012/03/21/why-has-india-become-the-worlds-top-arms-buyer/
2012-03-21,00:39:45,r59fj,241,Egyptian teen throws herself off a balcony to avoid forced marriage,english.alarabiya.net,http://english.alarabiya.net/articles/2012/03/20/201975.html
2012-03-21,19:06:28,r6l9f,209,"Germany has confirmed plans to sell a discounted nuclear-capable submarine to Israel, after Berlin reportedly dropped objections over Jewish settlement building in the Palestinian territories. ",dw.de,"http://www.dw.de/dw/article/0,,15823001,00.html"
2012-03-21,12:48:31,r6bne,153,Suspect in Toulouse shootings declares allegiance to al-Qaida according to French police,hindustantimes.com,http://www.hindustantimes.com/world-news/Europe/French-police-corner-al-Qaeda-suspect-after-shootings/Article1-828562.aspx#.T2lde_gAsKI.reddit
2012-03-21,01:29:52,r5bxq,136,Israel banning use of underweight models,bbc.co.uk,http://www.bbc.co.uk/news/world-middle-east-17450275
2012-03-22,03:10:20,r75hq,110,African reporter confronted with violent threats after story on female circumcision,pri.org,http://www.pri.org/stories/world/africa/african-reporter-confronted-with-violent-threats-after-story-on-female-circumcision-9042.html
2012-03-21,21:31:01,r6p3x,109,"Mohammed Merah, gunman suspected of murdering three children and rabbi at a French Jewish school, has been arrested",guardian.co.uk,http://www.guardian.co.uk/news/blog/2012/mar/21/france-shooting-toulouse-police-suspects-jewish-school-raid
2012-03-21,18:41:21,r6kqw,87,Greece: 1 in 6 disability claims fake,businessweek.com,http://www.businessweek.com/ap/2012-03/D9TKAUN01.htm
2012-03-21,19:28:33,r6lqf,85,"Are Walmart's Chinese Factories as Bad as Apple's? - 
A fiction-free investigation finds that in many cases, the company's auditors are asleep on the job",motherjones.com,http://motherjones.com/environment/2012/03/walmart-china-sustainability-shadow-factories-greenwash
2012-03-21,15:12:58,r6gf0,78,Centre fully accepts decriminalization of gay sex: AG - The Times of India,timesofindia.indiatimes.com,http://timesofindia.indiatimes.com/india/Centre-fully-accepts-decriminalization-of-gay-sex-AG/articleshow/12351866.cms
2012-03-21,22:31:19,r6re7,68,Gunman who killed French Paratroopers and children at a Jewish school is in a siege with police. Apparently is a 24 year old French Muslim claiming to be a member of Al-Queda.,cbsnews.com,http://www.cbsnews.com/8301-202_162-57401319/french-police-prepare-to-move-on-shooting-suspect/
2012-03-21,08:11:16,r5xem,58,"""Russia warned Tuesday [20 March 2012] that Iran would have no option but to develop nuclear weapons if it came under attack from either the United States or Israel over its contested atomic programme.""",france24.com,http://www.france24.com/en/20120320-iran-will-produce-nuclear-weapons-attacked-russia
2012-03-21,08:39:25,r5yw9,51,Dutch Catholic Church accused of castrating young boys who complained of sexual abuse or suspected of homosexuality.,nytimes.com,http://www.nytimes.com/2012/03/21/world/europe/dutch-church-accused-of-castrating-10-young-men.html
2012-03-21,22:04:51,r6qcy,42,Russia and China agree on a U.N. Security Council statement that threatens Assad,english.alarabiya.net,http://english.alarabiya.net/articles/2012/03/21/202097.html
2012-03-22,05:06:11,r7bjc,33,Apache copter crashes in Afghanistan — Some things just need to be seen to be believed. [video],globalpost.com,http://www.globalpost.com/dispatch/news/regions/asia-pacific/afghanistan/120321/video-the-day-apache-copter-crashes-afghanista
2012-03-22,02:32:17,r73g2,30,"Bolivia Has Transformed Itself by Ignoring the Washington Consensus: By breaking with orthodox prescriptions for progress, Evo Morales has helped to forge a new Bolivia centered on 'living well'",commondreams.org,https://www.commondreams.org/view/2012/03/21-6
2012-03-21,15:34:04,r6gxi,25,Payday Loans in the UK-they learned this trick in the States ,aljazeera.com,http://www.aljazeera.com/video/europe/2012/03/201232021433520210.html
2012-03-21,08:46:53,r5za9,18,"RIP NHS, 1948-2012: Cameron gloats as hated Health Bill passed to allow private firms to cash in on care",mirror.co.uk,http://www.mirror.co.uk/news/uk-news/david-cameron-gloats-as-hated-health-767611
2012-03-21,14:00:05,r6eag,20,"Cameroon Elephant Massacre Shows Poaching, Ivory Trade Require an International Response: 'Less than a month ago Bouba N’Djida National Park was home to 450 elephants. Today, at least half of those elephants are gone, slaughtered by armed horsemen...' ",blogs.scientificamerican.com,http://blogs.scientificamerican.com/extinction-countdown/2012/03/20/cameroon-elephant-massacre-poaching-ivory-trade/
2012-03-21,14:07:03,r6eib,19,"Mexican Government predicted today's 7.4 
magnitude  earthquake one month ago.",translate.google.com.au,http://translate.google.com.au/translate?hl=en&sl=es&tl=en&u=http%3A%2F%2Finformativodelsur.com%2Findex.php%3Foption%3Dcom_content%26view%3Darticle%26id%3D1440%3Amunicipio%26catid%3D38%3Amunicipio%26Itemid%3D54
2012-03-22,00:50:43,r6y1s,15,U.N. Security Council backs Kofi Annan's Syria peace plan,usatoday.com,http://www.usatoday.com/news/world/story/2012-03-21/syria-un-kofi-annan/53684372/1
2012-03-21,18:21:31,r6kbr,12,"Bolivia has transformed itself by ignoring the Washington Consensus - By breaking with orthodox prescriptions for progress, Evo Morales has helped to forge a new Bolivia centred on 'living well'
",guardian.co.uk,http://www.guardian.co.uk/commentisfree/cifamerica/2012/mar/21/bolivia-washington-consensus
2012-03-21,20:20:20,r6mzz,13,German Gov't Uses Anger Over Lack Of ACTA Transparency To Justify Further Lack Of Transparency,techdirt.com,http://www.techdirt.com/articles/20120319/10545718159/german-govt-we-cant-be-transparent-about-who-was-present-acta-negotiations-because-anger-lack-transparency.shtml
2012-03-21,09:52:37,r62q0,11,"Baffling Illness Strikes Africa, Turns Children Into Violent ""Zombies"": More than 200 people have been killed in fires believed to be set by the zombified children.",dailytech.com,http://www.dailytech.com/Baffling+Illness+Strikes+Africa+Turns+Children+Into+Violent+Zombies/article24276.htm
2012-03-22,07:16:42,r7i2v,11,"UN Security Council backs Syria peace plan: Group unanimously adopts statement calling on government to abide by six-point UN-Arab proposal or face ""further steps"".",aljazeera.com,http://www.aljazeera.com/news/middleeast/2012/03/201232114131971935.html
2012-03-21,10:58:58,r6695,8,"Bombs rip through Iraq, 200 injured 46 killed",latimes.com,"http://www.latimes.com/news/nationworld/world/la-fg-iraq-attacks-20120321,0,1139507.story"
2012-03-21,08:20:08,r5xw6,10,Israel passes law banning use of underweight models,fashion.telegraph.co.uk,http://fashion.telegraph.co.uk/news-features/TMG9154920/New-Israeli-law-bans-underweight-models-in-adverts.html
