2012-08-03,18:57:35,xm436,2022,Woman turned to police to investigate claims of official involvement in trafficking in human beings and subsequently sent to jail for trying to expose corruption involving public officials,voanews.com,http://www.voanews.com/policy/editorials/Rights-Concerns-In-Uzbekistan-164818046.html
2012-08-03,10:40:15,xlik6,1955,French President Francois Hollande has made good on a campaign pledge to make the wealthiest in France pay up to 75 percent income tax. ,washingtonpost.com,http://www.washingtonpost.com/world/europe/in-france-socialist-hollande-sets-out-to-soak-the-rich/2012/08/01/gJQAmhIARX_story.html
2012-08-03,01:10:27,xkhfz,1764,"All 330 US drone attacks in Pakistan mapped with details of the 3,247 casualties",guardian.co.uk,http://www.guardian.co.uk/news/datablog/interactive/2012/aug/02/drone-attacks-pakistan-map
2012-08-03,22:52:39,xmav5,1158,"Sweden says ambassador to Belarus expelled for being ""too supportive of human rights"".",abcnews.go.com,http://abcnews.go.com/International/wireStory/belarus-expels-swedens-ambassador-16921024#.UBvXPb95mc1
2012-08-03,00:14:00,xkdu1,1074,"North Korea's Key to Olympic Medals: Refrigerators For Winners, Labor Camps for Losers",abcnews.go.com,http://abcnews.go.com/International/north-koreas-key-olympic-medals-rewards-winners-punishment/story?id=16907983#.UBqGKnB9kaA
2012-08-03,21:24:58,xm7f1,972,Israel helps India clean up the Ganges river | Environment,dw.de,"http://www.dw.de/dw/article/0,,16135898,00.html"
2012-08-03,21:00:47,xm6l2,729,"More than 1,000 march in Jerusalem's 10th Gay Pride Parade",haaretz.com,http://www.haaretz.com/news/national/more-than-1-000-march-in-jerusalem-s-10th-gay-pride-parade.premium-1.455580
2012-08-03,21:08:40,xm6ur,462,British ships banned from docking in Buenos Aires: Ships flying the British ensign have been banned from docking in Argentina's largest province under a new law passed yesterday. ,telegraph.co.uk,http://www.telegraph.co.uk/news/worldnews/southamerica/falklandislands/9448360/British-ships-banned-from-docking-in-Buenos-Aires.html
2012-08-03,01:46:28,xkjqt,452,"For the first time since 1998 more money leaves China than enters it, as it incurs its first Balance of Payments deficit",economist.com,http://www.economist.com/node/21559949
2012-08-03,22:44:09,xmahi,339,Mortar shells kill 20 Palestinians,money.msn.com,http://money.msn.com/business-news/article.aspx?date=20120802&feed=OBR&id=15408877#scpshrtu
2012-08-03,15:28:44,xlxm7,251,Satellite imagery show rate of deforestation of the Amazon is at record low,blogs.nature.com,http://blogs.nature.com/news/2012/08/deforestation-drops-in-the-brazilian-amazon-again.html?utm_source=twitterfeed&utm_medium=twitter&utm_campaign=Feed%3A+news%2Frss%2Fnewsblog+%28News+Blog+-+Blog+Posts%29
2012-08-03,21:07:09,xm6su,213,Japan Upper House passes ACTA almost unanimously [link to House of Councillors vote tally],sangiin.go.jp,http://www.sangiin.go.jp/japanese/joho1/kousei/vote/180/180-0803-v004.htm
2012-08-03,00:16:21,xkdz7,189,Kofi Annan quits as Syria peace envoy,aljazeera.com,http://www.aljazeera.com/news/middleeast/2012/08/201282145716901659.html
2012-08-03,07:35:03,xl789,180,"China Steps Up Curbs on Muslims: Authorities in Xinjiang ban public religious activities during the holy month of Ramadan.
",rfa.org,http://www.rfa.org/english/news/uyghur/ramadan-07232012132958.html
2012-08-03,22:59:12,xmb6t,174,Three Strikes Anti-Piracy Budget “Too Expensive To Justify” Says French Culture Minister: '...Internet disconnections are a disproportionate way to deal with infringement.',torrentfreak.com,https://torrentfreak.com/three-strikes-anti-piracy-budget-too-expensive-to-justify-says-minister-120603/
2012-08-03,01:12:47,xkhkv,163,Chinese teen kills nine in knife attack: reports,news.yahoo.com,http://news.yahoo.com/chinese-teen-kills-eight-knife-attack-reports-102629246.html
2012-08-03,15:35:57,xlxxa,149,"Kim tells China that his priority is to develop the decaying economy and improve living standards in North Korea
",reuters.com,http://www.reuters.com/article/2012/08/03/us-china-korea-idUSBRE87202T20120803
2012-08-03,23:30:21,xmcp5,125,"Femen stage topless anti-Islamist Olympic protest in London: Members of Ukrainian female protest group Femen demonstrate in London to draw attention to what they call ""bloody Islamist regimes"" taking part in the Olympics.",telegraph.co.uk,http://www.telegraph.co.uk/sport/olympics/olympicsvideo/9447608/Femen-stage-topless-anti-Islamist-Olympic-protest-in-London.html
2012-08-03,18:29:10,xm3cq,111,Moscow sending 3 large navy ships with marines aboard to a Russian naval facility in the Syrian port of Tartus,in.reuters.com,http://in.reuters.com/article/2012/08/03/syria-russia-navy-idINDEE87206620120803
2012-08-03,21:55:22,xm8ex,52,"Lebanese marijuana growers fight security forces, two hurt",reuters.com,http://www.reuters.com/article/2012/08/03/us-lebanon-clashes-drugs-idUSBRE8720NT20120803?feedType=RSS&feedName=worldNews&utm_source=feedburner&utm_medium=feed&utm_campaign=Feed%3A+Reuters%2FworldNews+%28Reuters+World+News%29&utm_content=Google+Reader
2012-08-03,23:07:37,xmbko,50,"Putin requests leniency for Pussy Riot punks -  Three female members of the Russian punk band Pussy Riot, who are facing trial and jail terms of up to seven years for performing a protest inside Moscow's main cathedral, should not be judged ""so harshly"", President Vladimir Putin said Thursday. ",france24.com,http://www.france24.com/en/20120803-russia-putin-requests-leniency-trial-pussy-riot-punk-band-censorship-alyokhina-tolokonnikova-samutsevich
2012-08-03,14:54:34,xlw72,52,"HSBC To Pay More Than $2 Billion In Penalties: CEO said revelations of lax anti-money laundering controls had been ""shameful and embarrassing"" for Europe's biggest bank",huffingtonpost.com,http://www.huffingtonpost.com/2012/07/30/hsbc-penalties_n_1718540.html
2012-08-03,05:02:56,xkx4q,54,Ebola outbreak suspected in Ugandan prison.,cnn.com,http://www.cnn.com/2012/08/02/health/uganda-ebola-virus/index.html
2012-08-03,10:51:29,xlj7y,47,Brazil court orders Chevron to stop drilling:  Chevron and Transocean given 30 days to suspend drilling pending probes into two oil spills off coast of Rio de Janeiro.,aljazeera.com,http://www.aljazeera.com/news/americas/2012/08/201281204140825120.html
2012-08-03,21:59:59,xm8lw,39,Pacific island nation of Tokelau to become first entirely solar-powered country on Earth in October; they have been using diesel generators,stuff.co.nz,http://www.stuff.co.nz/world/south-pacific/7408149/Tokelau-to-shed-diesel-dependence
2012-08-03,22:31:38,xm9wn,31,21 Palestinians dead after attack on refugee camp,washingtonpost.com,http://www.washingtonpost.com/world/middle_east/syrian-activists-mortars-strike-palestinian-refugee-camp-in-damascus-killing-15/2012/08/03/59032c66-dd37-11e1-8ad1-909913931f71_story.html
2012-08-03,02:08:40,xklah,29,Spiral of banks warns of financial meltdown ,newscientist.com,http://www.newscientist.com/article/dn22132-spiral-of-banks-warns-of-financial-meltdown.html
2012-08-03,01:31:12,xkiq1,20,Antarctica was lush 50 million years ago,nature.com,http://www.nature.com/nature/journal/v488/n7409/full/nature11300.html
2012-08-03,21:43:33,xm82a,18,British PM David Cameron tells the Today Show that he wants to stay out of the US presidential race.,nationaljournal.com,http://www.nationaljournal.com/2012-presidential-campaign/cameron-wants-to-stay-out-of-u-s-race-20120803
2012-08-03,21:24:11,xm7dt,18,"In Mexico, Reclaiming the Forests and the Right to Feel Safe from illegal loggers who are backed by powerful drug cartels - NYTimes.com",nytimes.com,http://www.nytimes.com/2012/08/03/world/americas/in-mexico-reclaiming-the-forests-and-the-right-to-feel-safe.html?hp
