2012-12-19,22:48:10,153z2p,2762,S Korea has it's first woman president.,english.kbs.co.kr,http://english.kbs.co.kr/News/News/News_view.html?id=Po&No=95457
2012-12-19,17:24:14,153odw,2519,"'Habitable' planet discovered circling Tau Ceti star – World is one of five thought to be circling star just 12 light years away, say scientists",guardian.co.uk,http://www.guardian.co.uk/science/2012/dec/19/habitable-planet-discovered-tau-ceti
2012-12-19,00:40:40,1522tl,1618,"In France, Free Birth Control For Girls At Age 15",npr.org,http://www.npr.org/2012/12/18/167253336/in-france-free-birth-control-for-girls-at-age-15
2012-12-19,23:37:36,1541nq,1030,British woman 'raped by three men' in Dubai is FINED for drinking,mirror.co.uk,http://www.mirror.co.uk/news/world-news/british-woman-raped-by-three-men-1477379
2012-12-19,12:56:49,153daz,943,Five female polio vaccinators shot dead in Pakistan.,thenews.com.pk,http://www.thenews.com.pk/Todays-News-13-19559-Five-female-polio-vaccinators-shot-dead-in-Karachi-Peshawar
2012-12-19,17:39:15,153osv,847,United Nations and Amnesty International give Canada failing grades on human rights.,thestar.com,http://www.thestar.com/news/world/article/1304353--canada-gets-human-rights-failing-grade-from-amnesty-international
2012-12-19,23:26:03,154129,306,Outrage Grows in India Over Gang-Rape on Bus - The hours-long gang-rape & near-fatal beating of a 23-yr-old student on a bus in New Delhi trigger outrage & anger across the country as Indians demand action from authorities who've  long ignored persistent violence & harassment against women.,news.yahoo.com,http://news.yahoo.com/outrage-grows-india-over-gang-rape-bus-142705241.html
2012-12-19,12:28:35,153boi,275,"King Ramesses III's Throat Slit - Scans reveal deep cut in Egyptian pharaoh’s neck.  Records say he was killed by his harem as part of a palace coup involving his son, Prince Pentawere. An unusual, unidentified mummy from a royal tomb near the Valley of the Kings may be the  convicted son.  ",nytimes.com,http://www.nytimes.com/2012/12/25/science/ramses-iii-had-his-throat-slashed-new-study-suggests.html?_r=0
2012-12-19,07:14:22,152s2c,255,Dead Sea Scrolls online library launched by Google and Israel,msnbc.msn.com,http://www.msnbc.msn.com/id/50239063/ns/technology_and_science-science/#.UND4uW-5MwQ
2012-12-19,20:23:28,153tc0,240,"The Truth About North Korean Space Launch - It put an object into orbit. Headlines shouted how it was likely a missile test & a failure of Western intelligence. Most of those headlines were completely wrong, though there are many questions yet to be answered about the launch &  what it means.",wired.co.uk,http://www.wired.co.uk/news/archive/2012-12/19/north-korean-satellite
2012-12-19,01:26:47,1525iy,195,"3 arrested in massive Canadian maple syrup heist, which hurt world supply - The Washington Post",washingtonpost.com,http://www.washingtonpost.com/world/the_americas/3-arrested-in-massive-canadian-maple-syrup-heist-which-hurt-world-supply/2012/12/18/da2639fc-4932-11e2-8af9-9b50cb4605a7_story.html?wprss=rss_social-world-headlines
2012-12-19,02:03:17,152807,179,S&P raises Greece's credit rating,bbc.co.uk,http://www.bbc.co.uk/news/business-20773955
2012-12-19,22:35:26,153ygn,145,"Slavery's Global Comeback - Buying & selling people into forced labor is bigger than ever. What ""human trafficking"" really means.",theatlantic.com,http://www.theatlantic.com/international/archive/2012/12/slaverys-global-comeback/266354/
2012-12-19,07:58:35,152uz9,140,Breakthrough: Cops make arrests in maple syrup heist,montreal.ctvnews.ca,http://montreal.ctvnews.ca/cops-make-arrests-in-maple-syrup-heist-1.1083793
2012-12-19,23:42:00,1541wm,135,More Heath Workers shot in Pakistan bringing the total to 8 in 48 hours.,news.msn.com,http://news.msn.com/world/3-more-polio-workers-shot-in-pakistan-8-dead-in-48-hourshttp://news.msn.com/world/3-more-polio-workers-shot-in-pakistan-8-dead-in-48-hours
2012-12-19,21:36:40,153vw3,121,"Chinese leaders still suspicious of religion, party document shows - A May 2011 party document talks of a plot by “overseas hostile forces” to use religion to divide the country.",washingtonpost.com,http://www.washingtonpost.com/world/asia_pacific/chinese-leaders-still-suspicious-of-religion-party-document-shows/2012/12/18/706637f6-4856-11e2-ad54-580638ede391_story.html
2012-12-19,21:59:30,153ws5,102,"Three more polio workers shot in Pakistan; eight dead in 48 hours
| Reuters",reuters.com,http://www.reuters.com/article/2012/12/19/pakistan-polio-idUSL4N09T2Q920121219
2012-12-19,13:20:42,153en7,100,Japan whalers given Sea Shepherd injunction by US court,bbc.co.uk,http://www.bbc.co.uk/news/world-asia-20778616
2012-12-19,22:43:37,153yul,83,Anger as French psychiatrist is found guilty after patient hacks man to death,guardian.co.uk,http://www.guardian.co.uk/world/2012/dec/19/french-psychiatrists-unions-doctors-sentence
2012-12-19,21:35:14,153vto,76,Russian lawmakers eye adoption ban to U.S. ,cnn.com,http://www.cnn.com/2012/12/19/world/russia-adoption-u-s-ban/index.html?hpt=hp_t3
2012-12-19,06:34:45,152phw,68,East London men charged over child prostitution - BBC News,bbc.co.uk,http://www.bbc.co.uk/news/uk-england-london-20723462
2012-12-19,07:34:39,152tew,56,French psychiatrist sentenced after patient commits murder,ca.news.yahoo.com,http://ca.news.yahoo.com/french-psychiatrist-sentenced-patient-commits-murder-192855747.html
2012-12-19,20:05:16,153sth,46,"New Lethal Bird Flu Strain  in Indonesian  – Virus that's killed over 300,000 ducks in the past few weeks is virulent type new to country.  It's unknown  it mutated or if it originated overseas. There's a possible risk factor with direct contact.  A 4-yr-old boy died  from bird flu  Dec 6.",ens-newswire.com,http://ens-newswire.com/2012/12/18/new-lethal-bird-flu-strain-emerges-in-indonesian-ducks/
2012-12-19,12:09:30,153ak4,47,"90 More Pieces of Gold & Silver From Staffordshire Hoard Found - In 2009, a metal detector enthusiast found over 3,000 gold & silver Anglo-Saxon objects from 7th-8th centuries in a farmer's field. New artifacts include a helmet piece, cross & eagle-shaped mounts. ",bbc.co.uk,http://www.bbc.co.uk/news/uk-england-stoke-staffordshire-20764132
2012-12-19,00:57:33,1523ra,35,Anti-polio workers shot dead in Pakistan,guardian.co.uk,http://www.guardian.co.uk/world/2012/dec/18/anti-polio-workers-shot-pakistan
2012-12-19,18:42:37,153qi7,32,"Backed by John Kerry, US aid to Pakistan flows again - The Times of India [XPost from /r/india]",timesofindia.indiatimes.com,http://timesofindia.indiatimes.com/world/us/Backed-by-John-Kerry-US-aid-to-Pakistan-flows-again/articleshow/17672750.cms
2012-12-19,10:47:21,1535dn,30,US State Department expects EU will soon list Hezbollah as terrorist group.,jpost.com,http://www.jpost.com/International/Article.aspx?id=296523
2012-12-19,14:30:42,153i5x,27,UBS fined $1.5bn for Libor rigging,bbc.co.uk,http://www.bbc.co.uk/news/business-20767984#TWEET459682
2012-12-19,23:37:49,1541ob,29,"Mexico's war on cartels made drug crisis worse, says new government - Strategy of killing gang leaders has merely led to proliferation of smaller and more dangerous groups, says new attorney general",guardian.co.uk,http://www.guardian.co.uk/world/2012/dec/19/mexico-government-condemns-calderon-war-drugs
2012-12-19,05:48:27,152mk7,21,Air pollution and obesity are now the worlds leading causes of death,guardian.co.uk,http://www.guardian.co.uk/environment/2012/dec/17/pollution-car-emissions-deaths-china-india
