2012-10-29,20:20:16,129s68,3630,Sweden Wants Your Trash,npr.org,http://www.npr.org/blogs/thetwo-way/2012/10/28/163823839/sweden-wants-your-trash
2012-10-29,00:27:27,12820d,2243,"UN set to ban female genital cutting -- An estimated 140 million girls and women have undergone FGM, which can cause serious physical and emotional damage. Campaigners liken the psychological effects of FGM to those of rape.",trust.org,http://www.trust.org/trustlaw/news/un-set-to-ban-female-genital-cutting/
2012-10-29,03:26:16,128cls,1253,"Anonymous Is Going After Zynga For Mistreating Employees, It Has Leaked Confidential Documents And Games",techcrunch.com,http://techcrunch.com/2012/10/28/anonymous-is-going-after-zynga-for-mistreating-employees-and-is-prepared-to-leak-documents/?icid=trending1&grcc2=fbf3118432fb5506b0c5d984dbab35f9~1351452220441~fca4fa8af1286d8a77f26033fdeed202~e3eb2e70a1acf8e1786cf63a23be5afe~1351452220440~98~0~0~0~1~0~0~0~9~6~6~14~-1~-4233738169426701040~~
2012-10-29,03:40:36,128dhb,1215,"Journalist who published list of 2,000 prominent Greeks with HSBC accounts in Switzerland is arrested: ""Instead of arresting the tax evaders and the ministers who had the list in their hands, they're trying to arrest the truth and freedom of the press,"" Mr Vaxevanis said",bbc.co.uk,http://www.bbc.co.uk/news/world-europe-20116548
2012-10-29,11:55:47,129a7r,668,"Saudi King Abdullah bin Abdulaziz: ""'I demand a UN resolution that condemns any country or group that insults religions and prophets . . . It is our duty and that of every Muslim to protect Islam and defend the prophets.'""",france24.com,http://www.france24.com/en/20121027-saudi-king-urges-un-action-against-religious-insults
2012-10-29,20:47:58,129t6m,620,Russian ship carrying 700 tons of gold ore gone missing. ,huffingtonpost.com,http://www.huffingtonpost.com/2012/10/29/russian-ship-gold-ore-missing_n_2037908.html?utm_hp_ref=world
2012-10-29,19:48:19,129r3l,583,"One and a half billion people, many living in remote areas, have no access to electricity: Microgrids are a practical and relatively inexpensive way to supply them with reliable power",technologyreview.com,http://www.technologyreview.com/featuredstory/429529/a-billion-people-in-the-dark/
2012-10-29,19:56:22,129rd0,518,"Showdown Set on Bid to Give UN Control of Internet: Russia, China and other countries back a move to place the Internet under the authority of the International Telecommunications Union, a UN agency that sets technical standards for global phone calls",securityweek.com,http://www.securityweek.com/showdown-set-bid-give-un-control-internet
2012-10-29,20:04:38,129rn9,460,"China's destruction of minorities ""I witnessed a Chinese mother allowing her child to urinate on the grounds of a historical Uyghur tomb complex, right outside a mosque.""",thediplomat.com,http://thediplomat.com/china-power/the-xinjiang-perspective-part-2/
2012-10-29,20:23:43,129sau,421,"A major Greek newspaper reprinted the names of more than 2,000 wealthy Greeks with Swiss bank accounts on Monday and the editor who first published the list was to go on trial for violating data privacy laws",reuters.com,http://www.reuters.com/article/2012/10/29/us-greece-corruption-list-idUSBRE89S0EP20121029
2012-10-29,18:25:27,129orw,354,Rise of the Superbugs (ABC Report on Antibiotic overuse),abc.net.au,http://www.abc.net.au/4corners/stories/2012/10/25/3618608.htm
2012-10-29,19:32:54,129qmd,154,Tension escalates in Republic Day celebrations in Ankara. People beaten by police forces.,hurriyetdailynews.com,http://www.hurriyetdailynews.com/tension-escalates-in-republic-day-celebrations-in-ankara.aspx?pageID=238&nID=33466&NewsCatID=338
2012-10-29,02:08:38,1287tu,152,"Case of blonde girl beggar rescued from streets strikes nerve in Mexico; activists see racism. The flurry of internet attention to the photo, and the quick way officials reacted, has renewed a debate about racism in Mexico",washingtonpost.com,http://www.washingtonpost.com/world/the_americas/case-of-blond-girl-beggar-rescued-from-streets-strikes-nerve-in-mexico-activists-decry-racism/2012/10/27/82d6ea2e-205c-11e2-8817-41b9a7aaabc7_story.html
2012-10-29,18:34:27,129ozl,144,"'Many streets across the UK are besieged by anarchy and violence. Negative, discriminatory and aggressive police behavior, if not perpetuating gang culture, actively hinders attempts to tackle it' - CSJ study",rt.com,http://rt.com/news/war-gang-crime-cameron-457
2012-10-29,20:32:13,129slk,121,"Mexican city battered by drug gangs feels lure of truce:  In a five-year struggle with Mexico's most notorious drug cartel, the city of Torreon has suffered a 16-fold increase in murders, fired its police department and lost control of its main prison to the gang.",reuters.com,http://www.reuters.com/article/2012/10/29/us-mexico-drugs-idUSBRE89S0FQ20121029
2012-10-29,05:51:39,128m8g,106,The slow and steady overtake of the Islamist came to this in Turkey: citizens are not allowed to rally on the Republic day (similar to 4th of July). As A Turk I'm extremely interested in what might happen tomorrow.,hurriyetdailynews.com,http://www.hurriyetdailynews.com/a-most-weird-turkish-debate.aspx?pageID=238&nID=33185&NewsCatID=409
2012-10-29,00:22:06,1281q8,90,"Burma's leader admits deadly attacks on Muslims: ""It's not just anti-Rohingya violence anymore, it's anti-Muslim""",guardian.co.uk,http://www.guardian.co.uk/world/2012/oct/27/burma-wave-anti-muslim-violence#
2012-10-29,20:44:35,129t2q,85,HMS Bounty reported sunk off the North Carolina coast,cbc.ca,http://www.cbc.ca/news/canada/nova-scotia/story/2012/10/29/ns-hms-bounty-hurricane-sandy.html
2012-10-29,22:31:28,129y1n,55,The Great Chinese Stampede: Hot Money Leaving the Country,forbes.com,http://www.forbes.com/sites/gordonchang/2012/10/28/the-great-chinese-stampede-hot-money-leaving-the-country/
2012-10-29,01:37:31,1285zq,50,"A declining Japan loses its once-hopeful champions:  An economist laments the decline of tiny island nation, which only two decades ago was touted as a global model for prosperity.",washingtonpost.com,http://www.washingtonpost.com/world/asia_pacific/a-declining-japan-loses-its-once-hopeful-champions/2012/10/27/f2d90b2e-1cea-11e2-9cd5-b55c38388962_story.html
2012-10-29,21:25:48,129uqg,53,"Germany Doubts Whether Croatia Is Ready for EU: After a recent progress report exposed problem areas, several leading German conservatives have placed the timeline in doubt. The EU, they argue, does not need another Romania.",spiegel.de,http://www.spiegel.de/international/europe/leading-german-politicians-are-skeptical-about-croatian-eu-accession-a-862675.html
2012-10-29,22:13:51,129x3y,42,"UBS shares jump at prospect of 10,000 job cuts",reuters.com,http://www.reuters.com/article/2012/10/29/us-ubs-restructure-idUSBRE89S0DM20121029
2012-10-29,01:38:56,12862j,36,"7 killed, 100 wounded in Nigeria church bombing",usatoday.com,http://www.usatoday.com/story/news/world/2012/10/28/nigeria-church-bombing/1663833/
2012-10-29,19:01:04,129pq4,34,French start-up extracts trace amounts of gold from waste water. ,smh.com.au,http://www.smh.com.au/technology/sci-tech/startup-turns-water-into-gold-20121029-28e3h.html
2012-10-29,09:59:28,1292n3,31,"Muslim survivors of Myanmar's sectarian violence relive ordeals: The United Nations said 22,587 people had now been displaced after unrest between Muslim Rohingyas and Buddhist Rakhines claimed at least 84 lives",reuters.com,http://www.reuters.com/article/2012/10/28/myanmar-violence-idUSL3E8LS0CD20121028
2012-10-29,03:24:02,128cgl,28,The European Left and Its Trouble With Jews,nytimes.com,http://www.nytimes.com/2012/10/28/opinion/sunday/europes-trouble-with-jews.html
2012-10-29,04:29:32,128gp8,27,The Artificial Imposition of Poverty,huffingtonpost.com,http://www.huffingtonpost.com/james-peron/the-artificial-imposition_b_1096268.html?ref=tw
2012-10-29,02:16:21,1288bl,28,"At 22, She is France's Youngest Ever MP and the New Face of the French Right.  Meet Marion Maréchal-Le Pen",guardian.co.uk,http://www.guardian.co.uk/world/2012/oct/28/marion-marechal-le-pen-france-interview
2012-10-29,03:12:09,128bpx,26," Access to the New York Times ' English and Chinese websites were blocked in China shortly after the newspaper published a report on the vast family fortune of the country's premier, Wen Jiabao.",latimes.com,"http://www.latimes.com/business/la-fi-mo-china-websites-blocked-20121026,0,6180001.story"
2012-10-29,10:44:10,1295n7,23,"Amazing images as water pipe erupts in Melbourne, Australia",theage.com.au,http://www.theage.com.au/victoria/absolutely-incredible-homes-threatened-as-water-pipe-erupts-over-suburb-20121029-28eps.html
