2012-09-02,22:25:25,z88ye,2105,South Africa to drop murder charges against miners,bbc.co.uk,http://www.bbc.co.uk/news/world-africa-19457502
2012-09-02,19:38:37,z84yy,1387,"Cleric planted evidence of Koran desecration by 13yo girl; seeked to ""get rid of christians"". ",guardian.co.uk,http://www.guardian.co.uk/world/2012/sep/02/pakistan-mullah-blasphemy-girl-framed
2012-09-02,09:57:06,z7k1p,1356,Melting glacier reveals World War I ammunition,photoblog.nbcnews.com,http://photoblog.nbcnews.com/_news/2012/09/01/13612930-melting-glacier-reveals-world-war-i-ammunition
2012-09-02,20:49:44,z86ft,932,A Pakistani cleric who accused a 14 year old Christian girl of blasphemy has himself been arrested for tampering with evidence. ,abc.net.au,http://www.abc.net.au/news/2012-09-02/cleric-held-over-pakistan-blasphemy-case/4238804
2012-09-02,01:12:55,z6sdy,595,"Iran and North Korea sign agreement to cooperate in science and technology, declaring that the two countries have ""common enemies.""",reuters.com,http://www.reuters.com/article/2012/09/01/korea-north-iran-idUSL6E8K114I20120901
2012-09-02,23:10:47,z8aew,494,Germany: Rabbi brutally beat in front of his six-year-old daughter sparks outrage,ca.news.yahoo.com,http://ca.news.yahoo.com/rabbi-beating-sparks-fury-germany-205450006.html
2012-09-02,23:19:02,z8apq,474,"“Half of the 6,000 plus spoken languages today will disappear by the end of the century.” ",thediplomat.com,http://thediplomat.com/sport-culture/2012/09/02/saving-endangered-pacific-languages/
2012-09-02,05:01:36,z74jy,447,"Canadian military store owner defends selling Nazi memorabilia, saying it's part of history",vancouversun.com,http://www.vancouversun.com/news/Westminster+store+owner+defends+selling+Nazi+trappings/7174749/story.html
2012-09-02,02:04:46,z6v1h,257,"If cannabis impairs the IQ of those who smoke as teenagers, then legalising it is the best way to mitigate that harm",guardian.co.uk,http://www.guardian.co.uk/commentisfree/2012/sep/01/cannabis-black-market-iq-howard-marks
2012-09-02,20:15:01,z85o2,203,"Egypt Shuts Down Last Jewish Synagogue. For the first time in 2,000 years, this year there will be no Rosh Hashana and Yom Kippur services at the Eliyahu Hanavi Synagogue in Alexandria.
",frontpagemag.com,http://frontpagemag.com/2012/dgreenfield/egypt-shuts-down-last-jewish-synagogue/
2012-09-02,09:12:08,z7hr9,166,"World’s oldest bank faces uncertain future. In Italy, the oldest bank in the world has survived the Borgias, pestilence and too many wars to count. Now, a mundane foe has proved far more dangerous: Italian government debt.",washingtonpost.com,http://www.washingtonpost.com/world/europe/worlds-oldest-bank-meets-a-formidable-foe/2012/09/01/c42e85b6-f1dd-11e1-adc6-87dfa8eff430_story.html?tid=sm_btn_reddit
2012-09-02,22:26:42,z88zm,159,"Canada Hunts Maple Syrup Thieves - They've stolen millions of dollars worth of highly prized maple syrup from a storage facility. The 'Federation of Quebec Maple Syrup Producers' noticed empty barrels after inventory.  It's unclear how much was stolen.
",bbc.co.uk,http://www.bbc.co.uk/news/world-us-canada-19440465?2
2012-09-02,09:24:19,z7icf,123,The Syrian resistance now has anti-aircraft missiles after raiding Government air defense base. ,guardian.co.uk,http://www.guardian.co.uk/world/2012/sep/01/syrian-rebels-air-defence-base
2012-09-02,15:11:46,z7yff,115,Imam held in Pakistan blasphemy case: Pakistani police have arrested an imam accused of planting burnt pages of the Koran in the bag of a Christian girl accused of blasphemy,dawn.com,http://dawn.com/2012/09/02/imam-held-in-blasphemy-case-after-new-testimony/
2012-09-02,20:31:11,z8603,110,Mexican cartels now trafficking … cigarettes?,hotair.com,http://hotair.com/archives/2012/09/01/mexican-cartels-now-trafficking-cigarettes/
2012-09-02,00:00:26,z6oy5,101, Cardinal Carlo Martini says Church '200 years behind' the times.,bbc.co.uk,http://www.bbc.co.uk/news/world-europe-19451439
2012-09-02,06:28:39,z79ah,93,"Putin calls for Stalin-style ""[military] leap forward""",in.reuters.com,http://in.reuters.com/article/2012/08/31/russia-putin-stalin-idINDEE87U0HO20120831
2012-09-02,22:05:10,z88d2,89,"Migron settlers begin leaving homes: Israeli army-Jewish settlers began leaving the unauthorized outpost of Migron in the occupied West Bank on Sunday, obeying an Israeli supreme court order to vacate their homes by Tuesday.",reuters.com,http://www.reuters.com/article/2012/09/02/us-palestinians-israel-settlers-idUSBRE88100T20120902
2012-09-02,06:20:51,z78uj,84,"Iran could be shaping its nuclear ambitions after Japan, which has the full scope of nuclear technology but has stopped short of actually producing a weapon. It creates, in effect, a de facto nuclear power with all the parts but just not pieced together.",hosted.ap.org,http://hosted.ap.org/dynamic/stories/M/ML_IRANS_NUCLEAR_NARRATIVE_ANALYSIS?SITE=RIPAW&SECTION=HOME&TEMPLATE=DEFAULT
2012-09-02,23:12:16,z8agz,75,"Two Afghan children beheaded in separate incidents:  ""We are not sure if she was beheaded by her family or the Taliban""",reuters.com,http://www.reuters.com/article/2012/08/31/us-afghanistan-beheading-child-idUSBRE87U0J420120831
2012-09-02,14:47:34,z7xjo,66,"Turkish Tanker Spilling Oil on South African Beaches - Run aground 3 yrs ago off Cape Town, a prime tourist city, it's spilling oil onto 2 beaches after disintegrating into 3 pieces Friday. “Black oil fingers” are trickling toward Dolphin Beach. ",rawstory.com,http://www.rawstory.com/rs/2012/09/01/turkish-bulk-carrier-spilling-oil-on-south-african-beaches/
2012-09-02,06:15:32,z78jw,61,Bail hopes dashed of Christian girl in Pakistan blasphemy case,guardian.co.uk,http://www.guardian.co.uk/world/2012/sep/01/bail-christian-girl-pakistan-blasphemy
2012-09-02,21:54:13,z882p,57,Pakistan police arrest Muslim cleric accused of planting evidence in Christian blasphemy case: The cleric allegedly planted pages of a Quran in a shopping bag containing burned papers and ash that had been carried by a Christian girl,washingtonpost.com,http://www.washingtonpost.com/world/asia_pacific/pakistan-police-arrest-imam-who-accused-christian-girl-of-blasphemy/2012/09/02/657be02e-f4ba-11e1-b74c-84ed55e0300b_story.html?tid=pm_world_pop
2012-09-02,13:10:03,z7thd,58,Defenders and critics in France agree that the actual impact of a law banning full-face veils in public places has been far less dramatic than the politicized prologue to it,nytimes.com,http://www.nytimes.com/2012/09/02/world/europe/tolerance-eases-impact-of-french-ban-on-full-face-veils.html
2012-09-02,14:33:16,z7wyy,56,Imam held in Pakistan blasphemy case,bbc.co.uk,http://www.bbc.co.uk/news/world-asia-19454739
2012-09-02,00:16:07,z6pnd,47,Syrian regime deploys deadly new homemade weapons on rebels  ,telegraph.co.uk,http://www.telegraph.co.uk/news/worldnews/middleeast/syria/9512719/Syrian-regime-deploys-deadly-new-weapons-on-rebels.html
2012-09-02,05:31:10,z762t,41,"Azeri murderer is set free and becomes ""National Hero""",bbc.co.uk,http://www.bbc.co.uk/news/world-europe-19450438
2012-09-02,20:28:02,z85xj,35,"
Tutu urges trial for Blair and Bush over Iraq",aljazeera.com,http://www.aljazeera.com/news/europe/2012/09/2012929208921981.html
2012-09-02,05:33:25,z767h,37,Pistorius smashes world Paralympic record,sport24.co.za,http://www.sport24.co.za/OtherSport/Paralympics2012/Pistorius-smashes-world-record-20120901
2012-09-02,21:04:04,z86ro,30,"As crops wither and the price of staples soars, potential investors hungrily watch with excitement. ",guardian.co.uk,http://www.guardian.co.uk/money/2012/aug/31/ethical-bet-food-prices
